time,A_m,sqrt_A_m
0.1,0.0092542146,0.0961988285
0.2,0.00542638168,0.0736639782
0.3,0.0035830006,0.0598581707
0.4,0.00257617576,0.0507560416
0.5,0.00196924907,0.0443762219
0.6,0.00157573822,0.0396955693
0.7,0.00130691503,0.0361512798
0.8,0.00111632453,0.0334114431
0.9,0.000977623277,0.0312669678
1.0,0.000874888637,0.0295785165
1.1,0.000798004229,0.0282489686
1.2,0.00074028758,0.0272082263
1.3,0.00069718757,0.0264043097
1.4,0.000665528936,0.0257978475
1.5,0.000643053916,0.0253585078
1.6,0.000628133683,0.0250625953
1.7,0.00061958105,0.0248913851
1.8,0.000616525739,0.0248299363
1.9,0.000618329469,0.0248662315
2.0,0.000624527133,0.0249905409
2.1,0.000634785242,0.0251949448
2.2,0.000648872269,0.0254729713
2.3,0.000666637246,0.0258193192
2.4,0.000687994005,0.0262296398
2.5,0.000712909697,0.0267003689
2.6,0.000741396136,0.0272285904
2.7,0.00077350348,0.0278119305
2.8,0.000809315471,0.0284484705
2.9,0.000848945835,0.0291366751
3.0,0.000892535705,0.0298753361
3.1,0.000940251608,0.0306635224
3.2,0.000992284182,0.0315005426
3.3,0.00104884706,0.0323859084
3.4,0.00111017616,0.0333193061
3.5,0.00117652918,0.0343005711
3.6,0.0012481853,0.035329666
3.7,0.00132544498,0.0364066612
3.8,0.00140862969,0.0375317158
3.9,0.00149808181,0.0387050618
4.0,0.00159416445,0.0399269891
4.1,0.00169726116,0.0411978296
4.2,0.00180777575,0.0425179462
4.3,0.00192613184,0.0438877185
4.4,0.00205277221,0.0453075293
4.5,0.00218815802,0.0467777513
4.6,0.00233276792,0.0482987362
4.7,0.0024870967,0.0498708
4.8,0.00265165386,0.0514942119
4.9,0.00282696196,0.0531691825
5.0,0.00301355459,0.0548958522
5.1,0.00321197367,0.056674277
5.2,0.00342276647,0.0585044141
5.3,0.00364648291,0.0603861152
5.4,0.00388367127,0.0623191084
5.5,0.00413487401,0.064302986
5.6,0.00440062203,0.0663371843
5.7,0.00468142848,0.0684209652
5.8,0.0049777879,0.07055344
5.9,0.00529017422,0.0727335838
6.0,0.00561902555,0.0749601597
6.1,0.00596473816,0.0772317173
6.2,0.00632765995,0.0795465898
6.3,0.00670806769,0.0819027942
6.4,0.00710613989,0.0842979234
6.5,0.00752195076,0.0867291805
6.6,0.00795546214,0.0891933974
6.7,0.00840647571,0.091686835
6.8,0.00887468524,0.0942055478
6.9,0.00935965635,0.0967453169
7.0,0.0098606092,0.0993006002
7.1,0.0103765984,0.10186559
7.2,0.0109066689,0.104434999
7.3,0.0114496332,0.107002959
7.4,0.0120037266,0.10956152
7.5,0.0125670832,0.112103003
7.6,0.0131377845,0.114620175
7.7,0.0137134206,0.117104315
7.8,0.014291824,0.119548417
7.9,0.0148711138,0.121947176
8.0,0.0154492527,0.124295023
8.1,0.0160240671,0.126586204
8.2,0.0165935314,0.128815882
8.3,0.0171552381,0.130978006
8.4,0.0177069576,0.133067493
8.5,0.0182467058,0.135080368
8.6,0.0187722405,0.137011826
8.7,0.0192815924,0.138858174
8.8,0.0197728465,0.140615954
8.9,0.0202440549,0.142281604
9.0,0.0206932927,0.143851634
9.1,0.0211188495,0.145323259
9.2,0.0215198749,0.14669654
9.3,0.0218952369,0.147970392
9.4,0.0222444577,0.14914576
9.5,0.0225668893,0.150222799
9.6,0.0228623055,0.151202862
9.7,0.023131074,0.152089033
9.8,0.0233731575,0.152882823
9.9,0.0235885217,0.153585552
10.0,0.0237770189,0.154197986
10.1,0.0239394175,0.154723681
10.2,0.0240757376,0.155163583
10.3,0.0241862185,0.15551919
10.4,0.024271754,0.155793947
10.5,0.0243326998,0.155989422
10.6,0.0243697892,0.156108261
10.7,0.0243841811,0.15615435
10.8,0.024376614,0.156130119
10.9,0.0243486206,0.156040445
11.0,0.0243018591,0.155890536
11.1,0.0242374284,0.155683745
11.2,0.0241569783,0.155425153
11.3,0.0240620091,0.155119338
11.4,0.0239530427,0.154767706
11.5,0.0238319721,0.154376073
11.6,0.023700389,0.153949306
11.7,0.0235585336,0.153487894
11.8,0.0234067114,0.152992521
11.9,0.0232462089,0.152467075
12.0,0.0230782628,0.151915315
12.1,0.0229037959,0.151340001
12.2,0.0227230835,0.150741778
12.3,0.0225366604,0.150122151
12.4,0.022345368,0.149483671
12.5,0.0221496258,0.148827504
12.6,0.0219495383,0.148153766
12.7,0.0217458833,0.147464855
12.8,0.0215394346,0.146763192
12.9,0.0213306053,0.146050009
13.0,0.0211197769,0.145326449
13.1,0.0209073122,0.14459361
13.2,0.0206932679,0.143851548
13.3,0.0204776602,0.143100176
13.4,0.0202606233,0.142339816
13.5,0.0200420818,0.14157006
13.6,0.0198216749,0.14078947
13.7,0.0195990596,0.139996642
13.8,0.0193740553,0.139190716
13.9,0.0191463705,0.138370411
14.0,0.018916104,0.137535828
14.1,0.0186834364,0.136687368
14.2,0.0184486674,0.135825872
14.3,0.0182116329,0.134950483
14.4,0.0179725275,0.134061655
14.5,0.0177317572,0.133160644
14.6,0.0174897077,0.132248659
14.7,0.0172464659,0.131325801
14.8,0.0170018372,0.130391093
14.9,0.0167559045,0.1294446
15.0,0.0165089644,0.128487215
15.1,0.0162609772,0.127518537
15.2,0.0160119905,0.126538494
15.3,0.0157620232,0.125546896
15.4,0.0155111488,0.124543763
15.5,0.0152597453,0.123530341
15.6,0.0150080938,0.122507526
15.7,0.0147563214,0.1214756
15.8,0.0145048354,0.120436022
15.9,0.0142538837,0.11938963
16.0,0.0140036823,0.118337155
16.1,0.0137543854,0.117279092
16.2,0.0135060769,0.116215648
16.3,0.0132590493,0.115147945
16.4,0.0130135227,0.114076828
16.5,0.0127696882,0.113003045
16.6,0.0125277191,0.111927294
16.7,0.0122878468,0.110850561
16.8,0.0120502781,0.109773759
16.9,0.0118151181,0.108697369
17.0,0.0115825321,0.107622173
17.1,0.0113526173,0.106548662
17.2,0.0111254599,0.105477296
17.3,0.0109011527,0.104408586
17.4,0.0106798492,0.103343356
17.5,0.010461705,0.102282477
17.6,0.0102468758,0.101226853
17.7,0.0100355401,0.100177543
17.8,0.00982783803,0.099135453
17.9,0.00962378974,0.0981009161
18.0,0.00942336451,0.0970740157
18.1,0.00922667985,0.0960556081
18.2,0.00903380336,0.0950463222
18.3,0.00884468417,0.0940461811
18.4,0.00865915942,0.0930546045
18.5,0.00847713832,0.0920713762
18.6,0.00829870431,0.0910972245
18.7,0.00812397373,0.090133089
18.8,0.00795305761,0.0891799171
18.9,0.00778601881,0.0882384203
19.0,0.00762285323,0.0873089527
19.1,0.00746357767,0.086392
19.2,0.00730822431,0.085488153
19.3,0.00715679537,0.084597845
19.4,0.00700928537,0.0837214749
19.5,0.00686568456,0.0828594265
19.6,0.00672595989,0.0820119497
19.7,0.00659008802,0.0811793571
19.8,0.0064580575,0.0803620402
19.9,0.00632984098,0.0795602978
20.0,0.0062053874,0.0787742813
20.1,0.0060846304,0.0780040409
20.2,0.0059675143,0.077249688
20.3,0.0058539889,0.0765113645
20.4,0.00574401998,0.0757893131
20.5,0.00563757076,0.0750837583
20.6,0.00553455044,0.0743945592
20.7,0.00543483479,0.073721332
20.8,0.00533832069,0.0730638125
20.9,0.00524493035,0.0724218914
21.0,0.00515458364,0.0717954291
21.1,0.00506720825,0.0711843259
21.2,0.00498272748,0.0705884373
21.3,0.00490104483,0.0700074627
21.4,0.00482205913,0.0694410478
21.5,0.00474566302,0.0688887728
21.6,0.004671751,0.0683502085
21.7,0.00460025264,0.0678251623
21.8,0.00453111092,0.067313527
21.9,0.00446425286,0.0668150646
22.0,0.00439958791,0.0663293895
22.1,0.00433702409,0.0658560862
22.2,0.00427648536,0.065394842
22.3,0.00421785004,0.064944977
22.4,0.00416100026,0.0645058157
22.5,0.0041058578,0.0640769678
22.6,0.00405235944,0.0636581451
22.7,0.00400042495,0.0632489126
22.8,0.00394997922,0.0628488601
22.9,0.00390096542,0.0624577091
23.0,0.00385332275,0.062075138
23.1,0.00380698557,0.0617007745
23.2,0.00376189689,0.0613343044
23.3,0.00371801318,0.060975513
23.4,0.00367529441,0.0606242065
23.5,0.00363369698,0.0602801541
23.6,0.00359315987,0.0599429718
23.7,0.0035536322,0.0596123494
23.8,0.00351509452,0.0592882326
23.9,0.00347753728,0.0589706476
24.0,0.00344094526,0.058659571
24.1,0.00340529785,0.05835493
24.2,0.00337057213,0.0580566287
24.3,0.00333674423,0.0577645586
24.4,0.00330378884,0.0574785946
24.5,0.00327168114,0.0571986113
24.6,0.00324040446,0.0569245506
24.7,0.0032099484,0.0566564065
24.8,0.00318030098,0.0563941573
24.9,0.00315144795,0.0561377587
25.0,0.00312337431,0.0558871569
25.1,0.00309606283,0.0556422756
25.2,0.00306949415,0.0554030157
25.3,0.00304365441,0.0551693249
25.4,0.00301853769,0.0549412203
25.5,0.00299413727,0.0547187104
25.6,0.0029704464,0.0545018018
25.7,0.00294746071,0.0542905214
25.8,0.00292517624,0.0540848985
25.9,0.0029035841,0.0538849153
26.0,0.0028826612,0.05369042
26.1,0.00286237174,0.0535011377
26.2,0.00284268842,0.053316868
26.3,0.00282359721,0.0531375311
26.4,0.00280508858,0.052963087
26.5,0.00278716113,0.0527935709
26.6,0.00276982065,0.0526290856
26.7,0.00275307492,0.0524697525
26.8,0.00273691904,0.0523155717
26.9,0.00272132261,0.0521662977
27.0,0.00270624995,0.0520216296
27.1,0.00269166854,0.0518812928
27.2,0.00267753743,0.0517449266
27.3,0.0026638286,0.0516122912
27.4,0.0026505151,0.0514831536
27.5,0.00263756328,0.0513572126
27.6,0.00262496429,0.0512344053
27.7,0.00261270921,0.0511146673
27.8,0.00260077615,0.0509978054
27.9,0.00258914541,0.0508836458
28.0,0.00257780171,0.0507720564
28.1,0.00256673398,0.0506629448
28.2,0.00255593149,0.0505562211
28.3,0.00254538076,0.0504517667
28.4,0.00253506796,0.0503494584
28.5,0.00252498019,0.050249181
28.6,0.00251510023,0.050150775
28.7,0.00250539632,0.0500539341
28.8,0.00249583103,0.0499582929
28.9,0.00248637535,0.0498635674
29.0,0.00247700323,0.049769501
29.1,0.00246770036,0.0496759536
29.2,0.00245846157,0.0495828758
29.3,0.00244926899,0.0494900898
29.4,0.00244010246,0.0493973933
29.5,0.00243095297,0.0493046952
29.6,0.00242181867,0.0492119769
29.7,0.0024127007,0.0491192498
29.8,0.00240360149,0.0490265386
29.9,0.00239452132,0.0489338464
30.0,0.00238545379,0.0488411076
30.1,0.00237638713,0.0487482013
30.2,0.00236731309,0.0486550417
30.3,0.00235823222,0.0485616332
30.4,0.00234914704,0.0484680001
30.5,0.00234005712,0.0483741369
30.6,0.00233096663,0.0482800853
30.7,0.00232188148,0.0481859054
30.8,0.00231280198,0.0480915999
30.9,0.00230373172,0.0479972053
31.0,0.00229467748,0.047902792
31.1,0.00228564404,0.0478084097
31.2,0.00227664106,0.04771416
31.3,0.00226768247,0.0476201898
31.4,0.00225878208,0.047526646
31.5,0.00224995316,0.0474336712
31.6,0.00224120804,0.0473413988
31.7,0.00223255332,0.0472499029
31.8,0.00222398858,0.0471591835
31.9,0.00221551627,0.0470692709
32.0,0.00220714351,0.0469802459
32.1,0.00219886947,0.0468921045
32.2,0.00219068503,0.0468047544
32.3,0.00218259007,0.0467181985
32.4,0.00217459483,0.0466325512
32.5,0.00216671033,0.0465479358
32.6,0.00215895146,0.0464645183
32.7,0.0021513258,0.0463823867
32.8,0.00214383081,0.0463015206
32.9,0.00213646735,0.0462219358
33.0,0.00212924381,0.04614373
33.1,0.0021221682,0.0460669968
33.2,0.00211525047,0.0459918522
33.3,0.00210850537,0.0459184644
33.4,0.00210194738,0.0458469997
33.5,0.00209557361,0.0457774356
33.6,0.00208936742,0.0457095987
33.7,0.00208333473,0.0456435618
33.8,0.00207747579,0.0455793352
33.9,0.00207178121,0.0455168234
34.0,0.00206624946,0.0454560167
34.1,0.00206088515,0.0453969729
34.2,0.0020556948,0.0453397706
34.3,0.00205068029,0.0452844376
34.4,0.00204583418,0.0452308985
34.5,0.00204114019,0.0451789795
34.6,0.00203658744,0.0451285657
34.7,0.00203217846,0.0450796901
34.8,0.00202791543,0.045032382
34.9,0.00202379536,0.0449866131
35.0,0.00201981509,0.044942353
35.1,0.00201597358,0.0448995945
35.2,0.00201226928,0.0448583245
35.3,0.00200869935,0.0448185157
35.4,0.00200526147,0.0447801459
35.5,0.00200195415,0.0447432023
35.6,0.00199877891,0.0447077052
35.7,0.00199574028,0.0446737091
35.8,0.00199284029,0.0446412398
35.9,0.00199007782,0.0446102883
36.0,0.00198745132,0.0445808402
36.1,0.00198496004,0.0445528904
36.2,0.0019826043,0.0445264449
36.3,0.00198038489,0.0445015155
36.4,0.00197830198,0.0444781068
36.5,0.00197635437,0.0444562073
36.6,0.00197453953,0.0444357911
36.7,0.00197285445,0.0444168262
36.8,0.00197129585,0.0443992775
36.9,0.00196985983,0.044383103
37.0,0.00196854187,0.0443682529
37.1,0.00196733672,0.0443546697
37.2,0.00196623914,0.0443422952
37.3,0.00196524491,0.0443310829
37.4,0.00196435063,0.0443209953
37.5,0.00196355258,0.0443119914
37.6,0.00196284652,0.0443040237
37.7,0.00196222798,0.0442970426
37.8,0.00196169264,0.0442909996
37.9,0.00196123663,0.0442858513
38.0,0.0019608566,0.0442815605
38.1,0.00196054954,0.0442780933
38.2,0.00196031276,0.0442754194
38.3,0.00196014377,0.044273511
38.4,0.00196004024,0.0442723417
38.5,0.0019599999,0.0442718862
38.6,0.00196002073,0.0442721213
38.7,0.00196010088,0.0442730265
38.8,0.00196023881,0.0442745843
38.9,0.00196043334,0.0442767811
39.0,0.00196068361,0.0442796071
39.1,0.00196098904,0.0442830559
39.2,0.00196134926,0.0442871229
39.3,0.00196176406,0.0442918058
39.4,0.00196223332,0.0442971028
39.5,0.00196275699,0.0443030133
39.6,0.00196333512,0.0443095376
39.7,0.00196396795,0.044316678
39.8,0.00196465595,0.0443244397
39.9,0.00196539984,0.0443328303
40.0,0.00196620047,0.0443418591
40.1,0.00196705861,0.0443515344
40.2,0.00196797485,0.0443618626
40.3,0.00196894946,0.044372846
40.4,0.00196998217,0.0443844811
40.5,0.00197107221,0.044396759
40.6,0.00197221847,0.0444096664
40.7,0.00197341981,0.04442319
40.8,0.00197467524,0.0444373181
40.9,0.00197598388,0.0444520403
41.0,0.00197734476,0.0444673449
41.1,0.00197875659,0.044483217
41.2,0.00198021767,0.0444996368
41.3,0.0019817259,0.04451658
41.4,0.00198327872,0.0445340176
41.5,0.0019848732,0.0445519158
41.6,0.00198650645,0.0445702417
41.7,0.00198817643,0.0445889721
41.8,0.00198988246,0.0446080986
41.9,0.00199162422,0.0446276173
42.0,0.00199340087,0.044647518
42.1,0.00199521103,0.0446677851
42.2,0.00199705354,0.044688405
42.3,0.00199892767,0.044709369
42.4,0.00200083247,0.0447306659
42.5,0.00200276607,0.0447522745
42.6,0.00200472669,0.0447741744
42.7,0.00200671518,0.0447963746
42.8,0.00200873665,0.0448189318
42.9,0.00201079865,0.0448419296
43.0,0.00201290618,0.044865423
43.1,0.00201505606,0.0448893758
43.2,0.00201723911,0.0449136851
43.3,0.00201944581,0.0449382444
43.4,0.00202167072,0.0449629928
43.5,0.00202391722,0.0449879676
43.6,0.00202617575,0.0450130619
43.7,0.00202843654,0.0450381676
43.8,0.00203070362,0.045063329
43.9,0.00203298406,0.0450886245
44.0,0.00203528017,0.0451140795
44.1,0.00203759364,0.0451397125
44.2,0.00203992433,0.0451655215
44.3,0.00204226853,0.0451914653
44.4,0.00204462382,0.0452175167
44.5,0.00204699132,0.0452436882
44.6,0.00204937102,0.0452699793
44.7,0.00205175656,0.0452963195
44.8,0.0020541407,0.045322629
44.9,0.00205651982,0.0453488679
45.0,0.00205889266,0.0453750224
45.1,0.00206125707,0.045401069
45.2,0.00206361209,0.0454269974
45.3,0.00206596275,0.0454528629
45.4,0.00206831737,0.0454787573
45.5,0.00207068469,0.0455047766
45.6,0.0020730673,0.0455309489
45.7,0.00207545615,0.0455571745
45.8,0.00207786298,0.0455835824
45.9,0.00208026238,0.0456098934
46.0,0.00208260703,0.0456355895
46.1,0.00208490382,0.045660747
46.2,0.00208718554,0.0456857258
46.3,0.00208946656,0.0457106832
46.4,0.00209174325,0.0457355797
46.5,0.00209402304,0.0457604965
46.6,0.00209631303,0.0457855112
46.7,0.00209858579,0.045810324
46.8,0.00210088002,0.0458353578
46.9,0.00210309962,0.0458595641
47.0,0.00210525066,0.0458830106
47.1,0.00210739625,0.0459063857
47.2,0.00210949747,0.0459292659
47.3,0.0021116523,0.0459527181
47.4,0.00211382564,0.0459763596
47.5,0.00211596951,0.0459996686
47.6,0.00211812354,0.0460230762
47.7,0.00212031461,0.0460468741
47.8,0.00212248479,0.046070433
47.9,0.00212461766,0.046093575
48.0,0.00212678312,0.0461170589
48.1,0.00212902131,0.0461413189
48.2,0.0021313189,0.0461662095
48.3,0.00213368051,0.0461917797
48.4,0.00213612205,0.0462182004
48.5,0.00213865361,0.0462455793
48.6,0.00214128611,0.0462740328
48.7,0.00214402812,0.0463036513
48.8,0.00214688588,0.0463344999
48.9,0.00214986755,0.0463666642
49.0,0.00215298236,0.046400241
49.1,0.00215622905,0.0464352135
49.2,0.00215959732,0.0464714679
49.3,0.00216309582,0.046509094
49.4,0.00216674329,0.0465482899
49.5,0.00217054507,0.046589109
49.6,0.00217450448,0.0466315825
49.7,0.00217863652,0.0466758665
49.8,0.0021829585,0.0467221414
49.9,0.00218747556,0.0467704561
50.0,0.00219217919,0.0468207132
50.1,0.00219704716,0.0468726696
50.2,0.0022020715,0.0469262347
50.3,0.00220727529,0.0469816484
50.4,0.00221266483,0.0470389714
50.5,0.00221824914,0.0470982924
50.6,0.00222403691,0.0471596958
50.7,0.0022300264,0.0472231553
50.8,0.00223622845,0.0472887772
50.9,0.00224265733,0.0473567031
51.0,0.00224932313,0.0474270295
51.1,0.00225623253,0.0474998161
51.2,0.00226338898,0.0475750878
51.3,0.00227080368,0.0476529504
51.4,0.00227848169,0.0477334441
51.5,0.00228640268,0.0478163432
51.6,0.00229454272,0.0479013853
51.7,0.00230290058,0.0479885464
51.8,0.00231148668,0.048077923
51.9,0.0023202858,0.048169345
52.0,0.00232929123,0.0482627312
52.1,0.00233850087,0.0483580487
52.2,0.00234792053,0.0484553457
52.3,0.00235756676,0.048554781
52.4,0.00236745098,0.0486564588
52.5,0.0023775772,0.0487604061
52.6,0.00238794698,0.0488666244
52.7,0.00239855903,0.0489750858
52.8,0.00240942053,0.0490858486
52.9,0.00242053767,0.0491989601
53.0,0.00243187209,0.0493140151
53.1,0.00244336181,0.0494303733
53.2,0.00245500529,0.0495480099
53.3,0.00246681648,0.0496670563
53.4,0.0024787924,0.0497874723
53.5,0.00249093551,0.0499092728
53.6,0.00250324595,0.050032449
53.7,0.00251572409,0.0501569945
53.8,0.00252837079,0.0502829076
53.9,0.00254118465,0.0504101642
54.0,0.00255415002,0.0505385993
54.1,0.00256725636,0.0506681
54.2,0.00258050014,0.0507986234
54.3,0.00259386187,0.0509299703
54.4,0.00260731337,0.0510618583
54.5,0.00262085698,0.0511943061
54.6,0.0026345113,0.0513274907
54.7,0.00264826692,0.0514613148
54.8,0.00266211067,0.0515956459
54.9,0.0026760466,0.051730519
55.0,0.00269007242,0.051865908
55.1,0.00270413638,0.0520013113
55.2,0.00271820231,0.0521363818
55.3,0.00273224282,0.0522708602
55.4,0.0027462319,0.0524045027
55.5,0.00276018231,0.0525374372
55.6,0.00277406694,0.0526694118
55.7,0.00278787781,0.0528003581
55.8,0.00280160797,0.0529302179
55.9,0.00281524157,0.0530588501
56.0,0.00282876002,0.0531860886
56.1,0.00284215284,0.0533118452
56.2,0.00285541781,0.0534361096
56.3,0.00286855297,0.0535588738
56.4,0.00288155557,0.0536801227
56.5,0.00289442061,0.0537998198
56.6,0.00290711682,0.0539176856
56.7,0.00291958248,0.0540331609
56.8,0.00293179441,0.0541460471
56.9,0.0029438045,0.0542568383
57.0,0.00295565123,0.0543659014
57.1,0.00296733886,0.0544732857
57.2,0.00297886917,0.0545790177
57.3,0.00299005228,0.0546813705
57.4,0.00300063113,0.0547780168
57.5,0.00301065269,0.0548694148
57.6,0.00302024359,0.0549567429
57.7,0.00302944581,0.0550404016
57.8,0.00303819196,0.0551197965
57.9,0.00304653038,0.0551953837
58.0,0.00305461266,0.0552685504
58.1,0.0030624953,0.0553398166
58.2,0.00307023756,0.0554097244
58.3,0.0030779625,0.0554793881
58.4,0.00308540656,0.055546436
58.5,0.00309264085,0.0556115173
58.6,0.00309972672,0.0556751895
58.7,0.0031066255,0.0557371106
58.8,0.00311326447,0.0557966349
58.9,0.00311952387,0.055852698
59.0,0.00312547473,0.0559059454
59.1,0.00313120851,0.0559572025
59.2,0.00313674855,0.0560066831
59.3,0.00314211514,0.0560545728
59.4,0.00314736995,0.0561014256
59.5,0.00315257691,0.056147813
59.6,0.00315780086,0.0561943134
59.7,0.00316311207,0.0562415511
59.8,0.00316854866,0.0562898629
59.9,0.00317405362,0.05633874
60.0,0.00317956474,0.0563876293
60.1,0.00318512659,0.0564369258
60.2,0.00319078428,0.0564870275
60.3,0.00319650604,0.0565376516
60.4,0.00320225928,0.0565885084
60.5,0.00320811402,0.0566402156
60.6,0.0032141,0.0566930331
60.7,0.00322027395,0.0567474576
60.8,0.00322666485,0.0568037397
60.9,0.00323330473,0.0568621555
61.0,0.00324020405,0.0569227902
61.1,0.0032473638,0.0569856455
61.2,0.00325480539,0.0570509018
61.3,0.00326252908,0.0571185529
61.4,0.00327054092,0.0571886433
61.5,0.00327885931,0.0572613247
61.6,0.00328749411,0.0573366733
61.7,0.0032964434,0.0574146619
61.8,0.00330570749,0.0574952824
61.9,0.00331531081,0.0575787358
62.0,0.00332528955,0.0576653236
62.1,0.00333563318,0.0577549407
62.2,0.00334631499,0.0578473421
62.3,0.00335732878,0.0579424609
62.4,0.00336861011,0.0580397287
62.5,0.00338017561,0.0581392777
62.6,0.00339205264,0.058241331
62.7,0.00340423848,0.0583458523
62.8,0.0034167075,0.058452609
62.9,0.00342944812,0.0585614901
63.0,0.00344246565,0.0586725289
63.1,0.00345573869,0.0587855313
63.2,0.0034692499,0.0589003387
63.3,0.00348302194,0.0590171326
63.4,0.00349706325,0.0591359725
63.5,0.00351133335,0.0592565047
63.6,0.00352579671,0.0593784196
63.7,0.00354041274,0.0595013675
63.8,0.00355516132,0.0596251736
63.9,0.00357002243,0.0597496647
64.0,0.0035850531,0.0598753129
64.1,0.00360027247,0.0600022705
64.2,0.00361565672,0.0601303311
64.3,0.00363118804,0.0602593399
64.4,0.00364684438,0.0603891082
64.5,0.00366263471,0.0605197052
64.6,0.00367852126,0.0606508142
64.7,0.00369449403,0.0607823496
64.8,0.00371060548,0.0609147395
64.9,0.00372666653,0.0610464293
65.0,0.00374266236,0.0611773026
65.1,0.00375864647,0.0613078011
65.2,0.00377462535,0.0614379797
65.3,0.00379064832,0.0615682412
65.4,0.0038066944,0.0616984149
65.5,0.0038227384,0.0618282977
65.6,0.00383881776,0.0619581937
65.7,0.00385484297,0.0620873817
65.8,0.00387080017,0.062215755
65.9,0.00388675113,0.0623438139
66.0,0.00390263088,0.0624710403
66.1,0.0039184294,0.0625973594
66.2,0.00393415495,0.0627228424
66.3,0.00394983129,0.0628476833
66.4,0.00396538753,0.0629713231
66.5,0.00398079277,0.063093524
66.6,0.00399605107,0.0632143265
66.7,0.00401118722,0.0633339342
66.8,0.00402623167,0.0634525939
66.9,0.00404123824,0.0635707342
67.0,0.00405624948,0.0636886919
67.1,0.00407124749,0.063806328
67.2,0.00408618356,0.0639232631
67.3,0.00410095364,0.0640386886
67.4,0.00411550117,0.0641521719
67.5,0.00412991382,0.0642644055
67.6,0.00414417198,0.0643752435
67.7,0.00415828126,0.0644847367
67.8,0.00417228955,0.0645932624
67.9,0.00418625655,0.0647012871
68.0,0.00420006553,0.0648079126
68.1,0.0042135601,0.0649119411
68.2,0.00422669043,0.065013002
68.3,0.0042394647,0.0651111718
68.4,0.00425189325,0.065206543
68.5,0.00426403882,0.0652996081
68.6,0.00427593031,0.0653905981
68.7,0.00428764115,0.0654800821
68.8,0.00429925055,0.0655686705
68.9,0.00431074252,0.0656562451
69.0,0.00432211164,0.0657427687
69.1,0.00433338185,0.0658284274
69.2,0.00434457757,0.0659134096
69.3,0.00435570604,0.065997773
69.4,0.0043667627,0.0660814853
69.5,0.00437774888,0.0661645591
69.6,0.00438868254,0.0662471323
69.7,0.00439954405,0.0663290588
69.8,0.00441034849,0.0664104547
69.9,0.0044211041,0.0664913837
70.0,0.00443184022,0.0665720679
70.1,0.00444258648,0.0666527305
70.2,0.00445334279,0.0667333709
70.3,0.00446403417,0.066813428
70.4,0.00447456479,0.0668921878
70.5,0.0044849039,0.0669694251
70.6,0.00449501203,0.0670448509
70.7,0.00450486543,0.0671182943
70.8,0.00451447191,0.06718982
70.9,0.00452391671,0.0672600677
71.0,0.00453322172,0.0673292041
71.1,0.00454238881,0.0673972463
71.2,0.00455140437,0.0674640969
71.3,0.00456034366,0.0675303166
71.4,0.00456925516,0.0675962659
71.5,0.00457817831,0.067662237
71.6,0.00458713424,0.0677283858
71.7,0.00459607985,0.0677943939
71.8,0.00460503676,0.0678604212
71.9,0.00461393327,0.0679259396
72.0,0.00462278747,0.0679910837
72.1,0.00463153826,0.0680554058
72.2,0.00464026007,0.0681194544
72.3,0.00464902264,0.0681837417
72.4,0.00465780057,0.0682480811
72.5,0.00466658986,0.068312443
72.6,0.0046754414,0.0683771994
72.7,0.00468438306,0.068442553
72.8,0.00469343146,0.0685086232
72.9,0.00470257609,0.0685753315
73.0,0.00471183516,0.0686428085
73.1,0.00472111753,0.0687103888
73.2,0.00473037196,0.0687776996
73.3,0.00473957191,0.0688445489
73.4,0.00474880394,0.0689115661
73.5,0.00475807389,0.068978793
73.6,0.0047674182,0.069046493
73.7,0.00477681049,0.0691144738
73.8,0.00478630514,0.0691831276
73.9,0.00479602666,0.0692533512
74.0,0.00480599473,0.069325282
74.1,0.00481621977,0.0693989897
74.2,0.00482676998,0.0694749593
74.3,0.00483763872,0.069553136
74.4,0.00484869967,0.0696326049
74.5,0.00485995855,0.0697134029
74.6,0.00487134549,0.0697950248
74.7,0.00488291168,0.0698778339
74.8,0.0048947204,0.0699622784
74.9,0.00490701666,0.0700501011
75.0,0.00491978372,0.0701411699
75.1,0.00493304308,0.0702356254
75.2,0.00494679566,0.0703334605
75.3,0.00496103991,0.07043465
75.4,0.00497579844,0.0705393397
75.5,0.00499110976,0.0706477867
75.6,0.00500698416,0.0707600464
75.7,0.00502339906,0.0708759414
75.8,0.00504029514,0.0709950361
75.9,0.00505763985,0.0711170855
76.0,0.00507536347,0.0712415852
76.1,0.00509347852,0.0713686102
76.2,0.0051120252,0.071498428
76.3,0.00513100086,0.0716310049
76.4,0.0051503917,0.0717662296
76.5,0.00517015811,0.0719038115
76.6,0.00519022718,0.0720432313
76.7,0.00521056387,0.0721842356
76.8,0.00523108171,0.0723262173
76.9,0.00525177881,0.0724691577
77.0,0.00527272263,0.0726135154
77.1,0.00529390146,0.0727592019
77.2,0.00531529297,0.0729060558
77.3,0.00533683395,0.0730536375
77.4,0.00535839144,0.0732010344
77.5,0.00538002715,0.0733486684
77.6,0.00540163118,0.0734957902
77.7,0.00542326238,0.0736428026
77.8,0.00544490183,0.073789578
77.9,0.00546651226,0.0739358658
78.0,0.00548797431,0.0740808633
78.1,0.0055092735,0.0742244805
78.2,0.00553035449,0.0743663532
78.3,0.00555111766,0.074505823
78.4,0.00557166326,0.0746435748
78.5,0.00559197911,0.0747795367
78.6,0.00561215482,0.0749143165
78.7,0.00563215344,0.0750476744
78.8,0.00565197853,0.0751796417
78.9,0.00567162169,0.0753101699
79.0,0.00569105554,0.075439085
79.1,0.00571033954,0.0755667886
79.2,0.00572946319,0.0756932176
79.3,0.00574838642,0.075818114
79.4,0.00576713206,0.0759416359
79.5,0.00578574973,0.0760641159
79.6,0.00580424719,0.0761856101
79.7,0.00582257661,0.0763058098
79.8,0.00584069513,0.0764244406
79.9,0.00585868441,0.0765420434
80.0,0.00587647579,0.076658175
80.1,0.00589397829,0.0767722495
80.2,0.00591116339,0.0768840906
80.3,0.00592807189,0.0769939731
80.4,0.00594475283,0.0771022233
80.5,0.00596122225,0.0772089519
80.6,0.00597751601,0.0773143972
80.7,0.00599363267,0.0774185551
80.8,0.00600957399,0.0775214422
80.9,0.0060253504,0.0776231306
81.0,0.0060409077,0.0777232764
81.1,0.0060562749,0.0778220721
81.2,0.00607149536,0.0779198008
81.3,0.00608656697,0.0780164532
81.4,0.00610153067,0.0781122952
81.5,0.00611642248,0.0782075602
81.6,0.00613122102,0.0783021138
81.7,0.00614591885,0.0783959109
81.8,0.00616052185,0.0784889919
81.9,0.00617503902,0.0785814165
82.0,0.0061894532,0.078673078
82.1,0.00620367232,0.0787633945
82.2,0.00621771102,0.0788524636
82.3,0.00623162014,0.0789406115
82.4,0.00624537919,0.0790277115
82.5,0.00625898774,0.0791137645
82.6,0.00627247407,0.0791989524
82.7,0.00628590103,0.0792836744
82.8,0.00629932437,0.0793682832
82.9,0.00631274512,0.0794527855
83.0,0.00632615965,0.0795371589
83.1,0.00633958065,0.0796214836
83.2,0.00635287297,0.0797049118
83.3,0.00636599791,0.0797872039
83.4,0.0063790051,0.0798686741
83.5,0.00639189398,0.0799493213
83.6,0.00640464183,0.0800290062
83.7,0.00641730241,0.0801080671
83.8,0.00642991152,0.0801867291
83.9,0.0064425248,0.08026534
84.0,0.00645517124,0.0803440803
84.1,0.00646786625,0.0804230455
84.2,0.00648072048,0.0805029222
84.3,0.00649386658,0.0805845306
84.4,0.00650721603,0.080667317
84.5,0.00652053528,0.0807498315
84.6,0.00653372041,0.080831432
84.7,0.00654686042,0.0809126716
84.8,0.0065598855,0.0809931201
84.9,0.00657266847,0.0810719956
85.0,0.0065853181,0.0811499729
85.1,0.00659798279,0.081227968
85.2,0.00661061831,0.081305709
85.3,0.00662329236,0.0813836123
85.4,0.00663610149,0.0814622703
85.5,0.00664908233,0.0815419054
85.6,0.0066622263,0.081622462
85.7,0.00667549607,0.0817037091
85.8,0.00668886009,0.0817854516
85.9,0.00670236408,0.0818679674
86.0,0.00671603675,0.0819514292
86.1,0.00672981929,0.0820354758
86.2,0.00674365599,0.0821197661
86.3,0.0067574322,0.0822036021
86.4,0.00677118268,0.0822871963
86.5,0.00678490369,0.0823705268
86.6,0.00679862867,0.0824537972
86.7,0.00681241477,0.0825373538
86.8,0.0068262588,0.0826211765
86.9,0.0068401617,0.0827052701
87.0,0.00685406609,0.0827892873
87.1,0.00686782191,0.0828723229
87.2,0.00688140732,0.0829542484
87.3,0.00689481966,0.0830350508
87.4,0.00690811518,0.0831150719
87.5,0.00692128089,0.0831942359
87.6,0.00693434411,0.0832727093
87.7,0.00694735385,0.083350788
87.8,0.00696030763,0.0834284581
87.9,0.00697316041,0.0835054514
88.0,0.00698597086,0.0835821205
88.1,0.00699867036,0.0836580561
88.2,0.00701118918,0.0837328441
88.3,0.00702359643,0.0838068997
88.4,0.00703585934,0.0838800294
88.5,0.00704795749,0.0839521143
88.6,0.00705992075,0.0840233346
88.7,0.00707177256,0.0840938319
88.8,0.00708356492,0.0841639169
88.9,0.00709533034,0.0842337838
89.0,0.00710709198,0.0843035704
89.1,0.00711885247,0.0843732924
89.2,0.00713061528,0.0844429706
89.3,0.0071424418,0.0845129683
89.4,0.00715439186,0.0845836382
89.5,0.00716646631,0.0846549839
89.6,0.00717858071,0.0847265054
89.7,0.00719064705,0.084797683
89.8,0.00720245296,0.0848672667
89.9,0.00721405812,0.0849356116
90.0,0.00722548443,0.0850028495
90.1,0.00723674376,0.0850690529
90.2,0.00724795911,0.0851349465
90.3,0.00725917252,0.0852007777
90.4,0.00727040811,0.0852666882
90.5,0.0072816336,0.0853324885
90.6,0.00729282625,0.085398046
90.7,0.00730401894,0.0854635533
90.8,0.00731523422,0.0855291425
90.9,0.00732647764,0.0855948459
91.0,0.00733775897,0.0856607201
91.1,0.00734907592,0.0857267515
91.2,0.00736043972,0.0857930051
91.3,0.00737180213,0.0858591994
91.4,0.00738307056,0.085924796
91.5,0.00739415366,0.0859892648
91.6,0.00740511461,0.0860529756
91.7,0.00741598646,0.086116122
91.8,0.0074268112,0.0861789487
91.9,0.00743763211,0.0862417075
92.0,0.00744845536,0.0863044342
92.1,0.007459221,0.0863667818
92.2,0.00746990817,0.0864286305
92.3,0.00748049233,0.0864898394
92.4,0.0074910051,0.0865505927
92.5,0.00750148904,0.0866111369
92.6,0.00751192863,0.086671383
92.7,0.00752224597,0.0867308825
92.8,0.00753235605,0.0867891471
92.9,0.00754220956,0.0868458954
93.0,0.00755174629,0.0869007842
93.1,0.00756101277,0.0869540843
93.2,0.00757006765,0.0870061357
93.3,0.00757879205,0.087056258
93.4,0.00758735802,0.087105442
93.5,0.00759561821,0.0871528439
93.6,0.00760357875,0.087198502
93.7,0.00761137756,0.0872432092
93.8,0.00761899016,0.087286827
93.9,0.00762636501,0.0873290616
94.0,0.0076334887,0.0873698386
94.1,0.00764036401,0.0874091758
94.2,0.00764702787,0.0874472862
94.3,0.00765354099,0.0874845186
94.4,0.00765988852,0.0875207891
94.5,0.00766601737,0.0875557958
94.6,0.00767201111,0.0875900172
94.7,0.00767791019,0.0876236851
94.8,0.00768356193,0.0876559293
94.9,0.00768867706,0.0876851017
95.0,0.00769320893,0.0877109396
95.1,0.00769731801,0.0877343605
95.2,0.00770110107,0.0877559176
95.3,0.00770467687,0.0877762888
95.4,0.0077080238,0.0877953518
95.5,0.00771113864,0.0878130892
95.6,0.00771407344,0.0878297981
95.7,0.00771680963,0.0878453734
95.8,0.00771937213,0.0878599575
95.9,0.00772180405,0.0878737961
96.0,0.00772400197,0.0878863014
96.1,0.00772599514,0.0878976401
96.2,0.00772782471,0.0879080469
96.3,0.00772943996,0.0879172336
96.4,0.00773086076,0.0879253135
96.5,0.00773215491,0.0879326726
96.6,0.00773337283,0.0879395976
96.7,0.00773450224,0.0879460189
96.8,0.00773546547,0.087951495
96.9,0.00773627692,0.0879561079
97.0,0.00773699492,0.0879601894
97.1,0.00773764311,0.0879638739
97.2,0.0077382655,0.0879674116
97.3,0.0077389058,0.0879710509
97.4,0.00773951885,0.0879745353
97.5,0.0077400603,0.0879776125
97.6,0.00774058587,0.0879805994
97.7,0.00774107496,0.0879833789
97.8,0.00774159517,0.0879863351
97.9,0.00774213261,0.0879893892
98.0,0.00774270741,0.0879926554
98.1,0.00774338983,0.087996533
98.2,0.00774419489,0.0880011073
98.3,0.00774508009,0.0880061366
98.4,0.00774608725,0.0880118586
98.5,0.00774724054,0.0880184102
98.6,0.00774844887,0.088025274
98.7,0.00774961315,0.0880318871
98.8,0.00775058835,0.0880374259
98.9,0.00775139104,0.0880419845
99.0,0.00775212559,0.088046156
99.1,0.00775280575,0.0880500185
99.2,0.00775349771,0.0880539477
99.3,0.00775425102,0.0880582251
99.4,0.0077550701,0.0880628759
99.5,0.00775591951,0.0880676984
99.6,0.00775682282,0.0880728268
99.7,0.00775779331,0.0880783362
99.8,0.0077587939,0.0880840161
99.9,0.00775980712,0.0880897674
100.0,0.00776086396,0.0880957658
100.1,0.00776196551,0.0881020176
100.2,0.00776297364,0.0881077388
100.3,0.00776386332,0.0881127875
100.4,0.0077647328,0.0881177212
100.5,0.00776556379,0.0881224363
100.6,0.00776631416,0.0881266938
100.7,0.00776701573,0.0881306742
100.8,0.00776770541,0.0881345869
100.9,0.00776840969,0.0881385823
101.0,0.0077691434,0.0881427444
101.1,0.00776984414,0.0881467194
101.2,0.00777049848,0.088150431
101.3,0.0077712286,0.0881545722
101.4,0.00777211541,0.0881596019
101.5,0.00777321433,0.0881658343
101.6,0.00777457174,0.088173532
101.7,0.00777622663,0.0881829158
101.8,0.00777819357,0.0881940676
101.9,0.00778022981,0.088205611
102.0,0.00778224327,0.0882170237
102.1,0.0077841797,0.0882279984
102.2,0.00778602006,0.0882384273
102.3,0.00778781852,0.0882486176
102.4,0.00778971057,0.088259337
102.5,0.00779175718,0.0882709306
102.6,0.00779395439,0.0882833755
102.7,0.00779633727,0.0882968701
102.8,0.00779892599,0.0883115281
102.9,0.00780171473,0.0883273159
103.0,0.00780472383,0.0883443481
103.1,0.00780798443,0.0883628001
103.2,0.00781156221,0.0883830425
103.3,0.007815526,0.0884054636
103.4,0.00781975627,0.0884293858
103.5,0.00782409877,0.0884539359
103.6,0.00782843144,0.0884784236
103.7,0.00783278221,0.0885030068
103.8,0.00783721612,0.0885280527
103.9,0.00784180096,0.0885539438
104.0,0.00784661629,0.0885811283
104.1,0.00785162528,0.0886093973
104.2,0.0078568048,0.0886386191
104.3,0.00786218728,0.0886689759
104.4,0.00786766353,0.0886998508
104.5,0.00787332788,0.0887317749
104.6,0.00787909068,0.0887642421
104.7,0.00788503987,0.088797747
104.8,0.0078913149,0.0888330732
104.9,0.00789794233,0.0888703681
105.0,0.00790498084,0.0889099592
105.1,0.00791242872,0.0889518337
105.2,0.00792022572,0.08899565
105.3,0.00792839066,0.0890415109
105.4,0.00793690403,0.0890893037
105.5,0.00794574389,0.0891389022
105.6,0.00795493148,0.0891904226
105.7,0.00796445544,0.0892437978
105.8,0.0079743033,0.0892989546
105.9,0.00798445007,0.08935575
106.0,0.0079948281,0.0894138026
106.1,0.00800539779,0.0894728886
106.2,0.00801614752,0.089532941
106.3,0.00802707995,0.0895939727
106.4,0.00803819804,0.0896559984
106.5,0.00804946147,0.0897187911
106.6,0.00806073172,0.0897815778
106.7,0.00807191848,0.0898438561
106.8,0.00808306452,0.0899058648
106.9,0.00809418654,0.0899676972
107.0,0.00810528419,0.0900293518
107.1,0.0081163976,0.0900910517
107.2,0.00812753977,0.0901528689
107.3,0.00813865409,0.0902144893
107.4,0.00814963679,0.0902753388
107.5,0.00816042288,0.090335059
107.6,0.00817096292,0.0903933787
107.7,0.00818117694,0.0904498587
107.8,0.00819102401,0.0905042762
107.9,0.008200479,0.0905564962
108.0,0.00820954008,0.0906065123
108.1,0.00821824765,0.0906545512
108.2,0.00822666718,0.0907009768
108.3,0.0082348361,0.0907459977
108.4,0.0082427279,0.0907894702
108.5,0.00825031544,0.090831247
108.6,0.00825761601,0.0908714257
108.7,0.00826463002,0.0909100106
108.8,0.00827134679,0.0909469449
108.9,0.00827777408,0.0909822735
109.0,0.00828394579,0.0910161842
109.1,0.00828987998,0.091048778
109.2,0.00829554651,0.0910798908
109.3,0.00830090105,0.0911092808
109.4,0.0083059794,0.0911371461
109.5,0.00831079707,0.0911635731
109.6,0.00831529013,0.0911882127
109.7,0.00831939378,0.0912107109
109.8,0.00832312402,0.0912311571
109.9,0.0083265334,0.0912498406
110.0,0.00832964362,0.0912668813
110.1,0.00833250211,0.09128254
110.2,0.00833517071,0.0912971561
110.3,0.00833756619,0.0913102743
110.4,0.00833966059,0.0913217422
110.5,0.00834141334,0.0913313382
110.6,0.00834286297,0.091339274
110.7,0.0083440778,0.0913459238
110.8,0.0083451602,0.0913518483
110.9,0.00834618033,0.0913574317
111.0,0.00834711477,0.0913625458
111.1,0.00834795568,0.0913671477
111.2,0.00834873731,0.091371425
111.3,0.00834952514,0.0913757361
111.4,0.00835034176,0.0913802044
111.5,0.00835122267,0.0913850243
111.6,0.0083522265,0.0913905165
111.7,0.00835335981,0.0913967166
111.8,0.00835461943,0.0914036073
111.9,0.00835599875,0.0914111522
112.0,0.00835752117,0.0914194792
112.1,0.00835922003,0.0914287702
112.2,0.00836112803,0.091439204
112.3,0.00836321578,0.0914506194
112.4,0.00836535527,0.0914623161
112.5,0.00836749306,0.0914740021
112.6,0.00836955414,0.0914852674
112.7,0.00837156022,0.0914962306
112.8,0.0083735611,0.0915071642
112.9,0.008375561,0.0915180911
113.0,0.00837761851,0.0915293314
113.1,0.00837978662,0.0915411744
113.2,0.00838214394,0.0915540493
113.3,0.00838469079,0.0915679572
113.4,0.00838746153,0.0915830854
113.5,0.00839052133,0.0915997889
113.6,0.00839387859,0.0916181128
113.7,0.00839745253,0.0916376152
113.8,0.00840115015,0.0916577883
113.9,0.00840499354,0.0916787518
114.0,0.00840904809,0.091700862
114.1,0.00841333419,0.091724229
114.2,0.00841783674,0.0917487697
114.3,0.00842247894,0.0917740647
114.4,0.00842715818,0.0917995544
114.5,0.00843191719,0.0918254713
114.6,0.00843685166,0.0918523362
114.7,0.00844198263,0.0918802625
114.8,0.00844734951,0.0919094637
114.9,0.00845299364,0.0919401634
115.0,0.00845888401,0.0919721915
115.1,0.00846499235,0.0920053931
115.2,0.00847127311,0.0920395193
115.3,0.0084776596,0.092074207
115.4,0.00848411586,0.0921092604
115.5,0.00849055269,0.0921441951
115.6,0.00849693833,0.0921788388
115.7,0.00850332711,0.0922134866
115.8,0.00850971939,0.0922481403
115.9,0.00851605795,0.0922824899
116.0,0.00852236874,0.0923166764
116.1,0.00852872554,0.0923510993
116.2,0.0085351978,0.0923861342
116.3,0.00854176715,0.0924216812
116.4,0.00854834426,0.0924572564
116.5,0.00855484652,0.0924924133
116.6,0.00856122218,0.0925268727
116.7,0.00856751144,0.0925608526
116.8,0.00857372431,0.0925944076
116.9,0.00857984512,0.0926274534
117.0,0.00858578478,0.0926595099
117.1,0.00859146159,0.0926901375
117.2,0.00859688851,0.0927194074
117.3,0.00860211997,0.0927476144
117.4,0.0086071465,0.0927747083
117.5,0.00861192364,0.0928004507
117.6,0.00861641535,0.0928246484
117.7,0.00862064594,0.0928474337
117.8,0.00862463772,0.0928689276
117.9,0.00862842136,0.0928892963
118.0,0.00863198718,0.0929084882
118.1,0.00863521204,0.0929258416
118.2,0.00863791906,0.0929404059
118.3,0.00864008246,0.0929520439
118.4,0.00864166138,0.0929605367
118.5,0.00864272221,0.0929662423
118.6,0.00864339675,0.0929698701
118.7,0.00864385103,0.0929723133
118.8,0.00864415076,0.0929739251
118.9,0.00864429081,0.0929746783
119.0,0.00864429377,0.0929746943
119.1,0.0086442118,0.0929742534
119.2,0.00864408953,0.0929735959
119.3,0.00864397087,0.0929729577
119.4,0.00864386654,0.0929723966
119.5,0.00864368217,0.0929714051
119.6,0.00864335048,0.0929696213
119.7,0.0086429383,0.0929674045
119.8,0.00864251996,0.0929651545
119.9,0.00864210396,0.0929629171
120.0,0.00864167762,0.0929606241
120.1,0.0086412409,0.0929582751
120.2,0.00864084858,0.0929561649
120.3,0.0086405244,0.0929544211
120.4,0.00864025306,0.0929529615
120.5,0.00864003626,0.0929517954
120.6,0.00863985243,0.0929508065
120.7,0.00863970214,0.092949998
120.8,0.00863961357,0.0929495216
120.9,0.00863961519,0.0929495303
121.0,0.00863977341,0.0929503815
121.1,0.00864013125,0.0929523063
121.2,0.00864061497,0.0929549082
121.3,0.00864108999,0.0929574634
121.4,0.00864147875,0.0929595544
121.5,0.00864170594,0.0929607764
121.6,0.00864179945,0.0929612793
121.7,0.00864178637,0.092961209
121.8,0.00864174327,0.0929609771
121.9,0.00864171208,0.0929608094
122.0,0.00864173967,0.0929609578
122.1,0.00864182557,0.0929614198
122.2,0.00864199823,0.0929623485
122.3,0.008642244,0.0929636703
122.4,0.00864253773,0.0929652501
122.5,0.0086428943,0.0929671679
122.6,0.00864335847,0.0929696643
122.7,0.00864393343,0.0929727564
122.8,0.00864463092,0.0929765074
122.9,0.00864550219,0.0929811927
123.0,0.00864662031,0.0929872051
123.1,0.00864790956,0.0929941372
123.2,0.00864896761,0.0929998258
123.3,0.00864963331,0.0930034048
123.4,0.00864993372,0.0930050199
123.5,0.00864993373,0.0930050199
123.6,0.00864988885,0.0930047786
123.7,0.00864984519,0.0930045439
123.8,0.00864989438,0.0930048083
123.9,0.00865007648,0.0930057873
124.0,0.00865038692,0.0930074563
124.1,0.00865087564,0.0930100835
124.2,0.00865160225,0.0930139896
124.3,0.00865263524,0.0930195422
124.4,0.00865394659,0.0930265908
124.5,0.00865547055,0.0930347814
124.6,0.0086572577,0.0930443856
124.7,0.00865932732,0.0930555067
124.8,0.00866162996,0.0930678783
124.9,0.00866411713,0.0930812394
125.0,0.00866679777,0.0930956378
125.1,0.0086696731,0.0931110794
125.2,0.00867278368,0.0931277815
125.3,0.00867613346,0.0931457646
125.4,0.00867964996,0.093164639
125.5,0.00868330778,0.0931842679
125.6,0.00868711704,0.093204705
125.7,0.00869116322,0.0932264084
125.8,0.00869549697,0.0932496487
125.9,0.00870008659,0.0932742547
126.0,0.00870485997,0.0932998391
126.1,0.00870986294,0.0933266465
126.2,0.00871506384,0.0933545063
126.3,0.00872044403,0.0933833178
126.4,0.00872604674,0.0934133114
126.5,0.0087318754,0.0934445044
126.6,0.00873793213,0.0934769069
126.7,0.00874420888,0.0935104747
126.8,0.00875067677,0.0935450521
126.9,0.00875732513,0.0935805809
127.0,0.00876412929,0.0936169284
127.1,0.00877107348,0.0936540094
127.2,0.00877819498,0.093692022
127.3,0.00878553702,0.0937311956
127.4,0.00879310466,0.0937715557
127.5,0.00880089055,0.0938130617
127.6,0.00880891643,0.0938558279
127.7,0.00881719987,0.0938999461
127.8,0.00882563857,0.0939448698
127.9,0.00883420303,0.0939904412
128.0,0.00884281595,0.0940362481
128.1,0.00885155358,0.0940826954
128.2,0.00886051317,0.0941302989
128.3,0.0088696508,0.0941788235
128.4,0.00887884199,0.0942276074
128.5,0.00888805475,0.0942764804
128.6,0.00889738658,0.0943259592
128.7,0.00890680024,0.0943758457
128.8,0.00891628832,0.0944260998
128.9,0.00892593523,0.0944771678
129.0,0.00893573062,0.0945289935
129.1,0.00894560814,0.0945812251
129.2,0.00895552501,0.0946336357
129.3,0.00896554996,0.0946865881
129.4,0.00897565867,0.0947399529
129.5,0.00898578648,0.0947933884
129.6,0.00899570239,0.0948456767
129.7,0.00900525509,0.0948960225
129.8,0.00901457605,0.0949451213
129.9,0.00902381877,0.0949937828
130.0,0.00903299002,0.0950420434
130.1,0.00904215703,0.0950902573
130.2,0.00905137996,0.0951387406
130.3,0.00906069987,0.0951877086
130.4,0.00907017339,0.0952374579
130.5,0.00907979872,0.0952879778
130.6,0.00908965243,0.0953396687
130.7,0.00909964846,0.0953920775
130.8,0.00910974829,0.0954450014
130.9,0.00911999497,0.0954986648
131.0,0.00913045699,0.0955534248
131.1,0.00914114618,0.0956093415
131.2,0.00915204731,0.0956663332
131.3,0.00916315805,0.0957243859
131.4,0.0091744688,0.0957834474
131.5,0.00918601343,0.0958436927
131.6,0.00919780132,0.0959051683
131.7,0.00920981696,0.0959677913
131.8,0.00922205076,0.0960315092
131.9,0.00923449958,0.0960963037
132.0,0.00924712636,0.0961619798
132.1,0.00925981089,0.0962279112
132.2,0.00927236466,0.0962931185
132.3,0.00928473047,0.0963573063
132.4,0.00929712486,0.0964215996
132.5,0.0093095112,0.0964858083
132.6,0.00932188183,0.096549893
132.7,0.00933432122,0.096614291
132.8,0.00934683677,0.09667904
132.9,0.00935937726,0.0967438745
133.0,0.00937184975,0.0968083144
133.1,0.0093842067,0.0968721152
133.2,0.00939632754,0.0969346561
133.3,0.00940823212,0.0969960418
133.4,0.00941993423,0.0970563456
133.5,0.00943136001,0.0971151894
133.6,0.00944248935,0.0971724722
133.7,0.00945328347,0.0972279974
133.8,0.00946364658,0.0972812756
133.9,0.00947356906,0.0973322612
134.0,0.00948316359,0.0973815362
134.1,0.00949246569,0.0974292856
134.2,0.00950153048,0.0974757944
134.3,0.00951038632,0.0975212096
134.4,0.00951900595,0.0975653932
134.5,0.00952733084,0.097608047
134.6,0.00953536387,0.0976491878
134.7,0.00954319644,0.0976892852
134.8,0.00955082546,0.0977283247
134.9,0.00955821384,0.0977661181
135.0,0.00956534585,0.0978025861
135.1,0.00957227308,0.097837994
135.2,0.00957903862,0.0978725632
135.3,0.00958560439,0.0979060998
135.4,0.00959192051,0.0979383505
135.5,0.0095979586,0.0979691717
135.6,0.0096037141,0.0979985413
135.7,0.00960922581,0.0980266587
135.8,0.0096145459,0.0980537909
135.9,0.0096197193,0.0980801677
136.0,0.00962475168,0.0981058188
136.1,0.00962963069,0.0981306817
136.2,0.00963440661,0.0981550131
136.3,0.00963911679,0.0981790038
136.4,0.0096437359,0.0982025249
136.5,0.00964821764,0.0982253411
136.6,0.00965230754,0.0982461579
136.7,0.00965584479,0.0982641582
136.8,0.00965886889,0.0982795446
136.9,0.00966161221,0.0982935004
137.0,0.00966412305,0.0983062717
137.1,0.00966645326,0.0983181227
137.2,0.00966864115,0.0983292487
137.3,0.00967074394,0.0983399407
137.4,0.00967283776,0.0983505859
137.5,0.00967497362,0.0983614438
137.6,0.00967713494,0.0983724298
137.7,0.00967925954,0.0983832279
137.8,0.00968130806,0.0983936383
137.9,0.00968323577,0.0984034337
138.0,0.00968503714,0.0984125863
138.1,0.00968676087,0.0984213436
138.2,0.00968843629,0.0984298547
138.3,0.00969004612,0.0984380319
138.4,0.00969152162,0.0984455262
138.5,0.00969289739,0.0984525134
138.6,0.00969421232,0.0984591911
138.7,0.00969545798,0.0984655167
138.8,0.00969665512,0.0984715955
138.9,0.00969788374,0.0984778338
139.0,0.00969909272,0.0984839719
139.1,0.0096999751,0.0984884516
139.2,0.00970038943,0.098490555
139.3,0.00970026196,0.0984899079
139.4,0.00969954972,0.098486292
139.5,0.00969842876,0.0984806009
139.6,0.00969701441,0.0984734198
139.7,0.00969537492,0.0984650949
139.8,0.00969353432,0.098455748
139.9,0.00969155356,0.0984456884
140.0,0.00968946152,0.0984350625
140.1,0.00968735211,0.0984243472
140.2,0.0096852988,0.0984139157
140.3,0.00968336795,0.0984041054
140.4,0.00968157095,0.0983949742
140.5,0.00967985457,0.0983862519
140.6,0.00967816054,0.0983776425
140.7,0.00967642063,0.0983687991
140.8,0.00967465405,0.0983598193
140.9,0.00967299564,0.0983513886
141.0,0.00967132861,0.0983429134
141.1,0.00966958081,0.0983340267
141.2,0.0096677461,0.0983246973
141.3,0.00966594063,0.0983155157
141.4,0.009664248,0.0983069072
141.5,0.00966269297,0.0982989978
141.6,0.00966125767,0.0982916968
141.7,0.00965992672,0.0982849262
141.8,0.00965869867,0.0982786786
141.9,0.00965752142,0.0982726891
142.0,0.00965628474,0.0982663968
142.1,0.00965495927,0.0982596523
142.2,0.00965360826,0.0982527774
142.3,0.0096522342,0.0982457847
142.4,0.0096508424,0.0982387012
142.5,0.00964951206,0.09823193
142.6,0.00964823297,0.0982254192
142.7,0.00964697833,0.0982190324
142.8,0.00964580037,0.0982130356
142.9,0.00964470386,0.0982074532
143.0,0.00964363571,0.0982020148
143.1,0.00964256081,0.0981965418
143.2,0.00964152141,0.0981912491
143.3,0.00964052931,0.0981861971
143.4,0.00963959215,0.0981814247
143.5,0.00963875684,0.0981771707
143.6,0.00963803601,0.0981734995
143.7,0.0096373598,0.0981700555
143.8,0.00963667688,0.0981665772
143.9,0.00963597972,0.0981630263
144.0,0.00963531822,0.0981596568
144.1,0.00963472074,0.0981566133
144.2,0.00963425656,0.0981542488
144.3,0.00963397832,0.0981528315
144.4,0.00963395424,0.0981527088
144.5,0.00963417646,0.0981538408
144.6,0.0096344939,0.0981554578
144.7,0.00963470288,0.0981565223
144.8,0.00963473208,0.0981566711
144.9,0.00963465285,0.0981562675
145.0,0.00963455973,0.0981557931
145.1,0.00963450629,0.098155521
145.2,0.00963445762,0.098155273
145.3,0.00963438651,0.0981549108
145.4,0.00963428824,0.0981544102
145.5,0.00963417132,0.0981538146
145.6,0.00963404312,0.0981531615
145.7,0.00963395161,0.0981526954
145.8,0.00963392871,0.0981525787
145.9,0.00963396611,0.0981527692
146.0,0.0096340872,0.0981533861
146.1,0.00963429568,0.0981544481
146.2,0.00963456878,0.0981558393
146.3,0.00963491178,0.0981575865
146.4,0.0096353618,0.0981598788
146.5,0.00963592243,0.0981627344
146.6,0.00963661112,0.0981662423
146.7,0.00963745874,0.0981705594
146.8,0.00963848776,0.0981758003
146.9,0.00963967266,0.0981818347
147.0,0.00964088667,0.0981880169
147.1,0.00964211814,0.0981942877
147.2,0.00964349276,0.0982012869
147.3,0.00964504674,0.0982091989
147.4,0.00964675983,0.0982179201
147.5,0.00964845722,0.0982265607
147.6,0.00964996527,0.0982342368
147.7,0.00965128768,0.0982409674
147.8,0.0096524348,0.0982468055
147.9,0.00965338614,0.098251647
148.0,0.00965424883,0.0982560371
148.1,0.00965517848,0.0982607677
148.2,0.00965628871,0.098266417
148.3,0.00965759831,0.0982730803
148.4,0.00965910465,0.098280744
148.5,0.00966095938,0.0982901795
148.6,0.00966316632,0.0983014055
148.7,0.00966562761,0.0983139238
148.8,0.00966833885,0.0983277115
148.9,0.00967130923,0.0983428148
149.0,0.00967457484,0.0983594166
149.1,0.00967818801,0.0983777821
149.2,0.00968216936,0.098398015
149.3,0.00968654275,0.0984202355
149.4,0.00969128261,0.0984443122
149.5,0.00969640683,0.0984703348
149.6,0.00970193561,0.0984984041
149.7,0.00970786342,0.0985284904
149.8,0.0097141789,0.0985605342
149.9,0.00972085795,0.0985944114
150.0,0.0097278705,0.0986299676
150.1,0.00973521619,0.0986671992
150.2,0.0097428519,0.0987058858
150.3,0.00975077578,0.0987460165
150.4,0.00975898128,0.0987875563
150.5,0.00976743394,0.0988303291
150.6,0.00977612185,0.098874273
150.7,0.00978503666,0.0989193442
150.8,0.00979416257,0.0989654615
150.9,0.00980349382,0.0990125943
151.0,0.00981300768,0.0990606263
151.1,0.0098226417,0.0991092412
151.2,0.00983235398,0.099158227
151.3,0.00984215778,0.0992076498
151.4,0.0098520425,0.0992574556
151.5,0.00986195065,0.0993073544
151.6,0.00987187629,0.0993573162
151.7,0.00988180274,0.099407257
151.8,0.00989171192,0.0994570858
151.9,0.00990156759,0.0995066209
152.0,0.00991127173,0.0995553702
152.1,0.00992081682,0.0996032972
152.2,0.0099302224,0.0996505013
152.3,0.00993948449,0.0996969633
152.4,0.00994866531,0.0997429963
152.5,0.0099578463,0.0997890089
152.6,0.00996708056,0.0998352671
152.7,0.00997636196,0.0998817399
152.8,0.00998554796,0.0999277137
152.9,0.00999441227,0.0999720574
153.0,0.0100029149,0.100014574
153.1,0.0100109347,0.100054658
153.2,0.010018389,0.100091903
153.3,0.010025277,0.100126305
153.4,0.0100318272,0.10015901
153.5,0.0100380781,0.100190209
153.6,0.0100440629,0.100220072
153.7,0.0100498027,0.100248704
153.8,0.0100553877,0.100276556
153.9,0.0100609055,0.100304065
154.0,0.0100663078,0.100330991
154.1,0.0100715231,0.100356978
154.2,0.0100765519,0.10038203
154.3,0.0100814811,0.100406579
154.4,0.0100862824,0.100430485
154.5,0.0100909959,0.100453949
154.6,0.0100956543,0.100477133
154.7,0.0101002448,0.100499974
154.8,0.0101047027,0.10052215
154.9,0.0101089562,0.100543305
155.0,0.0101130913,0.100563867
155.1,0.01011715,0.100584045
155.2,0.0101211039,0.100603697
155.3,0.0101250475,0.100623295
155.4,0.0101289908,0.100642888
155.5,0.0101328123,0.100661871
155.6,0.0101363703,0.100679543
155.7,0.0101396305,0.100695733
155.8,0.0101427364,0.100711153
155.9,0.0101456851,0.100725792
156.0,0.010148561,0.100740067
156.1,0.0101513996,0.100754154
156.2,0.0101541332,0.100767719
156.3,0.0101566504,0.100780209
156.4,0.0101590284,0.100792006
156.5,0.010161364,0.100803591
156.6,0.0101635719,0.100814542
156.7,0.0101654809,0.10082401
156.8,0.0101670764,0.100831922
156.9,0.0101684498,0.100838732
157.0,0.0101696331,0.100844599
157.1,0.0101707572,0.100850172
157.2,0.010171889,0.100855783
157.3,0.0101730043,0.100861312
157.4,0.0101741025,0.100866756
157.5,0.0101750823,0.100871613
157.6,0.0101757074,0.100874711
157.7,0.0101759432,0.10087588
157.8,0.0101759181,0.100875756
157.9,0.0101757825,0.100875084
158.0,0.0101755991,0.100874175
158.1,0.0101753739,0.100873058
158.2,0.0101750961,0.100871681
158.3,0.0101747009,0.100869722
158.4,0.0101742412,0.100867444
158.5,0.0101737401,0.10086496
158.6,0.0101730783,0.100861679
158.7,0.0101721697,0.100857175
158.8,0.0101712213,0.100852473
158.9,0.0101700161,0.100846498
159.0,0.0101684467,0.100838716
159.1,0.0101667043,0.100830076
159.2,0.0101649389,0.100821322
159.3,0.0101633046,0.100813216
159.4,0.010161596,0.100804742
159.5,0.0101596919,0.100795297
159.6,0.0101576116,0.100784977
159.7,0.0101556308,0.10077515
159.8,0.0101538457,0.100766293
159.9,0.0101522647,0.100758447
160.0,0.0101509059,0.100751704
160.1,0.0101496961,0.1007457
160.2,0.0101487183,0.100740847
160.3,0.0101481444,0.100737999
160.4,0.0101479955,0.10073726
160.5,0.0101481671,0.100738111
160.6,0.0101485643,0.100740083
160.7,0.0101491782,0.10074313
160.8,0.0101500497,0.100747455
160.9,0.0101512023,0.100753175
161.0,0.0101527378,0.100760795
161.1,0.010154769,0.100770874
161.2,0.0101573191,0.100783526
161.3,0.0101604353,0.100798984
161.4,0.0101641385,0.100817352
161.5,0.0101684677,0.10083882
161.6,0.0101734248,0.100863397
161.7,0.0101790262,0.10089116
161.8,0.0101852789,0.100922143
161.9,0.0101920741,0.100955803
162.0,0.0101993406,0.100991785
162.1,0.0102069577,0.101029489
162.2,0.0102148715,0.101068648
162.3,0.010223112,0.101109406
162.4,0.0102316644,0.10115169
162.5,0.0102405217,0.101195463
162.6,0.0102497659,0.101241128
162.7,0.0102594638,0.101289011
162.8,0.0102695919,0.101338995
162.9,0.0102799882,0.101390277
163.0,0.0102904298,0.101441756
163.1,0.0103007899,0.101492807
163.2,0.0103112289,0.101544221
163.3,0.010321734,0.101595935
163.4,0.0103323146,0.101647993
163.5,0.0103429835,0.10170046
163.6,0.0103536958,0.101753112
163.7,0.0103644398,0.101805893
163.8,0.0103752114,0.101858781
163.9,0.010386029,0.101911869
164.0,0.010396921,0.101965293
164.1,0.0104079142,0.102019186
164.2,0.010419016,0.102073581
164.3,0.0104301539,0.102128125
164.4,0.0104412123,0.102182251
164.5,0.010452029,0.102235165
164.6,0.0104625774,0.102286741
164.7,0.0104729804,0.10233758
164.8,0.010483253,0.102387758
164.9,0.0104934929,0.102437751
165.0,0.0105036674,0.102487401
165.1,0.0105138536,0.102537084
165.2,0.0105239751,0.102586427
165.3,0.0105338728,0.102634657
165.4,0.0105433988,0.102681054
165.5,0.0105525795,0.102725749
165.6,0.0105614768,0.102769046
165.7,0.0105700368,0.102810684
165.8,0.0105783621,0.102851165
165.9,0.0105865443,0.102890934
166.0,0.0105946435,0.102930285
166.1,0.0106025965,0.10296891
166.2,0.0106103721,0.10300666
166.3,0.0106180889,0.103044111
166.4,0.010625774,0.103081395
166.5,0.0106334342,0.103118544
166.6,0.0106411278,0.103155842
166.7,0.0106488452,0.103193242
166.8,0.0106565751,0.103230689
166.9,0.0106642604,0.103267906
167.0,0.0106718722,0.103304754
167.1,0.0106794269,0.103341313
167.2,0.0106869607,0.103377757
167.3,0.0106944337,0.103413895
167.4,0.0107018688,0.103449837
167.5,0.010709319,0.103485839
167.6,0.0107167329,0.103521654
167.7,0.0107241372,0.10355741
167.8,0.0107316226,0.103593545
167.9,0.0107392882,0.103630537
168.0,0.0107470966,0.103668204
168.1,0.0107549205,0.103705933
168.2,0.0107628141,0.103743983
168.3,0.0107707899,0.103782416
168.4,0.0107788448,0.103821215
168.5,0.0107870204,0.103860582
168.6,0.0107952499,0.103900192
168.7,0.0108035273,0.103940018
168.8,0.0108119243,0.103980403
168.9,0.0108204189,0.104021243
169.0,0.0108289224,0.104062108
169.1,0.0108374447,0.104103048
169.2,0.0108461129,0.104144673
169.3,0.0108550118,0.104187388
169.4,0.0108640786,0.104230891
169.5,0.0108732478,0.104274867
169.6,0.0108824172,0.104318825
169.7,0.0108914616,0.104362166
169.8,0.0109003562,0.104404771
169.9,0.0109091082,0.104446676
170.0,0.010917754,0.104488057
170.1,0.010926247,0.10452869
170.2,0.0109344121,0.104567739
170.3,0.0109421774,0.104604863
170.4,0.0109496076,0.104640372
170.5,0.0109568042,0.104674754
170.6,0.0109637868,0.104708103
170.7,0.0109706102,0.104740681
170.8,0.0109773901,0.104773041
170.9,0.010984114,0.104805124
171.0,0.0109907195,0.104836633
171.1,0.0109973413,0.104868209
171.2,0.0110039717,0.104899817
171.3,0.0110106199,0.104931501
171.4,0.0110172809,0.104963236
171.5,0.0110237398,0.104993999
171.6,0.0110298851,0.10502326
171.7,0.0110358184,0.105051504
171.8,0.0110416053,0.105079043
171.9,0.0110472954,0.105106115
172.0,0.0110529693,0.105133103
172.1,0.0110585751,0.10515976
172.2,0.0110639434,0.105185281
172.3,0.0110690172,0.105209397
172.4,0.011073793,0.105232091
172.5,0.0110783527,0.105253754
172.6,0.0110827671,0.105274722
172.7,0.0110870915,0.105295259
172.8,0.0110913471,0.105315465
172.9,0.0110955553,0.105335442
173.0,0.0110997686,0.105355439
173.1,0.0111039732,0.105375392
173.2,0.0111081295,0.105395111
173.3,0.0111122311,0.105414568
173.4,0.0111162464,0.105433611
173.5,0.0111201306,0.10545203
173.6,0.0111238441,0.105469636
173.7,0.0111273392,0.105486204
173.8,0.0111306132,0.105501721
173.9,0.011133664,0.105516179
174.0,0.0111364591,0.105529423
174.1,0.0111389729,0.105541333
174.2,0.0111411899,0.105551835
174.3,0.0111430913,0.105560842
174.4,0.011144713,0.105568523
174.5,0.0111461284,0.105575226
174.6,0.0111474289,0.105581385
174.7,0.0111487473,0.105587629
174.8,0.0111500807,0.105593943
174.9,0.0111512473,0.105599466
175.0,0.0111520149,0.105603101
175.1,0.011152326,0.105604574
175.2,0.0111522767,0.105604341
175.3,0.0111518953,0.105602534
175.4,0.0111511978,0.105599232
175.5,0.0111502072,0.105594541
175.6,0.0111489436,0.105588558
175.7,0.01114744,0.105581438
175.8,0.0111457239,0.105573311
175.9,0.0111438001,0.105564199
176.0,0.011141785,0.105554654
176.1,0.0111397497,0.105545013
176.2,0.011137678,0.105535198
176.3,0.0111357092,0.10552587
176.4,0.0111338659,0.105517136
176.5,0.0111320012,0.105508299
176.6,0.0111301315,0.105499439
176.7,0.0111283196,0.105490851
176.8,0.0111266108,0.105482751
176.9,0.0111250088,0.105475157
177.0,0.0111235289,0.105468142
177.1,0.0111223099,0.105462362
177.2,0.0111212221,0.105457205
177.3,0.0111202063,0.105452389
177.4,0.0111192064,0.105447648
177.5,0.0111182695,0.105443205
177.6,0.0111171658,0.105437971
177.7,0.0111158278,0.105431626
177.8,0.0111146348,0.105425968
177.9,0.0111136803,0.105421442
178.0,0.0111129285,0.105417876
178.1,0.0111123995,0.105415367
178.2,0.0111120043,0.105413492
178.3,0.0111116991,0.105412044
178.4,0.0111115406,0.105411293
178.5,0.0111115531,0.105411352
178.6,0.011111714,0.105412115
178.7,0.0111119971,0.105413458
178.8,0.0111122962,0.105414877
178.9,0.0111126358,0.105416487
179.0,0.0111131165,0.105418767
179.1,0.0111137967,0.105421993
179.2,0.0111146242,0.105425918
179.3,0.0111155892,0.105430495
179.4,0.0111167315,0.105435912
179.5,0.0111180501,0.105442165
179.6,0.0111194433,0.105448771
179.7,0.0111208284,0.105455338
179.8,0.011122227,0.105461969
179.9,0.0111235946,0.105468453
180.0,0.0111248912,0.1054746
180.1,0.0111261,0.10548033
180.2,0.0111272293,0.105485683
180.3,0.01112825,0.105490521
180.4,0.0111291278,0.105494681
180.5,0.0111298402,0.105498058
180.6,0.0111305035,0.105501201
180.7,0.0111311493,0.105504262
180.8,0.0111317634,0.105507172
180.9,0.0111324107,0.10551024
181.0,0.0111330345,0.105513196
181.1,0.0111334012,0.105514933
181.2,0.0111332629,0.105514278
181.3,0.0111324954,0.105510641
181.4,0.0111311447,0.10550424
181.5,0.0111292697,0.105495354
181.6,0.0111268619,0.105483941
181.7,0.011124089,0.105470797
181.8,0.0111211664,0.105456941
181.9,0.0111180958,0.105442382
182.0,0.0111150164,0.105427778
182.1,0.0111119086,0.105413038
182.2,0.011108478,0.105396765
182.3,0.0111045191,0.105377982
182.4,0.011100026,0.105356661
182.5,0.0110949781,0.105332702
182.6,0.0110895862,0.105307104
182.7,0.0110838972,0.105280089
182.8,0.0110778057,0.105251155
182.9,0.0110714773,0.105221088
183.0,0.0110650101,0.105190352
183.1,0.0110584329,0.105159084
183.2,0.0110517799,0.105127446
183.3,0.0110450297,0.105095336
183.4,0.0110382548,0.105063099
183.5,0.0110315104,0.105030998
183.6,0.0110247846,0.104998974
183.7,0.0110182238,0.104967727
183.8,0.0110119131,0.104937663
183.9,0.0110057286,0.104908191
184.0,0.0109993907,0.10487798
184.1,0.0109930701,0.104847843
184.2,0.0109868177,0.104818022
184.3,0.0109804936,0.10478785
184.4,0.0109739898,0.104756813
184.5,0.0109675014,0.104725839
184.6,0.0109610421,0.104694996
184.7,0.0109545547,0.104664009
184.8,0.0109480744,0.104633047
184.9,0.0109415942,0.104602075
185.0,0.0109351829,0.104571425
185.1,0.0109288813,0.10454129
185.2,0.01092269,0.104511674
185.3,0.0109166332,0.104482693
185.4,0.0109108433,0.104454982
185.5,0.0109053038,0.104428462
185.6,0.0108998381,0.10440229
185.7,0.0108942778,0.104375657
185.8,0.0108886766,0.104348822
185.9,0.0108831353,0.104322267
186.0,0.0108777185,0.104296301
186.1,0.0108725042,0.104271301
186.2,0.0108674895,0.104247252
186.3,0.0108625816,0.104223709
186.4,0.0108578658,0.104201084
186.5,0.0108533941,0.104179624
186.6,0.0108491583,0.104159293
186.7,0.0108450884,0.104139754
186.8,0.0108411668,0.104120924
186.9,0.0108374746,0.104103192
187.0,0.0108340097,0.104086549
187.1,0.0108308379,0.104071312
187.2,0.0108280834,0.104058077
187.3,0.0108256344,0.104046309
187.4,0.0108233847,0.104035497
187.5,0.0108214759,0.104026323
187.6,0.0108198848,0.104018675
187.7,0.0108186164,0.104012578
187.8,0.0108178083,0.104008694
187.9,0.0108173063,0.10400628
188.0,0.0108169659,0.104004644
188.1,0.010816761,0.104003659
188.2,0.0108167305,0.104003512
188.3,0.0108170033,0.104004823
188.4,0.0108176054,0.104007718
188.5,0.0108185094,0.104012064
188.6,0.0108197691,0.104018119
188.7,0.0108213878,0.1040259
188.8,0.0108233141,0.104035158
188.9,0.0108255753,0.104046025
189.0,0.010828327,0.104059248
189.1,0.0108316346,0.104075139
189.2,0.0108352717,0.104092611
189.3,0.0108391553,0.104111264
189.4,0.010843435,0.104131816
189.5,0.010848095,0.104154188
189.6,0.0108532052,0.104178718
189.7,0.0108588476,0.104205795
189.8,0.0108649596,0.104235117
189.9,0.0108712947,0.104265501
190.0,0.010877653,0.104295987
190.1,0.0108839709,0.104326271
190.2,0.0108903212,0.104356702
190.3,0.0108967939,0.10438771
190.4,0.01090347,0.104419682
190.5,0.0109103211,0.104452482
190.6,0.0109174018,0.104486372
190.7,0.0109248114,0.104521823
190.8,0.0109325084,0.104558636
190.9,0.0109403935,0.104596336
191.0,0.0109483745,0.10463448
191.1,0.0109563541,0.104672605
191.2,0.0109643124,0.104710613
191.3,0.0109723257,0.10474887
191.4,0.0109804353,0.104787572
191.5,0.0109886997,0.104826999
191.6,0.0109970333,0.104866741
191.7,0.0110051666,0.104905513
191.8,0.0110132948,0.104944246
191.9,0.0110213722,0.104982723
192.0,0.0110294757,0.105021311
192.1,0.0110378808,0.105061319
192.2,0.0110465138,0.105102397
192.3,0.0110551031,0.10514325
192.4,0.0110637897,0.105184551
192.5,0.0110723413,0.105225193
192.6,0.0110807875,0.105265319
192.7,0.0110891034,0.105304812
192.8,0.011097126,0.105342897
192.9,0.0111048682,0.105379639
193.0,0.0111123532,0.105415147
193.1,0.0111197235,0.1054501
193.2,0.011127202,0.105485553
193.3,0.0111347431,0.105521292
193.4,0.0111424162,0.105557644
193.5,0.0111500739,0.10559391
193.6,0.0111575579,0.105629342
193.7,0.0111648599,0.105663901
193.8,0.0111720156,0.105697756
193.9,0.0111791361,0.105731434
194.0,0.0111861409,0.105764554
194.1,0.0111929439,0.10579671
194.2,0.0111997472,0.105828858
194.3,0.0112065359,0.105860927
194.4,0.011213488,0.105893758
194.5,0.011220645,0.105927546
194.6,0.0112278055,0.10596134
194.7,0.0112351565,0.105996021
194.8,0.0112427742,0.106031949
194.9,0.0112505547,0.106068632
195.0,0.0112586209,0.106106649
195.1,0.0112669723,0.106145995
195.2,0.0112756114,0.106186682
195.3,0.0112845041,0.106228546
195.4,0.0112934904,0.106270835
195.5,0.0113023667,0.106312589
195.6,0.0113109252,0.106352833
195.7,0.0113192879,0.106392142
195.8,0.011327478,0.106430625
195.9,0.011335496,0.106468286
196.0,0.0113433451,0.106505141
196.1,0.0113510623,0.106541364
196.2,0.0113587082,0.106577241
196.3,0.0113662936,0.106612821
196.4,0.0113737133,0.106647613
196.5,0.0113809221,0.106681405
196.6,0.0113879133,0.106714166
196.7,0.0113947326,0.106746113
196.8,0.0114013021,0.10677688
196.9,0.0114075386,0.106806079
197.0,0.0114131966,0.106832564
197.1,0.0114179441,0.10685478
197.2,0.0114219067,0.106873321
197.3,0.0114253068,0.106889227
197.4,0.0114282202,0.106902854
197.5,0.0114306901,0.106914406
197.6,0.0114326891,0.106923754
197.7,0.0114343276,0.106931415
197.8,0.0114356907,0.106937789
197.9,0.0114368106,0.106943025
198.0,0.0114376919,0.106947146
198.1,0.0114382479,0.106949745
198.2,0.0114383753,0.10695034
198.3,0.0114381435,0.106949257
198.4,0.0114377308,0.106947327
198.5,0.0114371978,0.106944835
198.6,0.0114366239,0.106942152
198.7,0.0114359323,0.106938919
198.8,0.0114351427,0.106935227
198.9,0.011434403,0.106931768
199.0,0.0114336674,0.106928328
199.1,0.0114329568,0.106925005
199.2,0.0114321395,0.106921184
199.3,0.0114309355,0.106915553
199.4,0.0114292536,0.106907687
199.5,0.0114271021,0.106897624
199.6,0.0114245293,0.10688559
199.7,0.0114216569,0.106872152
199.8,0.0114186126,0.106857908
199.9,0.0114153731,0.106842749
200.0,0.0114118335,0.106826184
200.1,0.0114080778,0.106808604
200.2,0.0114041152,0.106790052
200.3,0.0113999499,0.106770548
200.4,0.0113956792,0.106750547
200.5,0.0113913534,0.106730284
200.6,0.0113870091,0.10670993
200.7,0.0113826675,0.106689585
200.8,0.0113782765,0.106669005
200.9,0.0113738083,0.106648058
201.0,0.0113692908,0.106626877
201.1,0.011364716,0.106605422
201.2,0.0113601234,0.10658388
201.3,0.0113555683,0.106562509
201.4,0.0113509652,0.106540909
201.5,0.0113463568,0.106519279
201.6,0.0113418724,0.106498227
201.7,0.0113374768,0.106477588
201.8,0.0113331358,0.106457202
201.9,0.0113289045,0.106437327
202.0,0.0113247363,0.106417744
202.1,0.011320627,0.106398435
202.2,0.0113166138,0.106379574
202.3,0.0113126566,0.106360973
202.4,0.0113087451,0.106342584
202.5,0.0113048361,0.106324203
202.6,0.0113008086,0.106305261
202.7,0.0112966756,0.10628582
202.8,0.0112924868,0.106266113
202.9,0.0112882288,0.106246077
203.0,0.0112839229,0.106225811
203.1,0.0112795862,0.106205396
203.2,0.0112751969,0.10618473
203.3,0.01127083,0.106164165
203.4,0.0112664655,0.106143608
203.5,0.0112622458,0.106123729
203.6,0.0112582173,0.106104747
203.7,0.0112541199,0.106085437
203.8,0.0112498445,0.106065284
203.9,0.011245548,0.106045028
204.0,0.0112412235,0.106024637
204.1,0.0112367905,0.106003729
204.2,0.0112323349,0.10598271
204.3,0.0112278958,0.105961766
204.4,0.0112234049,0.105940573
204.5,0.0112188092,0.10591888
204.6,0.0112141783,0.105897017
204.7,0.0112095787,0.105875298
204.8,0.0112051324,0.105854298
204.9,0.0112008826,0.105834222
205.0,0.0111966281,0.105814121
205.1,0.0111921942,0.105793167
205.2,0.011187591,0.105771409
205.3,0.0111827364,0.105748458
205.4,0.0111777491,0.105724874
205.5,0.011172698,0.105700984
205.6,0.0111676883,0.105677284
205.7,0.0111627088,0.105653721
205.8,0.0111577272,0.105630144
205.9,0.0111528132,0.105606881
206.0,0.0111478888,0.105583563
206.1,0.011143064,0.105560713
206.2,0.0111383405,0.105538336
206.3,0.0111335845,0.105515802
206.4,0.0111288395,0.105493315
206.5,0.0111241417,0.105471047
206.6,0.0111195625,0.105449336
206.7,0.0111151386,0.105428358
206.8,0.0111108926,0.105408219
206.9,0.0111067829,0.105388723
207.0,0.0111027833,0.105369746
207.1,0.0110989687,0.105351643
207.2,0.0110953196,0.105334323
207.3,0.0110917629,0.105317439
207.4,0.0110882885,0.105300943
207.5,0.011084857,0.105284647
207.6,0.0110813874,0.105268169
207.7,0.0110778322,0.105251281
207.8,0.0110742283,0.105234159
207.9,0.0110705551,0.105216705
208.0,0.0110667854,0.10519879
208.1,0.0110628521,0.105180094
208.2,0.0110586314,0.105160028
208.3,0.0110539822,0.10513792
208.4,0.0110488876,0.105113689
208.5,0.011043441,0.105087778
208.6,0.0110377633,0.10506076
208.7,0.0110318951,0.105032829
208.8,0.0110258951,0.105004262
208.9,0.0110198216,0.104975338
209.0,0.0110136846,0.104946104
209.1,0.0110075169,0.104916714
209.2,0.0110013918,0.10488752
209.3,0.0109950969,0.104857508
209.4,0.0109883594,0.104825376
209.5,0.0109812671,0.104791541
209.6,0.0109738437,0.104756115
209.7,0.0109662172,0.104719708
209.8,0.0109584812,0.104682765
209.9,0.0109506912,0.10464555
210.0,0.0109428786,0.104608215
210.1,0.010935112,0.104571086
210.2,0.0109274975,0.104534671
210.3,0.0109200805,0.104499189
210.4,0.0109128461,0.104464569
210.5,0.0109058175,0.104430922
210.6,0.010898935,0.104397965
210.7,0.0108920955,0.104365202
210.8,0.0108853462,0.104332862
210.9,0.0108787412,0.104301204
211.0,0.0108722457,0.104270061
211.1,0.010865813,0.10423921
211.2,0.0108595033,0.104208941
211.3,0.0108533824,0.104179568
211.4,0.0108474707,0.104151192
211.5,0.0108417401,0.104123677
211.6,0.0108360391,0.104096297
211.7,0.0108301442,0.104067979
211.8,0.0108239382,0.104038158
211.9,0.0108174035,0.104006748
212.0,0.0108105676,0.103973879
212.1,0.0108034452,0.103939623
212.2,0.0107961768,0.103904653
212.3,0.010788788,0.10386909
212.4,0.0107812922,0.103833002
212.5,0.0107737718,0.103796781
212.6,0.0107663426,0.103760988
212.7,0.0107589997,0.103725598
212.8,0.0107517515,0.103690653
212.9,0.0107444676,0.103655524
213.0,0.0107370478,0.103619727
213.1,0.0107293058,0.103582363
213.2,0.0107213103,0.10354376
213.3,0.0107131188,0.103504197
213.4,0.0107048573,0.10346428
213.5,0.0106966212,0.103424471
213.6,0.01068849,0.103385154
213.7,0.0106804739,0.103346378
213.8,0.0106726263,0.103308404
213.9,0.0106649903,0.10327144
214.0,0.0106575237,0.103235283
214.1,0.0106502647,0.10320012
214.2,0.0106431073,0.103165437
214.3,0.0106359977,0.103130973
214.4,0.0106289787,0.103096938
214.5,0.0106219888,0.103063033
214.6,0.0106149879,0.103029063
214.7,0.0106077655,0.102994007
214.8,0.010600147,0.102957015
214.9,0.0105921301,0.102918074
215.0,0.0105837747,0.102877474
215.1,0.0105750853,0.102835234
215.2,0.0105661982,0.102792014
215.3,0.0105571195,0.102747844
215.4,0.0105478512,0.102702732
215.5,0.0105384585,0.102656994
215.6,0.0105289802,0.102610819
215.7,0.0105194305,0.102564275
215.8,0.0105098761,0.102517687
215.9,0.0105003418,0.102471175
216.0,0.0104908356,0.10242478
216.1,0.0104813681,0.102378553
216.2,0.0104718614,0.102332113
216.3,0.0104623213,0.102285489
216.4,0.0104527989,0.10223893
216.5,0.0104432937,0.102192435
216.6,0.0104338146,0.102146046
216.7,0.0104243793,0.10209985
216.8,0.0104150342,0.102054075
216.9,0.0104058287,0.102008964
217.0,0.0103967209,0.101964312
217.1,0.0103876414,0.101919779
217.2,0.0103785165,0.101875004
217.3,0.0103692973,0.101829746
217.4,0.0103600087,0.101784128
217.5,0.0103506899,0.10173834
217.6,0.0103413184,0.101692273
217.7,0.0103318818,0.101645864
217.8,0.010322457,0.101599493
217.9,0.0103130915,0.101553392
218.0,0.0103037549,0.101507413
218.1,0.0102944062,0.101461353
218.2,0.0102851214,0.101415587
218.3,0.0102759573,0.101370397
218.4,0.0102669228,0.101325825
218.5,0.0102580498,0.101282031
218.6,0.0102492797,0.101238726
218.7,0.0102404891,0.101195302
218.8,0.0102315611,0.10115118
218.9,0.010222478,0.101106271
219.0,0.0102132763,0.101060755
219.1,0.0102039527,0.101014616
219.2,0.0101945857,0.100968241
219.3,0.0101852478,0.100921989
219.4,0.0101760498,0.100876409
219.5,0.010167123,0.100832152
219.6,0.0101584575,0.100789173
219.7,0.0101498828,0.100746627
219.8,0.0101413053,0.100704048
219.9,0.0101325667,0.100660651
220.0,0.0101236062,0.100616133
220.1,0.0101144606,0.100570675
220.2,0.0101051932,0.10052459
220.3,0.0100959121,0.100478416
220.4,0.0100866074,0.100432103
220.5,0.0100773389,0.10038595
220.6,0.0100681727,0.100340285
220.7,0.0100592152,0.100295639
220.8,0.0100505422,0.100252392
220.9,0.0100420402,0.100209981
221.0,0.0100333315,0.100166519
221.1,0.0100241634,0.100120744
221.2,0.010014682,0.100073383
221.3,0.0100049582,0.100024788
221.4,0.00999505967,0.0999752953
221.5,0.0099850383,0.0999251635
221.6,0.0099749442,0.0998746424
221.7,0.00996475057,0.0998235973
221.8,0.00995445512,0.0997720157
221.9,0.00994393648,0.0997192884
222.0,0.0099332899,0.0996658914
222.1,0.00992253619,0.099611928
222.2,0.00991159379,0.0995569877
222.3,0.00990055018,0.0995015084
222.4,0.00988946852,0.0994458069
222.5,0.00987849299,0.0993906082
222.6,0.00986764999,0.0993360458
222.7,0.00985678532,0.0992813443
222.8,0.00984591005,0.0992265592
222.9,0.00983501915,0.0991716651
223.0,0.00982402186,0.0991162038
223.1,0.00981296523,0.099060412
223.2,0.00980192247,0.0990046588
223.3,0.0097907937,0.0989484396
223.4,0.0097795761,0.0988917393
223.5,0.00976859826,0.0988362194
223.6,0.00975803508,0.0987827671
223.7,0.00974786,0.0987312514
223.8,0.00973803112,0.0986814629
223.9,0.00972835247,0.0986324108
224.0,0.00971871333,0.0985835348
224.1,0.00970936158,0.0985360928
224.2,0.00970034524,0.0984903307
224.3,0.00969163237,0.0984460886
224.4,0.0096829702,0.0984020843
224.5,0.00967422191,0.0983576225
224.6,0.00966554654,0.0983135115
224.7,0.00965695243,0.0982697941
224.8,0.00964847884,0.0982266707
224.9,0.00963997666,0.0981833828
225.0,0.00963148985,0.0981401541
225.1,0.00962321041,0.0980979633
225.2,0.00961516258,0.0980569354
225.3,0.00960732878,0.0980169821
225.4,0.00959977366,0.0979784347
225.5,0.00959263611,0.0979420038
225.6,0.00958598254,0.097908031
225.7,0.00957983675,0.0978766405
225.8,0.00957413171,0.0978474921
225.9,0.0095685782,0.0978191096
226.0,0.00956302359,0.0977907132
226.1,0.00955754806,0.097762713
226.2,0.00955209944,0.0977348425
226.3,0.00954656961,0.0977065485
226.4,0.0095410782,0.0976784429
226.5,0.00953585821,0.0976517189
226.6,0.00953095276,0.0976265986
226.7,0.00952621622,0.0976023372
226.8,0.00952159095,0.0975786398
226.9,0.00951710119,0.0975556312
227.0,0.00951279186,0.0975335422
227.1,0.00950859181,0.0975120085
227.2,0.00950442713,0.0974906515
227.3,0.00950048981,0.0974704561
227.4,0.00949666714,0.0974508447
227.5,0.00949278121,0.0974309048
227.6,0.00948880513,0.097410498
227.7,0.00948480263,0.0973899514
227.8,0.00948075809,0.0973691845
227.9,0.0094766801,0.0973482414
228.0,0.00947270848,0.0973278402
228.1,0.0094688535,0.0973080341
228.2,0.00946506341,0.0972885574
228.3,0.00946145407,0.097270006
228.4,0.0094581525,0.0972530334
228.5,0.00945516674,0.0972376817
228.6,0.00945243381,0.0972236279
228.7,0.00944995115,0.0972108592
228.8,0.00944757947,0.0971986598
228.9,0.00944518154,0.0971863238
229.0,0.00944268996,0.0971735044
229.1,0.00944024851,0.0971609413
229.2,0.00943785827,0.0971486401
229.3,0.00943548029,0.0971364004
229.4,0.00943308988,0.0971240953
229.5,0.00943071863,0.0971118872
229.6,0.0094284151,0.0971000263
229.7,0.00942620579,0.0970886491
229.8,0.00942401875,0.0970773854
229.9,0.00942171856,0.0970655375
230.0,0.00941932257,0.0970531945
230.1,0.00941683178,0.0970403616
230.2,0.00941433955,0.0970275196
230.3,0.00941184477,0.0970146626
230.4,0.00940924084,0.0970012414
230.5,0.00940650595,0.0969871432
230.6,0.00940363794,0.0969723566
230.7,0.00940071635,0.0969572914
230.8,0.00939775797,0.0969420341
230.9,0.0093946831,0.0969261735
231.0,0.0093914913,0.0969097069
231.1,0.0093883066,0.0968932743
231.2,0.00938527293,0.0968776183
231.3,0.00938242628,0.0968629252
231.4,0.00937968004,0.0968487483
231.5,0.00937691777,0.0968344865
231.6,0.00937377815,0.0968182738
231.7,0.00937010608,0.0967993083
231.8,0.00936586107,0.0967773789
231.9,0.00936125672,0.0967535876
232.0,0.00935649267,0.096728965
232.1,0.00935180212,0.0967047161
232.2,0.00934724849,0.0966811693
232.3,0.0093428273,0.0966583017
232.4,0.00933855821,0.0966362158
232.5,0.0093344763,0.0966150935
232.6,0.00933060659,0.096595065
232.7,0.00932698019,0.0965762921
232.8,0.00932366137,0.0965591082
232.9,0.00932067331,0.0965436342
233.0,0.00931806892,0.0965301451
233.1,0.00931585634,0.0965186839
233.2,0.00931391923,0.0965086485
233.3,0.0093122962,0.0965002394
233.4,0.00931085941,0.0964927946
233.5,0.00930949231,0.0964857104
233.6,0.00930835738,0.0964798289
233.7,0.00930759972,0.0964759023
233.8,0.0093072637,0.0964741608
233.9,0.00930727323,0.0964742102
234.0,0.00930753668,0.0964755756
234.1,0.00930803957,0.0964781819
234.2,0.00930884241,0.0964823425
234.3,0.00931005863,0.0964886451
234.4,0.00931175274,0.0964974235
234.5,0.00931380415,0.0965080522
234.6,0.00931616421,0.0965202787
234.7,0.00931878823,0.0965338709
234.8,0.00932172065,0.0965490582
234.9,0.00932506247,0.0965663631
235.0,0.00932888005,0.0965861276
235.1,0.0093332142,0.0966085617
235.2,0.00933805777,0.0966336265
235.3,0.00934343763,0.0966614588
235.4,0.00934940089,0.0966923001
235.5,0.00935586082,0.0967256988
235.6,0.00936276805,0.0967613975
235.7,0.00937013113,0.0967994376
235.8,0.00937801712,0.0968401627
235.9,0.00938650033,0.0968839529
236.0,0.00939560669,0.0969309377
236.1,0.00940521393,0.0969804822
236.2,0.00941518797,0.0970318915
236.3,0.00942548452,0.0970849346
236.4,0.00943607805,0.0971394773
236.5,0.00944694422,0.097195392
236.6,0.00945800067,0.0972522528
236.7,0.00946927124,0.0973101805
236.8,0.00948069355,0.0973688531
236.9,0.00949224511,0.0974281536
237.0,0.00950395968,0.0974882541
237.1,0.00951573865,0.0975486476
237.2,0.00952753202,0.0976090776
237.3,0.0095393034,0.0976693575
237.4,0.0095511587,0.0977300297
237.5,0.0095630397,0.0977907956
237.6,0.00957497129,0.0978517822
237.7,0.00958689269,0.0979126789
237.8,0.00959878878,0.0979734085
237.9,0.0096107023,0.0980341895
238.0,0.00962267753,0.0980952472
238.1,0.00963487094,0.0981573784
238.2,0.00964737207,0.0982210368
238.3,0.00966004684,0.0982855373
238.4,0.00967258762,0.0983493143
238.5,0.0096847739,0.0984112488
238.6,0.00969660489,0.0984713405
238.7,0.00970805687,0.0985294721
238.8,0.0097191162,0.098585578
238.9,0.00972990581,0.0986402849
239.0,0.00974051259,0.0986940352
239.1,0.00975097204,0.0987470103
239.2,0.00976122359,0.0987989048
239.3,0.00977130534,0.0988499132
239.4,0.00978130055,0.0989004578
239.5,0.00979116753,0.0989503286
239.6,0.00980090231,0.0989995066
239.7,0.00981048795,0.0990479074
239.8,0.00981997358,0.0990957798
239.9,0.00982933878,0.0991430219
240.0,0.00983848847,0.099189155
240.1,0.00984734009,0.0992337649
240.2,0.00985578877,0.0992763253
240.3,0.00986391522,0.0993172453
240.4,0.00987164297,0.0993561421
240.5,0.00987881525,0.0993922293
240.6,0.00988534112,0.0994250528
240.7,0.00989108094,0.0994539136
240.8,0.00989616615,0.099479476
240.9,0.00990080388,0.0995027833
241.0,0.00990500154,0.0995238742
241.1,0.00990874155,0.099542662
241.2,0.00991199664,0.0995590109
241.3,0.00991479363,0.0995730568
241.4,0.00991720338,0.0995851564
241.5,0.00991922919,0.0995953271
241.6,0.00992083972,0.0996034122
241.7,0.00992200233,0.0996092482
241.8,0.00992279756,0.0996132399
241.9,0.00992316548,0.0996150866
242.0,0.00992308934,0.0996147044
242.1,0.00992278043,0.0996131539
242.2,0.00992219545,0.0996102176
242.3,0.00992131847,0.0996058154
242.4,0.00992019438,0.0996001726
242.5,0.00991887546,0.0995935513
242.6,0.00991739304,0.0995861087
242.7,0.00991570829,0.0995776496
242.8,0.00991361639,0.0995671451
242.9,0.00991102691,0.0995541406
243.0,0.00990790795,0.0995384747
243.1,0.00990431257,0.0995204128
243.2,0.00990028713,0.0995001866
243.3,0.00989579406,0.0994776058
243.4,0.00989100365,0.0994535251
243.5,0.0098859815,0.0994282731
243.6,0.00988076141,0.0994020191
243.7,0.0098753692,0.0993748922
243.8,0.00986978085,0.0993467707
243.9,0.00986418258,0.0993185913
244.0,0.00985877774,0.099291378
244.1,0.0098535229,0.0992649127
244.2,0.00984831716,0.0992386878
244.3,0.00984310625,0.0992124299
244.4,0.00983776475,0.0991855068
244.5,0.00983231546,0.0991580327
244.6,0.00982679149,0.0991301745
244.7,0.00982139024,0.0991029275
244.8,0.00981612291,0.0990763489
244.9,0.00981100432,0.099050514
245.0,0.00980610187,0.0990257637
245.1,0.0098014973,0.0990025116
245.2,0.00979719402,0.098980776
245.3,0.0097931508,0.0989603496
245.4,0.00978929861,0.0989408844
245.5,0.00978549637,0.0989216679
245.6,0.00978154672,0.0989017023
245.7,0.00977736586,0.0988805636
245.8,0.00977305283,0.0988587519
245.9,0.00976871223,0.0988367959
246.0,0.00976436144,0.0988147835
246.1,0.00976006744,0.0987930536
246.2,0.0097558853,0.0987718852
246.3,0.00975186805,0.0987515471
246.4,0.00974804473,0.0987321869
246.5,0.00974422977,0.0987128653
246.6,0.00974027053,0.0986928089
246.7,0.00973634378,0.0986729131
246.8,0.00973258215,0.0986538502
246.9,0.00972892849,0.0986353308
247.0,0.00972531528,0.0986170132
247.1,0.00972179522,0.0985991644
247.2,0.00971840135,0.0985819525
247.3,0.00971502956,0.0985648495
247.4,0.00971156759,0.0985472861
247.5,0.00970799317,0.0985291488
247.6,0.00970434527,0.0985106353
247.7,0.0097006898,0.0984920799
247.8,0.00969711363,0.0984739236
247.9,0.00969367509,0.0984564629
248.0,0.00969037959,0.0984397257
248.1,0.00968716494,0.0984233963
248.2,0.00968392524,0.0984069369
248.3,0.00968062492,0.0983901668
248.4,0.00967726467,0.0983730891
248.5,0.00967385089,0.0983557365
248.6,0.00967042032,0.0983382953
248.7,0.00966702957,0.0983210535
248.8,0.00966370103,0.0983041252
248.9,0.00966033545,0.0982870055
249.0,0.00965671201,0.0982685708
249.1,0.00965268664,0.0982480872
249.2,0.00964821487,0.098225327
249.3,0.00964324734,0.0982000374
249.4,0.00963791333,0.0981728747
249.5,0.00963216927,0.0981436156
249.6,0.00962606666,0.0981125204
249.7,0.00961984177,0.0980807921
249.8,0.00961345061,0.0980482055
249.9,0.00960688568,0.0980147217
250.0,0.00960021612,0.0979806926
250.1,0.00959359267,0.097946887
250.2,0.0095869713,0.0979130803
250.3,0.00958045264,0.0978797867
250.4,0.0095741046,0.0978473536
250.5,0.00956789658,0.0978156254
250.6,0.00956175874,0.0977842459
250.7,0.00955570756,0.0977532995
250.8,0.00954982897,0.0977232264
250.9,0.00954417513,0.0976942942
251.0,0.00953868047,0.0976661685
251.1,0.00953330386,0.0976386392
251.2,0.00952807673,0.0976118678
251.3,0.00952303814,0.097586055
251.4,0.00951824946,0.0975615163
251.5,0.00951371634,0.0975382814
251.6,0.00950934903,0.0975158912
251.7,0.00950510703,0.0974941384
251.8,0.00950107348,0.0974734501
251.9,0.00949721131,0.0974536367
252.0,0.00949344039,0.0974342876
252.1,0.00948967083,0.0974149415
252.2,0.00948584099,0.0973952822
252.3,0.00948193803,0.0973752434
252.4,0.00947799143,0.0973549764
252.5,0.00947403232,0.0973346409
252.6,0.00946994958,0.0973136659
252.7,0.00946578149,0.0972922479
252.8,0.00946163125,0.0972709168
252.9,0.00945744968,0.0972494199
253.0,0.00945318406,0.0972274861
253.1,0.0094488513,0.097205202
253.2,0.00944447513,0.0971826895
253.3,0.0094399733,0.097159525
253.4,0.00943532242,0.0971355878
253.5,0.00943055644,0.0971110521
253.6,0.00942579966,0.0970865576
253.7,0.00942112107,0.0970624596
253.8,0.00941655402,0.0970389304
253.9,0.00941207242,0.0970158359
254.0,0.00940763382,0.0969929576
254.1,0.00940325702,0.0969703925
254.2,0.00939898463,0.0969483606
254.3,0.00939482868,0.0969269244
254.4,0.00939085433,0.0969064205
254.5,0.00938716456,0.0968873808
254.6,0.00938381595,0.0968700983
254.7,0.00938079438,0.0968545011
254.8,0.00937806324,0.0968404009
254.9,0.00937544103,0.0968268611
255.0,0.00937280413,0.0968132436
255.1,0.00937023746,0.0967999869
255.2,0.00936782626,0.0967875315
255.3,0.00936561483,0.0967761067
255.4,0.00936363056,0.0967658543
255.5,0.00936188875,0.0967568538
255.6,0.00936041845,0.0967492556
255.7,0.00935925747,0.0967432554
255.8,0.00935842109,0.0967389326
255.9,0.00935784469,0.0967359535
256.0,0.00935750331,0.0967341889
256.1,0.00935741466,0.0967337307
256.2,0.00935756866,0.0967345267
256.3,0.00935793372,0.0967364136
256.4,0.00935847087,0.09673919
256.5,0.00935916331,0.0967427688
256.6,0.0093600611,0.0967474087
256.7,0.00936121489,0.0967533715
256.8,0.00936266219,0.0967608505
256.9,0.00936439464,0.0967698023
257.0,0.00936641205,0.0967802255
257.1,0.00936872376,0.0967921679
257.2,0.00937139832,0.0968059829
257.3,0.00937443738,0.0968216783
257.4,0.00937770517,0.0968385521
257.5,0.00938114337,0.0968563027
257.6,0.00938486594,0.0968755178
257.7,0.00938887146,0.0968961891
257.8,0.0093931402,0.096918214
257.9,0.00939770059,0.0969417381
258.0,0.0094025569,0.0969667825
258.1,0.00940769704,0.0969932835
258.2,0.00941313388,0.0970213063
258.3,0.00941886162,0.0970508198
258.4,0.00942487385,0.0970817895
258.5,0.00943117054,0.0971142139
258.6,0.00943777836,0.0971482288
258.7,0.0094447207,0.0971839529
258.8,0.00945197873,0.0972212874
258.9,0.00945950244,0.0972599735
259.0,0.00946725153,0.0972998023
259.1,0.00947524638,0.0973408772
259.2,0.00948353397,0.0973834378
259.3,0.00949204964,0.0974271504
259.4,0.00950076762,0.0974718812
259.5,0.00950965223,0.0975174458
259.6,0.00951869383,0.0975637937
259.7,0.00952788784,0.0976109002
259.8,0.00953696506,0.0976573861
259.9,0.00954551318,0.0977011422
260.0,0.00955354817,0.0977422538
260.1,0.00956111257,0.0977809417
260.2,0.00956838942,0.0978181446
260.3,0.00957547172,0.0978543393
260.4,0.00958248537,0.0978901699
260.5,0.00958960027,0.0979265045
260.6,0.0095968938,0.0979637371
260.7,0.00960433666,0.0980017176
260.8,0.00961185875,0.0980400875
260.9,0.00961949101,0.0980790039
261.0,0.00962727887,0.0981186979
261.1,0.00963523254,0.0981592204
261.2,0.00964332141,0.0982004145
261.3,0.00965151643,0.0982421316
261.4,0.00965975765,0.0982840661
261.5,0.00966792541,0.0983256091
261.6,0.00967587039,0.0983660022
261.7,0.00968356494,0.0984051063
261.8,0.00969114058,0.0984435908
261.9,0.0096986783,0.0984818679
262.0,0.00970606692,0.0985193733
262.1,0.00971325581,0.0985558512
262.2,0.00972024258,0.0985912906
262.3,0.00972703675,0.0986257408
262.4,0.00973364829,0.0986592535
262.5,0.00974015031,0.0986921999
262.6,0.00974648615,0.0987242936
262.7,0.0097525551,0.0987550257
262.8,0.00975832188,0.0987842188
262.9,0.0097639798,0.0988128524
263.0,0.00976974863,0.0988420388
263.1,0.00977573978,0.0988723408
263.2,0.00978178775,0.0989029208
263.3,0.00978757911,0.0989321945
263.4,0.00979290692,0.0989591174
263.5,0.00979781458,0.0989839107
263.6,0.00980239724,0.0990070565
263.7,0.00980681551,0.0990293669
263.8,0.00981111573,0.0990510764
263.9,0.00981530609,0.0990722267
264.0,0.00981940784,0.0990929253
264.1,0.0098234216,0.0991131757
264.2,0.00982742281,0.0991333587
264.3,0.0098314459,0.0991536479
264.4,0.00983563317,0.0991747608
264.5,0.00984002726,0.0991969115
264.6,0.0098445881,0.0992198977
264.7,0.00984938333,0.0992440594
264.8,0.00985436692,0.099269164
264.9,0.00985943373,0.0992946813
265.0,0.00986451641,0.0993202719
265.1,0.0098696619,0.0993461721
265.2,0.0098748677,0.0993723689
265.3,0.00988020031,0.0993991967
265.4,0.00988564661,0.099426589
265.5,0.00989120704,0.0994545476
265.6,0.00989668227,0.0994820701
265.7,0.00990202381,0.0995089132
265.8,0.00990752118,0.0995365319
265.9,0.00991328507,0.0995654813
266.0,0.0099192613,0.0995954883
266.1,0.00992524822,0.09962554
266.2,0.00993122375,0.0996555255
266.3,0.00993725338,0.0996857732
266.4,0.0099434768,0.0997169835
266.5,0.00994977866,0.0997485772
266.6,0.00995600415,0.0997797782
266.7,0.00996233461,0.0998114954
266.8,0.00996900991,0.0998449293
266.9,0.00997616283,0.099880743
267.0,0.00998359375,0.0999179351
267.1,0.00999099329,0.0999549563
267.2,0.00999835088,0.0999917541
267.3,0.0100057799,0.100028896
267.4,0.0100132673,0.100066315
267.5,0.0100208142,0.100104017
267.6,0.0100284536,0.100142167
267.7,0.0100361671,0.100180673
267.8,0.010043951,0.100219514
267.9,0.0100518226,0.100258778
268.0,0.010059852,0.100298814
268.1,0.0100680487,0.100339667
268.2,0.0100764905,0.100381724
268.3,0.0100851727,0.100424961
268.4,0.0100940041,0.100468921
268.5,0.0101030305,0.100513833
268.6,0.010112117,0.100559023
268.7,0.0101211521,0.100603937
268.8,0.0101302874,0.100649329
268.9,0.0101396059,0.10069561
269.0,0.0101490295,0.100742392
269.1,0.01015843,0.100789037
269.2,0.0101678631,0.100835823
269.3,0.0101774153,0.100883176
269.4,0.0101870776,0.100931054
269.5,0.0101968472,0.100979439
269.6,0.010206726,0.101028343
269.7,0.0102167148,0.101077766
269.8,0.0102268688,0.101127982
269.9,0.0102371345,0.101178725
270.0,0.0102473299,0.101229096
270.1,0.0102571988,0.10127783
270.2,0.0102667072,0.101324761
270.3,0.0102760742,0.101370973
270.4,0.0102854864,0.101417387
270.5,0.0102950212,0.101464384
270.6,0.010304444,0.101510807
270.7,0.0103138336,0.101557046
270.8,0.0103232551,0.101603421
270.9,0.0103326633,0.101649709
271.0,0.0103419775,0.101695514
271.1,0.0103511908,0.101740802
271.2,0.0103604656,0.101786372
271.3,0.0103699473,0.101832938
271.4,0.0103796239,0.101880439
271.5,0.0103895065,0.101928929
271.6,0.0103995108,0.101977992
271.7,0.0104096527,0.102027705
271.8,0.010420042,0.102078607
271.9,0.0104306393,0.102130501
272.0,0.010441432,0.102183326
272.1,0.01045236,0.102236784
272.2,0.0104632911,0.10229023
272.3,0.0104740864,0.102342984
272.4,0.0104846547,0.102394603
272.5,0.0104950018,0.102445116
272.6,0.0105050473,0.102494133
272.7,0.0105149568,0.102542463
272.8,0.010524779,0.102590346
272.9,0.0105342749,0.102636616
273.0,0.0105435468,0.102681774
273.1,0.0105524898,0.102725312
273.2,0.010561123,0.102767325
273.3,0.0105695035,0.102808091
273.4,0.0105776278,0.102847595
273.5,0.0105855232,0.102885972
273.6,0.0105933773,0.102924134
273.7,0.0106011981,0.10296212
273.8,0.0106091445,0.103000702
273.9,0.0106172805,0.103040189
274.0,0.0106256622,0.103080853
274.1,0.0106342152,0.103122331
274.2,0.0106427861,0.10316388
274.3,0.0106512571,0.103204927
274.4,0.0106595433,0.103245064
274.5,0.0106674494,0.103283345
274.6,0.0106750122,0.103319951
274.7,0.010682406,0.103355726
274.8,0.0106897205,0.103391104
274.9,0.0106970077,0.10342634
275.0,0.0107042172,0.103461187
275.1,0.010711378,0.103495787
275.2,0.010718394,0.103529677
275.3,0.0107252255,0.103562665
275.4,0.0107318911,0.103594841
275.5,0.0107384018,0.10362626
275.6,0.0107447424,0.103656849
275.7,0.0107511399,0.103687704
275.8,0.0107575694,0.103718703
275.9,0.0107639994,0.103749696
276.0,0.0107706268,0.103781631
276.1,0.0107775018,0.103814748
276.2,0.0107846266,0.103849057
276.3,0.0107918531,0.103883844
276.4,0.0107993149,0.103919752
276.5,0.0108070967,0.103957187
276.6,0.0108152471,0.10399638
276.7,0.0108238072,0.104037528
276.8,0.0108326791,0.104080157
276.9,0.0108417233,0.104123596
277.0,0.0108510162,0.104168211
277.1,0.0108607101,0.104214731
277.2,0.0108707833,0.104263048
277.3,0.0108812434,0.104313198
277.4,0.0108920421,0.104364947
277.5,0.0109029837,0.104417354
277.6,0.0109140162,0.104470169
277.7,0.0109250763,0.10452309
277.8,0.0109361599,0.104576096
277.9,0.0109473953,0.104629801
278.0,0.0109587582,0.104684088
278.1,0.0109701709,0.104738583
278.2,0.0109815531,0.104792906
278.3,0.0109929395,0.10484722
278.4,0.0110043733,0.104901732
278.5,0.0110157621,0.104956001
278.6,0.0110271093,0.105010044
278.7,0.0110384998,0.105064265
278.8,0.0110499048,0.105118527
278.9,0.0110612412,0.105172435
279.0,0.0110720379,0.105223752
279.1,0.0110821565,0.105271822
279.2,0.0110917381,0.105317321
279.3,0.0111009776,0.105361177
279.4,0.0111099908,0.105403941
279.5,0.0111189453,0.10544641
279.6,0.0111278911,0.10548882
279.7,0.0111369005,0.105531514
279.8,0.0111460204,0.105574715
279.9,0.0111553292,0.105618792
280.0,0.0111649005,0.105664093
280.1,0.0111747715,0.105710792
280.2,0.0111848302,0.105758358
280.3,0.0111950005,0.10580643
280.4,0.0112054387,0.105855745
280.5,0.0112161533,0.105906342
280.6,0.0112270381,0.105957719
280.7,0.0112381805,0.106010285
280.8,0.0112495398,0.106063848
280.9,0.0112610144,0.106117927
281.0,0.0112725653,0.106172338
281.1,0.0112842871,0.106227525
281.2,0.0112962107,0.106283633
281.3,0.0113080541,0.106339335
281.4,0.0113197548,0.106394336
281.5,0.0113312792,0.106448481
281.6,0.0113426038,0.106501661
281.7,0.0113538845,0.106554608
281.8,0.0113651931,0.106607659
281.9,0.0113763894,0.106660158
282.0,0.0113871666,0.106710668
282.1,0.0113973861,0.106758541
282.2,0.0114073881,0.106805375
282.3,0.0114171167,0.106850909
282.4,0.0114265806,0.106895185
282.5,0.0114356667,0.106937677
282.6,0.0114442834,0.106977957
282.7,0.011452528,0.107016485
282.8,0.0114602531,0.107052572
282.9,0.0114675702,0.107086742
283.0,0.0114745978,0.107119549
283.1,0.0114812836,0.107150752
283.2,0.0114877937,0.107181126
283.3,0.0114941416,0.107210734
283.4,0.011500402,0.107239927
283.5,0.0115066355,0.107268987
283.6,0.0115127668,0.107297562
283.7,0.011518764,0.107325505
283.8,0.011524631,0.107352834
283.9,0.011530387,0.10737964
284.0,0.0115360265,0.107405896
284.1,0.0115415013,0.107431379
284.2,0.011546844,0.107456242
284.3,0.0115521736,0.107481038
284.4,0.0115575285,0.107505946
284.5,0.0115629061,0.107530954
284.6,0.0115685149,0.107557031
284.7,0.0115741638,0.107583288
284.8,0.0115794903,0.10760804
284.9,0.0115842137,0.107629985
285.0,0.0115882742,0.107648847
285.1,0.011591782,0.107665138
285.2,0.0115947806,0.107679063
285.3,0.0115973546,0.107691014
285.4,0.0115996264,0.107701562
285.5,0.0116017184,0.107711273
285.6,0.0116037417,0.107720665
285.7,0.0116057071,0.107729788
285.8,0.0116075726,0.107738446
285.9,0.0116092859,0.107746396
286.0,0.0116108375,0.107753596
286.1,0.0116122509,0.107760154
286.2,0.0116136118,0.107766469
286.3,0.0116148832,0.107772368
286.4,0.0116159633,0.107777379
286.5,0.0116167807,0.10778117
286.6,0.011617349,0.107783807
286.7,0.0116176008,0.107784975
286.8,0.0116177159,0.107785509
286.9,0.0116178077,0.107785935
287.0,0.0116178831,0.107786284
287.1,0.011617983,0.107786748
287.2,0.0116180975,0.107787279
287.3,0.0116182078,0.107787791
287.4,0.0116183232,0.107788326
287.5,0.0116183836,0.107788606
287.6,0.0116183616,0.107788504
287.7,0.011618342,0.107788413
287.8,0.011618273,0.107788093
287.9,0.0116181365,0.10778746
288.0,0.0116179733,0.107786703
288.1,0.011617809,0.107785941
288.2,0.0116175245,0.107784621
288.3,0.0116169956,0.107782167
288.4,0.0116162461,0.10777869
288.5,0.0116152878,0.107774245
288.6,0.011614122,0.107768836
288.7,0.0116127001,0.107762239
288.8,0.0116111146,0.107754882
288.9,0.0116094009,0.10774693
289.0,0.0116075488,0.107738335
289.1,0.011605477,0.107728719
289.2,0.0116031091,0.107717729
289.3,0.0116005125,0.107705675
289.4,0.0115977059,0.107692646
289.5,0.0115947076,0.107678724
289.6,0.011591507,0.107663861
289.7,0.011588034,0.107647731
289.8,0.0115842485,0.107630147
289.9,0.011580085,0.107610804
290.0,0.0115753635,0.107588863
290.1,0.011569921,0.107563567
290.2,0.01156375,0.107534878
290.3,0.0115570934,0.107503923
290.4,0.0115499825,0.107470845
290.5,0.0115423988,0.107435556
290.6,0.0115343484,0.107398084
290.7,0.0115259032,0.107358759
290.8,0.011517107,0.107317785
290.9,0.0115079815,0.107275261
291.0,0.0114985419,0.107231254
291.1,0.0114887588,0.107185628
291.2,0.0114787126,0.107138754
291.3,0.0114685271,0.107091209
291.4,0.0114581911,0.10704294
291.5,0.0114476093,0.106993501
291.6,0.0114367638,0.106942806
291.7,0.0114255698,0.106890457
291.8,0.011414083,0.106836712
291.9,0.0114023673,0.106781868
292.0,0.0113904705,0.106726147
292.1,0.0113783701,0.106669443
292.2,0.0113661544,0.106612168
292.3,0.0113539482,0.106554907
292.4,0.0113417543,0.106497673
292.5,0.0113296086,0.106440634
292.6,0.0113176891,0.106384628
292.7,0.0113060602,0.106329959
292.8,0.0112947215,0.106276627
292.9,0.0112835759,0.106224178
293.0,0.0112725463,0.106172248
293.1,0.0112617279,0.106121289
293.2,0.0112511887,0.106071621
293.3,0.011240892,0.106023073
293.4,0.0112307267,0.105975123
293.5,0.0112206345,0.105927497
293.6,0.0112104794,0.105879551
293.7,0.0112003032,0.105831485
293.8,0.0111902312,0.105783889
293.9,0.0111801714,0.10573633
294.0,0.0111702335,0.105689325
294.1,0.0111605238,0.105643381
294.2,0.0111509904,0.10559825
294.3,0.0111416402,0.105553968
294.4,0.0111326338,0.105511297
294.5,0.0111239612,0.105470191
294.6,0.011115411,0.10542965
294.7,0.0111069793,0.105389655
294.8,0.0110987179,0.105350453
294.9,0.0110906206,0.105312015
295.0,0.0110827682,0.105274727
295.1,0.011075237,0.105238952
295.2,0.0110680273,0.105204692
295.3,0.0110609454,0.105171029
295.4,0.0110538843,0.105137455
295.5,0.0110470398,0.105104899
295.6,0.0110403267,0.105072959
295.7,0.0110337302,0.105041564
295.8,0.0110272552,0.105010739
295.9,0.011020957,0.104980746
296.0,0.0110148467,0.10495164
296.1,0.011008834,0.104922991
296.2,0.0110029342,0.104894872
296.3,0.0109971992,0.104867531
296.4,0.0109916316,0.104840982
296.5,0.0109863954,0.104816008
296.6,0.0109815032,0.104792668
296.7,0.0109769152,0.104770774
296.8,0.0109726324,0.104750333
296.9,0.0109687119,0.104731618
297.0,0.0109650737,0.104714248
297.1,0.010961514,0.104697249
297.2,0.0109579073,0.104680023
297.3,0.0109542615,0.104662608
297.4,0.0109506975,0.10464558
297.5,0.0109473215,0.104629449
297.6,0.0109441081,0.104614091
297.7,0.0109410512,0.10459948
297.8,0.0109381641,0.104585678
297.9,0.0109354712,0.104572803
298.0,0.0109330119,0.104561044
298.1,0.0109307839,0.104550389
298.2,0.0109288115,0.104540956
298.3,0.0109270973,0.104532757
298.4,0.0109255704,0.104525454
298.5,0.0109242155,0.104518972
298.6,0.0109230562,0.104513426
298.7,0.0109220853,0.104508781
298.8,0.0109213059,0.104505052
298.9,0.0109207624,0.104502452
299.0,0.0109204963,0.104501179
299.1,0.0109206955,0.104502131
299.2,0.0109214229,0.104505612
299.3,0.0109226326,0.104511399
299.4,0.0109242019,0.104518907
299.5,0.0109260036,0.104527526
299.6,0.0109280195,0.104537168
299.7,0.0109302361,0.10454777
299.8,0.0109326732,0.104559424
299.9,0.0109354679,0.104572788
300.0,0.0109387011,0.104588245
300.1,0.0109423148,0.10460552
300.2,0.0109462266,0.104624216
300.3,0.0109504562,0.104644428
300.4,0.0109550068,0.104666168
300.5,0.0109598845,0.104689467
300.6,0.0109650875,0.104714314
300.7,0.0109706079,0.10474067
300.8,0.0109764363,0.104768489
300.9,0.0109825533,0.104797678
301.0,0.0109889783,0.104828328
301.1,0.0109957426,0.104860587
301.2,0.0110028647,0.104894541
301.3,0.0110103563,0.104930245
301.4,0.0110181573,0.104967411
301.5,0.01102622,0.105005809
301.6,0.0110345074,0.105045264
301.7,0.0110429426,0.105085406
301.8,0.0110514944,0.105126088
301.9,0.0110601007,0.105167013
302.0,0.0110687389,0.105208074
302.1,0.0110774878,0.105249645
302.2,0.0110863411,0.105291695
302.3,0.0110952073,0.10533379
302.4,0.0111040256,0.105375641
302.5,0.0111127486,0.105417022
302.6,0.0111213458,0.105457792
302.7,0.0111298647,0.105498174
302.8,0.0111383886,0.105538565
302.9,0.0111469331,0.105579037
303.0,0.0111554402,0.105619317
303.1,0.0111638186,0.105658973
303.2,0.0111720176,0.105697765
303.3,0.0111799345,0.105735209
303.4,0.0111876156,0.105771525
303.5,0.0111949329,0.10580611
303.6,0.01120189,0.105838981
303.7,0.0112084631,0.105870029
303.8,0.0112146362,0.10589918
303.9,0.0112204852,0.105926791
304.0,0.0112260305,0.105952964
304.1,0.011231339,0.105978012
304.2,0.0112363791,0.106001788
304.3,0.0112408662,0.106022951
304.4,0.011244521,0.106040186
304.5,0.0112474834,0.106054153
304.6,0.0112499673,0.106065863
304.7,0.0112520706,0.106075777
304.8,0.011253881,0.106084311
304.9,0.0112554844,0.106091868
305.0,0.0112569164,0.106098616
305.1,0.0112582068,0.106104697
305.2,0.0112594037,0.106110337
305.3,0.0112604379,0.10611521
305.4,0.0112612195,0.106118893
305.5,0.0112618648,0.106121934
305.6,0.0112625805,0.106125305
305.7,0.0112634147,0.106129236
305.8,0.0112642484,0.106133163
305.9,0.011265057,0.106136973
306.0,0.0112660618,0.106141706
306.1,0.0112671994,0.106147065
306.2,0.0112684373,0.106152896
306.3,0.0112699415,0.10615998
306.4,0.0112714997,0.10616732
306.5,0.0112727965,0.106173426
306.6,0.0112736529,0.106177459
306.7,0.0112742878,0.106180449
306.8,0.0112749934,0.106183772
306.9,0.011275839,0.106187753
307.0,0.0112769138,0.106192814
307.1,0.0112781685,0.106198722
307.2,0.0112794681,0.10620484
307.3,0.0112807987,0.106211104
307.4,0.0112822169,0.10621778
307.5,0.0112837481,0.106224988
307.6,0.0112854241,0.106232877
307.7,0.0112873523,0.106241952
307.8,0.0112895593,0.106252338
307.9,0.0112919222,0.106263456
308.0,0.0112941412,0.106273897
308.1,0.0112957406,0.106281422
308.2,0.0112966378,0.106285642
308.3,0.0112969417,0.106287072
308.4,0.0112966783,0.106285833
308.5,0.011295827,0.106281828
308.6,0.0112944102,0.106275162
308.7,0.011292509,0.106266218
308.8,0.0112902228,0.10625546
308.9,0.0112875672,0.106242963
309.0,0.0112844475,0.10622828
309.1,0.0112811596,0.106212803
309.2,0.0112779601,0.106197741
309.3,0.0112749138,0.106183397
309.4,0.0112721123,0.106170205
309.5,0.01126969,0.106158796
309.6,0.0112676716,0.106149289
309.7,0.011266055,0.106141674
309.8,0.0112648294,0.106135901
309.9,0.0112639951,0.10613197
310.0,0.0112636074,0.106130144
310.1,0.0112636618,0.1061304
310.2,0.011264244,0.106133143
310.3,0.0112654751,0.106138942
310.4,0.0112673841,0.106147935
310.5,0.011270063,0.106160553
310.6,0.011273462,0.106176561
310.7,0.0112774254,0.106195223
310.8,0.01128186,0.106216101
310.9,0.0112868267,0.106239478
311.0,0.0112923235,0.106265345
311.1,0.011298291,0.106293419
311.2,0.0113047,0.106323563
311.3,0.0113115871,0.106355945
311.4,0.0113189582,0.106390593
311.5,0.0113268025,0.106427452
311.6,0.0113350871,0.106466366
311.7,0.0113436964,0.10650679
311.8,0.0113525356,0.106548278
311.9,0.01136157,0.106590665
312.0,0.0113708403,0.106634142
312.1,0.0113804818,0.106679341
312.2,0.0113905964,0.106726737
312.3,0.0114011857,0.106776335
312.4,0.0114122733,0.106828242
312.5,0.0114238797,0.106882551
312.6,0.011435929,0.106938903
312.7,0.0114484031,0.106997211
312.8,0.0114612132,0.107057056
312.9,0.0114743946,0.107118601
313.0,0.0114879565,0.107181885
313.1,0.0115018247,0.107246561
313.2,0.0115159859,0.107312562
313.3,0.0115304639,0.107379998
313.4,0.0115452623,0.107448882
313.5,0.0115602383,0.107518548
313.6,0.0115752675,0.107588417
313.7,0.0115903787,0.107658621
313.8,0.0116056292,0.107729426
313.9,0.0116210227,0.107800847
314.0,0.0116365553,0.107872866
314.1,0.0116522056,0.107945382
314.2,0.0116679565,0.108018315
314.3,0.0116837766,0.108091519
314.4,0.0116996452,0.108164898
314.5,0.0117155918,0.108238588
314.6,0.0117316194,0.1083126
314.7,0.0117476822,0.108386725
314.8,0.0117638405,0.10846124
314.9,0.0117800318,0.108535855
315.0,0.0117961052,0.108609876
315.1,0.0118120695,0.108683345
315.2,0.0118279451,0.108756357
315.3,0.0118436592,0.108828577
315.4,0.0118590812,0.108899409
315.5,0.0118741964,0.108968786
315.6,0.0118891626,0.109037437
315.7,0.0119040609,0.109105733
315.8,0.0119188492,0.109173482
315.9,0.0119334411,0.109240291
316.0,0.0119478177,0.109306074
316.1,0.0119619615,0.109370753
316.2,0.0119759004,0.109434457
316.3,0.0119896173,0.109497111
316.4,0.0120029542,0.109557995
316.5,0.0120159029,0.109617074
316.6,0.0120284761,0.109674409
316.7,0.0120406611,0.109729946
316.8,0.0120524033,0.109783438
316.9,0.0120636933,0.109834846
317.0,0.0120745677,0.109884338
317.1,0.0120850885,0.1099322
317.2,0.0120951355,0.109977886
317.3,0.012104682,0.11002128
317.4,0.0121138546,0.110062958
317.5,0.0121225439,0.110102425
317.6,0.0121304837,0.110138475
317.7,0.0121374658,0.110170167
317.8,0.0121435953,0.110197982
317.9,0.0121490476,0.110222718
318.0,0.0121538969,0.110244714
318.1,0.0121581432,0.11026397
318.2,0.0121617918,0.110280514
318.3,0.0121648901,0.110294561
318.4,0.0121675373,0.110306561
318.5,0.0121698867,0.11031721
318.6,0.0121718806,0.110326246
318.7,0.0121735283,0.110333713
318.8,0.0121748779,0.110339829
318.9,0.0121757833,0.110343932
319.0,0.0121763333,0.110346424
319.1,0.0121768227,0.110348641
319.2,0.0121773606,0.110351079
319.3,0.0121779996,0.110353974
319.4,0.0121788212,0.110357697
319.5,0.0121799124,0.11036264
319.6,0.0121812766,0.110368821
319.7,0.0121828859,0.110376111
319.8,0.0121848372,0.11038495
319.9,0.0121872281,0.110395779
320.0,0.0121900093,0.110408375
320.1,0.0121931059,0.110422398
320.2,0.0121966284,0.110438347
320.3,0.0122005554,0.110456124
320.4,0.0122048558,0.110475589
320.5,0.0122095363,0.110496771
320.6,0.012214576,0.110519573
320.7,0.0122198661,0.110543503
320.8,0.0122253727,0.110568407
320.9,0.0122311296,0.110594438
321.0,0.0122370946,0.110621402
321.1,0.0122431614,0.11064882
321.2,0.012249285,0.110676488
321.3,0.0122555625,0.110704844
321.4,0.0122620566,0.110734171
321.5,0.01226879,0.11076457
321.6,0.0122757489,0.110795979
321.7,0.012282895,0.110828223
321.8,0.0122902682,0.110861482
321.9,0.0122980122,0.110896403
322.0,0.0123062141,0.110933377
322.1,0.0123148392,0.110972245
322.2,0.0123237277,0.111012286
322.3,0.0123327009,0.111052694
322.4,0.0123416837,0.111093131
322.5,0.0123506308,0.111133392
322.6,0.012359523,0.111173391
322.7,0.0123683167,0.111212934
322.8,0.012377073,0.111252294
322.9,0.0123857994,0.111291507
323.0,0.0123944938,0.111330561
323.1,0.0124032178,0.111369734
323.2,0.0124119119,0.111408761
323.3,0.0124205892,0.111447697
323.4,0.0124292327,0.111486469
323.5,0.0124378658,0.11152518
323.6,0.0124464686,0.111563742
323.7,0.0124550285,0.111602099
323.8,0.0124636143,0.111640559
323.9,0.0124723033,0.111679467
324.0,0.0124811603,0.111719114
324.1,0.0124901828,0.111759486
324.2,0.0124993987,0.11180071
324.3,0.0125088518,0.111842978
324.4,0.0125185228,0.111886205
324.5,0.0125283936,0.111930307
324.6,0.0125384326,0.111975143
324.7,0.0125485637,0.112020372
324.8,0.0125586968,0.112065592
324.9,0.0125687861,0.112110598
325.0,0.0125788395,0.112155425
325.1,0.0125888766,0.112200163
325.2,0.0125988892,0.112244773
325.3,0.0126088491,0.112289132
325.4,0.012618767,0.112333285
325.5,0.0126286469,0.112377252
325.6,0.0126384533,0.112420876
325.7,0.0126481564,0.112464023
325.8,0.012657769,0.112506751
325.9,0.0126673602,0.112549368
326.0,0.0126769701,0.112592052
326.1,0.0126865788,0.112634714
326.2,0.0126961158,0.112677042
326.3,0.0127055062,0.112718704
326.4,0.0127147118,0.112759531
326.5,0.012723658,0.112799193
326.6,0.0127322579,0.112837307
326.7,0.01274048,0.112873735
326.8,0.0127484028,0.112908825
326.9,0.0127560848,0.112942838
327.0,0.0127635163,0.112975733
327.1,0.0127706804,0.113007435
327.2,0.0127776727,0.113038368
327.3,0.012784356,0.113067927
327.4,0.0127906257,0.113095649
327.5,0.0127964646,0.11312146
327.6,0.0128019859,0.113145861
327.7,0.0128072453,0.1131691
327.8,0.0128122006,0.113190992
327.9,0.0128167544,0.113211105
328.0,0.0128208475,0.113229181
328.1,0.0128243853,0.113244803
328.2,0.0128273296,0.113257801
328.3,0.0128297007,0.113268269
328.4,0.0128315889,0.113276604
328.5,0.0128330519,0.113283061
328.6,0.0128340562,0.113287493
328.7,0.0128346707,0.113290206
328.8,0.0128349801,0.113291571
328.9,0.0128349959,0.113291641
329.0,0.0128346667,0.113290188
329.1,0.0128339515,0.113287031
329.2,0.0128329047,0.113282411
329.3,0.0128316554,0.113276897
329.4,0.0128301792,0.113270381
329.5,0.0128284299,0.113262659
329.6,0.0128262281,0.113252939
329.7,0.0128236209,0.113241428
329.8,0.012820903,0.113229426
329.9,0.0128179807,0.113216521
330.0,0.0128148151,0.11320254
330.1,0.0128115199,0.113187985
330.2,0.0128082225,0.113173418
330.3,0.0128050989,0.113159617
330.4,0.0128021466,0.113146571
330.5,0.0127994522,0.113134664
330.6,0.0127970436,0.113124019
330.7,0.012794896,0.113114526
330.8,0.0127928908,0.113105662
330.9,0.0127910654,0.113097593
331.0,0.012789447,0.113090437
331.1,0.0127879603,0.113083864
331.2,0.0127866187,0.113077932
331.3,0.0127854639,0.113072826
331.4,0.0127844347,0.113068275
331.5,0.0127835443,0.113064337
331.6,0.0127828869,0.11306143
331.7,0.0127822593,0.113058654
331.8,0.0127816016,0.113055746
331.9,0.0127810948,0.113053504
332.0,0.012780737,0.113051922
332.1,0.0127806211,0.113051409
332.2,0.0127807702,0.113052068
332.3,0.0127810267,0.113053203
332.4,0.0127813258,0.113054526
332.5,0.0127817139,0.113056242
332.6,0.0127820088,0.113057547
332.7,0.0127822799,0.113058745
332.8,0.0127824826,0.113059642
332.9,0.0127825829,0.113060085
333.0,0.0127825925,0.113060128
333.1,0.0127826427,0.11306035
333.2,0.0127828491,0.113061263
333.3,0.0127832205,0.113062905
333.4,0.0127837752,0.113065358
333.5,0.0127844157,0.11306819
333.6,0.0127850195,0.11307086
333.7,0.012785673,0.11307375
333.8,0.0127863547,0.113076765
333.9,0.012786942,0.113079362
334.0,0.0127873694,0.113081251
334.1,0.0127877673,0.113083011
334.2,0.0127883353,0.113085522
334.3,0.012789093,0.113088872
334.4,0.0127900183,0.113092963
334.5,0.0127911609,0.113098014
334.6,0.0127924573,0.113103746
334.7,0.01279392,0.113110212
334.8,0.0127954968,0.113117182
334.9,0.0127971262,0.113124384
335.0,0.0127987715,0.113131656
335.1,0.0128004642,0.113139137
335.2,0.0128021673,0.113146663
335.3,0.0128038346,0.113154031
335.4,0.0128055664,0.113161683
335.5,0.0128073088,0.113169381
335.6,0.0128089896,0.113176807
335.7,0.0128106303,0.113184055
335.8,0.01281224,0.113191166
335.9,0.0128138391,0.113198229
336.0,0.0128154641,0.113205407
336.1,0.0128171375,0.113212797
336.2,0.012818886,0.11322052
336.3,0.012820658,0.113228344
336.4,0.0128224383,0.113236206
336.5,0.012824159,0.113243803
336.6,0.012825737,0.11325077
336.7,0.0128270786,0.113256694
336.8,0.0128282051,0.113261666
336.9,0.0128289878,0.113265122
337.0,0.0128291762,0.113265953
337.1,0.0128289583,0.113264992
337.2,0.0128285612,0.113263239
337.3,0.0128279599,0.113260584
337.4,0.0128271719,0.113257105
337.5,0.0128261999,0.113252814
337.6,0.0128250713,0.113247831
337.7,0.012823878,0.113242563
337.8,0.0128226101,0.113236965
337.9,0.0128212705,0.113231049
338.0,0.0128199533,0.113225233
338.1,0.0128186162,0.113219328
338.2,0.0128173054,0.113213539
338.3,0.012816077,0.113208114
338.4,0.0128149117,0.113202967
338.5,0.0128139318,0.113198639
338.6,0.0128132454,0.113195607
338.7,0.0128129133,0.11319414
338.8,0.0128129021,0.11319409
338.9,0.0128131742,0.113195292
339.0,0.0128137612,0.113197885
339.1,0.012814647,0.113201798
339.2,0.0128158653,0.113207179
339.3,0.0128174111,0.113214006
339.4,0.0128192815,0.113222266
339.5,0.0128215031,0.113232076
339.6,0.0128240679,0.113243401
339.7,0.0128269925,0.113256313
339.8,0.0128302445,0.113270669
339.9,0.0128337573,0.113286174
340.0,0.0128375338,0.113302841
340.1,0.0128415898,0.113320739
340.2,0.0128458483,0.113339527
340.3,0.0128502753,0.113359055
340.4,0.0128549432,0.113379642
340.5,0.0128598206,0.113401149
340.6,0.0128648492,0.113423319
340.7,0.0128700666,0.113446316
340.8,0.0128754373,0.113469984
340.9,0.0128809342,0.113494203
341.0,0.0128865866,0.113519103
341.1,0.0128924656,0.113544994
341.2,0.0128985905,0.113571962
341.3,0.0129048911,0.113599697
341.4,0.0129112463,0.113627665
341.5,0.0129176676,0.113655918
341.6,0.0129241787,0.113684558
341.7,0.0129308648,0.113713961
341.8,0.0129378106,0.113744497
341.9,0.0129449903,0.113776053
342.0,0.0129523437,0.113808364
342.1,0.012959936,0.113841715
342.2,0.0129678272,0.113876368
342.3,0.0129759854,0.113912183
342.4,0.0129843229,0.113948773
342.5,0.0129928291,0.113986092
342.6,0.0130015336,0.114024268
342.7,0.0130103859,0.114063079
342.8,0.0130192547,0.114101949
342.9,0.0130280367,0.114140426
343.0,0.0130366837,0.114178298
343.1,0.0130451904,0.114215544
343.2,0.0130536181,0.114252432
343.3,0.0130619487,0.114288883
343.4,0.0130701324,0.11432468
343.5,0.0130781576,0.114359772
343.6,0.0130859807,0.114393972
343.7,0.0130935454,0.114427031
343.8,0.013100808,0.114458761
343.9,0.0131077994,0.114489298
344.0,0.0131146572,0.114519244
344.1,0.013121442,0.114548863
344.2,0.0131280919,0.114577886
344.3,0.0131346249,0.114606391
344.4,0.0131410701,0.114634507
344.5,0.0131474161,0.114662183
344.6,0.0131536619,0.114689415
344.7,0.0131598685,0.11471647
344.8,0.0131660957,0.114743608
344.9,0.0131722759,0.114770536
345.0,0.0131784232,0.114797314
345.1,0.0131846373,0.114824376
345.2,0.0131909651,0.114851927
345.3,0.0131973614,0.114879769
345.4,0.0132037351,0.114907507
345.5,0.0132099614,0.114934596
345.6,0.0132159415,0.114960609
345.7,0.0132217135,0.11498571
345.8,0.0132273317,0.115010138
345.9,0.0132329483,0.115034553
346.0,0.0132385674,0.115058974
346.1,0.013244088,0.115082961
346.2,0.0132494707,0.115106345
346.3,0.0132547189,0.11512914
346.4,0.0132598285,0.115151329
346.5,0.0132647963,0.115172897
346.6,0.0132696043,0.115193768
346.7,0.0132741833,0.115213642
346.8,0.0132784973,0.115232362
346.9,0.0132825559,0.115249971
347.0,0.0132863651,0.115266496
347.1,0.013289945,0.115282024
347.2,0.0132934285,0.115297131
347.3,0.0132968915,0.115312148
347.4,0.0133003098,0.115326969
347.5,0.0133037064,0.115341694
347.6,0.0133071438,0.115356594
347.7,0.0133107035,0.115372022
347.8,0.0133144729,0.115388357
347.9,0.0133183982,0.115405365
348.0,0.0133223821,0.115422624
348.1,0.013326422,0.115440123
348.2,0.0133305313,0.11545792
348.3,0.0133345655,0.115475389
348.4,0.0133384057,0.115492016
348.5,0.0133420484,0.115507785
348.6,0.0133454376,0.115522455
348.7,0.0133485057,0.115535733
348.8,0.0133511549,0.115547198
348.9,0.0133534892,0.115557299
349.0,0.0133557416,0.115567044
349.1,0.013357972,0.115576693
349.2,0.0133601212,0.11558599
349.3,0.0133622309,0.115595116
349.4,0.0133644773,0.115604833
349.5,0.0133669532,0.115615541
349.6,0.0133696235,0.115627088
349.7,0.0133723593,0.115638918
349.8,0.0133751118,0.115650818
349.9,0.01337793,0.115663002
350.0,0.0133808299,0.115675537
350.1,0.0133837925,0.115688342
350.2,0.0133865996,0.115700473
350.3,0.0133893301,0.115712273
350.4,0.0133920947,0.115724218
350.5,0.0133949734,0.115736655
350.6,0.0133979921,0.115749696
350.7,0.0134010487,0.115762899
350.8,0.0134042443,0.1157767
350.9,0.0134077046,0.115791643
351.0,0.0134113287,0.115807291
351.1,0.0134150706,0.115823446
351.2,0.0134188068,0.115839573
351.3,0.0134223113,0.115854699
351.4,0.0134254247,0.115868135
351.5,0.0134281399,0.115879851
351.6,0.0134305436,0.115890222
351.7,0.0134328206,0.115900046
351.8,0.01343498,0.115909361
351.9,0.013437039,0.115918243
352.0,0.013438874,0.115926158
352.1,0.0134403623,0.115932576
352.2,0.013441615,0.115937979
352.3,0.0134426951,0.115942637
352.4,0.0134436173,0.115946614
352.5,0.0134443755,0.115949883
352.6,0.0134448528,0.115951942
352.7,0.0134449424,0.115952328
352.8,0.0134447044,0.115951302
352.9,0.013444333,0.1159497
353.0,0.0134438912,0.115947795
353.1,0.0134433373,0.115945407
353.2,0.013442585,0.115942162
353.3,0.0134417485,0.115938555
353.4,0.0134407827,0.11593439
353.5,0.0134397256,0.11592983
353.6,0.0134387078,0.115925441
353.7,0.0134378204,0.115921613
353.8,0.0134370851,0.115918442
353.9,0.0134364903,0.115915876
354.0,0.0134360401,0.115913934
354.1,0.0134357424,0.11591265
354.2,0.0134355835,0.115911965
354.3,0.01343558,0.115911949
354.4,0.0134357662,0.115912753
354.5,0.0134360786,0.1159141
354.6,0.0134364432,0.115915673
354.7,0.0134368778,0.115917548
354.8,0.0134374624,0.115920069
354.9,0.0134382212,0.115923342
355.0,0.0134391174,0.115927207
355.1,0.0134402223,0.115931973
355.2,0.013441577,0.115937815
355.3,0.0134431184,0.115944463
355.4,0.0134446968,0.115951269
355.5,0.0134462912,0.115958144
355.6,0.0134479912,0.115965474
355.7,0.0134498777,0.115973608
355.8,0.0134519518,0.115982549
355.9,0.0134542365,0.115992398
356.0,0.0134567119,0.116003068
356.1,0.0134593309,0.116014356
356.2,0.0134620791,0.1160262
356.3,0.0134649666,0.116038643
356.4,0.013467979,0.116051622
356.5,0.0134711191,0.11606515
356.6,0.0134744185,0.116079363
356.7,0.0134779113,0.116094407
356.8,0.013481646,0.11611049
356.9,0.0134855981,0.116127508
357.0,0.0134897584,0.116145419
357.1,0.0134941022,0.116164117
357.2,0.0134985984,0.116183469
357.3,0.0135032368,0.116203429
357.4,0.0135080577,0.11622417
357.5,0.0135130786,0.116245768
357.6,0.0135182238,0.116267897
357.7,0.0135234087,0.116290192
357.8,0.0135285447,0.116312273
357.9,0.0135335654,0.116333853
358.0,0.0135383792,0.116354541
358.1,0.0135429546,0.116374201
358.2,0.0135472872,0.116392814
358.3,0.0135514104,0.116410525
358.4,0.0135553288,0.116427354
358.5,0.0135590319,0.116443256
358.6,0.0135625614,0.116458411
358.7,0.0135659156,0.116472811
358.8,0.0135691216,0.116486573
358.9,0.0135722637,0.116500059
359.0,0.0135753025,0.1165131
359.1,0.0135782355,0.116525686
359.2,0.0135810171,0.116537621
359.3,0.0135836842,0.116549064
359.4,0.013586206,0.116559881
359.5,0.0135886056,0.116570175
359.6,0.013590877,0.116579917
359.7,0.0135928617,0.116588429
359.8,0.0135944514,0.116595246
359.9,0.0135957531,0.116600828
360.0,0.0135968919,0.116605711
360.1,0.0135979016,0.116610041
360.2,0.0135988296,0.11661402
360.3,0.013599718,0.116617829
360.4,0.0136006591,0.116621864
360.5,0.0136016554,0.116626135
360.6,0.0136026443,0.116630375
360.7,0.0136036334,0.116634615
360.8,0.0136045874,0.116638705
360.9,0.0136054794,0.116642528
361.0,0.0136063271,0.116646162
361.1,0.0136071352,0.116649626
361.2,0.0136079291,0.116653029
361.3,0.0136087757,0.116656657
361.4,0.0136097171,0.116660692
361.5,0.013610653,0.116664703
361.6,0.0136115089,0.116668371
361.7,0.0136122951,0.116671741
361.8,0.0136130481,0.116674968
361.9,0.0136137982,0.116678182
362.0,0.0136146078,0.116681651
362.1,0.0136155165,0.116685546
362.2,0.0136164476,0.116689535
362.3,0.013617357,0.116693432
362.4,0.0136182087,0.116697081
362.5,0.0136189432,0.116700228
362.6,0.0136196143,0.116703103
362.7,0.0136203709,0.116706345
362.8,0.0136213354,0.116710477
362.9,0.0136225413,0.116715643
363.0,0.013624053,0.116722119
363.1,0.0136259658,0.116730312
363.2,0.0136282697,0.11674018
363.3,0.013630973,0.116751758
363.4,0.0136340527,0.116764946
363.5,0.0136375048,0.116779728
363.6,0.0136412946,0.116795953
363.7,0.013645413,0.116813582
363.8,0.0136499305,0.116832917
363.9,0.0136548892,0.116854137
364.0,0.0136603254,0.116877395
364.1,0.0136662059,0.116902549
364.2,0.013672486,0.116929406
364.3,0.0136791499,0.116957898
364.4,0.0136861746,0.116987925
364.5,0.0136935664,0.117019513
364.6,0.0137013262,0.117052664
364.7,0.0137094267,0.117087261
364.8,0.0137178286,0.117123134
364.9,0.013726494,0.117160121
365.0,0.0137354864,0.117198491
365.1,0.0137449006,0.117238648
365.2,0.0137547582,0.117280681
365.3,0.0137650185,0.117324416
365.4,0.0137755503,0.11736929
365.5,0.0137863899,0.117415459
365.6,0.0137975836,0.117463116
365.7,0.0138092176,0.117512627
365.8,0.0138213072,0.117564056
365.9,0.0138337643,0.117617024
366.0,0.0138464773,0.117671055
366.1,0.013859377,0.117725855
366.2,0.0138724471,0.117781353
366.3,0.0138856998,0.117837599
366.4,0.0138991058,0.117894469
366.5,0.0139126647,0.117951959
366.6,0.0139264383,0.118010331
366.7,0.0139403881,0.118069421
366.8,0.0139544173,0.118128817
366.9,0.0139684813,0.11818833
367.0,0.013982541,0.118247795
367.1,0.0139965662,0.118307084
367.2,0.0140106465,0.118366577
367.3,0.0140248022,0.118426358
367.4,0.0140389273,0.118485979
367.5,0.0140529068,0.118544957
367.6,0.0140666829,0.118603048
367.7,0.0140801851,0.118659956
367.8,0.0140934088,0.118715664
367.9,0.0141064518,0.118770585
368.0,0.0141193259,0.11882477
368.1,0.0141319442,0.118877854
368.2,0.0141442388,0.118929554
368.3,0.0141562436,0.118980014
368.4,0.0141679734,0.119029296
368.5,0.0141794883,0.119077657
368.6,0.0141908618,0.119125404
368.7,0.0142021069,0.119172593
368.8,0.0142132021,0.119219135
368.9,0.0142241568,0.11926507
369.0,0.0142349721,0.119310402
369.1,0.0142455676,0.119354797
369.2,0.014255837,0.11939781
369.3,0.0142656916,0.119439071
369.4,0.0142750863,0.119478393
369.5,0.0142840662,0.119515966
369.6,0.0142925751,0.119551558
369.7,0.0143004711,0.119584577
369.8,0.0143077043,0.119614816
369.9,0.0143144519,0.119643018
370.0,0.0143208503,0.119669755
370.1,0.0143268958,0.119695012
370.2,0.0143325083,0.119718454
370.3,0.0143375579,0.119739542
370.4,0.0143418246,0.119757357
370.5,0.0143451483,0.119771233
370.6,0.0143474996,0.119781049
370.7,0.0143488843,0.119786829
370.8,0.0143493825,0.119788908
370.9,0.0143492791,0.119788477
371.0,0.0143487304,0.119786186
371.1,0.014347707,0.119781914
371.2,0.0143464207,0.119776545
371.3,0.0143448712,0.119770076
371.4,0.0143429796,0.119762179
371.5,0.0143407385,0.119752822
371.6,0.0143381726,0.119742109
371.7,0.0143353202,0.119730198
371.8,0.0143321233,0.119716846
371.9,0.0143285809,0.11970205
372.0,0.0143247468,0.119686034
372.1,0.0143204452,0.119668063
372.2,0.0143153694,0.119646853
372.3,0.0143096463,0.119622934
372.4,0.0143037179,0.119598152
372.5,0.0142977834,0.119573339
372.6,0.0142919266,0.119548846
372.7,0.0142863864,0.119525672
372.8,0.014281285,0.11950433
372.9,0.014276603,0.119484739
373.0,0.0142721747,0.119466207
373.1,0.0142680194,0.119448815
373.2,0.0142642331,0.119432965
373.3,0.0142608186,0.119418669
373.4,0.0142577691,0.119405901
373.5,0.0142550305,0.119394433
373.6,0.0142525499,0.119384044
373.7,0.0142502714,0.119374501
373.8,0.0142481317,0.119365538
373.9,0.014246076,0.119356927
374.0,0.0142441268,0.119348761
374.1,0.0142422933,0.119341079
374.2,0.0142405737,0.119333875
374.3,0.0142389664,0.11932714
374.4,0.0142374691,0.119320866
374.5,0.0142360895,0.119315085
374.6,0.014234822,0.119309773
374.7,0.014233594,0.119304627
374.8,0.0142323208,0.119299291
374.9,0.0142310114,0.119293803
375.0,0.0142297711,0.119288604
375.1,0.0142287208,0.119284202
375.2,0.0142279628,0.119281024
375.3,0.0142275727,0.119279389
375.4,0.0142275778,0.119279411
375.5,0.0142278994,0.119280759
375.6,0.0142281942,0.119281994
375.7,0.0142278281,0.11928046
375.8,0.0142263682,0.11927434
375.9,0.014223885,0.11926393
376.0,0.0142206654,0.119250432
376.1,0.0142169783,0.119234971
376.2,0.0142131012,0.119218711
376.3,0.0142093097,0.119202809
376.4,0.014205776,0.119187986
376.5,0.0142025731,0.119174549
376.6,0.014199753,0.119162717
376.7,0.0141973928,0.119152813
376.8,0.0141955219,0.119144962
376.9,0.0141940822,0.11913892
377.0,0.014193092,0.119134764
377.1,0.014192554,0.119132506
377.2,0.0141925426,0.119132458
377.3,0.0141931276,0.119134913
377.4,0.0141942995,0.119139832
377.5,0.0141960305,0.119147096
377.6,0.0141982739,0.11915651
377.7,0.0142009978,0.11916794
377.8,0.0142041947,0.119181352
377.9,0.0142078089,0.119196514
378.0,0.0142117856,0.119213194
378.1,0.0142161696,0.11923158
378.2,0.0142209602,0.119251667
378.3,0.0142261725,0.11927352
378.4,0.0142317447,0.119296876
378.5,0.0142376179,0.11932149
378.6,0.0142437912,0.119347355
378.7,0.0142502728,0.119374506
378.8,0.0142570513,0.119402895
378.9,0.0142641102,0.11943245
379.0,0.0142714081,0.119462999
379.1,0.0142788766,0.119494253
379.2,0.0142864678,0.119526013
379.3,0.0142941858,0.119558295
379.4,0.0143020944,0.119591364
379.5,0.0143101763,0.119625149
379.6,0.0143183597,0.119659348
379.7,0.0143266573,0.119694015
379.8,0.01433508,0.119729194
379.9,0.0143435693,0.119764641
380.0,0.0143522224,0.119800761
380.1,0.0143610387,0.119837551
380.2,0.0143700075,0.119874966
380.3,0.0143789865,0.119912412
380.4,0.0143878626,0.119949417
380.5,0.0143967501,0.119986458
380.6,0.0144057919,0.12002413
380.7,0.0144149733,0.120062373
380.8,0.0144243453,0.120101396
380.9,0.014433894,0.120141142
381.0,0.0144436119,0.120181579
381.1,0.0144534916,0.120222675
381.2,0.014463537,0.120264446
381.3,0.0144737762,0.120307008
381.4,0.0144841578,0.120350147
381.5,0.014494638,0.120393679
381.6,0.0145052575,0.120437775
381.7,0.0145160486,0.120482566
381.8,0.0145269949,0.120527984
381.9,0.0145380872,0.120573991
382.0,0.0145493293,0.120620601
382.1,0.0145606816,0.120667649
382.2,0.0145721065,0.120714981
382.3,0.0145836162,0.120762644
382.4,0.0145952126,0.120810648
382.5,0.0146068405,0.120858762
382.6,0.0146184406,0.120906744
382.7,0.0146299945,0.120954514
382.8,0.0146414997,0.121002065
382.9,0.0146529512,0.121049375
383.0,0.0146643503,0.12109645
383.1,0.0146756958,0.121143286
383.2,0.0146869502,0.121189728
383.3,0.0146980199,0.12123539
383.4,0.0147087476,0.121279626
383.5,0.0147189567,0.121321708
383.6,0.0147285872,0.121361391
383.7,0.0147377172,0.121399
383.8,0.0147464326,0.12143489
383.9,0.014754774,0.121469231
384.0,0.0147627452,0.121502038
384.1,0.0147702808,0.121533044
384.2,0.014777256,0.121561737
384.3,0.01478371,0.121588281
384.4,0.0147897452,0.121613096
384.5,0.0147953891,0.121636299
384.6,0.0148004845,0.121657242
384.7,0.0148048497,0.121675181
384.8,0.0148084687,0.121690052
384.9,0.0148113825,0.121702023
385.0,0.0148137738,0.121711847
385.1,0.0148157941,0.121720146
385.2,0.0148175635,0.121727415
385.3,0.0148189684,0.121733185
385.4,0.0148199338,0.121737151
385.5,0.0148205549,0.121739701
385.6,0.0148207657,0.121740567
385.7,0.0148206009,0.12173989
385.8,0.0148200476,0.121737618
385.9,0.0148190675,0.121733592
386.0,0.0148177347,0.121728118
386.1,0.0148161698,0.12172169
386.2,0.0148144399,0.121714584
386.3,0.0148124794,0.12170653
386.4,0.0148101241,0.121696853
386.5,0.0148071895,0.121684796
386.6,0.0148036924,0.121670425
386.7,0.0147998821,0.121654766
386.8,0.014795865,0.121638254
386.9,0.0147917169,0.121621203
387.0,0.0147874763,0.121603768
387.1,0.0147832224,0.121586276
387.2,0.0147790512,0.121569121
387.3,0.0147750602,0.121552705
387.4,0.014771073,0.121536303
387.5,0.014766855,0.121518949
387.6,0.0147623578,0.121500443
387.7,0.0147571916,0.121479182
387.8,0.0147512579,0.121454757
387.9,0.0147445415,0.121427104
388.0,0.0147371089,0.121396495
388.1,0.0147291287,0.121363622
388.2,0.0147207388,0.121329052
388.3,0.0147121682,0.121293727
388.4,0.0147036688,0.121258686
388.5,0.0146952353,0.121223906
388.6,0.0146869794,0.121189849
388.7,0.0146790866,0.121157281
388.8,0.0146715603,0.121126217
388.9,0.0146643541,0.121096466
389.0,0.0146574322,0.121067883
389.1,0.0146508481,0.121040688
389.2,0.0146446308,0.121015002
389.3,0.0146388802,0.12099124
389.4,0.0146336036,0.120969433
389.5,0.0146287057,0.120949186
389.6,0.0146241824,0.120930486
389.7,0.014620006,0.120913217
389.8,0.0146160687,0.120896934
389.9,0.0146123874,0.120881708
390.0,0.0146089629,0.120867543
390.1,0.0146057517,0.120854258
390.2,0.0146028182,0.120842121
390.3,0.0146001064,0.1208309
390.4,0.0145975846,0.120820464
390.5,0.0145952363,0.120810746
390.6,0.0145931386,0.120802064
390.7,0.0145912808,0.120794374
390.8,0.0145896103,0.120787459
390.9,0.0145882871,0.120781982
391.0,0.0145873491,0.120778099
391.1,0.0145867835,0.120775757
391.2,0.0145866118,0.120775046
391.3,0.0145867986,0.12077582
391.4,0.014587257,0.120777717
391.5,0.0145879619,0.120780636
391.6,0.0145888599,0.120784353
391.7,0.0145898533,0.120788465
391.8,0.0145908182,0.120792459
391.9,0.0145916459,0.120795885
392.0,0.0145922248,0.120798281
392.1,0.0145926185,0.120799911
392.2,0.0145928595,0.120800909
392.3,0.0145929726,0.120801377
392.4,0.0145930372,0.120801644
392.5,0.0145930192,0.120801569
392.6,0.0145929568,0.120801311
392.7,0.0145929549,0.120801303
392.8,0.014592993,0.120801461
392.9,0.0145930934,0.120801877
393.0,0.0145933426,0.120802908
393.1,0.0145937395,0.120804551
393.2,0.0145942628,0.120806717
393.3,0.0145947546,0.120808752
393.4,0.0145949363,0.120809504
393.5,0.0145945018,0.120807706
393.6,0.0145933814,0.120803069
393.7,0.0145916345,0.120795838
393.8,0.0145892736,0.120786066
393.9,0.0145864302,0.120774295
394.0,0.0145833441,0.120761517
394.1,0.0145802108,0.120748544
394.2,0.0145769838,0.120735181
394.3,0.014573399,0.120720334
394.4,0.0145692528,0.12070316
394.5,0.0145645561,0.120683703
394.6,0.0145592484,0.120661711
394.7,0.0145534326,0.120637609
394.8,0.0145471939,0.120611748
394.9,0.0145406377,0.120584566
395.0,0.0145337852,0.12055615
395.1,0.0145266161,0.120526413
395.2,0.0145192367,0.120495795
395.3,0.0145117348,0.120464662
395.4,0.0145041951,0.120433364
395.5,0.0144965497,0.120401618
395.6,0.0144887184,0.120369092
395.7,0.0144808821,0.120336537
395.8,0.0144730808,0.120304118
395.9,0.0144653436,0.120271957
396.0,0.014457651,0.120239973
396.1,0.0144499593,0.120207983
396.2,0.0144423039,0.120176137
396.3,0.0144346909,0.120144458
396.4,0.0144271613,0.120113119
396.5,0.0144197982,0.120082464
396.6,0.0144125963,0.120052473
396.7,0.0144056062,0.120023357
396.8,0.0143988439,0.119995183
396.9,0.0143922989,0.119967908
397.0,0.0143859573,0.119941474
397.1,0.0143798026,0.119915815
397.2,0.0143738855,0.11989114
397.3,0.0143682439,0.11986761
397.4,0.0143628558,0.119845133
397.5,0.0143577387,0.119823782
397.6,0.0143529656,0.119803863
397.7,0.01434846,0.119785058
397.8,0.0143440117,0.119766488
397.9,0.0143394832,0.119747581
398.0,0.0143348118,0.119728074
398.1,0.0143301214,0.119708485
398.2,0.0143254846,0.119689116
398.3,0.014320854,0.119669771
398.4,0.0143162063,0.11965035
398.5,0.0143117654,0.119631791
398.6,0.0143075389,0.119614125
398.7,0.0143035396,0.119597406
398.8,0.014299717,0.119581424
398.9,0.0142959364,0.119565616
399.0,0.0142921002,0.119549572
399.1,0.0142882064,0.119533286
399.2,0.0142843165,0.119517013
399.3,0.0142804508,0.11950084
399.4,0.0142766343,0.119484871
399.5,0.0142729341,0.119469386
399.6,0.0142694106,0.119454638
399.7,0.0142660089,0.119440399
399.8,0.0142627071,0.119426576
399.9,0.0142596768,0.119413888
400.0,0.0142569694,0.119402552
400.1,0.0142545599,0.119392462
400.2,0.014252437,0.119383571
400.3,0.0142503516,0.119374837
400.4,0.0142481517,0.119365622
400.5,0.014245855,0.119356001
400.6,0.0142433339,0.11934544
400.7,0.0142405173,0.119333639
400.8,0.0142373534,0.119320381
400.9,0.0142338493,0.119305697
401.0,0.014230146,0.119290176
401.1,0.0142262924,0.119274022
401.2,0.0142222828,0.119257213
401.3,0.0142182029,0.119240106
401.4,0.0142140733,0.119222789
401.5,0.0142099074,0.119205316
401.6,0.0142057261,0.119187777
401.7,0.0142015649,0.119170319
401.8,0.0141974876,0.119153211
401.9,0.0141934785,0.119136386
402.0,0.0141895128,0.119119741
402.1,0.0141856103,0.11910336
402.2,0.0141818011,0.119087367
402.3,0.0141781342,0.119071971
402.4,0.014174655,0.11905736
402.5,0.0141713712,0.119043569
402.6,0.0141683306,0.119030797
402.7,0.014165559,0.119019154
402.8,0.0141630545,0.119008632
402.9,0.0141607931,0.118999131
403.0,0.0141587642,0.118990606
403.1,0.0141568677,0.118982636
403.2,0.014154937,0.118974523
403.3,0.0141528943,0.118965937
403.4,0.0141506669,0.118956576
403.5,0.0141482483,0.118946409
403.6,0.0141457567,0.118935935
403.7,0.0141432761,0.118925507
403.8,0.0141408226,0.118915191
403.9,0.0141384844,0.118905359
404.0,0.0141363653,0.118896448
404.1,0.0141345133,0.118888659
404.2,0.0141329584,0.11888212
404.3,0.0141317673,0.11887711
404.4,0.0141310405,0.118874053
404.5,0.0141308294,0.118873165
404.6,0.0141311039,0.11887432
404.7,0.0141317965,0.118877233
404.8,0.0141328319,0.118881588
404.9,0.014134204,0.118887358
405.0,0.0141359445,0.118894678
405.1,0.0141380319,0.118903456
405.2,0.0141404381,0.118913574
405.3,0.0141431767,0.118925089
405.4,0.0141461727,0.118937684
405.5,0.0141493207,0.118950917
405.6,0.0141525584,0.118964526
405.7,0.0141558295,0.118978273
405.8,0.0141591381,0.118992177
405.9,0.0141624259,0.119005991
406.0,0.0141656586,0.119019572
406.1,0.0141688633,0.119033034
406.2,0.0141720275,0.119046325
406.3,0.0141750869,0.119059174
406.4,0.0141780809,0.119071747
406.5,0.0141810928,0.119084394
406.6,0.0141840681,0.119096885
406.7,0.0141869137,0.119108831
406.8,0.0141896205,0.119120193
406.9,0.0141921638,0.119130868
407.0,0.0141944921,0.11914064
407.1,0.0141966584,0.119149731
407.2,0.0141986227,0.119157974
407.3,0.0142002617,0.119164851
407.4,0.0142015632,0.119170312
407.5,0.0142026144,0.119174722
407.6,0.014203344,0.119177783
407.7,0.0142035129,0.119178492
407.8,0.01420305,0.11917655
407.9,0.0142020376,0.119172302
408.0,0.0142005303,0.119165978
408.1,0.0141984632,0.119157304
408.2,0.0141958222,0.119146222
408.3,0.0141927203,0.119133204
408.4,0.0141891698,0.119118302
408.5,0.0141851314,0.119101349
408.6,0.0141806077,0.119082357
408.7,0.0141756466,0.119061524
408.8,0.014170064,0.119038078
408.9,0.0141636102,0.119010967
409.0,0.0141563334,0.118980391
409.1,0.0141484126,0.1189471
409.2,0.0141397986,0.118910885
409.3,0.0141305217,0.118871871
409.4,0.0141207754,0.118830869
409.5,0.0141106347,0.118788192
409.6,0.0141000514,0.118743637
409.7,0.0140889991,0.11869709
409.8,0.0140775255,0.118648748
409.9,0.014065645,0.118598672
410.0,0.0140534392,0.118547203
410.1,0.0140409107,0.118494349
410.2,0.0140280089,0.118439896
410.3,0.0140147668,0.11838398
410.4,0.0140012922,0.118327056
410.5,0.0139876218,0.118269276
410.6,0.0139737882,0.118210779
410.7,0.0139598452,0.118151789
410.8,0.0139458317,0.118092471
410.9,0.0139318203,0.118033132
411.0,0.0139177737,0.117973614
411.1,0.0139036253,0.117913635
411.2,0.0138893223,0.117852969
411.3,0.013874879,0.117791676
411.4,0.0138603772,0.117730103
411.5,0.0138459034,0.117668617
411.6,0.013831506,0.117607423
411.7,0.0138171751,0.117546481
411.8,0.0138028289,0.117485441
411.9,0.0137882714,0.11742347
412.0,0.0137734036,0.117360145
412.1,0.01375823,0.117295481
412.2,0.0137429191,0.117230197
412.3,0.0137276509,0.117165058
412.4,0.0137125588,0.117100635
412.5,0.0136976803,0.117037089
412.6,0.0136830328,0.116974496
412.7,0.0136686187,0.116912868
412.8,0.0136544523,0.116852267
412.9,0.0136405493,0.116792762
413.0,0.0136268841,0.116734245
413.1,0.0136133958,0.116676458
413.2,0.0136000615,0.116619301
413.3,0.0135869118,0.116562909
413.4,0.0135739271,0.116507197
413.5,0.0135610277,0.116451826
413.6,0.0135481937,0.116396708
413.7,0.0135354324,0.116341877
413.8,0.0135227405,0.116287319
413.9,0.0135101975,0.116233375
414.0,0.0134979473,0.116180667
414.1,0.0134859173,0.116128882
414.2,0.0134738273,0.116076816
414.3,0.0134614177,0.11602335
414.4,0.0134486144,0.115968161
414.5,0.0134355319,0.115911742
414.6,0.0134223417,0.11585483
414.7,0.0134091666,0.115797956
414.8,0.0133959889,0.115741043
414.9,0.013382923,0.115684584
415.0,0.0133701306,0.115629281
415.1,0.01335768,0.11557543
415.2,0.0133456095,0.115523199
415.3,0.0133340333,0.115473085
415.4,0.0133229032,0.115424881
415.5,0.0133122437,0.115378697
415.6,0.0133021214,0.115334823
415.7,0.0132925173,0.11529318
415.8,0.0132833981,0.115253625
415.9,0.0132747199,0.115215971
416.0,0.0132664683,0.115180156
416.1,0.0132586462,0.115146195
416.2,0.0132513683,0.115114588
416.3,0.0132446591,0.115085443
416.4,0.0132384166,0.115058318
416.5,0.013232553,0.115032835
416.6,0.0132269124,0.115008314
416.7,0.0132213475,0.114984119
416.8,0.0132158237,0.114960096
416.9,0.0132103432,0.114936257
417.0,0.013204893,0.114912545
417.1,0.0131992991,0.114888202
417.2,0.0131935296,0.114863091
417.3,0.0131877301,0.114837843
417.4,0.0131817817,0.114811941
417.5,0.013175558,0.114784834
417.6,0.0131690488,0.114756476
417.7,0.0131623463,0.114727269
417.8,0.013155534,0.114697576
417.9,0.0131486483,0.114667556
418.0,0.0131416144,0.11463688
418.1,0.0131344775,0.114605748
418.2,0.0131272578,0.114574246
418.3,0.0131199601,0.114542394
418.4,0.0131126087,0.1145103
418.5,0.0131051223,0.114477606
418.6,0.0130972962,0.114443419
418.7,0.0130891098,0.114407647
418.8,0.0130805669,0.114370306
418.9,0.0130716697,0.114331403
419.0,0.0130624508,0.114291079
419.1,0.0130529198,0.114249375
419.2,0.0130430081,0.11420599
419.3,0.013032688,0.114160799
419.4,0.0130218823,0.114113462
419.5,0.0130105857,0.114063954
419.6,0.0129987963,0.114012264
419.7,0.0129864738,0.113958211
419.8,0.0129736353,0.113901867
419.9,0.0129602648,0.113843159
420.0,0.012946406,0.113782275
420.1,0.0129320736,0.113719276
420.2,0.0129172756,0.113654193
420.3,0.0129020658,0.113587261
420.4,0.0128865164,0.113518793
420.5,0.0128707297,0.113449239
420.6,0.0128547553,0.113378813
420.7,0.0128385506,0.113307328
420.8,0.0128221207,0.113234803
420.9,0.0128055519,0.113161619
421.0,0.0127888278,0.1130877
421.1,0.0127718916,0.113012794
421.2,0.012754738,0.112936876
421.3,0.0127374318,0.112860231
421.4,0.0127200134,0.112783037
421.5,0.012702488,0.112705315
421.6,0.0126849067,0.112627291
421.7,0.0126673221,0.112549198
421.8,0.0126497303,0.11247102
421.9,0.0126320303,0.112392305
422.0,0.0126140714,0.112312383
422.1,0.0125958024,0.112231022
422.2,0.0125773303,0.112148697
422.3,0.0125586988,0.1120656
422.4,0.0125400475,0.111982353
422.5,0.0125214738,0.111899392
422.6,0.0125029246,0.111816477
422.7,0.0124842368,0.111732882
422.8,0.0124654166,0.11164863
422.9,0.0124463543,0.11156323
423.0,0.0124271296,0.111477036
423.1,0.0124078746,0.11139064
423.2,0.01238844,0.111303369
423.3,0.0123688844,0.111215486
423.4,0.0123492997,0.111127403
423.5,0.0123297414,0.111039369
423.6,0.0123101813,0.110951256
423.7,0.0122906165,0.110863053
423.8,0.0122709944,0.11077452
423.9,0.0122512881,0.110685537
424.0,0.0122313447,0.11059541
424.1,0.0122111634,0.110504133
424.2,0.0121908585,0.110412221
424.3,0.0121705164,0.110320064
424.4,0.0121501878,0.11022789
424.5,0.0121299468,0.110136038
424.6,0.0121098592,0.110044806
424.7,0.0120899363,0.109954246
424.8,0.0120703448,0.109865121
424.9,0.0120511233,0.109777608
425.0,0.0120322786,0.109691743
425.1,0.0120139685,0.10960825
425.2,0.0119962387,0.109527342
425.3,0.0119788984,0.109448154
425.4,0.0119619263,0.109370591
425.5,0.0119452016,0.109294106
425.6,0.0119287635,0.109218879
425.7,0.0119129328,0.109146382
425.8,0.0118975963,0.109076103
425.9,0.0118826423,0.109007533
426.0,0.0118681097,0.108940854
426.1,0.0118540202,0.108876169
426.2,0.0118402514,0.108812919
426.3,0.0118266911,0.108750591
426.4,0.0118132706,0.108688871
426.5,0.0117999855,0.108627738
426.6,0.0117869028,0.108567504
426.7,0.0117741004,0.108508527
426.8,0.0117617457,0.108451582
426.9,0.0117498282,0.108396624
427.0,0.0117383012,0.108343441
427.1,0.0117272663,0.108292504
427.2,0.0117166788,0.108243608
427.3,0.0117065578,0.108196847
427.4,0.0116968936,0.108152178
427.5,0.011687546,0.108108954
427.6,0.0116785261,0.108067229
427.7,0.0116698412,0.108027039
427.8,0.0116614336,0.107988118
427.9,0.0116533472,0.10795067
428.0,0.0116455654,0.107914621
428.1,0.0116379707,0.107879427
428.2,0.0116305828,0.10784518
428.3,0.0116233601,0.107811688
428.4,0.0116163484,0.107779165
428.5,0.011609683,0.107748239
428.6,0.0116033574,0.107718882
428.7,0.0115975615,0.107691975
428.8,0.0115921834,0.107667002
428.9,0.0115870112,0.10764298
429.0,0.0115820193,0.10761979
429.1,0.0115769959,0.107596449
429.2,0.0115718922,0.10757273
429.3,0.0115668075,0.107549093
429.4,0.0115617439,0.10752555
429.5,0.011556808,0.107502595
429.6,0.0115520612,0.107480515
429.7,0.011547411,0.10745888
429.8,0.0115429685,0.107438208
429.9,0.0115388245,0.10741892
430.0,0.0115350707,0.107401447
430.1,0.0115317369,0.107385925
430.2,0.0115288055,0.107372275
430.3,0.0115262231,0.107360249
430.4,0.0115238928,0.107349396
430.5,0.0115216365,0.107338886
430.6,0.0115192101,0.107327583
430.7,0.0115165943,0.107315396
430.8,0.0115139422,0.107303039
430.9,0.0115113509,0.107290964
431.0,0.01150889,0.107279495
431.1,0.0115066574,0.107269089
431.2,0.011504673,0.107259839
431.3,0.0115028964,0.107251556
431.4,0.0115013166,0.107244191
431.5,0.0114999255,0.107237706
431.6,0.0114986884,0.107231937
431.7,0.0114975297,0.107226535
431.8,0.0114963724,0.107221138
431.9,0.011495262,0.107215959
432.0,0.0114942483,0.107211232
432.1,0.0114931981,0.107206334
432.2,0.0114919788,0.107200647
432.3,0.0114906272,0.107194343
432.4,0.0114890457,0.107186966
432.5,0.0114872285,0.107178489
432.6,0.0114853232,0.1071696
432.7,0.0114834213,0.107160726
432.8,0.0114816369,0.1071524
432.9,0.0114799164,0.107144372
433.0,0.0114779985,0.107135421
433.1,0.0114756765,0.107124584
433.2,0.0114729209,0.107111721
433.3,0.0114696,0.107096218
433.4,0.0114657195,0.1070781
433.5,0.0114614285,0.107058061
433.6,0.0114568543,0.107036696
433.7,0.0114520653,0.107014323
433.8,0.0114471559,0.106991383
433.9,0.0114421106,0.106967802
434.0,0.0114370233,0.106944019
434.1,0.0114318763,0.106919953
434.2,0.0114265655,0.106895114
434.3,0.0114210899,0.1068695
434.4,0.0114153524,0.106842653
434.5,0.0114091042,0.106813408
434.6,0.0114024828,0.106782409
434.7,0.0113956648,0.106750479
434.8,0.0113886496,0.106717616
434.9,0.0113815568,0.106684379
435.0,0.0113745698,0.106651628
435.1,0.011367894,0.106620327
435.2,0.0113616996,0.106591274
435.3,0.0113559164,0.106564142
435.4,0.0113502037,0.106537335
435.5,0.0113443203,0.106509719
435.6,0.0113382715,0.10648132
435.7,0.0113321255,0.106452457
435.8,0.0113257831,0.106422663
435.9,0.0113193594,0.106392478
436.0,0.0113129279,0.106362249
436.1,0.0113063939,0.106331528
436.2,0.0112998637,0.106300817
436.3,0.0112933173,0.106270021
436.4,0.0112866812,0.106238793
436.5,0.0112799382,0.106207054
436.6,0.0112730488,0.106174615
436.7,0.0112662039,0.106142376
436.8,0.0112594522,0.106110566
436.9,0.0112528469,0.106079437
437.0,0.011246452,0.106049291
437.1,0.0112402341,0.106019971
437.2,0.0112341391,0.105991222
437.3,0.0112281784,0.105963099
437.4,0.0112223503,0.105935595
437.5,0.0112167049,0.105908946
437.6,0.0112113516,0.10588367
437.7,0.0112063603,0.105860098
437.8,0.0112016786,0.105837983
437.9,0.0111971802,0.105816729
438.0,0.0111928378,0.105796209
438.1,0.0111887177,0.105776735
438.2,0.0111848399,0.105758403
438.3,0.0111812222,0.105741298
438.4,0.0111779087,0.105725629
438.5,0.0111749013,0.105711406
438.6,0.0111722334,0.105698786
438.7,0.0111699406,0.10568794
438.8,0.0111680238,0.105678871
438.9,0.011166429,0.105671325
439.0,0.0111649989,0.105664558
439.1,0.0111635114,0.105657519
439.2,0.0111617808,0.105649329
439.3,0.0111599663,0.105640742
439.4,0.0111581769,0.105632272
439.5,0.0111565795,0.105624711
439.6,0.0111553011,0.105618659
439.7,0.0111543655,0.10561423
439.8,0.0111537262,0.105611203
439.9,0.011153337,0.10560936
440.0,0.011153269,0.105609039
440.1,0.011153514,0.105610199
440.2,0.0111540094,0.105612544
440.3,0.0111547936,0.105616256
440.4,0.011155868,0.105621342
440.5,0.0111571876,0.105627589
440.6,0.0111586438,0.105634482
440.7,0.0111601351,0.105641541
440.8,0.0111616147,0.105648543
440.9,0.0111631454,0.105655787
441.0,0.0111647884,0.105663562
441.1,0.011166535,0.105671827
441.2,0.0111683738,0.105680527
441.3,0.0111702479,0.105689394
441.4,0.0111719914,0.105697641
441.5,0.0111734866,0.105704714
441.6,0.0111747611,0.105710742
441.7,0.0111758446,0.105715867
441.8,0.011176703,0.105719927
441.9,0.0111774025,0.105723235
442.0,0.0111779278,0.10572572
442.1,0.0111781211,0.105726634
442.2,0.0111778308,0.105725261
442.3,0.01117697,0.10572119
442.4,0.0111755422,0.105714437
442.5,0.0111736609,0.105705539
442.6,0.011171452,0.10569509
442.7,0.0111689888,0.105683437
442.8,0.011166275,0.105670597
442.9,0.0111633851,0.105656922
443.0,0.0111603895,0.105642745
443.1,0.01115733,0.105628263
443.2,0.0111541811,0.105613356
443.3,0.0111509558,0.105598086
443.4,0.0111476156,0.10558227
443.5,0.0111441336,0.105565779
443.6,0.011140611,0.105549093
443.7,0.0111370871,0.105532398
443.8,0.0111334559,0.105515193
443.9,0.0111296247,0.105497036
444.0,0.0111255805,0.105477867
444.1,0.0111212872,0.105457514
444.2,0.0111168475,0.105436462
444.3,0.0111122965,0.105414878
444.4,0.0111077053,0.105393099
444.5,0.0111031497,0.105371484
444.6,0.0110986104,0.105349942
444.7,0.0110940347,0.105328224
444.8,0.0110893838,0.105306143
444.9,0.0110846677,0.105283749
445.0,0.0110799215,0.105261206
445.1,0.0110751219,0.105238405
445.2,0.0110702089,0.10521506
445.3,0.0110651837,0.105191177
445.4,0.0110601902,0.105167439
445.5,0.0110552921,0.105144149
445.6,0.011050347,0.105120631
445.7,0.0110451978,0.105096136
445.8,0.0110398375,0.105070631
445.9,0.0110342577,0.105044075
446.0,0.0110284643,0.105016495
446.1,0.0110225218,0.104988198
446.2,0.0110164424,0.104959242
446.3,0.0110101059,0.104929052
446.4,0.0110036441,0.104898256
446.5,0.0109971342,0.104867222
446.6,0.0109905499,0.104835824
446.7,0.0109839096,0.104804149
446.8,0.0109772178,0.104772219
446.9,0.0109704612,0.104739969
447.0,0.010963691,0.104707645
447.1,0.0109569096,0.104675258
447.2,0.0109500615,0.104642542
447.3,0.0109430482,0.104609025
447.4,0.0109357982,0.104574367
447.5,0.0109283521,0.104538759
447.6,0.0109204716,0.10450106
447.7,0.0109121038,0.104461016
447.8,0.0109033974,0.104419335
447.9,0.0108943893,0.104376191
448.0,0.0108850983,0.104331675
448.1,0.0108756606,0.104286435
448.2,0.0108663057,0.104241574
448.3,0.0108571824,0.104197804
448.4,0.0108481797,0.104154595
448.5,0.0108390455,0.104110737
448.6,0.0108296315,0.104065516
448.7,0.010820122,0.104019815
448.8,0.0108106118,0.103974092
448.9,0.0108012399,0.103929014
449.0,0.010792023,0.103884662
449.1,0.0107828594,0.103840548
449.2,0.0107737516,0.103796684
449.3,0.0107647427,0.103753278
449.4,0.0107558293,0.103710314
449.5,0.0107469644,0.103667567
449.6,0.0107381299,0.103624948
449.7,0.0107293428,0.103582541
449.8,0.0107206642,0.10354064
449.9,0.0107121864,0.103499693
450.0,0.0107039545,0.103459918
450.1,0.0106960229,0.103421578
450.2,0.0106884481,0.103384951
450.3,0.0106813054,0.103350401
450.4,0.0106746422,0.10331816
450.5,0.0106684701,0.103288286
450.6,0.0106627985,0.103260828
450.7,0.0106576084,0.103235694
450.8,0.0106528663,0.103212723
450.9,0.0106485247,0.103191689
451.0,0.0106445446,0.103172402
451.1,0.0106409497,0.103154979
451.2,0.0106377897,0.103139661
451.3,0.0106350395,0.103126328
451.4,0.0106326882,0.103114927
451.5,0.010630725,0.103105407
451.6,0.010629074,0.103097401
451.7,0.0106277159,0.103090814
451.8,0.0106266955,0.103085865
451.9,0.0106259898,0.103082442
452.0,0.0106256045,0.103080573
452.1,0.0106255557,0.103080336
452.2,0.0106258372,0.103081701
452.3,0.0106264167,0.103084512
452.4,0.0106273045,0.103088818
452.5,0.0106285435,0.103094828
452.6,0.0106301635,0.103102684
452.7,0.0106321616,0.103112374
452.8,0.0106346043,0.103124218
452.9,0.010637528,0.103138392
453.0,0.0106409267,0.103154867
453.1,0.0106448209,0.103173741
453.2,0.010649249,0.103195199
453.3,0.010654185,0.103219111
453.4,0.0106594666,0.103244693
453.5,0.0106648619,0.103270818
453.6,0.0106701235,0.10329629
453.7,0.0106750704,0.103320232
453.8,0.0106796671,0.103342475
453.9,0.0106841959,0.103364384
454.0,0.0106888952,0.103387113
454.1,0.0106938358,0.103411004
454.2,0.0106990512,0.103436218
454.3,0.0107046969,0.103463505
454.4,0.0107108657,0.103493312
454.5,0.0107175946,0.103525816
454.6,0.0107248879,0.103561034
454.7,0.0107327369,0.103598923
454.8,0.0107411029,0.103639292
454.9,0.0107499272,0.103681856
455.0,0.0107592012,0.10372657
455.1,0.0107689272,0.103773442
455.2,0.010779113,0.103822507
455.3,0.0107897652,0.103873795
455.4,0.0108008841,0.103927302
455.5,0.0108124877,0.103983113
455.6,0.010824602,0.104041348
455.7,0.0108372247,0.104101992
455.8,0.0108503159,0.10416485
455.9,0.010863854,0.104229813
456.0,0.0108778489,0.104296927
456.1,0.010892317,0.104366264
456.2,0.0109072201,0.104437637
456.3,0.0109224477,0.104510515
456.4,0.0109379488,0.104584649
456.5,0.0109537504,0.104660166
456.6,0.0109698106,0.104736864
456.7,0.0109859897,0.104814072
456.8,0.0110021685,0.104891222
456.9,0.0110182749,0.104967971
457.0,0.0110342284,0.105043936
457.1,0.0110500586,0.105119259
457.2,0.0110656887,0.105193577
457.3,0.0110809974,0.105266317
457.4,0.0110960176,0.105337636
457.5,0.0111107529,0.105407556
457.6,0.0111251637,0.105475891
457.7,0.0111392632,0.105542708
457.8,0.0111530512,0.105608007
457.9,0.0111665328,0.105671816
458.0,0.0111797443,0.10573431
458.1,0.0111927775,0.105795924
458.2,0.0112057184,0.105857066
458.3,0.0112185071,0.105917454
458.4,0.0112311206,0.105976981
458.5,0.0112435939,0.106035814
458.6,0.0112557971,0.106093341
458.7,0.0112675923,0.106148916
458.8,0.0112790742,0.106202986
458.9,0.011290219,0.106255442
459.0,0.0113011087,0.106306673
459.1,0.0113116941,0.106356449
459.2,0.0113219688,0.106404741
459.3,0.0113319542,0.106451652
459.4,0.0113416419,0.106497145
459.5,0.0113510851,0.106541471
459.6,0.0113603515,0.10658495
459.7,0.0113695129,0.106627918
459.8,0.011378653,0.106670769
459.9,0.0113877383,0.106713346
460.0,0.011396743,0.106755529
460.1,0.0114056942,0.106797445
460.2,0.0114145572,0.106838931
460.3,0.0114232737,0.106879716
460.4,0.0114316659,0.106918969
460.5,0.0114397149,0.106956603
460.6,0.0114474708,0.106992854
460.7,0.0114550426,0.107028233
460.8,0.0114625452,0.107063277
460.9,0.0114701219,0.107098655
461.0,0.0114779119,0.107135017
461.1,0.0114859343,0.107172451
461.2,0.0114939484,0.107209834
461.3,0.011501589,0.107245461
461.4,0.0115086725,0.107278481
461.5,0.0115152045,0.107308921
461.6,0.011521279,0.107337221
461.7,0.0115268914,0.107363362
461.8,0.0115319903,0.107387105
461.9,0.0115367164,0.107409108
462.0,0.0115411666,0.107429822
462.1,0.0115453484,0.107449283
462.2,0.01154935,0.107467902
462.3,0.0115532821,0.107486195
462.4,0.0115571457,0.107504166
462.5,0.0115608781,0.107521524
462.6,0.0115643672,0.107537748
462.7,0.0115675165,0.107552389
462.8,0.0115703274,0.107565456
462.9,0.0115729107,0.107577464
463.0,0.0115753683,0.107588886
463.1,0.0115777406,0.10759991
463.2,0.0115799834,0.107610331
463.3,0.011582103,0.10762018
463.4,0.0115841808,0.107629832
463.5,0.0115861253,0.107638865
463.6,0.0115877925,0.107646609
463.7,0.0115891593,0.107652957
463.8,0.0115903565,0.107658518
463.9,0.0115914169,0.107663443
464.0,0.0115923093,0.107667587
464.1,0.0115930775,0.107671155
464.2,0.0115936723,0.107673917
464.3,0.0115939564,0.107675236
464.4,0.0115937643,0.107674344
464.5,0.0115929553,0.107670587
464.6,0.0115914994,0.107663826
464.7,0.011589449,0.107654303
464.8,0.011586928,0.107642594
464.9,0.0115840513,0.10762923
465.0,0.0115808868,0.107614529
465.1,0.0115774052,0.107598351
465.2,0.0115734428,0.107579937
465.3,0.0115689854,0.107559218
465.4,0.0115641365,0.107536675
465.5,0.0115589771,0.107512683
465.6,0.0115537095,0.107488183
465.7,0.0115481803,0.10746246
465.8,0.0115421788,0.107434533
465.9,0.0115359609,0.107405591
466.0,0.011529686,0.107376375
466.1,0.0115232481,0.107346393
466.2,0.0115164792,0.10731486
466.3,0.0115093843,0.107281799
466.4,0.0115021527,0.107248089
466.5,0.011494823,0.107213912
466.6,0.0114873598,0.107179101
466.7,0.0114797632,0.107143657
466.8,0.011472044,0.107107628
466.9,0.0114642693,0.107071328
467.0,0.0114564234,0.107034683
467.1,0.0114484289,0.106997331
467.2,0.011440302,0.106959347
467.3,0.0114321344,0.10692116
467.4,0.0114239581,0.106882918
467.5,0.0114158127,0.106844806
467.6,0.0114076967,0.106806819
467.7,0.0113995651,0.106768746
467.8,0.0113913901,0.106730455
467.9,0.01138324,0.106692268
468.0,0.0113750974,0.106654102
468.1,0.0113668987,0.106615659
468.2,0.0113586642,0.106577034
468.3,0.0113503817,0.10653817
468.4,0.0113420848,0.106499225
468.5,0.0113338295,0.10646046
468.6,0.0113255666,0.106421645
468.7,0.0113171861,0.106382264
468.8,0.0113085543,0.106341687
468.9,0.0112995536,0.106299359
469.0,0.0112902589,0.10625563
469.1,0.0112807069,0.106210672
469.2,0.0112709319,0.106164645
469.3,0.0112609356,0.106117556
469.4,0.0112507525,0.106069564
469.5,0.011240482,0.106021139
469.6,0.0112302085,0.105972678
469.7,0.0112198189,0.105923647
469.8,0.0112091128,0.105873098
469.9,0.0111979314,0.105820279
470.0,0.0111863414,0.105765502
470.1,0.0111744351,0.105709201
470.2,0.0111622415,0.10565151
470.3,0.0111499512,0.105593329
470.4,0.0111377191,0.105535393
470.5,0.0111256682,0.105478283
470.6,0.0111139568,0.105422753
470.7,0.0111026196,0.105368969
470.8,0.0110915321,0.105316343
470.9,0.0110804399,0.105263668
471.0,0.0110692362,0.105210438
471.1,0.011057955,0.105156812
471.2,0.0110467146,0.105103352
471.3,0.0110356836,0.105050862
471.4,0.0110249249,0.104999643
471.5,0.0110145216,0.104950091
471.6,0.0110045535,0.104902591
471.7,0.0109950556,0.104857311
471.8,0.010986046,0.104814341
471.9,0.010977526,0.104773689
472.0,0.0109694945,0.104735354
472.1,0.0109618703,0.104698951
472.2,0.0109545231,0.104663858
472.3,0.0109474815,0.104630213
472.4,0.0109407939,0.10459825
472.5,0.0109345445,0.104568372
472.6,0.0109288021,0.104540911
472.7,0.0109235777,0.104515921
472.8,0.0109188893,0.104493489
472.9,0.0109148059,0.104473949
473.0,0.0109113292,0.104457308
473.1,0.0109084304,0.104443431
473.2,0.010906171,0.104432615
473.3,0.0109045386,0.104424799
473.4,0.0109034617,0.104419642
473.5,0.0109029177,0.104417037
473.6,0.0109028598,0.10441676
473.7,0.0109033047,0.10441889
473.8,0.0109043076,0.104423693
473.9,0.0109058467,0.104431062
474.0,0.0109078465,0.104440636
474.1,0.0109102794,0.104452283
474.2,0.0109131909,0.104466219
474.3,0.0109166073,0.10448257
474.4,0.0109205212,0.104501297
474.5,0.0109249189,0.104522337
474.6,0.0109297507,0.104545448
474.7,0.0109349758,0.104570434
474.8,0.0109405624,0.104597144
474.9,0.0109464798,0.104625426
475.0,0.0109526969,0.104655133
475.1,0.0109592049,0.104686221
475.2,0.0109659436,0.104718402
475.3,0.0109728533,0.104751388
475.4,0.0109799492,0.104785253
475.5,0.0109871916,0.104819805
475.6,0.0109945632,0.104854963
475.7,0.0110021555,0.10489116
475.8,0.0110099522,0.104928319
475.9,0.0110178858,0.104966118
476.0,0.011025828,0.105003943
476.1,0.0110337175,0.105041504
476.2,0.0110415361,0.105078714
476.3,0.0110492588,0.105115455
476.4,0.0110568348,0.105151485
476.5,0.0110642236,0.105186613
476.6,0.0110714115,0.105220775
476.7,0.0110783276,0.105253635
476.8,0.0110850278,0.105285458
476.9,0.011091504,0.105316209
477.0,0.0110977754,0.105345979
477.1,0.011104032,0.105375671
477.2,0.0111103739,0.105405758
477.3,0.0111166664,0.105435603
477.4,0.0111226448,0.10546395
477.5,0.0111281235,0.105489921
477.6,0.0111329746,0.105512912
477.7,0.0111371504,0.105532698
477.8,0.0111407524,0.105549763
477.9,0.0111439265,0.105564798
478.0,0.0111466584,0.105577736
478.1,0.0111490197,0.105588918
478.2,0.0111511277,0.1055989
478.3,0.0111530639,0.105608067
478.4,0.0111549461,0.105616978
478.5,0.0111568628,0.105626052
478.6,0.0111587306,0.105634893
478.7,0.0111602044,0.105641869
478.8,0.0111607947,0.105644662
478.9,0.0111605727,0.105643612
479.0,0.0111598052,0.105639979
479.1,0.0111586266,0.105634401
479.2,0.0111571434,0.10562738
479.3,0.0111553033,0.105618669
479.4,0.0111530934,0.105608207
479.5,0.0111506831,0.105596795
479.6,0.0111481933,0.105585005
479.7,0.0111456749,0.105573079
479.8,0.011143152,0.105561129
479.9,0.0111405797,0.105548945
480.0,0.0111379104,0.105536299
480.1,0.0111351141,0.10552305
480.2,0.0111320973,0.105508755
480.3,0.0111288127,0.105493188
480.4,0.0111253771,0.105476903
480.5,0.0111217916,0.105459905
480.6,0.0111180981,0.105442392
480.7,0.0111144478,0.105425081
480.8,0.0111107102,0.105407353
480.9,0.0111067937,0.105388774
481.0,0.0111028031,0.105369839
481.1,0.0110987111,0.10535042
481.2,0.0110943864,0.105329893
481.3,0.0110897982,0.105308111
481.4,0.0110851336,0.105285961
481.5,0.0110805631,0.105264254
481.6,0.0110762349,0.105243693
481.7,0.0110722436,0.105224729
481.8,0.0110685222,0.105207045
481.9,0.0110649738,0.105190179
482.0,0.011061629,0.105174279
482.1,0.0110585348,0.105159568
482.2,0.0110556938,0.105146059
482.3,0.0110531372,0.105133901
482.4,0.0110508136,0.10512285
482.5,0.0110486715,0.105112661
482.6,0.0110467315,0.105103432
482.7,0.0110450132,0.105095258
482.8,0.0110434794,0.10508796
482.9,0.0110420555,0.105081185
483.0,0.0110407208,0.105074834
483.1,0.0110395364,0.105069198
483.2,0.0110385608,0.105064555
483.3,0.0110378211,0.105061035
483.4,0.0110373118,0.105058611
483.5,0.0110369521,0.1050569
483.6,0.0110366177,0.105055308
483.7,0.0110362633,0.105053621
483.8,0.0110358966,0.105051876
483.9,0.0110354715,0.105049852
484.0,0.0110350005,0.105047611
484.1,0.0110344703,0.105045087
484.2,0.0110338664,0.105042213
484.3,0.0110332524,0.10503929
484.4,0.0110326957,0.10503664
484.5,0.0110322129,0.105034341
484.6,0.0110318144,0.105032445
484.7,0.0110315046,0.10503097
484.8,0.0110313112,0.105030049
484.9,0.0110312337,0.10502968
485.0,0.0110312358,0.10502969
485.1,0.0110312581,0.105029796
485.2,0.0110313269,0.105030124
485.3,0.0110314897,0.105030899
485.4,0.0110317524,0.105032149
485.5,0.0110321207,0.105033902
485.6,0.0110326111,0.105036237
485.7,0.0110331994,0.105039037
485.8,0.0110338285,0.105042032
485.9,0.0110344828,0.105045147
486.0,0.0110351762,0.105048447
486.1,0.0110358879,0.105051834
486.2,0.0110366105,0.105055274
486.3,0.0110373088,0.105058597
486.4,0.011037978,0.105061782
486.5,0.0110386313,0.105064891
486.6,0.0110392947,0.105068048
486.7,0.0110400257,0.105071527
486.8,0.0110408125,0.105075271
486.9,0.0110416153,0.105079091
487.0,0.0110423914,0.105082784
487.1,0.0110432023,0.105086642
487.2,0.0110441527,0.105091164
487.3,0.0110452645,0.105096453
487.4,0.0110465557,0.105102596
487.5,0.0110480325,0.105109621
487.6,0.0110496986,0.105117546
487.7,0.0110515679,0.105126438
487.8,0.0110536439,0.105136311
487.9,0.0110559158,0.105147115
488.0,0.0110583808,0.105158836
488.1,0.0110610473,0.105171514
488.2,0.011063943,0.10518528
488.3,0.0110671193,0.105200377
488.4,0.0110706333,0.105217077
488.5,0.0110744689,0.105235302
488.6,0.0110784599,0.105254263
488.7,0.0110824937,0.105273424
488.8,0.0110865468,0.105292672
488.9,0.0110906676,0.105312239
489.0,0.0110948578,0.105332131
489.1,0.011099282,0.10535313
489.2,0.0111040209,0.105375618
489.3,0.0111090136,0.105399305
489.4,0.0111140406,0.10542315
489.5,0.0111188037,0.105445738
489.6,0.0111230185,0.105465722
489.7,0.0111267008,0.105483178
489.8,0.0111301814,0.105499675
489.9,0.0111335583,0.105515678
490.0,0.0111368698,0.105531369
490.1,0.0111402176,0.105547229
490.2,0.0111436291,0.105563389
490.3,0.0111469953,0.105579332
490.4,0.0111502711,0.105594844
490.5,0.0111534988,0.105610126
490.6,0.0111566856,0.105625213
490.7,0.0111598285,0.105640089
490.8,0.0111629974,0.105655087
490.9,0.0111662956,0.105670694
491.0,0.0111696974,0.105686789
491.1,0.0111731435,0.105703091
491.2,0.0111766125,0.105719499
491.3,0.0111802185,0.105736552
491.4,0.0111840455,0.105754647
491.5,0.011188123,0.105773924
491.6,0.0111924584,0.105794416
491.7,0.011196987,0.105815816
491.8,0.0112016869,0.105838022
491.9,0.0112065521,0.105861004
492.0,0.0112115175,0.105884453
492.1,0.0112165675,0.105908298
492.2,0.0112216184,0.105932141
492.3,0.0112266812,0.105956034
492.4,0.0112317995,0.105980185
492.5,0.0112370108,0.106004768
492.6,0.0112422527,0.10602949
492.7,0.0112475373,0.106054407
492.8,0.011252873,0.10607956
492.9,0.011258176,0.106104552
493.0,0.0112635692,0.106129964
493.1,0.01126903,0.106155687
493.2,0.0112745234,0.106181559
493.3,0.0112800897,0.106207767
493.4,0.0112857461,0.106234392
493.5,0.01129147,0.106261329
493.6,0.0112972678,0.106288606
493.7,0.0113031433,0.106316242
493.8,0.0113091102,0.1063443
493.9,0.0113151597,0.10637274
494.0,0.0113212003,0.106401129
494.1,0.0113271718,0.106429187
494.2,0.0113329649,0.106456399
494.3,0.0113385251,0.106482511
494.4,0.0113438366,0.106507449
494.5,0.0113488338,0.106530905
494.6,0.0113535229,0.106552911
494.7,0.0113579562,0.106573713
494.8,0.0113622264,0.106593745
494.9,0.0113664061,0.106613349
495.0,0.011370483,0.106632467
495.1,0.0113743647,0.106650666
495.2,0.0113780887,0.106668124
495.3,0.0113816551,0.10668484
495.4,0.0113850825,0.106700902
495.5,0.0113883012,0.106715984
495.6,0.0113912322,0.106729716
495.7,0.0113938518,0.106741987
495.8,0.0113961812,0.106752898
495.9,0.0113982494,0.106762584
496.0,0.011400183,0.10677164
496.1,0.0114020876,0.106780558
496.2,0.0114039286,0.106789178
496.3,0.0114054547,0.106796324
496.4,0.0114064691,0.106801072
496.5,0.0114071428,0.106804227
496.6,0.0114075716,0.106806234
496.7,0.011407911,0.106807823
496.8,0.0114082999,0.106809643
496.9,0.0114088064,0.106812014
497.0,0.0114093145,0.106814393
497.1,0.0114096434,0.106815932
497.2,0.0114098371,0.106816839
497.3,0.011409964,0.106817433
497.4,0.0114100516,0.106817843
497.5,0.0114100811,0.106817981
497.6,0.0114099917,0.106817563
497.7,0.0114097478,0.106816421
497.8,0.0114093201,0.106814419
497.9,0.011408729,0.106811652
498.0,0.0114080749,0.10680859
498.1,0.0114074062,0.10680546
498.2,0.0114067959,0.106802603
498.3,0.0114062504,0.106800049
498.4,0.0114057602,0.106797754
498.5,0.0114053073,0.106795633
498.6,0.0114049024,0.106793737
498.7,0.0114045585,0.106792127
498.8,0.011404292,0.10679088
498.9,0.0114040106,0.106789562
499.0,0.0114036774,0.106788002
499.1,0.0114034083,0.106786742
499.2,0.0114033271,0.106786362
499.3,0.0114034899,0.106787124
499.4,0.0114036182,0.106787725
499.5,0.0114032334,0.106785923
499.6,0.0114022392,0.106781268
499.7,0.0114007782,0.106774427
499.8,0.0113990706,0.10676643
499.9,0.0113971655,0.106757508
500.0,0.0113951703,0.106748163
500.1,0.0113931253,0.106738584
500.2,0.011390983,0.106728548
500.3,0.0113888897,0.106718741
500.4,0.0113869898,0.106709839
500.5,0.0113851936,0.106701423
500.6,0.0113834228,0.106693124
500.7,0.0113817224,0.106685156
500.8,0.011380153,0.1066778
500.9,0.0113787079,0.106671027
501.0,0.0113773699,0.106664755
501.1,0.0113760845,0.106658729
501.2,0.0113747871,0.106652647
501.3,0.0113735207,0.10664671
501.4,0.0113723649,0.106641291
501.5,0.0113712106,0.106635879
501.6,0.0113699578,0.106630004
501.7,0.0113685984,0.106623629
501.8,0.0113671107,0.106616653
501.9,0.0113654316,0.106608778
502.0,0.0113636696,0.106600514
502.1,0.011361881,0.106592124
502.2,0.0113601425,0.106583969
502.3,0.0113584282,0.106575927
502.4,0.0113567682,0.106568139
502.5,0.0113552267,0.106560906
502.6,0.0113537961,0.106554193
502.7,0.011352564,0.106548412
502.8,0.0113514764,0.106543308
502.9,0.0113504438,0.106538462
503.0,0.0113494798,0.106533937
503.1,0.0113484969,0.106529324
503.2,0.0113475136,0.106524709
503.3,0.0113465259,0.106520073
503.4,0.0113455201,0.106515351
503.5,0.0113445298,0.106510703
503.6,0.011343668,0.106506657
503.7,0.0113429138,0.106503116
503.8,0.0113423782,0.106500602
503.9,0.0113421216,0.106499397
504.0,0.0113421601,0.106499578
504.1,0.0113423469,0.106500455
504.2,0.0113426,0.106501643
504.3,0.011343038,0.106503699
504.4,0.011343672,0.106506676
504.5,0.0113444445,0.106510302
504.6,0.0113453536,0.10651457
504.7,0.0113464918,0.106519913
504.8,0.0113479697,0.10652685
504.9,0.0113498355,0.106535607
505.0,0.0113520454,0.106545978
505.1,0.0113546176,0.106558048
505.2,0.0113574998,0.106571571
505.3,0.0113606534,0.106586366
505.4,0.0113641146,0.106602601
505.5,0.0113679122,0.106620412
505.6,0.0113720575,0.10663985
505.7,0.0113765441,0.106660884
505.8,0.0113813096,0.106683221
505.9,0.0113863,0.106706607
506.0,0.0113914725,0.106730841
506.1,0.0113968147,0.106755865
506.2,0.0114023584,0.106781826
506.3,0.0114080904,0.106808663
506.4,0.0114139971,0.10683631
506.5,0.0114200809,0.106864779
506.6,0.0114263392,0.106894056
506.7,0.0114328326,0.106924425
506.8,0.0114395571,0.106955865
506.9,0.011446498,0.106988308
507.0,0.0114537079,0.107021997
507.1,0.0114611785,0.107056894
507.2,0.0114687125,0.107092075
507.3,0.0114762547,0.107127283
507.4,0.011483793,0.107162461
507.5,0.011491194,0.107196987
507.6,0.0114983525,0.107230371
507.7,0.0115052483,0.10726252
507.8,0.0115119241,0.107293635
507.9,0.0115183572,0.10732361
508.0,0.011524574,0.107352569
508.1,0.0115306133,0.107380693
508.2,0.0115365317,0.107408248
508.3,0.0115423999,0.107435562
508.4,0.01154819,0.107462505
508.5,0.0115536927,0.107488105
508.6,0.0115586888,0.107511343
508.7,0.0115630178,0.107531474
508.8,0.0115666039,0.107548147
508.9,0.0115695519,0.107561852
509.0,0.0115721532,0.107573943
509.1,0.0115745005,0.107584852
509.2,0.0115765893,0.10759456
509.3,0.01157856,0.107603717
509.4,0.0115805761,0.107613085
509.5,0.011582679,0.107622855
509.6,0.0115848263,0.107632831
509.7,0.0115870545,0.107643182
509.8,0.0115894306,0.107654218
509.9,0.0115919508,0.107665922
510.0,0.0115945162,0.107677835
510.1,0.0115970818,0.107689748
510.2,0.0115997245,0.107702017
510.3,0.0116024753,0.107714787
510.4,0.0116052693,0.107727755
510.5,0.0116081016,0.107740901
510.6,0.0116109213,0.107753985
510.7,0.0116136188,0.107766501
510.8,0.0116161311,0.107778157
510.9,0.0116184399,0.107788867
511.0,0.011620561,0.107798706
511.1,0.0116224861,0.107807635
511.2,0.0116242764,0.107815937
511.3,0.0116259397,0.107823651
511.4,0.0116275015,0.107830893
511.5,0.0116290285,0.107837973
511.6,0.0116306334,0.107845414
511.7,0.0116323762,0.107853494
511.8,0.0116341799,0.107861856
511.9,0.0116359546,0.107870082
512.0,0.0116376176,0.10787779
512.1,0.011639061,0.10788448
512.2,0.0116403176,0.107890304
512.3,0.0116413826,0.107895239
512.4,0.0116420675,0.107898413
512.5,0.0116424455,0.107900164
512.6,0.0116425966,0.107900865
512.7,0.0116425797,0.107900786
512.8,0.0116425948,0.107900856
512.9,0.0116427202,0.107901437
513.0,0.0116429785,0.107902634
513.1,0.0116433416,0.107904317
513.2,0.0116437399,0.107906163
513.3,0.0116441923,0.107908259
513.4,0.0116446329,0.1079103
513.5,0.0116450517,0.107912241
513.6,0.0116454485,0.107914079
513.7,0.0116458559,0.107915967
513.8,0.0116462348,0.107917722
513.9,0.0116464935,0.107918921
514.0,0.0116466131,0.107919475
514.1,0.0116466415,0.107919607
514.2,0.0116466059,0.107919441
514.3,0.0116464499,0.107918719
514.4,0.0116461678,0.107917412
514.5,0.0116457936,0.107915678
514.6,0.0116453001,0.107913392
514.7,0.01164466,0.107910426
514.8,0.0116439685,0.107907222
514.9,0.011643258,0.10790393
515.0,0.0116424926,0.107900383
515.1,0.011641692,0.107896673
515.2,0.0116409625,0.107893292
515.3,0.011640346,0.107890435
515.4,0.011639899,0.107888363
515.5,0.0116395532,0.107886761
515.6,0.0116391071,0.107884693
515.7,0.0116383764,0.107881307
515.8,0.0116373487,0.107876544
515.9,0.0116360745,0.107870638
516.0,0.0116346322,0.107863952
516.1,0.0116331304,0.107856991
516.2,0.011631652,0.107850137
516.3,0.0116301986,0.107843399
516.4,0.0116287773,0.107836808
516.5,0.0116274494,0.107830652
516.6,0.0116262318,0.107825006
516.7,0.0116250872,0.107819698
516.8,0.0116239634,0.107814486
516.9,0.0116228513,0.107809328
517.0,0.0116217753,0.107804338
517.1,0.0116206981,0.107799342
517.2,0.0116195713,0.107794116
517.3,0.0116183832,0.107788604
517.4,0.0116171679,0.107782967
517.5,0.0116159527,0.107777329
517.6,0.0116146839,0.107771443
517.7,0.0116133212,0.107765121
517.8,0.0116118669,0.107758373
517.9,0.0116102981,0.107751093
518.0,0.0116086119,0.107743268
518.1,0.0116068305,0.107735001
518.2,0.0116049874,0.107726447
518.3,0.0116030534,0.10771747
518.4,0.0116009818,0.107707854
518.5,0.0115987524,0.107697504
518.6,0.0115963665,0.107686427
518.7,0.0115937163,0.107674121
518.8,0.011590799,0.107660573
518.9,0.0115876961,0.107646162
519.0,0.0115845387,0.107631495
519.1,0.0115814603,0.107617193
519.2,0.011578627,0.107604029
519.3,0.0115760908,0.107592243
519.4,0.0115739137,0.107582125
519.5,0.0115721283,0.107573827
519.6,0.0115706497,0.107566955
519.7,0.0115693631,0.107560974
519.8,0.0115681917,0.107555528
519.9,0.0115671066,0.107550484
520.0,0.0115661015,0.107545811
520.1,0.0115652229,0.107541726
520.2,0.0115644874,0.107538307
520.3,0.0115639063,0.107535605
520.4,0.0115635495,0.107533946
520.5,0.0115635037,0.107533733
520.6,0.0115638135,0.107535173
520.7,0.0115645443,0.107538571
520.8,0.0115657002,0.107543946
520.9,0.0115671937,0.107550889
521.0,0.0115689966,0.10755927
521.1,0.0115711993,0.107569509
521.2,0.0115738471,0.107581816
521.3,0.0115769457,0.107596216
521.4,0.0115805453,0.107612942
521.5,0.0115846487,0.107632006
521.6,0.0115891829,0.107653067
521.7,0.0115940692,0.10767576
521.8,0.0115992983,0.107700039
521.9,0.011604854,0.107725828
522.0,0.0116107673,0.10775327
522.1,0.0116170578,0.107782456
522.2,0.0116237045,0.107813285
522.3,0.0116307087,0.107845763
522.4,0.0116380498,0.107879793
522.5,0.0116456036,0.107914798
522.6,0.0116533564,0.107950713
522.7,0.0116613535,0.107987747
522.8,0.0116695938,0.108025894
522.9,0.0116780351,0.108064958
523.0,0.0116865995,0.108104577
523.1,0.0116952822,0.108144728
523.2,0.0117041522,0.10818573
523.3,0.0117132716,0.108227869
523.4,0.0117226747,0.108271301
523.5,0.0117323766,0.108316096
523.6,0.0117424437,0.108362557
523.7,0.0117529004,0.108410795
523.8,0.0117636614,0.108460414
523.9,0.011774566,0.108510672
524.0,0.0117854843,0.10856097
524.1,0.011796431,0.108611376
524.2,0.0118074532,0.108662106
524.3,0.0118185515,0.108713161
524.4,0.0118297374,0.108764596
524.5,0.0118410447,0.108816564
524.6,0.0118525078,0.108869223
524.7,0.0118641627,0.108922737
524.8,0.0118760862,0.108977457
524.9,0.0118883267,0.109033604
525.0,0.0119008999,0.109091246
525.1,0.0119138851,0.109150745
525.2,0.0119272708,0.109212045
525.3,0.0119409739,0.109274763
525.4,0.0119548999,0.109338465
525.5,0.0119689842,0.109402853
525.6,0.0119832145,0.10946787
525.7,0.0119976383,0.109533731
525.8,0.0120122959,0.10960062
525.9,0.0120271327,0.109668285
526.0,0.0120421463,0.109736713
526.1,0.0120573661,0.109806039
526.2,0.012072756,0.109876094
526.3,0.0120881914,0.109946312
526.4,0.0121035245,0.110016019
526.5,0.0121186613,0.110084791
526.6,0.0121335108,0.110152216
526.7,0.0121480947,0.110218396
526.8,0.012162482,0.110283644
526.9,0.0121768017,0.110348546
527.0,0.0121911059,0.110413341
527.1,0.012205414,0.110478116
527.2,0.0122197527,0.11054299
527.3,0.0122341791,0.110608223
527.4,0.0122487407,0.110674029
527.5,0.0122634612,0.110740513
527.6,0.0122782854,0.110807425
527.7,0.0122931162,0.110874326
527.8,0.0123078228,0.110940627
527.9,0.0123223894,0.111006258
528.0,0.0123367608,0.111070972
528.1,0.0123508406,0.111134336
528.2,0.0123646336,0.111196374
528.3,0.0123782174,0.111257438
528.4,0.0123916064,0.111317593
528.5,0.0124048378,0.111377007
528.6,0.0124179442,0.11143583
528.7,0.0124309118,0.111493999
528.8,0.0124436834,0.111551259
528.9,0.01245619,0.111607303
529.0,0.0124684119,0.111662043
529.1,0.0124803691,0.111715573
529.2,0.0124920174,0.111767694
529.3,0.0125033607,0.111818427
529.4,0.0125144928,0.111868194
529.5,0.0125255704,0.111917695
529.6,0.0125366046,0.11196698
529.7,0.0125475302,0.112015759
529.8,0.0125583243,0.112063929
529.9,0.0125689821,0.112111472
530.0,0.0125795046,0.112158391
530.1,0.0125899007,0.112204727
530.2,0.012600182,0.112250532
530.3,0.0126103141,0.112295655
530.4,0.012620245,0.112339864
530.5,0.0126299439,0.112383023
530.6,0.0126393758,0.112424978
530.7,0.0126484832,0.112465476
530.8,0.0126572388,0.112504395
530.9,0.0126655812,0.112541465
531.0,0.0126733121,0.112575806
531.1,0.012680555,0.11260797
531.2,0.012687271,0.112637787
531.3,0.0126934083,0.112665027
531.4,0.0126989975,0.112689829
531.5,0.0127040944,0.112712441
531.6,0.012708825,0.112733425
531.7,0.0127131618,0.112752658
531.8,0.0127171221,0.112770218
531.9,0.0127207562,0.11278633
532.0,0.0127241799,0.112801507
532.1,0.0127274791,0.11281613
532.2,0.0127307848,0.112830779
532.3,0.0127342423,0.1128461
532.4,0.0127380652,0.112863037
532.5,0.0127423685,0.1128821
532.6,0.0127469546,0.112902412
532.7,0.0127516337,0.112923132
532.8,0.0127563214,0.112943886
532.9,0.0127609395,0.112964329
533.0,0.0127653939,0.112984043
533.1,0.0127697121,0.113003151
533.2,0.0127740184,0.113022203
533.3,0.0127783475,0.113041353
533.4,0.0127826525,0.113060393
533.5,0.0127868845,0.113079107
533.6,0.0127910881,0.113097693
533.7,0.0127952916,0.113116275
533.8,0.0127994767,0.113134772
533.9,0.0128036585,0.113153252
534.0,0.0128079249,0.113172103
534.1,0.0128124123,0.113191927
534.2,0.0128171708,0.113212945
534.3,0.0128220945,0.113234687
534.4,0.0128268772,0.113255804
534.5,0.0128314107,0.113275817
534.6,0.0128355813,0.113294224
534.7,0.0128392851,0.113310569
534.8,0.0128424813,0.113324672
534.9,0.0128451562,0.113336473
535.0,0.0128474158,0.113346442
535.1,0.0128494389,0.113355366
535.2,0.012851376,0.113363909
535.3,0.0128533696,0.113372702
535.4,0.0128555809,0.113382454
535.5,0.0128581877,0.113393949
535.6,0.0128611517,0.113407018
535.7,0.0128642853,0.113420833
535.8,0.0128675294,0.113435133
535.9,0.0128707725,0.113449427
536.0,0.0128738951,0.113463188
536.1,0.0128770551,0.113477113
536.2,0.0128803964,0.113491834
536.3,0.0128840689,0.113508013
536.4,0.0128881179,0.113525847
536.5,0.0128926059,0.113545612
536.6,0.0128976016,0.113567608
536.7,0.0129031391,0.113591985
536.8,0.0129092271,0.11361878
536.9,0.0129157881,0.113647649
537.0,0.0129228181,0.113678574
537.1,0.0129303724,0.113711796
537.2,0.0129383569,0.113746899
537.3,0.0129466489,0.113783342
537.4,0.0129551883,0.11382086
537.5,0.0129639542,0.113859361
537.6,0.0129729874,0.113899023
537.7,0.0129822664,0.113939749
537.8,0.0129917919,0.113981542
537.9,0.0130016798,0.114024909
538.0,0.0130118999,0.114069715
538.1,0.013022385,0.114115665
538.2,0.0130331612,0.114162871
538.3,0.0130442935,0.114211617
538.4,0.0130558735,0.114262301
538.5,0.0130678902,0.114314873
538.6,0.0130801448,0.114368461
538.7,0.0130924952,0.114422442
538.8,0.0131050654,0.114477357
538.9,0.0131177908,0.114532925
539.0,0.0131306341,0.114588979
539.1,0.0131435623,0.114645376
539.2,0.0131564926,0.114701755
539.3,0.0131695253,0.114758552
539.4,0.0131826129,0.11481556
539.5,0.0131956285,0.114872227
539.6,0.0132084581,0.114928056
539.7,0.0132211106,0.114983088
539.8,0.0132335128,0.115037006
539.9,0.0132455283,0.115089219
540.0,0.0132571418,0.115139662
540.1,0.0132684007,0.115188544
540.2,0.013279214,0.115235472
540.3,0.0132894904,0.115280052
540.4,0.0132992471,0.115322362
540.5,0.0133085088,0.11536251
540.6,0.0133173196,0.115400691
540.7,0.013325704,0.115437013
540.8,0.013333719,0.115471724
540.9,0.0133414701,0.115505282
541.0,0.0133490086,0.11553791
541.1,0.0133564104,0.115569937
541.2,0.0133637654,0.115601753
541.3,0.0133710898,0.115633429
541.4,0.0133781457,0.115663934
541.5,0.0133847307,0.115692397
541.6,0.0133908344,0.115718773
541.7,0.013396412,0.11574287
541.8,0.0134015221,0.115764943
541.9,0.0134062664,0.115785433
542.0,0.0134106179,0.115804222
542.1,0.0134145623,0.115821251
542.2,0.0134182043,0.115836973
542.3,0.0134216677,0.115851922
542.4,0.0134250365,0.11586646
542.5,0.0134283049,0.115880563
542.6,0.0134315022,0.115894358
542.7,0.0134346844,0.115908086
542.8,0.0134379154,0.115922023
542.9,0.0134411873,0.115936135
543.0,0.0134444686,0.115950285
543.1,0.0134477646,0.115964497
543.2,0.01345106,0.115978705
543.3,0.0134542626,0.115992511
543.4,0.0134573261,0.116005716
543.5,0.0134603032,0.116018547
543.6,0.013463321,0.116031552
543.7,0.013466456,0.11604506
543.8,0.0134697181,0.116059115
543.9,0.0134730331,0.116073395
544.0,0.0134763843,0.11608783
544.1,0.0134799239,0.116103074
544.2,0.0134836411,0.116119082
544.3,0.0134874185,0.116135346
544.4,0.0134911458,0.116151392
544.5,0.0134949305,0.116167683
544.6,0.0134988596,0.116184593
544.7,0.0135029266,0.116202094
544.8,0.0135071778,0.116220385
544.9,0.0135117088,0.116239876
545.0,0.0135164651,0.116260333
545.1,0.0135213427,0.116281308
545.2,0.0135263472,0.116302825
545.3,0.0135315166,0.116325047
545.4,0.0135369423,0.116348366
545.5,0.0135426877,0.116373054
545.6,0.0135488446,0.116399504
545.7,0.0135553949,0.116427638
545.8,0.0135621337,0.116456574
545.9,0.0135689909,0.116486012
546.0,0.0135759229,0.116515762
546.1,0.0135829372,0.116545859
546.2,0.0135899962,0.116576139
546.3,0.0135971779,0.116606938
546.4,0.0136045702,0.116638631
546.5,0.0136121527,0.116671131
546.6,0.0136199897,0.116704712
546.7,0.0136280141,0.116739085
546.8,0.0136360978,0.116773703
546.9,0.0136440933,0.116807933
547.0,0.0136519729,0.116841657
547.1,0.0136600322,0.11687614
547.2,0.0136685111,0.116912408
547.3,0.0136774616,0.11695068
547.4,0.0136867133,0.116990227
547.5,0.0136961806,0.117030682
547.6,0.0137056327,0.117071058
547.7,0.0137149911,0.11711102
547.8,0.0137242865,0.1171507
547.9,0.0137336303,0.117190573
548.0,0.013743187,0.117231339
548.1,0.0137529701,0.117273058
548.2,0.0137628358,0.117315113
548.3,0.0137727916,0.117357538
548.4,0.013782918,0.117400673
548.5,0.0137932374,0.117444614
548.6,0.0138036682,0.117489013
548.7,0.0138140463,0.117533171
548.8,0.0138243806,0.117577126
548.9,0.0138346464,0.117620774
549.0,0.0138449273,0.117664469
549.1,0.0138552741,0.117708428
549.2,0.0138657087,0.117752744
549.3,0.0138762021,0.117797292
549.4,0.0138866631,0.117841687
549.5,0.0138969943,0.117885514
549.6,0.0139071354,0.117928518
549.7,0.0139171034,0.117970773
549.8,0.013926939,0.118012453
549.9,0.0139365995,0.118053376
550.0,0.0139460205,0.11809327
550.1,0.0139551652,0.118131982
550.2,0.0139639875,0.118169317
550.3,0.0139725,0.11820533
550.4,0.0139807081,0.118240044
550.5,0.0139886878,0.118273783
550.6,0.0139965367,0.11830696
550.7,0.0140042726,0.118339649
550.8,0.0140118147,0.118371511
550.9,0.0140190802,0.118402197
551.0,0.0140260161,0.118431483
551.1,0.0140323178,0.118458084
551.2,0.0140377808,0.118481141
551.3,0.0140423964,0.118500618
551.4,0.0140462282,0.118516785
551.5,0.0140494531,0.118530389
551.6,0.0140522807,0.118542316
551.7,0.0140548796,0.118553277
551.8,0.0140572638,0.118563333
551.9,0.0140594114,0.118572389
552.0,0.0140613826,0.118580701
552.1,0.0140632355,0.118588513
552.2,0.0140649732,0.11859584
552.3,0.0140666618,0.118602959
552.4,0.014068363,0.11861013
552.5,0.0140701112,0.1186175
552.6,0.0140719422,0.118625217
552.7,0.0140738572,0.118633289
552.8,0.0140757906,0.118641437
552.9,0.0140777499,0.118649694
553.0,0.0140797131,0.118657967
553.1,0.01408164,0.118666086
553.2,0.0140835496,0.118674132
553.3,0.0140855286,0.11868247
553.4,0.0140876254,0.118691303
553.5,0.0140898518,0.118700682
553.6,0.0140921419,0.118710328
553.7,0.0140943984,0.118719832
553.8,0.0140966269,0.118729217
553.9,0.0140987593,0.118738196
554.0,0.0141007825,0.118746716
554.1,0.0141025744,0.11875426
554.2,0.0141042361,0.118761257
554.3,0.0141059497,0.118768471
554.4,0.0141078275,0.118776376
554.5,0.0141098429,0.11878486
554.6,0.0141118877,0.118793467
554.7,0.0141139375,0.118802094
554.8,0.0141159178,0.118810428
554.9,0.0141179734,0.118819078
555.0,0.0141201807,0.118828366
555.1,0.0141225262,0.118838236
555.2,0.0141250056,0.118848667
555.3,0.0141276102,0.118859624
555.4,0.0141303346,0.118871084
555.5,0.0141331905,0.118883096
555.6,0.0141361572,0.118895573
555.7,0.0141392286,0.118908488
555.8,0.0141423775,0.118921729
555.9,0.0141456047,0.118935296
556.0,0.0141489535,0.118949374
556.1,0.0141523984,0.118963853
556.2,0.0141559111,0.118978616
556.3,0.0141593727,0.118993162
556.4,0.0141626024,0.119006733
556.5,0.0141655141,0.119018965
556.6,0.0141679796,0.119029322
556.7,0.0141700062,0.119037835
556.8,0.0141716916,0.119044914
556.9,0.0141730599,0.119050661
557.0,0.0141740663,0.119054888
557.1,0.0141746759,0.119057448
557.2,0.0141749042,0.119058407
557.3,0.0141748527,0.11905819
557.4,0.0141745828,0.119057057
557.5,0.0141741606,0.119055284
557.6,0.0141737164,0.119053418
557.7,0.0141733613,0.119051927
557.8,0.0141730738,0.119050719
557.9,0.0141728319,0.119049703
558.0,0.0141727034,0.119049164
558.1,0.0141726863,0.119049092
558.2,0.0141727939,0.119049544
558.3,0.0141730569,0.119050648
558.4,0.0141733921,0.119052056
558.5,0.0141736789,0.119053261
558.6,0.0141739627,0.119054453
558.7,0.0141741987,0.119055444
558.8,0.0141743675,0.119056153
558.9,0.0141745077,0.119056741
559.0,0.0141746485,0.119057333
559.1,0.0141748556,0.119058203
559.2,0.0141751904,0.119059609
559.3,0.0141756662,0.119061607
559.4,0.0141762652,0.119064122
559.5,0.014176942,0.119066965
559.6,0.0141776758,0.119070046
559.7,0.0141784991,0.119073503
559.8,0.0141795226,0.119077801
559.9,0.0141808193,0.119083245
560.0,0.014182337,0.119089618
560.1,0.0141838609,0.119096015
560.2,0.0141852583,0.119101882
560.3,0.0141865507,0.119107307
560.4,0.0141877337,0.119112274
560.5,0.0141887885,0.119116701
560.6,0.0141897196,0.11912061
560.7,0.0141905488,0.11912409
560.8,0.0141913322,0.119127378
560.9,0.0141921066,0.119130628
561.0,0.0141929277,0.119134074
561.1,0.0141938531,0.119137958
561.2,0.0141949197,0.119142434
561.3,0.0141961235,0.119147486
561.4,0.0141974388,0.119153006
561.5,0.014198764,0.119158567
561.6,0.014199967,0.119163615
561.7,0.0142009679,0.119167814
561.8,0.0142017889,0.119171259
561.9,0.0142026355,0.119174811
562.0,0.0142036084,0.119178892
562.1,0.0142045881,0.119183002
562.2,0.0142053958,0.119186391
562.3,0.0142059948,0.119188904
562.4,0.0142063803,0.119190521
562.5,0.0142066693,0.119191733
562.6,0.0142070058,0.119193145
562.7,0.0142074116,0.119194847
562.8,0.0142077164,0.119196126
562.9,0.014207743,0.119196238
563.0,0.0142074443,0.119194985
563.1,0.0142068385,0.119192443
563.2,0.0142059073,0.119188537
563.3,0.0142046777,0.119183378
563.4,0.0142032308,0.119177308
563.5,0.0142015543,0.119170274
563.6,0.0141995739,0.119161965
563.7,0.0141972969,0.119152411
563.8,0.0141947749,0.119141827
563.9,0.0141921566,0.119130838
564.0,0.0141894735,0.119119576
564.1,0.0141865352,0.119107243
564.2,0.0141831743,0.119093133
564.3,0.0141793325,0.119077003
564.4,0.014175079,0.119059141
564.5,0.0141704328,0.119039627
564.6,0.0141652915,0.11901803
564.7,0.0141596941,0.118994513
564.8,0.0141538069,0.118969773
564.9,0.0141477716,0.118944405
565.0,0.0141416712,0.118918759
565.1,0.0141355559,0.118893044
565.2,0.0141292901,0.118866691
565.3,0.0141227596,0.118839217
565.4,0.0141157324,0.118809648
565.5,0.0141080963,0.118777507
565.6,0.0140999834,0.118743351
565.7,0.014091558,0.118707868
565.8,0.0140829402,0.118671564
565.9,0.0140740952,0.118634292
566.0,0.0140651164,0.118596444
566.1,0.0140560009,0.118558007
566.2,0.0140468236,0.118519296
566.3,0.0140375341,0.1184801
566.4,0.0140280297,0.118439984
566.5,0.0140182772,0.118398806
566.6,0.014008427,0.118357201
566.7,0.0139985956,0.118315661
566.8,0.0139888346,0.118274404
566.9,0.0139791503,0.118233457
567.0,0.0139695276,0.118192756
567.1,0.0139598661,0.118151877
567.2,0.0139501079,0.118110575
567.3,0.0139403025,0.118069058
567.4,0.0139304049,0.118027136
567.5,0.0139203657,0.117984599
567.6,0.013910278,0.117941842
567.7,0.0139001863,0.117899051
567.8,0.0138900665,0.117856126
567.9,0.0138798217,0.117812655
568.0,0.0138694045,0.117768436
568.1,0.0138589689,0.117724122
568.2,0.013848509,0.117679688
568.3,0.0138379374,0.117634763
568.4,0.0138272316,0.117589249
568.5,0.0138164186,0.117543263
568.6,0.0138056074,0.117497266
568.7,0.0137947748,0.117451159
568.8,0.0137837882,0.117404379
568.9,0.0137726086,0.117356758
569.0,0.0137612814,0.117308488
569.1,0.0137498403,0.117259713
569.2,0.0137382585,0.117210317
569.3,0.0137265345,0.117160294
569.4,0.0137147378,0.117109939
569.5,0.0137029011,0.117059391
569.6,0.0136910663,0.11700883
569.7,0.0136793143,0.116958601
569.8,0.0136676635,0.116908783
569.9,0.0136561686,0.116859611
570.0,0.013644864,0.116811233
570.1,0.013633738,0.116763599
570.2,0.0136227394,0.116716492
570.3,0.0136117271,0.116669306
570.4,0.0136005635,0.116621454
570.5,0.0135892367,0.116572882
570.6,0.0135779796,0.116524588
570.7,0.01356689,0.116476993
570.8,0.0135559985,0.11643023
570.9,0.0135453297,0.116384405
571.0,0.0135348805,0.116339505
571.1,0.0135246668,0.116295601
571.2,0.0135148064,0.116253199
571.3,0.0135052629,0.116212146
571.4,0.0134960072,0.116172317
571.5,0.0134870139,0.116133604
571.6,0.0134782496,0.116095864
571.7,0.0134697264,0.116059151
571.8,0.013461431,0.116023407
571.9,0.0134533045,0.115988381
572.0,0.0134453112,0.115953918
572.1,0.01343748,0.115920145
572.2,0.0134298545,0.115887249
572.3,0.0134224587,0.115855335
572.4,0.0134153242,0.115824541
572.5,0.0134084723,0.115794958
572.6,0.0134019028,0.115766588
572.7,0.013395647,0.115739566
572.8,0.013389671,0.115713746
572.9,0.0133839109,0.115688854
573.0,0.0133783987,0.115665028
573.1,0.0133731854,0.11564249
573.2,0.0133683365,0.115621523
573.3,0.0133638783,0.115602242
573.4,0.0133597555,0.115584409
573.5,0.0133559217,0.115567823
573.6,0.013352425,0.115552693
573.7,0.01334935,0.115539387
573.8,0.0133466614,0.115527752
573.9,0.0133443738,0.115517851
574.0,0.0133424876,0.115509686
574.1,0.0133409719,0.115503125
574.2,0.0133397886,0.115498003
574.3,0.0133388999,0.115494155
574.4,0.0133382661,0.115491412
574.5,0.0133378499,0.11548961
574.6,0.0133376106,0.115488573
574.7,0.0133375914,0.11548849
574.8,0.0133378567,0.115489639
574.9,0.0133383737,0.115491877
575.0,0.013339158,0.115495273
575.1,0.0133402266,0.115499899
575.2,0.0133415402,0.115505585
575.3,0.0133430681,0.115512199
575.4,0.0133448153,0.115519762
575.5,0.0133468003,0.115528353
575.6,0.013349048,0.11553808
575.7,0.0133515641,0.115548968
575.8,0.0133543069,0.115560836
575.9,0.0133571784,0.11557326
576.0,0.0133600578,0.115585716
576.1,0.0133628408,0.115597754
576.2,0.0133655511,0.115609477
576.3,0.0133682438,0.115621122
576.4,0.0133709119,0.115632659
576.5,0.013373602,0.115644291
576.6,0.0133763854,0.115656324
576.7,0.013379324,0.115669028
576.8,0.0133824915,0.115682719
576.9,0.0133859251,0.115697559
577.0,0.0133895745,0.115713329
577.1,0.0133934368,0.115730017
577.2,0.013397539,0.115747739
577.3,0.0134018032,0.115766157
577.4,0.0134062584,0.115785398
577.5,0.0134109161,0.11580551
577.6,0.0134157609,0.115826426
577.7,0.013420786,0.115848116
577.8,0.013425974,0.115870505
577.9,0.0134313088,0.115893524
578.0,0.013436832,0.11591735
578.1,0.0134425005,0.115941798
578.2,0.0134483001,0.115966806
578.3,0.0134542636,0.115992515
578.4,0.0134603203,0.116018621
578.5,0.0134664847,0.116045184
578.6,0.0134728109,0.116072438
578.7,0.0134792995,0.116100385
578.8,0.0134859344,0.116128956
578.9,0.0134927334,0.116158226
579.0,0.013499728,0.11618833
579.1,0.0135069263,0.116219303
579.2,0.0135143106,0.116251067
579.3,0.0135219441,0.116283894
579.4,0.0135298018,0.116317676
579.5,0.0135378512,0.116352272
579.6,0.0135461329,0.116387856
579.7,0.0135547097,0.116424695
579.8,0.0135636209,0.116462959
579.9,0.0135728067,0.116502389
580.0,0.0135821835,0.116542625
580.1,0.0135917301,0.116583576
580.2,0.0136013851,0.116624976
580.3,0.0136110829,0.116666546
580.4,0.0136208975,0.116708601
580.5,0.013630835,0.116751167
580.6,0.0136408498,0.116794049
580.7,0.0136509053,0.116837089
580.8,0.013660958,0.116880101
580.9,0.0136709909,0.116923013
581.0,0.0136810429,0.11696599
581.1,0.0136911055,0.117008998
581.2,0.0137010667,0.117051556
581.3,0.0137108622,0.117093391
581.4,0.0137204136,0.117134169
581.5,0.0137296559,0.117173614
581.6,0.0137384988,0.117211343
581.7,0.0137468127,0.117246803
581.8,0.0137544185,0.117279233
581.9,0.0137612224,0.117308237
582.0,0.0137672823,0.117334063
582.1,0.0137727508,0.117357364
582.2,0.0137776909,0.117378409
582.3,0.013782208,0.117397649
582.4,0.0137863742,0.117415392
582.5,0.0137901907,0.117431643
582.6,0.013793718,0.11744666
582.7,0.0137968815,0.117460127
582.8,0.0137995173,0.117471347
582.9,0.0138013969,0.117479347
583.0,0.0138021661,0.11748262
583.1,0.0138015599,0.117480041
583.2,0.0137996285,0.11747182
583.3,0.0137966567,0.117459171
583.4,0.0137929895,0.117443559
583.5,0.013788898,0.117426139
583.6,0.0137844809,0.117407329
583.7,0.0137797981,0.117387385
583.8,0.0137748998,0.117366519
583.9,0.0137699013,0.117345223
584.0,0.0137649125,0.117323964
584.1,0.0137598861,0.117302541
584.2,0.0137547616,0.117280696
584.3,0.0137495035,0.117258277
584.4,0.0137440695,0.117235104
584.5,0.0137384669,0.117211207
584.6,0.0137326042,0.117186195
584.7,0.0137266133,0.11716063
584.8,0.0137206628,0.117135233
584.9,0.0137148533,0.117110432
585.0,0.0137092017,0.1170863
585.1,0.0137037304,0.117062933
585.2,0.0136984787,0.1170405
585.3,0.0136935601,0.117019486
585.4,0.0136889695,0.11699987
585.5,0.0136846597,0.11698145
585.6,0.0136805993,0.116964094
585.7,0.01367675,0.116947638
585.8,0.0136730155,0.11693167
585.9,0.01366935,0.116915995
586.0,0.0136658018,0.11690082
586.1,0.0136623619,0.116886106
586.2,0.0136590738,0.11687204
586.3,0.013656015,0.116858953
586.4,0.0136530996,0.116846479
586.5,0.0136500421,0.116833395
586.6,0.0136467974,0.116819508
586.7,0.0136433881,0.116804915
586.8,0.0136397181,0.116789204
586.9,0.0136358076,0.116772461
587.0,0.0136317074,0.116754903
587.1,0.0136273856,0.116736394
587.2,0.0136228748,0.116717072
587.3,0.0136182723,0.116697353
587.4,0.0136136009,0.116677337
587.5,0.0136088756,0.116657086
587.6,0.0136040628,0.116636456
587.7,0.0135990534,0.116614979
587.8,0.0135939158,0.116592949
587.9,0.0135887671,0.116570867
588.0,0.0135835997,0.116548701
588.1,0.0135784204,0.116526479
588.2,0.0135732225,0.116504174
588.3,0.013567978,0.116481664
588.4,0.0135627163,0.116459075
588.5,0.0135574605,0.116436508
588.6,0.0135522257,0.116414027
588.7,0.01354698,0.116391495
588.8,0.0135417478,0.116369016
588.9,0.0135365387,0.116346632
589.0,0.0135313137,0.116324175
589.1,0.0135262048,0.116302213
589.2,0.0135212745,0.116281015
589.3,0.0135165426,0.116260667
589.4,0.0135120105,0.116241174
589.5,0.0135076728,0.116222514
589.6,0.0135035525,0.116204787
589.7,0.0134996347,0.116187928
589.8,0.0134959878,0.116172233
589.9,0.013492593,0.116157621
590.0,0.0134893863,0.116143817
590.1,0.0134863065,0.116130558
590.2,0.0134833804,0.116117959
590.3,0.0134806086,0.116106023
590.4,0.0134776821,0.11609342
590.5,0.0134744851,0.11607965
590.6,0.013471259,0.116065753
590.7,0.0134679682,0.116051576
590.8,0.0134645878,0.116037011
590.9,0.0134613107,0.116022889
591.0,0.0134582092,0.116009522
591.1,0.0134552454,0.115996747
591.2,0.0134522202,0.115983706
591.3,0.0134491798,0.115970599
591.4,0.0134462595,0.115958007
591.5,0.0134434496,0.115945891
591.6,0.0134406617,0.115933868
591.7,0.013437784,0.115921456
591.8,0.0134347908,0.115908545
591.9,0.013431781,0.115895561
592.0,0.0134287603,0.115882528
592.1,0.0134257197,0.115869408
592.2,0.013422716,0.115856446
592.3,0.0134198611,0.115844124
592.4,0.0134171479,0.115832413
592.5,0.0134145458,0.11582118
592.6,0.0134119559,0.115809999
592.7,0.0134092648,0.11579838
592.8,0.0134065341,0.115786588
592.9,0.0134038204,0.11577487
593.0,0.0134011793,0.115763463
593.1,0.0133987619,0.115753021
593.2,0.0133966571,0.115743929
593.3,0.0133947037,0.11573549
593.4,0.0133927755,0.11572716
593.5,0.0133908658,0.115718909
593.6,0.0133890852,0.115711215
593.7,0.0133875716,0.115704674
593.8,0.0133862383,0.115698912
593.9,0.013384988,0.115693509
594.0,0.0133837746,0.115688265
594.1,0.0133827184,0.1156837
594.2,0.013381862,0.115679998
594.3,0.0133811801,0.115677051
594.4,0.0133807139,0.115675036
594.5,0.0133804599,0.115673938
594.6,0.0133803891,0.115673632
594.7,0.0133805324,0.115674251
594.8,0.0133807294,0.115675103
594.9,0.0133808487,0.115675618
595.0,0.0133808579,0.115675658
595.1,0.0133807225,0.115675073
595.2,0.0133804833,0.115674039
595.3,0.013380247,0.115673018
595.4,0.0133799987,0.115671944
595.5,0.0133796835,0.115670582
595.6,0.0133793397,0.115669096
595.7,0.0133789029,0.115667207
595.8,0.013378299,0.115664597
595.9,0.0133775393,0.115661313
596.0,0.0133766451,0.115657447
596.1,0.013375693,0.115653331
596.2,0.0133747179,0.115649115
596.3,0.0133736265,0.115644397
596.4,0.0133724155,0.115639161
596.5,0.0133710245,0.115633146
596.6,0.0133695447,0.115626747
596.7,0.0133681869,0.115620876
596.8,0.0133670176,0.115615819
596.9,0.0133659562,0.115611229
597.0,0.0133648446,0.115606421
597.1,0.013363519,0.115600688
597.2,0.0133618817,0.115593606
597.3,0.0133598499,0.115584817
597.4,0.0133574673,0.11557451
597.5,0.013354822,0.115563065
597.6,0.013351913,0.115550478
597.7,0.0133487663,0.115536861
597.8,0.0133454863,0.115522666
597.9,0.0133421761,0.115508338
598.0,0.013338882,0.115494078
598.1,0.0133355378,0.115479599
598.2,0.0133321962,0.11546513
598.3,0.0133289833,0.115451216
598.4,0.0133257687,0.115437293
598.5,0.0133227363,0.115424158
598.6,0.0133200019,0.115412313
598.7,0.0133174814,0.115401393
598.8,0.0133152083,0.115391543
598.9,0.0133132569,0.115383088
599.0,0.0133116274,0.115376026
599.1,0.013310234,0.115369987
599.2,0.0133090065,0.115364667
599.3,0.0133079286,0.115359996
599.4,0.0133071195,0.115356489
599.5,0.0133065407,0.11535398
599.6,0.0133062268,0.115352619
599.7,0.0133062143,0.115352565
599.8,0.0133065065,0.115353832
599.9,0.0133070133,0.115356029
600.0,0.01330783,0.115359568
600.1,0.0133090145,0.115364702
600.2,0.0133105255,0.115371251
600.3,0.0133123114,0.11537899
600.4,0.0133143641,0.115387885
600.5,0.0133167012,0.115398012
600.6,0.0133192947,0.115409249
600.7,0.013322142,0.115421584
600.8,0.0133251531,0.115434627
600.9,0.0133282896,0.115448212
601.0,0.0133316993,0.115462978
601.1,0.0133353793,0.115478913
601.2,0.0133392907,0.115495847
601.3,0.013343361,0.115513467
601.4,0.0133475043,0.1155314
601.5,0.0133517712,0.115549865
601.6,0.0133560973,0.115568583
601.7,0.0133603354,0.115586917
601.8,0.0133645064,0.115604958
601.9,0.0133686332,0.115622806
602.0,0.0133728107,0.11564087
602.1,0.0133771673,0.115659705
602.2,0.0133817184,0.115679378
602.3,0.0133863918,0.115699576
602.4,0.0133910752,0.115719813
602.5,0.013395858,0.115740477
602.6,0.0134007996,0.115761823
602.7,0.0134058683,0.115783713
602.8,0.013411052,0.115806097
602.9,0.0134162719,0.115828632
603.0,0.0134213728,0.115850649
603.1,0.0134261444,0.115871241
603.2,0.0134303454,0.115889367
603.3,0.0134337786,0.115904178
603.4,0.0134363386,0.115915221
603.5,0.0134380068,0.115922417
603.6,0.0134389191,0.115926352
603.7,0.0134392002,0.115927564
603.8,0.0134389725,0.115926582
603.9,0.0134385318,0.115924682
604.0,0.0134379318,0.115922094
604.1,0.0134371242,0.11591861
604.2,0.0134362332,0.115914767
604.3,0.0134353454,0.115910937
604.4,0.0134344187,0.11590694
604.5,0.0134334175,0.115902621
604.6,0.0134324717,0.11589854
604.7,0.0134315825,0.115894704
604.8,0.0134306828,0.115890823
604.9,0.013429796,0.115886997
605.0,0.0134289413,0.115883309
605.1,0.0134281394,0.115879849
605.2,0.0134274728,0.115876973
605.3,0.0134269405,0.115874676
605.4,0.0134264407,0.115872519
605.5,0.0134258731,0.11587007
605.6,0.0134252739,0.115867484
605.7,0.0134246035,0.115864591
605.8,0.0134238256,0.115861234
605.9,0.0134228994,0.115857237
606.0,0.0134217751,0.115852385
606.1,0.0134203624,0.115846288
606.2,0.0134186685,0.115838976
606.3,0.0134168058,0.115830936
606.4,0.013414916,0.115822778
606.5,0.0134130564,0.11581475
606.6,0.0134111521,0.115806529
606.7,0.013409117,0.115797742
606.8,0.0134068998,0.115788168
606.9,0.013404586,0.115778176
607.0,0.0134021725,0.115767752
607.1,0.0133997042,0.115757091
607.2,0.0133972332,0.115746418
607.3,0.0133946771,0.115735375
607.4,0.0133919907,0.115723769
607.5,0.0133891878,0.115711658
607.6,0.0133862106,0.115698793
607.7,0.0133830156,0.115684984
607.8,0.0133796928,0.115670622
607.9,0.0133761204,0.115655179
608.0,0.0133721988,0.115638224
608.1,0.0133681408,0.115620676
608.2,0.0133641096,0.115603242
608.3,0.0133601362,0.115586055
608.4,0.0133562081,0.115569062
608.5,0.0133523136,0.115552211
608.6,0.0133485606,0.115535971
608.7,0.013345045,0.115520756
608.8,0.0133417075,0.11550631
608.9,0.0133384636,0.115492267
609.0,0.0133354573,0.115479251
609.1,0.0133326307,0.115467011
609.2,0.0133299115,0.115455236
609.3,0.0133272868,0.115443869
609.4,0.0133247304,0.115432796
609.5,0.0133223308,0.115422402
609.6,0.0133201355,0.115412892
609.7,0.0133182487,0.115404717
609.8,0.0133166193,0.115397657
609.9,0.0133151027,0.115391086
610.0,0.0133136763,0.115384905
610.1,0.0133124288,0.115379499
610.2,0.0133113512,0.115374829
610.3,0.0133104619,0.115370975
610.4,0.0133098705,0.115368412
610.5,0.0133096319,0.115367378
610.6,0.0133097664,0.115367961
610.7,0.0133102772,0.115370175
610.8,0.0133112074,0.115374206
610.9,0.0133125834,0.115380169
611.0,0.0133144245,0.115388147
611.1,0.0133167231,0.115398107
611.2,0.0133195059,0.115410164
611.3,0.0133228214,0.115424527
611.4,0.0133266139,0.115440954
611.5,0.0133308922,0.115459483
611.6,0.0133356029,0.115479881
611.7,0.0133405949,0.115501493
611.8,0.0133457851,0.115523959
611.9,0.0133511589,0.115547215
612.0,0.0133565659,0.11557061
612.1,0.0133619908,0.115594078
612.2,0.0133675742,0.115618226
612.3,0.0133733823,0.115643341
612.4,0.0133794027,0.115669368
612.5,0.0133854309,0.115695423
612.6,0.0133913454,0.115720981
612.7,0.0133972112,0.115746323
612.8,0.0134029893,0.11577128
612.9,0.0134086976,0.115795931
613.0,0.0134142424,0.115819871
613.1,0.0134195844,0.11584293
613.2,0.0134247569,0.115865253
613.3,0.0134296976,0.115886572
613.4,0.0134344413,0.115907037
613.5,0.0134389794,0.115926612
613.6,0.0134432035,0.11594483
613.7,0.0134471316,0.115961768
613.8,0.0134507828,0.11597751
613.9,0.01345429,0.115992629
614.0,0.0134576103,0.116006941
614.1,0.0134607833,0.116020616
614.2,0.0134637565,0.116033428
614.3,0.0134663279,0.116044508
614.4,0.0134683202,0.116053092
614.5,0.0134695675,0.116058466
614.6,0.0134697491,0.116059248
614.7,0.0134685283,0.116053989
614.8,0.0134657924,0.116042201
614.9,0.0134616199,0.116024221
615.0,0.0134561772,0.116000764
615.1,0.0134496786,0.115972749
615.2,0.0134424518,0.115941588
615.3,0.0134348712,0.115908892
615.4,0.0134271908,0.115875756
615.5,0.0134195977,0.115842987
615.6,0.0134122645,0.115811331
615.7,0.0134053116,0.115781309
615.8,0.0133987859,0.115753125
615.9,0.0133926818,0.115726755
616.0,0.0133870482,0.115702412
616.1,0.01338194,0.115680335
616.2,0.0133773031,0.115660292
616.3,0.0133730413,0.115641867
616.4,0.013369149,0.115625036
616.5,0.0133655803,0.115609603
616.6,0.0133622531,0.115595212
616.7,0.013359079,0.115581482
616.8,0.0133558926,0.115567697
616.9,0.0133526162,0.115553521
617.0,0.0133493017,0.115539178
617.1,0.0133459186,0.115524537
617.2,0.0133425705,0.115510045
617.3,0.0133393169,0.115495961
617.4,0.0133362059,0.115482492
617.5,0.0133332323,0.115469616
617.6,0.0133303852,0.115457287
617.7,0.0133277592,0.115445915
617.8,0.0133253616,0.11543553
617.9,0.0133232269,0.115426283
618.0,0.0133213029,0.115417949
618.1,0.0133195784,0.115410478
618.2,0.0133180644,0.115403918
618.3,0.0133167193,0.11539809
618.4,0.0133155035,0.115392823
618.5,0.0133144259,0.115388153
618.6,0.0133134174,0.115383783
618.7,0.0133123336,0.115379087
618.8,0.0133111673,0.115374032
618.9,0.013309948,0.115368748
619.0,0.0133086564,0.11536315
619.1,0.0133073229,0.115357371
619.2,0.0133060479,0.115351844
619.3,0.0133049084,0.115346904
619.4,0.0133038525,0.115342327
619.5,0.0133027173,0.115337406
619.6,0.0133013789,0.115331604
619.7,0.0132996483,0.115324101
619.8,0.0132975745,0.11531511
619.9,0.0132951874,0.115304759
620.0,0.0132925639,0.115293382
620.1,0.0132898067,0.115281424
620.2,0.0132869201,0.115268904
620.3,0.0132838904,0.115255761
620.4,0.0132807622,0.115242189
620.5,0.0132776137,0.115228528
620.6,0.013274546,0.115215216
620.7,0.0132716586,0.115202685
620.8,0.0132688492,0.115190491
620.9,0.0132658414,0.115177435
621.0,0.0132625499,0.115163145
621.1,0.0132589274,0.115147416
621.2,0.0132550481,0.11513057
621.3,0.0132509737,0.115112874
621.4,0.0132467874,0.115094689
621.5,0.0132425693,0.115076363
621.6,0.0132384032,0.11505826
621.7,0.0132343563,0.115040673
621.8,0.0132303613,0.115023308
621.9,0.0132264276,0.115006207
622.0,0.0132225954,0.114989545
622.1,0.0132189211,0.114973567
622.2,0.0132154497,0.114958469
622.3,0.0132121957,0.114944316
622.4,0.0132090969,0.114930835
622.5,0.0132060479,0.11491757
622.6,0.0132030359,0.114904464
622.7,0.0131999698,0.114891121
622.8,0.0131968202,0.114877414
622.9,0.0131935451,0.114863158
623.0,0.0131901095,0.114848202
623.1,0.013186552,0.114832713
623.2,0.0131829599,0.114817071
623.3,0.0131793105,0.114801178
623.4,0.0131755917,0.11478498
623.5,0.0131717357,0.114768182
623.6,0.0131677236,0.114750702
623.7,0.0131635961,0.114732716
623.8,0.0131593976,0.114714417
623.9,0.0131551235,0.114695787
624.0,0.0131507581,0.114676755
624.1,0.0131463091,0.114657355
624.2,0.0131417855,0.114637627
624.3,0.013137248,0.114617835
624.4,0.013132782,0.114598351
624.5,0.0131284164,0.114579302
624.6,0.0131241381,0.114560631
624.7,0.0131199027,0.114542144
624.8,0.0131156419,0.114523543
624.9,0.0131112678,0.114504445
625.0,0.0131065907,0.114484019
625.1,0.0131015279,0.114461906
625.2,0.0130960393,0.114437928
625.3,0.0130900447,0.114411733
625.4,0.0130836243,0.114383671
625.5,0.0130769029,0.114354287
625.6,0.0130699848,0.114324034
625.7,0.0130629971,0.114293469
625.8,0.0130559996,0.114262853
625.9,0.0130490009,0.114232224
626.0,0.0130420817,0.114201934
626.1,0.0130352634,0.114172078
626.2,0.0130285809,0.114142809
626.3,0.0130221241,0.114114522
626.4,0.013015849,0.114087024
626.5,0.0130095158,0.114059265
626.6,0.0130030842,0.114031067
626.7,0.0129964488,0.114001969
626.8,0.0129895463,0.113971691
626.9,0.0129824399,0.11394051
627.0,0.0129753258,0.113909288
627.1,0.0129681469,0.113877772
627.2,0.0129609157,0.113846018
627.3,0.0129536932,0.113814293
627.4,0.012946584,0.113783057
627.5,0.0129395854,0.113752298
627.6,0.0129327835,0.113722396
627.7,0.0129261034,0.113693022
627.8,0.0129195397,0.113664153
627.9,0.0129131104,0.113635868
628.0,0.0129067895,0.113608052
628.1,0.0129005324,0.113580511
628.2,0.0128943905,0.11355347
628.3,0.0128884148,0.113527154
628.4,0.0128826595,0.113501804
628.5,0.0128771948,0.113477728
628.6,0.0128720075,0.11345487
628.7,0.0128670419,0.113432984
628.8,0.0128623023,0.113412091
628.9,0.0128578721,0.113392558
629.0,0.0128538041,0.113374618
629.1,0.012850097,0.113358268
629.2,0.0128466966,0.113343269
629.3,0.0128435375,0.113329332
629.4,0.0128405845,0.113316303
629.5,0.0128378124,0.11330407
629.6,0.0128351905,0.1132925
629.7,0.0128327206,0.113281599
629.8,0.012830401,0.11327136
629.9,0.0128282224,0.113261743
630.0,0.0128262411,0.113252996
630.1,0.0128245131,0.113245367
630.2,0.0128230439,0.11323888
630.3,0.0128218305,0.113233522
630.4,0.0128208228,0.113229072
630.5,0.0128198302,0.113224689
630.6,0.0128187068,0.113219728
630.7,0.012817474,0.113214284
630.8,0.0128162247,0.113208766
630.9,0.0128149089,0.113202955
631.0,0.0128135292,0.11319686
631.1,0.0128121302,0.113190681
631.2,0.0128107707,0.113184675
631.3,0.012809283,0.113178103
631.4,0.0128075473,0.113170435
631.5,0.0128056928,0.113162241
631.6,0.012803788,0.113153825
631.7,0.0128017976,0.113145029
631.8,0.0127997445,0.113135956
631.9,0.0127977323,0.113127063
632.0,0.0127958075,0.113118555
632.1,0.0127940006,0.113110568
632.2,0.0127923809,0.113103408
632.3,0.0127910094,0.113097345
632.4,0.0127899169,0.113092515
632.5,0.0127890408,0.113088641
632.6,0.0127883498,0.113085586
632.7,0.0127879534,0.113083834
632.8,0.0127878676,0.113083454
632.9,0.0127880228,0.11308414
633.0,0.0127883471,0.113085574
633.1,0.0127888526,0.113087809
633.2,0.0127896532,0.113091349
633.3,0.0127908343,0.11309657
633.4,0.0127924085,0.11310353
633.5,0.0127943568,0.113112143
633.6,0.0127966041,0.113122076
633.7,0.0127990831,0.113133033
633.8,0.0128017859,0.113144977
633.9,0.0128047002,0.113157855
634.0,0.0128077716,0.113171426
634.1,0.0128110471,0.113185896
634.2,0.0128145471,0.113201356
634.3,0.0128182351,0.113217645
634.4,0.0128221223,0.11323481
634.5,0.0128262431,0.113253005
634.6,0.0128306404,0.113272417
634.7,0.0128353588,0.113293243
634.8,0.0128403606,0.113315315
634.9,0.0128455052,0.113338013
635.0,0.0128506425,0.113360674
635.1,0.0128556933,0.11338295
635.2,0.0128605117,0.113404196
635.3,0.0128650745,0.113424312
635.4,0.0128693956,0.113443359
635.5,0.0128735951,0.113461866
635.6,0.0128777393,0.113480127
635.7,0.0128818622,0.113498291
635.8,0.0128860277,0.11351664
635.9,0.012890266,0.113535307
636.0,0.0128946727,0.113554712
636.1,0.0128993413,0.113575267
636.2,0.0129043266,0.113597212
636.3,0.0129095429,0.113620169
636.4,0.0129146491,0.113642637
636.5,0.0129193095,0.11366314
636.6,0.0129234668,0.113681427
636.7,0.0129271688,0.113697708
636.8,0.0129306089,0.113712835
636.9,0.0129340006,0.113727748
637.0,0.0129374737,0.113743016
637.1,0.012941046,0.113758719
637.2,0.0129448391,0.113775389
637.3,0.0129488996,0.113793232
637.4,0.0129533077,0.113812599
637.5,0.0129581745,0.113833978
637.6,0.012963589,0.113857758
637.7,0.0129695643,0.113883995
637.8,0.0129760638,0.113912527
637.9,0.0129830764,0.113943304
638.0,0.0129905499,0.113976093
638.1,0.0129984798,0.114010876
638.2,0.0130069404,0.114047974
638.3,0.0130159019,0.114087256
638.4,0.0130252975,0.114128425
638.5,0.0130351112,0.114171412
638.6,0.0130453495,0.11421624
638.7,0.013055994,0.114262829
638.8,0.0130670572,0.114311229
638.9,0.0130785118,0.114361321
639.0,0.0130902952,0.114412828
639.1,0.0131024077,0.114465749
639.2,0.0131147919,0.114519832
639.3,0.0131274047,0.114574887
639.4,0.0131402202,0.1146308
639.5,0.0131531841,0.114687332
639.6,0.0131662223,0.11474416
639.7,0.0131792939,0.114801106
639.8,0.0131923773,0.114858075
639.9,0.0132054086,0.114914788
640.0,0.0132183167,0.114970938
640.1,0.0132310736,0.115026404
640.2,0.013243672,0.115081154
640.3,0.0132561015,0.115135144
640.4,0.013268374,0.115188428
640.5,0.0132805524,0.115241279
640.6,0.0132927196,0.115294057
640.7,0.0133048605,0.115346697
640.8,0.0133169282,0.115398996
640.9,0.0133288096,0.115450464
641.0,0.0133400921,0.115499316
641.1,0.0133505005,0.115544366
641.2,0.0133600305,0.115585598
641.3,0.0133687527,0.115623323
641.4,0.0133766713,0.11565756
641.5,0.0133837212,0.115688034
641.6,0.0133895309,0.115713141
641.7,0.013393695,0.115731132
641.8,0.0133962357,0.115742109
641.9,0.0133974011,0.115747143
642.0,0.0133975244,0.115747676
642.1,0.0133969535,0.115745209
642.2,0.0133958994,0.115740656
642.3,0.0133942974,0.115733735
642.4,0.0133922054,0.115724696
642.5,0.0133898475,0.115714508
642.6,0.013387308,0.115703535
642.7,0.0133847758,0.115692592
642.8,0.0133823969,0.11568231
642.9,0.0133801336,0.115672528
643.0,0.0133778849,0.115662807
643.1,0.013375782,0.115653716
643.2,0.013373703,0.115644728
643.3,0.0133715538,0.115635435
643.4,0.0133693021,0.115625698
643.5,0.0133668509,0.115615098
643.6,0.0133642281,0.115603755
643.7,0.0133616256,0.115592498
643.8,0.0133590374,0.115581302
643.9,0.0133564037,0.115569908
644.0,0.0133536612,0.115558042
644.1,0.0133507157,0.115545297
644.2,0.0133478223,0.115532776
644.3,0.013345053,0.11552079
644.4,0.0133423508,0.115509094
644.5,0.0133397374,0.115497781
644.6,0.013337116,0.115486432
644.7,0.013334361,0.115474504
644.8,0.0133316612,0.115462813
644.9,0.0133290587,0.115451543
645.0,0.0133265237,0.115440563
645.1,0.0133241051,0.115430088
645.2,0.0133217953,0.115420082
645.3,0.0133194967,0.115410124
645.4,0.0133171522,0.115399966
645.5,0.0133147141,0.115389402
645.6,0.0133122583,0.11537876
645.7,0.0133099408,0.115368717
645.8,0.0133077171,0.115359079
645.9,0.0133055681,0.115349764
646.0,0.0133035582,0.115341052
646.1,0.0133015949,0.11533254
646.2,0.0132997152,0.115324391
646.3,0.0132979708,0.115316828
646.4,0.0132964383,0.115310183
646.5,0.0132951306,0.115304512
646.6,0.0132939435,0.115299365
646.7,0.013292744,0.115294163
646.8,0.0132915697,0.11528907
646.9,0.0132904975,0.11528442
647.0,0.0132895435,0.115280282
647.1,0.0132887293,0.115276751
647.2,0.0132881015,0.115274028
647.3,0.0132876607,0.115272116
647.4,0.0132873897,0.11527094
647.5,0.0132873036,0.115270567
647.6,0.0132874375,0.115271148
647.7,0.013287839,0.115272889
647.8,0.0132885311,0.115275891
647.9,0.0132895414,0.115280273
648.0,0.0132908831,0.115286092
648.1,0.0132924334,0.115292816
648.2,0.0132940472,0.115299814
648.3,0.0132957135,0.11530704
648.4,0.0132974126,0.115314408
648.5,0.0132991342,0.115321872
648.6,0.0133009118,0.115329579
648.7,0.0133028054,0.115337788
648.8,0.0133048861,0.115346808
648.9,0.0133071571,0.115356652
649.0,0.0133096027,0.115367251
649.1,0.0133122345,0.115378657
649.2,0.0133149316,0.115390345
649.3,0.0133176052,0.115401929
649.4,0.0133201941,0.115413145
649.5,0.0133227603,0.115424262
649.6,0.0133252963,0.115435247
649.7,0.0133277023,0.115445668
649.8,0.0133299295,0.115455314
649.9,0.0133320391,0.115464449
650.0,0.0133341636,0.115473649
650.1,0.0133363733,0.115483216
650.2,0.0133387246,0.115493396
650.3,0.0133413773,0.11550488
650.4,0.0133443589,0.115517786
650.5,0.0133474019,0.115530956
650.6,0.0133502736,0.115543384
650.7,0.0133529807,0.115555098
650.8,0.0133555248,0.115566106
650.9,0.0133579621,0.11557665
651.0,0.0133603452,0.115586959
651.1,0.0133626698,0.115597015
651.2,0.0133650085,0.11560713
651.3,0.0133674439,0.115617663
651.4,0.0133700337,0.115628862
651.5,0.0133728331,0.115640966
651.6,0.0133759124,0.11565428
651.7,0.0133793461,0.115669123
651.8,0.0133832611,0.115686045
651.9,0.013387659,0.115705052
652.0,0.0133923026,0.115725117
652.1,0.0133969836,0.115745339
652.2,0.0134015102,0.115764892
652.3,0.0134058409,0.115783595
652.4,0.0134099495,0.115801336
652.5,0.0134138742,0.115818281
652.6,0.0134177244,0.115834901
652.7,0.0134215519,0.115851422
652.8,0.0134253916,0.115867992
652.9,0.0134292344,0.115884574
653.0,0.0134331383,0.115901416
653.1,0.0134371438,0.115918695
653.2,0.0134411733,0.115936074
653.3,0.013445134,0.115953154
653.4,0.0134490958,0.115970237
653.5,0.0134531019,0.115987508
653.6,0.0134571431,0.116004927
653.7,0.013461269,0.116022709
653.8,0.0134654937,0.116040914
653.9,0.0134698109,0.116059515
654.0,0.0134741849,0.116078357
654.1,0.0134786035,0.116097388
654.2,0.0134830823,0.116116676
654.3,0.0134876096,0.116136168
654.4,0.0134921516,0.116155721
654.5,0.0134966408,0.116175044
654.6,0.0135010146,0.116193866
654.7,0.0135053086,0.116212343
654.8,0.0135095527,0.116230602
654.9,0.0135137477,0.116248646
655.0,0.0135178551,0.116266311
655.1,0.0135218247,0.116283381
655.2,0.0135256717,0.116299921
655.3,0.0135294836,0.116316308
655.4,0.0135332511,0.116332502
655.5,0.013536942,0.116348365
655.6,0.0135406209,0.116364173
655.7,0.01354427,0.116379852
655.8,0.013547806,0.116395043
655.9,0.0135510905,0.116409151
656.0,0.0135539731,0.116421532
656.1,0.0135565367,0.116432541
656.2,0.0135587839,0.116442191
656.3,0.0135607023,0.116450429
656.4,0.0135623969,0.116457704
656.5,0.0135639703,0.116464459
656.6,0.0135653536,0.116470398
656.7,0.0135664036,0.116474906
656.8,0.0135671564,0.116478137
656.9,0.0135676229,0.11648014
657.0,0.0135677204,0.116480558
657.1,0.0135673898,0.116479139
657.2,0.0135668255,0.116476717
657.3,0.0135659882,0.116473122
657.4,0.0135649194,0.116468534
657.5,0.0135637438,0.116463487
657.6,0.0135624957,0.116458128
657.7,0.0135612322,0.116452704
657.8,0.0135600439,0.116447601
657.9,0.0135589289,0.116442814
658.0,0.0135579063,0.116438423
658.1,0.0135570243,0.116434635
658.2,0.0135563035,0.11643154
658.3,0.0135557609,0.11642921
658.4,0.013555366,0.116427514
658.5,0.0135551736,0.116426688
658.6,0.0135550715,0.116426249
658.7,0.0135549341,0.116425659
658.8,0.0135548042,0.116425101
658.9,0.0135546867,0.116424596
659.0,0.0135545479,0.116424001
659.1,0.0135544228,0.116423463
659.2,0.0135542659,0.116422789
659.3,0.0135540115,0.116421697
659.4,0.0135536806,0.116420276
659.5,0.0135531969,0.116418198
659.6,0.0135525557,0.116415444
659.7,0.0135517716,0.116412077
659.8,0.0135508799,0.116408247
659.9,0.0135499168,0.11640411
660.0,0.0135488649,0.116399592
660.1,0.0135477681,0.11639488
660.2,0.0135466403,0.116390035
660.3,0.0135454213,0.116384798
660.4,0.0135441001,0.116379122
660.5,0.0135427671,0.116373395
660.6,0.0135414421,0.116367702
660.7,0.0135401075,0.116361968
660.8,0.0135385731,0.116355374
660.9,0.0135368368,0.116347913
661.0,0.0135349245,0.116339694
661.1,0.0135328706,0.116330867
661.2,0.0135307945,0.116321943
661.3,0.0135285647,0.116312358
661.4,0.0135260335,0.116301477
661.5,0.013523131,0.116288998
661.6,0.0135199726,0.116275417
661.7,0.0135166102,0.116260957
661.8,0.013513078,0.116245766
661.9,0.0135094918,0.116230339
662.0,0.0135057533,0.116214256
662.1,0.0135015144,0.116196017
662.2,0.013496628,0.116174989
662.3,0.013491238,0.116151789
662.4,0.0134855266,0.1161272
662.5,0.0134795047,0.116101269
662.6,0.0134730784,0.11607359
662.7,0.0134662244,0.116044062
662.8,0.0134589857,0.116012869
662.9,0.0134512151,0.115979374
663.0,0.0134427661,0.115942943
663.1,0.013433643,0.115903594
663.2,0.0134238313,0.115861259
663.3,0.0134133303,0.115815933
663.4,0.013402217,0.115767944
663.5,0.0133905453,0.115717524
663.6,0.0133783399,0.115664774
663.7,0.0133657539,0.115610354
663.8,0.0133529167,0.115554821
663.9,0.0133396313,0.115497322
664.0,0.0133255382,0.115436295
664.1,0.0133104893,0.115371094
664.2,0.0132946494,0.115302426
664.3,0.0132782659,0.115231358
664.4,0.0132613594,0.115157976
664.5,0.0132437372,0.115081437
664.6,0.0132255335,0.11500232
664.7,0.0132069469,0.114921482
664.8,0.0131880145,0.114839081
664.9,0.0131687281,0.114755079
665.0,0.0131491814,0.11466988
665.1,0.0131294636,0.114583872
665.2,0.0131096639,0.114497441
665.3,0.0130898111,0.114410713
665.4,0.0130699349,0.114323816
665.5,0.0130500312,0.114236733
665.6,0.0130301429,0.114149651
665.7,0.0130102741,0.114062588
665.8,0.01299036,0.11397526
665.9,0.0129705559,0.113888348
666.0,0.0129509368,0.113802183
666.1,0.0129314204,0.113716403
666.2,0.0129119597,0.113630804
666.3,0.0128925076,0.113545179
666.4,0.0128731409,0.113459865
666.5,0.0128539384,0.113375211
666.6,0.0128349955,0.113291639
666.7,0.0128163708,0.113209411
666.8,0.0127979778,0.113128148
666.9,0.0127797209,0.113047428
667.0,0.0127614416,0.112966551
667.1,0.0127431951,0.112885761
667.2,0.0127250581,0.112805399
667.3,0.0127069706,0.112725199
667.4,0.0126890167,0.112645536
667.5,0.0126712965,0.112566854
667.6,0.012653873,0.112489435
667.7,0.0126368042,0.112413541
667.8,0.0126201022,0.112339228
667.9,0.0126038288,0.112266775
668.0,0.0125881078,0.112196737
668.1,0.0125730256,0.112129504
668.2,0.0125584373,0.112064434
668.3,0.0125441497,0.112000668
668.4,0.012530075,0.111937817
668.5,0.0125161247,0.111875488
668.6,0.0125024065,0.11181416
668.7,0.0124889157,0.111753817
668.8,0.0124757093,0.111694715
668.9,0.0124628645,0.1116372
669.0,0.0124503633,0.111581196
669.1,0.0124381628,0.111526512
669.2,0.0124261685,0.111472725
669.3,0.0124144155,0.111419996
669.4,0.0124030128,0.111368814
669.5,0.012392012,0.111319414
669.6,0.0123814007,0.111271743
669.7,0.0123712225,0.111225997
669.8,0.0123615351,0.111182441
669.9,0.0123523514,0.111141133
670.0,0.0123436974,0.111102193
670.1,0.0123355874,0.11106569
670.2,0.0123280162,0.1110316
670.3,0.0123209812,0.110999915
670.4,0.0123144793,0.110970623
670.5,0.0123085058,0.110943705
670.6,0.0123031113,0.110919391
670.7,0.0122982898,0.110897654
670.8,0.0122939397,0.11087804
670.9,0.0122899217,0.110859919
671.0,0.0122861106,0.110842729
671.1,0.0122825306,0.110826579
671.2,0.0122792476,0.110811766
671.3,0.0122762669,0.110798316
671.4,0.0122735319,0.110785973
671.5,0.0122710203,0.110774637
671.6,0.012268766,0.110764462
671.7,0.0122667698,0.110755451
671.8,0.0122650068,0.110747491
671.9,0.0122634731,0.110740567
672.0,0.0122622207,0.110734912
672.1,0.0122612674,0.110730607
672.2,0.0122605952,0.110727572
672.3,0.0122600966,0.110725321
672.4,0.0122597786,0.110723885
672.5,0.0122597047,0.110723551
672.6,0.0122598794,0.11072434
672.7,0.0122603374,0.110726408
672.8,0.0122611621,0.110730132
672.9,0.0122623856,0.110735656
673.0,0.0122639357,0.110742655
673.1,0.0122657784,0.110750975
673.2,0.0122679305,0.11076069
673.3,0.0122704175,0.110771916
673.4,0.01227322,0.110784566
673.5,0.0122763377,0.110798636
673.6,0.0122797164,0.110813882
673.7,0.0122833122,0.110830105
673.8,0.012287199,0.110847638
673.9,0.0122913592,0.110866403
674.0,0.0122957214,0.110886074
674.1,0.0123003074,0.110906751
674.2,0.0123051658,0.110928652
674.3,0.012310243,0.110951534
674.4,0.0123154203,0.110974864
674.5,0.0123206963,0.110998632
674.6,0.0123261285,0.111023099
674.7,0.0123317128,0.111048245
674.8,0.0123374165,0.111073923
674.9,0.0123431819,0.111099873
675.0,0.0123489854,0.111125989
675.1,0.0123547976,0.111152137
675.2,0.0123606512,0.111178466
675.3,0.0123664683,0.111204624
675.4,0.012372195,0.111230369
675.5,0.012377967,0.111256312
675.6,0.0123837576,0.111282333
675.7,0.012389591,0.11130854
675.8,0.0123955481,0.111335296
675.9,0.0124016682,0.111362777
676.0,0.0124077452,0.111390059
676.1,0.0124137518,0.111417017
676.2,0.0124193845,0.111442292
676.3,0.0124246607,0.111465962
676.4,0.0124299356,0.111489621
676.5,0.0124352269,0.111513348
676.6,0.0124403939,0.111536514
676.7,0.0124455082,0.111559438
676.8,0.0124504914,0.11158177
676.9,0.0124552684,0.111603174
677.0,0.0124597556,0.111623275
677.1,0.012463822,0.111641489
677.2,0.0124674804,0.111657872
677.3,0.0124707865,0.111672676
677.4,0.0124738938,0.111686587
677.5,0.0124768712,0.111699916
677.6,0.0124798735,0.111713354
677.7,0.0124829867,0.111727287
677.8,0.0124858418,0.111740064
677.9,0.0124880751,0.111750056
678.0,0.0124895871,0.111756821
678.1,0.0124906455,0.111761556
678.2,0.0124914507,0.111765159
678.3,0.0124920489,0.111767835
678.4,0.0124924599,0.111769673
678.5,0.0124927579,0.111771007
678.6,0.0124929699,0.111771955
678.7,0.0124930333,0.111772239
678.8,0.012492935,0.111771799
678.9,0.0124925415,0.111770039
679.0,0.0124918193,0.111766808
679.1,0.0124907543,0.111762043
679.2,0.0124892912,0.111755498
679.3,0.0124872705,0.111746456
679.4,0.0124846565,0.111734759
679.5,0.0124815317,0.111720776
679.6,0.0124779863,0.111704907
679.7,0.0124740478,0.111687277
679.8,0.0124698292,0.11166839
679.9,0.0124654884,0.111648952
680.0,0.0124611567,0.111629551
680.1,0.0124569045,0.111610503
680.2,0.0124527973,0.111592102
680.3,0.0124486602,0.111573564
680.4,0.0124444312,0.111554611
680.5,0.0124401072,0.111535228
680.6,0.0124357323,0.111515615
680.7,0.0124313268,0.11149586
680.8,0.0124269166,0.111476081
680.9,0.0124225169,0.111456345
681.0,0.0124181922,0.111436942
681.1,0.0124140215,0.111418228
681.2,0.012409963,0.111400014
681.3,0.0124058824,0.111381697
681.4,0.0124016853,0.111362854
681.5,0.012397274,0.111343046
681.6,0.0123925768,0.111321951
681.7,0.0123875323,0.111299291
681.8,0.012382311,0.111275833
681.9,0.0123770035,0.111251982
682.0,0.0123716642,0.111227983
682.1,0.0123663661,0.111204164
682.2,0.0123611076,0.111180518
682.3,0.0123558583,0.111156909
682.4,0.0123506526,0.11113349
682.5,0.012345494,0.111110279
682.6,0.0123403855,0.111087288
682.7,0.0123353684,0.111064704
682.8,0.0123305076,0.111042819
682.9,0.012325814,0.111021683
683.0,0.0123213135,0.111001412
683.1,0.012317028,0.110982107
683.2,0.0123130131,0.110964017
683.3,0.0123093272,0.110947407
683.4,0.0123060518,0.110932645
683.5,0.0123032476,0.110920006
683.6,0.0123009126,0.110909479
683.7,0.0122990069,0.110900888
683.8,0.0122975119,0.110894147
683.9,0.0122963076,0.110888717
684.0,0.0122950719,0.110883145
684.1,0.01229371,0.110877004
684.2,0.0122922542,0.110870439
684.3,0.0122906567,0.110863234
684.4,0.0122890186,0.110855846
684.5,0.0122873723,0.11084842
684.6,0.0122859256,0.110841895
684.7,0.0122848308,0.110836956
684.8,0.0122841664,0.110833959
684.9,0.0122837676,0.11083216
685.0,0.0122833787,0.110830405
685.1,0.012283049,0.110828918
685.2,0.0122828645,0.110828085
685.3,0.0122828095,0.110827837
685.4,0.0122828502,0.110828021
685.5,0.0122830132,0.110828756
685.6,0.0122832335,0.11082975
685.7,0.0122834866,0.110830892
685.8,0.01228383,0.110832441
685.9,0.0122843458,0.110834768
686.0,0.0122849946,0.110837695
686.1,0.0122857282,0.110841004
686.2,0.0122866161,0.110845009
686.3,0.0122877035,0.110849915
686.4,0.0122889445,0.110855512
686.5,0.0122904587,0.110862341
686.6,0.0122921805,0.110870106
686.7,0.012293986,0.110878249
686.8,0.0122958599,0.110886698
686.9,0.0122979161,0.11089597
687.0,0.0123002138,0.110906329
687.1,0.0123027376,0.110917706
687.2,0.0123055088,0.110930198
687.3,0.0123085399,0.110943859
687.4,0.0123118044,0.11095857
687.5,0.0123153033,0.110974336
687.6,0.0123190896,0.110991394
687.7,0.0123231796,0.111009818
687.8,0.0123275946,0.111029702
687.9,0.0123323682,0.111051196
688.0,0.0123374422,0.111074039
688.1,0.0123427591,0.111097971
688.2,0.0123482657,0.111122751
688.3,0.0123539573,0.111148357
688.4,0.012359811,0.111174687
688.5,0.0123657366,0.111201334
688.6,0.0123716427,0.111227886
688.7,0.0123775293,0.111254345
688.8,0.0123833862,0.111280664
688.9,0.0123892266,0.111306903
689.0,0.0123951003,0.111333285
689.1,0.0124010054,0.111359802
689.2,0.0124069458,0.11138647
689.3,0.0124129771,0.111413541
689.4,0.0124191315,0.111441157
689.5,0.0124253697,0.111469142
689.6,0.0124316593,0.111497351
689.7,0.0124380117,0.111525834
689.8,0.0124444585,0.111554733
689.9,0.0124509521,0.111583834
690.0,0.0124573909,0.111612682
690.1,0.0124635659,0.111640342
690.2,0.0124693187,0.111666104
690.3,0.012474689,0.111690147
690.4,0.0124797377,0.111712747
690.5,0.0124845653,0.111734352
690.6,0.012489151,0.11175487
690.7,0.0124934193,0.111773965
690.8,0.0124974164,0.111791844
690.9,0.0125012606,0.111809037
691.0,0.0125049015,0.111825317
691.1,0.0125081685,0.111839923
691.2,0.012510926,0.111852251
691.3,0.012513081,0.111861883
691.4,0.0125147721,0.111869442
691.5,0.0125161884,0.111875772
691.6,0.0125172355,0.111880452
691.7,0.0125179541,0.111883663
691.8,0.0125185459,0.111886308
691.9,0.0125189619,0.111888167
692.0,0.0125187715,0.111887316
692.1,0.0125178442,0.111883172
692.2,0.0125162339,0.111875976
692.3,0.012513994,0.111865964
692.4,0.0125113281,0.111854048
692.5,0.012508383,0.111840883
692.6,0.0125051388,0.111826378
692.7,0.0125015351,0.111810264
692.8,0.0124976008,0.111792669
692.9,0.0124933655,0.111773725
693.0,0.0124888869,0.111753689
693.1,0.0124842361,0.111732878
693.2,0.0124794644,0.111711523
693.3,0.0124746472,0.11168996
693.4,0.0124698742,0.111668591
693.5,0.0124652187,0.111647744
693.6,0.012460756,0.111627756
693.7,0.0124563179,0.111607875
693.8,0.0124518192,0.11158772
693.9,0.0124473278,0.111567593
694.0,0.0124427384,0.111547023
694.1,0.0124378752,0.111525222
694.2,0.0124326306,0.111501707
694.3,0.0124269938,0.111476427
694.4,0.0124210267,0.11144966
694.5,0.0124149016,0.111422178
694.6,0.0124087626,0.111394626
694.7,0.0124026103,0.111367007
694.8,0.0123964761,0.111339464
694.9,0.0123904559,0.111312425
695.0,0.0123846664,0.111286416
695.1,0.0123791549,0.111261651
695.2,0.0123738805,0.111237946
695.3,0.0123686957,0.111214638
695.4,0.0123634852,0.11119121
695.5,0.0123582283,0.111167569
695.6,0.012352937,0.111143767
695.7,0.012347697,0.111120192
695.8,0.0123425638,0.111097092
695.9,0.0123375589,0.111074565
696.0,0.0123326236,0.111052346
696.1,0.0123277217,0.111030274
696.2,0.0123228971,0.111008545
696.3,0.0123181205,0.110987028
696.4,0.0123133356,0.11096547
696.5,0.0123085154,0.110943749
696.6,0.0123036562,0.110921847
696.7,0.0122987117,0.110899557
696.8,0.0122936443,0.110876708
696.9,0.0122885455,0.110853712
697.0,0.012283499,0.110830948
697.1,0.0122785158,0.110808464
697.2,0.0122734899,0.110785784
697.3,0.0122684442,0.110763009
697.4,0.0122634603,0.110740509
697.5,0.0122585257,0.110718227
697.6,0.0122535698,0.110695843
697.7,0.0122486473,0.110673607
697.8,0.0122436889,0.110651204
697.9,0.0122386241,0.110628315
698.0,0.0122333458,0.110604456
698.1,0.0122278793,0.110579742
698.2,0.0122222941,0.110554485
698.3,0.0122167179,0.110529262
698.4,0.0122112408,0.110504483
698.5,0.0122059482,0.110480533
698.6,0.0122009552,0.110457934
698.7,0.0121963234,0.110436966
698.8,0.0121920157,0.110417461
698.9,0.0121881118,0.110399782
699.0,0.0121847083,0.110384366
699.1,0.0121818503,0.11037142
699.2,0.0121796385,0.1103614
699.3,0.0121781326,0.110354577
699.4,0.0121773306,0.110350943
699.5,0.0121771709,0.110350219
699.6,0.0121775705,0.11035203
699.7,0.0121785636,0.11035653
699.8,0.0121802247,0.110364055
699.9,0.0121824397,0.11037409
700.0,0.0121851838,0.11038652
700.1,0.0121885323,0.110401686
700.2,0.012192495,0.110419632
700.3,0.0121970533,0.11044027
700.4,0.0122021922,0.110463533
700.5,0.0122079332,0.110489516
700.6,0.0122142753,0.110518212
700.7,0.0122211665,0.110549385
700.8,0.012228446,0.110582304
700.9,0.0122360329,0.110616603
701.0,0.0122438697,0.110652021
701.1,0.0122518084,0.110687887
701.2,0.0122599283,0.11072456
701.3,0.012268305,0.110762381
701.4,0.0122768704,0.11080104
701.5,0.0122856882,0.110840824
701.6,0.0122948132,0.110881979
701.7,0.0123042042,0.110924317
701.8,0.0123136784,0.110967015
701.9,0.0123228935,0.111008529
702.0,0.0123316302,0.111047873
702.1,0.0123400544,0.111085798
702.2,0.0123483382,0.111123077
702.3,0.0123565965,0.111160229
702.4,0.0123647947,0.111197099
702.5,0.0123729742,0.111233872
702.6,0.0123811306,0.111270529
702.7,0.0123892017,0.111306791
702.8,0.0123973602,0.111343434
702.9,0.0124057088,0.111380918
703.0,0.0124142793,0.111419385
703.1,0.0124231257,0.111459077
703.2,0.0124322872,0.111500167
703.3,0.0124417295,0.111542501
703.4,0.0124513832,0.111585766
703.5,0.0124612009,0.111629749
703.6,0.0124711874,0.11167447
703.7,0.0124812569,0.111719546
703.8,0.012491357,0.111764739
703.9,0.0125016012,0.111810559
704.0,0.0125120228,0.111857153
704.1,0.0125224796,0.111903886
704.2,0.0125328495,0.11195021
704.3,0.0125430721,0.111995858
704.4,0.012553155,0.112040863
704.5,0.0125631342,0.112085388
704.6,0.0125731424,0.112130025
704.7,0.0125833231,0.112175412
704.8,0.0125936,0.11222121
704.9,0.0126037868,0.112266588
705.0,0.0126136286,0.112310412
705.1,0.0126229396,0.112351856
705.2,0.0126316242,0.112390499
705.3,0.0126397903,0.112426822
705.4,0.0126474885,0.112461053
705.5,0.0126548984,0.112493993
705.6,0.0126620185,0.112525635
705.7,0.0126688296,0.112555895
705.8,0.012675442,0.112585265
705.9,0.0126819025,0.112613954
706.0,0.0126881751,0.1126418
706.1,0.0126941607,0.112668366
706.2,0.0126999335,0.112693981
706.3,0.0127056065,0.112719149
706.4,0.0127111606,0.112743783
706.5,0.0127164242,0.112767124
706.6,0.0127213488,0.112788957
706.7,0.0127260507,0.112809799
706.8,0.0127305146,0.112829582
706.9,0.0127347663,0.112848422
707.0,0.012738669,0.112865712
707.1,0.0127423068,0.112881827
707.2,0.0127457939,0.112897272
707.3,0.0127491398,0.112912089
707.4,0.0127523188,0.112926165
707.5,0.0127552894,0.112939317
707.6,0.0127580681,0.112951618
707.7,0.0127606153,0.112962894
707.8,0.0127629403,0.112973184
707.9,0.0127651106,0.112982789
708.0,0.012767143,0.112991783
708.1,0.0127689594,0.11299982
708.2,0.0127704745,0.113006524
708.3,0.0127715495,0.11301128
708.4,0.0127721569,0.113013968
708.5,0.0127722321,0.1130143
708.6,0.0127717367,0.113012109
708.7,0.0127706507,0.113007304
708.8,0.0127690108,0.113000048
708.9,0.0127669695,0.112991015
709.0,0.0127646117,0.112980581
709.1,0.0127619778,0.112968924
709.2,0.0127590866,0.112956127
709.3,0.0127556489,0.112940909
709.4,0.0127512436,0.112921404
709.5,0.0127459978,0.112898174
709.6,0.0127400243,0.112871716
709.7,0.0127335854,0.112843189
709.8,0.0127268184,0.112813201
709.9,0.0127198348,0.112782245
710.0,0.0127128531,0.112751289
710.1,0.0127059461,0.112720655
710.2,0.0126990447,0.112690038
710.3,0.0126921613,0.112659493
710.4,0.0126853006,0.11262904
710.5,0.0126784491,0.11259862
710.6,0.0126716193,0.112568287
710.7,0.012664673,0.11253743
710.8,0.0126576848,0.112506377
710.9,0.0126507058,0.112475357
711.0,0.0126436179,0.112443843
711.1,0.0126366452,0.112412834
711.2,0.012629858,0.112382641
711.3,0.0126232662,0.11235331
711.4,0.0126168597,0.112324795
711.5,0.0126106309,0.112297065
711.6,0.012604639,0.112270383
711.7,0.0125989267,0.112244941
711.8,0.0125934782,0.112220667
711.9,0.0125883114,0.112197644
712.0,0.0125834583,0.112176015
712.1,0.0125788785,0.112155599
712.2,0.0125745443,0.112136276
712.3,0.0125705272,0.112118362
712.4,0.0125668823,0.112102107
712.5,0.0125635632,0.112087302
712.6,0.0125605778,0.112073984
712.7,0.0125578832,0.112061961
712.8,0.0125554143,0.112050945
712.9,0.0125531438,0.112040813
713.0,0.0125510325,0.112031391
713.1,0.0125490378,0.112022488
713.2,0.0125471218,0.112013936
713.3,0.0125452668,0.112005655
713.4,0.0125434316,0.111997462
713.5,0.0125415199,0.111988928
713.6,0.0125394101,0.111979507
713.7,0.0125370076,0.11196878
713.8,0.0125343282,0.111956814
713.9,0.0125314767,0.111944078
714.0,0.0125285321,0.111930926
714.1,0.0125254834,0.111917306
714.2,0.0125223787,0.111903435
714.3,0.0125192117,0.111889283
714.4,0.0125158065,0.111874066
714.5,0.012511949,0.111856824
714.6,0.0125076869,0.11183777
714.7,0.0125032014,0.111817715
714.8,0.0124986055,0.111797163
714.9,0.0124939736,0.111776445
715.0,0.0124893274,0.111755659
715.1,0.0124846362,0.111734669
715.2,0.0124798459,0.111713231
715.3,0.0124749783,0.111691442
715.4,0.0124700601,0.111669423
715.5,0.0124651593,0.111647478
715.6,0.0124603055,0.111625738
715.7,0.0124556107,0.111604707
715.8,0.0124512045,0.111584966
715.9,0.0124471281,0.111566698
716.0,0.0124433514,0.111549771
716.1,0.0124399103,0.111534346
716.2,0.0124367711,0.111520272
716.3,0.0124338557,0.1115072
716.4,0.0124313168,0.111495815
716.5,0.0124292349,0.111486479
716.6,0.0124276628,0.111479428
716.7,0.0124266153,0.111474729
716.8,0.012426036,0.111472131
716.9,0.012425903,0.111471535
717.0,0.0124262405,0.111473049
717.1,0.0124269987,0.111476449
717.2,0.0124281197,0.111481477
717.3,0.0124295879,0.111488062
717.4,0.0124313456,0.111495944
717.5,0.0124333761,0.11150505
717.6,0.0124357693,0.11151578
717.7,0.0124385355,0.111528183
717.8,0.0124416374,0.111542088
717.9,0.012445139,0.111557783
718.0,0.0124491571,0.111575791
718.1,0.0124536897,0.111596101
718.2,0.0124585872,0.111618042
718.3,0.0124636766,0.111640837
718.4,0.012468953,0.111664466
718.5,0.0124744496,0.111689075
718.6,0.0124801664,0.111714665
718.7,0.0124860893,0.111741171
718.8,0.0124921519,0.111768296
718.9,0.0124983109,0.111795845
719.0,0.0125045541,0.111823764
719.1,0.0125109278,0.111852259
719.2,0.0125175278,0.111881758
719.3,0.0125244224,0.111912566
719.4,0.0125315912,0.11194459
719.5,0.0125388393,0.111976959
719.6,0.0125461096,0.112009417
719.7,0.0125533559,0.11204176
719.8,0.0125605246,0.112073746
719.9,0.0125676625,0.112105587
720.0,0.0125749397,0.112138039
720.1,0.012582334,0.112171003
720.2,0.0125896808,0.112203747
720.3,0.0125967747,0.112235354
720.4,0.0126035034,0.112265326
720.5,0.0126098012,0.112293371
720.6,0.0126156297,0.11231932
720.7,0.0126210689,0.112343531
720.8,0.0126261908,0.112366324
720.9,0.0126310916,0.112388129
721.0,0.0126358108,0.112409122
721.1,0.0126403666,0.112429385
721.2,0.0126447487,0.112448871
721.3,0.0126489501,0.112467551
721.4,0.0126529827,0.112485478
721.5,0.0126567406,0.11250218
721.6,0.0126601849,0.112517487
721.7,0.0126632958,0.11253131
721.8,0.0126659784,0.112543229
721.9,0.0126681713,0.112552971
722.0,0.0126700575,0.11256135
722.1,0.0126717054,0.11256867
722.2,0.0126730494,0.112574639
722.3,0.0126740545,0.112579103
722.4,0.0126746872,0.112581913
722.5,0.0126750053,0.112583326
722.6,0.0126750702,0.112583614
722.7,0.0126749237,0.112582964
722.8,0.0126744993,0.112581079
722.9,0.0126738095,0.112578015
723.0,0.01267293,0.112574109
723.1,0.0126719349,0.112569689
723.2,0.0126708997,0.112565091
723.3,0.012669903,0.112560663
723.4,0.0126689943,0.112556627
723.5,0.0126680908,0.112552614
723.6,0.0126670387,0.112547939
723.7,0.0126657583,0.112542251
723.8,0.0126642359,0.112535487
723.9,0.0126624023,0.11252734
724.0,0.0126601386,0.112517281
724.1,0.0126574638,0.112505394
724.2,0.0126544777,0.112492123
724.3,0.012651171,0.112477424
724.4,0.0126475391,0.112461278
724.5,0.0126436535,0.112444002
724.6,0.012639592,0.11242594
724.7,0.0126354049,0.112407317
724.8,0.0126311092,0.112388207
724.9,0.0126267688,0.112368896
725.0,0.0126224666,0.112349751
725.1,0.012618297,0.112331193
725.2,0.0126142189,0.11231304
725.3,0.0126102619,0.112295422
725.4,0.012606515,0.112278738
725.5,0.0126027649,0.112262037
725.6,0.0125987533,0.112244168
725.7,0.0125943602,0.112224597
725.8,0.0125896728,0.112203711
725.9,0.012584825,0.112182106
726.0,0.0125799041,0.112160172
726.1,0.0125748902,0.112137818
726.2,0.0125697778,0.11211502
726.3,0.0125646283,0.112092053
726.4,0.0125594579,0.112068987
726.5,0.0125542537,0.112045766
726.6,0.0125491259,0.112022881
726.7,0.0125440725,0.112000324
726.8,0.0125391308,0.11197826
726.9,0.0125343768,0.111957031
727.0,0.0125298556,0.111936838
727.1,0.0125256184,0.111917909
727.2,0.0125215771,0.111899853
727.3,0.0125175932,0.11188205
727.4,0.0125136215,0.1118643
727.5,0.0125097123,0.111846825
727.6,0.012505921,0.111829875
727.7,0.0125022191,0.111813323
727.8,0.0124986602,0.111797407
727.9,0.0124952398,0.111782109
728.0,0.0124920003,0.111767617
728.1,0.0124889578,0.111754006
728.2,0.0124860241,0.111740879
728.3,0.0124831439,0.111727991
728.4,0.0124803659,0.111715558
728.5,0.0124777549,0.111703872
728.6,0.0124754227,0.111693432
728.7,0.0124734904,0.111684781
728.8,0.0124719548,0.111677907
728.9,0.0124706374,0.111672008
729.0,0.0124694872,0.111666858
729.1,0.0124684272,0.111662112
729.2,0.0124672963,0.111657048
729.3,0.0124659737,0.111651125
729.4,0.0124644801,0.111644436
729.5,0.0124628632,0.111637195
729.6,0.0124611912,0.111629706
729.7,0.0124595583,0.111622391
729.8,0.0124578954,0.111614942
729.9,0.0124562538,0.111607589
730.0,0.0124546818,0.111600546
730.1,0.0124531488,0.111593677
730.2,0.0124515561,0.111586541
730.3,0.0124499295,0.111579252
730.4,0.012448482,0.111572765
730.5,0.012447234,0.111567173
730.6,0.012446151,0.111562319
730.7,0.0124453459,0.111558711
730.8,0.012444685,0.111555748
730.9,0.0124439243,0.111552339
731.0,0.0124430482,0.111548412
731.1,0.0124418539,0.111543059
731.2,0.0124402359,0.111535805
731.3,0.0124384239,0.111527682
731.4,0.0124364289,0.111518738
731.5,0.012434298,0.111509184
731.6,0.0124321244,0.111499437
731.7,0.0124299542,0.111489704
731.8,0.0124278262,0.111480161
731.9,0.0124257249,0.111470736
732.0,0.0124236744,0.111461538
732.1,0.0124218091,0.11145317
732.2,0.012420208,0.111445987
732.3,0.0124187253,0.111439335
732.4,0.0124172338,0.111432643
732.5,0.012415808,0.111426244
732.6,0.0124145073,0.111420408
732.7,0.0124133339,0.111415142
732.8,0.012412356,0.111410753
732.9,0.0124116799,0.111407719
733.0,0.0124113502,0.111406239
733.1,0.0124114673,0.111406765
733.2,0.0124120797,0.111409513
733.3,0.0124130923,0.111414058
733.4,0.012414428,0.111420052
733.5,0.0124161514,0.111427785
733.6,0.0124183437,0.111437622
733.7,0.0124209925,0.111449507
733.8,0.0124240449,0.1114632
733.9,0.0124274523,0.111478484
734.0,0.0124312546,0.111495536
734.1,0.0124354994,0.11151457
734.2,0.0124401894,0.111535597
734.3,0.0124452962,0.111558488
734.4,0.0124508193,0.111583239
734.5,0.0124567541,0.11160983
734.6,0.0124630183,0.111637889
734.7,0.0124695925,0.11166733
734.8,0.012476486,0.111698192
734.9,0.012483671,0.11173035
735.0,0.0124911274,0.111763713
735.1,0.0124987676,0.111797887
735.2,0.0125065201,0.111832554
735.3,0.0125143541,0.111867574
735.4,0.0125222274,0.111902759
735.5,0.0125301147,0.111937995
735.6,0.0125379552,0.111973011
735.7,0.0125457254,0.112007702
735.8,0.0125534255,0.11204207
735.9,0.0125610317,0.112076009
736.0,0.0125684903,0.112109278
736.1,0.0125756718,0.112141303
736.2,0.0125825351,0.1121719
736.3,0.0125891856,0.11220154
736.4,0.0125956648,0.112230409
736.5,0.0126019305,0.11225832
736.6,0.012607857,0.112284714
736.7,0.0126133147,0.112309014
736.8,0.0126182447,0.112330961
736.9,0.0126225955,0.112350325
737.0,0.012626388,0.112367202
737.1,0.0126295633,0.11238133
737.2,0.0126321387,0.112392787
737.3,0.0126341032,0.112401527
737.4,0.0126354009,0.112407299
737.5,0.0126359855,0.112409899
737.6,0.0126358484,0.112409289
737.7,0.012635012,0.112405569
737.8,0.0126335728,0.112399167
737.9,0.0126316149,0.112390457
738.0,0.0126291651,0.112379558
738.1,0.0126262587,0.112366626
738.2,0.0126228599,0.112351502
738.3,0.0126188678,0.112333734
738.4,0.0126142288,0.112313084
738.5,0.0126089586,0.112289619
738.6,0.0126030794,0.112263438
738.7,0.0125966454,0.112234778
738.8,0.0125897181,0.112203913
738.9,0.0125823404,0.112171032
739.0,0.0125745377,0.112136246
739.1,0.0125663172,0.112099586
739.2,0.012557649,0.112060917
739.3,0.0125484571,0.112019896
739.4,0.0125388319,0.111976926
739.5,0.0125287424,0.111931865
739.6,0.0125181449,0.111884516
739.7,0.0125070803,0.111835059
739.8,0.0124956231,0.111783823
739.9,0.0124838107,0.111730975
740.0,0.0124717157,0.111676836
740.1,0.01245937,0.111621548
740.2,0.0124468369,0.111565393
740.3,0.0124341319,0.111508439
740.4,0.012421248,0.111450653
740.5,0.0124081967,0.111392085
740.6,0.0123948471,0.111332148
740.7,0.0123810665,0.111270241
740.8,0.0123668246,0.111206226
740.9,0.0123522245,0.111140562
741.0,0.0123373174,0.111073478
741.1,0.0123221918,0.111005369
741.2,0.012307035,0.110937077
741.3,0.0122918948,0.110868818
741.4,0.0122767295,0.110800404
741.5,0.0122614344,0.110731362
741.6,0.0122458369,0.110660909
741.7,0.0122298714,0.110588749
741.8,0.0122136291,0.110515289
741.9,0.0121972012,0.11044094
742.0,0.0121806748,0.110366094
742.1,0.0121641321,0.110291125
742.2,0.0121475167,0.110215773
742.3,0.0121307751,0.110139798
742.4,0.0121139253,0.110063279
742.5,0.0120970261,0.109986482
742.6,0.0120801592,0.109909778
742.7,0.0120632359,0.109832763
742.8,0.0120462302,0.10975532
742.9,0.012029266,0.109678011
743.0,0.012012325,0.109600753
743.1,0.0119953669,0.109523362
743.2,0.0119784384,0.109446052
743.3,0.011961572,0.109368972
743.4,0.011944685,0.109291743
743.5,0.0119276739,0.109213891
743.6,0.0119105125,0.109135294
743.7,0.0118932531,0.109056192
743.8,0.0118759407,0.10897679
743.9,0.0118586797,0.108897565
744.0,0.011841474,0.108818537
744.1,0.0118243151,0.108739667
744.2,0.0118072391,0.108661121
744.3,0.0117901669,0.108582535
744.4,0.0117729932,0.108503425
744.5,0.0117556223,0.108423348
744.6,0.0117379546,0.108341841
744.7,0.0117200515,0.108259187
744.8,0.011702025,0.108175899
744.9,0.0116840158,0.108092626
745.0,0.0116661438,0.108009925
745.1,0.0116484173,0.107927834
745.2,0.0116308068,0.107846218
745.3,0.0116133714,0.107765354
745.4,0.0115961153,0.107685261
745.5,0.0115789614,0.107605583
745.6,0.0115618566,0.107526074
745.7,0.0115447744,0.107446612
745.8,0.0115277635,0.107367423
745.9,0.0115108294,0.107288533
746.0,0.0114939111,0.107209659
746.1,0.0114770446,0.107130969
746.2,0.0114603307,0.107052934
746.3,0.0114438714,0.106976032
746.4,0.0114275913,0.106899912
746.5,0.0114114495,0.106824386
746.6,0.0113955037,0.106749725
746.7,0.0113798455,0.106676359
746.8,0.0113645821,0.106604794
746.9,0.0113497561,0.106535234
747.0,0.0113353819,0.10646775
747.1,0.0113214064,0.106402098
747.2,0.0113078177,0.106338223
747.3,0.0112946652,0.106276363
747.4,0.0112818252,0.106215937
747.5,0.0112690577,0.106155818
747.6,0.011256301,0.106095716
747.7,0.0112435167,0.10603545
747.8,0.01123077,0.105975327
747.9,0.0112181091,0.105915576
748.0,0.0112056135,0.10585657
748.1,0.0111933734,0.10579874
748.2,0.0111814833,0.105742533
748.3,0.0111700197,0.105688314
748.4,0.0111589768,0.105636058
748.5,0.0111483864,0.10558592
748.6,0.0111382651,0.10553798
748.7,0.0111285631,0.105492005
748.8,0.0111192413,0.105447813
748.9,0.0111102156,0.105405007
749.0,0.0111015366,0.10536383
749.1,0.0110932731,0.105324608
749.2,0.0110853968,0.105287211
749.3,0.0110778385,0.105251311
749.4,0.011070519,0.105216534
749.5,0.0110633697,0.105182554
749.6,0.0110564519,0.105149664
749.7,0.0110497678,0.105117876
749.8,0.0110433124,0.105087166
749.9,0.0110371322,0.105057756
750.0,0.0110312207,0.105029618
750.1,0.0110254769,0.105002271
750.2,0.0110198252,0.104975355
750.3,0.0110142874,0.104948975
750.4,0.0110088368,0.104923004
750.5,0.0110034855,0.1048975
750.6,0.0109982752,0.104872662
750.7,0.010993244,0.104848672
750.8,0.0109884496,0.104825806
750.9,0.0109839447,0.104804316
751.0,0.0109797465,0.104784286
751.1,0.0109758602,0.104765739
751.2,0.0109722341,0.104748432
751.3,0.0109687806,0.104731946
751.4,0.010965556,0.104716551
751.5,0.0109625612,0.10470225
751.6,0.0109597735,0.104688937
751.7,0.0109572701,0.10467698
751.8,0.0109550976,0.104666602
751.9,0.0109533243,0.104658131
752.0,0.0109520155,0.104651877
752.1,0.0109511439,0.104647713
752.2,0.0109505441,0.104644847
752.3,0.0109501254,0.104642847
752.4,0.0109499244,0.104641887
752.5,0.010949978,0.104642142
752.6,0.0109502548,0.104643465
752.7,0.0109507633,0.104645895
752.8,0.0109514355,0.104649107
752.9,0.0109522916,0.104653197
753.0,0.0109533092,0.104658059
753.1,0.0109544812,0.104663658
753.2,0.0109558933,0.104670403
753.3,0.0109576804,0.10467894
753.4,0.010959822,0.104689168
753.5,0.0109622987,0.104700997
753.6,0.0109650593,0.104714179
753.7,0.0109679774,0.104728112
753.8,0.0109711269,0.104743147
753.9,0.0109744973,0.104759235
754.0,0.0109780396,0.10477614
754.1,0.0109817541,0.104793865
754.2,0.0109856397,0.104812403
754.3,0.010989744,0.10483198
754.4,0.0109941617,0.104853048
754.5,0.0109988912,0.104875599
754.6,0.011003848,0.104899228
754.7,0.0110091566,0.104924528
754.8,0.0110147265,0.104951067
754.9,0.0110205394,0.104978757
755.0,0.0110266754,0.105007978
755.1,0.0110331946,0.105039015
755.2,0.0110400628,0.105071703
755.3,0.0110472122,0.105105719
755.4,0.011054512,0.105140439
755.5,0.0110618857,0.105175499
755.6,0.0110693212,0.105210842
755.7,0.0110766974,0.10524589
755.8,0.0110840954,0.105281031
755.9,0.0110914655,0.105316027
756.0,0.011098844,0.105351051
756.1,0.0111060946,0.105385457
756.2,0.0111130309,0.105418361
756.3,0.0111197952,0.10545044
756.4,0.0111264659,0.105482065
756.5,0.011133041,0.105513227
756.6,0.0111396608,0.105544591
756.7,0.0111465485,0.105577216
756.8,0.011153844,0.105611761
756.9,0.0111616262,0.105648598
757.0,0.0111698927,0.105687713
757.1,0.0111786533,0.105729151
757.2,0.0111878914,0.105772829
757.3,0.0111976493,0.105818946
757.4,0.0112080911,0.105868272
757.5,0.0112191915,0.105920685
757.6,0.0112308369,0.105975643
757.7,0.0112429204,0.106032638
757.8,0.0112552886,0.106090945
757.9,0.0112679056,0.106150392
758.0,0.0112808903,0.106211536
758.1,0.0112943581,0.106274918
758.2,0.0113083016,0.106340498
758.3,0.0113226504,0.106407943
758.4,0.0113372674,0.106476605
758.5,0.0113520675,0.106546082
758.6,0.0113669887,0.106616081
758.7,0.0113819857,0.10668639
758.8,0.0113971109,0.106757252
758.9,0.011412384,0.10682876
759.0,0.0114278021,0.106900899
759.1,0.0114434615,0.106974116
759.2,0.0114594632,0.107048882
759.3,0.0114758729,0.107125501
759.4,0.0114926678,0.107203861
759.5,0.0115098831,0.107284123
759.6,0.0115274707,0.107366059
759.7,0.0115453267,0.107449182
759.8,0.0115634052,0.107533275
759.9,0.0115815894,0.107617793
760.0,0.0115998439,0.107702571
760.1,0.0116181768,0.107787647
760.2,0.0116366438,0.107873277
760.3,0.0116552351,0.107959414
760.4,0.0116739268,0.108045948
760.5,0.011692484,0.10813179
760.6,0.0117106771,0.108215882
760.7,0.011728627,0.108298786
760.8,0.0117463764,0.108380701
760.9,0.0117638786,0.108461415
761.0,0.0117810689,0.108540632
761.1,0.0117979417,0.108618331
761.2,0.0118145615,0.108694809
761.3,0.0118309628,0.10877023
761.4,0.0118471351,0.108844546
761.5,0.0118629393,0.108917121
761.6,0.0118781716,0.108987025
761.7,0.011892919,0.10905466
761.8,0.0119074822,0.10912141
761.9,0.0119219624,0.109187739
762.0,0.0119362523,0.109253157
762.1,0.0119502216,0.109317069
762.2,0.0119638294,0.109379291
762.3,0.0119771302,0.109440076
762.4,0.0119898951,0.10949838
762.5,0.0120020152,0.109553709
762.6,0.0120133553,0.109605453
762.7,0.0120239064,0.109653575
762.8,0.0120336837,0.109698148
762.9,0.0120427269,0.109739359
763.0,0.0120510716,0.109777373
763.1,0.0120587229,0.109812216
763.2,0.0120656374,0.109843695
763.3,0.0120718647,0.109872038
763.4,0.0120774876,0.109897623
763.5,0.0120826621,0.109921163
763.6,0.0120874446,0.109942915
763.7,0.0120917573,0.109962527
763.8,0.0120954593,0.109979359
763.9,0.0120984651,0.109993023
764.0,0.012100841,0.110003823
764.1,0.0121026873,0.110012214
764.2,0.0121039233,0.110017832
764.3,0.0121046008,0.110020911
764.4,0.0121049294,0.110022404
764.5,0.0121051843,0.110023562
764.6,0.0121053655,0.110024386
764.7,0.0121055823,0.110025371
764.8,0.0121057726,0.110026236
764.9,0.0121060262,0.110027389
765.0,0.0121063784,0.110028989
765.1,0.0121067431,0.110030646
765.2,0.0121071474,0.110032483
765.3,0.0121075311,0.110034227
765.4,0.0121078259,0.110035566
765.5,0.0121080822,0.110036731
765.6,0.0121083401,0.110037903
765.7,0.0121086666,0.110039387
765.8,0.0121091049,0.110041378
765.9,0.0121097034,0.110044098
766.0,0.0121103302,0.110046945
766.1,0.0121107123,0.110048681
766.2,0.0121108591,0.110049349
766.3,0.0121108506,0.11004931
766.4,0.0121106542,0.110048417
766.5,0.0121103387,0.110046984
766.6,0.0121100149,0.110045513
766.7,0.0121098296,0.110044671
766.8,0.0121098183,0.110044619
766.9,0.0121100384,0.11004562
767.0,0.0121103955,0.110047242
767.1,0.0121107307,0.110048765
767.2,0.0121109769,0.110049884
767.3,0.012111009,0.11005003
767.4,0.0121107173,0.110048704
767.5,0.0121101498,0.110046126
767.6,0.0121092996,0.110042263
767.7,0.0121080932,0.110036781
767.8,0.0121064644,0.11002938
767.9,0.0121044852,0.110020385
768.0,0.0121022562,0.110010255
768.1,0.0120998424,0.109999284
768.2,0.0120974305,0.10998832
768.3,0.0120951667,0.109978028
768.4,0.0120930435,0.109968375
768.5,0.0120910145,0.109959149
768.6,0.0120890409,0.109950175
768.7,0.0120870787,0.109941251
768.8,0.0120851511,0.109932484
768.9,0.0120833885,0.109924467
769.0,0.0120817494,0.109917012
769.1,0.0120801526,0.109909747
769.2,0.0120785486,0.10990245
769.3,0.0120769429,0.109895145
769.4,0.0120753782,0.109888026
769.5,0.0120738875,0.109881243
769.6,0.0120725274,0.109875054
769.7,0.0120713489,0.10986969
769.8,0.0120703821,0.109865291
769.9,0.0120696042,0.10986175
770.0,0.0120690069,0.109859032
770.1,0.0120685438,0.109856924
770.2,0.0120681121,0.109854959
770.3,0.01206766,0.109852901
770.4,0.0120671662,0.109850654
770.5,0.0120666234,0.109848184
770.6,0.0120661037,0.109845818
770.7,0.0120656819,0.109843898
770.8,0.0120653409,0.109842346
770.9,0.0120650805,0.10984116
771.0,0.0120648893,0.10984029
771.1,0.0120648095,0.109839927
771.2,0.0120648693,0.109840199
771.3,0.0120650123,0.10984085
771.4,0.0120650817,0.109841166
771.5,0.0120650176,0.109840874
771.6,0.0120648728,0.109840215
771.7,0.0120648138,0.109839946
771.8,0.0120649638,0.109840629
771.9,0.0120652698,0.109842022
772.0,0.0120656686,0.109843837
772.1,0.0120659971,0.109845333
772.2,0.0120662009,0.10984626
772.3,0.0120664204,0.10984726
772.4,0.0120666077,0.109848112
772.5,0.0120666882,0.109848478
772.6,0.0120667033,0.109848547
772.7,0.0120666435,0.109848275
772.8,0.0120663972,0.109847154
772.9,0.0120660196,0.109845435
773.0,0.0120654064,0.109842644
773.1,0.0120646336,0.109839126
773.2,0.0120639232,0.109835892
773.3,0.0120632728,0.109832931
773.4,0.0120626558,0.109830123
773.5,0.0120621232,0.109827698
773.6,0.0120615687,0.109825173
773.7,0.0120606063,0.109820792
773.8,0.0120589263,0.109813143
773.9,0.0120567381,0.109803179
774.0,0.0120543159,0.109792148
774.1,0.0120518924,0.109781111
774.2,0.0120493494,0.109769529
774.3,0.0120463138,0.109755701
774.4,0.0120428074,0.109739726
774.5,0.0120390931,0.109722801
774.6,0.0120351722,0.109704932
774.7,0.0120309139,0.109685523
774.8,0.012026337,0.109664657
774.9,0.0120215909,0.109643016
775.0,0.0120168742,0.109621504
775.1,0.0120122797,0.109600546
775.2,0.0120078531,0.10958035
775.3,0.0120036378,0.109561114
775.4,0.0119996481,0.109542905
775.5,0.0119958813,0.109525711
775.6,0.0119923446,0.109509564
775.7,0.0119890197,0.109494382
775.8,0.0119858517,0.109479915
775.9,0.0119827715,0.109465846
776.0,0.0119797417,0.109452006
776.1,0.0119767609,0.109438389
776.2,0.011973911,0.109425367
776.3,0.0119712596,0.109413251
776.4,0.0119687771,0.109401906
776.5,0.0119663026,0.109390597
776.6,0.0119636312,0.109378385
776.7,0.0119607063,0.109365014
776.8,0.0119576509,0.109351044
776.9,0.0119546348,0.109337252
777.0,0.0119516474,0.10932359
777.1,0.0119486369,0.10930982
777.2,0.0119455048,0.109295493
777.3,0.0119420768,0.10927981
777.4,0.0119383957,0.109262966
777.5,0.0119345863,0.109245532
777.6,0.011930538,0.109227002
777.7,0.011926433,0.10920821
777.8,0.0119221015,0.109188376
777.9,0.0119173169,0.109166464
778.0,0.0119119503,0.109141882
778.1,0.0119060221,0.10911472
778.2,0.0118997434,0.109085945
778.3,0.0118933883,0.109056812
778.4,0.0118870151,0.109027589
778.5,0.0118805307,0.108997847
778.6,0.0118739002,0.108967427
778.7,0.0118671565,0.108936479
778.8,0.0118604723,0.108905796
778.9,0.0118538309,0.1088753
779.0,0.0118470606,0.108844203
779.1,0.0118402726,0.108813017
779.2,0.0118336661,0.108782655
779.3,0.0118271955,0.10875291
779.4,0.0118206616,0.108722866
779.5,0.0118141047,0.108692708
779.6,0.0118075049,0.108662344
779.7,0.0118009424,0.108632143
779.8,0.0117945402,0.108602671
779.9,0.0117885227,0.108574963
780.0,0.0117830354,0.108549691
780.1,0.0117780142,0.10852656
780.2,0.0117733708,0.108505165
780.3,0.0117690161,0.108485096
780.4,0.0117648864,0.108466061
780.5,0.0117609907,0.108448101
780.6,0.0117573788,0.108431447
780.7,0.0117540615,0.10841615
780.8,0.0117510657,0.108402333
780.9,0.0117484073,0.10839007
781.0,0.0117460785,0.108379327
781.1,0.0117440898,0.108370152
781.2,0.011742472,0.108362687
781.3,0.0117411759,0.108356707
781.4,0.0117401008,0.108351746
781.5,0.0117392153,0.108347659
781.6,0.0117385956,0.1083448
781.7,0.0117382971,0.108343422
781.8,0.0117383611,0.108343717
781.9,0.0117388415,0.108345934
782.0,0.0117396559,0.108349693
782.1,0.0117407613,0.108354794
782.2,0.01174211,0.108361017
782.3,0.0117434833,0.108367354
782.4,0.0117447893,0.108373379
782.5,0.0117462455,0.108380098
782.6,0.0117478305,0.108387409
782.7,0.0117494578,0.108394916
782.8,0.0117512062,0.108402981
782.9,0.0117531122,0.108411771
783.0,0.011755219,0.108421488
783.1,0.0117575667,0.108432314
783.2,0.0117601613,0.108444278
783.3,0.011762948,0.108457125
783.4,0.0117658658,0.108470576
783.5,0.0117689214,0.10848466
783.6,0.0117720973,0.108499296
783.7,0.0117754901,0.108514931
783.8,0.0117791468,0.108531778
783.9,0.0117831119,0.108550043
784.0,0.0117874152,0.108569863
784.1,0.01179205,0.108591206
784.2,0.011796959,0.108613807
784.3,0.0118020693,0.108637329
784.4,0.0118073473,0.108661618
784.5,0.0118128109,0.108686756
784.6,0.0118182871,0.108711946
784.7,0.0118237229,0.108736944
784.8,0.0118291921,0.108762089
784.9,0.011834555,0.108786741
785.0,0.0118400222,0.108811866
785.1,0.0118456935,0.108837923
785.2,0.0118515937,0.108865025
785.3,0.0118576879,0.108893011
785.4,0.0118639397,0.108921714
785.5,0.0118702805,0.108950817
785.6,0.0118767482,0.108980494
785.7,0.0118833333,0.109010703
785.8,0.0118898776,0.109040716
785.9,0.0118964865,0.109071016
786.0,0.0119031503,0.10910156
786.1,0.0119098294,0.109132165
786.2,0.0119164758,0.109162612
786.3,0.011923079,0.109192853
786.4,0.0119295959,0.109222689
786.5,0.0119359081,0.109251582
786.6,0.0119420001,0.109279459
786.7,0.0119480028,0.10930692
786.8,0.0119539235,0.109334
786.9,0.0119597939,0.109360842
787.0,0.0119655513,0.109387162
787.1,0.0119711695,0.10941284
787.2,0.0119765482,0.109437417
787.3,0.0119816409,0.109460682
787.4,0.011986485,0.109482807
787.5,0.0119911409,0.109504068
787.6,0.0119954417,0.109523704
787.7,0.0119991957,0.10954084
787.8,0.0120023619,0.109555291
787.9,0.012005085,0.109567719
788.0,0.0120073857,0.109578217
788.1,0.0120093357,0.109587115
788.2,0.0120109961,0.10959469
788.3,0.0120123632,0.109600927
788.4,0.0120134946,0.109606088
788.5,0.0120145145,0.109610741
788.6,0.012015475,0.109615122
788.7,0.0120163455,0.109619093
788.8,0.0120171769,0.109622885
788.9,0.0120180112,0.10962669
789.0,0.0120187432,0.109630029
789.1,0.0120194115,0.109633076
789.2,0.012020027,0.109635884
789.3,0.0120205114,0.109638093
789.4,0.0120208992,0.109639861
789.5,0.0120211916,0.109641195
789.6,0.0120213875,0.109642088
789.7,0.012021514,0.109642665
789.8,0.0120215976,0.109643046
789.9,0.0120216888,0.109643462
790.0,0.0120219558,0.10964468
790.1,0.0120225746,0.109647502
790.2,0.0120235539,0.109651967
790.3,0.0120247639,0.109657485
790.4,0.0120261321,0.109663723
790.5,0.0120275568,0.109670219
790.6,0.0120289339,0.109676496
790.7,0.0120302475,0.109682485
790.8,0.012031512,0.109688249
790.9,0.0120327346,0.109693822
791.0,0.0120339871,0.109699531
791.1,0.0120354729,0.109706303
791.2,0.0120370934,0.109713689
791.3,0.0120388251,0.10972158
791.4,0.0120406876,0.109730067
791.5,0.0120426029,0.109738794
791.6,0.0120446448,0.109748097
791.7,0.0120468549,0.109758166
791.8,0.0120492665,0.109769151
791.9,0.0120518074,0.109780724
792.0,0.0120544729,0.109792864
792.1,0.0120572559,0.109805537
792.2,0.0120601599,0.109818759
792.3,0.0120632161,0.109832673
792.4,0.01206644,0.109847349
792.5,0.0120698443,0.109862843
792.6,0.012073464,0.109879316
792.7,0.012077273,0.109896647
792.8,0.0120812063,0.109914541
792.9,0.0120852181,0.109932789
793.0,0.0120892294,0.109951032
793.1,0.0120931303,0.10996877
793.2,0.012096907,0.10998594
793.3,0.0121005546,0.110002521
793.4,0.0121040355,0.110018342
793.5,0.0121074018,0.110033639
793.6,0.0121107387,0.110048801
793.7,0.0121140929,0.11006404
793.8,0.0121174731,0.110079394
793.9,0.012120815,0.110094573
794.0,0.0121240318,0.110109181
794.1,0.0121271202,0.110123205
794.2,0.0121301484,0.110136953
794.3,0.0121330754,0.11015024
794.4,0.0121358658,0.110162906
794.5,0.0121385518,0.110175096
794.6,0.0121411253,0.110186774
794.7,0.01214355,0.110197777
794.8,0.0121458206,0.110208079
794.9,0.0121479899,0.11021792
795.0,0.0121501668,0.110227795
795.1,0.0121523986,0.110237918
795.2,0.0121546577,0.110248164
795.3,0.012156928,0.11025846
795.4,0.0121592325,0.11026891
795.5,0.0121616151,0.110279713
795.6,0.0121640959,0.11029096
795.7,0.0121666788,0.110302669
795.8,0.0121693277,0.110314676
795.9,0.0121720538,0.110327031
796.0,0.0121748029,0.11033949
796.1,0.0121775176,0.11035179
796.2,0.0121801913,0.110363904
796.3,0.0121829122,0.11037623
796.4,0.0121856712,0.110388728
796.5,0.0121882607,0.110400456
796.6,0.0121904879,0.110410542
796.7,0.0121922763,0.110418641
796.8,0.0121936247,0.110424747
796.9,0.012194495,0.110428687
797.0,0.0121949102,0.110430567
797.1,0.0121949161,0.110430594
797.2,0.0121945133,0.11042877
797.3,0.012193662,0.110424915
797.4,0.0121923804,0.110419112
797.5,0.0121908104,0.110412003
797.6,0.0121889996,0.110403803
797.7,0.0121869287,0.110394423
797.8,0.012184611,0.110383925
797.9,0.0121821304,0.110372689
798.0,0.0121795118,0.110360825
798.1,0.0121766834,0.11034801
798.2,0.0121736159,0.11033411
798.3,0.0121704141,0.1103196
798.4,0.0121671006,0.110304581
798.5,0.012163627,0.110288835
798.6,0.0121598445,0.110271685
798.7,0.0121556166,0.110252513
798.8,0.0121508159,0.110230739
798.9,0.0121454933,0.110206594
799.0,0.012139897,0.110181201
799.1,0.0121341167,0.110154967
799.2,0.0121281582,0.110127917
799.3,0.0121220164,0.110100029
799.4,0.0121158049,0.110071817
799.5,0.0121096889,0.110044032
799.6,0.012103712,0.110016872
799.7,0.0120979104,0.109990501
799.8,0.0120923252,0.109965109
799.9,0.012087037,0.109941062
800.0,0.0120820878,0.109918551
800.1,0.0120774856,0.109897614
800.2,0.0120732721,0.109878442
800.3,0.0120694481,0.10986104
800.4,0.0120659395,0.109845071
800.5,0.0120625817,0.109829785
800.6,0.0120592207,0.109814483
800.7,0.012055777,0.109798802
800.8,0.0120522978,0.109782958
800.9,0.0120488228,0.10976713
801.0,0.0120452228,0.10975073
801.1,0.0120414312,0.109733455
801.2,0.0120375362,0.109715706
801.3,0.0120335201,0.109697402
801.4,0.012029349,0.109678389
801.5,0.0120250702,0.109658881
801.6,0.0120206322,0.109638644
801.7,0.0120160172,0.109617595
801.8,0.0120112147,0.109595687
801.9,0.0120064307,0.109573859
802.0,0.0120017806,0.109552639
802.1,0.0119972639,0.109532022
802.2,0.011992927,0.109512223
802.3,0.0119888073,0.109493412
802.4,0.0119846181,0.109474281
802.5,0.0119801078,0.109453679
802.6,0.0119753057,0.10943174
802.7,0.0119702517,0.109408646
802.8,0.0119649298,0.109384321
802.9,0.0119593721,0.109358914
803.0,0.0119537274,0.109333103
803.1,0.0119480492,0.109307133
803.2,0.0119423804,0.109281199
803.3,0.0119366828,0.109255127
803.4,0.0119310069,0.109229149
803.5,0.0119253665,0.109203326
803.6,0.0119198551,0.109178089
803.7,0.0119144269,0.109153227
803.8,0.0119090732,0.1091287
803.9,0.0119038311,0.10910468
804.0,0.0118987038,0.10908118
804.1,0.0118937207,0.109058336
804.2,0.0118888974,0.10903622
804.3,0.0118843236,0.109015245
804.4,0.0118800127,0.108995471
804.5,0.0118759538,0.10897685
804.6,0.0118721419,0.108959359
804.7,0.0118686813,0.108943478
804.8,0.0118656254,0.108929451
804.9,0.0118629707,0.108917265
805.0,0.0118606803,0.10890675
805.1,0.0118587424,0.108897853
805.2,0.0118571885,0.108890718
805.3,0.0118559945,0.108885236
805.4,0.0118551218,0.108881228
805.5,0.0118546627,0.10887912
805.6,0.0118546228,0.108878936
805.7,0.0118549219,0.10888031
805.8,0.0118555776,0.108883321
805.9,0.0118566024,0.108888027
806.0,0.011857899,0.108893981
806.1,0.0118594844,0.10890126
806.2,0.0118613483,0.108909817
806.3,0.0118634826,0.108919615
806.4,0.0118659262,0.108930832
806.5,0.0118687143,0.108943629
806.6,0.0118717502,0.108957561
806.7,0.0118749084,0.108972053
806.8,0.0118780161,0.108986312
806.9,0.0118808673,0.108999391
807.0,0.011883442,0.109011201
807.1,0.01188582,0.109022108
807.2,0.0118881094,0.109032607
807.3,0.0118902562,0.109042452
807.4,0.0118921757,0.109051253
807.5,0.011893757,0.109058502
807.6,0.0118951994,0.109065115
807.7,0.0118967265,0.109072116
807.8,0.011898507,0.109080278
807.9,0.0119005664,0.109089717
808.0,0.0119027855,0.109099888
808.1,0.0119053645,0.109111707
808.2,0.0119079405,0.10912351
808.3,0.0119106966,0.109136138
808.4,0.0119137198,0.109149988
808.5,0.0119169737,0.109164892
808.6,0.0119204712,0.10918091
808.7,0.0119241834,0.109197909
808.8,0.0119280574,0.109215646
808.9,0.0119320506,0.109233926
809.0,0.0119362634,0.109253208
809.1,0.0119404927,0.109272561
809.2,0.0119446478,0.109291572
809.3,0.0119488484,0.109310788
809.4,0.0119531304,0.109330373
809.5,0.0119575164,0.109350429
809.6,0.0119620179,0.10937101
809.7,0.0119665775,0.109391853
809.8,0.0119711775,0.109412876
809.9,0.0119757721,0.109433871
810.0,0.011980423,0.109455119
810.1,0.0119851617,0.109476763
810.2,0.0119899309,0.109498543
810.3,0.0119947519,0.109520555
810.4,0.0119996587,0.109542954
810.5,0.0120047526,0.109566202
810.6,0.0120100712,0.10959047
810.7,0.012015587,0.109615633
810.8,0.0120212912,0.109641649
810.9,0.0120270729,0.109668012
811.0,0.0120328177,0.109694201
811.1,0.0120384524,0.109719881
811.2,0.0120440656,0.109745458
811.3,0.012049657,0.10977093
811.4,0.0120551275,0.109795845
811.5,0.0120605547,0.109820557
811.6,0.012066,0.109845346
811.7,0.0120714127,0.109869981
811.8,0.0120768158,0.109894567
811.9,0.0120822877,0.10991946
812.0,0.0120879329,0.109945136
812.1,0.012093724,0.109971469
812.2,0.0120996053,0.109998206
812.3,0.0121055284,0.110025126
812.4,0.0121115016,0.110052268
812.5,0.0121176389,0.110080147
812.6,0.012123982,0.110108955
812.7,0.0121304485,0.110138315
812.8,0.012136877,0.110167495
812.9,0.0121432269,0.110196311
813.0,0.0121495487,0.110224991
813.1,0.012155771,0.110253213
813.2,0.0121618997,0.110281003
813.3,0.0121681214,0.110309208
813.4,0.0121744374,0.110337833
813.5,0.0121807758,0.110366552
813.6,0.0121871113,0.11039525
813.7,0.0121934871,0.110424124
813.8,0.0121998583,0.110452969
813.9,0.0122061287,0.11048135
814.0,0.0122122534,0.110509065
814.1,0.0122182073,0.110536
814.2,0.0122240834,0.110562577
814.3,0.0122298807,0.110588791
814.4,0.012235503,0.110614208
814.5,0.0122409299,0.110638736
814.6,0.0122461326,0.110662246
814.7,0.0122512275,0.110685263
814.8,0.0122562707,0.110708043
814.9,0.0122612727,0.110730631
815.0,0.0122662169,0.110752955
815.1,0.012271027,0.110774668
815.2,0.0122756675,0.110795611
815.3,0.0122801283,0.11081574
815.4,0.0122843472,0.110834774
815.5,0.0122883206,0.110852698
815.6,0.012292212,0.110870249
815.7,0.0122960623,0.110887611
815.8,0.0122998328,0.110904611
815.9,0.0123035301,0.110921279
816.0,0.012306937,0.110936635
816.1,0.012310008,0.110950475
816.2,0.012312583,0.110962079
816.3,0.0123146825,0.110971539
816.4,0.012316287,0.110978768
816.5,0.0123174349,0.11098394
816.6,0.0123182254,0.110987501
816.7,0.0123187093,0.110989681
816.8,0.0123188417,0.110990278
816.9,0.0123186478,0.110989404
817.0,0.0123181557,0.110987187
817.1,0.012317422,0.110983882
817.2,0.0123166145,0.110980244
817.3,0.0123156855,0.110976058
817.4,0.0123145971,0.110971154
817.5,0.0123131135,0.110964469
817.6,0.0123110833,0.110955321
817.7,0.012308679,0.110944486
817.8,0.0123061181,0.110932944
817.9,0.0123034324,0.110920839
818.0,0.0123005367,0.110907785
818.1,0.01229733,0.110893327
818.2,0.0122940596,0.11087858
818.3,0.0122908235,0.110863986
818.4,0.0122877264,0.110850017
818.5,0.0122846355,0.110836075
818.6,0.0122815579,0.110822191
818.7,0.0122783552,0.11080774
818.8,0.0122750584,0.110792863
818.9,0.0122718352,0.110778316
819.0,0.0122686675,0.110764017
819.1,0.012265523,0.110749821
819.2,0.0122623772,0.110735619
819.3,0.0122592838,0.11072165
819.4,0.012256284,0.110708103
819.5,0.0122533758,0.110694967
819.6,0.0122505237,0.110682084
819.7,0.0122475421,0.110668614
819.8,0.0122444261,0.110654535
819.9,0.0122412195,0.110640045
820.0,0.0122378594,0.110624859
820.1,0.0122344125,0.110609278
820.2,0.012230916,0.110593472
820.3,0.0122274203,0.110577666
820.4,0.0122239624,0.110562029
820.5,0.0122204603,0.110546191
820.6,0.0122168088,0.110529674
820.7,0.0122130589,0.110512709
820.8,0.012209345,0.110495905
820.9,0.012205684,0.110479337
821.0,0.0122020482,0.110462881
821.1,0.0121984443,0.110446568
821.2,0.0121949488,0.110430742
821.3,0.0121916125,0.110415635
821.4,0.0121883923,0.110401052
821.5,0.01218519,0.110386548
821.6,0.0121818512,0.110371424
821.7,0.0121783716,0.11035566
821.8,0.0121747348,0.110339181
821.9,0.012170926,0.11032192
822.0,0.0121670851,0.110304511
822.1,0.012163242,0.110287089
822.2,0.0121593962,0.110269652
822.3,0.0121556331,0.110252588
822.4,0.0121519693,0.110235971
822.5,0.0121483243,0.110219437
822.6,0.0121447705,0.110203314
822.7,0.0121413768,0.110187916
822.8,0.0121381168,0.110173122
822.9,0.0121349983,0.110158968
823.0,0.0121319667,0.110145207
823.1,0.0121289771,0.110131636
823.2,0.0121259428,0.110117858
823.3,0.0121228278,0.110103714
823.4,0.0121196327,0.110089204
823.5,0.0121164494,0.110074745
823.6,0.0121134599,0.110061165
823.7,0.0121106538,0.110048416
823.8,0.0121080378,0.110036529
823.9,0.0121057746,0.110026245
824.0,0.0121038824,0.110017646
824.1,0.0121021692,0.11000986
824.2,0.0121006449,0.110002931
824.3,0.0120995821,0.1099981
824.4,0.0120990722,0.109995783
824.5,0.0120990059,0.109995481
824.6,0.0120992754,0.109996706
824.7,0.0120996839,0.109998563
824.8,0.0121001669,0.110000759
824.9,0.0121006498,0.110002954
825.0,0.0121012887,0.110005857
825.1,0.0121022214,0.110010097
825.2,0.0121033014,0.110015005
825.3,0.0121044733,0.110020331
825.4,0.0121058001,0.110026361
825.5,0.0121072519,0.110032958
825.6,0.0121086631,0.110039371
825.7,0.0121098405,0.11004472
825.8,0.012110754,0.110048871
825.9,0.0121114861,0.110052197
826.0,0.0121122125,0.110055497
826.1,0.0121130364,0.110059241
826.2,0.0121140503,0.110063847
826.3,0.0121153329,0.110069673
826.4,0.0121167962,0.11007632
826.5,0.0121183873,0.110083547
826.6,0.0121198626,0.110090247
826.7,0.0121212672,0.110096627
826.8,0.0121226357,0.110102842
826.9,0.0121241168,0.110109567
827.0,0.0121257655,0.110117053
827.1,0.0121275731,0.110125261
827.2,0.0121296037,0.11013448
827.3,0.0121318427,0.110144645
827.4,0.0121342016,0.110155352
827.5,0.0121366453,0.110166444
827.6,0.0121391435,0.110177781
827.7,0.0121416539,0.110189173
827.8,0.012144189,0.110200676
827.9,0.0121467173,0.110212147
828.0,0.0121492793,0.110223769
828.1,0.0121519608,0.110235933
828.2,0.0121546951,0.110248334
828.3,0.0121574236,0.110260707
828.4,0.0121601309,0.110272983
828.5,0.0121628477,0.110285301
828.6,0.0121656003,0.11029778
828.7,0.0121683844,0.1103104
828.8,0.0121711765,0.110323055
828.9,0.0121738442,0.110335145
829.0,0.012176361,0.11034655
829.1,0.0121786958,0.110357128
829.2,0.0121808156,0.110366732
829.3,0.0121828365,0.110375887
829.4,0.0121849047,0.110385256
829.5,0.0121871257,0.110395316
829.6,0.0121895188,0.110406154
829.7,0.0121919542,0.110417183
829.8,0.0121943083,0.110427842
829.9,0.0121965671,0.110438069
830.0,0.0121986529,0.110447512
830.1,0.0122006134,0.110456387
830.2,0.0122025919,0.110465342
830.3,0.0122045846,0.110474362
830.4,0.0122065702,0.110483348
830.5,0.0122085205,0.110492174
830.6,0.0122105492,0.110501354
830.7,0.0122127536,0.110511328
830.8,0.0122151062,0.110521971
830.9,0.0122176048,0.110533275
831.0,0.0122203441,0.110545665
831.1,0.0122234248,0.110559598
831.2,0.0122268665,0.110575162
831.3,0.0122306337,0.110592195
831.4,0.0122346911,0.110610538
831.5,0.0122390685,0.110630324
831.6,0.0122437618,0.110651533
831.7,0.0122487314,0.110673987
831.8,0.0122539262,0.110697453
831.9,0.0122592841,0.110721651
832.0,0.0122647551,0.110746355
832.1,0.0122703677,0.110771692
832.2,0.0122761594,0.110797831
832.3,0.0122820802,0.110824547
832.4,0.0122881124,0.110851759
832.5,0.0122942597,0.110879483
832.6,0.0123005432,0.110907814
832.7,0.0123069357,0.110936629
832.8,0.0123134254,0.110965875
832.9,0.0123201536,0.110996187
833.0,0.0123271234,0.111027579
833.1,0.0123342008,0.111059447
833.2,0.0123411657,0.111090799
833.3,0.0123478682,0.111120962
833.4,0.0123543462,0.111150107
833.5,0.0123605788,0.11117814
833.6,0.0123666224,0.111205316
833.7,0.0123725391,0.111231916
833.8,0.012378336,0.111257971
833.9,0.0123839718,0.111283295
834.0,0.0123895161,0.111308203
834.1,0.0123950709,0.111333153
834.2,0.0124006567,0.111358236
834.3,0.0124062355,0.111383282
834.4,0.0124118043,0.111408277
834.5,0.0124173962,0.111433371
834.6,0.0124230699,0.111458826
834.7,0.0124287577,0.111484339
834.8,0.0124344161,0.111509713
834.9,0.0124401221,0.111535295
835.0,0.0124460136,0.111561703
835.1,0.0124520214,0.111588626
835.2,0.0124580357,0.111615571
835.3,0.0124639919,0.11164225
835.4,0.0124699055,0.111668731
835.5,0.0124757694,0.111694984
835.6,0.0124816388,0.111721255
835.7,0.0124876215,0.111748027
835.8,0.0124937966,0.111775653
835.9,0.0125002399,0.111804472
836.0,0.012507025,0.111834811
836.1,0.0125140317,0.111866133
836.2,0.012521092,0.111897685
836.3,0.0125281039,0.111929013
836.4,0.0125349096,0.111959411
836.5,0.0125414521,0.111988625
836.6,0.0125477556,0.112016765
836.7,0.0125539187,0.112044271
836.8,0.012559806,0.11207054
836.9,0.01256539,0.112095451
837.0,0.0125706627,0.112118967
837.1,0.0125756252,0.112141095
837.2,0.0125803017,0.112161944
837.3,0.0125847467,0.112181758
837.4,0.0125890188,0.112200797
837.5,0.0125932538,0.112219667
837.6,0.0125975807,0.112238945
837.7,0.0126019119,0.112258238
837.8,0.0126059455,0.112276202
837.9,0.0126094958,0.112292011
838.0,0.0126125034,0.112305402
838.1,0.0126149658,0.112316365
838.2,0.0126169451,0.112325176
838.3,0.012618478,0.112331999
838.4,0.0126196333,0.112337141
838.5,0.0126205433,0.112341192
838.6,0.0126211774,0.112344014
838.7,0.0126216135,0.112345954
838.8,0.012621997,0.112347661
838.9,0.0126223184,0.112349092
839.0,0.0126225558,0.112350148
839.1,0.0126225991,0.112350341
839.2,0.0126222779,0.112348912
839.3,0.0126217278,0.112346463
839.4,0.0126209327,0.112342924
839.5,0.0126198415,0.112338068
839.6,0.0126186012,0.112332547
839.7,0.0126172295,0.112326441
839.8,0.0126156529,0.112319423
839.9,0.0126138707,0.11231149
840.0,0.012611909,0.112302756
840.1,0.0126098226,0.112293466
840.2,0.012607675,0.112283904
840.3,0.0126055074,0.112274251
840.4,0.0126033793,0.112264773
840.5,0.0126013957,0.112255938
840.6,0.0125995765,0.112247835
840.7,0.0125977991,0.112239917
840.8,0.0125960371,0.112232068
840.9,0.0125943351,0.112224485
841.0,0.0125925929,0.112216723
841.1,0.0125906947,0.112208265
841.2,0.0125885471,0.112198695
841.3,0.0125861869,0.112188176
841.4,0.0125837127,0.112177149
841.5,0.0125812499,0.112166171
841.6,0.0125789159,0.112155766
841.7,0.0125767899,0.112146288
841.8,0.0125749094,0.112137903
841.9,0.0125732421,0.112130469
842.0,0.0125716083,0.112123184
842.1,0.0125698482,0.112115334
842.2,0.0125678779,0.112106547
842.3,0.0125656722,0.112096709
842.4,0.0125632853,0.112086062
842.5,0.0125608052,0.112074998
842.6,0.0125584047,0.112064288
842.7,0.0125561317,0.112054146
842.8,0.0125540072,0.112044666
842.9,0.012552081,0.11203607
843.0,0.0125503845,0.112028499
843.1,0.0125488801,0.112021784
843.2,0.0125476303,0.112016205
843.3,0.0125467438,0.112012248
843.4,0.0125462489,0.112010039
843.5,0.0125461707,0.11200969
843.6,0.012546476,0.112011053
843.7,0.0125470817,0.112013757
843.8,0.012547967,0.112017709
843.9,0.0125491617,0.112023041
844.0,0.0125506472,0.112029671
844.1,0.0125523158,0.112037118
844.2,0.0125540159,0.112044705
844.3,0.012555714,0.112052283
844.4,0.0125575075,0.112060285
844.5,0.0125594074,0.112068762
844.6,0.0125614624,0.11207793
844.7,0.0125636774,0.112087811
844.8,0.0125659837,0.112098098
844.9,0.0125683752,0.112108765
845.0,0.0125708536,0.112119818
845.1,0.0125733718,0.112131047
845.2,0.012575874,0.112142204
845.3,0.01257821,0.112152619
845.4,0.0125803138,0.112161998
845.5,0.0125821525,0.112170194
845.6,0.0125836904,0.112177049
845.7,0.0125849952,0.112182865
845.8,0.0125860547,0.112187587
845.9,0.0125868961,0.112191337
846.0,0.012587556,0.112194278
846.1,0.0125880142,0.11219632
846.2,0.012588268,0.112197451
846.3,0.0125883709,0.112197909
846.4,0.0125883591,0.112197857
846.5,0.012588222,0.112197246
846.6,0.0125879529,0.112196047
846.7,0.0125875742,0.112194359
846.8,0.0125871299,0.112192379
846.9,0.0125866639,0.112190302
847.0,0.012586305,0.112188702
847.1,0.0125862411,0.112188418
847.2,0.0125863913,0.112189087
847.3,0.0125863106,0.112188728
847.4,0.0125856612,0.112185833
847.5,0.012584449,0.112180431
847.6,0.012582685,0.112172568
847.7,0.0125805068,0.112162858
847.8,0.012578042,0.11215187
847.9,0.0125752253,0.112139312
848.0,0.0125723234,0.112126372
848.1,0.0125694785,0.112113686
848.2,0.0125667145,0.112101358
848.3,0.0125639368,0.112088968
848.4,0.0125611323,0.112076457
848.5,0.0125581392,0.112063104
848.6,0.0125549408,0.112048832
848.7,0.0125515535,0.112033716
848.8,0.0125479461,0.112017615
848.9,0.0125442113,0.112000943
849.0,0.0125403268,0.111983601
849.1,0.0125363178,0.111965699
849.2,0.0125320712,0.111946734
849.3,0.01252768,0.111927119
849.4,0.0125233556,0.1119078
849.5,0.0125190285,0.111888464
849.6,0.0125145902,0.111868629
849.7,0.0125098497,0.111847439
849.8,0.0125046806,0.111824329
849.9,0.0124992259,0.111799937
850.0,0.0124934997,0.111774325
850.1,0.0124874688,0.111747343
850.2,0.0124811269,0.111718964
850.3,0.0124745577,0.11168956
850.4,0.0124677501,0.11165908
850.5,0.0124607462,0.111627712
850.6,0.0124536339,0.111595851
850.7,0.0124464916,0.111563845
850.8,0.012439402,0.111532067
850.9,0.012432461,0.111500946
851.0,0.0124256519,0.111470408
851.1,0.0124188301,0.111439805
851.2,0.0124118189,0.111408343
851.3,0.0124044755,0.111375381
851.4,0.0123968438,0.111341114
851.5,0.0123890978,0.111306324
851.6,0.0123813124,0.111271346
851.7,0.0123736094,0.111236727
851.8,0.0123660307,0.111202656
851.9,0.0123585297,0.111168924
852.0,0.0123511384,0.111135676
852.1,0.0123438882,0.111103052
852.2,0.0123368651,0.111071442
852.3,0.0123300048,0.111040555
852.4,0.0123233086,0.111010399
852.5,0.0123168568,0.110981335
852.6,0.0123106143,0.110953208
852.7,0.0123044729,0.110925529
852.8,0.0122984355,0.110898312
852.9,0.0122925598,0.110871817
853.0,0.0122868439,0.110846037
853.1,0.0122812538,0.110820818
853.2,0.0122756947,0.110795734
853.3,0.0122700593,0.1107703
853.4,0.0122642378,0.110744019
853.5,0.0122581523,0.11071654
853.6,0.0122518104,0.110687896
853.7,0.012245235,0.11065819
853.8,0.0122384895,0.110627707
853.9,0.0122316436,0.110596761
854.0,0.0122247052,0.110565389
854.1,0.0122177895,0.11053411
854.2,0.0122110028,0.110503406
854.3,0.0122044095,0.110473569
854.4,0.0121981323,0.110445155
854.5,0.0121921841,0.110418223
854.6,0.0121864001,0.110392029
854.7,0.0121805947,0.110365732
854.8,0.0121747905,0.110339433
854.9,0.0121691735,0.110313977
855.0,0.012163765,0.11028946
855.1,0.0121586562,0.110266297
855.2,0.012153945,0.110244932
855.3,0.0121496278,0.11022535
855.4,0.0121457535,0.110207774
855.5,0.0121422973,0.110192093
855.6,0.0121392164,0.110178112
855.7,0.0121363773,0.110165227
855.8,0.0121337111,0.110153126
855.9,0.0121315019,0.110143097
856.0,0.0121300277,0.110136405
856.1,0.0121292697,0.110132964
856.2,0.0121291947,0.110132623
856.3,0.012129775,0.110135258
856.4,0.0121309713,0.110140689
856.5,0.0121327425,0.110148729
856.6,0.0121350269,0.110159098
856.7,0.0121378232,0.11017179
856.8,0.0121411204,0.110186752
856.9,0.0121448442,0.110203649
857.0,0.0121488854,0.110221982
857.1,0.0121533834,0.110242385
857.2,0.0121583857,0.11026507
857.3,0.0121637902,0.110289574
857.4,0.0121696119,0.110315964
857.5,0.0121757648,0.110343848
857.6,0.0121822166,0.110373079
857.7,0.0121889303,0.110403489
857.8,0.0121959106,0.110435097
857.9,0.0122032002,0.110468096
858.0,0.0122108538,0.110502732
858.1,0.0122188547,0.110538928
858.2,0.0122272007,0.110576673
858.3,0.0122359007,0.110616006
858.4,0.012244916,0.110656749
858.5,0.0122541485,0.110698457
858.6,0.0122636269,0.110741261
858.7,0.0122733595,0.110785195
858.8,0.0122832951,0.110830028
858.9,0.0122934226,0.110875708
859.0,0.0123037337,0.110922197
859.1,0.0123142158,0.110969436
859.2,0.0123247698,0.11101698
859.3,0.0123353068,0.111064426
859.4,0.0123458507,0.111111884
859.5,0.0123562942,0.111158869
859.6,0.0123663059,0.111203893
859.7,0.012375563,0.111245508
859.8,0.0123840492,0.111283643
859.9,0.0123919229,0.111319014
860.0,0.0123993653,0.111352437
860.1,0.01240633,0.111383706
860.2,0.0124129777,0.111413543
860.3,0.0124193117,0.111441966
860.4,0.0124251304,0.111468069
860.5,0.0124302941,0.111491229
860.6,0.0124347706,0.111511303
860.7,0.0124385905,0.111528429
860.8,0.0124418261,0.111542934
860.9,0.0124446304,0.111555504
861.0,0.0124471374,0.11156674
861.1,0.0124493863,0.111576818
861.2,0.0124511174,0.111584575
861.3,0.0124519075,0.111588115
861.4,0.0124515779,0.111586638
861.5,0.0124502407,0.111580647
861.6,0.0124480667,0.111570905
861.7,0.0124452329,0.111558204
861.8,0.0124417035,0.111542384
861.9,0.0124372961,0.111522626
862.0,0.0124320507,0.111499106
862.1,0.0124261049,0.11147244
862.2,0.0124194735,0.111442692
862.3,0.0124123143,0.111410566
862.4,0.012404768,0.111376694
862.5,0.0123968147,0.111340984
862.6,0.0123884707,0.111303507
862.7,0.0123798542,0.111264793
862.8,0.0123711072,0.111225479
862.9,0.0123621825,0.111185352
863.0,0.0123530813,0.111144416
863.1,0.0123437051,0.111102228
863.2,0.0123340347,0.111058699
863.3,0.0123243711,0.111015184
863.4,0.0123148534,0.110972309
863.5,0.0123053826,0.110929629
863.6,0.0122959452,0.110887083
863.7,0.0122866665,0.110845237
863.8,0.012277517,0.110803958
863.9,0.0122683945,0.110762785
864.0,0.0122592338,0.110721424
864.1,0.0122500863,0.110680108
864.2,0.0122408596,0.110638418
864.3,0.0122313805,0.110595572
864.4,0.012221556,0.110551147
864.5,0.0122114494,0.110505427
864.6,0.0122010386,0.110458312
864.7,0.0121903558,0.110409944
864.8,0.0121795068,0.110360803
864.9,0.0121686119,0.110311431
865.0,0.0121578311,0.110262555
865.1,0.0121472964,0.110214774
865.2,0.0121371352,0.110168667
865.3,0.0121273871,0.110124416
865.4,0.012117962,0.110081615
865.5,0.0121087214,0.110039636
865.6,0.0120994896,0.10999768
865.7,0.0120902453,0.109955652
865.8,0.0120811247,0.10991417
865.9,0.0120721907,0.109873522
866.0,0.0120632977,0.109833045
866.1,0.0120543757,0.109792421
866.2,0.0120454318,0.109751682
866.3,0.0120365994,0.109711437
866.4,0.0120277823,0.109671246
866.5,0.0120190561,0.109631456
866.6,0.0120106153,0.109592953
866.7,0.012002566,0.109556223
866.8,0.0119948274,0.109520899
866.9,0.0119872766,0.109486422
867.0,0.0119799086,0.109452769
867.1,0.0119728435,0.10942049
867.2,0.0119662431,0.109390325
867.3,0.0119602386,0.109362876
867.4,0.0119547491,0.109337775
867.5,0.0119497198,0.109314774
867.6,0.0119451522,0.10929388
867.7,0.0119410231,0.109274988
867.8,0.0119372228,0.109257598
867.9,0.0119337303,0.109241614
868.0,0.0119307292,0.109227877
868.1,0.0119282155,0.10921637
868.2,0.0119261923,0.109207108
868.3,0.0119247317,0.10920042
868.4,0.0119239412,0.1091968
868.5,0.01192384,0.109196337
868.6,0.011924321,0.109198539
868.7,0.0119254793,0.109203843
868.8,0.0119271952,0.109211699
868.9,0.0119294745,0.109222134
869.0,0.0119323538,0.109235314
869.1,0.0119357397,0.109250811
869.2,0.0119395767,0.10926837
869.3,0.0119438583,0.10928796
869.4,0.0119485167,0.109309271
869.5,0.0119536071,0.109332553
869.6,0.0119591994,0.109358124
869.7,0.0119651659,0.109385401
869.8,0.0119715218,0.10941445
869.9,0.0119781997,0.109444962
870.0,0.011985237,0.109477107
870.1,0.0119927528,0.109511428
870.2,0.0120006305,0.109547389
870.3,0.0120087704,0.109584535
870.4,0.0120171457,0.109622743
870.5,0.0120257259,0.109661871
870.6,0.0120344066,0.109701443
870.7,0.0120431207,0.109741153
870.8,0.0120518694,0.109781007
870.9,0.0120606951,0.109821196
871.0,0.0120696296,0.109861866
871.1,0.0120785413,0.109902417
871.2,0.0120874076,0.109942747
871.3,0.012096186,0.109982662
871.4,0.012104946,0.11002248
871.5,0.012113676,0.110062146
871.6,0.012122327,0.11010144
871.7,0.0121309076,0.1101404
871.8,0.0121394267,0.110179067
871.9,0.0121479169,0.110217589
872.0,0.0121563556,0.110255864
872.1,0.0121647872,0.110294094
872.2,0.0121732433,0.110332422
872.3,0.0121817506,0.110370968
872.4,0.0121903937,0.110410116
872.5,0.0121990331,0.110449233
872.6,0.0122073973,0.110487091
872.7,0.0122153381,0.110523021
872.8,0.0122228342,0.110556927
872.9,0.0122300091,0.110589372
873.0,0.0122368237,0.110620178
873.1,0.012243352,0.110649681
873.2,0.0122498481,0.110679032
873.3,0.0122563626,0.110708458
873.4,0.0122627074,0.110737109
873.5,0.012268907,0.110765098
873.6,0.0122749028,0.11079216
873.7,0.0122804786,0.110817321
873.8,0.0122856371,0.110840593
873.9,0.0122907351,0.110863588
874.0,0.0122957887,0.110886378
874.1,0.0123007984,0.110908965
874.2,0.0123059098,0.110932005
874.3,0.0123112205,0.110955939
874.4,0.0123168076,0.110981114
874.5,0.0123226335,0.111007358
874.6,0.0123287854,0.111035064
874.7,0.0123352975,0.111064385
874.8,0.012342027,0.111094676
874.9,0.0123488947,0.111125581
875.0,0.0123559487,0.111157315
875.1,0.0123632497,0.111190151
875.2,0.0123707332,0.111223798
875.3,0.0123783594,0.111258076
875.4,0.0123861109,0.111292906
875.5,0.0123940535,0.111328583
875.6,0.0124022503,0.111365391
875.7,0.0124107007,0.111403325
875.8,0.0124193377,0.111442082
875.9,0.0124280563,0.111481192
876.0,0.0124366632,0.111519789
876.1,0.0124448424,0.111556454
876.2,0.0124523867,0.111590263
876.3,0.0124594083,0.11162172
876.4,0.0124660787,0.111651595
876.5,0.0124725486,0.111680565
876.6,0.0124788267,0.111708669
876.7,0.0124849013,0.111735855
876.8,0.0124907315,0.111761941
876.9,0.0124963837,0.111787225
877.0,0.0125018958,0.111811877
877.1,0.0125072645,0.111835882
877.2,0.0125125308,0.111859424
877.3,0.0125177739,0.111882858
877.4,0.0125229668,0.111906062
877.5,0.0125280649,0.111928838
877.6,0.0125330687,0.111951189
877.7,0.0125379724,0.111973088
877.8,0.0125428566,0.111994896
877.9,0.0125477579,0.112016775
878.0,0.012552697,0.112038819
878.1,0.0125576939,0.112061117
878.2,0.0125627826,0.11208382
878.3,0.0125680172,0.112107168
878.4,0.0125734387,0.112131346
878.5,0.0125791664,0.112156883
878.6,0.0125852912,0.112184184
878.7,0.0125918405,0.11221337
878.8,0.0125988499,0.112244598
878.9,0.0126061474,0.112277101
879.0,0.0126134055,0.112309418
879.1,0.0126204337,0.112340703
879.2,0.0126270845,0.112370301
879.3,0.012633317,0.112398029
879.4,0.0126392245,0.112424306
879.5,0.0126450115,0.11245004
879.6,0.0126507082,0.112475367
879.7,0.0126564588,0.112500928
879.8,0.0126625503,0.112527998
879.9,0.0126690997,0.112557095
880.0,0.0126760351,0.1125879
880.1,0.0126834479,0.112620815
880.2,0.0126913077,0.112655704
880.3,0.0126994884,0.112692007
880.4,0.0127078984,0.112729315
880.5,0.0127165899,0.112767858
880.6,0.0127255163,0.11280743
880.7,0.0127346289,0.112847813
880.8,0.0127439247,0.112888993
880.9,0.0127533773,0.112930852
881.0,0.0127629411,0.112973188
881.1,0.012772559,0.113015747
881.2,0.0127821876,0.113058337
881.3,0.0127918284,0.113100966
881.4,0.0128014593,0.113143534
881.5,0.0128110038,0.113185705
881.6,0.0128206277,0.113228211
881.7,0.0128304327,0.1132715
881.8,0.0128403051,0.11331507
881.9,0.0128501528,0.113358514
882.0,0.0128600563,0.113402188
882.1,0.0128700967,0.113446449
882.2,0.0128801921,0.113490934
882.3,0.0128901334,0.113534723
882.4,0.0128997571,0.113577097
882.5,0.0129088759,0.113617234
882.6,0.0129173728,0.113654621
882.7,0.0129253361,0.113689648
882.8,0.0129329185,0.11372299
882.9,0.0129402876,0.113755385
883.0,0.0129475723,0.1137874
883.1,0.012954778,0.113819058
883.2,0.0129618057,0.113849926
883.3,0.0129685772,0.113879661
883.4,0.0129751465,0.1139085
883.5,0.0129816026,0.113936836
883.6,0.0129879905,0.113964865
883.7,0.0129942445,0.1139923
883.8,0.0130002555,0.114018663
883.9,0.013005924,0.114043518
884.0,0.0130112144,0.114066711
884.1,0.0130161883,0.114088511
884.2,0.0130208382,0.114108887
884.3,0.0130251341,0.11412771
884.4,0.0130291737,0.114145406
884.5,0.0130330644,0.114162447
884.6,0.0130368592,0.114179066
884.7,0.0130406052,0.114195469
884.8,0.0130441326,0.114210913
884.9,0.013047179,0.114224249
885.0,0.0130497099,0.114235327
885.1,0.0130517678,0.114244334
885.2,0.0130534308,0.114251612
885.3,0.01305461,0.114256772
885.4,0.013055307,0.114259822
885.5,0.0130554697,0.114260534
885.6,0.0130551423,0.114259102
885.7,0.0130543387,0.114255585
885.8,0.0130531541,0.114250401
885.9,0.0130516824,0.11424396
886.0,0.0130501034,0.114237049
886.1,0.0130483345,0.114229307
886.2,0.0130461814,0.114219882
886.3,0.0130435608,0.114208409
886.4,0.013040528,0.114195131
886.5,0.0130370553,0.114179925
886.6,0.0130330232,0.114162267
886.7,0.0130284884,0.114142404
886.8,0.0130235267,0.114120667
886.9,0.0130181533,0.114097122
887.0,0.0130126147,0.114072848
887.1,0.0130070261,0.11404835
887.2,0.0130013192,0.114023328
887.3,0.0129955082,0.113997843
887.4,0.0129895698,0.113971794
887.5,0.0129835223,0.11394526
887.6,0.0129773619,0.113918225
887.7,0.0129710993,0.113890734
887.8,0.012964908,0.11386355
887.9,0.0129589353,0.113837319
888.0,0.0129531592,0.113811947
888.1,0.0129475072,0.113787114
888.2,0.0129419075,0.113762505
888.3,0.0129363355,0.113738012
888.4,0.0129308903,0.113714072
888.5,0.0129258214,0.113691782
888.6,0.0129212323,0.113671598
888.7,0.0129168334,0.113652248
888.8,0.0129125463,0.113633385
888.9,0.0129085932,0.11361599
889.0,0.0129046865,0.113598796
889.1,0.0129011205,0.1135831
889.2,0.0128979413,0.113569103
889.3,0.0128948807,0.113555628
889.4,0.0128918997,0.113542502
889.5,0.0128889927,0.1135297
889.6,0.0128860367,0.11351668
889.7,0.0128830839,0.113503673
889.8,0.0128803007,0.113491412
889.9,0.0128776982,0.113479946
890.0,0.0128753356,0.113469536
890.1,0.0128731815,0.113460044
890.2,0.0128712465,0.113451516
890.3,0.0128695511,0.113444044
890.4,0.0128681203,0.113437737
890.5,0.0128669278,0.113432481
890.6,0.0128659095,0.113427993
890.7,0.0128650268,0.113424102
890.8,0.012864225,0.113420567
890.9,0.0128634885,0.11341732
891.0,0.0128626913,0.113413805
891.1,0.0128617559,0.113409682
891.2,0.0128607086,0.113405064
891.3,0.0128596095,0.113400218
891.4,0.0128584476,0.113395095
891.5,0.012857183,0.113389519
891.6,0.0128557676,0.113383277
891.7,0.0128541846,0.113376296
891.8,0.012852495,0.113368845
891.9,0.0128507303,0.113361062
892.0,0.0128489419,0.113353173
892.1,0.0128471577,0.113345303
892.2,0.0128454289,0.113337676
892.3,0.0128438587,0.113330749
892.4,0.0128424215,0.113324408
892.5,0.0128411814,0.113318937
892.6,0.0128400578,0.113313979
892.7,0.0128387154,0.113308055
892.8,0.0128370877,0.113300873
892.9,0.0128352048,0.113292563
893.0,0.0128331026,0.113283285
893.1,0.0128308594,0.113273383
893.2,0.0128285545,0.113263209
893.3,0.0128262371,0.113252978
893.4,0.0128239003,0.113242661
893.5,0.0128216002,0.113232505
893.6,0.0128194207,0.113222881
893.7,0.0128173817,0.113213876
893.8,0.0128153897,0.113205078
893.9,0.0128134481,0.113196502
894.0,0.0128117263,0.113188896
894.1,0.012810203,0.113182167
894.2,0.0128088716,0.113176286
894.3,0.0128075801,0.11317058
894.4,0.012806237,0.113164646
894.5,0.0128048259,0.11315841
894.6,0.0128033676,0.113151967
894.7,0.0128017971,0.113145027
894.8,0.0128002118,0.113138021
894.9,0.0127987255,0.113131452
895.0,0.0127972928,0.11312512
895.1,0.0127957105,0.113118126
895.2,0.0127938205,0.113109772
895.3,0.0127915871,0.113099899
895.4,0.0127891331,0.11308905
895.5,0.0127863762,0.11307686
895.6,0.0127833633,0.113063537
895.7,0.0127803169,0.113050064
895.8,0.0127772383,0.113036447
895.9,0.0127742857,0.113023385
896.0,0.0127716565,0.113011754
896.1,0.0127693409,0.113001509
896.2,0.0127670324,0.112991294
896.3,0.0127644886,0.112980036
896.4,0.0127616593,0.112967514
896.5,0.0127586187,0.112954056
896.6,0.0127555032,0.112940264
896.7,0.0127523636,0.112926364
896.8,0.0127492999,0.112912798
896.9,0.0127461156,0.112898696
897.0,0.0127427813,0.112883928
897.1,0.0127394581,0.112869208
897.2,0.0127361255,0.112854444
897.3,0.0127328502,0.112839932
897.4,0.0127297896,0.112826369
897.5,0.0127269961,0.112813989
897.6,0.0127245134,0.112802985
897.7,0.0127223581,0.112793431
897.8,0.0127202711,0.112784179
897.9,0.0127180361,0.11277427
898.0,0.0127157246,0.112764022
898.1,0.0127134318,0.112753855
898.2,0.0127109429,0.112742818
898.3,0.0127082154,0.112730721
898.4,0.012705258,0.112717603
898.5,0.0127019899,0.112703105
898.6,0.0126983798,0.112687088
898.7,0.0126944838,0.1126698
898.8,0.0126902417,0.112650973
898.9,0.0126856814,0.11263073
899.0,0.012680953,0.112609738
899.1,0.0126761084,0.112588225
899.2,0.0126711279,0.112566105
899.3,0.0126659902,0.112543281
899.4,0.0126608693,0.112520528
899.5,0.0126558668,0.112498297
899.6,0.0126510049,0.112476686
899.7,0.0126463298,0.112455901
899.8,0.0126417834,0.112435686
899.9,0.0126373921,0.112416156
900.0,0.0126331986,0.112397502
900.1,0.0126291871,0.112379656
900.2,0.0126253366,0.112362523
900.3,0.0126216784,0.112346244
900.4,0.0126183103,0.112331252
900.5,0.0126150589,0.112316779
900.6,0.0126119449,0.112302916
900.7,0.0126090758,0.112290141
900.8,0.0126065384,0.112278842
900.9,0.0126043273,0.112268995
901.0,0.0126021223,0.112259175
901.1,0.0125997367,0.112248549
901.2,0.0125972839,0.112237622
901.3,0.0125948493,0.112226776
901.4,0.0125924013,0.112215869
901.5,0.0125899126,0.11220478
901.6,0.0125874142,0.112193646
901.7,0.0125849142,0.112182504
901.8,0.0125824133,0.112171357
901.9,0.012579907,0.112160185
902.0,0.0125774574,0.112149264
902.1,0.0125750166,0.112138381
902.2,0.0125725286,0.112127287
902.3,0.0125700904,0.112116415
902.4,0.0125676561,0.112105558
902.5,0.0125651387,0.112094329
902.6,0.0125624893,0.112082511
902.7,0.0125597159,0.112070138
902.8,0.0125567223,0.112056782
902.9,0.0125535212,0.112042497
903.0,0.012550187,0.112027617
903.1,0.0125467963,0.112012483
903.2,0.0125434117,0.111997374
903.3,0.0125400595,0.111982407
903.4,0.0125366828,0.111967329
903.5,0.0125332645,0.111952063
903.6,0.0125298252,0.111936702
903.7,0.0125263946,0.111921377
903.8,0.0125229956,0.111906191
903.9,0.0125196243,0.111891127
904.0,0.0125162796,0.11187618
904.1,0.0125128807,0.111860988
904.2,0.0125094294,0.11184556
904.3,0.0125059772,0.111830126
904.4,0.0125025854,0.111814961
904.5,0.0124992466,0.11180003
904.6,0.0124958893,0.111785014
904.7,0.0124924976,0.111769842
904.8,0.0124889614,0.111754022
904.9,0.0124851507,0.111736971
905.0,0.0124811178,0.111718923
905.1,0.01247692,0.111700134
905.2,0.0124725615,0.111680623
905.3,0.0124680704,0.111660514
905.4,0.0124634924,0.111640013
905.5,0.012458912,0.111619496
905.6,0.0124544206,0.111599375
905.7,0.0124500706,0.111579884
905.8,0.0124458635,0.11156103
905.9,0.0124417604,0.11154264
906.0,0.0124377438,0.111524633
906.1,0.0124338281,0.111507076
906.2,0.0124300622,0.111490189
906.3,0.0124264687,0.111474072
906.4,0.0124230126,0.111458569
906.5,0.0124196414,0.111443445
906.6,0.0124163529,0.11142869
906.7,0.0124131363,0.111414255
906.8,0.0124100717,0.111400501
906.9,0.0124072494,0.111387833
907.0,0.0124045811,0.111375855
907.1,0.0124019349,0.111363975
907.2,0.0123992457,0.1113519
907.3,0.0123964899,0.111339525
907.4,0.0123936611,0.111326821
907.5,0.0123907637,0.111313807
907.6,0.0123878404,0.111300676
907.7,0.0123849854,0.111287849
907.8,0.0123822251,0.111275447
907.9,0.0123795417,0.111263389
908.0,0.0123769236,0.111251623
908.1,0.0123743538,0.111240073
908.2,0.0123718419,0.111228782
908.3,0.012369307,0.111217386
908.4,0.012366742,0.111205854
908.5,0.012364217,0.111194501
908.6,0.0123617391,0.111183358
908.7,0.0123593516,0.111172621
908.8,0.0123571361,0.111162656
908.9,0.0123551955,0.111153927
909.0,0.0123536389,0.111146925
909.1,0.0123524964,0.111141785
909.2,0.012351649,0.111137973
909.3,0.0123508892,0.111134554
909.4,0.0123501539,0.111131246
909.5,0.0123495236,0.111128411
909.6,0.0123490283,0.111126182
909.7,0.0123486632,0.111124539
909.8,0.0123484004,0.111123357
909.9,0.0123482467,0.111122665
910.0,0.012348179,0.111122361
910.1,0.0123481243,0.111122115
910.2,0.0123481544,0.11112225
910.3,0.0123482867,0.111122845
910.4,0.0123484067,0.111123385
910.5,0.0123484993,0.111123802
910.6,0.0123485608,0.111124078
910.7,0.0123485752,0.111124143
910.8,0.0123485818,0.111124173
910.9,0.0123486819,0.111124623
911.0,0.0123488879,0.11112555
911.1,0.0123491967,0.11112694
911.2,0.0123495836,0.111128681
911.3,0.0123500708,0.111130872
911.4,0.0123504582,0.111132615
911.5,0.0123507582,0.111133965
911.6,0.0123511282,0.11113563
911.7,0.0123515473,0.111137515
911.8,0.0123520287,0.111139681
911.9,0.0123524795,0.111141709
912.0,0.0123528303,0.111143287
912.1,0.0123530537,0.111144292
912.2,0.0123532048,0.111144972
912.3,0.0123532609,0.111145224
912.4,0.0123531016,0.111144508
912.5,0.0123527457,0.111142906
912.6,0.0123522937,0.111140873
912.7,0.0123517782,0.111138554
912.8,0.0123511697,0.111135816
912.9,0.0123505483,0.111133021
913.0,0.0123499155,0.111130174
913.1,0.012349278,0.111127305
913.2,0.0123488548,0.111125401
913.3,0.0123487139,0.111124767
913.4,0.0123487752,0.111125043
913.5,0.0123489335,0.111125755
913.6,0.0123490661,0.111126352
913.7,0.0123491724,0.11112683
913.8,0.0123493277,0.111127529
913.9,0.0123494956,0.111128285
914.0,0.0123495375,0.111128473
914.1,0.0123493952,0.111127833
914.2,0.0123491525,0.111126741
914.3,0.0123489776,0.111125954
914.4,0.0123488336,0.111125306
914.5,0.0123485782,0.111124157
914.6,0.0123482478,0.11112267
914.7,0.0123479445,0.111121305
914.8,0.0123473982,0.111118847
914.9,0.0123461844,0.111113386
915.0,0.012344169,0.111104316
915.1,0.0123414109,0.111091903
915.2,0.0123383976,0.11107834
915.3,0.012335078,0.111063396
915.4,0.0123312034,0.111045952
915.5,0.0123269531,0.111026813
915.6,0.0123224045,0.111006326
915.7,0.0123175607,0.110984506
915.8,0.0123124137,0.110961316
915.9,0.0123070099,0.110936964
916.0,0.0123014439,0.110911875
916.1,0.0122959558,0.110887131
916.2,0.012290793,0.110863849
916.3,0.0122860421,0.11084242
916.4,0.0122818727,0.110823611
916.5,0.0122783305,0.110807628
916.6,0.0122755389,0.110795031
916.7,0.0122736034,0.110786296
916.8,0.0122724628,0.110781148
916.9,0.0122720208,0.110779153
917.0,0.012272292,0.110780377
917.1,0.0122733516,0.110785159
917.2,0.0122752665,0.110793802
917.3,0.012278083,0.110806511
917.4,0.0122818196,0.110823371
917.5,0.0122863681,0.110843891
917.6,0.0122914979,0.110867028
917.7,0.0122969596,0.110891657
917.8,0.0123028132,0.110918047
917.9,0.0123091073,0.110946416
918.0,0.012315835,0.110976732
918.1,0.012323209,0.11100995
918.2,0.0123311167,0.111045561
918.3,0.0123391902,0.111081907
918.4,0.0123472084,0.111117993
918.5,0.0123553582,0.111154659
918.6,0.0123637712,0.111192496
918.7,0.0123722662,0.111230689
918.8,0.0123808123,0.111269098
918.9,0.0123894556,0.111307931
919.0,0.0123982293,0.111347336
919.1,0.0124071541,0.111387405
919.2,0.0124165182,0.111429432
919.3,0.0124262418,0.111473054
919.4,0.0124361217,0.111517361
919.5,0.0124463264,0.111563105
919.6,0.0124568918,0.111610447
919.7,0.0124676516,0.111658639
919.8,0.0124786022,0.111707664
919.9,0.012489698,0.111757317
920.0,0.0125008018,0.111806984
920.1,0.0125120731,0.111857379
920.2,0.0125235451,0.111908646
920.3,0.0125350983,0.111960253
920.4,0.0125466888,0.112012003
920.5,0.0125584224,0.112064367
920.6,0.0125702598,0.11211717
920.7,0.0125824371,0.112171463
920.8,0.012594894,0.112226975
920.9,0.012607591,0.11228353
921.0,0.0126206062,0.112341471
921.1,0.0126339916,0.11240103
921.2,0.0126478826,0.112462805
921.3,0.0126623302,0.11252702
921.4,0.0126772506,0.112593297
921.5,0.0126925819,0.11266136
921.6,0.0127082424,0.11273084
921.7,0.0127243078,0.112802073
921.8,0.0127407515,0.112874937
921.9,0.0127574998,0.112949103
922.0,0.0127747156,0.113025287
922.1,0.012792552,0.113104164
922.2,0.0128108886,0.113185196
922.3,0.0128294578,0.113267197
922.4,0.0128481838,0.113349829
922.5,0.0128669507,0.113432582
922.6,0.0128856932,0.113515167
922.7,0.0129044127,0.113597591
922.8,0.0129231318,0.113679953
922.9,0.0129417496,0.113761811
923.0,0.0129600874,0.11384238
923.1,0.0129781294,0.113921593
923.2,0.0129959326,0.113999704
923.3,0.0130135174,0.114076805
923.4,0.013030874,0.114152854
923.5,0.0130480631,0.114228119
923.6,0.013065135,0.114302822
923.7,0.0130820137,0.114376631
923.8,0.0130987875,0.114449934
923.9,0.0131155682,0.114523221
924.0,0.0131322228,0.114595911
924.1,0.0131484518,0.114666699
924.2,0.0131641612,0.114735179
924.3,0.0131795428,0.11480219
924.4,0.0131946106,0.114867796
924.5,0.0132091884,0.114931234
924.6,0.0132232266,0.114992289
924.7,0.0132369887,0.115052113
924.8,0.0132505723,0.11511113
924.9,0.013263807,0.115168602
925.0,0.013276867,0.115225288
925.1,0.013289576,0.115280423
925.2,0.0133018916,0.115333827
925.3,0.0133138095,0.115385482
925.4,0.0133253469,0.115435466
925.5,0.0133365398,0.115483937
925.6,0.0133473257,0.115530627
925.7,0.0133576142,0.115575145
925.8,0.0133673898,0.115617429
925.9,0.0133766437,0.115657441
926.0,0.0133851631,0.115694266
926.1,0.0133929669,0.115727987
926.2,0.0134002242,0.115759338
926.3,0.0134069086,0.115788206
926.4,0.013412966,0.11581436
926.5,0.0134183745,0.115837708
926.6,0.0134231149,0.115858167
926.7,0.0134272346,0.115875945
926.8,0.0134307504,0.115891114
926.9,0.0134336626,0.115903678
927.0,0.0134360004,0.115913763
927.1,0.0134378174,0.1159216
927.2,0.0134390691,0.115926999
927.3,0.0134397265,0.115929834
927.4,0.013439815,0.115930216
927.5,0.0134392063,0.115927591
927.6,0.0134377202,0.115921181
927.7,0.0134353695,0.115911041
927.8,0.0134322915,0.115897763
927.9,0.0134285819,0.115881758
928.0,0.0134243901,0.11586367
928.1,0.0134198028,0.115843873
928.2,0.0134147644,0.115822124
928.3,0.0134091829,0.115798026
928.4,0.0134030113,0.115771375
928.5,0.0133963956,0.115742799
928.6,0.0133893073,0.115712175
928.7,0.0133817196,0.115679383
928.8,0.0133737656,0.115644998
928.9,0.0133654522,0.115609049
929.0,0.0133566951,0.115571169
929.1,0.0133476047,0.115531834
929.2,0.0133382819,0.11549148
929.3,0.0133287968,0.115450409
929.4,0.013319099,0.115408401
929.5,0.0133091259,0.115365185
929.6,0.01329886,0.115320683
929.7,0.013288325,0.115274997
929.8,0.0132775965,0.115228454
929.9,0.0132667092,0.115181202
930.0,0.0132556573,0.115133215
930.1,0.0132444256,0.115084428
930.2,0.0132328903,0.115034301
930.3,0.0132209936,0.114982579
930.4,0.0132087875,0.114929489
930.5,0.0131963681,0.114875446
930.6,0.0131837969,0.114820716
930.7,0.0131712139,0.114765909
930.8,0.0131587417,0.114711559
930.9,0.0131462844,0.114657247
931.0,0.0131336709,0.114602229
931.1,0.0131207738,0.114545946
931.2,0.0131075142,0.114488053
931.3,0.0130939508,0.114428802
931.4,0.0130801843,0.114368633
931.5,0.01306624,0.114307655
931.6,0.0130521429,0.114245975
931.7,0.0130380076,0.114184095
931.8,0.0130238778,0.114122205
931.9,0.0130097904,0.114060468
932.0,0.0129958319,0.113999263
932.1,0.0129819989,0.113938575
932.2,0.0129682175,0.113878082
932.3,0.0129545291,0.113817965
932.4,0.0129409228,0.113758177
932.5,0.0129273354,0.11369844
932.6,0.0129138473,0.11363911
932.7,0.0129005707,0.113580679
932.8,0.0128874263,0.113522801
932.9,0.0128741635,0.113464371
933.0,0.012860712,0.113405079
933.1,0.0128471521,0.113345278
933.2,0.0128335121,0.113285092
933.3,0.0128197284,0.113224239
933.4,0.0128057182,0.113162353
933.5,0.0127915026,0.113099525
933.6,0.0127771177,0.113035913
933.7,0.0127625108,0.112971283
933.8,0.012747724,0.112905819
933.9,0.0127328681,0.112840011
934.0,0.0127179922,0.112774076
934.1,0.0127030623,0.112707862
934.2,0.0126880306,0.112641159
934.3,0.012672855,0.112573776
934.4,0.0126575968,0.112505986
934.5,0.0126423251,0.112438094
934.6,0.0126270961,0.112370353
934.7,0.0126119574,0.112302971
934.8,0.0125969454,0.112236115
934.9,0.0125821539,0.112170201
935.0,0.0125675381,0.112105032
935.1,0.0125530323,0.112040316
935.2,0.0125386848,0.111976269
935.3,0.0125245583,0.111913173
935.4,0.0125107192,0.111851326
935.5,0.0124971933,0.111790846
935.6,0.0124840055,0.111731846
935.7,0.0124712007,0.11167453
935.8,0.0124588941,0.111619416
935.9,0.0124471803,0.111566932
936.0,0.0124359429,0.111516559
936.1,0.0124249621,0.111467314
936.2,0.0124141536,0.111418821
936.3,0.0124034855,0.111370937
936.4,0.0123930461,0.111324059
936.5,0.0123828073,0.111278063
936.6,0.0123726866,0.111232579
936.7,0.012362755,0.111187926
936.8,0.0123532513,0.111145181
936.9,0.0123443483,0.111105123
937.0,0.0123361122,0.111068052
937.1,0.0123284457,0.111033534
937.2,0.0123213042,0.11100137
937.3,0.0123146633,0.110971453
937.4,0.0123085567,0.110943935
937.5,0.0123030479,0.110919105
937.6,0.0122981173,0.110896877
937.7,0.0122936599,0.110876778
937.8,0.0122896692,0.110858781
937.9,0.0122862039,0.11084315
938.0,0.0122832445,0.1108298
938.1,0.0122807713,0.110818641
938.2,0.0122788119,0.110809801
938.3,0.0122774256,0.110803545
938.4,0.0122766426,0.110800012
938.5,0.0122764491,0.110799138
938.6,0.0122767783,0.110800624
938.7,0.0122775847,0.110804263
938.8,0.0122788348,0.110809904
938.9,0.0122804844,0.110817347
939.0,0.0122825243,0.11082655
939.1,0.012284956,0.110837521
939.2,0.0122877679,0.110850205
939.3,0.0122909773,0.11086468
939.4,0.0122945793,0.110880924
939.5,0.0122985501,0.110898828
939.6,0.0123028837,0.110918365
939.7,0.012307565,0.110939466
939.8,0.012312553,0.110961944
939.9,0.0123178025,0.110985596
940.0,0.0123232988,0.111010355
940.1,0.0123290066,0.11103606
940.2,0.0123348895,0.111062548
940.3,0.0123408727,0.11108948
940.4,0.0123469066,0.111116635
940.5,0.0123530079,0.111144086
940.6,0.0123592374,0.111172107
940.7,0.0123656122,0.111200774
940.8,0.012372213,0.11123045
940.9,0.0123791006,0.111261407
941.0,0.0123863011,0.11129376
941.1,0.0123938409,0.111327629
941.2,0.0124017396,0.111363098
941.3,0.0124099243,0.11139984
941.4,0.0124181882,0.111436925
941.5,0.0124264213,0.111473859
941.6,0.0124345458,0.111510295
941.7,0.0124424711,0.111545825
941.8,0.0124502338,0.111580616
941.9,0.0124578429,0.111614708
942.0,0.0124653728,0.111648434
942.1,0.01247303,0.11168272
942.2,0.0124809495,0.11171817
942.3,0.0124892036,0.111755105
942.4,0.0124977725,0.111793437
942.5,0.0125065457,0.111832668
942.6,0.0125153839,0.111872177
942.7,0.0125242656,0.111911866
942.8,0.0125332947,0.111952198
942.9,0.0125424482,0.111993072
943.0,0.0125517812,0.112034732
943.1,0.012561378,0.112077553
943.2,0.0125711781,0.112121265
943.3,0.0125811842,0.112165878
943.4,0.012591495,0.112211831
943.5,0.0126021522,0.112259308
943.6,0.0126131827,0.112308427
943.7,0.0126244536,0.112358594
943.8,0.0126358432,0.112409266
943.9,0.0126472567,0.112460023
944.0,0.0126586795,0.112510797
944.1,0.0126701656,0.11256183
944.2,0.0126817104,0.1126131
944.3,0.0126932319,0.112664244
944.4,0.0127046899,0.112715083
944.5,0.0127161259,0.112765801
944.6,0.0127275791,0.112816573
944.7,0.0127390028,0.112867191
944.8,0.0127503767,0.112917566
944.9,0.012761763,0.112967974
945.0,0.0127731179,0.113018219
945.1,0.0127844021,0.11306813
945.2,0.0127956365,0.113117799
945.3,0.012806773,0.113167014
945.4,0.0128177378,0.113215449
945.5,0.0128284983,0.113262961
945.6,0.0128390794,0.113309662
945.7,0.012849556,0.113355882
945.8,0.0128599346,0.113401652
945.9,0.0128701687,0.113446766
946.0,0.0128802763,0.113491305
946.1,0.0128903664,0.113535749
946.2,0.0129004178,0.113580006
946.3,0.0129103634,0.11362378
946.4,0.0129200408,0.113666357
946.5,0.0129295067,0.113707989
946.6,0.0129388047,0.113748867
946.7,0.0129479728,0.11378916
946.8,0.0129570464,0.113829023
946.9,0.0129659756,0.113868238
947.0,0.0129747243,0.113906647
947.1,0.0129832967,0.11394427
947.2,0.0129917643,0.113981421
947.3,0.0130002153,0.114018487
947.4,0.0130086876,0.114055634
947.5,0.0130171559,0.114092751
947.6,0.0130256145,0.114129814
947.7,0.0130340965,0.114166967
947.8,0.013042536,0.114203923
947.9,0.0130509025,0.114240547
948.0,0.0130591139,0.11427648
948.1,0.0130671121,0.11431147
948.2,0.0130749467,0.114345733
948.3,0.0130825943,0.114379169
948.4,0.0130900804,0.114411889
948.5,0.0130972948,0.114443413
948.6,0.0131043392,0.114474186
948.7,0.0131113329,0.114504729
948.8,0.0131182326,0.114534853
948.9,0.0131249698,0.11456426
949.0,0.013131538,0.114592923
949.1,0.0131379726,0.114620995
949.2,0.0131442888,0.114648545
949.3,0.0131505448,0.114675825
949.4,0.0131568617,0.114703364
949.5,0.0131633824,0.114731785
949.6,0.0131700913,0.114761018
949.7,0.0131768055,0.114790267
949.8,0.0131834834,0.114819351
949.9,0.0131902514,0.11484882
950.0,0.013197059,0.114878453
950.1,0.0132038209,0.11490788
950.2,0.0132105923,0.114937341
950.3,0.0132174226,0.11496705
950.4,0.0132244167,0.114997464
950.5,0.0132316464,0.115028894
950.6,0.0132391481,0.115061497
950.7,0.0132469042,0.115095196
950.8,0.0132548639,0.11512977
950.9,0.0132629892,0.115165052
951.0,0.0132712694,0.115200996
951.1,0.0132797311,0.115237716
951.2,0.0132883635,0.115275164
951.3,0.0132971403,0.115313227
951.4,0.0133061091,0.115352109
951.5,0.0133153231,0.115392041
951.6,0.0133248529,0.115433327
951.7,0.0133347648,0.115476252
951.8,0.0133451706,0.1155213
951.9,0.0133561006,0.115568597
952.0,0.0133674893,0.115617859
952.1,0.0133792245,0.115668598
952.2,0.0133911741,0.115720241
952.3,0.0134031567,0.115772003
952.4,0.0134151475,0.115823778
952.5,0.0134271865,0.115875737
952.6,0.0134392762,0.115927892
952.7,0.0134513033,0.115979754
952.8,0.0134632401,0.116031203
952.9,0.0134749854,0.116081805
953.0,0.0134865606,0.116131652
953.1,0.0134981055,0.116181347
953.2,0.0135097707,0.116231539
953.3,0.0135216676,0.116282706
953.4,0.0135337645,0.116334709
953.5,0.0135459175,0.11638693
953.6,0.013558074,0.116439143
953.7,0.01357017,0.116491073
953.8,0.0135822729,0.116543009
953.9,0.0135944308,0.116595158
954.0,0.0136068037,0.116648205
954.1,0.0136194055,0.116702209
954.2,0.013632161,0.116756846
954.3,0.0136450347,0.116811963
954.4,0.0136580126,0.1168675
954.5,0.0136711363,0.116923635
954.6,0.0136843845,0.116980274
954.7,0.0136977875,0.117037547
954.8,0.0137112621,0.117095099
954.9,0.0137247092,0.117152504
955.0,0.0137381449,0.117209833
955.1,0.0137516908,0.117267603
955.2,0.0137654414,0.117326218
955.3,0.0137794421,0.117385868
955.4,0.0137936787,0.117446493
955.5,0.0138079184,0.117507099
955.6,0.013821858,0.117566398
955.7,0.013835472,0.117624283
955.8,0.0138489147,0.117681412
955.9,0.0138623735,0.117738581
956.0,0.0138759573,0.117796253
956.1,0.0138897781,0.117854903
956.2,0.0139038735,0.117914687
956.3,0.0139180892,0.117974952
956.4,0.0139321802,0.118034657
956.5,0.0139458675,0.118092623
956.6,0.0139590153,0.118148277
956.7,0.0139715448,0.118201289
956.8,0.013983352,0.118251224
956.9,0.0139944826,0.118298278
957.0,0.0140050652,0.118342998
957.1,0.0140152427,0.11838599
957.2,0.0140250779,0.118427522
957.3,0.0140345695,0.118467589
957.4,0.0140435789,0.118505607
957.5,0.0140520285,0.118541252
957.6,0.0140599417,0.118574625
957.7,0.0140672431,0.118605409
957.8,0.0140737324,0.118632763
957.9,0.014079327,0.11865634
958.0,0.014084034,0.118676173
958.1,0.014087894,0.118692435
958.2,0.0140909117,0.118705146
958.3,0.0140931252,0.118714469
958.4,0.0140947165,0.118721171
958.5,0.0140956123,0.118724944
958.6,0.0140956596,0.118725143
958.7,0.0140947491,0.118721308
958.8,0.0140930218,0.118714034
958.9,0.0140903156,0.118702635
959.0,0.014086369,0.11868601
959.1,0.0140811964,0.118664217
959.2,0.0140748706,0.11863756
959.3,0.0140675304,0.11860662
959.4,0.0140595103,0.118572806
959.5,0.0140510988,0.118537331
959.6,0.0140423746,0.118500526
959.7,0.0140334118,0.118462702
959.8,0.0140242029,0.118423827
959.9,0.01401474,0.118383867
960.0,0.0140050006,0.118342725
960.1,0.0139949548,0.118300274
960.2,0.0139846643,0.118256773
960.3,0.0139742805,0.118212861
960.4,0.0139638207,0.118168611
960.5,0.0139531357,0.118123392
960.6,0.0139421867,0.118077037
960.7,0.0139308138,0.118028869
960.8,0.0139188808,0.117978306
960.9,0.0139064086,0.117925437
961.0,0.0138934806,0.117870609
961.1,0.0138801686,0.117814128
961.2,0.0138664969,0.117756091
961.3,0.0138525144,0.117696705
961.4,0.0138383326,0.117636442
961.5,0.0138240345,0.117575654
961.6,0.0138095845,0.117514188
961.7,0.013795016,0.117452186
961.8,0.0137803002,0.117389524
961.9,0.0137655202,0.117326553
962.0,0.0137505823,0.117262877
962.1,0.013735597,0.117198963
962.2,0.0137205406,0.117134711
962.3,0.0137054137,0.117070123
962.4,0.0136901501,0.117004915
962.5,0.0136746239,0.116938548
962.6,0.0136589396,0.116871466
962.7,0.0136431586,0.116803932
962.8,0.0136272372,0.116735758
962.9,0.0136111235,0.11666672
963.0,0.0135947645,0.116596589
963.1,0.0135781352,0.116525255
963.2,0.0135613476,0.116453199
963.3,0.0135444581,0.11638066
963.4,0.0135275246,0.116307887
963.5,0.0135106343,0.116235254
963.6,0.0134938795,0.116163159
963.7,0.0134772858,0.116091713
963.8,0.0134607783,0.116020594
963.9,0.0134443721,0.115949869
964.0,0.0134281654,0.115879961
964.1,0.0134122852,0.115811421
964.2,0.0133967565,0.115744358
964.3,0.0133814727,0.115678315
964.4,0.013366401,0.115613152
964.5,0.0133514576,0.115548508
964.6,0.013336607,0.115484228
964.7,0.0133219179,0.115420613
964.8,0.0133073842,0.115357636
964.9,0.0132929643,0.115295118
965.0,0.0132786776,0.115233145
965.1,0.0132645599,0.115171871
965.2,0.0132506675,0.115111544
965.3,0.0132370554,0.115052403
965.4,0.0132237046,0.114994368
965.5,0.0132105504,0.114937158
965.6,0.0131976587,0.114881063
965.7,0.0131851092,0.114826431
965.8,0.0131729476,0.114773462
965.9,0.0131611899,0.114722229
966.0,0.0131498478,0.114672786
966.1,0.0131387803,0.114624519
966.2,0.0131278261,0.114576726
966.3,0.0131168822,0.114528958
966.4,0.0131059395,0.114481175
966.5,0.013095005,0.114433409
966.6,0.0130841077,0.114385784
966.7,0.0130734076,0.114339003
966.8,0.0130629916,0.114293445
966.9,0.0130528517,0.114249078
967.0,0.0130429559,0.114205761
967.1,0.0130333789,0.114163825
967.2,0.0130241888,0.114123568
967.3,0.0130153778,0.114084959
967.4,0.0130069821,0.114048157
967.5,0.012999046,0.114013359
967.6,0.0129915605,0.113980527
967.7,0.0129844845,0.113949482
967.8,0.0129777975,0.113920137
967.9,0.0129714417,0.113892237
968.0,0.0129653881,0.113865658
968.1,0.0129596854,0.113840614
968.2,0.0129543791,0.113817306
968.3,0.0129494849,0.113795803
968.4,0.0129450092,0.113776136
968.5,0.0129409602,0.113758341
968.6,0.0129374583,0.113742949
968.7,0.0129344923,0.11372991
968.8,0.012931952,0.113718741
968.9,0.0129297697,0.113709145
969.0,0.0129279068,0.113700953
969.1,0.012926417,0.113694402
969.2,0.0129252629,0.113689326
969.3,0.0129242287,0.113684778
969.4,0.0129231318,0.113679953
969.5,0.0129219303,0.113674669
969.6,0.0129206629,0.113669094
969.7,0.0129193717,0.113663414
969.8,0.0129180356,0.113657536
969.9,0.0129166192,0.113651305
970.0,0.0129150661,0.113644473
970.1,0.012913472,0.113637459
970.2,0.0129117357,0.113629819
970.3,0.0129098319,0.113621441
970.4,0.012907856,0.113612746
970.5,0.0129058554,0.113603941
970.6,0.0129038529,0.113595127
970.7,0.0129019657,0.11358682
970.8,0.0129002142,0.11357911
970.9,0.0128984817,0.113571483
971.0,0.0128966078,0.113563233
971.1,0.0128944816,0.113553871
971.2,0.0128919873,0.113542888
971.3,0.0128890138,0.113529792
971.4,0.0128858784,0.113515983
971.5,0.0128827257,0.113502095
971.6,0.0128796138,0.113488386
971.7,0.0128767167,0.113475622
971.8,0.0128739876,0.113463596
971.9,0.0128714078,0.113452227
972.0,0.0128689726,0.113441494
972.1,0.0128666656,0.113431326
972.2,0.0128645325,0.113421922
972.3,0.012862639,0.113413575
972.4,0.0128609925,0.113406316
972.5,0.0128596078,0.113400211
972.6,0.0128583913,0.113394847
972.7,0.0128573133,0.113390094
972.8,0.0128564121,0.113386119
972.9,0.0128557598,0.113383243
973.0,0.0128554501,0.113381877
973.1,0.0128554536,0.113381893
973.2,0.0128557225,0.113383079
973.3,0.0128563659,0.113385916
973.4,0.0128574451,0.113390675
973.5,0.0128589251,0.113397201
973.6,0.0128608643,0.113405751
973.7,0.0128632187,0.113416131
973.8,0.0128659368,0.113428113
973.9,0.0128690268,0.113441733
974.0,0.012872531,0.113457177
974.1,0.012876467,0.113474522
974.2,0.0128808627,0.113493888
974.3,0.0128856931,0.113515167
974.4,0.0128910315,0.113538679
974.5,0.0128969026,0.113564531
974.6,0.0129032141,0.113592315
974.7,0.0129099667,0.113622035
974.8,0.0129171977,0.11365385
974.9,0.0129248554,0.113687534
975.0,0.0129329422,0.113723094
975.1,0.012941413,0.113760331
975.2,0.012950192,0.11379891
975.3,0.0129592604,0.113838747
975.4,0.0129685298,0.113879453
975.5,0.0129780044,0.113921045
975.6,0.0129877957,0.113964011
975.7,0.0129978487,0.114008108
975.8,0.0130081227,0.114053157
975.9,0.0130186125,0.114099135
976.0,0.0130293778,0.1141463
976.1,0.0130405575,0.114195261
976.2,0.0130521168,0.114245861
976.3,0.0130638636,0.11429726
976.4,0.013075647,0.114348795
976.5,0.0130873843,0.114400106
976.6,0.0130991066,0.114451329
976.7,0.0131108108,0.114502449
976.8,0.013122422,0.114553141
976.9,0.0131339638,0.114603507
977.0,0.0131454814,0.114653746
977.1,0.0131570436,0.114704157
977.2,0.0131685957,0.114754502
977.3,0.0131800957,0.114804598
977.4,0.0131915661,0.114854543
977.5,0.0132030169,0.114904382
977.6,0.0132144215,0.114953997
977.7,0.0132257146,0.115003107
977.8,0.0132367819,0.115051214
977.9,0.013247478,0.115097689
978.0,0.0132578482,0.11514273
978.1,0.0132678449,0.115186132
978.2,0.0132774728,0.115227917
978.3,0.0132867448,0.115268143
978.4,0.013295745,0.115307177
978.5,0.0133045132,0.115345191
978.6,0.0133130824,0.115382331
978.7,0.0133214925,0.11541877
978.8,0.0133295943,0.115453862
978.9,0.0133372747,0.115487119
979.0,0.0133445242,0.115518502
979.1,0.0133513021,0.115547835
979.2,0.0133575874,0.115575029
979.3,0.0133634165,0.115600245
979.4,0.0133687043,0.115623113
979.5,0.0133733441,0.115643176
979.6,0.013377247,0.115660049
979.7,0.0133803062,0.115673274
979.8,0.0133824959,0.115682738
979.9,0.0133838174,0.11568845
980.0,0.013384256,0.115690345
980.1,0.0133839066,0.115688835
980.2,0.0133828636,0.115684327
980.3,0.0133811925,0.115677104
980.4,0.013378947,0.115667398
980.5,0.0133761387,0.115655258
980.6,0.0133727835,0.115640752
980.7,0.0133689559,0.115624201
980.8,0.0133646864,0.115605737
980.9,0.0133600137,0.115585526
981.0,0.0133550077,0.115563868
981.1,0.0133497754,0.115541228
981.2,0.0133443765,0.115517862
981.3,0.013338776,0.115493619
981.4,0.0133328595,0.115468002
981.5,0.0133264892,0.115440414
981.6,0.013319552,0.115410363
981.7,0.0133120444,0.115377833
981.8,0.0133041424,0.115343584
981.9,0.0132960074,0.115308315
982.0,0.0132877068,0.115272316
982.1,0.0132793607,0.115236108
982.2,0.0132710949,0.115200238
982.3,0.0132629592,0.115164922
982.4,0.0132548592,0.115129749
982.5,0.0132466114,0.115093924
982.6,0.0132381516,0.115057167
982.7,0.0132294543,0.115019365
982.8,0.0132205394,0.114980604
982.9,0.0132114282,0.114940977
983.0,0.0132021413,0.114900572
983.1,0.0131926872,0.114859423
983.2,0.0131830636,0.114817523
983.3,0.0131733828,0.114775358
983.4,0.0131638152,0.114733671
983.5,0.013154418,0.114692711
983.6,0.0131451559,0.114652326
983.7,0.013135873,0.114611836
983.8,0.0131263835,0.11457043
983.9,0.0131165662,0.114527578
984.0,0.0131064094,0.114483228
984.1,0.0130960878,0.114438139
984.2,0.0130857847,0.114393115
984.3,0.0130755352,0.114348307
984.4,0.0130652603,0.11430337
984.5,0.0130548972,0.114258029
984.6,0.0130445349,0.114212674
984.7,0.0130342485,0.114167633
984.8,0.0130240983,0.114123172
984.9,0.0130141602,0.114079622
985.0,0.0130045032,0.114037289
985.1,0.0129951749,0.113996381
985.2,0.0129861782,0.113956914
985.3,0.0129776166,0.113919343
985.4,0.0129695407,0.113883891
985.5,0.0129619475,0.113850549
985.6,0.0129547797,0.113819066
985.7,0.0129480699,0.113789586
985.8,0.0129418539,0.113762269
985.9,0.0129360373,0.113736701
986.0,0.0129305745,0.113712684
986.1,0.0129254657,0.113690218
986.2,0.0129207821,0.113669618
986.3,0.0129165906,0.113651179
986.4,0.0129128493,0.113634719
986.5,0.0129095794,0.11362033
986.6,0.0129067721,0.113607976
986.7,0.0129043915,0.113597498
986.8,0.0129023912,0.113588693
986.9,0.0129006962,0.113581232
987.0,0.0128992301,0.113574777
987.1,0.0128980311,0.113569499
987.2,0.0128971912,0.113565801
987.3,0.0128967948,0.113564056
987.4,0.0128968563,0.113564327
987.5,0.012897381,0.113566637
987.6,0.0128984081,0.113571159
987.7,0.0128999735,0.11357805
987.8,0.0129020835,0.113587339
987.9,0.0129046856,0.113598792
988.0,0.0129077241,0.113612165
988.1,0.0129111916,0.113627424
988.2,0.012915133,0.113644767
988.3,0.0129195598,0.113664241
988.4,0.0129244757,0.113685864
988.5,0.0129299049,0.11370974
988.6,0.0129359271,0.113736217
988.7,0.0129424914,0.113765071
988.8,0.0129495375,0.113796035
988.9,0.0129571199,0.113829346
989.0,0.0129651818,0.113864752
989.1,0.0129735808,0.113901628
989.2,0.0129823193,0.113939981
989.3,0.012991417,0.113979897
989.4,0.0130008624,0.114021325
989.5,0.0130106419,0.114064201
989.6,0.0130207217,0.114108377
989.7,0.0130311362,0.114154002
989.8,0.0130418575,0.114200952
989.9,0.0130527754,0.114248743
990.0,0.0130637821,0.114296903
990.1,0.0130748896,0.114345484
990.2,0.0130859525,0.114393848
990.3,0.0130967941,0.114441225
990.4,0.0131074383,0.114487721
990.5,0.0131179834,0.114533765
990.6,0.013128468,0.114579527
990.7,0.0131389668,0.114625332
990.8,0.0131493148,0.114670462
990.9,0.0131590509,0.114712906
991.0,0.0131680769,0.114752241
991.1,0.013176383,0.114788427
991.2,0.0131839935,0.114821572
991.3,0.0131909795,0.11485199
991.4,0.0131974838,0.114880302
991.5,0.0132036265,0.114907034
991.6,0.0132095065,0.114932617
991.7,0.0132151384,0.114957116
991.8,0.0132204705,0.114980305
991.9,0.0132253331,0.115001448
992.0,0.0132296225,0.115020096
992.1,0.0132333422,0.115036265
992.2,0.0132365326,0.115050131
992.3,0.0132391737,0.115061608
992.4,0.0132413058,0.115070873
992.5,0.0132430738,0.115078555
992.6,0.0132445698,0.115085054
992.7,0.0132458379,0.115090564
992.8,0.0132468739,0.115095065
992.9,0.0132476956,0.115098634
993.0,0.0132482344,0.115100975
993.1,0.0132484799,0.115102041
993.2,0.0132484095,0.115101736
993.3,0.013248062,0.115100226
993.4,0.0132474728,0.115097667
993.5,0.0132465903,0.115093832
993.6,0.0132455064,0.115089124
993.7,0.0132443625,0.115084154
993.8,0.0132431396,0.115078841
993.9,0.013241793,0.11507299
994.0,0.0132403682,0.115066799
994.1,0.0132388629,0.115060257
994.2,0.0132372645,0.115053312
994.3,0.0132356617,0.115046346
994.4,0.0132340681,0.11503942
994.5,0.0132323905,0.115032128
994.6,0.0132306027,0.115024357
994.7,0.0132287307,0.115016219
994.8,0.013226764,0.115007669
994.9,0.013224705,0.114998718
995.0,0.0132226806,0.114989915
995.1,0.0132208474,0.114981944
995.2,0.0132190798,0.114974257
995.3,0.0132170654,0.114965496
995.4,0.0132146141,0.114954835
995.5,0.0132118048,0.114942615
995.6,0.0132088352,0.114929697
995.7,0.013205835,0.114916644
995.8,0.0132028365,0.114903596
995.9,0.0131997303,0.114890079
996.0,0.0131964117,0.114875636
996.1,0.0131927931,0.114859884
996.2,0.0131887812,0.114842419
996.3,0.013184498,0.114823769
996.4,0.0131801154,0.114804684
996.5,0.0131756767,0.11478535
996.6,0.0131711584,0.114765667
996.7,0.0131666281,0.114745928
996.8,0.0131622215,0.114726725
996.9,0.0131581259,0.114708875
997.0,0.0131543964,0.114692617
997.1,0.0131509814,0.114677728
997.2,0.0131478692,0.114664158
997.3,0.01314496,0.114651472
997.4,0.0131422848,0.114639805
997.5,0.0131398749,0.114629294
997.6,0.0131377184,0.114619887
997.7,0.0131359186,0.114612035
997.8,0.0131345327,0.114605989
997.9,0.0131334122,0.1146011
998.0,0.0131325557,0.114597364
998.1,0.0131320033,0.114594953
998.2,0.0131317101,0.114593674
998.3,0.0131318024,0.114594077
998.4,0.0131323314,0.114596385
998.5,0.0131331202,0.114599826
998.6,0.0131340629,0.114603939
998.7,0.0131351309,0.114608599
998.8,0.0131363981,0.114614127
998.9,0.0131378743,0.114620567
999.0,0.0131395797,0.114628006
999.1,0.0131415103,0.114636427
999.2,0.0131436718,0.114645854
999.3,0.013146094,0.114656417
999.4,0.0131486724,0.114667661
999.5,0.0131513325,0.114679259
999.6,0.0131541093,0.114691365
999.7,0.0131570105,0.114704013
999.8,0.0131600524,0.114717272
999.9,0.013163281,0.114731343
1000.0,0.0131667044,0.114746261
1000.1,0.0131702758,0.114761822
1000.2,0.0131739892,0.114777999
1000.3,0.0131777454,0.114794361
1000.4,0.0131815267,0.11481083
1000.5,0.0131854354,0.114827851
1000.6,0.0131894429,0.1148453
1000.7,0.0131932221,0.114861752
1000.8,0.0131965424,0.114876205
1000.9,0.0131993824,0.114888565
1001.0,0.0132018132,0.114899143
1001.1,0.0132039542,0.11490846
1001.2,0.0132058587,0.114916747
1001.3,0.0132075882,0.114924272
1001.4,0.0132092387,0.114931452
1001.5,0.0132109425,0.114938864
1001.6,0.013212577,0.114945974
1001.7,0.0132140849,0.114952533
1001.8,0.0132155792,0.114959033
1001.9,0.0132169356,0.114964932
1002.0,0.0132181496,0.114970212
1002.1,0.0132191702,0.11497465
1002.2,0.0132200155,0.114978326
1002.3,0.0132206893,0.114981256
1002.4,0.0132211092,0.114983082
1002.5,0.0132212885,0.114983862
1002.6,0.013221209,0.114983516
1002.7,0.0132208689,0.114982037
1002.8,0.0132203398,0.114979736
1002.9,0.013219778,0.114977293
1003.0,0.0132193802,0.114975563
1003.1,0.0132192448,0.114974975
1003.2,0.0132192863,0.114975155
1003.3,0.0132192928,0.114975184
1003.4,0.0132190696,0.114974213
1003.5,0.0132185652,0.114972019
1003.6,0.0132178347,0.114968842
1003.7,0.0132169843,0.114965144
1003.8,0.0132161246,0.114961405
1003.9,0.0132154,0.114958253
1004.0,0.0132149904,0.114956472
1004.1,0.0132149285,0.114956202
1004.2,0.0132148906,0.114956038
1004.3,0.0132145773,0.114954675
1004.4,0.0132140926,0.114952567
1004.5,0.0132137011,0.114950864
1004.6,0.0132136161,0.114950494
1004.7,0.0132139496,0.114951945
1004.8,0.013214804,0.114955661
1004.9,0.0132160622,0.114961133
1005.0,0.0132177608,0.114968521
1005.1,0.0132198612,0.114977655
1005.2,0.0132222517,0.11498805
1005.3,0.0132250553,0.11500024
1005.4,0.0132282986,0.115014341
1005.5,0.0132319761,0.115030327
1005.6,0.0132360989,0.115048246
1005.7,0.0132407416,0.115068421
1005.8,0.0132458481,0.115090608
1005.9,0.0132512732,0.115114175
1006.0,0.0132569122,0.115138665
1006.1,0.0132627831,0.115164157
1006.2,0.0132689795,0.115191057
1006.3,0.0132755087,0.115219394
1006.4,0.0132823751,0.115249187
1006.5,0.0132895579,0.115280345
1006.6,0.0132968807,0.115312101
1006.7,0.0133042007,0.115343837
1006.8,0.0133114543,0.115375276
1006.9,0.0133185704,0.115406111
1007.0,0.0133255862,0.115436503
1007.1,0.0133326042,0.115466897
1007.2,0.0133396592,0.115497443
1007.3,0.0133466574,0.115527734
1007.4,0.01335351,0.115557388
1007.5,0.0133601726,0.115586213
1007.6,0.0133666539,0.115614246
1007.7,0.013373011,0.115641736
1007.8,0.013379281,0.115668842
1007.9,0.0133855639,0.115695998
1008.0,0.0133919608,0.11572364
1008.1,0.0133984943,0.115751865
1008.2,0.0134051472,0.115780599
1008.3,0.0134117046,0.115808914
1008.4,0.0134177109,0.115834843
1008.5,0.0134228936,0.115857212
1008.6,0.0134272795,0.115876139
1008.7,0.0134310356,0.115892345
1008.8,0.0134341485,0.115905774
1008.9,0.0134365988,0.115916344
1009.0,0.013438484,0.115924475
1009.1,0.0134399831,0.115930941
1009.2,0.0134412558,0.11593643
1009.3,0.0134423906,0.115941324
1009.4,0.0134434946,0.115946085
1009.5,0.0134444835,0.115950349
1009.6,0.0134450186,0.115952657
1009.7,0.0134447647,0.115951562
1009.8,0.0134434984,0.115946101
1009.9,0.0134413919,0.115937017
1010.0,0.0134388025,0.115925849
1010.1,0.0134357752,0.115912791
1010.2,0.013432387,0.115898175
1010.3,0.0134287047,0.115882288
1010.4,0.0134247607,0.11586527
1010.5,0.013420467,0.115846739
1010.6,0.0134159492,0.115827238
1010.7,0.0134113245,0.115807273
1010.8,0.0134066414,0.115787052
1010.9,0.0134020246,0.115767114
1011.0,0.0133976608,0.115748265
1011.1,0.0133936063,0.115730749
1011.2,0.0133898241,0.115714408
1011.3,0.0133862786,0.115699087
1011.4,0.0133829252,0.115684594
1011.5,0.0133798296,0.115671214
1011.6,0.0133769227,0.115658647
1011.7,0.0133740871,0.115646388
1011.8,0.0133712612,0.11563417
1011.9,0.0133684178,0.115621874
1012.0,0.0133656339,0.115609835
1012.1,0.0133629834,0.115598371
1012.2,0.0133603341,0.115586911
1012.3,0.0133576352,0.115575236
1012.4,0.0133550702,0.115564139
1012.5,0.0133527771,0.115554217
1012.6,0.0133507956,0.115545643
1012.7,0.0133491799,0.115538651
1012.8,0.013347886,0.115533051
1012.9,0.0133467944,0.115528327
1013.0,0.013345743,0.115523777
1013.1,0.0133446272,0.115518948
1013.2,0.0133435192,0.115514151
1013.3,0.0133424509,0.115509527
1013.4,0.0133414305,0.11550511
1013.5,0.013340501,0.115501087
1013.6,0.0133397557,0.11549786
1013.7,0.0133391115,0.115495071
1013.8,0.0133384357,0.115492145
1013.9,0.0133377142,0.115489022
1014.0,0.0133369953,0.11548591
1014.1,0.0133363183,0.115482978
1014.2,0.0133355514,0.115479658
1014.3,0.0133346617,0.115475806
1014.4,0.0133336934,0.115471613
1014.5,0.0133325755,0.115466772
1014.6,0.0133313679,0.115461543
1014.7,0.0133301798,0.115456398
1014.8,0.0133290262,0.115451402
1014.9,0.0133278708,0.115446398
1015.0,0.0133266607,0.115441157
1015.1,0.0133254399,0.115435869
1015.2,0.0133241699,0.115430368
1015.3,0.0133225806,0.115423484
1015.4,0.0133206812,0.115415255
1015.5,0.013318525,0.115405914
1015.6,0.0133160376,0.115395137
1015.7,0.0133132558,0.115383083
1015.8,0.0133102115,0.11536989
1015.9,0.0133069562,0.115355781
1016.0,0.0133036228,0.115341332
1016.1,0.013300392,0.115327325
1016.2,0.0132972397,0.115313658
1016.3,0.0132940988,0.115300038
1016.4,0.0132910338,0.115286746
1016.5,0.0132880474,0.115273793
1016.6,0.0132849467,0.115260343
1016.7,0.0132817771,0.115246593
1016.8,0.0132787811,0.115233594
1016.9,0.0132759653,0.115221375
1017.0,0.0132732602,0.115209636
1017.1,0.0132706365,0.115198249
1017.2,0.0132681208,0.115187329
1017.3,0.0132657567,0.115177067
1017.4,0.0132634138,0.115166895
1017.5,0.0132610023,0.115156425
1017.6,0.0132585479,0.115145768
1017.7,0.013256097,0.115135125
1017.8,0.0132537302,0.115124846
1017.9,0.0132514993,0.115115157
1018.0,0.013249455,0.115106277
1018.1,0.0132475411,0.115097963
1018.2,0.0132456691,0.11508983
1018.3,0.0132437967,0.115081696
1018.4,0.0132419201,0.115073542
1018.5,0.0132400682,0.115065495
1018.6,0.0132382171,0.115057451
1018.7,0.0132363875,0.1150495
1018.8,0.0132346132,0.115041789
1018.9,0.013232896,0.115034325
1019.0,0.0132313029,0.1150274
1019.1,0.0132299008,0.115021306
1019.2,0.0132286507,0.115015871
1019.3,0.0132275399,0.115011043
1019.4,0.0132266153,0.115007023
1019.5,0.013225913,0.115003969
1019.6,0.0132253432,0.115001492
1019.7,0.0132247194,0.11499878
1019.8,0.0132239899,0.114995608
1019.9,0.0132233068,0.114992638
1020.0,0.0132226987,0.114989994
1020.1,0.0132223376,0.114988424
1020.2,0.0132222826,0.114988185
1020.3,0.0132224022,0.114988705
1020.4,0.0132226255,0.114989676
1020.5,0.0132230014,0.11499131
1020.6,0.0132234246,0.11499315
1020.7,0.0132237912,0.114994744
1020.8,0.013224232,0.114996661
1020.9,0.0132247514,0.114998919
1021.0,0.0132252589,0.115001126
1021.1,0.0132258221,0.115003574
1021.2,0.0132265127,0.115006577
1021.3,0.0132274415,0.115010615
1021.4,0.0132286888,0.115016037
1021.5,0.0132301499,0.115022389
1021.6,0.0132317246,0.115029234
1021.7,0.0132332865,0.115036023
1021.8,0.0132345753,0.115041624
1021.9,0.0132357856,0.115046884
1022.0,0.013236957,0.115051975
1022.1,0.0132381465,0.115057145
1022.2,0.0132394806,0.115062942
1022.3,0.0132407601,0.115068502
1022.4,0.0132419434,0.115073643
1022.5,0.0132431038,0.115078685
1022.6,0.0132443366,0.115084041
1022.7,0.0132456332,0.115089674
1022.8,0.0132467953,0.115094723
1022.9,0.0132477275,0.115098773
1023.0,0.0132486479,0.115102771
1023.1,0.0132494573,0.115106287
1023.2,0.0132502267,0.115109629
1023.3,0.0132510259,0.115113101
1023.4,0.0132519078,0.115116931
1023.5,0.0132528287,0.115120931
1023.6,0.0132536752,0.115124607
1023.7,0.0132544747,0.115128079
1023.8,0.0132552809,0.115131581
1023.9,0.0132561913,0.115135535
1024.0,0.0132570211,0.115139138
1024.1,0.0132576452,0.115141848
1024.2,0.0132579737,0.115143275
1024.3,0.013258028,0.11514351
1024.4,0.0132578671,0.115142812
1024.5,0.0132574121,0.115140836
1024.6,0.013256578,0.115137214
1024.7,0.0132552985,0.115131657
1024.8,0.0132533151,0.115123043
1024.9,0.0132506517,0.115111475
1025.0,0.0132473675,0.115097209
1025.1,0.0132435374,0.115080569
1025.2,0.0132391996,0.115061721
1025.3,0.0132343838,0.115040792
1025.4,0.0132291077,0.115017858
1025.5,0.0132234338,0.11499319
1025.6,0.0132174501,0.11496717
1025.7,0.0132110935,0.114939521
1025.8,0.0132042208,0.11490962
1025.9,0.0131967036,0.114876906
1026.0,0.0131885779,0.114841534
1026.1,0.0131798078,0.114803344
1026.2,0.013170468,0.114762659
1026.3,0.0131606303,0.11471979
1026.4,0.0131502795,0.114674668
1026.5,0.0131394243,0.114627328
1026.6,0.0131281149,0.114577986
1026.7,0.0131164748,0.114527179
1026.8,0.013104642,0.114475508
1026.9,0.0130926461,0.114423101
1027.0,0.0130804344,0.114369727
1027.1,0.0130680778,0.114315694
1027.2,0.0130556407,0.114261283
1027.3,0.0130431108,0.114206439
1027.4,0.0130303861,0.114150717
1027.5,0.0130172439,0.114093137
1027.6,0.0130035141,0.114032952
1027.7,0.0129892744,0.113970498
1027.8,0.0129746586,0.113906359
1027.9,0.0129599573,0.113841808
1028.0,0.0129452825,0.113777338
1028.1,0.0129304987,0.113712351
1028.2,0.0129153848,0.113645874
1028.3,0.0128998494,0.113577504
1028.4,0.0128842415,0.113508773
1028.5,0.0128688086,0.113440771
1028.6,0.0128536053,0.113373742
1028.7,0.0128387126,0.113308043
1028.8,0.0128241368,0.113243706
1028.9,0.0128099684,0.113181131
1029.0,0.0127962394,0.113120464
1029.1,0.012783,0.11306193
1029.2,0.0127702667,0.113005605
1029.3,0.0127579228,0.112950975
1029.4,0.0127461307,0.112898763
1029.5,0.0127350155,0.112849526
1029.6,0.0127245329,0.112803071
1029.7,0.0127146322,0.112759178
1029.8,0.0127052968,0.112717775
1029.9,0.0126965954,0.11267917
1030.0,0.0126884687,0.112643103
1030.1,0.0126809465,0.112609709
1030.2,0.0126740253,0.112578974
1030.3,0.012667719,0.112550962
1030.4,0.0126619531,0.112525344
1030.5,0.0126568886,0.112502838
1030.6,0.0126524852,0.112483266
1030.7,0.0126487542,0.112466681
1030.8,0.012645743,0.112453293
1030.9,0.0126434161,0.112442946
1031.0,0.012641772,0.112435635
1031.1,0.012640864,0.112431597
1031.2,0.0126406638,0.112430707
1031.3,0.0126411425,0.112432836
1031.4,0.0126423517,0.112438213
1031.5,0.0126441093,0.112446028
1031.6,0.0126459668,0.112454288
1031.7,0.0126479092,0.112462924
1031.8,0.0126500198,0.112472307
1031.9,0.0126523425,0.112482632
1032.0,0.0126549426,0.112494189
1032.1,0.0126578701,0.1125072
1032.2,0.0126611596,0.112521818
1032.3,0.0126648945,0.112538414
1032.4,0.0126690761,0.112556991
1032.5,0.0126736328,0.11257723
1032.6,0.0126784641,0.112598686
1032.7,0.0126834588,0.112620863
1032.8,0.0126885074,0.112643275
1032.9,0.0126935866,0.112665818
1033.0,0.012698695,0.112688486
1033.1,0.0127038171,0.112711211
1033.2,0.0127088674,0.112733613
1033.3,0.0127139511,0.112756158
1033.4,0.0127190447,0.112778742
1033.5,0.0127238659,0.112800115
1033.6,0.0127282668,0.112819621
1033.7,0.0127323413,0.112837677
1033.8,0.0127360831,0.112854256
1033.9,0.0127394432,0.112869142
1034.0,0.0127425167,0.112882756
1034.1,0.0127454824,0.112895892
1034.2,0.0127482954,0.11290835
1034.3,0.0127508781,0.112919786
1034.4,0.0127533026,0.112930521
1034.5,0.0127555758,0.112940585
1034.6,0.0127576342,0.112949698
1034.7,0.0127594596,0.112957778
1034.8,0.0127611129,0.112965096
1034.9,0.0127626243,0.112971786
1035.0,0.012763834,0.112977139
1035.1,0.0127644897,0.112980041
1035.2,0.0127646355,0.112980686
1035.3,0.012764147,0.112978524
1035.4,0.0127630004,0.11297345
1035.5,0.0127611943,0.112965456
1035.6,0.0127586266,0.112954091
1035.7,0.0127552378,0.112939089
1035.8,0.0127511165,0.112920842
1035.9,0.0127463691,0.112899819
1036.0,0.0127411712,0.112876797
1036.1,0.0127356625,0.112852392
1036.2,0.0127297519,0.112826202
1036.3,0.0127235034,0.112798508
1036.4,0.0127170735,0.112770003
1036.5,0.0127106455,0.112741498
1036.6,0.0127042497,0.11271313
1036.7,0.0126977311,0.11268421
1036.8,0.0126912028,0.112655239
1036.9,0.0126848658,0.112627109
1037.0,0.0126788487,0.112600394
1037.1,0.0126732601,0.112575575
1037.2,0.0126683418,0.112553729
1037.3,0.0126640564,0.11253469
1037.4,0.0126601419,0.112517296
1037.5,0.0126563379,0.112500391
1037.6,0.0126527108,0.112484269
1037.7,0.0126493649,0.112469396
1037.8,0.0126463325,0.112455913
1037.9,0.0126434936,0.112443291
1038.0,0.0126408146,0.112431377
1038.1,0.012638373,0.112420519
1038.2,0.0126361784,0.112410758
1038.3,0.0126342012,0.112401963
1038.4,0.0126324091,0.112393991
1038.5,0.0126308547,0.112387075
1038.6,0.012629609,0.112381533
1038.7,0.0126287229,0.112377591
1038.8,0.0126281398,0.112374996
1038.9,0.0126277916,0.112373447
1039.0,0.0126276807,0.112372954
1039.1,0.0126278185,0.112373567
1039.2,0.0126281687,0.112375125
1039.3,0.0126286491,0.112377262
1039.4,0.0126290457,0.112379027
1039.5,0.0126293114,0.112380209
1039.6,0.0126295735,0.112381375
1039.7,0.0126299417,0.112383013
1039.8,0.0126303537,0.112384846
1039.9,0.0126308343,0.112386985
1040.0,0.0126315533,0.112390183
1040.1,0.0126325489,0.112394612
1040.2,0.0126338256,0.112400292
1040.3,0.0126352753,0.11240674
1040.4,0.0126366823,0.112412999
1040.5,0.0126379699,0.112418726
1040.6,0.0126390428,0.112423497
1040.7,0.0126399402,0.112427488
1040.8,0.0126406821,0.112430788
1040.9,0.0126411804,0.112433004
1041.0,0.0126413911,0.112433941
1041.1,0.0126414196,0.112434068
1041.2,0.0126414279,0.112434105
1041.3,0.0126414353,0.112434138
1041.4,0.0126413633,0.112433817
1041.5,0.0126413942,0.112433955
1041.6,0.0126416445,0.112435068
1041.7,0.0126421313,0.112437233
1041.8,0.0126428497,0.112440428
1041.9,0.0126437738,0.112444537
1042.0,0.0126448974,0.112449533
1042.1,0.0126462183,0.112455406
1042.2,0.0126476897,0.112461948
1042.3,0.0126493759,0.112469444
1042.4,0.012651246,0.112477758
1042.5,0.0126533164,0.112486961
1042.6,0.0126555436,0.11249686
1042.7,0.012657813,0.112506947
1042.8,0.0126600132,0.112516724
1042.9,0.0126621485,0.112526212
1043.0,0.0126642291,0.112535457
1043.1,0.012666318,0.112544738
1043.2,0.0126685425,0.11255462
1043.3,0.0126709212,0.112565187
1043.4,0.0126735196,0.112576728
1043.5,0.0126764066,0.112589549
1043.6,0.0126796052,0.112603753
1043.7,0.012683123,0.112619372
1043.8,0.0126868946,0.112636116
1043.9,0.0126908078,0.112653485
1044.0,0.0126948479,0.112671416
1044.1,0.0126991209,0.112690376
1044.2,0.0127036983,0.112710684
1044.3,0.0127085373,0.112732149
1044.4,0.0127136109,0.112754649
1044.5,0.0127189863,0.112778483
1044.6,0.0127246621,0.112803644
1044.7,0.0127305997,0.112829959
1044.8,0.0127365526,0.112856336
1044.9,0.0127422802,0.112881709
1045.0,0.0127477831,0.112906081
1045.1,0.0127530611,0.112929452
1045.2,0.0127581321,0.112951902
1045.3,0.0127630666,0.112973743
1045.4,0.0127679034,0.112995148
1045.5,0.0127726232,0.113016031
1045.6,0.0127771661,0.113036127
1045.7,0.0127816076,0.113055772
1045.8,0.0127859667,0.113075049
1045.9,0.0127901843,0.113093697
1046.0,0.0127942202,0.113111539
1046.1,0.0127981102,0.113128733
1046.2,0.0128018694,0.113145347
1046.3,0.0128054615,0.113161219
1046.4,0.0128087989,0.113175964
1046.5,0.0128118476,0.113189432
1046.6,0.0128145822,0.113201511
1046.7,0.0128169245,0.113211857
1046.8,0.0128187982,0.113220131
1046.9,0.0128201776,0.113226223
1047.0,0.0128211385,0.113230466
1047.1,0.0128217508,0.11323317
1047.2,0.0128220315,0.113234409
1047.3,0.0128219578,0.113234084
1047.4,0.0128215419,0.113232248
1047.5,0.0128208084,0.113229009
1047.6,0.0128197957,0.113224536
1047.7,0.0128185514,0.113219041
1047.8,0.0128170688,0.113212494
1047.9,0.012815362,0.113204956
1048.0,0.0128134802,0.113196644
1048.1,0.0128114821,0.113187818
1048.2,0.0128094223,0.113178719
1048.3,0.0128072056,0.113168925
1048.4,0.01280497,0.113159047
1048.5,0.0128027162,0.113149088
1048.6,0.0128004642,0.113139136
1048.7,0.0127982126,0.113129185
1048.8,0.0127958879,0.113118911
1048.9,0.0127934732,0.113108236
1049.0,0.0127908816,0.11309678
1049.1,0.0127880338,0.113084189
1049.2,0.0127850255,0.113070887
1049.3,0.0127818988,0.11305706
1049.4,0.0127786116,0.113042521
1049.5,0.0127751172,0.113027064
1049.6,0.0127713095,0.113010218
1049.7,0.0127672523,0.112992267
1049.8,0.0127631736,0.112974216
1049.9,0.0127591007,0.112956189
1050.0,0.0127549509,0.112937819
1050.1,0.0127507588,0.112919258
1050.2,0.0127466047,0.112900862
1050.3,0.012742548,0.112882895
1050.4,0.0127386357,0.112865565
1050.5,0.0127348935,0.112848985
1050.6,0.0127313168,0.112833137
1050.7,0.0127278557,0.112817799
1050.8,0.012724476,0.112802819
1050.9,0.0127211861,0.112788235
1051.0,0.0127180244,0.112774219
1051.1,0.0127150249,0.112760919
1051.2,0.0127121846,0.112748324
1051.3,0.0127095205,0.112736509
1051.4,0.0127069726,0.112725209
1051.5,0.0127044404,0.112713976
1051.6,0.0127019706,0.112703019
1051.7,0.0126996381,0.112692671
1051.8,0.0126974721,0.112683061
1051.9,0.0126954787,0.112674215
1052.0,0.0126936909,0.112666281
1052.1,0.0126921349,0.112659375
1052.2,0.0126908027,0.112653463
1052.3,0.0126896186,0.112648207
1052.4,0.0126885354,0.112643399
1052.5,0.0126875435,0.112638997
1052.6,0.0126866075,0.112634842
1052.7,0.0126858094,0.112631298
1052.8,0.0126851269,0.112628268
1052.9,0.0126845245,0.112625594
1053.0,0.0126840383,0.112623436
1053.1,0.012683682,0.112621854
1053.2,0.0126834514,0.11262083
1053.3,0.0126832885,0.112620107
1053.4,0.0126830728,0.112619149
1053.5,0.0126827051,0.112617517
1053.6,0.0126821797,0.112615184
1053.7,0.0126815213,0.112612261
1053.8,0.0126807414,0.112608798
1053.9,0.0126798505,0.112604842
1054.0,0.0126788539,0.112600417
1054.1,0.0126777339,0.112595443
1054.2,0.0126764919,0.112589928
1054.3,0.0126752196,0.112584278
1054.4,0.0126739545,0.112578659
1054.5,0.0126725714,0.112572516
1054.6,0.0126708873,0.112565036
1054.7,0.0126687736,0.112555647
1054.8,0.0126662423,0.112544402
1054.9,0.0126634058,0.112531799
1055.0,0.0126603688,0.112518304
1055.1,0.0126572186,0.112504305
1055.2,0.0126540321,0.112490142
1055.3,0.0126508337,0.112475925
1055.4,0.0126476378,0.112461717
1055.5,0.0126444306,0.112447457
1055.6,0.0126411662,0.112432941
1055.7,0.0126377743,0.112417856
1055.8,0.0126342158,0.112402028
1055.9,0.0126305123,0.112385552
1056.0,0.0126267262,0.112368707
1056.1,0.0126229135,0.11235174
1056.2,0.0126189986,0.112334316
1056.3,0.0126149517,0.112316302
1056.4,0.0126107261,0.112297489
1056.5,0.012606309,0.112277821
1056.6,0.0126017021,0.112257303
1056.7,0.0125969661,0.112236207
1056.8,0.0125921537,0.112214766
1056.9,0.0125873234,0.112193241
1057.0,0.0125824824,0.112171665
1057.1,0.0125776502,0.112150123
1057.2,0.0125728411,0.112128681
1057.3,0.0125680566,0.112107344
1057.4,0.0125633094,0.11208617
1057.5,0.0125586264,0.112065278
1057.6,0.0125540002,0.112044635
1057.7,0.0125493733,0.112023985
1057.8,0.012544764,0.112003411
1057.9,0.0125402779,0.111983382
1058.0,0.0125358809,0.111963748
1058.1,0.0125315379,0.111944352
1058.2,0.0125271941,0.111924949
1058.3,0.0125227811,0.111905233
1058.4,0.0125181981,0.111884754
1058.5,0.0125133547,0.111863107
1058.6,0.0125082031,0.111840078
1058.7,0.012502787,0.111815862
1058.8,0.0124972072,0.111790908
1058.9,0.0124915859,0.111765764
1059.0,0.0124860302,0.111740906
1059.1,0.0124806275,0.111716729
1059.2,0.012475376,0.111693222
1059.3,0.0124702488,0.111670268
1059.4,0.0124652102,0.111647706
1059.5,0.0124602169,0.111625342
1059.6,0.0124552682,0.111603173
1059.7,0.0124503496,0.111581135
1059.8,0.0124455242,0.11155951
1059.9,0.0124408608,0.111538607
1060.0,0.0124364044,0.111518628
1060.1,0.0124321394,0.111499504
1060.2,0.0124280604,0.111481211
1060.3,0.0124241205,0.111463539
1060.4,0.0124202729,0.111446278
1060.5,0.0124164664,0.111429199
1060.6,0.0124127264,0.111412416
1060.7,0.0124091191,0.111396226
1060.8,0.012405579,0.111380335
1060.9,0.0124021477,0.11136493
1061.0,0.0123988591,0.111350164
1061.1,0.0123956395,0.111335706
1061.2,0.0123924511,0.111321386
1061.3,0.0123892864,0.111307171
1061.4,0.0123861259,0.111292973
1061.5,0.0123829307,0.111278618
1061.6,0.0123796702,0.111263967
1061.7,0.0123764284,0.111249397
1061.8,0.0123732823,0.111235256
1061.9,0.0123702095,0.111221444
1062.0,0.0123672311,0.111208053
1062.1,0.0123643872,0.111195266
1062.2,0.0123616902,0.111183138
1062.3,0.0123591789,0.111171844
1062.4,0.0123568844,0.111161524
1062.5,0.0123547787,0.111152052
1062.6,0.012352879,0.111143506
1062.7,0.0123511225,0.111135604
1062.8,0.0123493074,0.111127438
1062.9,0.012347439,0.111119031
1063.0,0.012345676,0.111111098
1063.1,0.0123440849,0.111103938
1063.2,0.0123427393,0.111097882
1063.3,0.0123416706,0.111093072
1063.4,0.0123408277,0.111089278
1063.5,0.0123400871,0.111085945
1063.6,0.0123395606,0.111083575
1063.7,0.0123393521,0.111082637
1063.8,0.0123394272,0.111082975
1063.9,0.0123397719,0.111084526
1064.0,0.0123403911,0.111087313
1064.1,0.0123413128,0.111091461
1064.2,0.0123423835,0.11109628
1064.3,0.0123434849,0.111101237
1064.4,0.012344668,0.111106562
1064.5,0.0123459855,0.11111249
1064.6,0.0123474613,0.111119131
1064.7,0.0123490958,0.111126486
1064.8,0.012350858,0.111134414
1064.9,0.0123526652,0.111142545
1065.0,0.0123544674,0.111150652
1065.1,0.0123563056,0.11115892
1065.2,0.0123581957,0.111167422
1065.3,0.0123601059,0.111176013
1065.4,0.0123621097,0.111185025
1065.5,0.0123642567,0.111194679
1065.6,0.0123665937,0.111205188
1065.7,0.0123691203,0.111216547
1065.8,0.0123717933,0.111228563
1065.9,0.0123745616,0.111241007
1066.0,0.0123774219,0.111253863
1066.1,0.0123805,0.111267695
1066.2,0.0123837723,0.111282399
1066.3,0.0123871615,0.111297626
1066.4,0.012390673,0.1113134
1066.5,0.012394248,0.111329457
1066.6,0.0123979659,0.111346154
1066.7,0.0124019571,0.111364075
1066.8,0.0124062261,0.11138324
1066.9,0.0124105893,0.111402825
1067.0,0.0124150919,0.111423031
1067.1,0.0124197945,0.111444132
1067.2,0.0124246369,0.111465855
1067.3,0.0124295302,0.111487803
1067.4,0.0124344992,0.111510085
1067.5,0.0124394762,0.1115324
1067.6,0.0124444837,0.111554846
1067.7,0.0124496862,0.111578162
1067.8,0.0124551363,0.111602582
1067.9,0.0124607922,0.111627918
1068.0,0.0124666305,0.111654066
1068.1,0.0124726596,0.111681062
1068.2,0.0124788581,0.111708809
1068.3,0.0124851724,0.111737068
1068.4,0.0124915968,0.111765812
1068.5,0.0124980544,0.111794697
1068.6,0.0125044821,0.111823441
1068.7,0.0125108283,0.111851814
1068.8,0.0125168127,0.111878562
1068.9,0.0125221799,0.111902546
1069.0,0.0125267451,0.111922943
1069.1,0.0125305292,0.111939846
1069.2,0.01253372,0.111954098
1069.3,0.0125364303,0.111966201
1069.4,0.0125389141,0.111977293
1069.5,0.0125413113,0.111987996
1069.6,0.0125436445,0.111998413
1069.7,0.0125458704,0.11200835
1069.8,0.0125479677,0.112017711
1069.9,0.0125500274,0.112026905
1070.0,0.0125520823,0.112036076
1070.1,0.0125541447,0.112045279
1070.2,0.012556254,0.112054692
1070.3,0.0125584155,0.112064336
1070.4,0.012560648,0.112074297
1070.5,0.0125629526,0.112084578
1070.6,0.0125652803,0.112094961
1070.7,0.0125674957,0.112104842
1070.8,0.0125694475,0.112113547
1070.9,0.0125710166,0.112120545
1071.0,0.012572114,0.112125439
1071.1,0.0125724884,0.112127108
1071.2,0.0125719535,0.112124723
1071.3,0.0125706452,0.112118889
1071.4,0.0125687424,0.112110403
1071.5,0.0125664765,0.112100296
1071.6,0.0125639419,0.112088991
1071.7,0.0125612691,0.112077068
1071.8,0.012558531,0.112064852
1071.9,0.0125557446,0.112052419
1072.0,0.0125529247,0.112039835
1072.1,0.0125500311,0.112026921
1072.2,0.0125471428,0.112014029
1072.3,0.0125442786,0.112001244
1072.4,0.0125414072,0.111988424
1072.5,0.0125386797,0.111976246
1072.6,0.0125361378,0.111964896
1072.7,0.012533718,0.111954089
1072.8,0.0125314176,0.111943814
1072.9,0.0125292678,0.111934212
1073.0,0.0125272962,0.111925404
1073.1,0.0125254956,0.111917361
1073.2,0.0125238613,0.111910059
1073.3,0.0125224056,0.111903555
1073.4,0.0125211928,0.111898136
1073.5,0.0125201509,0.11189348
1073.6,0.0125191094,0.111888826
1073.7,0.0125178789,0.111883327
1073.8,0.0125164639,0.111877003
1073.9,0.0125148034,0.111869582
1074.0,0.0125130559,0.111861772
1074.1,0.0125112906,0.111853881
1074.2,0.0125094997,0.111845875
1074.3,0.0125076637,0.111837667
1074.4,0.0125056918,0.111828851
1074.5,0.0125035399,0.111819229
1074.6,0.0125010552,0.111808118
1074.7,0.0124981168,0.111794977
1074.8,0.0124948055,0.111780166
1074.9,0.0124912068,0.111764068
1075.0,0.0124873955,0.111747016
1075.1,0.0124834489,0.111729356
1075.2,0.0124794884,0.111711631
1075.3,0.0124755246,0.111693888
1075.4,0.0124715798,0.111676228
1075.5,0.0124677163,0.111658929
1075.6,0.0124639497,0.111642061
1075.7,0.0124602891,0.111625665
1075.8,0.0124567803,0.111609947
1075.9,0.0124534061,0.11159483
1076.0,0.0124500978,0.111580006
1076.1,0.0124469081,0.111565712
1076.2,0.0124439127,0.111552287
1076.3,0.0124410523,0.111539465
1076.4,0.0124382768,0.111527023
1076.5,0.0124355077,0.111514608
1076.6,0.0124326963,0.111502001
1076.7,0.0124297783,0.111488916
1076.8,0.0124267471,0.111475321
1076.9,0.0124236368,0.111461369
1077.0,0.0124204577,0.111447107
1077.1,0.0124172812,0.111432855
1077.2,0.0124142485,0.111419246
1077.3,0.0124114962,0.111406895
1077.4,0.0124090779,0.111396041
1077.5,0.0124068615,0.111386092
1077.6,0.0124045601,0.111375761
1077.7,0.0124019969,0.111364253
1077.8,0.0123992088,0.111351734
1077.9,0.0123961797,0.111338132
1078.0,0.0123928217,0.111323051
1078.1,0.0123892783,0.111307135
1078.2,0.012385748,0.111291275
1078.3,0.0123823591,0.111276049
1078.4,0.0123793023,0.111262313
1078.5,0.0123766309,0.111250308
1078.6,0.0123743906,0.111240238
1078.7,0.0123726256,0.111232305
1078.8,0.0123713198,0.111226435
1078.9,0.012370416,0.111222372
1079.0,0.0123699303,0.111220188
1079.1,0.0123698888,0.111220002
1079.2,0.0123700737,0.111220833
1079.3,0.0123703541,0.111222094
1079.4,0.0123707451,0.111223851
1079.5,0.0123712081,0.111225933
1079.6,0.0123718186,0.111228677
1079.7,0.0123727328,0.111232786
1079.8,0.0123739603,0.111238304
1079.9,0.0123755526,0.111245461
1080.0,0.0123774319,0.111253908
1080.1,0.0123795068,0.111263232
1080.2,0.0123816226,0.11127274
1080.3,0.0123837388,0.111282248
1080.4,0.012386024,0.111292516
1080.5,0.0123885247,0.11130375
1080.6,0.0123912389,0.111315942
1080.7,0.0123941993,0.111329238
1080.8,0.0123975717,0.111344383
1080.9,0.01240153,0.111362157
1081.0,0.0124060863,0.111382612
1081.1,0.0124112504,0.111405791
1081.2,0.0124170098,0.111431637
1081.3,0.0124232692,0.11145972
1081.4,0.0124299449,0.111489663
1081.5,0.0124369233,0.111520955
1081.6,0.0124441111,0.111553176
1081.7,0.0124514624,0.111586121
1081.8,0.0124589014,0.111619449
1081.9,0.0124664356,0.111653193
1082.0,0.0124741156,0.11168758
1082.1,0.0124819918,0.111722835
1082.2,0.0124900548,0.111758914
1082.3,0.0124981815,0.111795266
1082.4,0.012506338,0.11183174
1082.5,0.0125146431,0.111868866
1082.6,0.0125231997,0.111907103
1082.7,0.0125319049,0.111945991
1082.8,0.0125406418,0.111985007
1082.9,0.0125492985,0.112023652
1083.0,0.0125576743,0.112061029
1083.1,0.0125654967,0.112095927
1083.2,0.012572608,0.112127642
1083.3,0.0125789778,0.112156042
1083.4,0.0125846303,0.112181238
1083.5,0.012589688,0.112203779
1083.6,0.0125942195,0.11222397
1083.7,0.0125982091,0.112241744
1083.8,0.0126017909,0.112257699
1083.9,0.0126051252,0.112272549
1084.0,0.0126082894,0.112286639
1084.1,0.0126112497,0.112299821
1084.2,0.0126141267,0.112312629
1084.3,0.0126170123,0.112325475
1084.4,0.0126197906,0.112337841
1084.5,0.012622413,0.112349513
1084.6,0.0126246892,0.112359642
1084.7,0.0126262259,0.11236648
1084.8,0.0126267373,0.112368756
1084.9,0.0126263309,0.112366948
1085.0,0.0126252322,0.112362059
1085.1,0.0126235348,0.112354505
1085.2,0.012621378,0.112344907
1085.3,0.0126188548,0.112333676
1085.4,0.012616025,0.11232108
1085.5,0.0126129253,0.112307281
1085.6,0.012609516,0.112292101
1085.7,0.0126058252,0.112275666
1085.8,0.0126019005,0.112258187
1085.9,0.0125977309,0.112239614
1086.0,0.0125933369,0.112220038
1086.1,0.0125888358,0.112199981
1086.2,0.0125843554,0.112180013
1086.3,0.0125799701,0.112160466
1086.4,0.0125757388,0.112141601
1086.5,0.0125717399,0.11212377
1086.6,0.0125680108,0.11210714
1086.7,0.0125645683,0.112091785
1086.8,0.0125613811,0.112077567
1086.9,0.0125584278,0.112064391
1087.0,0.0125557307,0.112052357
1087.1,0.0125533742,0.112041841
1087.2,0.0125513559,0.112032834
1087.3,0.01254951,0.112024596
1087.4,0.0125477656,0.112016809
1087.5,0.012546176,0.112009714
1087.6,0.0125446403,0.112002859
1087.7,0.0125431202,0.111996072
1087.8,0.0125417576,0.111989989
1087.9,0.0125404622,0.111984205
1088.0,0.0125392176,0.111978648
1088.1,0.0125381135,0.111973718
1088.2,0.0125371043,0.111969211
1088.3,0.0125361269,0.111964847
1088.4,0.0125352001,0.111960708
1088.5,0.012534396,0.111957117
1088.6,0.0125337308,0.111954146
1088.7,0.0125331951,0.111951753
1088.8,0.012532737,0.111949708
1088.9,0.0125322869,0.111947697
1089.0,0.0125318697,0.111945834
1089.1,0.0125315025,0.111944194
1089.2,0.0125311607,0.111942667
1089.3,0.012530837,0.111941221
1089.4,0.0125305101,0.111939761
1089.5,0.0125301854,0.111938311
1089.6,0.0125299315,0.111937176
1089.7,0.0125297813,0.111936506
1089.8,0.0125297656,0.111936435
1089.9,0.0125299466,0.111937244
1090.0,0.01253025,0.111938599
1090.1,0.0125303638,0.111939108
1090.2,0.0125300438,0.111937678
1090.3,0.0125292577,0.111934167
1090.4,0.0125280384,0.11192872
1090.5,0.0125263478,0.111921168
1090.6,0.0125242756,0.11191191
1090.7,0.0125219512,0.111901525
1090.8,0.012519466,0.11189042
1090.9,0.012516907,0.111878984
1091.0,0.0125143551,0.111867579
1091.1,0.0125118652,0.111856449
1091.2,0.0125093928,0.111845397
1091.3,0.0125069345,0.111834406
1091.4,0.0125045443,0.11182372
1091.5,0.0125021781,0.111813139
1091.6,0.0124997532,0.111802295
1091.7,0.0124971975,0.111790865
1091.8,0.0124945748,0.111779134
1091.9,0.0124918916,0.111767131
1092.0,0.0124891008,0.111754646
1092.1,0.0124862352,0.111741824
1092.2,0.0124833641,0.111728976
1092.3,0.0124805203,0.111716249
1092.4,0.0124776464,0.111703386
1092.5,0.0124746912,0.111690157
1092.6,0.0124716275,0.111676441
1092.7,0.012468416,0.111662062
1092.8,0.0124650616,0.11164704
1092.9,0.0124616928,0.111631952
1093.0,0.0124583122,0.111616809
1093.1,0.012454712,0.111600681
1093.2,0.0124506894,0.111582657
1093.3,0.0124462708,0.111562856
1093.4,0.0124417121,0.111542423
1093.5,0.0124371267,0.111521866
1093.6,0.012432281,0.111500139
1093.7,0.0124269459,0.111476212
1093.8,0.0124211248,0.1114501
1093.9,0.0124147982,0.111421713
1094.0,0.0124079921,0.111391167
1094.1,0.0124007118,0.111358483
1094.2,0.0123930908,0.111324259
1094.3,0.0123852798,0.111289172
1094.4,0.0123774236,0.11125387
1094.5,0.0123695757,0.111218594
1094.6,0.0123617013,0.111183188
1094.7,0.0123538665,0.111147949
1094.8,0.0123462066,0.111113485
1094.9,0.012338762,0.11107998
1095.0,0.0123315218,0.111047385
1095.1,0.0123244382,0.111015486
1095.2,0.0123175344,0.110984388
1095.3,0.0123107035,0.11095361
1095.4,0.0123037679,0.110922351
1095.5,0.0122966681,0.110890343
1095.6,0.0122894476,0.110857781
1095.7,0.0122819913,0.110824146
1095.8,0.0122743397,0.110789619
1095.9,0.0122666903,0.110755091
1096.0,0.0122589998,0.110720367
1096.1,0.0122512522,0.110685375
1096.2,0.0122434486,0.110650118
1096.3,0.0122355131,0.110614254
1096.4,0.0122274878,0.110577972
1096.5,0.0122193778,0.110541295
1096.6,0.0122111388,0.110504022
1096.7,0.0122028081,0.110466321
1096.8,0.012194397,0.110428244
1096.9,0.0121858852,0.110389697
1097.0,0.0121771737,0.110350232
1097.1,0.012168235,0.110309723
1097.2,0.0121590458,0.110268064
1097.3,0.0121497231,0.110225783
1097.4,0.0121403596,0.1101833
1097.5,0.0121310241,0.110140928
1097.6,0.0121217597,0.110098863
1097.7,0.0121124939,0.110056776
1097.8,0.012103134,0.110014245
1097.9,0.0120937577,0.109971622
1098.0,0.0120843509,0.109928845
1098.1,0.0120749024,0.109885861
1098.2,0.0120654716,0.10984294
1098.3,0.0120561181,0.109800356
1098.4,0.0120468163,0.109757989
1098.5,0.012037513,0.109715601
1098.6,0.012028216,0.109673223
1098.7,0.0120187629,0.109630119
1098.8,0.0120090497,0.10958581
1098.9,0.0119992481,0.109541079
1099.0,0.011989356,0.109495918
1099.1,0.0119793755,0.109450333
1099.2,0.0119693644,0.109404591
1099.3,0.0119594366,0.109359209
1099.4,0.0119496564,0.109314484
1099.5,0.0119400266,0.109270429
1099.6,0.0119305589,0.109227098
1099.7,0.0119213094,0.109184749
1099.8,0.0119123536,0.109143729
1099.9,0.011903661,0.1091039
1100.0,0.011895193,0.109065086
1100.1,0.0118869544,0.10902731
1100.2,0.0118789724,0.108990699
1100.3,0.0118713067,0.108955526
1100.4,0.0118639292,0.108921665
1100.5,0.0118566628,0.108888304
1100.6,0.011849526,0.108855528
1100.7,0.0118425512,0.108823487
1100.8,0.0118358022,0.108792473
1100.9,0.0118293195,0.108762675
1101.0,0.0118230158,0.108733692
1101.1,0.011816876,0.108705455
1101.2,0.0118109952,0.108678403
1101.3,0.0118054046,0.108652679
1101.4,0.0118000679,0.108628117
1101.5,0.0117950539,0.108605036
1101.6,0.0117904597,0.108583883
1101.7,0.0117862698,0.108564588
1101.8,0.0117824392,0.108546945
1101.9,0.0117788435,0.108530381
1102.0,0.0117752382,0.10851377
1102.1,0.011771684,0.108497392
1102.2,0.0117681495,0.108481102
1102.3,0.011764758,0.108465469
1102.4,0.0117614969,0.108450435
1102.5,0.0117583411,0.108435885
1102.6,0.011755284,0.108421788
1102.7,0.0117523883,0.108408433
1102.8,0.011749615,0.108395641
1102.9,0.0117469493,0.108383344
1103.0,0.0117444133,0.108371644
1103.1,0.0117419299,0.108360186
1103.2,0.01173941,0.108348558
1103.3,0.0117368063,0.108336542
1103.4,0.0117340994,0.108324048
1103.5,0.0117311636,0.108310496
1103.6,0.0117276358,0.108294209
1103.7,0.0117231575,0.108273531
1103.8,0.0117178048,0.10824881
1103.9,0.0117118783,0.108221432
1104.0,0.0117054015,0.108191504
1104.1,0.0116985359,0.10815977
1104.2,0.0116912801,0.108126223
1104.3,0.0116836007,0.108090706
1104.4,0.0116754089,0.108052806
1104.5,0.0116666465,0.108012252
1104.6,0.011657546,0.107970116
1104.7,0.0116481669,0.107926674
1104.8,0.0116385486,0.107882105
1104.9,0.0116288532,0.107837161
1105.0,0.0116190754,0.107791815
1105.1,0.0116092085,0.107746037
1105.2,0.0115991905,0.107699538
1105.3,0.0115888765,0.107651644
1105.4,0.0115783793,0.107602878
1105.5,0.0115677677,0.107553557
1105.6,0.0115571025,0.107503965
1105.7,0.0115465267,0.107454766
1105.8,0.0115361539,0.107406489
1105.9,0.0115259972,0.107359197
1106.0,0.0115161427,0.107313292
1106.1,0.0115067274,0.107269415
1106.2,0.0114978206,0.107227891
1106.3,0.0114893292,0.107188288
1106.4,0.0114811205,0.107149991
1106.5,0.0114731472,0.107112778
1106.6,0.0114654109,0.107076659
1106.7,0.0114579969,0.107042033
1106.8,0.011450937,0.107009051
1106.9,0.0114442584,0.106977841
1107.0,0.011437929,0.106948254
1107.1,0.0114319851,0.106920462
1107.2,0.0114265084,0.106894847
1107.3,0.0114214645,0.106871252
1107.4,0.0114168965,0.106849879
1107.5,0.0114128205,0.106830803
1107.6,0.0114093022,0.106814335
1107.7,0.0114063486,0.106800509
1107.8,0.0114039554,0.106789304
1107.9,0.0114022133,0.106781147
1108.0,0.0114009516,0.106775239
1108.1,0.0113999613,0.106770601
1108.2,0.0113991826,0.106766955
1108.3,0.0113987617,0.106764983
1108.4,0.0113988085,0.106765202
1108.5,0.0113993722,0.106767843
1108.6,0.0114004709,0.106772988
1108.7,0.0114021708,0.106780948
1108.8,0.0114045924,0.106792286
1108.9,0.0114077871,0.106807243
1109.0,0.0114117121,0.106825615
1109.1,0.0114163742,0.106847434
1109.2,0.0114217741,0.1068727
1109.3,0.0114279063,0.106901386
1109.4,0.0114347333,0.106933312
1109.5,0.0114421588,0.106968027
1109.6,0.0114500635,0.107004969
1109.7,0.0114584992,0.107044379
1109.8,0.0114675024,0.107086425
1109.9,0.0114770931,0.107131196
1110.0,0.0114872669,0.107178668
1110.1,0.0114980187,0.107228815
1110.2,0.0115093855,0.107281804
1110.3,0.0115213405,0.107337508
1110.4,0.0115338527,0.107395776
1110.5,0.0115469579,0.107456772
1110.6,0.0115605934,0.1075202
1110.7,0.0115747017,0.107585788
1110.8,0.0115893631,0.107653904
1110.9,0.0116045585,0.107724456
1111.0,0.0116201104,0.107796616
1111.1,0.0116359416,0.107870022
1111.2,0.0116520447,0.107944637
1111.3,0.0116683956,0.108020348
1111.4,0.0116850316,0.108097325
1111.5,0.011701888,0.108175265
1111.6,0.01171882,0.108253499
1111.7,0.0117357532,0.108331682
1111.8,0.0117526494,0.108409637
1111.9,0.0117695445,0.108487531
1112.0,0.0117864507,0.108565421
1112.1,0.0118033774,0.10864335
1112.2,0.0118203359,0.108721368
1112.3,0.0118372541,0.108799146
1112.4,0.0118540447,0.108876281
1112.5,0.0118705615,0.108952106
1112.6,0.0118866942,0.109026117
1112.7,0.0119024,0.109098121
1112.8,0.0119175913,0.109167721
1112.9,0.0119322606,0.109234887
1113.0,0.0119465423,0.109300239
1113.1,0.011960568,0.109364382
1113.2,0.0119743942,0.109427575
1113.3,0.0119878766,0.109489162
1113.4,0.0120007655,0.109548006
1113.5,0.0120129124,0.109603433
1113.6,0.0120242314,0.109655056
1113.7,0.0120347579,0.109703044
1113.8,0.0120447386,0.109748524
1113.9,0.0120540931,0.109791134
1114.0,0.0120627445,0.109830526
1114.1,0.0120705798,0.109866191
1114.2,0.0120776826,0.109898511
1114.3,0.0120842792,0.109928519
1114.4,0.0120905877,0.109957208
1114.5,0.0120966802,0.109984909
1114.6,0.0121025445,0.110011565
1114.7,0.012108249,0.110037489
1114.8,0.0121137874,0.110062652
1114.9,0.0121191771,0.110087134
1115.0,0.0121244532,0.110111095
1115.1,0.0121296307,0.110134603
1115.2,0.0121347014,0.110157621
1115.3,0.0121396711,0.110180176
1115.4,0.0121446215,0.110202638
1115.5,0.012149557,0.110225029
1115.6,0.0121544364,0.11024716
1115.7,0.0121593328,0.110269365
1115.8,0.0121642723,0.11029176
1115.9,0.0121692667,0.110314399
1116.0,0.0121742112,0.110336808
1116.1,0.0121790389,0.110358683
1116.2,0.012183673,0.110379676
1116.3,0.0121881149,0.110399796
1116.4,0.0121924881,0.1104196
1116.5,0.012196783,0.110439047
1116.6,0.0122009566,0.11045794
1116.7,0.0122050094,0.110476284
1116.8,0.0122090268,0.110494465
1116.9,0.0122130219,0.110512542
1117.0,0.0122170239,0.110530647
1117.1,0.0122210848,0.110549015
1117.2,0.0122251647,0.110567467
1117.3,0.0122291564,0.110585516
1117.4,0.0122330084,0.110602931
1117.5,0.0122368311,0.110620211
1117.6,0.0122407103,0.110637744
1117.7,0.0122446795,0.11065568
1117.8,0.0122487229,0.110673948
1117.9,0.0122525984,0.110691456
1118.0,0.0122559817,0.110706737
1118.1,0.0122587546,0.11071926
1118.2,0.0122610151,0.110729468
1118.3,0.0122628634,0.110737814
1118.4,0.0122644122,0.110744807
1118.5,0.0122657029,0.110750634
1118.6,0.0122668037,0.110755604
1118.7,0.0122678845,0.110760483
1118.8,0.0122690551,0.110765767
1118.9,0.012270387,0.110771779
1119.0,0.0122718709,0.110778477
1119.1,0.0122734849,0.110785761
1119.2,0.012275079,0.110792956
1119.3,0.0122766496,0.110800043
1119.4,0.0122782902,0.110807446
1119.5,0.0122799523,0.110814946
1119.6,0.0122815007,0.110821932
1119.7,0.0122829748,0.110828583
1119.8,0.0122844553,0.110835262
1119.9,0.012285991,0.110842189
1120.0,0.0122875651,0.11084929
1120.1,0.0122892161,0.110856737
1120.2,0.0122910275,0.110864906
1120.3,0.0122930487,0.110874022
1120.4,0.0122953546,0.11088442
1120.5,0.0122979982,0.11089634
1120.6,0.0123009864,0.110909812
1120.7,0.0123043358,0.11092491
1120.8,0.0123080681,0.110941733
1120.9,0.0123121163,0.110959976
1121.0,0.0123164483,0.110979495
1121.1,0.0123208835,0.110999475
1121.2,0.0123253461,0.111019575
1121.3,0.0123297591,0.111039448
1121.4,0.0123340485,0.111058761
1121.5,0.0123382557,0.111077701
1121.6,0.0123424137,0.111096416
1121.7,0.0123466069,0.111115286
1121.8,0.0123509499,0.111134827
1121.9,0.0123553896,0.1111548
1122.0,0.0123597868,0.111174578
1122.1,0.0123640276,0.111193649
1122.2,0.0123680383,0.111211683
1122.3,0.0123718424,0.111228784
1122.4,0.0123755341,0.111245378
1122.5,0.0123791433,0.111261598
1122.6,0.0123826783,0.111277483
1122.7,0.0123862249,0.111293418
1122.8,0.0123897779,0.111309379
1122.9,0.0123932477,0.111324964
1123.0,0.0123966266,0.111340139
1123.1,0.0124000285,0.111355415
1123.2,0.0124033191,0.11137019
1123.3,0.0124063511,0.111383801
1123.4,0.0124091282,0.111396266
1123.5,0.0124115678,0.111407216
1123.6,0.0124136244,0.111416446
1123.7,0.0124154917,0.111424825
1123.8,0.0124172142,0.111432554
1123.9,0.0124187665,0.11143952
1124.0,0.0124203121,0.111446454
1124.1,0.0124219658,0.111453873
1124.2,0.0124237797,0.11146201
1124.3,0.0124257361,0.111470786
1124.4,0.0124276694,0.111479457
1124.5,0.0124294799,0.111487577
1124.6,0.0124312912,0.1114957
1124.7,0.0124330344,0.111503517
1124.8,0.0124346145,0.111510603
1124.9,0.0124359346,0.111516522
1125.0,0.0124369531,0.111521088
1125.1,0.0124377711,0.111524755
1125.2,0.0124383923,0.111527541
1125.3,0.0124388255,0.111529482
1125.4,0.0124390475,0.111530478
1125.5,0.0124391383,0.111530885
1125.6,0.0124391754,0.111531051
1125.7,0.0124392109,0.11153121
1125.8,0.0124393273,0.111531732
1125.9,0.012439621,0.111533049
1126.0,0.0124400664,0.111535046
1126.1,0.0124405422,0.111537179
1126.2,0.0124410179,0.111539311
1126.3,0.0124414764,0.111541366
1126.4,0.0124418498,0.11154304
1126.5,0.0124420495,0.111543935
1126.6,0.0124421051,0.111544185
1126.7,0.0124420749,0.111544049
1126.8,0.0124420079,0.111543749
1126.9,0.0124419551,0.111543512
1127.0,0.0124418463,0.111543024
1127.1,0.0124416738,0.111542251
1127.2,0.0124416461,0.111542127
1127.3,0.0124418048,0.111542838
1127.4,0.0124420096,0.111543757
1127.5,0.012442316,0.11154513
1127.6,0.0124428454,0.111547503
1127.7,0.0124435562,0.111550689
1127.8,0.0124444278,0.111554595
1127.9,0.0124454485,0.111559171
1128.0,0.0124466536,0.111564572
1128.1,0.0124480655,0.111570899
1128.2,0.0124497515,0.111578454
1128.3,0.0124517513,0.111587416
1128.4,0.0124541345,0.111598093
1128.5,0.0124568782,0.111610386
1128.6,0.0124600009,0.111624374
1128.7,0.0124635929,0.111640463
1128.8,0.0124677094,0.111658898
1128.9,0.0124723763,0.111679794
1129.0,0.0124775873,0.111703121
1129.1,0.0124833136,0.11172875
1129.2,0.012489479,0.111756338
1129.3,0.0124957966,0.111784599
1129.4,0.0125020347,0.111812498
1129.5,0.0125083461,0.111840718
1129.6,0.0125148582,0.111869827
1129.7,0.0125216973,0.11190039
1129.8,0.0125289201,0.111932659
1129.9,0.0125365328,0.111966659
1130.0,0.0125445518,0.112002463
1130.1,0.0125531046,0.112040638
1130.2,0.0125621104,0.112080821
1130.3,0.0125715971,0.112123134
1130.4,0.0125816677,0.112168033
1130.5,0.0125922712,0.11221529
1130.6,0.0126032084,0.112264012
1130.7,0.0126144368,0.11231401
1130.8,0.0126260368,0.112365639
1130.9,0.0126379508,0.112418641
1131.0,0.0126501592,0.112472926
1131.1,0.0126626692,0.112528526
1131.2,0.0126754439,0.112585274
1131.3,0.0126885147,0.112643308
1131.4,0.0127018764,0.112702601
1131.5,0.0127153952,0.112762561
1131.6,0.0127290086,0.112822908
1131.7,0.012742569,0.112882988
1131.8,0.0127562123,0.112943403
1131.9,0.0127699559,0.11300423
1132.0,0.0127838294,0.113065598
1132.1,0.0127977708,0.113127233
1132.2,0.0128117772,0.113189121
1132.3,0.012826013,0.113251989
1132.4,0.0128404153,0.113315556
1132.5,0.0128549375,0.113379617
1132.6,0.0128694058,0.113443403
1132.7,0.0128835594,0.113505768
1132.8,0.0128974164,0.113566793
1132.9,0.0129110898,0.113626976
1133.0,0.0129245876,0.113686356
1133.1,0.0129380327,0.113745473
1133.2,0.0129515554,0.1138049
1133.3,0.0129649708,0.113863826
1133.4,0.0129783079,0.113922377
1133.5,0.0129916729,0.11398102
1133.6,0.0130050958,0.114039887
1133.7,0.0130185912,0.114099041
1133.8,0.013032108,0.114158258
1133.9,0.0130454808,0.114216815
1134.0,0.0130588555,0.114275349
1134.1,0.0130722611,0.114333989
1134.2,0.0130856243,0.114392414
1134.3,0.0130989752,0.114450755
1134.4,0.0131123979,0.114509379
1134.5,0.0131258349,0.114568036
1134.6,0.0131392903,0.114626743
1134.7,0.0131527975,0.114685647
1134.8,0.0131662727,0.11474438
1134.9,0.0131796771,0.114802775
1135.0,0.0131929331,0.114860494
1135.1,0.013206058,0.114917614
1135.2,0.0132190088,0.114973948
1135.3,0.0132317026,0.115029138
1135.4,0.0132442352,0.115083601
1135.5,0.0132566592,0.115137567
1135.6,0.0132689114,0.115190761
1135.7,0.0132808989,0.115242782
1135.8,0.0132927963,0.11529439
1135.9,0.0133046938,0.115345974
1136.0,0.013316518,0.115397218
1136.1,0.013328074,0.115447278
1136.2,0.0133393986,0.115496314
1136.3,0.0133504149,0.115543995
1136.4,0.0133611811,0.115590575
1136.5,0.0133717481,0.115636275
1136.6,0.0133820856,0.115680965
1136.7,0.0133922137,0.115724733
1136.8,0.013402182,0.115767793
1136.9,0.0134119393,0.115809927
1137.0,0.0134215261,0.11585131
1137.1,0.013430938,0.115891924
1137.2,0.0134401512,0.115931666
1137.3,0.0134491524,0.115970481
1137.4,0.0134578962,0.116008173
1137.5,0.0134663392,0.116044557
1137.6,0.0134744639,0.116079558
1137.7,0.0134822463,0.116113075
1137.8,0.0134897267,0.116145283
1137.9,0.0134970181,0.116176668
1138.0,0.0135041371,0.116207302
1138.1,0.0135110731,0.116237142
1138.2,0.0135178314,0.116266209
1138.3,0.013524338,0.116294187
1138.4,0.013530521,0.116320768
1138.5,0.013536383,0.116345963
1138.6,0.0135419967,0.116370085
1138.7,0.0135473917,0.116393263
1138.8,0.0135524891,0.116415158
1138.9,0.0135571919,0.116435355
1139.0,0.0135616223,0.116454379
1139.1,0.0135659266,0.116472858
1139.2,0.0135700826,0.116490698
1139.3,0.0135739673,0.11650737
1139.4,0.0135776759,0.116523285
1139.5,0.0135812469,0.116538607
1139.6,0.0135845895,0.116552947
1139.7,0.0135878107,0.116566765
1139.8,0.0135908232,0.116579686
1139.9,0.0135934748,0.116591058
1140.0,0.0135956962,0.116600584
1140.1,0.0135975126,0.116608373
1140.2,0.0135988949,0.1166143
1140.3,0.013599909,0.116618648
1140.4,0.0136006949,0.116622017
1140.5,0.0136013246,0.116624717
1140.6,0.0136018249,0.116626862
1140.7,0.0136022599,0.116628727
1140.8,0.0136026652,0.116630464
1140.9,0.0136030693,0.116632197
1141.0,0.0136035543,0.116634276
1141.1,0.013604147,0.116636817
1141.2,0.0136049096,0.116640086
1141.3,0.013605938,0.116644494
1141.4,0.0136072608,0.116650164
1141.5,0.0136088508,0.116656979
1141.6,0.0136106532,0.116664704
1141.7,0.0136124996,0.116672617
1141.8,0.0136142731,0.116680217
1141.9,0.0136159372,0.116687348
1142.0,0.0136175351,0.116694195
1142.1,0.0136191967,0.116701314
1142.2,0.0136208461,0.116708381
1142.3,0.0136224133,0.116715094
1142.4,0.0136238547,0.116721269
1142.5,0.0136252138,0.116727091
1142.6,0.0136264835,0.11673253
1142.7,0.0136275344,0.116737031
1142.8,0.0136285435,0.116741353
1142.9,0.0136298199,0.11674682
1143.0,0.0136314159,0.116753655
1143.1,0.0136332139,0.116761354
1143.2,0.0136349988,0.116768997
1143.3,0.0136365756,0.116775749
1143.4,0.0136379589,0.116781672
1143.5,0.0136391907,0.116786946
1143.6,0.0136402678,0.116791557
1143.7,0.0136411662,0.116795403
1143.8,0.0136419442,0.116798734
1143.9,0.0136426917,0.116801934
1144.0,0.0136434765,0.116805293
1144.1,0.013644308,0.116808852
1144.2,0.013645127,0.116812358
1144.3,0.0136459799,0.116816009
1144.4,0.0136469342,0.116820093
1144.5,0.0136480581,0.116824904
1144.6,0.0136493908,0.116830607
1144.7,0.0136508394,0.116836807
1144.8,0.0136521426,0.116842384
1144.9,0.0136530231,0.116846151
1145.0,0.0136533564,0.116847578
1145.1,0.0136531941,0.116846883
1145.2,0.0136525504,0.116844129
1145.3,0.0136514693,0.116839502
1145.4,0.0136500912,0.116833605
1145.5,0.0136485221,0.11682689
1145.6,0.0136467384,0.116819255
1145.7,0.0136446914,0.116810494
1145.8,0.0136422886,0.116800208
1145.9,0.0136394532,0.11678807
1146.0,0.0136360928,0.116773682
1146.1,0.0136322523,0.116757237
1146.2,0.0136279434,0.116738783
1146.3,0.0136230729,0.11671792
1146.4,0.0136176653,0.116694753
1146.5,0.0136118403,0.116669792
1146.6,0.0136055505,0.116642833
1146.7,0.0135988694,0.11661419
1146.8,0.0135919319,0.116584441
1146.9,0.013584791,0.116553812
1147.0,0.0135775023,0.11652254
1147.1,0.0135698969,0.116489901
1147.2,0.0135619293,0.116455697
1147.3,0.0135537227,0.116420457
1147.4,0.0135454963,0.116385121
1147.5,0.0135373621,0.11635017
1147.6,0.0135293566,0.116315762
1147.7,0.0135215633,0.116282257
1147.8,0.0135138629,0.116249141
1147.9,0.0135059134,0.116214945
1148.0,0.0134977422,0.116179784
1148.1,0.013489486,0.116144247
1148.2,0.0134811118,0.11610819
1148.3,0.0134726569,0.116071775
1148.4,0.0134641918,0.116035304
1148.5,0.0134558144,0.1159992
1148.6,0.0134476256,0.115963898
1148.7,0.0134396597,0.115929546
1148.8,0.013431885,0.115896009
1148.9,0.0134242728,0.115863164
1149.0,0.0134168437,0.1158311
1149.1,0.0134096806,0.115800175
1149.2,0.0134028846,0.115770828
1149.3,0.013396489,0.115743203
1149.4,0.0133904585,0.115717149
1149.5,0.0133846962,0.115692248
1149.6,0.013379066,0.115667912
1149.7,0.0133735533,0.11564408
1149.8,0.0133682189,0.115621014
1149.9,0.0133631591,0.115599131
1150.0,0.013358374,0.115578432
1150.1,0.0133537102,0.115558255
1150.2,0.0133490831,0.115538232
1150.3,0.0133445537,0.115518629
1150.4,0.0133401882,0.115499732
1150.5,0.0133360653,0.115481883
1150.6,0.0133322812,0.115465498
1150.7,0.0133287543,0.115450224
1150.8,0.0133254619,0.115435964
1150.9,0.0133224046,0.115422721
1151.0,0.0133195101,0.115410182
1151.1,0.0133167966,0.115398425
1151.2,0.0133142064,0.115387202
1151.3,0.0133116438,0.115376097
1151.4,0.0133090712,0.115364948
1151.5,0.0133064187,0.115353451
1151.6,0.0133036521,0.115341459
1151.7,0.0133007293,0.115328788
1151.8,0.0132977675,0.115315946
1151.9,0.0132946489,0.115302423
1152.0,0.0132912217,0.115287561
1152.1,0.0132875748,0.115271743
1152.2,0.0132839023,0.115255813
1152.3,0.0132802598,0.11524001
1152.4,0.0132765158,0.115223764
1152.5,0.0132726211,0.115206862
1152.6,0.0132683778,0.115188445
1152.7,0.0132638059,0.115168598
1152.8,0.0132588299,0.115146993
1152.9,0.0132532699,0.115122847
1153.0,0.0132470892,0.115096
1153.1,0.0132404048,0.115066958
1153.2,0.0132334274,0.115036635
1153.3,0.0132262454,0.115005415
1153.4,0.0132188039,0.114973057
1153.5,0.0132111005,0.114939552
1153.6,0.0132031097,0.114904785
1153.7,0.0131948774,0.114868957
1153.8,0.0131863948,0.114832029
1153.9,0.0131778045,0.114794619
1154.0,0.0131691768,0.114757034
1154.1,0.0131604296,0.114718916
1154.2,0.01315158,0.114680338
1154.3,0.0131427349,0.114641768
1154.4,0.0131339336,0.114603375
1154.5,0.0131250779,0.114564732
1154.6,0.0131160579,0.114525359
1154.7,0.0131069787,0.114485714
1154.8,0.013097883,0.114445983
1154.9,0.0130887505,0.114406077
1155.0,0.0130794622,0.114365476
1155.1,0.0130699594,0.114323923
1155.2,0.0130603368,0.114281831
1155.3,0.013050463,0.114238623
1155.4,0.0130400976,0.114193247
1155.5,0.0130289883,0.114144594
1155.6,0.0130169679,0.114091927
1155.7,0.0130041235,0.114035624
1155.8,0.0129905979,0.113976304
1155.9,0.0129764381,0.11391417
1156.0,0.0129618067,0.113849931
1156.1,0.012946813,0.113784063
1156.2,0.0129314422,0.113716499
1156.3,0.0129155767,0.113646719
1156.4,0.0128990602,0.11357403
1156.5,0.0128820505,0.113499121
1156.6,0.0128646825,0.113422584
1156.7,0.0128469176,0.113344244
1156.8,0.0128288353,0.113264448
1156.9,0.0128105727,0.1131838
1157.0,0.0127922339,0.113102758
1157.1,0.0127738576,0.113021492
1157.2,0.0127553576,0.112939619
1157.3,0.0127367713,0.112857305
1157.4,0.0127182871,0.112775384
1157.5,0.012699993,0.112694246
1157.6,0.0126818219,0.112613596
1157.7,0.0126637324,0.11253325
1157.8,0.0126457791,0.112453453
1157.9,0.0126280378,0.112374542
1158.0,0.0126105622,0.11229676
1158.1,0.0125934459,0.112220523
1158.2,0.0125765901,0.112145397
1158.3,0.0125599467,0.112071168
1158.4,0.0125436206,0.111998306
1158.5,0.0125276572,0.111927017
1158.6,0.0125120251,0.111857164
1158.7,0.0124966877,0.111788585
1158.8,0.0124816169,0.111721157
1158.9,0.012466935,0.11165543
1159.0,0.0124527907,0.111592073
1159.1,0.0124391141,0.111530777
1159.2,0.0124258191,0.111471158
1159.3,0.0124128328,0.111412893
1159.4,0.0124000672,0.111355589
1159.5,0.0123874112,0.111298748
1159.6,0.0123747816,0.111241996
1159.7,0.012362287,0.111185822
1159.8,0.0123501355,0.111131163
1159.9,0.0123383844,0.111078281
1160.0,0.012327089,0.111027424
1160.1,0.012316335,0.110978984
1160.2,0.0123060952,0.110932841
1160.3,0.0122963232,0.110888787
1160.4,0.0122869051,0.110846313
1160.5,0.012277882,0.110805604
1160.6,0.0122693413,0.110767059
1160.7,0.0122612227,0.110730405
1160.8,0.0122534342,0.110695231
1160.9,0.0122459952,0.110661625
1161.0,0.012238899,0.110629557
1161.1,0.0122321173,0.110598903
1161.2,0.0122256518,0.11056967
1161.3,0.0122194681,0.110541703
1161.4,0.0122135703,0.110515023
1161.5,0.0122080174,0.110489897
1161.6,0.0122028391,0.110466462
1161.7,0.0121980294,0.110444689
1161.8,0.0121935047,0.110424204
1161.9,0.0121891893,0.110404661
1162.0,0.0121850611,0.110385964
1162.1,0.0121811064,0.11036805
1162.2,0.0121773222,0.110350905
1162.3,0.0121737284,0.11033462
1162.4,0.0121702931,0.110319051
1162.5,0.0121670001,0.110304125
1162.6,0.0121638221,0.110289719
1162.7,0.012160749,0.110275786
1162.8,0.0121578073,0.110262447
1162.9,0.0121548983,0.110249255
1163.0,0.0121518005,0.110235205
1163.1,0.0121483835,0.110219705
1163.2,0.0121446341,0.110202695
1163.3,0.0121405767,0.110184285
1163.4,0.0121363216,0.110164975
1163.5,0.0121319112,0.110144955
1163.6,0.0121274406,0.11012466
1163.7,0.0121229408,0.110104227
1163.8,0.0121184699,0.110083922
1163.9,0.012114148,0.11006429
1164.0,0.012110149,0.110046122
1164.1,0.0121064899,0.110029496
1164.2,0.0121029827,0.110013557
1164.3,0.0120993423,0.109997011
1164.4,0.0120953614,0.109978914
1164.5,0.0120911118,0.109959592
1164.6,0.012086885,0.10994037
1164.7,0.0120827121,0.10992139
1164.8,0.0120788327,0.109903743
1164.9,0.0120753311,0.109887811
1165.0,0.012072086,0.109873045
1165.1,0.0120691153,0.109859525
1165.2,0.0120664862,0.109847559
1165.3,0.0120641854,0.109837086
1165.4,0.0120622189,0.109828134
1165.5,0.0120605952,0.109820741
1165.6,0.0120593292,0.109814977
1165.7,0.0120583986,0.10981074
1165.8,0.0120577313,0.109807701
1165.9,0.0120572311,0.109805424
1166.0,0.0120568555,0.109803714
1166.1,0.0120565757,0.109802439
1166.2,0.0120564397,0.10980182
1166.3,0.0120564719,0.109801967
1166.4,0.0120566369,0.109802718
1166.5,0.0120569441,0.109804117
1166.6,0.0120574231,0.109806298
1166.7,0.0120580354,0.109809086
1166.8,0.0120588229,0.109812672
1166.9,0.012059774,0.109817003
1167.0,0.0120609289,0.109822261
1167.1,0.0120623364,0.109828669
1167.2,0.012064005,0.109836264
1167.3,0.0120659271,0.109845014
1167.4,0.0120680815,0.10985482
1167.5,0.0120704676,0.10986568
1167.6,0.0120731288,0.109877791
1167.7,0.0120761476,0.109891527
1167.8,0.012079473,0.109906656
1167.9,0.0120829608,0.109922522
1168.0,0.0120863997,0.109938163
1168.1,0.0120896053,0.109952741
1168.2,0.0120927074,0.109966847
1168.3,0.012095882,0.10998128
1168.4,0.0120991011,0.109995914
1168.5,0.0121024248,0.110011021
1168.6,0.0121057836,0.110026286
1168.7,0.0121090678,0.110041209
1168.8,0.0121121803,0.110055351
1168.9,0.012115189,0.110069019
1169.0,0.0121181569,0.1100825
1169.1,0.0121210255,0.110095529
1169.2,0.012123859,0.110108397
1169.3,0.0121267508,0.110121528
1169.4,0.0121296593,0.110134733
1169.5,0.0121324882,0.110147575
1169.6,0.0121352529,0.110160124
1169.7,0.0121380127,0.110172649
1169.8,0.0121407157,0.110184916
1169.9,0.0121433062,0.11019667
1170.0,0.0121457256,0.110207648
1170.1,0.0121478597,0.110217329
1170.2,0.0121497418,0.110225867
1170.3,0.0121514117,0.110233442
1170.4,0.0121529347,0.11024035
1170.5,0.0121542852,0.110246475
1170.6,0.0121554594,0.1102518
1170.7,0.0121565823,0.110256892
1170.8,0.0121577863,0.110262352
1170.9,0.0121590996,0.110268307
1171.0,0.0121605319,0.110274802
1171.1,0.0121620425,0.110281651
1171.2,0.0121634373,0.110287975
1171.3,0.0121645031,0.110292806
1171.4,0.0121651935,0.110295936
1171.5,0.0121654149,0.110296939
1171.6,0.0121652375,0.110296135
1171.7,0.0121647309,0.110293839
1171.8,0.012164056,0.110290779
1171.9,0.0121632221,0.110286999
1172.0,0.0121621238,0.110282019
1172.1,0.0121604746,0.110274542
1172.2,0.0121579522,0.110263104
1172.3,0.0121545567,0.110247706
1172.4,0.012150272,0.110228272
1172.5,0.0121452228,0.110205367
1172.6,0.0121394789,0.110179304
1172.7,0.0121332872,0.110151202
1172.8,0.0121267988,0.110121745
1172.9,0.0121201397,0.110091506
1173.0,0.0121136177,0.110061881
1173.1,0.0121073814,0.110033547
1173.2,0.0121013498,0.110006135
1173.3,0.0120954539,0.109979334
1173.4,0.012089756,0.109953426
1173.5,0.0120842354,0.109928319
1173.6,0.0120789465,0.10990426
1173.7,0.0120739353,0.10988146
1173.8,0.0120692359,0.109860074
1173.9,0.0120649805,0.109840705
1174.0,0.0120611684,0.109823351
1174.1,0.0120577984,0.109808007
1174.2,0.0120548686,0.109794665
1174.3,0.0120523851,0.109783356
1174.4,0.0120503845,0.109774243
1174.5,0.0120488403,0.10976721
1174.6,0.0120477483,0.109762235
1174.7,0.0120470405,0.109759011
1174.8,0.0120466062,0.109757033
1174.9,0.0120464413,0.109756281
1175.0,0.012046648,0.109757223
1175.1,0.0120472045,0.109759758
1175.2,0.0120480193,0.10976347
1175.3,0.0120490743,0.109768276
1175.4,0.0120503364,0.109774024
1175.5,0.0120516806,0.109780146
1175.6,0.0120530133,0.109786216
1175.7,0.0120543282,0.109792204
1175.8,0.0120556322,0.109798143
1175.9,0.0120569624,0.1098042
1176.0,0.0120582618,0.109810117
1176.1,0.0120594657,0.109815599
1176.2,0.0120605724,0.109820637
1176.3,0.0120615629,0.109825147
1176.4,0.0120623476,0.109828719
1176.5,0.012062953,0.109831476
1176.6,0.0120634763,0.109833858
1176.7,0.0120639727,0.109836117
1176.8,0.0120644279,0.10983819
1176.9,0.0120648672,0.109840189
1177.0,0.0120652981,0.109842151
1177.1,0.0120657264,0.1098441
1177.2,0.0120661462,0.109846011
1177.3,0.012066599,0.109848072
1177.4,0.0120671385,0.109850528
1177.5,0.0120677534,0.109853327
1177.6,0.012068396,0.109856252
1177.7,0.0120690142,0.109859065
1177.8,0.0120695194,0.109861365
1177.9,0.012069829,0.109862773
1178.0,0.0120698632,0.109862929
1178.1,0.0120695161,0.10986135
1178.2,0.012068704,0.109857654
1178.3,0.0120674705,0.109852039
1178.4,0.0120658531,0.109844677
1178.5,0.0120637981,0.109835323
1178.6,0.0120613075,0.109823984
1178.7,0.012058332,0.109810437
1178.8,0.0120549299,0.109794945
1178.9,0.0120511457,0.10977771
1179.0,0.0120470511,0.109759059
1179.1,0.012042729,0.109739369
1179.2,0.0120381155,0.109718346
1179.3,0.0120331952,0.109695922
1179.4,0.0120280566,0.109672497
1179.5,0.0120227653,0.109648371
1179.6,0.0120173432,0.109623643
1179.7,0.0120117322,0.109598048
1179.8,0.0120060176,0.109571975
1179.9,0.0120003339,0.109546035
1180.0,0.0119946873,0.10952026
1180.1,0.0119890175,0.109494372
1180.2,0.0119832709,0.109468128
1180.3,0.0119773846,0.109441238
1180.4,0.0119710746,0.109412406
1180.5,0.0119641738,0.109380866
1180.6,0.0119567742,0.109347036
1180.7,0.0119491209,0.109312034
1180.8,0.0119414271,0.109276837
1180.9,0.0119338616,0.109242215
1181.0,0.0119264279,0.109208186
1181.1,0.0119192196,0.109175178
1181.2,0.011912226,0.109143144
1181.3,0.0119053913,0.109111829
1181.4,0.0118986483,0.109080926
1181.5,0.0118920791,0.10905081
1181.6,0.0118858528,0.109022258
1181.7,0.0118799867,0.108995352
1181.8,0.0118743263,0.108969383
1181.9,0.0118687596,0.108943837
1182.0,0.011863284,0.108918704
1182.1,0.0118578048,0.108893548
1182.2,0.0118522035,0.108867826
1182.3,0.0118465818,0.108842004
1182.4,0.0118408631,0.10881573
1182.5,0.0118350645,0.108789083
1182.6,0.0118293198,0.108762677
1182.7,0.0118236087,0.108736418
1182.8,0.0118179764,0.108710516
1182.9,0.0118125966,0.10868577
1183.0,0.0118075288,0.108662453
1183.1,0.0118027708,0.108640558
1183.2,0.0117983492,0.108620206
1183.3,0.0117943168,0.108601643
1183.4,0.0117906272,0.108584655
1183.5,0.0117873002,0.108569334
1183.6,0.0117843504,0.108555748
1183.7,0.0117817625,0.108543827
1183.8,0.0117794407,0.108533132
1183.9,0.0117773135,0.108523332
1184.0,0.0117755066,0.108515006
1184.1,0.0117741435,0.108508725
1184.2,0.0117732574,0.108504643
1184.3,0.0117729197,0.108503086
1184.4,0.0117730067,0.108503487
1184.5,0.0117733646,0.108505136
1184.6,0.0117740169,0.108508142
1184.7,0.011774854,0.108511999
1184.8,0.0117756968,0.108515883
1184.9,0.0117766722,0.108520377
1185.0,0.0117779954,0.108526473
1185.1,0.0117798044,0.108534807
1185.2,0.0117821431,0.108545581
1185.3,0.0117849548,0.108558532
1185.4,0.0117881936,0.108573448
1185.5,0.0117918493,0.108590282
1185.6,0.0117960146,0.108609459
1185.7,0.0118007634,0.108631319
1185.8,0.0118060448,0.108655625
1185.9,0.0118117883,0.108682052
1186.0,0.0118178992,0.108710162
1186.1,0.0118245976,0.108740966
1186.2,0.01183185,0.108774308
1186.3,0.0118394044,0.108809027
1186.4,0.0118471253,0.108844501
1186.5,0.0118550508,0.108880902
1186.6,0.0118632867,0.108918716
1186.7,0.0118718473,0.108958007
1186.8,0.0118806291,0.108998298
1186.9,0.0118896158,0.109039515
1187.0,0.0118987534,0.109081407
1187.1,0.0119081244,0.109124353
1187.2,0.0119178214,0.109168775
1187.3,0.0119277842,0.109214395
1187.4,0.0119378976,0.109260687
1187.5,0.0119480765,0.109307257
1187.6,0.0119582727,0.109353887
1187.7,0.011968436,0.109400347
1187.8,0.0119784757,0.109446223
1187.9,0.0119883011,0.109491101
1188.0,0.0119978819,0.109534843
1188.1,0.0120072255,0.109577486
1188.2,0.0120163429,0.109619081
1188.3,0.0120252689,0.109659787
1188.4,0.012034076,0.109699936
1188.5,0.012042785,0.109739624
1188.6,0.0120514055,0.109778894
1188.7,0.0120599199,0.109817667
1188.8,0.012068273,0.109855691
1188.9,0.0120764407,0.10989286
1189.0,0.0120845027,0.109929535
1189.1,0.0120926141,0.109966422
1189.2,0.0121008942,0.110004064
1189.3,0.0121093361,0.110042429
1189.4,0.0121177603,0.110080699
1189.5,0.012125771,0.110117079
1189.6,0.0121331211,0.110150448
1189.7,0.0121400012,0.110181674
1189.8,0.0121466772,0.110211965
1189.9,0.0121533214,0.110242103
1190.0,0.0121599064,0.110271966
1190.1,0.0121663341,0.110301106
1190.2,0.0121726479,0.110329724
1190.3,0.0121789608,0.110358329
1190.4,0.0121852219,0.110386693
1190.5,0.0121915975,0.110415567
1190.6,0.012197987,0.110444497
1190.7,0.0122044191,0.110473613
1190.8,0.0122109095,0.110502984
1190.9,0.0122173985,0.110532341
1191.0,0.0122238328,0.110561444
1191.1,0.0122302808,0.1105906
1191.2,0.0122368327,0.110620218
1191.3,0.0122435775,0.110650701
1191.4,0.0122505155,0.110682047
1191.5,0.0122574769,0.11071349
1191.6,0.012264338,0.110744472
1191.7,0.0122710808,0.110774911
1191.8,0.0122777789,0.110805139
1191.9,0.0122845296,0.110835597
1192.0,0.0122914312,0.110866727
1192.1,0.0122984495,0.110898375
1192.2,0.0123054575,0.110929967
1192.3,0.0123122978,0.110960794
1192.4,0.0123188637,0.110990377
1192.5,0.0123252361,0.11101908
1192.6,0.0123315813,0.111047653
1192.7,0.0123378826,0.111076022
1192.8,0.0123439764,0.111103449
1192.9,0.0123497451,0.111129407
1193.0,0.0123552602,0.111154218
1193.1,0.0123605406,0.111177968
1193.2,0.012365582,0.111200638
1193.3,0.0123704356,0.11122246
1193.4,0.0123751234,0.111243532
1193.5,0.0123797145,0.111264165
1193.6,0.0123842738,0.111284652
1193.7,0.0123887165,0.111304611
1193.8,0.0123929827,0.111323774
1193.9,0.0123972155,0.111342784
1194.0,0.0124015054,0.111362047
1194.1,0.012405868,0.111381632
1194.2,0.0124102149,0.111401144
1194.3,0.0124145486,0.111420593
1194.4,0.0124189527,0.111440355
1194.5,0.0124234464,0.111460515
1194.6,0.0124279156,0.111480561
1194.7,0.0124323724,0.111500549
1194.8,0.0124367948,0.111520378
1194.9,0.012441116,0.111539751
1195.0,0.0124453345,0.11155866
1195.1,0.0124492998,0.11157643
1195.2,0.0124530365,0.111593174
1195.3,0.012456585,0.111609072
1195.4,0.0124599245,0.111624032
1195.5,0.0124630341,0.11163796
1195.6,0.0124659536,0.111651035
1195.7,0.0124686282,0.111663012
1195.8,0.0124710379,0.111673801
1195.9,0.0124732135,0.111683542
1196.0,0.0124752001,0.111692435
1196.1,0.0124769504,0.11170027
1196.2,0.012478323,0.111706414
1196.3,0.0124792641,0.111710627
1196.4,0.0124798403,0.111713206
1196.5,0.0124801789,0.111714721
1196.6,0.0124803395,0.11171544
1196.7,0.0124803062,0.111715291
1196.8,0.0124800533,0.111714159
1196.9,0.0124796459,0.111712336
1197.0,0.0124791871,0.111710282
1197.1,0.012478643,0.111707847
1197.2,0.0124779304,0.111704657
1197.3,0.012477058,0.111700752
1197.4,0.0124760642,0.111696304
1197.5,0.0124750489,0.111691758
1197.6,0.0124740473,0.111687275
1197.7,0.0124728501,0.111681915
1197.8,0.01247113,0.111674214
1197.9,0.0124687999,0.11166378
1198.0,0.0124659176,0.111650874
1198.1,0.012462622,0.111636114
1198.2,0.0124590447,0.111620091
1198.3,0.0124550928,0.111602387
1198.4,0.0124508535,0.111583393
1198.5,0.0124464941,0.111563857
1198.6,0.012442066,0.111544009
1198.7,0.0124375498,0.111523763
1198.8,0.0124329389,0.111503089
1198.9,0.0124282574,0.111482094
1199.0,0.0124235791,0.11146111
1199.1,0.0124189901,0.111440523
1199.2,0.01241465,0.111421048
1199.3,0.0124105687,0.111402732
1199.4,0.0124066687,0.111385227
1199.5,0.0124029152,0.111368376
1199.6,0.0123992945,0.11135212
1199.7,0.0123956276,0.111335653
1199.8,0.0123917602,0.111318284
1199.9,0.0123876974,0.111300033
1200.0,0.0123836066,0.111281655
1200.1,0.0123796318,0.111263794
1200.2,0.0123757689,0.111246433
1200.3,0.0123721019,0.11122995
1200.4,0.0123688852,0.11121549
1200.5,0.0123661394,0.111203145
1200.6,0.0123637068,0.111192206
1200.7,0.0123614742,0.111182167
1200.8,0.0123594572,0.111173096
1200.9,0.0123576474,0.111164956
1201.0,0.0123559909,0.111157505
1201.1,0.0123544963,0.111150782
1201.2,0.0123532582,0.111145212
1201.3,0.0123523446,0.111141102
1201.4,0.012351753,0.111138441
1201.5,0.0123514683,0.11113716
1201.6,0.0123514472,0.111137065
1201.7,0.0123515821,0.111137672
1201.8,0.0123518077,0.111138687
1201.9,0.0123520713,0.111139873
1202.0,0.0123523707,0.111141219
1202.1,0.0123526102,0.111142297
1202.2,0.0123526841,0.11114263
1202.3,0.0123525596,0.111142069
1202.4,0.0123521681,0.111140308
1202.5,0.0123515503,0.111137529
1202.6,0.0123507268,0.111133824
1202.7,0.0123496278,0.111128879
1202.8,0.0123479473,0.111121318
1202.9,0.0123454257,0.111109971
1203.0,0.0123419795,0.111094462
1203.1,0.0123374573,0.111074107
1203.2,0.0123317666,0.111048488
1203.3,0.0123252207,0.111019011
1203.4,0.0123183611,0.110988112
1203.5,0.0123114976,0.110957188
1203.6,0.0123047079,0.110926588
1203.7,0.0122980045,0.110896368
1203.8,0.0122913711,0.110866456
1203.9,0.0122847139,0.110836429
1204.0,0.0122780175,0.110806216
1204.1,0.0122713743,0.110776235
1204.2,0.0122648766,0.110746903
1204.3,0.012258608,0.110718598
1204.4,0.0122525273,0.110691135
1204.5,0.0122467463,0.110665019
1204.6,0.0122413562,0.110640663
1204.7,0.0122363202,0.110617902
1204.8,0.0122316363,0.110596728
1204.9,0.0122274868,0.110577967
1205.0,0.0122239993,0.110562196
1205.1,0.0122210318,0.110548776
1205.2,0.0122182388,0.110536142
1205.3,0.0122157438,0.110524856
1205.4,0.0122136879,0.110515555
1205.5,0.012211997,0.110507905
1205.6,0.0122104745,0.110501016
1205.7,0.0122091366,0.110494962
1205.8,0.0122081243,0.110490381
1205.9,0.0122073066,0.110486681
1206.0,0.0122066641,0.110483773
1206.1,0.0122064105,0.110482625
1206.2,0.0122065508,0.11048326
1206.3,0.0122071354,0.110485906
1206.4,0.0122080576,0.110490079
1206.5,0.0122092767,0.110495596
1206.6,0.0122108018,0.110502497
1206.7,0.012212652,0.110510868
1206.8,0.0122148851,0.110520971
1206.9,0.0122175326,0.110532948
1207.0,0.0122205632,0.110546656
1207.1,0.0122239709,0.110562068
1207.2,0.0122278415,0.110579571
1207.3,0.012232195,0.110599254
1207.4,0.0122369561,0.110620776
1207.5,0.0122419784,0.110643474
1207.6,0.0122471851,0.110667001
1207.7,0.0122524891,0.110690962
1207.8,0.0122577905,0.110714906
1207.9,0.0122630302,0.110738567
1208.0,0.0122683206,0.110762451
1208.1,0.0122737432,0.110786927
1208.2,0.0122792752,0.110811891
1208.3,0.0122848643,0.110837107
1208.4,0.0122905988,0.110862973
1208.5,0.012296509,0.110889625
1208.6,0.0123024244,0.110916295
1208.7,0.0123080759,0.110941768
1208.8,0.0123133814,0.110965677
1208.9,0.0123183996,0.110988286
1209.0,0.0123232298,0.111010044
1209.1,0.012327901,0.111031081
1209.2,0.0123324972,0.111051777
1209.3,0.0123371186,0.111072582
1209.4,0.0123418159,0.111093726
1209.5,0.0123465583,0.111115068
1209.6,0.0123512836,0.111136329
1209.7,0.0123559784,0.111157449
1209.8,0.0123606963,0.111178668
1209.9,0.0123654807,0.111200183
1210.0,0.0123702932,0.11122182
1210.1,0.0123751709,0.111243745
1210.2,0.0123801578,0.111266157
1210.3,0.0123852065,0.111288842
1210.4,0.0123902586,0.111311539
1210.5,0.0123953657,0.111334477
1210.6,0.0124005434,0.111357727
1210.7,0.0124058584,0.111381589
1210.8,0.0124113121,0.111406068
1210.9,0.0124167213,0.111430343
1211.0,0.0124217919,0.111453093
1211.1,0.0124264024,0.111473774
1211.2,0.0124305347,0.111492308
1211.3,0.0124343295,0.111509325
1211.4,0.0124379507,0.111525561
1211.5,0.0124413991,0.11154102
1211.6,0.0124446724,0.111555692
1211.7,0.0124479031,0.111570171
1211.8,0.0124512553,0.111585193
1211.9,0.0124547437,0.111600823
1212.0,0.0124582778,0.111616656
1212.1,0.0124617438,0.111632181
1212.2,0.0124651015,0.111647219
1212.3,0.0124683665,0.11166184
1212.4,0.0124715628,0.111676151
1212.5,0.0124747381,0.111690367
1212.6,0.0124779118,0.111704574
1212.7,0.0124810382,0.111718567
1212.8,0.0124841217,0.111732366
1212.9,0.0124869882,0.111745193
1213.0,0.01248932,0.111755626
1213.1,0.0124911002,0.111763591
1213.2,0.0124923683,0.111769264
1213.3,0.0124932828,0.111773354
1213.4,0.0124940041,0.111776581
1213.5,0.0124946191,0.111779332
1213.6,0.0124952175,0.111782009
1213.7,0.0124958079,0.11178465
1213.8,0.0124963999,0.111787297
1213.9,0.0124970859,0.111790366
1214.0,0.012497944,0.111794204
1214.1,0.0124989836,0.111798853
1214.2,0.0125002481,0.111804508
1214.3,0.0125017553,0.111811249
1214.4,0.0125034741,0.111818934
1214.5,0.012505395,0.111827523
1214.6,0.0125074654,0.11183678
1214.7,0.0125095356,0.111846035
1214.8,0.0125115794,0.111855172
1214.9,0.0125135286,0.111863884
1215.0,0.0125154492,0.111872469
1215.1,0.012517455,0.111881433
1215.2,0.0125195113,0.111890622
1215.3,0.0125215746,0.111899842
1215.4,0.0125236568,0.111909145
1215.5,0.0125256902,0.11191823
1215.6,0.0125276604,0.111927031
1215.7,0.0125295548,0.111935494
1215.8,0.0125313124,0.111943345
1215.9,0.0125328807,0.111950349
1216.0,0.0125343258,0.111956803
1216.1,0.0125357702,0.111963254
1216.2,0.0125372873,0.111970029
1216.3,0.0125388245,0.111976893
1216.4,0.0125404468,0.111984136
1216.5,0.0125422212,0.111992059
1216.6,0.012544165,0.112000737
1216.7,0.0125462945,0.112010243
1216.8,0.0125485519,0.112020319
1216.9,0.0125510445,0.112031444
1217.0,0.0125537513,0.112043524
1217.1,0.0125566529,0.112056472
1217.2,0.0125598308,0.112070651
1217.3,0.0125631629,0.112085516
1217.4,0.0125665865,0.112100787
1217.5,0.0125701277,0.112116581
1217.6,0.0125738061,0.112132984
1217.7,0.0125775915,0.112149862
1217.8,0.0125814498,0.112167062
1217.9,0.0125854511,0.112184897
1218.0,0.012589606,0.112203413
1218.1,0.0125940375,0.112223159
1218.2,0.0125987942,0.11224435
1218.3,0.0126037162,0.112266273
1218.4,0.0126086145,0.112288087
1218.5,0.0126135458,0.112310043
1218.6,0.0126184911,0.112332057
1218.7,0.0126234196,0.112353992
1218.8,0.0126283585,0.11237597
1218.9,0.0126333161,0.112398025
1219.0,0.0126382678,0.112420051
1219.1,0.0126432958,0.112442411
1219.2,0.0126484508,0.112465332
1219.3,0.0126537669,0.112488963
1219.4,0.0126592817,0.112513473
1219.5,0.0126650114,0.112538933
1219.6,0.0126709875,0.112565481
1219.7,0.0126771743,0.112592958
1219.8,0.0126835271,0.112621166
1219.9,0.0126900066,0.11264993
1220.0,0.0126966425,0.112679379
1220.1,0.0127034038,0.112709377
1220.2,0.012710239,0.112739696
1220.3,0.0127171878,0.112770509
1220.4,0.0127242215,0.112801691
1220.5,0.0127312742,0.112832948
1220.6,0.0127383545,0.112864319
1220.7,0.012745539,0.112896143
1220.8,0.0127528171,0.112928372
1220.9,0.0127600526,0.112960403
1221.0,0.0127673209,0.11299257
1221.1,0.0127746737,0.113025102
1221.2,0.0127820809,0.113057865
1221.3,0.0127894937,0.113090644
1221.4,0.0127969846,0.113123758
1221.5,0.012804522,0.113157068
1221.6,0.0128120478,0.113190317
1221.7,0.012819547,0.113223438
1221.8,0.012826982,0.113256267
1221.9,0.012834391,0.113288971
1222.0,0.0128417895,0.11332162
1222.1,0.0128491612,0.11335414
1222.2,0.0128565237,0.113386612
1222.3,0.0128639434,0.113419326
1222.4,0.0128713918,0.113452156
1222.5,0.0128787633,0.113484639
1222.6,0.0128859832,0.113516445
1222.7,0.0128931031,0.113547801
1222.8,0.0129001996,0.113579046
1222.9,0.0129073101,0.113610343
1223.0,0.0129144268,0.11364166
1223.1,0.0129215459,0.113672978
1223.2,0.0129286004,0.113704003
1223.3,0.012935527,0.113734458
1223.4,0.0129423418,0.113764414
1223.5,0.0129491151,0.113794179
1223.6,0.0129558429,0.113823736
1223.7,0.0129624787,0.113852882
1223.8,0.0129690778,0.113881859
1223.9,0.0129756215,0.113910586
1224.0,0.012981964,0.113938422
1224.1,0.0129880115,0.113964957
1224.2,0.0129937968,0.113990337
1224.3,0.0129993973,0.1140149
1224.4,0.0130047437,0.114038343
1224.5,0.0130097465,0.114060276
1224.6,0.0130143195,0.114080321
1224.7,0.0130184049,0.114098225
1224.8,0.0130220631,0.114114254
1224.9,0.0130253349,0.114128589
1225.0,0.0130282491,0.114141356
1225.1,0.0130308032,0.114152544
1225.2,0.0130327666,0.114161143
1225.3,0.0130341231,0.114167084
1225.4,0.0130349044,0.114170506
1225.5,0.0130350036,0.11417094
1225.6,0.0130345536,0.11416897
1225.7,0.0130336476,0.114165002
1225.8,0.0130324538,0.114159773
1225.9,0.0130311961,0.114154264
1226.0,0.0130299253,0.114148698
1226.1,0.0130285821,0.114142815
1226.2,0.0130271727,0.11413664
1226.3,0.0130257406,0.114130367
1226.4,0.0130243316,0.114124194
1226.5,0.0130228689,0.114117785
1226.6,0.013021381,0.114111266
1226.7,0.0130198193,0.114104423
1226.8,0.013018394,0.114098177
1226.9,0.0130171534,0.11409274
1227.0,0.0130161382,0.114088291
1227.1,0.0130152695,0.114084484
1227.2,0.0130146289,0.114081677
1227.3,0.0130142141,0.114079858
1227.4,0.0130139403,0.114078658
1227.5,0.0130139298,0.114078613
1227.6,0.0130142438,0.114079989
1227.7,0.0130149137,0.114082925
1227.8,0.0130158921,0.114087213
1227.9,0.0130170399,0.114092243
1228.0,0.0130182986,0.114097759
1228.1,0.0130197167,0.114103973
1228.2,0.013021265,0.114110758
1228.3,0.013022924,0.114118026
1228.4,0.013024655,0.114125611
1228.5,0.0130265009,0.114133697
1228.6,0.0130284544,0.114142255
1228.7,0.0130305407,0.114151394
1228.8,0.0130327142,0.114160914
1228.9,0.0130348915,0.114170449
1229.0,0.0130371872,0.114180503
1229.1,0.0130396269,0.114191186
1229.2,0.0130421278,0.114202136
1229.3,0.0130445894,0.114212913
1229.4,0.0130469035,0.114223043
1229.5,0.0130489511,0.114232006
1229.6,0.0130507634,0.114239938
1229.7,0.0130521949,0.114246203
1229.8,0.0130531826,0.114250525
1229.9,0.0130537872,0.114253171
1230.0,0.0130539133,0.114253723
1230.1,0.0130535803,0.114252266
1230.2,0.0130529221,0.114249386
1230.3,0.0130521182,0.114245867
1230.4,0.0130514132,0.114242782
1230.5,0.0130509466,0.11424074
1230.6,0.0130506209,0.114239314
1230.7,0.0130501698,0.11423734
1230.8,0.0130494651,0.114234255
1230.9,0.0130484251,0.114229703
1231.0,0.0130469256,0.114223139
1231.1,0.013044905,0.114214294
1231.2,0.0130423036,0.114202905
1231.3,0.0130391182,0.114188958
1231.4,0.0130355699,0.11417342
1231.5,0.0130320426,0.114157972
1231.6,0.0130285903,0.11414285
1231.7,0.0130253564,0.114128683
1231.8,0.0130223758,0.114115625
1231.9,0.0130194537,0.114102821
1232.0,0.0130168325,0.114091334
1232.1,0.0130145959,0.114081532
1232.2,0.0130126931,0.114073192
1232.3,0.0130111474,0.114066416
1232.4,0.0130099528,0.11406118
1232.5,0.0130090984,0.114057435
1232.6,0.0130085171,0.114054886
1232.7,0.0130079692,0.114052484
1232.8,0.0130074093,0.11405003
1232.9,0.0130070199,0.114048323
1233.0,0.0130066803,0.114046834
1233.1,0.0130063319,0.114045307
1233.2,0.0130059073,0.114043445
1233.3,0.0130053969,0.114041207
1233.4,0.0130047693,0.114038455
1233.5,0.0130041533,0.114035755
1233.6,0.0130036151,0.114033395
1233.7,0.0130031205,0.114031226
1233.8,0.0130027393,0.114029554
1233.9,0.0130025418,0.114028688
1234.0,0.0130025503,0.114028726
1234.1,0.0130027604,0.114029647
1234.2,0.0130030697,0.114031003
1234.3,0.0130034239,0.114032556
1234.4,0.0130038117,0.114034257
1234.5,0.0130041154,0.114035588
1234.6,0.0130042587,0.114036217
1234.7,0.013004227,0.114036077
1234.8,0.013004159,0.114035779
1234.9,0.0130041344,0.114035672
1235.0,0.0130040881,0.114035469
1235.1,0.0130041002,0.114035522
1235.2,0.0130041881,0.114035907
1235.3,0.0130043857,0.114036774
1235.4,0.0130047198,0.114038238
1235.5,0.0130051369,0.114040067
1235.6,0.0130056799,0.114042448
1235.7,0.013006285,0.114045101
1235.8,0.0130068846,0.11404773
1235.9,0.0130074115,0.114050039
1236.0,0.0130079119,0.114052233
1236.1,0.0130082881,0.114053882
1236.2,0.0130084916,0.114054775
1236.3,0.0130084835,0.114054739
1236.4,0.0130083047,0.114053955
1236.5,0.0130080001,0.11405262
1236.6,0.0130075296,0.114050557
1236.7,0.0130068603,0.114047623
1236.8,0.0130060298,0.114043982
1236.9,0.0130051051,0.114039928
1237.0,0.0130040462,0.114035285
1237.1,0.0130028789,0.114030167
1237.2,0.013001719,0.114025081
1237.3,0.0130007136,0.114020672
1237.4,0.0129998619,0.114016937
1237.5,0.0129988451,0.114012478
1237.6,0.0129974511,0.114006364
1237.7,0.0129957525,0.113998914
1237.8,0.0129939605,0.113991055
1237.9,0.0129921975,0.113983321
1238.0,0.0129905032,0.113975889
1238.1,0.0129889243,0.113968962
1238.2,0.0129874274,0.113962395
1238.3,0.0129860264,0.113956248
1238.4,0.0129847417,0.113950611
1238.5,0.0129838189,0.113946562
1238.6,0.0129833291,0.113944412
1238.7,0.0129829988,0.113942963
1238.8,0.0129829831,0.113942894
1238.9,0.0129834732,0.113945045
1239.0,0.0129843082,0.113948709
1239.1,0.0129855106,0.113953985
1239.2,0.0129871467,0.113961163
1239.3,0.0129891628,0.113970008
1239.4,0.0129914838,0.11398019
1239.5,0.0129941219,0.113991763
1239.6,0.0129971141,0.114004886
1239.7,0.0130004546,0.114019536
1239.8,0.0130041174,0.114035597
1239.9,0.0130079823,0.114052542
1240.0,0.0130120381,0.114070321
1240.1,0.0130163735,0.114089323
1240.2,0.0130208659,0.114109009
1240.3,0.0130254751,0.114129203
1240.4,0.0130302892,0.114150292
1240.5,0.0130353735,0.11417256
1240.6,0.0130407746,0.114196211
1240.7,0.0130463196,0.114220487
1240.8,0.013051626,0.114243713
1240.9,0.013056564,0.114265323
1241.0,0.0130612194,0.114285692
1241.1,0.0130655436,0.114304609
1241.2,0.013069711,0.114322837
1241.3,0.0130735575,0.114339659
1241.4,0.0130770222,0.114354809
1241.5,0.0130801227,0.114368364
1241.6,0.0130828634,0.114380345
1241.7,0.0130851989,0.114390554
1241.8,0.0130871771,0.114399201
1241.9,0.0130889025,0.114406742
1242.0,0.0130904474,0.114413493
1242.1,0.0130919423,0.114420026
1242.2,0.01309341,0.114426439
1242.3,0.0130947292,0.114432204
1242.4,0.013095989,0.114437708
1242.5,0.0130971532,0.114442794
1242.6,0.0130981885,0.114447318
1242.7,0.013099024,0.114450968
1242.8,0.0130995836,0.114453412
1242.9,0.0130997965,0.114454342
1243.0,0.0130996548,0.114453723
1243.1,0.0130992941,0.114452148
1243.2,0.013098881,0.114450343
1243.3,0.013098497,0.114448666
1243.4,0.0130981904,0.114447326
1243.5,0.0130980145,0.114446557
1243.6,0.0130980277,0.114446615
1243.7,0.0130982478,0.114447577
1243.8,0.0130986096,0.114449157
1243.9,0.0130990737,0.114451185
1244.0,0.0130997466,0.114454124
1244.1,0.0131005438,0.114457607
1244.2,0.0131013509,0.114461133
1244.3,0.0131022051,0.114464864
1244.4,0.0131030419,0.114468519
1244.5,0.0131037652,0.114471679
1244.6,0.0131043757,0.114474345
1244.7,0.0131047955,0.114476179
1244.8,0.0131051109,0.114477556
1244.9,0.0131053126,0.114478437
1245.0,0.0131053328,0.114478525
1245.1,0.0131050831,0.114477435
1245.2,0.0131044662,0.11447474
1245.3,0.0131034632,0.11447036
1245.4,0.0131020952,0.114464384
1245.5,0.0131003402,0.114456718
1245.6,0.0130982437,0.114447559
1245.7,0.0130958701,0.114437188
1245.8,0.0130932818,0.114425879
1245.9,0.0130902622,0.114412684
1246.0,0.0130865167,0.114396314
1246.1,0.0130820814,0.114376927
1246.2,0.0130770869,0.114355091
1246.3,0.0130715733,0.114330981
1246.4,0.0130656259,0.114304969
1246.5,0.0130593708,0.114277604
1246.6,0.0130529674,0.114249584
1246.7,0.0130464937,0.114221249
1246.8,0.0130398646,0.114192227
1246.9,0.0130329483,0.114161939
1247.0,0.0130257661,0.114130478
1247.1,0.0130182351,0.114097481
1247.2,0.0130103003,0.114062704
1247.3,0.0130020564,0.11402656
1247.4,0.0129935887,0.113989424
1247.5,0.0129850426,0.113951931
1247.6,0.0129763617,0.113913834
1247.7,0.0129675499,0.11387515
1247.8,0.0129586581,0.113836102
1247.9,0.0129495215,0.113795964
1248.0,0.0129401877,0.113754946
1248.1,0.0129306973,0.113713224
1248.2,0.0129209847,0.113670509
1248.3,0.012911076,0.113626916
1248.4,0.0129010037,0.113582585
1248.5,0.012890767,0.113537514
1248.6,0.0128803458,0.113491611
1248.7,0.0128697596,0.113444963
1248.8,0.0128591935,0.113398384
1248.9,0.0128487841,0.113352477
1249.0,0.0128385192,0.113307189
1249.1,0.0128283137,0.113262146
1249.2,0.0128180478,0.113216818
1249.3,0.0128077762,0.113171446
1249.4,0.0127975818,0.113126398
1249.5,0.0127875328,0.113081974
1249.6,0.0127776427,0.113038235
1249.7,0.0127679245,0.112995241
1249.8,0.0127583863,0.112953027
1249.9,0.0127489761,0.112911364
1250.0,0.0127396221,0.112869934
1250.1,0.012730334,0.112828782
1250.2,0.0127211916,0.11278826
1250.3,0.0127122804,0.112748749
1250.4,0.0127035441,0.11271
1250.5,0.0126948194,0.112671289
1250.6,0.0126861008,0.112632592
1250.7,0.0126774141,0.112594023
1250.8,0.0126688075,0.112555797
1250.9,0.0126602865,0.112517938
1251.0,0.0126518208,0.112480313
1251.1,0.0126434541,0.112443115
1251.2,0.0126353009,0.112406854
1251.3,0.0126273996,0.112371703
1251.4,0.0126197192,0.112337524
1251.5,0.0126121805,0.112303965
1251.6,0.0126046548,0.112270454
1251.7,0.0125970985,0.112236796
1251.8,0.0125895679,0.112203244
1251.9,0.0125821325,0.112170105
1252.0,0.0125748949,0.112137839
1252.1,0.0125679013,0.112106651
1252.2,0.0125611442,0.11207651
1252.3,0.0125545616,0.11204714
1252.4,0.0125480634,0.112018139
1252.5,0.0125416783,0.111989635
1252.6,0.0125354982,0.111962039
1252.7,0.0125294663,0.111935099
1252.8,0.012523642,0.111909079
1252.9,0.0125181589,0.111884579
1253.0,0.0125129443,0.111861273
1253.1,0.0125078574,0.111838533
1253.2,0.0125028273,0.111816042
1253.3,0.0124979989,0.111794449
1253.4,0.0124934856,0.111774262
1253.5,0.0124893154,0.111755605
1253.6,0.0124856104,0.111739028
1253.7,0.0124822587,0.111724029
1253.8,0.0124791288,0.111710021
1253.9,0.0124762368,0.111697076
1254.0,0.0124735957,0.111685253
1254.1,0.012471326,0.111675091
1254.2,0.0124694587,0.11166673
1254.3,0.012467895,0.111659729
1254.4,0.0124666177,0.111654009
1254.5,0.0124655921,0.111649416
1254.6,0.0124647379,0.111645591
1254.7,0.0124640965,0.111642718
1254.8,0.0124636395,0.111640672
1254.9,0.0124634185,0.111639681
1255.0,0.0124635863,0.111640433
1255.1,0.012464222,0.11164328
1255.2,0.012465242,0.111647848
1255.3,0.0124665513,0.111653711
1255.4,0.0124680403,0.111660379
1255.5,0.0124698569,0.111668514
1255.6,0.0124720054,0.111678133
1255.7,0.0124743533,0.111688645
1255.8,0.0124769915,0.111700454
1255.9,0.0124799256,0.111713587
1256.0,0.0124831356,0.111727954
1256.1,0.0124868322,0.111744495
1256.2,0.0124906961,0.111761783
1256.3,0.0124946962,0.111779677
1256.4,0.012498783,0.111797956
1256.5,0.0125029611,0.11181664
1256.6,0.0125073114,0.111836092
1256.7,0.0125118919,0.111856568
1256.8,0.0125167585,0.11187832
1256.9,0.0125217969,0.111900835
1257.0,0.0125269234,0.111923739
1257.1,0.012532192,0.111947273
1257.2,0.0125376834,0.111971797
1257.3,0.0125435325,0.111997913
1257.4,0.0125496826,0.112025366
1257.5,0.0125560226,0.112053659
1257.6,0.0125625222,0.112082658
1257.7,0.0125691809,0.112112359
1257.8,0.0125760998,0.112143211
1257.9,0.0125833765,0.11217565
1258.0,0.0125908792,0.112209087
1258.1,0.012598448,0.112242808
1258.2,0.012606224,0.112277442
1258.3,0.0126141737,0.112312839
1258.4,0.0126222353,0.112348722
1258.5,0.0126303798,0.112384963
1258.6,0.012638537,0.112421248
1258.7,0.0126466488,0.11245732
1258.8,0.0126547506,0.112493336
1258.9,0.0126628368,0.112529271
1259.0,0.0126708032,0.112564662
1259.1,0.0126786712,0.112599606
1259.2,0.0126864431,0.112634112
1259.3,0.0126942672,0.112668839
1259.4,0.0127020912,0.112703555
1259.5,0.0127097913,0.11273771
1259.6,0.0127175045,0.112771914
1259.7,0.0127250523,0.112805374
1259.8,0.0127322334,0.112837199
1259.9,0.0127388085,0.11286633
1260.0,0.0127450564,0.112894005
1260.1,0.0127510827,0.112920692
1260.2,0.0127568851,0.112946382
1260.3,0.0127625911,0.112971638
1260.4,0.0127679672,0.11299543
1260.5,0.0127728103,0.113016858
1260.6,0.0127773928,0.11303713
1260.7,0.0127816086,0.113055777
1260.8,0.0127853551,0.113072345
1260.9,0.0127886046,0.113086713
1261.0,0.0127912515,0.113098415
1261.1,0.0127937035,0.113109254
1261.2,0.0127960457,0.113119608
1261.3,0.0127982415,0.113129313
1261.4,0.0128003221,0.113138509
1261.5,0.0128024616,0.113147963
1261.6,0.0128049096,0.113158781
1261.7,0.012807687,0.113171052
1261.8,0.0128107104,0.113184409
1261.9,0.0128141484,0.113199595
1262.0,0.0128181391,0.113217221
1262.1,0.0128226484,0.113237134
1262.2,0.0128275474,0.113258763
1262.3,0.0128327741,0.113281835
1262.4,0.0128381528,0.113305573
1262.5,0.0128436604,0.113329874
1262.6,0.0128493929,0.113355163
1262.7,0.0128554068,0.113381686
1262.8,0.0128617805,0.11340979
1262.9,0.0128685056,0.113439436
1263.0,0.012875604,0.113470719
1263.1,0.012883105,0.113503767
1263.2,0.0128910896,0.113538934
1263.3,0.0128996815,0.113576765
1263.4,0.012908901,0.113617345
1263.5,0.0129186554,0.113660263
1263.6,0.0129289422,0.113705507
1263.7,0.0129397655,0.11375309
1263.8,0.0129510824,0.113802823
1263.9,0.0129627701,0.113854161
1264.0,0.0129745385,0.113905832
1264.1,0.0129862852,0.113957383
1264.2,0.0129980472,0.114008979
1264.3,0.0130098436,0.114060701
1264.4,0.0130217261,0.114112778
1264.5,0.0130337359,0.114165388
1264.6,0.0130459133,0.114218708
1264.7,0.0130582366,0.114272642
1264.8,0.0130705775,0.114326626
1264.9,0.0130829713,0.114380817
1265.0,0.0130956155,0.114436076
1265.1,0.0131085953,0.114492774
1265.2,0.0131218689,0.114550727
1265.3,0.0131354118,0.114609824
1265.4,0.0131492827,0.114670322
1265.5,0.0131635505,0.114732517
1265.6,0.0131781949,0.114796319
1265.7,0.0131931181,0.114861299
1265.8,0.0132083072,0.1149274
1265.9,0.0132237654,0.114994632
1266.0,0.0132395056,0.115063051
1266.1,0.013255534,0.11513268
1266.2,0.0132718041,0.115203316
1266.3,0.0132883049,0.11527491
1266.4,0.0133051357,0.11534789
1266.5,0.0133223988,0.115422696
1266.6,0.0133401221,0.115499446
1266.7,0.0133582436,0.115577868
1266.8,0.0133767183,0.115657764
1266.9,0.013395429,0.115738624
1267.0,0.013414314,0.11582018
1267.1,0.0134334857,0.115902915
1267.2,0.0134530283,0.11598719
1267.3,0.0134729605,0.116073082
1267.4,0.0134931515,0.116160025
1267.5,0.0135134849,0.116247516
1267.6,0.0135338092,0.116334901
1267.7,0.0135541208,0.116422166
1267.8,0.0135744643,0.116509503
1267.9,0.0135948308,0.116596873
1268.0,0.0136151625,0.116684028
1268.1,0.0136354395,0.116770885
1268.2,0.0136557862,0.116857974
1268.3,0.0136762811,0.116945633
1268.4,0.0136968371,0.117033487
1268.5,0.0137174533,0.117121532
1268.6,0.0137381803,0.117209984
1268.7,0.0137590408,0.117298938
1268.8,0.0137800412,0.11738842
1268.9,0.0138011389,0.117478249
1269.0,0.0138222666,0.117568136
1269.1,0.0138434454,0.117658172
1269.2,0.0138646172,0.117748109
1269.3,0.0138857415,0.117837776
1269.4,0.0139068626,0.117927362
1269.5,0.0139279165,0.118016594
1269.6,0.0139487661,0.118104895
1269.7,0.0139693531,0.118192018
1269.8,0.0139896748,0.118277956
1269.9,0.0140096901,0.118362537
1270.0,0.0140294173,0.118445841
1270.1,0.0140489401,0.118528225
1270.2,0.0140680833,0.118608951
1270.3,0.0140865277,0.118686679
1270.4,0.0141040845,0.118760618
1270.5,0.0141207307,0.118830681
1270.6,0.0141366085,0.118897471
1270.7,0.0141518232,0.118961436
1270.8,0.0141664099,0.119022729
1270.9,0.0141803917,0.11908145
1271.0,0.014193896,0.119138138
1271.1,0.0142071079,0.119193573
1271.2,0.0142200866,0.119248005
1271.3,0.0142329445,0.119301905
1271.4,0.0142456416,0.119355107
1271.5,0.0142580723,0.11940717
1271.6,0.0142701866,0.119457886
1271.7,0.0142818547,0.119506714
1271.8,0.0142929219,0.119553009
1271.9,0.0143033746,0.119596716
1272.0,0.0143132354,0.119637935
1272.1,0.0143224365,0.119676382
1272.2,0.0143310258,0.119712262
1272.3,0.014339069,0.119745852
1272.4,0.0143466397,0.119777459
1272.5,0.0143537066,0.119806956
1272.6,0.0143602215,0.119834142
1272.7,0.0143662217,0.119859174
1272.8,0.0143717891,0.119882397
1272.9,0.0143768057,0.119903318
1273.0,0.0143812454,0.119921831
1273.1,0.0143851204,0.119937985
1273.2,0.0143884468,0.119951852
1273.3,0.0143912868,0.119963689
1273.4,0.0143936692,0.119973619
1273.5,0.0143957042,0.1199821
1273.6,0.0143975244,0.119989685
1273.7,0.0143991433,0.11999643
1273.8,0.0144005463,0.120002276
1273.9,0.0144016425,0.120006844
1274.0,0.0144024374,0.120010155
1274.1,0.0144030028,0.120012511
1274.2,0.0144034276,0.120014281
1274.3,0.0144038121,0.120015883
1274.4,0.0144041299,0.120017207
1274.5,0.0144040677,0.120016947
1274.6,0.0144034782,0.120014492
1274.7,0.0144024854,0.120010355
1274.8,0.0144010619,0.120004425
1274.9,0.0143992103,0.11999671
1275.0,0.0143970296,0.119987623
1275.1,0.0143946522,0.119977715
1275.2,0.0143921926,0.119967465
1275.3,0.0143897426,0.119957253
1275.4,0.0143873382,0.119947231
1275.5,0.0143850241,0.119937584
1275.6,0.0143826882,0.119927846
1275.7,0.014380215,0.119917534
1275.8,0.0143775223,0.119906306
1275.9,0.0143744614,0.119893542
1276.0,0.0143709648,0.119878959
1276.1,0.0143670155,0.119862486
1276.2,0.0143627073,0.119844513
1276.3,0.0143581761,0.119825607
1276.4,0.0143534464,0.11980587
1276.5,0.0143485838,0.119785574
1276.6,0.0143436088,0.119764806
1276.7,0.0143384841,0.119743409
1276.8,0.0143332133,0.119721399
1276.9,0.014327875,0.119699102
1277.0,0.0143225202,0.119676732
1277.1,0.0143171156,0.11965415
1277.2,0.0143115247,0.119630785
1277.3,0.0143056006,0.119606023
1277.4,0.0142993416,0.119579854
1277.5,0.0142928027,0.11955251
1277.6,0.0142859524,0.119523857
1277.7,0.0142787519,0.119493732
1277.8,0.0142711969,0.119462115
1277.9,0.0142633466,0.119429254
1278.0,0.0142553632,0.119395826
1278.1,0.0142473636,0.119362321
1278.2,0.0142394359,0.119329107
1278.3,0.014231655,0.1192965
1278.4,0.014224022,0.119264504
1278.5,0.0142165362,0.119233117
1278.6,0.0142093355,0.119202917
1278.7,0.0142025994,0.119174659
1278.8,0.0141964145,0.119148707
1278.9,0.0141906514,0.119124521
1279.0,0.0141850655,0.119101073
1279.1,0.0141795585,0.119077951
1279.2,0.0141742145,0.11905551
1279.3,0.0141691994,0.119034446
1279.4,0.0141645477,0.119014905
1279.5,0.0141601705,0.118996515
1279.6,0.0141560955,0.118979391
1279.7,0.0141523698,0.118963733
1279.8,0.0141489824,0.118949495
1279.9,0.0141459451,0.118936727
1280.0,0.0141432693,0.118925478
1280.1,0.014140905,0.118915537
1280.2,0.0141389405,0.118907277
1280.3,0.0141374243,0.118900901
1280.4,0.0141362674,0.118896036
1280.5,0.0141353677,0.118892253
1280.6,0.0141347182,0.118889521
1280.7,0.0141343188,0.118887841
1280.8,0.0141341426,0.1188871
1280.9,0.0141341291,0.118887043
1281.0,0.0141342384,0.118887503
1281.1,0.014134516,0.118888671
1281.2,0.0141349936,0.118890679
1281.3,0.0141356442,0.118893415
1281.4,0.0141365083,0.118897049
1281.5,0.0141376486,0.118901844
1281.6,0.0141391241,0.118908049
1281.7,0.0141409584,0.118915762
1281.8,0.0141430092,0.118924384
1281.9,0.0141450949,0.118933153
1282.0,0.0141470901,0.118941541
1282.1,0.0141489295,0.118949273
1282.2,0.0141506435,0.118956477
1282.3,0.0141521415,0.118962773
1282.4,0.0141534564,0.1189683
1282.5,0.0141548667,0.118974227
1282.6,0.0141563747,0.118980565
1282.7,0.0141579351,0.118987121
1282.8,0.0141596101,0.11899416
1282.9,0.0141614289,0.119001802
1283.0,0.0141634202,0.119010169
1283.1,0.0141656217,0.119019417
1283.2,0.0141680601,0.11902966
1283.3,0.0141707369,0.119040904
1283.4,0.0141735448,0.119052698
1283.5,0.0141763555,0.119064501
1283.6,0.0141791136,0.119076083
1283.7,0.0141818275,0.119087478
1283.8,0.0141845784,0.119099028
1283.9,0.0141873192,0.119110534
1284.0,0.0141899709,0.119121664
1284.1,0.0141925697,0.119132572
1284.2,0.014195132,0.119143325
1284.3,0.0141978048,0.119154542
1284.4,0.0142004309,0.119165561
1284.5,0.0142030849,0.119176696
1284.6,0.0142058171,0.119188158
1284.7,0.0142085507,0.119199625
1284.8,0.0142114502,0.119211787
1284.9,0.0142146012,0.119225003
1285.0,0.0142179688,0.119239125
1285.1,0.01422153,0.119254057
1285.2,0.014225287,0.119269807
1285.3,0.0142291863,0.119286153
1285.4,0.0142332118,0.119303025
1285.5,0.0142373859,0.119320517
1285.6,0.0142416079,0.119338208
1285.7,0.0142459192,0.11935627
1285.8,0.0142503537,0.119374845
1285.9,0.0142547782,0.119393376
1286.0,0.0142591445,0.11941166
1286.1,0.0142634167,0.119429547
1286.2,0.0142675745,0.119446953
1286.3,0.0142716543,0.119464029
1286.4,0.0142756562,0.119480777
1286.5,0.0142794846,0.119496797
1286.6,0.0142829348,0.119511233
1286.7,0.014286018,0.119524132
1286.8,0.0142888279,0.119535885
1286.9,0.0142914395,0.119546809
1287.0,0.0142939161,0.119557167
1287.1,0.014296252,0.119566935
1287.2,0.0142984691,0.119576206
1287.3,0.0143004159,0.119584346
1287.4,0.0143020068,0.119590998
1287.5,0.0143033902,0.119596782
1287.6,0.0143046512,0.119602054
1287.7,0.0143058452,0.119607045
1287.8,0.014307061,0.119612127
1287.9,0.0143083578,0.119617548
1288.0,0.0143097218,0.11962325
1288.1,0.0143110839,0.119628943
1288.2,0.0143124766,0.119634763
1288.3,0.0143137928,0.119640264
1288.4,0.0143147199,0.119644138
1288.5,0.0143150028,0.119645321
1288.6,0.0143146178,0.119643712
1288.7,0.014313733,0.119640014
1288.8,0.0143122972,0.119634013
1288.9,0.0143104326,0.11962622
1289.0,0.0143082233,0.119616986
1289.1,0.0143056599,0.11960627
1289.2,0.0143029538,0.119594957
1289.3,0.0143001584,0.11958327
1289.4,0.0142969314,0.119569776
1289.5,0.0142929181,0.119552993
1289.6,0.0142879731,0.11953231
1289.7,0.0142825407,0.119509584
1289.8,0.0142769016,0.119485989
1289.9,0.0142712002,0.119462129
1290.0,0.0142654323,0.119437985
1290.1,0.014259564,0.119413416
1290.2,0.0142538279,0.119389396
1290.3,0.0142482766,0.119366145
1290.4,0.0142429023,0.119343631
1290.5,0.0142374276,0.119320692
1290.6,0.0142316834,0.119296619
1290.7,0.0142256311,0.11927125
1290.8,0.0142191515,0.119244084
1290.9,0.0142121692,0.119214803
1291.0,0.014204688,0.119183422
1291.1,0.0141969249,0.119150849
1291.2,0.0141887789,0.119116661
1291.3,0.0141801426,0.119080404
1291.4,0.0141710121,0.11904206
1291.5,0.0141614637,0.119001948
1291.6,0.014151571,0.118960376
1291.7,0.0141414276,0.118917735
1291.8,0.0141310953,0.118874284
1291.9,0.0141205028,0.118829722
1292.0,0.0141097407,0.118784429
1292.1,0.0140989024,0.118738799
1292.2,0.0140878402,0.118692208
1292.3,0.0140763553,0.118643817
1292.4,0.0140645988,0.118594261
1292.5,0.0140527655,0.118544361
1292.6,0.0140409504,0.118494516
1292.7,0.0140289753,0.118443976
1292.8,0.0140166433,0.118391906
1292.9,0.0140041377,0.118339079
1293.0,0.013991426,0.118285358
1293.1,0.0139783571,0.118230102
1293.2,0.0139649351,0.118173327
1293.3,0.0139512168,0.118115269
1293.4,0.0139371919,0.118055885
1293.5,0.0139227739,0.117994805
1293.6,0.0139079943,0.11793216
1293.7,0.0138929606,0.117868404
1293.8,0.013877809,0.117804113
1293.9,0.0138623914,0.117738657
1294.0,0.0138466561,0.117671815
1294.1,0.0138307136,0.117604054
1294.2,0.013814558,0.117535348
1294.3,0.0137982136,0.117465798
1294.4,0.0137819465,0.117396535
1294.5,0.013765743,0.117327503
1294.6,0.0137494627,0.117258103
1294.7,0.0137330551,0.117188118
1294.8,0.0137164363,0.117117191
1294.9,0.013699392,0.117044402
1295.0,0.0136817709,0.116969103
1295.1,0.0136636348,0.116891552
1295.2,0.0136450725,0.116812125
1295.3,0.0136261733,0.116731201
1295.4,0.0136070592,0.1166493
1295.5,0.0135878316,0.116566855
1295.6,0.0135685863,0.116484275
1295.7,0.0135493614,0.116401724
1295.8,0.0135301146,0.116319021
1295.9,0.0135107463,0.116235736
1296.0,0.0134911117,0.116151245
1296.1,0.0134712296,0.116065626
1296.2,0.0134511964,0.115979293
1296.3,0.0134311127,0.115892677
1296.4,0.013411166,0.115806589
1296.5,0.0133913865,0.115721158
1296.6,0.0133716993,0.115636064
1296.7,0.0133520057,0.115550879
1296.8,0.013332205,0.115465168
1296.9,0.0133122399,0.115378681
1297.0,0.013292118,0.115291448
1297.1,0.0132719165,0.115203804
1297.2,0.0132516802,0.115115942
1297.3,0.0132314201,0.11502791
1297.4,0.0132111374,0.114939712
1297.5,0.0131908287,0.114851333
1297.6,0.0131704011,0.114762368
1297.7,0.0131497489,0.114672355
1297.8,0.0131289024,0.114581423
1297.9,0.013107999,0.11449017
1298.0,0.0130871664,0.114399154
1298.1,0.0130665103,0.114308837
1298.2,0.0130460853,0.114219461
1298.3,0.0130259655,0.114131352
1298.4,0.0130061985,0.114044722
1298.5,0.0129867423,0.113959389
1298.6,0.0129675348,0.113875084
1298.7,0.0129485407,0.113791655
1298.8,0.0129297399,0.113709014
1298.9,0.012911172,0.113627338
1299.0,0.0128928662,0.113546758
1299.1,0.0128748357,0.113467333
1299.2,0.0128570877,0.113389099
1299.3,0.012839559,0.113311778
1299.4,0.0128221081,0.113234748
1299.5,0.0128047859,0.113158234
1299.6,0.0127876536,0.113082508
1299.7,0.0127707449,0.113007721
1299.8,0.0127541949,0.112934472
1299.9,0.0127379465,0.112862511
1300.0,0.0127219839,0.112791772
1300.1,0.012706359,0.112722487
1300.2,0.0126912066,0.112655255
1300.3,0.012676601,0.112590412
1300.4,0.0126625823,0.11252814
1300.5,0.0126492467,0.11246887
1300.6,0.01263663,0.112412766
1300.7,0.0126246691,0.112359553
1300.8,0.012613373,0.112309274
1300.9,0.0126027767,0.112262089
1301.0,0.012592865,0.112217935
1301.1,0.0125836293,0.112176777
1301.2,0.0125751116,0.112138805
1301.3,0.0125673525,0.112104204
1301.4,0.012560331,0.112072882
1301.5,0.0125539777,0.112044535
1301.6,0.0125482628,0.112019029
1301.7,0.012543123,0.111996085
1301.8,0.0125384533,0.111975235
1301.9,0.0125342079,0.111956277
1302.0,0.0125304822,0.111939636
1302.1,0.0125271657,0.111924822
1302.2,0.0125239693,0.111910542
1302.3,0.0125209054,0.111896851
1302.4,0.01251806,0.111884136
1302.5,0.0125155238,0.111872802
1302.6,0.0125134495,0.111863531
1302.7,0.0125118353,0.111856316
1302.8,0.0125107189,0.111851325
1302.9,0.012510134,0.11184871
1303.0,0.0125100442,0.111848309
1303.1,0.0125103727,0.111849777
1303.2,0.0125109841,0.11185251
1303.3,0.012511788,0.111856104
1303.4,0.0125126703,0.111860048
1303.5,0.012513461,0.111863582
1303.6,0.0125142374,0.111867052
1303.7,0.0125149442,0.111870211
1303.8,0.0125156013,0.111873148
1303.9,0.012516332,0.111876414
1304.0,0.0125171532,0.111880084
1304.1,0.0125180608,0.11188414
1304.2,0.0125191727,0.111889109
1304.3,0.0125204698,0.111894905
1304.4,0.0125217649,0.111900692
1304.5,0.0125229364,0.111905927
1304.6,0.0125240817,0.111911043
1304.7,0.0125252748,0.111916374
1304.8,0.012526553,0.111922084
1304.9,0.012527982,0.111928468
1305.0,0.0125294583,0.111935063
1305.1,0.0125309956,0.11194193
1305.2,0.0125326925,0.111949509
1305.3,0.0125345048,0.111957603
1305.4,0.012536171,0.111965044
1305.5,0.0125377316,0.111972013
1305.6,0.0125391012,0.111978128
1305.7,0.0125401205,0.11198268
1305.8,0.0125408827,0.111986083
1305.9,0.0125416904,0.111989689
1306.0,0.0125427498,0.111994418
1306.1,0.0125440509,0.112000227
1306.2,0.0125455024,0.112006707
1306.3,0.0125467475,0.112012265
1306.4,0.0125474983,0.112015616
1306.5,0.0125476284,0.112016197
1306.6,0.0125472202,0.112014375
1306.7,0.0125464985,0.112011153
1306.8,0.012545671,0.11200746
1306.9,0.0125448056,0.112003596
1307.0,0.0125439649,0.111999843
1307.1,0.0125433598,0.111997142
1307.2,0.0125431725,0.111996306
1307.3,0.0125435188,0.111997852
1307.4,0.0125444232,0.112001889
1307.5,0.0125458546,0.112008279
1307.6,0.0125475589,0.112015887
1307.7,0.0125493122,0.112023713
1307.8,0.0125510327,0.112031391
1307.9,0.0125525338,0.112038091
1308.0,0.0125538778,0.112044089
1308.1,0.0125551426,0.112049733
1308.2,0.0125564033,0.112055358
1308.3,0.0125578532,0.112061828
1308.4,0.0125595206,0.112069267
1308.5,0.012561152,0.112076545
1308.6,0.0125627309,0.112083589
1308.7,0.0125643584,0.112090849
1308.8,0.0125660718,0.112098491
1308.9,0.0125680066,0.112107121
1309.0,0.0125701188,0.112116541
1309.1,0.0125724937,0.112127132
1309.2,0.0125752239,0.112139306
1309.3,0.0125782198,0.112152663
1309.4,0.0125814416,0.112167025
1309.5,0.0125848663,0.11218229
1309.6,0.0125885404,0.112198665
1309.7,0.0125925611,0.112216581
1309.8,0.0125970246,0.112236467
1309.9,0.0126019659,0.112258478
1310.0,0.0126073237,0.112282339
1310.1,0.0126129751,0.112307502
1310.2,0.012618958,0.112334136
1310.3,0.0126252259,0.112362031
1310.4,0.0126315919,0.112390355
1310.5,0.0126380083,0.112418896
1310.6,0.0126444859,0.112447703
1310.7,0.012650967,0.112476518
1310.8,0.0126573295,0.112504798
1310.9,0.0126636193,0.112532748
1311.0,0.0126698624,0.112560483
1311.1,0.0126760844,0.112588118
1311.2,0.0126824178,0.112616241
1311.3,0.0126888945,0.112644993
1311.4,0.0126954268,0.112673985
1311.5,0.0127020005,0.112703152
1311.6,0.0127086606,0.112732696
1311.7,0.0127153729,0.112762462
1311.8,0.0127220751,0.112792177
1311.9,0.0127287246,0.112821649
1312.0,0.0127353097,0.112850829
1312.1,0.0127417393,0.112879313
1312.2,0.0127478944,0.112906574
1312.3,0.0127536522,0.112932069
1312.4,0.0127590469,0.112955951
1312.5,0.0127642632,0.112979039
1312.6,0.0127695438,0.113002406
1312.7,0.0127747637,0.1130255
1312.8,0.0127795487,0.113046666
1312.9,0.0127836464,0.113064789
1313.0,0.0127869844,0.113079549
1313.1,0.0127896373,0.113091279
1313.2,0.0127917625,0.113100674
1313.3,0.0127935015,0.113108362
1313.4,0.0127949209,0.113114636
1313.5,0.0127962887,0.113120682
1313.6,0.0127976496,0.113126697
1313.7,0.0127989631,0.113132502
1313.8,0.012800221,0.113138062
1313.9,0.0128014211,0.113143365
1314.0,0.0128026572,0.113148828
1314.1,0.0128039121,0.113154373
1314.2,0.0128052251,0.113160174
1314.3,0.0128066306,0.113166385
1314.4,0.0128078884,0.113171942
1314.5,0.0128091041,0.113177313
1314.6,0.0128103947,0.113183014
1314.7,0.0128117545,0.113189021
1314.8,0.0128130815,0.113194883
1314.9,0.01281431,0.113200309
1315.0,0.0128152044,0.11320426
1315.1,0.0128156169,0.113206082
1315.2,0.0128155997,0.113206006
1315.3,0.012815337,0.113204845
1315.4,0.0128148307,0.113202609
1315.5,0.0128141346,0.113199535
1315.6,0.0128133039,0.113195865
1315.7,0.0128123324,0.113191574
1315.8,0.0128110918,0.113186094
1315.9,0.0128095207,0.113179153
1316.0,0.0128076698,0.113170976
1316.1,0.0128056129,0.113161888
1316.2,0.0128033997,0.113152109
1316.3,0.0128011028,0.113141958
1316.4,0.0127988437,0.113131975
1316.5,0.0127967134,0.113122559
1316.6,0.0127946833,0.113113586
1316.7,0.0127926501,0.113104598
1316.8,0.0127903554,0.113094454
1316.9,0.0127873751,0.113081277
1317.0,0.0127833905,0.113063657
1317.1,0.0127783596,0.113041407
1317.2,0.0127723197,0.113014688
1317.3,0.0127656535,0.112985191
1317.4,0.0127587702,0.112954726
1317.5,0.0127517284,0.112923551
1317.6,0.0127446552,0.112892228
1317.7,0.0127376592,0.112861239
1317.8,0.0127309182,0.112831371
1317.9,0.0127245209,0.112803018
1318.0,0.0127184621,0.112776159
1318.1,0.0127128134,0.112751113
1318.2,0.0127074278,0.112727228
1318.3,0.0127021673,0.112703892
1318.4,0.0126972187,0.112681936
1318.5,0.0126926571,0.112661693
1318.6,0.0126883394,0.112642529
1318.7,0.0126840261,0.112623382
1318.8,0.0126796427,0.11260392
1318.9,0.0126752409,0.112584372
1319.0,0.0126709128,0.112565149
1319.1,0.0126666362,0.112546151
1319.2,0.0126624154,0.112527398
1319.3,0.0126583209,0.112509204
1319.4,0.0126544148,0.112491843
1319.5,0.0126507799,0.112475686
1319.6,0.01264742,0.112460749
1319.7,0.0126442047,0.112446453
1319.8,0.0126410218,0.112432299
1319.9,0.0126378626,0.112418249
1320.0,0.0126347032,0.112404196
1320.1,0.0126314831,0.112389871
1320.2,0.0126282715,0.112375582
1320.3,0.0126250764,0.112361365
1320.4,0.0126219611,0.112347502
1320.5,0.0126189687,0.112334183
1320.6,0.0126160578,0.112321226
1320.7,0.0126131071,0.11230809
1320.8,0.012610169,0.112295009
1320.9,0.012607259,0.112282051
1321.0,0.0126043004,0.112268875
1321.1,0.012601374,0.112255842
1321.2,0.0125985648,0.112243329
1321.3,0.0125958137,0.112231073
1321.4,0.0125930928,0.11221895
1321.5,0.0125904614,0.112207225
1321.6,0.0125879135,0.112195871
1321.7,0.0125854446,0.112184868
1321.8,0.0125831161,0.112174489
1321.9,0.0125808928,0.112164579
1322.0,0.0125786565,0.11215461
1322.1,0.0125763736,0.112144432
1322.2,0.0125740925,0.112134261
1322.3,0.0125718533,0.112124276
1322.4,0.0125696542,0.112114469
1322.5,0.0125675193,0.112104948
1322.6,0.0125654415,0.11209568
1322.7,0.0125634359,0.112086734
1322.8,0.0125614669,0.11207795
1322.9,0.0125593339,0.112068434
1323.0,0.0125570288,0.112058149
1323.1,0.0125547525,0.112047992
1323.2,0.0125525207,0.112038033
1323.3,0.012550329,0.112028251
1323.4,0.0125480775,0.112018202
1323.5,0.0125457614,0.112007863
1323.6,0.0125434022,0.111997331
1323.7,0.0125409524,0.111986394
1323.8,0.0125384856,0.11197538
1323.9,0.0125361366,0.11196489
1324.0,0.0125340157,0.111955418
1324.1,0.012532223,0.111947412
1324.2,0.0125308229,0.111941158
1324.3,0.0125297938,0.111936562
1324.4,0.0125290154,0.111933084
1324.5,0.0125283623,0.111930167
1324.6,0.0125277991,0.111927651
1324.7,0.0125273052,0.111925445
1324.8,0.0125268543,0.11192343
1324.9,0.012526427,0.111921522
1325.0,0.0125260675,0.111919916
1325.1,0.0125257651,0.111918565
1325.2,0.0125254038,0.111916951
1325.3,0.0125248825,0.111914621
1325.4,0.0125241219,0.111911223
1325.5,0.0125230694,0.111906521
1325.6,0.0125216965,0.111900387
1325.7,0.0125199042,0.111892378
1325.8,0.0125175624,0.111881913
1325.9,0.0125147264,0.111869238
1326.0,0.0125112912,0.111853883
1326.1,0.0125073019,0.111836049
1326.2,0.0125029099,0.111816411
1326.3,0.0124979804,0.111794367
1326.4,0.0124926268,0.11177042
1326.5,0.0124870177,0.111745325
1326.6,0.0124812246,0.111719401
1326.7,0.012475281,0.111692798
1326.8,0.0124691918,0.111665535
1326.9,0.0124629807,0.111637721
1327.0,0.0124565368,0.111608856
1327.1,0.0124496397,0.111577953
1327.2,0.0124421919,0.111544574
1327.3,0.0124342426,0.111508935
1327.4,0.0124259224,0.111471622
1327.5,0.0124172324,0.111432636
1327.6,0.0124082628,0.111392382
1327.7,0.012399038,0.111350968
1327.8,0.0123896393,0.111308757
1327.9,0.0123801265,0.111266017
1328.0,0.0123704592,0.111222566
1328.1,0.0123606495,0.111178458
1328.2,0.0123507212,0.111133799
1328.3,0.0123407655,0.111088998
1328.4,0.0123308934,0.111044556
1328.5,0.0123210196,0.111000088
1328.6,0.0123109937,0.110954917
1328.7,0.0123008846,0.110909353
1328.8,0.0122908029,0.110863894
1328.9,0.0122808179,0.110818852
1329.0,0.0122708323,0.110773789
1329.1,0.0122607654,0.110728341
1329.2,0.0122506105,0.110682476
1329.3,0.012240535,0.110636952
1329.4,0.0122306944,0.11059247
1329.5,0.0122210755,0.110548973
1329.6,0.0122117917,0.110506976
1329.7,0.0122030529,0.110467429
1329.8,0.0121948306,0.110430207
1329.9,0.0121871765,0.110395546
1330.0,0.0121800041,0.110363056
1330.1,0.0121731454,0.110331978
1330.2,0.0121666964,0.110302749
1330.3,0.0121606952,0.110275542
1330.4,0.01215506,0.110249989
1330.5,0.0121500268,0.11022716
1330.6,0.0121456679,0.110207386
1330.7,0.012142001,0.110190748
1330.8,0.012139109,0.110177625
1330.9,0.012136948,0.110167818
1331.0,0.0121354221,0.110160892
1331.1,0.0121345442,0.110156907
1331.2,0.0121343153,0.110155868
1331.3,0.0121348274,0.110158192
1331.4,0.0121360813,0.110163884
1331.5,0.0121380635,0.11017288
1331.6,0.0121406239,0.110184499
1331.7,0.01214373,0.110198594
1331.8,0.0121474048,0.110215266
1331.9,0.0121516776,0.110234648
1332.0,0.0121565684,0.110256829
1332.1,0.0121618757,0.110280895
1332.2,0.0121676389,0.110307021
1332.3,0.0121738903,0.110335354
1332.4,0.0121804784,0.110365205
1332.5,0.0121874491,0.11039678
1332.6,0.012194938,0.110430693
1332.7,0.0122029407,0.110466921
1332.8,0.0122112871,0.110504693
1332.9,0.0122198061,0.110543232
1333.0,0.0122284749,0.110582435
1333.1,0.012237064,0.110621264
1333.2,0.0122453672,0.110658787
1333.3,0.0122533224,0.110694726
1333.4,0.0122609859,0.110729336
1333.5,0.0122684652,0.110763104
1333.6,0.0122758705,0.110796527
1333.7,0.0122832768,0.110829945
1333.8,0.012290783,0.110863804
1333.9,0.0122984082,0.110898188
1334.0,0.0123061673,0.110933166
1334.1,0.0123141312,0.110969055
1334.2,0.0123221787,0.111005309
1334.3,0.0123302752,0.111041772
1334.4,0.0123384744,0.111078686
1334.5,0.0123467374,0.111115874
1334.6,0.012355057,0.111153304
1334.7,0.0123635449,0.111191479
1334.8,0.0123721861,0.111230329
1334.9,0.0123807664,0.111268892
1335.0,0.0123892167,0.111306858
1335.1,0.0123974289,0.111343742
1335.2,0.0124052354,0.111378793
1335.3,0.0124126548,0.111412095
1335.4,0.0124199066,0.111444635
1335.5,0.0124271764,0.111477246
1335.6,0.0124341667,0.111508595
1335.7,0.0124404499,0.111536765
1335.8,0.0124459939,0.111561615
1335.9,0.0124510539,0.11158429
1336.0,0.0124557801,0.111605466
1336.1,0.0124601033,0.111624833
1336.2,0.0124640187,0.11164237
1336.3,0.0124675717,0.111658281
1336.4,0.0124707042,0.111672307
1336.5,0.012473314,0.111683992
1336.6,0.0124752819,0.111692801
1336.7,0.0124767208,0.111699243
1336.8,0.0124777062,0.111703653
1336.9,0.0124781539,0.111705657
1337.0,0.0124780843,0.111705346
1337.1,0.0124776376,0.111703347
1337.2,0.0124768894,0.111699997
1337.3,0.0124759961,0.111695999
1337.4,0.0124750566,0.111691793
1337.5,0.0124741486,0.111687728
1337.6,0.0124733486,0.111684147
1337.7,0.0124727018,0.111681251
1337.8,0.0124721748,0.111678891
1337.9,0.0124716454,0.111676521
1338.0,0.0124710385,0.111673804
1338.1,0.0124702852,0.111670431
1338.2,0.0124692849,0.111665953
1338.3,0.0124679652,0.111660043
1338.4,0.0124663202,0.111652677
1338.5,0.012464273,0.111643509
1338.6,0.0124619288,0.111633009
1338.7,0.0124595562,0.111622382
1338.8,0.0124572295,0.111611959
1338.9,0.0124547093,0.111600669
1339.0,0.0124515924,0.111586703
1339.1,0.0124477521,0.111569495
1339.2,0.0124433376,0.111549709
1339.3,0.0124385666,0.111528322
1339.4,0.0124335338,0.111505757
1339.5,0.0124281894,0.11148179
1339.6,0.0124226704,0.111457034
1339.7,0.0124169745,0.111431479
1339.8,0.0124111535,0.111405357
1339.9,0.0124053871,0.111379474
1340.0,0.0123998803,0.11135475
1340.1,0.0123948428,0.111332129
1340.2,0.01239027,0.11131159
1340.3,0.0123859759,0.111292299
1340.4,0.0123817337,0.111273239
1340.5,0.012377392,0.111253728
1340.6,0.0123726618,0.111232468
1340.7,0.0123673835,0.111208739
1340.8,0.0123618192,0.111183718
1340.9,0.0123562021,0.111158455
1341.0,0.0123507667,0.111134003
1341.1,0.0123456025,0.111110767
1341.2,0.0123407354,0.111088863
1341.3,0.0123361846,0.111068378
1341.4,0.0123318745,0.111048973
1341.5,0.0123277786,0.11103053
1341.6,0.0123239187,0.111013147
1341.7,0.0123202555,0.110996646
1341.8,0.0123168433,0.110981274
1341.9,0.012313691,0.110967072
1342.0,0.0123107593,0.110953861
1342.1,0.0123079754,0.110941315
1342.2,0.0123053032,0.110929271
1342.3,0.0123027412,0.110917723
1342.4,0.0123003261,0.110906835
1342.5,0.0122980707,0.110896667
1342.6,0.0122959499,0.110887104
1342.7,0.0122939009,0.110877865
1342.8,0.0122918491,0.110868612
1342.9,0.0122897502,0.110859146
1343.0,0.0122874949,0.110848973
1343.1,0.0122849849,0.110837651
1343.2,0.0122822926,0.110825505
1343.3,0.0122795341,0.110813059
1343.4,0.0122766657,0.110800116
1343.5,0.0122736033,0.110786296
1343.6,0.0122704372,0.110772006
1343.7,0.0122672251,0.110757506
1343.8,0.0122640938,0.110743369
1343.9,0.0122611777,0.110730202
1344.0,0.012258527,0.110718233
1344.1,0.0122561611,0.110707547
1344.2,0.0122541686,0.110698548
1344.3,0.0122526551,0.110691712
1344.4,0.0122515978,0.110686936
1344.5,0.0122509544,0.11068403
1344.6,0.0122507384,0.110683054
1344.7,0.0122509076,0.110683818
1344.8,0.012251428,0.110686169
1344.9,0.0122523105,0.110690155
1345.0,0.0122534858,0.110695464
1345.1,0.0122548801,0.110701762
1345.2,0.012256481,0.110708992
1345.3,0.0122583319,0.110717351
1345.4,0.0122604743,0.110727026
1345.5,0.012262895,0.110737956
1345.6,0.0122655288,0.110749848
1345.7,0.0122683773,0.110762707
1345.8,0.0122714762,0.110776695
1345.9,0.0122747525,0.110791482
1346.0,0.0122781198,0.110806678
1346.1,0.0122815062,0.110821957
1346.2,0.0122849026,0.11083728
1346.3,0.012288168,0.11085201
1346.4,0.0122914181,0.110866668
1346.5,0.0122947822,0.110881839
1346.6,0.0122982171,0.110897327
1346.7,0.0123016983,0.110913021
1346.8,0.0123052014,0.110928812
1346.9,0.0123086331,0.110944279
1347.0,0.0123118395,0.110958729
1347.1,0.0123147118,0.110971671
1347.2,0.0123173129,0.11098339
1347.3,0.012319728,0.11099427
1347.4,0.0123220191,0.111004591
1347.5,0.0123242467,0.111014624
1347.6,0.0123264324,0.111024468
1347.7,0.0123285016,0.111033786
1347.8,0.0123303396,0.111042062
1347.9,0.0123318244,0.111048748
1348.0,0.0123329281,0.111053717
1348.1,0.0123336294,0.111056875
1348.2,0.0123339693,0.111058405
1348.3,0.0123339463,0.111058301
1348.4,0.0123335112,0.111056342
1348.5,0.0123326114,0.111052291
1348.6,0.0123312394,0.111046114
1348.7,0.0123294407,0.111038015
1348.8,0.0123272827,0.111028297
1348.9,0.0123248236,0.111017222
1349.0,0.0123221218,0.111005053
1349.1,0.0123192526,0.110992129
1349.2,0.012316275,0.110978714
1349.3,0.0123131383,0.110964581
1349.4,0.0123097486,0.110949307
1349.5,0.0123061742,0.110933197
1349.6,0.0123025746,0.110916972
1349.7,0.0122988489,0.110900175
1349.8,0.0122947615,0.110881746
1349.9,0.0122903084,0.110861663
1350.0,0.0122854981,0.110839966
1350.1,0.0122802858,0.110816451
1350.2,0.0122746011,0.110790799
1350.3,0.012268474,0.110763144
1350.4,0.0122620165,0.11073399
1350.5,0.0122553621,0.110703939
1350.6,0.0122486634,0.11067368
1350.7,0.0122419911,0.110643532
1350.8,0.0122353624,0.110613573
1350.9,0.0122288281,0.110584032
1351.0,0.0122223928,0.110554931
1351.1,0.0122160595,0.110526284
1351.2,0.0122098314,0.110498106
1351.3,0.0122038126,0.110470868
1351.4,0.0121981985,0.110445455
1351.5,0.0121930359,0.110422081
1351.6,0.012188184,0.110400109
1351.7,0.0121836172,0.110379424
1351.8,0.0121793477,0.110360082
1351.9,0.0121754588,0.110342461
1352.0,0.0121720276,0.110326912
1352.1,0.0121690648,0.110313484
1352.2,0.012166349,0.110301174
1352.3,0.0121636844,0.110289095
1352.4,0.0121610772,0.110277274
1352.5,0.01215857,0.110265906
1352.6,0.0121562388,0.110255335
1352.7,0.0121540516,0.110245415
1352.8,0.0121519684,0.110235967
1352.9,0.0121500752,0.110227379
1353.0,0.0121485628,0.110220519
1353.1,0.0121473798,0.110215152
1353.2,0.0121466122,0.11021167
1353.3,0.0121461974,0.110209788
1353.4,0.0121461575,0.110209607
1353.5,0.0121464754,0.110211049
1353.6,0.0121470734,0.110213762
1353.7,0.0121478957,0.110217493
1353.8,0.0121488689,0.110221908
1353.9,0.0121500095,0.110227081
1354.0,0.0121513437,0.110233134
1354.1,0.0121528548,0.110239987
1354.2,0.0121545367,0.110247615
1354.3,0.0121563709,0.110255933
1354.4,0.0121582867,0.110264621
1354.5,0.0121601036,0.11027286
1354.6,0.0121616025,0.110279656
1354.7,0.0121626527,0.110284417
1354.8,0.0121632316,0.110287042
1354.9,0.0121634187,0.11028789
1355.0,0.012163277,0.110287248
1355.1,0.012162849,0.110285307
1355.2,0.0121622317,0.110282509
1355.3,0.0121614974,0.110279179
1355.4,0.0121606013,0.110275116
1355.5,0.0121595548,0.110270371
1355.6,0.0121585024,0.110265599
1355.7,0.0121574845,0.110260983
1355.8,0.012156461,0.110256342
1355.9,0.0121554635,0.110251819
1356.0,0.0121544948,0.110247425
1356.1,0.0121534847,0.110242844
1356.2,0.0121523845,0.110237854
1356.3,0.012151146,0.110232237
1356.4,0.0121499096,0.110226628
1356.5,0.0121487571,0.1102214
1356.6,0.0121477267,0.110216726
1356.7,0.0121468091,0.110212563
1356.8,0.0121459512,0.110208671
1356.9,0.0121451902,0.110205218
1357.0,0.012144506,0.110202114
1357.1,0.012143938,0.110199537
1357.2,0.0121435375,0.11019772
1357.3,0.0121433086,0.110196682
1357.4,0.0121433083,0.11019668
1357.5,0.0121435531,0.110197791
1357.6,0.0121439575,0.110199626
1357.7,0.0121443531,0.11020142
1357.8,0.0121447055,0.110203019
1357.9,0.0121451521,0.110205046
1358.0,0.0121456991,0.110207527
1358.1,0.012146279,0.110210159
1358.2,0.0121468721,0.110212849
1358.3,0.0121475523,0.110215935
1358.4,0.0121483832,0.110219704
1358.5,0.0121493466,0.110224075
1358.6,0.0121503848,0.110228784
1358.7,0.0121514536,0.110233632
1358.8,0.0121525916,0.110238794
1358.9,0.0121538456,0.110244481
1359.0,0.0121552856,0.110251012
1359.1,0.0121568047,0.110257901
1359.2,0.0121582337,0.110264381
1359.3,0.0121596435,0.110270773
1359.4,0.0121611079,0.110277413
1359.5,0.0121625739,0.11028406
1359.6,0.0121641229,0.110291082
1359.7,0.012165855,0.110298935
1359.8,0.0121677748,0.110307637
1359.9,0.0121699042,0.110317289
1360.0,0.0121718787,0.110326238
1360.1,0.0121735459,0.110333793
1360.2,0.0121747658,0.110339321
1360.3,0.0121755897,0.110343054
1360.4,0.012176098,0.110345358
1360.5,0.012176453,0.110346966
1360.6,0.01217674,0.110348267
1360.7,0.0121769347,0.110349149
1360.8,0.0121770877,0.110349842
1360.9,0.0121772082,0.110350388
1361.0,0.0121774343,0.110351413
1361.1,0.0121779001,0.110353523
1361.2,0.012178638,0.110356866
1361.3,0.0121796335,0.110361377
1361.4,0.0121808589,0.110366929
1361.5,0.0121822562,0.110373258
1361.6,0.0121837368,0.110379966
1361.7,0.0121853539,0.110387291
1361.8,0.0121872085,0.11039569
1361.9,0.0121892009,0.110404714
1362.0,0.0121912368,0.110413934
1362.1,0.0121932921,0.110423241
1362.2,0.012195362,0.110432613
1362.3,0.012197516,0.110442365
1362.4,0.0121997575,0.110452512
1362.5,0.0122020853,0.11046305
1362.6,0.0122046416,0.11047462
1362.7,0.0122073614,0.110486928
1362.8,0.0122101908,0.110499732
1362.9,0.0122132374,0.110513517
1363.0,0.0122165107,0.110528325
1363.1,0.0122200421,0.110544299
1363.2,0.0122238955,0.110561727
1363.3,0.0122280642,0.110580578
1363.4,0.0122324949,0.11060061
1363.5,0.012237139,0.110621603
1363.6,0.0122419812,0.110643487
1363.7,0.0122470281,0.110666292
1363.8,0.0122522105,0.110689704
1363.9,0.0122574802,0.110713505
1364.0,0.0122628873,0.110737922
1364.1,0.0122684214,0.110762906
1364.2,0.0122740607,0.11078836
1364.3,0.0122797406,0.110813991
1364.4,0.0122852343,0.110838776
1364.5,0.0122903412,0.110861811
1364.6,0.0122950842,0.110883201
1364.7,0.0122995969,0.110903548
1364.8,0.012303852,0.11092273
1364.9,0.0123077464,0.110940283
1365.0,0.012311444,0.110956947
1365.1,0.012315128,0.110973546
1365.2,0.0123187647,0.110989931
1365.3,0.0123222848,0.111005787
1365.4,0.0123257512,0.1110214
1365.5,0.0123293232,0.111037486
1365.6,0.012333085,0.111054424
1365.7,0.0123370018,0.111072057
1365.8,0.0123408792,0.11108951
1365.9,0.0123443768,0.111105251
1366.0,0.0123472939,0.111118378
1366.1,0.0123496888,0.111129153
1366.2,0.012351738,0.111138373
1366.3,0.0123536662,0.111147047
1366.4,0.0123555828,0.111155669
1366.5,0.0123574227,0.111163945
1366.6,0.0123591252,0.111171603
1366.7,0.0123607186,0.111178768
1366.8,0.0123622631,0.111185714
1366.9,0.0123638394,0.111192803
1367.0,0.0123655183,0.111200352
1367.1,0.0123674207,0.111208906
1367.2,0.0123695943,0.111218678
1367.3,0.0123720012,0.111229498
1367.4,0.0123746314,0.111241321
1367.5,0.0123774934,0.111254184
1367.6,0.0123804939,0.111267668
1367.7,0.0123835589,0.11128144
1367.8,0.0123866968,0.111295538
1367.9,0.0123900413,0.111310562
1368.0,0.0123937645,0.111327285
1368.1,0.0123977214,0.111345055
1368.2,0.0124018172,0.111363446
1368.3,0.0124060296,0.111382358
1368.4,0.0124103677,0.11140183
1368.5,0.0124148464,0.111421929
1368.6,0.0124194693,0.111442673
1368.7,0.0124242642,0.111464184
1368.8,0.0124292599,0.111486591
1368.9,0.0124343998,0.11150964
1369.0,0.0124396693,0.111533265
1369.1,0.0124451025,0.11155762
1369.2,0.0124505711,0.111582127
1369.3,0.0124559119,0.111606057
1369.4,0.0124610302,0.111628985
1369.5,0.0124658828,0.111650718
1369.6,0.0124704533,0.111671184
1369.7,0.0124746156,0.111689819
1369.8,0.0124782904,0.111706268
1369.9,0.0124815969,0.111721067
1370.0,0.0124845965,0.111734491
1370.1,0.0124873001,0.111746589
1370.2,0.0124897043,0.111757346
1370.3,0.0124917853,0.111766656
1370.4,0.0124935145,0.111774391
1370.5,0.0124948798,0.111780498
1370.6,0.0124959037,0.111785078
1370.7,0.0124966363,0.111788355
1370.8,0.0124970705,0.111790297
1370.9,0.0124972529,0.111791113
1371.0,0.012497257,0.111791131
1371.1,0.0124971308,0.111790567
1371.2,0.0124969133,0.111789594
1371.3,0.01249667,0.111788505
1371.4,0.0124964341,0.11178745
1371.5,0.0124961487,0.111786174
1371.6,0.0124957038,0.111784184
1371.7,0.0124950424,0.111781225
1371.8,0.0124941629,0.111777292
1371.9,0.0124933256,0.111773546
1372.0,0.0124925769,0.111770197
1372.1,0.012491709,0.111766314
1372.2,0.0124904636,0.111760743
1372.3,0.0124887178,0.111752932
1372.4,0.012486712,0.111743957
1372.5,0.0124846118,0.111734559
1372.6,0.0124825447,0.111725309
1372.7,0.0124806345,0.11171676
1372.8,0.0124790175,0.111709523
1372.9,0.0124776778,0.111703526
1373.0,0.0124766735,0.111699031
1373.1,0.0124760653,0.111696308
1373.2,0.0124758832,0.111695493
1373.3,0.012476162,0.111696741
1373.4,0.0124768635,0.111699881
1373.5,0.0124779332,0.111704669
1373.6,0.0124792698,0.111710652
1373.7,0.0124807946,0.111717477
1373.8,0.0124825009,0.111725113
1373.9,0.0124844237,0.111733718
1374.0,0.0124866002,0.111743457
1374.1,0.0124889943,0.111754169
1374.2,0.0124915807,0.11176574
1374.3,0.0124944727,0.111778677
1374.4,0.0124976844,0.111793043
1374.5,0.0125010252,0.111807984
1374.6,0.0125046541,0.111824211
1374.7,0.0125086918,0.111842263
1374.8,0.0125130061,0.111861549
1374.9,0.0125171911,0.111880253
1375.0,0.0125211921,0.111898133
1375.1,0.0125252278,0.111916164
1375.2,0.0125292466,0.111934117
1375.3,0.0125332341,0.111951928
1375.4,0.012537256,0.111969889
1375.5,0.0125412612,0.111987773
1375.6,0.0125452379,0.112005526
1375.7,0.0125491995,0.11202321
1375.8,0.0125530036,0.112040187
1375.9,0.0125566745,0.112056568
1376.0,0.0125602314,0.112072438
1376.1,0.0125635427,0.11208721
1376.2,0.0125663721,0.112099831
1376.3,0.0125688244,0.112110769
1376.4,0.0125709108,0.112120073
1376.5,0.012572439,0.112126888
1376.6,0.0125734774,0.112131519
1376.7,0.0125740329,0.112133995
1376.8,0.0125741672,0.112134594
1376.9,0.0125739302,0.112133537
1377.0,0.0125734685,0.112131479
1377.1,0.0125727944,0.112128473
1377.2,0.0125718968,0.11212447
1377.3,0.0125707856,0.112119515
1377.4,0.0125693003,0.112112891
1377.5,0.0125672628,0.112103804
1377.6,0.0125648502,0.112093043
1377.7,0.0125621718,0.112081095
1377.8,0.012559268,0.11206814
1377.9,0.0125561581,0.112054264
1378.0,0.0125529239,0.112039832
1378.1,0.012549603,0.11202501
1378.2,0.0125462716,0.11201014
1378.3,0.0125429785,0.11199544
1378.4,0.0125396619,0.111980632
1378.5,0.0125362672,0.111965473
1378.6,0.0125327817,0.111949907
1378.7,0.0125292517,0.11193414
1378.8,0.0125257225,0.111918374
1378.9,0.0125222768,0.11190298
1379.0,0.0125189316,0.111888031
1379.1,0.0125156191,0.111873228
1379.2,0.0125123879,0.111858785
1379.3,0.0125092845,0.111844913
1379.4,0.0125063242,0.111831678
1379.5,0.0125033586,0.111818418
1379.6,0.0125003068,0.111804771
1379.7,0.0124971101,0.111790474
1379.8,0.0124936985,0.111775214
1379.9,0.0124900543,0.111758911
1380.0,0.0124861093,0.11174126
1380.1,0.0124816986,0.111721523
1380.2,0.0124768611,0.111699871
1380.3,0.0124717027,0.111676778
1380.4,0.0124664088,0.111653073
1380.5,0.0124609803,0.111628761
1380.6,0.0124553014,0.111603322
1380.7,0.0124495247,0.111577438
1380.8,0.0124437628,0.111551615
1380.9,0.0124379435,0.111525528
1381.0,0.0124320422,0.111499068
1381.1,0.0124261636,0.111472704
1381.2,0.0124204652,0.111447141
1381.3,0.0124149708,0.111422488
1381.4,0.0124096007,0.111398387
1381.5,0.0124042537,0.111374385
1381.6,0.0123987817,0.111349817
1381.7,0.0123932447,0.111324951
1381.8,0.0123876782,0.111299947
1381.9,0.0123820979,0.111274875
1382.0,0.0123766687,0.111250477
1382.1,0.0123713934,0.111226766
1382.2,0.0123661951,0.111203395
1382.3,0.0123609984,0.111180027
1382.4,0.0123557926,0.111156613
1382.5,0.0123506009,0.111133257
1382.6,0.0123455175,0.111110384
1382.7,0.0123405711,0.111088123
1382.8,0.0123358449,0.111066849
1382.9,0.0123313707,0.111046705
1383.0,0.012327178,0.111027825
1383.1,0.0123233285,0.111010488
1383.2,0.0123197293,0.110994276
1383.3,0.0123162205,0.110978469
1383.4,0.0123128859,0.110963444
1383.5,0.0123096599,0.110948907
1383.6,0.0123064912,0.110934626
1383.7,0.0123033894,0.110920645
1383.8,0.0123003408,0.110906902
1383.9,0.0122973432,0.110893387
1384.0,0.0122944246,0.110880226
1384.1,0.0122915196,0.110867126
1384.2,0.0122885659,0.110853804
1384.3,0.0122856087,0.110840465
1384.4,0.0122827923,0.11082776
1384.5,0.0122802065,0.110816093
1384.6,0.0122778538,0.110805477
1384.7,0.0122757199,0.110795848
1384.8,0.0122737895,0.110787136
1384.9,0.0122721002,0.110779512
1385.0,0.0122707068,0.110773222
1385.1,0.0122696433,0.110768422
1385.2,0.0122689096,0.11076511
1385.3,0.0122685523,0.110763497
1385.4,0.0122685651,0.110763555
1385.5,0.0122688609,0.11076489
1385.6,0.012269338,0.110767044
1385.7,0.0122699237,0.110769687
1385.8,0.0122705949,0.110772717
1385.9,0.0122713185,0.110775983
1386.0,0.0122720135,0.11077912
1386.1,0.0122725465,0.110781526
1386.2,0.0122728144,0.110782735
1386.3,0.01227284,0.110782851
1386.4,0.0122726947,0.110782195
1386.5,0.0122723973,0.110780853
1386.6,0.0122719621,0.110778888
1386.7,0.012271432,0.110776496
1386.8,0.0122708351,0.110773802
1386.9,0.0122701783,0.110770837
1387.0,0.0122694553,0.110767573
1387.1,0.0122686905,0.110764121
1387.2,0.0122679595,0.110760821
1387.3,0.0122673532,0.110758084
1387.4,0.0122669578,0.110756299
1387.5,0.0122666807,0.110755048
1387.6,0.0122664322,0.110753926
1387.7,0.0122661696,0.110752741
1387.8,0.0122658537,0.110751315
1387.9,0.0122653926,0.110749233
1388.0,0.0122647035,0.110746122
1388.1,0.012263796,0.110742025
1388.2,0.0122627415,0.110737263
1388.3,0.0122614837,0.110731584
1388.4,0.0122600716,0.110725207
1388.5,0.012258546,0.110718318
1388.6,0.0122569172,0.110710963
1388.7,0.012255296,0.11070364
1388.8,0.0122538218,0.110696982
1388.9,0.0122526799,0.110691824
1389.0,0.0122519674,0.110688605
1389.1,0.0122515488,0.110686715
1389.2,0.0122512911,0.110685551
1389.3,0.0122509672,0.110684087
1389.4,0.0122504305,0.110681663
1389.5,0.0122498604,0.110679088
1389.6,0.012249172,0.110675978
1389.7,0.0122483822,0.110672409
1389.8,0.0122475958,0.110668857
1389.9,0.0122468423,0.110665452
1390.0,0.0122462164,0.110662624
1390.1,0.0122457235,0.110660397
1390.2,0.0122454038,0.110658953
1390.3,0.0122452513,0.110658264
1390.4,0.0122452419,0.110658221
1390.5,0.0122453978,0.110658925
1390.6,0.0122456365,0.110660004
1390.7,0.0122459305,0.110661332
1390.8,0.0122462618,0.110662829
1390.9,0.0122465249,0.110664018
1391.0,0.0122466361,0.11066452
1391.1,0.012246635,0.110664515
1391.2,0.0122465145,0.110663971
1391.3,0.0122463161,0.110663075
1391.4,0.0122461007,0.110662102
1391.5,0.0122459407,0.110661379
1391.6,0.0122457906,0.1106607
1391.7,0.0122457543,0.110660536
1391.8,0.0122458769,0.11066109
1391.9,0.0122461699,0.110662414
1392.0,0.0122466328,0.110664506
1392.1,0.0122470703,0.110666482
1392.2,0.0122474336,0.110668123
1392.3,0.0122478861,0.110670168
1392.4,0.0122484168,0.110672566
1392.5,0.0122489306,0.110674887
1392.6,0.0122495501,0.110677686
1392.7,0.0122504092,0.110681567
1392.8,0.0122515312,0.110686635
1392.9,0.0122526246,0.110691574
1393.0,0.0122535115,0.11069558
1393.1,0.0122543336,0.110699294
1393.2,0.0122552073,0.11070324
1393.3,0.0122561586,0.110707536
1393.4,0.0122572114,0.110712291
1393.5,0.0122584413,0.110717845
1393.6,0.0122599634,0.110724719
1393.7,0.0122618776,0.110733363
1393.8,0.0122641444,0.110743598
1393.9,0.0122665999,0.110754683
1394.0,0.0122691667,0.110766271
1394.1,0.0122720139,0.110779122
1394.2,0.0122752782,0.110793855
1394.3,0.0122790366,0.110810814
1394.4,0.0122832593,0.110829867
1394.5,0.0122877783,0.110850252
1394.6,0.0122926806,0.110872362
1394.7,0.012297977,0.110896244
1394.8,0.0123037269,0.110922166
1394.9,0.0123098998,0.110949988
1395.0,0.0123163226,0.110978929
1395.1,0.0123228129,0.111008166
1395.2,0.0123293751,0.111037719
1395.3,0.0123361013,0.111068003
1395.4,0.012343027,0.111099176
1395.5,0.0123501808,0.111131367
1395.6,0.0123575998,0.111164742
1395.7,0.0123652796,0.111199279
1395.8,0.0123733001,0.111235336
1395.9,0.0123816809,0.111273002
1396.0,0.0123903543,0.111311968
1396.1,0.0123991043,0.111351265
1396.2,0.0124077379,0.111390026
1396.3,0.012416231,0.111428143
1396.4,0.0124245247,0.111465352
1396.5,0.0124326754,0.111501908
1396.6,0.0124408013,0.11153834
1396.7,0.0124488799,0.111574548
1396.8,0.0124569842,0.11161086
1396.9,0.0124651106,0.11164726
1397.0,0.0124732159,0.111683552
1397.1,0.012481253,0.111719528
1397.2,0.0124891795,0.111754998
1397.3,0.0124969958,0.111789963
1397.4,0.0125046866,0.111824356
1397.5,0.0125123111,0.111858442
1397.6,0.0125199761,0.111892699
1397.7,0.0125277504,0.111927433
1397.8,0.012535652,0.111962726
1397.9,0.012543783,0.111999031
1398.0,0.0125521797,0.112036511
1398.1,0.0125608028,0.112074988
1398.2,0.0125695897,0.112114181
1398.3,0.0125785994,0.112154355
1398.4,0.012587919,0.112195895
1398.5,0.0125974473,0.11223835
1398.6,0.0126072033,0.112281803
1398.7,0.0126171024,0.112325876
1398.8,0.0126268726,0.112369358
1398.9,0.0126364764,0.112412083
1399.0,0.0126459329,0.112454137
1399.1,0.0126552483,0.112495548
1399.2,0.0126645087,0.112536699
1399.3,0.0126736359,0.112577244
1399.4,0.0126825447,0.112616805
1399.5,0.0126912393,0.1126554
1399.6,0.0126997312,0.112693084
1399.7,0.0127080457,0.112729968
1399.8,0.012716222,0.112766227
1399.9,0.0127243232,0.112802142
1400.0,0.0127324447,0.112838135
1400.1,0.0127406657,0.112874558
1400.2,0.0127489822,0.112911391
1400.3,0.0127572858,0.112948155
1400.4,0.012765411,0.112984118
1400.5,0.0127733786,0.113019373
1400.6,0.0127812346,0.113054123
1400.7,0.0127888969,0.113088005
1400.8,0.0127963463,0.113120937
1400.9,0.0128035977,0.113152984
1401.0,0.0128106891,0.113184315
1401.1,0.0128176695,0.113215147
1401.2,0.01282454,0.113245485
1401.3,0.0128314032,0.113275784
1401.4,0.0128383898,0.113306619
1401.5,0.0128452328,0.113336811
1401.6,0.01285184,0.113365956
1401.7,0.0128582801,0.113394357
1401.8,0.0128646487,0.113422435
1401.9,0.0128711298,0.113451002
1402.0,0.0128778527,0.113480627
1402.1,0.0128848221,0.11351133
1402.2,0.012892016,0.113543014
1402.3,0.0128994548,0.113575767
1402.4,0.0129070486,0.113609192
1402.5,0.0129146693,0.113642726
1402.6,0.0129223535,0.11367653
1402.7,0.0129301374,0.113710762
1402.8,0.0129380245,0.113745437
1402.9,0.0129460618,0.113780762
1403.0,0.0129541604,0.113816345
1403.1,0.0129621988,0.113851653
1403.2,0.0129701135,0.113886406
1403.3,0.0129780142,0.113921087
1403.4,0.0129860449,0.113956329
1403.5,0.0129942041,0.113992123
1403.6,0.0130025164,0.114028577
1403.7,0.0130110223,0.114065868
1403.8,0.013019772,0.114104215
1403.9,0.0130288484,0.114143981
1404.0,0.0130382665,0.114185229
1404.1,0.0130480666,0.114228134
1404.2,0.0130582486,0.114272694
1404.3,0.0130687812,0.11431877
1404.4,0.0130796349,0.114366231
1404.5,0.0130907721,0.114414912
1404.6,0.0131021493,0.11446462
1404.7,0.0131137086,0.114515102
1404.8,0.0131254149,0.114566203
1404.9,0.0131372586,0.114617881
1405.0,0.013149298,0.114670389
1405.1,0.0131616396,0.114724189
1405.2,0.0131742094,0.114778959
1405.3,0.0131868888,0.11483418
1405.4,0.013199622,0.114889608
1405.5,0.0132124818,0.11494556
1405.6,0.0132255223,0.115002271
1405.7,0.0132387759,0.11505988
1405.8,0.0132523126,0.115118689
1405.9,0.0132662516,0.115179215
1406.0,0.0132806711,0.115241794
1406.1,0.0132953704,0.115305552
1406.2,0.0133102353,0.115369993
1406.3,0.0133253452,0.115435459
1406.4,0.0133405943,0.11550149
1406.5,0.0133557926,0.115567264
1406.6,0.0133708744,0.115632497
1406.7,0.0133860515,0.115698105
1406.8,0.0134013545,0.11576422
1406.9,0.0134168244,0.115831017
1407.0,0.0134325414,0.115898841
1407.1,0.0134486948,0.115968508
1407.2,0.0134653145,0.116040142
1407.3,0.0134822939,0.11611328
1407.4,0.0134995873,0.116187725
1407.5,0.0135171624,0.116263332
1407.6,0.0135349773,0.116339921
1407.7,0.0135529749,0.116417245
1407.8,0.0135709502,0.116494421
1407.9,0.0135888964,0.116571422
1408.0,0.0136068897,0.116648573
1408.1,0.0136248978,0.116725738
1408.2,0.0136429889,0.116803206
1408.3,0.0136612212,0.116881227
1408.4,0.0136794622,0.116959233
1408.5,0.013697249,0.117035247
1408.6,0.0137142323,0.117107781
1408.7,0.0137304233,0.117176889
1408.8,0.0137459662,0.117243192
1408.9,0.0137610274,0.117307405
1409.0,0.0137757026,0.117369939
1409.1,0.0137899841,0.117430763
1409.2,0.0138040338,0.117490569
1409.3,0.0138180279,0.117550108
1409.4,0.0138320083,0.117609559
1409.5,0.0138459687,0.117668894
1409.6,0.0138599672,0.117728362
1409.7,0.0138740726,0.117788253
1409.8,0.0138882289,0.11784833
1409.9,0.0139022984,0.117908008
1410.0,0.0139161646,0.117966795
1410.1,0.0139297749,0.118024467
1410.2,0.0139431317,0.118081039
1410.3,0.0139562067,0.11813639
1410.4,0.0139689506,0.118190315
1410.5,0.0139813198,0.118242631
1410.6,0.0139933419,0.118293457
1410.7,0.0140050614,0.118342982
1410.8,0.0140164491,0.118391085
1410.9,0.0140274353,0.118437474
1411.0,0.0140380287,0.118482187
1411.1,0.0140483557,0.11852576
1411.2,0.0140584166,0.118568194
1411.3,0.0140681302,0.118609149
1411.4,0.0140774757,0.118648539
1411.5,0.0140865135,0.118686619
1411.6,0.0140953508,0.118723843
1411.7,0.0141039379,0.118760001
1411.8,0.0141121039,0.118794377
1411.9,0.0141198261,0.118826875
1412.0,0.0141272655,0.118858174
1412.1,0.0141344883,0.118888554
1412.2,0.0141414974,0.118918028
1412.3,0.0141483424,0.118946805
1412.4,0.0141549841,0.11897472
1412.5,0.0141612767,0.119001163
1412.6,0.0141670927,0.119025597
1412.7,0.0141723657,0.119047745
1412.8,0.0141772456,0.119068239
1412.9,0.0141819076,0.119087815
1413.0,0.014186557,0.119107334
1413.1,0.0141912243,0.119126925
1413.2,0.0141959823,0.119146894
1413.3,0.0142008441,0.119167295
1413.4,0.0142058616,0.119188345
1413.5,0.0142110216,0.119209989
1413.6,0.0142163327,0.119232264
1413.7,0.0142217396,0.119254935
1413.8,0.0142272754,0.119278143
1413.9,0.0142330097,0.119302178
1414.0,0.0142389911,0.119327244
1414.1,0.0142452302,0.119353384
1414.2,0.0142517256,0.119380591
1414.3,0.0142584616,0.1194088
1414.4,0.0142654006,0.119437853
1414.5,0.014272436,0.119467301
1414.6,0.0142794999,0.119496862
1414.7,0.0142864979,0.119526139
1414.8,0.0142932755,0.119554487
1414.9,0.0142998128,0.119581825
1415.0,0.0143061712,0.119608408
1415.1,0.0143123569,0.119634263
1415.2,0.0143183987,0.119659511
1415.3,0.0143242448,0.119683937
1415.4,0.014329931,0.11970769
1415.5,0.0143354516,0.119730746
1415.6,0.0143407693,0.119752951
1415.7,0.0143458785,0.119774282
1415.8,0.0143507879,0.119794774
1415.9,0.0143554644,0.119814291
1416.0,0.0143598667,0.119832661
1416.1,0.0143639913,0.11984987
1416.2,0.0143678151,0.119865821
1416.3,0.0143713228,0.119880452
1416.4,0.0143745371,0.119893858
1416.5,0.0143775095,0.119906253
1416.6,0.014380301,0.119917893
1416.7,0.0143829806,0.119929065
1416.8,0.0143856042,0.119940003
1416.9,0.01438827,0.119951115
1417.0,0.0143910045,0.119962513
1417.1,0.0143937714,0.119974045
1417.2,0.0143965367,0.119985569
1417.3,0.0143993319,0.119997216
1417.4,0.0144022264,0.120009276
1417.5,0.0144052807,0.120022001
1417.6,0.014408475,0.120035307
1417.7,0.0144117794,0.120049071
1417.8,0.0144151346,0.120063044
1417.9,0.0144185689,0.120077346
1418.0,0.0144220788,0.12009196
1418.1,0.0144256311,0.120106749
1418.2,0.0144291886,0.120121557
1418.3,0.0144327257,0.12013628
1418.4,0.0144362064,0.120150765
1418.5,0.0144396468,0.120165081
1418.6,0.0144430584,0.120179276
1418.7,0.0144464145,0.120193238
1418.8,0.0144495359,0.120206223
1418.9,0.0144522978,0.12021771
1419.0,0.014454675,0.120227596
1419.1,0.014456669,0.120235889
1419.2,0.0144583495,0.120242877
1419.3,0.0144597671,0.120248772
1419.4,0.0144610004,0.1202539
1419.5,0.0144621961,0.120258871
1419.6,0.0144635476,0.12026449
1419.7,0.0144651299,0.120271069
1419.8,0.0144670056,0.120278866
1419.9,0.0144691314,0.120287703
1420.0,0.0144714835,0.120297479
1420.1,0.0144740538,0.120308162
1420.2,0.0144767653,0.12031943
1420.3,0.0144794866,0.120330738
1420.4,0.0144823067,0.120342456
1420.5,0.0144853206,0.120354977
1420.6,0.0144886311,0.12036873
1420.7,0.0144922341,0.120383695
1420.8,0.0144961028,0.120399763
1420.9,0.0145000314,0.120416076
1421.0,0.0145036897,0.120431266
1421.1,0.0145069289,0.120444713
1421.2,0.0145098928,0.120457017
1421.3,0.014512582,0.120468178
1421.4,0.0145149305,0.120477925
1421.5,0.0145171015,0.120486935
1421.6,0.0145193212,0.120496146
1421.7,0.0145217269,0.120506128
1421.8,0.0145244407,0.120517388
1421.9,0.0145275301,0.120530204
1422.0,0.0145309347,0.120544327
1422.1,0.0145346823,0.12055987
1422.2,0.0145387888,0.1205769
1422.3,0.0145432259,0.120595298
1422.4,0.0145479453,0.120614863
1422.5,0.0145527914,0.120634951
1422.6,0.0145577406,0.120655462
1422.7,0.0145628793,0.120676756
1422.8,0.0145682126,0.120698851
1422.9,0.0145737553,0.12072181
1423.0,0.014579596,0.120745998
1423.1,0.0145858014,0.120771691
1423.2,0.014592349,0.120798795
1423.3,0.0145992051,0.12082717
1423.4,0.0146063688,0.120856811
1423.5,0.0146138333,0.120887689
1423.6,0.0146214799,0.120919312
1423.7,0.0146291343,0.120950958
1423.8,0.0146366877,0.120982179
1423.9,0.014644145,0.121012995
1424.0,0.0146515987,0.121043788
1424.1,0.0146591167,0.121074839
1424.2,0.0146666822,0.121106078
1424.3,0.0146742924,0.121137494
1424.4,0.0146819476,0.121169087
1424.5,0.0146895878,0.12120061
1424.6,0.0146972215,0.121232097
1424.7,0.014704875,0.121263659
1424.8,0.0147125135,0.12129515
1424.9,0.0147201176,0.121326492
1425.0,0.0147276,0.121357324
1425.1,0.0147350136,0.121387864
1425.2,0.0147424725,0.121418584
1425.3,0.0147499461,0.121449356
1425.4,0.014757342,0.121479801
1425.5,0.0147646354,0.121509816
1425.6,0.0147718213,0.121539381
1425.7,0.0147789219,0.121568589
1425.8,0.0147859912,0.121597661
1425.9,0.014793012,0.121626527
1426.0,0.0147999516,0.121655052
1426.1,0.0148068631,0.121683454
1426.2,0.0148137537,0.121711765
1426.3,0.0148204877,0.121739425
1426.4,0.0148268823,0.121765686
1426.5,0.014832834,0.121790123
1426.6,0.0148382484,0.121812349
1426.7,0.0148429941,0.121831827
1426.8,0.0148469614,0.121848108
1426.9,0.0148501288,0.121861105
1427.0,0.0148524141,0.121870481
1427.1,0.0148539547,0.121876801
1427.2,0.0148549403,0.121880845
1427.3,0.0148554962,0.121883125
1427.4,0.0148556086,0.121883586
1427.5,0.0148554029,0.121882742
1427.6,0.0148550455,0.121881276
1427.7,0.0148545566,0.121879271
1427.8,0.0148539862,0.12187693
1427.9,0.014853387,0.121874472
1428.0,0.0148528023,0.121872074
1428.1,0.0148522696,0.121869888
1428.2,0.0148516216,0.121867229
1428.3,0.0148507287,0.121863566
1428.4,0.0148496924,0.121859314
1428.5,0.0148485194,0.121854501
1428.6,0.0148471161,0.121848743
1428.7,0.0148453496,0.121841494
1428.8,0.0148431568,0.121832495
1428.9,0.0148407207,0.121822497
1429.0,0.0148382928,0.121812531
1429.1,0.0148359034,0.121802723
1429.2,0.014833481,0.121792779
1429.3,0.0148309331,0.121782318
1429.4,0.0148282942,0.121771484
1429.5,0.0148255441,0.121760191
1429.6,0.0148226705,0.12174839
1429.7,0.0148196773,0.121736097
1429.8,0.0148163198,0.121722306
1429.9,0.0148125352,0.121706759
1430.0,0.014808512,0.12169023
1430.1,0.0148042944,0.121672899
1430.2,0.0147998273,0.121654541
1430.3,0.014794958,0.121634526
1430.4,0.0147896607,0.121612749
1430.5,0.0147840801,0.121589803
1430.6,0.0147782061,0.121565645
1430.7,0.0147720468,0.121540309
1430.8,0.0147656589,0.121514028
1430.9,0.0147590757,0.121486937
1431.0,0.0147523718,0.121459342
1431.1,0.0147455043,0.121431068
1431.2,0.0147384401,0.121401977
1431.3,0.0147311518,0.121371956
1431.4,0.0147236025,0.121340853
1431.5,0.0147159356,0.121309256
1431.6,0.0147081446,0.12127714
1431.7,0.0147002293,0.121244502
1431.8,0.0146921312,0.121211102
1431.9,0.0146839215,0.121177232
1432.0,0.0146757548,0.12114353
1432.1,0.0146676876,0.121110229
1432.2,0.0146598285,0.121077779
1432.3,0.0146522534,0.121046493
1432.4,0.014644988,0.121016478
1432.5,0.0146381374,0.12098817
1432.6,0.0146317051,0.120961585
1432.7,0.0146256271,0.120936459
1432.8,0.0146198208,0.120912451
1432.9,0.014614206,0.12088923
1433.0,0.0146086501,0.120866249
1433.1,0.0146031523,0.120843503
1433.2,0.0145977725,0.120821242
1433.3,0.0145924254,0.120799112
1433.4,0.0145871795,0.120777397
1433.5,0.0145822202,0.120756864
1433.6,0.0145776236,0.12073783
1433.7,0.0145733696,0.120720212
1433.8,0.0145695536,0.120704406
1433.9,0.0145662087,0.120690549
1434.0,0.0145632379,0.120678241
1434.1,0.0145605932,0.120667283
1434.2,0.014558269,0.120657652
1434.3,0.0145561245,0.120648765
1434.4,0.0145540916,0.12064034
1434.5,0.0145522191,0.120632579
1434.6,0.0145504581,0.12062528
1434.7,0.0145488423,0.120618582
1434.8,0.0145473849,0.12061254
1434.9,0.0145460169,0.120606869
1435.0,0.014544649,0.120601198
1435.1,0.0145432337,0.12059533
1435.2,0.0145417342,0.120589113
1435.3,0.0145402043,0.120582769
1435.4,0.0145386585,0.12057636
1435.5,0.0145369753,0.120569379
1435.6,0.0145351644,0.12056187
1435.7,0.0145332815,0.12055406
1435.8,0.0145313762,0.120546158
1435.9,0.0145294087,0.120537997
1436.0,0.0145272651,0.120529105
1436.1,0.0145249844,0.120519643
1436.2,0.0145225737,0.120509641
1436.3,0.0145200682,0.120499245
1436.4,0.0145174396,0.120488338
1436.5,0.014514479,0.120476051
1436.6,0.014511128,0.120462143
1436.7,0.0145075264,0.120447193
1436.8,0.0145037334,0.120431447
1436.9,0.0144997753,0.120415013
1437.0,0.0144955933,0.120397647
1437.1,0.0144909676,0.120378435
1437.2,0.014485743,0.120356732
1437.3,0.0144798864,0.1203324
1437.4,0.0144734991,0.120305856
1437.5,0.0144666398,0.120277345
1437.6,0.0144594366,0.120247397
1437.7,0.0144519232,0.120216152
1437.8,0.0144441834,0.120183956
1437.9,0.0144363275,0.120151269
1438.0,0.0144281996,0.120117441
1438.1,0.0144197206,0.120082141
1438.2,0.0144109007,0.120045411
1438.3,0.01440158,0.120006583
1438.4,0.0143916381,0.119965154
1438.5,0.0143812495,0.119921847
1438.6,0.0143706039,0.119877454
1438.7,0.0143598297,0.119832507
1438.8,0.0143488842,0.119786828
1438.9,0.0143376874,0.119740083
1439.0,0.0143262604,0.119692357
1439.1,0.014314681,0.119643976
1439.2,0.0143030282,0.119595268
1439.3,0.0142912983,0.119546218
1439.4,0.0142794205,0.119496529
1439.5,0.0142674052,0.119446244
1439.6,0.0142551632,0.119394988
1439.7,0.0142425944,0.119342341
1439.8,0.014229773,0.119288612
1439.9,0.0142167481,0.119234006
1440.0,0.0142035704,0.119178733
1440.1,0.0141903767,0.119123368
1440.2,0.0141772733,0.119068355
1440.3,0.0141643059,0.11901389
1440.4,0.0141515464,0.118960272
1440.5,0.0141390219,0.118907619
1440.6,0.0141267377,0.118855954
1440.7,0.0141146308,0.118805012
1440.8,0.0141026901,0.118754748
1440.9,0.0140910413,0.118705692
1441.0,0.0140797417,0.118658087
1441.1,0.0140688008,0.118611976
1441.2,0.0140581286,0.11856698
1441.3,0.0140476606,0.118522827
1441.4,0.0140374218,0.118479626
1441.5,0.0140275214,0.118437838
1441.6,0.0140179955,0.118397616
1441.7,0.0140088127,0.11835883
1441.8,0.0139999745,0.118321488
1441.9,0.0139914884,0.118285622
1442.0,0.0139833361,0.118251157
1442.1,0.0139755152,0.118218083
1442.2,0.0139680333,0.118186435
1442.3,0.0139609661,0.118156532
1442.4,0.0139543324,0.118128457
1442.5,0.0139479842,0.118101584
1442.6,0.0139416885,0.118074928
1442.7,0.0139353028,0.118047884
1442.8,0.0139287487,0.11802012
1442.9,0.0139221201,0.117992034
1443.0,0.013915564,0.117964249
1443.1,0.0139090406,0.117936596
1443.2,0.0139025459,0.117909058
1443.3,0.0138960792,0.117881632
1443.4,0.013889592,0.117854113
1443.5,0.0138831232,0.117826666
1443.6,0.0138768187,0.11779991
1443.7,0.013870755,0.117774169
1443.8,0.0138648948,0.117749288
1443.9,0.0138590225,0.117724349
1444.0,0.0138531292,0.117699317
1444.1,0.0138472681,0.117674416
1444.2,0.0138414446,0.117649669
1444.3,0.0138356174,0.117624901
1444.4,0.0138298196,0.117600253
1444.5,0.0138241692,0.117576227
1444.6,0.0138186796,0.11755288
1444.7,0.0138133229,0.117530093
1444.8,0.0138079577,0.117507267
1444.9,0.0138025101,0.117484084
1445.0,0.0137970445,0.117460821
1445.1,0.0137915854,0.117437581
1445.2,0.0137860198,0.117413883
1445.3,0.013780414,0.117390008
1445.4,0.0137748369,0.117366251
1445.5,0.0137693567,0.117342902
1445.6,0.0137640232,0.117320174
1445.7,0.013758762,0.117297749
1445.8,0.0137534544,0.117275123
1445.9,0.0137480833,0.117252221
1446.0,0.0137427048,0.117229283
1446.1,0.0137374504,0.11720687
1446.2,0.0137323198,0.117184981
1446.3,0.0137272304,0.117163264
1446.4,0.0137221581,0.117141616
1446.5,0.0137171628,0.117120292
1446.6,0.0137123989,0.117099953
1446.7,0.0137079127,0.117080796
1446.8,0.013703708,0.117062838
1446.9,0.0136997729,0.117046029
1447.0,0.0136961087,0.117030375
1447.1,0.0136927751,0.117016132
1447.2,0.0136899254,0.117003955
1447.3,0.0136875035,0.116993605
1447.4,0.0136852681,0.11698405
1447.5,0.0136830081,0.116974391
1447.6,0.0136805647,0.116963946
1447.7,0.0136777602,0.116951957
1447.8,0.0136746295,0.116938571
1447.9,0.0136713069,0.116924364
1448.0,0.0136679713,0.116910099
1448.1,0.0136647574,0.116896353
1448.2,0.0136616832,0.116883203
1448.3,0.0136588044,0.116870888
1448.4,0.0136561349,0.116859466
1448.5,0.0136536654,0.1168489
1448.6,0.0136514036,0.116839221
1448.7,0.0136493574,0.116830464
1448.8,0.0136475293,0.11682264
1448.9,0.0136459136,0.116815725
1449.0,0.0136445218,0.116809767
1449.1,0.0136432573,0.116804355
1449.2,0.0136421406,0.116799575
1449.3,0.0136412851,0.116795912
1449.4,0.0136406931,0.116793378
1449.5,0.0136401735,0.116791153
1449.6,0.0136395964,0.116788683
1449.7,0.0136389934,0.116786101
1449.8,0.013638473,0.116783873
1449.9,0.0136381124,0.116782329
1450.0,0.0136379968,0.116781834
1450.1,0.0136381661,0.116782559
1450.2,0.0136384572,0.116783806
1450.3,0.0136386212,0.116784508
1450.4,0.013638628,0.116784536
1450.5,0.01363859,0.116784374
1450.6,0.0136386345,0.116784564
1450.7,0.0136388144,0.116785335
1450.8,0.0136390591,0.116786382
1450.9,0.0136393906,0.116787801
1451.0,0.0136397576,0.116789373
1451.1,0.0136399871,0.116790355
1451.2,0.0136399622,0.116790249
1451.3,0.0136397219,0.11678922
1451.4,0.0136394665,0.116788127
1451.5,0.0136392736,0.116787301
1451.6,0.0136391602,0.116786815
1451.7,0.0136391384,0.116786722
1451.8,0.0136391291,0.116786682
1451.9,0.013639013,0.116786185
1452.0,0.0136387223,0.116784941
1452.1,0.0136384021,0.11678357
1452.2,0.0136381525,0.116782501
1452.3,0.0136380317,0.116781984
1452.4,0.0136381248,0.116782382
1452.5,0.0136384669,0.116783847
1452.6,0.013639089,0.11678651
1452.7,0.0136399374,0.116790143
1452.8,0.0136408405,0.116794009
1452.9,0.0136416401,0.116797432
1453.0,0.0136421914,0.116799792
1453.1,0.0136425051,0.116801135
1453.2,0.0136427537,0.116802199
1453.3,0.0136430517,0.116803475
1453.4,0.0136433674,0.116804826
1453.5,0.0136438363,0.116806833
1453.6,0.0136445568,0.116809918
1453.7,0.0136455159,0.116814023
1453.8,0.0136467285,0.116819213
1453.9,0.0136482518,0.116825732
1454.0,0.0136501823,0.116833994
1454.1,0.013652607,0.116844371
1454.2,0.0136555034,0.116856765
1454.3,0.0136587281,0.116870561
1454.4,0.0136621321,0.116885124
1454.5,0.0136656241,0.11690006
1454.6,0.0136692066,0.116915382
1454.7,0.0136729005,0.116931178
1454.8,0.0136767078,0.116947457
1454.9,0.0136806897,0.116964481
1455.0,0.0136848832,0.116982405
1455.1,0.0136892711,0.117001159
1455.2,0.0136938452,0.117020704
1455.3,0.0136985944,0.117040994
1455.4,0.0137035628,0.117062218
1455.5,0.0137087785,0.117084493
1455.6,0.0137143009,0.117108074
1455.7,0.0137201445,0.117133021
1455.8,0.0137261786,0.117158775
1455.9,0.0137323245,0.117185001
1456.0,0.0137385546,0.117211581
1456.1,0.0137448651,0.117238497
1456.2,0.0137512356,0.117265662
1456.3,0.0137575809,0.117292715
1456.4,0.0137638402,0.117319394
1456.5,0.013769968,0.117345507
1456.6,0.0137759282,0.1173709
1456.7,0.013781734,0.11739563
1456.8,0.013787424,0.117419862
1456.9,0.0137929683,0.117443469
1457.0,0.0137983467,0.117466364
1457.1,0.0138035972,0.117488711
1457.2,0.0138086933,0.117510397
1457.3,0.0138135408,0.11753102
1457.4,0.0138181361,0.117550568
1457.5,0.0138225554,0.117569364
1457.6,0.013826833,0.117587555
1457.7,0.0138309524,0.11760507
1457.8,0.0138349098,0.117621893
1457.9,0.0138386995,0.117638002
1458.0,0.0138423444,0.117653493
1458.1,0.0138458434,0.117668362
1458.2,0.0138491495,0.117682409
1458.3,0.013852245,0.117695561
1458.4,0.013855273,0.117708423
1458.5,0.0138582934,0.117721253
1458.6,0.0138613602,0.117734278
1458.7,0.0138644645,0.117747461
1458.8,0.0138674813,0.117760271
1458.9,0.0138702166,0.117771884
1459.0,0.0138726216,0.117782094
1459.1,0.0138747734,0.117791228
1459.2,0.0138767015,0.117799412
1459.3,0.0138784566,0.117806862
1459.4,0.0138800819,0.11781376
1459.5,0.0138815878,0.11782015
1459.6,0.0138829752,0.117826038
1459.7,0.0138844038,0.1178321
1459.8,0.0138858224,0.117838119
1459.9,0.0138871954,0.117843945
1460.0,0.0138884484,0.117849261
1460.1,0.0138897246,0.117854676
1460.2,0.0138909686,0.117859953
1460.3,0.0138921389,0.117864918
1460.4,0.0138932583,0.117869666
1460.5,0.0138942371,0.117873819
1460.6,0.0138951093,0.117877518
1460.7,0.0138958874,0.117880819
1460.8,0.0138965421,0.117883595
1460.9,0.0138971116,0.117886011
1461.0,0.0138976788,0.117888417
1461.1,0.0138982741,0.117890942
1461.2,0.0138988724,0.117893479
1461.3,0.0138994055,0.11789574
1461.4,0.0138997889,0.117897366
1461.5,0.0138999918,0.117898227
1461.6,0.0138999111,0.117897884
1461.7,0.0138995593,0.117896392
1461.8,0.0138989998,0.117894019
1461.9,0.0138982602,0.117890883
1462.0,0.0138973707,0.11788711
1462.1,0.0138963964,0.117882977
1462.2,0.0138954414,0.117878927
1462.3,0.0138944741,0.117874824
1462.4,0.0138933154,0.117869909
1462.5,0.0138916646,0.117862906
1462.6,0.0138892204,0.117852537
1462.7,0.0138859963,0.117838857
1462.8,0.0138821355,0.117822474
1462.9,0.0138777525,0.117803873
1463.0,0.0138727985,0.117782845
1463.1,0.013867392,0.117759891
1463.2,0.0138617022,0.11773573
1463.3,0.0138558042,0.11771068
1463.4,0.0138497541,0.117684978
1463.5,0.0138436755,0.11765915
1463.6,0.0138375944,0.117633305
1463.7,0.013831474,0.117607287
1463.8,0.0138254237,0.117581562
1463.9,0.0138194994,0.117556367
1464.0,0.0138137896,0.117532079
1464.1,0.0138082563,0.117508537
1464.2,0.0138027794,0.117485231
1464.3,0.0137973235,0.117462009
1464.4,0.0137918571,0.117438738
1464.5,0.0137863784,0.117415409
1464.6,0.0137808245,0.117391756
1464.7,0.0137751717,0.117367677
1464.8,0.0137693828,0.117343013
1464.9,0.0137634835,0.117317874
1465.0,0.0137574839,0.117292301
1465.1,0.0137514068,0.117266392
1465.2,0.0137453142,0.117240412
1465.3,0.0137391758,0.11721423
1465.4,0.0137328388,0.117187195
1465.5,0.0137261494,0.11715865
1465.6,0.0137190789,0.117128472
1465.7,0.0137117012,0.117096974
1465.8,0.0137039862,0.117064026
1465.9,0.0136958049,0.117029077
1466.0,0.0136870182,0.11699153
1466.1,0.0136776853,0.116951636
1466.2,0.0136680158,0.116910289
1466.3,0.0136581294,0.116868
1466.4,0.0136479427,0.11682441
1466.5,0.0136372878,0.116778799
1466.6,0.0136263682,0.116732036
1466.7,0.0136152456,0.116684384
1466.8,0.0136038677,0.116635619
1466.9,0.0135921664,0.116585447
1467.0,0.0135801671,0.116533974
1467.1,0.013567934,0.116481475
1467.2,0.0135554086,0.116427697
1467.3,0.0135426193,0.11637276
1467.4,0.0135294802,0.116316294
1467.5,0.0135160043,0.116258352
1467.6,0.013502151,0.116198757
1467.7,0.0134878481,0.116137195
1467.8,0.0134731663,0.116073969
1467.9,0.013458193,0.116009452
1468.0,0.013442984,0.115943883
1468.1,0.0134275805,0.115877437
1468.2,0.013411888,0.115809706
1468.3,0.0133957143,0.115739856
1468.4,0.013378795,0.115666741
1468.5,0.0133611209,0.115590315
1468.6,0.0133429943,0.115511879
1468.7,0.0133245685,0.115432095
1468.8,0.0133060014,0.115351642
1468.9,0.0132872946,0.115270528
1469.0,0.0132684072,0.115188573
1469.1,0.0132494396,0.11510621
1469.2,0.0132305435,0.1150241
1469.3,0.0132118953,0.114943009
1469.4,0.0131934261,0.11486264
1469.5,0.0131752181,0.114783353
1469.6,0.0131572087,0.114704876
1469.7,0.0131395891,0.114628047
1469.8,0.0131223355,0.114552763
1469.9,0.0131054062,0.114478846
1470.0,0.0130887217,0.114405952
1470.1,0.013072291,0.11433412
1470.2,0.0130563105,0.114264213
1470.3,0.0130408713,0.114196634
1470.4,0.0130260922,0.114131907
1470.5,0.0130120654,0.114070441
1470.6,0.012998863,0.114012556
1470.7,0.0129863577,0.113957701
1470.8,0.0129742045,0.113904366
1470.9,0.0129623571,0.113852348
1471.0,0.0129507,0.113801143
1471.1,0.0129391661,0.113750456
1471.2,0.0129277358,0.113700201
1471.3,0.0129164375,0.113650506
1471.4,0.0129053835,0.113601864
1471.5,0.012894661,0.113554661
1471.6,0.0128842919,0.113508995
1471.7,0.012874269,0.113464836
1471.8,0.0128646449,0.113422418
1471.9,0.0128554909,0.113382057
1472.0,0.0128468176,0.113343802
1472.1,0.0128384188,0.113306747
1472.2,0.0128300437,0.113269783
1472.3,0.012821668,0.113232805
1472.4,0.0128133187,0.113195931
1472.5,0.0128050606,0.113159448
1472.6,0.0127970692,0.113124132
1472.7,0.0127893386,0.113089958
1472.8,0.0127818738,0.113056949
1472.9,0.0127747175,0.113025296
1473.0,0.0127679223,0.112995231
1473.1,0.0127615224,0.112966908
1473.2,0.0127554638,0.112940089
1473.3,0.0127497524,0.112914801
1473.4,0.0127443911,0.112891058
1473.5,0.012739352,0.112868738
1473.6,0.0127346992,0.112848124
1473.7,0.0127304527,0.112829308
1473.8,0.0127265046,0.112811811
1473.9,0.0127229434,0.112796026
1474.0,0.0127198702,0.112782402
1474.1,0.0127172434,0.112770756
1474.2,0.0127149923,0.112760774
1474.3,0.0127131453,0.112752584
1474.4,0.0127117731,0.112746499
1474.5,0.0127108955,0.112742607
1474.6,0.0127105064,0.112740882
1474.7,0.012710607,0.112741328
1474.8,0.0127111441,0.11274371
1474.9,0.0127120262,0.112747622
1475.0,0.0127132099,0.112752871
1475.1,0.012714736,0.112759638
1475.2,0.0127166979,0.112768337
1475.3,0.0127191386,0.112779159
1475.4,0.0127220212,0.112791938
1475.5,0.0127252915,0.112806434
1475.6,0.0127288883,0.112822375
1475.7,0.0127328028,0.112839722
1475.8,0.0127370026,0.11285833
1475.9,0.0127415024,0.112878264
1476.0,0.0127463541,0.112899752
1476.1,0.0127515101,0.112922584
1476.2,0.0127568833,0.112946373
1476.3,0.0127624885,0.112971185
1476.4,0.0127683266,0.11299702
1476.5,0.0127743391,0.113023622
1476.6,0.0127805188,0.113050957
1476.7,0.0127869007,0.113079179
1476.8,0.0127934294,0.113108043
1476.9,0.0128000716,0.113137402
1477.0,0.0128068384,0.113167303
1477.1,0.0128136328,0.113197318
1477.2,0.0128203214,0.113226858
1477.3,0.0128268723,0.113255783
1477.4,0.012833151,0.113283498
1477.5,0.0128391352,0.113309908
1477.6,0.0128449901,0.113335741
1477.7,0.012850792,0.113361334
1477.8,0.0128564593,0.113386328
1477.9,0.0128617847,0.113409809
1478.0,0.012866621,0.113431129
1478.1,0.0128710178,0.113450508
1478.2,0.0128749554,0.11346786
1478.3,0.0128783838,0.113482967
1478.4,0.0128813684,0.113496116
1478.5,0.0128838705,0.113507139
1478.6,0.0128859947,0.113516495
1478.7,0.0128879707,0.113525199
1478.8,0.012889839,0.113533427
1478.9,0.0128915182,0.113540822
1479.0,0.0128929677,0.113547205
1479.1,0.0128940787,0.113552097
1479.2,0.0128947165,0.113554905
1479.3,0.0128947403,0.11355501
1479.4,0.0128941362,0.11355235
1479.5,0.0128929752,0.113547238
1479.6,0.0128912337,0.113539569
1479.7,0.0128889251,0.113529402
1479.8,0.012886016,0.113516589
1479.9,0.0128825232,0.113501203
1480.0,0.0128784869,0.113483421
1480.1,0.0128740094,0.113463692
1480.2,0.0128691795,0.113442406
1480.3,0.0128640875,0.113419961
1480.4,0.0128587461,0.113396411
1480.5,0.0128531578,0.113371768
1480.6,0.0128473433,0.113346122
1480.7,0.0128411786,0.113318924
1480.8,0.0128345169,0.113289527
1480.9,0.0128273494,0.113257889
1481.0,0.0128197758,0.113224449
1481.1,0.0128118508,0.113189447
1481.2,0.0128035346,0.113152705
1481.3,0.012794827,0.113114221
1481.4,0.012785969,0.113075059
1481.5,0.0127771415,0.113036019
1481.6,0.0127682784,0.112996807
1481.7,0.0127590266,0.112955861
1481.8,0.0127491503,0.112912135
1481.9,0.0127385501,0.112865185
1482.0,0.0127271762,0.112814787
1482.1,0.0127151547,0.112761495
1482.2,0.0127026623,0.112706088
1482.3,0.0126898345,0.112649165
1482.4,0.0126767637,0.112591135
1482.5,0.0126635088,0.112532257
1482.6,0.0126499791,0.112472126
1482.7,0.0126361088,0.112410448
1482.8,0.0126219685,0.112347535
1482.9,0.0126076489,0.112283787
1483.0,0.0125931626,0.112219261
1483.1,0.012578643,0.11215455
1483.2,0.0125642611,0.112090415
1483.3,0.0125501247,0.112027339
1483.4,0.0125363182,0.111965701
1483.5,0.012522877,0.111905661
1483.6,0.0125098214,0.111847313
1483.7,0.0124971924,0.111790842
1483.8,0.012484973,0.111736176
1483.9,0.0124731743,0.111683366
1484.0,0.0124618109,0.111632481
1484.1,0.0124508714,0.111583473
1484.2,0.0124403335,0.111536243
1484.3,0.0124301461,0.111490565
1484.4,0.0124203512,0.111446629
1484.5,0.012410991,0.111404627
1484.6,0.0124020479,0.111364482
1484.7,0.01239344,0.111325828
1484.8,0.0123851677,0.111288668
1484.9,0.012377254,0.111253108
1485.0,0.0123696875,0.111219097
1485.1,0.0123624899,0.111186734
1485.2,0.0123556722,0.111156071
1485.3,0.0123492973,0.111127392
1485.4,0.0123433793,0.111100762
1485.5,0.0123378496,0.111075873
1485.6,0.0123327044,0.11105271
1485.7,0.012327929,0.111031207
1485.8,0.0123234831,0.111011185
1485.9,0.0123193201,0.110992433
1486.0,0.0123154124,0.110974828
1486.1,0.0123117147,0.110958167
1486.2,0.0123081696,0.110942191
1486.3,0.0123047131,0.110926611
1486.4,0.0123012973,0.110911214
1486.5,0.0122979012,0.110895903
1486.6,0.0122945954,0.110880996
1486.7,0.012291416,0.110866659
1486.8,0.0122882642,0.110852443
1486.9,0.0122849926,0.110837686
1487.0,0.0122815752,0.110822269
1487.1,0.012278103,0.110806602
1487.2,0.0122745863,0.110790732
1487.3,0.0122710141,0.11077461
1487.4,0.0122674768,0.110758642
1487.5,0.0122640087,0.110742985
1487.6,0.0122605178,0.110727222
1487.7,0.0122568105,0.11071048
1487.8,0.0122527443,0.110692115
1487.9,0.0122483569,0.110672295
1488.0,0.0122438278,0.110651832
1488.1,0.0122392609,0.110631193
1488.2,0.012234755,0.110610827
1488.3,0.0122303947,0.110591115
1488.4,0.0122262738,0.110572482
1488.5,0.0122223091,0.110554553
1488.6,0.0122183593,0.110536688
1488.7,0.0122144877,0.110519173
1488.8,0.0122106415,0.110501771
1488.9,0.0122069002,0.110484842
1489.0,0.0122033126,0.110468605
1489.1,0.0121998244,0.110452815
1489.2,0.0121964603,0.110437585
1489.3,0.0121931709,0.110422692
1489.4,0.0121898676,0.110407733
1489.5,0.0121864083,0.110392066
1489.6,0.0121827814,0.110375638
1489.7,0.0121789137,0.110358116
1489.8,0.0121747484,0.110339242
1489.9,0.012170337,0.11031925
1490.0,0.0121657333,0.110298383
1490.1,0.012161011,0.110276974
1490.2,0.0121562974,0.1102556
1490.3,0.0121516766,0.110234643
1490.4,0.0121470667,0.110213732
1490.5,0.0121422333,0.110191802
1490.6,0.0121369919,0.110168017
1490.7,0.0121312026,0.110141739
1490.8,0.0121248314,0.110112812
1490.9,0.0121178979,0.110081324
1491.0,0.0121104974,0.110047705
1491.1,0.0121027251,0.110012386
1491.2,0.0120946624,0.109975736
1491.3,0.0120863916,0.109938126
1491.4,0.0120780173,0.109900033
1491.5,0.0120695724,0.109861606
1491.6,0.0120611122,0.109823095
1491.7,0.0120527514,0.109785024
1491.8,0.0120446885,0.109748296
1491.9,0.0120370341,0.109713418
1492.0,0.0120297412,0.109680177
1492.1,0.0120226622,0.109647901
1492.2,0.0120155737,0.109615572
1492.3,0.0120083384,0.109582564
1492.4,0.012001052,0.109549313
1492.5,0.0119938015,0.109516216
1492.6,0.0119867123,0.109483845
1492.7,0.011979983,0.109453109
1492.8,0.0119736437,0.109424146
1492.9,0.0119676118,0.10939658
1493.0,0.0119619184,0.109370555
1493.1,0.0119566183,0.109346323
1493.2,0.0119516773,0.109323727
1493.3,0.0119470913,0.10930275
1493.4,0.0119428726,0.109283451
1493.5,0.0119389951,0.109265709
1493.6,0.0119354889,0.109249663
1493.7,0.0119323163,0.109235142
1493.8,0.0119294474,0.10922201
1493.9,0.0119268754,0.109210235
1494.0,0.0119245665,0.109199663
1494.1,0.0119225139,0.109190265
1494.2,0.0119206664,0.109181805
1494.3,0.011918914,0.109173779
1494.4,0.0119171984,0.109165921
1494.5,0.0119152982,0.109157218
1494.6,0.0119132041,0.109147625
1494.7,0.011911032,0.109137674
1494.8,0.011908831,0.10912759
1494.9,0.011906643,0.109117565
1495.0,0.0119045396,0.109107926
1495.1,0.0119025292,0.109098713
1495.2,0.0119006059,0.109089898
1495.3,0.011898769,0.109081479
1495.4,0.0118970185,0.109073455
1495.5,0.0118954282,0.109066164
1495.6,0.0118941059,0.109060102
1495.7,0.0118931535,0.109055736
1495.8,0.0118926068,0.109053229
1495.9,0.0118924081,0.109052318
1496.0,0.0118924147,0.109052348
1496.1,0.0118924198,0.109052372
1496.2,0.0118922663,0.109051668
1496.3,0.01189195,0.109050218
1496.4,0.0118913198,0.109047328
1496.5,0.0118904269,0.109043234
1496.6,0.0118894126,0.109038583
1496.7,0.0118883127,0.109033539
1496.8,0.011887098,0.109027969
1496.9,0.0118858755,0.109022362
1497.0,0.01188478,0.109017338
1497.1,0.0118838468,0.109013058
1497.2,0.0118831566,0.109009892
1497.3,0.0118827238,0.109007907
1497.4,0.0118826354,0.109007502
1497.5,0.0118827965,0.109008241
1497.6,0.0118830764,0.109009524
1497.7,0.0118832637,0.109010384
1497.8,0.0118832478,0.109010311
1497.9,0.0118830308,0.109009315
1498.0,0.0118827035,0.109007814
1498.1,0.0118823597,0.109006237
1498.2,0.0118819489,0.109004353
1498.3,0.0118813968,0.10900182
1498.4,0.0118806348,0.108998325
1498.5,0.0118795849,0.108993509
1498.6,0.0118780988,0.108986691
1498.7,0.0118761599,0.108977796
1498.8,0.0118739006,0.108967429
1498.9,0.0118715052,0.108956437
1499.0,0.0118691219,0.1089455
1499.1,0.0118668593,0.108935115
1499.2,0.0118648741,0.108926003
1499.3,0.0118632841,0.108918704
1499.4,0.0118621019,0.108913277
1499.5,0.0118612317,0.108909282
1499.6,0.0118605742,0.108906263
1499.7,0.0118599622,0.108903454
1499.8,0.0118592669,0.108900261
1499.9,0.0118584562,0.108896539
1500.0,0.0118574636,0.108891981
1500.1,0.0118562089,0.10888622
1500.2,0.0118546807,0.108879202
1500.3,0.0118529419,0.108871217
1500.4,0.0118511349,0.108862918
1500.5,0.0118495096,0.108855453
1500.6,0.0118482856,0.108849831
1500.7,0.0118476013,0.108846687
1500.8,0.0118474673,0.108846072
1500.9,0.0118477991,0.108847596
1501.0,0.0118485653,0.108851115
1501.1,0.0118497947,0.108856762
1501.2,0.0118515187,0.108864681
1501.3,0.0118537231,0.108874805
1501.4,0.0118563495,0.108886865
1501.5,0.0118593454,0.108900622
1501.6,0.0118627515,0.108916259
1501.7,0.0118666366,0.108934093
1501.8,0.0118709923,0.108954083
1501.9,0.0118757642,0.10897598
1502.0,0.0118809167,0.108999618
1502.1,0.0118864302,0.109024906
1502.2,0.0118922381,0.109051539
1502.3,0.0118982176,0.109078951
1502.4,0.0119042976,0.109106817
1502.5,0.0119104968,0.109135222
1502.6,0.0119167903,0.109164052
1502.7,0.0119231336,0.109193102
1502.8,0.0119295118,0.109222304
1502.9,0.0119359565,0.109251803
1503.0,0.0119424361,0.109281454
1503.1,0.0119487991,0.109310563
1503.2,0.0119549733,0.1093388
1503.3,0.0119608343,0.109365599
1503.4,0.0119662488,0.10939035
1503.5,0.011971208,0.109413016
1503.6,0.0119757622,0.109433825
1503.7,0.0119798497,0.1094525
1503.8,0.0119833459,0.10946847
1503.9,0.0119861582,0.109481315
1504.0,0.0119883282,0.109491224
1504.1,0.011989948,0.109498621
1504.2,0.0119908447,0.109502716
1504.3,0.0119908856,0.109502902
1504.4,0.0119903218,0.109500328
1504.5,0.0119894152,0.109496188
1504.6,0.0119883802,0.109491462
1504.7,0.0119873113,0.10948658
1504.8,0.0119860672,0.109480899
1504.9,0.0119847337,0.109474808
1505.0,0.0119834769,0.109469068
1505.1,0.011982233,0.109463387
1505.2,0.0119807654,0.109456683
1505.3,0.0119788412,0.109447893
1505.4,0.0119763419,0.109436474
1505.5,0.0119733367,0.109422743
1505.6,0.0119699702,0.109407359
1505.7,0.0119662963,0.109390568
1505.8,0.0119622925,0.109372266
1505.9,0.0119579477,0.109352401
1506.0,0.0119533222,0.10933125
1506.1,0.0119485251,0.109309309
1506.2,0.0119436669,0.109287085
1506.3,0.0119388222,0.109264917
1506.4,0.0119338982,0.109242383
1506.5,0.0119288321,0.109219193
1506.6,0.011923672,0.109195568
1506.7,0.0119183454,0.109171175
1506.8,0.0119130201,0.109146782
1506.9,0.0119075971,0.109121937
1507.0,0.0119021217,0.109096845
1507.1,0.0118966583,0.109071804
1507.2,0.0118912309,0.10904692
1507.3,0.0118859424,0.109022669
1507.4,0.0118808472,0.108999299
1507.5,0.0118758779,0.108976502
1507.6,0.0118710623,0.108954405
1507.7,0.0118665045,0.108933486
1507.8,0.0118622569,0.108913989
1507.9,0.0118582295,0.108895498
1508.0,0.0118544408,0.108878101
1508.1,0.0118509066,0.108861869
1508.2,0.0118476281,0.10884681
1508.3,0.0118445819,0.108832816
1508.4,0.0118418343,0.108820193
1508.5,0.0118395144,0.108809533
1508.6,0.0118376267,0.108800858
1508.7,0.0118362058,0.108794328
1508.8,0.0118350973,0.108789233
1508.9,0.0118341913,0.108785069
1509.0,0.0118336584,0.10878262
1509.1,0.0118335738,0.108782231
1509.2,0.0118338366,0.108783439
1509.3,0.0118344047,0.10878605
1509.4,0.011835432,0.108790772
1509.5,0.0118369299,0.108797656
1509.6,0.0118389564,0.108806969
1509.7,0.0118416329,0.108819267
1509.8,0.0118448216,0.108833918
1509.9,0.0118483542,0.108850146
1510.0,0.0118521317,0.108867496
1510.1,0.0118560515,0.108885497
1510.2,0.0118600247,0.10890374
1510.3,0.0118640832,0.108922372
1510.4,0.0118682468,0.108941483
1510.5,0.011872499,0.108960998
1510.6,0.0118769321,0.108981338
1510.7,0.0118816317,0.109002898
1510.8,0.0118866736,0.109026022
1510.9,0.0118921696,0.109051225
1511.0,0.0118980973,0.1090784
1511.1,0.0119043161,0.109106902
1511.2,0.0119107724,0.109136485
1511.3,0.0119173369,0.109166556
1511.4,0.0119238257,0.109196272
1511.5,0.0119301721,0.109225327
1511.6,0.0119363058,0.109253402
1511.7,0.0119423155,0.109280902
1511.8,0.0119481737,0.109307702
1511.9,0.0119539491,0.109334117
1512.0,0.0119596445,0.10936016
1512.1,0.0119652729,0.10938589
1512.2,0.0119708897,0.109411561
1512.3,0.0119764823,0.109437116
1512.4,0.0119819981,0.109462314
1512.5,0.0119874184,0.109487069
1512.6,0.0119927499,0.109511414
1512.7,0.011997984,0.109535309
1512.8,0.0120031496,0.109558886
1512.9,0.0120082833,0.109582313
1513.0,0.0120133115,0.109605253
1513.1,0.0120182062,0.10962758
1513.2,0.0120230288,0.109649573
1513.3,0.0120278379,0.1096715
1513.4,0.0120326483,0.109693429
1513.5,0.0120374067,0.109715116
1513.6,0.0120420492,0.109736271
1513.7,0.0120465077,0.109756584
1513.8,0.0120507395,0.10977586
1513.9,0.0120547911,0.109794313
1514.0,0.0120587012,0.109812118
1514.1,0.0120624933,0.109829383
1514.2,0.0120662294,0.10984639
1514.3,0.0120700182,0.109863634
1514.4,0.012073923,0.109881404
1514.5,0.0120779832,0.109899878
1514.6,0.0120821089,0.109918647
1514.7,0.0120861742,0.109937137
1514.8,0.0120902133,0.109955506
1514.9,0.0120942977,0.109974078
1515.0,0.0120983786,0.10999263
1515.1,0.0121024446,0.110011111
1515.2,0.0121064753,0.110029429
1515.3,0.0121105264,0.110047837
1515.4,0.0121146515,0.110066577
1515.5,0.0121187401,0.110085149
1515.6,0.0121227977,0.110103577
1515.7,0.0121269853,0.110122592
1515.8,0.012131359,0.110142449
1515.9,0.0121358773,0.110162958
1516.0,0.0121405834,0.110184316
1516.1,0.0121455203,0.110206716
1516.2,0.0121506396,0.11022994
1516.3,0.0121557761,0.110253236
1516.4,0.0121608821,0.11027639
1516.5,0.012165932,0.110299284
1516.6,0.0121708689,0.110321661
1516.7,0.0121757358,0.110343717
1516.8,0.0121805488,0.110365524
1516.9,0.0121852841,0.110386974
1517.0,0.0121899654,0.110408176
1517.1,0.0121946447,0.110429365
1517.2,0.0121993669,0.110450744
1517.3,0.0122041958,0.110472602
1517.4,0.0122091648,0.11049509
1517.5,0.0122142615,0.11051815
1517.6,0.0122194698,0.110541711
1517.7,0.0122248829,0.110566192
1517.8,0.0122305083,0.110591628
1517.9,0.0122363087,0.11061785
1518.0,0.0122423543,0.110645173
1518.1,0.0122485852,0.110673326
1518.2,0.0122549822,0.110702223
1518.3,0.0122615966,0.110732094
1518.4,0.0122684373,0.110762978
1518.5,0.0122754209,0.110794498
1518.6,0.012282446,0.110826197
1518.7,0.0122894623,0.110857847
1518.8,0.0122963448,0.110888885
1518.9,0.0123029441,0.110918637
1519.0,0.0123094719,0.110948059
1519.1,0.0123159371,0.110977192
1519.2,0.0123222762,0.111005749
1519.3,0.0123282939,0.111032851
1519.4,0.0123339995,0.111058541
1519.5,0.0123395466,0.111083512
1519.6,0.0123449154,0.111107675
1519.7,0.0123501661,0.111131301
1519.8,0.0123552502,0.111154173
1519.9,0.012360173,0.111176315
1520.0,0.0123649201,0.111197662
1520.1,0.012369452,0.111218038
1520.2,0.012373781,0.111237498
1520.3,0.0123778427,0.111255753
1520.4,0.012381618,0.111272719
1520.5,0.0123851017,0.111288372
1520.6,0.0123883224,0.111302841
1520.7,0.0123913603,0.111316487
1520.8,0.0123941908,0.1113292
1520.9,0.012396781,0.111340832
1521.0,0.0123992228,0.111351797
1521.1,0.0124015796,0.11136238
1521.2,0.0124039227,0.111372899
1521.3,0.0124062474,0.111383335
1521.4,0.0124083891,0.111392949
1521.5,0.0124102908,0.111401485
1521.6,0.0124118751,0.111408595
1521.7,0.012412895,0.111413172
1521.8,0.0124132125,0.111414598
1521.9,0.0124129564,0.111413448
1522.0,0.012412115,0.111409672
1522.1,0.0124107101,0.111403367
1522.2,0.0124089289,0.111395372
1522.3,0.0124068269,0.111385937
1522.4,0.0124045162,0.111375564
1522.5,0.0124021178,0.111364796
1522.6,0.0123998185,0.111354472
1522.7,0.0123976283,0.111344638
1522.8,0.0123955044,0.1113351
1522.9,0.012393239,0.111324925
1523.0,0.0123907975,0.111313959
1523.1,0.0123882275,0.111302415
1523.2,0.0123855828,0.111290533
1523.3,0.0123828535,0.11127827
1523.4,0.0123800757,0.111265789
1523.5,0.0123770617,0.111252244
1523.6,0.0123738282,0.11123771
1523.7,0.0123703363,0.111222013
1523.8,0.0123668471,0.111206327
1523.9,0.0123634344,0.111190982
1524.0,0.0123602136,0.111176498
1524.1,0.0123571512,0.111162724
1524.2,0.0123544276,0.111150473
1524.3,0.0123518221,0.111138751
1524.4,0.0123493294,0.111127537
1524.5,0.0123470093,0.111117097
1524.6,0.0123449064,0.111107634
1524.7,0.0123430396,0.111099233
1524.8,0.012341442,0.111092043
1524.9,0.0123400386,0.111085726
1525.0,0.0123387989,0.111080146
1525.1,0.0123377258,0.111075316
1525.2,0.012336916,0.11107167
1525.3,0.0123363528,0.111069135
1525.4,0.0123360147,0.111067613
1525.5,0.0123359853,0.111067481
1525.6,0.0123361455,0.111068202
1525.7,0.0123363932,0.111069317
1525.8,0.0123369017,0.111071606
1525.9,0.0123377672,0.111075502
1526.0,0.0123389593,0.111080868
1526.1,0.0123402408,0.111086636
1526.2,0.0123414047,0.111091875
1526.3,0.0123424477,0.111096569
1526.4,0.0123434085,0.111100893
1526.5,0.0123443375,0.111105074
1526.6,0.0123453259,0.111109522
1526.7,0.0123464596,0.111114624
1526.8,0.0123477356,0.111120365
1526.9,0.0123491539,0.111126747
1527.0,0.0123507526,0.11113394
1527.1,0.0123524479,0.111141567
1527.2,0.0123541664,0.111149298
1527.3,0.0123559366,0.11115726
1527.4,0.0123577568,0.111165448
1527.5,0.012359595,0.111173715
1527.6,0.0123614506,0.11118206
1527.7,0.0123633179,0.111190458
1527.8,0.0123652061,0.111198948
1527.9,0.0123671408,0.111207647
1528.0,0.0123691533,0.111216695
1528.1,0.0123712523,0.111226131
1528.2,0.0123734321,0.11123593
1528.3,0.0123756753,0.111246013
1528.4,0.0123779418,0.111256199
1528.5,0.0123801791,0.111266253
1528.6,0.0123823123,0.111275839
1528.7,0.0123843374,0.111284938
1528.8,0.0123862728,0.111293633
1528.9,0.0123880862,0.11130178
1529.0,0.0123896421,0.111308769
1529.1,0.0123908881,0.111314366
1529.2,0.0123919191,0.111318997
1529.3,0.0123929039,0.11132342
1529.4,0.0123938991,0.11132789
1529.5,0.0123949422,0.111332575
1529.6,0.0123957267,0.111336098
1529.7,0.0123959138,0.111336938
1529.8,0.0123953577,0.111334441
1529.9,0.0123940966,0.111328777
1530.0,0.0123924074,0.11132119
1530.1,0.0123904455,0.111312378
1530.2,0.012388321,0.111302835
1530.3,0.0123860693,0.111292719
1530.4,0.0123837333,0.111282224
1530.5,0.0123813493,0.111271512
1530.6,0.0123788818,0.111260423
1530.7,0.0123762711,0.11124869
1530.8,0.0123734551,0.111236033
1530.9,0.0123704337,0.111222451
1531.0,0.0123672119,0.111207967
1531.1,0.0123638459,0.111192832
1531.2,0.0123604449,0.111177538
1531.3,0.0123571197,0.111162582
1531.4,0.0123538938,0.111148072
1531.5,0.0123507916,0.111134115
1531.6,0.0123478338,0.111120807
1531.7,0.0123450113,0.111108107
1531.8,0.0123423664,0.111096203
1531.9,0.0123398956,0.111085083
1532.0,0.0123375642,0.111074589
1532.1,0.0123353689,0.111064706
1532.2,0.0123332864,0.11105533
1532.3,0.0123313066,0.111046416
1532.4,0.0123294211,0.111037926
1532.5,0.012327616,0.111029798
1532.6,0.0123258972,0.111022057
1532.7,0.0123242553,0.111014662
1532.8,0.0123226826,0.111007579
1532.9,0.0123211662,0.111000749
1533.0,0.0123196482,0.11099391
1533.1,0.0123181226,0.110987038
1533.2,0.0123166084,0.110980216
1533.3,0.0123150717,0.110973293
1533.4,0.0123135083,0.110966248
1533.5,0.0123119331,0.11095915
1533.6,0.0123103488,0.110952011
1533.7,0.0123088016,0.110945039
1533.8,0.0123072507,0.110938049
1533.9,0.0123056701,0.110930925
1534.0,0.012304045,0.1109236
1534.1,0.0123023915,0.110916146
1534.2,0.0123007206,0.110908614
1534.3,0.0122990284,0.110900985
1534.4,0.0122972561,0.110892994
1534.5,0.0122953021,0.110884183
1534.6,0.0122931555,0.110874503
1534.7,0.0122908516,0.110864113
1534.8,0.0122884054,0.11085308
1534.9,0.0122858312,0.110841469
1535.0,0.0122831366,0.110829313
1535.1,0.01228033,0.11081665
1535.2,0.0122774368,0.110803596
1535.3,0.0122744609,0.110790166
1535.4,0.0122713885,0.110776299
1535.5,0.0122681234,0.110761561
1535.6,0.0122644875,0.110745146
1535.7,0.0122604013,0.110726696
1535.8,0.0122558459,0.110706124
1535.9,0.0122508279,0.110683458
1536.0,0.0122454344,0.110659091
1536.1,0.0122396071,0.110632758
1536.2,0.0122332339,0.110603951
1536.3,0.0122263413,0.110572787
1536.4,0.012219023,0.11053969
1536.5,0.0122113185,0.110504835
1536.6,0.0122033114,0.110468599
1536.7,0.0121950246,0.110431085
1536.8,0.0121864944,0.110392456
1536.9,0.0121776613,0.110352441
1537.0,0.0121685077,0.110310959
1537.1,0.0121590713,0.110268179
1537.2,0.0121493622,0.110224145
1537.3,0.012139436,0.110179109
1537.4,0.0121294086,0.110133594
1537.5,0.0121193791,0.110088052
1537.6,0.0121093455,0.110042472
1537.7,0.0120992172,0.109996442
1537.8,0.0120889062,0.109949562
1537.9,0.0120783149,0.109901387
1538.0,0.0120673709,0.109851586
1538.1,0.0120560583,0.109800083
1538.2,0.0120443968,0.109746967
1538.3,0.0120324284,0.109692426
1538.4,0.0120202841,0.109637056
1538.5,0.0120079716,0.109580891
1538.6,0.0119953882,0.10952346
1538.7,0.0119825826,0.109464983
1538.8,0.0119696777,0.109406022
1538.9,0.0119567527,0.109346937
1539.0,0.0119437384,0.109287412
1539.1,0.0119305387,0.109227005
1539.2,0.0119172168,0.109166006
1539.3,0.0119037242,0.10910419
1539.4,0.0118900298,0.109041413
1539.5,0.0118761703,0.108977843
1539.6,0.0118621137,0.108913331
1539.7,0.011847873,0.108847935
1539.8,0.0118336104,0.108782399
1539.9,0.011819381,0.108716977
1540.0,0.0118049172,0.108650436
1540.1,0.0117899164,0.108581381
1540.2,0.0117743431,0.108509645
1540.3,0.0117581702,0.108435097
1540.4,0.0117416056,0.10835869
1540.5,0.0117248994,0.108281574
1540.6,0.0117080685,0.108203828
1540.7,0.0116910636,0.108125222
1540.8,0.0116739189,0.108045911
1540.9,0.0116567861,0.107966597
1541.0,0.0116396263,0.1078871
1541.1,0.0116224534,0.107807483
1541.2,0.0116053289,0.107728032
1541.3,0.011588266,0.107648809
1541.4,0.0115712153,0.107569584
1541.5,0.0115541018,0.107490008
1541.6,0.0115369331,0.107410116
1541.7,0.0115198417,0.107330526
1541.8,0.0115029223,0.107251677
1541.9,0.0114861257,0.107173344
1542.0,0.0114693823,0.107095202
1542.1,0.0114527086,0.107017328
1542.2,0.0114359391,0.10693895
1542.3,0.0114189241,0.106859366
1542.4,0.0114017947,0.106779187
1542.5,0.0113845873,0.106698581
1542.6,0.0113672863,0.106617477
1542.7,0.0113499695,0.106536236
1542.8,0.0113328124,0.106455683
1542.9,0.0113157012,0.106375285
1543.0,0.0112985177,0.106294486
1543.1,0.0112814108,0.106213986
1543.2,0.0112645064,0.106134379
1543.3,0.0112479605,0.106056403
1543.4,0.0112317854,0.105980118
1543.5,0.0112159694,0.105905474
1543.6,0.0112004874,0.105832355
1543.7,0.0111853452,0.105760792
1543.8,0.0111704613,0.105690403
1543.9,0.0111557264,0.105620672
1544.0,0.0111412971,0.105552343
1544.1,0.0111273581,0.105486293
1544.2,0.0111138664,0.105422324
1544.3,0.0111006683,0.105359709
1544.4,0.0110876405,0.105297866
1544.5,0.0110747583,0.105236677
1544.6,0.0110621387,0.105176702
1544.7,0.0110498344,0.105118192
1544.8,0.0110378745,0.105061289
1544.9,0.0110262656,0.105006026
1545.0,0.0110150891,0.104952794
1545.1,0.0110044069,0.104901892
1545.2,0.0109941985,0.104853224
1545.3,0.0109844538,0.104806745
1545.4,0.0109751822,0.104762504
1545.5,0.010966359,0.104720385
1545.6,0.0109580175,0.10468055
1545.7,0.0109502705,0.10464354
1545.8,0.0109430501,0.104609034
1545.9,0.0109362452,0.104576504
1546.0,0.0109298359,0.104545855
1546.1,0.0109237823,0.1045169
1546.2,0.0109180003,0.104489235
1546.3,0.0109124178,0.104462519
1546.4,0.0109071118,0.104437119
1546.5,0.010902114,0.104413189
1546.6,0.0108973687,0.104390463
1546.7,0.0108928129,0.104368639
1546.8,0.0108884738,0.10434785
1546.9,0.0108842576,0.104327645
1547.0,0.0108802399,0.104308389
1547.1,0.0108765387,0.104290645
1547.2,0.0108730827,0.104274075
1547.3,0.0108697998,0.104258332
1547.4,0.010866769,0.104243796
1547.5,0.0108639432,0.104230241
1547.6,0.010861274,0.104217436
1547.7,0.0108588566,0.104205838
1547.8,0.0108567358,0.104195661
1547.9,0.0108548208,0.104186471
1548.0,0.0108530717,0.104178077
1548.1,0.0108515495,0.104170771
1548.2,0.0108503092,0.104164817
1548.3,0.0108493673,0.104160296
1548.4,0.0108487282,0.104157228
1548.5,0.0108483841,0.104155577
1548.6,0.0108483589,0.104155455
1548.7,0.0108486629,0.104156915
1548.8,0.0108492677,0.104159818
1548.9,0.0108501733,0.104164165
1549.0,0.0108514389,0.10417024
1549.1,0.0108531254,0.104178334
1549.2,0.0108552288,0.104188429
1549.3,0.0108576714,0.104200151
1549.4,0.0108604703,0.10421358
1549.5,0.0108636447,0.104228809
1549.6,0.0108671668,0.104245704
1549.7,0.0108710353,0.104264257
1549.8,0.0108752619,0.104284524
1549.9,0.0108799405,0.104306953
1550.0,0.0108851246,0.1043318
1550.1,0.0108907968,0.10435898
1550.2,0.0108969458,0.104388437
1550.3,0.0109035932,0.104420272
1550.4,0.0109106802,0.104454202
1550.5,0.010918072,0.104489579
1550.6,0.0109257406,0.104526267
1550.7,0.010933736,0.104564506
1550.8,0.0109419924,0.104603979
1550.9,0.0109505635,0.10464494
1551.0,0.0109594543,0.104687412
1551.1,0.0109686082,0.104731123
1551.2,0.0109780245,0.104776068
1551.3,0.0109877531,0.104822484
1551.4,0.0109977477,0.104870147
1551.5,0.011007902,0.10491855
1551.6,0.0110181853,0.104967544
1551.7,0.0110286276,0.105017273
1551.8,0.0110392216,0.1050677
1551.9,0.0110500244,0.105119096
1552.0,0.0110609915,0.105171248
1552.1,0.0110719941,0.105223543
1552.2,0.0110830312,0.105275976
1552.3,0.0110941737,0.105328884
1552.4,0.0111054409,0.105382356
1552.5,0.0111169059,0.105436739
1552.6,0.0111285485,0.105491936
1552.7,0.0111402975,0.105547608
1552.8,0.0111522039,0.105603996
1552.9,0.0111640285,0.105659966
1553.0,0.0111751139,0.105712411
1553.1,0.0111854333,0.105761209
1553.2,0.0111953288,0.105807981
1553.3,0.0112048515,0.105852971
1553.4,0.0112140718,0.105896515
1553.5,0.0112230465,0.105938881
1553.6,0.0112319698,0.105980988
1553.7,0.011241031,0.106023728
1553.8,0.0112501865,0.106066896
1553.9,0.0112593052,0.106109873
1554.0,0.0112682928,0.106152215
1554.1,0.0112770877,0.106193633
1554.2,0.0112858005,0.106234648
1554.3,0.0112944303,0.106275257
1554.4,0.011303026,0.10631569
1554.5,0.0113116536,0.106356258
1554.6,0.011320327,0.106397025
1554.7,0.0113290206,0.106437872
1554.8,0.0113377701,0.106478966
1554.9,0.0113466423,0.106520619
1555.0,0.0113556401,0.106562846
1555.1,0.0113648442,0.106606023
1555.2,0.0113743214,0.106650464
1555.3,0.0113839045,0.106695382
1555.4,0.0113933904,0.106739826
1555.5,0.0114028836,0.106784286
1555.6,0.0114123862,0.10682877
1555.7,0.0114218805,0.106873198
1555.8,0.011431391,0.106917683
1555.9,0.0114408939,0.106962114
1556.0,0.011450438,0.107006719
1556.1,0.0114600844,0.107051784
1556.2,0.0114698453,0.107097364
1556.3,0.0114796934,0.107143331
1556.4,0.0114896012,0.107189557
1556.5,0.0114995625,0.107236013
1556.6,0.0115095373,0.107282512
1556.7,0.0115195435,0.107329136
1556.8,0.0115297043,0.107376461
1556.9,0.0115401017,0.107424865
1557.0,0.0115506349,0.10747388
1557.1,0.0115611607,0.107522838
1557.2,0.011571727,0.107571962
1557.3,0.0115823838,0.107621484
1557.4,0.0115931157,0.107671332
1557.5,0.0116039446,0.107721607
1557.6,0.0116148666,0.107772291
1557.7,0.0116258507,0.107823238
1557.8,0.0116368584,0.107874271
1557.9,0.0116478838,0.107925362
1558.0,0.0116589261,0.107976507
1558.1,0.0116699565,0.108027573
1558.2,0.0116808715,0.108078081
1558.3,0.0116915141,0.108127305
1558.4,0.0117017134,0.108174458
1558.5,0.0117114362,0.108219389
1558.6,0.0117207646,0.10826248
1558.7,0.011729777,0.108304095
1558.8,0.0117385367,0.108344528
1558.9,0.0117471195,0.108384129
1559.0,0.0117556071,0.108423278
1559.1,0.0117640605,0.108462254
1559.2,0.0117724733,0.108501029
1559.3,0.0117807731,0.10853927
1559.4,0.0117890446,0.108577367
1559.5,0.0117972952,0.108615354
1559.6,0.0118053614,0.10865248
1559.7,0.0118131276,0.108688213
1559.8,0.0118205177,0.108722204
1559.9,0.0118275462,0.108754523
1560.0,0.0118341654,0.10878495
1560.1,0.0118405104,0.108814109
1560.2,0.0118466284,0.108842218
1560.3,0.0118524049,0.108868751
1560.4,0.0118578636,0.108893818
1560.5,0.0118631294,0.108917994
1560.6,0.0118681416,0.108941
1560.7,0.0118729112,0.108962889
1560.8,0.0118775804,0.108984313
1560.9,0.0118822577,0.109005769
1561.0,0.0118869422,0.109027255
1561.1,0.0118916384,0.109048789
1561.2,0.0118963942,0.109070593
1561.3,0.0119011644,0.109092458
1561.4,0.0119058945,0.109114135
1561.5,0.0119106877,0.109136097
1561.6,0.0119156675,0.10915891
1561.7,0.0119208231,0.109182522
1561.8,0.0119261053,0.109206709
1561.9,0.0119315502,0.109231636
1562.0,0.011937099,0.109257032
1562.1,0.0119426836,0.109282586
1562.2,0.0119484715,0.109309064
1562.3,0.011954609,0.109337135
1562.4,0.0119610037,0.109366374
1562.5,0.011967344,0.109395356
1562.6,0.0119734482,0.109423253
1562.7,0.0119793169,0.109450066
1562.8,0.0119848295,0.109475246
1562.9,0.0119899571,0.109498662
1563.0,0.0119948298,0.10952091
1563.1,0.0119994578,0.109542037
1563.2,0.0120038638,0.109562146
1563.3,0.0120080982,0.109581468
1563.4,0.0120121456,0.109599934
1563.5,0.0120161319,0.109618118
1563.6,0.0120201336,0.10963637
1563.7,0.0120240649,0.109654297
1563.8,0.0120279804,0.10967215
1563.9,0.0120318826,0.109689938
1564.0,0.0120358463,0.109708005
1564.1,0.0120399312,0.10972662
1564.2,0.0120441151,0.109745684
1564.3,0.0120482502,0.109764522
1564.4,0.0120521625,0.109782341
1564.5,0.012055841,0.109799094
1564.6,0.012059166,0.109814234
1564.7,0.0120624094,0.109829001
1564.8,0.0120657386,0.109844156
1564.9,0.0120689383,0.10985872
1565.0,0.0120719342,0.109872354
1565.1,0.012074674,0.109884822
1565.2,0.0120769084,0.109894988
1565.3,0.0120787133,0.1099032
1565.4,0.012080362,0.1099107
1565.5,0.0120820305,0.10991829
1565.6,0.012083797,0.109926325
1565.7,0.0120856665,0.109934828
1565.8,0.0120877022,0.109944087
1565.9,0.0120899076,0.109954116
1566.0,0.0120922065,0.109964569
1566.1,0.0120946679,0.109975761
1566.2,0.0120974091,0.109988223
1566.3,0.0121005084,0.110002311
1566.4,0.0121040651,0.110018476
1566.5,0.012108038,0.11003653
1566.6,0.0121122242,0.110055551
1566.7,0.0121165993,0.110075426
1566.8,0.0121211898,0.110096275
1566.9,0.0121260121,0.110118173
1567.0,0.0121310719,0.110141145
1567.1,0.0121363746,0.110165215
1567.2,0.012141914,0.110190353
1567.3,0.0121476676,0.110216458
1567.4,0.0121536048,0.110243389
1567.5,0.0121597598,0.110271301
1567.6,0.0121661354,0.110300206
1567.7,0.0121726781,0.11032986
1567.8,0.0121793736,0.110360199
1567.9,0.0121862743,0.110391459
1568.0,0.0121933575,0.110423537
1568.1,0.0122006019,0.110456335
1568.2,0.0122079809,0.110489732
1568.3,0.0122154291,0.110523433
1568.4,0.0122228183,0.110556855
1568.5,0.0122300798,0.110589691
1568.6,0.0122372683,0.110622187
1568.7,0.0122444235,0.110654523
1568.8,0.0122516082,0.110686983
1568.9,0.0122588955,0.110719896
1569.0,0.0122663082,0.110753366
1569.1,0.012273761,0.110787007
1569.2,0.0122811885,0.110820524
1569.3,0.012288563,0.110853791
1569.4,0.0122958538,0.110886671
1569.5,0.0123032104,0.110919838
1569.6,0.0123105903,0.110953099
1569.7,0.0123178489,0.110985805
1569.8,0.0123249099,0.111017611
1569.9,0.0123317648,0.11104848
1570.0,0.0123385352,0.111078959
1570.1,0.0123452361,0.111109118
1570.2,0.0123519332,0.111139251
1570.3,0.0123585939,0.111169213
1570.4,0.0123650614,0.111198298
1570.5,0.0123712571,0.111226153
1570.6,0.0123773884,0.111253712
1570.7,0.0123834205,0.111280818
1570.8,0.0123893305,0.11130737
1570.9,0.0123950244,0.111332944
1571.0,0.012400564,0.11135782
1571.1,0.0124060127,0.111382282
1571.2,0.0124114068,0.111406494
1571.3,0.0124167872,0.111430638
1571.4,0.0124221724,0.1114548
1571.5,0.0124275345,0.111478852
1571.6,0.0124329081,0.111502951
1571.7,0.0124382902,0.111527083
1571.8,0.0124438142,0.111551845
1571.9,0.0124495501,0.111577552
1572.0,0.0124554567,0.111604017
1572.1,0.0124614531,0.111630879
1572.2,0.0124676306,0.111658545
1572.3,0.0124740206,0.111687155
1572.4,0.0124805875,0.11171655
1572.5,0.0124872713,0.11174646
1572.6,0.0124939899,0.111776518
1572.7,0.0125006765,0.111806424
1572.8,0.0125073484,0.111836257
1572.9,0.0125140063,0.11186602
1573.0,0.0125206054,0.111895511
1573.1,0.0125271008,0.111924532
1573.2,0.01253352,0.111953205
1573.3,0.0125400367,0.111982305
1573.4,0.012546745,0.112012254
1573.5,0.0125535835,0.112042775
1573.6,0.0125604886,0.112073586
1573.7,0.0125674394,0.112104592
1573.8,0.0125744066,0.112135662
1573.9,0.0125813846,0.112166772
1574.0,0.0125884347,0.112198194
1574.1,0.0125956552,0.112230367
1574.2,0.0126030768,0.112263426
1574.3,0.0126106899,0.112297328
1574.4,0.012618441,0.112331835
1574.5,0.0126262769,0.112366707
1574.6,0.0126342185,0.11240204
1574.7,0.0126423046,0.112438003
1574.8,0.0126506084,0.112474923
1574.9,0.0126591798,0.11251302
1575.0,0.0126680488,0.112552427
1575.1,0.0126772569,0.112593325
1575.2,0.012686803,0.112635709
1575.3,0.0126967776,0.112679979
1575.4,0.0127073357,0.112726819
1575.5,0.0127183797,0.112775794
1575.6,0.0127295321,0.112825228
1575.7,0.0127405365,0.112873985
1575.8,0.0127514753,0.112922431
1575.9,0.0127623943,0.112970767
1576.0,0.0127733435,0.113019218
1576.1,0.012784485,0.113068497
1576.2,0.0127958765,0.11311886
1576.3,0.0128074703,0.113170095
1576.4,0.012819236,0.113222065
1576.5,0.0128312337,0.113275036
1576.6,0.0128434838,0.113329095
1576.7,0.0128559583,0.113384118
1576.8,0.0128686523,0.113440082
1576.9,0.0128815646,0.11349698
1577.0,0.0128946163,0.113554464
1577.1,0.0129077961,0.113612482
1577.2,0.0129210584,0.113670834
1577.3,0.0129343775,0.113729405
1577.4,0.0129477759,0.113788294
1577.5,0.0129612232,0.113847368
1577.6,0.0129747119,0.113906593
1577.7,0.0129882874,0.113966168
1577.8,0.013001907,0.114025905
1577.9,0.0130154861,0.114085433
1578.0,0.0130289523,0.114144436
1578.1,0.0130422213,0.114202545
1578.2,0.0130553444,0.114259986
1578.3,0.013068324,0.11431677
1578.4,0.0130811348,0.114372789
1578.5,0.0130938108,0.114428191
1578.6,0.0131064211,0.114483279
1578.7,0.0131189323,0.114537908
1578.8,0.01313103,0.114590706
1578.9,0.0131425453,0.114640941
1579.0,0.0131535362,0.114688867
1579.1,0.0131639718,0.114734353
1579.2,0.013173893,0.11477758
1579.3,0.013183427,0.114819106
1579.4,0.0131926239,0.114859148
1579.5,0.0132014514,0.114897569
1579.6,0.0132098416,0.114934075
1579.7,0.0132178779,0.11496903
1579.8,0.0132257188,0.115003125
1579.9,0.0132334167,0.115036588
1580.0,0.0132408553,0.115068916
1580.1,0.0132478278,0.115099209
1580.2,0.013254253,0.115127116
1580.3,0.0132601781,0.115152847
1580.4,0.0132656475,0.115176592
1580.5,0.0132706664,0.115198378
1580.6,0.0132753092,0.115218528
1580.7,0.0132796776,0.115237483
1580.8,0.0132838298,0.115255498
1580.9,0.0132877873,0.115272665
1581.0,0.0132914835,0.115288696
1581.1,0.0132947102,0.11530269
1581.2,0.0132973038,0.115313936
1581.3,0.0132992697,0.11532246
1581.4,0.0133007075,0.115328693
1581.5,0.0133016866,0.115332938
1581.6,0.0133023634,0.115335872
1581.7,0.0133027355,0.115337485
1581.8,0.0133028564,0.115338009
1581.9,0.0133027243,0.115337436
1582.0,0.01330233,0.115335727
1582.1,0.013301765,0.115333278
1582.2,0.0133009974,0.11532995
1582.3,0.0133001307,0.115326193
1582.4,0.0132993012,0.115322596
1582.5,0.0132984816,0.115319043
1582.6,0.013297568,0.115315081
1582.7,0.0132964642,0.115310295
1582.8,0.0132951226,0.115304478
1582.9,0.0132936483,0.115298084
1583.0,0.0132920735,0.115291255
1583.1,0.0132904503,0.115284215
1583.2,0.0132888533,0.115277289
1583.3,0.0132871787,0.115270025
1583.4,0.013285231,0.115261576
1583.5,0.0132830067,0.115251927
1583.6,0.0132805894,0.11524144
1583.7,0.0132780258,0.115230316
1583.8,0.0132754725,0.115219237
1583.9,0.0132730716,0.115208817
1584.0,0.0132707848,0.115198892
1584.1,0.0132685812,0.115189328
1584.2,0.0132664752,0.115180186
1584.3,0.0132644506,0.115171396
1584.4,0.0132625411,0.115163106
1584.5,0.0132608793,0.115155891
1584.6,0.0132595412,0.115150081
1584.7,0.0132584497,0.115145342
1584.8,0.0132576253,0.115141762
1584.9,0.0132571176,0.115139557
1585.0,0.0132569507,0.115138832
1585.1,0.0132571413,0.11513966
1585.2,0.0132577202,0.115142174
1585.3,0.0132587079,0.115146463
1585.4,0.0132600496,0.115152289
1585.5,0.013261715,0.11515952
1585.6,0.0132637297,0.115168267
1585.7,0.0132660882,0.115178506
1585.8,0.0132686354,0.115189563
1585.9,0.0132712404,0.11520087
1586.0,0.0132739184,0.115212493
1586.1,0.0132767772,0.115224898
1586.2,0.0132798317,0.115238152
1586.3,0.0132830604,0.11525216
1586.4,0.0132864668,0.115266937
1586.5,0.0132900645,0.115282542
1586.6,0.0132938135,0.115298801
1586.7,0.0132977105,0.115315699
1586.8,0.0133017876,0.115333376
1586.9,0.0133060646,0.115351916
1587.0,0.0133105309,0.115371274
1587.1,0.0133152308,0.115391641
1587.2,0.0133200683,0.1154126
1587.3,0.0133249379,0.115433695
1587.4,0.0133298444,0.115454946
1587.5,0.0133347773,0.115476306
1587.6,0.0133397303,0.11549775
1587.7,0.0133446825,0.115519187
1587.8,0.0133496582,0.115540721
1587.9,0.0133547767,0.115562869
1588.0,0.0133600853,0.115585835
1588.1,0.013365509,0.115609295
1588.2,0.0133709316,0.115632745
1588.3,0.013376082,0.115655013
1588.4,0.0133807534,0.115675207
1588.5,0.0133848541,0.11569293
1588.6,0.0133883304,0.115707953
1588.7,0.0133911564,0.115720164
1588.8,0.013393451,0.115730078
1588.9,0.0133952645,0.115737913
1589.0,0.0133966096,0.115743724
1589.1,0.0133975675,0.115747862
1589.2,0.0133981492,0.115750374
1589.3,0.0133983149,0.11575109
1589.4,0.013397964,0.115749574
1589.5,0.0133970965,0.115745827
1589.6,0.0133956283,0.115739485
1589.7,0.0133935484,0.115730499
1589.8,0.0133907735,0.11571851
1589.9,0.013387312,0.115703552
1590.0,0.0133830208,0.115685007
1590.1,0.013377944,0.115663062
1590.2,0.0133720873,0.115637742
1590.3,0.0133655996,0.115609686
1590.4,0.0133585164,0.115579048
1590.5,0.0133508009,0.115545666
1590.6,0.0133424337,0.115509453
1590.7,0.0133334588,0.115470597
1590.8,0.0133239642,0.115429477
1590.9,0.0133140749,0.115386632
1591.0,0.0133040087,0.115343005
1591.1,0.0132939087,0.115299214
1591.2,0.013283679,0.115254844
1591.3,0.0132730021,0.115208516
1591.4,0.013261586,0.11515896
1591.5,0.0132494079,0.115106072
1591.6,0.0132368011,0.115051298
1591.7,0.0132239947,0.114995629
1591.8,0.0132109874,0.114939059
1591.9,0.0131977251,0.114881352
1592.0,0.0131842887,0.114822858
1592.1,0.0131706759,0.114763565
1592.2,0.0131568889,0.114703483
1592.3,0.0131429232,0.114642589
1592.4,0.0131288372,0.114581138
1592.5,0.0131146987,0.114519425
1592.6,0.0131005973,0.114457841
1592.7,0.0130866182,0.114396758
1592.8,0.0130727929,0.114336315
1592.9,0.0130591183,0.1142765
1593.0,0.0130455743,0.114217224
1593.1,0.0130320867,0.114158165
1593.2,0.0130185224,0.11409874
1593.3,0.0130048778,0.114038931
1593.4,0.0129912315,0.113979084
1593.5,0.01297759,0.113919226
1593.6,0.0129639512,0.113859348
1593.7,0.0129503483,0.113799597
1593.8,0.0129368351,0.113740209
1593.9,0.0129234697,0.11368144
1594.0,0.0129102551,0.113623304
1594.1,0.0128971596,0.113565662
1594.2,0.0128841196,0.113508236
1594.3,0.0128710737,0.113450755
1594.4,0.0128580049,0.113393143
1594.5,0.0128448864,0.113335283
1594.6,0.0128316793,0.113277003
1594.7,0.0128184097,0.113218416
1594.8,0.0128051362,0.113159782
1594.9,0.0127918602,0.113101106
1595.0,0.0127785943,0.113042444
1595.1,0.0127653937,0.112984042
1595.2,0.0127523046,0.112926102
1595.3,0.0127393263,0.112868624
1595.4,0.0127264344,0.112811499
1595.5,0.0127135716,0.112754475
1595.6,0.0127007112,0.112697432
1595.7,0.0126878805,0.112640492
1595.8,0.0126750812,0.112583663
1595.9,0.0126624094,0.112527372
1596.0,0.0126498578,0.112471587
1596.1,0.0126371408,0.112415038
1596.2,0.0126241389,0.112357193
1596.3,0.0126110346,0.112298863
1596.4,0.0125978666,0.112240219
1596.5,0.0125845832,0.112181029
1596.6,0.0125711992,0.112121359
1596.7,0.0125580484,0.112062699
1596.8,0.0125449789,0.11200437
1596.9,0.0125317146,0.111945141
1597.0,0.0125178825,0.111883343
1597.1,0.0125035077,0.111819085
1597.2,0.0124887203,0.111752943
1597.3,0.0124734638,0.111684662
1597.4,0.0124577964,0.111614499
1597.5,0.0124418833,0.11154319
1597.6,0.012425786,0.11147101
1597.7,0.0124095456,0.11139814
1597.8,0.0123934378,0.111325818
1597.9,0.01237738,0.111253674
1598.0,0.0123616154,0.111182802
1598.1,0.0123462529,0.111113694
1598.2,0.012330977,0.111044932
1598.3,0.0123160705,0.110977793
1598.4,0.0123014761,0.110912019
1598.5,0.0122872608,0.110847918
1598.6,0.0122733755,0.110785268
1598.7,0.0122595669,0.110722928
1598.8,0.0122456026,0.110659851
1598.9,0.0122313901,0.110595615
1599.0,0.0122168144,0.110529699
1599.1,0.0122023968,0.110464459
1599.2,0.0121880214,0.110399372
1599.3,0.0121736561,0.110334292
1599.4,0.0121593053,0.11026924
1599.5,0.0121450669,0.110204659
1599.6,0.0121311232,0.110141378
1599.7,0.012117459,0.11007933
1599.8,0.0121040309,0.110018321
1599.9,0.0120908545,0.109958422
1600.0,0.0120780463,0.109900165
1600.1,0.0120655976,0.109843514
1600.2,0.0120534058,0.109788004
1600.3,0.0120413427,0.109733052
1600.4,0.0120293988,0.109678616
1600.5,0.0120175887,0.109624763
1600.6,0.0120059495,0.109571664
1600.7,0.0119943346,0.109518649
1600.8,0.011982647,0.109465278
1600.9,0.0119707586,0.109410962
1601.0,0.0119586632,0.109355673
1601.1,0.011946518,0.109300128
1601.2,0.0119344609,0.109244958
1601.3,0.0119226296,0.109190795
1601.4,0.0119111706,0.10913831
1601.5,0.0119001692,0.109087897
1601.6,0.011889466,0.109038828
1601.7,0.01187885,0.108990137
1601.8,0.0118682609,0.108941548
1601.9,0.0118576687,0.108892923
1602.0,0.0118470362,0.108844091
1602.1,0.0118363578,0.108795026
1602.2,0.0118257334,0.108746188
1602.3,0.0118154312,0.10869881
1602.4,0.0118056457,0.108653788
1602.5,0.0117963369,0.108610943
1602.6,0.0117875386,0.108570432
1602.7,0.011779341,0.108532673
1602.8,0.0117717914,0.108497887
1602.9,0.0117648036,0.108465679
1603.0,0.0117582975,0.108435684
1603.1,0.0117520679,0.108406955
1603.2,0.011746063,0.108379255
1603.3,0.0117402001,0.108352204
1603.4,0.0117345681,0.108326212
1603.5,0.0117291187,0.108301056
1603.6,0.0117238037,0.108276515
1603.7,0.0117186659,0.108252787
1603.8,0.0117137874,0.108230252
1603.9,0.0117090863,0.108208532
1604.0,0.0117045996,0.108187798
1604.1,0.0117003147,0.108167993
1604.2,0.0116962651,0.108149272
1604.3,0.0116925243,0.108131976
1604.4,0.0116891325,0.108116292
1604.5,0.0116861027,0.108102279
1604.6,0.0116833558,0.108089573
1604.7,0.0116808454,0.10807796
1604.8,0.0116786001,0.108067572
1604.9,0.0116763932,0.108057361
1605.0,0.0116741882,0.108047157
1605.1,0.0116721542,0.108037744
1605.2,0.011670107,0.108028269
1605.3,0.0116679035,0.10801807
1605.4,0.0116656344,0.108007566
1605.5,0.0116632825,0.107996678
1605.6,0.011660944,0.107985851
1605.7,0.0116586289,0.107975131
1605.8,0.0116561538,0.107963669
1605.9,0.0116535824,0.10795176
1606.0,0.0116510786,0.107940162
1606.1,0.0116486438,0.107928883
1606.2,0.011646422,0.10791859
1606.3,0.0116443798,0.107909128
1606.4,0.0116426005,0.107900883
1606.5,0.0116412272,0.107894519
1606.6,0.0116401423,0.107889491
1606.7,0.0116393721,0.107885922
1606.8,0.0116387905,0.107883226
1606.9,0.0116384082,0.107881454
1607.0,0.0116380652,0.107879865
1607.1,0.0116378015,0.107878643
1607.2,0.0116377488,0.107878398
1607.3,0.0116377665,0.10787848
1607.4,0.0116379521,0.107879341
1607.5,0.0116382883,0.107880899
1607.6,0.0116388506,0.107883505
1607.7,0.0116397387,0.107887621
1607.8,0.0116406946,0.107892051
1607.9,0.0116415455,0.107895994
1608.0,0.0116422016,0.107899034
1608.1,0.0116427122,0.1079014
1608.2,0.0116430569,0.107902997
1608.3,0.0116432808,0.107904035
1608.4,0.0116433851,0.107904518
1608.5,0.0116430982,0.107903189
1608.6,0.0116426257,0.107901
1608.7,0.0116420013,0.107898106
1608.8,0.0116413263,0.107894978
1608.9,0.0116406331,0.107891766
1609.0,0.0116399362,0.107888536
1609.1,0.0116392555,0.107885381
1609.2,0.0116385609,0.107882162
1609.3,0.0116378253,0.107878753
1609.4,0.011637219,0.107875943
1609.5,0.0116367822,0.107873918
1609.6,0.0116365014,0.107872616
1609.7,0.0116363172,0.107871763
1609.8,0.0116361043,0.107870776
1609.9,0.0116358739,0.107869708
1610.0,0.0116357115,0.107868955
1610.1,0.0116355535,0.107868223
1610.2,0.0116353083,0.107867086
1610.3,0.0116347135,0.107864329
1610.4,0.0116335921,0.107859131
1610.5,0.0116320533,0.107851997
1610.6,0.0116301462,0.107843156
1610.7,0.0116280999,0.107833668
1610.8,0.0116259874,0.107823872
1610.9,0.0116237907,0.107813685
1611.0,0.011621589,0.107803474
1611.1,0.0116193138,0.107792921
1611.2,0.0116169145,0.107781791
1611.3,0.0116145059,0.107770617
1611.4,0.0116121172,0.107759534
1611.5,0.011609709,0.10774836
1611.6,0.0116072817,0.107737095
1611.7,0.0116047661,0.10772542
1611.8,0.0116022446,0.107713716
1611.9,0.0115995591,0.107701249
1612.0,0.0115965682,0.107687363
1612.1,0.0115933982,0.107672643
1612.2,0.0115900597,0.107657139
1612.3,0.011586472,0.107640476
1612.4,0.0115826128,0.107622548
1612.5,0.0115784287,0.107603107
1612.6,0.0115739992,0.107582523
1612.7,0.0115694257,0.107561265
1612.8,0.011564768,0.107539612
1612.9,0.0115601149,0.107517975
1613.0,0.0115555475,0.107496732
1613.1,0.0115511708,0.107476373
1613.2,0.0115470056,0.107456994
1613.3,0.0115429865,0.107438292
1613.4,0.0115391067,0.107420234
1613.5,0.0115353927,0.107402946
1613.6,0.0115318458,0.107386432
1613.7,0.0115285014,0.107370859
1613.8,0.0115251545,0.107355272
1613.9,0.0115219303,0.107340255
1614.0,0.011518966,0.107326446
1614.1,0.0115162537,0.107313809
1614.2,0.0115137014,0.107301917
1614.3,0.0115113179,0.10729081
1614.4,0.0115092465,0.107281156
1614.5,0.0115075622,0.107273306
1614.6,0.0115062847,0.107267351
1614.7,0.0115056454,0.107264372
1614.8,0.0115056346,0.107264321
1614.9,0.0115058042,0.107265112
1615.0,0.0115061226,0.107266596
1615.1,0.011506779,0.107269656
1615.2,0.0115079186,0.107274967
1615.3,0.0115095579,0.107282608
1615.4,0.0115118803,0.107293431
1615.5,0.0115148704,0.107307364
1615.6,0.0115184098,0.107323855
1615.7,0.0115224937,0.107342879
1615.8,0.01152716,0.107364612
1615.9,0.0115321819,0.107387997
1616.0,0.0115373826,0.107412209
1616.1,0.0115426315,0.107436639
1616.2,0.0115479776,0.107461517
1616.3,0.0115535776,0.10748757
1616.4,0.0115594957,0.107515095
1616.5,0.0115656908,0.107543902
1616.6,0.0115720597,0.107573508
1616.7,0.011578697,0.107604354
1616.8,0.0115857194,0.10763698
1616.9,0.0115931781,0.107671621
1617.0,0.011601076,0.107708291
1617.1,0.0116094725,0.107747262
1617.2,0.0116183587,0.107788491
1617.3,0.0116276437,0.107831553
1617.4,0.011637261,0.107876137
1617.5,0.0116471533,0.107921978
1617.6,0.0116574028,0.107969453
1617.7,0.0116680803,0.108018889
1617.8,0.0116791708,0.108070212
1617.9,0.0116905815,0.108122993
1618.0,0.0117022613,0.108176991
1618.1,0.0117142047,0.10823218
1618.2,0.0117264465,0.108288718
1618.3,0.0117390024,0.108346677
1618.4,0.0117518752,0.108406066
1618.5,0.0117651105,0.108467094
1618.6,0.0117787572,0.108529983
1618.7,0.011792763,0.108594489
1618.8,0.0118070461,0.108660232
1618.9,0.0118216344,0.10872734
1619.0,0.0118365167,0.108795757
1619.1,0.0118516989,0.108865508
1619.2,0.0118672544,0.108936929
1619.3,0.0118832674,0.1090104
1619.4,0.0118997662,0.10908605
1619.5,0.0119166449,0.109163386
1619.6,0.011933696,0.109241457
1619.7,0.0119507981,0.109319706
1619.8,0.011967988,0.1093983
1619.9,0.0119852741,0.109477277
1620.0,0.0120025921,0.109556342
1620.1,0.012019903,0.109635318
1620.2,0.0120372153,0.109714244
1620.3,0.0120545591,0.109793256
1620.4,0.0120719361,0.109872363
1620.5,0.0120892824,0.109951273
1620.6,0.012106645,0.1100302
1620.7,0.012124113,0.11010955
1620.8,0.0121416996,0.110189381
1620.9,0.0121593345,0.110269372
1621.0,0.0121768324,0.110348686
1621.1,0.0121941249,0.110427012
1621.2,0.0122111212,0.110503942
1621.3,0.0122275263,0.110578146
1621.4,0.0122432574,0.110649254
1621.5,0.0122582341,0.11071691
1621.6,0.0122723935,0.110780835
1621.7,0.0122859657,0.110842075
1621.8,0.0122991096,0.110901351
1621.9,0.0123118756,0.110958892
1622.0,0.0123242657,0.11101471
1622.1,0.0123365462,0.111070006
1622.2,0.0123486195,0.111124343
1622.3,0.0123601512,0.111176217
1622.4,0.0123709938,0.111224969
1622.5,0.0123813032,0.111271304
1622.6,0.0123911164,0.111315392
1622.7,0.0124004713,0.111357403
1622.8,0.0124094519,0.111397719
1622.9,0.0124181239,0.111436636
1623.0,0.0124265686,0.11147452
1623.1,0.0124349199,0.111511972
1623.2,0.012443144,0.111548841
1623.3,0.0124510469,0.111584259
1623.4,0.0124586456,0.111618303
1623.5,0.0124661343,0.111651844
1623.6,0.0124736706,0.111685588
1623.7,0.0124813071,0.111719771
1623.8,0.0124889592,0.111754012
1623.9,0.0124965602,0.111788014
1624.0,0.0125041426,0.111821924
1624.1,0.0125116605,0.111855534
1624.2,0.0125191737,0.111889113
1624.3,0.0125265349,0.111922004
1624.4,0.012533588,0.111953508
1624.5,0.0125405104,0.11198442
1624.6,0.0125472863,0.11201467
1624.7,0.0125537465,0.112043503
1624.8,0.0125599371,0.112071125
1624.9,0.0125659899,0.112098126
1625.0,0.0125718827,0.112124407
1625.1,0.0125776922,0.112150311
1625.2,0.0125835487,0.112176418
1625.3,0.0125895402,0.11220312
1625.4,0.0125955866,0.112230061
1625.5,0.0126016224,0.112256948
1625.6,0.0126076953,0.112283994
1625.7,0.0126137822,0.112311096
1625.8,0.0126198657,0.112338176
1625.9,0.012625874,0.112364915
1626.0,0.0126316365,0.112390553
1626.1,0.0126370761,0.11241475
1626.2,0.0126422092,0.112437579
1626.3,0.0126471952,0.112459749
1626.4,0.0126521802,0.11248191
1626.5,0.0126572097,0.112504265
1626.6,0.012662384,0.112527259
1626.7,0.0126676472,0.112550643
1626.8,0.0126728101,0.112573576
1626.9,0.0126779681,0.112596484
1627.0,0.0126831533,0.112619507
1627.1,0.0126883001,0.112642355
1627.2,0.0126932286,0.112664229
1627.3,0.0126977233,0.112684175
1627.4,0.0127018499,0.112702484
1627.5,0.0127056925,0.11271953
1627.6,0.0127092169,0.112735162
1627.7,0.012712503,0.112749736
1627.8,0.0127155906,0.112763427
1627.9,0.0127184425,0.112776073
1628.0,0.0127211567,0.112788105
1628.1,0.0127237017,0.112799387
1628.2,0.0127260263,0.112809691
1628.3,0.012728196,0.112819307
1628.4,0.0127302958,0.112828613
1628.5,0.0127322359,0.11283721
1628.6,0.0127338142,0.112844203
1628.7,0.0127348893,0.112848967
1628.8,0.0127356061,0.112852143
1628.9,0.0127360277,0.112854011
1629.0,0.0127361238,0.112854436
1629.1,0.0127359305,0.11285358
1629.2,0.0127355456,0.112851875
1629.3,0.0127349925,0.112849424
1629.4,0.0127341775,0.112845813
1629.5,0.012733094,0.112841012
1629.6,0.01273173,0.112834968
1629.7,0.0127301483,0.112827959
1629.8,0.0127284356,0.112820369
1629.9,0.012726622,0.112812331
1630.0,0.0127247507,0.112804037
1630.1,0.0127228014,0.112795396
1630.2,0.0127207611,0.112786352
1630.3,0.0127186627,0.112777049
1630.4,0.0127166417,0.112768088
1630.5,0.0127147603,0.112759746
1630.6,0.0127129935,0.112751911
1630.7,0.0127112933,0.112744371
1630.8,0.0127096182,0.112736942
1630.9,0.0127079325,0.112729466
1631.0,0.0127062394,0.112721956
1631.1,0.0127045936,0.112714656
1631.2,0.0127030118,0.112707639
1631.3,0.0127014729,0.112700811
1631.4,0.01269994,0.112694011
1631.5,0.0126983867,0.112687119
1631.6,0.0126968725,0.1126804
1631.7,0.0126954471,0.112674075
1631.8,0.0126941437,0.112668291
1631.9,0.0126929124,0.112662826
1632.0,0.0126917274,0.112657567
1632.1,0.012690648,0.112652776
1632.2,0.012689632,0.112648267
1632.3,0.0126887093,0.112644171
1632.4,0.0126879789,0.112640929
1632.5,0.0126874218,0.112638456
1632.6,0.0126870021,0.112636593
1632.7,0.0126867347,0.112635406
1632.8,0.0126865813,0.112634725
1632.9,0.0126865998,0.112634807
1633.0,0.0126869167,0.112636214
1633.1,0.0126876339,0.112639398
1633.2,0.0126887642,0.112644415
1633.3,0.0126901851,0.112650722
1633.4,0.0126918233,0.112657992
1633.5,0.0126936986,0.112666315
1633.6,0.0126957842,0.11267557
1633.7,0.0126980614,0.112685675
1633.8,0.0127005654,0.112696785
1633.9,0.0127031719,0.112708349
1634.0,0.0127057576,0.112719819
1634.1,0.0127083126,0.112731152
1634.2,0.0127108579,0.112742441
1634.3,0.0127135752,0.112754491
1634.4,0.0127166813,0.112768264
1634.5,0.0127201922,0.11278383
1634.6,0.0127239652,0.112800555
1634.7,0.0127278964,0.112817979
1634.8,0.0127319471,0.11283593
1634.9,0.0127361217,0.112854427
1635.0,0.012740521,0.112873917
1635.1,0.0127452624,0.112894918
1635.2,0.012750398,0.11291766
1635.3,0.0127558727,0.1129419
1635.4,0.0127616849,0.112967627
1635.5,0.0127677581,0.112994505
1635.6,0.0127742021,0.113023016
1635.7,0.0127810671,0.113053381
1635.8,0.0127881548,0.113084724
1635.9,0.0127955275,0.113117318
1636.0,0.0128033204,0.113151758
1636.1,0.0128113897,0.11318741
1636.2,0.0128197064,0.113224142
1636.3,0.0128283697,0.113262393
1636.4,0.0128372775,0.11330171
1636.5,0.0128463509,0.113341744
1636.6,0.0128556181,0.113382618
1636.7,0.0128650966,0.113424409
1636.8,0.0128748946,0.113467593
1636.9,0.0128851418,0.113512739
1637.0,0.0128958653,0.113559964
1637.1,0.0129069677,0.113608836
1637.2,0.0129182455,0.11365846
1637.3,0.0129297302,0.113708971
1637.4,0.0129414258,0.113760388
1637.5,0.0129531894,0.11381208
1637.6,0.012964939,0.113863686
1637.7,0.0129766503,0.113915101
1637.8,0.0129882745,0.113966111
1637.9,0.0129998447,0.114016861
1638.0,0.0130113189,0.114067168
1638.1,0.0130226126,0.114116662
1638.2,0.0130337842,0.1141656
1638.3,0.0130447489,0.114213611
1638.4,0.0130553807,0.114260145
1638.5,0.0130656795,0.114305203
1638.6,0.0130757398,0.114349201
1638.7,0.0130855326,0.114392013
1638.8,0.0130950115,0.114433437
1638.9,0.0131042093,0.114473618
1639.0,0.0131131381,0.114512611
1639.1,0.0131217699,0.114550294
1639.2,0.0131301225,0.114586747
1639.3,0.0131381605,0.114621815
1639.4,0.0131458176,0.114655212
1639.5,0.013152858,0.11468591
1639.6,0.013159152,0.114713347
1639.7,0.013164855,0.114738202
1639.8,0.0131699593,0.114760443
1639.9,0.01317417,0.114778787
1640.0,0.0131776305,0.114793861
1640.1,0.0131806604,0.114807057
1640.2,0.0131833005,0.114818554
1640.3,0.0131854306,0.11482783
1640.4,0.0131871096,0.114835141
1640.5,0.0131885957,0.114841611
1640.6,0.0131900545,0.114847962
1640.7,0.0131914476,0.114854027
1640.8,0.0131927293,0.114859607
1640.9,0.0131937571,0.114864081
1641.0,0.0131943462,0.114866645
1641.1,0.0131944678,0.114867175
1641.2,0.0131941646,0.114865855
1641.3,0.0131935436,0.114863151
1641.4,0.0131926743,0.114859367
1641.5,0.0131916307,0.114854824
1641.6,0.0131904895,0.114849856
1641.7,0.0131892461,0.114844443
1641.8,0.0131879149,0.114838647
1641.9,0.0131866038,0.114832939
1642.0,0.0131853587,0.114827517
1642.1,0.0131841617,0.114822305
1642.2,0.0131830447,0.114817441
1642.3,0.0131819556,0.114812698
1642.4,0.0131808835,0.114808029
1642.5,0.0131797719,0.114803188
1642.6,0.0131787119,0.114798571
1642.7,0.0131777197,0.11479425
1642.8,0.0131766963,0.114789792
1642.9,0.0131757539,0.114785687
1643.0,0.0131748753,0.114781859
1643.1,0.0131740274,0.114778166
1643.2,0.0131733017,0.114775005
1643.3,0.0131727286,0.114772508
1643.4,0.0131723115,0.114770691
1643.5,0.0131719973,0.114769322
1643.6,0.0131717717,0.114768339
1643.7,0.0131716487,0.114767803
1643.8,0.0131717888,0.114768414
1643.9,0.0131723103,0.114770686
1644.0,0.0131732021,0.114774571
1644.1,0.0131744006,0.114779792
1644.2,0.0131758925,0.11478629
1644.3,0.0131776164,0.114793799
1644.4,0.0131794207,0.114801658
1644.5,0.0131813332,0.114809987
1644.6,0.0131833419,0.114818735
1644.7,0.0131854296,0.114827826
1644.8,0.0131875498,0.114837057
1644.9,0.0131896906,0.114846378
1645.0,0.0131918626,0.114855834
1645.1,0.0131940041,0.114865156
1645.2,0.0131960153,0.11487391
1645.3,0.013197751,0.114881465
1645.4,0.0131992267,0.114887887
1645.5,0.0132005213,0.114893522
1645.6,0.0132017012,0.114898656
1645.7,0.0132028164,0.114903509
1645.8,0.0132038587,0.114908044
1645.9,0.0132047009,0.114911709
1646.0,0.0132053213,0.114914409
1646.1,0.0132058427,0.114916677
1646.2,0.0132063595,0.114918926
1646.3,0.0132068603,0.114921105
1646.4,0.0132072376,0.114922746
1646.5,0.0132073736,0.114923338
1646.6,0.0132071906,0.114922542
1646.7,0.0132067155,0.114920475
1646.8,0.0132059579,0.114917178
1646.9,0.013204911,0.114912623
1647.0,0.0132036364,0.114907077
1647.1,0.0132021469,0.114900596
1647.2,0.0132003932,0.114892964
1647.3,0.013198321,0.114883946
1647.4,0.0131959278,0.114873529
1647.5,0.0131933201,0.114862179
1647.6,0.0131905921,0.114850303
1647.7,0.0131877191,0.114837795
1647.8,0.0131846227,0.114824312
1647.9,0.0131811797,0.114809319
1648.0,0.0131773135,0.11479248
1648.1,0.0131728944,0.11477323
1648.2,0.0131678245,0.114751142
1648.3,0.013162123,0.114726296
1648.4,0.013155864,0.114699015
1648.5,0.013149235,0.114670114
1648.6,0.0131424252,0.114640417
1648.7,0.0131356112,0.114610694
1648.8,0.0131289349,0.114581564
1648.9,0.0131224104,0.11455309
1649.0,0.0131159242,0.114524776
1649.1,0.0131093982,0.11449628
1649.2,0.0131029354,0.114468054
1649.3,0.0130965852,0.114440313
1649.4,0.0130903836,0.114413214
1649.5,0.0130843373,0.114386788
1649.6,0.0130784434,0.114361022
1649.7,0.0130727596,0.114336169
1649.8,0.0130672902,0.114312249
1649.9,0.0130619981,0.114289099
1650.0,0.0130568605,0.11426662
1650.1,0.0130518563,0.114244721
1650.2,0.0130469857,0.114223403
1650.3,0.0130422663,0.114202742
1650.4,0.0130376974,0.114182737
1650.5,0.0130332654,0.114163328
1650.6,0.0130290715,0.114144958
1650.7,0.0130251192,0.114127644
1650.8,0.0130214138,0.11411141
1650.9,0.0130179298,0.114096143
1651.0,0.0130146404,0.114081727
1651.1,0.0130115348,0.114068115
1651.2,0.0130086964,0.114055672
1651.3,0.0130061738,0.114044613
1651.4,0.013003844,0.114034398
1651.5,0.0130016184,0.11402464
1651.6,0.0129994763,0.114015246
1651.7,0.0129973801,0.114006053
1651.8,0.0129953646,0.113997213
1651.9,0.0129934343,0.113988746
1652.0,0.0129915122,0.113980315
1652.1,0.0129896526,0.113972157
1652.2,0.0129878818,0.113964388
1652.3,0.0129861165,0.113956643
1652.4,0.0129842979,0.113948663
1652.5,0.012982393,0.113940304
1652.6,0.0129804455,0.113931758
1652.7,0.0129785886,0.113923609
1652.8,0.0129767119,0.113915372
1652.9,0.0129745828,0.113906026
1653.0,0.0129721847,0.113895499
1653.1,0.0129694041,0.113883292
1653.2,0.0129662341,0.113869373
1653.3,0.0129627947,0.113854269
1653.4,0.0129590876,0.113837988
1653.5,0.0129550422,0.113820219
1653.6,0.0129506159,0.113800773
1653.7,0.0129458299,0.113779743
1653.8,0.0129407723,0.113757516
1653.9,0.0129354806,0.113734254
1654.0,0.0129299612,0.113709987
1654.1,0.0129243422,0.113685277
1654.2,0.0129187018,0.113660467
1654.3,0.0129131266,0.113635939
1654.4,0.0129076799,0.113611971
1654.5,0.0129023645,0.113588576
1654.6,0.0128971038,0.113565416
1654.7,0.0128918596,0.113542325
1654.8,0.0128865715,0.113519036
1654.9,0.0128812183,0.113495455
1655.0,0.0128758202,0.113471671
1655.1,0.0128702339,0.113447054
1655.2,0.0128644134,0.113421397
1655.3,0.0128584052,0.113394908
1655.4,0.012852216,0.113367614
1655.5,0.0128459469,0.113339962
1655.6,0.0128395948,0.113311936
1655.7,0.0128331704,0.113283584
1655.8,0.0128268011,0.113255468
1655.9,0.0128205667,0.113227941
1656.0,0.0128144983,0.113201141
1656.1,0.0128086149,0.113175152
1656.2,0.0128029424,0.113150088
1656.3,0.0127974708,0.113125907
1656.4,0.012792195,0.113102586
1656.5,0.0127871192,0.113080145
1656.6,0.0127822099,0.113058436
1656.7,0.0127774269,0.113037281
1656.8,0.0127727269,0.113016489
1656.9,0.012768039,0.112995748
1657.0,0.0127633068,0.112974806
1657.1,0.0127585557,0.112953777
1657.2,0.0127537823,0.112932645
1657.3,0.012749034,0.11291162
1657.4,0.0127443889,0.112891049
1657.5,0.0127398495,0.112870942
1657.6,0.0127351926,0.112850311
1657.7,0.01272997,0.112827169
1657.8,0.0127239936,0.112800681
1657.9,0.0127173147,0.112771072
1658.0,0.0127100016,0.112738643
1658.1,0.0127021816,0.112703956
1658.2,0.0126939259,0.112667324
1658.3,0.0126853043,0.112629056
1658.4,0.012676465,0.112589808
1658.5,0.012667495,0.112549967
1658.6,0.0126583804,0.112509468
1658.7,0.0126489179,0.112467408
1658.8,0.0126389268,0.112422982
1658.9,0.0126285727,0.112376923
1659.0,0.0126179204,0.112329517
1659.1,0.0126070733,0.112281224
1659.2,0.0125961561,0.112232598
1659.3,0.0125848752,0.11218233
1659.4,0.0125731519,0.112130067
1659.5,0.0125611256,0.112076428
1659.6,0.0125488867,0.112021814
1659.7,0.0125365493,0.111966733
1659.8,0.0125241592,0.11191139
1659.9,0.0125118269,0.111856278
1660.0,0.0124996614,0.111801884
1660.1,0.0124877161,0.11174845
1660.2,0.012476076,0.111696356
1660.3,0.0124648127,0.111645925
1660.4,0.012454003,0.111597504
1660.5,0.0124436109,0.111550934
1660.6,0.0124336533,0.111506293
1660.7,0.0124242151,0.111463963
1660.8,0.0124153133,0.111424025
1660.9,0.0124068635,0.111386101
1661.0,0.0123987826,0.111349821
1661.1,0.012391089,0.111315268
1661.2,0.012383856,0.111282775
1661.3,0.0123770877,0.11125236
1661.4,0.0123708211,0.111224193
1661.5,0.012365029,0.111198152
1661.6,0.0123596371,0.111173905
1661.7,0.0123546184,0.111151331
1661.8,0.0123499854,0.111130488
1661.9,0.0123458356,0.111111816
1662.0,0.0123421982,0.111095447
1662.1,0.0123390745,0.111081387
1662.2,0.0123364885,0.111069746
1662.3,0.0123343922,0.111060309
1662.4,0.0123327407,0.111052874
1662.5,0.0123315935,0.111047708
1662.6,0.012330905,0.111044608
1662.7,0.0123305776,0.111043134
1662.8,0.0123307106,0.111043733
1662.9,0.0123313246,0.111046497
1663.0,0.012332349,0.11105111
1663.1,0.0123337851,0.111057576
1663.2,0.0123356499,0.111065971
1663.3,0.0123380116,0.111076602
1663.4,0.0123406767,0.111088598
1663.5,0.0123434563,0.111101109
1663.6,0.0123461975,0.111113444
1663.7,0.0123488496,0.111125378
1663.8,0.0123514625,0.111137134
1663.9,0.0123541911,0.111149409
1664.0,0.0123571236,0.1111626
1664.1,0.0123603408,0.111177069
1664.2,0.0123638809,0.111192989
1664.3,0.0123677519,0.111210395
1664.4,0.0123719185,0.111229126
1664.5,0.0123764256,0.111249385
1664.6,0.0123813713,0.111271611
1664.7,0.0123867758,0.111295893
1664.8,0.012392497,0.111321593
1664.9,0.0123983515,0.111347885
1665.0,0.0124042368,0.111374309
1665.1,0.0124101799,0.111400987
1665.2,0.0124161713,0.111427875
1665.3,0.0124221076,0.111454509
1665.4,0.0124277974,0.111480031
1665.5,0.0124331547,0.111504057
1665.6,0.0124381512,0.11152646
1665.7,0.0124427389,0.111547026
1665.8,0.0124469128,0.111565733
1665.9,0.0124508244,0.111583262
1666.0,0.0124545841,0.111600108
1666.1,0.0124581817,0.111616225
1666.2,0.0124615864,0.111631476
1666.3,0.0124648811,0.111646232
1666.4,0.0124681148,0.111660713
1666.5,0.0124712924,0.111674941
1666.6,0.0124742479,0.111688173
1666.7,0.0124767556,0.111699399
1666.8,0.0124786895,0.111708055
1666.9,0.0124798993,0.11171347
1667.0,0.0124804264,0.111715829
1667.1,0.0124804488,0.111715929
1667.2,0.0124799134,0.111713533
1667.3,0.0124787931,0.111708518
1667.4,0.0124771169,0.111701016
1667.5,0.012475086,0.111691924
1667.6,0.0124727343,0.111681396
1667.7,0.0124701835,0.111669976
1667.8,0.0124674374,0.111657679
1667.9,0.0124644891,0.111644476
1668.0,0.0124612524,0.11162998
1668.1,0.0124575301,0.111613306
1668.2,0.0124532476,0.11159412
1668.3,0.0124485625,0.111573126
1668.4,0.0124436227,0.111550987
1668.5,0.0124384565,0.111527828
1668.6,0.0124331561,0.111504063
1668.7,0.0124278246,0.111480153
1668.8,0.0124224319,0.111455964
1668.9,0.0124167725,0.111430572
1669.0,0.0124107392,0.111403497
1669.1,0.0124042993,0.11137459
1669.2,0.0123977439,0.111345157
1669.3,0.0123911889,0.111315717
1669.4,0.0123844902,0.111285625
1669.5,0.0123776785,0.111255016
1669.6,0.0123709283,0.111224675
1669.7,0.0123642796,0.111194782
1669.8,0.0123576842,0.111165121
1669.9,0.0123512867,0.111136343
1670.0,0.0123449844,0.111107985
1670.1,0.0123387471,0.111079913
1670.2,0.0123327564,0.111052944
1670.3,0.0123271174,0.111027553
1670.4,0.0123218985,0.111004047
1670.5,0.0123168589,0.110981345
1670.6,0.012311871,0.110958871
1670.7,0.0123071073,0.110937402
1670.8,0.01230264,0.110917267
1670.9,0.0122983059,0.110897727
1671.0,0.0122940497,0.110878536
1671.1,0.0122898343,0.110859525
1671.2,0.012285704,0.110840895
1671.3,0.0122816086,0.110822419
1671.4,0.0122775326,0.110804028
1671.5,0.0122738152,0.110787252
1671.6,0.0122703367,0.110771552
1671.7,0.0122670564,0.110756744
1671.8,0.0122640197,0.110743034
1671.9,0.0122613292,0.110730887
1672.0,0.0122590054,0.110720393
1672.1,0.0122569955,0.110711316
1672.2,0.0122552415,0.110703394
1672.3,0.012253797,0.11069687
1672.4,0.012252774,0.110692249
1672.5,0.0122522089,0.110689697
1672.6,0.0122520548,0.110689
1672.7,0.0122522511,0.110689887
1672.8,0.0122528374,0.110692535
1672.9,0.0122539274,0.110697459
1673.0,0.0122554925,0.110704528
1673.1,0.0122574226,0.110713245
1673.2,0.0122596935,0.1107235
1673.3,0.0122622491,0.11073504
1673.4,0.012264963,0.110747293
1673.5,0.0122676285,0.110759327
1673.6,0.0122701923,0.1107709
1673.7,0.0122725548,0.110781564
1673.8,0.0122747463,0.110791454
1673.9,0.0122768447,0.110800924
1674.0,0.0122788274,0.110809871
1674.1,0.0122806807,0.110818233
1674.2,0.0122825202,0.110826532
1674.3,0.0122843745,0.110834898
1674.4,0.0122862196,0.110843221
1674.5,0.0122880852,0.110851636
1674.6,0.0122899292,0.110859953
1674.7,0.0122917812,0.110868306
1674.8,0.0122936892,0.11087691
1674.9,0.0122955293,0.110885208
1675.0,0.0122972487,0.11089296
1675.1,0.012298856,0.110900207
1675.2,0.0123003909,0.110907128
1675.3,0.0123018971,0.110913918
1675.4,0.0123033445,0.110920442
1675.5,0.0123047764,0.110926897
1675.6,0.012306197,0.1109333
1675.7,0.0123076533,0.110939863
1675.8,0.0123090719,0.110946257
1675.9,0.0123102943,0.110951766
1676.0,0.0123113072,0.11095633
1676.1,0.0123122725,0.11096068
1676.2,0.0123132861,0.110965247
1676.3,0.0123143949,0.110970243
1676.4,0.0123156226,0.110975775
1676.5,0.0123169741,0.110981864
1676.6,0.0123184482,0.110988505
1676.7,0.0123200321,0.11099564
1676.8,0.0123217333,0.111003303
1676.9,0.0123235522,0.111011496
1677.0,0.0123254853,0.111020202
1677.1,0.0123274615,0.111029102
1677.2,0.0123294219,0.11103793
1677.3,0.0123313902,0.111046793
1677.4,0.0123333982,0.111055834
1677.5,0.0123354424,0.111065037
1677.6,0.012337609,0.11107479
1677.7,0.0123398681,0.111084959
1677.8,0.0123422221,0.111095554
1677.9,0.0123446409,0.11110644
1678.0,0.0123471224,0.111117606
1678.1,0.012349695,0.111129181
1678.2,0.0123523325,0.111141048
1678.3,0.012354992,0.111153012
1678.4,0.0123577106,0.11116524
1678.5,0.0123605726,0.111178112
1678.6,0.0123635611,0.111191551
1678.7,0.0123666358,0.111205377
1678.8,0.0123698006,0.111219605
1678.9,0.0123730671,0.111234289
1679.0,0.0123764092,0.111249311
1679.1,0.0123798186,0.111264633
1679.2,0.0123832987,0.111280271
1679.3,0.0123868249,0.111296113
1679.4,0.0123903624,0.111312005
1679.5,0.0123939585,0.111328157
1679.6,0.0123977235,0.111345065
1679.7,0.0124018253,0.111363483
1679.8,0.0124062645,0.111383412
1679.9,0.0124109646,0.111404509
1680.0,0.0124159744,0.111426991
1680.1,0.0124212665,0.111450736
1680.2,0.0124268685,0.111475865
1680.3,0.0124328256,0.111502581
1680.4,0.0124390959,0.111530695
1680.5,0.0124456312,0.111559989
1680.6,0.0124524723,0.111590646
1680.7,0.0124594842,0.111622059
1680.8,0.0124664949,0.111653459
1680.9,0.0124735465,0.111685033
1681.0,0.0124807372,0.11171722
1681.1,0.0124880882,0.111750115
1681.2,0.0124955691,0.111783581
1681.3,0.0125031164,0.111817335
1681.4,0.0125108234,0.111851792
1681.5,0.012518693,0.111886965
1681.6,0.012526621,0.111922388
1681.7,0.0125345506,0.111957807
1681.8,0.0125423845,0.111992788
1681.9,0.0125502707,0.112027991
1682.0,0.0125583015,0.112063828
1682.1,0.0125665074,0.112100434
1682.2,0.0125746545,0.112136767
1682.3,0.0125826418,0.112172375
1682.4,0.0125905729,0.112207722
1682.5,0.0125985134,0.1122431
1682.6,0.0126065316,0.112278812
1682.7,0.0126146225,0.112314836
1682.8,0.0126227868,0.112351176
1682.9,0.0126311396,0.112388343
1683.0,0.0126396289,0.112426104
1683.1,0.0126481032,0.112463786
1683.2,0.0126564773,0.11250101
1683.3,0.0126645829,0.112537029
1683.4,0.0126723977,0.112571745
1683.5,0.0126798608,0.112604888
1683.6,0.0126869964,0.112636568
1683.7,0.0126938364,0.112666927
1683.8,0.0127003889,0.112696002
1683.9,0.0127065702,0.112723423
1684.0,0.0127124831,0.112749648
1684.1,0.0127182584,0.112775256
1684.2,0.0127238657,0.112800114
1684.3,0.0127290265,0.112822987
1684.4,0.0127335965,0.112843239
1684.5,0.0127380045,0.112862768
1684.6,0.0127423769,0.112882137
1684.7,0.0127467148,0.11290135
1684.8,0.012750926,0.112919998
1684.9,0.0127551697,0.112938788
1685.0,0.0127593958,0.112957496
1685.1,0.0127635991,0.1129761
1685.2,0.0127676043,0.112993824
1685.3,0.0127713714,0.113010493
1685.4,0.0127749763,0.113026441
1685.5,0.0127783252,0.113041254
1685.6,0.0127812124,0.113054024
1685.7,0.0127835753,0.113064474
1685.8,0.0127856071,0.113073459
1685.9,0.0127874133,0.113081446
1686.0,0.0127889896,0.113088415
1686.1,0.0127904301,0.113094784
1686.2,0.0127915646,0.113099799
1686.3,0.0127921812,0.113102525
1686.4,0.0127924089,0.113103532
1686.5,0.0127923105,0.113103097
1686.6,0.0127919768,0.113101621
1686.7,0.0127915114,0.113099564
1686.8,0.0127909064,0.113096889
1686.9,0.0127900832,0.11309325
1687.0,0.0127892197,0.113089432
1687.1,0.0127884806,0.113086165
1687.2,0.0127878663,0.113083448
1687.3,0.0127874966,0.113081814
1687.4,0.0127874611,0.113081657
1687.5,0.012787573,0.113082152
1687.6,0.0127875262,0.113081944
1687.7,0.0127870897,0.113080015
1687.8,0.0127861295,0.113075769
1687.9,0.012784873,0.113070213
1688.0,0.0127833958,0.11306368
1688.1,0.0127818825,0.113056988
1688.2,0.0127804043,0.11305045
1688.3,0.0127789091,0.113043837
1688.4,0.0127773604,0.113036987
1688.5,0.0127757716,0.113029959
1688.6,0.0127742243,0.113023114
1688.7,0.012772778,0.113016716
1688.8,0.0127714512,0.113010845
1688.9,0.0127703056,0.113005777
1689.0,0.0127695001,0.113002213
1689.1,0.0127689544,0.112999798
1689.2,0.0127684344,0.112997498
1689.3,0.0127680263,0.112995692
1689.4,0.0127675893,0.112993758
1689.5,0.0127670568,0.112991402
1689.6,0.0127664211,0.112988588
1689.7,0.012765724,0.112985503
1689.8,0.0127650487,0.112982515
1689.9,0.0127644886,0.112980036
1690.0,0.0127640843,0.112978247
1690.1,0.0127637377,0.112976713
1690.2,0.0127634921,0.112975626
1690.3,0.0127634736,0.112975544
1690.4,0.0127636601,0.11297637
1690.5,0.0127639678,0.112977731
1690.6,0.0127643732,0.112979526
1690.7,0.0127649262,0.112981973
1690.8,0.0127656027,0.112984966
1690.9,0.0127662314,0.112987749
1691.0,0.0127669628,0.112990986
1691.1,0.0127677781,0.112994593
1691.2,0.0127686302,0.112998364
1691.3,0.0127695325,0.113002356
1691.4,0.0127705781,0.113006982
1691.5,0.0127718438,0.113012582
1691.6,0.012773414,0.113019529
1691.7,0.0127753554,0.113028118
1691.8,0.0127775825,0.113037969
1691.9,0.0127799452,0.11304842
1692.0,0.0127825416,0.113059903
1692.1,0.012785433,0.113072689
1692.2,0.012788585,0.113086626
1692.3,0.0127919373,0.113101447
1692.4,0.0127955882,0.113117586
1692.5,0.012799493,0.113134845
1692.6,0.0128036484,0.113153208
1692.7,0.0128079381,0.113172161
1692.8,0.0128123453,0.113191631
1692.9,0.012817001,0.113212195
1693.0,0.0128219231,0.113233931
1693.1,0.0128270527,0.113256579
1693.2,0.0128323473,0.113279951
1693.3,0.0128376863,0.113303514
1693.4,0.0128429553,0.113326763
1693.5,0.0128482716,0.113350217
1693.6,0.0128536742,0.113374045
1693.7,0.0128591704,0.113398282
1693.8,0.0128648681,0.113423402
1693.9,0.0128708509,0.113449773
1694.0,0.0128771309,0.113477446
1694.1,0.0128837146,0.113506452
1694.2,0.0128904322,0.113536039
1694.3,0.0128971675,0.113565697
1694.4,0.0129039682,0.113595634
1694.5,0.0129108268,0.113625819
1694.6,0.0129176742,0.113655946
1694.7,0.0129243092,0.113685132
1694.8,0.0129306092,0.113712837
1694.9,0.0129365254,0.113738847
1695.0,0.0129419551,0.113762714
1695.1,0.0129467972,0.113783994
1695.2,0.012951287,0.113803722
1695.3,0.0129556511,0.113822894
1695.4,0.0129599266,0.113841673
1695.5,0.0129638734,0.113859007
1695.6,0.0129670083,0.113872772
1695.7,0.0129690147,0.113881582
1695.8,0.0129697888,0.113884981
1695.9,0.0129695209,0.113883804
1696.0,0.0129684493,0.1138791
1696.1,0.0129667502,0.113871639
1696.2,0.0129644889,0.113861709
1696.3,0.0129618612,0.11385017
1696.4,0.0129589436,0.113837356
1696.5,0.0129557609,0.113823376
1696.6,0.0129523319,0.113808312
1696.7,0.0129486401,0.113792092
1696.8,0.0129446769,0.113774676
1696.9,0.012940319,0.113755523
1697.0,0.0129356226,0.113734879
1697.1,0.012930707,0.113713267
1697.2,0.0129255745,0.113690697
1697.3,0.0129203127,0.113667553
1697.4,0.012915012,0.113644234
1697.5,0.0129095249,0.11362009
1697.6,0.0129038259,0.113595008
1697.7,0.0128979797,0.113569273
1697.8,0.0128919904,0.113542901
1697.9,0.0128860046,0.113516539
1698.0,0.0128799498,0.113489866
1698.1,0.0128737065,0.113462357
1698.2,0.0128673029,0.113434135
1698.3,0.0128607108,0.113405074
1698.4,0.0128538329,0.113374746
1698.5,0.0128465889,0.113342794
1698.6,0.012839044,0.113309505
1698.7,0.0128312256,0.113275
1698.8,0.0128232244,0.113239677
1698.9,0.0128153024,0.113204692
1699.0,0.0128075266,0.113170343
1699.1,0.0127997522,0.11313599
1699.2,0.0127920558,0.113101971
1699.3,0.0127844648,0.113068408
1699.4,0.0127769518,0.113035179
1699.5,0.0127694569,0.113002022
1699.6,0.0127620998,0.112969464
1699.7,0.0127549688,0.112937898
1699.8,0.0127479186,0.112906681
1699.9,0.01274095,0.112875817
1700.0,0.0127338273,0.112844261
1700.1,0.0127265642,0.112812075
1700.2,0.0127192831,0.112779799
1700.3,0.0127119889,0.112747456
1700.4,0.0127047418,0.112715313
1700.5,0.0126975135,0.112683244
1700.6,0.0126902197,0.112650875
1700.7,0.0126828884,0.112618331
1700.8,0.0126753609,0.112584905
1700.9,0.0126677638,0.112551161
1701.0,0.0126602619,0.112517829
1701.1,0.0126526261,0.112483893
1701.2,0.0126448973,0.112449532
1701.3,0.0126371208,0.112414949
1701.4,0.0126292084,0.112379751
1701.5,0.0126211088,0.112343708
1701.6,0.0126128068,0.112306753
1701.7,0.0126042179,0.112268508
1701.8,0.0125954951,0.112229653
1701.9,0.0125866525,0.112190251
1702.0,0.0125778892,0.112151189
1702.1,0.0125693595,0.112113155
1702.2,0.0125609345,0.112075575
1702.3,0.0125523161,0.112037119
1702.4,0.0125435944,0.111998189
1702.5,0.0125345481,0.111957796
1702.6,0.0125250651,0.111915437
1702.7,0.0125152999,0.111871801
1702.8,0.0125054389,0.11182772
1702.9,0.0124956427,0.111783911
1703.0,0.0124860367,0.111740936
1703.1,0.0124765742,0.111698586
1703.2,0.0124671985,0.11165661
1703.3,0.0124579752,0.1116153
1703.4,0.0124490618,0.111575364
1703.5,0.0124404273,0.111536664
1703.6,0.0124318918,0.111498394
1703.7,0.012423302,0.111459867
1703.8,0.0124146369,0.111420989
1703.9,0.0124058864,0.111381715
1704.0,0.0123971094,0.111342307
1704.1,0.0123883406,0.111302923
1704.2,0.0123795281,0.111263328
1704.3,0.0123706727,0.111223526
1704.4,0.0123618,0.111183632
1704.5,0.0123529087,0.11114364
1704.6,0.0123441353,0.111104164
1704.7,0.012335536,0.111065458
1704.8,0.0123269551,0.111026821
1704.9,0.0123183418,0.110988025
1705.0,0.0123098077,0.110949573
1705.1,0.0123013663,0.110911525
1705.2,0.0122929418,0.11087354
1705.3,0.0122845366,0.110835629
1705.4,0.0122762405,0.110798197
1705.5,0.0122681295,0.110761589
1705.6,0.0122601427,0.110725528
1705.7,0.0122520594,0.110689021
1705.8,0.0122438427,0.110651899
1705.9,0.0122353734,0.110613622
1706.0,0.0122267221,0.110574509
1706.1,0.012217799,0.110534153
1706.2,0.0122085451,0.110492285
1706.3,0.0121990498,0.110449309
1706.4,0.0121893363,0.110405327
1706.5,0.0121794971,0.110360759
1706.6,0.0121696993,0.11031636
1706.7,0.0121600577,0.110272652
1706.8,0.0121505398,0.110229487
1706.9,0.0121409164,0.110185827
1707.0,0.0121309852,0.110140752
1707.1,0.0121206643,0.110093889
1707.2,0.0121099789,0.110045349
1707.3,0.0120991059,0.109995936
1707.4,0.0120879975,0.10994543
1707.5,0.0120766799,0.109893948
1707.6,0.0120651613,0.109841528
1707.7,0.0120534248,0.10978809
1707.8,0.01204161,0.10973427
1707.9,0.0120297913,0.109680405
1708.0,0.0120179004,0.109626185
1708.1,0.0120058511,0.109571215
1708.2,0.011993579,0.1095152
1708.3,0.0119810403,0.109457939
1708.4,0.0119682032,0.109399283
1708.5,0.0119550725,0.109339254
1708.6,0.0119416705,0.109277951
1708.7,0.0119280771,0.109215736
1708.8,0.0119144577,0.109153368
1708.9,0.0119009552,0.109091499
1709.0,0.0118876597,0.109030545
1709.1,0.0118744828,0.1089701
1709.2,0.0118614417,0.108910246
1709.3,0.0118486953,0.108851713
1709.4,0.011836242,0.108794494
1709.5,0.0118241427,0.108738874
1709.6,0.011812459,0.108685137
1709.7,0.0118012446,0.108633533
1709.8,0.0117905098,0.108584114
1709.9,0.0117802421,0.108536824
1710.0,0.0117703626,0.108491302
1710.1,0.0117607499,0.108446991
1710.2,0.0117514289,0.108404008
1710.3,0.0117424329,0.108362507
1710.4,0.0117337539,0.108322453
1710.5,0.0117253948,0.108283862
1710.6,0.0117173455,0.108246688
1710.7,0.0117096422,0.1082111
1710.8,0.0117023137,0.108177233
1710.9,0.0116953607,0.108145091
1711.0,0.0116888058,0.108114781
1711.1,0.0116826202,0.10808617
1711.2,0.0116766724,0.108058652
1711.3,0.0116708791,0.108031843
1711.4,0.0116652683,0.108005871
1711.5,0.0116597617,0.107980376
1711.6,0.0116543448,0.107955291
1711.7,0.0116490599,0.107930811
1711.8,0.0116439889,0.107907316
1711.9,0.0116391154,0.107884732
1712.0,0.0116344237,0.107862986
1712.1,0.011629918,0.107842098
1712.2,0.0116255174,0.107821693
1712.3,0.0116210997,0.107801205
1712.4,0.0116166728,0.10778067
1712.5,0.0116122438,0.107760122
1712.6,0.0116077492,0.107739265
1712.7,0.0116031669,0.107717997
1712.8,0.0115984661,0.107696175
1712.9,0.0115936164,0.107673657
1713.0,0.0115886094,0.107650404
1713.1,0.0115834861,0.107626605
1713.2,0.011578303,0.107602523
1713.3,0.0115730617,0.107578165
1713.4,0.0115677575,0.10755351
1713.5,0.0115624207,0.107528697
1713.6,0.0115570038,0.107503506
1713.7,0.0115514382,0.107477617
1713.8,0.0115456773,0.107450814
1713.9,0.0115396631,0.107422824
1714.0,0.0115333815,0.107393582
1714.1,0.0115267856,0.107362869
1714.2,0.0115199058,0.107330824
1714.3,0.0115127723,0.107297588
1714.4,0.0115053008,0.107262765
1714.5,0.0114974635,0.107226226
1714.6,0.011489334,0.107188311
1714.7,0.0114809007,0.107148965
1714.8,0.0114721753,0.107108241
1714.9,0.0114632039,0.107066353
1715.0,0.0114539653,0.1070232
1715.1,0.0114444599,0.106978783
1715.2,0.0114347596,0.106933435
1715.3,0.0114248576,0.106887126
1715.4,0.0114147384,0.106839779
1715.5,0.0114044511,0.106791625
1715.6,0.0113940141,0.106742747
1715.7,0.0113835523,0.106693731
1715.8,0.0113731887,0.106645153
1715.9,0.0113629405,0.106597094
1716.0,0.011352711,0.106549101
1716.1,0.0113424085,0.106500744
1716.2,0.0113319457,0.106451612
1716.3,0.0113211352,0.106400823
1716.4,0.0113100839,0.106348878
1716.5,0.0112988772,0.106296177
1716.6,0.0112874387,0.106242358
1716.7,0.011275663,0.106186925
1716.8,0.0112634621,0.106129459
1716.9,0.0112507794,0.106069691
1717.0,0.0112377762,0.106008378
1717.1,0.0112246302,0.105946355
1717.2,0.0112114209,0.105883997
1717.3,0.0111981225,0.105821182
1717.4,0.0111847279,0.105757874
1717.5,0.0111712648,0.105694204
1717.6,0.0111576484,0.10562977
1717.7,0.0111440389,0.10556533
1717.8,0.0111305738,0.105501535
1717.9,0.0111171221,0.105437764
1718.0,0.0111037382,0.105374277
1718.1,0.0110905341,0.105311605
1718.2,0.0110775016,0.105249711
1718.3,0.0110646091,0.105188446
1718.4,0.0110518584,0.105127819
1718.5,0.0110392492,0.105067832
1718.6,0.0110267735,0.105008445
1718.7,0.0110145006,0.104949991
1718.8,0.0110024605,0.104892614
1718.9,0.0109906742,0.104836416
1719.0,0.0109791395,0.104781389
1719.1,0.0109677533,0.104727042
1719.2,0.0109563553,0.10467261
1719.3,0.010944961,0.104618168
1719.4,0.0109337594,0.104564618
1719.5,0.0109229011,0.104512684
1719.6,0.010912405,0.104462458
1719.7,0.0109021169,0.104413203
1719.8,0.0108918523,0.104364037
1719.9,0.0108816151,0.10431498
1720.0,0.0108713716,0.10426587
1720.1,0.0108611036,0.104216619
1720.2,0.0108507829,0.104167091
1720.3,0.0108404007,0.104117245
1720.4,0.0108300076,0.104067323
1720.5,0.0108196524,0.104017558
1720.6,0.0108093879,0.103968206
1720.7,0.0107992563,0.10391947
1720.8,0.0107893481,0.103871787
1720.9,0.0107798119,0.103825873
1721.0,0.0107706733,0.103781854
1721.1,0.0107619029,0.103739592
1721.2,0.0107534834,0.103699004
1721.3,0.0107453239,0.103659654
1721.4,0.0107372827,0.10362086
1721.5,0.0107294328,0.103582975
1721.6,0.0107218741,0.103546483
1721.7,0.0107146448,0.103511569
1721.8,0.0107076836,0.103477938
1721.9,0.0107009121,0.103445213
1722.0,0.0106944063,0.103413763
1722.1,0.0106881976,0.10338374
1722.2,0.0106822628,0.103355033
1722.3,0.0106767027,0.103328131
1722.4,0.0106715655,0.10330327
1722.5,0.0106667622,0.103280018
1722.6,0.0106622467,0.103258156
1722.7,0.0106581435,0.103238285
1722.8,0.0106545231,0.103220749
1722.9,0.0106512584,0.103204934
1723.0,0.0106481963,0.103190098
1723.1,0.0106453664,0.103176385
1723.2,0.0106427484,0.103163697
1723.3,0.010640233,0.103151505
1723.4,0.0106377893,0.103139659
1723.5,0.010635472,0.103128425
1723.6,0.010633298,0.103117884
1723.7,0.0106312119,0.103107768
1723.8,0.0106291484,0.103097762
1723.9,0.0106270157,0.103087418
1724.0,0.010624719,0.103076278
1724.1,0.0106222805,0.103064448
1724.2,0.0106198011,0.103052419
1724.3,0.0106173409,0.103040482
1724.4,0.0106149321,0.103028793
1724.5,0.0106125466,0.103017215
1724.6,0.0106101756,0.103005707
1724.7,0.0106079151,0.102994734
1724.8,0.01060571,0.102984028
1724.9,0.0106033738,0.102972685
1725.0,0.0106007337,0.102959864
1725.1,0.0105976441,0.102944859
1725.2,0.0105940876,0.102927584
1725.3,0.0105901092,0.102908256
1725.4,0.0105858009,0.102887321
1725.5,0.0105813013,0.102865452
1725.6,0.0105768337,0.102843734
1725.7,0.0105724477,0.102822408
1725.8,0.0105679741,0.102800652
1725.9,0.010563106,0.102776972
1726.0,0.0105576012,0.102750188
1726.1,0.0105513725,0.102719874
1726.2,0.0105445345,0.102686584
1726.3,0.0105372114,0.10265092
1726.4,0.0105295531,0.102613611
1726.5,0.0105216642,0.102575164
1726.6,0.010513576,0.10253573
1726.7,0.0105053942,0.102495825
1726.8,0.0104972267,0.102455974
1726.9,0.010489177,0.102416683
1727.0,0.0104812557,0.102378004
1727.1,0.0104733298,0.102339288
1727.2,0.0104652841,0.102299971
1727.3,0.0104571935,0.10226042
1727.4,0.0104490995,0.102220837
1727.5,0.0104409616,0.102181024
1727.6,0.0104328015,0.102141086
1727.7,0.0104246873,0.102101358
1727.8,0.0104166295,0.10206189
1727.9,0.0104087102,0.102023087
1728.0,0.0104009596,0.101985095
1728.1,0.0103935017,0.101948525
1728.2,0.0103862792,0.101913096
1728.3,0.0103792004,0.101878361
1728.4,0.0103723253,0.101844614
1728.5,0.0103656348,0.101811762
1728.6,0.0103589709,0.10177903
1728.7,0.0103524237,0.101746861
1728.8,0.0103460848,0.101715706
1728.9,0.0103398256,0.101684933
1729.0,0.0103336795,0.101654707
1729.1,0.0103277663,0.101625618
1729.2,0.0103220106,0.101597296
1729.3,0.0103163911,0.101569637
1729.4,0.0103109399,0.101542798
1729.5,0.0103056197,0.101516598
1729.6,0.010300414,0.101490955
1729.7,0.0102953401,0.101465955
1729.8,0.0102904806,0.101442006
1729.9,0.0102859784,0.101419812
1730.0,0.0102818113,0.101399267
1730.1,0.0102778869,0.101379914
1730.2,0.0102741358,0.101361412
1730.3,0.0102705702,0.101343822
1730.4,0.0102671478,0.101326935
1730.5,0.0102638914,0.101310865
1730.6,0.0102608044,0.101295629
1730.7,0.0102578236,0.101280914
1730.8,0.0102548603,0.101266284
1730.9,0.0102518366,0.101251354
1731.0,0.0102488659,0.101236683
1731.1,0.0102459842,0.101222449
1731.2,0.0102431994,0.101208692
1731.3,0.010240603,0.101195865
1731.4,0.010238266,0.101184317
1731.5,0.0102361831,0.101174024
1731.6,0.0102342268,0.101164355
1731.7,0.0102322437,0.101154553
1731.8,0.0102301182,0.101144047
1731.9,0.0102278584,0.101132875
1732.0,0.0102254971,0.1011212
1732.1,0.010223014,0.101108921
1732.2,0.0102203953,0.101095971
1732.3,0.0102175926,0.101082108
1732.4,0.0102147262,0.101067928
1732.5,0.0102119215,0.101054052
1732.6,0.0102092217,0.101040693
1732.7,0.0102066579,0.101028006
1732.8,0.0102043207,0.101016438
1732.9,0.0102022404,0.101006141
1733.0,0.0102003654,0.100996859
1733.1,0.0101985626,0.100987933
1733.2,0.010196862,0.100979513
1733.3,0.0101953193,0.100971874
1733.4,0.0101938975,0.100964833
1733.5,0.0101925679,0.100958248
1733.6,0.0101913335,0.100952135
1733.7,0.0101902418,0.100946728
1733.8,0.0101892813,0.10094197
1733.9,0.0101884265,0.100937736
1734.0,0.0101876026,0.100933654
1734.1,0.010186781,0.100929584
1734.2,0.0101860057,0.100925744
1734.3,0.0101852533,0.100922016
1734.4,0.0101844605,0.100918088
1734.5,0.0101836832,0.100914237
1734.6,0.0101829468,0.100910588
1734.7,0.0101822227,0.100907
1734.8,0.0101815013,0.100903425
1734.9,0.0101807708,0.100899806
1735.0,0.0101800217,0.100896093
1735.1,0.0101792548,0.100892293
1735.2,0.0101785745,0.100888922
1735.3,0.0101779707,0.100885929
1735.4,0.0101774878,0.100883536
1735.5,0.0101772008,0.100882113
1735.6,0.0101769873,0.100881055
1735.7,0.0101768037,0.100880145
1735.8,0.0101766489,0.100879378
1735.9,0.0101765191,0.100878734
1736.0,0.0101764598,0.100878441
1736.1,0.0101764442,0.100878364
1736.2,0.0101765428,0.100878852
1736.3,0.0101768099,0.100880176
1736.4,0.0101772393,0.100882304
1736.5,0.0101778736,0.100885448
1736.6,0.010178798,0.100890029
1736.7,0.0101799151,0.100895565
1736.8,0.0101811684,0.100901776
1736.9,0.0101825762,0.100908752
1737.0,0.0101840765,0.100916185
1737.1,0.010185695,0.100924204
1737.2,0.0101875382,0.100933335
1737.3,0.0101896492,0.100943792
1737.4,0.0101920422,0.100955645
1737.5,0.0101947302,0.100968957
1737.6,0.0101976444,0.100983387
1737.7,0.0102007223,0.100998625
1737.8,0.0102040038,0.101014869
1737.9,0.0102075242,0.101032293
1738.0,0.0102113651,0.101051299
1738.1,0.0102155333,0.101071922
1738.2,0.0102199715,0.101093875
1738.3,0.0102246802,0.101117161
1738.4,0.0102297052,0.101142005
1738.5,0.0102350113,0.101168233
1738.6,0.0102405578,0.101195641
1738.7,0.0102463053,0.101224035
1738.8,0.010252282,0.101253553
1738.9,0.0102585132,0.101284319
1739.0,0.0102650244,0.101316457
1739.1,0.0102718483,0.101350127
1739.2,0.0102790147,0.101385476
1739.3,0.010286472,0.101422246
1739.4,0.0102941575,0.101460128
1739.5,0.0103021244,0.101499381
1739.6,0.0103104029,0.101540154
1739.7,0.0103190053,0.101582505
1739.8,0.0103279393,0.101626469
1739.9,0.0103371371,0.101671712
1740.0,0.0103466032,0.101718254
1740.1,0.0103563132,0.101765973
1740.2,0.0103663206,0.10181513
1740.3,0.0103766624,0.101865904
1740.4,0.0103872915,0.101918063
1740.5,0.0103980993,0.101971071
1740.6,0.0104091418,0.102025202
1740.7,0.0104205153,0.102080925
1740.8,0.0104321998,0.102138141
1740.9,0.0104441498,0.102196623
1741.0,0.0104563016,0.102256059
1741.1,0.0104685362,0.102315865
1741.2,0.0104807287,0.10237543
1741.3,0.01049288,0.10243476
1741.4,0.0105050988,0.102494384
1741.5,0.0105174074,0.102554412
1741.6,0.0105298156,0.10261489
1741.7,0.0105422325,0.102675374
1741.8,0.0105544917,0.102735056
1741.9,0.0105665997,0.102793967
1742.0,0.0105784344,0.102851516
1742.1,0.0105899852,0.102907654
1742.2,0.0106013318,0.102962769
1742.3,0.0106124166,0.103016584
1742.4,0.0106232883,0.103069337
1742.5,0.0106340392,0.103121478
1742.6,0.0106447579,0.103173436
1742.7,0.0106555206,0.103225581
1742.8,0.010666404,0.103278284
1742.9,0.0106772792,0.103330921
1743.0,0.0106880259,0.103382909
1743.1,0.0106985613,0.10343385
1743.2,0.0107088612,0.103483628
1743.3,0.0107188639,0.103531947
1743.4,0.0107285471,0.1035787
1743.5,0.0107379302,0.103623985
1743.6,0.0107470087,0.10366778
1743.7,0.0107558956,0.103710634
1743.8,0.0107645572,0.103752384
1743.9,0.0107728558,0.103792369
1744.0,0.0107807879,0.103830573
1744.1,0.0107885526,0.103867957
1744.2,0.0107962849,0.103905172
1744.3,0.0108039454,0.103942029
1744.4,0.0108114217,0.103977987
1744.5,0.0108185491,0.104012255
1744.6,0.0108250999,0.10404374
1744.7,0.0108307402,0.104070842
1744.8,0.0108353151,0.10409282
1744.9,0.0108388267,0.104109686
1745.0,0.0108412931,0.104121531
1745.1,0.0108427564,0.104128557
1745.2,0.0108434996,0.104132126
1745.3,0.0108438536,0.104133825
1745.4,0.0108440425,0.104134732
1745.5,0.010844237,0.104135666
1745.6,0.0108443666,0.104136289
1745.7,0.0108445769,0.104137298
1745.8,0.0108451235,0.104139923
1745.9,0.010845942,0.104143852
1746.0,0.0108470021,0.104148942
1746.1,0.0108484288,0.104155791
1746.2,0.0108502478,0.104164523
1746.3,0.0108523249,0.104174492
1746.4,0.0108545416,0.104185132
1746.5,0.0108569317,0.104196601
1746.6,0.0108596958,0.104209864
1746.7,0.0108627114,0.104224332
1746.8,0.0108659044,0.104239649
1746.9,0.0108692645,0.104255765
1747.0,0.0108728324,0.104272875
1747.1,0.0108766594,0.104291224
1747.2,0.0108805895,0.104310064
1747.3,0.0108843651,0.104328161
1747.4,0.010888034,0.104345743
1747.5,0.0108914237,0.104361984
1747.6,0.0108945579,0.104376999
1747.7,0.0108975627,0.104391392
1747.8,0.0109005599,0.104405747
1747.9,0.0109035148,0.104419897
1748.0,0.0109065169,0.104434271
1748.1,0.0109096143,0.104449099
1748.2,0.0109128413,0.104464546
1748.3,0.0109162346,0.104480786
1748.4,0.0109198271,0.104497976
1748.5,0.0109236399,0.104516218
1748.6,0.0109275284,0.104534819
1748.7,0.0109315934,0.104554261
1748.8,0.0109358158,0.104574451
1748.9,0.0109401894,0.10459536
1749.0,0.0109447256,0.104617043
1749.1,0.0109494384,0.104639564
1749.2,0.0109543847,0.104663196
1749.3,0.0109594688,0.104687482
1749.4,0.0109645879,0.104711928
1749.5,0.0109696564,0.104736127
1749.6,0.0109745889,0.104759672
1749.7,0.0109793969,0.104782617
1749.8,0.0109840827,0.104804975
1749.9,0.0109886724,0.104826868
1750.0,0.0109931908,0.104848418
1750.1,0.0109975979,0.104869433
1750.2,0.0110017954,0.104889444
1750.3,0.0110057355,0.104908224
1750.4,0.0110095433,0.104926371
1750.5,0.0110132881,0.104944214
1750.6,0.0110169094,0.104961466
1750.7,0.0110202377,0.10497732
1750.8,0.011023134,0.104991114
1750.9,0.0110256847,0.105003261
1751.0,0.0110280532,0.105014538
1751.1,0.0110303173,0.105025317
1751.2,0.0110324528,0.105035484
1751.3,0.0110344892,0.105045177
1751.4,0.0110365353,0.105054916
1751.5,0.0110385622,0.105064562
1751.6,0.0110403259,0.105072955
1751.7,0.0110417288,0.105079631
1751.8,0.0110428718,0.105085069
1751.9,0.0110438539,0.105089742
1752.0,0.011044703,0.105093782
1752.1,0.0110453441,0.105096832
1752.2,0.0110458104,0.105099051
1752.3,0.0110462649,0.105101213
1752.4,0.0110467664,0.105103598
1752.5,0.0110473037,0.105106155
1752.6,0.011047935,0.105109158
1752.7,0.0110487042,0.105112817
1752.8,0.0110495501,0.10511684
1752.9,0.0110503031,0.105120422
1753.0,0.0110509107,0.105123312
1753.1,0.0110512577,0.105124962
1753.2,0.0110513862,0.105125573
1753.3,0.0110514861,0.105126049
1753.4,0.0110516251,0.10512671
1753.5,0.0110518562,0.105127809
1753.6,0.0110522924,0.105129883
1753.7,0.011052924,0.105132887
1753.8,0.0110536874,0.105136518
1753.9,0.0110545578,0.105140657
1754.0,0.0110556054,0.105145639
1754.1,0.011056952,0.105152042
1754.2,0.0110585988,0.105159872
1754.3,0.0110605426,0.105169114
1754.4,0.0110628642,0.105180151
1754.5,0.0110655205,0.105192778
1754.6,0.0110684185,0.105206552
1754.7,0.011071611,0.105221723
1754.8,0.0110750124,0.105237885
1754.9,0.01107863,0.105255071
1755.0,0.0110824233,0.105273089
1755.1,0.0110862866,0.105291437
1755.2,0.0110902697,0.105310349
1755.3,0.0110944218,0.105330061
1755.4,0.0110987697,0.105350699
1755.5,0.011103316,0.105372273
1755.6,0.0111079697,0.105394353
1755.7,0.0111128492,0.1054175
1755.8,0.0111181563,0.105442668
1755.9,0.0111238863,0.105469836
1756.0,0.0111300155,0.105498889
1756.1,0.0111364977,0.105529606
1756.2,0.011143282,0.105561745
1756.3,0.0111502231,0.105594617
1756.4,0.0111572127,0.105627708
1756.5,0.011164269,0.105661105
1756.6,0.0111713703,0.105694703
1756.7,0.0111785069,0.105728458
1756.8,0.0111856199,0.105762091
1756.9,0.0111927122,0.105795615
1757.0,0.01119972,0.105828729
1757.1,0.0112067481,0.105861929
1757.2,0.0112137512,0.105895001
1757.3,0.0112205856,0.105927266
1757.4,0.0112271527,0.105958259
1757.5,0.0112335407,0.105988399
1757.6,0.0112398176,0.106018006
1757.7,0.0112459593,0.106046968
1757.8,0.0112519881,0.106075389
1757.9,0.011258058,0.106103996
1758.0,0.0112642074,0.106132971
1758.1,0.0112704374,0.106162316
1758.2,0.0112766524,0.106191583
1758.3,0.0112827888,0.106220473
1758.4,0.0112888936,0.106249205
1758.5,0.0112950399,0.106278125
1758.6,0.0113012169,0.106307182
1758.7,0.0113074079,0.106336296
1758.8,0.0113135143,0.106365005
1758.9,0.0113195752,0.106393492
1759.0,0.0113256106,0.106421852
1759.1,0.0113315734,0.106449863
1759.2,0.0113374428,0.106477429
1759.3,0.0113432076,0.106504496
1759.4,0.0113488684,0.106531068
1759.5,0.0113543696,0.106556884
1759.6,0.0113597557,0.106582155
1759.7,0.0113651423,0.106607422
1759.8,0.0113706126,0.106633074
1759.9,0.0113762232,0.106659379
1760.0,0.0113820093,0.1066865
1760.1,0.01138793,0.106714244
1760.2,0.0113938529,0.106741992
1760.3,0.0113996401,0.106769097
1760.4,0.0114052178,0.106795215
1760.5,0.0114105393,0.106820126
1760.6,0.0114155885,0.106843757
1760.7,0.0114204182,0.106866357
1760.8,0.0114250248,0.106887908
1760.9,0.0114295351,0.106909004
1761.0,0.0114340484,0.10693011
1761.1,0.0114386032,0.106951406
1761.2,0.0114431839,0.106972819
1761.3,0.0114477453,0.106994137
1761.4,0.0114523063,0.107015449
1761.5,0.0114569824,0.107037294
1761.6,0.0114618363,0.107059966
1761.7,0.0114669259,0.107083733
1761.8,0.0114722184,0.107108442
1761.9,0.0114776757,0.107133915
1762.0,0.0114832906,0.107160117
1762.1,0.011489076,0.107187107
1762.2,0.011495093,0.107215171
1762.3,0.0115013852,0.107244511
1762.4,0.0115079889,0.107275295
1762.5,0.0115148501,0.107307269
1762.6,0.0115219039,0.107340132
1762.7,0.0115289503,0.107372949
1762.8,0.0115356055,0.107403936
1762.9,0.0115419122,0.107433292
1763.0,0.0115479782,0.10746152
1763.1,0.0115538844,0.107488997
1763.2,0.0115598442,0.107516716
1763.3,0.0115659284,0.107545006
1763.4,0.0115721072,0.107573729
1763.5,0.0115783948,0.10760295
1763.6,0.0115848819,0.107633089
1763.7,0.011591554,0.10766408
1763.8,0.0115983361,0.107695571
1763.9,0.0116051683,0.107727287
1764.0,0.0116120585,0.107759262
1764.1,0.0116190306,0.107791607
1764.2,0.0116260737,0.107824272
1764.3,0.0116331647,0.107857149
1764.4,0.0116403808,0.107890596
1764.5,0.0116477491,0.107924738
1764.6,0.0116552739,0.107959594
1764.7,0.011662875,0.107994792
1764.8,0.0116705076,0.108030124
1764.9,0.0116781689,0.108065577
1765.0,0.0116858976,0.10810133
1765.1,0.0116937646,0.108137711
1765.2,0.0117017529,0.108174641
1765.3,0.011709873,0.108212167
1765.4,0.011718063,0.108250002
1765.5,0.0117263009,0.108288046
1765.6,0.0117346933,0.10832679
1765.7,0.0117432744,0.10836639
1765.8,0.011752034,0.108406799
1765.9,0.0117610016,0.108448152
1766.0,0.0117701249,0.108490206
1766.1,0.0117793418,0.108532676
1766.2,0.0117887145,0.108575847
1766.3,0.0117983519,0.108620219
1766.4,0.0118083311,0.108666145
1766.5,0.0118186221,0.108713486
1766.6,0.0118291867,0.108762064
1766.7,0.0118399765,0.108811656
1766.8,0.0118509399,0.108862022
1766.9,0.0118620403,0.108912994
1767.0,0.0118732275,0.10896434
1767.1,0.0118845151,0.109016123
1767.2,0.0118959743,0.109068668
1767.3,0.0119076431,0.109122148
1767.4,0.0119194701,0.109176326
1767.5,0.0119313759,0.109230838
1767.6,0.0119433829,0.109285786
1767.7,0.0119554799,0.109341117
1767.8,0.0119676463,0.109396738
1767.9,0.0119799398,0.109452911
1768.0,0.0119924088,0.109509857
1768.1,0.0120050996,0.109567786
1768.2,0.0120180495,0.109626865
1768.3,0.0120312866,0.109687222
1768.4,0.0120448233,0.10974891
1768.5,0.012058594,0.10981163
1768.6,0.0120724136,0.109874536
1768.7,0.012086231,0.109937396
1768.8,0.0121000752,0.110000342
1768.9,0.012113981,0.110063531
1769.0,0.0121279478,0.110126962
1769.1,0.0121419741,0.110190626
1769.2,0.0121561128,0.110254763
1769.3,0.0121704088,0.110319576
1769.4,0.0121849395,0.110385413
1769.5,0.0121997668,0.110452555
1769.6,0.0122148776,0.110520937
1769.7,0.0122302495,0.110590458
1769.8,0.0122459161,0.110661267
1769.9,0.0122619062,0.110733492
1770.0,0.0122782057,0.110807065
1770.1,0.0122948286,0.110882048
1770.2,0.0123117544,0.110958345
1770.3,0.0123288695,0.111035443
1770.4,0.0123462439,0.111113653
1770.5,0.0123638784,0.111192978
1770.6,0.0123816838,0.111273015
1770.7,0.0123996889,0.11135389
1770.8,0.0124178724,0.111435508
1770.9,0.0124361048,0.111517285
1771.0,0.0124542981,0.111598827
1771.1,0.0124724075,0.111679933
1771.2,0.0124904405,0.111760639
1771.3,0.0125084366,0.111841122
1771.4,0.0125264127,0.111921458
1771.5,0.012544321,0.112001433
1771.6,0.0125621381,0.112080944
1771.7,0.012579979,0.112160506
1771.8,0.0125979343,0.11224052
1771.9,0.0126159914,0.11232093
1772.0,0.0126342286,0.112402085
1772.1,0.012652579,0.112483683
1772.2,0.0126708329,0.112564794
1772.3,0.0126888745,0.112644904
1772.4,0.0127067094,0.112724041
1772.5,0.0127243582,0.112802297
1772.6,0.0127418421,0.112879768
1772.7,0.0127591853,0.112956564
1772.8,0.0127763861,0.113032677
1772.9,0.0127934584,0.113108171
1773.0,0.0128104318,0.113183178
1773.1,0.0128272499,0.11325745
1773.2,0.0128439353,0.113331087
1773.3,0.0128604193,0.113403789
1773.4,0.0128767118,0.1134756
1773.5,0.0128928893,0.113546859
1773.6,0.0129089837,0.113617708
1773.7,0.0129249943,0.113688145
1773.8,0.0129410191,0.1137586
1773.9,0.0129571409,0.113829438
1774.0,0.0129734395,0.113901007
1774.1,0.0129899433,0.113973432
1774.2,0.0130066138,0.114046542
1774.3,0.0130233245,0.114119781
1774.4,0.0130399998,0.114192819
1774.5,0.0130566343,0.114265631
1774.6,0.0130731957,0.114338076
1774.7,0.0130897092,0.114410267
1774.8,0.0131060873,0.114481821
1774.9,0.0131223704,0.114552915
1775.0,0.0131385443,0.114623489
1775.1,0.013154608,0.114693539
1775.2,0.0131705976,0.114763224
1775.3,0.0131865178,0.114832564
1775.4,0.0132024182,0.114901776
1775.5,0.0132182645,0.114970712
1775.6,0.0132341263,0.115039673
1775.7,0.0132500472,0.115108849
1775.8,0.0132659945,0.115178099
1775.9,0.0132818251,0.115246801
1776.0,0.0132972981,0.115313911
1776.1,0.0133123242,0.115379046
1776.2,0.0133269099,0.115442236
1776.3,0.0133411291,0.115503806
1776.4,0.0133550297,0.115563963
1776.5,0.0133686507,0.115622881
1776.6,0.0133820503,0.115680812
1776.7,0.0133951601,0.115737462
1776.8,0.0134079863,0.115792859
1776.9,0.0134205534,0.115847112
1777.0,0.0134328114,0.115900006
1777.1,0.0134447183,0.115951362
1777.2,0.0134562152,0.116000927
1777.3,0.013467283,0.116048623
1777.4,0.0134779036,0.116094374
1777.5,0.0134880348,0.116137999
1777.6,0.0134976482,0.116179379
1777.7,0.0135067671,0.116218618
1777.8,0.0135154304,0.116255883
1777.9,0.0135235436,0.116290772
1778.0,0.0135310334,0.11632297
1778.1,0.0135379536,0.116352712
1778.2,0.0135444189,0.116380492
1778.3,0.0135505447,0.116406807
1778.4,0.0135564886,0.116432335
1778.5,0.0135621544,0.116456663
1778.6,0.0135673675,0.116479043
1778.7,0.0135721845,0.116499719
1778.8,0.0135765514,0.11651846
1778.9,0.0135804917,0.116535367
1779.0,0.0135840235,0.116550519
1779.1,0.0135871867,0.116564088
1779.2,0.0135901482,0.116576791
1779.3,0.0135930093,0.116589062
1779.4,0.0135958024,0.116601039
1779.5,0.01359839,0.116612135
1779.6,0.0136004266,0.116620867
1779.7,0.0136019413,0.116627361
1779.8,0.0136032462,0.116632955
1779.9,0.0136044884,0.11663828
1780.0,0.0136057661,0.116643757
1780.1,0.0136071387,0.116649641
1780.2,0.0136086365,0.116656061
1780.3,0.0136102213,0.116662853
1780.4,0.0136119658,0.11667033
1780.5,0.0136139206,0.116678707
1780.6,0.013616032,0.116687754
1780.7,0.0136182924,0.11669744
1780.8,0.0136205337,0.116707042
1780.9,0.013622535,0.116715616
1781.0,0.0136242348,0.116722897
1781.1,0.013625717,0.116729246
1781.2,0.0136270327,0.116734882
1781.3,0.0136282265,0.116739995
1781.4,0.0136293212,0.116744684
1781.5,0.013630348,0.116749082
1781.6,0.0136314003,0.116753588
1781.7,0.0136324462,0.116758067
1781.8,0.0136333147,0.116761786
1781.9,0.0136338423,0.116764046
1782.0,0.013634049,0.11676493
1782.1,0.0136339841,0.116764653
1782.2,0.0136337121,0.116763488
1782.3,0.0136332394,0.116761464
1782.4,0.0136326579,0.116758974
1782.5,0.0136321588,0.116756836
1782.6,0.0136319232,0.116755827
1782.7,0.0136320556,0.116756394
1782.8,0.0136326403,0.116758898
1782.9,0.0136337277,0.116763555
1783.0,0.0136352705,0.116770161
1783.1,0.0136372433,0.116778608
1783.2,0.0136397274,0.116789243
1783.3,0.0136427743,0.116802287
1783.4,0.0136462857,0.116817318
1783.5,0.0136501208,0.116833731
1783.6,0.0136542258,0.116851298
1783.7,0.0136585538,0.116869816
1783.8,0.0136631543,0.116889496
1783.9,0.0136681177,0.116910725
1784.0,0.0136734956,0.116933723
1784.1,0.013679268,0.116958403
1784.2,0.0136853397,0.116984356
1784.3,0.0136916109,0.117011157
1784.4,0.0136980833,0.117038811
1784.5,0.0137047526,0.1170673
1784.6,0.013711547,0.117096315
1784.7,0.0137183434,0.117125332
1784.8,0.0137250412,0.117153921
1784.9,0.0137315827,0.117181836
1785.0,0.0137380384,0.117209378
1785.1,0.013744457,0.117236756
1785.2,0.0137509047,0.117264251
1785.3,0.0137574075,0.117291975
1785.4,0.013763968,0.117319939
1785.5,0.013770617,0.117348272
1785.6,0.013777436,0.117377323
1785.7,0.0137844589,0.117407235
1785.8,0.0137916137,0.117437701
1785.9,0.0137987613,0.117468129
1786.0,0.0138057814,0.117498006
1786.1,0.013812686,0.117527384
1786.2,0.0138195739,0.117556684
1786.3,0.0138265286,0.11758626
1786.4,0.0138335901,0.117616283
1786.5,0.0138407713,0.117646807
1786.6,0.0138480571,0.117677768
1786.7,0.0138555046,0.117709407
1786.8,0.0138632142,0.117742151
1786.9,0.0138712022,0.117776068
1787.0,0.0138794684,0.117811156
1787.1,0.0138879796,0.117847272
1787.2,0.0138966925,0.117884233
1787.3,0.0139056092,0.117922047
1787.4,0.0139147225,0.117960682
1787.5,0.0139240523,0.118000222
1787.6,0.0139336188,0.118040751
1787.7,0.0139433946,0.118082152
1787.8,0.0139533481,0.118124291
1787.9,0.0139634677,0.118167118
1788.0,0.0139737701,0.118210702
1788.1,0.0139842312,0.118254942
1788.2,0.0139947825,0.118299545
1788.3,0.0140053506,0.118344204
1788.4,0.0140158645,0.118388617
1788.5,0.0140263251,0.118432787
1788.6,0.0140366726,0.118476464
1788.7,0.0140467695,0.118519068
1788.8,0.0140564903,0.11856007
1788.9,0.0140658139,0.118599384
1789.0,0.0140748244,0.118637365
1789.1,0.0140835854,0.118674283
1789.2,0.0140921261,0.118710261
1789.3,0.0141005312,0.118745658
1789.4,0.0141089755,0.118781209
1789.5,0.0141175774,0.118817412
1789.6,0.0141262647,0.118853964
1789.7,0.0141350195,0.118890788
1789.8,0.0141438833,0.118928059
1789.9,0.0141527934,0.118965514
1790.0,0.0141616239,0.119002621
1790.1,0.014170305,0.11903909
1790.2,0.0141788084,0.119074802
1790.3,0.0141871161,0.119109681
1790.4,0.0141952889,0.119143984
1790.5,0.0142034268,0.119178131
1790.6,0.0142115045,0.119212015
1790.7,0.0142194067,0.119245154
1790.8,0.0142270506,0.119277201
1790.9,0.0142344251,0.11930811
1791.0,0.0142415741,0.119338067
1791.1,0.014248518,0.119367156
1791.2,0.0142552427,0.119395321
1791.3,0.0142618249,0.119422883
1791.4,0.014268345,0.119450178
1791.5,0.0142748065,0.119477222
1791.6,0.0142811894,0.11950393
1791.7,0.0142875386,0.119530492
1791.8,0.0142939195,0.119557181
1791.9,0.0143003343,0.119584005
1792.0,0.0143067158,0.119610684
1792.1,0.0143129775,0.119636857
1792.2,0.0143190732,0.11966233
1792.3,0.0143250304,0.119687219
1792.4,0.0143308923,0.119711705
1792.5,0.0143366839,0.119735892
1792.6,0.0143423942,0.119759735
1792.7,0.014348065,0.119783409
1792.8,0.0143537402,0.119807096
1792.9,0.0143594427,0.119830892
1793.0,0.0143652036,0.119854927
1793.1,0.0143709696,0.119878979
1793.2,0.0143766914,0.119902841
1793.3,0.0143823266,0.119926338
1793.4,0.0143877703,0.119949032
1793.5,0.0143930022,0.119970839
1793.6,0.0143979632,0.119991513
1793.7,0.0144026497,0.12001104
1793.8,0.0144071226,0.120029674
1793.9,0.0144113634,0.120047338
1794.0,0.0144153721,0.120064033
1794.1,0.0144191276,0.120079672
1794.2,0.0144226131,0.120094184
1794.3,0.0144258682,0.120107736
1794.4,0.014428889,0.120120311
1794.5,0.0144316808,0.120131931
1794.6,0.014434264,0.120142682
1794.7,0.0144366311,0.120152533
1794.8,0.0144387182,0.120161217
1794.9,0.0144403024,0.120167809
1795.0,0.0144410883,0.120171079
1795.1,0.0144410754,0.120171025
1795.2,0.0144402611,0.120167637
1795.3,0.0144388116,0.120161606
1795.4,0.0144369534,0.120153874
1795.5,0.0144348704,0.120145205
1795.6,0.0144325381,0.120135499
1795.7,0.0144299335,0.120124658
1795.8,0.014426821,0.120111702
1795.9,0.0144228515,0.120095177
1796.0,0.01441783,0.120074269
1796.1,0.014411822,0.120049248
1796.2,0.0144049477,0.120020614
1796.3,0.0143972859,0.119988691
1796.4,0.0143890389,0.11995432
1796.5,0.0143804065,0.119918333
1796.6,0.0143714671,0.119881054
1796.7,0.0143622375,0.119842553
1796.8,0.0143526615,0.119802594
1796.9,0.0143426712,0.119760892
1797.0,0.014332207,0.119717196
1797.1,0.0143215159,0.119672536
1797.2,0.0143107544,0.119627566
1797.3,0.0142999385,0.11958235
1797.4,0.0142890905,0.119536984
1797.5,0.0142781163,0.119491072
1797.6,0.014267,0.119444548
1797.7,0.0142560374,0.119398649
1797.8,0.0142451782,0.119353166
1797.9,0.0142345167,0.119308494
1798.0,0.0142241305,0.119264959
1798.1,0.0142139603,0.119222315
1798.2,0.0142039524,0.119180336
1798.3,0.0141940773,0.119138899
1798.4,0.0141844101,0.119098321
1798.5,0.0141749639,0.119058657
1798.6,0.0141657537,0.119019972
1798.7,0.0141567767,0.118982254
1798.8,0.0141480377,0.118945524
1798.9,0.0141394695,0.118909501
1799.0,0.0141310034,0.118873897
1799.1,0.0141226298,0.118838671
1799.2,0.0141143165,0.118803689
1799.3,0.0141060533,0.118768907
1799.4,0.0140978599,0.118734409
1799.5,0.0140897217,0.118700134
1799.6,0.0140816483,0.118666121
1799.7,0.0140736593,0.118632455
1799.8,0.0140658256,0.118599433
1799.9,0.0140582646,0.118567553
1800.0,0.0140510139,0.118536973
1800.1,0.0140440982,0.118507798
1800.2,0.0140375352,0.118480104
1800.3,0.0140313365,0.118453942
1800.4,0.0140255763,0.118429626
1800.5,0.0140202895,0.118407303
1800.6,0.0140154253,0.118386761
1800.7,0.0140109209,0.118367736
1800.8,0.0140067319,0.11835004
1800.9,0.0140028039,0.118333444
1801.0,0.013999109,0.118317831
1801.1,0.0139956427,0.118303181
1801.2,0.0139923951,0.118289455
1801.3,0.0139893879,0.118276743
1801.4,0.0139866139,0.118265016
1801.5,0.0139840495,0.118254173
1801.6,0.013981753,0.118244463
1801.7,0.0139797841,0.118236137
1801.8,0.0139781649,0.118229289
1801.9,0.0139769202,0.118224025
1802.0,0.0139760429,0.118220315
1802.1,0.0139755045,0.118218038
1802.2,0.0139752873,0.118217119
1802.3,0.0139753636,0.118217442
1802.4,0.0139757222,0.118218959
1802.5,0.0139763875,0.118221773
1802.6,0.0139774203,0.118226141
1802.7,0.0139788276,0.118232092
1802.8,0.0139805255,0.118239272
1802.9,0.0139824537,0.118247426
1803.0,0.0139846195,0.118256583
1803.1,0.0139869424,0.118266404
1803.2,0.0139892776,0.118276277
1803.3,0.0139915141,0.118285731
1803.4,0.0139936404,0.118294718
1803.5,0.0139957227,0.118303519
1803.6,0.0139978087,0.118312335
1803.7,0.0139998454,0.118320942
1803.8,0.0140017376,0.118328938
1803.9,0.0140033771,0.118335866
1804.0,0.0140047744,0.118341769
1804.1,0.014006038,0.118347108
1804.2,0.014007361,0.118352698
1804.3,0.014008693,0.118358324
1804.4,0.0140098692,0.118363293
1804.5,0.0140108415,0.1183674
1804.6,0.014011583,0.118370533
1804.7,0.0140120505,0.118372508
1804.8,0.0140122215,0.11837323
1804.9,0.0140121264,0.118372828
1805.0,0.0140118405,0.11837162
1805.1,0.0140114675,0.118370045
1805.2,0.0140110604,0.118368325
1805.3,0.0140106435,0.118366564
1805.4,0.014010191,0.118364653
1805.5,0.0140097096,0.118362619
1805.6,0.0140092671,0.11836075
1805.7,0.0140088947,0.118359177
1805.8,0.0140086269,0.118358045
1805.9,0.0140084345,0.118357233
1806.0,0.014008274,0.118356555
1806.1,0.0140081756,0.118356139
1806.2,0.0140082086,0.118356278
1806.3,0.0140083728,0.118356972
1806.4,0.0140086539,0.118358159
1806.5,0.0140090267,0.118359734
1806.6,0.0140094209,0.118361399
1806.7,0.0140098009,0.118363005
1806.8,0.0140101504,0.118364481
1806.9,0.0140105211,0.118366047
1807.0,0.0140110098,0.118368111
1807.1,0.0140117462,0.118371222
1807.2,0.0140128104,0.118375717
1807.3,0.0140141216,0.118381255
1807.4,0.0140156539,0.118387727
1807.5,0.0140172397,0.118394424
1807.6,0.0140185453,0.118399938
1807.7,0.0140194385,0.11840371
1807.8,0.0140198376,0.118405395
1807.9,0.0140197612,0.118405072
1808.0,0.0140191516,0.118402498
1808.1,0.014018056,0.118397872
1808.2,0.0140165818,0.118391646
1808.3,0.0140148046,0.11838414
1808.4,0.0140128694,0.118375966
1808.5,0.014010955,0.11836788
1808.6,0.0140092341,0.118360611
1808.7,0.0140078959,0.118354957
1808.8,0.0140070245,0.118351276
1808.9,0.0140065697,0.118349355
1809.0,0.0140063761,0.118348536
1809.1,0.0140063288,0.118348337
1809.2,0.0140064445,0.118348826
1809.3,0.0140068557,0.118350563
1809.4,0.0140075666,0.118353566
1809.5,0.0140086605,0.118358187
1809.6,0.0140102747,0.118365006
1809.7,0.0140125167,0.118374477
1809.8,0.0140153214,0.118386323
1809.9,0.0140184084,0.11839936
1810.0,0.014021548,0.118412617
1810.1,0.0140248065,0.118426376
1810.2,0.0140282917,0.11844109
1810.3,0.0140319425,0.1184565
1810.4,0.0140357304,0.118472488
1810.5,0.0140396615,0.118489077
1810.6,0.0140437308,0.118506248
1810.7,0.0140479319,0.118523972
1810.8,0.0140522885,0.118542349
1810.9,0.0140569465,0.118561994
1811.0,0.0140619968,0.11858329
1811.1,0.0140674266,0.118606183
1811.2,0.0140731974,0.118630508
1811.3,0.0140792606,0.11865606
1811.4,0.0140855444,0.118682536
1811.5,0.0140920499,0.11870994
1811.6,0.0140987763,0.118738268
1811.7,0.0141056897,0.118767377
1811.8,0.0141127701,0.11879718
1811.9,0.0141201173,0.1188281
1812.0,0.014127818,0.118860498
1812.1,0.0141358143,0.118894131
1812.2,0.014144131,0.118929101
1812.3,0.0141527072,0.118965151
1812.4,0.0141615082,0.119002135
1812.5,0.0141704448,0.119039677
1812.6,0.0141793829,0.119077214
1812.7,0.0141882028,0.119114243
1812.8,0.0141968331,0.119150464
1812.9,0.0142053329,0.119186127
1813.0,0.0142136687,0.119221092
1813.1,0.0142218013,0.119255194
1813.2,0.0142298279,0.119288842
1813.3,0.014237883,0.119322601
1813.4,0.0142460277,0.119356725
1813.5,0.0142543072,0.119391403
1813.6,0.0142627562,0.119426782
1813.7,0.0142714183,0.119463042
1813.8,0.0142800901,0.119499331
1813.9,0.0142884981,0.119534506
1814.0,0.014296536,0.119568123
1814.1,0.0143041048,0.119599769
1814.2,0.0143112405,0.119629597
1814.3,0.0143180623,0.119658106
1814.4,0.014324691,0.119685801
1814.5,0.0143312141,0.119713049
1814.6,0.0143376713,0.119740015
1814.7,0.0143441376,0.119767014
1814.8,0.0143506143,0.11979405
1814.9,0.0143571472,0.119821314
1815.0,0.0143636926,0.119848624
1815.1,0.0143701087,0.119875388
1815.2,0.0143763682,0.119901494
1815.3,0.0143826483,0.11992768
1815.4,0.014388886,0.119953683
1815.5,0.0143950739,0.119979473
1815.6,0.014401168,0.120004867
1815.7,0.0144073265,0.120030523
1815.8,0.0144136802,0.120056987
1815.9,0.0144200854,0.12008366
1816.0,0.0144264922,0.120110333
1816.1,0.0144326554,0.120135987
1816.2,0.0144384234,0.120159991
1816.3,0.0144439107,0.120182822
1816.4,0.0144490683,0.120204278
1816.5,0.0144538908,0.120224335
1816.6,0.0144585621,0.120243761
1816.7,0.0144631754,0.120262943
1816.8,0.0144678553,0.120282398
1816.9,0.014472796,0.120302934
1817.0,0.0144780113,0.120324608
1817.1,0.0144833231,0.120346679
1817.2,0.0144884697,0.120368059
1817.3,0.0144933097,0.120388163
1817.4,0.0144977901,0.120406769
1817.5,0.0145017497,0.120423211
1817.6,0.0145053668,0.120438228
1817.7,0.0145086778,0.120451973
1817.8,0.0145113497,0.120463063
1817.9,0.0145136027,0.120472415
1818.0,0.014515623,0.120480799
1818.1,0.0145173469,0.120487953
1818.2,0.014518837,0.120494137
1818.3,0.0145202074,0.120499823
1818.4,0.0145214651,0.120505042
1818.5,0.0145226802,0.120510083
1818.6,0.0145238681,0.120515012
1818.7,0.0145250306,0.120519835
1818.8,0.0145261084,0.120524306
1818.9,0.0145271221,0.120528511
1819.0,0.014528109,0.120532606
1819.1,0.0145290282,0.120536418
1819.2,0.0145298575,0.120539859
1819.3,0.0145305328,0.12054266
1819.4,0.0145309737,0.120544489
1819.5,0.0145312796,0.120545757
1819.6,0.0145315105,0.120546715
1819.7,0.0145314998,0.120546671
1819.8,0.014531235,0.120545572
1819.9,0.0145307089,0.12054339
1820.0,0.0145298755,0.120539933
1820.1,0.0145286927,0.120535027
1820.2,0.0145271859,0.120528776
1820.3,0.0145252915,0.120520917
1820.4,0.0145229661,0.120511269
1820.5,0.0145201989,0.120499788
1820.6,0.0145169427,0.120486276
1820.7,0.0145132959,0.120471141
1820.8,0.014509329,0.120454676
1820.9,0.01450518,0.120437453
1821.0,0.0145009416,0.120419855
1821.1,0.0144965964,0.120401812
1821.2,0.014492193,0.120383525
1821.3,0.0144877827,0.120365206
1821.4,0.0144831633,0.120346015
1821.5,0.014478179,0.120325305
1821.6,0.0144727767,0.120302854
1821.7,0.0144671513,0.120279471
1821.8,0.0144614578,0.120255801
1821.9,0.0144558971,0.120232679
1822.0,0.0144505309,0.120210361
1822.1,0.0144452902,0.120188561
1822.2,0.0144401407,0.120167137
1822.3,0.0144350921,0.120146128
1822.4,0.0144301598,0.1201256
1822.5,0.0144251863,0.120104897
1822.6,0.0144201107,0.120083766
1822.7,0.0144149326,0.120062203
1822.8,0.0144096988,0.120040405
1822.9,0.0144044161,0.120018399
1823.0,0.0143990309,0.119995962
1823.1,0.0143935236,0.119973012
1823.2,0.0143879596,0.119949821
1823.3,0.0143824356,0.119926793
1823.4,0.0143770277,0.119904244
1823.5,0.0143718412,0.119882614
1823.6,0.0143668614,0.119861843
1823.7,0.0143618786,0.119841056
1823.8,0.0143567876,0.119819813
1823.9,0.0143515905,0.119798124
1824.0,0.0143461757,0.119775522
1824.1,0.0143403895,0.119751365
1824.2,0.0143342097,0.11972556
1824.3,0.0143277064,0.119698398
1824.4,0.0143209428,0.119670142
1824.5,0.0143140041,0.119641147
1824.6,0.0143070108,0.119611918
1824.7,0.0143000688,0.119582895
1824.8,0.0142932573,0.119554412
1824.9,0.0142866223,0.119526659
1825.0,0.0142801151,0.119499436
1825.1,0.0142737004,0.119472593
1825.2,0.0142674435,0.119446404
1825.3,0.0142613872,0.11942105
1825.4,0.0142554515,0.119396196
1825.5,0.01424951,0.119371312
1825.6,0.0142434436,0.119345899
1825.7,0.0142372425,0.119319917
1825.8,0.0142310102,0.119293798
1825.9,0.014224831,0.119267896
1826.0,0.014218679,0.119242102
1826.1,0.0142123614,0.119215609
1826.2,0.0142058797,0.119188421
1826.3,0.0141993099,0.119160857
1826.4,0.0141926469,0.119132896
1826.5,0.0141858768,0.119104479
1826.6,0.0141789658,0.119075462
1826.7,0.0141719443,0.119045975
1826.8,0.0141648397,0.119016132
1826.9,0.0141575961,0.118985697
1827.0,0.0141502211,0.118954702
1827.1,0.0141427957,0.118923487
1827.2,0.0141352696,0.11889184
1827.3,0.0141275307,0.11885929
1827.4,0.0141195964,0.118825908
1827.5,0.0141115015,0.118791841
1827.6,0.0141032977,0.118757306
1827.7,0.0140950826,0.118722713
1827.8,0.0140869291,0.11868837
1827.9,0.0140788722,0.118654423
1828.0,0.0140709025,0.118620835
1828.1,0.0140628593,0.118586927
1828.2,0.0140546589,0.118552347
1828.3,0.0140463319,0.118517222
1828.4,0.0140379631,0.11848191
1828.5,0.0140296171,0.118446685
1828.6,0.0140213189,0.11841165
1828.7,0.0140131063,0.118376967
1828.8,0.0140050293,0.118342846
1828.9,0.0139971336,0.118309482
1829.0,0.0139894355,0.118276944
1829.1,0.0139819637,0.118245354
1829.2,0.0139746976,0.118214625
1829.3,0.0139675648,0.118184453
1829.4,0.0139604919,0.118154525
1829.5,0.0139533862,0.118124452
1829.6,0.0139462271,0.118094145
1829.7,0.0139390001,0.118063543
1829.8,0.0139318241,0.118033148
1829.9,0.0139248272,0.118003505
1830.0,0.0139181002,0.117974998
1830.1,0.0139116414,0.117947621
1830.2,0.0139054277,0.117921278
1830.3,0.0138994597,0.11789597
1830.4,0.0138937558,0.117871777
1830.5,0.0138883456,0.117848825
1830.6,0.0138832907,0.117827377
1830.7,0.0138786205,0.117807557
1830.8,0.0138743314,0.117789352
1830.9,0.0138703245,0.117772342
1831.0,0.0138665296,0.11775623
1831.1,0.0138629426,0.117740998
1831.2,0.0138595348,0.117726526
1831.3,0.013856329,0.117712909
1831.4,0.0138533748,0.11770036
1831.5,0.0138506422,0.117688751
1831.6,0.0138481358,0.117678102
1831.7,0.0138458647,0.117668452
1831.8,0.0138438046,0.117659698
1831.9,0.0138419516,0.117651824
1832.0,0.0138402888,0.117644757
1832.1,0.0138387406,0.117638177
1832.2,0.0138371691,0.117631497
1832.3,0.0138355161,0.117624471
1832.4,0.0138337506,0.117616966
1832.5,0.0138318254,0.117608781
1832.6,0.0138297401,0.117599915
1832.7,0.0138275419,0.117590569
1832.8,0.0138252343,0.117580756
1832.9,0.0138228492,0.117570614
1833.0,0.0138204413,0.117560373
1833.1,0.013817985,0.117549926
1833.2,0.0138154513,0.117539148
1833.3,0.0138128499,0.117528082
1833.4,0.0138102134,0.117516864
1833.5,0.0138074667,0.117505177
1833.6,0.013804537,0.11749271
1833.7,0.0138014365,0.117479515
1833.8,0.0137981797,0.117465653
1833.9,0.013794683,0.117450768
1834.0,0.0137909895,0.117435044
1834.1,0.0137870866,0.117418425
1834.2,0.0137829486,0.117400803
1834.3,0.0137786435,0.117382467
1834.4,0.0137741838,0.117363469
1834.5,0.0137695691,0.117343807
1834.6,0.0137649155,0.117323977
1834.7,0.0137603341,0.117304451
1834.8,0.0137558188,0.117285203
1834.9,0.0137514079,0.117266397
1835.0,0.0137471218,0.117248121
1835.1,0.0137429482,0.117230321
1835.2,0.0137388988,0.117213049
1835.3,0.0137350354,0.117196567
1835.4,0.0137314283,0.117181177
1835.5,0.0137281161,0.117167044
1835.6,0.0137248784,0.117153226
1835.7,0.0137214852,0.117138743
1835.8,0.0137178872,0.117123385
1835.9,0.0137141209,0.117107305
1836.0,0.013710301,0.117090994
1836.1,0.0137064778,0.117074667
1836.2,0.0137025872,0.11705805
1836.3,0.013698718,0.117041523
1836.4,0.013694931,0.117025343
1836.5,0.0136912307,0.117009533
1836.6,0.0136876575,0.116994262
1836.7,0.0136843131,0.116979969
1836.8,0.0136812436,0.116966848
1836.9,0.0136785232,0.116955219
1837.0,0.0136762152,0.116945351
1837.1,0.0136743739,0.116937479
1837.2,0.0136730002,0.116931605
1837.3,0.0136720611,0.116927589
1837.4,0.0136714968,0.116925176
1837.5,0.0136711605,0.116923738
1837.6,0.0136709367,0.116922781
1837.7,0.0136708202,0.116922283
1837.8,0.0136708507,0.116922413
1837.9,0.0136711893,0.116923861
1838.0,0.0136717936,0.116926445
1838.1,0.0136726342,0.11693004
1838.2,0.0136735897,0.116934125
1838.3,0.0136746949,0.116938851
1838.4,0.0136759413,0.11694418
1838.5,0.0136773315,0.116950124
1838.6,0.013678919,0.116956911
1838.7,0.0136806213,0.116964188
1838.8,0.0136822821,0.116971288
1838.9,0.0136839746,0.116978522
1839.0,0.0136857437,0.116986083
1839.1,0.0136875138,0.116993648
1839.2,0.0136890084,0.117000036
1839.3,0.0136900768,0.117004602
1839.4,0.0136908165,0.117007763
1839.5,0.0136913232,0.117009928
1839.6,0.0136916161,0.117011179
1839.7,0.0136916135,0.117011168
1839.8,0.0136914631,0.117010525
1839.9,0.0136912847,0.117009763
1840.0,0.0136911481,0.11700918
1840.1,0.0136911504,0.117009189
1840.2,0.0136913916,0.11701022
1840.3,0.0136919003,0.117012394
1840.4,0.0136924691,0.117014824
1840.5,0.0136926212,0.117015474
1840.6,0.0136920877,0.117013194
1840.7,0.0136911484,0.117009181
1840.8,0.0136899548,0.11700408
1840.9,0.0136885558,0.116998102
1841.0,0.0136869313,0.116991159
1841.1,0.0136851399,0.116983503
1841.2,0.0136831347,0.116974932
1841.3,0.0136810182,0.116965885
1841.4,0.0136789459,0.116957026
1841.5,0.0136769359,0.116948433
1841.6,0.013675013,0.116940211
1841.7,0.013673172,0.116932339
1841.8,0.0136713992,0.116924759
1841.9,0.0136696579,0.116917312
1842.0,0.0136679104,0.116909839
1842.1,0.0136659613,0.116901503
1842.2,0.013663697,0.116891817
1842.3,0.0136612231,0.116881235
1842.4,0.0136584633,0.116869428
1842.5,0.0136553918,0.116856287
1842.6,0.0136519171,0.116841419
1842.7,0.0136480865,0.116825025
1842.8,0.0136439793,0.116807445
1842.9,0.0136396295,0.116788824
1843.0,0.0136349759,0.1167689
1843.1,0.0136300856,0.116747957
1843.2,0.0136250815,0.116726525
1843.3,0.0136198403,0.116704071
1843.4,0.0136143389,0.116680499
1843.5,0.0136084541,0.116655279
1843.6,0.0136020871,0.116627986
1843.7,0.0135952908,0.116598846
1843.8,0.0135880531,0.116567805
1843.9,0.013580302,0.116534553
1844.0,0.0135719334,0.116498641
1844.1,0.0135628764,0.116459763
1844.2,0.0135533368,0.116418799
1844.3,0.0135435805,0.11637689
1844.4,0.013533644,0.116334191
1844.5,0.0135235124,0.116290637
1844.6,0.0135130746,0.116245751
1844.7,0.0135023651,0.116199678
1844.8,0.013491564,0.116153192
1844.9,0.0134807155,0.116106483
1845.0,0.0134698246,0.116059574
1845.1,0.0134588489,0.116012279
1845.2,0.0134478286,0.115964773
1845.3,0.0134367872,0.115917157
1845.4,0.0134256724,0.115869204
1845.5,0.0134144297,0.115820679
1845.6,0.0134032007,0.115772193
1845.7,0.0133922196,0.115724758
1845.8,0.0133816517,0.115679089
1845.9,0.0133715983,0.115635627
1846.0,0.0133619669,0.115593974
1846.1,0.0133528338,0.115554462
1846.2,0.0133442649,0.115517379
1846.3,0.0133361957,0.115482448
1846.4,0.0133284257,0.115448801
1846.5,0.0133209002,0.115416204
1846.6,0.0133137346,0.115385157
1846.7,0.0133069975,0.11535596
1846.8,0.0133006286,0.115328351
1846.9,0.0132946118,0.115302263
1847.0,0.0132890017,0.115277932
1847.1,0.0132837796,0.11525528
1847.2,0.0132789669,0.1152344
1847.3,0.0132746614,0.115215717
1847.4,0.0132708296,0.115199087
1847.5,0.0132674502,0.115184418
1847.6,0.0132644818,0.115171532
1847.7,0.0132619559,0.115160566
1847.8,0.0132598483,0.115151415
1847.9,0.0132581615,0.11514409
1848.0,0.01325695,0.115138829
1848.1,0.0132561702,0.115135443
1848.2,0.0132557156,0.115133469
1848.3,0.0132556063,0.115132994
1848.4,0.0132558681,0.115134131
1848.5,0.0132564662,0.115136728
1848.6,0.0132573256,0.11514046
1848.7,0.0132584394,0.115145297
1848.8,0.0132598092,0.115151245
1848.9,0.0132613772,0.115158053
1849.0,0.0132631342,0.115165682
1849.1,0.0132650958,0.115174198
1849.2,0.01326741,0.115184244
1849.3,0.0132702034,0.115196369
1849.4,0.0132734496,0.115210458
1849.5,0.0132768353,0.115225151
1849.6,0.0132799451,0.115238644
1849.7,0.0132826463,0.115250364
1849.8,0.0132850764,0.115260906
1849.9,0.0132872149,0.115270182
1850.0,0.013289222,0.115278888
1850.1,0.0132912084,0.115287503
1850.2,0.0132931733,0.115296025
1850.3,0.0132950982,0.115304372
1850.4,0.0132970229,0.115312718
1850.5,0.0132989111,0.115320905
1850.6,0.0133008754,0.115329421
1850.7,0.0133027719,0.115337643
1850.8,0.0133046804,0.115345916
1850.9,0.0133064656,0.115353654
1851.0,0.0133082904,0.115361564
1851.1,0.01330996,0.1153688
1851.2,0.0133115243,0.115375579
1851.3,0.0133130475,0.11538218
1851.4,0.0133145103,0.115388519
1851.5,0.0133159599,0.1153948
1851.6,0.0133173028,0.115400619
1851.7,0.01331854,0.115405979
1851.8,0.013319673,0.115410888
1851.9,0.0133206023,0.115414914
1852.0,0.0133213302,0.115418067
1852.1,0.0133220647,0.115421249
1852.2,0.0133228494,0.115424648
1852.3,0.0133235905,0.115427858
1852.4,0.0133241599,0.115430325
1852.5,0.0133245492,0.115432011
1852.6,0.0133248104,0.115433143
1852.7,0.0133249323,0.11543367
1852.8,0.0133249507,0.11543375
1852.9,0.013325,0.115433964
1853.0,0.013325164,0.115434674
1853.1,0.0133253711,0.115435571
1853.2,0.0133256629,0.115436835
1853.3,0.0133261271,0.115438846
1853.4,0.0133265447,0.115440654
1853.5,0.013326773,0.115441643
1853.6,0.0133267842,0.115441692
1853.7,0.0133265887,0.115440845
1853.8,0.0133260951,0.115438707
1853.9,0.0133250936,0.115434369
1854.0,0.0133237349,0.115428484
1854.1,0.0133221564,0.115421646
1854.2,0.013320441,0.115414215
1854.3,0.0133186971,0.11540666
1854.4,0.0133169541,0.115399108
1854.5,0.0133152061,0.115391534
1854.6,0.0133134294,0.115383835
1854.7,0.0133116703,0.115376212
1854.8,0.0133099363,0.115368697
1854.9,0.0133080498,0.115360521
1855.0,0.0133059197,0.115351288
1855.1,0.0133035716,0.11534111
1855.2,0.0133010534,0.115330193
1855.3,0.0132983468,0.115318458
1855.4,0.0132954629,0.115305954
1855.5,0.0132924351,0.115292823
1855.6,0.0132893016,0.115279233
1855.7,0.0132860847,0.11526528
1855.8,0.0132828154,0.115251097
1855.9,0.0132795277,0.115236833
1856.0,0.0132762108,0.115222441
1856.1,0.0132728272,0.115207757
1856.2,0.0132693302,0.115192579
1856.3,0.0132657231,0.115176921
1856.4,0.0132620548,0.115160995
1856.5,0.0132582314,0.115144394
1856.6,0.0132541966,0.115126872
1856.7,0.013249953,0.11510844
1856.8,0.0132454523,0.115088889
1856.9,0.0132405961,0.115067789
1857.0,0.0132353654,0.115045058
1857.1,0.0132300212,0.115021829
1857.2,0.0132243797,0.114997303
1857.3,0.0132184583,0.114971554
1857.4,0.013212402,0.114945213
1857.5,0.0132061433,0.114917985
1857.6,0.0131996808,0.114889864
1857.7,0.0131932262,0.11486177
1857.8,0.0131865395,0.114832659
1857.9,0.0131795039,0.114802021
1858.0,0.0131723487,0.114770853
1858.1,0.0131648957,0.114738379
1858.2,0.0131570676,0.114704262
1858.3,0.013149092,0.11466949
1858.4,0.0131411777,0.114634976
1858.5,0.0131334115,0.114601097
1858.6,0.0131259359,0.114568477
1858.7,0.0131188431,0.114537518
1858.8,0.0131119569,0.114507453
1858.9,0.0131051687,0.114477809
1859.0,0.0130983634,0.114448082
1859.1,0.0130915637,0.114418371
1859.2,0.0130850278,0.114389806
1859.3,0.0130788465,0.114362785
1859.4,0.0130730548,0.11433746
1859.5,0.013067678,0.114313945
1859.6,0.0130627942,0.114292582
1859.7,0.0130584989,0.114273789
1859.8,0.0130548586,0.11425786
1859.9,0.0130520813,0.114245706
1860.0,0.0130500852,0.114236969
1860.1,0.0130488786,0.114231688
1860.2,0.0130482836,0.114229084
1860.3,0.0130483308,0.114229291
1860.4,0.0130489934,0.114232191
1860.5,0.0130502613,0.11423774
1860.6,0.0130520605,0.114245615
1860.7,0.0130543877,0.1142558
1860.8,0.0130573364,0.114268703
1860.9,0.0130608542,0.114284094
1861.0,0.0130648416,0.114301538
1861.1,0.0130693878,0.114321423
1861.2,0.0130744589,0.1143436
1861.3,0.0130800788,0.114368172
1861.4,0.013086249,0.114395144
1861.5,0.0130929785,0.114424554
1861.6,0.0131002701,0.114456411
1861.7,0.0131081207,0.114490701
1861.8,0.0131165347,0.114527441
1861.9,0.013125389,0.11456609
1862.0,0.0131346794,0.114606629
1862.1,0.0131444992,0.114649462
1862.2,0.0131548286,0.114694501
1862.3,0.013165654,0.114741684
1862.4,0.0131769734,0.114790999
1862.5,0.0131887102,0.11484211
1862.6,0.0132008696,0.114895037
1862.7,0.0132134008,0.114949558
1862.8,0.0132262278,0.115005338
1862.9,0.0132393483,0.115062367
1863.0,0.0132527815,0.115120726
1863.1,0.0132665215,0.115180387
1863.2,0.0132805801,0.115241399
1863.3,0.0132949807,0.115303862
1863.4,0.0133096864,0.115367614
1863.5,0.0133245629,0.115432071
1863.6,0.0133395224,0.11549685
1863.7,0.0133546162,0.115562174
1863.8,0.0133697871,0.115627795
1863.9,0.0133847902,0.115692654
1864.0,0.0133994991,0.115756206
1864.1,0.0134141243,0.115819361
1864.2,0.0134287061,0.115882294
1864.3,0.0134432034,0.115944829
1864.4,0.0134575918,0.116006861
1864.5,0.0134717942,0.116068058
1864.6,0.0134859282,0.116128929
1864.7,0.0134999664,0.116189356
1864.8,0.013513613,0.116248066
1864.9,0.0135267269,0.116304458
1865.0,0.0135391014,0.116357645
1865.1,0.0135509088,0.116408371
1865.2,0.0135623118,0.116457339
1865.3,0.0135734251,0.116505043
1865.4,0.013584384,0.116552066
1865.5,0.0135951183,0.116598106
1865.6,0.0136055069,0.116642646
1865.7,0.0136155475,0.116685678
1865.8,0.0136253173,0.116727535
1865.9,0.0136348272,0.116768263
1866.0,0.0136440728,0.116807846
1866.1,0.0136529772,0.116845955
1866.2,0.0136615937,0.116882821
1866.3,0.0136699929,0.116918745
1866.4,0.0136781509,0.116953627
1866.5,0.0136861167,0.116987678
1866.6,0.0136938477,0.117020715
1866.7,0.0137012378,0.117052287
1866.8,0.0137081566,0.117081837
1866.9,0.0137145285,0.117109045
1867.0,0.0137203056,0.117133708
1867.1,0.0137255525,0.117156103
1867.2,0.0137300759,0.117175407
1867.3,0.0137338143,0.117191358
1867.4,0.0137368881,0.117204471
1867.5,0.0137393271,0.117214876
1867.6,0.0137412501,0.117223078
1867.7,0.0137428148,0.117229752
1867.8,0.0137440898,0.11723519
1867.9,0.0137451144,0.11723956
1868.0,0.0137458307,0.117242615
1868.1,0.0137463212,0.117244707
1868.2,0.0137466968,0.117246308
1868.3,0.0137469659,0.117247456
1868.4,0.013747124,0.11724813
1868.5,0.0137472172,0.117248527
1868.6,0.0137473369,0.117249038
1868.7,0.0137474317,0.117249442
1868.8,0.0137474287,0.117249429
1868.9,0.0137473004,0.117248882
1869.0,0.0137469893,0.117247556
1869.1,0.0137463812,0.117244963
1869.2,0.0137455807,0.117241549
1869.3,0.013744571,0.117237242
1869.4,0.0137434028,0.11723226
1869.5,0.0137421261,0.117226815
1869.6,0.0137405462,0.117220076
1869.7,0.0137384539,0.117211151
1869.8,0.01373592,0.117200341
1869.9,0.0137330568,0.117188126
1870.0,0.0137298345,0.117174377
1870.1,0.0137262841,0.117159225
1870.2,0.0137225246,0.11714318
1870.3,0.0137185336,0.117126144
1870.4,0.0137143293,0.117108195
1870.5,0.0137099742,0.117089599
1870.6,0.0137054215,0.117070156
1870.7,0.013700668,0.117049852
1870.8,0.0136957574,0.117028874
1870.9,0.0136907388,0.117007431
1871.0,0.0136855713,0.116985346
1871.1,0.0136802655,0.116962667
1871.2,0.0136749413,0.116939905
1871.3,0.0136694133,0.116916266
1871.4,0.013663557,0.116891219
1871.5,0.0136573312,0.116864585
1871.6,0.0136506957,0.116836192
1871.7,0.0136437316,0.116806385
1871.8,0.0136364081,0.116775032
1871.9,0.0136285699,0.116741466
1872.0,0.0136204082,0.116706505
1872.1,0.0136119391,0.116670215
1872.2,0.0136031761,0.116632655
1872.3,0.013594341,0.116594773
1872.4,0.0135854741,0.116556742
1872.5,0.0135764545,0.116518044
1872.6,0.0135671706,0.116478198
1872.7,0.0135576664,0.116437393
1872.8,0.0135479008,0.11639545
1872.9,0.0135379064,0.116352509
1873.0,0.013527665,0.116308491
1873.1,0.0135170234,0.116262734
1873.2,0.0135058586,0.116214709
1873.3,0.0134944185,0.116165479
1873.4,0.0134827617,0.116115295
1873.5,0.0134710638,0.116064912
1873.6,0.0134595488,0.116015295
1873.7,0.0134483667,0.115967093
1873.8,0.0134375164,0.115920302
1873.9,0.0134267559,0.115873879
1874.0,0.0134160304,0.115827589
1874.1,0.0134055006,0.115782126
1874.2,0.0133951416,0.115737382
1874.3,0.0133849133,0.115693186
1874.4,0.013374815,0.115649535
1874.5,0.0133649364,0.115606818
1874.6,0.0133553214,0.115565226
1874.7,0.0133459865,0.115524831
1874.8,0.0133369268,0.115485613
1874.9,0.0133279781,0.115446863
1875.0,0.0133190231,0.115408072
1875.1,0.0133101547,0.115369644
1875.2,0.0133014756,0.115332023
1875.3,0.013292986,0.115295213
1875.4,0.0132847248,0.11525938
1875.5,0.0132767687,0.115224861
1875.6,0.0132691447,0.115191773
1875.7,0.0132618286,0.115160013
1875.8,0.01325475,0.115129275
1875.9,0.0132479048,0.115099543
1876.0,0.0132413383,0.115071014
1876.1,0.0132350534,0.115043702
1876.2,0.0132290657,0.115017676
1876.3,0.0132232812,0.114992527
1876.4,0.0132176728,0.114968138
1876.5,0.0132123304,0.114944902
1876.6,0.0132072223,0.11492268
1876.7,0.0132023866,0.114901639
1876.8,0.0131977552,0.114881483
1876.9,0.0131933908,0.114862486
1877.0,0.0131893224,0.114844775
1877.1,0.0131855116,0.114828183
1877.2,0.0131818727,0.114812337
1877.3,0.0131783499,0.114796994
1877.4,0.0131748878,0.114781914
1877.5,0.0131713508,0.114766506
1877.6,0.0131678264,0.11475115
1877.7,0.0131643647,0.114736065
1877.8,0.0131609007,0.114720969
1877.9,0.0131574178,0.114705788
1878.0,0.0131538999,0.114690452
1878.1,0.0131504022,0.114675203
1878.2,0.0131468191,0.114659579
1878.3,0.0131430579,0.114643176
1878.4,0.0131390492,0.114625692
1878.5,0.0131347066,0.114606748
1878.6,0.0131298616,0.114585608
1878.7,0.0131243774,0.114561675
1878.8,0.0131184211,0.114535676
1878.9,0.0131120475,0.114507849
1879.0,0.0131052416,0.114478127
1879.1,0.0130979712,0.114446368
1879.2,0.0130901325,0.114412117
1879.3,0.0130817619,0.11437553
1879.4,0.0130730187,0.114337302
1879.5,0.0130638627,0.114297256
1879.6,0.013054192,0.114254943
1879.7,0.0130440079,0.114210367
1879.8,0.013033242,0.114163225
1879.9,0.0130219628,0.114113815
1880.0,0.0130103124,0.114062756
1880.1,0.0129981303,0.114009343
1880.2,0.0129851981,0.113952613
1880.3,0.0129716411,0.113893113
1880.4,0.012957583,0.11383138
1880.5,0.0129431174,0.113767823
1880.6,0.012928076,0.113701698
1880.7,0.0129121138,0.113631483
1880.8,0.0128952116,0.113557085
1880.9,0.0128776258,0.113479627
1881.0,0.0128594059,0.113399321
1881.1,0.0128405077,0.113315964
1881.2,0.0128207422,0.113228716
1881.3,0.0128001616,0.113137799
1881.4,0.0127790459,0.113044442
1881.5,0.0127575202,0.112949193
1881.6,0.0127357265,0.112852676
1881.7,0.012713709,0.112755084
1881.8,0.0126915353,0.112656714
1881.9,0.0126693773,0.112558328
1882.0,0.0126472352,0.112459927
1882.1,0.0126250018,0.112361033
1882.2,0.0126027458,0.112261952
1882.3,0.0125806372,0.11216344
1882.4,0.0125586233,0.112065264
1882.5,0.012536624,0.111967067
1882.6,0.0125146509,0.1118689
1882.7,0.0124927248,0.111770858
1882.8,0.0124708708,0.111673053
1882.9,0.0124491793,0.11157589
1883.0,0.0124276647,0.111479436
1883.1,0.0124064332,0.111384169
1883.2,0.0123855327,0.111290308
1883.3,0.0123648374,0.111197291
1883.4,0.0123443893,0.111105307
1883.5,0.0123243243,0.111014973
1883.6,0.0123047197,0.110926641
1883.7,0.0122854494,0.110839746
1883.8,0.012266472,0.110754106
1883.9,0.0122479259,0.110670348
1884.0,0.0122297247,0.110588086
1884.1,0.0122116877,0.110506505
1884.2,0.0121936511,0.110424866
1884.3,0.0121756262,0.11034322
1884.4,0.0121576702,0.110261826
1884.5,0.0121398126,0.110180818
1884.6,0.0121221737,0.110100743
1884.7,0.0121047826,0.110021737
1884.8,0.012087685,0.109944009
1884.9,0.0120708951,0.109867626
1885.0,0.0120543789,0.109792436
1885.1,0.0120381902,0.109718687
1885.2,0.0120223677,0.109646558
1885.3,0.0120068027,0.109575557
1885.4,0.0119914944,0.109505682
1885.5,0.011976305,0.109436306
1885.6,0.0119610589,0.109366626
1885.7,0.0119458696,0.109297162
1885.8,0.0119309189,0.109228746
1885.9,0.0119163353,0.109161968
1886.0,0.01190208,0.109096655
1886.1,0.0118880888,0.109032513
1886.2,0.0118743861,0.108969657
1886.3,0.0118609903,0.108908174
1886.4,0.0118479509,0.108848293
1886.5,0.0118352986,0.108790159
1886.6,0.0118230088,0.10873366
1886.7,0.0118110955,0.108678864
1886.8,0.0117995485,0.108625727
1886.9,0.0117882877,0.108573881
1887.0,0.0117772494,0.108523036
1887.1,0.0117664684,0.108473353
1887.2,0.0117559105,0.108424677
1887.3,0.0117456071,0.108377152
1887.4,0.0117355852,0.108330906
1887.5,0.0117259295,0.108286331
1887.6,0.0117166393,0.108243426
1887.7,0.0117076229,0.108201769
1887.8,0.01169883,0.10816113
1887.9,0.0116902716,0.108121559
1888.0,0.0116819773,0.108083196
1888.1,0.0116738768,0.108045716
1888.2,0.01166579,0.108008287
1888.3,0.0116576721,0.1079707
1888.4,0.0116496245,0.107933426
1888.5,0.0116416889,0.107896658
1888.6,0.011633911,0.107860609
1888.7,0.0116263306,0.107825463
1888.8,0.0116189945,0.10779144
1888.9,0.0116118758,0.107758414
1889.0,0.0116047981,0.107725568
1889.1,0.0115976368,0.107692325
1889.2,0.0115902581,0.107658061
1889.3,0.0115827767,0.107623309
1889.4,0.0115751786,0.107588004
1889.5,0.0115676723,0.107553114
1889.6,0.0115604688,0.107519621
1889.7,0.0115535906,0.10748763
1889.8,0.0115469076,0.107456538
1889.9,0.011540375,0.107426137
1890.0,0.0115339404,0.107396184
1890.1,0.0115275704,0.107366523
1890.2,0.011521301,0.107337323
1890.3,0.0115152159,0.107308974
1890.4,0.0115093326,0.107281557
1890.5,0.0115035262,0.107254493
1890.6,0.0114978184,0.107227881
1890.7,0.0114923666,0.107202456
1890.8,0.0114872427,0.107178555
1890.9,0.0114824418,0.107156156
1891.0,0.011477943,0.107135162
1891.1,0.0114737383,0.107115537
1891.2,0.0114697765,0.107097042
1891.3,0.0114661548,0.107080132
1891.4,0.0114628758,0.107064821
1891.5,0.0114599113,0.107050975
1891.6,0.0114573219,0.10703888
1891.7,0.0114551182,0.107028586
1891.8,0.0114533209,0.107020189
1891.9,0.0114519427,0.10701375
1892.0,0.0114509714,0.107009212
1892.1,0.0114504308,0.107006686
1892.2,0.0114503937,0.107006512
1892.3,0.0114508224,0.107008515
1892.4,0.0114516348,0.107012312
1892.5,0.011453007,0.107018723
1892.6,0.0114549273,0.107027694
1892.7,0.011457056,0.107037638
1892.8,0.0114592963,0.107048103
1892.9,0.0114617073,0.107059364
1893.0,0.0114642805,0.107071381
1893.1,0.0114671663,0.107084856
1893.2,0.0114704742,0.1071003
1893.3,0.0114741956,0.107117672
1893.4,0.0114783505,0.107137064
1893.5,0.01148299,0.107158714
1893.6,0.0114881671,0.107182868
1893.7,0.0114939059,0.107209635
1893.8,0.0115001886,0.107238932
1893.9,0.011506915,0.107270289
1894.0,0.0115138541,0.107302629
1894.1,0.0115208221,0.107335093
1894.2,0.0115278484,0.107367818
1894.3,0.0115350408,0.107401307
1894.4,0.0115425003,0.107436029
1894.5,0.0115503271,0.107472448
1894.6,0.0115584524,0.107510243
1894.7,0.0115668503,0.107549293
1894.8,0.0115756135,0.107590025
1894.9,0.011584786,0.107632644
1895.0,0.0115942752,0.107676716
1895.1,0.0116039601,0.107721679
1895.2,0.0116138018,0.10776735
1895.3,0.0116238698,0.107814052
1895.4,0.01163425,0.107862181
1895.5,0.011644903,0.107911552
1895.6,0.0116558021,0.10796204
1895.7,0.0116668771,0.108013319
1895.8,0.0116781608,0.10806554
1895.9,0.0116897481,0.108119138
1896.0,0.0117015347,0.108173632
1896.1,0.0117134645,0.10822876
1896.2,0.0117256555,0.108285066
1896.3,0.0117381417,0.108342705
1896.4,0.0117508473,0.108401325
1896.5,0.0117637292,0.108460727
1896.6,0.0117767945,0.10852094
1896.7,0.0117900067,0.108581797
1896.8,0.0118032869,0.108642933
1896.9,0.0118166059,0.108704213
1897.0,0.0118299289,0.108765477
1897.1,0.0118431578,0.108826274
1897.2,0.011856125,0.108885835
1897.3,0.0118686506,0.108943337
1897.4,0.0118808007,0.108999086
1897.5,0.0118926874,0.109053599
1897.6,0.0119043234,0.109106935
1897.7,0.0119155803,0.10915851
1897.8,0.0119264342,0.109208215
1897.9,0.0119370167,0.109256655
1898.0,0.0119474536,0.109304408
1898.1,0.0119578499,0.109351954
1898.2,0.0119681965,0.109399253
1898.3,0.0119784006,0.10944588
1898.4,0.0119885287,0.10949214
1898.5,0.0119986362,0.109538286
1898.6,0.0120087,0.109584214
1898.7,0.0120186284,0.109629505
1898.8,0.0120282947,0.109673583
1898.9,0.0120375792,0.109715902
1899.0,0.0120464056,0.109756119
1899.1,0.0120545825,0.109793363
1899.2,0.0120619586,0.109826948
1899.3,0.012068841,0.109858277
1899.4,0.0120753757,0.109888014
1899.5,0.0120816475,0.109916548
1899.6,0.0120877277,0.109944203
1899.7,0.0120936707,0.109971227
1899.8,0.0120994659,0.109997572
1899.9,0.0121050941,0.110023153
1900.0,0.0121106138,0.110048234
1900.1,0.012116112,0.110073212
1900.2,0.0121215628,0.110097969
1900.3,0.0121269914,0.11012262
1900.4,0.0121323592,0.110146989
1900.5,0.0121375155,0.110170393
1900.6,0.0121423034,0.110192121
1900.7,0.0121464977,0.110211151
1900.8,0.0121498173,0.11022621
1900.9,0.012152331,0.110237611
1901.0,0.0121542804,0.110246453
1901.1,0.0121559606,0.110254073
1901.2,0.0121575287,0.110261184
1901.3,0.0121590484,0.110268075
1901.4,0.0121606061,0.110275138
1901.5,0.0121621446,0.110282114
1901.6,0.0121635569,0.110288517
1901.7,0.0121646416,0.110293434
1901.8,0.012165363,0.110296705
1901.9,0.0121658513,0.110298918
1902.0,0.0121661548,0.110300294
1902.1,0.0121663056,0.110300977
1902.2,0.0121662546,0.110300746
1902.3,0.01216592,0.110299229
1902.4,0.0121651378,0.110295683
1902.5,0.0121639031,0.110290086
1902.6,0.0121623445,0.11028302
1902.7,0.0121604562,0.110274458
1902.8,0.012158091,0.110263734
1902.9,0.0121550239,0.110249825
1903.0,0.0121512879,0.11023288
1903.1,0.0121470364,0.110213595
1903.2,0.0121424247,0.110192671
1903.3,0.0121374943,0.110170297
1903.4,0.012132407,0.110147206
1903.5,0.0121272737,0.110123901
1903.6,0.0121219455,0.110099707
1903.7,0.0121163945,0.110074495
1903.8,0.0121105402,0.1100479
1903.9,0.0121047096,0.110021405
1904.0,0.0120990737,0.109995789
1904.1,0.0120932968,0.109969526
1904.2,0.0120874223,0.109942814
1904.3,0.0120815628,0.109916162
1904.4,0.0120756923,0.109889455
1904.5,0.0120698449,0.109862846
1904.6,0.0120640883,0.109836644
1904.7,0.012058291,0.10981025
1904.8,0.0120523655,0.109783266
1904.9,0.0120463398,0.109755819
1905.0,0.0120403576,0.109728563
1905.1,0.0120345132,0.109701929
1905.2,0.0120286912,0.10967539
1905.3,0.012022941,0.109649172
1905.4,0.0120172426,0.109623185
1905.5,0.0120114116,0.109596586
1905.6,0.0120050739,0.109567668
1905.7,0.0119982679,0.109536605
1905.8,0.0119912328,0.109504487
1905.9,0.0119838723,0.109470874
1906.0,0.0119761829,0.109435748
1906.1,0.0119683036,0.109399742
1906.2,0.0119603453,0.109363364
1906.3,0.0119524223,0.109327134
1906.4,0.0119445436,0.109291096
1906.5,0.0119366978,0.109255196
1906.6,0.0119289567,0.109219763
1906.7,0.0119214036,0.10918518
1906.8,0.011913959,0.109151083
1906.9,0.0119065454,0.109117118
1907.0,0.0118990705,0.109082861
1907.1,0.0118913565,0.109047497
1907.2,0.0118835067,0.109011498
1907.3,0.011875572,0.108975098
1907.4,0.0118674513,0.108937832
1907.5,0.0118590066,0.108899066
1907.6,0.0118502207,0.108858719
1907.7,0.0118412012,0.108817283
1907.8,0.0118320359,0.108775162
1907.9,0.0118227973,0.108732688
1908.0,0.011813487,0.108689866
1908.1,0.0118040177,0.108646296
1908.2,0.0117942812,0.108601479
1908.3,0.0117842488,0.10855528
1908.4,0.0117739042,0.108507623
1908.5,0.0117633252,0.108458864
1908.6,0.0117525097,0.108408993
1908.7,0.0117414197,0.108357832
1908.8,0.011730143,0.108305785
1908.9,0.0117187446,0.10825315
1909.0,0.0117072083,0.108199854
1909.1,0.0116956462,0.108146411
1909.2,0.0116841535,0.108093263
1909.3,0.011672681,0.108040182
1909.4,0.0116613793,0.107987867
1909.5,0.011650304,0.107936574
1909.6,0.0116394703,0.107886377
1909.7,0.0116288956,0.107837357
1909.8,0.0116185865,0.107789547
1909.9,0.0116085027,0.107742762
1910.0,0.0115986664,0.107697105
1910.1,0.0115891817,0.107653062
1910.2,0.0115800599,0.107610687
1910.3,0.0115711363,0.107569216
1910.4,0.0115624089,0.107528642
1910.5,0.0115538434,0.107488806
1910.6,0.0115455033,0.107450004
1910.7,0.0115373925,0.107412255
1910.8,0.0115295021,0.107375519
1910.9,0.0115219066,0.107340144
1911.0,0.0115145185,0.107305724
1911.1,0.0115072487,0.107271845
1911.2,0.0115001807,0.107238896
1911.3,0.0114934515,0.107207516
1911.4,0.0114870111,0.107177475
1911.5,0.0114807831,0.107148416
1911.6,0.0114747665,0.107120337
1911.7,0.0114689302,0.107093091
1911.8,0.0114633058,0.107066828
1911.9,0.011457901,0.107041585
1912.0,0.0114526746,0.10701717
1912.1,0.0114476838,0.106993849
1912.2,0.0114428514,0.106971264
1912.3,0.0114381183,0.106949139
1912.4,0.011433474,0.106927424
1912.5,0.0114288808,0.106905944
1912.6,0.0114242691,0.106884373
1912.7,0.0114195703,0.106862389
1912.8,0.011414821,0.106840166
1912.9,0.0114100386,0.106817782
1913.0,0.0114052645,0.106795433
1913.1,0.011400607,0.106773625
1913.2,0.0113962041,0.106753005
1913.3,0.0113921996,0.106734247
1913.4,0.0113884978,0.106716905
1913.5,0.0113849578,0.106700317
1913.6,0.0113815104,0.106684162
1913.7,0.0113782327,0.106668799
1913.8,0.0113751962,0.106654565
1913.9,0.0113724596,0.106641735
1914.0,0.01137005,0.106630436
1914.1,0.011367919,0.106620444
1914.2,0.0113660395,0.106611629
1914.3,0.0113643461,0.106603687
1914.4,0.0113628015,0.106596442
1914.5,0.0113614258,0.106589989
1914.6,0.0113602481,0.106584464
1914.7,0.0113593284,0.10658015
1914.8,0.0113586503,0.106576969
1914.9,0.0113581747,0.106574738
1915.0,0.0113578847,0.106573377
1915.1,0.0113577869,0.106572918
1915.2,0.0113579163,0.106573525
1915.3,0.0113581479,0.106574612
1915.4,0.01135842,0.106575889
1915.5,0.0113587785,0.10657757
1915.6,0.0113591821,0.106579464
1915.7,0.0113595435,0.106581159
1915.8,0.0113598691,0.106582686
1915.9,0.0113601329,0.106583924
1916.0,0.0113602752,0.106584592
1916.1,0.0113603441,0.106584915
1916.2,0.0113604249,0.106585294
1916.3,0.0113605193,0.106585737
1916.4,0.0113606774,0.106586478
1916.5,0.011360958,0.106587795
1916.6,0.0113613653,0.106589705
1916.7,0.0113618514,0.106591986
1916.8,0.0113623655,0.106594397
1916.9,0.0113629502,0.10659714
1917.0,0.0113636805,0.106600565
1917.1,0.0113645562,0.106604673
1917.2,0.0113655852,0.106609499
1917.3,0.0113667539,0.10661498
1917.4,0.0113679977,0.106620813
1917.5,0.0113692622,0.106626742
1917.6,0.0113704751,0.10663243
1917.7,0.0113717085,0.106638213
1917.8,0.0113729223,0.106643904
1917.9,0.0113740498,0.106649191
1918.0,0.0113750507,0.106653883
1918.1,0.0113758828,0.106657784
1918.2,0.0113766206,0.106661242
1918.3,0.0113773214,0.106664527
1918.4,0.0113779285,0.106667373
1918.5,0.0113782686,0.106668968
1918.6,0.0113784072,0.106669617
1918.7,0.011378415,0.106669654
1918.8,0.0113784049,0.106669606
1918.9,0.0113784872,0.106669992
1919.0,0.0113785975,0.106670509
1919.1,0.0113785727,0.106670393
1919.2,0.0113783619,0.106669405
1919.3,0.0113778163,0.106666847
1919.4,0.0113767939,0.106662055
1919.5,0.011375382,0.106655436
1919.6,0.0113736162,0.106647158
1919.7,0.0113715657,0.106637544
1919.8,0.0113693495,0.106627152
1919.9,0.0113670559,0.106616396
1920.0,0.0113646853,0.106605278
1920.1,0.0113622819,0.106594005
1920.2,0.0113599366,0.106583003
1920.3,0.0113575758,0.106571928
1920.4,0.0113551136,0.106560375
1920.5,0.0113526327,0.106548734
1920.6,0.0113501582,0.106537121
1920.7,0.0113476574,0.106525384
1920.8,0.0113450207,0.106513007
1920.9,0.0113421441,0.106499503
1921.0,0.0113390687,0.106485063
1921.1,0.0113358755,0.106470068
1921.2,0.0113326024,0.106454696
1921.3,0.0113292293,0.106438853
1921.4,0.0113258424,0.106422941
1921.5,0.0113224562,0.106407031
1921.6,0.0113189961,0.106390771
1921.7,0.0113155018,0.106374348
1921.8,0.0113120536,0.106358138
1921.9,0.0113086879,0.106342315
1922.0,0.011305424,0.106326968
1922.1,0.011302214,0.106311872
1922.2,0.0112990138,0.106296819
1922.3,0.0112958746,0.106282052
1922.4,0.0112928001,0.106267587
1922.5,0.011289769,0.106253325
1922.6,0.0112867882,0.106239297
1922.7,0.0112838196,0.106225324
1922.8,0.0112808211,0.10621121
1922.9,0.0112778815,0.10619737
1923.0,0.0112749297,0.106183472
1923.1,0.0112719297,0.106169344
1923.2,0.0112689762,0.106155434
1923.3,0.0112659628,0.10614124
1923.4,0.0112626441,0.106125606
1923.5,0.0112586819,0.106106936
1923.6,0.0112541841,0.106085739
1923.7,0.0112492311,0.106062393
1923.8,0.0112438916,0.106037218
1923.9,0.0112381982,0.106010368
1924.0,0.0112321158,0.105981677
1924.1,0.0112257705,0.105951737
1924.2,0.0112192139,0.105920791
1924.3,0.0112124188,0.105888709
1924.4,0.0112054201,0.105855657
1924.5,0.0111984159,0.105822568
1924.6,0.011191364,0.105789243
1924.7,0.011184222,0.105755482
1924.8,0.0111770144,0.1057214
1924.9,0.0111697757,0.10568716
1925.0,0.0111625612,0.105653023
1925.1,0.0111554533,0.10561938
1925.2,0.0111483898,0.105585936
1925.3,0.0111413055,0.105552383
1925.4,0.0111343064,0.105519223
1925.5,0.0111272801,0.105485924
1925.6,0.0111201444,0.105452095
1925.7,0.011112883,0.10541766
1925.8,0.0111054435,0.105382368
1925.9,0.0110977178,0.105345706
1926.0,0.0110896768,0.105307535
1926.1,0.0110814376,0.105268408
1926.2,0.0110730777,0.105228692
1926.3,0.0110646152,0.105188475
1926.4,0.0110560531,0.105147768
1926.5,0.0110474051,0.105106637
1926.6,0.0110386656,0.105065054
1926.7,0.011029822,0.10502296
1926.8,0.0110209519,0.104980721
1926.9,0.0110121279,0.104938686
1927.0,0.0110032307,0.104896286
1927.1,0.0109940236,0.10485239
1927.2,0.0109843805,0.104806395
1927.3,0.0109742498,0.104758054
1927.4,0.0109637591,0.104707971
1927.5,0.0109529569,0.104656375
1927.6,0.0109418579,0.104603336
1927.7,0.0109305679,0.104549356
1927.8,0.0109192119,0.104495033
1927.9,0.0109078142,0.104440482
1928.0,0.0108963669,0.104385664
1928.1,0.0108849476,0.104330952
1928.2,0.0108736443,0.104276768
1928.3,0.0108624941,0.10422329
1928.4,0.010851516,0.10417061
1928.5,0.0108407113,0.104118736
1928.6,0.010830074,0.104067641
1928.7,0.0108196673,0.10401763
1928.8,0.0108096005,0.103969229
1928.9,0.0107999329,0.103922726
1929.0,0.0107906123,0.103877872
1929.1,0.0107813512,0.103833285
1929.2,0.010771875,0.103787644
1929.3,0.0107623512,0.103741752
1929.4,0.0107529374,0.103696371
1929.5,0.0107437241,0.103651937
1929.6,0.0107348903,0.103609316
1929.7,0.0107264975,0.103568806
1929.8,0.0107185223,0.103530297
1929.9,0.0107109882,0.103493904
1930.0,0.0107039656,0.103459971
1930.1,0.0106974656,0.103428553
1930.2,0.0106914614,0.103399523
1930.3,0.0106858684,0.103372474
1930.4,0.010680589,0.103346935
1930.5,0.0106755976,0.103322783
1930.6,0.0106708736,0.103299921
1930.7,0.0106663904,0.103278219
1930.8,0.0106621226,0.103257555
1930.9,0.0106580754,0.103237955
1931.0,0.0106542459,0.103219407
1931.1,0.0106506794,0.103202129
1931.2,0.0106474056,0.103186266
1931.3,0.0106443811,0.10317161
1931.4,0.0106416208,0.103158232
1931.5,0.0106391578,0.103146293
1931.6,0.0106370344,0.103136
1931.7,0.0106353518,0.103127842
1931.8,0.0106341386,0.10312196
1931.9,0.010633276,0.103117777
1932.0,0.0106326071,0.103114534
1932.1,0.0106320852,0.103112003
1932.2,0.0106317368,0.103110314
1932.3,0.0106315903,0.103109603
1932.4,0.0106316354,0.103109822
1932.5,0.0106318455,0.103110841
1932.6,0.0106322794,0.103112945
1932.7,0.0106330385,0.103116626
1932.8,0.0106341681,0.103122103
1932.9,0.0106356284,0.103129183
1933.0,0.0106374084,0.103137813
1933.1,0.0106395426,0.103148158
1933.2,0.0106421512,0.103160803
1933.3,0.0106452638,0.103175888
1933.4,0.0106486512,0.103192302
1933.5,0.0106519693,0.103208378
1933.6,0.0106551898,0.103223979
1933.7,0.0106584269,0.103239658
1933.8,0.0106617357,0.103255681
1933.9,0.0106652686,0.103272787
1934.0,0.0106689988,0.103290846
1934.1,0.0106728806,0.103309634
1934.2,0.0106768195,0.103328696
1934.3,0.010680749,0.103347709
1934.4,0.0106847897,0.103367257
1934.5,0.0106888953,0.103387114
1934.6,0.0106930454,0.103407183
1934.7,0.0106973271,0.103427883
1934.8,0.0107018361,0.103449679
1934.9,0.0107066161,0.10347278
1935.0,0.0107115777,0.103496752
1935.1,0.0107166838,0.103521417
1935.2,0.0107219086,0.103546649
1935.3,0.0107272205,0.103572296
1935.4,0.0107326175,0.103598347
1935.5,0.0107380346,0.103624489
1935.6,0.010743515,0.103650929
1935.7,0.0107490986,0.10367786
1935.8,0.0107547871,0.10370529
1935.9,0.0107605661,0.103733149
1936.0,0.0107663061,0.103760812
1936.1,0.0107719209,0.103787865
1936.2,0.0107775048,0.103814762
1936.3,0.0107830466,0.103841449
1936.4,0.0107884857,0.103867636
1936.5,0.0107938691,0.103893547
1936.6,0.0107992453,0.103919418
1936.7,0.0108045291,0.103944837
1936.8,0.010809703,0.103969722
1936.9,0.0108147546,0.103994012
1937.0,0.0108196505,0.104017549
1937.1,0.010824429,0.104040516
1937.2,0.0108291343,0.104063127
1937.3,0.0108337025,0.104085073
1937.4,0.010838161,0.104106489
1937.5,0.0108426079,0.104127844
1937.6,0.0108470136,0.104148997
1937.7,0.0108513557,0.104169841
1937.8,0.0108557115,0.104190746
1937.9,0.0108600054,0.10421135
1938.0,0.0108641609,0.104231286
1938.1,0.0108681959,0.10425064
1938.2,0.0108720863,0.104269297
1938.3,0.0108757705,0.104286962
1938.4,0.0108792403,0.104303597
1938.5,0.0108824036,0.10431876
1938.6,0.0108852097,0.104332208
1938.7,0.0108876402,0.104343855
1938.8,0.0108897003,0.104353727
1938.9,0.0108914076,0.104361907
1939.0,0.0108927142,0.104368166
1939.1,0.0108937108,0.104372941
1939.2,0.0108945558,0.104376989
1939.3,0.0108953332,0.104380713
1939.4,0.0108960489,0.104384141
1939.5,0.0108966239,0.104386895
1939.6,0.0108967965,0.104387722
1939.7,0.0108961807,0.104384772
1939.8,0.0108946283,0.104377336
1939.9,0.0108921568,0.104365496
1940.0,0.0108889078,0.10434993
1940.1,0.0108850053,0.104331229
1940.2,0.0108806105,0.104310165
1940.3,0.0108759401,0.104287776
1940.4,0.0108710408,0.104264283
1940.5,0.0108660084,0.104240148
1940.6,0.0108610255,0.104216244
1940.7,0.0108561766,0.104192978
1940.8,0.0108513488,0.104169808
1940.9,0.0108464602,0.10414634
1941.0,0.0108414179,0.10412213
1941.1,0.01083615,0.10409683
1941.2,0.0108307098,0.104070696
1941.3,0.010825165,0.104044053
1941.4,0.0108195643,0.104017135
