   600.1000       1.15926623E-07       8.04887784E-07       1.04678144E-06       4.86903355E-07
   600.2000       1.16162762E-07       8.06489031E-07       1.04891551E-06       4.87882236E-07
   600.3000       1.16399405E-07       8.08093551E-07       1.05105414E-06       4.88863162E-07
   600.4000       1.16636554E-07       8.09701345E-07       1.05319734E-06       4.89846135E-07
   600.5000       1.16874210E-07       8.11312408E-07       1.05534510E-06       4.90831155E-07
   600.6000       1.17112374E-07       8.12926744E-07       1.05749741E-06       4.91818224E-07
   600.7000       1.17351047E-07       8.14544352E-07       1.05965428E-06       4.92807341E-07
   600.8000       1.17590229E-07       8.16165238E-07       1.06181570E-06       4.93798505E-07
   600.9000       1.17829921E-07       8.17789402E-07       1.06398167E-06       4.94791717E-07
   601.0000       1.18070124E-07       8.19416847E-07       1.06615221E-06       4.95786978E-07
   601.1000       1.18310838E-07       8.21047582E-07       1.06832733E-06       4.96784297E-07
   601.2000       1.18552065E-07       8.22681609E-07       1.07050703E-06       4.97783673E-07
   601.3000       1.18793804E-07       8.24318927E-07       1.07269131E-06       4.98785106E-07
   601.4000       1.19036056E-07       8.25959538E-07       1.07488019E-06       4.99788601E-07
   601.5000       1.19278822E-07       8.27603448E-07       1.07707368E-06       5.00794154E-07
   601.6000       1.19522103E-07       8.29250658E-07       1.07927177E-06       5.01801770E-07
   601.7000       1.19765899E-07       8.30901178E-07       1.08147445E-06       5.02811448E-07
   601.8000       1.20010210E-07       8.32555007E-07       1.08368174E-06       5.03823192E-07
   601.9000       1.20255038E-07       8.34212146E-07       1.08589362E-06       5.04836996E-07
   602.0000       1.20500382E-07       8.35872600E-07       1.08811010E-06       5.05852865E-07
   602.1000       1.20746244E-07       8.37536377E-07       1.09033119E-06       5.06870804E-07
   602.2000       1.20992624E-07       8.39203480E-07       1.09255690E-06       5.07890817E-07
   602.3000       1.21239522E-07       8.40873907E-07       1.09478722E-06       5.08912898E-07
   602.4000       1.21486940E-07       8.42547657E-07       1.09702217E-06       5.09937046E-07
   602.5000       1.21734877E-07       8.44224736E-07       1.09926176E-06       5.10963263E-07
   602.6000       1.21983334E-07       8.45905156E-07       1.10150596E-06       5.11991557E-07
   602.7000       1.22232312E-07       8.47588919E-07       1.10375480E-06       5.13021932E-07
   602.8000       1.22481812E-07       8.49276026E-07       1.10600827E-06       5.14054386E-07
   602.9000       1.22731833E-07       8.50966470E-07       1.10826636E-06       5.15088915E-07
   603.0000       1.22982377E-07       8.52660258E-07       1.11052910E-06       5.16125526E-07
   603.1000       1.23233444E-07       8.54357396E-07       1.11279648E-06       5.17164221E-07
   603.2000       1.23485034E-07       8.56057886E-07       1.11506850E-06       5.18205000E-07
   603.3000       1.23737149E-07       8.57761731E-07       1.11734518E-06       5.19247863E-07
   603.4000       1.23989789E-07       8.59468930E-07       1.11962651E-06       5.20292814E-07
   603.5000       1.24242954E-07       8.61179492E-07       1.12191249E-06       5.21339855E-07
   603.6000       1.24496645E-07       8.62893411E-07       1.12420312E-06       5.22388980E-07
   603.7000       1.24750863E-07       8.64610693E-07       1.12649841E-06       5.23440196E-07
   603.8000       1.25005609E-07       8.66331337E-07       1.12879836E-06       5.24493502E-07
   603.9000       1.25260883E-07       8.68055350E-07       1.13110300E-06       5.25548905E-07
   604.0000       1.25516685E-07       8.69782737E-07       1.13341231E-06       5.26606404E-07
   604.1000       1.25773017E-07       8.71513496E-07       1.13572628E-06       5.27665995E-07
   604.2000       1.26029879E-07       8.73247626E-07       1.13804491E-06       5.28727684E-07
   604.3000       1.26287272E-07       8.74985130E-07       1.14036823E-06       5.29791472E-07
   604.4000       1.26545197E-07       8.76726011E-07       1.14269623E-06       5.30857363E-07
   604.5000       1.26803654E-07       8.78470269E-07       1.14502894E-06       5.31925355E-07
   604.6000       1.27062644E-07       8.80217904E-07       1.14736636E-06       5.32995453E-07
   604.7000       1.27322167E-07       8.81968916E-07       1.14970848E-06       5.34067657E-07
   604.8000       1.27582226E-07       8.83723299E-07       1.15205531E-06       5.35141963E-07
   604.9000       1.27842819E-07       8.85481057E-07       1.15440684E-06       5.36218376E-07
   605.0000       1.28103948E-07       8.87242194E-07       1.15676309E-06       5.37296898E-07
   605.1000       1.28365614E-07       8.89006706E-07       1.15912404E-06       5.38377525E-07
   605.2000       1.28627817E-07       8.90774597E-07       1.16148969E-06       5.39460258E-07
   605.3000       1.28890558E-07       8.92545865E-07       1.16386005E-06       5.40545098E-07
   605.4000       1.29153838E-07       8.94320512E-07       1.16623512E-06       5.41632054E-07
   605.5000       1.29417657E-07       8.96098539E-07       1.16861488E-06       5.42721116E-07
   605.6000       1.29682016E-07       8.97879944E-07       1.17099935E-06       5.43812286E-07
   605.7000       1.29946916E-07       8.99664729E-07       1.17338854E-06       5.44905570E-07
   605.8000       1.30212357E-07       9.01452893E-07       1.17578244E-06       5.46000973E-07
   605.9000       1.30478339E-07       9.03244440E-07       1.17818108E-06       5.47098496E-07
   606.0000       1.30744864E-07       9.05039362E-07       1.18058445E-06       5.48198137E-07
   606.1000       1.31011931E-07       9.06837659E-07       1.18299254E-06       5.49299893E-07
   606.2000       1.31279542E-07       9.08639337E-07       1.18540534E-06       5.50403763E-07
   606.3000       1.31547697E-07       9.10444396E-07       1.18782288E-06       5.51509750E-07
   606.4000       1.31816396E-07       9.12252828E-07       1.19024514E-06       5.52617851E-07
   606.5000       1.32085639E-07       9.14064638E-07       1.19267213E-06       5.53728073E-07
   606.6000       1.32355427E-07       9.15879830E-07       1.19510387E-06       5.54840419E-07
   606.7000       1.32625761E-07       9.17698394E-07       1.19754036E-06       5.55954884E-07
   606.8000       1.32896641E-07       9.19520337E-07       1.19998160E-06       5.57071471E-07
   606.9000       1.33168066E-07       9.21345665E-07       1.20242757E-06       5.58190178E-07
   607.0000       1.33440038E-07       9.23174375E-07       1.20487826E-06       5.59311003E-07
   607.1000       1.33712556E-07       9.25006466E-07       1.20733369E-06       5.60433944E-07
   607.2000       1.33985621E-07       9.26841942E-07       1.20979386E-06       5.61559008E-07
   607.3000       1.34259233E-07       9.28680811E-07       1.21225878E-06       5.62686197E-07
   607.4000       1.34533392E-07       9.30523070E-07       1.21472846E-06       5.63815517E-07
   607.5000       1.34808098E-07       9.32368722E-07       1.21720289E-06       5.64946963E-07
   607.6000       1.35083351E-07       9.34217760E-07       1.21968206E-06       5.66080529E-07
   607.7000       1.35359152E-07       9.36070195E-07       1.22216598E-06       5.67216222E-07
   607.8000       1.35635500E-07       9.37926022E-07       1.22465466E-06       5.68354040E-07
   607.9000       1.35912396E-07       9.39785237E-07       1.22714809E-06       5.69493977E-07
   608.0000       1.36189839E-07       9.41647838E-07       1.22964628E-06       5.70636038E-07
   608.1000       1.36467830E-07       9.43513839E-07       1.23214924E-06       5.71780231E-07
   608.2000       1.36746369E-07       9.45383238E-07       1.23465698E-06       5.72926556E-07
   608.3000       1.37025455E-07       9.47256028E-07       1.23716950E-06       5.74075007E-07
   608.4000       1.37305089E-07       9.49132214E-07       1.23968680E-06       5.75225585E-07
   608.5000       1.37585271E-07       9.51011798E-07       1.24220887E-06       5.76378292E-07
   608.6000       1.37866000E-07       9.52894780E-07       1.24473570E-06       5.77533123E-07
   608.7000       1.38147277E-07       9.54781154E-07       1.24726729E-06       5.78690075E-07
   608.8000       1.38429102E-07       9.56670924E-07       1.24980363E-06       5.79849151E-07
   608.9000       1.38711474E-07       9.58564088E-07       1.25234473E-06       5.81010352E-07
   609.0000       1.38994394E-07       9.60460644E-07       1.25489058E-06       5.82173672E-07
   609.1000       1.39277861E-07       9.62360597E-07       1.25744117E-06       5.83339116E-07
   609.2000       1.39561876E-07       9.64263942E-07       1.25999653E-06       5.84506684E-07
   609.3000       1.39846439E-07       9.66170678E-07       1.26255666E-06       5.85676375E-07
   609.4000       1.40131549E-07       9.68080811E-07       1.26512154E-06       5.86848192E-07
   609.5000       1.40417207E-07       9.69994343E-07       1.26769118E-06       5.88022137E-07
   609.6000       1.40703412E-07       9.71911271E-07       1.27026559E-06       5.89198203E-07
   609.7000       1.40990165E-07       9.73831593E-07       1.27284475E-06       5.90376393E-07
   609.8000       1.41277466E-07       9.75755302E-07       1.27542869E-06       5.91556706E-07
   609.9000       1.41565314E-07       9.77682393E-07       1.27801737E-06       5.92739135E-07
   610.0000       1.41853710E-07       9.79612874E-07       1.28061078E-06       5.93923682E-07
   610.1000       1.42142655E-07       9.81546732E-07       1.28320895E-06       5.95110345E-07
   610.2000       1.42432147E-07       9.83483973E-07       1.28581186E-06       5.96299125E-07
   610.3000       1.42722187E-07       9.85424597E-07       1.28841954E-06       5.97490028E-07
   610.4000       1.43012775E-07       9.87368596E-07       1.29103196E-06       5.98683050E-07
   610.5000       1.43303911E-07       9.89315969E-07       1.29364910E-06       5.99878184E-07
   610.6000       1.43595596E-07       9.91266721E-07       1.29627098E-06       6.01075438E-07
   610.7000       1.43887828E-07       9.93220853E-07       1.29889759E-06       6.02274809E-07
   610.8000       1.44180609E-07       9.95178364E-07       1.30152892E-06       6.03476297E-07
   610.9000       1.44473939E-07       9.97139250E-07       1.30416499E-06       6.04679904E-07
   611.0000       1.44767817E-07       9.99103509E-07       1.30680579E-06       6.05885632E-07
   611.1000       1.45062244E-07       1.00107113E-06       1.30945133E-06       6.07093473E-07
   611.2000       1.45357219E-07       1.00304213E-06       1.31210159E-06       6.08303424E-07
   611.3000       1.45652744E-07       1.00501649E-06       1.31475657E-06       6.09515487E-07
   611.4000       1.45948817E-07       1.00699422E-06       1.31741625E-06       6.10729657E-07
   611.5000       1.46245439E-07       1.00897531E-06       1.32008064E-06       6.11945930E-07
   611.6000       1.46542610E-07       1.01095977E-06       1.32274973E-06       6.13164309E-07
   611.7000       1.46840330E-07       1.01294759E-06       1.32542355E-06       6.14384793E-07
   611.8000       1.47138599E-07       1.01493876E-06       1.32810212E-06       6.15607387E-07
   611.9000       1.47437417E-07       1.01693330E-06       1.33078540E-06       6.16832091E-07
   612.0000       1.47736784E-07       1.01893120E-06       1.33347339E-06       6.18058896E-07
   612.1000       1.48036701E-07       1.02093245E-06       1.33616609E-06       6.19287803E-07
   612.2000       1.48337166E-07       1.02293705E-06       1.33886352E-06       6.20518810E-07
   612.3000       1.48638180E-07       1.02494499E-06       1.34156566E-06       6.21751916E-07
   612.4000       1.48939744E-07       1.02695628E-06       1.34427251E-06       6.22987117E-07
   612.5000       1.49241856E-07       1.02897091E-06       1.34698406E-06       6.24224416E-07
   612.6000       1.49544517E-07       1.03098889E-06       1.34970031E-06       6.25463811E-07
   612.7000       1.49847727E-07       1.03301020E-06       1.35242124E-06       6.26705301E-07
   612.8000       1.50151486E-07       1.03503485E-06       1.35514686E-06       6.27948886E-07
   612.9000       1.50455793E-07       1.03706285E-06       1.35787718E-06       6.29194569E-07
   613.0000       1.50760649E-07       1.03909417E-06       1.36061219E-06       6.30442339E-07
   613.1000       1.51066054E-07       1.04112882E-06       1.36335192E-06       6.31692204E-07
   613.2000       1.51372006E-07       1.04316678E-06       1.36609632E-06       6.32944156E-07
   613.3000       1.51678507E-07       1.04520808E-06       1.36884539E-06       6.34198188E-07
   613.4000       1.51985556E-07       1.04725269E-06       1.37159911E-06       6.35454301E-07
   613.5000       1.52293153E-07       1.04930062E-06       1.37435751E-06       6.36712497E-07
   613.6000       1.52601297E-07       1.05135187E-06       1.37712058E-06       6.37972782E-07
   613.7000       1.52909989E-07       1.05340644E-06       1.37988830E-06       6.39235145E-07
   613.8000       1.53219228E-07       1.05546432E-06       1.38266067E-06       6.40499586E-07
   613.9000       1.53529014E-07       1.05752548E-06       1.38543771E-06       6.41766100E-07
   614.0000       1.53839348E-07       1.05958995E-06       1.38821939E-06       6.43034685E-07
   614.1000       1.54150227E-07       1.06165770E-06       1.39100572E-06       6.44305340E-07
   614.2000       1.54461654E-07       1.06372875E-06       1.39379667E-06       6.45578065E-07
   614.3000       1.54773626E-07       1.06580309E-06       1.39659224E-06       6.46852852E-07
   614.4000       1.55086145E-07       1.06788071E-06       1.39939243E-06       6.48129695E-07
   614.5000       1.55399209E-07       1.06996160E-06       1.40219725E-06       6.49408595E-07
   614.6000       1.55712819E-07       1.07204577E-06       1.40500669E-06       6.50689554E-07
   614.7000       1.56026974E-07       1.07413321E-06       1.40782074E-06       6.51972566E-07
   614.8000       1.56341674E-07       1.07622391E-06       1.41063941E-06       6.53257625E-07
   614.9000       1.56656918E-07       1.07831788E-06       1.41346267E-06       6.54544734E-07
   615.0000       1.56972707E-07       1.08041510E-06       1.41629052E-06       6.55833888E-07
   615.1000       1.57289040E-07       1.08251558E-06       1.41912295E-06       6.57125084E-07
   615.2000       1.57605917E-07       1.08461930E-06       1.42195999E-06       6.58418327E-07
   615.3000       1.57923338E-07       1.08672627E-06       1.42480161E-06       6.59713618E-07
   615.4000       1.58241301E-07       1.08883649E-06       1.42764780E-06       6.61010947E-07
   615.5000       1.58559807E-07       1.09094995E-06       1.43049855E-06       6.62310307E-07
   615.6000       1.58878856E-07       1.09306663E-06       1.43335384E-06       6.63611700E-07
   615.7000       1.59198446E-07       1.09518653E-06       1.43621368E-06       6.64915121E-07
   615.8000       1.59518579E-07       1.09730966E-06       1.43907806E-06       6.66220561E-07
   615.9000       1.59839252E-07       1.09943600E-06       1.44194697E-06       6.67528021E-07
   616.0000       1.60160467E-07       1.10156555E-06       1.44482038E-06       6.68837493E-07
   616.1000       1.60482221E-07       1.10369829E-06       1.44769830E-06       6.70148978E-07
   616.2000       1.60804516E-07       1.10583424E-06       1.45058073E-06       6.71462473E-07
   616.3000       1.61127351E-07       1.10797339E-06       1.45346768E-06       6.72777983E-07
   616.4000       1.61450725E-07       1.11011573E-06       1.45635911E-06       6.74095500E-07
   616.5000       1.61774637E-07       1.11226124E-06       1.45925501E-06       6.75415011E-07
   616.6000       1.62099087E-07       1.11440994E-06       1.46215538E-06       6.76736514E-07
   616.7000       1.62424076E-07       1.11656182E-06       1.46506023E-06       6.78060014E-07
   616.8000       1.62749601E-07       1.11871687E-06       1.46796956E-06       6.79385508E-07
   616.9000       1.63075663E-07       1.12087507E-06       1.47088334E-06       6.80712990E-07
   617.0000       1.63402260E-07       1.12303645E-06       1.47380158E-06       6.82042457E-07
   617.1000       1.63729394E-07       1.12520098E-06       1.47672426E-06       6.83373907E-07
   617.2000       1.64057062E-07       1.12736867E-06       1.47965137E-06       6.84707338E-07
   617.3000       1.64385264E-07       1.12953950E-06       1.48258290E-06       6.86042747E-07
   617.4000       1.64714000E-07       1.13171347E-06       1.48551881E-06       6.87380125E-07
   617.5000       1.65043269E-07       1.13389057E-06       1.48845912E-06       6.88719465E-07
   617.6000       1.65373071E-07       1.13607079E-06       1.49140381E-06       6.90060770E-07
   617.7000       1.65703404E-07       1.13825415E-06       1.49435291E-06       6.91404039E-07
   617.8000       1.66034269E-07       1.14044062E-06       1.49730637E-06       6.92749265E-07
   617.9000       1.66365663E-07       1.14263019E-06       1.50026420E-06       6.94096438E-07
   618.0000       1.66697588E-07       1.14482286E-06       1.50322641E-06       6.95445554E-07
   618.1000       1.67030041E-07       1.14701862E-06       1.50619299E-06       6.96796619E-07
   618.2000       1.67363023E-07       1.14921746E-06       1.50916394E-06       6.98149628E-07
   618.3000       1.67696532E-07       1.15141939E-06       1.51213921E-06       6.99504569E-07
   618.4000       1.68030568E-07       1.15362438E-06       1.51511884E-06       7.00861446E-07
   618.5000       1.68365130E-07       1.15583244E-06       1.51810279E-06       7.02220255E-07
   618.6000       1.68700218E-07       1.15804355E-06       1.52109105E-06       7.03580984E-07
   618.7000       1.69035829E-07       1.16025771E-06       1.52408359E-06       7.04943625E-07
   618.8000       1.69371965E-07       1.16247492E-06       1.52708041E-06       7.06308177E-07
   618.9000       1.69708623E-07       1.16469515E-06       1.53008150E-06       7.07674637E-07
   619.0000       1.70045804E-07       1.16691839E-06       1.53308686E-06       7.09042996E-07
   619.1000       1.70383506E-07       1.16914465E-06       1.53609647E-06       7.10413255E-07
   619.2000       1.70721728E-07       1.17137392E-06       1.53911031E-06       7.11785406E-07
   619.3000       1.71060470E-07       1.17360620E-06       1.54212835E-06       7.13159443E-07
   619.4000       1.71399730E-07       1.17584148E-06       1.54515062E-06       7.14535362E-07
   619.5000       1.71739509E-07       1.17807974E-06       1.54817712E-06       7.15913168E-07
   619.6000       1.72079805E-07       1.18032099E-06       1.55120786E-06       7.17292857E-07
   619.7000       1.72420616E-07       1.18256521E-06       1.55424282E-06       7.18674420E-07
   619.8000       1.72761944E-07       1.18481240E-06       1.55728196E-06       7.20057852E-07
   619.9000       1.73103785E-07       1.18706256E-06       1.56032529E-06       7.21443150E-07
   620.0000       1.73446140E-07       1.18931567E-06       1.56337278E-06       7.22830308E-07
   620.1000       1.73789008E-07       1.19157173E-06       1.56642442E-06       7.24219316E-07
   620.2000       1.74132387E-07       1.19383074E-06       1.56948021E-06       7.25610183E-07
   620.3000       1.74476277E-07       1.19609268E-06       1.57254015E-06       7.27002895E-07
   620.4000       1.74820677E-07       1.19835754E-06       1.57560421E-06       7.28397445E-07
   620.5000       1.75165585E-07       1.20062533E-06       1.57867241E-06       7.29793830E-07
   620.6000       1.75511001E-07       1.20289602E-06       1.58174473E-06       7.31192044E-07
   620.7000       1.75856924E-07       1.20516961E-06       1.58482114E-06       7.32592074E-07
   620.8000       1.76203353E-07       1.20744608E-06       1.58790164E-06       7.33993920E-07
   620.9000       1.76550287E-07       1.20972543E-06       1.59098624E-06       7.35397581E-07
   621.0000       1.76897724E-07       1.21200764E-06       1.59407492E-06       7.36803055E-07
   621.1000       1.77245664E-07       1.21429270E-06       1.59716765E-06       7.38210328E-07
   621.2000       1.77594106E-07       1.21658060E-06       1.60026440E-06       7.39619386E-07
   621.3000       1.77943048E-07       1.21887133E-06       1.60336516E-06       7.41030232E-07
   621.4000       1.78292490E-07       1.22116487E-06       1.60646991E-06       7.42442853E-07
   621.5000       1.78642430E-07       1.22346123E-06       1.60957865E-06       7.43857249E-07
   621.6000       1.78992867E-07       1.22576038E-06       1.61269136E-06       7.45273412E-07
   621.7000       1.79343800E-07       1.22806231E-06       1.61580801E-06       7.46691327E-07
   621.8000       1.79695228E-07       1.23036700E-06       1.61892861E-06       7.48110996E-07
   621.9000       1.80047150E-07       1.23267445E-06       1.62205317E-06       7.49532413E-07
   622.0000       1.80399564E-07       1.23498465E-06       1.62518164E-06       7.50955565E-07
   622.1000       1.80752470E-07       1.23729757E-06       1.62831401E-06       7.52380453E-07
   622.2000       1.81105866E-07       1.23961322E-06       1.63145025E-06       7.53807065E-07
   622.3000       1.81459750E-07       1.24193156E-06       1.63459037E-06       7.55235389E-07
   622.4000       1.81814122E-07       1.24425262E-06       1.63773435E-06       7.56665433E-07
   622.5000       1.82168980E-07       1.24657635E-06       1.64088216E-06       7.58097183E-07
   622.6000       1.82524324E-07       1.24890277E-06       1.64403382E-06       7.59530636E-07
   622.7000       1.82880150E-07       1.25123184E-06       1.64718930E-06       7.60965781E-07
   622.8000       1.83236459E-07       1.25356357E-06       1.65034857E-06       7.62402615E-07
   622.9000       1.83593249E-07       1.25589794E-06       1.65351161E-06       7.63841125E-07
   623.0000       1.83950519E-07       1.25823494E-06       1.65667838E-06       7.65281304E-07
   623.1000       1.84308266E-07       1.26057455E-06       1.65984887E-06       7.66723138E-07
   623.2000       1.84666490E-07       1.26291677E-06       1.66302309E-06       7.68166626E-07
   623.3000       1.85025190E-07       1.26526158E-06       1.66620104E-06       7.69611768E-07
   623.4000       1.85384362E-07       1.26760897E-06       1.66938268E-06       7.71058553E-07
   623.5000       1.85744007E-07       1.26995893E-06       1.67256799E-06       7.72506973E-07
   623.6000       1.86104123E-07       1.27231144E-06       1.67575694E-06       7.73957012E-07
   623.7000       1.86464708E-07       1.27466648E-06       1.67894951E-06       7.75408663E-07
   623.8000       1.86825760E-07       1.27702405E-06       1.68214570E-06       7.76861923E-07
   623.9000       1.87187277E-07       1.27938414E-06       1.68534549E-06       7.78316778E-07
   624.0000       1.87549259E-07       1.28174673E-06       1.68854884E-06       7.79773214E-07
   624.1000       1.87911704E-07       1.28411182E-06       1.69175575E-06       7.81231238E-07
   624.2000       1.88274609E-07       1.28647939E-06       1.69496617E-06       7.82690829E-07
   624.3000       1.88637973E-07       1.28884943E-06       1.69818007E-06       7.84151984E-07
   624.4000       1.89001795E-07       1.29122194E-06       1.70139746E-06       7.85614694E-07
   624.5000       1.89366072E-07       1.29359690E-06       1.70461834E-06       7.87078962E-07
   624.6000       1.89730802E-07       1.29597430E-06       1.70784266E-06       7.88544774E-07
   624.7000       1.90095985E-07       1.29835413E-06       1.71107043E-06       7.90012121E-07
   624.8000       1.90461617E-07       1.30073638E-06       1.71430160E-06       7.91480999E-07
   624.9000       1.90827698E-07       1.30312102E-06       1.71753619E-06       7.92951396E-07
   625.0000       1.91194225E-07       1.30550805E-06       1.72077416E-06       7.94423301E-07
   625.1000       1.91561197E-07       1.30789745E-06       1.72401546E-06       7.95896704E-07
   625.2000       1.91928611E-07       1.31028920E-06       1.72726013E-06       7.97371599E-07
   625.3000       1.92296465E-07       1.31268329E-06       1.73050812E-06       7.98847974E-07
   625.4000       1.92664758E-07       1.31507972E-06       1.73375941E-06       8.00325820E-07
   625.5000       1.93033488E-07       1.31747847E-06       1.73701400E-06       8.01805138E-07
   625.6000       1.93402652E-07       1.31987952E-06       1.74027185E-06       8.03285911E-07
   625.7000       1.93772249E-07       1.32228286E-06       1.74353294E-06       8.04768129E-07
   625.8000       1.94142277E-07       1.32468848E-06       1.74679723E-06       8.06251777E-07
   625.9000       1.94512733E-07       1.32709634E-06       1.75006471E-06       8.07736845E-07
   626.0000       1.94883616E-07       1.32950644E-06       1.75333540E-06       8.09223334E-07
   626.1000       1.95254924E-07       1.33191877E-06       1.75660926E-06       8.10711235E-07
   626.2000       1.95626654E-07       1.33433333E-06       1.75988626E-06       8.12200544E-07
   626.3000       1.95998806E-07       1.33675009E-06       1.76316637E-06       8.13691242E-07
   626.4000       1.96371375E-07       1.33916904E-06       1.76644956E-06       8.15183318E-07
   626.5000       1.96744362E-07       1.34159016E-06       1.76973581E-06       8.16676759E-07
   626.6000       1.97117763E-07       1.34401344E-06       1.77302507E-06       8.18171555E-07
   626.7000       1.97491577E-07       1.34643887E-06       1.77631735E-06       8.19667708E-07
   626.8000       1.97865801E-07       1.34886644E-06       1.77961262E-06       8.21165207E-07
   626.9000       1.98240435E-07       1.35129612E-06       1.78291087E-06       8.22664037E-07
   627.0000       1.98615474E-07       1.35372790E-06       1.78621208E-06       8.24164192E-07
   627.1000       1.98990919E-07       1.35616177E-06       1.78951622E-06       8.25665664E-07
   627.2000       1.99366765E-07       1.35859770E-06       1.79282327E-06       8.27168446E-07
   627.3000       1.99743013E-07       1.36103570E-06       1.79613320E-06       8.28672523E-07
   627.4000       2.00119659E-07       1.36347574E-06       1.79944598E-06       8.30177885E-07
   627.5000       2.00496701E-07       1.36591779E-06       1.80276156E-06       8.31684514E-07
   627.6000       2.00874139E-07       1.36836185E-06       1.80607995E-06       8.33192402E-07
   627.7000       2.01251968E-07       1.37080789E-06       1.80940114E-06       8.34701547E-07
   627.8000       2.01630188E-07       1.37325589E-06       1.81272511E-06       8.36211932E-07
   627.9000       2.02008796E-07       1.37570585E-06       1.81605183E-06       8.37723558E-07
   628.0000       2.02387791E-07       1.37815774E-06       1.81938129E-06       8.39236409E-07
   628.1000       2.02767170E-07       1.38061153E-06       1.82271347E-06       8.40750470E-07
   628.2000       2.03146931E-07       1.38306723E-06       1.82604836E-06       8.42265742E-07
   628.3000       2.03527072E-07       1.38552481E-06       1.82938591E-06       8.43782205E-07
   628.4000       2.03907591E-07       1.38798426E-06       1.83272612E-06       8.45299850E-07
   628.5000       2.04288486E-07       1.39044555E-06       1.83606897E-06       8.46818676E-07
   628.6000       2.04669754E-07       1.39290868E-06       1.83941442E-06       8.48338668E-07
   628.7000       2.05051394E-07       1.39537363E-06       1.84276245E-06       8.49859816E-07
   628.8000       2.05433403E-07       1.39784038E-06       1.84611305E-06       8.51382113E-07
   628.9000       2.05815780E-07       1.40030892E-06       1.84946621E-06       8.52905550E-07
   629.0000       2.06198521E-07       1.40277923E-06       1.85282189E-06       8.54430109E-07
   629.1000       2.06581625E-07       1.40525128E-06       1.85618007E-06       8.55955789E-07
   629.2000       2.06965089E-07       1.40772507E-06       1.85954073E-06       8.57482573E-07
   629.3000       2.07348912E-07       1.41020056E-06       1.86290383E-06       8.59010447E-07
   629.4000       2.07733090E-07       1.41267774E-06       1.86626936E-06       8.60539399E-07
   629.5000       2.08117621E-07       1.41515660E-06       1.86963726E-06       8.62069411E-07
   629.6000       2.08502504E-07       1.41763711E-06       1.87300753E-06       8.63600477E-07
   629.7000       2.08887736E-07       1.42011927E-06       1.87638012E-06       8.65132586E-07
   629.8000       2.09273313E-07       1.42260306E-06       1.87975502E-06       8.66665738E-07
   629.9000       2.09659235E-07       1.42508845E-06       1.88313222E-06       8.68199915E-07
   630.0000       2.10045498E-07       1.42757542E-06       1.88651169E-06       8.69735104E-07
   630.1000       2.10432100E-07       1.43006396E-06       1.88989344E-06       8.71271292E-07
   630.2000       2.10819038E-07       1.43255405E-06       1.89327743E-06       8.72808466E-07
   630.3000       2.11206310E-07       1.43504565E-06       1.89666362E-06       8.74346618E-07
   630.4000       2.11593913E-07       1.43753876E-06       1.90005201E-06       8.75885740E-07
   630.5000       2.11981845E-07       1.44003337E-06       1.90344259E-06       8.77425824E-07
   630.6000       2.12370103E-07       1.44252945E-06       1.90683530E-06       8.78966858E-07
   630.7000       2.12758685E-07       1.44502699E-06       1.91023011E-06       8.80508828E-07
   630.8000       2.13147587E-07       1.44752599E-06       1.91362699E-06       8.82051731E-07
   630.9000       2.13536808E-07       1.45002641E-06       1.91702591E-06       8.83595543E-07
   631.0000       2.13926344E-07       1.45252824E-06       1.92042685E-06       8.85140261E-07
   631.1000       2.14316192E-07       1.45503144E-06       1.92382982E-06       8.86685871E-07
   631.2000       2.14706351E-07       1.45753602E-06       1.92723476E-06       8.88232366E-07
   631.3000       2.15096817E-07       1.46004195E-06       1.93064165E-06       8.89779735E-07
   631.4000       2.15487588E-07       1.46254922E-06       1.93405051E-06       8.91327977E-07
   631.5000       2.15878660E-07       1.46505779E-06       1.93746129E-06       8.92877067E-07
   631.6000       2.16270031E-07       1.46756765E-06       1.94087393E-06       8.94426993E-07
   631.7000       2.16661698E-07       1.47007879E-06       1.94428841E-06       8.95977744E-07
   631.8000       2.17053658E-07       1.47259119E-06       1.94770470E-06       8.97529312E-07
   631.9000       2.17445909E-07       1.47510484E-06       1.95112275E-06       8.99081686E-07
   632.0000       2.17838448E-07       1.47761972E-06       1.95454254E-06       9.00634850E-07
   632.1000       2.18231272E-07       1.48013581E-06       1.95796406E-06       9.02188795E-07
   632.2000       2.18624377E-07       1.48265309E-06       1.96138729E-06       9.03743506E-07
   632.3000       2.19017761E-07       1.48517155E-06       1.96481220E-06       9.05298980E-07
   632.4000       2.19411422E-07       1.48769117E-06       1.96823879E-06       9.06855198E-07
   632.5000       2.19805356E-07       1.49021191E-06       1.97166702E-06       9.08412148E-07
   632.6000       2.20199560E-07       1.49273377E-06       1.97509687E-06       9.09969821E-07
   632.7000       2.20594032E-07       1.49525673E-06       1.97852834E-06       9.11528208E-07
   632.8000       2.20988768E-07       1.49778077E-06       1.98196137E-06       9.13087296E-07
   632.9000       2.21383766E-07       1.50030588E-06       1.98539591E-06       9.14647069E-07
   633.0000       2.21779023E-07       1.50283205E-06       1.98883196E-06       9.16207522E-07
   633.1000       2.22174536E-07       1.50535925E-06       1.99226949E-06       9.17768642E-07
   633.2000       2.22570302E-07       1.50788748E-06       1.99570847E-06       9.19330406E-07
   633.3000       2.22966318E-07       1.51041671E-06       1.99914885E-06       9.20892812E-07
   633.4000       2.23362581E-07       1.51294692E-06       2.00259064E-06       9.22455846E-07
   633.5000       2.23759088E-07       1.51547810E-06       2.00603378E-06       9.24019503E-07
   633.6000       2.24155837E-07       1.51801024E-06       2.00947828E-06       9.25583771E-07
   633.7000       2.24552824E-07       1.52054333E-06       2.01292411E-06       9.27148641E-07
   633.8000       2.24950047E-07       1.52307734E-06       2.01637122E-06       9.28714096E-07
   633.9000       2.25347503E-07       1.52561224E-06       2.01981958E-06       9.30280121E-07
   634.0000       2.25745188E-07       1.52814803E-06       2.02326914E-06       9.31846703E-07
   634.1000       2.26143101E-07       1.53068469E-06       2.02671991E-06       9.33413837E-07
   634.2000       2.26541238E-07       1.53322219E-06       2.03017188E-06       9.34981516E-07
   634.3000       2.26939595E-07       1.53576051E-06       2.03362498E-06       9.36549708E-07
   634.4000       2.27338172E-07       1.53829963E-06       2.03707917E-06       9.38118407E-07
   634.5000       2.27736964E-07       1.54083953E-06       2.04053444E-06       9.39687610E-07
   634.6000       2.28135968E-07       1.54338018E-06       2.04399079E-06       9.41257301E-07
   634.7000       2.28535183E-07       1.54592157E-06       2.04744815E-06       9.42827468E-07
   634.8000       2.28934604E-07       1.54846367E-06       2.05090652E-06       9.44398096E-07
   634.9000       2.29334230E-07       1.55100647E-06       2.05436588E-06       9.45969181E-07
   635.0000       2.29734057E-07       1.55354994E-06       2.05782618E-06       9.47540701E-07
   635.1000       2.30134083E-07       1.55609409E-06       2.06128740E-06       9.49112652E-07
   635.2000       2.30534305E-07       1.55863889E-06       2.06474953E-06       9.50685023E-07
   635.3000       2.30934720E-07       1.56118431E-06       2.06821256E-06       9.52257801E-07
   635.4000       2.31335326E-07       1.56373033E-06       2.07167645E-06       9.53830970E-07
   635.5000       2.31736118E-07       1.56627692E-06       2.07514118E-06       9.55404508E-07
   635.6000       2.32137096E-07       1.56882406E-06       2.07860669E-06       9.56978411E-07
   635.7000       2.32538256E-07       1.57137173E-06       2.08207298E-06       9.58552664E-07
   635.8000       2.32939595E-07       1.57391991E-06       2.08554002E-06       9.60127257E-07
   635.9000       2.33341110E-07       1.57646859E-06       2.08900779E-06       9.61702183E-07
   636.0000       2.33742799E-07       1.57901774E-06       2.09247626E-06       9.63277424E-07
   636.1000       2.34144659E-07       1.58156735E-06       2.09594539E-06       9.64852971E-07
   636.2000       2.34546687E-07       1.58411739E-06       2.09941517E-06       9.66428819E-07
   636.3000       2.34948881E-07       1.58666787E-06       2.10288561E-06       9.68004960E-07
   636.4000       2.35351237E-07       1.58921874E-06       2.10635667E-06       9.69581373E-07
   636.5000       2.35753752E-07       1.59176997E-06       2.10982830E-06       9.71158039E-07
   636.6000       2.36156425E-07       1.59432156E-06       2.11330046E-06       9.72734951E-07
   636.7000       2.36559252E-07       1.59687347E-06       2.11677313E-06       9.74312094E-07
   636.8000       2.36962229E-07       1.59942570E-06       2.12024629E-06       9.75889463E-07
   636.9000       2.37365356E-07       1.60197824E-06       2.12371988E-06       9.77467040E-07
   637.0000       2.37768627E-07       1.60453106E-06       2.12719388E-06       9.79044813E-07
   637.1000       2.38172041E-07       1.60708412E-06       2.13066832E-06       9.80622769E-07
   637.2000       2.38575595E-07       1.60963741E-06       2.13414321E-06       9.82200915E-07
   637.3000       2.38979285E-07       1.61219092E-06       2.13761846E-06       9.83779223E-07
   637.4000       2.39383109E-07       1.61474461E-06       2.14109404E-06       9.85357676E-07
   637.5000       2.39787063E-07       1.61729846E-06       2.14456993E-06       9.86936264E-07
   637.6000       2.40191145E-07       1.61985247E-06       2.14804612E-06       9.88514981E-07
   637.7000       2.40595351E-07       1.62240663E-06       2.15152259E-06       9.90093816E-07
   637.8000       2.40999679E-07       1.62496089E-06       2.15499930E-06       9.91672755E-07
   637.9000       2.41404125E-07       1.62751525E-06       2.15847621E-06       9.93251785E-07
   638.0000       2.41808687E-07       1.63006968E-06       2.16195329E-06       9.94830894E-07
   638.1000       2.42213361E-07       1.63262417E-06       2.16543053E-06       9.96410077E-07
   638.2000       2.42618143E-07       1.63517870E-06       2.16890787E-06       9.97989320E-07
   638.3000       2.43023031E-07       1.63773326E-06       2.17238528E-06       9.99568604E-07
   638.4000       2.43428022E-07       1.64028781E-06       2.17586280E-06       1.00114792E-06
   638.5000       2.43833112E-07       1.64284233E-06       2.17934034E-06       1.00272724E-06
   638.6000       2.44238299E-07       1.64539683E-06       2.18281787E-06       1.00430657E-06
   638.7000       2.44643578E-07       1.64795129E-06       2.18629535E-06       1.00588589E-06
   638.8000       2.45048947E-07       1.65050567E-06       2.18977276E-06       1.00746518E-06
   638.9000       2.45454403E-07       1.65305997E-06       2.19325006E-06       1.00904445E-06
   639.0000       2.45859941E-07       1.65561417E-06       2.19672724E-06       1.01062368E-06
   639.1000       2.46265560E-07       1.65816825E-06       2.20020429E-06       1.01220285E-06
   639.2000       2.46671255E-07       1.66072217E-06       2.20368116E-06       1.01378195E-06
   639.3000       2.47077023E-07       1.66327592E-06       2.20715785E-06       1.01536097E-06
   639.4000       2.47482862E-07       1.66582948E-06       2.21063432E-06       1.01693989E-06
   639.5000       2.47888767E-07       1.66838284E-06       2.21411059E-06       1.01851871E-06
   639.6000       2.48294736E-07       1.67093597E-06       2.21758662E-06       1.02009742E-06
   639.7000       2.48700765E-07       1.67348885E-06       2.22106239E-06       1.02167600E-06
   639.8000       2.49106851E-07       1.67604144E-06       2.22453783E-06       1.02325443E-06
   639.9000       2.49512991E-07       1.67859374E-06       2.22801294E-06       1.02483271E-06
   640.0000       2.49919181E-07       1.68114574E-06       2.23148764E-06       1.02641083E-06
   640.1000       2.50325419E-07       1.68369740E-06       2.23496190E-06       1.02798876E-06
   640.2000       2.50731701E-07       1.68624872E-06       2.23843570E-06       1.02956650E-06
   640.3000       2.51138023E-07       1.68879968E-06       2.24190902E-06       1.03114404E-06
   640.4000       2.51544384E-07       1.69135026E-06       2.24538187E-06       1.03272137E-06
   640.5000       2.51950778E-07       1.69390043E-06       2.24885421E-06       1.03429848E-06
   640.6000       2.52357205E-07       1.69645017E-06       2.25232603E-06       1.03587535E-06
   640.7000       2.52763659E-07       1.69899948E-06       2.25579727E-06       1.03745196E-06
   640.8000       2.53170138E-07       1.70154832E-06       2.25926794E-06       1.03902832E-06
   640.9000       2.53576640E-07       1.70409668E-06       2.26273796E-06       1.04060440E-06
   641.0000       2.53983160E-07       1.70664454E-06       2.26620736E-06       1.04218020E-06
   641.1000       2.54389695E-07       1.70919189E-06       2.26967606E-06       1.04375571E-06
   641.2000       2.54796244E-07       1.71173871E-06       2.27314406E-06       1.04533091E-06
   641.3000       2.55202801E-07       1.71428497E-06       2.27661131E-06       1.04690579E-06
   641.4000       2.55609366E-07       1.71683067E-06       2.28007781E-06       1.04848035E-06
   641.5000       2.56015933E-07       1.71937578E-06       2.28354355E-06       1.05005457E-06
   641.6000       2.56422501E-07       1.72192027E-06       2.28700847E-06       1.05162841E-06
   641.7000       2.56829066E-07       1.72446413E-06       2.29047253E-06       1.05320189E-06
   641.8000       2.57235626E-07       1.72700735E-06       2.29393575E-06       1.05477499E-06
   641.9000       2.57642176E-07       1.72954991E-06       2.29739808E-06       1.05634770E-06
   642.0000       2.58048715E-07       1.73209177E-06       2.30085951E-06       1.05792001E-06
   642.1000       2.58455239E-07       1.73463292E-06       2.30432003E-06       1.05949190E-06
   642.2000       2.58861745E-07       1.73717335E-06       2.30777961E-06       1.06106337E-06
   642.3000       2.59268230E-07       1.73971304E-06       2.31123822E-06       1.06263440E-06
   642.4000       2.59674692E-07       1.74225196E-06       2.31469587E-06       1.06420499E-06
   642.5000       2.60081126E-07       1.74479010E-06       2.31815251E-06       1.06577513E-06
   642.6000       2.60487531E-07       1.74732746E-06       2.32160811E-06       1.06734480E-06
   642.7000       2.60893903E-07       1.74986399E-06       2.32506262E-06       1.06891399E-06
   642.8000       2.61300239E-07       1.75239970E-06       2.32851600E-06       1.07048268E-06
   642.9000       2.61706537E-07       1.75493455E-06       2.33196824E-06       1.07205086E-06
   643.0000       2.62112793E-07       1.75746854E-06       2.33541932E-06       1.07361853E-06
   643.1000       2.62519004E-07       1.76000163E-06       2.33886921E-06       1.07518567E-06
   643.2000       2.62925168E-07       1.76253379E-06       2.34231786E-06       1.07675226E-06
   643.3000       2.63331281E-07       1.76506503E-06       2.34576529E-06       1.07831831E-06
   643.4000       2.63737340E-07       1.76759532E-06       2.34921147E-06       1.07988380E-06
   643.5000       2.64143343E-07       1.77012464E-06       2.35265638E-06       1.08144872E-06
   643.6000       2.64549287E-07       1.77265298E-06       2.35609994E-06       1.08301304E-06
   643.7000       2.64955168E-07       1.77518032E-06       2.35954208E-06       1.08457676E-06
   643.8000       2.65360983E-07       1.77770665E-06       2.36298281E-06       1.08613985E-06
   643.9000       2.65766730E-07       1.78023193E-06       2.36642212E-06       1.08770232E-06
   644.0000       2.66172406E-07       1.78275617E-06       2.36985998E-06       1.08926415E-06
   644.1000       2.66578008E-07       1.78527935E-06       2.37329638E-06       1.09082535E-06
   644.2000       2.66983533E-07       1.78780146E-06       2.37673126E-06       1.09238588E-06
   644.3000       2.67388977E-07       1.79032248E-06       2.38016460E-06       1.09394576E-06
   644.4000       2.67794339E-07       1.79284237E-06       2.38359641E-06       1.09550495E-06
   644.5000       2.68199614E-07       1.79536115E-06       2.38702662E-06       1.09706345E-06
   644.6000       2.68604800E-07       1.79787875E-06       2.39045523E-06       1.09862124E-06
   644.7000       2.69009895E-07       1.80039519E-06       2.39388222E-06       1.10017832E-06
   644.8000       2.69414895E-07       1.80291043E-06       2.39730758E-06       1.10173468E-06
   644.9000       2.69819797E-07       1.80542445E-06       2.40073131E-06       1.10329029E-06
   645.0000       2.70224598E-07       1.80793722E-06       2.40415335E-06       1.10484516E-06
   645.1000       2.70629296E-07       1.81044873E-06       2.40757369E-06       1.10639926E-06
   645.2000       2.71033888E-07       1.81295897E-06       2.41099232E-06       1.10795259E-06
   645.3000       2.71438370E-07       1.81546792E-06       2.41440919E-06       1.10950514E-06
   645.4000       2.71842739E-07       1.81797556E-06       2.41782426E-06       1.11105690E-06
   645.5000       2.72246994E-07       1.82048186E-06       2.42123752E-06       1.11260784E-06
   645.6000       2.72651131E-07       1.82298680E-06       2.42464895E-06       1.11415797E-06
   645.7000       2.73055146E-07       1.82549039E-06       2.42805857E-06       1.11570728E-06
   645.8000       2.73459038E-07       1.82799257E-06       2.43146632E-06       1.11725575E-06
   645.9000       2.73862803E-07       1.83049335E-06       2.43487212E-06       1.11880336E-06
   646.0000       2.74266439E-07       1.83299271E-06       2.43827597E-06       1.12035012E-06
   646.1000       2.74669942E-07       1.83549064E-06       2.44167785E-06       1.12189600E-06
   646.2000       2.75073309E-07       1.83798712E-06       2.44507777E-06       1.12344101E-06
   646.3000       2.75476539E-07       1.84048213E-06       2.44847569E-06       1.12498513E-06
   646.4000       2.75879627E-07       1.84297566E-06       2.45187160E-06       1.12652835E-06
   646.5000       2.76282571E-07       1.84546767E-06       2.45526545E-06       1.12807065E-06
   646.6000       2.76685368E-07       1.84795816E-06       2.45865720E-06       1.12961203E-06
   646.7000       2.77088015E-07       1.85044711E-06       2.46204682E-06       1.13115247E-06
   646.8000       2.77490509E-07       1.85293450E-06       2.46543430E-06       1.13269196E-06
   646.9000       2.77892848E-07       1.85542033E-06       2.46881966E-06       1.13423051E-06
   647.0000       2.78295029E-07       1.85790457E-06       2.47220285E-06       1.13576810E-06
   647.1000       2.78697048E-07       1.86038722E-06       2.47558384E-06       1.13730471E-06
   647.2000       2.79098903E-07       1.86286825E-06       2.47896260E-06       1.13884035E-06
   647.3000       2.79500591E-07       1.86534765E-06       2.48233908E-06       1.14037497E-06
   647.4000       2.79902109E-07       1.86782540E-06       2.48571324E-06       1.14190858E-06
   647.5000       2.80303455E-07       1.87030148E-06       2.48908509E-06       1.14344117E-06
   647.6000       2.80704624E-07       1.87277590E-06       2.49245463E-06       1.14497275E-06
   647.7000       2.81105615E-07       1.87524863E-06       2.49582183E-06       1.14650329E-06
   647.8000       2.81506425E-07       1.87771964E-06       2.49918667E-06       1.14803278E-06
   647.9000       2.81907051E-07       1.88018892E-06       2.50254913E-06       1.14956120E-06
   648.0000       2.82307489E-07       1.88265646E-06       2.50590921E-06       1.15108856E-06
   648.1000       2.82707738E-07       1.88512222E-06       2.50926688E-06       1.15261483E-06
   648.2000       2.83107793E-07       1.88758619E-06       2.51262213E-06       1.15414002E-06
   648.3000       2.83507653E-07       1.89004835E-06       2.51597492E-06       1.15566411E-06
   648.4000       2.83907315E-07       1.89250871E-06       2.51932523E-06       1.15718709E-06
   648.5000       2.84306775E-07       1.89496725E-06       2.52267299E-06       1.15870895E-06
   648.6000       2.84706032E-07       1.89742396E-06       2.52601818E-06       1.16022968E-06
   648.7000       2.85105081E-07       1.89987880E-06       2.52936078E-06       1.16174926E-06
   648.8000       2.85503921E-07       1.90233177E-06       2.53270078E-06       1.16326769E-06
   648.9000       2.85902548E-07       1.90478284E-06       2.53603815E-06       1.16478497E-06
   649.0000       2.86300960E-07       1.90723200E-06       2.53937285E-06       1.16630106E-06
   649.1000       2.86699154E-07       1.90967925E-06       2.54270488E-06       1.16781599E-06
   649.2000       2.87097127E-07       1.91212455E-06       2.54603420E-06       1.16932971E-06
   649.3000       2.87494877E-07       1.91456789E-06       2.54936079E-06       1.17084222E-06
   649.4000       2.87892401E-07       1.91700924E-06       2.55268465E-06       1.17235351E-06
   649.5000       2.88289695E-07       1.91944859E-06       2.55600580E-06       1.17386357E-06
   649.6000       2.88686758E-07       1.92188591E-06       2.55932416E-06       1.17537239E-06
   649.7000       2.89083587E-07       1.92432121E-06       2.56263973E-06       1.17687996E-06
   649.8000       2.89480178E-07       1.92675445E-06       2.56595249E-06       1.17838628E-06
   649.9000       2.89876530E-07       1.92918562E-06       2.56926239E-06       1.17989134E-06
   650.0000       2.90272639E-07       1.93161473E-06       2.57256945E-06       1.18139512E-06
   650.1000       2.90668504E-07       1.93404175E-06       2.57587363E-06       1.18289762E-06
   650.2000       2.91064121E-07       1.93646665E-06       2.57917491E-06       1.18439883E-06
   650.3000       2.91459487E-07       1.93888943E-06       2.58247327E-06       1.18589875E-06
   650.4000       2.91854601E-07       1.94131006E-06       2.58576868E-06       1.18739734E-06
   650.5000       2.92249459E-07       1.94372853E-06       2.58906111E-06       1.18889462E-06
   650.6000       2.92644059E-07       1.94614482E-06       2.59235055E-06       1.19039055E-06
   650.7000       2.93038399E-07       1.94855892E-06       2.59563696E-06       1.19188515E-06
   650.8000       2.93432475E-07       1.95097083E-06       2.59892032E-06       1.19337838E-06
   650.9000       2.93826285E-07       1.95338049E-06       2.60220059E-06       1.19487025E-06
   651.0000       2.94219826E-07       1.95578793E-06       2.60547778E-06       1.19636075E-06
   651.1000       2.94613097E-07       1.95819313E-06       2.60875186E-06       1.19784986E-06
   651.2000       2.95006094E-07       1.96059605E-06       2.61202283E-06       1.19933759E-06
   651.3000       2.95398815E-07       1.96299668E-06       2.61529066E-06       1.20082391E-06
   651.4000       2.95791256E-07       1.96539503E-06       2.61855534E-06       1.20230883E-06
   651.5000       2.96183417E-07       1.96779107E-06       2.62181682E-06       1.20379233E-06
   651.6000       2.96575293E-07       1.97018477E-06       2.62507513E-06       1.20527439E-06
   651.7000       2.96966883E-07       1.97257613E-06       2.62833021E-06       1.20675503E-06
   651.8000       2.97358183E-07       1.97496514E-06       2.63158201E-06       1.20823420E-06
   651.9000       2.97749192E-07       1.97735178E-06       2.63483053E-06       1.20971193E-06
   652.0000       2.98139906E-07       1.97973604E-06       2.63807576E-06       1.21118819E-06
   652.1000       2.98530323E-07       1.98211791E-06       2.64131766E-06       1.21266297E-06
   652.2000       2.98920440E-07       1.98449737E-06       2.64455620E-06       1.21413626E-06
   652.3000       2.99310255E-07       1.98687442E-06       2.64779144E-06       1.21560807E-06
   652.4000       2.99699765E-07       1.98924902E-06       2.65102329E-06       1.21707838E-06
   652.5000       3.00088967E-07       1.99162117E-06       2.65425175E-06       1.21854716E-06
   652.6000       3.00477860E-07       1.99399085E-06       2.65747678E-06       1.22001442E-06
   652.7000       3.00866439E-07       1.99635804E-06       2.66069841E-06       1.22148015E-06
   652.8000       3.01254704E-07       1.99872273E-06       2.66391663E-06       1.22294435E-06
   652.9000       3.01642650E-07       2.00108491E-06       2.66713140E-06       1.22440701E-06
   653.0000       3.02030276E-07       2.00344456E-06       2.67034269E-06       1.22586811E-06
   653.1000       3.02417578E-07       2.00580167E-06       2.67355048E-06       1.22732763E-06
   653.2000       3.02804555E-07       2.00815622E-06       2.67675473E-06       1.22878558E-06
   653.3000       3.03191204E-07       2.01050820E-06       2.67995547E-06       1.23024196E-06
   653.4000       3.03577521E-07       2.01285759E-06       2.68315264E-06       1.23169674E-06
   653.5000       3.03963505E-07       2.01520438E-06       2.68634623E-06       1.23314992E-06
   653.6000       3.04349154E-07       2.01754856E-06       2.68953624E-06       1.23460150E-06
   653.7000       3.04734463E-07       2.01989012E-06       2.69272264E-06       1.23605146E-06
   653.8000       3.05119432E-07       2.02222904E-06       2.69590541E-06       1.23749981E-06
   653.9000       3.05504058E-07       2.02456530E-06       2.69908455E-06       1.23894652E-06
   654.0000       3.05888337E-07       2.02689890E-06       2.70226001E-06       1.24039160E-06
   654.1000       3.06272269E-07       2.02922981E-06       2.70543176E-06       1.24183502E-06
   654.2000       3.06655849E-07       2.03155800E-06       2.70859981E-06       1.24327678E-06
   654.3000       3.07039076E-07       2.03388350E-06       2.71176411E-06       1.24471687E-06
   654.4000       3.07421948E-07       2.03620628E-06       2.71492463E-06       1.24615527E-06
   654.5000       3.07804462E-07       2.03852632E-06       2.71808136E-06       1.24759198E-06
   654.6000       3.08186615E-07       2.04084361E-06       2.72123432E-06       1.24902701E-06
   654.7000       3.08568406E-07       2.04315814E-06       2.72438354E-06       1.25046036E-06
   654.8000       3.08949831E-07       2.04546988E-06       2.72752894E-06       1.25189199E-06
   654.9000       3.09330890E-07       2.04777884E-06       2.73067046E-06       1.25332191E-06
   655.0000       3.09711579E-07       2.05008500E-06       2.73380811E-06       1.25475010E-06
   655.1000       3.10091895E-07       2.05238835E-06       2.73694191E-06       1.25617657E-06
   655.2000       3.10471838E-07       2.05468888E-06       2.74007183E-06       1.25760130E-06
   655.3000       3.10851404E-07       2.05698655E-06       2.74319784E-06       1.25902429E-06
   655.4000       3.11230592E-07       2.05928137E-06       2.74631994E-06       1.26044552E-06
   655.5000       3.11609398E-07       2.06157334E-06       2.74943806E-06       1.26186500E-06
   655.6000       3.11987822E-07       2.06386246E-06       2.75255223E-06       1.26328271E-06
   655.7000       3.12365860E-07       2.06614869E-06       2.75566244E-06       1.26469865E-06
   655.8000       3.12743510E-07       2.06843204E-06       2.75876865E-06       1.26611281E-06
   655.9000       3.13120770E-07       2.07071248E-06       2.76187083E-06       1.26752517E-06
   656.0000       3.13497638E-07       2.07299001E-06       2.76496895E-06       1.26893571E-06
   656.1000       3.13874112E-07       2.07526459E-06       2.76806298E-06       1.27034444E-06
   656.2000       3.14250189E-07       2.07753624E-06       2.77115291E-06       1.27175135E-06
   656.3000       3.14625868E-07       2.07980496E-06       2.77423875E-06       1.27315644E-06
   656.4000       3.15001146E-07       2.08207072E-06       2.77732050E-06       1.27455970E-06
   656.5000       3.15376020E-07       2.08433352E-06       2.78039817E-06       1.27596114E-06
   656.6000       3.15750489E-07       2.08659332E-06       2.78347174E-06       1.27736072E-06
   656.7000       3.16124551E-07       2.08885012E-06       2.78654118E-06       1.27875845E-06
   656.8000       3.16498203E-07       2.09110392E-06       2.78960647E-06       1.28015434E-06
   656.9000       3.16871444E-07       2.09335472E-06       2.79266760E-06       1.28154836E-06
   657.0000       3.17244270E-07       2.09560249E-06       2.79572455E-06       1.28294052E-06
   657.1000       3.17616681E-07       2.09784723E-06       2.79877728E-06       1.28433081E-06
   657.2000       3.17988673E-07       2.10008892E-06       2.80182578E-06       1.28571921E-06
   657.3000       3.18360245E-07       2.10232754E-06       2.80487008E-06       1.28710572E-06
   657.4000       3.18731395E-07       2.10456307E-06       2.80791015E-06       1.28849032E-06
   657.5000       3.19102120E-07       2.10679551E-06       2.81094599E-06       1.28987302E-06
   657.6000       3.19472419E-07       2.10902484E-06       2.81397758E-06       1.29125380E-06
   657.7000       3.19842290E-07       2.11125105E-06       2.81700486E-06       1.29263265E-06
   657.8000       3.20211730E-07       2.11347415E-06       2.82002785E-06       1.29400958E-06
   657.9000       3.20580738E-07       2.11569413E-06       2.82304657E-06       1.29538459E-06
   658.0000       3.20949311E-07       2.11791096E-06       2.82606093E-06       1.29675766E-06
   658.1000       3.21317448E-07       2.12012464E-06       2.82907090E-06       1.29812877E-06
   658.2000       3.21685147E-07       2.12233513E-06       2.83207651E-06       1.29949791E-06
   658.3000       3.22052405E-07       2.12454243E-06       2.83507773E-06       1.30086509E-06
   658.4000       3.22419222E-07       2.12674653E-06       2.83807457E-06       1.30223029E-06
   658.5000       3.22785594E-07       2.12894742E-06       2.84106701E-06       1.30359352E-06
   658.6000       3.23151521E-07       2.13114509E-06       2.84405502E-06       1.30495478E-06
   658.7000       3.23517000E-07       2.13333954E-06       2.84703860E-06       1.30631404E-06
   658.8000       3.23882029E-07       2.13553076E-06       2.85001771E-06       1.30767131E-06
   658.9000       3.24246607E-07       2.13771873E-06       2.85299237E-06       1.30902659E-06
   659.0000       3.24610732E-07       2.13990345E-06       2.85596255E-06       1.31037986E-06
   659.1000       3.24974401E-07       2.14208489E-06       2.85892823E-06       1.31173110E-06
   659.2000       3.25337614E-07       2.14426305E-06       2.86188946E-06       1.31308033E-06
   659.3000       3.25700368E-07       2.14643791E-06       2.86484615E-06       1.31442753E-06
   659.4000       3.26062662E-07       2.14860948E-06       2.86779830E-06       1.31577269E-06
   659.5000       3.26424493E-07       2.15077775E-06       2.87074592E-06       1.31711582E-06
   659.6000       3.26785861E-07       2.15294269E-06       2.87368900E-06       1.31845691E-06
   659.7000       3.27146762E-07       2.15510432E-06       2.87662749E-06       1.31979594E-06
   659.8000       3.27507196E-07       2.15726262E-06       2.87956144E-06       1.32113293E-06
   659.9000       3.27867160E-07       2.15941757E-06       2.88249080E-06       1.32246786E-06
   660.0000       3.28226653E-07       2.16156916E-06       2.88541554E-06       1.32380071E-06
   660.1000       3.28585673E-07       2.16371740E-06       2.88833561E-06       1.32513149E-06
   660.2000       3.28944218E-07       2.16586226E-06       2.89125104E-06       1.32646018E-06
   660.3000       3.29302286E-07       2.16800374E-06       2.89416180E-06       1.32778678E-06
   660.4000       3.29659875E-07       2.17014182E-06       2.89706787E-06       1.32911128E-06
   660.5000       3.30016984E-07       2.17227651E-06       2.89996925E-06       1.33043367E-06
   660.6000       3.30373611E-07       2.17440779E-06       2.90286593E-06       1.33175396E-06
   660.7000       3.30729753E-07       2.17653567E-06       2.90575790E-06       1.33307215E-06
   660.8000       3.31085410E-07       2.17866012E-06       2.90864518E-06       1.33438824E-06
   660.9000       3.31440579E-07       2.18078114E-06       2.91152780E-06       1.33570223E-06
   661.0000       3.31795259E-07       2.18289873E-06       2.91440565E-06       1.33701408E-06
   661.1000       3.32149447E-07       2.18501288E-06       2.91727871E-06       1.33832380E-06
   661.2000       3.32503143E-07       2.18712357E-06       2.92014703E-06       1.33963139E-06
   661.3000       3.32856344E-07       2.18923080E-06       2.92301057E-06       1.34093684E-06
   661.4000       3.33209048E-07       2.19133456E-06       2.92586929E-06       1.34224014E-06
   661.5000       3.33561254E-07       2.19343485E-06       2.92872318E-06       1.34354128E-06
   661.6000       3.33912960E-07       2.19553166E-06       2.93157225E-06       1.34484027E-06
   661.7000       3.34264164E-07       2.19762497E-06       2.93441652E-06       1.34613708E-06
   661.8000       3.34614865E-07       2.19971477E-06       2.93725594E-06       1.34743173E-06
   661.9000       3.34965061E-07       2.20180107E-06       2.94009049E-06       1.34872421E-06
   662.0000       3.35314750E-07       2.20388384E-06       2.94292019E-06       1.35001451E-06
   662.1000       3.35663931E-07       2.20596309E-06       2.94574499E-06       1.35130262E-06
   662.2000       3.36012601E-07       2.20803879E-06       2.94856487E-06       1.35258854E-06
   662.3000       3.36360760E-07       2.21011093E-06       2.95137990E-06       1.35387226E-06
   662.4000       3.36708406E-07       2.21217950E-06       2.95419005E-06       1.35515379E-06
   662.5000       3.37055538E-07       2.21424450E-06       2.95699527E-06       1.35643310E-06
   662.6000       3.37402152E-07       2.21630592E-06       2.95979551E-06       1.35771020E-06
   662.7000       3.37748249E-07       2.21836377E-06       2.96259083E-06       1.35898509E-06
   662.8000       3.38093827E-07       2.22041803E-06       2.96538121E-06       1.36025776E-06
   662.9000       3.38438883E-07       2.22246870E-06       2.96816662E-06       1.36152821E-06
   663.0000       3.38783418E-07       2.22451577E-06       2.97094710E-06       1.36279643E-06
   663.1000       3.39127428E-07       2.22655923E-06       2.97372261E-06       1.36406243E-06
   663.2000       3.39470913E-07       2.22859908E-06       2.97649318E-06       1.36532620E-06
   663.3000       3.39813872E-07       2.23063533E-06       2.97925876E-06       1.36658774E-06
   663.4000       3.40156302E-07       2.23266794E-06       2.98201937E-06       1.36784703E-06
   663.5000       3.40498202E-07       2.23469693E-06       2.98477500E-06       1.36910410E-06
   663.6000       3.40839572E-07       2.23672229E-06       2.98752561E-06       1.37035892E-06
   663.7000       3.41180409E-07       2.23874400E-06       2.99027119E-06       1.37161148E-06
   663.8000       3.41520712E-07       2.24076204E-06       2.99301174E-06       1.37286178E-06
   663.9000       3.41860481E-07       2.24277641E-06       2.99574725E-06       1.37410980E-06
   664.0000       3.42199712E-07       2.24478711E-06       2.99847770E-06       1.37535553E-06
   664.1000       3.42538406E-07       2.24679413E-06       3.00120306E-06       1.37659899E-06
   664.2000       3.42876560E-07       2.24879749E-06       3.00392332E-06       1.37784017E-06
   664.3000       3.43214174E-07       2.25079716E-06       3.00663850E-06       1.37907906E-06
   664.4000       3.43551247E-07       2.25279314E-06       3.00934854E-06       1.38031566E-06
   664.5000       3.43887775E-07       2.25478543E-06       3.01205342E-06       1.38154996E-06
   664.6000       3.44223760E-07       2.25677399E-06       3.01475317E-06       1.38278195E-06
   664.7000       3.44559198E-07       2.25875883E-06       3.01744778E-06       1.38401164E-06
   664.8000       3.44894089E-07       2.26073993E-06       3.02013726E-06       1.38523901E-06
   664.9000       3.45228432E-07       2.26271730E-06       3.02282159E-06       1.38646408E-06
   665.0000       3.45562225E-07       2.26469092E-06       3.02550078E-06       1.38768683E-06
   665.1000       3.45895467E-07       2.26666083E-06       3.02817480E-06       1.38890727E-06
   665.2000       3.46228157E-07       2.26862697E-06       3.03084367E-06       1.39012541E-06
   665.3000       3.46560293E-07       2.27058935E-06       3.03350735E-06       1.39134122E-06
   665.4000       3.46891875E-07       2.27254796E-06       3.03616580E-06       1.39255469E-06
   665.5000       3.47222900E-07       2.27450278E-06       3.03881908E-06       1.39376581E-06
   665.6000       3.47553368E-07       2.27645380E-06       3.04146715E-06       1.39497458E-06
   665.7000       3.47883278E-07       2.27840101E-06       3.04411000E-06       1.39618100E-06
   665.8000       3.48212628E-07       2.28034440E-06       3.04674761E-06       1.39738506E-06
   665.9000       3.48541417E-07       2.28228395E-06       3.04937998E-06       1.39858675E-06
   666.0000       3.48869644E-07       2.28421969E-06       3.05200709E-06       1.39978608E-06
   666.1000       3.49197308E-07       2.28615160E-06       3.05462891E-06       1.40098303E-06
   666.2000       3.49524407E-07       2.28807968E-06       3.05724548E-06       1.40217762E-06
   666.3000       3.49850940E-07       2.29000392E-06       3.05985678E-06       1.40336985E-06
   666.4000       3.50176906E-07       2.29192430E-06       3.06246279E-06       1.40455971E-06
   666.5000       3.50502304E-07       2.29384085E-06       3.06506350E-06       1.40574719E-06
   666.6000       3.50827132E-07       2.29575355E-06       3.06765888E-06       1.40693229E-06
   666.7000       3.51151390E-07       2.29766239E-06       3.07024895E-06       1.40811500E-06
   666.8000       3.51475076E-07       2.29956736E-06       3.07283367E-06       1.40929531E-06
   666.9000       3.51798188E-07       2.30146843E-06       3.07541303E-06       1.41047322E-06
   667.0000       3.52120726E-07       2.30336563E-06       3.07798703E-06       1.41164874E-06
   667.1000       3.52442689E-07       2.30525895E-06       3.08055565E-06       1.41282184E-06
   667.2000       3.52764074E-07       2.30714837E-06       3.08311892E-06       1.41399254E-06
   667.3000       3.53084882E-07       2.30903393E-06       3.08567683E-06       1.41516084E-06
   667.4000       3.53405110E-07       2.31091561E-06       3.08822935E-06       1.41632674E-06
   667.5000       3.53724758E-07       2.31279341E-06       3.09077652E-06       1.41749023E-06
   667.6000       3.54043824E-07       2.31466731E-06       3.09331830E-06       1.41865132E-06
   667.7000       3.54362308E-07       2.31653732E-06       3.09585472E-06       1.41980999E-06
   667.8000       3.54680207E-07       2.31840341E-06       3.09838578E-06       1.42096625E-06
   667.9000       3.54997520E-07       2.32026558E-06       3.10091145E-06       1.42212009E-06
   668.0000       3.55314247E-07       2.32212383E-06       3.10343172E-06       1.42327150E-06
   668.1000       3.55630386E-07       2.32397814E-06       3.10594658E-06       1.42442046E-06
   668.2000       3.55945936E-07       2.32582852E-06       3.10845599E-06       1.42556699E-06
   668.3000       3.56260896E-07       2.32767496E-06       3.11095993E-06       1.42671107E-06
   668.4000       3.56575264E-07       2.32951746E-06       3.11345844E-06       1.42785272E-06
   668.5000       3.56889040E-07       2.33135603E-06       3.11595150E-06       1.42899193E-06
   668.6000       3.57202221E-07       2.33319065E-06       3.11843913E-06       1.43012870E-06
   668.7000       3.57514808E-07       2.33502132E-06       3.12092137E-06       1.43126304E-06
   668.8000       3.57826799E-07       2.33684805E-06       3.12339821E-06       1.43239493E-06
   668.9000       3.58138192E-07       2.33867082E-06       3.12586959E-06       1.43352437E-06
   669.0000       3.58448987E-07       2.34048963E-06       3.12833557E-06       1.43465137E-06
   669.1000       3.58759183E-07       2.34230447E-06       3.13079608E-06       1.43577591E-06
   669.2000       3.59068778E-07       2.34411533E-06       3.13325114E-06       1.43689798E-06
   669.3000       3.59377771E-07       2.34592221E-06       3.13570071E-06       1.43801758E-06
   669.4000       3.59686162E-07       2.34772510E-06       3.13814477E-06       1.43913469E-06
   669.5000       3.59993949E-07       2.34952401E-06       3.14058334E-06       1.44024934E-06
   669.6000       3.60301131E-07       2.35131895E-06       3.14301641E-06       1.44136152E-06
   669.7000       3.60607708E-07       2.35310988E-06       3.14544396E-06       1.44247122E-06
   669.8000       3.60913678E-07       2.35489681E-06       3.14786597E-06       1.44357843E-06
   669.9000       3.61219040E-07       2.35667971E-06       3.15028245E-06       1.44468315E-06
   670.0000       3.61523794E-07       2.35845861E-06       3.15269341E-06       1.44578539E-06
   670.1000       3.61827939E-07       2.36023351E-06       3.15509884E-06       1.44688515E-06
   670.2000       3.62131474E-07       2.36200438E-06       3.15749874E-06       1.44798241E-06
   670.3000       3.62434397E-07       2.36377123E-06       3.15989313E-06       1.44907719E-06
   670.4000       3.62736708E-07       2.36553405E-06       3.16228200E-06       1.45016948E-06
   670.5000       3.63038407E-07       2.36729285E-06       3.16466531E-06       1.45125927E-06
   670.6000       3.63339492E-07       2.36904762E-06       3.16704307E-06       1.45234656E-06
   670.7000       3.63639963E-07       2.37079835E-06       3.16941525E-06       1.45343133E-06
   670.8000       3.63939819E-07       2.37254504E-06       3.17178181E-06       1.45451358E-06
   670.9000       3.64239059E-07       2.37428769E-06       3.17414279E-06       1.45559332E-06
   671.0000       3.64537682E-07       2.37602629E-06       3.17649814E-06       1.45667053E-06
   671.1000       3.64835688E-07       2.37776085E-06       3.17884792E-06       1.45774524E-06
   671.2000       3.65133077E-07       2.37949135E-06       3.18119209E-06       1.45881743E-06
   671.3000       3.65429846E-07       2.38121780E-06       3.18353060E-06       1.45988709E-06
   671.4000       3.65725996E-07       2.38294017E-06       3.18586351E-06       1.46095422E-06
   671.5000       3.66021525E-07       2.38465847E-06       3.18819082E-06       1.46201883E-06
   671.6000       3.66316434E-07       2.38637270E-06       3.19051251E-06       1.46308091E-06
   671.7000       3.66610720E-07       2.38808287E-06       3.19282862E-06       1.46414046E-06
   671.8000       3.66904385E-07       2.38978896E-06       3.19513914E-06       1.46519750E-06
   671.9000       3.67197426E-07       2.39149099E-06       3.19744403E-06       1.46625202E-06
   672.0000       3.67489844E-07       2.39318892E-06       3.19974326E-06       1.46730399E-06
   672.1000       3.67781637E-07       2.39488276E-06       3.20203680E-06       1.46835342E-06
   672.2000       3.68072804E-07       2.39657251E-06       3.20432467E-06       1.46940030E-06
   672.3000       3.68363346E-07       2.39825818E-06       3.20660686E-06       1.47044465E-06
   672.4000       3.68653261E-07       2.39993975E-06       3.20888341E-06       1.47148644E-06
   672.5000       3.68942548E-07       2.40161720E-06       3.21115427E-06       1.47252568E-06
   672.6000       3.69231207E-07       2.40329054E-06       3.21341944E-06       1.47356238E-06
   672.7000       3.69519237E-07       2.40495975E-06       3.21567901E-06       1.47459653E-06
   672.8000       3.69806637E-07       2.40662483E-06       3.21793291E-06       1.47562813E-06
   672.9000       3.70093407E-07       2.40828576E-06       3.22018114E-06       1.47665717E-06
   673.0000       3.70379546E-07       2.40994257E-06       3.22242368E-06       1.47768366E-06
   673.1000       3.70665052E-07       2.41159525E-06       3.22466055E-06       1.47870759E-06
   673.2000       3.70949925E-07       2.41324377E-06       3.22689171E-06       1.47972896E-06
   673.3000       3.71234165E-07       2.41488812E-06       3.22911715E-06       1.48074774E-06
   673.4000       3.71517770E-07       2.41652833E-06       3.23133684E-06       1.48176394E-06
   673.5000       3.71800741E-07       2.41816438E-06       3.23355080E-06       1.48277757E-06
   673.6000       3.72083075E-07       2.41979629E-06       3.23575905E-06       1.48378865E-06
   673.7000       3.72364772E-07       2.42142404E-06       3.23796159E-06       1.48479715E-06
   673.8000       3.72645832E-07       2.42304764E-06       3.24015846E-06       1.48580310E-06
   673.9000       3.72926253E-07       2.42466711E-06       3.24234959E-06       1.48680647E-06
   674.0000       3.73206036E-07       2.42628242E-06       3.24453499E-06       1.48780726E-06
   674.1000       3.73485178E-07       2.42789358E-06       3.24671470E-06       1.48880549E-06
   674.2000       3.73763680E-07       2.42950058E-06       3.24888871E-06       1.48980114E-06
   674.3000       3.74041541E-07       2.43110340E-06       3.25105699E-06       1.49079421E-06
   674.4000       3.74318759E-07       2.43270206E-06       3.25321954E-06       1.49178471E-06
   674.5000       3.74595334E-07       2.43429656E-06       3.25537634E-06       1.49277262E-06
   674.6000       3.74871266E-07       2.43588690E-06       3.25752738E-06       1.49375796E-06
   674.7000       3.75146553E-07       2.43747306E-06       3.25967267E-06       1.49474069E-06
   674.8000       3.75421195E-07       2.43905505E-06       3.26181220E-06       1.49572084E-06
   674.9000       3.75695191E-07       2.44063286E-06       3.26394600E-06       1.49669840E-06
   675.0000       3.75968541E-07       2.44220649E-06       3.26607410E-06       1.49767336E-06
   675.1000       3.76241244E-07       2.44377593E-06       3.26819646E-06       1.49864574E-06
   675.2000       3.76513298E-07       2.44534121E-06       3.27031312E-06       1.49961553E-06
   675.3000       3.76784703E-07       2.44690231E-06       3.27242405E-06       1.50058273E-06
   675.4000       3.77055460E-07       2.44845925E-06       3.27452924E-06       1.50154735E-06
   675.5000       3.77325566E-07       2.45001203E-06       3.27662867E-06       1.50250937E-06
   675.6000       3.77595021E-07       2.45156064E-06       3.27872238E-06       1.50346880E-06
   675.7000       3.77863825E-07       2.45310508E-06       3.28081033E-06       1.50442564E-06
   675.8000       3.78131977E-07       2.45464535E-06       3.28289249E-06       1.50537988E-06
   675.9000       3.78399476E-07       2.45618147E-06       3.28496892E-06       1.50633153E-06
   676.0000       3.78666321E-07       2.45771342E-06       3.28703958E-06       1.50728058E-06
   676.1000       3.78932513E-07       2.45924121E-06       3.28910446E-06       1.50822705E-06
   676.2000       3.79198050E-07       2.46076483E-06       3.29116354E-06       1.50917091E-06
   676.3000       3.79462931E-07       2.46228426E-06       3.29321685E-06       1.51011216E-06
   676.4000       3.79727157E-07       2.46379953E-06       3.29526439E-06       1.51105083E-06
   676.5000       3.79990727E-07       2.46531065E-06       3.29730613E-06       1.51198690E-06
   676.6000       3.80253639E-07       2.46681760E-06       3.29934205E-06       1.51292037E-06
   676.7000       3.80515894E-07       2.46832037E-06       3.30137215E-06       1.51385123E-06
   676.8000       3.80777491E-07       2.46981896E-06       3.30339653E-06       1.51477950E-06
   676.9000       3.81038430E-07       2.47131339E-06       3.30541516E-06       1.51570519E-06
   677.0000       3.81298710E-07       2.47280366E-06       3.30742806E-06       1.51662830E-06
   677.1000       3.81558330E-07       2.47428973E-06       3.30943522E-06       1.51754881E-06
   677.2000       3.81817291E-07       2.47577162E-06       3.31143663E-06       1.51846672E-06
   677.3000       3.82075592E-07       2.47724933E-06       3.31343226E-06       1.51938203E-06
   677.4000       3.82333232E-07       2.47872286E-06       3.31542209E-06       1.52029474E-06
   677.5000       3.82590212E-07       2.48019221E-06       3.31740614E-06       1.52120486E-06
   677.6000       3.82846531E-07       2.48165740E-06       3.31938443E-06       1.52211239E-06
   677.7000       3.83102188E-07       2.48311840E-06       3.32135694E-06       1.52301731E-06
   677.8000       3.83357184E-07       2.48457523E-06       3.32332373E-06       1.52391964E-06
   677.9000       3.83611518E-07       2.48602786E-06       3.32528478E-06       1.52481937E-06
   678.0000       3.83865190E-07       2.48747631E-06       3.32724006E-06       1.52571649E-06
   678.1000       3.84118200E-07       2.48892060E-06       3.32918962E-06       1.52661103E-06
   678.2000       3.84370548E-07       2.49036072E-06       3.33113342E-06       1.52750298E-06
   678.3000       3.84622234E-07       2.49179666E-06       3.33307145E-06       1.52839235E-06
   678.4000       3.84873257E-07       2.49322843E-06       3.33500367E-06       1.52927911E-06
   678.5000       3.85123618E-07       2.49465600E-06       3.33693011E-06       1.53016325E-06
   678.6000       3.85373317E-07       2.49607939E-06       3.33885078E-06       1.53104479E-06
   678.7000       3.85622353E-07       2.49749860E-06       3.34076577E-06       1.53192376E-06
   678.8000       3.85870727E-07       2.49891364E-06       3.34267501E-06       1.53280013E-06
   678.9000       3.86118438E-07       2.50032452E-06       3.34457847E-06       1.53367391E-06
   679.0000       3.86365486E-07       2.50173122E-06       3.34647617E-06       1.53454509E-06
   679.1000       3.86611872E-07       2.50313375E-06       3.34836804E-06       1.53541366E-06
   679.2000       3.86857596E-07       2.50453210E-06       3.35025417E-06       1.53627964E-06
   679.3000       3.87102657E-07       2.50592629E-06       3.35213456E-06       1.53714303E-06
   679.4000       3.87347055E-07       2.50731630E-06       3.35400927E-06       1.53800383E-06
   679.5000       3.87590791E-07       2.50870212E-06       3.35587825E-06       1.53886203E-06
   679.6000       3.87833865E-07       2.51008376E-06       3.35774142E-06       1.53971762E-06
   679.7000       3.88076276E-07       2.51146122E-06       3.35959881E-06       1.54057061E-06
   679.8000       3.88318025E-07       2.51283451E-06       3.36145043E-06       1.54142101E-06
   679.9000       3.88559111E-07       2.51420363E-06       3.36329629E-06       1.54226882E-06
   680.0000       3.88799534E-07       2.51556858E-06       3.36513644E-06       1.54311405E-06
   680.1000       3.89039295E-07       2.51692939E-06       3.36697084E-06       1.54395670E-06
   680.2000       3.89278394E-07       2.51828604E-06       3.36879951E-06       1.54479677E-06
   680.3000       3.89516830E-07       2.51963855E-06       3.37062241E-06       1.54563424E-06
   680.4000       3.89754604E-07       2.52098692E-06       3.37243958E-06       1.54646914E-06
   680.5000       3.89991715E-07       2.52233115E-06       3.37425099E-06       1.54730146E-06
   680.6000       3.90228163E-07       2.52367124E-06       3.37605669E-06       1.54813119E-06
   680.7000       3.90463949E-07       2.52500717E-06       3.37785666E-06       1.54895833E-06
   680.8000       3.90699072E-07       2.52633896E-06       3.37965095E-06       1.54978290E-06
   680.9000       3.90933532E-07       2.52766661E-06       3.38143954E-06       1.55060489E-06
   681.0000       3.91167329E-07       2.52899013E-06       3.38322241E-06       1.55142431E-06
   681.1000       3.91400464E-07       2.53030951E-06       3.38499954E-06       1.55224115E-06
   681.2000       3.91632936E-07       2.53162474E-06       3.38677100E-06       1.55305540E-06
   681.3000       3.91864746E-07       2.53293584E-06       3.38853676E-06       1.55386708E-06
   681.4000       3.92095892E-07       2.53424279E-06       3.39029680E-06       1.55467619E-06
   681.5000       3.92326376E-07       2.53554562E-06       3.39205115E-06       1.55548275E-06
   681.6000       3.92556197E-07       2.53684433E-06       3.39379980E-06       1.55628674E-06
   681.7000       3.92785356E-07       2.53813893E-06       3.39554278E-06       1.55708819E-06
   681.8000       3.93013852E-07       2.53942941E-06       3.39728009E-06       1.55788707E-06
   681.9000       3.93241685E-07       2.54071576E-06       3.39901175E-06       1.55868341E-06
   682.0000       3.93468856E-07       2.54199799E-06       3.40073773E-06       1.55947718E-06
   682.1000       3.93695365E-07       2.54327609E-06       3.40245802E-06       1.56026838E-06
   682.2000       3.93921211E-07       2.54455008E-06       3.40417262E-06       1.56105702E-06
   682.3000       3.94146395E-07       2.54581997E-06       3.40588157E-06       1.56184312E-06
   682.4000       3.94370918E-07       2.54708574E-06       3.40758487E-06       1.56262666E-06
   682.5000       3.94594778E-07       2.54834741E-06       3.40928250E-06       1.56340765E-06
   682.6000       3.94817977E-07       2.54960496E-06       3.41097448E-06       1.56418609E-06
   682.7000       3.95040514E-07       2.55085842E-06       3.41266083E-06       1.56496198E-06
   682.8000       3.95262389E-07       2.55210777E-06       3.41434159E-06       1.56573533E-06
   682.9000       3.95483604E-07       2.55335300E-06       3.41601672E-06       1.56650612E-06
   683.0000       3.95704157E-07       2.55459412E-06       3.41768624E-06       1.56727435E-06
   683.1000       3.95924050E-07       2.55583116E-06       3.41935013E-06       1.56804005E-06
   683.2000       3.96143282E-07       2.55706411E-06       3.42100840E-06       1.56880320E-06
   683.3000       3.96361854E-07       2.55829296E-06       3.42266106E-06       1.56956380E-06
   683.4000       3.96579766E-07       2.55951774E-06       3.42430809E-06       1.57032186E-06
   683.5000       3.96797018E-07       2.56073845E-06       3.42594948E-06       1.57107739E-06
   683.6000       3.97013610E-07       2.56195511E-06       3.42758528E-06       1.57183039E-06
   683.7000       3.97229542E-07       2.56316772E-06       3.42921546E-06       1.57258088E-06
   683.8000       3.97444816E-07       2.56437628E-06       3.43084006E-06       1.57332885E-06
   683.9000       3.97659431E-07       2.56558078E-06       3.43245902E-06       1.57407428E-06
   684.0000       3.97873387E-07       2.56678123E-06       3.43407239E-06       1.57481720E-06
   684.1000       3.98086684E-07       2.56797762E-06       3.43568015E-06       1.57555759E-06
   684.2000       3.98299324E-07       2.56916998E-06       3.43728234E-06       1.57629548E-06
   684.3000       3.98511305E-07       2.57035830E-06       3.43887894E-06       1.57703085E-06
   684.4000       3.98722630E-07       2.57154257E-06       3.44046996E-06       1.57776370E-06
   684.5000       3.98933296E-07       2.57272278E-06       3.44205541E-06       1.57849402E-06
   684.6000       3.99143307E-07       2.57389896E-06       3.44363537E-06       1.57922184E-06
   684.7000       3.99352660E-07       2.57507113E-06       3.44520980E-06       1.57994716E-06
   684.8000       3.99561357E-07       2.57623929E-06       3.44677870E-06       1.58066999E-06
   684.9000       3.99769399E-07       2.57740341E-06       3.44834210E-06       1.58139031E-06
   685.0000       3.99976785E-07       2.57856350E-06       3.44990000E-06       1.58210813E-06
   685.1000       4.00183516E-07       2.57971957E-06       3.45145241E-06       1.58282346E-06
   685.2000       4.00389592E-07       2.58087162E-06       3.45299932E-06       1.58353631E-06
   685.3000       4.00595014E-07       2.58201966E-06       3.45454073E-06       1.58424667E-06
   685.4000       4.00799781E-07       2.58316369E-06       3.45607661E-06       1.58495453E-06
   685.5000       4.01003896E-07       2.58430369E-06       3.45760697E-06       1.58565990E-06
   685.6000       4.01207356E-07       2.58543970E-06       3.45913187E-06       1.58636278E-06
   685.7000       4.01410165E-07       2.58657172E-06       3.46065128E-06       1.58706320E-06
   685.8000       4.01612321E-07       2.58769976E-06       3.46216524E-06       1.58776116E-06
   685.9000       4.01813825E-07       2.58882383E-06       3.46367372E-06       1.58845664E-06
   686.0000       4.02014678E-07       2.58994392E-06       3.46517672E-06       1.58914964E-06
   686.1000       4.02214880E-07       2.59106002E-06       3.46667430E-06       1.58984016E-06
   686.2000       4.02414432E-07       2.59217215E-06       3.46816649E-06       1.59052823E-06
   686.3000       4.02613333E-07       2.59328030E-06       3.46965326E-06       1.59121383E-06
   686.4000       4.02811585E-07       2.59438447E-06       3.47113457E-06       1.59189696E-06
   686.5000       4.03009188E-07       2.59548467E-06       3.47261044E-06       1.59257762E-06
   686.6000       4.03206143E-07       2.59658090E-06       3.47408086E-06       1.59325581E-06
   686.7000       4.03402450E-07       2.59767318E-06       3.47554584E-06       1.59393155E-06
   686.8000       4.03598109E-07       2.59876150E-06       3.47700546E-06       1.59460485E-06
   686.9000       4.03793121E-07       2.59984585E-06       3.47845965E-06       1.59527568E-06
   687.0000       4.03987486E-07       2.60092625E-06       3.47990846E-06       1.59594407E-06
   687.1000       4.04181205E-07       2.60200269E-06       3.48135184E-06       1.59661002E-06
   687.2000       4.04374279E-07       2.60307517E-06       3.48278984E-06       1.59727353E-06
   687.3000       4.04566707E-07       2.60414371E-06       3.48422245E-06       1.59793461E-06
   687.4000       4.04758491E-07       2.60520829E-06       3.48564967E-06       1.59859323E-06
   687.5000       4.04949630E-07       2.60626893E-06       3.48707151E-06       1.59924941E-06
   687.6000       4.05140126E-07       2.60732565E-06       3.48848797E-06       1.59990314E-06
   687.7000       4.05329978E-07       2.60837843E-06       3.48989905E-06       1.60055445E-06
   687.8000       4.05519188E-07       2.60942731E-06       3.49130478E-06       1.60120331E-06
   687.9000       4.05707755E-07       2.61047230E-06       3.49270517E-06       1.60184977E-06
   688.0000       4.05895681E-07       2.61151339E-06       3.49410025E-06       1.60249381E-06
   688.1000       4.06082965E-07       2.61255057E-06       3.49548995E-06       1.60313541E-06
   688.2000       4.06269608E-07       2.61358386E-06       3.49687430E-06       1.60377460E-06
   688.3000       4.06455611E-07       2.61461327E-06       3.49825332E-06       1.60441137E-06
   688.4000       4.06640974E-07       2.61563879E-06       3.49962699E-06       1.60504573E-06
   688.5000       4.06825697E-07       2.61666045E-06       3.50099527E-06       1.60567767E-06
   688.6000       4.07009782E-07       2.61767824E-06       3.50235823E-06       1.60630721E-06
   688.7000       4.07193228E-07       2.61869216E-06       3.50371587E-06       1.60693434E-06
   688.8000       4.07376036E-07       2.61970222E-06       3.50506819E-06       1.60755908E-06
   688.9000       4.07558207E-07       2.62070841E-06       3.50641516E-06       1.60818141E-06
   689.0000       4.07739741E-07       2.62171077E-06       3.50775683E-06       1.60880135E-06
   689.1000       4.07920639E-07       2.62270929E-06       3.50909324E-06       1.60941890E-06
   689.2000       4.08100900E-07       2.62370397E-06       3.51042442E-06       1.61003409E-06
   689.3000       4.08280527E-07       2.62469482E-06       3.51175037E-06       1.61064689E-06
   689.4000       4.08459519E-07       2.62568183E-06       3.51307106E-06       1.61125730E-06
   689.5000       4.08637876E-07       2.62666501E-06       3.51438649E-06       1.61186532E-06
   689.6000       4.08815601E-07       2.62764437E-06       3.51569670E-06       1.61247097E-06
   689.7000       4.08992692E-07       2.62861989E-06       3.51700166E-06       1.61307425E-06
   689.8000       4.09169151E-07       2.62959160E-06       3.51830143E-06       1.61367516E-06
   689.9000       4.09344978E-07       2.63055951E-06       3.51959604E-06       1.61427373E-06
   690.0000       4.09520174E-07       2.63152364E-06       3.52088545E-06       1.61486994E-06
   690.1000       4.09694739E-07       2.63248397E-06       3.52216963E-06       1.61546380E-06
   690.2000       4.09868674E-07       2.63344052E-06       3.52344859E-06       1.61605528E-06
   690.3000       4.10041981E-07       2.63439332E-06       3.52472236E-06       1.61664442E-06
   690.4000       4.10214658E-07       2.63534234E-06       3.52599092E-06       1.61723122E-06
   690.5000       4.10386708E-07       2.63628759E-06       3.52725428E-06       1.61781566E-06
   690.6000       4.10558130E-07       2.63722908E-06       3.52851252E-06       1.61839776E-06
   690.7000       4.10728925E-07       2.63816680E-06       3.52976562E-06       1.61897753E-06
   690.8000       4.10899095E-07       2.63910078E-06       3.53101360E-06       1.61955498E-06
   690.9000       4.11068639E-07       2.64003098E-06       3.53225641E-06       1.62013009E-06
   691.0000       4.11237558E-07       2.64095744E-06       3.53349407E-06       1.62070287E-06
   691.1000       4.11405854E-07       2.64188015E-06       3.53472661E-06       1.62127331E-06
   691.2000       4.11573526E-07       2.64279910E-06       3.53595407E-06       1.62184144E-06
   691.3000       4.11740576E-07       2.64371431E-06       3.53717646E-06       1.62240724E-06
   691.4000       4.11907004E-07       2.64462576E-06       3.53839375E-06       1.62297072E-06
   691.5000       4.12072811E-07       2.64553351E-06       3.53960596E-06       1.62353188E-06
   691.6000       4.12237998E-07       2.64643754E-06       3.54081302E-06       1.62409073E-06
   691.7000       4.12402566E-07       2.64733785E-06       3.54201495E-06       1.62464728E-06
   691.8000       4.12566514E-07       2.64823446E-06       3.54321181E-06       1.62520152E-06
   691.9000       4.12729845E-07       2.64912733E-06       3.54440361E-06       1.62575346E-06
   692.0000       4.12892558E-07       2.65001654E-06       3.54559032E-06       1.62630311E-06
   692.1000       4.13054655E-07       2.65090205E-06       3.54677195E-06       1.62685046E-06
   692.2000       4.13216137E-07       2.65178387E-06       3.54794852E-06       1.62739553E-06
   692.3000       4.13377003E-07       2.65266200E-06       3.54912006E-06       1.62793831E-06
   692.4000       4.13537256E-07       2.65353645E-06       3.55028659E-06       1.62847881E-06
   692.5000       4.13696896E-07       2.65440723E-06       3.55144813E-06       1.62901704E-06
   692.6000       4.13855924E-07       2.65527435E-06       3.55260471E-06       1.62955301E-06
   692.7000       4.14014340E-07       2.65613784E-06       3.55375632E-06       1.63008671E-06
   692.8000       4.14172145E-07       2.65699767E-06       3.55490294E-06       1.63061814E-06
   692.9000       4.14329341E-07       2.65785386E-06       3.55604456E-06       1.63114729E-06
   693.0000       4.14485928E-07       2.65870642E-06       3.55718122E-06       1.63167419E-06
   693.1000       4.14641906E-07       2.65955536E-06       3.55831292E-06       1.63219883E-06
   693.2000       4.14797278E-07       2.66040068E-06       3.55943966E-06       1.63272121E-06
   693.3000       4.14952043E-07       2.66124239E-06       3.56056142E-06       1.63324134E-06
   693.4000       4.15106202E-07       2.66208051E-06       3.56167820E-06       1.63375922E-06
   693.5000       4.15259757E-07       2.66291503E-06       3.56279000E-06       1.63427486E-06
   693.6000       4.15412707E-07       2.66374595E-06       3.56389687E-06       1.63478826E-06
   693.7000       4.15565055E-07       2.66457330E-06       3.56499880E-06       1.63529943E-06
   693.8000       4.15716800E-07       2.66539707E-06       3.56609579E-06       1.63580836E-06
   693.9000       4.15867944E-07       2.66621728E-06       3.56718785E-06       1.63631507E-06
   694.0000       4.16018488E-07       2.66703391E-06       3.56827499E-06       1.63681956E-06
   694.1000       4.16168431E-07       2.66784699E-06       3.56935725E-06       1.63732183E-06
   694.2000       4.16317776E-07       2.66865651E-06       3.57043468E-06       1.63782191E-06
   694.3000       4.16466522E-07       2.66946247E-06       3.57150723E-06       1.63831977E-06
   694.4000       4.16614671E-07       2.67026489E-06       3.57257494E-06       1.63881545E-06
   694.5000       4.16762223E-07       2.67106377E-06       3.57363785E-06       1.63930893E-06
   694.6000       4.16909180E-07       2.67185912E-06       3.57469594E-06       1.63980021E-06
   694.7000       4.17055541E-07       2.67265094E-06       3.57574923E-06       1.64028930E-06
   694.8000       4.17201309E-07       2.67343925E-06       3.57679770E-06       1.64077621E-06
   694.9000       4.17346483E-07       2.67422403E-06       3.57784137E-06       1.64126094E-06
   695.0000       4.17491066E-07       2.67500532E-06       3.57888024E-06       1.64174350E-06
   695.1000       4.17635056E-07       2.67578312E-06       3.57991431E-06       1.64222388E-06
   695.2000       4.17778457E-07       2.67655743E-06       3.58094358E-06       1.64270209E-06
   695.3000       4.17921267E-07       2.67732827E-06       3.58196808E-06       1.64317815E-06
   695.4000       4.18063489E-07       2.67809564E-06       3.58298790E-06       1.64365205E-06
   695.5000       4.18205123E-07       2.67885954E-06       3.58400296E-06       1.64412379E-06
   695.6000       4.18346170E-07       2.67961998E-06       3.58501323E-06       1.64459337E-06
   695.7000       4.18486631E-07       2.68037695E-06       3.58601883E-06       1.64506080E-06
   695.8000       4.18626508E-07       2.68113047E-06       3.58701973E-06       1.64552609E-06
   695.9000       4.18765800E-07       2.68188054E-06       3.58801593E-06       1.64598924E-06
   696.0000       4.18904509E-07       2.68262718E-06       3.58900744E-06       1.64645025E-06
   696.1000       4.19042636E-07       2.68337038E-06       3.58999422E-06       1.64690913E-06
   696.2000       4.19180182E-07       2.68411014E-06       3.59097632E-06       1.64736586E-06
   696.3000       4.19317149E-07       2.68484647E-06       3.59195371E-06       1.64782045E-06
   696.4000       4.19453536E-07       2.68557935E-06       3.59292634E-06       1.64827289E-06
   696.5000       4.19589346E-07       2.68630882E-06       3.59389429E-06       1.64872321E-06
   696.6000       4.19724578E-07       2.68703487E-06       3.59485754E-06       1.64917140E-06
   696.7000       4.19859235E-07       2.68775752E-06       3.59581613E-06       1.64961749E-06
   696.8000       4.19993317E-07       2.68847677E-06       3.59677013E-06       1.65006149E-06
   696.9000       4.20126826E-07       2.68919263E-06       3.59771954E-06       1.65050339E-06
   697.0000       4.20259762E-07       2.68990513E-06       3.59866438E-06       1.65094321E-06
   697.1000       4.20392126E-07       2.69061425E-06       3.59960464E-06       1.65138094E-06
   697.2000       4.20523919E-07       2.69132000E-06       3.60054030E-06       1.65181659E-06
   697.3000       4.20655143E-07       2.69202241E-06       3.60147143E-06       1.65225018E-06
   697.4000       4.20785799E-07       2.69272146E-06       3.60239805E-06       1.65268169E-06
   697.5000       4.20915887E-07       2.69341714E-06       3.60332012E-06       1.65311112E-06
   697.6000       4.21045408E-07       2.69410948E-06       3.60423764E-06       1.65353848E-06
   697.7000       4.21174364E-07       2.69479848E-06       3.60515060E-06       1.65396377E-06
   697.8000       4.21302756E-07       2.69548416E-06       3.60605906E-06       1.65438700E-06
   697.9000       4.21430583E-07       2.69616651E-06       3.60696301E-06       1.65480818E-06
   698.0000       4.21557849E-07       2.69684554E-06       3.60786243E-06       1.65522731E-06
   698.1000       4.21684552E-07       2.69752127E-06       3.60875731E-06       1.65564438E-06
   698.2000       4.21810695E-07       2.69819371E-06       3.60964769E-06       1.65605942E-06
   698.3000       4.21936278E-07       2.69886287E-06       3.61053359E-06       1.65647241E-06
   698.4000       4.22061302E-07       2.69952875E-06       3.61141503E-06       1.65688336E-06
   698.5000       4.22185769E-07       2.70019138E-06       3.61229200E-06       1.65729229E-06
   698.6000       4.22309678E-07       2.70085073E-06       3.61316454E-06       1.65769918E-06
   698.7000       4.22433031E-07       2.70150683E-06       3.61403263E-06       1.65810405E-06
   698.8000       4.22555829E-07       2.70215966E-06       3.61489629E-06       1.65850688E-06
   698.9000       4.22678073E-07       2.70280928E-06       3.61575557E-06       1.65890771E-06
   699.0000       4.22799764E-07       2.70345567E-06       3.61661048E-06       1.65930652E-06
   699.1000       4.22920902E-07       2.70409884E-06       3.61746102E-06       1.65970334E-06
   699.2000       4.23041488E-07       2.70473882E-06       3.61830723E-06       1.66009817E-06
   699.3000       4.23161525E-07       2.70537561E-06       3.61914905E-06       1.66049101E-06
   699.4000       4.23281011E-07       2.70600920E-06       3.61998645E-06       1.66088184E-06
   699.5000       4.23399949E-07       2.70663959E-06       3.62081946E-06       1.66127068E-06
   699.6000       4.23518340E-07       2.70726680E-06       3.62164815E-06       1.66165754E-06
   699.7000       4.23636184E-07       2.70789084E-06       3.62247256E-06       1.66204244E-06
   699.8000       4.23753482E-07       2.70851175E-06       3.62329267E-06       1.66242539E-06
   699.9000       4.23870236E-07       2.70912950E-06       3.62410847E-06       1.66280639E-06
   700.0000       4.23986447E-07       2.70974410E-06       3.62491994E-06       1.66318541E-06
   700.1000       4.24102115E-07       2.71035554E-06       3.62572712E-06       1.66356248E-06
   700.2000       4.24217242E-07       2.71096383E-06       3.62652995E-06       1.66393758E-06
   700.3000       4.24331828E-07       2.71156899E-06       3.62732851E-06       1.66431073E-06
   700.4000       4.24445875E-07       2.71217099E-06       3.62812281E-06       1.66468194E-06
   700.5000       4.24559385E-07       2.71276984E-06       3.62891281E-06       1.66505120E-06
   700.6000       4.24672357E-07       2.71336554E-06       3.62969854E-06       1.66541851E-06
   700.7000       4.24784794E-07       2.71395812E-06       3.63047999E-06       1.66578387E-06
   700.8000       4.24896696E-07       2.71454758E-06       3.63125717E-06       1.66614729E-06
   700.9000       4.25008065E-07       2.71513394E-06       3.63203011E-06       1.66650880E-06
   701.0000       4.25118901E-07       2.71571720E-06       3.63279884E-06       1.66686839E-06
   701.1000       4.25229207E-07       2.71629738E-06       3.63356337E-06       1.66722607E-06
   701.2000       4.25338982E-07       2.71687448E-06       3.63432370E-06       1.66758184E-06
   701.3000       4.25448229E-07       2.71744850E-06       3.63507987E-06       1.66793572E-06
   701.4000       4.25556948E-07       2.71801946E-06       3.63583184E-06       1.66828770E-06
   701.5000       4.25665142E-07       2.71858736E-06       3.63657963E-06       1.66863778E-06
   701.6000       4.25772810E-07       2.71915223E-06       3.63732327E-06       1.66898597E-06
   701.7000       4.25879954E-07       2.71971404E-06       3.63806274E-06       1.66933227E-06
   701.8000       4.25986575E-07       2.72027282E-06       3.63879811E-06       1.66967669E-06
   701.9000       4.26092675E-07       2.72082857E-06       3.63952940E-06       1.67001923E-06
   702.0000       4.26198254E-07       2.72138131E-06       3.64025661E-06       1.67035991E-06
   702.1000       4.26303314E-07       2.72193107E-06       3.64097978E-06       1.67069873E-06
   702.2000       4.26407856E-07       2.72247784E-06       3.64169887E-06       1.67103569E-06
   702.3000       4.26511881E-07       2.72302164E-06       3.64241393E-06       1.67137082E-06
   702.4000       4.26615391E-07       2.72356248E-06       3.64312496E-06       1.67170411E-06
   702.5000       4.26718386E-07       2.72410034E-06       3.64383192E-06       1.67203554E-06
   702.6000       4.26820868E-07       2.72463523E-06       3.64453484E-06       1.67236513E-06
   702.7000       4.26922837E-07       2.72516717E-06       3.64523371E-06       1.67269288E-06
   702.8000       4.27024296E-07       2.72569616E-06       3.64592853E-06       1.67301878E-06
   702.9000       4.27125244E-07       2.72622219E-06       3.64661934E-06       1.67334286E-06
   703.0000       4.27225684E-07       2.72674527E-06       3.64730620E-06       1.67366511E-06
   703.1000       4.27325616E-07       2.72726543E-06       3.64798912E-06       1.67398554E-06
   703.2000       4.27425042E-07       2.72778267E-06       3.64866809E-06       1.67430417E-06
   703.3000       4.27523962E-07       2.72829700E-06       3.64934311E-06       1.67462099E-06
   703.4000       4.27622378E-07       2.72880844E-06       3.65001423E-06       1.67493601E-06
   703.5000       4.27720291E-07       2.72931699E-06       3.65068144E-06       1.67524925E-06
   703.6000       4.27817703E-07       2.72982264E-06       3.65134475E-06       1.67556070E-06
   703.7000       4.27914613E-07       2.73032543E-06       3.65200418E-06       1.67587036E-06
   703.8000       4.28011024E-07       2.73082536E-06       3.65265974E-06       1.67617826E-06
   703.9000       4.28106937E-07       2.73132244E-06       3.65331142E-06       1.67648438E-06
   704.0000       4.28202352E-07       2.73181668E-06       3.65395923E-06       1.67678874E-06
   704.1000       4.28297271E-07       2.73230809E-06       3.65460314E-06       1.67709133E-06
   704.2000       4.28391696E-07       2.73279668E-06       3.65524322E-06       1.67739217E-06
   704.3000       4.28485627E-07       2.73328246E-06       3.65587943E-06       1.67769125E-06
   704.4000       4.28579065E-07       2.73376543E-06       3.65651182E-06       1.67798859E-06
   704.5000       4.28672013E-07       2.73424560E-06       3.65714036E-06       1.67828419E-06
   704.6000       4.28764470E-07       2.73472297E-06       3.65776502E-06       1.67857804E-06
   704.7000       4.28856438E-07       2.73519754E-06       3.65838592E-06       1.67887016E-06
   704.8000       4.28947919E-07       2.73566933E-06       3.65900307E-06       1.67916054E-06
   704.9000       4.29038914E-07       2.73613835E-06       3.65961649E-06       1.67944921E-06
   705.0000       4.29129424E-07       2.73660460E-06       3.66022615E-06       1.67973616E-06
   705.1000       4.29219450E-07       2.73706808E-06       3.66083210E-06       1.68002139E-06
   705.2000       4.29308993E-07       2.73752879E-06       3.66143433E-06       1.68030490E-06
   705.3000       4.29398055E-07       2.73798674E-06       3.66203285E-06       1.68058671E-06
   705.4000       4.29486637E-07       2.73844196E-06       3.66262769E-06       1.68086683E-06
   705.5000       4.29574740E-07       2.73889445E-06       3.66321887E-06       1.68114526E-06
   705.6000       4.29662366E-07       2.73934423E-06       3.66380640E-06       1.68142203E-06
   705.7000       4.29749516E-07       2.73979132E-06       3.66439026E-06       1.68169713E-06
   705.8000       4.29836190E-07       2.74023570E-06       3.66497043E-06       1.68197055E-06
   705.9000       4.29922392E-07       2.74067739E-06       3.66554692E-06       1.68224229E-06
   706.0000       4.30008120E-07       2.74111639E-06       3.66611978E-06       1.68251238E-06
   706.1000       4.30093378E-07       2.74155272E-06       3.66668900E-06       1.68278082E-06
   706.2000       4.30178166E-07       2.74198639E-06       3.66725460E-06       1.68304760E-06
   706.3000       4.30262486E-07       2.74241742E-06       3.66781662E-06       1.68331276E-06
   706.4000       4.30346339E-07       2.74284581E-06       3.66837507E-06       1.68357627E-06
   706.5000       4.30429726E-07       2.74327155E-06       3.66892995E-06       1.68383814E-06
   706.6000       4.30512649E-07       2.74369466E-06       3.66948126E-06       1.68409839E-06
   706.7000       4.30595109E-07       2.74411518E-06       3.67002899E-06       1.68435701E-06
   706.8000       4.30677107E-07       2.74453309E-06       3.67057316E-06       1.68461401E-06
   706.9000       4.30758645E-07       2.74494841E-06       3.67111380E-06       1.68486941E-06
   707.0000       4.30839724E-07       2.74536115E-06       3.67165096E-06       1.68512321E-06
   707.1000       4.30920345E-07       2.74577131E-06       3.67218465E-06       1.68537541E-06
   707.2000       4.31000511E-07       2.74617890E-06       3.67271487E-06       1.68562601E-06
   707.3000       4.31080221E-07       2.74658392E-06       3.67324160E-06       1.68587503E-06
   707.4000       4.31159478E-07       2.74698640E-06       3.67376488E-06       1.68612245E-06
   707.5000       4.31238283E-07       2.74738632E-06       3.67428475E-06       1.68636830E-06
   707.6000       4.31316638E-07       2.74778373E-06       3.67480118E-06       1.68661257E-06
   707.7000       4.31394543E-07       2.74817861E-06       3.67531419E-06       1.68685527E-06
   707.8000       4.31472000E-07       2.74857099E-06       3.67582375E-06       1.68709641E-06
   707.9000       4.31549012E-07       2.74896086E-06       3.67632989E-06       1.68733598E-06
   708.0000       4.31625578E-07       2.74934826E-06       3.67683264E-06       1.68757401E-06
   708.1000       4.31701700E-07       2.74973316E-06       3.67733202E-06       1.68781049E-06
   708.2000       4.31777380E-07       2.75011558E-06       3.67782801E-06       1.68804542E-06
   708.3000       4.31852620E-07       2.75049550E-06       3.67832061E-06       1.68827880E-06
   708.4000       4.31927420E-07       2.75087296E-06       3.67880982E-06       1.68851065E-06
   708.5000       4.32001782E-07       2.75124797E-06       3.67929568E-06       1.68874097E-06
   708.6000       4.32075707E-07       2.75162054E-06       3.67977827E-06       1.68896978E-06
   708.7000       4.32149197E-07       2.75199067E-06       3.68025755E-06       1.68919709E-06
   708.8000       4.32222254E-07       2.75235836E-06       3.68073357E-06       1.68942289E-06
   708.9000       4.32294878E-07       2.75272361E-06       3.68120629E-06       1.68964717E-06
   709.0000       4.32367071E-07       2.75308643E-06       3.68167568E-06       1.68986994E-06
   709.1000       4.32438835E-07       2.75344683E-06       3.68214181E-06       1.69009122E-06
   709.2000       4.32510170E-07       2.75380482E-06       3.68260470E-06       1.69031101E-06
   709.3000       4.32581080E-07       2.75416043E-06       3.68306434E-06       1.69052931E-06
   709.4000       4.32651563E-07       2.75451367E-06       3.68352076E-06       1.69074614E-06
   709.5000       4.32721623E-07       2.75486453E-06       3.68397398E-06       1.69096149E-06
   709.6000       4.32791261E-07       2.75521302E-06       3.68442396E-06       1.69117538E-06
   709.7000       4.32860478E-07       2.75555917E-06       3.68487079E-06       1.69138781E-06
   709.8000       4.32929275E-07       2.75590297E-06       3.68531444E-06       1.69159878E-06
   709.9000       4.32997655E-07       2.75624444E-06       3.68575490E-06       1.69180830E-06
   710.0000       4.33065617E-07       2.75658359E-06       3.68619223E-06       1.69201638E-06
   710.1000       4.33133165E-07       2.75692042E-06       3.68662645E-06       1.69222301E-06
   710.2000       4.33200299E-07       2.75725496E-06       3.68705757E-06       1.69242822E-06
   710.3000       4.33267020E-07       2.75758719E-06       3.68748560E-06       1.69263200E-06
   710.4000       4.33333331E-07       2.75791712E-06       3.68791055E-06       1.69283436E-06
   710.5000       4.33399232E-07       2.75824475E-06       3.68833238E-06       1.69303528E-06
   710.6000       4.33464726E-07       2.75857010E-06       3.68875113E-06       1.69323479E-06
   710.7000       4.33529812E-07       2.75889317E-06       3.68916681E-06       1.69343288E-06
   710.8000       4.33594494E-07       2.75921398E-06       3.68957943E-06       1.69362956E-06
   710.9000       4.33658771E-07       2.75953253E-06       3.68998899E-06       1.69382484E-06
   711.0000       4.33722646E-07       2.75984884E-06       3.69039552E-06       1.69401871E-06
   711.1000       4.33786121E-07       2.76016293E-06       3.69079900E-06       1.69421120E-06
   711.2000       4.33849195E-07       2.76047477E-06       3.69119947E-06       1.69440229E-06
   711.3000       4.33911872E-07       2.76078439E-06       3.69159695E-06       1.69459201E-06
   711.4000       4.33974151E-07       2.76109180E-06       3.69199146E-06       1.69478036E-06
   711.5000       4.34036035E-07       2.76139700E-06       3.69238301E-06       1.69496735E-06
   711.6000       4.34097525E-07       2.76170000E-06       3.69277153E-06       1.69515297E-06
   711.7000       4.34158622E-07       2.76200081E-06       3.69315708E-06       1.69533723E-06
   711.8000       4.34219328E-07       2.76229945E-06       3.69353966E-06       1.69552014E-06
   711.9000       4.34279643E-07       2.76259590E-06       3.69391933E-06       1.69570170E-06
   712.0000       4.34339570E-07       2.76289019E-06       3.69429605E-06       1.69588191E-06
   712.1000       4.34399110E-07       2.76318230E-06       3.69466986E-06       1.69606077E-06
   712.2000       4.34458263E-07       2.76347228E-06       3.69504080E-06       1.69623831E-06
   712.3000       4.34517032E-07       2.76376007E-06       3.69540890E-06       1.69641452E-06
   712.4000       4.34575417E-07       2.76404573E-06       3.69577416E-06       1.69658941E-06
   712.5000       4.34633420E-07       2.76432922E-06       3.69613655E-06       1.69676297E-06
   712.6000       4.34691042E-07       2.76461059E-06       3.69649612E-06       1.69693522E-06
   712.7000       4.34748284E-07       2.76488983E-06       3.69685282E-06       1.69710616E-06
   712.8000       4.34805149E-07       2.76516695E-06       3.69720667E-06       1.69727579E-06
   712.9000       4.34861636E-07       2.76544199E-06       3.69755766E-06       1.69744413E-06
   713.0000       4.34917748E-07       2.76571493E-06       3.69790581E-06       1.69761119E-06
   713.1000       4.34973485E-07       2.76598581E-06       3.69825112E-06       1.69777695E-06
   713.2000       4.35028850E-07       2.76625461E-06       3.69859364E-06       1.69794145E-06
   713.3000       4.35083842E-07       2.76652135E-06       3.69893332E-06       1.69810465E-06
   713.4000       4.35138464E-07       2.76678604E-06       3.69927019E-06       1.69826658E-06
   713.5000       4.35192717E-07       2.76704868E-06       3.69960430E-06       1.69842725E-06
   713.6000       4.35246602E-07       2.76730928E-06       3.69993563E-06       1.69858665E-06
   713.7000       4.35300121E-07       2.76756787E-06       3.70026425E-06       1.69874480E-06
   713.8000       4.35353274E-07       2.76782444E-06       3.70059007E-06       1.69890170E-06
   713.9000       4.35406063E-07       2.76807900E-06       3.70091314E-06       1.69905734E-06
   714.0000       4.35458489E-07       2.76833158E-06       3.70123349E-06       1.69921174E-06
   714.1000       4.35510554E-07       2.76858219E-06       3.70155117E-06       1.69936491E-06
   714.2000       4.35562259E-07       2.76883084E-06       3.70186618E-06       1.69951685E-06
   714.3000       4.35613605E-07       2.76907752E-06       3.70217851E-06       1.69966755E-06
   714.4000       4.35664593E-07       2.76932226E-06       3.70248820E-06       1.69981705E-06
   714.5000       4.35715225E-07       2.76956503E-06       3.70279525E-06       1.69996533E-06
   714.6000       4.35765502E-07       2.76980589E-06       3.70309966E-06       1.70011240E-06
   714.7000       4.35815425E-07       2.77004482E-06       3.70340147E-06       1.70025827E-06
   714.8000       4.35864995E-07       2.77028182E-06       3.70370065E-06       1.70040292E-06
   714.9000       4.35914215E-07       2.77051692E-06       3.70399721E-06       1.70054637E-06
   715.0000       4.35963084E-07       2.77075012E-06       3.70429119E-06       1.70068865E-06
   715.1000       4.36011605E-07       2.77098141E-06       3.70458264E-06       1.70082974E-06
   715.2000       4.36059779E-07       2.77121079E-06       3.70487155E-06       1.70096965E-06
   715.3000       4.36107607E-07       2.77143828E-06       3.70515793E-06       1.70110840E-06
   715.4000       4.36155090E-07       2.77166390E-06       3.70544180E-06       1.70124598E-06
   715.5000       4.36202229E-07       2.77188765E-06       3.70572316E-06       1.70138241E-06
   715.6000       4.36249027E-07       2.77210954E-06       3.70600202E-06       1.70151768E-06
   715.7000       4.36295484E-07       2.77232957E-06       3.70627840E-06       1.70165180E-06
   715.8000       4.36341601E-07       2.77254774E-06       3.70655235E-06       1.70178478E-06
   715.9000       4.36387381E-07       2.77276407E-06       3.70682383E-06       1.70191662E-06
   716.0000       4.36432823E-07       2.77297855E-06       3.70709282E-06       1.70204731E-06
   716.1000       4.36477931E-07       2.77319117E-06       3.70735938E-06       1.70217686E-06
   716.2000       4.36522704E-07       2.77340198E-06       3.70762349E-06       1.70230528E-06
   716.3000       4.36567144E-07       2.77361097E-06       3.70788515E-06       1.70243257E-06
   716.4000       4.36611254E-07       2.77381816E-06       3.70814438E-06       1.70255874E-06
   716.5000       4.36655033E-07       2.77402356E-06       3.70840121E-06       1.70268380E-06
   716.6000       4.36698483E-07       2.77422716E-06       3.70865566E-06       1.70280774E-06
   716.7000       4.36741606E-07       2.77442895E-06       3.70890777E-06       1.70293058E-06
   716.8000       4.36784404E-07       2.77462896E-06       3.70915753E-06       1.70305233E-06
   716.9000       4.36826876E-07       2.77482720E-06       3.70940495E-06       1.70317299E-06
   717.0000       4.36869026E-07       2.77502367E-06       3.70964999E-06       1.70329255E-06
   717.1000       4.36910853E-07       2.77521842E-06       3.70989265E-06       1.70341103E-06
   717.2000       4.36952360E-07       2.77541143E-06       3.71013295E-06       1.70352844E-06
   717.3000       4.36993548E-07       2.77560273E-06       3.71037088E-06       1.70364478E-06
   717.4000       4.37034418E-07       2.77579231E-06       3.71060650E-06       1.70376005E-06
   717.5000       4.37074972E-07       2.77598016E-06       3.71083982E-06       1.70387425E-06
   717.6000       4.37115211E-07       2.77616628E-06       3.71107081E-06       1.70398738E-06
   717.7000       4.37155135E-07       2.77635068E-06       3.71129950E-06       1.70409943E-06
   717.8000       4.37194748E-07       2.77653337E-06       3.71152596E-06       1.70421044E-06
   717.9000       4.37234049E-07       2.77671439E-06       3.71175017E-06       1.70432041E-06
   718.0000       4.37273041E-07       2.77689373E-06       3.71197213E-06       1.70442933E-06
   718.1000       4.37311724E-07       2.77707139E-06       3.71219181E-06       1.70453721E-06
   718.2000       4.37350100E-07       2.77724738E-06       3.71240926E-06       1.70464407E-06
   718.3000       4.37388170E-07       2.77742173E-06       3.71262453E-06       1.70474991E-06
   718.4000       4.37425936E-07       2.77759444E-06       3.71283757E-06       1.70485474E-06
   718.5000       4.37463398E-07       2.77776551E-06       3.71304837E-06       1.70495855E-06
   718.6000       4.37500558E-07       2.77793494E-06       3.71325704E-06       1.70506137E-06
   718.7000       4.37537418E-07       2.77810276E-06       3.71346351E-06       1.70516318E-06
   718.8000       4.37573977E-07       2.77826899E-06       3.71366775E-06       1.70526399E-06
   718.9000       4.37610239E-07       2.77843360E-06       3.71386980E-06       1.70536379E-06
   719.0000       4.37646204E-07       2.77859663E-06       3.71406970E-06       1.70546260E-06
   719.1000       4.37681873E-07       2.77875807E-06       3.71426750E-06       1.70556042E-06
   719.2000       4.37717247E-07       2.77891794E-06       3.71446317E-06       1.70565727E-06
   719.3000       4.37752328E-07       2.77907622E-06       3.71465674E-06       1.70575315E-06
   719.4000       4.37787117E-07       2.77923292E-06       3.71484824E-06       1.70584806E-06
   719.5000       4.37821616E-07       2.77938804E-06       3.71503766E-06       1.70594200E-06
   719.6000       4.37855824E-07       2.77954159E-06       3.71522501E-06       1.70603497E-06
   719.7000       4.37889744E-07       2.77969360E-06       3.71541031E-06       1.70612698E-06
   719.8000       4.37923377E-07       2.77984405E-06       3.71559356E-06       1.70621803E-06
   719.9000       4.37956725E-07       2.77999295E-06       3.71577475E-06       1.70630812E-06
   720.0000       4.37989787E-07       2.78014031E-06       3.71595393E-06       1.70639726E-06
   720.1000       4.38022567E-07       2.78028613E-06       3.71613105E-06       1.70648545E-06
   720.2000       4.38055064E-07       2.78043043E-06       3.71630613E-06       1.70657269E-06
   720.3000       4.38087280E-07       2.78057321E-06       3.71647915E-06       1.70665899E-06
   720.4000       4.38119216E-07       2.78071448E-06       3.71665016E-06       1.70674436E-06
   720.5000       4.38150874E-07       2.78085425E-06       3.71681918E-06       1.70682881E-06
   720.6000       4.38182255E-07       2.78099252E-06       3.71698621E-06       1.70691233E-06
   720.7000       4.38213360E-07       2.78112931E-06       3.71715124E-06       1.70699494E-06
   720.8000       4.38244190E-07       2.78126464E-06       3.71731432E-06       1.70707664E-06
   720.9000       4.38274747E-07       2.78139851E-06       3.71747551E-06       1.70715745E-06
   721.0000       4.38305031E-07       2.78153092E-06       3.71763478E-06       1.70723737E-06
   721.1000       4.38335044E-07       2.78166187E-06       3.71779212E-06       1.70731638E-06
   721.2000       4.38364788E-07       2.78179135E-06       3.71794754E-06       1.70739449E-06
   721.3000       4.38394262E-07       2.78191939E-06       3.71810100E-06       1.70747171E-06
   721.4000       4.38423470E-07       2.78204602E-06       3.71825255E-06       1.70754805E-06
   721.5000       4.38452410E-07       2.78217121E-06       3.71840223E-06       1.70762351E-06
   721.6000       4.38481086E-07       2.78229497E-06       3.71855001E-06       1.70769809E-06
   721.7000       4.38509498E-07       2.78241732E-06       3.71869591E-06       1.70777178E-06
   721.8000       4.38537647E-07       2.78253827E-06       3.71883993E-06       1.70784462E-06
   721.9000       4.38565535E-07       2.78265784E-06       3.71898209E-06       1.70791660E-06
   722.0000       4.38593163E-07       2.78277601E-06       3.71912238E-06       1.70798772E-06
   722.1000       4.38620531E-07       2.78289283E-06       3.71926077E-06       1.70805799E-06
   722.2000       4.38647640E-07       2.78300829E-06       3.71939734E-06       1.70812742E-06
   722.3000       4.38674493E-07       2.78312239E-06       3.71953204E-06       1.70819601E-06
   722.4000       4.38701091E-07       2.78323514E-06       3.71966493E-06       1.70826375E-06
   722.5000       4.38727433E-07       2.78334654E-06       3.71979606E-06       1.70833066E-06
   722.6000       4.38753522E-07       2.78345660E-06       3.71992551E-06       1.70839676E-06
   722.7000       4.38779358E-07       2.78356532E-06       3.72005324E-06       1.70846203E-06
   722.8000       4.38804942E-07       2.78367272E-06       3.72017922E-06       1.70852649E-06
   722.9000       4.38830277E-07       2.78377880E-06       3.72030344E-06       1.70859013E-06
   723.0000       4.38855362E-07       2.78388358E-06       3.72042594E-06       1.70865298E-06
   723.1000       4.38880199E-07       2.78398705E-06       3.72054670E-06       1.70871501E-06
   723.2000       4.38904790E-07       2.78408922E-06       3.72066572E-06       1.70877624E-06
   723.3000       4.38929134E-07       2.78419011E-06       3.72078299E-06       1.70883666E-06
   723.4000       4.38953234E-07       2.78428971E-06       3.72089854E-06       1.70889628E-06
   723.5000       4.38977090E-07       2.78438804E-06       3.72101237E-06       1.70895510E-06
   723.6000       4.39000704E-07       2.78448509E-06       3.72112445E-06       1.70901312E-06
   723.7000       4.39024077E-07       2.78458090E-06       3.72123482E-06       1.70907036E-06
   723.8000       4.39047209E-07       2.78467546E-06       3.72134347E-06       1.70912682E-06
   723.9000       4.39070103E-07       2.78476875E-06       3.72145045E-06       1.70918250E-06
   724.0000       4.39092759E-07       2.78486081E-06       3.72155575E-06       1.70923740E-06
   724.1000       4.39115178E-07       2.78495165E-06       3.72165936E-06       1.70929155E-06
   724.2000       4.39137362E-07       2.78504127E-06       3.72176132E-06       1.70934494E-06
   724.3000       4.39159311E-07       2.78512967E-06       3.72186167E-06       1.70939756E-06
   724.4000       4.39181028E-07       2.78521684E-06       3.72196039E-06       1.70944942E-06
   724.5000       4.39202513E-07       2.78530280E-06       3.72205749E-06       1.70950053E-06
   724.6000       4.39223767E-07       2.78538755E-06       3.72215296E-06       1.70955090E-06
   724.7000       4.39244792E-07       2.78547108E-06       3.72224683E-06       1.70960050E-06
   724.8000       4.39265589E-07       2.78555339E-06       3.72233914E-06       1.70964936E-06
   724.9000       4.39286158E-07       2.78563449E-06       3.72242990E-06       1.70969747E-06
   725.0000       4.39306502E-07       2.78571440E-06       3.72251909E-06       1.70974485E-06
   725.1000       4.39326621E-07       2.78579311E-06       3.72260674E-06       1.70979150E-06
   725.2000       4.39346517E-07       2.78587063E-06       3.72269286E-06       1.70983741E-06
   725.3000       4.39366191E-07       2.78594697E-06       3.72277741E-06       1.70988261E-06
   725.4000       4.39385644E-07       2.78602215E-06       3.72286045E-06       1.70992709E-06
   725.5000       4.39404877E-07       2.78609616E-06       3.72294191E-06       1.70997085E-06
   725.6000       4.39423891E-07       2.78616902E-06       3.72302185E-06       1.71001391E-06
   725.7000       4.39442688E-07       2.78624073E-06       3.72310027E-06       1.71005626E-06
   725.8000       4.39461268E-07       2.78631129E-06       3.72317722E-06       1.71009791E-06
   725.9000       4.39479634E-07       2.78638070E-06       3.72325269E-06       1.71013886E-06
   726.0000       4.39497785E-07       2.78644898E-06       3.72332669E-06       1.71017911E-06
   726.1000       4.39515723E-07       2.78651611E-06       3.72339928E-06       1.71021868E-06
   726.2000       4.39533449E-07       2.78658211E-06       3.72347039E-06       1.71025755E-06
   726.3000       4.39550964E-07       2.78664701E-06       3.72354003E-06       1.71029573E-06
   726.4000       4.39568270E-07       2.78671081E-06       3.72360824E-06       1.71033325E-06
   726.5000       4.39585366E-07       2.78677350E-06       3.72367497E-06       1.71037007E-06
   726.6000       4.39602255E-07       2.78683509E-06       3.72374025E-06       1.71040623E-06
   726.7000       4.39618937E-07       2.78689561E-06       3.72380416E-06       1.71044175E-06
   726.8000       4.39635413E-07       2.78695504E-06       3.72386666E-06       1.71047660E-06
   726.9000       4.39651685E-07       2.78701341E-06       3.72392773E-06       1.71051079E-06
   727.0000       4.39667753E-07       2.78707072E-06       3.72398742E-06       1.71054434E-06
   727.1000       4.39683617E-07       2.78712697E-06       3.72404576E-06       1.71057724E-06
   727.2000       4.39699280E-07       2.78718219E-06       3.72410272E-06       1.71060949E-06
   727.3000       4.39714742E-07       2.78723635E-06       3.72415828E-06       1.71064109E-06
   727.4000       4.39730004E-07       2.78728946E-06       3.72421244E-06       1.71067204E-06
   727.5000       4.39745067E-07       2.78734155E-06       3.72426521E-06       1.71070236E-06
   727.6000       4.39759931E-07       2.78739260E-06       3.72431660E-06       1.71073205E-06
   727.7000       4.39774598E-07       2.78744264E-06       3.72436665E-06       1.71076111E-06
   727.8000       4.39789069E-07       2.78749169E-06       3.72441535E-06       1.71078956E-06
   727.9000       4.39803344E-07       2.78753971E-06       3.72446267E-06       1.71081737E-06
   728.0000       4.39817424E-07       2.78758672E-06       3.72450866E-06       1.71084455E-06
   728.1000       4.39831311E-07       2.78763273E-06       3.72455334E-06       1.71087111E-06
   728.2000       4.39845005E-07       2.78767776E-06       3.72459670E-06       1.71089705E-06
   728.3000       4.39858506E-07       2.78772181E-06       3.72463872E-06       1.71092238E-06
   728.4000       4.39871817E-07       2.78776489E-06       3.72467941E-06       1.71094710E-06
   728.5000       4.39884937E-07       2.78780701E-06       3.72471883E-06       1.71097123E-06
   728.6000       4.39897868E-07       2.78784818E-06       3.72475701E-06       1.71099477E-06
   728.7000       4.39910611E-07       2.78788841E-06       3.72479395E-06       1.71101773E-06
   728.8000       4.39923166E-07       2.78792771E-06       3.72482963E-06       1.71104010E-06
   728.9000       4.39935535E-07       2.78796606E-06       3.72486404E-06       1.71106189E-06
   729.0000       4.39947718E-07       2.78800348E-06       3.72489728E-06       1.71108310E-06
   729.1000       4.39959716E-07       2.78803996E-06       3.72492925E-06       1.71110373E-06
   729.2000       4.39971531E-07       2.78807549E-06       3.72496003E-06       1.71112377E-06
   729.3000       4.39983162E-07       2.78811007E-06       3.72498967E-06       1.71114324E-06
   729.4000       4.39994612E-07       2.78814371E-06       3.72501810E-06       1.71116212E-06
   729.5000       4.40005881E-07       2.78817643E-06       3.72504533E-06       1.71118044E-06
   729.6000       4.40016970E-07       2.78820823E-06       3.72507142E-06       1.71119822E-06
   729.7000       4.40027881E-07       2.78823912E-06       3.72509635E-06       1.71121544E-06
   729.8000       4.40038613E-07       2.78826910E-06       3.72512008E-06       1.71123210E-06
   729.9000       4.40049169E-07       2.78829818E-06       3.72514267E-06       1.71124822E-06
   730.0000       4.40059548E-07       2.78832635E-06       3.72516413E-06       1.71126380E-06
   730.1000       4.40069754E-07       2.78835364E-06       3.72518442E-06       1.71127883E-06
   730.2000       4.40079785E-07       2.78838004E-06       3.72520356E-06       1.71129333E-06
   730.3000       4.40089643E-07       2.78840558E-06       3.72522156E-06       1.71130729E-06
   730.4000       4.40099330E-07       2.78843028E-06       3.72523838E-06       1.71132073E-06
   730.5000       4.40108847E-07       2.78845414E-06       3.72525410E-06       1.71133365E-06
   730.6000       4.40118193E-07       2.78847716E-06       3.72526873E-06       1.71134606E-06
   730.7000       4.40127372E-07       2.78849934E-06       3.72528228E-06       1.71135796E-06
   730.8000       4.40136382E-07       2.78852069E-06       3.72529475E-06       1.71136934E-06
   730.9000       4.40145227E-07       2.78854119E-06       3.72530616E-06       1.71138022E-06
   731.0000       4.40153906E-07       2.78856087E-06       3.72531652E-06       1.71139059E-06
   731.1000       4.40162421E-07       2.78857971E-06       3.72532580E-06       1.71140044E-06
   731.2000       4.40170773E-07       2.78859775E-06       3.72533403E-06       1.71140979E-06
   731.3000       4.40178963E-07       2.78861497E-06       3.72534120E-06       1.71141864E-06
   731.4000       4.40186991E-07       2.78863140E-06       3.72534730E-06       1.71142701E-06
   731.5000       4.40194860E-07       2.78864706E-06       3.72535235E-06       1.71143489E-06
   731.6000       4.40202569E-07       2.78866193E-06       3.72535638E-06       1.71144229E-06
   731.7000       4.40210120E-07       2.78867601E-06       3.72535937E-06       1.71144919E-06
   731.8000       4.40217515E-07       2.78868931E-06       3.72536135E-06       1.71145561E-06
   731.9000       4.40224753E-07       2.78870185E-06       3.72536234E-06       1.71146155E-06
   732.0000       4.40231837E-07       2.78871363E-06       3.72536230E-06       1.71146703E-06
   732.1000       4.40238767E-07       2.78872466E-06       3.72536131E-06       1.71147204E-06
   732.2000       4.40245543E-07       2.78873492E-06       3.72535932E-06       1.71147658E-06
   732.3000       4.40252168E-07       2.78874441E-06       3.72535632E-06       1.71148065E-06
   732.4000       4.40258641E-07       2.78875314E-06       3.72535234E-06       1.71148425E-06
   732.5000       4.40264964E-07       2.78876113E-06       3.72534740E-06       1.71148739E-06
   732.6000       4.40271139E-07       2.78876836E-06       3.72534154E-06       1.71149007E-06
   732.7000       4.40277164E-07       2.78877485E-06       3.72533467E-06       1.71149228E-06
   732.8000       4.40283043E-07       2.78878060E-06       3.72532674E-06       1.71149403E-06
   732.9000       4.40288775E-07       2.78878562E-06       3.72531789E-06       1.71149532E-06
   733.0000       4.40294361E-07       2.78878993E-06       3.72530810E-06       1.71149618E-06
   733.1000       4.40299803E-07       2.78879352E-06       3.72529739E-06       1.71149660E-06
   733.2000       4.40305101E-07       2.78879639E-06       3.72528577E-06       1.71149657E-06
   733.3000       4.40310256E-07       2.78879852E-06       3.72527325E-06       1.71149610E-06
   733.4000       4.40315270E-07       2.78879992E-06       3.72525987E-06       1.71149520E-06
   733.5000       4.40320142E-07       2.78880061E-06       3.72524562E-06       1.71149386E-06
   733.6000       4.40324873E-07       2.78880059E-06       3.72523048E-06       1.71149209E-06
   733.7000       4.40329466E-07       2.78879988E-06       3.72521439E-06       1.71148990E-06
   733.8000       4.40333920E-07       2.78879848E-06       3.72519738E-06       1.71148730E-06
   733.9000       4.40338236E-07       2.78879640E-06       3.72517948E-06       1.71148427E-06
   734.0000       4.40342416E-07       2.78879364E-06       3.72516073E-06       1.71148085E-06
   734.1000       4.40346459E-07       2.78879018E-06       3.72514110E-06       1.71147700E-06
   734.2000       4.40350368E-07       2.78878602E-06       3.72512061E-06       1.71147274E-06
   734.3000       4.40354143E-07       2.78878119E-06       3.72509932E-06       1.71146807E-06
   734.4000       4.40357784E-07       2.78877569E-06       3.72507717E-06       1.71146300E-06
   734.5000       4.40361292E-07       2.78876953E-06       3.72505418E-06       1.71145753E-06
   734.6000       4.40364669E-07       2.78876273E-06       3.72503037E-06       1.71145167E-06
   734.7000       4.40367915E-07       2.78875529E-06       3.72500574E-06       1.71144543E-06
   734.8000       4.40371031E-07       2.78874720E-06       3.72498031E-06       1.71143879E-06
   734.9000       4.40374018E-07       2.78873847E-06       3.72495403E-06       1.71143176E-06
   735.0000       4.40376877E-07       2.78872912E-06       3.72492693E-06       1.71142433E-06
   735.1000       4.40379608E-07       2.78871915E-06       3.72489898E-06       1.71141653E-06
   735.2000       4.40382213E-07       2.78870858E-06       3.72487025E-06       1.71140835E-06
   735.3000       4.40384691E-07       2.78869739E-06       3.72484075E-06       1.71139979E-06
   735.4000       4.40387045E-07       2.78868560E-06       3.72481048E-06       1.71139086E-06
   735.5000       4.40389274E-07       2.78867322E-06       3.72477946E-06       1.71138157E-06
   735.6000       4.40391380E-07       2.78866026E-06       3.72474770E-06       1.71137192E-06
   735.7000       4.40393363E-07       2.78864670E-06       3.72471519E-06       1.71136191E-06
   735.8000       4.40395224E-07       2.78863256E-06       3.72468189E-06       1.71135154E-06
   735.9000       4.40396964E-07       2.78861785E-06       3.72464782E-06       1.71134080E-06
   736.0000       4.40398583E-07       2.78860256E-06       3.72461304E-06       1.71132970E-06
   736.1000       4.40400083E-07       2.78858669E-06       3.72457746E-06       1.71131824E-06
   736.2000       4.40401464E-07       2.78857025E-06       3.72454109E-06       1.71130641E-06
   736.3000       4.40402726E-07       2.78855324E-06       3.72450398E-06       1.71129422E-06
   736.4000       4.40403871E-07       2.78853567E-06       3.72446616E-06       1.71128169E-06
   736.5000       4.40404900E-07       2.78851755E-06       3.72442764E-06       1.71126882E-06
   736.6000       4.40405812E-07       2.78849888E-06       3.72438839E-06       1.71125561E-06
   736.7000       4.40406609E-07       2.78847968E-06       3.72434840E-06       1.71124207E-06
   736.8000       4.40407292E-07       2.78845998E-06       3.72430767E-06       1.71122819E-06
   736.9000       4.40407861E-07       2.78843973E-06       3.72426622E-06       1.71121398E-06
   737.0000       4.40408317E-07       2.78841897E-06       3.72422411E-06       1.71119946E-06
   737.1000       4.40408661E-07       2.78839771E-06       3.72418132E-06       1.71118462E-06
   737.2000       4.40408894E-07       2.78837590E-06       3.72413786E-06       1.71116945E-06
   737.3000       4.40409016E-07       2.78835359E-06       3.72409378E-06       1.71115397E-06
   737.4000       4.40409028E-07       2.78833076E-06       3.72404904E-06       1.71113817E-06
   737.5000       4.40408931E-07       2.78830743E-06       3.72400365E-06       1.71112206E-06
   737.6000       4.40408725E-07       2.78828360E-06       3.72395759E-06       1.71110565E-06
   737.7000       4.40408412E-07       2.78825926E-06       3.72391084E-06       1.71108890E-06
   737.8000       4.40407993E-07       2.78823441E-06       3.72386342E-06       1.71107184E-06
   737.9000       4.40407468E-07       2.78820908E-06       3.72381534E-06       1.71105448E-06
   738.0000       4.40406838E-07       2.78818326E-06       3.72376657E-06       1.71103682E-06
   738.1000       4.40406103E-07       2.78815694E-06       3.72371717E-06       1.71101885E-06
   738.2000       4.40405265E-07       2.78813012E-06       3.72366716E-06       1.71100059E-06
   738.3000       4.40404325E-07       2.78810282E-06       3.72361657E-06       1.71098203E-06
   738.4000       4.40403283E-07       2.78807506E-06       3.72356535E-06       1.71096318E-06
   738.5000       4.40402140E-07       2.78804682E-06       3.72351358E-06       1.71094405E-06
   738.6000       4.40400898E-07       2.78801810E-06       3.72346127E-06       1.71092463E-06
   738.7000       4.40399556E-07       2.78798892E-06       3.72340843E-06       1.71090494E-06
   738.8000       4.40398116E-07       2.78795928E-06       3.72335503E-06       1.71088498E-06
   738.9000       4.40396579E-07       2.78792918E-06       3.72330115E-06       1.71086475E-06
   739.0000       4.40394946E-07       2.78789865E-06       3.72324676E-06       1.71084427E-06
   739.1000       4.40393217E-07       2.78786770E-06       3.72319185E-06       1.71082353E-06
   739.2000       4.40391393E-07       2.78783632E-06       3.72313641E-06       1.71080254E-06
   739.3000       4.40389475E-07       2.78780450E-06       3.72308043E-06       1.71078127E-06
   739.4000       4.40387464E-07       2.78777227E-06       3.72302384E-06       1.71075974E-06
   739.5000       4.40385361E-07       2.78773960E-06       3.72296671E-06       1.71073795E-06
   739.6000       4.40383166E-07       2.78770651E-06       3.72290903E-06       1.71071590E-06
   739.7000       4.40380881E-07       2.78767300E-06       3.72285083E-06       1.71069360E-06
   739.8000       4.40378506E-07       2.78763908E-06       3.72279208E-06       1.71067103E-06
   739.9000       4.40376041E-07       2.78760476E-06       3.72273285E-06       1.71064823E-06
   740.0000       4.40373488E-07       2.78757001E-06       3.72267309E-06       1.71062517E-06
   740.1000       4.40370848E-07       2.78753484E-06       3.72261281E-06       1.71060186E-06
   740.2000       4.40368120E-07       2.78749929E-06       3.72255199E-06       1.71057830E-06
   740.3000       4.40365307E-07       2.78746334E-06       3.72249067E-06       1.71055450E-06
   740.4000       4.40362407E-07       2.78742699E-06       3.72242888E-06       1.71053046E-06
   740.5000       4.40359423E-07       2.78739026E-06       3.72236659E-06       1.71050619E-06
   740.6000       4.40356355E-07       2.78735313E-06       3.72230379E-06       1.71048166E-06
   740.7000       4.40353203E-07       2.78731561E-06       3.72224049E-06       1.71045689E-06
   740.8000       4.40349968E-07       2.78727772E-06       3.72217675E-06       1.71043190E-06
   740.9000       4.40346651E-07       2.78723946E-06       3.72211254E-06       1.71040668E-06
   741.0000       4.40343252E-07       2.78720084E-06       3.72204788E-06       1.71038124E-06
   741.1000       4.40339772E-07       2.78716186E-06       3.72198279E-06       1.71035558E-06
   741.2000       4.40336211E-07       2.78712252E-06       3.72191729E-06       1.71032971E-06
   741.3000       4.40332571E-07       2.78708282E-06       3.72185137E-06       1.71030362E-06
   741.4000       4.40328851E-07       2.78704276E-06       3.72178502E-06       1.71027731E-06
   741.5000       4.40325053E-07       2.78700234E-06       3.72171826E-06       1.71025078E-06
   741.6000       4.40321177E-07       2.78696157E-06       3.72165109E-06       1.71022403E-06
   741.7000       4.40317223E-07       2.78692043E-06       3.72158349E-06       1.71019707E-06
   741.8000       4.40313193E-07       2.78687895E-06       3.72151546E-06       1.71016988E-06
   741.9000       4.40309086E-07       2.78683713E-06       3.72144700E-06       1.71014250E-06
   742.0000       4.40304904E-07       2.78679499E-06       3.72137815E-06       1.71011492E-06
   742.1000       4.40300647E-07       2.78675249E-06       3.72130887E-06       1.71008714E-06
   742.2000       4.40296315E-07       2.78670965E-06       3.72123913E-06       1.71005914E-06
   742.3000       4.40291910E-07       2.78666649E-06       3.72116893E-06       1.71003095E-06
   742.4000       4.40287431E-07       2.78662301E-06       3.72109829E-06       1.71000257E-06
   742.5000       4.40282881E-07       2.78657922E-06       3.72102728E-06       1.70997399E-06
   742.6000       4.40278258E-07       2.78653510E-06       3.72095589E-06       1.70994522E-06
   742.7000       4.40273564E-07       2.78649067E-06       3.72088411E-06       1.70991626E-06
   742.8000       4.40268799E-07       2.78644595E-06       3.72081199E-06       1.70988714E-06
   742.9000       4.40263964E-07       2.78640093E-06       3.72073947E-06       1.70985783E-06
   743.0000       4.40259060E-07       2.78635559E-06       3.72066653E-06       1.70982832E-06
   743.1000       4.40254088E-07       2.78630994E-06       3.72059323E-06       1.70979864E-06
   743.2000       4.40249046E-07       2.78626396E-06       3.72051956E-06       1.70976877E-06
   743.3000       4.40243938E-07       2.78621767E-06       3.72044554E-06       1.70973872E-06
   743.4000       4.40238762E-07       2.78617108E-06       3.72037119E-06       1.70970850E-06
   743.5000       4.40233520E-07       2.78612421E-06       3.72029654E-06       1.70967813E-06
   743.6000       4.40228213E-07       2.78607706E-06       3.72022155E-06       1.70964758E-06
   743.7000       4.40222840E-07       2.78602962E-06       3.72014622E-06       1.70961686E-06
   743.8000       4.40217403E-07       2.78598190E-06       3.72007052E-06       1.70958597E-06
   743.9000       4.40211901E-07       2.78593389E-06       3.71999447E-06       1.70955488E-06
   744.0000       4.40206336E-07       2.78588561E-06       3.71991808E-06       1.70952362E-06
   744.1000       4.40200708E-07       2.78583707E-06       3.71984139E-06       1.70949221E-06
   744.2000       4.40195018E-07       2.78578828E-06       3.71976442E-06       1.70946064E-06
   744.3000       4.40189266E-07       2.78573920E-06       3.71968713E-06       1.70942891E-06
   744.4000       4.40183452E-07       2.78568989E-06       3.71960954E-06       1.70939703E-06
   744.5000       4.40177577E-07       2.78564034E-06       3.71953171E-06       1.70936501E-06
   744.6000       4.40171642E-07       2.78559055E-06       3.71945355E-06       1.70933284E-06
   744.7000       4.40165647E-07       2.78554051E-06       3.71937509E-06       1.70930051E-06
   744.8000       4.40159592E-07       2.78549023E-06       3.71929633E-06       1.70926805E-06
   744.9000       4.40153478E-07       2.78543972E-06       3.71921725E-06       1.70923543E-06
   745.0000       4.40147306E-07       2.78538896E-06       3.71913789E-06       1.70920268E-06
   745.1000       4.40141076E-07       2.78533799E-06       3.71905826E-06       1.70916978E-06
   745.2000       4.40134787E-07       2.78528677E-06       3.71897842E-06       1.70913675E-06
   745.3000       4.40128442E-07       2.78523533E-06       3.71889830E-06       1.70910359E-06
   745.4000       4.40122040E-07       2.78518370E-06       3.71881792E-06       1.70907032E-06
   745.5000       4.40115582E-07       2.78513184E-06       3.71873729E-06       1.70903692E-06
   745.6000       4.40109068E-07       2.78507977E-06       3.71865642E-06       1.70900338E-06
   745.7000       4.40102499E-07       2.78502750E-06       3.71857534E-06       1.70896971E-06
   745.8000       4.40095875E-07       2.78497504E-06       3.71849400E-06       1.70893592E-06
   745.9000       4.40089197E-07       2.78492238E-06       3.71841237E-06       1.70890200E-06
   746.0000       4.40082465E-07       2.78486953E-06       3.71833043E-06       1.70886795E-06
   746.1000       4.40075680E-07       2.78481647E-06       3.71824827E-06       1.70883378E-06
   746.2000       4.40068842E-07       2.78476323E-06       3.71816585E-06       1.70879951E-06
   746.3000       4.40061952E-07       2.78470978E-06       3.71808319E-06       1.70876509E-06
   746.4000       4.40055010E-07       2.78465612E-06       3.71800035E-06       1.70873056E-06
   746.5000       4.40048018E-07       2.78460228E-06       3.71791727E-06       1.70869591E-06
   746.6000       4.40040975E-07       2.78454824E-06       3.71783395E-06       1.70866114E-06
   746.7000       4.40033882E-07       2.78449400E-06       3.71775039E-06       1.70862625E-06
   746.8000       4.40026740E-07       2.78443957E-06       3.71766654E-06       1.70859122E-06
   746.9000       4.40019549E-07       2.78438495E-06       3.71758248E-06       1.70855607E-06
   747.0000       4.40012311E-07       2.78433015E-06       3.71749819E-06       1.70852081E-06
   747.1000       4.40005025E-07       2.78427518E-06       3.71741367E-06       1.70848544E-06
   747.2000       4.39997693E-07       2.78422004E-06       3.71732893E-06       1.70844997E-06
   747.3000       4.39990314E-07       2.78416471E-06       3.71724396E-06       1.70841438E-06
   747.4000       4.39982890E-07       2.78410919E-06       3.71715881E-06       1.70837869E-06
   747.5000       4.39975422E-07       2.78405350E-06       3.71707352E-06       1.70834291E-06
   747.6000       4.39967909E-07       2.78399764E-06       3.71698803E-06       1.70830703E-06
   747.7000       4.39960352E-07       2.78394162E-06       3.71690236E-06       1.70827106E-06
   747.8000       4.39952753E-07       2.78388544E-06       3.71681651E-06       1.70823501E-06
   747.9000       4.39945111E-07       2.78382910E-06       3.71673049E-06       1.70819885E-06
   748.0000       4.39937428E-07       2.78377259E-06       3.71664433E-06       1.70816263E-06
   748.1000       4.39929704E-07       2.78371593E-06       3.71655803E-06       1.70812632E-06
   748.2000       4.39921938E-07       2.78365912E-06       3.71647160E-06       1.70808993E-06
   748.3000       4.39914133E-07       2.78360215E-06       3.71638504E-06       1.70805345E-06
   748.4000       4.39906289E-07       2.78354506E-06       3.71629829E-06       1.70801688E-06
   748.5000       4.39898405E-07       2.78348783E-06       3.71621140E-06       1.70798024E-06
   748.6000       4.39890483E-07       2.78343048E-06       3.71612436E-06       1.70794351E-06
   748.7000       4.39882523E-07       2.78337299E-06       3.71603721E-06       1.70790671E-06
   748.8000       4.39874526E-07       2.78331536E-06       3.71594994E-06       1.70786983E-06
   748.9000       4.39866491E-07       2.78325761E-06       3.71586258E-06       1.70783288E-06
   749.0000       4.39858420E-07       2.78319972E-06       3.71577507E-06       1.70779585E-06
   749.1000       4.39850312E-07       2.78314169E-06       3.71568737E-06       1.70775872E-06
   749.2000       4.39842169E-07       2.78308351E-06       3.71559957E-06       1.70772151E-06
   749.3000       4.39833991E-07       2.78302520E-06       3.71551170E-06       1.70768424E-06
   749.4000       4.39825777E-07       2.78296677E-06       3.71542373E-06       1.70764690E-06
   749.5000       4.39817529E-07       2.78290822E-06       3.71533562E-06       1.70760949E-06
   749.6000       4.39809246E-07       2.78284954E-06       3.71524742E-06       1.70757201E-06
   749.7000       4.39800929E-07       2.78279076E-06       3.71515910E-06       1.70753448E-06
   749.8000       4.39792579E-07       2.78273186E-06       3.71507068E-06       1.70749688E-06
   749.9000       4.39784195E-07       2.78267283E-06       3.71498213E-06       1.70745921E-06
   750.0000       4.39775778E-07       2.78261369E-06       3.71489342E-06       1.70742146E-06
   750.1000       4.39767329E-07       2.78255443E-06       3.71480459E-06       1.70738365E-06
   750.2000       4.39758847E-07       2.78249507E-06       3.71471565E-06       1.70734577E-06
   750.3000       4.39750334E-07       2.78243560E-06       3.71462658E-06       1.70730783E-06
   750.4000       4.39741788E-07       2.78237603E-06       3.71453744E-06       1.70726984E-06
   750.5000       4.39733211E-07       2.78231638E-06       3.71444820E-06       1.70723181E-06
   750.6000       4.39724603E-07       2.78225663E-06       3.71435884E-06       1.70719371E-06
   750.7000       4.39715965E-07       2.78219680E-06       3.71426943E-06       1.70715557E-06
   750.8000       4.39707296E-07       2.78213689E-06       3.71417995E-06       1.70711740E-06
   750.9000       4.39698597E-07       2.78207689E-06       3.71409037E-06       1.70707918E-06
   751.0000       4.39689869E-07       2.78201680E-06       3.71400071E-06       1.70704090E-06
   751.1000       4.39681111E-07       2.78195665E-06       3.71391092E-06       1.70700256E-06
   751.2000       4.39672325E-07       2.78189642E-06       3.71382103E-06       1.70696417E-06
   751.3000       4.39663510E-07       2.78183614E-06       3.71373106E-06       1.70692574E-06
   751.4000       4.39654667E-07       2.78177579E-06       3.71364102E-06       1.70688728E-06
   751.5000       4.39645797E-07       2.78171534E-06       3.71355090E-06       1.70684877E-06
   751.6000       4.39636899E-07       2.78165483E-06       3.71346072E-06       1.70681022E-06
   751.7000       4.39627974E-07       2.78159424E-06       3.71337050E-06       1.70677164E-06
   751.8000       4.39619023E-07       2.78153357E-06       3.71328023E-06       1.70673302E-06
   751.9000       4.39610046E-07       2.78147282E-06       3.71318990E-06       1.70669435E-06
   752.0000       4.39601044E-07       2.78141202E-06       3.71309953E-06       1.70665566E-06
   752.1000       4.39592017E-07       2.78135117E-06       3.71300914E-06       1.70661692E-06
   752.2000       4.39582964E-07       2.78129025E-06       3.71291868E-06       1.70657813E-06
   752.3000       4.39573888E-07       2.78122927E-06       3.71282812E-06       1.70653930E-06
   752.4000       4.39564788E-07       2.78116827E-06       3.71273744E-06       1.70650045E-06
   752.5000       4.39555664E-07       2.78110722E-06       3.71264667E-06       1.70646156E-06
   752.6000       4.39546517E-07       2.78104611E-06       3.71255585E-06       1.70642264E-06
   752.7000       4.39537348E-07       2.78098494E-06       3.71246498E-06       1.70638369E-06
   752.8000       4.39528157E-07       2.78092374E-06       3.71237408E-06       1.70634472E-06
   752.9000       4.39518944E-07       2.78086249E-06       3.71228313E-06       1.70630572E-06
   753.0000       4.39509709E-07       2.78080121E-06       3.71219214E-06       1.70626669E-06
   753.1000       4.39500454E-07       2.78073988E-06       3.71210112E-06       1.70622764E-06
   753.2000       4.39491178E-07       2.78067852E-06       3.71201010E-06       1.70618858E-06
   753.3000       4.39481882E-07       2.78061715E-06       3.71191908E-06       1.70614951E-06
   753.4000       4.39472566E-07       2.78055576E-06       3.71182807E-06       1.70611043E-06
   753.5000       4.39463230E-07       2.78049435E-06       3.71173705E-06       1.70607133E-06
   753.6000       4.39453876E-07       2.78043292E-06       3.71164604E-06       1.70603224E-06
   753.7000       4.39444502E-07       2.78037147E-06       3.71155508E-06       1.70599313E-06
   753.8000       4.39435111E-07       2.78030996E-06       3.71146414E-06       1.70595401E-06
   753.9000       4.39425701E-07       2.78024841E-06       3.71137319E-06       1.70591486E-06
   754.0000       4.39416273E-07       2.78018683E-06       3.71128227E-06       1.70587571E-06
   754.1000       4.39406829E-07       2.78012522E-06       3.71119136E-06       1.70583653E-06
   754.2000       4.39397367E-07       2.78006358E-06       3.71110045E-06       1.70579734E-06
   754.3000       4.39387888E-07       2.78000190E-06       3.71100951E-06       1.70575811E-06
   754.4000       4.39378394E-07       2.77994020E-06       3.71091854E-06       1.70571888E-06
   754.5000       4.39368883E-07       2.77987850E-06       3.71082757E-06       1.70567964E-06
   754.6000       4.39359357E-07       2.77981677E-06       3.71073664E-06       1.70564039E-06
   754.7000       4.39349815E-07       2.77975502E-06       3.71064578E-06       1.70560114E-06
   754.8000       4.39340259E-07       2.77969322E-06       3.71055497E-06       1.70556186E-06
   754.9000       4.39330688E-07       2.77963140E-06       3.71046414E-06       1.70552255E-06
   755.0000       4.39321102E-07       2.77956956E-06       3.71037335E-06       1.70548325E-06
   755.1000       4.39311503E-07       2.77950770E-06       3.71028263E-06       1.70544395E-06
   755.2000       4.39301890E-07       2.77944583E-06       3.71019196E-06       1.70540466E-06
   755.3000       4.39292263E-07       2.77938394E-06       3.71010129E-06       1.70536538E-06
   755.4000       4.39282624E-07       2.77932205E-06       3.71001064E-06       1.70532609E-06
   755.5000       4.39272972E-07       2.77926013E-06       3.70992002E-06       1.70528680E-06
   755.6000       4.39263307E-07       2.77919820E-06       3.70982944E-06       1.70524752E-06
   755.7000       4.39253630E-07       2.77913627E-06       3.70973891E-06       1.70520827E-06
   755.8000       4.39243942E-07       2.77907437E-06       3.70964844E-06       1.70516904E-06
   755.9000       4.39234242E-07       2.77901248E-06       3.70955805E-06       1.70512983E-06
   756.0000       4.39224530E-07       2.77895059E-06       3.70946771E-06       1.70509064E-06
   756.1000       4.39214808E-07       2.77888869E-06       3.70937740E-06       1.70505144E-06
   756.2000       4.39205075E-07       2.77882679E-06       3.70928712E-06       1.70501225E-06
   756.3000       4.39195331E-07       2.77876489E-06       3.70919684E-06       1.70497306E-06
   756.4000       4.39185578E-07       2.77870299E-06       3.70910657E-06       1.70493386E-06
   756.5000       4.39175814E-07       2.77864111E-06       3.70901634E-06       1.70489467E-06
   756.6000       4.39166041E-07       2.77857926E-06       3.70892617E-06       1.70485550E-06
   756.7000       4.39156258E-07       2.77851744E-06       3.70883604E-06       1.70481635E-06
   756.8000       4.39146466E-07       2.77845567E-06       3.70874597E-06       1.70477722E-06
   756.9000       4.39136665E-07       2.77839392E-06       3.70865598E-06       1.70473811E-06
   757.0000       4.39126856E-07       2.77833219E-06       3.70856604E-06       1.70469902E-06
   757.1000       4.39117037E-07       2.77827051E-06       3.70847617E-06       1.70465994E-06
   757.2000       4.39107211E-07       2.77820885E-06       3.70838635E-06       1.70462089E-06
   757.3000       4.39097377E-07       2.77814724E-06       3.70829661E-06       1.70458186E-06
   757.4000       4.39087535E-07       2.77808566E-06       3.70820693E-06       1.70454286E-06
   757.5000       4.39077685E-07       2.77802414E-06       3.70811733E-06       1.70450389E-06
   757.6000       4.39067828E-07       2.77796266E-06       3.70802784E-06       1.70446495E-06
   757.7000       4.39057964E-07       2.77790122E-06       3.70793843E-06       1.70442604E-06
   757.8000       4.39048094E-07       2.77783981E-06       3.70784912E-06       1.70438716E-06
   757.9000       4.39038216E-07       2.77777843E-06       3.70775988E-06       1.70434830E-06
   758.0000       4.39028333E-07       2.77771709E-06       3.70767074E-06       1.70430948E-06
   758.1000       4.39018443E-07       2.77765580E-06       3.70758165E-06       1.70427067E-06
   758.2000       4.39008548E-07       2.77759457E-06       3.70749259E-06       1.70423188E-06
   758.3000       4.38998648E-07       2.77753341E-06       3.70740362E-06       1.70419314E-06
   758.4000       4.38988742E-07       2.77747231E-06       3.70731471E-06       1.70415442E-06
   758.5000       4.38978832E-07       2.77741127E-06       3.70722588E-06       1.70411574E-06
   758.6000       4.38968917E-07       2.77735027E-06       3.70713716E-06       1.70407708E-06
   758.7000       4.38958998E-07       2.77728932E-06       3.70704854E-06       1.70403846E-06
   758.8000       4.38949076E-07       2.77722844E-06       3.70696001E-06       1.70399987E-06
   758.9000       4.38939150E-07       2.77716763E-06       3.70687157E-06       1.70396132E-06
   759.0000       4.38929221E-07       2.77710687E-06       3.70678324E-06       1.70392282E-06
   759.1000       4.38919289E-07       2.77704620E-06       3.70669501E-06       1.70388437E-06
   759.2000       4.38909354E-07       2.77698560E-06       3.70660687E-06       1.70384596E-06
   759.3000       4.38899418E-07       2.77692504E-06       3.70651887E-06       1.70380757E-06
   759.4000       4.38889480E-07       2.77686455E-06       3.70643099E-06       1.70376924E-06
   759.5000       4.38879541E-07       2.77680412E-06       3.70634324E-06       1.70373094E-06
   759.6000       4.38869600E-07       2.77674376E-06       3.70625561E-06       1.70369269E-06
   759.7000       4.38859659E-07       2.77668346E-06       3.70616810E-06       1.70365447E-06
   759.8000       4.38849718E-07       2.77662320E-06       3.70608073E-06       1.70361629E-06
   759.9000       4.38839776E-07       2.77656299E-06       3.70599350E-06       1.70357815E-06
   760.0000       4.38829836E-07       2.77650285E-06       3.70590642E-06       1.70354006E-06
   760.1000       4.38819895E-07       2.77644277E-06       3.70581949E-06       1.70350202E-06
   760.2000       4.38809956E-07       2.77638276E-06       3.70573270E-06       1.70346402E-06
   760.3000       4.38800019E-07       2.77632280E-06       3.70564608E-06       1.70342608E-06
   760.4000       4.38790083E-07       2.77626289E-06       3.70555964E-06       1.70338818E-06
   760.5000       4.38780149E-07       2.77620304E-06       3.70547331E-06       1.70335033E-06
   760.6000       4.38770217E-07       2.77614325E-06       3.70538710E-06       1.70331252E-06
   760.7000       4.38760289E-07       2.77608353E-06       3.70530102E-06       1.70327476E-06
   760.8000       4.38750363E-07       2.77602385E-06       3.70521504E-06       1.70323704E-06
   760.9000       4.38740440E-07       2.77596425E-06       3.70512918E-06       1.70319936E-06
   761.0000       4.38730521E-07       2.77590471E-06       3.70504347E-06       1.70316174E-06
   761.1000       4.38720605E-07       2.77584524E-06       3.70495791E-06       1.70312418E-06
   761.2000       4.38710694E-07       2.77578583E-06       3.70487249E-06       1.70308666E-06
   761.3000       4.38700786E-07       2.77572647E-06       3.70478725E-06       1.70304920E-06
   761.4000       4.38690883E-07       2.77566720E-06       3.70470216E-06       1.70301180E-06
   761.5000       4.38680985E-07       2.77560800E-06       3.70461719E-06       1.70297447E-06
   761.6000       4.38671091E-07       2.77554887E-06       3.70453236E-06       1.70293719E-06
   761.7000       4.38661203E-07       2.77548982E-06       3.70444763E-06       1.70289997E-06
   761.8000       4.38651319E-07       2.77543086E-06       3.70436304E-06       1.70286281E-06
   761.9000       4.38641441E-07       2.77537199E-06       3.70427859E-06       1.70282570E-06
   762.0000       4.38631569E-07       2.77531321E-06       3.70419430E-06       1.70278867E-06
   762.1000       4.38621701E-07       2.77525451E-06       3.70411015E-06       1.70275168E-06
   762.2000       4.38611840E-07       2.77519590E-06       3.70402615E-06       1.70271477E-06
   762.3000       4.38601984E-07       2.77513739E-06       3.70394234E-06       1.70267792E-06
   762.4000       4.38592134E-07       2.77507897E-06       3.70385868E-06       1.70264113E-06
   762.5000       4.38582291E-07       2.77502067E-06       3.70377516E-06       1.70260440E-06
   762.6000       4.38572453E-07       2.77496249E-06       3.70369178E-06       1.70256774E-06
   762.7000       4.38562622E-07       2.77490443E-06       3.70360854E-06       1.70253115E-06
   762.8000       4.38552797E-07       2.77484645E-06       3.70352544E-06       1.70249461E-06
   762.9000       4.38542978E-07       2.77478860E-06       3.70344250E-06       1.70245813E-06
   763.0000       4.38533166E-07       2.77473086E-06       3.70335972E-06       1.70242171E-06
   763.1000       4.38523360E-07       2.77467322E-06       3.70327707E-06       1.70238534E-06
   763.2000       4.38513560E-07       2.77461569E-06       3.70319458E-06       1.70234905E-06
   763.3000       4.38503768E-07       2.77455828E-06       3.70311224E-06       1.70231284E-06
   763.4000       4.38493982E-07       2.77450097E-06       3.70303005E-06       1.70227668E-06
   763.5000       4.38484202E-07       2.77444377E-06       3.70294802E-06       1.70224059E-06
   763.6000       4.38474430E-07       2.77438669E-06       3.70286620E-06       1.70220457E-06
   763.7000       4.38464665E-07       2.77432972E-06       3.70278456E-06       1.70216863E-06
   763.8000       4.38454907E-07       2.77427286E-06       3.70270310E-06       1.70213276E-06
   763.9000       4.38445155E-07       2.77421611E-06       3.70262182E-06       1.70209695E-06
   764.0000       4.38435412E-07       2.77415944E-06       3.70254075E-06       1.70206120E-06
   764.1000       4.38425676E-07       2.77410287E-06       3.70245984E-06       1.70202550E-06
   764.2000       4.38415947E-07       2.77404639E-06       3.70237904E-06       1.70198986E-06
   764.3000       4.38406226E-07       2.77399001E-06       3.70229843E-06       1.70195428E-06
   764.4000       4.38396514E-07       2.77393374E-06       3.70221804E-06       1.70191879E-06
   764.5000       4.38386809E-07       2.77387757E-06       3.70213785E-06       1.70188337E-06
   764.6000       4.38377113E-07       2.77382153E-06       3.70205781E-06       1.70184802E-06
   764.7000       4.38367426E-07       2.77376557E-06       3.70197795E-06       1.70181273E-06
   764.8000       4.38357747E-07       2.77370975E-06       3.70189827E-06       1.70177753E-06
   764.9000       4.38348077E-07       2.77365405E-06       3.70181875E-06       1.70174239E-06
   765.0000       4.38338417E-07       2.77359845E-06       3.70173941E-06       1.70170732E-06
   765.1000       4.38328767E-07       2.77354296E-06       3.70166024E-06       1.70167232E-06
   765.2000       4.38319126E-07       2.77348756E-06       3.70158130E-06       1.70163740E-06
   765.3000       4.38309496E-07       2.77343228E-06       3.70150259E-06       1.70160257E-06
   765.4000       4.38299876E-07       2.77337713E-06       3.70142412E-06       1.70156783E-06
   765.5000       4.38290267E-07       2.77332209E-06       3.70134578E-06       1.70153317E-06
   765.6000       4.38280669E-07       2.77326718E-06       3.70126761E-06       1.70149858E-06
   765.7000       4.38271082E-07       2.77321240E-06       3.70118964E-06       1.70146408E-06
   765.8000       4.38261506E-07       2.77315776E-06       3.70111188E-06       1.70142966E-06
   765.9000       4.38251943E-07       2.77310324E-06       3.70103432E-06       1.70139533E-06
   766.0000       4.38242391E-07       2.77304882E-06       3.70095695E-06       1.70136106E-06
   766.1000       4.38232852E-07       2.77299455E-06       3.70087974E-06       1.70132689E-06
   766.2000       4.38223325E-07       2.77294040E-06       3.70080272E-06       1.70129280E-06
   766.3000       4.38213810E-07       2.77288637E-06       3.70072593E-06       1.70125879E-06
   766.4000       4.38204309E-07       2.77283249E-06       3.70064939E-06       1.70122489E-06
   766.5000       4.38194821E-07       2.77277874E-06       3.70057303E-06       1.70119106E-06
   766.6000       4.38185346E-07       2.77272515E-06       3.70049690E-06       1.70115733E-06
   766.7000       4.38175885E-07       2.77267168E-06       3.70042099E-06       1.70112368E-06
   766.8000       4.38166437E-07       2.77261833E-06       3.70034526E-06       1.70109011E-06
   766.9000       4.38157003E-07       2.77256512E-06       3.70026976E-06       1.70105662E-06
   767.0000       4.38147583E-07       2.77251202E-06       3.70019447E-06       1.70102322E-06
   767.1000       4.38138177E-07       2.77245907E-06       3.70011936E-06       1.70098991E-06
   767.2000       4.38128786E-07       2.77240626E-06       3.70004445E-06       1.70095668E-06
   767.3000       4.38119408E-07       2.77235360E-06       3.69996980E-06       1.70092356E-06
   767.4000       4.38110045E-07       2.77230107E-06       3.69989535E-06       1.70089052E-06
   767.5000       4.38100696E-07       2.77224869E-06       3.69982111E-06       1.70085756E-06
   767.6000       4.38091361E-07       2.77219645E-06       3.69974710E-06       1.70082470E-06
   767.7000       4.38082042E-07       2.77214435E-06       3.69967329E-06       1.70079192E-06
   767.8000       4.38072736E-07       2.77209241E-06       3.69959969E-06       1.70075924E-06
   767.9000       4.38063446E-07       2.77204062E-06       3.69952632E-06       1.70072666E-06
   768.0000       4.38054171E-07       2.77198897E-06       3.69945314E-06       1.70069417E-06
   768.1000       4.38044910E-07       2.77193744E-06       3.69938014E-06       1.70066174E-06
   768.2000       4.38035664E-07       2.77188604E-06       3.69930732E-06       1.70062940E-06
   768.3000       4.38026434E-07       2.77183481E-06       3.69923471E-06       1.70059716E-06
   768.4000       4.38017218E-07       2.77178373E-06       3.69916228E-06       1.70056501E-06
   768.5000       4.38008018E-07       2.77173281E-06       3.69909005E-06       1.70053295E-06
   768.6000       4.37998834E-07       2.77168204E-06       3.69901808E-06       1.70050099E-06
   768.7000       4.37989665E-07       2.77163140E-06       3.69894633E-06       1.70046912E-06
   768.8000       4.37980512E-07       2.77158089E-06       3.69887475E-06       1.70043732E-06
   768.9000       4.37971375E-07       2.77153051E-06       3.69880341E-06       1.70040561E-06
   769.0000       4.37962253E-07       2.77148026E-06       3.69873225E-06       1.70037398E-06
   769.1000       4.37953149E-07       2.77143012E-06       3.69866126E-06       1.70034241E-06
   769.2000       4.37944060E-07       2.77138012E-06       3.69859045E-06       1.70031093E-06
   769.3000       4.37934988E-07       2.77133026E-06       3.69851982E-06       1.70027954E-06
   769.4000       4.37925933E-07       2.77128054E-06       3.69844941E-06       1.70024824E-06
   769.5000       4.37916895E-07       2.77123097E-06       3.69837926E-06       1.70021705E-06
   769.6000       4.37907873E-07       2.77118152E-06       3.69830931E-06       1.70018594E-06
   769.7000       4.37898869E-07       2.77113221E-06       3.69823962E-06       1.70015491E-06
   769.8000       4.37889883E-07       2.77108303E-06       3.69817016E-06       1.70012397E-06
   769.9000       4.37880914E-07       2.77103399E-06       3.69810095E-06       1.70009312E-06
   770.0000       4.37871962E-07       2.77098509E-06       3.69803195E-06       1.70006236E-06
   770.1000       4.37863029E-07       2.77093634E-06       3.69796321E-06       1.70003170E-06
   770.2000       4.37854114E-07       2.77088773E-06       3.69789470E-06       1.70000114E-06
   770.3000       4.37845216E-07       2.77083925E-06       3.69782643E-06       1.69997067E-06
   770.4000       4.37836337E-07       2.77079091E-06       3.69775836E-06       1.69994029E-06
   770.5000       4.37827477E-07       2.77074271E-06       3.69769046E-06       1.69991000E-06
   770.6000       4.37818635E-07       2.77069467E-06       3.69762277E-06       1.69987979E-06
   770.7000       4.37809811E-07       2.77064679E-06       3.69755533E-06       1.69984970E-06
   770.8000       4.37801007E-07       2.77059905E-06       3.69748806E-06       1.69981970E-06
   770.9000       4.37792220E-07       2.77055144E-06       3.69742096E-06       1.69978978E-06
   771.0000       4.37783453E-07       2.77050397E-06       3.69735403E-06       1.69975995E-06
   771.1000       4.37774704E-07       2.77045665E-06       3.69728734E-06       1.69973021E-06
   771.2000       4.37765974E-07       2.77040947E-06       3.69722083E-06       1.69970057E-06
   771.3000       4.37757263E-07       2.77036243E-06       3.69715456E-06       1.69967103E-06
   771.4000       4.37748571E-07       2.77031555E-06       3.69708853E-06       1.69964160E-06
   771.5000       4.37739897E-07       2.77026882E-06       3.69702275E-06       1.69961227E-06
   771.6000       4.37731242E-07       2.77022226E-06       3.69695729E-06       1.69958306E-06
   771.7000       4.37722606E-07       2.77017588E-06       3.69689211E-06       1.69955396E-06
   771.8000       4.37713989E-07       2.77012966E-06       3.69682715E-06       1.69952497E-06
   771.9000       4.37705390E-07       2.77008363E-06       3.69676242E-06       1.69949610E-06
   772.0000       4.37696810E-07       2.77003778E-06       3.69669793E-06       1.69946733E-06
   772.1000       4.37688249E-07       2.76999209E-06       3.69663371E-06       1.69943867E-06
   772.2000       4.37679706E-07       2.76994657E-06       3.69656974E-06       1.69941012E-06
   772.3000       4.37671183E-07       2.76990122E-06       3.69650603E-06       1.69938167E-06
   772.4000       4.37662677E-07       2.76985602E-06       3.69644254E-06       1.69935329E-06
   772.5000       4.37654190E-07       2.76981100E-06       3.69637933E-06       1.69932502E-06
   772.6000       4.37645722E-07       2.76976614E-06       3.69631641E-06       1.69929686E-06
   772.7000       4.37637273E-07       2.76972145E-06       3.69625378E-06       1.69926882E-06
   772.8000       4.37628842E-07       2.76967694E-06       3.69619134E-06       1.69924086E-06
   772.9000       4.37620430E-07       2.76963260E-06       3.69612912E-06       1.69921301E-06
   773.0000       4.37612036E-07       2.76958841E-06       3.69606711E-06       1.69918525E-06
   773.1000       4.37603661E-07       2.76954438E-06       3.69600528E-06       1.69915757E-06
   773.2000       4.37595305E-07       2.76950052E-06       3.69594371E-06       1.69913000E-06
   773.3000       4.37586968E-07       2.76945682E-06       3.69588237E-06       1.69910252E-06
   773.4000       4.37578650E-07       2.76941330E-06       3.69582130E-06       1.69907514E-06
   773.5000       4.37570351E-07       2.76936993E-06       3.69576046E-06       1.69904786E-06
   773.6000       4.37562072E-07       2.76932674E-06       3.69569986E-06       1.69902069E-06
   773.7000       4.37553811E-07       2.76928371E-06       3.69563952E-06       1.69899363E-06
   773.8000       4.37545571E-07       2.76924086E-06       3.69557944E-06       1.69896667E-06
   773.9000       4.37537350E-07       2.76919821E-06       3.69551963E-06       1.69893983E-06
   774.0000       4.37529150E-07       2.76915575E-06       3.69546009E-06       1.69891312E-06
   774.1000       4.37520970E-07       2.76911346E-06       3.69540084E-06       1.69888652E-06
   774.2000       4.37512810E-07       2.76907135E-06       3.69534184E-06       1.69886002E-06
   774.3000       4.37504671E-07       2.76902943E-06       3.69528312E-06       1.69883365E-06
   774.4000       4.37496553E-07       2.76898767E-06       3.69522464E-06       1.69880738E-06
   774.5000       4.37488456E-07       2.76894608E-06       3.69516642E-06       1.69878123E-06
   774.6000       4.37480381E-07       2.76890466E-06       3.69510849E-06       1.69875519E-06
   774.7000       4.37472327E-07       2.76886341E-06       3.69505081E-06       1.69872927E-06
   774.8000       4.37464295E-07       2.76882234E-06       3.69499338E-06       1.69870346E-06
   774.9000       4.37456286E-07       2.76878144E-06       3.69493616E-06       1.69867775E-06
   775.0000       4.37448298E-07       2.76874071E-06       3.69487914E-06       1.69865214E-06
   775.1000       4.37440334E-07       2.76870013E-06       3.69482235E-06       1.69862663E-06
   775.2000       4.37432392E-07       2.76865973E-06       3.69476580E-06       1.69860122E-06
   775.3000       4.37424474E-07       2.76861951E-06       3.69470948E-06       1.69857593E-06
   775.4000       4.37416579E-07       2.76857945E-06       3.69465339E-06       1.69855075E-06
   775.5000       4.37408708E-07       2.76853956E-06       3.69459752E-06       1.69852567E-06
   775.6000       4.37400860E-07       2.76849984E-06       3.69454188E-06       1.69850070E-06
   775.7000       4.37393036E-07       2.76846030E-06       3.69448647E-06       1.69847584E-06
   775.8000       4.37385237E-07       2.76842093E-06       3.69443128E-06       1.69845108E-06
   775.9000       4.37377462E-07       2.76838174E-06       3.69437635E-06       1.69842643E-06
   776.0000       4.37369711E-07       2.76834273E-06       3.69432169E-06       1.69840191E-06
   776.1000       4.37361985E-07       2.76830389E-06       3.69426728E-06       1.69837748E-06
   776.2000       4.37354283E-07       2.76826524E-06       3.69421314E-06       1.69835319E-06
   776.3000       4.37346607E-07       2.76822678E-06       3.69415923E-06       1.69832900E-06
   776.4000       4.37338955E-07       2.76818849E-06       3.69410563E-06       1.69830494E-06
   776.5000       4.37331328E-07       2.76815037E-06       3.69405229E-06       1.69828098E-06
   776.6000       4.37323727E-07       2.76811243E-06       3.69399920E-06       1.69825713E-06
   776.7000       4.37316150E-07       2.76807466E-06       3.69394636E-06       1.69823338E-06
   776.8000       4.37308598E-07       2.76803706E-06       3.69389381E-06       1.69820975E-06
   776.9000       4.37301072E-07       2.76799961E-06       3.69384148E-06       1.69818621E-06
   777.0000       4.37293570E-07       2.76796232E-06       3.69378937E-06       1.69816277E-06
   777.1000       4.37286094E-07       2.76792518E-06       3.69373748E-06       1.69813943E-06
   777.2000       4.37278643E-07       2.76788820E-06       3.69368584E-06       1.69811620E-06
   777.3000       4.37271216E-07       2.76785139E-06       3.69363450E-06       1.69809308E-06
   777.4000       4.37263815E-07       2.76781476E-06       3.69358341E-06       1.69807008E-06
   777.5000       4.37256439E-07       2.76777830E-06       3.69353255E-06       1.69804717E-06
   777.6000       4.37249087E-07       2.76774200E-06       3.69348193E-06       1.69802437E-06
   777.7000       4.37241760E-07       2.76770587E-06       3.69343155E-06       1.69800168E-06
   777.8000       4.37234458E-07       2.76766990E-06       3.69338137E-06       1.69797909E-06
   777.9000       4.37227181E-07       2.76763411E-06       3.69333150E-06       1.69795663E-06
   778.0000       4.37219929E-07       2.76759851E-06       3.69328190E-06       1.69793430E-06
   778.1000       4.37212701E-07       2.76756310E-06       3.69323253E-06       1.69791207E-06
   778.2000       4.37205498E-07       2.76752786E-06       3.69318341E-06       1.69788996E-06
   778.3000       4.37198319E-07       2.76749280E-06       3.69313456E-06       1.69786795E-06
   778.4000       4.37191165E-07       2.76745792E-06       3.69308596E-06       1.69784604E-06
   778.5000       4.37184035E-07       2.76742321E-06       3.69303759E-06       1.69782424E-06
   778.6000       4.37176930E-07       2.76738868E-06       3.69298947E-06       1.69780255E-06
   778.7000       4.37169849E-07       2.76735434E-06       3.69294164E-06       1.69778098E-06
   778.8000       4.37162792E-07       2.76732018E-06       3.69289410E-06       1.69775954E-06
   778.9000       4.37155760E-07       2.76728621E-06       3.69284687E-06       1.69773820E-06
   779.0000       4.37148752E-07       2.76725241E-06       3.69279992E-06       1.69771698E-06
   779.1000       4.37141768E-07       2.76721880E-06       3.69275327E-06       1.69769588E-06
   779.2000       4.37134809E-07       2.76718538E-06       3.69270684E-06       1.69767488E-06
   779.3000       4.37127873E-07       2.76715214E-06       3.69266063E-06       1.69765400E-06
   779.4000       4.37120962E-07       2.76711908E-06       3.69261466E-06       1.69763322E-06
   779.5000       4.37114075E-07       2.76708621E-06       3.69256895E-06       1.69761255E-06
   779.6000       4.37107213E-07       2.76705353E-06       3.69252345E-06       1.69759200E-06
   779.7000       4.37100374E-07       2.76702104E-06       3.69247817E-06       1.69757155E-06
   779.8000       4.37093560E-07       2.76698874E-06       3.69243314E-06       1.69755121E-06
   779.9000       4.37086770E-07       2.76695662E-06       3.69238836E-06       1.69753099E-06
   780.0000       4.37080005E-07       2.76692468E-06       3.69234379E-06       1.69751089E-06
   780.1000       4.37073264E-07       2.76689293E-06       3.69229947E-06       1.69749089E-06
   780.2000       4.37066547E-07       2.76686134E-06       3.69225539E-06       1.69747100E-06
   780.3000       4.37059854E-07       2.76682994E-06       3.69221155E-06       1.69745123E-06
   780.4000       4.37053186E-07       2.76679873E-06       3.69216796E-06       1.69743156E-06
   780.5000       4.37046542E-07       2.76676771E-06       3.69212460E-06       1.69741202E-06
   780.6000       4.37039923E-07       2.76673687E-06       3.69208149E-06       1.69739258E-06
   780.7000       4.37033328E-07       2.76670620E-06       3.69203869E-06       1.69737325E-06
   780.8000       4.37026758E-07       2.76667571E-06       3.69199618E-06       1.69735404E-06
   780.9000       4.37020213E-07       2.76664538E-06       3.69195393E-06       1.69733494E-06
   781.0000       4.37013692E-07       2.76661523E-06       3.69191193E-06       1.69731594E-06
   781.1000       4.37007196E-07       2.76658525E-06       3.69187025E-06       1.69729707E-06
   781.2000       4.37000724E-07       2.76655543E-06       3.69182887E-06       1.69727831E-06
   781.3000       4.36994278E-07       2.76652578E-06       3.69178778E-06       1.69725966E-06
   781.4000       4.36987856E-07       2.76649628E-06       3.69174694E-06       1.69724113E-06
   781.5000       4.36981459E-07       2.76646695E-06       3.69170631E-06       1.69722270E-06
   781.6000       4.36975087E-07       2.76643777E-06       3.69166595E-06       1.69720437E-06
   781.7000       4.36968740E-07       2.76640876E-06       3.69162586E-06       1.69718615E-06
   781.8000       4.36962419E-07       2.76637994E-06       3.69158605E-06       1.69716806E-06
   781.9000       4.36956122E-07       2.76635130E-06       3.69154656E-06       1.69715010E-06
   782.0000       4.36949851E-07       2.76632285E-06       3.69150734E-06       1.69713226E-06
   782.1000       4.36943605E-07       2.76629459E-06       3.69146838E-06       1.69711453E-06
   782.2000       4.36937384E-07       2.76626652E-06       3.69142968E-06       1.69709692E-06
   782.3000       4.36931189E-07       2.76623860E-06       3.69139124E-06       1.69707940E-06
   782.4000       4.36925019E-07       2.76621086E-06       3.69135305E-06       1.69706201E-06
   782.5000       4.36918874E-07       2.76618329E-06       3.69131512E-06       1.69704472E-06
   782.6000       4.36912755E-07       2.76615591E-06       3.69127744E-06       1.69702755E-06
   782.7000       4.36906662E-07       2.76612872E-06       3.69124002E-06       1.69701050E-06
   782.8000       4.36900594E-07       2.76610172E-06       3.69120286E-06       1.69699357E-06
   782.9000       4.36894551E-07       2.76607492E-06       3.69116594E-06       1.69697677E-06
   783.0000       4.36888535E-07       2.76604829E-06       3.69112930E-06       1.69696010E-06
   783.1000       4.36882543E-07       2.76602184E-06       3.69109293E-06       1.69694353E-06
   783.2000       4.36876578E-07       2.76599556E-06       3.69105682E-06       1.69692708E-06
   783.3000       4.36870638E-07       2.76596946E-06       3.69102094E-06       1.69691074E-06
   783.4000       4.36864724E-07       2.76594353E-06       3.69098531E-06       1.69689450E-06
   783.5000       4.36858835E-07       2.76591778E-06       3.69094994E-06       1.69687838E-06
   783.6000       4.36852972E-07       2.76589221E-06       3.69091486E-06       1.69686238E-06
   783.7000       4.36847135E-07       2.76586683E-06       3.69088007E-06       1.69684649E-06
   783.8000       4.36841323E-07       2.76584163E-06       3.69084554E-06       1.69683072E-06
   783.9000       4.36835537E-07       2.76581661E-06       3.69081127E-06       1.69681507E-06
   784.0000       4.36829777E-07       2.76579178E-06       3.69077728E-06       1.69679953E-06
   784.1000       4.36824043E-07       2.76576714E-06       3.69074356E-06       1.69678409E-06
   784.2000       4.36818334E-07       2.76574267E-06       3.69071011E-06       1.69676877E-06
   784.3000       4.36812651E-07       2.76571842E-06       3.69067694E-06       1.69675357E-06
   784.4000       4.36806993E-07       2.76569436E-06       3.69064399E-06       1.69673848E-06
   784.5000       4.36801361E-07       2.76567046E-06       3.69061129E-06       1.69672349E-06
   784.6000       4.36795755E-07       2.76564674E-06       3.69057882E-06       1.69670861E-06
   784.7000       4.36790175E-07       2.76562321E-06       3.69054663E-06       1.69669385E-06
   784.8000       4.36784620E-07       2.76559985E-06       3.69051466E-06       1.69667919E-06
   784.9000       4.36779090E-07       2.76557666E-06       3.69048294E-06       1.69666464E-06
   785.0000       4.36773587E-07       2.76555364E-06       3.69045151E-06       1.69665019E-06
   785.1000       4.36768109E-07       2.76553079E-06       3.69042034E-06       1.69663586E-06
   785.2000       4.36762656E-07       2.76550814E-06       3.69038942E-06       1.69662164E-06
   785.3000       4.36757229E-07       2.76548564E-06       3.69035877E-06       1.69660752E-06
   785.4000       4.36751828E-07       2.76546332E-06       3.69032844E-06       1.69659353E-06
   785.5000       4.36746452E-07       2.76544116E-06       3.69029841E-06       1.69657965E-06
   785.6000       4.36741102E-07       2.76541920E-06       3.69026865E-06       1.69656590E-06
   785.7000       4.36735778E-07       2.76539741E-06       3.69023915E-06       1.69655226E-06
   785.8000       4.36730479E-07       2.76537578E-06       3.69020988E-06       1.69653874E-06
   785.9000       4.36725206E-07       2.76535432E-06       3.69018090E-06       1.69652534E-06
   786.0000       4.36719958E-07       2.76533305E-06       3.69015217E-06       1.69651206E-06
   786.1000       4.36714736E-07       2.76531196E-06       3.69012366E-06       1.69649888E-06
   786.2000       4.36709540E-07       2.76529105E-06       3.69009534E-06       1.69648580E-06
   786.3000       4.36704369E-07       2.76527032E-06       3.69006724E-06       1.69647282E-06
   786.4000       4.36699224E-07       2.76524978E-06       3.69003934E-06       1.69645995E-06
   786.5000       4.36694104E-07       2.76522942E-06       3.69001168E-06       1.69644719E-06
   786.6000       4.36689011E-07       2.76520925E-06       3.68998432E-06       1.69643456E-06
   786.7000       4.36683943E-07       2.76518926E-06       3.68995721E-06       1.69642203E-06
   786.8000       4.36678901E-07       2.76516944E-06       3.68993036E-06       1.69640961E-06
   786.9000       4.36673884E-07       2.76514977E-06       3.68990376E-06       1.69639730E-06
   787.0000       4.36668894E-07       2.76513027E-06       3.68987739E-06       1.69638509E-06
   787.1000       4.36663929E-07       2.76511096E-06       3.68985127E-06       1.69637300E-06
   787.2000       4.36658990E-07       2.76509183E-06       3.68982544E-06       1.69636102E-06
   787.3000       4.36654077E-07       2.76507288E-06       3.68979982E-06       1.69634915E-06
   787.4000       4.36649190E-07       2.76505411E-06       3.68977445E-06       1.69633739E-06
   787.5000       4.36644329E-07       2.76503554E-06       3.68974931E-06       1.69632575E-06
   787.6000       4.36639494E-07       2.76501714E-06       3.68972440E-06       1.69631423E-06
   787.7000       4.36634685E-07       2.76499892E-06       3.68969970E-06       1.69630282E-06
   787.8000       4.36629902E-07       2.76498088E-06       3.68967523E-06       1.69629150E-06
   787.9000       4.36625145E-07       2.76496300E-06       3.68965098E-06       1.69628029E-06
   788.0000       4.36620414E-07       2.76494530E-06       3.68962703E-06       1.69626920E-06
   788.1000       4.36615709E-07       2.76492778E-06       3.68960338E-06       1.69625823E-06
   788.2000       4.36611030E-07       2.76491041E-06       3.68958002E-06       1.69624738E-06
   788.3000       4.36606378E-07       2.76489322E-06       3.68955695E-06       1.69623664E-06
   788.4000       4.36601751E-07       2.76487622E-06       3.68953418E-06       1.69622603E-06
   788.5000       4.36597151E-07       2.76485940E-06       3.68951170E-06       1.69621553E-06
   788.6000       4.36592576E-07       2.76484276E-06       3.68948945E-06       1.69620515E-06
   788.7000       4.36588028E-07       2.76482630E-06       3.68946747E-06       1.69619487E-06
   788.8000       4.36583506E-07       2.76480999E-06       3.68944575E-06       1.69618469E-06
   788.9000       4.36579010E-07       2.76479387E-06       3.68942428E-06       1.69617463E-06
   789.0000       4.36574540E-07       2.76477792E-06       3.68940308E-06       1.69616467E-06
   789.1000       4.36570096E-07       2.76476214E-06       3.68938210E-06       1.69615481E-06
   789.2000       4.36565678E-07       2.76474655E-06       3.68936136E-06       1.69614507E-06
   789.3000       4.36561286E-07       2.76473115E-06       3.68934086E-06       1.69613545E-06
   789.4000       4.36556920E-07       2.76471592E-06       3.68932061E-06       1.69612593E-06
   789.5000       4.36552580E-07       2.76470086E-06       3.68930056E-06       1.69611652E-06
   789.6000       4.36548266E-07       2.76468597E-06       3.68928076E-06       1.69610722E-06
   789.7000       4.36543978E-07       2.76467126E-06       3.68926118E-06       1.69609803E-06
   789.8000       4.36539715E-07       2.76465672E-06       3.68924179E-06       1.69608894E-06
   789.9000       4.36535478E-07       2.76464236E-06       3.68922263E-06       1.69607996E-06
   790.0000       4.36531267E-07       2.76462816E-06       3.68920371E-06       1.69607106E-06
   790.1000       4.36527081E-07       2.76461415E-06       3.68918502E-06       1.69606229E-06
   790.2000       4.36522921E-07       2.76460031E-06       3.68916652E-06       1.69605361E-06
   790.3000       4.36518787E-07       2.76458664E-06       3.68914816E-06       1.69604502E-06
   790.4000       4.36514678E-07       2.76457314E-06       3.68913007E-06       1.69603655E-06
   790.5000       4.36510595E-07       2.76455981E-06       3.68911224E-06       1.69602818E-06
   790.6000       4.36506537E-07       2.76454667E-06       3.68909466E-06       1.69601993E-06
   790.7000       4.36502505E-07       2.76453370E-06       3.68907735E-06       1.69601179E-06
   790.8000       4.36498498E-07       2.76452091E-06       3.68906035E-06       1.69600376E-06
   790.9000       4.36494516E-07       2.76450829E-06       3.68904362E-06       1.69599584E-06
   791.0000       4.36490560E-07       2.76449583E-06       3.68902714E-06       1.69598802E-06
   791.1000       4.36486630E-07       2.76448355E-06       3.68901090E-06       1.69598032E-06
   791.2000       4.36482724E-07       2.76447144E-06       3.68899491E-06       1.69597272E-06
   791.3000       4.36478844E-07       2.76445949E-06       3.68897920E-06       1.69596523E-06
   791.4000       4.36474990E-07       2.76444771E-06       3.68896373E-06       1.69595784E-06
   791.5000       4.36471161E-07       2.76443609E-06       3.68894851E-06       1.69595056E-06
   791.6000       4.36467357E-07       2.76442466E-06       3.68893355E-06       1.69594339E-06
   791.7000       4.36463579E-07       2.76441341E-06       3.68891882E-06       1.69593634E-06
   791.8000       4.36459826E-07       2.76440233E-06       3.68890433E-06       1.69592940E-06
   791.9000       4.36456099E-07       2.76439142E-06       3.68889008E-06       1.69592255E-06
   792.0000       4.36452397E-07       2.76438068E-06       3.68887608E-06       1.69591581E-06
   792.1000       4.36448721E-07       2.76437013E-06       3.68886234E-06       1.69590919E-06
   792.2000       4.36445070E-07       2.76435975E-06       3.68884886E-06       1.69590268E-06
   792.3000       4.36441445E-07       2.76434957E-06       3.68883568E-06       1.69589631E-06
   792.4000       4.36437846E-07       2.76433957E-06       3.68882270E-06       1.69589004E-06
   792.5000       4.36434272E-07       2.76432976E-06       3.68880996E-06       1.69588389E-06
   792.6000       4.36430723E-07       2.76432012E-06       3.68879747E-06       1.69587784E-06
   792.7000       4.36427201E-07       2.76431064E-06       3.68878523E-06       1.69587190E-06
   792.8000       4.36423703E-07       2.76430133E-06       3.68877325E-06       1.69586607E-06
   792.9000       4.36420232E-07       2.76429218E-06       3.68876149E-06       1.69586034E-06
   793.0000       4.36416786E-07       2.76428321E-06       3.68874993E-06       1.69585472E-06
   793.1000       4.36413366E-07       2.76427440E-06       3.68873861E-06       1.69584920E-06
   793.2000       4.36409971E-07       2.76426575E-06       3.68872754E-06       1.69584378E-06
   793.3000       4.36406602E-07       2.76425726E-06       3.68871668E-06       1.69583845E-06
   793.4000       4.36403259E-07       2.76424894E-06       3.68870608E-06       1.69583323E-06
   793.5000       4.36399941E-07       2.76424079E-06       3.68869573E-06       1.69582814E-06
   793.6000       4.36396649E-07       2.76423282E-06       3.68868561E-06       1.69582315E-06
   793.7000       4.36393382E-07       2.76422505E-06       3.68867572E-06       1.69581828E-06
   793.8000       4.36390141E-07       2.76421745E-06       3.68866608E-06       1.69581352E-06
   793.9000       4.36386926E-07       2.76421001E-06       3.68865670E-06       1.69580887E-06
   794.0000       4.36383736E-07       2.76420276E-06       3.68864753E-06       1.69580432E-06
   794.1000       4.36380572E-07       2.76419567E-06       3.68863856E-06       1.69579986E-06
   794.2000       4.36377433E-07       2.76418875E-06       3.68862982E-06       1.69579551E-06
   794.3000       4.36374320E-07       2.76418200E-06       3.68862131E-06       1.69579126E-06
   794.4000       4.36371233E-07       2.76417542E-06       3.68861307E-06       1.69578712E-06
   794.5000       4.36368171E-07       2.76416902E-06       3.68860508E-06       1.69578311E-06
   794.6000       4.36365134E-07       2.76416279E-06       3.68859740E-06       1.69577921E-06
   794.7000       4.36362123E-07       2.76415673E-06       3.68859001E-06       1.69577543E-06
   794.8000       4.36359137E-07       2.76415085E-06       3.68858290E-06       1.69577177E-06
   794.9000       4.36356177E-07       2.76414515E-06       3.68857606E-06       1.69576823E-06
   795.0000       4.36353243E-07       2.76413960E-06       3.68856949E-06       1.69576479E-06
   795.1000       4.36350333E-07       2.76413423E-06       3.68856320E-06       1.69576146E-06
   795.2000       4.36347449E-07       2.76412902E-06       3.68855712E-06       1.69575823E-06
   795.3000       4.36344591E-07       2.76412397E-06       3.68855126E-06       1.69575510E-06
   795.4000       4.36341758E-07       2.76411912E-06       3.68854564E-06       1.69575209E-06
   795.5000       4.36338950E-07       2.76411446E-06       3.68854022E-06       1.69574919E-06
   795.6000       4.36336168E-07       2.76410998E-06       3.68853505E-06       1.69574639E-06
   795.7000       4.36333411E-07       2.76410567E-06       3.68853010E-06       1.69574371E-06
   795.8000       4.36330679E-07       2.76410154E-06       3.68852538E-06       1.69574113E-06
   795.9000       4.36327972E-07       2.76409758E-06       3.68852090E-06       1.69573865E-06
   796.0000       4.36325291E-07       2.76409377E-06       3.68851663E-06       1.69573626E-06
   796.1000       4.36322635E-07       2.76409014E-06       3.68851262E-06       1.69573399E-06
   796.2000       4.36320004E-07       2.76408670E-06       3.68850889E-06       1.69573184E-06
   796.3000       4.36317399E-07       2.76408343E-06       3.68850542E-06       1.69572980E-06
   796.4000       4.36314819E-07       2.76408034E-06       3.68850220E-06       1.69572788E-06
   796.5000       4.36312264E-07       2.76407743E-06       3.68849926E-06       1.69572607E-06
   796.6000       4.36309734E-07       2.76407470E-06       3.68849654E-06       1.69572435E-06
   796.7000       4.36307230E-07       2.76407212E-06       3.68849406E-06       1.69572273E-06
   796.8000       4.36304750E-07       2.76406973E-06       3.68849177E-06       1.69572122E-06
   796.9000       4.36302296E-07       2.76406750E-06       3.68848967E-06       1.69571979E-06
   797.0000       4.36299868E-07       2.76406546E-06       3.68848780E-06       1.69571848E-06
   797.1000       4.36297465E-07       2.76406360E-06       3.68848614E-06       1.69571726E-06
   797.2000       4.36295087E-07       2.76406192E-06       3.68848471E-06       1.69571615E-06
   797.3000       4.36292735E-07       2.76406042E-06       3.68848354E-06       1.69571515E-06
   797.4000       4.36290408E-07       2.76405910E-06       3.68848264E-06       1.69571427E-06
   797.5000       4.36288107E-07       2.76405796E-06       3.68848200E-06       1.69571350E-06
   797.6000       4.36285831E-07       2.76405698E-06       3.68848157E-06       1.69571283E-06
   797.7000       4.36283581E-07       2.76405615E-06       3.68848134E-06       1.69571225E-06
   797.8000       4.36281357E-07       2.76405549E-06       3.68848138E-06       1.69571178E-06
   797.9000       4.36279159E-07       2.76405499E-06       3.68848165E-06       1.69571141E-06
   798.0000       4.36276987E-07       2.76405465E-06       3.68848214E-06       1.69571114E-06
   798.1000       4.36274840E-07       2.76405447E-06       3.68848285E-06       1.69571098E-06
   798.2000       4.36272720E-07       2.76405444E-06       3.68848379E-06       1.69571091E-06
   798.3000       4.36270626E-07       2.76405453E-06       3.68848495E-06       1.69571094E-06
   798.4000       4.36268558E-07       2.76405478E-06       3.68848634E-06       1.69571106E-06
   798.5000       4.36266515E-07       2.76405519E-06       3.68848799E-06       1.69571129E-06
   798.6000       4.36264499E-07       2.76405575E-06       3.68848987E-06       1.69571162E-06
   798.7000       4.36262510E-07       2.76405648E-06       3.68849207E-06       1.69571208E-06
   798.8000       4.36260546E-07       2.76405738E-06       3.68849451E-06       1.69571265E-06
   798.9000       4.36258608E-07       2.76405844E-06       3.68849722E-06       1.69571333E-06
   799.0000       4.36256697E-07       2.76405969E-06       3.68850013E-06       1.69571413E-06
   799.1000       4.36254812E-07       2.76406111E-06       3.68850320E-06       1.69571503E-06
   799.2000       4.36252952E-07       2.76406269E-06       3.68850654E-06       1.69571603E-06
   799.3000       4.36251119E-07       2.76406443E-06       3.68851012E-06       1.69571714E-06
   799.4000       4.36249312E-07       2.76406634E-06       3.68851394E-06       1.69571835E-06
   799.5000       4.36247530E-07       2.76406839E-06       3.68851799E-06       1.69571965E-06
   799.6000       4.36245774E-07       2.76407060E-06       3.68852228E-06       1.69572106E-06
   799.7000       4.36244044E-07       2.76407295E-06       3.68852676E-06       1.69572256E-06
   799.8000       4.36242340E-07       2.76407547E-06       3.68853153E-06       1.69572418E-06
   799.9000       4.36240661E-07       2.76407814E-06       3.68853654E-06       1.69572589E-06
   800.0000       4.36239007E-07       2.76408097E-06       3.68854178E-06       1.69572771E-06
   800.1000       4.36237379E-07       2.76408394E-06       3.68854726E-06       1.69572963E-06
   800.2000       4.36235775E-07       2.76408708E-06       3.68855295E-06       1.69573165E-06
   800.3000       4.36234197E-07       2.76409039E-06       3.68855886E-06       1.69573378E-06
   800.4000       4.36232644E-07       2.76409387E-06       3.68856499E-06       1.69573600E-06
   800.5000       4.36231115E-07       2.76409753E-06       3.68857140E-06       1.69573833E-06
   800.6000       4.36229611E-07       2.76410135E-06       3.68857806E-06       1.69574077E-06
   800.7000       4.36228132E-07       2.76410536E-06       3.68858496E-06       1.69574331E-06
   800.8000       4.36226677E-07       2.76410954E-06       3.68859204E-06       1.69574595E-06
   800.9000       4.36225246E-07       2.76411390E-06       3.68859934E-06       1.69574870E-06
   801.0000       4.36223840E-07       2.76411845E-06       3.68860685E-06       1.69575155E-06
   801.1000       4.36222458E-07       2.76412319E-06       3.68861454E-06       1.69575450E-06
   801.2000       4.36221100E-07       2.76412810E-06       3.68862240E-06       1.69575754E-06
   801.3000       4.36219766E-07       2.76413320E-06       3.68863051E-06       1.69576068E-06
   801.4000       4.36218456E-07       2.76413846E-06       3.68863885E-06       1.69576393E-06
   801.5000       4.36217171E-07       2.76414388E-06       3.68864743E-06       1.69576727E-06
   801.6000       4.36215909E-07       2.76414945E-06       3.68865622E-06       1.69577071E-06
   801.7000       4.36214671E-07       2.76415518E-06       3.68866523E-06       1.69577425E-06
   801.8000       4.36213458E-07       2.76416107E-06       3.68867447E-06       1.69577789E-06
   801.9000       4.36212268E-07       2.76416711E-06       3.68868392E-06       1.69578163E-06
   802.0000       4.36211102E-07       2.76417332E-06       3.68869357E-06       1.69578546E-06
   802.1000       4.36209961E-07       2.76417970E-06       3.68870343E-06       1.69578938E-06
   802.2000       4.36208844E-07       2.76418623E-06       3.68871352E-06       1.69579341E-06
   802.3000       4.36207750E-07       2.76419293E-06       3.68872386E-06       1.69579755E-06
   802.4000       4.36206681E-07       2.76419979E-06       3.68873440E-06       1.69580179E-06
   802.5000       4.36205636E-07       2.76420683E-06       3.68874517E-06       1.69580614E-06
   802.6000       4.36204615E-07       2.76421403E-06       3.68875616E-06       1.69581059E-06
   802.7000       4.36203619E-07       2.76422138E-06       3.68876736E-06       1.69581514E-06
   802.8000       4.36202647E-07       2.76422889E-06       3.68877877E-06       1.69581980E-06
   802.9000       4.36201699E-07       2.76423655E-06       3.68879039E-06       1.69582455E-06
   803.0000       4.36200775E-07       2.76424437E-06       3.68880225E-06       1.69582940E-06
   803.1000       4.36199876E-07       2.76425238E-06       3.68881436E-06       1.69583436E-06
   803.2000       4.36199001E-07       2.76426055E-06       3.68882669E-06       1.69583943E-06
   803.3000       4.36198151E-07       2.76426887E-06       3.68883926E-06       1.69584460E-06
   803.4000       4.36197325E-07       2.76427735E-06       3.68885204E-06       1.69584985E-06
   803.5000       4.36196524E-07       2.76428600E-06       3.68886510E-06       1.69585523E-06
   803.6000       4.36195747E-07       2.76429480E-06       3.68887846E-06       1.69586071E-06
   803.7000       4.36194994E-07       2.76430375E-06       3.68889210E-06       1.69586629E-06
   803.8000       4.36194267E-07       2.76431285E-06       3.68890599E-06       1.69587198E-06
   803.9000       4.36193564E-07       2.76432210E-06       3.68892011E-06       1.69587776E-06
   804.0000       4.36192885E-07       2.76433150E-06       3.68893445E-06       1.69588364E-06
   804.1000       4.36192231E-07       2.76434105E-06       3.68894905E-06       1.69588962E-06
   804.2000       4.36191601E-07       2.76435076E-06       3.68896389E-06       1.69589571E-06
   804.3000       4.36190996E-07       2.76436063E-06       3.68897897E-06       1.69590190E-06
   804.4000       4.36190416E-07       2.76437065E-06       3.68899429E-06       1.69590818E-06
   804.5000       4.36189861E-07       2.76438082E-06       3.68900986E-06       1.69591457E-06
   804.6000       4.36189329E-07       2.76439114E-06       3.68902568E-06       1.69592107E-06
   804.7000       4.36188823E-07       2.76440162E-06       3.68904176E-06       1.69592767E-06
   804.8000       4.36188341E-07       2.76441226E-06       3.68905801E-06       1.69593437E-06
   804.9000       4.36187883E-07       2.76442303E-06       3.68907444E-06       1.69594113E-06
   805.0000       4.36187451E-07       2.76443395E-06       3.68909104E-06       1.69594797E-06
   805.1000       4.36187042E-07       2.76444501E-06       3.68910781E-06       1.69595490E-06
   805.2000       4.36186658E-07       2.76445623E-06       3.68912478E-06       1.69596192E-06
   805.3000       4.36186299E-07       2.76446758E-06       3.68914191E-06       1.69596902E-06
   805.4000       4.36185964E-07       2.76447907E-06       3.68915929E-06       1.69597622E-06
   805.5000       4.36185653E-07       2.76449074E-06       3.68917689E-06       1.69598352E-06
   805.6000       4.36185367E-07       2.76450257E-06       3.68919469E-06       1.69599093E-06
   805.7000       4.36185105E-07       2.76451458E-06       3.68921271E-06       1.69599846E-06
   805.8000       4.36184867E-07       2.76452676E-06       3.68923092E-06       1.69600610E-06
   805.9000       4.36184654E-07       2.76453912E-06       3.68924934E-06       1.69601382E-06
   806.0000       4.36184465E-07       2.76455164E-06       3.68926799E-06       1.69602165E-06
   806.1000       4.36184300E-07       2.76456435E-06       3.68928690E-06       1.69602960E-06
   806.2000       4.36184159E-07       2.76457724E-06       3.68930604E-06       1.69603765E-06
   806.3000       4.36184043E-07       2.76459031E-06       3.68932533E-06       1.69604580E-06
   806.4000       4.36183950E-07       2.76460357E-06       3.68934483E-06       1.69605405E-06
   806.5000       4.36183881E-07       2.76461701E-06       3.68936461E-06       1.69606243E-06
   806.6000       4.36183836E-07       2.76463064E-06       3.68938465E-06       1.69607092E-06
   806.7000       4.36183815E-07       2.76464445E-06       3.68940495E-06       1.69607953E-06
   806.8000       4.36183818E-07       2.76465845E-06       3.68942554E-06       1.69608825E-06
   806.9000       4.36183844E-07       2.76467263E-06       3.68944636E-06       1.69609707E-06
   807.0000       4.36183895E-07       2.76468700E-06       3.68946740E-06       1.69610600E-06
   807.1000       4.36183968E-07       2.76470155E-06       3.68948866E-06       1.69611503E-06
   807.2000       4.36184066E-07       2.76471625E-06       3.68951013E-06       1.69612415E-06
   807.3000       4.36184188E-07       2.76473112E-06       3.68953185E-06       1.69613338E-06
   807.4000       4.36184333E-07       2.76474613E-06       3.68955382E-06       1.69614270E-06
   807.5000       4.36184502E-07       2.76476131E-06       3.68957603E-06       1.69615212E-06
   807.6000       4.36184694E-07       2.76477665E-06       3.68959851E-06       1.69616166E-06
   807.7000       4.36184911E-07       2.76479215E-06       3.68962120E-06       1.69617129E-06
   807.8000       4.36185151E-07       2.76480781E-06       3.68964414E-06       1.69618102E-06
   807.9000       4.36185416E-07       2.76482364E-06       3.68966731E-06       1.69619086E-06
   808.0000       4.36185705E-07       2.76483962E-06       3.68969069E-06       1.69620080E-06
   808.1000       4.36186018E-07       2.76485576E-06       3.68971431E-06       1.69621084E-06
   808.2000       4.36186355E-07       2.76487207E-06       3.68973812E-06       1.69622097E-06
   808.3000       4.36186716E-07       2.76488854E-06       3.68976212E-06       1.69623120E-06
   808.4000       4.36187103E-07       2.76490519E-06       3.68978638E-06       1.69624154E-06
   808.5000       4.36187514E-07       2.76492200E-06       3.68981089E-06       1.69625199E-06
   808.6000       4.36187949E-07       2.76493896E-06       3.68983562E-06       1.69626253E-06
   808.7000       4.36188410E-07       2.76495609E-06       3.68986055E-06       1.69627317E-06
   808.8000       4.36188896E-07       2.76497338E-06       3.68988570E-06       1.69628391E-06
   808.9000       4.36189407E-07       2.76499084E-06       3.68991112E-06       1.69629477E-06
   809.0000       4.36189944E-07       2.76500846E-06       3.68993680E-06       1.69630573E-06
   809.1000       4.36190506E-07       2.76502621E-06       3.68996266E-06       1.69631677E-06
   809.2000       4.36191094E-07       2.76504411E-06       3.68998870E-06       1.69632788E-06
   809.3000       4.36191708E-07       2.76506216E-06       3.69001493E-06       1.69633909E-06
   809.4000       4.36192348E-07       2.76508037E-06       3.69004134E-06       1.69635038E-06
   809.5000       4.36193015E-07       2.76509872E-06       3.69006795E-06       1.69636176E-06
   809.6000       4.36193707E-07       2.76511722E-06       3.69009478E-06       1.69637324E-06
   809.7000       4.36194426E-07       2.76513587E-06       3.69012181E-06       1.69638481E-06
   809.8000       4.36195171E-07       2.76515467E-06       3.69014906E-06       1.69639648E-06
   809.9000       4.36195943E-07       2.76517361E-06       3.69017656E-06       1.69640826E-06
   810.0000       4.36196741E-07       2.76519269E-06       3.69020425E-06       1.69642012E-06
   810.1000       4.36197565E-07       2.76521192E-06       3.69023212E-06       1.69643208E-06
   810.2000       4.36198416E-07       2.76523130E-06       3.69026022E-06       1.69644414E-06
   810.3000       4.36199294E-07       2.76525082E-06       3.69028853E-06       1.69645630E-06
   810.4000       4.36200197E-07       2.76527049E-06       3.69031704E-06       1.69646855E-06
   810.5000       4.36201127E-07       2.76529032E-06       3.69034572E-06       1.69648090E-06
   810.6000       4.36202083E-07       2.76531029E-06       3.69037460E-06       1.69649335E-06
   810.7000       4.36203065E-07       2.76533042E-06       3.69040374E-06       1.69650592E-06
   810.8000       4.36204073E-07       2.76535071E-06       3.69043312E-06       1.69651859E-06
   810.9000       4.36205107E-07       2.76537117E-06       3.69046273E-06       1.69653138E-06
   811.0000       4.36206167E-07       2.76539178E-06       3.69049262E-06       1.69654428E-06
   811.1000       4.36207252E-07       2.76541255E-06       3.69052275E-06       1.69655728E-06
   811.2000       4.36208362E-07       2.76543347E-06       3.69055310E-06       1.69657037E-06
   811.3000       4.36209497E-07       2.76545454E-06       3.69058365E-06       1.69658355E-06
   811.4000       4.36210658E-07       2.76547579E-06       3.69061442E-06       1.69659684E-06
   811.5000       4.36211843E-07       2.76549721E-06       3.69064538E-06       1.69661022E-06
   811.6000       4.36213053E-07       2.76551880E-06       3.69067653E-06       1.69662369E-06
   811.7000       4.36214288E-07       2.76554055E-06       3.69070792E-06       1.69663726E-06
   811.8000       4.36215547E-07       2.76556246E-06       3.69073956E-06       1.69665094E-06
   811.9000       4.36216830E-07       2.76558455E-06       3.69077143E-06       1.69666472E-06
   812.0000       4.36218137E-07       2.76560684E-06       3.69080351E-06       1.69667860E-06
   812.1000       4.36219468E-07       2.76562930E-06       3.69083582E-06       1.69669258E-06
   812.2000       4.36220823E-07       2.76565192E-06       3.69086840E-06       1.69670666E-06
   812.3000       4.36222201E-07       2.76567470E-06       3.69090119E-06       1.69672084E-06
   812.4000       4.36223603E-07       2.76569768E-06       3.69093416E-06       1.69673511E-06
   812.5000       4.36225028E-07       2.76572084E-06       3.69096732E-06       1.69674948E-06
   812.6000       4.36226477E-07       2.76574414E-06       3.69100067E-06       1.69676393E-06
   812.7000       4.36227949E-07       2.76576760E-06       3.69103426E-06       1.69677848E-06
   812.8000       4.36229444E-07       2.76579122E-06       3.69106807E-06       1.69679313E-06
   812.9000       4.36230963E-07       2.76581499E-06       3.69110210E-06       1.69680786E-06
   813.0000       4.36232505E-07       2.76583889E-06       3.69113633E-06       1.69682268E-06
   813.1000       4.36234069E-07       2.76586294E-06       3.69117077E-06       1.69683759E-06
   813.2000       4.36235657E-07       2.76588714E-06       3.69120543E-06       1.69685260E-06
   813.3000       4.36237269E-07       2.76591149E-06       3.69124036E-06       1.69686771E-06
   813.4000       4.36238903E-07       2.76593600E-06       3.69127557E-06       1.69688294E-06
   813.5000       4.36240561E-07       2.76596066E-06       3.69131100E-06       1.69689827E-06
   813.6000       4.36242242E-07       2.76598547E-06       3.69134667E-06       1.69691370E-06
   813.7000       4.36243947E-07       2.76601042E-06       3.69138256E-06       1.69692923E-06
   813.8000       4.36245675E-07       2.76603551E-06       3.69141866E-06       1.69694485E-06
   813.9000       4.36247427E-07       2.76606073E-06       3.69145498E-06       1.69696056E-06
   814.0000       4.36249203E-07       2.76608608E-06       3.69149151E-06       1.69697636E-06
   814.1000       4.36251002E-07       2.76611158E-06       3.69152826E-06       1.69699226E-06
   814.2000       4.36252825E-07       2.76613725E-06       3.69156523E-06       1.69700828E-06
   814.3000       4.36254672E-07       2.76616305E-06       3.69160242E-06       1.69702438E-06
   814.4000       4.36256543E-07       2.76618899E-06       3.69163982E-06       1.69704058E-06
   814.5000       4.36258437E-07       2.76621510E-06       3.69167746E-06       1.69705689E-06
   814.6000       4.36260356E-07       2.76624135E-06       3.69171534E-06       1.69707330E-06
   814.7000       4.36262299E-07       2.76626776E-06       3.69175346E-06       1.69708981E-06
   814.8000       4.36264267E-07       2.76629431E-06       3.69179180E-06       1.69710643E-06
   814.9000       4.36266258E-07       2.76632099E-06       3.69183037E-06       1.69712313E-06
   815.0000       4.36268274E-07       2.76634780E-06       3.69186910E-06       1.69713990E-06
   815.1000       4.36270315E-07       2.76637477E-06       3.69190806E-06       1.69715680E-06
   815.2000       4.36272380E-07       2.76640191E-06       3.69194724E-06       1.69717379E-06
   815.3000       4.36274469E-07       2.76642918E-06       3.69198662E-06       1.69719086E-06
   815.4000       4.36276582E-07       2.76645659E-06       3.69202617E-06       1.69720802E-06
   815.5000       4.36278720E-07       2.76648415E-06       3.69206596E-06       1.69722527E-06
   815.6000       4.36280882E-07       2.76651187E-06       3.69210596E-06       1.69724262E-06
   815.7000       4.36283069E-07       2.76653976E-06       3.69214609E-06       1.69726005E-06
   815.8000       4.36285279E-07       2.76656783E-06       3.69218643E-06       1.69727759E-06
   815.9000       4.36287514E-07       2.76659607E-06       3.69222695E-06       1.69729522E-06
   816.0000       4.36289773E-07       2.76662449E-06       3.69226768E-06       1.69731295E-06
   816.1000       4.36292056E-07       2.76665309E-06       3.69230858E-06       1.69733078E-06
   816.2000       4.36294363E-07       2.76668186E-06       3.69234967E-06       1.69734870E-06
   816.3000       4.36296694E-07       2.76671079E-06       3.69239100E-06       1.69736672E-06
   816.4000       4.36299049E-07       2.76673988E-06       3.69243257E-06       1.69738484E-06
   816.5000       4.36301427E-07       2.76676912E-06       3.69247436E-06       1.69740306E-06
   816.6000       4.36303829E-07       2.76679851E-06       3.69251637E-06       1.69742137E-06
   816.7000       4.36306255E-07       2.76682808E-06       3.69255863E-06       1.69743977E-06
   816.8000       4.36308704E-07       2.76685782E-06       3.69260114E-06       1.69745828E-06
   816.9000       4.36311176E-07       2.76688771E-06       3.69264393E-06       1.69747690E-06
   817.0000       4.36313672E-07       2.76691774E-06       3.69268691E-06       1.69749560E-06
   817.1000       4.36316191E-07       2.76694794E-06       3.69273009E-06       1.69751440E-06
   817.2000       4.36318733E-07       2.76697829E-06       3.69277344E-06       1.69753329E-06
   817.3000       4.36321298E-07       2.76700879E-06       3.69281692E-06       1.69755226E-06
   817.4000       4.36323887E-07       2.76703944E-06       3.69286057E-06       1.69757131E-06
   817.5000       4.36326498E-07       2.76707022E-06       3.69290444E-06       1.69759047E-06
   817.6000       4.36329132E-07       2.76710116E-06       3.69294849E-06       1.69760972E-06
   817.7000       4.36331790E-07       2.76713226E-06       3.69299269E-06       1.69762906E-06
   817.8000       4.36334471E-07       2.76716349E-06       3.69303711E-06       1.69764847E-06
   817.9000       4.36337175E-07       2.76719486E-06       3.69308173E-06       1.69766797E-06
   818.0000       4.36339901E-07       2.76722636E-06       3.69312650E-06       1.69768756E-06
   818.1000       4.36342652E-07       2.76725802E-06       3.69317150E-06       1.69770724E-06
   818.2000       4.36345425E-07       2.76728984E-06       3.69321672E-06       1.69772704E-06
   818.3000       4.36348222E-07       2.76732179E-06       3.69326217E-06       1.69774692E-06
   818.4000       4.36351042E-07       2.76735388E-06       3.69330782E-06       1.69776688E-06
   818.5000       4.36353885E-07       2.76738612E-06       3.69335371E-06       1.69778696E-06
   818.6000       4.36356753E-07       2.76741850E-06       3.69339982E-06       1.69780713E-06
   818.7000       4.36359644E-07       2.76745102E-06       3.69344616E-06       1.69782738E-06
   818.8000       4.36362559E-07       2.76748370E-06       3.69349270E-06       1.69784773E-06
   818.9000       4.36365497E-07       2.76751653E-06       3.69353939E-06       1.69786816E-06
   819.0000       4.36368460E-07       2.76754949E-06       3.69358629E-06       1.69788867E-06
   819.1000       4.36371447E-07       2.76758258E-06       3.69363334E-06       1.69790926E-06
   819.2000       4.36374457E-07       2.76761581E-06       3.69368059E-06       1.69792993E-06
   819.3000       4.36377493E-07       2.76764918E-06       3.69372801E-06       1.69795067E-06
   819.4000       4.36380552E-07       2.76768271E-06       3.69377567E-06       1.69797153E-06
   819.5000       4.36383635E-07       2.76771638E-06       3.69382355E-06       1.69799247E-06
   819.6000       4.36386743E-07       2.76775017E-06       3.69387167E-06       1.69801351E-06
   819.7000       4.36389876E-07       2.76778409E-06       3.69391995E-06       1.69803461E-06
   819.8000       4.36393033E-07       2.76781813E-06       3.69396843E-06       1.69805581E-06
   819.9000       4.36396214E-07       2.76785232E-06       3.69401712E-06       1.69807710E-06
   820.0000       4.36399420E-07       2.76788664E-06       3.69406602E-06       1.69809849E-06
   820.1000       4.36402649E-07       2.76792109E-06       3.69411513E-06       1.69811996E-06
   820.2000       4.36405904E-07       2.76795568E-06       3.69416439E-06       1.69814151E-06
   820.3000       4.36409182E-07       2.76799041E-06       3.69421387E-06       1.69816316E-06
   820.4000       4.36412485E-07       2.76802527E-06       3.69426355E-06       1.69818489E-06
   820.5000       4.36415811E-07       2.76806028E-06       3.69431341E-06       1.69820672E-06
   820.6000       4.36419162E-07       2.76809543E-06       3.69436345E-06       1.69822863E-06
   820.7000       4.36422536E-07       2.76813072E-06       3.69441363E-06       1.69825061E-06
   820.8000       4.36425934E-07       2.76816614E-06       3.69446392E-06       1.69827266E-06
   820.9000       4.36429355E-07       2.76820169E-06       3.69451433E-06       1.69829479E-06
   821.0000       4.36432799E-07       2.76823739E-06       3.69456491E-06       1.69831700E-06
   821.1000       4.36436267E-07       2.76827323E-06       3.69461564E-06       1.69833931E-06
   821.2000       4.36439758E-07       2.76830923E-06       3.69466657E-06       1.69836170E-06
   821.3000       4.36443271E-07       2.76834539E-06       3.69471771E-06       1.69838420E-06
   821.4000       4.36446808E-07       2.76838170E-06       3.69476905E-06       1.69840678E-06
   821.5000       4.36450366E-07       2.76841814E-06       3.69482056E-06       1.69842945E-06
   821.6000       4.36453947E-07       2.76845472E-06       3.69487225E-06       1.69845219E-06
   821.7000       4.36457550E-07       2.76849146E-06       3.69492423E-06       1.69847504E-06
   821.8000       4.36461176E-07       2.76852836E-06       3.69497645E-06       1.69849799E-06
   821.9000       4.36464823E-07       2.76856539E-06       3.69502888E-06       1.69852101E-06
   822.0000       4.36468491E-07       2.76860256E-06       3.69508149E-06       1.69854413E-06
   822.1000       4.36472182E-07       2.76863986E-06       3.69513431E-06       1.69856733E-06
   822.2000       4.36475893E-07       2.76867730E-06       3.69518731E-06       1.69859062E-06
   822.3000       4.36479627E-07       2.76871488E-06       3.69524051E-06       1.69861400E-06
   822.4000       4.36483381E-07       2.76875262E-06       3.69529394E-06       1.69863747E-06
   822.5000       4.36487157E-07       2.76879051E-06       3.69534758E-06       1.69866104E-06
   822.6000       4.36490954E-07       2.76882854E-06       3.69540145E-06       1.69868471E-06
   822.7000       4.36494772E-07       2.76886670E-06       3.69545553E-06       1.69870845E-06
   822.8000       4.36498611E-07       2.76890499E-06       3.69550980E-06       1.69873229E-06
   822.9000       4.36502472E-07       2.76894343E-06       3.69556424E-06       1.69875622E-06
   823.0000       4.36506354E-07       2.76898200E-06       3.69561887E-06       1.69878021E-06
   823.1000       4.36510257E-07       2.76902071E-06       3.69567362E-06       1.69880428E-06
   823.2000       4.36514181E-07       2.76905956E-06       3.69572855E-06       1.69882843E-06
   823.3000       4.36518126E-07       2.76909855E-06       3.69578370E-06       1.69885267E-06
   823.4000       4.36522093E-07       2.76913769E-06       3.69583904E-06       1.69887700E-06
   823.5000       4.36526081E-07       2.76917695E-06       3.69589457E-06       1.69890141E-06
   823.6000       4.36530091E-07       2.76921634E-06       3.69595030E-06       1.69892590E-06
   823.7000       4.36534122E-07       2.76925588E-06       3.69600621E-06       1.69895048E-06
   823.8000       4.36538175E-07       2.76929556E-06       3.69606234E-06       1.69897516E-06
   823.9000       4.36542250E-07       2.76933540E-06       3.69611867E-06       1.69899993E-06
   824.0000       4.36546347E-07       2.76937537E-06       3.69617518E-06       1.69902478E-06
   824.1000       4.36550465E-07       2.76941549E-06       3.69623192E-06       1.69904973E-06
   824.2000       4.36554605E-07       2.76945573E-06       3.69628889E-06       1.69907476E-06
   824.3000       4.36558768E-07       2.76949609E-06       3.69634607E-06       1.69909988E-06
   824.4000       4.36562952E-07       2.76953658E-06       3.69640345E-06       1.69912507E-06
   824.5000       4.36567159E-07       2.76957723E-06       3.69646101E-06       1.69915036E-06
   824.6000       4.36571388E-07       2.76961800E-06       3.69651876E-06       1.69917573E-06
   824.7000       4.36575639E-07       2.76965890E-06       3.69657673E-06       1.69920118E-06
   824.8000       4.36579913E-07       2.76969992E-06       3.69663489E-06       1.69922671E-06
   824.9000       4.36584208E-07       2.76974106E-06       3.69669326E-06       1.69925233E-06
   825.0000       4.36588526E-07       2.76978232E-06       3.69675183E-06       1.69927803E-06
   825.1000       4.36592866E-07       2.76982370E-06       3.69681059E-06       1.69930380E-06
   825.2000       4.36597229E-07       2.76986519E-06       3.69686951E-06       1.69932964E-06
   825.3000       4.36601613E-07       2.76990684E-06       3.69692862E-06       1.69935558E-06
   825.4000       4.36606020E-07       2.76994862E-06       3.69698794E-06       1.69938162E-06
   825.5000       4.36610449E-07       2.76999054E-06       3.69704744E-06       1.69940773E-06
   825.6000       4.36614900E-07       2.77003261E-06       3.69710713E-06       1.69943394E-06
   825.7000       4.36619373E-07       2.77007482E-06       3.69716698E-06       1.69946025E-06
   825.8000       4.36623868E-07       2.77011717E-06       3.69722699E-06       1.69948663E-06
   825.9000       4.36628384E-07       2.77015964E-06       3.69728711E-06       1.69951308E-06
   826.0000       4.36632923E-07       2.77020223E-06       3.69734734E-06       1.69953959E-06
   826.1000       4.36637483E-07       2.77024494E-06       3.69740770E-06       1.69956619E-06
   826.2000       4.36642065E-07       2.77028779E-06       3.69746820E-06       1.69959285E-06
   826.3000       4.36646668E-07       2.77033077E-06       3.69752885E-06       1.69961959E-06
   826.4000       4.36651293E-07       2.77037388E-06       3.69758963E-06       1.69964639E-06
   826.5000       4.36655939E-07       2.77041711E-06       3.69765058E-06       1.69967327E-06
   826.6000       4.36660606E-07       2.77046047E-06       3.69771170E-06       1.69970024E-06
   826.7000       4.36665295E-07       2.77050398E-06       3.69777295E-06       1.69972728E-06
   826.8000       4.36670005E-07       2.77054761E-06       3.69783434E-06       1.69975438E-06
   826.9000       4.36674736E-07       2.77059137E-06       3.69789590E-06       1.69978156E-06
   827.0000       4.36679488E-07       2.77063526E-06       3.69795766E-06       1.69980883E-06
   827.1000       4.36684261E-07       2.77067927E-06       3.69801958E-06       1.69983617E-06
   827.2000       4.36689055E-07       2.77072343E-06       3.69808170E-06       1.69986361E-06
   827.3000       4.36693869E-07       2.77076774E-06       3.69814394E-06       1.69989114E-06
   827.4000       4.36698705E-07       2.77081219E-06       3.69820634E-06       1.69991874E-06
   827.5000       4.36703562E-07       2.77085677E-06       3.69826895E-06       1.69994643E-06
   827.6000       4.36708439E-07       2.77090148E-06       3.69833174E-06       1.69997419E-06
   827.7000       4.36713338E-07       2.77094633E-06       3.69839477E-06       1.70000205E-06
   827.8000       4.36718257E-07       2.77099131E-06       3.69845801E-06       1.70003000E-06
   827.9000       4.36723197E-07       2.77103643E-06       3.69852142E-06       1.70005803E-06
   828.0000       4.36728158E-07       2.77108167E-06       3.69858495E-06       1.70008612E-06
   828.1000       4.36733139E-07       2.77112703E-06       3.69864868E-06       1.70011428E-06
   828.2000       4.36738142E-07       2.77117252E-06       3.69871263E-06       1.70014253E-06
   828.3000       4.36743165E-07       2.77121813E-06       3.69877677E-06       1.70017085E-06
   828.4000       4.36748209E-07       2.77126387E-06       3.69884109E-06       1.70019926E-06
   828.5000       4.36753274E-07       2.77130973E-06       3.69890558E-06       1.70022774E-06
   828.6000       4.36758360E-07       2.77135572E-06       3.69897028E-06       1.70025631E-06
   828.7000       4.36763467E-07       2.77140181E-06       3.69903517E-06       1.70028495E-06
   828.8000       4.36768595E-07       2.77144800E-06       3.69910024E-06       1.70031367E-06
   828.9000       4.36773743E-07       2.77149431E-06       3.69916552E-06       1.70034247E-06
   829.0000       4.36778912E-07       2.77154073E-06       3.69923092E-06       1.70037135E-06
   829.1000       4.36784103E-07       2.77158726E-06       3.69929653E-06       1.70040030E-06
   829.2000       4.36789314E-07       2.77163390E-06       3.69936231E-06       1.70042932E-06
   829.3000       4.36794546E-07       2.77168064E-06       3.69942832E-06       1.70045842E-06
   829.4000       4.36799799E-07       2.77172750E-06       3.69949453E-06       1.70048761E-06
   829.5000       4.36805073E-07       2.77177449E-06       3.69956094E-06       1.70051689E-06
   829.6000       4.36810367E-07       2.77182162E-06       3.69962755E-06       1.70054627E-06
   829.7000       4.36815682E-07       2.77186887E-06       3.69969435E-06       1.70057572E-06
   829.8000       4.36821018E-07       2.77191625E-06       3.69976131E-06       1.70060526E-06
   829.9000       4.36826375E-07       2.77196374E-06       3.69982841E-06       1.70063487E-06
   830.0000       4.36831752E-07       2.77201136E-06       3.69989568E-06       1.70066456E-06
   830.1000       4.36837150E-07       2.77205911E-06       3.69996315E-06       1.70069433E-06
   830.2000       4.36842568E-07       2.77210697E-06       3.70003074E-06       1.70072416E-06
   830.3000       4.36848006E-07       2.77215494E-06       3.70009848E-06       1.70075405E-06
   830.4000       4.36853465E-07       2.77220303E-06       3.70016637E-06       1.70078401E-06
   830.5000       4.36858945E-07       2.77225125E-06       3.70023441E-06       1.70081405E-06
   830.6000       4.36864444E-07       2.77229960E-06       3.70030259E-06       1.70084415E-06
   830.7000       4.36869964E-07       2.77234807E-06       3.70037096E-06       1.70087432E-06
   830.8000       4.36875503E-07       2.77239667E-06       3.70043948E-06       1.70090457E-06
   830.9000       4.36881063E-07       2.77244541E-06       3.70050816E-06       1.70093490E-06
   831.0000       4.36886642E-07       2.77249428E-06       3.70057701E-06       1.70096531E-06
   831.1000       4.36892242E-07       2.77254327E-06       3.70064603E-06       1.70099579E-06
   831.2000       4.36897861E-07       2.77259239E-06       3.70071523E-06       1.70102634E-06
   831.3000       4.36903499E-07       2.77264165E-06       3.70078461E-06       1.70105697E-06
   831.4000       4.36909158E-07       2.77269103E-06       3.70085411E-06       1.70108767E-06
   831.5000       4.36914836E-07       2.77274054E-06       3.70092377E-06       1.70111844E-06
   831.6000       4.36920533E-07       2.77279015E-06       3.70099361E-06       1.70114927E-06
   831.7000       4.36926249E-07       2.77283988E-06       3.70106361E-06       1.70118017E-06
   831.8000       4.36931985E-07       2.77288972E-06       3.70113372E-06       1.70121116E-06
   831.9000       4.36937741E-07       2.77293967E-06       3.70120396E-06       1.70124221E-06
   832.0000       4.36943515E-07       2.77298972E-06       3.70127434E-06       1.70127333E-06
   832.1000       4.36949309E-07       2.77303987E-06       3.70134485E-06       1.70130451E-06
   832.2000       4.36955121E-07       2.77309013E-06       3.70141548E-06       1.70133576E-06
   832.3000       4.36960953E-07       2.77314049E-06       3.70148629E-06       1.70136706E-06
   832.4000       4.36966804E-07       2.77319094E-06       3.70155728E-06       1.70139843E-06
   832.5000       4.36972675E-07       2.77324151E-06       3.70162840E-06       1.70142985E-06
   832.6000       4.36978564E-07       2.77329219E-06       3.70169965E-06       1.70146134E-06
   832.7000       4.36984472E-07       2.77334299E-06       3.70177107E-06       1.70149291E-06
   832.8000       4.36990400E-07       2.77339389E-06       3.70184267E-06       1.70152453E-06
   832.9000       4.36996346E-07       2.77344489E-06       3.70191443E-06       1.70155624E-06
   833.0000       4.37002312E-07       2.77349601E-06       3.70198637E-06       1.70158802E-06
   833.1000       4.37008297E-07       2.77354725E-06       3.70205842E-06       1.70161987E-06
   833.2000       4.37014301E-07       2.77359862E-06       3.70213061E-06       1.70165180E-06
   833.3000       4.37020324E-07       2.77365009E-06       3.70220291E-06       1.70168379E-06
   833.4000       4.37026367E-07       2.77370167E-06       3.70227537E-06       1.70171585E-06
   833.5000       4.37032429E-07       2.77375335E-06       3.70234792E-06       1.70174797E-06
   833.6000       4.37038510E-07       2.77380514E-06       3.70242060E-06       1.70178015E-06
   833.7000       4.37044610E-07       2.77385704E-06       3.70249341E-06       1.70181240E-06
   833.8000       4.37050729E-07       2.77390906E-06       3.70256635E-06       1.70184471E-06
   833.9000       4.37056868E-07       2.77396119E-06       3.70263940E-06       1.70187710E-06
   834.0000       4.37063026E-07       2.77401341E-06       3.70271255E-06       1.70190955E-06
   834.1000       4.37069203E-07       2.77406572E-06       3.70278580E-06       1.70194205E-06
   834.2000       4.37075400E-07       2.77411813E-06       3.70285921E-06       1.70197462E-06
   834.3000       4.37081615E-07       2.77417064E-06       3.70293277E-06       1.70200725E-06
   834.4000       4.37087850E-07       2.77422324E-06       3.70300649E-06       1.70203995E-06
   834.5000       4.37094103E-07       2.77427595E-06       3.70308036E-06       1.70207271E-06
   834.6000       4.37100375E-07       2.77432876E-06       3.70315435E-06       1.70210553E-06
   834.7000       4.37106666E-07       2.77438166E-06       3.70322844E-06       1.70213840E-06
   834.8000       4.37112976E-07       2.77443467E-06       3.70330271E-06       1.70217135E-06
   834.9000       4.37119304E-07       2.77448778E-06       3.70337718E-06       1.70220436E-06
   835.0000       4.37125651E-07       2.77454099E-06       3.70345182E-06       1.70223744E-06
   835.1000       4.37132016E-07       2.77459431E-06       3.70352669E-06       1.70227061E-06
   835.2000       4.37138399E-07       2.77464773E-06       3.70360177E-06       1.70230385E-06
   835.3000       4.37144800E-07       2.77470125E-06       3.70367703E-06       1.70233717E-06
   835.4000       4.37151219E-07       2.77475488E-06       3.70375248E-06       1.70237056E-06
   835.5000       4.37157655E-07       2.77480863E-06       3.70382813E-06       1.70240404E-06
   835.6000       4.37164109E-07       2.77486248E-06       3.70390391E-06       1.70243757E-06
   835.7000       4.37170580E-07       2.77491644E-06       3.70397982E-06       1.70247116E-06
   835.8000       4.37177068E-07       2.77497050E-06       3.70405588E-06       1.70250481E-06
   835.9000       4.37183574E-07       2.77502466E-06       3.70413206E-06       1.70253852E-06
   836.0000       4.37190096E-07       2.77507894E-06       3.70420837E-06       1.70257231E-06
   836.1000       4.37196635E-07       2.77513335E-06       3.70428482E-06       1.70260617E-06
   836.2000       4.37203190E-07       2.77518786E-06       3.70436136E-06       1.70264008E-06
   836.3000       4.37209763E-07       2.77524249E-06       3.70443808E-06       1.70267406E-06
   836.4000       4.37216351E-07       2.77529723E-06       3.70451494E-06       1.70270811E-06
   836.5000       4.37222956E-07       2.77535208E-06       3.70459190E-06       1.70274222E-06
   836.6000       4.37229577E-07       2.77540703E-06       3.70466898E-06       1.70277638E-06
   836.7000       4.37236214E-07       2.77546210E-06       3.70474617E-06       1.70281059E-06
   836.8000       4.37242868E-07       2.77551728E-06       3.70482351E-06       1.70284488E-06
   836.9000       4.37249538E-07       2.77557256E-06       3.70490100E-06       1.70287924E-06
   837.0000       4.37256223E-07       2.77562796E-06       3.70497861E-06       1.70291367E-06
   837.1000       4.37262926E-07       2.77568346E-06       3.70505634E-06       1.70294815E-06
   837.2000       4.37269644E-07       2.77573908E-06       3.70513422E-06       1.70298270E-06
   837.3000       4.37276378E-07       2.77579481E-06       3.70521223E-06       1.70301732E-06
   837.4000       4.37283129E-07       2.77585065E-06       3.70529037E-06       1.70305199E-06
   837.5000       4.37289897E-07       2.77590658E-06       3.70536868E-06       1.70308673E-06
   837.6000       4.37296680E-07       2.77596260E-06       3.70544717E-06       1.70312153E-06
   837.7000       4.37303480E-07       2.77601870E-06       3.70552585E-06       1.70315640E-06
   837.8000       4.37310297E-07       2.77607491E-06       3.70560469E-06       1.70319135E-06
   837.9000       4.37317131E-07       2.77613121E-06       3.70568368E-06       1.70322635E-06
   838.0000       4.37323981E-07       2.77618760E-06       3.70576283E-06       1.70326141E-06
   838.1000       4.37330848E-07       2.77624410E-06       3.70584213E-06       1.70329654E-06
   838.2000       4.37337732E-07       2.77630069E-06       3.70592155E-06       1.70333173E-06
   838.3000       4.37344633E-07       2.77635737E-06       3.70600114E-06       1.70336699E-06
   838.4000       4.37351551E-07       2.77641413E-06       3.70608089E-06       1.70340231E-06
   838.5000       4.37358487E-07       2.77647100E-06       3.70616083E-06       1.70343770E-06
   838.6000       4.37365439E-07       2.77652797E-06       3.70624088E-06       1.70347316E-06
   838.7000       4.37372409E-07       2.77658503E-06       3.70632105E-06       1.70350868E-06
   838.8000       4.37379396E-07       2.77664218E-06       3.70640134E-06       1.70354426E-06
   838.9000       4.37386400E-07       2.77669944E-06       3.70648173E-06       1.70357988E-06
   839.0000       4.37393422E-07       2.77675677E-06       3.70656225E-06       1.70361555E-06
   839.1000       4.37400461E-07       2.77681421E-06       3.70664289E-06       1.70365128E-06
   839.2000       4.37407516E-07       2.77687174E-06       3.70672365E-06       1.70368706E-06
   839.3000       4.37414590E-07       2.77692937E-06       3.70680450E-06       1.70372290E-06
   839.4000       4.37421680E-07       2.77698710E-06       3.70688547E-06       1.70375880E-06
   839.5000       4.37428787E-07       2.77704491E-06       3.70696659E-06       1.70379476E-06
   839.6000       4.37435912E-07       2.77710280E-06       3.70704783E-06       1.70383076E-06
   839.7000       4.37443053E-07       2.77716080E-06       3.70712918E-06       1.70386682E-06
   839.8000       4.37450212E-07       2.77721891E-06       3.70721068E-06       1.70390295E-06
   839.9000       4.37457387E-07       2.77727713E-06       3.70729229E-06       1.70393914E-06
   840.0000       4.37464579E-07       2.77733548E-06       3.70737403E-06       1.70397539E-06
   840.1000       4.37471787E-07       2.77739393E-06       3.70745587E-06       1.70401170E-06
   840.2000       4.37479012E-07       2.77745249E-06       3.70753784E-06       1.70404808E-06
   840.3000       4.37486254E-07       2.77751115E-06       3.70761996E-06       1.70408452E-06
   840.4000       4.37493512E-07       2.77756990E-06       3.70770221E-06       1.70412103E-06
   840.5000       4.37500786E-07       2.77762878E-06       3.70778455E-06       1.70415760E-06
   840.6000       4.37508077E-07       2.77768776E-06       3.70786701E-06       1.70419422E-06
   840.7000       4.37515383E-07       2.77774683E-06       3.70794955E-06       1.70423090E-06
   840.8000       4.37522706E-07       2.77780601E-06       3.70803222E-06       1.70426765E-06
   840.9000       4.37530045E-07       2.77786527E-06       3.70811500E-06       1.70430445E-06
   841.0000       4.37537400E-07       2.77792461E-06       3.70819794E-06       1.70434131E-06
   841.1000       4.37544771E-07       2.77798402E-06       3.70828103E-06       1.70437824E-06
   841.2000       4.37552157E-07       2.77804354E-06       3.70836418E-06       1.70441521E-06
   841.3000       4.37559560E-07       2.77810316E-06       3.70844745E-06       1.70445224E-06
   841.4000       4.37566979E-07       2.77816287E-06       3.70853085E-06       1.70448934E-06
   841.5000       4.37574414E-07       2.77822269E-06       3.70861432E-06       1.70452647E-06
   841.6000       4.37581865E-07       2.77828259E-06       3.70869793E-06       1.70456366E-06
   841.7000       4.37589331E-07       2.77834257E-06       3.70878167E-06       1.70460090E-06
   841.8000       4.37596814E-07       2.77840264E-06       3.70886556E-06       1.70463819E-06
   841.9000       4.37604313E-07       2.77846279E-06       3.70894960E-06       1.70467554E-06
   842.0000       4.37611828E-07       2.77852302E-06       3.70903380E-06       1.70471294E-06
   842.1000       4.37619359E-07       2.77858331E-06       3.70911819E-06       1.70475040E-06
   842.2000       4.37626906E-07       2.77864369E-06       3.70920273E-06       1.70478791E-06
   842.3000       4.37634469E-07       2.77870415E-06       3.70928739E-06       1.70482549E-06
   842.4000       4.37642048E-07       2.77876469E-06       3.70937216E-06       1.70486312E-06
   842.5000       4.37649643E-07       2.77882532E-06       3.70945704E-06       1.70490082E-06
   842.6000       4.37657254E-07       2.77888602E-06       3.70954204E-06       1.70493856E-06
   842.7000       4.37664882E-07       2.77894678E-06       3.70962714E-06       1.70497634E-06
   842.8000       4.37672525E-07       2.77900764E-06       3.70971235E-06       1.70501418E-06
   842.9000       4.37680185E-07       2.77906858E-06       3.70979763E-06       1.70505206E-06
   843.0000       4.37687860E-07       2.77912959E-06       3.70988302E-06       1.70508999E-06
   843.1000       4.37695552E-07       2.77919068E-06       3.70996850E-06       1.70512797E-06
   843.2000       4.37703259E-07       2.77925185E-06       3.71005412E-06       1.70516599E-06
   843.3000       4.37710982E-07       2.77931311E-06       3.71013985E-06       1.70520407E-06
   843.4000       4.37718721E-07       2.77937445E-06       3.71022573E-06       1.70524221E-06
   843.5000       4.37726475E-07       2.77943587E-06       3.71031175E-06       1.70528040E-06
   843.6000       4.37734246E-07       2.77949736E-06       3.71039785E-06       1.70531864E-06
   843.7000       4.37742031E-07       2.77955894E-06       3.71048404E-06       1.70535693E-06
   843.8000       4.37749832E-07       2.77962061E-06       3.71057026E-06       1.70539525E-06
   843.9000       4.37757648E-07       2.77968237E-06       3.71065653E-06       1.70543363E-06
   844.0000       4.37765479E-07       2.77974421E-06       3.71074289E-06       1.70547205E-06
   844.1000       4.37773325E-07       2.77980614E-06       3.71082936E-06       1.70551053E-06
   844.2000       4.37781186E-07       2.77986814E-06       3.71091589E-06       1.70554905E-06
   844.3000       4.37789061E-07       2.77993020E-06       3.71100248E-06       1.70558761E-06
   844.4000       4.37796951E-07       2.77999235E-06       3.71108916E-06       1.70562621E-06
   844.5000       4.37804855E-07       2.78005458E-06       3.71117597E-06       1.70566486E-06
   844.6000       4.37812774E-07       2.78011688E-06       3.71126288E-06       1.70570356E-06
   844.7000       4.37820707E-07       2.78017927E-06       3.71134994E-06       1.70574231E-06
   844.8000       4.37828653E-07       2.78024174E-06       3.71143710E-06       1.70578110E-06
   844.9000       4.37836614E-07       2.78030429E-06       3.71152436E-06       1.70581995E-06
   845.0000       4.37844588E-07       2.78036695E-06       3.71161173E-06       1.70585887E-06
   845.1000       4.37852577E-07       2.78042969E-06       3.71169920E-06       1.70589782E-06
   845.2000       4.37860578E-07       2.78049251E-06       3.71178679E-06       1.70593682E-06
   845.3000       4.37868594E-07       2.78055541E-06       3.71187450E-06       1.70597587E-06
   845.4000       4.37876622E-07       2.78061838E-06       3.71196234E-06       1.70601496E-06
   845.5000       4.37884664E-07       2.78068141E-06       3.71205033E-06       1.70605410E-06
   845.6000       4.37892720E-07       2.78074450E-06       3.71213843E-06       1.70609327E-06
   845.7000       4.37900788E-07       2.78080765E-06       3.71222662E-06       1.70613248E-06
   845.8000       4.37908870E-07       2.78087087E-06       3.71231493E-06       1.70617174E-06
   845.9000       4.37916965E-07       2.78093414E-06       3.71240337E-06       1.70621105E-06
   846.0000       4.37925073E-07       2.78099749E-06       3.71249195E-06       1.70625042E-06
   846.1000       4.37933194E-07       2.78106089E-06       3.71258063E-06       1.70628983E-06
   846.2000       4.37941328E-07       2.78112437E-06       3.71266939E-06       1.70632929E-06
   846.3000       4.37949474E-07       2.78118792E-06       3.71275826E-06       1.70636880E-06
   846.4000       4.37957634E-07       2.78125154E-06       3.71284725E-06       1.70640835E-06
   846.5000       4.37965807E-07       2.78131521E-06       3.71293634E-06       1.70644794E-06
   846.6000       4.37973993E-07       2.78137895E-06       3.71302551E-06       1.70648757E-06
   846.7000       4.37982191E-07       2.78144275E-06       3.71311476E-06       1.70652725E-06
   846.8000       4.37990402E-07       2.78150662E-06       3.71320414E-06       1.70656698E-06
   846.9000       4.37998626E-07       2.78157055E-06       3.71329365E-06       1.70660675E-06
   847.0000       4.38006863E-07       2.78163453E-06       3.71338326E-06       1.70664657E-06
   847.1000       4.38015112E-07       2.78169860E-06       3.71347294E-06       1.70668642E-06
   847.2000       4.38023374E-07       2.78176277E-06       3.71356273E-06       1.70672634E-06
   847.3000       4.38031649E-07       2.78182701E-06       3.71365262E-06       1.70676631E-06
   847.4000       4.38039936E-07       2.78189131E-06       3.71374260E-06       1.70680632E-06
   847.5000       4.38048235E-07       2.78195567E-06       3.71383269E-06       1.70684638E-06
   847.6000       4.38056547E-07       2.78202008E-06       3.71392284E-06       1.70688646E-06
   847.7000       4.38064871E-07       2.78208456E-06       3.71401302E-06       1.70692657E-06
   847.8000       4.38073207E-07       2.78214913E-06       3.71410330E-06       1.70696673E-06
   847.9000       4.38081555E-07       2.78221377E-06       3.71419364E-06       1.70700693E-06
   848.0000       4.38089916E-07       2.78227848E-06       3.71428409E-06       1.70704716E-06
   848.1000       4.38098288E-07       2.78234326E-06       3.71437463E-06       1.70708743E-06
   848.2000       4.38106672E-07       2.78240813E-06       3.71446525E-06       1.70712775E-06
   848.3000       4.38115067E-07       2.78247309E-06       3.71455593E-06       1.70716812E-06
   848.4000       4.38123475E-07       2.78253810E-06       3.71464669E-06       1.70720853E-06
   848.5000       4.38131894E-07       2.78260319E-06       3.71473753E-06       1.70724900E-06
   848.6000       4.38140324E-07       2.78266836E-06       3.71482845E-06       1.70728950E-06
   848.7000       4.38148766E-07       2.78273361E-06       3.71491946E-06       1.70733005E-06
   848.8000       4.38157219E-07       2.78279895E-06       3.71501056E-06       1.70737063E-06
   848.9000       4.38165684E-07       2.78286436E-06       3.71510180E-06       1.70741127E-06
   849.0000       4.38174160E-07       2.78292986E-06       3.71519318E-06       1.70745196E-06
   849.1000       4.38182646E-07       2.78299542E-06       3.71528466E-06       1.70749268E-06
   849.2000       4.38191144E-07       2.78306103E-06       3.71537618E-06       1.70753342E-06
   849.3000       4.38199654E-07       2.78312671E-06       3.71546779E-06       1.70757420E-06
   849.4000       4.38208174E-07       2.78319246E-06       3.71555949E-06       1.70761504E-06
   849.5000       4.38216705E-07       2.78325829E-06       3.71565131E-06       1.70765592E-06
   849.6000       4.38225248E-07       2.78332421E-06       3.71574322E-06       1.70769684E-06
   849.7000       4.38233801E-07       2.78339019E-06       3.71583524E-06       1.70773781E-06
   849.8000       4.38242366E-07       2.78345623E-06       3.71592731E-06       1.70777880E-06
   849.9000       4.38250942E-07       2.78352234E-06       3.71601946E-06       1.70781983E-06
   850.0000       4.38259529E-07       2.78358854E-06       3.71611161E-06       1.70786090E-06
   850.1000       4.38268128E-07       2.78365481E-06       3.71620382E-06       1.70790200E-06
   850.2000       4.38276738E-07       2.78372116E-06       3.71629612E-06       1.70794315E-06
   850.3000       4.38285359E-07       2.78378755E-06       3.71638851E-06       1.70798433E-06
   850.4000       4.38293992E-07       2.78385402E-06       3.71648101E-06       1.70802555E-06
   850.5000       4.38302637E-07       2.78392055E-06       3.71657364E-06       1.70806682E-06
   850.6000       4.38311293E-07       2.78398715E-06       3.71666627E-06       1.70810811E-06
   850.7000       4.38319961E-07       2.78405380E-06       3.71675895E-06       1.70814942E-06
   850.8000       4.38328641E-07       2.78412051E-06       3.71685174E-06       1.70819078E-06
   850.9000       4.38337334E-07       2.78418727E-06       3.71694465E-06       1.70823217E-06
   851.0000       4.38346038E-07       2.78425409E-06       3.71703763E-06       1.70827359E-06
   851.1000       4.38354754E-07       2.78432098E-06       3.71713074E-06       1.70831506E-06
   851.2000       4.38363483E-07       2.78438793E-06       3.71722395E-06       1.70835657E-06
   851.3000       4.38372225E-07       2.78445495E-06       3.71731726E-06       1.70839814E-06
   851.4000       4.38380979E-07       2.78452200E-06       3.71741069E-06       1.70843974E-06
   851.5000       4.38389745E-07       2.78458911E-06       3.71750417E-06       1.70848137E-06
   851.6000       4.38398524E-07       2.78465626E-06       3.71759766E-06       1.70852303E-06
   851.7000       4.38407316E-07       2.78472346E-06       3.71769121E-06       1.70856472E-06
   851.8000       4.38416120E-07       2.78479071E-06       3.71778478E-06       1.70860644E-06
   851.9000       4.38424937E-07       2.78485802E-06       3.71787844E-06       1.70864819E-06
   852.0000       4.38433767E-07       2.78492538E-06       3.71797221E-06       1.70869000E-06
   852.1000       4.38442610E-07       2.78499280E-06       3.71806605E-06       1.70873183E-06
   852.2000       4.38451465E-07       2.78506025E-06       3.71815991E-06       1.70877369E-06
   852.3000       4.38460333E-07       2.78512776E-06       3.71825387E-06       1.70881558E-06
   852.4000       4.38469214E-07       2.78519533E-06       3.71834792E-06       1.70885753E-06
   852.5000       4.38478107E-07       2.78526294E-06       3.71844208E-06       1.70889950E-06
   852.6000       4.38487013E-07       2.78533060E-06       3.71853631E-06       1.70894152E-06
   852.7000       4.38495931E-07       2.78539829E-06       3.71863062E-06       1.70898356E-06
   852.8000       4.38504861E-07       2.78546600E-06       3.71872498E-06       1.70902561E-06
   852.9000       4.38513803E-07       2.78553374E-06       3.71881942E-06       1.70906770E-06
   853.0000       4.38522758E-07       2.78560153E-06       3.71891397E-06       1.70910983E-06
   853.1000       4.38531724E-07       2.78566938E-06       3.71900862E-06       1.70915200E-06
   853.2000       4.38540701E-07       2.78573729E-06       3.71910330E-06       1.70919420E-06
   853.3000       4.38549690E-07       2.78580526E-06       3.71919798E-06       1.70923642E-06
   853.4000       4.38558691E-07       2.78587332E-06       3.71929274E-06       1.70927870E-06
   853.5000       4.38567702E-07       2.78594145E-06       3.71938757E-06       1.70932101E-06
   853.6000       4.38576724E-07       2.78600964E-06       3.71948248E-06       1.70936336E-06
   853.7000       4.38585757E-07       2.78607788E-06       3.71957748E-06       1.70940574E-06
   853.8000       4.38594801E-07       2.78614620E-06       3.71967258E-06       1.70944816E-06
   853.9000       4.38603854E-07       2.78621458E-06       3.71976774E-06       1.70949062E-06
   854.0000       4.38612918E-07       2.78628303E-06       3.71986298E-06       1.70953311E-06
   854.1000       4.38621992E-07       2.78635154E-06       3.71995828E-06       1.70957562E-06
   854.2000       4.38631075E-07       2.78642011E-06       3.72005358E-06       1.70961816E-06
   854.3000       4.38640168E-07       2.78648874E-06       3.72014894E-06       1.70966072E-06
   854.4000       4.38649271E-07       2.78655743E-06       3.72024439E-06       1.70970332E-06
   854.5000       4.38658382E-07       2.78662620E-06       3.72033988E-06       1.70974596E-06
   854.6000       4.38667503E-07       2.78669503E-06       3.72043544E-06       1.70978862E-06
   854.7000       4.38676633E-07       2.78676391E-06       3.72053104E-06       1.70983131E-06
   854.8000       4.38685772E-07       2.78683284E-06       3.72062668E-06       1.70987402E-06
   854.9000       4.38694919E-07       2.78690184E-06       3.72072240E-06       1.70991678E-06
   855.0000       4.38704075E-07       2.78697090E-06       3.72081816E-06       1.70995957E-06
   855.1000       4.38713240E-07       2.78704002E-06       3.72091404E-06       1.71000241E-06
   855.2000       4.38722414E-07       2.78710920E-06       3.72101004E-06       1.71004528E-06
   855.3000       4.38731596E-07       2.78717843E-06       3.72110610E-06       1.71008818E-06
   855.4000       4.38740787E-07       2.78724770E-06       3.72120220E-06       1.71013111E-06
   855.5000       4.38749986E-07       2.78731702E-06       3.72129839E-06       1.71017405E-06
   855.6000       4.38759194E-07       2.78738638E-06       3.72139465E-06       1.71021704E-06
   855.7000       4.38768411E-07       2.78745579E-06       3.72149098E-06       1.71026005E-06
   855.8000       4.38777636E-07       2.78752523E-06       3.72158737E-06       1.71030310E-06
   855.9000       4.38786870E-07       2.78759472E-06       3.72168379E-06       1.71034618E-06
   856.0000       4.38796113E-07       2.78766426E-06       3.72178031E-06       1.71038929E-06
   856.1000       4.38805365E-07       2.78773384E-06       3.72187688E-06       1.71043243E-06
   856.2000       4.38814626E-07       2.78780347E-06       3.72197353E-06       1.71047561E-06
   856.3000       4.38823896E-07       2.78787316E-06       3.72207024E-06       1.71051883E-06
   856.4000       4.38833175E-07       2.78794291E-06       3.72216705E-06       1.71056208E-06
   856.5000       4.38842464E-07       2.78801269E-06       3.72226394E-06       1.71060536E-06
   856.6000       4.38851762E-07       2.78808253E-06       3.72236089E-06       1.71064867E-06
   856.7000       4.38861069E-07       2.78815242E-06       3.72245793E-06       1.71069203E-06
   856.8000       4.38870386E-07       2.78822236E-06       3.72255504E-06       1.71073541E-06
   856.9000       4.38879712E-07       2.78829236E-06       3.72265223E-06       1.71077883E-06
   857.0000       4.38889049E-07       2.78836241E-06       3.72274957E-06       1.71082230E-06
   857.1000       4.38898394E-07       2.78843250E-06       3.72284701E-06       1.71086580E-06
   857.2000       4.38907750E-07       2.78850262E-06       3.72294450E-06       1.71090932E-06
   857.3000       4.38917116E-07       2.78857279E-06       3.72304206E-06       1.71095287E-06
   857.4000       4.38926491E-07       2.78864301E-06       3.72313967E-06       1.71099644E-06
   857.5000       4.38935876E-07       2.78871327E-06       3.72323734E-06       1.71104003E-06
   857.6000       4.38945271E-07       2.78878359E-06       3.72333507E-06       1.71108366E-06
   857.7000       4.38954677E-07       2.78885399E-06       3.72343284E-06       1.71112732E-06
   857.8000       4.38964092E-07       2.78892441E-06       3.72353069E-06       1.71117101E-06
   857.9000       4.38973517E-07       2.78899490E-06       3.72362860E-06       1.71121471E-06
   858.0000       4.38982952E-07       2.78906545E-06       3.72372661E-06       1.71125843E-06
   858.1000       4.38992396E-07       2.78913604E-06       3.72382466E-06       1.71130219E-06
   858.2000       4.39001851E-07       2.78920669E-06       3.72392276E-06       1.71134597E-06
   858.3000       4.39011315E-07       2.78927737E-06       3.72402090E-06       1.71138976E-06
   858.4000       4.39020789E-07       2.78934809E-06       3.72411906E-06       1.71143358E-06
   858.5000       4.39030273E-07       2.78941887E-06       3.72421728E-06       1.71147743E-06
   858.6000       4.39039766E-07       2.78948969E-06       3.72431552E-06       1.71152130E-06
   858.7000       4.39049268E-07       2.78956055E-06       3.72441381E-06       1.71156520E-06
   858.8000       4.39058780E-07       2.78963144E-06       3.72451216E-06       1.71160912E-06
   858.9000       4.39068301E-07       2.78970237E-06       3.72461050E-06       1.71165306E-06
   859.0000       4.39077831E-07       2.78977333E-06       3.72470892E-06       1.71169703E-06
   859.1000       4.39087371E-07       2.78984432E-06       3.72480742E-06       1.71174103E-06
   859.2000       4.39096919E-07       2.78991535E-06       3.72490599E-06       1.71178506E-06
   859.3000       4.39106477E-07       2.78998641E-06       3.72500462E-06       1.71182912E-06
   859.4000       4.39116043E-07       2.79005750E-06       3.72510332E-06       1.71187320E-06
   859.5000       4.39125618E-07       2.79012861E-06       3.72520210E-06       1.71191732E-06
   859.6000       4.39135201E-07       2.79019973E-06       3.72530095E-06       1.71196145E-06
   859.7000       4.39144794E-07       2.79027087E-06       3.72539991E-06       1.71200562E-06
   859.8000       4.39154395E-07       2.79034205E-06       3.72549894E-06       1.71204982E-06
   859.9000       4.39164004E-07       2.79041325E-06       3.72559803E-06       1.71209404E-06
   860.0000       4.39173622E-07       2.79048451E-06       3.72569719E-06       1.71213828E-06
   860.1000       4.39183248E-07       2.79055580E-06       3.72579638E-06       1.71218255E-06
   860.2000       4.39192883E-07       2.79062712E-06       3.72589563E-06       1.71222684E-06
   860.3000       4.39202526E-07       2.79069849E-06       3.72599494E-06       1.71227116E-06
   860.4000       4.39212177E-07       2.79076989E-06       3.72609427E-06       1.71231551E-06
   860.5000       4.39221836E-07       2.79084133E-06       3.72619362E-06       1.71235988E-06
   860.6000       4.39231504E-07       2.79091279E-06       3.72629300E-06       1.71240426E-06
   860.7000       4.39241179E-07       2.79098428E-06       3.72639241E-06       1.71244865E-06
   860.8000       4.39250863E-07       2.79105580E-06       3.72649180E-06       1.71249303E-06
   860.9000       4.39260554E-07       2.79112733E-06       3.72659117E-06       1.71253742E-06
   861.0000       4.39270254E-07       2.79119889E-06       3.72669053E-06       1.71258183E-06
   861.1000       4.39279961E-07       2.79127047E-06       3.72678990E-06       1.71262624E-06
   861.2000       4.39289676E-07       2.79134208E-06       3.72688934E-06       1.71267069E-06
   861.3000       4.39299398E-07       2.79141371E-06       3.72698883E-06       1.71271516E-06
   861.4000       4.39309128E-07       2.79148536E-06       3.72708833E-06       1.71275963E-06
   861.5000       4.39318865E-07       2.79155704E-06       3.72718784E-06       1.71280412E-06
   861.6000       4.39328610E-07       2.79162876E-06       3.72728741E-06       1.71284862E-06
   861.7000       4.39338362E-07       2.79170050E-06       3.72738708E-06       1.71289315E-06
   861.8000       4.39348121E-07       2.79177228E-06       3.72748685E-06       1.71293770E-06
   861.9000       4.39357887E-07       2.79184411E-06       3.72758669E-06       1.71298229E-06
   862.0000       4.39367661E-07       2.79191597E-06       3.72768656E-06       1.71302689E-06
   862.1000       4.39377440E-07       2.79198786E-06       3.72778653E-06       1.71307151E-06
