   600.1000       3.99329847E-02       4.00806817E-02
   600.2000       3.99329370E-02       4.00807829E-02
   600.3000       3.99328883E-02       4.00808835E-02
   600.4000       3.99328398E-02       4.00809842E-02
   600.5000       3.99327911E-02       4.00810851E-02
   600.6000       3.99327414E-02       4.00811859E-02
   600.7000       3.99326920E-02       4.00812865E-02
   600.8000       3.99326420E-02       4.00813873E-02
   600.9000       3.99325915E-02       4.00814877E-02
   601.0000       3.99325408E-02       4.00815880E-02
   601.1000       3.99324894E-02       4.00816880E-02
   601.2000       3.99324382E-02       4.00817880E-02
   601.3000       3.99323872E-02       4.00818881E-02
   601.4000       3.99323356E-02       4.00819878E-02
   601.5000       3.99322837E-02       4.00820876E-02
   601.6000       3.99322313E-02       4.00821869E-02
   601.7000       3.99321784E-02       4.00822860E-02
   601.8000       3.99321261E-02       4.00823854E-02
   601.9000       3.99320733E-02       4.00824847E-02
   602.0000       3.99320202E-02       4.00825837E-02
   602.1000       3.99319668E-02       4.00826824E-02
   602.2000       3.99319131E-02       4.00827810E-02
   602.3000       3.99318597E-02       4.00828797E-02
   602.4000       3.99318050E-02       4.00829777E-02
   602.5000       3.99317507E-02       4.00830759E-02
   602.6000       3.99316966E-02       4.00831746E-02
   602.7000       3.99316412E-02       4.00832725E-02
   602.8000       3.99315869E-02       4.00833708E-02
   602.9000       3.99315316E-02       4.00834683E-02
   603.0000       3.99314770E-02       4.00835660E-02
   603.1000       3.99314210E-02       4.00836630E-02
   603.2000       3.99313647E-02       4.00837602E-02
   603.3000       3.99313087E-02       4.00838578E-02
   603.4000       3.99312530E-02       4.00839547E-02
   603.5000       3.99311963E-02       4.00840512E-02
   603.6000       3.99311391E-02       4.00841477E-02
   603.7000       3.99310824E-02       4.00842446E-02
   603.8000       3.99310253E-02       4.00843413E-02
   603.9000       3.99309676E-02       4.00844370E-02
   604.0000       3.99309094E-02       4.00845335E-02
   604.1000       3.99308515E-02       4.00846296E-02
   604.2000       3.99307934E-02       4.00847254E-02
   604.3000       3.99307351E-02       4.00848211E-02
   604.4000       3.99306761E-02       4.00849165E-02
   604.5000       3.99306172E-02       4.00850117E-02
   604.6000       3.99305583E-02       4.00851067E-02
   604.7000       3.99304989E-02       4.00852016E-02
   604.8000       3.99304394E-02       4.00852962E-02
   604.9000       3.99303795E-02       4.00853906E-02
   605.0000       3.99303189E-02       4.00854846E-02
   605.1000       3.99302589E-02       4.00855790E-02
   605.2000       3.99301980E-02       4.00856731E-02
   605.3000       3.99301371E-02       4.00857665E-02
   605.4000       3.99300763E-02       4.00858603E-02
   605.5000       3.99300142E-02       4.00859538E-02
   605.6000       3.99299520E-02       4.00860470E-02
   605.7000       3.99298902E-02       4.00861402E-02
   605.8000       3.99298278E-02       4.00862331E-02
   605.9000       3.99297650E-02       4.00863253E-02
   606.0000       3.99297030E-02       4.00864178E-02
   606.1000       3.99296397E-02       4.00865101E-02
   606.2000       3.99295757E-02       4.00866020E-02
   606.3000       3.99295123E-02       4.00866940E-02
   606.4000       3.99294491E-02       4.00867857E-02
   606.5000       3.99293853E-02       4.00868772E-02
   606.6000       3.99293210E-02       4.00869680E-02
   606.7000       3.99292575E-02       4.00870595E-02
   606.8000       3.99291927E-02       4.00871503E-02
   606.9000       3.99291279E-02       4.00872411E-02
   607.0000       3.99290622E-02       4.00873317E-02
   607.1000       3.99289967E-02       4.00874222E-02
   607.2000       3.99289311E-02       4.00875123E-02
   607.3000       3.99288652E-02       4.00876020E-02
   607.4000       3.99287988E-02       4.00876916E-02
   607.5000       3.99287320E-02       4.00877811E-02
   607.6000       3.99286655E-02       4.00878707E-02
   607.7000       3.99285987E-02       4.00879597E-02
   607.8000       3.99285315E-02       4.00880483E-02
   607.9000       3.99284644E-02       4.00881371E-02
   608.0000       3.99283971E-02       4.00882254E-02
   608.1000       3.99283292E-02       4.00883132E-02
   608.2000       3.99282613E-02       4.00884010E-02
   608.3000       3.99281932E-02       4.00884889E-02
   608.4000       3.99281242E-02       4.00885763E-02
   608.5000       3.99280552E-02       4.00886633E-02
   608.6000       3.99279853E-02       4.00887500E-02
   608.7000       3.99279169E-02       4.00888375E-02
   608.8000       3.99278470E-02       4.00889242E-02
   608.9000       3.99277774E-02       4.00890108E-02
   609.0000       3.99277069E-02       4.00890973E-02
   609.1000       3.99276365E-02       4.00891838E-02
   609.2000       3.99275658E-02       4.00892698E-02
   609.3000       3.99274946E-02       4.00893555E-02
   609.4000       3.99274226E-02       4.00894403E-02
   609.5000       3.99273499E-02       4.00895252E-02
   609.6000       3.99272775E-02       4.00896102E-02
   609.7000       3.99272042E-02       4.00896945E-02
   609.8000       3.99271311E-02       4.00897790E-02
   609.9000       3.99270576E-02       4.00898631E-02
   610.0000       3.99269837E-02       4.00899476E-02
   610.1000       3.99269108E-02       4.00900318E-02
   610.2000       3.99268365E-02       4.00901149E-02
   610.3000       3.99267622E-02       4.00901982E-02
   610.4000       3.99266877E-02       4.00902816E-02
   610.5000       3.99266120E-02       4.00903642E-02
   610.6000       3.99265366E-02       4.00904467E-02
   610.7000       3.99264604E-02       4.00905287E-02
   610.8000       3.99263846E-02       4.00906105E-02
   610.9000       3.99263082E-02       4.00906922E-02
   611.0000       3.99262315E-02       4.00907736E-02
   611.1000       3.99261548E-02       4.00908548E-02
   611.2000       3.99260770E-02       4.00909358E-02
   611.3000       3.99259995E-02       4.00910165E-02
   611.4000       3.99259207E-02       4.00910972E-02
   611.5000       3.99258412E-02       4.00911773E-02
   611.6000       3.99257618E-02       4.00912571E-02
   611.7000       3.99256827E-02       4.00913362E-02
   611.8000       3.99256024E-02       4.00914147E-02
   611.9000       3.99255221E-02       4.00914940E-02
   612.0000       3.99254415E-02       4.00915728E-02
   612.1000       3.99253616E-02       4.00916517E-02
   612.2000       3.99252808E-02       4.00917298E-02
   612.3000       3.99251983E-02       4.00918077E-02
   612.4000       3.99251160E-02       4.00918849E-02
   612.5000       3.99250342E-02       4.00919626E-02
   612.6000       3.99249523E-02       4.00920399E-02
   612.7000       3.99248692E-02       4.00921165E-02
   612.8000       3.99247856E-02       4.00921927E-02
   612.9000       3.99247028E-02       4.00922692E-02
   613.0000       3.99246195E-02       4.00923454E-02
   613.1000       3.99245356E-02       4.00924208E-02
   613.2000       3.99244516E-02       4.00924962E-02
   613.3000       3.99243667E-02       4.00925710E-02
   613.4000       3.99242818E-02       4.00926463E-02
   613.5000       3.99241964E-02       4.00927205E-02
   613.6000       3.99241107E-02       4.00927944E-02
   613.7000       3.99240252E-02       4.00928686E-02
   613.8000       3.99239390E-02       4.00929421E-02
   613.9000       3.99238533E-02       4.00930156E-02
   614.0000       3.99237667E-02       4.00930884E-02
   614.1000       3.99236792E-02       4.00931610E-02
   614.2000       3.99235912E-02       4.00932332E-02
   614.3000       3.99235032E-02       4.00933055E-02
   614.4000       3.99234148E-02       4.00933775E-02
   614.5000       3.99233260E-02       4.00934489E-02
   614.6000       3.99232373E-02       4.00935204E-02
   614.7000       3.99231480E-02       4.00935915E-02
   614.8000       3.99230581E-02       4.00936623E-02
   614.9000       3.99229685E-02       4.00937327E-02
   615.0000       3.99228781E-02       4.00938031E-02
   615.1000       3.99227881E-02       4.00938726E-02
   615.2000       3.99226973E-02       4.00939420E-02
   615.3000       3.99226059E-02       4.00940107E-02
   615.4000       3.99225141E-02       4.00940795E-02
   615.5000       3.99224226E-02       4.00941483E-02
   615.6000       3.99223301E-02       4.00942162E-02
   615.7000       3.99222375E-02       4.00942842E-02
   615.8000       3.99221449E-02       4.00943519E-02
   615.9000       3.99220522E-02       4.00944192E-02
   616.0000       3.99219596E-02       4.00944862E-02
   616.1000       3.99218661E-02       4.00945528E-02
   616.2000       3.99217728E-02       4.00946193E-02
   616.3000       3.99216785E-02       4.00946850E-02
   616.4000       3.99215849E-02       4.00947510E-02
   616.5000       3.99214904E-02       4.00948167E-02
   616.6000       3.99213942E-02       4.00948816E-02
   616.7000       3.99212989E-02       4.00949461E-02
   616.8000       3.99212031E-02       4.00950107E-02
   616.9000       3.99211069E-02       4.00950750E-02
   617.0000       3.99210099E-02       4.00951390E-02
   617.1000       3.99209133E-02       4.00952025E-02
   617.2000       3.99208158E-02       4.00952656E-02
   617.3000       3.99207184E-02       4.00953284E-02
   617.4000       3.99206201E-02       4.00953909E-02
   617.5000       3.99205225E-02       4.00954536E-02
   617.6000       3.99204238E-02       4.00955149E-02
   617.7000       3.99203249E-02       4.00955761E-02
   617.8000       3.99202258E-02       4.00956373E-02
   617.9000       3.99201262E-02       4.00956980E-02
   618.0000       3.99200268E-02       4.00957585E-02
   618.1000       3.99199270E-02       4.00958184E-02
   618.2000       3.99198260E-02       4.00958779E-02
   618.3000       3.99197254E-02       4.00959375E-02
   618.4000       3.99196245E-02       4.00959964E-02
   618.5000       3.99195231E-02       4.00960554E-02
   618.6000       3.99194220E-02       4.00961139E-02
   618.7000       3.99193201E-02       4.00961722E-02
   618.8000       3.99192174E-02       4.00962295E-02
   618.9000       3.99191159E-02       4.00962872E-02
   619.0000       3.99190134E-02       4.00963440E-02
   619.1000       3.99189105E-02       4.00964007E-02
   619.2000       3.99188066E-02       4.00964572E-02
   619.3000       3.99187023E-02       4.00965128E-02
   619.4000       3.99185977E-02       4.00965685E-02
   619.5000       3.99184931E-02       4.00966232E-02
   619.6000       3.99183882E-02       4.00966782E-02
   619.7000       3.99182828E-02       4.00967325E-02
   619.8000       3.99181770E-02       4.00967869E-02
   619.9000       3.99180704E-02       4.00968404E-02
   620.0000       3.99179643E-02       4.00968940E-02
   620.1000       3.99178575E-02       4.00969473E-02
   620.2000       3.99177496E-02       4.00969996E-02
   620.3000       3.99176421E-02       4.00970521E-02
   620.4000       3.99175347E-02       4.00971043E-02
   620.5000       3.99174268E-02       4.00971563E-02
   620.6000       3.99173189E-02       4.00972075E-02
   620.7000       3.99172105E-02       4.00972589E-02
   620.8000       3.99171015E-02       4.00973096E-02
   620.9000       3.99169926E-02       4.00973598E-02
   621.0000       3.99168837E-02       4.00974096E-02
   621.1000       3.99167749E-02       4.00974596E-02
   621.2000       3.99166655E-02       4.00975089E-02
   621.3000       3.99165552E-02       4.00975581E-02
   621.4000       3.99164451E-02       4.00976069E-02
   621.5000       3.99163340E-02       4.00976545E-02
   621.6000       3.99162233E-02       4.00977025E-02
   621.7000       3.99161123E-02       4.00977503E-02
   621.8000       3.99160015E-02       4.00977975E-02
   621.9000       3.99158895E-02       4.00978441E-02
   622.0000       3.99157778E-02       4.00978906E-02
   622.1000       3.99156649E-02       4.00979362E-02
   622.2000       3.99155522E-02       4.00979822E-02
   622.3000       3.99154394E-02       4.00980273E-02
   622.4000       3.99153253E-02       4.00980715E-02
   622.5000       3.99152116E-02       4.00981158E-02
   622.6000       3.99150979E-02       4.00981601E-02
   622.7000       3.99149835E-02       4.00982029E-02
   622.8000       3.99148689E-02       4.00982461E-02
   622.9000       3.99147535E-02       4.00982888E-02
   623.0000       3.99146382E-02       4.00983315E-02
   623.1000       3.99145226E-02       4.00983737E-02
   623.2000       3.99144070E-02       4.00984155E-02
   623.3000       3.99142910E-02       4.00984565E-02
   623.4000       3.99141748E-02       4.00984976E-02
   623.5000       3.99140579E-02       4.00985383E-02
   623.6000       3.99139414E-02       4.00985788E-02
   623.7000       3.99138238E-02       4.00986183E-02
   623.8000       3.99137062E-02       4.00986577E-02
   623.9000       3.99135885E-02       4.00986968E-02
   624.0000       3.99134702E-02       4.00987354E-02
   624.1000       3.99133512E-02       4.00987735E-02
   624.2000       3.99132323E-02       4.00988116E-02
   624.3000       3.99131122E-02       4.00988487E-02
   624.4000       3.99129923E-02       4.00988855E-02
   624.5000       3.99128715E-02       4.00989219E-02
   624.6000       3.99127508E-02       4.00989578E-02
   624.7000       3.99126294E-02       4.00989937E-02
   624.8000       3.99125074E-02       4.00990286E-02
   624.9000       3.99123857E-02       4.00990632E-02
   625.0000       3.99122643E-02       4.00990980E-02
   625.1000       3.99121414E-02       4.00991316E-02
   625.2000       3.99120190E-02       4.00991656E-02
   625.3000       3.99118954E-02       4.00991989E-02
   625.4000       3.99117720E-02       4.00992314E-02
   625.5000       3.99116488E-02       4.00992639E-02
   625.6000       3.99115252E-02       4.00992965E-02
   625.7000       3.99114007E-02       4.00993282E-02
   625.8000       3.99112768E-02       4.00993602E-02
   625.9000       3.99111525E-02       4.00993910E-02
   626.0000       3.99110277E-02       4.00994213E-02
   626.1000       3.99109034E-02       4.00994513E-02
   626.2000       3.99107782E-02       4.00994812E-02
   626.3000       3.99106521E-02       4.00995107E-02
   626.4000       3.99105262E-02       4.00995400E-02
   626.5000       3.99104003E-02       4.00995694E-02
   626.6000       3.99102729E-02       4.00995971E-02
   626.7000       3.99101457E-02       4.00996249E-02
   626.8000       3.99100188E-02       4.00996523E-02
   626.9000       3.99098911E-02       4.00996790E-02
   627.0000       3.99097635E-02       4.00997057E-02
   627.1000       3.99096351E-02       4.00997321E-02
   627.2000       3.99095070E-02       4.00997581E-02
   627.3000       3.99093780E-02       4.00997836E-02
   627.4000       3.99092493E-02       4.00998093E-02
   627.5000       3.99091206E-02       4.00998347E-02
   627.6000       3.99089909E-02       4.00998596E-02
   627.7000       3.99088612E-02       4.00998841E-02
   627.8000       3.99087312E-02       4.00999075E-02
   627.9000       3.99086010E-02       4.00999313E-02
   628.0000       3.99084714E-02       4.00999547E-02
   628.1000       3.99083402E-02       4.00999774E-02
   628.2000       3.99082089E-02       4.00999993E-02
   628.3000       3.99080780E-02       4.01000220E-02
   628.4000       3.99079463E-02       4.01000435E-02
   628.5000       3.99078147E-02       4.01000649E-02
   628.6000       3.99076829E-02       4.01000858E-02
   628.7000       3.99075511E-02       4.01001066E-02
   628.8000       3.99074187E-02       4.01001268E-02
   628.9000       3.99072857E-02       4.01001469E-02
   629.0000       3.99071530E-02       4.01001665E-02
   629.1000       3.99070201E-02       4.01001859E-02
   629.2000       3.99068869E-02       4.01002049E-02
   629.3000       3.99067532E-02       4.01002235E-02
   629.4000       3.99066198E-02       4.01002422E-02
   629.5000       3.99064859E-02       4.01002602E-02
   629.6000       3.99063517E-02       4.01002779E-02
   629.7000       3.99062168E-02       4.01002950E-02
   629.8000       3.99060827E-02       4.01003120E-02
   629.9000       3.99059477E-02       4.01003286E-02
   630.0000       3.99058130E-02       4.01003450E-02
   630.1000       3.99056771E-02       4.01003606E-02
   630.2000       3.99055419E-02       4.01003766E-02
   630.3000       3.99054067E-02       4.01003924E-02
   630.4000       3.99052698E-02       4.01004073E-02
   630.5000       3.99051340E-02       4.01004219E-02
   630.6000       3.99049972E-02       4.01004364E-02
   630.7000       3.99048601E-02       4.01004502E-02
   630.8000       3.99047225E-02       4.01004640E-02
   630.9000       3.99045856E-02       4.01004773E-02
   631.0000       3.99044477E-02       4.01004898E-02
   631.1000       3.99043101E-02       4.01005024E-02
   631.2000       3.99041719E-02       4.01005145E-02
   631.3000       3.99040345E-02       4.01005263E-02
   631.4000       3.99038968E-02       4.01005375E-02
   631.5000       3.99037594E-02       4.01005490E-02
   631.6000       3.99036209E-02       4.01005601E-02
   631.7000       3.99034831E-02       4.01005713E-02
   631.8000       3.99033451E-02       4.01005820E-02
   631.9000       3.99032062E-02       4.01005922E-02
   632.0000       3.99030673E-02       4.01006020E-02
   632.1000       3.99029282E-02       4.01006112E-02
   632.2000       3.99027891E-02       4.01006201E-02
   632.3000       3.99026491E-02       4.01006285E-02
   632.4000       3.99025098E-02       4.01006367E-02
   632.5000       3.99023709E-02       4.01006451E-02
   632.6000       3.99022312E-02       4.01006528E-02
   632.7000       3.99020906E-02       4.01006594E-02
   632.8000       3.99019504E-02       4.01006670E-02
   632.9000       3.99018092E-02       4.01006734E-02
   633.0000       3.99016680E-02       4.01006802E-02
   633.1000       3.99015264E-02       4.01006862E-02
   633.2000       3.99013845E-02       4.01006921E-02
   633.3000       3.99012431E-02       4.01006980E-02
   633.4000       3.99010998E-02       4.01007026E-02
   633.5000       3.99009571E-02       4.01007073E-02
   633.6000       3.99008137E-02       4.01007112E-02
   633.7000       3.99006696E-02       4.01007148E-02
   633.8000       3.99005252E-02       4.01007184E-02
   633.9000       3.99003815E-02       4.01007224E-02
   634.0000       3.99002371E-02       4.01007260E-02
   634.1000       3.99000928E-02       4.01007285E-02
   634.2000       3.98999486E-02       4.01007313E-02
   634.3000       3.98998040E-02       4.01007342E-02
   634.4000       3.98996596E-02       4.01007356E-02
   634.5000       3.98995154E-02       4.01007370E-02
   634.6000       3.98993710E-02       4.01007386E-02
   634.7000       3.98992266E-02       4.01007401E-02
   634.8000       3.98990827E-02       4.01007410E-02
   634.9000       3.98989381E-02       4.01007416E-02
   635.0000       3.98987923E-02       4.01007420E-02
   635.1000       3.98986473E-02       4.01007420E-02
   635.2000       3.98985017E-02       4.01007414E-02
   635.3000       3.98983560E-02       4.01007408E-02
   635.4000       3.98982108E-02       4.01007407E-02
   635.5000       3.98980648E-02       4.01007396E-02
   635.6000       3.98979193E-02       4.01007387E-02
   635.7000       3.98977725E-02       4.01007368E-02
   635.8000       3.98976270E-02       4.01007355E-02
   635.9000       3.98974806E-02       4.01007332E-02
   636.0000       3.98973347E-02       4.01007318E-02
   636.1000       3.98971882E-02       4.01007291E-02
   636.2000       3.98970406E-02       4.01007261E-02
   636.3000       3.98968947E-02       4.01007232E-02
   636.4000       3.98967485E-02       4.01007199E-02
   636.5000       3.98966013E-02       4.01007166E-02
   636.6000       3.98964545E-02       4.01007129E-02
   636.7000       3.98963079E-02       4.01007090E-02
   636.8000       3.98961609E-02       4.01007047E-02
   636.9000       3.98960129E-02       4.01007001E-02
   637.0000       3.98958665E-02       4.01006959E-02
   637.1000       3.98957200E-02       4.01006911E-02
   637.2000       3.98955735E-02       4.01006855E-02
   637.3000       3.98954273E-02       4.01006806E-02
   637.4000       3.98952805E-02       4.01006755E-02
   637.5000       3.98951336E-02       4.01006696E-02
   637.6000       3.98949858E-02       4.01006631E-02
   637.7000       3.98948385E-02       4.01006566E-02
   637.8000       3.98946911E-02       4.01006501E-02
   637.9000       3.98945441E-02       4.01006434E-02
   638.0000       3.98943978E-02       4.01006370E-02
   638.1000       3.98942508E-02       4.01006301E-02
   638.2000       3.98941034E-02       4.01006227E-02
   638.3000       3.98939567E-02       4.01006154E-02
   638.4000       3.98938094E-02       4.01006079E-02
   638.5000       3.98936618E-02       4.01006004E-02
   638.6000       3.98935139E-02       4.01005923E-02
   638.7000       3.98933663E-02       4.01005845E-02
   638.8000       3.98932193E-02       4.01005760E-02
   638.9000       3.98930718E-02       4.01005674E-02
   639.0000       3.98929239E-02       4.01005583E-02
   639.1000       3.98927774E-02       4.01005498E-02
   639.2000       3.98926310E-02       4.01005411E-02
   639.3000       3.98924845E-02       4.01005321E-02
   639.4000       3.98923373E-02       4.01005223E-02
   639.5000       3.98921899E-02       4.01005125E-02
   639.6000       3.98920441E-02       4.01005031E-02
   639.7000       3.98918968E-02       4.01004934E-02
   639.8000       3.98917501E-02       4.01004832E-02
   639.9000       3.98916034E-02       4.01004729E-02
   640.0000       3.98914566E-02       4.01004624E-02
   640.1000       3.98913101E-02       4.01004520E-02
   640.2000       3.98911625E-02       4.01004413E-02
   640.3000       3.98910168E-02       4.01004310E-02
   640.4000       3.98908692E-02       4.01004193E-02
   640.5000       3.98907227E-02       4.01004083E-02
   640.6000       3.98905756E-02       4.01003965E-02
   640.7000       3.98904279E-02       4.01003850E-02
   640.8000       3.98902817E-02       4.01003735E-02
   640.9000       3.98901347E-02       4.01003615E-02
   641.0000       3.98899876E-02       4.01003490E-02
   641.1000       3.98898418E-02       4.01003369E-02
   641.2000       3.98896950E-02       4.01003249E-02
   641.3000       3.98895476E-02       4.01003120E-02
   641.4000       3.98894012E-02       4.01002992E-02
   641.5000       3.98892545E-02       4.01002866E-02
   641.6000       3.98891083E-02       4.01002740E-02
   641.7000       3.98889624E-02       4.01002611E-02
   641.8000       3.98888153E-02       4.01002476E-02
   641.9000       3.98886694E-02       4.01002346E-02
   642.0000       3.98885240E-02       4.01002212E-02
   642.1000       3.98883776E-02       4.01002076E-02
   642.2000       3.98882313E-02       4.01001941E-02
   642.3000       3.98880860E-02       4.01001804E-02
   642.4000       3.98879414E-02       4.01001661E-02
   642.5000       3.98877949E-02       4.01001519E-02
   642.6000       3.98876497E-02       4.01001377E-02
   642.7000       3.98875045E-02       4.01001238E-02
   642.8000       3.98873585E-02       4.01001094E-02
   642.9000       3.98872137E-02       4.01000951E-02
   643.0000       3.98870693E-02       4.01000809E-02
   643.1000       3.98869263E-02       4.01000673E-02
   643.2000       3.98867815E-02       4.01000523E-02
   643.3000       3.98866385E-02       4.01000377E-02
   643.4000       3.98864948E-02       4.01000222E-02
   643.5000       3.98863510E-02       4.01000080E-02
   643.6000       3.98862068E-02       4.00999933E-02
   643.7000       3.98860619E-02       4.00999785E-02
   643.8000       3.98859189E-02       4.00999638E-02
   643.9000       3.98857748E-02       4.00999490E-02
   644.0000       3.98856302E-02       4.00999337E-02
   644.1000       3.98854861E-02       4.00999183E-02
   644.2000       3.98853415E-02       4.00999031E-02
   644.3000       3.98851973E-02       4.00998880E-02
   644.4000       3.98850534E-02       4.00998728E-02
   644.5000       3.98849103E-02       4.00998580E-02
   644.6000       3.98847668E-02       4.00998429E-02
   644.7000       3.98846241E-02       4.00998273E-02
   644.8000       3.98844818E-02       4.00998120E-02
   644.9000       3.98843394E-02       4.00997968E-02
   645.0000       3.98841966E-02       4.00997816E-02
   645.1000       3.98840543E-02       4.00997658E-02
   645.2000       3.98839120E-02       4.00997503E-02
   645.3000       3.98837697E-02       4.00997348E-02
   645.4000       3.98836273E-02       4.00997192E-02
   645.5000       3.98834855E-02       4.00997035E-02
   645.6000       3.98833438E-02       4.00996876E-02
   645.7000       3.98832034E-02       4.00996715E-02
   645.8000       3.98830623E-02       4.00996560E-02
   645.9000       3.98829203E-02       4.00996400E-02
   646.0000       3.98827803E-02       4.00996243E-02
   646.1000       3.98826387E-02       4.00996079E-02
   646.2000       3.98824974E-02       4.00995916E-02
   646.3000       3.98823572E-02       4.00995751E-02
   646.4000       3.98822175E-02       4.00995592E-02
   646.5000       3.98820778E-02       4.00995433E-02
   646.6000       3.98819383E-02       4.00995273E-02
   646.7000       3.98817985E-02       4.00995112E-02
   646.8000       3.98816587E-02       4.00994946E-02
   646.9000       3.98815193E-02       4.00994781E-02
   647.0000       3.98813807E-02       4.00994621E-02
   647.1000       3.98812421E-02       4.00994458E-02
   647.2000       3.98811036E-02       4.00994297E-02
   647.3000       3.98809659E-02       4.00994136E-02
   647.4000       3.98808280E-02       4.00993977E-02
   647.5000       3.98806919E-02       4.00993818E-02
   647.6000       3.98805542E-02       4.00993649E-02
   647.7000       3.98804171E-02       4.00993485E-02
   647.8000       3.98802807E-02       4.00993322E-02
   647.9000       3.98801441E-02       4.00993157E-02
   648.0000       3.98800084E-02       4.00992989E-02
   648.1000       3.98798730E-02       4.00992822E-02
   648.2000       3.98797378E-02       4.00992655E-02
   648.3000       3.98796022E-02       4.00992490E-02
   648.4000       3.98794659E-02       4.00992318E-02
   648.5000       3.98793307E-02       4.00992156E-02
   648.6000       3.98791952E-02       4.00991994E-02
   648.7000       3.98790607E-02       4.00991827E-02
   648.8000       3.98789260E-02       4.00991662E-02
   648.9000       3.98787919E-02       4.00991499E-02
   649.0000       3.98786571E-02       4.00991333E-02
   649.1000       3.98785222E-02       4.00991163E-02
   649.2000       3.98783889E-02       4.00991004E-02
   649.3000       3.98782555E-02       4.00990841E-02
   649.4000       3.98781220E-02       4.00990673E-02
   649.5000       3.98779890E-02       4.00990506E-02
   649.6000       3.98778559E-02       4.00990341E-02
   649.7000       3.98777242E-02       4.00990176E-02
   649.8000       3.98775915E-02       4.00990013E-02
   649.9000       3.98774591E-02       4.00989847E-02
   650.0000       3.98773270E-02       4.00989678E-02
   650.1000       3.98771956E-02       4.00989513E-02
   650.2000       3.98770643E-02       4.00989343E-02
   650.3000       3.98769333E-02       4.00989178E-02
   650.4000       3.98768031E-02       4.00989018E-02
   650.5000       3.98766720E-02       4.00988853E-02
   650.6000       3.98765415E-02       4.00988692E-02
   650.7000       3.98764112E-02       4.00988530E-02
   650.8000       3.98762812E-02       4.00988371E-02
   650.9000       3.98761520E-02       4.00988212E-02
   651.0000       3.98760214E-02       4.00988044E-02
   651.1000       3.98758922E-02       4.00987882E-02
   651.2000       3.98757641E-02       4.00987723E-02
   651.3000       3.98756350E-02       4.00987556E-02
   651.4000       3.98755072E-02       4.00987394E-02
   651.5000       3.98753794E-02       4.00987235E-02
   651.6000       3.98752517E-02       4.00987073E-02
   651.7000       3.98751239E-02       4.00986910E-02
   651.8000       3.98749969E-02       4.00986748E-02
   651.9000       3.98748701E-02       4.00986589E-02
   652.0000       3.98747442E-02       4.00986430E-02
   652.1000       3.98746186E-02       4.00986273E-02
   652.2000       3.98744918E-02       4.00986108E-02
   652.3000       3.98743662E-02       4.00985951E-02
   652.4000       3.98742415E-02       4.00985796E-02
   652.5000       3.98741162E-02       4.00985638E-02
   652.6000       3.98739919E-02       4.00985484E-02
   652.7000       3.98738677E-02       4.00985319E-02
   652.8000       3.98737436E-02       4.00985159E-02
   652.9000       3.98736204E-02       4.00985004E-02
   653.0000       3.98734959E-02       4.00984842E-02
   653.1000       3.98733732E-02       4.00984687E-02
   653.2000       3.98732498E-02       4.00984533E-02
   653.3000       3.98731261E-02       4.00984373E-02
   653.4000       3.98730039E-02       4.00984222E-02
   653.5000       3.98728813E-02       4.00984065E-02
   653.6000       3.98727583E-02       4.00983916E-02
   653.7000       3.98726363E-02       4.00983767E-02
   653.8000       3.98725146E-02       4.00983614E-02
   653.9000       3.98723920E-02       4.00983459E-02
   654.0000       3.98722708E-02       4.00983309E-02
   654.1000       3.98721506E-02       4.00983164E-02
   654.2000       3.98720294E-02       4.00983012E-02
   654.3000       3.98719087E-02       4.00982865E-02
   654.4000       3.98717882E-02       4.00982716E-02
   654.5000       3.98716689E-02       4.00982572E-02
   654.6000       3.98715504E-02       4.00982421E-02
   654.7000       3.98714321E-02       4.00982275E-02
   654.8000       3.98713129E-02       4.00982130E-02
   654.9000       3.98711946E-02       4.00981981E-02
   655.0000       3.98710769E-02       4.00981838E-02
   655.1000       3.98709597E-02       4.00981699E-02
   655.2000       3.98708429E-02       4.00981556E-02
   655.3000       3.98707269E-02       4.00981415E-02
   655.4000       3.98706099E-02       4.00981272E-02
   655.5000       3.98704934E-02       4.00981132E-02
   655.6000       3.98703782E-02       4.00980997E-02
   655.7000       3.98702626E-02       4.00980855E-02
   655.8000       3.98701472E-02       4.00980720E-02
   655.9000       3.98700333E-02       4.00980590E-02
   656.0000       3.98699184E-02       4.00980455E-02
   656.1000       3.98698046E-02       4.00980324E-02
   656.2000       3.98696903E-02       4.00980191E-02
   656.3000       3.98695755E-02       4.00980058E-02
   656.4000       3.98694628E-02       4.00979929E-02
   656.5000       3.98693494E-02       4.00979796E-02
   656.6000       3.98692375E-02       4.00979671E-02
   656.7000       3.98691245E-02       4.00979541E-02
   656.8000       3.98690133E-02       4.00979415E-02
   656.9000       3.98689002E-02       4.00979284E-02
   657.0000       3.98687889E-02       4.00979158E-02
   657.1000       3.98686771E-02       4.00979033E-02
   657.2000       3.98685667E-02       4.00978909E-02
   657.3000       3.98684562E-02       4.00978788E-02
   657.4000       3.98683468E-02       4.00978670E-02
   657.5000       3.98682370E-02       4.00978547E-02
   657.6000       3.98681281E-02       4.00978429E-02
   657.7000       3.98680192E-02       4.00978308E-02
   657.8000       3.98679100E-02       4.00978190E-02
   657.9000       3.98678017E-02       4.00978073E-02
   658.0000       3.98676937E-02       4.00977961E-02
   658.1000       3.98675871E-02       4.00977852E-02
   658.2000       3.98674805E-02       4.00977743E-02
   658.3000       3.98673724E-02       4.00977623E-02
   658.4000       3.98672670E-02       4.00977514E-02
   658.5000       3.98671616E-02       4.00977407E-02
   658.6000       3.98670555E-02       4.00977294E-02
   658.7000       3.98669496E-02       4.00977185E-02
   658.8000       3.98668452E-02       4.00977078E-02
   658.9000       3.98667402E-02       4.00976971E-02
   659.0000       3.98666367E-02       4.00976874E-02
   659.1000       3.98665330E-02       4.00976774E-02
   659.2000       3.98664299E-02       4.00976676E-02
   659.3000       3.98663264E-02       4.00976573E-02
   659.4000       3.98662227E-02       4.00976467E-02
   659.5000       3.98661203E-02       4.00976373E-02
   659.6000       3.98660193E-02       4.00976280E-02
   659.7000       3.98659168E-02       4.00976177E-02
   659.8000       3.98658154E-02       4.00976078E-02
   659.9000       3.98657145E-02       4.00975984E-02
   660.0000       3.98656137E-02       4.00975893E-02
   660.1000       3.98655139E-02       4.00975801E-02
   660.2000       3.98654145E-02       4.00975713E-02
   660.3000       3.98653144E-02       4.00975623E-02
   660.4000       3.98652152E-02       4.00975538E-02
   660.5000       3.98651155E-02       4.00975451E-02
   660.6000       3.98650162E-02       4.00975364E-02
   660.7000       3.98649173E-02       4.00975274E-02
   660.8000       3.98648195E-02       4.00975185E-02
   660.9000       3.98647216E-02       4.00975101E-02
   661.0000       3.98646236E-02       4.00975022E-02
   661.1000       3.98645260E-02       4.00974943E-02
   661.2000       3.98644289E-02       4.00974861E-02
   661.3000       3.98643328E-02       4.00974782E-02
   661.4000       3.98642361E-02       4.00974704E-02
   661.5000       3.98641396E-02       4.00974626E-02
   661.6000       3.98640441E-02       4.00974553E-02
   661.7000       3.98639483E-02       4.00974476E-02
   661.8000       3.98638529E-02       4.00974403E-02
   661.9000       3.98637574E-02       4.00974333E-02
   662.0000       3.98636632E-02       4.00974262E-02
   662.1000       3.98635684E-02       4.00974193E-02
   662.2000       3.98634749E-02       4.00974128E-02
   662.3000       3.98633828E-02       4.00974064E-02
   662.4000       3.98632897E-02       4.00974000E-02
   662.5000       3.98631976E-02       4.00973943E-02
   662.6000       3.98631047E-02       4.00973880E-02
   662.7000       3.98630135E-02       4.00973819E-02
   662.8000       3.98629217E-02       4.00973765E-02
   662.9000       3.98628300E-02       4.00973706E-02
   663.0000       3.98627403E-02       4.00973652E-02
   663.1000       3.98626495E-02       4.00973594E-02
   663.2000       3.98625586E-02       4.00973541E-02
   663.3000       3.98624688E-02       4.00973496E-02
   663.4000       3.98623790E-02       4.00973439E-02
   663.5000       3.98622900E-02       4.00973389E-02
   663.6000       3.98622018E-02       4.00973349E-02
   663.7000       3.98621129E-02       4.00973299E-02
   663.8000       3.98620262E-02       4.00973264E-02
   663.9000       3.98619387E-02       4.00973222E-02
   664.0000       3.98618511E-02       4.00973182E-02
   664.1000       3.98617638E-02       4.00973141E-02
   664.2000       3.98616772E-02       4.00973103E-02
   664.3000       3.98615907E-02       4.00973067E-02
   664.4000       3.98615045E-02       4.00973034E-02
   664.5000       3.98614184E-02       4.00973003E-02
   664.6000       3.98613342E-02       4.00972975E-02
   664.7000       3.98612497E-02       4.00972946E-02
   664.8000       3.98611657E-02       4.00972912E-02
   664.9000       3.98610819E-02       4.00972883E-02
   665.0000       3.98609978E-02       4.00972850E-02
   665.1000       3.98609152E-02       4.00972826E-02
   665.2000       3.98608333E-02       4.00972801E-02
   665.3000       3.98607514E-02       4.00972778E-02
   665.4000       3.98606692E-02       4.00972753E-02
   665.5000       3.98605880E-02       4.00972732E-02
   665.6000       3.98605071E-02       4.00972714E-02
   665.7000       3.98604274E-02       4.00972702E-02
   665.8000       3.98603487E-02       4.00972690E-02
   665.9000       3.98602680E-02       4.00972673E-02
   666.0000       3.98601883E-02       4.00972666E-02
   666.1000       3.98601092E-02       4.00972653E-02
   666.2000       3.98600303E-02       4.00972633E-02
   666.3000       3.98599528E-02       4.00972627E-02
   666.4000       3.98598746E-02       4.00972618E-02
   666.5000       3.98597961E-02       4.00972609E-02
   666.6000       3.98597175E-02       4.00972602E-02
   666.7000       3.98596411E-02       4.00972593E-02
   666.8000       3.98595650E-02       4.00972592E-02
   666.9000       3.98594891E-02       4.00972591E-02
   667.0000       3.98594137E-02       4.00972593E-02
   667.1000       3.98593377E-02       4.00972590E-02
   667.2000       3.98592621E-02       4.00972592E-02
   667.3000       3.98591861E-02       4.00972589E-02
   667.4000       3.98591118E-02       4.00972592E-02
   667.5000       3.98590375E-02       4.00972596E-02
   667.6000       3.98589632E-02       4.00972597E-02
   667.7000       3.98588897E-02       4.00972602E-02
   667.8000       3.98588167E-02       4.00972613E-02
   667.9000       3.98587446E-02       4.00972627E-02
   668.0000       3.98586729E-02       4.00972637E-02
   668.1000       3.98586011E-02       4.00972656E-02
   668.2000       3.98585298E-02       4.00972670E-02
   668.3000       3.98584581E-02       4.00972686E-02
   668.4000       3.98583867E-02       4.00972699E-02
   668.5000       3.98583161E-02       4.00972713E-02
   668.6000       3.98582460E-02       4.00972729E-02
   668.7000       3.98581743E-02       4.00972741E-02
   668.8000       3.98581049E-02       4.00972759E-02
   668.9000       3.98580353E-02       4.00972778E-02
   669.0000       3.98579669E-02       4.00972798E-02
   669.1000       3.98578982E-02       4.00972817E-02
   669.2000       3.98578299E-02       4.00972844E-02
   669.3000       3.98577618E-02       4.00972872E-02
   669.4000       3.98576933E-02       4.00972896E-02
   669.5000       3.98576258E-02       4.00972925E-02
   669.6000       3.98575584E-02       4.00972954E-02
   669.7000       3.98574924E-02       4.00972985E-02
   669.8000       3.98574263E-02       4.00973019E-02
   669.9000       3.98573616E-02       4.00973053E-02
   670.0000       3.98572951E-02       4.00973086E-02
   670.1000       3.98572289E-02       4.00973118E-02
   670.2000       3.98571645E-02       4.00973156E-02
   670.3000       3.98571000E-02       4.00973198E-02
   670.4000       3.98570349E-02       4.00973232E-02
   670.5000       3.98569699E-02       4.00973275E-02
   670.6000       3.98569060E-02       4.00973319E-02
   670.7000       3.98568415E-02       4.00973364E-02
   670.8000       3.98567782E-02       4.00973415E-02
   670.9000       3.98567142E-02       4.00973461E-02
   671.0000       3.98566518E-02       4.00973509E-02
   671.1000       3.98565896E-02       4.00973555E-02
   671.2000       3.98565277E-02       4.00973607E-02
   671.3000       3.98564663E-02       4.00973663E-02
   671.4000       3.98564046E-02       4.00973708E-02
   671.5000       3.98563431E-02       4.00973762E-02
   671.6000       3.98562818E-02       4.00973813E-02
   671.7000       3.98562206E-02       4.00973861E-02
   671.8000       3.98561604E-02       4.00973916E-02
   671.9000       3.98560999E-02       4.00973970E-02
   672.0000       3.98560407E-02       4.00974030E-02
   672.1000       3.98559819E-02       4.00974092E-02
   672.2000       3.98559220E-02       4.00974153E-02
   672.3000       3.98558631E-02       4.00974207E-02
   672.4000       3.98558060E-02       4.00974271E-02
   672.5000       3.98557475E-02       4.00974336E-02
   672.6000       3.98556905E-02       4.00974396E-02
   672.7000       3.98556337E-02       4.00974462E-02
   672.8000       3.98555772E-02       4.00974529E-02
   672.9000       3.98555220E-02       4.00974599E-02
   673.0000       3.98554650E-02       4.00974664E-02
   673.1000       3.98554091E-02       4.00974732E-02
   673.2000       3.98553544E-02       4.00974803E-02
   673.3000       3.98552995E-02       4.00974878E-02
   673.4000       3.98552443E-02       4.00974954E-02
   673.5000       3.98551906E-02       4.00975030E-02
   673.6000       3.98551365E-02       4.00975102E-02
   673.7000       3.98550828E-02       4.00975176E-02
   673.8000       3.98550287E-02       4.00975249E-02
   673.9000       3.98549744E-02       4.00975324E-02
   674.0000       3.98549219E-02       4.00975403E-02
   674.1000       3.98548689E-02       4.00975481E-02
   674.2000       3.98548168E-02       4.00975561E-02
   674.3000       3.98547651E-02       4.00975643E-02
   674.4000       3.98547136E-02       4.00975725E-02
   674.5000       3.98546625E-02       4.00975809E-02
   674.6000       3.98546118E-02       4.00975894E-02
   674.7000       3.98545614E-02       4.00975984E-02
   674.8000       3.98545111E-02       4.00976072E-02
   674.9000       3.98544615E-02       4.00976159E-02
   675.0000       3.98544121E-02       4.00976245E-02
   675.1000       3.98543624E-02       4.00976333E-02
   675.2000       3.98543133E-02       4.00976422E-02
   675.3000       3.98542640E-02       4.00976511E-02
   675.4000       3.98542144E-02       4.00976600E-02
   675.5000       3.98541666E-02       4.00976697E-02
   675.6000       3.98541179E-02       4.00976790E-02
   675.7000       3.98540695E-02       4.00976887E-02
   675.8000       3.98540204E-02       4.00976976E-02
   675.9000       3.98539727E-02       4.00977071E-02
   676.0000       3.98539254E-02       4.00977171E-02
   676.1000       3.98538780E-02       4.00977270E-02
   676.2000       3.98538315E-02       4.00977372E-02
   676.3000       3.98537848E-02       4.00977475E-02
   676.4000       3.98537375E-02       4.00977573E-02
   676.5000       3.98536907E-02       4.00977677E-02
   676.6000       3.98536448E-02       4.00977780E-02
   676.7000       3.98535992E-02       4.00977884E-02
   676.8000       3.98535543E-02       4.00977985E-02
   676.9000       3.98535087E-02       4.00978085E-02
   677.0000       3.98534644E-02       4.00978194E-02
   677.1000       3.98534192E-02       4.00978300E-02
   677.2000       3.98533751E-02       4.00978408E-02
   677.3000       3.98533313E-02       4.00978520E-02
   677.4000       3.98532875E-02       4.00978629E-02
   677.5000       3.98532438E-02       4.00978741E-02
   677.6000       3.98532006E-02       4.00978856E-02
   677.7000       3.98531575E-02       4.00978969E-02
   677.8000       3.98531155E-02       4.00979084E-02
   677.9000       3.98530729E-02       4.00979197E-02
   678.0000       3.98530302E-02       4.00979312E-02
   678.1000       3.98529889E-02       4.00979428E-02
   678.2000       3.98529468E-02       4.00979544E-02
   678.3000       3.98529052E-02       4.00979662E-02
   678.4000       3.98528646E-02       4.00979787E-02
   678.5000       3.98528243E-02       4.00979914E-02
   678.6000       3.98527841E-02       4.00980035E-02
   678.7000       3.98527442E-02       4.00980157E-02
   678.8000       3.98527045E-02       4.00980279E-02
   678.9000       3.98526646E-02       4.00980406E-02
   679.0000       3.98526248E-02       4.00980532E-02
   679.1000       3.98525856E-02       4.00980664E-02
   679.2000       3.98525462E-02       4.00980791E-02
   679.3000       3.98525069E-02       4.00980921E-02
   679.4000       3.98524698E-02       4.00981056E-02
   679.5000       3.98524320E-02       4.00981187E-02
   679.6000       3.98523947E-02       4.00981323E-02
   679.7000       3.98523586E-02       4.00981461E-02
   679.8000       3.98523209E-02       4.00981591E-02
   679.9000       3.98522852E-02       4.00981730E-02
   680.0000       3.98522489E-02       4.00981869E-02
   680.1000       3.98522123E-02       4.00982008E-02
   680.2000       3.98521755E-02       4.00982145E-02
   680.3000       3.98521387E-02       4.00982284E-02
   680.4000       3.98521026E-02       4.00982421E-02
   680.5000       3.98520662E-02       4.00982558E-02
   680.6000       3.98520306E-02       4.00982703E-02
   680.7000       3.98519953E-02       4.00982846E-02
   680.8000       3.98519602E-02       4.00982988E-02
   680.9000       3.98519258E-02       4.00983131E-02
   681.0000       3.98518907E-02       4.00983280E-02
   681.1000       3.98518570E-02       4.00983432E-02
   681.2000       3.98518236E-02       4.00983584E-02
   681.3000       3.98517912E-02       4.00983735E-02
   681.4000       3.98517578E-02       4.00983888E-02
   681.5000       3.98517248E-02       4.00984038E-02
   681.6000       3.98516929E-02       4.00984195E-02
   681.7000       3.98516601E-02       4.00984348E-02
   681.8000       3.98516279E-02       4.00984499E-02
   681.9000       3.98515976E-02       4.00984657E-02
   682.0000       3.98515661E-02       4.00984817E-02
   682.1000       3.98515353E-02       4.00984974E-02
   682.2000       3.98515045E-02       4.00985135E-02
   682.3000       3.98514739E-02       4.00985294E-02
   682.4000       3.98514437E-02       4.00985454E-02
   682.5000       3.98514147E-02       4.00985618E-02
   682.6000       3.98513852E-02       4.00985779E-02
   682.7000       3.98513563E-02       4.00985946E-02
   682.8000       3.98513273E-02       4.00986112E-02
   682.9000       3.98512996E-02       4.00986283E-02
   683.0000       3.98512710E-02       4.00986454E-02
   683.1000       3.98512429E-02       4.00986623E-02
   683.2000       3.98512154E-02       4.00986797E-02
   683.3000       3.98511879E-02       4.00986968E-02
   683.4000       3.98511603E-02       4.00987142E-02
   683.5000       3.98511324E-02       4.00987315E-02
   683.6000       3.98511050E-02       4.00987492E-02
   683.7000       3.98510781E-02       4.00987670E-02
   683.8000       3.98510509E-02       4.00987852E-02
   683.9000       3.98510247E-02       4.00988036E-02
   684.0000       3.98510000E-02       4.00988219E-02
   684.1000       3.98509746E-02       4.00988399E-02
   684.2000       3.98509488E-02       4.00988578E-02
   684.3000       3.98509247E-02       4.00988768E-02
   684.4000       3.98508996E-02       4.00988954E-02
   684.5000       3.98508762E-02       4.00989144E-02
   684.6000       3.98508510E-02       4.00989325E-02
   684.7000       3.98508262E-02       4.00989514E-02
   684.8000       3.98508024E-02       4.00989706E-02
   684.9000       3.98507797E-02       4.00989899E-02
   685.0000       3.98507568E-02       4.00990093E-02
   685.1000       3.98507337E-02       4.00990281E-02
   685.2000       3.98507105E-02       4.00990473E-02
   685.3000       3.98506887E-02       4.00990675E-02
   685.4000       3.98506669E-02       4.00990874E-02
   685.5000       3.98506454E-02       4.00991073E-02
   685.6000       3.98506244E-02       4.00991272E-02
   685.7000       3.98506036E-02       4.00991470E-02
   685.8000       3.98505826E-02       4.00991676E-02
   685.9000       3.98505618E-02       4.00991879E-02
   686.0000       3.98505412E-02       4.00992084E-02
   686.1000       3.98505211E-02       4.00992286E-02
   686.2000       3.98505019E-02       4.00992494E-02
   686.3000       3.98504829E-02       4.00992707E-02
   686.4000       3.98504636E-02       4.00992918E-02
   686.5000       3.98504456E-02       4.00993132E-02
   686.6000       3.98504264E-02       4.00993342E-02
   686.7000       3.98504087E-02       4.00993554E-02
   686.8000       3.98503918E-02       4.00993769E-02
   686.9000       3.98503749E-02       4.00993980E-02
   687.0000       3.98503581E-02       4.00994197E-02
   687.1000       3.98503424E-02       4.00994419E-02
   687.2000       3.98503275E-02       4.00994644E-02
   687.3000       3.98503118E-02       4.00994865E-02
   687.4000       3.98502974E-02       4.00995091E-02
   687.5000       3.98502823E-02       4.00995320E-02
   687.6000       3.98502679E-02       4.00995549E-02
   687.7000       3.98502534E-02       4.00995776E-02
   687.8000       3.98502392E-02       4.00996007E-02
   687.9000       3.98502251E-02       4.00996234E-02
   688.0000       3.98502121E-02       4.00996470E-02
   688.1000       3.98501996E-02       4.00996706E-02
   688.2000       3.98501869E-02       4.00996942E-02
   688.3000       3.98501748E-02       4.00997180E-02
   688.4000       3.98501624E-02       4.00997419E-02
   688.5000       3.98501502E-02       4.00997654E-02
   688.6000       3.98501390E-02       4.00997894E-02
   688.7000       3.98501285E-02       4.00998136E-02
   688.8000       3.98501186E-02       4.00998382E-02
   688.9000       3.98501083E-02       4.00998629E-02
   689.0000       3.98500980E-02       4.00998875E-02
   689.1000       3.98500878E-02       4.00999119E-02
   689.2000       3.98500793E-02       4.00999365E-02
   689.3000       3.98500702E-02       4.00999618E-02
   689.4000       3.98500617E-02       4.00999872E-02
   689.5000       3.98500532E-02       4.01000125E-02
   689.6000       3.98500449E-02       4.01000377E-02
   689.7000       3.98500376E-02       4.01000632E-02
   689.8000       3.98500302E-02       4.01000888E-02
   689.9000       3.98500214E-02       4.01001138E-02
   690.0000       3.98500143E-02       4.01001393E-02
   690.1000       3.98500066E-02       4.01001654E-02
   690.2000       3.98499985E-02       4.01001910E-02
   690.3000       3.98499907E-02       4.01002167E-02
   690.4000       3.98499839E-02       4.01002426E-02
   690.5000       3.98499779E-02       4.01002692E-02
   690.6000       3.98499719E-02       4.01002956E-02
   690.7000       3.98499657E-02       4.01003217E-02
   690.8000       3.98499604E-02       4.01003490E-02
   690.9000       3.98499550E-02       4.01003756E-02
   691.0000       3.98499502E-02       4.01004031E-02
   691.1000       3.98499456E-02       4.01004297E-02
   691.2000       3.98499417E-02       4.01004566E-02
   691.3000       3.98499378E-02       4.01004844E-02
   691.4000       3.98499338E-02       4.01005113E-02
   691.5000       3.98499302E-02       4.01005387E-02
   691.6000       3.98499275E-02       4.01005664E-02
   691.7000       3.98499248E-02       4.01005941E-02
   691.8000       3.98499232E-02       4.01006220E-02
   691.9000       3.98499215E-02       4.01006498E-02
   692.0000       3.98499192E-02       4.01006778E-02
   692.1000       3.98499177E-02       4.01007059E-02
   692.2000       3.98499160E-02       4.01007343E-02
   692.3000       3.98499159E-02       4.01007632E-02
   692.4000       3.98499158E-02       4.01007919E-02
   692.5000       3.98499151E-02       4.01008205E-02
   692.6000       3.98499143E-02       4.01008487E-02
   692.7000       3.98499143E-02       4.01008775E-02
   692.8000       3.98499154E-02       4.01009073E-02
   692.9000       3.98499163E-02       4.01009365E-02
   693.0000       3.98499173E-02       4.01009659E-02
   693.1000       3.98499180E-02       4.01009954E-02
   693.2000       3.98499199E-02       4.01010253E-02
   693.3000       3.98499207E-02       4.01010546E-02
   693.4000       3.98499233E-02       4.01010847E-02
   693.5000       3.98499256E-02       4.01011147E-02
   693.6000       3.98499279E-02       4.01011448E-02
   693.7000       3.98499301E-02       4.01011753E-02
   693.8000       3.98499334E-02       4.01012056E-02
   693.9000       3.98499366E-02       4.01012358E-02
   694.0000       3.98499405E-02       4.01012665E-02
   694.1000       3.98499446E-02       4.01012968E-02
   694.2000       3.98499503E-02       4.01013273E-02
   694.3000       3.98499548E-02       4.01013580E-02
   694.4000       3.98499605E-02       4.01013890E-02
   694.5000       3.98499644E-02       4.01014194E-02
   694.6000       3.98499699E-02       4.01014506E-02
   694.7000       3.98499746E-02       4.01014814E-02
   694.8000       3.98499805E-02       4.01015127E-02
   694.9000       3.98499872E-02       4.01015440E-02
   695.0000       3.98499928E-02       4.01015754E-02
   695.1000       3.98499988E-02       4.01016070E-02
   695.2000       3.98500050E-02       4.01016389E-02
   695.3000       3.98500117E-02       4.01016706E-02
   695.4000       3.98500189E-02       4.01017025E-02
   695.5000       3.98500255E-02       4.01017347E-02
   695.6000       3.98500333E-02       4.01017671E-02
   695.7000       3.98500401E-02       4.01017990E-02
   695.8000       3.98500482E-02       4.01018318E-02
   695.9000       3.98500562E-02       4.01018645E-02
   696.0000       3.98500647E-02       4.01018968E-02
   696.1000       3.98500731E-02       4.01019295E-02
   696.2000       3.98500821E-02       4.01019623E-02
   696.3000       3.98500923E-02       4.01019960E-02
   696.4000       3.98501022E-02       4.01020295E-02
   696.5000       3.98501115E-02       4.01020625E-02
   696.6000       3.98501231E-02       4.01020964E-02
   696.7000       3.98501334E-02       4.01021291E-02
   696.8000       3.98501445E-02       4.01021623E-02
   696.9000       3.98501547E-02       4.01021955E-02
   697.0000       3.98501657E-02       4.01022292E-02
   697.1000       3.98501771E-02       4.01022629E-02
   697.2000       3.98501884E-02       4.01022964E-02
   697.3000       3.98502009E-02       4.01023303E-02
   697.4000       3.98502135E-02       4.01023644E-02
   697.5000       3.98502266E-02       4.01023984E-02
   697.6000       3.98502395E-02       4.01024328E-02
   697.7000       3.98502539E-02       4.01024672E-02
   697.8000       3.98502673E-02       4.01025017E-02
   697.9000       3.98502819E-02       4.01025368E-02
   698.0000       3.98502961E-02       4.01025715E-02
   698.1000       3.98503102E-02       4.01026064E-02
   698.2000       3.98503241E-02       4.01026416E-02
   698.3000       3.98503385E-02       4.01026765E-02
   698.4000       3.98503529E-02       4.01027118E-02
   698.5000       3.98503683E-02       4.01027476E-02
   698.6000       3.98503829E-02       4.01027825E-02
   698.7000       3.98503990E-02       4.01028184E-02
   698.8000       3.98504148E-02       4.01028542E-02
   698.9000       3.98504302E-02       4.01028898E-02
   699.0000       3.98504460E-02       4.01029251E-02
   699.1000       3.98504636E-02       4.01029611E-02
   699.2000       3.98504795E-02       4.01029969E-02
   699.3000       3.98504961E-02       4.01030329E-02
   699.4000       3.98505132E-02       4.01030693E-02
   699.5000       3.98505318E-02       4.01031056E-02
   699.6000       3.98505494E-02       4.01031418E-02
   699.7000       3.98505664E-02       4.01031775E-02
   699.8000       3.98505839E-02       4.01032137E-02
   699.9000       3.98506019E-02       4.01032504E-02
   700.0000       3.98506207E-02       4.01032871E-02
   700.1000       3.98506392E-02       4.01033238E-02
   700.2000       3.98506584E-02       4.01033607E-02
   700.3000       3.98506779E-02       4.01033978E-02
   700.4000       3.98506982E-02       4.01034355E-02
   700.5000       3.98507182E-02       4.01034729E-02
   700.6000       3.98507381E-02       4.01035103E-02
   700.7000       3.98507575E-02       4.01035479E-02
   700.8000       3.98507784E-02       4.01035854E-02
   700.9000       3.98507995E-02       4.01036229E-02
   701.0000       3.98508202E-02       4.01036602E-02
   701.1000       3.98508410E-02       4.01036978E-02
   701.2000       3.98508629E-02       4.01037358E-02
   701.3000       3.98508842E-02       4.01037736E-02
   701.4000       3.98509058E-02       4.01038118E-02
   701.5000       3.98509279E-02       4.01038495E-02
   701.6000       3.98509511E-02       4.01038882E-02
   701.7000       3.98509746E-02       4.01039269E-02
   701.8000       3.98509974E-02       4.01039654E-02
   701.9000       3.98510201E-02       4.01040037E-02
   702.0000       3.98510435E-02       4.01040419E-02
   702.1000       3.98510656E-02       4.01040801E-02
   702.2000       3.98510891E-02       4.01041187E-02
   702.3000       3.98511124E-02       4.01041575E-02
   702.4000       3.98511372E-02       4.01041963E-02
   702.5000       3.98511616E-02       4.01042352E-02
   702.6000       3.98511863E-02       4.01042746E-02
   702.7000       3.98512115E-02       4.01043143E-02
   702.8000       3.98512363E-02       4.01043537E-02
   702.9000       3.98512620E-02       4.01043932E-02
   703.0000       3.98512878E-02       4.01044325E-02
   703.1000       3.98513129E-02       4.01044716E-02
   703.2000       3.98513394E-02       4.01045116E-02
   703.3000       3.98513646E-02       4.01045509E-02
   703.4000       3.98513910E-02       4.01045906E-02
   703.5000       3.98514179E-02       4.01046311E-02
   703.6000       3.98514443E-02       4.01046707E-02
   703.7000       3.98514709E-02       4.01047108E-02
   703.8000       3.98514982E-02       4.01047511E-02
   703.9000       3.98515252E-02       4.01047911E-02
   704.0000       3.98515527E-02       4.01048315E-02
   704.1000       3.98515798E-02       4.01048724E-02
   704.2000       3.98516073E-02       4.01049129E-02
   704.3000       3.98516354E-02       4.01049535E-02
   704.4000       3.98516631E-02       4.01049942E-02
   704.5000       3.98516910E-02       4.01050355E-02
   704.6000       3.98517194E-02       4.01050766E-02
   704.7000       3.98517489E-02       4.01051182E-02
   704.8000       3.98517775E-02       4.01051589E-02
   704.9000       3.98518060E-02       4.01052003E-02
   705.0000       3.98518356E-02       4.01052416E-02
   705.1000       3.98518650E-02       4.01052831E-02
   705.2000       3.98518948E-02       4.01053245E-02
   705.3000       3.98519245E-02       4.01053658E-02
   705.4000       3.98519547E-02       4.01054069E-02
   705.5000       3.98519854E-02       4.01054483E-02
   705.6000       3.98520155E-02       4.01054898E-02
   705.7000       3.98520457E-02       4.01055315E-02
   705.8000       3.98520774E-02       4.01055735E-02
   705.9000       3.98521092E-02       4.01056157E-02
   706.0000       3.98521410E-02       4.01056580E-02
   706.1000       3.98521737E-02       4.01057007E-02
   706.2000       3.98522057E-02       4.01057429E-02
   706.3000       3.98522372E-02       4.01057845E-02
   706.4000       3.98522706E-02       4.01058274E-02
   706.5000       3.98523038E-02       4.01058702E-02
   706.6000       3.98523361E-02       4.01059129E-02
   706.7000       3.98523693E-02       4.01059558E-02
   706.8000       3.98524032E-02       4.01059985E-02
   706.9000       3.98524368E-02       4.01060414E-02
   707.0000       3.98524709E-02       4.01060840E-02
   707.1000       3.98525052E-02       4.01061273E-02
   707.2000       3.98525409E-02       4.01061713E-02
   707.3000       3.98525745E-02       4.01062142E-02
   707.4000       3.98526087E-02       4.01062574E-02
   707.5000       3.98526433E-02       4.01063011E-02
   707.6000       3.98526785E-02       4.01063446E-02
   707.7000       3.98527128E-02       4.01063881E-02
   707.8000       3.98527476E-02       4.01064318E-02
   707.9000       3.98527819E-02       4.01064748E-02
   708.0000       3.98528171E-02       4.01065182E-02
   708.1000       3.98528528E-02       4.01065625E-02
   708.2000       3.98528890E-02       4.01066063E-02
   708.3000       3.98529252E-02       4.01066506E-02
   708.4000       3.98529611E-02       4.01066947E-02
   708.5000       3.98529978E-02       4.01067392E-02
   708.6000       3.98530345E-02       4.01067833E-02
   708.7000       3.98530711E-02       4.01068272E-02
   708.8000       3.98531082E-02       4.01068716E-02
   708.9000       3.98531457E-02       4.01069164E-02
   709.0000       3.98531834E-02       4.01069611E-02
   709.1000       3.98532214E-02       4.01070061E-02
   709.2000       3.98532591E-02       4.01070510E-02
   709.3000       3.98532965E-02       4.01070959E-02
   709.4000       3.98533341E-02       4.01071405E-02
   709.5000       3.98533731E-02       4.01071859E-02
   709.6000       3.98534106E-02       4.01072303E-02
   709.7000       3.98534493E-02       4.01072753E-02
   709.8000       3.98534876E-02       4.01073208E-02
   709.9000       3.98535256E-02       4.01073661E-02
   710.0000       3.98535644E-02       4.01074118E-02
   710.1000       3.98536026E-02       4.01074569E-02
   710.2000       3.98536417E-02       4.01075022E-02
   710.3000       3.98536818E-02       4.01075477E-02
   710.4000       3.98537214E-02       4.01075939E-02
   710.5000       3.98537618E-02       4.01076397E-02
   710.6000       3.98538025E-02       4.01076856E-02
   710.7000       3.98538433E-02       4.01077316E-02
   710.8000       3.98538837E-02       4.01077775E-02
   710.9000       3.98539234E-02       4.01078239E-02
   711.0000       3.98539642E-02       4.01078703E-02
   711.1000       3.98540054E-02       4.01079170E-02
   711.2000       3.98540459E-02       4.01079630E-02
   711.3000       3.98540873E-02       4.01080093E-02
   711.4000       3.98541286E-02       4.01080553E-02
   711.5000       3.98541698E-02       4.01081020E-02
   711.6000       3.98542119E-02       4.01081489E-02
   711.7000       3.98542540E-02       4.01081954E-02
   711.8000       3.98542958E-02       4.01082418E-02
   711.9000       3.98543385E-02       4.01082891E-02
   712.0000       3.98543811E-02       4.01083359E-02
   712.1000       3.98544241E-02       4.01083829E-02
   712.2000       3.98544679E-02       4.01084301E-02
   712.3000       3.98545112E-02       4.01084769E-02
   712.4000       3.98545553E-02       4.01085247E-02
   712.5000       3.98545986E-02       4.01085721E-02
   712.6000       3.98546424E-02       4.01086192E-02
   712.7000       3.98546867E-02       4.01086668E-02
   712.8000       3.98547300E-02       4.01087140E-02
   712.9000       3.98547749E-02       4.01087618E-02
   713.0000       3.98548189E-02       4.01088094E-02
   713.1000       3.98548631E-02       4.01088570E-02
   713.2000       3.98549076E-02       4.01089041E-02
   713.3000       3.98549530E-02       4.01089522E-02
   713.4000       3.98549984E-02       4.01089998E-02
   713.5000       3.98550439E-02       4.01090480E-02
   713.6000       3.98550890E-02       4.01090961E-02
   713.7000       3.98551345E-02       4.01091435E-02
   713.8000       3.98551813E-02       4.01091919E-02
   713.9000       3.98552265E-02       4.01092404E-02
   714.0000       3.98552725E-02       4.01092883E-02
   714.1000       3.98553178E-02       4.01093363E-02
   714.2000       3.98553637E-02       4.01093844E-02
   714.3000       3.98554104E-02       4.01094328E-02
   714.4000       3.98554569E-02       4.01094816E-02
   714.5000       3.98555032E-02       4.01095298E-02
   714.6000       3.98555492E-02       4.01095782E-02
   714.7000       3.98555957E-02       4.01096268E-02
   714.8000       3.98556429E-02       4.01096754E-02
   714.9000       3.98556894E-02       4.01097239E-02
   715.0000       3.98557372E-02       4.01097725E-02
   715.1000       3.98557857E-02       4.01098217E-02
   715.2000       3.98558338E-02       4.01098705E-02
   715.3000       3.98558821E-02       4.01099195E-02
   715.4000       3.98559304E-02       4.01099687E-02
   715.5000       3.98559779E-02       4.01100176E-02
   715.6000       3.98560258E-02       4.01100663E-02
   715.7000       3.98560734E-02       4.01101150E-02
   715.8000       3.98561222E-02       4.01101642E-02
   715.9000       3.98561708E-02       4.01102139E-02
   716.0000       3.98562203E-02       4.01102633E-02
   716.1000       3.98562683E-02       4.01103124E-02
   716.2000       3.98563166E-02       4.01103619E-02
   716.3000       3.98563654E-02       4.01104115E-02
   716.4000       3.98564144E-02       4.01104608E-02
   716.5000       3.98564627E-02       4.01105097E-02
   716.6000       3.98565124E-02       4.01105592E-02
   716.7000       3.98565615E-02       4.01106085E-02
   716.8000       3.98566110E-02       4.01106581E-02
   716.9000       3.98566597E-02       4.01107072E-02
   717.0000       3.98567088E-02       4.01107572E-02
   717.1000       3.98567575E-02       4.01108068E-02
   717.2000       3.98568070E-02       4.01108572E-02
   717.3000       3.98568564E-02       4.01109069E-02
   717.4000       3.98569069E-02       4.01109568E-02
   717.5000       3.98569574E-02       4.01110075E-02
   717.6000       3.98570086E-02       4.01110578E-02
   717.7000       3.98570590E-02       4.01111078E-02
   717.8000       3.98571097E-02       4.01111576E-02
   717.9000       3.98571588E-02       4.01112072E-02
   718.0000       3.98572101E-02       4.01112577E-02
   718.1000       3.98572607E-02       4.01113077E-02
   718.2000       3.98573113E-02       4.01113576E-02
   718.3000       3.98573628E-02       4.01114081E-02
   718.4000       3.98574141E-02       4.01114582E-02
   718.5000       3.98574652E-02       4.01115082E-02
   718.6000       3.98575175E-02       4.01115584E-02
   718.7000       3.98575673E-02       4.01116082E-02
   718.8000       3.98576192E-02       4.01116589E-02
   718.9000       3.98576706E-02       4.01117091E-02
   719.0000       3.98577210E-02       4.01117588E-02
   719.1000       3.98577730E-02       4.01118094E-02
   719.2000       3.98578254E-02       4.01118598E-02
   719.3000       3.98578775E-02       4.01119096E-02
   719.4000       3.98579298E-02       4.01119595E-02
   719.5000       3.98579834E-02       4.01120107E-02
   719.6000       3.98580358E-02       4.01120614E-02
   719.7000       3.98580891E-02       4.01121121E-02
   719.8000       3.98581417E-02       4.01121625E-02
   719.9000       3.98581943E-02       4.01122130E-02
   720.0000       3.98582476E-02       4.01122638E-02
   720.1000       3.98583012E-02       4.01123149E-02
   720.2000       3.98583547E-02       4.01123659E-02
   720.3000       3.98584084E-02       4.01124168E-02
   720.4000       3.98584618E-02       4.01124676E-02
   720.5000       3.98585155E-02       4.01125180E-02
   720.6000       3.98585691E-02       4.01125686E-02
   720.7000       3.98586217E-02       4.01126189E-02
   720.8000       3.98586756E-02       4.01126693E-02
   720.9000       3.98587289E-02       4.01127195E-02
   721.0000       3.98587832E-02       4.01127702E-02
   721.1000       3.98588370E-02       4.01128206E-02
   721.2000       3.98588911E-02       4.01128715E-02
   721.3000       3.98589439E-02       4.01129221E-02
   721.4000       3.98589974E-02       4.01129727E-02
   721.5000       3.98590512E-02       4.01130238E-02
   721.6000       3.98591052E-02       4.01130752E-02
   721.7000       3.98591588E-02       4.01131255E-02
   721.8000       3.98592127E-02       4.01131767E-02
   721.9000       3.98592667E-02       4.01132272E-02
   722.0000       3.98593208E-02       4.01132785E-02
   722.1000       3.98593755E-02       4.01133292E-02
   722.2000       3.98594302E-02       4.01133804E-02
   722.3000       3.98594849E-02       4.01134315E-02
   722.4000       3.98595396E-02       4.01134828E-02
   722.5000       3.98595953E-02       4.01135336E-02
   722.6000       3.98596503E-02       4.01135843E-02
   722.7000       3.98597053E-02       4.01136352E-02
   722.8000       3.98597609E-02       4.01136865E-02
   722.9000       3.98598154E-02       4.01137366E-02
   723.0000       3.98598709E-02       4.01137876E-02
   723.1000       3.98599263E-02       4.01138388E-02
   723.2000       3.98599819E-02       4.01138895E-02
   723.3000       3.98600369E-02       4.01139406E-02
   723.4000       3.98600917E-02       4.01139913E-02
   723.5000       3.98601478E-02       4.01140427E-02
   723.6000       3.98602028E-02       4.01140937E-02
   723.7000       3.98602580E-02       4.01141450E-02
   723.8000       3.98603139E-02       4.01141967E-02
   723.9000       3.98603704E-02       4.01142479E-02
   724.0000       3.98604261E-02       4.01142988E-02
   724.1000       3.98604815E-02       4.01143497E-02
   724.2000       3.98605374E-02       4.01144006E-02
   724.3000       3.98605938E-02       4.01144522E-02
   724.4000       3.98606506E-02       4.01145031E-02
   724.5000       3.98607066E-02       4.01145543E-02
   724.6000       3.98607631E-02       4.01146054E-02
   724.7000       3.98608200E-02       4.01146571E-02
   724.8000       3.98608764E-02       4.01147081E-02
   724.9000       3.98609340E-02       4.01147595E-02
   725.0000       3.98609907E-02       4.01148106E-02
   725.1000       3.98610478E-02       4.01148617E-02
   725.2000       3.98611045E-02       4.01149129E-02
   725.3000       3.98611608E-02       4.01149636E-02
   725.4000       3.98612175E-02       4.01150147E-02
   725.5000       3.98612745E-02       4.01150657E-02
   725.6000       3.98613307E-02       4.01151166E-02
   725.7000       3.98613868E-02       4.01151674E-02
   725.8000       3.98614441E-02       4.01152187E-02
   725.9000       3.98615005E-02       4.01152695E-02
   726.0000       3.98615569E-02       4.01153199E-02
   726.1000       3.98616148E-02       4.01153714E-02
   726.2000       3.98616711E-02       4.01154221E-02
   726.3000       3.98617283E-02       4.01154729E-02
   726.4000       3.98617851E-02       4.01155244E-02
   726.5000       3.98618418E-02       4.01155755E-02
   726.6000       3.98618983E-02       4.01156257E-02
   726.7000       3.98619548E-02       4.01156761E-02
   726.8000       3.98620120E-02       4.01157272E-02
   726.9000       3.98620691E-02       4.01157778E-02
   727.0000       3.98621258E-02       4.01158282E-02
   727.1000       3.98621830E-02       4.01158790E-02
   727.2000       3.98622395E-02       4.01159301E-02
   727.3000       3.98622973E-02       4.01159811E-02
   727.4000       3.98623551E-02       4.01160321E-02
   727.5000       3.98624133E-02       4.01160832E-02
   727.6000       3.98624710E-02       4.01161337E-02
   727.7000       3.98625290E-02       4.01161844E-02
   727.8000       3.98625873E-02       4.01162353E-02
   727.9000       3.98626462E-02       4.01162864E-02
   728.0000       3.98627039E-02       4.01163371E-02
   728.1000       3.98627620E-02       4.01163877E-02
   728.2000       3.98628204E-02       4.01164384E-02
   728.3000       3.98628781E-02       4.01164888E-02
   728.4000       3.98629371E-02       4.01165394E-02
   728.5000       3.98629953E-02       4.01165898E-02
   728.6000       3.98630536E-02       4.01166403E-02
   728.7000       3.98631116E-02       4.01166905E-02
   728.8000       3.98631702E-02       4.01167412E-02
   728.9000       3.98632288E-02       4.01167914E-02
   729.0000       3.98632871E-02       4.01168417E-02
   729.1000       3.98633453E-02       4.01168922E-02
   729.2000       3.98634055E-02       4.01169429E-02
   729.3000       3.98634642E-02       4.01169928E-02
   729.4000       3.98635226E-02       4.01170431E-02
   729.5000       3.98635814E-02       4.01170932E-02
   729.6000       3.98636396E-02       4.01171429E-02
   729.7000       3.98636983E-02       4.01171932E-02
   729.8000       3.98637565E-02       4.01172430E-02
   729.9000       3.98638160E-02       4.01172933E-02
   730.0000       3.98638750E-02       4.01173435E-02
   730.1000       3.98639333E-02       4.01173936E-02
   730.2000       3.98639914E-02       4.01174435E-02
   730.3000       3.98640496E-02       4.01174939E-02
   730.4000       3.98641075E-02       4.01175438E-02
   730.5000       3.98641663E-02       4.01175940E-02
   730.6000       3.98642243E-02       4.01176437E-02
   730.7000       3.98642822E-02       4.01176936E-02
   730.8000       3.98643414E-02       4.01177435E-02
   730.9000       3.98644002E-02       4.01177936E-02
   731.0000       3.98644595E-02       4.01178434E-02
   731.1000       3.98645176E-02       4.01178929E-02
   731.2000       3.98645762E-02       4.01179425E-02
   731.3000       3.98646346E-02       4.01179922E-02
   731.4000       3.98646934E-02       4.01180417E-02
   731.5000       3.98647516E-02       4.01180914E-02
   731.6000       3.98648111E-02       4.01181415E-02
   731.7000       3.98648708E-02       4.01181911E-02
   731.8000       3.98649296E-02       4.01182406E-02
   731.9000       3.98649875E-02       4.01182898E-02
   732.0000       3.98650469E-02       4.01183394E-02
   732.1000       3.98651057E-02       4.01183885E-02
   732.2000       3.98651649E-02       4.01184382E-02
   732.3000       3.98652249E-02       4.01184880E-02
   732.4000       3.98652834E-02       4.01185373E-02
   732.5000       3.98653423E-02       4.01185868E-02
   732.6000       3.98654026E-02       4.01186368E-02
   732.7000       3.98654618E-02       4.01186866E-02
   732.8000       3.98655213E-02       4.01187363E-02
   732.9000       3.98655799E-02       4.01187858E-02
   733.0000       3.98656391E-02       4.01188348E-02
   733.1000       3.98656984E-02       4.01188846E-02
   733.2000       3.98657581E-02       4.01189343E-02
   733.3000       3.98658177E-02       4.01189838E-02
   733.4000       3.98658785E-02       4.01190329E-02
   733.5000       3.98659386E-02       4.01190828E-02
   733.6000       3.98659977E-02       4.01191318E-02
   733.7000       3.98660571E-02       4.01191809E-02
   733.8000       3.98661169E-02       4.01192302E-02
   733.9000       3.98661754E-02       4.01192790E-02
   734.0000       3.98662359E-02       4.01193284E-02
   734.1000       3.98662959E-02       4.01193779E-02
   734.2000       3.98663562E-02       4.01194271E-02
   734.3000       3.98664157E-02       4.01194765E-02
   734.4000       3.98664746E-02       4.01195252E-02
   734.5000       3.98665340E-02       4.01195742E-02
   734.6000       3.98665928E-02       4.01196226E-02
   734.7000       3.98666521E-02       4.01196714E-02
   734.8000       3.98667113E-02       4.01197202E-02
   734.9000       3.98667705E-02       4.01197688E-02
   735.0000       3.98668292E-02       4.01198173E-02
   735.1000       3.98668878E-02       4.01198659E-02
   735.2000       3.98669475E-02       4.01199146E-02
   735.3000       3.98670063E-02       4.01199630E-02
   735.4000       3.98670652E-02       4.01200111E-02
   735.5000       3.98671241E-02       4.01200597E-02
   735.6000       3.98671831E-02       4.01201076E-02
   735.7000       3.98672425E-02       4.01201558E-02
   735.8000       3.98673018E-02       4.01202044E-02
   735.9000       3.98673608E-02       4.01202526E-02
   736.0000       3.98674199E-02       4.01203008E-02
   736.1000       3.98674795E-02       4.01203496E-02
   736.2000       3.98675384E-02       4.01203977E-02
   736.3000       3.98675982E-02       4.01204456E-02
   736.4000       3.98676567E-02       4.01204936E-02
   736.5000       3.98677157E-02       4.01205415E-02
   736.6000       3.98677748E-02       4.01205896E-02
   736.7000       3.98678331E-02       4.01206374E-02
   736.8000       3.98678922E-02       4.01206854E-02
   736.9000       3.98679511E-02       4.01207328E-02
   737.0000       3.98680096E-02       4.01207800E-02
   737.1000       3.98680692E-02       4.01208281E-02
   737.2000       3.98681279E-02       4.01208755E-02
   737.3000       3.98681873E-02       4.01209228E-02
   737.4000       3.98682467E-02       4.01209703E-02
   737.5000       3.98683052E-02       4.01210176E-02
   737.6000       3.98683647E-02       4.01210652E-02
   737.7000       3.98684235E-02       4.01211134E-02
   737.8000       3.98684825E-02       4.01211611E-02
   737.9000       3.98685421E-02       4.01212084E-02
   738.0000       3.98686013E-02       4.01212560E-02
   738.1000       3.98686606E-02       4.01213030E-02
   738.2000       3.98687202E-02       4.01213505E-02
   738.3000       3.98687800E-02       4.01213980E-02
   738.4000       3.98688386E-02       4.01214455E-02
   738.5000       3.98688984E-02       4.01214929E-02
   738.6000       3.98689564E-02       4.01215398E-02
   738.7000       3.98690159E-02       4.01215872E-02
   738.8000       3.98690744E-02       4.01216338E-02
   738.9000       3.98691334E-02       4.01216801E-02
   739.0000       3.98691918E-02       4.01217268E-02
   739.1000       3.98692504E-02       4.01217731E-02
   739.2000       3.98693092E-02       4.01218200E-02
   739.3000       3.98693671E-02       4.01218669E-02
   739.4000       3.98694269E-02       4.01219145E-02
   739.5000       3.98694863E-02       4.01219614E-02
   739.6000       3.98695450E-02       4.01220079E-02
   739.7000       3.98696042E-02       4.01220550E-02
   739.8000       3.98696634E-02       4.01221016E-02
   739.9000       3.98697228E-02       4.01221483E-02
   740.0000       3.98697828E-02       4.01221954E-02
   740.1000       3.98698423E-02       4.01222425E-02
   740.2000       3.98699014E-02       4.01222887E-02
   740.3000       3.98699614E-02       4.01223359E-02
   740.4000       3.98700206E-02       4.01223818E-02
   740.5000       3.98700797E-02       4.01224283E-02
   740.6000       3.98701397E-02       4.01224752E-02
   740.7000       3.98701989E-02       4.01225216E-02
   740.8000       3.98702575E-02       4.01225676E-02
   740.9000       3.98703160E-02       4.01226139E-02
   741.0000       3.98703751E-02       4.01226598E-02
   741.1000       3.98704339E-02       4.01227054E-02
   741.2000       3.98704932E-02       4.01227513E-02
   741.3000       3.98705522E-02       4.01227975E-02
   741.4000       3.98706110E-02       4.01228436E-02
   741.5000       3.98706694E-02       4.01228893E-02
   741.6000       3.98707285E-02       4.01229354E-02
   741.7000       3.98707876E-02       4.01229815E-02
   741.8000       3.98708461E-02       4.01230273E-02
   741.9000       3.98709049E-02       4.01230730E-02
   742.0000       3.98709638E-02       4.01231186E-02
   742.1000       3.98710222E-02       4.01231645E-02
   742.2000       3.98710803E-02       4.01232099E-02
   742.3000       3.98711387E-02       4.01232555E-02
   742.4000       3.98711968E-02       4.01233008E-02
   742.5000       3.98712551E-02       4.01233459E-02
   742.6000       3.98713137E-02       4.01233912E-02
   742.7000       3.98713718E-02       4.01234361E-02
   742.8000       3.98714297E-02       4.01234809E-02
   742.9000       3.98714882E-02       4.01235263E-02
   743.0000       3.98715469E-02       4.01235713E-02
   743.1000       3.98716059E-02       4.01236165E-02
   743.2000       3.98716653E-02       4.01236618E-02
   743.3000       3.98717239E-02       4.01237070E-02
   743.4000       3.98717820E-02       4.01237515E-02
   743.5000       3.98718394E-02       4.01237960E-02
   743.6000       3.98718970E-02       4.01238405E-02
   743.7000       3.98719555E-02       4.01238858E-02
   743.8000       3.98720135E-02       4.01239305E-02
   743.9000       3.98720727E-02       4.01239758E-02
   744.0000       3.98721301E-02       4.01240200E-02
   744.1000       3.98721880E-02       4.01240640E-02
   744.2000       3.98722469E-02       4.01241084E-02
   744.3000       3.98723059E-02       4.01241529E-02
   744.4000       3.98723634E-02       4.01241966E-02
   744.5000       3.98724211E-02       4.01242405E-02
   744.6000       3.98724796E-02       4.01242850E-02
   744.7000       3.98725374E-02       4.01243290E-02
   744.8000       3.98725953E-02       4.01243728E-02
   744.9000       3.98726535E-02       4.01244168E-02
   745.0000       3.98727111E-02       4.01244604E-02
   745.1000       3.98727693E-02       4.01245041E-02
   745.2000       3.98728277E-02       4.01245478E-02
   745.3000       3.98728852E-02       4.01245914E-02
   745.4000       3.98729426E-02       4.01246346E-02
   745.5000       3.98730008E-02       4.01246781E-02
   745.6000       3.98730574E-02       4.01247209E-02
   745.7000       3.98731148E-02       4.01247639E-02
   745.8000       3.98731719E-02       4.01248075E-02
   745.9000       3.98732290E-02       4.01248509E-02
   746.0000       3.98732866E-02       4.01248939E-02
   746.1000       3.98733441E-02       4.01249369E-02
   746.2000       3.98734013E-02       4.01249800E-02
   746.3000       3.98734592E-02       4.01250230E-02
   746.4000       3.98735165E-02       4.01250657E-02
   746.5000       3.98735734E-02       4.01251086E-02
   746.6000       3.98736311E-02       4.01251517E-02
   746.7000       3.98736890E-02       4.01251947E-02
   746.8000       3.98737462E-02       4.01252370E-02
   746.9000       3.98738034E-02       4.01252797E-02
   747.0000       3.98738602E-02       4.01253223E-02
   747.1000       3.98739160E-02       4.01253645E-02
   747.2000       3.98739730E-02       4.01254064E-02
   747.3000       3.98740300E-02       4.01254487E-02
   747.4000       3.98740867E-02       4.01254910E-02
   747.5000       3.98741436E-02       4.01255330E-02
   747.6000       3.98741999E-02       4.01255753E-02
   747.7000       3.98742554E-02       4.01256162E-02
   747.8000       3.98743121E-02       4.01256577E-02
   747.9000       3.98743691E-02       4.01256997E-02
   748.0000       3.98744256E-02       4.01257412E-02
   748.1000       3.98744812E-02       4.01257827E-02
   748.2000       3.98745380E-02       4.01258245E-02
   748.3000       3.98745927E-02       4.01258658E-02
   748.4000       3.98746487E-02       4.01259074E-02
   748.5000       3.98747047E-02       4.01259489E-02
   748.6000       3.98747608E-02       4.01259902E-02
   748.7000       3.98748173E-02       4.01260312E-02
   748.8000       3.98748730E-02       4.01260719E-02
   748.9000       3.98749295E-02       4.01261131E-02
   749.0000       3.98749860E-02       4.01261546E-02
   749.1000       3.98750427E-02       4.01261953E-02
   749.2000       3.98750982E-02       4.01262357E-02
   749.3000       3.98751546E-02       4.01262765E-02
   749.4000       3.98752109E-02       4.01263174E-02
   749.5000       3.98752674E-02       4.01263582E-02
   749.6000       3.98753231E-02       4.01263983E-02
   749.7000       3.98753793E-02       4.01264389E-02
   749.8000       3.98754357E-02       4.01264790E-02
   749.9000       3.98754919E-02       4.01265200E-02
   750.0000       3.98755472E-02       4.01265606E-02
   750.1000       3.98756032E-02       4.01266005E-02
   750.2000       3.98756583E-02       4.01266405E-02
   750.3000       3.98757145E-02       4.01266803E-02
   750.4000       3.98757692E-02       4.01267197E-02
   750.5000       3.98758251E-02       4.01267597E-02
   750.6000       3.98758790E-02       4.01267991E-02
   750.7000       3.98759343E-02       4.01268389E-02
   750.8000       3.98759895E-02       4.01268786E-02
   750.9000       3.98760434E-02       4.01269179E-02
   751.0000       3.98760973E-02       4.01269572E-02
   751.1000       3.98761517E-02       4.01269969E-02
   751.2000       3.98762061E-02       4.01270364E-02
   751.3000       3.98762602E-02       4.01270751E-02
   751.4000       3.98763142E-02       4.01271142E-02
   751.5000       3.98763693E-02       4.01271533E-02
   751.6000       3.98764238E-02       4.01271923E-02
   751.7000       3.98764783E-02       4.01272314E-02
   751.8000       3.98765332E-02       4.01272707E-02
   751.9000       3.98765868E-02       4.01273090E-02
   752.0000       3.98766409E-02       4.01273473E-02
   752.1000       3.98766945E-02       4.01273863E-02
   752.2000       3.98767486E-02       4.01274253E-02
   752.3000       3.98768017E-02       4.01274638E-02
   752.4000       3.98768544E-02       4.01275017E-02
   752.5000       3.98769087E-02       4.01275399E-02
   752.6000       3.98769626E-02       4.01275782E-02
   752.7000       3.98770154E-02       4.01276156E-02
   752.8000       3.98770683E-02       4.01276535E-02
   752.9000       3.98771212E-02       4.01276915E-02
   753.0000       3.98771741E-02       4.01277291E-02
   753.1000       3.98772268E-02       4.01277670E-02
   753.2000       3.98772801E-02       4.01278044E-02
   753.3000       3.98773319E-02       4.01278416E-02
   753.4000       3.98773842E-02       4.01278784E-02
   753.5000       3.98774364E-02       4.01279156E-02
   753.6000       3.98774884E-02       4.01279522E-02
   753.7000       3.98775413E-02       4.01279893E-02
   753.8000       3.98775953E-02       4.01280266E-02
   753.9000       3.98776480E-02       4.01280637E-02
   754.0000       3.98777008E-02       4.01281007E-02
   754.1000       3.98777534E-02       4.01281372E-02
   754.2000       3.98778056E-02       4.01281739E-02
   754.3000       3.98778585E-02       4.01282107E-02
   754.4000       3.98779103E-02       4.01282471E-02
   754.5000       3.98779623E-02       4.01282837E-02
   754.6000       3.98780140E-02       4.01283200E-02
   754.7000       3.98780658E-02       4.01283564E-02
   754.8000       3.98781179E-02       4.01283928E-02
   754.9000       3.98781692E-02       4.01284291E-02
   755.0000       3.98782220E-02       4.01284649E-02
   755.1000       3.98782734E-02       4.01285010E-02
   755.2000       3.98783252E-02       4.01285367E-02
   755.3000       3.98783769E-02       4.01285721E-02
   755.4000       3.98784293E-02       4.01286081E-02
   755.5000       3.98784817E-02       4.01286437E-02
   755.6000       3.98785339E-02       4.01286793E-02
   755.7000       3.98785853E-02       4.01287145E-02
   755.8000       3.98786371E-02       4.01287495E-02
   755.9000       3.98786884E-02       4.01287844E-02
   756.0000       3.98787400E-02       4.01288193E-02
   756.1000       3.98787916E-02       4.01288546E-02
   756.2000       3.98788438E-02       4.01288898E-02
   756.3000       3.98788954E-02       4.01289244E-02
   756.4000       3.98789469E-02       4.01289596E-02
   756.5000       3.98789976E-02       4.01289944E-02
   756.6000       3.98790484E-02       4.01290286E-02
   756.7000       3.98790985E-02       4.01290631E-02
   756.8000       3.98791486E-02       4.01290973E-02
   756.9000       3.98791994E-02       4.01291318E-02
   757.0000       3.98792494E-02       4.01291659E-02
   757.1000       3.98792997E-02       4.01292004E-02
   757.2000       3.98793499E-02       4.01292341E-02
   757.3000       3.98794000E-02       4.01292675E-02
   757.4000       3.98794495E-02       4.01293009E-02
   757.5000       3.98794993E-02       4.01293344E-02
   757.6000       3.98795498E-02       4.01293683E-02
   757.7000       3.98795998E-02       4.01294019E-02
   757.8000       3.98796506E-02       4.01294355E-02
   757.9000       3.98796997E-02       4.01294688E-02
   758.0000       3.98797495E-02       4.01295020E-02
   758.1000       3.98797995E-02       4.01295356E-02
   758.2000       3.98798476E-02       4.01295687E-02
   758.3000       3.98798957E-02       4.01296016E-02
   758.4000       3.98799448E-02       4.01296346E-02
   758.5000       3.98799947E-02       4.01296674E-02
   758.6000       3.98800439E-02       4.01297005E-02
   758.7000       3.98800922E-02       4.01297332E-02
   758.8000       3.98801398E-02       4.01297651E-02
   758.9000       3.98801887E-02       4.01297977E-02
   759.0000       3.98802367E-02       4.01298300E-02
   759.1000       3.98802843E-02       4.01298623E-02
   759.2000       3.98803326E-02       4.01298947E-02
   759.3000       3.98803806E-02       4.01299265E-02
   759.4000       3.98804288E-02       4.01299586E-02
   759.5000       3.98804774E-02       4.01299905E-02
   759.6000       3.98805254E-02       4.01300224E-02
   759.7000       3.98805743E-02       4.01300544E-02
   759.8000       3.98806226E-02       4.01300867E-02
   759.9000       3.98806711E-02       4.01301181E-02
   760.0000       3.98807184E-02       4.01301494E-02
   760.1000       3.98807659E-02       4.01301808E-02
   760.2000       3.98808130E-02       4.01302116E-02
   760.3000       3.98808617E-02       4.01302429E-02
   760.4000       3.98809094E-02       4.01302741E-02
   760.5000       3.98809567E-02       4.01303052E-02
   760.6000       3.98810045E-02       4.01303366E-02
   760.7000       3.98810515E-02       4.01303676E-02
   760.8000       3.98810998E-02       4.01303991E-02
   760.9000       3.98811464E-02       4.01304295E-02
   761.0000       3.98811939E-02       4.01304598E-02
   761.1000       3.98812415E-02       4.01304905E-02
   761.2000       3.98812891E-02       4.01305210E-02
   761.3000       3.98813365E-02       4.01305513E-02
   761.4000       3.98813830E-02       4.01305813E-02
   761.5000       3.98814307E-02       4.01306118E-02
   761.6000       3.98814780E-02       4.01306418E-02
   761.7000       3.98815240E-02       4.01306717E-02
   761.8000       3.98815707E-02       4.01307017E-02
   761.9000       3.98816167E-02       4.01307308E-02
   762.0000       3.98816627E-02       4.01307608E-02
   762.1000       3.98817088E-02       4.01307898E-02
   762.2000       3.98817549E-02       4.01308192E-02
   762.3000       3.98818012E-02       4.01308485E-02
   762.4000       3.98818467E-02       4.01308778E-02
   762.5000       3.98818924E-02       4.01309069E-02
   762.6000       3.98819373E-02       4.01309353E-02
   762.7000       3.98819826E-02       4.01309636E-02
   762.8000       3.98820279E-02       4.01309925E-02
   762.9000       3.98820724E-02       4.01310205E-02
   763.0000       3.98821176E-02       4.01310492E-02
   763.1000       3.98821624E-02       4.01310779E-02
   763.2000       3.98822082E-02       4.01311066E-02
   763.3000       3.98822526E-02       4.01311345E-02
   763.4000       3.98822981E-02       4.01311626E-02
   763.5000       3.98823423E-02       4.01311905E-02
   763.6000       3.98823869E-02       4.01312184E-02
   763.7000       3.98824313E-02       4.01312460E-02
   763.8000       3.98824756E-02       4.01312739E-02
   763.9000       3.98825193E-02       4.01313011E-02
   764.0000       3.98825643E-02       4.01313286E-02
   764.1000       3.98826091E-02       4.01313560E-02
   764.2000       3.98826536E-02       4.01313833E-02
   764.3000       3.98826971E-02       4.01314100E-02
   764.4000       3.98827407E-02       4.01314371E-02
   764.5000       3.98827841E-02       4.01314637E-02
   764.6000       3.98828275E-02       4.01314905E-02
   764.7000       3.98828709E-02       4.01315174E-02
   764.8000       3.98829133E-02       4.01315436E-02
   764.9000       3.98829566E-02       4.01315703E-02
   765.0000       3.98829999E-02       4.01315968E-02
   765.1000       3.98830435E-02       4.01316234E-02
   765.2000       3.98830872E-02       4.01316496E-02
   765.3000       3.98831294E-02       4.01316750E-02
   765.4000       3.98831720E-02       4.01317008E-02
   765.5000       3.98832147E-02       4.01317266E-02
   765.6000       3.98832564E-02       4.01317522E-02
   765.7000       3.98832989E-02       4.01317776E-02
   765.8000       3.98833408E-02       4.01318026E-02
   765.9000       3.98833839E-02       4.01318279E-02
   766.0000       3.98834264E-02       4.01318538E-02
   766.1000       3.98834690E-02       4.01318791E-02
   766.2000       3.98835114E-02       4.01319043E-02
   766.3000       3.98835536E-02       4.01319292E-02
   766.4000       3.98835950E-02       4.01319539E-02
   766.5000       3.98836364E-02       4.01319787E-02
   766.6000       3.98836781E-02       4.01320032E-02
   766.7000       3.98837195E-02       4.01320278E-02
   766.8000       3.98837610E-02       4.01320524E-02
   766.9000       3.98838026E-02       4.01320767E-02
   767.0000       3.98838437E-02       4.01321009E-02
   767.1000       3.98838843E-02       4.01321247E-02
   767.2000       3.98839249E-02       4.01321487E-02
   767.3000       3.98839659E-02       4.01321728E-02
   767.4000       3.98840071E-02       4.01321970E-02
   767.5000       3.98840471E-02       4.01322202E-02
   767.6000       3.98840878E-02       4.01322440E-02
   767.7000       3.98841282E-02       4.01322677E-02
   767.8000       3.98841681E-02       4.01322909E-02
   767.9000       3.98842085E-02       4.01323144E-02
   768.0000       3.98842491E-02       4.01323381E-02
   768.1000       3.98842899E-02       4.01323618E-02
   768.2000       3.98843301E-02       4.01323850E-02
   768.3000       3.98843701E-02       4.01324078E-02
   768.4000       3.98844096E-02       4.01324306E-02
   768.5000       3.98844488E-02       4.01324534E-02
   768.6000       3.98844882E-02       4.01324760E-02
   768.7000       3.98845274E-02       4.01324986E-02
   768.8000       3.98845670E-02       4.01325212E-02
   768.9000       3.98846063E-02       4.01325436E-02
   769.0000       3.98846465E-02       4.01325662E-02
   769.1000       3.98846860E-02       4.01325892E-02
   769.2000       3.98847248E-02       4.01326105E-02
   769.3000       3.98847637E-02       4.01326321E-02
   769.4000       3.98848032E-02       4.01326538E-02
   769.5000       3.98848422E-02       4.01326760E-02
   769.6000       3.98848809E-02       4.01326978E-02
   769.7000       3.98849194E-02       4.01327196E-02
   769.8000       3.98849574E-02       4.01327409E-02
   769.9000       3.98849949E-02       4.01327623E-02
   770.0000       3.98850329E-02       4.01327836E-02
   770.1000       3.98850705E-02       4.01328044E-02
   770.2000       3.98851092E-02       4.01328258E-02
   770.3000       3.98851475E-02       4.01328469E-02
   770.4000       3.98851846E-02       4.01328675E-02
   770.5000       3.98852218E-02       4.01328885E-02
   770.6000       3.98852591E-02       4.01329091E-02
   770.7000       3.98852957E-02       4.01329288E-02
   770.8000       3.98853336E-02       4.01329493E-02
   770.9000       3.98853712E-02       4.01329703E-02
   771.0000       3.98854089E-02       4.01329906E-02
   771.1000       3.98854467E-02       4.01330105E-02
   771.2000       3.98854831E-02       4.01330300E-02
   771.3000       3.98855204E-02       4.01330497E-02
   771.4000       3.98855568E-02       4.01330692E-02
   771.5000       3.98855932E-02       4.01330882E-02
   771.6000       3.98856297E-02       4.01331072E-02
   771.7000       3.98856657E-02       4.01331263E-02
   771.8000       3.98857015E-02       4.01331453E-02
   771.9000       3.98857375E-02       4.01331638E-02
   772.0000       3.98857733E-02       4.01331825E-02
   772.1000       3.98858088E-02       4.01332005E-02
   772.2000       3.98858450E-02       4.01332192E-02
   772.3000       3.98858814E-02       4.01332383E-02
   772.4000       3.98859173E-02       4.01332568E-02
   772.5000       3.98859529E-02       4.01332755E-02
   772.6000       3.98859888E-02       4.01332934E-02
   772.7000       3.98860236E-02       4.01333115E-02
   772.8000       3.98860584E-02       4.01333299E-02
   772.9000       3.98860935E-02       4.01333481E-02
   773.0000       3.98861292E-02       4.01333665E-02
   773.1000       3.98861649E-02       4.01333847E-02
   773.2000       3.98862003E-02       4.01334027E-02
   773.3000       3.98862344E-02       4.01334203E-02
   773.4000       3.98862687E-02       4.01334379E-02
   773.5000       3.98863035E-02       4.01334552E-02
   773.6000       3.98863381E-02       4.01334720E-02
   773.7000       3.98863726E-02       4.01334895E-02
   773.8000       3.98864058E-02       4.01335064E-02
   773.9000       3.98864394E-02       4.01335232E-02
   774.0000       3.98864729E-02       4.01335397E-02
   774.1000       3.98865072E-02       4.01335566E-02
   774.2000       3.98865409E-02       4.01335731E-02
   774.3000       3.98865753E-02       4.01335902E-02
   774.4000       3.98866091E-02       4.01336071E-02
   774.5000       3.98866436E-02       4.01336236E-02
   774.6000       3.98866770E-02       4.01336401E-02
   774.7000       3.98867111E-02       4.01336565E-02
   774.8000       3.98867445E-02       4.01336730E-02
   774.9000       3.98867781E-02       4.01336897E-02
   775.0000       3.98868114E-02       4.01337059E-02
   775.1000       3.98868440E-02       4.01337219E-02
   775.2000       3.98868774E-02       4.01337382E-02
   775.3000       3.98869110E-02       4.01337539E-02
   775.4000       3.98869442E-02       4.01337697E-02
   775.5000       3.98869767E-02       4.01337856E-02
   775.6000       3.98870089E-02       4.01338009E-02
   775.7000       3.98870411E-02       4.01338170E-02
   775.8000       3.98870733E-02       4.01338325E-02
   775.9000       3.98871056E-02       4.01338476E-02
   776.0000       3.98871375E-02       4.01338627E-02
   776.1000       3.98871695E-02       4.01338777E-02
   776.2000       3.98872010E-02       4.01338924E-02
   776.3000       3.98872318E-02       4.01339066E-02
   776.4000       3.98872646E-02       4.01339220E-02
   776.5000       3.98872963E-02       4.01339367E-02
   776.6000       3.98873271E-02       4.01339512E-02
   776.7000       3.98873583E-02       4.01339657E-02
   776.8000       3.98873907E-02       4.01339805E-02
   776.9000       3.98874224E-02       4.01339951E-02
   777.0000       3.98874533E-02       4.01340093E-02
   777.1000       3.98874845E-02       4.01340233E-02
   777.2000       3.98875160E-02       4.01340373E-02
   777.3000       3.98875472E-02       4.01340515E-02
   777.4000       3.98875775E-02       4.01340652E-02
   777.5000       3.98876081E-02       4.01340789E-02
   777.6000       3.98876389E-02       4.01340923E-02
   777.7000       3.98876705E-02       4.01341064E-02
   777.8000       3.98877008E-02       4.01341196E-02
   777.9000       3.98877313E-02       4.01341322E-02
   778.0000       3.98877609E-02       4.01341453E-02
   778.1000       3.98877913E-02       4.01341585E-02
   778.2000       3.98878207E-02       4.01341709E-02
   778.3000       3.98878510E-02       4.01341840E-02
   778.4000       3.98878804E-02       4.01341967E-02
   778.5000       3.98879101E-02       4.01342093E-02
   778.6000       3.98879389E-02       4.01342215E-02
   778.7000       3.98879691E-02       4.01342341E-02
   778.8000       3.98879984E-02       4.01342461E-02
   778.9000       3.98880274E-02       4.01342584E-02
   779.0000       3.98880567E-02       4.01342702E-02
   779.1000       3.98880857E-02       4.01342826E-02
   779.2000       3.98881138E-02       4.01342946E-02
   779.3000       3.98881425E-02       4.01343064E-02
   779.4000       3.98881711E-02       4.01343184E-02
   779.5000       3.98881992E-02       4.01343299E-02
   779.6000       3.98882275E-02       4.01343416E-02
   779.7000       3.98882556E-02       4.01343532E-02
   779.8000       3.98882835E-02       4.01343646E-02
   779.9000       3.98883115E-02       4.01343758E-02
   780.0000       3.98883391E-02       4.01343866E-02
   780.1000       3.98883671E-02       4.01343980E-02
   780.2000       3.98883951E-02       4.01344093E-02
   780.3000       3.98884223E-02       4.01344197E-02
   780.4000       3.98884498E-02       4.01344302E-02
   780.5000       3.98884765E-02       4.01344410E-02
   780.6000       3.98885039E-02       4.01344517E-02
   780.7000       3.98885319E-02       4.01344618E-02
   780.8000       3.98885598E-02       4.01344721E-02
   780.9000       3.98885868E-02       4.01344827E-02
   781.0000       3.98886151E-02       4.01344931E-02
   781.1000       3.98886424E-02       4.01345031E-02
   781.2000       3.98886700E-02       4.01345134E-02
   781.3000       3.98886980E-02       4.01345237E-02
   781.4000       3.98887260E-02       4.01345341E-02
   781.5000       3.98887536E-02       4.01345440E-02
   781.6000       3.98887809E-02       4.01345538E-02
   781.7000       3.98888081E-02       4.01345631E-02
   781.8000       3.98888347E-02       4.01345726E-02
   781.9000       3.98888605E-02       4.01345817E-02
   782.0000       3.98888867E-02       4.01345910E-02
   782.1000       3.98889123E-02       4.01345998E-02
   782.2000       3.98889385E-02       4.01346092E-02
   782.3000       3.98889639E-02       4.01346178E-02
   782.4000       3.98889895E-02       4.01346267E-02
   782.5000       3.98890148E-02       4.01346359E-02
   782.6000       3.98890402E-02       4.01346447E-02
   782.7000       3.98890653E-02       4.01346530E-02
   782.8000       3.98890912E-02       4.01346610E-02
   782.9000       3.98891163E-02       4.01346695E-02
   783.0000       3.98891417E-02       4.01346776E-02
   783.1000       3.98891676E-02       4.01346858E-02
   783.2000       3.98891929E-02       4.01346940E-02
   783.3000       3.98892183E-02       4.01347022E-02
   783.4000       3.98892426E-02       4.01347099E-02
   783.5000       3.98892672E-02       4.01347176E-02
   783.6000       3.98892917E-02       4.01347253E-02
   783.7000       3.98893161E-02       4.01347324E-02
   783.8000       3.98893410E-02       4.01347400E-02
   783.9000       3.98893651E-02       4.01347474E-02
   784.0000       3.98893884E-02       4.01347542E-02
   784.1000       3.98894120E-02       4.01347617E-02
   784.2000       3.98894358E-02       4.01347685E-02
   784.3000       3.98894598E-02       4.01347752E-02
   784.4000       3.98894829E-02       4.01347825E-02
   784.5000       3.98895074E-02       4.01347899E-02
   784.6000       3.98895305E-02       4.01347966E-02
   784.7000       3.98895538E-02       4.01348033E-02
   784.8000       3.98895775E-02       4.01348105E-02
   784.9000       3.98896012E-02       4.01348169E-02
   785.0000       3.98896245E-02       4.01348238E-02
   785.1000       3.98896473E-02       4.01348304E-02
   785.2000       3.98896707E-02       4.01348366E-02
   785.3000       3.98896938E-02       4.01348427E-02
   785.4000       3.98897166E-02       4.01348487E-02
   785.5000       3.98897394E-02       4.01348544E-02
   785.6000       3.98897623E-02       4.01348600E-02
   785.7000       3.98897849E-02       4.01348657E-02
   785.8000       3.98898086E-02       4.01348717E-02
   785.9000       3.98898310E-02       4.01348766E-02
   786.0000       3.98898523E-02       4.01348817E-02
   786.1000       3.98898746E-02       4.01348876E-02
   786.2000       3.98898961E-02       4.01348926E-02
   786.3000       3.98899182E-02       4.01348982E-02
   786.4000       3.98899389E-02       4.01349029E-02
   786.5000       3.98899609E-02       4.01349078E-02
   786.6000       3.98899828E-02       4.01349127E-02
   786.7000       3.98900047E-02       4.01349177E-02
   786.8000       3.98900271E-02       4.01349226E-02
   786.9000       3.98900481E-02       4.01349272E-02
   787.0000       3.98900692E-02       4.01349317E-02
   787.1000       3.98900895E-02       4.01349358E-02
   787.2000       3.98901105E-02       4.01349401E-02
   787.3000       3.98901314E-02       4.01349442E-02
   787.4000       3.98901509E-02       4.01349485E-02
   787.5000       3.98901720E-02       4.01349526E-02
   787.6000       3.98901927E-02       4.01349573E-02
   787.7000       3.98902138E-02       4.01349611E-02
   787.8000       3.98902340E-02       4.01349652E-02
   787.9000       3.98902547E-02       4.01349689E-02
   788.0000       3.98902748E-02       4.01349718E-02
   788.1000       3.98902949E-02       4.01349753E-02
   788.2000       3.98903146E-02       4.01349785E-02
   788.3000       3.98903344E-02       4.01349815E-02
   788.4000       3.98903541E-02       4.01349847E-02
   788.5000       3.98903735E-02       4.01349880E-02
   788.6000       3.98903931E-02       4.01349909E-02
   788.7000       3.98904130E-02       4.01349943E-02
   788.8000       3.98904321E-02       4.01349973E-02
   788.9000       3.98904518E-02       4.01350005E-02
   789.0000       3.98904709E-02       4.01350032E-02
   789.1000       3.98904904E-02       4.01350058E-02
   789.2000       3.98905085E-02       4.01350080E-02
   789.3000       3.98905271E-02       4.01350099E-02
   789.4000       3.98905462E-02       4.01350126E-02
   789.5000       3.98905655E-02       4.01350151E-02
   789.6000       3.98905837E-02       4.01350171E-02
   789.7000       3.98906023E-02       4.01350195E-02
   789.8000       3.98906208E-02       4.01350215E-02
   789.9000       3.98906404E-02       4.01350238E-02
   790.0000       3.98906588E-02       4.01350258E-02
   790.1000       3.98906773E-02       4.01350273E-02
   790.2000       3.98906949E-02       4.01350292E-02
   790.3000       3.98907132E-02       4.01350309E-02
   790.4000       3.98907304E-02       4.01350324E-02
   790.5000       3.98907481E-02       4.01350336E-02
   790.6000       3.98907657E-02       4.01350347E-02
   790.7000       3.98907828E-02       4.01350357E-02
   790.8000       3.98908010E-02       4.01350364E-02
   790.9000       3.98908199E-02       4.01350380E-02
   791.0000       3.98908379E-02       4.01350394E-02
   791.1000       3.98908548E-02       4.01350398E-02
   791.2000       3.98908727E-02       4.01350408E-02
   791.3000       3.98908904E-02       4.01350417E-02
   791.4000       3.98909071E-02       4.01350421E-02
   791.5000       3.98909240E-02       4.01350425E-02
   791.6000       3.98909397E-02       4.01350425E-02
   791.7000       3.98909563E-02       4.01350429E-02
   791.8000       3.98909724E-02       4.01350432E-02
   791.9000       3.98909888E-02       4.01350438E-02
   792.0000       3.98910044E-02       4.01350439E-02
   792.1000       3.98910203E-02       4.01350439E-02
   792.2000       3.98910360E-02       4.01350435E-02
   792.3000       3.98910515E-02       4.01350433E-02
   792.4000       3.98910670E-02       4.01350429E-02
   792.5000       3.98910837E-02       4.01350429E-02
   792.6000       3.98910999E-02       4.01350428E-02
   792.7000       3.98911162E-02       4.01350427E-02
   792.8000       3.98911318E-02       4.01350423E-02
   792.9000       3.98911480E-02       4.01350414E-02
   793.0000       3.98911642E-02       4.01350406E-02
   793.1000       3.98911804E-02       4.01350401E-02
   793.2000       3.98911960E-02       4.01350392E-02
   793.3000       3.98912113E-02       4.01350380E-02
   793.4000       3.98912268E-02       4.01350372E-02
   793.5000       3.98912418E-02       4.01350359E-02
   793.6000       3.98912573E-02       4.01350350E-02
   793.7000       3.98912719E-02       4.01350333E-02
   793.8000       3.98912867E-02       4.01350321E-02
   793.9000       3.98913017E-02       4.01350308E-02
   794.0000       3.98913164E-02       4.01350293E-02
   794.1000       3.98913306E-02       4.01350279E-02
   794.2000       3.98913452E-02       4.01350261E-02
   794.3000       3.98913598E-02       4.01350243E-02
   794.4000       3.98913740E-02       4.01350226E-02
   794.5000       3.98913890E-02       4.01350206E-02
   794.6000       3.98914034E-02       4.01350182E-02
   794.7000       3.98914175E-02       4.01350163E-02
   794.8000       3.98914311E-02       4.01350135E-02
   794.9000       3.98914454E-02       4.01350112E-02
   795.0000       3.98914603E-02       4.01350088E-02
   795.1000       3.98914743E-02       4.01350060E-02
   795.2000       3.98914879E-02       4.01350037E-02
   795.3000       3.98915009E-02       4.01350008E-02
   795.4000       3.98915137E-02       4.01349978E-02
   795.5000       3.98915261E-02       4.01349949E-02
   795.6000       3.98915392E-02       4.01349923E-02
   795.7000       3.98915521E-02       4.01349895E-02
   795.8000       3.98915644E-02       4.01349860E-02
   795.9000       3.98915781E-02       4.01349835E-02
   796.0000       3.98915906E-02       4.01349803E-02
   796.1000       3.98916029E-02       4.01349770E-02
   796.2000       3.98916157E-02       4.01349735E-02
   796.3000       3.98916284E-02       4.01349699E-02
   796.4000       3.98916402E-02       4.01349663E-02
   796.5000       3.98916518E-02       4.01349626E-02
   796.6000       3.98916635E-02       4.01349590E-02
   796.7000       3.98916763E-02       4.01349559E-02
   796.8000       3.98916873E-02       4.01349520E-02
   796.9000       3.98916995E-02       4.01349484E-02
   797.0000       3.98917110E-02       4.01349448E-02
   797.1000       3.98917226E-02       4.01349410E-02
   797.2000       3.98917339E-02       4.01349370E-02
   797.3000       3.98917464E-02       4.01349327E-02
   797.4000       3.98917583E-02       4.01349286E-02
   797.5000       3.98917702E-02       4.01349239E-02
   797.6000       3.98917821E-02       4.01349201E-02
   797.7000       3.98917939E-02       4.01349157E-02
   797.8000       3.98918046E-02       4.01349109E-02
   797.9000       3.98918166E-02       4.01349070E-02
   798.0000       3.98918282E-02       4.01349023E-02
   798.1000       3.98918405E-02       4.01348979E-02
   798.2000       3.98918529E-02       4.01348934E-02
   798.3000       3.98918645E-02       4.01348887E-02
   798.4000       3.98918753E-02       4.01348838E-02
   798.5000       3.98918861E-02       4.01348788E-02
   798.6000       3.98918973E-02       4.01348738E-02
   798.7000       3.98919082E-02       4.01348684E-02
   798.8000       3.98919188E-02       4.01348627E-02
   798.9000       3.98919286E-02       4.01348570E-02
   799.0000       3.98919389E-02       4.01348519E-02
   799.1000       3.98919495E-02       4.01348466E-02
   799.2000       3.98919593E-02       4.01348411E-02
   799.3000       3.98919688E-02       4.01348352E-02
   799.4000       3.98919792E-02       4.01348293E-02
   799.5000       3.98919902E-02       4.01348243E-02
   799.6000       3.98920004E-02       4.01348186E-02
   799.7000       3.98920102E-02       4.01348127E-02
   799.8000       3.98920202E-02       4.01348069E-02
   799.9000       3.98920306E-02       4.01348010E-02
   800.0000       3.98920410E-02       4.01347949E-02
   800.1000       3.98920513E-02       4.01347886E-02
   800.2000       3.98920605E-02       4.01347825E-02
   800.3000       3.98920699E-02       4.01347764E-02
   800.4000       3.98920783E-02       4.01347695E-02
   800.5000       3.98920874E-02       4.01347631E-02
   800.6000       3.98920966E-02       4.01347564E-02
   800.7000       3.98921054E-02       4.01347497E-02
   800.8000       3.98921145E-02       4.01347431E-02
   800.9000       3.98921233E-02       4.01347363E-02
   801.0000       3.98921317E-02       4.01347296E-02
   801.1000       3.98921401E-02       4.01347232E-02
   801.2000       3.98921479E-02       4.01347162E-02
   801.3000       3.98921570E-02       4.01347095E-02
   801.4000       3.98921661E-02       4.01347027E-02
   801.5000       3.98921746E-02       4.01346957E-02
   801.6000       3.98921833E-02       4.01346890E-02
   801.7000       3.98921924E-02       4.01346818E-02
   801.8000       3.98922014E-02       4.01346746E-02
   801.9000       3.98922101E-02       4.01346680E-02
   802.0000       3.98922177E-02       4.01346605E-02
   802.1000       3.98922263E-02       4.01346529E-02
   802.2000       3.98922353E-02       4.01346453E-02
   802.3000       3.98922433E-02       4.01346373E-02
   802.4000       3.98922509E-02       4.01346291E-02
   802.5000       3.98922595E-02       4.01346217E-02
   802.6000       3.98922678E-02       4.01346137E-02
   802.7000       3.98922753E-02       4.01346057E-02
   802.8000       3.98922828E-02       4.01345981E-02
   802.9000       3.98922906E-02       4.01345905E-02
   803.0000       3.98922970E-02       4.01345815E-02
   803.1000       3.98923041E-02       4.01345732E-02
   803.2000       3.98923116E-02       4.01345653E-02
   803.3000       3.98923184E-02       4.01345571E-02
   803.4000       3.98923252E-02       4.01345484E-02
   803.5000       3.98923318E-02       4.01345397E-02
   803.6000       3.98923392E-02       4.01345311E-02
   803.7000       3.98923466E-02       4.01345225E-02
   803.8000       3.98923542E-02       4.01345140E-02
   803.9000       3.98923606E-02       4.01345054E-02
   804.0000       3.98923676E-02       4.01344968E-02
   804.1000       3.98923736E-02       4.01344877E-02
   804.2000       3.98923797E-02       4.01344790E-02
   804.3000       3.98923858E-02       4.01344700E-02
   804.4000       3.98923923E-02       4.01344611E-02
   804.5000       3.98923990E-02       4.01344513E-02
   804.6000       3.98924055E-02       4.01344422E-02
   804.7000       3.98924123E-02       4.01344331E-02
   804.8000       3.98924191E-02       4.01344248E-02
   804.9000       3.98924251E-02       4.01344159E-02
   805.0000       3.98924318E-02       4.01344068E-02
   805.1000       3.98924379E-02       4.01343974E-02
   805.2000       3.98924449E-02       4.01343883E-02
   805.3000       3.98924519E-02       4.01343794E-02
   805.4000       3.98924586E-02       4.01343699E-02
   805.5000       3.98924652E-02       4.01343604E-02
   805.6000       3.98924713E-02       4.01343502E-02
   805.7000       3.98924767E-02       4.01343400E-02
   805.8000       3.98924829E-02       4.01343305E-02
   805.9000       3.98924877E-02       4.01343205E-02
   806.0000       3.98924928E-02       4.01343104E-02
   806.1000       3.98924983E-02       4.01343004E-02
   806.2000       3.98925027E-02       4.01342900E-02
   806.3000       3.98925081E-02       4.01342804E-02
   806.4000       3.98925127E-02       4.01342699E-02
   806.5000       3.98925175E-02       4.01342597E-02
   806.6000       3.98925228E-02       4.01342495E-02
   806.7000       3.98925278E-02       4.01342391E-02
   806.8000       3.98925326E-02       4.01342290E-02
   806.9000       3.98925373E-02       4.01342183E-02
   807.0000       3.98925419E-02       4.01342077E-02
   807.1000       3.98925469E-02       4.01341975E-02
   807.2000       3.98925513E-02       4.01341869E-02
   807.3000       3.98925564E-02       4.01341765E-02
   807.4000       3.98925607E-02       4.01341659E-02
   807.5000       3.98925666E-02       4.01341554E-02
   807.6000       3.98925714E-02       4.01341449E-02
   807.7000       3.98925763E-02       4.01341344E-02
   807.8000       3.98925807E-02       4.01341235E-02
   807.9000       3.98925858E-02       4.01341126E-02
   808.0000       3.98925900E-02       4.01341017E-02
   808.1000       3.98925941E-02       4.01340909E-02
   808.2000       3.98925983E-02       4.01340800E-02
   808.3000       3.98926020E-02       4.01340686E-02
   808.4000       3.98926050E-02       4.01340575E-02
   808.5000       3.98926091E-02       4.01340463E-02
   808.6000       3.98926131E-02       4.01340356E-02
   808.7000       3.98926165E-02       4.01340241E-02
   808.8000       3.98926191E-02       4.01340123E-02
   808.9000       3.98926225E-02       4.01340009E-02
   809.0000       3.98926261E-02       4.01339896E-02
   809.1000       3.98926303E-02       4.01339790E-02
   809.2000       3.98926337E-02       4.01339674E-02
   809.3000       3.98926369E-02       4.01339561E-02
   809.4000       3.98926407E-02       4.01339446E-02
   809.5000       3.98926443E-02       4.01339332E-02
   809.6000       3.98926478E-02       4.01339217E-02
   809.7000       3.98926508E-02       4.01339100E-02
   809.8000       3.98926536E-02       4.01338980E-02
   809.9000       3.98926576E-02       4.01338861E-02
   810.0000       3.98926609E-02       4.01338747E-02
   810.1000       3.98926639E-02       4.01338622E-02
   810.2000       3.98926674E-02       4.01338502E-02
   810.3000       3.98926702E-02       4.01338377E-02
   810.4000       3.98926723E-02       4.01338258E-02
   810.5000       3.98926751E-02       4.01338136E-02
   810.6000       3.98926778E-02       4.01338012E-02
   810.7000       3.98926801E-02       4.01337883E-02
   810.8000       3.98926832E-02       4.01337762E-02
   810.9000       3.98926862E-02       4.01337641E-02
   811.0000       3.98926886E-02       4.01337510E-02
   811.1000       3.98926915E-02       4.01337385E-02
   811.2000       3.98926946E-02       4.01337261E-02
   811.3000       3.98926966E-02       4.01337133E-02
   811.4000       3.98926993E-02       4.01337004E-02
   811.5000       3.98927008E-02       4.01336877E-02
   811.6000       3.98927032E-02       4.01336750E-02
   811.7000       3.98927059E-02       4.01336622E-02
   811.8000       3.98927084E-02       4.01336492E-02
   811.9000       3.98927102E-02       4.01336366E-02
   812.0000       3.98927124E-02       4.01336240E-02
   812.1000       3.98927151E-02       4.01336109E-02
   812.2000       3.98927180E-02       4.01335982E-02
   812.3000       3.98927206E-02       4.01335853E-02
   812.4000       3.98927223E-02       4.01335722E-02
   812.5000       3.98927248E-02       4.01335595E-02
   812.6000       3.98927269E-02       4.01335464E-02
   812.7000       3.98927291E-02       4.01335331E-02
   812.8000       3.98927303E-02       4.01335197E-02
   812.9000       3.98927333E-02       4.01335069E-02
   813.0000       3.98927356E-02       4.01334938E-02
   813.1000       3.98927374E-02       4.01334800E-02
   813.2000       3.98927396E-02       4.01334666E-02
   813.3000       3.98927412E-02       4.01334526E-02
   813.4000       3.98927427E-02       4.01334391E-02
   813.5000       3.98927438E-02       4.01334254E-02
   813.6000       3.98927448E-02       4.01334115E-02
   813.7000       3.98927465E-02       4.01333981E-02
   813.8000       3.98927481E-02       4.01333848E-02
   813.9000       3.98927498E-02       4.01333717E-02
   814.0000       3.98927515E-02       4.01333579E-02
   814.1000       3.98927526E-02       4.01333443E-02
   814.2000       3.98927535E-02       4.01333302E-02
   814.3000       3.98927544E-02       4.01333166E-02
   814.4000       3.98927556E-02       4.01333027E-02
   814.5000       3.98927565E-02       4.01332890E-02
   814.6000       3.98927572E-02       4.01332752E-02
   814.7000       3.98927580E-02       4.01332609E-02
   814.8000       3.98927591E-02       4.01332473E-02
   814.9000       3.98927607E-02       4.01332336E-02
   815.0000       3.98927627E-02       4.01332198E-02
   815.1000       3.98927634E-02       4.01332053E-02
   815.2000       3.98927645E-02       4.01331912E-02
   815.3000       3.98927658E-02       4.01331777E-02
   815.4000       3.98927670E-02       4.01331633E-02
   815.5000       3.98927681E-02       4.01331486E-02
   815.6000       3.98927689E-02       4.01331344E-02
   815.7000       3.98927690E-02       4.01331197E-02
   815.8000       3.98927689E-02       4.01331054E-02
   815.9000       3.98927691E-02       4.01330907E-02
   816.0000       3.98927692E-02       4.01330762E-02
   816.1000       3.98927694E-02       4.01330616E-02
   816.2000       3.98927699E-02       4.01330470E-02
   816.3000       3.98927707E-02       4.01330325E-02
   816.4000       3.98927710E-02       4.01330174E-02
   816.5000       3.98927720E-02       4.01330036E-02
   816.6000       3.98927722E-02       4.01329889E-02
   816.7000       3.98927708E-02       4.01329737E-02
   816.8000       3.98927716E-02       4.01329590E-02
   816.9000       3.98927718E-02       4.01329443E-02
   817.0000       3.98927723E-02       4.01329294E-02
   817.1000       3.98927724E-02       4.01329146E-02
   817.2000       3.98927726E-02       4.01329002E-02
   817.3000       3.98927721E-02       4.01328857E-02
   817.4000       3.98927719E-02       4.01328706E-02
   817.5000       3.98927713E-02       4.01328554E-02
   817.6000       3.98927702E-02       4.01328407E-02
   817.7000       3.98927699E-02       4.01328261E-02
   817.8000       3.98927698E-02       4.01328111E-02
   817.9000       3.98927699E-02       4.01327964E-02
   818.0000       3.98927701E-02       4.01327818E-02
   818.1000       3.98927692E-02       4.01327660E-02
   818.2000       3.98927685E-02       4.01327509E-02
   818.3000       3.98927685E-02       4.01327362E-02
   818.4000       3.98927669E-02       4.01327203E-02
   818.5000       3.98927667E-02       4.01327052E-02
   818.6000       3.98927661E-02       4.01326896E-02
   818.7000       3.98927647E-02       4.01326741E-02
   818.8000       3.98927637E-02       4.01326591E-02
   818.9000       3.98927627E-02       4.01326439E-02
   819.0000       3.98927620E-02       4.01326286E-02
   819.1000       3.98927615E-02       4.01326130E-02
   819.2000       3.98927611E-02       4.01325978E-02
   819.3000       3.98927596E-02       4.01325822E-02
   819.4000       3.98927571E-02       4.01325656E-02
   819.5000       3.98927564E-02       4.01325502E-02
   819.6000       3.98927549E-02       4.01325343E-02
   819.7000       3.98927544E-02       4.01325191E-02
   819.8000       3.98927529E-02       4.01325030E-02
   819.9000       3.98927518E-02       4.01324874E-02
   820.0000       3.98927506E-02       4.01324716E-02
   820.1000       3.98927497E-02       4.01324561E-02
   820.2000       3.98927483E-02       4.01324401E-02
   820.3000       3.98927471E-02       4.01324240E-02
   820.4000       3.98927460E-02       4.01324083E-02
   820.5000       3.98927439E-02       4.01323924E-02
   820.6000       3.98927428E-02       4.01323766E-02
   820.7000       3.98927413E-02       4.01323612E-02
   820.8000       3.98927402E-02       4.01323456E-02
   820.9000       3.98927387E-02       4.01323295E-02
   821.0000       3.98927367E-02       4.01323131E-02
   821.1000       3.98927347E-02       4.01322967E-02
   821.2000       3.98927326E-02       4.01322803E-02
   821.3000       3.98927305E-02       4.01322639E-02
   821.4000       3.98927290E-02       4.01322476E-02
   821.5000       3.98927279E-02       4.01322315E-02
   821.6000       3.98927264E-02       4.01322153E-02
   821.7000       3.98927233E-02       4.01321980E-02
   821.8000       3.98927214E-02       4.01321817E-02
   821.9000       3.98927193E-02       4.01321653E-02
   822.0000       3.98927181E-02       4.01321494E-02
   822.1000       3.98927163E-02       4.01321328E-02
   822.2000       3.98927139E-02       4.01321165E-02
   822.3000       3.98927122E-02       4.01320998E-02
   822.4000       3.98927098E-02       4.01320831E-02
   822.5000       3.98927072E-02       4.01320665E-02
   822.6000       3.98927059E-02       4.01320499E-02
   822.7000       3.98927045E-02       4.01320335E-02
   822.8000       3.98927028E-02       4.01320167E-02
   822.9000       3.98927010E-02       4.01320003E-02
   823.0000       3.98926988E-02       4.01319841E-02
   823.1000       3.98926963E-02       4.01319675E-02
   823.2000       3.98926936E-02       4.01319504E-02
   823.3000       3.98926915E-02       4.01319336E-02
   823.4000       3.98926893E-02       4.01319169E-02
   823.5000       3.98926874E-02       4.01319001E-02
   823.6000       3.98926848E-02       4.01318833E-02
   823.7000       3.98926820E-02       4.01318661E-02
   823.8000       3.98926788E-02       4.01318491E-02
   823.9000       3.98926767E-02       4.01318323E-02
   824.0000       3.98926741E-02       4.01318153E-02
   824.1000       3.98926716E-02       4.01317985E-02
   824.2000       3.98926699E-02       4.01317817E-02
   824.3000       3.98926670E-02       4.01317646E-02
   824.4000       3.98926636E-02       4.01317478E-02
   824.5000       3.98926600E-02       4.01317307E-02
   824.6000       3.98926572E-02       4.01317140E-02
   824.7000       3.98926547E-02       4.01316973E-02
   824.8000       3.98926518E-02       4.01316807E-02
   824.9000       3.98926492E-02       4.01316633E-02
   825.0000       3.98926457E-02       4.01316459E-02
   825.1000       3.98926434E-02       4.01316295E-02
   825.2000       3.98926396E-02       4.01316121E-02
   825.3000       3.98926361E-02       4.01315949E-02
   825.4000       3.98926331E-02       4.01315778E-02
   825.5000       3.98926303E-02       4.01315609E-02
   825.6000       3.98926270E-02       4.01315435E-02
   825.7000       3.98926237E-02       4.01315264E-02
   825.8000       3.98926202E-02       4.01315090E-02
   825.9000       3.98926181E-02       4.01314923E-02
   826.0000       3.98926150E-02       4.01314753E-02
   826.1000       3.98926120E-02       4.01314586E-02
   826.2000       3.98926087E-02       4.01314414E-02
   826.3000       3.98926061E-02       4.01314245E-02
   826.4000       3.98926032E-02       4.01314071E-02
   826.5000       3.98925994E-02       4.01313894E-02
   826.6000       3.98925959E-02       4.01313718E-02
   826.7000       3.98925919E-02       4.01313543E-02
   826.8000       3.98925885E-02       4.01313370E-02
   826.9000       3.98925849E-02       4.01313194E-02
   827.0000       3.98925814E-02       4.01313014E-02
   827.1000       3.98925776E-02       4.01312840E-02
   827.2000       3.98925743E-02       4.01312664E-02
   827.3000       3.98925696E-02       4.01312490E-02
   827.4000       3.98925658E-02       4.01312312E-02
   827.5000       3.98925617E-02       4.01312134E-02
   827.6000       3.98925576E-02       4.01311955E-02
   827.7000       3.98925545E-02       4.01311776E-02
   827.8000       3.98925512E-02       4.01311601E-02
   827.9000       3.98925473E-02       4.01311422E-02
   828.0000       3.98925440E-02       4.01311252E-02
   828.1000       3.98925411E-02       4.01311075E-02
   828.2000       3.98925363E-02       4.01310898E-02
   828.3000       3.98925330E-02       4.01310723E-02
   828.4000       3.98925296E-02       4.01310546E-02
   828.5000       3.98925261E-02       4.01310368E-02
   828.6000       3.98925229E-02       4.01310189E-02
   828.7000       3.98925196E-02       4.01310011E-02
   828.8000       3.98925162E-02       4.01309834E-02
   828.9000       3.98925130E-02       4.01309660E-02
   829.0000       3.98925092E-02       4.01309480E-02
   829.1000       3.98925051E-02       4.01309305E-02
   829.2000       3.98925017E-02       4.01309132E-02
   829.3000       3.98924980E-02       4.01308945E-02
   829.4000       3.98924939E-02       4.01308765E-02
   829.5000       3.98924904E-02       4.01308586E-02
   829.6000       3.98924867E-02       4.01308404E-02
   829.7000       3.98924823E-02       4.01308217E-02
   829.8000       3.98924785E-02       4.01308039E-02
   829.9000       3.98924755E-02       4.01307863E-02
   830.0000       3.98924712E-02       4.01307678E-02
   830.1000       3.98924679E-02       4.01307504E-02
   830.2000       3.98924642E-02       4.01307331E-02
   830.3000       3.98924605E-02       4.01307152E-02
   830.4000       3.98924564E-02       4.01306972E-02
   830.5000       3.98924516E-02       4.01306790E-02
   830.6000       3.98924467E-02       4.01306610E-02
   830.7000       3.98924428E-02       4.01306429E-02
   830.8000       3.98924388E-02       4.01306250E-02
   830.9000       3.98924338E-02       4.01306070E-02
   831.0000       3.98924303E-02       4.01305889E-02
   831.1000       3.98924267E-02       4.01305712E-02
   831.2000       3.98924217E-02       4.01305527E-02
   831.3000       3.98924164E-02       4.01305345E-02
   831.4000       3.98924126E-02       4.01305168E-02
   831.5000       3.98924083E-02       4.01304987E-02
   831.6000       3.98924049E-02       4.01304808E-02
   831.7000       3.98924010E-02       4.01304630E-02
   831.8000       3.98923971E-02       4.01304450E-02
   831.9000       3.98923939E-02       4.01304271E-02
   832.0000       3.98923904E-02       4.01304092E-02
   832.1000       3.98923868E-02       4.01303914E-02
   832.2000       3.98923826E-02       4.01303734E-02
   832.3000       3.98923790E-02       4.01303553E-02
   832.4000       3.98923745E-02       4.01303374E-02
   832.5000       3.98923698E-02       4.01303193E-02
   832.6000       3.98923660E-02       4.01303012E-02
   832.7000       3.98923610E-02       4.01302829E-02
   832.8000       3.98923574E-02       4.01302648E-02
   832.9000       3.98923529E-02       4.01302462E-02
   833.0000       3.98923488E-02       4.01302279E-02
   833.1000       3.98923435E-02       4.01302096E-02
   833.2000       3.98923395E-02       4.01301915E-02
   833.3000       3.98923355E-02       4.01301734E-02
   833.4000       3.98923306E-02       4.01301555E-02
   833.5000       3.98923260E-02       4.01301374E-02
   833.6000       3.98923211E-02       4.01301190E-02
   833.7000       3.98923165E-02       4.01301004E-02
   833.8000       3.98923113E-02       4.01300824E-02
   833.9000       3.98923073E-02       4.01300643E-02
   834.0000       3.98923029E-02       4.01300461E-02
   834.1000       3.98922992E-02       4.01300283E-02
   834.2000       3.98922940E-02       4.01300099E-02
   834.3000       3.98922903E-02       4.01299922E-02
   834.4000       3.98922860E-02       4.01299745E-02
   834.5000       3.98922817E-02       4.01299565E-02
   834.6000       3.98922781E-02       4.01299389E-02
   834.7000       3.98922731E-02       4.01299207E-02
   834.8000       3.98922685E-02       4.01299023E-02
   834.9000       3.98922640E-02       4.01298840E-02
   835.0000       3.98922596E-02       4.01298653E-02
   835.1000       3.98922549E-02       4.01298467E-02
   835.2000       3.98922509E-02       4.01298283E-02
   835.3000       3.98922460E-02       4.01298098E-02
   835.4000       3.98922408E-02       4.01297911E-02
   835.5000       3.98922359E-02       4.01297727E-02
   835.6000       3.98922308E-02       4.01297545E-02
   835.7000       3.98922259E-02       4.01297363E-02
   835.8000       3.98922216E-02       4.01297181E-02
   835.9000       3.98922166E-02       4.01296999E-02
   836.0000       3.98922111E-02       4.01296811E-02
   836.1000       3.98922060E-02       4.01296634E-02
   836.2000       3.98922007E-02       4.01296451E-02
   836.3000       3.98921952E-02       4.01296262E-02
   836.4000       3.98921906E-02       4.01296082E-02
   836.5000       3.98921856E-02       4.01295900E-02
   836.6000       3.98921802E-02       4.01295719E-02
   836.7000       3.98921752E-02       4.01295534E-02
   836.8000       3.98921700E-02       4.01295349E-02
   836.9000       3.98921642E-02       4.01295162E-02
   837.0000       3.98921595E-02       4.01294982E-02
   837.1000       3.98921546E-02       4.01294799E-02
   837.2000       3.98921493E-02       4.01294616E-02
   837.3000       3.98921439E-02       4.01294432E-02
   837.4000       3.98921387E-02       4.01294247E-02
   837.5000       3.98921343E-02       4.01294067E-02
   837.6000       3.98921295E-02       4.01293881E-02
   837.7000       3.98921243E-02       4.01293693E-02
   837.8000       3.98921196E-02       4.01293511E-02
   837.9000       3.98921144E-02       4.01293325E-02
   838.0000       3.98921096E-02       4.01293137E-02
   838.1000       3.98921049E-02       4.01292953E-02
   838.2000       3.98920997E-02       4.01292766E-02
   838.3000       3.98920960E-02       4.01292588E-02
   838.4000       3.98920913E-02       4.01292405E-02
   838.5000       3.98920858E-02       4.01292217E-02
   838.6000       3.98920808E-02       4.01292035E-02
   838.7000       3.98920762E-02       4.01291849E-02
   838.8000       3.98920709E-02       4.01291667E-02
   838.9000       3.98920663E-02       4.01291486E-02
   839.0000       3.98920608E-02       4.01291302E-02
   839.1000       3.98920557E-02       4.01291118E-02
   839.2000       3.98920507E-02       4.01290933E-02
   839.3000       3.98920455E-02       4.01290753E-02
   839.4000       3.98920412E-02       4.01290568E-02
   839.5000       3.98920367E-02       4.01290384E-02
   839.6000       3.98920317E-02       4.01290203E-02
   839.7000       3.98920256E-02       4.01290015E-02
   839.8000       3.98920195E-02       4.01289829E-02
   839.9000       3.98920135E-02       4.01289643E-02
   840.0000       3.98920078E-02       4.01289458E-02
   840.1000       3.98920021E-02       4.01289273E-02
   840.2000       3.98919963E-02       4.01289087E-02
   840.3000       3.98919909E-02       4.01288904E-02
   840.4000       3.98919853E-02       4.01288719E-02
   840.5000       3.98919796E-02       4.01288538E-02
   840.6000       3.98919738E-02       4.01288351E-02
   840.7000       3.98919687E-02       4.01288170E-02
   840.8000       3.98919640E-02       4.01287987E-02
   840.9000       3.98919590E-02       4.01287802E-02
   841.0000       3.98919541E-02       4.01287618E-02
   841.1000       3.98919493E-02       4.01287436E-02
   841.2000       3.98919439E-02       4.01287252E-02
   841.3000       3.98919378E-02       4.01287068E-02
   841.4000       3.98919325E-02       4.01286892E-02
   841.5000       3.98919270E-02       4.01286704E-02
   841.6000       3.98919224E-02       4.01286525E-02
   841.7000       3.98919167E-02       4.01286336E-02
   841.8000       3.98919113E-02       4.01286152E-02
   841.9000       3.98919065E-02       4.01285970E-02
   842.0000       3.98919018E-02       4.01285789E-02
   842.1000       3.98918966E-02       4.01285603E-02
   842.2000       3.98918916E-02       4.01285418E-02
   842.3000       3.98918863E-02       4.01285234E-02
   842.4000       3.98918813E-02       4.01285049E-02
   842.5000       3.98918769E-02       4.01284871E-02
   842.6000       3.98918730E-02       4.01284693E-02
   842.7000       3.98918677E-02       4.01284511E-02
   842.8000       3.98918614E-02       4.01284326E-02
   842.9000       3.98918562E-02       4.01284139E-02
   843.0000       3.98918516E-02       4.01283960E-02
   843.1000       3.98918464E-02       4.01283776E-02
   843.2000       3.98918412E-02       4.01283599E-02
   843.3000       3.98918360E-02       4.01283412E-02
   843.4000       3.98918313E-02       4.01283229E-02
   843.5000       3.98918261E-02       4.01283049E-02
   843.6000       3.98918213E-02       4.01282863E-02
   843.7000       3.98918159E-02       4.01282679E-02
   843.8000       3.98918108E-02       4.01282496E-02
   843.9000       3.98918055E-02       4.01282314E-02
   844.0000       3.98918010E-02       4.01282128E-02
   844.1000       3.98917952E-02       4.01281947E-02
   844.2000       3.98917903E-02       4.01281769E-02
   844.3000       3.98917859E-02       4.01281592E-02
   844.4000       3.98917801E-02       4.01281409E-02
   844.5000       3.98917748E-02       4.01281225E-02
   844.6000       3.98917699E-02       4.01281041E-02
   844.7000       3.98917639E-02       4.01280853E-02
   844.8000       3.98917592E-02       4.01280673E-02
   844.9000       3.98917539E-02       4.01280489E-02
   845.0000       3.98917477E-02       4.01280305E-02
   845.1000       3.98917421E-02       4.01280124E-02
   845.2000       3.98917374E-02       4.01279945E-02
   845.3000       3.98917319E-02       4.01279758E-02
   845.4000       3.98917276E-02       4.01279580E-02
   845.5000       3.98917230E-02       4.01279397E-02
   845.6000       3.98917186E-02       4.01279219E-02
   845.7000       3.98917138E-02       4.01279038E-02
   845.8000       3.98917092E-02       4.01278855E-02
   845.9000       3.98917039E-02       4.01278674E-02
   846.0000       3.98916993E-02       4.01278496E-02
   846.1000       3.98916945E-02       4.01278317E-02
   846.2000       3.98916894E-02       4.01278136E-02
   846.3000       3.98916840E-02       4.01277956E-02
   846.4000       3.98916790E-02       4.01277779E-02
   846.5000       3.98916742E-02       4.01277596E-02
   846.6000       3.98916688E-02       4.01277414E-02
   846.7000       3.98916642E-02       4.01277230E-02
   846.8000       3.98916597E-02       4.01277052E-02
   846.9000       3.98916547E-02       4.01276869E-02
