   600.1000       4.04127608E-02       4.04716544E-02       3.86072883E-02
   600.2000       4.04131559E-02       4.04722089E-02       3.86023509E-02
   600.3000       4.04135512E-02       4.04727360E-02       3.85974031E-02
   600.4000       4.04139468E-02       4.04732791E-02       3.85924447E-02
   600.5000       4.04143426E-02       4.04738359E-02       3.85874759E-02
   600.6000       4.04147387E-02       4.04743713E-02       3.85824971E-02
   600.7000       4.04151350E-02       4.04749039E-02       3.85775085E-02
   600.8000       4.04155316E-02       4.04754416E-02       3.85725102E-02
   600.9000       4.04159284E-02       4.04759918E-02       3.85675024E-02
   601.0000       4.04163255E-02       4.04765473E-02       3.85624850E-02
   601.1000       4.04167228E-02       4.04770902E-02       3.85574580E-02
   601.2000       4.04171204E-02       4.04776309E-02       3.85524213E-02
   601.3000       4.04175182E-02       4.04781990E-02       3.85473752E-02
   601.4000       4.04179162E-02       4.04787270E-02       3.85423194E-02
   601.5000       4.04183145E-02       4.04792899E-02       3.85372543E-02
   601.6000       4.04187130E-02       4.04798448E-02       3.85321797E-02
   601.7000       4.04191117E-02       4.04803876E-02       3.85270958E-02
   601.8000       4.04195107E-02       4.04809313E-02       3.85220025E-02
   601.9000       4.04199099E-02       4.04814884E-02       3.85169000E-02
   602.0000       4.04203094E-02       4.04820312E-02       3.85117884E-02
   602.1000       4.04207091E-02       4.04825865E-02       3.85066675E-02
   602.2000       4.04211090E-02       4.04831363E-02       3.85015373E-02
   602.3000       4.04215091E-02       4.04836917E-02       3.84963980E-02
   602.4000       4.04219095E-02       4.04842655E-02       3.84912496E-02
   602.5000       4.04223101E-02       4.04848108E-02       3.84860923E-02
   602.6000       4.04227109E-02       4.04853681E-02       3.84809258E-02
   602.7000       4.04231120E-02       4.04859465E-02       3.84757502E-02
   602.8000       4.04235132E-02       4.04864880E-02       3.84705656E-02
   602.9000       4.04239148E-02       4.04870507E-02       3.84653721E-02
   603.0000       4.04243165E-02       4.04875928E-02       3.84601697E-02
   603.1000       4.04247184E-02       4.04881626E-02       3.84549583E-02
   603.2000       4.04251206E-02       4.04887025E-02       3.84497379E-02
   603.3000       4.04255230E-02       4.04892685E-02       3.84445089E-02
   603.4000       4.04259256E-02       4.04898382E-02       3.84392711E-02
   603.5000       4.04263284E-02       4.04903969E-02       3.84340244E-02
   603.6000       4.04267314E-02       4.04909519E-02       3.84287692E-02
   603.7000       4.04271346E-02       4.04915277E-02       3.84235053E-02
   603.8000       4.04275381E-02       4.04920947E-02       3.84182328E-02
   603.9000       4.04279418E-02       4.04926546E-02       3.84129515E-02
   604.0000       4.04283456E-02       4.04932081E-02       3.84076616E-02
   604.1000       4.04287497E-02       4.04937887E-02       3.84023633E-02
   604.2000       4.04291540E-02       4.04943274E-02       3.83970564E-02
   604.3000       4.04295586E-02       4.04949094E-02       3.83917410E-02
   604.4000       4.04299633E-02       4.04954719E-02       3.83864170E-02
   604.5000       4.04303682E-02       4.04960495E-02       3.83810847E-02
   604.6000       4.04307733E-02       4.04966237E-02       3.83757438E-02
   604.7000       4.04311787E-02       4.04971926E-02       3.83703945E-02
   604.8000       4.04315842E-02       4.04977305E-02       3.83650369E-02
   604.9000       4.04319899E-02       4.04983159E-02       3.83596709E-02
   605.0000       4.04323958E-02       4.04988906E-02       3.83542965E-02
   605.1000       4.04328019E-02       4.04994529E-02       3.83489139E-02
   605.2000       4.04332082E-02       4.05000375E-02       3.83435233E-02
   605.3000       4.04336147E-02       4.05006076E-02       3.83381244E-02
   605.4000       4.04340213E-02       4.05011732E-02       3.83327172E-02
   605.5000       4.04344282E-02       4.05017632E-02       3.83273020E-02
   605.6000       4.04348352E-02       4.05023178E-02       3.83218787E-02
   605.7000       4.04352424E-02       4.05029233E-02       3.83164472E-02
   605.8000       4.04356499E-02       4.05034891E-02       3.83110076E-02
   605.9000       4.04360575E-02       4.05040610E-02       3.83055597E-02
   606.0000       4.04364653E-02       4.05046454E-02       3.83001037E-02
   606.1000       4.04368732E-02       4.05052131E-02       3.82946397E-02
   606.2000       4.04372814E-02       4.05057894E-02       3.82891679E-02
   606.3000       4.04376897E-02       4.05063802E-02       3.82836883E-02
   606.4000       4.04380982E-02       4.05069363E-02       3.82782009E-02
   606.5000       4.04385068E-02       4.05075185E-02       3.82727056E-02
   606.6000       4.04389156E-02       4.05081042E-02       3.82672022E-02
   606.7000       4.04393246E-02       4.05086762E-02       3.82616910E-02
   606.8000       4.04397338E-02       4.05092712E-02       3.82561719E-02
   606.9000       4.04401431E-02       4.05098247E-02       3.82506451E-02
   607.0000       4.04405526E-02       4.05104415E-02       3.82451108E-02
   607.1000       4.04409623E-02       4.05110130E-02       3.82395689E-02
   607.2000       4.04413721E-02       4.05115839E-02       3.82340195E-02
   607.3000       4.04417821E-02       4.05121848E-02       3.82284624E-02
   607.4000       4.04421923E-02       4.05127681E-02       3.82228975E-02
   607.5000       4.04426026E-02       4.05133512E-02       3.82173251E-02
   607.6000       4.04430131E-02       4.05139378E-02       3.82117454E-02
   607.7000       4.04434237E-02       4.05145205E-02       3.82061582E-02
   607.8000       4.04438345E-02       4.05151160E-02       3.82005637E-02
   607.9000       4.04442455E-02       4.05157135E-02       3.81949620E-02
   608.0000       4.04446566E-02       4.05162828E-02       3.81893530E-02
   608.1000       4.04450678E-02       4.05168605E-02       3.81837365E-02
   608.2000       4.04454793E-02       4.05174541E-02       3.81781125E-02
   608.3000       4.04458908E-02       4.05180730E-02       3.81724812E-02
   608.4000       4.04463025E-02       4.05186472E-02       3.81668429E-02
   608.5000       4.04467144E-02       4.05192381E-02       3.81611975E-02
   608.6000       4.04471264E-02       4.05198356E-02       3.81555451E-02
   608.7000       4.04475385E-02       4.05204116E-02       3.81498858E-02
   608.8000       4.04479508E-02       4.05210304E-02       3.81442197E-02
   608.9000       4.04483632E-02       4.05216274E-02       3.81385469E-02
   609.0000       4.04487758E-02       4.05221933E-02       3.81328675E-02
   609.1000       4.04491885E-02       4.05227966E-02       3.81271814E-02
   609.2000       4.04496014E-02       4.05233949E-02       3.81214888E-02
   609.3000       4.04500144E-02       4.05239874E-02       3.81157896E-02
   609.4000       4.04504275E-02       4.05245862E-02       3.81100838E-02
   609.5000       4.04508407E-02       4.05251887E-02       3.81043713E-02
   609.6000       4.04512540E-02       4.05257770E-02       3.80986524E-02
   609.7000       4.04516675E-02       4.05263771E-02       3.80929272E-02
   609.8000       4.04520811E-02       4.05269579E-02       3.80871955E-02
   609.9000       4.04524948E-02       4.05275621E-02       3.80814577E-02
   610.0000       4.04529086E-02       4.05281837E-02       3.80757138E-02
   610.1000       4.04533226E-02       4.05287804E-02       3.80699638E-02
   610.2000       4.04537366E-02       4.05293715E-02       3.80642078E-02
   610.3000       4.04541508E-02       4.05299857E-02       3.80584455E-02
   610.4000       4.04545651E-02       4.05305771E-02       3.80526773E-02
   610.5000       4.04549795E-02       4.05311936E-02       3.80469031E-02
   610.6000       4.04553940E-02       4.05317841E-02       3.80411230E-02
   610.7000       4.04558086E-02       4.05323716E-02       3.80353368E-02
   610.8000       4.04562233E-02       4.05329924E-02       3.80295449E-02
   610.9000       4.04566380E-02       4.05335891E-02       3.80237470E-02
   611.0000       4.04570529E-02       4.05341922E-02       3.80179431E-02
   611.1000       4.04574679E-02       4.05348011E-02       3.80121336E-02
   611.2000       4.04578829E-02       4.05354034E-02       3.80063186E-02
   611.3000       4.04582980E-02       4.05360211E-02       3.80004979E-02
   611.4000       4.04587133E-02       4.05366370E-02       3.79946718E-02
   611.5000       4.04591286E-02       4.05372079E-02       3.79888406E-02
   611.6000       4.04595440E-02       4.05378249E-02       3.79830041E-02
   611.7000       4.04599594E-02       4.05384481E-02       3.79771623E-02
   611.8000       4.04603750E-02       4.05390339E-02       3.79713148E-02
   611.9000       4.04607905E-02       4.05396496E-02       3.79654620E-02
   612.0000       4.04612062E-02       4.05402739E-02       3.79596041E-02
   612.1000       4.04616220E-02       4.05408681E-02       3.79537411E-02
   612.2000       4.04620378E-02       4.05414848E-02       3.79478731E-02
   612.3000       4.04624537E-02       4.05421038E-02       3.79420001E-02
   612.4000       4.04628697E-02       4.05427276E-02       3.79361223E-02
   612.5000       4.04632858E-02       4.05433208E-02       3.79302396E-02
   612.6000       4.04637019E-02       4.05439250E-02       3.79243521E-02
   612.7000       4.04641180E-02       4.05445511E-02       3.79184599E-02
   612.8000       4.04645342E-02       4.05451662E-02       3.79125629E-02
   612.9000       4.04649505E-02       4.05457766E-02       3.79066611E-02
   613.0000       4.04653669E-02       4.05464057E-02       3.79007548E-02
   613.1000       4.04657833E-02       4.05470081E-02       3.78948438E-02
   613.2000       4.04661997E-02       4.05476289E-02       3.78889283E-02
   613.3000       4.04666163E-02       4.05482269E-02       3.78830085E-02
   613.4000       4.04670328E-02       4.05488615E-02       3.78770844E-02
   613.5000       4.04674495E-02       4.05494975E-02       3.78711560E-02
   613.6000       4.04678661E-02       4.05500877E-02       3.78652232E-02
   613.7000       4.04682829E-02       4.05507204E-02       3.78592861E-02
   613.8000       4.04686996E-02       4.05513230E-02       3.78533448E-02
   613.9000       4.04691164E-02       4.05519507E-02       3.78473995E-02
   614.0000       4.04695333E-02       4.05525618E-02       3.78414502E-02
   614.1000       4.04699502E-02       4.05531970E-02       3.78354971E-02
   614.2000       4.04703671E-02       4.05538124E-02       3.78295400E-02
   614.3000       4.04707841E-02       4.05544204E-02       3.78235792E-02
   614.4000       4.04712011E-02       4.05550387E-02       3.78176150E-02
   614.5000       4.04716181E-02       4.05556518E-02       3.78116473E-02
   614.6000       4.04720352E-02       4.05563012E-02       3.78056761E-02
   614.7000       4.04724523E-02       4.05568982E-02       3.77997015E-02
   614.8000       4.04728694E-02       4.05575340E-02       3.77937237E-02
   614.9000       4.04732866E-02       4.05581543E-02       3.77877427E-02
   615.0000       4.04737038E-02       4.05587802E-02       3.77817585E-02
   615.1000       4.04741210E-02       4.05594030E-02       3.77757711E-02
   615.2000       4.04745382E-02       4.05600355E-02       3.77697803E-02
   615.3000       4.04749555E-02       4.05606603E-02       3.77637864E-02
   615.4000       4.04753728E-02       4.05612841E-02       3.77577895E-02
   615.5000       4.04757900E-02       4.05618952E-02       3.77517898E-02
   615.6000       4.04762073E-02       4.05625277E-02       3.77457872E-02
   615.7000       4.04766246E-02       4.05631513E-02       3.77397820E-02
   615.8000       4.04770420E-02       4.05637785E-02       3.77337742E-02
   615.9000       4.04774593E-02       4.05644261E-02       3.77277639E-02
   616.0000       4.04778766E-02       4.05650329E-02       3.77217514E-02
   616.1000       4.04782940E-02       4.05656618E-02       3.77157365E-02
   616.2000       4.04787113E-02       4.05662823E-02       3.77097195E-02
   616.3000       4.04791286E-02       4.05669299E-02       3.77037001E-02
   616.4000       4.04795459E-02       4.05675402E-02       3.76976786E-02
   616.5000       4.04799633E-02       4.05681731E-02       3.76916553E-02
   616.6000       4.04803806E-02       4.05688085E-02       3.76856303E-02
   616.7000       4.04807979E-02       4.05694255E-02       3.76796034E-02
   616.8000       4.04812152E-02       4.05700607E-02       3.76735745E-02
   616.9000       4.04816324E-02       4.05707114E-02       3.76675439E-02
   617.0000       4.04820497E-02       4.05713169E-02       3.76615117E-02
   617.1000       4.04824669E-02       4.05719598E-02       3.76554781E-02
   617.2000       4.04828841E-02       4.05725745E-02       3.76494428E-02
   617.3000       4.04833013E-02       4.05732241E-02       3.76434062E-02
   617.4000       4.04837185E-02       4.05738255E-02       3.76373683E-02
   617.5000       4.04841357E-02       4.05744708E-02       3.76313294E-02
   617.6000       4.04845528E-02       4.05751063E-02       3.76252894E-02
   617.7000       4.04849699E-02       4.05757434E-02       3.76192481E-02
   617.8000       4.04853869E-02       4.05763872E-02       3.76132059E-02
   617.9000       4.04858040E-02       4.05770041E-02       3.76071629E-02
   618.0000       4.04862209E-02       4.05776478E-02       3.76011192E-02
   618.1000       4.04866379E-02       4.05782922E-02       3.75950746E-02
   618.2000       4.04870547E-02       4.05789309E-02       3.75890293E-02
   618.3000       4.04874716E-02       4.05795546E-02       3.75829834E-02
   618.4000       4.04878884E-02       4.05801851E-02       3.75769369E-02
   618.5000       4.04883051E-02       4.05808206E-02       3.75708899E-02
   618.6000       4.04887218E-02       4.05814710E-02       3.75648425E-02
   618.7000       4.04891384E-02       4.05820878E-02       3.75587951E-02
   618.8000       4.04895549E-02       4.05827295E-02       3.75527476E-02
   618.9000       4.04899714E-02       4.05833567E-02       3.75467001E-02
   619.0000       4.04903879E-02       4.05840038E-02       3.75406526E-02
   619.1000       4.04908042E-02       4.05846433E-02       3.75346052E-02
   619.2000       4.04912205E-02       4.05852882E-02       3.75285580E-02
   619.3000       4.04916367E-02       4.05859108E-02       3.75225113E-02
   619.4000       4.04920529E-02       4.05865646E-02       3.75164651E-02
   619.5000       4.04924689E-02       4.05871910E-02       3.75104192E-02
   619.6000       4.04928849E-02       4.05878378E-02       3.75043736E-02
   619.7000       4.04933008E-02       4.05884716E-02       3.74983286E-02
   619.8000       4.04937165E-02       4.05891206E-02       3.74922842E-02
   619.9000       4.04941323E-02       4.05897293E-02       3.74862405E-02
   620.0000       4.04945479E-02       4.05903837E-02       3.74801976E-02
   620.1000       4.04949634E-02       4.05910455E-02       3.74741558E-02
   620.2000       4.04953789E-02       4.05916672E-02       3.74681146E-02
   620.3000       4.04957942E-02       4.05923001E-02       3.74620746E-02
   620.4000       4.04962094E-02       4.05929453E-02       3.74560359E-02
   620.5000       4.04966246E-02       4.05935745E-02       3.74499985E-02
   620.6000       4.04970396E-02       4.05942213E-02       3.74439625E-02
   620.7000       4.04974546E-02       4.05948707E-02       3.74379281E-02
   620.8000       4.04978695E-02       4.05955001E-02       3.74318954E-02
   620.9000       4.04982842E-02       4.05961446E-02       3.74258644E-02
   621.0000       4.04986988E-02       4.05968009E-02       3.74198350E-02
   621.1000       4.04991134E-02       4.05974514E-02       3.74138076E-02
   621.2000       4.04995278E-02       4.05980682E-02       3.74077825E-02
   621.3000       4.04999420E-02       4.05987146E-02       3.74017595E-02
   621.4000       4.05003562E-02       4.05993643E-02       3.73957389E-02
   621.5000       4.05007703E-02       4.05999961E-02       3.73897206E-02
   621.6000       4.05011842E-02       4.06006475E-02       3.73837047E-02
   621.7000       4.05015980E-02       4.06012736E-02       3.73776916E-02
   621.8000       4.05020116E-02       4.06019193E-02       3.73716811E-02
   621.9000       4.05024252E-02       4.06025799E-02       3.73656732E-02
   622.0000       4.05028386E-02       4.06032391E-02       3.73596685E-02
   622.1000       4.05032518E-02       4.06038634E-02       3.73536667E-02
   622.2000       4.05036649E-02       4.06045008E-02       3.73476680E-02
   622.3000       4.05040779E-02       4.06051587E-02       3.73416727E-02
   622.4000       4.05044907E-02       4.06057774E-02       3.73356804E-02
   622.5000       4.05049033E-02       4.06064464E-02       3.73296915E-02
   622.6000       4.05053158E-02       4.06070790E-02       3.73237060E-02
   622.7000       4.05057282E-02       4.06077406E-02       3.73177239E-02
   622.8000       4.05061404E-02       4.06083693E-02       3.73117453E-02
   622.9000       4.05065524E-02       4.06090131E-02       3.73057704E-02
   623.0000       4.05069643E-02       4.06096616E-02       3.72997994E-02
   623.1000       4.05073760E-02       4.06102907E-02       3.72938326E-02
   623.2000       4.05077876E-02       4.06109566E-02       3.72878697E-02
   623.3000       4.05081989E-02       4.06115776E-02       3.72819107E-02
   623.4000       4.05086102E-02       4.06122419E-02       3.72759560E-02
   623.5000       4.05090212E-02       4.06128857E-02       3.72700056E-02
   623.6000       4.05094321E-02       4.06135170E-02       3.72640597E-02
   623.7000       4.05098428E-02       4.06141778E-02       3.72581186E-02
   623.8000       4.05102533E-02       4.06147937E-02       3.72521821E-02
   623.9000       4.05106636E-02       4.06154561E-02       3.72462504E-02
   624.0000       4.05110738E-02       4.06161285E-02       3.72403240E-02
   624.1000       4.05114838E-02       4.06167570E-02       3.72344024E-02
   624.2000       4.05118936E-02       4.06174000E-02       3.72284861E-02
   624.3000       4.05123032E-02       4.06180495E-02       3.72225752E-02
   624.4000       4.05127125E-02       4.06186811E-02       3.72166697E-02
   624.5000       4.05131217E-02       4.06193275E-02       3.72107695E-02
   624.6000       4.05135307E-02       4.06199791E-02       3.72048748E-02
   624.7000       4.05139395E-02       4.06206138E-02       3.71989857E-02
   624.8000       4.05143481E-02       4.06212759E-02       3.71931021E-02
   624.9000       4.05147565E-02       4.06219124E-02       3.71872243E-02
   625.0000       4.05151647E-02       4.06225699E-02       3.71813525E-02
   625.1000       4.05155727E-02       4.06232170E-02       3.71754868E-02
   625.2000       4.05159804E-02       4.06238477E-02       3.71696272E-02
   625.3000       4.05163880E-02       4.06245238E-02       3.71637740E-02
   625.4000       4.05167953E-02       4.06251230E-02       3.71579271E-02
   625.5000       4.05172024E-02       4.06257836E-02       3.71520866E-02
   625.6000       4.05176093E-02       4.06264344E-02       3.71462525E-02
   625.7000       4.05180160E-02       4.06270775E-02       3.71404252E-02
   625.8000       4.05184225E-02       4.06277358E-02       3.71346048E-02
   625.9000       4.05188288E-02       4.06283732E-02       3.71287915E-02
   626.0000       4.05192348E-02       4.06290314E-02       3.71229851E-02
   626.1000       4.05196406E-02       4.06296701E-02       3.71171856E-02
   626.2000       4.05200462E-02       4.06303132E-02       3.71113931E-02
   626.3000       4.05204516E-02       4.06309541E-02       3.71056081E-02
   626.4000       4.05208568E-02       4.06316163E-02       3.70998306E-02
   626.5000       4.05212617E-02       4.06322647E-02       3.70940609E-02
   626.6000       4.05216664E-02       4.06328903E-02       3.70882992E-02
   626.7000       4.05220708E-02       4.06335416E-02       3.70825450E-02
   626.8000       4.05224750E-02       4.06341998E-02       3.70767987E-02
   626.9000       4.05228790E-02       4.06348108E-02       3.70710604E-02
   627.0000       4.05232827E-02       4.06354644E-02       3.70653302E-02
   627.1000       4.05236862E-02       4.06361133E-02       3.70596082E-02
   627.2000       4.05240894E-02       4.06367567E-02       3.70538944E-02
   627.3000       4.05244924E-02       4.06374067E-02       3.70481889E-02
   627.4000       4.05248951E-02       4.06380461E-02       3.70424920E-02
   627.5000       4.05252976E-02       4.06386976E-02       3.70368040E-02
   627.6000       4.05256998E-02       4.06393322E-02       3.70311248E-02
   627.7000       4.05261018E-02       4.06399775E-02       3.70254542E-02
   627.8000       4.05265035E-02       4.06406337E-02       3.70197926E-02
   627.9000       4.05269050E-02       4.06412575E-02       3.70141398E-02
   628.0000       4.05273062E-02       4.06419108E-02       3.70084960E-02
   628.1000       4.05277072E-02       4.06425544E-02       3.70028615E-02
   628.2000       4.05281078E-02       4.06432026E-02       3.69972361E-02
   628.3000       4.05285082E-02       4.06438375E-02       3.69916202E-02
   628.4000       4.05289084E-02       4.06444943E-02       3.69860136E-02
   628.5000       4.05293083E-02       4.06451187E-02       3.69804165E-02
   628.6000       4.05297079E-02       4.06457647E-02       3.69748290E-02
   628.7000       4.05301073E-02       4.06464033E-02       3.69692511E-02
   628.8000       4.05305064E-02       4.06470411E-02       3.69636829E-02
   628.9000       4.05309052E-02       4.06477041E-02       3.69581246E-02
   629.0000       4.05313037E-02       4.06483413E-02       3.69525762E-02
   629.1000       4.05317020E-02       4.06489736E-02       3.69470378E-02
   629.2000       4.05321000E-02       4.06496075E-02       3.69415095E-02
   629.3000       4.05324977E-02       4.06502481E-02       3.69359916E-02
   629.4000       4.05328951E-02       4.06509144E-02       3.69304841E-02
   629.5000       4.05332923E-02       4.06515268E-02       3.69249873E-02
   629.6000       4.05336892E-02       4.06521901E-02       3.69195012E-02
   629.7000       4.05340858E-02       4.06528343E-02       3.69140258E-02
   629.8000       4.05344821E-02       4.06534550E-02       3.69085611E-02
   629.9000       4.05348781E-02       4.06540942E-02       3.69031073E-02
   630.0000       4.05352739E-02       4.06547541E-02       3.68976646E-02
   630.1000       4.05356693E-02       4.06553892E-02       3.68922330E-02
   630.2000       4.05360645E-02       4.06560335E-02       3.68868129E-02
   630.3000       4.05364593E-02       4.06566664E-02       3.68814043E-02
   630.4000       4.05368539E-02       4.06573065E-02       3.68760070E-02
   630.5000       4.05372482E-02       4.06579479E-02       3.68706210E-02
   630.6000       4.05376421E-02       4.06585745E-02       3.68652466E-02
   630.7000       4.05380358E-02       4.06592106E-02       3.68598838E-02
   630.8000       4.05384292E-02       4.06598662E-02       3.68545326E-02
   630.9000       4.05388223E-02       4.06604981E-02       3.68491934E-02
   631.0000       4.05392150E-02       4.06611311E-02       3.68438661E-02
   631.1000       4.05396075E-02       4.06617554E-02       3.68385507E-02
   631.2000       4.05399996E-02       4.06623935E-02       3.68332473E-02
   631.3000       4.05403915E-02       4.06630331E-02       3.68279560E-02
   631.4000       4.05407830E-02       4.06636631E-02       3.68226764E-02
   631.5000       4.05411742E-02       4.06643375E-02       3.68174092E-02
   631.6000       4.05415651E-02       4.06649485E-02       3.68121544E-02
   631.7000       4.05419557E-02       4.06655650E-02       3.68069121E-02
   631.8000       4.05423460E-02       4.06662185E-02       3.68016824E-02
   631.9000       4.05427359E-02       4.06668610E-02       3.67964652E-02
   632.0000       4.05431256E-02       4.06674918E-02       3.67912610E-02
   632.1000       4.05435149E-02       4.06681367E-02       3.67860695E-02
   632.2000       4.05439039E-02       4.06687420E-02       3.67808909E-02
   632.3000       4.05442925E-02       4.06693952E-02       3.67757252E-02
   632.4000       4.05446809E-02       4.06699965E-02       3.67705725E-02
   632.5000       4.05450689E-02       4.06706289E-02       3.67654331E-02
   632.6000       4.05454565E-02       4.06712727E-02       3.67603068E-02
   632.7000       4.05458438E-02       4.06718991E-02       3.67551936E-02
   632.8000       4.05462308E-02       4.06725342E-02       3.67500937E-02
   632.9000       4.05466174E-02       4.06731811E-02       3.67450072E-02
   633.0000       4.05470037E-02       4.06737990E-02       3.67399341E-02
   633.1000       4.05473897E-02       4.06744224E-02       3.67348745E-02
   633.2000       4.05477753E-02       4.06750709E-02       3.67298288E-02
   633.3000       4.05481606E-02       4.06756971E-02       3.67247969E-02
   633.4000       4.05485455E-02       4.06763207E-02       3.67197789E-02
   633.5000       4.05489301E-02       4.06769419E-02       3.67147747E-02
   633.6000       4.05493143E-02       4.06775745E-02       3.67097843E-02
   633.7000       4.05496981E-02       4.06781818E-02       3.67048078E-02
   633.8000       4.05500816E-02       4.06788281E-02       3.66998453E-02
   633.9000       4.05504647E-02       4.06794401E-02       3.66948972E-02
   634.0000       4.05508475E-02       4.06800799E-02       3.66899636E-02
   634.1000       4.05512298E-02       4.06806978E-02       3.66850442E-02
   634.2000       4.05516119E-02       4.06813289E-02       3.66801390E-02
   634.3000       4.05519935E-02       4.06819572E-02       3.66752487E-02
   634.4000       4.05523748E-02       4.06825760E-02       3.66703731E-02
   634.5000       4.05527557E-02       4.06832043E-02       3.66655118E-02
   634.6000       4.05531363E-02       4.06838325E-02       3.66606651E-02
   634.7000       4.05535164E-02       4.06844367E-02       3.66558331E-02
   634.8000       4.05538962E-02       4.06850635E-02       3.66510159E-02
   634.9000       4.05542756E-02       4.06856791E-02       3.66462133E-02
   635.0000       4.05546546E-02       4.06862963E-02       3.66414258E-02
   635.1000       4.05550332E-02       4.06869014E-02       3.66366532E-02
   635.2000       4.05554115E-02       4.06875358E-02       3.66318955E-02
   635.3000       4.05557894E-02       4.06881600E-02       3.66271529E-02
   635.4000       4.05561669E-02       4.06887748E-02       3.66224256E-02
   635.5000       4.05565440E-02       4.06893956E-02       3.66177136E-02
   635.6000       4.05569207E-02       4.06900163E-02       3.66130170E-02
   635.7000       4.05572971E-02       4.06906037E-02       3.66083357E-02
   635.8000       4.05576730E-02       4.06912316E-02       3.66036698E-02
   635.9000       4.05580486E-02       4.06918536E-02       3.65990193E-02
   636.0000       4.05584238E-02       4.06924486E-02       3.65943844E-02
   636.1000       4.05587986E-02       4.06930851E-02       3.65897652E-02
   636.2000       4.05591730E-02       4.06936740E-02       3.65851615E-02
   636.3000       4.05595470E-02       4.06943054E-02       3.65805733E-02
   636.4000       4.05599206E-02       4.06949082E-02       3.65760008E-02
   636.5000       4.05602938E-02       4.06955213E-02       3.65714441E-02
   636.6000       4.05606666E-02       4.06961477E-02       3.65669032E-02
   636.7000       4.05610391E-02       4.06967416E-02       3.65623781E-02
   636.8000       4.05614111E-02       4.06973637E-02       3.65578689E-02
   636.9000       4.05617827E-02       4.06979549E-02       3.65533756E-02
   637.0000       4.05621540E-02       4.06985654E-02       3.65488984E-02
   637.1000       4.05625248E-02       4.06991939E-02       3.65444371E-02
   637.2000       4.05628952E-02       4.06997808E-02       3.65399915E-02
   637.3000       4.05632652E-02       4.07003887E-02       3.65355618E-02
   637.4000       4.05636349E-02       4.07009951E-02       3.65311484E-02
   637.5000       4.05640041E-02       4.07015949E-02       3.65267513E-02
   637.6000       4.05643729E-02       4.07021732E-02       3.65223702E-02
   637.7000       4.05647413E-02       4.07028139E-02       3.65180052E-02
   637.8000       4.05651092E-02       4.07034100E-02       3.65136565E-02
   637.9000       4.05654768E-02       4.07040130E-02       3.65093241E-02
   638.0000       4.05658439E-02       4.07046012E-02       3.65050082E-02
   638.1000       4.05662106E-02       4.07052181E-02       3.65007085E-02
   638.2000       4.05665769E-02       4.07058054E-02       3.64964251E-02
   638.3000       4.05669428E-02       4.07064006E-02       3.64921582E-02
   638.4000       4.05673082E-02       4.07070246E-02       3.64879078E-02
   638.5000       4.05676733E-02       4.07076074E-02       3.64836741E-02
   638.6000       4.05680379E-02       4.07082205E-02       3.64794572E-02
   638.7000       4.05684022E-02       4.07088050E-02       3.64752570E-02
   638.8000       4.05687660E-02       4.07093866E-02       3.64710737E-02
   638.9000       4.05691293E-02       4.07099971E-02       3.64669070E-02
   639.0000       4.05694923E-02       4.07105812E-02       3.64627572E-02
   639.1000       4.05698548E-02       4.07111781E-02       3.64586242E-02
   639.2000       4.05702169E-02       4.07117602E-02       3.64545083E-02
   639.3000       4.05705786E-02       4.07123458E-02       3.64504092E-02
   639.4000       4.05709398E-02       4.07129481E-02       3.64463272E-02
   639.5000       4.05713007E-02       4.07135370E-02       3.64422621E-02
   639.6000       4.05716611E-02       4.07141259E-02       3.64382138E-02
   639.7000       4.05720210E-02       4.07147146E-02       3.64341826E-02
   639.8000       4.05723806E-02       4.07152845E-02       3.64301687E-02
   639.9000       4.05727397E-02       4.07158768E-02       3.64261717E-02
   640.0000       4.05730984E-02       4.07164717E-02       3.64221919E-02
   640.1000       4.05734567E-02       4.07170342E-02       3.64182293E-02
   640.2000       4.05738146E-02       4.07176413E-02       3.64142839E-02
   640.3000       4.05741720E-02       4.07182206E-02       3.64103557E-02
   640.4000       4.05745290E-02       4.07188094E-02       3.64064445E-02
   640.5000       4.05748855E-02       4.07193773E-02       3.64025505E-02
   640.6000       4.05752417E-02       4.07199537E-02       3.63986737E-02
   640.7000       4.05755974E-02       4.07205386E-02       3.63948142E-02
   640.8000       4.05759527E-02       4.07210914E-02       3.63909720E-02
   640.9000       4.05763075E-02       4.07217052E-02       3.63871473E-02
   641.0000       4.05766619E-02       4.07222573E-02       3.63833396E-02
   641.1000       4.05770159E-02       4.07228451E-02       3.63795492E-02
   641.2000       4.05773695E-02       4.07234184E-02       3.63757758E-02
   641.3000       4.05777227E-02       4.07239949E-02       3.63720199E-02
   641.4000       4.05780754E-02       4.07245508E-02       3.63682811E-02
   641.5000       4.05784276E-02       4.07251393E-02       3.63645596E-02
   641.6000       4.05787795E-02       4.07257113E-02       3.63608559E-02
   641.7000       4.05791309E-02       4.07262848E-02       3.63571695E-02
   641.8000       4.05794820E-02       4.07268652E-02       3.63535004E-02
   641.9000       4.05798326E-02       4.07274220E-02       3.63498486E-02
   642.0000       4.05801827E-02       4.07279648E-02       3.63462142E-02
   642.1000       4.05805325E-02       4.07285452E-02       3.63425971E-02
   642.2000       4.05808818E-02       4.07291120E-02       3.63389974E-02
   642.3000       4.05812307E-02       4.07296889E-02       3.63354150E-02
   642.4000       4.05815792E-02       4.07302462E-02       3.63318497E-02
   642.5000       4.05819272E-02       4.07308075E-02       3.63283016E-02
   642.6000       4.05822748E-02       4.07313827E-02       3.63247708E-02
   642.7000       4.05826220E-02       4.07319371E-02       3.63212576E-02
   642.8000       4.05829687E-02       4.07324892E-02       3.63177619E-02
   642.9000       4.05833150E-02       4.07330398E-02       3.63142835E-02
   643.0000       4.05836609E-02       4.07336100E-02       3.63108223E-02
   643.1000       4.05840064E-02       4.07341654E-02       3.63073786E-02
   643.2000       4.05843515E-02       4.07347300E-02       3.63039522E-02
   643.3000       4.05846961E-02       4.07352867E-02       3.63005431E-02
   643.4000       4.05850403E-02       4.07358233E-02       3.62971513E-02
   643.5000       4.05853841E-02       4.07363918E-02       3.62937769E-02
   643.6000       4.05857274E-02       4.07369339E-02       3.62904201E-02
   643.7000       4.05860704E-02       4.07374751E-02       3.62870812E-02
   643.8000       4.05864129E-02       4.07380219E-02       3.62837598E-02
   643.9000       4.05867550E-02       4.07385848E-02       3.62804562E-02
   644.0000       4.05870966E-02       4.07391484E-02       3.62771700E-02
   644.1000       4.05874379E-02       4.07396805E-02       3.62739012E-02
   644.2000       4.05877787E-02       4.07402263E-02       3.62706498E-02
   644.3000       4.05881191E-02       4.07407705E-02       3.62674159E-02
   644.4000       4.05884590E-02       4.07413255E-02       3.62641994E-02
   644.5000       4.05887986E-02       4.07418386E-02       3.62610003E-02
   644.6000       4.05891377E-02       4.07424120E-02       3.62578189E-02
   644.7000       4.05894764E-02       4.07429246E-02       3.62546548E-02
   644.8000       4.05898147E-02       4.07434942E-02       3.62515081E-02
   644.9000       4.05901526E-02       4.07440182E-02       3.62483788E-02
   645.0000       4.05904901E-02       4.07445592E-02       3.62452672E-02
   645.1000       4.05908272E-02       4.07450927E-02       3.62421731E-02
   645.2000       4.05911638E-02       4.07456521E-02       3.62390964E-02
   645.3000       4.05915000E-02       4.07461674E-02       3.62360374E-02
   645.4000       4.05918359E-02       4.07466850E-02       3.62329957E-02
   645.5000       4.05921713E-02       4.07472329E-02       3.62299715E-02
   645.6000       4.05925063E-02       4.07477766E-02       3.62269649E-02
   645.7000       4.05928408E-02       4.07483022E-02       3.62239754E-02
   645.8000       4.05931750E-02       4.07488223E-02       3.62210033E-02
   645.9000       4.05935088E-02       4.07493559E-02       3.62180488E-02
   646.0000       4.05938421E-02       4.07498810E-02       3.62151117E-02
   646.1000       4.05941750E-02       4.07504246E-02       3.62121921E-02
   646.2000       4.05945075E-02       4.07509333E-02       3.62092898E-02
   646.3000       4.05948396E-02       4.07514617E-02       3.62064048E-02
   646.4000       4.05951713E-02       4.07519888E-02       3.62035370E-02
   646.5000       4.05955025E-02       4.07525144E-02       3.62006866E-02
   646.6000       4.05958334E-02       4.07530282E-02       3.61978536E-02
   646.7000       4.05961639E-02       4.07535622E-02       3.61950379E-02
   646.8000       4.05964939E-02       4.07540862E-02       3.61922396E-02
   646.9000       4.05968235E-02       4.07545958E-02       3.61894582E-02
   647.0000       4.05971527E-02       4.07551027E-02       3.61866939E-02
   647.1000       4.05974816E-02       4.07556265E-02       3.61839469E-02
   647.2000       4.05978100E-02       4.07561207E-02       3.61812171E-02
   647.3000       4.05981380E-02       4.07566456E-02       3.61785046E-02
   647.4000       4.05984656E-02       4.07571577E-02       3.61758096E-02
   647.5000       4.05987928E-02       4.07576764E-02       3.61731320E-02
   647.6000       4.05991195E-02       4.07581620E-02       3.61704712E-02
   647.7000       4.05994459E-02       4.07586955E-02       3.61678274E-02
   647.8000       4.05997719E-02       4.07592197E-02       3.61652009E-02
   647.9000       4.06000974E-02       4.07597019E-02       3.61625917E-02
   648.0000       4.06004226E-02       4.07602121E-02       3.61599995E-02
   648.1000       4.06007473E-02       4.07607319E-02       3.61574244E-02
   648.2000       4.06010716E-02       4.07612265E-02       3.61548661E-02
   648.3000       4.06013956E-02       4.07617476E-02       3.61523247E-02
   648.4000       4.06017191E-02       4.07622302E-02       3.61498000E-02
   648.5000       4.06020422E-02       4.07627283E-02       3.61472923E-02
   648.6000       4.06023649E-02       4.07632466E-02       3.61448017E-02
   648.7000       4.06026871E-02       4.07637300E-02       3.61423281E-02
   648.8000       4.06030090E-02       4.07642042E-02       3.61398714E-02
   648.9000       4.06033305E-02       4.07647460E-02       3.61374315E-02
   649.0000       4.06036515E-02       4.07652053E-02       3.61350084E-02
   649.1000       4.06039722E-02       4.07657134E-02       3.61326021E-02
   649.2000       4.06042924E-02       4.07662048E-02       3.61302128E-02
   649.3000       4.06046122E-02       4.07667030E-02       3.61278406E-02
   649.4000       4.06049317E-02       4.07671800E-02       3.61254853E-02
   649.5000       4.06052507E-02       4.07676767E-02       3.61231468E-02
   649.6000       4.06055693E-02       4.07681660E-02       3.61208251E-02
   649.7000       4.06058875E-02       4.07686629E-02       3.61185201E-02
   649.8000       4.06062052E-02       4.07691423E-02       3.61162319E-02
   649.9000       4.06065226E-02       4.07696262E-02       3.61139605E-02
   650.0000       4.06068395E-02       4.07701091E-02       3.61117056E-02
   650.1000       4.06071560E-02       4.07705900E-02       3.61094672E-02
   650.2000       4.06074721E-02       4.07710715E-02       3.61072453E-02
   650.3000       4.06077878E-02       4.07715451E-02       3.61050398E-02
   650.4000       4.06081031E-02       4.07720387E-02       3.61028509E-02
   650.5000       4.06084180E-02       4.07725207E-02       3.61006784E-02
   650.6000       4.06087324E-02       4.07729729E-02       3.60985224E-02
   650.7000       4.06090465E-02       4.07734798E-02       3.60963829E-02
   650.8000       4.06093601E-02       4.07739379E-02       3.60942600E-02
   650.9000       4.06096734E-02       4.07743979E-02       3.60921537E-02
   651.0000       4.06099862E-02       4.07748891E-02       3.60900637E-02
   651.1000       4.06102987E-02       4.07753278E-02       3.60879900E-02
   651.2000       4.06106107E-02       4.07758394E-02       3.60859327E-02
   651.3000       4.06109223E-02       4.07762725E-02       3.60838915E-02
   651.4000       4.06112335E-02       4.07767568E-02       3.60818664E-02
   651.5000       4.06115443E-02       4.07772084E-02       3.60798576E-02
   651.6000       4.06118547E-02       4.07776971E-02       3.60778649E-02
   651.7000       4.06121647E-02       4.07781310E-02       3.60758882E-02
   651.8000       4.06124742E-02       4.07785820E-02       3.60739279E-02
   651.9000       4.06127834E-02       4.07790643E-02       3.60719837E-02
   652.0000       4.06130922E-02       4.07795196E-02       3.60700554E-02
   652.1000       4.06134005E-02       4.07799897E-02       3.60681432E-02
   652.2000       4.06137085E-02       4.07804390E-02       3.60662471E-02
   652.3000       4.06140160E-02       4.07808992E-02       3.60643667E-02
   652.4000       4.06143231E-02       4.07813587E-02       3.60625023E-02
   652.5000       4.06146299E-02       4.07817920E-02       3.60606541E-02
   652.6000       4.06149362E-02       4.07822525E-02       3.60588219E-02
   652.7000       4.06152421E-02       4.07827104E-02       3.60570054E-02
   652.8000       4.06155476E-02       4.07831306E-02       3.60552044E-02
   652.9000       4.06158528E-02       4.07835888E-02       3.60534191E-02
   653.0000       4.06161575E-02       4.07840370E-02       3.60516496E-02
   653.1000       4.06164618E-02       4.07844941E-02       3.60498960E-02
   653.2000       4.06167657E-02       4.07849365E-02       3.60481582E-02
   653.3000       4.06170692E-02       4.07853702E-02       3.60464358E-02
   653.4000       4.06173723E-02       4.07858262E-02       3.60447290E-02
   653.5000       4.06176750E-02       4.07862632E-02       3.60430377E-02
   653.6000       4.06179773E-02       4.07867094E-02       3.60413617E-02
   653.7000       4.06182793E-02       4.07871380E-02       3.60397014E-02
   653.8000       4.06185808E-02       4.07875860E-02       3.60380565E-02
   653.9000       4.06188819E-02       4.07880016E-02       3.60364267E-02
   654.0000       4.06191827E-02       4.07884550E-02       3.60348122E-02
   654.1000       4.06194830E-02       4.07888570E-02       3.60332132E-02
   654.2000       4.06197829E-02       4.07893295E-02       3.60316297E-02
   654.3000       4.06200825E-02       4.07897437E-02       3.60300614E-02
   654.4000       4.06203816E-02       4.07901729E-02       3.60285086E-02
   654.5000       4.06206803E-02       4.07905933E-02       3.60269711E-02
   654.6000       4.06209787E-02       4.07910277E-02       3.60254486E-02
   654.7000       4.06212766E-02       4.07914527E-02       3.60239410E-02
   654.8000       4.06215742E-02       4.07918679E-02       3.60224483E-02
   654.9000       4.06218713E-02       4.07922952E-02       3.60209709E-02
   655.0000       4.06221680E-02       4.07927291E-02       3.60195083E-02
   655.1000       4.06224644E-02       4.07931405E-02       3.60180603E-02
   655.2000       4.06227603E-02       4.07935529E-02       3.60166273E-02
   655.3000       4.06230559E-02       4.07939809E-02       3.60152090E-02
   655.4000       4.06233511E-02       4.07944183E-02       3.60138054E-02
   655.5000       4.06236459E-02       4.07948283E-02       3.60124165E-02
   655.6000       4.06239403E-02       4.07952411E-02       3.60110422E-02
   655.7000       4.06242343E-02       4.07956463E-02       3.60096823E-02
   655.8000       4.06245279E-02       4.07960512E-02       3.60083371E-02
   655.9000       4.06248212E-02       4.07964465E-02       3.60070067E-02
   656.0000       4.06251140E-02       4.07968549E-02       3.60056912E-02
   656.1000       4.06254065E-02       4.07973043E-02       3.60043903E-02
   656.2000       4.06256986E-02       4.07977048E-02       3.60031040E-02
   656.3000       4.06259902E-02       4.07981103E-02       3.60018321E-02
   656.4000       4.06262816E-02       4.07985080E-02       3.60005745E-02
   656.5000       4.06265725E-02       4.07989043E-02       3.59993311E-02
   656.6000       4.06268630E-02       4.07993074E-02       3.59981020E-02
   656.7000       4.06271531E-02       4.07997057E-02       3.59968874E-02
   656.8000       4.06274429E-02       4.08001062E-02       3.59956868E-02
   656.9000       4.06277322E-02       4.08005117E-02       3.59945001E-02
   657.0000       4.06280212E-02       4.08009155E-02       3.59933274E-02
   657.1000       4.06283098E-02       4.08013088E-02       3.59921687E-02
   657.2000       4.06285980E-02       4.08016981E-02       3.59910240E-02
   657.3000       4.06288858E-02       4.08020806E-02       3.59898933E-02
   657.4000       4.06291732E-02       4.08024854E-02       3.59887768E-02
   657.5000       4.06294602E-02       4.08028657E-02       3.59876742E-02
   657.6000       4.06297468E-02       4.08032718E-02       3.59865855E-02
   657.7000       4.06300331E-02       4.08036528E-02       3.59855108E-02
   657.8000       4.06303189E-02       4.08040324E-02       3.59844498E-02
   657.9000       4.06306044E-02       4.08044250E-02       3.59834021E-02
   658.0000       4.06308895E-02       4.08048164E-02       3.59823683E-02
   658.1000       4.06311742E-02       4.08051862E-02       3.59813484E-02
   658.2000       4.06314585E-02       4.08055622E-02       3.59803421E-02
   658.3000       4.06317425E-02       4.08059333E-02       3.59793495E-02
   658.4000       4.06320261E-02       4.08063278E-02       3.59783704E-02
   658.5000       4.06323092E-02       4.08067101E-02       3.59774046E-02
   658.6000       4.06325920E-02       4.08070986E-02       3.59764522E-02
   658.7000       4.06328744E-02       4.08074509E-02       3.59755131E-02
   658.8000       4.06331564E-02       4.08078338E-02       3.59745874E-02
   658.9000       4.06334381E-02       4.08082014E-02       3.59736749E-02
   659.0000       4.06337193E-02       4.08085736E-02       3.59727757E-02
   659.1000       4.06340002E-02       4.08089552E-02       3.59718900E-02
   659.2000       4.06342807E-02       4.08093126E-02       3.59710174E-02
   659.3000       4.06345608E-02       4.08096761E-02       3.59701579E-02
   659.4000       4.06348405E-02       4.08100406E-02       3.59693115E-02
   659.5000       4.06351198E-02       4.08104383E-02       3.59684780E-02
   659.6000       4.06353988E-02       4.08107792E-02       3.59676575E-02
   659.7000       4.06356773E-02       4.08111288E-02       3.59668501E-02
   659.8000       4.06359555E-02       4.08115259E-02       3.59660552E-02
   659.9000       4.06362333E-02       4.08118672E-02       3.59652730E-02
   660.0000       4.06365106E-02       4.08122283E-02       3.59645037E-02
   660.1000       4.06367876E-02       4.08125869E-02       3.59637474E-02
   660.2000       4.06370643E-02       4.08129536E-02       3.59630039E-02
   660.3000       4.06373405E-02       4.08132962E-02       3.59622730E-02
   660.4000       4.06376163E-02       4.08136386E-02       3.59615549E-02
   660.5000       4.06378918E-02       4.08140096E-02       3.59608497E-02
   660.6000       4.06381669E-02       4.08143456E-02       3.59601569E-02
   660.7000       4.06384416E-02       4.08147195E-02       3.59594765E-02
   660.8000       4.06387159E-02       4.08150550E-02       3.59588082E-02
   660.9000       4.06389898E-02       4.08154041E-02       3.59581520E-02
   661.0000       4.06392633E-02       4.08157401E-02       3.59575082E-02
   661.1000       4.06395364E-02       4.08160817E-02       3.59568769E-02
   661.2000       4.06398091E-02       4.08164316E-02       3.59562577E-02
   661.3000       4.06400815E-02       4.08167831E-02       3.59556509E-02
   661.4000       4.06403535E-02       4.08171317E-02       3.59550561E-02
   661.5000       4.06406251E-02       4.08174589E-02       3.59544735E-02
   661.6000       4.06408963E-02       4.08178078E-02       3.59539030E-02
   661.7000       4.06411671E-02       4.08181603E-02       3.59533445E-02
   661.8000       4.06414375E-02       4.08184832E-02       3.59527980E-02
   661.9000       4.06417076E-02       4.08188064E-02       3.59522635E-02
   662.0000       4.06419773E-02       4.08191443E-02       3.59517410E-02
   662.1000       4.06422465E-02       4.08194922E-02       3.59512304E-02
   662.2000       4.06425154E-02       4.08198067E-02       3.59507317E-02
   662.3000       4.06427840E-02       4.08201389E-02       3.59502446E-02
   662.4000       4.06430521E-02       4.08204721E-02       3.59497693E-02
   662.5000       4.06433199E-02       4.08207990E-02       3.59493058E-02
   662.6000       4.06435873E-02       4.08211390E-02       3.59488540E-02
   662.7000       4.06438543E-02       4.08214340E-02       3.59484137E-02
   662.8000       4.06441210E-02       4.08217768E-02       3.59479850E-02
   662.9000       4.06443872E-02       4.08221122E-02       3.59475679E-02
   663.0000       4.06446531E-02       4.08224384E-02       3.59471620E-02
   663.1000       4.06449187E-02       4.08227571E-02       3.59467674E-02
   663.2000       4.06451838E-02       4.08230641E-02       3.59463839E-02
   663.3000       4.06454486E-02       4.08233956E-02       3.59460117E-02
   663.4000       4.06457131E-02       4.08237091E-02       3.59456508E-02
   663.5000       4.06459771E-02       4.08240153E-02       3.59453007E-02
   663.6000       4.06462408E-02       4.08243401E-02       3.59449616E-02
   663.7000       4.06465041E-02       4.08246555E-02       3.59446337E-02
   663.8000       4.06467670E-02       4.08249528E-02       3.59443170E-02
   663.9000       4.06470296E-02       4.08252588E-02       3.59440115E-02
   664.0000       4.06472919E-02       4.08255699E-02       3.59437173E-02
   664.1000       4.06475537E-02       4.08258907E-02       3.59434341E-02
   664.2000       4.06478152E-02       4.08261930E-02       3.59431620E-02
   664.3000       4.06480764E-02       4.08264934E-02       3.59429007E-02
   664.4000       4.06483372E-02       4.08268005E-02       3.59426504E-02
   664.5000       4.06485976E-02       4.08270936E-02       3.59424111E-02
   664.6000       4.06488576E-02       4.08274228E-02       3.59421827E-02
   664.7000       4.06491173E-02       4.08276822E-02       3.59419653E-02
   664.8000       4.06493766E-02       4.08280001E-02       3.59417585E-02
   664.9000       4.06496355E-02       4.08283325E-02       3.59415623E-02
   665.0000       4.06498941E-02       4.08285934E-02       3.59413765E-02
   665.1000       4.06501523E-02       4.08288884E-02       3.59412011E-02
   665.2000       4.06504101E-02       4.08291924E-02       3.59410359E-02
   665.3000       4.06506675E-02       4.08294777E-02       3.59408811E-02
   665.4000       4.06509246E-02       4.08297644E-02       3.59407368E-02
   665.5000       4.06511813E-02       4.08300719E-02       3.59406032E-02
   665.6000       4.06514376E-02       4.08303554E-02       3.59404801E-02
   665.7000       4.06516936E-02       4.08306443E-02       3.59403674E-02
   665.8000       4.06519492E-02       4.08309531E-02       3.59402652E-02
   665.9000       4.06522044E-02       4.08312212E-02       3.59401735E-02
   666.0000       4.06524592E-02       4.08315187E-02       3.59400923E-02
   666.1000       4.06527137E-02       4.08317899E-02       3.59400214E-02
   666.2000       4.06529678E-02       4.08320760E-02       3.59399604E-02
   666.3000       4.06532216E-02       4.08323368E-02       3.59399093E-02
   666.4000       4.06534750E-02       4.08326374E-02       3.59398681E-02
   666.5000       4.06537280E-02       4.08329264E-02       3.59398368E-02
   666.6000       4.06539806E-02       4.08331910E-02       3.59398157E-02
   666.7000       4.06542328E-02       4.08334665E-02       3.59398046E-02
   666.8000       4.06544847E-02       4.08337562E-02       3.59398034E-02
   666.9000       4.06547362E-02       4.08340245E-02       3.59398121E-02
   667.0000       4.06549874E-02       4.08342982E-02       3.59398306E-02
   667.1000       4.06552381E-02       4.08345726E-02       3.59398590E-02
   667.2000       4.06554885E-02       4.08348368E-02       3.59398972E-02
   667.3000       4.06557385E-02       4.08351232E-02       3.59399450E-02
   667.4000       4.06559882E-02       4.08353902E-02       3.59400022E-02
   667.5000       4.06562375E-02       4.08356386E-02       3.59400690E-02
   667.6000       4.06564864E-02       4.08358903E-02       3.59401452E-02
   667.7000       4.06567349E-02       4.08361810E-02       3.59402306E-02
   667.8000       4.06569830E-02       4.08364353E-02       3.59403253E-02
   667.9000       4.06572308E-02       4.08366895E-02       3.59404295E-02
   668.0000       4.06574783E-02       4.08369613E-02       3.59405430E-02
   668.1000       4.06577253E-02       4.08372302E-02       3.59406661E-02
   668.2000       4.06579720E-02       4.08374857E-02       3.59407986E-02
   668.3000       4.06582183E-02       4.08377486E-02       3.59409405E-02
   668.4000       4.06584642E-02       4.08379935E-02       3.59410914E-02
   668.5000       4.06587097E-02       4.08382528E-02       3.59412513E-02
   668.6000       4.06589549E-02       4.08385042E-02       3.59414201E-02
   668.7000       4.06591996E-02       4.08387608E-02       3.59415979E-02
   668.8000       4.06594440E-02       4.08390125E-02       3.59417845E-02
   668.9000       4.06596880E-02       4.08392739E-02       3.59419801E-02
   669.0000       4.06599316E-02       4.08395237E-02       3.59421844E-02
   669.1000       4.06601748E-02       4.08397671E-02       3.59423975E-02
   669.2000       4.06604177E-02       4.08400251E-02       3.59426195E-02
   669.3000       4.06606601E-02       4.08402626E-02       3.59428506E-02
   669.4000       4.06609022E-02       4.08405084E-02       3.59430908E-02
   669.5000       4.06611439E-02       4.08407660E-02       3.59433397E-02
   669.6000       4.06613853E-02       4.08410015E-02       3.59435972E-02
   669.7000       4.06616262E-02       4.08412492E-02       3.59438634E-02
   669.8000       4.06618668E-02       4.08414877E-02       3.59441385E-02
   669.9000       4.06621070E-02       4.08417082E-02       3.59444224E-02
   670.0000       4.06623468E-02       4.08419594E-02       3.59447148E-02
   670.1000       4.06625862E-02       4.08421963E-02       3.59450157E-02
   670.2000       4.06628252E-02       4.08424492E-02       3.59453251E-02
   670.3000       4.06630639E-02       4.08426545E-02       3.59456428E-02
   670.4000       4.06633022E-02       4.08428999E-02       3.59459689E-02
   670.5000       4.06635400E-02       4.08431460E-02       3.59463035E-02
   670.6000       4.06637775E-02       4.08433656E-02       3.59466466E-02
   670.7000       4.06640146E-02       4.08436160E-02       3.59469983E-02
   670.8000       4.06642514E-02       4.08438311E-02       3.59473586E-02
   670.9000       4.06644878E-02       4.08440692E-02       3.59477273E-02
   671.0000       4.06647237E-02       4.08442829E-02       3.59481046E-02
   671.1000       4.06649593E-02       4.08445233E-02       3.59484900E-02
   671.2000       4.06651945E-02       4.08447435E-02       3.59488837E-02
   671.3000       4.06654293E-02       4.08449641E-02       3.59492859E-02
   671.4000       4.06656637E-02       4.08452076E-02       3.59496962E-02
   671.5000       4.06658977E-02       4.08454270E-02       3.59501147E-02
   671.6000       4.06661313E-02       4.08456373E-02       3.59505415E-02
   671.7000       4.06663645E-02       4.08458591E-02       3.59509761E-02
   671.8000       4.06665973E-02       4.08460901E-02       3.59514185E-02
   671.9000       4.06668297E-02       4.08462892E-02       3.59518688E-02
   672.0000       4.06670617E-02       4.08465166E-02       3.59523271E-02
   672.1000       4.06672933E-02       4.08467372E-02       3.59527935E-02
   672.2000       4.06675245E-02       4.08469513E-02       3.59532681E-02
   672.3000       4.06677553E-02       4.08471602E-02       3.59537505E-02
   672.4000       4.06679857E-02       4.08473686E-02       3.59542408E-02
   672.5000       4.06682157E-02       4.08475718E-02       3.59547390E-02
   672.6000       4.06684453E-02       4.08477883E-02       3.59552450E-02
   672.7000       4.06686744E-02       4.08479885E-02       3.59557584E-02
   672.8000       4.06689032E-02       4.08482145E-02       3.59562796E-02
   672.9000       4.06691316E-02       4.08484268E-02       3.59568085E-02
   673.0000       4.06693595E-02       4.08486369E-02       3.59573449E-02
   673.1000       4.06695871E-02       4.08488147E-02       3.59578888E-02
   673.2000       4.06698142E-02       4.08490151E-02       3.59584403E-02
   673.3000       4.06700409E-02       4.08492398E-02       3.59589997E-02
   673.4000       4.06702673E-02       4.08494161E-02       3.59595669E-02
   673.5000       4.06704932E-02       4.08496476E-02       3.59601416E-02
   673.6000       4.06707187E-02       4.08498457E-02       3.59607236E-02
   673.7000       4.06709438E-02       4.08500322E-02       3.59613129E-02
   673.8000       4.06711685E-02       4.08502323E-02       3.59619093E-02
   673.9000       4.06713928E-02       4.08504349E-02       3.59625130E-02
   674.0000       4.06716166E-02       4.08506277E-02       3.59631240E-02
   674.1000       4.06718400E-02       4.08508287E-02       3.59637421E-02
   674.2000       4.06720630E-02       4.08510243E-02       3.59643674E-02
   674.3000       4.06722856E-02       4.08512136E-02       3.59649998E-02
   674.4000       4.06725078E-02       4.08514061E-02       3.59656392E-02
   674.5000       4.06727295E-02       4.08515893E-02       3.59662858E-02
   674.6000       4.06729508E-02       4.08517822E-02       3.59669395E-02
   674.7000       4.06731717E-02       4.08519764E-02       3.59676004E-02
   674.8000       4.06733922E-02       4.08521492E-02       3.59682685E-02
   674.9000       4.06736123E-02       4.08523423E-02       3.59689436E-02
   675.0000       4.06738319E-02       4.08525138E-02       3.59696255E-02
   675.1000       4.06740511E-02       4.08526995E-02       3.59703143E-02
   675.2000       4.06742699E-02       4.08528658E-02       3.59710099E-02
   675.3000       4.06744882E-02       4.08530692E-02       3.59717122E-02
   675.4000       4.06747061E-02       4.08532333E-02       3.59724212E-02
   675.5000       4.06749236E-02       4.08534107E-02       3.59731372E-02
   675.6000       4.06751407E-02       4.08536134E-02       3.59738599E-02
   675.7000       4.06753573E-02       4.08538069E-02       3.59745893E-02
   675.8000       4.06755735E-02       4.08539531E-02       3.59753255E-02
   675.9000       4.06757893E-02       4.08541385E-02       3.59760682E-02
   676.0000       4.06760046E-02       4.08543331E-02       3.59768176E-02
   676.1000       4.06762195E-02       4.08544855E-02       3.59775734E-02
   676.2000       4.06764340E-02       4.08546510E-02       3.59783359E-02
   676.3000       4.06766481E-02       4.08548219E-02       3.59791051E-02
   676.4000       4.06768617E-02       4.08550026E-02       3.59798806E-02
   676.5000       4.06770749E-02       4.08551656E-02       3.59806625E-02
   676.6000       4.06772877E-02       4.08553446E-02       3.59814510E-02
   676.7000       4.06775000E-02       4.08555193E-02       3.59822458E-02
   676.8000       4.06777118E-02       4.08556644E-02       3.59830468E-02
   676.9000       4.06779233E-02       4.08558513E-02       3.59838539E-02
   677.0000       4.06781343E-02       4.08559965E-02       3.59846669E-02
   677.1000       4.06783448E-02       4.08561602E-02       3.59854862E-02
   677.2000       4.06785549E-02       4.08563300E-02       3.59863116E-02
   677.3000       4.06787646E-02       4.08564940E-02       3.59871434E-02
   677.4000       4.06789738E-02       4.08566555E-02       3.59879811E-02
   677.5000       4.06791826E-02       4.08568109E-02       3.59888248E-02
   677.6000       4.06793909E-02       4.08569553E-02       3.59896747E-02
   677.7000       4.06795988E-02       4.08571146E-02       3.59905307E-02
   677.8000       4.06798063E-02       4.08573039E-02       3.59913926E-02
   677.9000       4.06800133E-02       4.08574548E-02       3.59922605E-02
   678.0000       4.06802199E-02       4.08576032E-02       3.59931345E-02
   678.1000       4.06804260E-02       4.08577540E-02       3.59940142E-02
   678.2000       4.06806316E-02       4.08579141E-02       3.59948995E-02
   678.3000       4.06808368E-02       4.08580573E-02       3.59957905E-02
   678.4000       4.06810416E-02       4.08582133E-02       3.59966875E-02
   678.5000       4.06812459E-02       4.08583322E-02       3.59975906E-02
   678.6000       4.06814498E-02       4.08585088E-02       3.59984995E-02
   678.7000       4.06816532E-02       4.08586630E-02       3.59994138E-02
   678.8000       4.06818562E-02       4.08587896E-02       3.60003337E-02
   678.9000       4.06820587E-02       4.08589389E-02       3.60012592E-02
   679.0000       4.06822608E-02       4.08590943E-02       3.60021904E-02
   679.1000       4.06824624E-02       4.08592551E-02       3.60031274E-02
   679.2000       4.06826636E-02       4.08593849E-02       3.60040699E-02
   679.3000       4.06828643E-02       4.08595237E-02       3.60050179E-02
   679.4000       4.06830646E-02       4.08596618E-02       3.60059713E-02
   679.5000       4.06832644E-02       4.08598309E-02       3.60069303E-02
   679.6000       4.06834637E-02       4.08599507E-02       3.60078949E-02
   679.7000       4.06836627E-02       4.08600813E-02       3.60088650E-02
   679.8000       4.06838611E-02       4.08602216E-02       3.60098405E-02
   679.9000       4.06840591E-02       4.08603665E-02       3.60108213E-02
   680.0000       4.06842567E-02       4.08604980E-02       3.60118071E-02
   680.1000       4.06844538E-02       4.08606440E-02       3.60127982E-02
   680.2000       4.06846504E-02       4.08607795E-02       3.60137944E-02
   680.3000       4.06848466E-02       4.08609072E-02       3.60147959E-02
   680.4000       4.06850424E-02       4.08610363E-02       3.60158025E-02
   680.5000       4.06852376E-02       4.08611554E-02       3.60168141E-02
   680.6000       4.06854324E-02       4.08613109E-02       3.60178311E-02
   680.7000       4.06856267E-02       4.08614245E-02       3.60188531E-02
   680.8000       4.06858206E-02       4.08615372E-02       3.60198800E-02
   680.9000       4.06860140E-02       4.08616700E-02       3.60209116E-02
   681.0000       4.06862070E-02       4.08618169E-02       3.60219483E-02
   681.1000       4.06863995E-02       4.08619444E-02       3.60229900E-02
   681.2000       4.06865916E-02       4.08620744E-02       3.60240367E-02
   681.3000       4.06867832E-02       4.08621712E-02       3.60250880E-02
   681.4000       4.06869744E-02       4.08623058E-02       3.60261442E-02
   681.5000       4.06871651E-02       4.08624140E-02       3.60272049E-02
   681.6000       4.06873554E-02       4.08625559E-02       3.60282702E-02
   681.7000       4.06875452E-02       4.08626668E-02       3.60293398E-02
   681.8000       4.06877345E-02       4.08627882E-02       3.60304140E-02
   681.9000       4.06879234E-02       4.08629106E-02       3.60314925E-02
   682.0000       4.06881119E-02       4.08630290E-02       3.60325758E-02
   682.1000       4.06882999E-02       4.08631497E-02       3.60336638E-02
   682.2000       4.06884874E-02       4.08632571E-02       3.60347563E-02
   682.3000       4.06886745E-02       4.08633712E-02       3.60358532E-02
   682.4000       4.06888611E-02       4.08634837E-02       3.60369546E-02
   682.5000       4.06890473E-02       4.08636053E-02       3.60380603E-02
   682.6000       4.06892330E-02       4.08637033E-02       3.60391705E-02
   682.7000       4.06894183E-02       4.08638209E-02       3.60402850E-02
   682.8000       4.06896031E-02       4.08639415E-02       3.60414038E-02
   682.9000       4.06897874E-02       4.08640332E-02       3.60425272E-02
   683.0000       4.06899714E-02       4.08641703E-02       3.60436549E-02
   683.1000       4.06901548E-02       4.08642801E-02       3.60447868E-02
   683.2000       4.06903378E-02       4.08643805E-02       3.60459232E-02
   683.3000       4.06905204E-02       4.08644847E-02       3.60470639E-02
   683.4000       4.06907025E-02       4.08645964E-02       3.60482088E-02
   683.5000       4.06908842E-02       4.08646970E-02       3.60493578E-02
   683.6000       4.06910654E-02       4.08648241E-02       3.60505108E-02
   683.7000       4.06912462E-02       4.08648931E-02       3.60516676E-02
   683.8000       4.06914265E-02       4.08650057E-02       3.60528284E-02
   683.9000       4.06916064E-02       4.08651271E-02       3.60539935E-02
   684.0000       4.06917858E-02       4.08652215E-02       3.60551624E-02
   684.1000       4.06919648E-02       4.08653086E-02       3.60563352E-02
   684.2000       4.06921433E-02       4.08654001E-02       3.60575118E-02
   684.3000       4.06923214E-02       4.08655368E-02       3.60586922E-02
   684.4000       4.06924991E-02       4.08656235E-02       3.60598766E-02
   684.5000       4.06926762E-02       4.08657204E-02       3.60610651E-02
   684.6000       4.06928530E-02       4.08658001E-02       3.60622572E-02
   684.7000       4.06930292E-02       4.08659011E-02       3.60634531E-02
   684.8000       4.06932051E-02       4.08660113E-02       3.60646527E-02
   684.9000       4.06933805E-02       4.08661027E-02       3.60658559E-02
   685.0000       4.06935554E-02       4.08661968E-02       3.60670628E-02
   685.1000       4.06937299E-02       4.08662793E-02       3.60682731E-02
   685.2000       4.06939039E-02       4.08663685E-02       3.60694869E-02
   685.3000       4.06940775E-02       4.08664479E-02       3.60707043E-02
   685.4000       4.06942506E-02       4.08665506E-02       3.60719253E-02
   685.5000       4.06944233E-02       4.08666541E-02       3.60731501E-02
   685.6000       4.06945956E-02       4.08667361E-02       3.60743783E-02
   685.7000       4.06947673E-02       4.08668190E-02       3.60756098E-02
   685.8000       4.06949387E-02       4.08669039E-02       3.60768445E-02
   685.9000       4.06951096E-02       4.08669975E-02       3.60780826E-02
   686.0000       4.06952800E-02       4.08670750E-02       3.60793243E-02
   686.1000       4.06954500E-02       4.08671655E-02       3.60805694E-02
   686.2000       4.06956196E-02       4.08672289E-02       3.60818177E-02
   686.3000       4.06957886E-02       4.08673396E-02       3.60830693E-02
   686.4000       4.06959573E-02       4.08674199E-02       3.60843242E-02
   686.5000       4.06961255E-02       4.08674932E-02       3.60855826E-02
   686.6000       4.06962933E-02       4.08675793E-02       3.60868443E-02
   686.7000       4.06964606E-02       4.08676728E-02       3.60881090E-02
   686.8000       4.06966275E-02       4.08677626E-02       3.60893768E-02
   686.9000       4.06967939E-02       4.08678319E-02       3.60906477E-02
   687.0000       4.06969598E-02       4.08679113E-02       3.60919216E-02
   687.1000       4.06971254E-02       4.08679954E-02       3.60931985E-02
   687.2000       4.06972905E-02       4.08680582E-02       3.60944782E-02
   687.3000       4.06974551E-02       4.08681309E-02       3.60957608E-02
   687.4000       4.06976193E-02       4.08682124E-02       3.60970466E-02
   687.5000       4.06977831E-02       4.08682877E-02       3.60983355E-02
   687.6000       4.06979465E-02       4.08683707E-02       3.60996275E-02
   687.7000       4.06981094E-02       4.08684367E-02       3.61009225E-02
   687.8000       4.06982719E-02       4.08685217E-02       3.61022206E-02
   687.9000       4.06984339E-02       4.08685872E-02       3.61035213E-02
   688.0000       4.06985955E-02       4.08686470E-02       3.61048247E-02
   688.1000       4.06987567E-02       4.08687358E-02       3.61061313E-02
   688.2000       4.06989175E-02       4.08688062E-02       3.61074407E-02
   688.3000       4.06990778E-02       4.08688803E-02       3.61087530E-02
   688.4000       4.06992377E-02       4.08689408E-02       3.61100680E-02
   688.5000       4.06993972E-02       4.08690079E-02       3.61113860E-02
   688.6000       4.06995562E-02       4.08690848E-02       3.61127065E-02
   688.7000       4.06997148E-02       4.08691425E-02       3.61140297E-02
   688.8000       4.06998730E-02       4.08692160E-02       3.61153556E-02
   688.9000       4.07000308E-02       4.08692825E-02       3.61166843E-02
   689.0000       4.07001881E-02       4.08693449E-02       3.61180155E-02
   689.1000       4.07003450E-02       4.08694103E-02       3.61193491E-02
   689.2000       4.07005015E-02       4.08694857E-02       3.61206850E-02
   689.3000       4.07006576E-02       4.08695424E-02       3.61220234E-02
   689.4000       4.07008133E-02       4.08695986E-02       3.61233645E-02
   689.5000       4.07009685E-02       4.08696656E-02       3.61247083E-02
   689.6000       4.07011233E-02       4.08697286E-02       3.61260545E-02
   689.7000       4.07012777E-02       4.08697939E-02       3.61274031E-02
   689.8000       4.07014317E-02       4.08698366E-02       3.61287541E-02
   689.9000       4.07015852E-02       4.08699034E-02       3.61301071E-02
   690.0000       4.07017384E-02       4.08699798E-02       3.61314625E-02
   690.1000       4.07018911E-02       4.08700294E-02       3.61328202E-02
   690.2000       4.07020433E-02       4.08700895E-02       3.61341805E-02
   690.3000       4.07021952E-02       4.08701592E-02       3.61355430E-02
   690.4000       4.07023466E-02       4.08701905E-02       3.61369079E-02
   690.5000       4.07024976E-02       4.08702551E-02       3.61382750E-02
   690.6000       4.07026481E-02       4.08703181E-02       3.61396444E-02
   690.7000       4.07027983E-02       4.08703576E-02       3.61410158E-02
   690.8000       4.07029480E-02       4.08704190E-02       3.61423892E-02
   690.9000       4.07030974E-02       4.08704651E-02       3.61437648E-02
   691.0000       4.07032463E-02       4.08705396E-02       3.61451427E-02
   691.1000       4.07033947E-02       4.08705924E-02       3.61465228E-02
   691.2000       4.07035428E-02       4.08706238E-02       3.61479050E-02
   691.3000       4.07036904E-02       4.08706856E-02       3.61492892E-02
   691.4000       4.07038376E-02       4.08707321E-02       3.61506758E-02
   691.5000       4.07039844E-02       4.08707850E-02       3.61520642E-02
   691.6000       4.07041307E-02       4.08708499E-02       3.61534549E-02
   691.7000       4.07042767E-02       4.08708837E-02       3.61548474E-02
   691.8000       4.07044222E-02       4.08709523E-02       3.61562419E-02
   691.9000       4.07045673E-02       4.08709758E-02       3.61576384E-02
   692.0000       4.07047120E-02       4.08710521E-02       3.61590365E-02
   692.1000       4.07048563E-02       4.08710828E-02       3.61604365E-02
   692.2000       4.07050002E-02       4.08711395E-02       3.61618384E-02
   692.3000       4.07051436E-02       4.08711732E-02       3.61632422E-02
   692.4000       4.07052866E-02       4.08712283E-02       3.61646476E-02
   692.5000       4.07054293E-02       4.08712696E-02       3.61660546E-02
   692.6000       4.07055715E-02       4.08713130E-02       3.61674633E-02
   692.7000       4.07057132E-02       4.08713413E-02       3.61688734E-02
   692.8000       4.07058546E-02       4.08713912E-02       3.61702855E-02
   692.9000       4.07059956E-02       4.08714393E-02       3.61716995E-02
   693.0000       4.07061362E-02       4.08714729E-02       3.61731153E-02
   693.1000       4.07062763E-02       4.08715458E-02       3.61745328E-02
   693.2000       4.07064161E-02       4.08715696E-02       3.61759520E-02
   693.3000       4.07065554E-02       4.08716129E-02       3.61773730E-02
   693.4000       4.07066944E-02       4.08716463E-02       3.61787955E-02
   693.5000       4.07068329E-02       4.08716853E-02       3.61802196E-02
   693.6000       4.07069710E-02       4.08717220E-02       3.61816454E-02
   693.7000       4.07071087E-02       4.08717692E-02       3.61830729E-02
   693.8000       4.07072460E-02       4.08718073E-02       3.61845019E-02
   693.9000       4.07073829E-02       4.08718411E-02       3.61859324E-02
   694.0000       4.07075194E-02       4.08718849E-02       3.61873645E-02
   694.1000       4.07076555E-02       4.08719285E-02       3.61887980E-02
   694.2000       4.07077912E-02       4.08719520E-02       3.61902327E-02
   694.3000       4.07079264E-02       4.08719884E-02       3.61916687E-02
   694.4000       4.07080613E-02       4.08720336E-02       3.61931060E-02
   694.5000       4.07081958E-02       4.08720739E-02       3.61945444E-02
   694.6000       4.07083298E-02       4.08721018E-02       3.61959843E-02
   694.7000       4.07084635E-02       4.08721354E-02       3.61974255E-02
   694.8000       4.07085967E-02       4.08721500E-02       3.61988678E-02
   694.9000       4.07087296E-02       4.08722058E-02       3.62003114E-02
   695.0000       4.07088620E-02       4.08722316E-02       3.62017561E-02
   695.1000       4.07089941E-02       4.08722482E-02       3.62032021E-02
   695.2000       4.07091257E-02       4.08722900E-02       3.62046492E-02
   695.3000       4.07092570E-02       4.08723205E-02       3.62060974E-02
   695.4000       4.07093878E-02       4.08723673E-02       3.62075465E-02
   695.5000       4.07095183E-02       4.08723804E-02       3.62089970E-02
   695.6000       4.07096483E-02       4.08724156E-02       3.62104488E-02
   695.7000       4.07097780E-02       4.08724576E-02       3.62119016E-02
   695.8000       4.07099072E-02       4.08724778E-02       3.62133555E-02
   695.9000       4.07100361E-02       4.08724769E-02       3.62148104E-02
   696.0000       4.07101645E-02       4.08725268E-02       3.62162664E-02
   696.1000       4.07102926E-02       4.08725558E-02       3.62177234E-02
   696.2000       4.07104202E-02       4.08725920E-02       3.62191816E-02
   696.3000       4.07105475E-02       4.08726117E-02       3.62206410E-02
   696.4000       4.07106744E-02       4.08726374E-02       3.62221018E-02
   696.5000       4.07108009E-02       4.08726563E-02       3.62235636E-02
   696.6000       4.07109271E-02       4.08726982E-02       3.62250263E-02
   696.7000       4.07110528E-02       4.08727117E-02       3.62264899E-02
   696.8000       4.07111782E-02       4.08727324E-02       3.62279541E-02
   696.9000       4.07113031E-02       4.08727690E-02       3.62294190E-02
   697.0000       4.07114277E-02       4.08727968E-02       3.62308844E-02
   697.1000       4.07115519E-02       4.08728025E-02       3.62323507E-02
   697.2000       4.07116757E-02       4.08728484E-02       3.62338178E-02
   697.3000       4.07117991E-02       4.08728650E-02       3.62352853E-02
   697.4000       4.07119221E-02       4.08728763E-02       3.62367535E-02
   697.5000       4.07120447E-02       4.08728927E-02       3.62382225E-02
   697.6000       4.07121669E-02       4.08729211E-02       3.62396923E-02
   697.7000       4.07122888E-02       4.08729424E-02       3.62411627E-02
   697.8000       4.07124102E-02       4.08729730E-02       3.62426338E-02
   697.9000       4.07125313E-02       4.08729630E-02       3.62441055E-02
   698.0000       4.07126520E-02       4.08729986E-02       3.62455778E-02
   698.1000       4.07127723E-02       4.08730250E-02       3.62470508E-02
   698.2000       4.07128923E-02       4.08730375E-02       3.62485243E-02
   698.3000       4.07130119E-02       4.08730447E-02       3.62499985E-02
   698.4000       4.07131311E-02       4.08730895E-02       3.62514734E-02
   698.5000       4.07132499E-02       4.08731001E-02       3.62529488E-02
   698.6000       4.07133684E-02       4.08731222E-02       3.62544249E-02
   698.7000       4.07134864E-02       4.08731349E-02       3.62559015E-02
   698.8000       4.07136041E-02       4.08731621E-02       3.62573788E-02
   698.9000       4.07137215E-02       4.08731520E-02       3.62588567E-02
   699.0000       4.07138384E-02       4.08731816E-02       3.62603352E-02
   699.1000       4.07139550E-02       4.08732100E-02       3.62618140E-02
   699.2000       4.07140711E-02       4.08732096E-02       3.62632931E-02
   699.3000       4.07141869E-02       4.08732328E-02       3.62647726E-02
   699.4000       4.07143024E-02       4.08732432E-02       3.62662528E-02
   699.5000       4.07144174E-02       4.08732584E-02       3.62677335E-02
   699.6000       4.07145321E-02       4.08732692E-02       3.62692145E-02
   699.7000       4.07146464E-02       4.08732769E-02       3.62706955E-02
   699.8000       4.07147603E-02       4.08733002E-02       3.62721765E-02
   699.9000       4.07148739E-02       4.08733034E-02       3.62736577E-02
   700.0000       4.07149871E-02       4.08733084E-02       3.62751393E-02
   700.1000       4.07150999E-02       4.08733263E-02       3.62766211E-02
   700.2000       4.07152123E-02       4.08733514E-02       3.62781033E-02
   700.3000       4.07153244E-02       4.08733559E-02       3.62795857E-02
   700.4000       4.07154361E-02       4.08733713E-02       3.62810683E-02
   700.5000       4.07155474E-02       4.08733834E-02       3.62825515E-02
   700.6000       4.07156583E-02       4.08733893E-02       3.62840350E-02
   700.7000       4.07157689E-02       4.08733912E-02       3.62855190E-02
   700.8000       4.07158791E-02       4.08734037E-02       3.62870033E-02
   700.9000       4.07159890E-02       4.08734364E-02       3.62884875E-02
   701.0000       4.07160985E-02       4.08734303E-02       3.62899718E-02
   701.1000       4.07162076E-02       4.08734407E-02       3.62914561E-02
   701.2000       4.07163164E-02       4.08734448E-02       3.62929404E-02
   701.3000       4.07164247E-02       4.08734318E-02       3.62944246E-02
   701.4000       4.07165328E-02       4.08734992E-02       3.62959088E-02
   701.5000       4.07166404E-02       4.08734752E-02       3.62973931E-02
   701.6000       4.07167477E-02       4.08734506E-02       3.62988774E-02
   701.7000       4.07168547E-02       4.08734693E-02       3.63003619E-02
   701.8000       4.07169613E-02       4.08734845E-02       3.63018463E-02
   701.9000       4.07170675E-02       4.08735014E-02       3.63033306E-02
   702.0000       4.07171734E-02       4.08735013E-02       3.63048149E-02
   702.1000       4.07172789E-02       4.08735071E-02       3.63062989E-02
   702.2000       4.07173841E-02       4.08735164E-02       3.63077826E-02
   702.3000       4.07174889E-02       4.08735280E-02       3.63092659E-02
   702.4000       4.07175933E-02       4.08735082E-02       3.63107491E-02
   702.5000       4.07176974E-02       4.08735446E-02       3.63122321E-02
   702.6000       4.07178011E-02       4.08735341E-02       3.63137150E-02
   702.7000       4.07179045E-02       4.08735485E-02       3.63151979E-02
   702.8000       4.07180076E-02       4.08735539E-02       3.63166808E-02
   702.9000       4.07181103E-02       4.08735559E-02       3.63181637E-02
   703.0000       4.07182126E-02       4.08735578E-02       3.63196462E-02
   703.1000       4.07183146E-02       4.08735540E-02       3.63211283E-02
   703.2000       4.07184162E-02       4.08735652E-02       3.63226101E-02
   703.3000       4.07185175E-02       4.08735521E-02       3.63240915E-02
   703.4000       4.07186184E-02       4.08735461E-02       3.63255723E-02
   703.5000       4.07187189E-02       4.08735631E-02       3.63270527E-02
   703.6000       4.07188192E-02       4.08735697E-02       3.63285328E-02
   703.7000       4.07189190E-02       4.08735651E-02       3.63300124E-02
   703.8000       4.07190185E-02       4.08735737E-02       3.63314913E-02
   703.9000       4.07191177E-02       4.08735617E-02       3.63329698E-02
   704.0000       4.07192165E-02       4.08735596E-02       3.63344477E-02
   704.1000       4.07193150E-02       4.08735688E-02       3.63359253E-02
   704.2000       4.07194131E-02       4.08735653E-02       3.63374025E-02
   704.3000       4.07195109E-02       4.08735698E-02       3.63388792E-02
   704.4000       4.07196084E-02       4.08735691E-02       3.63403553E-02
   704.5000       4.07197055E-02       4.08735680E-02       3.63418307E-02
   704.6000       4.07198023E-02       4.08735591E-02       3.63433058E-02
   704.7000       4.07198987E-02       4.08735616E-02       3.63447805E-02
   704.8000       4.07199948E-02       4.08735602E-02       3.63462547E-02
   704.9000       4.07200906E-02       4.08735587E-02       3.63477282E-02
   705.0000       4.07201860E-02       4.08735581E-02       3.63492011E-02
   705.1000       4.07202811E-02       4.08735556E-02       3.63506734E-02
   705.2000       4.07203758E-02       4.08735400E-02       3.63521452E-02
   705.3000       4.07204702E-02       4.08735500E-02       3.63536164E-02
   705.4000       4.07205642E-02       4.08735342E-02       3.63550867E-02
   705.5000       4.07206579E-02       4.08735395E-02       3.63565561E-02
   705.6000       4.07207512E-02       4.08735383E-02       3.63580247E-02
   705.7000       4.07208442E-02       4.08735350E-02       3.63594922E-02
   705.8000       4.07209369E-02       4.08735341E-02       3.63609591E-02
   705.9000       4.07210292E-02       4.08735262E-02       3.63624253E-02
   706.0000       4.07211212E-02       4.08735286E-02       3.63638905E-02
   706.1000       4.07212129E-02       4.08735161E-02       3.63653549E-02
   706.2000       4.07213042E-02       4.08735099E-02       3.63668183E-02
   706.3000       4.07213952E-02       4.08734968E-02       3.63682807E-02
   706.4000       4.07214859E-02       4.08735020E-02       3.63697423E-02
   706.5000       4.07215762E-02       4.08734878E-02       3.63712028E-02
   706.6000       4.07216662E-02       4.08735047E-02       3.63726624E-02
   706.7000       4.07217559E-02       4.08734828E-02       3.63741211E-02
   706.8000       4.07218452E-02       4.08734742E-02       3.63755787E-02
   706.9000       4.07219342E-02       4.08734919E-02       3.63770353E-02
   707.0000       4.07220229E-02       4.08734758E-02       3.63784906E-02
   707.1000       4.07221113E-02       4.08734507E-02       3.63799450E-02
   707.2000       4.07221993E-02       4.08734660E-02       3.63813982E-02
   707.3000       4.07222871E-02       4.08734619E-02       3.63828504E-02
   707.4000       4.07223745E-02       4.08734422E-02       3.63843015E-02
   707.5000       4.07224616E-02       4.08734189E-02       3.63857515E-02
   707.6000       4.07225483E-02       4.08734239E-02       3.63872004E-02
   707.7000       4.07226347E-02       4.08734173E-02       3.63886482E-02
   707.8000       4.07227209E-02       4.08734143E-02       3.63900951E-02
   707.9000       4.07228066E-02       4.08733980E-02       3.63915408E-02
   708.0000       4.07228921E-02       4.08734002E-02       3.63929850E-02
   708.1000       4.07229772E-02       4.08733679E-02       3.63944281E-02
   708.2000       4.07230620E-02       4.08733769E-02       3.63958701E-02
   708.3000       4.07231465E-02       4.08733601E-02       3.63973110E-02
   708.4000       4.07232307E-02       4.08733642E-02       3.63987507E-02
   708.5000       4.07233145E-02       4.08733404E-02       3.64001892E-02
   708.6000       4.07233981E-02       4.08733343E-02       3.64016263E-02
   708.7000       4.07234813E-02       4.08733233E-02       3.64030618E-02
   708.8000       4.07235642E-02       4.08733110E-02       3.64044960E-02
   708.9000       4.07236468E-02       4.08733086E-02       3.64059291E-02
   709.0000       4.07237291E-02       4.08732956E-02       3.64073610E-02
   709.1000       4.07238110E-02       4.08732807E-02       3.64087916E-02
   709.2000       4.07238927E-02       4.08732825E-02       3.64102207E-02
   709.3000       4.07239740E-02       4.08732855E-02       3.64116485E-02
   709.4000       4.07240550E-02       4.08732527E-02       3.64130750E-02
   709.5000       4.07241357E-02       4.08732541E-02       3.64145001E-02
   709.6000       4.07242161E-02       4.08732168E-02       3.64159237E-02
   709.7000       4.07242962E-02       4.08732212E-02       3.64173457E-02
   709.8000       4.07243760E-02       4.08732218E-02       3.64187662E-02
   709.9000       4.07244555E-02       4.08731852E-02       3.64201853E-02
   710.0000       4.07245346E-02       4.08731756E-02       3.64216029E-02
   710.1000       4.07246135E-02       4.08731780E-02       3.64230189E-02
   710.2000       4.07246921E-02       4.08731671E-02       3.64244333E-02
   710.3000       4.07247703E-02       4.08731394E-02       3.64258461E-02
   710.4000       4.07248483E-02       4.08731225E-02       3.64272573E-02
   710.5000       4.07249260E-02       4.08731193E-02       3.64286673E-02
   710.6000       4.07250033E-02       4.08730992E-02       3.64300756E-02
   710.7000       4.07250804E-02       4.08730779E-02       3.64314824E-02
   710.8000       4.07251571E-02       4.08730830E-02       3.64328877E-02
   710.9000       4.07252335E-02       4.08730684E-02       3.64342915E-02
   711.0000       4.07253097E-02       4.08730709E-02       3.64356939E-02
   711.1000       4.07253856E-02       4.08730373E-02       3.64370948E-02
   711.2000       4.07254611E-02       4.08730281E-02       3.64384941E-02
   711.3000       4.07255363E-02       4.08730206E-02       3.64398918E-02
   711.4000       4.07256113E-02       4.08729944E-02       3.64412877E-02
   711.5000       4.07256859E-02       4.08729835E-02       3.64426818E-02
   711.6000       4.07257603E-02       4.08729850E-02       3.64440742E-02
   711.7000       4.07258343E-02       4.08729731E-02       3.64454650E-02
   711.8000       4.07259081E-02       4.08729499E-02       3.64468539E-02
   711.9000       4.07259816E-02       4.08729289E-02       3.64482412E-02
   712.0000       4.07260548E-02       4.08729034E-02       3.64496267E-02
   712.1000       4.07261277E-02       4.08728941E-02       3.64510106E-02
   712.2000       4.07262003E-02       4.08728897E-02       3.64523925E-02
   712.3000       4.07262726E-02       4.08728640E-02       3.64537725E-02
   712.4000       4.07263446E-02       4.08728617E-02       3.64551507E-02
   712.5000       4.07264164E-02       4.08728189E-02       3.64565273E-02
   712.6000       4.07264878E-02       4.08728196E-02       3.64579020E-02
   712.7000       4.07265590E-02       4.08727962E-02       3.64592749E-02
   712.8000       4.07266299E-02       4.08727878E-02       3.64606460E-02
   712.9000       4.07267005E-02       4.08727805E-02       3.64620152E-02
   713.0000       4.07267708E-02       4.08727501E-02       3.64633825E-02
   713.1000       4.07268408E-02       4.08727244E-02       3.64647479E-02
   713.2000       4.07269106E-02       4.08727072E-02       3.64661113E-02
   713.3000       4.07269800E-02       4.08727070E-02       3.64674729E-02
   713.4000       4.07270492E-02       4.08726732E-02       3.64688326E-02
   713.5000       4.07271181E-02       4.08726511E-02       3.64701903E-02
   713.6000       4.07271867E-02       4.08726386E-02       3.64715461E-02
   713.7000       4.07272550E-02       4.08726226E-02       3.64728997E-02
   713.8000       4.07273231E-02       4.08726101E-02       3.64742514E-02
   713.9000       4.07273909E-02       4.08725828E-02       3.64756014E-02
   714.0000       4.07274584E-02       4.08725877E-02       3.64769493E-02
   714.1000       4.07275256E-02       4.08725612E-02       3.64782952E-02
   714.2000       4.07275925E-02       4.08725235E-02       3.64796391E-02
   714.3000       4.07276592E-02       4.08725307E-02       3.64809811E-02
   714.4000       4.07277255E-02       4.08725130E-02       3.64823209E-02
   714.5000       4.07277916E-02       4.08724733E-02       3.64836587E-02
   714.6000       4.07278574E-02       4.08724747E-02       3.64849944E-02
   714.7000       4.07279230E-02       4.08724552E-02       3.64863281E-02
   714.8000       4.07279882E-02       4.08724211E-02       3.64876599E-02
   714.9000       4.07280532E-02       4.08724063E-02       3.64889896E-02
   715.0000       4.07281179E-02       4.08723852E-02       3.64903170E-02
   715.1000       4.07281823E-02       4.08723734E-02       3.64916422E-02
   715.2000       4.07282465E-02       4.08723527E-02       3.64929652E-02
   715.3000       4.07283104E-02       4.08723267E-02       3.64942860E-02
   715.4000       4.07283740E-02       4.08723226E-02       3.64956045E-02
   715.5000       4.07284373E-02       4.08722985E-02       3.64969209E-02
   715.6000       4.07285004E-02       4.08722709E-02       3.64982349E-02
   715.7000       4.07285632E-02       4.08722700E-02       3.64995466E-02
   715.8000       4.07286257E-02       4.08722232E-02       3.65008560E-02
   715.9000       4.07286879E-02       4.08722171E-02       3.65021630E-02
   716.0000       4.07287499E-02       4.08721874E-02       3.65034680E-02
   716.1000       4.07288116E-02       4.08721806E-02       3.65047709E-02
   716.2000       4.07288730E-02       4.08721755E-02       3.65060715E-02
   716.3000       4.07289341E-02       4.08721255E-02       3.65073700E-02
   716.4000       4.07289950E-02       4.08721140E-02       3.65086661E-02
   716.5000       4.07290556E-02       4.08720967E-02       3.65099600E-02
   716.6000       4.07291160E-02       4.08720834E-02       3.65112515E-02
   716.7000       4.07291760E-02       4.08720457E-02       3.65125406E-02
   716.8000       4.07292358E-02       4.08720306E-02       3.65138273E-02
   716.9000       4.07292953E-02       4.08720081E-02       3.65151116E-02
   717.0000       4.07293546E-02       4.08720026E-02       3.65163937E-02
   717.1000       4.07294136E-02       4.08719788E-02       3.65176733E-02
   717.2000       4.07294723E-02       4.08719620E-02       3.65189505E-02
   717.3000       4.07295307E-02       4.08719366E-02       3.65202254E-02
   717.4000       4.07295889E-02       4.08718950E-02       3.65214977E-02
   717.5000       4.07296469E-02       4.08718729E-02       3.65227679E-02
   717.6000       4.07297046E-02       4.08718483E-02       3.65240358E-02
   717.7000       4.07297620E-02       4.08718457E-02       3.65253015E-02
   717.8000       4.07298191E-02       4.08718239E-02       3.65265647E-02
   717.9000       4.07298760E-02       4.08718085E-02       3.65278254E-02
   718.0000       4.07299326E-02       4.08717734E-02       3.65290838E-02
   718.1000       4.07299890E-02       4.08717613E-02       3.65303397E-02
   718.2000       4.07300451E-02       4.08717286E-02       3.65315930E-02
   718.3000       4.07301009E-02       4.08717017E-02       3.65328436E-02
   718.4000       4.07301565E-02       4.08716968E-02       3.65340916E-02
   718.5000       4.07302118E-02       4.08716602E-02       3.65353371E-02
   718.6000       4.07302669E-02       4.08716304E-02       3.65365799E-02
   718.7000       4.07303217E-02       4.08716250E-02       3.65378201E-02
   718.8000       4.07303762E-02       4.08715993E-02       3.65390578E-02
   718.9000       4.07304305E-02       4.08715772E-02       3.65402933E-02
   719.0000       4.07304845E-02       4.08715326E-02       3.65415262E-02
   719.1000       4.07305382E-02       4.08715269E-02       3.65427566E-02
   719.2000       4.07305917E-02       4.08715115E-02       3.65439843E-02
   719.3000       4.07306450E-02       4.08714884E-02       3.65452094E-02
   719.4000       4.07306979E-02       4.08714622E-02       3.65464316E-02
   719.5000       4.07307506E-02       4.08714267E-02       3.65476512E-02
   719.6000       4.07308031E-02       4.08714003E-02       3.65488684E-02
   719.7000       4.07308553E-02       4.08713848E-02       3.65500829E-02
   719.8000       4.07309072E-02       4.08713685E-02       3.65512949E-02
   719.9000       4.07309589E-02       4.08713434E-02       3.65525046E-02
   720.0000       4.07310104E-02       4.08713051E-02       3.65537115E-02
   720.1000       4.07310615E-02       4.08712919E-02       3.65549161E-02
   720.2000       4.07311125E-02       4.08712951E-02       3.65561183E-02
   720.3000       4.07311631E-02       4.08712551E-02       3.65573181E-02
   720.4000       4.07312136E-02       4.08712262E-02       3.65585151E-02
   720.5000       4.07312637E-02       4.08712023E-02       3.65597094E-02
   720.6000       4.07313137E-02       4.08711914E-02       3.65609011E-02
   720.7000       4.07313633E-02       4.08711437E-02       3.65620901E-02
   720.8000       4.07314127E-02       4.08711411E-02       3.65632764E-02
   720.9000       4.07314619E-02       4.08711162E-02       3.65644596E-02
   721.0000       4.07315108E-02       4.08710892E-02       3.65656400E-02
   721.1000       4.07315594E-02       4.08710675E-02       3.65668176E-02
   721.2000       4.07316078E-02       4.08710154E-02       3.65679926E-02
   721.3000       4.07316559E-02       4.08710021E-02       3.65691649E-02
   721.4000       4.07317038E-02       4.08709982E-02       3.65703344E-02
   721.5000       4.07317514E-02       4.08709635E-02       3.65715011E-02
   721.6000       4.07317987E-02       4.08709301E-02       3.65726654E-02
   721.7000       4.07318458E-02       4.08709108E-02       3.65738270E-02
   721.8000       4.07318926E-02       4.08708890E-02       3.65749857E-02
   721.9000       4.07319392E-02       4.08708474E-02       3.65761415E-02
   722.0000       4.07319856E-02       4.08708305E-02       3.65772945E-02
   722.1000       4.07320317E-02       4.08707852E-02       3.65784446E-02
   722.2000       4.07320775E-02       4.08707827E-02       3.65795917E-02
   722.3000       4.07321231E-02       4.08707592E-02       3.65807361E-02
   722.4000       4.07321685E-02       4.08707344E-02       3.65818778E-02
   722.5000       4.07322136E-02       4.08707090E-02       3.65830166E-02
   722.6000       4.07322585E-02       4.08706783E-02       3.65841522E-02
   722.7000       4.07323031E-02       4.08706693E-02       3.65852848E-02
   722.8000       4.07323475E-02       4.08706416E-02       3.65864146E-02
   722.9000       4.07323916E-02       4.08706043E-02       3.65875413E-02
   723.0000       4.07324355E-02       4.08705737E-02       3.65886649E-02
   723.1000       4.07324791E-02       4.08705552E-02       3.65897856E-02
   723.2000       4.07325225E-02       4.08705173E-02       3.65909034E-02
   723.3000       4.07325657E-02       4.08704998E-02       3.65920185E-02
   723.4000       4.07326086E-02       4.08704933E-02       3.65931309E-02
   723.5000       4.07326513E-02       4.08704436E-02       3.65942404E-02
   723.6000       4.07326937E-02       4.08704234E-02       3.65953472E-02
   723.7000       4.07327359E-02       4.08703986E-02       3.65964511E-02
   723.8000       4.07327778E-02       4.08703807E-02       3.65975521E-02
   723.9000       4.07328196E-02       4.08703466E-02       3.65986504E-02
   724.0000       4.07328610E-02       4.08703141E-02       3.65997457E-02
   724.1000       4.07329023E-02       4.08702797E-02       3.66008379E-02
   724.2000       4.07329433E-02       4.08702719E-02       3.66019271E-02
   724.3000       4.07329840E-02       4.08702445E-02       3.66030135E-02
   724.4000       4.07330246E-02       4.08702187E-02       3.66040970E-02
   724.5000       4.07330648E-02       4.08701951E-02       3.66051775E-02
   724.6000       4.07331049E-02       4.08701677E-02       3.66062551E-02
   724.7000       4.07331447E-02       4.08701369E-02       3.66073299E-02
   724.8000       4.07331843E-02       4.08701165E-02       3.66084019E-02
   724.9000       4.07332236E-02       4.08700878E-02       3.66094710E-02
   725.0000       4.07332627E-02       4.08700434E-02       3.66105372E-02
   725.1000       4.07333015E-02       4.08700235E-02       3.66116004E-02
   725.2000       4.07333402E-02       4.08699905E-02       3.66126607E-02
   725.3000       4.07333785E-02       4.08699869E-02       3.66137180E-02
   725.4000       4.07334167E-02       4.08699521E-02       3.66147723E-02
   725.5000       4.07334546E-02       4.08699385E-02       3.66158236E-02
   725.6000       4.07334922E-02       4.08699070E-02       3.66168717E-02
   725.7000       4.07335296E-02       4.08698685E-02       3.66179170E-02
   725.8000       4.07335668E-02       4.08698491E-02       3.66189592E-02
   725.9000       4.07336038E-02       4.08698091E-02       3.66199985E-02
   726.0000       4.07336405E-02       4.08697815E-02       3.66210346E-02
   726.1000       4.07336770E-02       4.08697626E-02       3.66220676E-02
   726.2000       4.07337132E-02       4.08697306E-02       3.66230978E-02
   726.3000       4.07337492E-02       4.08697128E-02       3.66241249E-02
   726.4000       4.07337849E-02       4.08696766E-02       3.66251488E-02
   726.5000       4.07338205E-02       4.08696514E-02       3.66261698E-02
   726.6000       4.07338558E-02       4.08696369E-02       3.66271876E-02
   726.7000       4.07338908E-02       4.08695986E-02       3.66282020E-02
   726.8000       4.07339256E-02       4.08695723E-02       3.66292133E-02
   726.9000       4.07339602E-02       4.08695584E-02       3.66302215E-02
   727.0000       4.07339945E-02       4.08695124E-02       3.66312263E-02
   727.1000       4.07340286E-02       4.08694803E-02       3.66322281E-02
   727.2000       4.07340625E-02       4.08694534E-02       3.66332269E-02
   727.3000       4.07340961E-02       4.08694310E-02       3.66342226E-02
   727.4000       4.07341295E-02       4.08693905E-02       3.66352153E-02
   727.5000       4.07341627E-02       4.08693628E-02       3.66362049E-02
   727.6000       4.07341956E-02       4.08693416E-02       3.66371914E-02
   727.7000       4.07342283E-02       4.08693101E-02       3.66381747E-02
   727.8000       4.07342607E-02       4.08692906E-02       3.66391548E-02
   727.9000       4.07342929E-02       4.08692606E-02       3.66401321E-02
   728.0000       4.07343249E-02       4.08692327E-02       3.66411063E-02
   728.1000       4.07343567E-02       4.08692017E-02       3.66420776E-02
   728.2000       4.07343882E-02       4.08691839E-02       3.66430458E-02
   728.3000       4.07344195E-02       4.08691517E-02       3.66440109E-02
   728.4000       4.07344506E-02       4.08691226E-02       3.66449730E-02
   728.5000       4.07344814E-02       4.08691053E-02       3.66459316E-02
   728.6000       4.07345120E-02       4.08690440E-02       3.66468871E-02
   728.7000       4.07345424E-02       4.08690407E-02       3.66478394E-02
   728.8000       4.07345725E-02       4.08690026E-02       3.66487883E-02
   728.9000       4.07346025E-02       4.08689653E-02       3.66497342E-02
   729.0000       4.07346322E-02       4.08689368E-02       3.66506767E-02
   729.1000       4.07346616E-02       4.08689274E-02       3.66516162E-02
   729.2000       4.07346908E-02       4.08688857E-02       3.66525526E-02
   729.3000       4.07347198E-02       4.08688387E-02       3.66534858E-02
   729.4000       4.07347486E-02       4.08688292E-02       3.66544160E-02
   729.5000       4.07347772E-02       4.08687999E-02       3.66553430E-02
   729.6000       4.07348055E-02       4.08687704E-02       3.66562665E-02
   729.7000       4.07348335E-02       4.08687368E-02       3.66571867E-02
   729.8000       4.07348614E-02       4.08687144E-02       3.66581039E-02
   729.9000       4.07348890E-02       4.08686827E-02       3.66590177E-02
   730.0000       4.07349164E-02       4.08686529E-02       3.66599282E-02
   730.1000       4.07349436E-02       4.08686159E-02       3.66608356E-02
   730.2000       4.07349705E-02       4.08685934E-02       3.66617396E-02
   730.3000       4.07349972E-02       4.08685538E-02       3.66626405E-02
   730.4000       4.07350237E-02       4.08685285E-02       3.66635381E-02
   730.5000       4.07350500E-02       4.08684928E-02       3.66644324E-02
   730.6000       4.07350761E-02       4.08684663E-02       3.66653231E-02
   730.7000       4.07351019E-02       4.08684425E-02       3.66662104E-02
   730.8000       4.07351275E-02       4.08684089E-02       3.66670946E-02
   730.9000       4.07351529E-02       4.08683937E-02       3.66679754E-02
   731.0000       4.07351781E-02       4.08683672E-02       3.66688528E-02
   731.1000       4.07352030E-02       4.08683266E-02       3.66697271E-02
   731.2000       4.07352277E-02       4.08683003E-02       3.66705982E-02
   731.3000       4.07352522E-02       4.08682688E-02       3.66714658E-02
   731.4000       4.07352765E-02       4.08682394E-02       3.66723301E-02
   731.5000       4.07353005E-02       4.08682043E-02       3.66731909E-02
   731.6000       4.07353243E-02       4.08681867E-02       3.66740485E-02
   731.7000       4.07353480E-02       4.08681414E-02       3.66749029E-02
   731.8000       4.07353714E-02       4.08681134E-02       3.66757540E-02
   731.9000       4.07353945E-02       4.08680897E-02       3.66766018E-02
   732.0000       4.07354175E-02       4.08680653E-02       3.66774463E-02
   732.1000       4.07354402E-02       4.08680306E-02       3.66782874E-02
   732.2000       4.07354627E-02       4.08679880E-02       3.66791252E-02
   732.3000       4.07354850E-02       4.08679609E-02       3.66799597E-02
   732.4000       4.07355071E-02       4.08679335E-02       3.66807910E-02
   732.5000       4.07355290E-02       4.08678984E-02       3.66816190E-02
   732.6000       4.07355507E-02       4.08678683E-02       3.66824437E-02
   732.7000       4.07355721E-02       4.08678470E-02       3.66832653E-02
   732.8000       4.07355934E-02       4.08678092E-02       3.66840838E-02
   732.9000       4.07356145E-02       4.08677855E-02       3.66848991E-02
   733.0000       4.07356353E-02       4.08677539E-02       3.66857111E-02
   733.1000       4.07356560E-02       4.08677242E-02       3.66865196E-02
   733.2000       4.07356764E-02       4.08676810E-02       3.66873251E-02
   733.3000       4.07356967E-02       4.08676604E-02       3.66881273E-02
   733.4000       4.07357167E-02       4.08676260E-02       3.66889261E-02
   733.5000       4.07357365E-02       4.08676067E-02       3.66897217E-02
   733.6000       4.07357562E-02       4.08675612E-02       3.66905139E-02
   733.7000       4.07357756E-02       4.08675454E-02       3.66913029E-02
   733.8000       4.07357948E-02       4.08674997E-02       3.66920885E-02
   733.9000       4.07358137E-02       4.08674591E-02       3.66928708E-02
   734.0000       4.07358325E-02       4.08674456E-02       3.66936496E-02
   734.1000       4.07358511E-02       4.08674077E-02       3.66944253E-02
   734.2000       4.07358695E-02       4.08673813E-02       3.66951977E-02
   734.3000       4.07358876E-02       4.08673430E-02       3.66959667E-02
   734.4000       4.07359056E-02       4.08673224E-02       3.66967326E-02
   734.5000       4.07359233E-02       4.08672930E-02       3.66974951E-02
   734.6000       4.07359409E-02       4.08672528E-02       3.66982543E-02
   734.7000       4.07359582E-02       4.08672217E-02       3.66990100E-02
   734.8000       4.07359753E-02       4.08671883E-02       3.66997624E-02
   734.9000       4.07359922E-02       4.08671585E-02       3.67005118E-02
   735.0000       4.07360089E-02       4.08671265E-02       3.67012578E-02
   735.1000       4.07360254E-02       4.08671073E-02       3.67020005E-02
   735.2000       4.07360416E-02       4.08670726E-02       3.67027400E-02
   735.3000       4.07360577E-02       4.08670370E-02       3.67034760E-02
   735.4000       4.07360736E-02       4.08670109E-02       3.67042087E-02
   735.5000       4.07360892E-02       4.08669765E-02       3.67049380E-02
   735.6000       4.07361047E-02       4.08669553E-02       3.67056638E-02
   735.7000       4.07361200E-02       4.08669121E-02       3.67063863E-02
   735.8000       4.07361350E-02       4.08668875E-02       3.67071054E-02
   735.9000       4.07361499E-02       4.08668419E-02       3.67078214E-02
   736.0000       4.07361646E-02       4.08667978E-02       3.67085341E-02
   736.1000       4.07361790E-02       4.08667868E-02       3.67092438E-02
   736.2000       4.07361933E-02       4.08667667E-02       3.67099503E-02
   736.3000       4.07362074E-02       4.08667115E-02       3.67106535E-02
   736.4000       4.07362213E-02       4.08666859E-02       3.67113534E-02
   736.5000       4.07362351E-02       4.08666389E-02       3.67120498E-02
   736.6000       4.07362486E-02       4.08666125E-02       3.67127430E-02
   736.7000       4.07362619E-02       4.08665759E-02       3.67134329E-02
   736.8000       4.07362751E-02       4.08665602E-02       3.67141194E-02
   736.9000       4.07362880E-02       4.08665366E-02       3.67148026E-02
   737.0000       4.07363008E-02       4.08664772E-02       3.67154823E-02
   737.1000       4.07363133E-02       4.08664780E-02       3.67161585E-02
   737.2000       4.07363257E-02       4.08664091E-02       3.67168315E-02
   737.3000       4.07363378E-02       4.08663982E-02       3.67175011E-02
   737.4000       4.07363498E-02       4.08663553E-02       3.67181672E-02
   737.5000       4.07363616E-02       4.08663112E-02       3.67188299E-02
   737.6000       4.07363732E-02       4.08663066E-02       3.67194892E-02
   737.7000       4.07363846E-02       4.08662669E-02       3.67201455E-02
   737.8000       4.07363958E-02       4.08662308E-02       3.67207986E-02
   737.9000       4.07364068E-02       4.08661970E-02       3.67214482E-02
   738.0000       4.07364177E-02       4.08661648E-02       3.67220944E-02
   738.1000       4.07364283E-02       4.08661401E-02       3.67227375E-02
   738.2000       4.07364388E-02       4.08661078E-02       3.67233771E-02
   738.3000       4.07364491E-02       4.08660691E-02       3.67240133E-02
   738.4000       4.07364592E-02       4.08660326E-02       3.67246462E-02
   738.5000       4.07364692E-02       4.08660095E-02       3.67252757E-02
   738.6000       4.07364790E-02       4.08659658E-02       3.67259018E-02
   738.7000       4.07364886E-02       4.08659343E-02       3.67265244E-02
   738.8000       4.07364980E-02       4.08658992E-02       3.67271436E-02
   738.9000       4.07365072E-02       4.08658657E-02       3.67277592E-02
   739.0000       4.07365162E-02       4.08658426E-02       3.67283712E-02
   739.1000       4.07365251E-02       4.08657956E-02       3.67289797E-02
   739.2000       4.07365337E-02       4.08657858E-02       3.67295848E-02
   739.3000       4.07365422E-02       4.08657411E-02       3.67301866E-02
   739.4000       4.07365505E-02       4.08657133E-02       3.67307853E-02
   739.5000       4.07365587E-02       4.08656674E-02       3.67313807E-02
   739.6000       4.07365667E-02       4.08656349E-02       3.67319727E-02
   739.7000       4.07365745E-02       4.08655995E-02       3.67325615E-02
   739.8000       4.07365821E-02       4.08655800E-02       3.67331470E-02
   739.9000       4.07365896E-02       4.08655396E-02       3.67337291E-02
   740.0000       4.07365969E-02       4.08655049E-02       3.67343080E-02
   740.1000       4.07366040E-02       4.08654823E-02       3.67348838E-02
   740.2000       4.07366110E-02       4.08654403E-02       3.67354563E-02
   740.3000       4.07366178E-02       4.08653972E-02       3.67360254E-02
   740.4000       4.07366245E-02       4.08653875E-02       3.67365914E-02
   740.5000       4.07366309E-02       4.08653317E-02       3.67371540E-02
   740.6000       4.07366372E-02       4.08653021E-02       3.67377136E-02
   740.7000       4.07366433E-02       4.08652789E-02       3.67382701E-02
   740.8000       4.07366493E-02       4.08652477E-02       3.67388233E-02
   740.9000       4.07366551E-02       4.08652111E-02       3.67393733E-02
   741.0000       4.07366607E-02       4.08651803E-02       3.67399200E-02
   741.1000       4.07366661E-02       4.08651360E-02       3.67404633E-02
   741.2000       4.07366713E-02       4.08651054E-02       3.67410031E-02
   741.3000       4.07366764E-02       4.08650753E-02       3.67415397E-02
   741.4000       4.07366813E-02       4.08650472E-02       3.67420732E-02
   741.5000       4.07366860E-02       4.08650076E-02       3.67426035E-02
   741.6000       4.07366905E-02       4.08649785E-02       3.67431305E-02
   741.7000       4.07366949E-02       4.08649358E-02       3.67436544E-02
   741.8000       4.07366991E-02       4.08649116E-02       3.67441753E-02
   741.9000       4.07367031E-02       4.08648695E-02       3.67446930E-02
   742.0000       4.07367070E-02       4.08648525E-02       3.67452072E-02
   742.1000       4.07367107E-02       4.08648252E-02       3.67457181E-02
   742.2000       4.07367142E-02       4.08647629E-02       3.67462260E-02
   742.3000       4.07367176E-02       4.08647533E-02       3.67467306E-02
   742.4000       4.07367208E-02       4.08646893E-02       3.67472319E-02
   742.5000       4.07367238E-02       4.08646692E-02       3.67477300E-02
   742.6000       4.07367266E-02       4.08646369E-02       3.67482249E-02
   742.7000       4.07367293E-02       4.08646122E-02       3.67487164E-02
   742.8000       4.07367318E-02       4.08645680E-02       3.67492044E-02
   742.9000       4.07367342E-02       4.08645500E-02       3.67496890E-02
   743.0000       4.07367363E-02       4.08644990E-02       3.67501705E-02
   743.1000       4.07367384E-02       4.08644646E-02       3.67506486E-02
   743.2000       4.07367402E-02       4.08644488E-02       3.67511236E-02
   743.3000       4.07367419E-02       4.08643973E-02       3.67515954E-02
   743.4000       4.07367434E-02       4.08643876E-02       3.67520637E-02
   743.5000       4.07367448E-02       4.08643300E-02       3.67525285E-02
   743.6000       4.07367460E-02       4.08642987E-02       3.67529900E-02
   743.7000       4.07367470E-02       4.08642667E-02       3.67534485E-02
   743.8000       4.07367479E-02       4.08642313E-02       3.67539039E-02
   743.9000       4.07367487E-02       4.08642009E-02       3.67543565E-02
   744.0000       4.07367492E-02       4.08641670E-02       3.67548060E-02
   744.1000       4.07367496E-02       4.08641261E-02       3.67552522E-02
   744.2000       4.07367499E-02       4.08640908E-02       3.67556951E-02
   744.3000       4.07367499E-02       4.08640591E-02       3.67561351E-02
   744.4000       4.07367499E-02       4.08640307E-02       3.67565717E-02
   744.5000       4.07367496E-02       4.08639916E-02       3.67570049E-02
   744.6000       4.07367492E-02       4.08639759E-02       3.67574349E-02
   744.7000       4.07367487E-02       4.08639229E-02       3.67578618E-02
   744.8000       4.07367479E-02       4.08639015E-02       3.67582855E-02
   744.9000       4.07367470E-02       4.08638519E-02       3.67587061E-02
   745.0000       4.07367460E-02       4.08638168E-02       3.67591235E-02
   745.1000       4.07367447E-02       4.08637996E-02       3.67595377E-02
   745.2000       4.07367433E-02       4.08637608E-02       3.67599486E-02
   745.3000       4.07367418E-02       4.08637112E-02       3.67603561E-02
   745.4000       4.07367401E-02       4.08636736E-02       3.67607602E-02
   745.5000       4.07367382E-02       4.08636443E-02       3.67611611E-02
   745.6000       4.07367362E-02       4.08636128E-02       3.67615590E-02
   745.7000       4.07367340E-02       4.08635857E-02       3.67619534E-02
   745.8000       4.07367316E-02       4.08635488E-02       3.67623449E-02
   745.9000       4.07367291E-02       4.08635145E-02       3.67627333E-02
   746.0000       4.07367264E-02       4.08634806E-02       3.67631186E-02
   746.1000       4.07367236E-02       4.08634513E-02       3.67635006E-02
   746.2000       4.07367206E-02       4.08634060E-02       3.67638793E-02
   746.3000       4.07367174E-02       4.08633878E-02       3.67642552E-02
   746.4000       4.07367141E-02       4.08633401E-02       3.67646280E-02
   746.5000       4.07367106E-02       4.08632997E-02       3.67649976E-02
   746.6000       4.07367070E-02       4.08632815E-02       3.67653643E-02
   746.7000       4.07367032E-02       4.08632251E-02       3.67657279E-02
   746.8000       4.07366992E-02       4.08631896E-02       3.67660888E-02
   746.9000       4.07366951E-02       4.08631686E-02       3.67664467E-02
   747.0000       4.07366909E-02       4.08631277E-02       3.67668015E-02
   747.1000       4.07366865E-02       4.08631018E-02       3.67671534E-02
   747.2000       4.07366819E-02       4.08630687E-02       3.67675021E-02
   747.3000       4.07366772E-02       4.08630272E-02       3.67678478E-02
   747.4000       4.07366723E-02       4.08630110E-02       3.67681904E-02
   747.5000       4.07366672E-02       4.08629587E-02       3.67685297E-02
   747.6000       4.07366621E-02       4.08629328E-02       3.67688660E-02
   747.7000       4.07366567E-02       4.08628877E-02       3.67691990E-02
   747.8000       4.07366512E-02       4.08628335E-02       3.67695289E-02
   747.9000       4.07366455E-02       4.08628126E-02       3.67698556E-02
   748.0000       4.07366397E-02       4.08627839E-02       3.67701789E-02
   748.1000       4.07366337E-02       4.08627306E-02       3.67704990E-02
   748.2000       4.07366276E-02       4.08627144E-02       3.67708158E-02
   748.3000       4.07366213E-02       4.08626638E-02       3.67711296E-02
   748.4000       4.07366149E-02       4.08626288E-02       3.67714405E-02
   748.5000       4.07366084E-02       4.08625935E-02       3.67717482E-02
   748.6000       4.07366017E-02       4.08625613E-02       3.67720529E-02
   748.7000       4.07365948E-02       4.08625425E-02       3.67723543E-02
   748.8000       4.07365878E-02       4.08624967E-02       3.67726528E-02
   748.9000       4.07365807E-02       4.08624527E-02       3.67729480E-02
   749.0000       4.07365734E-02       4.08624320E-02       3.67732404E-02
   749.1000       4.07365659E-02       4.08623932E-02       3.67735300E-02
   749.2000       4.07365583E-02       4.08623501E-02       3.67738167E-02
   749.3000       4.07365505E-02       4.08623211E-02       3.67741004E-02
   749.4000       4.07365426E-02       4.08622804E-02       3.67743809E-02
   749.5000       4.07365345E-02       4.08622614E-02       3.67746583E-02
   749.6000       4.07365263E-02       4.08622118E-02       3.67749328E-02
   749.7000       4.07365180E-02       4.08621691E-02       3.67752041E-02
   749.8000       4.07365095E-02       4.08621472E-02       3.67754723E-02
   749.9000       4.07365008E-02       4.08620942E-02       3.67757377E-02
   750.0000       4.07364920E-02       4.08620559E-02       3.67760003E-02
   750.1000       4.07364831E-02       4.08620203E-02       3.67762600E-02
   750.2000       4.07364740E-02       4.08619896E-02       3.67765168E-02
   750.3000       4.07364647E-02       4.08619659E-02       3.67767708E-02
   750.4000       4.07364554E-02       4.08619263E-02       3.67770216E-02
   750.5000       4.07364458E-02       4.08618856E-02       3.67772693E-02
   750.6000       4.07364361E-02       4.08618490E-02       3.67775142E-02
   750.7000       4.07364263E-02       4.08618145E-02       3.67777559E-02
   750.8000       4.07364163E-02       4.08617803E-02       3.67779945E-02
   750.9000       4.07364061E-02       4.08617507E-02       3.67782300E-02
   751.0000       4.07363959E-02       4.08617066E-02       3.67784627E-02
   751.1000       4.07363855E-02       4.08616684E-02       3.67786927E-02
   751.2000       4.07363749E-02       4.08616331E-02       3.67789198E-02
   751.3000       4.07363642E-02       4.08615899E-02       3.67791437E-02
   751.4000       4.07363534E-02       4.08615598E-02       3.67793647E-02
   751.5000       4.07363424E-02       4.08615267E-02       3.67795828E-02
   751.6000       4.07363312E-02       4.08614897E-02       3.67797980E-02
   751.7000       4.07363199E-02       4.08614377E-02       3.67800101E-02
   751.8000       4.07363085E-02       4.08614116E-02       3.67802193E-02
   751.9000       4.07362969E-02       4.08613778E-02       3.67804257E-02
   752.0000       4.07362852E-02       4.08613520E-02       3.67806291E-02
   752.1000       4.07362734E-02       4.08613128E-02       3.67808297E-02
   752.2000       4.07362614E-02       4.08612584E-02       3.67810277E-02
   752.3000       4.07362493E-02       4.08612236E-02       3.67812230E-02
   752.4000       4.07362370E-02       4.08611973E-02       3.67814153E-02
   752.5000       4.07362246E-02       4.08611582E-02       3.67816048E-02
   752.6000       4.07362120E-02       4.08611196E-02       3.67817915E-02
   752.7000       4.07361993E-02       4.08610900E-02       3.67819754E-02
   752.8000       4.07361865E-02       4.08610561E-02       3.67821562E-02
   752.9000       4.07361735E-02       4.08610120E-02       3.67823344E-02
   753.0000       4.07361603E-02       4.08609905E-02       3.67825097E-02
   753.1000       4.07361470E-02       4.08609454E-02       3.67826821E-02
   753.2000       4.07361336E-02       4.08609109E-02       3.67828515E-02
   753.3000       4.07361200E-02       4.08608590E-02       3.67830179E-02
   753.4000       4.07361062E-02       4.08608205E-02       3.67831813E-02
   753.5000       4.07360923E-02       4.08607900E-02       3.67833418E-02
   753.6000       4.07360783E-02       4.08607530E-02       3.67834993E-02
   753.7000       4.07360641E-02       4.08607249E-02       3.67836537E-02
   753.8000       4.07360498E-02       4.08606841E-02       3.67838053E-02
   753.9000       4.07360353E-02       4.08606424E-02       3.67839541E-02
   754.0000       4.07360207E-02       4.08606112E-02       3.67841000E-02
   754.1000       4.07360059E-02       4.08605701E-02       3.67842433E-02
   754.2000       4.07359910E-02       4.08605066E-02       3.67843840E-02
   754.3000       4.07359760E-02       4.08604862E-02       3.67845221E-02
   754.4000       4.07359608E-02       4.08604631E-02       3.67846574E-02
   754.5000       4.07359455E-02       4.08604138E-02       3.67847898E-02
   754.6000       4.07359301E-02       4.08603750E-02       3.67849195E-02
   754.7000       4.07359145E-02       4.08603397E-02       3.67850465E-02
   754.8000       4.07358988E-02       4.08603248E-02       3.67851711E-02
   754.9000       4.07358830E-02       4.08602731E-02       3.67852931E-02
   755.0000       4.07358670E-02       4.08602276E-02       3.67854124E-02
   755.1000       4.07358509E-02       4.08602052E-02       3.67855287E-02
   755.2000       4.07358346E-02       4.08601547E-02       3.67856422E-02
   755.3000       4.07358182E-02       4.08601065E-02       3.67857528E-02
   755.4000       4.07358017E-02       4.08600675E-02       3.67858607E-02
   755.5000       4.07357850E-02       4.08600342E-02       3.67859661E-02
   755.6000       4.07357683E-02       4.08600197E-02       3.67860685E-02
   755.7000       4.07357513E-02       4.08599686E-02       3.67861679E-02
   755.8000       4.07357342E-02       4.08599309E-02       3.67862644E-02
   755.9000       4.07357170E-02       4.08598871E-02       3.67863578E-02
   756.0000       4.07356997E-02       4.08598629E-02       3.67864485E-02
   756.1000       4.07356822E-02       4.08598164E-02       3.67865366E-02
   756.2000       4.07356646E-02       4.08597706E-02       3.67866220E-02
   756.3000       4.07356469E-02       4.08597312E-02       3.67867050E-02
   756.4000       4.07356290E-02       4.08597024E-02       3.67867856E-02
   756.5000       4.07356110E-02       4.08596652E-02       3.67868636E-02
   756.6000       4.07355928E-02       4.08596191E-02       3.67869388E-02
   756.7000       4.07355746E-02       4.08595943E-02       3.67870113E-02
   756.8000       4.07355561E-02       4.08595385E-02       3.67870812E-02
   756.9000       4.07355376E-02       4.08595141E-02       3.67871481E-02
   757.0000       4.07355189E-02       4.08594687E-02       3.67872126E-02
   757.1000       4.07355001E-02       4.08594224E-02       3.67872743E-02
   757.2000       4.07354812E-02       4.08593998E-02       3.67873334E-02
   757.3000       4.07354621E-02       4.08593549E-02       3.67873898E-02
   757.4000       4.07354429E-02       4.08593167E-02       3.67874434E-02
   757.5000       4.07354235E-02       4.08592703E-02       3.67874943E-02
   757.6000       4.07354040E-02       4.08592302E-02       3.67875424E-02
   757.7000       4.07353844E-02       4.08592069E-02       3.67875879E-02
   757.8000       4.07353647E-02       4.08591520E-02       3.67876306E-02
   757.9000       4.07353448E-02       4.08591237E-02       3.67876708E-02
   758.0000       4.07353248E-02       4.08590714E-02       3.67877084E-02
   758.1000       4.07353046E-02       4.08590481E-02       3.67877434E-02
   758.2000       4.07352843E-02       4.08589916E-02       3.67877761E-02
   758.3000       4.07352639E-02       4.08589574E-02       3.67878059E-02
   758.4000       4.07352434E-02       4.08589082E-02       3.67878334E-02
   758.5000       4.07352228E-02       4.08588809E-02       3.67878582E-02
   758.6000       4.07352020E-02       4.08588378E-02       3.67878804E-02
   758.7000       4.07351811E-02       4.08588095E-02       3.67879002E-02
   758.8000       4.07351601E-02       4.08587675E-02       3.67879173E-02
   758.9000       4.07351389E-02       4.08587328E-02       3.67879318E-02
   759.0000       4.07351176E-02       4.08586973E-02       3.67879436E-02
   759.1000       4.07350962E-02       4.08586476E-02       3.67879526E-02
   759.2000       4.07350747E-02       4.08586111E-02       3.67879590E-02
   759.3000       4.07350530E-02       4.08585695E-02       3.67879630E-02
   759.4000       4.07350312E-02       4.08585405E-02       3.67879644E-02
   759.5000       4.07350093E-02       4.08584773E-02       3.67879632E-02
   759.6000       4.07349873E-02       4.08584417E-02       3.67879595E-02
   759.7000       4.07349651E-02       4.08584031E-02       3.67879533E-02
   759.8000       4.07349429E-02       4.08583737E-02       3.67879446E-02
   759.9000       4.07349205E-02       4.08583354E-02       3.67879337E-02
   760.0000       4.07348979E-02       4.08583004E-02       3.67879200E-02
   760.1000       4.07348753E-02       4.08582638E-02       3.67879037E-02
   760.2000       4.07348525E-02       4.08582146E-02       3.67878850E-02
   760.3000       4.07348296E-02       4.08581734E-02       3.67878636E-02
   760.4000       4.07348066E-02       4.08581401E-02       3.67878397E-02
   760.5000       4.07347835E-02       4.08580900E-02       3.67878134E-02
   760.6000       4.07347602E-02       4.08580496E-02       3.67877846E-02
   760.7000       4.07347368E-02       4.08580143E-02       3.67877534E-02
   760.8000       4.07347134E-02       4.08579581E-02       3.67877198E-02
   760.9000       4.07346898E-02       4.08579349E-02       3.67876840E-02
   761.0000       4.07346660E-02       4.08578812E-02       3.67876455E-02
   761.1000       4.07346422E-02       4.08578475E-02       3.67876046E-02
   761.2000       4.07346182E-02       4.08578162E-02       3.67875612E-02
   761.3000       4.07345941E-02       4.08577745E-02       3.67875152E-02
   761.4000       4.07345699E-02       4.08577311E-02       3.67874666E-02
   761.5000       4.07345456E-02       4.08577047E-02       3.67874155E-02
   761.6000       4.07345211E-02       4.08576534E-02       3.67873620E-02
   761.7000       4.07344965E-02       4.08576135E-02       3.67873060E-02
   761.8000       4.07344718E-02       4.08575752E-02       3.67872476E-02
   761.9000       4.07344470E-02       4.08575285E-02       3.67871868E-02
   762.0000       4.07344221E-02       4.08574846E-02       3.67871234E-02
   762.1000       4.07343970E-02       4.08574302E-02       3.67870577E-02
   762.2000       4.07343718E-02       4.08574069E-02       3.67869894E-02
   762.3000       4.07343465E-02       4.08573721E-02       3.67869186E-02
   762.4000       4.07343210E-02       4.08573295E-02       3.67868455E-02
   762.5000       4.07342955E-02       4.08572796E-02       3.67867701E-02
   762.6000       4.07342698E-02       4.08572499E-02       3.67866923E-02
   762.7000       4.07342440E-02       4.08571910E-02       3.67866120E-02
   762.8000       4.07342180E-02       4.08571628E-02       3.67865296E-02
   762.9000       4.07341920E-02       4.08571149E-02       3.67864448E-02
   763.0000       4.07341658E-02       4.08570784E-02       3.67863578E-02
   763.1000       4.07341394E-02       4.08570389E-02       3.67862686E-02
   763.2000       4.07341130E-02       4.08570045E-02       3.67861770E-02
   763.3000       4.07340865E-02       4.08569583E-02       3.67860828E-02
   763.4000       4.07340598E-02       4.08569149E-02       3.67859865E-02
   763.5000       4.07340330E-02       4.08568817E-02       3.67858879E-02
   763.6000       4.07340061E-02       4.08568509E-02       3.67857868E-02
   763.7000       4.07339790E-02       4.08567828E-02       3.67856833E-02
   763.8000       4.07339519E-02       4.08567507E-02       3.67855776E-02
   763.9000       4.07339246E-02       4.08567099E-02       3.67854696E-02
   764.0000       4.07338972E-02       4.08566542E-02       3.67853594E-02
   764.1000       4.07338697E-02       4.08566286E-02       3.67852472E-02
   764.2000       4.07338421E-02       4.08565854E-02       3.67851329E-02
   764.3000       4.07338144E-02       4.08565579E-02       3.67850164E-02
   764.4000       4.07337866E-02       4.08564963E-02       3.67848974E-02
   764.5000       4.07337586E-02       4.08564658E-02       3.67847762E-02
   764.6000       4.07337305E-02       4.08564146E-02       3.67846526E-02
   764.7000       4.07337023E-02       4.08563829E-02       3.67845270E-02
   764.8000       4.07336740E-02       4.08563280E-02       3.67843991E-02
   764.9000       4.07336455E-02       4.08562835E-02       3.67842692E-02
   765.0000       4.07336170E-02       4.08562420E-02       3.67841369E-02
   765.1000       4.07335883E-02       4.08562121E-02       3.67840025E-02
   765.2000       4.07335595E-02       4.08561777E-02       3.67838659E-02
   765.3000       4.07335306E-02       4.08561216E-02       3.67837268E-02
   765.4000       4.07335016E-02       4.08560840E-02       3.67835854E-02
   765.5000       4.07334724E-02       4.08560247E-02       3.67834417E-02
   765.6000       4.07334431E-02       4.08559940E-02       3.67832959E-02
   765.7000       4.07334137E-02       4.08559606E-02       3.67831478E-02
   765.8000       4.07333842E-02       4.08559142E-02       3.67829973E-02
   765.9000       4.07333546E-02       4.08558503E-02       3.67828446E-02
   766.0000       4.07333249E-02       4.08558292E-02       3.67826898E-02
   766.1000       4.07332951E-02       4.08557785E-02       3.67825329E-02
   766.2000       4.07332651E-02       4.08557430E-02       3.67823736E-02
   766.3000       4.07332351E-02       4.08556888E-02       3.67822120E-02
   766.4000       4.07332049E-02       4.08556525E-02       3.67820480E-02
   766.5000       4.07331746E-02       4.08556006E-02       3.67818820E-02
   766.6000       4.07331442E-02       4.08555835E-02       3.67817137E-02
   766.7000       4.07331137E-02       4.08555199E-02       3.67815432E-02
   766.8000       4.07330830E-02       4.08554812E-02       3.67813707E-02
   766.9000       4.07330523E-02       4.08554451E-02       3.67811960E-02
   767.0000       4.07330214E-02       4.08553965E-02       3.67810193E-02
   767.1000       4.07329904E-02       4.08553628E-02       3.67808403E-02
   767.2000       4.07329593E-02       4.08553024E-02       3.67806592E-02
   767.3000       4.07329281E-02       4.08552567E-02       3.67804757E-02
   767.4000       4.07328968E-02       4.08552230E-02       3.67802903E-02
   767.5000       4.07328653E-02       4.08551772E-02       3.67801028E-02
   767.6000       4.07328338E-02       4.08551309E-02       3.67799131E-02
   767.7000       4.07328021E-02       4.08550984E-02       3.67797214E-02
   767.8000       4.07327703E-02       4.08550505E-02       3.67795276E-02
   767.9000       4.07327385E-02       4.08549979E-02       3.67793314E-02
   768.0000       4.07327065E-02       4.08549458E-02       3.67791333E-02
   768.1000       4.07326744E-02       4.08549070E-02       3.67789334E-02
   768.2000       4.07326422E-02       4.08548799E-02       3.67787316E-02
   768.3000       4.07326099E-02       4.08548247E-02       3.67785277E-02
   768.4000       4.07325775E-02       4.08547750E-02       3.67783217E-02
   768.5000       4.07325450E-02       4.08547336E-02       3.67781135E-02
   768.6000       4.07325123E-02       4.08547024E-02       3.67779033E-02
   768.7000       4.07324796E-02       4.08546505E-02       3.67776912E-02
   768.8000       4.07324467E-02       4.08546029E-02       3.67774774E-02
   768.9000       4.07324138E-02       4.08545663E-02       3.67772615E-02
   769.0000       4.07323807E-02       4.08545190E-02       3.67770439E-02
   769.1000       4.07323475E-02       4.08544701E-02       3.67768247E-02
   769.2000       4.07323142E-02       4.08544235E-02       3.67766036E-02
   769.3000       4.07322808E-02       4.08543867E-02       3.67763805E-02
   769.4000       4.07322473E-02       4.08543374E-02       3.67761553E-02
   769.5000       4.07322137E-02       4.08542935E-02       3.67759279E-02
   769.6000       4.07321799E-02       4.08542562E-02       3.67756989E-02
   769.7000       4.07321461E-02       4.08542049E-02       3.67754679E-02
   769.8000       4.07321121E-02       4.08541607E-02       3.67752351E-02
   769.9000       4.07320781E-02       4.08541174E-02       3.67750002E-02
   770.0000       4.07320439E-02       4.08540770E-02       3.67747636E-02
   770.1000       4.07320096E-02       4.08540287E-02       3.67745249E-02
   770.2000       4.07319752E-02       4.08539658E-02       3.67742841E-02
   770.3000       4.07319407E-02       4.08539412E-02       3.67740414E-02
   770.4000       4.07319061E-02       4.08538882E-02       3.67737970E-02
   770.5000       4.07318714E-02       4.08538351E-02       3.67735507E-02
   770.6000       4.07318366E-02       4.08538026E-02       3.67733027E-02
   770.7000       4.07318016E-02       4.08537627E-02       3.67730524E-02
   770.8000       4.07317666E-02       4.08537125E-02       3.67728001E-02
   770.9000       4.07317314E-02       4.08536708E-02       3.67725462E-02
   771.0000       4.07316962E-02       4.08536176E-02       3.67722905E-02
   771.1000       4.07316608E-02       4.08535677E-02       3.67720328E-02
   771.2000       4.07316254E-02       4.08535238E-02       3.67717731E-02
   771.3000       4.07315898E-02       4.08534846E-02       3.67715115E-02
   771.4000       4.07315541E-02       4.08534273E-02       3.67712477E-02
   771.5000       4.07315183E-02       4.08534051E-02       3.67709821E-02
   771.6000       4.07314824E-02       4.08533401E-02       3.67707142E-02
   771.7000       4.07314464E-02       4.08533161E-02       3.67704441E-02
   771.8000       4.07314102E-02       4.08532621E-02       3.67701722E-02
   771.9000       4.07313740E-02       4.08532199E-02       3.67698981E-02
   772.0000       4.07313377E-02       4.08531566E-02       3.67696220E-02
   772.1000       4.07313012E-02       4.08531244E-02       3.67693440E-02
   772.2000       4.07312646E-02       4.08530681E-02       3.67690640E-02
   772.3000       4.07312280E-02       4.08530267E-02       3.67687822E-02
   772.4000       4.07311912E-02       4.08529833E-02       3.67684989E-02
   772.5000       4.07311544E-02       4.08529484E-02       3.67682139E-02
   772.6000       4.07311174E-02       4.08528893E-02       3.67679269E-02
   772.7000       4.07310803E-02       4.08528434E-02       3.67676379E-02
   772.8000       4.07310432E-02       4.08527998E-02       3.67673472E-02
   772.9000       4.07310059E-02       4.08527526E-02       3.67670549E-02
   773.0000       4.07309685E-02       4.08526985E-02       3.67667610E-02
   773.1000       4.07309311E-02       4.08526594E-02       3.67664655E-02
   773.2000       4.07308935E-02       4.08526060E-02       3.67661683E-02
   773.3000       4.07308559E-02       4.08525688E-02       3.67658695E-02
   773.4000       4.07308181E-02       4.08525203E-02       3.67655689E-02
   773.5000       4.07307802E-02       4.08524617E-02       3.67652667E-02
   773.6000       4.07307423E-02       4.08524101E-02       3.67649627E-02
   773.7000       4.07307042E-02       4.08523812E-02       3.67646568E-02
   773.8000       4.07306660E-02       4.08523148E-02       3.67643492E-02
   773.9000       4.07306278E-02       4.08522645E-02       3.67640397E-02
   774.0000       4.07305894E-02       4.08522327E-02       3.67637283E-02
   774.1000       4.07305509E-02       4.08521848E-02       3.67634151E-02
   774.2000       4.07305124E-02       4.08521336E-02       3.67631001E-02
   774.3000       4.07304737E-02       4.08520856E-02       3.67627832E-02
   774.4000       4.07304350E-02       4.08520459E-02       3.67624646E-02
   774.5000       4.07303961E-02       4.08519945E-02       3.67621443E-02
   774.6000       4.07303572E-02       4.08519394E-02       3.67618222E-02
   774.7000       4.07303181E-02       4.08518950E-02       3.67614982E-02
   774.8000       4.07302790E-02       4.08518491E-02       3.67611725E-02
   774.9000       4.07302398E-02       4.08517997E-02       3.67608451E-02
   775.0000       4.07302005E-02       4.08517529E-02       3.67605163E-02
   775.1000       4.07301611E-02       4.08517116E-02       3.67601859E-02
   775.2000       4.07301216E-02       4.08516586E-02       3.67598539E-02
   775.3000       4.07300820E-02       4.08516174E-02       3.67595201E-02
   775.4000       4.07300424E-02       4.08515678E-02       3.67591846E-02
   775.5000       4.07300026E-02       4.08515251E-02       3.67588476E-02
   775.6000       4.07299628E-02       4.08514759E-02       3.67585089E-02
   775.7000       4.07299229E-02       4.08514276E-02       3.67581685E-02
   775.8000       4.07298828E-02       4.08513612E-02       3.67578267E-02
   775.9000       4.07298427E-02       4.08513221E-02       3.67574831E-02
   776.0000       4.07298025E-02       4.08512791E-02       3.67571377E-02
   776.1000       4.07297622E-02       4.08512262E-02       3.67567907E-02
   776.2000       4.07297219E-02       4.08511698E-02       3.67564420E-02
   776.3000       4.07296814E-02       4.08511159E-02       3.67560914E-02
   776.4000       4.07296408E-02       4.08510822E-02       3.67557391E-02
   776.5000       4.07296001E-02       4.08510213E-02       3.67553852E-02
   776.6000       4.07295593E-02       4.08509818E-02       3.67550298E-02
   776.7000       4.07295185E-02       4.08509303E-02       3.67546729E-02
   776.8000       4.07294775E-02       4.08508843E-02       3.67543144E-02
   776.9000       4.07294364E-02       4.08508397E-02       3.67539544E-02
   777.0000       4.07293953E-02       4.08507687E-02       3.67535930E-02
   777.1000       4.07293541E-02       4.08507209E-02       3.67532301E-02
   777.2000       4.07293127E-02       4.08506975E-02       3.67528657E-02
   777.3000       4.07292713E-02       4.08506283E-02       3.67524996E-02
   777.4000       4.07292298E-02       4.08505736E-02       3.67521319E-02
   777.5000       4.07291882E-02       4.08505461E-02       3.67517629E-02
   777.6000       4.07291465E-02       4.08504935E-02       3.67513923E-02
   777.7000       4.07291047E-02       4.08504364E-02       3.67510201E-02
   777.8000       4.07290628E-02       4.08503766E-02       3.67506465E-02
   777.9000       4.07290209E-02       4.08503490E-02       3.67502709E-02
   778.0000       4.07289788E-02       4.08502980E-02       3.67498937E-02
   778.1000       4.07289366E-02       4.08502494E-02       3.67495151E-02
   778.2000       4.07288944E-02       4.08502024E-02       3.67491350E-02
   778.3000       4.07288520E-02       4.08501426E-02       3.67487534E-02
   778.4000       4.07288096E-02       4.08500927E-02       3.67483704E-02
   778.5000       4.07287670E-02       4.08500326E-02       3.67479859E-02
   778.6000       4.07287244E-02       4.08499994E-02       3.67475998E-02
   778.7000       4.07286817E-02       4.08499509E-02       3.67472121E-02
   778.8000       4.07286389E-02       4.08498945E-02       3.67468228E-02
   778.9000       4.07285960E-02       4.08498449E-02       3.67464320E-02
   779.0000       4.07285531E-02       4.08497988E-02       3.67460396E-02
   779.1000       4.07285100E-02       4.08497448E-02       3.67456456E-02
   779.2000       4.07284669E-02       4.08496882E-02       3.67452502E-02
   779.3000       4.07284237E-02       4.08496467E-02       3.67448535E-02
   779.4000       4.07283804E-02       4.08495970E-02       3.67444553E-02
   779.5000       4.07283370E-02       4.08495347E-02       3.67440557E-02
   779.6000       4.07282935E-02       4.08494849E-02       3.67436547E-02
   779.7000       4.07282500E-02       4.08494296E-02       3.67432525E-02
   779.8000       4.07282063E-02       4.08493750E-02       3.67428487E-02
   779.9000       4.07281626E-02       4.08493473E-02       3.67424435E-02
   780.0000       4.07281188E-02       4.08492876E-02       3.67420368E-02
   780.1000       4.07280749E-02       4.08492322E-02       3.67416287E-02
   780.2000       4.07280309E-02       4.08491966E-02       3.67412194E-02
   780.3000       4.07279869E-02       4.08491295E-02       3.67408086E-02
   780.4000       4.07279427E-02       4.08490965E-02       3.67403964E-02
   780.5000       4.07278984E-02       4.08490275E-02       3.67399828E-02
   780.6000       4.07278541E-02       4.08489860E-02       3.67395679E-02
   780.7000       4.07278097E-02       4.08489340E-02       3.67391514E-02
   780.8000       4.07277652E-02       4.08488731E-02       3.67387336E-02
   780.9000       4.07277206E-02       4.08488252E-02       3.67383144E-02
   781.0000       4.07276759E-02       4.08487806E-02       3.67378939E-02
   781.1000       4.07276311E-02       4.08487149E-02       3.67374718E-02
   781.2000       4.07275863E-02       4.08486642E-02       3.67370484E-02
   781.3000       4.07275414E-02       4.08486237E-02       3.67366236E-02
   781.4000       4.07274964E-02       4.08485652E-02       3.67361974E-02
   781.5000       4.07274513E-02       4.08485104E-02       3.67357700E-02
   781.6000       4.07274062E-02       4.08484601E-02       3.67353413E-02
   781.7000       4.07273609E-02       4.08484242E-02       3.67349112E-02
   781.8000       4.07273156E-02       4.08483622E-02       3.67344796E-02
   781.9000       4.07272702E-02       4.08483028E-02       3.67340465E-02
   782.0000       4.07272247E-02       4.08482622E-02       3.67336120E-02
   782.1000       4.07271792E-02       4.08482039E-02       3.67331761E-02
   782.2000       4.07271336E-02       4.08481462E-02       3.67327388E-02
   782.3000       4.07270878E-02       4.08480848E-02       3.67323004E-02
   782.4000       4.07270420E-02       4.08480510E-02       3.67318605E-02
   782.5000       4.07269962E-02       4.08479988E-02       3.67314195E-02
   782.6000       4.07269502E-02       4.08479401E-02       3.67309771E-02
   782.7000       4.07269042E-02       4.08478880E-02       3.67305333E-02
   782.8000       4.07268581E-02       4.08478308E-02       3.67300879E-02
   782.9000       4.07268118E-02       4.08477862E-02       3.67296412E-02
   783.0000       4.07267656E-02       4.08477252E-02       3.67291929E-02
   783.1000       4.07267192E-02       4.08476692E-02       3.67287434E-02
   783.2000       4.07266728E-02       4.08476246E-02       3.67282925E-02
   783.3000       4.07266262E-02       4.08475670E-02       3.67278404E-02
   783.4000       4.07265796E-02       4.08475237E-02       3.67273871E-02
   783.5000       4.07265330E-02       4.08474753E-02       3.67269326E-02
   783.6000       4.07264862E-02       4.08474052E-02       3.67264768E-02
   783.7000       4.07264394E-02       4.08473522E-02       3.67260197E-02
   783.8000       4.07263924E-02       4.08472950E-02       3.67255613E-02
   783.9000       4.07263454E-02       4.08472536E-02       3.67251017E-02
   784.0000       4.07262984E-02       4.08471978E-02       3.67246408E-02
   784.1000       4.07262512E-02       4.08471427E-02       3.67241787E-02
   784.2000       4.07262040E-02       4.08470843E-02       3.67237155E-02
   784.3000       4.07261567E-02       4.08470310E-02       3.67232509E-02
   784.4000       4.07261093E-02       4.08469998E-02       3.67227851E-02
   784.5000       4.07260618E-02       4.08469449E-02       3.67223183E-02
   784.6000       4.07260143E-02       4.08468829E-02       3.67218504E-02
   784.7000       4.07259667E-02       4.08468360E-02       3.67213812E-02
   784.8000       4.07259190E-02       4.08467667E-02       3.67209109E-02
   784.9000       4.07258713E-02       4.08467160E-02       3.67204396E-02
   785.0000       4.07258234E-02       4.08466604E-02       3.67199672E-02
   785.1000       4.07257756E-02       4.08466130E-02       3.67194937E-02
   785.2000       4.07257276E-02       4.08465574E-02       3.67190190E-02
   785.3000       4.07256796E-02       4.08464993E-02       3.67185433E-02
   785.4000       4.07256315E-02       4.08464550E-02       3.67180662E-02
   785.5000       4.07255833E-02       4.08463955E-02       3.67175878E-02
   785.6000       4.07255351E-02       4.08463426E-02       3.67171081E-02
   785.7000       4.07254868E-02       4.08462827E-02       3.67166271E-02
   785.8000       4.07254384E-02       4.08462395E-02       3.67161449E-02
   785.9000       4.07253899E-02       4.08461675E-02       3.67156614E-02
   786.0000       4.07253413E-02       4.08461179E-02       3.67151766E-02
   786.1000       4.07252927E-02       4.08460586E-02       3.67146909E-02
   786.2000       4.07252440E-02       4.08460173E-02       3.67142043E-02
   786.3000       4.07251952E-02       4.08459582E-02       3.67137167E-02
   786.4000       4.07251463E-02       4.08459140E-02       3.67132281E-02
   786.5000       4.07250974E-02       4.08458492E-02       3.67127383E-02
   786.6000       4.07250484E-02       4.08457880E-02       3.67122472E-02
   786.7000       4.07249993E-02       4.08457324E-02       3.67117551E-02
   786.8000       4.07249501E-02       4.08456802E-02       3.67112619E-02
   786.9000       4.07249009E-02       4.08456249E-02       3.67107678E-02
   787.0000       4.07248516E-02       4.08455625E-02       3.67102726E-02
   787.1000       4.07248022E-02       4.08455132E-02       3.67097763E-02
   787.2000       4.07247528E-02       4.08454635E-02       3.67092788E-02
   787.3000       4.07247033E-02       4.08453933E-02       3.67087803E-02
   787.4000       4.07246537E-02       4.08453283E-02       3.67082808E-02
   787.5000       4.07246040E-02       4.08452892E-02       3.67077800E-02
   787.6000       4.07245543E-02       4.08452249E-02       3.67072783E-02
   787.7000       4.07245045E-02       4.08451865E-02       3.67067754E-02
   787.8000       4.07244546E-02       4.08451214E-02       3.67062716E-02
   787.9000       4.07244047E-02       4.08450738E-02       3.67057668E-02
   788.0000       4.07243547E-02       4.08450052E-02       3.67052606E-02
   788.1000       4.07243046E-02       4.08449661E-02       3.67047533E-02
   788.2000       4.07242544E-02       4.08449054E-02       3.67042449E-02
   788.3000       4.07242042E-02       4.08448416E-02       3.67037354E-02
   788.4000       4.07241539E-02       4.08447859E-02       3.67032246E-02
   788.5000       4.07241035E-02       4.08447334E-02       3.67027127E-02
   788.6000       4.07240531E-02       4.08446789E-02       3.67021998E-02
   788.7000       4.07240025E-02       4.08446245E-02       3.67016859E-02
   788.8000       4.07239519E-02       4.08445651E-02       3.67011713E-02
   788.9000       4.07239013E-02       4.08445119E-02       3.67006557E-02
   789.0000       4.07238505E-02       4.08444447E-02       3.67001391E-02
   789.1000       4.07237997E-02       4.08443888E-02       3.66996215E-02
   789.2000       4.07237488E-02       4.08443409E-02       3.66991029E-02
   789.3000       4.07236978E-02       4.08442933E-02       3.66985833E-02
   789.4000       4.07236468E-02       4.08442097E-02       3.66980625E-02
   789.5000       4.07235957E-02       4.08441651E-02       3.66975409E-02
   789.6000       4.07235446E-02       4.08441109E-02       3.66970182E-02
   789.7000       4.07234934E-02       4.08440549E-02       3.66964945E-02
   789.8000       4.07234421E-02       4.08439929E-02       3.66959699E-02
   789.9000       4.07233908E-02       4.08439270E-02       3.66954443E-02
   790.0000       4.07233394E-02       4.08438783E-02       3.66949180E-02
   790.1000       4.07232880E-02       4.08438147E-02       3.66943906E-02
   790.2000       4.07232364E-02       4.08437739E-02       3.66938624E-02
   790.3000       4.07231849E-02       4.08437011E-02       3.66933337E-02
   790.4000       4.07231332E-02       4.08436593E-02       3.66928039E-02
   790.5000       4.07230815E-02       4.08435932E-02       3.66922732E-02
   790.6000       4.07230297E-02       4.08435193E-02       3.66917413E-02
   790.7000       4.07229778E-02       4.08434826E-02       3.66912086E-02
   790.8000       4.07229258E-02       4.08434225E-02       3.66906748E-02
   790.9000       4.07228738E-02       4.08433574E-02       3.66901400E-02
   791.0000       4.07228218E-02       4.08433028E-02       3.66896044E-02
   791.1000       4.07227696E-02       4.08432438E-02       3.66890679E-02
   791.2000       4.07227174E-02       4.08431907E-02       3.66885304E-02
   791.3000       4.07226651E-02       4.08431242E-02       3.66879920E-02
   791.4000       4.07226128E-02       4.08430732E-02       3.66874527E-02
   791.5000       4.07225603E-02       4.08430188E-02       3.66869125E-02
   791.6000       4.07225079E-02       4.08429546E-02       3.66863713E-02
   791.7000       4.07224553E-02       4.08428898E-02       3.66858291E-02
   791.8000       4.07224027E-02       4.08428425E-02       3.66852861E-02
   791.9000       4.07223500E-02       4.08427730E-02       3.66847423E-02
   792.0000       4.07222972E-02       4.08427244E-02       3.66841976E-02
   792.1000       4.07222444E-02       4.08426561E-02       3.66836518E-02
   792.2000       4.07221916E-02       4.08425976E-02       3.66831050E-02
   792.3000       4.07221387E-02       4.08425487E-02       3.66825569E-02
   792.4000       4.07220857E-02       4.08424753E-02       3.66820081E-02
   792.5000       4.07220326E-02       4.08424240E-02       3.66814583E-02
   792.6000       4.07219795E-02       4.08423659E-02       3.66809076E-02
   792.7000       4.07219264E-02       4.08423168E-02       3.66803560E-02
   792.8000       4.07218732E-02       4.08422421E-02       3.66798036E-02
   792.9000       4.07218199E-02       4.08421933E-02       3.66792504E-02
   793.0000       4.07217666E-02       4.08421256E-02       3.66786962E-02
   793.1000       4.07217132E-02       4.08420732E-02       3.66781411E-02
   793.2000       4.07216598E-02       4.08420048E-02       3.66775855E-02
   793.3000       4.07216062E-02       4.08419657E-02       3.66770292E-02
   793.4000       4.07215527E-02       4.08419029E-02       3.66764721E-02
   793.5000       4.07214991E-02       4.08418280E-02       3.66759137E-02
   793.6000       4.07214454E-02       4.08417754E-02       3.66753546E-02
   793.7000       4.07213916E-02       4.08417251E-02       3.66747944E-02
   793.8000       4.07213378E-02       4.08416652E-02       3.66742335E-02
   793.9000       4.07212839E-02       4.08415937E-02       3.66736717E-02
   794.0000       4.07212300E-02       4.08415409E-02       3.66731092E-02
   794.1000       4.07211760E-02       4.08414833E-02       3.66725462E-02
   794.2000       4.07211220E-02       4.08414155E-02       3.66719825E-02
   794.3000       4.07210679E-02       4.08413513E-02       3.66714179E-02
   794.4000       4.07210137E-02       4.08412784E-02       3.66708524E-02
   794.5000       4.07209595E-02       4.08412542E-02       3.66702859E-02
   794.6000       4.07209052E-02       4.08411837E-02       3.66697185E-02
   794.7000       4.07208508E-02       4.08411206E-02       3.66691502E-02
   794.8000       4.07207964E-02       4.08410468E-02       3.66685808E-02
   794.9000       4.07207419E-02       4.08410050E-02       3.66680106E-02
   795.0000       4.07206873E-02       4.08409377E-02       3.66674395E-02
   795.1000       4.07206327E-02       4.08408783E-02       3.66668676E-02
   795.2000       4.07205781E-02       4.08408151E-02       3.66662950E-02
   795.3000       4.07205233E-02       4.08407755E-02       3.66657218E-02
   795.4000       4.07204685E-02       4.08406911E-02       3.66651476E-02
   795.5000       4.07204137E-02       4.08406330E-02       3.66645726E-02
   795.6000       4.07203588E-02       4.08405766E-02       3.66639969E-02
   795.7000       4.07203038E-02       4.08405162E-02       3.66634203E-02
   795.8000       4.07202488E-02       4.08404552E-02       3.66628430E-02
   795.9000       4.07201937E-02       4.08403885E-02       3.66622650E-02
   796.0000       4.07201386E-02       4.08403303E-02       3.66616866E-02
   796.1000       4.07200834E-02       4.08402569E-02       3.66611072E-02
   796.2000       4.07200281E-02       4.08402119E-02       3.66605269E-02
   796.3000       4.07199728E-02       4.08401420E-02       3.66599457E-02
   796.4000       4.07199174E-02       4.08400869E-02       3.66593638E-02
   796.5000       4.07198619E-02       4.08400147E-02       3.66587810E-02
   796.6000       4.07198064E-02       4.08399603E-02       3.66581976E-02
   796.7000       4.07197508E-02       4.08398903E-02       3.66576136E-02
   796.8000       4.07196952E-02       4.08398345E-02       3.66570291E-02
   796.9000       4.07196395E-02       4.08397730E-02       3.66564441E-02
   797.0000       4.07195838E-02       4.08397176E-02       3.66558584E-02
   797.1000       4.07195280E-02       4.08396694E-02       3.66552721E-02
   797.2000       4.07194722E-02       4.08395811E-02       3.66546851E-02
   797.3000       4.07194163E-02       4.08395341E-02       3.66540973E-02
   797.4000       4.07193604E-02       4.08394732E-02       3.66535086E-02
   797.5000       4.07193044E-02       4.08393926E-02       3.66529190E-02
   797.6000       4.07192483E-02       4.08393432E-02       3.66523288E-02
   797.7000       4.07191923E-02       4.08392808E-02       3.66517381E-02
   797.8000       4.07191361E-02       4.08392179E-02       3.66511466E-02
   797.9000       4.07190799E-02       4.08391639E-02       3.66505545E-02
   798.0000       4.07190236E-02       4.08390935E-02       3.66499618E-02
   798.1000       4.07189673E-02       4.08390313E-02       3.66493683E-02
   798.2000       4.07189110E-02       4.08389709E-02       3.66487743E-02
   798.3000       4.07188546E-02       4.08389047E-02       3.66481796E-02
   798.4000       4.07187981E-02       4.08388440E-02       3.66475844E-02
   798.5000       4.07187416E-02       4.08387852E-02       3.66469884E-02
   798.6000       4.07186850E-02       4.08387282E-02       3.66463919E-02
   798.7000       4.07186284E-02       4.08386733E-02       3.66457942E-02
   798.8000       4.07185717E-02       4.08386002E-02       3.66451956E-02
   798.9000       4.07185150E-02       4.08385453E-02       3.66445963E-02
   799.0000       4.07184582E-02       4.08384702E-02       3.66439962E-02
   799.1000       4.07184014E-02       4.08384030E-02       3.66433954E-02
   799.2000       4.07183445E-02       4.08383480E-02       3.66427939E-02
   799.3000       4.07182876E-02       4.08382856E-02       3.66421916E-02
   799.4000       4.07182306E-02       4.08381959E-02       3.66415887E-02
   799.5000       4.07181735E-02       4.08381478E-02       3.66409852E-02
   799.6000       4.07181164E-02       4.08380862E-02       3.66403810E-02
   799.7000       4.07180593E-02       4.08380302E-02       3.66397762E-02
   799.8000       4.07180021E-02       4.08379527E-02       3.66391706E-02
   799.9000       4.07179449E-02       4.08378930E-02       3.66385644E-02
   800.0000       4.07178877E-02       4.08378227E-02       3.66379575E-02
   800.1000       4.07178303E-02       4.08377745E-02       3.66373499E-02
   800.2000       4.07177730E-02       4.08377011E-02       3.66367416E-02
   800.3000       4.07177156E-02       4.08376414E-02       3.66361327E-02
   800.4000       4.07176581E-02       4.08375788E-02       3.66355233E-02
   800.5000       4.07176006E-02       4.08375253E-02       3.66349133E-02
   800.6000       4.07175431E-02       4.08374563E-02       3.66343025E-02
   800.7000       4.07174855E-02       4.08373981E-02       3.66336911E-02
   800.8000       4.07174278E-02       4.08373140E-02       3.66330791E-02
   800.9000       4.07173701E-02       4.08372620E-02       3.66324664E-02
   801.0000       4.07173124E-02       4.08372015E-02       3.66318531E-02
   801.1000       4.07172546E-02       4.08371332E-02       3.66312394E-02
   801.2000       4.07171968E-02       4.08370641E-02       3.66306253E-02
   801.3000       4.07171389E-02       4.08370034E-02       3.66300107E-02
   801.4000       4.07170810E-02       4.08369365E-02       3.66293955E-02
   801.5000       4.07170230E-02       4.08368782E-02       3.66287796E-02
   801.6000       4.07169650E-02       4.08368002E-02       3.66281633E-02
   801.7000       4.07169069E-02       4.08367424E-02       3.66275465E-02
   801.8000       4.07168488E-02       4.08366721E-02       3.66269290E-02
   801.9000       4.07167907E-02       4.08366254E-02       3.66263111E-02
   802.0000       4.07167325E-02       4.08365587E-02       3.66256926E-02
   802.1000       4.07166743E-02       4.08364949E-02       3.66250737E-02
   802.2000       4.07166160E-02       4.08364150E-02       3.66244541E-02
   802.3000       4.07165576E-02       4.08363502E-02       3.66238339E-02
   802.4000       4.07164993E-02       4.08362908E-02       3.66232130E-02
   802.5000       4.07164408E-02       4.08362393E-02       3.66225914E-02
   802.6000       4.07163823E-02       4.08361580E-02       3.66219693E-02
   802.7000       4.07163238E-02       4.08360925E-02       3.66213464E-02
   802.8000       4.07162652E-02       4.08360293E-02       3.66207230E-02
   802.9000       4.07162066E-02       4.08359502E-02       3.66200992E-02
   803.0000       4.07161480E-02       4.08359064E-02       3.66194748E-02
   803.1000       4.07160893E-02       4.08358398E-02       3.66188495E-02
   803.2000       4.07160305E-02       4.08357613E-02       3.66182237E-02
   803.3000       4.07159717E-02       4.08356973E-02       3.66175973E-02
   803.4000       4.07159129E-02       4.08356362E-02       3.66169705E-02
   803.5000       4.07158540E-02       4.08355727E-02       3.66163428E-02
   803.6000       4.07157951E-02       4.08355146E-02       3.66157144E-02
   803.7000       4.07157362E-02       4.08354402E-02       3.66150853E-02
   803.8000       4.07156772E-02       4.08353640E-02       3.66144556E-02
   803.9000       4.07156181E-02       4.08353097E-02       3.66138256E-02
   804.0000       4.07155590E-02       4.08352401E-02       3.66131949E-02
   804.1000       4.07154999E-02       4.08351828E-02       3.66125636E-02
   804.2000       4.07154408E-02       4.08351131E-02       3.66119318E-02
   804.3000       4.07153816E-02       4.08350401E-02       3.66112995E-02
   804.4000       4.07153223E-02       4.08349676E-02       3.66106666E-02
   804.5000       4.07152630E-02       4.08349077E-02       3.66100331E-02
   804.6000       4.07152037E-02       4.08348565E-02       3.66093988E-02
   804.7000       4.07151444E-02       4.08347639E-02       3.66087640E-02
   804.8000       4.07150850E-02       4.08347121E-02       3.66081288E-02
   804.9000       4.07150255E-02       4.08346402E-02       3.66074935E-02
   805.0000       4.07149661E-02       4.08345828E-02       3.66068581E-02
   805.1000       4.07149066E-02       4.08345126E-02       3.66062223E-02
   805.2000       4.07148470E-02       4.08344375E-02       3.66055861E-02
   805.3000       4.07147875E-02       4.08343840E-02       3.66049497E-02
   805.4000       4.07147278E-02       4.08343044E-02       3.66043128E-02
   805.5000       4.07146682E-02       4.08342476E-02       3.66036753E-02
   805.6000       4.07146085E-02       4.08341697E-02       3.66030371E-02
   805.7000       4.07145488E-02       4.08341164E-02       3.66023981E-02
   805.8000       4.07144890E-02       4.08340518E-02       3.66017585E-02
   805.9000       4.07144292E-02       4.08339840E-02       3.66011186E-02
   806.0000       4.07143693E-02       4.08339059E-02       3.66004782E-02
   806.1000       4.07143094E-02       4.08338328E-02       3.65998370E-02
   806.2000       4.07142495E-02       4.08337722E-02       3.65991952E-02
   806.3000       4.07141895E-02       4.08336993E-02       3.65985529E-02
   806.4000       4.07141295E-02       4.08336461E-02       3.65979100E-02
   806.5000       4.07140695E-02       4.08335761E-02       3.65972664E-02
   806.6000       4.07140094E-02       4.08335021E-02       3.65966220E-02
   806.7000       4.07139493E-02       4.08334378E-02       3.65959770E-02
   806.8000       4.07138892E-02       4.08333733E-02       3.65953312E-02
   806.9000       4.07138290E-02       4.08333111E-02       3.65946850E-02
   807.0000       4.07137688E-02       4.08332272E-02       3.65940381E-02
   807.1000       4.07137086E-02       4.08331464E-02       3.65933908E-02
   807.2000       4.07136483E-02       4.08330968E-02       3.65927430E-02
   807.3000       4.07135880E-02       4.08330355E-02       3.65920946E-02
   807.4000       4.07135277E-02       4.08329696E-02       3.65914457E-02
   807.5000       4.07134673E-02       4.08328898E-02       3.65907964E-02
   807.6000       4.07134069E-02       4.08328169E-02       3.65901464E-02
   807.7000       4.07133465E-02       4.08327483E-02       3.65894960E-02
   807.8000       4.07132861E-02       4.08326925E-02       3.65888451E-02
   807.9000       4.07132256E-02       4.08326157E-02       3.65881936E-02
   808.0000       4.07131651E-02       4.08325624E-02       3.65875416E-02
   808.1000       4.07131046E-02       4.08324802E-02       3.65868893E-02
   808.2000       4.07130441E-02       4.08324107E-02       3.65862367E-02
   808.3000       4.07129835E-02       4.08323337E-02       3.65855836E-02
   808.4000       4.07129229E-02       4.08322940E-02       3.65849298E-02
   808.5000       4.07128622E-02       4.08322188E-02       3.65842754E-02
   808.6000       4.07128016E-02       4.08321375E-02       3.65836207E-02
   808.7000       4.07127409E-02       4.08320772E-02       3.65829657E-02
   808.8000       4.07126801E-02       4.08320164E-02       3.65823100E-02
   808.9000       4.07126193E-02       4.08319405E-02       3.65816538E-02
   809.0000       4.07125585E-02       4.08318738E-02       3.65809970E-02
   809.1000       4.07124977E-02       4.08318055E-02       3.65803402E-02
   809.2000       4.07124369E-02       4.08317202E-02       3.65796832E-02
   809.3000       4.07123760E-02       4.08316556E-02       3.65790259E-02
   809.4000       4.07123151E-02       4.08315906E-02       3.65783684E-02
   809.5000       4.07122541E-02       4.08315210E-02       3.65777106E-02
   809.6000       4.07121932E-02       4.08314586E-02       3.65770524E-02
   809.7000       4.07121322E-02       4.08313928E-02       3.65763940E-02
   809.8000       4.07120712E-02       4.08313276E-02       3.65757350E-02
   809.9000       4.07120101E-02       4.08312445E-02       3.65750755E-02
   810.0000       4.07119490E-02       4.08311825E-02       3.65744157E-02
   810.1000       4.07118879E-02       4.08311060E-02       3.65737555E-02
   810.2000       4.07118268E-02       4.08310525E-02       3.65730948E-02
   810.3000       4.07117656E-02       4.08309687E-02       3.65724337E-02
   810.4000       4.07117044E-02       4.08308944E-02       3.65717721E-02
   810.5000       4.07116431E-02       4.08308222E-02       3.65711100E-02
   810.6000       4.07115818E-02       4.08307613E-02       3.65704475E-02
   810.7000       4.07115205E-02       4.08306822E-02       3.65697843E-02
   810.8000       4.07114592E-02       4.08306274E-02       3.65691206E-02
   810.9000       4.07113978E-02       4.08305525E-02       3.65684561E-02
   811.0000       4.07113364E-02       4.08304919E-02       3.65677910E-02
   811.1000       4.07112750E-02       4.08304071E-02       3.65671252E-02
   811.2000       4.07112135E-02       4.08303420E-02       3.65664591E-02
   811.3000       4.07111521E-02       4.08302706E-02       3.65657928E-02
   811.4000       4.07110906E-02       4.08302030E-02       3.65651258E-02
   811.5000       4.07110291E-02       4.08301350E-02       3.65644583E-02
   811.6000       4.07109675E-02       4.08300564E-02       3.65637906E-02
   811.7000       4.07109060E-02       4.08299899E-02       3.65631224E-02
   811.8000       4.07108444E-02       4.08299227E-02       3.65624536E-02
   811.9000       4.07107828E-02       4.08298459E-02       3.65617843E-02
   812.0000       4.07107212E-02       4.08297846E-02       3.65611146E-02
   812.1000       4.07106595E-02       4.08297100E-02       3.65604445E-02
   812.2000       4.07105979E-02       4.08296487E-02       3.65597739E-02
   812.3000       4.07105362E-02       4.08295755E-02       3.65591030E-02
   812.4000       4.07104745E-02       4.08294928E-02       3.65584317E-02
   812.5000       4.07104128E-02       4.08294196E-02       3.65577601E-02
   812.6000       4.07103511E-02       4.08293519E-02       3.65570884E-02
   812.7000       4.07102893E-02       4.08292906E-02       3.65564164E-02
   812.8000       4.07102276E-02       4.08292260E-02       3.65557439E-02
   812.9000       4.07101658E-02       4.08291428E-02       3.65550711E-02
   813.0000       4.07101039E-02       4.08290697E-02       3.65543981E-02
   813.1000       4.07100421E-02       4.08289995E-02       3.65537247E-02
   813.2000       4.07099802E-02       4.08289319E-02       3.65530510E-02
   813.3000       4.07099184E-02       4.08288645E-02       3.65523767E-02
   813.4000       4.07098564E-02       4.08287913E-02       3.65517017E-02
   813.5000       4.07097945E-02       4.08287226E-02       3.65510263E-02
   813.6000       4.07097325E-02       4.08286520E-02       3.65503505E-02
   813.7000       4.07096705E-02       4.08285585E-02       3.65496743E-02
   813.8000       4.07096085E-02       4.08285107E-02       3.65489978E-02
   813.9000       4.07095465E-02       4.08284367E-02       3.65483209E-02
   814.0000       4.07094845E-02       4.08283635E-02       3.65476438E-02
   814.1000       4.07094224E-02       4.08282940E-02       3.65469662E-02
   814.2000       4.07093604E-02       4.08282255E-02       3.65462880E-02
   814.3000       4.07092983E-02       4.08281407E-02       3.65456094E-02
   814.4000       4.07092362E-02       4.08280737E-02       3.65449305E-02
   814.5000       4.07091740E-02       4.08280227E-02       3.65442511E-02
   814.6000       4.07091119E-02       4.08279433E-02       3.65435713E-02
   814.7000       4.07090497E-02       4.08278724E-02       3.65428908E-02
   814.8000       4.07089876E-02       4.08277905E-02       3.65422100E-02
   814.9000       4.07089254E-02       4.08277220E-02       3.65415289E-02
   815.0000       4.07088632E-02       4.08276505E-02       3.65408478E-02
   815.1000       4.07088009E-02       4.08275781E-02       3.65401659E-02
   815.2000       4.07087387E-02       4.08275041E-02       3.65394836E-02
   815.3000       4.07086764E-02       4.08274451E-02       3.65388013E-02
   815.4000       4.07086142E-02       4.08273519E-02       3.65381186E-02
   815.5000       4.07085519E-02       4.08272848E-02       3.65374356E-02
   815.6000       4.07084896E-02       4.08272180E-02       3.65367521E-02
   815.7000       4.07084273E-02       4.08271531E-02       3.65360684E-02
   815.8000       4.07083649E-02       4.08270744E-02       3.65353843E-02
   815.9000       4.07083026E-02       4.08270040E-02       3.65346998E-02
   816.0000       4.07082402E-02       4.08269214E-02       3.65340149E-02
   816.1000       4.07081778E-02       4.08268670E-02       3.65333297E-02
   816.2000       4.07081154E-02       4.08267820E-02       3.65326440E-02
   816.3000       4.07080530E-02       4.08267153E-02       3.65319579E-02
   816.4000       4.07079906E-02       4.08266526E-02       3.65312712E-02
   816.5000       4.07079281E-02       4.08265787E-02       3.65305842E-02
   816.6000       4.07078657E-02       4.08264960E-02       3.65298970E-02
   816.7000       4.07078032E-02       4.08264228E-02       3.65292093E-02
   816.8000       4.07077408E-02       4.08263425E-02       3.65285212E-02
   816.9000       4.07076783E-02       4.08262703E-02       3.65278325E-02
   817.0000       4.07076158E-02       4.08262114E-02       3.65271437E-02
   817.1000       4.07075533E-02       4.08261251E-02       3.65264543E-02
   817.2000       4.07074908E-02       4.08260608E-02       3.65257647E-02
   817.3000       4.07074283E-02       4.08259911E-02       3.65250750E-02
   817.4000       4.07073658E-02       4.08259161E-02       3.65243851E-02
   817.5000       4.07073032E-02       4.08258477E-02       3.65236946E-02
   817.6000       4.07072407E-02       4.08257602E-02       3.65230038E-02
   817.7000       4.07071781E-02       4.08256931E-02       3.65223128E-02
   817.8000       4.07071156E-02       4.08256321E-02       3.65216217E-02
   817.9000       4.07070530E-02       4.08255593E-02       3.65209303E-02
   818.0000       4.07069905E-02       4.08254752E-02       3.65202386E-02
   818.1000       4.07069279E-02       4.08254031E-02       3.65195465E-02
   818.2000       4.07068653E-02       4.08253404E-02       3.65188537E-02
   818.3000       4.07068027E-02       4.08252622E-02       3.65181607E-02
   818.4000       4.07067401E-02       4.08251931E-02       3.65174675E-02
   818.5000       4.07066774E-02       4.08251265E-02       3.65167737E-02
   818.6000       4.07066148E-02       4.08250390E-02       3.65160797E-02
   818.7000       4.07065521E-02       4.08249676E-02       3.65153853E-02
   818.8000       4.07064894E-02       4.08249032E-02       3.65146906E-02
   818.9000       4.07064267E-02       4.08248234E-02       3.65139956E-02
   819.0000       4.07063640E-02       4.08247512E-02       3.65133006E-02
   819.1000       4.07063013E-02       4.08246735E-02       3.65126054E-02
   819.2000       4.07062386E-02       4.08246064E-02       3.65119100E-02
   819.3000       4.07061759E-02       4.08245198E-02       3.65112145E-02
   819.4000       4.07061131E-02       4.08244600E-02       3.65105184E-02
   819.5000       4.07060504E-02       4.08243811E-02       3.65098220E-02
   819.6000       4.07059876E-02       4.08243142E-02       3.65091252E-02
   819.7000       4.07059248E-02       4.08242208E-02       3.65084283E-02
   819.8000       4.07058621E-02       4.08241657E-02       3.65077311E-02
   819.9000       4.07057993E-02       4.08240868E-02       3.65070333E-02
   820.0000       4.07057365E-02       4.08240152E-02       3.65063352E-02
   820.1000       4.07056737E-02       4.08239482E-02       3.65056368E-02
   820.2000       4.07056109E-02       4.08238805E-02       3.65049381E-02
   820.3000       4.07055481E-02       4.08237938E-02       3.65042393E-02
   820.4000       4.07054852E-02       4.08237156E-02       3.65035400E-02
   820.5000       4.07054224E-02       4.08236453E-02       3.65028404E-02
   820.6000       4.07053595E-02       4.08235589E-02       3.65021407E-02
   820.7000       4.07052967E-02       4.08234984E-02       3.65014410E-02
   820.8000       4.07052339E-02       4.08234240E-02       3.65007412E-02
   820.9000       4.07051710E-02       4.08233435E-02       3.65000413E-02
   821.0000       4.07051081E-02       4.08232832E-02       3.64993412E-02
   821.1000       4.07050452E-02       4.08232011E-02       3.64986408E-02
   821.2000       4.07049823E-02       4.08231351E-02       3.64979399E-02
   821.3000       4.07049194E-02       4.08230582E-02       3.64972387E-02
   821.4000       4.07048565E-02       4.08229779E-02       3.64965371E-02
   821.5000       4.07047936E-02       4.08228998E-02       3.64958353E-02
   821.6000       4.07047307E-02       4.08228223E-02       3.64951333E-02
   821.7000       4.07046677E-02       4.08227665E-02       3.64944307E-02
   821.8000       4.07046048E-02       4.08226805E-02       3.64937278E-02
   821.9000       4.07045418E-02       4.08225982E-02       3.64930247E-02
   822.0000       4.07044788E-02       4.08225191E-02       3.64923214E-02
   822.1000       4.07044159E-02       4.08224572E-02       3.64916175E-02
   822.2000       4.07043529E-02       4.08223984E-02       3.64909134E-02
   822.3000       4.07042899E-02       4.08223181E-02       3.64902089E-02
   822.4000       4.07042269E-02       4.08222348E-02       3.64895040E-02
   822.5000       4.07041640E-02       4.08221691E-02       3.64887986E-02
   822.6000       4.07041010E-02       4.08221012E-02       3.64880929E-02
   822.7000       4.07040380E-02       4.08220102E-02       3.64873868E-02
   822.8000       4.07039750E-02       4.08219383E-02       3.64866804E-02
   822.9000       4.07039120E-02       4.08218616E-02       3.64859737E-02
   823.0000       4.07038490E-02       4.08217973E-02       3.64852670E-02
   823.1000       4.07037860E-02       4.08217063E-02       3.64845603E-02
   823.2000       4.07037230E-02       4.08216277E-02       3.64838533E-02
   823.3000       4.07036600E-02       4.08215661E-02       3.64831461E-02
   823.4000       4.07035970E-02       4.08214905E-02       3.64824385E-02
   823.5000       4.07035340E-02       4.08214126E-02       3.64817307E-02
   823.6000       4.07034710E-02       4.08213506E-02       3.64810227E-02
   823.7000       4.07034080E-02       4.08212686E-02       3.64803144E-02
   823.8000       4.07033449E-02       4.08211904E-02       3.64796057E-02
   823.9000       4.07032819E-02       4.08211113E-02       3.64788966E-02
   824.0000       4.07032189E-02       4.08210477E-02       3.64781873E-02
   824.1000       4.07031558E-02       4.08209611E-02       3.64774775E-02
   824.2000       4.07030928E-02       4.08208888E-02       3.64767675E-02
   824.3000       4.07030298E-02       4.08208090E-02       3.64760573E-02
   824.4000       4.07029668E-02       4.08207407E-02       3.64753469E-02
   824.5000       4.07029037E-02       4.08206641E-02       3.64746362E-02
   824.6000       4.07028407E-02       4.08205785E-02       3.64739252E-02
   824.7000       4.07027777E-02       4.08205108E-02       3.64732140E-02
   824.8000       4.07027147E-02       4.08204338E-02       3.64725026E-02
   824.9000       4.07026517E-02       4.08203590E-02       3.64717911E-02
   825.0000       4.07025887E-02       4.08202802E-02       3.64710793E-02
   825.1000       4.07025257E-02       4.08202139E-02       3.64703674E-02
   825.2000       4.07024627E-02       4.08201316E-02       3.64696554E-02
   825.3000       4.07023997E-02       4.08200571E-02       3.64689430E-02
   825.4000       4.07023367E-02       4.08199847E-02       3.64682303E-02
   825.5000       4.07022737E-02       4.08199150E-02       3.64675174E-02
   825.6000       4.07022108E-02       4.08198306E-02       3.64668040E-02
   825.7000       4.07021478E-02       4.08197548E-02       3.64660903E-02
   825.8000       4.07020848E-02       4.08196707E-02       3.64653763E-02
   825.9000       4.07020219E-02       4.08196084E-02       3.64646624E-02
   826.0000       4.07019589E-02       4.08195229E-02       3.64639485E-02
   826.1000       4.07018960E-02       4.08194516E-02       3.64632344E-02
   826.2000       4.07018331E-02       4.08193717E-02       3.64625203E-02
   826.3000       4.07017702E-02       4.08193066E-02       3.64618062E-02
   826.4000       4.07017073E-02       4.08192411E-02       3.64610921E-02
   826.5000       4.07016443E-02       4.08191487E-02       3.64603778E-02
   826.6000       4.07015814E-02       4.08190831E-02       3.64596632E-02
   826.7000       4.07015185E-02       4.08189979E-02       3.64589485E-02
   826.8000       4.07014556E-02       4.08189326E-02       3.64582338E-02
   826.9000       4.07013927E-02       4.08188606E-02       3.64575188E-02
   827.0000       4.07013298E-02       4.08187770E-02       3.64568035E-02
   827.1000       4.07012669E-02       4.08186977E-02       3.64560879E-02
   827.2000       4.07012040E-02       4.08186247E-02       3.64553719E-02
   827.3000       4.07011411E-02       4.08185536E-02       3.64546556E-02
   827.4000       4.07010782E-02       4.08184715E-02       3.64539391E-02
   827.5000       4.07010154E-02       4.08183905E-02       3.64532223E-02
   827.6000       4.07009525E-02       4.08182967E-02       3.64525054E-02
   827.7000       4.07008896E-02       4.08182404E-02       3.64517880E-02
   827.8000       4.07008268E-02       4.08181578E-02       3.64510702E-02
   827.9000       4.07007639E-02       4.08180821E-02       3.64503522E-02
   828.0000       4.07007011E-02       4.08180236E-02       3.64496344E-02
   828.1000       4.07006383E-02       4.08179441E-02       3.64489162E-02
   828.2000       4.07005755E-02       4.08178816E-02       3.64481977E-02
   828.3000       4.07005127E-02       4.08177697E-02       3.64474792E-02
   828.4000       4.07004499E-02       4.08177113E-02       3.64467604E-02
   828.5000       4.07003872E-02       4.08176250E-02       3.64460413E-02
   828.6000       4.07003244E-02       4.08175611E-02       3.64453219E-02
   828.7000       4.07002617E-02       4.08174789E-02       3.64446023E-02
   828.8000       4.07001990E-02       4.08174070E-02       3.64438823E-02
   828.9000       4.07001362E-02       4.08173169E-02       3.64431621E-02
   829.0000       4.07000735E-02       4.08172378E-02       3.64424418E-02
   829.1000       4.07000108E-02       4.08171816E-02       3.64417214E-02
   829.2000       4.06999482E-02       4.08171070E-02       3.64410009E-02
   829.3000       4.06998855E-02       4.08170165E-02       3.64402801E-02
   829.4000       4.06998228E-02       4.08169540E-02       3.64395589E-02
   829.5000       4.06997602E-02       4.08168683E-02       3.64388373E-02
   829.6000       4.06996975E-02       4.08167991E-02       3.64381152E-02
   829.7000       4.06996348E-02       4.08167220E-02       3.64373930E-02
   829.8000       4.06995722E-02       4.08166433E-02       3.64366705E-02
   829.9000       4.06995095E-02       4.08165636E-02       3.64359478E-02
   830.0000       4.06994469E-02       4.08164899E-02       3.64352249E-02
   830.1000       4.06993843E-02       4.08163992E-02       3.64345018E-02
   830.2000       4.06993217E-02       4.08163193E-02       3.64337787E-02
   830.3000       4.06992591E-02       4.08162455E-02       3.64330556E-02
   830.4000       4.06991965E-02       4.08161762E-02       3.64323326E-02
   830.5000       4.06991339E-02       4.08160988E-02       3.64316094E-02
   830.6000       4.06990713E-02       4.08160285E-02       3.64308861E-02
   830.7000       4.06990088E-02       4.08159599E-02       3.64301627E-02
   830.8000       4.06989463E-02       4.08158855E-02       3.64294391E-02
   830.9000       4.06988837E-02       4.08157983E-02       3.64287153E-02
   831.0000       4.06988212E-02       4.08157372E-02       3.64279912E-02
   831.1000       4.06987587E-02       4.08156512E-02       3.64272669E-02
   831.2000       4.06986962E-02       4.08155673E-02       3.64265426E-02
   831.3000       4.06986337E-02       4.08155035E-02       3.64258181E-02
   831.4000       4.06985712E-02       4.08154139E-02       3.64250935E-02
   831.5000       4.06985088E-02       4.08153294E-02       3.64243688E-02
   831.6000       4.06984463E-02       4.08152707E-02       3.64236441E-02
   831.7000       4.06983839E-02       4.08151898E-02       3.64229192E-02
   831.8000       4.06983215E-02       4.08151173E-02       3.64221940E-02
   831.9000       4.06982590E-02       4.08150297E-02       3.64214686E-02
   832.0000       4.06981966E-02       4.08149583E-02       3.64207431E-02
   832.1000       4.06981343E-02       4.08148590E-02       3.64200175E-02
   832.2000       4.06980719E-02       4.08147937E-02       3.64192919E-02
   832.3000       4.06980096E-02       4.08147149E-02       3.64185663E-02
   832.4000       4.06979473E-02       4.08146411E-02       3.64178407E-02
   832.5000       4.06978850E-02       4.08145700E-02       3.64171151E-02
   832.6000       4.06978227E-02       4.08144904E-02       3.64163894E-02
   832.7000       4.06977605E-02       4.08144210E-02       3.64156635E-02
   832.8000       4.06976982E-02       4.08143447E-02       3.64149375E-02
   832.9000       4.06976360E-02       4.08142611E-02       3.64142112E-02
   833.0000       4.06975738E-02       4.08141858E-02       3.64134846E-02
   833.1000       4.06975116E-02       4.08141047E-02       3.64127579E-02
   833.2000       4.06974495E-02       4.08140244E-02       3.64120310E-02
   833.3000       4.06973873E-02       4.08139545E-02       3.64113040E-02
   833.4000       4.06973252E-02       4.08138795E-02       3.64105769E-02
   833.5000       4.06972631E-02       4.08137944E-02       3.64098498E-02
   833.6000       4.06972010E-02       4.08137203E-02       3.64091225E-02
   833.7000       4.06971390E-02       4.08136507E-02       3.64083952E-02
   833.8000       4.06970769E-02       4.08135611E-02       3.64076677E-02
   833.9000       4.06970148E-02       4.08134938E-02       3.64069400E-02
   834.0000       4.06969528E-02       4.08134096E-02       3.64062124E-02
   834.1000       4.06968908E-02       4.08133373E-02       3.64054848E-02
   834.2000       4.06968288E-02       4.08132565E-02       3.64047571E-02
   834.3000       4.06967668E-02       4.08131885E-02       3.64040293E-02
   834.4000       4.06967049E-02       4.08131101E-02       3.64033014E-02
   834.5000       4.06966429E-02       4.08130198E-02       3.64025733E-02
   834.6000       4.06965810E-02       4.08129651E-02       3.64018453E-02
   834.7000       4.06965192E-02       4.08128841E-02       3.64011173E-02
   834.8000       4.06964573E-02       4.08128054E-02       3.64003891E-02
   834.9000       4.06963955E-02       4.08127173E-02       3.63996606E-02
   835.0000       4.06963337E-02       4.08126503E-02       3.63989319E-02
   835.1000       4.06962719E-02       4.08125697E-02       3.63982027E-02
   835.2000       4.06962101E-02       4.08125027E-02       3.63974733E-02
   835.3000       4.06961483E-02       4.08124287E-02       3.63967435E-02
   835.4000       4.06960866E-02       4.08123381E-02       3.63960136E-02
   835.5000       4.06960248E-02       4.08122640E-02       3.63952833E-02
   835.6000       4.06959631E-02       4.08121892E-02       3.63945530E-02
   835.7000       4.06959014E-02       4.08121105E-02       3.63938227E-02
   835.8000       4.06958397E-02       4.08120402E-02       3.63930924E-02
   835.9000       4.06957781E-02       4.08119600E-02       3.63923620E-02
   836.0000       4.06957164E-02       4.08118743E-02       3.63916313E-02
   836.1000       4.06956548E-02       4.08117948E-02       3.63909006E-02
   836.2000       4.06955932E-02       4.08117331E-02       3.63901700E-02
   836.3000       4.06955316E-02       4.08116541E-02       3.63894390E-02
   836.4000       4.06954700E-02       4.08115679E-02       3.63887080E-02
   836.5000       4.06954085E-02       4.08114968E-02       3.63879769E-02
   836.6000       4.06953470E-02       4.08114315E-02       3.63872459E-02
   836.7000       4.06952855E-02       4.08113503E-02       3.63865150E-02
   836.8000       4.06952240E-02       4.08112571E-02       3.63857839E-02
   836.9000       4.06951625E-02       4.08111919E-02       3.63850526E-02
   837.0000       4.06951011E-02       4.08111041E-02       3.63843213E-02
   837.1000       4.06950396E-02       4.08110227E-02       3.63835900E-02
   837.2000       4.06949782E-02       4.08109453E-02       3.63828586E-02
   837.3000       4.06949168E-02       4.08108744E-02       3.63821271E-02
   837.4000       4.06948555E-02       4.08107938E-02       3.63813955E-02
   837.5000       4.06947941E-02       4.08107164E-02       3.63806640E-02
   837.6000       4.06947328E-02       4.08106392E-02       3.63799322E-02
   837.7000       4.06946715E-02       4.08105612E-02       3.63792002E-02
   837.8000       4.06946102E-02       4.08104777E-02       3.63784681E-02
   837.9000       4.06945490E-02       4.08104015E-02       3.63777359E-02
   838.0000       4.06944877E-02       4.08103340E-02       3.63770036E-02
   838.1000       4.06944265E-02       4.08102410E-02       3.63762713E-02
   838.2000       4.06943653E-02       4.08101871E-02       3.63755387E-02
   838.3000       4.06943041E-02       4.08101067E-02       3.63748061E-02
   838.4000       4.06942430E-02       4.08100313E-02       3.63740735E-02
   838.5000       4.06941818E-02       4.08099429E-02       3.63733406E-02
   838.6000       4.06941207E-02       4.08098631E-02       3.63726075E-02
   838.7000       4.06940596E-02       4.08097828E-02       3.63718743E-02
   838.8000       4.06939986E-02       4.08097086E-02       3.63711412E-02
   838.9000       4.06939375E-02       4.08096532E-02       3.63704083E-02
   839.0000       4.06938765E-02       4.08095533E-02       3.63696754E-02
   839.1000       4.06938155E-02       4.08094976E-02       3.63689425E-02
   839.2000       4.06937545E-02       4.08093995E-02       3.63682095E-02
   839.3000       4.06936935E-02       4.08093252E-02       3.63674766E-02
   839.4000       4.06936326E-02       4.08092545E-02       3.63667436E-02
   839.5000       4.06935716E-02       4.08091710E-02       3.63660105E-02
   839.6000       4.06935107E-02       4.08090982E-02       3.63652775E-02
   839.7000       4.06934499E-02       4.08090269E-02       3.63645444E-02
   839.8000       4.06933890E-02       4.08089574E-02       3.63638111E-02
   839.9000       4.06933282E-02       4.08088703E-02       3.63630778E-02
   840.0000       4.06932673E-02       4.08087899E-02       3.63623443E-02
   840.1000       4.06932065E-02       4.08087186E-02       3.63616107E-02
   840.2000       4.06931457E-02       4.08086419E-02       3.63608769E-02
   840.3000       4.06930850E-02       4.08085645E-02       3.63601429E-02
   840.4000       4.06930243E-02       4.08084813E-02       3.63594088E-02
   840.5000       4.06929636E-02       4.08084182E-02       3.63586745E-02
   840.6000       4.06929029E-02       4.08083216E-02       3.63579402E-02
   840.7000       4.06928423E-02       4.08082481E-02       3.63572058E-02
   840.8000       4.06927816E-02       4.08081765E-02       3.63564711E-02
   840.9000       4.06927210E-02       4.08080974E-02       3.63557364E-02
   841.0000       4.06926605E-02       4.08080114E-02       3.63550015E-02
   841.1000       4.06925999E-02       4.08079438E-02       3.63542665E-02
   841.2000       4.06925394E-02       4.08078707E-02       3.63535315E-02
   841.3000       4.06924789E-02       4.08077807E-02       3.63527964E-02
   841.4000       4.06924184E-02       4.08077014E-02       3.63520613E-02
   841.5000       4.06923580E-02       4.08076281E-02       3.63513264E-02
   841.6000       4.06922976E-02       4.08075615E-02       3.63505916E-02
   841.7000       4.06922372E-02       4.08074679E-02       3.63498568E-02
   841.8000       4.06921768E-02       4.08074015E-02       3.63491219E-02
   841.9000       4.06921165E-02       4.08073113E-02       3.63483870E-02
   842.0000       4.06920562E-02       4.08072453E-02       3.63476521E-02
   842.1000       4.06919959E-02       4.08071716E-02       3.63469172E-02
   842.2000       4.06919357E-02       4.08071018E-02       3.63461821E-02
   842.3000       4.06918755E-02       4.08070123E-02       3.63454469E-02
   842.4000       4.06918153E-02       4.08069276E-02       3.63447116E-02
   842.5000       4.06917551E-02       4.08068473E-02       3.63439762E-02
   842.6000       4.06916950E-02       4.08067806E-02       3.63432408E-02
   842.7000       4.06916349E-02       4.08067141E-02       3.63425055E-02
   842.8000       4.06915748E-02       4.08066136E-02       3.63417703E-02
   842.9000       4.06915147E-02       4.08065520E-02       3.63410352E-02
   843.0000       4.06914547E-02       4.08064733E-02       3.63403001E-02
   843.1000       4.06913947E-02       4.08064025E-02       3.63395650E-02
   843.2000       4.06913348E-02       4.08063088E-02       3.63388299E-02
   843.3000       4.06912749E-02       4.08062329E-02       3.63380949E-02
   843.4000       4.06912150E-02       4.08061629E-02       3.63373596E-02
   843.5000       4.06911551E-02       4.08060897E-02       3.63366244E-02
   843.6000       4.06910953E-02       4.08060178E-02       3.63358893E-02
   843.7000       4.06910354E-02       4.08059183E-02       3.63351540E-02
   843.8000       4.06909756E-02       4.08058527E-02       3.63344190E-02
   843.9000       4.06909159E-02       4.08057636E-02       3.63336839E-02
   844.0000       4.06908561E-02       4.08056940E-02       3.63329488E-02
   844.1000       4.06907964E-02       4.08056239E-02       3.63322136E-02
   844.2000       4.06907367E-02       4.08055420E-02       3.63314786E-02
   844.3000       4.06906771E-02       4.08054618E-02       3.63307436E-02
   844.4000       4.06906175E-02       4.08053976E-02       3.63300087E-02
   844.5000       4.06905579E-02       4.08053051E-02       3.63292738E-02
   844.6000       4.06904983E-02       4.08052266E-02       3.63285390E-02
   844.7000       4.06904388E-02       4.08051422E-02       3.63278041E-02
   844.8000       4.06903792E-02       4.08050631E-02       3.63270691E-02
   844.9000       4.06903197E-02       4.08049825E-02       3.63263340E-02
   845.0000       4.06902602E-02       4.08049354E-02       3.63255988E-02
   845.1000       4.06902008E-02       4.08048440E-02       3.63248637E-02
   845.2000       4.06901413E-02       4.08047747E-02       3.63241286E-02
   845.3000       4.06900819E-02       4.08046991E-02       3.63233935E-02
   845.4000       4.06900225E-02       4.08046212E-02       3.63226583E-02
   845.5000       4.06899632E-02       4.08045429E-02       3.63219231E-02
   845.6000       4.06899039E-02       4.08044636E-02       3.63211881E-02
   845.7000       4.06898446E-02       4.08043949E-02       3.63204533E-02
   845.8000       4.06897853E-02       4.08042992E-02       3.63197184E-02
   845.9000       4.06897261E-02       4.08042273E-02       3.63189834E-02
   846.0000       4.06896668E-02       4.08041527E-02       3.63182483E-02
   846.1000       4.06896077E-02       4.08040645E-02       3.63175132E-02
   846.2000       4.06895485E-02       4.08039890E-02       3.63167780E-02
   846.3000       4.06894894E-02       4.08039188E-02       3.63160427E-02
   846.4000       4.06894303E-02       4.08038565E-02       3.63153075E-02
   846.5000       4.06893713E-02       4.08037726E-02       3.63145724E-02
   846.6000       4.06893123E-02       4.08036855E-02       3.63138373E-02
   846.7000       4.06892533E-02       4.08036107E-02       3.63131021E-02
   846.8000       4.06891943E-02       4.08035276E-02       3.63123669E-02
   846.9000       4.06891354E-02       4.08034612E-02       3.63116316E-02
   847.0000       4.06890765E-02       4.08033946E-02       3.63108964E-02
