   600.1000       2.86382649E-01       2.24347041E+00       4.40401456E-07       4.90001977E-06       2.87728810E-01       8.91515470E-08       2.53368681E-01       2.55500896E-01       1.00020621E+00
   600.2000       2.86382613E-01       2.24571835E+00       4.41284454E-07       4.90985823E-06       2.87728796E-01       8.93310605E-08       2.53370653E-01       2.55505973E-01       1.00020664E+00
   600.3000       2.86382577E-01       2.24796874E+00       4.42169302E-07       4.91971741E-06       2.87728781E-01       8.95084095E-08       2.53372627E-01       2.55511058E-01       1.00020706E+00
   600.4000       2.86382541E-01       2.25022176E+00       4.43056072E-07       4.92959746E-06       2.87728767E-01       8.96872388E-08       2.53374601E-01       2.55516148E-01       1.00020748E+00
   600.5000       2.86382504E-01       2.25247682E+00       4.43944533E-07       4.93949817E-06       2.87728752E-01       8.98669092E-08       2.53376576E-01       2.55521246E-01       1.00020790E+00
   600.6000       2.86382468E-01       2.25473432E+00       4.44834850E-07       4.94941967E-06       2.87728738E-01       9.00455739E-08       2.53378552E-01       2.55526352E-01       1.00020833E+00
   600.7000       2.86382432E-01       2.25699420E+00       4.45726998E-07       4.95936195E-06       2.87728723E-01       9.02260773E-08       2.53380528E-01       2.55531463E-01       1.00020875E+00
   600.8000       2.86382396E-01       2.25925631E+00       4.46620917E-07       4.96932495E-06       2.87728709E-01       9.04050328E-08       2.53382505E-01       2.55536581E-01       1.00020918E+00
   600.9000       2.86382360E-01       2.26152081E+00       4.47516681E-07       4.97930869E-06       2.87728694E-01       9.05839124E-08       2.53384483E-01       2.55541706E-01       1.00020960E+00
   601.0000       2.86382322E-01       2.26378765E+00       4.48414269E-07       4.98931322E-06       2.87728680E-01       9.07687838E-08       2.53386462E-01       2.55546837E-01       1.00021004E+00
   601.1000       2.86382286E-01       2.26605702E+00       4.49313762E-07       4.99933868E-06       2.87728665E-01       9.09483464E-08       2.53388442E-01       2.55551975E-01       1.00021046E+00
   601.2000       2.86382250E-01       2.26832870E+00       4.50215071E-07       5.00938498E-06       2.87728650E-01       9.11295327E-08       2.53390423E-01       2.55557121E-01       1.00021089E+00
   601.3000       2.86382212E-01       2.27060269E+00       4.51118202E-07       5.01945216E-06       2.87728635E-01       9.13140440E-08       2.53392405E-01       2.55562274E-01       1.00021133E+00
   601.4000       2.86382176E-01       2.27287904E+00       4.52023174E-07       5.02954025E-06       2.87728621E-01       9.14940863E-08       2.53394389E-01       2.55567434E-01       1.00021175E+00
   601.5000       2.86382139E-01       2.27515763E+00       4.52929947E-07       5.03964918E-06       2.87728606E-01       9.16776058E-08       2.53396374E-01       2.55572602E-01       1.00021219E+00
   601.6000       2.86382101E-01       2.27743873E+00       4.53838628E-07       5.04977906E-06       2.87728591E-01       9.18608338E-08       2.53398360E-01       2.55577776E-01       1.00021262E+00
   601.7000       2.86382065E-01       2.27972203E+00       4.54749097E-07       5.05992981E-06       2.87728576E-01       9.20427238E-08       2.53400347E-01       2.55582961E-01       1.00021305E+00
   601.8000       2.86382027E-01       2.28200757E+00       4.55661373E-07       5.07010148E-06       2.87728561E-01       9.22267931E-08       2.53402335E-01       2.55588154E-01       1.00021349E+00
   601.9000       2.86381990E-01       2.28429528E+00       4.56575429E-07       5.08029397E-06       2.87728546E-01       9.24142037E-08       2.53404325E-01       2.55593354E-01       1.00021393E+00
   602.0000       2.86381953E-01       2.28658559E+00       4.57491443E-07       5.09050743E-06       2.87728532E-01       9.25957332E-08       2.53406316E-01       2.55598562E-01       1.00021436E+00
   602.1000       2.86381915E-01       2.28887820E+00       4.58409300E-07       5.10074189E-06       2.87728517E-01       9.27822787E-08       2.53408308E-01       2.55603778E-01       1.00021480E+00
   602.2000       2.86381877E-01       2.29117313E+00       4.59329004E-07       5.11099735E-06       2.87728502E-01       9.29667519E-08       2.53410302E-01       2.55609003E-01       1.00021524E+00
   602.3000       2.86381839E-01       2.29347001E+00       4.60250409E-07       5.12127364E-06       2.87728487E-01       9.31520947E-08       2.53412297E-01       2.55614234E-01       1.00021568E+00
   602.4000       2.86381802E-01       2.29576934E+00       4.61173724E-07       5.13157085E-06       2.87728471E-01       9.33374068E-08       2.53414293E-01       2.55619473E-01       1.00021612E+00
   602.5000       2.86381764E-01       2.29807100E+00       4.62098904E-07       5.14188900E-06       2.87728456E-01       9.35252226E-08       2.53416291E-01       2.55624720E-01       1.00021656E+00
   602.6000       2.86381726E-01       2.30037500E+00       4.63025950E-07       5.15222818E-06       2.87728441E-01       9.37102937E-08       2.53418290E-01       2.55629975E-01       1.00021700E+00
   602.7000       2.86381688E-01       2.30268138E+00       4.63954886E-07       5.16258844E-06       2.87728426E-01       9.38992202E-08       2.53420289E-01       2.55635238E-01       1.00021744E+00
   602.8000       2.86381651E-01       2.30498981E+00       4.64885579E-07       5.17296966E-06       2.87728411E-01       9.40839769E-08       2.53422290E-01       2.55640508E-01       1.00021788E+00
   602.9000       2.86381611E-01       2.30730049E+00       4.65818112E-07       5.18337184E-06       2.87728396E-01       9.42760852E-08       2.53424293E-01       2.55645784E-01       1.00021834E+00
   603.0000       2.86381573E-01       2.30961358E+00       4.66752553E-07       5.19379512E-06       2.87728381E-01       9.44610707E-08       2.53426296E-01       2.55651066E-01       1.00021877E+00
   603.1000       2.86381536E-01       2.31192902E+00       4.67688881E-07       5.20423948E-06       2.87728365E-01       9.46487300E-08       2.53428299E-01       2.55656355E-01       1.00021922E+00
   603.2000       2.86381498E-01       2.31424658E+00       4.68627008E-07       5.21470485E-06       2.87728350E-01       9.48371418E-08       2.53430304E-01       2.55661651E-01       1.00021966E+00
   603.3000       2.86381459E-01       2.31656633E+00       4.69566962E-07       5.22519127E-06       2.87728335E-01       9.50278266E-08       2.53432310E-01       2.55666952E-01       1.00022011E+00
   603.4000       2.86381420E-01       2.31888847E+00       4.70508828E-07       5.23569881E-06       2.87728319E-01       9.52176146E-08       2.53434316E-01       2.55672258E-01       1.00022056E+00
   603.5000       2.86381382E-01       2.32121273E+00       4.71452495E-07       5.24622742E-06       2.87728304E-01       9.54052942E-08       2.53436324E-01       2.55677569E-01       1.00022101E+00
   603.6000       2.86381343E-01       2.32353923E+00       4.72398022E-07       5.25677706E-06       2.87728288E-01       9.55974504E-08       2.53438331E-01       2.55682883E-01       1.00022146E+00
   603.7000       2.86381304E-01       2.32586796E+00       4.73345403E-07       5.26734781E-06       2.87728273E-01       9.57878767E-08       2.53440340E-01       2.55688205E-01       1.00022191E+00
   603.8000       2.86381265E-01       2.32819892E+00       4.74294644E-07       5.27793966E-06       2.87728258E-01       9.59791674E-08       2.53442350E-01       2.55693532E-01       1.00022237E+00
   603.9000       2.86381225E-01       2.33053223E+00       4.75245792E-07       5.28855271E-06       2.87728242E-01       9.61716248E-08       2.53444360E-01       2.55698865E-01       1.00022282E+00
   604.0000       2.86381187E-01       2.33286764E+00       4.76198748E-07       5.29918686E-06       2.87728227E-01       9.63607239E-08       2.53446370E-01       2.55704207E-01       1.00022327E+00
   604.1000       2.86381147E-01       2.33520527E+00       4.77153569E-07       5.30984215E-06       2.87728211E-01       9.65550225E-08       2.53448382E-01       2.55709554E-01       1.00022373E+00
   604.2000       2.86381109E-01       2.33754513E+00       4.78110260E-07       5.32051861E-06       2.87728195E-01       9.67432835E-08       2.53450394E-01       2.55714908E-01       1.00022417E+00
   604.3000       2.86381069E-01       2.33988726E+00       4.79068835E-07       5.33121629E-06       2.87728180E-01       9.69379370E-08       2.53452407E-01       2.55720268E-01       1.00022463E+00
   604.4000       2.86381030E-01       2.34223159E+00       4.80029272E-07       5.34193518E-06       2.87728164E-01       9.71311793E-08       2.53454421E-01       2.55725635E-01       1.00022509E+00
   604.5000       2.86380991E-01       2.34457804E+00       4.80991540E-07       5.35267525E-06       2.87728148E-01       9.73238508E-08       2.53456435E-01       2.55731007E-01       1.00022555E+00
   604.6000       2.86380952E-01       2.34692693E+00       4.81955776E-07       5.36343668E-06       2.87728133E-01       9.75182925E-08       2.53458450E-01       2.55736387E-01       1.00022601E+00
   604.7000       2.86380911E-01       2.34927783E+00       4.82921804E-07       5.37421933E-06       2.87728117E-01       9.77126267E-08       2.53460465E-01       2.55741774E-01       1.00022647E+00
   604.8000       2.86380872E-01       2.35163092E+00       4.83889698E-07       5.38502319E-06       2.87728101E-01       9.79056393E-08       2.53462481E-01       2.55747168E-01       1.00022692E+00
   604.9000       2.86380831E-01       2.35398606E+00       4.84859409E-07       5.39584830E-06       2.87728085E-01       9.81022800E-08       2.53464497E-01       2.55752569E-01       1.00022739E+00
   605.0000       2.86380791E-01       2.35634360E+00       4.85831077E-07       5.40669477E-06       2.87728069E-01       9.82974636E-08       2.53466513E-01       2.55757977E-01       1.00022785E+00
   605.1000       2.86380752E-01       2.35870312E+00       4.86804536E-07       5.41756244E-06       2.87728053E-01       9.84912874E-08       2.53468530E-01       2.55763392E-01       1.00022831E+00
   605.2000       2.86380712E-01       2.36106473E+00       4.87779834E-07       5.42845135E-06       2.87728038E-01       9.86894339E-08       2.53470547E-01       2.55768814E-01       1.00022878E+00
   605.3000       2.86380671E-01       2.36342871E+00       4.88757085E-07       5.43936161E-06       2.87728022E-01       9.88857383E-08       2.53472564E-01       2.55774244E-01       1.00022924E+00
   605.4000       2.86380631E-01       2.36579474E+00       4.89736164E-07       5.45029323E-06       2.87728006E-01       9.90821732E-08       2.53474582E-01       2.55779683E-01       1.00022971E+00
   605.5000       2.86380590E-01       2.36816287E+00       4.90717097E-07       5.46124610E-06       2.87727990E-01       9.92799671E-08       2.53476600E-01       2.55785130E-01       1.00023017E+00
   605.6000       2.86380550E-01       2.37053314E+00       4.91699893E-07       5.47222025E-06       2.87727974E-01       9.94759798E-08       2.53478618E-01       2.55790587E-01       1.00023064E+00
   605.7000       2.86380509E-01       2.37290573E+00       4.92684642E-07       5.48321585E-06       2.87727957E-01       9.96744455E-08       2.53480637E-01       2.55796051E-01       1.00023111E+00
   605.8000       2.86380469E-01       2.37528044E+00       4.93671254E-07       5.49423289E-06       2.87727941E-01       9.98719429E-08       2.53482657E-01       2.55801524E-01       1.00023158E+00
   605.9000       2.86380429E-01       2.37765745E+00       4.94659806E-07       5.50527143E-06       2.87727925E-01       1.00069720E-07       2.53484678E-01       2.55807005E-01       1.00023204E+00
   606.0000       2.86380388E-01       2.38003640E+00       4.95650162E-07       5.51633138E-06       2.87727909E-01       1.00269429E-07       2.53486700E-01       2.55812495E-01       1.00023252E+00
   606.1000       2.86380347E-01       2.38241730E+00       4.96642318E-07       5.52741266E-06       2.87727893E-01       1.00468886E-07       2.53488722E-01       2.55817993E-01       1.00023299E+00
   606.2000       2.86380305E-01       2.38480041E+00       4.97636386E-07       5.53851535E-06       2.87727877E-01       1.00668154E-07       2.53490745E-01       2.55823498E-01       1.00023346E+00
   606.3000       2.86380265E-01       2.38718551E+00       4.98632285E-07       5.54963941E-06       2.87727860E-01       1.00867241E-07       2.53492768E-01       2.55829010E-01       1.00023393E+00
   606.4000       2.86380224E-01       2.38957301E+00       4.99630177E-07       5.56078498E-06       2.87727844E-01       1.01068544E-07       2.53494792E-01       2.55834527E-01       1.00023441E+00
   606.5000       2.86380183E-01       2.39196261E+00       5.00629949E-07       5.57195204E-06       2.87727828E-01       1.01269505E-07       2.53496816E-01       2.55840052E-01       1.00023488E+00
   606.6000       2.86380141E-01       2.39435418E+00       5.01631544E-07       5.58314058E-06       2.87727811E-01       1.01469903E-07       2.53498841E-01       2.55845582E-01       1.00023536E+00
   606.7000       2.86380100E-01       2.39674779E+00       5.02634997E-07       5.59435059E-06       2.87727795E-01       1.01669559E-07       2.53500868E-01       2.55851120E-01       1.00023583E+00
   606.8000       2.86380058E-01       2.39914363E+00       5.03640388E-07       5.60558214E-06       2.87727778E-01       1.01873252E-07       2.53502895E-01       2.55856664E-01       1.00023631E+00
   606.9000       2.86380017E-01       2.40154144E+00       5.04647612E-07       5.61683515E-06       2.87727762E-01       1.02073642E-07       2.53504922E-01       2.55862216E-01       1.00023678E+00
   607.0000       2.86379976E-01       2.40394110E+00       5.05656619E-07       5.62810951E-06       2.87727745E-01       1.02275411E-07       2.53506950E-01       2.55867773E-01       1.00023726E+00
   607.1000       2.86379934E-01       2.40634309E+00       5.06667617E-07       5.63940542E-06       2.87727729E-01       1.02479757E-07       2.53508979E-01       2.55873335E-01       1.00023775E+00
   607.2000       2.86379891E-01       2.40874715E+00       5.07680498E-07       5.65072281E-06       2.87727712E-01       1.02683691E-07       2.53511009E-01       2.55878904E-01       1.00023823E+00
   607.3000       2.86379850E-01       2.41115334E+00       5.08695288E-07       5.66206181E-06       2.87727696E-01       1.02886038E-07       2.53513039E-01       2.55884476E-01       1.00023871E+00
   607.4000       2.86379807E-01       2.41356167E+00       5.09711993E-07       5.67342243E-06       2.87727679E-01       1.03090436E-07       2.53515070E-01       2.55890055E-01       1.00023919E+00
   607.5000       2.86379766E-01       2.41597196E+00       5.10730544E-07       5.68480459E-06       2.87727662E-01       1.03293670E-07       2.53517102E-01       2.55895640E-01       1.00023967E+00
   607.6000       2.86379723E-01       2.41838407E+00       5.11750883E-07       5.69620818E-06       2.87727646E-01       1.03499000E-07       2.53519134E-01       2.55901231E-01       1.00024016E+00
   607.7000       2.86379681E-01       2.42079853E+00       5.12773234E-07       5.70763344E-06       2.87727629E-01       1.03703720E-07       2.53521167E-01       2.55906827E-01       1.00024064E+00
   607.8000       2.86379639E-01       2.42321472E+00       5.13797339E-07       5.71908015E-06       2.87727612E-01       1.03909329E-07       2.53523201E-01       2.55912428E-01       1.00024113E+00
   607.9000       2.86379596E-01       2.42563301E+00       5.14823356E-07       5.73054838E-06       2.87727595E-01       1.04114629E-07       2.53525236E-01       2.55918033E-01       1.00024161E+00
   608.0000       2.86379553E-01       2.42805341E+00       5.15851293E-07       5.74203819E-06       2.87727579E-01       1.04320567E-07       2.53527272E-01       2.55923646E-01       1.00024210E+00
   608.1000       2.86379511E-01       2.43047604E+00       5.16881205E-07       5.75354970E-06       2.87727562E-01       1.04526451E-07       2.53529308E-01       2.55929266E-01       1.00024259E+00
   608.2000       2.86379469E-01       2.43290055E+00       5.17912945E-07       5.76508284E-06       2.87727545E-01       1.04733492E-07       2.53531345E-01       2.55934894E-01       1.00024308E+00
   608.3000       2.86379425E-01       2.43532691E+00       5.18946502E-07       5.77663752E-06       2.87727528E-01       1.04941666E-07       2.53533382E-01       2.55940530E-01       1.00024357E+00
   608.4000       2.86379382E-01       2.43775540E+00       5.19981997E-07       5.78821382E-06       2.87727511E-01       1.05148702E-07       2.53535420E-01       2.55946172E-01       1.00024406E+00
   608.5000       2.86379339E-01       2.44018587E+00       5.21019369E-07       5.79981171E-06       2.87727494E-01       1.05358513E-07       2.53537458E-01       2.55951821E-01       1.00024456E+00
   608.6000       2.86379296E-01       2.44261821E+00       5.22058576E-07       5.81143111E-06       2.87727477E-01       1.05563500E-07       2.53539496E-01       2.55957477E-01       1.00024504E+00
   608.7000       2.86379253E-01       2.44505243E+00       5.23099622E-07       5.82307202E-06       2.87727460E-01       1.05772482E-07       2.53541534E-01       2.55963140E-01       1.00024554E+00
   608.8000       2.86379210E-01       2.44748870E+00       5.24142580E-07       5.83473451E-06       2.87727443E-01       1.05981953E-07       2.53543573E-01       2.55968811E-01       1.00024603E+00
   608.9000       2.86379165E-01       2.44992686E+00       5.25187392E-07       5.84641855E-06       2.87727425E-01       1.06193155E-07       2.53545612E-01       2.55974489E-01       1.00024653E+00
   609.0000       2.86379123E-01       2.45236703E+00       5.26234106E-07       5.85812410E-06       2.87727408E-01       1.06400410E-07       2.53547651E-01       2.55980173E-01       1.00024702E+00
   609.1000       2.86379080E-01       2.45480914E+00       5.27282693E-07       5.86985121E-06       2.87727391E-01       1.06609452E-07       2.53549690E-01       2.55985865E-01       1.00024752E+00
   609.2000       2.86379035E-01       2.45725321E+00       5.28333165E-07       5.88159989E-06       2.87727374E-01       1.06820397E-07       2.53551730E-01       2.55991563E-01       1.00024801E+00
   609.3000       2.86378992E-01       2.45969915E+00       5.29385493E-07       5.89337011E-06       2.87727357E-01       1.07032890E-07       2.53553769E-01       2.55997268E-01       1.00024852E+00
   609.4000       2.86378947E-01       2.46214723E+00       5.30439784E-07       5.90516196E-06       2.87727339E-01       1.07242996E-07       2.53555808E-01       2.56002982E-01       1.00024901E+00
   609.5000       2.86378904E-01       2.46459713E+00       5.31495914E-07       5.91697540E-06       2.87727322E-01       1.07454338E-07       2.53557846E-01       2.56008703E-01       1.00024951E+00
   609.6000       2.86378860E-01       2.46704882E+00       5.32553864E-07       5.92881032E-06       2.87727304E-01       1.07665522E-07       2.53559885E-01       2.56014431E-01       1.00025001E+00
   609.7000       2.86378817E-01       2.46950261E+00       5.33613773E-07       5.94066687E-06       2.87727287E-01       1.07876376E-07       2.53561924E-01       2.56020167E-01       1.00025051E+00
   609.8000       2.86378772E-01       2.47195803E+00       5.34675445E-07       5.95254491E-06       2.87727270E-01       1.08088412E-07       2.53563963E-01       2.56025908E-01       1.00025101E+00
   609.9000       2.86378728E-01       2.47441552E+00       5.35739063E-07       5.96444449E-06       2.87727252E-01       1.08302081E-07       2.53566002E-01       2.56031656E-01       1.00025152E+00
   610.0000       2.86378683E-01       2.47687463E+00       5.36804446E-07       5.97636547E-06       2.87727235E-01       1.08517000E-07       2.53568041E-01       2.56037410E-01       1.00025203E+00
   610.1000       2.86378639E-01       2.47933555E+00       5.37871668E-07       5.98830793E-06       2.87727217E-01       1.08730292E-07       2.53570081E-01       2.56043170E-01       1.00025253E+00
   610.2000       2.86378594E-01       2.48179876E+00       5.38940943E-07       6.00027201E-06       2.87727199E-01       1.08943068E-07       2.53572121E-01       2.56048936E-01       1.00025304E+00
   610.3000       2.86378549E-01       2.48426373E+00       5.40012052E-07       6.01225764E-06       2.87727182E-01       1.09157033E-07       2.53574162E-01       2.56054708E-01       1.00025354E+00
   610.4000       2.86378505E-01       2.48673032E+00       5.41084924E-07       6.02426474E-06       2.87727164E-01       1.09370756E-07       2.53576202E-01       2.56060486E-01       1.00025405E+00
   610.5000       2.86378460E-01       2.48919892E+00       5.42159737E-07       6.03629335E-06       2.87727146E-01       1.09586567E-07       2.53578243E-01       2.56066270E-01       1.00025456E+00
   610.6000       2.86378415E-01       2.49166944E+00       5.43236450E-07       6.04834352E-06       2.87727129E-01       1.09799895E-07       2.53580284E-01       2.56072060E-01       1.00025506E+00
   610.7000       2.86378370E-01       2.49414170E+00       5.44314999E-07       6.06041519E-06       2.87727111E-01       1.10017201E-07       2.53582325E-01       2.56077856E-01       1.00025558E+00
   610.8000       2.86378325E-01       2.49661586E+00       5.45395441E-07       6.07250839E-06       2.87727093E-01       1.10233404E-07       2.53584367E-01       2.56083657E-01       1.00025609E+00
   610.9000       2.86378280E-01       2.49909186E+00       5.46477760E-07       6.08462315E-06       2.87727075E-01       1.10449958E-07       2.53586408E-01       2.56089464E-01       1.00025660E+00
   611.0000       2.86378235E-01       2.50156970E+00       5.47561958E-07       6.09675953E-06       2.87727057E-01       1.10664093E-07       2.53588450E-01       2.56095278E-01       1.00025711E+00
   611.1000       2.86378189E-01       2.50404916E+00       5.48647943E-07       6.10891733E-06       2.87727039E-01       1.10883208E-07       2.53590492E-01       2.56101098E-01       1.00025763E+00
   611.2000       2.86378144E-01       2.50653044E+00       5.49735801E-07       6.12109659E-06       2.87727021E-01       1.11099569E-07       2.53592534E-01       2.56106923E-01       1.00025814E+00
   611.3000       2.86378097E-01       2.50901363E+00       5.50825573E-07       6.13329738E-06       2.87727003E-01       1.11319651E-07       2.53594576E-01       2.56112755E-01       1.00025866E+00
   611.4000       2.86378052E-01       2.51149830E+00       5.51917074E-07       6.14551949E-06       2.87726985E-01       1.11536027E-07       2.53596617E-01       2.56118594E-01       1.00025917E+00
   611.5000       2.86378007E-01       2.51398482E+00       5.53010472E-07       6.15776301E-06       2.87726967E-01       1.11753677E-07       2.53598658E-01       2.56124439E-01       1.00025969E+00
   611.6000       2.86377961E-01       2.51647321E+00       5.54105775E-07       6.17002796E-06       2.87726949E-01       1.11971510E-07       2.53600699E-01       2.56130289E-01       1.00026020E+00
   611.7000       2.86377915E-01       2.51896332E+00       5.55202917E-07       6.18231433E-06       2.87726931E-01       1.12190715E-07       2.53602739E-01       2.56136143E-01       1.00026072E+00
   611.8000       2.86377869E-01       2.52145545E+00       5.56302037E-07       6.19462226E-06       2.87726913E-01       1.12409652E-07       2.53604780E-01       2.56142006E-01       1.00026124E+00
   611.9000       2.86377823E-01       2.52394896E+00       5.57402858E-07       6.20695156E-06       2.87726895E-01       1.12629662E-07       2.53606820E-01       2.56147878E-01       1.00026176E+00
   612.0000       2.86377776E-01       2.52644444E+00       5.58505633E-07       6.21930231E-06       2.87726876E-01       1.12851514E-07       2.53608860E-01       2.56153755E-01       1.00026228E+00
   612.1000       2.86377730E-01       2.52894128E+00       5.59610100E-07       6.23167435E-06       2.87726858E-01       1.13070365E-07       2.53610901E-01       2.56159639E-01       1.00026280E+00
   612.2000       2.86377684E-01       2.53144021E+00       5.60716585E-07       6.24406788E-06       2.87726840E-01       1.13290374E-07       2.53612942E-01       2.56165529E-01       1.00026332E+00
   612.3000       2.86377637E-01       2.53394054E+00       5.61824783E-07       6.25648268E-06       2.87726821E-01       1.13514247E-07       2.53614982E-01       2.56171426E-01       1.00026385E+00
   612.4000       2.86377590E-01       2.53644279E+00       5.62934928E-07       6.26891887E-06       2.87726803E-01       1.13737193E-07       2.53617022E-01       2.56177327E-01       1.00026438E+00
   612.5000       2.86377544E-01       2.53894662E+00       5.64046870E-07       6.28137640E-06       2.87726784E-01       1.13956919E-07       2.53619062E-01       2.56183234E-01       1.00026490E+00
   612.6000       2.86377497E-01       2.54145215E+00       5.65160663E-07       6.29385526E-06       2.87726766E-01       1.14177916E-07       2.53621102E-01       2.56189147E-01       1.00026542E+00
   612.7000       2.86377450E-01       2.54395950E+00       5.66276370E-07       6.30635554E-06       2.87726747E-01       1.14401051E-07       2.53623143E-01       2.56195065E-01       1.00026595E+00
   612.8000       2.86377403E-01       2.54646846E+00       5.67393890E-07       6.31887711E-06       2.87726729E-01       1.14624147E-07       2.53625183E-01       2.56200989E-01       1.00026648E+00
   612.9000       2.86377356E-01       2.54897912E+00       5.68513275E-07       6.33142011E-06       2.87726710E-01       1.14847266E-07       2.53627224E-01       2.56206918E-01       1.00026701E+00
   613.0000       2.86377308E-01       2.55149130E+00       5.69634438E-07       6.34398434E-06       2.87726692E-01       1.15071173E-07       2.53629265E-01       2.56212852E-01       1.00026753E+00
   613.1000       2.86377261E-01       2.55400536E+00       5.70757548E-07       6.35657003E-06       2.87726673E-01       1.15293714E-07       2.53631307E-01       2.56218792E-01       1.00026806E+00
   613.2000       2.86377214E-01       2.55652072E+00       5.71882343E-07       6.36917688E-06       2.87726654E-01       1.15519287E-07       2.53633349E-01       2.56224738E-01       1.00026860E+00
   613.3000       2.86377166E-01       2.55903775E+00       5.73008995E-07       6.38180490E-06       2.87726636E-01       1.15741510E-07       2.53635390E-01       2.56230690E-01       1.00026912E+00
   613.4000       2.86377118E-01       2.56155636E+00       5.74137461E-07       6.39445414E-06       2.87726617E-01       1.15968363E-07       2.53637432E-01       2.56236647E-01       1.00026966E+00
   613.5000       2.86377071E-01       2.56407691E+00       5.75267912E-07       6.40712473E-06       2.87726598E-01       1.16196226E-07       2.53639474E-01       2.56242608E-01       1.00027020E+00
   613.6000       2.86377023E-01       2.56659893E+00       5.76400133E-07       6.41981658E-06       2.87726579E-01       1.16418353E-07       2.53641515E-01       2.56248577E-01       1.00027072E+00
   613.7000       2.86376976E-01       2.56912247E+00       5.77534150E-07       6.43252962E-06       2.87726560E-01       1.16645557E-07       2.53643557E-01       2.56254551E-01       1.00027126E+00
   613.8000       2.86376928E-01       2.57164759E+00       5.78669990E-07       6.44526386E-06       2.87726541E-01       1.16870500E-07       2.53645598E-01       2.56260530E-01       1.00027179E+00
   613.9000       2.86376880E-01       2.57417417E+00       5.79807609E-07       6.45801923E-06       2.87726522E-01       1.17098540E-07       2.53647640E-01       2.56266515E-01       1.00027233E+00
   614.0000       2.86376832E-01       2.57670250E+00       5.80947129E-07       6.47079581E-06       2.87726503E-01       1.17326121E-07       2.53649681E-01       2.56272503E-01       1.00027287E+00
   614.1000       2.86376783E-01       2.57923232E+00       5.82088442E-07       6.48359348E-06       2.87726484E-01       1.17551047E-07       2.53651722E-01       2.56278499E-01       1.00027340E+00
   614.2000       2.86376734E-01       2.58176359E+00       5.83231534E-07       6.49641225E-06       2.87726465E-01       1.17780829E-07       2.53653762E-01       2.56284500E-01       1.00027395E+00
   614.3000       2.86376687E-01       2.58429625E+00       5.84376370E-07       6.50925201E-06       2.87726446E-01       1.18006022E-07       2.53655801E-01       2.56290508E-01       1.00027448E+00
   614.4000       2.86376639E-01       2.58683052E+00       5.85523062E-07       6.52211280E-06       2.87726427E-01       1.18234561E-07       2.53657841E-01       2.56296519E-01       1.00027502E+00
   614.5000       2.86376590E-01       2.58936637E+00       5.86671591E-07       6.53499460E-06       2.87726408E-01       1.18462027E-07       2.53659879E-01       2.56302535E-01       1.00027556E+00
   614.6000       2.86376540E-01       2.59190356E+00       5.87821857E-07       6.54789736E-06       2.87726388E-01       1.18693313E-07       2.53661918E-01       2.56308559E-01       1.00027610E+00
   614.7000       2.86376492E-01       2.59444232E+00       5.88973958E-07       6.56082110E-06       2.87726369E-01       1.18920860E-07       2.53663956E-01       2.56314587E-01       1.00027664E+00
   614.8000       2.86376443E-01       2.59698249E+00       5.90127831E-07       6.57376571E-06       2.87726350E-01       1.19150815E-07       2.53665993E-01       2.56320621E-01       1.00027719E+00
   614.9000       2.86376394E-01       2.59952417E+00       5.91283517E-07       6.58673126E-06       2.87726330E-01       1.19380896E-07       2.53668030E-01       2.56326659E-01       1.00027773E+00
   615.0000       2.86376346E-01       2.60206728E+00       5.92440986E-07       6.59971769E-06       2.87726311E-01       1.19609443E-07       2.53670067E-01       2.56332704E-01       1.00027827E+00
   615.1000       2.86376296E-01       2.60461195E+00       5.93600299E-07       6.61272502E-06       2.87726292E-01       1.19841821E-07       2.53672104E-01       2.56338755E-01       1.00027882E+00
   615.2000       2.86376247E-01       2.60715813E+00       5.94761433E-07       6.62575329E-06       2.87726272E-01       1.20072847E-07       2.53674141E-01       2.56344813E-01       1.00027937E+00
   615.3000       2.86376198E-01       2.60970576E+00       5.95924362E-07       6.63880250E-06       2.87726253E-01       1.20304009E-07       2.53676177E-01       2.56350876E-01       1.00027992E+00
   615.4000       2.86376147E-01       2.61225463E+00       5.97088998E-07       6.65187248E-06       2.87726233E-01       1.20537628E-07       2.53678214E-01       2.56356946E-01       1.00028047E+00
   615.5000       2.86376099E-01       2.61480496E+00       5.98255435E-07       6.66496326E-06       2.87726213E-01       1.20765600E-07       2.53680250E-01       2.56363023E-01       1.00028101E+00
   615.6000       2.86376050E-01       2.61735680E+00       5.99423702E-07       6.67807483E-06       2.87726194E-01       1.20996681E-07       2.53682285E-01       2.56369105E-01       1.00028155E+00
   615.7000       2.86375999E-01       2.61990975E+00       6.00593623E-07       6.69120707E-06       2.87726174E-01       1.21231895E-07       2.53684320E-01       2.56375192E-01       1.00028211E+00
   615.8000       2.86375949E-01       2.62246414E+00       6.01765337E-07       6.70435995E-06       2.87726154E-01       1.21465874E-07       2.53686356E-01       2.56381284E-01       1.00028266E+00
   615.9000       2.86375900E-01       2.62501981E+00       6.02938786E-07       6.71753345E-06       2.87726135E-01       1.21697224E-07       2.53688391E-01       2.56387382E-01       1.00028321E+00
   616.0000       2.86375850E-01       2.62757686E+00       6.04114016E-07       6.73072752E-06       2.87726115E-01       1.21929822E-07       2.53690427E-01       2.56393484E-01       1.00028376E+00
   616.1000       2.86375800E-01       2.63013530E+00       6.05291022E-07       6.74394218E-06       2.87726095E-01       1.22163885E-07       2.53692462E-01       2.56399589E-01       1.00028432E+00
   616.2000       2.86375748E-01       2.63269507E+00       6.06469791E-07       6.75717738E-06       2.87726075E-01       1.22402534E-07       2.53694497E-01       2.56405698E-01       1.00028488E+00
   616.3000       2.86375698E-01       2.63525647E+00       6.07650460E-07       6.77043332E-06       2.87726055E-01       1.22633817E-07       2.53696532E-01       2.56411811E-01       1.00028543E+00
   616.4000       2.86375649E-01       2.63781878E+00       6.08832692E-07       6.78370967E-06       2.87726035E-01       1.22867426E-07       2.53698567E-01       2.56417930E-01       1.00028598E+00
   616.5000       2.86375598E-01       2.64038227E+00       6.10016622E-07       6.79700635E-06       2.87726015E-01       1.23101937E-07       2.53700601E-01       2.56424052E-01       1.00028653E+00
   616.6000       2.86375548E-01       2.64294723E+00       6.11202381E-07       6.81032343E-06       2.87725995E-01       1.23337336E-07       2.53702635E-01       2.56430179E-01       1.00028709E+00
   616.7000       2.86375497E-01       2.64551358E+00       6.12389934E-07       6.82366100E-06       2.87725975E-01       1.23572948E-07       2.53704669E-01       2.56436311E-01       1.00028765E+00
   616.8000       2.86375446E-01       2.64808110E+00       6.13579184E-07       6.83701896E-06       2.87725955E-01       1.23811255E-07       2.53706702E-01       2.56442448E-01       1.00028821E+00
   616.9000       2.86375395E-01       2.65064982E+00       6.14770141E-07       6.85039724E-06       2.87725935E-01       1.24046819E-07       2.53708735E-01       2.56448590E-01       1.00028877E+00
   617.0000       2.86375344E-01       2.65321999E+00       6.15962926E-07       6.86379590E-06       2.87725915E-01       1.24281974E-07       2.53710766E-01       2.56454737E-01       1.00028933E+00
   617.1000       2.86375293E-01       2.65579120E+00       6.17157355E-07       6.87721481E-06       2.87725894E-01       1.24520289E-07       2.53712798E-01       2.56460890E-01       1.00028989E+00
   617.2000       2.86375242E-01       2.65836373E+00       6.18353551E-07       6.89065405E-06       2.87725874E-01       1.24756845E-07       2.53714829E-01       2.56467048E-01       1.00029045E+00
   617.3000       2.86375191E-01       2.66093764E+00       6.19551549E-07       6.90411361E-06       2.87725854E-01       1.24994094E-07       2.53716860E-01       2.56473211E-01       1.00029101E+00
   617.4000       2.86375140E-01       2.66351240E+00       6.20751101E-07       6.91759322E-06       2.87725833E-01       1.25230852E-07       2.53718891E-01       2.56479378E-01       1.00029157E+00
   617.5000       2.86375089E-01       2.66608836E+00       6.21952374E-07       6.93109294E-06       2.87725813E-01       1.25468343E-07       2.53720921E-01       2.56485549E-01       1.00029213E+00
   617.6000       2.86375037E-01       2.66866583E+00       6.23155515E-07       6.94461289E-06       2.87725793E-01       1.25707467E-07       2.53722950E-01       2.56491723E-01       1.00029270E+00
   617.7000       2.86374985E-01       2.67124427E+00       6.24360273E-07       6.95815291E-06       2.87725772E-01       1.25947040E-07       2.53724979E-01       2.56497903E-01       1.00029327E+00
   617.8000       2.86374933E-01       2.67382386E+00       6.25566727E-07       6.97171298E-06       2.87725752E-01       1.26186120E-07       2.53727007E-01       2.56504087E-01       1.00029383E+00
   617.9000       2.86374882E-01       2.67640446E+00       6.26774825E-07       6.98529297E-06       2.87725731E-01       1.26424328E-07       2.53729035E-01       2.56510275E-01       1.00029439E+00
   618.0000       2.86374829E-01       2.67898629E+00       6.27984661E-07       6.99889292E-06       2.87725710E-01       1.26666170E-07       2.53731062E-01       2.56516466E-01       1.00029497E+00
   618.1000       2.86374778E-01       2.68156946E+00       6.29196290E-07       7.01251297E-06       2.87725690E-01       1.26906170E-07       2.53733089E-01       2.56522661E-01       1.00029553E+00
   618.2000       2.86374725E-01       2.68415356E+00       6.30409528E-07       7.02615288E-06       2.87725669E-01       1.27147546E-07       2.53735114E-01       2.56528861E-01       1.00029611E+00
   618.3000       2.86374673E-01       2.68673876E+00       6.31624454E-07       7.03981262E-06       2.87725648E-01       1.27386644E-07       2.53737139E-01       2.56535066E-01       1.00029667E+00
   618.4000       2.86374621E-01       2.68932528E+00       6.32841165E-07       7.05349235E-06       2.87725627E-01       1.27628751E-07       2.53739164E-01       2.56541276E-01       1.00029724E+00
   618.5000       2.86374569E-01       2.69191254E+00       6.34059397E-07       7.06719180E-06       2.87725607E-01       1.27867689E-07       2.53741188E-01       2.56547490E-01       1.00029781E+00
   618.6000       2.86374516E-01       2.69450089E+00       6.35279315E-07       7.08091099E-06       2.87725586E-01       1.28110886E-07       2.53743211E-01       2.56553709E-01       1.00029839E+00
   618.7000       2.86374464E-01       2.69709032E+00       6.36500919E-07       7.09464981E-06       2.87725565E-01       1.28351437E-07       2.53745233E-01       2.56559935E-01       1.00029895E+00
   618.8000       2.86374411E-01       2.69968081E+00       6.37724192E-07       7.10840824E-06       2.87725544E-01       1.28591433E-07       2.53747254E-01       2.56566163E-01       1.00029952E+00
   618.9000       2.86374359E-01       2.70227230E+00       6.38949114E-07       7.12218630E-06       2.87725523E-01       1.28833647E-07       2.53749276E-01       2.56572396E-01       1.00030010E+00
   619.0000       2.86374305E-01       2.70486472E+00       6.40175651E-07       7.13598384E-06       2.87725502E-01       1.29080438E-07       2.53751296E-01       2.56578632E-01       1.00030068E+00
   619.1000       2.86374252E-01       2.70745824E+00       6.41403885E-07       7.14980094E-06       2.87725481E-01       1.29321439E-07       2.53753316E-01       2.56584874E-01       1.00030125E+00
   619.2000       2.86374199E-01       2.71005270E+00       6.42633745E-07       7.16363746E-06       2.87725460E-01       1.29566782E-07       2.53755335E-01       2.56591120E-01       1.00030183E+00
   619.3000       2.86374146E-01       2.71264806E+00       6.43865206E-07       7.17749331E-06       2.87725439E-01       1.29808953E-07       2.53757352E-01       2.56597369E-01       1.00030240E+00
   619.4000       2.86374093E-01       2.71524448E+00       6.45098351E-07       7.19136855E-06       2.87725417E-01       1.30049993E-07       2.53759369E-01       2.56603621E-01       1.00030297E+00
   619.5000       2.86374041E-01       2.71784205E+00       6.46333222E-07       7.20526327E-06       2.87725396E-01       1.30292449E-07       2.53761385E-01       2.56609877E-01       1.00030355E+00
   619.6000       2.86373986E-01       2.72044056E+00       6.47569724E-07       7.21917738E-06       2.87725375E-01       1.30540422E-07       2.53763400E-01       2.56616140E-01       1.00030413E+00
   619.7000       2.86373933E-01       2.72303993E+00       6.48807815E-07       7.23311075E-06       2.87725353E-01       1.30784415E-07       2.53765414E-01       2.56622406E-01       1.00030471E+00
   619.8000       2.86373879E-01       2.72564014E+00       6.50047489E-07       7.24706333E-06       2.87725332E-01       1.31030872E-07       2.53767428E-01       2.56628678E-01       1.00030529E+00
   619.9000       2.86373826E-01       2.72824148E+00       6.51288890E-07       7.26103520E-06       2.87725311E-01       1.31273710E-07       2.53769441E-01       2.56634955E-01       1.00030587E+00
   620.0000       2.86373773E-01       2.73084340E+00       6.52531746E-07       7.27502611E-06       2.87725289E-01       1.31519588E-07       2.53771454E-01       2.56641237E-01       1.00030645E+00
   620.1000       2.86373718E-01       2.73344641E+00       6.53776310E-07       7.28903613E-06       2.87725268E-01       1.31768229E-07       2.53773466E-01       2.56647523E-01       1.00030704E+00
   620.2000       2.86373664E-01       2.73605047E+00       6.55022564E-07       7.30306537E-06       2.87725246E-01       1.32011764E-07       2.53775477E-01       2.56653815E-01       1.00030761E+00
   620.3000       2.86373610E-01       2.73865506E+00       6.56270261E-07       7.31711350E-06       2.87725225E-01       1.32257737E-07       2.53777487E-01       2.56660110E-01       1.00030820E+00
   620.4000       2.86373555E-01       2.74126068E+00       6.57519635E-07       7.33118062E-06       2.87725203E-01       1.32506012E-07       2.53779497E-01       2.56666408E-01       1.00030878E+00
   620.5000       2.86373502E-01       2.74386704E+00       6.58770554E-07       7.34526661E-06       2.87725181E-01       1.32752394E-07       2.53781507E-01       2.56672710E-01       1.00030937E+00
   620.6000       2.86373447E-01       2.74647424E+00       6.60023067E-07       7.35937142E-06       2.87725159E-01       1.32999202E-07       2.53783516E-01       2.56679016E-01       1.00030995E+00
   620.7000       2.86373393E-01       2.74908212E+00       6.61277096E-07       7.37349489E-06       2.87725138E-01       1.33246092E-07       2.53785524E-01       2.56685325E-01       1.00031053E+00
   620.8000       2.86373338E-01       2.75169087E+00       6.62532734E-07       7.38763711E-06       2.87725116E-01       1.33493836E-07       2.53787532E-01       2.56691638E-01       1.00031112E+00
   620.9000       2.86373283E-01       2.75430061E+00       6.63790039E-07       7.40179812E-06       2.87725094E-01       1.33740830E-07       2.53789539E-01       2.56697952E-01       1.00031170E+00
   621.0000       2.86373228E-01       2.75691098E+00       6.65048840E-07       7.41597780E-06       2.87725072E-01       1.33991517E-07       2.53791545E-01       2.56704270E-01       1.00031230E+00
   621.1000       2.86373174E-01       2.75952194E+00       6.66309118E-07       7.43017599E-06       2.87725050E-01       1.34239452E-07       2.53793551E-01       2.56710593E-01       1.00031288E+00
   621.2000       2.86373119E-01       2.76213360E+00       6.67570929E-07       7.44439257E-06       2.87725028E-01       1.34488633E-07       2.53795556E-01       2.56716918E-01       1.00031347E+00
   621.3000       2.86373064E-01       2.76474611E+00       6.68834341E-07       7.45862763E-06       2.87725006E-01       1.34736834E-07       2.53797559E-01       2.56723247E-01       1.00031406E+00
   621.4000       2.86373009E-01       2.76735910E+00       6.70099185E-07       7.47288095E-06       2.87724984E-01       1.34985511E-07       2.53799561E-01       2.56729581E-01       1.00031465E+00
   621.5000       2.86372954E-01       2.76997309E+00       6.71365705E-07       7.48715265E-06       2.87724962E-01       1.35233443E-07       2.53801561E-01       2.56735916E-01       1.00031524E+00
   621.6000       2.86372898E-01       2.77258738E+00       6.72633570E-07       7.50144248E-06       2.87724940E-01       1.35485735E-07       2.53803560E-01       2.56742254E-01       1.00031583E+00
   621.7000       2.86372842E-01       2.77520235E+00       6.73902957E-07       7.51575040E-06       2.87724918E-01       1.35735004E-07       2.53805559E-01       2.56748594E-01       1.00031642E+00
   621.8000       2.86372787E-01       2.77781825E+00       6.75173996E-07       7.53007657E-06       2.87724895E-01       1.35986160E-07       2.53807557E-01       2.56754936E-01       1.00031702E+00
   621.9000       2.86372732E-01       2.78043448E+00       6.76446390E-07       7.54442068E-06       2.87724873E-01       1.36236941E-07       2.53809553E-01       2.56761280E-01       1.00031761E+00
   622.0000       2.86372676E-01       2.78305143E+00       6.77720335E-07       7.55878276E-06       2.87724851E-01       1.36488441E-07       2.53811548E-01       2.56767627E-01       1.00031821E+00
   622.1000       2.86372620E-01       2.78566909E+00       6.78995826E-07       7.57316284E-06       2.87724828E-01       1.36739037E-07       2.53813541E-01       2.56773976E-01       1.00031880E+00
   622.2000       2.86372565E-01       2.78828702E+00       6.80272642E-07       7.58756063E-06       2.87724806E-01       1.36987210E-07       2.53815534E-01       2.56780328E-01       1.00031939E+00
   622.3000       2.86372509E-01       2.79090573E+00       6.81551044E-07       7.60197622E-06       2.87724783E-01       1.37241081E-07       2.53817525E-01       2.56786683E-01       1.00031999E+00
   622.4000       2.86372453E-01       2.79352506E+00       6.82830946E-07       7.61640963E-06       2.87724761E-01       1.37490075E-07       2.53819514E-01       2.56793040E-01       1.00032057E+00
   622.5000       2.86372395E-01       2.79614495E+00       6.84112327E-07       7.63086072E-06       2.87724738E-01       1.37748299E-07       2.53821502E-01       2.56799400E-01       1.00032119E+00
   622.6000       2.86372340E-01       2.79876519E+00       6.85395076E-07       7.64532942E-06       2.87724716E-01       1.37996211E-07       2.53823489E-01       2.56805764E-01       1.00032177E+00
   622.7000       2.86372284E-01       2.80138623E+00       6.86679421E-07       7.65981575E-06       2.87724693E-01       1.38251797E-07       2.53825475E-01       2.56812130E-01       1.00032238E+00
   622.8000       2.86372228E-01       2.80400753E+00       6.87965094E-07       7.67431952E-06       2.87724670E-01       1.38499680E-07       2.53827459E-01       2.56818501E-01       1.00032296E+00
   622.9000       2.86372172E-01       2.80662939E+00       6.89252248E-07       7.68884071E-06       2.87724648E-01       1.38752471E-07       2.53829443E-01       2.56824875E-01       1.00032356E+00
   623.0000       2.86372114E-01       2.80925157E+00       6.90540758E-07       7.70337917E-06       2.87724625E-01       1.39007385E-07       2.53831425E-01       2.56831253E-01       1.00032416E+00
   623.1000       2.86372057E-01       2.81187407E+00       6.91830629E-07       7.71793476E-06       2.87724602E-01       1.39260344E-07       2.53833407E-01       2.56837633E-01       1.00032476E+00
   623.2000       2.86372000E-01       2.81449720E+00       6.93122019E-07       7.73250760E-06       2.87724579E-01       1.39515106E-07       2.53835388E-01       2.56844017E-01       1.00032537E+00
   623.3000       2.86371944E-01       2.81712086E+00       6.94414872E-07       7.74709770E-06       2.87724556E-01       1.39769029E-07       2.53837368E-01       2.56850405E-01       1.00032597E+00
   623.4000       2.86371887E-01       2.81974488E+00       6.95709104E-07       7.76170488E-06       2.87724533E-01       1.40022966E-07       2.53839347E-01       2.56856798E-01       1.00032657E+00
   623.5000       2.86371830E-01       2.82236924E+00       6.97004712E-07       7.77632908E-06       2.87724510E-01       1.40277275E-07       2.53841325E-01       2.56863197E-01       1.00032717E+00
   623.6000       2.86371773E-01       2.82499377E+00       6.98301607E-07       7.79097009E-06       2.87724487E-01       1.40531478E-07       2.53843302E-01       2.56869598E-01       1.00032777E+00
   623.7000       2.86371715E-01       2.82761877E+00       6.99599942E-07       7.80562790E-06       2.87724464E-01       1.40786385E-07       2.53845278E-01       2.56876000E-01       1.00032837E+00
   623.8000       2.86371659E-01       2.83024398E+00       7.00899587E-07       7.82030243E-06       2.87724441E-01       1.41041009E-07       2.53847254E-01       2.56882405E-01       1.00032898E+00
   623.9000       2.86371601E-01       2.83286956E+00       7.02200622E-07       7.83499360E-06       2.87724418E-01       1.41297413E-07       2.53849229E-01       2.56888813E-01       1.00032958E+00
   624.0000       2.86371543E-01       2.83549542E+00       7.03502997E-07       7.84970122E-06       2.87724394E-01       1.41555572E-07       2.53851203E-01       2.56895223E-01       1.00033019E+00
   624.1000       2.86371485E-01       2.83812167E+00       7.04806777E-07       7.86442545E-06       2.87724371E-01       1.41809219E-07       2.53853176E-01       2.56901638E-01       1.00033079E+00
   624.2000       2.86371428E-01       2.84074787E+00       7.06111739E-07       7.87916590E-06       2.87724348E-01       1.42063627E-07       2.53855148E-01       2.56908054E-01       1.00033139E+00
   624.3000       2.86371370E-01       2.84337455E+00       7.07418148E-07       7.89392272E-06       2.87724324E-01       1.42320997E-07       2.53857118E-01       2.56914472E-01       1.00033200E+00
   624.4000       2.86371312E-01       2.84600158E+00       7.08725936E-07       7.90869581E-06       2.87724301E-01       1.42576933E-07       2.53859088E-01       2.56920893E-01       1.00033261E+00
   624.5000       2.86371254E-01       2.84862884E+00       7.10035049E-07       7.92348519E-06       2.87724277E-01       1.42832574E-07       2.53861056E-01       2.56927316E-01       1.00033321E+00
   624.6000       2.86371196E-01       2.85125631E+00       7.11345474E-07       7.93829072E-06       2.87724254E-01       1.43091367E-07       2.53863024E-01       2.56933740E-01       1.00033383E+00
   624.7000       2.86371138E-01       2.85388396E+00       7.12657196E-07       7.95311229E-06       2.87724230E-01       1.43346670E-07       2.53864990E-01       2.56940169E-01       1.00033443E+00
   624.8000       2.86371080E-01       2.85651192E+00       7.13970282E-07       7.96794992E-06       2.87724207E-01       1.43603715E-07       2.53866955E-01       2.56946601E-01       1.00033504E+00
   624.9000       2.86371021E-01       2.85913992E+00       7.15284593E-07       7.98280342E-06       2.87724183E-01       1.43862299E-07       2.53868919E-01       2.56953034E-01       1.00033565E+00
   625.0000       2.86370963E-01       2.86176787E+00       7.16600093E-07       7.99767269E-06       2.87724159E-01       1.44120494E-07       2.53870883E-01       2.56959469E-01       1.00033626E+00
   625.1000       2.86370904E-01       2.86439620E+00       7.17916991E-07       8.01255771E-06       2.87724135E-01       1.44378258E-07       2.53872844E-01       2.56965904E-01       1.00033687E+00
   625.2000       2.86370846E-01       2.86702445E+00       7.19235056E-07       8.02745834E-06       2.87724112E-01       1.44635814E-07       2.53874804E-01       2.56972341E-01       1.00033748E+00
   625.3000       2.86370787E-01       2.86965276E+00       7.20554361E-07       8.04237446E-06       2.87724088E-01       1.44895427E-07       2.53876763E-01       2.56978780E-01       1.00033809E+00
   625.4000       2.86370728E-01       2.87228132E+00       7.21874996E-07       8.05730605E-06       2.87724064E-01       1.45149484E-07       2.53878720E-01       2.56985220E-01       1.00033870E+00
   625.5000       2.86370670E-01       2.87491007E+00       7.23196942E-07       8.07225318E-06       2.87724040E-01       1.45409764E-07       2.53880675E-01       2.56991663E-01       1.00033931E+00
   625.6000       2.86370610E-01       2.87753856E+00       7.24519964E-07       8.08721548E-06       2.87724016E-01       1.45670661E-07       2.53882630E-01       2.56998108E-01       1.00033993E+00
   625.7000       2.86370551E-01       2.88016718E+00       7.25844259E-07       8.10219300E-06       2.87723992E-01       1.45927292E-07       2.53884583E-01       2.57004555E-01       1.00034054E+00
   625.8000       2.86370491E-01       2.88279544E+00       7.27169584E-07       8.11718542E-06       2.87723968E-01       1.46191712E-07       2.53886536E-01       2.57011005E-01       1.00034116E+00
   625.9000       2.86370433E-01       2.88542408E+00       7.28496312E-07       8.13219292E-06       2.87723944E-01       1.46447859E-07       2.53888487E-01       2.57017455E-01       1.00034177E+00
   626.0000       2.86370372E-01       2.88805270E+00       7.29824237E-07       8.14721537E-06       2.87723919E-01       1.46709511E-07       2.53890436E-01       2.57023907E-01       1.00034239E+00
   626.1000       2.86370314E-01       2.89068142E+00       7.31153418E-07       8.16225276E-06       2.87723895E-01       1.46967459E-07       2.53892385E-01       2.57030362E-01       1.00034300E+00
   626.2000       2.86370255E-01       2.89331001E+00       7.32483747E-07       8.17730497E-06       2.87723871E-01       1.47225247E-07       2.53894333E-01       2.57036820E-01       1.00034361E+00
   626.3000       2.86370194E-01       2.89593827E+00       7.33815117E-07       8.19237172E-06       2.87723846E-01       1.47488620E-07       2.53896279E-01       2.57043280E-01       1.00034423E+00
   626.4000       2.86370135E-01       2.89856658E+00       7.35147721E-07       8.20745305E-06       2.87723822E-01       1.47748455E-07       2.53898225E-01       2.57049743E-01       1.00034484E+00
   626.5000       2.86370076E-01       2.90119442E+00       7.36481295E-07       8.22254863E-06       2.87723798E-01       1.48008424E-07       2.53900169E-01       2.57056208E-01       1.00034546E+00
   626.6000       2.86370016E-01       2.90382256E+00       7.37816230E-07       8.23765862E-06       2.87723773E-01       1.48268523E-07       2.53902111E-01       2.57062672E-01       1.00034607E+00
   626.7000       2.86369956E-01       2.90645065E+00       7.39152343E-07       8.25278297E-06       2.87723749E-01       1.48529451E-07       2.53904052E-01       2.57069138E-01       1.00034669E+00
   626.8000       2.86369895E-01       2.90907840E+00       7.40489498E-07       8.26792149E-06       2.87723724E-01       1.48794833E-07       2.53905993E-01       2.57075603E-01       1.00034732E+00
   626.9000       2.86369835E-01       2.91170598E+00       7.41827777E-07       8.28307406E-06       2.87723699E-01       1.49052581E-07       2.53907932E-01       2.57082067E-01       1.00034793E+00
   627.0000       2.86369775E-01       2.91433340E+00       7.43167178E-07       8.29824067E-06       2.87723675E-01       1.49313935E-07       2.53909870E-01       2.57088531E-01       1.00034855E+00
   627.1000       2.86369715E-01       2.91696072E+00       7.44507736E-07       8.31342125E-06       2.87723650E-01       1.49575605E-07       2.53911807E-01       2.57094996E-01       1.00034917E+00
   627.2000       2.86369654E-01       2.91958771E+00       7.45849337E-07       8.32861570E-06       2.87723625E-01       1.49838061E-07       2.53913743E-01       2.57101461E-01       1.00034979E+00
   627.3000       2.86369594E-01       2.92221461E+00       7.47192094E-07       8.34382390E-06       2.87723600E-01       1.50098453E-07       2.53915677E-01       2.57107926E-01       1.00035040E+00
   627.4000       2.86369534E-01       2.92484100E+00       7.48535802E-07       8.35904565E-06       2.87723575E-01       1.50359303E-07       2.53917611E-01       2.57114392E-01       1.00035102E+00
   627.5000       2.86369473E-01       2.92746692E+00       7.49880475E-07       8.37428076E-06       2.87723550E-01       1.50621811E-07       2.53919544E-01       2.57120859E-01       1.00035164E+00
   627.6000       2.86369412E-01       2.93009290E+00       7.51226387E-07       8.38952936E-06       2.87723525E-01       1.50883077E-07       2.53921475E-01       2.57127326E-01       1.00035226E+00
   627.7000       2.86369352E-01       2.93271837E+00       7.52573239E-07       8.40479126E-06       2.87723500E-01       1.51143031E-07       2.53923405E-01       2.57133795E-01       1.00035288E+00
   627.8000       2.86369291E-01       2.93534384E+00       7.53921304E-07       8.42006648E-06       2.87723475E-01       1.51407643E-07       2.53925333E-01       2.57140264E-01       1.00035350E+00
   627.9000       2.86369229E-01       2.93796872E+00       7.55270267E-07       8.43535485E-06       2.87723450E-01       1.51673620E-07       2.53927261E-01       2.57146736E-01       1.00035413E+00
   628.0000       2.86369169E-01       2.94059319E+00       7.56620226E-07       8.45065628E-06       2.87723425E-01       1.51933075E-07       2.53929188E-01       2.57153209E-01       1.00035474E+00
   628.1000       2.86369107E-01       2.94321751E+00       7.57971316E-07       8.46597068E-06       2.87723400E-01       1.52197525E-07       2.53931113E-01       2.57159681E-01       1.00035537E+00
   628.2000       2.86369047E-01       2.94584148E+00       7.59323425E-07       8.48129803E-06       2.87723375E-01       1.52458901E-07       2.53933036E-01       2.57166154E-01       1.00035599E+00
   628.3000       2.86368985E-01       2.94846473E+00       7.60676375E-07       8.49663798E-06       2.87723349E-01       1.52724684E-07       2.53934958E-01       2.57172628E-01       1.00035662E+00
   628.4000       2.86368924E-01       2.95108779E+00       7.62030426E-07       8.51199064E-06       2.87723324E-01       1.52986572E-07       2.53936878E-01       2.57179102E-01       1.00035724E+00
   628.5000       2.86368862E-01       2.95371048E+00       7.63385491E-07       8.52735597E-06       2.87723298E-01       1.53250571E-07       2.53938797E-01       2.57185578E-01       1.00035786E+00
   628.6000       2.86368800E-01       2.95633272E+00       7.64741527E-07       8.54273380E-06       2.87723273E-01       1.53516185E-07       2.53940714E-01       2.57192054E-01       1.00035849E+00
   628.7000       2.86368740E-01       2.95895452E+00       7.66098537E-07       8.55812402E-06       2.87723247E-01       1.53775035E-07       2.53942630E-01       2.57198531E-01       1.00035910E+00
   628.8000       2.86368677E-01       2.96157581E+00       7.67456486E-07       8.57352659E-06       2.87723222E-01       1.54043706E-07       2.53944545E-01       2.57205007E-01       1.00035974E+00
   628.9000       2.86368615E-01       2.96419642E+00       7.68815285E-07       8.58894130E-06       2.87723196E-01       1.54308291E-07       2.53946458E-01       2.57211481E-01       1.00036036E+00
   629.0000       2.86368553E-01       2.96681674E+00       7.70175138E-07       8.60436816E-06       2.87723171E-01       1.54574050E-07       2.53948369E-01       2.57217957E-01       1.00036099E+00
   629.1000       2.86368492E-01       2.96943658E+00       7.71535938E-07       8.61980713E-06       2.87723145E-01       1.54835249E-07       2.53950279E-01       2.57224434E-01       1.00036161E+00
   629.2000       2.86368429E-01       2.97205561E+00       7.72897525E-07       8.63525790E-06       2.87723119E-01       1.55098181E-07       2.53952187E-01       2.57230910E-01       1.00036223E+00
   629.3000       2.86368366E-01       2.97467419E+00       7.74260070E-07       8.65072045E-06       2.87723093E-01       1.55365817E-07       2.53954093E-01       2.57237387E-01       1.00036287E+00
   629.4000       2.86368304E-01       2.97729190E+00       7.75623370E-07       8.66619452E-06       2.87723067E-01       1.55629719E-07       2.53955998E-01       2.57243865E-01       1.00036349E+00
   629.5000       2.86368243E-01       2.97990912E+00       7.76987609E-07       8.68168004E-06       2.87723041E-01       1.55891626E-07       2.53957901E-01       2.57250341E-01       1.00036411E+00
   629.6000       2.86368180E-01       2.98252564E+00       7.78352678E-07       8.69717691E-06       2.87723015E-01       1.56160683E-07       2.53959802E-01       2.57256819E-01       1.00036475E+00
   629.7000       2.86368118E-01       2.98514180E+00       7.79718762E-07       8.71268514E-06       2.87722989E-01       1.56425511E-07       2.53961701E-01       2.57263296E-01       1.00036537E+00
   629.8000       2.86368056E-01       2.98775728E+00       7.81085685E-07       8.72820468E-06       2.87722963E-01       1.56688834E-07       2.53963599E-01       2.57269772E-01       1.00036600E+00
   629.9000       2.86367993E-01       2.99037189E+00       7.82453352E-07       8.74373526E-06       2.87722937E-01       1.56954018E-07       2.53965496E-01       2.57276248E-01       1.00036662E+00
   630.0000       2.86367929E-01       2.99298578E+00       7.83821841E-07       8.75927679E-06       2.87722911E-01       1.57221736E-07       2.53967391E-01       2.57282721E-01       1.00036726E+00
   630.1000       2.86367867E-01       2.99559890E+00       7.85191115E-07       8.77482914E-06       2.87722885E-01       1.57486741E-07       2.53969285E-01       2.57289192E-01       1.00036788E+00
   630.2000       2.86367804E-01       2.99821136E+00       7.86561242E-07       8.79039224E-06       2.87722859E-01       1.57751029E-07       2.53971177E-01       2.57295661E-01       1.00036851E+00
   630.3000       2.86367742E-01       3.00082306E+00       7.87932167E-07       8.80596598E-06       2.87722832E-01       1.58017423E-07       2.53973068E-01       2.57302128E-01       1.00036914E+00
   630.4000       2.86367678E-01       3.00343403E+00       7.89303896E-07       8.82155029E-06       2.87722806E-01       1.58284392E-07       2.53974956E-01       2.57308593E-01       1.00036977E+00
   630.5000       2.86367615E-01       3.00604450E+00       7.90676559E-07       8.83714524E-06       2.87722779E-01       1.58550344E-07       2.53976844E-01       2.57315060E-01       1.00037040E+00
   630.6000       2.86367552E-01       3.00865383E+00       7.92049814E-07       8.85275043E-06       2.87722753E-01       1.58814771E-07       2.53978730E-01       2.57321526E-01       1.00037102E+00
   630.7000       2.86367489E-01       3.01126266E+00       7.93423998E-07       8.86836596E-06       2.87722726E-01       1.59081590E-07       2.53980616E-01       2.57327993E-01       1.00037166E+00
   630.8000       2.86367425E-01       3.01387049E+00       7.94798842E-07       8.88399166E-06       2.87722700E-01       1.59349523E-07       2.53982499E-01       2.57334460E-01       1.00037229E+00
   630.9000       2.86367363E-01       3.01647744E+00       7.96174411E-07       8.89962731E-06       2.87722673E-01       1.59610204E-07       2.53984382E-01       2.57340927E-01       1.00037291E+00
   631.0000       2.86367298E-01       3.01908371E+00       7.97550814E-07       8.91527298E-06       2.87722646E-01       1.59880109E-07       2.53986264E-01       2.57347393E-01       1.00037355E+00
   631.1000       2.86367235E-01       3.02168882E+00       7.98927793E-07       8.93092837E-06       2.87722620E-01       1.60145168E-07       2.53988144E-01       2.57353857E-01       1.00037417E+00
   631.2000       2.86367171E-01       3.02429340E+00       8.00305674E-07       8.94659364E-06       2.87722593E-01       1.60411181E-07       2.53990022E-01       2.57360323E-01       1.00037480E+00
   631.3000       2.86367107E-01       3.02689700E+00       8.01684226E-07       8.96226857E-06       2.87722566E-01       1.60681514E-07       2.53991899E-01       2.57366786E-01       1.00037544E+00
   631.4000       2.86367044E-01       3.02949981E+00       8.03063546E-07       8.97795319E-06       2.87722539E-01       1.60945495E-07       2.53993776E-01       2.57373251E-01       1.00037607E+00
   631.5000       2.86366980E-01       3.03210136E+00       8.04443383E-07       8.99364714E-06       2.87722512E-01       1.61215927E-07       2.53995651E-01       2.57379715E-01       1.00037671E+00
   631.6000       2.86366915E-01       3.03470208E+00       8.05823964E-07       9.00935041E-06       2.87722485E-01       1.61481834E-07       2.53997525E-01       2.57386179E-01       1.00037733E+00
   631.7000       2.86366852E-01       3.03730191E+00       8.07205252E-07       9.02506291E-06       2.87722458E-01       1.61746636E-07       2.53999398E-01       2.57392639E-01       1.00037796E+00
   631.8000       2.86366786E-01       3.03990071E+00       8.08587178E-07       9.04078450E-06       2.87722431E-01       1.62019404E-07       2.54001270E-01       2.57399099E-01       1.00037861E+00
   631.9000       2.86366723E-01       3.04249847E+00       8.09969733E-07       9.05651506E-06       2.87722404E-01       1.62283625E-07       2.54003141E-01       2.57405556E-01       1.00037923E+00
   632.0000       2.86366659E-01       3.04509519E+00       8.11352914E-07       9.07225445E-06       2.87722377E-01       1.62551116E-07       2.54005011E-01       2.57412011E-01       1.00037986E+00
   632.1000       2.86366594E-01       3.04769089E+00       8.12736728E-07       9.08800258E-06       2.87722349E-01       1.62818575E-07       2.54006879E-01       2.57418463E-01       1.00038050E+00
   632.2000       2.86366531E-01       3.05028550E+00       8.14121143E-07       9.10375931E-06       2.87722322E-01       1.63083831E-07       2.54008747E-01       2.57424911E-01       1.00038112E+00
   632.3000       2.86366465E-01       3.05287931E+00       8.15506307E-07       9.11952472E-06       2.87722295E-01       1.63353937E-07       2.54010612E-01       2.57431358E-01       1.00038176E+00
   632.4000       2.86366402E-01       3.05547178E+00       8.16891934E-07       9.13529841E-06       2.87722267E-01       1.63616620E-07       2.54012476E-01       2.57437801E-01       1.00038238E+00
   632.5000       2.86366337E-01       3.05806310E+00       8.18278118E-07       9.15108037E-06       2.87722240E-01       1.63886175E-07       2.54014338E-01       2.57444238E-01       1.00038302E+00
   632.6000       2.86366273E-01       3.06065342E+00       8.19664942E-07       9.16687058E-06       2.87722212E-01       1.64152443E-07       2.54016199E-01       2.57450674E-01       1.00038365E+00
   632.7000       2.86366207E-01       3.06324292E+00       8.21052504E-07       9.18266901E-06       2.87722185E-01       1.64419900E-07       2.54018057E-01       2.57457106E-01       1.00038429E+00
   632.8000       2.86366143E-01       3.06583064E+00       8.22440284E-07       9.19847518E-06       2.87722157E-01       1.64688922E-07       2.54019914E-01       2.57463537E-01       1.00038492E+00
   632.9000       2.86366078E-01       3.06841778E+00       8.23828920E-07       9.21428937E-06       2.87722129E-01       1.64954386E-07       2.54021769E-01       2.57469967E-01       1.00038555E+00
   633.0000       2.86366013E-01       3.07100342E+00       8.25217924E-07       9.23011120E-06       2.87722101E-01       1.65223837E-07       2.54023622E-01       2.57476393E-01       1.00038619E+00
   633.1000       2.86365947E-01       3.07358786E+00       8.26607454E-07       9.24594067E-06       2.87722074E-01       1.65493849E-07       2.54025474E-01       2.57482817E-01       1.00038683E+00
   633.2000       2.86365882E-01       3.07617109E+00       8.27997501E-07       9.26177750E-06       2.87722046E-01       1.65762458E-07       2.54027324E-01       2.57489239E-01       1.00038746E+00
   633.3000       2.86365818E-01       3.07875303E+00       8.29388021E-07       9.27762171E-06       2.87722018E-01       1.66029088E-07       2.54029173E-01       2.57495657E-01       1.00038809E+00
   633.4000       2.86365752E-01       3.08133395E+00       8.30779157E-07       9.29347323E-06       2.87721990E-01       1.66296646E-07       2.54031019E-01       2.57502072E-01       1.00038873E+00
   633.5000       2.86365687E-01       3.08391361E+00       8.32170778E-07       9.30933195E-06       2.87721962E-01       1.66564291E-07       2.54032865E-01       2.57508483E-01       1.00038936E+00
   633.6000       2.86365622E-01       3.08649213E+00       8.33562945E-07       9.32519783E-06       2.87721934E-01       1.66831433E-07       2.54034708E-01       2.57514892E-01       1.00038999E+00
   633.7000       2.86365556E-01       3.08906930E+00       8.34955547E-07       9.34107063E-06       2.87721906E-01       1.67098556E-07       2.54036549E-01       2.57521297E-01       1.00039062E+00
   633.8000       2.86365490E-01       3.09164502E+00       8.36348531E-07       9.35695020E-06       2.87721878E-01       1.67369480E-07       2.54038388E-01       2.57527699E-01       1.00039126E+00
   633.9000       2.86365425E-01       3.09421933E+00       8.37741912E-07       9.37283641E-06       2.87721849E-01       1.67635791E-07       2.54040225E-01       2.57534098E-01       1.00039189E+00
   634.0000       2.86365357E-01       3.09679224E+00       8.39135688E-07       9.38872909E-06       2.87721821E-01       1.67909187E-07       2.54042061E-01       2.57540492E-01       1.00039254E+00
   634.1000       2.86365293E-01       3.09936425E+00       8.40530139E-07       9.40462845E-06       2.87721793E-01       1.68174629E-07       2.54043896E-01       2.57546882E-01       1.00039317E+00
   634.2000       2.86365227E-01       3.10193446E+00       8.41924775E-07       9.42053409E-06       2.87721764E-01       1.68444221E-07       2.54045729E-01       2.57553269E-01       1.00039381E+00
   634.3000       2.86365161E-01       3.10450317E+00       8.43319743E-07       9.43644577E-06       2.87721736E-01       1.68713161E-07       2.54047561E-01       2.57559653E-01       1.00039444E+00
   634.4000       2.86365096E-01       3.10707085E+00       8.44715313E-07       9.45236362E-06       2.87721707E-01       1.68979382E-07       2.54049391E-01       2.57566032E-01       1.00039507E+00
   634.5000       2.86365029E-01       3.10963694E+00       8.46111165E-07       9.46828742E-06       2.87721679E-01       1.69249099E-07       2.54051220E-01       2.57572408E-01       1.00039571E+00
   634.6000       2.86364963E-01       3.11220164E+00       8.47507417E-07       9.48421712E-06       2.87721650E-01       1.69514973E-07       2.54053048E-01       2.57578782E-01       1.00039634E+00
   634.7000       2.86364897E-01       3.11476473E+00       8.48903940E-07       9.50015252E-06       2.87721622E-01       1.69784116E-07       2.54054874E-01       2.57585152E-01       1.00039698E+00
   634.8000       2.86364831E-01       3.11732660E+00       8.50300948E-07       9.51609364E-06       2.87721593E-01       1.70053630E-07       2.54056699E-01       2.57591516E-01       1.00039761E+00
   634.9000       2.86364764E-01       3.11988680E+00       8.51698196E-07       9.53204026E-06       2.87721564E-01       1.70321826E-07       2.54058523E-01       2.57597878E-01       1.00039825E+00
   635.0000       2.86364698E-01       3.12244558E+00       8.53095811E-07       9.54799222E-06       2.87721535E-01       1.70592352E-07       2.54060345E-01       2.57604235E-01       1.00039889E+00
   635.1000       2.86364632E-01       3.12500291E+00       8.54493778E-07       9.56394951E-06       2.87721506E-01       1.70855738E-07       2.54062165E-01       2.57610589E-01       1.00039951E+00
   635.2000       2.86364567E-01       3.12755884E+00       8.55892124E-07       9.57991204E-06       2.87721477E-01       1.71124250E-07       2.54063984E-01       2.57616936E-01       1.00040015E+00
   635.3000       2.86364499E-01       3.13011299E+00       8.57290640E-07       9.59587956E-06       2.87721448E-01       1.71394796E-07       2.54065802E-01       2.57623281E-01       1.00040079E+00
   635.4000       2.86364433E-01       3.13266535E+00       8.58689317E-07       9.61185191E-06       2.87721419E-01       1.71660926E-07       2.54067619E-01       2.57629620E-01       1.00040142E+00
   635.5000       2.86364366E-01       3.13521630E+00       8.60088357E-07       9.62782899E-06       2.87721390E-01       1.71930969E-07       2.54069434E-01       2.57635955E-01       1.00040205E+00
   635.6000       2.86364299E-01       3.13776567E+00       8.61487673E-07       9.64381075E-06       2.87721361E-01       1.72199738E-07       2.54071248E-01       2.57642287E-01       1.00040269E+00
   635.7000       2.86364233E-01       3.14031349E+00       8.62887272E-07       9.65979703E-06       2.87721332E-01       1.72465058E-07       2.54073060E-01       2.57648616E-01       1.00040332E+00
   635.8000       2.86364165E-01       3.14285952E+00       8.64287022E-07       9.67578766E-06       2.87721303E-01       1.72737104E-07       2.54074871E-01       2.57654941E-01       1.00040396E+00
   635.9000       2.86364099E-01       3.14540427E+00       8.65687201E-07       9.69178277E-06       2.87721273E-01       1.73002818E-07       2.54076681E-01       2.57661263E-01       1.00040459E+00
   636.0000       2.86364032E-01       3.14794691E+00       8.67087355E-07       9.70778189E-06       2.87721244E-01       1.73269814E-07       2.54078489E-01       2.57667581E-01       1.00040522E+00
   636.1000       2.86363965E-01       3.15048835E+00       8.68487976E-07       9.72378526E-06       2.87721215E-01       1.73540377E-07       2.54080296E-01       2.57673892E-01       1.00040586E+00
   636.2000       2.86363898E-01       3.15302813E+00       8.69888807E-07       9.73979264E-06       2.87721185E-01       1.73807129E-07       2.54082100E-01       2.57680199E-01       1.00040649E+00
   636.3000       2.86363830E-01       3.15556597E+00       8.71289703E-07       9.75580391E-06       2.87721156E-01       1.74078057E-07       2.54083905E-01       2.57686502E-01       1.00040713E+00
   636.4000       2.86363764E-01       3.15810216E+00       8.72690809E-07       9.77181897E-06       2.87721126E-01       1.74344442E-07       2.54085708E-01       2.57692801E-01       1.00040776E+00
   636.5000       2.86363696E-01       3.16063647E+00       8.74092003E-07       9.78783750E-06       2.87721096E-01       1.74614092E-07       2.54087510E-01       2.57699095E-01       1.00040840E+00
   636.6000       2.86363629E-01       3.16316920E+00       8.75493449E-07       9.80385961E-06       2.87721067E-01       1.74881932E-07       2.54089311E-01       2.57705387E-01       1.00040904E+00
   636.7000       2.86363560E-01       3.16570003E+00       8.76894957E-07       9.81988499E-06       2.87721037E-01       1.75151191E-07       2.54091110E-01       2.57711674E-01       1.00040967E+00
   636.8000       2.86363494E-01       3.16822926E+00       8.78296707E-07       9.83591372E-06       2.87721007E-01       1.75419078E-07       2.54092908E-01       2.57717956E-01       1.00041031E+00
   636.9000       2.86363427E-01       3.17075665E+00       8.79698549E-07       9.85194552E-06       2.87720977E-01       1.75684890E-07       2.54094704E-01       2.57724234E-01       1.00041094E+00
   637.0000       2.86363358E-01       3.17328209E+00       8.81100431E-07       9.86798026E-06       2.87720947E-01       1.75956989E-07       2.54096499E-01       2.57730507E-01       1.00041158E+00
   637.1000       2.86363291E-01       3.17580594E+00       8.82502544E-07       9.88401797E-06       2.87720917E-01       1.76222492E-07       2.54098294E-01       2.57736774E-01       1.00041221E+00
   637.2000       2.86363223E-01       3.17832827E+00       8.83904924E-07       9.90005876E-06       2.87720887E-01       1.76492428E-07       2.54100087E-01       2.57743036E-01       1.00041285E+00
   637.3000       2.86363155E-01       3.18084823E+00       8.85307105E-07       9.91610204E-06       2.87720857E-01       1.76758481E-07       2.54101879E-01       2.57749295E-01       1.00041347E+00
   637.4000       2.86363088E-01       3.18336639E+00       8.86709387E-07       9.93214782E-06       2.87720827E-01       1.77026892E-07       2.54103670E-01       2.57755548E-01       1.00041411E+00
   637.5000       2.86363019E-01       3.18588267E+00       8.88111734E-07       9.94819598E-06       2.87720797E-01       1.77295481E-07       2.54105460E-01       2.57761795E-01       1.00041475E+00
   637.6000       2.86362952E-01       3.18839733E+00       8.89514286E-07       9.96424657E-06       2.87720767E-01       1.77560607E-07       2.54107247E-01       2.57768037E-01       1.00041537E+00
   637.7000       2.86362883E-01       3.19090991E+00       8.90916782E-07       9.98029930E-06       2.87720736E-01       1.77832994E-07       2.54109034E-01       2.57774274E-01       1.00041602E+00
   637.8000       2.86362816E-01       3.19342074E+00       8.92319404E-07       9.99635417E-06       2.87720706E-01       1.78098013E-07       2.54110819E-01       2.57780506E-01       1.00041664E+00
   637.9000       2.86362748E-01       3.19592947E+00       8.93721953E-07       1.00124109E-05       2.87720676E-01       1.78365500E-07       2.54112602E-01       2.57786731E-01       1.00041728E+00
   638.0000       2.86362680E-01       3.19843650E+00       8.95124656E-07       1.00284697E-05       2.87720645E-01       1.78634485E-07       2.54114385E-01       2.57792953E-01       1.00041791E+00
   638.1000       2.86362612E-01       3.20094141E+00       8.96527270E-07       1.00445302E-05       2.87720614E-01       1.78901734E-07       2.54116166E-01       2.57799168E-01       1.00041855E+00
   638.2000       2.86362543E-01       3.20344447E+00       8.97929941E-07       1.00605923E-05       2.87720584E-01       1.79167513E-07       2.54117946E-01       2.57805379E-01       1.00041917E+00
   638.3000       2.86362475E-01       3.20594539E+00       8.99332511E-07       1.00766559E-05       2.87720553E-01       1.79434750E-07       2.54119726E-01       2.57811582E-01       1.00041981E+00
   638.4000       2.86362408E-01       3.20844422E+00       9.00735001E-07       1.00927208E-05       2.87720523E-01       1.79702458E-07       2.54121504E-01       2.57817780E-01       1.00042044E+00
   638.5000       2.86362338E-01       3.21094098E+00       9.02137423E-07       1.01087868E-05       2.87720492E-01       1.79974013E-07       2.54123281E-01       2.57823972E-01       1.00042108E+00
   638.6000       2.86362270E-01       3.21343590E+00       9.03539898E-07       1.01248538E-05       2.87720461E-01       1.80239348E-07       2.54125057E-01       2.57830157E-01       1.00042171E+00
   638.7000       2.86362202E-01       3.21592855E+00       9.04942189E-07       1.01409218E-05       2.87720430E-01       1.80506486E-07       2.54126832E-01       2.57836335E-01       1.00042234E+00
   638.8000       2.86362133E-01       3.21841934E+00       9.06344516E-07       1.01569906E-05       2.87720399E-01       1.80774531E-07       2.54128606E-01       2.57842506E-01       1.00042298E+00
   638.9000       2.86362064E-01       3.22090817E+00       9.07746828E-07       1.01730603E-05       2.87720368E-01       1.81040691E-07       2.54130378E-01       2.57848670E-01       1.00042361E+00
   639.0000       2.86361996E-01       3.22339480E+00       9.09148976E-07       1.01891305E-05       2.87720337E-01       1.81304645E-07       2.54132149E-01       2.57854826E-01       1.00042423E+00
   639.1000       2.86361927E-01       3.22587912E+00       9.10550910E-07       1.02052011E-05       2.87720306E-01       1.81573557E-07       2.54133920E-01       2.57860972E-01       1.00042487E+00
   639.2000       2.86361859E-01       3.22836153E+00       9.11952841E-07       1.02212721E-05       2.87720275E-01       1.81838126E-07       2.54135690E-01       2.57867113E-01       1.00042549E+00
   639.3000       2.86361790E-01       3.23084158E+00       9.13354513E-07       1.02373432E-05       2.87720244E-01       1.82107892E-07       2.54137458E-01       2.57873246E-01       1.00042613E+00
   639.4000       2.86361721E-01       3.23331974E+00       9.14756198E-07       1.02534144E-05       2.87720212E-01       1.82375871E-07       2.54139225E-01       2.57879373E-01       1.00042676E+00
   639.5000       2.86361652E-01       3.23579577E+00       9.16157746E-07       1.02694858E-05       2.87720181E-01       1.82641488E-07       2.54140991E-01       2.57885494E-01       1.00042739E+00
   639.6000       2.86361583E-01       3.23826957E+00       9.17559108E-07       1.02855570E-05       2.87720150E-01       1.82907716E-07       2.54142756E-01       2.57891608E-01       1.00042802E+00
   639.7000       2.86361514E-01       3.24074099E+00       9.18960187E-07       1.03016280E-05       2.87720118E-01       1.83173448E-07       2.54144519E-01       2.57897717E-01       1.00042865E+00
   639.8000       2.86361445E-01       3.24321033E+00       9.20361157E-07       1.03176985E-05       2.87720087E-01       1.83440219E-07       2.54146281E-01       2.57903819E-01       1.00042928E+00
   639.9000       2.86361376E-01       3.24567744E+00       9.21761927E-07       1.03337686E-05       2.87720055E-01       1.83706047E-07       2.54148042E-01       2.57909915E-01       1.00042991E+00
   640.0000       2.86361307E-01       3.24814237E+00       9.23162525E-07       1.03498380E-05       2.87720023E-01       1.83974455E-07       2.54149802E-01       2.57916008E-01       1.00043055E+00
   640.1000       2.86361239E-01       3.25060492E+00       9.24562829E-07       1.03659067E-05       2.87719992E-01       1.84235045E-07       2.54151561E-01       2.57922093E-01       1.00043116E+00
   640.2000       2.86361168E-01       3.25306543E+00       9.25963036E-07       1.03819746E-05       2.87719960E-01       1.84508169E-07       2.54153319E-01       2.57928172E-01       1.00043181E+00
   640.3000       2.86361099E-01       3.25552354E+00       9.27362934E-07       1.03980415E-05       2.87719928E-01       1.84773123E-07       2.54155076E-01       2.57934245E-01       1.00043244E+00
   640.4000       2.86361029E-01       3.25797960E+00       9.28762720E-07       1.04141074E-05       2.87719896E-01       1.85038449E-07       2.54156832E-01       2.57940312E-01       1.00043306E+00
   640.5000       2.86360960E-01       3.26043312E+00       9.30162112E-07       1.04301721E-05       2.87719865E-01       1.85302291E-07       2.54158587E-01       2.57946373E-01       1.00043369E+00
   640.6000       2.86360892E-01       3.26288450E+00       9.31561334E-07       1.04462356E-05       2.87719833E-01       1.85566916E-07       2.54160340E-01       2.57952429E-01       1.00043431E+00
   640.7000       2.86360821E-01       3.26533337E+00       9.32960176E-07       1.04622975E-05       2.87719801E-01       1.85834352E-07       2.54162093E-01       2.57958478E-01       1.00043495E+00
   640.8000       2.86360752E-01       3.26778004E+00       9.34358812E-07       1.04783579E-05       2.87719768E-01       1.86098886E-07       2.54163845E-01       2.57964520E-01       1.00043557E+00
   640.9000       2.86360682E-01       3.27022434E+00       9.35757133E-07       1.04944166E-05       2.87719736E-01       1.86365561E-07       2.54165596E-01       2.57970557E-01       1.00043620E+00
   641.0000       2.86360613E-01       3.27266648E+00       9.37155267E-07       1.05104737E-05       2.87719704E-01       1.86632862E-07       2.54167346E-01       2.57976586E-01       1.00043683E+00
   641.1000       2.86360544E-01       3.27510613E+00       9.38553017E-07       1.05265289E-05       2.87719672E-01       1.86896050E-07       2.54169096E-01       2.57982611E-01       1.00043746E+00
   641.2000       2.86360475E-01       3.27754338E+00       9.39950428E-07       1.05425821E-05       2.87719640E-01       1.87156669E-07       2.54170845E-01       2.57988629E-01       1.00043807E+00
   641.3000       2.86360405E-01       3.27997842E+00       9.41347615E-07       1.05586332E-05       2.87719607E-01       1.87422289E-07       2.54172592E-01       2.57994639E-01       1.00043870E+00
   641.4000       2.86360335E-01       3.28241100E+00       9.42744424E-07       1.05746822E-05       2.87719575E-01       1.87688161E-07       2.54174339E-01       2.58000640E-01       1.00043933E+00
   641.5000       2.86360265E-01       3.28484095E+00       9.44140758E-07       1.05907288E-05       2.87719542E-01       1.87954477E-07       2.54176084E-01       2.58006633E-01       1.00043996E+00
   641.6000       2.86360195E-01       3.28726841E+00       9.45536688E-07       1.06067727E-05       2.87719510E-01       1.88218323E-07       2.54177830E-01       2.58012617E-01       1.00044059E+00
   641.7000       2.86360125E-01       3.28969352E+00       9.46932302E-07       1.06228140E-05       2.87719477E-01       1.88484755E-07       2.54179575E-01       2.58018593E-01       1.00044122E+00
   641.8000       2.86360056E-01       3.29211649E+00       9.48327712E-07       1.06388528E-05       2.87719445E-01       1.88746325E-07       2.54181319E-01       2.58024562E-01       1.00044183E+00
   641.9000       2.86359985E-01       3.29453650E+00       9.49722439E-07       1.06548885E-05       2.87719412E-01       1.89012491E-07       2.54183063E-01       2.58030523E-01       1.00044246E+00
   642.0000       2.86359915E-01       3.29695435E+00       9.51116950E-07       1.06709214E-05       2.87719379E-01       1.89273937E-07       2.54184807E-01       2.58036473E-01       1.00044308E+00
   642.1000       2.86359846E-01       3.29936983E+00       9.52511110E-07       1.06869513E-05       2.87719346E-01       1.89538717E-07       2.54186549E-01       2.58042415E-01       1.00044371E+00
   642.2000       2.86359775E-01       3.30178256E+00       9.53904704E-07       1.07029779E-05       2.87719313E-01       1.89805766E-07       2.54188291E-01       2.58048350E-01       1.00044434E+00
   642.3000       2.86359705E-01       3.30419301E+00       9.55298002E-07       1.07190014E-05       2.87719280E-01       1.90068642E-07       2.54190033E-01       2.58054276E-01       1.00044496E+00
   642.4000       2.86359635E-01       3.30660101E+00       9.56690896E-07       1.07350216E-05       2.87719247E-01       1.90331436E-07       2.54191774E-01       2.58060194E-01       1.00044558E+00
   642.5000       2.86359565E-01       3.30900643E+00       9.58083311E-07       1.07510383E-05       2.87719214E-01       1.90594240E-07       2.54193513E-01       2.58066104E-01       1.00044621E+00
   642.6000       2.86359495E-01       3.31140932E+00       9.59475273E-07       1.07670515E-05       2.87719181E-01       1.90858514E-07       2.54195252E-01       2.58072006E-01       1.00044683E+00
   642.7000       2.86359424E-01       3.31380939E+00       9.60866610E-07       1.07830607E-05       2.87719148E-01       1.91122971E-07       2.54196990E-01       2.58077900E-01       1.00044746E+00
   642.8000       2.86359355E-01       3.31620710E+00       9.62257581E-07       1.07990662E-05       2.87719115E-01       1.91381099E-07       2.54198727E-01       2.58083786E-01       1.00044807E+00
   642.9000       2.86359285E-01       3.31860223E+00       9.63648067E-07       1.08150676E-05       2.87719081E-01       1.91645878E-07       2.54200464E-01       2.58089666E-01       1.00044869E+00
   643.0000       2.86359215E-01       3.32099475E+00       9.65038034E-07       1.08310651E-05       2.87719048E-01       1.91907930E-07       2.54202200E-01       2.58095539E-01       1.00044931E+00
   643.1000       2.86359144E-01       3.32338439E+00       9.66427333E-07       1.08470582E-05       2.87719015E-01       1.92169385E-07       2.54203936E-01       2.58101407E-01       1.00044993E+00
   643.2000       2.86359074E-01       3.32577178E+00       9.67816316E-07       1.08630470E-05       2.87718981E-01       1.92433554E-07       2.54205671E-01       2.58107265E-01       1.00045056E+00
   643.3000       2.86359003E-01       3.32815640E+00       9.69204691E-07       1.08790315E-05       2.87718948E-01       1.92699990E-07       2.54207407E-01       2.58113115E-01       1.00045119E+00
   643.4000       2.86358934E-01       3.33053877E+00       9.70592742E-07       1.08950116E-05       2.87718914E-01       1.92955006E-07       2.54209141E-01       2.58118956E-01       1.00045179E+00
   643.5000       2.86358863E-01       3.33291799E+00       9.71979956E-07       1.09109868E-05       2.87718880E-01       1.93220519E-07       2.54210874E-01       2.58124792E-01       1.00045242E+00
   643.6000       2.86358792E-01       3.33529454E+00       9.73366595E-07       1.09269572E-05       2.87718847E-01       1.93479101E-07       2.54212606E-01       2.58130620E-01       1.00045303E+00
   643.7000       2.86358722E-01       3.33766839E+00       9.74752647E-07       1.09429225E-05       2.87718813E-01       1.93739241E-07       2.54214336E-01       2.58136437E-01       1.00045365E+00
   643.8000       2.86358651E-01       3.34003945E+00       9.76138061E-07       1.09588826E-05       2.87718779E-01       1.94001540E-07       2.54216067E-01       2.58142246E-01       1.00045427E+00
   643.9000       2.86358581E-01       3.34240800E+00       9.77522982E-07       1.09748374E-05       2.87718745E-01       1.94262701E-07       2.54217796E-01       2.58148046E-01       1.00045488E+00
   644.0000       2.86358510E-01       3.34477388E+00       9.78907326E-07       1.09907870E-05       2.87718711E-01       1.94525891E-07       2.54219523E-01       2.58153838E-01       1.00045551E+00
   644.1000       2.86358440E-01       3.34713712E+00       9.80291105E-07       1.10067313E-05       2.87718677E-01       1.94785147E-07       2.54221250E-01       2.58159621E-01       1.00045612E+00
   644.2000       2.86358369E-01       3.34949750E+00       9.81674181E-07       1.10226700E-05       2.87718643E-01       1.95044126E-07       2.54222976E-01       2.58165396E-01       1.00045673E+00
   644.3000       2.86358298E-01       3.35185528E+00       9.83056711E-07       1.10386031E-05       2.87718609E-01       1.95307914E-07       2.54224701E-01       2.58171162E-01       1.00045736E+00
   644.4000       2.86358227E-01       3.35421015E+00       9.84438504E-07       1.10545304E-05       2.87718575E-01       1.95569715E-07       2.54226425E-01       2.58176921E-01       1.00045798E+00
   644.5000       2.86358157E-01       3.35656216E+00       9.85819582E-07       1.10704518E-05       2.87718541E-01       1.95824675E-07       2.54228149E-01       2.58182672E-01       1.00045858E+00
   644.6000       2.86358087E-01       3.35891137E+00       9.87199992E-07       1.10863671E-05       2.87718506E-01       1.96086364E-07       2.54229873E-01       2.58188414E-01       1.00045920E+00
   644.7000       2.86358015E-01       3.36125822E+00       9.88579974E-07       1.11022765E-05       2.87718472E-01       1.96347022E-07       2.54231597E-01       2.58194145E-01       1.00045981E+00
   644.8000       2.86357945E-01       3.36360192E+00       9.89959066E-07       1.11181796E-05       2.87718438E-01       1.96605413E-07       2.54233321E-01       2.58199868E-01       1.00046043E+00
   644.9000       2.86357873E-01       3.36594273E+00       9.91337416E-07       1.11340763E-05       2.87718403E-01       1.96865169E-07       2.54235045E-01       2.58205582E-01       1.00046104E+00
   645.0000       2.86357803E-01       3.36828075E+00       9.92715080E-07       1.11499666E-05       2.87718369E-01       1.97126291E-07       2.54236769E-01       2.58211288E-01       1.00046166E+00
   645.1000       2.86357733E-01       3.37061613E+00       9.94092144E-07       1.11658503E-05       2.87718334E-01       1.97381530E-07       2.54238491E-01       2.58216981E-01       1.00046226E+00
   645.2000       2.86357660E-01       3.37294849E+00       9.95468381E-07       1.11817273E-05       2.87718299E-01       1.97645130E-07       2.54240214E-01       2.58222665E-01       1.00046289E+00
   645.3000       2.86357590E-01       3.37527802E+00       9.96843901E-07       1.11975975E-05       2.87718265E-01       1.97900049E-07       2.54241937E-01       2.58228339E-01       1.00046349E+00
   645.4000       2.86357520E-01       3.37760473E+00       9.98218699E-07       1.12134608E-05       2.87718230E-01       1.98156881E-07       2.54243659E-01       2.58234003E-01       1.00046410E+00
   645.5000       2.86357449E-01       3.37992842E+00       9.99592662E-07       1.12293170E-05       2.87718195E-01       1.98415783E-07       2.54245381E-01       2.58239656E-01       1.00046471E+00
   645.6000       2.86357378E-01       3.38224940E+00       1.00096596E-06       1.12451660E-05       2.87718160E-01       1.98677882E-07       2.54247103E-01       2.58245298E-01       1.00046533E+00
   645.7000       2.86357307E-01       3.38456760E+00       1.00233856E-06       1.12610080E-05       2.87718125E-01       1.98932470E-07       2.54248825E-01       2.58250930E-01       1.00046593E+00
   645.8000       2.86357236E-01       3.38688264E+00       1.00371023E-06       1.12768426E-05       2.87718090E-01       1.99188717E-07       2.54250547E-01       2.58256553E-01       1.00046654E+00
   645.9000       2.86357165E-01       3.38919491E+00       1.00508119E-06       1.12926696E-05       2.87718055E-01       1.99450086E-07       2.54252268E-01       2.58262168E-01       1.00046716E+00
   646.0000       2.86357093E-01       3.39150414E+00       1.00645128E-06       1.13084891E-05       2.87718020E-01       1.99705886E-07       2.54253989E-01       2.58267773E-01       1.00046776E+00
   646.1000       2.86357022E-01       3.39381066E+00       1.00782070E-06       1.13243010E-05       2.87717985E-01       1.99965761E-07       2.54255709E-01       2.58273367E-01       1.00046838E+00
   646.2000       2.86356951E-01       3.39611415E+00       1.00918924E-06       1.13401051E-05       2.87717950E-01       2.00221277E-07       2.54257427E-01       2.58278952E-01       1.00046898E+00
   646.3000       2.86356880E-01       3.39841474E+00       1.01055699E-06       1.13559013E-05       2.87717914E-01       2.00478499E-07       2.54259146E-01       2.58284529E-01       1.00046959E+00
   646.4000       2.86356809E-01       3.40071226E+00       1.01192384E-06       1.13716896E-05       2.87717879E-01       2.00735660E-07       2.54260865E-01       2.58290099E-01       1.00047020E+00
   646.5000       2.86356738E-01       3.40300680E+00       1.01328984E-06       1.13874697E-05       2.87717843E-01       2.00989457E-07       2.54262583E-01       2.58295662E-01       1.00047080E+00
   646.6000       2.86356668E-01       3.40529835E+00       1.01465498E-06       1.14032415E-05       2.87717808E-01       2.01241486E-07       2.54264301E-01       2.58301218E-01       1.00047139E+00
   646.7000       2.86356595E-01       3.40758684E+00       1.01601921E-06       1.14190050E-05       2.87717772E-01       2.01504571E-07       2.54266018E-01       2.58306769E-01       1.00047202E+00
   646.8000       2.86356524E-01       3.40987266E+00       1.01738276E-06       1.14347601E-05       2.87717737E-01       2.01757753E-07       2.54267734E-01       2.58312309E-01       1.00047261E+00
   646.9000       2.86356452E-01       3.41215551E+00       1.01874545E-06       1.14505070E-05       2.87717701E-01       2.02013793E-07       2.54269450E-01       2.58317842E-01       1.00047322E+00
   647.0000       2.86356383E-01       3.41443508E+00       1.02010711E-06       1.14662451E-05       2.87717665E-01       2.02265047E-07       2.54271167E-01       2.58323367E-01       1.00047381E+00
   647.1000       2.86356311E-01       3.41671186E+00       1.02146800E-06       1.14819746E-05       2.87717630E-01       2.02522895E-07       2.54272882E-01       2.58328884E-01       1.00047442E+00
   647.2000       2.86356240E-01       3.41898539E+00       1.02282785E-06       1.14976952E-05       2.87717594E-01       2.02777158E-07       2.54274598E-01       2.58334394E-01       1.00047503E+00
   647.3000       2.86356169E-01       3.42125579E+00       1.02418673E-06       1.15134067E-05       2.87717558E-01       2.03027632E-07       2.54276314E-01       2.58339896E-01       1.00047562E+00
   647.4000       2.86356097E-01       3.42352303E+00       1.02554462E-06       1.15291090E-05       2.87717522E-01       2.03285499E-07       2.54278030E-01       2.58345391E-01       1.00047623E+00
   647.5000       2.86356026E-01       3.42578745E+00       1.02690172E-06       1.15448022E-05       2.87717486E-01       2.03540803E-07       2.54279746E-01       2.58350875E-01       1.00047683E+00
   647.6000       2.86355956E-01       3.42804921E+00       1.02825812E-06       1.15604864E-05       2.87717450E-01       2.03790387E-07       2.54281462E-01       2.58356351E-01       1.00047742E+00
   647.7000       2.86355883E-01       3.43030742E+00       1.02961329E-06       1.15761612E-05       2.87717414E-01       2.04048980E-07       2.54283178E-01       2.58361819E-01       1.00047803E+00
   647.8000       2.86355812E-01       3.43256252E+00       1.03096748E-06       1.15918263E-05       2.87717377E-01       2.04302428E-07       2.54284894E-01       2.58367275E-01       1.00047863E+00
   647.9000       2.86355742E-01       3.43481461E+00       1.03232075E-06       1.16074819E-05       2.87717341E-01       2.04549179E-07       2.54286611E-01       2.58372722E-01       1.00047922E+00
   648.0000       2.86355670E-01       3.43706368E+00       1.03367309E-06       1.16231278E-05       2.87717305E-01       2.04806919E-07       2.54288327E-01       2.58378159E-01       1.00047983E+00
   648.1000       2.86355599E-01       3.43930954E+00       1.03502438E-06       1.16387638E-05       2.87717268E-01       2.05059439E-07       2.54290044E-01       2.58383587E-01       1.00048042E+00
   648.2000       2.86355528E-01       3.44155230E+00       1.03637470E-06       1.16543901E-05       2.87717232E-01       2.05309843E-07       2.54291761E-01       2.58389004E-01       1.00048102E+00
   648.3000       2.86355456E-01       3.44379198E+00       1.03772403E-06       1.16700063E-05       2.87717195E-01       2.05567580E-07       2.54293478E-01       2.58394412E-01       1.00048163E+00
   648.4000       2.86355384E-01       3.44602863E+00       1.03907242E-06       1.16856125E-05       2.87717159E-01       2.05816300E-07       2.54295193E-01       2.58399812E-01       1.00048222E+00
   648.5000       2.86355314E-01       3.44826198E+00       1.04041969E-06       1.17012084E-05       2.87717122E-01       2.06068225E-07       2.54296909E-01       2.58405202E-01       1.00048281E+00
   648.6000       2.86355242E-01       3.45049207E+00       1.04176586E-06       1.17167939E-05       2.87717086E-01       2.06320386E-07       2.54298625E-01       2.58410581E-01       1.00048341E+00
   648.7000       2.86355170E-01       3.45271906E+00       1.04311103E-06       1.17323689E-05       2.87717049E-01       2.06571119E-07       2.54300342E-01       2.58415948E-01       1.00048400E+00
   648.8000       2.86355099E-01       3.45494294E+00       1.04445519E-06       1.17479335E-05       2.87717012E-01       2.06821497E-07       2.54302057E-01       2.58421305E-01       1.00048459E+00
   648.9000       2.86355027E-01       3.45716364E+00       1.04579829E-06       1.17634874E-05       2.87716975E-01       2.07077152E-07       2.54303773E-01       2.58426651E-01       1.00048520E+00
   649.0000       2.86354959E-01       3.45938120E+00       1.04714035E-06       1.17790306E-05       2.87716938E-01       2.07316828E-07       2.54305488E-01       2.58431986E-01       1.00048576E+00
   649.1000       2.86354885E-01       3.46159558E+00       1.04848135E-06       1.17945630E-05       2.87716901E-01       2.07573008E-07       2.54307203E-01       2.58437311E-01       1.00048637E+00
   649.2000       2.86354814E-01       3.46380637E+00       1.04982102E-06       1.18100843E-05       2.87716864E-01       2.07823348E-07       2.54308919E-01       2.58442624E-01       1.00048696E+00
   649.3000       2.86354742E-01       3.46601395E+00       1.05115961E-06       1.18255943E-05       2.87716827E-01       2.08073816E-07       2.54310634E-01       2.58447926E-01       1.00048756E+00
   649.4000       2.86354671E-01       3.46821850E+00       1.05249721E-06       1.18410931E-05       2.87716790E-01       2.08319856E-07       2.54312348E-01       2.58453216E-01       1.00048814E+00
   649.5000       2.86354600E-01       3.47041980E+00       1.05383369E-06       1.18565805E-05       2.87716753E-01       2.08568627E-07       2.54314063E-01       2.58458494E-01       1.00048873E+00
   649.6000       2.86354527E-01       3.47261771E+00       1.05516895E-06       1.18720565E-05       2.87716715E-01       2.08822024E-07       2.54315777E-01       2.58463762E-01       1.00048933E+00
   649.7000       2.86354456E-01       3.47481259E+00       1.05650322E-06       1.18875210E-05       2.87716678E-01       2.09069986E-07       2.54317491E-01       2.58469019E-01       1.00048991E+00
   649.8000       2.86354386E-01       3.47700416E+00       1.05783632E-06       1.19029739E-05       2.87716641E-01       2.09314015E-07       2.54319205E-01       2.58474265E-01       1.00049049E+00
   649.9000       2.86354314E-01       3.47919231E+00       1.05916817E-06       1.19184150E-05       2.87716603E-01       2.09565956E-07       2.54320918E-01       2.58479499E-01       1.00049109E+00
   650.0000       2.86354243E-01       3.48137760E+00       1.06049913E-06       1.19338445E-05       2.87716566E-01       2.09812244E-07       2.54322631E-01       2.58484724E-01       1.00049167E+00
   650.1000       2.86354172E-01       3.48355923E+00       1.06182868E-06       1.19492620E-05       2.87716528E-01       2.10059993E-07       2.54324345E-01       2.58489940E-01       1.00049225E+00
   650.2000       2.86354100E-01       3.48573788E+00       1.06315725E-06       1.19646676E-05       2.87716490E-01       2.10307509E-07       2.54326058E-01       2.58495145E-01       1.00049284E+00
   650.3000       2.86354029E-01       3.48791307E+00       1.06448454E-06       1.19800611E-05       2.87716453E-01       2.10553853E-07       2.54327771E-01       2.58500340E-01       1.00049342E+00
   650.4000       2.86353957E-01       3.49008476E+00       1.06581052E-06       1.19954423E-05       2.87716415E-01       2.10802145E-07       2.54329485E-01       2.58505527E-01       1.00049401E+00
   650.5000       2.86353886E-01       3.49225343E+00       1.06713547E-06       1.20108113E-05       2.87716377E-01       2.11047106E-07       2.54331197E-01       2.58510704E-01       1.00049459E+00
   650.6000       2.86353815E-01       3.49441849E+00       1.06845905E-06       1.20261678E-05       2.87716339E-01       2.11292822E-07       2.54332910E-01       2.58515872E-01       1.00049517E+00
   650.7000       2.86353743E-01       3.49658026E+00       1.06978143E-06       1.20415118E-05       2.87716301E-01       2.11540830E-07       2.54334623E-01       2.58521032E-01       1.00049576E+00
   650.8000       2.86353672E-01       3.49873867E+00       1.07110258E-06       1.20568431E-05       2.87716263E-01       2.11786856E-07       2.54336336E-01       2.58526183E-01       1.00049634E+00
   650.9000       2.86353601E-01       3.50089380E+00       1.07242252E-06       1.20721617E-05       2.87716225E-01       2.12028785E-07       2.54338049E-01       2.58531323E-01       1.00049691E+00
   651.0000       2.86353530E-01       3.50304577E+00       1.07374134E-06       1.20874675E-05       2.87716187E-01       2.12272781E-07       2.54339762E-01       2.58536455E-01       1.00049749E+00
   651.1000       2.86353459E-01       3.50519430E+00       1.07505887E-06       1.21027604E-05       2.87716149E-01       2.12516848E-07       2.54341475E-01       2.58541578E-01       1.00049807E+00
   651.2000       2.86353387E-01       3.50733910E+00       1.07637491E-06       1.21180402E-05       2.87716110E-01       2.12767480E-07       2.54343189E-01       2.58546690E-01       1.00049866E+00
   651.3000       2.86353316E-01       3.50948099E+00       1.07768997E-06       1.21333070E-05       2.87716072E-01       2.13007294E-07       2.54344903E-01       2.58551793E-01       1.00049923E+00
   651.4000       2.86353244E-01       3.51161944E+00       1.07900372E-06       1.21485607E-05       2.87716034E-01       2.13253468E-07       2.54346617E-01       2.58556890E-01       1.00049981E+00
   651.5000       2.86353174E-01       3.51375425E+00       1.08031603E-06       1.21638010E-05       2.87715995E-01       2.13493276E-07       2.54348332E-01       2.58561975E-01       1.00050038E+00
   651.6000       2.86353100E-01       3.51588586E+00       1.08162717E-06       1.21790280E-05       2.87715957E-01       2.13745268E-07       2.54350048E-01       2.58567052E-01       1.00050097E+00
   651.7000       2.86353030E-01       3.51801400E+00       1.08293697E-06       1.21942415E-05       2.87715918E-01       2.13980949E-07       2.54351763E-01       2.58572119E-01       1.00050153E+00
   651.8000       2.86352960E-01       3.52013883E+00       1.08424552E-06       1.22094414E-05       2.87715880E-01       2.14219926E-07       2.54353480E-01       2.58577174E-01       1.00050209E+00
   651.9000       2.86352888E-01       3.52226011E+00       1.08555267E-06       1.22246276E-05       2.87715841E-01       2.14468387E-07       2.54355197E-01       2.58582219E-01       1.00050268E+00
   652.0000       2.86352817E-01       3.52437801E+00       1.08685853E-06       1.22398000E-05       2.87715802E-01       2.14709598E-07       2.54356914E-01       2.58587254E-01       1.00050325E+00
   652.1000       2.86352745E-01       3.52649224E+00       1.08816291E-06       1.22549584E-05       2.87715763E-01       2.14952867E-07       2.54358633E-01       2.58592279E-01       1.00050383E+00
   652.2000       2.86352673E-01       3.52860347E+00       1.08946621E-06       1.22701030E-05       2.87715724E-01       2.15195556E-07       2.54360351E-01       2.58597293E-01       1.00050440E+00
   652.3000       2.86352602E-01       3.53071126E+00       1.09076818E-06       1.22852336E-05       2.87715685E-01       2.15435219E-07       2.54362070E-01       2.58602296E-01       1.00050497E+00
   652.4000       2.86352531E-01       3.53281519E+00       1.09206853E-06       1.23003500E-05       2.87715647E-01       2.15676582E-07       2.54363789E-01       2.58607288E-01       1.00050554E+00
   652.5000       2.86352462E-01       3.53491582E+00       1.09336761E-06       1.23154520E-05       2.87715607E-01       2.15909613E-07       2.54365509E-01       2.58612269E-01       1.00050609E+00
   652.6000       2.86352389E-01       3.53701289E+00       1.09466526E-06       1.23305395E-05       2.87715568E-01       2.16154648E-07       2.54367229E-01       2.58617238E-01       1.00050667E+00
   652.7000       2.86352318E-01       3.53910689E+00       1.09596179E-06       1.23456129E-05       2.87715529E-01       2.16397417E-07       2.54368949E-01       2.58622195E-01       1.00050725E+00
   652.8000       2.86352247E-01       3.54119727E+00       1.09725683E-06       1.23606718E-05       2.87715490E-01       2.16634019E-07       2.54370669E-01       2.58627141E-01       1.00050780E+00
   652.9000       2.86352176E-01       3.54328408E+00       1.09855043E-06       1.23757160E-05       2.87715451E-01       2.16873317E-07       2.54372390E-01       2.58632078E-01       1.00050837E+00
   653.0000       2.86352104E-01       3.54536733E+00       1.09984258E-06       1.23907455E-05       2.87715411E-01       2.17114577E-07       2.54374111E-01       2.58637002E-01       1.00050894E+00
   653.1000       2.86352033E-01       3.54744709E+00       1.10113332E-06       1.24057601E-05       2.87715372E-01       2.17354976E-07       2.54375831E-01       2.58641915E-01       1.00050951E+00
   653.2000       2.86351961E-01       3.54952344E+00       1.10242271E-06       1.24207598E-05       2.87715332E-01       2.17594560E-07       2.54377551E-01       2.58646815E-01       1.00051008E+00
   653.3000       2.86351892E-01       3.55159636E+00       1.10371071E-06       1.24357446E-05       2.87715293E-01       2.17827706E-07       2.54379271E-01       2.58651704E-01       1.00051063E+00
   653.4000       2.86351820E-01       3.55366555E+00       1.10499715E-06       1.24507143E-05       2.87715253E-01       2.18066342E-07       2.54380991E-01       2.58656583E-01       1.00051119E+00
   653.5000       2.86351748E-01       3.55573156E+00       1.10628236E-06       1.24656690E-05       2.87715214E-01       2.18307029E-07       2.54382711E-01       2.58661450E-01       1.00051176E+00
   653.6000       2.86351677E-01       3.55779386E+00       1.10756600E-06       1.24806084E-05       2.87715174E-01       2.18547774E-07       2.54384430E-01       2.58666309E-01       1.00051233E+00
   653.7000       2.86351607E-01       3.55985261E+00       1.10884818E-06       1.24955325E-05       2.87715134E-01       2.18783114E-07       2.54386150E-01       2.58671157E-01       1.00051289E+00
   653.8000       2.86351535E-01       3.56190797E+00       1.11012898E-06       1.25104413E-05       2.87715094E-01       2.19020290E-07       2.54387871E-01       2.58675993E-01       1.00051345E+00
   653.9000       2.86351465E-01       3.56395989E+00       1.11140838E-06       1.25253347E-05       2.87715054E-01       2.19253132E-07       2.54389591E-01       2.58680819E-01       1.00051400E+00
   654.0000       2.86351394E-01       3.56600815E+00       1.11268623E-06       1.25402126E-05       2.87715014E-01       2.19489886E-07       2.54391312E-01       2.58685635E-01       1.00051456E+00
   654.1000       2.86351323E-01       3.56805252E+00       1.11396239E-06       1.25550746E-05       2.87714974E-01       2.19719850E-07       2.54393034E-01       2.58690439E-01       1.00051510E+00
   654.2000       2.86351252E-01       3.57009368E+00       1.11523728E-06       1.25699209E-05       2.87714934E-01       2.19961247E-07       2.54394757E-01       2.58695233E-01       1.00051568E+00
   654.3000       2.86351181E-01       3.57213105E+00       1.11651052E-06       1.25847512E-05       2.87714894E-01       2.20200582E-07       2.54396480E-01       2.58700019E-01       1.00051624E+00
   654.4000       2.86351110E-01       3.57416482E+00       1.11778224E-06       1.25995654E-05       2.87714854E-01       2.20429694E-07       2.54398203E-01       2.58704793E-01       1.00051678E+00
   654.5000       2.86351039E-01       3.57619503E+00       1.11905245E-06       1.26143634E-05       2.87714814E-01       2.20664125E-07       2.54399926E-01       2.58709559E-01       1.00051734E+00
   654.6000       2.86350969E-01       3.57822232E+00       1.12032156E-06       1.26291458E-05       2.87714773E-01       2.20895439E-07       2.54401651E-01       2.58714312E-01       1.00051789E+00
   654.7000       2.86350898E-01       3.58024568E+00       1.12158892E-06       1.26439121E-05       2.87714733E-01       2.21134730E-07       2.54403376E-01       2.58719054E-01       1.00051845E+00
   654.8000       2.86350827E-01       3.58226518E+00       1.12285459E-06       1.26586619E-05       2.87714693E-01       2.21365661E-07       2.54405101E-01       2.58723789E-01       1.00051900E+00
   654.9000       2.86350756E-01       3.58428123E+00       1.12411879E-06       1.26733953E-05       2.87714652E-01       2.21596715E-07       2.54406827E-01       2.58728512E-01       1.00051954E+00
   655.0000       2.86350685E-01       3.58629383E+00       1.12538155E-06       1.26881124E-05       2.87714611E-01       2.21834824E-07       2.54408553E-01       2.58733224E-01       1.00052011E+00
   655.1000       2.86350616E-01       3.58830286E+00       1.12664277E-06       1.27028131E-05       2.87714571E-01       2.22061410E-07       2.54410281E-01       2.58737926E-01       1.00052064E+00
   655.2000       2.86350544E-01       3.59030819E+00       1.12790238E-06       1.27174973E-05       2.87714530E-01       2.22298316E-07       2.54412009E-01       2.58742617E-01       1.00052120E+00
   655.3000       2.86350474E-01       3.59230987E+00       1.12916039E-06       1.27321648E-05       2.87714489E-01       2.22527063E-07       2.54413738E-01       2.58747298E-01       1.00052174E+00
   655.4000       2.86350402E-01       3.59430807E+00       1.13041692E-06       1.27468155E-05       2.87714449E-01       2.22763348E-07       2.54415467E-01       2.58751969E-01       1.00052230E+00
   655.5000       2.86350332E-01       3.59630267E+00       1.13167188E-06       1.27614495E-05       2.87714408E-01       2.22993654E-07       2.54417196E-01       2.58756630E-01       1.00052285E+00
   655.6000       2.86350261E-01       3.59829366E+00       1.13292526E-06       1.27760667E-05       2.87714367E-01       2.23223224E-07       2.54418926E-01       2.58761282E-01       1.00052339E+00
   655.7000       2.86350191E-01       3.60028112E+00       1.13417711E-06       1.27906670E-05       2.87714326E-01       2.23449491E-07       2.54420657E-01       2.58765922E-01       1.00052393E+00
   655.8000       2.86350122E-01       3.60226476E+00       1.13542725E-06       1.28052501E-05       2.87714285E-01       2.23677562E-07       2.54422388E-01       2.58770551E-01       1.00052447E+00
   655.9000       2.86350050E-01       3.60424446E+00       1.13667559E-06       1.28198158E-05       2.87714244E-01       2.23910784E-07       2.54424120E-01       2.58775168E-01       1.00052502E+00
   656.0000       2.86349980E-01       3.60622080E+00       1.13792249E-06       1.28343643E-05       2.87714202E-01       2.24137526E-07       2.54425852E-01       2.58779772E-01       1.00052555E+00
   656.1000       2.86349908E-01       3.60819327E+00       1.13916764E-06       1.28488952E-05       2.87714161E-01       2.24376024E-07       2.54427585E-01       2.58784363E-01       1.00052612E+00
   656.2000       2.86349838E-01       3.61016236E+00       1.14041132E-06       1.28634089E-05       2.87714120E-01       2.24600425E-07       2.54429317E-01       2.58788942E-01       1.00052665E+00
   656.3000       2.86349768E-01       3.61212782E+00       1.14165339E-06       1.28779050E-05       2.87714079E-01       2.24829667E-07       2.54431050E-01       2.58793509E-01       1.00052719E+00
   656.4000       2.86349698E-01       3.61408972E+00       1.14289389E-06       1.28923837E-05       2.87714037E-01       2.25058380E-07       2.54432783E-01       2.58798065E-01       1.00052773E+00
   656.5000       2.86349628E-01       3.61604811E+00       1.14413285E-06       1.29068449E-05       2.87713996E-01       2.25282948E-07       2.54434517E-01       2.58802609E-01       1.00052826E+00
   656.6000       2.86349557E-01       3.61800228E+00       1.14536979E-06       1.29212882E-05       2.87713954E-01       2.25509346E-07       2.54436252E-01       2.58807141E-01       1.00052880E+00
   656.7000       2.86349487E-01       3.61995316E+00       1.14660533E-06       1.29357138E-05       2.87713912E-01       2.25739604E-07       2.54437987E-01       2.58811660E-01       1.00052934E+00
   656.8000       2.86349417E-01       3.62190057E+00       1.14783933E-06       1.29501218E-05       2.87713871E-01       2.25963417E-07       2.54439723E-01       2.58816170E-01       1.00052987E+00
   656.9000       2.86349347E-01       3.62384424E+00       1.14907162E-06       1.29645119E-05       2.87713829E-01       2.26191265E-07       2.54441458E-01       2.58820669E-01       1.00053041E+00
   657.0000       2.86349276E-01       3.62578409E+00       1.15030215E-06       1.29788840E-05       2.87713787E-01       2.26421145E-07       2.54443194E-01       2.58825158E-01       1.00053096E+00
   657.1000       2.86349206E-01       3.62772031E+00       1.15153103E-06       1.29932382E-05       2.87713745E-01       2.26643993E-07       2.54444931E-01       2.58829637E-01       1.00053148E+00
   657.2000       2.86349136E-01       3.62965302E+00       1.15275834E-06       1.30075743E-05       2.87713704E-01       2.26868439E-07       2.54446668E-01       2.58834104E-01       1.00053201E+00
   657.3000       2.86349066E-01       3.63158172E+00       1.15398376E-06       1.30218920E-05       2.87713662E-01       2.27089911E-07       2.54448406E-01       2.58838560E-01       1.00053254E+00
   657.4000       2.86348996E-01       3.63350683E+00       1.15520754E-06       1.30361915E-05       2.87713620E-01       2.27319212E-07       2.54450146E-01       2.58843003E-01       1.00053308E+00
   657.5000       2.86348926E-01       3.63542835E+00       1.15642969E-06       1.30504726E-05       2.87713578E-01       2.27541504E-07       2.54451885E-01       2.58847435E-01       1.00053361E+00
   657.6000       2.86348855E-01       3.63734591E+00       1.15764996E-06       1.30647352E-05       2.87713535E-01       2.27772800E-07       2.54453626E-01       2.58851857E-01       1.00053415E+00
   657.7000       2.86348786E-01       3.63925999E+00       1.15886866E-06       1.30789793E-05       2.87713493E-01       2.27989601E-07       2.54455366E-01       2.58856269E-01       1.00053467E+00
   657.8000       2.86348717E-01       3.64117059E+00       1.16008578E-06       1.30932049E-05       2.87713451E-01       2.28210498E-07       2.54457107E-01       2.58860674E-01       1.00053519E+00
   657.9000       2.86348647E-01       3.64307750E+00       1.16130120E-06       1.31074121E-05       2.87713409E-01       2.28434155E-07       2.54458848E-01       2.58865069E-01       1.00053572E+00
   658.0000       2.86348577E-01       3.64498019E+00       1.16251455E-06       1.31216003E-05       2.87713366E-01       2.28657012E-07       2.54460590E-01       2.58869455E-01       1.00053624E+00
   658.1000       2.86348507E-01       3.64687927E+00       1.16372623E-06       1.31357695E-05       2.87713324E-01       2.28877983E-07       2.54462333E-01       2.58873832E-01       1.00053677E+00
   658.2000       2.86348438E-01       3.64877460E+00       1.16493616E-06       1.31499199E-05       2.87713281E-01       2.29098933E-07       2.54464076E-01       2.58878197E-01       1.00053729E+00
   658.3000       2.86348368E-01       3.65066635E+00       1.16614442E-06       1.31640512E-05       2.87713239E-01       2.29321516E-07       2.54465819E-01       2.58882552E-01       1.00053782E+00
   658.4000       2.86348298E-01       3.65255443E+00       1.16735096E-06       1.31781635E-05       2.87713196E-01       2.29543180E-07       2.54467563E-01       2.58886897E-01       1.00053834E+00
   658.5000       2.86348228E-01       3.65443863E+00       1.16855565E-06       1.31922568E-05       2.87713153E-01       2.29764788E-07       2.54469308E-01       2.58891231E-01       1.00053887E+00
   658.6000       2.86348159E-01       3.65631944E+00       1.16975878E-06       1.32063310E-05       2.87713111E-01       2.29985233E-07       2.54471052E-01       2.58895552E-01       1.00053939E+00
   658.7000       2.86348089E-01       3.65819628E+00       1.17096000E-06       1.32203859E-05       2.87713068E-01       2.30202953E-07       2.54472797E-01       2.58899865E-01       1.00053990E+00
   658.8000       2.86348020E-01       3.66006944E+00       1.17215947E-06       1.32344216E-05       2.87713025E-01       2.30423553E-07       2.54474543E-01       2.58904166E-01       1.00054042E+00
   658.9000       2.86347951E-01       3.66193905E+00       1.17335729E-06       1.32484380E-05       2.87712982E-01       2.30637422E-07       2.54476288E-01       2.58908455E-01       1.00054093E+00
   659.0000       2.86347882E-01       3.66380446E+00       1.17455302E-06       1.32624348E-05       2.87712939E-01       2.30859860E-07       2.54478035E-01       2.58912734E-01       1.00054146E+00
   659.1000       2.86347812E-01       3.66566641E+00       1.17574714E-06       1.32764122E-05       2.87712896E-01       2.31077425E-07       2.54479782E-01       2.58916999E-01       1.00054197E+00
   659.2000       2.86347742E-01       3.66752444E+00       1.17693936E-06       1.32903699E-05       2.87712853E-01       2.31299943E-07       2.54481531E-01       2.58921254E-01       1.00054250E+00
   659.3000       2.86347673E-01       3.66937890E+00       1.17812988E-06       1.33043081E-05       2.87712810E-01       2.31512385E-07       2.54483279E-01       2.58925496E-01       1.00054300E+00
   659.4000       2.86347603E-01       3.67122970E+00       1.17931866E-06       1.33182265E-05       2.87712767E-01       2.31730076E-07       2.54485028E-01       2.58929727E-01       1.00054351E+00
   659.5000       2.86347535E-01       3.67307671E+00       1.18050560E-06       1.33321253E-05       2.87712723E-01       2.31948896E-07       2.54486778E-01       2.58933945E-01       1.00054403E+00
   659.6000       2.86347466E-01       3.67491969E+00       1.18169054E-06       1.33460042E-05       2.87712680E-01       2.32164243E-07       2.54488530E-01       2.58938152E-01       1.00054454E+00
   659.7000       2.86347397E-01       3.67675930E+00       1.18287391E-06       1.33598632E-05       2.87712636E-01       2.32377564E-07       2.54490281E-01       2.58942344E-01       1.00054505E+00
   659.8000       2.86347328E-01       3.67859523E+00       1.18405550E-06       1.33737025E-05       2.87712593E-01       2.32597997E-07       2.54492033E-01       2.58946524E-01       1.00054557E+00
   659.9000       2.86347259E-01       3.68042701E+00       1.18523501E-06       1.33875217E-05       2.87712549E-01       2.32813816E-07       2.54493786E-01       2.58950694E-01       1.00054608E+00
   660.0000       2.86347190E-01       3.68225508E+00       1.18641272E-06       1.34013207E-05       2.87712506E-01       2.33024345E-07       2.54495540E-01       2.58954853E-01       1.00054658E+00
   660.1000       2.86347121E-01       3.68407947E+00       1.18758863E-06       1.34150995E-05       2.87712462E-01       2.33240275E-07       2.54497294E-01       2.58959000E-01       1.00054709E+00
   660.2000       2.86347052E-01       3.68589995E+00       1.18876261E-06       1.34288580E-05       2.87712419E-01       2.33456124E-07       2.54499048E-01       2.58963136E-01       1.00054760E+00
   660.3000       2.86346984E-01       3.68771678E+00       1.18993482E-06       1.34425963E-05       2.87712375E-01       2.33666036E-07       2.54500803E-01       2.58967262E-01       1.00054809E+00
   660.4000       2.86346915E-01       3.68952960E+00       1.19110501E-06       1.34563140E-05       2.87712331E-01       2.33879367E-07       2.54502558E-01       2.58971379E-01       1.00054860E+00
   660.5000       2.86346846E-01       3.69133889E+00       1.19227349E-06       1.34700113E-05       2.87712287E-01       2.34095214E-07       2.54504313E-01       2.58975484E-01       1.00054911E+00
   660.6000       2.86346778E-01       3.69314437E+00       1.19344009E-06       1.34836882E-05       2.87712243E-01       2.34307457E-07       2.54506068E-01       2.58979580E-01       1.00054961E+00
   660.7000       2.86346708E-01       3.69494632E+00       1.19460498E-06       1.34973447E-05       2.87712199E-01       2.34522748E-07       2.54507823E-01       2.58983665E-01       1.00055012E+00
   660.8000       2.86346640E-01       3.69674458E+00       1.19576805E-06       1.35109809E-05       2.87712155E-01       2.34730543E-07       2.54509578E-01       2.58987740E-01       1.00055061E+00
   660.9000       2.86346572E-01       3.69853899E+00       1.19692918E-06       1.35245967E-05       2.87712111E-01       2.34941585E-07       2.54511334E-01       2.58991807E-01       1.00055111E+00
   661.0000       2.86346503E-01       3.70032925E+00       1.19808820E-06       1.35381915E-05       2.87712067E-01       2.35153965E-07       2.54513090E-01       2.58995865E-01       1.00055161E+00
   661.1000       2.86346435E-01       3.70211589E+00       1.19924543E-06       1.35517656E-05       2.87712023E-01       2.35364478E-07       2.54514847E-01       2.58999912E-01       1.00055211E+00
   661.2000       2.86346366E-01       3.70389886E+00       1.20040084E-06       1.35653191E-05       2.87711978E-01       2.35575536E-07       2.54516603E-01       2.59003947E-01       1.00055261E+00
   661.3000       2.86346299E-01       3.70567798E+00       1.20155431E-06       1.35788516E-05       2.87711934E-01       2.35783473E-07       2.54518362E-01       2.59007972E-01       1.00055310E+00
   661.4000       2.86346230E-01       3.70745334E+00       1.20270590E-06       1.35923632E-05       2.87711889E-01       2.35995277E-07       2.54520120E-01       2.59011988E-01       1.00055360E+00
   661.5000       2.86346162E-01       3.70922475E+00       1.20385547E-06       1.36058538E-05       2.87711845E-01       2.36206092E-07       2.54521879E-01       2.59015992E-01       1.00055410E+00
   661.6000       2.86346094E-01       3.71099236E+00       1.20500313E-06       1.36193232E-05       2.87711800E-01       2.36414142E-07       2.54523639E-01       2.59019986E-01       1.00055459E+00
   661.7000       2.86346026E-01       3.71275617E+00       1.20614886E-06       1.36327715E-05       2.87711756E-01       2.36620963E-07       2.54525400E-01       2.59023971E-01       1.00055508E+00
   661.8000       2.86345958E-01       3.71451640E+00       1.20729281E-06       1.36461988E-05       2.87711711E-01       2.36827378E-07       2.54527162E-01       2.59027947E-01       1.00055557E+00
   661.9000       2.86345889E-01       3.71627275E+00       1.20843478E-06       1.36596048E-05       2.87711666E-01       2.37038082E-07       2.54528924E-01       2.59031914E-01       1.00055607E+00
   662.0000       2.86345822E-01       3.71802524E+00       1.20957477E-06       1.36729895E-05       2.87711622E-01       2.37244441E-07       2.54530687E-01       2.59035869E-01       1.00055656E+00
   662.1000       2.86345754E-01       3.71977377E+00       1.21071273E-06       1.36863528E-05       2.87711577E-01       2.37451951E-07       2.54532451E-01       2.59039813E-01       1.00055705E+00
   662.2000       2.86345687E-01       3.72151874E+00       1.21184890E-06       1.36996947E-05       2.87711532E-01       2.37656375E-07       2.54534215E-01       2.59043745E-01       1.00055753E+00
   662.3000       2.86345618E-01       3.72325988E+00       1.21298311E-06       1.37130153E-05       2.87711487E-01       2.37861624E-07       2.54535981E-01       2.59047666E-01       1.00055802E+00
   662.4000       2.86345551E-01       3.72499711E+00       1.21411530E-06       1.37263144E-05       2.87711442E-01       2.38071601E-07       2.54537747E-01       2.59051576E-01       1.00055851E+00
   662.5000       2.86345482E-01       3.72673036E+00       1.21524543E-06       1.37395917E-05       2.87711397E-01       2.38274715E-07       2.54539513E-01       2.59055477E-01       1.00055899E+00
   662.6000       2.86345415E-01       3.72846023E+00       1.21637387E-06       1.37528475E-05       2.87711352E-01       2.38480702E-07       2.54541278E-01       2.59059365E-01       1.00055948E+00
   662.7000       2.86345349E-01       3.73018615E+00       1.21750026E-06       1.37660817E-05       2.87711307E-01       2.38676454E-07       2.54543045E-01       2.59063241E-01       1.00055994E+00
   662.8000       2.86345281E-01       3.73190805E+00       1.21862455E-06       1.37792941E-05       2.87711261E-01       2.38885052E-07       2.54544811E-01       2.59067107E-01       1.00056044E+00
   662.9000       2.86345213E-01       3.73362627E+00       1.21974695E-06       1.37924847E-05       2.87711216E-01       2.39090731E-07       2.54546576E-01       2.59070961E-01       1.00056092E+00
   663.0000       2.86345146E-01       3.73534096E+00       1.22086756E-06       1.38056538E-05       2.87711171E-01       2.39294125E-07       2.54548343E-01       2.59074805E-01       1.00056141E+00
   663.1000       2.86345078E-01       3.73705162E+00       1.22198605E-06       1.38188010E-05       2.87711125E-01       2.39501803E-07       2.54550110E-01       2.59078637E-01       1.00056190E+00
   663.2000       2.86345012E-01       3.73875883E+00       1.22310279E-06       1.38319266E-05       2.87711080E-01       2.39697537E-07       2.54551876E-01       2.59082458E-01       1.00056236E+00
   663.3000       2.86344943E-01       3.74046173E+00       1.22421722E-06       1.38450301E-05       2.87711034E-01       2.39904704E-07       2.54553643E-01       2.59086268E-01       1.00056285E+00
   663.4000       2.86344877E-01       3.74216130E+00       1.22532998E-06       1.38581118E-05       2.87710989E-01       2.40102454E-07       2.54555410E-01       2.59090066E-01       1.00056332E+00
   663.5000       2.86344810E-01       3.74385710E+00       1.22644078E-06       1.38711717E-05       2.87710943E-01       2.40302936E-07       2.54557177E-01       2.59093854E-01       1.00056379E+00
   663.6000       2.86344743E-01       3.74554872E+00       1.22754933E-06       1.38842096E-05       2.87710897E-01       2.40508328E-07       2.54558946E-01       2.59097631E-01       1.00056428E+00
   663.7000       2.86344676E-01       3.74723676E+00       1.22865604E-06       1.38972253E-05       2.87710851E-01       2.40707419E-07       2.54560714E-01       2.59101395E-01       1.00056475E+00
   663.8000       2.86344609E-01       3.74892062E+00       1.22976051E-06       1.39102188E-05       2.87710806E-01       2.40905420E-07       2.54562485E-01       2.59105148E-01       1.00056522E+00
   663.9000       2.86344543E-01       3.75060069E+00       1.23086298E-06       1.39231899E-05       2.87710760E-01       2.41103997E-07       2.54564255E-01       2.59108891E-01       1.00056569E+00
   664.0000       2.86344476E-01       3.75227710E+00       1.23196355E-06       1.39361387E-05       2.87710714E-01       2.41304091E-07       2.54566026E-01       2.59112621E-01       1.00056616E+00
   664.1000       2.86344410E-01       3.75394964E+00       1.23306207E-06       1.39490651E-05       2.87710668E-01       2.41502758E-07       2.54567797E-01       2.59116342E-01       1.00056663E+00
   664.2000       2.86344343E-01       3.75561829E+00       1.23415851E-06       1.39619690E-05       2.87710622E-01       2.41702461E-07       2.54569570E-01       2.59120052E-01       1.00056710E+00
   664.3000       2.86344276E-01       3.75728323E+00       1.23525301E-06       1.39748505E-05       2.87710576E-01       2.41900694E-07       2.54571344E-01       2.59123753E-01       1.00056757E+00
   664.4000       2.86344210E-01       3.75894427E+00       1.23634543E-06       1.39877095E-05       2.87710529E-01       2.42093284E-07       2.54573118E-01       2.59127445E-01       1.00056803E+00
   664.5000       2.86344144E-01       3.76060148E+00       1.23743581E-06       1.40005458E-05       2.87710483E-01       2.42291454E-07       2.54574892E-01       2.59131126E-01       1.00056849E+00
   664.6000       2.86344076E-01       3.76225464E+00       1.23852400E-06       1.40133594E-05       2.87710437E-01       2.42494450E-07       2.54576668E-01       2.59134797E-01       1.00056898E+00
   664.7000       2.86344011E-01       3.76390421E+00       1.23961030E-06       1.40261504E-05       2.87710391E-01       2.42685900E-07       2.54578444E-01       2.59138458E-01       1.00056943E+00
   664.8000       2.86343945E-01       3.76555008E+00       1.24069465E-06       1.40389187E-05       2.87710344E-01       2.42885113E-07       2.54580220E-01       2.59142110E-01       1.00056990E+00
   664.9000       2.86343878E-01       3.76719203E+00       1.24177688E-06       1.40516643E-05       2.87710298E-01       2.43081387E-07       2.54581997E-01       2.59145753E-01       1.00057036E+00
   665.0000       2.86343813E-01       3.76883040E+00       1.24285722E-06       1.40643872E-05       2.87710251E-01       2.43271005E-07       2.54583773E-01       2.59149388E-01       1.00057081E+00
   665.1000       2.86343747E-01       3.77046488E+00       1.24393547E-06       1.40770875E-05       2.87710205E-01       2.43468807E-07       2.54585550E-01       2.59153015E-01       1.00057128E+00
   665.2000       2.86343680E-01       3.77209563E+00       1.24501172E-06       1.40897652E-05       2.87710158E-01       2.43663821E-07       2.54587328E-01       2.59156633E-01       1.00057174E+00
   665.3000       2.86343615E-01       3.77372220E+00       1.24608568E-06       1.41024199E-05       2.87710111E-01       2.43858859E-07       2.54589106E-01       2.59160243E-01       1.00057220E+00
   665.4000       2.86343550E-01       3.77534504E+00       1.24715764E-06       1.41150514E-05       2.87710064E-01       2.44046396E-07       2.54590883E-01       2.59163843E-01       1.00057265E+00
   665.5000       2.86343484E-01       3.77696384E+00       1.24822739E-06       1.41276598E-05       2.87710018E-01       2.44243682E-07       2.54592661E-01       2.59167432E-01       1.00057311E+00
   665.6000       2.86343418E-01       3.77857898E+00       1.24929518E-06       1.41402452E-05       2.87709971E-01       2.44436154E-07       2.54594439E-01       2.59171013E-01       1.00057357E+00
   665.7000       2.86343352E-01       3.78019012E+00       1.25036077E-06       1.41528073E-05       2.87709924E-01       2.44627007E-07       2.54596218E-01       2.59174584E-01       1.00057402E+00
   665.8000       2.86343285E-01       3.78179724E+00       1.25142416E-06       1.41653460E-05       2.87709877E-01       2.44823597E-07       2.54597998E-01       2.59178143E-01       1.00057448E+00
   665.9000       2.86343222E-01       3.78340082E+00       1.25248566E-06       1.41778615E-05       2.87709830E-01       2.45008521E-07       2.54599776E-01       2.59181693E-01       1.00057492E+00
   666.0000       2.86343156E-01       3.78500036E+00       1.25354492E-06       1.41903535E-05       2.87709783E-01       2.45202917E-07       2.54601555E-01       2.59185233E-01       1.00057538E+00
   666.1000       2.86343090E-01       3.78659620E+00       1.25460219E-06       1.42028223E-05       2.87709735E-01       2.45394245E-07       2.54603335E-01       2.59188762E-01       1.00057583E+00
   666.2000       2.86343025E-01       3.78818866E+00       1.25565767E-06       1.42152679E-05       2.87709688E-01       2.45582640E-07       2.54605114E-01       2.59192280E-01       1.00057628E+00
   666.3000       2.86342961E-01       3.78977689E+00       1.25671078E-06       1.42276902E-05       2.87709641E-01       2.45770359E-07       2.54606894E-01       2.59195790E-01       1.00057672E+00
   666.4000       2.86342895E-01       3.79136144E+00       1.25776189E-06       1.42400891E-05       2.87709594E-01       2.45961149E-07       2.54608673E-01       2.59199290E-01       1.00057717E+00
   666.5000       2.86342829E-01       3.79294204E+00       1.25881082E-06       1.42524646E-05       2.87709546E-01       2.46154206E-07       2.54610452E-01       2.59202780E-01       1.00057763E+00
   666.6000       2.86342766E-01       3.79451866E+00       1.25985754E-06       1.42648164E-05       2.87709499E-01       2.46335463E-07       2.54612230E-01       2.59206258E-01       1.00057806E+00
   666.7000       2.86342701E-01       3.79609172E+00       1.26090233E-06       1.42771448E-05       2.87709451E-01       2.46528076E-07       2.54614009E-01       2.59209722E-01       1.00057852E+00
   666.8000       2.86342636E-01       3.79766057E+00       1.26194476E-06       1.42894493E-05       2.87709404E-01       2.46716678E-07       2.54615788E-01       2.59213177E-01       1.00057896E+00
   666.9000       2.86342571E-01       3.79922558E+00       1.26298506E-06       1.43017301E-05       2.87709356E-01       2.46900336E-07       2.54617569E-01       2.59216620E-01       1.00057940E+00
   667.0000       2.86342506E-01       3.80078703E+00       1.26402343E-06       1.43139875E-05       2.87709308E-01       2.47090073E-07       2.54619350E-01       2.59220052E-01       1.00057984E+00
   667.1000       2.86342442E-01       3.80234460E+00       1.26505964E-06       1.43262210E-05       2.87709261E-01       2.47272807E-07       2.54621131E-01       2.59223471E-01       1.00058028E+00
   667.2000       2.86342378E-01       3.80389827E+00       1.26609368E-06       1.43384306E-05       2.87709213E-01       2.47458060E-07       2.54622913E-01       2.59226877E-01       1.00058072E+00
   667.3000       2.86342312E-01       3.80544850E+00       1.26712585E-06       1.43506168E-05       2.87709165E-01       2.47648552E-07       2.54624695E-01       2.59230273E-01       1.00058117E+00
   667.4000       2.86342248E-01       3.80699462E+00       1.26815570E-06       1.43627791E-05       2.87709117E-01       2.47832044E-07       2.54626478E-01       2.59233657E-01       1.00058160E+00
   667.5000       2.86342184E-01       3.80853706E+00       1.26918352E-06       1.43749177E-05       2.87709069E-01       2.48016299E-07       2.54628262E-01       2.59237030E-01       1.00058204E+00
   667.6000       2.86342120E-01       3.81007574E+00       1.27020925E-06       1.43870326E-05       2.87709021E-01       2.48197797E-07       2.54630047E-01       2.59240392E-01       1.00058246E+00
   667.7000       2.86342056E-01       3.81161061E+00       1.27123285E-06       1.43991237E-05       2.87708973E-01       2.48382512E-07       2.54631832E-01       2.59243743E-01       1.00058290E+00
   667.8000       2.86341994E-01       3.81314151E+00       1.27225421E-06       1.44111910E-05       2.87708925E-01       2.48561820E-07       2.54633618E-01       2.59247084E-01       1.00058333E+00
   667.9000       2.86341928E-01       3.81466844E+00       1.27327334E-06       1.44232342E-05       2.87708877E-01       2.48750281E-07       2.54635405E-01       2.59250418E-01       1.00058377E+00
   668.0000       2.86341864E-01       3.81619170E+00       1.27429042E-06       1.44352535E-05       2.87708828E-01       2.48934132E-07       2.54637192E-01       2.59253740E-01       1.00058421E+00
   668.1000       2.86341800E-01       3.81771084E+00       1.27530515E-06       1.44472485E-05       2.87708780E-01       2.49115903E-07       2.54638979E-01       2.59257055E-01       1.00058464E+00
   668.2000       2.86341738E-01       3.81922632E+00       1.27631785E-06       1.44592195E-05       2.87708732E-01       2.49293596E-07       2.54640766E-01       2.59260359E-01       1.00058506E+00
   668.3000       2.86341673E-01       3.82073802E+00       1.27732841E-06       1.44711663E-05       2.87708683E-01       2.49479346E-07       2.54642552E-01       2.59263655E-01       1.00058550E+00
   668.4000       2.86341610E-01       3.82224619E+00       1.27833702E-06       1.44830892E-05       2.87708635E-01       2.49657773E-07       2.54644338E-01       2.59266940E-01       1.00058592E+00
   668.5000       2.86341547E-01       3.82375030E+00       1.27934331E-06       1.44949879E-05       2.87708586E-01       2.49835316E-07       2.54646124E-01       2.59270217E-01       1.00058634E+00
   668.6000       2.86341483E-01       3.82525082E+00       1.28034758E-06       1.45068627E-05       2.87708538E-01       2.50015680E-07       2.54647910E-01       2.59273482E-01       1.00058676E+00
   668.7000       2.86341420E-01       3.82674752E+00       1.28134970E-06       1.45187132E-05       2.87708489E-01       2.50196945E-07       2.54649695E-01       2.59276738E-01       1.00058719E+00
   668.8000       2.86341357E-01       3.82824045E+00       1.28234968E-06       1.45305397E-05       2.87708440E-01       2.50376797E-07       2.54651480E-01       2.59279986E-01       1.00058762E+00
   668.9000       2.86341294E-01       3.82972945E+00       1.28334742E-06       1.45423419E-05       2.87708392E-01       2.50556394E-07       2.54653265E-01       2.59283222E-01       1.00058804E+00
   669.0000       2.86341230E-01       3.83121473E+00       1.28434305E-06       1.45541200E-05       2.87708343E-01       2.50734690E-07       2.54655050E-01       2.59286449E-01       1.00058847E+00
   669.1000       2.86341168E-01       3.83269602E+00       1.28533639E-06       1.45658736E-05       2.87708294E-01       2.50912374E-07       2.54656835E-01       2.59289667E-01       1.00058889E+00
   669.2000       2.86341105E-01       3.83417341E+00       1.28632750E-06       1.45776028E-05       2.87708245E-01       2.51088641E-07       2.54658620E-01       2.59292875E-01       1.00058930E+00
   669.3000       2.86341042E-01       3.83564682E+00       1.28731632E-06       1.45893073E-05       2.87708196E-01       2.51264216E-07       2.54660404E-01       2.59296073E-01       1.00058972E+00
   669.4000       2.86340979E-01       3.83711649E+00       1.28830301E-06       1.46009872E-05       2.87708147E-01       2.51443779E-07       2.54662188E-01       2.59299262E-01       1.00059014E+00
   669.5000       2.86340916E-01       3.83858264E+00       1.28928771E-06       1.46126427E-05       2.87708098E-01       2.51619466E-07       2.54663972E-01       2.59302441E-01       1.00059056E+00
   669.6000       2.86340855E-01       3.84004493E+00       1.29027019E-06       1.46242738E-05       2.87708049E-01       2.51792643E-07       2.54665755E-01       2.59305613E-01       1.00059097E+00
   669.7000       2.86340792E-01       3.84150322E+00       1.29125036E-06       1.46358802E-05       2.87708000E-01       2.51971748E-07       2.54667539E-01       2.59308776E-01       1.00059139E+00
   669.8000       2.86340730E-01       3.84295768E+00       1.29222832E-06       1.46474619E-05       2.87707950E-01       2.52143648E-07       2.54669322E-01       2.59311928E-01       1.00059180E+00
   669.9000       2.86340667E-01       3.84440837E+00       1.29320412E-06       1.46590189E-05       2.87707901E-01       2.52317781E-07       2.54671106E-01       2.59315071E-01       1.00059221E+00
   670.0000       2.86340606E-01       3.84585545E+00       1.29417786E-06       1.46705513E-05       2.87707852E-01       2.52489575E-07       2.54672888E-01       2.59318205E-01       1.00059262E+00
   670.1000       2.86340542E-01       3.84729859E+00       1.29514931E-06       1.46820591E-05       2.87707802E-01       2.52667042E-07       2.54674670E-01       2.59321330E-01       1.00059304E+00
   670.2000       2.86340480E-01       3.84873788E+00       1.29611854E-06       1.46935421E-05       2.87707753E-01       2.52842810E-07       2.54676453E-01       2.59324443E-01       1.00059345E+00
   670.3000       2.86340419E-01       3.85017351E+00       1.29708565E-06       1.47050005E-05       2.87707703E-01       2.53010968E-07       2.54678235E-01       2.59327549E-01       1.00059385E+00
   670.4000       2.86340358E-01       3.85160535E+00       1.29805058E-06       1.47164342E-05       2.87707654E-01       2.53179478E-07       2.54680016E-01       2.59330643E-01       1.00059425E+00
   670.5000       2.86340295E-01       3.85303325E+00       1.29901320E-06       1.47278429E-05       2.87707604E-01       2.53357557E-07       2.54681798E-01       2.59333729E-01       1.00059467E+00
   670.6000       2.86340234E-01       3.85445724E+00       1.29997355E-06       1.47392267E-05       2.87707554E-01       2.53526045E-07       2.54683579E-01       2.59336802E-01       1.00059507E+00
   670.7000       2.86340171E-01       3.85587721E+00       1.30093154E-06       1.47505853E-05       2.87707505E-01       2.53698485E-07       2.54685360E-01       2.59339864E-01       1.00059547E+00
   670.8000       2.86340111E-01       3.85729352E+00       1.30188741E-06       1.47619189E-05       2.87707455E-01       2.53867821E-07       2.54687141E-01       2.59342916E-01       1.00059588E+00
   670.9000       2.86340049E-01       3.85870614E+00       1.30284114E-06       1.47732275E-05       2.87707405E-01       2.54039659E-07       2.54688922E-01       2.59345958E-01       1.00059628E+00
   671.0000       2.86339988E-01       3.86011489E+00       1.30379261E-06       1.47845109E-05       2.87707355E-01       2.54205619E-07       2.54690704E-01       2.59348987E-01       1.00059667E+00
   671.1000       2.86339927E-01       3.86151992E+00       1.30474191E-06       1.47957694E-05       2.87707305E-01       2.54377126E-07       2.54692485E-01       2.59352005E-01       1.00059708E+00
   671.2000       2.86339866E-01       3.86292102E+00       1.30568889E-06       1.48070027E-05       2.87707255E-01       2.54543690E-07       2.54694267E-01       2.59355016E-01       1.00059747E+00
   671.3000       2.86339804E-01       3.86431812E+00       1.30663352E-06       1.48182107E-05       2.87707205E-01       2.54713102E-07       2.54696049E-01       2.59358016E-01       1.00059787E+00
   671.4000       2.86339743E-01       3.86571187E+00       1.30757622E-06       1.48293937E-05       2.87707155E-01       2.54886482E-07       2.54697831E-01       2.59361005E-01       1.00059828E+00
   671.5000       2.86339682E-01       3.86710142E+00       1.30851642E-06       1.48405514E-05       2.87707105E-01       2.55052907E-07       2.54699612E-01       2.59363985E-01       1.00059868E+00
   671.6000       2.86339621E-01       3.86848740E+00       1.30945454E-06       1.48516839E-05       2.87707054E-01       2.55217139E-07       2.54701392E-01       2.59366954E-01       1.00059907E+00
   671.7000       2.86339562E-01       3.86986977E+00       1.31039055E-06       1.48627913E-05       2.87707004E-01       2.55380937E-07       2.54703172E-01       2.59369914E-01       1.00059945E+00
   671.8000       2.86339501E-01       3.87124843E+00       1.31132438E-06       1.48738737E-05       2.87706954E-01       2.55547479E-07       2.54704951E-01       2.59372866E-01       1.00059985E+00
   671.9000       2.86339440E-01       3.87262304E+00       1.31225581E-06       1.48849308E-05       2.87706903E-01       2.55713889E-07       2.54706730E-01       2.59375810E-01       1.00060024E+00
   672.0000       2.86339380E-01       3.87399369E+00       1.31318487E-06       1.48959626E-05       2.87706853E-01       2.55879986E-07       2.54708508E-01       2.59378743E-01       1.00060063E+00
   672.1000       2.86339320E-01       3.87536052E+00       1.31411167E-06       1.49069688E-05       2.87706802E-01       2.56041184E-07       2.54710285E-01       2.59381666E-01       1.00060102E+00
   672.2000       2.86339259E-01       3.87672358E+00       1.31503625E-06       1.49179496E-05       2.87706752E-01       2.56211083E-07       2.54712061E-01       2.59384580E-01       1.00060142E+00
   672.3000       2.86339199E-01       3.87808322E+00       1.31595883E-06       1.49289052E-05       2.87706701E-01       2.56371895E-07       2.54713836E-01       2.59387482E-01       1.00060180E+00
   672.4000       2.86339139E-01       3.87943867E+00       1.31687889E-06       1.49398352E-05       2.87706650E-01       2.56537830E-07       2.54715612E-01       2.59390373E-01       1.00060219E+00
   672.5000       2.86339079E-01       3.88079009E+00       1.31779653E-06       1.49507396E-05       2.87706600E-01       2.56698974E-07       2.54717385E-01       2.59393256E-01       1.00060257E+00
   672.6000       2.86339019E-01       3.88213843E+00       1.31871239E-06       1.49616189E-05       2.87706549E-01       2.56858505E-07       2.54719158E-01       2.59396129E-01       1.00060295E+00
   672.7000       2.86338960E-01       3.88348270E+00       1.31962582E-06       1.49724728E-05       2.87706498E-01       2.57018152E-07       2.54720931E-01       2.59398991E-01       1.00060333E+00
   672.8000       2.86338899E-01       3.88482313E+00       1.32053694E-06       1.49833011E-05       2.87706447E-01       2.57183848E-07       2.54722703E-01       2.59401843E-01       1.00060372E+00
   672.9000       2.86338840E-01       3.88615983E+00       1.32144584E-06       1.49941040E-05       2.87706396E-01       2.57349923E-07       2.54724474E-01       2.59404685E-01       1.00060411E+00
   673.0000       2.86338780E-01       3.88749270E+00       1.32235246E-06       1.50048814E-05       2.87706345E-01       2.57508692E-07       2.54726244E-01       2.59407517E-01       1.00060449E+00
   673.1000       2.86338722E-01       3.88882171E+00       1.32325675E-06       1.50156331E-05       2.87706294E-01       2.57663615E-07       2.54728013E-01       2.59410338E-01       1.00060485E+00
   673.2000       2.86338662E-01       3.89014694E+00       1.32415878E-06       1.50263593E-05       2.87706243E-01       2.57822835E-07       2.54729782E-01       2.59413151E-01       1.00060523E+00
   673.3000       2.86338603E-01       3.89146818E+00       1.32505840E-06       1.50370596E-05       2.87706192E-01       2.57986758E-07       2.54731551E-01       2.59415953E-01       1.00060562E+00
   673.4000       2.86338543E-01       3.89278568E+00       1.32595578E-06       1.50477340E-05       2.87706141E-01       2.58143029E-07       2.54733319E-01       2.59418744E-01       1.00060599E+00
   673.5000       2.86338484E-01       3.89409960E+00       1.32685102E-06       1.50583829E-05       2.87706090E-01       2.58306548E-07       2.54735087E-01       2.59421525E-01       1.00060637E+00
   673.6000       2.86338426E-01       3.89540990E+00       1.32774410E-06       1.50690063E-05       2.87706038E-01       2.58461663E-07       2.54736854E-01       2.59424296E-01       1.00060674E+00
   673.7000       2.86338367E-01       3.89671639E+00       1.32863488E-06       1.50796041E-05       2.87705987E-01       2.58619069E-07       2.54738621E-01       2.59427058E-01       1.00060711E+00
   673.8000       2.86338309E-01       3.89801928E+00       1.32952350E-06       1.50901764E-05       2.87705936E-01       2.58772790E-07       2.54740386E-01       2.59429810E-01       1.00060748E+00
   673.9000       2.86338249E-01       3.89931809E+00       1.33040964E-06       1.51007228E-05       2.87705884E-01       2.58931833E-07       2.54742151E-01       2.59432553E-01       1.00060785E+00
   674.0000       2.86338190E-01       3.90061320E+00       1.33129354E-06       1.51112434E-05       2.87705833E-01       2.59092114E-07       2.54743916E-01       2.59435287E-01       1.00060823E+00
   674.1000       2.86338133E-01       3.90190478E+00       1.33217533E-06       1.51217385E-05       2.87705781E-01       2.59245186E-07       2.54745679E-01       2.59438013E-01       1.00060859E+00
   674.2000       2.86338075E-01       3.90319235E+00       1.33305467E-06       1.51322078E-05       2.87705729E-01       2.59401592E-07       2.54747442E-01       2.59440729E-01       1.00060896E+00
   674.3000       2.86338016E-01       3.90447629E+00       1.33393182E-06       1.51426514E-05       2.87705678E-01       2.59557834E-07       2.54749205E-01       2.59443437E-01       1.00060933E+00
   674.4000       2.86337959E-01       3.90575640E+00       1.33480664E-06       1.51530692E-05       2.87705626E-01       2.59708592E-07       2.54750967E-01       2.59446135E-01       1.00060969E+00
   674.5000       2.86337900E-01       3.90703287E+00       1.33567926E-06       1.51634612E-05       2.87705574E-01       2.59870147E-07       2.54752728E-01       2.59448826E-01       1.00061007E+00
   674.6000       2.86337842E-01       3.90830556E+00       1.33654958E-06       1.51738274E-05       2.87705522E-01       2.60019566E-07       2.54754489E-01       2.59451509E-01       1.00061042E+00
   674.7000       2.86337784E-01       3.90957409E+00       1.33741734E-06       1.51841674E-05       2.87705470E-01       2.60173640E-07       2.54756250E-01       2.59454181E-01       1.00061079E+00
   674.8000       2.86337727E-01       3.91083919E+00       1.33828303E-06       1.51944816E-05       2.87705418E-01       2.60323968E-07       2.54758010E-01       2.59456845E-01       1.00061114E+00
   674.9000       2.86337670E-01       3.91210057E+00       1.33914645E-06       1.52047699E-05       2.87705367E-01       2.60472646E-07       2.54759770E-01       2.59459500E-01       1.00061150E+00
   675.0000       2.86337612E-01       3.91335815E+00       1.34000755E-06       1.52150323E-05       2.87705314E-01       2.60621966E-07       2.54761529E-01       2.59462144E-01       1.00061185E+00
   675.1000       2.86337555E-01       3.91461197E+00       1.34086635E-06       1.52252687E-05       2.87705262E-01       2.60780127E-07       2.54763287E-01       2.59464780E-01       1.00061222E+00
   675.2000       2.86337497E-01       3.91586234E+00       1.34172306E-06       1.52354793E-05       2.87705210E-01       2.60926079E-07       2.54765043E-01       2.59467407E-01       1.00061257E+00
   675.3000       2.86337439E-01       3.91710879E+00       1.34257736E-06       1.52456640E-05       2.87705158E-01       2.61081792E-07       2.54766799E-01       2.59470025E-01       1.00061294E+00
   675.4000       2.86337383E-01       3.91835159E+00       1.34342943E-06       1.52558228E-05       2.87705106E-01       2.61230446E-07       2.54768552E-01       2.59472634E-01       1.00061329E+00
   675.5000       2.86337326E-01       3.91959043E+00       1.34427905E-06       1.52659554E-05       2.87705054E-01       2.61377865E-07       2.54770306E-01       2.59475234E-01       1.00061364E+00
   675.6000       2.86337268E-01       3.92082579E+00       1.34512655E-06       1.52760622E-05       2.87705001E-01       2.61532424E-07       2.54772058E-01       2.59477826E-01       1.00061400E+00
   675.7000       2.86337212E-01       3.92205719E+00       1.34597160E-06       1.52861428E-05       2.87704949E-01       2.61681122E-07       2.54773808E-01       2.59480409E-01       1.00061435E+00
   675.8000       2.86337156E-01       3.92328525E+00       1.34681462E-06       1.52961975E-05       2.87704896E-01       2.61823483E-07       2.54775556E-01       2.59482981E-01       1.00061469E+00
   675.9000       2.86337099E-01       3.92450932E+00       1.34765518E-06       1.53062262E-05       2.87704844E-01       2.61975231E-07       2.54777304E-01       2.59485542E-01       1.00061505E+00
   676.0000       2.86337042E-01       3.92572979E+00       1.34849351E-06       1.53162288E-05       2.87704791E-01       2.62126778E-07       2.54779050E-01       2.59488096E-01       1.00061541E+00
   676.1000       2.86336986E-01       3.92694654E+00       1.34932955E-06       1.53262055E-05       2.87704739E-01       2.62266984E-07       2.54780795E-01       2.59490642E-01       1.00061574E+00
   676.2000       2.86336929E-01       3.92815915E+00       1.35016300E-06       1.53361557E-05       2.87704686E-01       2.62417130E-07       2.54782539E-01       2.59493177E-01       1.00061610E+00
   676.3000       2.86336873E-01       3.92936849E+00       1.35099447E-06       1.53460800E-05       2.87704633E-01       2.62564279E-07       2.54784282E-01       2.59495703E-01       1.00061644E+00
   676.4000       2.86336817E-01       3.93057430E+00       1.35182375E-06       1.53559784E-05       2.87704581E-01       2.62708531E-07       2.54786023E-01       2.59498219E-01       1.00061678E+00
   676.5000       2.86336760E-01       3.93177596E+00       1.35265044E-06       1.53658505E-05       2.87704528E-01       2.62856328E-07       2.54787762E-01       2.59500725E-01       1.00061713E+00
   676.6000       2.86336706E-01       3.93297415E+00       1.35347499E-06       1.53756965E-05       2.87704475E-01       2.62997385E-07       2.54789500E-01       2.59503223E-01       1.00061747E+00
   676.7000       2.86336649E-01       3.93416872E+00       1.35429730E-06       1.53855164E-05       2.87704422E-01       2.63147162E-07       2.54791236E-01       2.59505709E-01       1.00061782E+00
   676.8000       2.86336593E-01       3.93535970E+00       1.35511740E-06       1.53953104E-05       2.87704369E-01       2.63288253E-07       2.54792972E-01       2.59508183E-01       1.00061816E+00
   676.9000       2.86336538E-01       3.93654722E+00       1.35593535E-06       1.54050785E-05       2.87704316E-01       2.63435443E-07       2.54794706E-01       2.59510645E-01       1.00061850E+00
   677.0000       2.86336482E-01       3.93773074E+00       1.35675080E-06       1.54148206E-05       2.87704263E-01       2.63575395E-07       2.54796440E-01       2.59513096E-01       1.00061883E+00
   677.1000       2.86336427E-01       3.93891056E+00       1.35756394E-06       1.54245366E-05       2.87704210E-01       2.63719827E-07       2.54798172E-01       2.59515535E-01       1.00061918E+00
   677.2000       2.86336372E-01       3.94008676E+00       1.35837482E-06       1.54342264E-05       2.87704157E-01       2.63859681E-07       2.54799904E-01       2.59517963E-01       1.00061951E+00
   677.3000       2.86336317E-01       3.94125904E+00       1.35918325E-06       1.54438900E-05       2.87704104E-01       2.64000852E-07       2.54801635E-01       2.59520380E-01       1.00061984E+00
   677.4000       2.86336262E-01       3.94242818E+00       1.35998974E-06       1.54535276E-05       2.87704050E-01       2.64141688E-07       2.54803366E-01       2.59522788E-01       1.00062017E+00
   677.5000       2.86336207E-01       3.94359342E+00       1.36079379E-06       1.54631393E-05       2.87703997E-01       2.64283185E-07       2.54805095E-01       2.59525185E-01       1.00062051E+00
   677.6000       2.86336153E-01       3.94475496E+00       1.36159552E-06       1.54727247E-05       2.87703944E-01       2.64419584E-07       2.54806823E-01       2.59527573E-01       1.00062083E+00
   677.7000       2.86336097E-01       3.94591278E+00       1.36239492E-06       1.54822838E-05       2.87703890E-01       2.64564621E-07       2.54808550E-01       2.59529952E-01       1.00062117E+00
   677.8000       2.86336043E-01       3.94706697E+00       1.36319205E-06       1.54918169E-05       2.87703837E-01       2.64704150E-07       2.54810276E-01       2.59532321E-01       1.00062150E+00
   677.9000       2.86335988E-01       3.94821744E+00       1.36398683E-06       1.55013238E-05       2.87703783E-01       2.64845033E-07       2.54812001E-01       2.59534683E-01       1.00062184E+00
   678.0000       2.86335934E-01       3.94936441E+00       1.36477944E-06       1.55108044E-05       2.87703730E-01       2.64980287E-07       2.54813724E-01       2.59537036E-01       1.00062216E+00
   678.1000       2.86335879E-01       3.95050785E+00       1.36556983E-06       1.55202591E-05       2.87703676E-01       2.65121129E-07       2.54815446E-01       2.59539380E-01       1.00062249E+00
   678.2000       2.86335826E-01       3.95164773E+00       1.36635798E-06       1.55296878E-05       2.87703623E-01       2.65256438E-07       2.54817166E-01       2.59541719E-01       1.00062281E+00
   678.3000       2.86335770E-01       3.95278384E+00       1.36714375E-06       1.55390903E-05       2.87703569E-01       2.65400195E-07       2.54818886E-01       2.59544050E-01       1.00062315E+00
   678.4000       2.86335718E-01       3.95391603E+00       1.36792705E-06       1.55484665E-05       2.87703515E-01       2.65529941E-07       2.54820605E-01       2.59546374E-01       1.00062346E+00
   678.5000       2.86335664E-01       3.95504437E+00       1.36870790E-06       1.55578162E-05       2.87703461E-01       2.65666507E-07       2.54822322E-01       2.59548689E-01       1.00062378E+00
   678.6000       2.86335610E-01       3.95616966E+00       1.36948686E-06       1.55671399E-05       2.87703407E-01       2.65805048E-07       2.54824039E-01       2.59550995E-01       1.00062411E+00
   678.7000       2.86335556E-01       3.95729137E+00       1.37026356E-06       1.55764377E-05       2.87703354E-01       2.65940380E-07       2.54825754E-01       2.59553294E-01       1.00062443E+00
   678.8000       2.86335503E-01       3.95840939E+00       1.37103793E-06       1.55857093E-05       2.87703300E-01       2.66077667E-07       2.54827467E-01       2.59555585E-01       1.00062475E+00
   678.9000       2.86335449E-01       3.95952355E+00       1.37180984E-06       1.55949545E-05       2.87703246E-01       2.66211969E-07       2.54829180E-01       2.59557869E-01       1.00062507E+00
   679.0000       2.86335396E-01       3.96063414E+00       1.37257949E-06       1.56041736E-05       2.87703192E-01       2.66344149E-07       2.54830890E-01       2.59560143E-01       1.00062538E+00
   679.1000       2.86335342E-01       3.96174101E+00       1.37334678E-06       1.56133663E-05       2.87703138E-01       2.66481484E-07       2.54832599E-01       2.59562408E-01       1.00062571E+00
   679.2000       2.86335289E-01       3.96284444E+00       1.37411191E-06       1.56225329E-05       2.87703083E-01       2.66617833E-07       2.54834305E-01       2.59564665E-01       1.00062603E+00
   679.3000       2.86335237E-01       3.96394432E+00       1.37487478E-06       1.56316734E-05       2.87703029E-01       2.66743354E-07       2.54836010E-01       2.59566912E-01       1.00062633E+00
   679.4000       2.86335184E-01       3.96504049E+00       1.37563528E-06       1.56407877E-05       2.87702975E-01       2.66876300E-07       2.54837714E-01       2.59569149E-01       1.00062664E+00
   679.5000       2.86335131E-01       3.96613303E+00       1.37639348E-06       1.56498757E-05       2.87702921E-01       2.67010346E-07       2.54839416E-01       2.59571376E-01       1.00062696E+00
   679.6000       2.86335078E-01       3.96722188E+00       1.37714933E-06       1.56589373E-05       2.87702866E-01       2.67146085E-07       2.54841117E-01       2.59573594E-01       1.00062728E+00
   679.7000       2.86335027E-01       3.96830716E+00       1.37790290E-06       1.56679727E-05       2.87702812E-01       2.67270241E-07       2.54842815E-01       2.59575802E-01       1.00062757E+00
   679.8000       2.86334975E-01       3.96938919E+00       1.37865442E-06       1.56769820E-05       2.87702758E-01       2.67400305E-07       2.54844512E-01       2.59577999E-01       1.00062788E+00
   679.9000       2.86334920E-01       3.97046744E+00       1.37940352E-06       1.56859651E-05       2.87702703E-01       2.67538602E-07       2.54846207E-01       2.59580187E-01       1.00062821E+00
   680.0000       2.86334870E-01       3.97154229E+00       1.38015046E-06       1.56949222E-05       2.87702649E-01       2.67663498E-07       2.54847899E-01       2.59582366E-01       1.00062850E+00
   680.1000       2.86334816E-01       3.97261329E+00       1.38089493E-06       1.57038530E-05       2.87702594E-01       2.67799072E-07       2.54849590E-01       2.59584536E-01       1.00062882E+00
   680.2000       2.86334765E-01       3.97368108E+00       1.38163736E-06       1.57127579E-05       2.87702539E-01       2.67922545E-07       2.54851278E-01       2.59586695E-01       1.00062911E+00
   680.3000       2.86334713E-01       3.97474506E+00       1.38237735E-06       1.57216365E-05       2.87702485E-01       2.68053100E-07       2.54852964E-01       2.59588844E-01       1.00062942E+00
   680.4000       2.86334661E-01       3.97580559E+00       1.38311513E-06       1.57304890E-05       2.87702430E-01       2.68182398E-07       2.54854647E-01       2.59590983E-01       1.00062973E+00
   680.5000       2.86334610E-01       3.97686275E+00       1.38385076E-06       1.57393155E-05       2.87702375E-01       2.68307365E-07       2.54856329E-01       2.59593111E-01       1.00063002E+00
   680.6000       2.86334558E-01       3.97791576E+00       1.38458371E-06       1.57481155E-05       2.87702321E-01       2.68439067E-07       2.54858009E-01       2.59595228E-01       1.00063034E+00
   680.7000       2.86334507E-01       3.97896577E+00       1.38531475E-06       1.57568895E-05       2.87702266E-01       2.68563657E-07       2.54859687E-01       2.59597335E-01       1.00063063E+00
   680.8000       2.86334455E-01       3.98001213E+00       1.38604345E-06       1.57656375E-05       2.87702211E-01       2.68689870E-07       2.54861364E-01       2.59599435E-01       1.00063093E+00
   680.9000       2.86334405E-01       3.98105505E+00       1.38676994E-06       1.57743595E-05       2.87702156E-01       2.68813897E-07       2.54863039E-01       2.59601526E-01       1.00063122E+00
   681.0000       2.86334354E-01       3.98209416E+00       1.38749397E-06       1.57830552E-05       2.87702101E-01       2.68944269E-07       2.54864713E-01       2.59603610E-01       1.00063153E+00
   681.1000       2.86334302E-01       3.98312970E+00       1.38821569E-06       1.57917247E-05       2.87702046E-01       2.69068785E-07       2.54866386E-01       2.59605684E-01       1.00063183E+00
   681.2000       2.86334251E-01       3.98416191E+00       1.38893529E-06       1.58003681E-05       2.87701991E-01       2.69194813E-07       2.54868058E-01       2.59607749E-01       1.00063212E+00
   681.3000       2.86334200E-01       3.98519060E+00       1.38965261E-06       1.58089856E-05       2.87701936E-01       2.69320614E-07       2.54869729E-01       2.59609807E-01       1.00063242E+00
   681.4000       2.86334150E-01       3.98621582E+00       1.39036770E-06       1.58175770E-05       2.87701881E-01       2.69442323E-07       2.54871398E-01       2.59611856E-01       1.00063271E+00
   681.5000       2.86334098E-01       3.98723784E+00       1.39108074E-06       1.58261426E-05       2.87701825E-01       2.69570097E-07       2.54873066E-01       2.59613898E-01       1.00063301E+00
   681.6000       2.86334049E-01       3.98825622E+00       1.39179142E-06       1.58346824E-05       2.87701770E-01       2.69690175E-07       2.54874734E-01       2.59615933E-01       1.00063330E+00
   681.7000       2.86333999E-01       3.98927116E+00       1.39249988E-06       1.58431963E-05       2.87701715E-01       2.69812584E-07       2.54876400E-01       2.59617960E-01       1.00063358E+00
   681.8000       2.86333949E-01       3.99028258E+00       1.39320607E-06       1.58516843E-05       2.87701659E-01       2.69936823E-07       2.54878064E-01       2.59619978E-01       1.00063388E+00
   681.9000       2.86333899E-01       3.99129044E+00       1.39390994E-06       1.58601464E-05       2.87701604E-01       2.70058566E-07       2.54879729E-01       2.59621988E-01       1.00063417E+00
   682.0000       2.86333849E-01       3.99229468E+00       1.39461147E-06       1.58685825E-05       2.87701549E-01       2.70176815E-07       2.54881391E-01       2.59623990E-01       1.00063445E+00
   682.1000       2.86333800E-01       3.99329555E+00       1.39531081E-06       1.58769925E-05       2.87701493E-01       2.70299160E-07       2.54883052E-01       2.59625984E-01       1.00063474E+00
   682.2000       2.86333749E-01       3.99429291E+00       1.39600789E-06       1.58853766E-05       2.87701438E-01       2.70422832E-07       2.54884711E-01       2.59627968E-01       1.00063503E+00
   682.3000       2.86333700E-01       3.99528688E+00       1.39670276E-06       1.58937348E-05       2.87701382E-01       2.70541273E-07       2.54886368E-01       2.59629942E-01       1.00063531E+00
   682.4000       2.86333650E-01       3.99627753E+00       1.39739548E-06       1.59020672E-05       2.87701326E-01       2.70660493E-07       2.54888022E-01       2.59631910E-01       1.00063559E+00
   682.5000       2.86333601E-01       3.99726440E+00       1.39808573E-06       1.59103736E-05       2.87701271E-01       2.70777504E-07       2.54889676E-01       2.59633867E-01       1.00063587E+00
   682.6000       2.86333552E-01       3.99824807E+00       1.39877392E-06       1.59186542E-05       2.87701215E-01       2.70898375E-07       2.54891326E-01       2.59635816E-01       1.00063615E+00
   682.7000       2.86333503E-01       3.99922819E+00       1.39945978E-06       1.59269089E-05       2.87701159E-01       2.71016501E-07       2.54892975E-01       2.59637755E-01       1.00063643E+00
   682.8000       2.86333454E-01       4.00020487E+00       1.40014341E-06       1.59351377E-05       2.87701104E-01       2.71133248E-07       2.54894621E-01       2.59639686E-01       1.00063671E+00
   682.9000       2.86333405E-01       4.00117787E+00       1.40082463E-06       1.59433405E-05       2.87701048E-01       2.71250793E-07       2.54896266E-01       2.59641607E-01       1.00063699E+00
   683.0000       2.86333356E-01       4.00214756E+00       1.40150370E-06       1.59515174E-05       2.87700992E-01       2.71370882E-07       2.54897908E-01       2.59643521E-01       1.00063727E+00
   683.1000       2.86333306E-01       4.00311397E+00       1.40218063E-06       1.59596685E-05       2.87700936E-01       2.71492670E-07       2.54899548E-01       2.59645424E-01       1.00063756E+00
   683.2000       2.86333260E-01       4.00407664E+00       1.40285510E-06       1.59677936E-05       2.87700880E-01       2.71599409E-07       2.54901185E-01       2.59647317E-01       1.00063781E+00
   683.3000       2.86333211E-01       4.00503614E+00       1.40352752E-06       1.59758928E-05       2.87700824E-01       2.71717958E-07       2.54902820E-01       2.59649201E-01       1.00063809E+00
   683.4000       2.86333162E-01       4.00599212E+00       1.40419763E-06       1.59839662E-05       2.87700768E-01       2.71837238E-07       2.54904452E-01       2.59651076E-01       1.00063837E+00
   683.5000       2.86333114E-01       4.00694493E+00       1.40486567E-06       1.59920138E-05       2.87700712E-01       2.71951323E-07       2.54906082E-01       2.59652944E-01       1.00063864E+00
   683.6000       2.86333066E-01       4.00789428E+00       1.40553145E-06       1.60000359E-05       2.87700656E-01       2.72066620E-07       2.54907710E-01       2.59654802E-01       1.00063891E+00
   683.7000       2.86333018E-01       4.00884033E+00       1.40619507E-06       1.60080324E-05       2.87700599E-01       2.72181176E-07       2.54909335E-01       2.59656652E-01       1.00063919E+00
   683.8000       2.86332970E-01       4.00978282E+00       1.40685635E-06       1.60160032E-05       2.87700543E-01       2.72295905E-07       2.54910958E-01       2.59658493E-01       1.00063946E+00
   683.9000       2.86332922E-01       4.01072192E+00       1.40751540E-06       1.60239482E-05       2.87700487E-01       2.72411268E-07       2.54912579E-01       2.59660327E-01       1.00063973E+00
   684.0000       2.86332875E-01       4.01165770E+00       1.40817228E-06       1.60318677E-05       2.87700431E-01       2.72519495E-07       2.54914199E-01       2.59662151E-01       1.00063999E+00
   684.1000       2.86332827E-01       4.01259020E+00       1.40882701E-06       1.60397615E-05       2.87700374E-01       2.72635399E-07       2.54915817E-01       2.59663968E-01       1.00064026E+00
   684.2000       2.86332780E-01       4.01351946E+00       1.40947961E-06       1.60476299E-05       2.87700318E-01       2.72744009E-07       2.54917431E-01       2.59665775E-01       1.00064052E+00
   684.3000       2.86332733E-01       4.01444490E+00       1.41012969E-06       1.60554725E-05       2.87700261E-01       2.72861124E-07       2.54919045E-01       2.59667576E-01       1.00064079E+00
   684.4000       2.86332686E-01       4.01536702E+00       1.41077758E-06       1.60632894E-05       2.87700205E-01       2.72970364E-07       2.54920656E-01       2.59669368E-01       1.00064105E+00
   684.5000       2.86332639E-01       4.01628583E+00       1.41142329E-06       1.60710806E-05       2.87700148E-01       2.73079723E-07       2.54922265E-01       2.59671150E-01       1.00064131E+00
   684.6000       2.86332593E-01       4.01720170E+00       1.41206708E-06       1.60788465E-05       2.87700092E-01       2.73189211E-07       2.54923871E-01       2.59672924E-01       1.00064157E+00
   684.7000       2.86332545E-01       4.01811389E+00       1.41270843E-06       1.60865867E-05       2.87700035E-01       2.73305589E-07       2.54925475E-01       2.59674691E-01       1.00064184E+00
   684.8000       2.86332498E-01       4.01902298E+00       1.41334775E-06       1.60943016E-05       2.87699978E-01       2.73413995E-07       2.54927078E-01       2.59676449E-01       1.00064210E+00
   684.9000       2.86332452E-01       4.01992844E+00       1.41398466E-06       1.61019910E-05       2.87699922E-01       2.73524593E-07       2.54928680E-01       2.59678198E-01       1.00064236E+00
   685.0000       2.86332405E-01       4.02083075E+00       1.41461949E-06       1.61096549E-05       2.87699865E-01       2.73634235E-07       2.54930280E-01       2.59679940E-01       1.00064262E+00
   685.1000       2.86332359E-01       4.02172996E+00       1.41525229E-06       1.61172936E-05       2.87699808E-01       2.73743077E-07       2.54931877E-01       2.59681675E-01       1.00064288E+00
   685.2000       2.86332313E-01       4.02262571E+00       1.41588279E-06       1.61249069E-05       2.87699751E-01       2.73847924E-07       2.54933472E-01       2.59683402E-01       1.00064313E+00
   685.3000       2.86332267E-01       4.02351800E+00       1.41651099E-06       1.61324947E-05       2.87699694E-01       2.73954792E-07       2.54935065E-01       2.59685123E-01       1.00064338E+00
   685.4000       2.86332221E-01       4.02440690E+00       1.41713696E-06       1.61400572E-05       2.87699638E-01       2.74065187E-07       2.54936656E-01       2.59686836E-01       1.00064364E+00
   685.5000       2.86332175E-01       4.02529251E+00       1.41776073E-06       1.61475941E-05       2.87699581E-01       2.74172195E-07       2.54938245E-01       2.59688539E-01       1.00064389E+00
   685.6000       2.86332131E-01       4.02617513E+00       1.41838254E-06       1.61551058E-05       2.87699524E-01       2.74274898E-07       2.54939832E-01       2.59690234E-01       1.00064414E+00
   685.7000       2.86332084E-01       4.02705459E+00       1.41900226E-06       1.61625925E-05       2.87699467E-01       2.74383261E-07       2.54941416E-01       2.59691921E-01       1.00064439E+00
   685.8000       2.86332039E-01       4.02793050E+00       1.41961961E-06       1.61700539E-05       2.87699409E-01       2.74491398E-07       2.54942999E-01       2.59693601E-01       1.00064465E+00
   685.9000       2.86331993E-01       4.02880305E+00       1.42023473E-06       1.61774900E-05       2.87699352E-01       2.74598238E-07       2.54944580E-01       2.59695273E-01       1.00064490E+00
   686.0000       2.86331949E-01       4.02967228E+00       1.42084764E-06       1.61849007E-05       2.87699295E-01       2.74699727E-07       2.54946159E-01       2.59696935E-01       1.00064514E+00
   686.1000       2.86331903E-01       4.03053855E+00       1.42145859E-06       1.61922863E-05       2.87699238E-01       2.74803263E-07       2.54947736E-01       2.59698587E-01       1.00064539E+00
   686.2000       2.86331859E-01       4.03140132E+00       1.42206720E-06       1.61996467E-05       2.87699181E-01       2.74903031E-07       2.54949312E-01       2.59700230E-01       1.00064562E+00
   686.3000       2.86331813E-01       4.03226063E+00       1.42267351E-06       1.62069817E-05       2.87699123E-01       2.75013728E-07       2.54950885E-01       2.59701865E-01       1.00064588E+00
   686.4000       2.86331769E-01       4.03311681E+00       1.42327773E-06       1.62142916E-05       2.87699066E-01       2.75114115E-07       2.54952457E-01       2.59703491E-01       1.00064612E+00
   686.5000       2.86331725E-01       4.03396972E+00       1.42387977E-06       1.62215762E-05       2.87699009E-01       2.75215340E-07       2.54954027E-01       2.59705108E-01       1.00064636E+00
   686.6000       2.86331680E-01       4.03481944E+00       1.42447969E-06       1.62288356E-05       2.87698951E-01       2.75318289E-07       2.54955594E-01       2.59706717E-01       1.00064660E+00
   686.7000       2.86331635E-01       4.03566607E+00       1.42507756E-06       1.62360701E-05       2.87698894E-01       2.75426333E-07       2.54957160E-01       2.59708315E-01       1.00064686E+00
   686.8000       2.86331590E-01       4.03650924E+00       1.42567310E-06       1.62432794E-05       2.87698836E-01       2.75529087E-07       2.54958725E-01       2.59709904E-01       1.00064710E+00
   686.9000       2.86331547E-01       4.03734929E+00       1.42626656E-06       1.62504638E-05       2.87698779E-01       2.75624207E-07       2.54960288E-01       2.59711482E-01       1.00064733E+00
   687.0000       2.86331502E-01       4.03818621E+00       1.42685794E-06       1.62576231E-05       2.87698721E-01       2.75728790E-07       2.54961848E-01       2.59713053E-01       1.00064757E+00
   687.1000       2.86331459E-01       4.03901988E+00       1.42744714E-06       1.62647576E-05       2.87698664E-01       2.75827667E-07       2.54963407E-01       2.59714616E-01       1.00064781E+00
   687.2000       2.86331415E-01       4.03985019E+00       1.42803408E-06       1.62718671E-05       2.87698606E-01       2.75930423E-07       2.54964964E-01       2.59716170E-01       1.00064805E+00
   687.3000       2.86331372E-01       4.04067748E+00       1.42861902E-06       1.62789519E-05       2.87698548E-01       2.76023605E-07       2.54966518E-01       2.59717716E-01       1.00064827E+00
   687.4000       2.86331328E-01       4.04150129E+00       1.42920161E-06       1.62860114E-05       2.87698491E-01       2.76125071E-07       2.54968070E-01       2.59719251E-01       1.00064851E+00
   687.5000       2.86331285E-01       4.04232185E+00       1.42978202E-06       1.62930459E-05       2.87698433E-01       2.76225716E-07       2.54969619E-01       2.59720781E-01       1.00064875E+00
   687.6000       2.86331241E-01       4.04313920E+00       1.43036027E-06       1.63000554E-05       2.87698375E-01       2.76327115E-07       2.54971165E-01       2.59722303E-01       1.00064899E+00
   687.7000       2.86331198E-01       4.04395347E+00       1.43093647E-06       1.63070400E-05       2.87698317E-01       2.76424017E-07       2.54972709E-01       2.59723818E-01       1.00064922E+00
   687.8000       2.86331154E-01       4.04476463E+00       1.43151058E-06       1.63139997E-05       2.87698259E-01       2.76524920E-07       2.54974249E-01       2.59725324E-01       1.00064946E+00
   687.9000       2.86331112E-01       4.04557295E+00       1.43208280E-06       1.63209350E-05       2.87698201E-01       2.76622166E-07       2.54975787E-01       2.59726822E-01       1.00064969E+00
   688.0000       2.86331070E-01       4.04637759E+00       1.43265252E-06       1.63278452E-05       2.87698143E-01       2.76711291E-07       2.54977323E-01       2.59728314E-01       1.00064990E+00
   688.1000       2.86331027E-01       4.04717912E+00       1.43322015E-06       1.63347305E-05       2.87698085E-01       2.76811242E-07       2.54978857E-01       2.59729801E-01       1.00065013E+00
   688.2000       2.86330985E-01       4.04797754E+00       1.43378569E-06       1.63415912E-05       2.87698027E-01       2.76906924E-07       2.54980388E-01       2.59731277E-01       1.00065036E+00
   688.3000       2.86330941E-01       4.04877270E+00       1.43434904E-06       1.63484270E-05       2.87697969E-01       2.77003968E-07       2.54981917E-01       2.59732747E-01       1.00065059E+00
   688.4000       2.86330900E-01       4.04956479E+00       1.43491031E-06       1.63552382E-05       2.87697911E-01       2.77098085E-07       2.54983444E-01       2.59734209E-01       1.00065081E+00
   688.5000       2.86330858E-01       4.05035376E+00       1.43546949E-06       1.63620246E-05       2.87697853E-01       2.77194588E-07       2.54984968E-01       2.59735663E-01       1.00065104E+00
   688.6000       2.86330815E-01       4.05113962E+00       1.43602657E-06       1.63687864E-05       2.87697795E-01       2.77289964E-07       2.54986490E-01       2.59737111E-01       1.00065127E+00
   688.7000       2.86330773E-01       4.05192244E+00       1.43658161E-06       1.63755238E-05       2.87697736E-01       2.77383309E-07       2.54988010E-01       2.59738551E-01       1.00065149E+00
   688.8000       2.86330731E-01       4.05270182E+00       1.43713430E-06       1.63822364E-05       2.87697678E-01       2.77480423E-07       2.54989529E-01       2.59739985E-01       1.00065172E+00
   688.9000       2.86330691E-01       4.05347833E+00       1.43768508E-06       1.63889245E-05       2.87697620E-01       2.77570065E-07       2.54991046E-01       2.59741410E-01       1.00065193E+00
   689.0000       2.86330649E-01       4.05425166E+00       1.43823370E-06       1.63955881E-05       2.87697561E-01       2.77661434E-07       2.54992560E-01       2.59742828E-01       1.00065214E+00
   689.1000       2.86330607E-01       4.05502217E+00       1.43878042E-06       1.64022274E-05       2.87697503E-01       2.77753666E-07       2.54994073E-01       2.59744239E-01       1.00065236E+00
   689.2000       2.86330565E-01       4.05578951E+00       1.43932500E-06       1.64088425E-05       2.87697445E-01       2.77851293E-07       2.54995584E-01       2.59745644E-01       1.00065259E+00
   689.3000       2.86330524E-01       4.05655339E+00       1.43986722E-06       1.64154331E-05       2.87697386E-01       2.77941984E-07       2.54997093E-01       2.59747042E-01       1.00065281E+00
   689.4000       2.86330483E-01       4.05731406E+00       1.44040727E-06       1.64219990E-05       2.87697328E-01       2.78031761E-07       2.54998600E-01       2.59748432E-01       1.00065302E+00
   689.5000       2.86330441E-01       4.05807189E+00       1.44094540E-06       1.64285405E-05       2.87697269E-01       2.78126392E-07       2.55000104E-01       2.59749815E-01       1.00065324E+00
   689.6000       2.86330402E-01       4.05882682E+00       1.44148157E-06       1.64350580E-05       2.87697211E-01       2.78213299E-07       2.55001607E-01       2.59751189E-01       1.00065345E+00
   689.7000       2.86330361E-01       4.05957849E+00       1.44201554E-06       1.64415510E-05       2.87697152E-01       2.78303121E-07       2.55003109E-01       2.59752557E-01       1.00065366E+00
   689.8000       2.86330320E-01       4.06032710E+00       1.44254741E-06       1.64480198E-05       2.87697093E-01       2.78396073E-07       2.55004608E-01       2.59753916E-01       1.00065388E+00
   689.9000       2.86330279E-01       4.06107305E+00       1.44307751E-06       1.64544647E-05       2.87697035E-01       2.78487570E-07       2.55006103E-01       2.59755268E-01       1.00065410E+00
   690.0000       2.86330240E-01       4.06181577E+00       1.44360540E-06       1.64608855E-05       2.87696976E-01       2.78576742E-07       2.55007598E-01       2.59756613E-01       1.00065431E+00
   690.1000       2.86330199E-01       4.06255512E+00       1.44413099E-06       1.64672819E-05       2.87696917E-01       2.78663740E-07       2.55009089E-01       2.59757950E-01       1.00065451E+00
   690.2000       2.86330160E-01       4.06329147E+00       1.44465454E-06       1.64736540E-05       2.87696858E-01       2.78751100E-07       2.55010577E-01       2.59759279E-01       1.00065472E+00
   690.3000       2.86330119E-01       4.06402486E+00       1.44517608E-06       1.64800020E-05       2.87696799E-01       2.78838898E-07       2.55012062E-01       2.59760600E-01       1.00065493E+00
   690.4000       2.86330079E-01       4.06475524E+00       1.44569558E-06       1.64863259E-05       2.87696740E-01       2.78929359E-07       2.55013544E-01       2.59761914E-01       1.00065514E+00
   690.5000       2.86330039E-01       4.06548255E+00       1.44621298E-06       1.64926257E-05       2.87696682E-01       2.79017324E-07       2.55015023E-01       2.59763222E-01       1.00065535E+00
   690.6000       2.86330001E-01       4.06620693E+00       1.44672839E-06       1.64989015E-05       2.87696623E-01       2.79098087E-07       2.55016499E-01       2.59764522E-01       1.00065554E+00
   690.7000       2.86329961E-01       4.06692851E+00       1.44724191E-06       1.65051535E-05       2.87696564E-01       2.79189017E-07       2.55017972E-01       2.59765816E-01       1.00065576E+00
   690.8000       2.86329922E-01       4.06764660E+00       1.44775303E-06       1.65113815E-05       2.87696505E-01       2.79271949E-07       2.55019441E-01       2.59767105E-01       1.00065595E+00
   690.9000       2.86329882E-01       4.06836193E+00       1.44826227E-06       1.65175856E-05       2.87696446E-01       2.79356644E-07       2.55020908E-01       2.59768385E-01       1.00065615E+00
   691.0000       2.86329843E-01       4.06907397E+00       1.44876926E-06       1.65237655E-05       2.87696386E-01       2.79447779E-07       2.55022371E-01       2.59769658E-01       1.00065637E+00
   691.1000       2.86329804E-01       4.06978336E+00       1.44927445E-06       1.65299218E-05       2.87696327E-01       2.79531650E-07       2.55023832E-01       2.59770922E-01       1.00065657E+00
   691.2000       2.86329765E-01       4.07048971E+00       1.44977757E-06       1.65360542E-05       2.87696268E-01       2.79613556E-07       2.55025289E-01       2.59772178E-01       1.00065676E+00
   691.3000       2.86329726E-01       4.07119262E+00       1.45027832E-06       1.65421625E-05       2.87696209E-01       2.79700054E-07       2.55026743E-01       2.59773426E-01       1.00065696E+00
   691.4000       2.86329688E-01       4.07189296E+00       1.45077732E-06       1.65482469E-05       2.87696150E-01       2.79782640E-07       2.55028194E-01       2.59774666E-01       1.00065716E+00
   691.5000       2.86329649E-01       4.07259021E+00       1.45127421E-06       1.65543076E-05       2.87696090E-01       2.79868053E-07       2.55029642E-01       2.59775900E-01       1.00065736E+00
   691.6000       2.86329610E-01       4.07328447E+00       1.45176906E-06       1.65603445E-05       2.87696031E-01       2.79954066E-07       2.55031088E-01       2.59777126E-01       1.00065757E+00
   691.7000       2.86329572E-01       4.07397584E+00       1.45226192E-06       1.65663577E-05       2.87695972E-01       2.80036358E-07       2.55032532E-01       2.59778344E-01       1.00065776E+00
   691.8000       2.86329534E-01       4.07466414E+00       1.45275268E-06       1.65723471E-05       2.87695912E-01       2.80117970E-07       2.55033974E-01       2.59779553E-01       1.00065795E+00
   691.9000       2.86329496E-01       4.07534959E+00       1.45324150E-06       1.65783129E-05       2.87695853E-01       2.80198978E-07       2.55035413E-01       2.59780756E-01       1.00065814E+00
   692.0000       2.86329458E-01       4.07603200E+00       1.45372822E-06       1.65842550E-05       2.87695794E-01       2.80282218E-07       2.55036850E-01       2.59781952E-01       1.00065834E+00
   692.1000       2.86329421E-01       4.07671161E+00       1.45421304E-06       1.65901737E-05       2.87695734E-01       2.80360940E-07       2.55038285E-01       2.59783140E-01       1.00065853E+00
   692.2000       2.86329382E-01       4.07738808E+00       1.45469569E-06       1.65960687E-05       2.87695675E-01       2.80446004E-07       2.55039718E-01       2.59784320E-01       1.00065873E+00
   692.3000       2.86329346E-01       4.07806184E+00       1.45517648E-06       1.66019404E-05       2.87695615E-01       2.80526251E-07       2.55041149E-01       2.59785491E-01       1.00065892E+00
   692.4000       2.86329308E-01       4.07873265E+00       1.45565525E-06       1.66077886E-05       2.87695555E-01       2.80605306E-07       2.55042578E-01       2.59786656E-01       1.00065911E+00
   692.5000       2.86329270E-01       4.07940060E+00       1.45613206E-06       1.66136135E-05       2.87695496E-01       2.80687703E-07       2.55044005E-01       2.59787814E-01       1.00065930E+00
   692.6000       2.86329234E-01       4.08006580E+00       1.45660698E-06       1.66194152E-05       2.87695436E-01       2.80763102E-07       2.55045430E-01       2.59788962E-01       1.00065948E+00
   692.7000       2.86329197E-01       4.08072797E+00       1.45707981E-06       1.66251935E-05       2.87695376E-01       2.80840071E-07       2.55046854E-01       2.59790106E-01       1.00065966E+00
   692.8000       2.86329160E-01       4.08138670E+00       1.45755027E-06       1.66309481E-05       2.87695317E-01       2.80924430E-07       2.55048276E-01       2.59791242E-01       1.00065986E+00
   692.9000       2.86329124E-01       4.08204293E+00       1.45801902E-06       1.66366793E-05       2.87695257E-01       2.80996860E-07       2.55049697E-01       2.59792369E-01       1.00066003E+00
   693.0000       2.86329087E-01       4.08269616E+00       1.45848569E-06       1.66423873E-05       2.87695197E-01       2.81076645E-07       2.55051116E-01       2.59793488E-01       1.00066022E+00
   693.1000       2.86329050E-01       4.08334674E+00       1.45895055E-06       1.66480720E-05       2.87695137E-01       2.81156224E-07       2.55052532E-01       2.59794600E-01       1.00066041E+00
   693.2000       2.86329013E-01       4.08399398E+00       1.45941310E-06       1.66537333E-05       2.87695077E-01       2.81230972E-07       2.55053947E-01       2.59795705E-01       1.00066058E+00
   693.3000       2.86328977E-01       4.08463883E+00       1.45987401E-06       1.66593715E-05       2.87695018E-01       2.81309375E-07       2.55055359E-01       2.59796802E-01       1.00066077E+00
   693.4000       2.86328942E-01       4.08528059E+00       1.46033278E-06       1.66649865E-05       2.87694958E-01       2.81383871E-07       2.55056770E-01       2.59797892E-01       1.00066095E+00
   693.5000       2.86328906E-01       4.08591946E+00       1.46078956E-06       1.66705783E-05       2.87694898E-01       2.81457252E-07       2.55058177E-01       2.59798975E-01       1.00066112E+00
   693.6000       2.86328869E-01       4.08655538E+00       1.46124430E-06       1.66761469E-05       2.87694838E-01       2.81537111E-07       2.55059582E-01       2.59800048E-01       1.00066131E+00
   693.7000       2.86328833E-01       4.08718861E+00       1.46169719E-06       1.66816924E-05       2.87694778E-01       2.81614780E-07       2.55060984E-01       2.59801114E-01       1.00066149E+00
   693.8000       2.86328798E-01       4.08781889E+00       1.46214804E-06       1.66872150E-05       2.87694718E-01       2.81688702E-07       2.55062384E-01       2.59802173E-01       1.00066167E+00
   693.9000       2.86328762E-01       4.08844662E+00       1.46259713E-06       1.66927146E-05       2.87694658E-01       2.81763358E-07       2.55063780E-01       2.59803226E-01       1.00066184E+00
   694.0000       2.86328727E-01       4.08907132E+00       1.46304412E-06       1.66981913E-05       2.87694597E-01       2.81837802E-07       2.55065174E-01       2.59804271E-01       1.00066202E+00
   694.1000       2.86328691E-01       4.08969336E+00       1.46348928E-06       1.67036452E-05       2.87694537E-01       2.81917126E-07       2.55066565E-01       2.59805308E-01       1.00066221E+00
   694.2000       2.86328655E-01       4.09031260E+00       1.46393250E-06       1.67090764E-05       2.87694477E-01       2.81993991E-07       2.55067954E-01       2.59806338E-01       1.00066239E+00
   694.3000       2.86328621E-01       4.09092898E+00       1.46437375E-06       1.67144849E-05       2.87694417E-01       2.82060142E-07       2.55069338E-01       2.59807361E-01       1.00066254E+00
   694.4000       2.86328586E-01       4.09154256E+00       1.46481304E-06       1.67198706E-05       2.87694357E-01       2.82134971E-07       2.55070720E-01       2.59808379E-01       1.00066272E+00
   694.5000       2.86328551E-01       4.09215346E+00       1.46525050E-06       1.67252339E-05       2.87694296E-01       2.82210266E-07       2.55072097E-01       2.59809391E-01       1.00066290E+00
   694.6000       2.86328517E-01       4.09276140E+00       1.46568589E-06       1.67305744E-05       2.87694236E-01       2.82279153E-07       2.55073471E-01       2.59810397E-01       1.00066306E+00
   694.7000       2.86328483E-01       4.09336668E+00       1.46611945E-06       1.67358922E-05       2.87694176E-01       2.82349181E-07       2.55074841E-01       2.59811396E-01       1.00066323E+00
   694.8000       2.86328448E-01       4.09396922E+00       1.46655110E-06       1.67411876E-05       2.87694115E-01       2.82422505E-07       2.55076208E-01       2.59812389E-01       1.00066340E+00
   694.9000       2.86328413E-01       4.09456885E+00       1.46698073E-06       1.67464603E-05       2.87694055E-01       2.82494891E-07       2.55077572E-01       2.59813374E-01       1.00066357E+00
   695.0000       2.86328378E-01       4.09516587E+00       1.46740856E-06       1.67517108E-05       2.87693994E-01       2.82569300E-07       2.55078933E-01       2.59814353E-01       1.00066375E+00
   695.1000       2.86328345E-01       4.09576018E+00       1.46783450E-06       1.67569387E-05       2.87693934E-01       2.82634777E-07       2.55080290E-01       2.59815326E-01       1.00066390E+00
   695.2000       2.86328312E-01       4.09635162E+00       1.46825845E-06       1.67621442E-05       2.87693873E-01       2.82702995E-07       2.55081644E-01       2.59816293E-01       1.00066406E+00
   695.3000       2.86328276E-01       4.09694036E+00       1.46868053E-06       1.67673274E-05       2.87693813E-01       2.82777303E-07       2.55082996E-01       2.59817252E-01       1.00066424E+00
   695.4000       2.86328242E-01       4.09752649E+00       1.46910079E-06       1.67724885E-05       2.87693752E-01       2.82851520E-07       2.55084346E-01       2.59818204E-01       1.00066442E+00
   695.5000       2.86328209E-01       4.09810951E+00       1.46951888E-06       1.67776270E-05       2.87693692E-01       2.82916884E-07       2.55085692E-01       2.59819150E-01       1.00066457E+00
   695.6000       2.86328176E-01       4.09868987E+00       1.46993513E-06       1.67827431E-05       2.87693631E-01       2.82986028E-07       2.55087036E-01       2.59820089E-01       1.00066473E+00
   695.7000       2.86328143E-01       4.09926785E+00       1.47034973E-06       1.67878372E-05       2.87693570E-01       2.83054442E-07       2.55088377E-01       2.59821019E-01       1.00066490E+00
   695.8000       2.86328110E-01       4.09984291E+00       1.47076229E-06       1.67929091E-05       2.87693510E-01       2.83121655E-07       2.55089716E-01       2.59821943E-01       1.00066505E+00
   695.9000       2.86328077E-01       4.10041530E+00       1.47117299E-06       1.67979588E-05       2.87693449E-01       2.83185200E-07       2.55091052E-01       2.59822862E-01       1.00066520E+00
   696.0000       2.86328045E-01       4.10098508E+00       1.47158188E-06       1.68029865E-05       2.87693388E-01       2.83253565E-07       2.55092386E-01       2.59823775E-01       1.00066537E+00
   696.1000       2.86328010E-01       4.10155166E+00       1.47198853E-06       1.68079918E-05       2.87693327E-01       2.83325001E-07       2.55093718E-01       2.59824681E-01       1.00066554E+00
   696.2000       2.86327978E-01       4.10211593E+00       1.47239357E-06       1.68129750E-05       2.87693267E-01       2.83390151E-07       2.55095048E-01       2.59825579E-01       1.00066569E+00
   696.3000       2.86327946E-01       4.10267694E+00       1.47279633E-06       1.68179358E-05       2.87693206E-01       2.83456262E-07       2.55096376E-01       2.59826473E-01       1.00066585E+00
   696.4000       2.86327913E-01       4.10323550E+00       1.47319738E-06       1.68228744E-05       2.87693145E-01       2.83521296E-07       2.55097702E-01       2.59827359E-01       1.00066600E+00
   696.5000       2.86327881E-01       4.10379159E+00       1.47359672E-06       1.68277910E-05       2.87693084E-01       2.83586834E-07       2.55099025E-01       2.59828241E-01       1.00066615E+00
   696.6000       2.86327849E-01       4.10434492E+00       1.47399413E-06       1.68326857E-05       2.87693023E-01       2.83655285E-07       2.55100347E-01       2.59829120E-01       1.00066632E+00
   696.7000       2.86327817E-01       4.10489595E+00       1.47438994E-06       1.68375587E-05       2.87692962E-01       2.83720384E-07       2.55101666E-01       2.59829990E-01       1.00066647E+00
   696.8000       2.86327784E-01       4.10544430E+00       1.47478388E-06       1.68424101E-05       2.87692901E-01       2.83785766E-07       2.55102983E-01       2.59830854E-01       1.00066662E+00
   696.9000       2.86327753E-01       4.10599006E+00       1.47517600E-06       1.68472398E-05       2.87692840E-01       2.83850092E-07       2.55104298E-01       2.59831712E-01       1.00066678E+00
   697.0000       2.86327720E-01       4.10653299E+00       1.47556616E-06       1.68520479E-05       2.87692779E-01       2.83917901E-07       2.55105610E-01       2.59832563E-01       1.00066694E+00
   697.1000       2.86327689E-01       4.10707341E+00       1.47595455E-06       1.68568345E-05       2.87692718E-01       2.83975856E-07       2.55106918E-01       2.59833408E-01       1.00066707E+00
   697.2000       2.86327657E-01       4.10761124E+00       1.47634113E-06       1.68615994E-05       2.87692657E-01       2.84049521E-07       2.55108225E-01       2.59834246E-01       1.00066725E+00
   697.3000       2.86327627E-01       4.10814664E+00       1.47672602E-06       1.68663431E-05       2.87692596E-01       2.84105182E-07       2.55109528E-01       2.59835077E-01       1.00066738E+00
   697.4000       2.86327594E-01       4.10867897E+00       1.47710875E-06       1.68710651E-05       2.87692535E-01       2.84170508E-07       2.55110829E-01       2.59835902E-01       1.00066753E+00
   697.5000       2.86327564E-01       4.10920878E+00       1.47748972E-06       1.68757656E-05       2.87692473E-01       2.84231271E-07       2.55112128E-01       2.59836720E-01       1.00066768E+00
   697.6000       2.86327533E-01       4.10973596E+00       1.47786884E-06       1.68804446E-05       2.87692412E-01       2.84293889E-07       2.55113422E-01       2.59837534E-01       1.00066783E+00
   697.7000       2.86327502E-01       4.11026075E+00       1.47824630E-06       1.68851022E-05       2.87692351E-01       2.84353991E-07       2.55114714E-01       2.59838340E-01       1.00066797E+00
   697.8000       2.86327472E-01       4.11078292E+00       1.47862192E-06       1.68897385E-05       2.87692290E-01       2.84415979E-07       2.55116002E-01       2.59839139E-01       1.00066811E+00
   697.9000       2.86327442E-01       4.11130238E+00       1.47899564E-06       1.68943535E-05       2.87692228E-01       2.84469676E-07       2.55117287E-01       2.59839934E-01       1.00066824E+00
   698.0000       2.86327411E-01       4.11181933E+00       1.47936759E-06       1.68989473E-05       2.87692167E-01       2.84533111E-07       2.55118570E-01       2.59840723E-01       1.00066839E+00
   698.1000       2.86327380E-01       4.11233377E+00       1.47973779E-06       1.69035198E-05       2.87692106E-01       2.84596797E-07       2.55119848E-01       2.59841506E-01       1.00066854E+00
   698.2000       2.86327350E-01       4.11284550E+00       1.48010608E-06       1.69080711E-05       2.87692044E-01       2.84657240E-07       2.55121124E-01       2.59842282E-01       1.00066868E+00
   698.3000       2.86327320E-01       4.11335472E+00       1.48047262E-06       1.69126012E-05       2.87691983E-01       2.84713645E-07       2.55122396E-01       2.59843051E-01       1.00066882E+00
   698.4000       2.86327289E-01       4.11386140E+00       1.48083737E-06       1.69171101E-05       2.87691922E-01       2.84783591E-07       2.55123666E-01       2.59843814E-01       1.00066898E+00
   698.5000       2.86327260E-01       4.11436535E+00       1.48120019E-06       1.69215979E-05       2.87691860E-01       2.84833702E-07       2.55124933E-01       2.59844569E-01       1.00066910E+00
   698.6000       2.86327229E-01       4.11486710E+00       1.48156148E-06       1.69260647E-05       2.87691799E-01       2.84897735E-07       2.55126198E-01       2.59845317E-01       1.00066925E+00
   698.7000       2.86327200E-01       4.11536588E+00       1.48192068E-06       1.69305103E-05       2.87691737E-01       2.84954424E-07       2.55127460E-01       2.59846058E-01       1.00066939E+00
   698.8000       2.86327171E-01       4.11586241E+00       1.48227830E-06       1.69349350E-05       2.87691675E-01       2.85015439E-07       2.55128719E-01       2.59846793E-01       1.00066953E+00
   698.9000       2.86327141E-01       4.11635632E+00       1.48263407E-06       1.69393386E-05       2.87691614E-01       2.85068040E-07       2.55129975E-01       2.59847519E-01       1.00066966E+00
   699.0000       2.86327111E-01       4.11684795E+00       1.48298824E-06       1.69437213E-05       2.87691552E-01       2.85131842E-07       2.55131228E-01       2.59848238E-01       1.00066981E+00
   699.1000       2.86327082E-01       4.11733704E+00       1.48334063E-06       1.69480833E-05       2.87691491E-01       2.85186567E-07       2.55132479E-01       2.59848950E-01       1.00066994E+00
   699.2000       2.86327054E-01       4.11782375E+00       1.48369134E-06       1.69524247E-05       2.87691429E-01       2.85240540E-07       2.55133728E-01       2.59849654E-01       1.00067006E+00
   699.3000       2.86327024E-01       4.11830766E+00       1.48404007E-06       1.69567453E-05       2.87691367E-01       2.85303605E-07       2.55134974E-01       2.59850353E-01       1.00067021E+00
   699.4000       2.86326995E-01       4.11878896E+00       1.48438697E-06       1.69610448E-05       2.87691306E-01       2.85357820E-07       2.55136219E-01       2.59851045E-01       1.00067034E+00
   699.5000       2.86326967E-01       4.11926789E+00       1.48473219E-06       1.69653236E-05       2.87691244E-01       2.85411864E-07       2.55137461E-01       2.59851729E-01       1.00067047E+00
   699.6000       2.86326939E-01       4.11974463E+00       1.48507589E-06       1.69695820E-05       2.87691182E-01       2.85466170E-07       2.55138701E-01       2.59852407E-01       1.00067060E+00
   699.7000       2.86326909E-01       4.12021902E+00       1.48541792E-06       1.69738201E-05       2.87691120E-01       2.85527801E-07       2.55139938E-01       2.59853080E-01       1.00067074E+00
   699.8000       2.86326881E-01       4.12069096E+00       1.48575822E-06       1.69780378E-05       2.87691058E-01       2.85582470E-07       2.55141172E-01       2.59853746E-01       1.00067087E+00
   699.9000       2.86326853E-01       4.12116015E+00       1.48609659E-06       1.69822351E-05       2.87690997E-01       2.85634187E-07       2.55142404E-01       2.59854408E-01       1.00067099E+00
   700.0000       2.86326825E-01       4.12162692E+00       1.48643324E-06       1.69864119E-05       2.87690935E-01       2.85687908E-07       2.55143633E-01       2.59855064E-01       1.00067112E+00
   700.1000       2.86326797E-01       4.12209119E+00       1.48676813E-06       1.69905682E-05       2.87690873E-01       2.85743120E-07       2.55144859E-01       2.59855717E-01       1.00067125E+00
   700.2000       2.86326768E-01       4.12255300E+00       1.48710129E-06       1.69947041E-05       2.87690811E-01       2.85798896E-07       2.55146082E-01       2.59856364E-01       1.00067138E+00
   700.3000       2.86326741E-01       4.12301249E+00       1.48743280E-06       1.69988198E-05       2.87690749E-01       2.85853279E-07       2.55147303E-01       2.59857005E-01       1.00067151E+00
   700.4000       2.86326714E-01       4.12346936E+00       1.48776246E-06       1.70029152E-05       2.87690687E-01       2.85902740E-07       2.55148521E-01       2.59857641E-01       1.00067163E+00
   700.5000       2.86326686E-01       4.12392383E+00       1.48809043E-06       1.70069901E-05       2.87690625E-01       2.85958786E-07       2.55149736E-01       2.59858270E-01       1.00067176E+00
   700.6000       2.86326658E-01       4.12437580E+00       1.48841663E-06       1.70110448E-05       2.87690563E-01       2.86015612E-07       2.55150949E-01       2.59858893E-01       1.00067190E+00
   700.7000       2.86326631E-01       4.12482526E+00       1.48874105E-06       1.70150791E-05       2.87690501E-01       2.86062843E-07       2.55152157E-01       2.59859511E-01       1.00067201E+00
   700.8000       2.86326604E-01       4.12527259E+00       1.48906397E-06       1.70190934E-05       2.87690439E-01       2.86119408E-07       2.55153364E-01       2.59860124E-01       1.00067214E+00
   700.9000       2.86326577E-01       4.12571740E+00       1.48938510E-06       1.70230876E-05       2.87690377E-01       2.86168594E-07       2.55154567E-01       2.59860732E-01       1.00067226E+00
   701.0000       2.86326550E-01       4.12616008E+00       1.48970474E-06       1.70270619E-05       2.87690315E-01       2.86221848E-07       2.55155766E-01       2.59861333E-01       1.00067238E+00
   701.1000       2.86326524E-01       4.12660040E+00       1.49002270E-06       1.70310163E-05       2.87690253E-01       2.86270476E-07       2.55156963E-01       2.59861929E-01       1.00067250E+00
   701.2000       2.86326497E-01       4.12703827E+00       1.49033893E-06       1.70349510E-05       2.87690190E-01       2.86322482E-07       2.55158157E-01       2.59862518E-01       1.00067262E+00
   701.3000       2.86326471E-01       4.12747380E+00       1.49065350E-06       1.70388658E-05       2.87690128E-01       2.86366951E-07       2.55159347E-01       2.59863101E-01       1.00067273E+00
   701.4000       2.86326442E-01       4.12790679E+00       1.49096626E-06       1.70427607E-05       2.87690066E-01       2.86430136E-07       2.55160534E-01       2.59863679E-01       1.00067288E+00
   701.5000       2.86326417E-01       4.12833761E+00       1.49127750E-06       1.70466360E-05       2.87690004E-01       2.86475812E-07       2.55161718E-01       2.59864250E-01       1.00067298E+00
   701.6000       2.86326391E-01       4.12876591E+00       1.49158694E-06       1.70504914E-05       2.87689942E-01       2.86522224E-07       2.55162900E-01       2.59864815E-01       1.00067309E+00
   701.7000       2.86326366E-01       4.12919199E+00       1.49189482E-06       1.70543272E-05       2.87689879E-01       2.86567614E-07       2.55164079E-01       2.59865373E-01       1.00067320E+00
   701.8000       2.86326339E-01       4.12961551E+00       1.49220087E-06       1.70581433E-05       2.87689817E-01       2.86618862E-07       2.55165255E-01       2.59865924E-01       1.00067332E+00
   701.9000       2.86326313E-01       4.13003699E+00       1.49250549E-06       1.70619399E-05       2.87689755E-01       2.86671284E-07       2.55166428E-01       2.59866469E-01       1.00067345E+00
   702.0000       2.86326288E-01       4.13045618E+00       1.49280847E-06       1.70657170E-05       2.87689692E-01       2.86717331E-07       2.55167598E-01       2.59867008E-01       1.00067355E+00
   702.1000       2.86326262E-01       4.13087320E+00       1.49310992E-06       1.70694748E-05       2.87689630E-01       2.86766927E-07       2.55168764E-01       2.59867542E-01       1.00067367E+00
   702.2000       2.86326236E-01       4.13128783E+00       1.49340968E-06       1.70732133E-05       2.87689567E-01       2.86816036E-07       2.55169927E-01       2.59868070E-01       1.00067379E+00
   702.3000       2.86326211E-01       4.13170018E+00       1.49370781E-06       1.70769327E-05       2.87689505E-01       2.86863237E-07       2.55171087E-01       2.59868592E-01       1.00067390E+00
   702.4000       2.86326186E-01       4.13211016E+00       1.49400426E-06       1.70806328E-05       2.87689443E-01       2.86909844E-07       2.55172246E-01       2.59869107E-01       1.00067401E+00
   702.5000       2.86326160E-01       4.13251777E+00       1.49429902E-06       1.70843134E-05       2.87689380E-01       2.86957151E-07       2.55173402E-01       2.59869614E-01       1.00067412E+00
   702.6000       2.86326136E-01       4.13292312E+00       1.49459218E-06       1.70879749E-05       2.87689318E-01       2.87003880E-07       2.55174556E-01       2.59870116E-01       1.00067423E+00
   702.7000       2.86326110E-01       4.13332590E+00       1.49488351E-06       1.70916170E-05       2.87689255E-01       2.87054976E-07       2.55175707E-01       2.59870611E-01       1.00067435E+00
   702.8000       2.86326085E-01       4.13372662E+00       1.49517338E-06       1.70952399E-05       2.87689193E-01       2.87099263E-07       2.55176856E-01       2.59871101E-01       1.00067446E+00
   702.9000       2.86326061E-01       4.13412505E+00       1.49546162E-06       1.70988437E-05       2.87689130E-01       2.87142204E-07       2.55178004E-01       2.59871582E-01       1.00067456E+00
   703.0000       2.86326037E-01       4.13452148E+00       1.49574844E-06       1.71024285E-05       2.87689067E-01       2.87191367E-07       2.55179148E-01       2.59872057E-01       1.00067467E+00
   703.1000       2.86326013E-01       4.13491560E+00       1.49603362E-06       1.71059944E-05       2.87689005E-01       2.87236134E-07       2.55180289E-01       2.59872526E-01       1.00067478E+00
   703.2000       2.86325987E-01       4.13530715E+00       1.49631696E-06       1.71095412E-05       2.87688942E-01       2.87280860E-07       2.55181428E-01       2.59872992E-01       1.00067489E+00
   703.3000       2.86325965E-01       4.13569710E+00       1.49659917E-06       1.71130694E-05       2.87688880E-01       2.87319012E-07       2.55182563E-01       2.59873454E-01       1.00067498E+00
   703.4000       2.86325939E-01       4.13608457E+00       1.49687961E-06       1.71165788E-05       2.87688817E-01       2.87371051E-07       2.55183695E-01       2.59873911E-01       1.00067510E+00
   703.5000       2.86325915E-01       4.13646967E+00       1.49715837E-06       1.71200694E-05       2.87688754E-01       2.87417586E-07       2.55184825E-01       2.59874367E-01       1.00067521E+00
   703.6000       2.86325892E-01       4.13685274E+00       1.49743568E-06       1.71235413E-05       2.87688691E-01       2.87460009E-07       2.55185952E-01       2.59874816E-01       1.00067531E+00
   703.7000       2.86325868E-01       4.13723359E+00       1.49771141E-06       1.71269945E-05       2.87688629E-01       2.87500820E-07       2.55187075E-01       2.59875262E-01       1.00067541E+00
   703.8000       2.86325844E-01       4.13761230E+00       1.49798561E-06       1.71304294E-05       2.87688566E-01       2.87549426E-07       2.55188196E-01       2.59875703E-01       1.00067552E+00
   703.9000       2.86325821E-01       4.13798880E+00       1.49825824E-06       1.71338457E-05       2.87688503E-01       2.87588513E-07       2.55189312E-01       2.59876141E-01       1.00067561E+00
   704.0000       2.86325798E-01       4.13836319E+00       1.49852937E-06       1.71372435E-05       2.87688440E-01       2.87634418E-07       2.55190426E-01       2.59876575E-01       1.00067572E+00
   704.1000       2.86325773E-01       4.13873505E+00       1.49879868E-06       1.71406225E-05       2.87688378E-01       2.87681131E-07       2.55191537E-01       2.59877006E-01       1.00067583E+00
   704.2000       2.86325751E-01       4.13910499E+00       1.49906663E-06       1.71439833E-05       2.87688315E-01       2.87722641E-07       2.55192645E-01       2.59877432E-01       1.00067593E+00
   704.3000       2.86325728E-01       4.13947276E+00       1.49933304E-06       1.71473257E-05       2.87688252E-01       2.87761544E-07       2.55193751E-01       2.59877852E-01       1.00067602E+00
   704.4000       2.86325705E-01       4.13983857E+00       1.49959805E-06       1.71506499E-05       2.87688189E-01       2.87806140E-07       2.55194853E-01       2.59878268E-01       1.00067613E+00
   704.5000       2.86325682E-01       4.14020194E+00       1.49986131E-06       1.71539558E-05       2.87688126E-01       2.87844602E-07       2.55195952E-01       2.59878679E-01       1.00067622E+00
   704.6000       2.86325660E-01       4.14056320E+00       1.50012306E-06       1.71572434E-05       2.87688063E-01       2.87880284E-07       2.55197048E-01       2.59879084E-01       1.00067630E+00
   704.7000       2.86325637E-01       4.14092224E+00       1.50038323E-06       1.71605127E-05       2.87688000E-01       2.87926094E-07       2.55198141E-01       2.59879481E-01       1.00067641E+00
   704.8000       2.86325615E-01       4.14127946E+00       1.50064211E-06       1.71637640E-05       2.87687937E-01       2.87965824E-07       2.55199231E-01       2.59879870E-01       1.00067651E+00
   704.9000       2.86325591E-01       4.14163432E+00       1.50089930E-06       1.71669971E-05       2.87687874E-01       2.88009063E-07       2.55200318E-01       2.59880253E-01       1.00067661E+00
   705.0000       2.86325569E-01       4.14198710E+00       1.50115500E-06       1.71702122E-05       2.87687811E-01       2.88049619E-07       2.55201402E-01       2.59880628E-01       1.00067670E+00
   705.1000       2.86325548E-01       4.14233766E+00       1.50140911E-06       1.71734093E-05       2.87687748E-01       2.88087519E-07       2.55202483E-01       2.59880997E-01       1.00067679E+00
   705.2000       2.86325525E-01       4.14268613E+00       1.50166173E-06       1.71765882E-05       2.87687685E-01       2.88126766E-07       2.55203561E-01       2.59881358E-01       1.00067689E+00
   705.3000       2.86325504E-01       4.14303265E+00       1.50191296E-06       1.71797493E-05       2.87687622E-01       2.88169417E-07       2.55204636E-01       2.59881713E-01       1.00067699E+00
   705.4000       2.86325483E-01       4.14337730E+00       1.50216285E-06       1.71828928E-05       2.87687559E-01       2.88204508E-07       2.55205709E-01       2.59882059E-01       1.00067707E+00
   705.5000       2.86325460E-01       4.14371980E+00       1.50241120E-06       1.71860186E-05       2.87687496E-01       2.88246379E-07       2.55206778E-01       2.59882400E-01       1.00067717E+00
   705.6000       2.86325438E-01       4.14406036E+00       1.50265817E-06       1.71891268E-05       2.87687433E-01       2.88288813E-07       2.55207844E-01       2.59882735E-01       1.00067727E+00
   705.7000       2.86325418E-01       4.14439881E+00       1.50290363E-06       1.71922176E-05       2.87687370E-01       2.88321970E-07       2.55208907E-01       2.59883065E-01       1.00067735E+00
   705.8000       2.86325396E-01       4.14473488E+00       1.50314738E-06       1.71952906E-05       2.87687307E-01       2.88359053E-07       2.55209968E-01       2.59883390E-01       1.00067743E+00
   705.9000       2.86325376E-01       4.14506910E+00       1.50338981E-06       1.71983460E-05       2.87687243E-01       2.88394983E-07       2.55211026E-01       2.59883708E-01       1.00067752E+00
   706.0000       2.86325352E-01       4.14540111E+00       1.50363066E-06       1.72013839E-05       2.87687180E-01       2.88443963E-07       2.55212082E-01       2.59884022E-01       1.00067764E+00
   706.1000       2.86325333E-01       4.14573142E+00       1.50387029E-06       1.72044047E-05       2.87687117E-01       2.88474187E-07       2.55213135E-01       2.59884329E-01       1.00067771E+00
   706.2000       2.86325312E-01       4.14605952E+00       1.50410833E-06       1.72074081E-05       2.87687054E-01       2.88511513E-07       2.55214185E-01       2.59884631E-01       1.00067779E+00
   706.3000       2.86325292E-01       4.14638587E+00       1.50434513E-06       1.72103943E-05       2.87686990E-01       2.88544099E-07       2.55215232E-01       2.59884925E-01       1.00067787E+00
   706.4000       2.86325269E-01       4.14670987E+00       1.50458024E-06       1.72133632E-05       2.87686927E-01       2.88589271E-07       2.55216277E-01       2.59885213E-01       1.00067798E+00
   706.5000       2.86325250E-01       4.14703203E+00       1.50481403E-06       1.72163149E-05       2.87686864E-01       2.88619712E-07       2.55217320E-01       2.59885499E-01       1.00067805E+00
   706.6000       2.86325229E-01       4.14735216E+00       1.50504637E-06       1.72192495E-05       2.87686801E-01       2.88661942E-07       2.55218360E-01       2.59885781E-01       1.00067815E+00
   706.7000       2.86325209E-01       4.14767012E+00       1.50527715E-06       1.72221668E-05       2.87686737E-01       2.88695360E-07       2.55219397E-01       2.59886058E-01       1.00067823E+00
   706.8000       2.86325189E-01       4.14798645E+00       1.50550676E-06       1.72250674E-05       2.87686674E-01       2.88729467E-07       2.55220433E-01       2.59886331E-01       1.00067831E+00
   706.9000       2.86325168E-01       4.14830066E+00       1.50573486E-06       1.72279509E-05       2.87686611E-01       2.88767735E-07       2.55221466E-01       2.59886599E-01       1.00067840E+00
   707.0000       2.86325149E-01       4.14861304E+00       1.50596164E-06       1.72308177E-05       2.87686547E-01       2.88801885E-07       2.55222496E-01       2.59886861E-01       1.00067848E+00
   707.1000       2.86325129E-01       4.14892335E+00       1.50618693E-06       1.72336675E-05       2.87686484E-01       2.88835015E-07       2.55223525E-01       2.59887120E-01       1.00067856E+00
   707.2000       2.86325108E-01       4.14923153E+00       1.50641070E-06       1.72365006E-05       2.87686420E-01       2.88875804E-07       2.55224551E-01       2.59887376E-01       1.00067866E+00
   707.3000       2.86325089E-01       4.14953790E+00       1.50663317E-06       1.72393170E-05       2.87686357E-01       2.88910007E-07       2.55225573E-01       2.59887627E-01       1.00067874E+00
   707.4000       2.86325070E-01       4.14984244E+00       1.50685432E-06       1.72421166E-05       2.87686293E-01       2.88942208E-07       2.55226593E-01       2.59887873E-01       1.00067881E+00
   707.5000       2.86325050E-01       4.15014484E+00       1.50707394E-06       1.72448995E-05       2.87686230E-01       2.88974422E-07       2.55227610E-01       2.59888116E-01       1.00067889E+00
   707.6000       2.86325031E-01       4.15044553E+00       1.50729233E-06       1.72476659E-05       2.87686167E-01       2.89010795E-07       2.55228624E-01       2.59888353E-01       1.00067897E+00
   707.7000       2.86325012E-01       4.15074412E+00       1.50750922E-06       1.72504157E-05       2.87686103E-01       2.89043318E-07       2.55229635E-01       2.59888585E-01       1.00067905E+00
   707.8000       2.86324992E-01       4.15104059E+00       1.50772458E-06       1.72531487E-05       2.87686039E-01       2.89078404E-07       2.55230642E-01       2.59888813E-01       1.00067913E+00
   707.9000       2.86324973E-01       4.15133573E+00       1.50793898E-06       1.72558654E-05       2.87685976E-01       2.89110698E-07       2.55231646E-01       2.59889035E-01       1.00067921E+00
   708.0000       2.86324954E-01       4.15162875E+00       1.50815186E-06       1.72585659E-05       2.87685912E-01       2.89143411E-07       2.55232648E-01       2.59889252E-01       1.00067929E+00
   708.1000       2.86324935E-01       4.15191959E+00       1.50836318E-06       1.72612498E-05       2.87685849E-01       2.89176898E-07       2.55233646E-01       2.59889463E-01       1.00067937E+00
   708.2000       2.86324917E-01       4.15220872E+00       1.50857326E-06       1.72639174E-05       2.87685785E-01       2.89205837E-07       2.55234641E-01       2.59889668E-01       1.00067944E+00
   708.3000       2.86324899E-01       4.15249574E+00       1.50878183E-06       1.72665685E-05       2.87685722E-01       2.89238839E-07       2.55235633E-01       2.59889869E-01       1.00067951E+00
   708.4000       2.86324880E-01       4.15278119E+00       1.50898927E-06       1.72692035E-05       2.87685658E-01       2.89272432E-07       2.55236621E-01       2.59890066E-01       1.00067959E+00
   708.5000       2.86324863E-01       4.15306473E+00       1.50919533E-06       1.72718225E-05       2.87685594E-01       2.89301117E-07       2.55237606E-01       2.59890259E-01       1.00067966E+00
   708.6000       2.86324843E-01       4.15334653E+00       1.50940015E-06       1.72744255E-05       2.87685531E-01       2.89336021E-07       2.55238588E-01       2.59890445E-01       1.00067974E+00
   708.7000       2.86324826E-01       4.15362658E+00       1.50960370E-06       1.72770127E-05       2.87685467E-01       2.89362368E-07       2.55239565E-01       2.59890628E-01       1.00067981E+00
   708.8000       2.86324807E-01       4.15390452E+00       1.50980574E-06       1.72795839E-05       2.87685403E-01       2.89401045E-07       2.55240540E-01       2.59890805E-01       1.00067990E+00
   708.9000       2.86324789E-01       4.15418044E+00       1.51000632E-06       1.72821388E-05       2.87685340E-01       2.89431293E-07       2.55241513E-01       2.59890979E-01       1.00067997E+00
   709.0000       2.86324772E-01       4.15445470E+00       1.51020571E-06       1.72846779E-05       2.87685276E-01       2.89457550E-07       2.55242481E-01       2.59891149E-01       1.00068003E+00
   709.1000       2.86324754E-01       4.15472715E+00       1.51040380E-06       1.72872012E-05       2.87685212E-01       2.89487029E-07       2.55243447E-01       2.59891314E-01       1.00068010E+00
   709.2000       2.86324737E-01       4.15499781E+00       1.51060059E-06       1.72897088E-05       2.87685149E-01       2.89520729E-07       2.55244410E-01       2.59891473E-01       1.00068018E+00
   709.3000       2.86324720E-01       4.15526653E+00       1.51079599E-06       1.72922005E-05       2.87685085E-01       2.89547625E-07       2.55245368E-01       2.59891628E-01       1.00068024E+00
   709.4000       2.86324703E-01       4.15553382E+00       1.51099037E-06       1.72946768E-05       2.87685021E-01       2.89574277E-07       2.55246323E-01       2.59891778E-01       1.00068031E+00
   709.5000       2.86324685E-01       4.15579879E+00       1.51118307E-06       1.72971372E-05       2.87684957E-01       2.89610026E-07       2.55247276E-01       2.59891925E-01       1.00068039E+00
   709.6000       2.86324667E-01       4.15606240E+00       1.51137479E-06       1.72995822E-05       2.87684893E-01       2.89633517E-07       2.55248225E-01       2.59892066E-01       1.00068045E+00
   709.7000       2.86324650E-01       4.15632417E+00       1.51156518E-06       1.73020118E-05       2.87684830E-01       2.89666673E-07       2.55249172E-01       2.59892201E-01       1.00068052E+00
   709.8000       2.86324633E-01       4.15658404E+00       1.51175420E-06       1.73044259E-05       2.87684766E-01       2.89694896E-07       2.55250116E-01       2.59892334E-01       1.00068059E+00
   709.9000       2.86324617E-01       4.15684204E+00       1.51194188E-06       1.73068245E-05       2.87684702E-01       2.89721830E-07       2.55251058E-01       2.59892461E-01       1.00068065E+00
   710.0000       2.86324601E-01       4.15709837E+00       1.51212835E-06       1.73092078E-05       2.87684638E-01       2.89750033E-07       2.55251998E-01       2.59892583E-01       1.00068072E+00
   710.1000       2.86324584E-01       4.15735319E+00       1.51231374E-06       1.73115760E-05       2.87684574E-01       2.89780154E-07       2.55252935E-01       2.59892701E-01       1.00068079E+00
   710.2000       2.86324567E-01       4.15760607E+00       1.51249772E-06       1.73139290E-05       2.87684510E-01       2.89807235E-07       2.55253871E-01       2.59892814E-01       1.00068086E+00
   710.3000       2.86324550E-01       4.15785728E+00       1.51268050E-06       1.73162668E-05       2.87684446E-01       2.89834750E-07       2.55254804E-01       2.59892921E-01       1.00068092E+00
   710.4000       2.86324535E-01       4.15810652E+00       1.51286186E-06       1.73185895E-05       2.87684382E-01       2.89862960E-07       2.55255735E-01       2.59893023E-01       1.00068099E+00
   710.5000       2.86324518E-01       4.15835406E+00       1.51304199E-06       1.73208969E-05       2.87684319E-01       2.89890525E-07       2.55256665E-01       2.59893120E-01       1.00068105E+00
   710.6000       2.86324502E-01       4.15859987E+00       1.51322087E-06       1.73231892E-05       2.87684255E-01       2.89915401E-07       2.55257592E-01       2.59893211E-01       1.00068111E+00
   710.7000       2.86324486E-01       4.15884398E+00       1.51339854E-06       1.73254665E-05       2.87684191E-01       2.89946053E-07       2.55258517E-01       2.59893299E-01       1.00068118E+00
   710.8000       2.86324471E-01       4.15908642E+00       1.51357499E-06       1.73277289E-05       2.87684127E-01       2.89968967E-07       2.55259439E-01       2.59893381E-01       1.00068124E+00
   710.9000       2.86324453E-01       4.15932694E+00       1.51375005E-06       1.73299761E-05       2.87684063E-01       2.89999200E-07       2.55260358E-01       2.59893458E-01       1.00068131E+00
   711.0000       2.86324439E-01       4.15956605E+00       1.51392410E-06       1.73322086E-05       2.87683999E-01       2.90023610E-07       2.55261275E-01       2.59893529E-01       1.00068137E+00
   711.1000       2.86324424E-01       4.15980320E+00       1.51409674E-06       1.73344261E-05       2.87683935E-01       2.90046953E-07       2.55262189E-01       2.59893596E-01       1.00068142E+00
   711.2000       2.86324407E-01       4.16003879E+00       1.51426824E-06       1.73366289E-05       2.87683871E-01       2.90078761E-07       2.55263100E-01       2.59893658E-01       1.00068150E+00
   711.3000       2.86324391E-01       4.16027285E+00       1.51443864E-06       1.73388170E-05       2.87683807E-01       2.90102093E-07       2.55264007E-01       2.59893715E-01       1.00068155E+00
   711.4000       2.86324376E-01       4.16050524E+00       1.51460784E-06       1.73409907E-05       2.87683743E-01       2.90127584E-07       2.55264912E-01       2.59893767E-01       1.00068161E+00
   711.5000       2.86324362E-01       4.16073579E+00       1.51477570E-06       1.73431497E-05       2.87683679E-01       2.90152342E-07       2.55265813E-01       2.59893816E-01       1.00068167E+00
   711.6000       2.86324346E-01       4.16096464E+00       1.51494234E-06       1.73452942E-05       2.87683614E-01       2.90177465E-07       2.55266712E-01       2.59893861E-01       1.00068173E+00
   711.7000       2.86324332E-01       4.16119189E+00       1.51510782E-06       1.73474242E-05       2.87683550E-01       2.90200610E-07       2.55267608E-01       2.59893901E-01       1.00068179E+00
   711.8000       2.86324316E-01       4.16141772E+00       1.51527228E-06       1.73495399E-05       2.87683486E-01       2.90225817E-07       2.55268501E-01       2.59893935E-01       1.00068185E+00
   711.9000       2.86324302E-01       4.16164163E+00       1.51543534E-06       1.73516412E-05       2.87683422E-01       2.90253232E-07       2.55269392E-01       2.59893965E-01       1.00068191E+00
   712.0000       2.86324287E-01       4.16186376E+00       1.51559712E-06       1.73537279E-05       2.87683358E-01       2.90277941E-07       2.55270280E-01       2.59893992E-01       1.00068197E+00
   712.1000       2.86324273E-01       4.16208449E+00       1.51575789E-06       1.73558004E-05       2.87683294E-01       2.90298535E-07       2.55271165E-01       2.59894014E-01       1.00068202E+00
   712.2000       2.86324258E-01       4.16230365E+00       1.51591752E-06       1.73578590E-05       2.87683230E-01       2.90324701E-07       2.55272047E-01       2.59894032E-01       1.00068208E+00
   712.3000       2.86324244E-01       4.16252126E+00       1.51607603E-06       1.73599034E-05       2.87683166E-01       2.90347684E-07       2.55272926E-01       2.59894047E-01       1.00068213E+00
   712.4000       2.86324230E-01       4.16273678E+00       1.51623303E-06       1.73619335E-05       2.87683101E-01       2.90374873E-07       2.55273803E-01       2.59894058E-01       1.00068220E+00
   712.5000       2.86324216E-01       4.16295110E+00       1.51638916E-06       1.73639496E-05       2.87683037E-01       2.90391609E-07       2.55274676E-01       2.59894064E-01       1.00068224E+00
   712.6000       2.86324202E-01       4.16316381E+00       1.51654413E-06       1.73659518E-05       2.87682973E-01       2.90418340E-07       2.55275548E-01       2.59894066E-01       1.00068230E+00
   712.7000       2.86324188E-01       4.16337479E+00       1.51669784E-06       1.73679401E-05       2.87682909E-01       2.90438008E-07       2.55276416E-01       2.59894065E-01       1.00068235E+00
   712.8000       2.86324173E-01       4.16358431E+00       1.51685050E-06       1.73699144E-05       2.87682845E-01       2.90463926E-07       2.55277281E-01       2.59894059E-01       1.00068241E+00
   712.9000       2.86324160E-01       4.16379216E+00       1.51700195E-06       1.73718749E-05       2.87682780E-01       2.90483456E-07       2.55278144E-01       2.59894050E-01       1.00068245E+00
   713.0000       2.86324147E-01       4.16399859E+00       1.51715237E-06       1.73738218E-05       2.87682716E-01       2.90505032E-07       2.55279004E-01       2.59894037E-01       1.00068251E+00
   713.1000       2.86324133E-01       4.16420339E+00       1.51730162E-06       1.73757549E-05       2.87682652E-01       2.90527373E-07       2.55279860E-01       2.59894019E-01       1.00068256E+00
   713.2000       2.86324120E-01       4.16440678E+00       1.51744983E-06       1.73776745E-05       2.87682588E-01       2.90551480E-07       2.55280714E-01       2.59893997E-01       1.00068262E+00
   713.3000       2.86324107E-01       4.16460822E+00       1.51759664E-06       1.73795802E-05       2.87682523E-01       2.90568301E-07       2.55281566E-01       2.59893972E-01       1.00068265E+00
   713.4000       2.86324094E-01       4.16480838E+00       1.51774252E-06       1.73814723E-05       2.87682459E-01       2.90589504E-07       2.55282416E-01       2.59893941E-01       1.00068270E+00
   713.5000       2.86324080E-01       4.16500692E+00       1.51788723E-06       1.73833510E-05       2.87682395E-01       2.90616726E-07       2.55283263E-01       2.59893907E-01       1.00068277E+00
   713.6000       2.86324066E-01       4.16520397E+00       1.51803086E-06       1.73852162E-05       2.87682330E-01       2.90640372E-07       2.55284107E-01       2.59893870E-01       1.00068283E+00
   713.7000       2.86324054E-01       4.16539967E+00       1.51817351E-06       1.73870681E-05       2.87682266E-01       2.90657129E-07       2.55284949E-01       2.59893829E-01       1.00068286E+00
   713.8000       2.86324041E-01       4.16559345E+00       1.51831477E-06       1.73889065E-05       2.87682202E-01       2.90680455E-07       2.55285789E-01       2.59893786E-01       1.00068292E+00
   713.9000       2.86324029E-01       4.16578573E+00       1.51845494E-06       1.73907314E-05       2.87682137E-01       2.90700043E-07       2.55286625E-01       2.59893738E-01       1.00068297E+00
   714.0000       2.86324016E-01       4.16597702E+00       1.51859440E-06       1.73925433E-05       2.87682073E-01       2.90718770E-07       2.55287459E-01       2.59893686E-01       1.00068301E+00
   714.1000       2.86324003E-01       4.16616637E+00       1.51873245E-06       1.73943418E-05       2.87682009E-01       2.90739342E-07       2.55288289E-01       2.59893630E-01       1.00068306E+00
   714.2000       2.86323992E-01       4.16635434E+00       1.51886949E-06       1.73961271E-05       2.87681944E-01       2.90752905E-07       2.55289116E-01       2.59893569E-01       1.00068309E+00
   714.3000       2.86323978E-01       4.16654089E+00       1.51900551E-06       1.73978993E-05       2.87681880E-01       2.90781203E-07       2.55289941E-01       2.59893505E-01       1.00068316E+00
   714.4000       2.86323966E-01       4.16672579E+00       1.51914033E-06       1.73996584E-05       2.87681816E-01       2.90801129E-07       2.55290763E-01       2.59893439E-01       1.00068320E+00
   714.5000       2.86323955E-01       4.16690940E+00       1.51927422E-06       1.74014046E-05       2.87681751E-01       2.90814802E-07       2.55291580E-01       2.59893370E-01       1.00068324E+00
   714.6000       2.86323942E-01       4.16709155E+00       1.51940705E-06       1.74031378E-05       2.87681687E-01       2.90837686E-07       2.55292395E-01       2.59893296E-01       1.00068329E+00
   714.7000       2.86323930E-01       4.16727198E+00       1.51953863E-06       1.74048580E-05       2.87681622E-01       2.90854032E-07       2.55293206E-01       2.59893217E-01       1.00068333E+00
   714.8000       2.86323919E-01       4.16745093E+00       1.51966914E-06       1.74065652E-05       2.87681558E-01       2.90873454E-07       2.55294015E-01       2.59893137E-01       1.00068338E+00
   714.9000       2.86323907E-01       4.16762875E+00       1.51979882E-06       1.74082596E-05       2.87681493E-01       2.90892189E-07       2.55294820E-01       2.59893053E-01       1.00068342E+00
   715.0000       2.86323895E-01       4.16780516E+00       1.51992748E-06       1.74099414E-05       2.87681429E-01       2.90910878E-07       2.55295622E-01       2.59892966E-01       1.00068346E+00
   715.1000       2.86323884E-01       4.16797979E+00       1.52005486E-06       1.74116104E-05       2.87681365E-01       2.90927695E-07       2.55296422E-01       2.59892875E-01       1.00068350E+00
   715.2000       2.86323873E-01       4.16815331E+00       1.52018143E-06       1.74132669E-05       2.87681300E-01       2.90945502E-07       2.55297219E-01       2.59892781E-01       1.00068355E+00
   715.3000       2.86323861E-01       4.16832530E+00       1.52030689E-06       1.74149109E-05       2.87681236E-01       2.90964619E-07       2.55298014E-01       2.59892681E-01       1.00068359E+00
   715.4000       2.86323849E-01       4.16849601E+00       1.52043141E-06       1.74165424E-05       2.87681171E-01       2.90984282E-07       2.55298806E-01       2.59892578E-01       1.00068364E+00
   715.5000       2.86323839E-01       4.16866522E+00       1.52055485E-06       1.74181615E-05       2.87681107E-01       2.90998163E-07       2.55299594E-01       2.59892472E-01       1.00068367E+00
   715.6000       2.86323828E-01       4.16883311E+00       1.52067733E-06       1.74197682E-05       2.87681042E-01       2.91017018E-07       2.55300380E-01       2.59892360E-01       1.00068371E+00
   715.7000       2.86323817E-01       4.16899959E+00       1.52079879E-06       1.74213626E-05       2.87680978E-01       2.91036032E-07       2.55301163E-01       2.59892243E-01       1.00068376E+00
   715.8000       2.86323805E-01       4.16916466E+00       1.52091922E-06       1.74229447E-05       2.87680913E-01       2.91053823E-07       2.55301944E-01       2.59892121E-01       1.00068380E+00
   715.9000       2.86323795E-01       4.16932805E+00       1.52103843E-06       1.74245144E-05       2.87680849E-01       2.91069843E-07       2.55302723E-01       2.59891996E-01       1.00068384E+00
   716.0000       2.86323785E-01       4.16949004E+00       1.52115663E-06       1.74260717E-05       2.87680784E-01       2.91083645E-07       2.55303500E-01       2.59891864E-01       1.00068387E+00
   716.1000       2.86323774E-01       4.16965100E+00       1.52127408E-06       1.74276168E-05       2.87680720E-01       2.91102070E-07       2.55304274E-01       2.59891727E-01       1.00068392E+00
   716.2000       2.86323763E-01       4.16981036E+00       1.52139036E-06       1.74291498E-05       2.87680655E-01       2.91122134E-07       2.55305047E-01       2.59891586E-01       1.00068396E+00
   716.3000       2.86323752E-01       4.16996824E+00       1.52150558E-06       1.74306705E-05       2.87680590E-01       2.91138578E-07       2.55305817E-01       2.59891437E-01       1.00068400E+00
   716.4000       2.86323742E-01       4.17012501E+00       1.52161998E-06       1.74321792E-05       2.87680526E-01       2.91155175E-07       2.55306585E-01       2.59891283E-01       1.00068404E+00
   716.5000       2.86323731E-01       4.17028052E+00       1.52173347E-06       1.74336759E-05       2.87680461E-01       2.91174310E-07       2.55307349E-01       2.59891124E-01       1.00068409E+00
   716.6000       2.86323722E-01       4.17043433E+00       1.52184572E-06       1.74351606E-05       2.87680397E-01       2.91182680E-07       2.55308111E-01       2.59890960E-01       1.00068411E+00
   716.7000       2.86323712E-01       4.17058710E+00       1.52195722E-06       1.74366334E-05       2.87680332E-01       2.91202685E-07       2.55308870E-01       2.59890791E-01       1.00068415E+00
   716.8000       2.86323703E-01       4.17073837E+00       1.52206763E-06       1.74380944E-05       2.87680268E-01       2.91213490E-07       2.55309626E-01       2.59890618E-01       1.00068418E+00
   716.9000       2.86323691E-01       4.17088857E+00       1.52217726E-06       1.74395438E-05       2.87680203E-01       2.91233861E-07       2.55310379E-01       2.59890442E-01       1.00068423E+00
   717.0000       2.86323681E-01       4.17103706E+00       1.52228564E-06       1.74409811E-05       2.87680138E-01       2.91249260E-07       2.55311129E-01       2.59890264E-01       1.00068426E+00
   717.1000       2.86323673E-01       4.17118482E+00       1.52239350E-06       1.74424071E-05       2.87680074E-01       2.91260367E-07       2.55311876E-01       2.59890081E-01       1.00068429E+00
   717.2000       2.86323663E-01       4.17133070E+00       1.52249998E-06       1.74438212E-05       2.87680009E-01       2.91275977E-07       2.55312620E-01       2.59889898E-01       1.00068433E+00
   717.3000       2.86323653E-01       4.17147560E+00       1.52260576E-06       1.74452239E-05       2.87679945E-01       2.91294592E-07       2.55313360E-01       2.59889713E-01       1.00068437E+00
   717.4000       2.86323644E-01       4.17161903E+00       1.52271047E-06       1.74466150E-05       2.87679880E-01       2.91306107E-07       2.55314097E-01       2.59889523E-01       1.00068440E+00
   717.5000       2.86323635E-01       4.17176102E+00       1.52281412E-06       1.74479944E-05       2.87679815E-01       2.91318054E-07       2.55314832E-01       2.59889332E-01       1.00068443E+00
   717.6000       2.86323626E-01       4.17190167E+00       1.52291681E-06       1.74493623E-05       2.87679751E-01       2.91333809E-07       2.55315565E-01       2.59889138E-01       1.00068446E+00
   717.7000       2.86323616E-01       4.17204110E+00       1.52301860E-06       1.74507186E-05       2.87679686E-01       2.91350568E-07       2.55316295E-01       2.59888941E-01       1.00068450E+00
   717.8000       2.86323608E-01       4.17217946E+00       1.52311962E-06       1.74520637E-05       2.87679621E-01       2.91362330E-07       2.55317022E-01       2.59888741E-01       1.00068453E+00
   717.9000       2.86323598E-01       4.17231652E+00       1.52321970E-06       1.74533974E-05       2.87679557E-01       2.91376584E-07       2.55317744E-01       2.59888538E-01       1.00068456E+00
   718.0000       2.86323589E-01       4.17245207E+00       1.52331867E-06       1.74547199E-05       2.87679492E-01       2.91392422E-07       2.55318464E-01       2.59888335E-01       1.00068460E+00
   718.1000       2.86323582E-01       4.17258673E+00       1.52341700E-06       1.74560312E-05       2.87679427E-01       2.91403478E-07       2.55319181E-01       2.59888131E-01       1.00068463E+00
   718.2000       2.86323572E-01       4.17272020E+00       1.52351446E-06       1.74573315E-05       2.87679363E-01       2.91422447E-07       2.55319895E-01       2.59887924E-01       1.00068467E+00
   718.3000       2.86323564E-01       4.17285234E+00       1.52361095E-06       1.74586208E-05       2.87679298E-01       2.91430859E-07       2.55320606E-01       2.59887716E-01       1.00068469E+00
   718.4000       2.86323556E-01       4.17298325E+00       1.52370655E-06       1.74598992E-05       2.87679233E-01       2.91440910E-07       2.55321315E-01       2.59887507E-01       1.00068472E+00
   718.5000       2.86323547E-01       4.17311304E+00       1.52380134E-06       1.74611667E-05       2.87679168E-01       2.91454974E-07       2.55322021E-01       2.59887295E-01       1.00068475E+00
   718.6000       2.86323540E-01       4.17324138E+00       1.52389507E-06       1.74624233E-05       2.87679104E-01       2.91463724E-07       2.55322724E-01       2.59887082E-01       1.00068477E+00
   718.7000       2.86323530E-01       4.17336878E+00       1.52398811E-06       1.74636691E-05       2.87679039E-01       2.91481804E-07       2.55323424E-01       2.59886867E-01       1.00068481E+00
   718.8000       2.86323524E-01       4.17349457E+00       1.52407998E-06       1.74649040E-05       2.87678974E-01       2.91489355E-07       2.55324122E-01       2.59886650E-01       1.00068483E+00
   718.9000       2.86323514E-01       4.17361915E+00       1.52417097E-06       1.74661277E-05       2.87678910E-01       2.91510526E-07       2.55324818E-01       2.59886426E-01       1.00068488E+00
   719.0000       2.86323507E-01       4.17374283E+00       1.52426131E-06       1.74673409E-05       2.87678845E-01       2.91517458E-07       2.55325511E-01       2.59886197E-01       1.00068490E+00
   719.1000       2.86323498E-01       4.17386525E+00       1.52435072E-06       1.74685435E-05       2.87678780E-01       2.91531030E-07       2.55326203E-01       2.59885964E-01       1.00068493E+00
   719.2000       2.86323491E-01       4.17398639E+00       1.52443921E-06       1.74697354E-05       2.87678715E-01       2.91541519E-07       2.55326893E-01       2.59885727E-01       1.00068495E+00
   719.3000       2.86323483E-01       4.17410655E+00       1.52452698E-06       1.74709169E-05       2.87678651E-01       2.91555513E-07       2.55327580E-01       2.59885486E-01       1.00068499E+00
   719.4000       2.86323476E-01       4.17422547E+00       1.52461385E-06       1.74720879E-05       2.87678586E-01       2.91566702E-07       2.55328265E-01       2.59885241E-01       1.00068501E+00
   719.5000       2.86323469E-01       4.17434292E+00       1.52469964E-06       1.74732483E-05       2.87678521E-01       2.91569810E-07       2.55328948E-01       2.59884993E-01       1.00068502E+00
   719.6000       2.86323461E-01       4.17445949E+00       1.52478481E-06       1.74743983E-05       2.87678456E-01       2.91585841E-07       2.55329628E-01       2.59884741E-01       1.00068506E+00
   719.7000       2.86323453E-01       4.17457470E+00       1.52486896E-06       1.74755378E-05       2.87678392E-01       2.91600857E-07       2.55330306E-01       2.59884484E-01       1.00068509E+00
   719.8000       2.86323446E-01       4.17468870E+00       1.52495225E-06       1.74766668E-05       2.87678327E-01       2.91610836E-07       2.55330981E-01       2.59884223E-01       1.00068512E+00
   719.9000       2.86323439E-01       4.17480160E+00       1.52503473E-06       1.74777854E-05       2.87678262E-01       2.91622464E-07       2.55331654E-01       2.59883955E-01       1.00068514E+00
   720.0000       2.86323432E-01       4.17491342E+00       1.52511643E-06       1.74788938E-05       2.87678197E-01       2.91631715E-07       2.55332325E-01       2.59883683E-01       1.00068517E+00
   720.1000       2.86323426E-01       4.17502376E+00       1.52519705E-06       1.74799916E-05       2.87678133E-01       2.91637880E-07       2.55332994E-01       2.59883406E-01       1.00068518E+00
   720.2000       2.86323417E-01       4.17513310E+00       1.52527694E-06       1.74810791E-05       2.87678068E-01       2.91655856E-07       2.55333659E-01       2.59883126E-01       1.00068522E+00
   720.3000       2.86323412E-01       4.17524145E+00       1.52535610E-06       1.74821564E-05       2.87678003E-01       2.91662343E-07       2.55334323E-01       2.59882841E-01       1.00068524E+00
   720.4000       2.86323405E-01       4.17534875E+00       1.52543450E-06       1.74832238E-05       2.87677938E-01       2.91671326E-07       2.55334983E-01       2.59882553E-01       1.00068526E+00
   720.5000       2.86323398E-01       4.17545474E+00       1.52551195E-06       1.74842810E-05       2.87677873E-01       2.91682976E-07       2.55335641E-01       2.59882260E-01       1.00068529E+00
   720.6000       2.86323391E-01       4.17555964E+00       1.52558860E-06       1.74853280E-05       2.87677809E-01       2.91693854E-07       2.55336296E-01       2.59881964E-01       1.00068531E+00
   720.7000       2.86323385E-01       4.17566364E+00       1.52566460E-06       1.74863651E-05       2.87677744E-01       2.91705570E-07       2.55336947E-01       2.59881666E-01       1.00068534E+00
   720.8000       2.86323378E-01       4.17576658E+00       1.52573982E-06       1.74873925E-05       2.87677679E-01       2.91713605E-07       2.55337595E-01       2.59881363E-01       1.00068536E+00
   720.9000       2.86323372E-01       4.17586847E+00       1.52581428E-06       1.74884101E-05       2.87677614E-01       2.91720467E-07       2.55338239E-01       2.59881058E-01       1.00068538E+00
   721.0000       2.86323366E-01       4.17596893E+00       1.52588769E-06       1.74894179E-05       2.87677549E-01       2.91733602E-07       2.55338879E-01       2.59880752E-01       1.00068541E+00
   721.1000       2.86323360E-01       4.17606854E+00       1.52596049E-06       1.74904159E-05       2.87677485E-01       2.91742462E-07       2.55339515E-01       2.59880442E-01       1.00068543E+00
   721.2000       2.86323353E-01       4.17616675E+00       1.52603226E-06       1.74914040E-05       2.87677420E-01       2.91748313E-07       2.55340148E-01       2.59880130E-01       1.00068544E+00
   721.3000       2.86323349E-01       4.17626421E+00       1.52610349E-06       1.74923825E-05       2.87677355E-01       2.91755931E-07       2.55340778E-01       2.59879815E-01       1.00068546E+00
   721.4000       2.86323342E-01       4.17636060E+00       1.52617394E-06       1.74933515E-05       2.87677290E-01       2.91771257E-07       2.55341403E-01       2.59879496E-01       1.00068550E+00
   721.5000       2.86323336E-01       4.17645563E+00       1.52624339E-06       1.74943107E-05       2.87677225E-01       2.91778496E-07       2.55342026E-01       2.59879175E-01       1.00068551E+00
   721.6000       2.86323331E-01       4.17654968E+00       1.52631213E-06       1.74952602E-05       2.87677160E-01       2.91781936E-07       2.55342646E-01       2.59878849E-01       1.00068552E+00
   721.7000       2.86323325E-01       4.17664282E+00       1.52638021E-06       1.74962003E-05       2.87677096E-01       2.91793222E-07       2.55343263E-01       2.59878519E-01       1.00068555E+00
   721.8000       2.86323319E-01       4.17673472E+00       1.52644738E-06       1.74971308E-05       2.87677031E-01       2.91802550E-07       2.55343877E-01       2.59878187E-01       1.00068557E+00
   721.9000       2.86323314E-01       4.17682594E+00       1.52651405E-06       1.74980522E-05       2.87676966E-01       2.91808599E-07       2.55344489E-01       2.59877852E-01       1.00068558E+00
   722.0000       2.86323308E-01       4.17691582E+00       1.52657976E-06       1.74989640E-05       2.87676901E-01       2.91818750E-07       2.55345099E-01       2.59877515E-01       1.00068561E+00
   722.1000       2.86323303E-01       4.17700500E+00       1.52664494E-06       1.74998668E-05       2.87676836E-01       2.91824691E-07       2.55345707E-01       2.59877174E-01       1.00068562E+00
   722.2000       2.86323298E-01       4.17709291E+00       1.52670920E-06       1.75007603E-05       2.87676771E-01       2.91834714E-07       2.55346312E-01       2.59876830E-01       1.00068564E+00
   722.3000       2.86323293E-01       4.17717978E+00       1.52677271E-06       1.75016445E-05       2.87676707E-01       2.91839310E-07       2.55346916E-01       2.59876484E-01       1.00068566E+00
   722.4000       2.86323288E-01       4.17726553E+00       1.52683539E-06       1.75025195E-05       2.87676642E-01       2.91849720E-07       2.55347519E-01       2.59876133E-01       1.00068568E+00
   722.5000       2.86323282E-01       4.17735058E+00       1.52689756E-06       1.75033855E-05       2.87676577E-01       2.91858230E-07       2.55348120E-01       2.59875779E-01       1.00068570E+00
   722.6000       2.86323278E-01       4.17743460E+00       1.52695899E-06       1.75042427E-05       2.87676512E-01       2.91866499E-07       2.55348718E-01       2.59875422E-01       1.00068572E+00
   722.7000       2.86323273E-01       4.17751751E+00       1.52701960E-06       1.75050908E-05       2.87676447E-01       2.91876337E-07       2.55349315E-01       2.59875062E-01       1.00068574E+00
   722.8000       2.86323268E-01       4.17759950E+00       1.52707954E-06       1.75059300E-05       2.87676382E-01       2.91878540E-07       2.55349910E-01       2.59874703E-01       1.00068575E+00
   722.9000       2.86323264E-01       4.17768077E+00       1.52713895E-06       1.75067605E-05       2.87676317E-01       2.91882204E-07       2.55350502E-01       2.59874339E-01       1.00068576E+00
   723.0000       2.86323259E-01       4.17776083E+00       1.52719748E-06       1.75075822E-05       2.87676253E-01       2.91889736E-07       2.55351092E-01       2.59873973E-01       1.00068577E+00
   723.1000       2.86323255E-01       4.17783969E+00       1.52725514E-06       1.75083949E-05       2.87676188E-01       2.91901189E-07       2.55351680E-01       2.59873605E-01       1.00068580E+00
   723.2000       2.86323251E-01       4.17791770E+00       1.52731218E-06       1.75091988E-05       2.87676123E-01       2.91901533E-07       2.55352266E-01       2.59873233E-01       1.00068580E+00
   723.3000       2.86323245E-01       4.17799455E+00       1.52736836E-06       1.75099938E-05       2.87676058E-01       2.91913852E-07       2.55352848E-01       2.59872859E-01       1.00068583E+00
   723.4000       2.86323241E-01       4.17807061E+00       1.52742398E-06       1.75107800E-05       2.87675993E-01       2.91922000E-07       2.55353428E-01       2.59872481E-01       1.00068585E+00
   723.5000       2.86323238E-01       4.17814551E+00       1.52747874E-06       1.75115573E-05       2.87675928E-01       2.91920001E-07       2.55354005E-01       2.59872100E-01       1.00068585E+00
   723.6000       2.86323233E-01       4.17821966E+00       1.52753296E-06       1.75123259E-05       2.87675863E-01       2.91929038E-07       2.55354580E-01       2.59871715E-01       1.00068587E+00
   723.7000       2.86323229E-01       4.17829277E+00       1.52758641E-06       1.75130860E-05       2.87675799E-01       2.91938117E-07       2.55355151E-01       2.59871328E-01       1.00068589E+00
   723.8000       2.86323225E-01       4.17836483E+00       1.52763911E-06       1.75138374E-05       2.87675734E-01       2.91945112E-07       2.55355720E-01       2.59870938E-01       1.00068591E+00
   723.9000       2.86323222E-01       4.17843604E+00       1.52769118E-06       1.75145802E-05       2.87675669E-01       2.91942977E-07       2.55356287E-01       2.59870545E-01       1.00068590E+00
   724.0000       2.86323217E-01       4.17850644E+00       1.52774266E-06       1.75153146E-05       2.87675604E-01       2.91957762E-07       2.55356849E-01       2.59870152E-01       1.00068593E+00
   724.1000       2.86323214E-01       4.17857604E+00       1.52779355E-06       1.75160407E-05       2.87675539E-01       2.91962292E-07       2.55357408E-01       2.59869756E-01       1.00068595E+00
   724.2000       2.86323209E-01       4.17864462E+00       1.52784370E-06       1.75167584E-05       2.87675474E-01       2.91967947E-07       2.55357963E-01       2.59869358E-01       1.00068596E+00
   724.3000       2.86323207E-01       4.17871184E+00       1.52789285E-06       1.75174675E-05       2.87675409E-01       2.91970894E-07       2.55358515E-01       2.59868957E-01       1.00068597E+00
   724.4000       2.86323203E-01       4.17877848E+00       1.52794159E-06       1.75181683E-05       2.87675345E-01       2.91977244E-07       2.55359064E-01       2.59868552E-01       1.00068598E+00
   724.5000       2.86323199E-01       4.17884425E+00       1.52798968E-06       1.75188608E-05       2.87675280E-01       2.91985988E-07       2.55359609E-01       2.59868146E-01       1.00068600E+00
   724.6000       2.86323196E-01       4.17890892E+00       1.52803698E-06       1.75195451E-05       2.87675215E-01       2.91989467E-07       2.55360151E-01       2.59867739E-01       1.00068601E+00
   724.7000       2.86323193E-01       4.17897253E+00       1.52808350E-06       1.75202210E-05       2.87675150E-01       2.91994361E-07       2.55360690E-01       2.59867327E-01       1.00068602E+00
   724.8000       2.86323189E-01       4.17903556E+00       1.52812960E-06       1.75208887E-05       2.87675085E-01       2.91999942E-07       2.55361227E-01       2.59866912E-01       1.00068603E+00
   724.9000       2.86323186E-01       4.17909740E+00       1.52817482E-06       1.75215481E-05       2.87675020E-01       2.92003707E-07       2.55361761E-01       2.59866494E-01       1.00068604E+00
   725.0000       2.86323184E-01       4.17915861E+00       1.52821959E-06       1.75221995E-05       2.87674955E-01       2.92004498E-07       2.55362292E-01       2.59866073E-01       1.00068604E+00
   725.1000       2.86323181E-01       4.17921878E+00       1.52826359E-06       1.75228427E-05       2.87674890E-01       2.92012485E-07       2.55362821E-01       2.59865645E-01       1.00068606E+00
   725.2000       2.86323177E-01       4.17927804E+00       1.52830693E-06       1.75234778E-05       2.87674826E-01       2.92016402E-07       2.55363348E-01       2.59865216E-01       1.00068607E+00
   725.3000       2.86323174E-01       4.17933672E+00       1.52834985E-06       1.75241052E-05       2.87674761E-01       2.92022314E-07       2.55363873E-01       2.59864782E-01       1.00068609E+00
   725.4000       2.86323172E-01       4.17939434E+00       1.52839199E-06       1.75247245E-05       2.87674696E-01       2.92025596E-07       2.55364395E-01       2.59864345E-01       1.00068609E+00
   725.5000       2.86323170E-01       4.17945098E+00       1.52843342E-06       1.75253359E-05       2.87674631E-01       2.92027818E-07       2.55364915E-01       2.59863905E-01       1.00068610E+00
   725.6000       2.86323167E-01       4.17950695E+00       1.52847435E-06       1.75259395E-05       2.87674566E-01       2.92032260E-07       2.55365433E-01       2.59863462E-01       1.00068611E+00
   725.7000       2.86323164E-01       4.17956209E+00       1.52851468E-06       1.75265354E-05       2.87674501E-01       2.92038679E-07       2.55365948E-01       2.59863014E-01       1.00068613E+00
   725.8000       2.86323162E-01       4.17961613E+00       1.52855421E-06       1.75271234E-05       2.87674436E-01       2.92040643E-07       2.55366463E-01       2.59862561E-01       1.00068613E+00
   725.9000       2.86323159E-01       4.17966950E+00       1.52859325E-06       1.75277037E-05       2.87674372E-01       2.92044465E-07       2.55366975E-01       2.59862104E-01       1.00068614E+00
   726.0000       2.86323157E-01       4.17972215E+00       1.52863176E-06       1.75282764E-05       2.87674307E-01       2.92046020E-07       2.55367485E-01       2.59861642E-01       1.00068614E+00
   726.1000       2.86323155E-01       4.17977361E+00       1.52866940E-06       1.75288413E-05       2.87674242E-01       2.92052164E-07       2.55367994E-01       2.59861178E-01       1.00068616E+00
   726.2000       2.86323153E-01       4.17982433E+00       1.52870650E-06       1.75293985E-05       2.87674177E-01       2.92054229E-07       2.55368500E-01       2.59860710E-01       1.00068616E+00
   726.3000       2.86323150E-01       4.17987456E+00       1.52874324E-06       1.75299483E-05       2.87674112E-01       2.92061904E-07       2.55369003E-01       2.59860239E-01       1.00068618E+00
   726.4000       2.86323149E-01       4.17992345E+00       1.52877901E-06       1.75304905E-05       2.87674047E-01       2.92063509E-07       2.55369504E-01       2.59859768E-01       1.00068618E+00
   726.5000       2.86323147E-01       4.17997175E+00       1.52881434E-06       1.75310251E-05       2.87673982E-01       2.92064859E-07       2.55370003E-01       2.59859295E-01       1.00068619E+00
   726.6000       2.86323145E-01       4.18001969E+00       1.52884941E-06       1.75315527E-05       2.87673918E-01       2.92068862E-07       2.55370498E-01       2.59858818E-01       1.00068620E+00
   726.7000       2.86323143E-01       4.18006650E+00       1.52888365E-06       1.75320730E-05       2.87673853E-01       2.92073522E-07       2.55370990E-01       2.59858337E-01       1.00068621E+00
   726.8000       2.86323141E-01       4.18011246E+00       1.52891727E-06       1.75325859E-05       2.87673788E-01       2.92076126E-07       2.55371480E-01       2.59857856E-01       1.00068621E+00
   726.9000       2.86323140E-01       4.18015771E+00       1.52895036E-06       1.75330916E-05       2.87673723E-01       2.92078617E-07       2.55371966E-01       2.59857375E-01       1.00068622E+00
   727.0000       2.86323139E-01       4.18020227E+00       1.52898296E-06       1.75335901E-05       2.87673658E-01       2.92078482E-07       2.55372450E-01       2.59856889E-01       1.00068622E+00
   727.1000       2.86323137E-01       4.18024586E+00       1.52901485E-06       1.75340813E-05       2.87673593E-01       2.92081278E-07       2.55372931E-01       2.59856402E-01       1.00068623E+00
   727.2000       2.86323135E-01       4.18028854E+00       1.52904607E-06       1.75345653E-05       2.87673528E-01       2.92080696E-07       2.55373408E-01       2.59855914E-01       1.00068622E+00
   727.3000       2.86323135E-01       4.18033056E+00       1.52907682E-06       1.75350422E-05       2.87673464E-01       2.92084755E-07       2.55373883E-01       2.59855425E-01       1.00068623E+00
   727.4000       2.86323133E-01       4.18037170E+00       1.52910691E-06       1.75355117E-05       2.87673399E-01       2.92088783E-07       2.55374354E-01       2.59854934E-01       1.00068624E+00
   727.5000       2.86323130E-01       4.18041218E+00       1.52913652E-06       1.75359744E-05       2.87673334E-01       2.92095329E-07       2.55374823E-01       2.59854442E-01       1.00068626E+00
   727.6000       2.86323130E-01       4.18045199E+00       1.52916565E-06       1.75364300E-05       2.87673269E-01       2.92092171E-07       2.55375288E-01       2.59853947E-01       1.00068625E+00
   727.7000       2.86323129E-01       4.18049111E+00       1.52919427E-06       1.75368788E-05       2.87673204E-01       2.92095360E-07       2.55375752E-01       2.59853449E-01       1.00068626E+00
   727.8000       2.86323127E-01       4.18052917E+00       1.52922211E-06       1.75373206E-05       2.87673139E-01       2.92101560E-07       2.55376212E-01       2.59852949E-01       1.00068627E+00
   727.9000       2.86323127E-01       4.18056637E+00       1.52924933E-06       1.75377553E-05       2.87673075E-01       2.92101427E-07       2.55376671E-01       2.59852446E-01       1.00068627E+00
   728.0000       2.86323127E-01       4.18060289E+00       1.52927605E-06       1.75381829E-05       2.87673010E-01       2.92099136E-07       2.55377127E-01       2.59851940E-01       1.00068627E+00
   728.1000       2.86323125E-01       4.18063881E+00       1.52930232E-06       1.75386037E-05       2.87672945E-01       2.92106929E-07       2.55377580E-01       2.59851433E-01       1.00068629E+00
   728.2000       2.86323124E-01       4.18067374E+00       1.52932788E-06       1.75390174E-05       2.87672880E-01       2.92105664E-07       2.55378031E-01       2.59850922E-01       1.00068628E+00
   728.3000       2.86323123E-01       4.18070807E+00       1.52935300E-06       1.75394243E-05       2.87672815E-01       2.92108234E-07       2.55378479E-01       2.59850409E-01       1.00068629E+00
   728.4000       2.86323123E-01       4.18074184E+00       1.52937770E-06       1.75398246E-05       2.87672751E-01       2.92111082E-07       2.55378926E-01       2.59849894E-01       1.00068630E+00
   728.5000       2.86323122E-01       4.18077488E+00       1.52940188E-06       1.75402183E-05       2.87672686E-01       2.92115109E-07       2.55379370E-01       2.59849375E-01       1.00068630E+00
   728.6000       2.86323122E-01       4.18080716E+00       1.52942549E-06       1.75406053E-05       2.87672621E-01       2.92109926E-07       2.55379811E-01       2.59848851E-01       1.00068629E+00
   728.7000       2.86323121E-01       4.18083892E+00       1.52944873E-06       1.75409859E-05       2.87672556E-01       2.92116070E-07       2.55380251E-01       2.59848325E-01       1.00068631E+00
   728.8000       2.86323121E-01       4.18086965E+00       1.52947122E-06       1.75413599E-05       2.87672491E-01       2.92114364E-07       2.55380688E-01       2.59847798E-01       1.00068630E+00
   728.9000       2.86323120E-01       4.18089986E+00       1.52949332E-06       1.75417273E-05       2.87672427E-01       2.92115893E-07       2.55381124E-01       2.59847267E-01       1.00068631E+00
   729.0000       2.86323121E-01       4.18092926E+00       1.52951483E-06       1.75420883E-05       2.87672362E-01       2.92114946E-07       2.55381557E-01       2.59846733E-01       1.00068630E+00
   729.1000       2.86323120E-01       4.18095788E+00       1.52953577E-06       1.75424427E-05       2.87672297E-01       2.92120208E-07       2.55381988E-01       2.59846194E-01       1.00068632E+00
   729.2000       2.86323120E-01       4.18098570E+00       1.52955613E-06       1.75427906E-05       2.87672232E-01       2.92119315E-07       2.55382419E-01       2.59845650E-01       1.00068631E+00
   729.3000       2.86323121E-01       4.18101288E+00       1.52957601E-06       1.75431320E-05       2.87672167E-01       2.92115470E-07       2.55382846E-01       2.59845103E-01       1.00068631E+00
   729.4000       2.86323120E-01       4.18103928E+00       1.52959533E-06       1.75434668E-05       2.87672103E-01       2.92120769E-07       2.55383272E-01       2.59844553E-01       1.00068632E+00
   729.5000       2.86323120E-01       4.18106535E+00       1.52961440E-06       1.75437955E-05       2.87672038E-01       2.92120393E-07       2.55383695E-01       2.59843999E-01       1.00068632E+00
   729.6000       2.86323121E-01       4.18109074E+00       1.52963298E-06       1.75441181E-05       2.87671973E-01       2.92119413E-07       2.55384116E-01       2.59843441E-01       1.00068631E+00
   729.7000       2.86323121E-01       4.18111529E+00       1.52965095E-06       1.75444345E-05       2.87671908E-01       2.92120723E-07       2.55384534E-01       2.59842879E-01       1.00068632E+00
   729.8000       2.86323121E-01       4.18113929E+00       1.52966850E-06       1.75447446E-05       2.87671844E-01       2.92121444E-07       2.55384949E-01       2.59842316E-01       1.00068632E+00
   729.9000       2.86323122E-01       4.18116256E+00       1.52968553E-06       1.75450487E-05       2.87671779E-01       2.92121599E-07       2.55385363E-01       2.59841748E-01       1.00068632E+00
   730.0000       2.86323122E-01       4.18118508E+00       1.52970201E-06       1.75453466E-05       2.87671714E-01       2.92124355E-07       2.55385774E-01       2.59841178E-01       1.00068633E+00
   730.1000       2.86323123E-01       4.18120702E+00       1.52971806E-06       1.75456384E-05       2.87671649E-01       2.92118691E-07       2.55386183E-01       2.59840607E-01       1.00068631E+00
   730.2000       2.86323122E-01       4.18122833E+00       1.52973365E-06       1.75459242E-05       2.87671585E-01       2.92124759E-07       2.55386588E-01       2.59840036E-01       1.00068633E+00
   730.3000       2.86323125E-01       4.18124901E+00       1.52974879E-06       1.75462041E-05       2.87671520E-01       2.92117633E-07       2.55386990E-01       2.59839463E-01       1.00068631E+00
   730.4000       2.86323125E-01       4.18126912E+00       1.52976350E-06       1.75464780E-05       2.87671455E-01       2.92120703E-07       2.55387389E-01       2.59838889E-01       1.00068632E+00
   730.5000       2.86323125E-01       4.18128863E+00       1.52977778E-06       1.75467461E-05       2.87671390E-01       2.92122190E-07       2.55387785E-01       2.59838313E-01       1.00068632E+00
   730.6000       2.86323126E-01       4.18130757E+00       1.52979164E-06       1.75470086E-05       2.87671326E-01       2.92121757E-07       2.55388177E-01       2.59837738E-01       1.00068632E+00
   730.7000       2.86323127E-01       4.18132581E+00       1.52980498E-06       1.75472653E-05       2.87671261E-01       2.92120960E-07       2.55388567E-01       2.59837160E-01       1.00068632E+00
   730.8000       2.86323128E-01       4.18134337E+00       1.52981783E-06       1.75475161E-05       2.87671196E-01       2.92118270E-07       2.55388955E-01       2.59836581E-01       1.00068631E+00
   730.9000       2.86323129E-01       4.18136034E+00       1.52983025E-06       1.75477613E-05       2.87671132E-01       2.92124340E-07       2.55389340E-01       2.59835999E-01       1.00068633E+00
   731.0000       2.86323130E-01       4.18137658E+00       1.52984213E-06       1.75480007E-05       2.87671067E-01       2.92120078E-07       2.55389722E-01       2.59835416E-01       1.00068632E+00
   731.1000       2.86323131E-01       4.18139221E+00       1.52985357E-06       1.75482343E-05       2.87671002E-01       2.92120052E-07       2.55390101E-01       2.59834831E-01       1.00068632E+00
   731.2000       2.86323132E-01       4.18140731E+00       1.52986462E-06       1.75484622E-05       2.87670938E-01       2.92121728E-07       2.55390476E-01       2.59834243E-01       1.00068632E+00
   731.3000       2.86323133E-01       4.18142182E+00       1.52987524E-06       1.75486845E-05       2.87670873E-01       2.92118105E-07       2.55390848E-01       2.59833655E-01       1.00068631E+00
   731.4000       2.86323135E-01       4.18143580E+00       1.52988546E-06       1.75489014E-05       2.87670808E-01       2.92116099E-07       2.55391217E-01       2.59833064E-01       1.00068631E+00
   731.5000       2.86323136E-01       4.18144912E+00       1.52989522E-06       1.75491128E-05       2.87670744E-01       2.92119273E-07       2.55391583E-01       2.59832470E-01       1.00068631E+00
   731.6000       2.86323137E-01       4.18146178E+00       1.52990448E-06       1.75493185E-05       2.87670679E-01       2.92115968E-07       2.55391948E-01       2.59831874E-01       1.00068631E+00
   731.7000       2.86323139E-01       4.18147377E+00       1.52991326E-06       1.75495187E-05       2.87670614E-01       2.92113088E-07       2.55392311E-01       2.59831274E-01       1.00068630E+00
   731.8000       2.86323141E-01       4.18148536E+00       1.52992174E-06       1.75497135E-05       2.87670550E-01       2.92114423E-07       2.55392671E-01       2.59830672E-01       1.00068630E+00
   731.9000       2.86323141E-01       4.18149646E+00       1.52992985E-06       1.75499029E-05       2.87670485E-01       2.92114430E-07       2.55393029E-01       2.59830064E-01       1.00068630E+00
   732.0000       2.86323142E-01       4.18150675E+00       1.52993739E-06       1.75500868E-05       2.87670420E-01       2.92117488E-07       2.55393385E-01       2.59829454E-01       1.00068631E+00
   732.1000       2.86323146E-01       4.18151678E+00       1.52994472E-06       1.75502656E-05       2.87670356E-01       2.92111952E-07       2.55393738E-01       2.59828839E-01       1.00068630E+00
   732.2000       2.86323147E-01       4.18152588E+00       1.52995138E-06       1.75504389E-05       2.87670291E-01       2.92111542E-07       2.55394090E-01       2.59828223E-01       1.00068630E+00
   732.3000       2.86323149E-01       4.18153434E+00       1.52995757E-06       1.75506069E-05       2.87670226E-01       2.92106541E-07       2.55394441E-01       2.59827602E-01       1.00068628E+00
   732.4000       2.86323150E-01       4.18154236E+00       1.52996344E-06       1.75507695E-05       2.87670162E-01       2.92107900E-07       2.55394789E-01       2.59826979E-01       1.00068629E+00
   732.5000       2.86323153E-01       4.18154988E+00       1.52996895E-06       1.75509269E-05       2.87670097E-01       2.92104082E-07       2.55395136E-01       2.59826352E-01       1.00068628E+00
   732.6000       2.86323155E-01       4.18155665E+00       1.52997390E-06       1.75510790E-05       2.87670033E-01       2.92104549E-07       2.55395482E-01       2.59825724E-01       1.00068628E+00
   732.7000       2.86323158E-01       4.18156290E+00       1.52997848E-06       1.75512258E-05       2.87669968E-01       2.92099407E-07       2.55395826E-01       2.59825095E-01       1.00068627E+00
   732.8000       2.86323158E-01       4.18156852E+00       1.52998259E-06       1.75513672E-05       2.87669903E-01       2.92104362E-07       2.55396168E-01       2.59824462E-01       1.00068628E+00
   732.9000       2.86323161E-01       4.18157379E+00       1.52998644E-06       1.75515035E-05       2.87669839E-01       2.92098574E-07       2.55396509E-01       2.59823826E-01       1.00068626E+00
   733.0000       2.86323164E-01       4.18157860E+00       1.52998997E-06       1.75516349E-05       2.87669774E-01       2.92096939E-07       2.55396848E-01       2.59823187E-01       1.00068626E+00
   733.1000       2.86323166E-01       4.18158268E+00       1.52999295E-06       1.75517611E-05       2.87669710E-01       2.92093215E-07       2.55397184E-01       2.59822548E-01       1.00068625E+00
   733.2000       2.86323168E-01       4.18158617E+00       1.52999550E-06       1.75518822E-05       2.87669645E-01       2.92091895E-07       2.55397520E-01       2.59821907E-01       1.00068625E+00
   733.3000       2.86323171E-01       4.18158905E+00       1.52999761E-06       1.75519982E-05       2.87669580E-01       2.92089266E-07       2.55397853E-01       2.59821263E-01       1.00068624E+00
   733.4000       2.86323174E-01       4.18159170E+00       1.52999955E-06       1.75521094E-05       2.87669516E-01       2.92085901E-07       2.55398184E-01       2.59820618E-01       1.00068623E+00
   733.5000       2.86323176E-01       4.18159338E+00       1.53000078E-06       1.75522154E-05       2.87669451E-01       2.92088500E-07       2.55398512E-01       2.59819974E-01       1.00068624E+00
   733.6000       2.86323178E-01       4.18159494E+00       1.53000192E-06       1.75523167E-05       2.87669387E-01       2.92087437E-07       2.55398837E-01       2.59819329E-01       1.00068624E+00
   733.7000       2.86323180E-01       4.18159595E+00       1.53000266E-06       1.75524131E-05       2.87669322E-01       2.92086453E-07       2.55399159E-01       2.59818683E-01       1.00068624E+00
   733.8000       2.86323183E-01       4.18159652E+00       1.53000307E-06       1.75525049E-05       2.87669258E-01       2.92081382E-07       2.55399479E-01       2.59818034E-01       1.00068622E+00
   733.9000       2.86323186E-01       4.18159655E+00       1.53000310E-06       1.75525918E-05       2.87669193E-01       2.92076101E-07       2.55399794E-01       2.59817386E-01       1.00068621E+00
   734.0000       2.86323189E-01       4.18159599E+00       1.53000269E-06       1.75526741E-05       2.87669129E-01       2.92078454E-07       2.55400108E-01       2.59816735E-01       1.00068622E+00
   734.1000       2.86323192E-01       4.18159480E+00       1.53000182E-06       1.75527515E-05       2.87669064E-01       2.92072052E-07       2.55400419E-01       2.59816084E-01       1.00068620E+00
   734.2000       2.86323195E-01       4.18159324E+00       1.53000068E-06       1.75528243E-05       2.87669000E-01       2.92071405E-07       2.55400727E-01       2.59815430E-01       1.00068620E+00
   734.3000       2.86323197E-01       4.18159115E+00       1.52999915E-06       1.75528924E-05       2.87668935E-01       2.92068893E-07       2.55401032E-01       2.59814775E-01       1.00068619E+00
   734.4000       2.86323201E-01       4.18158858E+00       1.52999727E-06       1.75529558E-05       2.87668871E-01       2.92068211E-07       2.55401334E-01       2.59814117E-01       1.00068619E+00
   734.5000       2.86323205E-01       4.18158564E+00       1.52999511E-06       1.75530148E-05       2.87668806E-01       2.92057614E-07       2.55401634E-01       2.59813457E-01       1.00068617E+00
   734.6000       2.86323207E-01       4.18158227E+00       1.52999265E-06       1.75530693E-05       2.87668742E-01       2.92059635E-07       2.55401930E-01       2.59812793E-01       1.00068617E+00
   734.7000       2.86323210E-01       4.18157846E+00       1.52998986E-06       1.75531194E-05       2.87668677E-01       2.92057187E-07       2.55402223E-01       2.59812126E-01       1.00068617E+00
   734.8000       2.86323213E-01       4.18157377E+00       1.52998643E-06       1.75531649E-05       2.87668613E-01       2.92058885E-07       2.55402514E-01       2.59811458E-01       1.00068617E+00
   734.9000       2.86323216E-01       4.18156869E+00       1.52998271E-06       1.75532056E-05       2.87668548E-01       2.92054233E-07       2.55402803E-01       2.59810785E-01       1.00068616E+00
   735.0000       2.86323220E-01       4.18156342E+00       1.52997885E-06       1.75532421E-05       2.87668484E-01       2.92050290E-07       2.55403089E-01       2.59810112E-01       1.00068615E+00
   735.1000       2.86323223E-01       4.18155749E+00       1.52997451E-06       1.75532741E-05       2.87668420E-01       2.92048243E-07       2.55403373E-01       2.59809436E-01       1.00068614E+00
   735.2000       2.86323227E-01       4.18155110E+00       1.52996984E-06       1.75533017E-05       2.87668355E-01       2.92042459E-07       2.55403656E-01       2.59808756E-01       1.00068613E+00
   735.3000       2.86323231E-01       4.18154437E+00       1.52996492E-06       1.75533251E-05       2.87668291E-01       2.92041509E-07       2.55403936E-01       2.59808074E-01       1.00068613E+00
   735.4000       2.86323234E-01       4.18153733E+00       1.52995976E-06       1.75533442E-05       2.87668226E-01       2.92035812E-07       2.55404214E-01       2.59807390E-01       1.00068611E+00
   735.5000       2.86323238E-01       4.18152959E+00       1.52995410E-06       1.75533591E-05       2.87668162E-01       2.92033840E-07       2.55404491E-01       2.59806702E-01       1.00068611E+00
   735.6000       2.86323241E-01       4.18152158E+00       1.52994824E-06       1.75533698E-05       2.87668098E-01       2.92031306E-07       2.55404766E-01       2.59806013E-01       1.00068610E+00
   735.7000       2.86323245E-01       4.18151309E+00       1.52994203E-06       1.75533764E-05       2.87668033E-01       2.92030973E-07       2.55405039E-01       2.59805320E-01       1.00068610E+00
   735.8000       2.86323249E-01       4.18150397E+00       1.52993535E-06       1.75533786E-05       2.87667969E-01       2.92025621E-07       2.55405311E-01       2.59804627E-01       1.00068609E+00
   735.9000       2.86323253E-01       4.18149454E+00       1.52992845E-06       1.75533766E-05       2.87667904E-01       2.92022234E-07       2.55405582E-01       2.59803929E-01       1.00068608E+00
   736.0000       2.86323256E-01       4.18148456E+00       1.52992115E-06       1.75533705E-05       2.87667840E-01       2.92017579E-07       2.55405851E-01       2.59803228E-01       1.00068607E+00
   736.1000       2.86323261E-01       4.18147374E+00       1.52991323E-06       1.75533599E-05       2.87667776E-01       2.92015116E-07       2.55406119E-01       2.59802525E-01       1.00068607E+00
   736.2000       2.86323264E-01       4.18146276E+00       1.52990520E-06       1.75533451E-05       2.87667711E-01       2.92014585E-07       2.55406385E-01       2.59801820E-01       1.00068606E+00
   736.3000       2.86323268E-01       4.18145163E+00       1.52989705E-06       1.75533263E-05       2.87667647E-01       2.92009713E-07       2.55406649E-01       2.59801112E-01       1.00068605E+00
   736.4000       2.86323273E-01       4.18143994E+00       1.52988850E-06       1.75533035E-05       2.87667583E-01       2.92002047E-07       2.55406910E-01       2.59800402E-01       1.00068603E+00
   736.5000       2.86323277E-01       4.18142798E+00       1.52987975E-06       1.75532768E-05       2.87667518E-01       2.91998822E-07       2.55407169E-01       2.59799690E-01       1.00068603E+00
   736.6000       2.86323281E-01       4.18141538E+00       1.52987053E-06       1.75532460E-05       2.87667454E-01       2.91996056E-07       2.55407427E-01       2.59798976E-01       1.00068602E+00
   736.7000       2.86323286E-01       4.18140248E+00       1.52986109E-06       1.75532112E-05       2.87667390E-01       2.91991420E-07       2.55407681E-01       2.59798261E-01       1.00068601E+00
   736.8000       2.86323290E-01       4.18138909E+00       1.52985129E-06       1.75531725E-05       2.87667326E-01       2.91988633E-07       2.55407933E-01       2.59797546E-01       1.00068600E+00
   736.9000       2.86323292E-01       4.18137561E+00       1.52984142E-06       1.75531301E-05       2.87667261E-01       2.91991671E-07       2.55408183E-01       2.59796827E-01       1.00068601E+00
   737.0000       2.86323298E-01       4.18136180E+00       1.52983132E-06       1.75530840E-05       2.87667197E-01       2.91983046E-07       2.55408430E-01       2.59796106E-01       1.00068599E+00
   737.1000       2.86323302E-01       4.18134714E+00       1.52982059E-06       1.75530341E-05       2.87667133E-01       2.91980935E-07       2.55408676E-01       2.59795383E-01       1.00068598E+00
   737.2000       2.86323307E-01       4.18133224E+00       1.52980969E-06       1.75529802E-05       2.87667069E-01       2.91973101E-07       2.55408919E-01       2.59794658E-01       1.00068597E+00
   737.3000       2.86323311E-01       4.18131699E+00       1.52979853E-06       1.75529227E-05       2.87667004E-01       2.91972730E-07       2.55409159E-01       2.59793931E-01       1.00068597E+00
   737.4000       2.86323316E-01       4.18130142E+00       1.52978714E-06       1.75528616E-05       2.87666940E-01       2.91964970E-07       2.55409397E-01       2.59793202E-01       1.00068595E+00
   737.5000       2.86323321E-01       4.18128554E+00       1.52977552E-06       1.75527969E-05       2.87666876E-01       2.91960942E-07       2.55409631E-01       2.59792473E-01       1.00068594E+00
   737.6000       2.86323326E-01       4.18126901E+00       1.52976342E-06       1.75527284E-05       2.87666812E-01       2.91958729E-07       2.55409864E-01       2.59791741E-01       1.00068593E+00
   737.7000       2.86323330E-01       4.18125178E+00       1.52975081E-06       1.75526559E-05       2.87666747E-01       2.91955973E-07       2.55410094E-01       2.59791010E-01       1.00068593E+00
   737.8000       2.86323335E-01       4.18123454E+00       1.52973820E-06       1.75525798E-05       2.87666683E-01       2.91948012E-07       2.55410322E-01       2.59790277E-01       1.00068591E+00
   737.9000       2.86323339E-01       4.18121711E+00       1.52972545E-06       1.75525004E-05       2.87666619E-01       2.91946622E-07       2.55410548E-01       2.59789543E-01       1.00068590E+00
   738.0000       2.86323345E-01       4.18119889E+00       1.52971211E-06       1.75524172E-05       2.87666555E-01       2.91938627E-07       2.55410772E-01       2.59788809E-01       1.00068588E+00
   738.1000       2.86323349E-01       4.18118058E+00       1.52969872E-06       1.75523304E-05       2.87666491E-01       2.91936847E-07       2.55410993E-01       2.59788072E-01       1.00068588E+00
   738.2000       2.86323354E-01       4.18116191E+00       1.52968505E-06       1.75522403E-05       2.87666427E-01       2.91935242E-07       2.55411212E-01       2.59787335E-01       1.00068588E+00
   738.3000       2.86323360E-01       4.18114284E+00       1.52967111E-06       1.75521466E-05       2.87666362E-01       2.91928699E-07       2.55411428E-01       2.59786598E-01       1.00068586E+00
   738.4000       2.86323365E-01       4.18112338E+00       1.52965686E-06       1.75520495E-05       2.87666298E-01       2.91921810E-07       2.55411641E-01       2.59785862E-01       1.00068584E+00
   738.5000       2.86323368E-01       4.18110372E+00       1.52964248E-06       1.75519491E-05       2.87666234E-01       2.91927295E-07       2.55411852E-01       2.59785124E-01       1.00068586E+00
   738.6000       2.86323375E-01       4.18108376E+00       1.52962787E-06       1.75518454E-05       2.87666170E-01       2.91911332E-07       2.55412061E-01       2.59784384E-01       1.00068582E+00
   738.7000       2.86323379E-01       4.18106337E+00       1.52961296E-06       1.75517385E-05       2.87666106E-01       2.91914378E-07       2.55412269E-01       2.59783644E-01       1.00068583E+00
   738.8000       2.86323384E-01       4.18104264E+00       1.52959778E-06       1.75516282E-05       2.87666042E-01       2.91911083E-07       2.55412476E-01       2.59782901E-01       1.00068582E+00
   738.9000       2.86323390E-01       4.18102199E+00       1.52958267E-06       1.75515151E-05       2.87665978E-01       2.91901233E-07       2.55412680E-01       2.59782156E-01       1.00068580E+00
   739.0000       2.86323395E-01       4.18100073E+00       1.52956712E-06       1.75513987E-05       2.87665914E-01       2.91902232E-07       2.55412883E-01       2.59781410E-01       1.00068580E+00
   739.1000       2.86323401E-01       4.18097933E+00       1.52955146E-06       1.75512794E-05       2.87665850E-01       2.91895142E-07       2.55413084E-01       2.59780661E-01       1.00068578E+00
   739.2000       2.86323406E-01       4.18095737E+00       1.52953539E-06       1.75511569E-05       2.87665786E-01       2.91893374E-07       2.55413284E-01       2.59779908E-01       1.00068578E+00
   739.3000       2.86323412E-01       4.18093503E+00       1.52951905E-06       1.75510312E-05       2.87665722E-01       2.91886051E-07       2.55413482E-01       2.59779153E-01       1.00068576E+00
   739.4000       2.86323417E-01       4.18091213E+00       1.52950229E-06       1.75509021E-05       2.87665658E-01       2.91881203E-07       2.55413679E-01       2.59778395E-01       1.00068575E+00
   739.5000       2.86323422E-01       4.18088921E+00       1.52948553E-06       1.75507701E-05       2.87665594E-01       2.91877717E-07       2.55413875E-01       2.59777636E-01       1.00068574E+00
   739.6000       2.86323429E-01       4.18086610E+00       1.52946862E-06       1.75506351E-05       2.87665530E-01       2.91867876E-07       2.55414070E-01       2.59776874E-01       1.00068572E+00
   739.7000       2.86323435E-01       4.18084218E+00       1.52945111E-06       1.75504968E-05       2.87665466E-01       2.91864358E-07       2.55414263E-01       2.59776111E-01       1.00068571E+00
   739.8000       2.86323439E-01       4.18081835E+00       1.52943368E-06       1.75503555E-05       2.87665402E-01       2.91865625E-07       2.55414455E-01       2.59775347E-01       1.00068571E+00
   739.9000       2.86323445E-01       4.18079423E+00       1.52941604E-06       1.75502113E-05       2.87665338E-01       2.91855945E-07       2.55414645E-01       2.59774580E-01       1.00068569E+00
   740.0000       2.86323451E-01       4.18076951E+00       1.52939795E-06       1.75500641E-05       2.87665274E-01       2.91849481E-07       2.55414834E-01       2.59773811E-01       1.00068567E+00
   740.1000       2.86323457E-01       4.18074453E+00       1.52937967E-06       1.75499136E-05       2.87665210E-01       2.91849108E-07       2.55415021E-01       2.59773040E-01       1.00068567E+00
   740.2000       2.86323463E-01       4.18071961E+00       1.52936144E-06       1.75497605E-05       2.87665146E-01       2.91837831E-07       2.55415205E-01       2.59772268E-01       1.00068565E+00
   740.3000       2.86323468E-01       4.18069377E+00       1.52934254E-06       1.75496041E-05       2.87665082E-01       2.91836446E-07       2.55415389E-01       2.59771493E-01       1.00068564E+00
   740.4000       2.86323474E-01       4.18066825E+00       1.52932386E-06       1.75494450E-05       2.87665018E-01       2.91832368E-07       2.55415570E-01       2.59770716E-01       1.00068563E+00
   740.5000       2.86323480E-01       4.18064191E+00       1.52930460E-06       1.75492829E-05       2.87664954E-01       2.91823452E-07       2.55415749E-01       2.59769937E-01       1.00068561E+00
   740.6000       2.86323487E-01       4.18061537E+00       1.52928518E-06       1.75491177E-05       2.87664890E-01       2.91819124E-07       2.55415926E-01       2.59769157E-01       1.00068560E+00
   740.7000       2.86323493E-01       4.18058861E+00       1.52926560E-06       1.75489496E-05       2.87664826E-01       2.91813969E-07       2.55416100E-01       2.59768375E-01       1.00068559E+00
   740.8000       2.86323499E-01       4.18056170E+00       1.52924591E-06       1.75487788E-05       2.87664762E-01       2.91807995E-07       2.55416270E-01       2.59767589E-01       1.00068557E+00
   740.9000       2.86323504E-01       4.18053441E+00       1.52922594E-06       1.75486051E-05       2.87664699E-01       2.91807603E-07       2.55416438E-01       2.59766803E-01       1.00068557E+00
   741.0000       2.86323511E-01       4.18050699E+00       1.52920589E-06       1.75484288E-05       2.87664635E-01       2.91799488E-07       2.55416603E-01       2.59766013E-01       1.00068555E+00
   741.1000       2.86323518E-01       4.18047938E+00       1.52918569E-06       1.75482499E-05       2.87664571E-01       2.91791764E-07       2.55416767E-01       2.59765222E-01       1.00068554E+00
   741.2000       2.86323523E-01       4.18045140E+00       1.52916522E-06       1.75480683E-05       2.87664507E-01       2.91790605E-07       2.55416928E-01       2.59764428E-01       1.00068553E+00
   741.3000       2.86323530E-01       4.18042300E+00       1.52914444E-06       1.75478840E-05       2.87664443E-01       2.91778725E-07       2.55417086E-01       2.59763633E-01       1.00068551E+00
   741.4000       2.86323537E-01       4.18039428E+00       1.52912343E-06       1.75476969E-05       2.87664379E-01       2.91776103E-07       2.55417242E-01       2.59762836E-01       1.00068550E+00
   741.5000       2.86323543E-01       4.18036550E+00       1.52910237E-06       1.75475072E-05       2.87664316E-01       2.91772523E-07       2.55417396E-01       2.59762039E-01       1.00068549E+00
   741.6000       2.86323548E-01       4.18033611E+00       1.52908087E-06       1.75473147E-05       2.87664252E-01       2.91772996E-07       2.55417547E-01       2.59761241E-01       1.00068549E+00
   741.7000       2.86323556E-01       4.18030650E+00       1.52905921E-06       1.75471195E-05       2.87664188E-01       2.91762235E-07       2.55417696E-01       2.59760443E-01       1.00068547E+00
   741.8000       2.86323562E-01       4.18027673E+00       1.52903744E-06       1.75469216E-05       2.87664124E-01       2.91758585E-07       2.55417842E-01       2.59759645E-01       1.00068546E+00
   741.9000       2.86323568E-01       4.18024692E+00       1.52901563E-06       1.75467213E-05       2.87664061E-01       2.91755302E-07       2.55417987E-01       2.59758846E-01       1.00068545E+00
   742.0000       2.86323575E-01       4.18021675E+00       1.52899356E-06       1.75465186E-05       2.87663997E-01       2.91745683E-07       2.55418130E-01       2.59758047E-01       1.00068543E+00
   742.1000       2.86323581E-01       4.18018622E+00       1.52897123E-06       1.75463133E-05       2.87663933E-01       2.91746938E-07       2.55418272E-01       2.59757247E-01       1.00068543E+00
   742.2000       2.86323588E-01       4.18015548E+00       1.52894874E-06       1.75461054E-05       2.87663869E-01       2.91735983E-07       2.55418412E-01       2.59756445E-01       1.00068540E+00
   742.3000       2.86323595E-01       4.18012451E+00       1.52892608E-06       1.75458952E-05       2.87663806E-01       2.91733399E-07       2.55418550E-01       2.59755643E-01       1.00068540E+00
   742.4000       2.86323603E-01       4.18009323E+00       1.52890320E-06       1.75456824E-05       2.87663742E-01       2.91720828E-07       2.55418686E-01       2.59754838E-01       1.00068537E+00
   742.5000       2.86323609E-01       4.18006182E+00       1.52888022E-06       1.75454673E-05       2.87663678E-01       2.91717262E-07       2.55418821E-01       2.59754030E-01       1.00068536E+00
   742.6000       2.86323615E-01       4.18003012E+00       1.52885704E-06       1.75452497E-05       2.87663615E-01       2.91716108E-07       2.55418955E-01       2.59753221E-01       1.00068536E+00
   742.7000       2.86323622E-01       4.17999841E+00       1.52883384E-06       1.75450299E-05       2.87663551E-01       2.91710570E-07       2.55419087E-01       2.59752410E-01       1.00068534E+00
   742.8000       2.86323629E-01       4.17996642E+00       1.52881044E-06       1.75448079E-05       2.87663487E-01       2.91703702E-07       2.55419218E-01       2.59751598E-01       1.00068533E+00
   742.9000       2.86323636E-01       4.17993405E+00       1.52878676E-06       1.75445836E-05       2.87663424E-01       2.91696351E-07       2.55419347E-01       2.59750786E-01       1.00068531E+00
   743.0000       2.86323643E-01       4.17990143E+00       1.52876290E-06       1.75443569E-05       2.87663360E-01       2.91692211E-07       2.55419474E-01       2.59749972E-01       1.00068530E+00
   743.1000       2.86323651E-01       4.17986846E+00       1.52873878E-06       1.75441280E-05       2.87663297E-01       2.91681115E-07       2.55419601E-01       2.59749156E-01       1.00068527E+00
   743.2000       2.86323657E-01       4.17983527E+00       1.52871450E-06       1.75438967E-05       2.87663233E-01       2.91680329E-07       2.55419726E-01       2.59748336E-01       1.00068527E+00
   743.3000       2.86323664E-01       4.17980191E+00       1.52869010E-06       1.75436632E-05       2.87663170E-01       2.91675488E-07       2.55419850E-01       2.59747514E-01       1.00068526E+00
   743.4000       2.86323671E-01       4.17976861E+00       1.52866575E-06       1.75434278E-05       2.87663106E-01       2.91671757E-07       2.55419971E-01       2.59746689E-01       1.00068525E+00
   743.5000       2.86323678E-01       4.17973524E+00       1.52864133E-06       1.75431905E-05       2.87663042E-01       2.91663836E-07       2.55420091E-01       2.59745861E-01       1.00068523E+00
   743.6000       2.86323685E-01       4.17970126E+00       1.52861648E-06       1.75429509E-05       2.87662979E-01       2.91662029E-07       2.55420209E-01       2.59745031E-01       1.00068523E+00
   743.7000       2.86323692E-01       4.17966694E+00       1.52859138E-06       1.75427090E-05       2.87662915E-01       2.91652629E-07       2.55420326E-01       2.59744199E-01       1.00068521E+00
   743.8000       2.86323700E-01       4.17963243E+00       1.52856613E-06       1.75424648E-05       2.87662852E-01       2.91646604E-07       2.55420440E-01       2.59743364E-01       1.00068519E+00
   743.9000       2.86323707E-01       4.17959743E+00       1.52854054E-06       1.75422181E-05       2.87662788E-01       2.91641098E-07       2.55420554E-01       2.59742528E-01       1.00068518E+00
   744.0000       2.86323715E-01       4.17956280E+00       1.52851520E-06       1.75419695E-05       2.87662725E-01       2.91630865E-07       2.55420664E-01       2.59741689E-01       1.00068516E+00
   744.1000       2.86323723E-01       4.17952794E+00       1.52848971E-06       1.75417189E-05       2.87662661E-01       2.91625850E-07       2.55420773E-01       2.59740848E-01       1.00068514E+00
   744.2000       2.86323729E-01       4.17949255E+00       1.52846382E-06       1.75414661E-05       2.87662598E-01       2.91624913E-07       2.55420881E-01       2.59740005E-01       1.00068514E+00
   744.3000       2.86323737E-01       4.17945716E+00       1.52843794E-06       1.75412113E-05       2.87662535E-01       2.91616907E-07       2.55420987E-01       2.59739160E-01       1.00068512E+00
   744.4000       2.86323743E-01       4.17942183E+00       1.52841210E-06       1.75409548E-05       2.87662471E-01       2.91614015E-07       2.55421090E-01       2.59738313E-01       1.00068512E+00
   744.5000       2.86323751E-01       4.17938624E+00       1.52838607E-06       1.75406964E-05       2.87662408E-01       2.91608702E-07       2.55421192E-01       2.59737466E-01       1.00068510E+00
   744.6000       2.86323759E-01       4.17935011E+00       1.52835964E-06       1.75404359E-05       2.87662344E-01       2.91605009E-07       2.55421291E-01       2.59736619E-01       1.00068509E+00
   744.7000       2.86323766E-01       4.17931399E+00       1.52833323E-06       1.75401735E-05       2.87662281E-01       2.91595959E-07       2.55421388E-01       2.59735769E-01       1.00068507E+00
   744.8000       2.86323775E-01       4.17927788E+00       1.52830681E-06       1.75399094E-05       2.87662218E-01       2.91583766E-07       2.55421482E-01       2.59734919E-01       1.00068504E+00
   744.9000       2.86323782E-01       4.17924124E+00       1.52828002E-06       1.75396433E-05       2.87662154E-01       2.91581347E-07       2.55421575E-01       2.59734068E-01       1.00068504E+00
   745.0000       2.86323790E-01       4.17920471E+00       1.52825330E-06       1.75393753E-05       2.87662091E-01       2.91576761E-07       2.55421665E-01       2.59733214E-01       1.00068503E+00
   745.1000       2.86323798E-01       4.17916782E+00       1.52822632E-06       1.75391055E-05       2.87662028E-01       2.91567622E-07       2.55421754E-01       2.59732360E-01       1.00068501E+00
   745.2000       2.86323805E-01       4.17913098E+00       1.52819938E-06       1.75388341E-05       2.87661964E-01       2.91565080E-07       2.55421841E-01       2.59731505E-01       1.00068500E+00
   745.3000       2.86323813E-01       4.17909398E+00       1.52817232E-06       1.75385611E-05       2.87661901E-01       2.91557960E-07       2.55421925E-01       2.59730651E-01       1.00068498E+00
   745.4000       2.86323821E-01       4.17905704E+00       1.52814530E-06       1.75382867E-05       2.87661838E-01       2.91550080E-07       2.55422007E-01       2.59729798E-01       1.00068496E+00
   745.5000       2.86323829E-01       4.17901942E+00       1.52811779E-06       1.75380103E-05       2.87661774E-01       2.91547751E-07       2.55422089E-01       2.59728942E-01       1.00068496E+00
   745.6000       2.86323836E-01       4.17898187E+00       1.52809033E-06       1.75377322E-05       2.87661711E-01       2.91540971E-07       2.55422168E-01       2.59728085E-01       1.00068494E+00
   745.7000       2.86323844E-01       4.17894421E+00       1.52806278E-06       1.75374524E-05       2.87661648E-01       2.91536629E-07       2.55422245E-01       2.59727229E-01       1.00068493E+00
   745.8000       2.86323852E-01       4.17890610E+00       1.52803492E-06       1.75371708E-05       2.87661585E-01       2.91528128E-07       2.55422321E-01       2.59726370E-01       1.00068491E+00
   745.9000       2.86323861E-01       4.17886792E+00       1.52800699E-06       1.75368875E-05       2.87661521E-01       2.91517637E-07       2.55422395E-01       2.59725512E-01       1.00068489E+00
   746.0000       2.86323868E-01       4.17882972E+00       1.52797906E-06       1.75366025E-05       2.87661458E-01       2.91517444E-07       2.55422468E-01       2.59724651E-01       1.00068489E+00
   746.1000       2.86323876E-01       4.17879145E+00       1.52795107E-06       1.75363162E-05       2.87661395E-01       2.91510897E-07       2.55422539E-01       2.59723789E-01       1.00068487E+00
   746.2000       2.86323885E-01       4.17875282E+00       1.52792283E-06       1.75360282E-05       2.87661332E-01       2.91502541E-07       2.55422608E-01       2.59722925E-01       1.00068485E+00
   746.3000       2.86323893E-01       4.17871385E+00       1.52789433E-06       1.75357383E-05       2.87661269E-01       2.91499014E-07       2.55422676E-01       2.59722058E-01       1.00068484E+00
   746.4000       2.86323901E-01       4.17867500E+00       1.52786591E-06       1.75354469E-05       2.87661206E-01       2.91488768E-07       2.55422742E-01       2.59721190E-01       1.00068482E+00
   746.5000       2.86323910E-01       4.17863594E+00       1.52783735E-06       1.75351539E-05       2.87661142E-01       2.91481842E-07       2.55422806E-01       2.59720323E-01       1.00068480E+00
   746.6000       2.86323917E-01       4.17859659E+00       1.52780858E-06       1.75348592E-05       2.87661079E-01       2.91480774E-07       2.55422870E-01       2.59719453E-01       1.00068480E+00
   746.7000       2.86323925E-01       4.17855683E+00       1.52777950E-06       1.75345628E-05       2.87661016E-01       2.91474022E-07       2.55422932E-01       2.59718583E-01       1.00068478E+00
   746.8000       2.86323933E-01       4.17851723E+00       1.52775054E-06       1.75342646E-05       2.87660953E-01       2.91469374E-07       2.55422993E-01       2.59717710E-01       1.00068477E+00
   746.9000       2.86323942E-01       4.17847741E+00       1.52772143E-06       1.75339648E-05       2.87660890E-01       2.91458484E-07       2.55423051E-01       2.59716835E-01       1.00068475E+00
   747.0000       2.86323950E-01       4.17843745E+00       1.52769220E-06       1.75336634E-05       2.87660827E-01       2.91452377E-07       2.55423109E-01       2.59715958E-01       1.00068473E+00
   747.1000       2.86323958E-01       4.17839744E+00       1.52766295E-06       1.75333605E-05       2.87660764E-01       2.91447817E-07       2.55423164E-01       2.59715079E-01       1.00068472E+00
   747.2000       2.86323967E-01       4.17835733E+00       1.52763363E-06       1.75330563E-05       2.87660701E-01       2.91441066E-07       2.55423218E-01       2.59714198E-01       1.00068471E+00
   747.3000       2.86323975E-01       4.17831696E+00       1.52760410E-06       1.75327504E-05       2.87660638E-01       2.91432990E-07       2.55423272E-01       2.59713315E-01       1.00068469E+00
   747.4000       2.86323983E-01       4.17827645E+00       1.52757449E-06       1.75324430E-05       2.87660575E-01       2.91432497E-07       2.55423323E-01       2.59712431E-01       1.00068469E+00
   747.5000       2.86323993E-01       4.17823619E+00       1.52754504E-06       1.75321347E-05       2.87660512E-01       2.91420787E-07       2.55423373E-01       2.59711544E-01       1.00068466E+00
   747.6000       2.86324000E-01       4.17819539E+00       1.52751522E-06       1.75318246E-05       2.87660449E-01       2.91419569E-07       2.55423421E-01       2.59710658E-01       1.00068465E+00
   747.7000       2.86324009E-01       4.17815493E+00       1.52748563E-06       1.75315136E-05       2.87660386E-01       2.91412196E-07       2.55423466E-01       2.59709769E-01       1.00068464E+00
   747.8000       2.86324019E-01       4.17811403E+00       1.52745573E-06       1.75312011E-05       2.87660323E-01       2.91398584E-07       2.55423510E-01       2.59708878E-01       1.00068461E+00
   747.9000       2.86324027E-01       4.17807314E+00       1.52742582E-06       1.75308874E-05       2.87660260E-01       2.91393266E-07       2.55423553E-01       2.59707988E-01       1.00068459E+00
   748.0000       2.86324035E-01       4.17803224E+00       1.52739593E-06       1.75305727E-05       2.87660197E-01       2.91389484E-07       2.55423593E-01       2.59707097E-01       1.00068458E+00
   748.1000       2.86324044E-01       4.17799121E+00       1.52736592E-06       1.75302567E-05       2.87660134E-01       2.91380805E-07       2.55423629E-01       2.59706205E-01       1.00068456E+00
   748.2000       2.86324053E-01       4.17794995E+00       1.52733575E-06       1.75299396E-05       2.87660071E-01       2.91376607E-07       2.55423665E-01       2.59705312E-01       1.00068455E+00
   748.3000       2.86324061E-01       4.17790847E+00       1.52730543E-06       1.75296212E-05       2.87660009E-01       2.91369439E-07       2.55423697E-01       2.59704422E-01       1.00068454E+00
   748.4000       2.86324070E-01       4.17786692E+00       1.52727505E-06       1.75293014E-05       2.87659946E-01       2.91363112E-07       2.55423727E-01       2.59703530E-01       1.00068452E+00
   748.5000       2.86324079E-01       4.17782530E+00       1.52724462E-06       1.75289805E-05       2.87659883E-01       2.91356041E-07       2.55423756E-01       2.59702638E-01       1.00068450E+00
   748.6000       2.86324087E-01       4.17778369E+00       1.52721420E-06       1.75286585E-05       2.87659820E-01       2.91352510E-07       2.55423784E-01       2.59701744E-01       1.00068450E+00
   748.7000       2.86324096E-01       4.17774181E+00       1.52718358E-06       1.75283354E-05       2.87659757E-01       2.91347121E-07       2.55423810E-01       2.59700848E-01       1.00068448E+00
   748.8000       2.86324105E-01       4.17769997E+00       1.52715299E-06       1.75280111E-05       2.87659694E-01       2.91342379E-07       2.55423835E-01       2.59699951E-01       1.00068447E+00
   748.9000       2.86324114E-01       4.17765794E+00       1.52712226E-06       1.75276857E-05       2.87659632E-01       2.91330772E-07       2.55423859E-01       2.59699053E-01       1.00068444E+00
   749.0000       2.86324123E-01       4.17761552E+00       1.52709125E-06       1.75273589E-05       2.87659569E-01       2.91328750E-07       2.55423882E-01       2.59698155E-01       1.00068444E+00
   749.1000       2.86324132E-01       4.17757322E+00       1.52706032E-06       1.75270309E-05       2.87659506E-01       2.91318424E-07       2.55423903E-01       2.59697251E-01       1.00068442E+00
   749.2000       2.86324141E-01       4.17753086E+00       1.52702936E-06       1.75267018E-05       2.87659443E-01       2.91310526E-07       2.55423924E-01       2.59696342E-01       1.00068440E+00
   749.3000       2.86324150E-01       4.17748849E+00       1.52699839E-06       1.75263717E-05       2.87659381E-01       2.91305823E-07       2.55423942E-01       2.59695430E-01       1.00068439E+00
   749.4000       2.86324158E-01       4.17744591E+00       1.52696725E-06       1.75260405E-05       2.87659318E-01       2.91301239E-07       2.55423959E-01       2.59694519E-01       1.00068437E+00
   749.5000       2.86324167E-01       4.17740314E+00       1.52693599E-06       1.75257082E-05       2.87659255E-01       2.91301799E-07       2.55423975E-01       2.59693606E-01       1.00068438E+00
   749.6000       2.86324178E-01       4.17736062E+00       1.52690490E-06       1.75253750E-05       2.87659193E-01       2.91285301E-07       2.55423989E-01       2.59692690E-01       1.00068434E+00
   749.7000       2.86324186E-01       4.17731786E+00       1.52687364E-06       1.75250408E-05       2.87659130E-01       2.91280661E-07       2.55424001E-01       2.59691773E-01       1.00068433E+00
   749.8000       2.86324195E-01       4.17727511E+00       1.52684239E-06       1.75247057E-05       2.87659067E-01       2.91274881E-07       2.55424013E-01       2.59690853E-01       1.00068431E+00
   749.9000       2.86324204E-01       4.17723179E+00       1.52681072E-06       1.75243693E-05       2.87659005E-01       2.91270585E-07       2.55424024E-01       2.59689932E-01       1.00068430E+00
   750.0000       2.86324213E-01       4.17718848E+00       1.52677907E-06       1.75240318E-05       2.87658942E-01       2.91260349E-07       2.55424033E-01       2.59689012E-01       1.00068428E+00
   750.1000       2.86324222E-01       4.17714531E+00       1.52674750E-06       1.75236934E-05       2.87658880E-01       2.91255642E-07       2.55424041E-01       2.59688087E-01       1.00068427E+00
   750.2000       2.86324233E-01       4.17710193E+00       1.52671580E-06       1.75233539E-05       2.87658817E-01       2.91247355E-07       2.55424047E-01       2.59687161E-01       1.00068425E+00
   750.3000       2.86324241E-01       4.17705863E+00       1.52668414E-06       1.75230135E-05       2.87658754E-01       2.91244449E-07       2.55424052E-01       2.59686232E-01       1.00068424E+00
   750.4000       2.86324250E-01       4.17701556E+00       1.52665266E-06       1.75226724E-05       2.87658692E-01       2.91239821E-07       2.55424056E-01       2.59685302E-01       1.00068423E+00
   750.5000       2.86324260E-01       4.17697192E+00       1.52662076E-06       1.75223303E-05       2.87658629E-01       2.91224927E-07       2.55424058E-01       2.59684372E-01       1.00068419E+00
   750.6000       2.86324268E-01       4.17692844E+00       1.52658898E-06       1.75219873E-05       2.87658567E-01       2.91225340E-07       2.55424057E-01       2.59683441E-01       1.00068420E+00
   750.7000       2.86324278E-01       4.17688494E+00       1.52655718E-06       1.75216436E-05       2.87658504E-01       2.91216712E-07       2.55424056E-01       2.59682509E-01       1.00068417E+00
   750.8000       2.86324287E-01       4.17684148E+00       1.52652542E-06       1.75212992E-05       2.87658442E-01       2.91211145E-07       2.55424053E-01       2.59681578E-01       1.00068416E+00
   750.9000       2.86324297E-01       4.17679781E+00       1.52649349E-06       1.75209541E-05       2.87658379E-01       2.91204573E-07       2.55424047E-01       2.59680648E-01       1.00068415E+00
   751.0000       2.86324306E-01       4.17675373E+00       1.52646128E-06       1.75206077E-05       2.87658317E-01       2.91196865E-07       2.55424039E-01       2.59679718E-01       1.00068413E+00
   751.1000       2.86324315E-01       4.17670970E+00       1.52642909E-06       1.75202605E-05       2.87658255E-01       2.91197708E-07       2.55424029E-01       2.59678787E-01       1.00068413E+00
   751.2000       2.86324325E-01       4.17666579E+00       1.52639700E-06       1.75199125E-05       2.87658192E-01       2.91185927E-07       2.55424018E-01       2.59677857E-01       1.00068410E+00
   751.3000       2.86324335E-01       4.17662198E+00       1.52636498E-06       1.75195639E-05       2.87658130E-01       2.91176716E-07       2.55424006E-01       2.59676926E-01       1.00068408E+00
   751.4000       2.86324345E-01       4.17657785E+00       1.52633272E-06       1.75192145E-05       2.87658067E-01       2.91167246E-07       2.55423991E-01       2.59675996E-01       1.00068406E+00
   751.5000       2.86324354E-01       4.17653369E+00       1.52630044E-06       1.75188643E-05       2.87658005E-01       2.91162279E-07       2.55423976E-01       2.59675064E-01       1.00068405E+00
   751.6000       2.86324364E-01       4.17648973E+00       1.52626831E-06       1.75185136E-05       2.87657943E-01       2.91161584E-07       2.55423959E-01       2.59674131E-01       1.00068404E+00
   751.7000       2.86324374E-01       4.17644556E+00       1.52623603E-06       1.75181622E-05       2.87657880E-01       2.91150616E-07       2.55423940E-01       2.59673198E-01       1.00068402E+00
   751.8000       2.86324382E-01       4.17640110E+00       1.52620353E-06       1.75178100E-05       2.87657818E-01       2.91149649E-07       2.55423919E-01       2.59672266E-01       1.00068402E+00
   751.9000       2.86324392E-01       4.17635679E+00       1.52617115E-06       1.75174570E-05       2.87657756E-01       2.91140356E-07       2.55423897E-01       2.59671332E-01       1.00068399E+00
   752.0000       2.86324401E-01       4.17631243E+00       1.52613874E-06       1.75171034E-05       2.87657693E-01       2.91136284E-07       2.55423873E-01       2.59670398E-01       1.00068398E+00
   752.1000       2.86324412E-01       4.17626773E+00       1.52610606E-06       1.75167489E-05       2.87657631E-01       2.91126785E-07       2.55423848E-01       2.59669462E-01       1.00068396E+00
   752.2000       2.86324422E-01       4.17622302E+00       1.52607339E-06       1.75163935E-05       2.87657569E-01       2.91114124E-07       2.55423821E-01       2.59668527E-01       1.00068393E+00
   752.3000       2.86324430E-01       4.17617832E+00       1.52604072E-06       1.75160374E-05       2.87657507E-01       2.91118314E-07       2.55423792E-01       2.59667590E-01       1.00068394E+00
   752.4000       2.86324440E-01       4.17613394E+00       1.52600828E-06       1.75156808E-05       2.87657445E-01       2.91110212E-07       2.55423761E-01       2.59666652E-01       1.00068392E+00
   752.5000       2.86324451E-01       4.17608919E+00       1.52597558E-06       1.75153235E-05       2.87657382E-01       2.91096900E-07       2.55423730E-01       2.59665711E-01       1.00068389E+00
   752.6000       2.86324460E-01       4.17604430E+00       1.52594278E-06       1.75149654E-05       2.87657320E-01       2.91094922E-07       2.55423697E-01       2.59664767E-01       1.00068389E+00
   752.7000       2.86324470E-01       4.17599976E+00       1.52591022E-06       1.75146069E-05       2.87657258E-01       2.91087996E-07       2.55423661E-01       2.59663821E-01       1.00068387E+00
   752.8000       2.86324480E-01       4.17595488E+00       1.52587743E-06       1.75142478E-05       2.87657196E-01       2.91081673E-07       2.55423625E-01       2.59662871E-01       1.00068386E+00
   752.9000       2.86324490E-01       4.17590994E+00       1.52584458E-06       1.75138879E-05       2.87657134E-01       2.91073498E-07       2.55423587E-01       2.59661919E-01       1.00068384E+00
   753.0000       2.86324498E-01       4.17586511E+00       1.52581183E-06       1.75135276E-05       2.87657072E-01       2.91075600E-07       2.55423547E-01       2.59660964E-01       1.00068384E+00
   753.1000       2.86324509E-01       4.17582023E+00       1.52577903E-06       1.75131668E-05       2.87657009E-01       2.91062707E-07       2.55423505E-01       2.59660008E-01       1.00068381E+00
   753.2000       2.86324519E-01       4.17577548E+00       1.52574633E-06       1.75128055E-05       2.87656947E-01       2.91060586E-07       2.55423462E-01       2.59659047E-01       1.00068381E+00
   753.3000       2.86324529E-01       4.17573068E+00       1.52571358E-06       1.75124438E-05       2.87656885E-01       2.91050112E-07       2.55423418E-01       2.59658085E-01       1.00068378E+00
   753.4000       2.86324539E-01       4.17568597E+00       1.52568092E-06       1.75120819E-05       2.87656823E-01       2.91039368E-07       2.55423371E-01       2.59657120E-01       1.00068376E+00
   753.5000       2.86324549E-01       4.17564097E+00       1.52564803E-06       1.75117193E-05       2.87656761E-01       2.91039071E-07       2.55423323E-01       2.59656153E-01       1.00068375E+00
   753.6000       2.86324559E-01       4.17559632E+00       1.52561540E-06       1.75113566E-05       2.87656699E-01       2.91028762E-07       2.55423274E-01       2.59655184E-01       1.00068373E+00
   753.7000       2.86324569E-01       4.17555131E+00       1.52558252E-06       1.75109935E-05       2.87656637E-01       2.91024591E-07       2.55423223E-01       2.59654215E-01       1.00068372E+00
   753.8000       2.86324580E-01       4.17550611E+00       1.52554949E-06       1.75106297E-05       2.87656575E-01       2.91017523E-07       2.55423171E-01       2.59653244E-01       1.00068370E+00
   753.9000       2.86324590E-01       4.17546103E+00       1.52551654E-06       1.75102656E-05       2.87656513E-01       2.91007726E-07       2.55423118E-01       2.59652272E-01       1.00068368E+00
   754.0000       2.86324599E-01       4.17541572E+00       1.52548344E-06       1.75099009E-05       2.87656451E-01       2.91006056E-07       2.55423063E-01       2.59651299E-01       1.00068368E+00
   754.1000       2.86324610E-01       4.17537067E+00       1.52545052E-06       1.75095358E-05       2.87656389E-01       2.90997462E-07       2.55423006E-01       2.59650324E-01       1.00068366E+00
   754.2000       2.86324620E-01       4.17532539E+00       1.52541744E-06       1.75091701E-05       2.87656328E-01       2.90988860E-07       2.55422949E-01       2.59649348E-01       1.00068364E+00
   754.3000       2.86324630E-01       4.17527991E+00       1.52538420E-06       1.75088037E-05       2.87656266E-01       2.90985329E-07       2.55422891E-01       2.59648372E-01       1.00068363E+00
   754.4000       2.86324640E-01       4.17523477E+00       1.52535122E-06       1.75084370E-05       2.87656204E-01       2.90979242E-07       2.55422831E-01       2.59647394E-01       1.00068361E+00
   754.5000       2.86324649E-01       4.17518951E+00       1.52531815E-06       1.75080700E-05       2.87656142E-01       2.90972435E-07       2.55422770E-01       2.59646417E-01       1.00068360E+00
   754.6000       2.86324660E-01       4.17514420E+00       1.52528504E-06       1.75077025E-05       2.87656080E-01       2.90965492E-07       2.55422708E-01       2.59645439E-01       1.00068358E+00
   754.7000       2.86324671E-01       4.17509887E+00       1.52525193E-06       1.75073347E-05       2.87656018E-01       2.90959518E-07       2.55422645E-01       2.59644458E-01       1.00068357E+00
   754.8000       2.86324681E-01       4.17505312E+00       1.52521850E-06       1.75069660E-05       2.87655956E-01       2.90954993E-07       2.55422581E-01       2.59643476E-01       1.00068356E+00
   754.9000       2.86324692E-01       4.17500756E+00       1.52518521E-06       1.75065969E-05       2.87655895E-01       2.90941721E-07       2.55422516E-01       2.59642494E-01       1.00068352E+00
   755.0000       2.86324700E-01       4.17496233E+00       1.52515217E-06       1.75062276E-05       2.87655833E-01       2.90942866E-07       2.55422450E-01       2.59641511E-01       1.00068353E+00
   755.1000       2.86324711E-01       4.17491710E+00       1.52511912E-06       1.75058583E-05       2.87655771E-01       2.90934969E-07       2.55422383E-01       2.59640528E-01       1.00068351E+00
   755.2000       2.86324720E-01       4.17487180E+00       1.52508603E-06       1.75054887E-05       2.87655709E-01       2.90932067E-07       2.55422314E-01       2.59639545E-01       1.00068350E+00
   755.3000       2.86324733E-01       4.17482656E+00       1.52505297E-06       1.75051189E-05       2.87655648E-01       2.90913937E-07       2.55422245E-01       2.59638561E-01       1.00068346E+00
   755.4000       2.86324742E-01       4.17478090E+00       1.52501961E-06       1.75047485E-05       2.87655586E-01       2.90916165E-07       2.55422175E-01       2.59637576E-01       1.00068346E+00
   755.5000       2.86324752E-01       4.17473557E+00       1.52498650E-06       1.75043780E-05       2.87655524E-01       2.90909615E-07       2.55422105E-01       2.59636591E-01       1.00068345E+00
   755.6000       2.86324763E-01       4.17469045E+00       1.52495353E-06       1.75040076E-05       2.87655463E-01       2.90900145E-07       2.55422033E-01       2.59635605E-01       1.00068343E+00
   755.7000       2.86324774E-01       4.17464533E+00       1.52492056E-06       1.75036371E-05       2.87655401E-01       2.90895917E-07       2.55421960E-01       2.59634620E-01       1.00068342E+00
   755.8000       2.86324784E-01       4.17460032E+00       1.52488768E-06       1.75032667E-05       2.87655339E-01       2.90888810E-07       2.55421885E-01       2.59633633E-01       1.00068340E+00
   755.9000       2.86324794E-01       4.17455518E+00       1.52485471E-06       1.75028962E-05       2.87655278E-01       2.90885347E-07       2.55421810E-01       2.59632645E-01       1.00068339E+00
   756.0000       2.86324804E-01       4.17450990E+00       1.52482163E-06       1.75025255E-05       2.87655216E-01       2.90879137E-07       2.55421733E-01       2.59631657E-01       1.00068338E+00
   756.1000       2.86324815E-01       4.17446453E+00       1.52478849E-06       1.75021545E-05       2.87655155E-01       2.90869591E-07       2.55421655E-01       2.59630668E-01       1.00068335E+00
   756.2000       2.86324826E-01       4.17441901E+00       1.52475523E-06       1.75017832E-05       2.87655093E-01       2.90860147E-07       2.55421576E-01       2.59629677E-01       1.00068333E+00
   756.3000       2.86324836E-01       4.17437359E+00       1.52472205E-06       1.75014116E-05       2.87655031E-01       2.90857890E-07       2.55421495E-01       2.59628686E-01       1.00068333E+00
   756.4000       2.86324846E-01       4.17432797E+00       1.52468873E-06       1.75010395E-05       2.87654970E-01       2.90852769E-07       2.55421412E-01       2.59627692E-01       1.00068331E+00
   756.5000       2.86324857E-01       4.17428272E+00       1.52465567E-06       1.75006674E-05       2.87654908E-01       2.90846804E-07       2.55421327E-01       2.59626698E-01       1.00068330E+00
   756.6000       2.86324868E-01       4.17423754E+00       1.52462267E-06       1.75002953E-05       2.87654847E-01       2.90840302E-07       2.55421239E-01       2.59625702E-01       1.00068328E+00
   756.7000       2.86324879E-01       4.17419231E+00       1.52458963E-06       1.74999231E-05       2.87654785E-01       2.90831566E-07       2.55421150E-01       2.59624706E-01       1.00068326E+00
   756.8000       2.86324890E-01       4.17414721E+00       1.52455668E-06       1.74995508E-05       2.87654724E-01       2.90823161E-07       2.55421059E-01       2.59623709E-01       1.00068324E+00
   756.9000       2.86324899E-01       4.17410193E+00       1.52452360E-06       1.74991785E-05       2.87654663E-01       2.90822626E-07       2.55420966E-01       2.59622713E-01       1.00068324E+00
   757.0000       2.86324909E-01       4.17405665E+00       1.52449053E-06       1.74988060E-05       2.87654601E-01       2.90814412E-07       2.55420871E-01       2.59621714E-01       1.00068322E+00
   757.1000       2.86324921E-01       4.17401139E+00       1.52445747E-06       1.74984334E-05       2.87654540E-01       2.90807140E-07       2.55420775E-01       2.59620716E-01       1.00068321E+00
   757.2000       2.86324931E-01       4.17396633E+00       1.52442456E-06       1.74980609E-05       2.87654478E-01       2.90802438E-07       2.55420676E-01       2.59619715E-01       1.00068319E+00
   757.3000       2.86324941E-01       4.17392125E+00       1.52439162E-06       1.74976883E-05       2.87654417E-01       2.90797391E-07       2.55420576E-01       2.59618713E-01       1.00068318E+00
   757.4000       2.86324953E-01       4.17387620E+00       1.52435872E-06       1.74973157E-05       2.87654356E-01       2.90787904E-07       2.55420473E-01       2.59617709E-01       1.00068316E+00
   757.5000       2.86324964E-01       4.17383134E+00       1.52432595E-06       1.74969433E-05       2.87654294E-01       2.90778928E-07       2.55420370E-01       2.59616704E-01       1.00068314E+00
   757.6000       2.86324974E-01       4.17378625E+00       1.52429302E-06       1.74965709E-05       2.87654233E-01       2.90777883E-07       2.55420265E-01       2.59615698E-01       1.00068314E+00
   757.7000       2.86324984E-01       4.17374124E+00       1.52426015E-06       1.74961985E-05       2.87654172E-01       2.90771880E-07       2.55420160E-01       2.59614691E-01       1.00068312E+00
   757.8000       2.86324996E-01       4.17369621E+00       1.52422726E-06       1.74958262E-05       2.87654111E-01       2.90764111E-07       2.55420055E-01       2.59613683E-01       1.00068310E+00
   757.9000       2.86325006E-01       4.17365123E+00       1.52419440E-06       1.74954539E-05       2.87654049E-01       2.90759182E-07       2.55419947E-01       2.59612676E-01       1.00068309E+00
   758.0000       2.86325017E-01       4.17360627E+00       1.52416156E-06       1.74950815E-05       2.87653988E-01       2.90753224E-07       2.55419838E-01       2.59611667E-01       1.00068308E+00
   758.1000       2.86325027E-01       4.17356120E+00       1.52412864E-06       1.74947090E-05       2.87653927E-01       2.90748218E-07       2.55419729E-01       2.59610657E-01       1.00068307E+00
   758.2000       2.86325038E-01       4.17351622E+00       1.52409579E-06       1.74943364E-05       2.87653866E-01       2.90741493E-07       2.55419618E-01       2.59609646E-01       1.00068305E+00
   758.3000       2.86325050E-01       4.17347157E+00       1.52406318E-06       1.74939642E-05       2.87653804E-01       2.90733574E-07       2.55419506E-01       2.59608633E-01       1.00068303E+00
   758.4000       2.86325060E-01       4.17342654E+00       1.52403030E-06       1.74935917E-05       2.87653743E-01       2.90726599E-07       2.55419394E-01       2.59607621E-01       1.00068302E+00
   758.5000       2.86325071E-01       4.17338187E+00       1.52399767E-06       1.74932195E-05       2.87653682E-01       2.90716854E-07       2.55419283E-01       2.59606605E-01       1.00068299E+00
   758.6000       2.86325082E-01       4.17333687E+00       1.52396481E-06       1.74928471E-05       2.87653621E-01       2.90711737E-07       2.55419171E-01       2.59605588E-01       1.00068298E+00
   758.7000       2.86325093E-01       4.17329205E+00       1.52393207E-06       1.74924748E-05       2.87653560E-01       2.90708792E-07       2.55419059E-01       2.59604569E-01       1.00068297E+00
   758.8000       2.86325103E-01       4.17324746E+00       1.52389951E-06       1.74921027E-05       2.87653499E-01       2.90703930E-07       2.55418945E-01       2.59603549E-01       1.00068296E+00
   758.9000       2.86325115E-01       4.17320280E+00       1.52386689E-06       1.74917308E-05       2.87653438E-01       2.90692366E-07       2.55418832E-01       2.59602527E-01       1.00068293E+00
   759.0000       2.86325124E-01       4.17315839E+00       1.52383446E-06       1.74913591E-05       2.87653377E-01       2.90698140E-07       2.55418716E-01       2.59601505E-01       1.00068295E+00
   759.1000       2.86325137E-01       4.17311397E+00       1.52380202E-06       1.74909877E-05       2.87653316E-01       2.90685338E-07       2.55418599E-01       2.59600482E-01       1.00068292E+00
   759.2000       2.86325146E-01       4.17306926E+00       1.52376937E-06       1.74906163E-05       2.87653255E-01       2.90683186E-07       2.55418482E-01       2.59599459E-01       1.00068291E+00
   759.3000       2.86325158E-01       4.17302472E+00       1.52373684E-06       1.74902449E-05       2.87653194E-01       2.90670906E-07       2.55418362E-01       2.59598434E-01       1.00068288E+00
   759.4000       2.86325169E-01       4.17298040E+00       1.52370447E-06       1.74898739E-05       2.87653133E-01       2.90666869E-07       2.55418240E-01       2.59597408E-01       1.00068287E+00
   759.5000       2.86325181E-01       4.17293586E+00       1.52367195E-06       1.74895029E-05       2.87653072E-01       2.90660149E-07       2.55418117E-01       2.59596382E-01       1.00068286E+00
   759.6000       2.86325192E-01       4.17289157E+00       1.52363961E-06       1.74891321E-05       2.87653011E-01       2.90651694E-07       2.55417993E-01       2.59595354E-01       1.00068284E+00
   759.7000       2.86325201E-01       4.17284715E+00       1.52360717E-06       1.74887614E-05       2.87652950E-01       2.90649251E-07       2.55417867E-01       2.59594326E-01       1.00068283E+00
   759.8000       2.86325213E-01       4.17280259E+00       1.52357462E-06       1.74883908E-05       2.87652889E-01       2.90641376E-07       2.55417740E-01       2.59593297E-01       1.00068281E+00
   759.9000       2.86325224E-01       4.17275839E+00       1.52354235E-06       1.74880204E-05       2.87652828E-01       2.90634518E-07       2.55417610E-01       2.59592266E-01       1.00068280E+00
   760.0000       2.86325234E-01       4.17271427E+00       1.52351013E-06       1.74876504E-05       2.87652767E-01       2.90635283E-07       2.55417479E-01       2.59591235E-01       1.00068280E+00
   760.1000       2.86325245E-01       4.17267003E+00       1.52347783E-06       1.74872804E-05       2.87652707E-01       2.90631025E-07       2.55417346E-01       2.59590205E-01       1.00068279E+00
   760.2000       2.86325257E-01       4.17262615E+00       1.52344579E-06       1.74869109E-05       2.87652646E-01       2.90619432E-07       2.55417210E-01       2.59589174E-01       1.00068276E+00
   760.3000       2.86325267E-01       4.17258208E+00       1.52341361E-06       1.74865415E-05       2.87652585E-01       2.90613935E-07       2.55417074E-01       2.59588142E-01       1.00068275E+00
   760.4000       2.86325279E-01       4.17253796E+00       1.52338139E-06       1.74861724E-05       2.87652524E-01       2.90609033E-07       2.55416936E-01       2.59587108E-01       1.00068274E+00
   760.5000       2.86325290E-01       4.17249401E+00       1.52334930E-06       1.74858035E-05       2.87652463E-01       2.90600887E-07       2.55416797E-01       2.59586074E-01       1.00068272E+00
   760.6000       2.86325302E-01       4.17245006E+00       1.52331721E-06       1.74854349E-05       2.87652403E-01       2.90591163E-07       2.55416657E-01       2.59585036E-01       1.00068270E+00
   760.7000       2.86325313E-01       4.17240614E+00       1.52328513E-06       1.74850664E-05       2.87652342E-01       2.90588404E-07       2.55416515E-01       2.59584000E-01       1.00068269E+00
   760.8000       2.86325323E-01       4.17236211E+00       1.52325299E-06       1.74846981E-05       2.87652281E-01       2.90582444E-07       2.55416374E-01       2.59582962E-01       1.00068267E+00
   760.9000       2.86325335E-01       4.17231830E+00       1.52322100E-06       1.74843300E-05       2.87652220E-01       2.90577576E-07       2.55416230E-01       2.59581922E-01       1.00068266E+00
   761.0000       2.86325346E-01       4.17227478E+00       1.52318922E-06       1.74839624E-05       2.87652160E-01       2.90570808E-07       2.55416086E-01       2.59580880E-01       1.00068265E+00
   761.1000       2.86325358E-01       4.17223106E+00       1.52315730E-06       1.74835950E-05       2.87652099E-01       2.90560664E-07       2.55415942E-01       2.59579836E-01       1.00068262E+00
   761.2000       2.86325368E-01       4.17218743E+00       1.52312544E-06       1.74832279E-05       2.87652039E-01       2.90562712E-07       2.55415797E-01       2.59578791E-01       1.00068263E+00
   761.3000       2.86325380E-01       4.17214408E+00       1.52309379E-06       1.74828613E-05       2.87651978E-01       2.90553547E-07       2.55415651E-01       2.59577747E-01       1.00068261E+00
   761.4000       2.86325390E-01       4.17210066E+00       1.52306209E-06       1.74824951E-05       2.87651917E-01       2.90552469E-07       2.55415504E-01       2.59576702E-01       1.00068260E+00
   761.5000       2.86325401E-01       4.17205730E+00       1.52303043E-06       1.74821294E-05       2.87651857E-01       2.90546085E-07       2.55415357E-01       2.59575656E-01       1.00068259E+00
   761.6000       2.86325412E-01       4.17201408E+00       1.52299888E-06       1.74817640E-05       2.87651796E-01       2.90540818E-07       2.55415210E-01       2.59574609E-01       1.00068258E+00
   761.7000       2.86325424E-01       4.17197085E+00       1.52296732E-06       1.74813990E-05       2.87651736E-01       2.90530645E-07       2.55415061E-01       2.59573562E-01       1.00068255E+00
   761.8000       2.86325434E-01       4.17192754E+00       1.52293570E-06       1.74810343E-05       2.87651675E-01       2.90529170E-07       2.55414912E-01       2.59572514E-01       1.00068255E+00
   761.9000       2.86325446E-01       4.17188480E+00       1.52290450E-06       1.74806702E-05       2.87651615E-01       2.90521521E-07       2.55414761E-01       2.59571465E-01       1.00068253E+00
   762.0000       2.86325458E-01       4.17184153E+00       1.52287291E-06       1.74803064E-05       2.87651554E-01       2.90514112E-07       2.55414609E-01       2.59570417E-01       1.00068251E+00
   762.1000       2.86325469E-01       4.17179879E+00       1.52284170E-06       1.74799431E-05       2.87651494E-01       2.90507424E-07       2.55414456E-01       2.59569368E-01       1.00068250E+00
   762.2000       2.86325481E-01       4.17175593E+00       1.52281041E-06       1.74795802E-05       2.87651433E-01       2.90499583E-07       2.55414302E-01       2.59568317E-01       1.00068248E+00
   762.3000       2.86325491E-01       4.17171318E+00       1.52277920E-06       1.74792178E-05       2.87651373E-01       2.90500012E-07       2.55414147E-01       2.59567267E-01       1.00068248E+00
   762.4000       2.86325503E-01       4.17167031E+00       1.52274790E-06       1.74788558E-05       2.87651312E-01       2.90489053E-07       2.55413991E-01       2.59566216E-01       1.00068245E+00
   762.5000       2.86325514E-01       4.17162771E+00       1.52271680E-06       1.74784942E-05       2.87651252E-01       2.90490477E-07       2.55413835E-01       2.59565166E-01       1.00068246E+00
   762.6000       2.86325525E-01       4.17158532E+00       1.52268586E-06       1.74781331E-05       2.87651192E-01       2.90481584E-07       2.55413676E-01       2.59564114E-01       1.00068244E+00
   762.7000       2.86325536E-01       4.17154265E+00       1.52265471E-06       1.74777723E-05       2.87651131E-01       2.90478882E-07       2.55413517E-01       2.59563060E-01       1.00068243E+00
   762.8000       2.86325547E-01       4.17150001E+00       1.52262358E-06       1.74774118E-05       2.87651071E-01       2.90476171E-07       2.55413356E-01       2.59562005E-01       1.00068242E+00
   762.9000       2.86325559E-01       4.17145766E+00       1.52259267E-06       1.74770517E-05       2.87651011E-01       2.90463962E-07       2.55413194E-01       2.59560948E-01       1.00068239E+00
   763.0000       2.86325570E-01       4.17141529E+00       1.52256174E-06       1.74766920E-05       2.87650950E-01       2.90460657E-07       2.55413030E-01       2.59559890E-01       1.00068239E+00
   763.1000       2.86325581E-01       4.17137293E+00       1.52253081E-06       1.74763326E-05       2.87650890E-01       2.90455791E-07       2.55412864E-01       2.59558831E-01       1.00068238E+00
   763.2000       2.86325593E-01       4.17133081E+00       1.52250007E-06       1.74759738E-05       2.87650830E-01       2.90451527E-07       2.55412696E-01       2.59557774E-01       1.00068237E+00
   763.3000       2.86325605E-01       4.17128875E+00       1.52246936E-06       1.74756156E-05       2.87650770E-01       2.90440673E-07       2.55412527E-01       2.59556715E-01       1.00068234E+00
   763.4000       2.86325616E-01       4.17124662E+00       1.52243861E-06       1.74752577E-05       2.87650710E-01       2.90436600E-07       2.55412357E-01       2.59555656E-01       1.00068233E+00
   763.5000       2.86325627E-01       4.17120462E+00       1.52240795E-06       1.74749003E-05       2.87650649E-01       2.90431490E-07       2.55412184E-01       2.59554597E-01       1.00068232E+00
   763.6000       2.86325639E-01       4.17116290E+00       1.52237750E-06       1.74745436E-05       2.87650589E-01       2.90426025E-07       2.55412010E-01       2.59553536E-01       1.00068231E+00
   763.7000       2.86325651E-01       4.17112119E+00       1.52234705E-06       1.74741874E-05       2.87650529E-01       2.90418038E-07       2.55411835E-01       2.59552476E-01       1.00068229E+00
   763.8000       2.86325661E-01       4.17107917E+00       1.52231638E-06       1.74738315E-05       2.87650469E-01       2.90416707E-07       2.55411658E-01       2.59551414E-01       1.00068228E+00
   763.9000       2.86325673E-01       4.17103760E+00       1.52228603E-06       1.74734762E-05       2.87650409E-01       2.90406562E-07       2.55411479E-01       2.59550351E-01       1.00068226E+00
   764.0000       2.86325684E-01       4.17099570E+00       1.52225545E-06       1.74731211E-05       2.87650349E-01       2.90405163E-07       2.55411300E-01       2.59549288E-01       1.00068226E+00
   764.1000       2.86325696E-01       4.17095386E+00       1.52222491E-06       1.74727662E-05       2.87650289E-01       2.90398937E-07       2.55411121E-01       2.59548226E-01       1.00068224E+00
   764.2000       2.86325707E-01       4.17091227E+00       1.52219455E-06       1.74724118E-05       2.87650229E-01       2.90394401E-07       2.55410941E-01       2.59547162E-01       1.00068223E+00
   764.3000       2.86325718E-01       4.17087103E+00       1.52216445E-06       1.74720580E-05       2.87650169E-01       2.90392478E-07       2.55410760E-01       2.59546095E-01       1.00068223E+00
   764.4000       2.86325729E-01       4.17082966E+00       1.52213425E-06       1.74717047E-05       2.87650109E-01       2.90384005E-07       2.55410577E-01       2.59545027E-01       1.00068221E+00
   764.5000       2.86325741E-01       4.17078860E+00       1.52210428E-06       1.74713521E-05       2.87650049E-01       2.90380679E-07       2.55410394E-01       2.59543959E-01       1.00068220E+00
   764.6000       2.86325753E-01       4.17074737E+00       1.52207420E-06       1.74709999E-05       2.87649989E-01       2.90373421E-07       2.55410210E-01       2.59542888E-01       1.00068218E+00
   764.7000       2.86325764E-01       4.17070600E+00       1.52204399E-06       1.74706480E-05       2.87649929E-01       2.90370641E-07       2.55410026E-01       2.59541818E-01       1.00068217E+00
   764.8000       2.86325776E-01       4.17066521E+00       1.52201423E-06       1.74702969E-05       2.87649869E-01       2.90360634E-07       2.55409840E-01       2.59540746E-01       1.00068215E+00
   764.9000       2.86325787E-01       4.17062413E+00       1.52198424E-06       1.74699461E-05       2.87649809E-01       2.90354290E-07       2.55409654E-01       2.59539673E-01       1.00068214E+00
   765.0000       2.86325799E-01       4.17058327E+00       1.52195442E-06       1.74695959E-05       2.87649749E-01       2.90344741E-07       2.55409468E-01       2.59538599E-01       1.00068211E+00
   765.1000       2.86325811E-01       4.17054246E+00       1.52192463E-06       1.74692463E-05       2.87649689E-01       2.90345413E-07       2.55409283E-01       2.59537523E-01       1.00068211E+00
   765.2000       2.86325822E-01       4.17050180E+00       1.52189496E-06       1.74688973E-05       2.87649629E-01       2.90341497E-07       2.55409097E-01       2.59536444E-01       1.00068211E+00
   765.3000       2.86325833E-01       4.17046159E+00       1.52186562E-06       1.74685491E-05       2.87649569E-01       2.90339380E-07       2.55408910E-01       2.59535365E-01       1.00068210E+00
   765.4000       2.86325845E-01       4.17042117E+00       1.52183612E-06       1.74682017E-05       2.87649510E-01       2.90331085E-07       2.55408722E-01       2.59534286E-01       1.00068208E+00
   765.5000       2.86325854E-01       4.17038074E+00       1.52180661E-06       1.74678546E-05       2.87649450E-01       2.90332737E-07       2.55408533E-01       2.59533207E-01       1.00068208E+00
   765.6000       2.86325868E-01       4.17034051E+00       1.52177725E-06       1.74675083E-05       2.87649390E-01       2.90318055E-07       2.55408343E-01       2.59532129E-01       1.00068205E+00
   765.7000       2.86325879E-01       4.17030047E+00       1.52174803E-06       1.74671627E-05       2.87649330E-01       2.90317231E-07       2.55408152E-01       2.59531049E-01       1.00068205E+00
   765.8000       2.86325891E-01       4.17026046E+00       1.52171883E-06       1.74668177E-05       2.87649271E-01       2.90306237E-07       2.55407960E-01       2.59529970E-01       1.00068202E+00
   765.9000       2.86325903E-01       4.17022052E+00       1.52168968E-06       1.74664734E-05       2.87649211E-01       2.90302974E-07       2.55407768E-01       2.59528889E-01       1.00068201E+00
   766.0000       2.86325914E-01       4.17018032E+00       1.52166034E-06       1.74661294E-05       2.87649151E-01       2.90300115E-07       2.55407575E-01       2.59527810E-01       1.00068201E+00
   766.1000       2.86325926E-01       4.17014079E+00       1.52163149E-06       1.74657864E-05       2.87649092E-01       2.90293476E-07       2.55407380E-01       2.59526732E-01       1.00068199E+00
   766.2000       2.86325937E-01       4.17010114E+00       1.52160256E-06       1.74654441E-05       2.87649032E-01       2.90288385E-07       2.55407184E-01       2.59525653E-01       1.00068198E+00
   766.3000       2.86325948E-01       4.17006175E+00       1.52157381E-06       1.74651026E-05       2.87648972E-01       2.90286693E-07       2.55406986E-01       2.59524572E-01       1.00068198E+00
   766.4000       2.86325960E-01       4.17002240E+00       1.52154510E-06       1.74647618E-05       2.87648913E-01       2.90279489E-07       2.55406786E-01       2.59523492E-01       1.00068196E+00
   766.5000       2.86325972E-01       4.16998301E+00       1.52151635E-06       1.74644216E-05       2.87648853E-01       2.90277309E-07       2.55406584E-01       2.59522411E-01       1.00068195E+00
   766.6000       2.86325983E-01       4.16994379E+00       1.52148773E-06       1.74640822E-05       2.87648794E-01       2.90271517E-07       2.55406382E-01       2.59521328E-01       1.00068194E+00
   766.7000       2.86325996E-01       4.16990468E+00       1.52145919E-06       1.74637435E-05       2.87648734E-01       2.90261316E-07       2.55406179E-01       2.59520243E-01       1.00068192E+00
   766.8000       2.86326007E-01       4.16986558E+00       1.52143066E-06       1.74634054E-05       2.87648674E-01       2.90258931E-07       2.55405974E-01       2.59519159E-01       1.00068191E+00
   766.9000       2.86326019E-01       4.16982651E+00       1.52140215E-06       1.74630679E-05       2.87648615E-01       2.90252483E-07       2.55405767E-01       2.59518072E-01       1.00068189E+00
   767.0000       2.86326030E-01       4.16978764E+00       1.52137378E-06       1.74627311E-05       2.87648555E-01       2.90249023E-07       2.55405558E-01       2.59516986E-01       1.00068189E+00
   767.1000       2.86326041E-01       4.16974894E+00       1.52134555E-06       1.74623951E-05       2.87648496E-01       2.90249711E-07       2.55405348E-01       2.59515898E-01       1.00068189E+00
   767.2000       2.86326053E-01       4.16971042E+00       1.52131744E-06       1.74620599E-05       2.87648437E-01       2.90243407E-07       2.55405135E-01       2.59514810E-01       1.00068187E+00
   767.3000       2.86326065E-01       4.16967191E+00       1.52128933E-06       1.74617255E-05       2.87648377E-01       2.90235356E-07       2.55404922E-01       2.59513720E-01       1.00068185E+00
   767.4000       2.86326077E-01       4.16963319E+00       1.52126108E-06       1.74613915E-05       2.87648318E-01       2.90228804E-07       2.55404708E-01       2.59512628E-01       1.00068184E+00
   767.5000       2.86326088E-01       4.16959517E+00       1.52123334E-06       1.74610585E-05       2.87648258E-01       2.90227017E-07       2.55404493E-01       2.59511534E-01       1.00068183E+00
   767.6000       2.86326100E-01       4.16955680E+00       1.52120535E-06       1.74607261E-05       2.87648199E-01       2.90217699E-07       2.55404277E-01       2.59510438E-01       1.00068181E+00
   767.7000       2.86326111E-01       4.16951865E+00       1.52117751E-06       1.74603944E-05       2.87648140E-01       2.90218870E-07       2.55404062E-01       2.59509341E-01       1.00068182E+00
   767.8000       2.86326123E-01       4.16948084E+00       1.52114992E-06       1.74600636E-05       2.87648080E-01       2.90211795E-07       2.55403846E-01       2.59508243E-01       1.00068180E+00
   767.9000       2.86326134E-01       4.16944286E+00       1.52112220E-06       1.74597336E-05       2.87648021E-01       2.90209080E-07       2.55403629E-01       2.59507143E-01       1.00068179E+00
   768.0000       2.86326146E-01       4.16940484E+00       1.52109446E-06       1.74594042E-05       2.87647962E-01       2.90203469E-07       2.55403412E-01       2.59506043E-01       1.00068178E+00
   768.1000       2.86326158E-01       4.16936692E+00       1.52106679E-06       1.74590753E-05       2.87647902E-01       2.90196433E-07       2.55403196E-01       2.59504942E-01       1.00068176E+00
   768.2000       2.86326169E-01       4.16932919E+00       1.52103927E-06       1.74587471E-05       2.87647843E-01       2.90194978E-07       2.55402979E-01       2.59503842E-01       1.00068176E+00
   768.3000       2.86326180E-01       4.16929163E+00       1.52101186E-06       1.74584197E-05       2.87647784E-01       2.90192770E-07       2.55402760E-01       2.59502742E-01       1.00068175E+00
   768.4000       2.86326193E-01       4.16925434E+00       1.52098466E-06       1.74580932E-05       2.87647725E-01       2.90181444E-07       2.55402541E-01       2.59501641E-01       1.00068173E+00
   768.5000       2.86326205E-01       4.16921709E+00       1.52095747E-06       1.74577674E-05       2.87647666E-01       2.90178423E-07       2.55402321E-01       2.59500541E-01       1.00068172E+00
   768.6000       2.86326216E-01       4.16917982E+00       1.52093028E-06       1.74574424E-05       2.87647606E-01       2.90175036E-07       2.55402100E-01       2.59499438E-01       1.00068171E+00
   768.7000       2.86326227E-01       4.16914255E+00       1.52090309E-06       1.74571179E-05       2.87647547E-01       2.90169553E-07       2.55401879E-01       2.59498338E-01       1.00068170E+00
   768.8000       2.86326240E-01       4.16910526E+00       1.52087589E-06       1.74567940E-05       2.87647488E-01       2.90161205E-07       2.55401658E-01       2.59497236E-01       1.00068168E+00
   768.9000       2.86326251E-01       4.16906822E+00       1.52084886E-06       1.74564709E-05       2.87647429E-01       2.90163461E-07       2.55401435E-01       2.59496134E-01       1.00068168E+00
   769.0000       2.86326262E-01       4.16903110E+00       1.52082177E-06       1.74561483E-05       2.87647370E-01       2.90156663E-07       2.55401213E-01       2.59495032E-01       1.00068167E+00
   769.1000       2.86326274E-01       4.16899390E+00       1.52079464E-06       1.74558261E-05       2.87647311E-01       2.90152955E-07       2.55400991E-01       2.59493929E-01       1.00068166E+00
   769.2000       2.86326286E-01       4.16895731E+00       1.52076794E-06       1.74555048E-05       2.87647252E-01       2.90146813E-07       2.55400767E-01       2.59492825E-01       1.00068165E+00
   769.3000       2.86326298E-01       4.16892066E+00       1.52074121E-06       1.74551842E-05       2.87647193E-01       2.90143545E-07       2.55400542E-01       2.59491720E-01       1.00068164E+00
   769.4000       2.86326309E-01       4.16888436E+00       1.52071472E-06       1.74548645E-05       2.87647134E-01       2.90139608E-07       2.55400316E-01       2.59490614E-01       1.00068163E+00
   769.5000       2.86326321E-01       4.16884781E+00       1.52068806E-06       1.74545455E-05       2.87647075E-01       2.90132348E-07       2.55400089E-01       2.59489509E-01       1.00068161E+00
   769.6000       2.86326334E-01       4.16881153E+00       1.52066159E-06       1.74542272E-05       2.87647016E-01       2.90127005E-07       2.55399860E-01       2.59488401E-01       1.00068160E+00
   769.7000       2.86326346E-01       4.16877508E+00       1.52063500E-06       1.74539095E-05       2.87646957E-01       2.90122287E-07       2.55399630E-01       2.59487292E-01       1.00068159E+00
   769.8000       2.86326356E-01       4.16873890E+00       1.52060860E-06       1.74535926E-05       2.87646898E-01       2.90122215E-07       2.55399398E-01       2.59486183E-01       1.00068159E+00
   769.9000       2.86326369E-01       4.16870282E+00       1.52058228E-06       1.74532764E-05       2.87646839E-01       2.90111984E-07       2.55399164E-01       2.59485075E-01       1.00068156E+00
   770.0000       2.86326380E-01       4.16866698E+00       1.52055613E-06       1.74529610E-05       2.87646780E-01       2.90111929E-07       2.55398928E-01       2.59483964E-01       1.00068156E+00
   770.1000       2.86326392E-01       4.16863131E+00       1.52053011E-06       1.74526465E-05       2.87646722E-01       2.90105488E-07       2.55398691E-01       2.59482853E-01       1.00068155E+00
   770.2000       2.86326403E-01       4.16859565E+00       1.52050410E-06       1.74523329E-05       2.87646663E-01       2.90103028E-07       2.55398453E-01       2.59481741E-01       1.00068154E+00
   770.3000       2.86326416E-01       4.16856004E+00       1.52047812E-06       1.74520200E-05       2.87646604E-01       2.90096835E-07       2.55398215E-01       2.59480629E-01       1.00068153E+00
   770.4000       2.86326427E-01       4.16852448E+00       1.52045218E-06       1.74517078E-05       2.87646545E-01       2.90092655E-07       2.55397975E-01       2.59479515E-01       1.00068152E+00
   770.5000       2.86326439E-01       4.16848887E+00       1.52042620E-06       1.74513962E-05       2.87646486E-01       2.90088112E-07       2.55397734E-01       2.59478399E-01       1.00068151E+00
   770.6000       2.86326451E-01       4.16845373E+00       1.52040057E-06       1.74510855E-05       2.87646428E-01       2.90084118E-07       2.55397492E-01       2.59477282E-01       1.00068150E+00
   770.7000       2.86326461E-01       4.16841891E+00       1.52037517E-06       1.74507760E-05       2.87646369E-01       2.90084565E-07       2.55397248E-01       2.59476164E-01       1.00068150E+00
   770.8000       2.86326474E-01       4.16838388E+00       1.52034961E-06       1.74504671E-05       2.87646310E-01       2.90072737E-07       2.55397004E-01       2.59475044E-01       1.00068147E+00
   770.9000       2.86326486E-01       4.16834849E+00       1.52032380E-06       1.74501587E-05       2.87646251E-01       2.90073276E-07       2.55396760E-01       2.59473924E-01       1.00068147E+00
   771.0000       2.86326497E-01       4.16831372E+00       1.52029843E-06       1.74498513E-05       2.87646193E-01       2.90068514E-07       2.55396515E-01       2.59472800E-01       1.00068146E+00
   771.1000       2.86326509E-01       4.16827898E+00       1.52027309E-06       1.74495446E-05       2.87646134E-01       2.90064662E-07       2.55396269E-01       2.59471677E-01       1.00068145E+00
   771.2000       2.86326520E-01       4.16824445E+00       1.52024791E-06       1.74492389E-05       2.87646076E-01       2.90063935E-07       2.55396022E-01       2.59470555E-01       1.00068145E+00
   771.3000       2.86326533E-01       4.16821008E+00       1.52022283E-06       1.74489341E-05       2.87646017E-01       2.90054207E-07       2.55395774E-01       2.59469431E-01       1.00068143E+00
   771.4000       2.86326544E-01       4.16817579E+00       1.52019783E-06       1.74486303E-05       2.87645958E-01       2.90051455E-07       2.55395526E-01       2.59468305E-01       1.00068142E+00
   771.5000       2.86326556E-01       4.16814188E+00       1.52017309E-06       1.74483275E-05       2.87645900E-01       2.90047966E-07       2.55395277E-01       2.59467176E-01       1.00068141E+00
   771.6000       2.86326568E-01       4.16810809E+00       1.52014844E-06       1.74480258E-05       2.87645841E-01       2.90039748E-07       2.55395028E-01       2.59466047E-01       1.00068139E+00
   771.7000       2.86326578E-01       4.16807435E+00       1.52012383E-06       1.74477252E-05       2.87645783E-01       2.90045201E-07       2.55394779E-01       2.59464919E-01       1.00068141E+00
   771.8000       2.86326591E-01       4.16804062E+00       1.52009923E-06       1.74474255E-05       2.87645724E-01       2.90040410E-07       2.55394529E-01       2.59463789E-01       1.00068139E+00
   771.9000       2.86326603E-01       4.16800735E+00       1.52007496E-06       1.74471269E-05       2.87645666E-01       2.90031293E-07       2.55394279E-01       2.59462658E-01       1.00068137E+00
   772.0000       2.86326615E-01       4.16797381E+00       1.52005050E-06       1.74468292E-05       2.87645607E-01       2.90026167E-07       2.55394029E-01       2.59461525E-01       1.00068136E+00
   772.1000       2.86326626E-01       4.16794064E+00       1.52002630E-06       1.74465325E-05       2.87645549E-01       2.90027660E-07       2.55393779E-01       2.59460392E-01       1.00068136E+00
   772.2000       2.86326638E-01       4.16790751E+00       1.52000214E-06       1.74462368E-05       2.87645490E-01       2.90020075E-07       2.55393528E-01       2.59459260E-01       1.00068135E+00
   772.3000       2.86326650E-01       4.16787398E+00       1.51997768E-06       1.74459417E-05       2.87645432E-01       2.90014747E-07       2.55393278E-01       2.59458127E-01       1.00068133E+00
   772.4000       2.86326661E-01       4.16784086E+00       1.51995353E-06       1.74456473E-05       2.87645374E-01       2.90013514E-07       2.55393027E-01       2.59456993E-01       1.00068133E+00
   772.5000       2.86326673E-01       4.16780789E+00       1.51992948E-06       1.74453539E-05       2.87645315E-01       2.90010988E-07       2.55392775E-01       2.59455858E-01       1.00068132E+00
   772.6000       2.86326686E-01       4.16777546E+00       1.51990582E-06       1.74450617E-05       2.87645257E-01       2.90003749E-07       2.55392523E-01       2.59454722E-01       1.00068131E+00
   772.7000       2.86326697E-01       4.16774280E+00       1.51988200E-06       1.74447703E-05       2.87645199E-01       2.89996167E-07       2.55392269E-01       2.59453588E-01       1.00068129E+00
   772.8000       2.86326709E-01       4.16771014E+00       1.51985818E-06       1.74444797E-05       2.87645140E-01       2.89996417E-07       2.55392014E-01       2.59452455E-01       1.00068129E+00
   772.9000       2.86326721E-01       4.16767746E+00       1.51983435E-06       1.74441898E-05       2.87645082E-01       2.89991491E-07       2.55391758E-01       2.59451322E-01       1.00068128E+00
   773.0000       2.86326733E-01       4.16764503E+00       1.51981069E-06       1.74439008E-05       2.87645024E-01       2.89984719E-07       2.55391501E-01       2.59450190E-01       1.00068126E+00
   773.1000       2.86326744E-01       4.16761254E+00       1.51978700E-06       1.74436125E-05       2.87644966E-01       2.89989398E-07       2.55391243E-01       2.59449058E-01       1.00068127E+00
   773.2000       2.86326756E-01       4.16758041E+00       1.51976357E-06       1.74433251E-05       2.87644907E-01       2.89978926E-07       2.55390983E-01       2.59447928E-01       1.00068125E+00
   773.3000       2.86326768E-01       4.16754839E+00       1.51974021E-06       1.74430385E-05       2.87644849E-01       2.89975000E-07       2.55390721E-01       2.59446796E-01       1.00068124E+00
   773.4000       2.86326779E-01       4.16751637E+00       1.51971686E-06       1.74427527E-05       2.87644791E-01       2.89975528E-07       2.55390457E-01       2.59445666E-01       1.00068124E+00
   773.5000       2.86326792E-01       4.16748460E+00       1.51969369E-06       1.74424678E-05       2.87644733E-01       2.89965384E-07       2.55390192E-01       2.59444535E-01       1.00068122E+00
   773.6000       2.86326803E-01       4.16745304E+00       1.51967067E-06       1.74421839E-05       2.87644675E-01       2.89964300E-07       2.55389925E-01       2.59443404E-01       1.00068121E+00
   773.7000       2.86326815E-01       4.16742147E+00       1.51964765E-06       1.74419009E-05       2.87644617E-01       2.89959478E-07       2.55389658E-01       2.59442272E-01       1.00068120E+00
   773.8000       2.86326826E-01       4.16739019E+00       1.51962484E-06       1.74416189E-05       2.87644559E-01       2.89958369E-07       2.55389390E-01       2.59441138E-01       1.00068120E+00
   773.9000       2.86326838E-01       4.16735924E+00       1.51960227E-06       1.74413380E-05       2.87644501E-01       2.89956990E-07       2.55389121E-01       2.59440002E-01       1.00068120E+00
   774.0000       2.86326849E-01       4.16732836E+00       1.51957974E-06       1.74410582E-05       2.87644443E-01       2.89956692E-07       2.55388852E-01       2.59438864E-01       1.00068120E+00
   774.1000       2.86326862E-01       4.16729728E+00       1.51955708E-06       1.74407793E-05       2.87644385E-01       2.89946895E-07       2.55388583E-01       2.59437725E-01       1.00068117E+00
   774.2000       2.86326874E-01       4.16726660E+00       1.51953471E-06       1.74405014E-05       2.87644327E-01       2.89940936E-07       2.55388314E-01       2.59436585E-01       1.00068116E+00
   774.3000       2.86326885E-01       4.16723603E+00       1.51951241E-06       1.74402247E-05       2.87644269E-01       2.89940437E-07       2.55388044E-01       2.59435443E-01       1.00068116E+00
   774.4000       2.86326896E-01       4.16720533E+00       1.51949002E-06       1.74399488E-05       2.87644211E-01       2.89941380E-07       2.55387774E-01       2.59434302E-01       1.00068116E+00
   774.5000       2.86326908E-01       4.16717512E+00       1.51946799E-06       1.74396740E-05       2.87644153E-01       2.89932603E-07       2.55387504E-01       2.59433158E-01       1.00068114E+00
   774.6000       2.86326920E-01       4.16714495E+00       1.51944599E-06       1.74394003E-05       2.87644095E-01       2.89931861E-07       2.55387233E-01       2.59432015E-01       1.00068114E+00
   774.7000       2.86326932E-01       4.16711474E+00       1.51942396E-06       1.74391275E-05       2.87644037E-01       2.89929737E-07       2.55386962E-01       2.59430872E-01       1.00068113E+00
   774.8000       2.86326943E-01       4.16708481E+00       1.51940213E-06       1.74388558E-05       2.87643979E-01       2.89927150E-07       2.55386690E-01       2.59429730E-01       1.00068113E+00
   774.9000       2.86326956E-01       4.16705470E+00       1.51938018E-06       1.74385849E-05       2.87643921E-01       2.89919626E-07       2.55386418E-01       2.59428589E-01       1.00068111E+00
   775.0000       2.86326967E-01       4.16702475E+00       1.51935834E-06       1.74383148E-05       2.87643863E-01       2.89916141E-07       2.55386145E-01       2.59427446E-01       1.00068110E+00
   775.1000       2.86326978E-01       4.16699488E+00       1.51933655E-06       1.74380455E-05       2.87643806E-01       2.89918308E-07       2.55385871E-01       2.59426301E-01       1.00068111E+00
   775.2000       2.86326990E-01       4.16696536E+00       1.51931502E-06       1.74377773E-05       2.87643748E-01       2.89912999E-07       2.55385598E-01       2.59425156E-01       1.00068109E+00
   775.3000       2.86327002E-01       4.16693606E+00       1.51929366E-06       1.74375101E-05       2.87643690E-01       2.89908648E-07       2.55385324E-01       2.59424009E-01       1.00068108E+00
   775.4000       2.86327014E-01       4.16690659E+00       1.51927217E-06       1.74372438E-05       2.87643632E-01       2.89905766E-07       2.55385050E-01       2.59422861E-01       1.00068108E+00
   775.5000       2.86327025E-01       4.16687731E+00       1.51925082E-06       1.74369784E-05       2.87643575E-01       2.89902961E-07       2.55384775E-01       2.59421713E-01       1.00068107E+00
   775.6000       2.86327037E-01       4.16684838E+00       1.51922972E-06       1.74367141E-05       2.87643517E-01       2.89899470E-07       2.55384499E-01       2.59420562E-01       1.00068106E+00
   775.7000       2.86327050E-01       4.16681927E+00       1.51920850E-06       1.74364506E-05       2.87643459E-01       2.89889665E-07       2.55384221E-01       2.59419412E-01       1.00068104E+00
   775.8000       2.86327062E-01       4.16679024E+00       1.51918733E-06       1.74361879E-05       2.87643402E-01       2.89889818E-07       2.55383943E-01       2.59418261E-01       1.00068104E+00
   775.9000       2.86327074E-01       4.16676191E+00       1.51916667E-06       1.74359265E-05       2.87643344E-01       2.89881416E-07       2.55383663E-01       2.59417110E-01       1.00068102E+00
   776.0000       2.86327085E-01       4.16673329E+00       1.51914580E-06       1.74356660E-05       2.87643286E-01       2.89885057E-07       2.55383382E-01       2.59415959E-01       1.00068103E+00
   776.1000       2.86327096E-01       4.16670496E+00       1.51912515E-06       1.74354066E-05       2.87643229E-01       2.89881698E-07       2.55383101E-01       2.59414807E-01       1.00068102E+00
   776.2000       2.86327109E-01       4.16667680E+00       1.51910461E-06       1.74351483E-05       2.87643171E-01       2.89873728E-07       2.55382819E-01       2.59413652E-01       1.00068100E+00
   776.3000       2.86327120E-01       4.16664877E+00       1.51908417E-06       1.74348910E-05       2.87643114E-01       2.89872943E-07       2.55382535E-01       2.59412497E-01       1.00068100E+00
   776.4000       2.86327132E-01       4.16662066E+00       1.51906367E-06       1.74346347E-05       2.87643056E-01       2.89871224E-07       2.55382251E-01       2.59411342E-01       1.00068099E+00
   776.5000       2.86327144E-01       4.16659293E+00       1.51904345E-06       1.74343796E-05       2.87642999E-01       2.89867519E-07       2.55381966E-01       2.59410185E-01       1.00068099E+00
   776.6000       2.86327155E-01       4.16656508E+00       1.51902315E-06       1.74341252E-05       2.87642941E-01       2.89865123E-07       2.55381679E-01       2.59409028E-01       1.00068098E+00
   776.7000       2.86327167E-01       4.16653731E+00       1.51900290E-06       1.74338717E-05       2.87642884E-01       2.89863440E-07       2.55381392E-01       2.59407870E-01       1.00068098E+00
   776.8000       2.86327179E-01       4.16650975E+00       1.51898281E-06       1.74336193E-05       2.87642826E-01       2.89859533E-07       2.55381105E-01       2.59406711E-01       1.00068097E+00
   776.9000       2.86327190E-01       4.16648208E+00       1.51896263E-06       1.74333676E-05       2.87642769E-01       2.89856648E-07       2.55380817E-01       2.59405552E-01       1.00068096E+00
   777.0000       2.86327203E-01       4.16645472E+00       1.51894268E-06       1.74331169E-05       2.87642711E-01       2.89850177E-07       2.55380527E-01       2.59404393E-01       1.00068094E+00
   777.1000       2.86327214E-01       4.16642755E+00       1.51892287E-06       1.74328672E-05       2.87642654E-01       2.89848073E-07       2.55380235E-01       2.59403232E-01       1.00068094E+00
   777.2000       2.86327226E-01       4.16640038E+00       1.51890306E-06       1.74326184E-05       2.87642597E-01       2.89847727E-07       2.55379944E-01       2.59402069E-01       1.00068094E+00
   777.3000       2.86327236E-01       4.16637357E+00       1.51888351E-06       1.74323706E-05       2.87642539E-01       2.89846644E-07       2.55379651E-01       2.59400906E-01       1.00068094E+00
   777.4000       2.86327249E-01       4.16634667E+00       1.51886390E-06       1.74321239E-05       2.87642482E-01       2.89843054E-07       2.55379358E-01       2.59399743E-01       1.00068093E+00
   777.5000       2.86327261E-01       4.16631999E+00       1.51884444E-06       1.74318781E-05       2.87642425E-01       2.89837433E-07       2.55379064E-01       2.59398579E-01       1.00068091E+00
   777.6000       2.86327272E-01       4.16629338E+00       1.51882505E-06       1.74316332E-05       2.87642367E-01       2.89834891E-07       2.55378770E-01       2.59397415E-01       1.00068091E+00
   777.7000       2.86327284E-01       4.16626676E+00       1.51880564E-06       1.74313892E-05       2.87642310E-01       2.89833194E-07       2.55378476E-01       2.59396251E-01       1.00068090E+00
   777.8000       2.86327295E-01       4.16624058E+00       1.51878655E-06       1.74311463E-05       2.87642253E-01       2.89829027E-07       2.55378181E-01       2.59395087E-01       1.00068090E+00
   777.9000       2.86327307E-01       4.16621490E+00       1.51876783E-06       1.74309049E-05       2.87642196E-01       2.89827889E-07       2.55377885E-01       2.59393921E-01       1.00068089E+00
   778.0000       2.86327319E-01       4.16618892E+00       1.51874889E-06       1.74306645E-05       2.87642138E-01       2.89824567E-07       2.55377589E-01       2.59392754E-01       1.00068088E+00
   778.1000       2.86327331E-01       4.16616297E+00       1.51872997E-06       1.74304249E-05       2.87642081E-01       2.89820141E-07       2.55377294E-01       2.59391587E-01       1.00068087E+00
   778.2000       2.86327343E-01       4.16613734E+00       1.51871128E-06       1.74301864E-05       2.87642024E-01       2.89818845E-07       2.55376998E-01       2.59390416E-01       1.00068087E+00
   778.3000       2.86327354E-01       4.16611157E+00       1.51869249E-06       1.74299488E-05       2.87641967E-01       2.89813590E-07       2.55376702E-01       2.59389246E-01       1.00068086E+00
   778.4000       2.86327366E-01       4.16608592E+00       1.51867379E-06       1.74297120E-05       2.87641910E-01       2.89810822E-07       2.55376405E-01       2.59388078E-01       1.00068085E+00
   778.5000       2.86327377E-01       4.16606058E+00       1.51865532E-06       1.74294763E-05       2.87641853E-01       2.89811838E-07       2.55376107E-01       2.59386911E-01       1.00068085E+00
   778.6000       2.86327389E-01       4.16603556E+00       1.51863707E-06       1.74292418E-05       2.87641796E-01       2.89812598E-07       2.55375809E-01       2.59385743E-01       1.00068086E+00
   778.7000       2.86327401E-01       4.16601045E+00       1.51861877E-06       1.74290083E-05       2.87641739E-01       2.89805802E-07       2.55375511E-01       2.59384576E-01       1.00068084E+00
   778.8000       2.86327413E-01       4.16598584E+00       1.51860083E-06       1.74287761E-05       2.87641682E-01       2.89800459E-07       2.55375212E-01       2.59383408E-01       1.00068083E+00
   778.9000       2.86327423E-01       4.16596083E+00       1.51858259E-06       1.74285447E-05       2.87641625E-01       2.89807037E-07       2.55374913E-01       2.59382240E-01       1.00068084E+00
   779.0000       2.86327436E-01       4.16593643E+00       1.51856481E-06       1.74283146E-05       2.87641568E-01       2.89798939E-07       2.55374613E-01       2.59381074E-01       1.00068082E+00
   779.1000       2.86327447E-01       4.16591172E+00       1.51854679E-06       1.74280853E-05       2.87641511E-01       2.89796615E-07       2.55374313E-01       2.59379910E-01       1.00068082E+00
   779.2000       2.86327459E-01       4.16588743E+00       1.51852909E-06       1.74278572E-05       2.87641454E-01       2.89795383E-07       2.55374011E-01       2.59378747E-01       1.00068082E+00
   779.3000       2.86327470E-01       4.16586306E+00       1.51851131E-06       1.74276300E-05       2.87641397E-01       2.89794635E-07       2.55373709E-01       2.59377584E-01       1.00068081E+00
   779.4000       2.86327483E-01       4.16583875E+00       1.51849359E-06       1.74274037E-05       2.87641340E-01       2.89785157E-07       2.55373406E-01       2.59376420E-01       1.00068079E+00
   779.5000       2.86327495E-01       4.16581483E+00       1.51847616E-06       1.74271786E-05       2.87641283E-01       2.89779519E-07       2.55373103E-01       2.59375253E-01       1.00068078E+00
   779.6000       2.86327505E-01       4.16579100E+00       1.51845878E-06       1.74269544E-05       2.87641226E-01       2.89785051E-07       2.55372798E-01       2.59374086E-01       1.00068079E+00
   779.7000       2.86327517E-01       4.16576703E+00       1.51844131E-06       1.74267310E-05       2.87641170E-01       2.89782989E-07       2.55372493E-01       2.59372917E-01       1.00068079E+00
   779.8000       2.86327529E-01       4.16574351E+00       1.51842416E-06       1.74265089E-05       2.87641113E-01       2.89778340E-07       2.55372188E-01       2.59371747E-01       1.00068078E+00
   779.9000       2.86327540E-01       4.16572004E+00       1.51840705E-06       1.74262878E-05       2.87641056E-01       2.89776773E-07       2.55371881E-01       2.59370576E-01       1.00068077E+00
   780.0000       2.86327553E-01       4.16569681E+00       1.51839012E-06       1.74260678E-05       2.87640999E-01       2.89769889E-07       2.55371572E-01       2.59369403E-01       1.00068076E+00
   780.1000       2.86327564E-01       4.16567337E+00       1.51837303E-06       1.74258487E-05       2.87640942E-01       2.89769587E-07       2.55371264E-01       2.59368229E-01       1.00068075E+00
   780.2000       2.86327575E-01       4.16565025E+00       1.51835618E-06       1.74256306E-05       2.87640886E-01       2.89770187E-07       2.55370954E-01       2.59367052E-01       1.00068076E+00
   780.3000       2.86327587E-01       4.16562742E+00       1.51833953E-06       1.74254137E-05       2.87640829E-01       2.89762938E-07       2.55370643E-01       2.59365873E-01       1.00068074E+00
   780.4000       2.86327599E-01       4.16560464E+00       1.51832292E-06       1.74251977E-05       2.87640772E-01       2.89762142E-07       2.55370332E-01       2.59364691E-01       1.00068074E+00
   780.5000       2.86327609E-01       4.16558187E+00       1.51830633E-06       1.74249828E-05       2.87640716E-01       2.89766674E-07       2.55370019E-01       2.59363508E-01       1.00068075E+00
   780.6000       2.86327623E-01       4.16555928E+00       1.51828986E-06       1.74247688E-05       2.87640659E-01       2.89755840E-07       2.55369707E-01       2.59362322E-01       1.00068072E+00
   780.7000       2.86327633E-01       4.16553690E+00       1.51827355E-06       1.74245559E-05       2.87640602E-01       2.89759611E-07       2.55369395E-01       2.59361132E-01       1.00068073E+00
   780.8000       2.86327645E-01       4.16551459E+00       1.51825728E-06       1.74243441E-05       2.87640546E-01       2.89753571E-07       2.55369083E-01       2.59359942E-01       1.00068072E+00
   780.9000       2.86327657E-01       4.16549226E+00       1.51824100E-06       1.74241332E-05       2.87640489E-01       2.89750191E-07       2.55368770E-01       2.59358751E-01       1.00068071E+00
   781.0000       2.86327668E-01       4.16547029E+00       1.51822499E-06       1.74239234E-05       2.87640433E-01       2.89751894E-07       2.55368457E-01       2.59357561E-01       1.00068071E+00
   781.1000       2.86327680E-01       4.16544855E+00       1.51820914E-06       1.74237148E-05       2.87640376E-01       2.89748785E-07       2.55368144E-01       2.59356369E-01       1.00068071E+00
   781.2000       2.86327691E-01       4.16542668E+00       1.51819320E-06       1.74235072E-05       2.87640320E-01       2.89747296E-07       2.55367830E-01       2.59355178E-01       1.00068070E+00
   781.3000       2.86327703E-01       4.16540513E+00       1.51817749E-06       1.74233007E-05       2.87640263E-01       2.89741570E-07       2.55367515E-01       2.59353988E-01       1.00068069E+00
   781.4000       2.86327714E-01       4.16538348E+00       1.51816171E-06       1.74230953E-05       2.87640207E-01       2.89743109E-07       2.55367201E-01       2.59352796E-01       1.00068069E+00
   781.5000       2.86327726E-01       4.16536203E+00       1.51814608E-06       1.74228908E-05       2.87640150E-01       2.89739259E-07       2.55366886E-01       2.59351605E-01       1.00068068E+00
   781.6000       2.86327738E-01       4.16534065E+00       1.51813049E-06       1.74226872E-05       2.87640094E-01       2.89736198E-07       2.55366571E-01       2.59350416E-01       1.00068068E+00
   781.7000       2.86327748E-01       4.16531974E+00       1.51811524E-06       1.74224849E-05       2.87640038E-01       2.89737616E-07       2.55366255E-01       2.59349227E-01       1.00068068E+00
   781.8000       2.86327761E-01       4.16529893E+00       1.51810008E-06       1.74222838E-05       2.87639981E-01       2.89730285E-07       2.55365939E-01       2.59348039E-01       1.00068066E+00
   781.9000       2.86327772E-01       4.16527831E+00       1.51808505E-06       1.74220839E-05       2.87639925E-01       2.89731447E-07       2.55365622E-01       2.59346852E-01       1.00068067E+00
   782.0000       2.86327784E-01       4.16525769E+00       1.51807002E-06       1.74218851E-05       2.87639868E-01       2.89731048E-07       2.55365304E-01       2.59345665E-01       1.00068066E+00
   782.1000       2.86327795E-01       4.16523721E+00       1.51805509E-06       1.74216873E-05       2.87639812E-01       2.89728018E-07       2.55364985E-01       2.59344479E-01       1.00068066E+00
   782.2000       2.86327806E-01       4.16521660E+00       1.51804006E-06       1.74214905E-05       2.87639756E-01       2.89726291E-07       2.55364665E-01       2.59343294E-01       1.00068065E+00
   782.3000       2.86327819E-01       4.16519661E+00       1.51802550E-06       1.74212948E-05       2.87639700E-01       2.89723195E-07       2.55364345E-01       2.59342109E-01       1.00068065E+00
   782.4000       2.86327831E-01       4.16517634E+00       1.51801072E-06       1.74211002E-05       2.87639643E-01       2.89716709E-07       2.55364024E-01       2.59340925E-01       1.00068063E+00
   782.5000       2.86327841E-01       4.16515620E+00       1.51799604E-06       1.74209064E-05       2.87639587E-01       2.89724384E-07       2.55363702E-01       2.59339742E-01       1.00068065E+00
   782.6000       2.86327854E-01       4.16513648E+00       1.51798166E-06       1.74207139E-05       2.87639531E-01       2.89715148E-07       2.55363380E-01       2.59338561E-01       1.00068063E+00
   782.7000       2.86327865E-01       4.16511706E+00       1.51796751E-06       1.74205227E-05       2.87639475E-01       2.89715683E-07       2.55363056E-01       2.59337381E-01       1.00068063E+00
   782.8000       2.86327876E-01       4.16509767E+00       1.51795337E-06       1.74203327E-05       2.87639419E-01       2.89712617E-07       2.55362732E-01       2.59336201E-01       1.00068062E+00
   782.9000       2.86327887E-01       4.16507837E+00       1.51793931E-06       1.74201438E-05       2.87639362E-01       2.89716772E-07       2.55362408E-01       2.59335021E-01       1.00068063E+00
   783.0000       2.86327899E-01       4.16505908E+00       1.51792525E-06       1.74199561E-05       2.87639306E-01       2.89710314E-07       2.55362083E-01       2.59333841E-01       1.00068062E+00
   783.1000       2.86327910E-01       4.16504001E+00       1.51791135E-06       1.74197694E-05       2.87639250E-01       2.89712910E-07       2.55361758E-01       2.59332661E-01       1.00068062E+00
   783.2000       2.86327923E-01       4.16502109E+00       1.51789756E-06       1.74195839E-05       2.87639194E-01       2.89704121E-07       2.55361433E-01       2.59331480E-01       1.00068060E+00
   783.3000       2.86327933E-01       4.16500215E+00       1.51788375E-06       1.74193994E-05       2.87639138E-01       2.89705045E-07       2.55361106E-01       2.59330300E-01       1.00068060E+00
   783.4000       2.86327945E-01       4.16498346E+00       1.51787013E-06       1.74192159E-05       2.87639082E-01       2.89701375E-07       2.55360779E-01       2.59329118E-01       1.00068059E+00
   783.5000       2.86327956E-01       4.16496490E+00       1.51785661E-06       1.74190335E-05       2.87639026E-01       2.89701956E-07       2.55360451E-01       2.59327934E-01       1.00068060E+00
   783.6000       2.86327967E-01       4.16494634E+00       1.51784308E-06       1.74188521E-05       2.87638970E-01       2.89702381E-07       2.55360122E-01       2.59326749E-01       1.00068060E+00
   783.7000       2.86327981E-01       4.16492837E+00       1.51782998E-06       1.74186720E-05       2.87638914E-01       2.89693124E-07       2.55359793E-01       2.59325563E-01       1.00068057E+00
   783.8000       2.86327991E-01       4.16491012E+00       1.51781668E-06       1.74184928E-05       2.87638858E-01       2.89695928E-07       2.55359463E-01       2.59324375E-01       1.00068058E+00
   783.9000       2.86328002E-01       4.16489208E+00       1.51780353E-06       1.74183148E-05       2.87638802E-01       2.89697875E-07       2.55359133E-01       2.59323186E-01       1.00068059E+00
   784.0000       2.86328013E-01       4.16487441E+00       1.51779065E-06       1.74181379E-05       2.87638746E-01       2.89694956E-07       2.55358802E-01       2.59321993E-01       1.00068058E+00
   784.1000       2.86328025E-01       4.16485632E+00       1.51777746E-06       1.74179617E-05       2.87638690E-01       2.89691070E-07       2.55358471E-01       2.59320801E-01       1.00068057E+00
   784.2000       2.86328037E-01       4.16483876E+00       1.51776467E-06       1.74177866E-05       2.87638635E-01       2.89693164E-07       2.55358139E-01       2.59319607E-01       1.00068058E+00
   784.3000       2.86328049E-01       4.16482144E+00       1.51775204E-06       1.74176128E-05       2.87638579E-01       2.89683906E-07       2.55357807E-01       2.59318412E-01       1.00068055E+00
   784.4000       2.86328060E-01       4.16480388E+00       1.51773924E-06       1.74174398E-05       2.87638523E-01       2.89687577E-07       2.55357475E-01       2.59317216E-01       1.00068056E+00
   784.5000       2.86328070E-01       4.16478639E+00       1.51772650E-06       1.74172678E-05       2.87638467E-01       2.89688059E-07       2.55357143E-01       2.59316018E-01       1.00068056E+00
   784.6000       2.86328082E-01       4.16476926E+00       1.51771401E-06       1.74170968E-05       2.87638411E-01       2.89688040E-07       2.55356810E-01       2.59314818E-01       1.00068056E+00
   784.7000       2.86328094E-01       4.16475242E+00       1.51770174E-06       1.74169270E-05       2.87638356E-01       2.89680675E-07       2.55356476E-01       2.59313618E-01       1.00068055E+00
   784.8000       2.86328105E-01       4.16473522E+00       1.51768920E-06       1.74167580E-05       2.87638300E-01       2.89681794E-07       2.55356142E-01       2.59312418E-01       1.00068055E+00
   784.9000       2.86328117E-01       4.16471857E+00       1.51767707E-06       1.74165902E-05       2.87638244E-01       2.89679097E-07       2.55355808E-01       2.59311217E-01       1.00068054E+00
   785.0000       2.86328128E-01       4.16470176E+00       1.51766481E-06       1.74164232E-05       2.87638188E-01       2.89674190E-07       2.55355472E-01       2.59310015E-01       1.00068053E+00
   785.1000       2.86328140E-01       4.16468538E+00       1.51765288E-06       1.74162574E-05       2.87638133E-01       2.89676410E-07       2.55355136E-01       2.59308812E-01       1.00068054E+00
   785.2000       2.86328151E-01       4.16466887E+00       1.51764084E-06       1.74160925E-05       2.87638077E-01       2.89674547E-07       2.55354799E-01       2.59307609E-01       1.00068053E+00
   785.3000       2.86328162E-01       4.16465277E+00       1.51762911E-06       1.74159288E-05       2.87638022E-01       2.89674505E-07       2.55354463E-01       2.59306403E-01       1.00068053E+00
   785.4000       2.86328174E-01       4.16463673E+00       1.51761742E-06       1.74157662E-05       2.87637966E-01       2.89670620E-07       2.55354126E-01       2.59305197E-01       1.00068052E+00
   785.5000       2.86328185E-01       4.16462097E+00       1.51760593E-06       1.74156049E-05       2.87637910E-01       2.89673494E-07       2.55353788E-01       2.59303990E-01       1.00068053E+00
   785.6000       2.86328196E-01       4.16460528E+00       1.51759450E-06       1.74154447E-05       2.87637855E-01       2.89670249E-07       2.55353449E-01       2.59302784E-01       1.00068052E+00
   785.7000       2.86328207E-01       4.16458980E+00       1.51758322E-06       1.74152856E-05       2.87637799E-01       2.89667933E-07       2.55353110E-01       2.59301580E-01       1.00068052E+00
   785.8000       2.86328219E-01       4.16457410E+00       1.51757177E-06       1.74151275E-05       2.87637744E-01       2.89668481E-07       2.55352771E-01       2.59300375E-01       1.00068052E+00
   785.9000       2.86328230E-01       4.16455907E+00       1.51756082E-06       1.74149709E-05       2.87637688E-01       2.89668033E-07       2.55352430E-01       2.59299170E-01       1.00068052E+00
   786.0000       2.86328242E-01       4.16454394E+00       1.51754979E-06       1.74148152E-05       2.87637633E-01       2.89664051E-07       2.55352089E-01       2.59297966E-01       1.00068051E+00
   786.1000       2.86328252E-01       4.16452850E+00       1.51753854E-06       1.74146603E-05       2.87637577E-01       2.89666437E-07       2.55351747E-01       2.59296763E-01       1.00068051E+00
   786.2000       2.86328263E-01       4.16451345E+00       1.51752757E-06       1.74145064E-05       2.87637522E-01       2.89665338E-07       2.55351404E-01       2.59295559E-01       1.00068051E+00
   786.3000       2.86328276E-01       4.16449832E+00       1.51751655E-06       1.74143533E-05       2.87637466E-01       2.89659515E-07       2.55351061E-01       2.59294358E-01       1.00068050E+00
   786.4000       2.86328285E-01       4.16448368E+00       1.51750588E-06       1.74142014E-05       2.87637411E-01       2.89664982E-07       2.55350716E-01       2.59293158E-01       1.00068051E+00
   786.5000       2.86328297E-01       4.16446912E+00       1.51749527E-06       1.74140505E-05       2.87637356E-01       2.89661645E-07       2.55350372E-01       2.59291958E-01       1.00068050E+00
   786.6000       2.86328309E-01       4.16445479E+00       1.51748482E-06       1.74139010E-05       2.87637300E-01       2.89657881E-07       2.55350028E-01       2.59290757E-01       1.00068049E+00
   786.7000       2.86328320E-01       4.16444041E+00       1.51747434E-06       1.74137524E-05       2.87637245E-01       2.89660313E-07       2.55349683E-01       2.59289556E-01       1.00068050E+00
   786.8000       2.86328332E-01       4.16442602E+00       1.51746385E-06       1.74136047E-05       2.87637190E-01       2.89654297E-07       2.55349340E-01       2.59288355E-01       1.00068048E+00
   786.9000       2.86328343E-01       4.16441200E+00       1.51745364E-06       1.74134581E-05       2.87637134E-01       2.89654722E-07       2.55348996E-01       2.59287153E-01       1.00068048E+00
   787.0000       2.86328353E-01       4.16439795E+00       1.51744340E-06       1.74133124E-05       2.87637079E-01       2.89657673E-07       2.55348652E-01       2.59285952E-01       1.00068049E+00
   787.1000       2.86328365E-01       4.16438429E+00       1.51743345E-06       1.74131680E-05       2.87637024E-01       2.89653641E-07       2.55348307E-01       2.59284749E-01       1.00068048E+00
   787.2000       2.86328376E-01       4.16437063E+00       1.51742349E-06       1.74130246E-05       2.87636969E-01       2.89654140E-07       2.55347962E-01       2.59283544E-01       1.00068048E+00
   787.3000       2.86328388E-01       4.16435707E+00       1.51741360E-06       1.74128822E-05       2.87636914E-01       2.89649336E-07       2.55347617E-01       2.59282339E-01       1.00068047E+00
   787.4000       2.86328400E-01       4.16434372E+00       1.51740388E-06       1.74127410E-05       2.87636858E-01       2.89647591E-07       2.55347270E-01       2.59281135E-01       1.00068047E+00
   787.5000       2.86328410E-01       4.16433062E+00       1.51739433E-06       1.74126010E-05       2.87636803E-01       2.89650438E-07       2.55346924E-01       2.59279929E-01       1.00068047E+00
   787.6000       2.86328422E-01       4.16431735E+00       1.51738466E-06       1.74124619E-05       2.87636748E-01       2.89650998E-07       2.55346577E-01       2.59278724E-01       1.00068048E+00
   787.7000       2.86328433E-01       4.16430433E+00       1.51737517E-06       1.74123240E-05       2.87636693E-01       2.89645291E-07       2.55346231E-01       2.59277517E-01       1.00068046E+00
   787.8000       2.86328444E-01       4.16429120E+00       1.51736561E-06       1.74121868E-05       2.87636638E-01       2.89648267E-07       2.55345883E-01       2.59276311E-01       1.00068047E+00
   787.9000       2.86328455E-01       4.16427862E+00       1.51735644E-06       1.74120509E-05       2.87636583E-01       2.89649720E-07       2.55345536E-01       2.59275104E-01       1.00068047E+00
   788.0000       2.86328466E-01       4.16426623E+00       1.51734741E-06       1.74119162E-05       2.87636528E-01       2.89647029E-07       2.55345187E-01       2.59273895E-01       1.00068047E+00
   788.1000       2.86328477E-01       4.16425382E+00       1.51733836E-06       1.74117827E-05       2.87636473E-01       2.89646162E-07       2.55344838E-01       2.59272687E-01       1.00068046E+00
   788.2000       2.86328489E-01       4.16424166E+00       1.51732951E-06       1.74116503E-05       2.87636418E-01       2.89640913E-07       2.55344487E-01       2.59271479E-01       1.00068045E+00
   788.3000       2.86328500E-01       4.16422960E+00       1.51732072E-06       1.74115191E-05       2.87636363E-01       2.89642277E-07       2.55344136E-01       2.59270269E-01       1.00068046E+00
   788.4000       2.86328510E-01       4.16421780E+00       1.51731211E-06       1.74113891E-05       2.87636308E-01       2.89645333E-07       2.55343784E-01       2.59269059E-01       1.00068046E+00
   788.5000       2.86328521E-01       4.16420596E+00       1.51730349E-06       1.74112602E-05       2.87636253E-01       2.89644691E-07       2.55343431E-01       2.59267850E-01       1.00068046E+00
   788.6000       2.86328533E-01       4.16419425E+00       1.51729495E-06       1.74111323E-05       2.87636198E-01       2.89641665E-07       2.55343076E-01       2.59266641E-01       1.00068045E+00
   788.7000       2.86328544E-01       4.16418243E+00       1.51728634E-06       1.74110054E-05       2.87636143E-01       2.89643633E-07       2.55342720E-01       2.59265431E-01       1.00068046E+00
   788.8000       2.86328556E-01       4.16417100E+00       1.51727801E-06       1.74108794E-05       2.87636088E-01       2.89638523E-07       2.55342364E-01       2.59264221E-01       1.00068045E+00
   788.9000       2.86328567E-01       4.16415951E+00       1.51726964E-06       1.74107545E-05       2.87636033E-01       2.89639632E-07       2.55342007E-01       2.59263009E-01       1.00068045E+00
   789.0000       2.86328577E-01       4.16414824E+00       1.51726142E-06       1.74106306E-05       2.87635979E-01       2.89642241E-07       2.55341649E-01       2.59261797E-01       1.00068046E+00
   789.1000       2.86328589E-01       4.16413716E+00       1.51725335E-06       1.74105077E-05       2.87635924E-01       2.89637400E-07       2.55341291E-01       2.59260585E-01       1.00068044E+00
   789.2000       2.86328599E-01       4.16412611E+00       1.51724530E-06       1.74103858E-05       2.87635869E-01       2.89643255E-07       2.55340931E-01       2.59259371E-01       1.00068046E+00
   789.3000       2.86328611E-01       4.16411552E+00       1.51723758E-06       1.74102652E-05       2.87635814E-01       2.89638219E-07       2.55340572E-01       2.59258156E-01       1.00068045E+00
   789.4000       2.86328623E-01       4.16410460E+00       1.51722962E-06       1.74101454E-05       2.87635759E-01       2.89634444E-07       2.55340212E-01       2.59256942E-01       1.00068044E+00
   789.5000       2.86328633E-01       4.16409395E+00       1.51722186E-06       1.74100268E-05       2.87635705E-01       2.89638530E-07       2.55339853E-01       2.59255727E-01       1.00068045E+00
   789.6000       2.86328645E-01       4.16408358E+00       1.51721430E-06       1.74099092E-05       2.87635650E-01       2.89635465E-07       2.55339493E-01       2.59254512E-01       1.00068044E+00
   789.7000       2.86328655E-01       4.16407324E+00       1.51720677E-06       1.74097927E-05       2.87635595E-01       2.89634698E-07       2.55339133E-01       2.59253298E-01       1.00068044E+00
   789.8000       2.86328666E-01       4.16406298E+00       1.51719929E-06       1.74096771E-05       2.87635541E-01       2.89636595E-07       2.55338773E-01       2.59252082E-01       1.00068044E+00
   789.9000       2.86328678E-01       4.16405262E+00       1.51719175E-06       1.74095624E-05       2.87635486E-01       2.89631278E-07       2.55338415E-01       2.59250865E-01       1.00068043E+00
   790.0000       2.86328688E-01       4.16404251E+00       1.51718437E-06       1.74094485E-05       2.87635431E-01       2.89635844E-07       2.55338056E-01       2.59249648E-01       1.00068044E+00
   790.1000       2.86328701E-01       4.16403290E+00       1.51717738E-06       1.74093361E-05       2.87635377E-01       2.89627382E-07       2.55337698E-01       2.59248430E-01       1.00068042E+00
   790.2000       2.86328711E-01       4.16402285E+00       1.51717005E-06       1.74092242E-05       2.87635322E-01       2.89632829E-07       2.55337340E-01       2.59247211E-01       1.00068043E+00
   790.3000       2.86328722E-01       4.16401309E+00       1.51716294E-06       1.74091131E-05       2.87635268E-01       2.89630792E-07       2.55336982E-01       2.59245989E-01       1.00068043E+00
   790.4000       2.86328732E-01       4.16400373E+00       1.51715612E-06       1.74090033E-05       2.87635213E-01       2.89633515E-07       2.55336624E-01       2.59244766E-01       1.00068044E+00
   790.5000       2.86328743E-01       4.16399445E+00       1.51714935E-06       1.74088946E-05       2.87635159E-01       2.89634943E-07       2.55336265E-01       2.59243543E-01       1.00068044E+00
   790.6000       2.86328755E-01       4.16398525E+00       1.51714265E-06       1.74087870E-05       2.87635104E-01       2.89632312E-07       2.55335907E-01       2.59242318E-01       1.00068043E+00
   790.7000       2.86328765E-01       4.16397608E+00       1.51713597E-06       1.74086803E-05       2.87635050E-01       2.89634352E-07       2.55335547E-01       2.59241093E-01       1.00068044E+00
   790.8000       2.86328777E-01       4.16396736E+00       1.51712961E-06       1.74085748E-05       2.87634995E-01       2.89629007E-07       2.55335188E-01       2.59239867E-01       1.00068042E+00
   790.9000       2.86328787E-01       4.16395847E+00       1.51712314E-06       1.74084703E-05       2.87634941E-01       2.89631894E-07       2.55334829E-01       2.59238641E-01       1.00068043E+00
   791.0000       2.86328798E-01       4.16394968E+00       1.51711673E-06       1.74083668E-05       2.87634886E-01       2.89630722E-07       2.55334470E-01       2.59237414E-01       1.00068043E+00
   791.1000       2.86328810E-01       4.16394136E+00       1.51711067E-06       1.74082645E-05       2.87634832E-01       2.89626765E-07       2.55334110E-01       2.59236187E-01       1.00068042E+00
   791.2000       2.86328820E-01       4.16393269E+00       1.51710435E-06       1.74081631E-05       2.87634778E-01       2.89629401E-07       2.55333749E-01       2.59234960E-01       1.00068043E+00
   791.3000       2.86328832E-01       4.16392437E+00       1.51709829E-06       1.74080627E-05       2.87634723E-01       2.89628235E-07       2.55333387E-01       2.59233735E-01       1.00068042E+00
   791.4000       2.86328842E-01       4.16391630E+00       1.51709241E-06       1.74079635E-05       2.87634669E-01       2.89629396E-07       2.55333024E-01       2.59232509E-01       1.00068043E+00
   791.5000       2.86328854E-01       4.16390824E+00       1.51708653E-06       1.74078651E-05       2.87634615E-01       2.89622678E-07       2.55332661E-01       2.59231283E-01       1.00068041E+00
   791.6000       2.86328864E-01       4.16390053E+00       1.51708091E-06       1.74077681E-05       2.87634560E-01       2.89634268E-07       2.55332295E-01       2.59230058E-01       1.00068044E+00
   791.7000       2.86328875E-01       4.16389270E+00       1.51707521E-06       1.74076721E-05       2.87634506E-01       2.89628915E-07       2.55331929E-01       2.59228834E-01       1.00068042E+00
   791.8000       2.86328886E-01       4.16388501E+00       1.51706961E-06       1.74075770E-05       2.87634452E-01       2.89628822E-07       2.55331561E-01       2.59227611E-01       1.00068042E+00
   791.9000       2.86328896E-01       4.16387733E+00       1.51706401E-06       1.74074829E-05       2.87634398E-01       2.89631369E-07       2.55331193E-01       2.59226388E-01       1.00068043E+00
   792.0000       2.86328908E-01       4.16387012E+00       1.51705876E-06       1.74073899E-05       2.87634344E-01       2.89629438E-07       2.55330823E-01       2.59225166E-01       1.00068043E+00
   792.1000       2.86328919E-01       4.16386291E+00       1.51705350E-06       1.74072981E-05       2.87634289E-01       2.89623768E-07       2.55330452E-01       2.59223947E-01       1.00068041E+00
   792.2000       2.86328929E-01       4.16385612E+00       1.51704855E-06       1.74072075E-05       2.87634235E-01       2.89633024E-07       2.55330081E-01       2.59222727E-01       1.00068043E+00
   792.3000       2.86328940E-01       4.16384940E+00       1.51704366E-06       1.74071183E-05       2.87634181E-01       2.89631590E-07       2.55329708E-01       2.59221510E-01       1.00068043E+00
   792.4000       2.86328951E-01       4.16384255E+00       1.51703867E-06       1.74070299E-05       2.87634127E-01       2.89629201E-07       2.55329335E-01       2.59220294E-01       1.00068043E+00
   792.5000       2.86328963E-01       4.16383599E+00       1.51703389E-06       1.74069427E-05       2.87634073E-01       2.89628518E-07       2.55328962E-01       2.59219079E-01       1.00068042E+00
   792.6000       2.86328973E-01       4.16382940E+00       1.51702908E-06       1.74068566E-05       2.87634019E-01       2.89626807E-07       2.55328589E-01       2.59217862E-01       1.00068042E+00
   792.7000       2.86328983E-01       4.16382288E+00       1.51702434E-06       1.74067714E-05       2.87633965E-01       2.89632788E-07       2.55328215E-01       2.59216644E-01       1.00068043E+00
   792.8000       2.86328995E-01       4.16381650E+00       1.51701969E-06       1.74066872E-05       2.87633911E-01       2.89627260E-07       2.55327841E-01       2.59215428E-01       1.00068042E+00
   792.9000       2.86329005E-01       4.16381054E+00       1.51701535E-06       1.74066042E-05       2.87633857E-01       2.89628571E-07       2.55327467E-01       2.59214211E-01       1.00068042E+00
   793.0000       2.86329016E-01       4.16380447E+00       1.51701092E-06       1.74065222E-05       2.87633803E-01       2.89628905E-07       2.55327094E-01       2.59212992E-01       1.00068043E+00
   793.1000       2.86329027E-01       4.16379852E+00       1.51700658E-06       1.74064412E-05       2.87633749E-01       2.89630901E-07       2.55326721E-01       2.59211771E-01       1.00068043E+00
   793.2000       2.86329038E-01       4.16379241E+00       1.51700213E-06       1.74063608E-05       2.87633695E-01       2.89627078E-07       2.55326348E-01       2.59210549E-01       1.00068042E+00
   793.3000       2.86329048E-01       4.16378677E+00       1.51699803E-06       1.74062816E-05       2.87633641E-01       2.89631219E-07       2.55325976E-01       2.59209323E-01       1.00068043E+00
   793.4000       2.86329058E-01       4.16378123E+00       1.51699398E-06       1.74062034E-05       2.87633587E-01       2.89636107E-07       2.55325604E-01       2.59208098E-01       1.00068044E+00
   793.5000       2.86329070E-01       4.16377601E+00       1.51699019E-06       1.74061265E-05       2.87633533E-01       2.89628579E-07       2.55325231E-01       2.59206870E-01       1.00068042E+00
   793.6000       2.86329081E-01       4.16377086E+00       1.51698643E-06       1.74060506E-05       2.87633479E-01       2.89631417E-07       2.55324859E-01       2.59205642E-01       1.00068043E+00
   793.7000       2.86329091E-01       4.16376586E+00       1.51698279E-06       1.74059760E-05       2.87633426E-01       2.89633995E-07       2.55324487E-01       2.59204411E-01       1.00068044E+00
   793.8000       2.86329102E-01       4.16376080E+00       1.51697910E-06       1.74059022E-05       2.87633372E-01       2.89632447E-07       2.55324116E-01       2.59203178E-01       1.00068043E+00
   793.9000       2.86329113E-01       4.16375593E+00       1.51697555E-06       1.74058295E-05       2.87633318E-01       2.89632248E-07       2.55323745E-01       2.59201944E-01       1.00068043E+00
   794.0000       2.86329124E-01       4.16375108E+00       1.51697202E-06       1.74057577E-05       2.87633264E-01       2.89628510E-07       2.55323373E-01       2.59200709E-01       1.00068042E+00
   794.1000       2.86329133E-01       4.16374622E+00       1.51696847E-06       1.74056867E-05       2.87633211E-01       2.89637448E-07       2.55323001E-01       2.59199472E-01       1.00068045E+00
   794.2000       2.86329145E-01       4.16374171E+00       1.51696519E-06       1.74056167E-05       2.87633157E-01       2.89633069E-07       2.55322629E-01       2.59198235E-01       1.00068044E+00
   794.3000       2.86329156E-01       4.16373742E+00       1.51696207E-06       1.74055479E-05       2.87633103E-01       2.89634713E-07       2.55322257E-01       2.59196994E-01       1.00068044E+00
   794.4000       2.86329166E-01       4.16373333E+00       1.51695908E-06       1.74054802E-05       2.87633049E-01       2.89634650E-07       2.55321884E-01       2.59195754E-01       1.00068044E+00
   794.5000       2.86329177E-01       4.16372937E+00       1.51695620E-06       1.74054138E-05       2.87632996E-01       2.89636784E-07       2.55321511E-01       2.59194511E-01       1.00068044E+00
   794.6000       2.86329188E-01       4.16372555E+00       1.51695342E-06       1.74053485E-05       2.87632942E-01       2.89634397E-07       2.55321138E-01       2.59193265E-01       1.00068044E+00
   794.7000       2.86329198E-01       4.16372193E+00       1.51695078E-06       1.74052844E-05       2.87632889E-01       2.89635044E-07       2.55320764E-01       2.59192022E-01       1.00068044E+00
   794.8000       2.86329209E-01       4.16371865E+00       1.51694839E-06       1.74052216E-05       2.87632835E-01       2.89631855E-07       2.55320388E-01       2.59190779E-01       1.00068043E+00
   794.9000       2.86329219E-01       4.16371510E+00       1.51694580E-06       1.74051597E-05       2.87632781E-01       2.89635937E-07       2.55320011E-01       2.59189538E-01       1.00068044E+00
   795.0000       2.86329230E-01       4.16371173E+00       1.51694334E-06       1.74050990E-05       2.87632728E-01       2.89639527E-07       2.55319634E-01       2.59188297E-01       1.00068045E+00
   795.1000       2.86329240E-01       4.16370853E+00       1.51694101E-06       1.74050393E-05       2.87632674E-01       2.89638965E-07       2.55319256E-01       2.59187059E-01       1.00068045E+00
   795.2000       2.86329251E-01       4.16370519E+00       1.51693858E-06       1.74049804E-05       2.87632621E-01       2.89637984E-07       2.55318876E-01       2.59185822E-01       1.00068045E+00
   795.3000       2.86329262E-01       4.16370230E+00       1.51693648E-06       1.74049226E-05       2.87632567E-01       2.89640659E-07       2.55318496E-01       2.59184585E-01       1.00068045E+00
   795.4000       2.86329272E-01       4.16369959E+00       1.51693450E-06       1.74048661E-05       2.87632514E-01       2.89643822E-07       2.55318114E-01       2.59183350E-01       1.00068046E+00
   795.5000       2.86329282E-01       4.16369687E+00       1.51693252E-06       1.74048104E-05       2.87632460E-01       2.89646674E-07       2.55317730E-01       2.59182117E-01       1.00068047E+00
   795.6000       2.86329292E-01       4.16369424E+00       1.51693060E-06       1.74047558E-05       2.87632407E-01       2.89647758E-07       2.55317347E-01       2.59180886E-01       1.00068047E+00
   795.7000       2.86329304E-01       4.16369186E+00       1.51692887E-06       1.74047024E-05       2.87632354E-01       2.89644207E-07       2.55316962E-01       2.59179658E-01       1.00068046E+00
   795.8000       2.86329315E-01       4.16368959E+00       1.51692721E-06       1.74046500E-05       2.87632300E-01       2.89643121E-07       2.55316577E-01       2.59178430E-01       1.00068046E+00
   795.9000       2.86329326E-01       4.16368699E+00       1.51692532E-06       1.74045983E-05       2.87632247E-01       2.89642090E-07       2.55316192E-01       2.59177205E-01       1.00068046E+00
   796.0000       2.86329335E-01       4.16368481E+00       1.51692373E-06       1.74045476E-05       2.87632194E-01       2.89646493E-07       2.55315807E-01       2.59175979E-01       1.00068047E+00
   796.1000       2.86329347E-01       4.16368321E+00       1.51692256E-06       1.74044983E-05       2.87632140E-01       2.89643234E-07       2.55315420E-01       2.59174753E-01       1.00068046E+00
   796.2000       2.86329357E-01       4.16368153E+00       1.51692134E-06       1.74044501E-05       2.87632087E-01       2.89647236E-07       2.55315034E-01       2.59173527E-01       1.00068047E+00
   796.3000       2.86329368E-01       4.16367984E+00       1.51692011E-06       1.74044029E-05       2.87632034E-01       2.89644182E-07       2.55314648E-01       2.59172300E-01       1.00068046E+00
   796.4000       2.86329378E-01       4.16367844E+00       1.51691909E-06       1.74043569E-05       2.87631980E-01       2.89649186E-07       2.55314261E-01       2.59171073E-01       1.00068047E+00
   796.5000       2.86329388E-01       4.16367708E+00       1.51691810E-06       1.74043120E-05       2.87631927E-01       2.89643770E-07       2.55313873E-01       2.59169845E-01       1.00068046E+00
   796.6000       2.86329399E-01       4.16367565E+00       1.51691706E-06       1.74042679E-05       2.87631874E-01       2.89643551E-07       2.55313485E-01       2.59168617E-01       1.00068046E+00
   796.7000       2.86329409E-01       4.16367430E+00       1.51691607E-06       1.74042246E-05       2.87631821E-01       2.89649011E-07       2.55313098E-01       2.59167388E-01       1.00068047E+00
   796.8000       2.86329419E-01       4.16367312E+00       1.51691521E-06       1.74041824E-05       2.87631768E-01       2.89652106E-07       2.55312710E-01       2.59166158E-01       1.00068048E+00
   796.9000       2.86329430E-01       4.16367204E+00       1.51691443E-06       1.74041409E-05       2.87631714E-01       2.89650507E-07       2.55312323E-01       2.59164927E-01       1.00068048E+00
   797.0000       2.86329441E-01       4.16367132E+00       1.51691390E-06       1.74041006E-05       2.87631661E-01       2.89648817E-07       2.55311936E-01       2.59163694E-01       1.00068047E+00
   797.1000       2.86329451E-01       4.16367045E+00       1.51691326E-06       1.74040611E-05       2.87631608E-01       2.89653140E-07       2.55311550E-01       2.59162459E-01       1.00068048E+00
   797.2000       2.86329461E-01       4.16366977E+00       1.51691277E-06       1.74040226E-05       2.87631555E-01       2.89654380E-07       2.55311164E-01       2.59161223E-01       1.00068049E+00
   797.3000       2.86329472E-01       4.16366963E+00       1.51691267E-06       1.74039854E-05       2.87631502E-01       2.89655950E-07       2.55310779E-01       2.59159983E-01       1.00068049E+00
   797.4000       2.86329482E-01       4.16366938E+00       1.51691249E-06       1.74039492E-05       2.87631449E-01       2.89655664E-07       2.55310394E-01       2.59158744E-01       1.00068049E+00
   797.5000       2.86329494E-01       4.16366936E+00       1.51691247E-06       1.74039142E-05       2.87631396E-01       2.89655092E-07       2.55310009E-01       2.59157504E-01       1.00068049E+00
   797.6000       2.86329503E-01       4.16366896E+00       1.51691218E-06       1.74038799E-05       2.87631343E-01       2.89656552E-07       2.55309624E-01       2.59156265E-01       1.00068049E+00
   797.7000       2.86329513E-01       4.16366903E+00       1.51691223E-06       1.74038466E-05       2.87631290E-01       2.89659182E-07       2.55309239E-01       2.59155023E-01       1.00068050E+00
   797.8000       2.86329524E-01       4.16366917E+00       1.51691233E-06       1.74038144E-05       2.87631237E-01       2.89660107E-07       2.55308854E-01       2.59153778E-01       1.00068050E+00
   797.9000       2.86329534E-01       4.16366922E+00       1.51691237E-06       1.74037830E-05       2.87631184E-01       2.89665444E-07       2.55308469E-01       2.59152532E-01       1.00068051E+00
   798.0000       2.86329545E-01       4.16366980E+00       1.51691279E-06       1.74037527E-05       2.87631131E-01       2.89656907E-07       2.55308085E-01       2.59151283E-01       1.00068049E+00
   798.1000       2.86329556E-01       4.16367026E+00       1.51691313E-06       1.74037234E-05       2.87631078E-01       2.89657791E-07       2.55307700E-01       2.59150033E-01       1.00068049E+00
   798.2000       2.86329565E-01       4.16367078E+00       1.51691350E-06       1.74036951E-05       2.87631026E-01       2.89667642E-07       2.55307316E-01       2.59148781E-01       1.00068052E+00
   798.3000       2.86329576E-01       4.16367139E+00       1.51691395E-06       1.74036676E-05       2.87630973E-01       2.89664380E-07       2.55306932E-01       2.59147529E-01       1.00068051E+00
   798.4000       2.86329586E-01       4.16367217E+00       1.51691452E-06       1.74036411E-05       2.87630920E-01       2.89665890E-07       2.55306546E-01       2.59146275E-01       1.00068051E+00
   798.5000       2.86329596E-01       4.16367322E+00       1.51691528E-06       1.74036156E-05       2.87630867E-01       2.89669224E-07       2.55306160E-01       2.59145021E-01       1.00068052E+00
   798.6000       2.86329606E-01       4.16367449E+00       1.51691621E-06       1.74035912E-05       2.87630814E-01       2.89671603E-07       2.55305772E-01       2.59143766E-01       1.00068053E+00
   798.7000       2.86329616E-01       4.16367610E+00       1.51691739E-06       1.74035682E-05       2.87630761E-01       2.89676745E-07       2.55305383E-01       2.59142512E-01       1.00068054E+00
   798.8000       2.86329628E-01       4.16367767E+00       1.51691852E-06       1.74035463E-05       2.87630709E-01       2.89668895E-07       2.55304994E-01       2.59141260E-01       1.00068052E+00
   798.9000       2.86329637E-01       4.16367935E+00       1.51691975E-06       1.74035254E-05       2.87630656E-01       2.89674123E-07       2.55304603E-01       2.59140009E-01       1.00068053E+00
   799.0000       2.86329647E-01       4.16368104E+00       1.51692099E-06       1.74035056E-05       2.87630603E-01       2.89679256E-07       2.55304211E-01       2.59138759E-01       1.00068055E+00
   799.1000       2.86329658E-01       4.16368291E+00       1.51692234E-06       1.74034869E-05       2.87630551E-01       2.89676425E-07       2.55303819E-01       2.59137511E-01       1.00068054E+00
   799.2000       2.86329668E-01       4.16368491E+00       1.51692381E-06       1.74034692E-05       2.87630498E-01       2.89677238E-07       2.55303425E-01       2.59136263E-01       1.00068054E+00
   799.3000       2.86329678E-01       4.16368707E+00       1.51692538E-06       1.74034525E-05       2.87630445E-01       2.89677337E-07       2.55303031E-01       2.59135015E-01       1.00068054E+00
   799.4000       2.86329690E-01       4.16368924E+00       1.51692695E-06       1.74034369E-05       2.87630393E-01       2.89674248E-07       2.55302636E-01       2.59133768E-01       1.00068053E+00
   799.5000       2.86329698E-01       4.16369129E+00       1.51692845E-06       1.74034220E-05       2.87630340E-01       2.89683240E-07       2.55302240E-01       2.59132522E-01       1.00068056E+00
   799.6000       2.86329709E-01       4.16369381E+00       1.51693029E-06       1.74034084E-05       2.87630288E-01       2.89682261E-07       2.55301844E-01       2.59131276E-01       1.00068055E+00
   799.7000       2.86329719E-01       4.16369638E+00       1.51693216E-06       1.74033956E-05       2.87630235E-01       2.89686263E-07       2.55301448E-01       2.59130031E-01       1.00068056E+00
   799.8000       2.86329729E-01       4.16369911E+00       1.51693415E-06       1.74033840E-05       2.87630182E-01       2.89684126E-07       2.55301051E-01       2.59128787E-01       1.00068056E+00
   799.9000       2.86329740E-01       4.16370189E+00       1.51693617E-06       1.74033734E-05       2.87630130E-01       2.89683279E-07       2.55300655E-01       2.59127543E-01       1.00068056E+00
   800.0000       2.86329750E-01       4.16370497E+00       1.51693842E-06       1.74033639E-05       2.87630077E-01       2.89685236E-07       2.55300259E-01       2.59126299E-01       1.00068056E+00
   800.1000       2.86329760E-01       4.16370801E+00       1.51694063E-06       1.74033554E-05       2.87630025E-01       2.89690022E-07       2.55299863E-01       2.59125056E-01       1.00068057E+00
   800.2000       2.86329770E-01       4.16371115E+00       1.51694292E-06       1.74033478E-05       2.87629973E-01       2.89690753E-07       2.55299466E-01       2.59123815E-01       1.00068057E+00
   800.3000       2.86329780E-01       4.16371445E+00       1.51694532E-06       1.74033413E-05       2.87629920E-01       2.89691639E-07       2.55299070E-01       2.59122573E-01       1.00068058E+00
   800.4000       2.86329790E-01       4.16371793E+00       1.51694786E-06       1.74033357E-05       2.87629868E-01       2.89693001E-07       2.55298672E-01       2.59121331E-01       1.00068058E+00
   800.5000       2.86329800E-01       4.16372155E+00       1.51695050E-06       1.74033312E-05       2.87629815E-01       2.89695123E-07       2.55298276E-01       2.59120087E-01       1.00068058E+00
   800.6000       2.86329810E-01       4.16372549E+00       1.51695337E-06       1.74033279E-05       2.87629763E-01       2.89698751E-07       2.55297879E-01       2.59118843E-01       1.00068059E+00
   800.7000       2.86329820E-01       4.16372921E+00       1.51695608E-06       1.74033254E-05       2.87629711E-01       2.89700427E-07       2.55297483E-01       2.59117600E-01       1.00068060E+00
   800.8000       2.86329830E-01       4.16373315E+00       1.51695895E-06       1.74033239E-05       2.87629658E-01       2.89699454E-07       2.55297087E-01       2.59116356E-01       1.00068059E+00
   800.9000       2.86329841E-01       4.16373738E+00       1.51696203E-06       1.74033235E-05       2.87629606E-01       2.89700257E-07       2.55296692E-01       2.59115113E-01       1.00068060E+00
   801.0000       2.86329851E-01       4.16374154E+00       1.51696507E-06       1.74033241E-05       2.87629554E-01       2.89701269E-07       2.55296297E-01       2.59113869E-01       1.00068060E+00
   801.1000       2.86329861E-01       4.16374561E+00       1.51696803E-06       1.74033254E-05       2.87629501E-01       2.89704670E-07       2.55295901E-01       2.59112624E-01       1.00068061E+00
   801.2000       2.86329871E-01       4.16375016E+00       1.51697134E-06       1.74033278E-05       2.87629449E-01       2.89703373E-07       2.55295506E-01       2.59111379E-01       1.00068060E+00
   801.3000       2.86329881E-01       4.16375460E+00       1.51697458E-06       1.74033310E-05       2.87629397E-01       2.89706360E-07       2.55295111E-01       2.59110131E-01       1.00068061E+00
   801.4000       2.86329891E-01       4.16375927E+00       1.51697799E-06       1.74033353E-05       2.87629345E-01       2.89709244E-07       2.55294717E-01       2.59108885E-01       1.00068062E+00
   801.5000       2.86329901E-01       4.16376412E+00       1.51698152E-06       1.74033407E-05       2.87629293E-01       2.89709934E-07       2.55294322E-01       2.59107638E-01       1.00068062E+00
   801.6000       2.86329912E-01       4.16376884E+00       1.51698496E-06       1.74033469E-05       2.87629240E-01       2.89711707E-07       2.55293927E-01       2.59106389E-01       1.00068062E+00
   801.7000       2.86329920E-01       4.16377375E+00       1.51698854E-06       1.74033540E-05       2.87629188E-01       2.89716957E-07       2.55293532E-01       2.59105141E-01       1.00068064E+00
   801.8000       2.86329931E-01       4.16377898E+00       1.51699235E-06       1.74033623E-05       2.87629136E-01       2.89710808E-07       2.55293137E-01       2.59103892E-01       1.00068062E+00
   801.9000       2.86329939E-01       4.16378408E+00       1.51699607E-06       1.74033713E-05       2.87629084E-01       2.89726000E-07       2.55292741E-01       2.59102645E-01       1.00068066E+00
   802.0000       2.86329951E-01       4.16378940E+00       1.51699994E-06       1.74033813E-05       2.87629032E-01       2.89719611E-07       2.55292343E-01       2.59101397E-01       1.00068064E+00
   802.1000       2.86329960E-01       4.16379486E+00       1.51700392E-06       1.74033922E-05       2.87628980E-01       2.89721313E-07       2.55291946E-01       2.59100148E-01       1.00068065E+00
   802.2000       2.86329971E-01       4.16380058E+00       1.51700808E-06       1.74034042E-05       2.87628928E-01       2.89723639E-07       2.55291548E-01       2.59098898E-01       1.00068065E+00
   802.3000       2.86329981E-01       4.16380642E+00       1.51701234E-06       1.74034172E-05       2.87628876E-01       2.89722682E-07       2.55291149E-01       2.59097649E-01       1.00068065E+00
   802.4000       2.86329991E-01       4.16381245E+00       1.51701674E-06       1.74034313E-05       2.87628824E-01       2.89726535E-07       2.55290748E-01       2.59096399E-01       1.00068066E+00
   802.5000       2.86330000E-01       4.16381827E+00       1.51702098E-06       1.74034464E-05       2.87628772E-01       2.89733428E-07       2.55290348E-01       2.59095148E-01       1.00068067E+00
   802.6000       2.86330010E-01       4.16382464E+00       1.51702561E-06       1.74034626E-05       2.87628720E-01       2.89733967E-07       2.55289946E-01       2.59093897E-01       1.00068068E+00
   802.7000       2.86330020E-01       4.16383093E+00       1.51703020E-06       1.74034798E-05       2.87628668E-01       2.89733024E-07       2.55289544E-01       2.59092647E-01       1.00068067E+00
   802.8000       2.86330030E-01       4.16383720E+00       1.51703477E-06       1.74034980E-05       2.87628616E-01       2.89733432E-07       2.55289140E-01       2.59091398E-01       1.00068067E+00
   802.9000       2.86330041E-01       4.16384346E+00       1.51703933E-06       1.74035170E-05       2.87628564E-01       2.89733567E-07       2.55288735E-01       2.59090149E-01       1.00068068E+00
   803.0000       2.86330050E-01       4.16385032E+00       1.51704433E-06       1.74035372E-05       2.87628512E-01       2.89741990E-07       2.55288328E-01       2.59088899E-01       1.00068070E+00
   803.1000       2.86330060E-01       4.16385732E+00       1.51704943E-06       1.74035585E-05       2.87628461E-01       2.89739293E-07       2.55287922E-01       2.59087651E-01       1.00068069E+00
   803.2000       2.86330070E-01       4.16386413E+00       1.51705440E-06       1.74035808E-05       2.87628409E-01       2.89742192E-07       2.55287515E-01       2.59086403E-01       1.00068070E+00
   803.3000       2.86330079E-01       4.16387105E+00       1.51705944E-06       1.74036040E-05       2.87628357E-01       2.89746851E-07       2.55287108E-01       2.59085155E-01       1.00068071E+00
   803.4000       2.86330089E-01       4.16387819E+00       1.51706464E-06       1.74036281E-05       2.87628305E-01       2.89745894E-07       2.55286700E-01       2.59083905E-01       1.00068070E+00
   803.5000       2.86330099E-01       4.16388561E+00       1.51707004E-06       1.74036535E-05       2.87628253E-01       2.89750175E-07       2.55286293E-01       2.59082654E-01       1.00068071E+00
   803.6000       2.86330108E-01       4.16389318E+00       1.51707556E-06       1.74036800E-05       2.87628202E-01       2.89755836E-07       2.55285886E-01       2.59081401E-01       1.00068073E+00
   803.7000       2.86330119E-01       4.16390068E+00       1.51708103E-06       1.74037074E-05       2.87628150E-01       2.89751471E-07       2.55285480E-01       2.59080147E-01       1.00068072E+00
   803.8000       2.86330128E-01       4.16390825E+00       1.51708654E-06       1.74037359E-05       2.87628098E-01       2.89754300E-07       2.55285075E-01       2.59078892E-01       1.00068072E+00
   803.9000       2.86330138E-01       4.16391590E+00       1.51709212E-06       1.74037652E-05       2.87628047E-01       2.89756357E-07       2.55284670E-01       2.59077636E-01       1.00068073E+00
   804.0000       2.86330148E-01       4.16392386E+00       1.51709792E-06       1.74037957E-05       2.87627995E-01       2.89760352E-07       2.55284265E-01       2.59076378E-01       1.00068074E+00
   804.1000       2.86330156E-01       4.16393204E+00       1.51710388E-06       1.74038272E-05       2.87627943E-01       2.89766833E-07       2.55283861E-01       2.59075120E-01       1.00068075E+00
   804.2000       2.86330167E-01       4.16394013E+00       1.51710978E-06       1.74038596E-05       2.87627892E-01       2.89762994E-07       2.55283458E-01       2.59073859E-01       1.00068075E+00
   804.3000       2.86330177E-01       4.16394833E+00       1.51711575E-06       1.74038930E-05       2.87627840E-01       2.89765845E-07       2.55283055E-01       2.59072598E-01       1.00068075E+00
   804.4000       2.86330186E-01       4.16395660E+00       1.51712178E-06       1.74039274E-05       2.87627788E-01       2.89769711E-07       2.55282653E-01       2.59071336E-01       1.00068076E+00
   804.5000       2.86330197E-01       4.16396547E+00       1.51712824E-06       1.74039631E-05       2.87627737E-01       2.89766467E-07       2.55282252E-01       2.59070072E-01       1.00068075E+00
   804.6000       2.86330206E-01       4.16397412E+00       1.51713454E-06       1.74039998E-05       2.87627685E-01       2.89775128E-07       2.55281851E-01       2.59068807E-01       1.00068077E+00
   804.7000       2.86330217E-01       4.16398299E+00       1.51714100E-06       1.74040375E-05       2.87627634E-01       2.89773917E-07       2.55281450E-01       2.59067544E-01       1.00068077E+00
   804.8000       2.86330226E-01       4.16399134E+00       1.51714709E-06       1.74040758E-05       2.87627582E-01       2.89777344E-07       2.55281050E-01       2.59066282E-01       1.00068078E+00
   804.9000       2.86330236E-01       4.16400004E+00       1.51715343E-06       1.74041148E-05       2.87627531E-01       2.89774979E-07       2.55280650E-01       2.59065019E-01       1.00068077E+00
   805.0000       2.86330245E-01       4.16400881E+00       1.51715982E-06       1.74041545E-05       2.87627479E-01       2.89783066E-07       2.55280250E-01       2.59063757E-01       1.00068079E+00
   805.1000       2.86330254E-01       4.16401790E+00       1.51716644E-06       1.74041951E-05       2.87627428E-01       2.89785379E-07       2.55279850E-01       2.59062495E-01       1.00068080E+00
   805.2000       2.86330265E-01       4.16402689E+00       1.51717299E-06       1.74042365E-05       2.87627377E-01       2.89782532E-07       2.55279450E-01       2.59061233E-01       1.00068079E+00
   805.3000       2.86330274E-01       4.16403592E+00       1.51717957E-06       1.74042785E-05       2.87627325E-01       2.89789119E-07       2.55279050E-01       2.59059973E-01       1.00068081E+00
   805.4000       2.86330283E-01       4.16404553E+00       1.51718658E-06       1.74043218E-05       2.87627274E-01       2.89790150E-07       2.55278649E-01       2.59058714E-01       1.00068081E+00
   805.5000       2.86330293E-01       4.16405521E+00       1.51719363E-06       1.74043662E-05       2.87627222E-01       2.89790316E-07       2.55278248E-01       2.59057458E-01       1.00068081E+00
   805.6000       2.86330303E-01       4.16406526E+00       1.51720095E-06       1.74044117E-05       2.87627171E-01       2.89795648E-07       2.55277845E-01       2.59056203E-01       1.00068082E+00
   805.7000       2.86330312E-01       4.16407529E+00       1.51720826E-06       1.74044584E-05       2.87627120E-01       2.89800200E-07       2.55277441E-01       2.59054950E-01       1.00068083E+00
   805.8000       2.86330321E-01       4.16408518E+00       1.51721547E-06       1.74045060E-05       2.87627068E-01       2.89801828E-07       2.55277037E-01       2.59053699E-01       1.00068084E+00
   805.9000       2.86330331E-01       4.16409517E+00       1.51722275E-06       1.74045544E-05       2.87627017E-01       2.89805803E-07       2.55276631E-01       2.59052447E-01       1.00068085E+00
   806.0000       2.86330341E-01       4.16410569E+00       1.51723042E-06       1.74046040E-05       2.87626966E-01       2.89805514E-07       2.55276224E-01       2.59051195E-01       1.00068085E+00
   806.1000       2.86330350E-01       4.16411614E+00       1.51723803E-06       1.74046548E-05       2.87626915E-01       2.89810100E-07       2.55275817E-01       2.59049944E-01       1.00068086E+00
   806.2000       2.86330359E-01       4.16412683E+00       1.51724582E-06       1.74047066E-05       2.87626864E-01       2.89815083E-07       2.55275409E-01       2.59048694E-01       1.00068087E+00
   806.3000       2.86330369E-01       4.16413730E+00       1.51725345E-06       1.74047592E-05       2.87626812E-01       2.89813789E-07       2.55275001E-01       2.59047446E-01       1.00068087E+00
   806.4000       2.86330380E-01       4.16414855E+00       1.51726165E-06       1.74048133E-05       2.87626761E-01       2.89815884E-07       2.55274592E-01       2.59046197E-01       1.00068087E+00
   806.5000       2.86330389E-01       4.16415961E+00       1.51726971E-06       1.74048684E-05       2.87626710E-01       2.89817774E-07       2.55274182E-01       2.59044948E-01       1.00068088E+00
   806.6000       2.86330398E-01       4.16417085E+00       1.51727790E-06       1.74049247E-05       2.87626659E-01       2.89821700E-07       2.55273772E-01       2.59043699E-01       1.00068088E+00
   806.7000       2.86330407E-01       4.16418233E+00       1.51728626E-06       1.74049822E-05       2.87626608E-01       2.89826187E-07       2.55273361E-01       2.59042450E-01       1.00068090E+00
   806.8000       2.86330416E-01       4.16419374E+00       1.51729458E-06       1.74050408E-05       2.87626557E-01       2.89828145E-07       2.55272949E-01       2.59041201E-01       1.00068090E+00
   806.9000       2.86330427E-01       4.16420536E+00       1.51730305E-06       1.74051004E-05       2.87626506E-01       2.89828119E-07       2.55272536E-01       2.59039952E-01       1.00068090E+00
   807.0000       2.86330435E-01       4.16421701E+00       1.51731154E-06       1.74051609E-05       2.87626455E-01       2.89835271E-07       2.55272123E-01       2.59038703E-01       1.00068092E+00
   807.1000       2.86330446E-01       4.16422863E+00       1.51732001E-06       1.74052224E-05       2.87626404E-01       2.89831307E-07       2.55271709E-01       2.59037452E-01       1.00068091E+00
   807.2000       2.86330455E-01       4.16424054E+00       1.51732869E-06       1.74052849E-05       2.87626353E-01       2.89837689E-07       2.55271295E-01       2.59036199E-01       1.00068092E+00
   807.3000       2.86330464E-01       4.16425239E+00       1.51733732E-06       1.74053484E-05       2.87626302E-01       2.89842184E-07       2.55270882E-01       2.59034945E-01       1.00068093E+00
   807.4000       2.86330473E-01       4.16426444E+00       1.51734610E-06       1.74054128E-05       2.87626251E-01       2.89848083E-07       2.55270469E-01       2.59033689E-01       1.00068095E+00
   807.5000       2.86330483E-01       4.16427676E+00       1.51735508E-06       1.74054783E-05       2.87626200E-01       2.89846532E-07       2.55270057E-01       2.59032430E-01       1.00068094E+00
   807.6000       2.86330493E-01       4.16428915E+00       1.51736411E-06       1.74055449E-05       2.87626149E-01       2.89845972E-07       2.55269645E-01       2.59031170E-01       1.00068094E+00
   807.7000       2.86330501E-01       4.16430148E+00       1.51737310E-06       1.74056123E-05       2.87626098E-01       2.89853516E-07       2.55269234E-01       2.59029907E-01       1.00068096E+00
   807.8000       2.86330511E-01       4.16431422E+00       1.51738238E-06       1.74056808E-05       2.87626047E-01       2.89855342E-07       2.55268823E-01       2.59028642E-01       1.00068096E+00
   807.9000       2.86330521E-01       4.16432702E+00       1.51739171E-06       1.74057504E-05       2.87625996E-01       2.89857668E-07       2.55268413E-01       2.59027377E-01       1.00068097E+00
   808.0000       2.86330530E-01       4.16433983E+00       1.51740104E-06       1.74058210E-05       2.87625945E-01       2.89860389E-07       2.55268005E-01       2.59026109E-01       1.00068098E+00
   808.1000       2.86330539E-01       4.16435262E+00       1.51741036E-06       1.74058923E-05       2.87625895E-01       2.89864812E-07       2.55267597E-01       2.59024837E-01       1.00068099E+00
   808.2000       2.86330548E-01       4.16436563E+00       1.51741985E-06       1.74059645E-05       2.87625844E-01       2.89866282E-07       2.55267190E-01       2.59023564E-01       1.00068099E+00
   808.3000       2.86330558E-01       4.16437903E+00       1.51742961E-06       1.74060379E-05       2.87625793E-01       2.89869332E-07       2.55266782E-01       2.59022290E-01       1.00068100E+00
   808.4000       2.86330566E-01       4.16439239E+00       1.51743935E-06       1.74061123E-05       2.87625742E-01       2.89875991E-07       2.55266374E-01       2.59021015E-01       1.00068101E+00
   808.5000       2.86330576E-01       4.16440585E+00       1.51744916E-06       1.74061878E-05       2.87625691E-01       2.89875793E-07       2.55265967E-01       2.59019739E-01       1.00068101E+00
   808.6000       2.86330585E-01       4.16441921E+00       1.51745889E-06       1.74062640E-05       2.87625641E-01       2.89879518E-07       2.55265560E-01       2.59018463E-01       1.00068102E+00
   808.7000       2.86330594E-01       4.16443292E+00       1.51746888E-06       1.74063412E-05       2.87625590E-01       2.89885280E-07       2.55265151E-01       2.59017188E-01       1.00068104E+00
   808.8000       2.86330603E-01       4.16444688E+00       1.51747906E-06       1.74064196E-05       2.87625539E-01       2.89889214E-07       2.55264742E-01       2.59015912E-01       1.00068104E+00
   808.9000       2.86330613E-01       4.16446092E+00       1.51748929E-06       1.74064990E-05       2.87625489E-01       2.89887558E-07       2.55264333E-01       2.59014637E-01       1.00068104E+00
   809.0000       2.86330623E-01       4.16447493E+00       1.51749950E-06       1.74065795E-05       2.87625438E-01       2.89888698E-07       2.55263924E-01       2.59013363E-01       1.00068104E+00
   809.1000       2.86330632E-01       4.16448859E+00       1.51750946E-06       1.74066603E-05       2.87625387E-01       2.89892255E-07       2.55263515E-01       2.59012093E-01       1.00068105E+00
   809.2000       2.86330641E-01       4.16450284E+00       1.51751984E-06       1.74067422E-05       2.87625337E-01       2.89894541E-07       2.55263105E-01       2.59010824E-01       1.00068106E+00
   809.3000       2.86330651E-01       4.16451685E+00       1.51753005E-06       1.74068246E-05       2.87625286E-01       2.89892901E-07       2.55262695E-01       2.59009556E-01       1.00068105E+00
   809.4000       2.86330660E-01       4.16453113E+00       1.51754046E-06       1.74069080E-05       2.87625236E-01       2.89898333E-07       2.55262285E-01       2.59008289E-01       1.00068107E+00
   809.5000       2.86330669E-01       4.16454551E+00       1.51755094E-06       1.74069922E-05       2.87625185E-01       2.89903604E-07       2.55261874E-01       2.59007025E-01       1.00068108E+00
   809.6000       2.86330677E-01       4.16456006E+00       1.51756154E-06       1.74070774E-05       2.87625135E-01       2.89910245E-07       2.55261463E-01       2.59005761E-01       1.00068109E+00
   809.7000       2.86330688E-01       4.16457483E+00       1.51757231E-06       1.74071635E-05       2.87625084E-01       2.89910669E-07       2.55261052E-01       2.59004499E-01       1.00068110E+00
   809.8000       2.86330696E-01       4.16458978E+00       1.51758320E-06       1.74072507E-05       2.87625034E-01       2.89915247E-07       2.55260640E-01       2.59003237E-01       1.00068111E+00
   809.9000       2.86330705E-01       4.16460476E+00       1.51759412E-06       1.74073390E-05       2.87624983E-01       2.89919444E-07       2.55260228E-01       2.59001976E-01       1.00068112E+00
   810.0000       2.86330714E-01       4.16461961E+00       1.51760494E-06       1.74074279E-05       2.87624933E-01       2.89928284E-07       2.55259815E-01       2.59000719E-01       1.00068114E+00
   810.1000       2.86330723E-01       4.16463499E+00       1.51761615E-06       1.74075180E-05       2.87624882E-01       2.89926685E-07       2.55259402E-01       2.58999460E-01       1.00068113E+00
   810.2000       2.86330732E-01       4.16465035E+00       1.51762735E-06       1.74076090E-05       2.87624832E-01       2.89929584E-07       2.55258989E-01       2.58998202E-01       1.00068114E+00
   810.3000       2.86330741E-01       4.16466573E+00       1.51763856E-06       1.74077010E-05       2.87624782E-01       2.89931438E-07       2.55258575E-01       2.58996944E-01       1.00068114E+00
   810.4000       2.86330750E-01       4.16468138E+00       1.51764996E-06       1.74077940E-05       2.87624731E-01       2.89935935E-07       2.55258160E-01       2.58995688E-01       1.00068116E+00
   810.5000       2.86330760E-01       4.16469697E+00       1.51766133E-06       1.74078879E-05       2.87624681E-01       2.89934364E-07       2.55257744E-01       2.58994431E-01       1.00068115E+00
   810.6000       2.86330769E-01       4.16471300E+00       1.51767301E-06       1.74079830E-05       2.87624631E-01       2.89940718E-07       2.55257328E-01       2.58993172E-01       1.00068117E+00
   810.7000       2.86330778E-01       4.16472932E+00       1.51768490E-06       1.74080794E-05       2.87624580E-01       2.89942565E-07       2.55256912E-01       2.58991911E-01       1.00068117E+00
   810.8000       2.86330786E-01       4.16474549E+00       1.51769669E-06       1.74081768E-05       2.87624530E-01       2.89950188E-07       2.55256496E-01       2.58990650E-01       1.00068119E+00
   810.9000       2.86330796E-01       4.16476197E+00       1.51770870E-06       1.74082755E-05       2.87624480E-01       2.89949051E-07       2.55256080E-01       2.58989388E-01       1.00068119E+00
   811.0000       2.86330806E-01       4.16477863E+00       1.51772084E-06       1.74083754E-05       2.87624430E-01       2.89951130E-07       2.55255664E-01       2.58988126E-01       1.00068119E+00
   811.1000       2.86330814E-01       4.16479509E+00       1.51773284E-06       1.74084762E-05       2.87624379E-01       2.89956686E-07       2.55255249E-01       2.58986864E-01       1.00068120E+00
   811.2000       2.86330823E-01       4.16481158E+00       1.51774485E-06       1.74085778E-05       2.87624329E-01       2.89961901E-07       2.55254834E-01       2.58985600E-01       1.00068122E+00
   811.3000       2.86330832E-01       4.16482831E+00       1.51775705E-06       1.74086804E-05       2.87624279E-01       2.89967839E-07       2.55254419E-01       2.58984335E-01       1.00068123E+00
   811.4000       2.86330841E-01       4.16484522E+00       1.51776937E-06       1.74087840E-05       2.87624229E-01       2.89968427E-07       2.55254005E-01       2.58983070E-01       1.00068123E+00
   811.5000       2.86330850E-01       4.16486210E+00       1.51778168E-06       1.74088885E-05       2.87624179E-01       2.89973478E-07       2.55253590E-01       2.58981805E-01       1.00068124E+00
   811.6000       2.86330859E-01       4.16487915E+00       1.51779411E-06       1.74089940E-05       2.87624129E-01       2.89974373E-07       2.55253176E-01       2.58980539E-01       1.00068125E+00
   811.7000       2.86330868E-01       4.16489643E+00       1.51780670E-06       1.74091004E-05       2.87624079E-01       2.89978777E-07       2.55252762E-01       2.58979272E-01       1.00068126E+00
   811.8000       2.86330877E-01       4.16491395E+00       1.51781947E-06       1.74092081E-05       2.87624028E-01       2.89982035E-07       2.55252349E-01       2.58978005E-01       1.00068127E+00
   811.9000       2.86330886E-01       4.16493148E+00       1.51783224E-06       1.74093166E-05       2.87623978E-01       2.89986306E-07       2.55251935E-01       2.58976738E-01       1.00068128E+00
   812.0000       2.86330895E-01       4.16494908E+00       1.51784508E-06       1.74094261E-05       2.87623928E-01       2.89986848E-07       2.55251522E-01       2.58975471E-01       1.00068128E+00
   812.1000       2.86330903E-01       4.16496673E+00       1.51785794E-06       1.74095366E-05       2.87623878E-01       2.89993935E-07       2.55251110E-01       2.58974203E-01       1.00068129E+00
   812.2000       2.86330912E-01       4.16498461E+00       1.51787097E-06       1.74096481E-05       2.87623828E-01       2.89993839E-07       2.55250699E-01       2.58972934E-01       1.00068129E+00
   812.3000       2.86330921E-01       4.16500259E+00       1.51788408E-06       1.74097605E-05       2.87623778E-01       2.90001322E-07       2.55250288E-01       2.58971666E-01       1.00068131E+00
   812.4000       2.86330930E-01       4.16502066E+00       1.51789725E-06       1.74098739E-05       2.87623728E-01       2.90002264E-07       2.55249876E-01       2.58970396E-01       1.00068131E+00
   812.5000       2.86330939E-01       4.16503858E+00       1.51791030E-06       1.74099880E-05       2.87623679E-01       2.90006745E-07       2.55249466E-01       2.58969127E-01       1.00068132E+00
   812.6000       2.86330948E-01       4.16505669E+00       1.51792351E-06       1.74101029E-05       2.87623629E-01       2.90006981E-07       2.55249055E-01       2.58967857E-01       1.00068132E+00
   812.7000       2.86330956E-01       4.16507517E+00       1.51793697E-06       1.74102188E-05       2.87623579E-01       2.90014465E-07       2.55248644E-01       2.58966584E-01       1.00068134E+00
   812.8000       2.86330965E-01       4.16509376E+00       1.51795053E-06       1.74103359E-05       2.87623529E-01       2.90015003E-07       2.55248233E-01       2.58965312E-01       1.00068134E+00
   812.9000       2.86330975E-01       4.16511208E+00       1.51796388E-06       1.74104535E-05       2.87623479E-01       2.90018773E-07       2.55247822E-01       2.58964042E-01       1.00068135E+00
   813.0000       2.86330982E-01       4.16513056E+00       1.51797735E-06       1.74105720E-05       2.87623429E-01       2.90024367E-07       2.55247411E-01       2.58962770E-01       1.00068137E+00
   813.1000       2.86330992E-01       4.16514955E+00       1.51799119E-06       1.74106916E-05       2.87623379E-01       2.90028720E-07       2.55246998E-01       2.58961500E-01       1.00068138E+00
   813.2000       2.86331000E-01       4.16516833E+00       1.51800488E-06       1.74108120E-05       2.87623330E-01       2.90031390E-07       2.55246586E-01       2.58960230E-01       1.00068138E+00
   813.3000       2.86331009E-01       4.16518774E+00       1.51801903E-06       1.74109337E-05       2.87623280E-01       2.90037440E-07       2.55246173E-01       2.58958958E-01       1.00068140E+00
   813.4000       2.86331019E-01       4.16520712E+00       1.51803316E-06       1.74110565E-05       2.87623230E-01       2.90037013E-07       2.55245759E-01       2.58957687E-01       1.00068140E+00
   813.5000       2.86331026E-01       4.16522662E+00       1.51804737E-06       1.74111804E-05       2.87623180E-01       2.90045767E-07       2.55245344E-01       2.58956415E-01       1.00068142E+00
   813.6000       2.86331036E-01       4.16524612E+00       1.51806159E-06       1.74113053E-05       2.87623131E-01       2.90044750E-07       2.55244929E-01       2.58955143E-01       1.00068141E+00
   813.7000       2.86331044E-01       4.16526557E+00       1.51807576E-06       1.74114309E-05       2.87623081E-01       2.90050522E-07       2.55244515E-01       2.58953872E-01       1.00068143E+00
   813.8000       2.86331053E-01       4.16528536E+00       1.51809019E-06       1.74115578E-05       2.87623031E-01       2.90052637E-07       2.55244099E-01       2.58952603E-01       1.00068143E+00
   813.9000       2.86331062E-01       4.16530488E+00       1.51810441E-06       1.74116853E-05       2.87622982E-01       2.90055774E-07       2.55243684E-01       2.58951334E-01       1.00068144E+00
   814.0000       2.86331070E-01       4.16532476E+00       1.51811890E-06       1.74118138E-05       2.87622932E-01       2.90062822E-07       2.55243269E-01       2.58950066E-01       1.00068146E+00
   814.1000       2.86331080E-01       4.16534491E+00       1.51813359E-06       1.74119434E-05       2.87622882E-01       2.90061962E-07       2.55242853E-01       2.58948799E-01       1.00068145E+00
   814.2000       2.86331088E-01       4.16536526E+00       1.51814843E-06       1.74120742E-05       2.87622833E-01       2.90071509E-07       2.55242437E-01       2.58947532E-01       1.00068148E+00
   814.3000       2.86331097E-01       4.16538557E+00       1.51816323E-06       1.74122059E-05       2.87622783E-01       2.90070077E-07       2.55242020E-01       2.58946265E-01       1.00068147E+00
   814.4000       2.86331106E-01       4.16540599E+00       1.51817812E-06       1.74123385E-05       2.87622734E-01       2.90075873E-07       2.55241603E-01       2.58944999E-01       1.00068149E+00
   814.5000       2.86331113E-01       4.16542660E+00       1.51819314E-06       1.74124722E-05       2.87622684E-01       2.90084040E-07       2.55241186E-01       2.58943733E-01       1.00068151E+00
   814.6000       2.86331121E-01       4.16544724E+00       1.51820819E-06       1.74126069E-05       2.87622635E-01       2.90092937E-07       2.55240767E-01       2.58942470E-01       1.00068153E+00
   814.7000       2.86331131E-01       4.16546833E+00       1.51822356E-06       1.74127430E-05       2.87622585E-01       2.90088561E-07       2.55240349E-01       2.58941206E-01       1.00068152E+00
   814.8000       2.86331139E-01       4.16548906E+00       1.51823867E-06       1.74128798E-05       2.87622536E-01       2.90096485E-07       2.55239931E-01       2.58939943E-01       1.00068154E+00
   814.9000       2.86331148E-01       4.16550981E+00       1.51825380E-06       1.74130174E-05       2.87622486E-01       2.90098294E-07       2.55239514E-01       2.58938679E-01       1.00068154E+00
   815.0000       2.86331155E-01       4.16553089E+00       1.51826917E-06       1.74131559E-05       2.87622437E-01       2.90107334E-07       2.55239098E-01       2.58937415E-01       1.00068156E+00
   815.1000       2.86331166E-01       4.16555256E+00       1.51828496E-06       1.74132958E-05       2.87622387E-01       2.90105228E-07       2.55238681E-01       2.58936148E-01       1.00068156E+00
   815.2000       2.86331174E-01       4.16557380E+00       1.51830044E-06       1.74134365E-05       2.87622338E-01       2.90108982E-07       2.55238265E-01       2.58934883E-01       1.00068157E+00
   815.3000       2.86331181E-01       4.16559488E+00       1.51831581E-06       1.74135778E-05       2.87622289E-01       2.90121150E-07       2.55237849E-01       2.58933617E-01       1.00068159E+00
   815.4000       2.86331191E-01       4.16561643E+00       1.51833152E-06       1.74137201E-05       2.87622239E-01       2.90116519E-07       2.55237433E-01       2.58932350E-01       1.00068158E+00
   815.5000       2.86331199E-01       4.16563809E+00       1.51834731E-06       1.74138632E-05       2.87622190E-01       2.90125674E-07       2.55237017E-01       2.58931083E-01       1.00068161E+00
   815.6000       2.86331208E-01       4.16565992E+00       1.51836323E-06       1.74140075E-05       2.87622141E-01       2.90125979E-07       2.55236601E-01       2.58929817E-01       1.00068161E+00
   815.7000       2.86331217E-01       4.16568176E+00       1.51837914E-06       1.74141524E-05       2.87622091E-01       2.90129273E-07       2.55236185E-01       2.58928550E-01       1.00068161E+00
   815.8000       2.86331224E-01       4.16570377E+00       1.51839519E-06       1.74142984E-05       2.87622042E-01       2.90138792E-07       2.55235769E-01       2.58927282E-01       1.00068164E+00
   815.9000       2.86331233E-01       4.16572604E+00       1.51841143E-06       1.74144454E-05       2.87621993E-01       2.90141452E-07       2.55235354E-01       2.58926013E-01       1.00068164E+00
   816.0000       2.86331242E-01       4.16574834E+00       1.51842768E-06       1.74145933E-05       2.87621943E-01       2.90144408E-07       2.55234938E-01       2.58924744E-01       1.00068165E+00
   816.1000       2.86331249E-01       4.16577063E+00       1.51844393E-06       1.74147421E-05       2.87621894E-01       2.90153005E-07       2.55234523E-01       2.58923475E-01       1.00068167E+00
   816.2000       2.86331259E-01       4.16579314E+00       1.51846034E-06       1.74148918E-05       2.87621845E-01       2.90151294E-07       2.55234108E-01       2.58922205E-01       1.00068167E+00
   816.3000       2.86331267E-01       4.16581586E+00       1.51847691E-06       1.74150427E-05       2.87621796E-01       2.90157257E-07       2.55233693E-01       2.58920935E-01       1.00068168E+00
   816.4000       2.86331274E-01       4.16583872E+00       1.51849357E-06       1.74151947E-05       2.87621747E-01       2.90166100E-07       2.55233279E-01       2.58919663E-01       1.00068170E+00
   816.5000       2.86331283E-01       4.16586130E+00       1.51851003E-06       1.74153474E-05       2.87621698E-01       2.90167703E-07       2.55232866E-01       2.58918392E-01       1.00068171E+00
   816.6000       2.86331291E-01       4.16588428E+00       1.51852679E-06       1.74155011E-05       2.87621648E-01       2.90174072E-07       2.55232451E-01       2.58917120E-01       1.00068172E+00
   816.7000       2.86331301E-01       4.16590748E+00       1.51854370E-06       1.74156558E-05       2.87621599E-01       2.90173662E-07       2.55232037E-01       2.58915847E-01       1.00068172E+00
   816.8000       2.86331309E-01       4.16593086E+00       1.51856074E-06       1.74158116E-05       2.87621550E-01       2.90177530E-07       2.55231624E-01       2.58914575E-01       1.00068173E+00
   816.9000       2.86331318E-01       4.16595415E+00       1.51857773E-06       1.74159684E-05       2.87621501E-01       2.90180925E-07       2.55231210E-01       2.58913302E-01       1.00068174E+00
   817.0000       2.86331326E-01       4.16597756E+00       1.51859479E-06       1.74161260E-05       2.87621452E-01       2.90187675E-07       2.55230797E-01       2.58912028E-01       1.00068175E+00
   817.1000       2.86331334E-01       4.16600118E+00       1.51861201E-06       1.74162847E-05       2.87621403E-01       2.90191588E-07       2.55230384E-01       2.58910753E-01       1.00068176E+00
   817.2000       2.86331342E-01       4.16602450E+00       1.51862901E-06       1.74164440E-05       2.87621354E-01       2.90196166E-07       2.55229972E-01       2.58909479E-01       1.00068177E+00
   817.3000       2.86331351E-01       4.16604813E+00       1.51864624E-06       1.74166042E-05       2.87621305E-01       2.90199798E-07       2.55229558E-01       2.58908204E-01       1.00068178E+00
   817.4000       2.86331359E-01       4.16607203E+00       1.51866366E-06       1.74167654E-05       2.87621256E-01       2.90201541E-07       2.55229144E-01       2.58906929E-01       1.00068179E+00
   817.5000       2.86331367E-01       4.16609616E+00       1.51868125E-06       1.74169278E-05       2.87621207E-01       2.90207615E-07       2.55228730E-01       2.58905655E-01       1.00068180E+00
   817.6000       2.86331375E-01       4.16612017E+00       1.51869876E-06       1.74170909E-05       2.87621158E-01       2.90213251E-07       2.55228314E-01       2.58904382E-01       1.00068181E+00
   817.7000       2.86331384E-01       4.16614402E+00       1.51871615E-06       1.74172547E-05       2.87621109E-01       2.90215160E-07       2.55227898E-01       2.58903108E-01       1.00068182E+00
   817.8000       2.86331392E-01       4.16616823E+00       1.51873380E-06       1.74174193E-05       2.87621061E-01       2.90223124E-07       2.55227482E-01       2.58901832E-01       1.00068184E+00
   817.9000       2.86331400E-01       4.16619249E+00       1.51875148E-06       1.74175849E-05       2.87621012E-01       2.90225990E-07       2.55227066E-01       2.58900559E-01       1.00068184E+00
   818.0000       2.86331409E-01       4.16621682E+00       1.51876922E-06       1.74177513E-05       2.87620963E-01       2.90230326E-07       2.55226649E-01       2.58899286E-01       1.00068185E+00
   818.1000       2.86331417E-01       4.16624174E+00       1.51878740E-06       1.74179189E-05       2.87620914E-01       2.90235143E-07       2.55226231E-01       2.58898014E-01       1.00068187E+00
   818.2000       2.86331425E-01       4.16626660E+00       1.51880552E-06       1.74180876E-05       2.87620865E-01       2.90240860E-07       2.55225812E-01       2.58896744E-01       1.00068188E+00
   818.3000       2.86331433E-01       4.16629110E+00       1.51882338E-06       1.74182569E-05       2.87620816E-01       2.90245944E-07       2.55225393E-01       2.58895474E-01       1.00068189E+00
   818.4000       2.86331441E-01       4.16631634E+00       1.51884178E-06       1.74184273E-05       2.87620768E-01       2.90250303E-07       2.55224972E-01       2.58894204E-01       1.00068190E+00
   818.5000       2.86331450E-01       4.16634145E+00       1.51886010E-06       1.74185988E-05       2.87620719E-01       2.90252285E-07       2.55224552E-01       2.58892935E-01       1.00068191E+00
   818.6000       2.86331458E-01       4.16636659E+00       1.51887842E-06       1.74187712E-05       2.87620670E-01       2.90258148E-07       2.55224133E-01       2.58891664E-01       1.00068192E+00
   818.7000       2.86331466E-01       4.16639195E+00       1.51889692E-06       1.74189444E-05       2.87620621E-01       2.90262263E-07       2.55223712E-01       2.58890394E-01       1.00068193E+00
   818.8000       2.86331474E-01       4.16641727E+00       1.51891538E-06       1.74191186E-05       2.87620573E-01       2.90270627E-07       2.55223291E-01       2.58889126E-01       1.00068195E+00
   818.9000       2.86331482E-01       4.16644269E+00       1.51893391E-06       1.74192936E-05       2.87620524E-01       2.90274347E-07       2.55222871E-01       2.58887859E-01       1.00068196E+00
   819.0000       2.86331489E-01       4.16646796E+00       1.51895234E-06       1.74194692E-05       2.87620475E-01       2.90279636E-07       2.55222450E-01       2.58886593E-01       1.00068197E+00
   819.1000       2.86331498E-01       4.16649346E+00       1.51897093E-06       1.74196456E-05       2.87620427E-01       2.90282956E-07       2.55222031E-01       2.58885326E-01       1.00068198E+00
   819.2000       2.86331506E-01       4.16651901E+00       1.51898955E-06       1.74198228E-05       2.87620378E-01       2.90286753E-07       2.55221612E-01       2.58884060E-01       1.00068199E+00
   819.3000       2.86331515E-01       4.16654494E+00       1.51900846E-06       1.74200008E-05       2.87620330E-01       2.90289322E-07       2.55221194E-01       2.58882793E-01       1.00068199E+00
   819.4000       2.86331522E-01       4.16657124E+00       1.51902764E-06       1.74201801E-05       2.87620281E-01       2.90298879E-07       2.55220774E-01       2.58881524E-01       1.00068202E+00
   819.5000       2.86331531E-01       4.16659716E+00       1.51904654E-06       1.74203601E-05       2.87620232E-01       2.90301316E-07       2.55220356E-01       2.58880255E-01       1.00068202E+00
   819.6000       2.86331539E-01       4.16662341E+00       1.51906568E-06       1.74205411E-05       2.87620184E-01       2.90304772E-07       2.55219939E-01       2.58878985E-01       1.00068203E+00
   819.7000       2.86331548E-01       4.16664934E+00       1.51908459E-06       1.74207227E-05       2.87620135E-01       2.90306360E-07       2.55219523E-01       2.58877715E-01       1.00068203E+00
   819.8000       2.86331556E-01       4.16667597E+00       1.51910401E-06       1.74209054E-05       2.87620087E-01       2.90313566E-07       2.55219107E-01       2.58876447E-01       1.00068205E+00
   819.9000       2.86331563E-01       4.16670250E+00       1.51912335E-06       1.74210890E-05       2.87620038E-01       2.90319472E-07       2.55218692E-01       2.58875178E-01       1.00068207E+00
   820.0000       2.86331572E-01       4.16672931E+00       1.51914290E-06       1.74212738E-05       2.87619990E-01       2.90320171E-07       2.55218278E-01       2.58873908E-01       1.00068207E+00
   820.1000       2.86331578E-01       4.16675581E+00       1.51916222E-06       1.74214592E-05       2.87619942E-01       2.90333778E-07       2.55217864E-01       2.58872639E-01       1.00068210E+00
   820.2000       2.86331587E-01       4.16678257E+00       1.51918174E-06       1.74216454E-05       2.87619893E-01       2.90335504E-07       2.55217452E-01       2.58871368E-01       1.00068210E+00
   820.3000       2.86331595E-01       4.16680965E+00       1.51920149E-06       1.74218327E-05       2.87619845E-01       2.90339821E-07       2.55217040E-01       2.58870095E-01       1.00068211E+00
   820.4000       2.86331603E-01       4.16683672E+00       1.51922122E-06       1.74220209E-05       2.87619796E-01       2.90343196E-07       2.55216628E-01       2.58868822E-01       1.00068212E+00
   820.5000       2.86331611E-01       4.16686383E+00       1.51924099E-06       1.74222100E-05       2.87619748E-01       2.90349880E-07       2.55216216E-01       2.58867548E-01       1.00068214E+00
   820.6000       2.86331619E-01       4.16689095E+00       1.51926077E-06       1.74223998E-05       2.87619700E-01       2.90352795E-07       2.55215805E-01       2.58866275E-01       1.00068214E+00
   820.7000       2.86331627E-01       4.16691800E+00       1.51928049E-06       1.74225903E-05       2.87619651E-01       2.90356665E-07       2.55215393E-01       2.58865002E-01       1.00068215E+00
   820.8000       2.86331635E-01       4.16694522E+00       1.51930034E-06       1.74227814E-05       2.87619603E-01       2.90362118E-07       2.55214982E-01       2.58863730E-01       1.00068217E+00
   820.9000       2.86331643E-01       4.16697261E+00       1.51932031E-06       1.74229734E-05       2.87619555E-01       2.90367348E-07       2.55214570E-01       2.58862457E-01       1.00068218E+00
   821.0000       2.86331651E-01       4.16700028E+00       1.51934049E-06       1.74231662E-05       2.87619506E-01       2.90375628E-07       2.55214157E-01       2.58861183E-01       1.00068220E+00
   821.1000       2.86331658E-01       4.16702809E+00       1.51936077E-06       1.74233600E-05       2.87619458E-01       2.90379446E-07       2.55213744E-01       2.58859910E-01       1.00068221E+00
   821.2000       2.86331666E-01       4.16705597E+00       1.51938111E-06       1.74235547E-05       2.87619410E-01       2.90384892E-07       2.55213330E-01       2.58858637E-01       1.00068222E+00
   821.3000       2.86331674E-01       4.16708420E+00       1.51940169E-06       1.74237506E-05       2.87619362E-01       2.90387886E-07       2.55212915E-01       2.58857364E-01       1.00068223E+00
   821.4000       2.86331683E-01       4.16711213E+00       1.51942205E-06       1.74239471E-05       2.87619314E-01       2.90389851E-07       2.55212500E-01       2.58856092E-01       1.00068223E+00
   821.5000       2.86331691E-01       4.16714017E+00       1.51944251E-06       1.74241445E-05       2.87619265E-01       2.90395612E-07       2.55212086E-01       2.58854819E-01       1.00068225E+00
   821.6000       2.86331698E-01       4.16716853E+00       1.51946319E-06       1.74243427E-05       2.87619217E-01       2.90403395E-07       2.55211670E-01       2.58853546E-01       1.00068226E+00
   821.7000       2.86331705E-01       4.16719732E+00       1.51948418E-06       1.74245423E-05       2.87619169E-01       2.90413334E-07       2.55211253E-01       2.58852271E-01       1.00068229E+00
   821.8000       2.86331713E-01       4.16722558E+00       1.51950479E-06       1.74247424E-05       2.87619121E-01       2.90413787E-07       2.55210836E-01       2.58850998E-01       1.00068229E+00
   821.9000       2.86331721E-01       4.16725421E+00       1.51952567E-06       1.74249435E-05       2.87619073E-01       2.90416682E-07       2.55210418E-01       2.58849726E-01       1.00068230E+00
   822.0000       2.86331730E-01       4.16728284E+00       1.51954655E-06       1.74251454E-05       2.87619025E-01       2.90421144E-07       2.55209999E-01       2.58848454E-01       1.00068231E+00
   822.1000       2.86331738E-01       4.16731187E+00       1.51956772E-06       1.74253484E-05       2.87618977E-01       2.90427895E-07       2.55209581E-01       2.58847183E-01       1.00068232E+00
   822.2000       2.86331744E-01       4.16734060E+00       1.51958867E-06       1.74255522E-05       2.87618929E-01       2.90433799E-07       2.55209161E-01       2.58845914E-01       1.00068234E+00
   822.3000       2.86331753E-01       4.16736986E+00       1.51961001E-06       1.74257570E-05       2.87618881E-01       2.90435775E-07       2.55208741E-01       2.58844644E-01       1.00068234E+00
   822.4000       2.86331760E-01       4.16739915E+00       1.51963137E-06       1.74259628E-05       2.87618833E-01       2.90444703E-07       2.55208322E-01       2.58843375E-01       1.00068236E+00
   822.5000       2.86331769E-01       4.16742844E+00       1.51965273E-06       1.74261695E-05       2.87618785E-01       2.90449488E-07       2.55207902E-01       2.58842107E-01       1.00068237E+00
   822.6000       2.86331774E-01       4.16745781E+00       1.51967416E-06       1.74263771E-05       2.87618737E-01       2.90457347E-07       2.55207483E-01       2.58840837E-01       1.00068239E+00
   822.7000       2.86331783E-01       4.16748736E+00       1.51969571E-06       1.74265857E-05       2.87618689E-01       2.90461383E-07       2.55207065E-01       2.58839568E-01       1.00068240E+00
   822.8000       2.86331791E-01       4.16751711E+00       1.51971740E-06       1.74267953E-05       2.87618641E-01       2.90466348E-07       2.55206647E-01       2.58838299E-01       1.00068241E+00
   822.9000       2.86331799E-01       4.16754675E+00       1.51973902E-06       1.74270056E-05       2.87618593E-01       2.90467126E-07       2.55206230E-01       2.58837030E-01       1.00068242E+00
   823.0000       2.86331807E-01       4.16757615E+00       1.51976046E-06       1.74272165E-05       2.87618545E-01       2.90473791E-07       2.55205813E-01       2.58835760E-01       1.00068243E+00
   823.1000       2.86331814E-01       4.16760598E+00       1.51978221E-06       1.74274282E-05       2.87618497E-01       2.90479714E-07       2.55205395E-01       2.58834491E-01       1.00068244E+00
   823.2000       2.86331822E-01       4.16763599E+00       1.51980411E-06       1.74276407E-05       2.87618449E-01       2.90482898E-07       2.55204978E-01       2.58833221E-01       1.00068245E+00
   823.3000       2.86331830E-01       4.16766610E+00       1.51982606E-06       1.74278541E-05       2.87618402E-01       2.90491293E-07       2.55204561E-01       2.58831951E-01       1.00068247E+00
   823.4000       2.86331838E-01       4.16769618E+00       1.51984800E-06       1.74280684E-05       2.87618354E-01       2.90495715E-07       2.55204144E-01       2.58830681E-01       1.00068248E+00
   823.5000       2.86331845E-01       4.16772645E+00       1.51987008E-06       1.74282835E-05       2.87618306E-01       2.90498530E-07       2.55203728E-01       2.58829410E-01       1.00068249E+00
   823.6000       2.86331852E-01       4.16775689E+00       1.51989228E-06       1.74284995E-05       2.87618258E-01       2.90510488E-07       2.55203313E-01       2.58828139E-01       1.00068252E+00
   823.7000       2.86331860E-01       4.16778748E+00       1.51991459E-06       1.74287164E-05       2.87618210E-01       2.90512206E-07       2.55202898E-01       2.58826867E-01       1.00068252E+00
   823.8000       2.86331867E-01       4.16781815E+00       1.51993696E-06       1.74289342E-05       2.87618163E-01       2.90520742E-07       2.55202482E-01       2.58825594E-01       1.00068254E+00
   823.9000       2.86331876E-01       4.16784890E+00       1.51995939E-06       1.74291530E-05       2.87618115E-01       2.90520896E-07       2.55202067E-01       2.58824322E-01       1.00068254E+00
   824.0000       2.86331882E-01       4.16787993E+00       1.51998203E-06       1.74293727E-05       2.87618067E-01       2.90532261E-07       2.55201651E-01       2.58823051E-01       1.00068257E+00
   824.1000       2.86331891E-01       4.16791087E+00       1.52000459E-06       1.74295933E-05       2.87618020E-01       2.90530121E-07       2.55201236E-01       2.58821780E-01       1.00068256E+00
   824.2000       2.86331898E-01       4.16794182E+00       1.52002716E-06       1.74298147E-05       2.87617972E-01       2.90537708E-07       2.55200822E-01       2.58820509E-01       1.00068258E+00
   824.3000       2.86331906E-01       4.16797294E+00       1.52004987E-06       1.74300369E-05       2.87617924E-01       2.90542651E-07       2.55200407E-01       2.58819238E-01       1.00068259E+00
   824.4000       2.86331913E-01       4.16800415E+00       1.52007263E-06       1.74302600E-05       2.87617877E-01       2.90546568E-07       2.55199992E-01       2.58817967E-01       1.00068260E+00
   824.5000       2.86331921E-01       4.16803559E+00       1.52009556E-06       1.74304840E-05       2.87617829E-01       2.90555003E-07       2.55199577E-01       2.58816698E-01       1.00068262E+00
   824.6000       2.86331929E-01       4.16806698E+00       1.52011846E-06       1.74307089E-05       2.87617782E-01       2.90553742E-07       2.55199162E-01       2.58815427E-01       1.00068262E+00
   824.7000       2.86331935E-01       4.16809844E+00       1.52014140E-06       1.74309346E-05       2.87617734E-01       2.90564101E-07       2.55198747E-01       2.58814156E-01       1.00068264E+00
   824.8000       2.86331943E-01       4.16812995E+00       1.52016439E-06       1.74311610E-05       2.87617686E-01       2.90572024E-07       2.55198332E-01       2.58812886E-01       1.00068266E+00
   824.9000       2.86331950E-01       4.16816176E+00       1.52018759E-06       1.74313884E-05       2.87617639E-01       2.90578406E-07       2.55197917E-01       2.58811616E-01       1.00068268E+00
   825.0000       2.86331959E-01       4.16819360E+00       1.52021081E-06       1.74316165E-05       2.87617591E-01       2.90579158E-07       2.55197502E-01       2.58810344E-01       1.00068268E+00
   825.1000       2.86331965E-01       4.16822517E+00       1.52023385E-06       1.74318453E-05       2.87617544E-01       2.90588256E-07       2.55197087E-01       2.58809074E-01       1.00068270E+00
   825.2000       2.86331973E-01       4.16825730E+00       1.52025728E-06       1.74320749E-05       2.87617496E-01       2.90594987E-07       2.55196670E-01       2.58807804E-01       1.00068272E+00
   825.3000       2.86331981E-01       4.16828964E+00       1.52028087E-06       1.74323056E-05       2.87617449E-01       2.90598292E-07       2.55196254E-01       2.58806535E-01       1.00068273E+00
   825.4000       2.86331987E-01       4.16832181E+00       1.52030434E-06       1.74325371E-05       2.87617402E-01       2.90608970E-07       2.55195837E-01       2.58805267E-01       1.00068275E+00
   825.5000       2.86331995E-01       4.16835418E+00       1.52032795E-06       1.74327695E-05       2.87617354E-01       2.90611660E-07       2.55195421E-01       2.58803998E-01       1.00068276E+00
   825.6000       2.86332003E-01       4.16838683E+00       1.52035177E-06       1.74330030E-05       2.87617307E-01       2.90619020E-07       2.55195005E-01       2.58802731E-01       1.00068278E+00
   825.7000       2.86332010E-01       4.16841932E+00       1.52037547E-06       1.74332372E-05       2.87617259E-01       2.90618961E-07       2.55194588E-01       2.58801466E-01       1.00068277E+00
   825.8000       2.86332018E-01       4.16845193E+00       1.52039926E-06       1.74334723E-05       2.87617212E-01       2.90622808E-07       2.55194172E-01       2.58800200E-01       1.00068278E+00
   825.9000       2.86332024E-01       4.16848435E+00       1.52042290E-06       1.74337079E-05       2.87617165E-01       2.90635213E-07       2.55193756E-01       2.58798934E-01       1.00068281E+00
   826.0000       2.86332032E-01       4.16851707E+00       1.52044678E-06       1.74339442E-05       2.87617117E-01       2.90634922E-07       2.55193341E-01       2.58797669E-01       1.00068281E+00
   826.1000       2.86332040E-01       4.16854983E+00       1.52047067E-06       1.74341814E-05       2.87617070E-01       2.90642042E-07       2.55192925E-01       2.58796405E-01       1.00068283E+00
   826.2000       2.86332047E-01       4.16858267E+00       1.52049463E-06       1.74344193E-05       2.87617023E-01       2.90643796E-07       2.55192510E-01       2.58795139E-01       1.00068283E+00
   826.3000       2.86332053E-01       4.16861546E+00       1.52051855E-06       1.74346577E-05       2.87616975E-01       2.90657777E-07       2.55192095E-01       2.58793874E-01       1.00068287E+00
   826.4000       2.86332062E-01       4.16864846E+00       1.52054262E-06       1.74348969E-05       2.87616928E-01       2.90660026E-07       2.55191680E-01       2.58792607E-01       1.00068287E+00
   826.5000       2.86332069E-01       4.16868171E+00       1.52056688E-06       1.74351369E-05       2.87616881E-01       2.90663370E-07       2.55191266E-01       2.58791340E-01       1.00068288E+00
   826.6000       2.86332076E-01       4.16871500E+00       1.52059117E-06       1.74353777E-05       2.87616834E-01       2.90675315E-07       2.55190851E-01       2.58790072E-01       1.00068291E+00
   826.7000       2.86332084E-01       4.16874827E+00       1.52061544E-06       1.74356192E-05       2.87616787E-01       2.90674060E-07       2.55190437E-01       2.58788805E-01       1.00068291E+00
   826.8000       2.86332090E-01       4.16878155E+00       1.52063971E-06       1.74358613E-05       2.87616739E-01       2.90686321E-07       2.55190023E-01       2.58787538E-01       1.00068293E+00
   826.9000       2.86332097E-01       4.16881509E+00       1.52066418E-06       1.74361043E-05       2.87616692E-01       2.90692850E-07       2.55189609E-01       2.58786274E-01       1.00068295E+00
   827.0000       2.86332106E-01       4.16884898E+00       1.52068891E-06       1.74363483E-05       2.87616645E-01       2.90688807E-07       2.55189195E-01       2.58785010E-01       1.00068294E+00
   827.1000       2.86332113E-01       4.16888279E+00       1.52071358E-06       1.74365930E-05       2.87616598E-01       2.90699406E-07       2.55188780E-01       2.58783747E-01       1.00068297E+00
   827.2000       2.86332119E-01       4.16891677E+00       1.52073836E-06       1.74368388E-05       2.87616551E-01       2.90709626E-07       2.55188366E-01       2.58782488E-01       1.00068299E+00
   827.3000       2.86332127E-01       4.16895080E+00       1.52076319E-06       1.74370854E-05       2.87616504E-01       2.90711162E-07       2.55187950E-01       2.58781231E-01       1.00068299E+00
   827.4000       2.86332134E-01       4.16898492E+00       1.52078809E-06       1.74373329E-05       2.87616457E-01       2.90719496E-07       2.55187535E-01       2.58779974E-01       1.00068301E+00
   827.5000       2.86332141E-01       4.16901908E+00       1.52081301E-06       1.74375811E-05       2.87616410E-01       2.90721129E-07       2.55187120E-01       2.58778717E-01       1.00068302E+00
   827.6000       2.86332149E-01       4.16905350E+00       1.52083812E-06       1.74378302E-05       2.87616363E-01       2.90729612E-07       2.55186705E-01       2.58777459E-01       1.00068304E+00
   827.7000       2.86332156E-01       4.16908817E+00       1.52086341E-06       1.74380805E-05       2.87616316E-01       2.90731571E-07       2.55186291E-01       2.58776200E-01       1.00068304E+00
   827.8000       2.86332162E-01       4.16912267E+00       1.52088858E-06       1.74383316E-05       2.87616269E-01       2.90741742E-07       2.55185877E-01       2.58774942E-01       1.00068307E+00
   827.9000       2.86332171E-01       4.16915723E+00       1.52091380E-06       1.74385834E-05       2.87616222E-01       2.90744037E-07       2.55185462E-01       2.58773685E-01       1.00068307E+00
   828.0000       2.86332177E-01       4.16919153E+00       1.52093883E-06       1.74388357E-05       2.87616175E-01       2.90756104E-07       2.55185048E-01       2.58772427E-01       1.00068310E+00
   828.1000       2.86332184E-01       4.16922656E+00       1.52096438E-06       1.74390891E-05       2.87616128E-01       2.90759151E-07       2.55184635E-01       2.58771169E-01       1.00068311E+00
   828.2000       2.86332191E-01       4.16926143E+00       1.52098982E-06       1.74393433E-05       2.87616081E-01       2.90765400E-07       2.55184220E-01       2.58769910E-01       1.00068312E+00
   828.3000       2.86332198E-01       4.16929636E+00       1.52101531E-06       1.74395982E-05       2.87616034E-01       2.90770891E-07       2.55183806E-01       2.58768651E-01       1.00068313E+00
   828.4000       2.86332205E-01       4.16933139E+00       1.52104087E-06       1.74398539E-05       2.87615987E-01       2.90775216E-07       2.55183393E-01       2.58767390E-01       1.00068315E+00
   828.5000       2.86332213E-01       4.16936658E+00       1.52106655E-06       1.74401105E-05       2.87615940E-01       2.90782532E-07       2.55182979E-01       2.58766131E-01       1.00068316E+00
   828.6000       2.86332219E-01       4.16940186E+00       1.52109229E-06       1.74403679E-05       2.87615893E-01       2.90790810E-07       2.55182566E-01       2.58764870E-01       1.00068318E+00
   828.7000       2.86332226E-01       4.16943710E+00       1.52111801E-06       1.74406261E-05       2.87615847E-01       2.90800522E-07       2.55182153E-01       2.58763609E-01       1.00068321E+00
   828.8000       2.86332234E-01       4.16947268E+00       1.52114396E-06       1.74408852E-05       2.87615800E-01       2.90802057E-07       2.55181740E-01       2.58762348E-01       1.00068321E+00
   828.9000       2.86332241E-01       4.16950821E+00       1.52116989E-06       1.74411452E-05       2.87615753E-01       2.90804704E-07       2.55181327E-01       2.58761087E-01       1.00068322E+00
   829.0000       2.86332248E-01       4.16954391E+00       1.52119593E-06       1.74414059E-05       2.87615706E-01       2.90812086E-07       2.55180914E-01       2.58759823E-01       1.00068323E+00
   829.1000       2.86332255E-01       4.16957949E+00       1.52122190E-06       1.74416674E-05       2.87615660E-01       2.90819789E-07       2.55180502E-01       2.58758557E-01       1.00068325E+00
   829.2000       2.86332262E-01       4.16961507E+00       1.52124786E-06       1.74419294E-05       2.87615613E-01       2.90822516E-07       2.55180090E-01       2.58757290E-01       1.00068326E+00
   829.3000       2.86332269E-01       4.16965132E+00       1.52127431E-06       1.74421926E-05       2.87615566E-01       2.90832218E-07       2.55179679E-01       2.58756021E-01       1.00068328E+00
   829.4000       2.86332276E-01       4.16968755E+00       1.52130075E-06       1.74424567E-05       2.87615519E-01       2.90836375E-07       2.55179267E-01       2.58754753E-01       1.00068329E+00
   829.5000       2.86332282E-01       4.16972389E+00       1.52132726E-06       1.74427218E-05       2.87615473E-01       2.90847563E-07       2.55178857E-01       2.58753484E-01       1.00068332E+00
   829.6000       2.86332290E-01       4.16976024E+00       1.52135379E-06       1.74429878E-05       2.87615426E-01       2.90845312E-07       2.55178446E-01       2.58752214E-01       1.00068331E+00
   829.7000       2.86332296E-01       4.16979680E+00       1.52138047E-06       1.74432546E-05       2.87615379E-01       2.90858089E-07       2.55178034E-01       2.58750945E-01       1.00068334E+00
   829.8000       2.86332304E-01       4.16983322E+00       1.52140704E-06       1.74435222E-05       2.87615333E-01       2.90859331E-07       2.55177623E-01       2.58749676E-01       1.00068334E+00
   829.9000       2.86332311E-01       4.16986967E+00       1.52143364E-06       1.74437906E-05       2.87615286E-01       2.90868345E-07       2.55177213E-01       2.58748406E-01       1.00068337E+00
   830.0000       2.86332319E-01       4.16990655E+00       1.52146056E-06       1.74440599E-05       2.87615240E-01       2.90869946E-07       2.55176803E-01       2.58747138E-01       1.00068337E+00
   830.1000       2.86332325E-01       4.16994302E+00       1.52148717E-06       1.74443298E-05       2.87615193E-01       2.90878786E-07       2.55176393E-01       2.58745870E-01       1.00068339E+00
   830.2000       2.86332332E-01       4.16997960E+00       1.52151386E-06       1.74446003E-05       2.87615146E-01       2.90880824E-07       2.55175983E-01       2.58744604E-01       1.00068340E+00
   830.3000       2.86332338E-01       4.17001636E+00       1.52154069E-06       1.74448714E-05       2.87615100E-01       2.90891271E-07       2.55175574E-01       2.58743338E-01       1.00068342E+00
   830.4000       2.86332345E-01       4.17005324E+00       1.52156760E-06       1.74451433E-05       2.87615053E-01       2.90899472E-07       2.55175165E-01       2.58742072E-01       1.00068344E+00
   830.5000       2.86332353E-01       4.17009021E+00       1.52159458E-06       1.74454159E-05       2.87615007E-01       2.90903498E-07       2.55174754E-01       2.58740808E-01       1.00068345E+00
   830.6000       2.86332358E-01       4.17012720E+00       1.52162158E-06       1.74456891E-05       2.87614960E-01       2.90909819E-07       2.55174344E-01       2.58739544E-01       1.00068346E+00
   830.7000       2.86332366E-01       4.17016429E+00       1.52164864E-06       1.74459630E-05       2.87614914E-01       2.90918234E-07       2.55173934E-01       2.58738280E-01       1.00068348E+00
   830.8000       2.86332373E-01       4.17020173E+00       1.52167597E-06       1.74462378E-05       2.87614868E-01       2.90921670E-07       2.55173523E-01       2.58737020E-01       1.00068349E+00
   830.9000       2.86332380E-01       4.17023913E+00       1.52170326E-06       1.74465134E-05       2.87614821E-01       2.90924130E-07       2.55173111E-01       2.58735761E-01       1.00068350E+00
   831.0000       2.86332386E-01       4.17027678E+00       1.52173074E-06       1.74467899E-05       2.87614775E-01       2.90933503E-07       2.55172700E-01       2.58734502E-01       1.00068352E+00
   831.1000       2.86332393E-01       4.17031412E+00       1.52175799E-06       1.74470669E-05       2.87614728E-01       2.90938985E-07       2.55172289E-01       2.58733245E-01       1.00068353E+00
   831.2000       2.86332399E-01       4.17035185E+00       1.52178552E-06       1.74473448E-05       2.87614682E-01       2.90950016E-07       2.55171878E-01       2.58731987E-01       1.00068356E+00
   831.3000       2.86332407E-01       4.17038942E+00       1.52181294E-06       1.74476233E-05       2.87614636E-01       2.90955600E-07       2.55171465E-01       2.58730730E-01       1.00068357E+00
   831.4000       2.86332414E-01       4.17042727E+00       1.52184057E-06       1.74479025E-05       2.87614589E-01       2.90957878E-07       2.55171053E-01       2.58729474E-01       1.00068358E+00
   831.5000       2.86332421E-01       4.17046498E+00       1.52186809E-06       1.74481824E-05       2.87614543E-01       2.90962361E-07       2.55170640E-01       2.58728219E-01       1.00068359E+00
   831.6000       2.86332426E-01       4.17050296E+00       1.52189581E-06       1.74484630E-05       2.87614497E-01       2.90974957E-07       2.55170227E-01       2.58726965E-01       1.00068362E+00
   831.7000       2.86332433E-01       4.17054096E+00       1.52192354E-06       1.74487443E-05       2.87614450E-01       2.90983306E-07       2.55169815E-01       2.58725713E-01       1.00068364E+00
   831.8000       2.86332440E-01       4.17057906E+00       1.52195135E-06       1.74490265E-05       2.87614404E-01       2.90989426E-07       2.55169402E-01       2.58724462E-01       1.00068365E+00
   831.9000       2.86332447E-01       4.17061736E+00       1.52197930E-06       1.74493095E-05       2.87614358E-01       2.90990959E-07       2.55168990E-01       2.58723211E-01       1.00068366E+00
   832.0000       2.86332453E-01       4.17065545E+00       1.52200710E-06       1.74495930E-05       2.87614312E-01       2.91000556E-07       2.55168578E-01       2.58721961E-01       1.00068368E+00
   832.1000       2.86332460E-01       4.17069370E+00       1.52203502E-06       1.74498772E-05       2.87614265E-01       2.91006259E-07       2.55168166E-01       2.58720711E-01       1.00068369E+00
   832.2000       2.86332468E-01       4.17073191E+00       1.52206291E-06       1.74501620E-05       2.87614219E-01       2.91005722E-07       2.55167755E-01       2.58719461E-01       1.00068369E+00
   832.3000       2.86332474E-01       4.17077039E+00       1.52209099E-06       1.74504474E-05       2.87614173E-01       2.91015746E-07       2.55167345E-01       2.58718208E-01       1.00068372E+00
   832.4000       2.86332480E-01       4.17080878E+00       1.52211901E-06       1.74507333E-05       2.87614127E-01       2.91025246E-07       2.55166935E-01       2.58716955E-01       1.00068374E+00
   832.5000       2.86332487E-01       4.17084736E+00       1.52214717E-06       1.74510199E-05       2.87614081E-01       2.91028014E-07       2.55166525E-01       2.58715703E-01       1.00068374E+00
   832.6000       2.86332494E-01       4.17088603E+00       1.52217540E-06       1.74513071E-05       2.87614035E-01       2.91037597E-07       2.55166117E-01       2.58714449E-01       1.00068377E+00
   832.7000       2.86332499E-01       4.17092466E+00       1.52220360E-06       1.74515949E-05       2.87613989E-01       2.91051339E-07       2.55165709E-01       2.58713195E-01       1.00068380E+00
   832.8000       2.86332507E-01       4.17096356E+00       1.52223199E-06       1.74518836E-05       2.87613943E-01       2.91049528E-07       2.55165302E-01       2.58711939E-01       1.00068380E+00
   832.9000       2.86332513E-01       4.17100269E+00       1.52226055E-06       1.74521730E-05       2.87613896E-01       2.91059846E-07       2.55164895E-01       2.58710682E-01       1.00068382E+00
   833.0000       2.86332521E-01       4.17104180E+00       1.52228910E-06       1.74524633E-05       2.87613850E-01       2.91061356E-07       2.55164489E-01       2.58709425E-01       1.00068382E+00
   833.1000       2.86332526E-01       4.17108098E+00       1.52231770E-06       1.74527542E-05       2.87613804E-01       2.91070682E-07       2.55164083E-01       2.58708169E-01       1.00068385E+00
   833.2000       2.86332534E-01       4.17112010E+00       1.52234625E-06       1.74530458E-05       2.87613758E-01       2.91074907E-07       2.55163678E-01       2.58706911E-01       1.00068386E+00
   833.3000       2.86332539E-01       4.17115946E+00       1.52237498E-06       1.74533382E-05       2.87613712E-01       2.91085296E-07       2.55163274E-01       2.58705653E-01       1.00068388E+00
   833.4000       2.86332546E-01       4.17119881E+00       1.52240370E-06       1.74536312E-05       2.87613666E-01       2.91089480E-07       2.55162869E-01       2.58704395E-01       1.00068389E+00
   833.5000       2.86332552E-01       4.17123799E+00       1.52243231E-06       1.74539247E-05       2.87613621E-01       2.91100405E-07       2.55162466E-01       2.58703137E-01       1.00068392E+00
   833.6000       2.86332561E-01       4.17127758E+00       1.52246120E-06       1.74542190E-05       2.87613575E-01       2.91097564E-07       2.55162062E-01       2.58701877E-01       1.00068391E+00
   833.7000       2.86332566E-01       4.17131722E+00       1.52249015E-06       1.74545139E-05       2.87613529E-01       2.91107960E-07       2.55161658E-01       2.58700615E-01       1.00068393E+00
   833.8000       2.86332573E-01       4.17135687E+00       1.52251908E-06       1.74548096E-05       2.87613483E-01       2.91115002E-07       2.55161254E-01       2.58699354E-01       1.00068395E+00
   833.9000       2.86332580E-01       4.17139662E+00       1.52254810E-06       1.74551060E-05       2.87613437E-01       2.91118160E-07       2.55160849E-01       2.58698094E-01       1.00068396E+00
   834.0000       2.86332587E-01       4.17143631E+00       1.52257707E-06       1.74554029E-05       2.87613391E-01       2.91121221E-07       2.55160445E-01       2.58696833E-01       1.00068396E+00
   834.1000       2.86332593E-01       4.17147607E+00       1.52260610E-06       1.74557004E-05       2.87613345E-01       2.91131654E-07       2.55160041E-01       2.58695570E-01       1.00068399E+00
   834.2000       2.86332598E-01       4.17151618E+00       1.52263538E-06       1.74559987E-05       2.87613299E-01       2.91141169E-07       2.55159635E-01       2.58694308E-01       1.00068401E+00
   834.3000       2.86332606E-01       4.17155612E+00       1.52266454E-06       1.74562977E-05       2.87613254E-01       2.91144916E-07       2.55159231E-01       2.58693046E-01       1.00068402E+00
   834.4000       2.86332611E-01       4.17159620E+00       1.52269380E-06       1.74565973E-05       2.87613208E-01       2.91156183E-07       2.55158826E-01       2.58691783E-01       1.00068405E+00
   834.5000       2.86332618E-01       4.17163630E+00       1.52272308E-06       1.74568976E-05       2.87613162E-01       2.91158608E-07       2.55158420E-01       2.58690522E-01       1.00068405E+00
   834.6000       2.86332624E-01       4.17167629E+00       1.52275226E-06       1.74571984E-05       2.87613116E-01       2.91169374E-07       2.55158015E-01       2.58689263E-01       1.00068408E+00
   834.7000       2.86332631E-01       4.17171660E+00       1.52278169E-06       1.74574998E-05       2.87613070E-01       2.91171633E-07       2.55157609E-01       2.58688003E-01       1.00068408E+00
   834.8000       2.86332637E-01       4.17175717E+00       1.52281131E-06       1.74578021E-05       2.87613025E-01       2.91177484E-07       2.55157202E-01       2.58686743E-01       1.00068410E+00
   834.9000       2.86332644E-01       4.17179768E+00       1.52284089E-06       1.74581051E-05       2.87612979E-01       2.91187144E-07       2.55156796E-01       2.58685482E-01       1.00068412E+00
   835.0000       2.86332650E-01       4.17183845E+00       1.52287066E-06       1.74584090E-05       2.87612933E-01       2.91192505E-07       2.55156389E-01       2.58684223E-01       1.00068413E+00
   835.1000       2.86332656E-01       4.17187947E+00       1.52290060E-06       1.74587139E-05       2.87612888E-01       2.91199699E-07       2.55155982E-01       2.58682964E-01       1.00068415E+00
   835.2000       2.86332662E-01       4.17192039E+00       1.52293048E-06       1.74590195E-05       2.87612842E-01       2.91209983E-07       2.55155575E-01       2.58681706E-01       1.00068418E+00
   835.3000       2.86332669E-01       4.17196149E+00       1.52296048E-06       1.74593261E-05       2.87612796E-01       2.91215954E-07       2.55155167E-01       2.58680450E-01       1.00068419E+00
   835.4000       2.86332676E-01       4.17200265E+00       1.52299053E-06       1.74596334E-05       2.87612751E-01       2.91220987E-07       2.55154760E-01       2.58679192E-01       1.00068420E+00
   835.5000       2.86332681E-01       4.17204392E+00       1.52302066E-06       1.74599416E-05       2.87612705E-01       2.91228890E-07       2.55154352E-01       2.58677937E-01       1.00068422E+00
   835.6000       2.86332689E-01       4.17208490E+00       1.52305059E-06       1.74602502E-05       2.87612660E-01       2.91233502E-07       2.55153944E-01       2.58676683E-01       1.00068423E+00
   835.7000       2.86332695E-01       4.17212602E+00       1.52308061E-06       1.74605594E-05       2.87612614E-01       2.91240961E-07       2.55153536E-01       2.58675430E-01       1.00068425E+00
   835.8000       2.86332701E-01       4.17216738E+00       1.52311081E-06       1.74608694E-05       2.87612568E-01       2.91248785E-07       2.55153129E-01       2.58674178E-01       1.00068427E+00
   835.9000       2.86332707E-01       4.17220877E+00       1.52314103E-06       1.74611801E-05       2.87612523E-01       2.91255152E-07       2.55152722E-01       2.58672928E-01       1.00068428E+00
   836.0000       2.86332714E-01       4.17225055E+00       1.52317153E-06       1.74614917E-05       2.87612477E-01       2.91258554E-07       2.55152314E-01       2.58671679E-01       1.00068429E+00
   836.1000       2.86332719E-01       4.17229184E+00       1.52320168E-06       1.74618038E-05       2.87612432E-01       2.91272526E-07       2.55151907E-01       2.58670432E-01       1.00068432E+00
   836.2000       2.86332726E-01       4.17233343E+00       1.52323205E-06       1.74621164E-05       2.87612386E-01       2.91274131E-07       2.55151500E-01       2.58669186E-01       1.00068433E+00
   836.3000       2.86332732E-01       4.17237549E+00       1.52326275E-06       1.74624301E-05       2.87612341E-01       2.91284134E-07       2.55151092E-01       2.58667943E-01       1.00068435E+00
   836.4000       2.86332738E-01       4.17241703E+00       1.52329309E-06       1.74627441E-05       2.87612296E-01       2.91289488E-07       2.55150686E-01       2.58666701E-01       1.00068436E+00
   836.5000       2.86332745E-01       4.17245878E+00       1.52332357E-06       1.74630588E-05       2.87612250E-01       2.91293879E-07       2.55150280E-01       2.58665460E-01       1.00068437E+00
   836.6000       2.86332751E-01       4.17250052E+00       1.52335405E-06       1.74633739E-05       2.87612205E-01       2.91303721E-07       2.55149874E-01       2.58664220E-01       1.00068440E+00
   836.7000       2.86332757E-01       4.17254264E+00       1.52338481E-06       1.74636898E-05       2.87612159E-01       2.91310859E-07       2.55149468E-01       2.58662980E-01       1.00068441E+00
   836.8000       2.86332763E-01       4.17258491E+00       1.52341567E-06       1.74640065E-05       2.87612114E-01       2.91315599E-07       2.55149063E-01       2.58661740E-01       1.00068443E+00
   836.9000       2.86332769E-01       4.17262714E+00       1.52344651E-06       1.74643239E-05       2.87612069E-01       2.91325018E-07       2.55148657E-01       2.58660501E-01       1.00068445E+00
   837.0000       2.86332776E-01       4.17266929E+00       1.52347729E-06       1.74646418E-05       2.87612023E-01       2.91329403E-07       2.55148253E-01       2.58659262E-01       1.00068446E+00
   837.1000       2.86332783E-01       4.17271162E+00       1.52350820E-06       1.74649604E-05       2.87611978E-01       2.91334478E-07       2.55147849E-01       2.58658022E-01       1.00068447E+00
   837.2000       2.86332787E-01       4.17275405E+00       1.52353918E-06       1.74652797E-05       2.87611933E-01       2.91346394E-07       2.55147446E-01       2.58656784E-01       1.00068450E+00
   837.3000       2.86332795E-01       4.17279651E+00       1.52357019E-06       1.74655997E-05       2.87611887E-01       2.91346608E-07       2.55147043E-01       2.58655547E-01       1.00068450E+00
   837.4000       2.86332800E-01       4.17283907E+00       1.52360127E-06       1.74659202E-05       2.87611842E-01       2.91358214E-07       2.55146641E-01       2.58654311E-01       1.00068453E+00
   837.5000       2.86332807E-01       4.17288149E+00       1.52363225E-06       1.74662413E-05       2.87611797E-01       2.91359470E-07       2.55146239E-01       2.58653074E-01       1.00068453E+00
   837.6000       2.86332813E-01       4.17292443E+00       1.52366360E-06       1.74665633E-05       2.87611752E-01       2.91369153E-07       2.55145839E-01       2.58651838E-01       1.00068455E+00
   837.7000       2.86332819E-01       4.17296733E+00       1.52369493E-06       1.74668861E-05       2.87611706E-01       2.91376218E-07       2.55145437E-01       2.58650602E-01       1.00068457E+00
   837.8000       2.86332825E-01       4.17301015E+00       1.52372620E-06       1.74672094E-05       2.87611661E-01       2.91381647E-07       2.55145037E-01       2.58649367E-01       1.00068458E+00
   837.9000       2.86332831E-01       4.17305311E+00       1.52375757E-06       1.74675334E-05       2.87611616E-01       2.91390666E-07       2.55144635E-01       2.58648131E-01       1.00068460E+00
   838.0000       2.86332838E-01       4.17309610E+00       1.52378897E-06       1.74678580E-05       2.87611571E-01       2.91395238E-07       2.55144235E-01       2.58646895E-01       1.00068461E+00
   838.1000       2.86332843E-01       4.17313914E+00       1.52382040E-06       1.74681832E-05       2.87611526E-01       2.91406321E-07       2.55143834E-01       2.58645659E-01       1.00068464E+00
   838.2000       2.86332850E-01       4.17318255E+00       1.52385210E-06       1.74685093E-05       2.87611481E-01       2.91409724E-07       2.55143434E-01       2.58644420E-01       1.00068465E+00
   838.3000       2.86332855E-01       4.17322574E+00       1.52388364E-06       1.74688359E-05       2.87611436E-01       2.91420759E-07       2.55143034E-01       2.58643179E-01       1.00068467E+00
   838.4000       2.86332861E-01       4.17326893E+00       1.52391519E-06       1.74691631E-05       2.87611390E-01       2.91424198E-07       2.55142634E-01       2.58641936E-01       1.00068468E+00
   838.5000       2.86332867E-01       4.17331270E+00       1.52394715E-06       1.74694913E-05       2.87611345E-01       2.91436590E-07       2.55142234E-01       2.58640693E-01       1.00068471E+00
   838.6000       2.86332874E-01       4.17335611E+00       1.52397885E-06       1.74698200E-05       2.87611300E-01       2.91438380E-07       2.55141833E-01       2.58639448E-01       1.00068472E+00
   838.7000       2.86332880E-01       4.17339966E+00       1.52401066E-06       1.74701494E-05       2.87611255E-01       2.91441664E-07       2.55141433E-01       2.58638201E-01       1.00068472E+00
   838.8000       2.86332886E-01       4.17344315E+00       1.52404242E-06       1.74704792E-05       2.87611210E-01       2.91452361E-07       2.55141032E-01       2.58636953E-01       1.00068475E+00
   838.9000       2.86332891E-01       4.17348657E+00       1.52407414E-06       1.74708094E-05       2.87611165E-01       2.91460568E-07       2.55140631E-01       2.58635703E-01       1.00068477E+00
   839.0000       2.86332898E-01       4.17353028E+00       1.52410606E-06       1.74711402E-05       2.87611120E-01       2.91466668E-07       2.55140229E-01       2.58634453E-01       1.00068478E+00
   839.1000       2.86332903E-01       4.17357388E+00       1.52413790E-06       1.74714715E-05       2.87611075E-01       2.91476525E-07       2.55139827E-01       2.58633201E-01       1.00068481E+00
   839.2000       2.86332910E-01       4.17361771E+00       1.52416992E-06       1.74718034E-05       2.87611030E-01       2.91481195E-07       2.55139425E-01       2.58631950E-01       1.00068482E+00
   839.3000       2.86332916E-01       4.17366160E+00       1.52420198E-06       1.74721358E-05       2.87610985E-01       2.91487342E-07       2.55139022E-01       2.58630698E-01       1.00068483E+00
   839.4000       2.86332921E-01       4.17370552E+00       1.52423406E-06       1.74724688E-05       2.87610940E-01       2.91497502E-07       2.55138619E-01       2.58629447E-01       1.00068486E+00
   839.5000       2.86332928E-01       4.17374949E+00       1.52426617E-06       1.74728024E-05       2.87610896E-01       2.91500955E-07       2.55138216E-01       2.58628195E-01       1.00068486E+00
   839.6000       2.86332933E-01       4.17379337E+00       1.52429822E-06       1.74731364E-05       2.87610851E-01       2.91509628E-07       2.55137812E-01       2.58626944E-01       1.00068488E+00
   839.7000       2.86332939E-01       4.17383768E+00       1.52433058E-06       1.74734711E-05       2.87610806E-01       2.91521239E-07       2.55137408E-01       2.58625694E-01       1.00068491E+00
   839.8000       2.86332944E-01       4.17388189E+00       1.52436288E-06       1.74738064E-05       2.87610761E-01       2.91526934E-07       2.55137004E-01       2.58624444E-01       1.00068493E+00
   839.9000       2.86332951E-01       4.17392628E+00       1.52439530E-06       1.74741423E-05       2.87610716E-01       2.91532928E-07       2.55136600E-01       2.58623195E-01       1.00068494E+00
   840.0000       2.86332956E-01       4.17397069E+00       1.52442774E-06       1.74744788E-05       2.87610671E-01       2.91546721E-07       2.55136196E-01       2.58621946E-01       1.00068497E+00
   840.1000       2.86332963E-01       4.17401542E+00       1.52446042E-06       1.74748162E-05       2.87610627E-01       2.91547437E-07       2.55135793E-01       2.58620700E-01       1.00068497E+00
   840.2000       2.86332967E-01       4.17405996E+00       1.52449295E-06       1.74751541E-05       2.87610582E-01       2.91557425E-07       2.55135390E-01       2.58619455E-01       1.00068500E+00
   840.3000       2.86332974E-01       4.17410457E+00       1.52452553E-06       1.74754927E-05       2.87610537E-01       2.91562898E-07       2.55134988E-01       2.58618212E-01       1.00068501E+00
   840.4000       2.86332980E-01       4.17414945E+00       1.52455832E-06       1.74758320E-05       2.87610492E-01       2.91568317E-07       2.55134587E-01       2.58616971E-01       1.00068502E+00
   840.5000       2.86332986E-01       4.17419406E+00       1.52459090E-06       1.74761719E-05       2.87610447E-01       2.91577886E-07       2.55134186E-01       2.58615733E-01       1.00068505E+00
   840.6000       2.86332993E-01       4.17423891E+00       1.52462367E-06       1.74765124E-05       2.87610403E-01       2.91576088E-07       2.55133786E-01       2.58614495E-01       1.00068504E+00
   840.7000       2.86332997E-01       4.17428390E+00       1.52465653E-06       1.74768534E-05       2.87610358E-01       2.91589455E-07       2.55133387E-01       2.58613260E-01       1.00068507E+00
   840.8000       2.86333003E-01       4.17432897E+00       1.52468946E-06       1.74771954E-05       2.87610313E-01       2.91597452E-07       2.55132989E-01       2.58612026E-01       1.00068509E+00
   840.9000       2.86333010E-01       4.17437404E+00       1.52472238E-06       1.74775378E-05       2.87610269E-01       2.91602076E-07       2.55132591E-01       2.58610792E-01       1.00068510E+00
   841.0000       2.86333014E-01       4.17441924E+00       1.52475540E-06       1.74778810E-05       2.87610224E-01       2.91613112E-07       2.55132194E-01       2.58609559E-01       1.00068513E+00
   841.1000       2.86333021E-01       4.17446428E+00       1.52478830E-06       1.74782248E-05       2.87610179E-01       2.91618058E-07       2.55131798E-01       2.58608328E-01       1.00068514E+00
   841.2000       2.86333026E-01       4.17450958E+00       1.52482140E-06       1.74785691E-05       2.87610135E-01       2.91628248E-07       2.55131402E-01       2.58607099E-01       1.00068517E+00
   841.3000       2.86333033E-01       4.17455511E+00       1.52485466E-06       1.74789142E-05       2.87610090E-01       2.91632133E-07       2.55131006E-01       2.58605871E-01       1.00068518E+00
   841.4000       2.86333037E-01       4.17460010E+00       1.52488752E-06       1.74792595E-05       2.87610046E-01       2.91644362E-07       2.55130611E-01       2.58604645E-01       1.00068520E+00
   841.5000       2.86333045E-01       4.17464559E+00       1.52492076E-06       1.74796055E-05       2.87610001E-01       2.91642567E-07       2.55130215E-01       2.58603418E-01       1.00068520E+00
   841.6000       2.86333049E-01       4.17469087E+00       1.52495384E-06       1.74799519E-05       2.87609957E-01       2.91656642E-07       2.55129821E-01       2.58602192E-01       1.00068523E+00
   841.7000       2.86333055E-01       4.17473658E+00       1.52498723E-06       1.74802990E-05       2.87609912E-01       2.91664227E-07       2.55129426E-01       2.58600964E-01       1.00068525E+00
   841.8000       2.86333060E-01       4.17478218E+00       1.52502054E-06       1.74806467E-05       2.87609868E-01       2.91671235E-07       2.55129031E-01       2.58599737E-01       1.00068527E+00
   841.9000       2.86333067E-01       4.17482778E+00       1.52505386E-06       1.74809949E-05       2.87609823E-01       2.91676774E-07       2.55128637E-01       2.58598508E-01       1.00068528E+00
   842.0000       2.86333073E-01       4.17487345E+00       1.52508723E-06       1.74813437E-05       2.87609779E-01       2.91680958E-07       2.55128243E-01       2.58597280E-01       1.00068529E+00
   842.1000       2.86333077E-01       4.17491942E+00       1.52512082E-06       1.74816931E-05       2.87609734E-01       2.91696522E-07       2.55127850E-01       2.58596052E-01       1.00068533E+00
   842.2000       2.86333084E-01       4.17496532E+00       1.52515435E-06       1.74820432E-05       2.87609690E-01       2.91698595E-07       2.55127456E-01       2.58594823E-01       1.00068533E+00
   842.3000       2.86333089E-01       4.17501136E+00       1.52518798E-06       1.74823939E-05       2.87609645E-01       2.91705749E-07       2.55127062E-01       2.58593594E-01       1.00068535E+00
   842.4000       2.86333095E-01       4.17505753E+00       1.52522172E-06       1.74827453E-05       2.87609601E-01       2.91710979E-07       2.55126667E-01       2.58592366E-01       1.00068536E+00
   842.5000       2.86333101E-01       4.17510357E+00       1.52525536E-06       1.74830973E-05       2.87609556E-01       2.91717062E-07       2.55126272E-01       2.58591137E-01       1.00068538E+00
   842.6000       2.86333107E-01       4.17514963E+00       1.52528901E-06       1.74834498E-05       2.87609512E-01       2.91723456E-07       2.55125878E-01       2.58589909E-01       1.00068539E+00
   842.7000       2.86333112E-01       4.17519565E+00       1.52532264E-06       1.74838026E-05       2.87609468E-01       2.91736330E-07       2.55125482E-01       2.58588679E-01       1.00068542E+00
   842.8000       2.86333118E-01       4.17524182E+00       1.52535637E-06       1.74841560E-05       2.87609423E-01       2.91740697E-07       2.55125084E-01       2.58587450E-01       1.00068543E+00
   842.9000       2.86333124E-01       4.17528817E+00       1.52539024E-06       1.74845099E-05       2.87609379E-01       2.91747292E-07       2.55124687E-01       2.58586220E-01       1.00068545E+00
   843.0000       2.86333129E-01       4.17533433E+00       1.52542396E-06       1.74848642E-05       2.87609335E-01       2.91759259E-07       2.55124290E-01       2.58584990E-01       1.00068548E+00
   843.1000       2.86333134E-01       4.17538094E+00       1.52545802E-06       1.74852193E-05       2.87609290E-01       2.91763501E-07       2.55123892E-01       2.58583759E-01       1.00068549E+00
   843.2000       2.86333141E-01       4.17542707E+00       1.52549173E-06       1.74855745E-05       2.87609246E-01       2.91767500E-07       2.55123494E-01       2.58582529E-01       1.00068550E+00
   843.3000       2.86333146E-01       4.17547396E+00       1.52552599E-06       1.74859306E-05       2.87609202E-01       2.91776324E-07       2.55123096E-01       2.58581296E-01       1.00068552E+00
   843.4000       2.86333151E-01       4.17552053E+00       1.52556003E-06       1.74862873E-05       2.87609158E-01       2.91787281E-07       2.55122699E-01       2.58580063E-01       1.00068554E+00
   843.5000       2.86333156E-01       4.17556707E+00       1.52559403E-06       1.74866444E-05       2.87609114E-01       2.91797794E-07       2.55122302E-01       2.58578830E-01       1.00068557E+00
   843.6000       2.86333162E-01       4.17561380E+00       1.52562818E-06       1.74870020E-05       2.87609069E-01       2.91801462E-07       2.55121905E-01       2.58577597E-01       1.00068558E+00
   843.7000       2.86333167E-01       4.17566057E+00       1.52566236E-06       1.74873601E-05       2.87609025E-01       2.91812633E-07       2.55121508E-01       2.58576366E-01       1.00068560E+00
   843.8000       2.86333173E-01       4.17570732E+00       1.52569651E-06       1.74877186E-05       2.87608981E-01       2.91814628E-07       2.55121111E-01       2.58575136E-01       1.00068561E+00
   843.9000       2.86333179E-01       4.17575403E+00       1.52573065E-06       1.74880775E-05       2.87608937E-01       2.91820281E-07       2.55120715E-01       2.58573906E-01       1.00068562E+00
   844.0000       2.86333184E-01       4.17580124E+00       1.52576515E-06       1.74884372E-05       2.87608893E-01       2.91828715E-07       2.55120320E-01       2.58572675E-01       1.00068564E+00
   844.1000       2.86333190E-01       4.17584815E+00       1.52579943E-06       1.74887973E-05       2.87608849E-01       2.91836506E-07       2.55119925E-01       2.58571447E-01       1.00068566E+00
   844.2000       2.86333194E-01       4.17589492E+00       1.52583361E-06       1.74891577E-05       2.87608804E-01       2.91852118E-07       2.55119531E-01       2.58570221E-01       1.00068570E+00
   844.3000       2.86333201E-01       4.17594194E+00       1.52586797E-06       1.74895187E-05       2.87608760E-01       2.91852576E-07       2.55119138E-01       2.58568996E-01       1.00068570E+00
   844.4000       2.86333206E-01       4.17598904E+00       1.52590239E-06       1.74898801E-05       2.87608716E-01       2.91860688E-07       2.55118745E-01       2.58567771E-01       1.00068572E+00
   844.5000       2.86333212E-01       4.17603620E+00       1.52593685E-06       1.74902420E-05       2.87608672E-01       2.91865696E-07       2.55118352E-01       2.58566547E-01       1.00068573E+00
   844.6000       2.86333217E-01       4.17608345E+00       1.52597139E-06       1.74906045E-05       2.87608628E-01       2.91878333E-07       2.55117959E-01       2.58565322E-01       1.00068576E+00
   844.7000       2.86333222E-01       4.17613097E+00       1.52600611E-06       1.74909675E-05       2.87608584E-01       2.91884828E-07       2.55117567E-01       2.58564098E-01       1.00068577E+00
   844.8000       2.86333228E-01       4.17617825E+00       1.52604067E-06       1.74913310E-05       2.87608540E-01       2.91889208E-07       2.55117176E-01       2.58562877E-01       1.00068578E+00
   844.9000       2.86333233E-01       4.17622591E+00       1.52607550E-06       1.74916952E-05       2.87608496E-01       2.91897830E-07       2.55116784E-01       2.58561656E-01       1.00068580E+00
   845.0000       2.86333238E-01       4.17627348E+00       1.52611027E-06       1.74920600E-05       2.87608452E-01       2.91912715E-07       2.55116393E-01       2.58560437E-01       1.00068584E+00
   845.1000       2.86333244E-01       4.17632087E+00       1.52614490E-06       1.74924250E-05       2.87608408E-01       2.91913101E-07       2.55116002E-01       2.58559219E-01       1.00068584E+00
   845.2000       2.86333249E-01       4.17636836E+00       1.52617961E-06       1.74927906E-05       2.87608364E-01       2.91922797E-07       2.55115611E-01       2.58558001E-01       1.00068586E+00
   845.3000       2.86333254E-01       4.17641622E+00       1.52621459E-06       1.74931568E-05       2.87608320E-01       2.91932323E-07       2.55115221E-01       2.58556784E-01       1.00068589E+00
   845.4000       2.86333260E-01       4.17646381E+00       1.52624937E-06       1.74935234E-05       2.87608276E-01       2.91935734E-07       2.55114831E-01       2.58555569E-01       1.00068589E+00
   845.5000       2.86333264E-01       4.17651164E+00       1.52628433E-06       1.74938905E-05       2.87608233E-01       2.91948857E-07       2.55114441E-01       2.58554353E-01       1.00068593E+00
   845.6000       2.86333272E-01       4.17655919E+00       1.52631908E-06       1.74942579E-05       2.87608189E-01       2.91948601E-07       2.55114053E-01       2.58553138E-01       1.00068592E+00
   845.7000       2.86333276E-01       4.17660695E+00       1.52635399E-06       1.74946257E-05       2.87608145E-01       2.91962130E-07       2.55113664E-01       2.58551921E-01       1.00068596E+00
   845.8000       2.86333282E-01       4.17665498E+00       1.52638910E-06       1.74949942E-05       2.87608101E-01       2.91964400E-07       2.55113276E-01       2.58550704E-01       1.00068596E+00
   845.9000       2.86333286E-01       4.17670303E+00       1.52642422E-06       1.74953632E-05       2.87608057E-01       2.91975446E-07       2.55112887E-01       2.58549488E-01       1.00068599E+00
   846.0000       2.86333292E-01       4.17675110E+00       1.52645935E-06       1.74957328E-05       2.87608013E-01       2.91981525E-07       2.55112498E-01       2.58548274E-01       1.00068600E+00
   846.1000       2.86333297E-01       4.17679927E+00       1.52649456E-06       1.74961030E-05       2.87607970E-01       2.91987119E-07       2.55112109E-01       2.58547060E-01       1.00068602E+00
   846.2000       2.86333302E-01       4.17684742E+00       1.52652976E-06       1.74964737E-05       2.87607926E-01       2.91999199E-07       2.55111720E-01       2.58545846E-01       1.00068604E+00
   846.3000       2.86333308E-01       4.17689551E+00       1.52656491E-06       1.74968448E-05       2.87607882E-01       2.92002026E-07       2.55111330E-01       2.58544632E-01       1.00068605E+00
   846.4000       2.86333313E-01       4.17694376E+00       1.52660018E-06       1.74972164E-05       2.87607838E-01       2.92013747E-07       2.55110939E-01       2.58543417E-01       1.00068608E+00
   846.5000       2.86333318E-01       4.17699205E+00       1.52663548E-06       1.74975884E-05       2.87607795E-01       2.92021309E-07       2.55110549E-01       2.58542202E-01       1.00068610E+00
   846.6000       2.86333324E-01       4.17704044E+00       1.52667085E-06       1.74979609E-05       2.87607751E-01       2.92026655E-07       2.55110157E-01       2.58540987E-01       1.00068611E+00
   846.7000       2.86333329E-01       4.17708888E+00       1.52670626E-06       1.74983340E-05       2.87607707E-01       2.92035639E-07       2.55109766E-01       2.58539771E-01       1.00068613E+00
   846.8000       2.86333335E-01       4.17713729E+00       1.52674164E-06       1.74987075E-05       2.87607664E-01       2.92039042E-07       2.55109375E-01       2.58538555E-01       1.00068614E+00
