     0.1000       9.96611233E-10       2.06832524E-09       9.87190855E-10       9.92913636E-10
     0.2000       3.34481619E-10       7.09512231E-10       3.29438025E-10       3.35766344E-10
     0.3000       1.63384362E-10       3.46920074E-10       1.60017617E-10       1.63131466E-10
     0.4000       1.00042858E-10       2.11563260E-10       9.73661619E-11       9.88874426E-11
     0.5000       7.01465443E-11       1.47816842E-10       6.77314101E-11       6.85343136E-11
     0.6000       5.35902864E-11       1.12708421E-10       5.12361614E-11       5.17115255E-11
     0.7000       4.33962633E-11       9.11995405E-11       4.10026006E-11       4.13299033E-11
     0.8000       3.66490755E-11       7.70028123E-11       3.41611046E-11       3.44301354E-11
     0.9000       3.19493411E-11       6.71126085E-11       2.93342741E-11       2.95958833E-11
     1.0000       2.85514736E-11       5.99376578E-11       2.57877988E-11       2.60750007E-11
     1.1000       2.60253571E-11       5.45662233E-11       2.30978866E-11       2.34347317E-11
     1.2000       2.41070408E-11       5.04423599E-11       2.10045391E-11       2.14099257E-11
     1.3000       2.26263640E-11       4.72097016E-11       1.93403631E-11       1.98297371E-11
     1.4000       2.14691286E-11       4.46302989E-11       1.79933048E-11       1.85794661E-11
     1.5000       2.05560867E-11       4.25398091E-11       1.68859131E-11       1.75794330E-11
     1.6000       1.98306677E-11       4.08214771E-11       1.59632089E-11       1.67726715E-11
     1.7000       1.92515041E-11       3.93903708E-11       1.51852878E-11       1.61174463E-11
     1.8000       1.87877126E-11       3.81834762E-11       1.45226459E-11       1.55825336E-11
     1.9000       1.84158200E-11       3.71532733E-11       1.39531337E-11       1.51441491E-11
     2.0000       1.81177043E-11       3.62634487E-11       1.34599155E-11       1.47838917E-11
     2.1000       1.78791786E-11       3.54859603E-11       1.30300678E-11       1.44873307E-11
     2.2000       1.76889964E-11       3.47989774E-11       1.26535936E-11       1.42430145E-11
     2.3000       1.75381359E-11       3.41854019E-11       1.23227138E-11       1.40417586E-11
     2.4000       1.74192753E-11       3.36317842E-11       1.20313479E-11       1.38761253E-11
     2.5000       1.73264026E-11       3.31275112E-11       1.17747238E-11       1.37400366E-11
     2.6000       1.72545191E-11       3.26641874E-11       1.15490810E-11       1.36284808E-11
     2.7000       1.71994141E-11       3.22351551E-11       1.13514401E-11       1.35372889E-11
     2.8000       1.71574895E-11       3.18351183E-11       1.11794203E-11       1.34629604E-11
     2.9000       1.71256259E-11       3.14598433E-11       1.10310943E-11       1.34025280E-11
     3.0000       1.71010782E-11       3.11059200E-11       1.09048708E-11       1.33534508E-11
     3.1000       1.70813961E-11       3.07705706E-11       1.07993988E-11       1.33135307E-11
     3.2000       1.70643637E-11       3.04514953E-11       1.07134903E-11       1.32808464E-11
     3.3000       1.70479610E-11       3.01470425E-11       1.06470039E-11       1.32542252E-11
     3.4000       1.70303564E-11       2.98582897E-11       1.06028580E-11       1.32350480E-11
     3.5000       1.70098531E-11       2.95868424E-11       1.05823092E-11       1.32239440E-11
     3.6000       1.69848636E-11       2.93324006E-11       1.05853044E-11       1.32200953E-11
     3.7000       1.69539210E-11       2.90946009E-11       1.06117599E-11       1.32226876E-11
     3.8000       1.69156771E-11       2.88732214E-11       1.06615590E-11       1.32310162E-11
     3.9000       1.68689042E-11       2.86681020E-11       1.07345445E-11       1.32444523E-11
     4.0000       1.68125004E-11       2.84792747E-11       1.08304989E-11       1.32624800E-11
     4.1000       1.67455098E-11       2.83085817E-11       1.09493038E-11       1.32852718E-11
     4.2000       1.66671050E-11       2.81570663E-11       1.10907110E-11       1.33127340E-11
     4.3000       1.65765951E-11       2.80250548E-11       1.12543520E-11       1.33445575E-11
     4.4000       1.64734342E-11       2.79128415E-11       1.14397446E-11       1.33804663E-11
     4.5000       1.63572266E-11       2.78206213E-11       1.16463298E-11       1.34202056E-11
     4.6000       1.62277286E-11       2.77484796E-11       1.18734976E-11       1.34635426E-11
     4.7000       1.60848508E-11       2.76963946E-11       1.21205415E-11       1.35102623E-11
     4.8000       1.59286555E-11       2.76642317E-11       1.23866817E-11       1.35601777E-11
     4.9000       1.57593559E-11       2.76517167E-11       1.26710497E-11       1.36131093E-11
     5.0000       1.55773099E-11       2.76584320E-11       1.29727299E-11       1.36688960E-11
     5.1000       1.53830165E-11       2.76838390E-11       1.32907221E-11       1.37273904E-11
     5.2000       1.51771087E-11       2.77272765E-11       1.36239883E-11       1.37884666E-11
     5.3000       1.49603431E-11       2.77879701E-11       1.39714252E-11       1.38520076E-11
     5.4000       1.47335906E-11       2.78650232E-11       1.43319158E-11       1.39179129E-11
     5.5000       1.44978234E-11       2.79573959E-11       1.47042555E-11       1.39860599E-11
     5.6000       1.42541037E-11       2.80639955E-11       1.50872747E-11       1.40563709E-11
     5.7000       1.40035686E-11       2.81836288E-11       1.54797719E-11       1.41287506E-11
     5.8000       1.37474168E-11       2.83150510E-11       1.58805345E-11       1.42031176E-11
     5.9000       1.34868920E-11       2.84569544E-11       1.62883602E-11       1.42793899E-11
     6.0000       1.32232699E-11       2.86080131E-11       1.67020761E-11       1.43574959E-11
     6.1000       1.29578413E-11       2.87668788E-11       1.71205171E-11       1.44373569E-11
     6.2000       1.26918974E-11       2.89321896E-11       1.75425526E-11       1.45188889E-11
     6.3000       1.24267153E-11       2.91026018E-11       1.79671597E-11       1.46020185E-11
     6.4000       1.21635444E-11       2.92768515E-11       1.83936704E-11       1.46867499E-11
     6.5000       1.19035929E-11       2.94537152E-11       1.88220792E-11       1.47731818E-11
     6.6000       1.16480159E-11       2.96320664E-11       1.92529732E-11       1.48615129E-11
     6.7000       1.13979039E-11       2.98108461E-11       1.96868367E-11       1.49518913E-11
     6.8000       1.11542723E-11       2.99890605E-11       2.01237768E-11       1.50443778E-11
     6.9000       1.09180541E-11       3.01657752E-11       2.05635581E-11       1.51389408E-11
     7.0000       1.06900929E-11       3.03401674E-11       2.10057991E-11       1.52355309E-11
     7.1000       1.04711380E-11       3.05115277E-11       2.14500356E-11       1.53340876E-11
     7.2000       1.02618383E-11       3.06792358E-11       2.18957167E-11       1.54345218E-11
     7.3000       1.00627424E-11       3.08428021E-11       2.23422236E-11       1.55367279E-11
     7.4000       9.87429564E-12       3.10018316E-11       2.27888837E-11       1.56405832E-11
     7.5000       9.69684028E-12       3.11560299E-11       2.32349842E-11       1.57459441E-11
     7.6000       9.53061838E-12       3.13052316E-11       2.36798691E-11       1.58526973E-11
     7.7000       9.37577484E-12       3.14493332E-11       2.41227800E-11       1.59606753E-11
     7.8000       9.23235997E-12       3.15883402E-11       2.45630138E-11       1.60697337E-11
     7.9000       9.10033431E-12       3.17223303E-11       2.49998341E-11       1.61797015E-11
     8.0000       8.97957532E-12       3.18514488E-11       2.54325135E-11       1.62904089E-11
     8.1000       8.86988437E-12       3.19758927E-11       2.58603478E-11       1.64016697E-11
     8.2000       8.77099420E-12       3.20959172E-11       2.62826736E-11       1.65133089E-11
     8.3000       8.68257582E-12       3.22118300E-11       2.66988837E-11       1.66251611E-11
     8.4000       8.60424731E-12       3.23239801E-11       2.71084017E-11       1.67370610E-11
     8.5000       8.53558057E-12       3.24326907E-11       2.75106441E-11       1.68488091E-11
     8.6000       8.47611201E-12       3.25383660E-11       2.79051333E-11       1.69602658E-11
     8.7000       8.42534919E-12       3.26413846E-11       2.82914130E-11       1.70712619E-11
     8.8000       8.38277881E-12       3.27421295E-11       2.86690956E-11       1.71816482E-11
     8.9000       8.34787364E-12       3.28409718E-11       2.90378410E-11       1.72912840E-11
     9.0000       8.32010091E-12       3.29382827E-11       2.93973958E-11       1.74000376E-11
     9.1000       8.29892676E-12       3.30344199E-11       2.97475406E-11       1.75077962E-11
     9.2000       8.28382352E-12       3.31297144E-11       3.00880913E-11       1.76144488E-11
     9.3000       8.27427348E-12       3.32244528E-11       3.04189188E-11       1.77198837E-11
     9.4000       8.26977293E-12       3.33189117E-11       3.07399720E-11       1.78240242E-11
     9.5000       8.26983672E-12       3.34133392E-11       3.10512222E-11       1.79267884E-11
     9.6000       8.27400019E-12       3.35079353E-11       3.13526921E-11       1.80281099E-11
     9.7000       8.28182239E-12       3.36028885E-11       3.16444729E-11       1.81279482E-11
     9.8000       8.29288587E-12       3.36983135E-11       3.19265984E-11       1.82262282E-11
     9.9000       8.30679881E-12       3.37942978E-11       3.21991845E-11       1.83228963E-11
    10.0000       8.32319506E-12       3.38908910E-11       3.24623962E-11       1.84179193E-11
    10.1000       8.34173330E-12       3.39881265E-11       3.27164095E-11       1.85112731E-11
    10.2000       8.36209893E-12       3.40860103E-11       3.29614214E-11       1.86029367E-11
    10.3000       8.38400078E-12       3.41844865E-11       3.31976276E-11       1.86928795E-11
    10.4000       8.40717131E-12       3.42834877E-11       3.34252858E-11       1.87810978E-11
    10.5000       8.43136523E-12       3.43829029E-11       3.36446172E-11       1.88675648E-11
    10.6000       8.45635861E-12       3.44826089E-11       3.38558721E-11       1.89522677E-11
    10.7000       8.48194763E-12       3.45824582E-11       3.40592979E-11       1.90351862E-11
    10.8000       8.50794638E-12       3.46822807E-11       3.42551456E-11       1.91162996E-11
    10.9000       8.53418569E-12       3.47819259E-11       3.44436813E-11       1.91956142E-11
    11.0000       8.56051197E-12       3.48811993E-11       3.46251336E-11       1.92730988E-11
    11.1000       8.58678556E-12       3.49799114E-11       3.47997444E-11       1.93487415E-11
    11.2000       8.61287976E-12       3.50778787E-11       3.49677798E-11       1.94225379E-11
    11.3000       8.63867962E-12       3.51749035E-11       3.51294932E-11       1.94944732E-11
    11.4000       8.66408133E-12       3.52708050E-11       3.52851334E-11       1.95645476E-11
    11.5000       8.68899107E-12       3.53654029E-11       3.54349413E-11       1.96327541E-11
    11.6000       8.71332435E-12       3.54585318E-11       3.55791733E-11       1.96990947E-11
    11.7000       8.73700604E-12       3.55500498E-11       3.57180748E-11       1.97635801E-11
    11.8000       8.75996842E-12       3.56397986E-11       3.58518890E-11       1.98262089E-11
    11.9000       8.78215244E-12       3.57276500E-11       3.59808625E-11       1.98869928E-11
    12.0000       8.80350677E-12       3.58134865E-11       3.61052313E-11       1.99459425E-11
    12.1000       8.82398699E-12       3.58971994E-11       3.62252178E-11       2.00030716E-11
    12.2000       8.84355623E-12       3.59787129E-11       3.63410203E-11       2.00583915E-11
    12.3000       8.86218437E-12       3.60579400E-11       3.64527966E-11       2.01119028E-11
    12.4000       8.87984787E-12       3.61348394E-11       3.65607757E-11       2.01636458E-11
    12.5000       8.89652915E-12       3.62093624E-11       3.66651743E-11       2.02136503E-11
    12.6000       8.91221568E-12       3.62814781E-11       3.67661843E-11       2.02619432E-11
    12.7000       8.92690015E-12       3.63511571E-11       3.68640059E-11       2.03085633E-11
    12.8000       8.94057861E-12       3.64183915E-11       3.69588028E-11       2.03535339E-11
    12.9000       8.95325105E-12       3.64831849E-11       3.70507123E-11       2.03968843E-11
    13.0000       8.96491942E-12       3.65455378E-11       3.71398868E-11       2.04386506E-11
    13.1000       8.97558764E-12       3.66054688E-11       3.72264867E-11       2.04788766E-11
    13.2000       8.98526025E-12       3.66629731E-11       3.73106183E-11       2.05175812E-11
    13.3000       8.99394185E-12       3.67180880E-11       3.73924028E-11       2.05547996E-11
    13.4000       9.00163635E-12       3.67708102E-11       3.74719373E-11       2.05905471E-11
    13.5000       9.00834684E-12       3.68211588E-11       3.75493260E-11       2.06248521E-11
    13.6000       9.01407512E-12       3.68691819E-11       3.76246936E-11       2.06577646E-11
    13.7000       9.01882055E-12       3.69149008E-11       3.76981085E-11       2.06893065E-11
    13.8000       9.02258077E-12       3.69583507E-11       3.77696831E-11       2.07195253E-11
    13.9000       9.02535210E-12       3.69995560E-11       3.78394667E-11       2.07484326E-11
    14.0000       9.02712798E-12       3.70385378E-11       3.79075342E-11       2.07760469E-11
    14.1000       9.02790098E-12       3.70753272E-11       3.79739368E-11       2.08023945E-11
    14.2000       9.02766222E-12       3.71099671E-11       3.80387110E-11       2.08275030E-11
    14.3000       9.02640283E-12       3.71424844E-11       3.81019046E-11       2.08513945E-11
    14.4000       9.02411181E-12       3.71729016E-11       3.81636032E-11       2.08740981E-11
    14.5000       9.02077964E-12       3.72012534E-11       3.82238462E-11       2.08956288E-11
    14.6000       9.01639701E-12       3.72275715E-11       3.82826675E-11       2.09160077E-11
    14.7000       9.01095609E-12       3.72518866E-11       3.83400980E-11       2.09352533E-11
    14.8000       9.00445067E-12       3.72742282E-11       3.83961756E-11       2.09533897E-11
    14.9000       8.99687746E-12       3.72946240E-11       3.84509116E-11       2.09704227E-11
    15.0000       8.98823551E-12       3.73131047E-11       3.85043780E-11       2.09863874E-11
    15.1000       8.97852706E-12       3.73296933E-11       3.85566002E-11       2.10012951E-11
    15.2000       8.96775807E-12       3.73444173E-11       3.86076031E-11       2.10151683E-11
    15.3000       8.95593871E-12       3.73572831E-11       3.86573944E-11       2.10280060E-11
    15.4000       8.94308385E-12       3.73683104E-11       3.87060110E-11       2.10398323E-11
    15.5000       8.92921317E-12       3.73775227E-11       3.87534957E-11       2.10506771E-11
    15.6000       8.91435144E-12       3.73849535E-11       3.87998966E-11       2.10605794E-11
    15.7000       8.89852954E-12       3.73906130E-11       3.88452436E-11       2.10695449E-11
    15.8000       8.88178401E-12       3.73945251E-11       3.88895707E-11       2.10775966E-11
    15.9000       8.86415699E-12       3.73967104E-11       3.89329137E-11       2.10847643E-11
    16.0000       8.84569627E-12       3.73971816E-11       3.89752573E-11       2.10910550E-11
    16.1000       8.82645616E-12       3.73959709E-11       3.90166314E-11       2.10965031E-11
    16.2000       8.80649637E-12       3.73931038E-11       3.90570735E-11       2.11011431E-11
    16.3000       8.78588237E-12       3.73886086E-11       3.90966047E-11       2.11049928E-11
    16.4000       8.76468374E-12       3.73825095E-11       3.91352344E-11       2.11080727E-11
    16.5000       8.74297360E-12       3.73748363E-11       3.91730068E-11       2.11104214E-11
    16.6000       8.72082881E-12       3.73656184E-11       3.92099650E-11       2.11120748E-11
    16.7000       8.69832789E-12       3.73548922E-11       3.92461081E-11       2.11130571E-11
    16.8000       8.67555051E-12       3.73427129E-11       3.92814783E-11       2.11134105E-11
    16.9000       8.65257715E-12       3.73291247E-11       3.93160825E-11       2.11131625E-11
    17.0000       8.62948585E-12       3.73141781E-11       3.93499456E-11       2.11123604E-11
    17.1000       8.60635304E-12       3.72979237E-11       3.93830716E-11       2.11110267E-11
    17.2000       8.58325117E-12       3.72804157E-11       3.94155022E-11       2.11091961E-11
    17.3000       8.56024858E-12       3.72617127E-11       3.94472118E-11       2.11068968E-11
    17.4000       8.53740737E-12       3.72418751E-11       3.94781898E-11       2.11041573E-11
    17.5000       8.51478401E-12       3.72209609E-11       3.95084523E-11       2.11010065E-11
    17.6000       8.49242826E-12       3.71990437E-11       3.95380258E-11       2.10974893E-11
    17.7000       8.47038334E-12       3.71761990E-11       3.95668855E-11       2.10936305E-11
    17.8000       8.44868476E-12       3.71524835E-11       3.95950027E-11       2.10894313E-11
    17.9000       8.42736057E-12       3.71279438E-11       3.96223610E-11       2.10849057E-11
    18.0000       8.40643149E-12       3.71026596E-11       3.96489769E-11       2.10800929E-11
    18.1000       8.38591104E-12       3.70767093E-11       3.96747975E-11       2.10750048E-11
    18.2000       8.36580704E-12       3.70501618E-11       3.96998244E-11       2.10696668E-11
    18.3000       8.34612029E-12       3.70230841E-11       3.97240506E-11       2.10640983E-11
    18.4000       8.32684656E-12       3.69955284E-11       3.97474382E-11       2.10582948E-11
    18.5000       8.30797636E-12       3.69675533E-11       3.97699543E-11       2.10522654E-11
    18.6000       8.28949563E-12       3.69392174E-11       3.97915853E-11       2.10460132E-11
    18.7000       8.27138643E-12       3.69105737E-11       3.98123269E-11       2.10395519E-11
    18.8000       8.25362695E-12       3.68816924E-11       3.98321462E-11       2.10328929E-11
    18.9000       8.23619260E-12       3.68526126E-11       3.98510313E-11       2.10260409E-11
    19.0000       8.21905603E-12       3.68233743E-11       3.98689843E-11       2.10190028E-11
    19.1000       8.20218785E-12       3.67940061E-11       3.98859496E-11       2.10117563E-11
    19.2000       8.18555728E-12       3.67645532E-11       3.99019302E-11       2.10043158E-11
    19.3000       8.16913256E-12       3.67350281E-11       3.99168993E-11       2.09966604E-11
    19.4000       8.15288057E-12       3.67054716E-11       3.99308833E-11       2.09888063E-11
    19.5000       8.13676846E-12       3.66759268E-11       3.99438495E-11       2.09807566E-11
    19.6000       8.12076316E-12       3.66463969E-11       3.99557724E-11       2.09724868E-11
    19.7000       8.10483197E-12       3.66168927E-11       3.99666857E-11       2.09640018E-11
    19.8000       8.08894390E-12       3.65874514E-11       3.99766123E-11       2.09553206E-11
    19.9000       8.07306955E-12       3.65580672E-11       3.99855492E-11       2.09464208E-11
    20.0000       8.05718153E-12       3.65287543E-11       3.99935430E-11       2.09373121E-11
    20.1000       8.04125496E-12       3.64995290E-11       4.00006192E-11       2.09279984E-11
    20.2000       8.02526755E-12       3.64703899E-11       4.00068167E-11       2.09184826E-11
    20.3000       8.00920060E-12       3.64413304E-11       4.00121669E-11       2.09087656E-11
    20.4000       7.99303862E-12       3.64123637E-11       4.00166994E-11       2.08988568E-11
    20.5000       7.97677012E-12       3.63834895E-11       4.00204468E-11       2.08887608E-11
    20.6000       7.96038692E-12       3.63547104E-11       4.00234753E-11       2.08784910E-11
    20.7000       7.94388439E-12       3.63260250E-11       4.00258288E-11       2.08680570E-11
    20.8000       7.92726123E-12       3.62974340E-11       4.00275392E-11       2.08574613E-11
    20.9000       7.91051960E-12       3.62689283E-11       4.00286465E-11       2.08467139E-11
    21.0000       7.89366423E-12       3.62404914E-11       4.00292025E-11       2.08358221E-11
    21.1000       7.87670216E-12       3.62121196E-11       4.00292479E-11       2.08247956E-11
    21.2000       7.85964290E-12       3.61838056E-11       4.00288293E-11       2.08136458E-11
    21.3000       7.84249663E-12       3.61555439E-11       4.00280027E-11       2.08023892E-11
    21.4000       7.82527536E-12       3.61273064E-11       4.00267994E-11       2.07910196E-11
    21.5000       7.80799172E-12       3.60990889E-11       4.00252368E-11       2.07795479E-11
    21.6000       7.79065795E-12       3.60708729E-11       4.00233624E-11       2.07679796E-11
    21.7000       7.77328649E-12       3.60426420E-11       4.00211805E-11       2.07563091E-11
    21.8000       7.75588913E-12       3.60143871E-11       4.00187837E-11       2.07445722E-11
    21.9000       7.73847702E-12       3.59860964E-11       4.00161975E-11       2.07327688E-11
    22.0000       7.72106034E-12       3.59577489E-11       4.00134122E-11       2.07208884E-11
    22.1000       7.70364885E-12       3.59293465E-11       4.00104388E-11       2.07089388E-11
    22.2000       7.68625087E-12       3.59008822E-11       4.00073361E-11       2.06969420E-11
    22.3000       7.66887440E-12       3.58723445E-11       4.00041356E-11       2.06849018E-11
    22.4000       7.65152559E-12       3.58437314E-11       4.00008419E-11       2.06728219E-11
    22.5000       7.63421101E-12       3.58150533E-11       3.99974597E-11       2.06607106E-11
    22.6000       7.61693630E-12       3.57863136E-11       3.99940197E-11       2.06485716E-11
    22.7000       7.59970708E-12       3.57575414E-11       3.99905621E-11       2.06364340E-11
    22.8000       7.58252874E-12       3.57287481E-11       3.99871308E-11       2.06243151E-11
    22.9000       7.56540712E-12       3.56999576E-11       3.99837382E-11       2.06122281E-11
    23.0000       7.54834764E-12       3.56712003E-11       3.99804009E-11       2.06001874E-11
    23.1000       7.53135647E-12       3.56425062E-11       3.99771307E-11       2.05881947E-11
    23.2000       7.51443898E-12       3.56139106E-11       3.99739245E-11       2.05762643E-11
    23.3000       7.49760210E-12       3.55854595E-11       3.99708333E-11       2.05644286E-11
    23.4000       7.48085294E-12       3.55571949E-11       3.99678521E-11       2.05526918E-11
    23.5000       7.46419828E-12       3.55291523E-11       3.99649768E-11       2.05410560E-11
    23.6000       7.44764561E-12       3.55013791E-11       3.99622179E-11       2.05295372E-11
    23.7000       7.43120258E-12       3.54739211E-11       3.99595963E-11       2.05181608E-11
    23.8000       7.41487623E-12       3.54468172E-11       3.99571282E-11       2.05069431E-11
    23.9000       7.39867413E-12       3.54201163E-11       3.99548615E-11       2.04959139E-11
    24.0000       7.38260321E-12       3.53938592E-11       3.99528393E-11       2.04850965E-11
    24.1000       7.36666951E-12       3.53680897E-11       3.99510876E-11       2.04745038E-11
    24.2000       7.35087884E-12       3.53428458E-11       3.99496145E-11       2.04641456E-11
    24.3000       7.33523593E-12       3.53181475E-11       3.99484159E-11       2.04540219E-11
    24.4000       7.31974469E-12       3.52940252E-11       3.99475267E-11       2.04441511E-11
    24.5000       7.30440785E-12       3.52705031E-11       3.99469642E-11       2.04345434E-11
    24.6000       7.28922786E-12       3.52476203E-11       3.99467991E-11       2.04252319E-11
    24.7000       7.27420508E-12       3.52253777E-11       3.99470548E-11       2.04162222E-11
    24.8000       7.25933852E-12       3.52037910E-11       3.99477335E-11       2.04075215E-11
    24.9000       7.24462652E-12       3.51828601E-11       3.99488617E-11       2.03991333E-11
    25.0000       7.23006578E-12       3.51625986E-11       3.99504754E-11       2.03910734E-11
    25.1000       7.21565194E-12       3.51429981E-11       3.99525773E-11       2.03833336E-11
    25.2000       7.20137941E-12       3.51240407E-11       3.99551605E-11       2.03758944E-11
    25.3000       7.18724170E-12       3.51057133E-11       3.99582383E-11       2.03687541E-11
    25.4000       7.17323126E-12       3.50880071E-11       3.99618496E-11       2.03619286E-11
    25.5000       7.15933929E-12       3.50709182E-11       3.99660212E-11       2.03554229E-11
    25.6000       7.14555666E-12       3.50544274E-11       3.99707355E-11       2.03492264E-11
    25.7000       7.13187414E-12       3.50385115E-11       3.99760254E-11       2.03433389E-11
    25.8000       7.11828227E-12       3.50231458E-11       3.99819102E-11       2.03377544E-11
    25.9000       7.10477111E-12       3.50082977E-11       3.99883841E-11       2.03324518E-11
    26.0000       7.09133174E-12       3.49939604E-11       3.99954373E-11       2.03274261E-11
    26.1000       7.07795631E-12       3.49801222E-11       4.00030726E-11       2.03226737E-11
    26.2000       7.06463784E-12       3.49667703E-11       4.00113093E-11       2.03182030E-11
    26.3000       7.05136954E-12       3.49538901E-11       4.00201857E-11       2.03140245E-11
    26.4000       7.03814741E-12       3.49414663E-11       4.00296864E-11       2.03101212E-11
    26.5000       7.02496876E-12       3.49294786E-11       4.00398005E-11       2.03064794E-11
    26.6000       7.01183277E-12       3.49179219E-11       4.00505371E-11       2.03031046E-11
    26.7000       6.99874075E-12       3.49068099E-11       4.00619335E-11       2.03000220E-11
    26.8000       6.98569587E-12       3.48961394E-11       4.00740001E-11       2.02972301E-11
    26.9000       6.97270311E-12       3.48859046E-11       4.00867400E-11       2.02947278E-11
    27.0000       6.95976976E-12       3.48761092E-11       4.01001297E-11       2.02925048E-11
    27.1000       6.94690455E-12       3.48667613E-11       4.01141877E-11       2.02905704E-11
    27.2000       6.93411727E-12       3.48578806E-11       4.01289438E-11       2.02889483E-11
    27.3000       6.92141876E-12       3.48494715E-11       4.01443941E-11       2.02876341E-11
    27.4000       6.90882068E-12       3.48415451E-11       4.01605311E-11       2.02866320E-11
    27.5000       6.89633470E-12       3.48341130E-11       4.01773147E-11       2.02859337E-11
    27.6000       6.88397216E-12       3.48271907E-11       4.01947630E-11       2.02855560E-11
    27.7000       6.87174384E-12       3.48207891E-11       4.02128959E-11       2.02855109E-11
    27.8000       6.85965992E-12       3.48149240E-11       4.02316878E-11       2.02857948E-11
    27.9000       6.84772858E-12       3.48096013E-11       4.02511371E-11       2.02864116E-11
    28.0000       6.83595652E-12       3.48048327E-11       4.02712305E-11       2.02873635E-11
    28.1000       6.82434865E-12       3.48006197E-11       4.02919574E-11       2.02886481E-11
    28.2000       6.81290791E-12       3.47969732E-11       4.03132869E-11       2.02902632E-11
    28.3000       6.80163519E-12       3.47939141E-11       4.03352247E-11       2.02922252E-11
    28.4000       6.79052894E-12       3.47914390E-11       4.03577657E-11       2.02945244E-11
    28.5000       6.77958632E-12       3.47895573E-11       4.03809288E-11       2.02971684E-11
    28.6000       6.76880156E-12       3.47882686E-11       4.04046671E-11       2.03001443E-11
    28.7000       6.75816793E-12       3.47875671E-11       4.04289494E-11       2.03034375E-11
    28.8000       6.74767720E-12       3.47874602E-11       4.04537834E-11       2.03070512E-11
    28.9000       6.73731998E-12       3.47879497E-11       4.04791752E-11       2.03109886E-11
    29.0000       6.72708571E-12       3.47890273E-11       4.05050718E-11       2.03152306E-11
    29.1000       6.71696361E-12       3.47906756E-11       4.05314536E-11       2.03197606E-11
    29.2000       6.70694253E-12       3.47928941E-11       4.05582954E-11       2.03245662E-11
    29.3000       6.69701079E-12       3.47956614E-11       4.05856047E-11       2.03296395E-11
    29.4000       6.68715791E-12       3.47989883E-11       4.06133804E-11       2.03349929E-11
    29.5000       6.67737312E-12       3.48028405E-11       4.06416161E-11       2.03405992E-11
    29.6000       6.66764651E-12       3.48072006E-11       4.06702649E-11       2.03464334E-11
    29.7000       6.65796960E-12       3.48120765E-11       4.06993219E-11       2.03525039E-11
    29.8000       6.64833472E-12       3.48174384E-11       4.07287644E-11       2.03587878E-11
    29.9000       6.63873603E-12       3.48232697E-11       4.07586047E-11       2.03652837E-11
    30.0000       6.62916844E-12       3.48295559E-11       4.07888609E-11       2.03720016E-11
    30.1000       6.61962912E-12       3.48362800E-11       4.08195483E-11       2.03789344E-11
    30.2000       6.61011749E-12       3.48434331E-11       4.08506452E-11       2.03860810E-11
    30.3000       6.60063394E-12       3.48510115E-11       4.08821620E-11       2.03934524E-11
    30.4000       6.59118101E-12       3.48589961E-11       4.09141136E-11       2.04010463E-11
    30.5000       6.58176345E-12       3.48673692E-11       4.09464935E-11       2.04088452E-11
    30.6000       6.57238769E-12       3.48761245E-11       4.09793337E-11       2.04168635E-11
    30.7000       6.56306240E-12       3.48852648E-11       4.10126174E-11       2.04251057E-11
    30.8000       6.55379746E-12       3.48947796E-11       4.10463610E-11       2.04335738E-11
    30.9000       6.54460399E-12       3.49046669E-11       4.10805592E-11       2.04422621E-11
    31.0000       6.53549504E-12       3.49149183E-11       4.11152143E-11       2.04511673E-11
    31.1000       6.52648456E-12       3.49255431E-11       4.11503727E-11       2.04603164E-11
    31.2000       6.51758711E-12       3.49365446E-11       4.11860431E-11       2.04697107E-11
    31.3000       6.50881778E-12       3.49479277E-11       4.12222025E-11       2.04793491E-11
    31.4000       6.50019138E-12       3.49597046E-11       4.12588847E-11       2.04892540E-11
    31.5000       6.49172272E-12       3.49718880E-11       4.12960967E-11       2.04994316E-11
    31.6000       6.48342622E-12       3.49844963E-11       4.13338307E-11       2.05098845E-11
    31.7000       6.47531542E-12       3.49975473E-11       4.13721124E-11       2.05206275E-11
    31.8000       6.46740213E-12       3.50110514E-11       4.14109650E-11       2.05316742E-11
    31.9000       6.45969750E-12       3.50250333E-11       4.14503815E-11       2.05430367E-11
    32.0000       6.45221079E-12       3.50395079E-11       4.14903338E-11       2.05547078E-11
    32.1000       6.44494991E-12       3.50544975E-11       4.15308209E-11       2.05666996E-11
    32.2000       6.43792139E-12       3.50700217E-11       4.15718407E-11       2.05790117E-11
    32.3000       6.43112924E-12       3.50860971E-11       4.16133980E-11       2.05916526E-11
    32.4000       6.42457638E-12       3.51027289E-11       4.16554942E-11       2.06046205E-11
    32.5000       6.41826402E-12       3.51199494E-11       4.16981671E-11       2.06179437E-11
    32.6000       6.41219183E-12       3.51377534E-11       4.17413902E-11       2.06316039E-11
    32.7000       6.40635829E-12       3.51561782E-11       4.17851675E-11       2.06456242E-11
    32.8000       6.40076046E-12       3.51752254E-11       4.18294781E-11       2.06599942E-11
    32.9000       6.39539426E-12       3.51949097E-11       4.18743363E-11       2.06747194E-11
    33.0000       6.39025524E-12       3.52152469E-11       4.19197493E-11       2.06898021E-11
    33.1000       6.38533792E-12       3.52362413E-11       4.19656896E-11       2.07052352E-11
    33.2000       6.38063601E-12       3.52578860E-11       4.20121708E-11       2.07210096E-11
    33.3000       6.37614277E-12       3.52801951E-11       4.20592248E-11       2.07371425E-11
    33.4000       6.37185138E-12       3.53031904E-11       4.21068821E-11       2.07536538E-11
    33.5000       6.36775479E-12       3.53268558E-11       4.21551125E-11       2.07705147E-11
    33.6000       6.36384539E-12       3.53512017E-11       4.22039111E-11       2.07877319E-11
    33.7000       6.36011570E-12       3.53762253E-11       4.22532947E-11       2.08053048E-11
    33.8000       6.35655814E-12       3.54019282E-11       4.23032719E-11       2.08232319E-11
    33.9000       6.35316537E-12       3.54283026E-11       4.23538341E-11       2.08415066E-11
    34.0000       6.34992987E-12       3.54553475E-11       4.24050106E-11       2.08601418E-11
    34.1000       6.34684453E-12       3.54830597E-11       4.24567479E-11       2.08791171E-11
    34.2000       6.34390219E-12       3.55114321E-11       4.25090847E-11       2.08984423E-11
    34.3000       6.34109648E-12       3.55404470E-11       4.25619895E-11       2.09180909E-11
    34.4000       6.33842084E-12       3.55700964E-11       4.26154832E-11       2.09380702E-11
    34.5000       6.33586993E-12       3.56003773E-11       4.26695478E-11       2.09583701E-11
    34.6000       6.33343857E-12       3.56312844E-11       4.27241917E-11       2.09789986E-11
    34.7000       6.33112178E-12       3.56628102E-11       4.27794314E-11       2.09999616E-11
    34.8000       6.32891558E-12       3.56949360E-11       4.28352938E-11       2.10212590E-11
    34.9000       6.32681641E-12       3.57276492E-11       4.28918028E-11       2.10428987E-11
    35.0000       6.32482109E-12       3.57609484E-11       4.29489314E-11       2.10648698E-11
    35.1000       6.32292693E-12       3.57948269E-11       4.30067097E-11       2.10871844E-11
    35.2000       6.32113249E-12       3.58292575E-11       4.30651161E-11       2.11098169E-11
    35.3000       6.31943643E-12       3.58642225E-11       4.31241388E-11       2.11327503E-11
    35.4000       6.31783790E-12       3.58997058E-11       4.31837549E-11       2.11559740E-11
    35.5000       6.31633667E-12       3.59356986E-11       4.32439879E-11       2.11794949E-11
    35.6000       6.31493264E-12       3.59721904E-11       4.33048269E-11       2.12033112E-11
    35.7000       6.31362592E-12       3.60091683E-11       4.33662710E-11       2.12274142E-11
    35.8000       6.31241723E-12       3.60466292E-11       4.34283429E-11       2.12518173E-11
    35.9000       6.31130710E-12       3.60845590E-11       4.34910042E-11       2.12765021E-11
    36.0000       6.31029664E-12       3.61229406E-11       4.35542580E-11       2.13014617E-11
    36.1000       6.30938682E-12       3.61617936E-11       4.36181452E-11       2.13267259E-11
    36.2000       6.30857827E-12       3.62011075E-11       4.36826540E-11       2.13522846E-11
    36.3000       6.30787215E-12       3.62408911E-11       4.37477846E-11       2.13781479E-11
    36.4000       6.30726967E-12       3.62811338E-11       4.38134777E-11       2.14042806E-11
    36.5000       6.30677171E-12       3.63218429E-11       4.38797274E-11       2.14306888E-11
    36.6000       6.30637919E-12       3.63630163E-11       4.39465527E-11       2.14573762E-11
    36.7000       6.30609348E-12       3.64046783E-11       4.40139608E-11       2.14843616E-11
    36.8000       6.30591518E-12       3.64468172E-11       4.40819589E-11       2.15116409E-11
    36.9000       6.30584533E-12       3.64894491E-11       4.41505019E-11       2.15392026E-11
    37.0000       6.30588516E-12       3.65325907E-11       4.42195966E-11       2.15670637E-11
    37.1000       6.30603573E-12       3.65762523E-11       4.42892387E-11       2.15952279E-11
    37.2000       6.30629818E-12       3.66204471E-11       4.43594395E-11       2.16237046E-11
    37.3000       6.30667327E-12       3.66651694E-11       4.44301997E-11       2.16524856E-11
    37.4000       6.30716196E-12       3.67104285E-11       4.45015160E-11       2.16815708E-11
    37.5000       6.30776521E-12       3.67562141E-11       4.45733392E-11       2.17109289E-11
    37.6000       6.30848374E-12       3.68025349E-11       4.46456806E-11       2.17405651E-11
    37.7000       6.30931811E-12       3.68493937E-11       4.47185706E-11       2.17704983E-11
    37.8000       6.31026918E-12       3.68968022E-11       4.47920143E-11       2.18007370E-11
    37.9000       6.31133743E-12       3.69447721E-11       4.48660310E-11       2.18312977E-11
    38.0000       6.31252329E-12       3.69932967E-11       4.49406323E-11       2.18621763E-11
    38.1000       6.31382705E-12       3.70423747E-11       4.50158313E-11       2.18933722E-11
    38.2000       6.31524864E-12       3.70920089E-11       4.50916530E-11       2.19248949E-11
    38.3000       6.31678827E-12       3.71421987E-11       4.51680646E-11       2.19567368E-11
    38.4000       6.31844606E-12       3.71929347E-11       4.52450715E-11       2.19888860E-11
    38.5000       6.32022247E-12       3.72442219E-11       4.53226698E-11       2.20213400E-11
    38.6000       6.32211702E-12       3.72960490E-11       4.54008856E-11       2.20541024E-11
    38.7000       6.32412976E-12       3.73484196E-11       4.54797503E-11       2.20871892E-11
    38.8000       6.32626043E-12       3.74013219E-11       4.55592133E-11       2.21205741E-11
    38.9000       6.32850861E-12       3.74547541E-11       4.56392610E-11       2.21542540E-11
    39.0000       6.33087422E-12       3.75087094E-11       4.57199153E-11       2.21882342E-11
    39.1000       6.33335713E-12       3.75631895E-11       4.58011879E-11       2.22225259E-11
    39.2000       6.33595669E-12       3.76181897E-11       4.58830821E-11       2.22571295E-11
    39.3000       6.33867261E-12       3.76736997E-11       4.59655631E-11       2.22920299E-11
    39.4000       6.34150406E-12       3.77297180E-11       4.60486411E-11       2.23272383E-11
    39.5000       6.34445038E-12       3.77862305E-11       4.61323272E-11       2.23627464E-11
    39.6000       6.34751039E-12       3.78432334E-11       4.62165951E-11       2.23985429E-11
    39.7000       6.35068317E-12       3.79007191E-11       4.63014530E-11       2.24346348E-11
    39.8000       6.35396716E-12       3.79586867E-11       4.63868983E-11       2.24710247E-11
    39.9000       6.35736058E-12       3.80171270E-11       4.64728991E-11       2.25076903E-11
    40.0000       6.36086176E-12       3.80760273E-11       4.65594729E-11       2.25446331E-11
    40.1000       6.36446886E-12       3.81354025E-11       4.66466313E-11       2.25818684E-11
    40.2000       6.36817987E-12       3.81952553E-11       4.67343762E-11       2.26194010E-11
    40.3000       6.37199210E-12       3.82555856E-11       4.68227084E-11       2.26572309E-11
    40.4000       6.37590327E-12       3.83163853E-11       4.69116125E-11       2.26953434E-11
    40.5000       6.37991138E-12       3.83776440E-11       4.70010638E-11       2.27337198E-11
    40.6000       6.38401439E-12       3.84393562E-11       4.70910621E-11       2.27723598E-11
    40.7000       6.38821072E-12       3.85015492E-11       4.71816417E-11       2.28112998E-11
    40.8000       6.39249896E-12       3.85642236E-11       4.72728019E-11       2.28505322E-11
    40.9000       6.39687794E-12       3.86273799E-11       4.73645296E-11       2.28900504E-11
    41.0000       6.40134683E-12       3.86910204E-11       4.74567787E-11       2.29298418E-11
    41.1000       6.40590549E-12       3.87551667E-11       4.75496197E-11       2.29699380E-11
    41.2000       6.41055414E-12       3.88198219E-11       4.76430695E-11       2.30103435E-11
    41.3000       6.41529355E-12       3.88849754E-11       4.77370858E-11       2.30510269E-11
    41.4000       6.42012464E-12       3.89506352E-11       4.78316893E-11       2.30920000E-11
    41.5000       6.42504913E-12       3.90168089E-11       4.79268900E-11       2.31332699E-11
    41.6000       6.43006949E-12       3.90835222E-11       4.80226602E-11       2.31748439E-11
    41.7000       6.43518778E-12       3.91507718E-11       4.81190354E-11       2.32167278E-11
    41.8000       6.44040682E-12       3.92185477E-11       4.82160018E-11       2.32589069E-11
    41.9000       6.44572935E-12       3.92868641E-11       4.83135834E-11       2.33013997E-11
    42.0000       6.45115789E-12       3.93557141E-11       4.84117445E-11       2.33441911E-11
    42.1000       6.45669535E-12       3.94251028E-11       4.85104956E-11       2.33872875E-11
    42.2000       6.46234418E-12       3.94950324E-11       4.86098852E-11       2.34307060E-11
    42.3000       6.46810683E-12       3.95655028E-11       4.87099026E-11       2.34744434E-11
    42.4000       6.47398558E-12       3.96365115E-11       4.88105329E-11       2.35184930E-11
    42.5000       6.47998194E-12       3.97080592E-11       4.89117924E-11       2.35628628E-11
    42.6000       6.48609707E-12       3.97801484E-11       4.90136713E-11       2.36075545E-11
    42.7000       6.49233157E-12       3.98527771E-11       4.91161581E-11       2.36525580E-11
    42.8000       6.49868555E-12       3.99259402E-11       4.92192687E-11       2.36978784E-11
    42.9000       6.50515842E-12       3.99996336E-11       4.93229962E-11       2.37435085E-11
    43.0000       6.51174921E-12       4.00738548E-11       4.94273604E-11       2.37894593E-11
    43.1000       6.51845634E-12       4.01486045E-11       4.95323780E-11       2.38357345E-11
    43.2000       6.52527786E-12       4.02238691E-11       4.96380030E-11       2.38823010E-11
    43.3000       6.53221135E-12       4.02996364E-11       4.97442553E-11       2.39291608E-11
    43.4000       6.53925345E-12       4.03759178E-11       4.98511102E-11       2.39763184E-11
    43.5000       6.54640094E-12       4.04527238E-11       4.99585766E-11       2.40237809E-11
    43.6000       6.55365065E-12       4.05300441E-11       5.00666525E-11       2.40715450E-11
    43.7000       6.56099843E-12       4.06078638E-11       5.01753545E-11       2.41196099E-11
    43.8000       6.56844023E-12       4.06861906E-11       5.02846674E-11       2.41679821E-11
    43.9000       6.57597224E-12       4.07650138E-11       5.03945703E-11       2.42166439E-11
    44.0000       6.58359068E-12       4.08443438E-11       5.05050719E-11       2.42656149E-11
    44.1000       6.59129123E-12       4.09241618E-11       5.06161910E-11       2.43148780E-11
    44.2000       6.59907022E-12       4.10044849E-11       5.07279289E-11       2.43644509E-11
    44.3000       6.60692395E-12       4.10853007E-11       5.08402516E-11       2.44143124E-11
    44.4000       6.61484948E-12       4.11666264E-11       5.09531691E-11       2.44644818E-11
    44.5000       6.62284394E-12       4.12484548E-11       5.10666802E-11       2.45149521E-11
    44.6000       6.63090488E-12       4.13307700E-11       5.11807635E-11       2.45656966E-11
    44.7000       6.63903040E-12       4.14135769E-11       5.12954383E-11       2.46167219E-11
    44.8000       6.64721924E-12       4.14968713E-11       5.14106806E-11       2.46680197E-11
    44.9000       6.65547074E-12       4.15806475E-11       5.15265082E-11       2.47195907E-11
    45.0000       6.66378469E-12       4.16649134E-11       5.16429411E-11       2.47714493E-11
    45.1000       6.67216204E-12       4.17496749E-11       5.17599950E-11       2.48236075E-11
    45.2000       6.68060409E-12       4.18349378E-11       5.18776764E-11       2.48760713E-11
    45.3000       6.68911310E-12       4.19207010E-11       5.19959854E-11       2.49288340E-11
    45.4000       6.69769210E-12       4.20069480E-11       5.21149240E-11       2.49818809E-11
    45.5000       6.70634435E-12       4.20936968E-11       5.22345194E-11       2.50352380E-11
    45.6000       6.71507411E-12       4.21809531E-11       5.23547279E-11       2.50888906E-11
    45.7000       6.72388625E-12       4.22687085E-11       5.24755387E-11       2.51428244E-11
    45.8000       6.73278631E-12       4.23569722E-11       5.25970014E-11       2.51970603E-11
    45.9000       6.74178040E-12       4.24457561E-11       5.27191022E-11       2.52516001E-11
    46.0000       6.75087441E-12       4.25350618E-11       5.28418269E-11       2.53064425E-11
    46.1000       6.76007486E-12       4.26249002E-11       5.29651829E-11       2.53616013E-11
    46.2000       6.76938781E-12       4.27152738E-11       5.30891469E-11       2.54170696E-11
    46.3000       6.77881970E-12       4.28061968E-11       5.32137532E-11       2.54728699E-11
    46.4000       6.78837629E-12       4.28976621E-11       5.33390200E-11       2.55290007E-11
    46.5000       6.79806348E-12       4.29896748E-11       5.34649367E-11       2.55854659E-11
    46.6000       6.80788625E-12       4.30822358E-11       5.35915191E-11       2.56422645E-11
    46.7000       6.81784884E-12       4.31753584E-11       5.37187509E-11       2.56993985E-11
    46.8000       6.82795533E-12       4.32690454E-11       5.38465982E-11       2.57568573E-11
    46.9000       6.83820874E-12       4.33632793E-11       5.39750806E-11       2.58146339E-11
    47.0000       6.84861127E-12       4.34580722E-11       5.41041851E-11       2.58727344E-11
    47.1000       6.85916445E-12       4.35534310E-11       5.42339009E-11       2.59311710E-11
    47.2000       6.86986840E-12       4.36493485E-11       5.43642377E-11       2.59899308E-11
    47.3000       6.88072297E-12       4.37458372E-11       5.44952136E-11       2.60490321E-11
    47.4000       6.89172651E-12       4.38428826E-11       5.46267889E-11       2.61084496E-11
    47.5000       6.90287690E-12       4.39404936E-11       5.47589774E-11       2.61681911E-11
    47.6000       6.91417128E-12       4.40386746E-11       5.48917616E-11       2.62282527E-11
    47.7000       6.92560569E-12       4.41374157E-11       5.50251705E-11       2.62886360E-11
    47.8000       6.93717531E-12       4.42367192E-11       5.51592138E-11       2.63493509E-11
    47.9000       6.94887512E-12       4.43365839E-11       5.52938812E-11       2.64103948E-11
    48.0000       6.96069928E-12       4.44370019E-11       5.54291566E-11       2.64717556E-11
    48.1000       6.97264163E-12       4.45379834E-11       5.55650340E-11       2.65334457E-11
    48.2000       6.98469545E-12       4.46395189E-11       5.57015345E-11       2.65954620E-11
    48.3000       6.99685419E-12       4.47416197E-11       5.58386915E-11       2.66578244E-11
    48.4000       7.00911071E-12       4.48442580E-11       5.59765358E-11       2.67205234E-11
    48.5000       7.02145774E-12       4.49474375E-11       5.61150212E-11       2.67835382E-11
    48.6000       7.03388856E-12       4.50511533E-11       5.62541610E-11       2.68468709E-11
    48.7000       7.04639645E-12       4.51553881E-11       5.63939594E-11       2.69105053E-11
    48.8000       7.05897518E-12       4.52601443E-11       5.65343889E-11       2.69744420E-11
    48.9000       7.07161889E-12       4.53654303E-11       5.66754872E-11       2.70386961E-11
    49.0000       7.08432209E-12       4.54712443E-11       5.68172580E-11       2.71032696E-11
    49.1000       7.09708000E-12       4.55775718E-11       5.69596662E-11       2.71681337E-11
    49.2000       7.10988872E-12       4.56844200E-11       5.71027106E-11       2.72332967E-11
    49.3000       7.12274468E-12       4.57917734E-11       5.72463951E-11       2.72987449E-11
    49.4000       7.13564533E-12       4.58996469E-11       5.73907640E-11       2.73645076E-11
    49.5000       7.14858844E-12       4.60080413E-11       5.75358511E-11       2.74306043E-11
    49.6000       7.16157286E-12       4.61169319E-11       5.76816181E-11       2.74970020E-11
    49.7000       7.17459835E-12       4.62263146E-11       5.78280309E-11       2.75636804E-11
    49.8000       7.18766541E-12       4.63361909E-11       5.79751233E-11       2.76306528E-11
    49.9000       7.20077485E-12       4.64465635E-11       5.81228702E-11       2.76979145E-11
    50.0000       7.21392854E-12       4.65574255E-11       5.82712918E-11       2.77654715E-11
    50.1000       7.22712885E-12       4.66687826E-11       5.84204070E-11       2.78333412E-11
    50.2000       7.24037853E-12       4.67806387E-11       5.85702084E-11       2.79015241E-11
    50.3000       7.25368065E-12       4.68929766E-11       5.87206907E-11       2.79700037E-11
    50.4000       7.26703890E-12       4.70058230E-11       5.88718411E-11       2.80387989E-11
    50.5000       7.28045679E-12       4.71191699E-11       5.90236869E-11       2.81079028E-11
    50.6000       7.29393855E-12       4.72330215E-11       5.91762270E-11       2.81773167E-11
    50.7000       7.30748793E-12       4.73473776E-11       5.93294267E-11       2.82470252E-11
    50.8000       7.32110900E-12       4.74622544E-11       5.94833016E-11       2.83170538E-11
    50.9000       7.33480577E-12       4.75776453E-11       5.96378604E-11       2.83874018E-11
    51.0000       7.34858163E-12       4.76935606E-11       5.97930894E-11       2.84580747E-11
    51.1000       7.36244016E-12       4.78099780E-11       5.99489804E-11       2.85290493E-11
    51.2000       7.37638468E-12       4.79269037E-11       6.01055436E-11       2.86003311E-11
    51.3000       7.39041829E-12       4.80443576E-11       6.02627729E-11       2.86719338E-11
    51.4000       7.40454354E-12       4.81623436E-11       6.04206822E-11       2.87438592E-11
    51.5000       7.41876280E-12       4.82808655E-11       6.05792857E-11       2.88161180E-11
    51.6000       7.43307793E-12       4.83999197E-11       6.07386214E-11       2.88887178E-11
    51.7000       7.44749042E-12       4.85195111E-11       6.08986149E-11       2.89616358E-11
    51.8000       7.46200184E-12       4.86396371E-11       6.10592539E-11       2.90348578E-11
    51.9000       7.47661312E-12       4.87602933E-11       6.12205755E-11       2.91083942E-11
    52.0000       7.49132477E-12       4.88814958E-11       6.13825957E-11       2.91822649E-11
    52.1000       7.50613755E-12       4.90032504E-11       6.15452541E-11       2.92564546E-11
    52.2000       7.52105158E-12       4.91255673E-11       6.17085532E-11       2.93309694E-11
    52.3000       7.53606680E-12       4.92484457E-11       6.18725329E-11       2.94058218E-11
    52.4000       7.55118297E-12       4.93718761E-11       6.20371867E-11       2.94810088E-11
    52.5000       7.56639976E-12       4.94958791E-11       6.22025069E-11       2.95565374E-11
    52.6000       7.58171705E-12       4.96204519E-11       6.23685147E-11       2.96324076E-11
    52.7000       7.59713444E-12       4.97456022E-11       6.25351731E-11       2.97086111E-11
    52.8000       7.61265149E-12       4.98713391E-11       6.27024773E-11       2.97851485E-11
    52.9000       7.62826778E-12       4.99976574E-11       6.28704424E-11       2.98620214E-11
    53.0000       7.64398268E-12       5.01245692E-11       6.30390966E-11       2.99392464E-11
    53.1000       7.65979604E-12       5.02520712E-11       6.32084680E-11       3.00168316E-11
    53.2000       7.67570745E-12       5.03801649E-11       6.33785389E-11       3.00947647E-11
    53.3000       7.69171684E-12       5.05088670E-11       6.35493088E-11       3.01730501E-11
    53.4000       7.70782376E-12       5.06381742E-11       6.37208050E-11       3.02516916E-11
    53.5000       7.72402773E-12       5.07680839E-11       6.38930607E-11       3.03307033E-11
    53.6000       7.74032860E-12       5.08986087E-11       6.40660324E-11       3.04100751E-11
    53.7000       7.75672621E-12       5.10297346E-11       6.42396980E-11       3.04897782E-11
    53.8000       7.77322035E-12       5.11614626E-11       6.44140795E-11       3.05698260E-11
    53.9000       7.78981087E-12       5.12938107E-11       6.45891939E-11       3.06502368E-11
    54.0000       7.80649752E-12       5.14267752E-11       6.47650526E-11       3.07310102E-11
    54.1000       7.82328014E-12       5.15603353E-11       6.49416219E-11       3.08121208E-11
    54.2000       7.84015836E-12       5.16944962E-11       6.51189335E-11       3.08935769E-11
    54.3000       7.85713175E-12       5.18292580E-11       6.52969759E-11       3.09753709E-11
    54.4000       7.87419976E-12       5.19646376E-11       6.54757901E-11       3.10575370E-11
    54.5000       7.89136234E-12       5.21006261E-11       6.56553767E-11       3.11400669E-11
    54.6000       7.90861893E-12       5.22372051E-11       6.58357359E-11       3.12229465E-11
    54.7000       7.92596906E-12       5.23743743E-11       6.60168370E-11       3.13061750E-11
    54.8000       7.94341195E-12       5.25121289E-11       6.61986876E-11       3.13897501E-11
    54.9000       7.96094715E-12       5.26504782E-11       6.63813386E-11       3.14736988E-11
    55.0000       7.97857394E-12       5.27894287E-11       6.65647969E-11       3.15580263E-11
    55.1000       7.99629200E-12       5.29289777E-11       6.67490233E-11       3.16427209E-11
    55.2000       8.01410087E-12       5.30691132E-11       6.69339927E-11       3.17277562E-11
    55.3000       8.03200023E-12       5.32098457E-11       6.71197450E-11       3.18131567E-11
    55.4000       8.04998969E-12       5.33511799E-11       6.73062862E-11       3.18989305E-11
    55.5000       8.06806901E-12       5.34930947E-11       6.74936046E-11       3.19850591E-11
    55.6000       8.08623815E-12       5.36356108E-11       6.76817274E-11       3.20715630E-11
    55.7000       8.10449728E-12       5.37787261E-11       6.78706157E-11       3.21584265E-11
    55.8000       8.12284665E-12       5.39224635E-11       6.80603545E-11       3.22456979E-11
    55.9000       8.14128645E-12       5.40667994E-11       6.82508787E-11       3.23333385E-11
    56.0000       8.15981735E-12       5.42117428E-11       6.84422008E-11       3.24213564E-11
    56.1000       8.17844006E-12       5.43572990E-11       6.86343716E-11       3.25097672E-11
    56.2000       8.19715561E-12       5.45034729E-11       6.88273841E-11       3.25985605E-11
    56.3000       8.21596472E-12       5.46502636E-11       6.90212025E-11       3.26877235E-11
    56.4000       8.23486867E-12       5.47976638E-11       6.92157637E-11       3.27772327E-11
    56.5000       8.25386862E-12       5.49456819E-11       6.94110957E-11       3.28671000E-11
    56.6000       8.27296573E-12       5.50943210E-11       6.96072189E-11       3.29573335E-11
    56.7000       8.29216119E-12       5.52435850E-11       6.98041135E-11       3.30479349E-11
    56.8000       8.31145632E-12       5.53934792E-11       7.00017689E-11       3.31389021E-11
    56.9000       8.33085230E-12       5.55440327E-11       7.02002537E-11       3.32302774E-11
    57.0000       8.35035033E-12       5.56952287E-11       7.03995360E-11       3.33220347E-11
    57.1000       8.36995182E-12       5.58470732E-11       7.05996141E-11       3.34141752E-11
    57.2000       8.38965763E-12       5.59995585E-11       7.08005066E-11       3.35067038E-11
    57.3000       8.40946881E-12       5.61526878E-11       7.10021989E-11       3.35996155E-11
    57.4000       8.42938582E-12       5.63064731E-11       7.12047264E-11       3.36929337E-11
    57.5000       8.44940940E-12       5.64609211E-11       7.14080721E-11       3.37866467E-11
    57.6000       8.46953997E-12       5.66160216E-11       7.16122529E-11       3.38807506E-11
    57.7000       8.48977754E-12       5.67717771E-11       7.18172341E-11       3.39752367E-11
    57.8000       8.51012245E-12       5.69281865E-11       7.20229997E-11       3.40700984E-11
    57.9000       8.53057461E-12       5.70852648E-11       7.22295591E-11       3.41653498E-11
    58.0000       8.55113345E-12       5.72430201E-11       7.24369313E-11       3.42610062E-11
    58.1000       8.57179804E-12       5.74014344E-11       7.26451250E-11       3.43570607E-11
    58.2000       8.59256743E-12       5.75605058E-11       7.28541240E-11       3.44535096E-11
    58.3000       8.61344056E-12       5.77202348E-11       7.30639396E-11       3.45503504E-11
    58.4000       8.63441593E-12       5.78806126E-11       7.32745961E-11       3.46475818E-11
    58.5000       8.65549186E-12       5.80416408E-11       7.34860631E-11       3.47451907E-11
    58.6000       8.67666678E-12       5.82033207E-11       7.36983280E-11       3.48431806E-11
    58.7000       8.69793857E-12       5.83656629E-11       7.39114049E-11       3.49415666E-11
    58.8000       8.71930529E-12       5.85286502E-11       7.41252843E-11       3.50403315E-11
    58.9000       8.74076463E-12       5.86922917E-11       7.43399718E-11       3.51394880E-11
    59.0000       8.76231431E-12       5.88565836E-11       7.45554461E-11       3.52390242E-11
    59.1000       8.78395214E-12       5.90215284E-11       7.47717008E-11       3.53389424E-11
    59.2000       8.80567567E-12       5.91871165E-11       7.49887311E-11       3.54392380E-11
    59.3000       8.82748293E-12       5.93533512E-11       7.52065660E-11       3.55399140E-11
    59.4000       8.84937197E-12       5.95202310E-11       7.54252126E-11       3.56409738E-11
    59.5000       8.87134132E-12       5.96877674E-11       7.56447031E-11       3.57424362E-11
    59.6000       8.89338952E-12       5.98559495E-11       7.58650692E-11       3.58443024E-11
    59.7000       8.91551525E-12       6.00247808E-11       7.60862536E-11       3.59465544E-11
    59.8000       8.93771792E-12       6.01942695E-11       7.63082838E-11       3.60492076E-11
    59.9000       8.95999734E-12       6.03644055E-11       7.65311883E-11       3.61522596E-11
    60.0000       8.98235339E-12       6.05351947E-11       7.67549559E-11       3.62557091E-11
    60.1000       9.00478699E-12       6.07066408E-11       7.69795752E-11       3.63595542E-11
    60.2000       9.02729932E-12       6.08787451E-11       7.72050294E-11       3.64637888E-11
    60.3000       9.04989185E-12       6.10515151E-11       7.74313629E-11       3.65684339E-11
    60.4000       9.07256671E-12       6.12249403E-11       7.76585683E-11       3.66734638E-11
    60.5000       9.09532625E-12       6.13990359E-11       7.78866387E-11       3.67788956E-11
    60.6000       9.11817299E-12       6.15737985E-11       7.81155616E-11       3.68847210E-11
    60.7000       9.14110987E-12       6.17492304E-11       7.83453179E-11       3.69909295E-11
    60.8000       9.16414016E-12       6.19253301E-11       7.85759395E-11       3.70975274E-11
    60.9000       9.18726708E-12       6.21021114E-11       7.88074288E-11       3.72045270E-11
    61.0000       9.21049376E-12       6.22795770E-11       7.90397795E-11       3.73119154E-11
    61.1000       9.23382358E-12       6.24577401E-11       7.92730563E-11       3.74197284E-11
    61.2000       9.25725967E-12       6.26366002E-11       7.95072472E-11       3.75279636E-11
    61.3000       9.28080503E-12       6.28161694E-11       7.97423535E-11       3.76366268E-11
    61.4000       9.30446247E-12       6.29964453E-11       7.99783358E-11       3.77457108E-11
    61.5000       9.32823432E-12       6.31774327E-11       8.02152456E-11       3.78552311E-11
    61.6000       9.35212269E-12       6.33591307E-11       8.04530532E-11       3.79651660E-11
    61.7000       9.37612932E-12       6.35415373E-11       8.06917712E-11       3.80755249E-11
    61.8000       9.40025553E-12       6.37246628E-11       8.09314365E-11       3.81863326E-11
    61.9000       9.42450247E-12       6.39084977E-11       8.11719704E-11       3.82975494E-11
    62.0000       9.44887078E-12       6.40930464E-11       8.14133867E-11       3.84091863E-11
    62.1000       9.47336073E-12       6.42783404E-11       8.16556998E-11       3.85212704E-11
    62.2000       9.49797253E-12       6.44643687E-11       8.18988994E-11       3.86337815E-11
    62.3000       9.52270568E-12       6.46511281E-11       8.21430107E-11       3.87467348E-11
    62.4000       9.54755965E-12       6.48386211E-11       8.23880226E-11       3.88601386E-11
    62.5000       9.57253322E-12       6.50268485E-11       8.26339106E-11       3.89739862E-11
    62.6000       9.59762506E-12       6.52158138E-11       8.28807124E-11       3.90882879E-11
    62.7000       9.62283393E-12       6.54055294E-11       8.31284337E-11       3.92030512E-11
    62.8000       9.64815788E-12       6.55959807E-11       8.33770846E-11       3.93182671E-11
    62.9000       9.67359511E-12       6.57871487E-11       8.36266015E-11       3.94338882E-11
    63.0000       9.69914377E-12       6.59790620E-11       8.38770325E-11       3.95499609E-11
    63.1000       9.72480216E-12       6.61717115E-11       8.41283679E-11       3.96664753E-11
    63.2000       9.75056815E-12       6.63650759E-11       8.43806313E-11       3.97834074E-11
    63.3000       9.77643984E-12       6.65591743E-11       8.46338125E-11       3.99007809E-11
    63.4000       9.80241551E-12       6.67540063E-11       8.48879009E-11       4.00185870E-11
    63.5000       9.82849333E-12       6.69495564E-11       8.51428782E-11       4.01368054E-11
    63.6000       9.85467195E-12       6.71458287E-11       8.53987769E-11       4.02554562E-11
    63.7000       9.88094989E-12       6.73428277E-11       8.56556015E-11       4.03745483E-11
    63.8000       9.90732623E-12       6.75405578E-11       8.59133237E-11       4.04940770E-11
    63.9000       9.93380059E-12       6.77390174E-11       8.61720092E-11       4.06140543E-11
    64.0000       9.96037257E-12       6.79382134E-11       8.64316591E-11       4.07344828E-11
    64.1000       9.98704208E-12       6.81381629E-11       8.66922462E-11       4.08553645E-11
    64.2000       1.00138096E-11       6.83388497E-11       8.69537672E-11       4.09766888E-11
    64.3000       1.00406756E-11       6.85402911E-11       8.72162359E-11       4.10984697E-11
    64.4000       1.00676414E-11       6.87424864E-11       8.74796489E-11       4.12207057E-11
    64.5000       1.00947082E-11       6.89454194E-11       8.77439826E-11       4.13433722E-11
    64.6000       1.01218778E-11       6.91491211E-11       8.80092440E-11       4.14664904E-11
    64.7000       1.01491516E-11       6.93535958E-11       8.82754328E-11       4.15900555E-11
    64.8000       1.01765317E-11       6.95588420E-11       8.85426086E-11       4.17140817E-11
    64.9000       1.02040203E-11       6.97648521E-11       8.88107145E-11       4.18385408E-11
    65.0000       1.02316191E-11       6.99716409E-11       8.90797347E-11       4.19634381E-11
    65.1000       1.02593305E-11       7.01792101E-11       8.93497169E-11       4.20887914E-11
    65.2000       1.02871564E-11       7.03875593E-11       8.96206870E-11       4.22146058E-11
    65.3000       1.03150985E-11       7.05966936E-11       8.98926411E-11       4.23408875E-11
    65.4000       1.03431587E-11       7.08066215E-11       9.01655713E-11       4.24676370E-11
    65.5000       1.03713387E-11       7.10173586E-11       9.04395456E-11       4.25948851E-11
    65.6000       1.03996398E-11       7.12288879E-11       9.07145707E-11       4.27226173E-11
    65.7000       1.04280633E-11       7.14412209E-11       9.09905970E-11       4.28508261E-11
    65.8000       1.04566102E-11       7.16543630E-11       9.12676743E-11       4.29795326E-11
    65.9000       1.04852811E-11       7.18683159E-11       9.15457908E-11       4.31087318E-11
    66.0000       1.05140768E-11       7.20830794E-11       9.18249351E-11       4.32384134E-11
    66.1000       1.05429978E-11       7.22986640E-11       9.21051085E-11       4.33685889E-11
    66.2000       1.05720439E-11       7.25150646E-11       9.23862956E-11       4.34992467E-11
    66.3000       1.06012154E-11       7.27322937E-11       9.26684631E-11       4.36303855E-11
    66.4000       1.06305119E-11       7.29503514E-11       9.29516359E-11       4.37620168E-11
    66.5000       1.06599331E-11       7.31692117E-11       9.32358562E-11       4.38941326E-11
    66.6000       1.06894785E-11       7.33888913E-11       9.35210587E-11       4.40267136E-11
    66.7000       1.07191479E-11       7.36094099E-11       9.38073126E-11       4.41598068E-11
    66.8000       1.07489404E-11       7.38307612E-11       9.40946261E-11       4.42934099E-11
    66.9000       1.07788557E-11       7.40529460E-11       9.43829744E-11       4.44275049E-11
    67.0000       1.08088930E-11       7.42759609E-11       9.46723048E-11       4.45620679E-11
    67.1000       1.08390517E-11       7.44998056E-11       9.49625883E-11       4.46970978E-11
    67.2000       1.08693308E-11       7.47244583E-11       9.52538684E-11       4.48325929E-11
    67.3000       1.08997300E-11       7.49499191E-11       9.55461573E-11       4.49685527E-11
    67.4000       1.09302485E-11       7.51762105E-11       9.58394813E-11       4.51050115E-11
    67.5000       1.09608859E-11       7.54033253E-11       9.61338481E-11       4.52419646E-11
    67.6000       1.09916417E-11       7.56312710E-11       9.64292605E-11       4.53794157E-11
    67.7000       1.10225154E-11       7.58600409E-11       9.67257275E-11       4.55173596E-11
    67.8000       1.10535066E-11       7.60896157E-11       9.70231869E-11       4.56557622E-11
    67.9000       1.10846147E-11       7.63199864E-11       9.73216505E-11       4.57946198E-11
    68.0000       1.11158397E-11       7.65511588E-11       9.76211610E-11       4.59339641E-11
    68.1000       1.11471811E-11       7.67831600E-11       9.79216887E-11       4.60738086E-11
    68.2000       1.11786389E-11       7.70159742E-11       9.82232337E-11       4.62141381E-11
    68.3000       1.12102127E-11       7.72496027E-11       9.85258635E-11       4.63549751E-11
    68.4000       1.12419024E-11       7.74840509E-11       9.88295628E-11       4.64963315E-11
    68.5000       1.12737077E-11       7.77193179E-11       9.91342978E-11       4.66381832E-11
    68.6000       1.13056285E-11       7.79553958E-11       9.94400719E-11       4.67805237E-11
    68.7000       1.13376645E-11       7.81922814E-11       9.97468705E-11       4.69233489E-11
    68.8000       1.13698156E-11       7.84299722E-11       1.00054717E-10       4.70666668E-11
    68.9000       1.14020818E-11       7.86684652E-11       1.00363575E-10       4.72104565E-11
    69.0000       1.14344627E-11       7.89077834E-11       1.00673498E-10       4.73547557E-11
    69.1000       1.14669584E-11       7.91479090E-11       1.00984535E-10       4.74995720E-11
    69.2000       1.14995686E-11       7.93888559E-11       1.01296681E-10       4.76449108E-11
    69.3000       1.15322934E-11       7.96306261E-11       1.01609919E-10       4.77907641E-11
    69.4000       1.15651325E-11       7.98732150E-11       1.01924246E-10       4.79371188E-11
    69.5000       1.15980860E-11       8.01166325E-11       1.02239614E-10       4.80839647E-11
    69.6000       1.16311539E-11       8.03608766E-11       1.02556010E-10       4.82312906E-11
    69.7000       1.16643366E-11       8.06059696E-11       1.02873492E-10       4.83791269E-11
    69.8000       1.16976342E-11       8.08519169E-11       1.03192064E-10       4.85274765E-11
    69.9000       1.17310473E-11       8.10987197E-11       1.03511715E-10       4.86763373E-11
    70.0000       1.17645765E-11       8.13463892E-11       1.03832449E-10       4.88257038E-11
    70.1000       1.17982220E-11       8.15949319E-11       1.04154273E-10       4.89755887E-11
    70.2000       1.18319850E-11       8.18443455E-11       1.04477211E-10       4.91259969E-11
    70.3000       1.18658664E-11       8.20946193E-11       1.04801230E-10       4.92769045E-11
    70.4000       1.18998672E-11       8.23457748E-11       1.05126369E-10       4.94283321E-11
    70.5000       1.19339886E-11       8.25978333E-11       1.05452611E-10       4.95802929E-11
    70.6000       1.19682322E-11       8.28508052E-11       1.05779951E-10       4.97327950E-11
    70.7000       1.20025992E-11       8.31046795E-11       1.06108404E-10       4.98858223E-11
    70.8000       1.20370914E-11       8.33594743E-11       1.06437982E-10       5.00393890E-11
    70.9000       1.20717104E-11       8.36151770E-11       1.06768722E-10       5.01934966E-11
    71.0000       1.21064581E-11       8.38718096E-11       1.07100681E-10       5.03481737E-11
    71.1000       1.21413363E-11       8.41293744E-11       1.07433902E-10       5.05034376E-11
    71.2000       1.21763466E-11       8.43878737E-11       1.07768273E-10       5.06592455E-11
    71.3000       1.22114909E-11       8.46473121E-11       1.08103785E-10       5.08156014E-11
    71.4000       1.22467712E-11       8.49077021E-11       1.08440447E-10       5.09725159E-11
    71.5000       1.22821888E-11       8.51690296E-11       1.08778280E-10       5.11299894E-11
    71.6000       1.23177456E-11       8.54312795E-11       1.09117261E-10       5.12879968E-11
    71.7000       1.23534426E-11       8.56944597E-11       1.09457397E-10       5.14465373E-11
    71.8000       1.23892817E-11       8.59585780E-11       1.09798672E-10       5.16056168E-11
    71.9000       1.24252638E-11       8.62236484E-11       1.10141094E-10       5.17652582E-11
    72.0000       1.24613902E-11       8.64896649E-11       1.10484677E-10       5.19254629E-11
    72.1000       1.24976618E-11       8.67566158E-11       1.10829443E-10       5.20862183E-11
    72.2000       1.25340794E-11       8.70245103E-11       1.11175356E-10       5.22475185E-11
    72.3000       1.25706434E-11       8.72933456E-11       1.11522457E-10       5.24093805E-11
    72.4000       1.26073542E-11       8.75631177E-11       1.11870731E-10       5.25718043E-11
    72.5000       1.26442121E-11       8.78338187E-11       1.12220138E-10       5.27347681E-11
    72.6000       1.26812173E-11       8.81054655E-11       1.12570713E-10       5.28983002E-11
    72.7000       1.27183697E-11       8.83780570E-11       1.12922484E-10       5.30624085E-11
    72.8000       1.27556689E-11       8.86515802E-11       1.13275416E-10       5.32270638E-11
    72.9000       1.27931143E-11       8.89260337E-11       1.13629464E-10       5.33922599E-11
    73.0000       1.28307053E-11       8.92014171E-11       1.13984581E-10       5.35579800E-11
    73.1000       1.28684410E-11       8.94777401E-11       1.14340867E-10       5.37242755E-11
    73.2000       1.29063204E-11       8.97549956E-11       1.14698280E-10       5.38911231E-11
    73.3000       1.29443426E-11       9.00331854E-11       1.15056828E-10       5.40585277E-11
    73.4000       1.29825061E-11       9.03123189E-11       1.15416548E-10       5.42264985E-11
    73.5000       1.30208096E-11       9.05923967E-11       1.15777411E-10       5.43950256E-11
    73.6000       1.30592517E-11       9.08734098E-11       1.16139434E-10       5.45641121E-11
    73.7000       1.30978307E-11       9.11553550E-11       1.16502617E-10       5.47337489E-11
    73.8000       1.31365454E-11       9.14382290E-11       1.16866985E-10       5.49039441E-11
    73.9000       1.31753940E-11       9.17220354E-11       1.17232545E-10       5.50747020E-11
    74.0000       1.32143756E-11       9.20067635E-11       1.17599229E-10       5.52459900E-11
    74.1000       1.32534887E-11       9.22924202E-11       1.17967095E-10       5.54178280E-11
    74.2000       1.32927326E-11       9.25790269E-11       1.18336139E-10       5.55902411E-11
    74.3000       1.33321064E-11       9.28665771E-11       1.18706410E-10       5.57632444E-11
    74.4000       1.33716094E-11       9.31550814E-11       1.19077891E-10       5.59368340E-11
    74.5000       1.34112415E-11       9.34445255E-11       1.19450530E-10       5.61109698E-11
    74.6000       1.34510026E-11       9.37349020E-11       1.19824327E-10       5.62856454E-11
    74.7000       1.34908928E-11       9.40262299E-11       1.20199366E-10       5.64609049E-11
    74.8000       1.35309129E-11       9.43185116E-11       1.20575631E-10       5.66367443E-11
    74.9000       1.35710636E-11       9.46117269E-11       1.20953065E-10       5.68131204E-11
    75.0000       1.36113460E-11       9.49058804E-11       1.21331683E-10       5.69900514E-11
    75.1000       1.36517614E-11       9.52009854E-11       1.21711482E-10       5.71675485E-11
    75.2000       1.36923112E-11       9.54970435E-11       1.22092535E-10       5.73456353E-11
    75.3000       1.37329970E-11       9.57940685E-11       1.22474825E-10       5.75243191E-11
    75.4000       1.37738208E-11       9.60920606E-11       1.22858341E-10       5.77035841E-11
    75.5000       1.38147841E-11       9.63910242E-11       1.23243077E-10       5.78834339E-11
    75.6000       1.38558889E-11       9.66909820E-11       1.23629023E-10       5.80638805E-11
    75.7000       1.38971370E-11       9.69919279E-11       1.24016216E-10       5.82449225E-11
    75.8000       1.39385301E-11       9.72938802E-11       1.24404688E-10       5.84265810E-11
    75.9000       1.39800699E-11       9.75968557E-11       1.24794474E-10       5.86088689E-11
    76.0000       1.40217578E-11       9.79008405E-11       1.25185553E-10       5.87917656E-11
    76.1000       1.40635953E-11       9.82058559E-11       1.25577916E-10       5.89752828E-11
    76.2000       1.41055834E-11       9.85118787E-11       1.25971540E-10       5.91593867E-11
    76.3000       1.41477231E-11       9.88188904E-11       1.26366414E-10       5.93440488E-11
    76.4000       1.41900153E-11       9.91269087E-11       1.26762550E-10       5.95292955E-11
    76.5000       1.42324605E-11       9.94359546E-11       1.27159946E-10       5.97151333E-11
    76.6000       1.42750593E-11       9.97460364E-11       1.27558636E-10       5.99015835E-11
    76.7000       1.43178118E-11       1.00057150E-10       1.27958624E-10       6.00886398E-11
    76.8000       1.43607179E-11       1.00369276E-10       1.28359909E-10       6.02762929E-11
    76.9000       1.44037773E-11       1.00682434E-10       1.28762486E-10       6.04645637E-11
    77.0000       1.44469897E-11       1.00996624E-10       1.29166324E-10       6.06534282E-11
    77.1000       1.44903543E-11       1.01311846E-10       1.29571462E-10       6.08429128E-11
    77.2000       1.45338704E-11       1.01628104E-10       1.29977845E-10       6.10330034E-11
    77.3000       1.45775370E-11       1.01945394E-10       1.30385509E-10       6.12237029E-11
    77.4000       1.46213531E-11       1.02263724E-10       1.30794443E-10       6.14150301E-11
    77.5000       1.46653174E-11       1.02583081E-10       1.31204666E-10       6.16069742E-11
    77.6000       1.47094290E-11       1.02903491E-10       1.31616170E-10       6.17995514E-11
    77.7000       1.47536866E-11       1.03224942E-10       1.32028906E-10       6.19927234E-11
    77.8000       1.47980890E-11       1.03547430E-10       1.32442916E-10       6.21865151E-11
    77.9000       1.48426349E-11       1.03870963E-10       1.32858249E-10       6.23809447E-11
    78.0000       1.48873235E-11       1.04195515E-10       1.33274838E-10       6.25759509E-11
    78.1000       1.49321539E-11       1.04521095E-10       1.33692702E-10       6.27715554E-11
    78.2000       1.49771252E-11       1.04847713E-10       1.34111860E-10       6.29677688E-11
    78.3000       1.50222368E-11       1.05175372E-10       1.34532289E-10       6.31645843E-11
    78.4000       1.50674886E-11       1.05504076E-10       1.34954059E-10       6.33620340E-11
    78.5000       1.51128803E-11       1.05833811E-10       1.35377128E-10       6.35600930E-11
    78.6000       1.51584120E-11       1.06164572E-10       1.35801522E-10       6.37587661E-11
    78.7000       1.52040842E-11       1.06496373E-10       1.36227272E-10       6.39580618E-11
    78.8000       1.52498972E-11       1.06829221E-10       1.36654392E-10       6.41580011E-11
    78.9000       1.52958522E-11       1.07163136E-10       1.37082870E-10       6.43586001E-11
    79.0000       1.53419500E-11       1.07498075E-10       1.37512696E-10       6.45598219E-11
    79.1000       1.53881919E-11       1.07834063E-10       1.37943812E-10       6.47616603E-11
    79.2000       1.54345794E-11       1.08171090E-10       1.38376251E-10       6.49641193E-11
    79.3000       1.54811138E-11       1.08509155E-10       1.38810011E-10       6.51672004E-11
    79.4000       1.55277973E-11       1.08848291E-10       1.39245049E-10       6.53709185E-11
    79.5000       1.55746313E-11       1.09188498E-10       1.39681400E-10       6.55752767E-11
    79.6000       1.56216178E-11       1.09529757E-10       1.40119019E-10       6.57802499E-11
    79.7000       1.56687585E-11       1.09872085E-10       1.40557926E-10       6.59858567E-11
    79.8000       1.57160555E-11       1.10215480E-10       1.40998130E-10       6.61920944E-11
    79.9000       1.57635102E-11       1.10559951E-10       1.41439677E-10       6.63989770E-11
    80.0000       1.58111247E-11       1.10905499E-10       1.41882547E-10       6.66064962E-11
    80.1000       1.58589004E-11       1.11252126E-10       1.42326747E-10       6.68146493E-11
    80.2000       1.59068387E-11       1.11599842E-10       1.42772325E-10       6.70234676E-11
    80.3000       1.59549411E-11       1.11948629E-10       1.43219216E-10       6.72329050E-11
    80.4000       1.60032088E-11       1.12298525E-10       1.43667383E-10       6.74429799E-11
    80.5000       1.60516429E-11       1.12649544E-10       1.44116929E-10       6.76537490E-11
    80.6000       1.61002442E-11       1.13001665E-10       1.44567836E-10       6.78651757E-11
    80.7000       1.61490136E-11       1.13354906E-10       1.45020118E-10       6.80772679E-11
    80.8000       1.61979514E-11       1.13709273E-10       1.45473833E-10       6.82900445E-11
    80.9000       1.62470581E-11       1.14064762E-10       1.45928916E-10       6.85034760E-11
    81.0000       1.62963342E-11       1.14421378E-10       1.46385380E-10       6.87175610E-11
    81.1000       1.63457797E-11       1.14779131E-10       1.46843270E-10       6.89323273E-11
    81.2000       1.63953944E-11       1.15137981E-10       1.47302523E-10       6.91477098E-11
    81.3000       1.64451783E-11       1.15497961E-10       1.47763171E-10       6.93637538E-11
    81.4000       1.64951310E-11       1.15859075E-10       1.48225244E-10       6.95804765E-11
    81.5000       1.65452522E-11       1.16221321E-10       1.48688736E-10       6.97978665E-11
    81.6000       1.65955412E-11       1.16584684E-10       1.49153606E-10       7.00158973E-11
    81.7000       1.66459977E-11       1.16949171E-10       1.49619880E-10       7.02345872E-11
    81.8000       1.66966211E-11       1.17314799E-10       1.50087580E-10       7.04539560E-11
    81.9000       1.67474107E-11       1.17681541E-10       1.50556657E-10       7.06739736E-11
    82.0000       1.67983658E-11       1.18049386E-10       1.51027112E-10       7.08946325E-11
    82.1000       1.68494856E-11       1.18418332E-10       1.51498951E-10       7.11159336E-11
    82.2000       1.69007694E-11       1.18788383E-10       1.51972189E-10       7.13378896E-11
    82.3000       1.69522167E-11       1.19159551E-10       1.52446842E-10       7.15605146E-11
    82.4000       1.70038266E-11       1.19531826E-10       1.52922919E-10       7.17838223E-11
    82.5000       1.70555986E-11       1.19905189E-10       1.53400384E-10       7.20077758E-11
    82.6000       1.71075322E-11       1.20279689E-10       1.53879300E-10       7.22324392E-11
    82.7000       1.71596268E-11       1.20655315E-10       1.54359647E-10       7.24577867E-11
    82.8000       1.72118820E-11       1.21032048E-10       1.54841460E-10       7.26838238E-11
    82.9000       1.72642971E-11       1.21409867E-10       1.55324671E-10       7.29105063E-11
    83.0000       1.73168720E-11       1.21788792E-10       1.55809288E-10       7.31378557E-11
    83.1000       1.73696064E-11       1.22168844E-10       1.56295289E-10       7.33658798E-11
    83.2000       1.74225000E-11       1.22550013E-10       1.56782682E-10       7.35945770E-11
    83.3000       1.74755525E-11       1.22932277E-10       1.57271432E-10       7.38239100E-11
    83.4000       1.75287642E-11       1.23315664E-10       1.57761544E-10       7.40538969E-11
    83.5000       1.75821352E-11       1.23700182E-10       1.58253066E-10       7.42845636E-11
    83.6000       1.76356653E-11       1.24085839E-10       1.58745973E-10       7.45159213E-11
    83.7000       1.76893553E-11       1.24472628E-10       1.59240307E-10       7.47479614E-11
    83.8000       1.77432051E-11       1.24860564E-10       1.59736111E-10       7.49807120E-11
    83.9000       1.77972151E-11       1.25249646E-10       1.60233368E-10       7.52141519E-11
    84.0000       1.78513858E-11       1.25639845E-10       1.60732002E-10       7.54482250E-11
    84.1000       1.79057176E-11       1.26031192E-10       1.61232075E-10       7.56829742E-11
    84.2000       1.79602112E-11       1.26423720E-10       1.61733616E-10       7.59184432E-11
    84.3000       1.80148674E-11       1.26817434E-10       1.62236671E-10       7.61546459E-11
    84.4000       1.80696866E-11       1.27212335E-10       1.62741228E-10       7.63915703E-11
    84.5000       1.81246697E-11       1.27608399E-10       1.63247264E-10       7.66291772E-11
    84.6000       1.81798174E-11       1.28005648E-10       1.63754735E-10       7.68674747E-11
    84.7000       1.82351304E-11       1.28404092E-10       1.64263657E-10       7.71064676E-11
    84.8000       1.82906096E-11       1.28803725E-10       1.64774050E-10       7.73461546E-11
    84.9000       1.83462558E-11       1.29204559E-10       1.65285949E-10       7.75865694E-11
    85.0000       1.84020699E-11       1.29606590E-10       1.65799283E-10       7.78276743E-11
    85.1000       1.84580527E-11       1.30009828E-10       1.66314112E-10       7.80694935E-11
    85.2000       1.85142047E-11       1.30414283E-10       1.66830407E-10       7.83120108E-11
    85.3000       1.85705273E-11       1.30819947E-10       1.67348219E-10       7.85552426E-11
    85.4000       1.86270210E-11       1.31226815E-10       1.67867534E-10       7.87991799E-11
    85.5000       1.86836868E-11       1.31634921E-10       1.68388367E-10       7.90438574E-11
    85.6000       1.87405254E-11       1.32044257E-10       1.68910735E-10       7.92892753E-11
    85.7000       1.87975375E-11       1.32454838E-10       1.69434683E-10       7.95354501E-11
    85.8000       1.88547239E-11       1.32866653E-10       1.69960162E-10       7.97823490E-11
    85.9000       1.89120853E-11       1.33279708E-10       1.70487137E-10       8.00299711E-11
    86.0000       1.89696224E-11       1.33694007E-10       1.71015644E-10       8.02783291E-11
    86.1000       1.90273361E-11       1.34109556E-10       1.71545694E-10       8.05274353E-11
    86.2000       1.90852264E-11       1.34526348E-10       1.72077236E-10       8.07772692E-11
    86.3000       1.91432941E-11       1.34944373E-10       1.72610335E-10       8.10278310E-11
    86.4000       1.92015397E-11       1.35363589E-10       1.73144912E-10       8.12790540E-11
    86.5000       1.92599636E-11       1.35784006E-10       1.73680951E-10       8.15309595E-11
    86.6000       1.93185661E-11       1.36205637E-10       1.74218486E-10       8.17835683E-11
    86.7000       1.93773476E-11       1.36628490E-10       1.74757551E-10       8.20368981E-11
    86.8000       1.94363081E-11       1.37052560E-10       1.75298124E-10       8.22909335E-11
    86.9000       1.94954483E-11       1.37477834E-10       1.75840237E-10       8.25456752E-11
    87.0000       1.95547681E-11       1.37904343E-10       1.76383907E-10       8.28011626E-11
    87.1000       1.96142678E-11       1.38332073E-10       1.76929121E-10       8.30573754E-11
    87.2000       1.96739475E-11       1.38761039E-10       1.77475825E-10       8.33143171E-11
    87.3000       1.97338074E-11       1.39191222E-10       1.78024036E-10       8.35719707E-11
    87.4000       1.97938474E-11       1.39622610E-10       1.78573759E-10       8.38303389E-11
    87.5000       1.98540672E-11       1.40055203E-10       1.79125015E-10       8.40894331E-11
    87.6000       1.99144669E-11       1.40489012E-10       1.79677764E-10       8.43492540E-11
    87.7000       1.99750466E-11       1.40924036E-10       1.80232009E-10       8.46098006E-11
    87.8000       2.00358059E-11       1.41360298E-10       1.80787798E-10       8.48711168E-11
    87.9000       2.00967448E-11       1.41797784E-10       1.81345056E-10       8.51331476E-11
    88.0000       2.01578633E-11       1.42236484E-10       1.81903847E-10       8.53959119E-11
    88.1000       2.02191612E-11       1.42676418E-10       1.82464182E-10       8.56594314E-11
    88.2000       2.02806383E-11       1.43117576E-10       1.83026038E-10       8.59236869E-11
    88.3000       2.03422949E-11       1.43559938E-10       1.83589427E-10       8.61886647E-11
    88.4000       2.04041307E-11       1.44003516E-10       1.84154345E-10       8.64543689E-11
    88.5000       2.04661460E-11       1.44448333E-10       1.84720842E-10       8.67208358E-11
    88.6000       2.05283408E-11       1.44894402E-10       1.85288961E-10       8.69880918E-11
    88.7000       2.05907155E-11       1.45341722E-10       1.85858609E-10       8.72560946E-11
    88.8000       2.06532701E-11       1.45790284E-10       1.86429797E-10       8.75248433E-11
    88.9000       2.07160052E-11       1.46240084E-10       1.87002527E-10       8.77943239E-11
    89.0000       2.07789213E-11       1.46691120E-10       1.87576817E-10       8.80645303E-11
    89.1000       2.08420186E-11       1.47143392E-10       1.88152676E-10       8.83354571E-11
    89.2000       2.09052978E-11       1.47596902E-10       1.88730061E-10       8.86070997E-11
    89.3000       2.09687597E-11       1.48051667E-10       1.89309006E-10       8.88794801E-11
    89.4000       2.10324046E-11       1.48507723E-10       1.89889580E-10       8.91526504E-11
    89.5000       2.10962337E-11       1.48965063E-10       1.90471759E-10       8.94265846E-11
    89.6000       2.11602475E-11       1.49423683E-10       1.91055565E-10       8.97012927E-11
    89.7000       2.12244469E-11       1.49883570E-10       1.91640933E-10       8.99767441E-11
    89.8000       2.12888326E-11       1.50344746E-10       1.92227956E-10       9.02529849E-11
    89.9000       2.13534052E-11       1.50807209E-10       1.92816593E-10       9.05299866E-11
    90.0000       2.14181657E-11       1.51270967E-10       1.93406852E-10       9.08077613E-11
    90.1000       2.14831147E-11       1.51736037E-10       1.93998705E-10       9.10863051E-11
    90.2000       2.15482528E-11       1.52202409E-10       1.94592143E-10       9.13655994E-11
    90.3000       2.16135804E-11       1.52670094E-10       1.95187220E-10       9.16456771E-11
    90.4000       2.16790980E-11       1.53139082E-10       1.95783834E-10       9.19264853E-11
    90.5000       2.17448061E-11       1.53609367E-10       1.96382046E-10       9.22080312E-11
    90.6000       2.18107049E-11       1.54080990E-10       1.96981955E-10       9.24904033E-11
    90.7000       2.18767947E-11       1.54553940E-10       1.97583505E-10       9.27735776E-11
    90.8000       2.19430753E-11       1.55028203E-10       1.98186667E-10       9.30575174E-11
    90.9000       2.20095468E-11       1.55503752E-10       1.98791352E-10       9.33421688E-11
    91.0000       2.20762091E-11       1.55980587E-10       1.99397557E-10       9.36275412E-11
    91.1000       2.21430622E-11       1.56458715E-10       2.00005314E-10       9.39136438E-11
    91.2000       2.22101055E-11       1.56938149E-10       2.00614626E-10       9.42005078E-11
    91.3000       2.22773390E-11       1.57418879E-10       2.01225467E-10       9.44881121E-11
    91.4000       2.23447623E-11       1.57900890E-10       2.01837810E-10       9.47764377E-11
    91.5000       2.24123750E-11       1.58384202E-10       2.02451732E-10       9.50655392E-11
    91.6000       2.24801764E-11       1.58868791E-10       2.03067266E-10       9.53554120E-11
    91.7000       2.25481665E-11       1.59354671E-10       2.03684412E-10       9.56460703E-11
    91.8000       2.26163446E-11       1.59841844E-10       2.04303182E-10       9.59375159E-11
    91.9000       2.26847102E-11       1.60330313E-10       2.04923601E-10       9.62297694E-11
    92.0000       2.27532629E-11       1.60820066E-10       2.05545605E-10       9.65227943E-11
    92.1000       2.28220025E-11       1.61311130E-10       2.06169184E-10       9.68166066E-11
    92.2000       2.28909284E-11       1.61803481E-10       2.06794374E-10       9.71111923E-11
    92.3000       2.29600403E-11       1.62297150E-10       2.07421167E-10       9.74065666E-11
    92.4000       2.30293380E-11       1.62792115E-10       2.08049615E-10       9.77027265E-11
    92.5000       2.30988213E-11       1.63288369E-10       2.08679667E-10       9.79996376E-11
    92.6000       2.31684901E-11       1.63785931E-10       2.09311306E-10       9.82972971E-11
    92.7000       2.32383444E-11       1.64284796E-10       2.09944591E-10       9.85957369E-11
    92.8000       2.33083842E-11       1.64784976E-10       2.10579575E-10       9.88949786E-11
    92.9000       2.33786101E-11       1.65286499E-10       2.11216237E-10       9.91950419E-11
    93.0000       2.34490220E-11       1.65789339E-10       2.11854534E-10       9.94958835E-11
    93.1000       2.35196205E-11       1.66293501E-10       2.12494455E-10       9.97975044E-11
    93.2000       2.35904060E-11       1.66799001E-10       2.13136068E-10       1.00099948E-10
    93.3000       2.36613795E-11       1.67305833E-10       2.13779315E-10       1.00403170E-10
    93.4000       2.37325414E-11       1.67814008E-10       2.14424258E-10       1.00707206E-10
    93.5000       2.38038926E-11       1.68323543E-10       2.15070927E-10       1.01012075E-10
    93.6000       2.38754340E-11       1.68834440E-10       2.15719291E-10       1.01317759E-10
    93.7000       2.39471664E-11       1.69346692E-10       2.16369314E-10       1.01624234E-10
    93.8000       2.40190911E-11       1.69860306E-10       2.17021032E-10       1.01931507E-10
    93.9000       2.40912087E-11       1.70375280E-10       2.17674413E-10       1.02239564E-10
    94.0000       2.41635202E-11       1.70891631E-10       2.18329498E-10       1.02548427E-10
    94.1000       2.42360267E-11       1.71409370E-10       2.18986272E-10       1.02858104E-10
    94.2000       2.43087291E-11       1.71928502E-10       2.19644753E-10       1.03168597E-10
    94.3000       2.43816281E-11       1.72449032E-10       2.20304975E-10       1.03479925E-10
    94.4000       2.44547247E-11       1.72970972E-10       2.20966994E-10       1.03792106E-10
    94.5000       2.45280197E-11       1.73494319E-10       2.21630694E-10       1.04105086E-10
    94.6000       2.46015139E-11       1.74019084E-10       2.22296099E-10       1.04418894E-10
    94.7000       2.46752079E-11       1.74545229E-10       2.22963192E-10       1.04733485E-10
    94.8000       2.47491023E-11       1.75072812E-10       2.23632050E-10       1.05048932E-10
    94.9000       2.48231974E-11       1.75601821E-10       2.24302678E-10       1.05365220E-10
    95.0000       2.48974939E-11       1.76132273E-10       2.24975089E-10       1.05682366E-10
    95.1000       2.49719920E-11       1.76664129E-10       2.25649226E-10       1.06000324E-10
    95.2000       2.50466919E-11       1.77197398E-10       2.26325106E-10       1.06319107E-10
    95.3000       2.51215942E-11       1.77732093E-10       2.27002762E-10       1.06638743E-10
    95.4000       2.51966986E-11       1.78268201E-10       2.27682208E-10       1.06959213E-10
    95.5000       2.52720056E-11       1.78805717E-10       2.28363438E-10       1.07280509E-10
    95.6000       2.53475148E-11       1.79344653E-10       2.29046395E-10       1.07602632E-10
    95.7000       2.54232267E-11       1.79884985E-10       2.29731117E-10       1.07925574E-10
    95.8000       2.54991411E-11       1.80426703E-10       2.30417609E-10       1.08249319E-10
    95.9000       2.55752582E-11       1.80969829E-10       2.31105894E-10       1.08573902E-10
    96.0000       2.56515783E-11       1.81514374E-10       2.31795921E-10       1.08899329E-10
    96.1000       2.57281012E-11       1.82060347E-10       2.32487729E-10       1.09225630E-10
    96.2000       2.58048270E-11       1.82607753E-10       2.33181301E-10       1.09552804E-10
    96.3000       2.58817561E-11       1.83156589E-10       2.33876714E-10       1.09880867E-10
    96.4000       2.59588884E-11       1.83706880E-10       2.34573986E-10       1.10209845E-10
    96.5000       2.60362244E-11       1.84258596E-10       2.35273067E-10       1.10539684E-10
    96.6000       2.61137639E-11       1.84811694E-10       2.35973968E-10       1.10870350E-10
    96.7000       2.61915076E-11       1.85366190E-10       2.36676788E-10       1.11201892E-10
    96.8000       2.62694554E-11       1.85922092E-10       2.37381388E-10       1.11534263E-10
    96.9000       2.63476081E-11       1.86479401E-10       2.38087735E-10       1.11867454E-10
    97.0000       2.64259658E-11       1.87038127E-10       2.38795898E-10       1.12201496E-10
    97.1000       2.65045291E-11       1.87598292E-10       2.39505839E-10       1.12536396E-10
    97.2000       2.65832984E-11       1.88159901E-10       2.40217643E-10       1.12872175E-10
    97.3000       2.66622742E-11       1.88722948E-10       2.40931293E-10       1.13208827E-10
    97.4000       2.67414572E-11       1.89287422E-10       2.41646781E-10       1.13546321E-10
    97.5000       2.68208478E-11       1.89853357E-10       2.42364128E-10       1.13884698E-10
    97.6000       2.69004467E-11       1.90420720E-10       2.43083321E-10       1.14223927E-10
    97.7000       2.69802542E-11       1.90989515E-10       2.43804344E-10       1.14564004E-10
    97.8000       2.70602712E-11       1.91559779E-10       2.44527163E-10       1.14904957E-10
    97.9000       2.71404979E-11       1.92131487E-10       2.45251820E-10       1.15246774E-10
    98.0000       2.72209350E-11       1.92704659E-10       2.45978291E-10       1.15589471E-10
    98.1000       2.73015830E-11       1.93279314E-10       2.46706576E-10       1.15933053E-10
    98.2000       2.73824425E-11       1.93855444E-10       2.47436650E-10       1.16277499E-10
    98.3000       2.74635136E-11       1.94433041E-10       2.48168565E-10       1.16622810E-10
    98.4000       2.75447969E-11       1.95012083E-10       2.48902270E-10       1.16968956E-10
    98.5000       2.76262925E-11       1.95592579E-10       2.49637726E-10       1.17315935E-10
    98.6000       2.77080012E-11       1.96174532E-10       2.50374865E-10       1.17663720E-10
    98.7000       2.77899231E-11       1.96757961E-10       2.51113767E-10       1.18012361E-10
    98.8000       2.78720586E-11       1.97342868E-10       2.51854545E-10       1.18361906E-10
    98.9000       2.79544079E-11       1.97929255E-10       2.52597201E-10       1.18712335E-10
    99.0000       2.80369714E-11       1.98517113E-10       2.53341694E-10       1.19063631E-10
    99.1000       2.81197493E-11       1.99106454E-10       2.54088014E-10       1.19415815E-10
    99.2000       2.82027420E-11       1.99697281E-10       2.54836080E-10       1.19768840E-10
    99.3000       2.82859495E-11       2.00289592E-10       2.55585964E-10       1.20122735E-10
    99.4000       2.83693721E-11       2.00883387E-10       2.56337678E-10       1.20477514E-10
    99.5000       2.84530101E-11       2.01478675E-10       2.57091214E-10       1.20833193E-10
    99.6000       2.85368639E-11       2.02075443E-10       2.57846591E-10       1.21189760E-10
    99.7000       2.86209333E-11       2.02673690E-10       2.58603820E-10       1.21547218E-10
    99.8000       2.87052189E-11       2.03273406E-10       2.59362877E-10       1.21905548E-10
    99.9000       2.87897206E-11       2.03874625E-10       2.60123759E-10       1.22264762E-10
   100.0000       2.88744392E-11       2.04477347E-10       2.60886474E-10       1.22624870E-10
   100.1000       2.89593743E-11       2.05081527E-10       2.61650965E-10       1.22985821E-10
   100.2000       2.90445266E-11       2.05687203E-10       2.62417327E-10       1.23347678E-10
   100.3000       2.91298962E-11       2.06294369E-10       2.63185517E-10       1.23710422E-10
   100.4000       2.92154833E-11       2.06903031E-10       2.63955561E-10       1.24074052E-10
   100.5000       2.93012885E-11       2.07513181E-10       2.64727395E-10       1.24438546E-10
   100.6000       2.93873118E-11       2.08124818E-10       2.65501037E-10       1.24803919E-10
   100.7000       2.94735533E-11       2.08737924E-10       2.66276423E-10       1.25170120E-10
   100.8000       2.95600133E-11       2.09352518E-10       2.67053606E-10       1.25537188E-10
   100.9000       2.96466921E-11       2.09968632E-10       2.67832658E-10       1.25905186E-10
   101.0000       2.97335899E-11       2.10586272E-10       2.68613582E-10       1.26274119E-10
   101.1000       2.98207070E-11       2.11205440E-10       2.69396420E-10       1.26643985E-10
   101.2000       2.99080436E-11       2.11826126E-10       2.70181137E-10       1.27014755E-10
   101.3000       2.99955996E-11       2.12448329E-10       2.70967687E-10       1.27386410E-10
   101.4000       3.00833758E-11       2.13072047E-10       2.71756100E-10       1.27758949E-10
   101.5000       3.01713715E-11       2.13697290E-10       2.72546433E-10       1.28132393E-10
   101.6000       3.02595875E-11       2.14324066E-10       2.73338608E-10       1.28506727E-10
   101.7000       3.03480234E-11       2.14952381E-10       2.74132692E-10       1.28881976E-10
   101.8000       3.04366792E-11       2.15582239E-10       2.74928654E-10       1.29258116E-10
   101.9000       3.05255553E-11       2.16213626E-10       2.75726485E-10       1.29635140E-10
   102.0000       3.06146514E-11       2.16846549E-10       2.76526158E-10       1.30013031E-10
   102.1000       3.07039676E-11       2.17480991E-10       2.77327681E-10       1.30391794E-10
   102.2000       3.07935039E-11       2.18116942E-10       2.78131166E-10       1.30771461E-10
   102.3000       3.08832603E-11       2.18754406E-10       2.78936624E-10       1.31152045E-10
   102.4000       3.09732366E-11       2.19393393E-10       2.79744053E-10       1.31533551E-10
   102.5000       3.10634328E-11       2.20033959E-10       2.80553475E-10       1.31916040E-10
   102.6000       3.11538490E-11       2.20676085E-10       2.81364838E-10       1.32299466E-10
   102.7000       3.12444851E-11       2.21319774E-10       2.82178140E-10       1.32683841E-10
   102.8000       3.13353412E-11       2.21965005E-10       2.82993409E-10       1.33069157E-10
   102.9000       3.14264173E-11       2.22611769E-10       2.83810654E-10       1.33455400E-10
   103.0000       3.15177134E-11       2.23260085E-10       2.84629877E-10       1.33842585E-10
   103.1000       3.16092298E-11       2.23909969E-10       2.85451103E-10       1.34230731E-10
   103.2000       3.17009667E-11       2.24561390E-10       2.86274283E-10       1.34619779E-10
   103.3000       3.17929243E-11       2.25214401E-10       2.87099432E-10       1.35009782E-10
   103.4000       3.18851033E-11       2.25868991E-10       2.87926596E-10       1.35400731E-10
   103.5000       3.19775037E-11       2.26525151E-10       2.88755735E-10       1.35792601E-10
   103.6000       3.20701263E-11       2.27182882E-10       2.89586868E-10       1.36185391E-10
   103.7000       3.21629714E-11       2.27842201E-10       2.90419959E-10       1.36579112E-10
   103.8000       3.22560397E-11       2.28503143E-10       2.91255036E-10       1.36973808E-10
   103.9000       3.23493320E-11       2.29165741E-10       2.92092152E-10       1.37369520E-10
   104.0000       3.24428490E-11       2.29829964E-10       2.92931278E-10       1.37766199E-10
   104.1000       3.25365913E-11       2.30495816E-10       2.93772334E-10       1.38163819E-10
   104.2000       3.26305598E-11       2.31163283E-10       2.94615343E-10       1.38562371E-10
   104.3000       3.27247552E-11       2.31832350E-10       2.95460297E-10       1.38961832E-10
   104.4000       3.28191784E-11       2.32503065E-10       2.96307314E-10       1.39362272E-10
   104.5000       3.29138301E-11       2.33175402E-10       2.97156277E-10       1.39763632E-10
   104.6000       3.30087110E-11       2.33849389E-10       2.98007243E-10       1.40165944E-10
   104.7000       3.31038220E-11       2.34525005E-10       2.98860175E-10       1.40569175E-10
   104.8000       3.31991637E-11       2.35202245E-10       2.99714979E-10       1.40973301E-10
   104.9000       3.32947371E-11       2.35881116E-10       3.00571691E-10       1.41378350E-10
   105.0000       3.33905424E-11       2.36561620E-10       3.01430427E-10       1.41784366E-10
   105.1000       3.34865806E-11       2.37243789E-10       3.02291196E-10       1.42191378E-10
   105.2000       3.35828521E-11       2.37927582E-10       3.03154019E-10       1.42599352E-10
   105.3000       3.36793574E-11       2.38612981E-10       3.04018861E-10       1.43008258E-10
   105.4000       3.37760969E-11       2.39299984E-10       3.04885617E-10       1.43418071E-10
   105.5000       3.38730710E-11       2.39988643E-10       3.05754391E-10       1.43828891E-10
   105.6000       3.39702804E-11       2.40678939E-10       3.06625186E-10       1.44240699E-10
   105.7000       3.40677251E-11       2.41370834E-10       3.07497936E-10       1.44653445E-10
   105.8000       3.41654052E-11       2.42064333E-10       3.08372677E-10       1.45067161E-10
   105.9000       3.42633214E-11       2.42759453E-10       3.09249434E-10       1.45481850E-10
   106.0000       3.43614737E-11       2.43456207E-10       3.10128185E-10       1.45897514E-10
   106.1000       3.44598622E-11       2.44154575E-10       3.11008960E-10       1.46314143E-10
   106.2000       3.45584872E-11       2.44854558E-10       3.11891836E-10       1.46731761E-10
   106.3000       3.46573487E-11       2.45556202E-10       3.12776721E-10       1.47150385E-10
   106.4000       3.47564468E-11       2.46259485E-10       3.13663678E-10       1.47570019E-10
   106.5000       3.48557815E-11       2.46964372E-10       3.14552719E-10       1.47990631E-10
   106.6000       3.49553531E-11       2.47670850E-10       3.15443754E-10       1.48412170E-10
   106.7000       3.50551617E-11       2.48378936E-10       3.16336791E-10       1.48834655E-10
   106.8000       3.51552072E-11       2.49088654E-10       3.17231842E-10       1.49258109E-10
   106.9000       3.52554899E-11       2.49800007E-10       3.18128926E-10       1.49682535E-10
   107.0000       3.53560101E-11       2.50512988E-10       3.19028100E-10       1.50107948E-10
   107.1000       3.54567680E-11       2.51227571E-10       3.19929339E-10       1.50534293E-10
   107.2000       3.55577635E-11       2.51943747E-10       3.20832673E-10       1.50961594E-10
   107.3000       3.56589971E-11       2.52661524E-10       3.21738025E-10       1.51389816E-10
   107.4000       3.57604691E-11       2.53380949E-10       3.22645524E-10       1.51819052E-10
   107.5000       3.58621798E-11       2.54102031E-10       3.23555239E-10       1.52249342E-10
   107.6000       3.59641298E-11       2.54824763E-10       3.24467045E-10       1.52680635E-10
   107.7000       3.60663195E-11       2.55549138E-10       3.25380915E-10       1.53112892E-10
   107.8000       3.61687496E-11       2.56275138E-10       3.26296792E-10       1.53546087E-10
   107.9000       3.62714204E-11       2.57002769E-10       3.27214601E-10       1.53980203E-10
   108.0000       3.63743324E-11       2.57732032E-10       3.28134417E-10       1.54415275E-10
   108.1000       3.64774864E-11       2.58462915E-10       3.29056246E-10       1.54851294E-10
   108.2000       3.65808828E-11       2.59195459E-10       3.29980072E-10       1.55288299E-10
   108.3000       3.66845223E-11       2.59929675E-10       3.30905846E-10       1.55726280E-10
   108.4000       3.67884053E-11       2.60665552E-10       3.31833667E-10       1.56165275E-10
   108.5000       3.68925323E-11       2.61403084E-10       3.32763442E-10       1.56605222E-10
   108.6000       3.69969039E-11       2.62142288E-10       3.33695230E-10       1.57046175E-10
   108.7000       3.71015204E-11       2.62883169E-10       3.34628999E-10       1.57488114E-10
   108.8000       3.72063822E-11       2.63625740E-10       3.35564785E-10       1.57931071E-10
   108.9000       3.73114897E-11       2.64369973E-10       3.36502625E-10       1.58375012E-10
   109.0000       3.74168430E-11       2.65115858E-10       3.37442523E-10       1.58819914E-10
   109.1000       3.75224424E-11       2.65863396E-10       3.38384445E-10       1.59265771E-10
   109.2000       3.76282878E-11       2.66612611E-10       3.39328492E-10       1.59712629E-10
   109.3000       3.77343796E-11       2.67363518E-10       3.40274698E-10       1.60160524E-10
   109.4000       3.78407175E-11       2.68116115E-10       3.41223078E-10       1.60609448E-10
   109.5000       3.79473017E-11       2.68870382E-10       3.42173602E-10       1.61059373E-10
   109.6000       3.80541321E-11       2.69626323E-10       3.43126251E-10       1.61510298E-10
   109.7000       3.81612085E-11       2.70383971E-10       3.44081114E-10       1.61962278E-10
   109.8000       3.82685308E-11       2.71143322E-10       3.45038145E-10       1.62415283E-10
   109.9000       3.83760986E-11       2.71904382E-10       3.45997318E-10       1.62869313E-10
   110.0000       3.84839120E-11       2.72667128E-10       3.46958659E-10       1.63324347E-10
   110.1000       3.85919702E-11       2.73431556E-10       3.47922152E-10       1.63780378E-10
   110.2000       3.87002734E-11       2.74197697E-10       3.48887854E-10       1.64237454E-10
   110.3000       3.88088212E-11       2.74965562E-10       3.49855764E-10       1.64695590E-10
   110.4000       3.89176134E-11       2.75735172E-10       3.50825906E-10       1.65154797E-10
   110.5000       3.90266496E-11       2.76506485E-10       3.51798152E-10       1.65614977E-10
   110.6000       3.91359295E-11       2.77279503E-10       3.52772558E-10       1.66076159E-10
   110.7000       3.92454533E-11       2.78054266E-10       3.53749192E-10       1.66538404E-10
   110.8000       3.93552208E-11       2.78830800E-10       3.54728033E-10       1.67001734E-10
   110.9000       3.94652317E-11       2.79609109E-10       3.55709128E-10       1.67466145E-10
   111.0000       3.95754860E-11       2.80389184E-10       3.56692521E-10       1.67931630E-10
   111.1000       3.96859839E-11       2.81171038E-10       3.57678098E-10       1.68398172E-10
   111.2000       3.97967252E-11       2.81954661E-10       3.58665955E-10       1.68865769E-10
   111.3000       3.99077105E-11       2.82740064E-10       3.59656101E-10       1.69334428E-10
   111.4000       4.00189398E-11       2.83527252E-10       3.60648509E-10       1.69804159E-10
   111.5000       4.01304136E-11       2.84316245E-10       3.61643175E-10       1.70274952E-10
   111.6000       4.02421322E-11       2.85107050E-10       3.62640109E-10       1.70746809E-10
   111.7000       4.03540958E-11       2.85899654E-10       3.63639209E-10       1.71219693E-10
   111.8000       4.04663051E-11       2.86694073E-10       3.64640452E-10       1.71693621E-10
   111.9000       4.05787607E-11       2.87490320E-10       3.65643941E-10       1.72168617E-10
   112.0000       4.06914629E-11       2.88288393E-10       3.66649553E-10       1.72644643E-10
   112.1000       4.08044125E-11       2.89088277E-10       3.67657273E-10       1.73121682E-10
   112.2000       4.09176104E-11       2.89889990E-10       3.68667117E-10       1.73599771E-10
   112.3000       4.10310573E-11       2.90693552E-10       3.69679083E-10       1.74078910E-10
   112.4000       4.11447534E-11       2.91498969E-10       3.70693181E-10       1.74559127E-10
   112.5000       4.12587003E-11       2.92306243E-10       3.71709452E-10       1.75040431E-10
   112.6000       4.13728984E-11       2.93115366E-10       3.72727999E-10       1.75522852E-10
   112.7000       4.14873485E-11       2.93926306E-10       3.73748724E-10       1.76006309E-10
   112.8000       4.16020513E-11       2.94739075E-10       3.74771691E-10       1.76490844E-10
   112.9000       4.17170077E-11       2.95553608E-10       3.75796834E-10       1.76976381E-10
   113.0000       4.18322187E-11       2.96369934E-10       3.76824125E-10       1.77462942E-10
   113.1000       4.19476849E-11       2.97188092E-10       3.77853662E-10       1.77950592E-10
   113.2000       4.20634074E-11       2.98008093E-10       3.78885445E-10       1.78439324E-10
   113.3000       4.21793869E-11       2.98829894E-10       3.79919488E-10       1.78929111E-10
   113.4000       4.22956245E-11       2.99653514E-10       3.80955814E-10       1.79419986E-10
   113.5000       4.24121210E-11       3.00478971E-10       3.81994352E-10       1.79911944E-10
   113.6000       4.25288772E-11       3.01306247E-10       3.83035204E-10       1.80405015E-10
   113.7000       4.26458941E-11       3.02135329E-10       3.84078312E-10       1.80899161E-10
   113.8000       4.27631725E-11       3.02966210E-10       3.85123649E-10       1.81394371E-10
   113.9000       4.28807134E-11       3.03798951E-10       3.86171381E-10       1.81890725E-10
   114.0000       4.29985174E-11       3.04633531E-10       3.87221466E-10       1.82388191E-10
   114.1000       4.31165855E-11       3.05469946E-10       3.88273881E-10       1.82886770E-10
   114.2000       4.32349185E-11       3.06308162E-10       3.89328519E-10       1.83386386E-10
   114.3000       4.33535172E-11       3.07148190E-10       3.90385451E-10       1.83887073E-10
   114.4000       4.34723825E-11       3.07990032E-10       3.91444628E-10       1.84388808E-10
   114.5000       4.35915150E-11       3.08833720E-10       3.92506154E-10       1.84891664E-10
   114.6000       4.37109159E-11       3.09679258E-10       3.93570042E-10       1.85395653E-10
   114.7000       4.38305857E-11       3.10526644E-10       3.94636104E-10       1.85900700E-10
   114.8000       4.39505252E-11       3.11375864E-10       3.95704353E-10       1.86406797E-10
   114.9000       4.40707352E-11       3.12226915E-10       3.96774871E-10       1.86913955E-10
   115.0000       4.41912165E-11       3.13079809E-10       3.97847689E-10       1.87422229E-10
   115.1000       4.43119697E-11       3.13934590E-10       3.98922813E-10       1.87931645E-10
   115.2000       4.44329957E-11       3.14791225E-10       4.00000242E-10       1.88442169E-10
   115.3000       4.45542948E-11       3.15649663E-10       4.01079948E-10       1.88953731E-10
   115.4000       4.46758677E-11       3.16509946E-10       4.02161951E-10       1.89466383E-10
   115.5000       4.47977150E-11       3.17372052E-10       4.03246233E-10       1.89980105E-10
   115.6000       4.49198370E-11       3.18235993E-10       4.04332814E-10       1.90494911E-10
   115.7000       4.50422341E-11       3.19101777E-10       4.05421839E-10       1.91010867E-10
   115.8000       4.51649069E-11       3.19969409E-10       4.06513344E-10       1.91527979E-10
   115.9000       4.52878555E-11       3.20838874E-10       4.07607222E-10       1.92046206E-10
   116.0000       4.54110803E-11       3.21710203E-10       4.08703484E-10       1.92565598E-10
   116.1000       4.55345813E-11       3.22583382E-10       4.09802052E-10       1.93086104E-10
   116.2000       4.56583585E-11       3.23458434E-10       4.10902936E-10       1.93607723E-10
   116.3000       4.57824125E-11       3.24335373E-10       4.12006249E-10       1.94130517E-10
   116.4000       4.59067427E-11       3.25214187E-10       4.13111904E-10       1.94654440E-10
   116.5000       4.60313492E-11       3.26094879E-10       4.14219850E-10       1.95179460E-10
   116.6000       4.61562318E-11       3.26977452E-10       4.15330171E-10       1.95705601E-10
   116.7000       4.62813905E-11       3.27861888E-10       4.16442754E-10       1.96232807E-10
   116.8000       4.64068252E-11       3.28748239E-10       4.17557756E-10       1.96761175E-10
   116.9000       4.65325356E-11       3.29636497E-10       4.18675184E-10       1.97290714E-10
   117.0000       4.66585211E-11       3.30526683E-10       4.19795042E-10       1.97821445E-10
   117.1000       4.67847819E-11       3.31418849E-10       4.20917291E-10       1.98353376E-10
   117.2000       4.69113173E-11       3.32312934E-10       4.22041854E-10       1.98886395E-10
   117.3000       4.70381271E-11       3.33208928E-10       4.23168722E-10       1.99420488E-10
   117.4000       4.71652110E-11       3.34106850E-10       4.24297885E-10       1.99955679E-10
   117.5000       4.72925692E-11       3.35006692E-10       4.25429445E-10       2.00491999E-10
   117.6000       4.74202009E-11       3.35908471E-10       4.26563359E-10       2.01029445E-10
   117.7000       4.75481066E-11       3.36812208E-10       4.27699544E-10       2.01567995E-10
   117.8000       4.76762856E-11       3.37717926E-10       4.28838128E-10       2.02107730E-10
   117.9000       4.78047383E-11       3.38625578E-10       4.29979138E-10       2.02648598E-10
   118.0000       4.79334645E-11       3.39535147E-10       4.31122571E-10       2.03190594E-10
   118.1000       4.80624642E-11       3.40446639E-10       4.32268291E-10       2.03733662E-10
   118.2000       4.81917377E-11       3.41360085E-10       4.33416378E-10       2.04277864E-10
   118.3000       4.83212850E-11       3.42275474E-10       4.34566889E-10       2.04823215E-10
   118.4000       4.84511068E-11       3.43192824E-10       4.35719781E-10       2.05369731E-10
   118.5000       4.85812030E-11       3.44112118E-10       4.36875072E-10       2.05917379E-10
   118.6000       4.87115742E-11       3.45033324E-10       4.38032811E-10       2.06466149E-10
   118.7000       4.88422206E-11       3.45956482E-10       4.39192920E-10       2.07016064E-10
   118.8000       4.89731431E-11       3.46881602E-10       4.40355436E-10       2.07567151E-10
   118.9000       4.91043419E-11       3.47808695E-10       4.41520425E-10       2.08119444E-10
   119.0000       4.92358177E-11       3.48737745E-10       4.42687860E-10       2.08672924E-10
   119.1000       4.93675712E-11       3.49668729E-10       4.43857689E-10       2.09227549E-10
   119.2000       4.94996031E-11       3.50601656E-10       4.45029946E-10       2.09783322E-10
   119.3000       4.96319140E-11       3.51536520E-10       4.46204579E-10       2.10340214E-10
   119.4000       4.97645045E-11       3.52473410E-10       4.47381630E-10       2.10898323E-10
   119.5000       4.98973752E-11       3.53412247E-10       4.48561122E-10       2.11457594E-10
   119.6000       5.00305271E-11       3.54353051E-10       4.49743048E-10       2.12018029E-10
   119.7000       5.01639606E-11       3.55295774E-10       4.50927346E-10       2.12579589E-10
   119.8000       5.02976765E-11       3.56240465E-10       4.52114042E-10       2.13142300E-10
   119.9000       5.04316752E-11       3.57187093E-10       4.53303164E-10       2.13706156E-10
   120.0000       5.05659574E-11       3.58135699E-10       4.54494784E-10       2.14271236E-10
   120.1000       5.07005236E-11       3.59086265E-10       4.55688879E-10       2.14837501E-10
   120.2000       5.08353743E-11       3.60038785E-10       4.56885372E-10       2.15404928E-10
   120.3000       5.09705100E-11       3.60993282E-10       4.58084361E-10       2.15973547E-10
   120.4000       5.11059310E-11       3.61949727E-10       4.59285864E-10       2.16543339E-10
   120.5000       5.12416379E-11       3.62908153E-10       4.60489840E-10       2.17114304E-10
   120.6000       5.13776309E-11       3.63868514E-10       4.61696209E-10       2.17686392E-10
   120.7000       5.15139102E-11       3.64830819E-10       4.62905024E-10       2.18259623E-10
   120.8000       5.16504761E-11       3.65795108E-10       4.64116335E-10       2.18834033E-10
   120.9000       5.17873287E-11       3.66761370E-10       4.65330171E-10       2.19409627E-10
   121.0000       5.19244682E-11       3.67729611E-10       4.66546434E-10       2.19986383E-10
   121.1000       5.20618949E-11       3.68699825E-10       4.67765127E-10       2.20564294E-10
   121.2000       5.21996088E-11       3.69672028E-10       4.68986155E-10       2.21143337E-10
   121.3000       5.23376097E-11       3.70646247E-10       4.70209654E-10       2.21723591E-10
   121.4000       5.24758982E-11       3.71622484E-10       4.71435675E-10       2.22305081E-10
   121.5000       5.26144739E-11       3.72600692E-10       4.72664170E-10       2.22887727E-10
   121.6000       5.27533370E-11       3.73580850E-10       4.73895019E-10       2.23471473E-10
   121.7000       5.28924876E-11       3.74563010E-10       4.75128320E-10       2.24056404E-10
   121.8000       5.30319257E-11       3.75547173E-10       4.76364092E-10       2.24642529E-10
   121.9000       5.31716515E-11       3.76533323E-10       4.77602310E-10       2.25229813E-10
   122.0000       5.33116653E-11       3.77521476E-10       4.78843065E-10       2.25818302E-10
   122.1000       5.34519670E-11       3.78511620E-10       4.80086382E-10       2.26408005E-10
   122.2000       5.35925568E-11       3.79503780E-10       4.81332267E-10       2.26998945E-10
   122.3000       5.37334351E-11       3.80497967E-10       4.82580682E-10       2.27591124E-10
   122.4000       5.38746017E-11       3.81494175E-10       4.83831691E-10       2.28184540E-10
   122.5000       5.40160575E-11       3.82492381E-10       4.85085277E-10       2.28779173E-10
   122.6000       5.41578022E-11       3.83492594E-10       4.86341423E-10       2.29375007E-10
   122.7000       5.42998365E-11       3.84494818E-10       4.87600089E-10       2.29972032E-10
   122.8000       5.44421607E-11       3.85499070E-10       4.88861222E-10       2.30570254E-10
   122.9000       5.45847750E-11       3.86505351E-10       4.90124823E-10       2.31169668E-10
   123.0000       5.47276800E-11       3.87513666E-10       4.91390917E-10       2.31770267E-10
   123.1000       5.48708760E-11       3.88524012E-10       4.92659615E-10       2.32372100E-10
   123.2000       5.50143634E-11       3.89536396E-10       4.93930891E-10       2.32975164E-10
   123.3000       5.51581427E-11       3.90550863E-10       4.95204740E-10       2.33579483E-10
   123.4000       5.53022142E-11       3.91567392E-10       4.96481252E-10       2.34185056E-10
   123.5000       5.54465783E-11       3.92586019E-10       4.97760391E-10       2.34791909E-10
   123.6000       5.55912356E-11       3.93606713E-10       4.99042079E-10       2.35399974E-10
   123.7000       5.57361863E-11       3.94629483E-10       5.00326296E-10       2.36009230E-10
   123.8000       5.58814309E-11       3.95654331E-10       5.01613108E-10       2.36619711E-10
   123.9000       5.60269697E-11       3.96681268E-10       5.02902501E-10       2.37231414E-10
   124.0000       5.61728030E-11       3.97710318E-10       5.04194624E-10       2.37844420E-10
   124.1000       5.63189311E-11       3.98741510E-10       5.05489434E-10       2.38458715E-10
   124.2000       5.64653545E-11       3.99774839E-10       5.06786818E-10       2.39074258E-10
   124.3000       5.66120735E-11       4.00810284E-10       5.08086894E-10       2.39691056E-10
   124.4000       5.67590885E-11       4.01847864E-10       5.09389617E-10       2.40309099E-10
   124.5000       5.69063995E-11       4.02887545E-10       5.10695000E-10       2.40928369E-10
   124.6000       5.70540070E-11       4.03929321E-10       5.12002972E-10       2.41548830E-10
   124.7000       5.72019114E-11       4.04973236E-10       5.13313510E-10       2.42170527E-10
   124.8000       5.73501130E-11       4.06019279E-10       5.14626740E-10       2.42793477E-10
   124.9000       5.74986119E-11       4.07067488E-10       5.15942631E-10       2.43417693E-10
   125.0000       5.76474085E-11       4.08117828E-10       5.17261232E-10       2.44043172E-10
   125.1000       5.77965034E-11       4.09170277E-10       5.18582429E-10       2.44669847E-10
   125.2000       5.79458965E-11       4.10224895E-10       5.19906367E-10       2.45297852E-10
   125.3000       5.80955884E-11       4.11281688E-10       5.21233041E-10       2.45927199E-10
   125.4000       5.82455795E-11       4.12340622E-10       5.22562340E-10       2.46557797E-10
   125.5000       5.83958701E-11       4.13401712E-10       5.23894284E-10       2.47189681E-10
   125.6000       5.85464609E-11       4.14464934E-10       5.25228926E-10       2.47822843E-10
   125.7000       5.86973523E-11       4.15530282E-10       5.26566243E-10       2.48457244E-10
   125.8000       5.88485449E-11       4.16597771E-10       5.27906126E-10       2.49092890E-10
   125.9000       5.90000391E-11       4.17667384E-10       5.29248693E-10       2.49729811E-10
   126.0000       5.91518358E-11       4.18739130E-10       5.30593986E-10       2.50368032E-10
   126.1000       5.93039354E-11       4.19813050E-10       5.31941934E-10       2.51007560E-10
   126.2000       5.94563388E-11       4.20889129E-10       5.33292488E-10       2.51648362E-10
   126.3000       5.96090466E-11       4.21967326E-10       5.34645654E-10       2.52290388E-10
   126.4000       5.97620596E-11       4.23047648E-10       5.36001461E-10       2.52933668E-10
   126.5000       5.99153787E-11       4.24130103E-10       5.37360015E-10       2.53578261E-10
   126.6000       6.00690048E-11       4.25214684E-10       5.38721272E-10       2.54224123E-10
   126.7000       6.02229386E-11       4.26301420E-10       5.40085130E-10       2.54871248E-10
   126.8000       6.03771809E-11       4.27390348E-10       5.41451696E-10       2.55519708E-10
   126.9000       6.05317330E-11       4.28481456E-10       5.42820904E-10       2.56169456E-10
   127.0000       6.06865953E-11       4.29574713E-10       5.44192805E-10       2.56820465E-10
   127.1000       6.08417691E-11       4.30670163E-10       5.45567538E-10       2.57472828E-10
   127.2000       6.09972550E-11       4.31767773E-10       5.46944954E-10       2.58126445E-10
   127.3000       6.11530537E-11       4.32867551E-10       5.48325034E-10       2.58781292E-10
   127.4000       6.13091666E-11       4.33969498E-10       5.49707863E-10       2.59437419E-10
   127.5000       6.14655942E-11       4.35073621E-10       5.51093389E-10       2.60094817E-10
   127.6000       6.16223372E-11       4.36179951E-10       5.52481661E-10       2.60753533E-10
   127.7000       6.17793967E-11       4.37288460E-10       5.53872643E-10       2.61413524E-10
   127.8000       6.19367730E-11       4.38399173E-10       5.55266383E-10       2.62074842E-10
   127.9000       6.20944671E-11       4.39512079E-10       5.56662839E-10       2.62737465E-10
   128.0000       6.22524795E-11       4.40627152E-10       5.58061822E-10       2.63401289E-10
   128.1000       6.24108108E-11       4.41744398E-10       5.59463523E-10       2.64066402E-10
   128.2000       6.25694615E-11       4.42863830E-10       5.60867951E-10       2.64732844E-10
   128.3000       6.27284323E-11       4.43985456E-10       5.62275045E-10       2.65400572E-10
   128.4000       6.28877233E-11       4.45109286E-10       5.63684805E-10       2.66069601E-10
   128.5000       6.30473351E-11       4.46235327E-10       5.65097317E-10       2.66739960E-10
   128.6000       6.32072681E-11       4.47363592E-10       5.66512598E-10       2.67411669E-10
   128.7000       6.33675224E-11       4.48494070E-10       5.67930708E-10       2.68084751E-10
   128.8000       6.35280982E-11       4.49626761E-10       5.69351603E-10       2.68759185E-10
   128.9000       6.36889958E-11       4.50761663E-10       5.70775207E-10       2.69434926E-10
   129.0000       6.38502155E-11       4.51898786E-10       5.72201536E-10       2.70111992E-10
   129.1000       6.40117572E-11       4.53038126E-10       5.73630546E-10       2.70790348E-10
   129.2000       6.41736210E-11       4.54179689E-10       5.75062348E-10       2.71470029E-10
   129.3000       6.43358071E-11       4.55323482E-10       5.76496927E-10       2.72151039E-10
   129.4000       6.44983154E-11       4.56469537E-10       5.77934371E-10       2.72833440E-10
   129.5000       6.46611460E-11       4.57617840E-10       5.79374686E-10       2.73517202E-10
   129.6000       6.48242989E-11       4.58768377E-10       5.80817676E-10       2.74202234E-10
   129.7000       6.49877741E-11       4.59921101E-10       5.82263362E-10       2.74888500E-10
   129.8000       6.51515715E-11       4.61076087E-10       5.83711789E-10       2.75576103E-10
   129.9000       6.53156911E-11       4.62233346E-10       5.85162980E-10       2.76265064E-10
   130.0000       6.54801331E-11       4.63392860E-10       5.86616858E-10       2.76955331E-10
   130.1000       6.56448972E-11       4.64554638E-10       5.88073501E-10       2.77646943E-10
   130.2000       6.58099840E-11       4.65718690E-10       5.89532784E-10       2.78339830E-10
   130.3000       6.59753932E-11       4.66885034E-10       5.90994851E-10       2.79034064E-10
   130.4000       6.61411247E-11       4.68053653E-10       5.92459739E-10       2.79729651E-10
   130.5000       6.63071790E-11       4.69224571E-10       5.93927420E-10       2.80426581E-10
   130.6000       6.64735560E-11       4.70397799E-10       5.95397893E-10       2.81124880E-10
   130.7000       6.66402560E-11       4.71573349E-10       5.96871158E-10       2.81824531E-10
   130.8000       6.68072789E-11       4.72751186E-10       5.98347208E-10       2.82525524E-10
   130.9000       6.69746251E-11       4.73931315E-10       5.99826107E-10       2.83227871E-10
   131.0000       6.71422950E-11       4.75113773E-10       6.01307778E-10       2.83931558E-10
   131.1000       6.73102889E-11       4.76298561E-10       6.02792321E-10       2.84636634E-10
   131.2000       6.74786072E-11       4.77485671E-10       6.04279580E-10       2.85343037E-10
   131.3000       6.76472501E-11       4.78675068E-10       6.05769610E-10       2.86050761E-10
   131.4000       6.78162180E-11       4.79866754E-10       6.07262482E-10       2.86759824E-10
   131.5000       6.79855115E-11       4.81060796E-10       6.08758296E-10       2.87470320E-10
   131.6000       6.81551311E-11       4.82257188E-10       6.10257052E-10       2.88182234E-10
   131.7000       6.83250774E-11       4.83455896E-10       6.11758778E-10       2.88895531E-10
   131.8000       6.84953507E-11       4.84656948E-10       6.13263424E-10       2.89610229E-10
   131.9000       6.86659518E-11       4.85860351E-10       6.14771050E-10       2.90326363E-10
   132.0000       6.88368812E-11       4.87066059E-10       6.16281732E-10       2.91043904E-10
   132.1000       6.90081397E-11       4.88274045E-10       6.17795492E-10       2.91762842E-10
   132.2000       6.91797278E-11       4.89484316E-10       6.19312217E-10       2.92483103E-10
   132.3000       6.93516462E-11       4.90696941E-10       6.20831938E-10       2.93204804E-10
   132.4000       6.95238960E-11       4.91911916E-10       6.22354642E-10       2.93927926E-10
   132.5000       6.96964775E-11       4.93129201E-10       6.23880369E-10       2.94652432E-10
   132.6000       6.98693914E-11       4.94348832E-10       6.25409136E-10       2.95378353E-10
   132.7000       7.00426389E-11       4.95570793E-10       6.26940940E-10       2.96105670E-10
   132.8000       7.02162205E-11       4.96795055E-10       6.28475554E-10       2.96834302E-10
   132.9000       7.03901369E-11       4.98021658E-10       6.30013069E-10       2.97564317E-10
   133.0000       7.05643889E-11       4.99250601E-10       6.31553544E-10       2.98295721E-10
   133.1000       7.07389773E-11       5.00481854E-10       6.33096957E-10       2.99028496E-10
   133.2000       7.09139028E-11       5.01715468E-10       6.34643355E-10       2.99762717E-10
   133.3000       7.10891660E-11       5.02951437E-10       6.36192626E-10       3.00498321E-10
   133.4000       7.12647678E-11       5.04189745E-10       6.37744811E-10       3.01235304E-10
   133.5000       7.14407088E-11       5.05430453E-10       6.39299957E-10       3.01973738E-10
   133.6000       7.16169898E-11       5.06673549E-10       6.40858016E-10       3.02713580E-10
   133.7000       7.17936114E-11       5.07919057E-10       6.42418948E-10       3.03454857E-10
   133.8000       7.19705738E-11       5.09166888E-10       6.43982680E-10       3.04197460E-10
   133.9000       7.21478778E-11       5.10417114E-10       6.45549217E-10       3.04941464E-10
   134.0000       7.23255237E-11       5.11669665E-10       6.47118517E-10       3.05686776E-10
   134.1000       7.25035126E-11       5.12924598E-10       6.48690689E-10       3.06433463E-10
   134.2000       7.26818441E-11       5.14181927E-10       6.50265778E-10       3.07181572E-10
   134.3000       7.28605190E-11       5.15441663E-10       6.51843790E-10       3.07931101E-10
   134.4000       7.30395380E-11       5.16703798E-10       6.53424810E-10       3.08682063E-10
   134.5000       7.32189012E-11       5.17968340E-10       6.55008761E-10       3.09434439E-10
   134.6000       7.33986087E-11       5.19235316E-10       6.56595593E-10       3.10188224E-10
   134.7000       7.35786611E-11       5.20504677E-10       6.58185436E-10       3.10943424E-10
   134.8000       7.37590587E-11       5.21776470E-10       6.59778347E-10       3.11700111E-10
   134.9000       7.39398016E-11       5.23050642E-10       6.61374222E-10       3.12458197E-10
   135.0000       7.41208901E-11       5.24327174E-10       6.62973014E-10       3.13217625E-10
   135.1000       7.43023242E-11       5.25606143E-10       6.64574887E-10       3.13978530E-10
   135.2000       7.44841043E-11       5.26887514E-10       6.66179797E-10       3.14740875E-10
   135.3000       7.46662305E-11       5.28171339E-10       6.67787700E-10       3.15504677E-10
   135.4000       7.48487031E-11       5.29457573E-10       6.69398545E-10       3.16269897E-10
   135.5000       7.50315222E-11       5.30746266E-10       6.71012478E-10       3.17036633E-10
   135.6000       7.52146879E-11       5.32037434E-10       6.72629451E-10       3.17804869E-10
   135.7000       7.53982002E-11       5.33330980E-10       6.74249516E-10       3.18574537E-10
   135.8000       7.55820596E-11       5.34626920E-10       6.75872589E-10       3.19345611E-10
   135.9000       7.57662665E-11       5.35925262E-10       6.77498693E-10       3.20118115E-10
   136.0000       7.59508206E-11       5.37226026E-10       6.79127948E-10       3.20892088E-10
   136.1000       7.61357224E-11       5.38529206E-10       6.80760324E-10       3.21667500E-10
   136.2000       7.63209723E-11       5.39834749E-10       6.82395613E-10       3.22444250E-10
   136.3000       7.65065706E-11       5.41142719E-10       6.84034030E-10       3.23222475E-10
   136.4000       7.66925173E-11       5.42453141E-10       6.85675541E-10       3.24002183E-10
   136.5000       7.68788131E-11       5.43765941E-10       6.87320054E-10       3.24783278E-10
   136.6000       7.70654584E-11       5.45081116E-10       6.88967622E-10       3.25565787E-10
   136.7000       7.72524533E-11       5.46398690E-10       6.90618236E-10       3.26349756E-10
   136.8000       7.74397982E-11       5.47718658E-10       6.92271941E-10       3.27135162E-10
   136.9000       7.76274937E-11       5.49041057E-10       6.93928785E-10       3.27922053E-10
   137.0000       7.78155402E-11       5.50365818E-10       6.95588757E-10       3.28710357E-10
   137.1000       7.80039382E-11       5.51693024E-10       6.97251799E-10       3.29500147E-10
   137.2000       7.81926883E-11       5.53022695E-10       6.98917917E-10       3.30291439E-10
   137.3000       7.83817909E-11       5.54354817E-10       7.00587097E-10       3.31084219E-10
   137.4000       7.85712465E-11       5.55689427E-10       7.02259363E-10       3.31878513E-10
   137.5000       7.87610556E-11       5.57026494E-10       7.03934619E-10       3.32674243E-10
   137.6000       7.89512185E-11       5.58366014E-10       7.05612806E-10       3.33471405E-10
   137.7000       7.91417362E-11       5.59708054E-10       7.07294123E-10       3.34270095E-10
   137.8000       7.93326084E-11       5.61052612E-10       7.08978481E-10       3.35070274E-10
   137.9000       7.95238362E-11       5.62399699E-10       7.10665998E-10       3.35871987E-10
   138.0000       7.97154198E-11       5.63749326E-10       7.12356578E-10       3.36675198E-10
   138.1000       7.99073597E-11       5.65101452E-10       7.14050165E-10       3.37479852E-10
   138.2000       8.00996563E-11       5.66456075E-10       7.15746820E-10       3.38285972E-10
   138.3000       8.02923098E-11       5.67813232E-10       7.17446565E-10       3.39093598E-10
   138.4000       8.04853207E-11       5.69172929E-10       7.19149384E-10       3.39902697E-10
   138.5000       8.06786894E-11       5.70535187E-10       7.20855231E-10       3.40713270E-10
   138.6000       8.08724164E-11       5.71900010E-10       7.22564190E-10       3.41525358E-10
   138.7000       8.10665015E-11       5.73267332E-10       7.24276301E-10       3.42338922E-10
   138.8000       8.12609456E-11       5.74637179E-10       7.25991496E-10       3.43153952E-10
   138.9000       8.14557486E-11       5.76009590E-10       7.27709875E-10       3.43970508E-10
   139.0000       8.16509105E-11       5.77384596E-10       7.29431594E-10       3.44788687E-10
   139.1000       8.18464322E-11       5.78762151E-10       7.31156407E-10       3.45608338E-10
   139.2000       8.20423135E-11       5.80142278E-10       7.32884407E-10       3.46429529E-10
   139.3000       8.22385548E-11       5.81524969E-10       7.34615641E-10       3.47252248E-10
   139.4000       8.24351562E-11       5.82910241E-10       7.36350050E-10       3.48076483E-10
   139.5000       8.26321179E-11       5.84298073E-10       7.38087570E-10       3.48902180E-10
   139.6000       8.28294403E-11       5.85688487E-10       7.39828287E-10       3.49729384E-10
   139.7000       8.30271237E-11       5.87081515E-10       7.41572161E-10       3.50558115E-10
   139.8000       8.32251684E-11       5.88477120E-10       7.43319214E-10       3.51388342E-10
   139.9000       8.34235749E-11       5.89875344E-10       7.45069463E-10       3.52220120E-10
   140.0000       8.36223430E-11       5.91276135E-10       7.46822975E-10       3.53053399E-10
   140.1000       8.38214729E-11       5.92679424E-10       7.48579604E-10       3.53888067E-10
   140.2000       8.40209660E-11       5.94085316E-10       7.50339449E-10       3.54724264E-10
   140.3000       8.42208219E-11       5.95493795E-10       7.52102491E-10       3.55561981E-10
   140.4000       8.44210415E-11       5.96904902E-10       7.53868786E-10       3.56401241E-10
   140.5000       8.46216254E-11       5.98318667E-10       7.55638464E-10       3.57242120E-10
   140.6000       8.48225736E-11       5.99735015E-10       7.57411528E-10       3.58084563E-10
   140.7000       8.50238873E-11       6.01153966E-10       7.59187766E-10       3.58928503E-10
   140.8000       8.52255669E-11       6.02575595E-10       7.60967254E-10       3.59774061E-10
   140.9000       8.54276133E-11       6.03999824E-10       7.62749989E-10       3.60621140E-10
   141.0000       8.56300271E-11       6.05426606E-10       7.64536037E-10       3.61469736E-10
   141.1000       8.58328087E-11       6.06855957E-10       7.66325197E-10       3.62319809E-10
   141.2000       8.60359593E-11       6.08287919E-10       7.68117660E-10       3.63171446E-10
   141.3000       8.62394798E-11       6.09722505E-10       7.69913362E-10       3.64024653E-10
   141.4000       8.64433709E-11       6.11159656E-10       7.71712214E-10       3.64879373E-10
   141.5000       8.66476335E-11       6.12599404E-10       7.73514156E-10       3.65735606E-10
   141.6000       8.68522686E-11       6.14041780E-10       7.75319397E-10       3.66593434E-10
   141.7000       8.70572772E-11       6.15486781E-10       7.77127960E-10       3.67452898E-10
   141.8000       8.72626599E-11       6.16934364E-10       7.78939849E-10       3.68313956E-10
   141.9000       8.74684183E-11       6.18384550E-10       7.80754873E-10       3.69176544E-10
   142.0000       8.76745523E-11       6.19837324E-10       7.82573055E-10       3.70040674E-10
   142.1000       8.78810638E-11       6.21292702E-10       7.84394427E-10       3.70906360E-10
   142.2000       8.80879534E-11       6.22750698E-10       7.86219037E-10       3.71773618E-10
   142.3000       8.82952219E-11       6.24211355E-10       7.88046981E-10       3.72642524E-10
   142.4000       8.85028705E-11       6.25674654E-10       7.89878230E-10       3.73513033E-10
   142.5000       8.87108995E-11       6.27140576E-10       7.91712563E-10       3.74385032E-10
   142.6000       8.89193103E-11       6.28609076E-10       7.93550171E-10       3.75258542E-10
   142.7000       8.91281032E-11       6.30080179E-10       7.95391165E-10       3.76133629E-10
   142.8000       8.93372790E-11       6.31553918E-10       7.97235526E-10       3.77010320E-10
   142.9000       8.95468384E-11       6.33030290E-10       7.99083178E-10       3.77888553E-10
   143.0000       8.97567821E-11       6.34509388E-10       8.00934154E-10       3.78768410E-10
   143.1000       8.99671108E-11       6.35991198E-10       8.02788452E-10       3.79649862E-10
   143.2000       9.01778247E-11       6.37475712E-10       8.04646041E-10       3.80532887E-10
   143.3000       9.03889247E-11       6.38962964E-10       8.06506988E-10       3.81417552E-10
   143.4000       9.06004112E-11       6.40452931E-10       8.08371328E-10       3.82303844E-10
   143.5000       9.08122842E-11       6.41945606E-10       8.10239128E-10       3.83191765E-10
   143.6000       9.10245443E-11       6.43441031E-10       8.12110360E-10       3.84081337E-10
   143.7000       9.12371919E-11       6.44939253E-10       8.13985011E-10       3.84972559E-10
   143.8000       9.14502272E-11       6.46440251E-10       8.15863014E-10       3.85865382E-10
   143.9000       9.16636501E-11       6.47944019E-10       8.17744588E-10       3.86759898E-10
   144.0000       9.18774613E-11       6.49450521E-10       8.19629650E-10       3.87656009E-10
   144.1000       9.20916608E-11       6.50959794E-10       8.21518101E-10       3.88553722E-10
   144.2000       9.23062485E-11       6.52471810E-10       8.23409929E-10       3.89452996E-10
   144.3000       9.25212249E-11       6.53986568E-10       8.25305270E-10       3.90353886E-10
   144.4000       9.27365899E-11       6.55504078E-10       8.27204210E-10       3.91256447E-10
   144.5000       9.29523434E-11       6.57024355E-10       8.29106726E-10       3.92160673E-10
   144.6000       9.31684862E-11       6.58547383E-10       8.31012618E-10       3.93066473E-10
   144.7000       9.33850180E-11       6.60073150E-10       8.32921890E-10       3.93973833E-10
   144.8000       9.36019393E-11       6.61601684E-10       8.34834621E-10       3.94882804E-10
   144.9000       9.38192497E-11       6.63132942E-10       8.36750808E-10       3.95793378E-10
   145.0000       9.40369500E-11       6.64666963E-10       8.38670447E-10       3.96705627E-10
   145.1000       9.42550404E-11       6.66203789E-10       8.40593546E-10       3.97619591E-10
   145.2000       9.44735208E-11       6.67743373E-10       8.42520058E-10       3.98535196E-10
   145.3000       9.46923921E-11       6.69285727E-10       8.44450050E-10       3.99452473E-10
   145.4000       9.49116544E-11       6.70830844E-10       8.46383495E-10       4.00371417E-10
   145.5000       9.51313079E-11       6.72378656E-10       8.48320326E-10       4.01291965E-10
   145.6000       9.53513536E-11       6.73929203E-10       8.50260458E-10       4.02214083E-10
   145.7000       9.55717916E-11       6.75482501E-10       8.52203899E-10       4.03137786E-10
   145.8000       9.57926227E-11       6.77038584E-10       8.54150790E-10       4.04063179E-10
   145.9000       9.60138476E-11       6.78597442E-10       8.56101097E-10       4.04990239E-10
   146.0000       9.62354665E-11       6.80158993E-10       8.58054663E-10       4.05918824E-10
   146.1000       9.64574809E-11       6.81723318E-10       8.60011546E-10       4.06849019E-10
   146.2000       9.66798910E-11       6.83290437E-10       8.61971808E-10       4.07780872E-10
   146.3000       9.69026977E-11       6.84860332E-10       8.63935592E-10       4.08714416E-10
   146.4000       9.71259015E-11       6.86432962E-10       8.65902857E-10       4.09649600E-10
   146.5000       9.73495035E-11       6.88008360E-10       8.67873621E-10       4.10586439E-10
   146.6000       9.75735044E-11       6.89586570E-10       8.69847882E-10       4.11524979E-10
   146.7000       9.77979053E-11       6.91167570E-10       8.71825599E-10       4.12465181E-10
   146.8000       9.80227070E-11       6.92751319E-10       8.73806657E-10       4.13406974E-10
   146.9000       9.82479100E-11       6.94337813E-10       8.75791181E-10       4.14350381E-10
   147.0000       9.84735155E-11       6.95927085E-10       8.77779436E-10       4.15295530E-10
   147.1000       9.86995242E-11       6.97519188E-10       8.79771362E-10       4.16242468E-10
   147.2000       9.89259373E-11       6.99114077E-10       8.81766818E-10       4.17191092E-10
   147.3000       9.91527547E-11       7.00711770E-10       8.83765719E-10       4.18141354E-10
   147.4000       9.93799781E-11       7.02312287E-10       8.85768124E-10       4.19093296E-10
   147.5000       9.96076076E-11       7.03915581E-10       8.87774006E-10       4.20046885E-10
   147.6000       9.98356443E-11       7.05521708E-10       8.89783448E-10       4.21002193E-10
   147.7000       1.00064089E-10       7.07130689E-10       8.91796547E-10       4.21959281E-10
   147.8000       1.00292941E-10       7.08742542E-10       8.93813131E-10       4.22918054E-10
   147.9000       1.00522202E-10       7.10357250E-10       8.95833203E-10       4.23878501E-10
   148.0000       1.00751873E-10       7.11974824E-10       8.97856759E-10       4.24840638E-10
   148.1000       1.00981953E-10       7.13595217E-10       8.99883784E-10       4.25804383E-10
   148.2000       1.01212443E-10       7.15218477E-10       9.01914257E-10       4.26769789E-10
   148.3000       1.01443343E-10       7.16844633E-10       9.03948333E-10       4.27736948E-10
   148.4000       1.01674654E-10       7.18473671E-10       9.05985943E-10       4.28705808E-10
   148.5000       1.01906376E-10       7.20105632E-10       9.08027196E-10       4.29676424E-10
   148.6000       1.02138509E-10       7.21740458E-10       9.10072041E-10       4.30648724E-10
   148.7000       1.02371053E-10       7.23378159E-10       9.12120523E-10       4.31622727E-10
   148.8000       1.02604009E-10       7.25018767E-10       9.14172589E-10       4.32598408E-10
   148.9000       1.02837376E-10       7.26662330E-10       9.16228361E-10       4.33575866E-10
   149.0000       1.03071155E-10       7.28308761E-10       9.18287792E-10       4.34555010E-10
   149.1000       1.03305346E-10       7.29958068E-10       9.20350880E-10       4.35535826E-10
   149.2000       1.03539949E-10       7.31610309E-10       9.22417673E-10       4.36518415E-10
   149.3000       1.03774964E-10       7.33265470E-10       9.24488053E-10       4.37502728E-10
   149.4000       1.04010390E-10       7.34923561E-10       9.26561975E-10       4.38488728E-10
   149.5000       1.04246229E-10       7.36584591E-10       9.28639645E-10       4.39476492E-10
   149.6000       1.04482480E-10       7.38248521E-10       9.30721056E-10       4.40466009E-10
   149.7000       1.04719144E-10       7.39915370E-10       9.32806035E-10       4.41457233E-10
   149.8000       1.04956221E-10       7.41585120E-10       9.34894552E-10       4.42450112E-10
   149.9000       1.05193710E-10       7.43257767E-10       9.36986601E-10       4.43444679E-10
   150.0000       1.05431613E-10       7.44933300E-10       9.39082167E-10       4.44440918E-10
   150.1000       1.05669929E-10       7.46611731E-10       9.41181276E-10       4.45438862E-10
   150.2000       1.05908659E-10       7.48293073E-10       9.43284045E-10       4.46438547E-10
   150.3000       1.06147803E-10       7.49977264E-10       9.45390405E-10       4.47439898E-10
   150.4000       1.06387362E-10       7.51664312E-10       9.47500343E-10       4.48442954E-10
   150.5000       1.06627336E-10       7.53354282E-10       9.49613814E-10       4.49447737E-10
   150.6000       1.06867725E-10       7.55047138E-10       9.51730919E-10       4.50454236E-10
   150.7000       1.07108531E-10       7.56742874E-10       9.53851554E-10       4.51462413E-10
   150.8000       1.07349753E-10       7.58441510E-10       9.55975874E-10       4.52472368E-10
   150.9000       1.07591393E-10       7.60143067E-10       9.58103852E-10       4.53484133E-10
   151.0000       1.07833450E-10       7.61847561E-10       9.60235489E-10       4.54497680E-10
   151.1000       1.08075926E-10       7.63554965E-10       9.62370730E-10       4.55512967E-10
   151.2000       1.08318822E-10       7.65265333E-10       9.64509587E-10       4.56530030E-10
   151.3000       1.08562137E-10       7.66978649E-10       9.66652053E-10       4.57548879E-10
   151.4000       1.08805873E-10       7.68694972E-10       9.68798188E-10       4.58569574E-10
   151.5000       1.09050031E-10       7.70414250E-10       9.70948122E-10       4.59592098E-10
   151.6000       1.09294610E-10       7.72136535E-10       9.73101742E-10       4.60616432E-10
   151.7000       1.09539612E-10       7.73861833E-10       9.75259206E-10       4.61642614E-10
   151.8000       1.09785038E-10       7.75590162E-10       9.77420509E-10       4.62670602E-10
   151.9000       1.10030888E-10       7.77321477E-10       9.79585585E-10       4.63700380E-10
   152.0000       1.10277163E-10       7.79055774E-10       9.81754438E-10       4.64731899E-10
   152.1000       1.10523864E-10       7.80793129E-10       9.83927084E-10       4.65765213E-10
   152.2000       1.10770990E-10       7.82533553E-10       9.86103448E-10       4.66800281E-10
   152.3000       1.11018544E-10       7.84277028E-10       9.88283682E-10       4.67837139E-10
   152.4000       1.11266525E-10       7.86023565E-10       9.90467836E-10       4.68875817E-10
   152.5000       1.11514934E-10       7.87773185E-10       9.92655799E-10       4.69916303E-10
   152.6000       1.11763772E-10       7.89525943E-10       9.94847708E-10       4.70958669E-10
   152.7000       1.12013038E-10       7.91281751E-10       9.97043352E-10       4.72002798E-10
   152.8000       1.12262735E-10       7.93040640E-10       9.99242747E-10       4.73048701E-10
   152.9000       1.12512861E-10       7.94802636E-10       1.00144596E-09       4.74096411E-10
   153.0000       1.12763418E-10       7.96567701E-10       1.00365291E-09       4.75145861E-10
   153.1000       1.13014407E-10       7.98335856E-10       1.00586365E-09       4.76197128E-10
   153.2000       1.13265827E-10       8.00107080E-10       1.00807807E-09       4.77250132E-10
   153.3000       1.13517679E-10       8.01881369E-10       1.01029610E-09       4.78304867E-10
   153.4000       1.13769963E-10       8.03658742E-10       1.01251795E-09       4.79361471E-10
   153.5000       1.14022682E-10       8.05439218E-10       1.01474367E-09       4.80419946E-10
   153.6000       1.14275834E-10       8.07222777E-10       1.01697306E-09       4.81480200E-10
   153.7000       1.14529420E-10       8.09009407E-10       1.01920615E-09       4.82542220E-10
   153.8000       1.14783441E-10       8.10799081E-10       1.02144303E-09       4.83606011E-10
   153.9000       1.15037898E-10       8.12591860E-10       1.02368377E-09       4.84671668E-10
   154.0000       1.15292791E-10       8.14387729E-10       1.02592834E-09       4.85739194E-10
   154.1000       1.15548120E-10       8.16186673E-10       1.02817660E-09       4.86808502E-10
   154.2000       1.15803887E-10       8.17988649E-10       1.03042864E-09       4.87879599E-10
   154.3000       1.16060093E-10       8.19793756E-10       1.03268441E-09       4.88952554E-10
   154.4000       1.16316738E-10       8.21601971E-10       1.03494392E-09       4.90027331E-10
   154.5000       1.16573822E-10       8.23413300E-10       1.03720734E-09       4.91103980E-10
   154.6000       1.16831347E-10       8.25227754E-10       1.03947471E-09       4.92182537E-10
   154.7000       1.17089314E-10       8.27045330E-10       1.04174592E-09       4.93262937E-10
   154.8000       1.17347723E-10       8.28866052E-10       1.04402094E-09       4.94345202E-10
   154.9000       1.17606575E-10       8.30689877E-10       1.04629976E-09       4.95429278E-10
   155.0000       1.17865872E-10       8.32516868E-10       1.04858250E-09       4.96515270E-10
   155.1000       1.18125614E-10       8.34347031E-10       1.05086921E-09       4.97603180E-10
   155.2000       1.18385803E-10       8.36180354E-10       1.05315976E-09       4.98692926E-10
   155.3000       1.18646439E-10       8.38016754E-10       1.05545404E-09       4.99784395E-10
   155.4000       1.18907523E-10       8.39856214E-10       1.05775223E-09       5.00877623E-10
   155.5000       1.19169056E-10       8.41698789E-10       1.06005454E-09       5.01972776E-10
   155.6000       1.19431040E-10       8.43544462E-10       1.06236095E-09       5.03069810E-10
   155.7000       1.19693475E-10       8.45393217E-10       1.06467139E-09       5.04168731E-10
   155.8000       1.19956362E-10       8.47245109E-10       1.06698588E-09       5.05269591E-10
   155.9000       1.20219702E-10       8.49100146E-10       1.06930428E-09       5.06372300E-10
   156.0000       1.20483496E-10       8.50958240E-10       1.07162663E-09       5.07476832E-10
   156.1000       1.20747745E-10       8.52819485E-10       1.07395308E-09       5.08583335E-10
   156.2000       1.21012449E-10       8.54683824E-10       1.07628355E-09       5.09691716E-10
   156.3000       1.21277611E-10       8.56551293E-10       1.07861803E-09       5.10801997E-10
   156.4000       1.21543229E-10       8.58421920E-10       1.08095644E-09       5.11914125E-10
   156.5000       1.21809305E-10       8.60295607E-10       1.08329877E-09       5.13028033E-10
   156.6000       1.22075840E-10       8.62172423E-10       1.08564517E-09       5.14143845E-10
   156.7000       1.22342835E-10       8.64052395E-10       1.08799545E-09       5.15261540E-10
   156.8000       1.22610288E-10       8.65935507E-10       1.09034981E-09       5.16381160E-10
   156.9000       1.22878202E-10       8.67821750E-10       1.09270826E-09       5.17502690E-10
   157.0000       1.23146577E-10       8.69711089E-10       1.09507076E-09       5.18626102E-10
   157.1000       1.23415413E-10       8.71603648E-10       1.09743727E-09       5.19751512E-10
   157.2000       1.23684710E-10       8.73499423E-10       1.09980779E-09       5.20878891E-10
   157.3000       1.23954469E-10       8.75398394E-10       1.10218248E-09       5.22008245E-10
   157.4000       1.24224690E-10       8.77300577E-10       1.10456123E-09       5.23139533E-10
   157.5000       1.24495373E-10       8.79205996E-10       1.10694394E-09       5.24272744E-10
   157.6000       1.24766518E-10       8.81114623E-10       1.10933070E-09       5.25407856E-10
   157.7000       1.25038126E-10       8.83026536E-10       1.11172145E-09       5.26544917E-10
   157.8000       1.25310196E-10       8.84941713E-10       1.11411617E-09       5.27683914E-10
   157.9000       1.25582730E-10       8.86860197E-10       1.11651496E-09       5.28824920E-10
   158.0000       1.25855726E-10       8.88781986E-10       1.11891789E-09       5.29967914E-10
   158.1000       1.26129185E-10       8.90707099E-10       1.12132499E-09       5.31112910E-10
   158.2000       1.26403106E-10       8.92635604E-10       1.12373604E-09       5.32259854E-10
   158.3000       1.26677491E-10       8.94567397E-10       1.12615100E-09       5.33408643E-10
   158.4000       1.26952338E-10       8.96502558E-10       1.12857001E-09       5.34559378E-10
   158.5000       1.27227648E-10       8.98441062E-10       1.13099318E-09       5.35712085E-10
   158.6000       1.27503421E-10       9.00382920E-10       1.13342037E-09       5.36866728E-10
   158.7000       1.27779657E-10       9.02328168E-10       1.13585159E-09       5.38023303E-10
   158.8000       1.28056356E-10       9.04276766E-10       1.13828687E-09       5.39181807E-10
   158.9000       1.28333518E-10       9.06228826E-10       1.14072632E-09       5.40342368E-10
   159.0000       1.28611143E-10       9.08184231E-10       1.14316983E-09       5.41504832E-10
   159.1000       1.28889231E-10       9.10143032E-10       1.14561755E-09       5.42669295E-10
   159.2000       1.29167783E-10       9.12105198E-10       1.14806928E-09       5.43835661E-10
   159.3000       1.29446799E-10       9.14070767E-10       1.15052504E-09       5.45003990E-10
   159.4000       1.29726278E-10       9.16039711E-10       1.15298506E-09       5.46174313E-10
   159.5000       1.30006222E-10       9.18012030E-10       1.15544945E-09       5.47346697E-10
   159.6000       1.30286631E-10       9.19987755E-10       1.15791807E-09       5.48521098E-10
   159.7000       1.30567505E-10       9.21966882E-10       1.16039080E-09       5.49697465E-10
   159.8000       1.30848845E-10       9.23949489E-10       1.16286777E-09       5.50875899E-10
   159.9000       1.31130652E-10       9.25935543E-10       1.16534902E-09       5.52056389E-10
   160.0000       1.31412926E-10       9.27924928E-10       1.16783437E-09       5.53238758E-10
   160.1000       1.31695668E-10       9.29917677E-10       1.17032393E-09       5.54423075E-10
   160.2000       1.31978879E-10       9.31913777E-10       1.17281768E-09       5.55609328E-10
   160.3000       1.32262560E-10       9.33913260E-10       1.17531564E-09       5.56797568E-10
   160.4000       1.32546713E-10       9.35916114E-10       1.17781756E-09       5.57987700E-10
   160.5000       1.32831338E-10       9.37922374E-10       1.18032367E-09       5.59179884E-10
   160.6000       1.33116437E-10       9.39931977E-10       1.18283405E-09       5.60374070E-10
   160.7000       1.33402011E-10       9.41944908E-10       1.18534869E-09       5.61570274E-10
   160.8000       1.33688061E-10       9.43961121E-10       1.18786760E-09       5.62768439E-10
   160.9000       1.33974588E-10       9.45980625E-10       1.19039080E-09       5.63968570E-10
   161.0000       1.34261595E-10       9.48003407E-10       1.19291809E-09       5.65170601E-10
   161.1000       1.34549082E-10       9.50029396E-10       1.19544944E-09       5.66374493E-10
   161.2000       1.34837053E-10       9.52058727E-10       1.19798494E-09       5.67580431E-10
   161.3000       1.35125506E-10       9.54091378E-10       1.20052451E-09       5.68788389E-10
   161.4000       1.35414445E-10       9.56127387E-10       1.20306811E-09       5.69998356E-10
   161.5000       1.35703871E-10       9.58166670E-10       1.20561586E-09       5.71210291E-10
   161.6000       1.35993786E-10       9.60209294E-10       1.20816796E-09       5.72424312E-10
   161.7000       1.36284191E-10       9.62255264E-10       1.21072435E-09       5.73640418E-10
   161.8000       1.36575087E-10       9.64304596E-10       1.21328496E-09       5.74858591E-10
   161.9000       1.36866476E-10       9.66357271E-10       1.21584982E-09       5.76078804E-10
   162.0000       1.37158359E-10       9.68413327E-10       1.21841889E-09       5.77301071E-10
   162.1000       1.37450737E-10       9.70472711E-10       1.22099213E-09       5.78525322E-10
   162.2000       1.37743612E-10       9.72535416E-10       1.22356948E-09       5.79751540E-10
   162.3000       1.38036985E-10       9.74601482E-10       1.22615103E-09       5.80979784E-10
   162.4000       1.38330856E-10       9.76670962E-10       1.22873694E-09       5.82210128E-10
   162.5000       1.38625227E-10       9.78743835E-10       1.23132721E-09       5.83442533E-10
   162.6000       1.38920098E-10       9.80820107E-10       1.23392173E-09       5.84676956E-10
   162.7000       1.39215469E-10       9.82899811E-10       1.23652053E-09       5.85913427E-10
   162.8000       1.39511342E-10       9.84982917E-10       1.23912353E-09       5.87151877E-10
   162.9000       1.39807716E-10       9.87069455E-10       1.24173093E-09       5.88392397E-10
   163.0000       1.40104591E-10       9.89159470E-10       1.24434273E-09       5.89635036E-10
   163.1000       1.40401969E-10       9.91252926E-10       1.24695892E-09       5.90879729E-10
   163.2000       1.40699848E-10       9.93349910E-10       1.24957957E-09       5.92126586E-10
   163.3000       1.40998229E-10       9.95450439E-10       1.25220466E-09       5.93375597E-10
   163.4000       1.41297112E-10       9.97554518E-10       1.25483417E-09       5.94626730E-10
   163.5000       1.41596496E-10       9.99662164E-10       1.25746797E-09       5.95879955E-10
   163.6000       1.41896380E-10       1.00177336E-09       1.26010608E-09       5.97135210E-10
   163.7000       1.42196765E-10       1.00388811E-09       1.26274873E-09       5.98392609E-10
   163.8000       1.42497650E-10       1.00600641E-09       1.26539589E-09       5.99652100E-10
   163.9000       1.42799034E-10       1.00812825E-09       1.26804737E-09       6.00913576E-10
   164.0000       1.43100918E-10       1.01025370E-09       1.27070338E-09       6.02177207E-10
   164.1000       1.43403299E-10       1.01238269E-09       1.27336397E-09       6.03442954E-10
   164.2000       1.43706179E-10       1.01451527E-09       1.27602912E-09       6.04710857E-10
   164.3000       1.44009556E-10       1.01665152E-09       1.27869883E-09       6.05980944E-10
   164.4000       1.44313431E-10       1.01879143E-09       1.28137299E-09       6.07253165E-10
   164.5000       1.44617802E-10       1.02093502E-09       1.28405171E-09       6.08527585E-10
   164.6000       1.44922670E-10       1.02308230E-09       1.28673491E-09       6.09804162E-10
   164.7000       1.45228034E-10       1.02523324E-09       1.28942259E-09       6.11082884E-10
   164.8000       1.45533895E-10       1.02738784E-09       1.29211493E-09       6.12363789E-10
   164.9000       1.45840253E-10       1.02954604E-09       1.29481162E-09       6.13646727E-10
   165.0000       1.46147107E-10       1.03170784E-09       1.29751277E-09       6.14931731E-10
   165.1000       1.46454458E-10       1.03387326E-09       1.30021861E-09       6.16218934E-10
   165.2000       1.46762306E-10       1.03604236E-09       1.30292908E-09       6.17508337E-10
   165.3000       1.47070653E-10       1.03821510E-09       1.30564415E-09       6.18799914E-10
   165.4000       1.47379498E-10       1.04039151E-09       1.30836371E-09       6.20093636E-10
   165.5000       1.47688844E-10       1.04257153E-09       1.31108774E-09       6.21389461E-10
   165.6000       1.47998690E-10       1.04475520E-09       1.31381629E-09       6.22687446E-10
   165.7000       1.48309038E-10       1.04694256E-09       1.31654936E-09       6.23987596E-10
   165.8000       1.48619889E-10       1.04913352E-09       1.31928673E-09       6.25289764E-10
   165.9000       1.48931244E-10       1.05132810E-09       1.32202856E-09       6.26594027E-10
   166.0000       1.49243106E-10       1.05352629E-09       1.32477480E-09       6.27900395E-10
   166.1000       1.49555474E-10       1.05572810E-09       1.32752550E-09       6.29208903E-10
   166.2000       1.49868353E-10       1.05793353E-09       1.33028062E-09       6.30519516E-10
   166.3000       1.50181742E-10       1.06014257E-09       1.33304024E-09       6.31832279E-10
   166.4000       1.50495644E-10       1.06235522E-09       1.33580435E-09       6.33147164E-10
   166.5000       1.50810061E-10       1.06457149E-09       1.33857303E-09       6.34464241E-10
   166.6000       1.51124994E-10       1.06679136E-09       1.34134629E-09       6.35783485E-10
   166.7000       1.51440444E-10       1.06901483E-09       1.34412408E-09       6.37104883E-10
   166.8000       1.51756415E-10       1.07124186E-09       1.34690613E-09       6.38428346E-10
   166.9000       1.52072907E-10       1.07347249E-09       1.34969258E-09       6.39753943E-10
   167.0000       1.52389923E-10       1.07570676E-09       1.35248346E-09       6.41081754E-10
   167.1000       1.52707464E-10       1.07794463E-09       1.35527875E-09       6.42411731E-10
   167.2000       1.53025532E-10       1.08018612E-09       1.35807856E-09       6.43743888E-10
   167.3000       1.53344127E-10       1.08243121E-09       1.36088277E-09       6.45078187E-10
   167.4000       1.53663253E-10       1.08467985E-09       1.36369132E-09       6.46414578E-10
   167.5000       1.53982909E-10       1.08693210E-09       1.36650423E-09       6.47753066E-10
   167.6000       1.54303097E-10       1.08918797E-09       1.36932154E-09       6.49093710E-10
   167.7000       1.54623819E-10       1.09144746E-09       1.37214331E-09       6.50436511E-10
   167.8000       1.54945076E-10       1.09371055E-09       1.37496953E-09       6.51781429E-10
   167.9000       1.55266867E-10       1.09597727E-09       1.37780025E-09       6.53128503E-10
   168.0000       1.55589195E-10       1.09824763E-09       1.38063564E-09       6.54477766E-10
   168.1000       1.55912059E-10       1.10052164E-09       1.38347587E-09       6.55829338E-10
   168.2000       1.56235461E-10       1.10279935E-09       1.38632076E-09       6.57183179E-10
   168.3000       1.56559401E-10       1.10508076E-09       1.38917024E-09       6.58539217E-10
   168.4000       1.56883878E-10       1.10736590E-09       1.39202424E-09       6.59897449E-10
   168.5000       1.57208894E-10       1.10965482E-09       1.39488282E-09       6.61257937E-10
   168.6000       1.57534449E-10       1.11194742E-09       1.39774600E-09       6.62620570E-10
   168.7000       1.57860541E-10       1.11424370E-09       1.40061382E-09       6.63985377E-10
   168.8000       1.58187173E-10       1.11654376E-09       1.40348646E-09       6.65352500E-10
   168.9000       1.58514343E-10       1.11884762E-09       1.40636408E-09       6.66722005E-10
   169.0000       1.58842051E-10       1.12115520E-09       1.40924657E-09       6.68093773E-10
   169.1000       1.59170298E-10       1.12346655E-09       1.41213385E-09       6.69467836E-10
   169.2000       1.59499082E-10       1.12578170E-09       1.41502604E-09       6.70844196E-10
   169.3000       1.59828404E-10       1.12810064E-09       1.41792301E-09       6.72222800E-10
   169.4000       1.60158264E-10       1.13042337E-09       1.42082488E-09       6.73603696E-10
   169.5000       1.60488660E-10       1.13274987E-09       1.42373147E-09       6.74986805E-10
   169.6000       1.60819594E-10       1.13508016E-09       1.42664280E-09       6.76372095E-10
   169.7000       1.61151064E-10       1.13741421E-09       1.42955890E-09       6.77759568E-10
   169.8000       1.61483071E-10       1.13975215E-09       1.43247984E-09       6.79149378E-10
   169.9000       1.61815615E-10       1.14209391E-09       1.43540565E-09       6.80541468E-10
   170.0000       1.62148695E-10       1.14443957E-09       1.43833622E-09       6.81935858E-10
   170.1000       1.62482311E-10       1.14678910E-09       1.44127159E-09       6.83332521E-10
   170.2000       1.62816464E-10       1.14914248E-09       1.44421160E-09       6.84731398E-10
   170.3000       1.63151154E-10       1.15149967E-09       1.44715628E-09       6.86132495E-10
   170.4000       1.63486380E-10       1.15386071E-09       1.45010565E-09       6.87535815E-10
   170.5000       1.63822144E-10       1.15622565E-09       1.45305993E-09       6.88941481E-10
   170.6000       1.64158444E-10       1.15859450E-09       1.45601905E-09       6.90349490E-10
   170.7000       1.64495283E-10       1.16096728E-09       1.45898305E-09       6.91759857E-10
   170.8000       1.64832660E-10       1.16334397E-09       1.46195203E-09       6.93172599E-10
   170.9000       1.65170577E-10       1.16572458E-09       1.46492591E-09       6.94587683E-10
   171.0000       1.65509032E-10       1.16810903E-09       1.46790479E-09       6.96005088E-10
   171.1000       1.65848029E-10       1.17049735E-09       1.47088853E-09       6.97424728E-10
   171.2000       1.66187566E-10       1.17288955E-09       1.47387708E-09       6.98846636E-10
   171.3000       1.66527646E-10       1.17528562E-09       1.47687063E-09       7.00270864E-10
   171.4000       1.66868269E-10       1.17768560E-09       1.47986924E-09       7.01697466E-10
   171.5000       1.67209436E-10       1.18008948E-09       1.48287271E-09       7.03126355E-10
   171.6000       1.67551149E-10       1.18249726E-09       1.48588106E-09       7.04557557E-10
   171.7000       1.67893408E-10       1.18490901E-09       1.48889425E-09       7.05991124E-10
   171.8000       1.68236214E-10       1.18732474E-09       1.49191212E-09       7.07426990E-10
   171.9000       1.68579570E-10       1.18974439E-09       1.49493485E-09       7.08865174E-10
   172.0000       1.68923475E-10       1.19216799E-09       1.49796254E-09       7.10305707E-10
   172.1000       1.69267932E-10       1.19459543E-09       1.50099510E-09       7.11748470E-10
   172.2000       1.69612942E-10       1.19702679E-09       1.50403237E-09       7.13193477E-10
   172.3000       1.69958505E-10       1.19946205E-09       1.50707448E-09       7.14640773E-10
   172.4000       1.70304624E-10       1.20190126E-09       1.51012128E-09       7.16090318E-10
   172.5000       1.70651299E-10       1.20434446E-09       1.51317291E-09       7.17542229E-10
   172.6000       1.70998532E-10       1.20679165E-09       1.51622953E-09       7.18996560E-10
   172.7000       1.71346325E-10       1.20924281E-09       1.51929109E-09       7.20453282E-10
   172.8000       1.71694677E-10       1.21169795E-09       1.52235752E-09       7.21912397E-10
   172.9000       1.72043592E-10       1.21415707E-09       1.52542860E-09       7.23373778E-10
   173.0000       1.72393069E-10       1.21662019E-09       1.52850439E-09       7.24837482E-10
   173.1000       1.72743110E-10       1.21908732E-09       1.53158501E-09       7.26303551E-10
   173.2000       1.73093717E-10       1.22155843E-09       1.53467041E-09       7.27771928E-10
   173.3000       1.73444889E-10       1.22403350E-09       1.53776073E-09       7.29242642E-10
   173.4000       1.73796630E-10       1.22651259E-09       1.54085597E-09       7.30715759E-10
   173.5000       1.74148938E-10       1.22899564E-09       1.54395603E-09       7.32191205E-10
   173.6000       1.74501817E-10       1.23148274E-09       1.54706102E-09       7.33669097E-10
   173.7000       1.74855265E-10       1.23397380E-09       1.55017106E-09       7.35149421E-10
   173.8000       1.75209286E-10       1.23646883E-09       1.55328606E-09       7.36632114E-10
   173.9000       1.75563879E-10       1.23896784E-09       1.55640617E-09       7.38117242E-10
   174.0000       1.75919045E-10       1.24147076E-09       1.55953131E-09       7.39604690E-10
   174.1000       1.76274785E-10       1.24397766E-09       1.56266150E-09       7.41094513E-10
   174.2000       1.76631100E-10       1.24648859E-09       1.56579687E-09       7.42586828E-10
   174.3000       1.76987991E-10       1.24900353E-09       1.56893741E-09       7.44081582E-10
   174.4000       1.77345459E-10       1.25152252E-09       1.57208299E-09       7.45578763E-10
   174.5000       1.77703503E-10       1.25404553E-09       1.57523389E-09       7.47078436E-10
   174.6000       1.78062126E-10       1.25657258E-09       1.57838988E-09       7.48580525E-10
   174.7000       1.78421327E-10       1.25910362E-09       1.58155101E-09       7.50084975E-10
   174.8000       1.78781108E-10       1.26163870E-09       1.58471723E-09       7.51591811E-10
   174.9000       1.79141468E-10       1.26417788E-09       1.58788867E-09       7.53101140E-10
   175.0000       1.79502409E-10       1.26672120E-09       1.59106519E-09       7.54612947E-10
   175.1000       1.79863932E-10       1.26926861E-09       1.59424686E-09       7.56127167E-10
   175.2000       1.80226036E-10       1.27182018E-09       1.59743378E-09       7.57643901E-10
   175.3000       1.80588722E-10       1.27437589E-09       1.60062581E-09       7.59163059E-10
   175.4000       1.80951992E-10       1.27693568E-09       1.60382300E-09       7.60684575E-10
   175.5000       1.81315845E-10       1.27949960E-09       1.60702541E-09       7.62208518E-10
   175.6000       1.81680282E-10       1.28206767E-09       1.61023284E-09       7.63734825E-10
   175.7000       1.82045303E-10       1.28463989E-09       1.61344533E-09       7.65263551E-10
   175.8000       1.82410910E-10       1.28721626E-09       1.61666294E-09       7.66794675E-10
   175.9000       1.82777103E-10       1.28979672E-09       1.61988547E-09       7.68328076E-10
   176.0000       1.83143882E-10       1.29238135E-09       1.62311304E-09       7.69863908E-10
   176.1000       1.83511248E-10       1.29497015E-09       1.62634571E-09       7.71402207E-10
   176.2000       1.83879201E-10       1.29756314E-09       1.62958355E-09       7.72942995E-10
   176.3000       1.84247743E-10       1.30016028E-09       1.63282653E-09       7.74486199E-10
   176.4000       1.84616873E-10       1.30276154E-09       1.63607446E-09       7.76031780E-10
   176.5000       1.84986592E-10       1.30536691E-09       1.63932756E-09       7.77579794E-10
   176.6000       1.85356901E-10       1.30797641E-09       1.64258576E-09       7.79130212E-10
   176.7000       1.85727801E-10       1.31059001E-09       1.64584911E-09       7.80683071E-10
   176.8000       1.86099292E-10       1.31320775E-09       1.64911784E-09       7.82238483E-10
   176.9000       1.86471375E-10       1.31582966E-09       1.65239192E-09       7.83796480E-10
   177.0000       1.86844049E-10       1.31845562E-09       1.65567110E-09       7.85356880E-10
   177.1000       1.87217318E-10       1.32108569E-09       1.65895551E-09       7.86919761E-10
   177.2000       1.87591180E-10       1.32371992E-09       1.66224512E-09       7.88485178E-10
   177.3000       1.87965636E-10       1.32635822E-09       1.66553993E-09       7.90053042E-10
   177.4000       1.88340688E-10       1.32900061E-09       1.66883990E-09       7.91623373E-10
   177.5000       1.88716336E-10       1.33164718E-09       1.67214494E-09       7.93196203E-10
   177.6000       1.89092580E-10       1.33429786E-09       1.67545513E-09       7.94771493E-10
   177.7000       1.89469421E-10       1.33695268E-09       1.67877065E-09       7.96349379E-10
   177.8000       1.89846861E-10       1.33961169E-09       1.68209146E-09       7.97929863E-10
   177.9000       1.90224899E-10       1.34227498E-09       1.68541746E-09       7.99512973E-10
   178.0000       1.90603537E-10       1.34494245E-09       1.68874852E-09       8.01098504E-10
   178.1000       1.90982775E-10       1.34761415E-09       1.69208468E-09       8.02686512E-10
   178.2000       1.91362614E-10       1.35029017E-09       1.69542607E-09       8.04277096E-10
   178.3000       1.91743055E-10       1.35297044E-09       1.69877265E-09       8.05870170E-10
   178.4000       1.92124098E-10       1.35565498E-09       1.70212458E-09       8.07465781E-10
   178.5000       1.92505744E-10       1.35834384E-09       1.70548170E-09       8.09063948E-10
   178.6000       1.92887994E-10       1.36103700E-09       1.70884417E-09       8.10664680E-10
   178.7000       1.93270848E-10       1.36373452E-09       1.71221209E-09       8.12268012E-10
   178.8000       1.93654308E-10       1.36643636E-09       1.71558549E-09       8.13873917E-10
   178.9000       1.94038373E-10       1.36914255E-09       1.71896431E-09       8.15482389E-10
   179.0000       1.94423045E-10       1.37185307E-09       1.72234851E-09       8.17093353E-10
   179.1000       1.94808324E-10       1.37456792E-09       1.72573790E-09       8.18706775E-10
   179.2000       1.95194210E-10       1.37728709E-09       1.72913270E-09       8.20322695E-10
   179.3000       1.95580705E-10       1.38001064E-09       1.73253299E-09       8.21941202E-10
   179.4000       1.95967809E-10       1.38273861E-09       1.73593863E-09       8.23562292E-10
   179.5000       1.96355522E-10       1.38547098E-09       1.73934975E-09       8.25186009E-10
   179.6000       1.96743847E-10       1.38820771E-09       1.74276629E-09       8.26812247E-10
   179.7000       1.97132781E-10       1.39094884E-09       1.74618841E-09       8.28441097E-10
   179.8000       1.97522328E-10       1.39369434E-09       1.74961602E-09       8.30072508E-10
   179.9000       1.97912486E-10       1.39644414E-09       1.75304892E-09       8.31706341E-10
   180.0000       1.98303258E-10       1.39919830E-09       1.75648725E-09       8.33342751E-10
   180.1000       1.98694643E-10       1.40195688E-09       1.75993125E-09       8.34981858E-10
   180.2000       1.99086643E-10       1.40471983E-09       1.76338094E-09       8.36623595E-10
   180.3000       1.99479258E-10       1.40748721E-09       1.76683645E-09       8.38268086E-10
   180.4000       1.99872489E-10       1.41025898E-09       1.77029761E-09       8.39915252E-10
   180.5000       2.00266337E-10       1.41303516E-09       1.77376420E-09       8.41565022E-10
   180.6000       2.00660803E-10       1.41581573E-09       1.77723644E-09       8.43217428E-10
   180.7000       2.01055888E-10       1.41860071E-09       1.78071426E-09       8.44872507E-10
   180.8000       2.01451592E-10       1.42139013E-09       1.78419768E-09       8.46530285E-10
   180.9000       2.01847917E-10       1.42418390E-09       1.78768671E-09       8.48190670E-10
   181.0000       2.02244863E-10       1.42698203E-09       1.79118136E-09       8.49853640E-10
   181.1000       2.02642432E-10       1.42978459E-09       1.79468163E-09       8.51519267E-10
   181.2000       2.03040625E-10       1.43259165E-09       1.79818760E-09       8.53187617E-10
   181.3000       2.03439444E-10       1.43540315E-09       1.80169922E-09       8.54858614E-10
   181.4000       2.03838887E-10       1.43821910E-09       1.80521643E-09       8.56532261E-10
   181.5000       2.04238959E-10       1.44103949E-09       1.80873911E-09       8.58208484E-10
   181.6000       2.04639658E-10       1.44386431E-09       1.81226738E-09       8.59887323E-10
   181.7000       2.05040987E-10       1.44669360E-09       1.81580116E-09       8.61568801E-10
   181.8000       2.05442947E-10       1.44952726E-09       1.81934043E-09       8.63252828E-10
   181.9000       2.05845539E-10       1.45236535E-09       1.82288512E-09       8.64939466E-10
   182.0000       2.06248764E-10       1.45520798E-09       1.82643531E-09       8.66628787E-10
   182.1000       2.06652623E-10       1.45805501E-09       1.82999101E-09       8.68320696E-10
   182.2000       2.07057117E-10       1.46090646E-09       1.83355231E-09       8.70015280E-10
   182.3000       2.07462248E-10       1.46376240E-09       1.83711906E-09       8.71712542E-10
   182.4000       2.07868017E-10       1.46662285E-09       1.84069141E-09       8.73412536E-10
   182.5000       2.08274425E-10       1.46948781E-09       1.84426930E-09       8.75115225E-10
   182.6000       2.08681473E-10       1.47235728E-09       1.84785277E-09       8.76820667E-10
   182.7000       2.09089161E-10       1.47523127E-09       1.85144187E-09       8.78528821E-10
   182.8000       2.09497491E-10       1.47810981E-09       1.85503650E-09       8.80239675E-10
   182.9000       2.09906464E-10       1.48099291E-09       1.85863700E-09       8.81953378E-10
   183.0000       2.10316081E-10       1.48388063E-09       1.86224330E-09       8.83669940E-10
   183.1000       2.10726343E-10       1.48677284E-09       1.86585519E-09       8.85389078E-10
   183.2000       2.11137250E-10       1.48966960E-09       1.86947294E-09       8.87110959E-10
   183.3000       2.11548803E-10       1.49257096E-09       1.87309652E-09       8.88835614E-10
   183.4000       2.11961003E-10       1.49547691E-09       1.87672578E-09       8.90562994E-10
   183.5000       2.12373852E-10       1.49838737E-09       1.88036072E-09       8.92292969E-10
   183.6000       2.12787348E-10       1.50130245E-09       1.88400127E-09       8.94025614E-10
   183.7000       2.13201494E-10       1.50422219E-09       1.88764746E-09       8.95760934E-10
   183.8000       2.13616291E-10       1.50714651E-09       1.89129943E-09       8.97498937E-10
   183.9000       2.14031737E-10       1.51007541E-09       1.89495690E-09       8.99239536E-10
   184.0000       2.14447835E-10       1.51300893E-09       1.89862006E-09       9.00982821E-10
   184.1000       2.14864586E-10       1.51594716E-09       1.90228914E-09       9.02728971E-10
   184.2000       2.15281989E-10       1.51889003E-09       1.90596405E-09       9.04477899E-10
   184.3000       2.15700046E-10       1.52183756E-09       1.90964467E-09       9.06229568E-10
   184.4000       2.16118757E-10       1.52478977E-09       1.91333093E-09       9.07983955E-10
   184.5000       2.16538123E-10       1.52774665E-09       1.91702284E-09       9.09741060E-10
   184.6000       2.16958145E-10       1.53070815E-09       1.92072037E-09       9.11500791E-10
   184.7000       2.17378823E-10       1.53367428E-09       1.92442360E-09       9.13263242E-10
   184.8000       2.17800160E-10       1.53664512E-09       1.92813251E-09       9.15028466E-10
   184.9000       2.18222154E-10       1.53962065E-09       1.93184724E-09       9.16796492E-10
   185.0000       2.18644807E-10       1.54260082E-09       1.93556785E-09       9.18567278E-10
   185.1000       2.19068121E-10       1.54558565E-09       1.93929435E-09       9.20340855E-10
   185.2000       2.19492097E-10       1.54857517E-09       1.94302641E-09       9.22117118E-10
   185.3000       2.19916734E-10       1.55156933E-09       1.94676427E-09       9.23896104E-10
   185.4000       2.20342034E-10       1.55456818E-09       1.95050800E-09       9.25677913E-10
   185.5000       2.20767999E-10       1.55757170E-09       1.95425744E-09       9.27462466E-10
   185.6000       2.21194629E-10       1.56057989E-09       1.95801261E-09       9.29249763E-10
   185.7000       2.21621926E-10       1.56359278E-09       1.96177362E-09       9.31039887E-10
   185.8000       2.22049890E-10       1.56661029E-09       1.96554030E-09       9.32832703E-10
   185.9000       2.22478523E-10       1.56963250E-09       1.96931281E-09       9.34628351E-10
   186.0000       2.22907827E-10       1.57265940E-09       1.97309121E-09       9.36426858E-10
   186.1000       2.23337801E-10       1.57569100E-09       1.97687555E-09       9.38228207E-10
   186.2000       2.23768448E-10       1.57872728E-09       1.98066617E-09       9.40032526E-10
   186.3000       2.24199768E-10       1.58176824E-09       1.98446289E-09       9.41839749E-10
   186.4000       2.24631764E-10       1.58481388E-09       1.98826555E-09       9.43649763E-10
   186.5000       2.25064434E-10       1.58786419E-09       1.99207415E-09       9.45462550E-10
   186.6000       2.25497782E-10       1.59091923E-09       1.99588877E-09       9.47278223E-10
   186.7000       2.25931808E-10       1.59397900E-09       1.99970954E-09       9.49096771E-10
   186.8000       2.26366513E-10       1.59704345E-09       2.00353625E-09       9.50918078E-10
   186.9000       2.26801898E-10       1.60011268E-09       2.00736900E-09       9.52742277E-10
   187.0000       2.27237964E-10       1.60318667E-09       2.01120805E-09       9.54569398E-10
   187.1000       2.27674712E-10       1.60626545E-09       2.01505332E-09       9.56399467E-10
   187.2000       2.28112143E-10       1.60934902E-09       2.01890467E-09       9.58232399E-10
   187.3000       2.28550258E-10       1.61243738E-09       2.02276202E-09       9.60068176E-10
   187.4000       2.28989056E-10       1.61553050E-09       2.02662530E-09       9.61906743E-10
   187.5000       2.29428540E-10       1.61862844E-09       2.03049466E-09       9.63748158E-10
   187.6000       2.29868709E-10       1.62173125E-09       2.03437004E-09       9.65592442E-10
   187.7000       2.30309565E-10       1.62483896E-09       2.03825139E-09       9.67439611E-10
   187.8000       2.30751108E-10       1.62795166E-09       2.04213887E-09       9.69289788E-10
   187.9000       2.31193338E-10       1.63106930E-09       2.04603272E-09       9.71143033E-10
   188.0000       2.31636256E-10       1.63419188E-09       2.04993277E-09       9.72999247E-10
   188.1000       2.32079863E-10       1.63731936E-09       2.05383880E-09       9.74858340E-10
   188.2000       2.32524159E-10       1.64045173E-09       2.05775076E-09       9.76720239E-10
   188.3000       2.32969144E-10       1.64358906E-09       2.06166907E-09       9.78585133E-10
   188.4000       2.33414819E-10       1.64673134E-09       2.06559363E-09       9.80452966E-10
   188.5000       2.33861184E-10       1.64987865E-09       2.06952436E-09       9.82323788E-10
   188.6000       2.34308241E-10       1.65303089E-09       2.07346126E-09       9.84197485E-10
   188.7000       2.34755988E-10       1.65618804E-09       2.07740411E-09       9.86073952E-10
   188.8000       2.35204426E-10       1.65935010E-09       2.08135280E-09       9.87953155E-10
   188.9000       2.35653557E-10       1.66251706E-09       2.08530762E-09       9.89835186E-10
   189.0000       2.36103380E-10       1.66568903E-09       2.08926845E-09       9.91720108E-10
   189.1000       2.36553896E-10       1.66886597E-09       2.09323539E-09       9.93607946E-10
   189.2000       2.37005107E-10       1.67204788E-09       2.09720839E-09       9.95498691E-10
   189.3000       2.37457012E-10       1.67523479E-09       2.10118741E-09       9.97392321E-10
   189.4000       2.37909612E-10       1.67842666E-09       2.10517231E-09       9.99288773E-10
   189.5000       2.38362907E-10       1.68162342E-09       2.10916302E-09       1.00118802E-09
   189.6000       2.38816900E-10       1.68482508E-09       2.11315947E-09       1.00309004E-09
   189.7000       2.39271591E-10       1.68803168E-09       2.11716199E-09       1.00499498E-09
   189.8000       2.39726980E-10       1.69124319E-09       2.12117055E-09       1.00690282E-09
   189.9000       2.40183070E-10       1.69445966E-09       2.12518539E-09       1.00881366E-09
   190.0000       2.40639860E-10       1.69768105E-09       2.12920643E-09       1.01072749E-09
   190.1000       2.41097352E-10       1.70090740E-09       2.13323357E-09       1.01264431E-09
   190.2000       2.41555548E-10       1.70413861E-09       2.13726703E-09       1.01456414E-09
   190.3000       2.42014448E-10       1.70737480E-09       2.14130683E-09       1.01648700E-09
   190.4000       2.42474055E-10       1.71061597E-09       2.14535286E-09       1.01841291E-09
   190.5000       2.42934369E-10       1.71386212E-09       2.14940530E-09       1.02034188E-09
   190.6000       2.43395391E-10       1.71711321E-09       2.15346398E-09       1.02227382E-09
   190.7000       2.43857124E-10       1.72036925E-09       2.15752902E-09       1.02420881E-09
   190.8000       2.44319568E-10       1.72363025E-09       2.16160036E-09       1.02614680E-09
   190.9000       2.44782724E-10       1.72689624E-09       2.16567799E-09       1.02808779E-09
   191.0000       2.45246596E-10       1.73016713E-09       2.16976178E-09       1.03003168E-09
   191.1000       2.45711183E-10       1.73344291E-09       2.17385180E-09       1.03197848E-09
   191.2000       2.46176487E-10       1.73672366E-09       2.17794795E-09       1.03392821E-09
   191.3000       2.46642509E-10       1.74000941E-09       2.18205011E-09       1.03588084E-09
   191.4000       2.47109251E-10       1.74330019E-09       2.18615849E-09       1.03783649E-09
   191.5000       2.47576713E-10       1.74659600E-09       2.19027299E-09       1.03979511E-09
   191.6000       2.48044898E-10       1.74989687E-09       2.19439344E-09       1.04175665E-09
   191.7000       2.48513806E-10       1.75320279E-09       2.19851981E-09       1.04372107E-09
   191.8000       2.48983438E-10       1.75651374E-09       2.20265222E-09       1.04568840E-09
   191.9000       2.49453796E-10       1.75982976E-09       2.20679082E-09       1.04765873E-09
   192.0000       2.49924880E-10       1.76315090E-09       2.21093582E-09       1.04963212E-09
   192.1000       2.50396690E-10       1.76647721E-09       2.21508726E-09       1.05160861E-09
   192.2000       2.50869228E-10       1.76980861E-09       2.21924521E-09       1.05358817E-09
   192.3000       2.51342495E-10       1.77314516E-09       2.22340979E-09       1.05557086E-09
   192.4000       2.51816491E-10       1.77648682E-09       2.22758110E-09       1.05755663E-09
   192.5000       2.52291217E-10       1.77983363E-09       2.23175905E-09       1.05954551E-09
   192.6000       2.52766672E-10       1.78318552E-09       2.23594355E-09       1.06153740E-09
   192.7000       2.53242858E-10       1.78654256E-09       2.24013456E-09       1.06353235E-09
   192.8000       2.53719776E-10       1.78990482E-09       2.24433209E-09       1.06553039E-09
   192.9000       2.54197425E-10       1.79327232E-09       2.24853625E-09       1.06753162E-09
   193.0000       2.54675806E-10       1.79664507E-09       2.25274708E-09       1.06953604E-09
   193.1000       2.55154920E-10       1.80002299E-09       2.25696421E-09       1.07154336E-09
   193.2000       2.55634766E-10       1.80340611E-09       2.26118782E-09       1.07355372E-09
   193.3000       2.56115344E-10       1.80679445E-09       2.26541797E-09       1.07556718E-09
   193.4000       2.56596657E-10       1.81018805E-09       2.26965466E-09       1.07758382E-09
   193.5000       2.57078703E-10       1.81358686E-09       2.27389764E-09       1.07960347E-09
   193.6000       2.57561483E-10       1.81699082E-09       2.27814714E-09       1.08162611E-09
   193.7000       2.58044997E-10       1.82040002E-09       2.28240307E-09       1.08365184E-09
   193.8000       2.58529246E-10       1.82381439E-09       2.28666553E-09       1.08568059E-09
   193.9000       2.59014231E-10       1.82723408E-09       2.29093470E-09       1.08771257E-09
   194.0000       2.59499952E-10       1.83065903E-09       2.29521060E-09       1.08974772E-09
   194.1000       2.59986409E-10       1.83408924E-09       2.29949322E-09       1.09178607E-09
   194.2000       2.60473604E-10       1.83752469E-09       2.30378230E-09       1.09382748E-09
   194.3000       2.60961537E-10       1.84096547E-09       2.30807805E-09       1.09587213E-09
   194.4000       2.61450208E-10       1.84441151E-09       2.31238032E-09       1.09791991E-09
   194.5000       2.61939619E-10       1.84786278E-09       2.31668925E-09       1.09997082E-09
   194.6000       2.62429772E-10       1.85131944E-09       2.32100471E-09       1.10202497E-09
   194.7000       2.62920666E-10       1.85478135E-09       2.32532676E-09       1.10408223E-09
   194.8000       2.63412302E-10       1.85824853E-09       2.32965534E-09       1.10614258E-09
   194.9000       2.63904683E-10       1.86172100E-09       2.33399060E-09       1.10820615E-09
   195.0000       2.64397808E-10       1.86519877E-09       2.33833259E-09       1.11027287E-09
   195.1000       2.64891680E-10       1.86868183E-09       2.34268138E-09       1.11234280E-09
   195.2000       2.65386299E-10       1.87217024E-09       2.34703689E-09       1.11441594E-09
   195.3000       2.65881667E-10       1.87566394E-09       2.35139919E-09       1.11649224E-09
   195.4000       2.66377786E-10       1.87916300E-09       2.35576812E-09       1.11857170E-09
   195.5000       2.66874656E-10       1.88266752E-09       2.36014383E-09       1.12065444E-09
   195.6000       2.67372280E-10       1.88617741E-09       2.36452623E-09       1.12274037E-09
   195.7000       2.67870658E-10       1.88969279E-09       2.36891550E-09       1.12482964E-09
   195.8000       2.68369793E-10       1.89321354E-09       2.37331174E-09       1.12692215E-09
   195.9000       2.68869685E-10       1.89673969E-09       2.37771460E-09       1.12901779E-09
   196.0000       2.69370336E-10       1.90027119E-09       2.38212393E-09       1.13111647E-09
   196.1000       2.69871748E-10       1.90380817E-09       2.38654009E-09       1.13321842E-09
   196.2000       2.70373922E-10       1.90735066E-09       2.39096310E-09       1.13532372E-09
   196.3000       2.70876859E-10       1.91089863E-09       2.39539280E-09       1.13743225E-09
   196.4000       2.71380562E-10       1.91445216E-09       2.39982920E-09       1.13954408E-09
   196.5000       2.71885031E-10       1.91801117E-09       2.40427246E-09       1.14165917E-09
   196.6000       2.72390269E-10       1.92157568E-09       2.40872267E-09       1.14377755E-09
   196.7000       2.72896275E-10       1.92514574E-09       2.41317982E-09       1.14589925E-09
   196.8000       2.73403053E-10       1.92872135E-09       2.41764389E-09       1.14802424E-09
   196.9000       2.73910603E-10       1.93230252E-09       2.42211518E-09       1.15015261E-09
   197.0000       2.74418927E-10       1.93588918E-09       2.42659333E-09       1.15228417E-09
   197.1000       2.74928026E-10       1.93948134E-09       2.43107845E-09       1.15441891E-09
   197.2000       2.75437901E-10       1.94307893E-09       2.43557040E-09       1.15655675E-09
   197.3000       2.75948554E-10       1.94668208E-09       2.44006914E-09       1.15869779E-09
   197.4000       2.76459985E-10       1.95029074E-09       2.44457476E-09       1.16084207E-09
   197.5000       2.76972197E-10       1.95390494E-09       2.44908733E-09       1.16298962E-09
   197.6000       2.77485191E-10       1.95752472E-09       2.45360681E-09       1.16514050E-09
   197.7000       2.77998967E-10       1.96115002E-09       2.45813353E-09       1.16729475E-09
   197.8000       2.78513527E-10       1.96478084E-09       2.46266733E-09       1.16945229E-09
   197.9000       2.79028873E-10       1.96841718E-09       2.46720807E-09       1.17161311E-09
   198.0000       2.79545004E-10       1.97205899E-09       2.47175569E-09       1.17377715E-09
   198.1000       2.80061923E-10       1.97570633E-09       2.47631020E-09       1.17594450E-09
   198.2000       2.80579632E-10       1.97935921E-09       2.48087161E-09       1.17811520E-09
   198.3000       2.81098130E-10       1.98301764E-09       2.48544006E-09       1.18028929E-09
   198.4000       2.81617419E-10       1.98668169E-09       2.49001544E-09       1.18246678E-09
   198.5000       2.82137501E-10       1.99035128E-09       2.49459741E-09       1.18464746E-09
   198.6000       2.82658377E-10       1.99402640E-09       2.49918615E-09       1.18683141E-09
   198.7000       2.83180047E-10       1.99770705E-09       2.50378169E-09       1.18901859E-09
   198.8000       2.83702513E-10       2.00139323E-09       2.50838401E-09       1.19120902E-09
   198.9000       2.84225776E-10       2.00508501E-09       2.51299325E-09       1.19340280E-09
   199.0000       2.84749837E-10       2.00878243E-09       2.51760986E-09       1.19560009E-09
   199.1000       2.85274698E-10       2.01248539E-09       2.52223372E-09       1.19780080E-09
   199.2000       2.85800359E-10       2.01619397E-09       2.52686462E-09       1.20000490E-09
   199.3000       2.86326822E-10       2.01990820E-09       2.53150256E-09       1.20221234E-09
   199.4000       2.86854088E-10       2.02362803E-09       2.53614750E-09       1.20442311E-09
   199.5000       2.87382157E-10       2.02735339E-09       2.54079949E-09       1.20663717E-09
   199.6000       2.87911032E-10       2.03108438E-09       2.54545840E-09       1.20885453E-09
   199.7000       2.88440713E-10       2.03482101E-09       2.55012433E-09       1.21107526E-09
   199.8000       2.88971201E-10       2.03856336E-09       2.55479735E-09       1.21329943E-09
   199.9000       2.89502497E-10       2.04231149E-09       2.55947738E-09       1.21552707E-09
   200.0000       2.90034603E-10       2.04606528E-09       2.56416411E-09       1.21775794E-09
   200.1000       2.90567518E-10       2.04982479E-09       2.56885770E-09       1.21999215E-09
   200.2000       2.91101246E-10       2.05359002E-09       2.57355833E-09       1.22222975E-09
   200.3000       2.91635786E-10       2.05736106E-09       2.57826586E-09       1.22447075E-09
   200.4000       2.92171138E-10       2.06113776E-09       2.58298023E-09       1.22671499E-09
   200.5000       2.92707306E-10       2.06492026E-09       2.58770185E-09       1.22896279E-09
   200.6000       2.93244288E-10       2.06870853E-09       2.59243070E-09       1.23121408E-09
   200.7000       2.93782086E-10       2.07250261E-09       2.59716673E-09       1.23346890E-09
   200.8000       2.94320701E-10       2.07630249E-09       2.60191001E-09       1.23572716E-09
   200.9000       2.94860134E-10       2.08010821E-09       2.60666055E-09       1.23798891E-09
   201.0000       2.95400386E-10       2.08391979E-09       2.61141828E-09       1.24025410E-09
   201.1000       2.95941457E-10       2.08773720E-09       2.61618309E-09       1.24252268E-09
   201.2000       2.96483349E-10       2.09156045E-09       2.62095511E-09       1.24479467E-09
   201.3000       2.97026062E-10       2.09538952E-09       2.62573442E-09       1.24707009E-09
   201.4000       2.97569596E-10       2.09922442E-09       2.63052104E-09       1.24934893E-09
   201.5000       2.98113954E-10       2.10306518E-09       2.63531499E-09       1.25163122E-09
   201.6000       2.98659135E-10       2.10691174E-09       2.64011627E-09       1.25391692E-09
   201.7000       2.99205142E-10       2.11076412E-09       2.64492488E-09       1.25620604E-09
   201.8000       2.99751973E-10       2.11462240E-09       2.64974084E-09       1.25849864E-09
   201.9000       3.00299631E-10       2.11848647E-09       2.65456383E-09       1.26079450E-09
   202.0000       3.00848116E-10       2.12235640E-09       2.65939418E-09       1.26309384E-09
   202.1000       3.01397429E-10       2.12623229E-09       2.66423199E-09       1.26539679E-09
   202.2000       3.01947571E-10       2.13011409E-09       2.66907733E-09       1.26770332E-09
   202.3000       3.02498544E-10       2.13400178E-09       2.67392982E-09       1.27001324E-09
   202.4000       3.03050347E-10       2.13789538E-09       2.67878968E-09       1.27232667E-09
   202.5000       3.03602983E-10       2.14179482E-09       2.68365714E-09       1.27464363E-09
   202.6000       3.04156451E-10       2.14570009E-09       2.68853228E-09       1.27696414E-09
   202.7000       3.04710753E-10       2.14961129E-09       2.69341458E-09       1.27928809E-09
   202.8000       3.05265891E-10       2.15352839E-09       2.69830450E-09       1.28161561E-09
   202.9000       3.05821865E-10       2.15745137E-09       2.70320201E-09       1.28394672E-09
   203.0000       3.06378677E-10       2.16138020E-09       2.70810694E-09       1.28628129E-09
   203.1000       3.06936327E-10       2.16531494E-09       2.71301948E-09       1.28861945E-09
   203.2000       3.07494817E-10       2.16925565E-09       2.71793965E-09       1.29096128E-09
   203.3000       3.08054148E-10       2.17320232E-09       2.72286743E-09       1.29330672E-09
   203.4000       3.08614321E-10       2.17715491E-09       2.72780260E-09       1.29565569E-09
   203.5000       3.09175338E-10       2.18111343E-09       2.73274547E-09       1.29800831E-09
   203.6000       3.09737199E-10       2.18507792E-09       2.73769593E-09       1.30036451E-09
   203.7000       3.10299905E-10       2.18904832E-09       2.74265385E-09       1.30272416E-09
   203.8000       3.10863460E-10       2.19302455E-09       2.74761904E-09       1.30508715E-09
   203.9000       3.11427862E-10       2.19700671E-09       2.75259159E-09       1.30745355E-09
   204.0000       3.11993113E-10       2.20099481E-09       2.75757152E-09       1.30982345E-09
   204.1000       3.12559216E-10       2.20498887E-09       2.76255887E-09       1.31219689E-09
   204.2000       3.13126169E-10       2.20898896E-09       2.76755378E-09       1.31457398E-09
   204.3000       3.13693977E-10       2.21299510E-09       2.77255635E-09       1.31695480E-09
   204.4000       3.14262638E-10       2.21700725E-09       2.77756638E-09       1.31933921E-09
   204.5000       3.14832154E-10       2.22102555E-09       2.78258393E-09       1.32172734E-09
   204.6000       3.15402527E-10       2.22504991E-09       2.78760906E-09       1.32411912E-09
   204.7000       3.15973756E-10       2.22908036E-09       2.79264173E-09       1.32651459E-09
   204.8000       3.16545845E-10       2.23311690E-09       2.79768175E-09       1.32891365E-09
   204.9000       3.17118793E-10       2.23715955E-09       2.80272933E-09       1.33131640E-09
   205.0000       3.17692601E-10       2.24120830E-09       2.80778478E-09       1.33372282E-09
   205.1000       3.18267270E-10       2.24526318E-09       2.81284797E-09       1.33613293E-09
   205.2000       3.18842802E-10       2.24932422E-09       2.81791846E-09       1.33854656E-09
   205.3000       3.19419197E-10       2.25339143E-09       2.82299651E-09       1.34096376E-09
   205.4000       3.19996456E-10       2.25746477E-09       2.82808189E-09       1.34338448E-09
   205.5000       3.20574581E-10       2.26154428E-09       2.83317470E-09       1.34580877E-09
   205.6000       3.21153571E-10       2.26562998E-09       2.83827501E-09       1.34823668E-09
   205.7000       3.21733428E-10       2.26972192E-09       2.84338313E-09       1.35066836E-09
   205.8000       3.22314152E-10       2.27382023E-09       2.84849918E-09       1.35310393E-09
   205.9000       3.22895745E-10       2.27792480E-09       2.85362301E-09       1.35554323E-09
   206.0000       3.23478208E-10       2.28203569E-09       2.85875464E-09       1.35798635E-09
   206.1000       3.24061541E-10       2.28615270E-09       2.86389407E-09       1.36043305E-09
   206.2000       3.24645745E-10       2.29027587E-09       2.86904116E-09       1.36288329E-09
   206.3000       3.25230822E-10       2.29440534E-09       2.87419615E-09       1.36533731E-09
   206.4000       3.25816772E-10       2.29854107E-09       2.87935900E-09       1.36779500E-09
   206.5000       3.26403596E-10       2.30268308E-09       2.88452977E-09       1.37025644E-09
   206.6000       3.26991295E-10       2.30683128E-09       2.88970831E-09       1.37272144E-09
   206.7000       3.27579871E-10       2.31098572E-09       2.89489482E-09       1.37519017E-09
   206.8000       3.28169324E-10       2.31514650E-09       2.90008906E-09       1.37766262E-09
   206.9000       3.28759656E-10       2.31931353E-09       2.90529108E-09       1.38013879E-09
   207.0000       3.29350869E-10       2.32348683E-09       2.91050097E-09       1.38261868E-09
   207.1000       3.29942963E-10       2.32766644E-09       2.91571857E-09       1.38510228E-09
   207.2000       3.30535939E-10       2.33185229E-09       2.92094400E-09       1.38758958E-09
   207.3000       3.31129800E-10       2.33604437E-09       2.92617731E-09       1.39008053E-09
   207.4000       3.31724546E-10       2.34024266E-09       2.93141837E-09       1.39257511E-09
   207.5000       3.32320180E-10       2.34444727E-09       2.93666731E-09       1.39507351E-09
   207.6000       3.32916702E-10       2.34865816E-09       2.94192398E-09       1.39757560E-09
   207.7000       3.33514114E-10       2.35287530E-09       2.94718845E-09       1.40008136E-09
   207.8000       3.34112418E-10       2.35709866E-09       2.95246066E-09       1.40259079E-09
   207.9000       3.34711617E-10       2.36132833E-09       2.95774070E-09       1.40510402E-09
   208.0000       3.35311709E-10       2.36556427E-09       2.96302859E-09       1.40762099E-09
   208.1000       3.35912699E-10       2.36980646E-09       2.96832424E-09       1.41014162E-09
   208.2000       3.36514588E-10       2.37405488E-09       2.97362776E-09       1.41266596E-09
   208.3000       3.37117376E-10       2.37830954E-09       2.97893918E-09       1.41519398E-09
   208.4000       3.37721067E-10       2.38257043E-09       2.98425831E-09       1.41772566E-09
   208.5000       3.38325661E-10       2.38683766E-09       2.98958537E-09       1.42026117E-09
   208.6000       3.38931160E-10       2.39111110E-09       2.99492024E-09       1.42280035E-09
   208.7000       3.39537567E-10       2.39539089E-09       3.00026293E-09       1.42534328E-09
   208.8000       3.40144881E-10       2.39967709E-09       3.00561359E-09       1.42789014E-09
   208.9000       3.40753106E-10       2.40396966E-09       3.01097212E-09       1.43044080E-09
   209.0000       3.41362241E-10       2.40826859E-09       3.01633849E-09       1.43299524E-09
   209.1000       3.41972290E-10       2.41257384E-09       3.02171272E-09       1.43555338E-09
   209.2000       3.42583252E-10       2.41688547E-09       3.02709499E-09       1.43811535E-09
   209.3000       3.43195131E-10       2.42120345E-09       3.03248536E-09       1.44068113E-09
   209.4000       3.43807925E-10       2.42552783E-09       3.03788378E-09       1.44325074E-09
   209.5000       3.44421636E-10       2.42985855E-09       3.04329024E-09       1.44582414E-09
   209.6000       3.45036267E-10       2.43419567E-09       3.04870489E-09       1.44840142E-09
   209.7000       3.45651817E-10       2.43853920E-09       3.05412791E-09       1.45098270E-09
   209.8000       3.46268287E-10       2.44288914E-09       3.05955907E-09       1.45356787E-09
   209.9000       3.46885678E-10       2.44724551E-09       3.06499828E-09       1.45615687E-09
   210.0000       3.47503991E-10       2.45160830E-09       3.07044535E-09       1.45874960E-09
   210.1000       3.48123226E-10       2.45597759E-09       3.07590037E-09       1.46134616E-09
   210.2000       3.48743384E-10       2.46035334E-09       3.08136336E-09       1.46394658E-09
   210.3000       3.49364466E-10       2.46473561E-09       3.08683449E-09       1.46655095E-09
   210.4000       3.49986472E-10       2.46912436E-09       3.09231365E-09       1.46915916E-09
   210.5000       3.50609402E-10       2.47351959E-09       3.09780096E-09       1.47177124E-09
   210.6000       3.51233256E-10       2.47792136E-09       3.10329650E-09       1.47438725E-09
   210.7000       3.51858036E-10       2.48232975E-09       3.10880013E-09       1.47700723E-09
   210.8000       3.52483741E-10       2.48674470E-09       3.11431172E-09       1.47963105E-09
   210.9000       3.53110371E-10       2.49116621E-09       3.11983153E-09       1.48225879E-09
   211.0000       3.53737928E-10       2.49559434E-09       3.12535958E-09       1.48489044E-09
   211.1000       3.54366410E-10       2.50002912E-09       3.13089576E-09       1.48752603E-09
   211.2000       3.54995820E-10       2.50447055E-09       3.13644044E-09       1.49016567E-09
   211.3000       3.55626156E-10       2.50891867E-09       3.14199359E-09       1.49280936E-09
   211.4000       3.56257420E-10       2.51337340E-09       3.14755472E-09       1.49545681E-09
   211.5000       3.56889611E-10       2.51783484E-09       3.15312427E-09       1.49810828E-09
   211.6000       3.57522732E-10       2.52230308E-09       3.15870228E-09       1.50076378E-09
   211.7000       3.58156781E-10       2.52677803E-09       3.16428862E-09       1.50342326E-09
   211.8000       3.58791760E-10       2.53125966E-09       3.16988319E-09       1.50608661E-09
   211.9000       3.59427670E-10       2.53574799E-09       3.17548595E-09       1.50875382E-09
   212.0000       3.60064512E-10       2.54024301E-09       3.18109686E-09       1.51142493E-09
   212.1000       3.60702286E-10       2.54474480E-09       3.18671584E-09       1.51409992E-09
   212.2000       3.61340993E-10       2.54925335E-09       3.19234320E-09       1.51677895E-09
   212.3000       3.61980635E-10       2.55376865E-09       3.19797912E-09       1.51946200E-09
   212.4000       3.62621213E-10       2.55829062E-09       3.20362336E-09       1.52214896E-09
   212.5000       3.63262729E-10       2.56281926E-09       3.20927591E-09       1.52483981E-09
   212.6000       3.63905183E-10       2.56735459E-09       3.21493680E-09       1.52753457E-09
   212.7000       3.64548577E-10       2.57189659E-09       3.22060589E-09       1.53023320E-09
   212.8000       3.65192914E-10       2.57644534E-09       3.22628361E-09       1.53293590E-09
   212.9000       3.65838194E-10       2.58100085E-09       3.23196997E-09       1.53564267E-09
   213.0000       3.66484420E-10       2.58556317E-09       3.23766481E-09       1.53835353E-09
   213.1000       3.67131593E-10       2.59013232E-09       3.24336812E-09       1.54106848E-09
   213.2000       3.67779716E-10       2.59470830E-09       3.24908013E-09       1.54378756E-09
   213.3000       3.68428790E-10       2.59929097E-09       3.25480097E-09       1.54651073E-09
   213.4000       3.69078817E-10       2.60388043E-09       3.26053039E-09       1.54923797E-09
   213.5000       3.69729800E-10       2.60847671E-09       3.26626874E-09       1.55196945E-09
   213.6000       3.70381740E-10       2.61307976E-09       3.27201530E-09       1.55470477E-09
   213.7000       3.71034640E-10       2.61768959E-09       3.27777026E-09       1.55744405E-09
   213.8000       3.71688501E-10       2.62230611E-09       3.28353356E-09       1.56018719E-09
   213.9000       3.72343327E-10       2.62692933E-09       3.28930525E-09       1.56293418E-09
   214.0000       3.72999119E-10       2.63155937E-09       3.29508548E-09       1.56568525E-09
   214.1000       3.73655879E-10       2.63619626E-09       3.30087443E-09       1.56844048E-09
   214.2000       3.74313609E-10       2.64083994E-09       3.30667180E-09       1.57119977E-09
   214.3000       3.74972310E-10       2.64549046E-09       3.31247793E-09       1.57396328E-09
   214.4000       3.75631986E-10       2.65014792E-09       3.31829259E-09       1.57673098E-09
   214.5000       3.76292638E-10       2.65481216E-09       3.32411574E-09       1.57950268E-09
   214.6000       3.76954268E-10       2.65948324E-09       3.32994761E-09       1.58227849E-09
   214.7000       3.77616877E-10       2.66416133E-09       3.33578849E-09       1.58505867E-09
   214.8000       3.78280467E-10       2.66884634E-09       3.34163791E-09       1.58784297E-09
   214.9000       3.78945040E-10       2.67353824E-09       3.34749605E-09       1.59063144E-09
   215.0000       3.79610598E-10       2.67823708E-09       3.35336285E-09       1.59342408E-09
   215.1000       3.80277141E-10       2.68294290E-09       3.35923844E-09       1.59622092E-09
   215.2000       3.80944671E-10       2.68765579E-09       3.36512306E-09       1.59902211E-09
   215.3000       3.81613190E-10       2.69237578E-09       3.37101687E-09       1.60182768E-09
   215.4000       3.82282699E-10       2.69710278E-09       3.37691973E-09       1.60463746E-09
   215.5000       3.82953199E-10       2.70183681E-09       3.38283127E-09       1.60745131E-09
   215.6000       3.83624690E-10       2.70657782E-09       3.38875138E-09       1.61026917E-09
   215.7000       3.84297175E-10       2.71132589E-09       3.39468034E-09       1.61309117E-09
   215.8000       3.84970654E-10       2.71608101E-09       3.40061811E-09       1.61591733E-09
   215.9000       3.85645128E-10       2.72084310E-09       3.40656467E-09       1.61874753E-09
   216.0000       3.86320598E-10       2.72561226E-09       3.41252028E-09       1.62158195E-09
   216.1000       3.86997065E-10       2.73038843E-09       3.41848468E-09       1.62442046E-09
   216.2000       3.87674531E-10       2.73517170E-09       3.42445783E-09       1.62726311E-09
   216.3000       3.88352995E-10       2.73996207E-09       3.43043976E-09       1.63010993E-09
   216.4000       3.89032458E-10       2.74475946E-09       3.43643058E-09       1.63296092E-09
   216.5000       3.89712922E-10       2.74956393E-09       3.44243051E-09       1.63581617E-09
   216.6000       3.90394388E-10       2.75437540E-09       3.44843906E-09       1.63867542E-09
   216.7000       3.91076856E-10       2.75919399E-09       3.45445636E-09       1.64153890E-09
   216.8000       3.91760328E-10       2.76401963E-09       3.46048244E-09       1.64440657E-09
   216.9000       3.92444805E-10       2.76885244E-09       3.46651730E-09       1.64727851E-09
   217.0000       3.93130287E-10       2.77369231E-09       3.47256098E-09       1.65015465E-09
   217.1000       3.93816775E-10       2.77853929E-09       3.47861343E-09       1.65303504E-09
   217.2000       3.94504271E-10       2.78339337E-09       3.48467484E-09       1.65591972E-09
   217.3000       3.95192776E-10       2.78825452E-09       3.49074490E-09       1.65880858E-09
   217.4000       3.95882291E-10       2.79312283E-09       3.49682364E-09       1.66170168E-09
   217.5000       3.96572818E-10       2.79799831E-09       3.50291136E-09       1.66459916E-09
   217.6000       3.97264357E-10       2.80288092E-09       3.50900805E-09       1.66750097E-09
   217.7000       3.97956910E-10       2.80777069E-09       3.51511348E-09       1.67040705E-09
   217.8000       3.98650478E-10       2.81266752E-09       3.52122737E-09       1.67331717E-09
   217.9000       3.99345064E-10       2.81757158E-09       3.52735025E-09       1.67623165E-09
   218.0000       4.00040667E-10       2.82248296E-09       3.53348203E-09       1.67915053E-09
   218.1000       4.00737290E-10       2.82740154E-09       3.53962255E-09       1.68207364E-09
   218.2000       4.01434935E-10       2.83232738E-09       3.54577219E-09       1.68500113E-09
   218.3000       4.02133601E-10       2.83726063E-09       3.55193130E-09       1.68793321E-09
   218.4000       4.02833292E-10       2.84220114E-09       3.55809939E-09       1.69086955E-09
   218.5000       4.03534009E-10       2.84714895E-09       3.56427664E-09       1.69381024E-09
   218.6000       4.04235752E-10       2.85210407E-09       3.57046305E-09       1.69675527E-09
   218.7000       4.04938525E-10       2.85706664E-09       3.57665892E-09       1.69970490E-09
   218.8000       4.05642328E-10       2.86203664E-09       3.58286442E-09       1.70265909E-09
   218.9000       4.06347162E-10       2.86701389E-09       3.58907918E-09       1.70561750E-09
   219.0000       4.07053030E-10       2.87199865E-09       3.59530337E-09       1.70858036E-09
   219.1000       4.07759932E-10       2.87699086E-09       3.60153706E-09       1.71154770E-09
   219.2000       4.08467871E-10       2.88199045E-09       3.60778006E-09       1.71451942E-09
   219.3000       4.09176848E-10       2.88699747E-09       3.61403274E-09       1.71749557E-09
   219.4000       4.09886863E-10       2.89201188E-09       3.62029479E-09       1.72047607E-09
   219.5000       4.10597919E-10       2.89703373E-09       3.62656636E-09       1.72346099E-09
   219.6000       4.11310017E-10       2.90206302E-09       3.63284694E-09       1.72645013E-09
   219.7000       4.12023159E-10       2.90709973E-09       3.63913649E-09       1.72944348E-09
   219.8000       4.12737346E-10       2.91214386E-09       3.64543553E-09       1.73244123E-09
   219.9000       4.13452579E-10       2.91719553E-09       3.65174411E-09       1.73544349E-09
   220.0000       4.14168860E-10       2.92225463E-09       3.65806186E-09       1.73845001E-09
   220.1000       4.14886191E-10       2.92732122E-09       3.66438889E-09       1.74146098E-09
   220.2000       4.15604572E-10       2.93239532E-09       3.67072549E-09       1.74447648E-09
   220.3000       4.16324005E-10       2.93747692E-09       3.67707140E-09       1.74749641E-09
   220.4000       4.17044493E-10       2.94256610E-09       3.68342668E-09       1.75052081E-09
   220.5000       4.17766035E-10       2.94766276E-09       3.68979139E-09       1.75354964E-09
   220.6000       4.18488635E-10       2.95276683E-09       3.69616537E-09       1.75658278E-09
   220.7000       4.19212293E-10       2.95787841E-09       3.70254857E-09       1.75962035E-09
   220.8000       4.19937010E-10       2.96299758E-09       3.70894115E-09       1.76266249E-09
   220.9000       4.20662790E-10       2.96812438E-09       3.71534306E-09       1.76570924E-09
   221.0000       4.21389633E-10       2.97325879E-09       3.72175413E-09       1.76876050E-09
   221.1000       4.22117541E-10       2.97840086E-09       3.72817459E-09       1.77181640E-09
   221.2000       4.22846517E-10       2.98355043E-09       3.73460419E-09       1.77487667E-09
   221.3000       4.23576560E-10       2.98870754E-09       3.74104309E-09       1.77794142E-09
   221.4000       4.24307675E-10       2.99387227E-09       3.74749141E-09       1.78101067E-09
   221.5000       4.25039862E-10       2.99904458E-09       3.75394895E-09       1.78408438E-09
   221.6000       4.25773123E-10       3.00422455E-09       3.76041613E-09       1.78716280E-09
   221.7000       4.26507460E-10       3.00941218E-09       3.76689296E-09       1.79024585E-09
   221.8000       4.27242876E-10       3.01460755E-09       3.77337954E-09       1.79333364E-09
   221.9000       4.27979373E-10       3.01981074E-09       3.77987583E-09       1.79642614E-09
   222.0000       4.28716950E-10       3.02502156E-09       3.78638158E-09       1.79952315E-09
   222.1000       4.29455612E-10       3.03023991E-09       3.79289665E-09       1.80262446E-09
   222.2000       4.30195361E-10       3.03546587E-09       3.79942114E-09       1.80573017E-09
   222.3000       4.30936197E-10       3.04069944E-09       3.80595520E-09       1.80884039E-09
   222.4000       4.31678123E-10       3.04594069E-09       3.81249879E-09       1.81195511E-09
   222.5000       4.32421142E-10       3.05118956E-09       3.81905181E-09       1.81507426E-09
   222.6000       4.33165254E-10       3.05644612E-09       3.82561445E-09       1.81819791E-09
   222.7000       4.33910462E-10       3.06171040E-09       3.83218696E-09       1.82132625E-09
   222.8000       4.34656767E-10       3.06698244E-09       3.83876928E-09       1.82445927E-09
   222.9000       4.35404172E-10       3.07226221E-09       3.84536114E-09       1.82759684E-09
   223.0000       4.36152677E-10       3.07754963E-09       3.85196253E-09       1.83073887E-09
   223.1000       4.36902285E-10       3.08284466E-09       3.85857341E-09       1.83388532E-09
   223.2000       4.37652998E-10       3.08814739E-09       3.86519386E-09       1.83703625E-09
   223.3000       4.38404817E-10       3.09345790E-09       3.87182391E-09       1.84019181E-09
   223.4000       4.39157743E-10       3.09877617E-09       3.87846377E-09       1.84335208E-09
   223.5000       4.39911777E-10       3.10410220E-09       3.88511306E-09       1.84651689E-09
   223.6000       4.40666922E-10       3.10943592E-09       3.89177162E-09       1.84968616E-09
   223.7000       4.41423178E-10       3.11477731E-09       3.89843969E-09       1.85285995E-09
   223.8000       4.42180547E-10       3.12012635E-09       3.90511718E-09       1.85603822E-09
   223.9000       4.42939030E-10       3.12548313E-09       3.91180436E-09       1.85922116E-09
   224.0000       4.43698627E-10       3.13084762E-09       3.91850103E-09       1.86240865E-09
   224.1000       4.44459341E-10       3.13621981E-09       3.92520703E-09       1.86560066E-09
   224.2000       4.45221171E-10       3.14159973E-09       3.93192282E-09       1.86879740E-09
   224.3000       4.45984118E-10       3.14698748E-09       3.93864832E-09       1.87199892E-09
   224.4000       4.46748184E-10       3.15238306E-09       3.94538380E-09       1.87520522E-09
   224.5000       4.47513369E-10       3.15778641E-09       3.95212923E-09       1.87841632E-09
   224.6000       4.48279674E-10       3.16319754E-09       3.95888451E-09       1.88163209E-09
   224.7000       4.49047098E-10       3.16861645E-09       3.96564953E-09       1.88485247E-09
   224.8000       4.49815645E-10       3.17404318E-09       3.97242447E-09       1.88807755E-09
   224.9000       4.50585312E-10       3.17947779E-09       3.97920933E-09       1.89130737E-09
   225.0000       4.51356102E-10       3.18492024E-09       3.98600417E-09       1.89454189E-09
   225.1000       4.52128013E-10       3.19037049E-09       3.99280919E-09       1.89778117E-09
   225.2000       4.52901047E-10       3.19582860E-09       3.99962415E-09       1.90102509E-09
   225.3000       4.53675206E-10       3.20129472E-09       4.00644920E-09       1.90427384E-09
   225.4000       4.54450487E-10       3.20676870E-09       4.01328408E-09       1.90752720E-09
   225.5000       4.55226893E-10       3.21225071E-09       4.02012893E-09       1.91078535E-09
   225.6000       4.56004423E-10       3.21774079E-09       4.02698379E-09       1.91404830E-09
   225.7000       4.56783078E-10       3.22323894E-09       4.03384900E-09       1.91731621E-09
   225.8000       4.57562859E-10       3.22874516E-09       4.04072441E-09       1.92058895E-09
   225.9000       4.58343765E-10       3.23425944E-09       4.04761006E-09       1.92386651E-09
   226.0000       4.59125797E-10       3.23978177E-09       4.05450579E-09       1.92714879E-09
   226.1000       4.59908956E-10       3.24531230E-09       4.06141162E-09       1.93043590E-09
   226.2000       4.60693243E-10       3.25085090E-09       4.06832765E-09       1.93372776E-09
   226.3000       4.61478657E-10       3.25639756E-09       4.07525371E-09       1.93702432E-09
   226.4000       4.62265200E-10       3.26195236E-09       4.08219023E-09       1.94032583E-09
   226.5000       4.63052873E-10       3.26751529E-09       4.08913691E-09       1.94363213E-09
   226.6000       4.63841677E-10       3.27308649E-09       4.09609378E-09       1.94694334E-09
   226.7000       4.64631612E-10       3.27866585E-09       4.10306045E-09       1.95025924E-09
   226.8000       4.65422679E-10       3.28425346E-09       4.11003738E-09       1.95358011E-09
   226.9000       4.66214881E-10       3.28984936E-09       4.11702439E-09       1.95690588E-09
   227.0000       4.67008217E-10       3.29545340E-09       4.12402120E-09       1.96023632E-09
   227.1000       4.67802690E-10       3.30106556E-09       4.13102784E-09       1.96357140E-09
   227.2000       4.68598301E-10       3.30668600E-09       4.13804456E-09       1.96691133E-09
   227.3000       4.69395051E-10       3.31231464E-09       4.14507125E-09       1.97025598E-09
   227.4000       4.70192943E-10       3.31795158E-09       4.15210828E-09       1.97360561E-09
   227.5000       4.70991978E-10       3.32359680E-09       4.15915573E-09       1.97696024E-09
   227.6000       4.71792158E-10       3.32925038E-09       4.16621390E-09       1.98032001E-09
   227.7000       4.72593486E-10       3.33491216E-09       4.17328252E-09       1.98368465E-09
   227.8000       4.73395964E-10       3.34058226E-09       4.18036161E-09       1.98705425E-09
   227.9000       4.74199593E-10       3.34626061E-09       4.18745123E-09       1.99042875E-09
   228.0000       4.75004376E-10       3.35194723E-09       4.19455148E-09       1.99380817E-09
   228.1000       4.75810316E-10       3.35764210E-09       4.20166226E-09       1.99719250E-09
   228.2000       4.76617416E-10       3.36334526E-09       4.20878352E-09       2.00058174E-09
   228.3000       4.77425677E-10       3.36905675E-09       4.21591530E-09       2.00397596E-09
   228.4000       4.78235103E-10       3.37477655E-09       4.22305738E-09       2.00737510E-09
   228.5000       4.79045696E-10       3.38050468E-09       4.23021007E-09       2.01077922E-09
   228.6000       4.79857459E-10       3.38624109E-09       4.23737316E-09       2.01418823E-09
   228.7000       4.80670395E-10       3.39198579E-09       4.24454691E-09       2.01760221E-09
   228.8000       4.81484507E-10       3.39773883E-09       4.25173130E-09       2.02102127E-09
   228.9000       4.82299797E-10       3.40350016E-09       4.25892594E-09       2.02444524E-09
   229.0000       4.83116268E-10       3.40926975E-09       4.26613113E-09       2.02787417E-09
   229.1000       4.83933923E-10       3.41504763E-09       4.27334680E-09       2.03130808E-09
   229.2000       4.84752765E-10       3.42083383E-09       4.28057278E-09       2.03474690E-09
   229.3000       4.85572796E-10       3.42662843E-09       4.28780904E-09       2.03819069E-09
   229.4000       4.86394019E-10       3.43243136E-09       4.29505589E-09       2.04163948E-09
   229.5000       4.87216436E-10       3.43824263E-09       4.30231324E-09       2.04509334E-09
   229.6000       4.88040050E-10       3.44406223E-09       4.30958116E-09       2.04855223E-09
   229.7000       4.88864863E-10       3.44989015E-09       4.31685973E-09       2.05201620E-09
   229.8000       4.89690878E-10       3.45572648E-09       4.32414892E-09       2.05548531E-09
   229.9000       4.90518096E-10       3.46157124E-09       4.33144835E-09       2.05895939E-09
   230.0000       4.91346520E-10       3.46742442E-09       4.33875856E-09       2.06243861E-09
   230.1000       4.92176152E-10       3.47328608E-09       4.34607945E-09       2.06592296E-09
   230.2000       4.93006993E-10       3.47915629E-09       4.35341103E-09       2.06941248E-09
   230.3000       4.93839044E-10       3.48503506E-09       4.36075315E-09       2.07290706E-09
   230.4000       4.94672309E-10       3.49092240E-09       4.36810607E-09       2.07640677E-09
   230.5000       4.95506788E-10       3.49681834E-09       4.37546962E-09       2.07991159E-09
   230.6000       4.96342482E-10       3.50272288E-09       4.38284407E-09       2.08342157E-09
   230.7000       4.97179393E-10       3.50863609E-09       4.39022937E-09       2.08693672E-09
   230.8000       4.98017521E-10       3.51455795E-09       4.39762543E-09       2.09045694E-09
   230.9000       4.98856869E-10       3.52048839E-09       4.40503204E-09       2.09398205E-09
   231.0000       4.99697437E-10       3.52642757E-09       4.41244930E-09       2.09751226E-09
   231.1000       5.00539226E-10       3.53237542E-09       4.41987742E-09       2.10104756E-09
   231.2000       5.01382237E-10       3.53833205E-09       4.42731654E-09       2.10458810E-09
   231.3000       5.02226471E-10       3.54429744E-09       4.43476673E-09       2.10813378E-09
   231.4000       5.03071929E-10       3.55027154E-09       4.44222801E-09       2.11168461E-09
   231.5000       5.03918611E-10       3.55625442E-09       4.44970001E-09       2.11524052E-09
   231.6000       5.04766519E-10       3.56224603E-09       4.45718259E-09       2.11880147E-09
   231.7000       5.05615654E-10       3.56824645E-09       4.46467581E-09       2.12236759E-09
   231.8000       5.06466016E-10       3.57425564E-09       4.47218009E-09       2.12593904E-09
   231.9000       5.07317606E-10       3.58027353E-09       4.47969552E-09       2.12951570E-09
   232.0000       5.08170426E-10       3.58630014E-09       4.48722195E-09       2.13309754E-09
   232.1000       5.09024476E-10       3.59233552E-09       4.49475914E-09       2.13668444E-09
   232.2000       5.09879757E-10       3.59837978E-09       4.50230705E-09       2.14027649E-09
   232.3000       5.10736272E-10       3.60443285E-09       4.50986574E-09       2.14387369E-09
   232.4000       5.11594020E-10       3.61049480E-09       4.51743550E-09       2.14747625E-09
   232.5000       5.12453004E-10       3.61656560E-09       4.52501660E-09       2.15108425E-09
   232.6000       5.13313225E-10       3.62264535E-09       4.53260883E-09       2.15469766E-09
   232.7000       5.14174685E-10       3.62873390E-09       4.54021202E-09       2.15831624E-09
   232.8000       5.15037384E-10       3.63483126E-09       4.54782611E-09       2.16193991E-09
   232.9000       5.15901326E-10       3.64093752E-09       4.55545106E-09       2.16556883E-09
   233.0000       5.16766512E-10       3.64705268E-09       4.56308692E-09       2.16920302E-09
   233.1000       5.17632944E-10       3.65317663E-09       4.57073398E-09       2.17284251E-09
   233.2000       5.18500623E-10       3.65930942E-09       4.57839228E-09       2.17648729E-09
   233.3000       5.19369553E-10       3.66545109E-09       4.58606180E-09       2.18013736E-09
   233.4000       5.20239735E-10       3.67160159E-09       4.59374253E-09       2.18379268E-09
   233.5000       5.21111171E-10       3.67776093E-09       4.60143419E-09       2.18745318E-09
   233.6000       5.21983864E-10       3.68392922E-09       4.60913685E-09       2.19111904E-09
   233.7000       5.22857817E-10       3.69010629E-09       4.61685057E-09       2.19479007E-09
   233.8000       5.23733032E-10       3.69629219E-09       4.62457554E-09       2.19846641E-09
   233.9000       5.24609510E-10       3.70248696E-09       4.63231149E-09       2.20214795E-09
   234.0000       5.25487254E-10       3.70869048E-09       4.64005835E-09       2.20583454E-09
   234.1000       5.26366268E-10       3.71490286E-09       4.64781612E-09       2.20952633E-09
   234.2000       5.27246553E-10       3.72112416E-09       4.65558530E-09       2.21322361E-09
   234.3000       5.28128110E-10       3.72735438E-09       4.66336568E-09       2.21692624E-09
   234.4000       5.29010944E-10       3.73359352E-09       4.67115714E-09       2.22063425E-09
   234.5000       5.29895056E-10       3.73984173E-09       4.67895992E-09       2.22434786E-09
   234.6000       5.30780448E-10       3.74609898E-09       4.68677390E-09       2.22806692E-09
   234.7000       5.31667123E-10       3.75236522E-09       4.69459889E-09       2.23179127E-09
   234.8000       5.32555082E-10       3.75864047E-09       4.70243527E-09       2.23552109E-09
   234.9000       5.33444327E-10       3.76492480E-09       4.71028300E-09       2.23925635E-09
   235.0000       5.34334860E-10       3.77121816E-09       4.71814207E-09       2.24299702E-09
   235.1000       5.35226684E-10       3.77752064E-09       4.72601248E-09       2.24674313E-09
   235.2000       5.36119799E-10       3.78383231E-09       4.73389457E-09       2.25049489E-09
   235.3000       5.37014208E-10       3.79015315E-09       4.74178837E-09       2.25425222E-09
   235.4000       5.37909912E-10       3.79648313E-09       4.74969341E-09       2.25801489E-09
   235.5000       5.38806912E-10       3.80282237E-09       4.75760991E-09       2.26178305E-09
   235.6000       5.39705210E-10       3.80917083E-09       4.76553802E-09       2.26555673E-09
   235.7000       5.40604806E-10       3.81552842E-09       4.77347751E-09       2.26933576E-09
   235.8000       5.41505702E-10       3.82189530E-09       4.78142892E-09       2.27312040E-09
   235.9000       5.42407900E-10       3.82827149E-09       4.78939215E-09       2.27691061E-09
   236.0000       5.43311401E-10       3.83465699E-09       4.79736708E-09       2.28070624E-09
   236.1000       5.44216205E-10       3.84105171E-09       4.80535327E-09       2.28450713E-09
   236.2000       5.45122313E-10       3.84745562E-09       4.81335091E-09       2.28831335E-09
   236.3000       5.46029727E-10       3.85386886E-09       4.82136038E-09       2.29212514E-09
   236.4000       5.46938447E-10       3.86029146E-09       4.82938176E-09       2.29594251E-09
   236.5000       5.47848475E-10       3.86672340E-09       4.83741494E-09       2.29976550E-09
   236.6000       5.48759812E-10       3.87316472E-09       4.84545991E-09       2.30359406E-09
   236.7000       5.49672458E-10       3.87961548E-09       4.85351677E-09       2.30742829E-09
   236.8000       5.50586415E-10       3.88607556E-09       4.86158534E-09       2.31126807E-09
   236.9000       5.51501683E-10       3.89254520E-09       4.86966579E-09       2.31511362E-09
   237.0000       5.52418265E-10       3.89902422E-09       4.87775829E-09       2.31896484E-09
   237.1000       5.53336161E-10       3.90551254E-09       4.88586235E-09       2.32282145E-09
   237.2000       5.54255372E-10       3.91201029E-09       4.89397762E-09       2.32668351E-09
   237.3000       5.55175901E-10       3.91851743E-09       4.90210443E-09       2.33055111E-09
   237.4000       5.56097748E-10       3.92503396E-09       4.91024296E-09       2.33442422E-09
   237.5000       5.57020916E-10       3.93155978E-09       4.91839304E-09       2.33830275E-09
   237.6000       5.57945404E-10       3.93809487E-09       4.92655458E-09       2.34218661E-09
   237.7000       5.58871217E-10       3.94463935E-09       4.93472787E-09       2.34607605E-09
   237.8000       5.59798355E-10       3.95119331E-09       4.94291284E-09       2.34997116E-09
   237.9000       5.60726820E-10       3.95775677E-09       4.95110977E-09       2.35387203E-09
   238.0000       5.61656616E-10       3.96432968E-09       4.95931826E-09       2.35777846E-09
   238.1000       5.62587742E-10       3.97091206E-09       4.96753859E-09       2.36169053E-09
   238.2000       5.63520203E-10       3.97750386E-09       4.97577074E-09       2.36560826E-09
   238.3000       5.64453999E-10       3.98410502E-09       4.98401475E-09       2.36953164E-09
   238.4000       5.65389133E-10       3.99071563E-09       4.99227038E-09       2.37346060E-09
   238.5000       5.66325608E-10       3.99733577E-09       5.00053758E-09       2.37739522E-09
   238.6000       5.67263426E-10       4.00396541E-09       5.00881649E-09       2.38133550E-09
   238.7000       5.68202590E-10       4.01060457E-09       5.01710731E-09       2.38528147E-09
   238.8000       5.69143101E-10       4.01725330E-09       5.02540984E-09       2.38923308E-09
   238.9000       5.70084963E-10       4.02391151E-09       5.03372418E-09       2.39319029E-09
   239.0000       5.71028177E-10       4.03057932E-09       5.04205046E-09       2.39715319E-09
   239.1000       5.71972747E-10       4.03725665E-09       5.05038849E-09       2.40112166E-09
   239.2000       5.72918673E-10       4.04394344E-09       5.05873830E-09       2.40509560E-09
   239.3000       5.73865961E-10       4.05063989E-09       5.06710001E-09       2.40907527E-09
   239.4000       5.74814610E-10       4.05734613E-09       5.07547403E-09       2.41306089E-09
   239.5000       5.75764623E-10       4.06406191E-09       5.08386037E-09       2.41705216E-09
   239.6000       5.76716003E-10       4.07078727E-09       5.09225864E-09       2.42104904E-09
   239.7000       5.77668752E-10       4.07752226E-09       5.10066886E-09       2.42505160E-09
   239.8000       5.78622872E-10       4.08426686E-09       5.10909136E-09       2.42905998E-09
   239.9000       5.79578365E-10       4.09102096E-09       5.11752583E-09       2.43307396E-09
   240.0000       5.80535231E-10       4.09778459E-09       5.12597199E-09       2.43709347E-09
   240.1000       5.81493474E-10       4.10455787E-09       5.13443024E-09       2.44111880E-09
   240.2000       5.82453095E-10       4.11134088E-09       5.14290064E-09       2.44514996E-09
   240.3000       5.83414096E-10       4.11813363E-09       5.15138349E-09       2.44918712E-09
   240.4000       5.84376478E-10       4.12493600E-09       5.15987848E-09       2.45322999E-09
   240.5000       5.85340242E-10       4.13174809E-09       5.16838588E-09       2.45727879E-09
   240.6000       5.86305391E-10       4.13856989E-09       5.17690528E-09       2.46133334E-09
   240.7000       5.87271924E-10       4.14540148E-09       5.18543696E-09       2.46539385E-09
   240.8000       5.88239844E-10       4.15224287E-09       5.19398102E-09       2.46946030E-09
   240.9000       5.89209151E-10       4.15909412E-09       5.20253752E-09       2.47353274E-09
   241.0000       5.90179848E-10       4.16595511E-09       5.21110623E-09       2.47761099E-09
   241.1000       5.91151934E-10       4.17282584E-09       5.21968732E-09       2.48169510E-09
   241.2000       5.92125410E-10       4.17970638E-09       5.22828077E-09       2.48578505E-09
   241.3000       5.93100279E-10       4.18659692E-09       5.23688702E-09       2.48988121E-09
   241.4000       5.94076540E-10       4.19349728E-09       5.24550567E-09       2.49398319E-09
   241.5000       5.95054195E-10       4.20040746E-09       5.25413666E-09       2.49809098E-09
   241.6000       5.96033245E-10       4.20732757E-09       5.26278024E-09       2.50220472E-09
   241.7000       5.97013691E-10       4.21425758E-09       5.27143636E-09       2.50632432E-09
   241.8000       5.97995534E-10       4.22119750E-09       5.28010474E-09       2.51044971E-09
   241.9000       5.98978775E-10       4.22814737E-09       5.28878573E-09       2.51458102E-09
   242.0000       5.99963415E-10       4.23510720E-09       5.29747951E-09       2.51871829E-09
   242.1000       6.00949456E-10       4.24207710E-09       5.30618629E-09       2.52286166E-09
   242.2000       6.01936899E-10       4.24905717E-09       5.31490561E-09       2.52701100E-09
   242.3000       6.02925744E-10       4.25604721E-09       5.32363724E-09       2.53116609E-09
   242.4000       6.03915994E-10       4.26304727E-09       5.33238130E-09       2.53532705E-09
   242.5000       6.04907650E-10       4.27005739E-09       5.34113770E-09       2.53949387E-09
   242.6000       6.05900712E-10       4.27707758E-09       5.34990652E-09       2.54366656E-09
   242.7000       6.06895185E-10       4.28410782E-09       5.35868789E-09       2.54784514E-09
   242.8000       6.07891067E-10       4.29114824E-09       5.36748179E-09       2.55202976E-09
   242.9000       6.08888362E-10       4.29819870E-09       5.37628810E-09       2.55622023E-09
   243.0000       6.09887071E-10       4.30525931E-09       5.38510697E-09       2.56041671E-09
   243.1000       6.10887197E-10       4.31233012E-09       5.39393848E-09       2.56461925E-09
   243.2000       6.11888740E-10       4.31941105E-09       5.40278241E-09       2.56882768E-09
   243.3000       6.12891704E-10       4.32650202E-09       5.41163867E-09       2.57304197E-09
   243.4000       6.13896090E-10       4.33360314E-09       5.42050758E-09       2.57726232E-09
   243.5000       6.14901901E-10       4.34071444E-09       5.42938909E-09       2.58148880E-09
   243.6000       6.15909140E-10       4.34783587E-09       5.43828333E-09       2.58572135E-09
   243.7000       6.16917807E-10       4.35496736E-09       5.44719034E-09       2.58996000E-09
   243.8000       6.17927906E-10       4.36210900E-09       5.45611004E-09       2.59420471E-09
   243.9000       6.18939439E-10       4.36926093E-09       5.46504262E-09       2.59845567E-09
   244.0000       6.19952409E-10       4.37642320E-09       5.47398796E-09       2.60271292E-09
   244.1000       6.20966818E-10       4.38359570E-09       5.48294624E-09       2.60697633E-09
   244.2000       6.21982668E-10       4.39077857E-09       5.49191739E-09       2.61124598E-09
   244.3000       6.22999962E-10       4.39797165E-09       5.50090140E-09       2.61552177E-09
   244.4000       6.24018704E-10       4.40517505E-09       5.50989806E-09       2.61980369E-09
   244.5000       6.25038894E-10       4.41238884E-09       5.51890754E-09       2.62409183E-09
   244.6000       6.26060536E-10       4.41961295E-09       5.52792975E-09       2.62838599E-09
   244.7000       6.27083633E-10       4.42684740E-09       5.53696474E-09       2.63268624E-09
   244.8000       6.28108186E-10       4.43409220E-09       5.54601313E-09       2.63699277E-09
   244.9000       6.29134198E-10       4.44134728E-09       5.55507466E-09       2.64130539E-09
   245.0000       6.30161673E-10       4.44861275E-09       5.56414906E-09       2.64562409E-09
   245.1000       6.31190611E-10       4.45588868E-09       5.57323651E-09       2.64994899E-09
   245.2000       6.32221016E-10       4.46317504E-09       5.58233722E-09       2.65428011E-09
   245.3000       6.33252891E-10       4.47047179E-09       5.59145111E-09       2.65861744E-09
   245.4000       6.34286237E-10       4.47777902E-09       5.60057819E-09       2.66296099E-09
   245.5000       6.35321057E-10       4.48509674E-09       5.60971873E-09       2.66731091E-09
   245.6000       6.36357352E-10       4.49242494E-09       5.61887275E-09       2.67166715E-09
   245.7000       6.37395126E-10       4.49976374E-09       5.62804030E-09       2.67602981E-09
   245.8000       6.38434381E-10       4.50711303E-09       5.63722071E-09       2.68039851E-09
   245.9000       6.39475119E-10       4.51447267E-09       5.64641381E-09       2.68477303E-09
   246.0000       6.40517340E-10       4.52184272E-09       5.65562008E-09       2.68915362E-09
   246.1000       6.41561049E-10       4.52922318E-09       5.66483937E-09       2.69354020E-09
   246.2000       6.42606246E-10       4.53661401E-09       5.67407191E-09       2.69793293E-09
   246.3000       6.43652934E-10       4.54401541E-09       5.68331781E-09       2.70233206E-09
   246.4000       6.44701114E-10       4.55142724E-09       5.69257703E-09       2.70673743E-09
   246.5000       6.45750790E-10       4.55884958E-09       5.70184944E-09       2.71114908E-09
   246.6000       6.46801961E-10       4.56628256E-09       5.71113526E-09       2.71556718E-09
   246.7000       6.47854632E-10       4.57372613E-09       5.72043414E-09       2.71999157E-09
   246.8000       6.48908802E-10       4.58118019E-09       5.72974625E-09       2.72442223E-09
   246.9000       6.49964474E-10       4.58864484E-09       5.73907138E-09       2.72885923E-09
   247.0000       6.51021650E-10       4.59612008E-09       5.74840978E-09       2.73330265E-09
   247.1000       6.52080332E-10       4.60360606E-09       5.75776143E-09       2.73775255E-09
   247.2000       6.53140521E-10       4.61110270E-09       5.76712621E-09       2.74220881E-09
   247.3000       6.54202219E-10       4.61860999E-09       5.77650430E-09       2.74667148E-09
   247.4000       6.55265428E-10       4.62612811E-09       5.78589581E-09       2.75114073E-09
   247.5000       6.56330150E-10       4.63365697E-09       5.79530074E-09       2.75561651E-09
   247.6000       6.57396387E-10       4.64119666E-09       5.80471891E-09       2.76009874E-09
   247.7000       6.58464140E-10       4.64874715E-09       5.81415059E-09       2.76458745E-09
   247.8000       6.59533411E-10       4.65630853E-09       5.82359587E-09       2.76908264E-09
   247.9000       6.60604203E-10       4.66388077E-09       5.83305489E-09       2.77358436E-09
   248.0000       6.61676516E-10       4.67146389E-09       5.84252745E-09       2.77809253E-09
   248.1000       6.62750354E-10       4.67905792E-09       5.85201315E-09       2.78260696E-09
   248.2000       6.63825717E-10       4.68666295E-09       5.86151223E-09       2.78712776E-09
   248.3000       6.64902608E-10       4.69427894E-09       5.87102487E-09       2.79165498E-09
   248.4000       6.65981029E-10       4.70190583E-09       5.88055113E-09       2.79618861E-09
   248.5000       6.67060981E-10       4.70954368E-09       5.89009075E-09       2.80072861E-09
   248.6000       6.68142468E-10       4.71719251E-09       5.89964336E-09       2.80527475E-09
   248.7000       6.69225490E-10       4.72485216E-09       5.90920948E-09       2.80982711E-09
   248.8000       6.70310051E-10       4.73252269E-09       5.91878908E-09       2.81438584E-09
   248.9000       6.71396151E-10       4.74020422E-09       5.92838253E-09       2.81895117E-09
   249.0000       6.72483794E-10       4.74789665E-09       5.93798962E-09       2.82352294E-09
   249.1000       6.73572981E-10       4.75560001E-09       5.94761054E-09       2.82810123E-09
   249.2000       6.74663716E-10       4.76331439E-09       5.95724515E-09       2.83268607E-09
   249.3000       6.75755999E-10       4.77103972E-09       5.96689339E-09       2.83727745E-09
   249.4000       6.76849833E-10       4.77877597E-09       5.97655533E-09       2.84187530E-09
   249.5000       6.77945222E-10       4.78652305E-09       5.98623109E-09       2.84647961E-09
   249.6000       6.79042166E-10       4.79428112E-09       5.99592077E-09       2.85109054E-09
   249.7000       6.80140668E-10       4.80205019E-09       6.00562428E-09       2.85570818E-09
   249.8000       6.81240731E-10       4.80983015E-09       6.01534161E-09       2.86033234E-09
   249.9000       6.82342357E-10       4.81762098E-09       6.02507257E-09       2.86496290E-09
   250.0000       6.83445548E-10       4.82542272E-09       6.03481730E-09       2.86959998E-09
   250.1000       6.84550307E-10       4.83323540E-09       6.04457550E-09       2.87424351E-09
   250.2000       6.85656636E-10       4.84105897E-09       6.05434751E-09       2.87889353E-09
   250.3000       6.86764537E-10       4.84889353E-09       6.06413351E-09       2.88355020E-09
   250.4000       6.87874013E-10       4.85673908E-09       6.07393329E-09       2.88821346E-09
   250.5000       6.88985065E-10       4.86459553E-09       6.08374707E-09       2.89288334E-09
   250.6000       6.90097697E-10       4.87246305E-09       6.09357431E-09       2.89755970E-09
   250.7000       6.91211909E-10       4.88034160E-09       6.10341519E-09       2.90224256E-09
   250.8000       6.92327704E-10       4.88823119E-09       6.11327013E-09       2.90693214E-09
   250.9000       6.93445085E-10       4.89613181E-09       6.12313894E-09       2.91162826E-09
   251.0000       6.94564053E-10       4.90404348E-09       6.13302155E-09       2.91633093E-09
   251.1000       6.95684609E-10       4.91196625E-09       6.14291809E-09       2.92104019E-09
   251.2000       6.96806756E-10       4.91990018E-09       6.15282873E-09       2.92575622E-09
   251.3000       6.97930495E-10       4.92784538E-09       6.16275382E-09       2.93047916E-09
   251.4000       6.99055828E-10       4.93580179E-09       6.17269315E-09       2.93520883E-09
   251.5000       7.00182757E-10       4.94376949E-09       6.18264703E-09       2.93994549E-09
   251.6000       7.01311282E-10       4.95174838E-09       6.19261529E-09       2.94468895E-09
   251.7000       7.02441406E-10       4.95973850E-09       6.20259768E-09       2.94943908E-09
   251.8000       7.03573129E-10       4.96773998E-09       6.21259413E-09       2.95419596E-09
   251.9000       7.04706453E-10       4.97575300E-09       6.22260494E-09       2.95895987E-09
   252.0000       7.05841378E-10       4.98377759E-09       6.23262993E-09       2.96373064E-09
   252.1000       7.06977907E-10       4.99181366E-09       6.24266925E-09       2.96850829E-09
   252.2000       7.08116039E-10       4.99986117E-09       6.25272280E-09       2.97329270E-09
   252.3000       7.09255777E-10       5.00792039E-09       6.26279044E-09       2.97808406E-09
   252.4000       7.10397121E-10       5.01599129E-09       6.27287223E-09       2.98288227E-09
   252.5000       7.11540072E-10       5.02407377E-09       6.28296844E-09       2.98768741E-09
   252.6000       7.12684631E-10       5.03216785E-09       6.29307920E-09       2.99249937E-09
   252.7000       7.13830798E-10       5.04027343E-09       6.30320440E-09       2.99731806E-09
   252.8000       7.14978577E-10       5.04839067E-09       6.31334437E-09       3.00214372E-09
   252.9000       7.16127966E-10       5.05651951E-09       6.32349911E-09       3.00697627E-09
   253.0000       7.17278967E-10       5.06465997E-09       6.33366808E-09       3.01181545E-09
   253.1000       7.18431584E-10       5.07281210E-09       6.34385164E-09       3.01666151E-09
   253.2000       7.19585814E-10       5.08097590E-09       6.35404974E-09       3.02151442E-09
   253.3000       7.20741663E-10       5.08915149E-09       6.36426236E-09       3.02637426E-09
   253.4000       7.21899130E-10       5.09733892E-09       6.37448942E-09       3.03124104E-09
   253.5000       7.23058217E-10       5.10553816E-09       6.38473115E-09       3.03611482E-09
   253.6000       7.24218926E-10       5.11374914E-09       6.39498781E-09       3.04099559E-09
   253.7000       7.25381260E-10       5.12197175E-09       6.40525938E-09       3.04588319E-09
   253.8000       7.26545220E-10       5.13020607E-09       6.41554598E-09       3.05077782E-09
   253.9000       7.27710810E-10       5.13845207E-09       6.42584736E-09       3.05567937E-09
   254.0000       7.28878031E-10       5.14670985E-09       6.43616388E-09       3.06058811E-09
   254.1000       7.30046886E-10       5.15497947E-09       6.44649533E-09       3.06550394E-09
   254.2000       7.31217380E-10       5.16326095E-09       6.45684133E-09       3.07042675E-09
   254.3000       7.32389514E-10       5.17155419E-09       6.46720222E-09       3.07535659E-09
   254.4000       7.33563292E-10       5.17985923E-09       6.47757784E-09       3.08029344E-09
   254.5000       7.34738717E-10       5.18817613E-09       6.48796840E-09       3.08523744E-09
   254.6000       7.35915793E-10       5.19650488E-09       6.49837399E-09       3.09018858E-09
   254.7000       7.37094524E-10       5.20484547E-09       6.50879489E-09       3.09514696E-09
   254.8000       7.38274914E-10       5.21319779E-09       6.51923075E-09       3.10011233E-09
   254.9000       7.39456965E-10       5.22156181E-09       6.52968101E-09       3.10508442E-09
   255.0000       7.40640684E-10       5.22993779E-09       6.54014567E-09       3.11006346E-09
   255.1000       7.41826072E-10       5.23832554E-09       6.55062495E-09       3.11504942E-09
   255.2000       7.43013135E-10       5.24672516E-09       6.56111895E-09       3.12004240E-09
   255.3000       7.44201876E-10       5.25513658E-09       6.57162789E-09       3.12504249E-09
   255.4000       7.45392300E-10       5.26355993E-09       6.58215177E-09       3.13004975E-09
   255.5000       7.46584410E-10       5.27199515E-09       6.59269018E-09       3.13506397E-09
   255.6000       7.47778211E-10       5.28044221E-09       6.60324351E-09       3.14008526E-09
   255.7000       7.48973707E-10       5.28890133E-09       6.61381125E-09       3.14511356E-09
   255.8000       7.50170901E-10       5.29737233E-09       6.62439389E-09       3.15014896E-09
   255.9000       7.51369797E-10       5.30585546E-09       6.63499179E-09       3.15519178E-09
   256.0000       7.52570400E-10       5.31435059E-09       6.64560475E-09       3.16024174E-09
   256.1000       7.53772712E-10       5.32285773E-09       6.65623273E-09       3.16529887E-09
   256.2000       7.54976738E-10       5.33137706E-09       6.66687601E-09       3.17036333E-09
   256.3000       7.56182479E-10       5.33990857E-09       6.67753436E-09       3.17543513E-09
   256.4000       7.57389940E-10       5.34845215E-09       6.68820759E-09       3.18051396E-09
   256.5000       7.58599124E-10       5.35700777E-09       6.69889592E-09       3.18559982E-09
   256.6000       7.59810034E-10       5.36557548E-09       6.70959964E-09       3.19069288E-09
   256.7000       7.61022671E-10       5.37415536E-09       6.72031861E-09       3.19579316E-09
   256.8000       7.62237039E-10       5.38274737E-09       6.73105236E-09       3.20090047E-09
   256.9000       7.63453141E-10       5.39135163E-09       6.74180127E-09       3.20601515E-09
   257.0000       7.64670978E-10       5.39996814E-09       6.75256562E-09       3.21113725E-09
   257.1000       7.65890553E-10       5.40859691E-09       6.76334543E-09       3.21626673E-09
   257.2000       7.67111868E-10       5.41723790E-09       6.77414060E-09       3.22140351E-09
   257.3000       7.68334924E-10       5.42589105E-09       6.78495072E-09       3.22654736E-09
   257.4000       7.69559723E-10       5.43455635E-09       6.79577618E-09       3.23169837E-09
   257.5000       7.70786268E-10       5.44323394E-09       6.80661747E-09       3.23685689E-09
   257.6000       7.72014559E-10       5.45192394E-09       6.81747472E-09       3.24202302E-09
   257.7000       7.73244598E-10       5.46062621E-09       6.82834754E-09       3.24719645E-09
   257.8000       7.74476388E-10       5.46934086E-09       6.83923584E-09       3.25237726E-09
   257.9000       7.75709928E-10       5.47806780E-09       6.85013991E-09       3.25756541E-09
   258.0000       7.76945221E-10       5.48680700E-09       6.86105931E-09       3.26276082E-09
   258.1000       7.78182267E-10       5.49555852E-09       6.87199384E-09       3.26796342E-09
   258.2000       7.79421068E-10       5.50432232E-09       6.88294318E-09       3.27317302E-09
   258.3000       7.80661625E-10       5.51309836E-09       6.89390766E-09       3.27838975E-09
   258.4000       7.81903941E-10       5.52188685E-09       6.90488785E-09       3.28361410E-09
   258.5000       7.83148014E-10       5.53068765E-09       6.91588314E-09       3.28884569E-09
   258.6000       7.84393849E-10       5.53950069E-09       6.92689346E-09       3.29408443E-09
   258.7000       7.85641445E-10       5.54832608E-09       6.93791939E-09       3.29933068E-09
   258.8000       7.86890803E-10       5.55716372E-09       6.94896061E-09       3.30458418E-09
   258.9000       7.88141926E-10       5.56601369E-09       6.96001733E-09       3.30984507E-09
   259.0000       7.89394814E-10       5.57487601E-09       6.97108936E-09       3.31511336E-09
   259.1000       7.90649470E-10       5.58375081E-09       6.98217712E-09       3.32038922E-09
   259.2000       7.91905895E-10       5.59263804E-09       6.99328036E-09       3.32567246E-09
   259.3000       7.93164090E-10       5.60153789E-09       7.00439975E-09       3.33096355E-09
   259.4000       7.94424057E-10       5.61045031E-09       7.01553466E-09       3.33626209E-09
   259.5000       7.95685797E-10       5.61937538E-09       7.02668538E-09       3.34156825E-09
   259.6000       7.96949313E-10       5.62831299E-09       7.03785180E-09       3.34688180E-09
   259.7000       7.98214605E-10       5.63726319E-09       7.04903430E-09       3.35220292E-09
   259.8000       7.99481677E-10       5.64622592E-09       7.06023270E-09       3.35753142E-09
   259.9000       8.00750529E-10       5.65520135E-09       7.07144669E-09       3.36286738E-09
   260.0000       8.02021163E-10       5.66418937E-09       7.08267672E-09       3.36821090E-09
   260.1000       8.03293582E-10       5.67319033E-09       7.09392286E-09       3.37356217E-09
   260.2000       8.04567787E-10       5.68220407E-09       7.10518494E-09       3.37892103E-09
   260.3000       8.05843780E-10       5.69123066E-09       7.11646271E-09       3.38428741E-09
   260.4000       8.07121564E-10       5.70027002E-09       7.12775592E-09       3.38966112E-09
   260.5000       8.08401139E-10       5.70932218E-09       7.13906492E-09       3.39504236E-09
   260.6000       8.09682508E-10       5.71838717E-09       7.15038985E-09       3.40043118E-09
   260.7000       8.10965674E-10       5.72746513E-09       7.16173102E-09       3.40582774E-09
   260.8000       8.12250638E-10       5.73655588E-09       7.17308837E-09       3.41123191E-09
   260.9000       8.13537403E-10       5.74565943E-09       7.18446163E-09       3.41664359E-09
   261.0000       8.14825970E-10       5.75477584E-09       7.19585110E-09       3.42206284E-09
   261.1000       8.16116341E-10       5.76390512E-09       7.20725683E-09       3.42748973E-09
   261.2000       8.17408519E-10       5.77304719E-09       7.21867880E-09       3.43292420E-09
   261.3000       8.18702507E-10       5.78220208E-09       7.23011703E-09       3.43836634E-09
   261.4000       8.19998306E-10       5.79136974E-09       7.24157156E-09       3.44381611E-09
   261.5000       8.21295919E-10       5.80055031E-09       7.25304292E-09       3.44927384E-09
   261.6000       8.22595347E-10       5.80974368E-09       7.26453080E-09       3.45473925E-09
   261.7000       8.23896593E-10       5.81894993E-09       7.27603511E-09       3.46021249E-09
   261.8000       8.25199659E-10       5.82816909E-09       7.28755563E-09       3.46569346E-09
   261.9000       8.26504549E-10       5.83740114E-09       7.29909274E-09       3.47118224E-09
   262.0000       8.27811264E-10       5.84664601E-09       7.31064617E-09       3.47667866E-09
   262.1000       8.29119807E-10       5.85590385E-09       7.32221570E-09       3.48218267E-09
   262.2000       8.30430181E-10       5.86517468E-09       7.33380155E-09       3.48769450E-09
   262.3000       8.31742389E-10       5.87445857E-09       7.34540376E-09       3.49321426E-09
   262.4000       8.33056431E-10       5.88375550E-09       7.35702210E-09       3.49874175E-09
   262.5000       8.34372312E-10       5.89306556E-09       7.36865678E-09       3.50427709E-09
   262.6000       8.35690035E-10       5.90238878E-09       7.38030804E-09       3.50982032E-09
   262.7000       8.37009602E-10       5.91172528E-09       7.39197572E-09       3.51537146E-09
   262.8000       8.38331015E-10       5.92107497E-09       7.40365988E-09       3.52093042E-09
   262.9000       8.39654278E-10       5.93043792E-09       7.41536063E-09       3.52649730E-09
   263.0000       8.40979394E-10       5.93981434E-09       7.42707807E-09       3.53207231E-09
   263.1000       8.42306365E-10       5.94920421E-09       7.43881221E-09       3.53765540E-09
   263.2000       8.43635194E-10       5.95860753E-09       7.45056304E-09       3.54324646E-09
   263.3000       8.44965884E-10       5.96802421E-09       7.46233023E-09       3.54884523E-09
   263.4000       8.46298439E-10       5.97745437E-09       7.47411381E-09       3.55445189E-09
   263.5000       8.47632861E-10       5.98689816E-09       7.48591418E-09       3.56006665E-09
   263.6000       8.48969152E-10       5.99635532E-09       7.49773130E-09       3.56568927E-09
   263.7000       8.50307317E-10       6.00582592E-09       7.50956498E-09       3.57131978E-09
   263.8000       8.51647358E-10       6.01531003E-09       7.52141525E-09       3.57695820E-09
   263.9000       8.52989278E-10       6.02480763E-09       7.53328263E-09       3.58260463E-09
   264.0000       8.54333081E-10       6.03431844E-09       7.54516659E-09       3.58825866E-09
   264.1000       8.55678768E-10       6.04384266E-09       7.55706707E-09       3.59392046E-09
   264.2000       8.57026344E-10       6.05338033E-09       7.56898419E-09       3.59959008E-09
   264.3000       8.58375811E-10       6.06293165E-09       7.58091796E-09       3.60526774E-09
   264.4000       8.59727173E-10       6.07249666E-09       7.59286888E-09       3.61095365E-09
   264.5000       8.61080432E-10       6.08207532E-09       7.60483758E-09       3.61664799E-09
   264.6000       8.62435592E-10       6.09166772E-09       7.61682374E-09       3.62235077E-09
   264.7000       8.63792656E-10       6.10127355E-09       7.62882667E-09       3.62806144E-09
   264.8000       8.65151627E-10       6.11089288E-09       7.64084653E-09       3.63378017E-09
   264.9000       8.66512509E-10       6.12052585E-09       7.65288377E-09       3.63950722E-09
   265.0000       8.67875305E-10       6.13017240E-09       7.66493811E-09       3.64524235E-09
   265.1000       8.69240018E-10       6.13983245E-09       7.67700974E-09       3.65098556E-09
   265.2000       8.70606651E-10       6.14950609E-09       7.68909820E-09       3.65673675E-09
   265.3000       8.71975208E-10       6.15919352E-09       7.70120390E-09       3.66249628E-09
   265.4000       8.73345692E-10       6.16889462E-09       7.71332697E-09       3.66826396E-09
   265.5000       8.74718107E-10       6.17860940E-09       7.72546672E-09       3.67403962E-09
   265.6000       8.76092456E-10       6.18833786E-09       7.73762329E-09       3.67982330E-09
   265.7000       8.77468743E-10       6.19807999E-09       7.74979656E-09       3.68561496E-09
   265.8000       8.78846970E-10       6.20783599E-09       7.76198667E-09       3.69141486E-09
   265.9000       8.80227141E-10       6.21760578E-09       7.77419360E-09       3.69722291E-09
   266.0000       8.81609259E-10       6.22738929E-09       7.78641735E-09       3.70303898E-09
   266.1000       8.82993329E-10       6.23718652E-09       7.79865786E-09       3.70886306E-09
   266.2000       8.84379353E-10       6.24699744E-09       7.81091566E-09       3.71469528E-09
   266.3000       8.85767335E-10       6.25682186E-09       7.82319053E-09       3.72053535E-09
   266.4000       8.87157277E-10       6.26665993E-09       7.83548245E-09       3.72638348E-09
   266.5000       8.88549184E-10       6.27651172E-09       7.84779152E-09       3.73223981E-09
   266.6000       8.89943057E-10       6.28637715E-09       7.86011793E-09       3.73810433E-09
   266.7000       8.91338901E-10       6.29625632E-09       7.87246140E-09       3.74397701E-09
   266.8000       8.92736718E-10       6.30614915E-09       7.88482190E-09       3.74985780E-09
   266.9000       8.94136510E-10       6.31605585E-09       7.89719996E-09       3.75574713E-09
   267.0000       8.95538281E-10       6.32597637E-09       7.90959568E-09       3.76164484E-09
   267.1000       8.96942034E-10       6.33591062E-09       7.92200895E-09       3.76755083E-09
   267.2000       8.98347771E-10       6.34585873E-09       7.93443991E-09       3.77346515E-09
   267.3000       8.99755493E-10       6.35582065E-09       7.94688781E-09       3.77938749E-09
   267.4000       9.01165206E-10       6.36579631E-09       7.95935297E-09       3.78531795E-09
   267.5000       9.02576908E-10       6.37578589E-09       7.97183546E-09       3.79125678E-09
   267.6000       9.03990604E-10       6.38578929E-09       7.98433515E-09       3.79720382E-09
   267.7000       9.05406295E-10       6.39580655E-09       7.99685248E-09       3.80315928E-09
   267.8000       9.06823982E-10       6.40583766E-09       8.00938709E-09       3.80912291E-09
   267.9000       9.08243668E-10       6.41588268E-09       8.02193934E-09       3.81509490E-09
   268.0000       9.09665355E-10       6.42594151E-09       8.03450906E-09       3.82107506E-09
   268.1000       9.11089044E-10       6.43601422E-09       8.04709628E-09       3.82706353E-09
   268.2000       9.12514737E-10       6.44610088E-09       8.05970080E-09       3.83306030E-09
   268.3000       9.13942434E-10       6.45620146E-09       8.07232258E-09       3.83906527E-09
   268.4000       9.15372137E-10       6.46631604E-09       8.08496213E-09       3.84507876E-09
   268.5000       9.16803848E-10       6.47644469E-09       8.09761987E-09       3.85110091E-09
   268.6000       9.18237567E-10       6.48658752E-09       8.11029560E-09       3.85713172E-09
   268.7000       9.19673295E-10       6.49674444E-09       8.12298936E-09       3.86317098E-09
   268.8000       9.21111035E-10       6.50691560E-09       8.13570150E-09       3.86921890E-09
   268.9000       9.22550786E-10       6.51710072E-09       8.14843163E-09       3.87527506E-09
   269.0000       9.23992550E-10       6.52729999E-09       8.16117981E-09       3.88133969E-09
   269.1000       9.25436328E-10       6.53751351E-09       8.17394563E-09       3.88741263E-09
   269.2000       9.26882120E-10       6.54774125E-09       8.18672908E-09       3.89349402E-09
   269.3000       9.28329927E-10       6.55798333E-09       8.19953038E-09       3.89958404E-09
   269.4000       9.29779751E-10       6.56823965E-09       8.21234956E-09       3.90568251E-09
   269.5000       9.31231593E-10       6.57851020E-09       8.22518618E-09       3.91178929E-09
   269.6000       9.32685453E-10       6.58879534E-09       8.23804077E-09       3.91790485E-09
   269.7000       9.34141333E-10       6.59909500E-09       8.25091364E-09       3.92402919E-09
   269.8000       9.35599234E-10       6.60940911E-09       8.26380452E-09       3.93016212E-09
   269.9000       9.37059156E-10       6.61973778E-09       8.27671325E-09       3.93630365E-09
   270.0000       9.38521101E-10       6.63008104E-09       8.28963987E-09       3.94245381E-09
   270.1000       9.39985072E-10       6.64043905E-09       8.30258439E-09       3.94861271E-09
   270.2000       9.41451068E-10       6.65081175E-09       8.31554668E-09       3.95478022E-09
   270.3000       9.42919091E-10       6.66119916E-09       8.32852710E-09       3.96095647E-09
   270.4000       9.44389144E-10       6.67160124E-09       8.34152604E-09       3.96714146E-09
   270.5000       9.45861227E-10       6.68201814E-09       8.35454310E-09       3.97333513E-09
   270.6000       9.47335343E-10       6.69244994E-09       8.36757866E-09       3.97953768E-09
   270.7000       9.48811494E-10       6.70289649E-09       8.38063283E-09       3.98574902E-09
   270.8000       9.50289683E-10       6.71335791E-09       8.39370544E-09       3.99196913E-09
   270.9000       9.51769910E-10       6.72383428E-09       8.40679679E-09       3.99819819E-09
   271.0000       9.53252179E-10       6.73432555E-09       8.41990691E-09       4.00443607E-09
   271.1000       9.54736493E-10       6.74483181E-09       8.43303605E-09       4.01068291E-09
   271.2000       9.56222855E-10       6.75535297E-09       8.44618391E-09       4.01693851E-09
   271.3000       9.57711267E-10       6.76588928E-09       8.45935060E-09       4.02320308E-09
   271.4000       9.59201733E-10       6.77644046E-09       8.47253604E-09       4.02947634E-09
   271.5000       9.60694256E-10       6.78700663E-09       8.48574056E-09       4.03575851E-09
   271.6000       9.62188841E-10       6.79758765E-09       8.49896377E-09       4.04204935E-09
   271.7000       9.63685490E-10       6.80818347E-09       8.51220568E-09       4.04834877E-09
   271.8000       9.65184207E-10       6.81879416E-09       8.52546655E-09       4.05465701E-09
   271.9000       9.66684996E-10       6.82941980E-09       8.53874620E-09       4.06097411E-09
   272.0000       9.68187863E-10       6.84006032E-09       8.55204508E-09       4.06730015E-09
   272.1000       9.69692811E-10       6.85071581E-09       8.56536287E-09       4.07363510E-09
   272.2000       9.71199845E-10       6.86138636E-09       8.57869964E-09       4.07997916E-09
   272.3000       9.72708970E-10       6.87207195E-09       8.59205556E-09       4.08633238E-09
   272.4000       9.74220190E-10       6.88277255E-09       8.60543047E-09       4.09269463E-09
   272.5000       9.75733510E-10       6.89348814E-09       8.61882352E-09       4.09906555E-09
   272.6000       9.77248937E-10       6.90421876E-09       8.63223533E-09       4.10544546E-09
   272.7000       9.78766474E-10       6.91496427E-09       8.64566598E-09       4.11183417E-09
   272.8000       9.80286126E-10       6.92572477E-09       8.65911595E-09       4.11823193E-09
   272.9000       9.81807900E-10       6.93650016E-09       8.67258507E-09       4.12463856E-09
   273.0000       9.83331799E-10       6.94729067E-09       8.68607346E-09       4.13105440E-09
   273.1000       9.84857831E-10       6.95809615E-09       8.69958094E-09       4.13747928E-09
   273.2000       9.86385999E-10       6.96891672E-09       8.71310703E-09       4.14391312E-09
   273.3000       9.87916309E-10       6.97975234E-09       8.72665191E-09       4.15035595E-09
   273.4000       9.89448766E-10       6.99060303E-09       8.74021564E-09       4.15680778E-09
   273.5000       9.90983374E-10       7.00146884E-09       8.75379802E-09       4.16326860E-09
   273.6000       9.92520140E-10       7.01234990E-09       8.76739939E-09       4.16973847E-09
   273.7000       9.94059066E-10       7.02324604E-09       8.78101962E-09       4.17621724E-09
   273.8000       9.95600159E-10       7.03415734E-09       8.79465861E-09       4.18270489E-09
   273.9000       9.97143423E-10       7.04508380E-09       8.80831605E-09       4.18920134E-09
   274.0000       9.98688861E-10       7.05602552E-09       8.82199230E-09       4.19570676E-09
   274.1000       1.00023648E-09       7.06698250E-09       8.83568753E-09       4.20222123E-09
   274.2000       1.00178628E-09       7.07795496E-09       8.84940169E-09       4.20874499E-09
   274.3000       1.00333827E-09       7.08894271E-09       8.86313509E-09       4.21527792E-09
   274.4000       1.00489244E-09       7.09994588E-09       8.87688774E-09       4.22182016E-09
   274.5000       1.00644881E-09       7.11096441E-09       8.89065971E-09       4.22837155E-09
   274.6000       1.00800738E-09       7.12199825E-09       8.90445081E-09       4.23493204E-09
   274.7000       1.00956814E-09       7.13304749E-09       8.91826093E-09       4.24150171E-09
   274.8000       1.01113111E-09       7.14411199E-09       8.93209024E-09       4.24808041E-09
   274.9000       1.01269628E-09       7.15519180E-09       8.94593866E-09       4.25466823E-09
   275.0000       1.01426366E-09       7.16628710E-09       8.95980668E-09       4.26126552E-09
   275.1000       1.01583324E-09       7.17739797E-09       8.97369406E-09       4.26787223E-09
   275.2000       1.01740504E-09       7.18852424E-09       8.98760106E-09       4.27448820E-09
   275.3000       1.01897905E-09       7.19966604E-09       9.00152738E-09       4.28111334E-09
   275.4000       1.02055527E-09       7.21082346E-09       9.01547283E-09       4.28774775E-09
   275.5000       1.02213371E-09       7.22199645E-09       9.02943713E-09       4.29439119E-09
   275.6000       1.02371436E-09       7.23318510E-09       9.04342078E-09       4.30104394E-09
   275.7000       1.02529723E-09       7.24438924E-09       9.05742418E-09       4.30770597E-09
   275.8000       1.02688232E-09       7.25560909E-09       9.07144765E-09       4.31437757E-09
   275.9000       1.02846962E-09       7.26684446E-09       9.08549033E-09       4.32105826E-09
   276.0000       1.03005915E-09       7.27809558E-09       9.09955272E-09       4.32774841E-09
   276.1000       1.03165090E-09       7.28936231E-09       9.11363455E-09       4.33444778E-09
   276.2000       1.03324488E-09       7.30064476E-09       9.12773624E-09       4.34115652E-09
   276.3000       1.03484108E-09       7.31194296E-09       9.14185768E-09       4.34787454E-09
   276.4000       1.03643950E-09       7.32325696E-09       9.15599899E-09       4.35460197E-09
   276.5000       1.03804016E-09       7.33458673E-09       9.17015971E-09       4.36133860E-09
   276.6000       1.03964304E-09       7.34593239E-09       9.18434047E-09       4.36808473E-09
   276.7000       1.04124815E-09       7.35729393E-09       9.19854121E-09       4.37484030E-09
   276.8000       1.04285549E-09       7.36867139E-09       9.21276210E-09       4.38160542E-09
   276.9000       1.04446507E-09       7.38006458E-09       9.22700313E-09       4.38837990E-09
   277.0000       1.04607688E-09       7.39147355E-09       9.24126414E-09       4.39516374E-09
   277.1000       1.04769093E-09       7.40289851E-09       9.25554540E-09       4.40195723E-09
   277.2000       1.04930723E-09       7.41433941E-09       9.26984668E-09       4.40876019E-09
   277.3000       1.05092576E-09       7.42579618E-09       9.28416783E-09       4.41557258E-09
   277.4000       1.05254654E-09       7.43726894E-09       9.29850914E-09       4.42239454E-09
   277.5000       1.05416956E-09       7.44875789E-09       9.31287078E-09       4.42922633E-09
   277.6000       1.05579484E-09       7.46026299E-09       9.32725225E-09       4.43606766E-09
   277.7000       1.05742237E-09       7.47178413E-09       9.34165386E-09       4.44291841E-09
   277.8000       1.05905215E-09       7.48332140E-09       9.35607572E-09       4.44977879E-09
   277.9000       1.06068420E-09       7.49487474E-09       9.37051778E-09       4.45664865E-09
   278.0000       1.06231851E-09       7.50644427E-09       9.38498022E-09       4.46352819E-09
   278.1000       1.06395508E-09       7.51802995E-09       9.39946277E-09       4.47041726E-09
   278.2000       1.06559392E-09       7.52963174E-09       9.41396527E-09       4.47731572E-09
   278.3000       1.06723504E-09       7.54124975E-09       9.42848793E-09       4.48422380E-09
   278.4000       1.06887843E-09       7.55288408E-09       9.44303116E-09       4.49114166E-09
   278.5000       1.07052410E-09       7.56453462E-09       9.45759492E-09       4.49806921E-09
   278.6000       1.07217205E-09       7.57620140E-09       9.47217893E-09       4.50500647E-09
   278.7000       1.07382230E-09       7.58788444E-09       9.48678330E-09       4.51195337E-09
   278.8000       1.07547483E-09       7.59958374E-09       9.50140794E-09       4.51890980E-09
   278.9000       1.07712965E-09       7.61129913E-09       9.51605314E-09       4.52587576E-09
   279.0000       1.07878678E-09       7.62303073E-09       9.53071889E-09       4.53285140E-09
   279.1000       1.08044620E-09       7.63477862E-09       9.54540529E-09       4.53983674E-09
   279.2000       1.08210794E-09       7.64654292E-09       9.56011224E-09       4.54683184E-09
   279.3000       1.08377198E-09       7.65832366E-09       9.57484008E-09       4.55383689E-09
   279.4000       1.08543833E-09       7.67012070E-09       9.58958834E-09       4.56085161E-09
   279.5000       1.08710699E-09       7.68193433E-09       9.60435738E-09       4.56787636E-09
   279.6000       1.08877798E-09       7.69376450E-09       9.61914716E-09       4.57491108E-09
   279.7000       1.09045129E-09       7.70561101E-09       9.63395760E-09       4.58195551E-09
   279.8000       1.09212693E-09       7.71747397E-09       9.64878864E-09       4.58900970E-09
   279.9000       1.09380489E-09       7.72935342E-09       9.66364095E-09       4.59607379E-09
   280.0000       1.09548519E-09       7.74124954E-09       9.67851419E-09       4.60314796E-09
   280.1000       1.09716783E-09       7.75316231E-09       9.69340814E-09       4.61023214E-09
   280.2000       1.09885280E-09       7.76509180E-09       9.70832265E-09       4.61732632E-09
   280.3000       1.10054012E-09       7.77703797E-09       9.72325787E-09       4.62443045E-09
   280.4000       1.10222978E-09       7.78900075E-09       9.73821388E-09       4.63154452E-09
   280.5000       1.10392179E-09       7.80098021E-09       9.75319054E-09       4.63866848E-09
   280.6000       1.10561615E-09       7.81297639E-09       9.76818805E-09       4.64580230E-09
   280.7000       1.10731287E-09       7.82498947E-09       9.78320668E-09       4.65294634E-09
   280.8000       1.10901195E-09       7.83701925E-09       9.79824629E-09       4.66010022E-09
   280.9000       1.11071339E-09       7.84906584E-09       9.81330689E-09       4.66726407E-09
   281.0000       1.11241720E-09       7.86112931E-09       9.82838826E-09       4.67443785E-09
   281.1000       1.11412337E-09       7.87320977E-09       9.84349087E-09       4.68162178E-09
   281.2000       1.11583191E-09       7.88530723E-09       9.85861459E-09       4.68881583E-09
   281.3000       1.11754283E-09       7.89742149E-09       9.87375935E-09       4.69601974E-09
   281.4000       1.11925613E-09       7.90955268E-09       9.88892510E-09       4.70323356E-09
   281.5000       1.12097180E-09       7.92170095E-09       9.90411209E-09       4.71045755E-09
   281.6000       1.12268987E-09       7.93386622E-09       9.91932052E-09       4.71769174E-09
   281.7000       1.12441032E-09       7.94604845E-09       9.93454985E-09       4.72493584E-09
   281.8000       1.12613316E-09       7.95824784E-09       9.94980047E-09       4.73219019E-09
   281.9000       1.12785839E-09       7.97046437E-09       9.96507186E-09       4.73945450E-09
   282.0000       1.12958603E-09       7.98269799E-09       9.98036476E-09       4.74672907E-09
   282.1000       1.13131606E-09       7.99494871E-09       9.99567884E-09       4.75401374E-09
   282.2000       1.13304850E-09       8.00721646E-09       1.00110140E-08       4.76130849E-09
   282.3000       1.13478335E-09       8.01950136E-09       1.00263709E-08       4.76861357E-09
   282.4000       1.13652060E-09       8.03180343E-09       1.00417494E-08       4.77592900E-09
   282.5000       1.13826028E-09       8.04412281E-09       1.00571493E-08       4.78325475E-09
   282.6000       1.14000237E-09       8.05645933E-09       1.00725708E-08       4.79059064E-09
   282.7000       1.14174689E-09       8.06881308E-09       1.00880131E-08       4.79793642E-09
   282.8000       1.14349383E-09       8.08118413E-09       1.01034768E-08       4.80529243E-09
   282.9000       1.14524320E-09       8.09357252E-09       1.01189626E-08       4.81265893E-09
   283.0000       1.14699501E-09       8.10597831E-09       1.01344700E-08       4.82003574E-09
   283.1000       1.14874925E-09       8.11840154E-09       1.01499991E-08       4.82742296E-09
   283.2000       1.15050594E-09       8.13084233E-09       1.01655505E-08       4.83482085E-09
   283.3000       1.15226506E-09       8.14330068E-09       1.01811238E-08       4.84222936E-09
   283.4000       1.15402664E-09       8.15577641E-09       1.01967186E-08       4.84964799E-09
   283.5000       1.15579068E-09       8.16826969E-09       1.02123351E-08       4.85707697E-09
   283.6000       1.15755716E-09       8.18078043E-09       1.02279734E-08       4.86451618E-09
   283.7000       1.15932611E-09       8.19330862E-09       1.02436336E-08       4.87196564E-09
   283.8000       1.16109752E-09       8.20585446E-09       1.02593158E-08       4.87942565E-09
   283.9000       1.16287140E-09       8.21841761E-09       1.02750200E-08       4.88689579E-09
   284.0000       1.16464776E-09       8.23099835E-09       1.02907464E-08       4.89437649E-09
   284.1000       1.16642659E-09       8.24359666E-09       1.03064948E-08       4.90186751E-09
   284.2000       1.16820790E-09       8.25621245E-09       1.03222652E-08       4.90936875E-09
   284.3000       1.16999169E-09       8.26884589E-09       1.03380579E-08       4.91688047E-09
   284.4000       1.17177797E-09       8.28149690E-09       1.03538724E-08       4.92440257E-09
   284.5000       1.17356674E-09       8.29416548E-09       1.03697091E-08       4.93193520E-09
   284.6000       1.17535801E-09       8.30685170E-09       1.03855673E-08       4.93947813E-09
   284.7000       1.17715177E-09       8.31955544E-09       1.04014479E-08       4.94703155E-09
   284.8000       1.17894804E-09       8.33227682E-09       1.04173506E-08       4.95459549E-09
   284.9000       1.18074682E-09       8.34501587E-09       1.04332753E-08       4.96216992E-09
   285.0000       1.18254811E-09       8.35777238E-09       1.04492215E-08       4.96975448E-09
   285.1000       1.18435191E-09       8.37054640E-09       1.04651901E-08       4.97734954E-09
   285.2000       1.18615823E-09       8.38333811E-09       1.04811809E-08       4.98495524E-09
   285.3000       1.18796707E-09       8.39614732E-09       1.04971939E-08       4.99257137E-09
   285.4000       1.18977843E-09       8.40897412E-09       1.05132289E-08       5.00019807E-09
   285.5000       1.19159233E-09       8.42181860E-09       1.05292859E-08       5.00783527E-09
   285.6000       1.19340875E-09       8.43468072E-09       1.05453654E-08       5.01548314E-09
   285.7000       1.19522772E-09       8.44756057E-09       1.05614672E-08       5.02314176E-09
   285.8000       1.19704922E-09       8.46045804E-09       1.05775916E-08       5.03081106E-09
   285.9000       1.19887326E-09       8.47337327E-09       1.05937383E-08       5.03849102E-09
   286.0000       1.20069985E-09       8.48630615E-09       1.06099069E-08       5.04618140E-09
   286.1000       1.20252898E-09       8.49925687E-09       1.06260978E-08       5.05388259E-09
   286.2000       1.20436067E-09       8.51222541E-09       1.06423112E-08       5.06159455E-09
   286.3000       1.20619491E-09       8.52521166E-09       1.06585472E-08       5.06931722E-09
   286.4000       1.20803171E-09       8.53821565E-09       1.06748062E-08       5.07705063E-09
   286.5000       1.20987106E-09       8.55123757E-09       1.06910877E-08       5.08479484E-09
   286.6000       1.21171298E-09       8.56427753E-09       1.07073918E-08       5.09254991E-09
   286.7000       1.21355746E-09       8.57733547E-09       1.07237187E-08       5.10031581E-09
   286.8000       1.21540451E-09       8.59041141E-09       1.07400688E-08       5.10809269E-09
   286.9000       1.21725412E-09       8.60350516E-09       1.07564411E-08       5.11587994E-09
   287.0000       1.21910630E-09       8.61661705E-09       1.07728361E-08       5.12367808E-09
   287.1000       1.22096106E-09       8.62974707E-09       1.07892537E-08       5.13148691E-09
   287.2000       1.22281839E-09       8.64289538E-09       1.08056938E-08       5.13930654E-09
   287.3000       1.22467829E-09       8.65606198E-09       1.08221565E-08       5.14713703E-09
   287.4000       1.22654077E-09       8.66924687E-09       1.08386425E-08       5.15497855E-09
   287.5000       1.22840583E-09       8.68245000E-09       1.08551515E-08       5.16283092E-09
   287.6000       1.23027347E-09       8.69567165E-09       1.08716838E-08       5.17069444E-09
   287.7000       1.23214369E-09       8.70891178E-09       1.08882392E-08       5.17856904E-09
   287.8000       1.23401650E-09       8.72217036E-09       1.09048178E-08       5.18645463E-09
   287.9000       1.23589189E-09       8.73544733E-09       1.09214196E-08       5.19435109E-09
   288.0000       1.23776986E-09       8.74874282E-09       1.09380446E-08       5.20225849E-09
   288.1000       1.23965043E-09       8.76205693E-09       1.09546930E-08       5.21017702E-09
   288.2000       1.24153358E-09       8.77538960E-09       1.09713646E-08       5.21810658E-09
   288.3000       1.24341932E-09       8.78874083E-09       1.09880595E-08       5.22604706E-09
   288.4000       1.24530766E-09       8.80211073E-09       1.10047774E-08       5.23399845E-09
   288.5000       1.24719859E-09       8.81549917E-09       1.10215186E-08       5.24196078E-09
   288.6000       1.24909212E-09       8.82890624E-09       1.10382833E-08       5.24993421E-09
   288.7000       1.25098825E-09       8.84233215E-09       1.10550712E-08       5.25791874E-09
   288.8000       1.25288698E-09       8.85577693E-09       1.10718824E-08       5.26591441E-09
   288.9000       1.25478831E-09       8.86924045E-09       1.10887169E-08       5.27392119E-09
   289.0000       1.25669225E-09       8.88272275E-09       1.11055752E-08       5.28193913E-09
   289.1000       1.25859880E-09       8.89622373E-09       1.11224569E-08       5.28996807E-09
   289.2000       1.26050796E-09       8.90974346E-09       1.11393624E-08       5.29800818E-09
   289.3000       1.26241974E-09       8.92328186E-09       1.11562915E-08       5.30605941E-09
   289.4000       1.26433414E-09       8.93683913E-09       1.11732441E-08       5.31412178E-09
   289.5000       1.26625116E-09       8.95041535E-09       1.11902204E-08       5.32219551E-09
   289.6000       1.26817081E-09       8.96401053E-09       1.12072206E-08       5.33028057E-09
   289.7000       1.27009309E-09       8.97762463E-09       1.12242448E-08       5.33837710E-09
   289.8000       1.27201801E-09       8.99125775E-09       1.12412930E-08       5.34648507E-09
   289.9000       1.27394557E-09       9.00490964E-09       1.12583647E-08       5.35460406E-09
   290.0000       1.27587577E-09       9.01858029E-09       1.12754599E-08       5.36273412E-09
   290.1000       1.27780862E-09       9.03226974E-09       1.12925789E-08       5.37087538E-09
   290.2000       1.27974413E-09       9.04597816E-09       1.13097222E-08       5.37902806E-09
   290.3000       1.28168229E-09       9.05970570E-09       1.13268898E-08       5.38719227E-09
   290.4000       1.28362312E-09       9.07345211E-09       1.13440809E-08       5.39536760E-09
   290.5000       1.28556662E-09       9.08721750E-09       1.13612963E-08       5.40355442E-09
   290.6000       1.28751280E-09       9.10100194E-09       1.13785354E-08       5.41175255E-09
   290.7000       1.28946165E-09       9.11480556E-09       1.13957986E-08       5.41996211E-09
   290.8000       1.29141320E-09       9.12862809E-09       1.14130853E-08       5.42818285E-09
   290.9000       1.29336743E-09       9.14246984E-09       1.14303959E-08       5.43641499E-09
   291.0000       1.29532436E-09       9.15633060E-09       1.14477302E-08       5.44465834E-09
   291.1000       1.29728400E-09       9.17021048E-09       1.14650879E-08       5.45291295E-09
   291.2000       1.29924634E-09       9.18410948E-09       1.14824695E-08       5.46117891E-09
   291.3000       1.30121140E-09       9.19802767E-09       1.14998748E-08       5.46945630E-09
   291.4000       1.30317917E-09       9.21196532E-09       1.15173036E-08       5.47774517E-09
   291.5000       1.30514967E-09       9.22592240E-09       1.15347560E-08       5.48604557E-09
   291.6000       1.30712290E-09       9.23989881E-09       1.15522322E-08       5.49435746E-09
   291.7000       1.30909886E-09       9.25389456E-09       1.15697325E-08       5.50268077E-09
   291.8000       1.31107756E-09       9.26790974E-09       1.15872572E-08       5.51101579E-09
   291.9000       1.31305900E-09       9.28194432E-09       1.16048060E-08       5.51936236E-09
   292.0000       1.31504319E-09       9.29599836E-09       1.16223790E-08       5.52772049E-09
   292.1000       1.31703013E-09       9.31007177E-09       1.16399760E-08       5.53609003E-09
   292.2000       1.31901983E-09       9.32416460E-09       1.16575968E-08       5.54447092E-09
   292.3000       1.32101229E-09       9.33827688E-09       1.16752417E-08       5.55286335E-09
   292.4000       1.32300752E-09       9.35240845E-09       1.16929110E-08       5.56126721E-09
   292.5000       1.32500551E-09       9.36655945E-09       1.17106055E-08       5.56968296E-09
   292.6000       1.32700627E-09       9.38073001E-09       1.17283250E-08       5.57811053E-09
   292.7000       1.32900981E-09       9.39492017E-09       1.17460690E-08       5.58654973E-09
   292.8000       1.33101613E-09       9.40912987E-09       1.17638377E-08       5.59500059E-09
   292.9000       1.33302523E-09       9.42335933E-09       1.17816311E-08       5.60346323E-09
   293.0000       1.33503712E-09       9.43760852E-09       1.17994498E-08       5.61193785E-09
   293.1000       1.33705179E-09       9.45187735E-09       1.18172935E-08       5.62042428E-09
   293.2000       1.33906926E-09       9.46616581E-09       1.18351618E-08       5.62892226E-09
   293.3000       1.34108952E-09       9.48047398E-09       1.18530552E-08       5.63743205E-09
   293.4000       1.34311258E-09       9.49480216E-09       1.18709735E-08       5.64595385E-09
   293.5000       1.34513844E-09       9.50915017E-09       1.18889164E-08       5.65448728E-09
   293.6000       1.34716711E-09       9.52351791E-09       1.19068837E-08       5.66303223E-09
   293.7000       1.34919858E-09       9.53790553E-09       1.19248755E-08       5.67158891E-09
   293.8000       1.35123286E-09       9.55231303E-09       1.19428920E-08       5.68015732E-09
   293.9000       1.35326995E-09       9.56674036E-09       1.19609341E-08       5.68873765E-09
   294.0000       1.35530986E-09       9.58118767E-09       1.19790011E-08       5.69732994E-09
   294.1000       1.35735259E-09       9.59565510E-09       1.19970934E-08       5.70593422E-09
   294.2000       1.35939814E-09       9.61014256E-09       1.20152106E-08       5.71455044E-09
   294.3000       1.36144651E-09       9.62464998E-09       1.20333525E-08       5.72317841E-09
   294.4000       1.36349771E-09       9.63917744E-09       1.20515197E-08       5.73181844E-09
   294.5000       1.36555174E-09       9.65372511E-09       1.20697132E-08       5.74047103E-09
   294.6000       1.36760861E-09       9.66829302E-09       1.20879331E-08       5.74913618E-09
   294.7000       1.36966831E-09       9.68288112E-09       1.21061787E-08       5.75781348E-09
   294.8000       1.37173085E-09       9.69748946E-09       1.21244505E-08       5.76650309E-09
   294.9000       1.37379624E-09       9.71211818E-09       1.21427481E-08       5.77520491E-09
   295.0000       1.37586448E-09       9.72676724E-09       1.21610717E-08       5.78391892E-09
   295.1000       1.37793556E-09       9.74143644E-09       1.21794210E-08       5.79264490E-09
   295.2000       1.38000950E-09       9.75612603E-09       1.21977965E-08       5.80138309E-09
   295.3000       1.38208630E-09       9.77083601E-09       1.22161983E-08       5.81013345E-09
   295.4000       1.38416596E-09       9.78556654E-09       1.22346259E-08       5.81889598E-09
   295.5000       1.38624849E-09       9.80031771E-09       1.22530797E-08       5.82767088E-09
   295.6000       1.38833389E-09       9.81508954E-09       1.22715589E-08       5.83645777E-09
   295.7000       1.39042216E-09       9.82988204E-09       1.22900642E-08       5.84525689E-09
   295.8000       1.39251330E-09       9.84469515E-09       1.23085960E-08       5.85406839E-09
   295.9000       1.39460733E-09       9.85952895E-09       1.23271540E-08       5.86289212E-09
   296.0000       1.39670425E-09       9.87438362E-09       1.23457380E-08       5.87172821E-09
   296.1000       1.39880406E-09       9.88925900E-09       1.23643481E-08       5.88057665E-09
   296.2000       1.40090676E-09       9.90415514E-09       1.23829844E-08       5.88943734E-09
   296.3000       1.40301236E-09       9.91907198E-09       1.24016465E-08       5.89831021E-09
   296.4000       1.40512086E-09       9.93400967E-09       1.24203342E-08       5.90719536E-09
   296.5000       1.40723228E-09       9.94896842E-09       1.24390478E-08       5.91609309E-09
   296.6000       1.40934660E-09       9.96394802E-09       1.24577873E-08       5.92500317E-09
   296.7000       1.41146385E-09       9.97894855E-09       1.24765525E-08       5.93392569E-09
   296.8000       1.41358401E-09       9.99397010E-09       1.24953429E-08       5.94286038E-09
   296.9000       1.41570710E-09       1.00090125E-08       1.25141591E-08       5.95180745E-09
   297.0000       1.41783313E-09       1.00240758E-08       1.25330012E-08       5.96076679E-09
   297.1000       1.41996209E-09       1.00391598E-08       1.25518693E-08       5.96973848E-09
   297.2000       1.42209399E-09       1.00542648E-08       1.25707630E-08       5.97872254E-09
   297.3000       1.42422884E-09       1.00693907E-08       1.25896825E-08       5.98771890E-09
   297.4000       1.42636664E-09       1.00845376E-08       1.26086282E-08       5.99672786E-09
   297.5000       1.42850740E-09       1.00997055E-08       1.26275999E-08       6.00574925E-09
   297.6000       1.43065112E-09       1.01148943E-08       1.26465977E-08       6.01478305E-09
   297.7000       1.43279781E-09       1.01301042E-08       1.26656220E-08       6.02382943E-09
   297.8000       1.43494747E-09       1.01453352E-08       1.26846728E-08       6.03288838E-09
   297.9000       1.43710011E-09       1.01605873E-08       1.27037493E-08       6.04195972E-09
   298.0000       1.43925573E-09       1.01758605E-08       1.27228524E-08       6.05104383E-09
   298.1000       1.44141434E-09       1.01911550E-08       1.27419825E-08       6.06014081E-09
   298.2000       1.44357595E-09       1.02064706E-08       1.27611388E-08       6.06925021E-09
   298.3000       1.44574055E-09       1.02218072E-08       1.27803213E-08       6.07837182E-09
   298.4000       1.44790815E-09       1.02371651E-08       1.27995302E-08       6.08750607E-09
   298.5000       1.45007877E-09       1.02525444E-08       1.28187654E-08       6.09665293E-09
   298.6000       1.45225240E-09       1.02679448E-08       1.28380271E-08       6.10581233E-09
   298.7000       1.45442905E-09       1.02833665E-08       1.28573158E-08       6.11498464E-09
   298.8000       1.45660872E-09       1.02988094E-08       1.28766305E-08       6.12416943E-09
   298.9000       1.45879142E-09       1.03142737E-08       1.28959718E-08       6.13336689E-09
   299.0000       1.46097716E-09       1.03297591E-08       1.29153395E-08       6.14257677E-09
   299.1000       1.46316593E-09       1.03452657E-08       1.29347341E-08       6.15179946E-09
   299.2000       1.46535775E-09       1.03607937E-08       1.29541552E-08       6.16103476E-09
   299.3000       1.46755261E-09       1.03763432E-08       1.29736028E-08       6.17028284E-09
   299.4000       1.46975052E-09       1.03919141E-08       1.29930766E-08       6.17954355E-09
   299.5000       1.47195150E-09       1.04075065E-08       1.30125769E-08       6.18881700E-09
   299.6000       1.47415553E-09       1.04231201E-08       1.30321042E-08       6.19810310E-09
   299.7000       1.47636262E-09       1.04387550E-08       1.30516579E-08       6.20740173E-09
   299.8000       1.47857279E-09       1.04544114E-08       1.30712384E-08       6.21671317E-09
   299.9000       1.48078602E-09       1.04700893E-08       1.30908461E-08       6.22603768E-09
   300.0000       1.48300233E-09       1.04857887E-08       1.31104810E-08       6.23537519E-09
   300.1000       1.48522172E-09       1.05015097E-08       1.31301428E-08       6.24472552E-09
   300.2000       1.48744419E-09       1.05172522E-08       1.31498317E-08       6.25408879E-09
   300.3000       1.48966974E-09       1.05330163E-08       1.31695476E-08       6.26346495E-09
   300.4000       1.49189839E-09       1.05488019E-08       1.31892908E-08       6.27285415E-09
   300.5000       1.49413012E-09       1.05646091E-08       1.32090609E-08       6.28225596E-09
   300.6000       1.49636495E-09       1.05804379E-08       1.32288591E-08       6.29167102E-09
   300.7000       1.49860287E-09       1.05962882E-08       1.32486850E-08       6.30109892E-09
   300.8000       1.50084389E-09       1.06121603E-08       1.32685391E-08       6.31053996E-09
   300.9000       1.50308801E-09       1.06280542E-08       1.32884205E-08       6.31999409E-09
   301.0000       1.50533524E-09       1.06439698E-08       1.33083288E-08       6.32946100E-09
   301.1000       1.50758557E-09       1.06599072E-08       1.33282645E-08       6.33894058E-09
   301.2000       1.50983901E-09       1.06758661E-08       1.33482274E-08       6.34843278E-09
   301.3000       1.51209556E-09       1.06918467E-08       1.33682176E-08       6.35793788E-09
   301.4000       1.51435522E-09       1.07078492E-08       1.33882355E-08       6.36745614E-09
   301.5000       1.51661800E-09       1.07238737E-08       1.34082811E-08       6.37698772E-09
   301.6000       1.51888389E-09       1.07399203E-08       1.34283547E-08       6.38653272E-09
   301.7000       1.52115290E-09       1.07559889E-08       1.34484561E-08       6.39609100E-09
   301.8000       1.52342503E-09       1.07720797E-08       1.34685856E-08       6.40566276E-09
   301.9000       1.52570028E-09       1.07881925E-08       1.34887429E-08       6.41524777E-09
   302.0000       1.52797866E-09       1.08043273E-08       1.35089276E-08       6.42484580E-09
   302.1000       1.53026016E-09       1.08204843E-08       1.35291401E-08       6.43445700E-09
   302.2000       1.53254479E-09       1.08366632E-08       1.35493806E-08       6.44408125E-09
   302.3000       1.53483255E-09       1.08528643E-08       1.35696494E-08       6.45371879E-09
   302.4000       1.53712344E-09       1.08690878E-08       1.35899462E-08       6.46336970E-09
   302.5000       1.53941747E-09       1.08853335E-08       1.36102708E-08       6.47303367E-09
   302.6000       1.54171463E-09       1.09016017E-08       1.36306234E-08       6.48271101E-09
   302.7000       1.54401493E-09       1.09178925E-08       1.36510040E-08       6.49240188E-09
   302.8000       1.54631838E-09       1.09342059E-08       1.36714131E-08       6.50210636E-09
   302.9000       1.54862497E-09       1.09505417E-08       1.36918499E-08       6.51182387E-09
   303.0000       1.55093471E-09       1.09669000E-08       1.37123144E-08       6.52155433E-09
   303.1000       1.55324759E-09       1.09832807E-08       1.37328072E-08       6.53129813E-09
   303.2000       1.55556363E-09       1.09996843E-08       1.37533284E-08       6.54105569E-09
   303.3000       1.55788283E-09       1.10161107E-08       1.37738780E-08       6.55082668E-09
   303.4000       1.56020518E-09       1.10325600E-08       1.37944557E-08       6.56061120E-09
   303.5000       1.56253070E-09       1.10490321E-08       1.38150614E-08       6.57040915E-09
   303.6000       1.56485939E-09       1.10655270E-08       1.38356948E-08       6.58022046E-09
   303.7000       1.56719124E-09       1.10820447E-08       1.38563565E-08       6.59004528E-09
   303.8000       1.56952627E-09       1.10985852E-08       1.38770467E-08       6.59988369E-09
   303.9000       1.57186448E-09       1.11151484E-08       1.38977656E-08       6.60973559E-09
   304.0000       1.57420588E-09       1.11317345E-08       1.39185134E-08       6.61960120E-09
   304.1000       1.57655046E-09       1.11483434E-08       1.39392895E-08       6.62948038E-09
   304.2000       1.57889823E-09       1.11649752E-08       1.39600947E-08       6.63937337E-09
   304.3000       1.58124920E-09       1.11816301E-08       1.39809294E-08       6.64928052E-09
   304.4000       1.58360338E-09       1.11983081E-08       1.40017931E-08       6.65920150E-09
   304.5000       1.58596076E-09       1.12150089E-08       1.40226850E-08       6.66913587E-09
   304.6000       1.58832136E-09       1.12317327E-08       1.40436055E-08       6.67908382E-09
   304.7000       1.59068517E-09       1.12484796E-08       1.40645547E-08       6.68904551E-09
   304.8000       1.59305221E-09       1.12652499E-08       1.40855331E-08       6.69902126E-09
   304.9000       1.59542248E-09       1.12820434E-08       1.41065401E-08       6.70901062E-09
   305.0000       1.59779599E-09       1.12988601E-08       1.41275766E-08       6.71901401E-09
   305.1000       1.60017274E-09       1.13157000E-08       1.41486429E-08       6.72903145E-09
   305.2000       1.60255275E-09       1.13325635E-08       1.41697391E-08       6.73906328E-09
   305.3000       1.60493600E-09       1.13494504E-08       1.41908655E-08       6.74910934E-09
   305.4000       1.60732253E-09       1.13663607E-08       1.42120219E-08       6.75916947E-09
   305.5000       1.60971232E-09       1.13832941E-08       1.42332080E-08       6.76924333E-09
   305.6000       1.61210538E-09       1.14002510E-08       1.42544241E-08       6.77933111E-09
   305.7000       1.61450173E-09       1.14172312E-08       1.42756692E-08       6.78943239E-09
   305.8000       1.61690137E-09       1.14342348E-08       1.42969440E-08       6.79954734E-09
   305.9000       1.61930430E-09       1.14512619E-08       1.43182484E-08       6.80967621E-09
   306.0000       1.62171053E-09       1.14683127E-08       1.43395832E-08       6.81981929E-09
   306.1000       1.62412008E-09       1.14853868E-08       1.43609478E-08       6.82997623E-09
   306.2000       1.62653293E-09       1.15024847E-08       1.43823423E-08       6.84014742E-09
   306.3000       1.62894912E-09       1.15196063E-08       1.44037661E-08       6.85033258E-09
   306.4000       1.63136862E-09       1.15367517E-08       1.44252191E-08       6.86053170E-09
   306.5000       1.63379147E-09       1.15539209E-08       1.44467024E-08       6.87074522E-09
   306.6000       1.63621765E-09       1.15711137E-08       1.44682156E-08       6.88097294E-09
   306.7000       1.63864718E-09       1.15883302E-08       1.44897582E-08       6.89121455E-09
   306.8000       1.64108007E-09       1.16055706E-08       1.45113308E-08       6.90147046E-09
   306.9000       1.64351631E-09       1.16228348E-08       1.45329335E-08       6.91174045E-09
   307.0000       1.64595592E-09       1.16401226E-08       1.45545661E-08       6.92202456E-09
   307.1000       1.64839889E-09       1.16574345E-08       1.45762283E-08       6.93232299E-09
   307.2000       1.65084525E-09       1.16747703E-08       1.45979204E-08       6.94263581E-09
   307.3000       1.65329498E-09       1.16921299E-08       1.46196422E-08       6.95296276E-09
   307.4000       1.65574811E-09       1.17095134E-08       1.46413936E-08       6.96330383E-09
   307.5000       1.65820462E-09       1.17269209E-08       1.46631747E-08       6.97365902E-09
   307.6000       1.66066453E-09       1.17443523E-08       1.46849859E-08       6.98402861E-09
   307.7000       1.66312785E-09       1.17618075E-08       1.47068264E-08       6.99441214E-09
   307.8000       1.66559457E-09       1.17792868E-08       1.47286965E-08       7.00480991E-09
   307.9000       1.66806470E-09       1.17967902E-08       1.47505970E-08       7.01522213E-09
   308.0000       1.67053825E-09       1.18143176E-08       1.47725278E-08       7.02564873E-09
   308.1000       1.67301522E-09       1.18318691E-08       1.47944885E-08       7.03608944E-09
   308.2000       1.67549562E-09       1.18494448E-08       1.48164794E-08       7.04654447E-09
   308.3000       1.67797945E-09       1.18670447E-08       1.48385009E-08       7.05701406E-09
   308.4000       1.68046672E-09       1.18846689E-08       1.48605525E-08       7.06749816E-09
   308.5000       1.68295742E-09       1.19023174E-08       1.48826347E-08       7.07799680E-09
   308.6000       1.68545157E-09       1.19199901E-08       1.49047470E-08       7.08850965E-09
   308.7000       1.68794916E-09       1.19376872E-08       1.49268899E-08       7.09903714E-09
   308.8000       1.69045021E-09       1.19554087E-08       1.49490635E-08       7.10957928E-09
   308.9000       1.69295472E-09       1.19731542E-08       1.49712675E-08       7.12013572E-09
   309.0000       1.69546268E-09       1.19909241E-08       1.49935018E-08       7.13070651E-09
   309.1000       1.69797411E-09       1.20087184E-08       1.50157664E-08       7.14129187E-09
   309.2000       1.70048901E-09       1.20265373E-08       1.50380616E-08       7.15189191E-09
   309.3000       1.70300739E-09       1.20443806E-08       1.50603878E-08       7.16250676E-09
   309.4000       1.70552923E-09       1.20622486E-08       1.50827444E-08       7.17313621E-09
   309.5000       1.70805457E-09       1.20801411E-08       1.51051318E-08       7.18378044E-09
   309.6000       1.71058338E-09       1.20980580E-08       1.51275502E-08       7.19443929E-09
   309.7000       1.71311569E-09       1.21159995E-08       1.51499994E-08       7.20511297E-09
   309.8000       1.71565148E-09       1.21339659E-08       1.51724792E-08       7.21580147E-09
   309.9000       1.71819078E-09       1.21519568E-08       1.51949902E-08       7.22650461E-09
   310.0000       1.72073357E-09       1.21699723E-08       1.52175317E-08       7.23722213E-09
   310.1000       1.72327987E-09       1.21880123E-08       1.52401042E-08       7.24795431E-09
   310.2000       1.72582967E-09       1.22060773E-08       1.52627083E-08       7.25870150E-09
   310.3000       1.72838299E-09       1.22241669E-08       1.52853442E-08       7.26946354E-09
   310.4000       1.73093983E-09       1.22422814E-08       1.53080118E-08       7.28024058E-09
   310.5000       1.73350018E-09       1.22604209E-08       1.53307113E-08       7.29103256E-09
   310.6000       1.73606406E-09       1.22785854E-08       1.53534434E-08       7.30183980E-09
   310.7000       1.73863146E-09       1.22967749E-08       1.53762069E-08       7.31266185E-09
   310.8000       1.74120239E-09       1.23149895E-08       1.53990023E-08       7.32349893E-09
   310.9000       1.74377686E-09       1.23332291E-08       1.54218296E-08       7.33435090E-09
   311.0000       1.74635487E-09       1.23514940E-08       1.54446887E-08       7.34521802E-09
   311.1000       1.74893641E-09       1.23697842E-08       1.54675798E-08       7.35610025E-09
   311.2000       1.75152151E-09       1.23880996E-08       1.54905031E-08       7.36699762E-09
   311.3000       1.75411015E-09       1.24064403E-08       1.55134586E-08       7.37791013E-09
   311.4000       1.75670235E-09       1.24248065E-08       1.55364464E-08       7.38883790E-09
   311.5000       1.75929811E-09       1.24431981E-08       1.55594668E-08       7.39978098E-09
   311.6000       1.76189743E-09       1.24616151E-08       1.55825197E-08       7.41073947E-09
   311.7000       1.76450031E-09       1.24800576E-08       1.56056049E-08       7.42171303E-09
   311.8000       1.76710676E-09       1.24985254E-08       1.56287224E-08       7.43270165E-09
   311.9000       1.76971679E-09       1.25170185E-08       1.56518718E-08       7.44370504E-09
   312.0000       1.77233040E-09       1.25355373E-08       1.56750533E-08       7.45472358E-09
   312.1000       1.77494759E-09       1.25540816E-08       1.56982666E-08       7.46575734E-09
   312.2000       1.77756836E-09       1.25726517E-08       1.57215116E-08       7.47680628E-09
   312.3000       1.78019273E-09       1.25912474E-08       1.57447884E-08       7.48787040E-09
   312.4000       1.78282070E-09       1.26098689E-08       1.57680972E-08       7.49894989E-09
   312.5000       1.78545227E-09       1.26285162E-08       1.57914379E-08       7.51004475E-09
   312.6000       1.78808745E-09       1.26471896E-08       1.58148109E-08       7.52115527E-09
   312.7000       1.79072623E-09       1.26658889E-08       1.58382163E-08       7.53228141E-09
   312.8000       1.79336864E-09       1.26846141E-08       1.58616540E-08       7.54342271E-09
   312.9000       1.79601466E-09       1.27033650E-08       1.58851238E-08       7.55457921E-09
   313.0000       1.79866432E-09       1.27221421E-08       1.59086258E-08       7.56575119E-09
   313.1000       1.80131761E-09       1.27409453E-08       1.59321601E-08       7.57693862E-09
   313.2000       1.80397453E-09       1.27597745E-08       1.59557263E-08       7.58814112E-09
   313.3000       1.80663510E-09       1.27786298E-08       1.59793247E-08       7.59935926E-09
   313.4000       1.80929932E-09       1.27975113E-08       1.60029556E-08       7.61059289E-09
   313.5000       1.81196720E-09       1.28164187E-08       1.60266185E-08       7.62184162E-09
   313.6000       1.81463874E-09       1.28353522E-08       1.60503131E-08       7.63310558E-09
   313.7000       1.81731394E-09       1.28543118E-08       1.60740400E-08       7.64438496E-09
   313.8000       1.81999282E-09       1.28732978E-08       1.60977989E-08       7.65567991E-09
   313.9000       1.82267538E-09       1.28923103E-08       1.61215905E-08       7.66699070E-09
   314.0000       1.82536162E-09       1.29113489E-08       1.61454147E-08       7.67831715E-09
   314.1000       1.82805156E-09       1.29304136E-08       1.61692720E-08       7.68965917E-09
   314.2000       1.83074519E-09       1.29495047E-08       1.61931616E-08       7.70101678E-09
   314.3000       1.83344253E-09       1.29686221E-08       1.62170840E-08       7.71239003E-09
   314.4000       1.83614358E-09       1.29877659E-08       1.62410392E-08       7.72377900E-09
   314.5000       1.83884835E-09       1.30069360E-08       1.62650271E-08       7.73518355E-09
   314.6000       1.84155684E-09       1.30261325E-08       1.62890479E-08       7.74660390E-09
   314.7000       1.84426906E-09       1.30453552E-08       1.63131018E-08       7.75803986E-09
   314.8000       1.84698502E-09       1.30646042E-08       1.63371888E-08       7.76949129E-09
   314.9000       1.84970472E-09       1.30838795E-08       1.63613088E-08       7.78095852E-09
   315.0000       1.85242816E-09       1.31031815E-08       1.63854622E-08       7.79244173E-09
   315.1000       1.85515536E-09       1.31225101E-08       1.64096490E-08       7.80394086E-09
   315.2000       1.85788632E-09       1.31418654E-08       1.64338692E-08       7.81545594E-09
   315.3000       1.86062105E-09       1.31612470E-08       1.64581224E-08       7.82698640E-09
   315.4000       1.86335955E-09       1.31806550E-08       1.64824096E-08       7.83853267E-09
   315.5000       1.86610183E-09       1.32000898E-08       1.65067304E-08       7.85009486E-09
   315.6000       1.86884789E-09       1.32195514E-08       1.65310857E-08       7.86167331E-09
   315.7000       1.87159773E-09       1.32390398E-08       1.65554752E-08       7.87326793E-09
   315.8000       1.87435138E-09       1.32585546E-08       1.65798987E-08       7.88487817E-09
   315.9000       1.87710882E-09       1.32780959E-08       1.66043557E-08       7.89650404E-09
   316.0000       1.87987007E-09       1.32976638E-08       1.66288470E-08       7.90814596E-09
   316.1000       1.88263513E-09       1.33172586E-08       1.66533724E-08       7.91980397E-09
   316.2000       1.88540400E-09       1.33368801E-08       1.66779314E-08       7.93147781E-09
   316.3000       1.88817669E-09       1.33565282E-08       1.67025239E-08       7.94316717E-09
   316.4000       1.89095321E-09       1.33762031E-08       1.67271508E-08       7.95487281E-09
   316.5000       1.89373356E-09       1.33959050E-08       1.67518119E-08       7.96659467E-09
   316.6000       1.89651775E-09       1.34156339E-08       1.67765061E-08       7.97833253E-09
   316.7000       1.89930577E-09       1.34353897E-08       1.68012341E-08       7.99008642E-09
   316.8000       1.90209763E-09       1.34551727E-08       1.68259964E-08       8.00185668E-09
   316.9000       1.90489334E-09       1.34749827E-08       1.68507929E-08       8.01364310E-09
   317.0000       1.90769291E-09       1.34948200E-08       1.68756238E-08       8.02544605E-09
   317.1000       1.91049633E-09       1.35146847E-08       1.69004898E-08       8.03726587E-09
   317.2000       1.91330361E-09       1.35345768E-08       1.69253907E-08       8.04910230E-09
   317.3000       1.91611475E-09       1.35544962E-08       1.69503258E-08       8.06095489E-09
   317.4000       1.91892977E-09       1.35744431E-08       1.69752953E-08       8.07282391E-09
   317.5000       1.92174865E-09       1.35944175E-08       1.70002993E-08       8.08470947E-09
   317.6000       1.92457141E-09       1.36144196E-08       1.70253377E-08       8.09661136E-09
   317.7000       1.92739804E-09       1.36344490E-08       1.70504105E-08       8.10852940E-09
   317.8000       1.93022856E-09       1.36545060E-08       1.70755174E-08       8.12046365E-09
   317.9000       1.93306297E-09       1.36745905E-08       1.71006581E-08       8.13241404E-09
   318.0000       1.93590127E-09       1.36947026E-08       1.71258329E-08       8.14438059E-09
   318.1000       1.93874346E-09       1.37148426E-08       1.71510419E-08       8.15636358E-09
   318.2000       1.94158955E-09       1.37350104E-08       1.71762858E-08       8.16836344E-09
   318.3000       1.94443955E-09       1.37552060E-08       1.72015646E-08       8.18037991E-09
   318.4000       1.94729345E-09       1.37754294E-08       1.72268780E-08       8.19241286E-09
   318.5000       1.95015126E-09       1.37956806E-08       1.72522261E-08       8.20446232E-09
   318.6000       1.95301298E-09       1.38159597E-08       1.72776091E-08       8.21652841E-09
   318.7000       1.95587862E-09       1.38362669E-08       1.73030279E-08       8.22861153E-09
   318.8000       1.95874819E-09       1.38566022E-08       1.73284822E-08       8.24071149E-09
   318.9000       1.96162168E-09       1.38769652E-08       1.73539717E-08       8.25282778E-09
   319.0000       1.96449911E-09       1.38973562E-08       1.73794968E-08       8.26496084E-09
   319.1000       1.96738047E-09       1.39177753E-08       1.74050575E-08       8.27711071E-09
   319.2000       1.97026577E-09       1.39382221E-08       1.74306534E-08       8.28927710E-09
   319.3000       1.97315502E-09       1.39586968E-08       1.74562849E-08       8.30146004E-09
   319.4000       1.97604822E-09       1.39791996E-08       1.74819517E-08       8.31365983E-09
   319.5000       1.97894538E-09       1.39997309E-08       1.75076538E-08       8.32587676E-09
   319.6000       1.98184650E-09       1.40202904E-08       1.75333916E-08       8.33811065E-09
   319.7000       1.98475159E-09       1.40408783E-08       1.75591650E-08       8.35036147E-09
   319.8000       1.98766065E-09       1.40614945E-08       1.75849740E-08       8.36262905E-09
   319.9000       1.99057369E-09       1.40821391E-08       1.76108189E-08       8.37491370E-09
   320.0000       1.99349072E-09       1.41028125E-08       1.76366997E-08       8.38721552E-09
   320.1000       1.99641174E-09       1.41235145E-08       1.76626170E-08       8.39953457E-09
   320.2000       1.99933675E-09       1.41442450E-08       1.76885702E-08       8.41187034E-09
   320.3000       2.00226577E-09       1.41650038E-08       1.77145590E-08       8.42422267E-09
   320.4000       2.00519880E-09       1.41857912E-08       1.77405838E-08       8.43659186E-09
   320.5000       2.00813584E-09       1.42066072E-08       1.77666442E-08       8.44897782E-09
   320.6000       2.01107691E-09       1.42274518E-08       1.77927411E-08       8.46138098E-09
   320.7000       2.01402200E-09       1.42483252E-08       1.78188743E-08       8.47380127E-09
   320.8000       2.01697113E-09       1.42692277E-08       1.78450441E-08       8.48623924E-09
   320.9000       2.01992430E-09       1.42901588E-08       1.78712498E-08       8.49869409E-09
   321.0000       2.02288152E-09       1.43111188E-08       1.78974910E-08       8.51116589E-09
   321.1000       2.02584280E-09       1.43321073E-08       1.79237682E-08       8.52365463E-09
   321.2000       2.02880814E-09       1.43531247E-08       1.79500809E-08       8.53616041E-09
   321.3000       2.03177754E-09       1.43741710E-08       1.79764291E-08       8.54868327E-09
   321.4000       2.03475103E-09       1.43952463E-08       1.80028137E-08       8.56122364E-09
   321.5000       2.03772859E-09       1.44163504E-08       1.80292344E-08       8.57378127E-09
   321.6000       2.04071024E-09       1.44374835E-08       1.80556909E-08       8.58635602E-09
   321.7000       2.04369599E-09       1.44586455E-08       1.80821834E-08       8.59894798E-09
   321.8000       2.04668584E-09       1.44798367E-08       1.81087122E-08       8.61155728E-09
   321.9000       2.04967979E-09       1.45010568E-08       1.81352773E-08       8.62418366E-09
   322.0000       2.05267786E-09       1.45223060E-08       1.81618788E-08       8.63682733E-09
   322.1000       2.05568006E-09       1.45435843E-08       1.81885168E-08       8.64948843E-09
   322.2000       2.05868637E-09       1.45648917E-08       1.82151913E-08       8.66216695E-09
   322.3000       2.06169682E-09       1.45862282E-08       1.82419024E-08       8.67486296E-09
   322.4000       2.06471141E-09       1.46075940E-08       1.82686496E-08       8.68757634E-09
   322.5000       2.06773015E-09       1.46289889E-08       1.82954328E-08       8.70030702E-09
   322.6000       2.07075303E-09       1.46504129E-08       1.83222532E-08       8.71305509E-09
   322.7000       2.07378008E-09       1.46718660E-08       1.83491102E-08       8.72582051E-09
   322.8000       2.07681128E-09       1.46933486E-08       1.83760039E-08       8.73860356E-09
   322.9000       2.07984666E-09       1.47148604E-08       1.84029340E-08       8.75140409E-09
   323.0000       2.08288620E-09       1.47364016E-08       1.84299013E-08       8.76422233E-09
   323.1000       2.08592993E-09       1.47579726E-08       1.84569051E-08       8.77705830E-09
   323.2000       2.08897784E-09       1.47795732E-08       1.84839454E-08       8.78991187E-09
   323.3000       2.09202994E-09       1.48012036E-08       1.85110223E-08       8.80278303E-09
   323.4000       2.09508624E-09       1.48228634E-08       1.85381365E-08       8.81567162E-09
   323.5000       2.09814673E-09       1.48445528E-08       1.85652880E-08       8.82857761E-09
   323.6000       2.10121143E-09       1.48662717E-08       1.85924767E-08       8.84150101E-09
   323.7000       2.10428035E-09       1.48880204E-08       1.86197031E-08       8.85444240E-09
   323.8000       2.10735347E-09       1.49097990E-08       1.86469672E-08       8.86740152E-09
   323.9000       2.11043082E-09       1.49316074E-08       1.86742688E-08       8.88037824E-09
   324.0000       2.11351239E-09       1.49534457E-08       1.87016079E-08       8.89337249E-09
   324.1000       2.11659819E-09       1.49753140E-08       1.87289850E-08       8.90638465E-09
   324.2000       2.11968822E-09       1.49972121E-08       1.87564005E-08       8.91941480E-09
   324.3000       2.12278249E-09       1.50191402E-08       1.87838543E-08       8.93246301E-09
   324.4000       2.12588101E-09       1.50410982E-08       1.88113455E-08       8.94552881E-09
   324.5000       2.12898377E-09       1.50630861E-08       1.88388742E-08       8.95861215E-09
   324.6000       2.13209078E-09       1.50851039E-08       1.88664410E-08       8.97171343E-09
   324.7000       2.13520205E-09       1.51071518E-08       1.88940460E-08       8.98483269E-09
   324.8000       2.13831757E-09       1.51292295E-08       1.89216895E-08       8.99797006E-09
   324.9000       2.14143736E-09       1.51513373E-08       1.89493713E-08       9.01112547E-09
   325.0000       2.14456142E-09       1.51734752E-08       1.89770914E-08       9.02429917E-09
   325.1000       2.14768975E-09       1.51956430E-08       1.90048499E-08       9.03749104E-09
   325.2000       2.15082236E-09       1.52178408E-08       1.90326461E-08       9.05070072E-09
   325.3000       2.15395924E-09       1.52400687E-08       1.90604804E-08       9.06392850E-09
   325.4000       2.15710041E-09       1.52623269E-08       1.90883533E-08       9.07717462E-09
   325.5000       2.16024587E-09       1.52846154E-08       1.91162651E-08       9.09043927E-09
   325.6000       2.16339562E-09       1.53069343E-08       1.91442159E-08       9.10372241E-09
   325.7000       2.16654966E-09       1.53292835E-08       1.91722051E-08       9.11702360E-09
   325.8000       2.16970801E-09       1.53516631E-08       1.92002325E-08       9.13034288E-09
   325.9000       2.17287066E-09       1.53740731E-08       1.92282974E-08       9.14368003E-09
   326.0000       2.17603762E-09       1.53965136E-08       1.92563997E-08       9.15703505E-09
   326.1000       2.17920890E-09       1.54189848E-08       1.92845408E-08       9.17040855E-09
   326.2000       2.18238449E-09       1.54414866E-08       1.93127205E-08       9.18380040E-09
   326.3000       2.18556440E-09       1.54640194E-08       1.93409391E-08       9.19721094E-09
   326.4000       2.18874864E-09       1.54865832E-08       1.93691962E-08       9.21063996E-09
   326.5000       2.19193722E-09       1.55091781E-08       1.93974921E-08       9.22408742E-09
   326.6000       2.19513012E-09       1.55318039E-08       1.94258267E-08       9.23755325E-09
   326.7000       2.19832737E-09       1.55544606E-08       1.94542002E-08       9.25103743E-09
   326.8000       2.20152897E-09       1.55771483E-08       1.94826124E-08       9.26453982E-09
   326.9000       2.20473492E-09       1.55998672E-08       1.95110630E-08       9.27806045E-09
   327.0000       2.20794522E-09       1.56226177E-08       1.95395530E-08       9.29160016E-09
   327.1000       2.21115989E-09       1.56453998E-08       1.95680823E-08       9.30515875E-09
   327.2000       2.21437892E-09       1.56682129E-08       1.95966502E-08       9.31873557E-09
   327.3000       2.21760233E-09       1.56910571E-08       1.96252570E-08       9.33233062E-09
   327.4000       2.22083011E-09       1.57139325E-08       1.96539027E-08       9.34594402E-09
   327.5000       2.22406228E-09       1.57368393E-08       1.96825876E-08       9.35957606E-09
   327.6000       2.22729883E-09       1.57597775E-08       1.97113114E-08       9.37322663E-09
   327.7000       2.23053979E-09       1.57827473E-08       1.97400747E-08       9.38689615E-09
   327.8000       2.23378515E-09       1.58057487E-08       1.97688771E-08       9.40058447E-09
   327.9000       2.23703492E-09       1.58287820E-08       1.97977195E-08       9.41429200E-09
   328.0000       2.24028910E-09       1.58518468E-08       1.98266017E-08       9.42801835E-09
   328.1000       2.24354771E-09       1.58749429E-08       1.98555239E-08       9.44176317E-09
   328.2000       2.24681074E-09       1.58980704E-08       1.98844860E-08       9.45552663E-09
   328.3000       2.25007822E-09       1.59212297E-08       1.99134888E-08       9.46930941E-09
   328.4000       2.25335013E-09       1.59444210E-08       1.99425328E-08       9.48311170E-09
   328.5000       2.25662650E-09       1.59676440E-08       1.99716167E-08       9.49693272E-09
   328.6000       2.25990733E-09       1.59908988E-08       2.00007408E-08       9.51077271E-09
   328.7000       2.26319262E-09       1.60141857E-08       2.00299048E-08       9.52463178E-09
   328.8000       2.26648239E-09       1.60375044E-08       2.00591082E-08       9.53850964E-09
   328.9000       2.26977664E-09       1.60608551E-08       2.00883521E-08       9.55240670E-09
   329.0000       2.27307538E-09       1.60842374E-08       2.01176363E-08       9.56632265E-09
   329.1000       2.27637862E-09       1.61076519E-08       2.01469603E-08       9.58025783E-09
   329.2000       2.27968636E-09       1.61310986E-08       2.01763251E-08       9.59421236E-09
   329.3000       2.28299862E-09       1.61545776E-08       2.02057306E-08       9.60818624E-09
   329.4000       2.28631540E-09       1.61780888E-08       2.02351762E-08       9.62217922E-09
   329.5000       2.28963671E-09       1.62016325E-08       2.02646619E-08       9.63619144E-09
   329.6000       2.29296256E-09       1.62252085E-08       2.02941879E-08       9.65022279E-09
   329.7000       2.29629295E-09       1.62488168E-08       2.03237551E-08       9.66427368E-09
   329.8000       2.29962790E-09       1.62724572E-08       2.03533631E-08       9.67834381E-09
   329.9000       2.30296741E-09       1.62961302E-08       2.03830118E-08       9.69243320E-09
   330.0000       2.30631150E-09       1.63198357E-08       2.04127008E-08       9.70654171E-09
   330.1000       2.30966016E-09       1.63435737E-08       2.04424308E-08       9.72066965E-09
   330.2000       2.31301341E-09       1.63673446E-08       2.04722017E-08       9.73481724E-09
   330.3000       2.31637125E-09       1.63911482E-08       2.05020138E-08       9.74898439E-09
   330.4000       2.31973370E-09       1.64149846E-08       2.05318671E-08       9.76317106E-09
   330.5000       2.32310076E-09       1.64388536E-08       2.05617612E-08       9.77737700E-09
   330.6000       2.32647243E-09       1.64627554E-08       2.05916963E-08       9.79160237E-09
   330.7000       2.32984873E-09       1.64866901E-08       2.06216733E-08       9.80584735E-09
   330.8000       2.33322967E-09       1.65106578E-08       2.06516923E-08       9.82011223E-09
   330.9000       2.33661524E-09       1.65346581E-08       2.06817525E-08       9.83439639E-09
   331.0000       2.34000546E-09       1.65586913E-08       2.07118536E-08       9.84869995E-09
   331.1000       2.34340034E-09       1.65827573E-08       2.07419956E-08       9.86302275E-09
   331.2000       2.34679988E-09       1.66068564E-08       2.07721791E-08       9.87736521E-09
   331.3000       2.35020409E-09       1.66309880E-08       2.08024041E-08       9.89172696E-09
   331.4000       2.35361297E-09       1.66551522E-08       2.08326705E-08       9.90610795E-09
   331.5000       2.35702653E-09       1.66793494E-08       2.08629780E-08       9.92050848E-09
   331.6000       2.36044479E-09       1.67035797E-08       2.08933273E-08       9.93492888E-09
   331.7000       2.36386773E-09       1.67278433E-08       2.09237184E-08       9.94936933E-09
   331.8000       2.36729538E-09       1.67521397E-08       2.09541506E-08       9.96382915E-09
   331.9000       2.37072774E-09       1.67764694E-08       2.09846246E-08       9.97830894E-09
   332.0000       2.37416481E-09       1.68008323E-08       2.10151408E-08       9.99280904E-09
   332.1000       2.37760660E-09       1.68252283E-08       2.10456996E-08       1.00073293E-08
   332.2000       2.38105312E-09       1.68496575E-08       2.10763008E-08       1.00218695E-08
   332.3000       2.38450437E-09       1.68741201E-08       2.11069437E-08       1.00364297E-08
   332.4000       2.38796035E-09       1.68986163E-08       2.11376278E-08       1.00510098E-08
   332.5000       2.39142108E-09       1.69231456E-08       2.11683543E-08       1.00656098E-08
   332.6000       2.39488656E-09       1.69477082E-08       2.11991225E-08       1.00802298E-08
   332.7000       2.39835679E-09       1.69723046E-08       2.12299325E-08       1.00948701E-08
   332.8000       2.40183179E-09       1.69969348E-08       2.12607851E-08       1.01095308E-08
   332.9000       2.40531155E-09       1.70215984E-08       2.12916804E-08       1.01242115E-08
   333.0000       2.40879608E-09       1.70462957E-08       2.13226184E-08       1.01389125E-08
   333.1000       2.41228539E-09       1.70710270E-08       2.13535988E-08       1.01536340E-08
   333.2000       2.41577948E-09       1.70957919E-08       2.13846218E-08       1.01683754E-08
   333.3000       2.41927836E-09       1.71205903E-08       2.14156876E-08       1.01831367E-08
   333.4000       2.42278204E-09       1.71454229E-08       2.14467960E-08       1.01979183E-08
   333.5000       2.42629051E-09       1.71702894E-08       2.14779474E-08       1.02127200E-08
   333.6000       2.42980379E-09       1.71951898E-08       2.15091417E-08       1.02275419E-08
   333.7000       2.43332187E-09       1.72201242E-08       2.15403787E-08       1.02423840E-08
   333.8000       2.43684477E-09       1.72450926E-08       2.15716582E-08       1.02572463E-08
   333.9000       2.44037249E-09       1.72700952E-08       2.16029804E-08       1.02721289E-08
   334.0000       2.44390504E-09       1.72951320E-08       2.16343447E-08       1.02870314E-08
   334.1000       2.44744242E-09       1.73202031E-08       2.16657519E-08       1.03019543E-08
   334.2000       2.45098463E-09       1.73453086E-08       2.16972023E-08       1.03168978E-08
   334.3000       2.45453168E-09       1.73704488E-08       2.17286960E-08       1.03318621E-08
   334.4000       2.45808358E-09       1.73956238E-08       2.17602326E-08       1.03468470E-08
   334.5000       2.46164033E-09       1.74208335E-08       2.17918119E-08       1.03618524E-08
   334.6000       2.46520194E-09       1.74460778E-08       2.18234342E-08       1.03768782E-08
   334.7000       2.46876841E-09       1.74713568E-08       2.18550998E-08       1.03919245E-08
   334.8000       2.47233975E-09       1.74966703E-08       2.18868084E-08       1.04069912E-08
   334.9000       2.47591596E-09       1.75220186E-08       2.19185605E-08       1.04220785E-08
   335.0000       2.47949705E-09       1.75474017E-08       2.19503565E-08       1.04371867E-08
   335.1000       2.48308303E-09       1.75728195E-08       2.19821958E-08       1.04523154E-08
   335.2000       2.48667389E-09       1.75982718E-08       2.20140789E-08       1.04674647E-08
   335.3000       2.49026965E-09       1.76237590E-08       2.20460056E-08       1.04826347E-08
   335.4000       2.49387031E-09       1.76492812E-08       2.20779763E-08       1.04978256E-08
   335.5000       2.49747588E-09       1.76748381E-08       2.21099907E-08       1.05130368E-08
   335.6000       2.50108636E-09       1.77004298E-08       2.21420491E-08       1.05282689E-08
   335.7000       2.50470177E-09       1.77260566E-08       2.21741510E-08       1.05435217E-08
   335.8000       2.50832209E-09       1.77517182E-08       2.22062966E-08       1.05587954E-08
   335.9000       2.51194735E-09       1.77774148E-08       2.22384862E-08       1.05740898E-08
   336.0000       2.51557755E-09       1.78031461E-08       2.22707198E-08       1.05894049E-08
   336.1000       2.51921270E-09       1.78289124E-08       2.23029973E-08       1.06047408E-08
   336.2000       2.52285279E-09       1.78547135E-08       2.23353192E-08       1.06200976E-08
   336.3000       2.52649785E-09       1.78805492E-08       2.23676854E-08       1.06354750E-08
   336.4000       2.53014787E-09       1.79064197E-08       2.24000954E-08       1.06508730E-08
   336.5000       2.53380286E-09       1.79323249E-08       2.24325499E-08       1.06662919E-08
   336.6000       2.53746283E-09       1.79582651E-08       2.24650489E-08       1.06817320E-08
   336.7000       2.54112779E-09       1.79842401E-08       2.24975932E-08       1.06971934E-08
   336.8000       2.54479775E-09       1.80102499E-08       2.25301818E-08       1.07126757E-08
   336.9000       2.54847270E-09       1.80362948E-08       2.25628155E-08       1.07281794E-08
   337.0000       2.55215266E-09       1.80623747E-08       2.25954930E-08       1.07437041E-08
   337.1000       2.55583763E-09       1.80884896E-08       2.26282142E-08       1.07592494E-08
   337.2000       2.55952763E-09       1.81146394E-08       2.26609791E-08       1.07748156E-08
   337.3000       2.56322265E-09       1.81408244E-08       2.26937885E-08       1.07904029E-08
   337.4000       2.56692271E-09       1.81670448E-08       2.27266422E-08       1.08060115E-08
   337.5000       2.57062781E-09       1.81933005E-08       2.27595401E-08       1.08216414E-08
   337.6000       2.57433796E-09       1.82195918E-08       2.27924825E-08       1.08372926E-08
   337.7000       2.57805316E-09       1.82459186E-08       2.28254693E-08       1.08529651E-08
   337.8000       2.58177343E-09       1.82722809E-08       2.28585008E-08       1.08686590E-08
   337.9000       2.58549876E-09       1.82986789E-08       2.28915774E-08       1.08843742E-08
   338.0000       2.58922916E-09       1.83251127E-08       2.29246984E-08       1.09001109E-08
   338.1000       2.59296465E-09       1.83515825E-08       2.29578646E-08       1.09158690E-08
   338.2000       2.59670522E-09       1.83780880E-08       2.29910757E-08       1.09316482E-08
   338.3000       2.60045087E-09       1.84046292E-08       2.30243319E-08       1.09474485E-08
   338.4000       2.60420163E-09       1.84312066E-08       2.30576336E-08       1.09632704E-08
   338.5000       2.60795748E-09       1.84578202E-08       2.30909806E-08       1.09791139E-08
   338.6000       2.61171844E-09       1.84844702E-08       2.31243734E-08       1.09949791E-08
   338.7000       2.61548450E-09       1.85111567E-08       2.31578120E-08       1.10108662E-08
   338.8000       2.61925568E-09       1.85378795E-08       2.31912963E-08       1.10267748E-08
   338.9000       2.62303198E-09       1.85646388E-08       2.32248261E-08       1.10427050E-08
   339.0000       2.62681340E-09       1.85914343E-08       2.32584019E-08       1.10586568E-08
   339.1000       2.63059994E-09       1.86182665E-08       2.32920238E-08       1.10746302E-08
   339.2000       2.63439162E-09       1.86451351E-08       2.33256922E-08       1.10906255E-08
   339.3000       2.63818843E-09       1.86720401E-08       2.33594075E-08       1.11066426E-08
   339.4000       2.64199037E-09       1.86989821E-08       2.33931693E-08       1.11226819E-08
   339.5000       2.64579746E-09       1.87259608E-08       2.34269781E-08       1.11387434E-08
   339.6000       2.64960970E-09       1.87529763E-08       2.34608332E-08       1.11548269E-08
   339.7000       2.65342708E-09       1.87800284E-08       2.34947350E-08       1.11709322E-08
   339.8000       2.65724962E-09       1.88071171E-08       2.35286820E-08       1.11870588E-08
   339.9000       2.66107732E-09       1.88342426E-08       2.35626746E-08       1.12032072E-08
   340.0000       2.66491018E-09       1.88614049E-08       2.35967136E-08       1.12193776E-08
   340.1000       2.66874821E-09       1.88886039E-08       2.36307988E-08       1.12355699E-08
   340.2000       2.67259141E-09       1.89158399E-08       2.36649301E-08       1.12517840E-08
   340.3000       2.67643980E-09       1.89431128E-08       2.36991078E-08       1.12680201E-08
   340.4000       2.68029336E-09       1.89704227E-08       2.37333317E-08       1.12842781E-08
   340.5000       2.68415212E-09       1.89977693E-08       2.37676020E-08       1.13005580E-08
   340.6000       2.68801607E-09       1.90251530E-08       2.38019196E-08       1.13168604E-08
   340.7000       2.69188523E-09       1.90525737E-08       2.38362838E-08       1.13331848E-08
   340.8000       2.69575960E-09       1.90800316E-08       2.38706946E-08       1.13495316E-08
   340.9000       2.69963918E-09       1.91075265E-08       2.39051521E-08       1.13659002E-08
   341.0000       2.70352399E-09       1.91350583E-08       2.39396561E-08       1.13822906E-08
   341.1000       2.70741403E-09       1.91626274E-08       2.39742075E-08       1.13987036E-08
   341.2000       2.71130932E-09       1.91902338E-08       2.40088050E-08       1.14151387E-08
   341.3000       2.71520985E-09       1.92178776E-08       2.40434493E-08       1.14315960E-08
   341.4000       2.71911564E-09       1.92455585E-08       2.40781411E-08       1.14480757E-08
   341.5000       2.72302670E-09       1.92732767E-08       2.41128807E-08       1.14645780E-08
   341.6000       2.72694303E-09       1.93010322E-08       2.41476672E-08       1.14811023E-08
   341.7000       2.73086465E-09       1.93288248E-08       2.41825009E-08       1.14976488E-08
   341.8000       2.73479156E-09       1.93566548E-08       2.42173820E-08       1.15142180E-08
   341.9000       2.73872377E-09       1.93845228E-08       2.42523106E-08       1.15308099E-08
   342.0000       2.74266130E-09       1.94124284E-08       2.42872867E-08       1.15474244E-08
   342.1000       2.74660414E-09       1.94403719E-08       2.43223097E-08       1.15640613E-08
   342.2000       2.75055232E-09       1.94683531E-08       2.43573801E-08       1.15807208E-08
   342.3000       2.75450584E-09       1.94963723E-08       2.43924989E-08       1.15974031E-08
   342.4000       2.75846471E-09       1.95244296E-08       2.44276659E-08       1.16141082E-08
   342.5000       2.76242893E-09       1.95525247E-08       2.44628810E-08       1.16308361E-08
   342.6000       2.76639853E-09       1.95806579E-08       2.44981445E-08       1.16475869E-08
   342.7000       2.77037349E-09       1.96088292E-08       2.45334559E-08       1.16643604E-08
   342.8000       2.77435384E-09       1.96370387E-08       2.45688146E-08       1.16811565E-08
   342.9000       2.77833959E-09       1.96652864E-08       2.46042209E-08       1.16979753E-08
   343.0000       2.78233073E-09       1.96935724E-08       2.46396756E-08       1.17148170E-08
   343.1000       2.78632728E-09       1.97218966E-08       2.46751785E-08       1.17316816E-08
   343.2000       2.79032925E-09       1.97502593E-08       2.47107304E-08       1.17485693E-08
   343.3000       2.79433664E-09       1.97786607E-08       2.47463307E-08       1.17654801E-08
   343.4000       2.79834946E-09       1.98071008E-08       2.47819799E-08       1.17824139E-08
   343.5000       2.80236772E-09       1.98355795E-08       2.48176775E-08       1.17993708E-08
   343.6000       2.80639142E-09       1.98640971E-08       2.48534236E-08       1.18163509E-08
   343.7000       2.81042057E-09       1.98926537E-08       2.48892185E-08       1.18333542E-08
   343.8000       2.81445519E-09       1.99212493E-08       2.49250628E-08       1.18503812E-08
   343.9000       2.81849526E-09       1.99498839E-08       2.49609565E-08       1.18674314E-08
   344.0000       2.82254081E-09       1.99785572E-08       2.49968987E-08       1.18845045E-08
   344.1000       2.82659184E-09       2.00072694E-08       2.50328894E-08       1.19016004E-08
   344.2000       2.83064835E-09       2.00360207E-08       2.50689288E-08       1.19187195E-08
   344.3000       2.83471036E-09       2.00648112E-08       2.51050182E-08       1.19358622E-08
   344.4000       2.83877786E-09       2.00936412E-08       2.51411570E-08       1.19530284E-08
   344.5000       2.84285087E-09       2.01225105E-08       2.51773455E-08       1.19702181E-08
   344.6000       2.84692938E-09       2.01514190E-08       2.52135828E-08       1.19874308E-08
   344.7000       2.85101342E-09       2.01803668E-08       2.52498691E-08       1.20046665E-08
   344.8000       2.85510299E-09       2.02093537E-08       2.52862049E-08       1.20219254E-08
   344.9000       2.85919808E-09       2.02383801E-08       2.53225906E-08       1.20392080E-08
   345.0000       2.86329872E-09       2.02674462E-08       2.53590257E-08       1.20565139E-08
   345.1000       2.86740491E-09       2.02965515E-08       2.53955108E-08       1.20738433E-08
   345.2000       2.87151665E-09       2.03256963E-08       2.54320451E-08       1.20911961E-08
   345.3000       2.87563396E-09       2.03548808E-08       2.54686289E-08       1.21085722E-08
   345.4000       2.87975684E-09       2.03841048E-08       2.55052621E-08       1.21259719E-08
   345.5000       2.88388531E-09       2.04133685E-08       2.55419453E-08       1.21433952E-08
   345.6000       2.88801936E-09       2.04426718E-08       2.55786783E-08       1.21608422E-08
   345.7000       2.89215901E-09       2.04720151E-08       2.56154626E-08       1.21783135E-08
   345.8000       2.89630427E-09       2.05013981E-08       2.56522975E-08       1.21958087E-08
   345.9000       2.90045514E-09       2.05308205E-08       2.56891824E-08       1.22133273E-08
   346.0000       2.90461164E-09       2.05602826E-08       2.57261168E-08       1.22308694E-08
   346.1000       2.90877378E-09       2.05897847E-08       2.57631004E-08       1.22484353E-08
   346.2000       2.91294156E-09       2.06193270E-08       2.58001337E-08       1.22660251E-08
   346.3000       2.91711499E-09       2.06489091E-08       2.58372179E-08       1.22836391E-08
   346.4000       2.92129409E-09       2.06785309E-08       2.58743529E-08       1.23012768E-08
   346.5000       2.92547886E-09       2.07081925E-08       2.59115391E-08       1.23189384E-08
   346.6000       2.92966931E-09       2.07378942E-08       2.59487762E-08       1.23366240E-08
   346.7000       2.93386545E-09       2.07676361E-08       2.59860650E-08       1.23543339E-08
   346.8000       2.93806729E-09       2.07974181E-08       2.60234045E-08       1.23720678E-08
   346.9000       2.94227484E-09       2.08272403E-08       2.60607950E-08       1.23898258E-08
   347.0000       2.94648811E-09       2.08571024E-08       2.60982355E-08       1.24076073E-08
   347.1000       2.95070710E-09       2.08870046E-08       2.61357259E-08       1.24254123E-08
   347.2000       2.95493183E-09       2.09169469E-08       2.61732677E-08       1.24432417E-08
   347.3000       2.95916230E-09       2.09469295E-08       2.62108611E-08       1.24610954E-08
   347.4000       2.96339853E-09       2.09769524E-08       2.62485051E-08       1.24789732E-08
   347.5000       2.96764052E-09       2.10070157E-08       2.62861990E-08       1.24968747E-08
   347.6000       2.97188827E-09       2.10371192E-08       2.63239436E-08       1.25148004E-08
   347.7000       2.97614179E-09       2.10672634E-08       2.63617395E-08       1.25327507E-08
   347.8000       2.98040111E-09       2.10974480E-08       2.63995859E-08       1.25507251E-08
   347.9000       2.98466621E-09       2.11276734E-08       2.64374831E-08       1.25687238E-08
   348.0000       2.98893710E-09       2.11579393E-08       2.64754316E-08       1.25867468E-08
   348.1000       2.99321380E-09       2.11882460E-08       2.65134309E-08       1.26047942E-08
   348.2000       2.99749631E-09       2.12185936E-08       2.65514811E-08       1.26228659E-08
   348.3000       3.00178463E-09       2.12489818E-08       2.65895823E-08       1.26409618E-08
   348.4000       3.00607878E-09       2.12794109E-08       2.66277343E-08       1.26590819E-08
   348.5000       3.01037875E-09       2.13098808E-08       2.66659366E-08       1.26772260E-08
   348.6000       3.01468455E-09       2.13403913E-08       2.67041892E-08       1.26953938E-08
   348.7000       3.01899619E-09       2.13709427E-08       2.67424931E-08       1.27135860E-08
   348.8000       3.02331367E-09       2.14015349E-08       2.67808482E-08       1.27318025E-08
   348.9000       3.02763701E-09       2.14321679E-08       2.68192549E-08       1.27500432E-08
   349.0000       3.03196619E-09       2.14628415E-08       2.68577128E-08       1.27683081E-08
   349.1000       3.03630123E-09       2.14935561E-08       2.68962222E-08       1.27865976E-08
   349.2000       3.04064213E-09       2.15243115E-08       2.69347835E-08       1.28049114E-08
   349.3000       3.04498890E-09       2.15551077E-08       2.69733968E-08       1.28232498E-08
   349.4000       3.04934153E-09       2.15859450E-08       2.70120623E-08       1.28416131E-08
   349.5000       3.05370004E-09       2.16168232E-08       2.70507793E-08       1.28600009E-08
   349.6000       3.05806443E-09       2.16477427E-08       2.70895482E-08       1.28784135E-08
   349.7000       3.06243470E-09       2.16787031E-08       2.71283690E-08       1.28968507E-08
   349.8000       3.06681086E-09       2.17097045E-08       2.71672406E-08       1.29153117E-08
   349.9000       3.07119290E-09       2.17407472E-08       2.72061641E-08       1.29337976E-08
   350.0000       3.07558084E-09       2.17718314E-08       2.72451404E-08       1.29523086E-08
   350.1000       3.07997468E-09       2.18029569E-08       2.72841690E-08       1.29708444E-08
   350.2000       3.08437442E-09       2.18341237E-08       2.73232502E-08       1.29894050E-08
   350.3000       3.08878006E-09       2.18653321E-08       2.73623849E-08       1.30079908E-08
   350.4000       3.09319161E-09       2.18965819E-08       2.74015724E-08       1.30266016E-08
   350.5000       3.09760907E-09       2.19278733E-08       2.74408128E-08       1.30452374E-08
   350.6000       3.10203245E-09       2.19592067E-08       2.74801067E-08       1.30638986E-08
   350.7000       3.10646176E-09       2.19905822E-08       2.75194536E-08       1.30825850E-08
   350.8000       3.11089699E-09       2.20219996E-08       2.75588533E-08       1.31012963E-08
   350.9000       3.11533815E-09       2.20534589E-08       2.75983062E-08       1.31200329E-08
   351.0000       3.11978524E-09       2.20849602E-08       2.76378126E-08       1.31387946E-08
   351.1000       3.12423827E-09       2.21165037E-08       2.76773725E-08       1.31575816E-08
   351.2000       3.12869724E-09       2.21480897E-08       2.77169866E-08       1.31763942E-08
   351.3000       3.13316217E-09       2.21797183E-08       2.77566549E-08       1.31952326E-08
   351.4000       3.13763304E-09       2.22113895E-08       2.77963766E-08       1.32140962E-08
   351.5000       3.14210987E-09       2.22431032E-08       2.78361515E-08       1.32329847E-08
   351.6000       3.14659266E-09       2.22748593E-08       2.78759798E-08       1.32518981E-08
   351.7000       3.15108142E-09       2.23066580E-08       2.79158614E-08       1.32708366E-08
   351.8000       3.15557616E-09       2.23384998E-08       2.79557973E-08       1.32898007E-08
   351.9000       3.16007687E-09       2.23703846E-08       2.79957878E-08       1.33087906E-08
   352.0000       3.16458357E-09       2.24023123E-08       2.80358322E-08       1.33278060E-08
   352.1000       3.16909626E-09       2.24342831E-08       2.80759310E-08       1.33468471E-08
   352.2000       3.17361495E-09       2.24662969E-08       2.81160832E-08       1.33659135E-08
   352.3000       3.17813964E-09       2.24983540E-08       2.81562902E-08       1.33850060E-08
   352.4000       3.18267034E-09       2.25304542E-08       2.81965505E-08       1.34041240E-08
   352.5000       3.18720706E-09       2.25625974E-08       2.82368643E-08       1.34232675E-08
   352.6000       3.19174981E-09       2.25947839E-08       2.82772320E-08       1.34424367E-08
   352.7000       3.19629859E-09       2.26270134E-08       2.83176540E-08       1.34616315E-08
   352.8000       3.20085342E-09       2.26592861E-08       2.83581297E-08       1.34808518E-08
   352.9000       3.20541430E-09       2.26916021E-08       2.83986588E-08       1.35000977E-08
   353.0000       3.20998123E-09       2.27239613E-08       2.84392416E-08       1.35193689E-08
   353.1000       3.21455424E-09       2.27563639E-08       2.84798792E-08       1.35386662E-08
   353.2000       3.21913332E-09       2.27888102E-08       2.85205709E-08       1.35579895E-08
   353.3000       3.22371849E-09       2.28212998E-08       2.85613163E-08       1.35773385E-08
   353.4000       3.22830976E-09       2.28538330E-08       2.86021161E-08       1.35967132E-08
   353.5000       3.23290714E-09       2.28864095E-08       2.86429705E-08       1.36161139E-08
   353.6000       3.23751064E-09       2.29190291E-08       2.86838789E-08       1.36355398E-08
   353.7000       3.24212027E-09       2.29516915E-08       2.87248410E-08       1.36549907E-08
   353.8000       3.24673604E-09       2.29843979E-08       2.87658584E-08       1.36744683E-08
   353.9000       3.25135797E-09       2.30171479E-08       2.88069309E-08       1.36939723E-08
   354.0000       3.25598605E-09       2.30499410E-08       2.88480576E-08       1.37135017E-08
   354.1000       3.26062032E-09       2.30827775E-08       2.88892393E-08       1.37330573E-08
   354.2000       3.26526076E-09       2.31156577E-08       2.89304767E-08       1.37526393E-08
   354.3000       3.26990741E-09       2.31485815E-08       2.89717702E-08       1.37722479E-08
   354.4000       3.27456026E-09       2.31815487E-08       2.90131194E-08       1.37918825E-08
   354.5000       3.27921934E-09       2.32145596E-08       2.90545249E-08       1.38115437E-08
   354.6000       3.28388464E-09       2.32476141E-08       2.90959860E-08       1.38312310E-08
   354.7000       3.28855619E-09       2.32807120E-08       2.91375029E-08       1.38509445E-08
   354.8000       3.29323399E-09       2.33138536E-08       2.91790752E-08       1.38706841E-08
   354.9000       3.29791806E-09       2.33470394E-08       2.92207034E-08       1.38904503E-08
   355.0000       3.30260840E-09       2.33802691E-08       2.92623871E-08       1.39102428E-08
   355.1000       3.30730503E-09       2.34135426E-08       2.93041271E-08       1.39300618E-08
   355.2000       3.31200795E-09       2.34468603E-08       2.93459234E-08       1.39499074E-08
   355.3000       3.31671717E-09       2.34802222E-08       2.93877756E-08       1.39697793E-08
   355.4000       3.32143271E-09       2.35136278E-08       2.94296835E-08       1.39896773E-08
   355.5000       3.32615457E-09       2.35470775E-08       2.94716466E-08       1.40096012E-08
   355.6000       3.33088276E-09       2.35805719E-08       2.95136658E-08       1.40295522E-08
   355.7000       3.33561729E-09       2.36141107E-08       2.95557409E-08       1.40495298E-08
   355.8000       3.34035817E-09       2.36476937E-08       2.95978716E-08       1.40695334E-08
   355.9000       3.34510540E-09       2.36813215E-08       2.96400587E-08       1.40895640E-08
   356.0000       3.34985899E-09       2.37149939E-08       2.96823023E-08       1.41096214E-08
   356.1000       3.35461895E-09       2.37487110E-08       2.97246026E-08       1.41297054E-08
   356.2000       3.35938528E-09       2.37824728E-08       2.97669588E-08       1.41498158E-08
   356.3000       3.36415799E-09       2.38162794E-08       2.98093719E-08       1.41699531E-08
   356.4000       3.36893709E-09       2.38501312E-08       2.98518414E-08       1.41901173E-08
   356.5000       3.37372257E-09       2.38840281E-08       2.98943678E-08       1.42103086E-08
   356.6000       3.37851445E-09       2.39179698E-08       2.99369508E-08       1.42305267E-08
   356.7000       3.38331274E-09       2.39519567E-08       2.99795904E-08       1.42507718E-08
   356.8000       3.38811742E-09       2.39859884E-08       3.00222869E-08       1.42710439E-08
   356.9000       3.39292852E-09       2.40200654E-08       3.00650405E-08       1.42913430E-08
   357.0000       3.39774603E-09       2.40541873E-08       3.01078508E-08       1.43116689E-08
   357.1000       3.40256996E-09       2.40883543E-08       3.01507175E-08       1.43320215E-08
   357.2000       3.40740031E-09       2.41225669E-08       3.01936427E-08       1.43524019E-08
   357.3000       3.41223709E-09       2.41568250E-08       3.02366257E-08       1.43728097E-08
   357.4000       3.41708030E-09       2.41911286E-08       3.02796666E-08       1.43932450E-08
   357.5000       3.42192995E-09       2.42254776E-08       3.03227660E-08       1.44137074E-08
   357.6000       3.42678604E-09       2.42598722E-08       3.03659244E-08       1.44341978E-08
   357.7000       3.43164858E-09       2.42943124E-08       3.04091419E-08       1.44547160E-08
   357.8000       3.43651757E-09       2.43287982E-08       3.04524179E-08       1.44752617E-08
   357.9000       3.44139303E-09       2.43633298E-08       3.04957527E-08       1.44958350E-08
   358.0000       3.44627494E-09       2.43979073E-08       3.05391463E-08       1.45164359E-08
   358.1000       3.45116332E-09       2.44325312E-08       3.05825981E-08       1.45370646E-08
   358.2000       3.45605818E-09       2.44672011E-08       3.06261082E-08       1.45577207E-08
   358.3000       3.46095952E-09       2.45019171E-08       3.06696767E-08       1.45784043E-08
   358.4000       3.46586736E-09       2.45366796E-08       3.07133037E-08       1.45991155E-08
   358.5000       3.47078168E-09       2.45714884E-08       3.07569885E-08       1.46198539E-08
   358.6000       3.47570252E-09       2.46063436E-08       3.08007317E-08       1.46406197E-08
   358.7000       3.48062986E-09       2.46412451E-08       3.08445329E-08       1.46614128E-08
   358.8000       3.48556372E-09       2.46761930E-08       3.08883916E-08       1.46822330E-08
   358.9000       3.49050411E-09       2.47111873E-08       3.09323076E-08       1.47030803E-08
   359.0000       3.49545104E-09       2.47462283E-08       3.09762813E-08       1.47239552E-08
   359.1000       3.50040451E-09       2.47813165E-08       3.10203133E-08       1.47448581E-08
   359.2000       3.50536454E-09       2.48164515E-08       3.10644028E-08       1.47657887E-08
   359.3000       3.51033113E-09       2.48516333E-08       3.11085502E-08       1.47867470E-08
   359.4000       3.51530429E-09       2.48868620E-08       3.11527558E-08       1.48077331E-08
   359.5000       3.52028404E-09       2.49221374E-08       3.11970205E-08       1.48287470E-08
   359.6000       3.52527037E-09       2.49574594E-08       3.12413442E-08       1.48497885E-08
   359.7000       3.53026331E-09       2.49928281E-08       3.12857265E-08       1.48708578E-08
   359.8000       3.53526285E-09       2.50282437E-08       3.13301670E-08       1.48919551E-08
   359.9000       3.54026902E-09       2.50637061E-08       3.13746670E-08       1.49130804E-08
   360.0000       3.54528182E-09       2.50992152E-08       3.14192255E-08       1.49342335E-08
   360.1000       3.55030126E-09       2.51347709E-08       3.14638420E-08       1.49554142E-08
   360.2000       3.55532735E-09       2.51703731E-08       3.15085174E-08       1.49766224E-08
   360.3000       3.56036011E-09       2.52060222E-08       3.15532523E-08       1.49978589E-08
   360.4000       3.56539953E-09       2.52417182E-08       3.15980476E-08       1.50191241E-08
   360.5000       3.57044564E-09       2.52774610E-08       3.16429023E-08       1.50404174E-08
   360.6000       3.57549843E-09       2.53132505E-08       3.16878166E-08       1.50617389E-08
   360.7000       3.58055793E-09       2.53490868E-08       3.17327906E-08       1.50830886E-08
   360.8000       3.58562413E-09       2.53849696E-08       3.17778235E-08       1.51044660E-08
   360.9000       3.59069706E-09       2.54208992E-08       3.18229160E-08       1.51258717E-08
   361.0000       3.59577672E-09       2.54568757E-08       3.18680685E-08       1.51473057E-08
   361.1000       3.60086311E-09       2.54928992E-08       3.19132803E-08       1.51687677E-08
   361.2000       3.60595626E-09       2.55289697E-08       3.19585522E-08       1.51902582E-08
   361.3000       3.61105616E-09       2.55650873E-08       3.20038837E-08       1.52117769E-08
   361.4000       3.61616283E-09       2.56012522E-08       3.20492755E-08       1.52333241E-08
   361.5000       3.62127627E-09       2.56374639E-08       3.20947277E-08       1.52548994E-08
   361.6000       3.62639650E-09       2.56737231E-08       3.21402392E-08       1.52765030E-08
   361.7000       3.63152351E-09       2.57100299E-08       3.21858113E-08       1.52981355E-08
   361.8000       3.63665733E-09       2.57463843E-08       3.22314438E-08       1.53197966E-08
   361.9000       3.64179795E-09       2.57827863E-08       3.22771374E-08       1.53414865E-08
   362.0000       3.64694538E-09       2.58192361E-08       3.23228920E-08       1.53632053E-08
   362.1000       3.65209963E-09       2.58557334E-08       3.23687066E-08       1.53849523E-08
   362.2000       3.65726072E-09       2.58922789E-08       3.24145817E-08       1.54067281E-08
   362.3000       3.66242863E-09       2.59288723E-08       3.24605163E-08       1.54285323E-08
   362.4000       3.66760339E-09       2.59655137E-08       3.25065104E-08       1.54503647E-08
   362.5000       3.67278498E-09       2.60022034E-08       3.25525650E-08       1.54722258E-08
   362.6000       3.67797344E-09       2.60389413E-08       3.25986803E-08       1.54941158E-08
   362.7000       3.68316875E-09       2.60757272E-08       3.26448563E-08       1.55160345E-08
   362.8000       3.68837092E-09       2.61125615E-08       3.26910943E-08       1.55379825E-08
   362.9000       3.69357996E-09       2.61494442E-08       3.27373929E-08       1.55599595E-08
   363.0000       3.69879587E-09       2.61863755E-08       3.27837523E-08       1.55819654E-08
   363.1000       3.70401866E-09       2.62233553E-08       3.28301726E-08       1.56040004E-08
   363.2000       3.70924834E-09       2.62603835E-08       3.28766541E-08       1.56260642E-08
   363.3000       3.71448490E-09       2.62974603E-08       3.29231970E-08       1.56481568E-08
   363.4000       3.71972835E-09       2.63345863E-08       3.29698024E-08       1.56702791E-08
   363.5000       3.72497871E-09       2.63717611E-08       3.30164708E-08       1.56924311E-08
   363.6000       3.73023596E-09       2.64089848E-08       3.30632008E-08       1.57146123E-08
   363.7000       3.73550012E-09       2.64462572E-08       3.31099918E-08       1.57368220E-08
   363.8000       3.74077119E-09       2.64835787E-08       3.31568448E-08       1.57590613E-08
   363.9000       3.74604918E-09       2.65209495E-08       3.32037615E-08       1.57813305E-08
   364.0000       3.75133410E-09       2.65583697E-08       3.32507411E-08       1.58036295E-08
   364.1000       3.75662594E-09       2.65958397E-08       3.32977840E-08       1.58259585E-08
   364.2000       3.76192472E-09       2.66333591E-08       3.33448905E-08       1.58483171E-08
   364.3000       3.76723045E-09       2.66709280E-08       3.33920594E-08       1.58707049E-08
   364.4000       3.77254312E-09       2.67085462E-08       3.34392906E-08       1.58931221E-08
   364.5000       3.77786274E-09       2.67462145E-08       3.34865843E-08       1.59155690E-08
   364.6000       3.78318933E-09       2.67839328E-08       3.35339398E-08       1.59380454E-08
   364.7000       3.78852289E-09       2.68217009E-08       3.35813578E-08       1.59605513E-08
   364.8000       3.79386343E-09       2.68595187E-08       3.36288387E-08       1.59830868E-08
   364.9000       3.79921096E-09       2.68973865E-08       3.36763818E-08       1.60056517E-08
   365.0000       3.80456548E-09       2.69353043E-08       3.37239875E-08       1.60282464E-08
   365.1000       3.80992701E-09       2.69732719E-08       3.37716552E-08       1.60508703E-08
   365.2000       3.81529556E-09       2.70112895E-08       3.38193852E-08       1.60735238E-08
   365.3000       3.82067113E-09       2.70493574E-08       3.38671784E-08       1.60962074E-08
   365.4000       3.82605374E-09       2.70874752E-08       3.39150340E-08       1.61189206E-08
   365.5000       3.83144340E-09       2.71256430E-08       3.39629517E-08       1.61416631E-08
   365.6000       3.83684012E-09       2.71638612E-08       3.40109321E-08       1.61644355E-08
   365.7000       3.84224391E-09       2.72021296E-08       3.40589761E-08       1.61872379E-08
   365.8000       3.84765479E-09       2.72404482E-08       3.41070826E-08       1.62100699E-08
   365.9000       3.85307275E-09       2.72788167E-08       3.41552513E-08       1.62329314E-08
   366.0000       3.85849783E-09       2.73172357E-08       3.42034830E-08       1.62558231E-08
   366.1000       3.86393002E-09       2.73557047E-08       3.42517779E-08       1.62787446E-08
   366.2000       3.86936935E-09       2.73942238E-08       3.43001354E-08       1.63016958E-08
   366.3000       3.87481582E-09       2.74327930E-08       3.43485562E-08       1.63246771E-08
   366.4000       3.88026945E-09       2.74714124E-08       3.43970413E-08       1.63476888E-08
   366.5000       3.88573024E-09       2.75100821E-08       3.44455902E-08       1.63707307E-08
   366.6000       3.89119822E-09       2.75488021E-08       3.44942024E-08       1.63938029E-08
   366.7000       3.89667339E-09       2.75875727E-08       3.45428787E-08       1.64169055E-08
   366.8000       3.90215577E-09       2.76263938E-08       3.45916188E-08       1.64400386E-08
   366.9000       3.90764537E-09       2.76652653E-08       3.46404229E-08       1.64632020E-08
   367.0000       3.91314220E-09       2.77041870E-08       3.46892912E-08       1.64863956E-08
   367.1000       3.91864627E-09       2.77431592E-08       3.47382236E-08       1.65096197E-08
   367.2000       3.92415759E-09       2.77821818E-08       3.47872196E-08       1.65328739E-08
   367.3000       3.92967617E-09       2.78212550E-08       3.48362813E-08       1.65561592E-08
   367.4000       3.93520203E-09       2.78603790E-08       3.48854089E-08       1.65794756E-08
   367.5000       3.94073517E-09       2.78995532E-08       3.49346019E-08       1.66028224E-08
   367.6000       3.94627561E-09       2.79387776E-08       3.49838590E-08       1.66261991E-08
   367.7000       3.95182334E-09       2.79780522E-08       3.50331803E-08       1.66496056E-08
   367.8000       3.95737839E-09       2.80173771E-08       3.50825659E-08       1.66730419E-08
   367.9000       3.96294076E-09       2.80567526E-08       3.51320164E-08       1.66965088E-08
   368.0000       3.96851046E-09       2.80961788E-08       3.51815321E-08       1.67200061E-08
   368.1000       3.97408749E-09       2.81356553E-08       3.52311124E-08       1.67435337E-08
   368.2000       3.97967186E-09       2.81751825E-08       3.52807572E-08       1.67670915E-08
   368.3000       3.98526359E-09       2.82147605E-08       3.53304672E-08       1.67906800E-08
   368.4000       3.99086267E-09       2.82543897E-08       3.53802421E-08       1.68142992E-08
   368.5000       3.99646911E-09       2.82940699E-08       3.54300823E-08       1.68379492E-08
   368.6000       4.00208291E-09       2.83338009E-08       3.54799865E-08       1.68616294E-08
   368.7000       4.00770409E-09       2.83735826E-08       3.55299546E-08       1.68853397E-08
   368.8000       4.01333264E-09       2.84134152E-08       3.55799869E-08       1.69090799E-08
   368.9000       4.01896857E-09       2.84532989E-08       3.56300840E-08       1.69328508E-08
   369.0000       4.02461188E-09       2.84932343E-08       3.56802458E-08       1.69566527E-08
   369.1000       4.03026258E-09       2.85332213E-08       3.57304724E-08       1.69804856E-08
   369.2000       4.03592067E-09       2.85732600E-08       3.57807638E-08       1.70043494E-08
   369.3000       4.04158615E-09       2.86133505E-08       3.58311191E-08       1.70282440E-08
   369.4000       4.04725903E-09       2.86534927E-08       3.58815384E-08       1.70521692E-08
   369.5000       4.05293931E-09       2.86936872E-08       3.59320219E-08       1.70761254E-08
   369.6000       4.05862698E-09       2.87339337E-08       3.59825707E-08       1.71001126E-08
   369.7000       4.06432206E-09       2.87742324E-08       3.60331850E-08       1.71241310E-08
   369.8000       4.07002454E-09       2.88145841E-08       3.60838653E-08       1.71481817E-08
   369.9000       4.07573443E-09       2.88549883E-08       3.61346114E-08       1.71722637E-08
   370.0000       4.08145173E-09       2.88954451E-08       3.61854230E-08       1.71963772E-08
   370.1000       4.08717643E-09       2.89359541E-08       3.62362995E-08       1.72205215E-08
   370.2000       4.09290856E-09       2.89765159E-08       3.62872417E-08       1.72446972E-08
   370.3000       4.09864809E-09       2.90171306E-08       3.63382493E-08       1.72689043E-08
   370.4000       4.10439505E-09       2.90577981E-08       3.63893229E-08       1.72931430E-08
   370.5000       4.11014943E-09       2.90985189E-08       3.64404620E-08       1.73174133E-08
   370.6000       4.11591123E-09       2.91392922E-08       3.64916667E-08       1.73417146E-08
   370.7000       4.12168047E-09       2.91801183E-08       3.65429378E-08       1.73660472E-08
   370.8000       4.12745714E-09       2.92209968E-08       3.65942747E-08       1.73904108E-08
   370.9000       4.13324124E-09       2.92619278E-08       3.66456786E-08       1.74148058E-08
   371.0000       4.13903279E-09       2.93029117E-08       3.66971496E-08       1.74392323E-08
   371.1000       4.14483179E-09       2.93439487E-08       3.67486885E-08       1.74636908E-08
   371.2000       4.15063824E-09       2.93850388E-08       3.68002958E-08       1.74881811E-08
   371.3000       4.15645215E-09       2.94261820E-08       3.68519711E-08       1.75127033E-08
   371.4000       4.16227354E-09       2.94673781E-08       3.69037140E-08       1.75372573E-08
   371.5000       4.16810240E-09       2.95086271E-08       3.69555246E-08       1.75618430E-08
   371.6000       4.17393874E-09       2.95499296E-08       3.70074037E-08       1.75864613E-08
   371.7000       4.17978258E-09       2.95912854E-08       3.70593507E-08       1.76111116E-08
   371.8000       4.18563392E-09       2.96326944E-08       3.71113650E-08       1.76357937E-08
   371.9000       4.19149277E-09       2.96741567E-08       3.71634483E-08       1.76605080E-08
   372.0000       4.19735915E-09       2.97156721E-08       3.72155995E-08       1.76852540E-08
   372.1000       4.20323306E-09       2.97572406E-08       3.72678189E-08       1.77100318E-08
   372.2000       4.20911451E-09       2.97988623E-08       3.73201066E-08       1.77348416E-08
   372.3000       4.21500352E-09       2.98405369E-08       3.73724626E-08       1.77596830E-08
   372.4000       4.22090010E-09       2.98822651E-08       3.74248879E-08       1.77845567E-08
   372.5000       4.22680426E-09       2.99240467E-08       3.74773821E-08       1.78094631E-08
   372.6000       4.23271602E-09       2.99658820E-08       3.75299445E-08       1.78344014E-08
   372.7000       4.23863538E-09       3.00077707E-08       3.75825746E-08       1.78593716E-08
   372.8000       4.24456236E-09       3.00497129E-08       3.76352737E-08       1.78843742E-08
   372.9000       4.25049698E-09       3.00917092E-08       3.76880416E-08       1.79094095E-08
   373.0000       4.25643924E-09       3.01337595E-08       3.77408788E-08       1.79344777E-08
   373.1000       4.26238916E-09       3.01758637E-08       3.77937849E-08       1.79595782E-08
   373.2000       4.26834675E-09       3.02180218E-08       3.78467595E-08       1.79847109E-08
   373.3000       4.27431202E-09       3.02602341E-08       3.78998030E-08       1.80098761E-08
   373.4000       4.28028500E-09       3.03025007E-08       3.79529146E-08       1.80350736E-08
   373.5000       4.28626568E-09       3.03448216E-08       3.80060944E-08       1.80603033E-08
   373.6000       4.29225409E-09       3.03871964E-08       3.80593421E-08       1.80855648E-08
   373.7000       4.29825023E-09       3.04296255E-08       3.81126580E-08       1.81108586E-08
   373.8000       4.30425412E-09       3.04721089E-08       3.81660426E-08       1.81361849E-08
   373.9000       4.31026577E-09       3.05146471E-08       3.82194958E-08       1.81615438E-08
   374.0000       4.31628518E-09       3.05572396E-08       3.82730166E-08       1.81869346E-08
   374.1000       4.32231238E-09       3.05998866E-08       3.83266064E-08       1.82123581E-08
   374.2000       4.32834737E-09       3.06425885E-08       3.83802656E-08       1.82378148E-08
   374.3000       4.33439015E-09       3.06853449E-08       3.84339933E-08       1.82633041E-08
   374.4000       4.34044075E-09       3.07281560E-08       3.84877893E-08       1.82888261E-08
   374.5000       4.34649916E-09       3.07710217E-08       3.85416541E-08       1.83143806E-08
   374.6000       4.35256541E-09       3.08139422E-08       3.85955871E-08       1.83399676E-08
   374.7000       4.35863948E-09       3.08569178E-08       3.86495886E-08       1.83655874E-08
   374.8000       4.36472140E-09       3.08999489E-08       3.87036600E-08       1.83912409E-08
   374.9000       4.37081118E-09       3.09430349E-08       3.87578015E-08       1.84169274E-08
   375.0000       4.37690880E-09       3.09861758E-08       3.88120136E-08       1.84426469E-08
   375.1000       4.38301430E-09       3.10293717E-08       3.88662949E-08       1.84683993E-08
   375.2000       4.38912767E-09       3.10726226E-08       3.89206460E-08       1.84941847E-08
   375.3000       4.39524892E-09       3.11159287E-08       3.89750670E-08       1.85200031E-08
   375.4000       4.40137805E-09       3.11592897E-08       3.90295563E-08       1.85458538E-08
   375.5000       4.40751507E-09       3.12027061E-08       3.90841146E-08       1.85717375E-08
   375.6000       4.41366000E-09       3.12461777E-08       3.91387429E-08       1.85976542E-08
   375.7000       4.41981283E-09       3.12897045E-08       3.91934417E-08       1.86236043E-08
   375.8000       4.42597357E-09       3.13332869E-08       3.92482116E-08       1.86495883E-08
   375.9000       4.43214223E-09       3.13769250E-08       3.93030518E-08       1.86756057E-08
   376.0000       4.43831881E-09       3.14206186E-08       3.93579630E-08       1.87016565E-08
   376.1000       4.44450332E-09       3.14643678E-08       3.94129457E-08       1.87277405E-08
   376.2000       4.45069577E-09       3.15081725E-08       3.94679984E-08       1.87538574E-08
   376.3000       4.45689617E-09       3.15520329E-08       3.95231217E-08       1.87800074E-08
   376.4000       4.46310452E-09       3.15959490E-08       3.95783156E-08       1.88061905E-08
   376.5000       4.46932082E-09       3.16399211E-08       3.96335800E-08       1.88324070E-08
   376.6000       4.47554509E-09       3.16839492E-08       3.96889151E-08       1.88586569E-08
   376.7000       4.48177733E-09       3.17280331E-08       3.97443201E-08       1.88849396E-08
   376.8000       4.48801756E-09       3.17721724E-08       3.97997955E-08       1.89112554E-08
   376.9000       4.49426577E-09       3.18163679E-08       3.98553414E-08       1.89376045E-08
   377.0000       4.50052197E-09       3.18606193E-08       3.99109584E-08       1.89639873E-08
   377.1000       4.50678618E-09       3.19049265E-08       3.99666453E-08       1.89904033E-08
   377.2000       4.51305840E-09       3.19492898E-08       4.00224040E-08       1.90168532E-08
   377.3000       4.51933864E-09       3.19937094E-08       4.00782346E-08       1.90433372E-08
   377.4000       4.52562691E-09       3.20381853E-08       4.01341372E-08       1.90698551E-08
   377.5000       4.53192322E-09       3.20827175E-08       4.01901128E-08       1.90964077E-08
   377.6000       4.53822757E-09       3.21273062E-08       4.02461601E-08       1.91229943E-08
   377.7000       4.54453997E-09       3.21719513E-08       4.03022789E-08       1.91496151E-08
   377.8000       4.55086043E-09       3.22166532E-08       4.03584693E-08       1.91762698E-08
   377.9000       4.55718896E-09       3.22614116E-08       4.04147314E-08       1.92029587E-08
   378.0000       4.56352557E-09       3.23062266E-08       4.04710650E-08       1.92296813E-08
   378.1000       4.56987027E-09       3.23510986E-08       4.05274706E-08       1.92564383E-08
   378.2000       4.57622306E-09       3.23960276E-08       4.05839476E-08       1.92832292E-08
   378.3000       4.58258396E-09       3.24410135E-08       4.06404965E-08       1.93100541E-08
   378.4000       4.58895296E-09       3.24860566E-08       4.06971177E-08       1.93369134E-08
   378.5000       4.59533008E-09       3.25311576E-08       4.07538116E-08       1.93638074E-08
   378.6000       4.60171534E-09       3.25763157E-08       4.08105780E-08       1.93907356E-08
   378.7000       4.60810872E-09       3.26215311E-08       4.08674161E-08       1.94176976E-08
   378.8000       4.61451025E-09       3.26668043E-08       4.09243276E-08       1.94446945E-08
   378.9000       4.62091994E-09       3.27121351E-08       4.09813113E-08       1.94717255E-08
   379.0000       4.62733778E-09       3.27575230E-08       4.10383674E-08       1.94987903E-08
   379.1000       4.63376379E-09       3.28029685E-08       4.10954958E-08       1.95258892E-08
   379.2000       4.64019797E-09       3.28484716E-08       4.11526979E-08       1.95530227E-08
   379.3000       4.64664034E-09       3.28940323E-08       4.12099737E-08       1.95801905E-08
   379.4000       4.65309090E-09       3.29396505E-08       4.12673234E-08       1.96073929E-08
   379.5000       4.65954967E-09       3.29853263E-08       4.13247460E-08       1.96346298E-08
   379.6000       4.66601663E-09       3.30310602E-08       4.13822430E-08       1.96619017E-08
   379.7000       4.67249182E-09       3.30768519E-08       4.14398140E-08       1.96892085E-08
   379.8000       4.67897523E-09       3.31227013E-08       4.14974583E-08       1.97165497E-08
   379.9000       4.68546688E-09       3.31686082E-08       4.15551757E-08       1.97439250E-08
   380.0000       4.69196676E-09       3.32145731E-08       4.16129673E-08       1.97713350E-08
   380.1000       4.69847490E-09       3.32605955E-08       4.16708327E-08       1.97987796E-08
   380.2000       4.70499130E-09       3.33066754E-08       4.17287711E-08       1.98262582E-08
   380.3000       4.71151597E-09       3.33528134E-08       4.17867836E-08       1.98537715E-08
   380.4000       4.71804891E-09       3.33990096E-08       4.18448704E-08       1.98813200E-08
   380.5000       4.72459014E-09       3.34452640E-08       4.19030304E-08       1.99089030E-08
   380.6000       4.73113967E-09       3.34915764E-08       4.19612639E-08       1.99365207E-08
   380.7000       4.73769750E-09       3.35379466E-08       4.20195709E-08       1.99641728E-08
   380.8000       4.74426365E-09       3.35843752E-08       4.20779509E-08       1.99918597E-08
   380.9000       4.75083813E-09       3.36308620E-08       4.21364042E-08       2.00195814E-08
   381.0000       4.75742094E-09       3.36774069E-08       4.21949317E-08       2.00473380E-08
   381.1000       4.76401209E-09       3.37240100E-08       4.22535325E-08       2.00751295E-08
   381.2000       4.77061160E-09       3.37706723E-08       4.23122078E-08       2.01029568E-08
   381.3000       4.77721948E-09       3.38173934E-08       4.23709574E-08       2.01308196E-08
   381.4000       4.78383573E-09       3.38641736E-08       4.24297811E-08       2.01587180E-08
   381.5000       4.79046036E-09       3.39110125E-08       4.24886783E-08       2.01866516E-08
   381.6000       4.79709339E-09       3.39579098E-08       4.25476487E-08       2.02146198E-08
   381.7000       4.80373482E-09       3.40048660E-08       4.26066939E-08       2.02426237E-08
   381.8000       4.81038467E-09       3.40518811E-08       4.26658137E-08       2.02706631E-08
   381.9000       4.81704293E-09       3.40989553E-08       4.27250073E-08       2.02987377E-08
   382.0000       4.82370963E-09       3.41460887E-08       4.27842756E-08       2.03268481E-08
   382.1000       4.83038477E-09       3.41932811E-08       4.28436192E-08       2.03549938E-08
   382.2000       4.83706836E-09       3.42405325E-08       4.29030370E-08       2.03831746E-08
   382.3000       4.84376041E-09       3.42878429E-08       4.29625298E-08       2.04113907E-08
   382.4000       4.85046092E-09       3.43352126E-08       4.30220980E-08       2.04396425E-08
   382.5000       4.85716991E-09       3.43826414E-08       4.30817413E-08       2.04679297E-08
   382.6000       4.86388739E-09       3.44301296E-08       4.31414588E-08       2.04962520E-08
   382.7000       4.87061335E-09       3.44776772E-08       4.32012508E-08       2.05246096E-08
   382.8000       4.87734782E-09       3.45252841E-08       4.32611185E-08       2.05530026E-08
   382.9000       4.88409079E-09       3.45729502E-08       4.33210617E-08       2.05814309E-08
   383.0000       4.89084228E-09       3.46206761E-08       4.33810813E-08       2.06098952E-08
   383.1000       4.89760229E-09       3.46684611E-08       4.34411765E-08       2.06383949E-08
   383.2000       4.90437083E-09       3.47163060E-08       4.35013479E-08       2.06669309E-08
   383.3000       4.91114791E-09       3.47642111E-08       4.35615966E-08       2.06955034E-08
   383.4000       4.91793353E-09       3.48121760E-08       4.36219214E-08       2.07241117E-08
   383.5000       4.92472770E-09       3.48602008E-08       4.36823225E-08       2.07527559E-08
   383.6000       4.93153043E-09       3.49082854E-08       4.37428004E-08       2.07814360E-08
   383.7000       4.93834172E-09       3.49564301E-08       4.38033543E-08       2.08101520E-08
   383.8000       4.94516159E-09       3.50046348E-08       4.38639832E-08       2.08389033E-08
   383.9000       4.95199003E-09       3.50528998E-08       4.39246877E-08       2.08676905E-08
   384.0000       4.95882706E-09       3.51012255E-08       4.39854678E-08       2.08965140E-08
   384.1000       4.96567268E-09       3.51496120E-08       4.40463244E-08       2.09253739E-08
   384.2000       4.97252690E-09       3.51980590E-08       4.41072582E-08       2.09542704E-08
   384.3000       4.97938972E-09       3.52465666E-08       4.41682691E-08       2.09832032E-08
   384.4000       4.98626116E-09       3.52951345E-08       4.42293564E-08       2.10121718E-08
   384.5000       4.99314123E-09       3.53437630E-08       4.42905205E-08       2.10411766E-08
   384.6000       5.00002992E-09       3.53924518E-08       4.43517605E-08       2.10702172E-08
   384.7000       5.00692724E-09       3.54412010E-08       4.44130760E-08       2.10992934E-08
   384.8000       5.01383322E-09       3.54900109E-08       4.44744675E-08       2.11284056E-08
   384.9000       5.02074785E-09       3.55388815E-08       4.45359366E-08       2.11575543E-08
   385.0000       5.02767113E-09       3.55878125E-08       4.45974841E-08       2.11867394E-08
   385.1000       5.03460309E-09       3.56368041E-08       4.46591092E-08       2.12159611E-08
   385.2000       5.04154373E-09       3.56858568E-08       4.47208111E-08       2.12452196E-08
   385.3000       5.04849306E-09       3.57349699E-08       4.47825890E-08       2.12745136E-08
   385.4000       5.05545108E-09       3.57841436E-08       4.48444434E-08       2.13038437E-08
   385.5000       5.06241782E-09       3.58333784E-08       4.49063752E-08       2.13332106E-08
   385.6000       5.06939326E-09       3.58826739E-08       4.49683843E-08       2.13626140E-08
   385.7000       5.07637743E-09       3.59320302E-08       4.50304714E-08       2.13920543E-08
   385.8000       5.08337034E-09       3.59814478E-08       4.50926371E-08       2.14215319E-08
   385.9000       5.09037199E-09       3.60309266E-08       4.51548803E-08       2.14510463E-08
   386.0000       5.09738240E-09       3.60804666E-08       4.52172017E-08       2.14805975E-08
   386.1000       5.10440157E-09       3.61300679E-08       4.52796010E-08       2.15101855E-08
   386.2000       5.11142951E-09       3.61797309E-08       4.53420781E-08       2.15398106E-08
   386.3000       5.11846624E-09       3.62294553E-08       4.54046333E-08       2.15694726E-08
   386.4000       5.12551176E-09       3.62792412E-08       4.54672657E-08       2.15991713E-08
   386.5000       5.13256608E-09       3.63290888E-08       4.55299757E-08       2.16289068E-08
   386.6000       5.13962922E-09       3.63789980E-08       4.55927649E-08       2.16586794E-08
   386.7000       5.14670118E-09       3.64289691E-08       4.56556331E-08       2.16884896E-08
   386.8000       5.15378197E-09       3.64790015E-08       4.57185796E-08       2.17183363E-08
   386.9000       5.16087160E-09       3.65290952E-08       4.57816034E-08       2.17482193E-08
   387.0000       5.16797008E-09       3.65792507E-08       4.58447047E-08       2.17781387E-08
   387.1000       5.17507743E-09       3.66294685E-08       4.59078850E-08       2.18080957E-08
   387.2000       5.18219364E-09       3.66797482E-08       4.59711438E-08       2.18380897E-08
   387.3000       5.18931873E-09       3.67300896E-08       4.60344810E-08       2.18681207E-08
   387.4000       5.19645270E-09       3.67804934E-08       4.60978967E-08       2.18981892E-08
   387.5000       5.20359557E-09       3.68309593E-08       4.61613912E-08       2.19282950E-08
   387.6000       5.21074735E-09       3.68814875E-08       4.62249638E-08       2.19584379E-08
   387.7000       5.21790803E-09       3.69320784E-08       4.62886147E-08       2.19886183E-08
   387.8000       5.22507764E-09       3.69827318E-08       4.63523439E-08       2.20188359E-08
   387.9000       5.23225617E-09       3.70334480E-08       4.64161523E-08       2.20490911E-08
   388.0000       5.23944364E-09       3.70842272E-08       4.64800396E-08       2.20793842E-08
   388.1000       5.24664005E-09       3.71350686E-08       4.65440055E-08       2.21097144E-08
   388.2000       5.25384541E-09       3.71859726E-08       4.66080504E-08       2.21400820E-08
   388.3000       5.26105972E-09       3.72369390E-08       4.66721741E-08       2.21704866E-08
   388.4000       5.26828301E-09       3.72879680E-08       4.67363763E-08       2.22009282E-08
   388.5000       5.27551526E-09       3.73390595E-08       4.68006583E-08       2.22314072E-08
   388.6000       5.28275650E-09       3.73902135E-08       4.68650205E-08       2.22619238E-08
   388.7000       5.29000672E-09       3.74414299E-08       4.69294623E-08       2.22924775E-08
   388.8000       5.29726593E-09       3.74927088E-08       4.69939846E-08       2.23230690E-08
   388.9000       5.30453415E-09       3.75440505E-08       4.70585878E-08       2.23536984E-08
   389.0000       5.31181138E-09       3.75954544E-08       4.71232711E-08       2.23843651E-08
   389.1000       5.31909762E-09       3.76469208E-08       4.71880347E-08       2.24150697E-08
   389.2000       5.32639288E-09       3.76984501E-08       4.72528792E-08       2.24458125E-08
   389.3000       5.33369718E-09       3.77500423E-08       4.73178026E-08       2.24765925E-08
   389.4000       5.34101051E-09       3.78016976E-08       4.73828062E-08       2.25074105E-08
   389.5000       5.34833288E-09       3.78534159E-08       4.74478909E-08       2.25382669E-08
   389.6000       5.35566431E-09       3.79051973E-08       4.75130565E-08       2.25691616E-08
   389.7000       5.36300480E-09       3.79570418E-08       4.75783018E-08       2.26000939E-08
   389.8000       5.37035436E-09       3.80089495E-08       4.76436277E-08       2.26310641E-08
   389.9000       5.37771299E-09       3.80609204E-08       4.77090349E-08       2.26620726E-08
   390.0000       5.38508070E-09       3.81129552E-08       4.77745221E-08       2.26931195E-08
   390.1000       5.39245750E-09       3.81650536E-08       4.78400900E-08       2.27242048E-08
   390.2000       5.39984341E-09       3.82172156E-08       4.79057399E-08       2.27553288E-08
   390.3000       5.40723841E-09       3.82694408E-08       4.79714704E-08       2.27864907E-08
   390.4000       5.41464254E-09       3.83217297E-08       4.80372816E-08       2.28176907E-08
   390.5000       5.42205578E-09       3.83740823E-08       4.81031744E-08       2.28489289E-08
   390.6000       5.42947815E-09       3.84264986E-08       4.81691492E-08       2.28802058E-08
   390.7000       5.43690966E-09       3.84789783E-08       4.82352056E-08       2.29115206E-08
   390.8000       5.44435031E-09       3.85315218E-08       4.83013441E-08       2.29428740E-08
   390.9000       5.45180012E-09       3.85841291E-08       4.83675639E-08       2.29742654E-08
   391.0000       5.45925908E-09       3.86368001E-08       4.84338651E-08       2.30056949E-08
   391.1000       5.46672721E-09       3.86895342E-08       4.85002477E-08       2.30371619E-08
   391.2000       5.47420452E-09       3.87423318E-08       4.85667120E-08       2.30686668E-08
   391.3000       5.48169101E-09       3.87951931E-08       4.86332568E-08       2.31002098E-08
   391.4000       5.48918668E-09       3.88481182E-08       4.86998829E-08       2.31317912E-08
   391.5000       5.49669155E-09       3.89011071E-08       4.87665905E-08       2.31634109E-08
   391.6000       5.50420563E-09       3.89541600E-08       4.88333797E-08       2.31950690E-08
   391.7000       5.51172891E-09       3.90072770E-08       4.89002513E-08       2.32267659E-08
   391.8000       5.51926141E-09       3.90604579E-08       4.89672054E-08       2.32585016E-08
   391.9000       5.52680313E-09       3.91137031E-08       4.90342409E-08       2.32902760E-08
   392.0000       5.53435407E-09       3.91670125E-08       4.91013592E-08       2.33220893E-08
   392.1000       5.54191426E-09       3.92203860E-08       4.91685599E-08       2.33539415E-08
   392.2000       5.54948368E-09       3.92738240E-08       4.92358430E-08       2.33858328E-08
   392.3000       5.55706235E-09       3.93273263E-08       4.93032076E-08       2.34177628E-08
   392.4000       5.56465027E-09       3.93808928E-08       4.93706535E-08       2.34497314E-08
   392.5000       5.57224745E-09       3.94345237E-08       4.94381814E-08       2.34817387E-08
   392.6000       5.57985390E-09       3.94882192E-08       4.95057920E-08       2.35137850E-08
   392.7000       5.58746962E-09       3.95419795E-08       4.95734846E-08       2.35458701E-08
   392.8000       5.59509462E-09       3.95958048E-08       4.96412596E-08       2.35779944E-08
   392.9000       5.60272890E-09       3.96496947E-08       4.97091175E-08       2.36101573E-08
   393.0000       5.61037246E-09       3.97036493E-08       4.97770580E-08       2.36423589E-08
   393.1000       5.61802533E-09       3.97576685E-08       4.98450803E-08       2.36745987E-08
   393.2000       5.62568749E-09       3.98117529E-08       4.99131843E-08       2.37068770E-08
   393.3000       5.63335897E-09       3.98659030E-08       4.99813713E-08       2.37391950E-08
   393.4000       5.64103975E-09       3.99201180E-08       5.00496407E-08       2.37715518E-08
   393.5000       5.64872986E-09       3.99743982E-08       5.01179932E-08       2.38039475E-08
   393.6000       5.65642929E-09       4.00287431E-08       5.01864288E-08       2.38363818E-08
   393.7000       5.66413806E-09       4.00831526E-08       5.02549469E-08       2.38688546E-08
   393.8000       5.67185617E-09       4.01376276E-08       5.03235478E-08       2.39013670E-08
   393.9000       5.67958363E-09       4.01921683E-08       5.03922312E-08       2.39339189E-08
   394.0000       5.68732044E-09       4.02467741E-08       5.04609977E-08       2.39665099E-08
   394.1000       5.69506661E-09       4.03014451E-08       5.05298479E-08       2.39991403E-08
   394.2000       5.70282216E-09       4.03561813E-08       5.05987814E-08       2.40318099E-08
   394.3000       5.71058708E-09       4.04109828E-08       5.06677976E-08       2.40645185E-08
   394.4000       5.71836139E-09       4.04658497E-08       5.07368959E-08       2.40972662E-08
   394.5000       5.72614509E-09       4.05207824E-08       5.08060780E-08       2.41300538E-08
   394.6000       5.73393819E-09       4.05757808E-08       5.08753435E-08       2.41628811E-08
   394.7000       5.74174070E-09       4.06308449E-08       5.09446937E-08       2.41957484E-08
   394.8000       5.74955262E-09       4.06859742E-08       5.10141277E-08       2.42286548E-08
   394.9000       5.75737398E-09       4.07411691E-08       5.10836455E-08       2.42616008E-08
   395.0000       5.76520476E-09       4.07964298E-08       5.11532469E-08       2.42945866E-08
   395.1000       5.77304499E-09       4.08517562E-08       5.12229321E-08       2.43276118E-08
   395.2000       5.78089467E-09       4.09071488E-08       5.12927019E-08       2.43606770E-08
   395.3000       5.78875381E-09       4.09626073E-08       5.13625562E-08       2.43937818E-08
   395.4000       5.79662241E-09       4.10181316E-08       5.14324946E-08       2.44269258E-08
   395.5000       5.80450049E-09       4.10737216E-08       5.15025178E-08       2.44601092E-08
   395.6000       5.81238806E-09       4.11293778E-08       5.15726253E-08       2.44933323E-08
   395.7000       5.82028512E-09       4.11851007E-08       5.16428182E-08       2.45265960E-08
   395.8000       5.82819168E-09       4.12408898E-08       5.17130960E-08       2.45598998E-08
   395.9000       5.83610774E-09       4.12967451E-08       5.17834579E-08       2.45932433E-08
   396.0000       5.84403333E-09       4.13526665E-08       5.18539027E-08       2.46266256E-08
   396.1000       5.85196844E-09       4.14086542E-08       5.19244307E-08       2.46600471E-08
   396.2000       5.85991309E-09       4.14647082E-08       5.19950424E-08       2.46935080E-08
   396.3000       5.86786728E-09       4.15208290E-08       5.20657390E-08       2.47270087E-08
   396.4000       5.87583102E-09       4.15770158E-08       5.21365191E-08       2.47605486E-08
   396.5000       5.88380432E-09       4.16332689E-08       5.22073833E-08       2.47941278E-08
   396.6000       5.89178718E-09       4.16895887E-08       5.22783319E-08       2.48277469E-08
   396.7000       5.89977961E-09       4.17459748E-08       5.23493641E-08       2.48614056E-08
   396.8000       5.90778163E-09       4.18024278E-08       5.24204799E-08       2.48951044E-08
   396.9000       5.91579323E-09       4.18589475E-08       5.24916812E-08       2.49288435E-08
   397.0000       5.92381443E-09       4.19155337E-08       5.25629686E-08       2.49626232E-08
   397.1000       5.93184523E-09       4.19721865E-08       5.26343413E-08       2.49964429E-08
   397.2000       5.93988564E-09       4.20289060E-08       5.27057987E-08       2.50303024E-08
   397.3000       5.94793567E-09       4.20856925E-08       5.27773405E-08       2.50642020E-08
   397.4000       5.95599532E-09       4.21425457E-08       5.28489673E-08       2.50981415E-08
   397.5000       5.96406460E-09       4.21994658E-08       5.29206779E-08       2.51321209E-08
   397.6000       5.97214352E-09       4.22564532E-08       5.29924738E-08       2.51661407E-08
   397.7000       5.98023208E-09       4.23135072E-08       5.30643555E-08       2.52002005E-08
   397.8000       5.98833029E-09       4.23706281E-08       5.31363229E-08       2.52343007E-08
   397.9000       5.99643816E-09       4.24278159E-08       5.32083754E-08       2.52684408E-08
   398.0000       6.00455570E-09       4.24850709E-08       5.32805127E-08       2.53026210E-08
   398.1000       6.01268290E-09       4.25423934E-08       5.33527347E-08       2.53368419E-08
   398.2000       6.02081978E-09       4.25997833E-08       5.34250417E-08       2.53711033E-08
   398.3000       6.02896635E-09       4.26572403E-08       5.34974338E-08       2.54054050E-08
   398.4000       6.03712261E-09       4.27147648E-08       5.35699104E-08       2.54397470E-08
   398.5000       6.04528857E-09       4.27723570E-08       5.36424726E-08       2.54741298E-08
   398.6000       6.05346423E-09       4.28300164E-08       5.37151193E-08       2.55085525E-08
   398.7000       6.06164961E-09       4.28877431E-08       5.37878503E-08       2.55430152E-08
   398.8000       6.06984470E-09       4.29455374E-08       5.38606668E-08       2.55775187E-08
   398.9000       6.07804952E-09       4.30033995E-08       5.39335699E-08       2.56120634E-08
   399.0000       6.08626408E-09       4.30613298E-08       5.40065593E-08       2.56466493E-08
   399.1000       6.09448837E-09       4.31193284E-08       5.40796356E-08       2.56812767E-08
   399.2000       6.10272241E-09       4.31773954E-08       5.41527986E-08       2.57159453E-08
   399.3000       6.11096621E-09       4.32355305E-08       5.42260486E-08       2.57506547E-08
   399.4000       6.11921977E-09       4.32937334E-08       5.42993847E-08       2.57854045E-08
   399.5000       6.12748310E-09       4.33520042E-08       5.43728065E-08       2.58201945E-08
   399.6000       6.13575620E-09       4.34103434E-08       5.44463160E-08       2.58550261E-08
   399.7000       6.14403909E-09       4.34687507E-08       5.45199126E-08       2.58898983E-08
   399.8000       6.15233177E-09       4.35272264E-08       5.45935970E-08       2.59248117E-08
   399.9000       6.16063425E-09       4.35857704E-08       5.46673695E-08       2.59597664E-08
   400.0000       6.16894654E-09       4.36443828E-08       5.47412297E-08       2.59947621E-08
   400.1000       6.17726864E-09       4.37030637E-08       5.48151776E-08       2.60297990E-08
   400.2000       6.18560057E-09       4.37618129E-08       5.48892129E-08       2.60648767E-08
   400.3000       6.19394233E-09       4.38206310E-08       5.49633346E-08       2.60999952E-08
   400.4000       6.20229393E-09       4.38795173E-08       5.50375430E-08       2.61351544E-08
   400.5000       6.21065537E-09       4.39384719E-08       5.51118381E-08       2.61703538E-08
   400.6000       6.21902667E-09       4.39974951E-08       5.51862209E-08       2.62055945E-08
   400.7000       6.22740784E-09       4.40565870E-08       5.52606931E-08       2.62408772E-08
   400.8000       6.23579887E-09       4.41157475E-08       5.53352524E-08       2.62762009E-08
   400.9000       6.24419979E-09       4.41749767E-08       5.54098985E-08       2.63115659E-08
   401.0000       6.25261060E-09       4.42342748E-08       5.54846317E-08       2.63469722E-08
   401.1000       6.26103131E-09       4.42936423E-08       5.55594531E-08       2.63824205E-08
   401.2000       6.26946193E-09       4.43530789E-08       5.56343630E-08       2.64179106E-08
   401.3000       6.27790246E-09       4.44125847E-08       5.57093609E-08       2.64534425E-08
   401.4000       6.28635292E-09       4.44721598E-08       5.57844478E-08       2.64890164E-08
   401.5000       6.29481332E-09       4.45318042E-08       5.58596225E-08       2.65246318E-08
   401.6000       6.30328366E-09       4.45915182E-08       5.59348837E-08       2.65602885E-08
   401.7000       6.31176395E-09       4.46513016E-08       5.60102331E-08       2.65959868E-08
   401.8000       6.32025420E-09       4.47111544E-08       5.60856704E-08       2.66317265E-08
   401.9000       6.32875443E-09       4.47710770E-08       5.61611966E-08       2.66675081E-08
   402.0000       6.33726464E-09       4.48310693E-08       5.62368119E-08       2.67033314E-08
   402.1000       6.34578484E-09       4.48911314E-08       5.63125164E-08       2.67391969E-08
   402.2000       6.35431504E-09       4.49512634E-08       5.63883104E-08       2.67751044E-08
   402.3000       6.36285525E-09       4.50114652E-08       5.64641933E-08       2.68110535E-08
   402.4000       6.37140547E-09       4.50717364E-08       5.65401650E-08       2.68470439E-08
   402.5000       6.37996573E-09       4.51320770E-08       5.66162265E-08       2.68830758E-08
   402.6000       6.38853602E-09       4.51924872E-08       5.66923778E-08       2.69191496E-08
   402.7000       6.39711636E-09       4.52529669E-08       5.67686186E-08       2.69552652E-08
   402.8000       6.40570675E-09       4.53135162E-08       5.68449491E-08       2.69914225E-08
   402.9000       6.41430721E-09       4.53741349E-08       5.69213691E-08       2.70276216E-08
   403.0000       6.42291774E-09       4.54348235E-08       5.69978782E-08       2.70638627E-08
   403.1000       6.43153835E-09       4.54955822E-08       5.70744767E-08       2.71001461E-08
   403.2000       6.44016905E-09       4.55564108E-08       5.71511643E-08       2.71364713E-08
   403.3000       6.44880985E-09       4.56173092E-08       5.72279416E-08       2.71728387E-08
   403.4000       6.45746076E-09       4.56782778E-08       5.73048082E-08       2.72092484E-08
   403.5000       6.46612179E-09       4.57393163E-08       5.73817647E-08       2.72457006E-08
   403.6000       6.47479293E-09       4.58004239E-08       5.74588119E-08       2.72821948E-08
   403.7000       6.48347421E-09       4.58616012E-08       5.75359493E-08       2.73187313E-08
   403.8000       6.49216563E-09       4.59228484E-08       5.76131755E-08       2.73553102E-08
   403.9000       6.50086720E-09       4.59841656E-08       5.76904911E-08       2.73919314E-08
   404.0000       6.50957892E-09       4.60455529E-08       5.77678950E-08       2.74285946E-08
   404.1000       6.51830081E-09       4.61070097E-08       5.78453871E-08       2.74652992E-08
   404.2000       6.52703286E-09       4.61685369E-08       5.79229688E-08       2.75020465E-08
   404.3000       6.53577510E-09       4.62301338E-08       5.80006398E-08       2.75388358E-08
   404.4000       6.54452751E-09       4.62918002E-08       5.80784013E-08       2.75756675E-08
   404.5000       6.55329012E-09       4.63535368E-08       5.81562531E-08       2.76125419E-08
   404.6000       6.56206293E-09       4.64153443E-08       5.82341953E-08       2.76494595E-08
   404.7000       6.57084595E-09       4.64772231E-08       5.83122275E-08       2.76864206E-08
   404.8000       6.57963917E-09       4.65391735E-08       5.83903498E-08       2.77234247E-08
   404.9000       6.58844262E-09       4.66011943E-08       5.84685623E-08       2.77604711E-08
   405.0000       6.59725628E-09       4.66632862E-08       5.85468648E-08       2.77975597E-08
   405.1000       6.60608018E-09       4.67254489E-08       5.86252571E-08       2.78346905E-08
   405.2000       6.61491432E-09       4.67876822E-08       5.87037389E-08       2.78718630E-08
   405.3000       6.62375870E-09       4.68499867E-08       5.87823108E-08       2.79090778E-08
   405.4000       6.63261332E-09       4.69123624E-08       5.88609735E-08       2.79463351E-08
   405.5000       6.64147820E-09       4.69748093E-08       5.89397267E-08       2.79836348E-08
   405.6000       6.65035334E-09       4.70373269E-08       5.90185706E-08       2.80209765E-08
   405.7000       6.65923875E-09       4.70999153E-08       5.90975046E-08       2.80583604E-08
   405.8000       6.66813442E-09       4.71625751E-08       5.91765287E-08       2.80957869E-08
   405.9000       6.67704037E-09       4.72253061E-08       5.92556432E-08       2.81332560E-08
   406.0000       6.68595660E-09       4.72881083E-08       5.93348482E-08       2.81707679E-08
   406.1000       6.69488311E-09       4.73509818E-08       5.94141442E-08       2.82083228E-08
   406.2000       6.70381992E-09       4.74139268E-08       5.94935300E-08       2.82459204E-08
   406.3000       6.71276702E-09       4.74769437E-08       5.95730064E-08       2.82835612E-08
   406.4000       6.72172442E-09       4.75400322E-08       5.96525726E-08       2.83212449E-08
   406.5000       6.73069212E-09       4.76031919E-08       5.97322283E-08       2.83589709E-08
   406.6000       6.73967014E-09       4.76664227E-08       5.98119739E-08       2.83967394E-08
   406.7000       6.74865847E-09       4.77297249E-08       5.98918096E-08       2.84345503E-08
   406.8000       6.75765712E-09       4.77930987E-08       5.99717371E-08       2.84724048E-08
   406.9000       6.76666609E-09       4.78565438E-08       6.00517552E-08       2.85103022E-08
   407.0000       6.77568540E-09       4.79200608E-08       6.01318633E-08       2.85482426E-08
   407.1000       6.78471504E-09       4.79836494E-08       6.02120629E-08       2.85862261E-08
   407.2000       6.79375503E-09       4.80473097E-08       6.02923536E-08       2.86242531E-08
   407.3000       6.80280536E-09       4.81110419E-08       6.03727359E-08       2.86623232E-08
   407.4000       6.81186604E-09       4.81748462E-08       6.04532109E-08       2.87004369E-08
   407.5000       6.82093709E-09       4.82387226E-08       6.05337779E-08       2.87385938E-08
   407.6000       6.83001850E-09       4.83026707E-08       6.06144375E-08       2.87767941E-08
   407.7000       6.83911029E-09       4.83666911E-08       6.06951887E-08       2.88150377E-08
   407.8000       6.84821245E-09       4.84307841E-08       6.07760323E-08       2.88533254E-08
   407.9000       6.85732501E-09       4.84949498E-08       6.08569689E-08       2.88916570E-08
   408.0000       6.86644796E-09       4.85591877E-08       6.09379988E-08       2.89300324E-08
   408.1000       6.87558131E-09       4.86234978E-08       6.10191215E-08       2.89684509E-08
   408.2000       6.88472507E-09       4.86878805E-08       6.11003370E-08       2.90069128E-08
   408.3000       6.89387925E-09       4.87523359E-08       6.11816452E-08       2.90454181E-08
   408.4000       6.90304386E-09       4.88168642E-08       6.12630463E-08       2.90839670E-08
   408.5000       6.91221890E-09       4.88814652E-08       6.13445405E-08       2.91225593E-08
   408.6000       6.92140439E-09       4.89461389E-08       6.14261267E-08       2.91611947E-08
   408.7000       6.93060033E-09       4.90108855E-08       6.15078064E-08       2.91998741E-08
   408.8000       6.93980674E-09       4.90757050E-08       6.15895771E-08       2.92385963E-08
   408.9000       6.94902362E-09       4.91405978E-08       6.16714395E-08       2.92773622E-08
   409.0000       6.95825098E-09       4.92055638E-08       6.17533943E-08       2.93161721E-08
   409.1000       6.96748883E-09       4.92706028E-08       6.18354412E-08       2.93550252E-08
   409.2000       6.97673718E-09       4.93357150E-08       6.19175815E-08       2.93939222E-08
   409.3000       6.98599605E-09       4.94009002E-08       6.19998169E-08       2.94328637E-08
   409.4000       6.99526543E-09       4.94661585E-08       6.20821462E-08       2.94718493E-08
   409.5000       7.00454535E-09       4.95314906E-08       6.21645692E-08       2.95108794E-08
   409.6000       7.01383581E-09       4.95968962E-08       6.22470875E-08       2.95499546E-08
   409.7000       7.02313682E-09       4.96623752E-08       6.23296989E-08       2.95890737E-08
   409.8000       7.03244840E-09       4.97279278E-08       6.24124031E-08       2.96282367E-08
   409.9000       7.04177054E-09       4.97935537E-08       6.24952010E-08       2.96674439E-08
   410.0000       7.05110327E-09       4.98592529E-08       6.25780927E-08       2.97066949E-08
   410.1000       7.06044660E-09       4.99250256E-08       6.26610788E-08       2.97459903E-08
   410.2000       7.06980052E-09       4.99908720E-08       6.27441588E-08       2.97853302E-08
   410.3000       7.07916506E-09       5.00567918E-08       6.28273333E-08       2.98247143E-08
   410.4000       7.08854022E-09       5.01227847E-08       6.29105999E-08       2.98641416E-08
   410.5000       7.09792602E-09       5.01888512E-08       6.29939591E-08       2.99036125E-08
   410.6000       7.10732246E-09       5.02549911E-08       6.30774125E-08       2.99431278E-08
   410.7000       7.11672956E-09       5.03212052E-08       6.31609606E-08       2.99826881E-08
   410.8000       7.12614731E-09       5.03874935E-08       6.32446034E-08       3.00222933E-08
   410.9000       7.13557575E-09       5.04538563E-08       6.33283406E-08       3.00619436E-08
   411.0000       7.14501486E-09       5.05202929E-08       6.34121711E-08       3.01016378E-08
   411.1000       7.15446467E-09       5.05868034E-08       6.34960951E-08       3.01413763E-08
   411.2000       7.16392519E-09       5.06533881E-08       6.35801131E-08       3.01811592E-08
   411.3000       7.17339642E-09       5.07200472E-08       6.36642259E-08       3.02209869E-08
   411.4000       7.18287837E-09       5.07867805E-08       6.37484338E-08       3.02608594E-08
   411.5000       7.19237104E-09       5.08535881E-08       6.38327364E-08       3.03007765E-08
   411.6000       7.20187446E-09       5.09204699E-08       6.39171345E-08       3.03407385E-08
   411.7000       7.21138864E-09       5.09874256E-08       6.40016281E-08       3.03807451E-08
   411.8000       7.22091357E-09       5.10544559E-08       6.40862163E-08       3.04207964E-08
   411.9000       7.23044926E-09       5.11215605E-08       6.41708992E-08       3.04608923E-08
   412.0000       7.23999574E-09       5.11887389E-08       6.42556766E-08       3.05010325E-08
   412.1000       7.24955300E-09       5.12559912E-08       6.43405487E-08       3.05412166E-08
   412.2000       7.25912105E-09       5.13233178E-08       6.44255166E-08       3.05814456E-08
   412.3000       7.26869990E-09       5.13907191E-08       6.45105790E-08       3.06217194E-08
   412.4000       7.27828956E-09       5.14581949E-08       6.45957367E-08       3.06620381E-08
   412.5000       7.28789004E-09       5.15257453E-08       6.46809896E-08       3.07024017E-08
   412.6000       7.29750135E-09       5.15933707E-08       6.47663379E-08       3.07428104E-08
   412.7000       7.30712349E-09       5.16610705E-08       6.48517818E-08       3.07832641E-08
   412.8000       7.31675647E-09       5.17288456E-08       6.49373213E-08       3.08237630E-08
   412.9000       7.32640030E-09       5.17966958E-08       6.50229551E-08       3.08643069E-08
   413.0000       7.33605498E-09       5.18646218E-08       6.51086842E-08       3.09048964E-08
   413.1000       7.34572053E-09       5.19326232E-08       6.51945100E-08       3.09455317E-08
   413.2000       7.35539695E-09       5.20007004E-08       6.52804329E-08       3.09862130E-08
   413.3000       7.36508424E-09       5.20688534E-08       6.53664536E-08       3.10269403E-08
   413.4000       7.37478242E-09       5.21370822E-08       6.54525708E-08       3.10677130E-08
   413.5000       7.38449149E-09       5.22053864E-08       6.55387841E-08       3.11085305E-08
   413.6000       7.39421145E-09       5.22737667E-08       6.56250939E-08       3.11493937E-08
   413.7000       7.40394232E-09       5.23422235E-08       6.57115011E-08       3.11903029E-08
   413.8000       7.41368411E-09       5.24107577E-08       6.57980051E-08       3.12312584E-08
   413.9000       7.42343681E-09       5.24793688E-08       6.58846060E-08       3.12722599E-08
   414.0000       7.43320044E-09       5.25480566E-08       6.59713033E-08       3.13133069E-08
   414.1000       7.44297500E-09       5.26168208E-08       6.60580967E-08       3.13543990E-08
   414.2000       7.45276050E-09       5.26856617E-08       6.61449864E-08       3.13955364E-08
   414.3000       7.46255695E-09       5.27545790E-08       6.62319716E-08       3.14367187E-08
   414.4000       7.47236436E-09       5.28235729E-08       6.63190532E-08       3.14779463E-08
   414.5000       7.48218272E-09       5.28926432E-08       6.64062306E-08       3.15192186E-08
   414.6000       7.49201207E-09       5.29617903E-08       6.64935054E-08       3.15605366E-08
   414.7000       7.50185239E-09       5.30310141E-08       6.65808767E-08       3.16019002E-08
   414.8000       7.51170370E-09       5.31003147E-08       6.66683460E-08       3.16433101E-08
   414.9000       7.52156601E-09       5.31696919E-08       6.67559136E-08       3.16847660E-08
   415.0000       7.53143934E-09       5.32391456E-08       6.68435779E-08       3.17262671E-08
   415.1000       7.54132367E-09       5.33086758E-08       6.69313384E-08       3.17678133E-08
   415.2000       7.55121905E-09       5.33782826E-08       6.70191965E-08       3.18094055E-08
   415.3000       7.56112545E-09       5.34479665E-08       6.71071526E-08       3.18510446E-08
   415.4000       7.57104291E-09       5.35177273E-08       6.71952066E-08       3.18927305E-08
   415.5000       7.58097143E-09       5.35875643E-08       6.72833594E-08       3.19344622E-08
   415.6000       7.59091103E-09       5.36574775E-08       6.73716099E-08       3.19762397E-08
   415.7000       7.60086171E-09       5.37274676E-08       6.74599581E-08       3.20180636E-08
   415.8000       7.61082349E-09       5.37975345E-08       6.75484041E-08       3.20599337E-08
   415.9000       7.62079638E-09       5.38676779E-08       6.76369479E-08       3.21018499E-08
   416.0000       7.63078040E-09       5.39378991E-08       6.77255910E-08       3.21438139E-08
   416.1000       7.64077555E-09       5.40081974E-08       6.78143327E-08       3.21858245E-08
   416.2000       7.65078185E-09       5.40785728E-08       6.79031733E-08       3.22278820E-08
   416.3000       7.66079932E-09       5.41490255E-08       6.79921145E-08       3.22699871E-08
   416.4000       7.67082796E-09       5.42195555E-08       6.80811562E-08       3.23121389E-08
   416.5000       7.68086779E-09       5.42901625E-08       6.81702986E-08       3.23543375E-08
   416.6000       7.69091883E-09       5.43608477E-08       6.82595419E-08       3.23965839E-08
   416.7000       7.70098108E-09       5.44316106E-08       6.83488848E-08       3.24388770E-08
   416.8000       7.71105456E-09       5.45024517E-08       6.84383278E-08       3.24812173E-08
   416.9000       7.72113929E-09       5.45733713E-08       6.85278712E-08       3.25236049E-08
   417.0000       7.73123527E-09       5.46443693E-08       6.86175152E-08       3.25660400E-08
   417.1000       7.74134252E-09       5.47154464E-08       6.87072597E-08       3.26085228E-08
   417.2000       7.75146106E-09       5.47866029E-08       6.87971037E-08       3.26510527E-08
   417.3000       7.76159088E-09       5.48578384E-08       6.88870470E-08       3.26936295E-08
   417.4000       7.77173202E-09       5.49291534E-08       6.89770910E-08       3.27362537E-08
   417.5000       7.78188447E-09       5.50005479E-08       6.90672360E-08       3.27789254E-08
   417.6000       7.79204825E-09       5.50720219E-08       6.91574817E-08       3.28216443E-08
   417.7000       7.80222337E-09       5.51435755E-08       6.92478265E-08       3.28644098E-08
   417.8000       7.81240984E-09       5.52152086E-08       6.93382709E-08       3.29072221E-08
   417.9000       7.82260768E-09       5.52869218E-08       6.94288152E-08       3.29500815E-08
   418.0000       7.83281689E-09       5.53587155E-08       6.95194603E-08       3.29929890E-08
   418.1000       7.84303748E-09       5.54305894E-08       6.96102060E-08       3.30359441E-08
   418.2000       7.85326947E-09       5.55025432E-08       6.97010515E-08       3.30789461E-08
   418.3000       7.86351287E-09       5.55745772E-08       6.97919980E-08       3.31219961E-08
   418.4000       7.87376768E-09       5.56466912E-08       6.98830446E-08       3.31650934E-08
   418.5000       7.88403392E-09       5.57188848E-08       6.99741921E-08       3.32082382E-08
   418.6000       7.89431159E-09       5.57911582E-08       7.00654408E-08       3.32514308E-08
   418.7000       7.90460072E-09       5.58635113E-08       7.01567903E-08       3.32946710E-08
   418.8000       7.91490130E-09       5.59359439E-08       7.02482411E-08       3.33379590E-08
   418.9000       7.92521336E-09       5.60084563E-08       7.03397938E-08       3.33812950E-08
   419.0000       7.93553690E-09       5.60810482E-08       7.04314477E-08       3.34246785E-08
   419.1000       7.94587194E-09       5.61537198E-08       7.05232046E-08       3.34681104E-08
   419.2000       7.95621849E-09       5.62264709E-08       7.06150626E-08       3.35115896E-08
   419.3000       7.96657656E-09       5.62993012E-08       7.07070219E-08       3.35551161E-08
   419.4000       7.97694616E-09       5.63722111E-08       7.07990830E-08       3.35986904E-08
   419.5000       7.98732732E-09       5.64452011E-08       7.08912473E-08       3.36423136E-08
   419.6000       7.99772003E-09       5.65182708E-08       7.09835129E-08       3.36859846E-08
   419.7000       8.00812433E-09       5.65914203E-08       7.10758797E-08       3.37297031E-08
   419.8000       8.01854022E-09       5.66646494E-08       7.11683473E-08       3.37734690E-08
   419.9000       8.02896771E-09       5.67379583E-08       7.12609171E-08       3.38172830E-08
   420.0000       8.03940683E-09       5.68113471E-08       7.13535886E-08       3.38611451E-08
   420.1000       8.04985758E-09       5.68848156E-08       7.14463622E-08       3.39050553E-08
   420.2000       8.06031999E-09       5.69583641E-08       7.15392370E-08       3.39490134E-08
   420.3000       8.07079407E-09       5.70319929E-08       7.16322135E-08       3.39930202E-08
   420.4000       8.08127984E-09       5.71057021E-08       7.17252929E-08       3.40370760E-08
   420.5000       8.09177730E-09       5.71794918E-08       7.18184756E-08       3.40811805E-08
   420.6000       8.10228648E-09       5.72533620E-08       7.19117616E-08       3.41253337E-08
   420.7000       8.11280738E-09       5.73273128E-08       7.20051516E-08       3.41695357E-08
   420.8000       8.12334003E-09       5.74013446E-08       7.20986455E-08       3.42137871E-08
   420.9000       8.13388444E-09       5.74754571E-08       7.21922425E-08       3.42580872E-08
   421.0000       8.14444062E-09       5.75496510E-08       7.22859430E-08       3.43024367E-08
   421.1000       8.15500858E-09       5.76239261E-08       7.23797477E-08       3.43468353E-08
   421.2000       8.16558833E-09       5.76982829E-08       7.24736557E-08       3.43912831E-08
   421.3000       8.17617989E-09       5.77727212E-08       7.25676691E-08       3.44357802E-08
   421.4000       8.18678327E-09       5.78472402E-08       7.26617866E-08       3.44803253E-08
   421.5000       8.19739847E-09       5.79218404E-08       7.27560084E-08       3.45249191E-08
   421.6000       8.20802551E-09       5.79965221E-08       7.28503356E-08       3.45695621E-08
   421.7000       8.21866439E-09       5.80712854E-08       7.29447674E-08       3.46142540E-08
   421.8000       8.22931512E-09       5.81461308E-08       7.30393038E-08       3.46589951E-08
   421.9000       8.23997771E-09       5.82210584E-08       7.31339454E-08       3.47037859E-08
   422.0000       8.25065216E-09       5.82960680E-08       7.32286930E-08       3.47486264E-08
   422.1000       8.26133848E-09       5.83711595E-08       7.33235445E-08       3.47935158E-08
   422.2000       8.27203668E-09       5.84463327E-08       7.34185010E-08       3.48384543E-08
   422.3000       8.28274675E-09       5.85215886E-08       7.35135629E-08       3.48834425E-08
   422.4000       8.29346871E-09       5.85969264E-08       7.36087304E-08       3.49284799E-08
   422.5000       8.30420256E-09       5.86723466E-08       7.37040061E-08       3.49735676E-08
   422.6000       8.31494830E-09       5.87478499E-08       7.37993885E-08       3.50187058E-08
   422.7000       8.32570594E-09       5.88234360E-08       7.38948769E-08       3.50638935E-08
   422.8000       8.33647547E-09       5.88991051E-08       7.39904711E-08       3.51091309E-08
   422.9000       8.34725692E-09       5.89748577E-08       7.40861712E-08       3.51544185E-08
   423.0000       8.35805027E-09       5.90506936E-08       7.41819791E-08       3.51997566E-08
   423.1000       8.36885554E-09       5.91266134E-08       7.42778939E-08       3.52451449E-08
   423.2000       8.37967273E-09       5.92026174E-08       7.43739158E-08       3.52905839E-08
   423.3000       8.39050185E-09       5.92787057E-08       7.44700438E-08       3.53360734E-08
   423.4000       8.40134290E-09       5.93548784E-08       7.45662784E-08       3.53816134E-08
   423.5000       8.41219590E-09       5.94311352E-08       7.46626196E-08       3.54272036E-08
   423.6000       8.42306084E-09       5.95074753E-08       7.47590677E-08       3.54728431E-08
   423.7000       8.43393775E-09       5.95838997E-08       7.48556221E-08       3.55185325E-08
   423.8000       8.44482663E-09       5.96604088E-08       7.49522834E-08       3.55642728E-08
   423.9000       8.45572749E-09       5.97370026E-08       7.50490516E-08       3.56100635E-08
   424.0000       8.46664035E-09       5.98136813E-08       7.51459270E-08       3.56559046E-08
   424.1000       8.47756521E-09       5.98904445E-08       7.52429077E-08       3.57017957E-08
   424.2000       8.48850210E-09       5.99672924E-08       7.53399969E-08       3.57477379E-08
   424.3000       8.49945102E-09       6.00442258E-08       7.54371946E-08       3.57937314E-08
   424.4000       8.51041200E-09       6.01212450E-08       7.55344983E-08       3.58397757E-08
   424.5000       8.52138505E-09       6.01983494E-08       7.56319095E-08       3.58858710E-08
   424.6000       8.53237019E-09       6.02755396E-08       7.57294270E-08       3.59320172E-08
   424.7000       8.54336744E-09       6.03528158E-08       7.58270521E-08       3.59782149E-08
   424.8000       8.55437681E-09       6.04301771E-08       7.59247844E-08       3.60244633E-08
   424.9000       8.56539833E-09       6.05076243E-08       7.60226237E-08       3.60707627E-08
   425.0000       8.57643202E-09       6.05851576E-08       7.61205704E-08       3.61171134E-08
   425.1000       8.58747790E-09       6.06627768E-08       7.62186266E-08       3.61635158E-08
   425.2000       8.59853598E-09       6.07404816E-08       7.63167918E-08       3.62099697E-08
   425.3000       8.60960630E-09       6.08182722E-08       7.64150651E-08       3.62564744E-08
   425.4000       8.62068887E-09       6.08961489E-08       7.65134465E-08       3.63030305E-08
   425.5000       8.63178371E-09       6.09741114E-08       7.66119350E-08       3.63496368E-08
   425.6000       8.64289085E-09       6.10521602E-08       7.67105327E-08       3.63962948E-08
   425.7000       8.65401032E-09       6.11302949E-08       7.68092384E-08       3.64430038E-08
   425.8000       8.66514213E-09       6.12085147E-08       7.69080522E-08       3.64897631E-08
   425.9000       8.67628630E-09       6.12868202E-08       7.70069758E-08       3.65365740E-08
   426.0000       8.68744286E-09       6.13652116E-08       7.71060098E-08       3.65834366E-08
   426.1000       8.69861184E-09       6.14436890E-08       7.72051545E-08       3.66303508E-08
   426.2000       8.70979324E-09       6.15222521E-08       7.73044095E-08       3.66773165E-08
   426.3000       8.72098710E-09       6.16009012E-08       7.74037748E-08       3.67243340E-08
   426.4000       8.73219344E-09       6.16796362E-08       7.75032502E-08       3.67714034E-08
   426.5000       8.74341227E-09       6.17584574E-08       7.76028354E-08       3.68185247E-08
   426.6000       8.75464362E-09       6.18373649E-08       7.77025317E-08       3.68656983E-08
   426.7000       8.76588750E-09       6.19163591E-08       7.78023381E-08       3.69129239E-08
   426.8000       8.77714395E-09       6.19954400E-08       7.79022558E-08       3.69602023E-08
   426.9000       8.78841296E-09       6.20746074E-08       7.80022850E-08       3.70075331E-08
   427.0000       8.79969457E-09       6.21538621E-08       7.81024261E-08       3.70549170E-08
   427.1000       8.81098879E-09       6.22332041E-08       7.82026782E-08       3.71023534E-08
   427.2000       8.82229564E-09       6.23126329E-08       7.83030413E-08       3.71498416E-08
   427.3000       8.83361513E-09       6.23921485E-08       7.84035164E-08       3.71973820E-08
   427.4000       8.84494728E-09       6.24717519E-08       7.85041052E-08       3.72449759E-08
   427.5000       8.85629211E-09       6.25514434E-08       7.86048073E-08       3.72926234E-08
   427.6000       8.86764963E-09       6.26312228E-08       7.87056218E-08       3.73403237E-08
   427.7000       8.87901986E-09       6.27110900E-08       7.88065496E-08       3.73880770E-08
   427.8000       8.89040281E-09       6.27910449E-08       7.89075909E-08       3.74358828E-08
   427.9000       8.90179849E-09       6.28710872E-08       7.90087457E-08       3.74837412E-08
   428.0000       8.91320692E-09       6.29512174E-08       7.91100115E-08       3.75316515E-08
   428.1000       8.92462810E-09       6.30314355E-08       7.92113886E-08       3.75796142E-08
   428.2000       8.93606206E-09       6.31117418E-08       7.93128764E-08       3.76276294E-08
   428.3000       8.94750879E-09       6.31921363E-08       7.94144768E-08       3.76756972E-08
   428.4000       8.95896832E-09       6.32726191E-08       7.95161880E-08       3.77238177E-08
   428.5000       8.97044065E-09       6.33531902E-08       7.96180112E-08       3.77719910E-08
   428.6000       8.98192580E-09       6.34338496E-08       7.97199453E-08       3.78202168E-08
   428.7000       8.99342378E-09       6.35145978E-08       7.98219918E-08       3.78684958E-08
   428.8000       9.00493458E-09       6.35954356E-08       7.99241522E-08       3.79168294E-08
   428.9000       9.01645824E-09       6.36763621E-08       8.00264247E-08       3.79652157E-08
   429.0000       9.02799475E-09       6.37573776E-08       8.01288109E-08       3.80136555E-08
   429.1000       9.03954412E-09       6.38384823E-08       8.02313102E-08       3.80621490E-08
   429.2000       9.05110637E-09       6.39196767E-08       8.03339244E-08       3.81106972E-08
   429.3000       9.06268151E-09       6.40009605E-08       8.04366536E-08       3.81592998E-08
   429.4000       9.07426954E-09       6.40823329E-08       8.05394954E-08       3.82079552E-08
   429.5000       9.08587048E-09       6.41637942E-08       8.06424505E-08       3.82566638E-08
   429.6000       9.09748433E-09       6.42453451E-08       8.07455193E-08       3.83054263E-08
   429.7000       9.10911111E-09       6.43269858E-08       8.08487007E-08       3.83542419E-08
   429.8000       9.12075083E-09       6.44087163E-08       8.09519956E-08       3.84031112E-08
   429.9000       9.13240350E-09       6.44905368E-08       8.10554054E-08       3.84520348E-08
   430.0000       9.14406914E-09       6.45724480E-08       8.11589304E-08       3.85010132E-08
   430.1000       9.15574774E-09       6.46544500E-08       8.12625699E-08       3.85500458E-08
   430.2000       9.16743934E-09       6.47365420E-08       8.13663228E-08       3.85991317E-08
   430.3000       9.17914393E-09       6.48187251E-08       8.14701922E-08       3.86482733E-08
   430.4000       9.19086153E-09       6.49009993E-08       8.15741771E-08       3.86974693E-08
   430.5000       9.20259216E-09       6.49833639E-08       8.16782760E-08       3.87467190E-08
   430.6000       9.21433583E-09       6.50658197E-08       8.17824914E-08       3.87960233E-08
   430.7000       9.22609255E-09       6.51483668E-08       8.18868215E-08       3.88453821E-08
   430.8000       9.23786234E-09       6.52310055E-08       8.19912684E-08       3.88947961E-08
   430.9000       9.24964521E-09       6.53137360E-08       8.20958325E-08       3.89442656E-08
   431.0000       9.26144118E-09       6.53965571E-08       8.22005116E-08       3.89937886E-08
   431.1000       9.27325027E-09       6.54794697E-08       8.23053070E-08       3.90433665E-08
   431.2000       9.28507249E-09       6.55624737E-08       8.24102198E-08       3.90929993E-08
   431.3000       9.29690785E-09       6.56455696E-08       8.25152497E-08       3.91426870E-08
   431.4000       9.30875637E-09       6.57287576E-08       8.26203979E-08       3.91924305E-08
   431.5000       9.32061807E-09       6.58120368E-08       8.27256625E-08       3.92422283E-08
   431.6000       9.33249297E-09       6.58954080E-08       8.28310460E-08       3.92920820E-08
   431.7000       9.34438107E-09       6.59788712E-08       8.29365465E-08       3.93419909E-08
   431.8000       9.35628241E-09       6.60624261E-08       8.30421631E-08       3.93919544E-08
   431.9000       9.36819700E-09       6.61460731E-08       8.31478977E-08       3.94419733E-08
   432.0000       9.38012485E-09       6.62298120E-08       8.32537493E-08       3.94920471E-08
   432.1000       9.39206598E-09       6.63136433E-08       8.33597201E-08       3.95421770E-08
   432.2000       9.40402041E-09       6.63975668E-08       8.34658092E-08       3.95923625E-08
   432.3000       9.41598816E-09       6.64815829E-08       8.35720158E-08       3.96426034E-08
   432.4000       9.42796924E-09       6.65656923E-08       8.36783412E-08       3.96929002E-08
   432.5000       9.43996367E-09       6.66498940E-08       8.37847842E-08       3.97432522E-08
   432.6000       9.45197147E-09       6.67341882E-08       8.38913448E-08       3.97936595E-08
   432.7000       9.46399265E-09       6.68185756E-08       8.39980237E-08       3.98441227E-08
   432.8000       9.47602724E-09       6.69030564E-08       8.41048221E-08       3.98946424E-08
   432.9000       9.48807525E-09       6.69876306E-08       8.42117397E-08       3.99452182E-08
   433.0000       9.50013670E-09       6.70722982E-08       8.43187766E-08       3.99958503E-08
   433.1000       9.51221160E-09       6.71570590E-08       8.44259316E-08       4.00465379E-08
   433.2000       9.52429998E-09       6.72419131E-08       8.45332055E-08       4.00972812E-08
   433.3000       9.53640184E-09       6.73268610E-08       8.46405966E-08       4.01480795E-08
   433.4000       9.54851721E-09       6.74119030E-08       8.47481058E-08       4.01989337E-08
   433.5000       9.56064610E-09       6.74970396E-08       8.48557342E-08       4.02498447E-08
   433.6000       9.57278854E-09       6.75822712E-08       8.49634826E-08       4.03008133E-08
   433.7000       9.58494453E-09       6.76675977E-08       8.50713502E-08       4.03518387E-08
   433.8000       9.59711410E-09       6.77530195E-08       8.51793390E-08       4.04029218E-08
   433.9000       9.60929726E-09       6.78385361E-08       8.52874481E-08       4.04540615E-08
   434.0000       9.62149402E-09       6.79241473E-08       8.53956782E-08       4.05052579E-08
   434.1000       9.63370442E-09       6.80098532E-08       8.55040281E-08       4.05565106E-08
   434.2000       9.64592845E-09       6.80956547E-08       8.56124986E-08       4.06078200E-08
   434.3000       9.65816615E-09       6.81815518E-08       8.57210903E-08       4.06591865E-08
   434.4000       9.67041753E-09       6.82675442E-08       8.58298040E-08       4.07106102E-08
   434.5000       9.68268260E-09       6.83536326E-08       8.59386400E-08       4.07620915E-08
   434.6000       9.69496138E-09       6.84398163E-08       8.60475982E-08       4.08136299E-08
   434.7000       9.70725389E-09       6.85260953E-08       8.61566767E-08       4.08652248E-08
   434.8000       9.71956015E-09       6.86124700E-08       8.62658765E-08       4.09168773E-08
   434.9000       9.73188018E-09       6.86989404E-08       8.63751990E-08       4.09685871E-08
   435.0000       9.74421399E-09       6.87855067E-08       8.64846422E-08       4.10203543E-08
   435.1000       9.75656161E-09       6.88721691E-08       8.65942071E-08       4.10721791E-08
   435.2000       9.76892304E-09       6.89589273E-08       8.67038940E-08       4.11240612E-08
   435.3000       9.78129831E-09       6.90457817E-08       8.68137045E-08       4.11760019E-08
   435.4000       9.79368744E-09       6.91327320E-08       8.69236376E-08       4.12280004E-08
   435.5000       9.80609045E-09       6.92197787E-08       8.70336935E-08       4.12800568E-08
   435.6000       9.81850736E-09       6.93069228E-08       8.71438735E-08       4.13321723E-08
   435.7000       9.83093817E-09       6.93941636E-08       8.72541773E-08       4.13843462E-08
   435.8000       9.84338293E-09       6.94815011E-08       8.73646039E-08       4.14365780E-08
   435.9000       9.85584163E-09       6.95689354E-08       8.74751549E-08       4.14888683E-08
   436.0000       9.86831432E-09       6.96564669E-08       8.75858291E-08       4.15412164E-08
   436.1000       9.88080099E-09       6.97440951E-08       8.76966257E-08       4.15936219E-08
   436.2000       9.89330168E-09       6.98318205E-08       8.78075454E-08       4.16460848E-08
   436.3000       9.90581640E-09       6.99196438E-08       8.79185878E-08       4.16986060E-08
   436.4000       9.91834518E-09       7.00075650E-08       8.80297538E-08       4.17511855E-08
   436.5000       9.93088803E-09       7.00955842E-08       8.81410443E-08       4.18038238E-08
   436.6000       9.94344497E-09       7.01837016E-08       8.82524609E-08       4.18565215E-08
   436.7000       9.95601603E-09       7.02719167E-08       8.83640039E-08       4.19092785E-08
   436.8000       9.96860123E-09       7.03602302E-08       8.84756731E-08       4.19620953E-08
   436.9000       9.98120058E-09       7.04486431E-08       8.85874692E-08       4.20149726E-08
   437.0000       9.99381411E-09       7.05371547E-08       8.86993932E-08       4.20679097E-08
   437.1000       1.00064418E-08       7.06257648E-08       8.88114448E-08       4.21209064E-08
   437.2000       1.00190838E-08       7.07144736E-08       8.89236234E-08       4.21739623E-08
   437.3000       1.00317400E-08       7.08032819E-08       8.90359299E-08       4.22270783E-08
   437.4000       1.00444104E-08       7.08921900E-08       8.91483629E-08       4.22802542E-08
   437.5000       1.00570951E-08       7.09811978E-08       8.92609231E-08       4.23334900E-08
   437.6000       1.00697942E-08       7.10703050E-08       8.93736103E-08       4.23867848E-08
   437.7000       1.00825075E-08       7.11595122E-08       8.94864262E-08       4.24401397E-08
   437.8000       1.00952352E-08       7.12488194E-08       8.95993700E-08       4.24935545E-08
   437.9000       1.01079772E-08       7.13382270E-08       8.97124422E-08       4.25470295E-08
   438.0000       1.01207336E-08       7.14277358E-08       8.98256425E-08       4.26005651E-08
   438.1000       1.01335045E-08       7.15173463E-08       8.99389706E-08       4.26541612E-08
   438.2000       1.01462897E-08       7.16070577E-08       9.00524265E-08       4.27078173E-08
   438.3000       1.01590894E-08       7.16968707E-08       9.01660108E-08       4.27615343E-08
   438.4000       1.01719035E-08       7.17867851E-08       9.02797244E-08       4.28153123E-08
   438.5000       1.01847322E-08       7.18768012E-08       9.03935687E-08       4.28691514E-08
   438.6000       1.01975753E-08       7.19669193E-08       9.05075441E-08       4.29230520E-08
   438.7000       1.02104329E-08       7.20571400E-08       9.06216485E-08       4.29770138E-08
   438.8000       1.02233051E-08       7.21474629E-08       9.07358813E-08       4.30310363E-08
   438.9000       1.02361919E-08       7.22378882E-08       9.08502418E-08       4.30851191E-08
   439.0000       1.02490932E-08       7.23284153E-08       9.09647303E-08       4.31392616E-08
   439.1000       1.02620091E-08       7.24190445E-08       9.10793464E-08       4.31934642E-08
   439.2000       1.02749397E-08       7.25097760E-08       9.11940941E-08       4.32477289E-08
   439.3000       1.02878849E-08       7.26006104E-08       9.13089702E-08       4.33020545E-08
   439.4000       1.03008448E-08       7.26915478E-08       9.14239752E-08       4.33564410E-08
   439.5000       1.03138194E-08       7.27825876E-08       9.15391107E-08       4.34108887E-08
   439.6000       1.03268086E-08       7.28737301E-08       9.16543763E-08       4.34653975E-08
   439.7000       1.03398127E-08       7.29649761E-08       9.17697715E-08       4.35199681E-08
   439.8000       1.03528314E-08       7.30563253E-08       9.18852983E-08       4.35746008E-08
   439.9000       1.03658650E-08       7.31477785E-08       9.20009573E-08       4.36292962E-08
   440.0000       1.03789134E-08       7.32393354E-08       9.21167479E-08       4.36840540E-08
   440.1000       1.03919766E-08       7.33309963E-08       9.22326713E-08       4.37388745E-08
   440.2000       1.04050547E-08       7.34227608E-08       9.23487260E-08       4.37937569E-08
   440.3000       1.04181476E-08       7.35146290E-08       9.24649122E-08       4.38487014E-08
   440.4000       1.04312555E-08       7.36066010E-08       9.25812296E-08       4.39037079E-08
   440.5000       1.04443783E-08       7.36986769E-08       9.26976784E-08       4.39587766E-08
   440.6000       1.04575161E-08       7.37908574E-08       9.28142581E-08       4.40139079E-08
   440.7000       1.04706688E-08       7.38831428E-08       9.29309690E-08       4.40691026E-08
   440.8000       1.04838366E-08       7.39755330E-08       9.30478130E-08       4.41243606E-08
   440.9000       1.04970195E-08       7.40680281E-08       9.31647910E-08       4.41796821E-08
   441.0000       1.05102174E-08       7.41606281E-08       9.32819012E-08       4.42350660E-08
   441.1000       1.05234304E-08       7.42533334E-08       9.33991427E-08       4.42905117E-08
   441.2000       1.05366585E-08       7.43461447E-08       9.35165175E-08       4.43460209E-08
   441.3000       1.05499018E-08       7.44390625E-08       9.36340273E-08       4.44015945E-08
   441.4000       1.05631603E-08       7.45320858E-08       9.37516719E-08       4.44572316E-08
   441.5000       1.05764340E-08       7.46252143E-08       9.38694500E-08       4.45129309E-08
   441.6000       1.05897230E-08       7.47184486E-08       9.39873646E-08       4.45686941E-08
   441.7000       1.06030272E-08       7.48117897E-08       9.41054150E-08       4.46245213E-08
   441.8000       1.06163467E-08       7.49052371E-08       9.42236018E-08       4.46804124E-08
   441.9000       1.06296815E-08       7.49987906E-08       9.43419238E-08       4.47363665E-08
   442.0000       1.06430317E-08       7.50924509E-08       9.44603813E-08       4.47923845E-08
   442.1000       1.06563973E-08       7.51862179E-08       9.45789752E-08       4.48484662E-08
   442.2000       1.06697783E-08       7.52800910E-08       9.46977050E-08       4.49046113E-08
   442.3000       1.06831746E-08       7.53740712E-08       9.48165729E-08       4.49608211E-08
   442.4000       1.06965865E-08       7.54681586E-08       9.49355779E-08       4.50170953E-08
   442.5000       1.07100138E-08       7.55623533E-08       9.50547200E-08       4.50734341E-08
   442.6000       1.07234566E-08       7.56566553E-08       9.51739998E-08       4.51298377E-08
   442.7000       1.07369150E-08       7.57510656E-08       9.52934169E-08       4.51863065E-08
   442.8000       1.07503889E-08       7.58455834E-08       9.54129714E-08       4.52428397E-08
   442.9000       1.07638783E-08       7.59402103E-08       9.55326650E-08       4.52994391E-08
   443.0000       1.07773834E-08       7.60349462E-08       9.56524971E-08       4.53561043E-08
   443.1000       1.07909041E-08       7.61297913E-08       9.57724661E-08       4.54128349E-08
   443.2000       1.08044404E-08       7.62247456E-08       9.58925716E-08       4.54696303E-08
   443.3000       1.08179923E-08       7.63198096E-08       9.60128131E-08       4.55264907E-08
   443.4000       1.08315599E-08       7.64149827E-08       9.61331925E-08       4.55834159E-08
   443.5000       1.08451433E-08       7.65102655E-08       9.62537103E-08       4.56404064E-08
   443.6000       1.08587423E-08       7.66056589E-08       9.63743678E-08       4.56974630E-08
   443.7000       1.08723571E-08       7.67011629E-08       9.64951645E-08       4.57545850E-08
   443.8000       1.08859876E-08       7.67967777E-08       9.66160992E-08       4.58117726E-08
   443.9000       1.08996339E-08       7.68925033E-08       9.67371732E-08       4.58690256E-08
   444.0000       1.09132960E-08       7.69883392E-08       9.68583876E-08       4.59263441E-08
   444.1000       1.09269740E-08       7.70842859E-08       9.69797429E-08       4.59837286E-08
   444.2000       1.09406678E-08       7.71803441E-08       9.71012394E-08       4.60411800E-08
   444.3000       1.09543774E-08       7.72765138E-08       9.72228759E-08       4.60986975E-08
   444.4000       1.09681030E-08       7.73727954E-08       9.73446511E-08       4.61562809E-08
   444.5000       1.09818444E-08       7.74691891E-08       9.74665676E-08       4.62139314E-08
   444.6000       1.09956018E-08       7.75656947E-08       9.75886251E-08       4.62716485E-08
   444.7000       1.10093751E-08       7.76623129E-08       9.77108246E-08       4.63294331E-08
   444.8000       1.10231645E-08       7.77590436E-08       9.78331659E-08       4.63872847E-08
   444.9000       1.10369698E-08       7.78558875E-08       9.79556507E-08       4.64452040E-08
   445.0000       1.10507912E-08       7.79528438E-08       9.80782766E-08       4.65031895E-08
   445.1000       1.10646287E-08       7.80499127E-08       9.82010452E-08       4.65612418E-08
   445.2000       1.10784822E-08       7.81470951E-08       9.83239576E-08       4.66193620E-08
   445.3000       1.10923519E-08       7.82443914E-08       9.84470130E-08       4.66775499E-08
   445.4000       1.11062377E-08       7.83418007E-08       9.85702108E-08       4.67358049E-08
   445.5000       1.11201398E-08       7.84393234E-08       9.86935517E-08       4.67941271E-08
   445.6000       1.11340580E-08       7.85369597E-08       9.88170363E-08       4.68525171E-08
   445.7000       1.11479925E-08       7.86347096E-08       9.89406669E-08       4.69109757E-08
   445.8000       1.11619432E-08       7.87325725E-08       9.90644424E-08       4.69695019E-08
   445.9000       1.11759103E-08       7.88305485E-08       9.91883619E-08       4.70280958E-08
   446.0000       1.11898937E-08       7.89286383E-08       9.93124255E-08       4.70867581E-08
   446.1000       1.12038935E-08       7.90268418E-08       9.94366337E-08       4.71454887E-08
   446.2000       1.12179097E-08       7.91251598E-08       9.95609880E-08       4.72042889E-08
   446.3000       1.12319423E-08       7.92235922E-08       9.96854895E-08       4.72631586E-08
   446.4000       1.12459914E-08       7.93221395E-08       9.98101373E-08       4.73220977E-08
   446.5000       1.12600570E-08       7.94208014E-08       9.99349316E-08       4.73811062E-08
   446.6000       1.12741392E-08       7.95195774E-08       1.00059871E-07       4.74401827E-08
   446.7000       1.12882380E-08       7.96184680E-08       1.00184957E-07       4.74993283E-08
   446.8000       1.13023533E-08       7.97174733E-08       1.00310188E-07       4.75585423E-08
   446.9000       1.13164853E-08       7.98165936E-08       1.00435564E-07       4.76178256E-08
   447.0000       1.13306340E-08       7.99158293E-08       1.00561088E-07       4.76771782E-08
   447.1000       1.13447993E-08       8.00151807E-08       1.00686761E-07       4.77366007E-08
   447.2000       1.13589814E-08       8.01146487E-08       1.00812583E-07       4.77960936E-08
   447.3000       1.13731803E-08       8.02142329E-08       1.00938553E-07       4.78556562E-08
   447.4000       1.13873960E-08       8.03139343E-08       1.01064674E-07       4.79152897E-08
   447.5000       1.14016285E-08       8.04137531E-08       1.01190943E-07       4.79749937E-08
   447.6000       1.14158778E-08       8.05136897E-08       1.01317361E-07       4.80347684E-08
   447.7000       1.14301440E-08       8.06137446E-08       1.01443929E-07       4.80946144E-08
   447.8000       1.14444272E-08       8.07139178E-08       1.01570650E-07       4.81545321E-08
   447.9000       1.14587273E-08       8.08142096E-08       1.01697520E-07       4.82145204E-08
   448.0000       1.14730443E-08       8.09146208E-08       1.01824540E-07       4.82745800E-08
   448.1000       1.14873783E-08       8.10151519E-08       1.01951711E-07       4.83347115E-08
   448.2000       1.15017293E-08       8.11158036E-08       1.02079033E-07       4.83949147E-08
   448.3000       1.15160974E-08       8.12165759E-08       1.02206508E-07       4.84551896E-08
   448.4000       1.15304825E-08       8.13174684E-08       1.02334132E-07       4.85155352E-08
   448.5000       1.15448848E-08       8.14184818E-08       1.02461909E-07       4.85759529E-08
   448.6000       1.15593041E-08       8.15196165E-08       1.02589838E-07       4.86364429E-08
   448.7000       1.15737406E-08       8.16208721E-08       1.02717921E-07       4.86970045E-08
   448.8000       1.15881942E-08       8.17222493E-08       1.02846157E-07       4.87576381E-08
   448.9000       1.16026650E-08       8.18237485E-08       1.02974549E-07       4.88183446E-08
   449.0000       1.16171531E-08       8.19253698E-08       1.03103096E-07       4.88791238E-08
   449.1000       1.16316583E-08       8.20271134E-08       1.03231797E-07       4.89399753E-08
   449.2000       1.16461809E-08       8.21289798E-08       1.03360653E-07       4.90008998E-08
   449.3000       1.16607207E-08       8.22309692E-08       1.03489664E-07       4.90618974E-08
   449.4000       1.16752778E-08       8.23330814E-08       1.03618829E-07       4.91229677E-08
   449.5000       1.16898523E-08       8.24353166E-08       1.03748149E-07       4.91841111E-08
   449.6000       1.17044442E-08       8.25376748E-08       1.03877622E-07       4.92453278E-08
   449.7000       1.17190535E-08       8.26401557E-08       1.04007250E-07       4.93066177E-08
   449.8000       1.17336802E-08       8.27427596E-08       1.04137034E-07       4.93679809E-08
   449.9000       1.17483244E-08       8.28454873E-08       1.04266974E-07       4.94294180E-08
   450.0000       1.17629861E-08       8.29483385E-08       1.04397068E-07       4.94909285E-08
   450.1000       1.17776654E-08       8.30513132E-08       1.04527318E-07       4.95525121E-08
   450.2000       1.17923622E-08       8.31544109E-08       1.04657724E-07       4.96141694E-08
   450.3000       1.18070767E-08       8.32576316E-08       1.04788286E-07       4.96759001E-08
   450.4000       1.18218088E-08       8.33609755E-08       1.04919007E-07       4.97377047E-08
   450.5000       1.18365586E-08       8.34644431E-08       1.05049885E-07       4.97995833E-08
   450.6000       1.18513261E-08       8.35680350E-08       1.05180923E-07       4.98615377E-08
   450.7000       1.18661115E-08       8.36717511E-08       1.05312120E-07       4.99235672E-08
   450.8000       1.18809146E-08       8.37755914E-08       1.05443477E-07       4.99856720E-08
   450.9000       1.18957356E-08       8.38795552E-08       1.05574995E-07       5.00478509E-08
   451.0000       1.19105745E-08       8.39836432E-08       1.05706672E-07       5.01101047E-08
   451.1000       1.19254314E-08       8.40878566E-08       1.05838509E-07       5.01724342E-08
   451.2000       1.19403062E-08       8.41921954E-08       1.05970506E-07       5.02348394E-08
   451.3000       1.19551991E-08       8.42966592E-08       1.06102663E-07       5.02973199E-08
   451.4000       1.19701101E-08       8.44012486E-08       1.06234979E-07       5.03598759E-08
   451.5000       1.19850392E-08       8.45059628E-08       1.06367455E-07       5.04225061E-08
   451.6000       1.19999865E-08       8.46108022E-08       1.06500091E-07       5.04852114E-08
   451.7000       1.20149519E-08       8.47157677E-08       1.06632889E-07       5.05479926E-08
   451.8000       1.20299356E-08       8.48208596E-08       1.06765849E-07       5.06108499E-08
   451.9000       1.20449377E-08       8.49260782E-08       1.06898969E-07       5.06737829E-08
   452.0000       1.20599580E-08       8.50314241E-08       1.07032251E-07       5.07367924E-08
   452.1000       1.20749967E-08       8.51368970E-08       1.07165695E-07       5.07998782E-08
   452.2000       1.20900538E-08       8.52424971E-08       1.07299304E-07       5.08630412E-08
   452.3000       1.21051294E-08       8.53482257E-08       1.07433077E-07       5.09262818E-08
   452.4000       1.21202234E-08       8.54540816E-08       1.07567012E-07       5.09895983E-08
   452.5000       1.21353360E-08       8.55600652E-08       1.07701111E-07       5.10529910E-08
   452.6000       1.21504670E-08       8.56661772E-08       1.07835372E-07       5.11164599E-08
   452.7000       1.21656167E-08       8.57724181E-08       1.07969797E-07       5.11800062E-08
   452.8000       1.21807850E-08       8.58787878E-08       1.08104385E-07       5.12436293E-08
   452.9000       1.21959719E-08       8.59852867E-08       1.08239135E-07       5.13073291E-08
   453.0000       1.22111774E-08       8.60919155E-08       1.08374050E-07       5.13711072E-08
   453.1000       1.22264017E-08       8.61986737E-08       1.08509129E-07       5.14349628E-08
   453.2000       1.22416446E-08       8.63055617E-08       1.08644373E-07       5.14988957E-08
   453.3000       1.22569063E-08       8.64125801E-08       1.08779782E-07       5.15629069E-08
   453.4000       1.22721868E-08       8.65197292E-08       1.08915359E-07       5.16269971E-08
   453.5000       1.22874860E-08       8.66270087E-08       1.09051100E-07       5.16911654E-08
   453.6000       1.23028041E-08       8.67344191E-08       1.09187006E-07       5.17554122E-08
   453.7000       1.23181410E-08       8.68419606E-08       1.09323077E-07       5.18197378E-08
   453.8000       1.23334967E-08       8.69496331E-08       1.09459313E-07       5.18841420E-08
   453.9000       1.23488713E-08       8.70574364E-08       1.09595716E-07       5.19486247E-08
   454.0000       1.23642647E-08       8.71653710E-08       1.09732284E-07       5.20131856E-08
   454.1000       1.23796771E-08       8.72734373E-08       1.09869020E-07       5.20778257E-08
   454.2000       1.23951084E-08       8.73816362E-08       1.10005925E-07       5.21425459E-08
   454.3000       1.24105587E-08       8.74899671E-08       1.10143001E-07       5.22073456E-08
   454.4000       1.24260280E-08       8.75984301E-08       1.10280245E-07       5.22722246E-08
   454.5000       1.24415162E-08       8.77070261E-08       1.10417660E-07       5.23371835E-08
   454.6000       1.24570235E-08       8.78157559E-08       1.10555247E-07       5.24022234E-08
   454.7000       1.24725498E-08       8.79246190E-08       1.10693005E-07       5.24673434E-08
   454.8000       1.24880952E-08       8.80336162E-08       1.10830933E-07       5.25325438E-08
   454.9000       1.25036597E-08       8.81427486E-08       1.10969033E-07       5.25978251E-08
   455.0000       1.25192433E-08       8.82520160E-08       1.11107305E-07       5.26631874E-08
   455.1000       1.25348461E-08       8.83614186E-08       1.11245747E-07       5.27286301E-08
   455.2000       1.25504681E-08       8.84709560E-08       1.11384360E-07       5.27941529E-08
   455.3000       1.25661093E-08       8.85806281E-08       1.11523143E-07       5.28597556E-08
   455.4000       1.25817697E-08       8.86904361E-08       1.11662098E-07       5.29254393E-08
   455.5000       1.25974494E-08       8.88003806E-08       1.11801226E-07       5.29912049E-08
   455.6000       1.26131484E-08       8.89104609E-08       1.11940526E-07       5.30570514E-08
   455.7000       1.26288667E-08       8.90206776E-08       1.12080000E-07       5.31229794E-08
   455.8000       1.26446045E-08       8.91310309E-08       1.12219649E-07       5.31889885E-08
   455.9000       1.26603616E-08       8.92415217E-08       1.12359472E-07       5.32550804E-08
   456.0000       1.26761382E-08       8.93521503E-08       1.12499472E-07       5.33212553E-08
   456.1000       1.26919343E-08       8.94629163E-08       1.12639647E-07       5.33875128E-08
   456.2000       1.27077500E-08       8.95738202E-08       1.12779998E-07       5.34538532E-08
   456.3000       1.27235852E-08       8.96848625E-08       1.12920527E-07       5.35202772E-08
   456.4000       1.27394400E-08       8.97960435E-08       1.13061231E-07       5.35867844E-08
   456.5000       1.27553145E-08       8.99073620E-08       1.13202113E-07       5.36533734E-08
   456.6000       1.27712086E-08       9.00188190E-08       1.13343172E-07       5.37200449E-08
   456.7000       1.27871225E-08       9.01304146E-08       1.13484407E-07       5.37867989E-08
   456.8000       1.28030562E-08       9.02421489E-08       1.13625819E-07       5.38536359E-08
   456.9000       1.28190097E-08       9.03540225E-08       1.13767406E-07       5.39205560E-08
   457.0000       1.28349831E-08       9.04660354E-08       1.13909171E-07       5.39875593E-08
   457.1000       1.28509764E-08       9.05781873E-08       1.14051112E-07       5.40546455E-08
   457.2000       1.28669896E-08       9.06904783E-08       1.14193231E-07       5.41218148E-08
   457.3000       1.28830229E-08       9.08029084E-08       1.14335528E-07       5.41890673E-08
   457.4000       1.28990761E-08       9.09154784E-08       1.14478002E-07       5.42564037E-08
   457.5000       1.29151495E-08       9.10281887E-08       1.14620654E-07       5.43238247E-08
   457.6000       1.29312429E-08       9.11410397E-08       1.14763482E-07       5.43913297E-08
   457.7000       1.29473566E-08       9.12540319E-08       1.14906488E-07       5.44589193E-08
   457.8000       1.29634904E-08       9.13671653E-08       1.15049672E-07       5.45265935E-08
   457.9000       1.29796445E-08       9.14804389E-08       1.15193034E-07       5.45943512E-08
   458.0000       1.29958189E-08       9.15938538E-08       1.15336575E-07       5.46621937E-08
   458.1000       1.30120137E-08       9.17074101E-08       1.15480297E-07       5.47301211E-08
   458.2000       1.30282288E-08       9.18211085E-08       1.15624197E-07       5.47981337E-08
   458.3000       1.30444643E-08       9.19349491E-08       1.15768278E-07       5.48662311E-08
   458.4000       1.30607203E-08       9.20489319E-08       1.15912539E-07       5.49344138E-08
   458.5000       1.30769968E-08       9.21630566E-08       1.16056980E-07       5.50026806E-08
   458.6000       1.30932938E-08       9.22773235E-08       1.16201602E-07       5.50710327E-08
   458.7000       1.31096114E-08       9.23917337E-08       1.16346406E-07       5.51394702E-08
   458.8000       1.31259496E-08       9.25062878E-08       1.16491391E-07       5.52079939E-08
   458.9000       1.31423085E-08       9.26209856E-08       1.16636558E-07       5.52766039E-08
   459.0000       1.31586880E-08       9.27358269E-08       1.16781907E-07       5.53453004E-08
   459.1000       1.31750883E-08       9.28508124E-08       1.16927439E-07       5.54140832E-08
   459.2000       1.31915094E-08       9.29659419E-08       1.17073155E-07       5.54829529E-08
   459.3000       1.32079513E-08       9.30812160E-08       1.17219056E-07       5.55519096E-08
   459.4000       1.32244140E-08       9.31966350E-08       1.17365140E-07       5.56209532E-08
   459.5000       1.32408975E-08       9.33121991E-08       1.17511412E-07       5.56900844E-08
   459.6000       1.32574020E-08       9.34279089E-08       1.17657867E-07       5.57593025E-08
   459.7000       1.32739275E-08       9.35437644E-08       1.17804509E-07       5.58286082E-08
   459.8000       1.32904739E-08       9.36597652E-08       1.17951337E-07       5.58980012E-08
   459.9000       1.33070413E-08       9.37759124E-08       1.18098354E-07       5.59674829E-08
   460.0000       1.33236298E-08       9.38922059E-08       1.18245556E-07       5.60370516E-08
   460.1000       1.33402393E-08       9.40086455E-08       1.18392945E-07       5.61067078E-08
   460.2000       1.33568700E-08       9.41252319E-08       1.18540522E-07       5.61764521E-08
   460.3000       1.33735218E-08       9.42419653E-08       1.18688286E-07       5.62462848E-08
   460.4000       1.33901948E-08       9.43588468E-08       1.18836239E-07       5.63162064E-08
   460.5000       1.34068890E-08       9.44758767E-08       1.18984382E-07       5.63862179E-08
   460.6000       1.34236045E-08       9.45930554E-08       1.19132714E-07       5.64563187E-08
   460.7000       1.34403412E-08       9.47103829E-08       1.19281235E-07       5.65265082E-08
   460.8000       1.34570993E-08       9.48278587E-08       1.19429944E-07       5.65967857E-08
   460.9000       1.34738787E-08       9.49454831E-08       1.19578841E-07       5.66671517E-08
   461.0000       1.34906795E-08       9.50632562E-08       1.19727929E-07       5.67376068E-08
   461.1000       1.35075017E-08       9.51811793E-08       1.19877210E-07       5.68081526E-08
   461.2000       1.35243454E-08       9.52992522E-08       1.20026682E-07       5.68787880E-08
   461.3000       1.35412105E-08       9.54174752E-08       1.20176345E-07       5.69495135E-08
   461.4000       1.35580972E-08       9.55358483E-08       1.20326202E-07       5.70203295E-08
   461.5000       1.35750054E-08       9.56543725E-08       1.20476250E-07       5.70912361E-08
   461.6000       1.35919352E-08       9.57730482E-08       1.20626489E-07       5.71622328E-08
   461.7000       1.36088867E-08       9.58918753E-08       1.20776920E-07       5.72333203E-08
   461.8000       1.36258598E-08       9.60108538E-08       1.20927545E-07       5.73044987E-08
   461.9000       1.36428546E-08       9.61299837E-08       1.21078365E-07       5.73757683E-08
   462.0000       1.36598711E-08       9.62492659E-08       1.21229380E-07       5.74471291E-08
   462.1000       1.36769094E-08       9.63687009E-08       1.21380590E-07       5.75185820E-08
   462.2000       1.36939696E-08       9.64882892E-08       1.21531995E-07       5.75901265E-08
   462.3000       1.37110515E-08       9.66080308E-08       1.21683593E-07       5.76617621E-08
   462.4000       1.37281554E-08       9.67279260E-08       1.21835387E-07       5.77334896E-08
   462.5000       1.37452812E-08       9.68479745E-08       1.21987375E-07       5.78053079E-08
   462.6000       1.37624289E-08       9.69681767E-08       1.22139557E-07       5.78772174E-08
   462.7000       1.37795987E-08       9.70885333E-08       1.22291934E-07       5.79492192E-08
   462.8000       1.37967905E-08       9.72090441E-08       1.22444504E-07       5.80213123E-08
   462.9000       1.38140044E-08       9.73297103E-08       1.22597269E-07       5.80934978E-08
   463.0000       1.38312405E-08       9.74505322E-08       1.22750230E-07       5.81657762E-08
   463.1000       1.38484987E-08       9.75715095E-08       1.22903387E-07       5.82381481E-08
   463.2000       1.38657791E-08       9.76926429E-08       1.23056742E-07       5.83106135E-08
   463.3000       1.38830818E-08       9.78139332E-08       1.23210294E-07       5.83831728E-08
   463.4000       1.39004068E-08       9.79353799E-08       1.23364045E-07       5.84558264E-08
   463.5000       1.39177542E-08       9.80569826E-08       1.23517995E-07       5.85285739E-08
   463.6000       1.39351239E-08       9.81787424E-08       1.23672142E-07       5.86014149E-08
   463.7000       1.39525161E-08       9.83006598E-08       1.23826486E-07       5.86743498E-08
   463.8000       1.39699308E-08       9.84227357E-08       1.23981030E-07       5.87473798E-08
   463.9000       1.39873680E-08       9.85449699E-08       1.24135773E-07       5.88205044E-08
   464.0000       1.40048278E-08       9.86673625E-08       1.24290719E-07       5.88937243E-08
   464.1000       1.40223102E-08       9.87899133E-08       1.24445865E-07       5.89670384E-08
   464.2000       1.40398152E-08       9.89126221E-08       1.24601212E-07       5.90404464E-08
   464.3000       1.40573430E-08       9.90354897E-08       1.24756761E-07       5.91139495E-08
   464.4000       1.40748936E-08       9.91585164E-08       1.24912513E-07       5.91875480E-08
   464.5000       1.40924669E-08       9.92817029E-08       1.25068469E-07       5.92612425E-08
   464.6000       1.41100631E-08       9.94050499E-08       1.25224629E-07       5.93350336E-08
   464.7000       1.41276822E-08       9.95285570E-08       1.25380995E-07       5.94089213E-08
   464.8000       1.41453243E-08       9.96522247E-08       1.25537565E-07       5.94829054E-08
   464.9000       1.41629893E-08       9.97760523E-08       1.25694340E-07       5.95569854E-08
   465.0000       1.41806774E-08       9.99000398E-08       1.25851320E-07       5.96311613E-08
   465.1000       1.41983886E-08       1.00024188E-07       1.26008507E-07       5.97054339E-08
   465.2000       1.42161229E-08       1.00148498E-07       1.26165902E-07       5.97798036E-08
   465.3000       1.42338804E-08       1.00272970E-07       1.26323503E-07       5.98542712E-08
   465.4000       1.42516611E-08       1.00397605E-07       1.26481312E-07       5.99288364E-08
   465.5000       1.42694650E-08       1.00522402E-07       1.26639329E-07       6.00034987E-08
   465.6000       1.42872923E-08       1.00647361E-07       1.26797554E-07       6.00782585E-08
   465.7000       1.43051429E-08       1.00772483E-07       1.26955988E-07       6.01531169E-08
   465.8000       1.43230170E-08       1.00897769E-07       1.27114631E-07       6.02280733E-08
   465.9000       1.43409145E-08       1.01023219E-07       1.27273482E-07       6.03031276E-08
   466.0000       1.43588354E-08       1.01148832E-07       1.27432541E-07       6.03782799E-08
   466.1000       1.43767799E-08       1.01274610E-07       1.27591808E-07       6.04535300E-08
   466.2000       1.43947480E-08       1.01400552E-07       1.27751286E-07       6.05288795E-08
   466.3000       1.44127398E-08       1.01526660E-07       1.27910976E-07       6.06043285E-08
   466.4000       1.44307552E-08       1.01652933E-07       1.28070876E-07       6.06798756E-08
   466.5000       1.44487943E-08       1.01779373E-07       1.28230986E-07       6.07555223E-08
   466.6000       1.44668571E-08       1.01905978E-07       1.28391305E-07       6.08312677E-08
   466.7000       1.44849438E-08       1.02032749E-07       1.28551833E-07       6.09071117E-08
   466.8000       1.45030543E-08       1.02159688E-07       1.28712574E-07       6.09830559E-08
   466.9000       1.45211887E-08       1.02286793E-07       1.28873527E-07       6.10591003E-08
   467.0000       1.45393470E-08       1.02414064E-07       1.29034692E-07       6.11352440E-08
   467.1000       1.45575294E-08       1.02541504E-07       1.29196070E-07       6.12114882E-08
   467.2000       1.45757357E-08       1.02669110E-07       1.29357658E-07       6.12878314E-08
   467.3000       1.45939661E-08       1.02796885E-07       1.29519461E-07       6.13642753E-08
   467.4000       1.46122206E-08       1.02924827E-07       1.29681478E-07       6.14408198E-08
   467.5000       1.46304993E-08       1.03052937E-07       1.29843708E-07       6.15174645E-08
   467.6000       1.46488022E-08       1.03181215E-07       1.30006151E-07       6.15942092E-08
   467.7000       1.46671293E-08       1.03309661E-07       1.30168806E-07       6.16710540E-08
   467.8000       1.46854808E-08       1.03438276E-07       1.30331678E-07       6.17480000E-08
   467.9000       1.47038565E-08       1.03567060E-07       1.30494764E-07       6.18250465E-08
   468.0000       1.47222567E-08       1.03696013E-07       1.30658066E-07       6.19021949E-08
   468.1000       1.47406813E-08       1.03825137E-07       1.30821584E-07       6.19794456E-08
   468.2000       1.47591303E-08       1.03954429E-07       1.30985318E-07       6.20567979E-08
   468.3000       1.47776039E-08       1.04083891E-07       1.31149270E-07       6.21342531E-08
   468.4000       1.47961021E-08       1.04213523E-07       1.31313440E-07       6.22118102E-08
   468.5000       1.48146248E-08       1.04343325E-07       1.31477827E-07       6.22894703E-08
   468.6000       1.48331723E-08       1.04473300E-07       1.31642434E-07       6.23672338E-08
   468.7000       1.48517444E-08       1.04603445E-07       1.31807260E-07       6.24451008E-08
   468.8000       1.48703412E-08       1.04733763E-07       1.31972308E-07       6.25230721E-08
   468.9000       1.48889629E-08       1.04864254E-07       1.32137576E-07       6.26011470E-08
   469.0000       1.49076094E-08       1.04994917E-07       1.32303066E-07       6.26793265E-08
   469.1000       1.49262808E-08       1.05125753E-07       1.32468777E-07       6.27576110E-08
   469.2000       1.49449770E-08       1.05256763E-07       1.32634709E-07       6.28359992E-08
   469.3000       1.49636983E-08       1.05387946E-07       1.32800864E-07       6.29144920E-08
   469.4000       1.49824445E-08       1.05519305E-07       1.32967244E-07       6.29930904E-08
   469.5000       1.50012159E-08       1.05650838E-07       1.33133847E-07       6.30717942E-08
   469.6000       1.50200123E-08       1.05782547E-07       1.33300677E-07       6.31506040E-08
   469.7000       1.50388338E-08       1.05914431E-07       1.33467733E-07       6.32295202E-08
   469.8000       1.50576805E-08       1.06046492E-07       1.33635014E-07       6.33085416E-08
   469.9000       1.50765524E-08       1.06178729E-07       1.33802522E-07       6.33876697E-08
   470.0000       1.50954496E-08       1.06311145E-07       1.33970256E-07       6.34669044E-08
   470.1000       1.51143721E-08       1.06443737E-07       1.34138219E-07       6.35462461E-08
   470.2000       1.51333200E-08       1.06576507E-07       1.34306409E-07       6.36256936E-08
   470.3000       1.51522932E-08       1.06709456E-07       1.34474829E-07       6.37052484E-08
   470.4000       1.51712918E-08       1.06842583E-07       1.34643477E-07       6.37849092E-08
   470.5000       1.51903159E-08       1.06975889E-07       1.34812354E-07       6.38646769E-08
   470.6000       1.52093656E-08       1.07109375E-07       1.34981463E-07       6.39445524E-08
   470.7000       1.52284407E-08       1.07243040E-07       1.35150803E-07       6.40245354E-08
   470.8000       1.52475415E-08       1.07376884E-07       1.35320373E-07       6.41046253E-08
   470.9000       1.52666679E-08       1.07510910E-07       1.35490175E-07       6.41848244E-08
   471.0000       1.52858200E-08       1.07645118E-07       1.35660209E-07       6.42651327E-08
   471.1000       1.53049978E-08       1.07779507E-07       1.35830475E-07       6.43455497E-08
   471.2000       1.53242015E-08       1.07914079E-07       1.36000973E-07       6.44260757E-08
   471.3000       1.53434309E-08       1.08048832E-07       1.36171703E-07       6.45067108E-08
   471.4000       1.53626862E-08       1.08183769E-07       1.36342661E-07       6.45874549E-08
   471.5000       1.53819674E-08       1.08318888E-07       1.36513850E-07       6.46683074E-08
   471.6000       1.54012746E-08       1.08454190E-07       1.36685272E-07       6.47492697E-08
   471.7000       1.54206079E-08       1.08589676E-07       1.36856926E-07       6.48303425E-08
   471.8000       1.54399672E-08       1.08725346E-07       1.37028815E-07       6.49115248E-08
   471.9000       1.54593526E-08       1.08861199E-07       1.37200938E-07       6.49928162E-08
   472.0000       1.54787642E-08       1.08997236E-07       1.37373295E-07       6.50742172E-08
   472.1000       1.54982020E-08       1.09133459E-07       1.37545886E-07       6.51557294E-08
   472.2000       1.55176662E-08       1.09269868E-07       1.37718711E-07       6.52373528E-08
   472.3000       1.55371567E-08       1.09406464E-07       1.37891771E-07       6.53190880E-08
   472.4000       1.55566736E-08       1.09543246E-07       1.38065066E-07       6.54009346E-08
   472.5000       1.55762170E-08       1.09680214E-07       1.38238595E-07       6.54828926E-08
   472.6000       1.55957870E-08       1.09817370E-07       1.38412363E-07       6.55649627E-08
   472.7000       1.56153835E-08       1.09954713E-07       1.38586366E-07       6.56471450E-08
   472.8000       1.56350067E-08       1.10092244E-07       1.38760606E-07       6.57294390E-08
   472.9000       1.56546567E-08       1.10229962E-07       1.38935085E-07       6.58118452E-08
   473.0000       1.56743334E-08       1.10367867E-07       1.39109801E-07       6.58943637E-08
   473.1000       1.56940370E-08       1.10505962E-07       1.39284759E-07       6.59769963E-08
   473.2000       1.57137675E-08       1.10644246E-07       1.39459956E-07       6.60597418E-08
   473.3000       1.57335250E-08       1.10782719E-07       1.39635395E-07       6.61426004E-08
   473.4000       1.57533096E-08       1.10921381E-07       1.39811078E-07       6.62255736E-08
   473.5000       1.57731213E-08       1.11060232E-07       1.39987003E-07       6.63086595E-08
   473.6000       1.57929602E-08       1.11199273E-07       1.40163171E-07       6.63918599E-08
   473.7000       1.58128264E-08       1.11338505E-07       1.40339581E-07       6.64751744E-08
   473.8000       1.58327198E-08       1.11477928E-07       1.40516236E-07       6.65586041E-08
   473.9000       1.58526407E-08       1.11617543E-07       1.40693138E-07       6.66421503E-08
   474.0000       1.58725890E-08       1.11757349E-07       1.40870284E-07       6.67258113E-08
   474.1000       1.58925649E-08       1.11897346E-07       1.41047675E-07       6.68095865E-08
   474.2000       1.59125683E-08       1.12037535E-07       1.41225308E-07       6.68934755E-08
   474.3000       1.59325994E-08       1.12177916E-07       1.41403187E-07       6.69774787E-08
   474.4000       1.59526581E-08       1.12318488E-07       1.41581311E-07       6.70615967E-08
   474.5000       1.59727447E-08       1.12459254E-07       1.41759682E-07       6.71458310E-08
   474.6000       1.59928591E-08       1.12600214E-07       1.41938303E-07       6.72301817E-08
   474.7000       1.60130014E-08       1.12741368E-07       1.42117172E-07       6.73146495E-08
   474.8000       1.60331717E-08       1.12882716E-07       1.42296289E-07       6.73992333E-08
   474.9000       1.60533699E-08       1.13024257E-07       1.42475656E-07       6.74839342E-08
   475.0000       1.60735963E-08       1.13165994E-07       1.42655271E-07       6.75687528E-08
   475.1000       1.60938508E-08       1.13307928E-07       1.42835134E-07       6.76536887E-08
   475.2000       1.61141334E-08       1.13450057E-07       1.43015248E-07       6.77387425E-08
   475.3000       1.61344443E-08       1.13592383E-07       1.43195609E-07       6.78239135E-08
   475.4000       1.61547835E-08       1.13734907E-07       1.43376221E-07       6.79092033E-08
   475.5000       1.61751511E-08       1.13877629E-07       1.43557086E-07       6.79946122E-08
   475.6000       1.61955471E-08       1.14020548E-07       1.43738206E-07       6.80801410E-08
   475.7000       1.62159715E-08       1.14163665E-07       1.43919579E-07       6.81657888E-08
   475.8000       1.62364245E-08       1.14306981E-07       1.44101203E-07       6.82515551E-08
   475.9000       1.62569060E-08       1.14450496E-07       1.44283082E-07       6.83374406E-08
   476.0000       1.62774161E-08       1.14594211E-07       1.44465220E-07       6.84234477E-08
   476.1000       1.62979549E-08       1.14738126E-07       1.44647613E-07       6.85095753E-08
   476.2000       1.63185224E-08       1.14882242E-07       1.44830262E-07       6.85958226E-08
   476.3000       1.63391186E-08       1.15026560E-07       1.45013166E-07       6.86821898E-08
   476.4000       1.63597437E-08       1.15171078E-07       1.45196328E-07       6.87686782E-08
   476.5000       1.63803977E-08       1.15315799E-07       1.45379747E-07       6.88552885E-08
   476.6000       1.64010806E-08       1.15460722E-07       1.45563424E-07       6.89420200E-08
   476.7000       1.64217924E-08       1.15605849E-07       1.45747356E-07       6.90288723E-08
   476.8000       1.64425333E-08       1.15751178E-07       1.45931546E-07       6.91158456E-08
   476.9000       1.64633032E-08       1.15896710E-07       1.46115994E-07       6.92029398E-08
   477.0000       1.64841022E-08       1.16042446E-07       1.46300704E-07       6.92901566E-08
   477.1000       1.65049305E-08       1.16188388E-07       1.46485674E-07       6.93774974E-08
   477.2000       1.65257879E-08       1.16334535E-07       1.46670903E-07       6.94649600E-08
   477.3000       1.65466747E-08       1.16480887E-07       1.46856391E-07       6.95525442E-08
   477.4000       1.65675907E-08       1.16627444E-07       1.47042141E-07       6.96402515E-08
   477.5000       1.65885362E-08       1.16774206E-07       1.47228154E-07       6.97280814E-08
   477.6000       1.66095111E-08       1.16921173E-07       1.47414430E-07       6.98160344E-08
   477.7000       1.66305155E-08       1.17068347E-07       1.47600968E-07       6.99041104E-08
   477.8000       1.66515495E-08       1.17215728E-07       1.47787768E-07       6.99923103E-08
   477.9000       1.66726131E-08       1.17363315E-07       1.47974830E-07       7.00806345E-08
   478.0000       1.66937064E-08       1.17511109E-07       1.48162154E-07       7.01690819E-08
   478.1000       1.67148294E-08       1.17659110E-07       1.48349744E-07       7.02576529E-08
   478.2000       1.67359822E-08       1.17807317E-07       1.48537600E-07       7.03463490E-08
   478.3000       1.67571648E-08       1.17955732E-07       1.48725724E-07       7.04351710E-08
   478.4000       1.67783774E-08       1.18104356E-07       1.48914118E-07       7.05241205E-08
   478.5000       1.67996199E-08       1.18253190E-07       1.49102778E-07       7.06131962E-08
   478.6000       1.68208925E-08       1.18402233E-07       1.49291706E-07       7.07023975E-08
   478.7000       1.68421952E-08       1.18551485E-07       1.49480903E-07       7.07917249E-08
   478.8000       1.68635281E-08       1.18700947E-07       1.49670370E-07       7.08811788E-08
   478.9000       1.68848912E-08       1.18850621E-07       1.49860104E-07       7.09707590E-08
   479.0000       1.69062846E-08       1.19000505E-07       1.50050109E-07       7.10604654E-08
   479.1000       1.69277083E-08       1.19150603E-07       1.50240380E-07       7.11502989E-08
   479.2000       1.69491625E-08       1.19300912E-07       1.50430924E-07       7.12402604E-08
   479.3000       1.69706471E-08       1.19451436E-07       1.50621741E-07       7.13303509E-08
   479.4000       1.69921623E-08       1.19602173E-07       1.50812831E-07       7.14205697E-08
   479.5000       1.70137081E-08       1.19753125E-07       1.51004192E-07       7.15109163E-08
   479.6000       1.70352845E-08       1.19904292E-07       1.51195829E-07       7.16013923E-08
   479.7000       1.70568917E-08       1.20055675E-07       1.51387741E-07       7.16919972E-08
   479.8000       1.70785297E-08       1.20207273E-07       1.51579929E-07       7.17827315E-08
   479.9000       1.71001985E-08       1.20359089E-07       1.51772391E-07       7.18735950E-08
   480.0000       1.71218982E-08       1.20511121E-07       1.51965128E-07       7.19645879E-08
   480.1000       1.71436289E-08       1.20663370E-07       1.52158139E-07       7.20557108E-08
   480.2000       1.71653907E-08       1.20815837E-07       1.52351428E-07       7.21469635E-08
   480.3000       1.71871835E-08       1.20968522E-07       1.52544993E-07       7.22383460E-08
   480.4000       1.72090075E-08       1.21121425E-07       1.52738835E-07       7.23298577E-08
   480.5000       1.72308627E-08       1.21274545E-07       1.52932954E-07       7.24214994E-08
   480.6000       1.72527491E-08       1.21427884E-07       1.53127352E-07       7.25132722E-08
   480.7000       1.72746669E-08       1.21581442E-07       1.53322029E-07       7.26051762E-08
   480.8000       1.72966161E-08       1.21735218E-07       1.53516986E-07       7.26972113E-08
   480.9000       1.73185967E-08       1.21889214E-07       1.53712222E-07       7.27893780E-08
   481.0000       1.73406088E-08       1.22043430E-07       1.53907741E-07       7.28816767E-08
   481.1000       1.73626525E-08       1.22197865E-07       1.54103540E-07       7.29741072E-08
   481.2000       1.73847278E-08       1.22352521E-07       1.54299620E-07       7.30666699E-08
   481.3000       1.74068348E-08       1.22507399E-07       1.54495982E-07       7.31593654E-08
   481.4000       1.74289735E-08       1.22662498E-07       1.54692630E-07       7.32521952E-08
   481.5000       1.74511441E-08       1.22817818E-07       1.54889566E-07       7.33451589E-08
   481.6000       1.74733465E-08       1.22973360E-07       1.55086784E-07       7.34382553E-08
   481.7000       1.74955808E-08       1.23129123E-07       1.55284288E-07       7.35314851E-08
   481.8000       1.75178471E-08       1.23285108E-07       1.55482077E-07       7.36248486E-08
   481.9000       1.75401455E-08       1.23441316E-07       1.55680155E-07       7.37183469E-08
   482.0000       1.75624760E-08       1.23597746E-07       1.55878520E-07       7.38119797E-08
   482.1000       1.75848386E-08       1.23754400E-07       1.56077171E-07       7.39057482E-08
   482.2000       1.76072335E-08       1.23911278E-07       1.56276111E-07       7.39996519E-08
   482.3000       1.76296607E-08       1.24068380E-07       1.56475340E-07       7.40936918E-08
   482.4000       1.76521203E-08       1.24225708E-07       1.56674857E-07       7.41878670E-08
   482.5000       1.76746123E-08       1.24383261E-07       1.56874663E-07       7.42821783E-08
   482.6000       1.76971368E-08       1.24541040E-07       1.57074759E-07       7.43766264E-08
   482.7000       1.77196939E-08       1.24699045E-07       1.57275141E-07       7.44712096E-08
   482.8000       1.77422835E-08       1.24857278E-07       1.57475814E-07       7.45659298E-08
   482.9000       1.77649059E-08       1.25015737E-07       1.57676775E-07       7.46607864E-08
   483.0000       1.77875611E-08       1.25174423E-07       1.57878029E-07       7.47557794E-08
   483.1000       1.78102490E-08       1.25333337E-07       1.58079576E-07       7.48509107E-08
   483.2000       1.78329699E-08       1.25492481E-07       1.58281420E-07       7.49461803E-08
   483.3000       1.78557237E-08       1.25651854E-07       1.58483556E-07       7.50415871E-08
   483.4000       1.78785105E-08       1.25811458E-07       1.58685989E-07       7.51371331E-08
   483.5000       1.79013304E-08       1.25971292E-07       1.58888718E-07       7.52328174E-08
   483.6000       1.79241835E-08       1.26131358E-07       1.59091744E-07       7.53286405E-08
   483.7000       1.79470697E-08       1.26291656E-07       1.59295067E-07       7.54246032E-08
   483.8000       1.79699892E-08       1.26452187E-07       1.59498687E-07       7.55207055E-08
   483.9000       1.79929420E-08       1.26612951E-07       1.59702604E-07       7.56169468E-08
   484.0000       1.80159282E-08       1.26773949E-07       1.59906817E-07       7.57133272E-08
   484.1000       1.80389478E-08       1.26935182E-07       1.60111330E-07       7.58098495E-08
   484.2000       1.80620010E-08       1.27096652E-07       1.60316144E-07       7.59065134E-08
   484.3000       1.80850877E-08       1.27258356E-07       1.60521257E-07       7.60033178E-08
   484.4000       1.81082080E-08       1.27420296E-07       1.60726669E-07       7.61002625E-08
   484.5000       1.81313620E-08       1.27582472E-07       1.60932380E-07       7.61973485E-08
   484.6000       1.81545498E-08       1.27744885E-07       1.61138393E-07       7.62945760E-08
   484.7000       1.81777713E-08       1.27907536E-07       1.61344710E-07       7.63919464E-08
   484.8000       1.82010267E-08       1.28070424E-07       1.61551332E-07       7.64894597E-08
   484.9000       1.82243160E-08       1.28233551E-07       1.61758258E-07       7.65871160E-08
   485.0000       1.82476393E-08       1.28396917E-07       1.61965489E-07       7.66849152E-08
   485.1000       1.82709967E-08       1.28560521E-07       1.62173025E-07       7.67828563E-08
   485.2000       1.82943881E-08       1.28724364E-07       1.62380864E-07       7.68809401E-08
   485.3000       1.83178137E-08       1.28888446E-07       1.62589010E-07       7.69791671E-08
   485.4000       1.83412735E-08       1.29052768E-07       1.62797463E-07       7.70775381E-08
   485.5000       1.83647676E-08       1.29217331E-07       1.63006223E-07       7.71760534E-08
   485.6000       1.83882960E-08       1.29382134E-07       1.63215289E-07       7.72747129E-08
   485.7000       1.84118589E-08       1.29547179E-07       1.63424665E-07       7.73735166E-08
   485.8000       1.84354562E-08       1.29712465E-07       1.63634349E-07       7.74724653E-08
   485.9000       1.84590882E-08       1.29877993E-07       1.63844347E-07       7.75715599E-08
   486.0000       1.84827547E-08       1.30043762E-07       1.64054655E-07       7.76707981E-08
   486.1000       1.85064559E-08       1.30209772E-07       1.64265270E-07       7.77701800E-08
   486.2000       1.85301920E-08       1.30376024E-07       1.64476197E-07       7.78697073E-08
   486.3000       1.85539628E-08       1.30542520E-07       1.64687436E-07       7.79693811E-08
   486.4000       1.85777686E-08       1.30709261E-07       1.64898986E-07       7.80692020E-08
   486.5000       1.86016094E-08       1.30876245E-07       1.65110851E-07       7.81691706E-08
   486.6000       1.86254853E-08       1.31043474E-07       1.65323031E-07       7.82692868E-08
   486.7000       1.86493964E-08       1.31210948E-07       1.65535525E-07       7.83695501E-08
   486.8000       1.86733426E-08       1.31378666E-07       1.65748334E-07       7.84699603E-08
   486.9000       1.86973242E-08       1.31546630E-07       1.65961457E-07       7.85705189E-08
   487.0000       1.87213412E-08       1.31714842E-07       1.66174897E-07       7.86712280E-08
   487.1000       1.87453937E-08       1.31883302E-07       1.66388654E-07       7.87720856E-08
   487.2000       1.87694817E-08       1.32052009E-07       1.66602724E-07       7.88730912E-08
   487.3000       1.87936054E-08       1.32220965E-07       1.66817113E-07       7.89742474E-08
   487.4000       1.88177647E-08       1.32390170E-07       1.67031819E-07       7.90755543E-08
   487.5000       1.88419599E-08       1.32559626E-07       1.67246842E-07       7.91770110E-08
   487.6000       1.88661910E-08       1.32729332E-07       1.67462184E-07       7.92786177E-08
   487.7000       1.88904579E-08       1.32899288E-07       1.67677845E-07       7.93803742E-08
   487.8000       1.89147610E-08       1.33069494E-07       1.67893830E-07       7.94822825E-08
   487.9000       1.89391001E-08       1.33239953E-07       1.68110136E-07       7.95843416E-08
   488.0000       1.89634754E-08       1.33410663E-07       1.68326763E-07       7.96865515E-08
   488.1000       1.89878870E-08       1.33581626E-07       1.68543714E-07       7.97889139E-08
   488.2000       1.90123349E-08       1.33752843E-07       1.68760988E-07       7.98914277E-08
   488.3000       1.90368192E-08       1.33924313E-07       1.68978583E-07       7.99940931E-08
   488.4000       1.90613400E-08       1.34096038E-07       1.69196502E-07       8.00969100E-08
   488.5000       1.90858974E-08       1.34268017E-07       1.69414746E-07       8.01998806E-08
   488.6000       1.91104913E-08       1.34440252E-07       1.69633319E-07       8.03030050E-08
   488.7000       1.91351220E-08       1.34612743E-07       1.69852217E-07       8.04062835E-08
   488.8000       1.91597894E-08       1.34785491E-07       1.70071444E-07       8.05097158E-08
   488.9000       1.91844936E-08       1.34958495E-07       1.70290999E-07       8.06133026E-08
   489.0000       1.92092347E-08       1.35131758E-07       1.70510885E-07       8.07170450E-08
   489.1000       1.92340128E-08       1.35305280E-07       1.70731104E-07       8.08209438E-08
   489.2000       1.92588279E-08       1.35479062E-07       1.70951656E-07       8.09249986E-08
   489.3000       1.92836802E-08       1.35653103E-07       1.71172540E-07       8.10292089E-08
   489.4000       1.93085696E-08       1.35827406E-07       1.71393753E-07       8.11335755E-08
   489.5000       1.93334962E-08       1.36001968E-07       1.71615302E-07       8.12380986E-08
   489.6000       1.93584601E-08       1.36176792E-07       1.71837184E-07       8.13427781E-08
   489.7000       1.93834614E-08       1.36351877E-07       1.72059398E-07       8.14476134E-08
   489.8000       1.94085001E-08       1.36527223E-07       1.72281948E-07       8.15526052E-08
   489.9000       1.94335764E-08       1.36702833E-07       1.72504831E-07       8.16577532E-08
   490.0000       1.94586902E-08       1.36878706E-07       1.72728047E-07       8.17630587E-08
   490.1000       1.94838417E-08       1.37054843E-07       1.72951604E-07       8.18685231E-08
   490.2000       1.95090309E-08       1.37231243E-07       1.73175498E-07       8.19741450E-08
   490.3000       1.95342579E-08       1.37407908E-07       1.73399731E-07       8.20799255E-08
   490.4000       1.95595228E-08       1.37584837E-07       1.73624302E-07       8.21858643E-08
   490.5000       1.95848256E-08       1.37762030E-07       1.73849213E-07       8.22919625E-08
   490.6000       1.96101664E-08       1.37939490E-07       1.74074464E-07       8.23982203E-08
   490.7000       1.96355454E-08       1.38117216E-07       1.74300058E-07       8.25046396E-08
   490.8000       1.96609626E-08       1.38295209E-07       1.74525993E-07       8.26112197E-08
   490.9000       1.96864180E-08       1.38473469E-07       1.74752272E-07       8.27179606E-08
   491.0000       1.97119118E-08       1.38651998E-07       1.74978895E-07       8.28248630E-08
   491.1000       1.97374440E-08       1.38830794E-07       1.75205863E-07       8.29319268E-08
   491.2000       1.97630147E-08       1.39009858E-07       1.75433178E-07       8.30391528E-08
   491.3000       1.97886241E-08       1.39189192E-07       1.75660842E-07       8.31465416E-08
   491.4000       1.98142721E-08       1.39368797E-07       1.75888856E-07       8.32540949E-08
   491.5000       1.98399589E-08       1.39548673E-07       1.76117217E-07       8.33618112E-08
   491.6000       1.98656845E-08       1.39728819E-07       1.76345927E-07       8.34696900E-08
   491.7000       1.98914491E-08       1.39909238E-07       1.76574984E-07       8.35777321E-08
   491.8000       1.99172527E-08       1.40089930E-07       1.76804386E-07       8.36859376E-08
   491.9000       1.99430954E-08       1.40270895E-07       1.77034137E-07       8.37943072E-08
   492.0000       1.99689773E-08       1.40452133E-07       1.77264240E-07       8.39028415E-08
   492.1000       1.99948985E-08       1.40633646E-07       1.77494693E-07       8.40115400E-08
   492.2000       2.00208591E-08       1.40815433E-07       1.77725496E-07       8.41204035E-08
   492.3000       2.00468591E-08       1.40997497E-07       1.77956651E-07       8.42294331E-08
   492.4000       2.00728987E-08       1.41179835E-07       1.78188160E-07       8.43386274E-08
   492.5000       2.00989779E-08       1.41362449E-07       1.78420023E-07       8.44479881E-08
   492.6000       2.01250968E-08       1.41545340E-07       1.78652244E-07       8.45575160E-08
   492.7000       2.01512554E-08       1.41728508E-07       1.78884825E-07       8.46672121E-08
   492.8000       2.01774540E-08       1.41911952E-07       1.79117764E-07       8.47770743E-08
   492.9000       2.02036925E-08       1.42095673E-07       1.79351057E-07       8.48871025E-08
   493.0000       2.02299711E-08       1.42279674E-07       1.79584709E-07       8.49972982E-08
   493.1000       2.02562897E-08       1.42463954E-07       1.79818717E-07       8.51076605E-08
   493.2000       2.02826486E-08       1.42648513E-07       1.80053084E-07       8.52181908E-08
   493.3000       2.03090477E-08       1.42833354E-07       1.80287809E-07       8.53288900E-08
   493.4000       2.03354872E-08       1.43018476E-07       1.80522891E-07       8.54397582E-08
   493.5000       2.03619672E-08       1.43203880E-07       1.80758331E-07       8.55507955E-08
   493.6000       2.03884876E-08       1.43389566E-07       1.80994133E-07       8.56620033E-08
   493.7000       2.04150487E-08       1.43575536E-07       1.81230296E-07       8.57733808E-08
   493.8000       2.04416504E-08       1.43761788E-07       1.81466822E-07       8.58849283E-08
   493.9000       2.04682928E-08       1.43948324E-07       1.81703706E-07       8.59966457E-08
   494.0000       2.04949761E-08       1.44135145E-07       1.81940953E-07       8.61085335E-08
   494.1000       2.05217003E-08       1.44322250E-07       1.82178564E-07       8.62205926E-08
   494.2000       2.05484655E-08       1.44509642E-07       1.82416540E-07       8.63328232E-08
   494.3000       2.05752717E-08       1.44697319E-07       1.82654885E-07       8.64452267E-08
   494.4000       2.06021191E-08       1.44885284E-07       1.82893598E-07       8.65578024E-08
   494.5000       2.06290077E-08       1.45073537E-07       1.83132677E-07       8.66705504E-08
   494.6000       2.06559376E-08       1.45262077E-07       1.83372128E-07       8.67834715E-08
   494.7000       2.06829089E-08       1.45450906E-07       1.83611949E-07       8.68965656E-08
   494.8000       2.07099216E-08       1.45640022E-07       1.83852142E-07       8.70098320E-08
   494.9000       2.07369759E-08       1.45829429E-07       1.84092708E-07       8.71232727E-08
   495.0000       2.07640718E-08       1.46019125E-07       1.84333646E-07       8.72368871E-08
   495.1000       2.07912094E-08       1.46209112E-07       1.84574958E-07       8.73506766E-08
   495.2000       2.08183888E-08       1.46399392E-07       1.84816645E-07       8.74646427E-08
   495.3000       2.08456101E-08       1.46589962E-07       1.85058706E-07       8.75787844E-08
   495.4000       2.08728733E-08       1.46780825E-07       1.85301142E-07       8.76931016E-08
   495.5000       2.09001785E-08       1.46971978E-07       1.85543951E-07       8.78075938E-08
   495.6000       2.09275259E-08       1.47163424E-07       1.85787139E-07       8.79222631E-08
   495.7000       2.09549155E-08       1.47355164E-07       1.86030701E-07       8.80371086E-08
   495.8000       2.09823473E-08       1.47547198E-07       1.86274639E-07       8.81521309E-08
   495.9000       2.10098215E-08       1.47739527E-07       1.86518959E-07       8.82673322E-08
   496.0000       2.10373382E-08       1.47932150E-07       1.86763656E-07       8.83827109E-08
   496.1000       2.10648974E-08       1.48125071E-07       1.87008733E-07       8.84982686E-08
   496.2000       2.10924992E-08       1.48318287E-07       1.87254190E-07       8.86140047E-08
   496.3000       2.11201437E-08       1.48511801E-07       1.87500028E-07       8.87299193E-08
   496.4000       2.11478311E-08       1.48705613E-07       1.87746250E-07       8.88460136E-08
   496.5000       2.11755613E-08       1.48899723E-07       1.87992855E-07       8.89622878E-08
   496.6000       2.12033344E-08       1.49094135E-07       1.88239847E-07       8.90787445E-08
   496.7000       2.12311506E-08       1.49288847E-07       1.88487225E-07       8.91953818E-08
   496.8000       2.12590100E-08       1.49483860E-07       1.88734989E-07       8.93122008E-08
   496.9000       2.12869125E-08       1.49679176E-07       1.88983141E-07       8.94292020E-08
   497.0000       2.13148584E-08       1.49874793E-07       1.89231680E-07       8.95463840E-08
   497.1000       2.13428476E-08       1.50070713E-07       1.89480604E-07       8.96637468E-08
   497.2000       2.13708803E-08       1.50266938E-07       1.89729913E-07       8.97812909E-08
   497.3000       2.13989566E-08       1.50463469E-07       1.89979611E-07       8.98990174E-08
   497.4000       2.14270765E-08       1.50660303E-07       1.90229697E-07       9.00169256E-08
   497.5000       2.14552401E-08       1.50857444E-07       1.90480173E-07       9.01350165E-08
   497.6000       2.14834475E-08       1.51054891E-07       1.90731042E-07       9.02532908E-08
   497.7000       2.15116988E-08       1.51252644E-07       1.90982307E-07       9.03717493E-08
   497.8000       2.15399941E-08       1.51450705E-07       1.91233964E-07       9.04903916E-08
   497.9000       2.15683335E-08       1.51649074E-07       1.91486016E-07       9.06092185E-08
   498.0000       2.15967170E-08       1.51847751E-07       1.91738463E-07       9.07282296E-08
   498.1000       2.16251447E-08       1.52046736E-07       1.91991306E-07       9.08474261E-08
   498.2000       2.16536168E-08       1.52246030E-07       1.92244547E-07       9.09668097E-08
   498.3000       2.16821333E-08       1.52445633E-07       1.92498186E-07       9.10863798E-08
   498.4000       2.17106943E-08       1.52645546E-07       1.92752220E-07       9.12061356E-08
   498.5000       2.17392999E-08       1.52845769E-07       1.93006653E-07       9.13260782E-08
   498.6000       2.17679502E-08       1.53046303E-07       1.93261485E-07       9.14462096E-08
   498.7000       2.17966452E-08       1.53247150E-07       1.93516720E-07       9.15665301E-08
   498.8000       2.18253851E-08       1.53448309E-07       1.93772355E-07       9.16870383E-08
   498.9000       2.18541700E-08       1.53649780E-07       1.94028391E-07       9.18077342E-08
   499.0000       2.18829999E-08       1.53851565E-07       1.94284828E-07       9.19286185E-08
   499.1000       2.19118749E-08       1.54053664E-07       1.94541665E-07       9.20496914E-08
   499.2000       2.19407952E-08       1.54256078E-07       1.94798904E-07       9.21709537E-08
   499.3000       2.19697609E-08       1.54458809E-07       1.95056544E-07       9.22924046E-08
   499.4000       2.19987719E-08       1.54661856E-07       1.95314588E-07       9.24140447E-08
   499.5000       2.20278285E-08       1.54865219E-07       1.95573040E-07       9.25358753E-08
   499.6000       2.20569307E-08       1.55068901E-07       1.95831900E-07       9.26578985E-08
   499.7000       2.20860786E-08       1.55272903E-07       1.96091173E-07       9.27801146E-08
   499.8000       2.21152723E-08       1.55477224E-07       1.96350859E-07       9.29025247E-08
   499.9000       2.21445119E-08       1.55681867E-07       1.96610954E-07       9.30251287E-08
   500.0000       2.21737976E-08       1.55886833E-07       1.96871465E-07       9.31479284E-08
   500.1000       2.22031293E-08       1.56092121E-07       1.97132390E-07       9.32709231E-08
   500.2000       2.22325072E-08       1.56297733E-07       1.97393731E-07       9.33941123E-08
   500.3000       2.22619314E-08       1.56503668E-07       1.97655485E-07       9.35174946E-08
   500.4000       2.22914020E-08       1.56709928E-07       1.97917657E-07       9.36410724E-08
   500.5000       2.23209191E-08       1.56916513E-07       1.98180249E-07       9.37648457E-08
   500.6000       2.23504828E-08       1.57123423E-07       1.98443258E-07       9.38888138E-08
   500.7000       2.23800932E-08       1.57330660E-07       1.98706685E-07       9.40129771E-08
   500.8000       2.24097503E-08       1.57538224E-07       1.98970532E-07       9.41373361E-08
   500.9000       2.24394543E-08       1.57746116E-07       1.99234800E-07       9.42618907E-08
   501.0000       2.24692053E-08       1.57954336E-07       1.99499491E-07       9.43866421E-08
   501.1000       2.24990033E-08       1.58162887E-07       1.99764605E-07       9.45115917E-08
   501.2000       2.25288485E-08       1.58371767E-07       2.00030142E-07       9.46367398E-08
   501.3000       2.25587410E-08       1.58580979E-07       2.00296103E-07       9.47620873E-08
   501.4000       2.25886808E-08       1.58790522E-07       2.00562489E-07       9.48876326E-08
   501.5000       2.26186681E-08       1.59000397E-07       2.00829302E-07       9.50133781E-08
   501.6000       2.26487029E-08       1.59210605E-07       2.01096545E-07       9.51393240E-08
   501.7000       2.26787853E-08       1.59421147E-07       2.01364218E-07       9.52654716E-08
   501.8000       2.27089155E-08       1.59632023E-07       2.01632320E-07       9.53918203E-08
   501.9000       2.27390935E-08       1.59843234E-07       2.01900853E-07       9.55183700E-08
   502.0000       2.27693195E-08       1.60054781E-07       2.02169815E-07       9.56451214E-08
   502.1000       2.27995935E-08       1.60266665E-07       2.02439212E-07       9.57720768E-08
   502.2000       2.28299156E-08       1.60478885E-07       2.02709044E-07       9.58992345E-08
   502.3000       2.28602860E-08       1.60691442E-07       2.02979309E-07       9.60265941E-08
   502.4000       2.28907048E-08       1.60904338E-07       2.03250009E-07       9.61541579E-08
   502.5000       2.29211719E-08       1.61117571E-07       2.03521147E-07       9.62819260E-08
   502.6000       2.29516877E-08       1.61331143E-07       2.03792722E-07       9.64098977E-08
   502.7000       2.29822520E-08       1.61545053E-07       2.04064738E-07       9.65380741E-08
   502.8000       2.30128652E-08       1.61759302E-07       2.04337194E-07       9.66664552E-08
   502.9000       2.30435272E-08       1.61973890E-07       2.04610088E-07       9.67950400E-08
   503.0000       2.30742382E-08       1.62188819E-07       2.04883422E-07       9.69238300E-08
   503.1000       2.31049982E-08       1.62404090E-07       2.05157197E-07       9.70528263E-08
   503.2000       2.31358075E-08       1.62619704E-07       2.05431415E-07       9.71820307E-08
   503.3000       2.31666661E-08       1.62835661E-07       2.05706076E-07       9.73114420E-08
   503.4000       2.31975740E-08       1.63051961E-07       2.05981180E-07       9.74410595E-08
   503.5000       2.32285315E-08       1.63268606E-07       2.06256731E-07       9.75708851E-08
   503.6000       2.32595386E-08       1.63485595E-07       2.06532730E-07       9.77009196E-08
   503.7000       2.32905955E-08       1.63702930E-07       2.06809178E-07       9.78311629E-08
   503.8000       2.33217022E-08       1.63920612E-07       2.07086078E-07       9.79616168E-08
   503.9000       2.33528589E-08       1.64138642E-07       2.07363426E-07       9.80922803E-08
   504.0000       2.33840657E-08       1.64357020E-07       2.07641224E-07       9.82231542E-08
   504.1000       2.34153227E-08       1.64575747E-07       2.07919476E-07       9.83542399E-08
   504.2000       2.34466299E-08       1.64794825E-07       2.08198178E-07       9.84855368E-08
   504.3000       2.34779876E-08       1.65014253E-07       2.08477335E-07       9.86170453E-08
   504.4000       2.35093958E-08       1.65234033E-07       2.08756946E-07       9.87487661E-08
   504.5000       2.35408546E-08       1.65454166E-07       2.09037009E-07       9.88806994E-08
   504.6000       2.35723642E-08       1.65674651E-07       2.09317525E-07       9.90128440E-08
   504.7000       2.36039246E-08       1.65895491E-07       2.09598498E-07       9.91452033E-08
   504.8000       2.36355359E-08       1.66116686E-07       2.09879927E-07       9.92777772E-08
   504.9000       2.36671984E-08       1.66338237E-07       2.10161815E-07       9.94105661E-08
   505.0000       2.36989119E-08       1.66560145E-07       2.10444163E-07       9.95435710E-08
   505.1000       2.37306768E-08       1.66782411E-07       2.10726971E-07       9.96767907E-08
   505.2000       2.37624931E-08       1.67005035E-07       2.11010243E-07       9.98102278E-08
   505.3000       2.37943608E-08       1.67228018E-07       2.11293981E-07       9.99438829E-08
   505.4000       2.38262801E-08       1.67451363E-07       2.11578187E-07       1.00077757E-07
   505.5000       2.38582511E-08       1.67675067E-07       2.11862859E-07       1.00211848E-07
   505.6000       2.38902739E-08       1.67899133E-07       2.12147993E-07       1.00346155E-07
   505.7000       2.39223486E-08       1.68123560E-07       2.12433597E-07       1.00480681E-07
   505.8000       2.39544753E-08       1.68348351E-07       2.12719674E-07       1.00615427E-07
   505.9000       2.39866541E-08       1.68573506E-07       2.13006227E-07       1.00750394E-07
   506.0000       2.40188851E-08       1.68799025E-07       2.13293256E-07       1.00885581E-07
   506.1000       2.40511684E-08       1.69024909E-07       2.13580759E-07       1.01020988E-07
   506.2000       2.40835041E-08       1.69251160E-07       2.13868737E-07       1.01156615E-07
   506.3000       2.41158924E-08       1.69477779E-07       2.14157191E-07       1.01292465E-07
   506.4000       2.41483332E-08       1.69704767E-07       2.14446126E-07       1.01428538E-07
   506.5000       2.41808268E-08       1.69932124E-07       2.14735538E-07       1.01564833E-07
   506.6000       2.42133732E-08       1.70159850E-07       2.15025428E-07       1.01701350E-07
   506.7000       2.42459726E-08       1.70387947E-07       2.15315799E-07       1.01838091E-07
   506.8000       2.42786250E-08       1.70616415E-07       2.15606648E-07       1.01975055E-07
   506.9000       2.43113306E-08       1.70845257E-07       2.15897980E-07       1.02112244E-07
   507.0000       2.43440894E-08       1.71074474E-07       2.16189798E-07       1.02249661E-07
   507.1000       2.43769016E-08       1.71304064E-07       2.16482101E-07       1.02387305E-07
   507.2000       2.44097673E-08       1.71534030E-07       2.16774889E-07       1.02525175E-07
   507.3000       2.44426866E-08       1.71764372E-07       2.17068163E-07       1.02663272E-07
   507.4000       2.44756596E-08       1.71995091E-07       2.17361927E-07       1.02801596E-07
   507.5000       2.45086865E-08       1.72226187E-07       2.17656182E-07       1.02940149E-07
   507.6000       2.45417673E-08       1.72457661E-07       2.17950930E-07       1.03078932E-07
   507.7000       2.45749022E-08       1.72689513E-07       2.18246170E-07       1.03217944E-07
   507.8000       2.46080913E-08       1.72921746E-07       2.18541899E-07       1.03357185E-07
   507.9000       2.46413347E-08       1.73154361E-07       2.18838117E-07       1.03496655E-07
   508.0000       2.46746326E-08       1.73387357E-07       2.19134826E-07       1.03636354E-07
   508.1000       2.47079850E-08       1.73620737E-07       2.19432031E-07       1.03776284E-07
   508.2000       2.47413921E-08       1.73854501E-07       2.19729731E-07       1.03916447E-07
   508.3000       2.47748541E-08       1.74088649E-07       2.20027933E-07       1.04056843E-07
   508.4000       2.48083710E-08       1.74323183E-07       2.20326639E-07       1.04197473E-07
   508.5000       2.48419429E-08       1.74558104E-07       2.20625848E-07       1.04338338E-07
   508.6000       2.48755701E-08       1.74793412E-07       2.20925559E-07       1.04479434E-07
   508.7000       2.49092527E-08       1.75029107E-07       2.21225775E-07       1.04620766E-07
   508.8000       2.49429907E-08       1.75265193E-07       2.21526495E-07       1.04762332E-07
   508.9000       2.49767844E-08       1.75501668E-07       2.21827720E-07       1.04904134E-07
   509.0000       2.50106338E-08       1.75738535E-07       2.22129453E-07       1.05046172E-07
   509.1000       2.50445391E-08       1.75975793E-07       2.22431693E-07       1.05188446E-07
   509.2000       2.50785004E-08       1.76213443E-07       2.22734445E-07       1.05330957E-07
   509.3000       2.51125178E-08       1.76451487E-07       2.23037711E-07       1.05473707E-07
   509.4000       2.51465916E-08       1.76689927E-07       2.23341490E-07       1.05616697E-07
   509.5000       2.51807218E-08       1.76928763E-07       2.23645784E-07       1.05759927E-07
   509.6000       2.52149086E-08       1.77167995E-07       2.23950591E-07       1.05903395E-07
   509.7000       2.52491521E-08       1.77407623E-07       2.24255916E-07       1.06047103E-07
   509.8000       2.52834524E-08       1.77647649E-07       2.24561759E-07       1.06191053E-07
   509.9000       2.53178097E-08       1.77888077E-07       2.24868120E-07       1.06335245E-07
   510.0000       2.53522242E-08       1.78128905E-07       2.25175002E-07       1.06479679E-07
   510.1000       2.53866959E-08       1.78370134E-07       2.25482404E-07       1.06624356E-07
   510.2000       2.54212250E-08       1.78611767E-07       2.25790331E-07       1.06769276E-07
   510.3000       2.54558116E-08       1.78853802E-07       2.26098780E-07       1.06914439E-07
   510.4000       2.54904560E-08       1.79096242E-07       2.26407754E-07       1.07059846E-07
   510.5000       2.55251581E-08       1.79339086E-07       2.26717254E-07       1.07205497E-07
   510.6000       2.55599183E-08       1.79582336E-07       2.27027281E-07       1.07351392E-07
   510.7000       2.55947365E-08       1.79825990E-07       2.27337833E-07       1.07497531E-07
   510.8000       2.56296129E-08       1.80070051E-07       2.27648915E-07       1.07643915E-07
   510.9000       2.56645478E-08       1.80314521E-07       2.27960529E-07       1.07790547E-07
   511.0000       2.56995411E-08       1.80559399E-07       2.28272677E-07       1.07937426E-07
   511.1000       2.57345931E-08       1.80804686E-07       2.28585355E-07       1.08084553E-07
   511.2000       2.57697039E-08       1.81050383E-07       2.28898566E-07       1.08231927E-07
   511.3000       2.58048736E-08       1.81296491E-07       2.29212310E-07       1.08379550E-07
   511.4000       2.58401023E-08       1.81543013E-07       2.29526589E-07       1.08527424E-07
   511.5000       2.58753903E-08       1.81789948E-07       2.29841404E-07       1.08675549E-07
   511.6000       2.59107376E-08       1.82037299E-07       2.30156755E-07       1.08823925E-07
   511.7000       2.59461444E-08       1.82285064E-07       2.30472641E-07       1.08972550E-07
   511.8000       2.59816108E-08       1.82533244E-07       2.30789065E-07       1.09121425E-07
   511.9000       2.60171370E-08       1.82781843E-07       2.31106028E-07       1.09270553E-07
   512.0000       2.60527230E-08       1.83030859E-07       2.31423529E-07       1.09419933E-07
   512.1000       2.60883691E-08       1.83280295E-07       2.31741573E-07       1.09569566E-07
   512.2000       2.61240754E-08       1.83530152E-07       2.32060162E-07       1.09719455E-07
   512.3000       2.61598419E-08       1.83780432E-07       2.32379299E-07       1.09869601E-07
   512.4000       2.61956689E-08       1.84031135E-07       2.32698982E-07       1.10020001E-07
   512.5000       2.62315565E-08       1.84282260E-07       2.33019213E-07       1.10170656E-07
   512.6000       2.62675048E-08       1.84533811E-07       2.33339987E-07       1.10321567E-07
   512.7000       2.63035139E-08       1.84785789E-07       2.33661310E-07       1.10472735E-07
   512.8000       2.63395840E-08       1.85038192E-07       2.33983184E-07       1.10624160E-07
   512.9000       2.63757153E-08       1.85291024E-07       2.34305612E-07       1.10775843E-07
   513.0000       2.64119079E-08       1.85544284E-07       2.34628597E-07       1.10927787E-07
   513.1000       2.64481618E-08       1.85797975E-07       2.34952142E-07       1.11079990E-07
   513.2000       2.64844773E-08       1.86052095E-07       2.35276245E-07       1.11232453E-07
   513.3000       2.65208545E-08       1.86306648E-07       2.35600911E-07       1.11385178E-07
   513.4000       2.65572936E-08       1.86561635E-07       2.35926147E-07       1.11538166E-07
   513.5000       2.65937946E-08       1.86817055E-07       2.36251951E-07       1.11691418E-07
   513.6000       2.66303577E-08       1.87072911E-07       2.36578325E-07       1.11844933E-07
   513.7000       2.66669831E-08       1.87329202E-07       2.36905266E-07       1.11998711E-07
   513.8000       2.67036710E-08       1.87585929E-07       2.37232778E-07       1.12152752E-07
   513.9000       2.67404213E-08       1.87843095E-07       2.37560860E-07       1.12307058E-07
   514.0000       2.67772344E-08       1.88100699E-07       2.37889513E-07       1.12461629E-07
   514.1000       2.68141103E-08       1.88358743E-07       2.38218737E-07       1.12616466E-07
   514.2000       2.68510492E-08       1.88617228E-07       2.38548536E-07       1.12771570E-07
   514.3000       2.68880512E-08       1.88876154E-07       2.38878913E-07       1.12926942E-07
   514.4000       2.69251165E-08       1.89135523E-07       2.39209867E-07       1.13082582E-07
   514.5000       2.69622452E-08       1.89395336E-07       2.39541400E-07       1.13238490E-07
   514.6000       2.69994376E-08       1.89655594E-07       2.39873513E-07       1.13394667E-07
   514.7000       2.70366937E-08       1.89916296E-07       2.40206206E-07       1.13551113E-07
   514.8000       2.70740136E-08       1.90177446E-07       2.40539484E-07       1.13707830E-07
   514.9000       2.71113976E-08       1.90439044E-07       2.40873344E-07       1.13864817E-07
   515.0000       2.71488458E-08       1.90701090E-07       2.41207792E-07       1.14022076E-07
   515.1000       2.71863584E-08       1.90963584E-07       2.41542831E-07       1.14179607E-07
   515.2000       2.72239355E-08       1.91226530E-07       2.41878456E-07       1.14337410E-07
   515.3000       2.72615772E-08       1.91489928E-07       2.42214669E-07       1.14495487E-07
   515.4000       2.72992837E-08       1.91753778E-07       2.42551469E-07       1.14653838E-07
   515.5000       2.73370553E-08       1.92018083E-07       2.42888861E-07       1.14812464E-07
   515.6000       2.73748919E-08       1.92282844E-07       2.43226848E-07       1.14971367E-07
   515.7000       2.74127939E-08       1.92548061E-07       2.43565432E-07       1.15130547E-07
   515.8000       2.74507613E-08       1.92813735E-07       2.43904608E-07       1.15290004E-07
   515.9000       2.74887943E-08       1.93079870E-07       2.44244381E-07       1.15449739E-07
   516.0000       2.75268930E-08       1.93346463E-07       2.44584750E-07       1.15609751E-07
   516.1000       2.75650577E-08       1.93613518E-07       2.44925719E-07       1.15770042E-07
   516.2000       2.76032885E-08       1.93881036E-07       2.45267290E-07       1.15930614E-07
   516.3000       2.76415856E-08       1.94149018E-07       2.45609460E-07       1.16091466E-07
   516.4000       2.76799490E-08       1.94417464E-07       2.45952233E-07       1.16252599E-07
   516.5000       2.77183790E-08       1.94686378E-07       2.46295610E-07       1.16414015E-07
   516.6000       2.77568757E-08       1.94955759E-07       2.46639597E-07       1.16575715E-07
   516.7000       2.77954393E-08       1.95225608E-07       2.46984193E-07       1.16737699E-07
   516.8000       2.78340699E-08       1.95495926E-07       2.47329399E-07       1.16899966E-07
   516.9000       2.78727677E-08       1.95766717E-07       2.47675220E-07       1.17062522E-07
   517.0000       2.79115329E-08       1.96037981E-07       2.48021660E-07       1.17225365E-07
   517.1000       2.79503656E-08       1.96309718E-07       2.48368717E-07       1.17388495E-07
   517.2000       2.79892659E-08       1.96581930E-07       2.48716396E-07       1.17551911E-07
   517.3000       2.80282341E-08       1.96854617E-07       2.49064702E-07       1.17715616E-07
   517.4000       2.80672703E-08       1.97127782E-07       2.49413631E-07       1.17879611E-07
   517.5000       2.81063747E-08       1.97401427E-07       2.49763187E-07       1.18043895E-07
   517.6000       2.81455473E-08       1.97675552E-07       2.50113367E-07       1.18208469E-07
   517.7000       2.81847885E-08       1.97950158E-07       2.50464172E-07       1.18373332E-07
   517.8000       2.82240983E-08       1.98225247E-07       2.50815606E-07       1.18538487E-07
   517.9000       2.82634769E-08       1.98500819E-07       2.51167670E-07       1.18703934E-07
   518.0000       2.83029245E-08       1.98776876E-07       2.51520368E-07       1.18869674E-07
   518.1000       2.83424412E-08       1.99053418E-07       2.51873702E-07       1.19035709E-07
   518.2000       2.83820272E-08       1.99330445E-07       2.52227669E-07       1.19202038E-07
   518.3000       2.84216827E-08       1.99607959E-07       2.52582272E-07       1.19368661E-07
   518.4000       2.84614079E-08       1.99885960E-07       2.52937512E-07       1.19535579E-07
   518.5000       2.85012028E-08       2.00164451E-07       2.53293390E-07       1.19702793E-07
   518.6000       2.85410678E-08       2.00443433E-07       2.53649906E-07       1.19870305E-07
   518.7000       2.85810029E-08       2.00722910E-07       2.54007060E-07       1.20038116E-07
   518.8000       2.86210084E-08       2.01002881E-07       2.54364859E-07       1.20206227E-07
   518.9000       2.86610844E-08       2.01283348E-07       2.54723305E-07       1.20374640E-07
   519.0000       2.87012311E-08       2.01564309E-07       2.55082397E-07       1.20543351E-07
   519.1000       2.87414487E-08       2.01845768E-07       2.55442135E-07       1.20712363E-07
   519.2000       2.87817373E-08       2.02127725E-07       2.55802526E-07       1.20881677E-07
   519.3000       2.88220972E-08       2.02410181E-07       2.56163567E-07       1.21051293E-07
   519.4000       2.88625286E-08       2.02693138E-07       2.56525263E-07       1.21221213E-07
   519.5000       2.89030315E-08       2.02976597E-07       2.56887612E-07       1.21391437E-07
   519.6000       2.89436063E-08       2.03260559E-07       2.57250622E-07       1.21561965E-07
   519.7000       2.89842531E-08       2.03545026E-07       2.57614294E-07       1.21732799E-07
   519.8000       2.90249720E-08       2.03829998E-07       2.57978629E-07       1.21903940E-07
   519.9000       2.90657633E-08       2.04115477E-07       2.58343630E-07       1.22075389E-07
   520.0000       2.91066272E-08       2.04401464E-07       2.58709297E-07       1.22247147E-07
   520.1000       2.91475638E-08       2.04687960E-07       2.59075629E-07       1.22419211E-07
   520.2000       2.91885734E-08       2.04974968E-07       2.59442626E-07       1.22591585E-07
   520.3000       2.92296562E-08       2.05262490E-07       2.59810290E-07       1.22764271E-07
   520.4000       2.92708122E-08       2.05550525E-07       2.60178624E-07       1.22937268E-07
   520.5000       2.93120418E-08       2.05839076E-07       2.60547628E-07       1.23110576E-07
   520.6000       2.93533451E-08       2.06128141E-07       2.60917303E-07       1.23284196E-07
   520.7000       2.93947223E-08       2.06417724E-07       2.61287652E-07       1.23458129E-07
   520.8000       2.94361736E-08       2.06707825E-07       2.61658678E-07       1.23632376E-07
   520.9000       2.94776991E-08       2.06998447E-07       2.62030381E-07       1.23806938E-07
   521.0000       2.95192992E-08       2.07289591E-07       2.62402770E-07       1.23981819E-07
   521.1000       2.95609739E-08       2.07581260E-07       2.62775844E-07       1.24157019E-07
   521.2000       2.96027235E-08       2.07873453E-07       2.63149600E-07       1.24332535E-07
   521.3000       2.96445482E-08       2.08166171E-07       2.63524044E-07       1.24508369E-07
   521.4000       2.96864481E-08       2.08459415E-07       2.63899180E-07       1.24684524E-07
   521.5000       2.97284234E-08       2.08753187E-07       2.64275009E-07       1.24860998E-07
   521.6000       2.97704743E-08       2.09047487E-07       2.64651531E-07       1.25037793E-07
   521.7000       2.98126011E-08       2.09342317E-07       2.65028748E-07       1.25214910E-07
   521.8000       2.98548038E-08       2.09637679E-07       2.65406661E-07       1.25392349E-07
   521.9000       2.98970828E-08       2.09933573E-07       2.65785272E-07       1.25570110E-07
   522.0000       2.99394381E-08       2.10230001E-07       2.66164589E-07       1.25748196E-07
   522.1000       2.99818700E-08       2.10526966E-07       2.66544609E-07       1.25926608E-07
   522.2000       3.00243786E-08       2.10824468E-07       2.66925339E-07       1.26105347E-07
   522.3000       3.00669642E-08       2.11122507E-07       2.67306778E-07       1.26284413E-07
   522.4000       3.01096270E-08       2.11421085E-07       2.67688927E-07       1.26463807E-07
   522.5000       3.01523670E-08       2.11720203E-07       2.68071790E-07       1.26643530E-07
   522.6000       3.01951846E-08       2.12019863E-07       2.68455368E-07       1.26823583E-07
   522.7000       3.02380799E-08       2.12320065E-07       2.68839665E-07       1.27003966E-07
   522.8000       3.02810531E-08       2.12620812E-07       2.69224682E-07       1.27184681E-07
   522.9000       3.03241044E-08       2.12922106E-07       2.69610420E-07       1.27365729E-07
   523.0000       3.03672340E-08       2.13223951E-07       2.69996882E-07       1.27547112E-07
   523.1000       3.04104420E-08       2.13526345E-07       2.70384070E-07       1.27728831E-07
   523.2000       3.04537288E-08       2.13829291E-07       2.70771978E-07       1.27910884E-07
   523.3000       3.04970944E-08       2.14132788E-07       2.71160609E-07       1.28093270E-07
   523.4000       3.05405391E-08       2.14436840E-07       2.71549967E-07       1.28275994E-07
   523.5000       3.05840631E-08       2.14741447E-07       2.71940053E-07       1.28459057E-07
   523.6000       3.06276665E-08       2.15046610E-07       2.72330868E-07       1.28642457E-07
   523.7000       3.06713496E-08       2.15352331E-07       2.72722416E-07       1.28826196E-07
   523.8000       3.07151126E-08       2.15658613E-07       2.73114699E-07       1.29010276E-07
   523.9000       3.07589556E-08       2.15965457E-07       2.73507717E-07       1.29194698E-07
   524.0000       3.08028789E-08       2.16272865E-07       2.73901473E-07       1.29379463E-07
   524.1000       3.08468827E-08       2.16580838E-07       2.74295965E-07       1.29564570E-07
   524.2000       3.08909672E-08       2.16889377E-07       2.74691196E-07       1.29750020E-07
   524.3000       3.09351326E-08       2.17198483E-07       2.75087168E-07       1.29935812E-07
   524.4000       3.09793790E-08       2.17508159E-07       2.75483882E-07       1.30121949E-07
   524.5000       3.10237068E-08       2.17818406E-07       2.75881339E-07       1.30308432E-07
   524.6000       3.10681161E-08       2.18129226E-07       2.76279543E-07       1.30495262E-07
   524.7000       3.11126071E-08       2.18440618E-07       2.76678495E-07       1.30682438E-07
   524.8000       3.11571800E-08       2.18752588E-07       2.77078200E-07       1.30869964E-07
   524.9000       3.12018351E-08       2.19065135E-07       2.77478665E-07       1.31057842E-07
   525.0000       3.12465725E-08       2.19378263E-07       2.77879891E-07       1.31246074E-07
   525.1000       3.12913925E-08       2.19691971E-07       2.78281875E-07       1.31434658E-07
   525.2000       3.13362953E-08       2.20006261E-07       2.78684621E-07       1.31623595E-07
   525.3000       3.13812811E-08       2.20321135E-07       2.79088129E-07       1.31812887E-07
   525.4000       3.14263502E-08       2.20636595E-07       2.79492399E-07       1.32002532E-07
   525.5000       3.14715026E-08       2.20952642E-07       2.79897434E-07       1.32192532E-07
   525.6000       3.15167388E-08       2.21269276E-07       2.80303238E-07       1.32382888E-07
   525.7000       3.15620588E-08       2.21586501E-07       2.80709813E-07       1.32573603E-07
   525.8000       3.16074629E-08       2.21904317E-07       2.81117165E-07       1.32764676E-07
   525.9000       3.16529514E-08       2.22222726E-07       2.81525297E-07       1.32956109E-07
   526.0000       3.16985244E-08       2.22541729E-07       2.81934205E-07       1.33147902E-07
   526.1000       3.17441822E-08       2.22861327E-07       2.82343894E-07       1.33340055E-07
   526.2000       3.17899250E-08       2.23181522E-07       2.82754371E-07       1.33532570E-07
   526.3000       3.18357531E-08       2.23502313E-07       2.83165633E-07       1.33725446E-07
   526.4000       3.18816666E-08       2.23823706E-07       2.83577687E-07       1.33918687E-07
   526.5000       3.19276659E-08       2.24145701E-07       2.83990532E-07       1.34112294E-07
   526.6000       3.19737510E-08       2.24468297E-07       2.84404172E-07       1.34306265E-07
   526.7000       3.20199224E-08       2.24791496E-07       2.84818604E-07       1.34500601E-07
   526.8000       3.20661801E-08       2.25115300E-07       2.85233828E-07       1.34695304E-07
   526.9000       3.21125246E-08       2.25439712E-07       2.85649852E-07       1.34890376E-07
   527.0000       3.21589558E-08       2.25764733E-07       2.86066678E-07       1.35085819E-07
   527.1000       3.22054742E-08       2.26090365E-07       2.86484305E-07       1.35281634E-07
   527.2000       3.22520800E-08       2.26416608E-07       2.86902740E-07       1.35477820E-07
   527.3000       3.22987734E-08       2.26743463E-07       2.87321981E-07       1.35674379E-07
   527.4000       3.23455545E-08       2.27070930E-07       2.87742028E-07       1.35871308E-07
   527.5000       3.23924238E-08       2.27399015E-07       2.88162886E-07       1.36068613E-07
   527.6000       3.24393814E-08       2.27727716E-07       2.88584554E-07       1.36266294E-07
   527.7000       3.24864275E-08       2.28057035E-07       2.89007034E-07       1.36464350E-07
   527.8000       3.25335625E-08       2.28386971E-07       2.89430329E-07       1.36662781E-07
   527.9000       3.25807864E-08       2.28717528E-07       2.89854442E-07       1.36861590E-07
   528.0000       3.26280997E-08       2.29048708E-07       2.90279374E-07       1.37060779E-07
   528.1000       3.26755025E-08       2.29380512E-07       2.90705125E-07       1.37260347E-07
   528.2000       3.27229950E-08       2.29712942E-07       2.91131698E-07       1.37460294E-07
   528.3000       3.27705775E-08       2.30046002E-07       2.91559097E-07       1.37660626E-07
   528.4000       3.28182503E-08       2.30379693E-07       2.91987324E-07       1.37861343E-07
   528.5000       3.28660135E-08       2.30714016E-07       2.92416386E-07       1.38062445E-07
   528.6000       3.29138675E-08       2.31048972E-07       2.92846285E-07       1.38263934E-07
   528.7000       3.29618124E-08       2.31384566E-07       2.93277022E-07       1.38465811E-07
   528.8000       3.30098485E-08       2.31720795E-07       2.93708598E-07       1.38668076E-07
   528.9000       3.30579761E-08       2.32057664E-07       2.94141016E-07       1.38870729E-07
   529.0000       3.31061953E-08       2.32395175E-07       2.94574275E-07       1.39073772E-07
   529.1000       3.31545064E-08       2.32733328E-07       2.95008374E-07       1.39277205E-07
   529.2000       3.32029097E-08       2.33072125E-07       2.95443323E-07       1.39481030E-07
   529.3000       3.32514053E-08       2.33411569E-07       2.95879123E-07       1.39685249E-07
   529.4000       3.32999936E-08       2.33751662E-07       2.96315775E-07       1.39889863E-07
   529.5000       3.33486747E-08       2.34092403E-07       2.96753275E-07       1.40094869E-07
   529.6000       3.33974489E-08       2.34433795E-07       2.97191632E-07       1.40300271E-07
   529.7000       3.34463164E-08       2.34775839E-07       2.97630847E-07       1.40506069E-07
   529.8000       3.34952775E-08       2.35118538E-07       2.98070928E-07       1.40712266E-07
   529.9000       3.35443324E-08       2.35461893E-07       2.98511875E-07       1.40918864E-07
   530.0000       3.35934814E-08       2.35805906E-07       2.98953689E-07       1.41125861E-07
   530.1000       3.36427246E-08       2.36150578E-07       2.99396374E-07       1.41333260E-07
   530.2000       3.36920623E-08       2.36495913E-07       2.99839930E-07       1.41541062E-07
   530.3000       3.37414948E-08       2.36841910E-07       3.00284363E-07       1.41749267E-07
   530.4000       3.37910223E-08       2.37188573E-07       3.00729672E-07       1.41957878E-07
   530.5000       3.38406451E-08       2.37535902E-07       3.01175861E-07       1.42166893E-07
   530.6000       3.38903633E-08       2.37883899E-07       3.01622932E-07       1.42376315E-07
   530.7000       3.39401773E-08       2.38232565E-07       3.02070887E-07       1.42586142E-07
   530.8000       3.39900872E-08       2.38581904E-07       3.02519729E-07       1.42796380E-07
   530.9000       3.40400933E-08       2.38931919E-07       3.02969459E-07       1.43007029E-07
   531.0000       3.40901960E-08       2.39282612E-07       3.03420083E-07       1.43218090E-07
   531.1000       3.41403953E-08       2.39633983E-07       3.03871604E-07       1.43429566E-07
   531.2000       3.41906916E-08       2.39986035E-07       3.04324019E-07       1.43641455E-07
   531.3000       3.42410852E-08       2.40338770E-07       3.04777333E-07       1.43853759E-07
   531.4000       3.42915762E-08       2.40692189E-07       3.05231550E-07       1.44066478E-07
   531.5000       3.43421649E-08       2.41046293E-07       3.05686670E-07       1.44279613E-07
   531.6000       3.43928516E-08       2.41401087E-07       3.06142703E-07       1.44493168E-07
   531.7000       3.44436366E-08       2.41756573E-07       3.06599644E-07       1.44707142E-07
   531.8000       3.44945201E-08       2.42112753E-07       3.07057501E-07       1.44921538E-07
   531.9000       3.45455024E-08       2.42469627E-07       3.07516277E-07       1.45136356E-07
   532.0000       3.45965837E-08       2.42827195E-07       3.07975974E-07       1.45351598E-07
   532.1000       3.46477643E-08       2.43185462E-07       3.08436593E-07       1.45567264E-07
   532.2000       3.46990445E-08       2.43544429E-07       3.08898132E-07       1.45783355E-07
   532.3000       3.47504245E-08       2.43904097E-07       3.09360594E-07       1.45999872E-07
   532.4000       3.48019046E-08       2.44264469E-07       3.09823987E-07       1.46216817E-07
   532.5000       3.48534852E-08       2.44625545E-07       3.10288312E-07       1.46434193E-07
   532.6000       3.49051664E-08       2.44987329E-07       3.10753567E-07       1.46651999E-07
   532.7000       3.49569485E-08       2.45349822E-07       3.11219751E-07       1.46870235E-07
   532.8000       3.50088319E-08       2.45713028E-07       3.11686869E-07       1.47088904E-07
   532.9000       3.50608168E-08       2.46076946E-07       3.12154925E-07       1.47308007E-07
   533.0000       3.51129035E-08       2.46441577E-07       3.12623920E-07       1.47527544E-07
   533.1000       3.51650922E-08       2.46806926E-07       3.13093865E-07       1.47747518E-07
   533.2000       3.52173833E-08       2.47172993E-07       3.13564755E-07       1.47967929E-07
   533.3000       3.52697771E-08       2.47539782E-07       3.14036596E-07       1.48188780E-07
   533.4000       3.53222738E-08       2.47907294E-07       3.14509387E-07       1.48410070E-07
   533.5000       3.53748737E-08       2.48275528E-07       3.14983134E-07       1.48631799E-07
   533.6000       3.54275771E-08       2.48644490E-07       3.15457837E-07       1.48853972E-07
   533.7000       3.54803844E-08       2.49014181E-07       3.15933501E-07       1.49076587E-07
   533.8000       3.55332958E-08       2.49384603E-07       3.16410127E-07       1.49299646E-07
   533.9000       3.55863117E-08       2.49755758E-07       3.16887717E-07       1.49523151E-07
   534.0000       3.56394322E-08       2.50127650E-07       3.17366273E-07       1.49747102E-07
   534.1000       3.56926578E-08       2.50500282E-07       3.17845800E-07       1.49971501E-07
   534.2000       3.57459888E-08       2.50873655E-07       3.18326300E-07       1.50196351E-07
   534.3000       3.57994253E-08       2.51247770E-07       3.18807775E-07       1.50421652E-07
   534.4000       3.58529679E-08       2.51622631E-07       3.19290228E-07       1.50647406E-07
   534.5000       3.59066166E-08       2.51998239E-07       3.19773665E-07       1.50873615E-07
   534.6000       3.59603720E-08       2.52374596E-07       3.20258089E-07       1.51100278E-07
   534.7000       3.60142342E-08       2.52751705E-07       3.20743503E-07       1.51327399E-07
   534.8000       3.60682037E-08       2.53129566E-07       3.21229909E-07       1.51554978E-07
   534.9000       3.61222806E-08       2.53508181E-07       3.21717310E-07       1.51783016E-07
   535.0000       3.61764654E-08       2.53887554E-07       3.22205706E-07       1.52011515E-07
   535.1000       3.62307583E-08       2.54267686E-07       3.22695103E-07       1.52240475E-07
   535.2000       3.62851596E-08       2.54648581E-07       3.23185505E-07       1.52469900E-07
   535.3000       3.63396698E-08       2.55030239E-07       3.23676909E-07       1.52699788E-07
   535.4000       3.63942890E-08       2.55412664E-07       3.24169321E-07       1.52930143E-07
   535.5000       3.64490176E-08       2.55795854E-07       3.24662739E-07       1.53160961E-07
   535.6000       3.65038560E-08       2.56179814E-07       3.25157168E-07       1.53392247E-07
   535.7000       3.65588044E-08       2.56564543E-07       3.25652616E-07       1.53624001E-07
   535.8000       3.66138632E-08       2.56950047E-07       3.26149084E-07       1.53856225E-07
   535.9000       3.66690326E-08       2.57336324E-07       3.26646572E-07       1.54088918E-07
   536.0000       3.67243131E-08       2.57723378E-07       3.27145086E-07       1.54322082E-07
   536.1000       3.67797049E-08       2.58111212E-07       3.27644628E-07       1.54555721E-07
   536.2000       3.68352083E-08       2.58499829E-07       3.28145203E-07       1.54789836E-07
   536.3000       3.68908237E-08       2.58889232E-07       3.28646816E-07       1.55024431E-07
   536.4000       3.69465515E-08       2.59279421E-07       3.29149464E-07       1.55259504E-07
   536.5000       3.70023918E-08       2.59670402E-07       3.29653153E-07       1.55495060E-07
   536.6000       3.70583451E-08       2.60062177E-07       3.30157885E-07       1.55731096E-07
   536.7000       3.71144117E-08       2.60454745E-07       3.30663658E-07       1.55967613E-07
   536.8000       3.71705918E-08       2.60848106E-07       3.31170476E-07       1.56204610E-07
   536.9000       3.72268859E-08       2.61242265E-07       3.31678343E-07       1.56442092E-07
   537.0000       3.72832943E-08       2.61637223E-07       3.32187263E-07       1.56680059E-07
   537.1000       3.73398172E-08       2.62032983E-07       3.32697243E-07       1.56918514E-07
   537.2000       3.73964551E-08       2.62429546E-07       3.33208280E-07       1.57157457E-07
   537.3000       3.74532082E-08       2.62826914E-07       3.33720377E-07       1.57396891E-07
   537.4000       3.75100768E-08       2.63225091E-07       3.34233537E-07       1.57636816E-07
   537.5000       3.75670614E-08       2.63624078E-07       3.34747767E-07       1.57877237E-07
   537.6000       3.76241623E-08       2.64023879E-07       3.35263073E-07       1.58118153E-07
   537.7000       3.76813797E-08       2.64424496E-07       3.35779456E-07       1.58359568E-07
   537.8000       3.77387140E-08       2.64825929E-07       3.36296916E-07       1.58601479E-07
   537.9000       3.77961656E-08       2.65228183E-07       3.36815459E-07       1.58843890E-07
   538.0000       3.78537348E-08       2.65631255E-07       3.37335090E-07       1.59086800E-07
   538.1000       3.79114219E-08       2.66035150E-07       3.37855816E-07       1.59330213E-07
   538.2000       3.79692272E-08       2.66439872E-07       3.38377640E-07       1.59574133E-07
   538.3000       3.80271512E-08       2.66845423E-07       3.38900559E-07       1.59818558E-07
   538.4000       3.80851941E-08       2.67251804E-07       3.39424577E-07       1.60063487E-07
   538.5000       3.81433562E-08       2.67659015E-07       3.39949694E-07       1.60308921E-07
   538.6000       3.82016380E-08       2.68067059E-07       3.40475919E-07       1.60554864E-07
   538.7000       3.82600398E-08       2.68475939E-07       3.41003251E-07       1.60801317E-07
   538.8000       3.83185618E-08       2.68885656E-07       3.41531697E-07       1.61048281E-07
   538.9000       3.83772044E-08       2.69296215E-07       3.42061259E-07       1.61295759E-07
   539.0000       3.84359680E-08       2.69707615E-07       3.42591940E-07       1.61543751E-07
   539.1000       3.84948529E-08       2.70119861E-07       3.43123744E-07       1.61792261E-07
   539.2000       3.85538594E-08       2.70532956E-07       3.43656672E-07       1.62041288E-07
   539.3000       3.86129879E-08       2.70946902E-07       3.44190732E-07       1.62290837E-07
   539.4000       3.86722387E-08       2.71361700E-07       3.44725920E-07       1.62540905E-07
   539.5000       3.87316121E-08       2.71777352E-07       3.45262237E-07       1.62791494E-07
   539.6000       3.87911085E-08       2.72193862E-07       3.45799687E-07       1.63042603E-07
   539.7000       3.88507281E-08       2.72611231E-07       3.46338272E-07       1.63294236E-07
   539.8000       3.89104714E-08       2.73029462E-07       3.46877996E-07       1.63546394E-07
   539.9000       3.89703386E-08       2.73448553E-07       3.47418863E-07       1.63799076E-07
   540.0000       3.90303301E-08       2.73868510E-07       3.47960874E-07       1.64052284E-07
   540.1000       3.90904462E-08       2.74289336E-07       3.48504031E-07       1.64306022E-07
   540.2000       3.91506872E-08       2.74711034E-07       3.49048341E-07       1.64560294E-07
   540.3000       3.92110536E-08       2.75133603E-07       3.49593807E-07       1.64815096E-07
   540.4000       3.92715455E-08       2.75557048E-07       3.50140430E-07       1.65070431E-07
   540.5000       3.93321633E-08       2.75981373E-07       3.50688213E-07       1.65326302E-07
   540.6000       3.93929074E-08       2.76406577E-07       3.51237165E-07       1.65582710E-07
   540.7000       3.94537780E-08       2.76832665E-07       3.51787287E-07       1.65839656E-07
   540.8000       3.95147756E-08       2.77259639E-07       3.52338579E-07       1.66097143E-07
   540.9000       3.95759004E-08       2.77687499E-07       3.52891042E-07       1.66355167E-07
   541.0000       3.96371529E-08       2.78116246E-07       3.53444681E-07       1.66613731E-07
   541.1000       3.96985332E-08       2.78545886E-07       3.53999505E-07       1.66872842E-07
   541.2000       3.97600418E-08       2.78976422E-07       3.54555516E-07       1.67132500E-07
   541.3000       3.98216789E-08       2.79407854E-07       3.55112714E-07       1.67392706E-07
   541.4000       3.98834450E-08       2.79840188E-07       3.55671102E-07       1.67653462E-07
   541.5000       3.99453404E-08       2.80273425E-07       3.56230684E-07       1.67914769E-07
   541.6000       4.00073654E-08       2.80707565E-07       3.56791463E-07       1.68176628E-07
   541.7000       4.00695203E-08       2.81142612E-07       3.57353446E-07       1.68439041E-07
   541.8000       4.01318056E-08       2.81578570E-07       3.57916636E-07       1.68702009E-07
   541.9000       4.01942215E-08       2.82015440E-07       3.58481033E-07       1.68965534E-07
   542.0000       4.02567684E-08       2.82453225E-07       3.59046642E-07       1.69229617E-07
   542.1000       4.03194467E-08       2.82891926E-07       3.59613468E-07       1.69494258E-07
   542.2000       4.03822566E-08       2.83331546E-07       3.60181514E-07       1.69759460E-07
   542.3000       4.04451987E-08       2.83772090E-07       3.60750782E-07       1.70025226E-07
   542.4000       4.05082732E-08       2.84213559E-07       3.61321279E-07       1.70291558E-07
   542.5000       4.05714804E-08       2.84655958E-07       3.61893006E-07       1.70558456E-07
   542.6000       4.06348208E-08       2.85099287E-07       3.62465972E-07       1.70825923E-07
   542.7000       4.06982948E-08       2.85543552E-07       3.63040182E-07       1.71093963E-07
   542.8000       4.07619026E-08       2.85988755E-07       3.63615633E-07       1.71362576E-07
   542.9000       4.08256446E-08       2.86434894E-07       3.64192332E-07       1.71631760E-07
   543.0000       4.08895213E-08       2.86881976E-07       3.64770282E-07       1.71901519E-07
   543.1000       4.09535329E-08       2.87330001E-07       3.65349485E-07       1.72171853E-07
   543.2000       4.10176800E-08       2.87778969E-07       3.65929939E-07       1.72442759E-07
   543.3000       4.10819627E-08       2.88228885E-07       3.66511650E-07       1.72714243E-07
   543.4000       4.11463816E-08       2.88679752E-07       3.67094621E-07       1.72986305E-07
   543.5000       4.12109369E-08       2.89131575E-07       3.67678857E-07       1.73258950E-07
   543.6000       4.12756291E-08       2.89584353E-07       3.68264368E-07       1.73532177E-07
   543.7000       4.13404585E-08       2.90038092E-07       3.68851150E-07       1.73805990E-07
   543.8000       4.14054256E-08       2.90492792E-07       3.69439214E-07       1.74080389E-07
   543.9000       4.14705307E-08       2.90948456E-07       3.70028559E-07       1.74355377E-07
   544.0000       4.15357742E-08       2.91405089E-07       3.70619192E-07       1.74630957E-07
   544.1000       4.16011564E-08       2.91862694E-07       3.71211114E-07       1.74907131E-07
   544.2000       4.16666779E-08       2.92321271E-07       3.71804331E-07       1.75183899E-07
   544.3000       4.17323389E-08       2.92780823E-07       3.72398844E-07       1.75461261E-07
   544.4000       4.17981398E-08       2.93241353E-07       3.72994655E-07       1.75739221E-07
   544.5000       4.18640811E-08       2.93702863E-07       3.73591764E-07       1.76017777E-07
   544.6000       4.19301632E-08       2.94165353E-07       3.74190181E-07       1.76296931E-07
   544.7000       4.19963864E-08       2.94628825E-07       3.74789911E-07       1.76576685E-07
   544.8000       4.20627511E-08       2.95093286E-07       3.75390956E-07       1.76857043E-07
   544.9000       4.21292578E-08       2.95558736E-07       3.75993322E-07       1.77138007E-07
   545.0000       4.21959068E-08       2.96025180E-07       3.76597011E-07       1.77419578E-07
   545.1000       4.22626985E-08       2.96492617E-07       3.77202021E-07       1.77701757E-07
   545.2000       4.23296334E-08       2.96961050E-07       3.77808359E-07       1.77984544E-07
   545.3000       4.23967119E-08       2.97430484E-07       3.78416025E-07       1.78267942E-07
   545.4000       4.24639343E-08       2.97900920E-07       3.79025025E-07       1.78551952E-07
   545.5000       4.25313011E-08       2.98372361E-07       3.79635360E-07       1.78836575E-07
   545.6000       4.25988126E-08       2.98844812E-07       3.80247029E-07       1.79121811E-07
   545.7000       4.26664694E-08       2.99318273E-07       3.80860038E-07       1.79407664E-07
   545.8000       4.27342717E-08       2.99792746E-07       3.81474391E-07       1.79694133E-07
   545.9000       4.28022201E-08       3.00268233E-07       3.82090093E-07       1.79981222E-07
   546.0000       4.28703149E-08       3.00744740E-07       3.82707155E-07       1.80268936E-07
   546.1000       4.29385565E-08       3.01222266E-07       3.83325577E-07       1.80557273E-07
   546.2000       4.30069453E-08       3.01700816E-07       3.83945362E-07       1.80846235E-07
   546.3000       4.30754818E-08       3.02180392E-07       3.84566516E-07       1.81135827E-07
   546.4000       4.31441664E-08       3.02660997E-07       3.85189041E-07       1.81426047E-07
   546.5000       4.32129995E-08       3.03142631E-07       3.85812940E-07       1.81716897E-07
   546.6000       4.32819815E-08       3.03625297E-07       3.86438216E-07       1.82008379E-07
   546.7000       4.33511128E-08       3.04109001E-07       3.87064880E-07       1.82300497E-07
   546.8000       4.34203939E-08       3.04593745E-07       3.87692930E-07       1.82593252E-07
   546.9000       4.34898251E-08       3.05079531E-07       3.88322369E-07       1.82886645E-07
   547.0000       4.35594068E-08       3.05566363E-07       3.88953208E-07       1.83180680E-07
   547.1000       4.36291395E-08       3.06054243E-07       3.89585449E-07       1.83475358E-07
   547.2000       4.36990237E-08       3.06543174E-07       3.90219096E-07       1.83770682E-07
   547.3000       4.37690596E-08       3.07033159E-07       3.90854150E-07       1.84066650E-07
   547.4000       4.38392477E-08       3.07524199E-07       3.91490615E-07       1.84363265E-07
   547.5000       4.39095885E-08       3.08016298E-07       3.92128501E-07       1.84660531E-07
   547.6000       4.39800823E-08       3.08509463E-07       3.92767808E-07       1.84958451E-07
   547.7000       4.40507296E-08       3.09003698E-07       3.93408534E-07       1.85257025E-07
   547.8000       4.41215308E-08       3.09499002E-07       3.94050689E-07       1.85556251E-07
   547.9000       4.41924862E-08       3.09995377E-07       3.94694275E-07       1.85856133E-07
   548.0000       4.42635964E-08       3.10492829E-07       3.95339294E-07       1.86156672E-07
   548.1000       4.43348617E-08       3.10991360E-07       3.95985746E-07       1.86457870E-07
   548.2000       4.44062824E-08       3.11490973E-07       3.96633635E-07       1.86759727E-07
   548.3000       4.44778592E-08       3.11991673E-07       3.97282972E-07       1.87062250E-07
   548.4000       4.45495923E-08       3.12493463E-07       3.97933762E-07       1.87365439E-07
   548.5000       4.46214822E-08       3.12996347E-07       3.98586010E-07       1.87669296E-07
   548.6000       4.46935292E-08       3.13500326E-07       3.99239714E-07       1.87973821E-07
   548.7000       4.47657339E-08       3.14005406E-07       3.99894886E-07       1.88279020E-07
   548.8000       4.48380966E-08       3.14511588E-07       4.00551523E-07       1.88584890E-07
   548.9000       4.49106178E-08       3.15018874E-07       4.01209633E-07       1.88891435E-07
   549.0000       4.49832978E-08       3.15527270E-07       4.01869221E-07       1.89198658E-07
   549.1000       4.50561372E-08       3.16036778E-07       4.02530288E-07       1.89506561E-07
   549.2000       4.51291363E-08       3.16547400E-07       4.03192837E-07       1.89815143E-07
   549.3000       4.52022955E-08       3.17059141E-07       4.03856869E-07       1.90124407E-07
   549.4000       4.52756154E-08       3.17572000E-07       4.04522391E-07       1.90434353E-07
   549.5000       4.53490962E-08       3.18085984E-07       4.05189412E-07       1.90744988E-07
   549.6000       4.54227385E-08       3.18601092E-07       4.05857931E-07       1.91056309E-07
   549.7000       4.54965428E-08       3.19117328E-07       4.06527949E-07       1.91368317E-07
   549.8000       4.55705093E-08       3.19634697E-07       4.07199471E-07       1.91681018E-07
   549.9000       4.56446387E-08       3.20153202E-07       4.07872505E-07       1.91994414E-07
   550.0000       4.57189313E-08       3.20672848E-07       4.08547050E-07       1.92308505E-07
   550.1000       4.57933877E-08       3.21193638E-07       4.09223108E-07       1.92623295E-07
   550.2000       4.58680081E-08       3.21715574E-07       4.09900687E-07       1.92938785E-07
   550.3000       4.59427933E-08       3.22238660E-07       4.10579789E-07       1.93254977E-07
   550.4000       4.60177434E-08       3.22762896E-07       4.11260428E-07       1.93571873E-07
   550.5000       4.60928592E-08       3.23288288E-07       4.11942613E-07       1.93889479E-07
   550.6000       4.61681410E-08       3.23814840E-07       4.12626343E-07       1.94207793E-07
   550.7000       4.62435893E-08       3.24342552E-07       4.13311619E-07       1.94526814E-07
   550.8000       4.63192046E-08       3.24871427E-07       4.13998442E-07       1.94846544E-07
   550.9000       4.63949873E-08       3.25401471E-07       4.14686816E-07       1.95166986E-07
   551.0000       4.64709381E-08       3.25932686E-07       4.15376748E-07       1.95488144E-07
   551.1000       4.65470573E-08       3.26465074E-07       4.16068237E-07       1.95810016E-07
   551.2000       4.66233454E-08       3.26998637E-07       4.16761295E-07       1.96132606E-07
   551.3000       4.66998030E-08       3.27533380E-07       4.17455926E-07       1.96455917E-07
   551.4000       4.67764306E-08       3.28069307E-07       4.18152129E-07       1.96779950E-07
   551.5000       4.68532286E-08       3.28606418E-07       4.18849908E-07       1.97104706E-07
   551.6000       4.69301976E-08       3.29144718E-07       4.19549272E-07       1.97430189E-07
   551.7000       4.70073381E-08       3.29684213E-07       4.20250221E-07       1.97756400E-07
   551.8000       4.70846506E-08       3.30224903E-07       4.20952764E-07       1.98083343E-07
   551.9000       4.71621356E-08       3.30766792E-07       4.21656895E-07       1.98411015E-07
   552.0000       4.72397936E-08       3.31309883E-07       4.22362626E-07       1.98739422E-07
   552.1000       4.73176251E-08       3.31854180E-07       4.23069966E-07       1.99068568E-07
   552.2000       4.73956307E-08       3.32399684E-07       4.23778915E-07       1.99398453E-07
   552.3000       4.74738109E-08       3.32946401E-07       4.24489478E-07       1.99729080E-07
   552.4000       4.75521661E-08       3.33494333E-07       4.25201652E-07       2.00060449E-07
   552.5000       4.76306970E-08       3.34043481E-07       4.25915445E-07       2.00392561E-07
   552.6000       4.77094040E-08       3.34593851E-07       4.26630862E-07       2.00725420E-07
   552.7000       4.77882876E-08       3.35145446E-07       4.27347905E-07       2.01059029E-07
   552.8000       4.78673484E-08       3.35698267E-07       4.28066577E-07       2.01393386E-07
   552.9000       4.79465868E-08       3.36252320E-07       4.28786882E-07       2.01728493E-07
   553.0000       4.80260034E-08       3.36807609E-07       4.29508831E-07       2.02064359E-07
   553.1000       4.81055987E-08       3.37364137E-07       4.30232428E-07       2.02400981E-07
   553.2000       4.81853733E-08       3.37921905E-07       4.30957672E-07       2.02738359E-07
   553.3000       4.82653275E-08       3.38480913E-07       4.31684567E-07       2.03076494E-07
   553.4000       4.83454620E-08       3.39041169E-07       4.32413120E-07       2.03415390E-07
   553.5000       4.84257772E-08       3.39602674E-07       4.33143333E-07       2.03755050E-07
   553.6000       4.85062737E-08       3.40165432E-07       4.33875211E-07       2.04095474E-07
   553.7000       4.85869519E-08       3.40729445E-07       4.34608760E-07       2.04436665E-07
   553.8000       4.86678124E-08       3.41294716E-07       4.35343985E-07       2.04778626E-07
   553.9000       4.87488557E-08       3.41861251E-07       4.36080895E-07       2.05121360E-07
   554.0000       4.88300822E-08       3.42429051E-07       4.36819490E-07       2.05464867E-07
   554.1000       4.89114925E-08       3.42998120E-07       4.37559775E-07       2.05809149E-07
   554.2000       4.89930870E-08       3.43568463E-07       4.38301755E-07       2.06154210E-07
   554.3000       4.90748664E-08       3.44140080E-07       4.39045431E-07       2.06500050E-07
   554.4000       4.91568310E-08       3.44712971E-07       4.39790813E-07       2.06846669E-07
   554.5000       4.92389813E-08       3.45287139E-07       4.40537902E-07       2.07194068E-07
   554.6000       4.93213179E-08       3.45862590E-07       4.41286701E-07       2.07542251E-07
   554.7000       4.94038412E-08       3.46439328E-07       4.42037216E-07       2.07891219E-07
   554.8000       4.94865518E-08       3.47017356E-07       4.42789456E-07       2.08240977E-07
   554.9000       4.95694502E-08       3.47596680E-07       4.43543420E-07       2.08591525E-07
   555.0000       4.96525368E-08       3.48177304E-07       4.44299116E-07       2.08942870E-07
   555.1000       4.97358121E-08       3.48759228E-07       4.45056544E-07       2.09295008E-07
   555.2000       4.98192766E-08       3.49342457E-07       4.45815712E-07       2.09647946E-07
   555.3000       4.99029308E-08       3.49926993E-07       4.46576623E-07       2.10001682E-07
   555.4000       4.99867753E-08       3.50512838E-07       4.47339277E-07       2.10356217E-07
   555.5000       5.00708104E-08       3.51099995E-07       4.48103684E-07       2.10711556E-07
   555.6000       5.01550368E-08       3.51688465E-07       4.48869849E-07       2.11067700E-07
   555.7000       5.02394548E-08       3.52278253E-07       4.49637779E-07       2.11424652E-07
   555.8000       5.03240649E-08       3.52869361E-07       4.50407471E-07       2.11782412E-07
   555.9000       5.04088678E-08       3.53461793E-07       4.51178928E-07       2.12140984E-07
   556.0000       5.04938637E-08       3.54055551E-07       4.51952157E-07       2.12500368E-07
   556.1000       5.05790534E-08       3.54650642E-07       4.52727174E-07       2.12860570E-07
   556.2000       5.06644371E-08       3.55247065E-07       4.53503976E-07       2.13221590E-07
   556.3000       5.07500155E-08       3.55844828E-07       4.54282567E-07       2.13583432E-07
   556.4000       5.08357889E-08       3.56443936E-07       4.55062952E-07       2.13946096E-07
   556.5000       5.09217580E-08       3.57044389E-07       4.55845130E-07       2.14309583E-07
   556.6000       5.10079231E-08       3.57646191E-07       4.56629107E-07       2.14673895E-07
   556.7000       5.10942849E-08       3.58249346E-07       4.57414889E-07       2.15039036E-07
   556.8000       5.11808437E-08       3.58853859E-07       4.58202485E-07       2.15405009E-07
   556.9000       5.12676000E-08       3.59459735E-07       4.58991897E-07       2.15771817E-07
   557.0000       5.13545544E-08       3.60066975E-07       4.59783126E-07       2.16139459E-07
   557.1000       5.14417073E-08       3.60675585E-07       4.60576182E-07       2.16507938E-07
   557.2000       5.15290593E-08       3.61285568E-07       4.61371070E-07       2.16877256E-07
   557.3000       5.16166108E-08       3.61896926E-07       4.62167792E-07       2.17247416E-07
   557.4000       5.17043623E-08       3.62509660E-07       4.62966347E-07       2.17618415E-07
   557.5000       5.17923143E-08       3.63123776E-07       4.63766749E-07       2.17990260E-07
   557.6000       5.18804674E-08       3.63739277E-07       4.64569005E-07       2.18362952E-07
   557.7000       5.19688219E-08       3.64356167E-07       4.65373118E-07       2.18736495E-07
   557.8000       5.20573785E-08       3.64974448E-07       4.66179095E-07       2.19110889E-07
   557.9000       5.21461375E-08       3.65594125E-07       4.66986932E-07       2.19486136E-07
   558.0000       5.22350996E-08       3.66215202E-07       4.67796634E-07       2.19862239E-07
   558.1000       5.23242652E-08       3.66837681E-07       4.68608205E-07       2.20239200E-07
   558.2000       5.24136349E-08       3.67461567E-07       4.69421653E-07       2.20617022E-07
   558.3000       5.25032090E-08       3.68086863E-07       4.70236984E-07       2.20995708E-07
   558.4000       5.25929882E-08       3.68713572E-07       4.71054199E-07       2.21375257E-07
   558.5000       5.26829730E-08       3.69341695E-07       4.71873308E-07       2.21755673E-07
   558.6000       5.27731639E-08       3.69971238E-07       4.72694317E-07       2.22136960E-07
   558.7000       5.28635613E-08       3.70602203E-07       4.73517228E-07       2.22519117E-07
   558.8000       5.29541658E-08       3.71234592E-07       4.74342049E-07       2.22902150E-07
   558.9000       5.30449780E-08       3.71868410E-07       4.75168784E-07       2.23286059E-07
   559.0000       5.31359983E-08       3.72503661E-07       4.75997441E-07       2.23670848E-07
   559.1000       5.32272274E-08       3.73140350E-07       4.76828021E-07       2.24056518E-07
   559.2000       5.33186656E-08       3.73778480E-07       4.77660524E-07       2.24443070E-07
   559.3000       5.34103136E-08       3.74418055E-07       4.78494969E-07       2.24830508E-07
   559.4000       5.35021719E-08       3.75059077E-07       4.79331361E-07       2.25218834E-07
   559.5000       5.35942410E-08       3.75701552E-07       4.80169708E-07       2.25608052E-07
   559.6000       5.36865215E-08       3.76345485E-07       4.81010007E-07       2.25998162E-07
   559.7000       5.37790138E-08       3.76990882E-07       4.81852259E-07       2.26389168E-07
   559.8000       5.38717186E-08       3.77637742E-07       4.82696472E-07       2.26781070E-07
   559.9000       5.39646364E-08       3.78286069E-07       4.83542648E-07       2.27173872E-07
   560.0000       5.40577678E-08       3.78935868E-07       4.84390796E-07       2.27567575E-07
   560.1000       5.41511132E-08       3.79587143E-07       4.85240923E-07       2.27962183E-07
   560.2000       5.42446732E-08       3.80239901E-07       4.86093029E-07       2.28357698E-07
   560.3000       5.43384485E-08       3.80894142E-07       4.86947114E-07       2.28754118E-07
   560.4000       5.44324394E-08       3.81549870E-07       4.87803189E-07       2.29151448E-07
   560.5000       5.45266467E-08       3.82207086E-07       4.88661254E-07       2.29549687E-07
   560.6000       5.46210709E-08       3.82865796E-07       4.89521317E-07       2.29948840E-07
   560.7000       5.47157125E-08       3.83526007E-07       4.90383377E-07       2.30348911E-07
   560.8000       5.48105721E-08       3.84187723E-07       4.91247437E-07       2.30749900E-07
   560.9000       5.49056502E-08       3.84850945E-07       4.92113506E-07       2.31151809E-07
   561.0000       5.50009475E-08       3.85515679E-07       4.92981591E-07       2.31554644E-07
   561.1000       5.50964645E-08       3.86181927E-07       4.93851699E-07       2.31958407E-07
   561.2000       5.51922018E-08       3.86849694E-07       4.94723830E-07       2.32363096E-07
   561.3000       5.52881599E-08       3.87518983E-07       4.95597990E-07       2.32768715E-07
   561.4000       5.53843395E-08       3.88189798E-07       4.96474187E-07       2.33175268E-07
   561.5000       5.54807412E-08       3.88862144E-07       4.97352428E-07       2.33582759E-07
   561.6000       5.55773654E-08       3.89536020E-07       4.98232714E-07       2.33991187E-07
   561.7000       5.56742128E-08       3.90211434E-07       4.99115055E-07       2.34400556E-07
   561.8000       5.57712840E-08       3.90888388E-07       4.99999457E-07       2.34810868E-07
   561.9000       5.58685797E-08       3.91566888E-07       5.00885927E-07       2.35222127E-07
   562.0000       5.59661003E-08       3.92246937E-07       5.01774466E-07       2.35634335E-07
   562.1000       5.60638465E-08       3.92928536E-07       5.02665073E-07       2.36047491E-07
   562.2000       5.61618189E-08       3.93611692E-07       5.03557761E-07       2.36461600E-07
   562.3000       5.62600181E-08       3.94296406E-07       5.04452528E-07       2.36876662E-07
   562.4000       5.63584447E-08       3.94982681E-07       5.05349383E-07       2.37292677E-07
   562.5000       5.64570993E-08       3.95670522E-07       5.06248327E-07       2.37709651E-07
   562.6000       5.65559825E-08       3.96359934E-07       5.07149368E-07       2.38127586E-07
   562.7000       5.66550950E-08       3.97050924E-07       5.08052517E-07       2.38546488E-07
   562.8000       5.67544373E-08       3.97743493E-07       5.08957778E-07       2.38966358E-07
   562.9000       5.68540102E-08       3.98437646E-07       5.09865152E-07       2.39387197E-07
   563.0000       5.69538141E-08       3.99133388E-07       5.10774648E-07       2.39809008E-07
   563.1000       5.70538498E-08       3.99830718E-07       5.11686268E-07       2.40231793E-07
   563.2000       5.71541178E-08       4.00529640E-07       5.12600017E-07       2.40655550E-07
   563.3000       5.72546188E-08       4.01230161E-07       5.13515895E-07       2.41080283E-07
   563.4000       5.73553533E-08       4.01932282E-07       5.14433915E-07       2.41505996E-07
   563.5000       5.74563221E-08       4.02636009E-07       5.15354084E-07       2.41932693E-07
   563.6000       5.75575257E-08       4.03341346E-07       5.16276398E-07       2.42360374E-07
   563.7000       5.76589648E-08       4.04048294E-07       5.17200868E-07       2.42789039E-07
   563.8000       5.77606400E-08       4.04756859E-07       5.18127496E-07       2.43218694E-07
   563.9000       5.78625519E-08       4.05467047E-07       5.19056295E-07       2.43649345E-07
   564.0000       5.79647011E-08       4.06178862E-07       5.19987265E-07       2.44080992E-07
   564.1000       5.80670883E-08       4.06892303E-07       5.20920411E-07       2.44513634E-07
   564.2000       5.81697141E-08       4.07607376E-07       5.21855733E-07       2.44947273E-07
   564.3000       5.82725791E-08       4.08324081E-07       5.22793234E-07       2.45381912E-07
   564.4000       5.83756839E-08       4.09042427E-07       5.23732924E-07       2.45817553E-07
   564.5000       5.84790291E-08       4.09762416E-07       5.24674807E-07       2.46254199E-07
   564.6000       5.85826154E-08       4.10484055E-07       5.25618890E-07       2.46691856E-07
   564.7000       5.86864434E-08       4.11207344E-07       5.26565175E-07       2.47130523E-07
   564.8000       5.87905136E-08       4.11932285E-07       5.27513665E-07       2.47570200E-07
   564.9000       5.88948268E-08       4.12658881E-07       5.28464373E-07       2.48010891E-07
   565.0000       5.89993835E-08       4.13387138E-07       5.29417304E-07       2.48452598E-07
   565.1000       5.91041843E-08       4.14117056E-07       5.30372457E-07       2.48895322E-07
   565.2000       5.92092298E-08       4.14848639E-07       5.31329835E-07       2.49339063E-07
   565.3000       5.93145208E-08       4.15581895E-07       5.32289452E-07       2.49783828E-07
   565.4000       5.94200576E-08       4.16316828E-07       5.33251310E-07       2.50229621E-07
   565.5000       5.95258411E-08       4.17053444E-07       5.34215412E-07       2.50676446E-07
   565.6000       5.96318718E-08       4.17791743E-07       5.35181765E-07       2.51124301E-07
   565.7000       5.97381502E-08       4.18531728E-07       5.36150368E-07       2.51573189E-07
   565.8000       5.98446771E-08       4.19273403E-07       5.37121228E-07       2.52023112E-07
   565.9000       5.99514530E-08       4.20016773E-07       5.38094351E-07       2.52474075E-07
   566.0000       6.00584785E-08       4.20761841E-07       5.39069751E-07       2.52926081E-07
   566.1000       6.01657542E-08       4.21508613E-07       5.40047432E-07       2.53379131E-07
   566.2000       6.02732808E-08       4.22257090E-07       5.41027404E-07       2.53833227E-07
   566.3000       6.03810588E-08       4.23007275E-07       5.42009671E-07       2.54288372E-07
   566.4000       6.04890889E-08       4.23759175E-07       5.42994236E-07       2.54744568E-07
   566.5000       6.05973716E-08       4.24512791E-07       5.43981108E-07       2.55201817E-07
   566.6000       6.07059076E-08       4.25268126E-07       5.44970287E-07       2.55660120E-07
   566.7000       6.08146974E-08       4.26025190E-07       5.45961786E-07       2.56119485E-07
   566.8000       6.09237417E-08       4.26783983E-07       5.46955603E-07       2.56579908E-07
   566.9000       6.10330410E-08       4.27544505E-07       5.47951742E-07       2.57041390E-07
   567.0000       6.11425960E-08       4.28306764E-07       5.48950217E-07       2.57503939E-07
   567.1000       6.12524072E-08       4.29070759E-07       5.49951031E-07       2.57967555E-07
   567.2000       6.13624753E-08       4.29836496E-07       5.50954189E-07       2.58432239E-07
   567.3000       6.14728008E-08       4.30603981E-07       5.51959699E-07       2.58897997E-07
   567.4000       6.15833844E-08       4.31373214E-07       5.52967557E-07       2.59364826E-07
   567.5000       6.16942266E-08       4.32144201E-07       5.53977771E-07       2.59832731E-07
   567.6000       6.18053280E-08       4.32916946E-07       5.54990343E-07       2.60301713E-07
   567.7000       6.19166893E-08       4.33691454E-07       5.56005277E-07       2.60771774E-07
   567.8000       6.20283109E-08       4.34467733E-07       5.57022583E-07       2.61242924E-07
   567.9000       6.21401936E-08       4.35245786E-07       5.58042262E-07       2.61715162E-07
   568.0000       6.22523378E-08       4.36025613E-07       5.59064322E-07       2.62188489E-07
   568.1000       6.23647441E-08       4.36807221E-07       5.60088774E-07       2.62662909E-07
   568.2000       6.24774132E-08       4.37590619E-07       5.61115619E-07       2.63138426E-07
   568.3000       6.25903457E-08       4.38375810E-07       5.62144861E-07       2.63615042E-07
   568.4000       6.27035420E-08       4.39162795E-07       5.63176507E-07       2.64092757E-07
   568.5000       6.28170028E-08       4.39951580E-07       5.64210563E-07       2.64571576E-07
   568.6000       6.29307288E-08       4.40742170E-07       5.65247043E-07       2.65051502E-07
   568.7000       6.30447203E-08       4.41534566E-07       5.66285956E-07       2.65532538E-07
   568.8000       6.31589782E-08       4.42328772E-07       5.67327305E-07       2.66014684E-07
   568.9000       6.32735028E-08       4.43124795E-07       5.68371087E-07       2.66497945E-07
   569.0000       6.33882949E-08       4.43922635E-07       5.69417315E-07       2.66982323E-07
   569.1000       6.35033550E-08       4.44722301E-07       5.70466000E-07       2.67467823E-07
   569.2000       6.36186837E-08       4.45523800E-07       5.71517137E-07       2.67954445E-07
   569.3000       6.37342816E-08       4.46327135E-07       5.72570730E-07       2.68442191E-07
   569.4000       6.38501492E-08       4.47132308E-07       5.73626791E-07       2.68931062E-07
   569.5000       6.39662873E-08       4.47939323E-07       5.74685322E-07       2.69421062E-07
   569.6000       6.40826964E-08       4.48748189E-07       5.75746332E-07       2.69912195E-07
   569.7000       6.41993771E-08       4.49558904E-07       5.76809819E-07       2.70404459E-07
   569.8000       6.43163300E-08       4.50371481E-07       5.77875801E-07       2.70897863E-07
   569.9000       6.44335558E-08       4.51185925E-07       5.78944277E-07       2.71392410E-07
   570.0000       6.45510551E-08       4.52002237E-07       5.80015254E-07       2.71888100E-07
   570.1000       6.46688284E-08       4.52820422E-07       5.81088731E-07       2.72384935E-07
   570.2000       6.47868765E-08       4.53640486E-07       5.82164715E-07       2.72882920E-07
   570.3000       6.49052000E-08       4.54462434E-07       5.83243211E-07       2.73382054E-07
   570.4000       6.50237996E-08       4.55286269E-07       5.84324233E-07       2.73882344E-07
   570.5000       6.51426758E-08       4.56111996E-07       5.85407784E-07       2.74383789E-07
   570.6000       6.52618294E-08       4.56939620E-07       5.86493868E-07       2.74886394E-07
   570.7000       6.53812610E-08       4.57769147E-07       5.87582497E-07       2.75390162E-07
   570.8000       6.55009713E-08       4.58600577E-07       5.88673670E-07       2.75895094E-07
   570.9000       6.56209610E-08       4.59433919E-07       5.89767395E-07       2.76401193E-07
   571.0000       6.57412308E-08       4.60269178E-07       5.90863671E-07       2.76908461E-07
   571.1000       6.58617814E-08       4.61106357E-07       5.91962520E-07       2.77416907E-07
   571.2000       6.59826135E-08       4.61945464E-07       5.93063947E-07       2.77926534E-07
   571.3000       6.61037279E-08       4.62786502E-07       5.94167957E-07       2.78437342E-07
   571.4000       6.62251251E-08       4.63629477E-07       5.95274545E-07       2.78949332E-07
   571.5000       6.63468061E-08       4.64474389E-07       5.96383710E-07       2.79462503E-07
   571.6000       6.64687714E-08       4.65321239E-07       5.97495469E-07       2.79976859E-07
   571.7000       6.65910219E-08       4.66170034E-07       5.98609835E-07       2.80492407E-07
   571.8000       6.67135583E-08       4.67020781E-07       5.99726816E-07       2.81009150E-07
   571.9000       6.68363814E-08       4.67873482E-07       6.00846411E-07       2.81527087E-07
   572.0000       6.69594919E-08       4.68728140E-07       6.01968632E-07       2.82046221E-07
   572.1000       6.70828907E-08       4.69584764E-07       6.03093486E-07       2.82566561E-07
   572.2000       6.72065783E-08       4.70443359E-07       6.04220988E-07       2.83088109E-07
   572.3000       6.73305558E-08       4.71303929E-07       6.05351132E-07       2.83610864E-07
   572.4000       6.74548237E-08       4.72166475E-07       6.06483930E-07       2.84134828E-07
   572.5000       6.75793830E-08       4.73031005E-07       6.07619390E-07       2.84660006E-07
   572.6000       6.77042344E-08       4.73897526E-07       6.08757509E-07       2.85186403E-07
   572.7000       6.78293787E-08       4.74766042E-07       6.09898298E-07       2.85714020E-07
   572.8000       6.79548167E-08       4.75636556E-07       6.11041761E-07       2.86242862E-07
   572.9000       6.80805492E-08       4.76509078E-07       6.12187911E-07       2.86772935E-07
   573.0000       6.82065770E-08       4.77383614E-07       6.13336759E-07       2.87304243E-07
   573.1000       6.83329008E-08       4.78260167E-07       6.14488315E-07       2.87836788E-07
   573.2000       6.84595216E-08       4.79138738E-07       6.15642572E-07       2.88370566E-07
   573.3000       6.85864401E-08       4.80019334E-07       6.16799523E-07       2.88905577E-07
   573.4000       6.87136571E-08       4.80901959E-07       6.17959183E-07       2.89441827E-07
   573.5000       6.88411734E-08       4.81786620E-07       6.19121564E-07       2.89979321E-07
   573.6000       6.89689898E-08       4.82673321E-07       6.20286674E-07       2.90518064E-07
   573.7000       6.90971072E-08       4.83562069E-07       6.21454515E-07       2.91058059E-07
   573.8000       6.92255263E-08       4.84452865E-07       6.22625080E-07       2.91599302E-07
   573.9000       6.93542479E-08       4.85345713E-07       6.23798389E-07       2.92141798E-07
   574.0000       6.94832728E-08       4.86240622E-07       6.24974447E-07       2.92685554E-07
   574.1000       6.96126019E-08       4.87137594E-07       6.26153261E-07       2.93230572E-07
   574.2000       6.97422359E-08       4.88036635E-07       6.27334845E-07       2.93776858E-07
   574.3000       6.98721756E-08       4.88937748E-07       6.28519201E-07       2.94324412E-07
   574.4000       7.00024219E-08       4.89840940E-07       6.29706342E-07       2.94873239E-07
   574.5000       7.01329755E-08       4.90746215E-07       6.30896278E-07       2.95423343E-07
   574.6000       7.02638373E-08       4.91653577E-07       6.32089015E-07       2.95974725E-07
   574.7000       7.03950079E-08       4.92563028E-07       6.33284553E-07       2.96527388E-07
   574.8000       7.05264883E-08       4.93474577E-07       6.34482890E-07       2.97081334E-07
   574.9000       7.06582793E-08       4.94388228E-07       6.35684042E-07       2.97636569E-07
   575.0000       7.07903815E-08       4.95303985E-07       6.36888009E-07       2.98193094E-07
   575.1000       7.09227959E-08       4.96221853E-07       6.38094807E-07       2.98750911E-07
   575.2000       7.10555232E-08       4.97141835E-07       6.39304438E-07       2.99310022E-07
   575.3000       7.11885642E-08       4.98063942E-07       6.40516914E-07       2.99870434E-07
   575.4000       7.13219197E-08       4.98988176E-07       6.41732245E-07       3.00432150E-07
   575.5000       7.14555905E-08       4.99914544E-07       6.42950431E-07       3.00995170E-07
   575.6000       7.15895774E-08       5.00843051E-07       6.44171475E-07       3.01559500E-07
   575.7000       7.17238812E-08       5.01773697E-07       6.45395390E-07       3.02125142E-07
   575.8000       7.18585027E-08       5.02706490E-07       6.46622186E-07       3.02692100E-07
   575.9000       7.19934427E-08       5.03641434E-07       6.47851864E-07       3.03260376E-07
   576.0000       7.21287019E-08       5.04578539E-07       6.49084427E-07       3.03829975E-07
   576.1000       7.22642813E-08       5.05517804E-07       6.50319881E-07       3.04400897E-07
   576.2000       7.24001815E-08       5.06459233E-07       6.51558237E-07       3.04973145E-07
   576.3000       7.25364034E-08       5.07402830E-07       6.52799503E-07       3.05546722E-07
   576.4000       7.26729478E-08       5.08348602E-07       6.54043683E-07       3.06121631E-07
   576.5000       7.28098155E-08       5.09296553E-07       6.55290790E-07       3.06697876E-07
   576.6000       7.29470072E-08       5.10246686E-07       6.56540825E-07       3.07275459E-07
   576.7000       7.30845238E-08       5.11199006E-07       6.57793800E-07       3.07854382E-07
   576.8000       7.32223660E-08       5.12153521E-07       6.59049717E-07       3.08434650E-07
   576.9000       7.33605347E-08       5.13110237E-07       6.60308586E-07       3.09016267E-07
   577.0000       7.34990306E-08       5.14069160E-07       6.61570416E-07       3.09599237E-07
   577.1000       7.36378546E-08       5.15030295E-07       6.62835215E-07       3.10183563E-07
   577.2000       7.37770074E-08       5.15993646E-07       6.64102988E-07       3.10769246E-07
   577.3000       7.39164898E-08       5.16959222E-07       6.65373738E-07       3.11356291E-07
   577.4000       7.40563027E-08       5.17927025E-07       6.66647478E-07       3.11944698E-07
   577.5000       7.41964467E-08       5.18897059E-07       6.67924217E-07       3.12534474E-07
   577.6000       7.43369227E-08       5.19869333E-07       6.69203974E-07       3.13125625E-07
   577.7000       7.44777315E-08       5.20843847E-07       6.70486749E-07       3.13718153E-07
   577.8000       7.46188739E-08       5.21820605E-07       6.71772539E-07       3.14312053E-07
   577.9000       7.47603506E-08       5.22799609E-07       6.73061359E-07       3.14907330E-07
   578.0000       7.49021624E-08       5.23780864E-07       6.74353196E-07       3.15503986E-07
   578.1000       7.50443101E-08       5.24764380E-07       6.75648065E-07       3.16102026E-07
   578.2000       7.51867946E-08       5.25750164E-07       6.76945974E-07       3.16701457E-07
   578.3000       7.53296165E-08       5.26738215E-07       6.78246939E-07       3.17302281E-07
   578.4000       7.54727767E-08       5.27728540E-07       6.79550958E-07       3.17904502E-07
   578.5000       7.56162759E-08       5.28721142E-07       6.80858038E-07       3.18508119E-07
   578.6000       7.57601149E-08       5.29716025E-07       6.82168193E-07       3.19113138E-07
   578.7000       7.59042945E-08       5.30713199E-07       6.83481433E-07       3.19719563E-07
   578.8000       7.60488155E-08       5.31712663E-07       6.84797750E-07       3.20327391E-07
   578.9000       7.61936786E-08       5.32714427E-07       6.86117160E-07       3.20936632E-07
   579.0000       7.63388847E-08       5.33718492E-07       6.87439665E-07       3.21547287E-07
   579.1000       7.64844345E-08       5.34724866E-07       6.88765272E-07       3.22159357E-07
   579.2000       7.66303288E-08       5.35733553E-07       6.90093987E-07       3.22772846E-07
   579.3000       7.67765684E-08       5.36744561E-07       6.91425808E-07       3.23387756E-07
   579.4000       7.69231540E-08       5.37757894E-07       6.92760757E-07       3.24004095E-07
   579.5000       7.70700865E-08       5.38773558E-07       6.94098826E-07       3.24621863E-07
   579.6000       7.72173667E-08       5.39791557E-07       6.95440029E-07       3.25241064E-07
   579.7000       7.73649952E-08       5.40811897E-07       6.96784377E-07       3.25861700E-07
   579.8000       7.75129730E-08       5.41834578E-07       6.98131876E-07       3.26483773E-07
   579.9000       7.76613007E-08       5.42859611E-07       6.99482532E-07       3.27107289E-07
   580.0000       7.78099792E-08       5.43886999E-07       7.00836360E-07       3.27732254E-07
   580.1000       7.79590093E-08       5.44916746E-07       7.02193361E-07       3.28358667E-07
   580.2000       7.81083918E-08       5.45948857E-07       7.03553540E-07       3.28986530E-07
   580.3000       7.82581274E-08       5.46983339E-07       7.04916896E-07       3.29615846E-07
   580.4000       7.84082170E-08       5.48020198E-07       7.06283440E-07       3.30246617E-07
   580.5000       7.85586613E-08       5.49059440E-07       7.07653189E-07       3.30878852E-07
   580.6000       7.87094611E-08       5.50101066E-07       7.09026136E-07       3.31512549E-07
   580.7000       7.88606173E-08       5.51145076E-07       7.10402298E-07       3.32147711E-07
   580.8000       7.90121307E-08       5.52191480E-07       7.11781688E-07       3.32784344E-07
   580.9000       7.91640019E-08       5.53240281E-07       7.13164297E-07       3.33422448E-07
   581.0000       7.93162319E-08       5.54291482E-07       7.14550132E-07       3.34062026E-07
   581.1000       7.94688215E-08       5.55345090E-07       7.15939220E-07       3.34703084E-07
   581.2000       7.96217714E-08       5.56401105E-07       7.17331559E-07       3.35345620E-07
   581.3000       7.97750825E-08       5.57459539E-07       7.18727154E-07       3.35989642E-07
   581.4000       7.99287555E-08       5.58520397E-07       7.20126012E-07       3.36635151E-07
   581.5000       8.00827913E-08       5.59583679E-07       7.21528146E-07       3.37282150E-07
   581.6000       8.02371906E-08       5.60649396E-07       7.22933561E-07       3.37930645E-07
   581.7000       8.03919544E-08       5.61717551E-07       7.24342268E-07       3.38580639E-07
   581.8000       8.05470833E-08       5.62788146E-07       7.25754273E-07       3.39232135E-07
   581.9000       8.07025782E-08       5.63861186E-07       7.27169569E-07       3.39885129E-07
   582.0000       8.08584399E-08       5.64936679E-07       7.28588165E-07       3.40539629E-07
   582.1000       8.10146693E-08       5.66014632E-07       7.30010073E-07       3.41195638E-07
   582.2000       8.11712670E-08       5.67095048E-07       7.31435301E-07       3.41853159E-07
   582.3000       8.13282340E-08       5.68177931E-07       7.32863861E-07       3.42512201E-07
   582.4000       8.14855710E-08       5.69263284E-07       7.34295755E-07       3.43172761E-07
   582.5000       8.16432789E-08       5.70351116E-07       7.35730984E-07       3.43834840E-07
   582.6000       8.18013585E-08       5.71441433E-07       7.37169563E-07       3.44498447E-07
   582.7000       8.19598106E-08       5.72534235E-07       7.38611513E-07       3.45163586E-07
   582.8000       8.21186359E-08       5.73629527E-07       7.40056827E-07       3.45830257E-07
   582.9000       8.22778354E-08       5.74727312E-07       7.41505491E-07       3.46498457E-07
   583.0000       8.24374097E-08       5.75827594E-07       7.42957516E-07       3.47168187E-07
   583.1000       8.25973598E-08       5.76930380E-07       7.44412907E-07       3.47839453E-07
   583.2000       8.27576864E-08       5.78035678E-07       7.45871683E-07       3.48512265E-07
   583.3000       8.29183903E-08       5.79143496E-07       7.47333847E-07       3.49186625E-07
   583.4000       8.30794724E-08       5.80253838E-07       7.48799411E-07       3.49862536E-07
   583.5000       8.32409334E-08       5.81366706E-07       7.50268368E-07       3.50539996E-07
   583.6000       8.34027742E-08       5.82482106E-07       7.51740723E-07       3.51219008E-07
   583.7000       8.35649955E-08       5.83600041E-07       7.53216492E-07       3.51899576E-07
   583.8000       8.37275982E-08       5.84720513E-07       7.54695685E-07       3.52581702E-07
   583.9000       8.38905830E-08       5.85843529E-07       7.56178310E-07       3.53265392E-07
   584.0000       8.40539508E-08       5.86969092E-07       7.57664369E-07       3.53950646E-07
   584.1000       8.42177023E-08       5.88097212E-07       7.59153870E-07       3.54637470E-07
   584.2000       8.43818384E-08       5.89227891E-07       7.60646809E-07       3.55325862E-07
   584.3000       8.45463599E-08       5.90361134E-07       7.62143194E-07       3.56015827E-07
   584.4000       8.47112675E-08       5.91496945E-07       7.63643050E-07       3.56707371E-07
   584.5000       8.48765621E-08       5.92635330E-07       7.65146390E-07       3.57400498E-07
   584.6000       8.50422444E-08       5.93776294E-07       7.66653213E-07       3.58095212E-07
   584.7000       8.52083152E-08       5.94919840E-07       7.68163529E-07       3.58791514E-07
   584.8000       8.53747754E-08       5.96065974E-07       7.69677349E-07       3.59489410E-07
   584.9000       8.55416258E-08       5.97214702E-07       7.71194686E-07       3.60188906E-07
   585.0000       8.57088671E-08       5.98366026E-07       7.72715531E-07       3.60889996E-07
   585.1000       8.58765001E-08       5.99519952E-07       7.74239892E-07       3.61592686E-07
   585.2000       8.60445257E-08       6.00676488E-07       7.75767782E-07       3.62296981E-07
   585.3000       8.62129445E-08       6.01835642E-07       7.77299201E-07       3.63002885E-07
   585.4000       8.63817576E-08       6.02997412E-07       7.78834158E-07       3.63710399E-07
   585.5000       8.65509655E-08       6.04161803E-07       7.80372661E-07       3.64419524E-07
   585.6000       8.67205691E-08       6.05328818E-07       7.81914725E-07       3.65130265E-07
   585.7000       8.68905693E-08       6.06498465E-07       7.83460354E-07       3.65842629E-07
   585.8000       8.70609668E-08       6.07670754E-07       7.85009567E-07       3.66556623E-07
   585.9000       8.72317624E-08       6.08845685E-07       7.86562358E-07       3.67272243E-07
   586.0000       8.74029569E-08       6.10023265E-07       7.88118722E-07       3.67989493E-07
   586.1000       8.75745511E-08       6.11203496E-07       7.89678670E-07       3.68708375E-07
   586.2000       8.77465458E-08       6.12386384E-07       7.91242216E-07       3.69428894E-07
   586.3000       8.79189418E-08       6.13571933E-07       7.92809374E-07       3.70151054E-07
   586.4000       8.80917399E-08       6.14760149E-07       7.94380140E-07       3.70874855E-07
   586.5000       8.82649409E-08       6.15951035E-07       7.95954518E-07       3.71600297E-07
   586.6000       8.84385456E-08       6.17144598E-07       7.97532510E-07       3.72327384E-07
   586.7000       8.86125547E-08       6.18340842E-07       7.99114127E-07       3.73056123E-07
   586.8000       8.87869692E-08       6.19539779E-07       8.00699374E-07       3.73786518E-07
   586.9000       8.89617898E-08       6.20741408E-07       8.02288263E-07       3.74518567E-07
   587.0000       8.91370173E-08       6.21945736E-07       8.03880808E-07       3.75252278E-07
   587.1000       8.93126524E-08       6.23152769E-07       8.05477024E-07       3.75987653E-07
   587.2000       8.94886961E-08       6.24362512E-07       8.07076906E-07       3.76724695E-07
   587.3000       8.96651490E-08       6.25574969E-07       8.08680462E-07       3.77463406E-07
   587.4000       8.98420121E-08       6.26790146E-07       8.10287704E-07       3.78203792E-07
   587.5000       9.00192860E-08       6.28008042E-07       8.11898633E-07       3.78945852E-07
   587.6000       9.01969716E-08       6.29228666E-07       8.13513264E-07       3.79689590E-07
   587.7000       9.03750698E-08       6.30452019E-07       8.15131593E-07       3.80435005E-07
   587.8000       9.05535812E-08       6.31678111E-07       8.16753634E-07       3.81182108E-07
   587.9000       9.07325067E-08       6.32906945E-07       8.18379386E-07       3.81930895E-07
   588.0000       9.09118472E-08       6.34138527E-07       8.20008862E-07       3.82681374E-07
   588.1000       9.10916034E-08       6.35372858E-07       8.21642075E-07       3.83433549E-07
   588.2000       9.12717762E-08       6.36609947E-07       8.23279026E-07       3.84187423E-07
   588.3000       9.14523662E-08       6.37849799E-07       8.24919727E-07       3.84942998E-07
   588.4000       9.16333745E-08       6.39092421E-07       8.26564185E-07       3.85700280E-07
   588.5000       9.18148018E-08       6.40337820E-07       8.28212397E-07       3.86459271E-07
   588.6000       9.19966488E-08       6.41585999E-07       8.29864365E-07       3.87219974E-07
   588.7000       9.21789165E-08       6.42836961E-07       8.31520094E-07       3.87982388E-07
   588.8000       9.23616057E-08       6.44090713E-07       8.33179589E-07       3.88746517E-07
   588.9000       9.25447171E-08       6.45347262E-07       8.34842868E-07       3.89512367E-07
   589.0000       9.27282517E-08       6.46606611E-07       8.36509933E-07       3.90279939E-07
   589.1000       9.29122102E-08       6.47868765E-07       8.38180797E-07       3.91049234E-07
   589.2000       9.30965935E-08       6.49133733E-07       8.39855463E-07       3.91820259E-07
   589.3000       9.32814025E-08       6.50401519E-07       8.41533936E-07       3.92593017E-07
   589.4000       9.34666379E-08       6.51672121E-07       8.43216223E-07       3.93367507E-07
   589.5000       9.36523006E-08       6.52945548E-07       8.44902332E-07       3.94143735E-07
   589.6000       9.38383915E-08       6.54221806E-07       8.46592286E-07       3.94921707E-07
   589.7000       9.40249115E-08       6.55500898E-07       8.48286081E-07       3.95701422E-07
   589.8000       9.42118612E-08       6.56782835E-07       8.49983733E-07       3.96482891E-07
   589.9000       9.43992418E-08       6.58067623E-07       8.51685241E-07       3.97266115E-07
   590.0000       9.45870539E-08       6.59355262E-07       8.53390602E-07       3.98051090E-07
   590.1000       9.47752984E-08       6.60645755E-07       8.55099844E-07       3.98837824E-07
   590.2000       9.49639763E-08       6.61939112E-07       8.56812964E-07       3.99626319E-07
   590.3000       9.51530883E-08       6.63235336E-07       8.58529960E-07       4.00416576E-07
   590.4000       9.53426354E-08       6.64534430E-07       8.60250845E-07       4.01208600E-07
   590.5000       9.55326184E-08       6.65836398E-07       8.61975643E-07       4.02002395E-07
   590.6000       9.57230382E-08       6.67141242E-07       8.63704338E-07       4.02797960E-07
   590.7000       9.59138957E-08       6.68448975E-07       8.65436954E-07       4.03595305E-07
   590.8000       9.61051917E-08       6.69759598E-07       8.67173496E-07       4.04394431E-07
   590.9000       9.62969271E-08       6.71073120E-07       8.68913964E-07       4.05195341E-07
   591.0000       9.64891028E-08       6.72389543E-07       8.70658371E-07       4.05998038E-07
   591.1000       9.66817197E-08       6.73708872E-07       8.72406724E-07       4.06802523E-07
   591.2000       9.68747786E-08       6.75031116E-07       8.74159036E-07       4.07608805E-07
   591.3000       9.70682805E-08       6.76356277E-07       8.75915302E-07       4.08416882E-07
   591.4000       9.72622262E-08       6.77684360E-07       8.77675532E-07       4.09226759E-07
   591.5000       9.74566166E-08       6.79015369E-07       8.79439739E-07       4.10038438E-07
   591.6000       9.76514525E-08       6.80349308E-07       8.81207931E-07       4.10851923E-07
   591.7000       9.78467349E-08       6.81686183E-07       8.82980108E-07       4.11667216E-07
   591.8000       9.80424646E-08       6.83025994E-07       8.84756281E-07       4.12484318E-07
   591.9000       9.82386426E-08       6.84368746E-07       8.86536456E-07       4.13303236E-07
   592.0000       9.84352696E-08       6.85714446E-07       8.88320634E-07       4.14123970E-07
   592.1000       9.86323466E-08       6.87063098E-07       8.90108841E-07       4.14946528E-07
   592.2000       9.88298744E-08       6.88414706E-07       8.91901095E-07       4.15770915E-07
   592.3000       9.90278539E-08       6.89769271E-07       8.93697395E-07       4.16597131E-07
   592.4000       9.92262860E-08       6.91126797E-07       8.95497751E-07       4.17425180E-07
   592.5000       9.94251715E-08       6.92487287E-07       8.97302156E-07       4.18255056E-07
   592.6000       9.96245113E-08       6.93850751E-07       8.99110616E-07       4.19086771E-07
   592.7000       9.98243063E-08       6.95217191E-07       9.00923132E-07       4.19920324E-07
   592.8000       1.00024557E-07       6.96586615E-07       9.02739729E-07       4.20755725E-07
   592.9000       1.00225265E-07       6.97959028E-07       9.04560405E-07       4.21592976E-07
   593.0000       1.00426431E-07       6.99334436E-07       9.06385167E-07       4.22432079E-07
   593.1000       1.00628055E-07       7.00712844E-07       9.08214027E-07       4.23273042E-07
   593.2000       1.00830139E-07       7.02094260E-07       9.10046985E-07       4.24115866E-07
   593.3000       1.01032683E-07       7.03478685E-07       9.11884037E-07       4.24960548E-07
   593.4000       1.01235688E-07       7.04866122E-07       9.13725205E-07       4.25807092E-07
   593.5000       1.01439155E-07       7.06256573E-07       9.15570501E-07       4.26655503E-07
   593.6000       1.01643084E-07       7.07650038E-07       9.17419922E-07       4.27505776E-07
   593.7000       1.01847477E-07       7.09046525E-07       9.19273478E-07       4.28357919E-07
   593.8000       1.02052335E-07       7.10446041E-07       9.21131174E-07       4.29211935E-07
   593.9000       1.02257658E-07       7.11848578E-07       9.22993017E-07       4.30067823E-07
   594.0000       1.02463447E-07       7.13254148E-07       9.24859030E-07       4.30925590E-07
   594.1000       1.02669703E-07       7.14662757E-07       9.26729216E-07       4.31785242E-07
   594.2000       1.02876426E-07       7.16074406E-07       9.28603575E-07       4.32646777E-07
   594.3000       1.03083618E-07       7.17489106E-07       9.30482119E-07       4.33510202E-07
   594.4000       1.03291278E-07       7.18906856E-07       9.32364845E-07       4.34375517E-07
   594.5000       1.03499409E-07       7.20327654E-07       9.34251761E-07       4.35242720E-07
   594.6000       1.03708011E-07       7.21751512E-07       9.36142869E-07       4.36111815E-07
   594.7000       1.03917084E-07       7.23178431E-07       9.38038184E-07       4.36982808E-07
   594.8000       1.04126629E-07       7.24608417E-07       9.39937712E-07       4.37855705E-07
   594.9000       1.04336648E-07       7.26041468E-07       9.41841447E-07       4.38730501E-07
   595.0000       1.04547140E-07       7.27477594E-07       9.43749384E-07       4.39607200E-07
   595.1000       1.04758106E-07       7.28916798E-07       9.45661552E-07       4.40485808E-07
   595.2000       1.04969548E-07       7.30359082E-07       9.47577968E-07       4.41366329E-07
   595.3000       1.05181466E-07       7.31804454E-07       9.49498631E-07       4.42248764E-07
   595.4000       1.05393860E-07       7.33252915E-07       9.51423538E-07       4.43133114E-07
   595.5000       1.05606732E-07       7.34704470E-07       9.53352684E-07       4.44019382E-07
   595.6000       1.05820082E-07       7.36159119E-07       9.55286078E-07       4.44907568E-07
   595.7000       1.06033911E-07       7.37616868E-07       9.57223731E-07       4.45797677E-07
   595.8000       1.06248219E-07       7.39077718E-07       9.59165644E-07       4.46689709E-07
   595.9000       1.06463008E-07       7.40541677E-07       9.61111820E-07       4.47583670E-07
   596.0000       1.06678278E-07       7.42008749E-07       9.63062271E-07       4.48479560E-07
   596.1000       1.06894029E-07       7.43478939E-07       9.65017009E-07       4.49377388E-07
   596.2000       1.07110262E-07       7.44952251E-07       9.66976037E-07       4.50277150E-07
   596.3000       1.07326979E-07       7.46428685E-07       9.68939358E-07       4.51178850E-07
   596.4000       1.07544179E-07       7.47908248E-07       9.70906970E-07       4.52082487E-07
   596.5000       1.07761863E-07       7.49390952E-07       9.72878879E-07       4.52988069E-07
   596.6000       1.07980032E-07       7.50876797E-07       9.74855105E-07       4.53895602E-07
   596.7000       1.08198688E-07       7.52365788E-07       9.76835658E-07       4.54805088E-07
   596.8000       1.08417829E-07       7.53857929E-07       9.78820528E-07       4.55716528E-07
   596.9000       1.08637457E-07       7.55353218E-07       9.80809736E-07       4.56629924E-07
   597.0000       1.08857573E-07       7.56851654E-07       9.82803270E-07       4.57545273E-07
   597.1000       1.09078177E-07       7.58353246E-07       9.84801134E-07       4.58462578E-07
   597.2000       1.09299270E-07       7.59857998E-07       9.86803335E-07       4.59381841E-07
   597.3000       1.09520853E-07       7.61365916E-07       9.88809881E-07       4.60303068E-07
   597.4000       1.09742926E-07       7.62877008E-07       9.90820783E-07       4.61226262E-07
   597.5000       1.09965490E-07       7.64391271E-07       9.92836041E-07       4.62151423E-07
   597.6000       1.10188545E-07       7.65908709E-07       9.94855654E-07       4.63078552E-07
   597.7000       1.10412093E-07       7.67429331E-07       9.96879648E-07       4.64007659E-07
   597.8000       1.10636133E-07       7.68953129E-07       9.98908024E-07       4.64938734E-07
   597.9000       1.10860667E-07       7.70480106E-07       1.00094079E-06       4.65871781E-07
   598.0000       1.11085695E-07       7.72010271E-07       1.00297795E-06       4.66806808E-07
   598.1000       1.11311218E-07       7.73543621E-07       1.00501951E-06       4.67743813E-07
   598.2000       1.11537236E-07       7.75080171E-07       1.00706547E-06       4.68682804E-07
   598.3000       1.11763750E-07       7.76619919E-07       1.00911584E-06       4.69623779E-07
   598.4000       1.11990761E-07       7.78162872E-07       1.01117063E-06       4.70566740E-07
   598.5000       1.12218269E-07       7.79709037E-07       1.01322984E-06       4.71511692E-07
   598.6000       1.12446275E-07       7.81258421E-07       1.01529348E-06       4.72458639E-07
   598.7000       1.12674780E-07       7.82811027E-07       1.01736155E-06       4.73407581E-07
   598.8000       1.12903784E-07       7.84366857E-07       1.01943404E-06       4.74358517E-07
   598.9000       1.13133289E-07       7.85925915E-07       1.02151098E-06       4.75311454E-07
   599.0000       1.13363293E-07       7.87488204E-07       1.02359237E-06       4.76266395E-07
   599.1000       1.13593799E-07       7.89053726E-07       1.02567820E-06       4.77223340E-07
   599.2000       1.13824808E-07       7.90622492E-07       1.02776848E-06       4.78182295E-07
   599.3000       1.14056318E-07       7.92194500E-07       1.02986321E-06       4.79143260E-07
   599.4000       1.14288332E-07       7.93769753E-07       1.03196242E-06       4.80106236E-07
   599.5000       1.14520850E-07       7.95348258E-07       1.03406609E-06       4.81071226E-07
   599.6000       1.14753872E-07       7.96930015E-07       1.03617421E-06       4.82038229E-07
   599.7000       1.14987400E-07       7.98515029E-07       1.03828682E-06       4.83007254E-07
   599.8000       1.15221433E-07       8.00103310E-07       1.04040392E-06       4.83978306E-07
   599.9000       1.15455973E-07       8.01694860E-07       1.04252551E-06       4.84951382E-07
   600.0000       1.15691021E-07       8.03289677E-07       1.04465156E-06       4.85926479E-07
