     0.1000       8.60636458E-03       8.64747192E-03       1.29656163E-02
     0.2000       1.15841008E-02       1.16421689E-02       1.43648421E-02
     0.3000       1.49151527E-02       1.50104529E-02       1.57444834E-02
     0.4000       1.80556472E-02       1.82185600E-02       1.70926309E-02
     0.5000       2.08053464E-02       2.10544286E-02       1.83969225E-02
     0.6000       2.31957211E-02       2.35325457E-02       1.96487587E-02
     0.7000       2.53106732E-02       2.57242953E-02       2.08441396E-02
     0.8000       2.72185985E-02       2.76891564E-02       2.19830582E-02
     0.9000       2.89652745E-02       2.94655979E-02       2.30683172E-02
     1.0000       3.05805491E-02       3.10772805E-02       2.41043190E-02
     1.1000       3.20844929E-02       3.25398328E-02       2.50961139E-02
     1.2000       3.34912232E-02       3.38657157E-02       2.60487765E-02
     1.3000       3.48111107E-02       3.50672692E-02       2.69670588E-02
     1.4000       3.60520793E-02       3.61581419E-02       2.78552328E-02
     1.5000       3.72204093E-02       3.71532977E-02       2.87170433E-02
     1.6000       3.83212563E-02       3.80680246E-02       2.95557149E-02
     1.7000       3.93589949E-02       3.89165916E-02       3.03739826E-02
     1.8000       4.03374479E-02       3.97111535E-02       3.11741261E-02
     1.9000       4.12600389E-02       4.04612201E-02       3.19580044E-02
     2.0000       4.21298911E-02       4.11736863E-02       3.27270866E-02
     2.1000       4.29498919E-02       4.18532285E-02       3.34824830E-02
     2.2000       4.37227335E-02       4.25028464E-02       3.42249752E-02
     2.3000       4.44509388E-02       4.31243884E-02       3.49550484E-02
     2.4000       4.51368787E-02       4.37189798E-02       3.56729263E-02
     2.5000       4.57827838E-02       4.42873352E-02       3.63786074E-02
     2.6000       4.63907537E-02       4.48299671E-02       3.70719036E-02
     2.7000       4.69627645E-02       4.53473141E-02       3.77524785E-02
     2.8000       4.75006765E-02       4.58398136E-02       3.84198854E-02
     2.9000       4.80062404E-02       4.63079382E-02       3.90736035E-02
     3.0000       4.84811047E-02       4.67522093E-02       3.97130705E-02
     3.1000       4.89268220E-02       4.71731991E-02       4.03377122E-02
     3.2000       4.93448560E-02       4.75702855E-02       4.09469668E-02
     3.3000       4.97367250E-02       4.51836108E-02       4.15403063E-02
     3.4000       5.01043746E-02       4.48485568E-02       4.21172519E-02
     3.5000       5.04491935E-02       4.52438797E-02       4.26773864E-02
     3.6000       5.07723105E-02       4.55333682E-02       4.32203618E-02
     3.7000       5.10747736E-02       4.58909937E-02       4.37459045E-02
     3.8000       5.13575799E-02       4.62071223E-02       4.42538169E-02
     3.9000       5.16216942E-02       4.65017984E-02       4.47439782E-02
     4.0000       5.18680594E-02       4.67352261E-02       4.52163417E-02
     4.1000       5.20974785E-02       4.70535761E-02       4.56709334E-02
     4.2000       5.23107699E-02       4.73690458E-02       4.61078476E-02
     4.3000       5.25087782E-02       4.76204092E-02       4.65272427E-02
     4.4000       5.26923048E-02       4.78867950E-02       4.69293374E-02
     4.5000       5.28621237E-02       4.81234235E-02       4.73144062E-02
     4.6000       5.30189691E-02       4.83800490E-02       4.76827751E-02
     4.7000       5.31635730E-02       4.85847613E-02       4.80348177E-02
     4.8000       5.32966111E-02       4.87485497E-02       4.83709509E-02
     4.9000       5.34187359E-02       4.89883841E-02       4.86916315E-02
     5.0000       5.35305497E-02       4.91305942E-02       4.89973522E-02
     5.1000       5.36326232E-02       4.93519730E-02       4.92886383E-02
     5.2000       5.37255172E-02       4.94931662E-02       4.95660447E-02
     5.3000       5.38097723E-02       4.96691974E-02       4.98301521E-02
     5.4000       5.38858758E-02       4.97784340E-02       5.00815647E-02
     5.5000       5.39542926E-02       4.99562270E-02       5.03209067E-02
     5.6000       5.40154497E-02       5.00496531E-02       5.05488197E-02
     5.7000       5.40697640E-02       5.01512225E-02       5.07659596E-02
     5.8000       5.41176072E-02       5.02923306E-02       5.09729944E-02
     5.9000       5.41593306E-02       5.03775395E-02       5.11706010E-02
     6.0000       5.41952586E-02       5.04790337E-02       5.13594630E-02
     6.1000       5.42257001E-02       5.05482228E-02       5.15402678E-02
     6.2000       5.42509427E-02       5.06578055E-02       5.17137049E-02
     6.3000       5.42712505E-02       5.07049201E-02       5.18804625E-02
     6.4000       5.42868545E-02       5.07639676E-02       5.20412263E-02
     6.5000       5.42979554E-02       5.08463920E-02       5.21966765E-02
     6.6000       5.43047235E-02       5.09063135E-02       5.23474861E-02
     6.7000       5.43073136E-02       5.09314906E-02       5.24943186E-02
     6.8000       5.43059030E-02       5.10046256E-02       5.26378262E-02
     6.9000       5.43006709E-02       5.10586017E-02       5.27786479E-02
     7.0000       5.42917884E-02       5.10938647E-02       5.29174076E-02
     7.1000       5.42794207E-02       5.11457525E-02       5.30547121E-02
     7.2000       5.42637097E-02       5.11601965E-02       5.31911494E-02
     7.3000       5.42448172E-02       5.12141961E-02       5.33272868E-02
     7.4000       5.42228811E-02       5.12430324E-02       5.34636691E-02
     7.5000       5.41980454E-02       5.12470526E-02       5.36008163E-02
     7.6000       5.41704453E-02       5.12866625E-02       5.37392218E-02
     7.7000       5.41402125E-02       5.12923370E-02       5.38793503E-02
     7.8000       5.41074660E-02       5.12709362E-02       5.40216352E-02
     7.9000       5.40723272E-02       5.13058218E-02       5.41664764E-02
     8.0000       5.40348961E-02       5.13079100E-02       5.43142375E-02
     8.1000       5.39952823E-02       5.13239863E-02       5.44652433E-02
     8.2000       5.39535837E-02       5.13335768E-02       5.46197768E-02
     8.3000       5.39098963E-02       5.13172771E-02       5.47780763E-02
     8.4000       5.38643206E-02       5.13402653E-02       5.49403327E-02
     8.5000       5.38169292E-02       5.13143579E-02       5.51066864E-02
     8.6000       5.37678026E-02       5.12996433E-02       5.52772245E-02
     8.7000       5.37170425E-02       5.13190337E-02       5.54519787E-02
     8.8000       5.36647215E-02       5.12796782E-02       5.56309227E-02
     8.9000       5.36109033E-02       5.12579059E-02       5.58139702E-02
     9.0000       5.35556740E-02       5.12519609E-02       5.60009743E-02
     9.1000       5.34990974E-02       5.12231366E-02       5.61917264E-02
     9.2000       5.34412451E-02       5.11890010E-02       5.63859561E-02
     9.3000       5.33821825E-02       5.11832348E-02       5.65833328E-02
     9.4000       5.33219779E-02       5.11458320E-02       5.67834668E-02
     9.5000       5.32607058E-02       5.11146112E-02       5.69859124E-02
     9.6000       5.31984298E-02       5.11041270E-02       5.71901714E-02
     9.7000       5.31352140E-02       5.10663772E-02       5.73956980E-02
     9.8000       5.30711216E-02       5.10276151E-02       5.76019039E-02
     9.9000       5.30062172E-02       5.09786277E-02       5.78081651E-02
    10.0000       5.29405577E-02       5.09444689E-02       5.80138288E-02
    10.1000       5.28742015E-02       5.08882880E-02       5.82182211E-02
    10.2000       5.28072136E-02       5.08502566E-02       5.84206555E-02
    10.3000       5.27396421E-02       5.08230354E-02       5.86204410E-02
    10.4000       5.26715303E-02       5.07812063E-02       5.88168912E-02
    10.5000       5.26029194E-02       5.07136204E-02       5.90093324E-02
    10.6000       5.25338509E-02       5.06503337E-02       5.91971124E-02
    10.7000       5.24643709E-02       5.06053471E-02       5.93796083E-02
    10.8000       5.23945135E-02       5.05585461E-02       5.95562336E-02
    10.9000       5.23243126E-02       5.05432944E-02       5.97264449E-02
    11.0000       5.22538119E-02       5.04958729E-02       5.98897479E-02
    11.1000       5.21830355E-02       5.04287298E-02       6.00457018E-02
    11.2000       5.21120124E-02       5.03807981E-02       6.01939231E-02
    11.3000       5.20407764E-02       5.03069291E-02       6.03340884E-02
    11.4000       5.19693486E-02       5.02520388E-02       6.04659358E-02
    11.5000       5.18977568E-02       5.01981254E-02       6.05892658E-02
    11.6000       5.18260288E-02       5.01478564E-02       6.07039405E-02
    11.7000       5.17541953E-02       5.00971602E-02       6.08098821E-02
    11.8000       5.16822760E-02       5.00212090E-02       6.09070711E-02
    11.9000       5.16103025E-02       4.99700549E-02       6.09955430E-02
    12.0000       5.15383058E-02       4.99142011E-02       6.10753848E-02
    12.1000       5.14663124E-02       4.98514332E-02       6.11467306E-02
    12.2000       5.13943587E-02       4.98051736E-02       6.12097578E-02
    12.3000       5.13224696E-02       4.97397149E-02       6.12646815E-02
    12.4000       5.12506837E-02       4.96687665E-02       6.13117501E-02
    12.5000       5.11790338E-02       4.95919827E-02       6.13512404E-02
    12.6000       5.11075583E-02       4.95366445E-02       6.13834524E-02
    12.7000       5.10362829E-02       4.94795728E-02       6.14087048E-02
    12.8000       5.09652437E-02       4.94252477E-02       6.14273304E-02
    12.9000       5.08944782E-02       4.93437759E-02       6.14396716E-02
    13.0000       5.08240096E-02       4.92974461E-02       6.14460769E-02
    13.1000       5.07538667E-02       4.92187050E-02       6.14468968E-02
    13.2000       5.06840737E-02       4.91576539E-02       6.14424807E-02
    13.3000       5.06146626E-02       4.91054040E-02       6.14331739E-02
    13.4000       5.05456488E-02       4.90271111E-02       6.14193154E-02
    13.5000       5.04770499E-02       4.89734269E-02       6.14012352E-02
    13.6000       5.04088883E-02       4.89072308E-02       6.13792527E-02
    13.7000       5.03411749E-02       4.88490607E-02       6.13536752E-02
    13.8000       5.02739216E-02       4.87888789E-02       6.13247967E-02
    13.9000       5.02071404E-02       4.87440616E-02       6.12928969E-02
    14.0000       5.01408411E-02       4.86461820E-02       6.12582406E-02
    14.1000       5.00750278E-02       4.86154758E-02       6.12210771E-02
    14.2000       5.00097041E-02       4.85396528E-02       6.11816403E-02
    14.3000       4.99448772E-02       4.84849171E-02       6.11401486E-02
    14.4000       4.98805380E-02       4.84139417E-02       6.10968048E-02
    14.5000       4.98166983E-02       4.83426423E-02       6.10517967E-02
    14.6000       4.97533545E-02       4.82976650E-02       6.10052975E-02
    14.7000       4.96905088E-02       4.82558345E-02       6.09574660E-02
    14.8000       4.96281587E-02       4.81830912E-02       6.09084480E-02
    14.9000       4.95663016E-02       4.81160416E-02       6.08583762E-02
    15.0000       4.95049383E-02       4.80615666E-02       6.08073715E-02
    15.1000       4.94440701E-02       4.79989576E-02       6.07555435E-02
    15.2000       4.93836906E-02       4.79355771E-02       6.07029916E-02
    15.3000       4.93238013E-02       4.78794785E-02       6.06498054E-02
    15.4000       4.92643976E-02       4.78160437E-02       6.05960661E-02
    15.5000       4.92054797E-02       4.77600268E-02       6.05418468E-02
    15.6000       4.91470388E-02       4.77051228E-02       6.04872138E-02
    15.7000       4.90890895E-02       4.76605567E-02       6.04322266E-02
    15.8000       4.90316326E-02       4.76085832E-02       6.03769396E-02
    15.9000       4.89746637E-02       4.75501371E-02       6.03214017E-02
    16.0000       4.89181764E-02       4.74917553E-02       6.02656578E-02
    16.1000       4.88621681E-02       4.74531418E-02       6.02097490E-02
    16.2000       4.88066343E-02       4.73736043E-02       6.01537129E-02
    16.3000       4.87515894E-02       4.73398186E-02       6.00975846E-02
    16.4000       4.86970309E-02       4.72799930E-02       6.00413967E-02
    16.5000       4.86429576E-02       4.72395590E-02       5.99851799E-02
    16.6000       4.85893694E-02       4.71672945E-02       5.99289633E-02
    16.7000       4.85362708E-02       4.71113064E-02       5.98727747E-02
    16.8000       4.84836678E-02       4.70816378E-02       5.98166409E-02
    16.9000       4.84315686E-02       4.70214075E-02       5.97605878E-02
    17.0000       4.83799706E-02       4.69726752E-02       5.97046408E-02
    17.1000       4.83288784E-02       4.69073012E-02       5.96488249E-02
    17.2000       4.82783014E-02       4.68874029E-02       5.95931650E-02
    17.3000       4.82282346E-02       4.68402375E-02       5.95376855E-02
    17.4000       4.81786824E-02       4.67769781E-02       5.94824109E-02
    17.5000       4.81296523E-02       4.67522544E-02       5.94273656E-02
    17.6000       4.80811423E-02       4.66821196E-02       5.93725739E-02
    17.7000       4.80331590E-02       4.66544063E-02       5.93180601E-02
    17.8000       4.79857083E-02       4.65956627E-02       5.92638482E-02
    17.9000       4.79387803E-02       4.65603135E-02       5.92099621E-02
    18.0000       4.78923657E-02       4.65075357E-02       5.91564252E-02
    18.1000       4.78464612E-02       4.64620139E-02       5.91032603E-02
    18.2000       4.78010596E-02       4.64163394E-02       5.90504896E-02
    18.3000       4.77561489E-02       4.63795345E-02       5.89981346E-02
    18.4000       4.77117168E-02       4.63345581E-02       5.89462153E-02
    18.5000       4.76677427E-02       4.62819280E-02       5.88947510E-02
    18.6000       4.76242195E-02       4.62574913E-02       5.88437593E-02
    18.7000       4.75811233E-02       4.62288217E-02       5.87932560E-02
    18.8000       4.75384329E-02       4.61974017E-02       5.87432556E-02
    18.9000       4.74961230E-02       4.61500864E-02       5.86937702E-02
    19.0000       4.74541720E-02       4.60957014E-02       5.86448103E-02
    19.1000       4.74125595E-02       4.60664867E-02       5.85963837E-02
    19.2000       4.73712622E-02       4.60376593E-02       5.85484962E-02
    19.3000       4.73302568E-02       4.59982595E-02       5.85011513E-02
    19.4000       4.72895132E-02       4.59443700E-02       5.84543498E-02
    19.5000       4.72490088E-02       4.59118191E-02       5.84080902E-02
    19.6000       4.72087231E-02       4.58848592E-02       5.83623684E-02
    19.7000       4.71686328E-02       4.58492904E-02       5.83171778E-02
    19.8000       4.71287155E-02       4.58089618E-02       5.82725092E-02
    19.9000       4.70889532E-02       4.57740604E-02       5.82283511E-02
    20.0000       4.70493247E-02       4.57256456E-02       5.81846895E-02
    20.1000       4.70098134E-02       4.56824507E-02       5.81415080E-02
    20.2000       4.69704066E-02       4.56457566E-02       5.80987879E-02
    20.3000       4.69310838E-02       4.56120659E-02       5.80565083E-02
    20.4000       4.68918373E-02       4.55763101E-02       5.80146466E-02
    20.5000       4.68526569E-02       4.55398760E-02       5.79731779E-02
    20.6000       4.68135308E-02       4.55135853E-02       5.79320757E-02
    20.7000       4.67744563E-02       4.54708604E-02       5.78913121E-02
    20.8000       4.67354303E-02       4.54368470E-02       5.78508579E-02
    20.9000       4.66964416E-02       4.54119821E-02       5.78106825E-02
    21.0000       4.66574856E-02       4.53591566E-02       5.77707549E-02
    21.1000       4.66185625E-02       4.53213310E-02       5.77310431E-02
    21.2000       4.65796727E-02       4.52986633E-02       5.76915150E-02
    21.3000       4.65408138E-02       4.52465503E-02       5.76521385E-02
    21.4000       4.65019853E-02       4.52195824E-02       5.76128817E-02
    21.5000       4.64631928E-02       4.51890231E-02       5.75737130E-02
    21.6000       4.64244389E-02       4.51411566E-02       5.75346020E-02
    21.7000       4.63857306E-02       4.51258164E-02       5.74955189E-02
    21.8000       4.63470664E-02       4.50793084E-02       5.74564355E-02
    21.9000       4.63084543E-02       4.50457075E-02       5.74173250E-02
    22.0000       4.62699009E-02       4.50069311E-02       5.73781621E-02
    22.1000       4.62314087E-02       4.49794682E-02       5.73389237E-02
    22.2000       4.61929834E-02       4.49469998E-02       5.72995885E-02
    22.3000       4.61546302E-02       4.48960841E-02       5.72601372E-02
    22.4000       4.61163539E-02       4.48718662E-02       5.72205530E-02
    22.5000       4.60781610E-02       4.48247841E-02       5.71808208E-02
    22.6000       4.60400606E-02       4.48087882E-02       5.71409283E-02
    22.7000       4.60020596E-02       4.47567576E-02       5.71008649E-02
    22.8000       4.59641654E-02       4.47393835E-02       5.70606223E-02
    22.9000       4.59263901E-02       4.46997551E-02       5.70201944E-02
    23.0000       4.58887418E-02       4.46611385E-02       5.69795769E-02
    23.1000       4.58512364E-02       4.46115197E-02       5.69387674E-02
    23.2000       4.58138770E-02       4.45895117E-02       5.68977651E-02
    23.3000       4.57766741E-02       4.45524642E-02       5.68565708E-02
    23.4000       4.57396406E-02       4.45132130E-02       5.68151868E-02
    23.5000       4.57027925E-02       4.44922046E-02       5.67736164E-02
    23.6000       4.56661405E-02       4.44683086E-02       5.67318642E-02
    23.7000       4.56296946E-02       4.44310216E-02       5.66899355E-02
    23.8000       4.55934651E-02       4.43912420E-02       5.66478363E-02
    23.9000       4.55574661E-02       4.43512578E-02       5.66055733E-02
    24.0000       4.55217118E-02       4.43211518E-02       5.65631534E-02
    24.1000       4.54862144E-02       4.42800604E-02       5.65205840E-02
    24.2000       4.54509895E-02       4.42707739E-02       5.64778722E-02
    24.3000       4.54160446E-02       4.42142005E-02       5.64350255E-02
    24.4000       4.53813938E-02       4.41941865E-02       5.63920511E-02
    24.5000       4.53470429E-02       4.41452498E-02       5.63489560E-02
    24.6000       4.53130047E-02       4.41217537E-02       5.63057468E-02
    24.7000       4.52792850E-02       4.40962671E-02       5.62624301E-02
    24.8000       4.52458848E-02       4.40677960E-02       5.62190118E-02
    24.9000       4.52128088E-02       4.40230032E-02       5.61754975E-02
    25.0000       4.51800601E-02       4.40043189E-02       5.61318925E-02
    25.1000       4.51476403E-02       4.39675647E-02       5.60882017E-02
    25.2000       4.51155504E-02       4.39350695E-02       5.60444296E-02
    25.3000       4.50837892E-02       4.39033044E-02       5.60005805E-02
    25.4000       4.50523514E-02       4.38876872E-02       5.59566585E-02
    25.5000       4.50212297E-02       4.38359460E-02       5.59126674E-02
    25.6000       4.49904176E-02       4.38239982E-02       5.58686111E-02
    25.7000       4.49599081E-02       4.37928909E-02       5.58244934E-02
    25.8000       4.49296903E-02       4.37553315E-02       5.57803182E-02
    25.9000       4.48997560E-02       4.37490534E-02       5.57360896E-02
    26.0000       4.48700977E-02       4.37061018E-02       5.56918120E-02
    26.1000       4.48407101E-02       4.36896104E-02       5.56474901E-02
    26.2000       4.48115891E-02       4.36677937E-02       5.56031289E-02
    26.3000       4.47827237E-02       4.36462127E-02       5.55587340E-02
    26.4000       4.47541133E-02       4.36102127E-02       5.55143112E-02
    26.5000       4.47257557E-02       4.35800209E-02       5.54698670E-02
    26.6000       4.46976406E-02       4.35394279E-02       5.54254085E-02
    26.7000       4.46697685E-02       4.35263110E-02       5.53809431E-02
    26.8000       4.46421419E-02       4.34967543E-02       5.53364788E-02
    26.9000       4.46147589E-02       4.34805017E-02       5.52920239E-02
    27.0000       4.45876261E-02       4.34537407E-02       5.52475873E-02
    27.1000       4.45607482E-02       4.34255239E-02       5.52031781E-02
    27.2000       4.45341286E-02       4.34066016E-02       5.51588059E-02
    27.3000       4.45077729E-02       4.33920306E-02       5.51144802E-02
    27.4000       4.44816850E-02       4.33433507E-02       5.50702109E-02
    27.5000       4.44558696E-02       4.33318943E-02       5.50260076E-02
    27.6000       4.44303288E-02       4.33043208E-02       5.49818801E-02
    27.7000       4.44050651E-02       4.32867774E-02       5.49378378E-02
    27.8000       4.43800812E-02       4.32663011E-02       5.48938900E-02
    27.9000       4.43553754E-02       4.32425838E-02       5.48500453E-02
    28.0000       4.43309476E-02       4.32146352E-02       5.48063121E-02
    28.1000       4.43067905E-02       4.32023205E-02       5.47626978E-02
    28.2000       4.42828998E-02       4.31732759E-02       5.47192093E-02
    28.3000       4.42592686E-02       4.31561503E-02       5.46758525E-02
    28.4000       4.42358898E-02       4.31151866E-02       5.46326325E-02
    28.5000       4.42127534E-02       4.31126422E-02       5.45895532E-02
    28.6000       4.41898441E-02       4.30921167E-02       5.45466174E-02
    28.7000       4.41671493E-02       4.30601970E-02       5.45038268E-02
    28.8000       4.41446557E-02       4.30482396E-02       5.44611817E-02
    28.9000       4.41223522E-02       4.30360396E-02       5.44186815E-02
    29.0000       4.41002217E-02       4.29983803E-02       5.43763239E-02
    29.1000       4.40782476E-02       4.29784422E-02       5.43341057E-02
    29.2000       4.40564160E-02       4.29517591E-02       5.42920221E-02
    29.3000       4.40347127E-02       4.29369262E-02       5.42500675E-02
    29.4000       4.40131250E-02       4.29164325E-02       5.42082349E-02
    29.5000       4.39916337E-02       4.29072833E-02       5.41665163E-02
    29.6000       4.39702281E-02       4.28719773E-02       5.41249028E-02
    29.7000       4.39489035E-02       4.28556798E-02       5.40833848E-02
    29.8000       4.39276466E-02       4.28412584E-02       5.40419519E-02
    29.9000       4.39064482E-02       4.28177470E-02       5.40005930E-02
    30.0000       4.38852965E-02       4.28127153E-02       5.39592969E-02
    30.1000       4.38641878E-02       4.27875283E-02       5.39180521E-02
    30.2000       4.38431187E-02       4.27661523E-02       5.38768470E-02
    30.3000       4.38220834E-02       4.27430950E-02       5.38356701E-02
    30.4000       4.38010798E-02       4.27235563E-02       5.37945101E-02
    30.5000       4.37801133E-02       4.27031313E-02       5.37533564E-02
    30.6000       4.37591836E-02       4.26881094E-02       5.37121986E-02
    30.7000       4.37382909E-02       4.26702477E-02       5.36710274E-02
    30.8000       4.37174406E-02       4.26516530E-02       5.36298341E-02
    30.9000       4.36966385E-02       4.26369306E-02       5.35886110E-02
    31.0000       4.36758915E-02       4.26138778E-02       5.35473514E-02
    31.1000       4.36552038E-02       4.25949444E-02       5.35060499E-02
    31.2000       4.36345847E-02       4.25708122E-02       5.34647019E-02
    31.3000       4.36140418E-02       4.25622031E-02       5.34233044E-02
    31.4000       4.35935819E-02       4.25495259E-02       5.33818552E-02
    31.5000       4.35732168E-02       4.25293661E-02       5.33403535E-02
    31.6000       4.35529597E-02       4.25056187E-02       5.32987997E-02
    31.7000       4.35328202E-02       4.24888708E-02       5.32571951E-02
    31.8000       4.35128036E-02       4.24772615E-02       5.32155420E-02
    31.9000       4.34929220E-02       4.24555523E-02       5.31738437E-02
    32.0000       4.34731834E-02       4.24411746E-02       5.31321044E-02
    32.1000       4.34535982E-02       4.24231810E-02       5.30903287E-02
    32.2000       4.34341759E-02       4.23995459E-02       5.30485220E-02
    32.3000       4.34149202E-02       4.23880591E-02       5.30066902E-02
    32.4000       4.33958372E-02       4.23677294E-02       5.29648392E-02
    32.5000       4.33769343E-02       4.23504433E-02       5.29229753E-02
    32.6000       4.33582166E-02       4.23222195E-02       5.28811049E-02
    32.7000       4.33396884E-02       4.23155300E-02       5.28392339E-02
    32.8000       4.33213518E-02       4.23033171E-02       5.27973685E-02
    32.9000       4.33032101E-02       4.22898596E-02       5.27555141E-02
    33.0000       4.32852692E-02       4.22720205E-02       5.27136760E-02
    33.1000       4.32675290E-02       4.22524276E-02       5.26718590E-02
    33.2000       4.32499915E-02       4.22366407E-02       5.26300672E-02
    33.3000       4.32326584E-02       4.22241441E-02       5.25883042E-02
    33.4000       4.32155328E-02       4.22066139E-02       5.25465729E-02
    33.5000       4.31986166E-02       4.21868314E-02       5.25048757E-02
    33.6000       4.31819068E-02       4.21779895E-02       5.24632145E-02
    33.7000       4.31654051E-02       4.21565822E-02       5.24215903E-02
    33.8000       4.31491083E-02       4.21433266E-02       5.23800038E-02
    33.9000       4.31330146E-02       4.21372644E-02       5.23384553E-02
    34.0000       4.31171203E-02       4.21254719E-02       5.22969445E-02
    34.1000       4.31014266E-02       4.21008693E-02       5.22554709E-02
    34.2000       4.30859266E-02       4.20993081E-02       5.22140337E-02
    34.3000       4.30706179E-02       4.20825004E-02       5.21726321E-02
    34.4000       4.30554947E-02       4.20693098E-02       5.21312650E-02
    34.5000       4.30405535E-02       4.20618856E-02       5.20899314E-02
    34.6000       4.30257859E-02       4.20454371E-02       5.20486306E-02
    34.7000       4.30111845E-02       4.20466002E-02       5.20073617E-02
    34.8000       4.29967447E-02       4.20203193E-02       5.19661242E-02
    34.9000       4.29824553E-02       4.20118127E-02       5.19249180E-02
    35.0000       4.29683084E-02       4.19892213E-02       5.18837430E-02
    35.1000       4.29542925E-02       4.19837534E-02       5.18425995E-02
    35.2000       4.29403972E-02       4.19565355E-02       5.18014883E-02
    35.3000       4.29266159E-02       4.19611330E-02       5.17604104E-02
    35.4000       4.29129348E-02       4.19462616E-02       5.17193673E-02
    35.5000       4.28993465E-02       4.19333799E-02       5.16783605E-02
    35.6000       4.28858430E-02       4.19248804E-02       5.16373923E-02
    35.7000       4.28724145E-02       4.19081083E-02       5.15964647E-02
    35.8000       4.28590521E-02       4.19048389E-02       5.15555802E-02
    35.9000       4.28457493E-02       4.18833322E-02       5.15147415E-02
    36.0000       4.28325013E-02       4.18788122E-02       5.14739515E-02
    36.1000       4.28193047E-02       4.18701231E-02       5.14332128E-02
    36.2000       4.28061518E-02       4.18604125E-02       5.13925285E-02
    36.3000       4.27930408E-02       4.18332718E-02       5.13519014E-02
    36.4000       4.27799729E-02       4.18289985E-02       5.13113342E-02
    36.5000       4.27669453E-02       4.18190171E-02       5.12708298E-02
    36.6000       4.27539610E-02       4.18062198E-02       5.12303906E-02
    36.7000       4.27410231E-02       4.18106342E-02       5.11900190E-02
    36.8000       4.27281309E-02       4.17821978E-02       5.11497171E-02
    36.9000       4.27152903E-02       4.17780767E-02       5.11094870E-02
    37.0000       4.27025098E-02       4.17543726E-02       5.10693303E-02
    37.1000       4.26897931E-02       4.17562030E-02       5.10292485E-02
    37.2000       4.26771453E-02       4.17505091E-02       5.09892428E-02
    37.3000       4.26645715E-02       4.17304736E-02       5.09493144E-02
    37.4000       4.26520795E-02       4.17251473E-02       5.09094639E-02
    37.5000       4.26396783E-02       4.17236132E-02       5.08696921E-02
    37.6000       4.26273731E-02       4.17090195E-02       5.08299994E-02
    37.7000       4.26151658E-02       4.16939205E-02       5.07903860E-02
    37.8000       4.26030641E-02       4.16894994E-02       5.07508523E-02
    37.9000       4.25910726E-02       4.16811812E-02       5.07113984E-02
    38.0000       4.25791948E-02       4.16602682E-02       5.06720245E-02
    38.1000       4.25674345E-02       4.16462704E-02       5.06327306E-02
    38.2000       4.25557935E-02       4.16526571E-02       5.05935169E-02
    38.3000       4.25442727E-02       4.16356825E-02       5.05543835E-02
    38.4000       4.25328745E-02       4.16216226E-02       5.05153308E-02
    38.5000       4.25216013E-02       4.16103344E-02       5.04763591E-02
    38.6000       4.25104501E-02       4.16118707E-02       5.04374688E-02
    38.7000       4.24994195E-02       4.16053136E-02       5.03986605E-02
    38.8000       4.24885069E-02       4.15876221E-02       5.03599348E-02
    38.9000       4.24777078E-02       4.15884994E-02       5.03212925E-02
    39.0000       4.24670162E-02       4.15648059E-02       5.02827343E-02
    39.1000       4.24564292E-02       4.15596499E-02       5.02442612E-02
    39.2000       4.24459403E-02       4.15483514E-02       5.02058742E-02
    39.3000       4.24355447E-02       4.15497258E-02       5.01675741E-02
    39.4000       4.24252329E-02       4.15439111E-02       5.01293621E-02
    39.5000       4.24149998E-02       4.15347930E-02       5.00912390E-02
    39.6000       4.24048392E-02       4.15149471E-02       5.00532058E-02
    39.7000       4.23947444E-02       4.15100795E-02       5.00152634E-02
    39.8000       4.23847096E-02       4.15082533E-02       4.99774125E-02
    39.9000       4.23747296E-02       4.14988117E-02       4.99396538E-02
    40.0000       4.23647962E-02       4.14902975E-02       4.99019878E-02
    40.1000       4.23549071E-02       4.14754782E-02       4.98644149E-02
    40.2000       4.23450578E-02       4.14761543E-02       4.98269354E-02
    40.3000       4.23352447E-02       4.14646182E-02       4.97895494E-02
    40.4000       4.23254627E-02       4.14501019E-02       4.97522568E-02
    40.5000       4.23157101E-02       4.14512303E-02       4.97150573E-02
    40.6000       4.23059856E-02       4.14413322E-02       4.96779507E-02
    40.7000       4.22962877E-02       4.14309876E-02       4.96409364E-02
    40.8000       4.22866180E-02       4.14319509E-02       4.96040141E-02
    40.9000       4.22769786E-02       4.14127040E-02       4.95671831E-02
    41.0000       4.22673692E-02       4.14149958E-02       4.95304428E-02
    41.1000       4.22577950E-02       4.13986996E-02       4.94937926E-02
    41.2000       4.22482603E-02       4.14066106E-02       4.94572318E-02
    41.3000       4.22387720E-02       4.13771679E-02       4.94207600E-02
    41.4000       4.22293332E-02       4.13755715E-02       4.93843767E-02
    41.5000       4.22199488E-02       4.13802413E-02       4.93480817E-02
    41.6000       4.22106249E-02       4.13669497E-02       4.93118748E-02
    41.7000       4.22013670E-02       4.13513632E-02       4.92757561E-02
    41.8000       4.21921811E-02       4.13484842E-02       4.92397259E-02
    41.9000       4.21830703E-02       4.13519672E-02       4.92037848E-02
    42.0000       4.21740353E-02       4.13305001E-02       4.91679335E-02
    42.1000       4.21650816E-02       4.13281876E-02       4.91321728E-02
    42.2000       4.21562111E-02       4.13254863E-02       4.90965040E-02
    42.3000       4.21474242E-02       4.13355613E-02       4.90609285E-02
    42.4000       4.21387231E-02       4.13159014E-02       4.90254479E-02
    42.5000       4.21301066E-02       4.13050658E-02       4.89900638E-02
    42.6000       4.21215759E-02       4.12991365E-02       4.89547781E-02
    42.7000       4.21131260E-02       4.12992038E-02       4.89195926E-02
    42.8000       4.21047564E-02       4.12875885E-02       4.88845092E-02
    42.9000       4.20964634E-02       4.12732874E-02       4.88495298E-02
    43.0000       4.20882456E-02       4.12801768E-02       4.88146560E-02
    43.1000       4.20800987E-02       4.12718441E-02       4.87798893E-02
    43.2000       4.20720199E-02       4.12590315E-02       4.87452311E-02
    43.3000       4.20640054E-02       4.12621536E-02       4.87106825E-02
    43.4000       4.20560513E-02       4.12524241E-02       4.86762440E-02
    43.5000       4.20481545E-02       4.12494801E-02       4.86419160E-02
    43.6000       4.20403123E-02       4.12391492E-02       4.86076982E-02
    43.7000       4.20325189E-02       4.12311057E-02       4.85735902E-02
    43.8000       4.20247693E-02       4.12268921E-02       4.85395908E-02
    43.9000       4.20170609E-02       4.12213953E-02       4.85056985E-02
    44.0000       4.20093891E-02       4.12180510E-02       4.84719111E-02
    44.1000       4.20017520E-02       4.12071737E-02       4.84382261E-02
    44.2000       4.19941458E-02       4.12079487E-02       4.84046406E-02
    44.3000       4.19865686E-02       4.11900053E-02       4.83711510E-02
    44.4000       4.19790193E-02       4.11814537E-02       4.83377537E-02
    44.5000       4.19714971E-02       4.12022971E-02       4.83044446E-02
    44.6000       4.19639997E-02       4.11850104E-02       4.82712194E-02
    44.7000       4.19565284E-02       4.11746380E-02       4.82380738E-02
    44.8000       4.19490831E-02       4.11750279E-02       4.82050032E-02
    44.9000       4.19416628E-02       4.11696155E-02       4.81720033E-02
    45.0000       4.19342685E-02       4.11555726E-02       4.81390699E-02
    45.1000       4.19269014E-02       4.11581284E-02       4.81061989E-02
    45.2000       4.19195620E-02       4.11536623E-02       4.80733867E-02
    45.3000       4.19122534E-02       4.11396953E-02       4.80406301E-02
    45.4000       4.19049753E-02       4.11414038E-02       4.80079262E-02
    45.5000       4.18977284E-02       4.11346525E-02       4.79752732E-02
    45.6000       4.18905155E-02       4.11325030E-02       4.79426695E-02
    45.7000       4.18833400E-02       4.11295343E-02       4.79101146E-02
    45.8000       4.18762052E-02       4.11168102E-02       4.78776086E-02
    45.9000       4.18691138E-02       4.11159617E-02       4.78451526E-02
    46.0000       4.18620665E-02       4.11123724E-02       4.78127484E-02
    46.1000       4.18550684E-02       4.11031069E-02       4.77803990E-02
    46.2000       4.18481212E-02       4.10969176E-02       4.77481079E-02
    46.3000       4.18412286E-02       4.10915400E-02       4.77158797E-02
    46.4000       4.18343926E-02       4.10904641E-02       4.76837197E-02
    46.5000       4.18276146E-02       4.10923159E-02       4.76516341E-02
    46.6000       4.18208963E-02       4.10850160E-02       4.76196297E-02
    46.7000       4.18142398E-02       4.10874371E-02       4.75877140E-02
    46.8000       4.18076472E-02       4.10762845E-02       4.75558950E-02
    46.9000       4.18011202E-02       4.10596193E-02       4.75241811E-02
    47.0000       4.17946612E-02       4.10577255E-02       4.74925812E-02
    47.1000       4.17882699E-02       4.10524434E-02       4.74611042E-02
    47.2000       4.17819447E-02       4.10540205E-02       4.74297593E-02
    47.3000       4.17756866E-02       4.10527887E-02       4.73985555E-02
    47.4000       4.17694950E-02       4.10449962E-02       4.73675020E-02
    47.5000       4.17633705E-02       4.10343748E-02       4.73366073E-02
    47.6000       4.17573103E-02       4.10379442E-02       4.73058798E-02
    47.7000       4.17513129E-02       4.10334503E-02       4.72753275E-02
    47.8000       4.17453773E-02       4.10297249E-02       4.72449576E-02
    47.9000       4.17395018E-02       4.10238130E-02       4.72147766E-02
    48.0000       4.17336847E-02       4.10276471E-02       4.71847905E-02
    48.1000       4.17279236E-02       4.10257210E-02       4.71550042E-02
    48.2000       4.17222161E-02       4.10122183E-02       4.71254219E-02
    48.3000       4.17165614E-02       4.10120741E-02       4.70960469E-02
    48.4000       4.17109542E-02       4.10096982E-02       4.70668813E-02
    48.5000       4.17053933E-02       4.09983151E-02       4.70379263E-02
    48.6000       4.16998733E-02       4.10018227E-02       4.70091823E-02
    48.7000       4.16943920E-02       4.09920471E-02       4.69806486E-02
    48.8000       4.16889464E-02       4.09896642E-02       4.69523234E-02
    48.9000       4.16835345E-02       4.09938807E-02       4.69242043E-02
    49.0000       4.16781524E-02       4.09897380E-02       4.68962878E-02
    49.1000       4.16728003E-02       4.09891853E-02       4.68685698E-02
    49.2000       4.16674761E-02       4.09777315E-02       4.68410454E-02
    49.3000       4.16621782E-02       4.09711996E-02       4.68137089E-02
    49.4000       4.16569029E-02       4.09659324E-02       4.67865542E-02
    49.5000       4.16516438E-02       4.09721301E-02       4.67595746E-02
    49.6000       4.16463989E-02       4.09649647E-02       4.67327631E-02
    49.7000       4.16411657E-02       4.09756067E-02       4.67061124E-02
    49.8000       4.16359448E-02       4.09564082E-02       4.66796148E-02
    49.9000       4.16307352E-02       4.09523182E-02       4.66532628E-02
    50.0000       4.16255335E-02       4.09467672E-02       4.66270487E-02
    50.1000       4.16203389E-02       4.09558643E-02       4.66009649E-02
    50.2000       4.16151522E-02       4.09393975E-02       4.65750040E-02
    50.3000       4.16099734E-02       4.09443441E-02       4.65491588E-02
    50.4000       4.16048010E-02       4.09435733E-02       4.65234223E-02
    50.5000       4.15996367E-02       4.09360354E-02       4.64977882E-02
    50.6000       4.15944836E-02       4.09322423E-02       4.64722502E-02
    50.7000       4.15893406E-02       4.09356800E-02       4.64468028E-02
    50.8000       4.15842091E-02       4.09299343E-02       4.64214409E-02
    50.9000       4.15790886E-02       4.09237528E-02       4.63961599E-02
    51.0000       4.15739802E-02       4.09163718E-02       4.63709558E-02
    51.1000       4.15688832E-02       4.09135214E-02       4.63458251E-02
    51.2000       4.15638016E-02       4.09147228E-02       4.63207649E-02
    51.3000       4.15587352E-02       4.09026647E-02       4.62957730E-02
    51.4000       4.15536860E-02       4.08982760E-02       4.62708475E-02
    51.5000       4.15486564E-02       4.09087667E-02       4.62459872E-02
    51.6000       4.15436479E-02       4.09032499E-02       4.62211914E-02
    51.7000       4.15386612E-02       4.08989608E-02       4.61964597E-02
    51.8000       4.15336974E-02       4.08963170E-02       4.61717923E-02
    51.9000       4.15287572E-02       4.08941621E-02       4.61471898E-02
    52.0000       4.15238399E-02       4.08884635E-02       4.61226530E-02
    52.1000       4.15189492E-02       4.08869978E-02       4.60981832E-02
    52.2000       4.15140854E-02       4.08870623E-02       4.60737818E-02
    52.3000       4.15092459E-02       4.08789514E-02       4.60494504E-02
    52.4000       4.15044322E-02       4.08732062E-02       4.60251911E-02
    52.5000       4.14996456E-02       4.08741697E-02       4.60010056E-02
    52.6000       4.14948877E-02       4.08663203E-02       4.59768961E-02
    52.7000       4.14901589E-02       4.08666020E-02       4.59528648E-02
    52.8000       4.14854595E-02       4.08630723E-02       4.59289139E-02
    52.9000       4.14807894E-02       4.08630409E-02       4.59050454E-02
    53.0000       4.14761469E-02       4.08600151E-02       4.58812616E-02
    53.1000       4.14715349E-02       4.08598903E-02       4.58575644E-02
    53.2000       4.14669545E-02       4.08469999E-02       4.58339558E-02
    53.3000       4.14624048E-02       4.08507099E-02       4.58104379E-02
    53.4000       4.14578876E-02       4.08434180E-02       4.57870122E-02
    53.5000       4.14534018E-02       4.08530111E-02       4.57636806E-02
    53.6000       4.14489481E-02       4.08421616E-02       4.57404444E-02
    53.7000       4.14445249E-02       4.08434696E-02       4.57173051E-02
    53.8000       4.14401321E-02       4.08319708E-02       4.56942638E-02
    53.9000       4.14357699E-02       4.08268485E-02       4.56713218E-02
    54.0000       4.14314377E-02       4.08273999E-02       4.56484800E-02
    54.1000       4.14271323E-02       4.08252862E-02       4.56257392E-02
    54.2000       4.14228545E-02       4.08265600E-02       4.56031002E-02
    54.3000       4.14186033E-02       4.08228634E-02       4.55805637E-02
    54.4000       4.14143777E-02       4.08278775E-02       4.55581302E-02
    54.5000       4.14101788E-02       4.08183146E-02       4.55358000E-02
    54.6000       4.14060035E-02       4.08201750E-02       4.55135738E-02
    54.7000       4.14018499E-02       4.08122416E-02       4.54914517E-02
    54.8000       4.13977170E-02       4.08146911E-02       4.54694341E-02
    54.9000       4.13936046E-02       4.08100802E-02       4.54475212E-02
    55.0000       4.13895126E-02       4.08031886E-02       4.54257132E-02
    55.1000       4.13854390E-02       4.08057981E-02       4.54040103E-02
    55.2000       4.13813852E-02       4.08082029E-02       4.53824127E-02
    55.3000       4.13773506E-02       4.07975139E-02       4.53609206E-02
    55.4000       4.13733352E-02       4.08022901E-02       4.53395343E-02
    55.5000       4.13693392E-02       4.07974651E-02       4.53182540E-02
    55.6000       4.13653635E-02       4.07934863E-02       4.52970799E-02
    55.7000       4.13614083E-02       4.07940911E-02       4.52760123E-02
    55.8000       4.13574743E-02       4.07921714E-02       4.52550516E-02
    55.9000       4.13535620E-02       4.07860226E-02       4.52341982E-02
    56.0000       4.13496725E-02       4.07893286E-02       4.52134524E-02
    56.1000       4.13458054E-02       4.07856109E-02       4.51928147E-02
    56.2000       4.13419636E-02       4.07828786E-02       4.51722855E-02
    56.3000       4.13381466E-02       4.07821875E-02       4.51518654E-02
    56.4000       4.13343556E-02       4.07735465E-02       4.51315549E-02
    56.5000       4.13305907E-02       4.07654113E-02       4.51113545E-02
    56.6000       4.13268533E-02       4.07701625E-02       4.50912648E-02
    56.7000       4.13231426E-02       4.07663746E-02       4.50712863E-02
    56.8000       4.13194590E-02       4.07670026E-02       4.50514197E-02
    56.9000       4.13158046E-02       4.07676811E-02       4.50316653E-02
    57.0000       4.13121793E-02       4.07643446E-02       4.50120237E-02
    57.1000       4.13085847E-02       4.07644724E-02       4.49924954E-02
    57.2000       4.13050197E-02       4.07571444E-02       4.49730806E-02
    57.3000       4.13014834E-02       4.07627354E-02       4.49537799E-02
    57.4000       4.12979746E-02       4.07610744E-02       4.49345933E-02
    57.5000       4.12944941E-02       4.07598283E-02       4.49155211E-02
    57.6000       4.12910409E-02       4.07534321E-02       4.48965632E-02
    57.7000       4.12876155E-02       4.07493383E-02       4.48777194E-02
    57.8000       4.12842164E-02       4.07492397E-02       4.48589897E-02
    57.9000       4.12808426E-02       4.07468116E-02       4.48403737E-02
    58.0000       4.12774919E-02       4.07479285E-02       4.48218708E-02
    58.1000       4.12741637E-02       4.07479359E-02       4.48034804E-02
    58.2000       4.12708564E-02       4.07397170E-02       4.47852016E-02
    58.3000       4.12675665E-02       4.07427442E-02       4.47670335E-02
    58.4000       4.12642937E-02       4.07439328E-02       4.47489748E-02
    58.5000       4.12610371E-02       4.07422633E-02       4.47310244E-02
    58.6000       4.12577950E-02       4.07372007E-02       4.47131806E-02
    58.7000       4.12545655E-02       4.07321291E-02       4.46954421E-02
    58.8000       4.12513444E-02       4.07369674E-02       4.46778070E-02
    58.9000       4.12481307E-02       4.07325408E-02       4.46602735E-02
    59.0000       4.12449252E-02       4.07327076E-02       4.46428398E-02
    59.1000       4.12417252E-02       4.07423293E-02       4.46255036E-02
    59.2000       4.12385302E-02       4.07322613E-02       4.46082630E-02
    59.3000       4.12353386E-02       4.07275417E-02       4.45911157E-02
    59.4000       4.12321497E-02       4.07241876E-02       4.45740596E-02
    59.5000       4.12289633E-02       4.07266368E-02       4.45570923E-02
    59.6000       4.12257786E-02       4.07183129E-02       4.45402116E-02
    59.7000       4.12225953E-02       4.07199974E-02       4.45234152E-02
    59.8000       4.12194121E-02       4.07242883E-02       4.45067008E-02
    59.9000       4.12162280E-02       4.07129858E-02       4.44900663E-02
    60.0000       4.12130435E-02       4.07121106E-02       4.44735095E-02
    60.1000       4.12098597E-02       4.07095342E-02       4.44570281E-02
    60.2000       4.12066773E-02       4.07083357E-02       4.44406203E-02
    60.3000       4.12034970E-02       4.07109216E-02       4.44242840E-02
    60.4000       4.12003205E-02       4.07073693E-02       4.44080175E-02
    60.5000       4.11971492E-02       4.07090485E-02       4.43918190E-02
    60.6000       4.11939841E-02       4.07092040E-02       4.43756869E-02
    60.7000       4.11908277E-02       4.07028262E-02       4.43596197E-02
    60.8000       4.11876814E-02       4.07078545E-02       4.43436162E-02
    60.9000       4.11845458E-02       4.06988548E-02       4.43276751E-02
    61.0000       4.11814245E-02       4.06988997E-02       4.43117954E-02
    61.1000       4.11783184E-02       4.06977415E-02       4.42959763E-02
    61.2000       4.11752309E-02       4.06981368E-02       4.42802169E-02
    61.3000       4.11721638E-02       4.06972707E-02       4.42645168E-02
    61.4000       4.11691180E-02       4.06983045E-02       4.42488755E-02
    61.5000       4.11660944E-02       4.06961795E-02       4.42332927E-02
    61.6000       4.11630956E-02       4.06932285E-02       4.42177681E-02
    61.7000       4.11601219E-02       4.06913073E-02       4.42023017E-02
    61.8000       4.11571720E-02       4.06874703E-02       4.41868935E-02
    61.9000       4.11542471E-02       4.06921296E-02       4.41715436E-02
    62.0000       4.11513481E-02       4.06864186E-02       4.41562522E-02
    62.1000       4.11484752E-02       4.06794033E-02       4.41410194E-02
    62.2000       4.11456285E-02       4.06804487E-02       4.41258456E-02
    62.3000       4.11428079E-02       4.06814857E-02       4.41107312E-02
    62.4000       4.11400113E-02       4.06830488E-02       4.40956764E-02
    62.5000       4.11372365E-02       4.06818571E-02       4.40806816E-02
    62.6000       4.11344826E-02       4.06721238E-02       4.40657472E-02
    62.7000       4.11317486E-02       4.06769725E-02       4.40508734E-02
    62.8000       4.11290319E-02       4.06797116E-02       4.40360606E-02
    62.9000       4.11263324E-02       4.06754965E-02       4.40213089E-02
    63.0000       4.11236494E-02       4.06710253E-02       4.40066188E-02
    63.1000       4.11209818E-02       4.06711277E-02       4.39919904E-02
    63.2000       4.11183290E-02       4.06665458E-02       4.39774238E-02
    63.3000       4.11156885E-02       4.06710114E-02       4.39629193E-02
    63.4000       4.11130588E-02       4.06683899E-02       4.39484770E-02
    63.5000       4.11104392E-02       4.06610153E-02       4.39340969E-02
    63.6000       4.11078280E-02       4.06641045E-02       4.39197792E-02
    63.7000       4.11052238E-02       4.06623437E-02       4.39055238E-02
    63.8000       4.11026248E-02       4.06618977E-02       4.38913307E-02
    63.9000       4.11000319E-02       4.06596992E-02       4.38772000E-02
    64.0000       4.10974448E-02       4.06595299E-02       4.38631317E-02
    64.1000       4.10948633E-02       4.06554744E-02       4.38491259E-02
    64.2000       4.10922869E-02       4.06545247E-02       4.38351825E-02
    64.3000       4.10897163E-02       4.06597171E-02       4.38213016E-02
    64.4000       4.10871508E-02       4.06550575E-02       4.38074833E-02
    64.5000       4.10845915E-02       4.06477975E-02       4.37937278E-02
    64.6000       4.10820390E-02       4.06502230E-02       4.37800352E-02
    64.7000       4.10794952E-02       4.06512143E-02       4.37664057E-02
    64.8000       4.10769594E-02       4.06477583E-02       4.37528396E-02
    64.9000       4.10744334E-02       4.06519141E-02       4.37393373E-02
    65.0000       4.10719181E-02       4.06464499E-02       4.37258990E-02
    65.1000       4.10694150E-02       4.06525974E-02       4.37125253E-02
    65.2000       4.10669262E-02       4.06453036E-02       4.36992166E-02
    65.3000       4.10644522E-02       4.06484936E-02       4.36859735E-02
    65.4000       4.10619938E-02       4.06413185E-02       4.36727964E-02
    65.5000       4.10595518E-02       4.06455066E-02       4.36596862E-02
    65.6000       4.10571277E-02       4.06430700E-02       4.36466433E-02
    65.7000       4.10547228E-02       4.06453824E-02       4.36336686E-02
    65.8000       4.10523371E-02       4.06380095E-02       4.36207625E-02
    65.9000       4.10499719E-02       4.06404367E-02       4.36079259E-02
    66.0000       4.10476282E-02       4.06372331E-02       4.35951595E-02
    66.1000       4.10453063E-02       4.06325127E-02       4.35824639E-02
    66.2000       4.10430052E-02       4.06385706E-02       4.35698397E-02
    66.3000       4.10407253E-02       4.06351654E-02       4.35572876E-02
    66.4000       4.10384668E-02       4.06365388E-02       4.35448079E-02
    66.5000       4.10362292E-02       4.06323677E-02       4.35324013E-02
    66.6000       4.10340118E-02       4.06334278E-02       4.35200681E-02
    66.7000       4.10318147E-02       4.06327045E-02       4.35078086E-02
    66.8000       4.10296368E-02       4.06324171E-02       4.34956230E-02
    66.9000       4.10274769E-02       4.06307263E-02       4.34835115E-02
    67.0000       4.10253347E-02       4.06277055E-02       4.34714741E-02
    67.1000       4.10232074E-02       4.06254951E-02       4.34595107E-02
    67.2000       4.10210944E-02       4.06233932E-02       4.34476212E-02
    67.3000       4.10189959E-02       4.06279119E-02       4.34358051E-02
    67.4000       4.10169107E-02       4.06234725E-02       4.34240623E-02
    67.5000       4.10148377E-02       4.06219506E-02       4.34123921E-02
    67.6000       4.10127764E-02       4.06236734E-02       4.34007939E-02
    67.7000       4.10107254E-02       4.06258357E-02       4.33892671E-02
    67.8000       4.10086843E-02       4.06243144E-02       4.33778109E-02
    67.9000       4.10066510E-02       4.06216659E-02       4.33664243E-02
    68.0000       4.10046242E-02       4.06247168E-02       4.33551064E-02
    68.1000       4.10026023E-02       4.06209057E-02       4.33438561E-02
    68.2000       4.10005849E-02       4.06207553E-02       4.33326723E-02
    68.3000       4.09985713E-02       4.06190810E-02       4.33215538E-02
    68.4000       4.09965615E-02       4.06200220E-02       4.33104992E-02
    68.5000       4.09945536E-02       4.06190837E-02       4.32995073E-02
    68.6000       4.09925470E-02       4.06169903E-02       4.32885767E-02
    68.7000       4.09905408E-02       4.06233155E-02       4.32777058E-02
    68.8000       4.09885344E-02       4.06143937E-02       4.32668932E-02
    68.9000       4.09865279E-02       4.06126837E-02       4.32561372E-02
    69.0000       4.09845206E-02       4.06159001E-02       4.32454364E-02
    69.1000       4.09825128E-02       4.06095990E-02       4.32347891E-02
    69.2000       4.09805044E-02       4.06114328E-02       4.32241935E-02
    69.3000       4.09784963E-02       4.06105874E-02       4.32136481E-02
    69.4000       4.09764879E-02       4.06100585E-02       4.32031511E-02
    69.5000       4.09744795E-02       4.06126534E-02       4.31927008E-02
    69.6000       4.09724716E-02       4.06062614E-02       4.31822954E-02
    69.7000       4.09704651E-02       4.06117209E-02       4.31719333E-02
    69.8000       4.09684616E-02       4.06112460E-02       4.31616127E-02
    69.9000       4.09664624E-02       4.06055699E-02       4.31513319E-02
    70.0000       4.09644690E-02       4.06118310E-02       4.31410893E-02
    70.1000       4.09624805E-02       4.06060433E-02       4.31308833E-02
    70.2000       4.09604978E-02       4.06057878E-02       4.31207125E-02
    70.3000       4.09585230E-02       4.06084568E-02       4.31105752E-02
    70.4000       4.09565571E-02       4.06051863E-02       4.31004702E-02
    70.5000       4.09546008E-02       4.05998634E-02       4.30903962E-02
    70.6000       4.09526556E-02       4.06060731E-02       4.30803521E-02
    70.7000       4.09507236E-02       4.06048087E-02       4.30703368E-02
    70.8000       4.09488054E-02       4.05966756E-02       4.30603497E-02
    70.9000       4.09469014E-02       4.05999298E-02       4.30503899E-02
    71.0000       4.09450122E-02       4.05998653E-02       4.30404569E-02
    71.1000       4.09431390E-02       4.05965922E-02       4.30305506E-02
    71.2000       4.09412816E-02       4.05940451E-02       4.30206706E-02
    71.3000       4.09394406E-02       4.05989140E-02       4.30108172E-02
    71.4000       4.09376178E-02       4.06032912E-02       4.30009906E-02
    71.5000       4.09358121E-02       4.05998943E-02       4.29911913E-02
    71.6000       4.09340230E-02       4.05927115E-02       4.29814200E-02
    71.7000       4.09322499E-02       4.05930351E-02       4.29716775E-02
    71.8000       4.09304945E-02       4.05916829E-02       4.29619649E-02
    71.9000       4.09287551E-02       4.05967675E-02       4.29522835E-02
    72.0000       4.09270316E-02       4.05937147E-02       4.29426347E-02
    72.1000       4.09253238E-02       4.05898183E-02       4.29330200E-02
    72.2000       4.09236308E-02       4.05920797E-02       4.29234410E-02
    72.3000       4.09219531E-02       4.05953650E-02       4.29138996E-02
    72.4000       4.09202888E-02       4.05930241E-02       4.29043975E-02
    72.5000       4.09186386E-02       4.05910448E-02       4.28949367E-02
    72.6000       4.09170016E-02       4.05864604E-02       4.28855191E-02
    72.7000       4.09153778E-02       4.05863894E-02       4.28761467E-02
    72.8000       4.09137665E-02       4.05878085E-02       4.28668213E-02
    72.9000       4.09121673E-02       4.05883683E-02       4.28575447E-02
    73.0000       4.09105794E-02       4.05836071E-02       4.28483188E-02
    73.1000       4.09090014E-02       4.05887385E-02       4.28391452E-02
    73.2000       4.09074332E-02       4.05868587E-02       4.28300254E-02
    73.3000       4.09058745E-02       4.05872970E-02       4.28209609E-02
    73.4000       4.09043234E-02       4.05850405E-02       4.28119528E-02
    73.5000       4.09027791E-02       4.05845677E-02       4.28030023E-02
    73.6000       4.09012412E-02       4.05831301E-02       4.27941102E-02
    73.7000       4.08997087E-02       4.05886530E-02       4.27852772E-02
    73.8000       4.08981820E-02       4.05792783E-02       4.27765038E-02
    73.9000       4.08966606E-02       4.05866543E-02       4.27677901E-02
    74.0000       4.08951438E-02       4.05854648E-02       4.27591363E-02
    74.1000       4.08936324E-02       4.05810931E-02       4.27505421E-02
    74.2000       4.08921262E-02       4.05805521E-02       4.27420073E-02
    74.3000       4.08906236E-02       4.05790168E-02       4.27335314E-02
    74.4000       4.08891253E-02       4.05814211E-02       4.27251135E-02
    74.5000       4.08876318E-02       4.05857010E-02       4.27167529E-02
    74.6000       4.08861418E-02       4.05855235E-02       4.27084485E-02
    74.7000       4.08846551E-02       4.05776309E-02       4.27001993E-02
    74.8000       4.08831721E-02       4.05781300E-02       4.26920039E-02
    74.9000       4.08816931E-02       4.05759539E-02       4.26838612E-02
    75.0000       4.08802188E-02       4.05781658E-02       4.26757697E-02
    75.1000       4.08787499E-02       4.05723799E-02       4.26677280E-02
    75.2000       4.08772859E-02       4.05746643E-02       4.26597349E-02
    75.3000       4.08758272E-02       4.05761116E-02       4.26517888E-02
    75.4000       4.08743749E-02       4.05722148E-02       4.26438885E-02
    75.5000       4.08729294E-02       4.05791080E-02       4.26360327E-02
    75.6000       4.08714905E-02       4.05771168E-02       4.26282202E-02
    75.7000       4.08700584E-02       4.05766873E-02       4.26204497E-02
    75.8000       4.08686338E-02       4.05698299E-02       4.26127204E-02
    75.9000       4.08672166E-02       4.05743920E-02       4.26050312E-02
    76.0000       4.08658077E-02       4.05708513E-02       4.25973813E-02
    76.1000       4.08644062E-02       4.05749207E-02       4.25897701E-02
    76.2000       4.08630126E-02       4.05730715E-02       4.25821968E-02
    76.3000       4.08616271E-02       4.05697556E-02       4.25746610E-02
    76.4000       4.08602500E-02       4.05697786E-02       4.25671624E-02
    76.5000       4.08588817E-02       4.05710288E-02       4.25597005E-02
    76.6000       4.08575221E-02       4.05715702E-02       4.25522752E-02
    76.7000       4.08561707E-02       4.05720517E-02       4.25448863E-02
    76.8000       4.08548275E-02       4.05698054E-02       4.25375337E-02
    76.9000       4.08534924E-02       4.05693311E-02       4.25302175E-02
    77.0000       4.08521659E-02       4.05710048E-02       4.25229374E-02
    77.1000       4.08508482E-02       4.05716911E-02       4.25156936E-02
    77.2000       4.08495388E-02       4.05683416E-02       4.25084860E-02
    77.3000       4.08482375E-02       4.05705100E-02       4.25013146E-02
    77.4000       4.08469425E-02       4.05660377E-02       4.24941793E-02
    77.5000       4.08456540E-02       4.05688727E-02       4.24870801E-02
    77.6000       4.08443727E-02       4.05694524E-02       4.24800167E-02
    77.7000       4.08430966E-02       4.05707165E-02       4.24729890E-02
    77.8000       4.08418245E-02       4.05686759E-02       4.24659967E-02
    77.9000       4.08405565E-02       4.05684102E-02       4.24590394E-02
    78.0000       4.08392933E-02       4.05699501E-02       4.24521168E-02
    78.1000       4.08380348E-02       4.05690604E-02       4.24452284E-02
    78.2000       4.08367808E-02       4.05681714E-02       4.24383736E-02
    78.3000       4.08355302E-02       4.05660605E-02       4.24315519E-02
    78.4000       4.08342829E-02       4.05660705E-02       4.24247625E-02
    78.5000       4.08330387E-02       4.05625909E-02       4.24180048E-02
    78.6000       4.08317973E-02       4.05636805E-02       4.24112780E-02
    78.7000       4.08305584E-02       4.05625561E-02       4.24045814E-02
    78.8000       4.08293229E-02       4.05662386E-02       4.23979142E-02
    78.9000       4.08280903E-02       4.05626174E-02       4.23912755E-02
    79.0000       4.08268601E-02       4.05610524E-02       4.23846647E-02
    79.1000       4.08256328E-02       4.05627087E-02       4.23780810E-02
    79.2000       4.08244077E-02       4.05618439E-02       4.23715238E-02
    79.3000       4.08231850E-02       4.05671874E-02       4.23649923E-02
    79.4000       4.08219661E-02       4.05606269E-02       4.23584860E-02
    79.5000       4.08207510E-02       4.05626540E-02       4.23520046E-02
    79.6000       4.08195398E-02       4.05636837E-02       4.23455475E-02
    79.7000       4.08183339E-02       4.05666676E-02       4.23391145E-02
    79.8000       4.08171335E-02       4.05595601E-02       4.23327054E-02
    79.9000       4.08159397E-02       4.05583020E-02       4.23263201E-02
    80.0000       4.08147527E-02       4.05570854E-02       4.23199587E-02
    80.1000       4.08135735E-02       4.05582439E-02       4.23136213E-02
    80.2000       4.08124013E-02       4.05614820E-02       4.23073082E-02
    80.3000       4.08112377E-02       4.05610331E-02       4.23010197E-02
    80.4000       4.08100830E-02       4.05606666E-02       4.22947562E-02
    80.5000       4.08089369E-02       4.05594285E-02       4.22885183E-02
    80.6000       4.08077990E-02       4.05616283E-02       4.22823067E-02
    80.7000       4.08066708E-02       4.05585046E-02       4.22761220E-02
    80.8000       4.08055516E-02       4.05575937E-02       4.22699649E-02
    80.9000       4.08044417E-02       4.05577365E-02       4.22638364E-02
    81.0000       4.08033405E-02       4.05600835E-02       4.22577371E-02
    81.1000       4.08022488E-02       4.05600442E-02       4.22516681E-02
    81.2000       4.08011671E-02       4.05577965E-02       4.22456302E-02
    81.3000       4.08000939E-02       4.05580784E-02       4.22396242E-02
    81.4000       4.07990293E-02       4.05546152E-02       4.22336510E-02
    81.5000       4.07979725E-02       4.05565526E-02       4.22277114E-02
    81.6000       4.07969232E-02       4.05591303E-02       4.22218062E-02
    81.7000       4.07958809E-02       4.05567596E-02       4.22159361E-02
    81.8000       4.07948457E-02       4.05594593E-02       4.22101019E-02
    81.9000       4.07938167E-02       4.05553171E-02       4.22043042E-02
    82.0000       4.07927942E-02       4.05539939E-02       4.21985435E-02
    82.1000       4.07917779E-02       4.05548760E-02       4.21928202E-02
    82.2000       4.07907674E-02       4.05555271E-02       4.21871347E-02
    82.3000       4.07897622E-02       4.05537687E-02       4.21814874E-02
    82.4000       4.07887622E-02       4.05570857E-02       4.21758784E-02
    82.5000       4.07877664E-02       4.05507963E-02       4.21703078E-02
    82.6000       4.07867741E-02       4.05558900E-02       4.21647757E-02
    82.7000       4.07857848E-02       4.05531334E-02       4.21592820E-02
    82.8000       4.07847981E-02       4.05550565E-02       4.21538266E-02
    82.9000       4.07838124E-02       4.05539887E-02       4.21484091E-02
    83.0000       4.07828281E-02       4.05519035E-02       4.21430293E-02
    83.1000       4.07818452E-02       4.05538873E-02       4.21376868E-02
    83.2000       4.07808629E-02       4.05547696E-02       4.21323811E-02
    83.3000       4.07798823E-02       4.05540944E-02       4.21271116E-02
    83.4000       4.07789031E-02       4.05516448E-02       4.21218778E-02
    83.5000       4.07779247E-02       4.05550090E-02       4.21166791E-02
    83.6000       4.07769463E-02       4.05541383E-02       4.21115146E-02
    83.7000       4.07759686E-02       4.05526893E-02       4.21063837E-02
    83.8000       4.07749915E-02       4.05527772E-02       4.21012856E-02
    83.9000       4.07740159E-02       4.05509904E-02       4.20962195E-02
    84.0000       4.07730418E-02       4.05540197E-02       4.20911846E-02
    84.1000       4.07720693E-02       4.05496667E-02       4.20861801E-02
    84.2000       4.07710984E-02       4.05507883E-02       4.20812050E-02
    84.3000       4.07701303E-02       4.05529312E-02       4.20762586E-02
    84.4000       4.07691651E-02       4.05554674E-02       4.20713400E-02
    84.5000       4.07682031E-02       4.05517909E-02       4.20664484E-02
    84.6000       4.07672446E-02       4.05512101E-02       4.20615829E-02
    84.7000       4.07662895E-02       4.05505368E-02       4.20567429E-02
    84.8000       4.07653390E-02       4.05510025E-02       4.20519274E-02
    84.9000       4.07643933E-02       4.05516173E-02       4.20471359E-02
    85.0000       4.07634525E-02       4.05547416E-02       4.20423675E-02
    85.1000       4.07625171E-02       4.05483900E-02       4.20376218E-02
    85.2000       4.07615871E-02       4.05495042E-02       4.20328979E-02
    85.3000       4.07606631E-02       4.05518091E-02       4.20281955E-02
    85.4000       4.07597451E-02       4.05477083E-02       4.20235141E-02
    85.5000       4.07588332E-02       4.05501706E-02       4.20188531E-02
    85.6000       4.07579268E-02       4.05469372E-02       4.20142123E-02
    85.7000       4.07570262E-02       4.05476025E-02       4.20095913E-02
    85.8000       4.07561317E-02       4.05482059E-02       4.20049899E-02
    85.9000       4.07552430E-02       4.05465735E-02       4.20004078E-02
    86.0000       4.07543599E-02       4.05475577E-02       4.19958450E-02
    86.1000       4.07534827E-02       4.05475129E-02       4.19913013E-02
    86.2000       4.07526105E-02       4.05471623E-02       4.19867768E-02
    86.3000       4.07517432E-02       4.05465307E-02       4.19822714E-02
    86.4000       4.07508806E-02       4.05448332E-02       4.19777852E-02
    86.5000       4.07500220E-02       4.05495794E-02       4.19733184E-02
    86.6000       4.07491668E-02       4.05469439E-02       4.19688710E-02
    86.7000       4.07483152E-02       4.05478447E-02       4.19644434E-02
    86.8000       4.07474668E-02       4.05464878E-02       4.19600356E-02
    86.9000       4.07466217E-02       4.05484433E-02       4.19556479E-02
    87.0000       4.07457797E-02       4.05467759E-02       4.19512806E-02
    87.1000       4.07449400E-02       4.05450843E-02       4.19469340E-02
    87.2000       4.07441028E-02       4.05438974E-02       4.19426082E-02
    87.3000       4.07432687E-02       4.05460558E-02       4.19383037E-02
    87.4000       4.07424370E-02       4.05439672E-02       4.19340205E-02
    87.5000       4.07416078E-02       4.05492039E-02       4.19297590E-02
    87.6000       4.07407803E-02       4.05453409E-02       4.19255194E-02
    87.7000       4.07399550E-02       4.05462375E-02       4.19213018E-02
    87.8000       4.07391313E-02       4.05448634E-02       4.19171064E-02
    87.9000       4.07383094E-02       4.05472365E-02       4.19129333E-02
    88.0000       4.07374894E-02       4.05456100E-02       4.19087827E-02
    88.1000       4.07366709E-02       4.05433463E-02       4.19046546E-02
    88.2000       4.07358546E-02       4.05450880E-02       4.19005490E-02
    88.3000       4.07350408E-02       4.05467532E-02       4.18964659E-02
    88.4000       4.07342293E-02       4.05444208E-02       4.18924052E-02
    88.5000       4.07334206E-02       4.05447325E-02       4.18883669E-02
    88.6000       4.07326139E-02       4.05432721E-02       4.18843509E-02
    88.7000       4.07318101E-02       4.05433341E-02       4.18803569E-02
    88.8000       4.07310089E-02       4.05408686E-02       4.18763849E-02
    88.9000       4.07302110E-02       4.05441331E-02       4.18724346E-02
    89.0000       4.07294162E-02       4.05439897E-02       4.18685058E-02
    89.1000       4.07286248E-02       4.05446812E-02       4.18645982E-02
    89.2000       4.07278364E-02       4.05429519E-02       4.18607117E-02
    89.3000       4.07270514E-02       4.05445574E-02       4.18568459E-02
    89.4000       4.07262702E-02       4.05437478E-02       4.18530007E-02
    89.5000       4.07254931E-02       4.05414219E-02       4.18491757E-02
    89.6000       4.07247195E-02       4.05416143E-02       4.18453708E-02
    89.7000       4.07239497E-02       4.05423375E-02       4.18415856E-02
    89.8000       4.07231837E-02       4.05423510E-02       4.18378201E-02
    89.9000       4.07224214E-02       4.05426353E-02       4.18340739E-02
    90.0000       4.07216628E-02       4.05445070E-02       4.18303471E-02
    90.1000       4.07209087E-02       4.05404955E-02       4.18266393E-02
    90.2000       4.07201582E-02       4.05410810E-02       4.18229506E-02
    90.3000       4.07194117E-02       4.05415770E-02       4.18192809E-02
    90.4000       4.07186690E-02       4.05412351E-02       4.18156301E-02
    90.5000       4.07179302E-02       4.05432825E-02       4.18119981E-02
    90.6000       4.07171951E-02       4.05388606E-02       4.18083851E-02
    90.7000       4.07164632E-02       4.05419401E-02       4.18047910E-02
    90.8000       4.07157345E-02       4.05414493E-02       4.18012159E-02
    90.9000       4.07150093E-02       4.05403934E-02       4.17976598E-02
    91.0000       4.07142871E-02       4.05414793E-02       4.17941229E-02
    91.1000       4.07135675E-02       4.05409830E-02       4.17906051E-02
    91.2000       4.07128510E-02       4.05409490E-02       4.17871066E-02
    91.3000       4.07121373E-02       4.05431137E-02       4.17836275E-02
    91.4000       4.07114262E-02       4.05412282E-02       4.17801678E-02
    91.5000       4.07107170E-02       4.05453740E-02       4.17767276E-02
    91.6000       4.07100097E-02       4.05397935E-02       4.17733070E-02
    91.7000       4.07093043E-02       4.05409583E-02       4.17699060E-02
    91.8000       4.07086003E-02       4.05387983E-02       4.17665245E-02
    91.9000       4.07078984E-02       4.05409383E-02       4.17631627E-02
    92.0000       4.07071986E-02       4.05420321E-02       4.17598204E-02
    92.1000       4.07065009E-02       4.05411006E-02       4.17564976E-02
    92.2000       4.07058045E-02       4.05395488E-02       4.17531941E-02
    92.3000       4.07051098E-02       4.05393029E-02       4.17499098E-02
    92.4000       4.07044162E-02       4.05413702E-02       4.17466447E-02
    92.5000       4.07037237E-02       4.05402029E-02       4.17433983E-02
    92.6000       4.07030327E-02       4.05406460E-02       4.17401707E-02
    92.7000       4.07023432E-02       4.05382196E-02       4.17369613E-02
    92.8000       4.07016558E-02       4.05378568E-02       4.17337701E-02
    92.9000       4.07009701E-02       4.05409696E-02       4.17305967E-02
    93.0000       4.07002856E-02       4.05405294E-02       4.17274408E-02
    93.1000       4.06996027E-02       4.05393866E-02       4.17243020E-02
    93.2000       4.06989216E-02       4.05370899E-02       4.17211801E-02
    93.3000       4.06982421E-02       4.05380310E-02       4.17180746E-02
    93.4000       4.06975640E-02       4.05386911E-02       4.17149853E-02
    93.5000       4.06968876E-02       4.05367715E-02       4.17119118E-02
    93.6000       4.06962130E-02       4.05368264E-02       4.17088537E-02
    93.7000       4.06955403E-02       4.05362997E-02       4.17058108E-02
    93.8000       4.06948697E-02       4.05361811E-02       4.17027827E-02
    93.9000       4.06942010E-02       4.05369958E-02       4.16997691E-02
    94.0000       4.06935351E-02       4.05399276E-02       4.16967699E-02
    94.1000       4.06928720E-02       4.05389706E-02       4.16937847E-02
    94.2000       4.06922109E-02       4.05369447E-02       4.16908133E-02
    94.3000       4.06915526E-02       4.05364224E-02       4.16878555E-02
    94.4000       4.06908972E-02       4.05380757E-02       4.16849112E-02
    94.5000       4.06902453E-02       4.05356984E-02       4.16819803E-02
    94.6000       4.06895966E-02       4.05348900E-02       4.16790626E-02
    94.7000       4.06889508E-02       4.05371917E-02       4.16761580E-02
    94.8000       4.06883076E-02       4.05363153E-02       4.16732665E-02
    94.9000       4.06876673E-02       4.05346348E-02       4.16703881E-02
    95.0000       4.06870304E-02       4.05352874E-02       4.16675227E-02
    95.1000       4.06863960E-02       4.05369121E-02       4.16646704E-02
    95.2000       4.06857643E-02       4.05352976E-02       4.16618311E-02
    95.3000       4.06851350E-02       4.05380375E-02       4.16590050E-02
    95.4000       4.06845085E-02       4.05353825E-02       4.16561920E-02
    95.5000       4.06838849E-02       4.05370111E-02       4.16533922E-02
    95.6000       4.06832640E-02       4.05351875E-02       4.16506057E-02
    95.7000       4.06826457E-02       4.05364998E-02       4.16478324E-02
    95.8000       4.06820302E-02       4.05354932E-02       4.16450726E-02
    95.9000       4.06814169E-02       4.05332737E-02       4.16423261E-02
    96.0000       4.06808059E-02       4.05352941E-02       4.16395931E-02
    96.1000       4.06801970E-02       4.05339170E-02       4.16368736E-02
    96.2000       4.06795901E-02       4.05351463E-02       4.16341676E-02
    96.3000       4.06789852E-02       4.05353182E-02       4.16314751E-02
    96.4000       4.06783825E-02       4.05347653E-02       4.16287961E-02
    96.5000       4.06777819E-02       4.05342856E-02       4.16261306E-02
    96.6000       4.06771835E-02       4.05343942E-02       4.16234785E-02
    96.7000       4.06765870E-02       4.05327429E-02       4.16208399E-02
    96.8000       4.06759924E-02       4.05343618E-02       4.16182146E-02
    96.9000       4.06753992E-02       4.05331631E-02       4.16156026E-02
    97.0000       4.06748073E-02       4.05322981E-02       4.16130039E-02
    97.1000       4.06742165E-02       4.05339503E-02       4.16104182E-02
    97.2000       4.06736266E-02       4.05332911E-02       4.16078455E-02
    97.3000       4.06730379E-02       4.05323225E-02       4.16052857E-02
    97.4000       4.06724503E-02       4.05314988E-02       4.16027386E-02
    97.5000       4.06718636E-02       4.05337917E-02       4.16002042E-02
    97.6000       4.06712777E-02       4.05340085E-02       4.15976823E-02
    97.7000       4.06706927E-02       4.05327247E-02       4.15951727E-02
    97.8000       4.06701088E-02       4.05327010E-02       4.15926754E-02
    97.9000       4.06695258E-02       4.05324486E-02       4.15901902E-02
    98.0000       4.06689433E-02       4.05322727E-02       4.15877169E-02
    98.1000       4.06683615E-02       4.05306768E-02       4.15852555E-02
    98.2000       4.06677806E-02       4.05332422E-02       4.15828058E-02
    98.3000       4.06672007E-02       4.05338196E-02       4.15803676E-02
    98.4000       4.06666217E-02       4.05336909E-02       4.15779409E-02
    98.5000       4.06660434E-02       4.05309739E-02       4.15755255E-02
    98.6000       4.06654660E-02       4.05328746E-02       4.15731213E-02
    98.7000       4.06648892E-02       4.05323146E-02       4.15707282E-02
    98.8000       4.06643139E-02       4.05315833E-02       4.15683461E-02
    98.9000       4.06637394E-02       4.05318350E-02       4.15659749E-02
    99.0000       4.06631664E-02       4.05327455E-02       4.15636146E-02
    99.1000       4.06625950E-02       4.05319709E-02       4.15612650E-02
    99.2000       4.06620254E-02       4.05318889E-02       4.15589261E-02
    99.3000       4.06614581E-02       4.05333790E-02       4.15565978E-02
    99.4000       4.06608929E-02       4.05307390E-02       4.15542801E-02
    99.5000       4.06603295E-02       4.05327332E-02       4.15519728E-02
    99.6000       4.06597681E-02       4.05302130E-02       4.15496760E-02
    99.7000       4.06592087E-02       4.05317630E-02       4.15473897E-02
    99.8000       4.06586515E-02       4.05318555E-02       4.15451137E-02
    99.9000       4.06580970E-02       4.05317374E-02       4.15428481E-02
   100.0000       4.06575450E-02       4.05288550E-02       4.15405928E-02
   100.1000       4.06569949E-02       4.05296809E-02       4.15383478E-02
   100.2000       4.06564472E-02       4.05296863E-02       4.15361132E-02
   100.3000       4.06559020E-02       4.05293971E-02       4.15338889E-02
   100.4000       4.06553589E-02       4.05323274E-02       4.15316749E-02
   100.5000       4.06548183E-02       4.05304915E-02       4.15294712E-02
   100.6000       4.06542798E-02       4.05300773E-02       4.15272778E-02
   100.7000       4.06537433E-02       4.05312865E-02       4.15250948E-02
   100.8000       4.06532092E-02       4.05292325E-02       4.15229222E-02
   100.9000       4.06526774E-02       4.05301508E-02       4.15207599E-02
   101.0000       4.06521468E-02       4.05292045E-02       4.15186080E-02
   101.1000       4.06516180E-02       4.05304373E-02       4.15164664E-02
   101.2000       4.06510905E-02       4.05275389E-02       4.15143352E-02
   101.3000       4.06505644E-02       4.05291518E-02       4.15122145E-02
   101.4000       4.06500397E-02       4.05279010E-02       4.15101041E-02
   101.5000       4.06495171E-02       4.05283300E-02       4.15080041E-02
   101.6000       4.06489957E-02       4.05289401E-02       4.15059144E-02
   101.7000       4.06484748E-02       4.05289103E-02       4.15038351E-02
   101.8000       4.06479542E-02       4.05287229E-02       4.15017660E-02
   101.9000       4.06474343E-02       4.05280774E-02       4.14997072E-02
   102.0000       4.06469154E-02       4.05276405E-02       4.14976586E-02
   102.1000       4.06463967E-02       4.05276697E-02       4.14956200E-02
   102.2000       4.06458786E-02       4.05287420E-02       4.14935915E-02
   102.3000       4.06453608E-02       4.05285580E-02       4.14915729E-02
   102.4000       4.06448438E-02       4.05290789E-02       4.14895640E-02
   102.5000       4.06443274E-02       4.05293284E-02       4.14875649E-02
   102.6000       4.06438120E-02       4.05269682E-02       4.14855752E-02
   102.7000       4.06432972E-02       4.05280507E-02       4.14835949E-02
   102.8000       4.06427832E-02       4.05278944E-02       4.14816239E-02
   102.9000       4.06422699E-02       4.05282920E-02       4.14796618E-02
   103.0000       4.06417573E-02       4.05265167E-02       4.14777087E-02
   103.1000       4.06412453E-02       4.05263131E-02       4.14757642E-02
   103.2000       4.06407344E-02       4.05278929E-02       4.14738282E-02
   103.3000       4.06402250E-02       4.05269026E-02       4.14719005E-02
   103.4000       4.06397168E-02       4.05270465E-02       4.14699809E-02
   103.5000       4.06392100E-02       4.05261627E-02       4.14680693E-02
   103.6000       4.06387046E-02       4.05270567E-02       4.14661654E-02
   103.7000       4.06382006E-02       4.05264412E-02       4.14642690E-02
   103.8000       4.06376978E-02       4.05279089E-02       4.14623801E-02
   103.9000       4.06371963E-02       4.05265732E-02       4.14604984E-02
   104.0000       4.06366958E-02       4.05258328E-02       4.14586239E-02
   104.1000       4.06361964E-02       4.05261675E-02       4.14567563E-02
   104.2000       4.06356982E-02       4.05256848E-02       4.14548957E-02
   104.3000       4.06352023E-02       4.05250019E-02       4.14530419E-02
   104.4000       4.06347084E-02       4.05254755E-02       4.14511948E-02
   104.5000       4.06342163E-02       4.05256742E-02       4.14493545E-02
   104.6000       4.06337263E-02       4.05255244E-02       4.14475208E-02
   104.7000       4.06332378E-02       4.05247298E-02       4.14456938E-02
   104.8000       4.06327506E-02       4.05259712E-02       4.14438735E-02
   104.9000       4.06322645E-02       4.05233760E-02       4.14420600E-02
   105.0000       4.06317799E-02       4.05260386E-02       4.14402532E-02
   105.1000       4.06312971E-02       4.05235375E-02       4.14384533E-02
   105.2000       4.06308164E-02       4.05230162E-02       4.14366603E-02
   105.3000       4.06303378E-02       4.05225860E-02       4.14348743E-02
   105.4000       4.06298610E-02       4.05249509E-02       4.14330955E-02
   105.5000       4.06293856E-02       4.05242330E-02       4.14313239E-02
   105.6000       4.06289112E-02       4.05236162E-02       4.14295596E-02
   105.7000       4.06284380E-02       4.05244845E-02       4.14278028E-02
   105.8000       4.06279660E-02       4.05236313E-02       4.14260536E-02
   105.9000       4.06274950E-02       4.05235509E-02       4.14243120E-02
   106.0000       4.06270254E-02       4.05227538E-02       4.14225782E-02
   106.1000       4.06265568E-02       4.05237574E-02       4.14208522E-02
   106.2000       4.06260893E-02       4.05217191E-02       4.14191342E-02
   106.3000       4.06256233E-02       4.05220770E-02       4.14174241E-02
   106.4000       4.06251585E-02       4.05232339E-02       4.14157221E-02
   106.5000       4.06246949E-02       4.05229604E-02       4.14140281E-02
   106.6000       4.06242321E-02       4.05227224E-02       4.14123422E-02
   106.7000       4.06237703E-02       4.05222542E-02       4.14106644E-02
   106.8000       4.06233092E-02       4.05214341E-02       4.14089945E-02
   106.9000       4.06228492E-02       4.05224282E-02       4.14073326E-02
   107.0000       4.06223904E-02       4.05219742E-02       4.14056787E-02
   107.1000       4.06219324E-02       4.05213758E-02       4.14040325E-02
   107.2000       4.06214746E-02       4.05232191E-02       4.14023941E-02
   107.3000       4.06210175E-02       4.05218090E-02       4.14007633E-02
   107.4000       4.06205605E-02       4.05221967E-02       4.13991399E-02
   107.5000       4.06201038E-02       4.05213509E-02       4.13975239E-02
   107.6000       4.06196475E-02       4.05208315E-02       4.13959150E-02
   107.7000       4.06191917E-02       4.05214548E-02       4.13943132E-02
   107.8000       4.06187370E-02       4.05211946E-02       4.13927182E-02
   107.9000       4.06182834E-02       4.05201946E-02       4.13911300E-02
   108.0000       4.06178305E-02       4.05203696E-02       4.13895483E-02
   108.1000       4.06173784E-02       4.05209395E-02       4.13879731E-02
   108.2000       4.06169270E-02       4.05196587E-02       4.13864041E-02
   108.3000       4.06164761E-02       4.05201162E-02       4.13848412E-02
   108.4000       4.06160260E-02       4.05190289E-02       4.13832843E-02
   108.5000       4.06155773E-02       4.05188399E-02       4.13817332E-02
   108.6000       4.06151297E-02       4.05204712E-02       4.13801880E-02
   108.7000       4.06146836E-02       4.05204235E-02       4.13786484E-02
   108.8000       4.06142384E-02       4.05200624E-02       4.13771144E-02
   108.9000       4.06137940E-02       4.05207965E-02       4.13755859E-02
   109.0000       4.06133510E-02       4.05192578E-02       4.13740628E-02
   109.1000       4.06129093E-02       4.05189003E-02       4.13725452E-02
   109.2000       4.06124689E-02       4.05196360E-02       4.13710330E-02
   109.3000       4.06120299E-02       4.05199962E-02       4.13695261E-02
   109.4000       4.06115922E-02       4.05197892E-02       4.13680246E-02
   109.5000       4.06111556E-02       4.05188215E-02       4.13665285E-02
   109.6000       4.06107198E-02       4.05193994E-02       4.13650377E-02
   109.7000       4.06102850E-02       4.05203925E-02       4.13635524E-02
   109.8000       4.06098515E-02       4.05192762E-02       4.13620725E-02
   109.9000       4.06094195E-02       4.05176615E-02       4.13605981E-02
   110.0000       4.06089890E-02       4.05174429E-02       4.13591291E-02
   110.1000       4.06085599E-02       4.05183851E-02       4.13576658E-02
   110.2000       4.06081316E-02       4.05183820E-02       4.13562079E-02
   110.3000       4.06077047E-02       4.05189478E-02       4.13547557E-02
   110.4000       4.06072789E-02       4.05163950E-02       4.13533092E-02
   110.5000       4.06068542E-02       4.05187313E-02       4.13518683E-02
   110.6000       4.06064302E-02       4.05170043E-02       4.13504330E-02
   110.7000       4.06060071E-02       4.05181104E-02       4.13490035E-02
   110.8000       4.06055847E-02       4.05182753E-02       4.13475796E-02
   110.9000       4.06051634E-02       4.05173324E-02       4.13461614E-02
   111.0000       4.06047425E-02       4.05173589E-02       4.13447490E-02
   111.1000       4.06043224E-02       4.05168957E-02       4.13433421E-02
   111.2000       4.06039026E-02       4.05166459E-02       4.13419410E-02
   111.3000       4.06034831E-02       4.05172255E-02       4.13405455E-02
   111.4000       4.06030643E-02       4.05174644E-02       4.13391556E-02
   111.5000       4.06026464E-02       4.05172091E-02       4.13377712E-02
   111.6000       4.06022292E-02       4.05161405E-02       4.13363924E-02
   111.7000       4.06018123E-02       4.05173663E-02       4.13350190E-02
   111.8000       4.06013957E-02       4.05161165E-02       4.13336511E-02
   111.9000       4.06009800E-02       4.05146817E-02       4.13322885E-02
   112.0000       4.06005650E-02       4.05163316E-02       4.13309312E-02
   112.1000       4.06001512E-02       4.05152204E-02       4.13295792E-02
   112.2000       4.05997382E-02       4.05157705E-02       4.13282324E-02
   112.3000       4.05993257E-02       4.05162085E-02       4.13268908E-02
   112.4000       4.05989137E-02       4.05148141E-02       4.13255543E-02
   112.5000       4.05985027E-02       4.05152810E-02       4.13242228E-02
   112.6000       4.05980925E-02       4.05155057E-02       4.13228964E-02
   112.7000       4.05976829E-02       4.05150930E-02       4.13215749E-02
   112.8000       4.05972743E-02       4.05153192E-02       4.13202583E-02
   112.9000       4.05968665E-02       4.05160246E-02       4.13189466E-02
   113.0000       4.05964589E-02       4.05149586E-02       4.13176398E-02
   113.1000       4.05960519E-02       4.05144731E-02       4.13163377E-02
   113.2000       4.05956455E-02       4.05143288E-02       4.13150403E-02
   113.3000       4.05952401E-02       4.05152640E-02       4.13137477E-02
   113.4000       4.05948358E-02       4.05143299E-02       4.13124598E-02
   113.5000       4.05944326E-02       4.05143846E-02       4.13111765E-02
   113.6000       4.05940301E-02       4.05137383E-02       4.13098979E-02
   113.7000       4.05936287E-02       4.05137266E-02       4.13086239E-02
   113.8000       4.05932280E-02       4.05131489E-02       4.13073545E-02
   113.9000       4.05928284E-02       4.05127891E-02       4.13060896E-02
   114.0000       4.05924299E-02       4.05127952E-02       4.13048293E-02
   114.1000       4.05920325E-02       4.05138357E-02       4.13035735E-02
   114.2000       4.05916362E-02       4.05119785E-02       4.13023222E-02
   114.3000       4.05912409E-02       4.05121173E-02       4.13010754E-02
   114.4000       4.05908463E-02       4.05115534E-02       4.12998330E-02
   114.5000       4.05904523E-02       4.05136164E-02       4.12985951E-02
   114.6000       4.05900589E-02       4.05126422E-02       4.12973616E-02
   114.7000       4.05896665E-02       4.05133266E-02       4.12961325E-02
   114.8000       4.05892752E-02       4.05121786E-02       4.12949078E-02
   114.9000       4.05888849E-02       4.05125413E-02       4.12936875E-02
   115.0000       4.05884955E-02       4.05118896E-02       4.12924715E-02
   115.1000       4.05881068E-02       4.05126281E-02       4.12912599E-02
   115.2000       4.05877192E-02       4.05128043E-02       4.12900526E-02
   115.3000       4.05873324E-02       4.05111054E-02       4.12888496E-02
   115.4000       4.05869464E-02       4.05121537E-02       4.12876509E-02
   115.5000       4.05865613E-02       4.05103526E-02       4.12864566E-02
   115.6000       4.05861772E-02       4.05111224E-02       4.12852665E-02
   115.7000       4.05857939E-02       4.05113675E-02       4.12840807E-02
   115.8000       4.05854112E-02       4.05109524E-02       4.12828991E-02
   115.9000       4.05850293E-02       4.05120381E-02       4.12817219E-02
   116.0000       4.05846480E-02       4.05113080E-02       4.12805489E-02
   116.1000       4.05842671E-02       4.05103477E-02       4.12793801E-02
   116.2000       4.05838871E-02       4.05099261E-02       4.12782155E-02
   116.3000       4.05835080E-02       4.05107695E-02       4.12770552E-02
   116.4000       4.05831298E-02       4.05107120E-02       4.12758991E-02
   116.5000       4.05827521E-02       4.05100612E-02       4.12747472E-02
   116.6000       4.05823753E-02       4.05099073E-02       4.12735995E-02
   116.7000       4.05819994E-02       4.05089396E-02       4.12724559E-02
   116.8000       4.05816241E-02       4.05105272E-02       4.12713164E-02
   116.9000       4.05812490E-02       4.05087110E-02       4.12701811E-02
   117.0000       4.05808742E-02       4.05085022E-02       4.12690498E-02
   117.1000       4.05805000E-02       4.05097483E-02       4.12679226E-02
   117.2000       4.05801264E-02       4.05098012E-02       4.12667994E-02
   117.3000       4.05797532E-02       4.05086389E-02       4.12656802E-02
   117.4000       4.05793809E-02       4.05087025E-02       4.12645649E-02
   117.5000       4.05790084E-02       4.05092159E-02       4.12634535E-02
   117.6000       4.05786364E-02       4.05081816E-02       4.12623459E-02
   117.7000       4.05782649E-02       4.05075652E-02       4.12612421E-02
   117.8000       4.05778936E-02       4.05087038E-02       4.12601420E-02
   117.9000       4.05775225E-02       4.05090016E-02       4.12590457E-02
   118.0000       4.05771516E-02       4.05087746E-02       4.12579529E-02
   118.1000       4.05767812E-02       4.05073564E-02       4.12568638E-02
   118.2000       4.05764112E-02       4.05071769E-02       4.12557782E-02
   118.3000       4.05760414E-02       4.05081383E-02       4.12546961E-02
   118.4000       4.05756720E-02       4.05081186E-02       4.12536174E-02
   118.5000       4.05753033E-02       4.05070091E-02       4.12525421E-02
   118.6000       4.05749354E-02       4.05068349E-02       4.12514702E-02
   118.7000       4.05745680E-02       4.05072213E-02       4.12504016E-02
   118.8000       4.05742012E-02       4.05068596E-02       4.12493362E-02
   118.9000       4.05738348E-02       4.05067004E-02       4.12482741E-02
   119.0000       4.05734688E-02       4.05070892E-02       4.12472153E-02
   119.1000       4.05731030E-02       4.05052822E-02       4.12461597E-02
   119.2000       4.05727380E-02       4.05064465E-02       4.12451073E-02
   119.3000       4.05723739E-02       4.05069804E-02       4.12440581E-02
   119.4000       4.05720109E-02       4.05062998E-02       4.12430121E-02
   119.5000       4.05716482E-02       4.05055787E-02       4.12419693E-02
   119.6000       4.05712865E-02       4.05065999E-02       4.12409297E-02
   119.7000       4.05709256E-02       4.05047824E-02       4.12398934E-02
   119.8000       4.05705656E-02       4.05057180E-02       4.12388604E-02
   119.9000       4.05702061E-02       4.05061188E-02       4.12378306E-02
   120.0000       4.05698474E-02       4.05056914E-02       4.12368041E-02
   120.1000       4.05694895E-02       4.05048505E-02       4.12357809E-02
   120.2000       4.05691323E-02       4.05044974E-02       4.12347611E-02
   120.3000       4.05687759E-02       4.05049783E-02       4.12337447E-02
   120.4000       4.05684200E-02       4.05044838E-02       4.12327316E-02
   120.5000       4.05680647E-02       4.05050574E-02       4.12317220E-02
   120.6000       4.05677102E-02       4.05044148E-02       4.12307158E-02
   120.7000       4.05673561E-02       4.05043448E-02       4.12297131E-02
   120.8000       4.05670024E-02       4.05040578E-02       4.12287139E-02
   120.9000       4.05666491E-02       4.05031364E-02       4.12277181E-02
   121.0000       4.05662962E-02       4.05034825E-02       4.12267258E-02
   121.1000       4.05659439E-02       4.05038472E-02       4.12257371E-02
   121.2000       4.05655921E-02       4.05033913E-02       4.12247517E-02
   121.3000       4.05652404E-02       4.05031753E-02       4.12237699E-02
   121.4000       4.05648894E-02       4.05026110E-02       4.12227915E-02
   121.5000       4.05645386E-02       4.05023316E-02       4.12218166E-02
   121.6000       4.05641879E-02       4.05027094E-02       4.12208450E-02
   121.7000       4.05638376E-02       4.05026394E-02       4.12198768E-02
   121.8000       4.05634876E-02       4.05035134E-02       4.12189120E-02
   121.9000       4.05631380E-02       4.05019296E-02       4.12179505E-02
   122.0000       4.05627884E-02       4.05031811E-02       4.12169922E-02
   122.1000       4.05624389E-02       4.05032446E-02       4.12160372E-02
   122.2000       4.05620899E-02       4.05027339E-02       4.12150853E-02
   122.3000       4.05617410E-02       4.05024643E-02       4.12141365E-02
   122.4000       4.05613923E-02       4.05017283E-02       4.12131908E-02
   122.5000       4.05610439E-02       4.05017903E-02       4.12122482E-02
   122.6000       4.05606960E-02       4.05014793E-02       4.12113085E-02
   122.7000       4.05603485E-02       4.05021998E-02       4.12103718E-02
   122.8000       4.05600013E-02       4.05010246E-02       4.12094379E-02
   122.9000       4.05596544E-02       4.05013260E-02       4.12085069E-02
   123.0000       4.05593081E-02       4.05007726E-02       4.12075787E-02
   123.1000       4.05589624E-02       4.05012654E-02       4.12066533E-02
   123.2000       4.05586170E-02       4.05005337E-02       4.12057306E-02
   123.3000       4.05582723E-02       4.05000864E-02       4.12048106E-02
   123.4000       4.05579281E-02       4.04999360E-02       4.12038933E-02
   123.5000       4.05575843E-02       4.05010203E-02       4.12029786E-02
   123.6000       4.05572411E-02       4.05006632E-02       4.12020666E-02
   123.7000       4.05568988E-02       4.05000672E-02       4.12011572E-02
   123.8000       4.05565570E-02       4.04994415E-02       4.12002503E-02
   123.9000       4.05562160E-02       4.04998914E-02       4.11993461E-02
   124.0000       4.05558755E-02       4.04992705E-02       4.11984445E-02
   124.1000       4.05555359E-02       4.04989529E-02       4.11975454E-02
   124.2000       4.05551969E-02       4.04990033E-02       4.11966489E-02
   124.3000       4.05548585E-02       4.04989640E-02       4.11957549E-02
   124.4000       4.05545206E-02       4.04979178E-02       4.11948635E-02
   124.5000       4.05541833E-02       4.04981514E-02       4.11939747E-02
   124.6000       4.05538467E-02       4.04988130E-02       4.11930884E-02
   124.7000       4.05535109E-02       4.04982280E-02       4.11922047E-02
   124.8000       4.05531758E-02       4.04979199E-02       4.11913236E-02
   124.9000       4.05528414E-02       4.04985636E-02       4.11904450E-02
   125.0000       4.05525075E-02       4.04981092E-02       4.11895689E-02
   125.1000       4.05521739E-02       4.04979347E-02       4.11886954E-02
   125.2000       4.05518405E-02       4.04973916E-02       4.11878245E-02
   125.3000       4.05515071E-02       4.04981690E-02       4.11869560E-02
   125.4000       4.05511741E-02       4.04973789E-02       4.11860901E-02
   125.5000       4.05508416E-02       4.04980414E-02       4.11852267E-02
   125.6000       4.05505097E-02       4.04973452E-02       4.11843658E-02
   125.7000       4.05501781E-02       4.04966519E-02       4.11835073E-02
   125.8000       4.05498468E-02       4.04966208E-02       4.11826513E-02
   125.9000       4.05495156E-02       4.04973212E-02       4.11817978E-02
   126.0000       4.05491845E-02       4.04964397E-02       4.11809467E-02
   126.1000       4.05488535E-02       4.04957621E-02       4.11800979E-02
   126.2000       4.05485227E-02       4.04962108E-02       4.11792516E-02
   126.3000       4.05481922E-02       4.04959008E-02       4.11784076E-02
   126.4000       4.05478619E-02       4.04958537E-02       4.11775660E-02
   126.5000       4.05475315E-02       4.04952416E-02       4.11767267E-02
   126.6000       4.05472015E-02       4.04956597E-02       4.11758897E-02
   126.7000       4.05468718E-02       4.04948340E-02       4.11750550E-02
   126.8000       4.05465426E-02       4.04950559E-02       4.11742225E-02
   126.9000       4.05462139E-02       4.04961947E-02       4.11733923E-02
   127.0000       4.05458855E-02       4.04945398E-02       4.11725643E-02
   127.1000       4.05455576E-02       4.04945497E-02       4.11717386E-02
   127.2000       4.05452301E-02       4.04939630E-02       4.11709151E-02
   127.3000       4.05449031E-02       4.04943468E-02       4.11700937E-02
   127.4000       4.05445763E-02       4.04947520E-02       4.11692746E-02
   127.5000       4.05442498E-02       4.04935679E-02       4.11684577E-02
   127.6000       4.05439236E-02       4.04947562E-02       4.11676429E-02
   127.7000       4.05435978E-02       4.04938914E-02       4.11668304E-02
   127.8000       4.05432720E-02       4.04944795E-02       4.11660200E-02
   127.9000       4.05429464E-02       4.04939019E-02       4.11652118E-02
   128.0000       4.05426213E-02       4.04930539E-02       4.11644058E-02
   128.1000       4.05422967E-02       4.04929612E-02       4.11636019E-02
   128.2000       4.05419726E-02       4.04925201E-02       4.11628003E-02
   128.3000       4.05416488E-02       4.04929359E-02       4.11620008E-02
   128.4000       4.05413252E-02       4.04926786E-02       4.11612036E-02
   128.5000       4.05410022E-02       4.04920278E-02       4.11604085E-02
   128.6000       4.05406793E-02       4.04920845E-02       4.11596157E-02
   128.7000       4.05403569E-02       4.04923066E-02       4.11588251E-02
   128.8000       4.05400348E-02       4.04926325E-02       4.11580367E-02
   128.9000       4.05397135E-02       4.04907700E-02       4.11572505E-02
   129.0000       4.05393923E-02       4.04913459E-02       4.11564665E-02
   129.1000       4.05390718E-02       4.04919316E-02       4.11556848E-02
   129.2000       4.05387516E-02       4.04902910E-02       4.11549053E-02
   129.3000       4.05384316E-02       4.04914713E-02       4.11541280E-02
   129.4000       4.05381118E-02       4.04904640E-02       4.11533529E-02
   129.5000       4.05377923E-02       4.04907128E-02       4.11525801E-02
   129.6000       4.05374733E-02       4.04908643E-02       4.11518095E-02
   129.7000       4.05371550E-02       4.04905387E-02       4.11510410E-02
   129.8000       4.05368371E-02       4.04904774E-02       4.11502748E-02
   129.9000       4.05365194E-02       4.04898881E-02       4.11495108E-02
   130.0000       4.05362018E-02       4.04897197E-02       4.11487489E-02
   130.1000       4.05358845E-02       4.04903921E-02       4.11479892E-02
   130.2000       4.05355675E-02       4.04902682E-02       4.11472316E-02
   130.3000       4.05352506E-02       4.04895999E-02       4.11464762E-02
   130.4000       4.05349341E-02       4.04894558E-02       4.11457228E-02
   130.5000       4.05346181E-02       4.04888329E-02       4.11449715E-02
   130.6000       4.05343024E-02       4.04883025E-02       4.11442223E-02
   130.7000       4.05339871E-02       4.04883200E-02       4.11434750E-02
   130.8000       4.05336719E-02       4.04888021E-02       4.11427298E-02
   130.9000       4.05333568E-02       4.04898147E-02       4.11419865E-02
   131.0000       4.05330421E-02       4.04886188E-02       4.11412451E-02
   131.1000       4.05327277E-02       4.04874993E-02       4.11405056E-02
   131.2000       4.05324137E-02       4.04879746E-02       4.11397680E-02
   131.3000       4.05321001E-02       4.04874334E-02       4.11390322E-02
   131.4000       4.05317866E-02       4.04878009E-02       4.11382982E-02
   131.5000       4.05314735E-02       4.04878978E-02       4.11375660E-02
   131.6000       4.05311606E-02       4.04875079E-02       4.11368355E-02
   131.7000       4.05308480E-02       4.04874569E-02       4.11361067E-02
   131.8000       4.05305357E-02       4.04878499E-02       4.11353797E-02
   131.9000       4.05302237E-02       4.04871304E-02       4.11346542E-02
   132.0000       4.05299122E-02       4.04865722E-02       4.11339304E-02
   132.1000       4.05296007E-02       4.04872376E-02       4.11332082E-02
   132.2000       4.05292899E-02       4.04860320E-02       4.11324876E-02
   132.3000       4.05289792E-02       4.04858451E-02       4.11317686E-02
   132.4000       4.05286688E-02       4.04867959E-02       4.11310511E-02
   132.5000       4.05283589E-02       4.04867372E-02       4.11303351E-02
   132.6000       4.05280494E-02       4.04857386E-02       4.11296207E-02
   132.7000       4.05277402E-02       4.04861888E-02       4.11289078E-02
   132.8000       4.05274313E-02       4.04858176E-02       4.11281963E-02
   132.9000       4.05271227E-02       4.04850975E-02       4.11274864E-02
   133.0000       4.05268147E-02       4.04850992E-02       4.11267780E-02
   133.1000       4.05265072E-02       4.04843130E-02       4.11260711E-02
   133.2000       4.05262002E-02       4.04844204E-02       4.11253656E-02
   133.3000       4.05258933E-02       4.04843654E-02       4.11246617E-02
   133.4000       4.05255870E-02       4.04846726E-02       4.11239593E-02
   133.5000       4.05252810E-02       4.04849901E-02       4.11232584E-02
   133.6000       4.05249756E-02       4.04842449E-02       4.11225591E-02
   133.7000       4.05246708E-02       4.04839905E-02       4.11218613E-02
   133.8000       4.05243662E-02       4.04840915E-02       4.11211651E-02
   133.9000       4.05240618E-02       4.04831171E-02       4.11204705E-02
   134.0000       4.05237578E-02       4.04837555E-02       4.11197775E-02
   134.1000       4.05234540E-02       4.04833485E-02       4.11190861E-02
   134.2000       4.05231508E-02       4.04839272E-02       4.11183963E-02
   134.3000       4.05228481E-02       4.04826648E-02       4.11177081E-02
   134.4000       4.05225458E-02       4.04831068E-02       4.11170216E-02
   134.5000       4.05222438E-02       4.04827199E-02       4.11163368E-02
   134.6000       4.05219417E-02       4.04828322E-02       4.11156537E-02
   134.7000       4.05216402E-02       4.04828047E-02       4.11149723E-02
   134.8000       4.05213390E-02       4.04822611E-02       4.11142925E-02
   134.9000       4.05210382E-02       4.04819343E-02       4.11136145E-02
   135.0000       4.05207377E-02       4.04817541E-02       4.11129383E-02
   135.1000       4.05204379E-02       4.04825394E-02       4.11122637E-02
   135.2000       4.05201385E-02       4.04810153E-02       4.11115909E-02
   135.3000       4.05198397E-02       4.04817123E-02       4.11109197E-02
   135.4000       4.05195409E-02       4.04808728E-02       4.11102503E-02
   135.5000       4.05192425E-02       4.04813665E-02       4.11095826E-02
   135.6000       4.05189442E-02       4.04801163E-02       4.11089166E-02
   135.7000       4.05186462E-02       4.04807515E-02       4.11082523E-02
   135.8000       4.05183485E-02       4.04808331E-02       4.11075896E-02
   135.9000       4.05180513E-02       4.04808720E-02       4.11069286E-02
   136.0000       4.05177540E-02       4.04800896E-02       4.11062693E-02
   136.1000       4.05174570E-02       4.04803743E-02       4.11056115E-02
   136.2000       4.05171603E-02       4.04793759E-02       4.11049553E-02
   136.3000       4.05168638E-02       4.04797985E-02       4.11043006E-02
   136.4000       4.05165677E-02       4.04796418E-02       4.11036475E-02
   136.5000       4.05162715E-02       4.04788106E-02       4.11029959E-02
   136.6000       4.05159757E-02       4.04791297E-02       4.11023458E-02
   136.7000       4.05156800E-02       4.04782391E-02       4.11016972E-02
   136.8000       4.05153845E-02       4.04785191E-02       4.11010499E-02
   136.9000       4.05150892E-02       4.04786694E-02       4.11004041E-02
   137.0000       4.05147940E-02       4.04781919E-02       4.10997596E-02
   137.1000       4.05144991E-02       4.04780374E-02       4.10991165E-02
   137.2000       4.05142041E-02       4.04780249E-02       4.10984746E-02
   137.3000       4.05139094E-02       4.04779895E-02       4.10978341E-02
   137.4000       4.05136152E-02       4.04778681E-02       4.10971949E-02
   137.5000       4.05133214E-02       4.04783294E-02       4.10965570E-02
   137.6000       4.05130279E-02       4.04771128E-02       4.10959203E-02
   137.7000       4.05127349E-02       4.04776622E-02       4.10952848E-02
   137.8000       4.05124422E-02       4.04765568E-02       4.10946506E-02
   137.9000       4.05121498E-02       4.04769599E-02       4.10940176E-02
   138.0000       4.05118576E-02       4.04771632E-02       4.10933858E-02
   138.1000       4.05115657E-02       4.04759995E-02       4.10927552E-02
   138.2000       4.05112738E-02       4.04761798E-02       4.10921259E-02
   138.3000       4.05109823E-02       4.04773348E-02       4.10914977E-02
   138.4000       4.05106911E-02       4.04765894E-02       4.10908708E-02
   138.5000       4.05104005E-02       4.04756138E-02       4.10902452E-02
   138.6000       4.05101105E-02       4.04757949E-02       4.10896207E-02
   138.7000       4.05098209E-02       4.04756233E-02       4.10889976E-02
   138.8000       4.05095313E-02       4.04759597E-02       4.10883757E-02
   138.9000       4.05092420E-02       4.04755412E-02       4.10877550E-02
   139.0000       4.05089529E-02       4.04751295E-02       4.10871357E-02
   139.1000       4.05086640E-02       4.04752765E-02       4.10865176E-02
   139.2000       4.05083754E-02       4.04746401E-02       4.10859008E-02
   139.3000       4.05080870E-02       4.04747092E-02       4.10852854E-02
   139.4000       4.05077993E-02       4.04738775E-02       4.10846713E-02
   139.5000       4.05075123E-02       4.04743221E-02       4.10840585E-02
   139.6000       4.05072258E-02       4.04745188E-02       4.10834471E-02
   139.7000       4.05069398E-02       4.04734814E-02       4.10828370E-02
   139.8000       4.05066542E-02       4.04730581E-02       4.10822283E-02
   139.9000       4.05063692E-02       4.04731275E-02       4.10816210E-02
   140.0000       4.05060846E-02       4.04734502E-02       4.10810150E-02
   140.1000       4.05058004E-02       4.04726397E-02       4.10804104E-02
   140.2000       4.05055160E-02       4.04729087E-02       4.10798072E-02
   140.3000       4.05052317E-02       4.04727824E-02       4.10792054E-02
   140.4000       4.05049477E-02       4.04722155E-02       4.10786049E-02
   140.5000       4.05046639E-02       4.04719525E-02       4.10780057E-02
   140.6000       4.05043802E-02       4.04727329E-02       4.10774079E-02
   140.7000       4.05040964E-02       4.04722359E-02       4.10768115E-02
   140.8000       4.05038126E-02       4.04727232E-02       4.10762164E-02
   140.9000       4.05035289E-02       4.04721097E-02       4.10756225E-02
   141.0000       4.05032455E-02       4.04715987E-02       4.10750300E-02
   141.1000       4.05029625E-02       4.04712435E-02       4.10744388E-02
   141.2000       4.05026798E-02       4.04716510E-02       4.10738488E-02
   141.3000       4.05023973E-02       4.04709773E-02       4.10732601E-02
   141.4000       4.05021147E-02       4.04704882E-02       4.10726727E-02
   141.5000       4.05018322E-02       4.04712594E-02       4.10720864E-02
   141.6000       4.05015495E-02       4.04702041E-02       4.10715014E-02
   141.7000       4.05012671E-02       4.04704380E-02       4.10709175E-02
   141.8000       4.05009849E-02       4.04705425E-02       4.10703348E-02
   141.9000       4.05007026E-02       4.04699860E-02       4.10697532E-02
   142.0000       4.05004205E-02       4.04689941E-02       4.10691728E-02
   142.1000       4.05001386E-02       4.04700087E-02       4.10685935E-02
   142.2000       4.04998569E-02       4.04685220E-02       4.10680153E-02
   142.3000       4.04995755E-02       4.04692347E-02       4.10674382E-02
   142.4000       4.04992938E-02       4.04686601E-02       4.10668622E-02
   142.5000       4.04990124E-02       4.04687177E-02       4.10662872E-02
   142.6000       4.04987316E-02       4.04683083E-02       4.10657133E-02
   142.7000       4.04984511E-02       4.04690147E-02       4.10651405E-02
   142.8000       4.04981707E-02       4.04682228E-02       4.10645687E-02
   142.9000       4.04978907E-02       4.04678328E-02       4.10639980E-02
   143.0000       4.04976110E-02       4.04678640E-02       4.10634283E-02
   143.1000       4.04973315E-02       4.04677595E-02       4.10628596E-02
   143.2000       4.04970524E-02       4.04682569E-02       4.10622920E-02
   143.3000       4.04967736E-02       4.04674099E-02       4.10617254E-02
   143.4000       4.04964949E-02       4.04671324E-02       4.10611599E-02
   143.5000       4.04962166E-02       4.04670637E-02       4.10605954E-02
   143.6000       4.04959385E-02       4.04671046E-02       4.10600319E-02
   143.7000       4.04956605E-02       4.04667195E-02       4.10594696E-02
   143.8000       4.04953828E-02       4.04662594E-02       4.10589082E-02
   143.9000       4.04951055E-02       4.04658409E-02       4.10583479E-02
   144.0000       4.04948285E-02       4.04660696E-02       4.10577887E-02
   144.1000       4.04945517E-02       4.04660543E-02       4.10572305E-02
   144.2000       4.04942754E-02       4.04660099E-02       4.10566733E-02
   144.3000       4.04939994E-02       4.04657825E-02       4.10561173E-02
   144.4000       4.04937235E-02       4.04649421E-02       4.10555623E-02
   144.5000       4.04934482E-02       4.04649401E-02       4.10550083E-02
   144.6000       4.04931731E-02       4.04651872E-02       4.10544554E-02
   144.7000       4.04928983E-02       4.04646857E-02       4.10539035E-02
   144.8000       4.04926236E-02       4.04650078E-02       4.10533527E-02
   144.9000       4.04923491E-02       4.04642331E-02       4.10528030E-02
   145.0000       4.04920748E-02       4.04644406E-02       4.10522542E-02
   145.1000       4.04918006E-02       4.04638379E-02       4.10517066E-02
   145.2000       4.04915265E-02       4.04640010E-02       4.10511599E-02
   145.3000       4.04912524E-02       4.04639380E-02       4.10506143E-02
   145.4000       4.04909785E-02       4.04640847E-02       4.10500697E-02
   145.5000       4.04907046E-02       4.04636599E-02       4.10495260E-02
   145.6000       4.04904309E-02       4.04628007E-02       4.10489834E-02
   145.7000       4.04901574E-02       4.04627243E-02       4.10484418E-02
   145.8000       4.04898843E-02       4.04630996E-02       4.10479012E-02
   145.9000       4.04896115E-02       4.04629744E-02       4.10473615E-02
   146.0000       4.04893387E-02       4.04629235E-02       4.10468228E-02
   146.1000       4.04890663E-02       4.04619653E-02       4.10462851E-02
   146.2000       4.04887942E-02       4.04620856E-02       4.10457483E-02
   146.3000       4.04885223E-02       4.04623628E-02       4.10452124E-02
   146.4000       4.04882508E-02       4.04620275E-02       4.10446775E-02
   146.5000       4.04879796E-02       4.04623605E-02       4.10441435E-02
   146.6000       4.04877086E-02       4.04611697E-02       4.10436104E-02
   146.7000       4.04874379E-02       4.04619145E-02       4.10430782E-02
   146.8000       4.04871672E-02       4.04616877E-02       4.10425469E-02
   146.9000       4.04868968E-02       4.04612207E-02       4.10420165E-02
   147.0000       4.04866265E-02       4.04607105E-02       4.10414870E-02
   147.1000       4.04863564E-02       4.04607997E-02       4.10409584E-02
   147.2000       4.04860865E-02       4.04601177E-02       4.10404306E-02
   147.3000       4.04858171E-02       4.04600571E-02       4.10399038E-02
   147.4000       4.04855482E-02       4.04603795E-02       4.10393778E-02
   147.5000       4.04852796E-02       4.04601747E-02       4.10388528E-02
   147.6000       4.04850113E-02       4.04595080E-02       4.10383286E-02
   147.7000       4.04847431E-02       4.04598586E-02       4.10378052E-02
   147.8000       4.04844754E-02       4.04596144E-02       4.10372828E-02
   147.9000       4.04842081E-02       4.04591713E-02       4.10367613E-02
   148.0000       4.04839407E-02       4.04598682E-02       4.10362406E-02
   148.1000       4.04836737E-02       4.04589517E-02       4.10357208E-02
   148.2000       4.04834068E-02       4.04591665E-02       4.10352019E-02
   148.3000       4.04831402E-02       4.04585456E-02       4.10346839E-02
   148.4000       4.04828740E-02       4.04578795E-02       4.10341668E-02
   148.5000       4.04826080E-02       4.04580196E-02       4.10336506E-02
   148.6000       4.04823421E-02       4.04578929E-02       4.10331353E-02
   148.7000       4.04820765E-02       4.04578598E-02       4.10326209E-02
   148.8000       4.04818111E-02       4.04579630E-02       4.10321073E-02
   148.9000       4.04815461E-02       4.04578993E-02       4.10315946E-02
   149.0000       4.04812813E-02       4.04569197E-02       4.10310829E-02
   149.1000       4.04810168E-02       4.04570238E-02       4.10305720E-02
   149.2000       4.04807521E-02       4.04569698E-02       4.10300619E-02
   149.3000       4.04804877E-02       4.04572347E-02       4.10295528E-02
   149.4000       4.04802233E-02       4.04565908E-02       4.10290445E-02
   149.5000       4.04799591E-02       4.04564031E-02       4.10285370E-02
   149.6000       4.04796951E-02       4.04560944E-02       4.10280305E-02
   149.7000       4.04794312E-02       4.04564139E-02       4.10275247E-02
   149.8000       4.04791675E-02       4.04561669E-02       4.10270198E-02
   149.9000       4.04789041E-02       4.04556402E-02       4.10265158E-02
   150.0000       4.04786409E-02       4.04559434E-02       4.10260125E-02
   150.1000       4.04783778E-02       4.04555820E-02       4.10255101E-02
   150.2000       4.04781151E-02       4.04557837E-02       4.10250085E-02
   150.3000       4.04778524E-02       4.04545626E-02       4.10245077E-02
   150.4000       4.04775899E-02       4.04543539E-02       4.10240076E-02
   150.5000       4.04773273E-02       4.04545258E-02       4.10235084E-02
   150.6000       4.04770648E-02       4.04538121E-02       4.10230099E-02
   150.7000       4.04768027E-02       4.04546077E-02       4.10225122E-02
   150.8000       4.04765410E-02       4.04537463E-02       4.10220152E-02
   150.9000       4.04762796E-02       4.04539775E-02       4.10215191E-02
   151.0000       4.04760185E-02       4.04534466E-02       4.10210236E-02
   151.1000       4.04757578E-02       4.04534411E-02       4.10205290E-02
   151.2000       4.04754974E-02       4.04531897E-02       4.10200350E-02
   151.3000       4.04752371E-02       4.04529301E-02       4.10195419E-02
   151.4000       4.04749769E-02       4.04533753E-02       4.10190495E-02
   151.5000       4.04747169E-02       4.04523411E-02       4.10185578E-02
   151.6000       4.04744571E-02       4.04527132E-02       4.10180669E-02
   151.7000       4.04741974E-02       4.04525439E-02       4.10175767E-02
   151.8000       4.04739379E-02       4.04520726E-02       4.10170874E-02
   151.9000       4.04736783E-02       4.04518089E-02       4.10165987E-02
   152.0000       4.04734188E-02       4.04516486E-02       4.10161109E-02
   152.1000       4.04731596E-02       4.04514444E-02       4.10156238E-02
   152.2000       4.04729007E-02       4.04511999E-02       4.10151375E-02
   152.3000       4.04726420E-02       4.04517119E-02       4.10146520E-02
   152.4000       4.04723837E-02       4.04514347E-02       4.10141672E-02
   152.5000       4.04721257E-02       4.04513504E-02       4.10136833E-02
   152.6000       4.04718679E-02       4.04503455E-02       4.10132001E-02
   152.7000       4.04716102E-02       4.04503252E-02       4.10127178E-02
   152.8000       4.04713527E-02       4.04504001E-02       4.10122362E-02
   152.9000       4.04710955E-02       4.04505788E-02       4.10117555E-02
   153.0000       4.04708388E-02       4.04500155E-02       4.10112756E-02
   153.1000       4.04705824E-02       4.04493591E-02       4.10107965E-02
   153.2000       4.04703261E-02       4.04499883E-02       4.10103182E-02
   153.3000       4.04700701E-02       4.04496108E-02       4.10098407E-02
   153.4000       4.04698143E-02       4.04500092E-02       4.10093640E-02
   153.5000       4.04695587E-02       4.04489518E-02       4.10088881E-02
   153.6000       4.04693034E-02       4.04494357E-02       4.10084130E-02
   153.7000       4.04690485E-02       4.04491220E-02       4.10079388E-02
   153.8000       4.04687937E-02       4.04490922E-02       4.10074653E-02
   153.9000       4.04685393E-02       4.04481698E-02       4.10069926E-02
   154.0000       4.04682852E-02       4.04486888E-02       4.10065207E-02
   154.1000       4.04680314E-02       4.04482273E-02       4.10060496E-02
   154.2000       4.04677778E-02       4.04481870E-02       4.10055793E-02
   154.3000       4.04675245E-02       4.04483307E-02       4.10051097E-02
   154.4000       4.04672716E-02       4.04475229E-02       4.10046409E-02
   154.5000       4.04670190E-02       4.04474682E-02       4.10041728E-02
   154.6000       4.04667666E-02       4.04473642E-02       4.10037054E-02
   154.7000       4.04665142E-02       4.04472190E-02       4.10032388E-02
   154.8000       4.04662621E-02       4.04467085E-02       4.10027729E-02
   154.9000       4.04660102E-02       4.04468252E-02       4.10023077E-02
   155.0000       4.04657585E-02       4.04464295E-02       4.10018432E-02
   155.1000       4.04655070E-02       4.04462154E-02       4.10013794E-02
   155.2000       4.04652560E-02       4.04461038E-02       4.10009162E-02
   155.3000       4.04650055E-02       4.04460445E-02       4.10004538E-02
   155.4000       4.04647553E-02       4.04458778E-02       4.09999920E-02
   155.5000       4.04645055E-02       4.04458407E-02       4.09995309E-02
   155.6000       4.04642560E-02       4.04454791E-02       4.09990704E-02
   155.7000       4.04640067E-02       4.04454191E-02       4.09986106E-02
   155.8000       4.04637575E-02       4.04451444E-02       4.09981514E-02
   155.9000       4.04635085E-02       4.04450009E-02       4.09976928E-02
   156.0000       4.04632596E-02       4.04447575E-02       4.09972349E-02
   156.1000       4.04630109E-02       4.04445319E-02       4.09967776E-02
   156.2000       4.04627624E-02       4.04446514E-02       4.09963209E-02
   156.3000       4.04625140E-02       4.04441907E-02       4.09958648E-02
   156.4000       4.04622659E-02       4.04449031E-02       4.09954094E-02
   156.5000       4.04620178E-02       4.04441497E-02       4.09949546E-02
   156.6000       4.04617698E-02       4.04436266E-02       4.09945004E-02
   156.7000       4.04615221E-02       4.04438056E-02       4.09940468E-02
   156.8000       4.04612745E-02       4.04434327E-02       4.09935938E-02
   156.9000       4.04610272E-02       4.04435419E-02       4.09931414E-02
   157.0000       4.04607798E-02       4.04428155E-02       4.09926897E-02
   157.1000       4.04605325E-02       4.04430736E-02       4.09922386E-02
   157.2000       4.04602852E-02       4.04427177E-02       4.09917881E-02
   157.3000       4.04600380E-02       4.04425386E-02       4.09913382E-02
   157.4000       4.04597910E-02       4.04428761E-02       4.09908889E-02
   157.5000       4.04595440E-02       4.04423763E-02       4.09904403E-02
   157.6000       4.04592972E-02       4.04414563E-02       4.09899923E-02
   157.7000       4.04590507E-02       4.04418969E-02       4.09895449E-02
   157.8000       4.04588045E-02       4.04414723E-02       4.09890982E-02
   157.9000       4.04585584E-02       4.04413621E-02       4.09886520E-02
   158.0000       4.04583125E-02       4.04410595E-02       4.09882066E-02
   158.1000       4.04580668E-02       4.04407663E-02       4.09877617E-02
   158.2000       4.04578214E-02       4.04406426E-02       4.09873175E-02
   158.3000       4.04575761E-02       4.04407347E-02       4.09868740E-02
   158.4000       4.04573310E-02       4.04403288E-02       4.09864311E-02
   158.5000       4.04570862E-02       4.04406761E-02       4.09859889E-02
   158.6000       4.04568415E-02       4.04401085E-02       4.09855473E-02
   158.7000       4.04565973E-02       4.04397822E-02       4.09851064E-02
   158.8000       4.04563533E-02       4.04399347E-02       4.09846661E-02
   158.9000       4.04561093E-02       4.04394328E-02       4.09842265E-02
   159.0000       4.04558654E-02       4.04392509E-02       4.09837876E-02
   159.1000       4.04556219E-02       4.04393743E-02       4.09833494E-02
   159.2000       4.04553787E-02       4.04393781E-02       4.09829118E-02
   159.3000       4.04551354E-02       4.04386805E-02       4.09824749E-02
   159.4000       4.04548921E-02       4.04386156E-02       4.09820387E-02
   159.5000       4.04546489E-02       4.04390948E-02       4.09816031E-02
   159.6000       4.04544059E-02       4.04384978E-02       4.09811683E-02
   159.7000       4.04541632E-02       4.04383780E-02       4.09807341E-02
   159.8000       4.04539210E-02       4.04383474E-02       4.09803006E-02
   159.9000       4.04536787E-02       4.04375304E-02       4.09798678E-02
   160.0000       4.04534365E-02       4.04376917E-02       4.09794357E-02
   160.1000       4.04531944E-02       4.04374600E-02       4.09790043E-02
   160.2000       4.04529524E-02       4.04368784E-02       4.09785735E-02
   160.3000       4.04527103E-02       4.04373231E-02       4.09781434E-02
   160.4000       4.04524683E-02       4.04366787E-02       4.09777141E-02
   160.5000       4.04522263E-02       4.04370113E-02       4.09772853E-02
   160.6000       4.04519844E-02       4.04366939E-02       4.09768573E-02
   160.7000       4.04517426E-02       4.04362219E-02       4.09764299E-02
   160.8000       4.04515011E-02       4.04363197E-02       4.09760032E-02
   160.9000       4.04512596E-02       4.04357878E-02       4.09755771E-02
   161.0000       4.04510182E-02       4.04360284E-02       4.09751517E-02
   161.1000       4.04507767E-02       4.04361506E-02       4.09747269E-02
   161.2000       4.04505353E-02       4.04351135E-02       4.09743028E-02
   161.3000       4.04502940E-02       4.04349908E-02       4.09738793E-02
   161.4000       4.04500530E-02       4.04352191E-02       4.09734564E-02
   161.5000       4.04498121E-02       4.04350020E-02       4.09730341E-02
   161.6000       4.04495717E-02       4.04351776E-02       4.09726124E-02
   161.7000       4.04493314E-02       4.04344509E-02       4.09721914E-02
   161.8000       4.04490912E-02       4.04348280E-02       4.09717709E-02
   161.9000       4.04488513E-02       4.04339562E-02       4.09713510E-02
   162.0000       4.04486117E-02       4.04338994E-02       4.09709316E-02
   162.1000       4.04483723E-02       4.04339816E-02       4.09705129E-02
   162.2000       4.04481329E-02       4.04335640E-02       4.09700947E-02
   162.3000       4.04478937E-02       4.04337030E-02       4.09696770E-02
   162.4000       4.04476546E-02       4.04332402E-02       4.09692599E-02
   162.5000       4.04474157E-02       4.04328454E-02       4.09688434E-02
   162.6000       4.04471769E-02       4.04334012E-02       4.09684273E-02
   162.7000       4.04469384E-02       4.04326587E-02       4.09680118E-02
   162.8000       4.04467001E-02       4.04323783E-02       4.09675968E-02
   162.9000       4.04464620E-02       4.04317653E-02       4.09671824E-02
   163.0000       4.04462241E-02       4.04321037E-02       4.09667684E-02
   163.1000       4.04459863E-02       4.04320287E-02       4.09663550E-02
   163.2000       4.04457487E-02       4.04317913E-02       4.09659420E-02
   163.3000       4.04455111E-02       4.04319928E-02       4.09655296E-02
   163.4000       4.04452737E-02       4.04321153E-02       4.09651176E-02
   163.5000       4.04450363E-02       4.04313360E-02       4.09647062E-02
   163.6000       4.04447992E-02       4.04311557E-02       4.09642952E-02
   163.7000       4.04445620E-02       4.04310989E-02       4.09638847E-02
   163.8000       4.04443250E-02       4.04307082E-02       4.09634747E-02
   163.9000       4.04440882E-02       4.04306210E-02       4.09630652E-02
   164.0000       4.04438515E-02       4.04302095E-02       4.09626561E-02
   164.1000       4.04436148E-02       4.04295167E-02       4.09622475E-02
   164.2000       4.04433782E-02       4.04301717E-02       4.09618394E-02
   164.3000       4.04431417E-02       4.04296916E-02       4.09614317E-02
   164.4000       4.04429053E-02       4.04295710E-02       4.09610244E-02
   164.5000       4.04426692E-02       4.04294586E-02       4.09606176E-02
   164.6000       4.04424335E-02       4.04297147E-02       4.09602113E-02
   164.7000       4.04421979E-02       4.04289596E-02       4.09598054E-02
   164.8000       4.04419626E-02       4.04288080E-02       4.09593999E-02
   164.9000       4.04417277E-02       4.04290826E-02       4.09589949E-02
   165.0000       4.04414928E-02       4.04286824E-02       4.09585903E-02
   165.1000       4.04412581E-02       4.04287451E-02       4.09581861E-02
   165.2000       4.04410233E-02       4.04285854E-02       4.09577823E-02
   165.3000       4.04407884E-02       4.04280253E-02       4.09573790E-02
   165.4000       4.04405536E-02       4.04277813E-02       4.09569761E-02
   165.5000       4.04403187E-02       4.04275475E-02       4.09565736E-02
   165.6000       4.04400841E-02       4.04277581E-02       4.09561715E-02
   165.7000       4.04398495E-02       4.04273453E-02       4.09557698E-02
   165.8000       4.04396149E-02       4.04276134E-02       4.09553686E-02
   165.9000       4.04393804E-02       4.04270838E-02       4.09549677E-02
   166.0000       4.04391460E-02       4.04270396E-02       4.09545673E-02
   166.1000       4.04389119E-02       4.04269496E-02       4.09541673E-02
   166.2000       4.04386779E-02       4.04265115E-02       4.09537677E-02
   166.3000       4.04384441E-02       4.04261002E-02       4.09533686E-02
   166.4000       4.04382107E-02       4.04260062E-02       4.09529698E-02
   166.5000       4.04379775E-02       4.04259257E-02       4.09525715E-02
   166.6000       4.04377446E-02       4.04258710E-02       4.09521737E-02
   166.7000       4.04375119E-02       4.04250918E-02       4.09517762E-02
   166.8000       4.04372793E-02       4.04253352E-02       4.09513792E-02
   166.9000       4.04370472E-02       4.04256736E-02       4.09509827E-02
   167.0000       4.04368152E-02       4.04247220E-02       4.09505866E-02
   167.1000       4.04365834E-02       4.04244956E-02       4.09501909E-02
   167.2000       4.04363519E-02       4.04242689E-02       4.09497957E-02
   167.3000       4.04361207E-02       4.04247935E-02       4.09494010E-02
   167.4000       4.04358897E-02       4.04244834E-02       4.09490067E-02
   167.5000       4.04356588E-02       4.04238335E-02       4.09486129E-02
   167.6000       4.04354281E-02       4.04237813E-02       4.09482196E-02
   167.7000       4.04351975E-02       4.04234400E-02       4.09478267E-02
   167.8000       4.04349671E-02       4.04240923E-02       4.09474344E-02
   167.9000       4.04347370E-02       4.04233981E-02       4.09470425E-02
   168.0000       4.04345071E-02       4.04228984E-02       4.09466510E-02
   168.1000       4.04342775E-02       4.04229600E-02       4.09462601E-02
   168.2000       4.04340481E-02       4.04227946E-02       4.09458696E-02
   168.3000       4.04338188E-02       4.04224553E-02       4.09454797E-02
   168.4000       4.04335896E-02       4.04222426E-02       4.09450902E-02
   168.5000       4.04333604E-02       4.04222248E-02       4.09447011E-02
   168.6000       4.04331314E-02       4.04218483E-02       4.09443126E-02
   168.7000       4.04329026E-02       4.04219800E-02       4.09439245E-02
   168.8000       4.04326741E-02       4.04220239E-02       4.09435370E-02
   168.9000       4.04324458E-02       4.04218072E-02       4.09431498E-02
   169.0000       4.04322175E-02       4.04213664E-02       4.09427632E-02
   169.1000       4.04319892E-02       4.04208926E-02       4.09423770E-02
   169.2000       4.04317611E-02       4.04207337E-02       4.09419913E-02
   169.3000       4.04315331E-02       4.04204510E-02       4.09416060E-02
   169.4000       4.04313052E-02       4.04207429E-02       4.09412212E-02
   169.5000       4.04310773E-02       4.04202189E-02       4.09408368E-02
   169.6000       4.04308496E-02       4.04205226E-02       4.09404528E-02
   169.7000       4.04306222E-02       4.04203677E-02       4.09400693E-02
   169.8000       4.04303947E-02       4.04203057E-02       4.09396863E-02
   169.9000       4.04301672E-02       4.04196879E-02       4.09393036E-02
   170.0000       4.04299397E-02       4.04195074E-02       4.09389214E-02
   170.1000       4.04297125E-02       4.04193506E-02       4.09385396E-02
   170.2000       4.04294854E-02       4.04195201E-02       4.09381582E-02
   170.3000       4.04292584E-02       4.04192326E-02       4.09377771E-02
   170.4000       4.04290317E-02       4.04186866E-02       4.09373965E-02
   170.5000       4.04288051E-02       4.04186621E-02       4.09370163E-02
   170.6000       4.04285787E-02       4.04187333E-02       4.09366365E-02
   170.7000       4.04283524E-02       4.04182099E-02       4.09362570E-02
   170.8000       4.04281260E-02       4.04180698E-02       4.09358780E-02
   170.9000       4.04278999E-02       4.04180126E-02       4.09354993E-02
   171.0000       4.04276740E-02       4.04180827E-02       4.09351210E-02
   171.1000       4.04274482E-02       4.04176756E-02       4.09347430E-02
   171.2000       4.04272227E-02       4.04173306E-02       4.09343654E-02
   171.3000       4.04269974E-02       4.04173752E-02       4.09339882E-02
   171.4000       4.04267725E-02       4.04171471E-02       4.09336113E-02
   171.5000       4.04265477E-02       4.04167954E-02       4.09332348E-02
   171.6000       4.04263232E-02       4.04164792E-02       4.09328587E-02
   171.7000       4.04260989E-02       4.04161537E-02       4.09324829E-02
   171.8000       4.04258748E-02       4.04165201E-02       4.09321075E-02
   171.9000       4.04256507E-02       4.04158593E-02       4.09317325E-02
   172.0000       4.04254265E-02       4.04162829E-02       4.09313578E-02
   172.1000       4.04252023E-02       4.04154639E-02       4.09309834E-02
   172.2000       4.04249783E-02       4.04157883E-02       4.09306095E-02
   172.3000       4.04247545E-02       4.04152655E-02       4.09302359E-02
   172.4000       4.04245309E-02       4.04154482E-02       4.09298627E-02
   172.5000       4.04243074E-02       4.04147151E-02       4.09294899E-02
   172.6000       4.04240839E-02       4.04148397E-02       4.09291174E-02
   172.7000       4.04238604E-02       4.04154131E-02       4.09287453E-02
   172.8000       4.04236371E-02       4.04145536E-02       4.09283737E-02
   172.9000       4.04234140E-02       4.04142565E-02       4.09280024E-02
   173.0000       4.04231909E-02       4.04141634E-02       4.09276315E-02
   173.1000       4.04229679E-02       4.04140814E-02       4.09272610E-02
   173.2000       4.04227450E-02       4.04138507E-02       4.09268910E-02
   173.3000       4.04225220E-02       4.04141340E-02       4.09265213E-02
   173.4000       4.04222993E-02       4.04137802E-02       4.09261521E-02
   173.5000       4.04220768E-02       4.04133561E-02       4.09257833E-02
   173.6000       4.04218545E-02       4.04133950E-02       4.09254149E-02
   173.7000       4.04216322E-02       4.04130450E-02       4.09250470E-02
   173.8000       4.04214103E-02       4.04130407E-02       4.09246795E-02
   173.9000       4.04211886E-02       4.04126265E-02       4.09243125E-02
   174.0000       4.04209670E-02       4.04125584E-02       4.09239458E-02
   174.1000       4.04207453E-02       4.04124787E-02       4.09235797E-02
   174.2000       4.04205236E-02       4.04117355E-02       4.09232139E-02
   174.3000       4.04203022E-02       4.04120942E-02       4.09228487E-02
   174.4000       4.04200809E-02       4.04118648E-02       4.09224838E-02
   174.5000       4.04198598E-02       4.04115895E-02       4.09221195E-02
   174.6000       4.04196387E-02       4.04115040E-02       4.09217555E-02
   174.7000       4.04194180E-02       4.04111697E-02       4.09213920E-02
   174.8000       4.04191974E-02       4.04109675E-02       4.09210289E-02
   174.9000       4.04189772E-02       4.04110600E-02       4.09206663E-02
   175.0000       4.04187571E-02       4.04103973E-02       4.09203041E-02
   175.1000       4.04185370E-02       4.04101251E-02       4.09199424E-02
   175.2000       4.04183173E-02       4.04100027E-02       4.09195811E-02
   175.3000       4.04180976E-02       4.04097393E-02       4.09192201E-02
   175.4000       4.04178782E-02       4.04100746E-02       4.09188596E-02
   175.5000       4.04176591E-02       4.04096299E-02       4.09184995E-02
   175.6000       4.04174402E-02       4.04095883E-02       4.09181399E-02
   175.7000       4.04172214E-02       4.04095398E-02       4.09177806E-02
   175.8000       4.04170027E-02       4.04092392E-02       4.09174216E-02
   175.9000       4.04167841E-02       4.04090395E-02       4.09170631E-02
   176.0000       4.04165655E-02       4.04089357E-02       4.09167049E-02
   176.1000       4.04163470E-02       4.04087129E-02       4.09163471E-02
   176.2000       4.04161286E-02       4.04087033E-02       4.09159897E-02
   176.3000       4.04159103E-02       4.04086483E-02       4.09156326E-02
   176.4000       4.04156919E-02       4.04081430E-02       4.09152758E-02
   176.5000       4.04154736E-02       4.04080738E-02       4.09149194E-02
   176.6000       4.04152553E-02       4.04077729E-02       4.09145632E-02
   176.7000       4.04150372E-02       4.04076393E-02       4.09142075E-02
   176.8000       4.04148193E-02       4.04074562E-02       4.09138520E-02
   176.9000       4.04146016E-02       4.04071186E-02       4.09134968E-02
   177.0000       4.04143840E-02       4.04067831E-02       4.09131419E-02
   177.1000       4.04141665E-02       4.04070591E-02       4.09127873E-02
   177.2000       4.04139490E-02       4.04069921E-02       4.09124330E-02
   177.3000       4.04137316E-02       4.04065132E-02       4.09120790E-02
   177.4000       4.04135145E-02       4.04062203E-02       4.09117253E-02
   177.5000       4.04132975E-02       4.04060019E-02       4.09113718E-02
   177.6000       4.04130806E-02       4.04060465E-02       4.09110187E-02
   177.7000       4.04128637E-02       4.04059731E-02       4.09106658E-02
   177.8000       4.04126470E-02       4.04059798E-02       4.09103131E-02
   177.9000       4.04124303E-02       4.04054179E-02       4.09099608E-02
   178.0000       4.04122138E-02       4.04053960E-02       4.09096087E-02
   178.1000       4.04119976E-02       4.04050758E-02       4.09092569E-02
   178.2000       4.04117817E-02       4.04048086E-02       4.09089054E-02
   178.3000       4.04115660E-02       4.04048685E-02       4.09085542E-02
   178.4000       4.04113505E-02       4.04043679E-02       4.09082032E-02
   178.5000       4.04111351E-02       4.04045751E-02       4.09078525E-02
   178.6000       4.04109197E-02       4.04038438E-02       4.09075021E-02
   178.7000       4.04107047E-02       4.04038006E-02       4.09071520E-02
   178.8000       4.04104897E-02       4.04040557E-02       4.09068022E-02
   178.9000       4.04102748E-02       4.04039752E-02       4.09064526E-02
   179.0000       4.04100599E-02       4.04036079E-02       4.09061033E-02
   179.1000       4.04098450E-02       4.04032562E-02       4.09057543E-02
   179.2000       4.04096304E-02       4.04035518E-02       4.09054056E-02
   179.3000       4.04094159E-02       4.04029161E-02       4.09050572E-02
   179.4000       4.04092015E-02       4.04027156E-02       4.09047090E-02
   179.5000       4.04089872E-02       4.04030400E-02       4.09043612E-02
   179.6000       4.04087728E-02       4.04027014E-02       4.09040136E-02
   179.7000       4.04085586E-02       4.04022943E-02       4.09036664E-02
   179.8000       4.04083447E-02       4.04021960E-02       4.09033194E-02
   179.9000       4.04081308E-02       4.04018568E-02       4.09029727E-02
   180.0000       4.04079170E-02       4.04017630E-02       4.09026264E-02
   180.1000       4.04077034E-02       4.04012608E-02       4.09022803E-02
   180.2000       4.04074897E-02       4.04014337E-02       4.09019345E-02
   180.3000       4.04072761E-02       4.04014312E-02       4.09015890E-02
   180.4000       4.04070625E-02       4.04010226E-02       4.09012438E-02
   180.5000       4.04068490E-02       4.04008441E-02       4.09008990E-02
   180.6000       4.04066356E-02       4.04008233E-02       4.09005544E-02
   180.7000       4.04064222E-02       4.04004003E-02       4.09002101E-02
   180.8000       4.04062088E-02       4.04006313E-02       4.08998662E-02
   180.9000       4.04059955E-02       4.03997768E-02       4.08995225E-02
   181.0000       4.04057823E-02       4.04000068E-02       4.08991792E-02
   181.1000       4.04055692E-02       4.03995982E-02       4.08988362E-02
   181.2000       4.04053562E-02       4.03995485E-02       4.08984935E-02
   181.3000       4.04051432E-02       4.03992541E-02       4.08981511E-02
   181.4000       4.04049302E-02       4.03994482E-02       4.08978091E-02
   181.5000       4.04047174E-02       4.03990945E-02       4.08974673E-02
   181.6000       4.04045049E-02       4.03990831E-02       4.08971259E-02
   181.7000       4.04042924E-02       4.03987070E-02       4.08967848E-02
   181.8000       4.04040801E-02       4.03983822E-02       4.08964441E-02
   181.9000       4.04038679E-02       4.03983345E-02       4.08961036E-02
   182.0000       4.04036558E-02       4.03983995E-02       4.08957635E-02
   182.1000       4.04034440E-02       4.03980493E-02       4.08954237E-02
   182.2000       4.04032323E-02       4.03978913E-02       4.08950843E-02
   182.3000       4.04030208E-02       4.03976058E-02       4.08947452E-02
   182.4000       4.04028096E-02       4.03974543E-02       4.08944064E-02
   182.5000       4.04025986E-02       4.03973242E-02       4.08940680E-02
   182.6000       4.04023878E-02       4.03971419E-02       4.08937298E-02
   182.7000       4.04021771E-02       4.03968371E-02       4.08933921E-02
   182.8000       4.04019666E-02       4.03970586E-02       4.08930546E-02
   182.9000       4.04017563E-02       4.03968429E-02       4.08927175E-02
   183.0000       4.04015461E-02       4.03963651E-02       4.08923807E-02
   183.1000       4.04013359E-02       4.03962297E-02       4.08920442E-02
   183.2000       4.04011258E-02       4.03959819E-02       4.08917081E-02
   183.3000       4.04009159E-02       4.03954496E-02       4.08913723E-02
   183.4000       4.04007062E-02       4.03961499E-02       4.08910368E-02
   183.5000       4.04004966E-02       4.03955178E-02       4.08907016E-02
   183.6000       4.04002872E-02       4.03952770E-02       4.08903668E-02
   183.7000       4.04000778E-02       4.03952034E-02       4.08900322E-02
   183.8000       4.03998684E-02       4.03951612E-02       4.08896980E-02
   183.9000       4.03996591E-02       4.03950089E-02       4.08893641E-02
   184.0000       4.03994498E-02       4.03947319E-02       4.08890305E-02
   184.1000       4.03992408E-02       4.03945414E-02       4.08886972E-02
   184.2000       4.03990320E-02       4.03942862E-02       4.08883642E-02
   184.3000       4.03988234E-02       4.03941545E-02       4.08880314E-02
   184.4000       4.03986151E-02       4.03941985E-02       4.08876990E-02
   184.5000       4.03984070E-02       4.03938957E-02       4.08873668E-02
   184.6000       4.03981990E-02       4.03935719E-02       4.08870349E-02
   184.7000       4.03979910E-02       4.03935039E-02       4.08867033E-02
   184.8000       4.03977831E-02       4.03930317E-02       4.08863719E-02
   184.9000       4.03975753E-02       4.03929767E-02       4.08860408E-02
   185.0000       4.03973675E-02       4.03928978E-02       4.08857099E-02
   185.1000       4.03971598E-02       4.03926451E-02       4.08853793E-02
   185.2000       4.03969521E-02       4.03924425E-02       4.08850489E-02
   185.3000       4.03967445E-02       4.03926248E-02       4.08847188E-02
   185.4000       4.03965370E-02       4.03922523E-02       4.08843889E-02
   185.5000       4.03963296E-02       4.03920034E-02       4.08840593E-02
   185.6000       4.03961224E-02       4.03920104E-02       4.08837298E-02
   185.7000       4.03959152E-02       4.03917861E-02       4.08834006E-02
   185.8000       4.03957078E-02       4.03914820E-02       4.08830716E-02
   185.9000       4.03955006E-02       4.03912699E-02       4.08827428E-02
   186.0000       4.03952935E-02       4.03911029E-02       4.08824141E-02
   186.1000       4.03950867E-02       4.03907490E-02       4.08820857E-02
   186.2000       4.03948800E-02       4.03906826E-02       4.08817575E-02
   186.3000       4.03946736E-02       4.03904303E-02       4.08814295E-02
   186.4000       4.03944674E-02       4.03905271E-02       4.08811016E-02
   186.5000       4.03942614E-02       4.03904570E-02       4.08807740E-02
   186.6000       4.03940553E-02       4.03900776E-02       4.08804465E-02
   186.7000       4.03938494E-02       4.03900635E-02       4.08801192E-02
   186.8000       4.03936437E-02       4.03896408E-02       4.08797921E-02
   186.9000       4.03934381E-02       4.03896690E-02       4.08794651E-02
   187.0000       4.03932327E-02       4.03892121E-02       4.08791384E-02
   187.1000       4.03930275E-02       4.03892683E-02       4.08788118E-02
   187.2000       4.03928224E-02       4.03891535E-02       4.08784854E-02
   187.3000       4.03926174E-02       4.03891042E-02       4.08781592E-02
   187.4000       4.03924124E-02       4.03892630E-02       4.08778331E-02
   187.5000       4.03922075E-02       4.03885708E-02       4.08775072E-02
   187.6000       4.03920027E-02       4.03884014E-02       4.08771816E-02
   187.7000       4.03917982E-02       4.03881559E-02       4.08768561E-02
   187.8000       4.03915938E-02       4.03882103E-02       4.08765308E-02
   187.9000       4.03913896E-02       4.03880335E-02       4.08762056E-02
   188.0000       4.03911856E-02       4.03878642E-02       4.08758807E-02
   188.1000       4.03909818E-02       4.03877266E-02       4.08755560E-02
   188.2000       4.03907782E-02       4.03872933E-02       4.08752314E-02
   188.3000       4.03905746E-02       4.03871383E-02       4.08749071E-02
   188.4000       4.03903711E-02       4.03867891E-02       4.08745830E-02
   188.5000       4.03901677E-02       4.03868490E-02       4.08742591E-02
   188.6000       4.03899644E-02       4.03866294E-02       4.08739354E-02
   188.7000       4.03897612E-02       4.03866550E-02       4.08736119E-02
   188.8000       4.03895582E-02       4.03863087E-02       4.08732887E-02
   188.9000       4.03893554E-02       4.03861911E-02       4.08729657E-02
   189.0000       4.03891527E-02       4.03860889E-02       4.08726429E-02
   189.1000       4.03889501E-02       4.03857789E-02       4.08723204E-02
   189.2000       4.03887476E-02       4.03857732E-02       4.08719981E-02
   189.3000       4.03885454E-02       4.03855440E-02       4.08716761E-02
   189.4000       4.03883433E-02       4.03854622E-02       4.08713543E-02
   189.5000       4.03881414E-02       4.03852843E-02       4.08710328E-02
   189.6000       4.03879395E-02       4.03853706E-02       4.08707115E-02
   189.7000       4.03877378E-02       4.03845049E-02       4.08703905E-02
   189.8000       4.03875362E-02       4.03847889E-02       4.08700698E-02
   189.9000       4.03873349E-02       4.03844442E-02       4.08697494E-02
   190.0000       4.03871337E-02       4.03843641E-02       4.08694292E-02
   190.1000       4.03869326E-02       4.03844127E-02       4.08691092E-02
   190.2000       4.03867318E-02       4.03840619E-02       4.08687896E-02
   190.3000       4.03865310E-02       4.03838108E-02       4.08684702E-02
   190.4000       4.03863304E-02       4.03833630E-02       4.08681511E-02
   190.5000       4.03861300E-02       4.03832483E-02       4.08678323E-02
   190.6000       4.03859298E-02       4.03832366E-02       4.08675137E-02
   190.7000       4.03857297E-02       4.03831106E-02       4.08671954E-02
   190.8000       4.03855296E-02       4.03830932E-02       4.08668774E-02
   190.9000       4.03853297E-02       4.03824902E-02       4.08665596E-02
   191.0000       4.03851300E-02       4.03826069E-02       4.08662422E-02
   191.1000       4.03849305E-02       4.03823368E-02       4.08659250E-02
   191.2000       4.03847311E-02       4.03820746E-02       4.08656080E-02
   191.3000       4.03845318E-02       4.03821034E-02       4.08652913E-02
   191.4000       4.03843325E-02       4.03818366E-02       4.08649749E-02
   191.5000       4.03841334E-02       4.03816768E-02       4.08646588E-02
   191.6000       4.03839345E-02       4.03812804E-02       4.08643429E-02
   191.7000       4.03837356E-02       4.03812379E-02       4.08640273E-02
   191.8000       4.03835368E-02       4.03810541E-02       4.08637119E-02
   191.9000       4.03833383E-02       4.03809438E-02       4.08633968E-02
   192.0000       4.03831399E-02       4.03808468E-02       4.08630819E-02
   192.1000       4.03829417E-02       4.03806843E-02       4.08627673E-02
   192.2000       4.03827436E-02       4.03804906E-02       4.08624529E-02
   192.3000       4.03825454E-02       4.03801841E-02       4.08621388E-02
   192.4000       4.03823475E-02       4.03802561E-02       4.08618248E-02
   192.5000       4.03821497E-02       4.03797606E-02       4.08615112E-02
   192.6000       4.03819521E-02       4.03800562E-02       4.08611977E-02
   192.7000       4.03817546E-02       4.03800029E-02       4.08608845E-02
   192.8000       4.03815572E-02       4.03795732E-02       4.08605715E-02
   192.9000       4.03813601E-02       4.03789922E-02       4.08602587E-02
   193.0000       4.03811630E-02       4.03792603E-02       4.08599461E-02
   193.1000       4.03809662E-02       4.03788909E-02       4.08596338E-02
   193.2000       4.03807695E-02       4.03786709E-02       4.08593216E-02
   193.3000       4.03805730E-02       4.03784232E-02       4.08590097E-02
   193.4000       4.03803766E-02       4.03783695E-02       4.08586980E-02
   193.5000       4.03801803E-02       4.03781423E-02       4.08583865E-02
   193.6000       4.03799841E-02       4.03778940E-02       4.08580752E-02
   193.7000       4.03797881E-02       4.03781072E-02       4.08577641E-02
   193.8000       4.03795923E-02       4.03777549E-02       4.08574532E-02
   193.9000       4.03793966E-02       4.03775523E-02       4.08571425E-02
   194.0000       4.03792010E-02       4.03772042E-02       4.08568320E-02
   194.1000       4.03790055E-02       4.03774980E-02       4.08565217E-02
   194.2000       4.03788101E-02       4.03770021E-02       4.08562115E-02
   194.3000       4.03786149E-02       4.03768103E-02       4.08559016E-02
   194.4000       4.03784199E-02       4.03766505E-02       4.08555919E-02
   194.5000       4.03782250E-02       4.03765202E-02       4.08552824E-02
   194.6000       4.03780301E-02       4.03763001E-02       4.08549731E-02
   194.7000       4.03778353E-02       4.03761705E-02       4.08546639E-02
   194.8000       4.03776404E-02       4.03757491E-02       4.08543550E-02
   194.9000       4.03774457E-02       4.03757501E-02       4.08540463E-02
   195.0000       4.03772511E-02       4.03756402E-02       4.08537378E-02
   195.1000       4.03770565E-02       4.03756095E-02       4.08534295E-02
   195.2000       4.03768619E-02       4.03753202E-02       4.08531213E-02
   195.3000       4.03766676E-02       4.03751644E-02       4.08528135E-02
   195.4000       4.03764736E-02       4.03750996E-02       4.08525058E-02
   195.5000       4.03762797E-02       4.03748712E-02       4.08521983E-02
   195.6000       4.03760859E-02       4.03748762E-02       4.08518910E-02
   195.7000       4.03758922E-02       4.03745748E-02       4.08515840E-02
   195.8000       4.03756987E-02       4.03743641E-02       4.08512772E-02
   195.9000       4.03755053E-02       4.03742675E-02       4.08509706E-02
   196.0000       4.03753119E-02       4.03741145E-02       4.08506642E-02
   196.1000       4.03751187E-02       4.03739585E-02       4.08503581E-02
   196.2000       4.03749255E-02       4.03737170E-02       4.08500522E-02
   196.3000       4.03747322E-02       4.03736531E-02       4.08497466E-02
   196.4000       4.03745391E-02       4.03733902E-02       4.08494411E-02
   196.5000       4.03743462E-02       4.03729994E-02       4.08491360E-02
   196.6000       4.03741534E-02       4.03730883E-02       4.08488310E-02
   196.7000       4.03739607E-02       4.03726756E-02       4.08485263E-02
   196.8000       4.03737680E-02       4.03726156E-02       4.08482218E-02
   196.9000       4.03735753E-02       4.03723755E-02       4.08479176E-02
   197.0000       4.03733828E-02       4.03723174E-02       4.08476136E-02
   197.1000       4.03731904E-02       4.03722315E-02       4.08473099E-02
   197.2000       4.03729981E-02       4.03718152E-02       4.08470064E-02
   197.3000       4.03728060E-02       4.03720971E-02       4.08467031E-02
   197.4000       4.03726140E-02       4.03718233E-02       4.08464001E-02
   197.5000       4.03724221E-02       4.03715820E-02       4.08460974E-02
   197.6000       4.03722302E-02       4.03715475E-02       4.08457948E-02
   197.7000       4.03720384E-02       4.03711762E-02       4.08454926E-02
   197.8000       4.03718467E-02       4.03708823E-02       4.08451905E-02
   197.9000       4.03716550E-02       4.03705136E-02       4.08448887E-02
   198.0000       4.03714634E-02       4.03706929E-02       4.08445871E-02
   198.1000       4.03712718E-02       4.03703132E-02       4.08442857E-02
   198.2000       4.03710805E-02       4.03702525E-02       4.08439846E-02
   198.3000       4.03708893E-02       4.03700243E-02       4.08436837E-02
   198.4000       4.03706984E-02       4.03699105E-02       4.08433830E-02
   198.5000       4.03705077E-02       4.03698282E-02       4.08430825E-02
   198.6000       4.03703170E-02       4.03698300E-02       4.08427823E-02
   198.7000       4.03701266E-02       4.03694275E-02       4.08424823E-02
   198.8000       4.03699363E-02       4.03690284E-02       4.08421825E-02
   198.9000       4.03697463E-02       4.03689859E-02       4.08418829E-02
   199.0000       4.03695563E-02       4.03688260E-02       4.08415835E-02
   199.1000       4.03693666E-02       4.03689628E-02       4.08412844E-02
   199.2000       4.03691771E-02       4.03687739E-02       4.08409854E-02
   199.3000       4.03689877E-02       4.03685680E-02       4.08406867E-02
   199.4000       4.03687982E-02       4.03683402E-02       4.08403881E-02
   199.5000       4.03686088E-02       4.03682941E-02       4.08400898E-02
   199.6000       4.03684195E-02       4.03679723E-02       4.08397917E-02
   199.7000       4.03682303E-02       4.03679566E-02       4.08394937E-02
   199.8000       4.03680412E-02       4.03674784E-02       4.08391960E-02
   199.9000       4.03678523E-02       4.03673872E-02       4.08388985E-02
   200.0000       4.03676636E-02       4.03671803E-02       4.08386012E-02
   200.1000       4.03674752E-02       4.03670653E-02       4.08383040E-02
   200.2000       4.03672869E-02       4.03668437E-02       4.08380071E-02
   200.3000       4.03670989E-02       4.03669801E-02       4.08377103E-02
   200.4000       4.03669108E-02       4.03665988E-02       4.08374138E-02
   200.5000       4.03667228E-02       4.03663567E-02       4.08371174E-02
   200.6000       4.03665348E-02       4.03662449E-02       4.08368212E-02
   200.7000       4.03663469E-02       4.03662543E-02       4.08365252E-02
   200.8000       4.03661593E-02       4.03659229E-02       4.08362294E-02
   200.9000       4.03659717E-02       4.03654784E-02       4.08359338E-02
   201.0000       4.03657842E-02       4.03657052E-02       4.08356383E-02
   201.1000       4.03655967E-02       4.03654142E-02       4.08353430E-02
   201.2000       4.03654094E-02       4.03651964E-02       4.08350479E-02
   201.3000       4.03652221E-02       4.03651260E-02       4.08347530E-02
   201.4000       4.03650349E-02       4.03649693E-02       4.08344582E-02
   201.5000       4.03648478E-02       4.03648847E-02       4.08341635E-02
   201.6000       4.03646607E-02       4.03646813E-02       4.08338691E-02
   201.7000       4.03644738E-02       4.03644485E-02       4.08335747E-02
   201.8000       4.03642871E-02       4.03643654E-02       4.08332806E-02
   201.9000       4.03641004E-02       4.03639762E-02       4.08329866E-02
   202.0000       4.03639140E-02       4.03640783E-02       4.08326927E-02
   202.1000       4.03637276E-02       4.03636018E-02       4.08323990E-02
   202.2000       4.03635413E-02       4.03634042E-02       4.08321054E-02
   202.3000       4.03633551E-02       4.03636078E-02       4.08318119E-02
   202.4000       4.03631691E-02       4.03633013E-02       4.08315186E-02
   202.5000       4.03629832E-02       4.03631139E-02       4.08312254E-02
   202.6000       4.03627974E-02       4.03631558E-02       4.08309323E-02
   202.7000       4.03626118E-02       4.03628400E-02       4.08306394E-02
   202.8000       4.03624263E-02       4.03626125E-02       4.08303467E-02
   202.9000       4.03622408E-02       4.03625290E-02       4.08300540E-02
   203.0000       4.03620555E-02       4.03626797E-02       4.08297615E-02
   203.1000       4.03618703E-02       4.03620196E-02       4.08294692E-02
   203.2000       4.03616853E-02       4.03619357E-02       4.08291770E-02
   203.3000       4.03615003E-02       4.03615820E-02       4.08288850E-02
   203.4000       4.03613155E-02       4.03618193E-02       4.08285931E-02
   203.5000       4.03611308E-02       4.03614716E-02       4.08283013E-02
   203.6000       4.03609462E-02       4.03613981E-02       4.08280098E-02
   203.7000       4.03607617E-02       4.03613527E-02       4.08277184E-02
   203.8000       4.03605773E-02       4.03609916E-02       4.08274271E-02
   203.9000       4.03603931E-02       4.03605425E-02       4.08271361E-02
   204.0000       4.03602089E-02       4.03606589E-02       4.08268452E-02
   204.1000       4.03600249E-02       4.03606587E-02       4.08265546E-02
   204.2000       4.03598408E-02       4.03605454E-02       4.08262641E-02
   204.3000       4.03596568E-02       4.03599514E-02       4.08259738E-02
   204.4000       4.03594728E-02       4.03598314E-02       4.08256837E-02
   204.5000       4.03592889E-02       4.03599118E-02       4.08253938E-02
   204.6000       4.03591051E-02       4.03599318E-02       4.08251042E-02
   204.7000       4.03589213E-02       4.03593992E-02       4.08248147E-02
   204.8000       4.03587376E-02       4.03592372E-02       4.08245255E-02
   204.9000       4.03585541E-02       4.03591419E-02       4.08242364E-02
   205.0000       4.03583706E-02       4.03591179E-02       4.08239476E-02
   205.1000       4.03581872E-02       4.03587914E-02       4.08236591E-02
   205.2000       4.03580040E-02       4.03586506E-02       4.08233707E-02
   205.3000       4.03578209E-02       4.03585899E-02       4.08230826E-02
   205.4000       4.03576377E-02       4.03582727E-02       4.08227947E-02
   205.5000       4.03574547E-02       4.03580975E-02       4.08225070E-02
   205.6000       4.03572716E-02       4.03580056E-02       4.08222196E-02
   205.7000       4.03570887E-02       4.03578897E-02       4.08219324E-02
   205.8000       4.03569058E-02       4.03579039E-02       4.08216454E-02
   205.9000       4.03567230E-02       4.03575660E-02       4.08213586E-02
   206.0000       4.03565404E-02       4.03574125E-02       4.08210720E-02
   206.1000       4.03563579E-02       4.03572266E-02       4.08207857E-02
   206.2000       4.03561755E-02       4.03571953E-02       4.08204996E-02
   206.3000       4.03559932E-02       4.03568817E-02       4.08202137E-02
   206.4000       4.03558111E-02       4.03567441E-02       4.08199280E-02
   206.5000       4.03556290E-02       4.03565894E-02       4.08196425E-02
   206.6000       4.03554473E-02       4.03565572E-02       4.08193572E-02
   206.7000       4.03552656E-02       4.03562556E-02       4.08190721E-02
   206.8000       4.03550840E-02       4.03562163E-02       4.08187872E-02
   206.9000       4.03549026E-02       4.03559654E-02       4.08185025E-02
   207.0000       4.03547213E-02       4.03559297E-02       4.08182180E-02
   207.1000       4.03545403E-02       4.03555238E-02       4.08179337E-02
   207.2000       4.03543592E-02       4.03552875E-02       4.08176495E-02
   207.3000       4.03541782E-02       4.03552416E-02       4.08173656E-02
   207.4000       4.03539972E-02       4.03552095E-02       4.08170818E-02
   207.5000       4.03538163E-02       4.03548744E-02       4.08167982E-02
   207.6000       4.03536355E-02       4.03544324E-02       4.08165148E-02
   207.7000       4.03534548E-02       4.03544979E-02       4.08162315E-02
   207.8000       4.03532742E-02       4.03543049E-02       4.08159484E-02
   207.9000       4.03530937E-02       4.03543783E-02       4.08156655E-02
   208.0000       4.03529134E-02       4.03540831E-02       4.08153827E-02
   208.1000       4.03527332E-02       4.03540139E-02       4.08151001E-02
   208.2000       4.03525533E-02       4.03538180E-02       4.08148176E-02
   208.3000       4.03523733E-02       4.03538166E-02       4.08145353E-02
   208.4000       4.03521934E-02       4.03534683E-02       4.08142532E-02
   208.5000       4.03520136E-02       4.03534469E-02       4.08139712E-02
   208.6000       4.03518339E-02       4.03532104E-02       4.08136894E-02
   208.7000       4.03516542E-02       4.03530295E-02       4.08134077E-02
   208.8000       4.03514748E-02       4.03531417E-02       4.08131262E-02
   208.9000       4.03512956E-02       4.03526522E-02       4.08128448E-02
   209.0000       4.03511164E-02       4.03526898E-02       4.08125635E-02
   209.1000       4.03509373E-02       4.03526345E-02       4.08122824E-02
   209.2000       4.03507582E-02       4.03520290E-02       4.08120015E-02
   209.3000       4.03505794E-02       4.03520926E-02       4.08117207E-02
   209.4000       4.03504006E-02       4.03518989E-02       4.08114401E-02
   209.5000       4.03502219E-02       4.03519423E-02       4.08111596E-02
   209.6000       4.03500434E-02       4.03517051E-02       4.08108793E-02
   209.7000       4.03498650E-02       4.03512723E-02       4.08105991E-02
   209.8000       4.03496866E-02       4.03512044E-02       4.08103191E-02
   209.9000       4.03495084E-02       4.03510645E-02       4.08100393E-02
   210.0000       4.03493302E-02       4.03509662E-02       4.08097596E-02
   210.1000       4.03491523E-02       4.03507764E-02       4.08094801E-02
   210.2000       4.03489743E-02       4.03507454E-02       4.08092008E-02
   210.3000       4.03487964E-02       4.03504196E-02       4.08089216E-02
   210.4000       4.03486186E-02       4.03503047E-02       4.08086426E-02
   210.5000       4.03484408E-02       4.03503659E-02       4.08083637E-02
   210.6000       4.03482631E-02       4.03499264E-02       4.08080851E-02
   210.7000       4.03480855E-02       4.03497807E-02       4.08078066E-02
   210.8000       4.03479079E-02       4.03496804E-02       4.08075282E-02
   210.9000       4.03477304E-02       4.03494831E-02       4.08072501E-02
   211.0000       4.03475529E-02       4.03492271E-02       4.08069722E-02
   211.1000       4.03473757E-02       4.03491975E-02       4.08066944E-02
   211.2000       4.03471985E-02       4.03488892E-02       4.08064168E-02
   211.3000       4.03470214E-02       4.03489302E-02       4.08061393E-02
   211.4000       4.03468445E-02       4.03488125E-02       4.08058621E-02
   211.5000       4.03466677E-02       4.03485538E-02       4.08055850E-02
   211.6000       4.03464910E-02       4.03484626E-02       4.08053081E-02
   211.7000       4.03463143E-02       4.03482814E-02       4.08050314E-02
   211.8000       4.03461377E-02       4.03479329E-02       4.08047548E-02
   211.9000       4.03459611E-02       4.03479786E-02       4.08044785E-02
   212.0000       4.03457846E-02       4.03479578E-02       4.08042023E-02
   212.1000       4.03456083E-02       4.03476769E-02       4.08039262E-02
   212.2000       4.03454322E-02       4.03473792E-02       4.08036504E-02
   212.3000       4.03452563E-02       4.03472955E-02       4.08033747E-02
   212.4000       4.03450803E-02       4.03470370E-02       4.08030992E-02
   212.5000       4.03449045E-02       4.03468318E-02       4.08028238E-02
   212.6000       4.03447287E-02       4.03468210E-02       4.08025486E-02
   212.7000       4.03445530E-02       4.03466718E-02       4.08022735E-02
   212.8000       4.03443774E-02       4.03462342E-02       4.08019986E-02
   212.9000       4.03442019E-02       4.03461382E-02       4.08017239E-02
   213.0000       4.03440266E-02       4.03461303E-02       4.08014493E-02
   213.1000       4.03438513E-02       4.03459462E-02       4.08011748E-02
   213.2000       4.03436762E-02       4.03458465E-02       4.08009005E-02
   213.3000       4.03435012E-02       4.03455651E-02       4.08006263E-02
   213.4000       4.03433263E-02       4.03453987E-02       4.08003522E-02
   213.5000       4.03431515E-02       4.03452410E-02       4.08000783E-02
   213.6000       4.03429769E-02       4.03450877E-02       4.07998045E-02
   213.7000       4.03428024E-02       4.03452658E-02       4.07995308E-02
   213.8000       4.03426279E-02       4.03449422E-02       4.07992572E-02
   213.9000       4.03424534E-02       4.03447337E-02       4.07989838E-02
   214.0000       4.03422791E-02       4.03447050E-02       4.07987105E-02
   214.1000       4.03421049E-02       4.03444377E-02       4.07984373E-02
   214.2000       4.03419307E-02       4.03441849E-02       4.07981642E-02
   214.3000       4.03417566E-02       4.03440222E-02       4.07978913E-02
   214.4000       4.03415826E-02       4.03438447E-02       4.07976184E-02
   214.5000       4.03414086E-02       4.03437099E-02       4.07973457E-02
   214.6000       4.03412347E-02       4.03437096E-02       4.07970731E-02
   214.7000       4.03410610E-02       4.03434254E-02       4.07968006E-02
   214.8000       4.03408874E-02       4.03433189E-02       4.07965282E-02
   214.9000       4.03407138E-02       4.03432581E-02       4.07962559E-02
   215.0000       4.03405404E-02       4.03429445E-02       4.07959838E-02
   215.1000       4.03403672E-02       4.03429808E-02       4.07957117E-02
   215.2000       4.03401940E-02       4.03425760E-02       4.07954398E-02
   215.3000       4.03400210E-02       4.03423860E-02       4.07951680E-02
   215.4000       4.03398481E-02       4.03421877E-02       4.07948963E-02
   215.5000       4.03396753E-02       4.03423420E-02       4.07946248E-02
   215.6000       4.03395026E-02       4.03421362E-02       4.07943533E-02
   215.7000       4.03393300E-02       4.03419108E-02       4.07940821E-02
   215.8000       4.03391574E-02       4.03417833E-02       4.07938109E-02
   215.9000       4.03389850E-02       4.03414872E-02       4.07935399E-02
   216.0000       4.03388128E-02       4.03415281E-02       4.07932690E-02
   216.1000       4.03386406E-02       4.03413661E-02       4.07929983E-02
   216.2000       4.03384686E-02       4.03411765E-02       4.07927277E-02
   216.3000       4.03382966E-02       4.03408969E-02       4.07924572E-02
   216.4000       4.03381249E-02       4.03406636E-02       4.07921869E-02
   216.5000       4.03379532E-02       4.03406269E-02       4.07919168E-02
   216.6000       4.03377818E-02       4.03402787E-02       4.07916468E-02
   216.7000       4.03376105E-02       4.03404344E-02       4.07913770E-02
   216.8000       4.03374392E-02       4.03402414E-02       4.07911073E-02
   216.9000       4.03372681E-02       4.03399684E-02       4.07908379E-02
   217.0000       4.03370972E-02       4.03397527E-02       4.07905685E-02
   217.1000       4.03369263E-02       4.03396807E-02       4.07902994E-02
   217.2000       4.03367555E-02       4.03394829E-02       4.07900304E-02
   217.3000       4.03365848E-02       4.03394923E-02       4.07897615E-02
   217.4000       4.03364142E-02       4.03391724E-02       4.07894929E-02
   217.5000       4.03362436E-02       4.03390916E-02       4.07892244E-02
   217.6000       4.03360732E-02       4.03389289E-02       4.07889561E-02
   217.7000       4.03359028E-02       4.03388057E-02       4.07886879E-02
   217.8000       4.03357325E-02       4.03386740E-02       4.07884199E-02
   217.9000       4.03355624E-02       4.03387388E-02       4.07881521E-02
   218.0000       4.03353924E-02       4.03383817E-02       4.07878844E-02
   218.1000       4.03352224E-02       4.03382181E-02       4.07876169E-02
   218.2000       4.03350524E-02       4.03378002E-02       4.07873496E-02
   218.3000       4.03348826E-02       4.03377847E-02       4.07870824E-02
   218.4000       4.03347128E-02       4.03377458E-02       4.07868154E-02
   218.5000       4.03345432E-02       4.03374535E-02       4.07865485E-02
   218.6000       4.03343736E-02       4.03374523E-02       4.07862818E-02
   218.7000       4.03342041E-02       4.03372270E-02       4.07860153E-02
   218.8000       4.03340347E-02       4.03370970E-02       4.07857488E-02
   218.9000       4.03338656E-02       4.03366767E-02       4.07854826E-02
   219.0000       4.03336966E-02       4.03369578E-02       4.07852165E-02
   219.1000       4.03335277E-02       4.03366577E-02       4.07849505E-02
   219.2000       4.03333590E-02       4.03363479E-02       4.07846846E-02
   219.3000       4.03331904E-02       4.03361906E-02       4.07844190E-02
   219.4000       4.03330219E-02       4.03360285E-02       4.07841534E-02
   219.5000       4.03328535E-02       4.03358898E-02       4.07838880E-02
   219.6000       4.03326851E-02       4.03357738E-02       4.07836227E-02
   219.7000       4.03325169E-02       4.03357379E-02       4.07833575E-02
   219.8000       4.03323488E-02       4.03355226E-02       4.07830925E-02
   219.9000       4.03321808E-02       4.03351464E-02       4.07828276E-02
   220.0000       4.03320128E-02       4.03352012E-02       4.07825629E-02
   220.1000       4.03318449E-02       4.03349586E-02       4.07822982E-02
   220.2000       4.03316773E-02       4.03349939E-02       4.07820337E-02
   220.3000       4.03315097E-02       4.03348251E-02       4.07817693E-02
   220.4000       4.03313424E-02       4.03348135E-02       4.07815051E-02
   220.5000       4.03311752E-02       4.03345417E-02       4.07812410E-02
   220.6000       4.03310081E-02       4.03340833E-02       4.07809770E-02
   220.7000       4.03308411E-02       4.03340524E-02       4.07807131E-02
   220.8000       4.03306740E-02       4.03339608E-02       4.07804493E-02
   220.9000       4.03305071E-02       4.03337725E-02       4.07801857E-02
   221.0000       4.03303403E-02       4.03337844E-02       4.07799222E-02
   221.1000       4.03301737E-02       4.03336742E-02       4.07796588E-02
   221.2000       4.03300072E-02       4.03333279E-02       4.07793956E-02
   221.3000       4.03298407E-02       4.03332294E-02       4.07791325E-02
   221.4000       4.03296744E-02       4.03331448E-02       4.07788695E-02
   221.5000       4.03295082E-02       4.03328329E-02       4.07786066E-02
   221.6000       4.03293420E-02       4.03327963E-02       4.07783439E-02
   221.7000       4.03291760E-02       4.03326900E-02       4.07780813E-02
   221.8000       4.03290100E-02       4.03324353E-02       4.07778188E-02
   221.9000       4.03288442E-02       4.03322399E-02       4.07775564E-02
   222.0000       4.03286785E-02       4.03320932E-02       4.07772942E-02
   222.1000       4.03285130E-02       4.03318760E-02       4.07770321E-02
   222.2000       4.03283475E-02       4.03316389E-02       4.07767701E-02
   222.3000       4.03281821E-02       4.03316783E-02       4.07765082E-02
   222.4000       4.03280167E-02       4.03317586E-02       4.07762465E-02
   222.5000       4.03278515E-02       4.03311421E-02       4.07759849E-02
   222.6000       4.03276864E-02       4.03311426E-02       4.07757234E-02
   222.7000       4.03275212E-02       4.03310437E-02       4.07754620E-02
   222.8000       4.03273561E-02       4.03307242E-02       4.07752008E-02
   222.9000       4.03271910E-02       4.03306822E-02       4.07749397E-02
   223.0000       4.03270261E-02       4.03306011E-02       4.07746787E-02
   223.1000       4.03268612E-02       4.03303871E-02       4.07744179E-02
   223.2000       4.03266963E-02       4.03303169E-02       4.07741572E-02
   223.3000       4.03265317E-02       4.03302480E-02       4.07738966E-02
   223.4000       4.03263671E-02       4.03299929E-02       4.07736362E-02
   223.5000       4.03262027E-02       4.03298476E-02       4.07733759E-02
   223.6000       4.03260384E-02       4.03297833E-02       4.07731157E-02
   223.7000       4.03258741E-02       4.03294733E-02       4.07728557E-02
   223.8000       4.03257099E-02       4.03295180E-02       4.07725958E-02
   223.9000       4.03255457E-02       4.03291711E-02       4.07723361E-02
   224.0000       4.03253817E-02       4.03289752E-02       4.07720764E-02
   224.1000       4.03252178E-02       4.03288536E-02       4.07718170E-02
   224.2000       4.03250540E-02       4.03286854E-02       4.07715576E-02
   224.3000       4.03248903E-02       4.03285436E-02       4.07712985E-02
   224.4000       4.03247266E-02       4.03285009E-02       4.07710394E-02
   224.5000       4.03245630E-02       4.03283459E-02       4.07707805E-02
   224.6000       4.03243995E-02       4.03282594E-02       4.07705218E-02
   224.7000       4.03242363E-02       4.03280118E-02       4.07702631E-02
   224.8000       4.03240731E-02       4.03280289E-02       4.07700047E-02
   224.9000       4.03239100E-02       4.03277215E-02       4.07697464E-02
   225.0000       4.03237469E-02       4.03274655E-02       4.07694882E-02
   225.1000       4.03235839E-02       4.03275066E-02       4.07692302E-02
   225.2000       4.03234210E-02       4.03276111E-02       4.07689723E-02
   225.3000       4.03232584E-02       4.03271739E-02       4.07687146E-02
   225.4000       4.03230960E-02       4.03269219E-02       4.07684571E-02
   225.5000       4.03229337E-02       4.03269094E-02       4.07681997E-02
   225.6000       4.03227713E-02       4.03267150E-02       4.07679424E-02
   225.7000       4.03226090E-02       4.03264239E-02       4.07676853E-02
   225.8000       4.03224469E-02       4.03263359E-02       4.07674284E-02
   225.9000       4.03222848E-02       4.03264219E-02       4.07671715E-02
   226.0000       4.03221230E-02       4.03262271E-02       4.07669149E-02
   226.1000       4.03219613E-02       4.03260476E-02       4.07666584E-02
   226.2000       4.03217996E-02       4.03256977E-02       4.07664020E-02
   226.3000       4.03216380E-02       4.03255244E-02       4.07661458E-02
   226.4000       4.03214764E-02       4.03255188E-02       4.07658897E-02
   226.5000       4.03213150E-02       4.03255750E-02       4.07656337E-02
   226.6000       4.03211538E-02       4.03251807E-02       4.07653779E-02
   226.7000       4.03209928E-02       4.03250918E-02       4.07651222E-02
   226.8000       4.03208319E-02       4.03248025E-02       4.07648666E-02
   226.9000       4.03206710E-02       4.03247151E-02       4.07646112E-02
   227.0000       4.03205103E-02       4.03244948E-02       4.07643559E-02
   227.1000       4.03203497E-02       4.03243554E-02       4.07641007E-02
   227.2000       4.03201892E-02       4.03244005E-02       4.07638456E-02
   227.3000       4.03200288E-02       4.03242321E-02       4.07635907E-02
   227.4000       4.03198686E-02       4.03239657E-02       4.07633358E-02
   227.5000       4.03197084E-02       4.03239648E-02       4.07630811E-02
   227.6000       4.03195484E-02       4.03236899E-02       4.07628265E-02
   227.7000       4.03193884E-02       4.03235658E-02       4.07625720E-02
   227.8000       4.03192285E-02       4.03234711E-02       4.07623176E-02
   227.9000       4.03190687E-02       4.03234408E-02       4.07620633E-02
   228.0000       4.03189089E-02       4.03229793E-02       4.07618091E-02
   228.1000       4.03187491E-02       4.03228527E-02       4.07615550E-02
   228.2000       4.03185894E-02       4.03228657E-02       4.07613011E-02
   228.3000       4.03184298E-02       4.03228447E-02       4.07610472E-02
   228.4000       4.03182704E-02       4.03224206E-02       4.07607934E-02
   228.5000       4.03181112E-02       4.03223789E-02       4.07605397E-02
   228.6000       4.03179522E-02       4.03221228E-02       4.07602861E-02
   228.7000       4.03177933E-02       4.03220602E-02       4.07600326E-02
   228.8000       4.03176343E-02       4.03220318E-02       4.07597792E-02
   228.9000       4.03174753E-02       4.03219017E-02       4.07595259E-02
   229.0000       4.03173163E-02       4.03218536E-02       4.07592727E-02
   229.1000       4.03171573E-02       4.03215763E-02       4.07590196E-02
   229.2000       4.03169985E-02       4.03213694E-02       4.07587666E-02
   229.3000       4.03168398E-02       4.03212315E-02       4.07585136E-02
   229.4000       4.03166813E-02       4.03209941E-02       4.07582608E-02
   229.5000       4.03165230E-02       4.03208417E-02       4.07580080E-02
   229.6000       4.03163646E-02       4.03207108E-02       4.07577554E-02
   229.7000       4.03162064E-02       4.03207133E-02       4.07575028E-02
   229.8000       4.03160483E-02       4.03204336E-02       4.07572503E-02
   229.9000       4.03158901E-02       4.03202313E-02       4.07569979E-02
   230.0000       4.03157320E-02       4.03201352E-02       4.07567456E-02
   230.1000       4.03155740E-02       4.03198848E-02       4.07564934E-02
   230.2000       4.03154160E-02       4.03199733E-02       4.07562412E-02
   230.3000       4.03152580E-02       4.03198370E-02       4.07559892E-02
   230.4000       4.03151002E-02       4.03195432E-02       4.07557372E-02
   230.5000       4.03149425E-02       4.03194035E-02       4.07554853E-02
   230.6000       4.03147850E-02       4.03192789E-02       4.07552335E-02
   230.7000       4.03146275E-02       4.03190981E-02       4.07549818E-02
   230.8000       4.03144701E-02       4.03189957E-02       4.07547302E-02
   230.9000       4.03143129E-02       4.03186243E-02       4.07544787E-02
   231.0000       4.03141558E-02       4.03187287E-02       4.07542273E-02
   231.1000       4.03139989E-02       4.03184666E-02       4.07539760E-02
   231.2000       4.03138421E-02       4.03184460E-02       4.07537247E-02
   231.3000       4.03136855E-02       4.03182767E-02       4.07534736E-02
   231.4000       4.03135289E-02       4.03182386E-02       4.07532226E-02
   231.5000       4.03133724E-02       4.03181380E-02       4.07529716E-02
   231.6000       4.03132160E-02       4.03176483E-02       4.07527208E-02
   231.7000       4.03130596E-02       4.03177223E-02       4.07524701E-02
   231.8000       4.03129032E-02       4.03176772E-02       4.07522194E-02
   231.9000       4.03127469E-02       4.03173056E-02       4.07519689E-02
   232.0000       4.03125906E-02       4.03172022E-02       4.07517185E-02
   232.1000       4.03124345E-02       4.03171355E-02       4.07514682E-02
   232.2000       4.03122785E-02       4.03170998E-02       4.07512181E-02
   232.3000       4.03121225E-02       4.03166967E-02       4.07509680E-02
   232.4000       4.03119666E-02       4.03165451E-02       4.07507181E-02
   232.5000       4.03118107E-02       4.03166273E-02       4.07504683E-02
   232.6000       4.03116551E-02       4.03163070E-02       4.07502186E-02
   232.7000       4.03114995E-02       4.03163649E-02       4.07499691E-02
   232.8000       4.03113440E-02       4.03159958E-02       4.07497196E-02
   232.9000       4.03111886E-02       4.03158525E-02       4.07494703E-02
   233.0000       4.03110334E-02       4.03158835E-02       4.07492212E-02
   233.1000       4.03108784E-02       4.03157131E-02       4.07489721E-02
   233.2000       4.03107234E-02       4.03154717E-02       4.07487232E-02
   233.3000       4.03105685E-02       4.03152767E-02       4.07484744E-02
   233.4000       4.03104138E-02       4.03151520E-02       4.07482258E-02
   233.5000       4.03102591E-02       4.03150835E-02       4.07479772E-02
   233.6000       4.03101045E-02       4.03150375E-02       4.07477288E-02
   233.7000       4.03099498E-02       4.03147359E-02       4.07474805E-02
   233.8000       4.03097952E-02       4.03145291E-02       4.07472324E-02
   233.9000       4.03096408E-02       4.03145406E-02       4.07469844E-02
   234.0000       4.03094865E-02       4.03142548E-02       4.07467365E-02
   234.1000       4.03093323E-02       4.03141381E-02       4.07464887E-02
   234.2000       4.03091782E-02       4.03141675E-02       4.07462410E-02
   234.3000       4.03090242E-02       4.03140806E-02       4.07459935E-02
   234.4000       4.03088703E-02       4.03137352E-02       4.07457460E-02
   234.5000       4.03087166E-02       4.03137300E-02       4.07454987E-02
   234.6000       4.03085629E-02       4.03135453E-02       4.07452515E-02
   234.7000       4.03084093E-02       4.03132355E-02       4.07450044E-02
   234.8000       4.03082557E-02       4.03131574E-02       4.07447574E-02
   234.9000       4.03081022E-02       4.03130002E-02       4.07445105E-02
   235.0000       4.03079489E-02       4.03127637E-02       4.07442637E-02
   235.1000       4.03077956E-02       4.03126432E-02       4.07440169E-02
   235.2000       4.03076425E-02       4.03126958E-02       4.07437703E-02
   235.3000       4.03074895E-02       4.03122866E-02       4.07435238E-02
   235.4000       4.03073365E-02       4.03122919E-02       4.07432774E-02
   235.5000       4.03071836E-02       4.03122934E-02       4.07430311E-02
   235.6000       4.03070307E-02       4.03119693E-02       4.07427848E-02
   235.7000       4.03068780E-02       4.03120049E-02       4.07425387E-02
   235.8000       4.03067253E-02       4.03118646E-02       4.07422926E-02
   235.9000       4.03065727E-02       4.03114843E-02       4.07420467E-02
   236.0000       4.03064203E-02       4.03114098E-02       4.07418008E-02
   236.1000       4.03062679E-02       4.03113135E-02       4.07415550E-02
   236.2000       4.03061157E-02       4.03112125E-02       4.07413093E-02
   236.3000       4.03059636E-02       4.03111130E-02       4.07410637E-02
   236.4000       4.03058116E-02       4.03108260E-02       4.07408182E-02
   236.5000       4.03056597E-02       4.03107485E-02       4.07405728E-02
   236.6000       4.03055079E-02       4.03105405E-02       4.07403274E-02
   236.7000       4.03053561E-02       4.03105783E-02       4.07400822E-02
   236.8000       4.03052043E-02       4.03103463E-02       4.07398370E-02
   236.9000       4.03050526E-02       4.03102567E-02       4.07395919E-02
   237.0000       4.03049010E-02       4.03099427E-02       4.07393469E-02
   237.1000       4.03047494E-02       4.03098731E-02       4.07391020E-02
   237.2000       4.03045977E-02       4.03096598E-02       4.07388571E-02
   237.3000       4.03044461E-02       4.03095665E-02       4.07386124E-02
   237.4000       4.03042946E-02       4.03092710E-02       4.07383677E-02
   237.5000       4.03041431E-02       4.03092865E-02       4.07381231E-02
   237.6000       4.03039919E-02       4.03091857E-02       4.07378786E-02
   237.7000       4.03038407E-02       4.03090953E-02       4.07376342E-02
   237.8000       4.03036897E-02       4.03089409E-02       4.07373898E-02
   237.9000       4.03035388E-02       4.03087638E-02       4.07371456E-02
   238.0000       4.03033878E-02       4.03087502E-02       4.07369014E-02
   238.1000       4.03032370E-02       4.03084779E-02       4.07366573E-02
   238.2000       4.03030861E-02       4.03083050E-02       4.07364133E-02
   238.3000       4.03029352E-02       4.03080800E-02       4.07361694E-02
   238.4000       4.03027845E-02       4.03080312E-02       4.07359255E-02
   238.5000       4.03026338E-02       4.03078321E-02       4.07356817E-02
   238.6000       4.03024832E-02       4.03078909E-02       4.07354380E-02
   238.7000       4.03023327E-02       4.03076160E-02       4.07351944E-02
   238.8000       4.03021823E-02       4.03075162E-02       4.07349509E-02
   238.9000       4.03020321E-02       4.03073252E-02       4.07347074E-02
   239.0000       4.03018820E-02       4.03071455E-02       4.07344640E-02
   239.1000       4.03017321E-02       4.03071810E-02       4.07342207E-02
   239.2000       4.03015822E-02       4.03068958E-02       4.07339775E-02
   239.3000       4.03014324E-02       4.03068143E-02       4.07337344E-02
   239.4000       4.03012826E-02       4.03067035E-02       4.07334914E-02
   239.5000       4.03011328E-02       4.03066040E-02       4.07332484E-02
   239.6000       4.03009832E-02       4.03062818E-02       4.07330056E-02
   239.7000       4.03008337E-02       4.03062520E-02       4.07327628E-02
   239.8000       4.03006843E-02       4.03060391E-02       4.07325201E-02
   239.9000       4.03005349E-02       4.03060023E-02       4.07322775E-02
   240.0000       4.03003856E-02       4.03058789E-02       4.07320350E-02
   240.1000       4.03002363E-02       4.03055684E-02       4.07317927E-02
   240.2000       4.03000871E-02       4.03054957E-02       4.07315504E-02
   240.3000       4.02999380E-02       4.03055474E-02       4.07313082E-02
   240.4000       4.02997890E-02       4.03053126E-02       4.07310661E-02
   240.5000       4.02996402E-02       4.03051370E-02       4.07308241E-02
   240.6000       4.02994915E-02       4.03049620E-02       4.07305822E-02
   240.7000       4.02993429E-02       4.03048776E-02       4.07303404E-02
   240.8000       4.02991944E-02       4.03046945E-02       4.07300987E-02
   240.9000       4.02990459E-02       4.03044685E-02       4.07298572E-02
   241.0000       4.02988976E-02       4.03044054E-02       4.07296157E-02
   241.1000       4.02987495E-02       4.03042116E-02       4.07293744E-02
   241.2000       4.02986016E-02       4.03042127E-02       4.07291331E-02
   241.3000       4.02984537E-02       4.03039646E-02       4.07288920E-02
   241.4000       4.02983059E-02       4.03038944E-02       4.07286509E-02
   241.5000       4.02981582E-02       4.03036366E-02       4.07284100E-02
   241.6000       4.02980105E-02       4.03036083E-02       4.07281692E-02
   241.7000       4.02978628E-02       4.03033947E-02       4.07279285E-02
   241.8000       4.02977152E-02       4.03032148E-02       4.07276879E-02
   241.9000       4.02975678E-02       4.03032522E-02       4.07274474E-02
   242.0000       4.02974204E-02       4.03030988E-02       4.07272070E-02
   242.1000       4.02972732E-02       4.03028890E-02       4.07269667E-02
   242.2000       4.02971262E-02       4.03026309E-02       4.07267265E-02
   242.3000       4.02969792E-02       4.03025609E-02       4.07264864E-02
   242.4000       4.02968323E-02       4.03025715E-02       4.07262464E-02
   242.5000       4.02966856E-02       4.03023317E-02       4.07260066E-02
   242.6000       4.02965390E-02       4.03021141E-02       4.07257668E-02
   242.7000       4.02963925E-02       4.03018726E-02       4.07255271E-02
   242.8000       4.02962462E-02       4.03019539E-02       4.07252875E-02
   242.9000       4.02960999E-02       4.03016731E-02       4.07250480E-02
   243.0000       4.02959537E-02       4.03016367E-02       4.07248086E-02
   243.1000       4.02958076E-02       4.03014110E-02       4.07245693E-02
   243.2000       4.02956616E-02       4.03014948E-02       4.07243301E-02
   243.3000       4.02955157E-02       4.03012192E-02       4.07240910E-02
   243.4000       4.02953700E-02       4.03009101E-02       4.07238519E-02
   243.5000       4.02952243E-02       4.03009448E-02       4.07236130E-02
   243.6000       4.02950787E-02       4.03007993E-02       4.07233741E-02
   243.7000       4.02949333E-02       4.03005526E-02       4.07231353E-02
   243.8000       4.02947880E-02       4.03005841E-02       4.07228966E-02
   243.9000       4.02946429E-02       4.03003433E-02       4.07226579E-02
   244.0000       4.02944978E-02       4.03003132E-02       4.07224194E-02
   244.1000       4.02943525E-02       4.03001445E-02       4.07221809E-02
   244.2000       4.02942073E-02       4.02999787E-02       4.07219425E-02
   244.3000       4.02940622E-02       4.02997416E-02       4.07217042E-02
   244.4000       4.02939171E-02       4.02998288E-02       4.07214659E-02
   244.5000       4.02937721E-02       4.02995038E-02       4.07212277E-02
   244.6000       4.02936271E-02       4.02994337E-02       4.07209896E-02
   244.7000       4.02934823E-02       4.02994297E-02       4.07207516E-02
   244.8000       4.02933375E-02       4.02990733E-02       4.07205137E-02
   244.9000       4.02931929E-02       4.02991105E-02       4.07202758E-02
   245.0000       4.02930484E-02       4.02988698E-02       4.07200379E-02
   245.1000       4.02929039E-02       4.02987413E-02       4.07198002E-02
   245.2000       4.02927595E-02       4.02985648E-02       4.07195625E-02
   245.3000       4.02926152E-02       4.02983817E-02       4.07193249E-02
   245.4000       4.02924710E-02       4.02983474E-02       4.07190874E-02
   245.5000       4.02923268E-02       4.02981784E-02       4.07188499E-02
   245.6000       4.02921828E-02       4.02979408E-02       4.07186126E-02
   245.7000       4.02920390E-02       4.02977695E-02       4.07183753E-02
   245.8000       4.02918953E-02       4.02976728E-02       4.07181380E-02
   245.9000       4.02917516E-02       4.02977412E-02       4.07179009E-02
   246.0000       4.02916081E-02       4.02975195E-02       4.07176638E-02
   246.1000       4.02914646E-02       4.02973747E-02       4.07174268E-02
   246.2000       4.02913212E-02       4.02973116E-02       4.07171899E-02
   246.3000       4.02911780E-02       4.02970749E-02       4.07169531E-02
   246.4000       4.02910348E-02       4.02968308E-02       4.07167163E-02
   246.5000       4.02908917E-02       4.02968527E-02       4.07164796E-02
   246.6000       4.02907487E-02       4.02966124E-02       4.07162430E-02
   246.7000       4.02906058E-02       4.02964531E-02       4.07160065E-02
   246.8000       4.02904630E-02       4.02966430E-02       4.07157701E-02
   246.9000       4.02903203E-02       4.02961428E-02       4.07155337E-02
   247.0000       4.02901778E-02       4.02961895E-02       4.07152974E-02
   247.1000       4.02900353E-02       4.02959758E-02       4.07150612E-02
   247.2000       4.02898928E-02       4.02958766E-02       4.07148250E-02
   247.3000       4.02897504E-02       4.02957070E-02       4.07145890E-02
   247.4000       4.02896081E-02       4.02955770E-02       4.07143530E-02
   247.5000       4.02894659E-02       4.02954298E-02       4.07141171E-02
   247.6000       4.02893237E-02       4.02955069E-02       4.07138813E-02
   247.7000       4.02891815E-02       4.02951839E-02       4.07136456E-02
   247.8000       4.02890395E-02       4.02950312E-02       4.07134099E-02
   247.9000       4.02888976E-02       4.02948602E-02       4.07131744E-02
   248.0000       4.02887559E-02       4.02948114E-02       4.07129389E-02
   248.1000       4.02886143E-02       4.02945521E-02       4.07127035E-02
   248.2000       4.02884729E-02       4.02946643E-02       4.07124682E-02
   248.3000       4.02883315E-02       4.02944133E-02       4.07122330E-02
   248.4000       4.02881901E-02       4.02943322E-02       4.07119978E-02
   248.5000       4.02880489E-02       4.02940596E-02       4.07117628E-02
   248.6000       4.02879077E-02       4.02940330E-02       4.07115278E-02
   248.7000       4.02877667E-02       4.02938799E-02       4.07112929E-02
   248.8000       4.02876258E-02       4.02936166E-02       4.07110581E-02
   248.9000       4.02874849E-02       4.02935605E-02       4.07108233E-02
   249.0000       4.02873441E-02       4.02935121E-02       4.07105887E-02
   249.1000       4.02872034E-02       4.02933554E-02       4.07103541E-02
   249.2000       4.02870628E-02       4.02930859E-02       4.07101196E-02
   249.3000       4.02869223E-02       4.02930604E-02       4.07098851E-02
   249.4000       4.02867818E-02       4.02930294E-02       4.07096507E-02
   249.5000       4.02866414E-02       4.02928227E-02       4.07094164E-02
   249.6000       4.02865011E-02       4.02925930E-02       4.07091822E-02
   249.7000       4.02863609E-02       4.02925849E-02       4.07089480E-02
   249.8000       4.02862207E-02       4.02923660E-02       4.07087139E-02
   249.9000       4.02860807E-02       4.02922932E-02       4.07084799E-02
   250.0000       4.02859408E-02       4.02921521E-02       4.07082459E-02
   250.1000       4.02858010E-02       4.02920752E-02       4.07080121E-02
   250.2000       4.02856614E-02       4.02918210E-02       4.07077782E-02
   250.3000       4.02855218E-02       4.02919130E-02       4.07075445E-02
   250.4000       4.02853823E-02       4.02916060E-02       4.07073108E-02
   250.5000       4.02852428E-02       4.02914143E-02       4.07070772E-02
   250.6000       4.02851035E-02       4.02913500E-02       4.07068436E-02
   250.7000       4.02849643E-02       4.02912910E-02       4.07066101E-02
   250.8000       4.02848252E-02       4.02911009E-02       4.07063767E-02
   250.9000       4.02846862E-02       4.02909625E-02       4.07061434E-02
   251.0000       4.02845474E-02       4.02907687E-02       4.07059101E-02
   251.1000       4.02844086E-02       4.02906332E-02       4.07056770E-02
   251.2000       4.02842698E-02       4.02906534E-02       4.07054439E-02
   251.3000       4.02841311E-02       4.02904329E-02       4.07052108E-02
   251.4000       4.02839925E-02       4.02902927E-02       4.07049779E-02
   251.5000       4.02838539E-02       4.02902246E-02       4.07047450E-02
   251.6000       4.02837152E-02       4.02900046E-02       4.07045122E-02
   251.7000       4.02835767E-02       4.02898828E-02       4.07042795E-02
   251.8000       4.02834382E-02       4.02897457E-02       4.07040469E-02
   251.9000       4.02832998E-02       4.02897022E-02       4.07038144E-02
   252.0000       4.02831615E-02       4.02895574E-02       4.07035819E-02
   252.1000       4.02830232E-02       4.02893176E-02       4.07033495E-02
   252.2000       4.02828850E-02       4.02890622E-02       4.07031172E-02
   252.3000       4.02827470E-02       4.02891182E-02       4.07028851E-02
   252.4000       4.02826091E-02       4.02890318E-02       4.07026529E-02
   252.5000       4.02824713E-02       4.02887481E-02       4.07024209E-02
   252.6000       4.02823335E-02       4.02887636E-02       4.07021890E-02
   252.7000       4.02821958E-02       4.02887098E-02       4.07019572E-02
   252.8000       4.02820582E-02       4.02885212E-02       4.07017254E-02
   252.9000       4.02819207E-02       4.02884178E-02       4.07014937E-02
   253.0000       4.02817833E-02       4.02881406E-02       4.07012622E-02
   253.1000       4.02816459E-02       4.02880311E-02       4.07010307E-02
   253.2000       4.02815086E-02       4.02880136E-02       4.07007993E-02
   253.3000       4.02813713E-02       4.02878155E-02       4.07005679E-02
   253.4000       4.02812341E-02       4.02875838E-02       4.07003367E-02
   253.5000       4.02810970E-02       4.02875407E-02       4.07001055E-02
   253.6000       4.02809600E-02       4.02872826E-02       4.06998744E-02
   253.7000       4.02808231E-02       4.02873265E-02       4.06996434E-02
   253.8000       4.02806862E-02       4.02871679E-02       4.06994124E-02
   253.9000       4.02805494E-02       4.02869120E-02       4.06991816E-02
   254.0000       4.02804128E-02       4.02869700E-02       4.06989508E-02
   254.1000       4.02802763E-02       4.02868026E-02       4.06987200E-02
   254.2000       4.02801398E-02       4.02865527E-02       4.06984893E-02
   254.3000       4.02800032E-02       4.02865641E-02       4.06982587E-02
   254.4000       4.02798668E-02       4.02862991E-02       4.06980282E-02
   254.5000       4.02797305E-02       4.02863032E-02       4.06977977E-02
   254.6000       4.02795943E-02       4.02861095E-02       4.06975672E-02
   254.7000       4.02794582E-02       4.02860495E-02       4.06973368E-02
   254.8000       4.02793223E-02       4.02859062E-02       4.06971064E-02
   254.9000       4.02791864E-02       4.02855509E-02       4.06968762E-02
   255.0000       4.02790507E-02       4.02855856E-02       4.06966459E-02
   255.1000       4.02789151E-02       4.02854420E-02       4.06964157E-02
   255.2000       4.02787795E-02       4.02853677E-02       4.06961856E-02
   255.3000       4.02786439E-02       4.02853006E-02       4.06959555E-02
   255.4000       4.02785085E-02       4.02850531E-02       4.06957254E-02
   255.5000       4.02783732E-02       4.02847987E-02       4.06954954E-02
   255.6000       4.02782380E-02       4.02847602E-02       4.06952655E-02
   255.7000       4.02781029E-02       4.02847183E-02       4.06950356E-02
   255.8000       4.02779679E-02       4.02845028E-02       4.06948057E-02
   255.9000       4.02778331E-02       4.02845525E-02       4.06945759E-02
   256.0000       4.02776984E-02       4.02843562E-02       4.06943461E-02
   256.1000       4.02775637E-02       4.02841336E-02       4.06941163E-02
   256.2000       4.02774292E-02       4.02840331E-02       4.06938866E-02
   256.3000       4.02772948E-02       4.02838040E-02       4.06936570E-02
   256.4000       4.02771604E-02       4.02836607E-02       4.06934274E-02
   256.5000       4.02770262E-02       4.02835634E-02       4.06931978E-02
   256.6000       4.02768921E-02       4.02834126E-02       4.06929683E-02
   256.7000       4.02767581E-02       4.02833746E-02       4.06927389E-02
   256.8000       4.02766241E-02       4.02833613E-02       4.06925095E-02
   256.9000       4.02764903E-02       4.02831927E-02       4.06922802E-02
   257.0000       4.02763564E-02       4.02829874E-02       4.06920509E-02
   257.1000       4.02762227E-02       4.02828160E-02       4.06918217E-02
   257.2000       4.02760890E-02       4.02828342E-02       4.06915925E-02
   257.3000       4.02759556E-02       4.02826636E-02       4.06913635E-02
   257.4000       4.02758221E-02       4.02825065E-02       4.06911344E-02
   257.5000       4.02756887E-02       4.02823505E-02       4.06909055E-02
   257.6000       4.02755554E-02       4.02822486E-02       4.06906766E-02
   257.7000       4.02754223E-02       4.02820167E-02       4.06904478E-02
   257.8000       4.02752893E-02       4.02819947E-02       4.06902191E-02
   257.9000       4.02751564E-02       4.02819346E-02       4.06899905E-02
   258.0000       4.02750237E-02       4.02817766E-02       4.06897619E-02
   258.1000       4.02748910E-02       4.02816385E-02       4.06895334E-02
   258.2000       4.02747584E-02       4.02814896E-02       4.06893050E-02
   258.3000       4.02746259E-02       4.02813271E-02       4.06890767E-02
   258.4000       4.02744934E-02       4.02812476E-02       4.06888485E-02
   258.5000       4.02743610E-02       4.02810841E-02       4.06886204E-02
   258.6000       4.02742287E-02       4.02809491E-02       4.06883924E-02
   258.7000       4.02740965E-02       4.02807561E-02       4.06881644E-02
   258.8000       4.02739645E-02       4.02806613E-02       4.06879366E-02
   258.9000       4.02738325E-02       4.02805135E-02       4.06877088E-02
   259.0000       4.02737007E-02       4.02803478E-02       4.06874811E-02
   259.1000       4.02735689E-02       4.02802227E-02       4.06872535E-02
   259.2000       4.02734373E-02       4.02801915E-02       4.06870260E-02
   259.3000       4.02733057E-02       4.02800934E-02       4.06867986E-02
   259.4000       4.02731742E-02       4.02798578E-02       4.06865713E-02
   259.5000       4.02730427E-02       4.02798361E-02       4.06863440E-02
   259.6000       4.02729114E-02       4.02798033E-02       4.06861169E-02
   259.7000       4.02727800E-02       4.02796697E-02       4.06858898E-02
   259.8000       4.02726488E-02       4.02794250E-02       4.06856628E-02
   259.9000       4.02725178E-02       4.02793351E-02       4.06854358E-02
   260.0000       4.02723868E-02       4.02792793E-02       4.06852090E-02
   260.1000       4.02722558E-02       4.02791227E-02       4.06849822E-02
   260.2000       4.02721250E-02       4.02789377E-02       4.06847555E-02
   260.3000       4.02719942E-02       4.02789085E-02       4.06845289E-02
   260.4000       4.02718635E-02       4.02787257E-02       4.06843023E-02
   260.5000       4.02717329E-02       4.02785715E-02       4.06840758E-02
   260.6000       4.02716024E-02       4.02784537E-02       4.06838494E-02
   260.7000       4.02714721E-02       4.02783967E-02       4.06836231E-02
   260.8000       4.02713417E-02       4.02781143E-02       4.06833968E-02
   260.9000       4.02712115E-02       4.02780794E-02       4.06831705E-02
   261.0000       4.02710814E-02       4.02779205E-02       4.06829444E-02
   261.1000       4.02709513E-02       4.02778068E-02       4.06827183E-02
   261.2000       4.02708214E-02       4.02776679E-02       4.06824923E-02
   261.3000       4.02706914E-02       4.02775794E-02       4.06822663E-02
   261.4000       4.02705616E-02       4.02775678E-02       4.06820405E-02
   261.5000       4.02704319E-02       4.02772941E-02       4.06818146E-02
   261.6000       4.02703023E-02       4.02772972E-02       4.06815889E-02
   261.7000       4.02701727E-02       4.02771614E-02       4.06813632E-02
   261.8000       4.02700432E-02       4.02769406E-02       4.06811376E-02
   261.9000       4.02699137E-02       4.02768243E-02       4.06809120E-02
   262.0000       4.02697844E-02       4.02767392E-02       4.06806865E-02
   262.1000       4.02696552E-02       4.02766413E-02       4.06804611E-02
   262.2000       4.02695262E-02       4.02764113E-02       4.06802357E-02
   262.3000       4.02693972E-02       4.02763235E-02       4.06800105E-02
   262.4000       4.02692683E-02       4.02761996E-02       4.06797852E-02
   262.5000       4.02691395E-02       4.02759397E-02       4.06795601E-02
   262.6000       4.02690108E-02       4.02758881E-02       4.06793350E-02
   262.7000       4.02688822E-02       4.02758693E-02       4.06791100E-02
   262.8000       4.02687537E-02       4.02757494E-02       4.06788851E-02
   262.9000       4.02686253E-02       4.02757650E-02       4.06786602E-02
   263.0000       4.02684969E-02       4.02754681E-02       4.06784354E-02
   263.1000       4.02683686E-02       4.02753441E-02       4.06782107E-02
   263.2000       4.02682405E-02       4.02752358E-02       4.06779860E-02
   263.3000       4.02681126E-02       4.02750427E-02       4.06777614E-02
   263.4000       4.02679848E-02       4.02750964E-02       4.06775369E-02
   263.5000       4.02678570E-02       4.02749360E-02       4.06773125E-02
   263.6000       4.02677293E-02       4.02747558E-02       4.06770881E-02
   263.7000       4.02676017E-02       4.02745665E-02       4.06768638E-02
   263.8000       4.02674741E-02       4.02744990E-02       4.06766395E-02
   263.9000       4.02673466E-02       4.02744292E-02       4.06764154E-02
   264.0000       4.02672190E-02       4.02741347E-02       4.06761913E-02
   264.1000       4.02670916E-02       4.02740091E-02       4.06759672E-02
   264.2000       4.02669642E-02       4.02739792E-02       4.06757433E-02
   264.3000       4.02668371E-02       4.02739250E-02       4.06755194E-02
   264.4000       4.02667100E-02       4.02738345E-02       4.06752956E-02
   264.5000       4.02665829E-02       4.02737371E-02       4.06750718E-02
   264.6000       4.02664559E-02       4.02735968E-02       4.06748481E-02
   264.7000       4.02663291E-02       4.02733763E-02       4.06746245E-02
   264.8000       4.02662023E-02       4.02733639E-02       4.06744010E-02
   264.9000       4.02660756E-02       4.02730789E-02       4.06741775E-02
   265.0000       4.02659490E-02       4.02730515E-02       4.06739541E-02
   265.1000       4.02658225E-02       4.02729221E-02       4.06737308E-02
   265.2000       4.02656961E-02       4.02726944E-02       4.06735075E-02
   265.3000       4.02655699E-02       4.02727364E-02       4.06732843E-02
   265.4000       4.02654437E-02       4.02724445E-02       4.06730612E-02
   265.5000       4.02653176E-02       4.02723258E-02       4.06728382E-02
   265.6000       4.02651915E-02       4.02722455E-02       4.06726152E-02
   265.7000       4.02650655E-02       4.02721636E-02       4.06723924E-02
   265.8000       4.02649396E-02       4.02719577E-02       4.06721696E-02
   265.9000       4.02648138E-02       4.02718877E-02       4.06719468E-02
   266.0000       4.02646881E-02       4.02719316E-02       4.06717242E-02
   266.1000       4.02645626E-02       4.02716655E-02       4.06715017E-02
   266.2000       4.02644373E-02       4.02715859E-02       4.06712792E-02
   266.3000       4.02643120E-02       4.02715406E-02       4.06710568E-02
   266.4000       4.02641869E-02       4.02712428E-02       4.06708346E-02
   266.5000       4.02640619E-02       4.02712130E-02       4.06706124E-02
   266.6000       4.02639370E-02       4.02710251E-02       4.06703902E-02
   266.7000       4.02638123E-02       4.02711487E-02       4.06701682E-02
   266.8000       4.02636875E-02       4.02708027E-02       4.06699463E-02
   266.9000       4.02635628E-02       4.02706803E-02       4.06697244E-02
   267.0000       4.02634381E-02       4.02706683E-02       4.06695026E-02
   267.1000       4.02633135E-02       4.02703727E-02       4.06692810E-02
   267.2000       4.02631890E-02       4.02703557E-02       4.06690593E-02
   267.3000       4.02630646E-02       4.02701723E-02       4.06688378E-02
   267.4000       4.02629403E-02       4.02702235E-02       4.06686164E-02
   267.5000       4.02628161E-02       4.02699558E-02       4.06683950E-02
   267.6000       4.02626920E-02       4.02698626E-02       4.06681737E-02
   267.7000       4.02625679E-02       4.02699462E-02       4.06679525E-02
   267.8000       4.02624439E-02       4.02696448E-02       4.06677314E-02
   267.9000       4.02623200E-02       4.02694448E-02       4.06675103E-02
   268.0000       4.02621961E-02       4.02694941E-02       4.06672893E-02
   268.1000       4.02620724E-02       4.02692895E-02       4.06670684E-02
   268.2000       4.02619487E-02       4.02692416E-02       4.06668476E-02
   268.3000       4.02618251E-02       4.02690774E-02       4.06666268E-02
   268.4000       4.02617016E-02       4.02689466E-02       4.06664061E-02
   268.5000       4.02615781E-02       4.02687945E-02       4.06661855E-02
   268.6000       4.02614546E-02       4.02686573E-02       4.06659649E-02
   268.7000       4.02613312E-02       4.02686013E-02       4.06657445E-02
   268.8000       4.02612079E-02       4.02685587E-02       4.06655240E-02
   268.9000       4.02610847E-02       4.02683232E-02       4.06653037E-02
   269.0000       4.02609617E-02       4.02683742E-02       4.06650834E-02
   269.1000       4.02608387E-02       4.02681009E-02       4.06648632E-02
   269.2000       4.02607157E-02       4.02679964E-02       4.06646430E-02
   269.3000       4.02605928E-02       4.02679111E-02       4.06644229E-02
   269.4000       4.02604699E-02       4.02678318E-02       4.06642029E-02
   269.5000       4.02603471E-02       4.02676422E-02       4.06639829E-02
   269.6000       4.02602244E-02       4.02676142E-02       4.06637630E-02
   269.7000       4.02601017E-02       4.02673415E-02       4.06635432E-02
   269.8000       4.02599792E-02       4.02672322E-02       4.06633234E-02
   269.9000       4.02598567E-02       4.02671734E-02       4.06631036E-02
   270.0000       4.02597342E-02       4.02669238E-02       4.06628839E-02
   270.1000       4.02596119E-02       4.02668255E-02       4.06626643E-02
   270.2000       4.02594896E-02       4.02667539E-02       4.06624447E-02
   270.3000       4.02593675E-02       4.02666131E-02       4.06622252E-02
   270.4000       4.02592455E-02       4.02666568E-02       4.06620057E-02
   270.5000       4.02591235E-02       4.02663545E-02       4.06617863E-02
   270.6000       4.02590017E-02       4.02662797E-02       4.06615669E-02
   270.7000       4.02588799E-02       4.02661662E-02       4.06613476E-02
   270.8000       4.02587583E-02       4.02661360E-02       4.06611283E-02
   270.9000       4.02586367E-02       4.02660123E-02       4.06609090E-02
   271.0000       4.02585152E-02       4.02659361E-02       4.06606899E-02
   271.1000       4.02583938E-02       4.02656458E-02       4.06604707E-02
   271.2000       4.02582725E-02       4.02656506E-02       4.06602516E-02
   271.3000       4.02581513E-02       4.02656656E-02       4.06600326E-02
   271.4000       4.02580301E-02       4.02654415E-02       4.06598136E-02
   271.5000       4.02579089E-02       4.02653394E-02       4.06595947E-02
   271.6000       4.02577879E-02       4.02652011E-02       4.06593758E-02
   271.7000       4.02576669E-02       4.02650739E-02       4.06591570E-02
   271.8000       4.02575460E-02       4.02650507E-02       4.06589383E-02
   271.9000       4.02574252E-02       4.02648223E-02       4.06587196E-02
   272.0000       4.02573044E-02       4.02647272E-02       4.06585010E-02
   272.1000       4.02571838E-02       4.02645437E-02       4.06582824E-02
   272.2000       4.02570633E-02       4.02645048E-02       4.06580640E-02
   272.3000       4.02569429E-02       4.02642740E-02       4.06578455E-02
   272.4000       4.02568226E-02       4.02642463E-02       4.06576272E-02
   272.5000       4.02567024E-02       4.02641320E-02       4.06574089E-02
   272.6000       4.02565822E-02       4.02640466E-02       4.06571907E-02
   272.7000       4.02564622E-02       4.02638895E-02       4.06569726E-02
   272.8000       4.02563422E-02       4.02638551E-02       4.06567546E-02
   272.9000       4.02562224E-02       4.02635985E-02       4.06565366E-02
   273.0000       4.02561026E-02       4.02635706E-02       4.06563188E-02
   273.1000       4.02559828E-02       4.02633494E-02       4.06561010E-02
   273.2000       4.02558632E-02       4.02634390E-02       4.06558833E-02
   273.3000       4.02557436E-02       4.02632083E-02       4.06556657E-02
   273.4000       4.02556240E-02       4.02631382E-02       4.06554482E-02
   273.5000       4.02555045E-02       4.02629821E-02       4.06552307E-02
   273.6000       4.02553851E-02       4.02629051E-02       4.06550134E-02
   273.7000       4.02552657E-02       4.02628383E-02       4.06547961E-02
   273.8000       4.02551465E-02       4.02625582E-02       4.06545790E-02
   273.9000       4.02550273E-02       4.02625228E-02       4.06543619E-02
   274.0000       4.02549082E-02       4.02623001E-02       4.06541449E-02
   274.1000       4.02547892E-02       4.02623445E-02       4.06539281E-02
   274.2000       4.02546702E-02       4.02622022E-02       4.06537113E-02
   274.3000       4.02545513E-02       4.02620942E-02       4.06534946E-02
   274.4000       4.02544325E-02       4.02619064E-02       4.06532779E-02
   274.5000       4.02543138E-02       4.02618160E-02       4.06530614E-02
   274.6000       4.02541951E-02       4.02616956E-02       4.06528449E-02
   274.7000       4.02540765E-02       4.02615338E-02       4.06526285E-02
   274.8000       4.02539580E-02       4.02614720E-02       4.06524122E-02
   274.9000       4.02538396E-02       4.02614292E-02       4.06521959E-02
   275.0000       4.02537212E-02       4.02613218E-02       4.06519798E-02
   275.1000       4.02536029E-02       4.02611428E-02       4.06517637E-02
   275.2000       4.02534847E-02       4.02610461E-02       4.06515476E-02
   275.3000       4.02533665E-02       4.02609312E-02       4.06513316E-02
   275.4000       4.02532484E-02       4.02607405E-02       4.06511157E-02
   275.5000       4.02531304E-02       4.02607171E-02       4.06508999E-02
   275.6000       4.02530125E-02       4.02605062E-02       4.06506841E-02
   275.7000       4.02528949E-02       4.02603960E-02       4.06504684E-02
   275.8000       4.02527773E-02       4.02602598E-02       4.06502527E-02
   275.9000       4.02526599E-02       4.02601535E-02       4.06500371E-02
   276.0000       4.02525426E-02       4.02601211E-02       4.06498215E-02
   276.1000       4.02524253E-02       4.02599684E-02       4.06496060E-02
   276.2000       4.02523081E-02       4.02599543E-02       4.06493905E-02
   276.3000       4.02521910E-02       4.02599133E-02       4.06491751E-02
   276.4000       4.02520739E-02       4.02595840E-02       4.06489597E-02
   276.5000       4.02519570E-02       4.02595855E-02       4.06487444E-02
   276.6000       4.02518400E-02       4.02594898E-02       4.06485292E-02
   276.7000       4.02517232E-02       4.02593457E-02       4.06483139E-02
   276.8000       4.02516064E-02       4.02592584E-02       4.06480988E-02
   276.9000       4.02514897E-02       4.02590695E-02       4.06478836E-02
   277.0000       4.02513731E-02       4.02590388E-02       4.06476686E-02
   277.1000       4.02512565E-02       4.02589534E-02       4.06474535E-02
   277.2000       4.02511399E-02       4.02587584E-02       4.06472386E-02
   277.3000       4.02510234E-02       4.02586418E-02       4.06470236E-02
   277.4000       4.02509069E-02       4.02586463E-02       4.06468087E-02
   277.5000       4.02507905E-02       4.02584052E-02       4.06465939E-02
   277.6000       4.02506742E-02       4.02581711E-02       4.06463790E-02
   277.7000       4.02505580E-02       4.02582741E-02       4.06461643E-02
   277.8000       4.02504420E-02       4.02580233E-02       4.06459495E-02
   277.9000       4.02503261E-02       4.02579395E-02       4.06457348E-02
   278.0000       4.02502102E-02       4.02578280E-02       4.06455202E-02
   278.1000       4.02500945E-02       4.02577125E-02       4.06453055E-02
   278.2000       4.02499789E-02       4.02575103E-02       4.06450909E-02
   278.3000       4.02498634E-02       4.02575573E-02       4.06448764E-02
   278.4000       4.02497481E-02       4.02573332E-02       4.06446619E-02
   278.5000       4.02496329E-02       4.02572401E-02       4.06444474E-02
   278.6000       4.02495178E-02       4.02571405E-02       4.06442329E-02
   278.7000       4.02494028E-02       4.02569666E-02       4.06440185E-02
   278.8000       4.02492879E-02       4.02568874E-02       4.06438041E-02
   278.9000       4.02491731E-02       4.02568065E-02       4.06435897E-02
   279.0000       4.02490583E-02       4.02566519E-02       4.06433753E-02
   279.1000       4.02489436E-02       4.02565807E-02       4.06431610E-02
   279.2000       4.02488290E-02       4.02565526E-02       4.06429468E-02
   279.3000       4.02487145E-02       4.02563765E-02       4.06427325E-02
   279.4000       4.02486000E-02       4.02562941E-02       4.06425183E-02
   279.5000       4.02484857E-02       4.02561307E-02       4.06423041E-02
   279.6000       4.02483716E-02       4.02561284E-02       4.06420899E-02
   279.7000       4.02482576E-02       4.02559942E-02       4.06418758E-02
   279.8000       4.02481437E-02       4.02557755E-02       4.06416617E-02
   279.9000       4.02480299E-02       4.02557929E-02       4.06414477E-02
   280.0000       4.02479162E-02       4.02555947E-02       4.06412336E-02
   280.1000       4.02478027E-02       4.02555278E-02       4.06410197E-02
   280.2000       4.02476892E-02       4.02554020E-02       4.06408058E-02
   280.3000       4.02475759E-02       4.02553002E-02       4.06405919E-02
   280.4000       4.02474626E-02       4.02550947E-02       4.06403781E-02
   280.5000       4.02473494E-02       4.02550803E-02       4.06401643E-02
   280.6000       4.02472364E-02       4.02549526E-02       4.06399506E-02
   280.7000       4.02471234E-02       4.02548382E-02       4.06397369E-02
   280.8000       4.02470106E-02       4.02547776E-02       4.06395233E-02
   280.9000       4.02468977E-02       4.02545804E-02       4.06393098E-02
   281.0000       4.02467850E-02       4.02545573E-02       4.06390963E-02
   281.1000       4.02466722E-02       4.02543721E-02       4.06388829E-02
   281.2000       4.02465596E-02       4.02542669E-02       4.06386695E-02
   281.3000       4.02464470E-02       4.02541059E-02       4.06384562E-02
   281.4000       4.02463346E-02       4.02541417E-02       4.06382430E-02
   281.5000       4.02462222E-02       4.02540401E-02       4.06380299E-02
   281.6000       4.02461098E-02       4.02538820E-02       4.06378168E-02
   281.7000       4.02459975E-02       4.02537142E-02       4.06376038E-02
   281.8000       4.02458854E-02       4.02536538E-02       4.06373909E-02
   281.9000       4.02457733E-02       4.02536124E-02       4.06371780E-02
   282.0000       4.02456613E-02       4.02533961E-02       4.06369652E-02
   282.1000       4.02455494E-02       4.02532898E-02       4.06367525E-02
   282.2000       4.02454376E-02       4.02532224E-02       4.06365399E-02
   282.3000       4.02453258E-02       4.02531073E-02       4.06363273E-02
   282.4000       4.02452141E-02       4.02529997E-02       4.06361148E-02
   282.5000       4.02451025E-02       4.02530521E-02       4.06359023E-02
   282.6000       4.02449909E-02       4.02528014E-02       4.06356899E-02
   282.7000       4.02448795E-02       4.02527277E-02       4.06354776E-02
   282.8000       4.02447681E-02       4.02525223E-02       4.06352654E-02
   282.9000       4.02446567E-02       4.02524130E-02       4.06350532E-02
   283.0000       4.02445454E-02       4.02522900E-02       4.06348411E-02
   283.1000       4.02444341E-02       4.02522966E-02       4.06346290E-02
   283.2000       4.02443229E-02       4.02520835E-02       4.06344170E-02
   283.3000       4.02442117E-02       4.02521287E-02       4.06342051E-02
   283.4000       4.02441007E-02       4.02518259E-02       4.06339931E-02
   283.5000       4.02439897E-02       4.02518186E-02       4.06337813E-02
   283.6000       4.02438788E-02       4.02516831E-02       4.06335695E-02
   283.7000       4.02437680E-02       4.02515225E-02       4.06333578E-02
   283.8000       4.02436574E-02       4.02514677E-02       4.06331461E-02
   283.9000       4.02435468E-02       4.02513610E-02       4.06329345E-02
   284.0000       4.02434362E-02       4.02513670E-02       4.06327229E-02
   284.1000       4.02433257E-02       4.02511745E-02       4.06325113E-02
   284.2000       4.02432152E-02       4.02510294E-02       4.06322999E-02
   284.3000       4.02431048E-02       4.02509640E-02       4.06320884E-02
   284.4000       4.02429945E-02       4.02508384E-02       4.06318771E-02
   284.5000       4.02428842E-02       4.02508018E-02       4.06316657E-02
   284.6000       4.02427740E-02       4.02505624E-02       4.06314544E-02
   284.7000       4.02426638E-02       4.02506034E-02       4.06312432E-02
   284.8000       4.02425537E-02       4.02504954E-02       4.06310320E-02
   284.9000       4.02424437E-02       4.02502456E-02       4.06308209E-02
   285.0000       4.02423338E-02       4.02501635E-02       4.06306098E-02
   285.1000       4.02422241E-02       4.02501429E-02       4.06303988E-02
   285.2000       4.02421144E-02       4.02500663E-02       4.06301879E-02
   285.3000       4.02420048E-02       4.02498231E-02       4.06299770E-02
   285.4000       4.02418952E-02       4.02497467E-02       4.06297662E-02
   285.5000       4.02417856E-02       4.02496540E-02       4.06295554E-02
   285.6000       4.02416762E-02       4.02495420E-02       4.06293447E-02
   285.7000       4.02415668E-02       4.02495639E-02       4.06291340E-02
   285.8000       4.02414575E-02       4.02493426E-02       4.06289234E-02
   285.9000       4.02413483E-02       4.02492455E-02       4.06287128E-02
   286.0000       4.02412392E-02       4.02490959E-02       4.06285023E-02
   286.1000       4.02411302E-02       4.02490332E-02       4.06282919E-02
   286.2000       4.02410212E-02       4.02489769E-02       4.06280815E-02
   286.3000       4.02409122E-02       4.02488708E-02       4.06278712E-02
   286.4000       4.02408033E-02       4.02487763E-02       4.06276609E-02
   286.5000       4.02406944E-02       4.02486244E-02       4.06274507E-02
   286.6000       4.02405856E-02       4.02485196E-02       4.06272405E-02
   286.7000       4.02404768E-02       4.02483508E-02       4.06270304E-02
   286.8000       4.02403681E-02       4.02482429E-02       4.06268204E-02
   286.9000       4.02402595E-02       4.02482247E-02       4.06266104E-02
   287.0000       4.02401510E-02       4.02481165E-02       4.06264004E-02
   287.1000       4.02400425E-02       4.02479507E-02       4.06261906E-02
   287.2000       4.02399342E-02       4.02478495E-02       4.06259807E-02
   287.3000       4.02398260E-02       4.02477889E-02       4.06257710E-02
   287.4000       4.02397178E-02       4.02476813E-02       4.06255613E-02
   287.5000       4.02396097E-02       4.02475008E-02       4.06253516E-02
   287.6000       4.02395017E-02       4.02476002E-02       4.06251420E-02
   287.7000       4.02393938E-02       4.02473819E-02       4.06249324E-02
   287.8000       4.02392859E-02       4.02471817E-02       4.06247229E-02
   287.9000       4.02391780E-02       4.02471353E-02       4.06245134E-02
   288.0000       4.02390702E-02       4.02469833E-02       4.06243040E-02
   288.1000       4.02389624E-02       4.02469264E-02       4.06240946E-02
   288.2000       4.02388547E-02       4.02468949E-02       4.06238853E-02
   288.3000       4.02387471E-02       4.02466630E-02       4.06236760E-02
   288.4000       4.02386394E-02       4.02465918E-02       4.06234667E-02
   288.5000       4.02385319E-02       4.02465349E-02       4.06232575E-02
   288.6000       4.02384245E-02       4.02465069E-02       4.06230484E-02
   288.7000       4.02383173E-02       4.02463225E-02       4.06228393E-02
   288.8000       4.02382101E-02       4.02461442E-02       4.06226302E-02
   288.9000       4.02381029E-02       4.02460744E-02       4.06224212E-02
   289.0000       4.02379958E-02       4.02459525E-02       4.06222122E-02
   289.1000       4.02378888E-02       4.02459078E-02       4.06220033E-02
   289.2000       4.02377818E-02       4.02457714E-02       4.06217944E-02
   289.3000       4.02376749E-02       4.02457082E-02       4.06215856E-02
   289.4000       4.02375681E-02       4.02455178E-02       4.06213768E-02
   289.5000       4.02374613E-02       4.02453442E-02       4.06211681E-02
   289.6000       4.02373546E-02       4.02454610E-02       4.06209593E-02
   289.7000       4.02372481E-02       4.02453064E-02       4.06207507E-02
   289.8000       4.02371415E-02       4.02451513E-02       4.06205420E-02
   289.9000       4.02370351E-02       4.02449657E-02       4.06203334E-02
   290.0000       4.02369286E-02       4.02448488E-02       4.06201249E-02
   290.1000       4.02368222E-02       4.02448107E-02       4.06199164E-02
   290.2000       4.02367158E-02       4.02447095E-02       4.06197079E-02
   290.3000       4.02366096E-02       4.02447020E-02       4.06194995E-02
   290.4000       4.02365034E-02       4.02444709E-02       4.06192911E-02
   290.5000       4.02363973E-02       4.02444720E-02       4.06190827E-02
   290.6000       4.02362914E-02       4.02444048E-02       4.06188744E-02
   290.7000       4.02361855E-02       4.02442046E-02       4.06186661E-02
   290.8000       4.02360797E-02       4.02442059E-02       4.06184579E-02
   290.9000       4.02359740E-02       4.02440357E-02       4.06182497E-02
   291.0000       4.02358684E-02       4.02439436E-02       4.06180416E-02
   291.1000       4.02357629E-02       4.02437902E-02       4.06178335E-02
   291.2000       4.02356573E-02       4.02437287E-02       4.06176254E-02
   291.3000       4.02355519E-02       4.02436716E-02       4.06174174E-02
   291.4000       4.02354465E-02       4.02434660E-02       4.06172093E-02
   291.5000       4.02353411E-02       4.02433248E-02       4.06170014E-02
   291.6000       4.02352359E-02       4.02432837E-02       4.06167934E-02
   291.7000       4.02351307E-02       4.02432453E-02       4.06165856E-02
   291.8000       4.02350257E-02       4.02430415E-02       4.06163777E-02
   291.9000       4.02349208E-02       4.02430247E-02       4.06161699E-02
   292.0000       4.02348159E-02       4.02428289E-02       4.06159621E-02
   292.1000       4.02347112E-02       4.02427729E-02       4.06157543E-02
   292.2000       4.02346066E-02       4.02427038E-02       4.06155466E-02
   292.3000       4.02345021E-02       4.02425623E-02       4.06153390E-02
   292.4000       4.02343977E-02       4.02425418E-02       4.06151314E-02
   292.5000       4.02342934E-02       4.02423652E-02       4.06149238E-02
   292.6000       4.02341892E-02       4.02422846E-02       4.06147162E-02
   292.7000       4.02340851E-02       4.02421158E-02       4.06145087E-02
   292.8000       4.02339809E-02       4.02421360E-02       4.06143013E-02
   292.9000       4.02338768E-02       4.02419844E-02       4.06140939E-02
   293.0000       4.02337728E-02       4.02418046E-02       4.06138865E-02
   293.1000       4.02336687E-02       4.02418792E-02       4.06136792E-02
   293.2000       4.02335648E-02       4.02416697E-02       4.06134720E-02
   293.3000       4.02334609E-02       4.02414261E-02       4.06132648E-02
   293.4000       4.02333570E-02       4.02416148E-02       4.06130576E-02
   293.5000       4.02332532E-02       4.02414245E-02       4.06128505E-02
   293.6000       4.02331495E-02       4.02413166E-02       4.06126434E-02
   293.7000       4.02330458E-02       4.02412045E-02       4.06124364E-02
   293.8000       4.02329422E-02       4.02411531E-02       4.06122294E-02
   293.9000       4.02328386E-02       4.02409471E-02       4.06120225E-02
   294.0000       4.02327350E-02       4.02407994E-02       4.06118156E-02
   294.1000       4.02326316E-02       4.02408663E-02       4.06116088E-02
   294.2000       4.02325282E-02       4.02406570E-02       4.06114020E-02
   294.3000       4.02324249E-02       4.02405807E-02       4.06111953E-02
   294.4000       4.02323217E-02       4.02405614E-02       4.06109886E-02
   294.5000       4.02322185E-02       4.02404414E-02       4.06107819E-02
   294.6000       4.02321154E-02       4.02402973E-02       4.06105753E-02
   294.7000       4.02320124E-02       4.02400845E-02       4.06103687E-02
   294.8000       4.02319094E-02       4.02401582E-02       4.06101621E-02
   294.9000       4.02318065E-02       4.02398568E-02       4.06099556E-02
   295.0000       4.02317037E-02       4.02398143E-02       4.06097491E-02
   295.1000       4.02316009E-02       4.02397423E-02       4.06095427E-02
   295.2000       4.02314983E-02       4.02397611E-02       4.06093363E-02
   295.3000       4.02313957E-02       4.02395758E-02       4.06091299E-02
   295.4000       4.02312932E-02       4.02393840E-02       4.06089235E-02
   295.5000       4.02311908E-02       4.02393935E-02       4.06087172E-02
   295.6000       4.02310884E-02       4.02393414E-02       4.06085109E-02
   295.7000       4.02309861E-02       4.02392209E-02       4.06083046E-02
   295.8000       4.02308839E-02       4.02390114E-02       4.06080984E-02
   295.9000       4.02307818E-02       4.02389567E-02       4.06078921E-02
   296.0000       4.02306797E-02       4.02388608E-02       4.06076859E-02
   296.1000       4.02305777E-02       4.02387284E-02       4.06074798E-02
   296.2000       4.02304759E-02       4.02386615E-02       4.06072736E-02
   296.3000       4.02303741E-02       4.02385245E-02       4.06070675E-02
   296.4000       4.02302723E-02       4.02384155E-02       4.06068613E-02
   296.5000       4.02301706E-02       4.02384570E-02       4.06066552E-02
   296.6000       4.02300689E-02       4.02382828E-02       4.06064491E-02
   296.7000       4.02299672E-02       4.02382442E-02       4.06062431E-02
   296.8000       4.02298656E-02       4.02380332E-02       4.06060370E-02
   296.9000       4.02297642E-02       4.02380595E-02       4.06058310E-02
   297.0000       4.02296627E-02       4.02379055E-02       4.06056249E-02
   297.1000       4.02295613E-02       4.02377434E-02       4.06054189E-02
   297.2000       4.02294600E-02       4.02376103E-02       4.06052129E-02
   297.3000       4.02293588E-02       4.02375511E-02       4.06050069E-02
   297.4000       4.02292577E-02       4.02374715E-02       4.06048010E-02
   297.5000       4.02291566E-02       4.02373909E-02       4.06045950E-02
   297.6000       4.02290556E-02       4.02372599E-02       4.06043891E-02
   297.7000       4.02289547E-02       4.02372276E-02       4.06041832E-02
   297.8000       4.02288540E-02       4.02370623E-02       4.06039773E-02
   297.9000       4.02287533E-02       4.02370010E-02       4.06037715E-02
   298.0000       4.02286526E-02       4.02368304E-02       4.06035656E-02
   298.1000       4.02285520E-02       4.02367904E-02       4.06033598E-02
   298.2000       4.02284515E-02       4.02367735E-02       4.06031539E-02
   298.3000       4.02283510E-02       4.02366633E-02       4.06029482E-02
   298.4000       4.02282506E-02       4.02365082E-02       4.06027424E-02
   298.5000       4.02281504E-02       4.02363995E-02       4.06025367E-02
   298.6000       4.02280502E-02       4.02362942E-02       4.06023310E-02
   298.7000       4.02279501E-02       4.02362052E-02       4.06021253E-02
   298.8000       4.02278500E-02       4.02361087E-02       4.06019196E-02
   298.9000       4.02277500E-02       4.02359939E-02       4.06017140E-02
   299.0000       4.02276501E-02       4.02359852E-02       4.06015084E-02
   299.1000       4.02275502E-02       4.02358621E-02       4.06013029E-02
   299.2000       4.02274504E-02       4.02357823E-02       4.06010974E-02
   299.3000       4.02273507E-02       4.02356178E-02       4.06008919E-02
   299.4000       4.02272510E-02       4.02354691E-02       4.06006864E-02
   299.5000       4.02271515E-02       4.02353883E-02       4.06004810E-02
   299.6000       4.02270521E-02       4.02353921E-02       4.06002756E-02
   299.7000       4.02269527E-02       4.02352094E-02       4.06000703E-02
   299.8000       4.02268533E-02       4.02351654E-02       4.05998650E-02
   299.9000       4.02267540E-02       4.02350124E-02       4.05996597E-02
   300.0000       4.02266548E-02       4.02349525E-02       4.05994544E-02
   300.1000       4.02265556E-02       4.02349215E-02       4.05992492E-02
   300.2000       4.02264566E-02       4.02347126E-02       4.05990440E-02
   300.3000       4.02263576E-02       4.02346648E-02       4.05988389E-02
   300.4000       4.02262587E-02       4.02345619E-02       4.05986337E-02
   300.5000       4.02261599E-02       4.02344710E-02       4.05984286E-02
   300.6000       4.02260612E-02       4.02343462E-02       4.05982236E-02
   300.7000       4.02259626E-02       4.02342614E-02       4.05980185E-02
   300.8000       4.02258640E-02       4.02341571E-02       4.05978135E-02
   300.9000       4.02257656E-02       4.02340396E-02       4.05976086E-02
   301.0000       4.02256672E-02       4.02340596E-02       4.05974036E-02
   301.1000       4.02255690E-02       4.02338105E-02       4.05971987E-02
   301.2000       4.02254708E-02       4.02338126E-02       4.05969938E-02
   301.3000       4.02253726E-02       4.02337068E-02       4.05967890E-02
   301.4000       4.02252745E-02       4.02335571E-02       4.05965841E-02
   301.5000       4.02251765E-02       4.02335187E-02       4.05963793E-02
   301.6000       4.02250786E-02       4.02334583E-02       4.05961745E-02
   301.7000       4.02249807E-02       4.02333406E-02       4.05959697E-02
   301.8000       4.02248829E-02       4.02332365E-02       4.05957649E-02
   301.9000       4.02247852E-02       4.02331402E-02       4.05955602E-02
   302.0000       4.02246876E-02       4.02329721E-02       4.05953554E-02
   302.1000       4.02245900E-02       4.02329435E-02       4.05951507E-02
   302.2000       4.02244926E-02       4.02329207E-02       4.05949460E-02
   302.3000       4.02243952E-02       4.02327317E-02       4.05947413E-02
   302.4000       4.02242979E-02       4.02326966E-02       4.05945366E-02
   302.5000       4.02242007E-02       4.02324954E-02       4.05943320E-02
   302.6000       4.02241037E-02       4.02325020E-02       4.05941274E-02
   302.7000       4.02240067E-02       4.02323370E-02       4.05939227E-02
   302.8000       4.02239098E-02       4.02322303E-02       4.05937181E-02
   302.9000       4.02238129E-02       4.02321975E-02       4.05935135E-02
   303.0000       4.02237162E-02       4.02320987E-02       4.05933089E-02
   303.1000       4.02236196E-02       4.02319967E-02       4.05931044E-02
   303.2000       4.02235232E-02       4.02318518E-02       4.05928998E-02
   303.3000       4.02234268E-02       4.02318015E-02       4.05926953E-02
   303.4000       4.02233306E-02       4.02316981E-02       4.05924908E-02
   303.5000       4.02232343E-02       4.02316544E-02       4.05922863E-02
   303.6000       4.02231382E-02       4.02314740E-02       4.05920819E-02
   303.7000       4.02230420E-02       4.02314458E-02       4.05918775E-02
   303.8000       4.02229460E-02       4.02313733E-02       4.05916731E-02
   303.9000       4.02228501E-02       4.02312415E-02       4.05914688E-02
   304.0000       4.02227542E-02       4.02311065E-02       4.05912645E-02
   304.1000       4.02226585E-02       4.02310421E-02       4.05910602E-02
   304.2000       4.02225628E-02       4.02309690E-02       4.05908560E-02
   304.3000       4.02224671E-02       4.02308811E-02       4.05906518E-02
   304.4000       4.02223716E-02       4.02308404E-02       4.05904477E-02
   304.5000       4.02222761E-02       4.02307348E-02       4.05902436E-02
   304.6000       4.02221807E-02       4.02305062E-02       4.05900395E-02
   304.7000       4.02220853E-02       4.02304294E-02       4.05898355E-02
   304.8000       4.02219901E-02       4.02303152E-02       4.05896316E-02
   304.9000       4.02218951E-02       4.02302814E-02       4.05894277E-02
   305.0000       4.02218002E-02       4.02301845E-02       4.05892239E-02
   305.1000       4.02217053E-02       4.02300643E-02       4.05890202E-02
   305.2000       4.02216105E-02       4.02299816E-02       4.05888164E-02
   305.3000       4.02215158E-02       4.02299685E-02       4.05886128E-02
   305.4000       4.02214211E-02       4.02297453E-02       4.05884092E-02
   305.5000       4.02213265E-02       4.02296934E-02       4.05882056E-02
   305.6000       4.02212320E-02       4.02295367E-02       4.05880021E-02
   305.7000       4.02211375E-02       4.02295451E-02       4.05877987E-02
   305.8000       4.02210431E-02       4.02294949E-02       4.05875953E-02
   305.9000       4.02209487E-02       4.02293068E-02       4.05873920E-02
   306.0000       4.02208544E-02       4.02292988E-02       4.05871888E-02
   306.1000       4.02207601E-02       4.02291778E-02       4.05869856E-02
   306.2000       4.02206659E-02       4.02290457E-02       4.05867824E-02
   306.3000       4.02205717E-02       4.02289521E-02       4.05865793E-02
   306.4000       4.02204776E-02       4.02288719E-02       4.05863762E-02
   306.5000       4.02203836E-02       4.02288195E-02       4.05861732E-02
   306.6000       4.02202896E-02       4.02287317E-02       4.05859702E-02
   306.7000       4.02201956E-02       4.02286746E-02       4.05857673E-02
   306.8000       4.02201016E-02       4.02286306E-02       4.05855644E-02
   306.9000       4.02200078E-02       4.02283980E-02       4.05853615E-02
   307.0000       4.02199140E-02       4.02283341E-02       4.05851587E-02
   307.1000       4.02198203E-02       4.02282492E-02       4.05849559E-02
   307.2000       4.02197266E-02       4.02281355E-02       4.05847531E-02
   307.3000       4.02196330E-02       4.02280538E-02       4.05845503E-02
   307.4000       4.02195394E-02       4.02279492E-02       4.05843476E-02
   307.5000       4.02194459E-02       4.02278731E-02       4.05841449E-02
   307.6000       4.02193525E-02       4.02278004E-02       4.05839422E-02
   307.7000       4.02192591E-02       4.02277104E-02       4.05837395E-02
   307.8000       4.02191659E-02       4.02276430E-02       4.05835369E-02
   307.9000       4.02190728E-02       4.02275678E-02       4.05833343E-02
   308.0000       4.02189797E-02       4.02274534E-02       4.05831317E-02
   308.1000       4.02188866E-02       4.02273674E-02       4.05829291E-02
   308.2000       4.02187937E-02       4.02271827E-02       4.05827265E-02
   308.3000       4.02187008E-02       4.02272296E-02       4.05825240E-02
   308.4000       4.02186081E-02       4.02270495E-02       4.05823214E-02
   308.5000       4.02185154E-02       4.02269270E-02       4.05821189E-02
   308.6000       4.02184229E-02       4.02269108E-02       4.05819164E-02
   308.7000       4.02183303E-02       4.02268233E-02       4.05817140E-02
   308.8000       4.02182378E-02       4.02267078E-02       4.05815116E-02
   308.9000       4.02181453E-02       4.02266310E-02       4.05813092E-02
   309.0000       4.02180530E-02       4.02265001E-02       4.05811068E-02
   309.1000       4.02179607E-02       4.02264909E-02       4.05809044E-02
   309.2000       4.02178685E-02       4.02263759E-02       4.05807021E-02
   309.3000       4.02177764E-02       4.02262578E-02       4.05804998E-02
   309.4000       4.02176844E-02       4.02261260E-02       4.05802976E-02
   309.5000       4.02175924E-02       4.02260744E-02       4.05800954E-02
   309.6000       4.02175005E-02       4.02259643E-02       4.05798932E-02
   309.7000       4.02174086E-02       4.02259319E-02       4.05796911E-02
   309.8000       4.02173168E-02       4.02258601E-02       4.05794890E-02
   309.9000       4.02172251E-02       4.02255897E-02       4.05792869E-02
   310.0000       4.02171334E-02       4.02256047E-02       4.05790849E-02
   310.1000       4.02170418E-02       4.02255100E-02       4.05788829E-02
   310.2000       4.02169503E-02       4.02255102E-02       4.05786809E-02
   310.3000       4.02168588E-02       4.02253700E-02       4.05784790E-02
   310.4000       4.02167675E-02       4.02252957E-02       4.05782772E-02
   310.5000       4.02166762E-02       4.02252336E-02       4.05780753E-02
   310.6000       4.02165849E-02       4.02251533E-02       4.05778735E-02
   310.7000       4.02164938E-02       4.02250071E-02       4.05776718E-02
   310.8000       4.02164026E-02       4.02249325E-02       4.05774700E-02
   310.9000       4.02163116E-02       4.02247891E-02       4.05772683E-02
   311.0000       4.02162206E-02       4.02247215E-02       4.05770667E-02
   311.1000       4.02161298E-02       4.02246258E-02       4.05768651E-02
   311.2000       4.02160390E-02       4.02245069E-02       4.05766635E-02
   311.3000       4.02159483E-02       4.02245111E-02       4.05764620E-02
   311.4000       4.02158576E-02       4.02243583E-02       4.05762604E-02
   311.5000       4.02157670E-02       4.02242833E-02       4.05760590E-02
   311.6000       4.02156764E-02       4.02242513E-02       4.05758575E-02
   311.7000       4.02155859E-02       4.02241590E-02       4.05756561E-02
   311.8000       4.02154954E-02       4.02240401E-02       4.05754547E-02
   311.9000       4.02154050E-02       4.02238874E-02       4.05752533E-02
   312.0000       4.02153148E-02       4.02238414E-02       4.05750520E-02
   312.1000       4.02152246E-02       4.02237400E-02       4.05748507E-02
   312.2000       4.02151346E-02       4.02236766E-02       4.05746495E-02
   312.3000       4.02150446E-02       4.02236509E-02       4.05744483E-02
   312.4000       4.02149547E-02       4.02235369E-02       4.05742470E-02
   312.5000       4.02148648E-02       4.02233680E-02       4.05740459E-02
   312.6000       4.02147750E-02       4.02233046E-02       4.05738447E-02
   312.7000       4.02146853E-02       4.02232212E-02       4.05736436E-02
   312.8000       4.02145956E-02       4.02231888E-02       4.05734425E-02
   312.9000       4.02145060E-02       4.02231252E-02       4.05732414E-02
   313.0000       4.02144163E-02       4.02229229E-02       4.05730403E-02
   313.1000       4.02143268E-02       4.02229004E-02       4.05728393E-02
   313.2000       4.02142373E-02       4.02227735E-02       4.05726383E-02
   313.3000       4.02141478E-02       4.02226796E-02       4.05724373E-02
   313.4000       4.02140583E-02       4.02226037E-02       4.05722363E-02
   313.5000       4.02139689E-02       4.02225570E-02       4.05720354E-02
   313.6000       4.02138796E-02       4.02224673E-02       4.05718344E-02
   313.7000       4.02137903E-02       4.02223763E-02       4.05716336E-02
   313.8000       4.02137012E-02       4.02223772E-02       4.05714327E-02
   313.9000       4.02136121E-02       4.02222084E-02       4.05712318E-02
   314.0000       4.02135230E-02       4.02220701E-02       4.05710310E-02
   314.1000       4.02134339E-02       4.02220109E-02       4.05708302E-02
   314.2000       4.02133449E-02       4.02218634E-02       4.05706294E-02
   314.3000       4.02132560E-02       4.02218549E-02       4.05704286E-02
   314.4000       4.02131672E-02       4.02217620E-02       4.05702279E-02
   314.5000       4.02130784E-02       4.02216118E-02       4.05700271E-02
   314.6000       4.02129896E-02       4.02215119E-02       4.05698264E-02
   314.7000       4.02129010E-02       4.02215087E-02       4.05696257E-02
   314.8000       4.02128125E-02       4.02214044E-02       4.05694250E-02
   314.9000       4.02127240E-02       4.02212894E-02       4.05692243E-02
   315.0000       4.02126356E-02       4.02212591E-02       4.05690236E-02
   315.1000       4.02125473E-02       4.02212019E-02       4.05688230E-02
   315.2000       4.02124591E-02       4.02210058E-02       4.05686223E-02
   315.3000       4.02123709E-02       4.02209574E-02       4.05684217E-02
   315.4000       4.02122828E-02       4.02208724E-02       4.05682211E-02
   315.5000       4.02121948E-02       4.02207980E-02       4.05680205E-02
   315.6000       4.02121067E-02       4.02206991E-02       4.05678198E-02
   315.7000       4.02120187E-02       4.02205914E-02       4.05676192E-02
   315.8000       4.02119307E-02       4.02205303E-02       4.05674186E-02
   315.9000       4.02118428E-02       4.02204103E-02       4.05672180E-02
   316.0000       4.02117548E-02       4.02204366E-02       4.05670174E-02
   316.1000       4.02116670E-02       4.02202630E-02       4.05668169E-02
   316.2000       4.02115791E-02       4.02201291E-02       4.05666163E-02
   316.3000       4.02114914E-02       4.02201200E-02       4.05664157E-02
   316.4000       4.02114037E-02       4.02200276E-02       4.05662152E-02
   316.5000       4.02113161E-02       4.02199304E-02       4.05660146E-02
   316.6000       4.02112287E-02       4.02198810E-02       4.05658141E-02
   316.7000       4.02111413E-02       4.02196937E-02       4.05656135E-02
   316.8000       4.02110539E-02       4.02196065E-02       4.05654130E-02
   316.9000       4.02109667E-02       4.02196182E-02       4.05652124E-02
   317.0000       4.02108795E-02       4.02194835E-02       4.05650119E-02
   317.1000       4.02107923E-02       4.02193903E-02       4.05648113E-02
   317.2000       4.02107051E-02       4.02193296E-02       4.05646108E-02
   317.3000       4.02106181E-02       4.02192892E-02       4.05644103E-02
   317.4000       4.02105311E-02       4.02191957E-02       4.05642097E-02
   317.5000       4.02104441E-02       4.02190524E-02       4.05640092E-02
   317.6000       4.02103573E-02       4.02189318E-02       4.05638087E-02
   317.7000       4.02102705E-02       4.02189453E-02       4.05636082E-02
   317.8000       4.02101838E-02       4.02187736E-02       4.05634077E-02
   317.9000       4.02100972E-02       4.02187627E-02       4.05632072E-02
   318.0000       4.02100107E-02       4.02186475E-02       4.05630068E-02
   318.1000       4.02099243E-02       4.02185677E-02       4.05628063E-02
   318.2000       4.02098379E-02       4.02185091E-02       4.05626059E-02
   318.3000       4.02097516E-02       4.02184227E-02       4.05624054E-02
   318.4000       4.02096654E-02       4.02182874E-02       4.05622050E-02
   318.5000       4.02095792E-02       4.02182394E-02       4.05620046E-02
   318.6000       4.02094931E-02       4.02180969E-02       4.05618043E-02
   318.7000       4.02094072E-02       4.02180440E-02       4.05616039E-02
   318.8000       4.02093213E-02       4.02179609E-02       4.05614035E-02
   318.9000       4.02092355E-02       4.02178993E-02       4.05612032E-02
   319.0000       4.02091499E-02       4.02178501E-02       4.05610029E-02
   319.1000       4.02090642E-02       4.02176574E-02       4.05608026E-02
   319.2000       4.02089787E-02       4.02176168E-02       4.05606023E-02
   319.3000       4.02088932E-02       4.02176073E-02       4.05604020E-02
   319.4000       4.02088078E-02       4.02174455E-02       4.05602017E-02
   319.5000       4.02087225E-02       4.02173568E-02       4.05600015E-02
   319.6000       4.02086372E-02       4.02172606E-02       4.05598012E-02
   319.7000       4.02085520E-02       4.02172011E-02       4.05596010E-02
   319.8000       4.02084669E-02       4.02170744E-02       4.05594007E-02
   319.9000       4.02083819E-02       4.02170212E-02       4.05592005E-02
   320.0000       4.02082970E-02       4.02169699E-02       4.05590002E-02
   320.1000       4.02082121E-02       4.02168720E-02       4.05588000E-02
   320.2000       4.02081274E-02       4.02167872E-02       4.05585997E-02
   320.3000       4.02080427E-02       4.02167816E-02       4.05583995E-02
   320.4000       4.02079581E-02       4.02166249E-02       4.05581993E-02
   320.5000       4.02078735E-02       4.02165199E-02       4.05579990E-02
   320.6000       4.02077890E-02       4.02164799E-02       4.05577988E-02
   320.7000       4.02077046E-02       4.02163926E-02       4.05575986E-02
   320.8000       4.02076202E-02       4.02163231E-02       4.05573983E-02
   320.9000       4.02075360E-02       4.02163038E-02       4.05571981E-02
   321.0000       4.02074518E-02       4.02161344E-02       4.05569978E-02
   321.1000       4.02073677E-02       4.02160382E-02       4.05567976E-02
   321.2000       4.02072836E-02       4.02160027E-02       4.05565973E-02
   321.3000       4.02071996E-02       4.02158624E-02       4.05563971E-02
   321.4000       4.02071157E-02       4.02158193E-02       4.05561969E-02
   321.5000       4.02070318E-02       4.02156905E-02       4.05559967E-02
   321.6000       4.02069480E-02       4.02156630E-02       4.05557964E-02
   321.7000       4.02068642E-02       4.02155378E-02       4.05555962E-02
   321.8000       4.02067805E-02       4.02154520E-02       4.05553960E-02
   321.9000       4.02066968E-02       4.02153759E-02       4.05551959E-02
   322.0000       4.02066131E-02       4.02153013E-02       4.05549957E-02
   322.1000       4.02065295E-02       4.02152143E-02       4.05547955E-02
   322.2000       4.02064459E-02       4.02151897E-02       4.05545954E-02
   322.3000       4.02063623E-02       4.02150335E-02       4.05543953E-02
   322.4000       4.02062788E-02       4.02149970E-02       4.05541952E-02
   322.5000       4.02061954E-02       4.02148892E-02       4.05539951E-02
   322.6000       4.02061120E-02       4.02148385E-02       4.05537951E-02
   322.7000       4.02060287E-02       4.02147101E-02       4.05535951E-02
   322.8000       4.02059454E-02       4.02146734E-02       4.05533951E-02
   322.9000       4.02058622E-02       4.02145562E-02       4.05531951E-02
   323.0000       4.02057791E-02       4.02144887E-02       4.05529952E-02
   323.1000       4.02056959E-02       4.02143362E-02       4.05527953E-02
   323.2000       4.02056128E-02       4.02142767E-02       4.05525954E-02
   323.3000       4.02055298E-02       4.02142232E-02       4.05523955E-02
   323.4000       4.02054469E-02       4.02141416E-02       4.05521957E-02
   323.5000       4.02053640E-02       4.02140272E-02       4.05519959E-02
   323.6000       4.02052812E-02       4.02139569E-02       4.05517961E-02
   323.7000       4.02051983E-02       4.02139153E-02       4.05515963E-02
   323.8000       4.02051155E-02       4.02138171E-02       4.05513966E-02
   323.9000       4.02050327E-02       4.02137912E-02       4.05511968E-02
   324.0000       4.02049501E-02       4.02136940E-02       4.05509971E-02
   324.1000       4.02048674E-02       4.02135782E-02       4.05507974E-02
   324.2000       4.02047847E-02       4.02134931E-02       4.05505978E-02
   324.3000       4.02047021E-02       4.02134903E-02       4.05503981E-02
   324.4000       4.02046195E-02       4.02133260E-02       4.05501984E-02
   324.5000       4.02045369E-02       4.02132821E-02       4.05499988E-02
   324.6000       4.02044544E-02       4.02132021E-02       4.05497991E-02
   324.7000       4.02043720E-02       4.02131010E-02       4.05495995E-02
   324.8000       4.02042897E-02       4.02130279E-02       4.05493999E-02
   324.9000       4.02042075E-02       4.02129822E-02       4.05492003E-02
   325.0000       4.02041253E-02       4.02128648E-02       4.05490007E-02
   325.1000       4.02040431E-02       4.02127304E-02       4.05488011E-02
   325.2000       4.02039611E-02       4.02127615E-02       4.05486015E-02
   325.3000       4.02038791E-02       4.02125368E-02       4.05484019E-02
   325.4000       4.02037971E-02       4.02125318E-02       4.05482023E-02
   325.5000       4.02037153E-02       4.02124068E-02       4.05480027E-02
   325.6000       4.02036335E-02       4.02124179E-02       4.05478031E-02
   325.7000       4.02035518E-02       4.02123681E-02       4.05476035E-02
   325.8000       4.02034702E-02       4.02122242E-02       4.05474039E-02
   325.9000       4.02033886E-02       4.02121945E-02       4.05472043E-02
   326.0000       4.02033070E-02       4.02120369E-02       4.05470048E-02
   326.1000       4.02032254E-02       4.02119746E-02       4.05468052E-02
   326.2000       4.02031439E-02       4.02118540E-02       4.05466057E-02
   326.3000       4.02030625E-02       4.02118385E-02       4.05464061E-02
   326.4000       4.02029811E-02       4.02117697E-02       4.05462066E-02
   326.5000       4.02028997E-02       4.02116783E-02       4.05460071E-02
   326.6000       4.02028185E-02       4.02116073E-02       4.05458075E-02
   326.7000       4.02027372E-02       4.02114844E-02       4.05456080E-02
   326.8000       4.02026561E-02       4.02114144E-02       4.05454085E-02
   326.9000       4.02025750E-02       4.02113050E-02       4.05452091E-02
   327.0000       4.02024940E-02       4.02112543E-02       4.05450096E-02
   327.1000       4.02024132E-02       4.02112518E-02       4.05448101E-02
   327.2000       4.02023323E-02       4.02111652E-02       4.05446107E-02
   327.3000       4.02022516E-02       4.02110061E-02       4.05444112E-02
   327.4000       4.02021709E-02       4.02109009E-02       4.05442118E-02
   327.5000       4.02020902E-02       4.02108702E-02       4.05440124E-02
   327.6000       4.02020097E-02       4.02108245E-02       4.05438129E-02
   327.7000       4.02019291E-02       4.02107660E-02       4.05436135E-02
   327.8000       4.02018486E-02       4.02106343E-02       4.05434141E-02
   327.9000       4.02017683E-02       4.02105313E-02       4.05432147E-02
   328.0000       4.02016880E-02       4.02104587E-02       4.05430152E-02
   328.1000       4.02016079E-02       4.02104500E-02       4.05428158E-02
   328.2000       4.02015278E-02       4.02103396E-02       4.05426164E-02
   328.3000       4.02014477E-02       4.02102531E-02       4.05424169E-02
   328.4000       4.02013678E-02       4.02101599E-02       4.05422175E-02
   328.5000       4.02012879E-02       4.02100782E-02       4.05420180E-02
   328.6000       4.02012080E-02       4.02099858E-02       4.05418185E-02
   328.7000       4.02011282E-02       4.02099168E-02       4.05416191E-02
   328.8000       4.02010485E-02       4.02097993E-02       4.05414196E-02
   328.9000       4.02009688E-02       4.02098053E-02       4.05412201E-02
   329.0000       4.02008892E-02       4.02096045E-02       4.05410206E-02
   329.1000       4.02008097E-02       4.02096377E-02       4.05408210E-02
   329.2000       4.02007303E-02       4.02095551E-02       4.05406215E-02
   329.3000       4.02006508E-02       4.02094647E-02       4.05404219E-02
   329.4000       4.02005715E-02       4.02093944E-02       4.05402223E-02
   329.5000       4.02004921E-02       4.02092972E-02       4.05400227E-02
   329.6000       4.02004128E-02       4.02092132E-02       4.05398230E-02
   329.7000       4.02003336E-02       4.02091233E-02       4.05396234E-02
   329.8000       4.02002545E-02       4.02090905E-02       4.05394237E-02
   329.9000       4.02001754E-02       4.02089468E-02       4.05392240E-02
   330.0000       4.02000963E-02       4.02089378E-02       4.05390243E-02
   330.1000       4.02000173E-02       4.02088116E-02       4.05388245E-02
   330.2000       4.01999384E-02       4.02087789E-02       4.05386247E-02
   330.3000       4.01998595E-02       4.02087127E-02       4.05384249E-02
   330.4000       4.01997807E-02       4.02085479E-02       4.05382251E-02
   330.5000       4.01997020E-02       4.02085270E-02       4.05380252E-02
   330.6000       4.01996233E-02       4.02084218E-02       4.05378253E-02
   330.7000       4.01995448E-02       4.02083657E-02       4.05376254E-02
   330.8000       4.01994663E-02       4.02082908E-02       4.05374254E-02
   330.9000       4.01993879E-02       4.02081843E-02       4.05372254E-02
   331.0000       4.01993095E-02       4.02081441E-02       4.05370254E-02
   331.1000       4.01992313E-02       4.02080899E-02       4.05368254E-02
   331.2000       4.01991531E-02       4.02079904E-02       4.05366254E-02
   331.3000       4.01990750E-02       4.02078985E-02       4.05364253E-02
   331.4000       4.01989971E-02       4.02077882E-02       4.05362253E-02
   331.5000       4.01989192E-02       4.02076852E-02       4.05360252E-02
   331.6000       4.01988414E-02       4.02076755E-02       4.05358251E-02
   331.7000       4.01987638E-02       4.02075873E-02       4.05356250E-02
   331.8000       4.01986861E-02       4.02075042E-02       4.05354250E-02
   331.9000       4.01986086E-02       4.02074273E-02       4.05352249E-02
   332.0000       4.01985312E-02       4.02073798E-02       4.05350247E-02
   332.1000       4.01984538E-02       4.02072849E-02       4.05348246E-02
   332.2000       4.01983764E-02       4.02071834E-02       4.05346245E-02
   332.3000       4.01982991E-02       4.02071125E-02       4.05344244E-02
   332.4000       4.01982219E-02       4.02070433E-02       4.05342243E-02
   332.5000       4.01981446E-02       4.02069839E-02       4.05340242E-02
   332.6000       4.01980675E-02       4.02068839E-02       4.05338241E-02
   332.7000       4.01979903E-02       4.02068672E-02       4.05336240E-02
   332.8000       4.01979132E-02       4.02067967E-02       4.05334239E-02
   332.9000       4.01978361E-02       4.02066527E-02       4.05332239E-02
   333.0000       4.01977590E-02       4.02065747E-02       4.05330238E-02
   333.1000       4.01976820E-02       4.02065253E-02       4.05328237E-02
   333.2000       4.01976050E-02       4.02065035E-02       4.05326237E-02
   333.3000       4.01975281E-02       4.02063568E-02       4.05324237E-02
   333.4000       4.01974511E-02       4.02063360E-02       4.05322237E-02
   333.5000       4.01973743E-02       4.02062629E-02       4.05320237E-02
   333.6000       4.01972974E-02       4.02061263E-02       4.05318238E-02
   333.7000       4.01972207E-02       4.02061232E-02       4.05316239E-02
   333.8000       4.01971440E-02       4.02060022E-02       4.05314239E-02
   333.9000       4.01970674E-02       4.02059238E-02       4.05312240E-02
   334.0000       4.01969909E-02       4.02058426E-02       4.05310242E-02
   334.1000       4.01969144E-02       4.02057618E-02       4.05308243E-02
   334.2000       4.01968381E-02       4.02057066E-02       4.05306245E-02
   334.3000       4.01967618E-02       4.02056148E-02       4.05304246E-02
   334.4000       4.01966855E-02       4.02055516E-02       4.05302248E-02
   334.5000       4.01966093E-02       4.02054378E-02       4.05300250E-02
   334.6000       4.01965332E-02       4.02054246E-02       4.05298252E-02
   334.7000       4.01964571E-02       4.02053324E-02       4.05296254E-02
   334.8000       4.01963810E-02       4.02052675E-02       4.05294256E-02
   334.9000       4.01963049E-02       4.02051973E-02       4.05292258E-02
   335.0000       4.01962289E-02       4.02050808E-02       4.05290260E-02
   335.1000       4.01961529E-02       4.02050619E-02       4.05288262E-02
   335.2000       4.01960771E-02       4.02049321E-02       4.05286264E-02
   335.3000       4.01960012E-02       4.02048776E-02       4.05284266E-02
   335.4000       4.01959255E-02       4.02047849E-02       4.05282268E-02
   335.5000       4.01958498E-02       4.02047356E-02       4.05280271E-02
   335.6000       4.01957742E-02       4.02046585E-02       4.05278273E-02
   335.7000       4.01956986E-02       4.02045664E-02       4.05276275E-02
   335.8000       4.01956230E-02       4.02045513E-02       4.05274277E-02
   335.9000       4.01955475E-02       4.02044265E-02       4.05272279E-02
   336.0000       4.01954721E-02       4.02043175E-02       4.05270280E-02
   336.1000       4.01953966E-02       4.02042671E-02       4.05268282E-02
   336.2000       4.01953213E-02       4.02042226E-02       4.05266284E-02
   336.3000       4.01952460E-02       4.02041319E-02       4.05264286E-02
   336.4000       4.01951708E-02       4.02040666E-02       4.05262288E-02
   336.5000       4.01950956E-02       4.02039689E-02       4.05260290E-02
   336.6000       4.01950206E-02       4.02039209E-02       4.05258292E-02
   336.7000       4.01949456E-02       4.02038579E-02       4.05256293E-02
   336.8000       4.01948707E-02       4.02037478E-02       4.05254295E-02
   336.9000       4.01947958E-02       4.02036953E-02       4.05252297E-02
   337.0000       4.01947210E-02       4.02036579E-02       4.05250298E-02
   337.1000       4.01946461E-02       4.02034957E-02       4.05248300E-02
   337.2000       4.01945714E-02       4.02034988E-02       4.05246301E-02
   337.3000       4.01944966E-02       4.02034628E-02       4.05244303E-02
   337.4000       4.01944219E-02       4.02033269E-02       4.05242304E-02
   337.5000       4.01943472E-02       4.02032979E-02       4.05240306E-02
   337.6000       4.01942726E-02       4.02031623E-02       4.05238307E-02
   337.7000       4.01941982E-02       4.02031267E-02       4.05236308E-02
   337.8000       4.01941238E-02       4.02030323E-02       4.05234310E-02
   337.9000       4.01940494E-02       4.02030012E-02       4.05232311E-02
   338.0000       4.01939751E-02       4.02028498E-02       4.05230312E-02
   338.1000       4.01939010E-02       4.02028495E-02       4.05228313E-02
   338.2000       4.01938269E-02       4.02026866E-02       4.05226314E-02
   338.3000       4.01937528E-02       4.02026738E-02       4.05224315E-02
   338.4000       4.01936788E-02       4.02025871E-02       4.05222316E-02
   338.5000       4.01936048E-02       4.02025370E-02       4.05220317E-02
   338.6000       4.01935309E-02       4.02024589E-02       4.05218318E-02
   338.7000       4.01934570E-02       4.02023787E-02       4.05216318E-02
   338.8000       4.01933831E-02       4.02022788E-02       4.05214319E-02
   338.9000       4.01933094E-02       4.02022749E-02       4.05212319E-02
   339.0000       4.01932357E-02       4.02021740E-02       4.05210320E-02
   339.1000       4.01931621E-02       4.02020929E-02       4.05208320E-02
   339.2000       4.01930886E-02       4.02019909E-02       4.05206320E-02
   339.3000       4.01930151E-02       4.02019074E-02       4.05204320E-02
   339.4000       4.01929417E-02       4.02018779E-02       4.05202320E-02
   339.5000       4.01928683E-02       4.02017494E-02       4.05200320E-02
   339.6000       4.01927949E-02       4.02017418E-02       4.05198320E-02
   339.7000       4.01927216E-02       4.02016322E-02       4.05196319E-02
   339.8000       4.01926483E-02       4.02015555E-02       4.05194319E-02
   339.9000       4.01925751E-02       4.02014867E-02       4.05192318E-02
   340.0000       4.01925020E-02       4.02014432E-02       4.05190318E-02
   340.1000       4.01924289E-02       4.02012971E-02       4.05188317E-02
   340.2000       4.01923559E-02       4.02012153E-02       4.05186316E-02
   340.3000       4.01922829E-02       4.02012223E-02       4.05184315E-02
   340.4000       4.01922099E-02       4.02011445E-02       4.05182315E-02
   340.5000       4.01921371E-02       4.02010804E-02       4.05180314E-02
   340.6000       4.01920642E-02       4.02010290E-02       4.05178313E-02
   340.7000       4.01919914E-02       4.02008791E-02       4.05176312E-02
   340.8000       4.01919186E-02       4.02009241E-02       4.05174310E-02
   340.9000       4.01918460E-02       4.02007995E-02       4.05172309E-02
   341.0000       4.01917734E-02       4.02007199E-02       4.05170308E-02
   341.1000       4.01917009E-02       4.02006689E-02       4.05168307E-02
   341.2000       4.01916284E-02       4.02006505E-02       4.05166305E-02
   341.3000       4.01915560E-02       4.02005075E-02       4.05164304E-02
   341.4000       4.01914837E-02       4.02004555E-02       4.05162302E-02
   341.5000       4.01914113E-02       4.02003527E-02       4.05160301E-02
   341.6000       4.01913391E-02       4.02002474E-02       4.05158300E-02
   341.7000       4.01912669E-02       4.02002387E-02       4.05156298E-02
   341.8000       4.01911947E-02       4.02001726E-02       4.05154297E-02
   341.9000       4.01911226E-02       4.02001107E-02       4.05152295E-02
   342.0000       4.01910506E-02       4.02000276E-02       4.05150294E-02
   342.1000       4.01909786E-02       4.01998826E-02       4.05148292E-02
   342.2000       4.01909067E-02       4.01998148E-02       4.05146291E-02
   342.3000       4.01908349E-02       4.01997273E-02       4.05144289E-02
   342.4000       4.01907632E-02       4.01997044E-02       4.05142288E-02
   342.5000       4.01906916E-02       4.01996476E-02       4.05140286E-02
   342.6000       4.01906200E-02       4.01995901E-02       4.05138284E-02
   342.7000       4.01905485E-02       4.01994748E-02       4.05136283E-02
   342.8000       4.01904770E-02       4.01995299E-02       4.05134281E-02
   342.9000       4.01904056E-02       4.01993905E-02       4.05132279E-02
   343.0000       4.01903343E-02       4.01993047E-02       4.05130278E-02
   343.1000       4.01902630E-02       4.01992039E-02       4.05128276E-02
   343.2000       4.01901918E-02       4.01991558E-02       4.05126274E-02
   343.3000       4.01901207E-02       4.01990742E-02       4.05124272E-02
   343.4000       4.01900496E-02       4.01990511E-02       4.05122270E-02
   343.5000       4.01899786E-02       4.01989790E-02       4.05120269E-02
   343.6000       4.01899077E-02       4.01988717E-02       4.05118267E-02
   343.7000       4.01898368E-02       4.01988336E-02       4.05116265E-02
   343.8000       4.01897659E-02       4.01987201E-02       4.05114262E-02
   343.9000       4.01896952E-02       4.01987183E-02       4.05112260E-02
   344.0000       4.01896244E-02       4.01986029E-02       4.05110258E-02
   344.1000       4.01895537E-02       4.01985370E-02       4.05108255E-02
   344.2000       4.01894830E-02       4.01984727E-02       4.05106253E-02
   344.3000       4.01894124E-02       4.01983597E-02       4.05104251E-02
   344.4000       4.01893419E-02       4.01983709E-02       4.05102248E-02
   344.5000       4.01892715E-02       4.01982155E-02       4.05100245E-02
   344.6000       4.01892012E-02       4.01982146E-02       4.05098243E-02
   344.7000       4.01891310E-02       4.01981441E-02       4.05096240E-02
   344.8000       4.01890608E-02       4.01980560E-02       4.05094237E-02
   344.9000       4.01889907E-02       4.01979802E-02       4.05092234E-02
   345.0000       4.01889206E-02       4.01978967E-02       4.05090232E-02
   345.1000       4.01888506E-02       4.01978594E-02       4.05088229E-02
   345.2000       4.01887806E-02       4.01977893E-02       4.05086226E-02
   345.3000       4.01887107E-02       4.01977105E-02       4.05084223E-02
   345.4000       4.01886409E-02       4.01976402E-02       4.05082220E-02
   345.5000       4.01885711E-02       4.01976321E-02       4.05080216E-02
   345.6000       4.01885014E-02       4.01975121E-02       4.05078213E-02
   345.7000       4.01884318E-02       4.01973585E-02       4.05076209E-02
   345.8000       4.01883622E-02       4.01973961E-02       4.05074206E-02
   345.9000       4.01882927E-02       4.01973222E-02       4.05072202E-02
   346.0000       4.01882233E-02       4.01972322E-02       4.05070198E-02
   346.1000       4.01881539E-02       4.01971732E-02       4.05068194E-02
   346.2000       4.01880846E-02       4.01970816E-02       4.05066190E-02
   346.3000       4.01880153E-02       4.01970666E-02       4.05064185E-02
   346.4000       4.01879461E-02       4.01969497E-02       4.05062181E-02
   346.5000       4.01878770E-02       4.01969038E-02       4.05060176E-02
   346.6000       4.01878080E-02       4.01967619E-02       4.05058171E-02
   346.7000       4.01877390E-02       4.01967202E-02       4.05056166E-02
   346.8000       4.01876700E-02       4.01966673E-02       4.05054161E-02
   346.9000       4.01876012E-02       4.01966659E-02       4.05052156E-02
   347.0000       4.01875324E-02       4.01965262E-02       4.05050151E-02
   347.1000       4.01874637E-02       4.01964258E-02       4.05048146E-02
   347.2000       4.01873950E-02       4.01964484E-02       4.05046140E-02
   347.3000       4.01873264E-02       4.01963086E-02       4.05044135E-02
   347.4000       4.01872578E-02       4.01963083E-02       4.05042130E-02
   347.5000       4.01871893E-02       4.01962217E-02       4.05040124E-02
   347.6000       4.01871208E-02       4.01961063E-02       4.05038119E-02
   347.7000       4.01870523E-02       4.01960934E-02       4.05036113E-02
   347.8000       4.01869839E-02       4.01960068E-02       4.05034107E-02
   347.9000       4.01869155E-02       4.01959315E-02       4.05032102E-02
   348.0000       4.01868472E-02       4.01958878E-02       4.05030096E-02
   348.1000       4.01867789E-02       4.01958192E-02       4.05028090E-02
   348.2000       4.01867107E-02       4.01957624E-02       4.05026085E-02
   348.3000       4.01866426E-02       4.01956335E-02       4.05024079E-02
   348.4000       4.01865745E-02       4.01955746E-02       4.05022073E-02
   348.5000       4.01865065E-02       4.01955515E-02       4.05020068E-02
   348.6000       4.01864385E-02       4.01954539E-02       4.05018062E-02
   348.7000       4.01863706E-02       4.01953740E-02       4.05016057E-02
   348.8000       4.01863027E-02       4.01952967E-02       4.05014051E-02
   348.9000       4.01862349E-02       4.01952841E-02       4.05012046E-02
   349.0000       4.01861672E-02       4.01951989E-02       4.05010041E-02
   349.1000       4.01860995E-02       4.01950853E-02       4.05008035E-02
   349.2000       4.01860320E-02       4.01950730E-02       4.05006030E-02
   349.3000       4.01859644E-02       4.01949634E-02       4.05004025E-02
   349.4000       4.01858969E-02       4.01949276E-02       4.05002020E-02
   349.5000       4.01858294E-02       4.01949134E-02       4.05000015E-02
   349.6000       4.01857620E-02       4.01947946E-02       4.04998009E-02
   349.7000       4.01856946E-02       4.01947132E-02       4.04996004E-02
   349.8000       4.01856273E-02       4.01946202E-02       4.04993999E-02
   349.9000       4.01855601E-02       4.01946465E-02       4.04991995E-02
   350.0000       4.01854930E-02       4.01945105E-02       4.04989990E-02
   350.1000       4.01854259E-02       4.01944727E-02       4.04987985E-02
   350.2000       4.01853589E-02       4.01944430E-02       4.04985980E-02
   350.3000       4.01852919E-02       4.01943433E-02       4.04983976E-02
   350.4000       4.01852250E-02       4.01942967E-02       4.04981971E-02
   350.5000       4.01851582E-02       4.01942438E-02       4.04979967E-02
   350.6000       4.01850914E-02       4.01941639E-02       4.04977963E-02
   350.7000       4.01850247E-02       4.01940709E-02       4.04975958E-02
   350.8000       4.01849581E-02       4.01939859E-02       4.04973954E-02
   350.9000       4.01848915E-02       4.01939377E-02       4.04971950E-02
   351.0000       4.01848250E-02       4.01938470E-02       4.04969946E-02
   351.1000       4.01847586E-02       4.01938046E-02       4.04967942E-02
   351.2000       4.01846922E-02       4.01937169E-02       4.04965938E-02
   351.3000       4.01846258E-02       4.01936208E-02       4.04963934E-02
   351.4000       4.01845595E-02       4.01936733E-02       4.04961931E-02
   351.5000       4.01844932E-02       4.01935522E-02       4.04959927E-02
   351.6000       4.01844270E-02       4.01934361E-02       4.04957923E-02
   351.7000       4.01843608E-02       4.01934412E-02       4.04955920E-02
   351.8000       4.01842947E-02       4.01933648E-02       4.04953917E-02
   351.9000       4.01842287E-02       4.01933140E-02       4.04951913E-02
   352.0000       4.01841628E-02       4.01932293E-02       4.04949910E-02
   352.1000       4.01840969E-02       4.01931487E-02       4.04947907E-02
   352.2000       4.01840311E-02       4.01931081E-02       4.04945903E-02
   352.3000       4.01839655E-02       4.01929676E-02       4.04943900E-02
   352.4000       4.01838998E-02       4.01929726E-02       4.04941897E-02
   352.5000       4.01838343E-02       4.01929091E-02       4.04939894E-02
   352.6000       4.01837687E-02       4.01928099E-02       4.04937891E-02
   352.7000       4.01837033E-02       4.01927574E-02       4.04935888E-02
   352.8000       4.01836379E-02       4.01927247E-02       4.04933885E-02
   352.9000       4.01835726E-02       4.01926573E-02       4.04931882E-02
   353.0000       4.01835073E-02       4.01925992E-02       4.04929879E-02
   353.1000       4.01834421E-02       4.01924962E-02       4.04927876E-02
   353.2000       4.01833771E-02       4.01924130E-02       4.04925872E-02
   353.3000       4.01833121E-02       4.01923619E-02       4.04923869E-02
   353.4000       4.01832472E-02       4.01923216E-02       4.04921866E-02
   353.5000       4.01831823E-02       4.01922171E-02       4.04919863E-02
   353.6000       4.01831175E-02       4.01922058E-02       4.04917859E-02
   353.7000       4.01830528E-02       4.01921083E-02       4.04915856E-02
   353.8000       4.01829883E-02       4.01920288E-02       4.04913853E-02
   353.9000       4.01829237E-02       4.01919994E-02       4.04911849E-02
   354.0000       4.01828593E-02       4.01919448E-02       4.04909846E-02
   354.1000       4.01827949E-02       4.01918914E-02       4.04907842E-02
   354.2000       4.01827306E-02       4.01918067E-02       4.04905838E-02
   354.3000       4.01826663E-02       4.01917149E-02       4.04903834E-02
   354.4000       4.01826021E-02       4.01917169E-02       4.04901829E-02
   354.5000       4.01825380E-02       4.01915915E-02       4.04899825E-02
   354.6000       4.01824740E-02       4.01915526E-02       4.04897820E-02
   354.7000       4.01824100E-02       4.01915137E-02       4.04895815E-02
   354.8000       4.01823461E-02       4.01914749E-02       4.04893810E-02
   354.9000       4.01822822E-02       4.01913473E-02       4.04891805E-02
   355.0000       4.01822184E-02       4.01913118E-02       4.04889799E-02
   355.1000       4.01821546E-02       4.01912035E-02       4.04887794E-02
   355.2000       4.01820910E-02       4.01912253E-02       4.04885788E-02
   355.3000       4.01820273E-02       4.01911047E-02       4.04883783E-02
   355.4000       4.01819638E-02       4.01910710E-02       4.04881777E-02
   355.5000       4.01819003E-02       4.01909554E-02       4.04879771E-02
   355.6000       4.01818369E-02       4.01909178E-02       4.04877765E-02
   355.7000       4.01817735E-02       4.01908793E-02       4.04875759E-02
   355.8000       4.01817102E-02       4.01907842E-02       4.04873753E-02
   355.9000       4.01816469E-02       4.01907278E-02       4.04871747E-02
   356.0000       4.01815837E-02       4.01906904E-02       4.04869741E-02
   356.1000       4.01815206E-02       4.01906202E-02       4.04867734E-02
   356.2000       4.01814575E-02       4.01905218E-02       4.04865728E-02
   356.3000       4.01813944E-02       4.01904904E-02       4.04863722E-02
   356.4000       4.01813315E-02       4.01904460E-02       4.04861715E-02
   356.5000       4.01812686E-02       4.01903230E-02       4.04859708E-02
   356.6000       4.01812059E-02       4.01902730E-02       4.04857702E-02
   356.7000       4.01811431E-02       4.01902405E-02       4.04855695E-02
   356.8000       4.01810805E-02       4.01901412E-02       4.04853688E-02
   356.9000       4.01810179E-02       4.01901017E-02       4.04851681E-02
   357.0000       4.01809553E-02       4.01900318E-02       4.04849675E-02
   357.1000       4.01808928E-02       4.01899900E-02       4.04847668E-02
   357.2000       4.01808304E-02       4.01899212E-02       4.04845661E-02
   357.3000       4.01807681E-02       4.01898876E-02       4.04843654E-02
   357.4000       4.01807057E-02       4.01898302E-02       4.04841647E-02
   357.5000       4.01806435E-02       4.01896997E-02       4.04839640E-02
   357.6000       4.01805813E-02       4.01896952E-02       4.04837633E-02
   357.7000       4.01805191E-02       4.01895687E-02       4.04835626E-02
   357.8000       4.01804571E-02       4.01895692E-02       4.04833619E-02
   357.9000       4.01803951E-02       4.01895063E-02       4.04831612E-02
   358.0000       4.01803331E-02       4.01894737E-02       4.04829604E-02
   358.1000       4.01802713E-02       4.01893619E-02       4.04827597E-02
   358.2000       4.01802094E-02       4.01893540E-02       4.04825590E-02
   358.3000       4.01801477E-02       4.01892770E-02       4.04823583E-02
   358.4000       4.01800860E-02       4.01892107E-02       4.04821576E-02
   358.5000       4.01800244E-02       4.01891086E-02       4.04819569E-02
   358.6000       4.01799628E-02       4.01890845E-02       4.04817562E-02
   358.7000       4.01799013E-02       4.01889896E-02       4.04815555E-02
   358.8000       4.01798398E-02       4.01890075E-02       4.04813549E-02
   358.9000       4.01797783E-02       4.01889017E-02       4.04811542E-02
   359.0000       4.01797168E-02       4.01888712E-02       4.04809536E-02
   359.1000       4.01796555E-02       4.01887968E-02       4.04807530E-02
   359.2000       4.01795941E-02       4.01887250E-02       4.04805524E-02
   359.3000       4.01795329E-02       4.01887095E-02       4.04803518E-02
   359.4000       4.01794717E-02       4.01885786E-02       4.04801512E-02
   359.5000       4.01794106E-02       4.01885112E-02       4.04799506E-02
   359.6000       4.01793496E-02       4.01884733E-02       4.04797501E-02
   359.7000       4.01792887E-02       4.01884405E-02       4.04795495E-02
   359.8000       4.01792278E-02       4.01883693E-02       4.04793490E-02
   359.9000       4.01791670E-02       4.01882943E-02       4.04791485E-02
   360.0000       4.01791063E-02       4.01882507E-02       4.04789480E-02
   360.1000       4.01790456E-02       4.01881692E-02       4.04787475E-02
   360.2000       4.01789851E-02       4.01880649E-02       4.04785471E-02
   360.3000       4.01789246E-02       4.01880308E-02       4.04783467E-02
   360.4000       4.01788641E-02       4.01879816E-02       4.04781462E-02
   360.5000       4.01788037E-02       4.01879756E-02       4.04779458E-02
   360.6000       4.01787434E-02       4.01879116E-02       4.04777455E-02
   360.7000       4.01786831E-02       4.01877682E-02       4.04775451E-02
   360.8000       4.01786228E-02       4.01877542E-02       4.04773448E-02
   360.9000       4.01785627E-02       4.01876838E-02       4.04771445E-02
   361.0000       4.01785026E-02       4.01876479E-02       4.04769442E-02
   361.1000       4.01784425E-02       4.01875876E-02       4.04767439E-02
   361.2000       4.01783825E-02       4.01875451E-02       4.04765437E-02
   361.3000       4.01783226E-02       4.01874480E-02       4.04763435E-02
   361.4000       4.01782628E-02       4.01873914E-02       4.04761433E-02
   361.5000       4.01782030E-02       4.01873388E-02       4.04759431E-02
   361.6000       4.01781433E-02       4.01872970E-02       4.04757430E-02
   361.7000       4.01780836E-02       4.01871863E-02       4.04755429E-02
   361.8000       4.01780241E-02       4.01871612E-02       4.04753427E-02
   361.9000       4.01779646E-02       4.01871055E-02       4.04751426E-02
   362.0000       4.01779052E-02       4.01870553E-02       4.04749426E-02
   362.1000       4.01778459E-02       4.01869725E-02       4.04747425E-02
   362.2000       4.01777867E-02       4.01868970E-02       4.04745425E-02
   362.3000       4.01777275E-02       4.01868335E-02       4.04743425E-02
   362.4000       4.01776684E-02       4.01868267E-02       4.04741425E-02
   362.5000       4.01776094E-02       4.01867686E-02       4.04739425E-02
   362.6000       4.01775504E-02       4.01867123E-02       4.04737426E-02
   362.7000       4.01774916E-02       4.01866407E-02       4.04735427E-02
   362.8000       4.01774328E-02       4.01865779E-02       4.04733428E-02
   362.9000       4.01773741E-02       4.01865458E-02       4.04731428E-02
   363.0000       4.01773154E-02       4.01864704E-02       4.04729430E-02
   363.1000       4.01772569E-02       4.01863975E-02       4.04727431E-02
   363.2000       4.01771984E-02       4.01863699E-02       4.04725432E-02
   363.3000       4.01771399E-02       4.01862918E-02       4.04723433E-02
   363.4000       4.01770816E-02       4.01862104E-02       4.04721434E-02
   363.5000       4.01770233E-02       4.01861879E-02       4.04719436E-02
   363.6000       4.01769651E-02       4.01861512E-02       4.04717437E-02
   363.7000       4.01769069E-02       4.01860338E-02       4.04715439E-02
   363.8000       4.01768488E-02       4.01860028E-02       4.04713441E-02
   363.9000       4.01767908E-02       4.01858704E-02       4.04711442E-02
   364.0000       4.01767328E-02       4.01859197E-02       4.04709444E-02
   364.1000       4.01766749E-02       4.01858233E-02       4.04707445E-02
   364.2000       4.01766171E-02       4.01857850E-02       4.04705447E-02
   364.3000       4.01765593E-02       4.01857137E-02       4.04703448E-02
   364.4000       4.01765016E-02       4.01856400E-02       4.04701450E-02
   364.5000       4.01764440E-02       4.01855909E-02       4.04699451E-02
   364.6000       4.01763864E-02       4.01855404E-02       4.04697453E-02
   364.7000       4.01763290E-02       4.01854919E-02       4.04695454E-02
   364.8000       4.01762716E-02       4.01854112E-02       4.04693456E-02
   364.9000       4.01762143E-02       4.01853247E-02       4.04691458E-02
   365.0000       4.01761571E-02       4.01853325E-02       4.04689460E-02
   365.1000       4.01761000E-02       4.01852166E-02       4.04687462E-02
   365.2000       4.01760429E-02       4.01852465E-02       4.04685464E-02
   365.3000       4.01759858E-02       4.01851540E-02       4.04683466E-02
   365.4000       4.01759288E-02       4.01850663E-02       4.04681468E-02
   365.5000       4.01758719E-02       4.01850284E-02       4.04679470E-02
   365.6000       4.01758151E-02       4.01849701E-02       4.04677473E-02
   365.7000       4.01757584E-02       4.01849347E-02       4.04675475E-02
   365.8000       4.01757017E-02       4.01848471E-02       4.04673478E-02
   365.9000       4.01756452E-02       4.01848433E-02       4.04671480E-02
   366.0000       4.01755887E-02       4.01847602E-02       4.04669483E-02
   366.1000       4.01755324E-02       4.01847519E-02       4.04667486E-02
   366.2000       4.01754761E-02       4.01846777E-02       4.04665489E-02
   366.3000       4.01754198E-02       4.01845764E-02       4.04663492E-02
   366.4000       4.01753636E-02       4.01845495E-02       4.04661496E-02
   366.5000       4.01753074E-02       4.01844646E-02       4.04659499E-02
   366.6000       4.01752513E-02       4.01844518E-02       4.04657502E-02
   366.7000       4.01751953E-02       4.01843475E-02       4.04655506E-02
   366.8000       4.01751393E-02       4.01843736E-02       4.04653510E-02
   366.9000       4.01750835E-02       4.01842278E-02       4.04651514E-02
   367.0000       4.01750277E-02       4.01842652E-02       4.04649518E-02
   367.1000       4.01749721E-02       4.01841276E-02       4.04647522E-02
   367.2000       4.01749165E-02       4.01840741E-02       4.04645527E-02
   367.3000       4.01748610E-02       4.01840608E-02       4.04643532E-02
   367.4000       4.01748056E-02       4.01839760E-02       4.04641536E-02
   367.5000       4.01747503E-02       4.01839086E-02       4.04639541E-02
   367.6000       4.01746950E-02       4.01838699E-02       4.04637547E-02
   367.7000       4.01746399E-02       4.01837655E-02       4.04635552E-02
   367.8000       4.01745848E-02       4.01837808E-02       4.04633558E-02
   367.9000       4.01745297E-02       4.01836625E-02       4.04631565E-02
   368.0000       4.01744747E-02       4.01836434E-02       4.04629571E-02
   368.1000       4.01744198E-02       4.01836302E-02       4.04627578E-02
   368.2000       4.01743649E-02       4.01835490E-02       4.04625586E-02
   368.3000       4.01743100E-02       4.01835150E-02       4.04623593E-02
   368.4000       4.01742553E-02       4.01834683E-02       4.04621601E-02
   368.5000       4.01742006E-02       4.01834008E-02       4.04619609E-02
   368.6000       4.01741460E-02       4.01833116E-02       4.04617617E-02
   368.7000       4.01740914E-02       4.01833319E-02       4.04615626E-02
   368.8000       4.01740369E-02       4.01832088E-02       4.04613635E-02
   368.9000       4.01739825E-02       4.01831606E-02       4.04611645E-02
   369.0000       4.01739282E-02       4.01831262E-02       4.04609654E-02
   369.1000       4.01738739E-02       4.01830799E-02       4.04607664E-02
   369.2000       4.01738197E-02       4.01829743E-02       4.04605674E-02
   369.3000       4.01737656E-02       4.01830230E-02       4.04603685E-02
   369.4000       4.01737115E-02       4.01828930E-02       4.04601695E-02
   369.5000       4.01736575E-02       4.01828897E-02       4.04599706E-02
   369.6000       4.01736035E-02       4.01828002E-02       4.04597717E-02
   369.7000       4.01735496E-02       4.01827156E-02       4.04595728E-02
   369.8000       4.01734958E-02       4.01827114E-02       4.04593739E-02
   369.9000       4.01734420E-02       4.01826031E-02       4.04591751E-02
   370.0000       4.01733883E-02       4.01826368E-02       4.04589763E-02
   370.1000       4.01733347E-02       4.01825165E-02       4.04587775E-02
   370.2000       4.01732812E-02       4.01824907E-02       4.04585787E-02
   370.3000       4.01732277E-02       4.01824003E-02       4.04583799E-02
   370.4000       4.01731744E-02       4.01823796E-02       4.04581812E-02
   370.5000       4.01731211E-02       4.01823563E-02       4.04579825E-02
   370.6000       4.01730679E-02       4.01822886E-02       4.04577838E-02
   370.7000       4.01730148E-02       4.01822069E-02       4.04575851E-02
   370.8000       4.01729617E-02       4.01821294E-02       4.04573865E-02
   370.9000       4.01729087E-02       4.01821340E-02       4.04571879E-02
   371.0000       4.01728558E-02       4.01820592E-02       4.04569894E-02
   371.1000       4.01728029E-02       4.01819952E-02       4.04567909E-02
   371.2000       4.01727501E-02       4.01819512E-02       4.04565924E-02
   371.3000       4.01726973E-02       4.01819479E-02       4.04563939E-02
   371.4000       4.01726446E-02       4.01818123E-02       4.04561955E-02
   371.5000       4.01725920E-02       4.01817871E-02       4.04559971E-02
   371.6000       4.01725394E-02       4.01817413E-02       4.04557987E-02
   371.7000       4.01724869E-02       4.01817089E-02       4.04556004E-02
   371.8000       4.01724345E-02       4.01816115E-02       4.04554021E-02
   371.9000       4.01723822E-02       4.01816126E-02       4.04552038E-02
   372.0000       4.01723299E-02       4.01815446E-02       4.04550055E-02
   372.1000       4.01722777E-02       4.01814867E-02       4.04548073E-02
   372.2000       4.01722256E-02       4.01814357E-02       4.04546092E-02
   372.3000       4.01721736E-02       4.01813789E-02       4.04544110E-02
   372.4000       4.01721216E-02       4.01813765E-02       4.04542129E-02
   372.5000       4.01720697E-02       4.01812598E-02       4.04540148E-02
   372.6000       4.01720179E-02       4.01812679E-02       4.04538167E-02
   372.7000       4.01719662E-02       4.01811979E-02       4.04536187E-02
   372.8000       4.01719145E-02       4.01811138E-02       4.04534206E-02
   372.9000       4.01718629E-02       4.01811227E-02       4.04532226E-02
   373.0000       4.01718114E-02       4.01810214E-02       4.04530246E-02
   373.1000       4.01717600E-02       4.01810083E-02       4.04528267E-02
   373.2000       4.01717087E-02       4.01809699E-02       4.04526287E-02
   373.3000       4.01716574E-02       4.01809093E-02       4.04524308E-02
   373.4000       4.01716062E-02       4.01808370E-02       4.04522329E-02
   373.5000       4.01715551E-02       4.01807616E-02       4.04520351E-02
   373.6000       4.01715040E-02       4.01807599E-02       4.04518372E-02
   373.7000       4.01714530E-02       4.01806617E-02       4.04516395E-02
   373.8000       4.01714022E-02       4.01806106E-02       4.04514417E-02
   373.9000       4.01713514E-02       4.01805489E-02       4.04512440E-02
   374.0000       4.01713007E-02       4.01805304E-02       4.04510463E-02
   374.1000       4.01712501E-02       4.01804871E-02       4.04508486E-02
   374.2000       4.01711995E-02       4.01804052E-02       4.04506510E-02
   374.3000       4.01711490E-02       4.01803597E-02       4.04504533E-02
   374.4000       4.01710986E-02       4.01803358E-02       4.04502557E-02
   374.5000       4.01710483E-02       4.01802725E-02       4.04500581E-02
   374.6000       4.01709980E-02       4.01802194E-02       4.04498606E-02
   374.7000       4.01709478E-02       4.01801854E-02       4.04496630E-02
   374.8000       4.01708977E-02       4.01801175E-02       4.04494655E-02
   374.9000       4.01708476E-02       4.01801057E-02       4.04492680E-02
   375.0000       4.01707976E-02       4.01800130E-02       4.04490706E-02
   375.1000       4.01707477E-02       4.01799864E-02       4.04488731E-02
   375.2000       4.01706979E-02       4.01799441E-02       4.04486757E-02
   375.3000       4.01706482E-02       4.01798979E-02       4.04484783E-02
   375.4000       4.01705985E-02       4.01798388E-02       4.04482809E-02
   375.5000       4.01705489E-02       4.01798600E-02       4.04480836E-02
   375.6000       4.01704993E-02       4.01797523E-02       4.04478862E-02
   375.7000       4.01704499E-02       4.01796822E-02       4.04476889E-02
   375.8000       4.01704004E-02       4.01796356E-02       4.04474917E-02
   375.9000       4.01703511E-02       4.01796019E-02       4.04472944E-02
   376.0000       4.01703018E-02       4.01795346E-02       4.04470972E-02
   376.1000       4.01702526E-02       4.01794906E-02       4.04469000E-02
   376.2000       4.01702034E-02       4.01794873E-02       4.04467029E-02
   376.3000       4.01701543E-02       4.01793901E-02       4.04465057E-02
   376.4000       4.01701054E-02       4.01793606E-02       4.04463086E-02
   376.5000       4.01700565E-02       4.01792731E-02       4.04461115E-02
   376.6000       4.01700077E-02       4.01792667E-02       4.04459145E-02
   376.7000       4.01699589E-02       4.01791879E-02       4.04457175E-02
   376.8000       4.01699103E-02       4.01791393E-02       4.04455206E-02
   376.9000       4.01698617E-02       4.01790975E-02       4.04453236E-02
   377.0000       4.01698132E-02       4.01790802E-02       4.04451268E-02
   377.1000       4.01697648E-02       4.01789838E-02       4.04449299E-02
   377.2000       4.01697164E-02       4.01789380E-02       4.04447331E-02
   377.3000       4.01696681E-02       4.01789556E-02       4.04445363E-02
   377.4000       4.01696199E-02       4.01788556E-02       4.04443395E-02
   377.5000       4.01695717E-02       4.01788393E-02       4.04441428E-02
   377.6000       4.01695237E-02       4.01788105E-02       4.04439461E-02
   377.7000       4.01694757E-02       4.01787037E-02       4.04437494E-02
   377.8000       4.01694278E-02       4.01786810E-02       4.04435528E-02
   377.9000       4.01693800E-02       4.01786575E-02       4.04433561E-02
   378.0000       4.01693322E-02       4.01786332E-02       4.04431596E-02
   378.1000       4.01692846E-02       4.01785802E-02       4.04429630E-02
   378.2000       4.01692370E-02       4.01785232E-02       4.04427665E-02
   378.3000       4.01691894E-02       4.01784161E-02       4.04425701E-02
   378.4000       4.01691419E-02       4.01783482E-02       4.04423737E-02
   378.5000       4.01690945E-02       4.01783588E-02       4.04421773E-02
   378.6000       4.01690472E-02       4.01782775E-02       4.04419810E-02
   378.7000       4.01689999E-02       4.01782177E-02       4.04417847E-02
   378.8000       4.01689527E-02       4.01782021E-02       4.04415884E-02
   378.9000       4.01689055E-02       4.01781699E-02       4.04413922E-02
   379.0000       4.01688585E-02       4.01781388E-02       4.04411961E-02
   379.1000       4.01688115E-02       4.01780613E-02       4.04410000E-02
   379.2000       4.01687647E-02       4.01780276E-02       4.04408040E-02
   379.3000       4.01687179E-02       4.01780078E-02       4.04406080E-02
   379.4000       4.01686711E-02       4.01779173E-02       4.04404120E-02
   379.5000       4.01686245E-02       4.01779190E-02       4.04402161E-02
   379.6000       4.01685780E-02       4.01778208E-02       4.04400202E-02
   379.7000       4.01685315E-02       4.01778245E-02       4.04398244E-02
   379.8000       4.01684852E-02       4.01777300E-02       4.04396286E-02
   379.9000       4.01684389E-02       4.01777345E-02       4.04394328E-02
   380.0000       4.01683927E-02       4.01776238E-02       4.04392371E-02
   380.1000       4.01683465E-02       4.01776080E-02       4.04390414E-02
   380.2000       4.01683004E-02       4.01775565E-02       4.04388458E-02
   380.3000       4.01682544E-02       4.01775087E-02       4.04386502E-02
   380.4000       4.01682085E-02       4.01775320E-02       4.04384547E-02
   380.5000       4.01681627E-02       4.01774374E-02       4.04382592E-02
   380.6000       4.01681169E-02       4.01774001E-02       4.04380637E-02
   380.7000       4.01680712E-02       4.01772945E-02       4.04378682E-02
   380.8000       4.01680256E-02       4.01773040E-02       4.04376728E-02
   380.9000       4.01679801E-02       4.01772883E-02       4.04374775E-02
   381.0000       4.01679347E-02       4.01772213E-02       4.04372821E-02
   381.1000       4.01678894E-02       4.01771557E-02       4.04370868E-02
   381.2000       4.01678442E-02       4.01770957E-02       4.04368915E-02
   381.3000       4.01677990E-02       4.01771006E-02       4.04366962E-02
   381.4000       4.01677539E-02       4.01770220E-02       4.04365010E-02
   381.5000       4.01677089E-02       4.01769860E-02       4.04363058E-02
   381.6000       4.01676640E-02       4.01769875E-02       4.04361106E-02
   381.7000       4.01676191E-02       4.01769101E-02       4.04359154E-02
   381.8000       4.01675743E-02       4.01768497E-02       4.04357203E-02
   381.9000       4.01675295E-02       4.01768065E-02       4.04355252E-02
   382.0000       4.01674849E-02       4.01767667E-02       4.04353302E-02
   382.1000       4.01674402E-02       4.01766950E-02       4.04351351E-02
   382.2000       4.01673957E-02       4.01766726E-02       4.04349402E-02
   382.3000       4.01673512E-02       4.01766234E-02       4.04347452E-02
   382.4000       4.01673068E-02       4.01765552E-02       4.04345503E-02
   382.5000       4.01672626E-02       4.01765918E-02       4.04343555E-02
   382.6000       4.01672183E-02       4.01765272E-02       4.04341607E-02
   382.7000       4.01671742E-02       4.01764736E-02       4.04339659E-02
   382.8000       4.01671301E-02       4.01764109E-02       4.04337712E-02
   382.9000       4.01670861E-02       4.01764117E-02       4.04335765E-02
   383.0000       4.01670421E-02       4.01763036E-02       4.04333819E-02
   383.1000       4.01669983E-02       4.01763193E-02       4.04331873E-02
   383.2000       4.01669545E-02       4.01762745E-02       4.04329928E-02
   383.3000       4.01669108E-02       4.01762050E-02       4.04327983E-02
   383.4000       4.01668672E-02       4.01761419E-02       4.04326038E-02
   383.5000       4.01668237E-02       4.01761206E-02       4.04324094E-02
   383.6000       4.01667802E-02       4.01760723E-02       4.04322150E-02
   383.7000       4.01667368E-02       4.01760404E-02       4.04320207E-02
   383.8000       4.01666935E-02       4.01759893E-02       4.04318264E-02
   383.9000       4.01666504E-02       4.01758863E-02       4.04316322E-02
   384.0000       4.01666073E-02       4.01759223E-02       4.04314381E-02
   384.1000       4.01665643E-02       4.01758424E-02       4.04312440E-02
   384.2000       4.01665214E-02       4.01758651E-02       4.04310500E-02
   384.3000       4.01664785E-02       4.01757900E-02       4.04308560E-02
   384.4000       4.01664358E-02       4.01757187E-02       4.04306621E-02
   384.5000       4.01663931E-02       4.01757077E-02       4.04304682E-02
   384.6000       4.01663505E-02       4.01756196E-02       4.04302744E-02
   384.7000       4.01663080E-02       4.01755811E-02       4.04300807E-02
   384.8000       4.01662656E-02       4.01755786E-02       4.04298870E-02
   384.9000       4.01662232E-02       4.01755304E-02       4.04296934E-02
   385.0000       4.01661809E-02       4.01754838E-02       4.04294998E-02
   385.1000       4.01661387E-02       4.01754238E-02       4.04293063E-02
   385.2000       4.01660966E-02       4.01753912E-02       4.04291129E-02
   385.3000       4.01660545E-02       4.01753623E-02       4.04289195E-02
   385.4000       4.01660125E-02       4.01753410E-02       4.04287262E-02
   385.5000       4.01659707E-02       4.01752804E-02       4.04285329E-02
   385.6000       4.01659289E-02       4.01752001E-02       4.04283397E-02
   385.7000       4.01658872E-02       4.01751725E-02       4.04281465E-02
   385.8000       4.01658456E-02       4.01751321E-02       4.04279533E-02
   385.9000       4.01658041E-02       4.01751312E-02       4.04277603E-02
   386.0000       4.01657626E-02       4.01751010E-02       4.04275672E-02
   386.1000       4.01657212E-02       4.01750518E-02       4.04273743E-02
   386.2000       4.01656799E-02       4.01750422E-02       4.04271813E-02
   386.3000       4.01656387E-02       4.01749350E-02       4.04269885E-02
   386.4000       4.01655976E-02       4.01749161E-02       4.04267957E-02
   386.5000       4.01655565E-02       4.01748764E-02       4.04266029E-02
   386.6000       4.01655155E-02       4.01748011E-02       4.04264103E-02
   386.7000       4.01654747E-02       4.01747934E-02       4.04262176E-02
   386.8000       4.01654339E-02       4.01747470E-02       4.04260250E-02
   386.9000       4.01653932E-02       4.01746885E-02       4.04258325E-02
   387.0000       4.01653525E-02       4.01746636E-02       4.04256401E-02
   387.1000       4.01653120E-02       4.01746166E-02       4.04254477E-02
   387.2000       4.01652716E-02       4.01746084E-02       4.04252553E-02
   387.3000       4.01652312E-02       4.01745037E-02       4.04250631E-02
   387.4000       4.01651909E-02       4.01745201E-02       4.04248709E-02
   387.5000       4.01651506E-02       4.01744695E-02       4.04246787E-02
   387.6000       4.01651105E-02       4.01744094E-02       4.04244866E-02
   387.7000       4.01650704E-02       4.01743884E-02       4.04242946E-02
   387.8000       4.01650304E-02       4.01743827E-02       4.04241026E-02
   387.9000       4.01649905E-02       4.01742901E-02       4.04239107E-02
   388.0000       4.01649507E-02       4.01742839E-02       4.04237189E-02
   388.1000       4.01649109E-02       4.01742701E-02       4.04235271E-02
   388.2000       4.01648712E-02       4.01742059E-02       4.04233353E-02
   388.3000       4.01648316E-02       4.01741994E-02       4.04231437E-02
   388.4000       4.01647921E-02       4.01741100E-02       4.04229521E-02
   388.5000       4.01647527E-02       4.01741019E-02       4.04227605E-02
   388.6000       4.01647133E-02       4.01740616E-02       4.04225691E-02
   388.7000       4.01646740E-02       4.01740103E-02       4.04223777E-02
   388.8000       4.01646348E-02       4.01739694E-02       4.04221863E-02
   388.9000       4.01645956E-02       4.01739845E-02       4.04219950E-02
   389.0000       4.01645566E-02       4.01738874E-02       4.04218038E-02
   389.1000       4.01645175E-02       4.01738795E-02       4.04216126E-02
   389.2000       4.01644786E-02       4.01738296E-02       4.04214215E-02
   389.3000       4.01644397E-02       4.01737855E-02       4.04212304E-02
   389.4000       4.01644009E-02       4.01737408E-02       4.04210394E-02
   389.5000       4.01643622E-02       4.01736526E-02       4.04208485E-02
   389.6000       4.01643235E-02       4.01736914E-02       4.04206575E-02
   389.7000       4.01642849E-02       4.01736314E-02       4.04204667E-02
   389.8000       4.01642464E-02       4.01735749E-02       4.04202759E-02
   389.9000       4.01642079E-02       4.01735238E-02       4.04200851E-02
   390.0000       4.01641695E-02       4.01734655E-02       4.04198944E-02
   390.1000       4.01641312E-02       4.01734637E-02       4.04197038E-02
   390.2000       4.01640929E-02       4.01734634E-02       4.04195132E-02
   390.3000       4.01640548E-02       4.01734027E-02       4.04193226E-02
   390.4000       4.01640167E-02       4.01733360E-02       4.04191321E-02
   390.5000       4.01639787E-02       4.01733291E-02       4.04189417E-02
   390.6000       4.01639408E-02       4.01733155E-02       4.04187513E-02
   390.7000       4.01639030E-02       4.01732538E-02       4.04185610E-02
   390.8000       4.01638653E-02       4.01731892E-02       4.04183707E-02
   390.9000       4.01638276E-02       4.01731873E-02       4.04181805E-02
   391.0000       4.01637901E-02       4.01731320E-02       4.04179904E-02
   391.1000       4.01637526E-02       4.01731157E-02       4.04178003E-02
   391.2000       4.01637152E-02       4.01730742E-02       4.04176103E-02
   391.3000       4.01636779E-02       4.01730100E-02       4.04174204E-02
   391.4000       4.01636406E-02       4.01729765E-02       4.04172305E-02
   391.5000       4.01636035E-02       4.01729609E-02       4.04170407E-02
   391.6000       4.01635664E-02       4.01729304E-02       4.04168510E-02
   391.7000       4.01635295E-02       4.01729052E-02       4.04166613E-02
   391.8000       4.01634926E-02       4.01728408E-02       4.04164717E-02
   391.9000       4.01634559E-02       4.01728173E-02       4.04162822E-02
   392.0000       4.01634192E-02       4.01727869E-02       4.04160927E-02
   392.1000       4.01633826E-02       4.01727686E-02       4.04159033E-02
   392.2000       4.01633461E-02       4.01727027E-02       4.04157140E-02
   392.3000       4.01633097E-02       4.01726567E-02       4.04155247E-02
   392.4000       4.01632734E-02       4.01726274E-02       4.04153355E-02
   392.5000       4.01632371E-02       4.01726015E-02       4.04151464E-02
   392.6000       4.01632010E-02       4.01725509E-02       4.04149573E-02
   392.7000       4.01631648E-02       4.01725479E-02       4.04147683E-02
   392.8000       4.01631288E-02       4.01724912E-02       4.04145794E-02
   392.9000       4.01630928E-02       4.01724985E-02       4.04143905E-02
   393.0000       4.01630569E-02       4.01723973E-02       4.04142018E-02
   393.1000       4.01630212E-02       4.01723776E-02       4.04140131E-02
   393.2000       4.01629855E-02       4.01723482E-02       4.04138245E-02
   393.3000       4.01629499E-02       4.01723144E-02       4.04136359E-02
   393.4000       4.01629143E-02       4.01723012E-02       4.04134475E-02
   393.5000       4.01628789E-02       4.01722684E-02       4.04132591E-02
   393.6000       4.01628435E-02       4.01721769E-02       4.04130707E-02
   393.7000       4.01628081E-02       4.01721772E-02       4.04128825E-02
   393.8000       4.01627729E-02       4.01721434E-02       4.04126943E-02
   393.9000       4.01627377E-02       4.01721094E-02       4.04125062E-02
   394.0000       4.01627027E-02       4.01720617E-02       4.04123182E-02
   394.1000       4.01626678E-02       4.01720208E-02       4.04121302E-02
   394.2000       4.01626329E-02       4.01720144E-02       4.04119423E-02
   394.3000       4.01625981E-02       4.01719737E-02       4.04117544E-02
   394.4000       4.01625634E-02       4.01719643E-02       4.04115667E-02
   394.5000       4.01625287E-02       4.01719400E-02       4.04113789E-02
   394.6000       4.01624940E-02       4.01718677E-02       4.04111913E-02
   394.7000       4.01624595E-02       4.01718797E-02       4.04110036E-02
   394.8000       4.01624250E-02       4.01718078E-02       4.04108161E-02
   394.9000       4.01623906E-02       4.01717333E-02       4.04106285E-02
   395.0000       4.01623564E-02       4.01717472E-02       4.04104411E-02
   395.1000       4.01623222E-02       4.01716994E-02       4.04102537E-02
   395.2000       4.01622880E-02       4.01717071E-02       4.04100663E-02
   395.3000       4.01622540E-02       4.01716421E-02       4.04098791E-02
   395.4000       4.01622201E-02       4.01715870E-02       4.04096918E-02
   395.5000       4.01621863E-02       4.01716081E-02       4.04095047E-02
   395.6000       4.01621525E-02       4.01715500E-02       4.04093176E-02
   395.7000       4.01621188E-02       4.01715086E-02       4.04091305E-02
   395.8000       4.01620852E-02       4.01714236E-02       4.04089435E-02
   395.9000       4.01620517E-02       4.01714372E-02       4.04087566E-02
   396.0000       4.01620182E-02       4.01713888E-02       4.04085697E-02
   396.1000       4.01619848E-02       4.01713421E-02       4.04083829E-02
   396.2000       4.01619515E-02       4.01713382E-02       4.04081962E-02
   396.3000       4.01619182E-02       4.01713031E-02       4.04080096E-02
   396.4000       4.01618850E-02       4.01712509E-02       4.04078230E-02
   396.5000       4.01618518E-02       4.01712642E-02       4.04076365E-02
   396.6000       4.01618187E-02       4.01711852E-02       4.04074501E-02
   396.7000       4.01617857E-02       4.01711735E-02       4.04072638E-02
   396.8000       4.01617528E-02       4.01711849E-02       4.04070775E-02
   396.9000       4.01617200E-02       4.01711163E-02       4.04068913E-02
   397.0000       4.01616872E-02       4.01710778E-02       4.04067052E-02
   397.1000       4.01616545E-02       4.01710557E-02       4.04065191E-02
   397.2000       4.01616220E-02       4.01710428E-02       4.04063331E-02
   397.3000       4.01615894E-02       4.01709742E-02       4.04061472E-02
   397.4000       4.01615570E-02       4.01709736E-02       4.04059614E-02
   397.5000       4.01615247E-02       4.01709485E-02       4.04057756E-02
   397.6000       4.01614925E-02       4.01708726E-02       4.04055899E-02
   397.7000       4.01614603E-02       4.01708734E-02       4.04054043E-02
   397.8000       4.01614283E-02       4.01708195E-02       4.04052188E-02
   397.9000       4.01613963E-02       4.01707867E-02       4.04050333E-02
   398.0000       4.01613643E-02       4.01707771E-02       4.04048479E-02
   398.1000       4.01613325E-02       4.01707310E-02       4.04046626E-02
   398.2000       4.01613007E-02       4.01707271E-02       4.04044773E-02
   398.3000       4.01612691E-02       4.01706586E-02       4.04042921E-02
   398.4000       4.01612375E-02       4.01706479E-02       4.04041070E-02
   398.5000       4.01612060E-02       4.01706184E-02       4.04039220E-02
   398.6000       4.01611747E-02       4.01706253E-02       4.04037371E-02
   398.7000       4.01611434E-02       4.01705575E-02       4.04035522E-02
   398.8000       4.01611122E-02       4.01705224E-02       4.04033674E-02
   398.9000       4.01610811E-02       4.01704686E-02       4.04031827E-02
   399.0000       4.01610500E-02       4.01704599E-02       4.04029981E-02
   399.1000       4.01610190E-02       4.01704289E-02       4.04028135E-02
   399.2000       4.01609881E-02       4.01703883E-02       4.04026290E-02
   399.3000       4.01609573E-02       4.01703725E-02       4.04024445E-02
   399.4000       4.01609266E-02       4.01703213E-02       4.04022602E-02
   399.5000       4.01608960E-02       4.01703533E-02       4.04020760E-02
   399.6000       4.01608655E-02       4.01703021E-02       4.04018918E-02
   399.7000       4.01608351E-02       4.01702545E-02       4.04017077E-02
   399.8000       4.01608047E-02       4.01702264E-02       4.04015237E-02
   399.9000       4.01607745E-02       4.01702060E-02       4.04013398E-02
   400.0000       4.01607443E-02       4.01701694E-02       4.04011559E-02
   400.1000       4.01607142E-02       4.01701479E-02       4.04009722E-02
   400.2000       4.01606842E-02       4.01701118E-02       4.04007885E-02
   400.3000       4.01606543E-02       4.01700561E-02       4.04006049E-02
   400.4000       4.01606245E-02       4.01700582E-02       4.04004214E-02
   400.5000       4.01605948E-02       4.01699916E-02       4.04002380E-02
   400.6000       4.01605652E-02       4.01700054E-02       4.04000548E-02
   400.7000       4.01605356E-02       4.01698952E-02       4.03998716E-02
   400.8000       4.01605061E-02       4.01699332E-02       4.03996885E-02
   400.9000       4.01604767E-02       4.01699498E-02       4.03995054E-02
   401.0000       4.01604474E-02       4.01698617E-02       4.03993225E-02
   401.1000       4.01604182E-02       4.01698573E-02       4.03991397E-02
   401.2000       4.01603891E-02       4.01697690E-02       4.03989569E-02
   401.3000       4.01603600E-02       4.01698087E-02       4.03987742E-02
   401.4000       4.01603310E-02       4.01697590E-02       4.03985915E-02
   401.5000       4.01603022E-02       4.01697470E-02       4.03984090E-02
   401.6000       4.01602734E-02       4.01697022E-02       4.03982266E-02
   401.7000       4.01602447E-02       4.01696575E-02       4.03980442E-02
   401.8000       4.01602161E-02       4.01696422E-02       4.03978619E-02
   401.9000       4.01601875E-02       4.01696469E-02       4.03976797E-02
   402.0000       4.01601591E-02       4.01695728E-02       4.03974975E-02
   402.1000       4.01601307E-02       4.01695473E-02       4.03973154E-02
   402.2000       4.01601024E-02       4.01695292E-02       4.03971334E-02
   402.3000       4.01600742E-02       4.01694712E-02       4.03969515E-02
   402.4000       4.01600460E-02       4.01694623E-02       4.03967696E-02
   402.5000       4.01600180E-02       4.01694369E-02       4.03965879E-02
   402.6000       4.01599901E-02       4.01694044E-02       4.03964062E-02
   402.7000       4.01599622E-02       4.01693995E-02       4.03962246E-02
   402.8000       4.01599345E-02       4.01693633E-02       4.03960431E-02
   402.9000       4.01599068E-02       4.01693435E-02       4.03958616E-02
   403.0000       4.01598792E-02       4.01693023E-02       4.03956803E-02
   403.1000       4.01598517E-02       4.01693059E-02       4.03954990E-02
   403.2000       4.01598243E-02       4.01692826E-02       4.03953178E-02
   403.3000       4.01597969E-02       4.01692713E-02       4.03951366E-02
   403.4000       4.01597696E-02       4.01691858E-02       4.03949556E-02
   403.5000       4.01597424E-02       4.01692109E-02       4.03947746E-02
   403.6000       4.01597153E-02       4.01691746E-02       4.03945937E-02
   403.7000       4.01596883E-02       4.01691418E-02       4.03944129E-02
   403.8000       4.01596614E-02       4.01690720E-02       4.03942322E-02
   403.9000       4.01596345E-02       4.01690760E-02       4.03940516E-02
   404.0000       4.01596077E-02       4.01690552E-02       4.03938711E-02
   404.1000       4.01595811E-02       4.01690564E-02       4.03936907E-02
   404.2000       4.01595545E-02       4.01690293E-02       4.03935104E-02
   404.3000       4.01595280E-02       4.01689598E-02       4.03933301E-02
   404.4000       4.01595015E-02       4.01689341E-02       4.03931500E-02
   404.5000       4.01594752E-02       4.01689205E-02       4.03929700E-02
   404.6000       4.01594489E-02       4.01688854E-02       4.03927900E-02
   404.7000       4.01594226E-02       4.01689176E-02       4.03926101E-02
   404.8000       4.01593965E-02       4.01688753E-02       4.03924303E-02
   404.9000       4.01593704E-02       4.01688037E-02       4.03922506E-02
   405.0000       4.01593444E-02       4.01687751E-02       4.03920710E-02
   405.1000       4.01593185E-02       4.01688003E-02       4.03918916E-02
   405.2000       4.01592927E-02       4.01687371E-02       4.03917122E-02
   405.3000       4.01592669E-02       4.01687672E-02       4.03915329E-02
   405.4000       4.01592413E-02       4.01687088E-02       4.03913538E-02
   405.5000       4.01592157E-02       4.01686769E-02       4.03911748E-02
   405.6000       4.01591902E-02       4.01686486E-02       4.03909959E-02
   405.7000       4.01591647E-02       4.01685986E-02       4.03908171E-02
   405.8000       4.01591394E-02       4.01686031E-02       4.03906383E-02
   405.9000       4.01591141E-02       4.01685666E-02       4.03904597E-02
   406.0000       4.01590890E-02       4.01685404E-02       4.03902812E-02
   406.1000       4.01590639E-02       4.01685409E-02       4.03901028E-02
   406.2000       4.01590389E-02       4.01685306E-02       4.03899245E-02
   406.3000       4.01590139E-02       4.01685024E-02       4.03897463E-02
   406.4000       4.01589890E-02       4.01684258E-02       4.03895682E-02
   406.5000       4.01589642E-02       4.01684390E-02       4.03893902E-02
   406.6000       4.01589395E-02       4.01683552E-02       4.03892123E-02
   406.7000       4.01589148E-02       4.01683834E-02       4.03890345E-02
   406.8000       4.01588903E-02       4.01683445E-02       4.03888568E-02
   406.9000       4.01588658E-02       4.01683307E-02       4.03886792E-02
   407.0000       4.01588414E-02       4.01683064E-02       4.03885017E-02
   407.1000       4.01588172E-02       4.01683011E-02       4.03883243E-02
   407.2000       4.01587930E-02       4.01682817E-02       4.03881470E-02
   407.3000       4.01587689E-02       4.01682545E-02       4.03879698E-02
   407.4000       4.01587448E-02       4.01682306E-02       4.03877927E-02
   407.5000       4.01587209E-02       4.01681854E-02       4.03876156E-02
   407.6000       4.01586971E-02       4.01681832E-02       4.03874387E-02
   407.7000       4.01586734E-02       4.01681344E-02       4.03872618E-02
   407.8000       4.01586497E-02       4.01680775E-02       4.03870851E-02
   407.9000       4.01586262E-02       4.01681102E-02       4.03869084E-02
   408.0000       4.01586027E-02       4.01680617E-02       4.03867318E-02
   408.1000       4.01585793E-02       4.01680564E-02       4.03865553E-02
   408.2000       4.01585560E-02       4.01680588E-02       4.03863789E-02
   408.3000       4.01585328E-02       4.01680388E-02       4.03862027E-02
   408.4000       4.01585097E-02       4.01680210E-02       4.03860265E-02
   408.5000       4.01584868E-02       4.01679701E-02       4.03858504E-02
   408.6000       4.01584639E-02       4.01679228E-02       4.03856744E-02
   408.7000       4.01584411E-02       4.01679041E-02       4.03854986E-02
   408.8000       4.01584184E-02       4.01678760E-02       4.03853228E-02
   408.9000       4.01583958E-02       4.01678762E-02       4.03851472E-02
   409.0000       4.01583733E-02       4.01678697E-02       4.03849716E-02
   409.1000       4.01583509E-02       4.01678692E-02       4.03847962E-02
   409.2000       4.01583286E-02       4.01678174E-02       4.03846208E-02
   409.3000       4.01583064E-02       4.01677854E-02       4.03844456E-02
   409.4000       4.01582843E-02       4.01677830E-02       4.03842705E-02
   409.5000       4.01582622E-02       4.01677318E-02       4.03840954E-02
   409.6000       4.01582402E-02       4.01677539E-02       4.03839205E-02
   409.7000       4.01582184E-02       4.01677149E-02       4.03837456E-02
   409.8000       4.01581966E-02       4.01676881E-02       4.03835709E-02
   409.9000       4.01581749E-02       4.01676706E-02       4.03833962E-02
   410.0000       4.01581533E-02       4.01676599E-02       4.03832217E-02
   410.1000       4.01581318E-02       4.01676101E-02       4.03830473E-02
   410.2000       4.01581104E-02       4.01676244E-02       4.03828729E-02
   410.3000       4.01580891E-02       4.01675841E-02       4.03826987E-02
   410.4000       4.01580678E-02       4.01675611E-02       4.03825246E-02
   410.5000       4.01580467E-02       4.01675397E-02       4.03823507E-02
   410.6000       4.01580257E-02       4.01674969E-02       4.03821768E-02
   410.7000       4.01580048E-02       4.01675286E-02       4.03820031E-02
   410.8000       4.01579839E-02       4.01675114E-02       4.03818295E-02
   410.9000       4.01579631E-02       4.01674867E-02       4.03816559E-02
   411.0000       4.01579424E-02       4.01674445E-02       4.03814825E-02
   411.1000       4.01579218E-02       4.01674000E-02       4.03813092E-02
   411.2000       4.01579012E-02       4.01673974E-02       4.03811361E-02
   411.3000       4.01578807E-02       4.01673723E-02       4.03809630E-02
   411.4000       4.01578603E-02       4.01673531E-02       4.03807900E-02
   411.5000       4.01578401E-02       4.01673310E-02       4.03806171E-02
   411.6000       4.01578199E-02       4.01673037E-02       4.03804444E-02
   411.7000       4.01577998E-02       4.01672894E-02       4.03802718E-02
   411.8000       4.01577797E-02       4.01672892E-02       4.03800992E-02
   411.9000       4.01577598E-02       4.01672601E-02       4.03799268E-02
   412.0000       4.01577400E-02       4.01672577E-02       4.03797546E-02
   412.1000       4.01577203E-02       4.01672521E-02       4.03795824E-02
   412.2000       4.01577007E-02       4.01672059E-02       4.03794104E-02
   412.3000       4.01576811E-02       4.01671974E-02       4.03792385E-02
   412.4000       4.01576617E-02       4.01671814E-02       4.03790667E-02
   412.5000       4.01576423E-02       4.01671613E-02       4.03788950E-02
   412.6000       4.01576230E-02       4.01671637E-02       4.03787234E-02
   412.7000       4.01576039E-02       4.01671146E-02       4.03785519E-02
   412.8000       4.01575847E-02       4.01670828E-02       4.03783806E-02
   412.9000       4.01575657E-02       4.01670934E-02       4.03782093E-02
   413.0000       4.01575468E-02       4.01670852E-02       4.03780382E-02
   413.1000       4.01575279E-02       4.01670588E-02       4.03778672E-02
   413.2000       4.01575091E-02       4.01670551E-02       4.03776962E-02
   413.3000       4.01574904E-02       4.01670309E-02       4.03775254E-02
   413.4000       4.01574718E-02       4.01669763E-02       4.03773547E-02
   413.5000       4.01574532E-02       4.01669671E-02       4.03771841E-02
   413.6000       4.01574348E-02       4.01669627E-02       4.03770136E-02
   413.7000       4.01574164E-02       4.01669217E-02       4.03768432E-02
   413.8000       4.01573980E-02       4.01669371E-02       4.03766730E-02
   413.9000       4.01573798E-02       4.01669184E-02       4.03765028E-02
   414.0000       4.01573616E-02       4.01668748E-02       4.03763328E-02
   414.1000       4.01573435E-02       4.01668326E-02       4.03761629E-02
   414.2000       4.01573255E-02       4.01668765E-02       4.03759931E-02
   414.3000       4.01573076E-02       4.01668584E-02       4.03758234E-02
   414.4000       4.01572897E-02       4.01668190E-02       4.03756539E-02
   414.5000       4.01572719E-02       4.01667755E-02       4.03754845E-02
   414.6000       4.01572543E-02       4.01668025E-02       4.03753152E-02
   414.7000       4.01572367E-02       4.01667550E-02       4.03751461E-02
   414.8000       4.01572191E-02       4.01667410E-02       4.03749771E-02
   414.9000       4.01572017E-02       4.01667569E-02       4.03748082E-02
   415.0000       4.01571843E-02       4.01667097E-02       4.03746394E-02
   415.1000       4.01571670E-02       4.01667044E-02       4.03744708E-02
   415.2000       4.01571498E-02       4.01666847E-02       4.03743023E-02
   415.3000       4.01571327E-02       4.01666951E-02       4.03741339E-02
   415.4000       4.01571157E-02       4.01666191E-02       4.03739657E-02
   415.5000       4.01570988E-02       4.01666593E-02       4.03737976E-02
   415.6000       4.01570820E-02       4.01666102E-02       4.03736296E-02
   415.7000       4.01570652E-02       4.01666019E-02       4.03734617E-02
   415.8000       4.01570486E-02       4.01666205E-02       4.03732940E-02
   415.9000       4.01570320E-02       4.01665552E-02       4.03731264E-02
   416.0000       4.01570155E-02       4.01665861E-02       4.03729589E-02
   416.1000       4.01569992E-02       4.01665486E-02       4.03727915E-02
   416.2000       4.01569829E-02       4.01665149E-02       4.03726243E-02
   416.3000       4.01569667E-02       4.01665264E-02       4.03724571E-02
   416.4000       4.01569506E-02       4.01664793E-02       4.03722901E-02
   416.5000       4.01569346E-02       4.01664725E-02       4.03721232E-02
   416.6000       4.01569187E-02       4.01664592E-02       4.03719564E-02
   416.7000       4.01569028E-02       4.01664446E-02       4.03717897E-02
   416.8000       4.01568871E-02       4.01664435E-02       4.03716231E-02
   416.9000       4.01568715E-02       4.01664224E-02       4.03714567E-02
   417.0000       4.01568559E-02       4.01664183E-02       4.03712904E-02
   417.1000       4.01568405E-02       4.01664169E-02       4.03711241E-02
   417.2000       4.01568251E-02       4.01663978E-02       4.03709580E-02
   417.3000       4.01568098E-02       4.01664023E-02       4.03707921E-02
   417.4000       4.01567947E-02       4.01663665E-02       4.03706262E-02
   417.5000       4.01567796E-02       4.01663498E-02       4.03704605E-02
   417.6000       4.01567646E-02       4.01663553E-02       4.03702948E-02
   417.7000       4.01567497E-02       4.01663555E-02       4.03701293E-02
   417.8000       4.01567349E-02       4.01663000E-02       4.03699639E-02
   417.9000       4.01567202E-02       4.01662720E-02       4.03697987E-02
   418.0000       4.01567056E-02       4.01662736E-02       4.03696335E-02
   418.1000       4.01566910E-02       4.01662480E-02       4.03694685E-02
   418.2000       4.01566766E-02       4.01662527E-02       4.03693036E-02
   418.3000       4.01566622E-02       4.01662424E-02       4.03691388E-02
   418.4000       4.01566479E-02       4.01662569E-02       4.03689741E-02
   418.5000       4.01566338E-02       4.01661987E-02       4.03688096E-02
   418.6000       4.01566197E-02       4.01662040E-02       4.03686451E-02
   418.7000       4.01566057E-02       4.01662007E-02       4.03684808E-02
   418.8000       4.01565918E-02       4.01661739E-02       4.03683167E-02
   418.9000       4.01565781E-02       4.01661357E-02       4.03681526E-02
   419.0000       4.01565644E-02       4.01661487E-02       4.03679887E-02
   419.1000       4.01565508E-02       4.01661598E-02       4.03678249E-02
   419.2000       4.01565373E-02       4.01661268E-02       4.03676613E-02
   419.3000       4.01565239E-02       4.01660990E-02       4.03674977E-02
   419.4000       4.01565107E-02       4.01661383E-02       4.03673344E-02
   419.5000       4.01564975E-02       4.01660932E-02       4.03671711E-02
   419.6000       4.01564845E-02       4.01660661E-02       4.03670079E-02
   419.7000       4.01564715E-02       4.01660425E-02       4.03668449E-02
   419.8000       4.01564586E-02       4.01660339E-02       4.03666821E-02
   419.9000       4.01564458E-02       4.01660004E-02       4.03665193E-02
   420.0000       4.01564331E-02       4.01660310E-02       4.03663567E-02
   420.1000       4.01564205E-02       4.01659977E-02       4.03661942E-02
   420.2000       4.01564080E-02       4.01660119E-02       4.03660319E-02
   420.3000       4.01563956E-02       4.01659445E-02       4.03658697E-02
   420.4000       4.01563833E-02       4.01659810E-02       4.03657076E-02
   420.5000       4.01563711E-02       4.01659372E-02       4.03655457E-02
   420.6000       4.01563590E-02       4.01659412E-02       4.03653838E-02
   420.7000       4.01563470E-02       4.01659591E-02       4.03652221E-02
   420.8000       4.01563351E-02       4.01659085E-02       4.03650605E-02
   420.9000       4.01563233E-02       4.01659258E-02       4.03648991E-02
   421.0000       4.01563115E-02       4.01659075E-02       4.03647377E-02
   421.1000       4.01562999E-02       4.01658667E-02       4.03645765E-02
   421.2000       4.01562883E-02       4.01658770E-02       4.03644154E-02
   421.3000       4.01562769E-02       4.01658838E-02       4.03642544E-02
   421.4000       4.01562656E-02       4.01659062E-02       4.03640935E-02
   421.5000       4.01562544E-02       4.01658517E-02       4.03639328E-02
   421.6000       4.01562433E-02       4.01658359E-02       4.03637721E-02
   421.7000       4.01562322E-02       4.01658615E-02       4.03636116E-02
   421.8000       4.01562213E-02       4.01657660E-02       4.03634513E-02
   421.9000       4.01562105E-02       4.01658470E-02       4.03632910E-02
   422.0000       4.01561998E-02       4.01658155E-02       4.03631308E-02
   422.1000       4.01561891E-02       4.01657929E-02       4.03629708E-02
   422.2000       4.01561786E-02       4.01657901E-02       4.03628110E-02
   422.3000       4.01561681E-02       4.01657786E-02       4.03626512E-02
   422.4000       4.01561578E-02       4.01658078E-02       4.03624915E-02
   422.5000       4.01561475E-02       4.01657285E-02       4.03623320E-02
   422.6000       4.01561373E-02       4.01657323E-02       4.03621726E-02
   422.7000       4.01561273E-02       4.01657458E-02       4.03620133E-02
   422.8000       4.01561174E-02       4.01657227E-02       4.03618541E-02
   422.9000       4.01561076E-02       4.01657394E-02       4.03616951E-02
   423.0000       4.01560978E-02       4.01657178E-02       4.03615361E-02
   423.1000       4.01560883E-02       4.01656872E-02       4.03613773E-02
   423.2000       4.01560788E-02       4.01656913E-02       4.03612186E-02
   423.3000       4.01560695E-02       4.01657179E-02       4.03610601E-02
   423.4000       4.01560602E-02       4.01656796E-02       4.03609016E-02
   423.5000       4.01560511E-02       4.01656681E-02       4.03607433E-02
   423.6000       4.01560420E-02       4.01656341E-02       4.03605852E-02
   423.7000       4.01560331E-02       4.01656559E-02       4.03604272E-02
   423.8000       4.01560243E-02       4.01656529E-02       4.03602693E-02
   423.9000       4.01560155E-02       4.01656808E-02       4.03601116E-02
   424.0000       4.01560069E-02       4.01656327E-02       4.03599540E-02
   424.1000       4.01559984E-02       4.01656389E-02       4.03597966E-02
   424.2000       4.01559899E-02       4.01656147E-02       4.03596393E-02
   424.3000       4.01559816E-02       4.01655858E-02       4.03594821E-02
   424.4000       4.01559734E-02       4.01655607E-02       4.03593251E-02
   424.5000       4.01559652E-02       4.01656106E-02       4.03591682E-02
   424.6000       4.01559572E-02       4.01655724E-02       4.03590115E-02
   424.7000       4.01559492E-02       4.01655752E-02       4.03588549E-02
   424.8000       4.01559414E-02       4.01655908E-02       4.03586984E-02
   424.9000       4.01559336E-02       4.01655438E-02       4.03585420E-02
   425.0000       4.01559259E-02       4.01655921E-02       4.03583858E-02
   425.1000       4.01559184E-02       4.01655651E-02       4.03582297E-02
   425.2000       4.01559110E-02       4.01655337E-02       4.03580736E-02
   425.3000       4.01559037E-02       4.01655337E-02       4.03579178E-02
   425.4000       4.01558964E-02       4.01655428E-02       4.03577620E-02
   425.5000       4.01558893E-02       4.01655494E-02       4.03576065E-02
   425.6000       4.01558823E-02       4.01655112E-02       4.03574510E-02
   425.7000       4.01558754E-02       4.01654966E-02       4.03572957E-02
   425.8000       4.01558687E-02       4.01655124E-02       4.03571406E-02
   425.9000       4.01558620E-02       4.01655232E-02       4.03569855E-02
   426.0000       4.01558554E-02       4.01654809E-02       4.03568306E-02
   426.1000       4.01558489E-02       4.01655384E-02       4.03566759E-02
   426.2000       4.01558426E-02       4.01654888E-02       4.03565212E-02
   426.3000       4.01558364E-02       4.01654938E-02       4.03563667E-02
   426.4000       4.01558303E-02       4.01654913E-02       4.03562123E-02
   426.5000       4.01558243E-02       4.01654999E-02       4.03560581E-02
   426.6000       4.01558184E-02       4.01654472E-02       4.03559039E-02
   426.7000       4.01558126E-02       4.01654545E-02       4.03557499E-02
   426.8000       4.01558069E-02       4.01654670E-02       4.03555961E-02
   426.9000       4.01558014E-02       4.01654590E-02       4.03554423E-02
   427.0000       4.01557959E-02       4.01654661E-02       4.03552887E-02
   427.1000       4.01557905E-02       4.01654546E-02       4.03551351E-02
   427.2000       4.01557852E-02       4.01654579E-02       4.03549818E-02
   427.3000       4.01557801E-02       4.01654478E-02       4.03548285E-02
   427.4000       4.01557750E-02       4.01654789E-02       4.03546754E-02
   427.5000       4.01557701E-02       4.01654393E-02       4.03545224E-02
   427.6000       4.01557653E-02       4.01654157E-02       4.03543695E-02
   427.7000       4.01557606E-02       4.01654370E-02       4.03542167E-02
   427.8000       4.01557559E-02       4.01654106E-02       4.03540641E-02
   427.9000       4.01557514E-02       4.01654073E-02       4.03539116E-02
   428.0000       4.01557470E-02       4.01654261E-02       4.03537593E-02
   428.1000       4.01557427E-02       4.01654328E-02       4.03536071E-02
   428.2000       4.01557385E-02       4.01653998E-02       4.03534550E-02
   428.3000       4.01557344E-02       4.01653843E-02       4.03533031E-02
   428.4000       4.01557305E-02       4.01654391E-02       4.03531514E-02
   428.5000       4.01557266E-02       4.01654141E-02       4.03529998E-02
   428.6000       4.01557229E-02       4.01653997E-02       4.03528483E-02
   428.7000       4.01557193E-02       4.01653849E-02       4.03526970E-02
   428.8000       4.01557157E-02       4.01653762E-02       4.03525457E-02
   428.9000       4.01557123E-02       4.01653892E-02       4.03523947E-02
   429.0000       4.01557090E-02       4.01654080E-02       4.03522437E-02
   429.1000       4.01557058E-02       4.01653898E-02       4.03520929E-02
   429.2000       4.01557027E-02       4.01654107E-02       4.03519422E-02
   429.3000       4.01556997E-02       4.01653774E-02       4.03517917E-02
   429.4000       4.01556969E-02       4.01653832E-02       4.03516413E-02
   429.5000       4.01556941E-02       4.01653892E-02       4.03514910E-02
   429.6000       4.01556915E-02       4.01653674E-02       4.03513409E-02
   429.7000       4.01556889E-02       4.01653573E-02       4.03511909E-02
   429.8000       4.01556865E-02       4.01653797E-02       4.03510410E-02
   429.9000       4.01556842E-02       4.01653891E-02       4.03508913E-02
   430.0000       4.01556820E-02       4.01653721E-02       4.03507417E-02
   430.1000       4.01556799E-02       4.01653859E-02       4.03505923E-02
   430.2000       4.01556780E-02       4.01653387E-02       4.03504430E-02
   430.3000       4.01556761E-02       4.01653672E-02       4.03502938E-02
   430.4000       4.01556744E-02       4.01653619E-02       4.03501447E-02
   430.5000       4.01556728E-02       4.01653415E-02       4.03499958E-02
   430.6000       4.01556713E-02       4.01653876E-02       4.03498470E-02
   430.7000       4.01556700E-02       4.01653798E-02       4.03496984E-02
   430.8000       4.01556688E-02       4.01653431E-02       4.03495498E-02
   430.9000       4.01556677E-02       4.01653979E-02       4.03494014E-02
   431.0000       4.01556668E-02       4.01653798E-02       4.03492531E-02
   431.1000       4.01556659E-02       4.01653763E-02       4.03491050E-02
   431.2000       4.01556652E-02       4.01653838E-02       4.03489570E-02
   431.3000       4.01556645E-02       4.01653522E-02       4.03488091E-02
   431.4000       4.01556641E-02       4.01654088E-02       4.03486614E-02
   431.5000       4.01556637E-02       4.01653606E-02       4.03485138E-02
   431.6000       4.01556634E-02       4.01653552E-02       4.03483663E-02
   431.7000       4.01556633E-02       4.01653714E-02       4.03482189E-02
   431.8000       4.01556633E-02       4.01653807E-02       4.03480717E-02
   431.9000       4.01556633E-02       4.01653903E-02       4.03479246E-02
   432.0000       4.01556635E-02       4.01653607E-02       4.03477776E-02
   432.1000       4.01556638E-02       4.01653755E-02       4.03476308E-02
   432.2000       4.01556642E-02       4.01653854E-02       4.03474840E-02
   432.3000       4.01556648E-02       4.01653758E-02       4.03473374E-02
   432.4000       4.01556655E-02       4.01653697E-02       4.03471910E-02
   432.5000       4.01556663E-02       4.01653936E-02       4.03470446E-02
   432.6000       4.01556672E-02       4.01653570E-02       4.03468984E-02
   432.7000       4.01556683E-02       4.01653887E-02       4.03467523E-02
   432.8000       4.01556695E-02       4.01653831E-02       4.03466064E-02
   432.9000       4.01556708E-02       4.01653770E-02       4.03464606E-02
   433.0000       4.01556722E-02       4.01654276E-02       4.03463149E-02
   433.1000       4.01556738E-02       4.01653909E-02       4.03461694E-02
   433.2000       4.01556755E-02       4.01654014E-02       4.03460240E-02
   433.3000       4.01556773E-02       4.01653770E-02       4.03458788E-02
   433.4000       4.01556792E-02       4.01653889E-02       4.03457337E-02
   433.5000       4.01556812E-02       4.01653934E-02       4.03455888E-02
   433.6000       4.01556834E-02       4.01653993E-02       4.03454439E-02
   433.7000       4.01556856E-02       4.01654052E-02       4.03452993E-02
   433.8000       4.01556880E-02       4.01654188E-02       4.03451547E-02
   433.9000       4.01556906E-02       4.01654198E-02       4.03450103E-02
   434.0000       4.01556932E-02       4.01654471E-02       4.03448660E-02
   434.1000       4.01556960E-02       4.01654210E-02       4.03447218E-02
   434.2000       4.01556990E-02       4.01654173E-02       4.03445779E-02
   434.3000       4.01557020E-02       4.01654180E-02       4.03444340E-02
   434.4000       4.01557052E-02       4.01654433E-02       4.03442903E-02
   434.5000       4.01557085E-02       4.01654292E-02       4.03441467E-02
   434.6000       4.01557120E-02       4.01654524E-02       4.03440033E-02
   434.7000       4.01557156E-02       4.01654480E-02       4.03438600E-02
   434.8000       4.01557193E-02       4.01654957E-02       4.03437169E-02
   434.9000       4.01557231E-02       4.01654726E-02       4.03435739E-02
   435.0000       4.01557271E-02       4.01654649E-02       4.03434311E-02
   435.1000       4.01557313E-02       4.01654852E-02       4.03432884E-02
   435.2000       4.01557355E-02       4.01654609E-02       4.03431459E-02
   435.3000       4.01557399E-02       4.01655059E-02       4.03430035E-02
   435.4000       4.01557445E-02       4.01655053E-02       4.03428613E-02
   435.5000       4.01557492E-02       4.01654817E-02       4.03427192E-02
   435.6000       4.01557540E-02       4.01655244E-02       4.03425772E-02
   435.7000       4.01557590E-02       4.01655148E-02       4.03424354E-02
   435.8000       4.01557641E-02       4.01655012E-02       4.03422937E-02
   435.9000       4.01557693E-02       4.01655373E-02       4.03421521E-02
   436.0000       4.01557747E-02       4.01655439E-02       4.03420107E-02
   436.1000       4.01557802E-02       4.01655268E-02       4.03418695E-02
   436.2000       4.01557859E-02       4.01655385E-02       4.03417284E-02
   436.3000       4.01557916E-02       4.01655385E-02       4.03415875E-02
   436.4000       4.01557975E-02       4.01655679E-02       4.03414467E-02
   436.5000       4.01558035E-02       4.01655630E-02       4.03413061E-02
   436.6000       4.01558097E-02       4.01655635E-02       4.03411656E-02
   436.7000       4.01558159E-02       4.01655669E-02       4.03410252E-02
   436.8000       4.01558224E-02       4.01655835E-02       4.03408850E-02
   436.9000       4.01558289E-02       4.01656155E-02       4.03407449E-02
   437.0000       4.01558356E-02       4.01655860E-02       4.03406049E-02
   437.1000       4.01558424E-02       4.01656087E-02       4.03404650E-02
   437.2000       4.01558494E-02       4.01656331E-02       4.03403252E-02
   437.3000       4.01558566E-02       4.01656110E-02       4.03401856E-02
   437.4000       4.01558639E-02       4.01656560E-02       4.03400461E-02
   437.5000       4.01558713E-02       4.01656804E-02       4.03399068E-02
   437.6000       4.01558789E-02       4.01656656E-02       4.03397675E-02
   437.7000       4.01558866E-02       4.01656627E-02       4.03396285E-02
   437.8000       4.01558943E-02       4.01657092E-02       4.03394896E-02
   437.9000       4.01559023E-02       4.01656577E-02       4.03393508E-02
   438.0000       4.01559103E-02       4.01657014E-02       4.03392122E-02
   438.1000       4.01559185E-02       4.01656892E-02       4.03390737E-02
   438.2000       4.01559269E-02       4.01657317E-02       4.03389354E-02
   438.3000       4.01559354E-02       4.01657192E-02       4.03387972E-02
   438.4000       4.01559440E-02       4.01657285E-02       4.03386592E-02
   438.5000       4.01559528E-02       4.01657518E-02       4.03385213E-02
   438.6000       4.01559617E-02       4.01657463E-02       4.03383835E-02
   438.7000       4.01559708E-02       4.01657588E-02       4.03382459E-02
   438.8000       4.01559800E-02       4.01657533E-02       4.03381084E-02
   438.9000       4.01559893E-02       4.01657601E-02       4.03379712E-02
   439.0000       4.01559988E-02       4.01657806E-02       4.03378341E-02
   439.1000       4.01560084E-02       4.01658215E-02       4.03376971E-02
   439.2000       4.01560181E-02       4.01658178E-02       4.03375603E-02
   439.3000       4.01560280E-02       4.01658131E-02       4.03374237E-02
   439.4000       4.01560381E-02       4.01658459E-02       4.03372873E-02
   439.5000       4.01560483E-02       4.01658261E-02       4.03371510E-02
   439.6000       4.01560586E-02       4.01658597E-02       4.03370149E-02
   439.7000       4.01560690E-02       4.01658612E-02       4.03368789E-02
   439.8000       4.01560796E-02       4.01658952E-02       4.03367431E-02
   439.9000       4.01560903E-02       4.01658779E-02       4.03366074E-02
   440.0000       4.01561011E-02       4.01659380E-02       4.03364719E-02
   440.1000       4.01561121E-02       4.01659082E-02       4.03363365E-02
   440.2000       4.01561232E-02       4.01659126E-02       4.03362013E-02
   440.3000       4.01561344E-02       4.01659598E-02       4.03360662E-02
   440.4000       4.01561458E-02       4.01659752E-02       4.03359313E-02
   440.5000       4.01561573E-02       4.01660061E-02       4.03357965E-02
   440.6000       4.01561690E-02       4.01659651E-02       4.03356619E-02
   440.7000       4.01561808E-02       4.01660063E-02       4.03355275E-02
   440.8000       4.01561927E-02       4.01660202E-02       4.03353932E-02
   440.9000       4.01562047E-02       4.01659910E-02       4.03352590E-02
   441.0000       4.01562168E-02       4.01660298E-02       4.03351250E-02
   441.1000       4.01562291E-02       4.01660533E-02       4.03349911E-02
   441.2000       4.01562415E-02       4.01660577E-02       4.03348575E-02
   441.3000       4.01562540E-02       4.01660654E-02       4.03347239E-02
   441.4000       4.01562667E-02       4.01660696E-02       4.03345905E-02
   441.5000       4.01562795E-02       4.01660927E-02       4.03344572E-02
   441.6000       4.01562925E-02       4.01660981E-02       4.03343241E-02
   441.7000       4.01563056E-02       4.01661361E-02       4.03341911E-02
   441.8000       4.01563188E-02       4.01661205E-02       4.03340582E-02
   441.9000       4.01563322E-02       4.01661647E-02       4.03339256E-02
   442.0000       4.01563458E-02       4.01661930E-02       4.03337931E-02
   442.1000       4.01563595E-02       4.01661594E-02       4.03336607E-02
   442.2000       4.01563734E-02       4.01661990E-02       4.03335285E-02
   442.3000       4.01563874E-02       4.01662097E-02       4.03333964E-02
   442.4000       4.01564016E-02       4.01662459E-02       4.03332645E-02
   442.5000       4.01564159E-02       4.01662346E-02       4.03331328E-02
   442.6000       4.01564303E-02       4.01662760E-02       4.03330011E-02
   442.7000       4.01564449E-02       4.01662854E-02       4.03328697E-02
   442.8000       4.01564596E-02       4.01662979E-02       4.03327383E-02
   442.9000       4.01564744E-02       4.01663007E-02       4.03326071E-02
   443.0000       4.01564894E-02       4.01663069E-02       4.03324760E-02
   443.1000       4.01565045E-02       4.01663478E-02       4.03323451E-02
   443.2000       4.01565197E-02       4.01663676E-02       4.03322143E-02
   443.3000       4.01565351E-02       4.01663768E-02       4.03320837E-02
   443.4000       4.01565506E-02       4.01663984E-02       4.03319532E-02
   443.5000       4.01565663E-02       4.01664107E-02       4.03318228E-02
   443.6000       4.01565822E-02       4.01664331E-02       4.03316927E-02
   443.7000       4.01565982E-02       4.01664519E-02       4.03315626E-02
   443.8000       4.01566144E-02       4.01664500E-02       4.03314327E-02
   443.9000       4.01566307E-02       4.01664919E-02       4.03313030E-02
   444.0000       4.01566472E-02       4.01665147E-02       4.03311734E-02
   444.1000       4.01566638E-02       4.01665205E-02       4.03310440E-02
   444.2000       4.01566805E-02       4.01665624E-02       4.03309148E-02
   444.3000       4.01566975E-02       4.01665602E-02       4.03307856E-02
   444.4000       4.01567145E-02       4.01665942E-02       4.03306567E-02
   444.5000       4.01567317E-02       4.01665971E-02       4.03305278E-02
   444.6000       4.01567490E-02       4.01666258E-02       4.03303992E-02
   444.7000       4.01567665E-02       4.01666306E-02       4.03302706E-02
   444.8000       4.01567841E-02       4.01666574E-02       4.03301423E-02
   444.9000       4.01568019E-02       4.01666716E-02       4.03300140E-02
   445.0000       4.01568198E-02       4.01666922E-02       4.03298860E-02
   445.1000       4.01568379E-02       4.01667209E-02       4.03297581E-02
   445.2000       4.01568561E-02       4.01667113E-02       4.03296303E-02
   445.3000       4.01568745E-02       4.01667467E-02       4.03295027E-02
   445.4000       4.01568930E-02       4.01667673E-02       4.03293753E-02
   445.5000       4.01569116E-02       4.01668023E-02       4.03292480E-02
   445.6000       4.01569304E-02       4.01667833E-02       4.03291209E-02
   445.7000       4.01569494E-02       4.01668285E-02       4.03289939E-02
   445.8000       4.01569685E-02       4.01668348E-02       4.03288671E-02
   445.9000       4.01569877E-02       4.01668702E-02       4.03287404E-02
   446.0000       4.01570071E-02       4.01668801E-02       4.03286138E-02
   446.1000       4.01570266E-02       4.01669315E-02       4.03284874E-02
   446.2000       4.01570462E-02       4.01669220E-02       4.03283611E-02
   446.3000       4.01570660E-02       4.01669526E-02       4.03282349E-02
   446.4000       4.01570859E-02       4.01669706E-02       4.03281088E-02
   446.5000       4.01571059E-02       4.01669975E-02       4.03279829E-02
   446.6000       4.01571261E-02       4.01670217E-02       4.03278572E-02
   446.7000       4.01571465E-02       4.01670362E-02       4.03277316E-02
   446.8000       4.01571669E-02       4.01670998E-02       4.03276062E-02
   446.9000       4.01571875E-02       4.01670746E-02       4.03274809E-02
   447.0000       4.01572083E-02       4.01671122E-02       4.03273558E-02
   447.1000       4.01572292E-02       4.01671623E-02       4.03272308E-02
   447.2000       4.01572502E-02       4.01671445E-02       4.03271059E-02
   447.3000       4.01572715E-02       4.01671877E-02       4.03269812E-02
   447.4000       4.01572928E-02       4.01671978E-02       4.03268567E-02
   447.5000       4.01573143E-02       4.01672496E-02       4.03267322E-02
   447.6000       4.01573360E-02       4.01672682E-02       4.03266079E-02
   447.7000       4.01573578E-02       4.01672682E-02       4.03264837E-02
   447.8000       4.01573797E-02       4.01673169E-02       4.03263597E-02
   447.9000       4.01574018E-02       4.01673011E-02       4.03262358E-02
   448.0000       4.01574241E-02       4.01673626E-02       4.03261121E-02
   448.1000       4.01574464E-02       4.01673723E-02       4.03259884E-02
   448.2000       4.01574690E-02       4.01673985E-02       4.03258649E-02
   448.3000       4.01574917E-02       4.01673967E-02       4.03257416E-02
   448.4000       4.01575145E-02       4.01674458E-02       4.03256184E-02
   448.5000       4.01575375E-02       4.01674608E-02       4.03254953E-02
   448.6000       4.01575606E-02       4.01674744E-02       4.03253723E-02
   448.7000       4.01575838E-02       4.01675119E-02       4.03252495E-02
   448.8000       4.01576072E-02       4.01675361E-02       4.03251269E-02
   448.9000       4.01576308E-02       4.01675858E-02       4.03250043E-02
   449.0000       4.01576545E-02       4.01675640E-02       4.03248819E-02
   449.1000       4.01576783E-02       4.01676570E-02       4.03247597E-02
   449.2000       4.01577023E-02       4.01676584E-02       4.03246376E-02
   449.3000       4.01577265E-02       4.01676705E-02       4.03245156E-02
   449.4000       4.01577507E-02       4.01677015E-02       4.03243938E-02
   449.5000       4.01577752E-02       4.01677325E-02       4.03242721E-02
   449.6000       4.01577998E-02       4.01677362E-02       4.03241506E-02
   449.7000       4.01578245E-02       4.01677926E-02       4.03240292E-02
   449.8000       4.01578493E-02       4.01677978E-02       4.03239080E-02
   449.9000       4.01578743E-02       4.01678076E-02       4.03237869E-02
   450.0000       4.01578995E-02       4.01678776E-02       4.03236659E-02
   450.1000       4.01579248E-02       4.01678849E-02       4.03235451E-02
   450.2000       4.01579502E-02       4.01679204E-02       4.03234245E-02
   450.3000       4.01579758E-02       4.01679132E-02       4.03233040E-02
   450.4000       4.01580015E-02       4.01679422E-02       4.03231837E-02
   450.5000       4.01580274E-02       4.01680053E-02       4.03230635E-02
   450.6000       4.01580535E-02       4.01680328E-02       4.03229435E-02
   450.7000       4.01580797E-02       4.01680652E-02       4.03228236E-02
   450.8000       4.01581060E-02       4.01680930E-02       4.03227038E-02
   450.9000       4.01581325E-02       4.01681328E-02       4.03225842E-02
   451.0000       4.01581591E-02       4.01681153E-02       4.03224648E-02
   451.1000       4.01581859E-02       4.01681576E-02       4.03223455E-02
   451.2000       4.01582128E-02       4.01681776E-02       4.03222263E-02
   451.3000       4.01582399E-02       4.01682330E-02       4.03221073E-02
   451.4000       4.01582671E-02       4.01682595E-02       4.03219885E-02
   451.5000       4.01582945E-02       4.01682722E-02       4.03218698E-02
   451.6000       4.01583221E-02       4.01683042E-02       4.03217512E-02
   451.7000       4.01583497E-02       4.01683291E-02       4.03216329E-02
   451.8000       4.01583775E-02       4.01683841E-02       4.03215146E-02
   451.9000       4.01584055E-02       4.01683856E-02       4.03213965E-02
   452.0000       4.01584336E-02       4.01684407E-02       4.03212786E-02
   452.1000       4.01584619E-02       4.01684525E-02       4.03211608E-02
   452.2000       4.01584903E-02       4.01684848E-02       4.03210430E-02
   452.3000       4.01585189E-02       4.01685231E-02       4.03209255E-02
   452.4000       4.01585477E-02       4.01685739E-02       4.03208080E-02
   452.5000       4.01585765E-02       4.01685513E-02       4.03206908E-02
   452.6000       4.01586055E-02       4.01686187E-02       4.03205737E-02
   452.7000       4.01586347E-02       4.01686375E-02       4.03204567E-02
   452.8000       4.01586640E-02       4.01686756E-02       4.03203399E-02
   452.9000       4.01586934E-02       4.01687088E-02       4.03202232E-02
   453.0000       4.01587230E-02       4.01687107E-02       4.03201067E-02
   453.1000       4.01587527E-02       4.01687334E-02       4.03199903E-02
   453.2000       4.01587826E-02       4.01688094E-02       4.03198741E-02
   453.3000       4.01588127E-02       4.01688214E-02       4.03197580E-02
   453.4000       4.01588429E-02       4.01688673E-02       4.03196420E-02
   453.5000       4.01588732E-02       4.01689182E-02       4.03195262E-02
   453.6000       4.01589037E-02       4.01689209E-02       4.03194105E-02
   453.7000       4.01589343E-02       4.01689811E-02       4.03192950E-02
   453.8000       4.01589651E-02       4.01690051E-02       4.03191795E-02
   453.9000       4.01589960E-02       4.01690120E-02       4.03190643E-02
   454.0000       4.01590270E-02       4.01690236E-02       4.03189491E-02
   454.1000       4.01590582E-02       4.01690867E-02       4.03188342E-02
   454.2000       4.01590896E-02       4.01691446E-02       4.03187193E-02
   454.3000       4.01591211E-02       4.01691620E-02       4.03186046E-02
   454.4000       4.01591527E-02       4.01691803E-02       4.03184900E-02
   454.5000       4.01591845E-02       4.01692438E-02       4.03183755E-02
   454.6000       4.01592164E-02       4.01692365E-02       4.03182612E-02
   454.7000       4.01592485E-02       4.01692920E-02       4.03181469E-02
   454.8000       4.01592807E-02       4.01692978E-02       4.03180329E-02
   454.9000       4.01593131E-02       4.01693493E-02       4.03179189E-02
   455.0000       4.01593456E-02       4.01693715E-02       4.03178051E-02
   455.1000       4.01593782E-02       4.01694420E-02       4.03176914E-02
   455.2000       4.01594110E-02       4.01694569E-02       4.03175779E-02
   455.3000       4.01594439E-02       4.01695093E-02       4.03174645E-02
   455.4000       4.01594770E-02       4.01695350E-02       4.03173512E-02
   455.5000       4.01595103E-02       4.01695630E-02       4.03172381E-02
   455.6000       4.01595437E-02       4.01695998E-02       4.03171251E-02
   455.7000       4.01595772E-02       4.01696525E-02       4.03170123E-02
   455.8000       4.01596109E-02       4.01696935E-02       4.03168996E-02
   455.9000       4.01596447E-02       4.01697215E-02       4.03167870E-02
   456.0000       4.01596786E-02       4.01697363E-02       4.03166745E-02
   456.1000       4.01597127E-02       4.01697700E-02       4.03165621E-02
   456.2000       4.01597469E-02       4.01698417E-02       4.03164499E-02
   456.3000       4.01597813E-02       4.01698597E-02       4.03163377E-02
   456.4000       4.01598158E-02       4.01698515E-02       4.03162257E-02
   456.5000       4.01598504E-02       4.01699395E-02       4.03161138E-02
   456.6000       4.01598852E-02       4.01699567E-02       4.03160020E-02
   456.7000       4.01599202E-02       4.01700275E-02       4.03158904E-02
   456.8000       4.01599553E-02       4.01700566E-02       4.03157790E-02
   456.9000       4.01599905E-02       4.01700687E-02       4.03156676E-02
   457.0000       4.01600259E-02       4.01700970E-02       4.03155564E-02
   457.1000       4.01600614E-02       4.01701763E-02       4.03154454E-02
   457.2000       4.01600971E-02       4.01702069E-02       4.03153345E-02
   457.3000       4.01601329E-02       4.01702200E-02       4.03152237E-02
   457.4000       4.01601689E-02       4.01702961E-02       4.03151131E-02
   457.5000       4.01602050E-02       4.01703123E-02       4.03150025E-02
   457.6000       4.01602412E-02       4.01703442E-02       4.03148921E-02
   457.7000       4.01602777E-02       4.01704196E-02       4.03147819E-02
   457.8000       4.01603142E-02       4.01704358E-02       4.03146717E-02
   457.9000       4.01603509E-02       4.01704552E-02       4.03145617E-02
   458.0000       4.01603878E-02       4.01705236E-02       4.03144517E-02
   458.1000       4.01604249E-02       4.01705365E-02       4.03143419E-02
   458.2000       4.01604620E-02       4.01705867E-02       4.03142322E-02
   458.3000       4.01604993E-02       4.01706346E-02       4.03141226E-02
   458.4000       4.01605368E-02       4.01706771E-02       4.03140132E-02
   458.5000       4.01605745E-02       4.01706910E-02       4.03139039E-02
   458.6000       4.01606122E-02       4.01707506E-02       4.03137947E-02
   458.7000       4.01606502E-02       4.01707941E-02       4.03136857E-02
   458.8000       4.01606883E-02       4.01708324E-02       4.03135768E-02
   458.9000       4.01607266E-02       4.01708470E-02       4.03134679E-02
   459.0000       4.01607649E-02       4.01709067E-02       4.03133592E-02
   459.1000       4.01608035E-02       4.01709560E-02       4.03132506E-02
   459.2000       4.01608421E-02       4.01709829E-02       4.03131421E-02
   459.3000       4.01608810E-02       4.01710058E-02       4.03130337E-02
   459.4000       4.01609199E-02       4.01710540E-02       4.03129254E-02
   459.5000       4.01609591E-02       4.01711206E-02       4.03128172E-02
   459.6000       4.01609984E-02       4.01711580E-02       4.03127091E-02
   459.7000       4.01610378E-02       4.01711855E-02       4.03126011E-02
   459.8000       4.01610774E-02       4.01712431E-02       4.03124931E-02
   459.9000       4.01611171E-02       4.01712965E-02       4.03123853E-02
   460.0000       4.01611570E-02       4.01713283E-02       4.03122776E-02
   460.1000       4.01611971E-02       4.01713686E-02       4.03121700E-02
   460.2000       4.01612373E-02       4.01713875E-02       4.03120626E-02
   460.3000       4.01612776E-02       4.01714431E-02       4.03119552E-02
   460.4000       4.01613181E-02       4.01714814E-02       4.03118479E-02
   460.5000       4.01613587E-02       4.01715349E-02       4.03117408E-02
   460.6000       4.01613995E-02       4.01715787E-02       4.03116337E-02
   460.7000       4.01614405E-02       4.01716333E-02       4.03115267E-02
   460.8000       4.01614816E-02       4.01716549E-02       4.03114198E-02
   460.9000       4.01615228E-02       4.01716876E-02       4.03113131E-02
   461.0000       4.01615642E-02       4.01717609E-02       4.03112065E-02
   461.1000       4.01616058E-02       4.01717773E-02       4.03111000E-02
   461.2000       4.01616475E-02       4.01718257E-02       4.03109936E-02
   461.3000       4.01616893E-02       4.01718670E-02       4.03108873E-02
   461.4000       4.01617313E-02       4.01719196E-02       4.03107812E-02
   461.5000       4.01617735E-02       4.01719927E-02       4.03106751E-02
   461.6000       4.01618158E-02       4.01720187E-02       4.03105691E-02
   461.7000       4.01618582E-02       4.01720793E-02       4.03104633E-02
   461.8000       4.01619008E-02       4.01720999E-02       4.03103575E-02
   461.9000       4.01619436E-02       4.01721382E-02       4.03102519E-02
   462.0000       4.01619865E-02       4.01721930E-02       4.03101464E-02
   462.1000       4.01620296E-02       4.01722446E-02       4.03100409E-02
   462.2000       4.01620728E-02       4.01722760E-02       4.03099356E-02
   462.3000       4.01621162E-02       4.01723284E-02       4.03098303E-02
   462.4000       4.01621597E-02       4.01723685E-02       4.03097252E-02
   462.5000       4.01622034E-02       4.01724386E-02       4.03096202E-02
   462.6000       4.01622472E-02       4.01724657E-02       4.03095154E-02
   462.7000       4.01622911E-02       4.01725419E-02       4.03094106E-02
   462.8000       4.01623353E-02       4.01725613E-02       4.03093060E-02
   462.9000       4.01623796E-02       4.01726239E-02       4.03092015E-02
   463.0000       4.01624240E-02       4.01726588E-02       4.03090971E-02
   463.1000       4.01624685E-02       4.01727105E-02       4.03089928E-02
   463.2000       4.01625133E-02       4.01727436E-02       4.03088887E-02
   463.3000       4.01625581E-02       4.01728324E-02       4.03087846E-02
   463.4000       4.01626031E-02       4.01728413E-02       4.03086805E-02
   463.5000       4.01626483E-02       4.01729128E-02       4.03085766E-02
   463.6000       4.01626935E-02       4.01729462E-02       4.03084727E-02
   463.7000       4.01627389E-02       4.01729979E-02       4.03083690E-02
   463.8000       4.01627845E-02       4.01730412E-02       4.03082653E-02
   463.9000       4.01628302E-02       4.01730831E-02       4.03081616E-02
   464.0000       4.01628760E-02       4.01731306E-02       4.03080581E-02
   464.1000       4.01629220E-02       4.01731773E-02       4.03079546E-02
   464.2000       4.01629681E-02       4.01732241E-02       4.03078512E-02
   464.3000       4.01630144E-02       4.01732915E-02       4.03077479E-02
   464.4000       4.01630609E-02       4.01733264E-02       4.03076447E-02
   464.5000       4.01631074E-02       4.01734074E-02       4.03075416E-02
   464.6000       4.01631542E-02       4.01734393E-02       4.03074385E-02
   464.7000       4.01632011E-02       4.01734922E-02       4.03073355E-02
   464.8000       4.01632481E-02       4.01735130E-02       4.03072325E-02
   464.9000       4.01632953E-02       4.01735906E-02       4.03071296E-02
   465.0000       4.01633426E-02       4.01736378E-02       4.03070268E-02
   465.1000       4.01633901E-02       4.01737157E-02       4.03069241E-02
   465.2000       4.01634377E-02       4.01737326E-02       4.03068214E-02
   465.3000       4.01634855E-02       4.01737709E-02       4.03067188E-02
   465.4000       4.01635335E-02       4.01738574E-02       4.03066163E-02
   465.5000       4.01635816E-02       4.01738917E-02       4.03065139E-02
   465.6000       4.01636298E-02       4.01739308E-02       4.03064115E-02
   465.7000       4.01636782E-02       4.01739644E-02       4.03063093E-02
   465.8000       4.01637267E-02       4.01740553E-02       4.03062071E-02
   465.9000       4.01637754E-02       4.01741010E-02       4.03061049E-02
   466.0000       4.01638243E-02       4.01741429E-02       4.03060029E-02
   466.1000       4.01638733E-02       4.01741951E-02       4.03059010E-02
   466.2000       4.01639225E-02       4.01742570E-02       4.03057991E-02
   466.3000       4.01639718E-02       4.01743021E-02       4.03056973E-02
   466.4000       4.01640212E-02       4.01743463E-02       4.03055957E-02
   466.5000       4.01640708E-02       4.01744060E-02       4.03054940E-02
   466.6000       4.01641205E-02       4.01744557E-02       4.03053925E-02
   466.7000       4.01641704E-02       4.01745092E-02       4.03052911E-02
   466.8000       4.01642204E-02       4.01745651E-02       4.03051897E-02
   466.9000       4.01642706E-02       4.01746248E-02       4.03050884E-02
   467.0000       4.01643209E-02       4.01746752E-02       4.03049872E-02
   467.1000       4.01643714E-02       4.01746979E-02       4.03048861E-02
   467.2000       4.01644220E-02       4.01747728E-02       4.03047851E-02
   467.3000       4.01644728E-02       4.01748492E-02       4.03046842E-02
   467.4000       4.01645238E-02       4.01748891E-02       4.03045833E-02
   467.5000       4.01645749E-02       4.01749416E-02       4.03044825E-02
   467.6000       4.01646261E-02       4.01750029E-02       4.03043818E-02
   467.7000       4.01646775E-02       4.01750392E-02       4.03042812E-02
   467.8000       4.01647290E-02       4.01750913E-02       4.03041807E-02
   467.9000       4.01647807E-02       4.01751520E-02       4.03040802E-02
   468.0000       4.01648324E-02       4.01751942E-02       4.03039799E-02
   468.1000       4.01648844E-02       4.01752630E-02       4.03038795E-02
   468.2000       4.01649364E-02       4.01753368E-02       4.03037792E-02
   468.3000       4.01649886E-02       4.01753954E-02       4.03036790E-02
   468.4000       4.01650409E-02       4.01754304E-02       4.03035788E-02
   468.5000       4.01650934E-02       4.01754854E-02       4.03034787E-02
   468.6000       4.01651460E-02       4.01755545E-02       4.03033786E-02
   468.7000       4.01651987E-02       4.01756363E-02       4.03032786E-02
   468.8000       4.01652516E-02       4.01756570E-02       4.03031785E-02
   468.9000       4.01653046E-02       4.01757173E-02       4.03030786E-02
   469.0000       4.01653577E-02       4.01757751E-02       4.03029786E-02
   469.1000       4.01654110E-02       4.01758229E-02       4.03028787E-02
   469.2000       4.01654645E-02       4.01759025E-02       4.03027788E-02
   469.3000       4.01655180E-02       4.01759497E-02       4.03026789E-02
   469.4000       4.01655718E-02       4.01760111E-02       4.03025791E-02
   469.5000       4.01656257E-02       4.01760324E-02       4.03024792E-02
   469.6000       4.01656797E-02       4.01761355E-02       4.03023794E-02
   469.7000       4.01657338E-02       4.01761450E-02       4.03022796E-02
   469.8000       4.01657881E-02       4.01762432E-02       4.03021798E-02
   469.9000       4.01658425E-02       4.01762898E-02       4.03020800E-02
   470.0000       4.01658971E-02       4.01763455E-02       4.03019803E-02
   470.1000       4.01659518E-02       4.01763763E-02       4.03018806E-02
   470.2000       4.01660067E-02       4.01764491E-02       4.03017808E-02
   470.3000       4.01660617E-02       4.01765192E-02       4.03016811E-02
   470.4000       4.01661169E-02       4.01765848E-02       4.03015814E-02
   470.5000       4.01661722E-02       4.01766280E-02       4.03014817E-02
   470.6000       4.01662276E-02       4.01767086E-02       4.03013821E-02
   470.7000       4.01662832E-02       4.01767488E-02       4.03012824E-02
   470.8000       4.01663390E-02       4.01767981E-02       4.03011829E-02
   470.9000       4.01663949E-02       4.01768669E-02       4.03010832E-02
   471.0000       4.01664510E-02       4.01769296E-02       4.03009836E-02
   471.1000       4.01665072E-02       4.01770035E-02       4.03008840E-02
   471.2000       4.01665635E-02       4.01770214E-02       4.03007844E-02
   471.3000       4.01666200E-02       4.01770987E-02       4.03006848E-02
   471.4000       4.01666767E-02       4.01771632E-02       4.03005852E-02
   471.5000       4.01667335E-02       4.01772378E-02       4.03004856E-02
   471.6000       4.01667905E-02       4.01772837E-02       4.03003860E-02
   471.7000       4.01668477E-02       4.01773574E-02       4.03002864E-02
   471.8000       4.01669050E-02       4.01773938E-02       4.03001869E-02
   471.9000       4.01669624E-02       4.01774679E-02       4.03000873E-02
   472.0000       4.01670200E-02       4.01775309E-02       4.02999878E-02
   472.1000       4.01670778E-02       4.01775796E-02       4.02998882E-02
   472.2000       4.01671357E-02       4.01776565E-02       4.02997887E-02
   472.3000       4.01671937E-02       4.01777184E-02       4.02996891E-02
   472.4000       4.01672519E-02       4.01777979E-02       4.02995896E-02
   472.5000       4.01673102E-02       4.01778388E-02       4.02994900E-02
   472.6000       4.01673688E-02       4.01779103E-02       4.02993904E-02
   472.7000       4.01674274E-02       4.01779691E-02       4.02992908E-02
   472.8000       4.01674862E-02       4.01780228E-02       4.02991913E-02
   472.9000       4.01675452E-02       4.01781011E-02       4.02990917E-02
   473.0000       4.01676043E-02       4.01781684E-02       4.02989921E-02
   473.1000       4.01676636E-02       4.01782120E-02       4.02988924E-02
   473.2000       4.01677230E-02       4.01782702E-02       4.02987928E-02
   473.3000       4.01677825E-02       4.01783676E-02       4.02986931E-02
   473.4000       4.01678423E-02       4.01783868E-02       4.02985933E-02
   473.5000       4.01679021E-02       4.01784489E-02       4.02984936E-02
   473.6000       4.01679622E-02       4.01785222E-02       4.02983938E-02
   473.7000       4.01680224E-02       4.01785743E-02       4.02982940E-02
   473.8000       4.01680827E-02       4.01786395E-02       4.02981941E-02
   473.9000       4.01681433E-02       4.01787255E-02       4.02980942E-02
   474.0000       4.01682040E-02       4.01787873E-02       4.02979942E-02
   474.1000       4.01682648E-02       4.01788456E-02       4.02978942E-02
   474.2000       4.01683258E-02       4.01788940E-02       4.02977943E-02
   474.3000       4.01683869E-02       4.01789780E-02       4.02976943E-02
   474.4000       4.01684482E-02       4.01790590E-02       4.02975944E-02
   474.5000       4.01685096E-02       4.01790862E-02       4.02974944E-02
   474.6000       4.01685712E-02       4.01792026E-02       4.02973944E-02
   474.7000       4.01686329E-02       4.01792592E-02       4.02972944E-02
   474.8000       4.01686948E-02       4.01793306E-02       4.02971943E-02
   474.9000       4.01687569E-02       4.01793734E-02       4.02970942E-02
   475.0000       4.01688191E-02       4.01794368E-02       4.02969941E-02
   475.1000       4.01688814E-02       4.01795129E-02       4.02968939E-02
   475.2000       4.01689439E-02       4.01795911E-02       4.02967937E-02
   475.3000       4.01690066E-02       4.01796337E-02       4.02966935E-02
   475.4000       4.01690694E-02       4.01796835E-02       4.02965932E-02
   475.5000       4.01691324E-02       4.01797549E-02       4.02964930E-02
   475.6000       4.01691955E-02       4.01798415E-02       4.02963926E-02
   475.7000       4.01692588E-02       4.01798914E-02       4.02962922E-02
   475.8000       4.01693222E-02       4.01799555E-02       4.02961918E-02
   475.9000       4.01693857E-02       4.01800136E-02       4.02960914E-02
   476.0000       4.01694494E-02       4.01801331E-02       4.02959909E-02
   476.1000       4.01695132E-02       4.01801603E-02       4.02958903E-02
   476.2000       4.01695772E-02       4.01802318E-02       4.02957897E-02
   476.3000       4.01696414E-02       4.01803037E-02       4.02956891E-02
   476.4000       4.01697057E-02       4.01803878E-02       4.02955884E-02
   476.5000       4.01697702E-02       4.01804711E-02       4.02954877E-02
   476.6000       4.01698348E-02       4.01805127E-02       4.02953869E-02
   476.7000       4.01698995E-02       4.01805817E-02       4.02952861E-02
   476.8000       4.01699644E-02       4.01806695E-02       4.02951853E-02
   476.9000       4.01700295E-02       4.01807372E-02       4.02950844E-02
   477.0000       4.01700946E-02       4.01807887E-02       4.02949835E-02
   477.1000       4.01701600E-02       4.01808503E-02       4.02948825E-02
   477.2000       4.01702255E-02       4.01809257E-02       4.02947814E-02
   477.3000       4.01702911E-02       4.01809924E-02       4.02946804E-02
   477.4000       4.01703569E-02       4.01810882E-02       4.02945792E-02
   477.5000       4.01704229E-02       4.01811576E-02       4.02944781E-02
   477.6000       4.01704889E-02       4.01812187E-02       4.02943768E-02
   477.7000       4.01705551E-02       4.01812757E-02       4.02942755E-02
   477.8000       4.01706215E-02       4.01813409E-02       4.02941742E-02
   477.9000       4.01706881E-02       4.01814261E-02       4.02940728E-02
   478.0000       4.01707547E-02       4.01814962E-02       4.02939713E-02
   478.1000       4.01708216E-02       4.01815706E-02       4.02938698E-02
   478.2000       4.01708886E-02       4.01816364E-02       4.02937683E-02
   478.3000       4.01709557E-02       4.01817187E-02       4.02936666E-02
   478.4000       4.01710230E-02       4.01817756E-02       4.02935648E-02
   478.5000       4.01710904E-02       4.01818664E-02       4.02934630E-02
   478.6000       4.01711579E-02       4.01819284E-02       4.02933611E-02
   478.7000       4.01712257E-02       4.01820138E-02       4.02932591E-02
   478.8000       4.01712935E-02       4.01820573E-02       4.02931570E-02
   478.9000       4.01713616E-02       4.01821122E-02       4.02930548E-02
   479.0000       4.01714297E-02       4.01822004E-02       4.02929526E-02
   479.1000       4.01714981E-02       4.01822926E-02       4.02928503E-02
   479.2000       4.01715665E-02       4.01823488E-02       4.02927480E-02
   479.3000       4.01716351E-02       4.01824388E-02       4.02926455E-02
   479.4000       4.01717038E-02       4.01825243E-02       4.02925429E-02
   479.5000       4.01717726E-02       4.01825825E-02       4.02924402E-02
   479.6000       4.01718417E-02       4.01826644E-02       4.02923375E-02
   479.7000       4.01719108E-02       4.01827026E-02       4.02922346E-02
   479.8000       4.01719801E-02       4.01828107E-02       4.02921317E-02
   479.9000       4.01720496E-02       4.01828735E-02       4.02920286E-02
   480.0000       4.01721192E-02       4.01829663E-02       4.02919254E-02
   480.1000       4.01721889E-02       4.01830110E-02       4.02918222E-02
   480.2000       4.01722587E-02       4.01830962E-02       4.02917188E-02
   480.3000       4.01723288E-02       4.01831801E-02       4.02916153E-02
   480.4000       4.01723989E-02       4.01832521E-02       4.02915118E-02
   480.5000       4.01724692E-02       4.01833148E-02       4.02914082E-02
   480.6000       4.01725397E-02       4.01833897E-02       4.02913045E-02
   480.7000       4.01726102E-02       4.01834468E-02       4.02912008E-02
   480.8000       4.01726809E-02       4.01835641E-02       4.02910969E-02
   480.9000       4.01727518E-02       4.01836333E-02       4.02909930E-02
   481.0000       4.01728228E-02       4.01836761E-02       4.02908889E-02
   481.1000       4.01728939E-02       4.01837746E-02       4.02907848E-02
   481.2000       4.01729652E-02       4.01838471E-02       4.02906805E-02
   481.3000       4.01730366E-02       4.01839261E-02       4.02905762E-02
   481.4000       4.01731081E-02       4.01839605E-02       4.02904716E-02
   481.5000       4.01731798E-02       4.01840734E-02       4.02903670E-02
   481.6000       4.01732517E-02       4.01841586E-02       4.02902623E-02
   481.7000       4.01733237E-02       4.01842226E-02       4.02901575E-02
   481.8000       4.01733958E-02       4.01842934E-02       4.02900526E-02
   481.9000       4.01734680E-02       4.01844088E-02       4.02899476E-02
   482.0000       4.01735404E-02       4.01844474E-02       4.02898424E-02
   482.1000       4.01736129E-02       4.01845202E-02       4.02897371E-02
   482.2000       4.01736855E-02       4.01846185E-02       4.02896317E-02
   482.3000       4.01737583E-02       4.01846726E-02       4.02895262E-02
   482.4000       4.01738312E-02       4.01847596E-02       4.02894205E-02
   482.5000       4.01739042E-02       4.01848432E-02       4.02893147E-02
   482.6000       4.01739774E-02       4.01849321E-02       4.02892087E-02
   482.7000       4.01740507E-02       4.01850018E-02       4.02891027E-02
   482.8000       4.01741241E-02       4.01850842E-02       4.02889965E-02
   482.9000       4.01741977E-02       4.01851357E-02       4.02888901E-02
   483.0000       4.01742714E-02       4.01852772E-02       4.02887836E-02
   483.1000       4.01743452E-02       4.01853273E-02       4.02886769E-02
   483.2000       4.01744192E-02       4.01854027E-02       4.02885700E-02
   483.3000       4.01744933E-02       4.01854680E-02       4.02884630E-02
   483.4000       4.01745675E-02       4.01855594E-02       4.02883558E-02
   483.5000       4.01746419E-02       4.01856210E-02       4.02882485E-02
   483.6000       4.01747164E-02       4.01857217E-02       4.02881410E-02
   483.7000       4.01747910E-02       4.01858035E-02       4.02880334E-02
   483.8000       4.01748658E-02       4.01858657E-02       4.02879255E-02
   483.9000       4.01749407E-02       4.01859563E-02       4.02878175E-02
   484.0000       4.01750157E-02       4.01860350E-02       4.02877094E-02
   484.1000       4.01750909E-02       4.01861018E-02       4.02876010E-02
   484.2000       4.01751662E-02       4.01861924E-02       4.02874924E-02
   484.3000       4.01752416E-02       4.01862902E-02       4.02873837E-02
   484.4000       4.01753172E-02       4.01863717E-02       4.02872748E-02
   484.5000       4.01753928E-02       4.01864308E-02       4.02871658E-02
   484.6000       4.01754686E-02       4.01865516E-02       4.02870565E-02
   484.7000       4.01755446E-02       4.01866214E-02       4.02869470E-02
   484.8000       4.01756206E-02       4.01866768E-02       4.02868373E-02
   484.9000       4.01756968E-02       4.01867641E-02       4.02867274E-02
   485.0000       4.01757732E-02       4.01868499E-02       4.02866172E-02
   485.1000       4.01758496E-02       4.01869035E-02       4.02865069E-02
   485.2000       4.01759262E-02       4.01870362E-02       4.02863963E-02
   485.3000       4.01760029E-02       4.01870805E-02       4.02862856E-02
   485.4000       4.01760798E-02       4.01871790E-02       4.02861747E-02
   485.5000       4.01761567E-02       4.01872298E-02       4.02860635E-02
   485.6000       4.01762338E-02       4.01873443E-02       4.02859522E-02
   485.7000       4.01763111E-02       4.01874179E-02       4.02858406E-02
   485.8000       4.01763885E-02       4.01874888E-02       4.02857289E-02
   485.9000       4.01764660E-02       4.01875901E-02       4.02856168E-02
   486.0000       4.01765436E-02       4.01876532E-02       4.02855046E-02
   486.1000       4.01766214E-02       4.01877680E-02       4.02853922E-02
   486.2000       4.01766993E-02       4.01878194E-02       4.02852796E-02
   486.3000       4.01767774E-02       4.01879215E-02       4.02851668E-02
   486.4000       4.01768555E-02       4.01879939E-02       4.02850538E-02
   486.5000       4.01769338E-02       4.01880808E-02       4.02849404E-02
   486.6000       4.01770123E-02       4.01881682E-02       4.02848269E-02
   486.7000       4.01770908E-02       4.01882589E-02       4.02847131E-02
   486.8000       4.01771695E-02       4.01883385E-02       4.02845991E-02
   486.9000       4.01772483E-02       4.01884208E-02       4.02844849E-02
   487.0000       4.01773272E-02       4.01884942E-02       4.02843704E-02
   487.1000       4.01774063E-02       4.01885855E-02       4.02842556E-02
   487.2000       4.01774855E-02       4.01886663E-02       4.02841406E-02
   487.3000       4.01775648E-02       4.01887694E-02       4.02840253E-02
   487.4000       4.01776443E-02       4.01888555E-02       4.02839098E-02
   487.5000       4.01777239E-02       4.01889553E-02       4.02837940E-02
   487.6000       4.01778037E-02       4.01890084E-02       4.02836779E-02
   487.7000       4.01778835E-02       4.01891106E-02       4.02835616E-02
   487.8000       4.01779635E-02       4.01891947E-02       4.02834450E-02
   487.9000       4.01780437E-02       4.01892842E-02       4.02833281E-02
   488.0000       4.01781239E-02       4.01893425E-02       4.02832109E-02
   488.1000       4.01782043E-02       4.01894662E-02       4.02830934E-02
   488.2000       4.01782849E-02       4.01895401E-02       4.02829757E-02
   488.3000       4.01783656E-02       4.01896102E-02       4.02828577E-02
   488.4000       4.01784464E-02       4.01896983E-02       4.02827394E-02
   488.5000       4.01785274E-02       4.01898020E-02       4.02826209E-02
   488.6000       4.01786084E-02       4.01898687E-02       4.02825020E-02
   488.7000       4.01786896E-02       4.01899625E-02       4.02823828E-02
   488.8000       4.01787710E-02       4.01900573E-02       4.02822633E-02
   488.9000       4.01788524E-02       4.01901415E-02       4.02821436E-02
   489.0000       4.01789341E-02       4.01902315E-02       4.02820234E-02
   489.1000       4.01790158E-02       4.01902924E-02       4.02819030E-02
   489.2000       4.01790977E-02       4.01904264E-02       4.02817821E-02
   489.3000       4.01791797E-02       4.01905010E-02       4.02816610E-02
   489.4000       4.01792619E-02       4.01905603E-02       4.02815396E-02
   489.5000       4.01793441E-02       4.01906560E-02       4.02814179E-02
   489.6000       4.01794266E-02       4.01907548E-02       4.02812958E-02
   489.7000       4.01795091E-02       4.01908395E-02       4.02811735E-02
   489.8000       4.01795918E-02       4.01909294E-02       4.02810508E-02
   489.9000       4.01796746E-02       4.01910291E-02       4.02809279E-02
   490.0000       4.01797576E-02       4.01911090E-02       4.02808047E-02
   490.1000       4.01798407E-02       4.01912089E-02       4.02806811E-02
   490.2000       4.01799239E-02       4.01912959E-02       4.02805571E-02
   490.3000       4.01800073E-02       4.01913732E-02       4.02804329E-02
   490.4000       4.01800908E-02       4.01914578E-02       4.02803083E-02
   490.5000       4.01801744E-02       4.01915715E-02       4.02801834E-02
   490.6000       4.01802581E-02       4.01916574E-02       4.02800581E-02
   490.7000       4.01803420E-02       4.01917379E-02       4.02799325E-02
   490.8000       4.01804261E-02       4.01918318E-02       4.02798066E-02
   490.9000       4.01805102E-02       4.01919375E-02       4.02796803E-02
   491.0000       4.01805945E-02       4.01919886E-02       4.02795536E-02
   491.1000       4.01806789E-02       4.01921058E-02       4.02794266E-02
   491.2000       4.01807635E-02       4.01922167E-02       4.02792992E-02
   491.3000       4.01808482E-02       4.01922594E-02       4.02791714E-02
   491.4000       4.01809330E-02       4.01923556E-02       4.02790432E-02
   491.5000       4.01810179E-02       4.01924568E-02       4.02789146E-02
   491.6000       4.01811030E-02       4.01925544E-02       4.02787857E-02
   491.7000       4.01811883E-02       4.01926436E-02       4.02786565E-02
   491.8000       4.01812737E-02       4.01927521E-02       4.02785269E-02
   491.9000       4.01813592E-02       4.01928325E-02       4.02783969E-02
   492.0000       4.01814449E-02       4.01929127E-02       4.02782665E-02
   492.1000       4.01815307E-02       4.01930213E-02       4.02781358E-02
   492.2000       4.01816166E-02       4.01931085E-02       4.02780048E-02
   492.3000       4.01817027E-02       4.01931973E-02       4.02778734E-02
   492.4000       4.01817889E-02       4.01933195E-02       4.02777416E-02
   492.5000       4.01818752E-02       4.01933888E-02       4.02776094E-02
   492.6000       4.01819617E-02       4.01934861E-02       4.02774768E-02
   492.7000       4.01820483E-02       4.01935798E-02       4.02773439E-02
   492.8000       4.01821350E-02       4.01936670E-02       4.02772105E-02
   492.9000       4.01822219E-02       4.01937399E-02       4.02770768E-02
   493.0000       4.01823089E-02       4.01938634E-02       4.02769427E-02
   493.1000       4.01823961E-02       4.01939440E-02       4.02768082E-02
   493.2000       4.01824834E-02       4.01940293E-02       4.02766733E-02
   493.3000       4.01825708E-02       4.01941281E-02       4.02765380E-02
   493.4000       4.01826584E-02       4.01942032E-02       4.02764023E-02
   493.5000       4.01827461E-02       4.01943250E-02       4.02762662E-02
   493.6000       4.01828340E-02       4.01943898E-02       4.02761297E-02
   493.7000       4.01829220E-02       4.01945186E-02       4.02759927E-02
   493.8000       4.01830101E-02       4.01946054E-02       4.02758553E-02
   493.9000       4.01830984E-02       4.01947080E-02       4.02757176E-02
   494.0000       4.01831869E-02       4.01947994E-02       4.02755795E-02
   494.1000       4.01832754E-02       4.01948976E-02       4.02754410E-02
   494.2000       4.01833641E-02       4.01950060E-02       4.02753020E-02
   494.3000       4.01834530E-02       4.01950799E-02       4.02751626E-02
   494.4000       4.01835420E-02       4.01951850E-02       4.02750227E-02
   494.5000       4.01836311E-02       4.01952826E-02       4.02748825E-02
   494.6000       4.01837203E-02       4.01953714E-02       4.02747418E-02
   494.7000       4.01838096E-02       4.01954766E-02       4.02746007E-02
   494.8000       4.01838991E-02       4.01955736E-02       4.02744592E-02
   494.9000       4.01839887E-02       4.01956911E-02       4.02743173E-02
   495.0000       4.01840785E-02       4.01957617E-02       4.02741749E-02
   495.1000       4.01841684E-02       4.01958777E-02       4.02740322E-02
   495.2000       4.01842584E-02       4.01959778E-02       4.02738889E-02
   495.3000       4.01843485E-02       4.01960531E-02       4.02737452E-02
   495.4000       4.01844387E-02       4.01961556E-02       4.02736011E-02
   495.5000       4.01845291E-02       4.01962439E-02       4.02734565E-02
   495.6000       4.01846197E-02       4.01963379E-02       4.02733114E-02
   495.7000       4.01847103E-02       4.01964570E-02       4.02731659E-02
   495.8000       4.01848011E-02       4.01965393E-02       4.02730199E-02
   495.9000       4.01848920E-02       4.01966374E-02       4.02728734E-02
   496.0000       4.01849831E-02       4.01967312E-02       4.02727265E-02
   496.1000       4.01850743E-02       4.01968395E-02       4.02725790E-02
   496.2000       4.01851656E-02       4.01969208E-02       4.02724311E-02
   496.3000       4.01852571E-02       4.01970402E-02       4.02722827E-02
   496.4000       4.01853487E-02       4.01971346E-02       4.02721339E-02
   496.5000       4.01854404E-02       4.01972281E-02       4.02719845E-02
   496.6000       4.01855323E-02       4.01973350E-02       4.02718347E-02
   496.7000       4.01856243E-02       4.01974420E-02       4.02716843E-02
   496.8000       4.01857165E-02       4.01975075E-02       4.02715334E-02
   496.9000       4.01858088E-02       4.01976203E-02       4.02713820E-02
   497.0000       4.01859012E-02       4.01977426E-02       4.02712301E-02
   497.1000       4.01859938E-02       4.01978252E-02       4.02710778E-02
   497.2000       4.01860865E-02       4.01979428E-02       4.02709249E-02
   497.3000       4.01861793E-02       4.01980220E-02       4.02707716E-02
   497.4000       4.01862723E-02       4.01981325E-02       4.02706177E-02
   497.5000       4.01863654E-02       4.01982319E-02       4.02704634E-02
   497.6000       4.01864586E-02       4.01983258E-02       4.02703086E-02
   497.7000       4.01865520E-02       4.01984499E-02       4.02701533E-02
   497.8000       4.01866456E-02       4.01985253E-02       4.02699975E-02
   497.9000       4.01867393E-02       4.01986491E-02       4.02698411E-02
   498.0000       4.01868331E-02       4.01987359E-02       4.02696843E-02
   498.1000       4.01869271E-02       4.01988244E-02       4.02695269E-02
   498.2000       4.01870212E-02       4.01989170E-02       4.02693690E-02
   498.3000       4.01871154E-02       4.01990559E-02       4.02692106E-02
   498.4000       4.01872097E-02       4.01991567E-02       4.02690517E-02
   498.5000       4.01873042E-02       4.01992452E-02       4.02688922E-02
   498.6000       4.01873988E-02       4.01993341E-02       4.02687322E-02
   498.7000       4.01874936E-02       4.01994509E-02       4.02685716E-02
   498.8000       4.01875885E-02       4.01995420E-02       4.02684106E-02
   498.9000       4.01876835E-02       4.01996443E-02       4.02682490E-02
   499.0000       4.01877787E-02       4.01997621E-02       4.02680868E-02
   499.1000       4.01878740E-02       4.01998522E-02       4.02679242E-02
   499.2000       4.01879694E-02       4.01999669E-02       4.02677610E-02
   499.3000       4.01880649E-02       4.02000702E-02       4.02675973E-02
   499.4000       4.01881606E-02       4.02001781E-02       4.02674331E-02
   499.5000       4.01882564E-02       4.02002727E-02       4.02672684E-02
   499.6000       4.01883524E-02       4.02003834E-02       4.02671030E-02
   499.7000       4.01884484E-02       4.02004671E-02       4.02669371E-02
   499.8000       4.01885446E-02       4.02006130E-02       4.02667706E-02
   499.9000       4.01886409E-02       4.02006796E-02       4.02666034E-02
   500.0000       4.01887374E-02       4.02008076E-02       4.02664357E-02
   500.1000       4.01888340E-02       4.02008900E-02       4.02662673E-02
   500.2000       4.01889307E-02       4.02010270E-02       4.02660983E-02
   500.3000       4.01890276E-02       4.02011190E-02       4.02659288E-02
   500.4000       4.01891245E-02       4.02012186E-02       4.02657587E-02
   500.5000       4.01892216E-02       4.02013090E-02       4.02655880E-02
   500.6000       4.01893188E-02       4.02014319E-02       4.02654168E-02
   500.7000       4.01894162E-02       4.02015294E-02       4.02652449E-02
   500.8000       4.01895137E-02       4.02016436E-02       4.02650725E-02
   500.9000       4.01896113E-02       4.02017464E-02       4.02648995E-02
   501.0000       4.01897090E-02       4.02018451E-02       4.02647259E-02
   501.1000       4.01898069E-02       4.02019426E-02       4.02645517E-02
   501.2000       4.01899048E-02       4.02020661E-02       4.02643769E-02
   501.3000       4.01900029E-02       4.02021674E-02       4.02642014E-02
   501.4000       4.01901011E-02       4.02022612E-02       4.02640254E-02
   501.5000       4.01901995E-02       4.02023962E-02       4.02638487E-02
   501.6000       4.01902980E-02       4.02024848E-02       4.02636713E-02
   501.7000       4.01903966E-02       4.02026114E-02       4.02634933E-02
   501.8000       4.01904953E-02       4.02026910E-02       4.02633146E-02
   501.9000       4.01905942E-02       4.02027921E-02       4.02631353E-02
   502.0000       4.01906932E-02       4.02029200E-02       4.02629554E-02
   502.1000       4.01907923E-02       4.02030290E-02       4.02627748E-02
   502.2000       4.01908915E-02       4.02031611E-02       4.02625935E-02
   502.3000       4.01909909E-02       4.02032597E-02       4.02624116E-02
   502.4000       4.01910904E-02       4.02033517E-02       4.02622291E-02
   502.5000       4.01911900E-02       4.02034479E-02       4.02620458E-02
   502.6000       4.01912898E-02       4.02035618E-02       4.02618619E-02
   502.7000       4.01913896E-02       4.02036999E-02       4.02616773E-02
   502.8000       4.01914897E-02       4.02037914E-02       4.02614921E-02
   502.9000       4.01915898E-02       4.02038828E-02       4.02613062E-02
   503.0000       4.01916901E-02       4.02040270E-02       4.02611197E-02
   503.1000       4.01917905E-02       4.02041027E-02       4.02609325E-02
   503.2000       4.01918911E-02       4.02041986E-02       4.02607445E-02
   503.3000       4.01919918E-02       4.02043393E-02       4.02605559E-02
   503.4000       4.01920927E-02       4.02044410E-02       4.02603666E-02
   503.5000       4.01921937E-02       4.02045570E-02       4.02601766E-02
   503.6000       4.01922948E-02       4.02046719E-02       4.02599859E-02
   503.7000       4.01923961E-02       4.02047840E-02       4.02597945E-02
   503.8000       4.01924975E-02       4.02048561E-02       4.02596024E-02
   503.9000       4.01925990E-02       4.02049978E-02       4.02594096E-02
   504.0000       4.01927007E-02       4.02050983E-02       4.02592160E-02
   504.1000       4.01928025E-02       4.02051914E-02       4.02590217E-02
   504.2000       4.01929044E-02       4.02053222E-02       4.02588267E-02
   504.3000       4.01930065E-02       4.02054294E-02       4.02586309E-02
   504.4000       4.01931087E-02       4.02055665E-02       4.02584344E-02
   504.5000       4.01932111E-02       4.02056631E-02       4.02582372E-02
   504.6000       4.01933136E-02       4.02057570E-02       4.02580392E-02
   504.7000       4.01934162E-02       4.02058796E-02       4.02578405E-02
   504.8000       4.01935189E-02       4.02059750E-02       4.02576410E-02
   504.9000       4.01936218E-02       4.02061065E-02       4.02574407E-02
   505.0000       4.01937248E-02       4.02062183E-02       4.02572396E-02
   505.1000       4.01938280E-02       4.02063010E-02       4.02570378E-02
   505.2000       4.01939313E-02       4.02064409E-02       4.02568351E-02
   505.3000       4.01940347E-02       4.02065359E-02       4.02566316E-02
   505.4000       4.01941382E-02       4.02066483E-02       4.02564273E-02
   505.5000       4.01942419E-02       4.02067727E-02       4.02562222E-02
   505.6000       4.01943458E-02       4.02068858E-02       4.02560164E-02
   505.7000       4.01944497E-02       4.02069941E-02       4.02558097E-02
   505.8000       4.01945539E-02       4.02071090E-02       4.02556022E-02
   505.9000       4.01946581E-02       4.02072316E-02       4.02553939E-02
   506.0000       4.01947625E-02       4.02073448E-02       4.02551847E-02
   506.1000       4.01948671E-02       4.02074486E-02       4.02549748E-02
   506.2000       4.01949717E-02       4.02075872E-02       4.02547641E-02
   506.3000       4.01950766E-02       4.02076856E-02       4.02545525E-02
   506.4000       4.01951816E-02       4.02077879E-02       4.02543401E-02
   506.5000       4.01952867E-02       4.02079108E-02       4.02541269E-02
   506.6000       4.01953919E-02       4.02080430E-02       4.02539129E-02
   506.7000       4.01954973E-02       4.02081594E-02       4.02536981E-02
   506.8000       4.01956028E-02       4.02082870E-02       4.02534825E-02
   506.9000       4.01957084E-02       4.02083774E-02       4.02532660E-02
   507.0000       4.01958142E-02       4.02084933E-02       4.02530486E-02
   507.1000       4.01959202E-02       4.02085991E-02       4.02528304E-02
   507.2000       4.01960262E-02       4.02087294E-02       4.02526112E-02
   507.3000       4.01961325E-02       4.02088408E-02       4.02523912E-02
   507.4000       4.01962388E-02       4.02089440E-02       4.02521704E-02
   507.5000       4.01963453E-02       4.02090631E-02       4.02519486E-02
   507.6000       4.01964520E-02       4.02091825E-02       4.02517260E-02
   507.7000       4.01965588E-02       4.02093016E-02       4.02515025E-02
   507.8000       4.01966657E-02       4.02094072E-02       4.02512781E-02
   507.9000       4.01967728E-02       4.02095442E-02       4.02510529E-02
   508.0000       4.01968800E-02       4.02096595E-02       4.02508268E-02
   508.1000       4.01969874E-02       4.02097970E-02       4.02505998E-02
   508.2000       4.01970949E-02       4.02098891E-02       4.02503719E-02
   508.3000       4.01972026E-02       4.02100037E-02       4.02501430E-02
   508.4000       4.01973103E-02       4.02101125E-02       4.02499132E-02
   508.5000       4.01974183E-02       4.02102298E-02       4.02496825E-02
   508.6000       4.01975264E-02       4.02103750E-02       4.02494509E-02
   508.7000       4.01976346E-02       4.02104713E-02       4.02492183E-02
   508.8000       4.01977429E-02       4.02106026E-02       4.02489849E-02
   508.9000       4.01978515E-02       4.02107366E-02       4.02487506E-02
   509.0000       4.01979601E-02       4.02108319E-02       4.02485154E-02
   509.1000       4.01980689E-02       4.02109548E-02       4.02482792E-02
   509.2000       4.01981778E-02       4.02110785E-02       4.02480421E-02
   509.3000       4.01982869E-02       4.02112082E-02       4.02478041E-02
   509.4000       4.01983961E-02       4.02113076E-02       4.02475650E-02
   509.5000       4.01985054E-02       4.02114185E-02       4.02473251E-02
   509.6000       4.01986149E-02       4.02115538E-02       4.02470842E-02
   509.7000       4.01987246E-02       4.02116827E-02       4.02468423E-02
   509.8000       4.01988344E-02       4.02118024E-02       4.02465995E-02
   509.9000       4.01989443E-02       4.02119052E-02       4.02463557E-02
   510.0000       4.01990544E-02       4.02120235E-02       4.02461109E-02
   510.1000       4.01991647E-02       4.02121123E-02       4.02458651E-02
   510.2000       4.01992750E-02       4.02122822E-02       4.02456184E-02
   510.3000       4.01993856E-02       4.02123727E-02       4.02453706E-02
   510.4000       4.01994962E-02       4.02124974E-02       4.02451219E-02
   510.5000       4.01996070E-02       4.02126211E-02       4.02448722E-02
   510.6000       4.01997180E-02       4.02127695E-02       4.02446215E-02
   510.7000       4.01998291E-02       4.02128829E-02       4.02443699E-02
   510.8000       4.01999403E-02       4.02129945E-02       4.02441173E-02
   510.9000       4.02000517E-02       4.02131053E-02       4.02438636E-02
   511.0000       4.02001633E-02       4.02132371E-02       4.02436089E-02
   511.1000       4.02002749E-02       4.02133529E-02       4.02433532E-02
   511.2000       4.02003868E-02       4.02134977E-02       4.02430965E-02
   511.3000       4.02004988E-02       4.02136020E-02       4.02428387E-02
   511.4000       4.02006109E-02       4.02137484E-02       4.02425799E-02
   511.5000       4.02007232E-02       4.02138468E-02       4.02423200E-02
   511.6000       4.02008356E-02       4.02139924E-02       4.02420590E-02
   511.7000       4.02009482E-02       4.02140913E-02       4.02417971E-02
   511.8000       4.02010609E-02       4.02142455E-02       4.02415341E-02
   511.9000       4.02011737E-02       4.02143614E-02       4.02412701E-02
   512.0000       4.02012867E-02       4.02145045E-02       4.02410050E-02
   512.1000       4.02013999E-02       4.02146216E-02       4.02407389E-02
   512.2000       4.02015132E-02       4.02147114E-02       4.02404716E-02
   512.3000       4.02016266E-02       4.02148402E-02       4.02402032E-02
   512.4000       4.02017402E-02       4.02149835E-02       4.02399337E-02
   512.5000       4.02018540E-02       4.02150864E-02       4.02396632E-02
   512.6000       4.02019679E-02       4.02152187E-02       4.02393916E-02
   512.7000       4.02020819E-02       4.02153398E-02       4.02391189E-02
   512.8000       4.02021962E-02       4.02154831E-02       4.02388451E-02
   512.9000       4.02023105E-02       4.02155953E-02       4.02385702E-02
   513.0000       4.02024251E-02       4.02157339E-02       4.02382942E-02
   513.1000       4.02025397E-02       4.02158540E-02       4.02380171E-02
   513.2000       4.02026546E-02       4.02159566E-02       4.02377389E-02
   513.3000       4.02027696E-02       4.02161025E-02       4.02374595E-02
   513.4000       4.02028848E-02       4.02162122E-02       4.02371790E-02
   513.5000       4.02030001E-02       4.02163468E-02       4.02368973E-02
   513.6000       4.02031156E-02       4.02164811E-02       4.02366144E-02
   513.7000       4.02032312E-02       4.02165950E-02       4.02363304E-02
   513.8000       4.02033470E-02       4.02167464E-02       4.02360454E-02
   513.9000       4.02034630E-02       4.02168600E-02       4.02357592E-02
   514.0000       4.02035791E-02       4.02169836E-02       4.02354718E-02
   514.1000       4.02036954E-02       4.02171076E-02       4.02351832E-02
   514.2000       4.02038119E-02       4.02172398E-02       4.02348935E-02
   514.3000       4.02039285E-02       4.02173709E-02       4.02346026E-02
   514.4000       4.02040453E-02       4.02174998E-02       4.02343105E-02
   514.5000       4.02041623E-02       4.02176333E-02       4.02340172E-02
   514.6000       4.02042794E-02       4.02177555E-02       4.02337227E-02
   514.7000       4.02043967E-02       4.02178781E-02       4.02334270E-02
   514.8000       4.02045142E-02       4.02180073E-02       4.02331301E-02
   514.9000       4.02046318E-02       4.02181517E-02       4.02328319E-02
   515.0000       4.02047497E-02       4.02182736E-02       4.02325326E-02
   515.1000       4.02048676E-02       4.02184167E-02       4.02322321E-02
   515.2000       4.02049858E-02       4.02185216E-02       4.02319304E-02
   515.3000       4.02051041E-02       4.02186716E-02       4.02316274E-02
   515.4000       4.02052225E-02       4.02187857E-02       4.02313232E-02
   515.5000       4.02053412E-02       4.02189416E-02       4.02310178E-02
   515.6000       4.02054600E-02       4.02190859E-02       4.02307111E-02
   515.7000       4.02055790E-02       4.02191977E-02       4.02304031E-02
   515.8000       4.02056981E-02       4.02192907E-02       4.02300938E-02
   515.9000       4.02058174E-02       4.02194357E-02       4.02297833E-02
   516.0000       4.02059369E-02       4.02195711E-02       4.02294716E-02
   516.1000       4.02060566E-02       4.02197220E-02       4.02291586E-02
   516.2000       4.02061765E-02       4.02198431E-02       4.02288443E-02
   516.3000       4.02062965E-02       4.02199663E-02       4.02285287E-02
   516.4000       4.02064167E-02       4.02200827E-02       4.02282118E-02
   516.5000       4.02065371E-02       4.02202247E-02       4.02278936E-02
   516.6000       4.02066577E-02       4.02203408E-02       4.02275741E-02
   516.7000       4.02067785E-02       4.02205031E-02       4.02272534E-02
   516.8000       4.02068994E-02       4.02206358E-02       4.02269313E-02
   516.9000       4.02070205E-02       4.02207493E-02       4.02266078E-02
   517.0000       4.02071418E-02       4.02208937E-02       4.02262829E-02
   517.1000       4.02072632E-02       4.02210415E-02       4.02259567E-02
   517.2000       4.02073849E-02       4.02211853E-02       4.02256293E-02
   517.3000       4.02075067E-02       4.02213020E-02       4.02253004E-02
   517.4000       4.02076288E-02       4.02214566E-02       4.02249702E-02
   517.5000       4.02077510E-02       4.02215717E-02       4.02246387E-02
   517.6000       4.02078735E-02       4.02217100E-02       4.02243058E-02
   517.7000       4.02079961E-02       4.02218300E-02       4.02239717E-02
   517.8000       4.02081188E-02       4.02219862E-02       4.02236362E-02
   517.9000       4.02082418E-02       4.02221127E-02       4.02232994E-02
   518.0000       4.02083649E-02       4.02222393E-02       4.02229613E-02
   518.1000       4.02084883E-02       4.02224067E-02       4.02226217E-02
   518.2000       4.02086117E-02       4.02225040E-02       4.02222808E-02
   518.3000       4.02087354E-02       4.02226586E-02       4.02219385E-02
   518.4000       4.02088593E-02       4.02228159E-02       4.02215949E-02
   518.5000       4.02089833E-02       4.02229127E-02       4.02212500E-02
   518.6000       4.02091075E-02       4.02230439E-02       4.02209036E-02
   518.7000       4.02092319E-02       4.02231933E-02       4.02205559E-02
   518.8000       4.02093564E-02       4.02233338E-02       4.02202067E-02
   518.9000       4.02094811E-02       4.02234819E-02       4.02198561E-02
   519.0000       4.02096061E-02       4.02236253E-02       4.02195041E-02
   519.1000       4.02097312E-02       4.02237488E-02       4.02191508E-02
   519.2000       4.02098565E-02       4.02238950E-02       4.02187959E-02
   519.3000       4.02099820E-02       4.02240359E-02       4.02184397E-02
   519.4000       4.02101077E-02       4.02241645E-02       4.02180820E-02
   519.5000       4.02102335E-02       4.02242834E-02       4.02177229E-02
   519.6000       4.02103596E-02       4.02244474E-02       4.02173623E-02
   519.7000       4.02104859E-02       4.02245920E-02       4.02170003E-02
   519.8000       4.02106124E-02       4.02247379E-02       4.02166369E-02
   519.9000       4.02107390E-02       4.02248684E-02       4.02162719E-02
   520.0000       4.02108659E-02       4.02249986E-02       4.02159055E-02
   520.1000       4.02109930E-02       4.02251681E-02       4.02155377E-02
   520.2000       4.02111202E-02       4.02252838E-02       4.02151684E-02
   520.3000       4.02112477E-02       4.02254154E-02       4.02147976E-02
   520.4000       4.02113753E-02       4.02255627E-02       4.02144253E-02
   520.5000       4.02115032E-02       4.02257305E-02       4.02140515E-02
   520.6000       4.02116312E-02       4.02258322E-02       4.02136763E-02
   520.7000       4.02117594E-02       4.02260002E-02       4.02132996E-02
   520.8000       4.02118878E-02       4.02261484E-02       4.02129213E-02
   520.9000       4.02120165E-02       4.02262627E-02       4.02125416E-02
   521.0000       4.02121453E-02       4.02264205E-02       4.02121602E-02
   521.1000       4.02122743E-02       4.02265863E-02       4.02117773E-02
   521.2000       4.02124035E-02       4.02267216E-02       4.02113929E-02
   521.3000       4.02125329E-02       4.02268318E-02       4.02110069E-02
   521.4000       4.02126625E-02       4.02270007E-02       4.02106193E-02
   521.5000       4.02127922E-02       4.02271442E-02       4.02102302E-02
   521.6000       4.02129222E-02       4.02272945E-02       4.02098396E-02
   521.7000       4.02130524E-02       4.02274237E-02       4.02094473E-02
   521.8000       4.02131828E-02       4.02275775E-02       4.02090536E-02
   521.9000       4.02133134E-02       4.02277060E-02       4.02086583E-02
   522.0000       4.02134442E-02       4.02278571E-02       4.02082614E-02
   522.1000       4.02135752E-02       4.02279858E-02       4.02078629E-02
   522.2000       4.02137065E-02       4.02281512E-02       4.02074629E-02
   522.3000       4.02138380E-02       4.02282856E-02       4.02070612E-02
   522.4000       4.02139696E-02       4.02284535E-02       4.02066579E-02
   522.5000       4.02141014E-02       4.02285926E-02       4.02062529E-02
   522.6000       4.02142335E-02       4.02287024E-02       4.02058464E-02
   522.7000       4.02143657E-02       4.02288807E-02       4.02054381E-02
   522.8000       4.02144982E-02       4.02290352E-02       4.02050283E-02
   522.9000       4.02146308E-02       4.02291590E-02       4.02046168E-02
   523.0000       4.02147637E-02       4.02293300E-02       4.02042036E-02
   523.1000       4.02148968E-02       4.02294701E-02       4.02037887E-02
   523.2000       4.02150301E-02       4.02296163E-02       4.02033722E-02
   523.3000       4.02151636E-02       4.02297621E-02       4.02029541E-02
   523.4000       4.02152973E-02       4.02298995E-02       4.02025343E-02
   523.5000       4.02154313E-02       4.02300735E-02       4.02021128E-02
   523.6000       4.02155654E-02       4.02302152E-02       4.02016896E-02
   523.7000       4.02156997E-02       4.02303572E-02       4.02012648E-02
   523.8000       4.02158343E-02       4.02304896E-02       4.02008383E-02
   523.9000       4.02159690E-02       4.02306707E-02       4.02004100E-02
   524.0000       4.02161040E-02       4.02307904E-02       4.01999800E-02
   524.1000       4.02162392E-02       4.02309445E-02       4.01995484E-02
   524.2000       4.02163746E-02       4.02311016E-02       4.01991151E-02
   524.3000       4.02165103E-02       4.02312438E-02       4.01986801E-02
   524.4000       4.02166461E-02       4.02314010E-02       4.01982434E-02
   524.5000       4.02167822E-02       4.02315639E-02       4.01978050E-02
   524.6000       4.02169185E-02       4.02317029E-02       4.01973648E-02
   524.7000       4.02170550E-02       4.02318402E-02       4.01969230E-02
   524.8000       4.02171918E-02       4.02320035E-02       4.01964794E-02
   524.9000       4.02173287E-02       4.02321786E-02       4.01960340E-02
   525.0000       4.02174659E-02       4.02323133E-02       4.01955867E-02
   525.1000       4.02176032E-02       4.02324768E-02       4.01951376E-02
   525.2000       4.02177408E-02       4.02325949E-02       4.01946868E-02
   525.3000       4.02178786E-02       4.02327577E-02       4.01942341E-02
   525.4000       4.02180167E-02       4.02329038E-02       4.01937797E-02
   525.5000       4.02181550E-02       4.02330651E-02       4.01933235E-02
   525.6000       4.02182935E-02       4.02332253E-02       4.01928655E-02
   525.7000       4.02184322E-02       4.02333940E-02       4.01924056E-02
   525.8000       4.02185712E-02       4.02335204E-02       4.01919439E-02
   525.9000       4.02187104E-02       4.02337097E-02       4.01914803E-02
   526.0000       4.02188498E-02       4.02338427E-02       4.01910149E-02
   526.1000       4.02189894E-02       4.02340087E-02       4.01905477E-02
   526.2000       4.02191292E-02       4.02341400E-02       4.01900786E-02
   526.3000       4.02192693E-02       4.02343073E-02       4.01896077E-02
   526.4000       4.02194096E-02       4.02344662E-02       4.01891349E-02
   526.5000       4.02195501E-02       4.02346331E-02       4.01886602E-02
   526.6000       4.02196909E-02       4.02347588E-02       4.01881838E-02
   526.7000       4.02198319E-02       4.02349418E-02       4.01877055E-02
   526.8000       4.02199731E-02       4.02350866E-02       4.01872253E-02
   526.9000       4.02201146E-02       4.02352775E-02       4.01867433E-02
   527.0000       4.02202563E-02       4.02354160E-02       4.01862594E-02
   527.1000       4.02203982E-02       4.02355650E-02       4.01857736E-02
   527.2000       4.02205403E-02       4.02357087E-02       4.01852858E-02
   527.3000       4.02206826E-02       4.02358982E-02       4.01847962E-02
   527.4000       4.02208252E-02       4.02360445E-02       4.01843048E-02
   527.5000       4.02209681E-02       4.02361964E-02       4.01838114E-02
   527.6000       4.02211111E-02       4.02363518E-02       4.01833161E-02
   527.7000       4.02212544E-02       4.02365320E-02       4.01828189E-02
   527.8000       4.02213979E-02       4.02366874E-02       4.01823197E-02
   527.9000       4.02215417E-02       4.02368374E-02       4.01818186E-02
   528.0000       4.02216857E-02       4.02369818E-02       4.01813155E-02
   528.1000       4.02218299E-02       4.02371318E-02       4.01808105E-02
   528.2000       4.02219744E-02       4.02373211E-02       4.01803035E-02
   528.3000       4.02221191E-02       4.02374812E-02       4.01797945E-02
   528.4000       4.02222641E-02       4.02376536E-02       4.01792834E-02
   528.5000       4.02224092E-02       4.02378186E-02       4.01787703E-02
   528.6000       4.02225547E-02       4.02379603E-02       4.01782551E-02
   528.7000       4.02227003E-02       4.02381246E-02       4.01777379E-02
   528.8000       4.02228463E-02       4.02383026E-02       4.01772187E-02
   528.9000       4.02229924E-02       4.02384495E-02       4.01766974E-02
   529.0000       4.02231388E-02       4.02386021E-02       4.01761741E-02
   529.1000       4.02232855E-02       4.02387929E-02       4.01756488E-02
   529.2000       4.02234323E-02       4.02389254E-02       4.01751214E-02
   529.3000       4.02235794E-02       4.02391147E-02       4.01745920E-02
   529.4000       4.02237268E-02       4.02392734E-02       4.01740604E-02
   529.5000       4.02238744E-02       4.02394668E-02       4.01735269E-02
   529.6000       4.02240222E-02       4.02396069E-02       4.01729912E-02
   529.7000       4.02241703E-02       4.02397730E-02       4.01724536E-02
   529.8000       4.02243186E-02       4.02399400E-02       4.01719137E-02
   529.9000       4.02244672E-02       4.02401173E-02       4.01713718E-02
   530.0000       4.02246160E-02       4.02402424E-02       4.01708277E-02
   530.1000       4.02247651E-02       4.02404338E-02       4.01702815E-02
   530.2000       4.02249144E-02       4.02406066E-02       4.01697331E-02
   530.3000       4.02250640E-02       4.02407448E-02       4.01691826E-02
   530.4000       4.02252138E-02       4.02409500E-02       4.01686300E-02
   530.5000       4.02253638E-02       4.02411033E-02       4.01680753E-02
   530.6000       4.02255141E-02       4.02412495E-02       4.01675184E-02
   530.7000       4.02256647E-02       4.02414527E-02       4.01669594E-02
   530.8000       4.02258155E-02       4.02416183E-02       4.01663982E-02
   530.9000       4.02259666E-02       4.02417764E-02       4.01658348E-02
   531.0000       4.02261179E-02       4.02419580E-02       4.01652692E-02
   531.1000       4.02262695E-02       4.02421139E-02       4.01647013E-02
   531.2000       4.02264213E-02       4.02422680E-02       4.01641312E-02
   531.3000       4.02265734E-02       4.02424587E-02       4.01635588E-02
   531.4000       4.02267258E-02       4.02426222E-02       4.01629842E-02
   531.5000       4.02268784E-02       4.02428002E-02       4.01624074E-02
   531.6000       4.02270312E-02       4.02429625E-02       4.01618283E-02
   531.7000       4.02271843E-02       4.02431294E-02       4.01612470E-02
   531.8000       4.02273377E-02       4.02433098E-02       4.01606633E-02
   531.9000       4.02274913E-02       4.02434740E-02       4.01600774E-02
   532.0000       4.02276452E-02       4.02436556E-02       4.01594892E-02
   532.1000       4.02277993E-02       4.02438402E-02       4.01588987E-02
   532.2000       4.02279537E-02       4.02439890E-02       4.01583059E-02
   532.3000       4.02281084E-02       4.02441713E-02       4.01577108E-02
   532.4000       4.02282633E-02       4.02443414E-02       4.01571134E-02
   532.5000       4.02284184E-02       4.02445138E-02       4.01565137E-02
   532.6000       4.02285738E-02       4.02447098E-02       4.01559117E-02
   532.7000       4.02287295E-02       4.02448641E-02       4.01553073E-02
   532.8000       4.02288854E-02       4.02450467E-02       4.01547007E-02
   532.9000       4.02290415E-02       4.02452190E-02       4.01540917E-02
   533.0000       4.02291979E-02       4.02454032E-02       4.01534803E-02
   533.1000       4.02293546E-02       4.02455553E-02       4.01528666E-02
   533.2000       4.02295115E-02       4.02457633E-02       4.01522505E-02
   533.3000       4.02296687E-02       4.02459331E-02       4.01516319E-02
   533.4000       4.02298261E-02       4.02461019E-02       4.01510110E-02
   533.5000       4.02299838E-02       4.02462810E-02       4.01503877E-02
   533.6000       4.02301418E-02       4.02464350E-02       4.01497619E-02
   533.7000       4.02303000E-02       4.02466386E-02       4.01491337E-02
   533.8000       4.02304585E-02       4.02468156E-02       4.01485031E-02
   533.9000       4.02306173E-02       4.02469832E-02       4.01478701E-02
   534.0000       4.02307764E-02       4.02471760E-02       4.01472347E-02
   534.1000       4.02309357E-02       4.02473326E-02       4.01465968E-02
   534.2000       4.02310953E-02       4.02475209E-02       4.01459564E-02
   534.3000       4.02312551E-02       4.02476901E-02       4.01453135E-02
   534.4000       4.02314152E-02       4.02478821E-02       4.01446682E-02
   534.5000       4.02315756E-02       4.02480521E-02       4.01440203E-02
   534.6000       4.02317363E-02       4.02482549E-02       4.01433699E-02
   534.7000       4.02318973E-02       4.02484199E-02       4.01427169E-02
   534.8000       4.02320586E-02       4.02485933E-02       4.01420614E-02
   534.9000       4.02322201E-02       4.02487805E-02       4.01414034E-02
   535.0000       4.02323819E-02       4.02489689E-02       4.01407427E-02
   535.1000       4.02325440E-02       4.02491526E-02       4.01400795E-02
   535.2000       4.02327064E-02       4.02493159E-02       4.01394136E-02
   535.3000       4.02328690E-02       4.02495121E-02       4.01387452E-02
   535.4000       4.02330319E-02       4.02496578E-02       4.01380741E-02
   535.5000       4.02331951E-02       4.02498677E-02       4.01374006E-02
   535.6000       4.02333585E-02       4.02500645E-02       4.01367244E-02
   535.7000       4.02335223E-02       4.02502702E-02       4.01360456E-02
   535.8000       4.02336864E-02       4.02504229E-02       4.01353641E-02
   535.9000       4.02338507E-02       4.02506197E-02       4.01346801E-02
   536.0000       4.02340153E-02       4.02507851E-02       4.01339934E-02
   536.1000       4.02341803E-02       4.02510099E-02       4.01333040E-02
   536.2000       4.02343455E-02       4.02511472E-02       4.01326119E-02
   536.3000       4.02345109E-02       4.02513636E-02       4.01319171E-02
   536.4000       4.02346767E-02       4.02515313E-02       4.01312196E-02
   536.5000       4.02348428E-02       4.02517212E-02       4.01305194E-02
   536.6000       4.02350091E-02       4.02519242E-02       4.01298165E-02
   536.7000       4.02351757E-02       4.02521217E-02       4.01291109E-02
   536.8000       4.02353427E-02       4.02523041E-02       4.01284026E-02
   536.9000       4.02355099E-02       4.02525008E-02       4.01276916E-02
   537.0000       4.02356774E-02       4.02526796E-02       4.01269779E-02
   537.1000       4.02358452E-02       4.02528756E-02       4.01262614E-02
   537.2000       4.02360133E-02       4.02530569E-02       4.01255422E-02
   537.3000       4.02361817E-02       4.02532258E-02       4.01248202E-02
   537.4000       4.02363504E-02       4.02534325E-02       4.01240954E-02
   537.5000       4.02365194E-02       4.02536217E-02       4.01233679E-02
   537.6000       4.02366887E-02       4.02537984E-02       4.01226374E-02
   537.7000       4.02368583E-02       4.02540106E-02       4.01219041E-02
   537.8000       4.02370281E-02       4.02542011E-02       4.01211680E-02
   537.9000       4.02371983E-02       4.02543908E-02       4.01204290E-02
   538.0000       4.02373688E-02       4.02545820E-02       4.01196873E-02
   538.1000       4.02375395E-02       4.02547784E-02       4.01189426E-02
   538.2000       4.02377106E-02       4.02549704E-02       4.01181950E-02
   538.3000       4.02378820E-02       4.02551743E-02       4.01174445E-02
   538.4000       4.02380537E-02       4.02553591E-02       4.01166911E-02
   538.5000       4.02382257E-02       4.02555427E-02       4.01159350E-02
   538.6000       4.02383980E-02       4.02557597E-02       4.01151760E-02
   538.7000       4.02385706E-02       4.02559316E-02       4.01144142E-02
   538.8000       4.02387435E-02       4.02561273E-02       4.01136494E-02
   538.9000       4.02389166E-02       4.02563136E-02       4.01128817E-02
   539.0000       4.02390901E-02       4.02565266E-02       4.01121111E-02
   539.1000       4.02392639E-02       4.02567234E-02       4.01113375E-02
   539.2000       4.02394380E-02       4.02569069E-02       4.01105610E-02
   539.3000       4.02396123E-02       4.02571099E-02       4.01097814E-02
   539.4000       4.02397870E-02       4.02573369E-02       4.01089989E-02
   539.5000       4.02399620E-02       4.02575083E-02       4.01082135E-02
   539.6000       4.02401373E-02       4.02577083E-02       4.01074251E-02
   539.7000       4.02403129E-02       4.02579144E-02       4.01066337E-02
   539.8000       4.02404888E-02       4.02580908E-02       4.01058394E-02
   539.9000       4.02406650E-02       4.02583018E-02       4.01050421E-02
   540.0000       4.02408415E-02       4.02584918E-02       4.01042418E-02
   540.1000       4.02410183E-02       4.02587092E-02       4.01034385E-02
   540.2000       4.02411954E-02       4.02589033E-02       4.01026321E-02
   540.3000       4.02413729E-02       4.02591155E-02       4.01018227E-02
   540.4000       4.02415507E-02       4.02593095E-02       4.01010103E-02
   540.5000       4.02417287E-02       4.02595094E-02       4.01001948E-02
   540.6000       4.02419071E-02       4.02597140E-02       4.00993761E-02
   540.7000       4.02420858E-02       4.02599081E-02       4.00985545E-02
   540.8000       4.02422648E-02       4.02601109E-02       4.00977296E-02
   540.9000       4.02424442E-02       4.02603098E-02       4.00969018E-02
   541.0000       4.02426238E-02       4.02605260E-02       4.00960709E-02
   541.1000       4.02428037E-02       4.02607387E-02       4.00952368E-02
   541.2000       4.02429840E-02       4.02609379E-02       4.00943994E-02
   541.3000       4.02431645E-02       4.02611363E-02       4.00935589E-02
   541.4000       4.02433454E-02       4.02613191E-02       4.00927152E-02
   541.5000       4.02435266E-02       4.02615465E-02       4.00918682E-02
   541.6000       4.02437081E-02       4.02617506E-02       4.00910180E-02
   541.7000       4.02438899E-02       4.02619608E-02       4.00901646E-02
   541.8000       4.02440720E-02       4.02621732E-02       4.00893080E-02
   541.9000       4.02442545E-02       4.02623773E-02       4.00884481E-02
   542.0000       4.02444372E-02       4.02625787E-02       4.00875850E-02
   542.1000       4.02446202E-02       4.02627859E-02       4.00867187E-02
   542.2000       4.02448036E-02       4.02630046E-02       4.00858492E-02
   542.3000       4.02449872E-02       4.02632040E-02       4.00849763E-02
   542.4000       4.02451712E-02       4.02634067E-02       4.00841002E-02
   542.5000       4.02453555E-02       4.02636237E-02       4.00832207E-02
   542.6000       4.02455401E-02       4.02638453E-02       4.00823379E-02
   542.7000       4.02457250E-02       4.02640351E-02       4.00814517E-02
   542.8000       4.02459103E-02       4.02642697E-02       4.00805621E-02
   542.9000       4.02460958E-02       4.02644674E-02       4.00796691E-02
   543.0000       4.02462817E-02       4.02646680E-02       4.00787728E-02
   543.1000       4.02464679E-02       4.02648735E-02       4.00778731E-02
   543.2000       4.02466544E-02       4.02650922E-02       4.00769702E-02
   543.3000       4.02468413E-02       4.02653147E-02       4.00760640E-02
   543.4000       4.02470285E-02       4.02655246E-02       4.00751544E-02
   543.5000       4.02472160E-02       4.02657389E-02       4.00742414E-02
   543.6000       4.02474038E-02       4.02659707E-02       4.00733249E-02
   543.7000       4.02475919E-02       4.02661833E-02       4.00724051E-02
   543.8000       4.02477803E-02       4.02663739E-02       4.00714818E-02
   543.9000       4.02479691E-02       4.02665730E-02       4.00705550E-02
   544.0000       4.02481582E-02       4.02668110E-02       4.00696247E-02
   544.1000       4.02483476E-02       4.02670329E-02       4.00686908E-02
   544.2000       4.02485374E-02       4.02672406E-02       4.00677535E-02
   544.3000       4.02487275E-02       4.02674627E-02       4.00668127E-02
   544.4000       4.02489178E-02       4.02676662E-02       4.00658684E-02
   544.5000       4.02491086E-02       4.02679038E-02       4.00649206E-02
   544.6000       4.02492996E-02       4.02681334E-02       4.00639692E-02
   544.7000       4.02494910E-02       4.02683596E-02       4.00630144E-02
   544.8000       4.02496828E-02       4.02685551E-02       4.00620560E-02
   544.9000       4.02498748E-02       4.02687776E-02       4.00610939E-02
   545.0000       4.02500672E-02       4.02689968E-02       4.00601283E-02
   545.1000       4.02502599E-02       4.02692263E-02       4.00591590E-02
   545.2000       4.02504530E-02       4.02694480E-02       4.00581862E-02
   545.3000       4.02506463E-02       4.02696457E-02       4.00572098E-02
   545.4000       4.02508401E-02       4.02698715E-02       4.00562299E-02
   545.5000       4.02510341E-02       4.02700863E-02       4.00552463E-02
   545.6000       4.02512285E-02       4.02703309E-02       4.00542591E-02
   545.7000       4.02514232E-02       4.02705466E-02       4.00532683E-02
   545.8000       4.02516183E-02       4.02707440E-02       4.00522739E-02
   545.9000       4.02518137E-02       4.02710035E-02       4.00512759E-02
   546.0000       4.02520093E-02       4.02712094E-02       4.00502741E-02
   546.1000       4.02522054E-02       4.02714465E-02       4.00492686E-02
   546.2000       4.02524017E-02       4.02716699E-02       4.00482595E-02
   546.3000       4.02525984E-02       4.02719136E-02       4.00472466E-02
   546.4000       4.02527955E-02       4.02721143E-02       4.00462300E-02
   546.5000       4.02529928E-02       4.02723461E-02       4.00452097E-02
   546.6000       4.02531905E-02       4.02725730E-02       4.00441857E-02
   546.7000       4.02533886E-02       4.02728143E-02       4.00431579E-02
   546.8000       4.02535869E-02       4.02730356E-02       4.00421263E-02
   546.9000       4.02537856E-02       4.02732611E-02       4.00410909E-02
   547.0000       4.02539846E-02       4.02734863E-02       4.00400516E-02
   547.1000       4.02541839E-02       4.02737309E-02       4.00390084E-02
   547.2000       4.02543836E-02       4.02739211E-02       4.00379614E-02
   547.3000       4.02545836E-02       4.02741555E-02       4.00369106E-02
   547.4000       4.02547840E-02       4.02744005E-02       4.00358560E-02
   547.5000       4.02549846E-02       4.02746281E-02       4.00347973E-02
   547.6000       4.02551857E-02       4.02748558E-02       4.00337347E-02
   547.7000       4.02553870E-02       4.02751076E-02       4.00326682E-02
   547.8000       4.02555887E-02       4.02753106E-02       4.00315979E-02
   547.9000       4.02557908E-02       4.02755491E-02       4.00305236E-02
   548.0000       4.02559931E-02       4.02757791E-02       4.00294453E-02
   548.1000       4.02561959E-02       4.02760103E-02       4.00283630E-02
   548.2000       4.02563989E-02       4.02762471E-02       4.00272768E-02
   548.3000       4.02566023E-02       4.02764832E-02       4.00261866E-02
   548.4000       4.02568060E-02       4.02767096E-02       4.00250922E-02
   548.5000       4.02570101E-02       4.02769570E-02       4.00239938E-02
   548.6000       4.02572145E-02       4.02771681E-02       4.00228914E-02
   548.7000       4.02574193E-02       4.02774486E-02       4.00217848E-02
   548.8000       4.02576244E-02       4.02776557E-02       4.00206743E-02
   548.9000       4.02578298E-02       4.02779107E-02       4.00195597E-02
   549.0000       4.02580356E-02       4.02781234E-02       4.00184410E-02
   549.1000       4.02582417E-02       4.02783755E-02       4.00173181E-02
   549.2000       4.02584482E-02       4.02786151E-02       4.00161913E-02
   549.3000       4.02586550E-02       4.02788606E-02       4.00150603E-02
   549.4000       4.02588621E-02       4.02790828E-02       4.00139251E-02
   549.5000       4.02590696E-02       4.02793199E-02       4.00127857E-02
   549.6000       4.02592774E-02       4.02795895E-02       4.00116422E-02
   549.7000       4.02594856E-02       4.02797874E-02       4.00104946E-02
   549.8000       4.02596941E-02       4.02800505E-02       4.00093427E-02
   549.9000       4.02599030E-02       4.02802928E-02       4.00081867E-02
   550.0000       4.02601122E-02       4.02805239E-02       4.00070264E-02
   550.1000       4.02603218E-02       4.02807778E-02       4.00058619E-02
   550.2000       4.02605317E-02       4.02810160E-02       4.00046931E-02
   550.3000       4.02607420E-02       4.02812554E-02       4.00035201E-02
   550.4000       4.02609526E-02       4.02814850E-02       4.00023428E-02
   550.5000       4.02611636E-02       4.02817283E-02       4.00011611E-02
   550.6000       4.02613750E-02       4.02819755E-02       3.99999751E-02
   550.7000       4.02615867E-02       4.02822357E-02       3.99987849E-02
   550.8000       4.02617988E-02       4.02824398E-02       3.99975904E-02
   550.9000       4.02620113E-02       4.02827420E-02       3.99963916E-02
   551.0000       4.02622241E-02       4.02829601E-02       3.99951885E-02
   551.1000       4.02624373E-02       4.02832089E-02       3.99939811E-02
   551.2000       4.02626508E-02       4.02834500E-02       3.99927694E-02
   551.3000       4.02628648E-02       4.02837110E-02       3.99915532E-02
   551.4000       4.02630791E-02       4.02839322E-02       3.99903326E-02
   551.5000       4.02632937E-02       4.02841963E-02       3.99891077E-02
   551.6000       4.02635088E-02       4.02844578E-02       3.99878784E-02
   551.7000       4.02637241E-02       4.02847111E-02       3.99866447E-02
   551.8000       4.02639399E-02       4.02849379E-02       3.99854064E-02
   551.9000       4.02641560E-02       4.02852049E-02       3.99841638E-02
   552.0000       4.02643725E-02       4.02854546E-02       3.99829168E-02
   552.1000       4.02645893E-02       4.02856979E-02       3.99816651E-02
   552.2000       4.02648066E-02       4.02859639E-02       3.99804090E-02
   552.3000       4.02650242E-02       4.02862024E-02       3.99791482E-02
   552.4000       4.02652422E-02       4.02864523E-02       3.99778830E-02
   552.5000       4.02654606E-02       4.02867114E-02       3.99766132E-02
   552.6000       4.02656793E-02       4.02869646E-02       3.99753388E-02
   552.7000       4.02658984E-02       4.02872009E-02       3.99740599E-02
   552.8000       4.02661178E-02       4.02874839E-02       3.99727765E-02
   552.9000       4.02663377E-02       4.02877159E-02       3.99714885E-02
   553.0000       4.02665579E-02       4.02879660E-02       3.99701958E-02
   553.1000       4.02667785E-02       4.02882466E-02       3.99688985E-02
   553.2000       4.02669995E-02       4.02885071E-02       3.99675966E-02
   553.3000       4.02672209E-02       4.02887382E-02       3.99662901E-02
   553.4000       4.02674427E-02       4.02890092E-02       3.99649790E-02
   553.5000       4.02676648E-02       4.02892746E-02       3.99636633E-02
   553.6000       4.02678874E-02       4.02895293E-02       3.99623430E-02
   553.7000       4.02681102E-02       4.02897745E-02       3.99610179E-02
   553.8000       4.02683335E-02       4.02900509E-02       3.99596882E-02
   553.9000       4.02685572E-02       4.02902874E-02       3.99583538E-02
   554.0000       4.02687812E-02       4.02905541E-02       3.99570146E-02
   554.1000       4.02690056E-02       4.02908113E-02       3.99556707E-02
   554.2000       4.02692304E-02       4.02910894E-02       3.99543221E-02
   554.3000       4.02694556E-02       4.02913280E-02       3.99529687E-02
   554.4000       4.02696812E-02       4.02916273E-02       3.99516106E-02
   554.5000       4.02699071E-02       4.02918672E-02       3.99502478E-02
   554.6000       4.02701334E-02       4.02921266E-02       3.99488803E-02
   554.7000       4.02703601E-02       4.02923976E-02       3.99475079E-02
   554.8000       4.02705872E-02       4.02926608E-02       3.99461307E-02
   554.9000       4.02708146E-02       4.02929355E-02       3.99447488E-02
   555.0000       4.02710425E-02       4.02932197E-02       3.99433619E-02
   555.1000       4.02712707E-02       4.02934610E-02       3.99419701E-02
   555.2000       4.02714992E-02       4.02937287E-02       3.99405735E-02
   555.3000       4.02717282E-02       4.02939816E-02       3.99391720E-02
   555.4000       4.02719576E-02       4.02942623E-02       3.99377657E-02
   555.5000       4.02721873E-02       4.02945180E-02       3.99363544E-02
   555.6000       4.02724175E-02       4.02948016E-02       3.99349383E-02
   555.7000       4.02726480E-02       4.02950720E-02       3.99335172E-02
   555.8000       4.02728789E-02       4.02953284E-02       3.99320912E-02
   555.9000       4.02731102E-02       4.02955948E-02       3.99306603E-02
   556.0000       4.02733419E-02       4.02958725E-02       3.99292243E-02
   556.1000       4.02735739E-02       4.02961600E-02       3.99277833E-02
   556.2000       4.02738063E-02       4.02964153E-02       3.99263374E-02
   556.3000       4.02740391E-02       4.02967030E-02       3.99248865E-02
   556.4000       4.02742723E-02       4.02969596E-02       3.99234305E-02
   556.5000       4.02745059E-02       4.02972443E-02       3.99219696E-02
   556.6000       4.02747399E-02       4.02975154E-02       3.99205037E-02
   556.7000       4.02749742E-02       4.02978055E-02       3.99190327E-02
   556.8000       4.02752090E-02       4.02980645E-02       3.99175567E-02
   556.9000       4.02754441E-02       4.02983325E-02       3.99160755E-02
   557.0000       4.02756796E-02       4.02985960E-02       3.99145893E-02
   557.1000       4.02759155E-02       4.02988768E-02       3.99130980E-02
   557.2000       4.02761518E-02       4.02991653E-02       3.99116017E-02
   557.3000       4.02763885E-02       4.02994323E-02       3.99101003E-02
   557.4000       4.02766255E-02       4.02997150E-02       3.99085938E-02
   557.5000       4.02768629E-02       4.02999842E-02       3.99070822E-02
   557.6000       4.02771008E-02       4.03002814E-02       3.99055653E-02
   557.7000       4.02773389E-02       4.03005616E-02       3.99040433E-02
   557.8000       4.02775775E-02       4.03008172E-02       3.99025160E-02
   557.9000       4.02778164E-02       4.03011087E-02       3.99009836E-02
   558.0000       4.02780557E-02       4.03013827E-02       3.98994460E-02
   558.1000       4.02782954E-02       4.03016899E-02       3.98979031E-02
   558.2000       4.02785355E-02       4.03019762E-02       3.98963550E-02
   558.3000       4.02787760E-02       4.03022255E-02       3.98948016E-02
   558.4000       4.02790168E-02       4.03025164E-02       3.98932430E-02
   558.5000       4.02792580E-02       4.03028000E-02       3.98916791E-02
   558.6000       4.02794996E-02       4.03030933E-02       3.98901098E-02
   558.7000       4.02797416E-02       4.03033684E-02       3.98885353E-02
   558.8000       4.02799839E-02       4.03036742E-02       3.98869553E-02
   558.9000       4.02802267E-02       4.03039306E-02       3.98853699E-02
   559.0000       4.02804698E-02       4.03042194E-02       3.98837792E-02
   559.1000       4.02807133E-02       4.03045201E-02       3.98821831E-02
   559.2000       4.02809572E-02       4.03047944E-02       3.98805816E-02
   559.3000       4.02812015E-02       4.03050819E-02       3.98789748E-02
   559.4000       4.02814461E-02       4.03053589E-02       3.98773625E-02
   559.5000       4.02816911E-02       4.03056585E-02       3.98757447E-02
   559.6000       4.02819365E-02       4.03059585E-02       3.98741215E-02
   559.7000       4.02821823E-02       4.03062348E-02       3.98724928E-02
   559.8000       4.02824284E-02       4.03065375E-02       3.98708586E-02
   559.9000       4.02826749E-02       4.03068288E-02       3.98692189E-02
   560.0000       4.02829218E-02       4.03071097E-02       3.98675738E-02
   560.1000       4.02831691E-02       4.03074053E-02       3.98659230E-02
   560.2000       4.02834167E-02       4.03076881E-02       3.98642668E-02
   560.3000       4.02836648E-02       4.03079776E-02       3.98626050E-02
   560.4000       4.02839132E-02       4.03082770E-02       3.98609377E-02
   560.5000       4.02841620E-02       4.03085717E-02       3.98592649E-02
   560.6000       4.02844111E-02       4.03088640E-02       3.98575865E-02
   560.7000       4.02846607E-02       4.03091621E-02       3.98559025E-02
   560.8000       4.02849106E-02       4.03094762E-02       3.98542129E-02
   560.9000       4.02851609E-02       4.03097538E-02       3.98525178E-02
   561.0000       4.02854116E-02       4.03100405E-02       3.98508169E-02
   561.1000       4.02856627E-02       4.03103367E-02       3.98491103E-02
   561.2000       4.02859141E-02       4.03106324E-02       3.98473981E-02
   561.3000       4.02861660E-02       4.03109513E-02       3.98456803E-02
   561.4000       4.02864182E-02       4.03112189E-02       3.98439568E-02
   561.5000       4.02866707E-02       4.03115326E-02       3.98422274E-02
   561.6000       4.02869237E-02       4.03118129E-02       3.98404924E-02
   561.7000       4.02871770E-02       4.03121260E-02       3.98387517E-02
   561.8000       4.02874307E-02       4.03124339E-02       3.98370052E-02
   561.9000       4.02876847E-02       4.03127260E-02       3.98352528E-02
   562.0000       4.02879392E-02       4.03130275E-02       3.98334947E-02
   562.1000       4.02881940E-02       4.03133514E-02       3.98317307E-02
   562.2000       4.02884492E-02       4.03136468E-02       3.98299609E-02
   562.3000       4.02887048E-02       4.03139546E-02       3.98281853E-02
   562.4000       4.02889608E-02       4.03142346E-02       3.98264039E-02
   562.5000       4.02892171E-02       4.03145425E-02       3.98246167E-02
   562.6000       4.02894738E-02       4.03148400E-02       3.98228237E-02
   562.7000       4.02897309E-02       4.03151498E-02       3.98210247E-02
   562.8000       4.02899883E-02       4.03154579E-02       3.98192198E-02
   562.9000       4.02902462E-02       4.03157810E-02       3.98174090E-02
   563.0000       4.02905044E-02       4.03160799E-02       3.98155922E-02
   563.1000       4.02907630E-02       4.03163947E-02       3.98137695E-02
   563.2000       4.02910219E-02       4.03166898E-02       3.98119409E-02
   563.3000       4.02912813E-02       4.03169988E-02       3.98101064E-02
   563.4000       4.02915410E-02       4.03173224E-02       3.98082660E-02
   563.5000       4.02918011E-02       4.03176269E-02       3.98064195E-02
   563.6000       4.02920615E-02       4.03179410E-02       3.98045671E-02
   563.7000       4.02923224E-02       4.03182360E-02       3.98027087E-02
   563.8000       4.02925837E-02       4.03185399E-02       3.98008442E-02
   563.9000       4.02928453E-02       4.03188647E-02       3.97989736E-02
   564.0000       4.02931073E-02       4.03191754E-02       3.97970967E-02
   564.1000       4.02933697E-02       4.03194902E-02       3.97952139E-02
   564.2000       4.02936324E-02       4.03198014E-02       3.97933249E-02
   564.3000       4.02938955E-02       4.03201100E-02       3.97914299E-02
   564.4000       4.02941590E-02       4.03204145E-02       3.97895288E-02
   564.5000       4.02944229E-02       4.03207276E-02       3.97876215E-02
   564.6000       4.02946872E-02       4.03210418E-02       3.97857080E-02
   564.7000       4.02949519E-02       4.03213950E-02       3.97837884E-02
   564.8000       4.02952169E-02       4.03217048E-02       3.97818626E-02
   564.9000       4.02954823E-02       4.03219880E-02       3.97799307E-02
   565.0000       4.02957481E-02       4.03223071E-02       3.97779925E-02
   565.1000       4.02960143E-02       4.03226249E-02       3.97760483E-02
   565.2000       4.02962809E-02       4.03229613E-02       3.97740979E-02
   565.3000       4.02965479E-02       4.03232849E-02       3.97721412E-02
   565.4000       4.02968153E-02       4.03235951E-02       3.97701781E-02
   565.5000       4.02970830E-02       4.03239085E-02       3.97682087E-02
   565.6000       4.02973511E-02       4.03242284E-02       3.97662330E-02
   565.7000       4.02976196E-02       4.03245435E-02       3.97642511E-02
   565.8000       4.02978885E-02       4.03248777E-02       3.97622628E-02
   565.9000       4.02981577E-02       4.03251964E-02       3.97602682E-02
   566.0000       4.02984273E-02       4.03255373E-02       3.97582671E-02
   566.1000       4.02986973E-02       4.03258472E-02       3.97562596E-02
   566.2000       4.02989677E-02       4.03261841E-02       3.97542457E-02
   566.3000       4.02992385E-02       4.03264943E-02       3.97522255E-02
   566.4000       4.02995096E-02       4.03268115E-02       3.97501987E-02
   566.5000       4.02997812E-02       4.03271343E-02       3.97481656E-02
   566.6000       4.03000531E-02       4.03274820E-02       3.97461260E-02
   566.7000       4.03003254E-02       4.03277926E-02       3.97440798E-02
   566.8000       4.03005981E-02       4.03281264E-02       3.97420273E-02
   566.9000       4.03008712E-02       4.03284691E-02       3.97399683E-02
   567.0000       4.03011446E-02       4.03287807E-02       3.97379028E-02
   567.1000       4.03014184E-02       4.03291095E-02       3.97358308E-02
   567.2000       4.03016926E-02       4.03294422E-02       3.97337523E-02
   567.3000       4.03019672E-02       4.03297733E-02       3.97316673E-02
   567.4000       4.03022421E-02       4.03300976E-02       3.97295759E-02
   567.5000       4.03025174E-02       4.03304327E-02       3.97274781E-02
   567.6000       4.03027931E-02       4.03307388E-02       3.97253737E-02
   567.7000       4.03030692E-02       4.03310819E-02       3.97232629E-02
   567.8000       4.03033457E-02       4.03314523E-02       3.97211454E-02
   567.9000       4.03036225E-02       4.03317630E-02       3.97190212E-02
   568.0000       4.03038997E-02       4.03321019E-02       3.97168904E-02
   568.1000       4.03041773E-02       4.03324345E-02       3.97147530E-02
   568.2000       4.03044552E-02       4.03327574E-02       3.97126088E-02
   568.3000       4.03047336E-02       4.03330972E-02       3.97104578E-02
   568.4000       4.03050123E-02       4.03334447E-02       3.97083002E-02
   568.5000       4.03052914E-02       4.03337671E-02       3.97061359E-02
   568.6000       4.03055708E-02       4.03341293E-02       3.97039649E-02
   568.7000       4.03058507E-02       4.03344598E-02       3.97017871E-02
   568.8000       4.03061309E-02       4.03347869E-02       3.96996025E-02
   568.9000       4.03064115E-02       4.03351050E-02       3.96974112E-02
   569.0000       4.03066925E-02       4.03354743E-02       3.96952131E-02
   569.1000       4.03069738E-02       4.03358020E-02       3.96930080E-02
   569.2000       4.03072555E-02       4.03361590E-02       3.96907961E-02
   569.3000       4.03075376E-02       4.03364905E-02       3.96885774E-02
   569.4000       4.03078201E-02       4.03368228E-02       3.96863519E-02
   569.5000       4.03081029E-02       4.03371614E-02       3.96841195E-02
   569.6000       4.03083862E-02       4.03375110E-02       3.96818803E-02
   569.7000       4.03086697E-02       4.03378552E-02       3.96796344E-02
   569.8000       4.03089537E-02       4.03382072E-02       3.96773815E-02
   569.9000       4.03092380E-02       4.03385634E-02       3.96751216E-02
   570.0000       4.03095228E-02       4.03388950E-02       3.96728547E-02
   570.1000       4.03098079E-02       4.03392335E-02       3.96705808E-02
   570.2000       4.03100934E-02       4.03395952E-02       3.96682999E-02
   570.3000       4.03103792E-02       4.03399365E-02       3.96660121E-02
   570.4000       4.03106655E-02       4.03402813E-02       3.96637172E-02
   570.5000       4.03109521E-02       4.03406344E-02       3.96614154E-02
   570.6000       4.03112391E-02       4.03409851E-02       3.96591065E-02
   570.7000       4.03115265E-02       4.03413387E-02       3.96567905E-02
   570.8000       4.03118142E-02       4.03416807E-02       3.96544674E-02
   570.9000       4.03121024E-02       4.03420108E-02       3.96521372E-02
   571.0000       4.03123909E-02       4.03423647E-02       3.96497998E-02
   571.1000       4.03126798E-02       4.03427072E-02       3.96474552E-02
   571.2000       4.03129691E-02       4.03430740E-02       3.96451032E-02
   571.3000       4.03132588E-02       4.03434184E-02       3.96427440E-02
   571.4000       4.03135488E-02       4.03437791E-02       3.96403775E-02
   571.5000       4.03138393E-02       4.03441391E-02       3.96380040E-02
   571.6000       4.03141301E-02       4.03444935E-02       3.96356232E-02
   571.7000       4.03144214E-02       4.03448263E-02       3.96332351E-02
   571.8000       4.03147130E-02       4.03451872E-02       3.96308396E-02
   571.9000       4.03150050E-02       4.03455381E-02       3.96284369E-02
   572.0000       4.03152975E-02       4.03458986E-02       3.96260269E-02
   572.1000       4.03155903E-02       4.03462758E-02       3.96236095E-02
   572.2000       4.03158835E-02       4.03466437E-02       3.96211845E-02
   572.3000       4.03161770E-02       4.03469726E-02       3.96187523E-02
   572.4000       4.03164710E-02       4.03473472E-02       3.96163127E-02
   572.5000       4.03167653E-02       4.03476930E-02       3.96138657E-02
   572.6000       4.03170600E-02       4.03480490E-02       3.96114112E-02
   572.7000       4.03173551E-02       4.03484148E-02       3.96089492E-02
   572.8000       4.03176506E-02       4.03487738E-02       3.96064796E-02
   572.9000       4.03179465E-02       4.03491365E-02       3.96040024E-02
   573.0000       4.03182427E-02       4.03495222E-02       3.96015174E-02
   573.1000       4.03185394E-02       4.03498661E-02       3.95990248E-02
   573.2000       4.03188365E-02       4.03502518E-02       3.95965246E-02
   573.3000       4.03191339E-02       4.03506005E-02       3.95940170E-02
   573.4000       4.03194318E-02       4.03509775E-02       3.95915020E-02
   573.5000       4.03197300E-02       4.03513071E-02       3.95889793E-02
   573.6000       4.03200287E-02       4.03517092E-02       3.95864489E-02
   573.7000       4.03203277E-02       4.03520593E-02       3.95839109E-02
   573.8000       4.03206272E-02       4.03524294E-02       3.95813653E-02
   573.9000       4.03209271E-02       4.03527728E-02       3.95788120E-02
   574.0000       4.03212274E-02       4.03531731E-02       3.95762510E-02
   574.1000       4.03215280E-02       4.03535320E-02       3.95736823E-02
   574.2000       4.03218291E-02       4.03539117E-02       3.95711058E-02
   574.3000       4.03221306E-02       4.03542837E-02       3.95685216E-02
   574.4000       4.03224324E-02       4.03546500E-02       3.95659295E-02
   574.5000       4.03227347E-02       4.03550242E-02       3.95633295E-02
   574.6000       4.03230373E-02       4.03553994E-02       3.95607216E-02
   574.7000       4.03233404E-02       4.03557677E-02       3.95581059E-02
   574.8000       4.03236439E-02       4.03561379E-02       3.95554825E-02
   574.9000       4.03239477E-02       4.03565046E-02       3.95528511E-02
   575.0000       4.03242519E-02       4.03568800E-02       3.95502118E-02
   575.1000       4.03245566E-02       4.03572467E-02       3.95475647E-02
   575.2000       4.03248616E-02       4.03576542E-02       3.95449097E-02
   575.3000       4.03251671E-02       4.03580396E-02       3.95422467E-02
   575.4000       4.03254729E-02       4.03583833E-02       3.95395757E-02
   575.5000       4.03257791E-02       4.03587566E-02       3.95368968E-02
   575.6000       4.03260858E-02       4.03591478E-02       3.95342098E-02
   575.7000       4.03263928E-02       4.03594935E-02       3.95315148E-02
   575.8000       4.03267003E-02       4.03599014E-02       3.95288117E-02
   575.9000       4.03270082E-02       4.03603082E-02       3.95261006E-02
   576.0000       4.03273164E-02       4.03606786E-02       3.95233814E-02
   576.1000       4.03276251E-02       4.03610398E-02       3.95206542E-02
   576.2000       4.03279342E-02       4.03614346E-02       3.95179188E-02
   576.3000       4.03282437E-02       4.03617949E-02       3.95151754E-02
   576.4000       4.03285536E-02       4.03622083E-02       3.95124240E-02
   576.5000       4.03288639E-02       4.03625686E-02       3.95096643E-02
   576.6000       4.03291747E-02       4.03629498E-02       3.95068966E-02
   576.7000       4.03294858E-02       4.03633430E-02       3.95041209E-02
   576.8000       4.03297973E-02       4.03637423E-02       3.95013371E-02
   576.9000       4.03301093E-02       4.03641330E-02       3.94985451E-02
   577.0000       4.03304216E-02       4.03644987E-02       3.94957449E-02
   577.1000       4.03307344E-02       4.03648925E-02       3.94929364E-02
   577.2000       4.03310475E-02       4.03652955E-02       3.94901198E-02
   577.3000       4.03313611E-02       4.03656923E-02       3.94872949E-02
   577.4000       4.03316751E-02       4.03660885E-02       3.94844618E-02
   577.5000       4.03319895E-02       4.03664667E-02       3.94816205E-02
   577.6000       4.03323042E-02       4.03668644E-02       3.94787708E-02
   577.7000       4.03326194E-02       4.03672251E-02       3.94759126E-02
   577.8000       4.03329351E-02       4.03676380E-02       3.94730463E-02
   577.9000       4.03332511E-02       4.03680301E-02       3.94701719E-02
   578.0000       4.03335675E-02       4.03684087E-02       3.94672892E-02
   578.1000       4.03338843E-02       4.03688216E-02       3.94643983E-02
   578.2000       4.03342015E-02       4.03691963E-02       3.94614990E-02
   578.3000       4.03345192E-02       4.03696095E-02       3.94585913E-02
   578.4000       4.03348372E-02       4.03700058E-02       3.94556753E-02
   578.5000       4.03351557E-02       4.03704009E-02       3.94527508E-02
   578.6000       4.03354745E-02       4.03708066E-02       3.94498181E-02
   578.7000       4.03357938E-02       4.03711819E-02       3.94468769E-02
   578.8000       4.03361135E-02       4.03715699E-02       3.94439274E-02
   578.9000       4.03364336E-02       4.03719750E-02       3.94409695E-02
   579.0000       4.03367541E-02       4.03723948E-02       3.94380031E-02
   579.1000       4.03370749E-02       4.03727914E-02       3.94350283E-02
   579.2000       4.03373962E-02       4.03731732E-02       3.94320450E-02
   579.3000       4.03377179E-02       4.03735803E-02       3.94290534E-02
   579.4000       4.03380401E-02       4.03739884E-02       3.94260533E-02
   579.5000       4.03383626E-02       4.03744028E-02       3.94230447E-02
   579.6000       4.03386855E-02       4.03747937E-02       3.94200275E-02
   579.7000       4.03390088E-02       4.03752010E-02       3.94170019E-02
   579.8000       4.03393326E-02       4.03756334E-02       3.94139679E-02
   579.9000       4.03396567E-02       4.03760210E-02       3.94109252E-02
   580.0000       4.03399813E-02       4.03764284E-02       3.94078739E-02
   580.1000       4.03403062E-02       4.03768328E-02       3.94048140E-02
   580.2000       4.03406316E-02       4.03772312E-02       3.94017454E-02
   580.3000       4.03409574E-02       4.03776514E-02       3.93986684E-02
   580.4000       4.03412836E-02       4.03780794E-02       3.93955828E-02
   580.5000       4.03416102E-02       4.03784783E-02       3.93924885E-02
   580.6000       4.03419372E-02       4.03788914E-02       3.93893856E-02
   580.7000       4.03422646E-02       4.03792965E-02       3.93862740E-02
   580.8000       4.03425924E-02       4.03797166E-02       3.93831537E-02
   580.9000       4.03429206E-02       4.03801314E-02       3.93800248E-02
   581.0000       4.03432493E-02       4.03805271E-02       3.93768872E-02
   581.1000       4.03435783E-02       4.03809683E-02       3.93737409E-02
   581.2000       4.03439077E-02       4.03813662E-02       3.93705861E-02
   581.3000       4.03442375E-02       4.03817880E-02       3.93674225E-02
   581.4000       4.03445677E-02       4.03822032E-02       3.93642502E-02
   581.5000       4.03448983E-02       4.03826038E-02       3.93610691E-02
   581.6000       4.03452293E-02       4.03830470E-02       3.93578793E-02
   581.7000       4.03455607E-02       4.03834601E-02       3.93546805E-02
   581.8000       4.03458924E-02       4.03838731E-02       3.93514729E-02
   581.9000       4.03462246E-02       4.03842678E-02       3.93482567E-02
   582.0000       4.03465571E-02       4.03846909E-02       3.93450317E-02
   582.1000       4.03468901E-02       4.03851104E-02       3.93417979E-02
   582.2000       4.03472234E-02       4.03855541E-02       3.93385553E-02
   582.3000       4.03475571E-02       4.03859526E-02       3.93353037E-02
   582.4000       4.03478913E-02       4.03863818E-02       3.93320432E-02
   582.5000       4.03482258E-02       4.03868186E-02       3.93287740E-02
   582.6000       4.03485607E-02       4.03872478E-02       3.93254959E-02
   582.7000       4.03488960E-02       4.03876589E-02       3.93222085E-02
   582.8000       4.03492317E-02       4.03880928E-02       3.93189122E-02
   582.9000       4.03495678E-02       4.03885187E-02       3.93156072E-02
   583.0000       4.03499043E-02       4.03889397E-02       3.93122935E-02
   583.1000       4.03502412E-02       4.03893767E-02       3.93089708E-02
   583.2000       4.03505784E-02       4.03897895E-02       3.93056391E-02
   583.3000       4.03509161E-02       4.03902188E-02       3.93022985E-02
   583.4000       4.03512542E-02       4.03906561E-02       3.92989488E-02
   583.5000       4.03515926E-02       4.03910848E-02       3.92955903E-02
   583.6000       4.03519314E-02       4.03915057E-02       3.92922229E-02
   583.7000       4.03522707E-02       4.03919420E-02       3.92888464E-02
   583.8000       4.03526103E-02       4.03923727E-02       3.92854610E-02
   583.9000       4.03529503E-02       4.03927961E-02       3.92820665E-02
   584.0000       4.03532907E-02       4.03932615E-02       3.92786632E-02
   584.1000       4.03536314E-02       4.03936616E-02       3.92752508E-02
   584.2000       4.03539726E-02       4.03940988E-02       3.92718296E-02
   584.3000       4.03543141E-02       4.03945494E-02       3.92683995E-02
   584.4000       4.03546561E-02       4.03949581E-02       3.92649603E-02
   584.5000       4.03549984E-02       4.03954140E-02       3.92615120E-02
   584.6000       4.03553411E-02       4.03958414E-02       3.92580546E-02
   584.7000       4.03556841E-02       4.03962950E-02       3.92545881E-02
   584.8000       4.03560276E-02       4.03967435E-02       3.92511125E-02
   584.9000       4.03563714E-02       4.03971545E-02       3.92476276E-02
   585.0000       4.03567156E-02       4.03976000E-02       3.92441338E-02
   585.1000       4.03570602E-02       4.03980562E-02       3.92406308E-02
   585.2000       4.03574051E-02       4.03984915E-02       3.92371186E-02
   585.3000       4.03577505E-02       4.03989231E-02       3.92335972E-02
   585.4000       4.03580962E-02       4.03993767E-02       3.92300667E-02
   585.5000       4.03584422E-02       4.03998072E-02       3.92265271E-02
   585.6000       4.03587887E-02       4.04002493E-02       3.92229782E-02
   585.7000       4.03591355E-02       4.04007044E-02       3.92194201E-02
   585.8000       4.03594827E-02       4.04011363E-02       3.92158526E-02
   585.9000       4.03598303E-02       4.04015940E-02       3.92122759E-02
   586.0000       4.03601783E-02       4.04020385E-02       3.92086900E-02
   586.1000       4.03605267E-02       4.04024839E-02       3.92050949E-02
   586.2000       4.03608754E-02       4.04029313E-02       3.92014904E-02
   586.3000       4.03612245E-02       4.04033816E-02       3.91978767E-02
   586.4000       4.03615740E-02       4.04038288E-02       3.91942536E-02
   586.5000       4.03619239E-02       4.04042865E-02       3.91906214E-02
   586.6000       4.03622741E-02       4.04047427E-02       3.91869801E-02
   586.7000       4.03626247E-02       4.04051850E-02       3.91833295E-02
   586.8000       4.03629757E-02       4.04056192E-02       3.91796696E-02
   586.9000       4.03633270E-02       4.04060898E-02       3.91760004E-02
   587.0000       4.03636787E-02       4.04065361E-02       3.91723218E-02
   587.1000       4.03640308E-02       4.04070052E-02       3.91686338E-02
   587.2000       4.03643833E-02       4.04074463E-02       3.91649364E-02
   587.3000       4.03647361E-02       4.04079019E-02       3.91612298E-02
   587.4000       4.03650892E-02       4.04083542E-02       3.91575138E-02
   587.5000       4.03654428E-02       4.04088126E-02       3.91537886E-02
   587.6000       4.03657967E-02       4.04092568E-02       3.91500540E-02
   587.7000       4.03661510E-02       4.04097219E-02       3.91463103E-02
   587.8000       4.03665056E-02       4.04101816E-02       3.91425571E-02
   587.9000       4.03668607E-02       4.04106353E-02       3.91387946E-02
   588.0000       4.03672160E-02       4.04110997E-02       3.91350227E-02
   588.1000       4.03675718E-02       4.04115450E-02       3.91312413E-02
   588.2000       4.03679279E-02       4.04120309E-02       3.91274504E-02
   588.3000       4.03682843E-02       4.04124995E-02       3.91236500E-02
   588.4000       4.03686411E-02       4.04129386E-02       3.91198401E-02
   588.5000       4.03689983E-02       4.04134104E-02       3.91160206E-02
   588.6000       4.03693559E-02       4.04138771E-02       3.91121915E-02
   588.7000       4.03697138E-02       4.04143230E-02       3.91083530E-02
   588.8000       4.03700720E-02       4.04147818E-02       3.91045050E-02
   588.9000       4.03704306E-02       4.04152607E-02       3.91006474E-02
   589.0000       4.03707896E-02       4.04157239E-02       3.90967804E-02
   589.1000       4.03711489E-02       4.04162122E-02       3.90929039E-02
   589.2000       4.03715086E-02       4.04166650E-02       3.90890178E-02
   589.3000       4.03718687E-02       4.04171300E-02       3.90851221E-02
   589.4000       4.03722291E-02       4.04175985E-02       3.90812170E-02
   589.5000       4.03725899E-02       4.04180638E-02       3.90773024E-02
   589.6000       4.03729510E-02       4.04185509E-02       3.90733781E-02
   589.7000       4.03733126E-02       4.04190277E-02       3.90694443E-02
   589.8000       4.03736744E-02       4.04194927E-02       3.90655008E-02
   589.9000       4.03740367E-02       4.04199655E-02       3.90615477E-02
   590.0000       4.03743993E-02       4.04204305E-02       3.90575852E-02
   590.1000       4.03747622E-02       4.04209244E-02       3.90536130E-02
   590.2000       4.03751255E-02       4.04213878E-02       3.90496313E-02
   590.3000       4.03754892E-02       4.04218415E-02       3.90456400E-02
   590.4000       4.03758532E-02       4.04223227E-02       3.90416391E-02
   590.5000       4.03762176E-02       4.04228019E-02       3.90376286E-02
   590.6000       4.03765823E-02       4.04232719E-02       3.90336086E-02
   590.7000       4.03769474E-02       4.04237764E-02       3.90295789E-02
   590.8000       4.03773128E-02       4.04242346E-02       3.90255396E-02
   590.9000       4.03776786E-02       4.04247108E-02       3.90214906E-02
   591.0000       4.03780448E-02       4.04251863E-02       3.90174318E-02
   591.1000       4.03784113E-02       4.04256545E-02       3.90133634E-02
   591.2000       4.03787781E-02       4.04261713E-02       3.90092851E-02
   591.3000       4.03791453E-02       4.04266301E-02       3.90051972E-02
   591.4000       4.03795129E-02       4.04271215E-02       3.90010995E-02
   591.5000       4.03798808E-02       4.04275991E-02       3.89969921E-02
   591.6000       4.03802491E-02       4.04280737E-02       3.89928749E-02
   591.7000       4.03806177E-02       4.04285637E-02       3.89887479E-02
   591.8000       4.03809867E-02       4.04290632E-02       3.89846114E-02
   591.9000       4.03813560E-02       4.04295406E-02       3.89804650E-02
   592.0000       4.03817257E-02       4.04300203E-02       3.89763090E-02
   592.1000       4.03820957E-02       4.04304929E-02       3.89721431E-02
   592.2000       4.03824661E-02       4.04310041E-02       3.89679672E-02
   592.3000       4.03828368E-02       4.04314785E-02       3.89637814E-02
   592.4000       4.03832079E-02       4.04319776E-02       3.89595857E-02
   592.5000       4.03835793E-02       4.04324542E-02       3.89553804E-02
   592.6000       4.03839511E-02       4.04329574E-02       3.89511653E-02
   592.7000       4.03843232E-02       4.04334576E-02       3.89469404E-02
   592.8000       4.03846957E-02       4.04339431E-02       3.89427056E-02
   592.9000       4.03850685E-02       4.04344480E-02       3.89384609E-02
   593.0000       4.03854417E-02       4.04349104E-02       3.89342061E-02
   593.1000       4.03858152E-02       4.04354207E-02       3.89299414E-02
   593.2000       4.03861890E-02       4.04359051E-02       3.89256668E-02
   593.3000       4.03865632E-02       4.04364212E-02       3.89213824E-02
   593.4000       4.03869378E-02       4.04369020E-02       3.89170881E-02
   593.5000       4.03873127E-02       4.04373958E-02       3.89127840E-02
   593.6000       4.03876879E-02       4.04378785E-02       3.89084702E-02
   593.7000       4.03880635E-02       4.04384142E-02       3.89041466E-02
   593.8000       4.03884394E-02       4.04388936E-02       3.88998132E-02
   593.9000       4.03888156E-02       4.04394001E-02       3.88954701E-02
   594.0000       4.03891922E-02       4.04398949E-02       3.88911171E-02
   594.1000       4.03895692E-02       4.04403990E-02       3.88867542E-02
   594.2000       4.03899464E-02       4.04409010E-02       3.88823816E-02
   594.3000       4.03903240E-02       4.04414090E-02       3.88779991E-02
   594.4000       4.03907019E-02       4.04418758E-02       3.88736069E-02
   594.5000       4.03910802E-02       4.04423862E-02       3.88692049E-02
   594.6000       4.03914588E-02       4.04429144E-02       3.88647932E-02
   594.7000       4.03918378E-02       4.04434233E-02       3.88603718E-02
   594.8000       4.03922171E-02       4.04439392E-02       3.88559403E-02
   594.9000       4.03925967E-02       4.04444255E-02       3.88514992E-02
   595.0000       4.03929766E-02       4.04449291E-02       3.88470485E-02
   595.1000       4.03933568E-02       4.04454528E-02       3.88425879E-02
   595.2000       4.03937374E-02       4.04459316E-02       3.88381176E-02
   595.3000       4.03941183E-02       4.04464661E-02       3.88336374E-02
   595.4000       4.03944995E-02       4.04469839E-02       3.88291475E-02
   595.5000       4.03948811E-02       4.04474869E-02       3.88246478E-02
   595.6000       4.03952630E-02       4.04479750E-02       3.88201386E-02
   595.7000       4.03956452E-02       4.04485038E-02       3.88156196E-02
   595.8000       4.03960278E-02       4.04490182E-02       3.88110910E-02
   595.9000       4.03964107E-02       4.04495334E-02       3.88065526E-02
   596.0000       4.03967939E-02       4.04500317E-02       3.88020046E-02
   596.1000       4.03971774E-02       4.04505460E-02       3.87974468E-02
   596.2000       4.03975612E-02       4.04510656E-02       3.87928793E-02
   596.3000       4.03979454E-02       4.04515755E-02       3.87883021E-02
   596.4000       4.03983298E-02       4.04521017E-02       3.87837154E-02
   596.5000       4.03987146E-02       4.04526221E-02       3.87791191E-02
   596.6000       4.03990997E-02       4.04531343E-02       3.87745129E-02
   596.7000       4.03994851E-02       4.04536500E-02       3.87698968E-02
   596.8000       4.03998708E-02       4.04541843E-02       3.87652709E-02
   596.9000       4.04002568E-02       4.04546815E-02       3.87606354E-02
   597.0000       4.04006431E-02       4.04552176E-02       3.87559903E-02
   597.1000       4.04010297E-02       4.04557100E-02       3.87513356E-02
   597.2000       4.04014166E-02       4.04562593E-02       3.87466714E-02
   597.3000       4.04018038E-02       4.04567715E-02       3.87419976E-02
   597.4000       4.04021913E-02       4.04572773E-02       3.87373142E-02
   597.5000       4.04025791E-02       4.04578374E-02       3.87326212E-02
   597.6000       4.04029672E-02       4.04583386E-02       3.87279187E-02
   597.7000       4.04033556E-02       4.04588530E-02       3.87232065E-02
   597.8000       4.04037442E-02       4.04593897E-02       3.87184848E-02
   597.9000       4.04041332E-02       4.04599251E-02       3.87137538E-02
   598.0000       4.04045225E-02       4.04604367E-02       3.87090132E-02
   598.1000       4.04049121E-02       4.04609777E-02       3.87042631E-02
   598.2000       4.04053019E-02       4.04614870E-02       3.86995036E-02
   598.3000       4.04056921E-02       4.04620273E-02       3.86947345E-02
   598.4000       4.04060825E-02       4.04625461E-02       3.86899560E-02
   598.5000       4.04064732E-02       4.04630952E-02       3.86851680E-02
   598.6000       4.04068642E-02       4.04636085E-02       3.86803705E-02
   598.7000       4.04072554E-02       4.04641393E-02       3.86755637E-02
   598.8000       4.04076469E-02       4.04646929E-02       3.86707474E-02
   598.9000       4.04080387E-02       4.04652218E-02       3.86659218E-02
   599.0000       4.04084308E-02       4.04657413E-02       3.86610868E-02
   599.1000       4.04088231E-02       4.04662598E-02       3.86562423E-02
   599.2000       4.04092157E-02       4.04668100E-02       3.86513884E-02
   599.3000       4.04096085E-02       4.04673449E-02       3.86465252E-02
   599.4000       4.04100017E-02       4.04678713E-02       3.86416526E-02
   599.5000       4.04103951E-02       4.04684096E-02       3.86367705E-02
   599.6000       4.04107887E-02       4.04689458E-02       3.86318791E-02
   599.7000       4.04111826E-02       4.04694956E-02       3.86269781E-02
   599.8000       4.04115768E-02       4.04700399E-02       3.86220675E-02
   599.9000       4.04119713E-02       4.04705634E-02       3.86171476E-02
   600.0000       4.04123659E-02       4.04711130E-02       3.86122184E-02
