     0.1000       7.51574051E-03       7.59230567E-03
     0.2000       9.35736931E-03       9.48730670E-03
     0.3000       1.15460329E-02       1.17356858E-02
     0.4000       1.38227935E-02       1.40601743E-02
     0.5000       1.59749350E-02       1.62446256E-02
     0.6000       1.79138273E-02       1.82054516E-02
     0.7000       1.96400211E-02       1.99487166E-02
     0.8000       2.11870475E-02       2.15111861E-02
     0.9000       2.25906009E-02       2.29299941E-02
     1.0000       2.38791122E-02       2.42341451E-02
     1.1000       2.50733324E-02       2.54446589E-02
     1.2000       2.61881891E-02       2.65766634E-02
     1.3000       2.72346181E-02       2.76412921E-02
     1.4000       2.82208953E-02       2.86470086E-02
     1.5000       2.91535221E-02       2.96004605E-02
     1.6000       3.00377990E-02       3.05070199E-02
     1.7000       3.08781973E-02       3.13711283E-02
     1.8000       3.16786032E-02       3.21965226E-02
     1.9000       3.24424764E-02       3.29863867E-02
     2.0000       3.31729540E-02       3.37434550E-02
     2.1000       3.38729155E-02       3.44700868E-02
     2.2000       3.45450213E-02       3.51683197E-02
     2.3000       3.51917321E-02       3.58399097E-02
     2.4000       3.58153153E-02       3.64863633E-02
     2.5000       3.64178420E-02       3.71089634E-02
     2.6000       3.70011785E-02       3.77087930E-02
     2.7000       3.75669745E-02       3.82867565E-02
     2.8000       3.81166514E-02       3.88436010E-02
     2.9000       3.86513921E-02       3.93799373E-02
     3.0000       3.91721341E-02       3.98962613E-02
     3.1000       3.96795682E-02       4.03929761E-02
     3.2000       4.01741446E-02       4.08704142E-02
     3.3000       4.06641016E-02       4.13328282E-02
     3.4000       4.11661164E-02       4.17845405E-02
     3.5000       4.16680917E-02       4.22244889E-02
     3.6000       4.21662298E-02       4.26508814E-02
     3.7000       4.26611690E-02       4.30639528E-02
     3.8000       4.31526706E-02       4.34635356E-02
     3.9000       4.36415681E-02       4.38497941E-02
     4.0000       4.41323477E-02       4.42247970E-02
     4.1000       4.46335277E-02       4.45902013E-02
     4.2000       4.51343957E-02       4.49451554E-02
     4.3000       4.56346328E-02       4.52901966E-02
     4.4000       4.61340325E-02       4.56264778E-02
     4.5000       4.66311454E-02       4.59543859E-02
     4.6000       4.71251299E-02       4.62749306E-02
     4.7000       4.76146729E-02       4.65889589E-02
     4.8000       4.80970845E-02       4.68969447E-02
     4.9000       4.85713057E-02       4.72002623E-02
     5.0000       4.90340300E-02       4.74984712E-02
     5.1000       4.94830958E-02       4.77933343E-02
     5.2000       4.99148955E-02       4.80841701E-02
     5.3000       5.03263536E-02       4.83710349E-02
     5.4000       5.07145719E-02       4.86540945E-02
     5.5000       5.10778743E-02       4.89335589E-02
     5.6000       5.14128868E-02       4.92081900E-02
     5.7000       5.17184959E-02       4.94779365E-02
     5.8000       5.19932728E-02       4.97418264E-02
     5.9000       5.22366323E-02       4.99993357E-02
     6.0000       5.24482925E-02       5.02495799E-02
     6.1000       5.26290205E-02       5.04915607E-02
     6.2000       5.27792696E-02       5.07244692E-02
     6.3000       5.29011284E-02       5.09479300E-02
     6.4000       5.29967289E-02       5.11615316E-02
     6.5000       5.30678329E-02       5.13649175E-02
     6.6000       5.31164144E-02       5.15574225E-02
     6.7000       5.31447513E-02       5.17386146E-02
     6.8000       5.31544672E-02       5.19082090E-02
     6.9000       5.31476007E-02       5.20660049E-02
     7.0000       5.31262216E-02       5.22121372E-02
     7.1000       5.30926552E-02       5.23469755E-02
     7.2000       5.30485817E-02       5.24710170E-02
     7.3000       5.29954529E-02       5.25848257E-02
     7.4000       5.29356889E-02       5.26897190E-02
     7.5000       5.28698617E-02       5.27860866E-02
     7.6000       5.28001235E-02       5.28757579E-02
     7.7000       5.27276277E-02       5.29599055E-02
     7.8000       5.26528670E-02       5.30395029E-02
     7.9000       5.25774435E-02       5.31166669E-02
     8.0000       5.25017968E-02       5.31923580E-02
     8.1000       5.24268341E-02       5.32683301E-02
     8.2000       5.23528066E-02       5.33458545E-02
     8.3000       5.22804116E-02       5.34263660E-02
     8.4000       5.22097580E-02       5.35107046E-02
     8.5000       5.21413799E-02       5.35998196E-02
     8.6000       5.20756506E-02       5.36944791E-02
     8.7000       5.20126579E-02       5.37947227E-02
     8.8000       5.19528023E-02       5.39007371E-02
     8.9000       5.18957603E-02       5.40115925E-02
     9.0000       5.18420479E-02       5.41267180E-02
     9.1000       5.17910131E-02       5.42444025E-02
     9.2000       5.17430742E-02       5.43634241E-02
     9.3000       5.16979772E-02       5.44818041E-02
     9.4000       5.16557430E-02       5.45976278E-02
     9.5000       5.16163240E-02       5.47090500E-02
     9.6000       5.15793669E-02       5.48140398E-02
     9.7000       5.15450199E-02       5.49110428E-02
     9.8000       5.15127029E-02       5.49983624E-02
     9.9000       5.14825332E-02       5.50747710E-02
    10.0000       5.14541702E-02       5.51393895E-02
    10.1000       5.14273199E-02       5.51914332E-02
    10.2000       5.14018309E-02       5.52305905E-02
    10.3000       5.13775458E-02       5.52567616E-02
    10.4000       5.13543323E-02       5.52700532E-02
    10.5000       5.13321226E-02       5.52709870E-02
    10.6000       5.13105562E-02       5.52598890E-02
    10.7000       5.12894873E-02       5.52374165E-02
    10.8000       5.12689086E-02       5.52043566E-02
    10.9000       5.12486522E-02       5.51616065E-02
    11.0000       5.12284711E-02       5.51098888E-02
    11.1000       5.12085915E-02       5.50502862E-02
    11.2000       5.11888754E-02       5.49836844E-02
    11.3000       5.11690653E-02       5.49109085E-02
    11.4000       5.11491249E-02       5.48327784E-02
    11.5000       5.11291927E-02       5.47503215E-02
    11.6000       5.11092831E-02       5.46644100E-02
    11.7000       5.10893222E-02       5.45758064E-02
    11.8000       5.10690579E-02       5.44850068E-02
    11.9000       5.10487698E-02       5.43929498E-02
    12.0000       5.10283862E-02       5.43002267E-02
    12.1000       5.10079077E-02       5.42072900E-02
    12.2000       5.09872428E-02       5.41146779E-02
    12.3000       5.09665765E-02       5.40228071E-02
    12.4000       5.09458649E-02       5.39320050E-02
    12.5000       5.09251266E-02       5.38426437E-02
    12.6000       5.09041907E-02       5.37548195E-02
    12.7000       5.08832876E-02       5.36688442E-02
    12.8000       5.08624656E-02       5.35849144E-02
    12.9000       5.08415981E-02       5.35030284E-02
    13.0000       5.08206850E-02       5.34232130E-02
    13.1000       5.07997792E-02       5.33455109E-02
    13.2000       5.07789367E-02       5.32699842E-02
    13.3000       5.07582177E-02       5.31966384E-02
    13.4000       5.07375396E-02       5.31253528E-02
    13.5000       5.07168597E-02       5.30560981E-02
    13.6000       5.06964028E-02       5.29888964E-02
    13.7000       5.06759627E-02       5.29235892E-02
    13.8000       5.06556292E-02       5.28601633E-02
    13.9000       5.06354684E-02       5.27985518E-02
    14.0000       5.06154655E-02       5.27387089E-02
    14.1000       5.05955875E-02       5.26805326E-02
    14.2000       5.05758697E-02       5.26239772E-02
    14.3000       5.05563715E-02       5.25690599E-02
    14.4000       5.05370284E-02       5.25156862E-02
    14.5000       5.05178982E-02       5.24638473E-02
    14.6000       5.04988626E-02       5.24134098E-02
    14.7000       5.04802319E-02       5.23645621E-02
    14.8000       5.04617946E-02       5.23171208E-02
    14.9000       5.04436069E-02       5.22710537E-02
    15.0000       5.04257092E-02       5.22264090E-02
    15.1000       5.04080714E-02       5.21831605E-02
    15.2000       5.03907536E-02       5.21412978E-02
    15.3000       5.03736550E-02       5.21007729E-02
    15.4000       5.03569060E-02       5.20616380E-02
    15.5000       5.03405073E-02       5.20238201E-02
    15.6000       5.03243934E-02       5.19872925E-02
    15.7000       5.03085467E-02       5.19520183E-02
    15.8000       5.02929965E-02       5.19179786E-02
    15.9000       5.02778020E-02       5.18851949E-02
    16.0000       5.02629336E-02       5.18535999E-02
    16.1000       5.02483379E-02       5.18231306E-02
    16.2000       5.02340377E-02       5.17937269E-02
    16.3000       5.02200299E-02       5.17653889E-02
    16.4000       5.02063566E-02       5.17380866E-02
    16.5000       5.01929402E-02       5.17117278E-02
    16.6000       5.01797776E-02       5.16862729E-02
    16.7000       5.01669329E-02       5.16617003E-02
    16.8000       5.01543893E-02       5.16379271E-02
    16.9000       5.01420337E-02       5.16148401E-02
    17.0000       5.01299834E-02       5.15924497E-02
    17.1000       5.01181854E-02       5.15707076E-02
    17.2000       5.01066690E-02       5.15495765E-02
    17.3000       5.00953593E-02       5.15289655E-02
    17.4000       5.00843219E-02       5.15088677E-02
    17.5000       5.00735677E-02       5.14892693E-02
    17.6000       5.00630961E-02       5.14701417E-02
    17.7000       5.00529147E-02       5.14514471E-02
    17.8000       5.00429711E-02       5.14331372E-02
    17.9000       5.00333661E-02       5.14152674E-02
    18.0000       5.00240286E-02       5.13977889E-02
    18.1000       5.00149793E-02       5.13806934E-02
    18.2000       5.00062624E-02       5.13640154E-02
    18.3000       4.99978916E-02       5.13477529E-02
    18.4000       4.99898253E-02       5.13318865E-02
    18.5000       4.99820677E-02       5.13164203E-02
    18.6000       4.99746197E-02       5.13013613E-02
    18.7000       4.99674720E-02       5.12867008E-02
    18.8000       4.99606192E-02       5.12724200E-02
    18.9000       4.99540602E-02       5.12585400E-02
    19.0000       4.99477823E-02       5.12450520E-02
    19.1000       4.99418096E-02       5.12319768E-02
    19.2000       4.99360772E-02       5.12192582E-02
    19.3000       4.99306169E-02       5.12069126E-02
    19.4000       4.99253640E-02       5.11949080E-02
    19.5000       4.99203368E-02       5.11832396E-02
    19.6000       4.99155729E-02       5.11719155E-02
    19.7000       4.99109904E-02       5.11608965E-02
    19.8000       4.99066028E-02       5.11501761E-02
    19.9000       4.99023843E-02       5.11397140E-02
    20.0000       4.98983218E-02       5.11295067E-02
    20.1000       4.98943917E-02       5.11195198E-02
    20.2000       4.98906263E-02       5.11097802E-02
    20.3000       4.98869755E-02       5.11002579E-02
    20.4000       4.98834555E-02       5.10909384E-02
    20.5000       4.98800336E-02       5.10817946E-02
    20.6000       4.98766835E-02       5.10728048E-02
    20.7000       4.98734562E-02       5.10640161E-02
    20.8000       4.98702817E-02       5.10553700E-02
    20.9000       4.98671785E-02       5.10468784E-02
    21.0000       4.98641560E-02       5.10385472E-02
    21.1000       4.98611840E-02       5.10303848E-02
    21.2000       4.98582458E-02       5.10223478E-02
    21.3000       4.98553742E-02       5.10144624E-02
    21.4000       4.98525354E-02       5.10067179E-02
    21.5000       4.98497419E-02       5.09991061E-02
    21.6000       4.98469804E-02       5.09916097E-02
    21.7000       4.98442357E-02       5.09842251E-02
    21.8000       4.98415020E-02       5.09769406E-02
    21.9000       4.98387979E-02       5.09697495E-02
    22.0000       4.98361190E-02       5.09626552E-02
    22.1000       4.98334392E-02       5.09556200E-02
    22.2000       4.98307733E-02       5.09486551E-02
    22.3000       4.98281090E-02       5.09417320E-02
    22.4000       4.98254512E-02       5.09348473E-02
    22.5000       4.98227756E-02       5.09279768E-02
    22.6000       4.98201017E-02       5.09211203E-02
    22.7000       4.98174161E-02       5.09142536E-02
    22.8000       4.98147299E-02       5.09073887E-02
    22.9000       4.98120320E-02       5.09004969E-02
    23.0000       4.98093395E-02       5.08935897E-02
    23.1000       4.98066451E-02       5.08866520E-02
    23.2000       4.98039263E-02       5.08796822E-02
    23.3000       4.98012059E-02       5.08726769E-02
    23.4000       4.97984684E-02       5.08656370E-02
    23.5000       4.97957297E-02       5.08585597E-02
    23.6000       4.97929641E-02       5.08514447E-02
    23.7000       4.97902114E-02       5.08443045E-02
    23.8000       4.97874414E-02       5.08371284E-02
    23.9000       4.97846575E-02       5.08299302E-02
    24.0000       4.97818762E-02       5.08227138E-02
    24.1000       4.97790836E-02       5.08154761E-02
    24.2000       4.97762805E-02       5.08082271E-02
    24.3000       4.97734748E-02       5.08009741E-02
    24.4000       4.97706477E-02       5.07937058E-02
    24.5000       4.97678182E-02       5.07864431E-02
    24.6000       4.97649855E-02       5.07791852E-02
    24.7000       4.97621493E-02       5.07719321E-02
    24.8000       4.97593048E-02       5.07646861E-02
    24.9000       4.97564531E-02       5.07574497E-02
    25.0000       4.97536026E-02       5.07502220E-02
    25.1000       4.97507725E-02       5.07430190E-02
    25.2000       4.97479401E-02       5.07358387E-02
    25.3000       4.97451141E-02       5.07286730E-02
    25.4000       4.97422860E-02       5.07215187E-02
    25.5000       4.97394786E-02       5.07143909E-02
    25.6000       4.97366712E-02       5.07072870E-02
    25.7000       4.97338689E-02       5.07001975E-02
    25.8000       4.97310822E-02       5.06931381E-02
    25.9000       4.97282977E-02       5.06860882E-02
    26.0000       4.97255337E-02       5.06790706E-02
    26.1000       4.97227899E-02       5.06720907E-02
    26.2000       4.97200589E-02       5.06651412E-02
    26.3000       4.97173517E-02       5.06582262E-02
    26.4000       4.97146486E-02       5.06513369E-02
    26.5000       4.97119639E-02       5.06444855E-02
    26.6000       4.97093015E-02       5.06376729E-02
    26.7000       4.97066532E-02       5.06309021E-02
    26.8000       4.97040297E-02       5.06241714E-02
    26.9000       4.97014217E-02       5.06174879E-02
    27.0000       4.96988388E-02       5.06108492E-02
    27.1000       4.96962689E-02       5.06042561E-02
    27.2000       4.96937151E-02       5.05977089E-02
    27.3000       4.96911842E-02       5.05912149E-02
    27.4000       4.96886738E-02       5.05847687E-02
    27.5000       4.96861768E-02       5.05783735E-02
    27.6000       4.96837040E-02       5.05720329E-02
    27.7000       4.96812599E-02       5.05657488E-02
    27.8000       4.96788215E-02       5.05595111E-02
    27.9000       4.96764158E-02       5.05533323E-02
    28.0000       4.96740213E-02       5.05471997E-02
    28.1000       4.96716523E-02       5.05411291E-02
    28.2000       4.96693031E-02       5.05351090E-02
    28.3000       4.96669707E-02       5.05291405E-02
    28.4000       4.96646571E-02       5.05232270E-02
    28.5000       4.96623690E-02       5.05173687E-02
    28.6000       4.96600950E-02       5.05115564E-02
    28.7000       4.96578521E-02       5.05058024E-02
    28.8000       4.96556292E-02       5.05001023E-02
    28.9000       4.96534146E-02       5.04944464E-02
    29.0000       4.96512281E-02       5.04888488E-02
    29.1000       4.96490684E-02       5.04833088E-02
    29.2000       4.96469296E-02       5.04778177E-02
    29.3000       4.96448110E-02       5.04723772E-02
    29.4000       4.96427125E-02       5.04669888E-02
    29.5000       4.96406403E-02       5.04616539E-02
    29.6000       4.96385813E-02       5.04563637E-02
    29.7000       4.96365478E-02       5.04511276E-02
    29.8000       4.96345365E-02       5.04459431E-02
    29.9000       4.96325479E-02       5.04408073E-02
    30.0000       4.96305830E-02       5.04357247E-02
    30.1000       4.96286274E-02       5.04306809E-02
    30.2000       4.96266996E-02       5.04256925E-02
    30.3000       4.96247924E-02       5.04207541E-02
    30.4000       4.96229036E-02       5.04158614E-02
    30.5000       4.96210351E-02       5.04110183E-02
    30.6000       4.96191887E-02       5.04062211E-02
    30.7000       4.96173620E-02       5.04014703E-02
    30.8000       4.96155503E-02       5.03967664E-02
    30.9000       4.96137540E-02       5.03921050E-02
    31.0000       4.96119813E-02       5.03874912E-02
    31.1000       4.96102300E-02       5.03829258E-02
    31.2000       4.96084913E-02       5.03783989E-02
    31.3000       4.96067681E-02       5.03739154E-02
    31.4000       4.96050643E-02       5.03694746E-02
    31.5000       4.96033805E-02       5.03650770E-02
    31.6000       4.96017158E-02       5.03607226E-02
    31.7000       4.96000629E-02       5.03564076E-02
    31.8000       4.95984323E-02       5.03521345E-02
    31.9000       4.95968142E-02       5.03478979E-02
    32.0000       4.95952096E-02       5.03436994E-02
    32.1000       4.95936184E-02       5.03395371E-02
    32.2000       4.95920461E-02       5.03354138E-02
    32.3000       4.95904849E-02       5.03313228E-02
    32.4000       4.95889347E-02       5.03272659E-02
    32.5000       4.95873961E-02       5.03232433E-02
    32.6000       4.95858737E-02       5.03192554E-02
    32.7000       4.95843622E-02       5.03152991E-02
    32.8000       4.95828612E-02       5.03113732E-02
    32.9000       4.95813669E-02       5.03074739E-02
    33.0000       4.95798836E-02       5.03036043E-02
    33.1000       4.95784148E-02       5.02997685E-02
    33.2000       4.95769507E-02       5.02959555E-02
    33.3000       4.95754944E-02       5.02921716E-02
    33.4000       4.95740447E-02       5.02884124E-02
    33.5000       4.95725993E-02       5.02846781E-02
    33.6000       4.95711706E-02       5.02809735E-02
    33.7000       4.95697429E-02       5.02772901E-02
    33.8000       4.95683243E-02       5.02736326E-02
    33.9000       4.95669153E-02       5.02699990E-02
    34.0000       4.95655129E-02       5.02663907E-02
    34.1000       4.95641188E-02       5.02628030E-02
    34.2000       4.95627310E-02       5.02592378E-02
    34.3000       4.95613501E-02       5.02556952E-02
    34.4000       4.95599763E-02       5.02521745E-02
    34.5000       4.95586094E-02       5.02486755E-02
    34.6000       4.95572488E-02       5.02451961E-02
    34.7000       4.95558923E-02       5.02417346E-02
    34.8000       4.95545449E-02       5.02382961E-02
    34.9000       4.95532011E-02       5.02348737E-02
    35.0000       4.95518634E-02       5.02314719E-02
    35.1000       4.95505270E-02       5.02280874E-02
    35.2000       4.95491985E-02       5.02247238E-02
    35.3000       4.95478715E-02       5.02213757E-02
    35.4000       4.95465500E-02       5.02180472E-02
    35.5000       4.95452309E-02       5.02147360E-02
    35.6000       4.95439178E-02       5.02114449E-02
    35.7000       4.95426038E-02       5.02081688E-02
    35.8000       4.95412909E-02       5.02049102E-02
    35.9000       4.95399797E-02       5.02016687E-02
    36.0000       4.95386686E-02       5.01984443E-02
    36.1000       4.95373570E-02       5.01952361E-02
    36.2000       4.95360440E-02       5.01920433E-02
    36.3000       4.95347283E-02       5.01888658E-02
    36.4000       4.95334095E-02       5.01857031E-02
    36.5000       4.95320885E-02       5.01825550E-02
    36.6000       4.95307644E-02       5.01794215E-02
    36.7000       4.95294356E-02       5.01763033E-02
    36.8000       4.95281021E-02       5.01731992E-02
    36.9000       4.95267628E-02       5.01701074E-02
    37.0000       4.95254182E-02       5.01670297E-02
    37.1000       4.95240684E-02       5.01639653E-02
    37.2000       4.95227112E-02       5.01609146E-02
    37.3000       4.95213474E-02       5.01578779E-02
    37.4000       4.95199769E-02       5.01548530E-02
    37.5000       4.95186008E-02       5.01518426E-02
    37.6000       4.95172156E-02       5.01488442E-02
    37.7000       4.95158211E-02       5.01458581E-02
    37.8000       4.95144172E-02       5.01428841E-02
    37.9000       4.95130064E-02       5.01399235E-02
    38.0000       4.95115853E-02       5.01369743E-02
    38.1000       4.95101522E-02       5.01340360E-02
    38.2000       4.95087092E-02       5.01311096E-02
    38.3000       4.95072565E-02       5.01281957E-02
    38.4000       4.95057903E-02       5.01252914E-02
    38.5000       4.95043166E-02       5.01224006E-02
    38.6000       4.95028288E-02       5.01195197E-02
    38.7000       4.95013308E-02       5.01166514E-02
    38.8000       4.94998187E-02       5.01137929E-02
    38.9000       4.94982949E-02       5.01109456E-02
    39.0000       4.94967583E-02       5.01081081E-02
    39.1000       4.94952087E-02       5.01052810E-02
    39.2000       4.94936479E-02       5.01024649E-02
    39.3000       4.94920736E-02       5.00996597E-02
    39.4000       4.94904876E-02       5.00968650E-02
    39.5000       4.94888875E-02       5.00940808E-02
    39.6000       4.94872760E-02       5.00913066E-02
    39.7000       4.94856509E-02       5.00885416E-02
    39.8000       4.94840137E-02       5.00857873E-02
    39.9000       4.94823635E-02       5.00830439E-02
    40.0000       4.94806998E-02       5.00803102E-02
    40.1000       4.94790237E-02       5.00775871E-02
    40.2000       4.94773345E-02       5.00748729E-02
    40.3000       4.94756325E-02       5.00721684E-02
    40.4000       4.94739178E-02       5.00694740E-02
    40.5000       4.94721898E-02       5.00667884E-02
    40.6000       4.94704478E-02       5.00641118E-02
    40.7000       4.94686962E-02       5.00614474E-02
    40.8000       4.94669293E-02       5.00587913E-02
    40.9000       4.94651487E-02       5.00561444E-02
    41.0000       4.94633557E-02       5.00535079E-02
    41.1000       4.94615484E-02       5.00508806E-02
    41.2000       4.94597256E-02       5.00482614E-02
    41.3000       4.94578879E-02       5.00456509E-02
    41.4000       4.94560352E-02       5.00430492E-02
    41.5000       4.94541683E-02       5.00404575E-02
    41.6000       4.94522852E-02       5.00378726E-02
    41.7000       4.94503852E-02       5.00352956E-02
    41.8000       4.94484694E-02       5.00327270E-02
    41.9000       4.94465368E-02       5.00301678E-02
    42.0000       4.94445869E-02       5.00276158E-02
    42.1000       4.94426189E-02       5.00250720E-02
    42.2000       4.94406319E-02       5.00225352E-02
    42.3000       4.94386267E-02       5.00200054E-02
    42.4000       4.94366017E-02       5.00174821E-02
    42.5000       4.94345564E-02       5.00149656E-02
    42.6000       4.94324911E-02       5.00124557E-02
    42.7000       4.94304053E-02       5.00099511E-02
    42.8000       4.94283001E-02       5.00074534E-02
    42.9000       4.94261724E-02       5.00049603E-02
    43.0000       4.94240223E-02       5.00024715E-02
    43.1000       4.94218507E-02       4.99999878E-02
    43.2000       4.94196553E-02       4.99975079E-02
    43.3000       4.94174359E-02       4.99950313E-02
    43.4000       4.94151928E-02       4.99925581E-02
    43.5000       4.94129244E-02       4.99900871E-02
    43.6000       4.94106309E-02       4.99876187E-02
    43.7000       4.94083102E-02       4.99851514E-02
    43.8000       4.94059636E-02       4.99826864E-02
    43.9000       4.94035873E-02       4.99802205E-02
    44.0000       4.94011840E-02       4.99777556E-02
    44.1000       4.93987519E-02       4.99752906E-02
    44.2000       4.93962875E-02       4.99728235E-02
    44.3000       4.93937927E-02       4.99703557E-02
    44.4000       4.93912650E-02       4.99678857E-02
    44.5000       4.93887051E-02       4.99654137E-02
    44.6000       4.93861110E-02       4.99629380E-02
    44.7000       4.93834803E-02       4.99604581E-02
    44.8000       4.93808134E-02       4.99579741E-02
    44.9000       4.93781089E-02       4.99554848E-02
    45.0000       4.93753660E-02       4.99529905E-02
    45.1000       4.93725827E-02       4.99504900E-02
    45.2000       4.93697593E-02       4.99479834E-02
    45.3000       4.93668927E-02       4.99454697E-02
    45.4000       4.93639841E-02       4.99429487E-02
    45.5000       4.93610299E-02       4.99404180E-02
    45.6000       4.93580292E-02       4.99378785E-02
    45.7000       4.93549840E-02       4.99353306E-02
    45.8000       4.93518887E-02       4.99327722E-02
    45.9000       4.93487416E-02       4.99302034E-02
    46.0000       4.93455428E-02       4.99276238E-02
    46.1000       4.93422874E-02       4.99250318E-02
    46.2000       4.93389763E-02       4.99224286E-02
    46.3000       4.93356059E-02       4.99198124E-02
    46.4000       4.93321737E-02       4.99171829E-02
    46.5000       4.93286776E-02       4.99145392E-02
    46.6000       4.93251176E-02       4.99118825E-02
    46.7000       4.93214885E-02       4.99092098E-02
    46.8000       4.93177880E-02       4.99065216E-02
    46.9000       4.93140119E-02       4.99038173E-02
    47.0000       4.93101613E-02       4.99010965E-02
    47.1000       4.93062294E-02       4.98983572E-02
    47.2000       4.93022190E-02       4.98956006E-02
    47.3000       4.92981232E-02       4.98928253E-02
    47.4000       4.92939428E-02       4.98900313E-02
    47.5000       4.92896777E-02       4.98872183E-02
    47.6000       4.92853226E-02       4.98843850E-02
    47.7000       4.92808751E-02       4.98815307E-02
    47.8000       4.92763334E-02       4.98786554E-02
    47.9000       4.92716982E-02       4.98757590E-02
    48.0000       4.92669643E-02       4.98728403E-02
    48.1000       4.92621334E-02       4.98698993E-02
    48.2000       4.92572011E-02       4.98669358E-02
    48.3000       4.92521669E-02       4.98639496E-02
    48.4000       4.92470285E-02       4.98609402E-02
    48.5000       4.92417830E-02       4.98579077E-02
    48.6000       4.92364310E-02       4.98548522E-02
    48.7000       4.92309674E-02       4.98517732E-02
    48.8000       4.92253946E-02       4.98486701E-02
    48.9000       4.92197100E-02       4.98455436E-02
    49.0000       4.92139061E-02       4.98423927E-02
    49.1000       4.92079896E-02       4.98392182E-02
    49.2000       4.92019533E-02       4.98360196E-02
    49.3000       4.91957989E-02       4.98327970E-02
    49.4000       4.91895254E-02       4.98295508E-02
    49.5000       4.91831292E-02       4.98262803E-02
    49.6000       4.91766135E-02       4.98229878E-02
    49.7000       4.91699661E-02       4.98196707E-02
    49.8000       4.91631909E-02       4.98163309E-02
    49.9000       4.91562826E-02       4.98129674E-02
    50.0000       4.91492383E-02       4.98095805E-02
    50.1000       4.91420587E-02       4.98061706E-02
    50.2000       4.91347390E-02       4.98027369E-02
    50.3000       4.91272742E-02       4.97992799E-02
    50.4000       4.91196605E-02       4.97958000E-02
    50.5000       4.91118938E-02       4.97922963E-02
    50.6000       4.91039766E-02       4.97887699E-02
    50.7000       4.90959048E-02       4.97852215E-02
    50.8000       4.90876715E-02       4.97816501E-02
    50.9000       4.90792831E-02       4.97780571E-02
    51.0000       4.90707376E-02       4.97744431E-02
    51.1000       4.90620368E-02       4.97708075E-02
    51.2000       4.90531856E-02       4.97671522E-02
    51.3000       4.90441736E-02       4.97634761E-02
    51.4000       4.90350043E-02       4.97597815E-02
    51.5000       4.90256760E-02       4.97560683E-02
    51.6000       4.90161880E-02       4.97523375E-02
    51.7000       4.90065359E-02       4.97485888E-02
    51.8000       4.89967182E-02       4.97448236E-02
    51.9000       4.89867457E-02       4.97410425E-02
    52.0000       4.89766161E-02       4.97372474E-02
    52.1000       4.89663213E-02       4.97334378E-02
    52.2000       4.89558714E-02       4.97296166E-02
    52.3000       4.89452657E-02       4.97257831E-02
    52.4000       4.89344967E-02       4.97219381E-02
    52.5000       4.89235671E-02       4.97180821E-02
    52.6000       4.89124754E-02       4.97142169E-02
    52.7000       4.89012226E-02       4.97103432E-02
    52.8000       4.88898190E-02       4.97064605E-02
    52.9000       4.88782496E-02       4.97025690E-02
    53.0000       4.88665232E-02       4.96986702E-02
    53.1000       4.88546299E-02       4.96947630E-02
    53.2000       4.88425754E-02       4.96908473E-02
    53.3000       4.88303663E-02       4.96869252E-02
    53.4000       4.88179864E-02       4.96829952E-02
    53.5000       4.88054431E-02       4.96790578E-02
    53.6000       4.87927311E-02       4.96751139E-02
    53.7000       4.87798358E-02       4.96711618E-02
    53.8000       4.87667703E-02       4.96672036E-02
    53.9000       4.87535300E-02       4.96632384E-02
    54.0000       4.87401300E-02       4.96592676E-02
    54.1000       4.87265648E-02       4.96552913E-02
    54.2000       4.87128426E-02       4.96513111E-02
    54.3000       4.86989647E-02       4.96473265E-02
    54.4000       4.86849407E-02       4.96433392E-02
    54.5000       4.86707670E-02       4.96393492E-02
    54.6000       4.86564456E-02       4.96353568E-02
    54.7000       4.86419906E-02       4.96313642E-02
    54.8000       4.86274033E-02       4.96273714E-02
    54.9000       4.86126922E-02       4.96233796E-02
    55.0000       4.85978640E-02       4.96193893E-02
    55.1000       4.85829138E-02       4.96153995E-02
    55.2000       4.85678592E-02       4.96114119E-02
    55.3000       4.85527135E-02       4.96074278E-02
    55.4000       4.85374621E-02       4.96034447E-02
    55.5000       4.85221165E-02       4.95994643E-02
    55.6000       4.85066712E-02       4.95954849E-02
    55.7000       4.84911535E-02       4.95915108E-02
    55.8000       4.84755441E-02       4.95875380E-02
    55.9000       4.84598537E-02       4.95835689E-02
    56.0000       4.84440932E-02       4.95796017E-02
    56.1000       4.84282615E-02       4.95756398E-02
    56.2000       4.84123527E-02       4.95716796E-02
    56.3000       4.83963650E-02       4.95677225E-02
    56.4000       4.83803280E-02       4.95637690E-02
    56.5000       4.83642320E-02       4.95598178E-02
    56.6000       4.83480765E-02       4.95558689E-02
    56.7000       4.83318609E-02       4.95519218E-02
    56.8000       4.83155884E-02       4.95479768E-02
    56.9000       4.82992652E-02       4.95440334E-02
    57.0000       4.82828937E-02       4.95400896E-02
    57.1000       4.82664839E-02       4.95361465E-02
    57.2000       4.82500407E-02       4.95322029E-02
    57.3000       4.82335666E-02       4.95282592E-02
    57.4000       4.82170673E-02       4.95243144E-02
    57.5000       4.82005657E-02       4.95203701E-02
    57.6000       4.81840532E-02       4.95164251E-02
    57.7000       4.81675397E-02       4.95124776E-02
    57.8000       4.81510360E-02       4.95085300E-02
    57.9000       4.81345556E-02       4.95045792E-02
    58.0000       4.81180939E-02       4.95006242E-02
    58.1000       4.81016662E-02       4.94966637E-02
    58.2000       4.80852841E-02       4.94926965E-02
    58.3000       4.80689278E-02       4.94887191E-02
    58.4000       4.80526469E-02       4.94847315E-02
    58.5000       4.80364403E-02       4.94807324E-02
    58.6000       4.80203072E-02       4.94767162E-02
    58.7000       4.80042544E-02       4.94726835E-02
    58.8000       4.79882890E-02       4.94686312E-02
    58.9000       4.79724013E-02       4.94645561E-02
    59.0000       4.79566183E-02       4.94604582E-02
    59.1000       4.79409393E-02       4.94563344E-02
    59.2000       4.79253671E-02       4.94521806E-02
    59.3000       4.79098975E-02       4.94479906E-02
    59.4000       4.78945492E-02       4.94437625E-02
    59.5000       4.78793073E-02       4.94394910E-02
    59.6000       4.78642122E-02       4.94351723E-02
    59.7000       4.78492391E-02       4.94308001E-02
    59.8000       4.78344098E-02       4.94263726E-02
    59.9000       4.78197299E-02       4.94218834E-02
    60.0000       4.78051926E-02       4.94173268E-02
    60.1000       4.77908016E-02       4.94127014E-02
    60.2000       4.77765741E-02       4.94080015E-02
    60.3000       4.77624931E-02       4.94032157E-02
    60.4000       4.77486055E-02       4.93983423E-02
    60.5000       4.77348784E-02       4.93933744E-02
    60.6000       4.77213451E-02       4.93882990E-02
    60.7000       4.77079795E-02       4.93831102E-02
    60.8000       4.76948086E-02       4.93777983E-02
    60.9000       4.76818286E-02       4.93723553E-02
    61.0000       4.76690398E-02       4.93667692E-02
    61.1000       4.76564448E-02       4.93610370E-02
    61.2000       4.76440526E-02       4.93551470E-02
    61.3000       4.76318766E-02       4.93490909E-02
    61.4000       4.76199039E-02       4.93428549E-02
    61.5000       4.76081468E-02       4.93364274E-02
    61.6000       4.75965968E-02       4.93297954E-02
    61.7000       4.75852704E-02       4.93229464E-02
    61.8000       4.75741589E-02       4.93158667E-02
    61.9000       4.75632507E-02       4.93085475E-02
    62.0000       4.75525920E-02       4.93009785E-02
    62.1000       4.75421556E-02       4.92931479E-02
    62.2000       4.75319414E-02       4.92850426E-02
    62.3000       4.75219358E-02       4.92766498E-02
    62.4000       4.75121711E-02       4.92679603E-02
    62.5000       4.75026141E-02       4.92589583E-02
    62.6000       4.74932853E-02       4.92496313E-02
    62.7000       4.74841833E-02       4.92399739E-02
    62.8000       4.74753091E-02       4.92299771E-02
    62.9000       4.74666626E-02       4.92196308E-02
    63.0000       4.74582523E-02       4.92089338E-02
    63.1000       4.74500577E-02       4.91978778E-02
    63.2000       4.74420785E-02       4.91864606E-02
    63.3000       4.74343095E-02       4.91746817E-02
    63.4000       4.74267820E-02       4.91625493E-02
    63.5000       4.74194535E-02       4.91500739E-02
    63.6000       4.74123439E-02       4.91372684E-02
    63.7000       4.74054290E-02       4.91241504E-02
    63.8000       4.73987242E-02       4.91107462E-02
    63.9000       4.73922205E-02       4.90970882E-02
    64.0000       4.73859112E-02       4.90832184E-02
    64.1000       4.73797840E-02       4.90691833E-02
    64.2000       4.73738364E-02       4.90550434E-02
    64.3000       4.73680719E-02       4.90408660E-02
    64.4000       4.73624808E-02       4.90267254E-02
    64.5000       4.73570497E-02       4.90126993E-02
    64.6000       4.73517835E-02       4.89988811E-02
    64.7000       4.73466707E-02       4.89853643E-02
    64.8000       4.73417022E-02       4.89722562E-02
    64.9000       4.73368586E-02       4.89596620E-02
    65.0000       4.73321754E-02       4.89476823E-02
    65.1000       4.73276170E-02       4.89364173E-02
    65.2000       4.73231677E-02       4.89259585E-02
    65.3000       4.73188290E-02       4.89163930E-02
    65.4000       4.73145874E-02       4.89077932E-02
    65.5000       4.73104520E-02       4.89002235E-02
    65.6000       4.73064123E-02       4.88937246E-02
    65.7000       4.73024525E-02       4.88883158E-02
    65.8000       4.72985681E-02       4.88839997E-02
    65.9000       4.72947433E-02       4.88807539E-02
    66.0000       4.72909880E-02       4.88785392E-02
    66.1000       4.72873067E-02       4.88773020E-02
    66.2000       4.72836595E-02       4.88769679E-02
    66.3000       4.72800527E-02       4.88774531E-02
    66.4000       4.72764856E-02       4.88786674E-02
    66.5000       4.72729115E-02       4.88805077E-02
    66.6000       4.72693567E-02       4.88828798E-02
    66.7000       4.72658019E-02       4.88856759E-02
    66.8000       4.72622383E-02       4.88888012E-02
    66.9000       4.72586740E-02       4.88921567E-02
    67.0000       4.72550709E-02       4.88956482E-02
    67.1000       4.72514358E-02       4.88991942E-02
    67.2000       4.72477578E-02       4.89027173E-02
    67.3000       4.72440386E-02       4.89061530E-02
    67.4000       4.72402525E-02       4.89094413E-02
    67.5000       4.72363837E-02       4.89125380E-02
    67.6000       4.72324533E-02       4.89153982E-02
    67.7000       4.72284717E-02       4.89179923E-02
    67.8000       4.72243715E-02       4.89202915E-02
    67.9000       4.72201954E-02       4.89222802E-02
    68.0000       4.72159122E-02       4.89239486E-02
    68.1000       4.72115274E-02       4.89252951E-02
    68.2000       4.72070225E-02       4.89263136E-02
    68.3000       4.72023980E-02       4.89270099E-02
    68.4000       4.71976445E-02       4.89273848E-02
    68.5000       4.71927773E-02       4.89274399E-02
    68.6000       4.71877737E-02       4.89271853E-02
    68.7000       4.71826367E-02       4.89266223E-02
    68.8000       4.71773549E-02       4.89257549E-02
    68.9000       4.71719097E-02       4.89245840E-02
    69.0000       4.71663261E-02       4.89231088E-02
    69.1000       4.71605673E-02       4.89213286E-02
    69.2000       4.71546681E-02       4.89192359E-02
    69.3000       4.71485928E-02       4.89168253E-02
    69.4000       4.71423464E-02       4.89140916E-02
    69.5000       4.71359153E-02       4.89110279E-02
    69.6000       4.71292925E-02       4.89076296E-02
    69.7000       4.71224766E-02       4.89038903E-02
    69.8000       4.71154717E-02       4.88998020E-02
    69.9000       4.71082686E-02       4.88953653E-02
    70.0000       4.71008954E-02       4.88905805E-02
    70.1000       4.70933039E-02       4.88854372E-02
    70.2000       4.70855111E-02       4.88799464E-02
    70.3000       4.70775168E-02       4.88741076E-02
    70.4000       4.70693387E-02       4.88679242E-02
    70.5000       4.70609514E-02       4.88613973E-02
    70.6000       4.70523614E-02       4.88545366E-02
    70.7000       4.70435541E-02       4.88473450E-02
    70.8000       4.70345567E-02       4.88398306E-02
    70.9000       4.70253452E-02       4.88319977E-02
    71.0000       4.70159342E-02       4.88238557E-02
    71.1000       4.70063255E-02       4.88154071E-02
    71.2000       4.69964854E-02       4.88066565E-02
    71.3000       4.69864310E-02       4.87976071E-02
    71.4000       4.69761926E-02       4.87882663E-02
    71.5000       4.69657205E-02       4.87786321E-02
    71.6000       4.69550325E-02       4.87687109E-02
    71.7000       4.69441384E-02       4.87585023E-02
    71.8000       4.69330385E-02       4.87480101E-02
    71.9000       4.69217220E-02       4.87372336E-02
    72.0000       4.69101746E-02       4.87261739E-02
    72.1000       4.68984196E-02       4.87148366E-02
    72.2000       4.68864277E-02       4.87032176E-02
    72.3000       4.68742257E-02       4.86913190E-02
    72.4000       4.68618317E-02       4.86791470E-02
    72.5000       4.68491949E-02       4.86666953E-02
    72.6000       4.68363772E-02       4.86539712E-02
    72.7000       4.68233191E-02       4.86409673E-02
    72.8000       4.68100678E-02       4.86276899E-02
    72.9000       4.67966041E-02       4.86141367E-02
    73.0000       4.67829262E-02       4.86003064E-02
    73.1000       4.67690336E-02       4.85862003E-02
    73.2000       4.67549257E-02       4.85718138E-02
    73.3000       4.67406330E-02       4.85571482E-02
    73.4000       4.67261240E-02       4.85421973E-02
    73.5000       4.67114124E-02       4.85269662E-02
    73.6000       4.66964801E-02       4.85114451E-02
    73.7000       4.66813464E-02       4.84956320E-02
    73.8000       4.66660327E-02       4.84795326E-02
    73.9000       4.66505042E-02       4.84631406E-02
    74.0000       4.66347690E-02       4.84464487E-02
    74.1000       4.66188520E-02       4.84294573E-02
    74.2000       4.66027441E-02       4.84121692E-02
    74.3000       4.65864333E-02       4.83945777E-02
    74.4000       4.65699550E-02       4.83766859E-02
    74.5000       4.65532553E-02       4.83584884E-02
    74.6000       4.65363902E-02       4.83399889E-02
    74.7000       4.65193393E-02       4.83211874E-02
    74.8000       4.65021030E-02       4.83020857E-02
    74.9000       4.64847186E-02       4.82826859E-02
    75.0000       4.64671266E-02       4.82629840E-02
    75.1000       4.64493753E-02       4.82429846E-02
    75.2000       4.64314695E-02       4.82226909E-02
    75.3000       4.64133895E-02       4.82021044E-02
    75.4000       4.63951367E-02       4.81812284E-02
    75.5000       4.63767250E-02       4.81600701E-02
    75.6000       4.63581547E-02       4.81386273E-02
    75.7000       4.63394027E-02       4.81169079E-02
    75.8000       4.63205248E-02       4.80949217E-02
    75.9000       4.63014846E-02       4.80726681E-02
    76.0000       4.62823204E-02       4.80501605E-02
    76.1000       4.62629965E-02       4.80273981E-02
    76.2000       4.62435491E-02       4.80043929E-02
    76.3000       4.62239432E-02       4.79811512E-02
    76.4000       4.62042324E-02       4.79576839E-02
    76.5000       4.61843842E-02       4.79339955E-02
    76.6000       4.61644226E-02       4.79100968E-02
    76.7000       4.61443263E-02       4.78859955E-02
    76.8000       4.61241436E-02       4.78617039E-02
    76.9000       4.61038277E-02       4.78372286E-02
    77.0000       4.60834279E-02       4.78125811E-02
    77.1000       4.60629393E-02       4.77877684E-02
    77.2000       4.60423329E-02       4.77627974E-02
    77.3000       4.60216288E-02       4.77376782E-02
    77.4000       4.60008593E-02       4.77124219E-02
    77.5000       4.59800097E-02       4.76870362E-02
    77.6000       4.59590762E-02       4.76615315E-02
    77.7000       4.59380462E-02       4.76359124E-02
    77.8000       4.59169809E-02       4.76101925E-02
    77.9000       4.58958329E-02       4.75843771E-02
    78.0000       4.58746422E-02       4.75584790E-02
    78.1000       4.58533970E-02       4.75325036E-02
    78.2000       4.58320972E-02       4.75064586E-02
    78.3000       4.58107649E-02       4.74803575E-02
    78.4000       4.57893772E-02       4.74542026E-02
    78.5000       4.57679371E-02       4.74280065E-02
    78.6000       4.57464710E-02       4.74017793E-02
    78.7000       4.57249596E-02       4.73755269E-02
    78.8000       4.57034279E-02       4.73492652E-02
    78.9000       4.56818655E-02       4.73229973E-02
    79.0000       4.56602662E-02       4.72967369E-02
    79.1000       4.56386244E-02       4.72704868E-02
    79.2000       4.56169682E-02       4.72442656E-02
    79.3000       4.55952728E-02       4.72180735E-02
    79.4000       4.55735695E-02       4.71919285E-02
    79.5000       4.55518415E-02       4.71658346E-02
    79.6000       4.55301044E-02       4.71398018E-02
    79.7000       4.55083210E-02       4.71138385E-02
    79.8000       4.54865459E-02       4.70879552E-02
    79.9000       4.54647524E-02       4.70621614E-02
    80.0000       4.54429042E-02       4.70364588E-02
    80.1000       4.54210693E-02       4.70108638E-02
    80.2000       4.53992117E-02       4.69853830E-02
    80.3000       4.53772956E-02       4.69600165E-02
    80.4000       4.53553608E-02       4.69347791E-02
    80.5000       4.53334078E-02       4.69096773E-02
    80.6000       4.53114140E-02       4.68847181E-02
    80.7000       4.52894011E-02       4.68599110E-02
    80.8000       4.52673354E-02       4.68352573E-02
    80.9000       4.52452472E-02       4.68107657E-02
    81.0000       4.52231201E-02       4.67864428E-02
    81.1000       4.52009621E-02       4.67622919E-02
    81.2000       4.51787597E-02       4.67383134E-02
    81.3000       4.51565528E-02       4.67145201E-02
    81.4000       4.51343039E-02       4.66909066E-02
    81.5000       4.51120181E-02       4.66674826E-02
    81.6000       4.50897055E-02       4.66442486E-02
    81.7000       4.50673866E-02       4.66212086E-02
    81.8000       4.50450155E-02       4.65983566E-02
    81.9000       4.50226298E-02       4.65757040E-02
    82.0000       4.50002223E-02       4.65532452E-02
    82.1000       4.49778178E-02       4.65309823E-02
    82.2000       4.49554049E-02       4.65089146E-02
    82.3000       4.49329694E-02       4.64870450E-02
    82.4000       4.49105427E-02       4.64653761E-02
    82.5000       4.48881222E-02       4.64439032E-02
    82.6000       4.48657372E-02       4.64226301E-02
    82.7000       4.48433270E-02       4.64015508E-02
    82.8000       4.48209412E-02       4.63806684E-02
    82.9000       4.47985765E-02       4.63599804E-02
    83.0000       4.47762303E-02       4.63394881E-02
    83.1000       4.47539280E-02       4.63191889E-02
    83.2000       4.47316361E-02       4.62990793E-02
    83.3000       4.47093936E-02       4.62791676E-02
    83.4000       4.46871965E-02       4.62594452E-02
    83.5000       4.46650555E-02       4.62399176E-02
    83.6000       4.46429507E-02       4.62205815E-02
    83.7000       4.46209175E-02       4.62014384E-02
    83.8000       4.45989390E-02       4.61824886E-02
    83.9000       4.45770252E-02       4.61637294E-02
    84.0000       4.45552076E-02       4.61451639E-02
    84.1000       4.45334532E-02       4.61267927E-02
    84.2000       4.45117834E-02       4.61086168E-02
    84.3000       4.44902130E-02       4.60906330E-02
    84.4000       4.44687245E-02       4.60728428E-02
    84.5000       4.44473544E-02       4.60552510E-02
    84.6000       4.44260674E-02       4.60378506E-02
    84.7000       4.44048978E-02       4.60206465E-02
    84.8000       4.43838019E-02       4.60036355E-02
    84.9000       4.43628183E-02       4.59868168E-02
    85.0000       4.43419466E-02       4.59701943E-02
    85.1000       4.43211657E-02       4.59537640E-02
    85.2000       4.43005072E-02       4.59375264E-02
    85.3000       4.42799577E-02       4.59214815E-02
    85.4000       4.42594876E-02       4.59056245E-02
    85.5000       4.42391467E-02       4.58899620E-02
    85.6000       4.42189048E-02       4.58744860E-02
    85.7000       4.41987611E-02       4.58591933E-02
    85.8000       4.41787294E-02       4.58440827E-02
    85.9000       4.41588109E-02       4.58291542E-02
    86.0000       4.41389855E-02       4.58144052E-02
    86.1000       4.41192575E-02       4.57998286E-02
    86.2000       4.40996337E-02       4.57854213E-02
    86.3000       4.40800948E-02       4.57711718E-02
    86.4000       4.40606655E-02       4.57570877E-02
    86.5000       4.40413345E-02       4.57431549E-02
    86.6000       4.40220793E-02       4.57293676E-02
    86.7000       4.40029178E-02       4.57157236E-02
    86.8000       4.39838468E-02       4.57022135E-02
    86.9000       4.39648463E-02       4.56888300E-02
    87.0000       4.39459241E-02       4.56755634E-02
    87.1000       4.39270811E-02       4.56624075E-02
    87.2000       4.39082744E-02       4.56493511E-02
    87.3000       4.38895342E-02       4.56363869E-02
    87.4000       4.38708490E-02       4.56235066E-02
    87.5000       4.38521986E-02       4.56106973E-02
    87.6000       4.38336308E-02       4.55979543E-02
    87.7000       4.38150831E-02       4.55852629E-02
    87.8000       4.37965448E-02       4.55726147E-02
    87.9000       4.37780335E-02       4.55599972E-02
    88.0000       4.37595241E-02       4.55473962E-02
    88.1000       4.37410383E-02       4.55348067E-02
    88.2000       4.37225629E-02       4.55222158E-02
    88.3000       4.37040773E-02       4.55096098E-02
    88.4000       4.36855802E-02       4.54969775E-02
    88.5000       4.36670555E-02       4.54843090E-02
    88.6000       4.36485241E-02       4.54715934E-02
    88.7000       4.36299235E-02       4.54588123E-02
    88.8000       4.36112872E-02       4.54459600E-02
    88.9000       4.35926289E-02       4.54330265E-02
    89.0000       4.35739040E-02       4.54199986E-02
    89.1000       4.35551209E-02       4.54068653E-02
    89.2000       4.35362915E-02       4.53936182E-02
    89.3000       4.35173856E-02       4.53802439E-02
    89.4000       4.34984105E-02       4.53667315E-02
    89.5000       4.34794074E-02       4.53530813E-02
    89.6000       4.34602932E-02       4.53392741E-02
    89.7000       4.34411182E-02       4.53253039E-02
    89.8000       4.34218471E-02       4.53111656E-02
    89.9000       4.34025077E-02       4.52968495E-02
    90.0000       4.33831139E-02       4.52823574E-02
    90.1000       4.33636274E-02       4.52676740E-02
    90.2000       4.33440512E-02       4.52527964E-02
    90.3000       4.33244099E-02       4.52377211E-02
    90.4000       4.33046795E-02       4.52224418E-02
    90.5000       4.32848892E-02       4.52069550E-02
    90.6000       4.32650266E-02       4.51912594E-02
    90.7000       4.32451051E-02       4.51753503E-02
    90.8000       4.32251143E-02       4.51592260E-02
    90.9000       4.32050654E-02       4.51428819E-02
    91.0000       4.31849550E-02       4.51263207E-02
    91.1000       4.31647939E-02       4.51095458E-02
    91.2000       4.31445585E-02       4.50925467E-02
    91.3000       4.31242778E-02       4.50753309E-02
    91.4000       4.31039130E-02       4.50578954E-02
    91.5000       4.30835159E-02       4.50402464E-02
    91.6000       4.30630653E-02       4.50223826E-02
    91.7000       4.30425644E-02       4.50043058E-02
    91.8000       4.30219988E-02       4.49860191E-02
    91.9000       4.30013908E-02       4.49675238E-02
    92.0000       4.29807340E-02       4.49488250E-02
    92.1000       4.29600195E-02       4.49299199E-02
    92.2000       4.29392522E-02       4.49108157E-02
    92.3000       4.29184500E-02       4.48915119E-02
    92.4000       4.28975672E-02       4.48720118E-02
    92.5000       4.28766687E-02       4.48523217E-02
    92.6000       4.28557234E-02       4.48324409E-02
    92.7000       4.28347294E-02       4.48123724E-02
    92.8000       4.28137217E-02       4.47921184E-02
    92.9000       4.27926717E-02       4.47716827E-02
    93.0000       4.27715807E-02       4.47510646E-02
    93.1000       4.27504228E-02       4.47302641E-02
    93.2000       4.27292300E-02       4.47092885E-02
    93.3000       4.27080067E-02       4.46881318E-02
    93.4000       4.26867527E-02       4.46667998E-02
    93.5000       4.26654465E-02       4.46452892E-02
    93.6000       4.26440984E-02       4.46236060E-02
    93.7000       4.26227224E-02       4.46017487E-02
    93.8000       4.26012927E-02       4.45797188E-02
    93.9000       4.25798052E-02       4.45575118E-02
    94.0000       4.25582703E-02       4.45351301E-02
    94.1000       4.25366685E-02       4.45125719E-02
    94.2000       4.25150067E-02       4.44898381E-02
    94.3000       4.24932927E-02       4.44669282E-02
    94.4000       4.24714838E-02       4.44438367E-02
    94.5000       4.24495939E-02       4.44205610E-02
    94.6000       4.24276317E-02       4.43971020E-02
    94.7000       4.24055731E-02       4.43734518E-02
    94.8000       4.23833961E-02       4.43496077E-02
    94.9000       4.23610941E-02       4.43255684E-02
    95.0000       4.23386758E-02       4.43013363E-02
    95.1000       4.23161140E-02       4.42768975E-02
    95.2000       4.22934112E-02       4.42522556E-02
    95.3000       4.22705161E-02       4.42274019E-02
    95.4000       4.22474388E-02       4.42023314E-02
    95.5000       4.22241570E-02       4.41770412E-02
    95.6000       4.22006316E-02       4.41515146E-02
    95.7000       4.21769036E-02       4.41257604E-02
    95.8000       4.21529417E-02       4.40997728E-02
    95.9000       4.21286986E-02       4.40735387E-02
    96.0000       4.21042050E-02       4.40470555E-02
    96.1000       4.20794320E-02       4.40203168E-02
    96.2000       4.20543672E-02       4.39933158E-02
    96.3000       4.20289505E-02       4.39660400E-02
    96.4000       4.20032164E-02       4.39384937E-02
    96.5000       4.19771398E-02       4.39106617E-02
    96.6000       4.19507153E-02       4.38825456E-02
    96.7000       4.19238891E-02       4.38541374E-02
    96.8000       4.18966822E-02       4.38254326E-02
    96.9000       4.18690966E-02       4.37964298E-02
    97.0000       4.18410929E-02       4.37671293E-02
    97.1000       4.18126734E-02       4.37375297E-02
    97.2000       4.17838515E-02       4.37076289E-02
    97.3000       4.17546368E-02       4.36774326E-02
    97.4000       4.17250060E-02       4.36469377E-02
    97.5000       4.16950008E-02       4.36161592E-02
    97.6000       4.16646345E-02       4.35850981E-02
    97.7000       4.16338843E-02       4.35537623E-02
    97.8000       4.16027920E-02       4.35221657E-02
    97.9000       4.15713670E-02       4.34903168E-02
    98.0000       4.15396484E-02       4.34582339E-02
    98.1000       4.15076381E-02       4.34259364E-02
    98.2000       4.14753951E-02       4.33934438E-02
    98.3000       4.14429340E-02       4.33607882E-02
    98.4000       4.14103232E-02       4.33279946E-02
    98.5000       4.13775466E-02       4.32950925E-02
    98.6000       4.13446844E-02       4.32621112E-02
    98.7000       4.13117342E-02       4.32290882E-02
    98.8000       4.12788276E-02       4.31960707E-02
    98.9000       4.12459648E-02       4.31630941E-02
    99.0000       4.12132259E-02       4.31302108E-02
    99.1000       4.11806555E-02       4.30974641E-02
    99.2000       4.11483520E-02       4.30649110E-02
    99.3000       4.11164089E-02       4.30326109E-02
    99.4000       4.10848893E-02       4.30006196E-02
    99.5000       4.10539670E-02       4.29690089E-02
    99.6000       4.10237378E-02       4.29378465E-02
    99.7000       4.09943070E-02       4.29072009E-02
    99.8000       4.09658074E-02       4.28771430E-02
    99.9000       4.09383817E-02       4.28477569E-02
   100.0000       4.09122663E-02       4.28191319E-02
   100.1000       4.08876131E-02       4.27913539E-02
   100.2000       4.08646171E-02       4.27645107E-02
   100.3000       4.08434748E-02       4.27386992E-02
   100.4000       4.08243896E-02       4.27140205E-02
   100.5000       4.08075924E-02       4.26905740E-02
   100.6000       4.07933197E-02       4.26684635E-02
   100.7000       4.07818138E-02       4.26478034E-02
   100.8000       4.07733658E-02       4.26287045E-02
   100.9000       4.07682142E-02       4.26112793E-02
   101.0000       4.07666004E-02       4.25956494E-02
   101.1000       4.07688588E-02       4.25819347E-02
   101.2000       4.07751966E-02       4.25702525E-02
   101.3000       4.07859184E-02       4.25607323E-02
   101.4000       4.08013369E-02       4.25535002E-02
   101.5000       4.08216949E-02       4.25486770E-02
   101.6000       4.08472400E-02       4.25463858E-02
   101.7000       4.08782974E-02       4.25467577E-02
   101.8000       4.09151451E-02       4.25499192E-02
   101.9000       4.09579788E-02       4.25559932E-02
   102.0000       4.10070989E-02       4.25651107E-02
   102.1000       4.10627140E-02       4.25773913E-02
   102.2000       4.11250214E-02       4.25929647E-02
   102.3000       4.11942503E-02       4.26119565E-02
   102.4000       4.12705888E-02       4.26344864E-02
   102.5000       4.13541845E-02       4.26606660E-02
   102.6000       4.14451220E-02       4.26906067E-02
   102.7000       4.15435477E-02       4.27244291E-02
   102.8000       4.16494982E-02       4.27622191E-02
   102.9000       4.17630831E-02       4.28040874E-02
   103.0000       4.18842518E-02       4.28501165E-02
   103.1000       4.20130534E-02       4.29003882E-02
   103.2000       4.21494116E-02       4.29549872E-02
   103.3000       4.22932540E-02       4.30139720E-02
   103.4000       4.24445331E-02       4.30774052E-02
   103.5000       4.26030828E-02       4.31453311E-02
   103.6000       4.27687098E-02       4.32177717E-02
   103.7000       4.29412442E-02       4.32947471E-02
   103.8000       4.31204168E-02       4.33762546E-02
   103.9000       4.33059023E-02       4.34622790E-02
   104.0000       4.34974601E-02       4.35527895E-02
   104.1000       4.36947169E-02       4.36477432E-02
   104.2000       4.38973385E-02       4.37470840E-02
   104.3000       4.41049983E-02       4.38507476E-02
   104.4000       4.43173022E-02       4.39586452E-02
   104.5000       4.45338799E-02       4.40706777E-02
   104.6000       4.47543875E-02       4.41867436E-02
   104.7000       4.49783707E-02       4.43067162E-02
   104.8000       4.52055084E-02       4.44304627E-02
   104.9000       4.54353217E-02       4.45578352E-02
   105.0000       4.56674346E-02       4.46886856E-02
   105.1000       4.59013339E-02       4.48228352E-02
   105.2000       4.61364998E-02       4.49600947E-02
   105.3000       4.63725132E-02       4.51002824E-02
   105.4000       4.66089003E-02       4.52432015E-02
   105.5000       4.68452335E-02       4.53886524E-02
   105.6000       4.70810403E-02       4.55364317E-02
   105.7000       4.73159072E-02       4.56863339E-02
   105.8000       4.75494145E-02       4.58381571E-02
   105.9000       4.77811802E-02       4.59916957E-02
   106.0000       4.80107703E-02       4.61467373E-02
   106.1000       4.82378147E-02       4.63030797E-02
   106.2000       4.84619405E-02       4.64605205E-02
   106.3000       4.86828271E-02       4.66188652E-02
   106.4000       4.89001791E-02       4.67779281E-02
   106.5000       4.91137323E-02       4.69375291E-02
   106.6000       4.93232429E-02       4.70975013E-02
   106.7000       4.95284762E-02       4.72576799E-02
   106.8000       4.97292191E-02       4.74179116E-02
   106.9000       4.99252816E-02       4.75780486E-02
   107.0000       5.01165021E-02       4.77379534E-02
   107.1000       5.03027473E-02       4.78974967E-02
   107.2000       5.04839168E-02       4.80565579E-02
   107.3000       5.06599396E-02       4.82150269E-02
   107.4000       5.08307706E-02       4.83728035E-02
   107.5000       5.09963875E-02       4.85297998E-02
   107.6000       5.11567868E-02       4.86859392E-02
   107.7000       5.13119820E-02       4.88411550E-02
   107.8000       5.14620007E-02       4.89953901E-02
   107.9000       5.16068829E-02       4.91485960E-02
   108.0000       5.17466792E-02       4.93007329E-02
   108.1000       5.18814494E-02       4.94517684E-02
   108.2000       5.20112612E-02       4.96016762E-02
   108.3000       5.21361894E-02       4.97504359E-02
   108.4000       5.22563145E-02       4.98980319E-02
   108.5000       5.23717222E-02       5.00444521E-02
   108.6000       5.24825030E-02       5.01896881E-02
   108.7000       5.25887515E-02       5.03337334E-02
   108.8000       5.26905664E-02       5.04765834E-02
   108.9000       5.27880499E-02       5.06182343E-02
   109.0000       5.28813084E-02       5.07586826E-02
   109.1000       5.29704519E-02       5.08979239E-02
   109.2000       5.30555948E-02       5.10359529E-02
   109.3000       5.31368560E-02       5.11727622E-02
   109.4000       5.32143596E-02       5.13083417E-02
   109.5000       5.32882356E-02       5.14426785E-02
   109.6000       5.33586203E-02       5.15757559E-02
   109.7000       5.34256577E-02       5.17075535E-02
   109.8000       5.34894998E-02       5.18380466E-02
   109.9000       5.35503081E-02       5.19672067E-02
   110.0000       5.36082544E-02       5.20950011E-02
   110.1000       5.36635218E-02       5.22213940E-02
   110.2000       5.37163057E-02       5.23463465E-02
   110.3000       5.37668149E-02       5.24698180E-02
   110.4000       5.38152721E-02       5.25917672E-02
   110.5000       5.38619149E-02       5.27121536E-02
   110.6000       5.39069958E-02       5.28309391E-02
   110.7000       5.39507830E-02       5.29480894E-02
   110.8000       5.39935596E-02       5.30635766E-02
   110.9000       5.40356232E-02       5.31773802E-02
   111.0000       5.40772854E-02       5.32894892E-02
   111.1000       5.41188696E-02       5.33999038E-02
   111.2000       5.41607098E-02       5.35086362E-02
   111.3000       5.42031475E-02       5.36157117E-02
   111.4000       5.42465289E-02       5.37211695E-02
   111.5000       5.42912013E-02       5.38250622E-02
   111.6000       5.43375090E-02       5.39274558E-02
   111.7000       5.43857887E-02       5.40284286E-02
   111.8000       5.44363651E-02       5.41280701E-02
   111.9000       5.44895452E-02       5.42264792E-02
   112.0000       5.45456135E-02       5.43237627E-02
   112.1000       5.46048269E-02       5.44200327E-02
   112.2000       5.46674098E-02       5.45154050E-02
   112.3000       5.47335497E-02       5.46099969E-02
   112.4000       5.48033933E-02       5.47039250E-02
   112.5000       5.48770434E-02       5.47973035E-02
   112.6000       5.49545566E-02       5.48902425E-02
   112.7000       5.50359420E-02       5.49828467E-02
   112.8000       5.51211611E-02       5.50752142E-02
   112.9000       5.52101282E-02       5.51674354E-02
   113.0000       5.53027128E-02       5.52595925E-02
   113.1000       5.53987415E-02       5.53517586E-02
   113.2000       5.54980022E-02       5.54439973E-02
   113.3000       5.56002483E-02       5.55363628E-02
   113.4000       5.57052029E-02       5.56288985E-02
   113.5000       5.58125646E-02       5.57216379E-02
   113.6000       5.59220124E-02       5.58146033E-02
   113.7000       5.60332111E-02       5.59078060E-02
   113.8000       5.61458164E-02       5.60012460E-02
   113.9000       5.62594798E-02       5.60949116E-02
   114.0000       5.63738533E-02       5.61887796E-02
   114.1000       5.64885932E-02       5.62828148E-02
   114.2000       5.66033639E-02       5.63769707E-02
   114.3000       5.67178407E-02       5.64711892E-02
   114.4000       5.68317131E-02       5.65654015E-02
   114.5000       5.69446861E-02       5.66595289E-02
   114.6000       5.70564827E-02       5.67534835E-02
   114.7000       5.71668447E-02       5.68471693E-02
   114.8000       5.72755344E-02       5.69404840E-02
   114.9000       5.73823350E-02       5.70333203E-02
   115.0000       5.74870515E-02       5.71255680E-02
   115.1000       5.75895113E-02       5.72171154E-02
   115.2000       5.76895646E-02       5.73078519E-02
   115.3000       5.77870851E-02       5.73976698E-02
   115.4000       5.78819699E-02       5.74864666E-02
   115.5000       5.79741406E-02       5.75741469E-02
   115.6000       5.80635434E-02       5.76606248E-02
   115.7000       5.81501496E-02       5.77458256E-02
   115.8000       5.82339563E-02       5.78296877E-02
   115.9000       5.83149867E-02       5.79121646E-02
   116.0000       5.83932904E-02       5.79932261E-02
   116.1000       5.84689445E-02       5.80728600E-02
   116.2000       5.85420531E-02       5.81510729E-02
   116.3000       5.86127480E-02       5.82278917E-02
   116.4000       5.86811889E-02       5.83033638E-02
   116.5000       5.87475630E-02       5.83775582E-02
   116.6000       5.88120849E-02       5.84505652E-02
   116.7000       5.88749961E-02       5.85224973E-02
   116.8000       5.89365643E-02       5.85934885E-02
   116.9000       5.89970822E-02       5.86636943E-02
   117.0000       5.90568663E-02       5.87332912E-02
   117.1000       5.91162554E-02       5.88024762E-02
   117.2000       5.91756085E-02       5.88714655E-02
   117.3000       5.92353024E-02       5.89404940E-02
   117.4000       5.92957297E-02       5.90098137E-02
   117.5000       5.93572952E-02       5.90796926E-02
   117.6000       5.94204134E-02       5.91504129E-02
   117.7000       5.94855048E-02       5.92222694E-02
   117.8000       5.95529924E-02       5.92955676E-02
   117.9000       5.96232978E-02       5.93706215E-02
   118.0000       5.96968375E-02       5.94477512E-02
   118.1000       5.97740183E-02       5.95272811E-02
   118.2000       5.98552340E-02       5.96095363E-02
   118.3000       5.99408605E-02       5.96948407E-02
   118.4000       6.00312523E-02       5.97835136E-02
   118.5000       6.01267380E-02       5.98758669E-02
   118.6000       6.02276171E-02       5.99722017E-02
   118.7000       6.03341558E-02       6.00728050E-02
   118.8000       6.04465840E-02       6.01779466E-02
   118.9000       6.05650920E-02       6.02878752E-02
   119.0000       6.06898277E-02       6.04028155E-02
   119.1000       6.08208945E-02       6.05229644E-02
   119.2000       6.09583489E-02       6.06484879E-02
   119.3000       6.11021991E-02       6.07795178E-02
   119.4000       6.12524039E-02       6.09161487E-02
   119.5000       6.14088718E-02       6.10584352E-02
   119.6000       6.15714609E-02       6.12063898E-02
   119.7000       6.17399790E-02       6.13599804E-02
   119.8000       6.19141844E-02       6.15191291E-02
   119.9000       6.20937868E-02       6.16837109E-02
   120.0000       6.22784493E-02       6.18535535E-02
   120.1000       6.24677900E-02       6.20284369E-02
   120.2000       6.26613851E-02       6.22080949E-02
   120.3000       6.28587712E-02       6.23922159E-02
   120.4000       6.30594493E-02       6.25804458E-02
   120.5000       6.32628884E-02       6.27723903E-02
   120.6000       6.34685300E-02       6.29676188E-02
   120.7000       6.36757921E-02       6.31656689E-02
   120.8000       6.38840752E-02       6.33660507E-02
   120.9000       6.40927666E-02       6.35682527E-02
   121.0000       6.43012468E-02       6.37717472E-02
   121.1000       6.45088945E-02       6.39759968E-02
   121.2000       6.47150930E-02       6.41804605E-02
   121.3000       6.49192358E-02       6.43846002E-02
   121.4000       6.51207321E-02       6.45878871E-02
   121.5000       6.53190131E-02       6.47898078E-02
   121.6000       6.55135363E-02       6.49898703E-02
   121.7000       6.57037913E-02       6.51876094E-02
   121.8000       6.58893034E-02       6.53825916E-02
   121.9000       6.60696375E-02       6.55744194E-02
   122.0000       6.62444015E-02       6.57627348E-02
   122.1000       6.64132480E-02       6.59472223E-02
   122.2000       6.65758764E-02       6.61276105E-02
   122.3000       6.67320332E-02       6.63036737E-02
   122.4000       6.68815119E-02       6.64752320E-02
   122.5000       6.70241526E-02       6.66421511E-02
   122.6000       6.71598401E-02       6.68043408E-02
   122.7000       6.72885022E-02       6.69617532E-02
   122.8000       6.74101066E-02       6.71143804E-02
   122.9000       6.75246583E-02       6.72622510E-02
   123.0000       6.76321964E-02       6.74054267E-02
   123.1000       6.77327901E-02       6.75439984E-02
   123.2000       6.78265359E-02       6.76780820E-02
   123.3000       6.79135538E-02       6.78078136E-02
   123.4000       6.79939840E-02       6.79333452E-02
   123.5000       6.80679841E-02       6.80548403E-02
   123.6000       6.81357261E-02       6.81724692E-02
   123.7000       6.81973947E-02       6.82864050E-02
   123.8000       6.82531849E-02       6.83968197E-02
   123.9000       6.83033010E-02       6.85038809E-02
   124.0000       6.83479556E-02       6.86077487E-02
   124.1000       6.83873696E-02       6.87085734E-02
   124.2000       6.84217720E-02       6.88064940E-02
   124.3000       6.84514009E-02       6.89016374E-02
   124.4000       6.84765048E-02       6.89941178E-02
   124.5000       6.84973439E-02       6.90840383E-02
   124.6000       6.85141924E-02       6.91714917E-02
   124.7000       6.85273405E-02       6.92565635E-02
   124.8000       6.85370975E-02       6.93393348E-02
   124.9000       6.85437940E-02       6.94198867E-02
   125.0000       6.85477852E-02       6.94983048E-02
   125.1000       6.85494536E-02       6.95746848E-02
   125.2000       6.85492114E-02       6.96491379E-02
   125.3000       6.85475037E-02       6.97217971E-02
   125.4000       6.85448103E-02       6.97928235E-02
   125.5000       6.85416471E-02       6.98624123E-02
   125.6000       6.85385681E-02       6.99307981E-02
   125.7000       6.85361650E-02       6.99982607E-02
   125.8000       6.85350676E-02       7.00651288E-02
   125.9000       6.85359421E-02       7.01317835E-02
   126.0000       6.85394887E-02       7.01986600E-02
   126.1000       6.85464390E-02       7.02662478E-02
   126.2000       6.85575506E-02       7.03350890E-02
   126.3000       6.85736020E-02       7.04057751E-02
   126.4000       6.85953856E-02       7.04789411E-02
   126.5000       6.86236994E-02       7.05552577E-02
   126.6000       6.86593379E-02       7.06354221E-02
   126.7000       6.87030822E-02       7.07201456E-02
   126.8000       6.87556883E-02       7.08101407E-02
   126.9000       6.88178758E-02       7.09061063E-02
   127.0000       6.88903150E-02       7.10087115E-02
   127.1000       6.89736149E-02       7.11185795E-02
   127.2000       6.90683100E-02       7.12362714E-02
   127.3000       6.91748482E-02       7.13622698E-02
   127.4000       6.92935793E-02       7.14969650E-02
   127.5000       6.94247436E-02       7.16406410E-02
   127.6000       6.95684625E-02       7.17934655E-02
   127.7000       6.97247309E-02       7.19554809E-02
   127.8000       6.98934097E-02       7.21265995E-02
   127.9000       7.00742226E-02       7.23066009E-02
   128.0000       7.02667528E-02       7.24951326E-02
   128.1000       7.04704437E-02       7.26917141E-02
   128.2000       7.06846011E-02       7.28957433E-02
   128.3000       7.09083974E-02       7.31065057E-02
   128.4000       7.11408794E-02       7.33231854E-02
   128.5000       7.13809765E-02       7.35448779E-02
   128.6000       7.16275125E-02       7.37706042E-02
   128.7000       7.18792181E-02       7.39993251E-02
   128.8000       7.21347452E-02       7.42299563E-02
   128.9000       7.23926828E-02       7.44613831E-02
   129.0000       7.26515734E-02       7.46924739E-02
   129.1000       7.29099302E-02       7.49220947E-02
   129.2000       7.31662547E-02       7.51491204E-02
   129.3000       7.34190543E-02       7.53724473E-02
   129.4000       7.36668597E-02       7.55910025E-02
   129.5000       7.39082422E-02       7.58037542E-02
   129.6000       7.41418297E-02       7.60097194E-02
   129.7000       7.43663229E-02       7.62079719E-02
   129.8000       7.45805098E-02       7.63976490E-02
   129.9000       7.47832794E-02       7.65779578E-02
   130.0000       7.49736346E-02       7.67481811E-02
   130.1000       7.51507037E-02       7.69076830E-02
   130.2000       7.53137508E-02       7.70559143E-02
   130.3000       7.54621850E-02       7.71924174E-02
   130.4000       7.55955679E-02       7.73168318E-02
   130.5000       7.57136211E-02       7.74288991E-02
   130.6000       7.58162302E-02       7.75284672E-02
   130.7000       7.59034497E-02       7.76154954E-02
   130.8000       7.59755042E-02       7.76900584E-02
   130.9000       7.60327898E-02       7.77523492E-02
   131.0000       7.60758722E-02       7.78026824E-02
   131.1000       7.61054837E-02       7.78414951E-02
   131.2000       7.61225179E-02       7.78693474E-02
   131.3000       7.61280221E-02       7.78869207E-02
   131.4000       7.61231873E-02       7.78950140E-02
   131.5000       7.61093360E-02       7.78945388E-02
   131.6000       7.60879072E-02       7.78865111E-02
   131.7000       7.60604389E-02       7.78720409E-02
   131.8000       7.60285487E-02       7.78523196E-02
   131.9000       7.59939116E-02       7.78286049E-02
   132.0000       7.59582359E-02       7.78022030E-02
   132.1000       7.59232383E-02       7.77744500E-02
   132.2000       7.58906168E-02       7.77466899E-02
   132.3000       7.58620237E-02       7.77202532E-02
   132.4000       7.58390384E-02       7.76964340E-02
   132.5000       7.58231413E-02       7.76764669E-02
   132.6000       7.58156882E-02       7.76615053E-02
   132.7000       7.58178875E-02       7.76526006E-02
   132.8000       7.58307797E-02       7.76506830E-02
   132.9000       7.58552202E-02       7.76565455E-02
   133.0000       7.58918659E-02       7.76708302E-02
   133.1000       7.59411652E-02       7.76940184E-02
   133.2000       7.60033533E-02       7.77264241E-02
   133.3000       7.60784506E-02       7.77681908E-02
   133.4000       7.61662661E-02       7.78192930E-02
   133.5000       7.62664049E-02       7.78795400E-02
   133.6000       7.63782786E-02       7.79485841E-02
   133.7000       7.65011201E-02       7.80259309E-02
   133.8000       7.66340003E-02       7.81109526E-02
   133.9000       7.67758473E-02       7.82029032E-02
   134.0000       7.69254677E-02       7.83009355E-02
   134.1000       7.70815685E-02       7.84041182E-02
   134.2000       7.72427795E-02       7.85114551E-02
   134.3000       7.74076764E-02       7.86219034E-02
   134.4000       7.75748023E-02       7.87343917E-02
   134.5000       7.77426899E-02       7.88478379E-02
   134.6000       7.79098812E-02       7.89611658E-02
   134.7000       7.80749464E-02       7.90733212E-02
   134.8000       7.82365011E-02       7.91832855E-02
   134.9000       7.83932218E-02       7.92900893E-02
   135.0000       7.85438598E-02       7.93928237E-02
   135.1000       7.86872528E-02       7.94906501E-02
   135.2000       7.88223353E-02       7.95828093E-02
   135.3000       7.89481474E-02       7.96686282E-02
   135.4000       7.90638415E-02       7.97475261E-02
   135.5000       7.91686881E-02       7.98190190E-02
   135.6000       7.92620805E-02       7.98827237E-02
   135.7000       7.93435380E-02       7.99383596E-02
   135.8000       7.94127085E-02       7.99857511E-02
   135.9000       7.94693702E-02       8.00248283E-02
   136.0000       7.95134330E-02       8.00556272E-02
   136.1000       7.95449391E-02       8.00782896E-02
   136.2000       7.95640638E-02       8.00930623E-02
   136.3000       7.95711150E-02       8.01002962E-02
   136.4000       7.95665342E-02       8.01004452E-02
   136.5000       7.95508957E-02       8.00940641E-02
   136.6000       7.95249064E-02       8.00818073E-02
   136.7000       7.94894054E-02       8.00644267E-02
   136.8000       7.94453626E-02       8.00427692E-02
   136.9000       7.93938779E-02       8.00177744E-02
   137.0000       7.93361777E-02       7.99904713E-02
   137.1000       7.92736123E-02       7.99619746E-02
   137.2000       7.92076502E-02       7.99334801E-02
   137.3000       7.91398715E-02       7.99062589E-02
   137.4000       7.90719584E-02       7.98816509E-02
   137.5000       7.90056831E-02       7.98610555E-02
   137.6000       7.89428928E-02       7.98459213E-02
   137.7000       7.88854905E-02       7.98377332E-02
   137.8000       7.88354131E-02       7.98379968E-02
   137.9000       7.87946039E-02       7.98482206E-02
   138.0000       7.87649833E-02       7.98698949E-02
   138.1000       7.87484142E-02       7.99044684E-02
   138.2000       7.87466653E-02       7.99533215E-02
   138.3000       7.87613725E-02       8.00177389E-02
   138.4000       7.87939982E-02       8.00988791E-02
   138.5000       7.88457922E-02       8.01977445E-02
   138.6000       7.89177540E-02       8.03151513E-02
   138.7000       7.90105981E-02       8.04517005E-02
   138.8000       7.91247257E-02       8.06077529E-02
   138.9000       7.92602023E-02       8.07834069E-02
   139.0000       7.94167441E-02       8.09784823E-02
   139.1000       7.95937133E-02       8.11925100E-02
   139.2000       7.97901231E-02       8.14247287E-02
   139.3000       8.00046525E-02       8.16740899E-02
   139.4000       8.02356709E-02       8.19392693E-02
   139.5000       8.04812702E-02       8.22186866E-02
   139.6000       8.07393049E-02       8.25105314E-02
   139.7000       8.10074373E-02       8.28127954E-02
   139.8000       8.12831857E-02       8.31233082E-02
   139.9000       8.15639754E-02       8.34397778E-02
   140.0000       8.18471886E-02       8.37598312E-02
   140.1000       8.21302131E-02       8.40810564E-02
   140.2000       8.24104874E-02       8.44010438E-02
   140.3000       8.26855420E-02       8.47174244E-02
   140.4000       8.29530356E-02       8.50279058E-02
   140.5000       8.32107856E-02       8.53303052E-02
   140.6000       8.34567938E-02       8.56225771E-02
   140.7000       8.36892661E-02       8.59028381E-02
   140.8000       8.39066276E-02       8.61693862E-02
   140.9000       8.41075326E-02       8.64207175E-02
   141.0000       8.42908712E-02       8.66555378E-02
   141.1000       8.44557722E-02       8.68727711E-02
   141.2000       8.46016025E-02       8.70715657E-02
   141.3000       8.47279652E-02       8.72512964E-02
   141.4000       8.48346950E-02       8.74115650E-02
   141.5000       8.49218520E-02       8.75521990E-02
   141.6000       8.49897154E-02       8.76732474E-02
   141.7000       8.50387746E-02       8.77749766E-02
   141.8000       8.50697211E-02       8.78578635E-02
   141.9000       8.50834386E-02       8.79225880E-02
   142.0000       8.50809930E-02       8.79700242E-02
   142.1000       8.50636217E-02       8.80012304E-02
   142.2000       8.50327219E-02       8.80174375E-02
   142.3000       8.49898384E-02       8.80200371E-02
   142.4000       8.49366503E-02       8.80105670E-02
   142.5000       8.48749568E-02       8.79906963E-02
   142.6000       8.48066616E-02       8.79622079E-02
   142.7000       8.47337566E-02       8.79269810E-02
   142.8000       8.46583034E-02       8.78869702E-02
   142.9000       8.45824139E-02       8.78441846E-02
   143.0000       8.45082299E-02       8.78006641E-02
   143.1000       8.44379001E-02       8.77584556E-02
   143.2000       8.43735568E-02       8.77195869E-02
   143.3000       8.43172906E-02       8.76860406E-02
   143.4000       8.42711249E-02       8.76597272E-02
   143.5000       8.42369889E-02       8.76424576E-02
   143.6000       8.42166903E-02       8.76359173E-02
   143.7000       8.42118882E-02       8.76416401E-02
   143.8000       8.42240664E-02       8.76609847E-02
   143.9000       8.42545075E-02       8.76951126E-02
   144.0000       8.43042689E-02       8.77449691E-02
   144.1000       8.43741604E-02       8.78112676E-02
   144.2000       8.44647252E-02       8.78944776E-02
   144.3000       8.45762241E-02       8.79948167E-02
   144.4000       8.47086234E-02       8.81122472E-02
   144.5000       8.48615873E-02       8.82464771E-02
   144.6000       8.50344760E-02       8.83969649E-02
   144.7000       8.52263475E-02       8.85629301E-02
   144.8000       8.54359663E-02       8.87433656E-02
   144.9000       8.56618162E-02       8.89370556E-02
   145.0000       8.59021192E-02       8.91425949E-02
   145.1000       8.61548589E-02       8.93584118E-02
   145.2000       8.64178091E-02       8.95827918E-02
   145.3000       8.66885656E-02       8.98139039E-02
   145.4000       8.69645822E-02       9.00498267E-02
   145.5000       8.72432090E-02       9.02885754E-02
   145.6000       8.75217334E-02       9.05281286E-02
   145.7000       8.77974214E-02       9.07664554E-02
   145.8000       8.80675607E-02       9.10015416E-02
   145.9000       8.83295027E-02       9.12314158E-02
   146.0000       8.85807044E-02       9.14541752E-02
   146.1000       8.88187692E-02       9.16680105E-02
   146.2000       8.90414850E-02       9.18712303E-02
   146.3000       8.92468612E-02       9.20622857E-02
   146.4000       8.94331622E-02       9.22397931E-02
   146.5000       8.95989382E-02       9.24025570E-02
   146.6000       8.97430522E-02       9.25495916E-02
   146.7000       8.98647033E-02       9.26801402E-02
   146.8000       8.99634458E-02       9.27936937E-02
   146.9000       9.00392027E-02       9.28900051E-02
   147.0000       9.00922749E-02       9.29691022E-02
   147.1000       9.01233431E-02       9.30312946E-02
   147.2000       9.01334649E-02       9.30771777E-02
   147.3000       9.01240630E-02       9.31076298E-02
   147.4000       9.00969076E-02       9.31238035E-02
   147.5000       9.00540897E-02       9.31271113E-02
   147.6000       8.99979874E-02       9.31192032E-02
   147.7000       8.99312234E-02       9.31019381E-02
   147.8000       8.98566157E-02       9.30773485E-02
   147.9000       8.97771207E-02       9.30475987E-02
   148.0000       8.96957710E-02       9.30149382E-02
   148.1000       8.96156082E-02       9.29816503E-02
   148.2000       8.95396138E-02       9.29499991E-02
   148.3000       8.94706383E-02       9.29221743E-02
   148.4000       8.94113330E-02       9.29002376E-02
   148.5000       8.93640849E-02       9.28860716E-02
   148.6000       8.93309587E-02       9.28813331E-02
   148.7000       8.93136469E-02       9.28874127E-02
   148.8000       8.93134307E-02       9.29054026E-02
   148.9000       8.93311528E-02       9.29360731E-02
   149.0000       8.93672031E-02       9.29798584E-02
   149.1000       8.94215188E-02       9.30368534E-02
   149.2000       8.94935971E-02       9.31068200E-02
   149.3000       8.95825211E-02       9.31892031E-02
   149.4000       8.96869968E-02       9.32831554E-02
   149.5000       8.98054004E-02       9.33875695E-02
   149.6000       8.99358333E-02       9.35011166E-02
   149.7000       9.00761823E-02       9.36222888E-02
   149.8000       9.02241839E-02       9.37494453E-02
   149.9000       9.03774891E-02       9.38808596E-02
   150.0000       9.05337272E-02       9.40147661E-02
   150.1000       9.06905679E-02       9.41494057E-02
   150.2000       9.08457772E-02       9.42830683E-02
   150.3000       9.09972697E-02       9.44141324E-02
   150.4000       9.11431528E-02       9.45410994E-02
   150.5000       9.12817643E-02       9.46626234E-02
   150.6000       9.14117027E-02       9.47775365E-02
   150.7000       9.15318493E-02       9.48848676E-02
   150.8000       9.16413825E-02       9.49838566E-02
   150.9000       9.17397856E-02       9.50739633E-02
   151.0000       9.18268459E-02       9.51548708E-02
   151.1000       9.19026487E-02       9.52264846E-02
   151.2000       9.19675634E-02       9.52889267E-02
   151.3000       9.20222250E-02       9.53425258E-02
   151.4000       9.20675097E-02       9.53878031E-02
   151.5000       9.21045058E-02       9.54254554E-02
   151.6000       9.21344811E-02       9.54563341E-02
   151.7000       9.21588457E-02       9.54814223E-02
   151.8000       9.21791139E-02       9.55018090E-02
   151.9000       9.21968623E-02       9.55186620E-02
   152.0000       9.22136889E-02       9.55331997E-02
   152.1000       9.22311705E-02       9.55466617E-02
   152.2000       9.22508220E-02       9.55602804E-02
   152.3000       9.22740582E-02       9.55752525E-02
   152.4000       9.23021580E-02       9.55927131E-02
   152.5000       9.23362335E-02       9.56137112E-02
   152.6000       9.23772047E-02       9.56391889E-02
   152.7000       9.24257802E-02       9.56699644E-02
   152.8000       9.24824460E-02       9.57067187E-02
   152.9000       9.25474611E-02       9.57499887E-02
   153.0000       9.26208632E-02       9.58001639E-02
   153.1000       9.27024813E-02       9.58574900E-02
   153.2000       9.27919577E-02       9.59220773E-02
   153.3000       9.28887775E-02       9.59939148E-02
   153.4000       9.29923042E-02       9.60728883E-02
   153.5000       9.31018219E-02       9.61588036E-02
   153.6000       9.32165807E-02       9.62514118E-02
   153.7000       9.33358435E-02       9.63504376E-02
   153.8000       9.34589332E-02       9.64556069E-02
   153.9000       9.35852768E-02       9.65666750E-02
   154.0000       9.37144443E-02       9.66834514E-02
   154.1000       9.38461808E-02       9.68058218E-02
   154.2000       9.39804289E-02       9.69337637E-02
   154.3000       9.41173400E-02       9.70673575E-02
   154.4000       9.42572735E-02       9.72067885E-02
   154.5000       9.44007834E-02       9.73523424E-02
   154.6000       9.45485916E-02       9.75043921E-02
   154.7000       9.47015499E-02       9.76633772E-02
   154.8000       9.48605906E-02       9.78297756E-02
   154.9000       9.50266697E-02       9.80040700E-02
   155.0000       9.52007037E-02       9.81867092E-02
   155.1000       9.53835039E-02       9.83780671E-02
   155.2000       9.55757121E-02       9.85784007E-02
   155.3000       9.57777397E-02       9.87878099E-02
   155.4000       9.59897146E-02       9.90062006E-02
   155.5000       9.62114379E-02       9.92332536E-02
   155.6000       9.64423535E-02       9.94684005E-02
   155.7000       9.66815301E-02       9.97108081E-02
   155.8000       9.69276593E-02       9.99593729E-02
   155.9000       9.71790671E-02       1.00212724E-01
   156.0000       9.74337389E-02       1.00469238E-01
   156.1000       9.76893574E-02       1.00727062E-01
   156.2000       9.79433501E-02       1.00984141E-01
   156.3000       9.81929454E-02       1.01238262E-01
   156.4000       9.84352339E-02       1.01487094E-01
   156.5000       9.86672333E-02       1.01728239E-01
   156.6000       9.88859547E-02       1.01959277E-01
   156.7000       9.90884679E-02       1.02177824E-01
   156.8000       9.92719636E-02       1.02381576E-01
   156.9000       9.94338129E-02       1.02568364E-01
   157.0000       9.95716216E-02       1.02736193E-01
   157.1000       9.96832786E-02       1.02883289E-01
   157.2000       9.97669997E-02       1.03008133E-01
   157.3000       9.98213648E-02       1.03109496E-01
   157.4000       9.98453496E-02       1.03186465E-01
   157.5000       9.98383517E-02       1.03238464E-01
   157.6000       9.98002113E-02       1.03265274E-01
   157.7000       9.97312262E-02       1.03267041E-01
   157.8000       9.96321620E-02       1.03244288E-01
   157.9000       9.95042564E-02       1.03197909E-01
   158.0000       9.93492183E-02       1.03129170E-01
   158.1000       9.91692197E-02       1.03039698E-01
   158.2000       9.89668827E-02       1.02931468E-01
   158.3000       9.87452574E-02       1.02806780E-01
   158.4000       9.85077926E-02       1.02668233E-01
   158.5000       9.82582978E-02       1.02518698E-01
   158.6000       9.80008951E-02       1.02361271E-01
   158.7000       9.77399621E-02       1.02199239E-01
   158.8000       9.74800639E-02       1.02036023E-01
   158.9000       9.72258768E-02       1.01875123E-01
   159.0000       9.69821026E-02       1.01720065E-01
   159.1000       9.67533762E-02       1.01574328E-01
   159.2000       9.65441685E-02       1.01441283E-01
   159.3000       9.63586875E-02       1.01324127E-01
   159.4000       9.62007812E-02       1.01225811E-01
   159.5000       9.60738453E-02       1.01148984E-01
   159.6000       9.59807409E-02       1.01095930E-01
   159.7000       9.59237246E-02       1.01068523E-01
   159.8000       9.59043952E-02       1.01068185E-01
   159.9000       9.59236599E-02       1.01095855E-01
   160.0000       9.59817206E-02       1.01151981E-01
   160.1000       9.60780813E-02       1.01236511E-01
   160.2000       9.62115772E-02       1.01348912E-01
   160.3000       9.63804217E-02       1.01488189E-01
   160.4000       9.65822701E-02       1.01652928E-01
   160.5000       9.68142961E-02       1.01841338E-01
   160.6000       9.70732774E-02       1.02051308E-01
   160.7000       9.73556858E-02       1.02280465E-01
   160.8000       9.76577787E-02       1.02526236E-01
   160.9000       9.79756879E-02       1.02785909E-01
   161.0000       9.83055030E-02       1.03056692E-01
   161.1000       9.86433468E-02       1.03335765E-01
   161.2000       9.89854424E-02       1.03620336E-01
   161.3000       9.93281689E-02       1.03907676E-01
   161.4000       9.96681085E-02       1.04195165E-01
   161.5000       1.00002083E-01       1.04480312E-01
   161.6000       1.00327179E-01       1.04760789E-01
   161.7000       1.00640773E-01       1.05034445E-01
   161.8000       1.00940538E-01       1.05299320E-01
   161.9000       1.01224455E-01       1.05553661E-01
   162.0000       1.01490814E-01       1.05795921E-01
   162.1000       1.01738218E-01       1.06024775E-01
   162.2000       1.01965576E-01       1.06239115E-01
   162.3000       1.02172104E-01       1.06438062E-01
   162.4000       1.02357322E-01       1.06620959E-01
   162.5000       1.02521046E-01       1.06787381E-01
   162.6000       1.02663390E-01       1.06937136E-01
   162.7000       1.02784758E-01       1.07070259E-01
   162.8000       1.02885840E-01       1.07187024E-01
   162.9000       1.02967608E-01       1.07287933E-01
   163.0000       1.03031307E-01       1.07373718E-01
   163.1000       1.03078447E-01       1.07445336E-01
   163.2000       1.03110788E-01       1.07503960E-01
   163.3000       1.03130321E-01       1.07550965E-01
   163.4000       1.03139245E-01       1.07587913E-01
   163.5000       1.03139935E-01       1.07616531E-01
   163.6000       1.03134905E-01       1.07638681E-01
   163.7000       1.03126762E-01       1.07656325E-01
   163.8000       1.03118149E-01       1.07671489E-01
   163.9000       1.03111689E-01       1.07686214E-01
   164.0000       1.03109917E-01       1.07702507E-01
   164.1000       1.03115209E-01       1.07722287E-01
   164.2000       1.03129712E-01       1.07747332E-01
   164.3000       1.03155276E-01       1.07779224E-01
   164.4000       1.03193391E-01       1.07819299E-01
   164.5000       1.03245134E-01       1.07868603E-01
   164.6000       1.03311131E-01       1.07927856E-01
   164.7000       1.03391529E-01       1.07997430E-01
   164.8000       1.03485997E-01       1.08077335E-01
   164.9000       1.03593734E-01       1.08167224E-01
   165.0000       1.03713507E-01       1.08266410E-01
   165.1000       1.03843699E-01       1.08373895E-01
   165.2000       1.03982378E-01       1.08488417E-01
   165.3000       1.04127375E-01       1.08608502E-01
   165.4000       1.04276370E-01       1.08732522E-01
   165.5000       1.04426979E-01       1.08858764E-01
   165.6000       1.04576845E-01       1.08985492E-01
   165.7000       1.04723717E-01       1.09111010E-01
   165.8000       1.04865524E-01       1.09233718E-01
   165.9000       1.05000434E-01       1.09352165E-01
   166.0000       1.05126906E-01       1.09465083E-01
   166.1000       1.05243717E-01       1.09571418E-01
   166.2000       1.05349983E-01       1.09670353E-01
   166.3000       1.05445166E-01       1.09761309E-01
   166.4000       1.05529060E-01       1.09843950E-01
   166.5000       1.05601773E-01       1.09918167E-01
   166.6000       1.05663701E-01       1.09984063E-01
   166.7000       1.05715481E-01       1.10041932E-01
   166.8000       1.05757960E-01       1.10092225E-01
   166.9000       1.05792134E-01       1.10135521E-01
   167.0000       1.05819110E-01       1.10172495E-01
   167.1000       1.05840048E-01       1.10203884E-01
   167.2000       1.05856112E-01       1.10230450E-01
   167.3000       1.05868429E-01       1.10252950E-01
   167.4000       1.05878035E-01       1.10272107E-01
   167.5000       1.05885846E-01       1.10288581E-01
   167.6000       1.05892617E-01       1.10302946E-01
   167.7000       1.05898917E-01       1.10315670E-01
   167.8000       1.05905109E-01       1.10327100E-01
   167.9000       1.05911337E-01       1.10337451E-01
   168.0000       1.05917518E-01       1.10346801E-01
   168.1000       1.05923351E-01       1.10355093E-01
   168.2000       1.05928322E-01       1.10362137E-01
   168.3000       1.05931731E-01       1.10367626E-01
   168.4000       1.05932715E-01       1.10371148E-01
   168.5000       1.05930287E-01       1.10372214E-01
   168.6000       1.05923382E-01       1.10370282E-01
   168.7000       1.05910910E-01       1.10364795E-01
   168.8000       1.05891810E-01       1.10355216E-01
   168.9000       1.05865121E-01       1.10341071E-01
   169.0000       1.05830048E-01       1.10321999E-01
   169.1000       1.05786034E-01       1.10297796E-01
   169.2000       1.05732832E-01       1.10268466E-01
   169.3000       1.05670580E-01       1.10234265E-01
   169.4000       1.05599861E-01       1.10195753E-01
   169.5000       1.05521763E-01       1.10153824E-01
   169.6000       1.05437922E-01       1.10109743E-01
   169.7000       1.05350551E-01       1.10065157E-01
   169.8000       1.05262438E-01       1.10022103E-01
   169.9000       1.05176929E-01       1.09982992E-01
   170.0000       1.05097866E-01       1.09950571E-01
   170.1000       1.05029505E-01       1.09927864E-01
   170.2000       1.04976387E-01       1.09918094E-01
   170.3000       1.04943179E-01       1.09924573E-01
   170.4000       1.04934492E-01       1.09950583E-01
   170.5000       1.04954664E-01       1.09999231E-01
   170.6000       1.05007545E-01       1.10073305E-01
   170.7000       1.05096277E-01       1.10175117E-01
   170.8000       1.05223093E-01       1.10306370E-01
   170.9000       1.05389154E-01       1.10468030E-01
   171.0000       1.05594423E-01       1.10660233E-01
   171.1000       1.05837607E-01       1.10882226E-01
   171.2000       1.06116159E-01       1.11132351E-01
   171.3000       1.06426347E-01       1.11408068E-01
   171.4000       1.06763380E-01       1.11706030E-01
   171.5000       1.07121592E-01       1.12022187E-01
   171.6000       1.07494663E-01       1.12351930E-01
   171.7000       1.07875863E-01       1.12690255E-01
   171.8000       1.08258305E-01       1.13031940E-01
   171.9000       1.08635191E-01       1.13371723E-01
   172.0000       1.09000044E-01       1.13704481E-01
   172.1000       1.09346905E-01       1.14025391E-01
   172.2000       1.09670501E-01       1.14330066E-01
   172.3000       1.09966376E-01       1.14614676E-01
   172.4000       1.10230984E-01       1.14876040E-01
   172.5000       1.10461744E-01       1.15111690E-01
   172.6000       1.10657068E-01       1.15319910E-01
   172.7000       1.10816357E-01       1.15499756E-01
   172.8000       1.10939971E-01       1.15651045E-01
   172.9000       1.11029180E-01       1.15774334E-01
   173.0000       1.11086099E-01       1.15870878E-01
   173.1000       1.11113602E-01       1.15942569E-01
   173.2000       1.11115228E-01       1.15991872E-01
   173.3000       1.11095077E-01       1.16021739E-01
   173.4000       1.11057693E-01       1.16035525E-01
   173.5000       1.11007941E-01       1.16036884E-01
   173.6000       1.10950881E-01       1.16029672E-01
   173.7000       1.10891631E-01       1.16017834E-01
   173.8000       1.10835236E-01       1.16005302E-01
   173.9000       1.10786535E-01       1.15995881E-01
   174.0000       1.10750027E-01       1.15993145E-01
   174.1000       1.10729751E-01       1.16000341E-01
   174.2000       1.10729173E-01       1.16020294E-01
   174.3000       1.10751089E-01       1.16055328E-01
   174.4000       1.10797543E-01       1.16107202E-01
   174.5000       1.10869768E-01       1.16177060E-01
   174.6000       1.10968150E-01       1.16265397E-01
   174.7000       1.11092217E-01       1.16372047E-01
   174.8000       1.11240649E-01       1.16496193E-01
   174.9000       1.11411324E-01       1.16636391E-01
   175.0000       1.11601378E-01       1.16790615E-01
   175.1000       1.11807288E-01       1.16956321E-01
   175.2000       1.12024983E-01       1.17130523E-01
   175.3000       1.12249958E-01       1.17309884E-01
   175.4000       1.12477409E-01       1.17490813E-01
   175.5000       1.12702371E-01       1.17669573E-01
   175.6000       1.12919858E-01       1.17842387E-01
   175.7000       1.13125004E-01       1.18005545E-01
   175.8000       1.13313200E-01       1.18155515E-01
   175.9000       1.13480220E-01       1.18289042E-01
   176.0000       1.13622338E-01       1.18403238E-01
   176.1000       1.13736431E-01       1.18495674E-01
   176.2000       1.13820071E-01       1.18564447E-01
   176.3000       1.13871592E-01       1.18608244E-01
   176.4000       1.13890149E-01       1.18626391E-01
   176.5000       1.13875745E-01       1.18618883E-01
   176.6000       1.13829250E-01       1.18586397E-01
   176.7000       1.13752388E-01       1.18530293E-01
   176.8000       1.13647707E-01       1.18452588E-01
   176.9000       1.13518523E-01       1.18355918E-01
   177.0000       1.13368837E-01       1.18243468E-01
   177.1000       1.13203237E-01       1.18118897E-01
   177.2000       1.13026771E-01       1.17986232E-01
   177.3000       1.12844803E-01       1.17849751E-01
   177.4000       1.12662855E-01       1.17713852E-01
   177.5000       1.12486436E-01       1.17582917E-01
   177.6000       1.12320870E-01       1.17461169E-01
   177.7000       1.12171125E-01       1.17352536E-01
   177.8000       1.12041656E-01       1.17260527E-01
   177.9000       1.11936263E-01       1.17188122E-01
   178.0000       1.11857981E-01       1.17137686E-01
   178.1000       1.11808994E-01       1.17110911E-01
   178.2000       1.11790593E-01       1.17108788E-01
   178.3000       1.11803166E-01       1.17131605E-01
   178.4000       1.11846227E-01       1.17178975E-01
   178.5000       1.11918479E-01       1.17249900E-01
   178.6000       1.12017910E-01       1.17342835E-01
   178.7000       1.12141901E-01       1.17455794E-01
   178.8000       1.12287364E-01       1.17586444E-01
   178.9000       1.12450881E-01       1.17732219E-01
   179.0000       1.12628840E-01       1.17890423E-01
   179.1000       1.12817572E-01       1.18058336E-01
   179.2000       1.13013478E-01       1.18233307E-01
   179.3000       1.13213136E-01       1.18412828E-01
   179.4000       1.13413393E-01       1.18594611E-01
   179.5000       1.13611439E-01       1.18776632E-01
   179.6000       1.13804864E-01       1.18957171E-01
   179.7000       1.13991688E-01       1.19134836E-01
   179.8000       1.14170387E-01       1.19308568E-01
   179.9000       1.14339889E-01       1.19477640E-01
   180.0000       1.14499566E-01       1.19641643E-01
   180.1000       1.14649208E-01       1.19800459E-01
   180.2000       1.14788993E-01       1.19954228E-01
   180.3000       1.14919438E-01       1.20103314E-01
   180.4000       1.15041355E-01       1.20248256E-01
   180.5000       1.15155794E-01       1.20389724E-01
   180.6000       1.15263987E-01       1.20528468E-01
   180.7000       1.15367281E-01       1.20665268E-01
   180.8000       1.15467084E-01       1.20800887E-01
   180.9000       1.15564800E-01       1.20936023E-01
   181.0000       1.15661772E-01       1.21071268E-01
   181.1000       1.15759226E-01       1.21207067E-01
   181.2000       1.15858224E-01       1.21343693E-01
   181.3000       1.15959620E-01       1.21481219E-01
   181.4000       1.16064027E-01       1.21619509E-01
   181.5000       1.16171792E-01       1.21758209E-01
   181.6000       1.16282987E-01       1.21896760E-01
   181.7000       1.16397404E-01       1.22034411E-01
   181.8000       1.16514570E-01       1.22170247E-01
   181.9000       1.16633771E-01       1.22303233E-01
   182.0000       1.16754088E-01       1.22432251E-01
   182.1000       1.16874443E-01       1.22556160E-01
   182.2000       1.16993659E-01       1.22673852E-01
   182.3000       1.17110515E-01       1.22784305E-01
   182.4000       1.17223817E-01       1.22886644E-01
   182.5000       1.17332459E-01       1.22980187E-01
   182.6000       1.17435480E-01       1.23064487E-01
   182.7000       1.17532120E-01       1.23139362E-01
   182.8000       1.17621849E-01       1.23204904E-01
   182.9000       1.17704399E-01       1.23261478E-01
   183.0000       1.17779764E-01       1.23309706E-01
   183.1000       1.17848189E-01       1.23350425E-01
   183.2000       1.17910142E-01       1.23384645E-01
   183.3000       1.17966267E-01       1.23413483E-01
   183.4000       1.18017331E-01       1.23438103E-01
   183.5000       1.18064156E-01       1.23459649E-01
   183.6000       1.18107554E-01       1.23479178E-01
   183.7000       1.18148267E-01       1.23497608E-01
   183.8000       1.18186907E-01       1.23515676E-01
   183.9000       1.18223916E-01       1.23533905E-01
   184.0000       1.18259542E-01       1.23552595E-01
   184.1000       1.18293827E-01       1.23571826E-01
   184.2000       1.18326616E-01       1.23591475E-01
   184.3000       1.18357588E-01       1.23611251E-01
   184.4000       1.18386299E-01       1.23630739E-01
   184.5000       1.18412232E-01       1.23649448E-01
   184.6000       1.18434861E-01       1.23666872E-01
   184.7000       1.18453721E-01       1.23682543E-01
   184.8000       1.18468467E-01       1.23696089E-01
   184.9000       1.18478938E-01       1.23707283E-01
   185.0000       1.18485208E-01       1.23716087E-01
   185.1000       1.18487623E-01       1.23722684E-01
   185.2000       1.18486829E-01       1.23727498E-01
   185.3000       1.18483781E-01       1.23731211E-01
   185.4000       1.18479738E-01       1.23734749E-01
   185.5000       1.18476234E-01       1.23739276E-01
   185.6000       1.18475046E-01       1.23746159E-01
   185.7000       1.18478135E-01       1.23756925E-01
   185.8000       1.18487581E-01       1.23773215E-01
   185.9000       1.18505503E-01       1.23796719E-01
   186.0000       1.18533977E-01       1.23829108E-01
   186.1000       1.18574941E-01       1.23871961E-01
   186.2000       1.18630108E-01       1.23926691E-01
   186.3000       1.18700873E-01       1.23994471E-01
   186.4000       1.18788227E-01       1.24076164E-01
   186.5000       1.18892689E-01       1.24172262E-01
   186.6000       1.19014236E-01       1.24282832E-01
   186.7000       1.19152264E-01       1.24407480E-01
   186.8000       1.19305554E-01       1.24545324E-01
   186.9000       1.19472271E-01       1.24694994E-01
   187.0000       1.19649975E-01       1.24854638E-01
   187.1000       1.19835663E-01       1.25021965E-01
   187.2000       1.20025831E-01       1.25194286E-01
   187.3000       1.20216556E-01       1.25368595E-01
   187.4000       1.20403611E-01       1.25541654E-01
   187.5000       1.20582585E-01       1.25710092E-01
   187.6000       1.20749028E-01       1.25870526E-01
   187.7000       1.20898611E-01       1.26019675E-01
   187.8000       1.21027287E-01       1.26154489E-01
   187.9000       1.21131464E-01       1.26272272E-01
   188.0000       1.21208167E-01       1.26370795E-01
   188.1000       1.21255199E-01       1.26448407E-01
   188.2000       1.21271278E-01       1.26504118E-01
   188.3000       1.21256158E-01       1.26537674E-01
   188.4000       1.21210708E-01       1.26549597E-01
   188.5000       1.21136965E-01       1.26541209E-01
   188.6000       1.21038128E-01       1.26514611E-01
   188.7000       1.20918507E-01       1.26472645E-01
   188.8000       1.20783425E-01       1.26418816E-01
   188.9000       1.20639053E-01       1.26357187E-01
   189.0000       1.20492205E-01       1.26292243E-01
   189.1000       1.20350088E-01       1.26228735E-01
   189.2000       1.20220020E-01       1.26171507E-01
   189.3000       1.20109127E-01       1.26125310E-01
   189.4000       1.20024050E-01       1.26094615E-01
   189.5000       1.19970654E-01       1.26083434E-01
   189.6000       1.19953779E-01       1.26095156E-01
   189.7000       1.19977043E-01       1.26132414E-01
   189.8000       1.20042691E-01       1.26196969E-01
   189.9000       1.20151524E-01       1.26289649E-01
   190.0000       1.20302881E-01       1.26410315E-01
   190.1000       1.20494699E-01       1.26557869E-01
   190.2000       1.20723616E-01       1.26730307E-01
   190.3000       1.20985131E-01       1.26924792E-01
   190.4000       1.21273785E-01       1.27137771E-01
   190.5000       1.21583373E-01       1.27365092E-01
   190.6000       1.21907157E-01       1.27602153E-01
   190.7000       1.22238080E-01       1.27844044E-01
   190.8000       1.22568966E-01       1.28085691E-01
   190.9000       1.22892705E-01       1.28321996E-01
   191.0000       1.23202414E-01       1.28547967E-01
   191.1000       1.23491584E-01       1.28758835E-01
   191.2000       1.23754196E-01       1.28950163E-01
   191.3000       1.23984825E-01       1.29117932E-01
   191.4000       1.24178721E-01       1.29258630E-01
   191.5000       1.24331887E-01       1.29369318E-01
   191.6000       1.24441136E-01       1.29447691E-01
   191.7000       1.24504152E-01       1.29492138E-01
   191.8000       1.24519535E-01       1.29501782E-01
   191.9000       1.24486856E-01       1.29476526E-01
   192.0000       1.24406703E-01       1.29417084E-01
   192.1000       1.24280723E-01       1.29325007E-01
   192.2000       1.24111658E-01       1.29202698E-01
   192.3000       1.23903376E-01       1.29053413E-01
   192.4000       1.23660877E-01       1.28881241E-01
   192.5000       1.23390271E-01       1.28691058E-01
   192.6000       1.23098732E-01       1.28488464E-01
   192.7000       1.22794391E-01       1.28279665E-01
   192.8000       1.22486183E-01       1.28071336E-01
   192.9000       1.22183631E-01       1.27870434E-01
   193.0000       1.21896556E-01       1.27683972E-01
   193.1000       1.21634738E-01       1.27518768E-01
   193.2000       1.21407519E-01       1.27381170E-01
   193.3000       1.21223385E-01       1.27276772E-01
   193.4000       1.21089549E-01       1.27210160E-01
   193.5000       1.21011574E-01       1.27184679E-01
   193.6000       1.20993073E-01       1.27202280E-01
   193.7000       1.21035522E-01       1.27263429E-01
   193.8000       1.21138208E-01       1.27367120E-01
   193.9000       1.21298323E-01       1.27510971E-01
   194.0000       1.21511194E-01       1.27691409E-01
   194.1000       1.21770631E-01       1.27903916E-01
   194.2000       1.22069357E-01       1.28143325E-01
   194.3000       1.22399468E-01       1.28404126E-01
   194.4000       1.22752892E-01       1.28680766E-01
   194.5000       1.23121807E-01       1.28967911E-01
   194.6000       1.23498976E-01       1.29260667E-01
   194.7000       1.23878013E-01       1.29554738E-01
   194.8000       1.24253538E-01       1.29846532E-01
   194.9000       1.24621261E-01       1.30133204E-01
   195.0000       1.24977973E-01       1.30412652E-01
   195.1000       1.25321491E-01       1.30683474E-01
   195.2000       1.25650550E-01       1.30944894E-01
   195.3000       1.25964660E-01       1.31196668E-01
   195.4000       1.26263960E-01       1.31438978E-01
   195.5000       1.26549055E-01       1.31672317E-01
   195.6000       1.26820862E-01       1.31897380E-01
   195.7000       1.27080460E-01       1.32114958E-01
   195.8000       1.27328962E-01       1.32325839E-01
   195.9000       1.27567388E-01       1.32530717E-01
   196.0000       1.27796566E-01       1.32730117E-01
   196.1000       1.28017044E-01       1.32924325E-01
   196.2000       1.28229016E-01       1.33113336E-01
   196.3000       1.28432265E-01       1.33296808E-01
   196.4000       1.28626121E-01       1.33474031E-01
   196.5000       1.28809434E-01       1.33643907E-01
   196.6000       1.28980557E-01       1.33804941E-01
   196.7000       1.29137349E-01       1.33955241E-01
   196.8000       1.29277190E-01       1.34092538E-01
   196.9000       1.29397011E-01       1.34214213E-01
   197.0000       1.29493354E-01       1.34317344E-01
   197.1000       1.29562435E-01       1.34398762E-01
   197.2000       1.29600252E-01       1.34455141E-01
   197.3000       1.29602708E-01       1.34483095E-01
   197.4000       1.29565776E-01       1.34479316E-01
   197.5000       1.29485695E-01       1.34440729E-01
   197.6000       1.29359208E-01       1.34364681E-01
   197.7000       1.29183845E-01       1.34249170E-01
   197.8000       1.28958230E-01       1.34093090E-01
   197.9000       1.28682431E-01       1.33896508E-01
   198.0000       1.28358306E-01       1.33660942E-01
   198.1000       1.27989839E-01       1.33389633E-01
   198.2000       1.27583420E-01       1.33087770E-01
   198.3000       1.27148026E-01       1.32762634E-01
   198.4000       1.26695238E-01       1.32423620E-01
   198.5000       1.26239066E-01       1.32082089E-01
   198.6000       1.25795514E-01       1.31751016E-01
   198.7000       1.25381895E-01       1.31444429E-01
   198.8000       1.25015898E-01       1.31176634E-01
   198.9000       1.24714484E-01       1.30961310E-01
   199.0000       1.24492712E-01       1.30810540E-01
   199.1000       1.24362633E-01       1.30733900E-01
   199.2000       1.24332383E-01       1.30737733E-01
   199.3000       1.24405608E-01       1.30824692E-01
   199.4000       1.24581268E-01       1.30993627E-01
   199.5000       1.24853855E-01       1.31239787E-01
   199.6000       1.25213949E-01       1.31555326E-01
   199.7000       1.25649033E-01       1.31929987E-01
   199.8000       1.26144438E-01       1.32351894E-01
   199.9000       1.26684314E-01       1.32808329E-01
   200.0000       1.27252512E-01       1.33286442E-01
   200.1000       1.27833341E-01       1.33773824E-01
   200.2000       1.28412134E-01       1.34258943E-01
   200.3000       1.28975654E-01       1.34731433E-01
   200.4000       1.29512330E-01       1.35182256E-01
   200.5000       1.30012359E-01       1.35603768E-01
   200.6000       1.30467716E-01       1.35989706E-01
   200.7000       1.30872086E-01       1.36335126E-01
   200.8000       1.31220751E-01       1.36636318E-01
   200.9000       1.31510467E-01       1.36890699E-01
   201.0000       1.31739319E-01       1.37096711E-01
   201.1000       1.31906594E-01       1.37253721E-01
   201.2000       1.32012660E-01       1.37361934E-01
   201.3000       1.32058858E-01       1.37422315E-01
   201.4000       1.32047417E-01       1.37436527E-01
   201.5000       1.31981373E-01       1.37406875E-01
   201.6000       1.31864517E-01       1.37336269E-01
   201.7000       1.31701334E-01       1.37228181E-01
   201.8000       1.31496965E-01       1.37086623E-01
   201.9000       1.31257164E-01       1.36916110E-01
   202.0000       1.30988247E-01       1.36721632E-01
   202.1000       1.30697042E-01       1.36508612E-01
   202.2000       1.30390819E-01       1.36282857E-01
   202.3000       1.30077201E-01       1.36050489E-01
   202.4000       1.29764051E-01       1.35817854E-01
   202.5000       1.29459322E-01       1.35591404E-01
   202.6000       1.29170879E-01       1.35377549E-01
   202.7000       1.28906279E-01       1.35182475E-01
   202.8000       1.28672522E-01       1.35011932E-01
   202.9000       1.28475772E-01       1.34870995E-01
   203.0000       1.28321064E-01       1.34763808E-01
   203.1000       1.28212032E-01       1.34693339E-01
   203.2000       1.28150654E-01       1.34661156E-01
   203.3000       1.28137079E-01       1.34667262E-01
   203.4000       1.28169546E-01       1.34710018E-01
   203.5000       1.28244420E-01       1.34786168E-01
   203.6000       1.28356385E-01       1.34890992E-01
   203.7000       1.28498750E-01       1.35018581E-01
   203.8000       1.28663895E-01       1.35162219E-01
   203.9000       1.28843783E-01       1.35314828E-01
   204.0000       1.29030498E-01       1.35469447E-01
   204.1000       1.29216764E-01       1.35619675E-01
   204.2000       1.29396363E-01       1.35760050E-01
   204.3000       1.29564445E-01       1.35886314E-01
   204.4000       1.29717687E-01       1.35995565E-01
   204.5000       1.29854306E-01       1.36086278E-01
   204.6000       1.29973953E-01       1.36158216E-01
   204.7000       1.30077501E-01       1.36212266E-01
   204.8000       1.30166780E-01       1.36250211E-01
   204.9000       1.30244278E-01       1.36274481E-01
   205.0000       1.30312856E-01       1.36287901E-01
   205.1000       1.30375478E-01       1.36293454E-01
   205.2000       1.30434988E-01       1.36294086E-01
   205.3000       1.30493943E-01       1.36292537E-01
   205.4000       1.30554480E-01       1.36291221E-01
   205.5000       1.30618244E-01       1.36292141E-01
   205.6000       1.30686351E-01       1.36296846E-01
   205.7000       1.30759387E-01       1.36306411E-01
   205.8000       1.30837433E-01       1.36321453E-01
   205.9000       1.30920115E-01       1.36342156E-01
   206.0000       1.31006662E-01       1.36368321E-01
   206.1000       1.31095981E-01       1.36399424E-01
   206.2000       1.31186728E-01       1.36434679E-01
   206.3000       1.31277396E-01       1.36473105E-01
   206.4000       1.31366386E-01       1.36513600E-01
   206.5000       1.31452093E-01       1.36555011E-01
   206.6000       1.31532977E-01       1.36596200E-01
   206.7000       1.31607639E-01       1.36636112E-01
   206.8000       1.31674893E-01       1.36673839E-01
   206.9000       1.31733832E-01       1.36708675E-01
   207.0000       1.31783892E-01       1.36740176E-01
   207.1000       1.31824914E-01       1.36768203E-01
   207.2000       1.31857198E-01       1.36792972E-01
   207.3000       1.31881554E-01       1.36815088E-01
   207.4000       1.31899346E-01       1.36835572E-01
   207.5000       1.31912515E-01       1.36855886E-01
   207.6000       1.31923603E-01       1.36877932E-01
   207.7000       1.31935741E-01       1.36904047E-01
   207.8000       1.31952616E-01       1.36936971E-01
   207.9000       1.31978410E-01       1.36979793E-01
   208.0000       1.32017687E-01       1.37035870E-01
   208.1000       1.32075245E-01       1.37108713E-01
   208.2000       1.32155916E-01       1.37201845E-01
   208.3000       1.32264323E-01       1.37318625E-01
   208.4000       1.32404596E-01       1.37462051E-01
   208.5000       1.32580071E-01       1.37634546E-01
   208.6000       1.32792993E-01       1.37837749E-01
   208.7000       1.33044242E-01       1.38072326E-01
   208.8000       1.33333128E-01       1.38337816E-01
   208.9000       1.33657280E-01       1.38632548E-01
   209.0000       1.34012647E-01       1.38953627E-01
   209.1000       1.34393629E-01       1.39297006E-01
   209.2000       1.34793327E-01       1.39657647E-01
   209.3000       1.35203894E-01       1.40029745E-01
   209.4000       1.35616955E-01       1.40407010E-01
   209.5000       1.36024047E-01       1.40782970E-01
   209.6000       1.36417047E-01       1.41151272E-01
   209.7000       1.36788541E-01       1.41505960E-01
   209.8000       1.37132122E-01       1.41841706E-01
   209.9000       1.37442588E-01       1.42153980E-01
   210.0000       1.37716053E-01       1.42439167E-01
   210.1000       1.37949975E-01       1.42694620E-01
   210.2000       1.38143111E-01       1.42918667E-01
   210.3000       1.38295423E-01       1.43110572E-01
   210.4000       1.38407951E-01       1.43270472E-01
   210.5000       1.38482668E-01       1.43399291E-01
   210.6000       1.38522325E-01       1.43498639E-01
   210.7000       1.38530299E-01       1.43570709E-01
   210.8000       1.38510451E-01       1.43618174E-01
   210.9000       1.38466988E-01       1.43644082E-01
   211.0000       1.38404341E-01       1.43651756E-01
   211.1000       1.38327047E-01       1.43644701E-01
   211.2000       1.38239646E-01       1.43626506E-01
   211.3000       1.38146579E-01       1.43600756E-01
   211.4000       1.38052091E-01       1.43570950E-01
   211.5000       1.37960144E-01       1.43540407E-01
   211.6000       1.37874328E-01       1.43512189E-01
   211.7000       1.37797771E-01       1.43489018E-01
   211.8000       1.37733065E-01       1.43473197E-01
   211.9000       1.37682177E-01       1.43466537E-01
   212.0000       1.37646386E-01       1.43470284E-01
   212.1000       1.37626211E-01       1.43485061E-01
   212.2000       1.37621358E-01       1.43510811E-01
   212.3000       1.37630679E-01       1.43546762E-01
   212.4000       1.37652151E-01       1.43591400E-01
   212.5000       1.37682870E-01       1.43642469E-01
   212.6000       1.37719090E-01       1.43696992E-01
   212.7000       1.37756278E-01       1.43751325E-01
   212.8000       1.37789228E-01       1.43801239E-01
   212.9000       1.37812211E-01       1.43842054E-01
   213.0000       1.37819187E-01       1.43868805E-01
   213.1000       1.37804078E-01       1.43876463E-01
   213.2000       1.37761090E-01       1.43860193E-01
   213.3000       1.37685102E-01       1.43815662E-01
   213.4000       1.37572096E-01       1.43739373E-01
   213.5000       1.37419597E-01       1.43629017E-01
   213.6000       1.37227116E-01       1.43483806E-01
   213.7000       1.36996512E-01       1.43304769E-01
   213.8000       1.36732262E-01       1.43094953E-01
   213.9000       1.36441532E-01       1.42859503E-01
   214.0000       1.36134042E-01       1.42605575E-01
   214.1000       1.35821664E-01       1.42342061E-01
   214.2000       1.35517765E-01       1.42079124E-01
   214.3000       1.35236330E-01       1.41827572E-01
   214.4000       1.34990955E-01       1.41598116E-01
   214.5000       1.34793812E-01       1.41400605E-01
   214.6000       1.34654710E-01       1.41243314E-01
   214.7000       1.34580384E-01       1.41132364E-01
   214.8000       1.34574068E-01       1.41071359E-01
   214.9000       1.34635398E-01       1.41061235E-01
   215.0000       1.34760632E-01       1.41100358E-01
   215.1000       1.34943116E-01       1.41184802E-01
   215.2000       1.35173924E-01       1.41308777E-01
   215.3000       1.35442572E-01       1.41465125E-01
   215.4000       1.35737744E-01       1.41645854E-01
   215.5000       1.36047944E-01       1.41842622E-01
   215.6000       1.36362061E-01       1.42047182E-01
   215.7000       1.36669805E-01       1.42251735E-01
   215.8000       1.36962037E-01       1.42449208E-01
   215.9000       1.37230986E-01       1.42633449E-01
   216.0000       1.37470376E-01       1.42799352E-01
   216.1000       1.37675484E-01       1.42942932E-01
   216.2000       1.37843145E-01       1.43061346E-01
   216.3000       1.37971720E-01       1.43152888E-01
   216.4000       1.38061033E-01       1.43216960E-01
   216.5000       1.38112297E-01       1.43254023E-01
   216.6000       1.38128022E-01       1.43265538E-01
   216.7000       1.38111920E-01       1.43253904E-01
   216.8000       1.38068793E-01       1.43222380E-01
   216.9000       1.38004415E-01       1.43175005E-01
   217.0000       1.37925401E-01       1.43116510E-01
   217.1000       1.37839051E-01       1.43052218E-01
   217.2000       1.37753189E-01       1.42987925E-01
   217.3000       1.37675967E-01       1.42929778E-01
   217.4000       1.37615651E-01       1.42884123E-01
   217.5000       1.37580382E-01       1.42857340E-01
   217.6000       1.37577919E-01       1.42855656E-01
   217.7000       1.37615368E-01       1.42884941E-01
   217.8000       1.37698893E-01       1.42950489E-01
   217.9000       1.37833448E-01       1.43056793E-01
   218.0000       1.38022508E-01       1.43207319E-01
   218.1000       1.38267849E-01       1.43404292E-01
   218.2000       1.38569360E-01       1.43648510E-01
   218.3000       1.38924925E-01       1.43939190E-01
   218.4000       1.39330385E-01       1.44273882E-01
   218.5000       1.39779571E-01       1.44648432E-01
   218.6000       1.40264434E-01       1.45057026E-01
   218.7000       1.40775259E-01       1.45492316E-01
   218.8000       1.41300949E-01       1.45945609E-01
   218.9000       1.41829384E-01       1.46407134E-01
   219.0000       1.42347818E-01       1.46866355E-01
   219.1000       1.42843304E-01       1.47312325E-01
   219.2000       1.43303125E-01       1.47734057E-01
   219.3000       1.43715210E-01       1.48120889E-01
   219.4000       1.44068516E-01       1.48462835E-01
   219.5000       1.44353366E-01       1.48750901E-01
   219.6000       1.44561731E-01       1.48977355E-01
   219.7000       1.44687445E-01       1.49135948E-01
   219.8000       1.44726367E-01       1.49222082E-01
   219.9000       1.44676468E-01       1.49232927E-01
   220.0000       1.44537867E-01       1.49167486E-01
   220.1000       1.44312804E-01       1.49026610E-01
   220.2000       1.44005565E-01       1.48812975E-01
   220.3000       1.43622356E-01       1.48531010E-01
   220.4000       1.43171132E-01       1.48186790E-01
   220.5000       1.42661386E-01       1.47787887E-01
   220.6000       1.42103901E-01       1.47343180E-01
   220.7000       1.41510464E-01       1.46862632E-01
   220.8000       1.40893555E-01       1.46357027E-01
   220.9000       1.40266013E-01       1.45837680E-01
   221.0000       1.39640682E-01       1.45316106E-01
   221.1000       1.39030057E-01       1.44803695E-01
   221.2000       1.38445941E-01       1.44311358E-01
   221.3000       1.37899108E-01       1.43849197E-01
   221.4000       1.37399020E-01       1.43426197E-01
   221.5000       1.36953568E-01       1.43049962E-01
   221.6000       1.36568897E-01       1.42726503E-01
   221.7000       1.36249278E-01       1.42460104E-01
   221.8000       1.35997070E-01       1.42253262E-01
   221.9000       1.35812754E-01       1.42106711E-01
   222.0000       1.35695045E-01       1.42019527E-01
   222.1000       1.35641073E-01       1.41989291E-01
   222.2000       1.35646623E-01       1.42012329E-01
   222.3000       1.35706433E-01       1.42083980E-01
   222.4000       1.35814513E-01       1.42198898E-01
   222.5000       1.35964495E-01       1.42351359E-01
   222.6000       1.36149980E-01       1.42535566E-01
   222.7000       1.36364870E-01       1.42745936E-01
   222.8000       1.36603685E-01       1.42977359E-01
   222.9000       1.36861825E-01       1.43225418E-01
   223.0000       1.37135795E-01       1.43486570E-01
   223.1000       1.37423355E-01       1.43758274E-01
   223.2000       1.37723613E-01       1.44039079E-01
   223.3000       1.38037029E-01       1.44328647E-01
   223.4000       1.38365349E-01       1.44627730E-01
   223.5000       1.38711455E-01       1.44938086E-01
   223.6000       1.39079135E-01       1.45262344E-01
   223.7000       1.39472798E-01       1.45603805E-01
   223.8000       1.39897121E-01       1.45966205E-01
   223.9000       1.40356668E-01       1.46353434E-01
   224.0000       1.40855501E-01       1.46769222E-01
   224.1000       1.41396800E-01       1.47216817E-01
   224.2000       1.41982525E-01       1.47698669E-01
   224.3000       1.42613146E-01       1.48216146E-01
   224.4000       1.43287457E-01       1.48769297E-01
   224.5000       1.44002487E-01       1.49356692E-01
   224.6000       1.44753519E-01       1.49975341E-01
   224.7000       1.45534198E-01       1.50620713E-01
   224.8000       1.46336733E-01       1.51286842E-01
   224.9000       1.47152159E-01       1.51966516E-01
   225.0000       1.47970644E-01       1.52651538E-01
   225.1000       1.48781817E-01       1.53333017E-01
   225.2000       1.49575088E-01       1.54001690E-01
   225.3000       1.50339955E-01       1.54648229E-01
   225.4000       1.51066269E-01       1.55263532E-01
   225.5000       1.51744458E-01       1.55838967E-01
   225.6000       1.52365704E-01       1.56366575E-01
   225.7000       1.52922082E-01       1.56839221E-01
   225.8000       1.53406645E-01       1.57250695E-01
   225.9000       1.53813488E-01       1.57595780E-01
   226.0000       1.54137778E-01       1.57870279E-01
   226.1000       1.54375766E-01       1.58071025E-01
   226.2000       1.54524794E-01       1.58195867E-01
   226.3000       1.54583287E-01       1.58243661E-01
   226.4000       1.54550749E-01       1.58214247E-01
   226.5000       1.54427769E-01       1.58108434E-01
   226.6000       1.54216015E-01       1.57927988E-01
   226.7000       1.53918248E-01       1.57675618E-01
   226.8000       1.53538323E-01       1.57354973E-01
   226.9000       1.53081195E-01       1.56970623E-01
   227.0000       1.52552910E-01       1.56528046E-01
   227.1000       1.51960588E-01       1.56033589E-01
   227.2000       1.51312366E-01       1.55494412E-01
   227.3000       1.50617323E-01       1.54918403E-01
   227.4000       1.49885356E-01       1.54314061E-01
   227.5000       1.49127010E-01       1.53690332E-01
   227.6000       1.48353261E-01       1.53056414E-01
   227.7000       1.47575246E-01       1.52421517E-01
   227.8000       1.46803960E-01       1.51794602E-01
   227.9000       1.46049918E-01       1.51184088E-01
   228.0000       1.45322809E-01       1.50597575E-01
   228.1000       1.44631165E-01       1.50041581E-01
   228.2000       1.43982070E-01       1.49521317E-01
   228.3000       1.43380935E-01       1.49040535E-01
   228.4000       1.42831361E-01       1.48601454E-01
   228.5000       1.42335102E-01       1.48204776E-01
   228.6000       1.41892149E-01       1.47849798E-01
   228.7000       1.41500914E-01       1.47534614E-01
   228.8000       1.41158512E-01       1.47256376E-01
   228.9000       1.40861109E-01       1.47011622E-01
   229.0000       1.40604321E-01       1.46796610E-01
   229.1000       1.40383619E-01       1.46607657E-01
   229.2000       1.40194714E-01       1.46441449E-01
   229.3000       1.40033901E-01       1.46295296E-01
   229.4000       1.39898335E-01       1.46167337E-01
   229.5000       1.39786222E-01       1.46056655E-01
   229.6000       1.39696931E-01       1.45963335E-01
   229.7000       1.39631008E-01       1.45888440E-01
   229.8000       1.39590114E-01       1.45833926E-01
   229.9000       1.39576887E-01       1.45802494E-01
   230.0000       1.39594738E-01       1.45797412E-01
   230.1000       1.39647602E-01       1.45822283E-01
   230.2000       1.39739655E-01       1.45880814E-01
   230.3000       1.39875011E-01       1.45976557E-01
   230.4000       1.40057413E-01       1.46112668E-01
   230.5000       1.40289940E-01       1.46291673E-01
   230.6000       1.40574734E-01       1.46515256E-01
   230.7000       1.40912759E-01       1.46784089E-01
   230.8000       1.41303620E-01       1.47097692E-01
   230.9000       1.41745419E-01       1.47454340E-01
   231.0000       1.42234674E-01       1.47851008E-01
   231.1000       1.42766245E-01       1.48283193E-01
   231.2000       1.43333350E-01       1.48744760E-01
   231.3000       1.43927672E-01       1.49227927E-01
   231.4000       1.44539493E-01       1.49723250E-01
   231.5000       1.45157908E-01       1.50219737E-01
   231.6000       1.45771096E-01       1.50705045E-01
   231.7000       1.46366599E-01       1.51165778E-01
   231.8000       1.46931667E-01       1.51587532E-01
   231.9000       1.47453610E-01       1.51955631E-01
   232.0000       1.47920139E-01       1.52255414E-01
   232.1000       1.48319745E-01       1.52472998E-01
   232.2000       1.48641818E-01       1.52594805E-01
   232.3000       1.48876872E-01       1.52608899E-01
   232.4000       1.49016899E-01       1.52505871E-01
   232.5000       1.49055248E-01       1.52279599E-01
   232.6000       1.48987088E-01       1.51928768E-01
   232.7000       1.48809119E-01       1.51457012E-01
   232.8000       1.48519620E-01       1.50872228E-01
   232.9000       1.48118237E-01       1.50186649E-01
   233.0000       1.47605991E-01       1.49415965E-01
   233.1000       1.46984934E-01       1.48577628E-01
   233.2000       1.46257812E-01       1.47689814E-01
   233.3000       1.45428588E-01       1.46771210E-01
   233.4000       1.44501195E-01       1.45837491E-01
   233.5000       1.43480542E-01       1.44903063E-01
   233.6000       1.42372079E-01       1.43979506E-01
   233.7000       1.41181822E-01       1.43075182E-01
   233.8000       1.39916467E-01       1.42195526E-01
   233.9000       1.38583250E-01       1.41343089E-01
   234.0000       1.37190294E-01       1.40518491E-01
   234.1000       1.35746187E-01       1.39719904E-01
   234.2000       1.34260331E-01       1.38944907E-01
   234.3000       1.32743262E-01       1.38190472E-01
   234.4000       1.31206297E-01       1.37453755E-01
   234.5000       1.29661071E-01       1.36731805E-01
   234.6000       1.28119631E-01       1.36022033E-01
   234.7000       1.26593941E-01       1.35322079E-01
   234.8000       1.25095550E-01       1.34630285E-01
   234.9000       1.23634957E-01       1.33944781E-01
   235.0000       1.22221978E-01       1.33264588E-01
   235.1000       1.20865662E-01       1.32589063E-01
   235.2000       1.19573068E-01       1.31917511E-01
   235.3000       1.18350156E-01       1.31249641E-01
   235.4000       1.17201777E-01       1.30585553E-01
   235.5000       1.16131308E-01       1.29925557E-01
   235.6000       1.15140941E-01       1.29270288E-01
   235.7000       1.14231005E-01       1.28619994E-01
   235.8000       1.13401641E-01       1.27975782E-01
   235.9000       1.12651744E-01       1.27338740E-01
   236.0000       1.11979398E-01       1.26710070E-01
   236.1000       1.11381895E-01       1.26091054E-01
   236.2000       1.10856103E-01       1.25483090E-01
   236.3000       1.10398320E-01       1.24887510E-01
   236.4000       1.10004473E-01       1.24305676E-01
   236.5000       1.09670529E-01       1.23739098E-01
   236.6000       1.09391940E-01       1.23188889E-01
   236.7000       1.09164067E-01       1.22656037E-01
   236.8000       1.08982569E-01       1.22141647E-01
   236.9000       1.08842744E-01       1.21646305E-01
   237.0000       1.08740344E-01       1.21170615E-01
   237.1000       1.08670920E-01       1.20714855E-01
   237.2000       1.08630210E-01       1.20279053E-01
   237.3000       1.08614255E-01       1.19863090E-01
   237.4000       1.08619179E-01       1.19466627E-01
   237.5000       1.08641501E-01       1.19089290E-01
   237.6000       1.08678024E-01       1.18730481E-01
   237.7000       1.08725419E-01       1.18389259E-01
   237.8000       1.08780962E-01       1.18064747E-01
   237.9000       1.08842037E-01       1.17755983E-01
   238.0000       1.08906270E-01       1.17461854E-01
   238.1000       1.08971551E-01       1.17181250E-01
   238.2000       1.09036138E-01       1.16913070E-01
   238.3000       1.09098516E-01       1.16656133E-01
   238.4000       1.09157248E-01       1.16409176E-01
   238.5000       1.09211329E-01       1.16171145E-01
   238.6000       1.09259942E-01       1.15940962E-01
   238.7000       1.09302346E-01       1.15717474E-01
   238.8000       1.09338176E-01       1.15499727E-01
   238.9000       1.09367166E-01       1.15286725E-01
   239.0000       1.09389297E-01       1.15077614E-01
   239.1000       1.09404671E-01       1.14871594E-01
   239.2000       1.09413553E-01       1.14667976E-01
   239.3000       1.09416434E-01       1.14466206E-01
   239.4000       1.09413719E-01       1.14265685E-01
   239.5000       1.09405996E-01       1.14066074E-01
   239.6000       1.09393930E-01       1.13867109E-01
   239.7000       1.09378206E-01       1.13668708E-01
   239.8000       1.09359543E-01       1.13470846E-01
   239.9000       1.09338570E-01       1.13273732E-01
   240.0000       1.09315962E-01       1.13077629E-01
   240.1000       1.09292362E-01       1.12883056E-01
   240.2000       1.09268189E-01       1.12690538E-01
   240.3000       1.09243912E-01       1.12500756E-01
   240.4000       1.09219802E-01       1.12314431E-01
   240.5000       1.09195967E-01       1.12132292E-01
   240.6000       1.09172601E-01       1.11955271E-01
   240.7000       1.09149529E-01       1.11784145E-01
   240.8000       1.09126481E-01       1.11619597E-01
   240.9000       1.09103217E-01       1.11462466E-01
   241.0000       1.09079283E-01       1.11313343E-01
   241.1000       1.09054147E-01       1.11172758E-01
   241.2000       1.09027048E-01       1.11040988E-01
   241.3000       1.08997424E-01       1.10918446E-01
   241.4000       1.08964627E-01       1.10805262E-01
   241.5000       1.08927958E-01       1.10701433E-01
   241.6000       1.08886824E-01       1.10606934E-01
   241.7000       1.08840509E-01       1.10521328E-01
   241.8000       1.08788565E-01       1.10444263E-01
   241.9000       1.08730598E-01       1.10375270E-01
   242.0000       1.08666436E-01       1.10313796E-01
   242.1000       1.08596080E-01       1.10259210E-01
   242.2000       1.08519568E-01       1.10210690E-01
   242.3000       1.08437155E-01       1.10167471E-01
   242.4000       1.08349320E-01       1.10128691E-01
   242.5000       1.08256532E-01       1.10093378E-01
   242.6000       1.08159517E-01       1.10060588E-01
   242.7000       1.08058978E-01       1.10029312E-01
   242.8000       1.07955771E-01       1.09998586E-01
   242.9000       1.07850601E-01       1.09967322E-01
   243.0000       1.07744373E-01       1.09934678E-01
   243.1000       1.07637848E-01       1.09899669E-01
   243.2000       1.07531782E-01       1.09861545E-01
   243.3000       1.07426632E-01       1.09819418E-01
   243.4000       1.07323058E-01       1.09772662E-01
   243.5000       1.07221312E-01       1.09720675E-01
   243.6000       1.07121619E-01       1.09662885E-01
   243.7000       1.07024222E-01       1.09599028E-01
   243.8000       1.06929179E-01       1.09528915E-01
   243.9000       1.06836475E-01       1.09452452E-01
   244.0000       1.06746067E-01       1.09369716E-01
   244.1000       1.06657848E-01       1.09280903E-01
   244.2000       1.06571932E-01       1.09186507E-01
   244.3000       1.06488192E-01       1.09086929E-01
   244.4000       1.06406702E-01       1.08982880E-01
   244.5000       1.06327508E-01       1.08875069E-01
   244.6000       1.06250751E-01       1.08764360E-01
   244.7000       1.06176411E-01       1.08651484E-01
   244.8000       1.06104979E-01       1.08537637E-01
   244.9000       1.06036659E-01       1.08423754E-01
   245.0000       1.05971650E-01       1.08310774E-01
   245.1000       1.05910278E-01       1.08199690E-01
   245.2000       1.05852895E-01       1.08091484E-01
   245.3000       1.05799815E-01       1.07987083E-01
   245.4000       1.05751371E-01       1.07887312E-01
   245.5000       1.05707920E-01       1.07793021E-01
   245.6000       1.05669702E-01       1.07704894E-01
   245.7000       1.05636800E-01       1.07623447E-01
   245.8000       1.05609468E-01       1.07549211E-01
   245.9000       1.05587778E-01       1.07482587E-01
   246.0000       1.05571637E-01       1.07423764E-01
   246.1000       1.05561009E-01       1.07372865E-01
   246.2000       1.05555657E-01       1.07329862E-01
   246.3000       1.05555371E-01       1.07294651E-01
   246.4000       1.05559760E-01       1.07267026E-01
   246.5000       1.05568428E-01       1.07246663E-01
   246.6000       1.05580728E-01       1.07232976E-01
   246.7000       1.05596187E-01       1.07225532E-01
   246.8000       1.05614205E-01       1.07223737E-01
   246.9000       1.05633967E-01       1.07226787E-01
   247.0000       1.05654814E-01       1.07233979E-01
   247.1000       1.05675934E-01       1.07244487E-01
   247.2000       1.05696579E-01       1.07257498E-01
   247.3000       1.05716045E-01       1.07272230E-01
   247.4000       1.05733481E-01       1.07287724E-01
   247.5000       1.05748289E-01       1.07303255E-01
   247.6000       1.05759832E-01       1.07317988E-01
   247.7000       1.05767558E-01       1.07331274E-01
   247.8000       1.05771027E-01       1.07342410E-01
   247.9000       1.05769931E-01       1.07350937E-01
   248.0000       1.05763983E-01       1.07356298E-01
   248.1000       1.05753241E-01       1.07358304E-01
   248.2000       1.05737682E-01       1.07356719E-01
   248.3000       1.05717516E-01       1.07351440E-01
   248.4000       1.05693117E-01       1.07342628E-01
   248.5000       1.05664999E-01       1.07330508E-01
   248.6000       1.05633847E-01       1.07315501E-01
   248.7000       1.05600380E-01       1.07298055E-01
   248.8000       1.05565638E-01       1.07278981E-01
   248.9000       1.05530385E-01       1.07258870E-01
   249.0000       1.05495703E-01       1.07238572E-01
   249.1000       1.05462641E-01       1.07219056E-01
   249.2000       1.05432230E-01       1.07201168E-01
   249.3000       1.05405413E-01       1.07185833E-01
   249.4000       1.05383177E-01       1.07173958E-01
   249.5000       1.05366407E-01       1.07166402E-01
   249.6000       1.05355706E-01       1.07163777E-01
   249.7000       1.05351706E-01       1.07166845E-01
   249.8000       1.05354775E-01       1.07176044E-01
   249.9000       1.05365197E-01       1.07191783E-01
   250.0000       1.05382945E-01       1.07214207E-01
   250.1000       1.05407948E-01       1.07243411E-01
   250.2000       1.05439961E-01       1.07279321E-01
   250.3000       1.05478541E-01       1.07321710E-01
   250.4000       1.05523275E-01       1.07370291E-01
   250.5000       1.05573488E-01       1.07424584E-01
   250.6000       1.05628652E-01       1.07484218E-01
   250.7000       1.05688202E-01       1.07548764E-01
   250.8000       1.05751513E-01       1.07617671E-01
   250.9000       1.05817895E-01       1.07690364E-01
   251.0000       1.05886800E-01       1.07766309E-01
   251.1000       1.05957935E-01       1.07845166E-01
   251.2000       1.06030893E-01       1.07926532E-01
   251.3000       1.06105415E-01       1.08010077E-01
   251.4000       1.06181408E-01       1.08095637E-01
   251.5000       1.06258886E-01       1.08183050E-01
   251.6000       1.06337920E-01       1.08272275E-01
   251.7000       1.06418644E-01       1.08363267E-01
   251.8000       1.06501335E-01       1.08456145E-01
   251.9000       1.06586309E-01       1.08551049E-01
   252.0000       1.06673918E-01       1.08648211E-01
   252.1000       1.06764559E-01       1.08747774E-01
   252.2000       1.06858529E-01       1.08849962E-01
   252.3000       1.06956284E-01       1.08955082E-01
   252.4000       1.07058065E-01       1.09063311E-01
   252.5000       1.07164193E-01       1.09174844E-01
   252.6000       1.07274971E-01       1.09289926E-01
   252.7000       1.07390649E-01       1.09408745E-01
   252.8000       1.07511349E-01       1.09531373E-01
   252.9000       1.07637203E-01       1.09657962E-01
   253.0000       1.07768379E-01       1.09788656E-01
   253.1000       1.07904792E-01       1.09923318E-01
   253.2000       1.08046438E-01       1.10061946E-01
   253.3000       1.08193294E-01       1.10204498E-01
   253.4000       1.08345079E-01       1.10350670E-01
   253.5000       1.08501699E-01       1.10500291E-01
   253.6000       1.08662840E-01       1.10653014E-01
   253.7000       1.08828354E-01       1.10808629E-01
   253.8000       1.08997824E-01       1.10966636E-01
   253.9000       1.09170921E-01       1.11126608E-01
   254.0000       1.09347421E-01       1.11288185E-01
   254.1000       1.09526926E-01       1.11450804E-01
   254.2000       1.09709121E-01       1.11614059E-01
   254.3000       1.09893551E-01       1.11777388E-01
   254.4000       1.10079866E-01       1.11940237E-01
   254.5000       1.10267666E-01       1.12102144E-01
   254.6000       1.10456483E-01       1.12262515E-01
   254.7000       1.10645831E-01       1.12420821E-01
   254.8000       1.10835224E-01       1.12576519E-01
   254.9000       1.11024062E-01       1.12729028E-01
   255.0000       1.11211778E-01       1.12877864E-01
   255.1000       1.11397648E-01       1.13022392E-01
   255.2000       1.11581036E-01       1.13162154E-01
   255.3000       1.11761266E-01       1.13296766E-01
   255.4000       1.11937540E-01       1.13425723E-01
   255.5000       1.12109220E-01       1.13548773E-01
   255.6000       1.12275542E-01       1.13665632E-01
   255.7000       1.12435866E-01       1.13776140E-01
   255.8000       1.12589601E-01       1.13880238E-01
   255.9000       1.12736162E-01       1.13977957E-01
   256.0000       1.12875130E-01       1.14069478E-01
   256.1000       1.13006265E-01       1.14155195E-01
   256.2000       1.13129277E-01       1.14235488E-01
   256.3000       1.13244184E-01       1.14310954E-01
   256.4000       1.13351091E-01       1.14382318E-01
   256.5000       1.13450433E-01       1.14450520E-01
   256.6000       1.13542725E-01       1.14516512E-01
   256.7000       1.13628538E-01       1.14581267E-01
   256.8000       1.13708699E-01       1.14645865E-01
   256.9000       1.13784270E-01       1.14711506E-01
   257.0000       1.13856226E-01       1.14779275E-01
   257.1000       1.13925906E-01       1.14850440E-01
   257.2000       1.13994748E-01       1.14926236E-01
   257.3000       1.14064170E-01       1.15007812E-01
   257.4000       1.14135731E-01       1.15096275E-01
   257.5000       1.14210808E-01       1.15192612E-01
   257.6000       1.14290963E-01       1.15297789E-01
   257.7000       1.14377532E-01       1.15412551E-01
   257.8000       1.14471777E-01       1.15537578E-01
   257.9000       1.14574729E-01       1.15673299E-01
   258.0000       1.14687247E-01       1.15819971E-01
   258.1000       1.14809927E-01       1.15977602E-01
   258.2000       1.14943112E-01       1.16146010E-01
   258.3000       1.15086941E-01       1.16324824E-01
   258.4000       1.15241373E-01       1.16513548E-01
   258.5000       1.15406077E-01       1.16711383E-01
   258.6000       1.15580540E-01       1.16917492E-01
   258.7000       1.15764065E-01       1.17130783E-01
   258.8000       1.15955804E-01       1.17350113E-01
   258.9000       1.16154802E-01       1.17574218E-01
   259.0000       1.16359964E-01       1.17801789E-01
   259.1000       1.16570150E-01       1.18031441E-01
   259.2000       1.16784155E-01       1.18261843E-01
   259.3000       1.17000839E-01       1.18491604E-01
   259.4000       1.17219004E-01       1.18719443E-01
   259.5000       1.17437411E-01       1.18944015E-01
   259.6000       1.17655081E-01       1.19164269E-01
   259.7000       1.17870921E-01       1.19379092E-01
   259.8000       1.18083984E-01       1.19587550E-01
   259.9000       1.18293389E-01       1.19788818E-01
   260.0000       1.18498406E-01       1.19982231E-01
   260.1000       1.18698370E-01       1.20167252E-01
   260.2000       1.18892849E-01       1.20343538E-01
   260.3000       1.19081389E-01       1.20510844E-01
   260.4000       1.19263815E-01       1.20669154E-01
   260.5000       1.19439978E-01       1.20818513E-01
   260.6000       1.19609772E-01       1.20959029E-01
   260.7000       1.19773483E-01       1.21091124E-01
   260.8000       1.19931150E-01       1.21215124E-01
   260.9000       1.20083172E-01       1.21331519E-01
   261.0000       1.20230121E-01       1.21441050E-01
   261.1000       1.20372292E-01       1.21544209E-01
   261.2000       1.20510321E-01       1.21641708E-01
   261.3000       1.20644822E-01       1.21734305E-01
   261.4000       1.20776341E-01       1.21822572E-01
   261.5000       1.20905474E-01       1.21907171E-01
   261.6000       1.21032567E-01       1.21988520E-01
   261.7000       1.21158081E-01       1.22067094E-01
   261.8000       1.21282181E-01       1.22143109E-01
   261.9000       1.21405145E-01       1.22216895E-01
   262.0000       1.21527091E-01       1.22288552E-01
   262.1000       1.21647872E-01       1.22358083E-01
   262.2000       1.21767471E-01       1.22425592E-01
   262.3000       1.21885559E-01       1.22490898E-01
   262.4000       1.22001759E-01       1.22553968E-01
   262.5000       1.22115532E-01       1.22614506E-01
   262.6000       1.22226239E-01       1.22672282E-01
   262.7000       1.22332841E-01       1.22726839E-01
   262.8000       1.22434262E-01       1.22777665E-01
   262.9000       1.22529278E-01       1.22824184E-01
   263.0000       1.22616488E-01       1.22865822E-01
   263.1000       1.22694459E-01       1.22901931E-01
   263.2000       1.22761567E-01       1.22931809E-01
   263.3000       1.22816140E-01       1.22954579E-01
   263.4000       1.22856533E-01       1.22969500E-01
   263.5000       1.22881201E-01       1.22975864E-01
   263.6000       1.22888519E-01       1.22972843E-01
   263.7000       1.22877199E-01       1.22959869E-01
   263.8000       1.22845980E-01       1.22936248E-01
   263.9000       1.22794170E-01       1.22901702E-01
   264.0000       1.22721177E-01       1.22855894E-01
   264.1000       1.22626972E-01       1.22798923E-01
   264.2000       1.22511628E-01       1.22730696E-01
   264.3000       1.22375980E-01       1.22651724E-01
   264.4000       1.22221069E-01       1.22562510E-01
   264.5000       1.22048601E-01       1.22464129E-01
   264.6000       1.21860557E-01       1.22357680E-01
   264.7000       1.21659122E-01       1.22244370E-01
   264.8000       1.21446979E-01       1.22125864E-01
   264.9000       1.21226822E-01       1.22003581E-01
   265.0000       1.21001428E-01       1.21879204E-01
   265.1000       1.20773729E-01       1.21754469E-01
   265.2000       1.20546824E-01       1.21631262E-01
   265.3000       1.20323538E-01       1.21511347E-01
   265.4000       1.20106555E-01       1.21396425E-01
   265.5000       1.19898410E-01       1.21288110E-01
   265.6000       1.19701383E-01       1.21187946E-01
   265.7000       1.19517688E-01       1.21097500E-01
   265.8000       1.19349115E-01       1.21018152E-01
   265.9000       1.19197141E-01       1.20951008E-01
   266.0000       1.19063093E-01       1.20897194E-01
   266.1000       1.18947814E-01       1.20857441E-01
   266.2000       1.18851999E-01       1.20832506E-01
   266.3000       1.18775994E-01       1.20822748E-01
   266.4000       1.18719974E-01       1.20828581E-01
   266.5000       1.18683801E-01       1.20850022E-01
   266.6000       1.18667202E-01       1.20886971E-01
   266.7000       1.18669635E-01       1.20939181E-01
   266.8000       1.18690490E-01       1.21006280E-01
   266.9000       1.18729124E-01       1.21087894E-01
   267.0000       1.18785074E-01       1.21183880E-01
   267.1000       1.18857541E-01       1.21293672E-01
   267.2000       1.18945886E-01       1.21416933E-01
   267.3000       1.19049318E-01       1.21553056E-01
   267.4000       1.19167113E-01       1.21701626E-01
   267.5000       1.19298575E-01       1.21862099E-01
   267.6000       1.19442815E-01       1.22033759E-01
   267.7000       1.19599137E-01       1.22215992E-01
   267.8000       1.19766615E-01       1.22407931E-01
   267.9000       1.19944461E-01       1.22608909E-01
   268.0000       1.20131897E-01       1.22818144E-01
   268.1000       1.20328370E-01       1.23035118E-01
   268.2000       1.20533544E-01       1.23259571E-01
   268.3000       1.20746870E-01       1.23491075E-01
   268.4000       1.20968144E-01       1.23729345E-01
   268.5000       1.21196788E-01       1.23973985E-01
   268.6000       1.21432513E-01       1.24224816E-01
   268.7000       1.21674864E-01       1.24481552E-01
   268.8000       1.21923666E-01       1.24744149E-01
   268.9000       1.22178327E-01       1.25012291E-01
   269.0000       1.22438545E-01       1.25285880E-01
   269.1000       1.22703874E-01       1.25564723E-01
   269.2000       1.22973762E-01       1.25848718E-01
   269.3000       1.23247743E-01       1.26137765E-01
   269.4000       1.23525444E-01       1.26431906E-01
   269.5000       1.23806325E-01       1.26731044E-01
   269.6000       1.24089888E-01       1.27035277E-01
   269.7000       1.24375490E-01       1.27344220E-01
   269.8000       1.24662486E-01       1.27657558E-01
   269.9000       1.24950224E-01       1.27975089E-01
   270.0000       1.25237865E-01       1.28296283E-01
   270.1000       1.25524743E-01       1.28620740E-01
   270.2000       1.25809933E-01       1.28947749E-01
   270.3000       1.26092658E-01       1.29276495E-01
   270.4000       1.26371741E-01       1.29605893E-01
   270.5000       1.26646428E-01       1.29935198E-01
   270.6000       1.26915948E-01       1.30263573E-01
   270.7000       1.27179138E-01       1.30589788E-01
   270.8000       1.27435206E-01       1.30912800E-01
   270.9000       1.27683235E-01       1.31231647E-01
   271.0000       1.27922375E-01       1.31545335E-01
   271.1000       1.28151540E-01       1.31852735E-01
   271.2000       1.28369916E-01       1.32152940E-01
   271.3000       1.28576993E-01       1.32445380E-01
   271.4000       1.28771586E-01       1.32728821E-01
   271.5000       1.28953097E-01       1.33002666E-01
   271.6000       1.29120889E-01       1.33266439E-01
   271.7000       1.29274204E-01       1.33519369E-01
   271.8000       1.29412788E-01       1.33761299E-01
   271.9000       1.29536101E-01       1.33991762E-01
   272.0000       1.29643494E-01       1.34210173E-01
   272.1000       1.29734885E-01       1.34416545E-01
   272.2000       1.29810029E-01       1.34610766E-01
   272.3000       1.29869045E-01       1.34792902E-01
   272.4000       1.29911631E-01       1.34962614E-01
   272.5000       1.29938017E-01       1.35120087E-01
   272.6000       1.29948372E-01       1.35265254E-01
   272.7000       1.29943067E-01       1.35398334E-01
   272.8000       1.29922308E-01       1.35519076E-01
   272.9000       1.29886811E-01       1.35627990E-01
   273.0000       1.29837094E-01       1.35725182E-01
   273.1000       1.29773649E-01       1.35810709E-01
   273.2000       1.29697415E-01       1.35884958E-01
   273.3000       1.29609282E-01       1.35948168E-01
   273.4000       1.29510100E-01       1.36000555E-01
   273.5000       1.29401014E-01       1.36042680E-01
   273.6000       1.29283182E-01       1.36074968E-01
   273.7000       1.29157592E-01       1.36098065E-01
   273.8000       1.29025709E-01       1.36112498E-01
   273.9000       1.28888801E-01       1.36118937E-01
   274.0000       1.28748606E-01       1.36118845E-01
   274.1000       1.28606225E-01       1.36112697E-01
   274.2000       1.28463407E-01       1.36101961E-01
   274.3000       1.28321565E-01       1.36087846E-01
   274.4000       1.28182465E-01       1.36071967E-01
   274.5000       1.28047693E-01       1.36056266E-01
   274.6000       1.27918935E-01       1.36042361E-01
   274.7000       1.27797993E-01       1.36032738E-01
   274.8000       1.27686405E-01       1.36029575E-01
   274.9000       1.27585813E-01       1.36035047E-01
   275.0000       1.27497561E-01       1.36051435E-01
   275.1000       1.27423389E-01       1.36081297E-01
   275.2000       1.27363969E-01       1.36126421E-01
   275.3000       1.27321128E-01       1.36189606E-01
   275.4000       1.27295335E-01       1.36271753E-01
   275.5000       1.27287021E-01       1.36374239E-01
   275.6000       1.27296467E-01       1.36497564E-01
   275.7000       1.27323380E-01       1.36641424E-01
   275.8000       1.27367342E-01       1.36805349E-01
   275.9000       1.27427490E-01       1.36987481E-01
   276.0000       1.27502564E-01       1.37185688E-01
   276.1000       1.27591648E-01       1.37397306E-01
   276.2000       1.27692836E-01       1.37618998E-01
   276.3000       1.27804415E-01       1.37846771E-01
   276.4000       1.27924738E-01       1.38076899E-01
   276.5000       1.28051829E-01       1.38305107E-01
   276.6000       1.28184050E-01       1.38527746E-01
   276.7000       1.28319843E-01       1.38741276E-01
   276.8000       1.28457675E-01       1.38942665E-01
   276.9000       1.28596701E-01       1.39129538E-01
   277.0000       1.28735477E-01       1.39299515E-01
   277.1000       1.28873073E-01       1.39451247E-01
   277.2000       1.29008969E-01       1.39584052E-01
   277.3000       1.29142416E-01       1.39697131E-01
   277.4000       1.29272516E-01       1.39790328E-01
   277.5000       1.29399418E-01       1.39864329E-01
   277.6000       1.29522166E-01       1.39919430E-01
   277.7000       1.29640690E-01       1.39956664E-01
   277.8000       1.29754313E-01       1.39976743E-01
   277.9000       1.29862849E-01       1.39980485E-01
   278.0000       1.29965422E-01       1.39968799E-01
   278.1000       1.30061357E-01       1.39942325E-01
   278.2000       1.30150376E-01       1.39902441E-01
   278.3000       1.30231493E-01       1.39849084E-01
   278.4000       1.30303849E-01       1.39782972E-01
   278.5000       1.30367134E-01       1.39705286E-01
   278.6000       1.30420189E-01       1.39615804E-01
   278.7000       1.30462162E-01       1.39515107E-01
   278.8000       1.30492305E-01       1.39403639E-01
   278.9000       1.30509375E-01       1.39280938E-01
   279.0000       1.30512792E-01       1.39147693E-01
   279.1000       1.30501852E-01       1.39004648E-01
   279.2000       1.30475024E-01       1.38851165E-01
   279.3000       1.30432605E-01       1.38688502E-01
   279.4000       1.30373101E-01       1.38516488E-01
   279.5000       1.30295861E-01       1.38335264E-01
   279.6000       1.30200442E-01       1.38145685E-01
   279.7000       1.30086574E-01       1.37948494E-01
   279.8000       1.29953558E-01       1.37744024E-01
   279.9000       1.29801271E-01       1.37533234E-01
   280.0000       1.29629308E-01       1.37316737E-01
   280.1000       1.29437467E-01       1.37095068E-01
   280.2000       1.29226079E-01       1.36869353E-01
   280.3000       1.28995131E-01       1.36640688E-01
   280.4000       1.28744458E-01       1.36409316E-01
   280.5000       1.28474448E-01       1.36176015E-01
   280.6000       1.28185482E-01       1.35941372E-01
   280.7000       1.27878020E-01       1.35706217E-01
   280.8000       1.27552133E-01       1.35470282E-01
   280.9000       1.27208160E-01       1.35233210E-01
   281.0000       1.26846946E-01       1.34995656E-01
   281.1000       1.26468710E-01       1.34756605E-01
   281.2000       1.26074323E-01       1.34515641E-01
   281.3000       1.25664405E-01       1.34272408E-01
   281.4000       1.25239215E-01       1.34025003E-01
   281.5000       1.24799612E-01       1.33772897E-01
   281.6000       1.24346538E-01       1.33514718E-01
   281.7000       1.23880205E-01       1.33248860E-01
   281.8000       1.23401433E-01       1.32974117E-01
   281.9000       1.22910884E-01       1.32689022E-01
   282.0000       1.22408757E-01       1.32391904E-01
   282.1000       1.21896230E-01       1.32081937E-01
   282.2000       1.21374004E-01       1.31758809E-01
   282.3000       1.20843063E-01       1.31421742E-01
   282.4000       1.20304499E-01       1.31071052E-01
   282.5000       1.19758401E-01       1.30706230E-01
   282.6000       1.19206685E-01       1.30329003E-01
   282.7000       1.18649996E-01       1.29939965E-01
   282.8000       1.18088607E-01       1.29540153E-01
   282.9000       1.17524239E-01       1.29131738E-01
   283.0000       1.16957685E-01       1.28716516E-01
   283.1000       1.16389604E-01       1.28296287E-01
   283.2000       1.15821133E-01       1.27873701E-01
   283.3000       1.15253004E-01       1.27450591E-01
   283.4000       1.14686083E-01       1.27029159E-01
   283.5000       1.14121250E-01       1.26611884E-01
   283.6000       1.13558949E-01       1.26200496E-01
   283.7000       1.12999857E-01       1.25796896E-01
   283.8000       1.12444152E-01       1.25402517E-01
   283.9000       1.11891885E-01       1.25017977E-01
   284.0000       1.11344357E-01       1.24646208E-01
   284.1000       1.10800619E-01       1.24286657E-01
   284.2000       1.10260639E-01       1.23940080E-01
   284.3000       1.09724699E-01       1.23607185E-01
   284.4000       1.09191739E-01       1.23287421E-01
   284.5000       1.08662191E-01       1.22981518E-01
   284.6000       1.08134853E-01       1.22688377E-01
   284.7000       1.07609404E-01       1.22407913E-01
   284.8000       1.07085397E-01       1.22139547E-01
   284.9000       1.06561822E-01       1.21882182E-01
   285.0000       1.06037906E-01       1.21634956E-01
   285.1000       1.05512733E-01       1.21396372E-01
   285.2000       1.04985438E-01       1.21165435E-01
   285.3000       1.04455794E-01       1.20941314E-01
   285.4000       1.03922465E-01       1.20722046E-01
   285.5000       1.03385071E-01       1.20506531E-01
   285.6000       1.02843388E-01       1.20293379E-01
   285.7000       1.02295892E-01       1.20080438E-01
   285.8000       1.01743253E-01       1.19867001E-01
   285.9000       1.01185035E-01       1.19651655E-01
   286.0000       1.00621365E-01       1.19432805E-01
   286.1000       1.00052327E-01       1.19209507E-01
   286.2000       9.94792157E-02       1.18981016E-01
   286.3000       9.89012667E-02       1.18745586E-01
   286.4000       9.83210006E-02       1.18503852E-01
   286.5000       9.77389846E-02       1.18254830E-01
   286.6000       9.71565516E-02       1.17998522E-01
   286.7000       9.65759665E-02       1.17735372E-01
   286.8000       9.59990333E-02       1.17465768E-01
   286.9000       9.54276119E-02       1.17190390E-01
   287.0000       9.48637196E-02       1.16910020E-01
   287.1000       9.43086502E-02       1.16625059E-01
   287.2000       9.37649229E-02       1.16337096E-01
   287.3000       9.32342734E-02       1.16047046E-01
   287.4000       9.27182508E-02       1.15756156E-01
   287.5000       9.22180340E-02       1.15464950E-01
   287.6000       9.17351374E-02       1.15174798E-01
   287.7000       9.12696998E-02       1.14886212E-01
   287.8000       9.08213608E-02       1.14599115E-01
   287.9000       9.03911305E-02       1.14314463E-01
   288.0000       8.99773691E-02       1.14031813E-01
   288.1000       8.95794408E-02       1.13750973E-01
   288.2000       8.91962524E-02       1.13471668E-01
   288.3000       8.88266752E-02       1.13193745E-01
   288.4000       8.84690866E-02       1.12916343E-01
   288.5000       8.81206545E-02       1.12638085E-01
   288.6000       8.77798318E-02       1.12358285E-01
   288.7000       8.74445656E-02       1.12075949E-01
   288.8000       8.71129222E-02       1.11790301E-01
   288.9000       8.67819359E-02       1.11499572E-01
   289.0000       8.64501745E-02       1.11203103E-01
   289.1000       8.61153989E-02       1.10899847E-01
   289.2000       8.57762964E-02       1.10589211E-01
   289.3000       8.54307945E-02       1.10270084E-01
   289.4000       8.50773881E-02       1.09941885E-01
   289.5000       8.47151666E-02       1.09604266E-01
   289.6000       8.43430016E-02       1.09256767E-01
   289.7000       8.39599935E-02       1.08899189E-01
   289.8000       8.35647798E-02       1.08530898E-01
   289.9000       8.31573355E-02       1.08152315E-01
   290.0000       8.27374739E-02       1.07763754E-01
   290.1000       8.23043818E-02       1.07364992E-01
   290.2000       8.18580695E-02       1.06956332E-01
   290.3000       8.13989812E-02       1.06538557E-01
   290.4000       8.09268566E-02       1.06111826E-01
   290.5000       8.04423060E-02       1.05676956E-01
   290.6000       7.99458128E-02       1.05234605E-01
   290.7000       7.94377671E-02       1.04785365E-01
   290.8000       7.89191886E-02       1.04330075E-01
   290.9000       7.83913063E-02       1.03870009E-01
   291.0000       7.78545465E-02       1.03405699E-01
   291.1000       7.73103491E-02       1.02938269E-01
   291.2000       7.67597988E-02       1.02468689E-01
   291.3000       7.62044526E-02       1.01998272E-01
   291.4000       7.56455728E-02       1.01527893E-01
   291.5000       7.50848470E-02       1.01058876E-01
   291.6000       7.45238141E-02       1.00592389E-01
   291.7000       7.39643522E-02       1.00129717E-01
   291.8000       7.34079599E-02       9.96719114E-02
   291.9000       7.28565793E-02       9.92203494E-02
   292.0000       7.23119135E-02       9.87761864E-02
   292.1000       7.17758200E-02       9.83405744E-02
   292.2000       7.12496530E-02       9.79144004E-02
   292.3000       7.07353894E-02       9.74988501E-02
   292.4000       7.02341550E-02       9.70946803E-02
   292.5000       6.97474700E-02       9.67026945E-02
   292.6000       6.92765144E-02       9.63234533E-02
   292.7000       6.88220992E-02       9.59573265E-02
   292.8000       6.83850967E-02       9.56046126E-02
   292.9000       6.79662044E-02       9.52654086E-02
   293.0000       6.75656003E-02       9.49394248E-02
   293.1000       6.71836131E-02       9.46264770E-02
   293.2000       6.68199487E-02       9.43259099E-02
   293.3000       6.64746940E-02       9.40372873E-02
   293.4000       6.61471662E-02       9.37596004E-02
   293.5000       6.58366963E-02       9.34918780E-02
   293.6000       6.55425925E-02       9.32331131E-02
   293.7000       6.52636295E-02       9.29819123E-02
   293.8000       6.49986615E-02       9.27369824E-02
   293.9000       6.47467018E-02       9.24971256E-02
   294.0000       6.45062592E-02       9.22608333E-02
   294.1000       6.42761789E-02       9.20269543E-02
   294.2000       6.40549000E-02       9.17940745E-02
   294.3000       6.38409548E-02       9.15608552E-02
   294.4000       6.36331360E-02       9.13262540E-02
   294.5000       6.34300143E-02       9.10891446E-02
   294.6000       6.32304506E-02       9.08486414E-02
   294.7000       6.30329332E-02       9.06036921E-02
   294.8000       6.28364492E-02       9.03536848E-02
   294.9000       6.26402126E-02       9.00982176E-02
   295.0000       6.24429827E-02       8.98366287E-02
   295.1000       6.22440514E-02       8.95687035E-02
   295.2000       6.20429398E-02       8.92944488E-02
   295.3000       6.18387576E-02       8.90135350E-02
   295.4000       6.16311522E-02       8.87261752E-02
   295.5000       6.14197974E-02       8.84325174E-02
   295.6000       6.12046621E-02       8.81329585E-02
   295.7000       6.09854815E-02       8.78277687E-02
   295.8000       6.07621839E-02       8.75173017E-02
   295.9000       6.05350952E-02       8.72021997E-02
   296.0000       6.03040743E-02       8.68827667E-02
   296.1000       6.00696730E-02       8.65597541E-02
   296.2000       5.98322206E-02       8.62336483E-02
   296.3000       5.95919311E-02       8.59049434E-02
   296.4000       5.93495984E-02       8.55744536E-02
   296.5000       5.91055096E-02       8.52425489E-02
   296.6000       5.88603934E-02       8.49098361E-02
   296.7000       5.86143834E-02       8.45765148E-02
   296.8000       5.83684715E-02       8.42433043E-02
   296.9000       5.81231848E-02       8.39105522E-02
   297.0000       5.78789807E-02       8.35785446E-02
   297.1000       5.76367083E-02       8.32477267E-02
   297.2000       5.73967386E-02       8.29182757E-02
   297.3000       5.71594467E-02       8.25902569E-02
   297.4000       5.69254232E-02       8.22638677E-02
   297.5000       5.66951755E-02       8.19392940E-02
   297.6000       5.64690907E-02       8.16165633E-02
   297.7000       5.62475528E-02       8.12957114E-02
   297.8000       5.60309516E-02       8.09768401E-02
   297.9000       5.58195485E-02       8.06598776E-02
   298.0000       5.56135714E-02       8.03448294E-02
   298.1000       5.54132400E-02       8.00316946E-02
   298.2000       5.52187984E-02       7.97204929E-02
   298.3000       5.50304010E-02       7.94112685E-02
   298.4000       5.48481737E-02       7.91040310E-02
   298.5000       5.46721309E-02       7.87988124E-02
   298.6000       5.45025420E-02       7.84958405E-02
   298.7000       5.43392404E-02       7.81950564E-02
   298.8000       5.41822655E-02       7.78966371E-02
   298.9000       5.40317274E-02       7.76008250E-02
   299.0000       5.38875791E-02       7.73077824E-02
   299.1000       5.37496843E-02       7.70176481E-02
   299.2000       5.36179767E-02       7.67306516E-02
   299.3000       5.34923895E-02       7.64469951E-02
   299.4000       5.33728036E-02       7.61668808E-02
   299.5000       5.32591560E-02       7.58906015E-02
   299.6000       5.31511910E-02       7.56182524E-02
   299.7000       5.30486580E-02       7.53499160E-02
   299.8000       5.29514907E-02       7.50858550E-02
   299.9000       5.28593995E-02       7.48260956E-02
   300.0000       5.27721871E-02       7.45707435E-02
   300.1000       5.26895919E-02       7.43197939E-02
   300.2000       5.26113120E-02       7.40732510E-02
   300.3000       5.25371135E-02       7.38310742E-02
   300.4000       5.24667500E-02       7.35932263E-02
   300.5000       5.23999106E-02       7.33595741E-02
   300.6000       5.23363767E-02       7.31300120E-02
   300.7000       5.22758216E-02       7.29043507E-02
   300.8000       5.22180416E-02       7.26824972E-02
   300.9000       5.21627883E-02       7.24642291E-02
   301.0000       5.21096973E-02       7.22492683E-02
   301.1000       5.20586074E-02       7.20374967E-02
   301.2000       5.20093053E-02       7.18286826E-02
   301.3000       5.19615137E-02       7.16225427E-02
   301.4000       5.19151001E-02       7.14189637E-02
   301.5000       5.18698532E-02       7.12177103E-02
   301.6000       5.18256411E-02       7.10185966E-02
   301.7000       5.17822551E-02       7.08213708E-02
   301.8000       5.17395388E-02       7.06258403E-02
   301.9000       5.16974513E-02       7.04318970E-02
   302.0000       5.16558677E-02       7.02393522E-02
   302.1000       5.16146876E-02       7.00480204E-02
   302.2000       5.15737942E-02       6.98577135E-02
   302.3000       5.15331580E-02       6.96683096E-02
   302.4000       5.14926720E-02       6.94796285E-02
   302.5000       5.14522989E-02       6.92915259E-02
   302.6000       5.14119564E-02       6.91038537E-02
   302.7000       5.13716134E-02       6.89164845E-02
   302.8000       5.13312890E-02       6.87293355E-02
   302.9000       5.12909257E-02       6.85422670E-02
   303.0000       5.12504629E-02       6.83551524E-02
   303.1000       5.12098926E-02       6.81678863E-02
   303.2000       5.11692385E-02       6.79804246E-02
   303.3000       5.11284625E-02       6.77926888E-02
   303.4000       5.10875542E-02       6.76045981E-02
   303.5000       5.10464556E-02       6.74160630E-02
   303.6000       5.10052139E-02       6.72271091E-02
   303.7000       5.09638068E-02       6.70376903E-02
   303.8000       5.09222170E-02       6.68477845E-02
   303.9000       5.08804599E-02       6.66574223E-02
   304.0000       5.08384762E-02       6.64665554E-02
   304.1000       5.07962815E-02       6.62752290E-02
   304.2000       5.07538894E-02       6.60835237E-02
   304.3000       5.07112903E-02       6.58914519E-02
   304.4000       5.06684726E-02       6.56990718E-02
   304.5000       5.06254271E-02       6.55064314E-02
   304.6000       5.05822360E-02       6.53136880E-02
   304.7000       5.05388088E-02       6.51208184E-02
   304.8000       5.04952559E-02       6.49280310E-02
   304.9000       5.04515503E-02       6.47353594E-02
   305.0000       5.04077606E-02       6.45429448E-02
   305.1000       5.03639347E-02       6.43509108E-02
   305.2000       5.03200899E-02       6.41593376E-02
   305.3000       5.02763088E-02       6.39683743E-02
   305.4000       5.02326410E-02       6.37781431E-02
   305.5000       5.01891489E-02       6.35887538E-02
   305.6000       5.01459165E-02       6.34003284E-02
   305.7000       5.01030321E-02       6.32129960E-02
   305.8000       5.00605714E-02       6.30268581E-02
   305.9000       5.00186298E-02       6.28420461E-02
   306.0000       4.99772567E-02       6.26586033E-02
   306.1000       4.99365678E-02       6.24766416E-02
   306.2000       4.98966328E-02       6.22962409E-02
   306.3000       4.98575219E-02       6.21174479E-02
   306.4000       4.98192700E-02       6.19402792E-02
   306.5000       4.97819601E-02       6.17647991E-02
   306.6000       4.97456677E-02       6.15910432E-02
   306.7000       4.97104211E-02       6.14189920E-02
   306.8000       4.96762251E-02       6.12486319E-02
   306.9000       4.96431457E-02       6.10799851E-02
   307.0000       4.96111638E-02       6.09129860E-02
   307.1000       4.95803000E-02       6.07476117E-02
   307.2000       4.95505714E-02       6.05838523E-02
   307.3000       4.95219378E-02       6.04216226E-02
   307.4000       4.94943919E-02       6.02608925E-02
   307.5000       4.94679041E-02       6.01016109E-02
   307.6000       4.94424400E-02       5.99437154E-02
   307.7000       4.94179597E-02       5.97871815E-02
   307.8000       4.93944322E-02       5.96319652E-02
   307.9000       4.93718068E-02       5.94780194E-02
   308.0000       4.93500354E-02       5.93253316E-02
   308.1000       4.93290572E-02       5.91738632E-02
   308.2000       4.93088623E-02       5.90236536E-02
   308.3000       4.92893890E-02       5.88746857E-02
   308.4000       4.92706048E-02       5.87269746E-02
   308.5000       4.92524509E-02       5.85805359E-02
   308.6000       4.92348903E-02       5.84353931E-02
   308.7000       4.92179055E-02       5.82916156E-02
   308.8000       4.92014381E-02       5.81492241E-02
   308.9000       4.91854911E-02       5.80083133E-02
   309.0000       4.91700074E-02       5.78689016E-02
   309.1000       4.91549709E-02       5.77310575E-02
   309.2000       4.91403718E-02       5.75948686E-02
   309.3000       4.91261729E-02       5.74603897E-02
   309.4000       4.91123808E-02       5.73276886E-02
   309.5000       4.90989970E-02       5.71968648E-02
   309.6000       4.90859880E-02       5.70679382E-02
   309.7000       4.90733445E-02       5.69409756E-02
   309.8000       4.90610557E-02       5.68160183E-02
   309.9000       4.90491366E-02       5.66931438E-02
   310.0000       4.90375638E-02       5.65723622E-02
   310.1000       4.90263493E-02       5.64537376E-02
   310.2000       4.90154655E-02       5.63372630E-02
   310.3000       4.90049253E-02       5.62229706E-02
   310.4000       4.89947142E-02       5.61108398E-02
   310.5000       4.89848475E-02       5.60009030E-02
   310.6000       4.89753105E-02       5.58931413E-02
   310.7000       4.89660912E-02       5.57875199E-02
   310.8000       4.89571858E-02       5.56840128E-02
   310.9000       4.89485739E-02       5.55825641E-02
   311.0000       4.89402632E-02       5.54831489E-02
   311.1000       4.89322476E-02       5.53857094E-02
   311.2000       4.89245044E-02       5.52901812E-02
   311.3000       4.89170184E-02       5.51964805E-02
   311.4000       4.89097668E-02       5.51045258E-02
   311.5000       4.89027591E-02       5.50142620E-02
   311.6000       4.88959693E-02       5.49255856E-02
   311.7000       4.88893855E-02       5.48384192E-02
   311.8000       4.88829799E-02       5.47526590E-02
   311.9000       4.88767472E-02       5.46682188E-02
   312.0000       4.88706675E-02       5.45850033E-02
   312.1000       4.88647226E-02       5.45029243E-02
   312.2000       4.88588987E-02       5.44218868E-02
   312.3000       4.88531835E-02       5.43418112E-02
   312.4000       4.88475606E-02       5.42626071E-02
   312.5000       4.88420242E-02       5.41842050E-02
   312.6000       4.88365509E-02       5.41065092E-02
   312.7000       4.88311305E-02       5.40294585E-02
   312.8000       4.88257601E-02       5.39530039E-02
   312.9000       4.88204333E-02       5.38770883E-02
   313.0000       4.88151326E-02       5.38016588E-02
   313.1000       4.88098532E-02       5.37266694E-02
   313.2000       4.88045962E-02       5.36521009E-02
   313.3000       4.87993414E-02       5.35779113E-02
   313.4000       4.87941011E-02       5.35041030E-02
   313.5000       4.87888569E-02       5.34306408E-02
   313.6000       4.87836148E-02       5.33575392E-02
   313.7000       4.87783701E-02       5.32847940E-02
   313.8000       4.87731088E-02       5.32124006E-02
   313.9000       4.87678428E-02       5.31403886E-02
   314.0000       4.87625600E-02       5.30687654E-02
   314.1000       4.87572727E-02       5.29975675E-02
   314.2000       4.87519769E-02       5.29268099E-02
   314.3000       4.87466651E-02       5.28565311E-02
   314.4000       4.87413570E-02       5.27867762E-02
   314.5000       4.87360433E-02       5.27175725E-02
   314.6000       4.87307365E-02       5.26489729E-02
   314.7000       4.87254426E-02       5.25810096E-02
   314.8000       4.87201677E-02       5.25137324E-02
   314.9000       4.87149154E-02       5.24471771E-02
   315.0000       4.87096997E-02       5.23813976E-02
   315.1000       4.87045173E-02       5.23164158E-02
   315.2000       4.86993933E-02       5.22522955E-02
   315.3000       4.86943268E-02       5.21890606E-02
   315.4000       4.86893234E-02       5.21267389E-02
   315.5000       4.86843881E-02       5.20653540E-02
   315.6000       4.86795366E-02       5.20049492E-02
   315.7000       4.86747600E-02       5.19455258E-02
   315.8000       4.86700802E-02       5.18871121E-02
   315.9000       4.86654931E-02       5.18297139E-02
   316.0000       4.86610022E-02       5.17733266E-02
   316.1000       4.86566094E-02       5.17179592E-02
   316.2000       4.86523094E-02       5.16635915E-02
   316.3000       4.86481015E-02       5.16102128E-02
   316.4000       4.86439877E-02       5.15578113E-02
   316.5000       4.86399600E-02       5.15063665E-02
   316.6000       4.86360136E-02       5.14558482E-02
   316.7000       4.86321369E-02       5.14062287E-02
   316.8000       4.86283329E-02       5.13574820E-02
   316.9000       4.86245887E-02       5.13095674E-02
   317.0000       4.86209011E-02       5.12624616E-02
   317.1000       4.86172595E-02       5.12161271E-02
   317.2000       4.86136635E-02       5.11705341E-02
   317.3000       4.86101027E-02       5.11256445E-02
   317.4000       4.86065808E-02       5.10814411E-02
   317.5000       4.86030891E-02       5.10378924E-02
   317.6000       4.85996283E-02       5.09949783E-02
   317.7000       4.85961933E-02       5.09526676E-02
   317.8000       4.85927844E-02       5.09109501E-02
   317.9000       4.85894020E-02       5.08698084E-02
   318.0000       4.85860492E-02       5.08292371E-02
   318.1000       4.85827299E-02       5.07892257E-02
   318.2000       4.85794453E-02       5.07497669E-02
   318.3000       4.85761978E-02       5.07108621E-02
   318.4000       4.85729967E-02       5.06725143E-02
   318.5000       4.85698402E-02       5.06347198E-02
   318.6000       4.85667394E-02       5.05974916E-02
   318.7000       4.85636898E-02       5.05608240E-02
   318.8000       4.85606989E-02       5.05247352E-02
   318.9000       4.85577701E-02       5.04892298E-02
   319.0000       4.85549082E-02       5.04543129E-02
   319.1000       4.85521136E-02       5.04199932E-02
   319.2000       4.85493867E-02       5.03862733E-02
   319.3000       4.85467294E-02       5.03531629E-02
   319.4000       4.85441399E-02       5.03206623E-02
   319.5000       4.85416208E-02       5.02887753E-02
   319.6000       4.85391709E-02       5.02575096E-02
   319.7000       4.85367865E-02       5.02268596E-02
   319.8000       4.85344711E-02       5.01968288E-02
   319.9000       4.85322177E-02       5.01674093E-02
   320.0000       4.85300176E-02       5.01385912E-02
   320.1000       4.85278741E-02       5.01103787E-02
   320.2000       4.85257810E-02       5.00827594E-02
   320.3000       4.85237337E-02       5.00557207E-02
   320.4000       4.85217274E-02       5.00292560E-02
   320.5000       4.85197626E-02       5.00033594E-02
   320.6000       4.85178318E-02       4.99780098E-02
   320.7000       4.85159278E-02       4.99531949E-02
   320.8000       4.85140461E-02       4.99288996E-02
   320.9000       4.85121831E-02       4.99051103E-02
   321.0000       4.85103352E-02       4.98818111E-02
   321.1000       4.85084998E-02       4.98589895E-02
   321.2000       4.85066711E-02       4.98366249E-02
   321.3000       4.85048466E-02       4.98147062E-02
   321.4000       4.85030236E-02       4.97932155E-02
   321.5000       4.85011993E-02       4.97721422E-02
   321.6000       4.84993694E-02       4.97514653E-02
   321.7000       4.84975326E-02       4.97311734E-02
   321.8000       4.84956860E-02       4.97112495E-02
   321.9000       4.84938309E-02       4.96916862E-02
   322.0000       4.84919661E-02       4.96724697E-02
   322.1000       4.84900861E-02       4.96535827E-02
   322.2000       4.84881947E-02       4.96350166E-02
   322.3000       4.84862899E-02       4.96167622E-02
   322.4000       4.84843714E-02       4.95988058E-02
   322.5000       4.84824383E-02       4.95811383E-02
   322.6000       4.84804912E-02       4.95637513E-02
   322.7000       4.84785268E-02       4.95466344E-02
   322.8000       4.84765449E-02       4.95297795E-02
   322.9000       4.84745517E-02       4.95131849E-02
   323.0000       4.84725422E-02       4.94968382E-02
   323.1000       4.84705163E-02       4.94807358E-02
   323.2000       4.84684773E-02       4.94648710E-02
   323.3000       4.84664221E-02       4.94492401E-02
   323.4000       4.84643521E-02       4.94338389E-02
   323.5000       4.84622658E-02       4.94186601E-02
   323.6000       4.84601670E-02       4.94037040E-02
   323.7000       4.84580547E-02       4.93889684E-02
   323.8000       4.84559302E-02       4.93744505E-02
   323.9000       4.84537921E-02       4.93601455E-02
   324.0000       4.84516452E-02       4.93460550E-02
   324.1000       4.84494886E-02       4.93321785E-02
   324.2000       4.84473212E-02       4.93185118E-02
   324.3000       4.84451473E-02       4.93050536E-02
   324.4000       4.84429693E-02       4.92918061E-02
   324.5000       4.84407797E-02       4.92787648E-02
   324.6000       4.84385866E-02       4.92659316E-02
   324.7000       4.84363899E-02       4.92533054E-02
   324.8000       4.84341896E-02       4.92408839E-02
   324.9000       4.84319883E-02       4.92286686E-02
   325.0000       4.84297865E-02       4.92166577E-02
   325.1000       4.84275822E-02       4.92048467E-02
   325.2000       4.84253757E-02       4.91932370E-02
   325.3000       4.84231681E-02       4.91818274E-02
   325.4000       4.84209602E-02       4.91706190E-02
   325.5000       4.84187479E-02       4.91596040E-02
   325.6000       4.84165365E-02       4.91487861E-02
   325.7000       4.84143213E-02       4.91381595E-02
   325.8000       4.84120985E-02       4.91277255E-02
   325.9000       4.84098634E-02       4.91174761E-02
   326.0000       4.84076106E-02       4.91074082E-02
   326.1000       4.84053394E-02       4.90975234E-02
   326.2000       4.84030426E-02       4.90878142E-02
   326.3000       4.84007204E-02       4.90782796E-02
   326.4000       4.83983677E-02       4.90689145E-02
   326.5000       4.83959792E-02       4.90597159E-02
   326.6000       4.83935553E-02       4.90506814E-02
   326.7000       4.83910908E-02       4.90418072E-02
   326.8000       4.83885846E-02       4.90330891E-02
   326.9000       4.83860352E-02       4.90245257E-02
   327.0000       4.83834382E-02       4.90161119E-02
   327.1000       4.83807967E-02       4.90078461E-02
   327.2000       4.83781030E-02       4.89997197E-02
   327.3000       4.83753592E-02       4.89917365E-02
   327.4000       4.83725673E-02       4.89838907E-02
   327.5000       4.83697252E-02       4.89761778E-02
   327.6000       4.83668309E-02       4.89685954E-02
   327.7000       4.83638855E-02       4.89611394E-02
   327.8000       4.83608905E-02       4.89538061E-02
   327.9000       4.83578438E-02       4.89465949E-02
   328.0000       4.83547475E-02       4.89395016E-02
   328.1000       4.83516000E-02       4.89325236E-02
   328.2000       4.83484016E-02       4.89256578E-02
   328.3000       4.83451542E-02       4.89189022E-02
   328.4000       4.83418591E-02       4.89122528E-02
   328.5000       4.83385151E-02       4.89057063E-02
   328.6000       4.83351254E-02       4.88992650E-02
   328.7000       4.83316914E-02       4.88929200E-02
   328.8000       4.83282130E-02       4.88866723E-02
   328.9000       4.83246867E-02       4.88805186E-02
   329.0000       4.83211240E-02       4.88744584E-02
   329.1000       4.83175181E-02       4.88684858E-02
   329.2000       4.83138698E-02       4.88626013E-02
   329.3000       4.83101858E-02       4.88568008E-02
   329.4000       4.83064643E-02       4.88510839E-02
   329.5000       4.83027013E-02       4.88454419E-02
   329.6000       4.82989052E-02       4.88398771E-02
   329.7000       4.82950752E-02       4.88343877E-02
   329.8000       4.82912005E-02       4.88289681E-02
   329.9000       4.82872926E-02       4.88236191E-02
   330.0000       4.82833472E-02       4.88183375E-02
   330.1000       4.82793708E-02       4.88131217E-02
   330.2000       4.82753532E-02       4.88079663E-02
   330.3000       4.82713001E-02       4.88028716E-02
   330.4000       4.82672113E-02       4.87978378E-02
   330.5000       4.82630821E-02       4.87928609E-02
   330.6000       4.82589186E-02       4.87879383E-02
   330.7000       4.82547160E-02       4.87830714E-02
   330.8000       4.82504582E-02       4.87782543E-02
   330.9000       4.82461417E-02       4.87734841E-02
   331.0000       4.82417628E-02       4.87687654E-02
   331.1000       4.82373151E-02       4.87640901E-02
   331.2000       4.82327947E-02       4.87594614E-02
   331.3000       4.82281917E-02       4.87548748E-02
   331.4000       4.82235002E-02       4.87503318E-02
   331.5000       4.82187182E-02       4.87458258E-02
   331.6000       4.82138428E-02       4.87413612E-02
   331.7000       4.82088717E-02       4.87369341E-02
   331.8000       4.82038086E-02       4.87325431E-02
   331.9000       4.81986524E-02       4.87281890E-02
   332.0000       4.81934062E-02       4.87238683E-02
   332.1000       4.81880637E-02       4.87195837E-02
   332.2000       4.81826365E-02       4.87153311E-02
   332.3000       4.81771208E-02       4.87111137E-02
   332.4000       4.81715179E-02       4.87069334E-02
   332.5000       4.81658217E-02       4.87027846E-02
   332.6000       4.81600397E-02       4.86986702E-02
   332.7000       4.81541761E-02       4.86945888E-02
   332.8000       4.81482482E-02       4.86905489E-02
   332.9000       4.81422372E-02       4.86865435E-02
   333.0000       4.81361520E-02       4.86825735E-02
   333.1000       4.81299938E-02       4.86786445E-02
   333.2000       4.81237677E-02       4.86747536E-02
   333.3000       4.81174716E-02       4.86709011E-02
   333.4000       4.81111059E-02       4.86670917E-02
   333.5000       4.81046704E-02       4.86633188E-02
   333.6000       4.80981805E-02       4.86595917E-02
   333.7000       4.80916356E-02       4.86559102E-02
   333.8000       4.80850363E-02       4.86522730E-02
   333.9000       4.80783912E-02       4.86486865E-02
   334.0000       4.80717073E-02       4.86451437E-02
   334.1000       4.80649791E-02       4.86416515E-02
   334.2000       4.80582159E-02       4.86382020E-02
   334.3000       4.80514208E-02       4.86348067E-02
   334.4000       4.80446149E-02       4.86314599E-02
   334.5000       4.80377740E-02       4.86281624E-02
   334.6000       4.80309198E-02       4.86249186E-02
   334.7000       4.80240601E-02       4.86217250E-02
   334.8000       4.80171726E-02       4.86185817E-02
   334.9000       4.80102686E-02       4.86154905E-02
   335.0000       4.80033211E-02       4.86124481E-02
   335.1000       4.79963007E-02       4.86094441E-02
   335.2000       4.79892196E-02       4.86064896E-02
   335.3000       4.79820568E-02       4.86035768E-02
   335.4000       4.79747827E-02       4.86007002E-02
   335.5000       4.79674071E-02       4.85978605E-02
   335.6000       4.79599203E-02       4.85950562E-02
   335.7000       4.79523302E-02       4.85922860E-02
   335.8000       4.79446362E-02       4.85895540E-02
   335.9000       4.79368272E-02       4.85868508E-02
   336.0000       4.79288904E-02       4.85841791E-02
   336.1000       4.79208690E-02       4.85815409E-02
   336.2000       4.79127348E-02       4.85789344E-02
   336.3000       4.79044999E-02       4.85763554E-02
   336.4000       4.78961931E-02       4.85738041E-02
   336.5000       4.78877699E-02       4.85712810E-02
   336.6000       4.78792685E-02       4.85687836E-02
   336.7000       4.78706868E-02       4.85663171E-02
   336.8000       4.78620389E-02       4.85638801E-02
   336.9000       4.78533152E-02       4.85614679E-02
   337.0000       4.78445204E-02       4.85590860E-02
   337.1000       4.78356945E-02       4.85567357E-02
   337.2000       4.78267945E-02       4.85544078E-02
   337.3000       4.78178457E-02       4.85521136E-02
   337.4000       4.78088949E-02       4.85498507E-02
   337.5000       4.77998883E-02       4.85476178E-02
   337.6000       4.77908736E-02       4.85454175E-02
   337.7000       4.77818646E-02       4.85432501E-02
   337.8000       4.77728086E-02       4.85411107E-02
   337.9000       4.77637326E-02       4.85390024E-02
   338.0000       4.77546754E-02       4.85369229E-02
   338.1000       4.77456279E-02       4.85348763E-02
   338.2000       4.77365869E-02       4.85328591E-02
   338.3000       4.77275299E-02       4.85308718E-02
   338.4000       4.77184374E-02       4.85289135E-02
   338.5000       4.77093513E-02       4.85269815E-02
   338.6000       4.77002141E-02       4.85250724E-02
   338.7000       4.76910465E-02       4.85231886E-02
   338.8000       4.76818357E-02       4.85213277E-02
   338.9000       4.76725628E-02       4.85194887E-02
   339.0000       4.76632495E-02       4.85176735E-02
   339.1000       4.76538576E-02       4.85158841E-02
   339.2000       4.76444371E-02       4.85141106E-02
   339.3000       4.76349449E-02       4.85123610E-02
   339.4000       4.76253358E-02       4.85106288E-02
   339.5000       4.76156944E-02       4.85089134E-02
   339.6000       4.76059776E-02       4.85072227E-02
   339.7000       4.75961946E-02       4.85055451E-02
   339.8000       4.75863397E-02       4.85038869E-02
   339.9000       4.75764156E-02       4.85022428E-02
   340.0000       4.75663770E-02       4.85006082E-02
   340.1000       4.75563313E-02       4.84989883E-02
   340.2000       4.75462204E-02       4.84973751E-02
   340.3000       4.75360826E-02       4.84957717E-02
   340.4000       4.75258862E-02       4.84941791E-02
   340.5000       4.75156616E-02       4.84925903E-02
   340.6000       4.75054506E-02       4.84910105E-02
   340.7000       4.74952792E-02       4.84894445E-02
   340.8000       4.74850914E-02       4.84878863E-02
   340.9000       4.74749132E-02       4.84863336E-02
   341.0000       4.74647292E-02       4.84847881E-02
   341.1000       4.74545831E-02       4.84832483E-02
   341.2000       4.74445766E-02       4.84817232E-02
   341.3000       4.74345670E-02       4.84802006E-02
   341.4000       4.74246899E-02       4.84786952E-02
   341.5000       4.74147878E-02       4.84771929E-02
   341.6000       4.74049190E-02       4.84756941E-02
   341.7000       4.73951305E-02       4.84741997E-02
   341.8000       4.73853736E-02       4.84727067E-02
   341.9000       4.73756355E-02       4.84712114E-02
   342.0000       4.73659628E-02       4.84697129E-02
   342.1000       4.73563747E-02       4.84682065E-02
   342.2000       4.73467963E-02       4.84666912E-02
   342.3000       4.73373386E-02       4.84651669E-02
   342.4000       4.73279145E-02       4.84636337E-02
   342.5000       4.73185244E-02       4.84620808E-02
   342.6000       4.73092232E-02       4.84605136E-02
   342.7000       4.73000325E-02       4.84589392E-02
   342.8000       4.72909101E-02       4.84573442E-02
   342.9000       4.72818020E-02       4.84557314E-02
   343.0000       4.72727107E-02       4.84540919E-02
   343.1000       4.72637500E-02       4.84524350E-02
   343.2000       4.72548149E-02       4.84507587E-02
   343.3000       4.72459842E-02       4.84490597E-02
   343.4000       4.72372297E-02       4.84473312E-02
   343.5000       4.72285370E-02       4.84455747E-02
   343.6000       4.72199037E-02       4.84437779E-02
   343.7000       4.72113753E-02       4.84419521E-02
   343.8000       4.72029821E-02       4.84400875E-02
   343.9000       4.71946273E-02       4.84381810E-02
   344.0000       4.71863985E-02       4.84362354E-02
   344.1000       4.71782112E-02       4.84342382E-02
   344.2000       4.71701023E-02       4.84321899E-02
   344.3000       4.71621007E-02       4.84300866E-02
   344.4000       4.71542367E-02       4.84279349E-02
   344.5000       4.71465410E-02       4.84257286E-02
   344.6000       4.71389153E-02       4.84234570E-02
   344.7000       4.71314923E-02       4.84211242E-02
   344.8000       4.71241703E-02       4.84187209E-02
   344.9000       4.71170071E-02       4.84162359E-02
   345.0000       4.71099502E-02       4.84136627E-02
   345.1000       4.71030335E-02       4.84110000E-02
   345.2000       4.70963371E-02       4.84082532E-02
   345.3000       4.70897461E-02       4.84054000E-02
   345.4000       4.70833728E-02       4.84024480E-02
   345.5000       4.70771377E-02       4.83993908E-02
   345.6000       4.70710047E-02       4.83962141E-02
   345.7000       4.70651526E-02       4.83929269E-02
   345.8000       4.70594411E-02       4.83895287E-02
   345.9000       4.70538663E-02       4.83859933E-02
   346.0000       4.70484394E-02       4.83823312E-02
   346.1000       4.70432504E-02       4.83785369E-02
   346.2000       4.70381393E-02       4.83745904E-02
   346.3000       4.70332934E-02       4.83704818E-02
   346.4000       4.70285669E-02       4.83662120E-02
   346.5000       4.70241632E-02       4.83617879E-02
   346.6000       4.70197311E-02       4.83571776E-02
   346.7000       4.70155994E-02       4.83523893E-02
   346.8000       4.70116300E-02       4.83474223E-02
   346.9000       4.70078121E-02       4.83422577E-02
   347.0000       4.70042731E-02       4.83368873E-02
   347.1000       4.70007062E-02       4.83312871E-02
   347.2000       4.69973943E-02       4.83254709E-02
   347.3000       4.69941655E-02       4.83194231E-02
   347.4000       4.69911990E-02       4.83131530E-02
   347.5000       4.69883855E-02       4.83066395E-02
   347.6000       4.69856568E-02       4.82998780E-02
   347.7000       4.69831078E-02       4.82928811E-02
   347.8000       4.69807738E-02       4.82856490E-02
   347.9000       4.69785044E-02       4.82781684E-02
   348.0000       4.69764315E-02       4.82704447E-02
   348.1000       4.69745477E-02       4.82624744E-02
   348.2000       4.69727704E-02       4.82542544E-02
   348.3000       4.69710654E-02       4.82457858E-02
   348.4000       4.69695607E-02       4.82370875E-02
   348.5000       4.69681227E-02       4.82281562E-02
   348.6000       4.69668532E-02       4.82190129E-02
   348.7000       4.69657644E-02       4.82096804E-02
   348.8000       4.69647830E-02       4.82001605E-02
   348.9000       4.69639550E-02       4.81904657E-02
   349.0000       4.69631848E-02       4.81806106E-02
   349.1000       4.69625635E-02       4.81706357E-02
   349.2000       4.69619711E-02       4.81605447E-02
   349.3000       4.69614996E-02       4.81503867E-02
   349.4000       4.69610511E-02       4.81401937E-02
   349.5000       4.69607505E-02       4.81300037E-02
   349.6000       4.69605329E-02       4.81198538E-02
   349.7000       4.69603725E-02       4.81097941E-02
   349.8000       4.69603095E-02       4.80998663E-02
   349.9000       4.69602263E-02       4.80901309E-02
   350.0000       4.69602111E-02       4.80806655E-02
   350.1000       4.69601674E-02       4.80715310E-02
   350.2000       4.69601706E-02       4.80627904E-02
   350.3000       4.69601650E-02       4.80545169E-02
   350.4000       4.69601554E-02       4.80467685E-02
   350.5000       4.69601255E-02       4.80396208E-02
   350.6000       4.69601511E-02       4.80331576E-02
   350.7000       4.69600843E-02       4.80274280E-02
   350.8000       4.69599399E-02       4.80225093E-02
   350.9000       4.69597424E-02       4.80184714E-02
   351.0000       4.69594846E-02       4.80153595E-02
   351.1000       4.69592451E-02       4.80132142E-02
   351.2000       4.69588598E-02       4.80120650E-02
   351.3000       4.69583638E-02       4.80119275E-02
   351.4000       4.69578225E-02       4.80128295E-02
   351.5000       4.69571668E-02       4.80147754E-02
   351.6000       4.69563595E-02       4.80177375E-02
   351.7000       4.69555320E-02       4.80217272E-02
   351.8000       4.69545566E-02       4.80266859E-02
   351.9000       4.69535145E-02       4.80325623E-02
   352.0000       4.69523214E-02       4.80392979E-02
   352.1000       4.69510100E-02       4.80468229E-02
   352.2000       4.69496101E-02       4.80550676E-02
   352.3000       4.69480029E-02       4.80639401E-02
   352.4000       4.69462828E-02       4.80733599E-02
   352.5000       4.69443163E-02       4.80832614E-02
   352.6000       4.69422661E-02       4.80935691E-02
   352.7000       4.69400905E-02       4.81041824E-02
   352.8000       4.69376995E-02       4.81150235E-02
   352.9000       4.69351436E-02       4.81260277E-02
   353.0000       4.69324053E-02       4.81371154E-02
   353.1000       4.69294593E-02       4.81482065E-02
   353.2000       4.69263476E-02       4.81592444E-02
   353.3000       4.69230455E-02       4.81701694E-02
   353.4000       4.69195249E-02       4.81809024E-02
   353.5000       4.69157839E-02       4.81914134E-02
   353.6000       4.69118132E-02       4.82016437E-02
   353.7000       4.69077105E-02       4.82115566E-02
   353.8000       4.69033774E-02       4.82210943E-02
   353.9000       4.68988754E-02       4.82302239E-02
   354.0000       4.68941314E-02       4.82389023E-02
   354.1000       4.68892089E-02       4.82470937E-02
   354.2000       4.68840486E-02       4.82547594E-02
   354.3000       4.68788099E-02       4.82618704E-02
   354.4000       4.68732698E-02       4.82684001E-02
   354.5000       4.68676556E-02       4.82743275E-02
   354.6000       4.68618173E-02       4.82796294E-02
   354.7000       4.68557498E-02       4.82842731E-02
   354.8000       4.68496008E-02       4.82882460E-02
   354.9000       4.68431897E-02       4.82915329E-02
   355.0000       4.68366052E-02       4.82941269E-02
   355.1000       4.68298978E-02       4.82960066E-02
   355.2000       4.68228906E-02       4.82971711E-02
   355.3000       4.68157057E-02       4.82976055E-02
   355.4000       4.68083422E-02       4.82973316E-02
   355.5000       4.68009257E-02       4.82963563E-02
   355.6000       4.67932901E-02       4.82946838E-02
   355.7000       4.67854626E-02       4.82923449E-02
   355.8000       4.67774939E-02       4.82893541E-02
   355.9000       4.67693535E-02       4.82857436E-02
   356.0000       4.67610034E-02       4.82815538E-02
   356.1000       4.67525260E-02       4.82768240E-02
   356.2000       4.67439890E-02       4.82716096E-02
   356.3000       4.67351796E-02       4.82659318E-02
   356.4000       4.67261820E-02       4.82598713E-02
   356.5000       4.67171428E-02       4.82534887E-02
   356.6000       4.67080048E-02       4.82468262E-02
   356.7000       4.66987411E-02       4.82399383E-02
   356.8000       4.66893977E-02       4.82328917E-02
   356.9000       4.66799092E-02       4.82257308E-02
   357.0000       4.66703057E-02       4.82184965E-02
   357.1000       4.66606563E-02       4.82112291E-02
   357.2000       4.66508919E-02       4.82039586E-02
   357.3000       4.66410501E-02       4.81967245E-02
   357.4000       4.66312472E-02       4.81895373E-02
   357.5000       4.66213942E-02       4.81824075E-02
   357.6000       4.66113782E-02       4.81753326E-02
   357.7000       4.66013703E-02       4.81683305E-02
   357.8000       4.65913147E-02       4.81613835E-02
   357.9000       4.65811216E-02       4.81544722E-02
   358.0000       4.65709447E-02       4.81476109E-02
   358.1000       4.65607367E-02       4.81407611E-02
   358.2000       4.65505113E-02       4.81339137E-02
   358.3000       4.65402067E-02       4.81270320E-02
   358.4000       4.65298527E-02       4.81201064E-02
   358.5000       4.65194357E-02       4.81131051E-02
   358.6000       4.65090046E-02       4.81060220E-02
   358.7000       4.64985673E-02       4.80988301E-02
   358.8000       4.64880920E-02       4.80915038E-02
   358.9000       4.64775776E-02       4.80840313E-02
   359.0000       4.64670969E-02       4.80764004E-02
   359.1000       4.64566052E-02       4.80685916E-02
   359.2000       4.64461354E-02       4.80605903E-02
   359.3000       4.64356135E-02       4.80523784E-02
   359.4000       4.64251892E-02       4.80439607E-02
   359.5000       4.64148312E-02       4.80353161E-02
   359.6000       4.64044498E-02       4.80264276E-02
   359.7000       4.63941032E-02       4.80173075E-02
   359.8000       4.63837815E-02       4.80079426E-02
   359.9000       4.63735815E-02       4.79983441E-02
   360.0000       4.63633964E-02       4.79884997E-02
   360.1000       4.63531920E-02       4.79784043E-02
   360.2000       4.63431047E-02       4.79680774E-02
   360.3000       4.63331205E-02       4.79575143E-02
   360.4000       4.63231347E-02       4.79467225E-02
   360.5000       4.63131624E-02       4.79356968E-02
   360.6000       4.63033670E-02       4.79244651E-02
   360.7000       4.62935999E-02       4.79130256E-02
   360.8000       4.62839211E-02       4.79013877E-02
   360.9000       4.62744033E-02       4.78895565E-02
   361.0000       4.62648452E-02       4.78775286E-02
   361.1000       4.62554966E-02       4.78653390E-02
   361.2000       4.62462037E-02       4.78529808E-02
   361.3000       4.62369823E-02       4.78404699E-02
   361.4000       4.62279077E-02       4.78278072E-02
   361.5000       4.62188704E-02       4.78150114E-02
   361.6000       4.62099934E-02       4.78020927E-02
   361.7000       4.62012287E-02       4.77890644E-02
   361.8000       4.61926409E-02       4.77759223E-02
   361.9000       4.61840705E-02       4.77626789E-02
   362.0000       4.61756917E-02       4.77493446E-02
   362.1000       4.61674689E-02       4.77359382E-02
   362.2000       4.61592805E-02       4.77224690E-02
   362.3000       4.61511693E-02       4.77089375E-02
   362.4000       4.61432136E-02       4.76953721E-02
   362.5000       4.61354791E-02       4.76817793E-02
   362.6000       4.61278004E-02       4.76681778E-02
   362.7000       4.61203632E-02       4.76545868E-02
   362.8000       4.61129191E-02       4.76409878E-02
   362.9000       4.61056212E-02       4.76274305E-02
   363.0000       4.60984501E-02       4.76138939E-02
   363.1000       4.60914126E-02       4.76004062E-02
   363.2000       4.60845730E-02       4.75869875E-02
   363.3000       4.60777945E-02       4.75736405E-02
   363.4000       4.60711969E-02       4.75603850E-02
   363.5000       4.60646857E-02       4.75472265E-02
   363.6000       4.60582998E-02       4.75341753E-02
   363.7000       4.60520162E-02       4.75212232E-02
   363.8000       4.60458408E-02       4.75083832E-02
   363.9000       4.60397639E-02       4.74956681E-02
   364.0000       4.60337781E-02       4.74830731E-02
   364.1000       4.60279224E-02       4.74706094E-02
   364.2000       4.60221036E-02       4.74582820E-02
   364.3000       4.60164081E-02       4.74460752E-02
   364.4000       4.60107772E-02       4.74340091E-02
   364.5000       4.60052563E-02       4.74220628E-02
   364.6000       4.59997388E-02       4.74102323E-02
   364.7000       4.59943331E-02       4.73985279E-02
   364.8000       4.59890260E-02       4.73869481E-02
   364.9000       4.59838094E-02       4.73754919E-02
   365.0000       4.59785950E-02       4.73641544E-02
   365.1000       4.59734177E-02       4.73529275E-02
   365.2000       4.59683294E-02       4.73418283E-02
   365.3000       4.59631675E-02       4.73308305E-02
   365.4000       4.59581641E-02       4.73199569E-02
   365.5000       4.59531457E-02       4.73091979E-02
   365.6000       4.59481573E-02       4.72985546E-02
   365.7000       4.59430996E-02       4.72880184E-02
   365.8000       4.59380643E-02       4.72775970E-02
   365.9000       4.59330117E-02       4.72672928E-02
   366.0000       4.59279438E-02       4.72571244E-02
   366.1000       4.59229065E-02       4.72470824E-02
   366.2000       4.59177875E-02       4.72371629E-02
   366.3000       4.59126596E-02       4.72273830E-02
   366.4000       4.59074914E-02       4.72177299E-02
   366.5000       4.59022261E-02       4.72082189E-02
   366.6000       4.58969163E-02       4.71988449E-02
   366.7000       4.58915619E-02       4.71896186E-02
   366.8000       4.58860753E-02       4.71805366E-02
   366.9000       4.58804989E-02       4.71716080E-02
   367.0000       4.58749424E-02       4.71628449E-02
   367.1000       4.58693039E-02       4.71542413E-02
   367.2000       4.58636288E-02       4.71457948E-02
   367.3000       4.58577833E-02       4.71375074E-02
   367.4000       4.58518485E-02       4.71293934E-02
   367.5000       4.58458699E-02       4.71214423E-02
   367.6000       4.58397382E-02       4.71136342E-02
   367.7000       4.58335336E-02       4.71060076E-02
   367.8000       4.58272307E-02       4.70985375E-02
   367.9000       4.58208658E-02       4.70912396E-02
   368.0000       4.58144317E-02       4.70840926E-02
   368.1000       4.58079683E-02       4.70771044E-02
   368.2000       4.58014066E-02       4.70702681E-02
   368.3000       4.57947356E-02       4.70635681E-02
   368.4000       4.57879926E-02       4.70570070E-02
   368.5000       4.57811744E-02       4.70505837E-02
   368.6000       4.57743044E-02       4.70442929E-02
   368.7000       4.57674002E-02       4.70381209E-02
   368.8000       4.57603590E-02       4.70320591E-02
   368.9000       4.57533182E-02       4.70261219E-02
   369.0000       4.57461915E-02       4.70202834E-02
   369.1000       4.57389806E-02       4.70145358E-02
   369.2000       4.57317045E-02       4.70088733E-02
   369.3000       4.57243738E-02       4.70032917E-02
   369.4000       4.57169931E-02       4.69977744E-02
   369.5000       4.57095445E-02       4.69923335E-02
   369.6000       4.57020728E-02       4.69869392E-02
   369.7000       4.56945279E-02       4.69815944E-02
   369.8000       4.56869545E-02       4.69763025E-02
   369.9000       4.56792561E-02       4.69710375E-02
   370.0000       4.56716153E-02       4.69658085E-02
   370.1000       4.56638807E-02       4.69605975E-02
   370.2000       4.56561343E-02       4.69554034E-02
   370.3000       4.56483242E-02       4.69502076E-02
   370.4000       4.56404840E-02       4.69450136E-02
   370.5000       4.56325768E-02       4.69398027E-02
   370.6000       4.56246968E-02       4.69345829E-02
   370.7000       4.56166888E-02       4.69293218E-02
   370.8000       4.56087468E-02       4.69240275E-02
   370.9000       4.56008065E-02       4.69186911E-02
   371.0000       4.55927936E-02       4.69133009E-02
   371.1000       4.55848181E-02       4.69078433E-02
   371.2000       4.55767867E-02       4.69023133E-02
   371.3000       4.55687103E-02       4.68967004E-02
   371.4000       4.55607129E-02       4.68910068E-02
   371.5000       4.55527183E-02       4.68852281E-02
   371.6000       4.55447501E-02       4.68793572E-02
   371.7000       4.55367515E-02       4.68733821E-02
   371.8000       4.55289221E-02       4.68673127E-02
   371.9000       4.55210442E-02       4.68611319E-02
   372.0000       4.55132613E-02       4.68548486E-02
   372.1000       4.55055173E-02       4.68484587E-02
   372.2000       4.54978183E-02       4.68419641E-02
   372.3000       4.54902347E-02       4.68353682E-02
   372.4000       4.54827625E-02       4.68286716E-02
   372.5000       4.54754038E-02       4.68218793E-02
   372.6000       4.54681425E-02       4.68149959E-02
   372.7000       4.54610105E-02       4.68080263E-02
   372.8000       4.54539972E-02       4.68009861E-02
   372.9000       4.54470668E-02       4.67938677E-02
   373.0000       4.54402398E-02       4.67866771E-02
   373.1000       4.54335345E-02       4.67794265E-02
   373.2000       4.54269360E-02       4.67721284E-02
   373.3000       4.54204781E-02       4.67647712E-02
   373.4000       4.54141832E-02       4.67573829E-02
   373.5000       4.54080080E-02       4.67499508E-02
   373.6000       4.54019730E-02       4.67424977E-02
   373.7000       4.53961061E-02       4.67350302E-02
   373.8000       4.53902945E-02       4.67275471E-02
   373.9000       4.53846916E-02       4.67200631E-02
   374.0000       4.53792304E-02       4.67125882E-02
   374.1000       4.53739188E-02       4.67051301E-02
   374.2000       4.53687105E-02       4.66976967E-02
   374.3000       4.53637111E-02       4.66903006E-02
   374.4000       4.53589076E-02       4.66829523E-02
   374.5000       4.53542449E-02       4.66756425E-02
   374.6000       4.53497385E-02       4.66683919E-02
   374.7000       4.53453882E-02       4.66612085E-02
   374.8000       4.53412019E-02       4.66541046E-02
   374.9000       4.53371244E-02       4.66470761E-02
   375.0000       4.53332623E-02       4.66401414E-02
   375.1000       4.53295797E-02       4.66333103E-02
   375.2000       4.53260712E-02       4.66266003E-02
   375.3000       4.53226915E-02       4.66199981E-02
   375.4000       4.53195176E-02       4.66135342E-02
   375.5000       4.53164621E-02       4.66072078E-02
   375.6000       4.53135734E-02       4.66010241E-02
   375.7000       4.53108544E-02       4.65950029E-02
   375.8000       4.53082978E-02       4.65891566E-02
   375.9000       4.53058859E-02       4.65834852E-02
   376.0000       4.53036171E-02       4.65779954E-02
   376.1000       4.53014936E-02       4.65727141E-02
   376.2000       4.52994832E-02       4.65676341E-02
   376.3000       4.52975777E-02       4.65627735E-02
   376.4000       4.52957819E-02       4.65581441E-02
   376.5000       4.52941342E-02       4.65537495E-02
   376.6000       4.52925204E-02       4.65495943E-02
   376.7000       4.52910012E-02       4.65456928E-02
   376.8000       4.52895918E-02       4.65420497E-02
   376.9000       4.52882805E-02       4.65386763E-02
   377.0000       4.52870842E-02       4.65355719E-02
   377.1000       4.52859167E-02       4.65327380E-02
   377.2000       4.52848642E-02       4.65301826E-02
   377.3000       4.52838513E-02       4.65279038E-02
   377.4000       4.52828856E-02       4.65259014E-02
   377.5000       4.52819269E-02       4.65241697E-02
   377.6000       4.52809699E-02       4.65227115E-02
   377.7000       4.52800529E-02       4.65215314E-02
   377.8000       4.52791201E-02       4.65206165E-02
   377.9000       4.52781600E-02       4.65199637E-02
   378.0000       4.52771699E-02       4.65195674E-02
   378.1000       4.52761436E-02       4.65194187E-02
   378.2000       4.52750945E-02       4.65195126E-02
   378.3000       4.52739879E-02       4.65198463E-02
   378.4000       4.52727578E-02       4.65203990E-02
   378.5000       4.52715096E-02       4.65211678E-02
   378.6000       4.52702182E-02       4.65221391E-02
   378.7000       4.52687857E-02       4.65232936E-02
   378.8000       4.52673080E-02       4.65246259E-02
   378.9000       4.52657434E-02       4.65261175E-02
   379.0000       4.52640252E-02       4.65277481E-02
   379.1000       4.52622480E-02       4.65295240E-02
   379.2000       4.52603565E-02       4.65314170E-02
   379.3000       4.52583699E-02       4.65334144E-02
   379.4000       4.52562792E-02       4.65355071E-02
   379.5000       4.52540958E-02       4.65376751E-02
   379.6000       4.52518274E-02       4.65399192E-02
   379.7000       4.52495187E-02       4.65422130E-02
   379.8000       4.52471079E-02       4.65445466E-02
   379.9000       4.52445940E-02       4.65469070E-02
   380.0000       4.52420285E-02       4.65492927E-02
   380.1000       4.52393744E-02       4.65516838E-02
   380.2000       4.52366521E-02       4.65540786E-02
   380.3000       4.52338635E-02       4.65564684E-02
   380.4000       4.52310478E-02       4.65588412E-02
   380.5000       4.52281416E-02       4.65611839E-02
   380.6000       4.52251698E-02       4.65634959E-02
   380.7000       4.52221923E-02       4.65657720E-02
   380.8000       4.52191849E-02       4.65680148E-02
   380.9000       4.52160816E-02       4.65702058E-02
   381.0000       4.52129412E-02       4.65723531E-02
   381.1000       4.52097575E-02       4.65744478E-02
   381.2000       4.52065212E-02       4.65764894E-02
   381.3000       4.52032931E-02       4.65784825E-02
   381.4000       4.52000589E-02       4.65804258E-02
   381.5000       4.51968216E-02       4.65823115E-02
   381.6000       4.51935986E-02       4.65841497E-02
   381.7000       4.51903393E-02       4.65859338E-02
   381.8000       4.51870955E-02       4.65876700E-02
   381.9000       4.51839372E-02       4.65893706E-02
   382.0000       4.51807890E-02       4.65910227E-02
   382.1000       4.51777372E-02       4.65926444E-02
   382.2000       4.51747129E-02       4.65942217E-02
   382.3000       4.51717031E-02       4.65957637E-02
   382.4000       4.51687832E-02       4.65972861E-02
   382.5000       4.51659236E-02       4.65987734E-02
   382.6000       4.51631493E-02       4.66002297E-02
   382.7000       4.51604603E-02       4.66016688E-02
   382.8000       4.51579030E-02       4.66031003E-02
   382.9000       4.51554655E-02       4.66045224E-02
   383.0000       4.51532009E-02       4.66059380E-02
   383.1000       4.51510073E-02       4.66073498E-02
   383.2000       4.51489382E-02       4.66087606E-02
   383.3000       4.51469944E-02       4.66101815E-02
   383.4000       4.51451918E-02       4.66116176E-02
   383.5000       4.51435029E-02       4.66130679E-02
   383.6000       4.51419725E-02       4.66145417E-02
   383.7000       4.51405727E-02       4.66160524E-02
   383.8000       4.51393172E-02       4.66176012E-02
   383.9000       4.51381764E-02       4.66192002E-02
   384.0000       4.51371253E-02       4.66208435E-02
   384.1000       4.51362302E-02       4.66225568E-02
   384.2000       4.51354754E-02       4.66243331E-02
   384.3000       4.51348221E-02       4.66261790E-02
   384.4000       4.51343015E-02       4.66281066E-02
   384.5000       4.51338827E-02       4.66301118E-02
   384.6000       4.51335681E-02       4.66322057E-02
   384.7000       4.51333554E-02       4.66343905E-02
   384.8000       4.51332087E-02       4.66366681E-02
   384.9000       4.51332260E-02       4.66390476E-02
   385.0000       4.51333019E-02       4.66415178E-02
   385.1000       4.51335099E-02       4.66440939E-02
   385.2000       4.51337568E-02       4.66467681E-02
   385.3000       4.51340525E-02       4.66495401E-02
   385.4000       4.51344361E-02       4.66524184E-02
   385.5000       4.51348266E-02       4.66553901E-02
   385.6000       4.51352936E-02       4.66584577E-02
   385.7000       4.51358001E-02       4.66616303E-02
   385.8000       4.51363669E-02       4.66648977E-02
   385.9000       4.51369561E-02       4.66682643E-02
   386.0000       4.51375367E-02       4.66717184E-02
   386.1000       4.51381846E-02       4.66752725E-02
   386.2000       4.51388366E-02       4.66789162E-02
   386.3000       4.51395380E-02       4.66826555E-02
   386.4000       4.51401921E-02       4.66864780E-02
   386.5000       4.51408486E-02       4.66903930E-02
   386.6000       4.51415394E-02       4.66943913E-02
   386.7000       4.51422065E-02       4.66984738E-02
   386.8000       4.51428258E-02       4.67026335E-02
   386.9000       4.51434858E-02       4.67068805E-02
   387.0000       4.51441286E-02       4.67111983E-02
   387.1000       4.51447257E-02       4.67155864E-02
   387.2000       4.51453389E-02       4.67200441E-02
   387.3000       4.51458730E-02       4.67245616E-02
   387.4000       4.51463958E-02       4.67291387E-02
   387.5000       4.51468764E-02       4.67337630E-02
   387.6000       4.51472904E-02       4.67384326E-02
   387.7000       4.51476153E-02       4.67431343E-02
   387.8000       4.51478440E-02       4.67478685E-02
   387.9000       4.51480292E-02       4.67526186E-02
   388.0000       4.51480955E-02       4.67573782E-02
   388.1000       4.51481126E-02       4.67621544E-02
   388.2000       4.51480447E-02       4.67669277E-02
   388.3000       4.51478593E-02       4.67716957E-02
   388.4000       4.51475939E-02       4.67764564E-02
   388.5000       4.51471975E-02       4.67811931E-02
   388.6000       4.51467188E-02       4.67859084E-02
   388.7000       4.51461055E-02       4.67905906E-02
   388.8000       4.51453910E-02       4.67952489E-02
   388.9000       4.51445336E-02       4.67998710E-02
   389.0000       4.51435961E-02       4.68044501E-02
   389.1000       4.51425099E-02       4.68089883E-02
   389.2000       4.51413081E-02       4.68134843E-02
   389.3000       4.51399799E-02       4.68179351E-02
   389.4000       4.51385006E-02       4.68223337E-02
   389.5000       4.51369356E-02       4.68266853E-02
   389.6000       4.51352477E-02       4.68309879E-02
   389.7000       4.51334822E-02       4.68352392E-02
   389.8000       4.51315983E-02       4.68394350E-02
   389.9000       4.51295610E-02       4.68435748E-02
   390.0000       4.51274270E-02       4.68476619E-02
   390.1000       4.51251699E-02       4.68516813E-02
   390.2000       4.51227947E-02       4.68556370E-02
   390.3000       4.51203187E-02       4.68595232E-02
   390.4000       4.51176983E-02       4.68633379E-02
   390.5000       4.51150029E-02       4.68670777E-02
   390.6000       4.51121762E-02       4.68707310E-02
   390.7000       4.51092169E-02       4.68742983E-02
   390.8000       4.51062022E-02       4.68777831E-02
   390.9000       4.51030105E-02       4.68811641E-02
   391.0000       4.50997432E-02       4.68844487E-02
   391.1000       4.50964169E-02       4.68876289E-02
   391.2000       4.50929826E-02       4.68906945E-02
   391.3000       4.50894576E-02       4.68936450E-02
   391.4000       4.50858468E-02       4.68964779E-02
   391.5000       4.50821526E-02       4.68991813E-02
   391.6000       4.50784181E-02       4.69017564E-02
   391.7000       4.50746124E-02       4.69041933E-02
   391.8000       4.50707327E-02       4.69064867E-02
   391.9000       4.50667639E-02       4.69086353E-02
   392.0000       4.50626958E-02       4.69106304E-02
   392.1000       4.50585981E-02       4.69124705E-02
   392.2000       4.50544578E-02       4.69141507E-02
   392.3000       4.50503008E-02       4.69156675E-02
   392.4000       4.50461211E-02       4.69170150E-02
   392.5000       4.50418980E-02       4.69181876E-02
   392.6000       4.50376426E-02       4.69191798E-02
   392.7000       4.50333528E-02       4.69199873E-02
   392.8000       4.50290581E-02       4.69206062E-02
   392.9000       4.50247466E-02       4.69210447E-02
   393.0000       4.50203978E-02       4.69212878E-02
   393.1000       4.50160549E-02       4.69213393E-02
   393.2000       4.50117557E-02       4.69212017E-02
   393.3000       4.50074369E-02       4.69208663E-02
   393.4000       4.50031553E-02       4.69203373E-02
   393.5000       4.49989096E-02       4.69196295E-02
   393.6000       4.49946607E-02       4.69187186E-02
   393.7000       4.49905141E-02       4.69176402E-02
   393.8000       4.49863753E-02       4.69163763E-02
   393.9000       4.49822867E-02       4.69149356E-02
   394.0000       4.49782444E-02       4.69133276E-02
   394.1000       4.49742850E-02       4.69115590E-02
   394.2000       4.49704058E-02       4.69096326E-02
   394.3000       4.49665446E-02       4.69075523E-02
   394.4000       4.49627835E-02       4.69053299E-02
   394.5000       4.49591241E-02       4.69029695E-02
   394.6000       4.49555253E-02       4.69004811E-02
   394.7000       4.49520352E-02       4.68978779E-02
   394.8000       4.49486020E-02       4.68951653E-02
   394.9000       4.49452626E-02       4.68923530E-02
   395.0000       4.49420407E-02       4.68894533E-02
   395.1000       4.49389410E-02       4.68864753E-02
   395.2000       4.49359325E-02       4.68834279E-02
   395.3000       4.49329915E-02       4.68803187E-02
   395.4000       4.49301324E-02       4.68771523E-02
   395.5000       4.49273951E-02       4.68739541E-02
   395.6000       4.49247456E-02       4.68707278E-02
   395.7000       4.49222095E-02       4.68674773E-02
   395.8000       4.49197437E-02       4.68642147E-02
   395.9000       4.49173846E-02       4.68609545E-02
   396.0000       4.49151039E-02       4.68576994E-02
   396.1000       4.49129398E-02       4.68544631E-02
   396.2000       4.49108532E-02       4.68512471E-02
   396.3000       4.49088464E-02       4.68480594E-02
   396.4000       4.49069186E-02       4.68449062E-02
   396.5000       4.49050465E-02       4.68417947E-02
   396.6000       4.49032270E-02       4.68387226E-02
   396.7000       4.49014297E-02       4.68356939E-02
   396.8000       4.48997000E-02       4.68327150E-02
   396.9000       4.48980312E-02       4.68297872E-02
   397.0000       4.48964008E-02       4.68269081E-02
   397.1000       4.48948390E-02       4.68240855E-02
   397.2000       4.48932934E-02       4.68213086E-02
   397.3000       4.48918128E-02       4.68185851E-02
   397.4000       4.48903600E-02       4.68159004E-02
   397.5000       4.48889727E-02       4.68132630E-02
   397.6000       4.48876112E-02       4.68106635E-02
   397.7000       4.48862681E-02       4.68081026E-02
   397.8000       4.48849692E-02       4.68055783E-02
   397.9000       4.48837160E-02       4.68030885E-02
   398.0000       4.48824863E-02       4.68006237E-02
   398.1000       4.48813059E-02       4.67981839E-02
   398.2000       4.48801629E-02       4.67957668E-02
   398.3000       4.48790374E-02       4.67933643E-02
   398.4000       4.48779707E-02       4.67909798E-02
   398.5000       4.48769230E-02       4.67886032E-02
   398.6000       4.48758960E-02       4.67862383E-02
   398.7000       4.48749239E-02       4.67838826E-02
   398.8000       4.48739847E-02       4.67815308E-02
   398.9000       4.48730748E-02       4.67791839E-02
   399.0000       4.48722056E-02       4.67768394E-02
   399.1000       4.48713466E-02       4.67744902E-02
   399.2000       4.48705304E-02       4.67721460E-02
   399.3000       4.48697225E-02       4.67697969E-02
   399.4000       4.48689796E-02       4.67674513E-02
   399.5000       4.48682509E-02       4.67651175E-02
   399.6000       4.48675509E-02       4.67627892E-02
   399.7000       4.48668918E-02       4.67604691E-02
   399.8000       4.48662770E-02       4.67581668E-02
   399.9000       4.48656677E-02       4.67558836E-02
   400.0000       4.48651212E-02       4.67536251E-02
   400.1000       4.48645995E-02       4.67513963E-02
   400.2000       4.48640996E-02       4.67492025E-02
   400.3000       4.48636180E-02       4.67470498E-02
   400.4000       4.48631497E-02       4.67449452E-02
   400.5000       4.48627221E-02       4.67428959E-02
   400.6000       4.48623480E-02       4.67409080E-02
   400.7000       4.48619743E-02       4.67389833E-02
   400.8000       4.48616720E-02       4.67371382E-02
   400.9000       4.48613938E-02       4.67353664E-02
   401.0000       4.48611392E-02       4.67336694E-02
   401.1000       4.48609038E-02       4.67320562E-02
   401.2000       4.48607231E-02       4.67305318E-02
   401.3000       4.48605584E-02       4.67290842E-02
   401.4000       4.48604114E-02       4.67277254E-02
   401.5000       4.48602973E-02       4.67264536E-02
   401.6000       4.48601965E-02       4.67252643E-02
   401.7000       4.48601496E-02       4.67241580E-02
   401.8000       4.48601488E-02       4.67231349E-02
   401.9000       4.48601707E-02       4.67221870E-02
   402.0000       4.48601891E-02       4.67213089E-02
   402.1000       4.48602429E-02       4.67205049E-02
   402.2000       4.48603265E-02       4.67197527E-02
   402.3000       4.48604462E-02       4.67190602E-02
   402.4000       4.48605740E-02       4.67184072E-02
   402.5000       4.48607516E-02       4.67178003E-02
   402.6000       4.48609481E-02       4.67172216E-02
   402.7000       4.48611460E-02       4.67166684E-02
   402.8000       4.48613698E-02       4.67161276E-02
   402.9000       4.48615894E-02       4.67155950E-02
   403.0000       4.48618274E-02       4.67150689E-02
   403.1000       4.48620714E-02       4.67145352E-02
   403.2000       4.48623134E-02       4.67139894E-02
   403.3000       4.48625684E-02       4.67134275E-02
   403.4000       4.48628309E-02       4.67128392E-02
   403.5000       4.48630830E-02       4.67122202E-02
   403.6000       4.48633713E-02       4.67115670E-02
   403.7000       4.48636067E-02       4.67108651E-02
   403.8000       4.48638511E-02       4.67101196E-02
   403.9000       4.48640969E-02       4.67093210E-02
   404.0000       4.48642724E-02       4.67084603E-02
   404.1000       4.48644466E-02       4.67075436E-02
   404.2000       4.48645576E-02       4.67065619E-02
   404.3000       4.48646700E-02       4.67055195E-02
   404.4000       4.48647232E-02       4.67044088E-02
   404.5000       4.48647370E-02       4.67032283E-02
   404.6000       4.48647110E-02       4.67019793E-02
   404.7000       4.48646409E-02       4.67006631E-02
   404.8000       4.48644974E-02       4.66992720E-02
   404.9000       4.48643009E-02       4.66978073E-02
   405.0000       4.48640066E-02       4.66962674E-02
   405.1000       4.48636396E-02       4.66946501E-02
   405.2000       4.48632078E-02       4.66929546E-02
   405.3000       4.48626724E-02       4.66911812E-02
   405.4000       4.48620522E-02       4.66893208E-02
   405.5000       4.48613391E-02       4.66873786E-02
   405.6000       4.48604805E-02       4.66853439E-02
   405.7000       4.48595576E-02       4.66832221E-02
   405.8000       4.48585159E-02       4.66810000E-02
   405.9000       4.48573272E-02       4.66786773E-02
   406.0000       4.48560316E-02       4.66762432E-02
   406.1000       4.48546144E-02       4.66736990E-02
   406.2000       4.48530794E-02       4.66710347E-02
   406.3000       4.48513909E-02       4.66682433E-02
   406.4000       4.48495843E-02       4.66653205E-02
   406.5000       4.48476450E-02       4.66622571E-02
   406.6000       4.48455360E-02       4.66590432E-02
   406.7000       4.48432832E-02       4.66556777E-02
   406.8000       4.48408646E-02       4.66521523E-02
   406.9000       4.48383012E-02       4.66484579E-02
   407.0000       4.48356063E-02       4.66445918E-02
   407.1000       4.48327723E-02       4.66405475E-02
   407.2000       4.48298117E-02       4.66363285E-02
   407.3000       4.48267019E-02       4.66319193E-02
   407.4000       4.48234345E-02       4.66273231E-02
   407.5000       4.48200329E-02       4.66225358E-02
   407.6000       4.48164844E-02       4.66175623E-02
   407.7000       4.48128020E-02       4.66123961E-02
   407.8000       4.48089712E-02       4.66070360E-02
   407.9000       4.48050046E-02       4.66014864E-02
   408.0000       4.48009088E-02       4.65957501E-02
   408.1000       4.47966805E-02       4.65898279E-02
   408.2000       4.47923423E-02       4.65837260E-02
   408.3000       4.47878695E-02       4.65774438E-02
   408.4000       4.47833185E-02       4.65709914E-02
   408.5000       4.47786525E-02       4.65643683E-02
   408.6000       4.47738794E-02       4.65575799E-02
   408.7000       4.47690039E-02       4.65506402E-02
   408.8000       4.47640440E-02       4.65435491E-02
   408.9000       4.47589779E-02       4.65363140E-02
   409.0000       4.47538693E-02       4.65289447E-02
   409.1000       4.47486317E-02       4.65214421E-02
   409.2000       4.47433335E-02       4.65138204E-02
   409.3000       4.47379704E-02       4.65060851E-02
   409.4000       4.47325759E-02       4.64982468E-02
   409.5000       4.47271537E-02       4.64903068E-02
   409.6000       4.47216588E-02       4.64822731E-02
   409.7000       4.47161506E-02       4.64741575E-02
   409.8000       4.47105815E-02       4.64659532E-02
   409.9000       4.47050091E-02       4.64576755E-02
   410.0000       4.46993981E-02       4.64493238E-02
   410.1000       4.46937511E-02       4.64409019E-02
   410.2000       4.46881269E-02       4.64324175E-02
   410.3000       4.46824848E-02       4.64238716E-02
   410.4000       4.46767975E-02       4.64152653E-02
   410.5000       4.46711092E-02       4.64066054E-02
   410.6000       4.46654218E-02       4.63978930E-02
   410.7000       4.46597093E-02       4.63891281E-02
   410.8000       4.46539937E-02       4.63803187E-02
   410.9000       4.46483038E-02       4.63714659E-02
   411.0000       4.46425869E-02       4.63625671E-02
   411.1000       4.46368379E-02       4.63536263E-02
   411.2000       4.46310931E-02       4.63446461E-02
   411.3000       4.46253409E-02       4.63356257E-02
   411.4000       4.46195346E-02       4.63265660E-02
   411.5000       4.46137195E-02       4.63174713E-02
   411.6000       4.46078796E-02       4.63083407E-02
   411.7000       4.46019977E-02       4.62991753E-02
   411.8000       4.45960412E-02       4.62899713E-02
   411.9000       4.45900852E-02       4.62807369E-02
   412.0000       4.45840706E-02       4.62714711E-02
   412.1000       4.45780135E-02       4.62621666E-02
   412.2000       4.45718538E-02       4.62528230E-02
   412.3000       4.45656798E-02       4.62434527E-02
   412.4000       4.45593752E-02       4.62340426E-02
   412.5000       4.45530309E-02       4.62245975E-02
   412.6000       4.45465470E-02       4.62151106E-02
   412.7000       4.45399798E-02       4.62055844E-02
   412.8000       4.45333283E-02       4.61960266E-02
   412.9000       4.45265589E-02       4.61864233E-02
   413.0000       4.45196772E-02       4.61767779E-02
   413.1000       4.45126509E-02       4.61670882E-02
   413.2000       4.45055255E-02       4.61573622E-02
   413.3000       4.44982544E-02       4.61475923E-02
   413.4000       4.44908742E-02       4.61377824E-02
   413.5000       4.44833630E-02       4.61279289E-02
   413.6000       4.44756894E-02       4.61180346E-02
   413.7000       4.44678936E-02       4.61080926E-02
   413.8000       4.44599613E-02       4.60981108E-02
   413.9000       4.44518684E-02       4.60880811E-02
   414.0000       4.44436257E-02       4.60780101E-02
   414.1000       4.44352223E-02       4.60678936E-02
   414.2000       4.44266580E-02       4.60577290E-02
   414.3000       4.44179080E-02       4.60475176E-02
   414.4000       4.44089997E-02       4.60372542E-02
   414.5000       4.43999212E-02       4.60269413E-02
   414.6000       4.43906749E-02       4.60165802E-02
   414.7000       4.43812017E-02       4.60061657E-02
   414.8000       4.43715521E-02       4.59956931E-02
   414.9000       4.43617160E-02       4.59851670E-02
   415.0000       4.43516714E-02       4.59745891E-02
   415.1000       4.43414238E-02       4.59639535E-02
   415.2000       4.43309638E-02       4.59532573E-02
   415.3000       4.43202967E-02       4.59425012E-02
   415.4000       4.43094254E-02       4.59316904E-02
   415.5000       4.42983323E-02       4.59208146E-02
   415.6000       4.42870112E-02       4.59098755E-02
   415.7000       4.42754988E-02       4.58988763E-02
   415.8000       4.42637638E-02       4.58878146E-02
   415.9000       4.42518019E-02       4.58766858E-02
   416.0000       4.42396305E-02       4.58654909E-02
   416.1000       4.42272566E-02       4.58542341E-02
   416.2000       4.42146809E-02       4.58429115E-02
   416.3000       4.42018943E-02       4.58315181E-02
   416.4000       4.41889113E-02       4.58200611E-02
   416.5000       4.41757321E-02       4.58085382E-02
   416.6000       4.41623726E-02       4.57969491E-02
   416.7000       4.41488150E-02       4.57852913E-02
   416.8000       4.41350544E-02       4.57735636E-02
   416.9000       4.41211669E-02       4.57617739E-02
   417.0000       4.41071125E-02       4.57499181E-02
   417.1000       4.40928812E-02       4.57379946E-02
   417.2000       4.40785088E-02       4.57260090E-02
   417.3000       4.40640081E-02       4.57139603E-02
   417.4000       4.40493578E-02       4.57018416E-02
   417.5000       4.40346043E-02       4.56896635E-02
   417.6000       4.40197589E-02       4.56774202E-02
   417.7000       4.40047786E-02       4.56651135E-02
   417.8000       4.39897257E-02       4.56527492E-02
   417.9000       4.39745827E-02       4.56403187E-02
   418.0000       4.39593608E-02       4.56278295E-02
   418.1000       4.39440566E-02       4.56152786E-02
   418.2000       4.39287178E-02       4.56026673E-02
   418.3000       4.39133263E-02       4.55900008E-02
   418.4000       4.38978925E-02       4.55772747E-02
   418.5000       4.38824445E-02       4.55644938E-02
   418.6000       4.38669894E-02       4.55516604E-02
   418.7000       4.38514918E-02       4.55387712E-02
   418.8000       4.38359889E-02       4.55258336E-02
   418.9000       4.38204906E-02       4.55128518E-02
   419.0000       4.38050512E-02       4.54998311E-02
   419.1000       4.37896196E-02       4.54867627E-02
   419.2000       4.37742567E-02       4.54736598E-02
   419.3000       4.37589037E-02       4.54605226E-02
   419.4000       4.37436041E-02       4.54473536E-02
   419.5000       4.37283718E-02       4.54341622E-02
   419.6000       4.37132083E-02       4.54209530E-02
   419.7000       4.36981545E-02       4.54077317E-02
   419.8000       4.36831863E-02       4.53945017E-02
   419.9000       4.36683235E-02       4.53812704E-02
   420.0000       4.36535504E-02       4.53680455E-02
   420.1000       4.36388928E-02       4.53548319E-02
   420.2000       4.36243261E-02       4.53416373E-02
   420.3000       4.36098788E-02       4.53284640E-02
   420.4000       4.35955535E-02       4.53153264E-02
   420.5000       4.35813560E-02       4.53022274E-02
   420.6000       4.35672899E-02       4.52891773E-02
   420.7000       4.35533307E-02       4.52761768E-02
   420.8000       4.35394760E-02       4.52632337E-02
   420.9000       4.35257635E-02       4.52503578E-02
   421.0000       4.35121636E-02       4.52375546E-02
   421.1000       4.34986797E-02       4.52248268E-02
   421.2000       4.34852681E-02       4.52121799E-02
   421.3000       4.34720106E-02       4.51996274E-02
   421.4000       4.34588654E-02       4.51871688E-02
   421.5000       4.34458137E-02       4.51748036E-02
   421.6000       4.34328426E-02       4.51625428E-02
   421.7000       4.34199699E-02       4.51503865E-02
   421.8000       4.34071918E-02       4.51383407E-02
   421.9000       4.33944750E-02       4.51264141E-02
   422.0000       4.33818576E-02       4.51146060E-02
   422.1000       4.33693003E-02       4.51029140E-02
   422.2000       4.33568185E-02       4.50913434E-02
   422.3000       4.33443933E-02       4.50798995E-02
   422.4000       4.33320145E-02       4.50685783E-02
   422.5000       4.33196428E-02       4.50573808E-02
   422.6000       4.33073051E-02       4.50463046E-02
   422.7000       4.32949683E-02       4.50353534E-02
   422.8000       4.32826426E-02       4.50245226E-02
   422.9000       4.32702968E-02       4.50138074E-02
   423.0000       4.32579274E-02       4.50032050E-02
   423.1000       4.32454837E-02       4.49927101E-02
   423.2000       4.32330186E-02       4.49823254E-02
   423.3000       4.32204971E-02       4.49720385E-02
   423.4000       4.32079272E-02       4.49618458E-02
   423.5000       4.31952409E-02       4.49517419E-02
   423.6000       4.31824071E-02       4.49417137E-02
   423.7000       4.31694773E-02       4.49317624E-02
   423.8000       4.31564497E-02       4.49218799E-02
   423.9000       4.31432980E-02       4.49120576E-02
   424.0000       4.31299858E-02       4.49022858E-02
   424.1000       4.31165340E-02       4.48925554E-02
   424.2000       4.31029294E-02       4.48828626E-02
   424.3000       4.30891176E-02       4.48731872E-02
   424.4000       4.30751716E-02       4.48635294E-02
   424.5000       4.30610645E-02       4.48538856E-02
   424.6000       4.30467731E-02       4.48442413E-02
   424.7000       4.30322827E-02       4.48345868E-02
   424.8000       4.30175996E-02       4.48249132E-02
   424.9000       4.30027374E-02       4.48152126E-02
   425.0000       4.29876963E-02       4.48054859E-02
   425.1000       4.29724658E-02       4.47957110E-02
   425.2000       4.29570854E-02       4.47858936E-02
   425.3000       4.29415443E-02       4.47760258E-02
   425.4000       4.29258174E-02       4.47661009E-02
   425.5000       4.29099873E-02       4.47561132E-02
   425.6000       4.28940067E-02       4.47460584E-02
   425.7000       4.28778658E-02       4.47359313E-02
   425.8000       4.28615948E-02       4.47257338E-02
   425.9000       4.28452239E-02       4.47154680E-02
   426.0000       4.28287666E-02       4.47051225E-02
   426.1000       4.28122461E-02       4.46947052E-02
   426.2000       4.27956288E-02       4.46842122E-02
   426.3000       4.27789414E-02       4.46736410E-02
   426.4000       4.27622268E-02       4.46630034E-02
   426.5000       4.27454982E-02       4.46522916E-02
   426.6000       4.27287464E-02       4.46415106E-02
   426.7000       4.27120618E-02       4.46306697E-02
   426.8000       4.26954039E-02       4.46197711E-02
   426.9000       4.26787664E-02       4.46088081E-02
   427.0000       4.26622295E-02       4.45978028E-02
   427.1000       4.26457404E-02       4.45867444E-02
   427.2000       4.26293422E-02       4.45756453E-02
   427.3000       4.26130787E-02       4.45645038E-02
   427.4000       4.25969171E-02       4.45533233E-02
   427.5000       4.25808550E-02       4.45421070E-02
   427.6000       4.25649713E-02       4.45308686E-02
   427.7000       4.25492687E-02       4.45196081E-02
   427.8000       4.25338079E-02       4.45083403E-02
   427.9000       4.25185815E-02       4.44970681E-02
   428.0000       4.25035501E-02       4.44857921E-02
   428.1000       4.24888352E-02       4.44745287E-02
   428.2000       4.24744083E-02       4.44632854E-02
   428.3000       4.24602758E-02       4.44520649E-02
   428.4000       4.24464804E-02       4.44408777E-02
   428.5000       4.24330492E-02       4.44297327E-02
   428.6000       4.24199953E-02       4.44186347E-02
   428.7000       4.24073361E-02       4.44075875E-02
   428.8000       4.23950586E-02       4.43965951E-02
   428.9000       4.23832361E-02       4.43856764E-02
   429.0000       4.23718400E-02       4.43748262E-02
   429.1000       4.23608890E-02       4.43640540E-02
   429.2000       4.23504444E-02       4.43533707E-02
   429.3000       4.23404457E-02       4.43427723E-02
   429.4000       4.23308972E-02       4.43322616E-02
   429.5000       4.23217931E-02       4.43218484E-02
   429.6000       4.23132049E-02       4.43115416E-02
   429.7000       4.23051079E-02       4.43013381E-02
   429.8000       4.22975282E-02       4.42912381E-02
   429.9000       4.22903772E-02       4.42812456E-02
   430.0000       4.22837545E-02       4.42713701E-02
   430.1000       4.22775909E-02       4.42615970E-02
   430.2000       4.22719086E-02       4.42519481E-02
   430.3000       4.22666817E-02       4.42424105E-02
   430.4000       4.22619381E-02       4.42329847E-02
   430.5000       4.22576397E-02       4.42236769E-02
   430.6000       4.22537748E-02       4.42144893E-02
   430.7000       4.22503816E-02       4.42054202E-02
   430.8000       4.22474670E-02       4.41964742E-02
   430.9000       4.22449793E-02       4.41876465E-02
   431.0000       4.22429023E-02       4.41789472E-02
   431.1000       4.22412425E-02       4.41703720E-02
   431.2000       4.22399699E-02       4.41619263E-02
   431.3000       4.22391198E-02       4.41536170E-02
   431.4000       4.22386354E-02       4.41454438E-02
   431.5000       4.22385074E-02       4.41374124E-02
   431.6000       4.22387554E-02       4.41295304E-02
   431.7000       4.22393335E-02       4.41218033E-02
   431.8000       4.22402618E-02       4.41142438E-02
   431.9000       4.22414752E-02       4.41068505E-02
   432.0000       4.22430455E-02       4.40996456E-02
   432.1000       4.22448891E-02       4.40926285E-02
   432.2000       4.22470163E-02       4.40858196E-02
   432.3000       4.22494510E-02       4.40792307E-02
   432.4000       4.22522107E-02       4.40728777E-02
   432.5000       4.22552244E-02       4.40667657E-02
   432.6000       4.22585111E-02       4.40609211E-02
   432.7000       4.22621404E-02       4.40553690E-02
   432.8000       4.22660939E-02       4.40501287E-02
   432.9000       4.22702774E-02       4.40452125E-02
   433.0000       4.22748461E-02       4.40406643E-02
   433.1000       4.22797205E-02       4.40364942E-02
   433.2000       4.22848724E-02       4.40327310E-02
   433.3000       4.22902959E-02       4.40293894E-02
   433.4000       4.22961156E-02       4.40265166E-02
   433.5000       4.23022253E-02       4.40241236E-02
   433.6000       4.23087294E-02       4.40222588E-02
   433.7000       4.23156479E-02       4.40209461E-02
   433.8000       4.23229522E-02       4.40202198E-02
   433.9000       4.23306413E-02       4.40201120E-02
   434.0000       4.23388347E-02       4.40206609E-02
   434.1000       4.23474974E-02       4.40219043E-02
   434.2000       4.23567549E-02       4.40238840E-02
   434.3000       4.23666102E-02       4.40266356E-02
   434.4000       4.23770784E-02       4.40301989E-02
   434.5000       4.23882630E-02       4.40346093E-02
   434.6000       4.24002191E-02       4.40399065E-02
   434.7000       4.24129529E-02       4.40461274E-02
   434.8000       4.24264609E-02       4.40533061E-02
   434.9000       4.24409175E-02       4.40614857E-02
   435.0000       4.24563030E-02       4.40707000E-02
   435.1000       4.24725826E-02       4.40809797E-02
   435.2000       4.24898172E-02       4.40923482E-02
   435.3000       4.25080647E-02       4.41048374E-02
   435.4000       4.25273451E-02       4.41184750E-02
   435.5000       4.25476589E-02       4.41332658E-02
   435.6000       4.25689817E-02       4.41492367E-02
   435.7000       4.25913952E-02       4.41664052E-02
   435.8000       4.26150189E-02       4.41847801E-02
   435.9000       4.26397608E-02       4.42043743E-02
   436.0000       4.26656228E-02       4.42251824E-02
   436.1000       4.26926183E-02       4.42472095E-02
   436.2000       4.27206925E-02       4.42704362E-02
   436.3000       4.27498688E-02       4.42948541E-02
   436.4000       4.27800397E-02       4.43204304E-02
   436.5000       4.28111507E-02       4.43471475E-02
   436.6000       4.28433173E-02       4.43749618E-02
   436.7000       4.28762053E-02       4.44038137E-02
   436.8000       4.29097677E-02       4.44336468E-02
   436.9000       4.29440814E-02       4.44644142E-02
   437.0000       4.29789726E-02       4.44960468E-02
   437.1000       4.30144422E-02       4.45284745E-02
   437.2000       4.30503346E-02       4.45616182E-02
   437.3000       4.30866065E-02       4.45954010E-02
   437.4000       4.31231080E-02       4.46297260E-02
   437.5000       4.31597539E-02       4.46644958E-02
   437.6000       4.31964929E-02       4.46996124E-02
   437.7000       4.32333175E-02       4.47349771E-02
   437.8000       4.32700064E-02       4.47704692E-02
   437.9000       4.33064825E-02       4.48059918E-02
   438.0000       4.33427111E-02       4.48414160E-02
   438.1000       4.33785295E-02       4.48766395E-02
   438.2000       4.34138816E-02       4.49115348E-02
   438.3000       4.34488529E-02       4.49460159E-02
   438.4000       4.34830336E-02       4.49799066E-02
   438.5000       4.35165421E-02       4.50131270E-02
   438.6000       4.35492486E-02       4.50455450E-02
   438.7000       4.35809813E-02       4.50770333E-02
   438.8000       4.36118231E-02       4.51074907E-02
   438.9000       4.36414576E-02       4.51367914E-02
   439.0000       4.36700093E-02       4.51648505E-02
   439.1000       4.36971927E-02       4.51915480E-02
   439.2000       4.37230450E-02       4.52167687E-02
   439.3000       4.37475050E-02       4.52404314E-02
   439.4000       4.37705942E-02       4.52624563E-02
   439.5000       4.37920847E-02       4.52827525E-02
   439.6000       4.38120140E-02       4.53012336E-02
   439.7000       4.38303338E-02       4.53178292E-02
   439.8000       4.38468809E-02       4.53324848E-02
   439.9000       4.38616494E-02       4.53451422E-02
   440.0000       4.38745874E-02       4.53557479E-02
   440.1000       4.38857086E-02       4.53642718E-02
   440.2000       4.38949114E-02       4.53706806E-02
   440.3000       4.39021890E-02       4.53749434E-02
   440.4000       4.39076843E-02       4.53770548E-02
   440.5000       4.39112223E-02       4.53770061E-02
   440.6000       4.39127039E-02       4.53748123E-02
   440.7000       4.39123854E-02       4.53704889E-02
   440.8000       4.39101619E-02       4.53640588E-02
   440.9000       4.39061871E-02       4.53555629E-02
   441.0000       4.39004802E-02       4.53450443E-02
   441.1000       4.38929796E-02       4.53325343E-02
   441.2000       4.38837136E-02       4.53181173E-02
   441.3000       4.38728781E-02       4.53018460E-02
   441.4000       4.38605272E-02       4.52838412E-02
   441.5000       4.38466882E-02       4.52641514E-02
   441.6000       4.38315351E-02       4.52428902E-02
   441.7000       4.38151403E-02       4.52201535E-02
   441.8000       4.37977108E-02       4.51960623E-02
   441.9000       4.37792232E-02       4.51707230E-02
   442.0000       4.37599194E-02       4.51442708E-02
   442.1000       4.37401635E-02       4.51168662E-02
   442.2000       4.37200653E-02       4.50886278E-02
   442.3000       4.36997509E-02       4.50597069E-02
   442.4000       4.36796967E-02       4.50303109E-02
   442.5000       4.36599157E-02       4.50005650E-02
   442.6000       4.36406901E-02       4.49706505E-02
   442.7000       4.36223715E-02       4.49407529E-02
   442.8000       4.36051790E-02       4.49110536E-02
   442.9000       4.35895223E-02       4.48817688E-02
   443.0000       4.35756889E-02       4.48530919E-02
   443.1000       4.35639133E-02       4.48252372E-02
   443.2000       4.35545739E-02       4.47984281E-02
   443.3000       4.35479218E-02       4.47728679E-02
   443.4000       4.35443679E-02       4.47488008E-02
   443.5000       4.35443624E-02       4.47264705E-02
   443.6000       4.35484840E-02       4.47061462E-02
   443.7000       4.35570005E-02       4.46880584E-02
   443.8000       4.35704003E-02       4.46724913E-02
   443.9000       4.35893039E-02       4.46597393E-02
   444.0000       4.36142052E-02       4.46500922E-02
   444.1000       4.36456146E-02       4.46438673E-02
   444.2000       4.36840465E-02       4.46413625E-02
   444.3000       4.37299948E-02       4.46428903E-02
   444.4000       4.37839049E-02       4.46487760E-02
   444.5000       4.38463747E-02       4.46593460E-02
   444.6000       4.39178382E-02       4.46748951E-02
   444.7000       4.39987951E-02       4.46957702E-02
   444.8000       4.40894751E-02       4.47222572E-02
   444.9000       4.41904263E-02       4.47546965E-02
   445.0000       4.43020763E-02       4.47933923E-02
   445.1000       4.44247388E-02       4.48386313E-02
   445.2000       4.45588434E-02       4.48907037E-02
   445.3000       4.47044805E-02       4.49498755E-02
   445.4000       4.48619312E-02       4.50164096E-02
   445.5000       4.50314202E-02       4.50905559E-02
   445.6000       4.52130374E-02       4.51725242E-02
   445.7000       4.54067160E-02       4.52624880E-02
   445.8000       4.56125927E-02       4.53606060E-02
   445.9000       4.58305039E-02       4.54669767E-02
   446.0000       4.60602109E-02       4.55816815E-02
   446.1000       4.63013998E-02       4.57047655E-02
   446.2000       4.65537782E-02       4.58362441E-02
   446.3000       4.68168429E-02       4.59760816E-02
   446.4000       4.70901141E-02       4.61242092E-02
   446.5000       4.73728630E-02       4.62804895E-02
   446.6000       4.76642628E-02       4.64447431E-02
   446.7000       4.79633116E-02       4.66167098E-02
   446.8000       4.82689896E-02       4.67960928E-02
   446.9000       4.85802320E-02       4.69825532E-02
   447.0000       4.88959286E-02       4.71757210E-02
   447.1000       4.92149369E-02       4.73751928E-02
   447.2000       4.95361027E-02       4.75805089E-02
   447.3000       4.98582802E-02       4.77911649E-02
   447.4000       5.01803438E-02       4.80066401E-02
   447.5000       5.05011935E-02       4.82264010E-02
   447.6000       5.08197599E-02       4.84499029E-02
   447.7000       5.11350111E-02       4.86765933E-02
   447.8000       5.14459583E-02       4.89059150E-02
   447.9000       5.17516613E-02       4.91373092E-02
   448.0000       5.20512338E-02       4.93702191E-02
   448.1000       5.23438478E-02       4.96040922E-02
   448.2000       5.26287368E-02       4.98383838E-02
   448.3000       5.29051992E-02       5.00725585E-02
   448.4000       5.31725997E-02       5.03060929E-02
   448.5000       5.34303711E-02       5.05384767E-02
   448.6000       5.36780148E-02       5.07692141E-02
   448.7000       5.39151007E-02       5.09978245E-02
   448.8000       5.41412666E-02       5.12238432E-02
   448.9000       5.43562174E-02       5.14468219E-02
   449.0000       5.45597237E-02       5.16663282E-02
   449.1000       5.47516197E-02       5.18819464E-02
   449.2000       5.49318018E-02       5.20932769E-02
   449.3000       5.51002260E-02       5.22999364E-02
   449.4000       5.52569057E-02       5.25015584E-02
   449.5000       5.54019096E-02       5.26977934E-02
   449.6000       5.55353591E-02       5.28883101E-02
   449.7000       5.56574256E-02       5.30727965E-02
   449.8000       5.57683288E-02       5.32509620E-02
   449.9000       5.58683337E-02       5.34225394E-02
   450.0000       5.59577483E-02       5.35872883E-02
   450.1000       5.60369215E-02       5.37449983E-02
   450.2000       5.61062407E-02       5.38954931E-02
   450.3000       5.61661295E-02       5.40386342E-02
   450.4000       5.62170452E-02       5.41743261E-02
   450.5000       5.62594768E-02       5.43025194E-02
   450.6000       5.62939425E-02       5.44232160E-02
   450.7000       5.63209874E-02       5.45364717E-02
   450.8000       5.63411810E-02       5.46423995E-02
   450.9000       5.63551146E-02       5.47411714E-02
   451.0000       5.63633992E-02       5.48330192E-02
   451.1000       5.63666621E-02       5.49182344E-02
   451.2000       5.63655446E-02       5.49971666E-02
   451.3000       5.63606987E-02       5.50702215E-02
   451.4000       5.63527845E-02       5.51378568E-02
   451.5000       5.63424666E-02       5.52005779E-02
   451.6000       5.63304110E-02       5.52589326E-02
   451.7000       5.63172815E-02       5.53135051E-02
   451.8000       5.63037363E-02       5.53649091E-02
   451.9000       5.62904244E-02       5.54137816E-02
   452.0000       5.62779817E-02       5.54607753E-02
   452.1000       5.62670274E-02       5.55065516E-02
   452.2000       5.62581601E-02       5.55517734E-02
   452.3000       5.62519541E-02       5.55970981E-02
   452.4000       5.62489557E-02       5.56431708E-02
   452.5000       5.62496796E-02       5.56906174E-02
   452.6000       5.62546055E-02       5.57400389E-02
   452.7000       5.62641746E-02       5.57920048E-02
   452.8000       5.62787869E-02       5.58470481E-02
   452.9000       5.62987985E-02       5.59056600E-02
   453.0000       5.63245189E-02       5.59682858E-02
   453.1000       5.63562096E-02       5.60353206E-02
   453.2000       5.63940821E-02       5.61071063E-02
   453.3000       5.64382976E-02       5.61839296E-02
   453.4000       5.64889659E-02       5.62660199E-02
   453.5000       5.65461461E-02       5.63535486E-02
   453.6000       5.66098473E-02       5.64466297E-02
   453.7000       5.66800294E-02       5.65453207E-02
   453.8000       5.67566061E-02       5.66496246E-02
   453.9000       5.68394462E-02       5.67594928E-02
   454.0000       5.69283779E-02       5.68748291E-02
   454.1000       5.70231915E-02       5.69954943E-02
   454.2000       5.71236438E-02       5.71213111E-02
   454.3000       5.72294626E-02       5.72520700E-02
   454.4000       5.73403512E-02       5.73875356E-02
   454.5000       5.74559935E-02       5.75274522E-02
   454.6000       5.75760591E-02       5.76715507E-02
   454.7000       5.77002083E-02       5.78195545E-02
   454.8000       5.78280973E-02       5.79711851E-02
   454.9000       5.79593827E-02       5.81261677E-02
   455.0000       5.80937265E-02       5.82842359E-02
   455.1000       5.82308004E-02       5.84451353E-02
   455.2000       5.83702893E-02       5.86086276E-02
   455.3000       5.85118949E-02       5.87744922E-02
   455.4000       5.86553389E-02       5.89425282E-02
   455.5000       5.88003649E-02       5.91125552E-02
   455.6000       5.89467401E-02       5.92844134E-02
   455.7000       5.90942568E-02       5.94579624E-02
   455.8000       5.92427329E-02       5.96330803E-02
   455.9000       5.93920115E-02       5.98096614E-02
   456.0000       5.95419611E-02       5.99876140E-02
   456.1000       5.96924736E-02       6.01668571E-02
   456.2000       5.98434640E-02       6.03473180E-02
   456.3000       5.99948673E-02       6.05289286E-02
   456.4000       6.01466374E-02       6.07116220E-02
   456.5000       6.02987440E-02       6.08953301E-02
   456.6000       6.04511701E-02       6.10799797E-02
   456.7000       6.06039096E-02       6.12654903E-02
   456.8000       6.07569641E-02       6.14517714E-02
   456.9000       6.09103401E-02       6.16387209E-02
   457.0000       6.10640470E-02       6.18262229E-02
   457.1000       6.12180938E-02       6.20141475E-02
   457.2000       6.13724872E-02       6.22023497E-02
   457.3000       6.15272295E-02       6.23906695E-02
   457.4000       6.16823169E-02       6.25789327E-02
   457.5000       6.18377380E-02       6.27669519E-02
   457.6000       6.19934730E-02       6.29545281E-02
   457.7000       6.21494927E-02       6.31414529E-02
   457.8000       6.23057588E-02       6.33275104E-02
   457.9000       6.24622235E-02       6.35124810E-02
   458.0000       6.26188306E-02       6.36961436E-02
   458.1000       6.27755165E-02       6.38782796E-02
   458.2000       6.29322112E-02       6.40586759E-02
   458.3000       6.30888406E-02       6.42371287E-02
   458.4000       6.32453282E-02       6.44134473E-02
   458.5000       6.34015976E-02       6.45874573E-02
   458.6000       6.35575750E-02       6.47590042E-02
   458.7000       6.37131922E-02       6.49279564E-02
   458.8000       6.38683893E-02       6.50942085E-02
   458.9000       6.40231176E-02       6.52576837E-02
   459.0000       6.41773426E-02       6.54183361E-02
   459.1000       6.43310467E-02       6.55761529E-02
   459.2000       6.44842317E-02       6.57311552E-02
   459.3000       6.46369214E-02       6.58833998E-02
   459.4000       6.47891632E-02       6.60329786E-02
   459.5000       6.49410300E-02       6.61800196E-02
   459.6000       6.50926208E-02       6.63246853E-02
   459.7000       6.52440613E-02       6.64671717E-02
   459.8000       6.53955041E-02       6.66077068E-02
   459.9000       6.55471272E-02       6.67465475E-02
   460.0000       6.56991325E-02       6.68839770E-02
   460.1000       6.58517436E-02       6.70203011E-02
   460.2000       6.60052025E-02       6.71558440E-02
   460.3000       6.61597658E-02       6.72909438E-02
   460.4000       6.63156998E-02       6.74259472E-02
   460.5000       6.64732752E-02       6.75612044E-02
   460.6000       6.66327614E-02       6.76970632E-02
   460.7000       6.67944202E-02       6.78338631E-02
   460.8000       6.69584983E-02       6.79719294E-02
   460.9000       6.71252214E-02       6.81115671E-02
   461.0000       6.72947865E-02       6.82530553E-02
   461.1000       6.74673549E-02       6.83966415E-02
   461.2000       6.76430465E-02       6.85425365E-02
   461.3000       6.78219328E-02       6.86909098E-02
   461.4000       6.80040323E-02       6.88418856E-02
   461.5000       6.81893057E-02       6.89955392E-02
   461.6000       6.83776526E-02       6.91518952E-02
   461.7000       6.85689091E-02       6.93109253E-02
   461.8000       6.87628469E-02       6.94725480E-02
   461.9000       6.89591737E-02       6.96366289E-02
   462.0000       6.91575344E-02       6.98029816E-02
   462.1000       6.93575144E-02       6.99713699E-02
   462.2000       6.95586434E-02       7.01415112E-02
   462.3000       6.97604009E-02       7.03130795E-02
   462.4000       6.99622222E-02       7.04857103E-02
   462.5000       7.01635056E-02       7.06590054E-02
   462.6000       7.03636199E-02       7.08325380E-02
   462.7000       7.05619130E-02       7.10058590E-02
   462.8000       7.07577197E-02       7.11785022E-02
   462.9000       7.09503709E-02       7.13499909E-02
   463.0000       7.11392017E-02       7.15198437E-02
   463.1000       7.13235594E-02       7.16875806E-02
   463.2000       7.15028118E-02       7.18527285E-02
   463.3000       7.16763541E-02       7.20148272E-02
   463.4000       7.18436161E-02       7.21734346E-02
   463.5000       7.20040679E-02       7.23281315E-02
   463.6000       7.21572257E-02       7.24785268E-02
   463.7000       7.23026566E-02       7.26242615E-02
   463.8000       7.24399827E-02       7.27650131E-02
   463.9000       7.25688845E-02       7.29004987E-02
   464.0000       7.26891039E-02       7.30304790E-02
   464.1000       7.28004468E-02       7.31547609E-02
   464.2000       7.29027841E-02       7.32731997E-02
   464.3000       7.29960536E-02       7.33857017E-02
   464.4000       7.30802605E-02       7.34922257E-02
   464.5000       7.31554778E-02       7.35927839E-02
   464.6000       7.32218457E-02       7.36874430E-02
   464.7000       7.32795715E-02       7.37763241E-02
   464.8000       7.33289283E-02       7.38596026E-02
   464.9000       7.33702534E-02       7.39375072E-02
   465.0000       7.34039467E-02       7.40103182E-02
   465.1000       7.34304679E-02       7.40783657E-02
   465.2000       7.34503337E-02       7.41420271E-02
   465.3000       7.34641146E-02       7.42017232E-02
   465.4000       7.34724306E-02       7.42579150E-02
   465.5000       7.34759469E-02       7.43110986E-02
   465.6000       7.34753687E-02       7.43618007E-02
   465.7000       7.34714357E-02       7.44105730E-02
   465.8000       7.34649157E-02       7.44579857E-02
   465.9000       7.34565981E-02       7.45046218E-02
   466.0000       7.34472864E-02       7.45510699E-02
   466.1000       7.34377909E-02       7.45979174E-02
   466.2000       7.34289203E-02       7.46457432E-02
   466.3000       7.34214734E-02       7.46951110E-02
   466.4000       7.34162307E-02       7.47465620E-02
   466.5000       7.34139460E-02       7.48006081E-02
   466.6000       7.34153376E-02       7.48577255E-02
   466.7000       7.34210804E-02       7.49183490E-02
   466.8000       7.34317978E-02       7.49828663E-02
   466.9000       7.34480551E-02       7.50516141E-02
   467.0000       7.34703526E-02       7.51248742E-02
   467.1000       7.34991201E-02       7.52028707E-02
   467.2000       7.35347132E-02       7.52857691E-02
   467.3000       7.35774094E-02       7.53736755E-02
   467.4000       7.36274067E-02       7.54666380E-02
   467.5000       7.36848234E-02       7.55646482E-02
   467.6000       7.37496988E-02       7.56676450E-02
   467.7000       7.38219961E-02       7.57755185E-02
   467.8000       7.39016061E-02       7.58881155E-02
   467.9000       7.39883528E-02       7.60052456E-02
   468.0000       7.40819997E-02       7.61266881E-02
   468.1000       7.41822575E-02       7.62521987E-02
   468.2000       7.42887924E-02       7.63815175E-02
   468.3000       7.44012349E-02       7.65143758E-02
   468.4000       7.45191891E-02       7.66505034E-02
   468.5000       7.46422421E-02       7.67896350E-02
   468.6000       7.47699732E-02       7.69315163E-02
   468.7000       7.49019622E-02       7.70759082E-02
   468.8000       7.50377971E-02       7.72225913E-02
   468.9000       7.51770818E-02       7.73713679E-02
   469.0000       7.53194408E-02       7.75220632E-02
   469.1000       7.54645245E-02       7.76745258E-02
   469.2000       7.56120118E-02       7.78286258E-02
   469.3000       7.57616118E-02       7.79842523E-02
   469.4000       7.59130643E-02       7.81413101E-02
   469.5000       7.60661381E-02       7.82997152E-02
   469.6000       7.62206290E-02       7.84593892E-02
   469.7000       7.63763556E-02       7.86202540E-02
   469.8000       7.65331553E-02       7.87822256E-02
   469.9000       7.66908781E-02       7.89452085E-02
   470.0000       7.68493815E-02       7.91090900E-02
   470.1000       7.70085235E-02       7.92737349E-02
   470.2000       7.71681563E-02       7.94389811E-02
   470.3000       7.73281207E-02       7.96046363E-02
   470.4000       7.74882397E-02       7.97704750E-02
   470.5000       7.76483137E-02       7.99362372E-02
   470.6000       7.78081165E-02       8.01016281E-02
   470.7000       7.79673913E-02       8.02663189E-02
   470.8000       7.81258498E-02       8.04299490E-02
   470.9000       7.82831704E-02       8.05921288E-02
   471.0000       7.84389992E-02       8.07524441E-02
   471.1000       7.85929521E-02       8.09104617E-02
   471.2000       7.87446178E-02       8.10657347E-02
   471.3000       7.88935624E-02       8.12178098E-02
   471.4000       7.90393352E-02       8.13662346E-02
   471.5000       7.91814759E-02       8.15105654E-02
   471.6000       7.93195220E-02       8.16503757E-02
   471.7000       7.94530177E-02       8.17852641E-02
   471.8000       7.95815231E-02       8.19148633E-02
   471.9000       7.97046238E-02       8.20388483E-02
   472.0000       7.98219406E-02       8.21569442E-02
   472.1000       7.99331393E-02       8.22689343E-02
   472.2000       8.00379403E-02       8.23746672E-02
   472.3000       8.01361275E-02       8.24740628E-02
   472.4000       8.02275566E-02       8.25671182E-02
   472.5000       8.03121623E-02       8.26539120E-02
   472.6000       8.03899649E-02       8.27346072E-02
   472.7000       8.04610754E-02       8.28094534E-02
   472.8000       8.05256985E-02       8.28787870E-02
   472.9000       8.05841352E-02       8.29430295E-02
   473.0000       8.06367829E-02       8.30026850E-02
   473.1000       8.06841335E-02       8.30583348E-02
   473.2000       8.07267703E-02       8.31106312E-02
   473.3000       8.07653628E-02       8.31602891E-02
   473.4000       8.08006586E-02       8.32080757E-02
   473.5000       8.08334748E-02       8.32547993E-02
   473.6000       8.08646865E-02       8.33012964E-02
   473.7000       8.08952138E-02       8.33484177E-02
   473.8000       8.09260074E-02       8.33970139E-02
   473.9000       8.09580328E-02       8.34479204E-02
   474.0000       8.09922529E-02       8.35019424E-02
   474.1000       8.10296104E-02       8.35598400E-02
   474.2000       8.10710098E-02       8.36223148E-02
   474.3000       8.11172989E-02       8.36899962E-02
   474.4000       8.11692511E-02       8.37634304E-02
   474.5000       8.12275487E-02       8.38430701E-02
   474.6000       8.12927672E-02       8.39292666E-02
   474.7000       8.13653619E-02       8.40222635E-02
   474.8000       8.14456566E-02       8.41221926E-02
   474.9000       8.15338342E-02       8.42290719E-02
   475.0000       8.16299316E-02       8.43428057E-02
   475.1000       8.17338363E-02       8.44631861E-02
   475.2000       8.18452870E-02       8.45898976E-02
   475.3000       8.19638769E-02       8.47225217E-02
   475.4000       8.20890605E-02       8.48605446E-02
   475.5000       8.22201631E-02       8.50033649E-02
   475.6000       8.23563927E-02       8.51503039E-02
   475.7000       8.24968545E-02       8.53006154E-02
   475.8000       8.26405670E-02       8.54534971E-02
   475.9000       8.27864793E-02       8.56081029E-02
   476.0000       8.29334902E-02       8.57635546E-02
   476.1000       8.30804664E-02       8.59189550E-02
   476.2000       8.32262621E-02       8.60734004E-02
   476.3000       8.33697376E-02       8.62259934E-02
   476.4000       8.35097774E-02       8.63758549E-02
   476.5000       8.36453073E-02       8.65221370E-02
   476.6000       8.37753109E-02       8.66640338E-02
   476.7000       8.38988440E-02       8.68007932E-02
   476.8000       8.40150482E-02       8.69317266E-02
   476.9000       8.41231627E-02       8.70562189E-02
   477.0000       8.42225355E-02       8.71737365E-02
   477.1000       8.43126314E-02       8.72838358E-02
   477.2000       8.43930407E-02       8.73861687E-02
   477.3000       8.44634845E-02       8.74804886E-02
   477.4000       8.45238201E-02       8.75666548E-02
   477.5000       8.45740443E-02       8.76446350E-02
   477.6000       8.46142954E-02       8.77145075E-02
   477.7000       8.46448539E-02       8.77764615E-02
   477.8000       8.46661421E-02       8.78307966E-02
   477.9000       8.46787219E-02       8.78779207E-02
   478.0000       8.46832908E-02       8.79183465E-02
   478.1000       8.46806775E-02       8.79526869E-02
   478.2000       8.46718343E-02       8.79816493E-02
   478.3000       8.46578288E-02       8.80060281E-02
   478.4000       8.46398333E-02       8.80266964E-02
   478.5000       8.46191128E-02       8.80445960E-02
   478.6000       8.45970102E-02       8.80607267E-02
   478.7000       8.45749304E-02       8.80761342E-02
   478.8000       8.45543224E-02       8.80918969E-02
   478.9000       8.45366591E-02       8.81091123E-02
   479.0000       8.45234167E-02       8.81288816E-02
   479.1000       8.45160520E-02       8.81522955E-02
   479.2000       8.45159791E-02       8.81804175E-02
   479.3000       8.45245460E-02       8.82142693E-02
   479.4000       8.45430111E-02       8.82548143E-02
   479.5000       8.45725205E-02       8.83029438E-02
   479.6000       8.46140864E-02       8.83594619E-02
   479.7000       8.46685679E-02       8.84250730E-02
   479.8000       8.47366539E-02       8.85003705E-02
   479.9000       8.48188491E-02       8.85858263E-02
   480.0000       8.49154641E-02       8.86817842E-02
   480.1000       8.50266088E-02       8.87884534E-02
   480.2000       8.51521899E-02       8.89059061E-02
   480.3000       8.52919139E-02       8.90340769E-02
   480.4000       8.54452923E-02       8.91727646E-02
   480.5000       8.56116529E-02       8.93216374E-02
   480.6000       8.57901533E-02       8.94802389E-02
   480.7000       8.59797982E-02       8.96479981E-02
   480.8000       8.61794587E-02       8.98242400E-02
   480.9000       8.63878947E-02       9.00081983E-02
   481.0000       8.66037768E-02       9.01990292E-02
   481.1000       8.68257097E-02       9.03958262E-02
   481.2000       8.70522554E-02       9.05976347E-02
   481.3000       8.72819547E-02       9.08034674E-02
   481.4000       8.75133480E-02       9.10123187E-02
   481.5000       8.77449938E-02       9.12231786E-02
   481.6000       8.79754850E-02       9.14350453E-02
   481.7000       8.82034629E-02       9.16469370E-02
   481.8000       8.84276288E-02       9.18579016E-02
   481.9000       8.86467527E-02       9.20670253E-02
   482.0000       8.88596802E-02       9.22734398E-02
   482.1000       8.90653371E-02       9.24763274E-02
   482.2000       8.92627327E-02       9.26749252E-02
   482.3000       8.94509613E-02       9.28685281E-02
   482.4000       8.96292031E-02       9.30564906E-02
   482.5000       8.97967247E-02       9.32382277E-02
   482.6000       8.99528797E-02       9.34132161E-02
   482.7000       9.00971091E-02       9.35809945E-02
   482.8000       9.02289435E-02       9.37411643E-02
   482.9000       9.03480050E-02       9.38933904E-02
   483.0000       9.04540115E-02       9.40374031E-02
   483.1000       9.05467812E-02       9.41729997E-02
   483.2000       9.06262396E-02       9.43000481E-02
   483.3000       9.06924260E-02       9.44184899E-02
   483.4000       9.07455026E-02       9.45283452E-02
   483.5000       9.07857627E-02       9.46297174E-02
   483.6000       9.08136398E-02       9.47227982E-02
   483.7000       9.08297153E-02       9.48078734E-02
   483.8000       9.08347258E-02       9.48853269E-02
   483.9000       9.08295676E-02       9.49556454E-02
   484.0000       9.08152989E-02       9.50194208E-02
   484.1000       9.07931381E-02       9.50773506E-02
   484.2000       9.07644580E-02       9.51302367E-02
   484.3000       9.07307752E-02       9.51789803E-02
   484.4000       9.06937340E-02       9.52245749E-02
   484.5000       9.06550849E-02       9.52680941E-02
   484.6000       9.06166574E-02       9.53106769E-02
   484.7000       9.05803277E-02       9.53535088E-02
   484.8000       9.05479816E-02       9.53977992E-02
   484.9000       9.05214738E-02       9.54447559E-02
   485.0000       9.05025844E-02       9.54955567E-02
   485.1000       9.04929747E-02       9.55513204E-02
   485.2000       9.04941430E-02       9.56130752E-02
   485.3000       9.05073829E-02       9.56817295E-02
   485.4000       9.05337454E-02       9.57580430E-02
   485.5000       9.05740073E-02       9.58426011E-02
   485.6000       9.06286456E-02       9.59357933E-02
   485.7000       9.06978209E-02       9.60377965E-02
   485.8000       9.07813696E-02       9.61485644E-02
   485.9000       9.08788056E-02       9.62678227E-02
   486.0000       9.09893313E-02       9.63950720E-02
   486.1000       9.11118576E-02       9.65295962E-02
   486.2000       9.12450325E-02       9.66704789E-02
   486.3000       9.13872753E-02       9.68166239E-02
   486.4000       9.15368184E-02       9.69667826E-02
   486.5000       9.16917516E-02       9.71195842E-02
   486.6000       9.18500694E-02       9.72735699E-02
   486.7000       9.20097196E-02       9.74272288E-02
   486.8000       9.21686506E-02       9.75790342E-02
   486.9000       9.23248576E-02       9.77274808E-02
   487.0000       9.24764254E-02       9.78711192E-02
   487.1000       9.26215672E-02       9.80085899E-02
   487.2000       9.27586594E-02       9.81386536E-02
   487.3000       9.28862710E-02       9.82602180E-02
   487.4000       9.30031879E-02       9.83723620E-02
   487.5000       9.31084317E-02       9.84743540E-02
   487.6000       9.32012734E-02       9.85656681E-02
   487.7000       9.32812426E-02       9.86459940E-02
   487.8000       9.33481306E-02       9.87152441E-02
   487.9000       9.34019904E-02       9.87735553E-02
   488.0000       9.34431317E-02       9.88212875E-02
   488.1000       9.34721125E-02       9.88590172E-02
   488.2000       9.34897272E-02       9.88875284E-02
   488.3000       9.34969918E-02       9.89077992E-02
   488.4000       9.34951258E-02       9.89209850E-02
   488.5000       9.34855327E-02       9.89283988E-02
   488.6000       9.34697771E-02       9.89314891E-02
   488.7000       9.34495605E-02       9.89318140E-02
   488.8000       9.34266955E-02       9.89310145E-02
   488.9000       9.34030781E-02       9.89307851E-02
   489.0000       9.33806589E-02       9.89328434E-02
   489.1000       9.33614131E-02       9.89388984E-02
   489.2000       9.33473101E-02       9.89506190E-02
   489.3000       9.33402822E-02       9.89696021E-02
   489.4000       9.33421930E-02       9.89973417E-02
   489.5000       9.33548061E-02       9.90352000E-02
   489.6000       9.33797546E-02       9.90843798E-02
   489.7000       9.34185110E-02       9.91459002E-02
   489.8000       9.34723592E-02       9.92205754E-02
   489.9000       9.35423676E-02       9.93089977E-02
   490.0000       9.36293659E-02       9.94115250E-02
   490.1000       9.37339244E-02       9.95282725E-02
   490.2000       9.38563366E-02       9.96591105E-02
   490.3000       9.39966072E-02       9.98036663E-02
   490.4000       9.41544437E-02       9.99613317E-02
   490.5000       9.43292542E-02       1.00131276E-01
   490.6000       9.45201497E-02       1.00312461E-01
   490.7000       9.47259526E-02       1.00503664E-01
   490.8000       9.49452113E-02       1.00703501E-01
   490.9000       9.51762193E-02       1.00910454E-01
   491.0000       9.54170408E-02       1.01122897E-01
   491.1000       9.56655404E-02       1.01339128E-01
   491.2000       9.59194172E-02       1.01557398E-01
   491.3000       9.61762430E-02       1.01775938E-01
   491.4000       9.64335029E-02       1.01992991E-01
   491.5000       9.66886378E-02       1.02206831E-01
   491.6000       9.69390888E-02       1.02415794E-01
   491.7000       9.71823412E-02       1.02618294E-01
   491.8000       9.74159681E-02       1.02812845E-01
   491.9000       9.76376736E-02       1.02998080E-01
   492.0000       9.78453325E-02       1.03172763E-01
   492.1000       9.80370295E-02       1.03335801E-01
   492.2000       9.82110935E-02       1.03486261E-01
   492.3000       9.83661291E-02       1.03623381E-01
   492.4000       9.85010445E-02       1.03746574E-01
   492.5000       9.86150740E-02       1.03855444E-01
   492.6000       9.87077963E-02       1.03949789E-01
   492.7000       9.87791472E-02       1.04029613E-01
   492.8000       9.88294273E-02       1.04095128E-01
   492.9000       9.88593024E-02       1.04146759E-01
   493.0000       9.88697991E-02       1.04185147E-01
   493.1000       9.88622930E-02       1.04211143E-01
   493.2000       9.88384898E-02       1.04225811E-01
   493.3000       9.88004003E-02       1.04230411E-01
   493.4000       9.87503081E-02       1.04226390E-01
   493.5000       9.86907306E-02       1.04215366E-01
   493.6000       9.86243745E-02       1.04199100E-01
   493.7000       9.85540849E-02       1.04179475E-01
   493.8000       9.84827909E-02       1.04158461E-01
   493.9000       9.84134473E-02       1.04138079E-01
   494.0000       9.83489741E-02       1.04120366E-01
   494.1000       9.82921962E-02       1.04107329E-01
   494.2000       9.82457839E-02       1.04100909E-01
   494.3000       9.82121965E-02       1.04102935E-01
   494.4000       9.81936305E-02       1.04115086E-01
   494.5000       9.81919739E-02       1.04138850E-01
   494.6000       9.82087684E-02       1.04175497E-01
   494.7000       9.82451800E-02       1.04226043E-01
   494.8000       9.83019797E-02       1.04291236E-01
   494.9000       9.83795332E-02       1.04371534E-01
   495.0000       9.84778022E-02       1.04467103E-01
   495.1000       9.85963541E-02       1.04577814E-01
   495.2000       9.87343818E-02       1.04703252E-01
   495.3000       9.88907312E-02       1.04842732E-01
   495.4000       9.90639364E-02       1.04995319E-01
   495.5000       9.92522603E-02       1.05159857E-01
   495.6000       9.94537392E-02       1.05334998E-01
   495.7000       9.96662309E-02       1.05519240E-01
   495.8000       9.98874638E-02       1.05710964E-01
   495.9000       1.00115086E-01       1.05908472E-01
   496.0000       1.00346713E-01       1.06110027E-01
   496.1000       1.00579973E-01       1.06313889E-01
   496.2000       1.00812551E-01       1.06518353E-01
   496.3000       1.01042225E-01       1.06721780E-01
   496.4000       1.01266904E-01       1.06922627E-01
   496.5000       1.01484650E-01       1.07119475E-01
   496.6000       1.01693713E-01       1.07311044E-01
   496.7000       1.01892539E-01       1.07496219E-01
   496.8000       1.02079792E-01       1.07674053E-01
   496.9000       1.02254361E-01       1.07843781E-01
   497.0000       1.02415364E-01       1.08004816E-01
   497.1000       1.02562145E-01       1.08156754E-01
   497.2000       1.02694274E-01       1.08299363E-01
   497.3000       1.02811535E-01       1.08432574E-01
   497.4000       1.02913916E-01       1.08556466E-01
   497.5000       1.03001589E-01       1.08671251E-01
   497.6000       1.03074893E-01       1.08777253E-01
   497.7000       1.03134311E-01       1.08874885E-01
   497.8000       1.03180449E-01       1.08964627E-01
   497.9000       1.03214006E-01       1.09047001E-01
   498.0000       1.03235750E-01       1.09122546E-01
   498.1000       1.03246491E-01       1.09191796E-01
   498.2000       1.03247057E-01       1.09255254E-01
   498.3000       1.03238266E-01       1.09313376E-01
   498.4000       1.03220908E-01       1.09366555E-01
   498.5000       1.03195727E-01       1.09415102E-01
   498.6000       1.03163408E-01       1.09459245E-01
   498.7000       1.03124569E-01       1.09499121E-01
   498.8000       1.03079760E-01       1.09534784E-01
   498.9000       1.03029471E-01       1.09566208E-01
   499.0000       1.02974139E-01       1.09593308E-01
   499.1000       1.02914171E-01       1.09615955E-01
   499.2000       1.02849963E-01       1.09634003E-01
   499.3000       1.02781927E-01       1.09647318E-01
   499.4000       1.02710522E-01       1.09655806E-01
   499.5000       1.02636280E-01       1.09659446E-01
   499.6000       1.02559830E-01       1.09658319E-01
   499.7000       1.02481922E-01       1.09652631E-01
   499.8000       1.02403433E-01       1.09642733E-01
   499.9000       1.02325379E-01       1.09629135E-01
   500.0000       1.02248904E-01       1.09612506E-01
   500.1000       1.02175264E-01       1.09593673E-01
   500.2000       1.02105800E-01       1.09573598E-01
   500.3000       1.02041905E-01       1.09553359E-01
   500.4000       1.01984979E-01       1.09534115E-01
   500.5000       1.01936382E-01       1.09517069E-01
   500.6000       1.01897390E-01       1.09503425E-01
   500.7000       1.01869144E-01       1.09494349E-01
   500.8000       1.01852611E-01       1.09490924E-01
   500.9000       1.01848544E-01       1.09494115E-01
   501.0000       1.01857460E-01       1.09504740E-01
   501.1000       1.01879622E-01       1.09523445E-01
   501.2000       1.01915028E-01       1.09550691E-01
   501.3000       1.01963425E-01       1.09586745E-01
   501.4000       1.02024314E-01       1.09631691E-01
   501.5000       1.02096983E-01       1.09685432E-01
   501.6000       1.02180534E-01       1.09747718E-01
   501.7000       1.02273924E-01       1.09818162E-01
   501.8000       1.02376009E-01       1.09896277E-01
   501.9000       1.02485590E-01       1.09981503E-01
   502.0000       1.02601460E-01       1.10073242E-01
   502.1000       1.02722452E-01       1.10170893E-01
   502.2000       1.02847485E-01       1.10273884E-01
   502.3000       1.02975602E-01       1.10381701E-01
   502.4000       1.03106011E-01       1.10493917E-01
   502.5000       1.03238114E-01       1.10610213E-01
   502.6000       1.03371533E-01       1.10730400E-01
   502.7000       1.03506126E-01       1.10854426E-01
   502.8000       1.03641999E-01       1.10982389E-01
   502.9000       1.03779505E-01       1.11114536E-01
   503.0000       1.03919238E-01       1.11251256E-01
   503.1000       1.04062021E-01       1.11393075E-01
   503.2000       1.04208875E-01       1.11540637E-01
   503.3000       1.04360993E-01       1.11694679E-01
   503.4000       1.04519696E-01       1.11856007E-01
   503.5000       1.04686390E-01       1.12025462E-01
   503.6000       1.04862508E-01       1.12203885E-01
   503.7000       1.05049453E-01       1.12392075E-01
   503.8000       1.05248540E-01       1.12590748E-01
   503.9000       1.05460927E-01       1.12800497E-01
   504.0000       1.05687558E-01       1.13021744E-01
   504.1000       1.05929100E-01       1.13254707E-01
   504.2000       1.06185885E-01       1.13499358E-01
   504.3000       1.06457871E-01       1.13755395E-01
   504.4000       1.06744596E-01       1.14022219E-01
   504.5000       1.07045158E-01       1.14298916E-01
   504.6000       1.07358201E-01       1.14584255E-01
   504.7000       1.07681920E-01       1.14876693E-01
   504.8000       1.08014080E-01       1.15174387E-01
   504.9000       1.08352058E-01       1.15475231E-01
   505.0000       1.08692886E-01       1.15776888E-01
   505.1000       1.09033327E-01       1.16076845E-01
   505.2000       1.09369951E-01       1.16372470E-01
   505.3000       1.09699223E-01       1.16661077E-01
   505.4000       1.10017605E-01       1.16940000E-01
   505.5000       1.10321649E-01       1.17206666E-01
   505.6000       1.10608100E-01       1.17458665E-01
   505.7000       1.10873986E-01       1.17693825E-01
   505.8000       1.11116709E-01       1.17910271E-01
   505.9000       1.11334113E-01       1.18106481E-01
   506.0000       1.11524549E-01       1.18281328E-01
   506.1000       1.11686912E-01       1.18434112E-01
   506.2000       1.11820667E-01       1.18564569E-01
   506.3000       1.11925856E-01       1.18672872E-01
   506.4000       1.12003080E-01       1.18759618E-01
   506.5000       1.12053471E-01       1.18825789E-01
   506.6000       1.12078642E-01       1.18872713E-01
   506.7000       1.12080622E-01       1.18902010E-01
   506.8000       1.12061789E-01       1.18915527E-01
   506.9000       1.12024781E-01       1.18915272E-01
   507.0000       1.11972417E-01       1.18903347E-01
   507.1000       1.11907601E-01       1.18881883E-01
   507.2000       1.11833246E-01       1.18852971E-01
   507.3000       1.11752186E-01       1.18818614E-01
   507.4000       1.11667109E-01       1.18780675E-01
   507.5000       1.11580487E-01       1.18740838E-01
   507.6000       1.11494531E-01       1.18700580E-01
   507.7000       1.11411149E-01       1.18661151E-01
   507.8000       1.11331917E-01       1.18623563E-01
   507.9000       1.11258068E-01       1.18588592E-01
   508.0000       1.11190483E-01       1.18556776E-01
   508.1000       1.11129705E-01       1.18528436E-01
   508.2000       1.11075949E-01       1.18503686E-01
   508.3000       1.11029130E-01       1.18482460E-01
   508.4000       1.10988887E-01       1.18464531E-01
   508.5000       1.10954623E-01       1.18449539E-01
   508.6000       1.10925534E-01       1.18437016E-01
   508.7000       1.10900648E-01       1.18426411E-01
   508.8000       1.10878862E-01       1.18417116E-01
   508.9000       1.10858978E-01       1.18408486E-01
   509.0000       1.10839734E-01       1.18399861E-01
   509.1000       1.10819837E-01       1.18390583E-01
   509.2000       1.10797991E-01       1.18380014E-01
   509.3000       1.10772923E-01       1.18367548E-01
   509.4000       1.10743410E-01       1.18352623E-01
   509.5000       1.10708296E-01       1.18334732E-01
   509.6000       1.10666517E-01       1.18313432E-01
   509.7000       1.10617122E-01       1.18288353E-01
   509.8000       1.10559286E-01       1.18259204E-01
   509.9000       1.10492337E-01       1.18225786E-01
   510.0000       1.10415775E-01       1.18187999E-01
   510.1000       1.10329292E-01       1.18145851E-01
   510.2000       1.10232797E-01       1.18099477E-01
   510.3000       1.10126443E-01       1.18049146E-01
   510.4000       1.10010651E-01       1.17995279E-01
   510.5000       1.09886138E-01       1.17938461E-01
   510.6000       1.09753947E-01       1.17879462E-01
   510.7000       1.09615468E-01       1.17819245E-01
   510.8000       1.09472459E-01       1.17758978E-01
   510.9000       1.09327063E-01       1.17700043E-01
   511.0000       1.09181812E-01       1.17644036E-01
   511.1000       1.09039617E-01       1.17592758E-01
   511.2000       1.08903744E-01       1.17548202E-01
   511.3000       1.08777776E-01       1.17512523E-01
   511.4000       1.08665542E-01       1.17488005E-01
   511.5000       1.08571042E-01       1.17477009E-01
   511.6000       1.08498340E-01       1.17481916E-01
   511.7000       1.08451442E-01       1.17505059E-01
   511.8000       1.08434170E-01       1.17548652E-01
   511.9000       1.08450021E-01       1.17614713E-01
   512.0000       1.08502038E-01       1.17704994E-01
   512.1000       1.08592691E-01       1.17820913E-01
   512.2000       1.08723776E-01       1.17963496E-01
   512.3000       1.08896343E-01       1.18133340E-01
   512.4000       1.09110656E-01       1.18330581E-01
   512.5000       1.09366192E-01       1.18554894E-01
   512.6000       1.09661662E-01       1.18805495E-01
   512.7000       1.09995075E-01       1.19081175E-01
   512.8000       1.10363818E-01       1.19380337E-01
   512.9000       1.10764751E-01       1.19701052E-01
   513.0000       1.11194325E-01       1.20041113E-01
   513.1000       1.11648685E-01       1.20398102E-01
   513.2000       1.12123786E-01       1.20769451E-01
   513.3000       1.12615488E-01       1.21152501E-01
   513.4000       1.13119649E-01       1.21544557E-01
   513.5000       1.13632194E-01       1.21942938E-01
   513.6000       1.14149183E-01       1.22345010E-01
   513.7000       1.14666852E-01       1.22748230E-01
   513.8000       1.15181651E-01       1.23150161E-01
   513.9000       1.15690262E-01       1.23548495E-01
   514.0000       1.16189619E-01       1.23941070E-01
   514.1000       1.16676905E-01       1.24325872E-01
   514.2000       1.17149563E-01       1.24701045E-01
   514.3000       1.17605285E-01       1.25064892E-01
   514.4000       1.18042006E-01       1.25415872E-01
   514.5000       1.18457900E-01       1.25752606E-01
   514.6000       1.18851371E-01       1.26073868E-01
   514.7000       1.19221042E-01       1.26378588E-01
   514.8000       1.19565748E-01       1.26665848E-01
   514.9000       1.19884535E-01       1.26934880E-01
   515.0000       1.20176648E-01       1.27185066E-01
   515.1000       1.20441530E-01       1.27415937E-01
   515.2000       1.20678819E-01       1.27627170E-01
   515.3000       1.20888348E-01       1.27818594E-01
   515.4000       1.21070144E-01       1.27990181E-01
   515.5000       1.21224426E-01       1.28142057E-01
   515.6000       1.21351609E-01       1.28274491E-01
   515.7000       1.21452304E-01       1.28387905E-01
   515.8000       1.21527314E-01       1.28482861E-01
   515.9000       1.21577637E-01       1.28560069E-01
   516.0000       1.21604461E-01       1.28620371E-01
   516.1000       1.21609150E-01       1.28664740E-01
   516.2000       1.21593240E-01       1.28694264E-01
   516.3000       1.21558414E-01       1.28710128E-01
   516.4000       1.21506479E-01       1.28713598E-01
   516.5000       1.21439330E-01       1.28705985E-01
   516.6000       1.21358912E-01       1.28688620E-01
   516.7000       1.21267165E-01       1.28662812E-01
   516.8000       1.21165971E-01       1.28629802E-01
   516.9000       1.21057088E-01       1.28590724E-01
   517.0000       1.20942088E-01       1.28546551E-01
   517.1000       1.20822295E-01       1.28498059E-01
   517.2000       1.20698733E-01       1.28445786E-01
   517.3000       1.20572088E-01       1.28390011E-01
   517.4000       1.20442685E-01       1.28330738E-01
   517.5000       1.20310495E-01       1.28267707E-01
   517.6000       1.20175160E-01       1.28200417E-01
   517.7000       1.20036049E-01       1.28128170E-01
   517.8000       1.19892331E-01       1.28050130E-01
   517.9000       1.19743064E-01       1.27965395E-01
   518.0000       1.19587288E-01       1.27873071E-01
   518.1000       1.19424123E-01       1.27772349E-01
   518.2000       1.19252852E-01       1.27662575E-01
   518.3000       1.19072987E-01       1.27543308E-01
   518.4000       1.18884325E-01       1.27414360E-01
   518.5000       1.18686969E-01       1.27275822E-01
   518.6000       1.18481337E-01       1.27128078E-01
   518.7000       1.18268150E-01       1.26971788E-01
   518.8000       1.18048408E-01       1.26807879E-01
   518.9000       1.17823349E-01       1.26637507E-01
   519.0000       1.17594408E-01       1.26462023E-01
   519.1000       1.17363172E-01       1.26282936E-01
   519.2000       1.17131336E-01       1.26101868E-01
   519.3000       1.16900660E-01       1.25920516E-01
   519.4000       1.16672934E-01       1.25740617E-01
   519.5000       1.16449944E-01       1.25563913E-01
   519.6000       1.16233448E-01       1.25392126E-01
   519.7000       1.16025160E-01       1.25226935E-01
   519.8000       1.15826732E-01       1.25069959E-01
   519.9000       1.15639748E-01       1.24922741E-01
   520.0000       1.15465724E-01       1.24786748E-01
   520.1000       1.15306105E-01       1.24663361E-01
   520.2000       1.15162277E-01       1.24553880E-01
   520.3000       1.15035569E-01       1.24459526E-01
   520.4000       1.14927271E-01       1.24381448E-01
   520.5000       1.14838645E-01       1.24320736E-01
   520.6000       1.14770941E-01       1.24278430E-01
   520.7000       1.14725415E-01       1.24255533E-01
   520.8000       1.14703343E-01       1.24253027E-01
   520.9000       1.14706036E-01       1.24271884E-01
   521.0000       1.14734855E-01       1.24313084E-01
   521.1000       1.14791217E-01       1.24377617E-01
   521.2000       1.14876602E-01       1.24466502E-01
   521.3000       1.14992546E-01       1.24580783E-01
   521.4000       1.15140634E-01       1.24721528E-01
   521.5000       1.15322473E-01       1.24889825E-01
   521.6000       1.15539665E-01       1.25086758E-01
   521.7000       1.15793752E-01       1.25313384E-01
   521.8000       1.16086165E-01       1.25570691E-01
   521.9000       1.16418138E-01       1.25859549E-01
   522.0000       1.16790631E-01       1.26180648E-01
   522.1000       1.17204227E-01       1.26534425E-01
   522.2000       1.17659028E-01       1.26920980E-01
   522.3000       1.18154568E-01       1.27339997E-01
   522.4000       1.18689702E-01       1.27790638E-01
   522.5000       1.19262524E-01       1.28271458E-01
   522.6000       1.19870299E-01       1.28780322E-01
   522.7000       1.20509439E-01       1.29314360E-01
   522.8000       1.21175510E-01       1.29869959E-01
   522.9000       1.21863279E-01       1.30442718E-01
   523.0000       1.22566813E-01       1.31027489E-01
   523.1000       1.23279601E-01       1.31618517E-01
   523.2000       1.23994730E-01       1.32209540E-01
   523.3000       1.24705046E-01       1.32793938E-01
   523.4000       1.25403366E-01       1.33364938E-01
   523.5000       1.26082670E-01       1.33915799E-01
   523.6000       1.26736265E-01       1.34440036E-01
   523.7000       1.27357941E-01       1.34931499E-01
   523.8000       1.27942080E-01       1.35384567E-01
   523.9000       1.28483732E-01       1.35794242E-01
   524.0000       1.28978645E-01       1.36156269E-01
   524.1000       1.29423266E-01       1.36467108E-01
   524.2000       1.29814712E-01       1.36723905E-01
   524.3000       1.30150717E-01       1.36924389E-01
   524.4000       1.30429554E-01       1.37067287E-01
   524.5000       1.30649951E-01       1.37151607E-01
   524.6000       1.30810983E-01       1.37176862E-01
   524.7000       1.30912007E-01       1.37143199E-01
   524.8000       1.30952560E-01       1.37050986E-01
   524.9000       1.30932296E-01       1.36900901E-01
   525.0000       1.30850921E-01       1.36693946E-01
   525.1000       1.30708115E-01       1.36431293E-01
   525.2000       1.30503510E-01       1.36114227E-01
   525.3000       1.30236628E-01       1.35744193E-01
   525.4000       1.29906924E-01       1.35322889E-01
   525.5000       1.29513704E-01       1.34851883E-01
   525.6000       1.29056218E-01       1.34333162E-01
   525.7000       1.28533600E-01       1.33768412E-01
   525.8000       1.27945000E-01       1.33159876E-01
   525.9000       1.27289578E-01       1.32509690E-01
   526.0000       1.26566628E-01       1.31820464E-01
   526.1000       1.25775610E-01       1.31094745E-01
   526.2000       1.24916256E-01       1.30335304E-01
   526.3000       1.23988736E-01       1.29545242E-01
   526.4000       1.22993701E-01       1.28727531E-01
   526.5000       1.21932460E-01       1.27885560E-01
   526.6000       1.20807142E-01       1.27023072E-01
   526.7000       1.19620653E-01       1.26143738E-01
   526.8000       1.18377102E-01       1.25252188E-01
   526.9000       1.17081368E-01       1.24352640E-01
   527.0000       1.15739539E-01       1.23449883E-01
   527.1000       1.14358749E-01       1.22548703E-01
   527.2000       1.12947018E-01       1.21653838E-01
   527.3000       1.11513053E-01       1.20769704E-01
   527.4000       1.10066306E-01       1.19900922E-01
   527.5000       1.08616447E-01       1.19051526E-01
   527.6000       1.07173337E-01       1.18225343E-01
   527.7000       1.05746599E-01       1.17425667E-01
   527.8000       1.04345529E-01       1.16655330E-01
   527.9000       1.02978427E-01       1.15916198E-01
   528.0000       1.01652906E-01       1.15209648E-01
   528.1000       1.00375212E-01       1.14536097E-01
   528.2000       9.91504785E-02       1.13895370E-01
   528.3000       9.79825413E-02       1.13286702E-01
   528.4000       9.68741372E-02       1.12708866E-01
   528.5000       9.58267155E-02       1.12160182E-01
   528.6000       9.48407336E-02       1.11638629E-01
   528.7000       9.39156707E-02       1.11141970E-01
   528.8000       9.30499368E-02       1.10667546E-01
   528.9000       9.22416054E-02       1.10212915E-01
   529.0000       9.14879701E-02       1.09775359E-01
   529.1000       9.07859976E-02       1.09352229E-01
   529.2000       9.01323760E-02       1.08940944E-01
   529.3000       8.95237455E-02       1.08539073E-01
   529.4000       8.89566200E-02       1.08144383E-01
   529.5000       8.84275771E-02       1.07754765E-01
   529.6000       8.79332185E-02       1.07368269E-01
   529.7000       8.74704258E-02       1.06983260E-01
   529.8000       8.70360369E-02       1.06598153E-01
   529.9000       8.66272037E-02       1.06211604E-01
   530.0000       8.62412690E-02       1.05822483E-01
   530.1000       8.58757820E-02       1.05429831E-01
   530.2000       8.55285057E-02       1.05032912E-01
   530.3000       8.51975344E-02       1.04631214E-01
   530.4000       8.48812083E-02       1.04224461E-01
   530.5000       8.45780429E-02       1.03812567E-01
   530.6000       8.42868718E-02       1.03395636E-01
   530.7000       8.40067746E-02       1.02974017E-01
   530.8000       8.37370767E-02       1.02548284E-01
   530.9000       8.34772450E-02       1.02119090E-01
   531.0000       8.32270210E-02       1.01687305E-01
   531.1000       8.29862805E-02       1.01253933E-01
   531.2000       8.27550306E-02       1.00820040E-01
   531.3000       8.25334433E-02       1.00386841E-01
   531.4000       8.23217830E-02       9.99556012E-02
   531.5000       8.21203478E-02       9.95275805E-02
   531.6000       8.19295583E-02       9.91041296E-02
   531.7000       8.17498429E-02       9.86865694E-02
   531.8000       8.15816240E-02       9.82761707E-02
   531.9000       8.14252968E-02       9.78741503E-02
   532.0000       8.12812439E-02       9.74816940E-02
   532.1000       8.11498015E-02       9.70998800E-02
   532.2000       8.10312453E-02       9.67296793E-02
   532.3000       8.09256639E-02       9.63718669E-02
   532.4000       8.08331200E-02       9.60271307E-02
   532.5000       8.07535292E-02       9.56960102E-02
   532.6000       8.06867894E-02       9.53789501E-02
   532.7000       8.06326485E-02       9.50762092E-02
   532.8000       8.05907744E-02       9.47879473E-02
   532.9000       8.05606534E-02       9.45141260E-02
   533.0000       8.05418631E-02       9.42546885E-02
   533.1000       8.05337714E-02       9.40093996E-02
   533.2000       8.05358386E-02       9.37780290E-02
   533.3000       8.05473591E-02       9.35601654E-02
   533.4000       8.05676405E-02       9.33553811E-02
   533.5000       8.05960062E-02       9.31631882E-02
   533.6000       8.06317730E-02       9.29830740E-02
   533.7000       8.06742049E-02       9.28144270E-02
   533.8000       8.07227044E-02       9.26567429E-02
   533.9000       8.07766062E-02       9.25094233E-02
   534.0000       8.08353430E-02       9.23718987E-02
   534.1000       8.08983947E-02       9.22436567E-02
   534.2000       8.09653076E-02       9.21242114E-02
   534.3000       8.10356498E-02       9.20130752E-02
   534.4000       8.11090927E-02       9.19098410E-02
   534.5000       8.11853322E-02       9.18141272E-02
   534.6000       8.12641769E-02       9.17256378E-02
   534.7000       8.13454514E-02       9.16440955E-02
   534.8000       8.14290672E-02       9.15692459E-02
   534.9000       8.15149583E-02       9.15009194E-02
   535.0000       8.16031421E-02       9.14389736E-02
   535.1000       8.16935894E-02       9.13832428E-02
   535.2000       8.17863892E-02       9.13336825E-02
   535.3000       8.18815836E-02       9.12902069E-02
   535.4000       8.19792877E-02       9.12527876E-02
   535.5000       8.20796225E-02       9.12214119E-02
   535.6000       8.21826974E-02       9.11960678E-02
   535.7000       8.22886208E-02       9.11767584E-02
   535.8000       8.23974629E-02       9.11634485E-02
   535.9000       8.25094009E-02       9.11562113E-02
   536.0000       8.26244550E-02       9.11549422E-02
   536.1000       8.27427136E-02       9.11596393E-02
   536.2000       8.28642468E-02       9.11702605E-02
   536.3000       8.29890584E-02       9.11867262E-02
   536.4000       8.31171503E-02       9.12089530E-02
   536.5000       8.32485553E-02       9.12368805E-02
   536.6000       8.33832514E-02       9.12704049E-02
   536.7000       8.35211970E-02       9.13094103E-02
   536.8000       8.36623037E-02       9.13537017E-02
   536.9000       8.38065983E-02       9.14032555E-02
   537.0000       8.39540177E-02       9.14579290E-02
   537.1000       8.41044845E-02       9.15175607E-02
   537.2000       8.42578898E-02       9.15820106E-02
   537.3000       8.44141716E-02       9.16511478E-02
   537.4000       8.45732962E-02       9.17248817E-02
   537.5000       8.47352256E-02       9.18031252E-02
   537.6000       8.48998911E-02       9.18858010E-02
   537.7000       8.50672933E-02       9.19728467E-02
   537.8000       8.52373758E-02       9.20641790E-02
   537.9000       8.54101254E-02       9.21597805E-02
   538.0000       8.55855313E-02       9.22596407E-02
   538.1000       8.57635575E-02       9.23637360E-02
   538.2000       8.59441577E-02       9.24720245E-02
   538.3000       8.61273638E-02       9.25845717E-02
   538.4000       8.63130946E-02       9.27013096E-02
   538.5000       8.65013064E-02       9.28222361E-02
   538.6000       8.66919651E-02       9.29473484E-02
   538.7000       8.68849028E-02       9.30765539E-02
   538.8000       8.70799920E-02       9.32097650E-02
   538.9000       8.72770895E-02       9.33469124E-02
   539.0000       8.74758882E-02       9.34877372E-02
   539.1000       8.76761733E-02       9.36320982E-02
   539.2000       8.78776396E-02       9.37798369E-02
   539.3000       8.80799020E-02       9.39306289E-02
   539.4000       8.82825784E-02       9.40841925E-02
   539.5000       8.84851792E-02       9.42401187E-02
   539.6000       8.86872608E-02       9.43980404E-02
   539.7000       8.88883018E-02       9.45575336E-02
   539.8000       8.90876511E-02       9.47180710E-02
   539.9000       8.92847777E-02       9.48792075E-02
   540.0000       8.94790627E-02       9.50404074E-02
   540.1000       8.96699823E-02       9.52012725E-02
   540.2000       8.98567935E-02       9.53611440E-02
   540.3000       9.00389500E-02       9.55195479E-02
   540.4000       9.02158638E-02       9.56759247E-02
   540.5000       9.03870186E-02       9.58298556E-02
   540.6000       9.05518905E-02       9.59808550E-02
   540.7000       9.07098688E-02       9.61283505E-02
   540.8000       9.08606431E-02       9.62720767E-02
   540.9000       9.10037545E-02       9.64115757E-02
   541.0000       9.11388412E-02       9.65465429E-02
   541.1000       9.12655418E-02       9.66766317E-02
   541.2000       9.13836211E-02       9.68016285E-02
   541.3000       9.14928265E-02       9.69212233E-02
   541.4000       9.15928921E-02       9.70351715E-02
   541.5000       9.16835484E-02       9.71432030E-02
   541.6000       9.17644985E-02       9.72450721E-02
   541.7000       9.18355666E-02       9.73405813E-02
   541.8000       9.18964977E-02       9.74295505E-02
   541.9000       9.19469554E-02       9.75116603E-02
   542.0000       9.19865856E-02       9.75866440E-02
   542.1000       9.20149504E-02       9.76541077E-02
   542.2000       9.20316408E-02       9.77137771E-02
   542.3000       9.20362373E-02       9.77653618E-02
   542.4000       9.20282469E-02       9.78084731E-02
   542.5000       9.20069701E-02       9.78424665E-02
   542.6000       9.19719145E-02       9.78670372E-02
   542.7000       9.19226185E-02       9.78818233E-02
   542.8000       9.18585501E-02       9.78863716E-02
   542.9000       9.17790985E-02       9.78801532E-02
   543.0000       9.16839152E-02       9.78628386E-02
   543.1000       9.15727015E-02       9.78341946E-02
   543.2000       9.14455155E-02       9.77941586E-02
   543.3000       9.13022312E-02       9.77425264E-02
   543.4000       9.11430382E-02       9.76792238E-02
   543.5000       9.09683294E-02       9.76043992E-02
   543.6000       9.07787680E-02       9.75184011E-02
   543.7000       9.05750859E-02       9.74214359E-02
   543.8000       9.03582926E-02       9.73140694E-02
   543.9000       9.01296960E-02       9.71970584E-02
   544.0000       8.98907057E-02       9.70711393E-02
   544.1000       8.96428585E-02       9.69372452E-02
   544.2000       8.93879079E-02       9.67963882E-02
   544.3000       8.91277490E-02       9.66497939E-02
   544.4000       8.88642562E-02       9.64985521E-02
   544.5000       8.85993343E-02       9.63439535E-02
   544.6000       8.83349070E-02       9.61872675E-02
   544.7000       8.80729557E-02       9.60298288E-02
   544.8000       8.78151783E-02       9.58727533E-02
   544.9000       8.75633007E-02       9.57173155E-02
   545.0000       8.73188696E-02       9.55646463E-02
   545.1000       8.70830667E-02       9.54156800E-02
   545.2000       8.68570414E-02       9.52712826E-02
   545.3000       8.66418943E-02       9.51324492E-02
   545.4000       8.64381277E-02       9.49996584E-02
   545.5000       8.62461094E-02       9.48733176E-02
   545.6000       8.60663301E-02       9.47538955E-02
   545.7000       8.58986759E-02       9.46415218E-02
   545.8000       8.57429886E-02       9.45362317E-02
   545.9000       8.55989256E-02       9.44378438E-02
   546.0000       8.54658861E-02       9.43460849E-02
   546.1000       8.53434031E-02       9.42606721E-02
   546.2000       8.52307217E-02       9.41812413E-02
   546.3000       8.51269824E-02       9.41072098E-02
   546.4000       8.50314260E-02       9.40380535E-02
   546.5000       8.49432429E-02       9.39731845E-02
   546.6000       8.48615117E-02       9.39119389E-02
   546.7000       8.47853822E-02       9.38537348E-02
   546.8000       8.47140792E-02       9.37979548E-02
   546.9000       8.46468207E-02       9.37439645E-02
   547.0000       8.45828212E-02       9.36911459E-02
   547.1000       8.45214865E-02       9.36390768E-02
   547.2000       8.44623105E-02       9.35873008E-02
   547.3000       8.44048034E-02       9.35354121E-02
   547.4000       8.43484530E-02       9.34829694E-02
   547.5000       8.42930060E-02       9.34297848E-02
   547.6000       8.42380029E-02       9.33754218E-02
   547.7000       8.41833590E-02       9.33197972E-02
   547.8000       8.41287946E-02       9.32627011E-02
   547.9000       8.40741431E-02       9.32039425E-02
   548.0000       8.40192841E-02       9.31434175E-02
   548.1000       8.39641602E-02       9.30810707E-02
   548.2000       8.39087633E-02       9.30168613E-02
   548.3000       8.38530587E-02       9.29507711E-02
   548.4000       8.37970549E-02       9.28827973E-02
   548.5000       8.37407590E-02       9.28129867E-02
   548.6000       8.36842692E-02       9.27413454E-02
   548.7000       8.36275854E-02       9.26679281E-02
   548.8000       8.35707926E-02       9.25927777E-02
   548.9000       8.35139826E-02       9.25160075E-02
   549.0000       8.34573300E-02       9.24377931E-02
   549.1000       8.34009099E-02       9.23582103E-02
   549.2000       8.33449432E-02       9.22774564E-02
   549.3000       8.32895589E-02       9.21957255E-02
   549.4000       8.32349049E-02       9.21131675E-02
   549.5000       8.31813120E-02       9.20301214E-02
   549.6000       8.31289170E-02       9.19467396E-02
   549.7000       8.30780392E-02       9.18634231E-02
   549.8000       8.30289757E-02       9.17804683E-02
   549.9000       8.29820566E-02       9.16983125E-02
   550.0000       8.29376111E-02       9.16173211E-02
   550.1000       8.28960255E-02       9.15380192E-02
   550.2000       8.28576953E-02       9.14608986E-02
   550.3000       8.28230152E-02       9.13864566E-02
   550.4000       8.27924620E-02       9.13152900E-02
   550.5000       8.27663432E-02       9.12479223E-02
   550.6000       8.27452174E-02       9.11849864E-02
   550.7000       8.27294818E-02       9.11270900E-02
   550.8000       8.27195458E-02       9.10747742E-02
   550.9000       8.27158071E-02       9.10286402E-02
   551.0000       8.27186527E-02       9.09891976E-02
   551.1000       8.27284276E-02       9.09569706E-02
   551.2000       8.27454512E-02       9.09324182E-02
   551.3000       8.27699840E-02       9.09159873E-02
   551.4000       8.28022093E-02       9.09079741E-02
   551.5000       8.28422900E-02       9.09086847E-02
   551.6000       8.28903372E-02       9.09183606E-02
   551.7000       8.29463705E-02       9.09371592E-02
   551.8000       8.30103468E-02       9.09651264E-02
   551.9000       8.30821896E-02       9.10022433E-02
   552.0000       8.31617079E-02       9.10484111E-02
   552.1000       8.32486933E-02       9.11034703E-02
   552.2000       8.33428914E-02       9.11672798E-02
   552.3000       8.34439719E-02       9.12394904E-02
   552.4000       8.35514987E-02       9.13196729E-02
   552.5000       8.36650436E-02       9.14074826E-02
   552.6000       8.37841947E-02       9.15024468E-02
   552.7000       8.39084032E-02       9.16040082E-02
   552.8000       8.40371698E-02       9.17116797E-02
   552.9000       8.41699352E-02       9.18247969E-02
   553.0000       8.43061843E-02       9.19428131E-02
   553.1000       8.44453408E-02       9.20651142E-02
   553.2000       8.45867918E-02       9.21909646E-02
   553.3000       8.47300164E-02       9.23197866E-02
   553.4000       8.48744514E-02       9.24509617E-02
   553.5000       8.50194128E-02       9.25836448E-02
   553.6000       8.51644439E-02       9.27173196E-02
   553.7000       8.53088900E-02       9.28511625E-02
   553.8000       8.54521336E-02       9.29844874E-02
   553.9000       8.55936767E-02       9.31166457E-02
   554.0000       8.57328003E-02       9.32468271E-02
   554.1000       8.58691132E-02       9.33744791E-02
   554.2000       8.60019081E-02       9.34987929E-02
   554.3000       8.61306086E-02       9.36191136E-02
   554.4000       8.62547236E-02       9.37348133E-02
   554.5000       8.63735542E-02       9.38450824E-02
   554.6000       8.64867049E-02       9.39494669E-02
   554.7000       8.65935620E-02       9.40472367E-02
   554.8000       8.66936540E-02       9.41378400E-02
   554.9000       8.67864918E-02       9.42207227E-02
   555.0000       8.68715817E-02       9.42953347E-02
   555.1000       8.69486163E-02       9.43612962E-02
   555.2000       8.70170808E-02       9.44180880E-02
   555.3000       8.70767867E-02       9.44654321E-02
   555.4000       8.71273663E-02       9.45029951E-02
   555.5000       8.71686276E-02       9.45305424E-02
   555.6000       8.72003822E-02       9.45478642E-02
   555.7000       8.72225486E-02       9.45548974E-02
   555.8000       8.72351006E-02       9.45516525E-02
   555.9000       8.72381200E-02       9.45382014E-02
   556.0000       8.72315882E-02       9.45145429E-02
   556.1000       8.72158689E-02       9.44810964E-02
   556.2000       8.71911198E-02       9.44380285E-02
   556.3000       8.71577834E-02       9.43858175E-02
   556.4000       8.71162401E-02       9.43249213E-02
   556.5000       8.70669116E-02       9.42557938E-02
   556.6000       8.70101596E-02       9.41788784E-02
   556.7000       8.69466917E-02       9.40949261E-02
   556.8000       8.68769798E-02       9.40045433E-02
   556.9000       8.68015239E-02       9.39083364E-02
   557.0000       8.67208964E-02       9.38070117E-02
   557.1000       8.66356257E-02       9.37011945E-02
   557.2000       8.65462691E-02       9.35916206E-02
   557.3000       8.64533260E-02       9.34789660E-02
   557.4000       8.63573605E-02       9.33639133E-02
   557.5000       8.62587076E-02       9.32470200E-02
   557.6000       8.61579216E-02       9.31290569E-02
   557.7000       8.60553271E-02       9.30104918E-02
   557.8000       8.59513395E-02       9.28919607E-02
   557.9000       8.58462855E-02       9.27739852E-02
   558.0000       8.57405132E-02       9.26570820E-02
   558.1000       8.56342668E-02       9.25416258E-02
   558.2000       8.55278372E-02       9.24280175E-02
   558.3000       8.54214722E-02       9.23166656E-02
   558.4000       8.53154482E-02       9.22078976E-02
   558.5000       8.52100179E-02       9.21019731E-02
   558.6000       8.51054029E-02       9.19991635E-02
   558.7000       8.50019248E-02       9.18997064E-02
   558.8000       8.48997658E-02       9.18037105E-02
   558.9000       8.47992590E-02       9.17114270E-02
   559.0000       8.47007356E-02       9.16229753E-02
   559.1000       8.46044887E-02       9.15384730E-02
   559.2000       8.45108204E-02       9.14579788E-02
   559.3000       8.44201768E-02       9.13817127E-02
   559.4000       8.43328035E-02       9.13096543E-02
   559.5000       8.42491795E-02       9.12419232E-02
   559.6000       8.41695482E-02       9.11784688E-02
   559.7000       8.40943051E-02       9.11193952E-02
   559.8000       8.40236696E-02       9.10646379E-02
   559.9000       8.39581166E-02       9.10143036E-02
   560.0000       8.38977170E-02       9.09682209E-02
   560.1000       8.38427971E-02       9.09264643E-02
   560.2000       8.37934555E-02       9.08888824E-02
   560.3000       8.37498529E-02       9.08554251E-02
   560.4000       8.37119006E-02       9.08258592E-02
   560.5000       8.36796553E-02       9.08001337E-02
   560.6000       8.36528986E-02       9.07779238E-02
   560.7000       8.36315263E-02       9.07591372E-02
   560.8000       8.36152634E-02       9.07434588E-02
   560.9000       8.36038584E-02       9.07307183E-02
   561.0000       8.35968997E-02       9.07205926E-02
   561.1000       8.35939893E-02       9.07128218E-02
   561.2000       8.35945918E-02       9.07070126E-02
   561.3000       8.35982392E-02       9.07029189E-02
   561.4000       8.36043564E-02       9.07002143E-02
   561.5000       8.36124340E-02       9.06986097E-02
   561.6000       8.36218861E-02       9.06977551E-02
   561.7000       8.36321070E-02       9.06973636E-02
   561.8000       8.36424942E-02       9.06971138E-02
   561.9000       8.36524576E-02       9.06967077E-02
   562.0000       8.36614716E-02       9.06958767E-02
   562.1000       8.36690021E-02       9.06944347E-02
   562.2000       8.36744121E-02       9.06919904E-02
   562.3000       8.36772575E-02       9.06883812E-02
   562.4000       8.36771055E-02       9.06834695E-02
   562.5000       8.36734731E-02       9.06770108E-02
   562.6000       8.36659459E-02       9.06688317E-02
   562.7000       8.36541223E-02       9.06587211E-02
   562.8000       8.36376363E-02       9.06465444E-02
   562.9000       8.36161380E-02       9.06321240E-02
   563.0000       8.35893737E-02       9.06153229E-02
   563.1000       8.35569686E-02       9.05959350E-02
   563.2000       8.35187001E-02       9.05738587E-02
   563.3000       8.34744042E-02       9.05490537E-02
   563.4000       8.34238055E-02       9.05212825E-02
   563.5000       8.33667546E-02       9.04905009E-02
   563.6000       8.33030735E-02       9.04565005E-02
   563.7000       8.32326500E-02       9.04192301E-02
   563.8000       8.31553335E-02       9.03785444E-02
   563.9000       8.30710716E-02       9.03343421E-02
   564.0000       8.29797584E-02       9.02864952E-02
   564.1000       8.28814040E-02       9.02349773E-02
   564.2000       8.27759405E-02       9.01796248E-02
   564.3000       8.26635658E-02       9.01205579E-02
   564.4000       8.25443856E-02       9.00577525E-02
   564.5000       8.24186442E-02       8.99913293E-02
   564.6000       8.22865576E-02       8.99213251E-02
   564.7000       8.21482994E-02       8.98478327E-02
   564.8000       8.20043125E-02       8.97710242E-02
   564.9000       8.18550164E-02       8.96911513E-02
   565.0000       8.17008995E-02       8.96084496E-02
   565.1000       8.15425113E-02       8.95232152E-02
   565.2000       8.13803960E-02       8.94357631E-02
   565.3000       8.12151699E-02       8.93464251E-02
   565.4000       8.10473661E-02       8.92554059E-02
   565.5000       8.08777123E-02       8.91631614E-02
   565.6000       8.07068293E-02       8.90700446E-02
   565.7000       8.05353459E-02       8.89762831E-02
   565.8000       8.03638686E-02       8.88822306E-02
   565.9000       8.01930457E-02       8.87882318E-02
   566.0000       8.00235109E-02       8.86945228E-02
   566.1000       7.98558255E-02       8.86014000E-02
   566.2000       7.96904488E-02       8.85089549E-02
   566.3000       7.95280193E-02       8.84175382E-02
   566.4000       7.93689394E-02       8.83272455E-02
   566.5000       7.92136528E-02       8.82382445E-02
   566.6000       7.90625470E-02       8.81506622E-02
   566.7000       7.89159134E-02       8.80644992E-02
   566.8000       7.87740442E-02       8.79798414E-02
   566.9000       7.86371788E-02       8.78966377E-02
   567.0000       7.85054810E-02       8.78149343E-02
   567.1000       7.83790898E-02       8.77347032E-02
   567.2000       7.82580412E-02       8.76558692E-02
   567.3000       7.81423235E-02       8.75782468E-02
   567.4000       7.80319439E-02       8.75018087E-02
   567.5000       7.79268265E-02       8.74263690E-02
   567.6000       7.78268718E-02       8.73518405E-02
   567.7000       7.77318879E-02       8.72780444E-02
   567.8000       7.76416886E-02       8.72047980E-02
   567.9000       7.75560094E-02       8.71319548E-02
   568.0000       7.74745495E-02       8.70593224E-02
   568.1000       7.73970662E-02       8.69867599E-02
   568.2000       7.73232576E-02       8.69141204E-02
   568.3000       7.72527742E-02       8.68412030E-02
   568.4000       7.71853245E-02       8.67679338E-02
   568.5000       7.71204985E-02       8.66941457E-02
   568.6000       7.70579834E-02       8.66197460E-02
   568.7000       7.69973788E-02       8.65446173E-02
   568.8000       7.69384091E-02       8.64687174E-02
   568.9000       7.68806567E-02       8.63919336E-02
   569.0000       7.68238178E-02       8.63142606E-02
   569.1000       7.67675106E-02       8.62355755E-02
   569.2000       7.67113890E-02       8.61558204E-02
   569.3000       7.66551336E-02       8.60750128E-02
   569.4000       7.65984048E-02       8.59930721E-02
   569.5000       7.65409267E-02       8.59100160E-02
   569.6000       7.64823037E-02       8.58257293E-02
   569.7000       7.64222150E-02       8.57401527E-02
   569.8000       7.63604070E-02       8.56532733E-02
   569.9000       7.62964967E-02       8.55649522E-02
   570.0000       7.62301556E-02       8.54751131E-02
   570.1000       7.61611358E-02       8.53837048E-02
   570.2000       7.60890440E-02       8.52905482E-02
   570.3000       7.60136449E-02       8.51955780E-02
   570.4000       7.59346607E-02       8.50986587E-02
   570.5000       7.58517792E-02       8.49996467E-02
   570.6000       7.57647101E-02       8.48983604E-02
   570.7000       7.56732041E-02       8.47947014E-02
   570.8000       7.55770258E-02       8.46884806E-02
   570.9000       7.54759064E-02       8.45795144E-02
   571.0000       7.53696774E-02       8.44676800E-02
   571.1000       7.52581550E-02       8.43528349E-02
   571.2000       7.51411354E-02       8.42348398E-02
   571.3000       7.50185508E-02       8.41135637E-02
   571.4000       7.48902644E-02       8.39888669E-02
   571.5000       7.47561164E-02       8.38605965E-02
   571.6000       7.46161101E-02       8.37287135E-02
   571.7000       7.44702383E-02       8.35931274E-02
   571.8000       7.43184260E-02       8.34537248E-02
   571.9000       7.41606417E-02       8.33104699E-02
   572.0000       7.39969674E-02       8.31633177E-02
   572.1000       7.38274112E-02       8.30122232E-02
   572.2000       7.36520368E-02       8.28571491E-02
   572.3000       7.34709630E-02       8.26981457E-02
   572.4000       7.32842320E-02       8.25351762E-02
   572.5000       7.30919505E-02       8.23682660E-02
   572.6000       7.28942969E-02       8.21975048E-02
   572.7000       7.26912934E-02       8.20228664E-02
   572.8000       7.24831496E-02       8.18444874E-02
   572.9000       7.22700088E-02       8.16624682E-02
   573.0000       7.20520438E-02       8.14768949E-02
   573.1000       7.18294917E-02       8.12879691E-02
   573.2000       7.16024753E-02       8.10957801E-02
   573.3000       7.13712920E-02       8.09005790E-02
   573.4000       7.11360930E-02       8.07025030E-02
   573.5000       7.08971728E-02       8.05018159E-02
   573.6000       7.06548045E-02       8.02987815E-02
   573.7000       7.04092710E-02       8.00937058E-02
   573.8000       7.01608780E-02       7.98868496E-02
   573.9000       6.99099028E-02       7.96785278E-02
   574.0000       6.96567266E-02       7.94691173E-02
   574.1000       6.94017339E-02       7.92590045E-02
   574.2000       6.91452181E-02       7.90484805E-02
   574.3000       6.88875324E-02       7.88379395E-02
   574.4000       6.86291123E-02       7.86278171E-02
   574.5000       6.83702767E-02       7.84184633E-02
   574.6000       6.81113936E-02       7.82102368E-02
   574.7000       6.78528267E-02       7.80035273E-02
   574.8000       6.75949361E-02       7.77986994E-02
   574.9000       6.73380948E-02       7.75961282E-02
   575.0000       6.70825894E-02       7.73961227E-02
   575.1000       6.68287730E-02       7.71990029E-02
   575.2000       6.65768815E-02       7.70050446E-02
   575.3000       6.63271513E-02       7.68144653E-02
   575.4000       6.60798609E-02       7.66275115E-02
   575.5000       6.58351921E-02       7.64443532E-02
   575.6000       6.55932683E-02       7.62651070E-02
   575.7000       6.53542142E-02       7.60898687E-02
   575.8000       6.51181718E-02       7.59187097E-02
   575.9000       6.48851218E-02       7.57515888E-02
   576.0000       6.46551538E-02       7.55884974E-02
   576.1000       6.44282096E-02       7.54293066E-02
   576.2000       6.42042001E-02       7.52738790E-02
   576.3000       6.39831117E-02       7.51220648E-02
   576.4000       6.37647615E-02       7.49735833E-02
   576.5000       6.35490147E-02       7.48281830E-02
   576.6000       6.33356849E-02       7.46855424E-02
   576.7000       6.31246064E-02       7.45453343E-02
   576.8000       6.29155480E-02       7.44071645E-02
   576.9000       6.27082809E-02       7.42706540E-02
   577.0000       6.25025572E-02       7.41353574E-02
   577.1000       6.22981740E-02       7.40008946E-02
   577.2000       6.20948881E-02       7.38668011E-02
   577.3000       6.18924335E-02       7.37326390E-02
   577.4000       6.16906610E-02       7.35980260E-02
   577.5000       6.14892903E-02       7.34624830E-02
   577.6000       6.12881983E-02       7.33256450E-02
   577.7000       6.10871309E-02       7.31870684E-02
   577.8000       6.08859426E-02       7.30463944E-02
   577.9000       6.06844736E-02       7.29032665E-02
   578.0000       6.04826250E-02       7.27573833E-02
   578.1000       6.02802615E-02       7.26084173E-02
   578.2000       6.00773648E-02       7.24561505E-02
   578.3000       5.98738964E-02       7.23003554E-02
   578.4000       5.96698265E-02       7.21408520E-02
   578.5000       5.94651242E-02       7.19774651E-02
   578.6000       5.92599038E-02       7.18101475E-02
   578.7000       5.90541444E-02       7.16387559E-02
   578.8000       5.88480384E-02       7.14633477E-02
   578.9000       5.86416254E-02       7.12838874E-02
   579.0000       5.84350843E-02       7.11004601E-02
   579.1000       5.82286218E-02       7.09131682E-02
   579.2000       5.80223805E-02       7.07221242E-02
   579.3000       5.78165503E-02       7.05274903E-02
   579.4000       5.76113640E-02       7.03294772E-02
   579.5000       5.74070674E-02       7.01282954E-02
   579.6000       5.72038545E-02       6.99242008E-02
   579.7000       5.70019911E-02       6.97174731E-02
   579.8000       5.68017154E-02       6.95084104E-02
   579.9000       5.66033216E-02       6.92973581E-02
   580.0000       5.64069989E-02       6.90846101E-02
   580.1000       5.62129849E-02       6.88705112E-02
   580.2000       5.60215185E-02       6.86554255E-02
   580.3000       5.58327599E-02       6.84396617E-02
   580.4000       5.56469484E-02       6.82236021E-02
   580.5000       5.54642393E-02       6.80075839E-02
   580.6000       5.52848008E-02       6.77919636E-02
   580.7000       5.51087691E-02       6.75770605E-02
   580.8000       5.49362915E-02       6.73632124E-02
   580.9000       5.47674227E-02       6.71506939E-02
   581.0000       5.46022469E-02       6.69397888E-02
   581.1000       5.44408314E-02       6.67307718E-02
   581.2000       5.42831776E-02       6.65238504E-02
   581.3000       5.41293128E-02       6.63192618E-02
   581.4000       5.39792091E-02       6.61171868E-02
   581.5000       5.38328304E-02       6.59177732E-02
   581.6000       5.36900680E-02       6.57211218E-02
   581.7000       5.35508634E-02       6.55273494E-02
   581.8000       5.34150731E-02       6.53364775E-02
   581.9000       5.32826194E-02       6.51485858E-02
   582.0000       5.31533147E-02       6.49636341E-02
   582.1000       5.30270032E-02       6.47815896E-02
   582.2000       5.29035215E-02       6.46024005E-02
   582.3000       5.27826658E-02       6.44259575E-02
   582.4000       5.26642363E-02       6.42521404E-02
   582.5000       5.25480482E-02       6.40808048E-02
   582.6000       5.24338899E-02       6.39117980E-02
   582.7000       5.23215681E-02       6.37449390E-02
   582.8000       5.22108522E-02       6.35800187E-02
   582.9000       5.21015757E-02       6.34168571E-02
   583.0000       5.19935490E-02       6.32552284E-02
   583.1000       5.18865959E-02       6.30949246E-02
   583.2000       5.17805564E-02       6.29357224E-02
   583.3000       5.16752726E-02       6.27774004E-02
   583.4000       5.15705951E-02       6.26197310E-02
   583.5000       5.14664175E-02       6.24625059E-02
   583.6000       5.13626570E-02       6.23055331E-02
   583.7000       5.12591864E-02       6.21485896E-02
   583.8000       5.11559204E-02       6.19914785E-02
   583.9000       5.10528201E-02       6.18340323E-02
   584.0000       5.09498507E-02       6.16761005E-02
   584.1000       5.08469817E-02       6.15175210E-02
   584.2000       5.07442045E-02       6.13581768E-02
   584.3000       5.06415120E-02       6.11979466E-02
   584.4000       5.05389471E-02       6.10367523E-02
   584.5000       5.04365151E-02       6.08745088E-02
   584.6000       5.03342936E-02       6.07111882E-02
   584.7000       5.02323445E-02       6.05467649E-02
   584.8000       5.01307456E-02       6.03812423E-02
   584.9000       5.00295683E-02       6.02146309E-02
   585.0000       4.99289205E-02       6.00469898E-02
   585.1000       4.98289004E-02       5.98783800E-02
   585.2000       4.97296133E-02       5.97088921E-02
   585.3000       4.96311745E-02       5.95386322E-02
   585.4000       4.95337025E-02       5.93677354E-02
   585.5000       4.94373166E-02       5.91963359E-02
   585.6000       4.93421280E-02       5.90245886E-02
   585.7000       4.92482697E-02       5.88526764E-02
   585.8000       4.91558527E-02       5.86807781E-02
   585.9000       4.90649906E-02       5.85090779E-02
   586.0000       4.89757907E-02       5.83377744E-02
   586.1000       4.88883609E-02       5.81670715E-02
   586.2000       4.88027923E-02       5.79971570E-02
   586.3000       4.87191911E-02       5.78282447E-02
   586.4000       4.86376140E-02       5.76605171E-02
   586.5000       4.85581503E-02       5.74941713E-02
   586.6000       4.84808588E-02       5.73293755E-02
   586.7000       4.84057923E-02       5.71663114E-02
   586.8000       4.83330056E-02       5.70051336E-02
   586.9000       4.82625104E-02       5.68459798E-02
   587.0000       4.81943475E-02       5.66889866E-02
   587.1000       4.81285157E-02       5.65342591E-02
   587.2000       4.80650247E-02       5.63818950E-02
   587.3000       4.80038725E-02       5.62319839E-02
   587.4000       4.79450353E-02       5.60845783E-02
   587.5000       4.78884892E-02       5.59397394E-02
   587.6000       4.78341964E-02       5.57974917E-02
   587.7000       4.77821108E-02       5.56578407E-02
   587.8000       4.77321872E-02       5.55207958E-02
   587.9000       4.76843656E-02       5.53863480E-02
   588.0000       4.76385681E-02       5.52544539E-02
   588.1000       4.75946911E-02       5.51250644E-02
   588.2000       4.75526705E-02       5.49981408E-02
   588.3000       4.75123967E-02       5.48736077E-02
   588.4000       4.74738069E-02       5.47513988E-02
   588.5000       4.74368129E-02       5.46314478E-02
   588.6000       4.74013355E-02       5.45136845E-02
   588.7000       4.73672844E-02       5.43980304E-02
   588.8000       4.73345857E-02       5.42844139E-02
   588.9000       4.73031732E-02       5.41727639E-02
   589.0000       4.72729646E-02       5.40629983E-02
   589.1000       4.72438900E-02       5.39550388E-02
   589.2000       4.72158748E-02       5.38488175E-02
   589.3000       4.71888555E-02       5.37442689E-02
   589.4000       4.71627859E-02       5.36413402E-02
   589.5000       4.71376126E-02       5.35399727E-02
   589.6000       4.71132836E-02       5.34401159E-02
   589.7000       4.70897732E-02       5.33417198E-02
   589.8000       4.70670296E-02       5.32447382E-02
   589.9000       4.70450335E-02       5.31491442E-02
   590.0000       4.70237638E-02       5.30549119E-02
   590.1000       4.70031820E-02       5.29620101E-02
   590.2000       4.69832803E-02       5.28704299E-02
   590.3000       4.69640383E-02       5.27801548E-02
   590.4000       4.69454288E-02       5.26911734E-02
   590.5000       4.69274533E-02       5.26034846E-02
   590.6000       4.69101075E-02       5.25170975E-02
   590.7000       4.68933882E-02       5.24320178E-02
   590.8000       4.68772929E-02       5.23482579E-02
   590.9000       4.68618050E-02       5.22658248E-02
   591.0000       4.68469491E-02       5.21847402E-02
   591.1000       4.68326979E-02       5.21050149E-02
   591.2000       4.68190631E-02       5.20266637E-02
   591.3000       4.68060476E-02       5.19497113E-02
   591.4000       4.67936517E-02       5.18741693E-02
   591.5000       4.67818583E-02       5.18000482E-02
   591.6000       4.67706858E-02       5.17273760E-02
   591.7000       4.67601161E-02       5.16561537E-02
   591.8000       4.67501424E-02       5.15863881E-02
   591.9000       4.67407857E-02       5.15180882E-02
   592.0000       4.67320184E-02       5.14512468E-02
   592.1000       4.67238397E-02       5.13858725E-02
   592.2000       4.67162328E-02       5.13219400E-02
   592.3000       4.67091919E-02       5.12594462E-02
   592.4000       4.67027123E-02       5.11983691E-02
   592.5000       4.66967627E-02       5.11386910E-02
   592.6000       4.66913392E-02       5.10803891E-02
   592.7000       4.66864158E-02       5.10234246E-02
   592.8000       4.66819805E-02       5.09677708E-02
   592.9000       4.66780011E-02       5.09133855E-02
   593.0000       4.66744695E-02       5.08602323E-02
   593.1000       4.66713545E-02       5.08082686E-02
   593.2000       4.66686323E-02       5.07574481E-02
   593.3000       4.66662581E-02       5.07077325E-02
   593.4000       4.66641873E-02       5.06590747E-02
   593.5000       4.66623722E-02       5.06114342E-02
   593.6000       4.66608047E-02       5.05647603E-02
   593.7000       4.66594405E-02       5.05190194E-02
   593.8000       4.66582667E-02       5.04741567E-02
   593.9000       4.66572633E-02       5.04301445E-02
   594.0000       4.66564108E-02       5.03869518E-02
   594.1000       4.66556661E-02       5.03445286E-02
   594.2000       4.66550616E-02       5.03028661E-02
   594.3000       4.66545570E-02       5.02619310E-02
   594.4000       4.66541376E-02       5.02217014E-02
   594.5000       4.66537639E-02       5.01821660E-02
   594.6000       4.66534327E-02       5.01433007E-02
   594.7000       4.66531574E-02       5.01051013E-02
   594.8000       4.66529004E-02       5.00675609E-02
   594.9000       4.66526992E-02       5.00306775E-02
   595.0000       4.66525630E-02       4.99944541E-02
   595.1000       4.66524987E-02       4.99588903E-02
   595.2000       4.66525016E-02       4.99239961E-02
   595.3000       4.66526098E-02       4.98897815E-02
   595.4000       4.66527837E-02       4.98562510E-02
   595.5000       4.66530175E-02       4.98234148E-02
   595.6000       4.66533518E-02       4.97912883E-02
   595.7000       4.66537672E-02       4.97598787E-02
   595.8000       4.66542873E-02       4.97292051E-02
   595.9000       4.66548861E-02       4.96992720E-02
   596.0000       4.66556109E-02       4.96701025E-02
   596.1000       4.66564477E-02       4.96417039E-02
   596.2000       4.66574020E-02       4.96140842E-02
   596.3000       4.66584973E-02       4.95872552E-02
   596.4000       4.66596887E-02       4.95612288E-02
   596.5000       4.66610031E-02       4.95360052E-02
   596.6000       4.66624606E-02       4.95115929E-02
   596.7000       4.66640588E-02       4.94880009E-02
   596.8000       4.66657756E-02       4.94652241E-02
   596.9000       4.66676151E-02       4.94432706E-02
   597.0000       4.66696028E-02       4.94221336E-02
   597.1000       4.66717444E-02       4.94018031E-02
   597.2000       4.66740785E-02       4.93822834E-02
   597.3000       4.66766000E-02       4.93635669E-02
   597.4000       4.66791973E-02       4.93456285E-02
   597.5000       4.66818267E-02       4.93284629E-02
   597.6000       4.66844421E-02       4.93120508E-02
   597.7000       4.66870759E-02       4.92963780E-02
   597.8000       4.66896649E-02       4.92814397E-02
   597.9000       4.66922093E-02       4.92672105E-02
   598.0000       4.66948068E-02       4.92536850E-02
   598.1000       4.66973352E-02       4.92408359E-02
   598.2000       4.66998415E-02       4.92286504E-02
   598.3000       4.67022513E-02       4.92171046E-02
   598.4000       4.67046175E-02       4.92061891E-02
   598.5000       4.67068707E-02       4.91958840E-02
   598.6000       4.67090690E-02       4.91861772E-02
   598.7000       4.67111997E-02       4.91770487E-02
   598.8000       4.67132071E-02       4.91684798E-02
   598.9000       4.67151164E-02       4.91604679E-02
   599.0000       4.67170387E-02       4.91530101E-02
   599.1000       4.67189637E-02       4.91460885E-02
   599.2000       4.67209123E-02       4.91396836E-02
   599.3000       4.67227760E-02       4.91337904E-02
   599.4000       4.67246301E-02       4.91283983E-02
   599.5000       4.67265938E-02       4.91235085E-02
   599.6000       4.67285244E-02       4.91191156E-02
   599.7000       4.67305239E-02       4.91152019E-02
   599.8000       4.67325280E-02       4.91117694E-02
   599.9000       4.67346791E-02       4.91088263E-02
   600.0000       4.67368608E-02       4.91063515E-02
