  2390.1000       2.22107866E-02
  2390.2000       2.22336922E-02
  2390.3000       2.22569983E-02
  2390.4000       2.22796908E-02
  2390.5000       2.23034198E-02
  2390.6000       2.23242732E-02
  2390.7000       2.23426253E-02
  2390.8000       2.23624341E-02
  2390.9000       2.23778438E-02
  2391.0000       2.23893342E-02
  2391.1000       2.23992676E-02
  2391.2000       2.24030822E-02
  2391.3000       2.23999458E-02
  2391.4000       2.23939610E-02
  2391.5000       2.23867484E-02
  2391.6000       2.23756355E-02
  2391.7000       2.23613083E-02
  2391.8000       2.23418982E-02
  2391.9000       2.23154555E-02
  2392.0000       2.22870730E-02
  2392.1000       2.22570434E-02
  2392.2000       2.22287785E-02
  2392.3000       2.22021978E-02
  2392.4000       2.21785482E-02
  2392.5000       2.21601272E-02
  2392.6000       2.21470249E-02
  2392.7000       2.21367575E-02
  2392.8000       2.21270681E-02
  2392.9000       2.21169645E-02
  2393.0000       2.21077249E-02
  2393.1000       2.21025137E-02
  2393.2000       2.21024019E-02
  2393.3000       2.21081857E-02
  2393.4000       2.21204724E-02
  2393.5000       2.21372556E-02
  2393.6000       2.21567215E-02
  2393.7000       2.21781178E-02
  2393.8000       2.22027936E-02
  2393.9000       2.22320533E-02
  2394.0000       2.22668200E-02
  2394.1000       2.23059418E-02
  2394.2000       2.23497684E-02
  2394.3000       2.23976179E-02
  2394.4000       2.24495375E-02
  2394.5000       2.25072272E-02
  2394.6000       2.25693759E-02
  2394.7000       2.26295354E-02
  2394.8000       2.26852584E-02
  2394.9000       2.27348187E-02
  2395.0000       2.27793092E-02
  2395.1000       2.28187736E-02
  2395.2000       2.28536545E-02
  2395.3000       2.28863332E-02
  2395.4000       2.29188944E-02
  2395.5000       2.29484011E-02
  2395.6000       2.29733439E-02
  2395.7000       2.29936619E-02
  2395.8000       2.30090976E-02
  2395.9000       2.30182744E-02
  2396.0000       2.30218352E-02
  2396.1000       2.30228979E-02
  2396.2000       2.30260405E-02
  2396.3000       2.30301536E-02
  2396.4000       2.30390305E-02
  2396.5000       2.30546211E-02
  2396.6000       2.30760778E-02
  2396.7000       2.31022702E-02
  2396.8000       2.31315414E-02
  2396.9000       2.31633031E-02
  2397.0000       2.31992890E-02
  2397.1000       2.32399388E-02
  2397.2000       2.32853003E-02
  2397.3000       2.33329669E-02
  2397.4000       2.33810398E-02
  2397.5000       2.34306863E-02
  2397.6000       2.34820516E-02
  2397.7000       2.35348828E-02
  2397.8000       2.35847272E-02
  2397.9000       2.36269573E-02
  2398.0000       2.36597924E-02
  2398.1000       2.36831548E-02
  2398.2000       2.36999218E-02
  2398.3000       2.37130105E-02
  2398.4000       2.37239471E-02
  2398.5000       2.37304713E-02
  2398.6000       2.37303579E-02
  2398.7000       2.37221670E-02
  2398.8000       2.37083423E-02
  2398.9000       2.36890632E-02
  2399.0000       2.36652557E-02
  2399.1000       2.36379954E-02
  2399.2000       2.36096551E-02
  2399.3000       2.35773770E-02
  2399.4000       2.35415556E-02
  2399.5000       2.35031193E-02
  2399.6000       2.34595622E-02
  2399.7000       2.34169304E-02
  2399.8000       2.33784370E-02
  2399.9000       2.33441769E-02
  2400.0000       2.33145034E-02
  2400.1000       2.32915235E-02
  2400.2000       2.32784165E-02
  2400.3000       2.32686740E-02
  2400.4000       2.32560708E-02
  2400.5000       2.32456621E-02
  2400.6000       2.32389600E-02
  2400.7000       2.32356929E-02
  2400.8000       2.32335436E-02
  2400.9000       2.32346781E-02
  2401.0000       2.32374960E-02
  2401.1000       2.32435740E-02
  2401.2000       2.32513828E-02
  2401.3000       2.32587230E-02
  2401.4000       2.32630684E-02
  2401.5000       2.32651836E-02
  2401.6000       2.32664605E-02
  2401.7000       2.32634657E-02
  2401.8000       2.32564210E-02
  2401.9000       2.32453647E-02
  2402.0000       2.32398053E-02
  2402.1000       2.32370484E-02
  2402.2000       2.32349794E-02
  2402.3000       2.32329630E-02
  2402.4000       2.32268541E-02
  2402.5000       2.32178021E-02
  2402.6000       2.32041517E-02
  2402.7000       2.31895511E-02
  2402.8000       2.31790709E-02
  2402.9000       2.31747287E-02
  2403.0000       2.31758258E-02
  2403.1000       2.31797894E-02
  2403.2000       2.31848026E-02
  2403.3000       2.31912187E-02
  2403.4000       2.31990611E-02
  2403.5000       2.32070863E-02
  2403.6000       2.32127705E-02
  2403.7000       2.32177182E-02
  2403.8000       2.32226104E-02
  2403.9000       2.32313491E-02
  2404.0000       2.32451262E-02
  2404.1000       2.32634722E-02
  2404.2000       2.32844888E-02
  2404.3000       2.33027125E-02
  2404.4000       2.33172289E-02
  2404.5000       2.33312906E-02
  2404.6000       2.33465154E-02
  2404.7000       2.33588651E-02
  2404.8000       2.33681083E-02
  2404.9000       2.33784461E-02
  2405.0000       2.33866947E-02
  2405.1000       2.33887286E-02
  2405.2000       2.33871584E-02
  2405.3000       2.33870195E-02
  2405.4000       2.33891575E-02
  2405.5000       2.33932339E-02
  2405.6000       2.34002510E-02
  2405.7000       2.34135838E-02
  2405.8000       2.34358865E-02
  2405.9000       2.34628538E-02
  2406.0000       2.34912227E-02
  2406.1000       2.35194228E-02
  2406.2000       2.35463415E-02
  2406.3000       2.35671956E-02
  2406.4000       2.35854188E-02
  2406.5000       2.36072799E-02
  2406.6000       2.36254331E-02
  2406.7000       2.36377019E-02
  2406.8000       2.36440193E-02
  2406.9000       2.36489830E-02
  2407.0000       2.36592125E-02
  2407.1000       2.36736686E-02
  2407.2000       2.36839800E-02
  2407.3000       2.36898365E-02
  2407.4000       2.36982584E-02
  2407.5000       2.37128941E-02
  2407.6000       2.37298843E-02
  2407.7000       2.37441760E-02
  2407.8000       2.37596080E-02
  2407.9000       2.37810323E-02
  2408.0000       2.38068115E-02
  2408.1000       2.38332732E-02
  2408.2000       2.38572427E-02
  2408.3000       2.38805251E-02
  2408.4000       2.39019770E-02
  2408.5000       2.39226693E-02
  2408.6000       2.39417387E-02
  2408.7000       2.39617219E-02
  2408.8000       2.39838715E-02
  2408.9000       2.40081377E-02
  2409.0000       2.40346340E-02
  2409.1000       2.40638740E-02
  2409.2000       2.40957772E-02
  2409.3000       2.41258516E-02
  2409.4000       2.41545325E-02
  2409.5000       2.41817583E-02
  2409.6000       2.42099908E-02
  2409.7000       2.42401080E-02
  2409.8000       2.42723715E-02
  2409.9000       2.43070148E-02
  2410.0000       2.43406223E-02
  2410.1000       2.43706297E-02
  2410.2000       2.43963318E-02
  2410.3000       2.44162548E-02
  2410.4000       2.44308074E-02
  2410.5000       2.44402429E-02
  2410.6000       2.44495007E-02
  2410.7000       2.44581341E-02
  2410.8000       2.44670812E-02
  2410.9000       2.44754544E-02
  2411.0000       2.44770453E-02
  2411.1000       2.44715134E-02
  2411.2000       2.44563810E-02
  2411.3000       2.44305628E-02
  2411.4000       2.43966029E-02
  2411.5000       2.43619671E-02
  2411.6000       2.43318063E-02
  2411.7000       2.43068182E-02
  2411.8000       2.42875876E-02
  2411.9000       2.42672952E-02
  2412.0000       2.42466445E-02
  2412.1000       2.42240856E-02
  2412.2000       2.42002913E-02
  2412.3000       2.41756747E-02
  2412.4000       2.41528339E-02
  2412.5000       2.41365679E-02
  2412.6000       2.41221225E-02
  2412.7000       2.41056230E-02
  2412.8000       2.40906379E-02
  2412.9000       2.40757337E-02
  2413.0000       2.40562960E-02
  2413.1000       2.40330884E-02
  2413.2000       2.40079142E-02
  2413.3000       2.39783875E-02
  2413.4000       2.39467765E-02
  2413.5000       2.39147349E-02
  2413.6000       2.38817834E-02
  2413.7000       2.38503857E-02
  2413.8000       2.38209498E-02
  2413.9000       2.37918365E-02
  2414.0000       2.37598239E-02
  2414.1000       2.37255930E-02
  2414.2000       2.36875283E-02
  2414.3000       2.36478106E-02
  2414.4000       2.36036626E-02
  2414.5000       2.35535911E-02
  2414.6000       2.34994279E-02
  2414.7000       2.34412075E-02
  2414.8000       2.33844853E-02
  2414.9000       2.33323094E-02
  2415.0000       2.32836915E-02
  2415.1000       2.32353198E-02
  2415.2000       2.31882878E-02
  2415.3000       2.31375980E-02
  2415.4000       2.30831995E-02
  2415.5000       2.30236421E-02
  2415.6000       2.29591024E-02
  2415.7000       2.28979188E-02
  2415.8000       2.28410308E-02
  2415.9000       2.27906804E-02
  2416.0000       2.27475469E-02
  2416.1000       2.27112252E-02
  2416.2000       2.26762161E-02
  2416.3000       2.26387025E-02
  2416.4000       2.25990963E-02
  2416.5000       2.25565268E-02
  2416.6000       2.25118389E-02
  2416.7000       2.24644614E-02
  2416.8000       2.24157510E-02
  2416.9000       2.23656461E-02
  2417.0000       2.23156822E-02
  2417.1000       2.22662921E-02
  2417.2000       2.22169204E-02
  2417.3000       2.21654954E-02
  2417.4000       2.21139134E-02
  2417.5000       2.20628778E-02
  2417.6000       2.20110142E-02
  2417.7000       2.19589056E-02
  2417.8000       2.19076699E-02
  2417.9000       2.18552024E-02
  2418.0000       2.17987942E-02
  2418.1000       2.17364100E-02
  2418.2000       2.16725846E-02
  2418.3000       2.16113941E-02
  2418.4000       2.15537233E-02
  2418.5000       2.15036054E-02
  2418.6000       2.14656753E-02
  2418.7000       2.14407459E-02
  2418.8000       2.14259357E-02
  2418.9000       2.14160335E-02
  2419.0000       2.14078383E-02
  2419.1000       2.14011739E-02
  2419.2000       2.13913639E-02
  2419.3000       2.13842101E-02
  2419.4000       2.13785035E-02
  2419.5000       2.13715669E-02
  2419.6000       2.13683355E-02
  2419.7000       2.13723024E-02
  2419.8000       2.13791054E-02
  2419.9000       2.13802287E-02
  2420.0000       2.13715154E-02
  2420.1000       2.13556655E-02
  2420.2000       2.13412951E-02
  2420.3000       2.13279634E-02
  2420.4000       2.13174062E-02
  2420.5000       2.13148987E-02
  2420.6000       2.13203023E-02
  2420.7000       2.13316192E-02
  2420.8000       2.13469270E-02
  2420.9000       2.13654956E-02
  2421.0000       2.13852916E-02
  2421.1000       2.14075207E-02
  2421.2000       2.14326137E-02
  2421.3000       2.14579448E-02
  2421.4000       2.14792688E-02
  2421.5000       2.14933599E-02
  2421.6000       2.14992275E-02
  2421.7000       2.14960156E-02
  2421.8000       2.14821383E-02
  2421.9000       2.14567426E-02
  2422.0000       2.14218209E-02
  2422.1000       2.13836958E-02
  2422.2000       2.13483170E-02
  2422.3000       2.13165763E-02
  2422.4000       2.12888855E-02
  2422.5000       2.12634725E-02
  2422.6000       2.12410201E-02
  2422.7000       2.12184899E-02
  2422.8000       2.11939798E-02
  2422.9000       2.11695761E-02
  2423.0000       2.11429732E-02
  2423.1000       2.11154045E-02
  2423.2000       2.10902374E-02
  2423.3000       2.10681330E-02
  2423.4000       2.10489160E-02
  2423.5000       2.10310275E-02
  2423.6000       2.10130407E-02
  2423.7000       2.09974734E-02
  2423.8000       2.09827973E-02
  2423.9000       2.09686759E-02
  2424.0000       2.09563538E-02
  2424.1000       2.09441724E-02
  2424.2000       2.09282849E-02
  2424.3000       2.09082775E-02
  2424.4000       2.08788319E-02
  2424.5000       2.08376164E-02
  2424.6000       2.07908099E-02
  2424.7000       2.07427650E-02
  2424.8000       2.06934036E-02
  2424.9000       2.06431282E-02
  2425.0000       2.05936435E-02
  2425.1000       2.05466264E-02
  2425.2000       2.05063018E-02
  2425.3000       2.04744303E-02
  2425.4000       2.04511021E-02
  2425.5000       2.04342237E-02
  2425.6000       2.04213949E-02
  2425.7000       2.04148603E-02
  2425.8000       2.04169899E-02
  2425.9000       2.04283307E-02
  2426.0000       2.04473540E-02
  2426.1000       2.04718959E-02
  2426.2000       2.04973273E-02
  2426.3000       2.05210459E-02
  2426.4000       2.05401944E-02
  2426.5000       2.05559734E-02
  2426.6000       2.05702515E-02
  2426.7000       2.05863007E-02
  2426.8000       2.06051410E-02
  2426.9000       2.06249783E-02
  2427.0000       2.06488479E-02
  2427.1000       2.06771442E-02
  2427.2000       2.07090089E-02
  2427.3000       2.07428657E-02
  2427.4000       2.07776663E-02
  2427.5000       2.08110648E-02
  2427.6000       2.08395207E-02
  2427.7000       2.08625868E-02
  2427.8000       2.08799795E-02
  2427.9000       2.08907418E-02
  2428.0000       2.08957992E-02
  2428.1000       2.08960279E-02
  2428.2000       2.08909383E-02
  2428.3000       2.08825213E-02
  2428.4000       2.08725130E-02
  2428.5000       2.08624724E-02
  2428.6000       2.08547541E-02
  2428.7000       2.08514280E-02
  2428.8000       2.08551522E-02
  2428.9000       2.08664429E-02
  2429.0000       2.08820093E-02
  2429.1000       2.08973608E-02
  2429.2000       2.09122708E-02
  2429.3000       2.09275232E-02
  2429.4000       2.09433643E-02
  2429.5000       2.09588364E-02
  2429.6000       2.09730858E-02
  2429.7000       2.09888369E-02
  2429.8000       2.10045482E-02
  2429.9000       2.10206715E-02
  2430.0000       2.10408033E-02
  2430.1000       2.10665635E-02
  2430.2000       2.10935230E-02
  2430.3000       2.11181088E-02
  2430.4000       2.11401282E-02
  2430.5000       2.11571957E-02
  2430.6000       2.11701282E-02
  2430.7000       2.11805354E-02
  2430.8000       2.11884935E-02
  2430.9000       2.11918803E-02
  2431.0000       2.11921839E-02
  2431.1000       2.11935935E-02
  2431.2000       2.11995981E-02
  2431.3000       2.12100881E-02
  2431.4000       2.12248305E-02
  2431.5000       2.12432231E-02
  2431.6000       2.12634079E-02
  2431.7000       2.12843496E-02
  2431.8000       2.13068748E-02
  2431.9000       2.13306333E-02
  2432.0000       2.13534357E-02
  2432.1000       2.13755703E-02
  2432.2000       2.13946140E-02
  2432.3000       2.14103087E-02
  2432.4000       2.14247825E-02
  2432.5000       2.14406719E-02
  2432.6000       2.14588171E-02
  2432.7000       2.14781648E-02
  2432.8000       2.15001104E-02
  2432.9000       2.15255814E-02
  2433.0000       2.15536868E-02
  2433.1000       2.15847288E-02
  2433.2000       2.16174610E-02
  2433.3000       2.16517737E-02
  2433.4000       2.16865957E-02
  2433.5000       2.17194340E-02
  2433.6000       2.17479566E-02
  2433.7000       2.17717612E-02
  2433.8000       2.17928312E-02
  2433.9000       2.18111411E-02
  2434.0000       2.18249110E-02
  2434.1000       2.18337885E-02
  2434.2000       2.18388419E-02
  2434.3000       2.18402864E-02
  2434.4000       2.18374589E-02
  2434.5000       2.18310325E-02
  2434.6000       2.18203755E-02
  2434.7000       2.18071119E-02
  2434.8000       2.17956097E-02
  2434.9000       2.17877076E-02
  2435.0000       2.17854057E-02
  2435.1000       2.17874941E-02
  2435.2000       2.17931666E-02
  2435.3000       2.18016544E-02
  2435.4000       2.18078870E-02
  2435.5000       2.18140390E-02
  2435.6000       2.18241559E-02
  2435.7000       2.18344057E-02
  2435.8000       2.18466443E-02
  2435.9000       2.18592407E-02
  2436.0000       2.18739087E-02
  2436.1000       2.18851240E-02
  2436.2000       2.18893752E-02
  2436.3000       2.18891205E-02
  2436.4000       2.18832562E-02
  2436.5000       2.18723492E-02
  2436.6000       2.18570742E-02
  2436.7000       2.18406262E-02
  2436.8000       2.18262100E-02
  2436.9000       2.18144690E-02
  2437.0000       2.18055069E-02
  2437.1000       2.18013202E-02
  2437.2000       2.18014915E-02
  2437.3000       2.18042448E-02
  2437.4000       2.18083612E-02
  2437.5000       2.18138056E-02
  2437.6000       2.18188222E-02
  2437.7000       2.18231250E-02
  2437.8000       2.18256330E-02
  2437.9000       2.18274418E-02
  2438.0000       2.18271911E-02
  2438.1000       2.18262650E-02
  2438.2000       2.18263757E-02
  2438.3000       2.18259457E-02
  2438.4000       2.18256923E-02
  2438.5000       2.18271450E-02
  2438.6000       2.18302337E-02
  2438.7000       2.18335065E-02
  2438.8000       2.18369172E-02
  2438.9000       2.18416217E-02
  2439.0000       2.18496638E-02
  2439.1000       2.18587886E-02
  2439.2000       2.18687614E-02
  2439.3000       2.18798712E-02
  2439.4000       2.18907327E-02
  2439.5000       2.19019257E-02
  2439.6000       2.19137369E-02
  2439.7000       2.19244309E-02
  2439.8000       2.19336539E-02
  2439.9000       2.19422991E-02
  2440.0000       2.19507898E-02
  2440.1000       2.19605122E-02
  2440.2000       2.19725188E-02
  2440.3000       2.19854776E-02
  2440.4000       2.19995081E-02
  2440.5000       2.20152958E-02
  2440.6000       2.20320179E-02
  2440.7000       2.20491113E-02
  2440.8000       2.20656219E-02
  2440.9000       2.20810233E-02
  2441.0000       2.20951426E-02
  2441.1000       2.21078260E-02
  2441.2000       2.21183678E-02
  2441.3000       2.21285479E-02
  2441.4000       2.21418413E-02
  2441.5000       2.21566731E-02
  2441.6000       2.21744785E-02
  2441.7000       2.21954475E-02
  2441.8000       2.22215586E-02
  2441.9000       2.22519397E-02
  2442.0000       2.22847330E-02
  2442.1000       2.23176718E-02
  2442.2000       2.23486583E-02
  2442.3000       2.23746235E-02
  2442.4000       2.23963471E-02
  2442.5000       2.24171767E-02
  2442.6000       2.24346888E-02
  2442.7000       2.24479972E-02
  2442.8000       2.24596438E-02
  2442.9000       2.24716677E-02
  2443.0000       2.24852093E-02
  2443.1000       2.25017222E-02
  2443.2000       2.25241343E-02
  2443.3000       2.25517320E-02
  2443.4000       2.25844926E-02
  2443.5000       2.26207728E-02
  2443.6000       2.26599314E-02
  2443.7000       2.27028428E-02
  2443.8000       2.27500277E-02
  2443.9000       2.28002054E-02
  2444.0000       2.28514342E-02
  2444.1000       2.29032774E-02
  2444.2000       2.29531533E-02
  2444.3000       2.29981182E-02
  2444.4000       2.30370924E-02
  2444.5000       2.30681540E-02
  2444.6000       2.30913256E-02
  2444.7000       2.31103637E-02
  2444.8000       2.31244444E-02
  2444.9000       2.31345984E-02
  2445.0000       2.31420078E-02
  2445.1000       2.31480958E-02
  2445.2000       2.31549520E-02
  2445.3000       2.31664246E-02
  2445.4000       2.31816141E-02
  2445.5000       2.31998596E-02
  2445.6000       2.32204960E-02
  2445.7000       2.32433987E-02
  2445.8000       2.32641291E-02
  2445.9000       2.32803927E-02
  2446.0000       2.32896637E-02
  2446.1000       2.32897834E-02
  2446.2000       2.32818896E-02
  2446.3000       2.32680545E-02
  2446.4000       2.32491606E-02
  2446.5000       2.32271906E-02
  2446.6000       2.32033426E-02
  2446.7000       2.31811436E-02
  2446.8000       2.31629015E-02
  2446.9000       2.31480979E-02
  2447.0000       2.31338037E-02
  2447.1000       2.31210943E-02
  2447.2000       2.31117159E-02
  2447.3000       2.31053876E-02
  2447.4000       2.31000247E-02
  2447.5000       2.30966193E-02
  2447.6000       2.30961072E-02
  2447.7000       2.30979118E-02
  2447.8000       2.31028311E-02
  2447.9000       2.31091967E-02
  2448.0000       2.31155711E-02
  2448.1000       2.31206433E-02
  2448.2000       2.31238927E-02
  2448.3000       2.31244973E-02
  2448.4000       2.31203599E-02
  2448.5000       2.31108378E-02
  2448.6000       2.30992328E-02
  2448.7000       2.30838358E-02
  2448.8000       2.30676312E-02
  2448.9000       2.30514675E-02
  2449.0000       2.30329468E-02
  2449.1000       2.30130001E-02
  2449.2000       2.29948711E-02
  2449.3000       2.29768187E-02
  2449.4000       2.29595999E-02
  2449.5000       2.29417491E-02
  2449.6000       2.29227707E-02
  2449.7000       2.29002194E-02
  2449.8000       2.28759471E-02
  2449.9000       2.28523935E-02
  2450.0000       2.28274953E-02
  2450.1000       2.28005987E-02
  2450.2000       2.27729791E-02
  2450.3000       2.27451187E-02
  2450.4000       2.27174503E-02
  2450.5000       2.26889440E-02
  2450.6000       2.26611150E-02
  2450.7000       2.26336653E-02
  2450.8000       2.26073067E-02
  2450.9000       2.25801894E-02
  2451.0000       2.25512530E-02
  2451.1000       2.25198823E-02
  2451.2000       2.24864687E-02
  2451.3000       2.24513446E-02
  2451.4000       2.24138986E-02
  2451.5000       2.23759938E-02
  2451.6000       2.23379564E-02
  2451.7000       2.23005026E-02
  2451.8000       2.22636802E-02
  2451.9000       2.22284180E-02
  2452.0000       2.21950843E-02
  2452.1000       2.21619112E-02
  2452.2000       2.21248189E-02
  2452.3000       2.20842930E-02
  2452.4000       2.20410539E-02
  2452.5000       2.19942208E-02
  2452.6000       2.19438598E-02
  2452.7000       2.18880048E-02
  2452.8000       2.18280874E-02
  2452.9000       2.17640280E-02
  2453.0000       2.16962922E-02
  2453.1000       2.16287495E-02
  2453.2000       2.15621723E-02
  2453.3000       2.14963847E-02
  2453.4000       2.14301490E-02
  2453.5000       2.13638288E-02
  2453.6000       2.12978212E-02
  2453.7000       2.12340885E-02
  2453.8000       2.11737823E-02
  2453.9000       2.11197173E-02
  2454.0000       2.10732348E-02
  2454.1000       2.10337625E-02
  2454.2000       2.10019906E-02
  2454.3000       2.09792205E-02
  2454.4000       2.09634495E-02
  2454.5000       2.09530464E-02
  2454.6000       2.09449009E-02
  2454.7000       2.09362121E-02
  2454.8000       2.09252305E-02
  2454.9000       2.09121834E-02
  2455.0000       2.08932460E-02
  2455.1000       2.08689152E-02
  2455.2000       2.08428305E-02
  2455.3000       2.08152976E-02
  2455.4000       2.07889881E-02
  2455.5000       2.07651682E-02
  2455.6000       2.07458120E-02
  2455.7000       2.07298784E-02
  2455.8000       2.07174427E-02
  2455.9000       2.07069361E-02
  2456.0000       2.06970434E-02
  2456.1000       2.06871304E-02
  2456.2000       2.06748819E-02
  2456.3000       2.06599521E-02
  2456.4000       2.06431421E-02
  2456.5000       2.06260293E-02
  2456.6000       2.06111168E-02
  2456.7000       2.06001397E-02
  2456.8000       2.05951121E-02
  2456.9000       2.05947108E-02
  2457.0000       2.06005037E-02
  2457.1000       2.06115501E-02
  2457.2000       2.06241868E-02
  2457.3000       2.06348019E-02
  2457.4000       2.06405597E-02
  2457.5000       2.06391954E-02
  2457.6000       2.06319635E-02
  2457.7000       2.06212267E-02
  2457.8000       2.06074389E-02
  2457.9000       2.05899033E-02
  2458.0000       2.05700542E-02
  2458.1000       2.05506509E-02
  2458.2000       2.05302772E-02
  2458.3000       2.05082295E-02
  2458.4000       2.04842309E-02
  2458.5000       2.04612784E-02
  2458.6000       2.04432613E-02
  2458.7000       2.04310005E-02
  2458.8000       2.04245452E-02
  2458.9000       2.04242860E-02
  2459.0000       2.04301885E-02
  2459.1000       2.04424800E-02
  2459.2000       2.04607840E-02
  2459.3000       2.04851821E-02
  2459.4000       2.05133173E-02
  2459.5000       2.05453430E-02
  2459.6000       2.05808813E-02
  2459.7000       2.06205717E-02
  2459.8000       2.06640320E-02
  2459.9000       2.07084523E-02
  2460.0000       2.07494903E-02
  2460.1000       2.07843189E-02
  2460.2000       2.08139846E-02
  2460.3000       2.08391357E-02
  2460.4000       2.08593605E-02
  2460.5000       2.08755616E-02
  2460.6000       2.08896116E-02
  2460.7000       2.09036099E-02
  2460.8000       2.09188140E-02
  2460.9000       2.09346455E-02
  2461.0000       2.09514063E-02
  2461.1000       2.09686671E-02
  2461.2000       2.09852279E-02
  2461.3000       2.10019337E-02
  2461.4000       2.10170386E-02
  2461.5000       2.10285427E-02
  2461.6000       2.10362070E-02
  2461.7000       2.10392637E-02
  2461.8000       2.10387699E-02
  2461.9000       2.10382504E-02
  2462.0000       2.10379939E-02
  2462.1000       2.10390645E-02
  2462.2000       2.10414817E-02
  2462.3000       2.10460930E-02
  2462.4000       2.10516931E-02
  2462.5000       2.10574165E-02
  2462.6000       2.10617517E-02
  2462.7000       2.10644186E-02
  2462.8000       2.10648779E-02
  2462.9000       2.10626324E-02
  2463.0000       2.10581469E-02
  2463.1000       2.10528234E-02
  2463.2000       2.10461542E-02
  2463.3000       2.10354909E-02
  2463.4000       2.10156614E-02
  2463.5000       2.09880632E-02
  2463.6000       2.09561818E-02
  2463.7000       2.09213081E-02
  2463.8000       2.08834711E-02
  2463.9000       2.08439605E-02
  2464.0000       2.08015989E-02
  2464.1000       2.07557324E-02
  2464.2000       2.07082124E-02
  2464.3000       2.06594515E-02
  2464.4000       2.06091552E-02
  2464.5000       2.05580709E-02
  2464.6000       2.05051098E-02
  2464.7000       2.04505049E-02
  2464.8000       2.03940300E-02
  2464.9000       2.03355478E-02
  2465.0000       2.02765263E-02
  2465.1000       2.02189075E-02
  2465.2000       2.01643162E-02
  2465.3000       2.01135342E-02
  2465.4000       2.00683058E-02
  2465.5000       2.00295901E-02
  2465.6000       1.99967557E-02
  2465.7000       1.99684604E-02
  2465.8000       1.99444602E-02
  2465.9000       1.99250806E-02
  2466.0000       1.99096110E-02
  2466.1000       1.98981082E-02
  2466.2000       1.98890622E-02
  2466.3000       1.98822935E-02
  2466.4000       1.98792183E-02
  2466.5000       1.98806650E-02
  2466.6000       1.98868272E-02
  2466.7000       1.98983244E-02
  2466.8000       1.99146653E-02
  2466.9000       1.99337049E-02
  2467.0000       1.99535713E-02
  2467.1000       1.99719248E-02
  2467.2000       1.99885649E-02
  2467.3000       2.00054308E-02
  2467.4000       2.00244328E-02
  2467.5000       2.00433650E-02
  2467.6000       2.00578757E-02
  2467.7000       2.00657724E-02
  2467.8000       2.00695110E-02
  2467.9000       2.00737058E-02
  2468.0000       2.00805317E-02
  2468.1000       2.00893045E-02
  2468.2000       2.00985387E-02
  2468.3000       2.01077692E-02
  2468.4000       2.01184674E-02
  2468.5000       2.01299755E-02
  2468.6000       2.01411581E-02
  2468.7000       2.01522477E-02
  2468.8000       2.01657322E-02
  2468.9000       2.01840126E-02
  2469.0000       2.02062516E-02
  2469.1000       2.02308761E-02
  2469.2000       2.02586631E-02
  2469.3000       2.02909497E-02
  2469.4000       2.03297669E-02
  2469.5000       2.03733213E-02
  2469.6000       2.04183947E-02
  2469.7000       2.04637409E-02
  2469.8000       2.05056672E-02
  2469.9000       2.05433612E-02
  2470.0000       2.05778688E-02
  2470.1000       2.06096924E-02
  2470.2000       2.06390605E-02
  2470.3000       2.06672571E-02
  2470.4000       2.06955128E-02
  2470.5000       2.07230551E-02
  2470.6000       2.07516010E-02
  2470.7000       2.07826781E-02
  2470.8000       2.08184936E-02
  2470.9000       2.08585657E-02
  2471.0000       2.09040568E-02
  2471.1000       2.09541581E-02
  2471.2000       2.10062108E-02
  2471.3000       2.10602483E-02
  2471.4000       2.11148013E-02
  2471.5000       2.11674574E-02
  2471.6000       2.12168922E-02
  2471.7000       2.12610518E-02
  2471.8000       2.12979241E-02
  2471.9000       2.13276514E-02
  2472.0000       2.13517053E-02
  2472.1000       2.13719821E-02
  2472.2000       2.13894982E-02
  2472.3000       2.14064593E-02
  2472.4000       2.14247842E-02
  2472.5000       2.14435932E-02
  2472.6000       2.14631604E-02
  2472.7000       2.14836168E-02
  2472.8000       2.15034748E-02
  2472.9000       2.15197672E-02
  2473.0000       2.15332154E-02
  2473.1000       2.15443399E-02
  2473.2000       2.15523709E-02
  2473.3000       2.15588952E-02
  2473.4000       2.15631463E-02
  2473.5000       2.15667956E-02
  2473.6000       2.15712726E-02
  2473.7000       2.15780309E-02
  2473.8000       2.15872876E-02
  2473.9000       2.15990957E-02
  2474.0000       2.16136618E-02
  2474.1000       2.16294427E-02
  2474.2000       2.16442296E-02
  2474.3000       2.16539836E-02
  2474.4000       2.16588268E-02
  2474.5000       2.16610326E-02
  2474.6000       2.16635012E-02
  2474.7000       2.16692028E-02
  2474.8000       2.16769964E-02
  2474.9000       2.16880678E-02
  2475.0000       2.17047599E-02
  2475.1000       2.17259116E-02
  2475.2000       2.17495291E-02
  2475.3000       2.17743789E-02
  2475.4000       2.18001019E-02
  2475.5000       2.18253461E-02
  2475.6000       2.18495392E-02
  2475.7000       2.18735485E-02
  2475.8000       2.18972663E-02
  2475.9000       2.19212577E-02
  2476.0000       2.19465590E-02
  2476.1000       2.19738682E-02
  2476.2000       2.20016049E-02
  2476.3000       2.20299312E-02
  2476.4000       2.20575883E-02
  2476.5000       2.20841717E-02
  2476.6000       2.21105727E-02
  2476.7000       2.21387987E-02
  2476.8000       2.21688178E-02
  2476.9000       2.21998345E-02
  2477.0000       2.22306223E-02
  2477.1000       2.22576837E-02
  2477.2000       2.22783967E-02
  2477.3000       2.22911677E-02
  2477.4000       2.22958437E-02
  2477.5000       2.22918211E-02
  2477.6000       2.22793363E-02
  2477.7000       2.22629693E-02
  2477.8000       2.22410515E-02
  2477.9000       2.22148452E-02
  2478.0000       2.21854752E-02
  2478.1000       2.21536810E-02
  2478.2000       2.21196081E-02
  2478.3000       2.20836379E-02
  2478.4000       2.20465333E-02
  2478.5000       2.20108878E-02
  2478.6000       2.19755132E-02
  2478.7000       2.19387484E-02
  2478.8000       2.19034960E-02
  2478.9000       2.18713479E-02
  2479.0000       2.18434355E-02
  2479.1000       2.18175811E-02
  2479.2000       2.17939117E-02
  2479.3000       2.17726907E-02
  2479.4000       2.17545453E-02
  2479.5000       2.17388855E-02
  2479.6000       2.17248721E-02
  2479.7000       2.17104851E-02
  2479.8000       2.16966266E-02
  2479.9000       2.16830124E-02
  2480.0000       2.16699675E-02
  2480.1000       2.16588309E-02
  2480.2000       2.16501870E-02
  2480.3000       2.16448502E-02
  2480.4000       2.16418830E-02
  2480.5000       2.16398351E-02
  2480.6000       2.16380581E-02
  2480.7000       2.16364386E-02
  2480.8000       2.16356166E-02
  2480.9000       2.16352256E-02
  2481.0000       2.16365350E-02
  2481.1000       2.16394445E-02
  2481.2000       2.16443361E-02
  2481.3000       2.16515960E-02
  2481.4000       2.16618044E-02
  2481.5000       2.16747920E-02
  2481.6000       2.16891762E-02
  2481.7000       2.17036423E-02
  2481.8000       2.17175802E-02
  2481.9000       2.17291435E-02
  2482.0000       2.17376440E-02
  2482.1000       2.17432976E-02
  2482.2000       2.17445570E-02
  2482.3000       2.17402362E-02
  2482.4000       2.17319181E-02
  2482.5000       2.17186828E-02
  2482.6000       2.17029062E-02
  2482.7000       2.16873733E-02
  2482.8000       2.16754211E-02
  2482.9000       2.16686564E-02
  2483.0000       2.16676470E-02
  2483.1000       2.16723089E-02
  2483.2000       2.16840096E-02
  2483.3000       2.17011366E-02
  2483.4000       2.17230485E-02
  2483.5000       2.17447603E-02
  2483.6000       2.17629177E-02
  2483.7000       2.17764980E-02
  2483.8000       2.17849912E-02
  2483.9000       2.17902183E-02
  2484.0000       2.17927847E-02
  2484.1000       2.17918534E-02
  2484.2000       2.17864222E-02
  2484.3000       2.17779168E-02
  2484.4000       2.17662882E-02
  2484.5000       2.17536368E-02
  2484.6000       2.17409527E-02
  2484.7000       2.17293282E-02
  2484.8000       2.17188787E-02
  2484.9000       2.17091142E-02
  2485.0000       2.17029997E-02
  2485.1000       2.16994508E-02
  2485.2000       2.16990189E-02
  2485.3000       2.17021582E-02
  2485.4000       2.17113706E-02
  2485.5000       2.17276372E-02
  2485.6000       2.17494163E-02
  2485.7000       2.17752500E-02
  2485.8000       2.18044857E-02
  2485.9000       2.18357302E-02
  2486.0000       2.18678889E-02
  2486.1000       2.18996818E-02
  2486.2000       2.19297891E-02
  2486.3000       2.19570017E-02
  2486.4000       2.19794349E-02
  2486.5000       2.19967835E-02
  2486.6000       2.20099802E-02
  2486.7000       2.20193528E-02
  2486.8000       2.20251505E-02
  2486.9000       2.20267757E-02
  2487.0000       2.20229935E-02
  2487.1000       2.20144341E-02
  2487.2000       2.20002360E-02
  2487.3000       2.19811218E-02
  2487.4000       2.19581226E-02
  2487.5000       2.19313389E-02
  2487.6000       2.19002142E-02
  2487.7000       2.18657395E-02
  2487.8000       2.18299190E-02
  2487.9000       2.17940026E-02
  2488.0000       2.17595537E-02
  2488.1000       2.17275584E-02
  2488.2000       2.16989241E-02
  2488.3000       2.16733178E-02
  2488.4000       2.16505693E-02
  2488.5000       2.16309582E-02
  2488.6000       2.16131526E-02
  2488.7000       2.15956198E-02
  2488.8000       2.15773272E-02
  2488.9000       2.15564427E-02
  2489.0000       2.15332800E-02
  2489.1000       2.15079736E-02
  2489.2000       2.14825802E-02
  2489.3000       2.14581751E-02
  2489.4000       2.14357320E-02
  2489.5000       2.14147725E-02
  2489.6000       2.13949588E-02
  2489.7000       2.13752364E-02
  2489.8000       2.13531477E-02
  2489.9000       2.13271791E-02
  2490.0000       2.12974429E-02
  2490.1000       2.12639183E-02
  2490.2000       2.12272292E-02
  2490.3000       2.11901561E-02
  2490.4000       2.11564015E-02
  2490.5000       2.11286738E-02
  2490.6000       2.11085775E-02
  2490.7000       2.10954835E-02
  2490.8000       2.10884276E-02
  2490.9000       2.10854468E-02
  2491.0000       2.10846960E-02
  2491.1000       2.10821393E-02
  2491.2000       2.10738669E-02
  2491.3000       2.10577844E-02
  2491.4000       2.10323085E-02
  2491.5000       2.10003857E-02
  2491.6000       2.09664631E-02
  2491.7000       2.09351618E-02
  2491.8000       2.09080623E-02
  2491.9000       2.08856731E-02
  2492.0000       2.08693936E-02
  2492.1000       2.08578121E-02
  2492.2000       2.08510241E-02
  2492.3000       2.08450199E-02
  2492.4000       2.08352206E-02
  2492.5000       2.08188131E-02
  2492.6000       2.07946505E-02
  2492.7000       2.07648956E-02
  2492.8000       2.07329578E-02
  2492.9000       2.07020051E-02
  2493.0000       2.06743282E-02
  2493.1000       2.06537239E-02
  2493.2000       2.06431415E-02
  2493.3000       2.06416934E-02
  2493.4000       2.06447737E-02
  2493.5000       2.06491719E-02
  2493.6000       2.06547784E-02
  2493.7000       2.06609733E-02
  2493.8000       2.06665097E-02
  2493.9000       2.06698351E-02
  2494.0000       2.06719606E-02
  2494.1000       2.06745266E-02
  2494.2000       2.06816834E-02
  2494.3000       2.06940848E-02
  2494.4000       2.07120494E-02
  2494.5000       2.07349716E-02
  2494.6000       2.07634507E-02
  2494.7000       2.07963573E-02
  2494.8000       2.08327613E-02
  2494.9000       2.08715111E-02
  2495.0000       2.09101455E-02
  2495.1000       2.09446758E-02
  2495.2000       2.09748816E-02
  2495.3000       2.10010277E-02
  2495.4000       2.10246371E-02
  2495.5000       2.10461224E-02
  2495.6000       2.10657615E-02
  2495.7000       2.10831147E-02
  2495.8000       2.10968532E-02
  2495.9000       2.11055964E-02
  2496.0000       2.11083632E-02
  2496.1000       2.11082445E-02
  2496.2000       2.11073797E-02
  2496.3000       2.11080927E-02
  2496.4000       2.11110470E-02
  2496.5000       2.11183927E-02
  2496.6000       2.11318053E-02
  2496.7000       2.11504535E-02
  2496.8000       2.11746356E-02
  2496.9000       2.12041612E-02
  2497.0000       2.12388535E-02
  2497.1000       2.12763635E-02
  2497.2000       2.13152863E-02
  2497.3000       2.13529949E-02
  2497.4000       2.13873218E-02
  2497.5000       2.14183164E-02
  2497.6000       2.14466785E-02
  2497.7000       2.14714319E-02
  2497.8000       2.14903590E-02
  2497.9000       2.15038455E-02
  2498.0000       2.15133527E-02
  2498.1000       2.15239936E-02
  2498.2000       2.15368780E-02
  2498.3000       2.15524153E-02
  2498.4000       2.15700099E-02
  2498.5000       2.15911336E-02
  2498.6000       2.16162397E-02
  2498.7000       2.16441122E-02
  2498.8000       2.16708470E-02
  2498.9000       2.16937438E-02
  2499.0000       2.17107457E-02
  2499.1000       2.17228485E-02
  2499.2000       2.17317413E-02
  2499.3000       2.17383325E-02
  2499.4000       2.17419334E-02
  2499.5000       2.17436870E-02
  2499.6000       2.17424981E-02
  2499.7000       2.17397810E-02
  2499.8000       2.17330416E-02
  2499.9000       2.17227363E-02
  2500.0000       2.17087746E-02
  2500.1000       2.16930706E-02
  2500.2000       2.16786057E-02
  2500.3000       2.16656453E-02
  2500.4000       2.16548254E-02
  2500.5000       2.16481234E-02
  2500.6000       2.16458517E-02
  2500.7000       2.16495202E-02
  2500.8000       2.16581723E-02
  2500.9000       2.16709073E-02
  2501.0000       2.16875599E-02
  2501.1000       2.17066844E-02
  2501.2000       2.17262879E-02
  2501.3000       2.17458076E-02
  2501.4000       2.17638156E-02
  2501.5000       2.17805451E-02
  2501.6000       2.17973844E-02
  2501.7000       2.18134875E-02
  2501.8000       2.18310653E-02
  2501.9000       2.18500289E-02
  2502.0000       2.18716536E-02
  2502.1000       2.18951626E-02
  2502.2000       2.19217347E-02
  2502.3000       2.19515384E-02
  2502.4000       2.19820146E-02
  2502.5000       2.20115636E-02
  2502.6000       2.20401151E-02
  2502.7000       2.20684867E-02
  2502.8000       2.20948127E-02
  2502.9000       2.21176930E-02
  2503.0000       2.21375636E-02
  2503.1000       2.21545510E-02
  2503.2000       2.21698354E-02
  2503.3000       2.21830227E-02
  2503.4000       2.21945821E-02
  2503.5000       2.22049341E-02
  2503.6000       2.22134106E-02
  2503.7000       2.22188821E-02
  2503.8000       2.22207244E-02
  2503.9000       2.22203908E-02
  2504.0000       2.22186303E-02
  2504.1000       2.22167556E-02
  2504.2000       2.22165558E-02
  2504.3000       2.22168758E-02
  2504.4000       2.22178568E-02
  2504.5000       2.22216393E-02
  2504.6000       2.22290112E-02
  2504.7000       2.22410176E-02
  2504.8000       2.22559429E-02
  2504.9000       2.22735373E-02
  2505.0000       2.22916556E-02
  2505.1000       2.23084900E-02
  2505.2000       2.23227631E-02
  2505.3000       2.23350366E-02
  2505.4000       2.23438800E-02
  2505.5000       2.23494330E-02
  2505.6000       2.23522464E-02
  2505.7000       2.23552212E-02
  2505.8000       2.23593168E-02
  2505.9000       2.23651384E-02
  2506.0000       2.23711095E-02
  2506.1000       2.23758537E-02
  2506.2000       2.23810583E-02
  2506.3000       2.23862524E-02
  2506.4000       2.23918882E-02
  2506.5000       2.23975864E-02
  2506.6000       2.24035283E-02
  2506.7000       2.24118831E-02
  2506.8000       2.24233239E-02
  2506.9000       2.24383719E-02
  2507.0000       2.24564893E-02
  2507.1000       2.24785573E-02
  2507.2000       2.25032719E-02
  2507.3000       2.25281481E-02
  2507.4000       2.25501106E-02
  2507.5000       2.25676475E-02
  2507.6000       2.25786518E-02
  2507.7000       2.25811672E-02
  2507.8000       2.25739368E-02
  2507.9000       2.25559791E-02
  2508.0000       2.25305187E-02
  2508.1000       2.25018514E-02
  2508.2000       2.24738128E-02
  2508.3000       2.24477515E-02
  2508.4000       2.24249766E-02
  2508.5000       2.24056979E-02
  2508.6000       2.23882967E-02
  2508.7000       2.23703161E-02
  2508.8000       2.23491040E-02
  2508.9000       2.23230046E-02
  2509.0000       2.22943232E-02
  2509.1000       2.22639430E-02
  2509.2000       2.22312417E-02
  2509.3000       2.21963089E-02
  2509.4000       2.21625286E-02
  2509.5000       2.21298988E-02
  2509.6000       2.20982654E-02
  2509.7000       2.20674040E-02
  2509.8000       2.20370540E-02
  2509.9000       2.20078259E-02
  2510.0000       2.19785432E-02
  2510.1000       2.19476585E-02
  2510.2000       2.19133907E-02
  2510.3000       2.18754999E-02
  2510.4000       2.18359892E-02
  2510.5000       2.17952611E-02
  2510.6000       2.17526062E-02
  2510.7000       2.17093729E-02
  2510.8000       2.16663780E-02
  2510.9000       2.16244042E-02
  2511.0000       2.15835054E-02
  2511.1000       2.15436678E-02
  2511.2000       2.15047291E-02
  2511.3000       2.14669858E-02
  2511.4000       2.14313442E-02
  2511.5000       2.13987436E-02
  2511.6000       2.13704642E-02
  2511.7000       2.13464039E-02
  2511.8000       2.13278877E-02
  2511.9000       2.13139783E-02
  2512.0000       2.13029354E-02
  2512.1000       2.12946106E-02
  2512.2000       2.12889148E-02
  2512.3000       2.12856499E-02
  2512.4000       2.12845784E-02
  2512.5000       2.12858163E-02
  2512.6000       2.12875494E-02
  2512.7000       2.12913603E-02
  2512.8000       2.12966950E-02
  2512.9000       2.13037869E-02
  2513.0000       2.13101004E-02
  2513.1000       2.13146117E-02
  2513.2000       2.13179406E-02
  2513.3000       2.13186595E-02
  2513.4000       2.13183984E-02
  2513.5000       2.13183037E-02
  2513.6000       2.13186394E-02
  2513.7000       2.13205604E-02
  2513.8000       2.13252866E-02
  2513.9000       2.13325040E-02
  2514.0000       2.13437490E-02
  2514.1000       2.13587619E-02
  2514.2000       2.13764281E-02
  2514.3000       2.13947887E-02
  2514.4000       2.14152259E-02
  2514.5000       2.14377425E-02
  2514.6000       2.14622369E-02
  2514.7000       2.14891131E-02
  2514.8000       2.15176077E-02
  2514.9000       2.15471828E-02
  2515.0000       2.15768977E-02
  2515.1000       2.16069199E-02
  2515.2000       2.16362644E-02
  2515.3000       2.16651943E-02
  2515.4000       2.16923670E-02
  2515.5000       2.17174281E-02
  2515.6000       2.17390923E-02
  2515.7000       2.17567198E-02
  2515.8000       2.17698448E-02
  2515.9000       2.17778095E-02
  2516.0000       2.17793870E-02
  2516.1000       2.17732510E-02
  2516.2000       2.17593360E-02
  2516.3000       2.17379379E-02
  2516.4000       2.17094382E-02
  2516.5000       2.16758211E-02
  2516.6000       2.16377549E-02
  2516.7000       2.15967501E-02
  2516.8000       2.15529826E-02
  2516.9000       2.15079473E-02
  2517.0000       2.14640266E-02
  2517.1000       2.14219342E-02
  2517.2000       2.13808932E-02
  2517.3000       2.13393584E-02
  2517.4000       2.12962432E-02
  2517.5000       2.12533777E-02
  2517.6000       2.12105568E-02
  2517.7000       2.11678915E-02
  2517.8000       2.11281179E-02
  2517.9000       2.10918622E-02
  2518.0000       2.10589041E-02
  2518.1000       2.10310805E-02
  2518.2000       2.10069482E-02
  2518.3000       2.09869181E-02
  2518.4000       2.09709768E-02
  2518.5000       2.09581491E-02
  2518.6000       2.09445389E-02
  2518.7000       2.09249618E-02
  2518.8000       2.08950743E-02
  2518.9000       2.08581626E-02
  2519.0000       2.08183567E-02
  2519.1000       2.07787158E-02
  2519.2000       2.07412038E-02
  2519.3000       2.07069875E-02
  2519.4000       2.06738643E-02
  2519.5000       2.06400947E-02
  2519.6000       2.06052691E-02
  2519.7000       2.05725745E-02
  2519.8000       2.05414459E-02
  2519.9000       2.05097236E-02
  2520.0000       2.04792925E-02
  2520.1000       2.04531255E-02
  2520.2000       2.04308428E-02
  2520.3000       2.04104214E-02
  2520.4000       2.03928048E-02
  2520.5000       2.03797430E-02
  2520.6000       2.03712411E-02
  2520.7000       2.03673910E-02
  2520.8000       2.03673477E-02
  2520.9000       2.03685788E-02
  2521.0000       2.03693821E-02
  2521.1000       2.03694924E-02
  2521.2000       2.03688655E-02
  2521.3000       2.03663001E-02
  2521.4000       2.03603344E-02
  2521.5000       2.03495325E-02
  2521.6000       2.03327928E-02
  2521.7000       2.03100293E-02
  2521.8000       2.02858169E-02
  2521.9000       2.02640044E-02
  2522.0000       2.02468503E-02
  2522.1000       2.02337497E-02
  2522.2000       2.02255130E-02
  2522.3000       2.02243000E-02
  2522.4000       2.02289181E-02
  2522.5000       2.02372855E-02
  2522.6000       2.02464033E-02
  2522.7000       2.02535513E-02
  2522.8000       2.02572789E-02
  2522.9000       2.02567894E-02
  2523.0000       2.02523085E-02
  2523.1000       2.02442895E-02
  2523.2000       2.02323147E-02
  2523.3000       2.02162935E-02
  2523.4000       2.02005682E-02
  2523.5000       2.01892665E-02
  2523.6000       2.01826931E-02
  2523.7000       2.01824788E-02
  2523.8000       2.01860247E-02
  2523.9000       2.01913836E-02
  2524.0000       2.01977139E-02
  2524.1000       2.02055815E-02
  2524.2000       2.02142450E-02
  2524.3000       2.02223115E-02
  2524.4000       2.02276912E-02
  2524.5000       2.02302398E-02
  2524.6000       2.02310774E-02
  2524.7000       2.02313719E-02
  2524.8000       2.02308880E-02
  2524.9000       2.02300875E-02
  2525.0000       2.02304544E-02
  2525.1000       2.02317493E-02
  2525.2000       2.02329009E-02
  2525.3000       2.02352710E-02
  2525.4000       2.02383159E-02
  2525.5000       2.02412442E-02
  2525.6000       2.02434184E-02
  2525.7000       2.02452157E-02
  2525.8000       2.02475789E-02
  2525.9000       2.02529414E-02
  2526.0000       2.02618381E-02
  2526.1000       2.02747850E-02
  2526.2000       2.02916128E-02
  2526.3000       2.03105527E-02
  2526.4000       2.03290354E-02
  2526.5000       2.03465630E-02
  2526.6000       2.03658585E-02
  2526.7000       2.03859340E-02
  2526.8000       2.04054263E-02
  2526.9000       2.04230879E-02
  2527.0000       2.04390959E-02
  2527.1000       2.04538049E-02
  2527.2000       2.04664778E-02
  2527.3000       2.04796026E-02
  2527.4000       2.04927348E-02
  2527.5000       2.05062830E-02
  2527.6000       2.05182857E-02
  2527.7000       2.05304336E-02
  2527.8000       2.05433606E-02
  2527.9000       2.05587256E-02
  2528.0000       2.05753421E-02
  2528.1000       2.05925699E-02
  2528.2000       2.06104879E-02
  2528.3000       2.06275110E-02
  2528.4000       2.06426535E-02
  2528.5000       2.06542769E-02
  2528.6000       2.06615375E-02
  2528.7000       2.06656827E-02
  2528.8000       2.06682250E-02
  2528.9000       2.06690283E-02
  2529.0000       2.06679197E-02
  2529.1000       2.06660420E-02
  2529.2000       2.06637396E-02
  2529.3000       2.06627035E-02
  2529.4000       2.06626313E-02
  2529.5000       2.06627087E-02
  2529.6000       2.06621597E-02
  2529.7000       2.06614990E-02
  2529.8000       2.06626675E-02
  2529.9000       2.06645557E-02
  2530.0000       2.06667628E-02
  2530.1000       2.06700094E-02
  2530.2000       2.06741053E-02
  2530.3000       2.06763830E-02
  2530.4000       2.06755930E-02
  2530.5000       2.06709407E-02
  2530.6000       2.06616413E-02
  2530.7000       2.06482976E-02
  2530.8000       2.06314720E-02
  2530.9000       2.06099920E-02
  2531.0000       2.05856101E-02
  2531.1000       2.05620274E-02
  2531.2000       2.05412410E-02
  2531.3000       2.05231922E-02
  2531.4000       2.05066491E-02
  2531.5000       2.04918631E-02
  2531.6000       2.04780032E-02
  2531.7000       2.04626003E-02
  2531.8000       2.04438905E-02
  2531.9000       2.04230090E-02
  2532.0000       2.03997825E-02
  2532.1000       2.03746817E-02
  2532.2000       2.03488133E-02
  2532.3000       2.03240550E-02
  2532.4000       2.03017642E-02
  2532.5000       2.02824212E-02
  2532.6000       2.02669886E-02
  2532.7000       2.02557435E-02
  2532.8000       2.02485445E-02
  2532.9000       2.02470669E-02
  2533.0000       2.02505571E-02
  2533.1000       2.02563179E-02
  2533.2000       2.02629081E-02
  2533.3000       2.02703378E-02
  2533.4000       2.02781838E-02
  2533.5000       2.02849318E-02
  2533.6000       2.02899708E-02
  2533.7000       2.02959240E-02
  2533.8000       2.03025340E-02
  2533.9000       2.03107067E-02
  2534.0000       2.03213526E-02
  2534.1000       2.03335000E-02
  2534.2000       2.03466424E-02
  2534.3000       2.03597972E-02
  2534.4000       2.03719427E-02
  2534.5000       2.03816474E-02
  2534.6000       2.03879767E-02
  2534.7000       2.03895358E-02
  2534.8000       2.03856912E-02
  2534.9000       2.03752846E-02
  2535.0000       2.03599056E-02
  2535.1000       2.03417372E-02
  2535.2000       2.03228225E-02
  2535.3000       2.03068073E-02
  2535.4000       2.02946218E-02
  2535.5000       2.02856797E-02
  2535.6000       2.02791270E-02
  2535.7000       2.02752098E-02
  2535.8000       2.02754061E-02
  2535.9000       2.02791963E-02
  2536.0000       2.02851472E-02
  2536.1000       2.02920221E-02
  2536.2000       2.03004208E-02
  2536.3000       2.03103392E-02
  2536.4000       2.03212273E-02
  2536.5000       2.03335790E-02
  2536.6000       2.03485996E-02
  2536.7000       2.03637626E-02
  2536.8000       2.03802028E-02
  2536.9000       2.03969279E-02
  2537.0000       2.04135140E-02
  2537.1000       2.04277729E-02
  2537.2000       2.04418484E-02
  2537.3000       2.04579510E-02
  2537.4000       2.04758918E-02
  2537.5000       2.04917230E-02
  2537.6000       2.05027662E-02
  2537.7000       2.05094533E-02
  2537.8000       2.05162834E-02
  2537.9000       2.05220948E-02
  2538.0000       2.05279474E-02
  2538.1000       2.05348553E-02
  2538.2000       2.05427554E-02
  2538.3000       2.05521995E-02
  2538.4000       2.05614244E-02
  2538.5000       2.05700714E-02
  2538.6000       2.05796581E-02
  2538.7000       2.05898129E-02
  2538.8000       2.05992431E-02
  2538.9000       2.06052869E-02
  2539.0000       2.06088156E-02
  2539.1000       2.06113116E-02
  2539.2000       2.06138104E-02
  2539.3000       2.06149163E-02
  2539.4000       2.06151328E-02
  2539.5000       2.06171099E-02
  2539.6000       2.06230909E-02
  2539.7000       2.06339128E-02
  2539.8000       2.06475971E-02
  2539.9000       2.06610190E-02
  2540.0000       2.06754707E-02
  2540.1000       2.06915784E-02
  2540.2000       2.07082688E-02
  2540.3000       2.07230552E-02
  2540.4000       2.07351149E-02
  2540.5000       2.07472729E-02
  2540.6000       2.07614814E-02
  2540.7000       2.07769823E-02
  2540.8000       2.07934381E-02
  2540.9000       2.08105550E-02
  2541.0000       2.08285115E-02
  2541.1000       2.08470110E-02
  2541.2000       2.08675587E-02
  2541.3000       2.08899732E-02
  2541.4000       2.09145373E-02
  2541.5000       2.09418492E-02
  2541.6000       2.09712367E-02
  2541.7000       2.10036421E-02
  2541.8000       2.10405071E-02
  2541.9000       2.10798452E-02
  2542.0000       2.11200685E-02
  2542.1000       2.11606009E-02
  2542.2000       2.12001170E-02
  2542.3000       2.12378457E-02
  2542.4000       2.12732510E-02
  2542.5000       2.13041188E-02
  2542.6000       2.13307281E-02
  2542.7000       2.13534825E-02
  2542.8000       2.13722392E-02
  2542.9000       2.13877855E-02
  2543.0000       2.14021026E-02
  2543.1000       2.14176530E-02
  2543.2000       2.14357659E-02
  2543.3000       2.14564832E-02
  2543.4000       2.14784678E-02
  2543.5000       2.15027252E-02
  2543.6000       2.15285754E-02
  2543.7000       2.15572954E-02
  2543.8000       2.15887762E-02
  2543.9000       2.16220791E-02
  2544.0000       2.16577115E-02
  2544.1000       2.16959895E-02
  2544.2000       2.17384412E-02
  2544.3000       2.17828066E-02
  2544.4000       2.18282967E-02
  2544.5000       2.18723326E-02
  2544.6000       2.19122054E-02
  2544.7000       2.19470035E-02
  2544.8000       2.19771824E-02
  2544.9000       2.20036384E-02
  2545.0000       2.20272348E-02
  2545.1000       2.20475998E-02
  2545.2000       2.20651829E-02
  2545.3000       2.20813662E-02
  2545.4000       2.20955256E-02
  2545.5000       2.21074352E-02
  2545.6000       2.21198450E-02
  2545.7000       2.21334542E-02
  2545.8000       2.21477479E-02
  2545.9000       2.21626312E-02
  2546.0000       2.21779218E-02
  2546.1000       2.21943782E-02
  2546.2000       2.22126504E-02
  2546.3000       2.22318900E-02
  2546.4000       2.22502409E-02
  2546.5000       2.22676172E-02
  2546.6000       2.22846015E-02
  2546.7000       2.23004016E-02
  2546.8000       2.23164697E-02
  2546.9000       2.23345583E-02
  2547.0000       2.23539295E-02
  2547.1000       2.23736639E-02
  2547.2000       2.23930248E-02
  2547.3000       2.24100339E-02
  2547.4000       2.24250007E-02
  2547.5000       2.24401765E-02
  2547.6000       2.24566739E-02
  2547.7000       2.24748509E-02
  2547.8000       2.24920416E-02
  2547.9000       2.25087529E-02
  2548.0000       2.25252651E-02
  2548.1000       2.25414978E-02
  2548.2000       2.25555034E-02
  2548.3000       2.25672934E-02
  2548.4000       2.25760782E-02
  2548.5000       2.25796372E-02
  2548.6000       2.25777642E-02
  2548.7000       2.25720816E-02
  2548.8000       2.25649933E-02
  2548.9000       2.25580103E-02
  2549.0000       2.25508142E-02
  2549.1000       2.25448234E-02
  2549.2000       2.25403874E-02
  2549.3000       2.25385372E-02
  2549.4000       2.25371993E-02
  2549.5000       2.25351230E-02
  2549.6000       2.25314768E-02
  2549.7000       2.25268061E-02
  2549.8000       2.25196989E-02
  2549.9000       2.25089619E-02
  2550.0000       2.24970877E-02
  2550.1000       2.24850060E-02
  2550.2000       2.24734522E-02
  2550.3000       2.24628931E-02
  2550.4000       2.24539235E-02
  2550.5000       2.24445313E-02
  2550.6000       2.24352491E-02
  2550.7000       2.24259771E-02
  2550.8000       2.24182376E-02
  2550.9000       2.24124720E-02
  2551.0000       2.24084854E-02
  2551.1000       2.24077910E-02
  2551.2000       2.24090393E-02
  2551.3000       2.24116120E-02
  2551.4000       2.24137922E-02
  2551.5000       2.24146256E-02
  2551.6000       2.24141987E-02
  2551.7000       2.24145126E-02
  2551.8000       2.24150219E-02
  2551.9000       2.24159664E-02
  2552.0000       2.24165686E-02
  2552.1000       2.24182830E-02
  2552.2000       2.24211927E-02
  2552.3000       2.24242213E-02
  2552.4000       2.24266280E-02
  2552.5000       2.24289881E-02
  2552.6000       2.24305900E-02
  2552.7000       2.24310714E-02
  2552.8000       2.24314704E-02
  2552.9000       2.24297276E-02
  2553.0000       2.24242854E-02
  2553.1000       2.24156376E-02
  2553.2000       2.24049119E-02
  2553.3000       2.23936860E-02
  2553.4000       2.23821024E-02
  2553.5000       2.23719703E-02
  2553.6000       2.23647515E-02
  2553.7000       2.23619299E-02
  2553.8000       2.23591343E-02
  2553.9000       2.23580062E-02
  2554.0000       2.23568714E-02
  2554.1000       2.23568101E-02
  2554.2000       2.23551781E-02
  2554.3000       2.23527153E-02
  2554.4000       2.23499367E-02
  2554.5000       2.23469881E-02
  2554.6000       2.23457887E-02
  2554.7000       2.23487120E-02
  2554.8000       2.23567200E-02
  2554.9000       2.23697976E-02
  2555.0000       2.23856296E-02
  2555.1000       2.24036249E-02
  2555.2000       2.24226001E-02
  2555.3000       2.24423182E-02
  2555.4000       2.24616566E-02
  2555.5000       2.24802090E-02
  2555.6000       2.24980673E-02
  2555.7000       2.25158554E-02
  2555.8000       2.25347207E-02
  2555.9000       2.25521216E-02
  2556.0000       2.25663546E-02
  2556.1000       2.25783167E-02
  2556.2000       2.25880690E-02
  2556.3000       2.25948540E-02
  2556.4000       2.25978339E-02
  2556.5000       2.25983155E-02
  2556.6000       2.25970696E-02
  2556.7000       2.25947508E-02
  2556.8000       2.25928862E-02
  2556.9000       2.25945886E-02
  2557.0000       2.25985890E-02
  2557.1000       2.26045681E-02
  2557.2000       2.26112345E-02
  2557.3000       2.26203027E-02
  2557.4000       2.26319880E-02
  2557.5000       2.26441641E-02
  2557.6000       2.26560915E-02
  2557.7000       2.26697548E-02
  2557.8000       2.26854184E-02
  2557.9000       2.27039098E-02
  2558.0000       2.27248977E-02
  2558.1000       2.27484045E-02
  2558.2000       2.27750044E-02
  2558.3000       2.28035358E-02
  2558.4000       2.28339459E-02
  2558.5000       2.28637777E-02
  2558.6000       2.28943677E-02
  2558.7000       2.29260826E-02
  2558.8000       2.29594333E-02
  2558.9000       2.29921120E-02
  2559.0000       2.30215917E-02
  2559.1000       2.30482254E-02
  2559.2000       2.30745117E-02
  2559.3000       2.31000334E-02
  2559.4000       2.31273305E-02
  2559.5000       2.31572332E-02
  2559.6000       2.31884377E-02
  2559.7000       2.32207330E-02
  2559.8000       2.32546908E-02
  2559.9000       2.32862735E-02
  2560.0000       2.33148031E-02
  2560.1000       2.33430959E-02
  2560.2000       2.33720686E-02
  2560.3000       2.33976423E-02
  2560.4000       2.34219863E-02
  2560.5000       2.34439155E-02
  2560.6000       2.34607222E-02
  2560.7000       2.34736595E-02
  2560.8000       2.34822985E-02
  2560.9000       2.34853767E-02
  2561.0000       2.34813571E-02
  2561.1000       2.34699860E-02
  2561.2000       2.34520001E-02
  2561.3000       2.34273668E-02
  2561.4000       2.33975191E-02
  2561.5000       2.33630867E-02
  2561.6000       2.33246412E-02
  2561.7000       2.32825491E-02
  2561.8000       2.32397072E-02
  2561.9000       2.32003168E-02
  2562.0000       2.31617565E-02
  2562.1000       2.31270205E-02
  2562.2000       2.30958199E-02
  2562.3000       2.30668034E-02
  2562.4000       2.30349189E-02
  2562.5000       2.30031792E-02
  2562.6000       2.29742377E-02
  2562.7000       2.29453535E-02
  2562.8000       2.29169076E-02
  2562.9000       2.28926517E-02
  2563.0000       2.28713592E-02
  2563.1000       2.28551369E-02
  2563.2000       2.28407154E-02
  2563.3000       2.28237857E-02
  2563.4000       2.28087378E-02
  2563.5000       2.27991371E-02
  2563.6000       2.27971837E-02
  2563.7000       2.28001212E-02
  2563.8000       2.28073991E-02
  2563.9000       2.28198758E-02
  2564.0000       2.28360136E-02
  2564.1000       2.28539349E-02
  2564.2000       2.28723945E-02
  2564.3000       2.28914696E-02
  2564.4000       2.29087889E-02
  2564.5000       2.29250557E-02
  2564.6000       2.29396031E-02
  2564.7000       2.29528592E-02
  2564.8000       2.29656401E-02
  2564.9000       2.29774015E-02
  2565.0000       2.29860641E-02
  2565.1000       2.29926595E-02
  2565.2000       2.29996605E-02
  2565.3000       2.30066354E-02
  2565.4000       2.30143666E-02
  2565.5000       2.30196207E-02
  2565.6000       2.30228057E-02
  2565.7000       2.30239855E-02
  2565.8000       2.30238128E-02
  2565.9000       2.30219788E-02
  2566.0000       2.30192769E-02
  2566.1000       2.30152754E-02
  2566.2000       2.30098505E-02
  2566.3000       2.30028114E-02
  2566.4000       2.29935809E-02
  2566.5000       2.29827251E-02
  2566.6000       2.29706656E-02
  2566.7000       2.29581016E-02
  2566.8000       2.29450577E-02
  2566.9000       2.29318430E-02
  2567.0000       2.29191102E-02
  2567.1000       2.29059368E-02
  2567.2000       2.28955220E-02
  2567.3000       2.28881330E-02
  2567.4000       2.28843001E-02
  2567.5000       2.28829398E-02
  2567.6000       2.28844071E-02
  2567.7000       2.28887070E-02
  2567.8000       2.28947221E-02
  2567.9000       2.29026915E-02
  2568.0000       2.29119975E-02
  2568.1000       2.29222768E-02
  2568.2000       2.29331588E-02
  2568.3000       2.29455610E-02
  2568.4000       2.29580952E-02
  2568.5000       2.29694763E-02
  2568.6000       2.29789720E-02
  2568.7000       2.29873804E-02
  2568.8000       2.29937371E-02
  2568.9000       2.29967910E-02
  2569.0000       2.29978074E-02
  2569.1000       2.29987475E-02
  2569.2000       2.29996034E-02
  2569.3000       2.30011402E-02
  2569.4000       2.30043581E-02
  2569.5000       2.30108744E-02
  2569.6000       2.30222993E-02
  2569.7000       2.30377706E-02
  2569.8000       2.30571447E-02
  2569.9000       2.30801457E-02
  2570.0000       2.31048244E-02
  2570.1000       2.31283240E-02
  2570.2000       2.31469429E-02
  2570.3000       2.31601424E-02
  2570.4000       2.31678674E-02
  2570.5000       2.31720837E-02
  2570.6000       2.31711454E-02
  2570.7000       2.31642085E-02
  2570.8000       2.31516970E-02
  2570.9000       2.31357271E-02
  2571.0000       2.31165564E-02
  2571.1000       2.30957108E-02
  2571.2000       2.30734134E-02
  2571.3000       2.30496315E-02
  2571.4000       2.30273043E-02
  2571.5000       2.30087253E-02
  2571.6000       2.29942970E-02
  2571.7000       2.29822520E-02
  2571.8000       2.29721660E-02
  2571.9000       2.29643228E-02
  2572.0000       2.29582306E-02
  2572.1000       2.29528380E-02
  2572.2000       2.29488209E-02
  2572.3000       2.29468991E-02
  2572.4000       2.29481409E-02
  2572.5000       2.29519720E-02
  2572.6000       2.29571946E-02
  2572.7000       2.29622090E-02
  2572.8000       2.29659973E-02
  2572.9000       2.29682672E-02
  2573.0000       2.29687226E-02
  2573.1000       2.29682275E-02
  2573.2000       2.29666156E-02
  2573.3000       2.29645876E-02
  2573.4000       2.29607502E-02
  2573.5000       2.29564448E-02
  2573.6000       2.29520011E-02
  2573.7000       2.29505722E-02
  2573.8000       2.29525761E-02
  2573.9000       2.29559346E-02
  2574.0000       2.29622272E-02
  2574.1000       2.29732137E-02
  2574.2000       2.29900875E-02
  2574.3000       2.30113433E-02
  2574.4000       2.30355994E-02
  2574.5000       2.30602371E-02
  2574.6000       2.30812521E-02
  2574.7000       2.30991701E-02
  2574.8000       2.31139834E-02
  2574.9000       2.31237530E-02
  2575.0000       2.31286595E-02
  2575.1000       2.31304680E-02
  2575.2000       2.31312088E-02
  2575.3000       2.31316884E-02
  2575.4000       2.31318722E-02
  2575.5000       2.31307817E-02
  2575.6000       2.31263587E-02
  2575.7000       2.31165606E-02
  2575.8000       2.31006652E-02
  2575.9000       2.30828018E-02
  2576.0000       2.30649880E-02
  2576.1000       2.30468098E-02
  2576.2000       2.30278339E-02
  2576.3000       2.30073166E-02
  2576.4000       2.29853161E-02
  2576.5000       2.29623320E-02
  2576.6000       2.29390091E-02
  2576.7000       2.29172354E-02
  2576.8000       2.29000961E-02
  2576.9000       2.28872719E-02
  2577.0000       2.28768314E-02
  2577.1000       2.28694323E-02
  2577.2000       2.28643477E-02
  2577.3000       2.28601023E-02
  2577.4000       2.28567083E-02
  2577.5000       2.28537189E-02
  2577.6000       2.28504809E-02
  2577.7000       2.28482434E-02
  2577.8000       2.28503228E-02
  2577.9000       2.28597997E-02
  2578.0000       2.28777260E-02
  2578.1000       2.29015914E-02
  2578.2000       2.29275426E-02
  2578.3000       2.29541942E-02
  2578.4000       2.29834173E-02
  2578.5000       2.30114201E-02
  2578.6000       2.30389133E-02
  2578.7000       2.30643631E-02
  2578.8000       2.30914846E-02
  2578.9000       2.31203561E-02
  2579.0000       2.31511230E-02
  2579.1000       2.31836273E-02
  2579.2000       2.32172400E-02
  2579.3000       2.32512199E-02
  2579.4000       2.32842804E-02
  2579.5000       2.33120676E-02
  2579.6000       2.33351017E-02
  2579.7000       2.33534108E-02
  2579.8000       2.33658644E-02
  2579.9000       2.33748666E-02
  2580.0000       2.33821756E-02
  2580.1000       2.33881304E-02
  2580.2000       2.33924883E-02
  2580.3000       2.33943795E-02
  2580.4000       2.33932253E-02
  2580.5000       2.33884730E-02
  2580.6000       2.33784913E-02
  2580.7000       2.33635445E-02
  2580.8000       2.33453525E-02
  2580.9000       2.33259579E-02
  2581.0000       2.33045391E-02
  2581.1000       2.32809330E-02
  2581.2000       2.32577601E-02
  2581.3000       2.32387662E-02
  2581.4000       2.32250333E-02
  2581.5000       2.32172939E-02
  2581.6000       2.32138977E-02
  2581.7000       2.32123769E-02
  2581.8000       2.32102043E-02
  2581.9000       2.32034446E-02
  2582.0000       2.31922275E-02
  2582.1000       2.31760653E-02
  2582.2000       2.31534963E-02
  2582.3000       2.31248916E-02
  2582.4000       2.30917584E-02
  2582.5000       2.30550236E-02
  2582.6000       2.30136189E-02
  2582.7000       2.29660014E-02
  2582.8000       2.29137456E-02
  2582.9000       2.28615554E-02
  2583.0000       2.28113742E-02
  2583.1000       2.27655190E-02
  2583.2000       2.27242094E-02
  2583.3000       2.26869698E-02
  2583.4000       2.26531088E-02
  2583.5000       2.26222748E-02
  2583.6000       2.25956575E-02
  2583.7000       2.25731042E-02
  2583.8000       2.25535852E-02
  2583.9000       2.25371964E-02
  2584.0000       2.25232101E-02
  2584.1000       2.25126892E-02
  2584.2000       2.25070422E-02
  2584.3000       2.25063436E-02
  2584.4000       2.25106933E-02
  2584.5000       2.25207550E-02
  2584.6000       2.25368639E-02
  2584.7000       2.25573348E-02
  2584.8000       2.25821695E-02
  2584.9000       2.26084191E-02
  2585.0000       2.26360389E-02
  2585.1000       2.26628596E-02
  2585.2000       2.26889356E-02
  2585.3000       2.27133937E-02
  2585.4000       2.27366460E-02
  2585.5000       2.27582248E-02
  2585.6000       2.27784103E-02
  2585.7000       2.27986288E-02
  2585.8000       2.28178669E-02
  2585.9000       2.28367974E-02
  2586.0000       2.28561859E-02
  2586.1000       2.28776733E-02
  2586.2000       2.28992008E-02
  2586.3000       2.29188719E-02
  2586.4000       2.29371657E-02
  2586.5000       2.29551200E-02
  2586.6000       2.29744241E-02
  2586.7000       2.29933468E-02
  2586.8000       2.30108963E-02
  2586.9000       2.30273252E-02
  2587.0000       2.30455173E-02
  2587.1000       2.30648849E-02
  2587.2000       2.30862628E-02
  2587.3000       2.31081325E-02
  2587.4000       2.31287993E-02
  2587.5000       2.31506960E-02
  2587.6000       2.31736899E-02
  2587.7000       2.31975294E-02
  2587.8000       2.32215234E-02
  2587.9000       2.32450431E-02
  2588.0000       2.32650092E-02
  2588.1000       2.32809796E-02
  2588.2000       2.32932894E-02
  2588.3000       2.33026981E-02
  2588.4000       2.33119081E-02
  2588.5000       2.33237470E-02
  2588.6000       2.33404411E-02
  2588.7000       2.33622780E-02
  2588.8000       2.33876816E-02
  2588.9000       2.34150075E-02
  2589.0000       2.34431734E-02
  2589.1000       2.34718265E-02
  2589.2000       2.35014197E-02
  2589.3000       2.35331477E-02
  2589.4000       2.35664082E-02
  2589.5000       2.36022696E-02
  2589.6000       2.36421929E-02
  2589.7000       2.36856439E-02
  2589.8000       2.37340588E-02
  2589.9000       2.37840801E-02
  2590.0000       2.38318469E-02
  2590.1000       2.38770720E-02
  2590.2000       2.39187575E-02
  2590.3000       2.39553292E-02
  2590.4000       2.39872130E-02
  2590.5000       2.40167014E-02
  2590.6000       2.40444928E-02
  2590.7000       2.40712096E-02
  2590.8000       2.40960563E-02
  2590.9000       2.41188088E-02
  2591.0000       2.41397766E-02
  2591.1000       2.41564453E-02
  2591.2000       2.41700102E-02
  2591.3000       2.41795621E-02
  2591.4000       2.41838774E-02
  2591.5000       2.41835292E-02
  2591.6000       2.41800131E-02
  2591.7000       2.41748937E-02
  2591.8000       2.41701299E-02
  2591.9000       2.41647196E-02
  2592.0000       2.41586649E-02
  2592.1000       2.41485570E-02
  2592.2000       2.41347790E-02
  2592.3000       2.41164904E-02
  2592.4000       2.40945506E-02
  2592.5000       2.40718168E-02
  2592.6000       2.40535727E-02
  2592.7000       2.40419611E-02
  2592.8000       2.40400111E-02
  2592.9000       2.40461419E-02
  2593.0000       2.40535276E-02
  2593.1000       2.40569372E-02
  2593.2000       2.40567813E-02
  2593.3000       2.40535997E-02
  2593.4000       2.40456428E-02
  2593.5000       2.40324858E-02
  2593.6000       2.40183763E-02
  2593.7000       2.40045439E-02
  2593.8000       2.39897973E-02
  2593.9000       2.39739311E-02
  2594.0000       2.39523292E-02
  2594.1000       2.39267357E-02
  2594.2000       2.39027826E-02
  2594.3000       2.38811725E-02
  2594.4000       2.38604339E-02
  2594.5000       2.38401959E-02
  2594.6000       2.38190018E-02
  2594.7000       2.38002736E-02
  2594.8000       2.37876985E-02
  2594.9000       2.37821263E-02
  2595.0000       2.37817142E-02
  2595.1000       2.37828358E-02
  2595.2000       2.37833624E-02
  2595.3000       2.37830946E-02
  2595.4000       2.37857893E-02
  2595.5000       2.37913136E-02
  2595.6000       2.37989223E-02
  2595.7000       2.38060836E-02
  2595.8000       2.38095100E-02
  2595.9000       2.38112091E-02
  2596.0000       2.38145088E-02
  2596.1000       2.38209295E-02
  2596.2000       2.38298960E-02
  2596.3000       2.38410017E-02
  2596.4000       2.38524019E-02
  2596.5000       2.38640737E-02
  2596.6000       2.38759992E-02
  2596.7000       2.38881805E-02
  2596.8000       2.38998657E-02
  2596.9000       2.39089837E-02
  2597.0000       2.39152561E-02
  2597.1000       2.39181148E-02
  2597.2000       2.39166099E-02
  2597.3000       2.39087753E-02
  2597.4000       2.38971210E-02
  2597.5000       2.38825189E-02
  2597.6000       2.38647951E-02
  2597.7000       2.38447188E-02
  2597.8000       2.38250373E-02
  2597.9000       2.38059184E-02
  2598.0000       2.37877865E-02
  2598.1000       2.37720466E-02
  2598.2000       2.37576177E-02
  2598.3000       2.37446344E-02
  2598.4000       2.37336249E-02
  2598.5000       2.37243156E-02
  2598.6000       2.37170316E-02
  2598.7000       2.37111172E-02
  2598.8000       2.37081152E-02
  2598.9000       2.37099200E-02
  2599.0000       2.37150539E-02
  2599.1000       2.37249711E-02
  2599.2000       2.37387322E-02
  2599.3000       2.37575931E-02
  2599.4000       2.37802768E-02
  2599.5000       2.38063949E-02
  2599.6000       2.38349867E-02
  2599.7000       2.38668636E-02
  2599.8000       2.39045471E-02
  2599.9000       2.39484591E-02
  2600.0000       2.39974089E-02
  2600.1000       2.40492149E-02
  2600.2000       2.41018467E-02
  2600.3000       2.41529380E-02
  2600.4000       2.42000441E-02
  2600.5000       2.42446914E-02
  2600.6000       2.42862010E-02
  2600.7000       2.43211009E-02
  2600.8000       2.43499008E-02
  2600.9000       2.43790206E-02
  2601.0000       2.44104392E-02
  2601.1000       2.44459965E-02
  2601.2000       2.44848634E-02
  2601.3000       2.45252200E-02
  2601.4000       2.45641287E-02
  2601.5000       2.46015821E-02
  2601.6000       2.46385753E-02
  2601.7000       2.46732298E-02
  2601.8000       2.47057462E-02
  2601.9000       2.47363958E-02
  2602.0000       2.47650454E-02
  2602.1000       2.47918477E-02
  2602.2000       2.48159672E-02
  2602.3000       2.48389520E-02
  2602.4000       2.48607214E-02
  2602.5000       2.48796835E-02
  2602.6000       2.48961138E-02
  2602.7000       2.49091615E-02
  2602.8000       2.49204235E-02
  2602.9000       2.49296378E-02
  2603.0000       2.49375150E-02
  2603.1000       2.49437420E-02
  2603.2000       2.49478464E-02
  2603.3000       2.49506683E-02
  2603.4000       2.49517998E-02
  2603.5000       2.49519596E-02
  2603.6000       2.49507100E-02
  2603.7000       2.49498740E-02
  2603.8000       2.49472274E-02
  2603.9000       2.49419974E-02
  2604.0000       2.49351048E-02
  2604.1000       2.49254574E-02
  2604.2000       2.49141720E-02
  2604.3000       2.49017611E-02
  2604.4000       2.48877531E-02
  2604.5000       2.48719600E-02
  2604.6000       2.48550733E-02
  2604.7000       2.48399105E-02
  2604.8000       2.48256367E-02
  2604.9000       2.48122046E-02
  2605.0000       2.47988775E-02
  2605.1000       2.47852320E-02
  2605.2000       2.47722947E-02
  2605.3000       2.47612893E-02
  2605.4000       2.47521775E-02
  2605.5000       2.47439139E-02
  2605.6000       2.47332158E-02
  2605.7000       2.47215319E-02
  2605.8000       2.47084097E-02
  2605.9000       2.46958575E-02
  2606.0000       2.46862668E-02
  2606.1000       2.46787994E-02
  2606.2000       2.46712380E-02
  2606.3000       2.46575559E-02
  2606.4000       2.46423313E-02
  2606.5000       2.46303371E-02
  2606.6000       2.46185506E-02
  2606.7000       2.46119223E-02
  2606.8000       2.46077119E-02
  2606.9000       2.46016741E-02
  2607.0000       2.45921308E-02
  2607.1000       2.45782162E-02
  2607.2000       2.45579768E-02
  2607.3000       2.45311058E-02
  2607.4000       2.44996655E-02
  2607.5000       2.44644932E-02
  2607.6000       2.44261633E-02
  2607.7000       2.43832044E-02
  2607.8000       2.43366510E-02
  2607.9000       2.42872997E-02
  2608.0000       2.42359467E-02
  2608.1000       2.41820228E-02
  2608.2000       2.41265120E-02
  2608.3000       2.40711897E-02
  2608.4000       2.40187340E-02
  2608.5000       2.39712318E-02
  2608.6000       2.39270543E-02
  2608.7000       2.38830913E-02
  2608.8000       2.38389778E-02
  2608.9000       2.37969614E-02
  2609.0000       2.37574752E-02
  2609.1000       2.37199705E-02
  2609.2000       2.36886649E-02
  2609.3000       2.36639034E-02
  2609.4000       2.36430668E-02
  2609.5000       2.36260286E-02
  2609.6000       2.36114375E-02
  2609.7000       2.35964293E-02
  2609.8000       2.35811773E-02
  2609.9000       2.35666431E-02
  2610.0000       2.35503526E-02
  2610.1000       2.35344502E-02
  2610.2000       2.35230976E-02
  2610.3000       2.35126806E-02
  2610.4000       2.35053722E-02
  2610.5000       2.35023818E-02
  2610.6000       2.35039199E-02
  2610.7000       2.35063224E-02
  2610.8000       2.35089862E-02
  2610.9000       2.35131196E-02
  2611.0000       2.35182472E-02
  2611.1000       2.35237087E-02
  2611.2000       2.35275103E-02
  2611.3000       2.35308424E-02
  2611.4000       2.35326755E-02
  2611.5000       2.35348037E-02
  2611.6000       2.35358485E-02
  2611.7000       2.35374836E-02
  2611.8000       2.35404343E-02
  2611.9000       2.35465512E-02
  2612.0000       2.35544263E-02
  2612.1000       2.35624913E-02
  2612.2000       2.35703158E-02
  2612.3000       2.35762634E-02
  2612.4000       2.35796046E-02
  2612.5000       2.35791244E-02
  2612.6000       2.35769071E-02
  2612.7000       2.35741021E-02
  2612.8000       2.35702002E-02
  2612.9000       2.35631435E-02
  2613.0000       2.35540015E-02
  2613.1000       2.35440021E-02
  2613.2000       2.35325756E-02
  2613.3000       2.35190936E-02
  2613.4000       2.35063394E-02
  2613.5000       2.34930199E-02
  2613.6000       2.34800874E-02
  2613.7000       2.34687257E-02
  2613.8000       2.34595078E-02
  2613.9000       2.34547151E-02
  2614.0000       2.34525483E-02
  2614.1000       2.34537592E-02
  2614.2000       2.34588167E-02
  2614.3000       2.34677715E-02
  2614.4000       2.34784028E-02
  2614.5000       2.34889717E-02
  2614.6000       2.34994427E-02
  2614.7000       2.35087981E-02
  2614.8000       2.35181934E-02
  2614.9000       2.35304081E-02
  2615.0000       2.35450268E-02
  2615.1000       2.35620567E-02
  2615.2000       2.35809218E-02
  2615.3000       2.36018629E-02
  2615.4000       2.36260306E-02
  2615.5000       2.36544773E-02
  2615.6000       2.36860601E-02
  2615.7000       2.37223175E-02
  2615.8000       2.37619312E-02
  2615.9000       2.38025858E-02
  2616.0000       2.38419871E-02
  2616.1000       2.38786659E-02
  2616.2000       2.39127261E-02
  2616.3000       2.39451707E-02
  2616.4000       2.39743796E-02
  2616.5000       2.40006763E-02
  2616.6000       2.40251865E-02
  2616.7000       2.40477144E-02
  2616.8000       2.40674368E-02
  2616.9000       2.40837429E-02
  2617.0000       2.40962015E-02
  2617.1000       2.41046669E-02
  2617.2000       2.41084087E-02
  2617.3000       2.41085659E-02
  2617.4000       2.41076491E-02
  2617.5000       2.41057750E-02
  2617.6000       2.41042067E-02
  2617.7000       2.41030941E-02
  2617.8000       2.41053278E-02
  2617.9000       2.41114900E-02
  2618.0000       2.41227485E-02
  2618.1000       2.41403087E-02
  2618.2000       2.41629792E-02
  2618.3000       2.41907339E-02
  2618.4000       2.42215362E-02
  2618.5000       2.42568902E-02
  2618.6000       2.42974645E-02
  2618.7000       2.43376404E-02
  2618.8000       2.43728713E-02
  2618.9000       2.44027548E-02
  2619.0000       2.44308883E-02
  2619.1000       2.44610966E-02
  2619.2000       2.44908510E-02
  2619.3000       2.45194044E-02
  2619.4000       2.45467423E-02
  2619.5000       2.45718951E-02
  2619.6000       2.45970598E-02
  2619.7000       2.46225449E-02
  2619.8000       2.46475791E-02
  2619.9000       2.46714698E-02
  2620.0000       2.46943895E-02
  2620.1000       2.47160617E-02
  2620.2000       2.47362162E-02
  2620.3000       2.47553043E-02
  2620.4000       2.47733267E-02
  2620.5000       2.47894569E-02
  2620.6000       2.48015120E-02
  2620.7000       2.48107767E-02
  2620.8000       2.48162662E-02
  2620.9000       2.48185867E-02
  2621.0000       2.48205574E-02
  2621.1000       2.48220380E-02
  2621.2000       2.48223573E-02
  2621.3000       2.48197924E-02
  2621.4000       2.48147323E-02
  2621.5000       2.48087300E-02
  2621.6000       2.48058331E-02
  2621.7000       2.48019975E-02
  2621.8000       2.48004295E-02
  2621.9000       2.48076344E-02
  2622.0000       2.48104371E-02
  2622.1000       2.47995182E-02
  2622.2000       2.47772868E-02
  2622.3000       2.47516001E-02
  2622.4000       2.47303884E-02
  2622.5000       2.47147627E-02
  2622.6000       2.47025084E-02
  2622.7000       2.46937967E-02
  2622.8000       2.46929044E-02
  2622.9000       2.46935484E-02
  2623.0000       2.46915992E-02
  2623.1000       2.46846385E-02
  2623.2000       2.46710469E-02
  2623.3000       2.46497325E-02
  2623.4000       2.46226149E-02
  2623.5000       2.45852330E-02
  2623.6000       2.45463539E-02
  2623.7000       2.45144057E-02
  2623.8000       2.44842289E-02
  2623.9000       2.44549604E-02
  2624.0000       2.44253214E-02
  2624.1000       2.43918666E-02
  2624.2000       2.43549957E-02
  2624.3000       2.43188284E-02
  2624.4000       2.42852314E-02
  2624.5000       2.42572233E-02
  2624.6000       2.42365587E-02
  2624.7000       2.42207712E-02
  2624.8000       2.42040935E-02
  2624.9000       2.41848954E-02
  2625.0000       2.41618075E-02
  2625.1000       2.41345654E-02
  2625.2000       2.41052973E-02
  2625.3000       2.40737525E-02
  2625.4000       2.40384977E-02
  2625.5000       2.39988152E-02
  2625.6000       2.39564780E-02
  2625.7000       2.39125149E-02
  2625.8000       2.38676214E-02
  2625.9000       2.38215547E-02
  2626.0000       2.37738119E-02
  2626.1000       2.37259516E-02
  2626.2000       2.36796179E-02
  2626.3000       2.36315586E-02
  2626.4000       2.35768480E-02
  2626.5000       2.35148027E-02
  2626.6000       2.34463913E-02
  2626.7000       2.33729840E-02
  2626.8000       2.32953220E-02
  2626.9000       2.32122216E-02
  2627.0000       2.31257584E-02
  2627.1000       2.30395840E-02
  2627.2000       2.29520436E-02
  2627.3000       2.28602759E-02
  2627.4000       2.27765795E-02
  2627.5000       2.26866693E-02
  2627.6000       2.25758347E-02
  2627.7000       2.24665590E-02
  2627.8000       2.23544259E-02
  2627.9000       2.22534832E-02
  2628.0000       2.21694333E-02
  2628.1000       2.20865385E-02
  2628.2000       2.19920422E-02
  2628.3000       2.18964160E-02
  2628.4000       2.18115113E-02
  2628.5000       2.17335492E-02
  2628.6000       2.16665124E-02
  2628.7000       2.16156717E-02
  2628.8000       2.15746393E-02
  2628.9000       2.15374486E-02
  2629.0000       2.14971857E-02
  2629.1000       2.14504759E-02
  2629.2000       2.13953755E-02
  2629.3000       2.13345982E-02
  2629.4000       2.12697237E-02
  2629.5000       2.12011892E-02
  2629.6000       2.11314195E-02
  2629.7000       2.10617957E-02
  2629.8000       2.09913932E-02
  2629.9000       2.09197469E-02
  2630.0000       2.08476192E-02
  2630.1000       2.07769578E-02
  2630.2000       2.07094314E-02
  2630.3000       2.06478887E-02
  2630.4000       2.05968547E-02
  2630.5000       2.05556531E-02
  2630.6000       2.05242881E-02
  2630.7000       2.05015036E-02
  2630.8000       2.04831713E-02
  2630.9000       2.04663296E-02
  2631.0000       2.04466865E-02
  2631.1000       2.04241142E-02
  2631.2000       2.03984099E-02
  2631.3000       2.03705555E-02
  2631.4000       2.03418668E-02
  2631.5000       2.03119613E-02
  2631.6000       2.02832164E-02
  2631.7000       2.02571495E-02
  2631.8000       2.02341472E-02
  2631.9000       2.02149543E-02
  2632.0000       2.01990060E-02
  2632.1000       2.01836676E-02
  2632.2000       2.01675262E-02
  2632.3000       2.01503224E-02
  2632.4000       2.01326489E-02
  2632.5000       2.01141639E-02
  2632.6000       2.00946655E-02
  2632.7000       2.00750874E-02
  2632.8000       2.00557243E-02
  2632.9000       2.00362267E-02
  2633.0000       2.00169501E-02
  2633.1000       2.00005127E-02
  2633.2000       1.99924885E-02
  2633.3000       1.99891119E-02
  2633.4000       1.99872505E-02
  2633.5000       1.99884883E-02
  2633.6000       1.99893918E-02
  2633.7000       1.99928931E-02
  2633.8000       2.00000830E-02
  2633.9000       2.00098025E-02
  2634.0000       2.00218735E-02
  2634.1000       2.00352653E-02
  2634.2000       2.00466112E-02
  2634.3000       2.00539273E-02
  2634.4000       2.00590430E-02
  2634.5000       2.00616161E-02
  2634.6000       2.00642502E-02
  2634.7000       2.00699287E-02
  2634.8000       2.00771008E-02
  2634.9000       2.00856509E-02
  2635.0000       2.00933425E-02
  2635.1000       2.00992668E-02
  2635.2000       2.01048634E-02
  2635.3000       2.01105067E-02
  2635.4000       2.01144278E-02
  2635.5000       2.01132751E-02
  2635.6000       2.01072851E-02
  2635.7000       2.00965488E-02
  2635.8000       2.00838115E-02
  2635.9000       2.00714931E-02
  2636.0000       2.00602692E-02
  2636.1000       2.00511183E-02
  2636.2000       2.00441297E-02
  2636.3000       2.00384340E-02
  2636.4000       2.00346254E-02
  2636.5000       2.00349295E-02
  2636.6000       2.00388046E-02
  2636.7000       2.00450215E-02
  2636.8000       2.00548779E-02
  2636.9000       2.00700426E-02
  2637.0000       2.00908893E-02
  2637.1000       2.01151886E-02
  2637.2000       2.01421357E-02
  2637.3000       2.01716359E-02
  2637.4000       2.02023160E-02
  2637.5000       2.02312834E-02
  2637.6000       2.02572712E-02
  2637.7000       2.02746006E-02
  2637.8000       2.02844891E-02
  2637.9000       2.02865255E-02
  2638.0000       2.02803158E-02
  2638.1000       2.02661379E-02
  2638.2000       2.02450716E-02
  2638.3000       2.02175268E-02
  2638.4000       2.01863864E-02
  2638.5000       2.01521819E-02
  2638.6000       2.01137187E-02
  2638.7000       2.00703111E-02
  2638.8000       2.00250324E-02
  2638.9000       1.99830600E-02
  2639.0000       1.99467385E-02
  2639.1000       1.99149209E-02
  2639.2000       1.98816011E-02
  2639.3000       1.98453186E-02
  2639.4000       1.98083858E-02
  2639.5000       1.97764065E-02
  2639.6000       1.97455618E-02
  2639.7000       1.97118285E-02
  2639.8000       1.96749965E-02
  2639.9000       1.96358323E-02
  2640.0000       1.96021866E-02
  2640.1000       1.95773293E-02
  2640.2000       1.95572542E-02
  2640.3000       1.95418534E-02
  2640.4000       1.95286771E-02
  2640.5000       1.95184731E-02
  2640.6000       1.95144926E-02
  2640.7000       1.95160915E-02
  2640.8000       1.95217768E-02
  2640.9000       1.95272891E-02
  2641.0000       1.95305249E-02
  2641.1000       1.95259375E-02
  2641.2000       1.95108390E-02
  2641.3000       1.94915269E-02
  2641.4000       1.94733680E-02
  2641.5000       1.94557037E-02
  2641.6000       1.94377458E-02
  2641.7000       1.94255730E-02
  2641.8000       1.94221416E-02
  2641.9000       1.94282721E-02
  2642.0000       1.94423857E-02
  2642.1000       1.94606706E-02
  2642.2000       1.94838208E-02
  2642.3000       1.95044824E-02
  2642.4000       1.95215859E-02
  2642.5000       1.95352872E-02
  2642.6000       1.95447416E-02
  2642.7000       1.95521867E-02
  2642.8000       1.95579312E-02
  2642.9000       1.95646426E-02
  2643.0000       1.95727710E-02
  2643.1000       1.95814918E-02
  2643.2000       1.95909362E-02
  2643.3000       1.96000427E-02
  2643.4000       1.96077000E-02
  2643.5000       1.96145421E-02
  2643.6000       1.96213860E-02
  2643.7000       1.96337849E-02
  2643.8000       1.96541658E-02
  2643.9000       1.96792746E-02
  2644.0000       1.97063579E-02
  2644.1000       1.97352099E-02
  2644.2000       1.97657021E-02
  2644.3000       1.97971392E-02
  2644.4000       1.98280003E-02
  2644.5000       1.98569798E-02
  2644.6000       1.98836926E-02
  2644.7000       1.99126661E-02
  2644.8000       1.99383362E-02
  2644.9000       1.99564133E-02
  2645.0000       1.99757982E-02
  2645.1000       1.99962678E-02
  2645.2000       2.00230292E-02
  2645.3000       2.00560685E-02
  2645.4000       2.00889635E-02
  2645.5000       2.01180154E-02
  2645.6000       2.01477481E-02
  2645.7000       2.01766838E-02
  2645.8000       2.02048713E-02
  2645.9000       2.02348173E-02
  2646.0000       2.02667289E-02
  2646.1000       2.02989101E-02
  2646.2000       2.03331845E-02
  2646.3000       2.03671031E-02
  2646.4000       2.03996457E-02
  2646.5000       2.04308447E-02
  2646.6000       2.04606622E-02
  2646.7000       2.04891978E-02
  2646.8000       2.05155820E-02
  2646.9000       2.05427150E-02
  2647.0000       2.05716076E-02
  2647.1000       2.06014820E-02
  2647.2000       2.06300857E-02
  2647.3000       2.06541360E-02
  2647.4000       2.06722882E-02
  2647.5000       2.06845354E-02
  2647.6000       2.06922129E-02
  2647.7000       2.06958351E-02
  2647.8000       2.06982091E-02
  2647.9000       2.07012276E-02
  2648.0000       2.07031089E-02
  2648.1000       2.07045569E-02
  2648.2000       2.07066454E-02
  2648.3000       2.07076158E-02
  2648.4000       2.07056689E-02
  2648.5000       2.07011106E-02
  2648.6000       2.06956143E-02
  2648.7000       2.06909045E-02
  2648.8000       2.06884306E-02
  2648.9000       2.06875436E-02
  2649.0000       2.06854917E-02
  2649.1000       2.06809992E-02
  2649.2000       2.06772604E-02
  2649.3000       2.06766161E-02
  2649.4000       2.06774875E-02
  2649.5000       2.06822957E-02
  2649.6000       2.06906263E-02
  2649.7000       2.07008803E-02
  2649.8000       2.07098885E-02
  2649.9000       2.07174515E-02
  2650.0000       2.07266322E-02
  2650.1000       2.07372240E-02
  2650.2000       2.07475210E-02
  2650.3000       2.07567036E-02
  2650.4000       2.07664382E-02
  2650.5000       2.07773323E-02
  2650.6000       2.07897588E-02
  2650.7000       2.08063024E-02
  2650.8000       2.08245510E-02
  2650.9000       2.08420158E-02
  2651.0000       2.08587584E-02
  2651.1000       2.08745723E-02
  2651.2000       2.08886641E-02
  2651.3000       2.09024848E-02
  2651.4000       2.09177575E-02
  2651.5000       2.09371653E-02
  2651.6000       2.09592675E-02
  2651.7000       2.09804201E-02
  2651.8000       2.09994635E-02
  2651.9000       2.10151277E-02
  2652.0000       2.10237441E-02
  2652.1000       2.10252901E-02
  2652.2000       2.10219644E-02
  2652.3000       2.10152210E-02
  2652.4000       2.10072839E-02
  2652.5000       2.10002581E-02
  2652.6000       2.09951792E-02
  2652.7000       2.09905396E-02
  2652.8000       2.09840247E-02
  2652.9000       2.09743978E-02
  2653.0000       2.09642841E-02
  2653.1000       2.09555240E-02
  2653.2000       2.09485736E-02
  2653.3000       2.09442636E-02
  2653.4000       2.09442868E-02
  2653.5000       2.09486752E-02
  2653.6000       2.09563828E-02
  2653.7000       2.09658571E-02
  2653.8000       2.09762100E-02
  2653.9000       2.09868893E-02
  2654.0000       2.09960735E-02
  2654.1000       2.10041316E-02
  2654.2000       2.10110189E-02
  2654.3000       2.10176442E-02
  2654.4000       2.10249761E-02
  2654.5000       2.10339114E-02
  2654.6000       2.10450984E-02
  2654.7000       2.10587371E-02
  2654.8000       2.10731240E-02
  2654.9000       2.10876677E-02
  2655.0000       2.11008988E-02
  2655.1000       2.11126466E-02
  2655.2000       2.11229969E-02
  2655.3000       2.11305963E-02
  2655.4000       2.11352032E-02
  2655.5000       2.11398985E-02
  2655.6000       2.11477085E-02
  2655.7000       2.11570476E-02
  2655.8000       2.11630153E-02
  2655.9000       2.11658983E-02
  2656.0000       2.11649576E-02
  2656.1000       2.11585618E-02
  2656.2000       2.11488639E-02
  2656.3000       2.11377014E-02
  2656.4000       2.11226053E-02
  2656.5000       2.11082077E-02
  2656.6000       2.10941690E-02
  2656.7000       2.10790762E-02
  2656.8000       2.10634933E-02
  2656.9000       2.10491597E-02
  2657.0000       2.10345265E-02
  2657.1000       2.10168710E-02
  2657.2000       2.09947038E-02
  2657.3000       2.09683513E-02
  2657.4000       2.09360753E-02
  2657.5000       2.08975363E-02
  2657.6000       2.08540412E-02
  2657.7000       2.08081827E-02
  2657.8000       2.07606814E-02
  2657.9000       2.07145586E-02
  2658.0000       2.06721503E-02
  2658.1000       2.06332342E-02
  2658.2000       2.05942330E-02
  2658.3000       2.05538654E-02
  2658.4000       2.05124418E-02
  2658.5000       2.04701023E-02
  2658.6000       2.04268068E-02
  2658.7000       2.03826049E-02
  2658.8000       2.03397774E-02
  2658.9000       2.03000611E-02
  2659.0000       2.02661241E-02
  2659.1000       2.02396349E-02
  2659.2000       2.02206656E-02
  2659.3000       2.02075828E-02
  2659.4000       2.01984561E-02
  2659.5000       2.01918971E-02
  2659.6000       2.01881581E-02
  2659.7000       2.01872116E-02
  2659.8000       2.01872189E-02
  2659.9000       2.01890101E-02
  2660.0000       2.01934052E-02
  2660.1000       2.02007952E-02
  2660.2000       2.02126301E-02
  2660.3000       2.02270915E-02
  2660.4000       2.02422617E-02
  2660.5000       2.02568129E-02
  2660.6000       2.02695247E-02
  2660.7000       2.02809653E-02
  2660.8000       2.02918854E-02
  2660.9000       2.03035099E-02
  2661.0000       2.03162206E-02
  2661.1000       2.03307149E-02
  2661.2000       2.03466210E-02
  2661.3000       2.03633623E-02
  2661.4000       2.03804078E-02
  2661.5000       2.03958713E-02
  2661.6000       2.04085334E-02
  2661.7000       2.04178149E-02
  2661.8000       2.04237996E-02
  2661.9000       2.04278780E-02
  2662.0000       2.04302597E-02
  2662.1000       2.04322053E-02
  2662.2000       2.04329897E-02
  2662.3000       2.04321763E-02
  2662.4000       2.04305968E-02
  2662.5000       2.04289318E-02
  2662.6000       2.04258260E-02
  2662.7000       2.04206473E-02
  2662.8000       2.04120448E-02
  2662.9000       2.04000536E-02
  2663.0000       2.03835478E-02
  2663.1000       2.03612497E-02
  2663.2000       2.03323123E-02
  2663.3000       2.02969713E-02
  2663.4000       2.02549076E-02
  2663.5000       2.02066293E-02
  2663.6000       2.01553343E-02
  2663.7000       2.01022891E-02
  2663.8000       2.00484406E-02
  2663.9000       1.99927843E-02
  2664.0000       1.99361538E-02
  2664.1000       1.98789493E-02
  2664.2000       1.98226393E-02
  2664.3000       1.97678803E-02
  2664.4000       1.97145517E-02
  2664.5000       1.96619262E-02
  2664.6000       1.96099170E-02
  2664.7000       1.95592240E-02
  2664.8000       1.95085025E-02
  2664.9000       1.94573237E-02
  2665.0000       1.94046202E-02
  2665.1000       1.93511756E-02
  2665.2000       1.93014773E-02
  2665.3000       1.92583578E-02
  2665.4000       1.92227656E-02
  2665.5000       1.91917952E-02
  2665.6000       1.91639337E-02
  2665.7000       1.91369536E-02
  2665.8000       1.91101652E-02
  2665.9000       1.90840900E-02
  2666.0000       1.90570897E-02
  2666.1000       1.90284052E-02
  2666.2000       1.89970971E-02
  2666.3000       1.89630102E-02
  2666.4000       1.89264772E-02
  2666.5000       1.88869297E-02
  2666.6000       1.88443720E-02
  2666.7000       1.87985262E-02
  2666.8000       1.87490102E-02
  2666.9000       1.86970077E-02
  2667.0000       1.86436129E-02
  2667.1000       1.85909852E-02
  2667.2000       1.85423653E-02
  2667.3000       1.84990912E-02
  2667.4000       1.84608601E-02
  2667.5000       1.84289126E-02
  2667.6000       1.84029540E-02
  2667.7000       1.83826329E-02
  2667.8000       1.83678486E-02
  2667.9000       1.83578563E-02
  2668.0000       1.83511560E-02
  2668.1000       1.83449944E-02
  2668.2000       1.83375484E-02
  2668.3000       1.83269037E-02
  2668.4000       1.83136162E-02
  2668.5000       1.82990808E-02
  2668.6000       1.82847184E-02
  2668.7000       1.82712832E-02
  2668.8000       1.82579879E-02
  2668.9000       1.82441656E-02
  2669.0000       1.82293795E-02
  2669.1000       1.82142586E-02
  2669.2000       1.81979762E-02
  2669.3000       1.81826425E-02
  2669.4000       1.81695264E-02
  2669.5000       1.81585827E-02
  2669.6000       1.81508826E-02
  2669.7000       1.81464510E-02
  2669.8000       1.81450038E-02
  2669.9000       1.81471880E-02
  2670.0000       1.81504963E-02
  2670.1000       1.81576661E-02
  2670.2000       1.81687844E-02
  2670.3000       1.81803307E-02
  2670.4000       1.81932612E-02
  2670.5000       1.82087591E-02
  2670.6000       1.82269004E-02
  2670.7000       1.82472182E-02
  2670.8000       1.82681983E-02
  2670.9000       1.82893093E-02
  2671.0000       1.83099012E-02
  2671.1000       1.83310787E-02
  2671.2000       1.83531222E-02
  2671.3000       1.83784186E-02
  2671.4000       1.84067761E-02
  2671.5000       1.84379667E-02
  2671.6000       1.84717282E-02
  2671.7000       1.85078540E-02
  2671.8000       1.85451374E-02
  2671.9000       1.85843257E-02
  2672.0000       1.86230436E-02
  2672.1000       1.86578496E-02
  2672.2000       1.86881012E-02
  2672.3000       1.87128512E-02
  2672.4000       1.87338457E-02
  2672.5000       1.87511031E-02
  2672.6000       1.87632794E-02
  2672.7000       1.87683415E-02
  2672.8000       1.87670278E-02
  2672.9000       1.87613898E-02
  2673.0000       1.87543731E-02
  2673.1000       1.87458763E-02
  2673.2000       1.87365284E-02
  2673.3000       1.87265812E-02
  2673.4000       1.87148949E-02
  2673.5000       1.87018568E-02
  2673.6000       1.86866884E-02
  2673.7000       1.86686029E-02
  2673.8000       1.86478109E-02
  2673.9000       1.86239561E-02
  2674.0000       1.85970353E-02
  2674.1000       1.85675907E-02
  2674.2000       1.85373957E-02
  2674.3000       1.85082897E-02
  2674.4000       1.84814843E-02
  2674.5000       1.84568485E-02
  2674.6000       1.84352059E-02
  2674.7000       1.84175635E-02
  2674.8000       1.84031391E-02
  2674.9000       1.83920080E-02
  2675.0000       1.83836845E-02
  2675.1000       1.83778572E-02
  2675.2000       1.83733148E-02
  2675.3000       1.83687945E-02
  2675.4000       1.83625881E-02
  2675.5000       1.83547903E-02
  2675.6000       1.83481352E-02
  2675.7000       1.83419359E-02
  2675.8000       1.83355652E-02
  2675.9000       1.83293311E-02
  2676.0000       1.83230406E-02
  2676.1000       1.83171350E-02
  2676.2000       1.83087990E-02
  2676.3000       1.82995219E-02
  2676.4000       1.82928257E-02
  2676.5000       1.82900406E-02
  2676.6000       1.82916306E-02
  2676.7000       1.83013050E-02
  2676.8000       1.83189620E-02
  2676.9000       1.83431694E-02
  2677.0000       1.83704708E-02
  2677.1000       1.83981405E-02
  2677.2000       1.84240484E-02
  2677.3000       1.84488110E-02
  2677.4000       1.84752814E-02
  2677.5000       1.85046147E-02
  2677.6000       1.85367724E-02
  2677.7000       1.85695179E-02
  2677.8000       1.86010113E-02
  2677.9000       1.86311721E-02
  2678.0000       1.86595532E-02
  2678.1000       1.86846001E-02
  2678.2000       1.87062493E-02
  2678.3000       1.87231739E-02
  2678.4000       1.87366542E-02
  2678.5000       1.87466892E-02
  2678.6000       1.87565388E-02
  2678.7000       1.87674829E-02
  2678.8000       1.87823735E-02
  2678.9000       1.88026985E-02
  2679.0000       1.88275643E-02
  2679.1000       1.88555284E-02
  2679.2000       1.88838836E-02
  2679.3000       1.89090027E-02
  2679.4000       1.89305608E-02
  2679.5000       1.89476546E-02
  2679.6000       1.89607294E-02
  2679.7000       1.89702701E-02
  2679.8000       1.89771329E-02
  2679.9000       1.89815269E-02
  2680.0000       1.89829679E-02
  2680.1000       1.89814045E-02
  2680.2000       1.89764584E-02
  2680.3000       1.89692549E-02
  2680.4000       1.89613798E-02
  2680.5000       1.89543075E-02
  2680.6000       1.89500726E-02
  2680.7000       1.89480510E-02
  2680.8000       1.89477687E-02
  2680.9000       1.89487385E-02
  2681.0000       1.89525234E-02
  2681.1000       1.89606746E-02
  2681.2000       1.89725034E-02
  2681.3000       1.89869388E-02
  2681.4000       1.90037471E-02
  2681.5000       1.90221124E-02
  2681.6000       1.90379636E-02
  2681.7000       1.90507897E-02
  2681.8000       1.90608789E-02
  2681.9000       1.90677888E-02
  2682.0000       1.90722516E-02
  2682.1000       1.90792063E-02
  2682.2000       1.90913452E-02
  2682.3000       1.91076422E-02
  2682.4000       1.91236265E-02
  2682.5000       1.91396710E-02
  2682.6000       1.91559635E-02
  2682.7000       1.91724929E-02
  2682.8000       1.91850340E-02
  2682.9000       1.91926875E-02
  2683.0000       1.91950522E-02
  2683.1000       1.91894211E-02
  2683.2000       1.91746514E-02
  2683.3000       1.91526228E-02
  2683.4000       1.91241427E-02
  2683.5000       1.90925419E-02
  2683.6000       1.90598292E-02
  2683.7000       1.90288276E-02
  2683.8000       1.90000897E-02
  2683.9000       1.89741662E-02
  2684.0000       1.89507762E-02
  2684.1000       1.89306760E-02
  2684.2000       1.89127703E-02
  2684.3000       1.88962423E-02
  2684.4000       1.88819922E-02
  2684.5000       1.88696158E-02
  2684.6000       1.88585885E-02
  2684.7000       1.88488504E-02
  2684.8000       1.88405943E-02
  2684.9000       1.88341707E-02
  2685.0000       1.88287772E-02
  2685.1000       1.88249151E-02
  2685.2000       1.88226600E-02
  2685.3000       1.88214406E-02
  2685.4000       1.88218523E-02
  2685.5000       1.88235993E-02
  2685.6000       1.88256122E-02
  2685.7000       1.88271906E-02
  2685.8000       1.88288970E-02
  2685.9000       1.88317528E-02
  2686.0000       1.88358350E-02
  2686.1000       1.88384645E-02
  2686.2000       1.88386681E-02
  2686.3000       1.88344057E-02
  2686.4000       1.88250735E-02
  2686.5000       1.88129493E-02
  2686.6000       1.88001189E-02
  2686.7000       1.87869143E-02
  2686.8000       1.87741793E-02
  2686.9000       1.87623356E-02
  2687.0000       1.87493170E-02
  2687.1000       1.87332034E-02
  2687.2000       1.87128666E-02
  2687.3000       1.86875060E-02
  2687.4000       1.86587646E-02
  2687.5000       1.86285511E-02
  2687.6000       1.85993701E-02
  2687.7000       1.85721328E-02
  2687.8000       1.85460461E-02
  2687.9000       1.85209196E-02
  2688.0000       1.84984645E-02
  2688.1000       1.84819336E-02
  2688.2000       1.84722052E-02
  2688.3000       1.84642249E-02
  2688.4000       1.84512285E-02
  2688.5000       1.84339838E-02
  2688.6000       1.84156549E-02
  2688.7000       1.83966929E-02
  2688.8000       1.83770884E-02
  2688.9000       1.83542447E-02
  2689.0000       1.83264275E-02
  2689.1000       1.82968302E-02
  2689.2000       1.82656624E-02
  2689.3000       1.82345689E-02
  2689.4000       1.82058213E-02
  2689.5000       1.81786152E-02
  2689.6000       1.81520372E-02
  2689.7000       1.81288802E-02
  2689.8000       1.81104792E-02
  2689.9000       1.80956056E-02
  2690.0000       1.80808530E-02
  2690.1000       1.80654258E-02
  2690.2000       1.80506805E-02
  2690.3000       1.80392262E-02
  2690.4000       1.80307815E-02
  2690.5000       1.80259505E-02
  2690.6000       1.80246195E-02
  2690.7000       1.80268711E-02
  2690.8000       1.80325089E-02
  2690.9000       1.80408120E-02
  2691.0000       1.80523149E-02
  2691.1000       1.80685543E-02
  2691.2000       1.80893361E-02
  2691.3000       1.81140355E-02
  2691.4000       1.81424385E-02
  2691.5000       1.81734148E-02
  2691.6000       1.82056300E-02
  2691.7000       1.82409971E-02
  2691.8000       1.82802990E-02
  2691.9000       1.83201921E-02
  2692.0000       1.83592026E-02
  2692.1000       1.83975040E-02
  2692.2000       1.84357074E-02
  2692.3000       1.84749590E-02
  2692.4000       1.85135396E-02
  2692.5000       1.85497857E-02
  2692.6000       1.85838165E-02
  2692.7000       1.86170867E-02
  2692.8000       1.86491737E-02
  2692.9000       1.86799447E-02
  2693.0000       1.87074744E-02
  2693.1000       1.87313290E-02
  2693.2000       1.87515662E-02
  2693.3000       1.87693521E-02
  2693.4000       1.87869234E-02
  2693.5000       1.88050822E-02
  2693.6000       1.88249762E-02
  2693.7000       1.88462381E-02
  2693.8000       1.88679634E-02
  2693.9000       1.88899433E-02
  2694.0000       1.89114327E-02
  2694.1000       1.89311538E-02
  2694.2000       1.89456148E-02
  2694.3000       1.89554296E-02
  2694.4000       1.89599782E-02
  2694.5000       1.89610879E-02
  2694.6000       1.89575676E-02
  2694.7000       1.89509303E-02
  2694.8000       1.89409529E-02
  2694.9000       1.89254114E-02
  2695.0000       1.89037209E-02
  2695.1000       1.88778504E-02
  2695.2000       1.88525489E-02
  2695.3000       1.88298677E-02
  2695.4000       1.88119153E-02
  2695.5000       1.88004581E-02
  2695.6000       1.87972018E-02
  2695.7000       1.88015419E-02
  2695.8000       1.88126780E-02
  2695.9000       1.88280912E-02
  2696.0000       1.88463550E-02
  2696.1000       1.88667402E-02
  2696.2000       1.88884681E-02
  2696.3000       1.89099356E-02
  2696.4000       1.89282843E-02
  2696.5000       1.89417009E-02
  2696.6000       1.89497712E-02
  2696.7000       1.89510825E-02
  2696.8000       1.89480479E-02
  2696.9000       1.89434940E-02
  2697.0000       1.89387267E-02
  2697.1000       1.89350829E-02
  2697.2000       1.89336874E-02
  2697.3000       1.89323783E-02
  2697.4000       1.89294821E-02
  2697.5000       1.89264087E-02
  2697.6000       1.89239168E-02
  2697.7000       1.89220120E-02
  2697.8000       1.89215967E-02
  2697.9000       1.89223463E-02
  2698.0000       1.89236434E-02
  2698.1000       1.89244621E-02
  2698.2000       1.89244798E-02
  2698.3000       1.89235992E-02
  2698.4000       1.89235659E-02
  2698.5000       1.89246314E-02
  2698.6000       1.89274781E-02
  2698.7000       1.89314194E-02
  2698.8000       1.89357198E-02
  2698.9000       1.89395012E-02
  2699.0000       1.89426941E-02
  2699.1000       1.89456192E-02
  2699.2000       1.89494443E-02
  2699.3000       1.89547396E-02
  2699.4000       1.89615069E-02
  2699.5000       1.89721665E-02
  2699.6000       1.89879173E-02
  2699.7000       1.90075436E-02
  2699.8000       1.90293539E-02
  2699.9000       1.90523168E-02
  2700.0000       1.90748782E-02
  2700.1000       1.90964971E-02
  2700.2000       1.91187192E-02
  2700.3000       1.91435822E-02
  2700.4000       1.91737032E-02
  2700.5000       1.92089645E-02
  2700.6000       1.92489157E-02
  2700.7000       1.92921794E-02
  2700.8000       1.93380965E-02
  2700.9000       1.93860576E-02
  2701.0000       1.94359732E-02
  2701.1000       1.94868197E-02
  2701.2000       1.95369124E-02
  2701.3000       1.95843729E-02
  2701.4000       1.96291294E-02
  2701.5000       1.96710718E-02
  2701.6000       1.97124050E-02
  2701.7000       1.97539483E-02
  2701.8000       1.97956699E-02
  2701.9000       1.98360771E-02
  2702.0000       1.98749902E-02
  2702.1000       1.99122631E-02
  2702.2000       1.99475093E-02
  2702.3000       1.99804951E-02
  2702.4000       2.00114516E-02
  2702.5000       2.00410590E-02
  2702.6000       2.00686447E-02
  2702.7000       2.00938676E-02
  2702.8000       2.01148711E-02
  2702.9000       2.01320397E-02
  2703.0000       2.01459224E-02
  2703.1000       2.01553152E-02
  2703.2000       2.01606665E-02
  2703.3000       2.01624705E-02
  2703.4000       2.01604945E-02
  2703.5000       2.01570067E-02
  2703.6000       2.01511810E-02
  2703.7000       2.01429339E-02
  2703.8000       2.01306535E-02
  2703.9000       2.01138455E-02
  2704.0000       2.00915542E-02
  2704.1000       2.00643642E-02
  2704.2000       2.00314451E-02
  2704.3000       1.99936253E-02
  2704.4000       1.99535953E-02
  2704.5000       1.99118600E-02
  2704.6000       1.98678704E-02
  2704.7000       1.98207364E-02
  2704.8000       1.97699297E-02
  2704.9000       1.97120841E-02
  2705.0000       1.96454531E-02
  2705.1000       1.95685863E-02
  2705.2000       1.94808078E-02
  2705.3000       1.93832591E-02
  2705.4000       1.92796137E-02
  2705.5000       1.91743310E-02
  2705.6000       1.90707987E-02
  2705.7000       1.89712898E-02
  2705.8000       1.88791987E-02
  2705.9000       1.87967530E-02
  2706.0000       1.87255803E-02
  2706.1000       1.86655168E-02
  2706.2000       1.86138413E-02
  2706.3000       1.85680410E-02
  2706.4000       1.85282861E-02
  2706.5000       1.84913887E-02
  2706.6000       1.84549662E-02
  2706.7000       1.84168945E-02
  2706.8000       1.83814782E-02
  2706.9000       1.83493594E-02
  2707.0000       1.83166569E-02
  2707.1000       1.82889576E-02
  2707.2000       1.82729756E-02
  2707.3000       1.82646046E-02
  2707.4000       1.82548351E-02
  2707.5000       1.82484004E-02
  2707.6000       1.82437785E-02
  2707.7000       1.82389310E-02
  2707.8000       1.82401946E-02
  2707.9000       1.82488525E-02
  2708.0000       1.82612007E-02
  2708.1000       1.82730430E-02
  2708.2000       1.82819645E-02
  2708.3000       1.82871154E-02
  2708.4000       1.82900190E-02
  2708.5000       1.82922960E-02
  2708.6000       1.82956959E-02
  2708.7000       1.83026312E-02
  2708.8000       1.83118096E-02
  2708.9000       1.83225067E-02
  2709.0000       1.83320392E-02
  2709.1000       1.83367728E-02
  2709.2000       1.83359598E-02
  2709.3000       1.83310669E-02
  2709.4000       1.83251051E-02
  2709.5000       1.83181625E-02
  2709.6000       1.83106091E-02
  2709.7000       1.83027953E-02
  2709.8000       1.82953265E-02
  2709.9000       1.82884506E-02
  2710.0000       1.82825563E-02
  2710.1000       1.82769511E-02
  2710.2000       1.82697532E-02
  2710.3000       1.82588177E-02
  2710.4000       1.82448982E-02
  2710.5000       1.82291323E-02
  2710.6000       1.82125873E-02
  2710.7000       1.81953208E-02
  2710.8000       1.81787438E-02
  2710.9000       1.81649287E-02
  2711.0000       1.81528976E-02
  2711.1000       1.81413075E-02
  2711.2000       1.81302721E-02
  2711.3000       1.81199170E-02
  2711.4000       1.81090882E-02
  2711.5000       1.80966959E-02
  2711.6000       1.80847888E-02
  2711.7000       1.80751201E-02
  2711.8000       1.80643485E-02
  2711.9000       1.80515796E-02
  2712.0000       1.80384620E-02
  2712.1000       1.80247267E-02
  2712.2000       1.80106534E-02
  2712.3000       1.79965450E-02
  2712.4000       1.79831647E-02
  2712.5000       1.79712027E-02
  2712.6000       1.79618916E-02
  2712.7000       1.79560254E-02
  2712.8000       1.79517404E-02
  2712.9000       1.79480558E-02
  2713.0000       1.79457103E-02
  2713.1000       1.79452633E-02
  2713.2000       1.79463767E-02
  2713.3000       1.79484877E-02
  2713.4000       1.79514089E-02
  2713.5000       1.79550913E-02
  2713.6000       1.79585651E-02
  2713.7000       1.79616255E-02
  2713.8000       1.79645420E-02
  2713.9000       1.79671108E-02
  2714.0000       1.79696371E-02
  2714.1000       1.79717086E-02
  2714.2000       1.79737985E-02
  2714.3000       1.79757406E-02
  2714.4000       1.79766157E-02
  2714.5000       1.79765158E-02
  2714.6000       1.79764697E-02
  2714.7000       1.79777282E-02
  2714.8000       1.79814315E-02
  2714.9000       1.79892012E-02
  2715.0000       1.80023711E-02
  2715.1000       1.80188971E-02
  2715.2000       1.80369518E-02
  2715.3000       1.80549985E-02
  2715.4000       1.80708010E-02
  2715.5000       1.80835058E-02
  2715.6000       1.80930625E-02
  2715.7000       1.80996710E-02
  2715.8000       1.81041935E-02
  2715.9000       1.81060675E-02
  2716.0000       1.81053121E-02
  2716.1000       1.81020049E-02
  2716.2000       1.80975276E-02
  2716.3000       1.80917415E-02
  2716.4000       1.80850392E-02
  2716.5000       1.80767092E-02
  2716.6000       1.80671052E-02
  2716.7000       1.80582360E-02
  2716.8000       1.80489588E-02
  2716.9000       1.80405252E-02
  2717.0000       1.80337991E-02
  2717.1000       1.80288870E-02
  2717.2000       1.80259521E-02
  2717.3000       1.80239643E-02
  2717.4000       1.80221000E-02
  2717.5000       1.80221278E-02
  2717.6000       1.80240961E-02
  2717.7000       1.80288389E-02
  2717.8000       1.80366583E-02
  2717.9000       1.80466744E-02
  2718.0000       1.80576269E-02
  2718.1000       1.80691706E-02
  2718.2000       1.80801682E-02
  2718.3000       1.80889228E-02
  2718.4000       1.80950043E-02
  2718.5000       1.80983760E-02
  2718.6000       1.80994835E-02
  2718.7000       1.80988361E-02
  2718.8000       1.80968560E-02
  2718.9000       1.80937357E-02
  2719.0000       1.80899670E-02
  2719.1000       1.80847426E-02
  2719.2000       1.80781996E-02
  2719.3000       1.80706600E-02
  2719.4000       1.80623378E-02
  2719.5000       1.80522387E-02
  2719.6000       1.80403421E-02
  2719.7000       1.80279866E-02
  2719.8000       1.80140350E-02
  2719.9000       1.79989443E-02
  2720.0000       1.79835971E-02
  2720.1000       1.79687712E-02
  2720.2000       1.79562521E-02
  2720.3000       1.79463406E-02
  2720.4000       1.79386938E-02
  2720.5000       1.79344916E-02
  2720.6000       1.79342457E-02
  2720.7000       1.79374887E-02
  2720.8000       1.79445843E-02
  2720.9000       1.79556141E-02
  2721.0000       1.79705337E-02
  2721.1000       1.79883306E-02
  2721.2000       1.80079041E-02
  2721.3000       1.80264239E-02
  2721.4000       1.80418955E-02
  2721.5000       1.80541066E-02
  2721.6000       1.80627068E-02
  2721.7000       1.80681286E-02
  2721.8000       1.80705911E-02
  2721.9000       1.80714809E-02
  2722.0000       1.80710941E-02
  2722.1000       1.80718944E-02
  2722.2000       1.80739639E-02
  2722.3000       1.80773965E-02
  2722.4000       1.80832091E-02
  2722.5000       1.80915435E-02
  2722.6000       1.81024489E-02
  2722.7000       1.81160145E-02
  2722.8000       1.81315016E-02
  2722.9000       1.81500633E-02
  2723.0000       1.81714911E-02
  2723.1000       1.81958903E-02
  2723.2000       1.82234615E-02
  2723.3000       1.82538740E-02
  2723.4000       1.82860334E-02
  2723.5000       1.83195738E-02
  2723.6000       1.83546463E-02
  2723.7000       1.83913167E-02
  2723.8000       1.84283921E-02
  2723.9000       1.84640011E-02
  2724.0000       1.84959008E-02
  2724.1000       1.85233172E-02
  2724.2000       1.85441451E-02
  2724.3000       1.85618929E-02
  2724.4000       1.85769755E-02
  2724.5000       1.85902201E-02
  2724.6000       1.86023535E-02
  2724.7000       1.86151634E-02
  2724.8000       1.86309921E-02
  2724.9000       1.86497816E-02
  2725.0000       1.86734080E-02
  2725.1000       1.87008029E-02
  2725.2000       1.87310907E-02
  2725.3000       1.87638871E-02
  2725.4000       1.87976068E-02
  2725.5000       1.88308410E-02
  2725.6000       1.88622470E-02
  2725.7000       1.88907519E-02
  2725.8000       1.89175035E-02
  2725.9000       1.89419709E-02
  2726.0000       1.89630489E-02
  2726.1000       1.89807603E-02
  2726.2000       1.89949759E-02
  2726.3000       1.90048105E-02
  2726.4000       1.90097430E-02
  2726.5000       1.90135684E-02
  2726.6000       1.90192162E-02
  2726.7000       1.90264921E-02
  2726.8000       1.90334341E-02
  2726.9000       1.90395699E-02
  2727.0000       1.90463559E-02
  2727.1000       1.90533588E-02
  2727.2000       1.90589737E-02
  2727.3000       1.90622339E-02
  2727.4000       1.90661049E-02
  2727.5000       1.90697579E-02
  2727.6000       1.90745687E-02
  2727.7000       1.90784537E-02
  2727.8000       1.90803491E-02
  2727.9000       1.90800277E-02
  2728.0000       1.90789626E-02
  2728.1000       1.90759420E-02
  2728.2000       1.90710309E-02
  2728.3000       1.90664514E-02
  2728.4000       1.90644083E-02
  2728.5000       1.90674808E-02
  2728.6000       1.90757777E-02
  2728.7000       1.90884584E-02
  2728.8000       1.91035054E-02
  2728.9000       1.91197575E-02
  2729.0000       1.91384764E-02
  2729.1000       1.91601570E-02
  2729.2000       1.91850652E-02
  2729.3000       1.92131042E-02
  2729.4000       1.92442755E-02
  2729.5000       1.92785353E-02
  2729.6000       1.93150298E-02
  2729.7000       1.93535673E-02
  2729.8000       1.93939326E-02
  2729.9000       1.94334122E-02
  2730.0000       1.94705676E-02
  2730.1000       1.95037932E-02
  2730.2000       1.95330972E-02
  2730.3000       1.95589193E-02
  2730.4000       1.95807440E-02
  2730.5000       1.96000587E-02
  2730.6000       1.96177335E-02
  2730.7000       1.96352753E-02
  2730.8000       1.96544414E-02
  2730.9000       1.96754996E-02
  2731.0000       1.97009028E-02
  2731.1000       1.97296236E-02
  2731.2000       1.97601281E-02
  2731.3000       1.97924350E-02
  2731.4000       1.98262692E-02
  2731.5000       1.98603469E-02
  2731.6000       1.98946722E-02
  2731.7000       1.99299913E-02
  2731.8000       1.99661752E-02
  2731.9000       2.00033442E-02
  2732.0000       2.00390387E-02
  2732.1000       2.00742211E-02
  2732.2000       2.01078365E-02
  2732.3000       2.01405239E-02
  2732.4000       2.01730554E-02
  2732.5000       2.02044188E-02
  2732.6000       2.02330236E-02
  2732.7000       2.02588283E-02
  2732.8000       2.02824255E-02
  2732.9000       2.03030427E-02
  2733.0000       2.03196500E-02
  2733.1000       2.03325924E-02
  2733.2000       2.03426576E-02
  2733.3000       2.03506048E-02
  2733.4000       2.03564937E-02
  2733.5000       2.03608627E-02
  2733.6000       2.03650669E-02
  2733.7000       2.03693051E-02
  2733.8000       2.03735744E-02
  2733.9000       2.03785458E-02
  2734.0000       2.03848385E-02
  2734.1000       2.03928415E-02
  2734.2000       2.04034064E-02
  2734.3000       2.04159417E-02
  2734.4000       2.04311056E-02
  2734.5000       2.04479723E-02
  2734.6000       2.04664862E-02
  2734.7000       2.04860591E-02
  2734.8000       2.05078382E-02
  2734.9000       2.05308721E-02
  2735.0000       2.05545384E-02
  2735.1000       2.05784566E-02
  2735.2000       2.06007569E-02
  2735.3000       2.06214763E-02
  2735.4000       2.06423572E-02
  2735.5000       2.06636276E-02
  2735.6000       2.06860651E-02
  2735.7000       2.07098518E-02
  2735.8000       2.07351793E-02
  2735.9000       2.07609561E-02
  2736.0000       2.07880237E-02
  2736.1000       2.08143167E-02
  2736.2000       2.08395713E-02
  2736.3000       2.08631938E-02
  2736.4000       2.08817453E-02
  2736.5000       2.08976567E-02
  2736.6000       2.09099924E-02
  2736.7000       2.09190415E-02
  2736.8000       2.09253032E-02
  2736.9000       2.09283836E-02
  2737.0000       2.09284280E-02
  2737.1000       2.09249509E-02
  2737.2000       2.09206321E-02
  2737.3000       2.09143297E-02
  2737.4000       2.09033754E-02
  2737.5000       2.08878292E-02
  2737.6000       2.08681639E-02
  2737.7000       2.08469812E-02
  2737.8000       2.08272314E-02
  2737.9000       2.08104057E-02
  2738.0000       2.07936344E-02
  2738.1000       2.07756576E-02
  2738.2000       2.07552792E-02
  2738.3000       2.07321899E-02
  2738.4000       2.07066318E-02
  2738.5000       2.06764913E-02
  2738.6000       2.06432915E-02
  2738.7000       2.06077224E-02
  2738.8000       2.05717564E-02
  2738.9000       2.05349054E-02
  2739.0000       2.04956959E-02
  2739.1000       2.04532416E-02
  2739.2000       2.04085084E-02
  2739.3000       2.03649929E-02
  2739.4000       2.03235441E-02
  2739.5000       2.02864183E-02
  2739.6000       2.02556364E-02
  2739.7000       2.02290868E-02
  2739.8000       2.02056777E-02
  2739.9000       2.01836704E-02
  2740.0000       2.01632481E-02
  2740.1000       2.01419362E-02
  2740.2000       2.01190566E-02
  2740.3000       2.00931922E-02
  2740.4000       2.00663758E-02
  2740.5000       2.00376823E-02
  2740.6000       2.00071305E-02
  2740.7000       1.99743410E-02
  2740.8000       1.99393281E-02
  2740.9000       1.99036655E-02
  2741.0000       1.98681058E-02
  2741.1000       1.98338189E-02
  2741.2000       1.98022462E-02
  2741.3000       1.97721351E-02
  2741.4000       1.97426054E-02
  2741.5000       1.97154391E-02
  2741.6000       1.96928626E-02
  2741.7000       1.96766185E-02
  2741.8000       1.96657614E-02
  2741.9000       1.96579549E-02
  2742.0000       1.96497466E-02
  2742.1000       1.96393956E-02
  2742.2000       1.96274437E-02
  2742.3000       1.96142075E-02
  2742.4000       1.95998473E-02
  2742.5000       1.95885760E-02
  2742.6000       1.95776641E-02
  2742.7000       1.95659144E-02
  2742.8000       1.95553005E-02
  2742.9000       1.95454113E-02
  2743.0000       1.95357048E-02
  2743.1000       1.95258876E-02
  2743.2000       1.95165847E-02
  2743.3000       1.95075428E-02
  2743.4000       1.94994720E-02
  2743.5000       1.94935512E-02
  2743.6000       1.94887583E-02
  2743.7000       1.94874066E-02
  2743.8000       1.94906550E-02
  2743.9000       1.94951436E-02
  2744.0000       1.95002919E-02
  2744.1000       1.95041475E-02
  2744.2000       1.95104261E-02
  2744.3000       1.95198284E-02
  2744.4000       1.95323059E-02
  2744.5000       1.95477045E-02
  2744.6000       1.95647249E-02
  2744.7000       1.95836446E-02
  2744.8000       1.96031466E-02
  2744.9000       1.96223553E-02
  2745.0000       1.96398430E-02
  2745.1000       1.96546171E-02
  2745.2000       1.96654474E-02
  2745.3000       1.96751572E-02
  2745.4000       1.96847298E-02
  2745.5000       1.96943404E-02
  2745.6000       1.97041547E-02
  2745.7000       1.97134730E-02
  2745.8000       1.97199910E-02
  2745.9000       1.97249220E-02
  2746.0000       1.97281491E-02
  2746.1000       1.97299604E-02
  2746.2000       1.97324508E-02
  2746.3000       1.97352163E-02
  2746.4000       1.97380122E-02
  2746.5000       1.97406547E-02
  2746.6000       1.97432504E-02
  2746.7000       1.97452039E-02
  2746.8000       1.97459247E-02
  2746.9000       1.97441343E-02
  2747.0000       1.97404994E-02
  2747.1000       1.97325052E-02
  2747.2000       1.97209237E-02
  2747.3000       1.97053630E-02
  2747.4000       1.96857537E-02
  2747.5000       1.96636388E-02
  2747.6000       1.96380715E-02
  2747.7000       1.96106286E-02
  2747.8000       1.95809625E-02
  2747.9000       1.95469534E-02
  2748.0000       1.95090517E-02
  2748.1000       1.94657573E-02
  2748.2000       1.94176830E-02
  2748.3000       1.93619005E-02
  2748.4000       1.92997986E-02
  2748.5000       1.92313025E-02
  2748.6000       1.91598400E-02
  2748.7000       1.90855803E-02
  2748.8000       1.90100811E-02
  2748.9000       1.89348621E-02
  2749.0000       1.88588343E-02
  2749.1000       1.87822620E-02
  2749.2000       1.87018883E-02
  2749.3000       1.86279563E-02
  2749.4000       1.85604878E-02
  2749.5000       1.85002747E-02
  2749.6000       1.84402021E-02
  2749.7000       1.83811361E-02
  2749.8000       1.83236248E-02
  2749.9000       1.82700297E-02
  2750.0000       1.82234353E-02
  2750.1000       1.81841991E-02
  2750.2000       1.81514084E-02
  2750.3000       1.81240906E-02
  2750.4000       1.81016007E-02
  2750.5000       1.80821370E-02
  2750.6000       1.80653579E-02
  2750.7000       1.80502126E-02
  2750.8000       1.80364832E-02
  2750.9000       1.80245139E-02
  2751.0000       1.80156844E-02
  2751.1000       1.80080650E-02
  2751.2000       1.80023849E-02
  2751.3000       1.79961150E-02
  2751.4000       1.79853377E-02
  2751.5000       1.79714668E-02
  2751.6000       1.79578342E-02
  2751.7000       1.79446214E-02
  2751.8000       1.79314736E-02
  2751.9000       1.79209821E-02
  2752.0000       1.79117725E-02
  2752.1000       1.79045106E-02
  2752.2000       1.78993046E-02
  2752.3000       1.78941975E-02
  2752.4000       1.78875592E-02
  2752.5000       1.78766959E-02
  2752.6000       1.78612385E-02
  2752.7000       1.78415096E-02
  2752.8000       1.78180731E-02
  2752.9000       1.77900674E-02
  2753.0000       1.77575683E-02
  2753.1000       1.77229884E-02
  2753.2000       1.76886356E-02
  2753.3000       1.76545246E-02
  2753.4000       1.76217405E-02
  2753.5000       1.75920190E-02
  2753.6000       1.75643662E-02
  2753.7000       1.75400985E-02
  2753.8000       1.75178151E-02
  2753.9000       1.74965205E-02
  2754.0000       1.74772067E-02
  2754.1000       1.74590762E-02
  2754.2000       1.74428791E-02
  2754.3000       1.74295448E-02
  2754.4000       1.74195263E-02
  2754.5000       1.74122307E-02
  2754.6000       1.74062881E-02
  2754.7000       1.74006198E-02
  2754.8000       1.73941548E-02
  2754.9000       1.73868879E-02
  2755.0000       1.73779612E-02
  2755.1000       1.73681093E-02
  2755.2000       1.73573860E-02
  2755.3000       1.73450683E-02
  2755.4000       1.73303722E-02
  2755.5000       1.73133247E-02
  2755.6000       1.72955563E-02
  2755.7000       1.72772310E-02
  2755.8000       1.72576938E-02
  2755.9000       1.72358872E-02
  2756.0000       1.72110116E-02
  2756.1000       1.71820945E-02
  2756.2000       1.71491885E-02
  2756.3000       1.71131657E-02
  2756.4000       1.70727955E-02
  2756.5000       1.70272114E-02
  2756.6000       1.69758469E-02
  2756.7000       1.69213855E-02
  2756.8000       1.68677697E-02
  2756.9000       1.68157982E-02
  2757.0000       1.67653318E-02
  2757.1000       1.67168398E-02
  2757.2000       1.66697029E-02
  2757.3000       1.66240909E-02
  2757.4000       1.65822954E-02
  2757.5000       1.65441495E-02
  2757.6000       1.65075623E-02
  2757.7000       1.64703093E-02
  2757.8000       1.64355346E-02
  2757.9000       1.64086400E-02
  2758.0000       1.63905960E-02
  2758.1000       1.63786840E-02
  2758.2000       1.63707845E-02
  2758.3000       1.63648362E-02
  2758.4000       1.63607283E-02
  2758.5000       1.63597136E-02
  2758.6000       1.63591860E-02
  2758.7000       1.63545871E-02
  2758.8000       1.63476989E-02
  2758.9000       1.63393123E-02
  2759.0000       1.63280647E-02
  2759.1000       1.63153950E-02
  2759.2000       1.63027388E-02
  2759.3000       1.62928542E-02
  2759.4000       1.62844222E-02
  2759.5000       1.62751267E-02
  2759.6000       1.62650291E-02
  2759.7000       1.62556441E-02
  2759.8000       1.62465380E-02
  2759.9000       1.62366632E-02
  2760.0000       1.62268030E-02
  2760.1000       1.62193017E-02
  2760.2000       1.62146130E-02
  2760.3000       1.62126960E-02
  2760.4000       1.62145648E-02
  2760.5000       1.62212481E-02
  2760.6000       1.62348075E-02
  2760.7000       1.62551942E-02
  2760.8000       1.62809608E-02
  2760.9000       1.63131309E-02
  2761.0000       1.63509954E-02
  2761.1000       1.63938998E-02
  2761.2000       1.64411468E-02
  2761.3000       1.64915670E-02
  2761.4000       1.65446914E-02
  2761.5000       1.65992925E-02
  2761.6000       1.66550665E-02
  2761.7000       1.67110619E-02
  2761.8000       1.67671412E-02
  2761.9000       1.68234068E-02
  2762.0000       1.68794660E-02
  2762.1000       1.69347844E-02
  2762.2000       1.69892755E-02
  2762.3000       1.70423680E-02
  2762.4000       1.70933041E-02
  2762.5000       1.71407002E-02
  2762.6000       1.71848500E-02
  2762.7000       1.72260389E-02
  2762.8000       1.72654918E-02
  2762.9000       1.73046559E-02
  2763.0000       1.73454298E-02
  2763.1000       1.73883742E-02
  2763.2000       1.74320276E-02
  2763.3000       1.74726124E-02
  2763.4000       1.75062521E-02
  2763.5000       1.75333076E-02
  2763.6000       1.75551579E-02
  2763.7000       1.75719235E-02
  2763.8000       1.75837570E-02
  2763.9000       1.75920979E-02
  2764.0000       1.75984986E-02
  2764.1000       1.76010494E-02
  2764.2000       1.75986395E-02
  2764.3000       1.75933345E-02
  2764.4000       1.75882618E-02
  2764.5000       1.75848131E-02
  2764.6000       1.75845846E-02
  2764.7000       1.75890166E-02
  2764.8000       1.76001062E-02
  2764.9000       1.76175779E-02
  2765.0000       1.76409082E-02
  2765.1000       1.76682037E-02
  2765.2000       1.77009215E-02
  2765.3000       1.77374861E-02
  2765.4000       1.77787017E-02
  2765.5000       1.78234635E-02
  2765.6000       1.78699646E-02
  2765.7000       1.79162413E-02
  2765.8000       1.79605055E-02
  2765.9000       1.80021208E-02
  2766.0000       1.80418010E-02
  2766.1000       1.80803272E-02
  2766.2000       1.81174473E-02
  2766.3000       1.81528532E-02
  2766.4000       1.81851456E-02
  2766.5000       1.82124728E-02
  2766.6000       1.82332966E-02
  2766.7000       1.82470681E-02
  2766.8000       1.82539162E-02
  2766.9000       1.82546276E-02
  2767.0000       1.82487451E-02
  2767.1000       1.82372024E-02
  2767.2000       1.82188399E-02
  2767.3000       1.81936115E-02
  2767.4000       1.81629486E-02
  2767.5000       1.81299811E-02
  2767.6000       1.80952968E-02
  2767.7000       1.80591132E-02
  2767.8000       1.80246617E-02
  2767.9000       1.79967801E-02
  2768.0000       1.79761359E-02
  2768.1000       1.79598129E-02
  2768.2000       1.79468642E-02
  2768.3000       1.79373930E-02
  2768.4000       1.79285365E-02
  2768.5000       1.79185220E-02
  2768.6000       1.79065175E-02
  2768.7000       1.78904942E-02
  2768.8000       1.78705022E-02
  2768.9000       1.78483530E-02
  2769.0000       1.78263650E-02
  2769.1000       1.78041985E-02
  2769.2000       1.77831925E-02
  2769.3000       1.77628426E-02
  2769.4000       1.77401469E-02
  2769.5000       1.77150699E-02
  2769.6000       1.76885843E-02
  2769.7000       1.76622908E-02
  2769.8000       1.76385780E-02
  2769.9000       1.76191781E-02
  2770.0000       1.76037546E-02
  2770.1000       1.75941435E-02
  2770.2000       1.75924409E-02
  2770.3000       1.75968785E-02
  2770.4000       1.76051486E-02
  2770.5000       1.76161843E-02
  2770.6000       1.76286407E-02
  2770.7000       1.76400232E-02
  2770.8000       1.76524590E-02
  2770.9000       1.76652218E-02
  2771.0000       1.76793661E-02
  2771.1000       1.76961162E-02
  2771.2000       1.77131079E-02
  2771.3000       1.77342709E-02
  2771.4000       1.77590194E-02
  2771.5000       1.77850054E-02
  2771.6000       1.78114525E-02
  2771.7000       1.78384385E-02
  2771.8000       1.78668194E-02
  2771.9000       1.78991257E-02
  2772.0000       1.79373279E-02
  2772.1000       1.79816402E-02
  2772.2000       1.80331850E-02
  2772.3000       1.80931633E-02
  2772.4000       1.81598376E-02
  2772.5000       1.82313757E-02
  2772.6000       1.83035467E-02
  2772.7000       1.83744376E-02
  2772.8000       1.84404524E-02
  2772.9000       1.84986910E-02
  2773.0000       1.85475486E-02
  2773.1000       1.85877881E-02
  2773.2000       1.86201736E-02
  2773.3000       1.86475126E-02
  2773.4000       1.86685155E-02
  2773.5000       1.86831177E-02
  2773.6000       1.86926140E-02
  2773.7000       1.86983427E-02
  2773.8000       1.86997796E-02
  2773.9000       1.86966680E-02
  2774.0000       1.86890982E-02
  2774.1000       1.86780951E-02
  2774.2000       1.86634378E-02
  2774.3000       1.86472833E-02
  2774.4000       1.86301373E-02
  2774.5000       1.86129730E-02
  2774.6000       1.85970164E-02
  2774.7000       1.85820961E-02
  2774.8000       1.85646707E-02
  2774.9000       1.85446058E-02
  2775.0000       1.85224380E-02
  2775.1000       1.84981089E-02
  2775.2000       1.84708043E-02
  2775.3000       1.84413948E-02
  2775.4000       1.84092818E-02
  2775.5000       1.83755901E-02
  2775.6000       1.83420004E-02
  2775.7000       1.83078002E-02
  2775.8000       1.82717023E-02
  2775.9000       1.82331890E-02
  2776.0000       1.81906161E-02
  2776.1000       1.81448234E-02
  2776.2000       1.80952147E-02
  2776.3000       1.80424131E-02
  2776.4000       1.79878542E-02
  2776.5000       1.79326852E-02
  2776.6000       1.78785738E-02
  2776.7000       1.78254808E-02
  2776.8000       1.77744973E-02
  2776.9000       1.77241529E-02
  2777.0000       1.76745727E-02
  2777.1000       1.76266964E-02
  2777.2000       1.75802982E-02
  2777.3000       1.75352784E-02
  2777.4000       1.74925562E-02
  2777.5000       1.74509536E-02
  2777.6000       1.74108224E-02
  2777.7000       1.73725192E-02
  2777.8000       1.73368584E-02
  2777.9000       1.73021571E-02
  2778.0000       1.72678736E-02
  2778.1000       1.72331571E-02
  2778.2000       1.71974158E-02
  2778.3000       1.71602887E-02
  2778.4000       1.71230027E-02
  2778.5000       1.70862845E-02
  2778.6000       1.70517250E-02
  2778.7000       1.70181370E-02
  2778.8000       1.69839718E-02
  2778.9000       1.69488299E-02
  2779.0000       1.69124168E-02
  2779.1000       1.68752913E-02
  2779.2000       1.68371960E-02
  2779.3000       1.67984563E-02
  2779.4000       1.67598337E-02
  2779.5000       1.67220204E-02
  2779.6000       1.66851158E-02
  2779.7000       1.66508047E-02
  2779.8000       1.66184399E-02
  2779.9000       1.65879320E-02
  2780.0000       1.65602476E-02
  2780.1000       1.65359781E-02
  2780.2000       1.65148634E-02
  2780.3000       1.64984800E-02
  2780.4000       1.64879207E-02
  2780.5000       1.64828755E-02
  2780.6000       1.64830718E-02
  2780.7000       1.64871493E-02
  2780.8000       1.64949595E-02
  2780.9000       1.65057527E-02
  2781.0000       1.65182189E-02
  2781.1000       1.65300407E-02
  2781.2000       1.65403875E-02
  2781.3000       1.65485121E-02
  2781.4000       1.65541309E-02
  2781.5000       1.65567666E-02
  2781.6000       1.65587157E-02
  2781.7000       1.65602999E-02
  2781.8000       1.65633055E-02
  2781.9000       1.65685458E-02
  2782.0000       1.65749126E-02
  2782.1000       1.65808094E-02
  2782.2000       1.65864750E-02
  2782.3000       1.65906023E-02
  2782.4000       1.65914485E-02
  2782.5000       1.65875202E-02
  2782.6000       1.65792292E-02
  2782.7000       1.65667169E-02
  2782.8000       1.65513885E-02
  2782.9000       1.65345807E-02
  2783.0000       1.65170256E-02
  2783.1000       1.65000349E-02
  2783.2000       1.64849189E-02
  2783.3000       1.64730265E-02
  2783.4000       1.64660756E-02
  2783.5000       1.64662406E-02
  2783.6000       1.64716773E-02
  2783.7000       1.64806104E-02
  2783.8000       1.64930840E-02
  2783.9000       1.65085114E-02
  2784.0000       1.65255793E-02
  2784.1000       1.65412614E-02
  2784.2000       1.65529426E-02
  2784.3000       1.65610476E-02
  2784.4000       1.65659603E-02
  2784.5000       1.65667194E-02
  2784.6000       1.65641785E-02
  2784.7000       1.65598879E-02
  2784.8000       1.65518001E-02
  2784.9000       1.65384498E-02
  2785.0000       1.65194860E-02
  2785.1000       1.64949772E-02
  2785.2000       1.64638088E-02
  2785.3000       1.64279323E-02
  2785.4000       1.63913717E-02
  2785.5000       1.63535129E-02
  2785.6000       1.63137923E-02
  2785.7000       1.62729336E-02
  2785.8000       1.62326439E-02
  2785.9000       1.61966181E-02
  2786.0000       1.61679511E-02
  2786.1000       1.61477723E-02
  2786.2000       1.61318521E-02
  2786.3000       1.61204069E-02
  2786.4000       1.61159233E-02
  2786.5000       1.61198492E-02
  2786.6000       1.61315641E-02
  2786.7000       1.61472991E-02
  2786.8000       1.61642156E-02
  2786.9000       1.61801594E-02
  2787.0000       1.61965367E-02
  2787.1000       1.62129962E-02
  2787.2000       1.62262667E-02
  2787.3000       1.62326824E-02
  2787.4000       1.62350010E-02
  2787.5000       1.62346230E-02
  2787.6000       1.62299270E-02
  2787.7000       1.62206385E-02
  2787.8000       1.62098692E-02
  2787.9000       1.62023804E-02
  2788.0000       1.61995451E-02
  2788.1000       1.62015542E-02
  2788.2000       1.62080192E-02
  2788.3000       1.62171748E-02
  2788.4000       1.62280127E-02
  2788.5000       1.62406650E-02
  2788.6000       1.62548413E-02
  2788.7000       1.62696304E-02
  2788.8000       1.62834383E-02
  2788.9000       1.62949806E-02
  2789.0000       1.63032120E-02
  2789.1000       1.63085599E-02
  2789.2000       1.63092600E-02
  2789.3000       1.63044997E-02
  2789.4000       1.62978452E-02
  2789.5000       1.62943108E-02
  2789.6000       1.62972719E-02
  2789.7000       1.63034293E-02
  2789.8000       1.63076849E-02
  2789.9000       1.63087091E-02
  2790.0000       1.63069292E-02
  2790.1000       1.63048219E-02
  2790.2000       1.63028632E-02
  2790.3000       1.62986398E-02
  2790.4000       1.62918605E-02
  2790.5000       1.62851541E-02
  2790.6000       1.62815284E-02
  2790.7000       1.62791366E-02
  2790.8000       1.62756666E-02
  2790.9000       1.62678903E-02
  2791.0000       1.62578683E-02
  2791.1000       1.62481159E-02
  2791.2000       1.62386151E-02
  2791.3000       1.62300261E-02
  2791.4000       1.62214215E-02
  2791.5000       1.62157626E-02
  2791.6000       1.62138071E-02
  2791.7000       1.62166820E-02
  2791.8000       1.62257639E-02
  2791.9000       1.62396717E-02
  2792.0000       1.62542907E-02
  2792.1000       1.62704208E-02
  2792.2000       1.62890874E-02
  2792.3000       1.63080747E-02
  2792.4000       1.63243553E-02
  2792.5000       1.63386778E-02
  2792.6000       1.63519957E-02
  2792.7000       1.63652106E-02
  2792.8000       1.63782508E-02
  2792.9000       1.63905403E-02
  2793.0000       1.63993770E-02
  2793.1000       1.64031004E-02
  2793.2000       1.64012856E-02
  2793.3000       1.63950256E-02
  2793.4000       1.63860101E-02
  2793.5000       1.63742705E-02
  2793.6000       1.63579660E-02
  2793.7000       1.63388424E-02
  2793.8000       1.63175359E-02
  2793.9000       1.62939988E-02
  2794.0000       1.62675601E-02
  2794.1000       1.62376214E-02
  2794.2000       1.62040742E-02
  2794.3000       1.61684456E-02
  2794.4000       1.61329484E-02
  2794.5000       1.60987083E-02
  2794.6000       1.60653890E-02
  2794.7000       1.60339408E-02
  2794.8000       1.60048909E-02
  2794.9000       1.59791159E-02
  2795.0000       1.59574857E-02
  2795.1000       1.59407161E-02
  2795.2000       1.59293385E-02
  2795.3000       1.59227486E-02
  2795.4000       1.59189844E-02
  2795.5000       1.59161800E-02
  2795.6000       1.59134717E-02
  2795.7000       1.59111127E-02
  2795.8000       1.59106006E-02
  2795.9000       1.59129891E-02
  2796.0000       1.59170619E-02
  2796.1000       1.59199150E-02
  2796.2000       1.59199204E-02
  2796.3000       1.59175115E-02
  2796.4000       1.59132585E-02
  2796.5000       1.59060536E-02
  2796.6000       1.58969167E-02
  2796.7000       1.58892700E-02
  2796.8000       1.58833544E-02
  2796.9000       1.58807870E-02
  2797.0000       1.58838613E-02
  2797.1000       1.58924508E-02
  2797.2000       1.59047989E-02
  2797.3000       1.59185207E-02
  2797.4000       1.59346984E-02
  2797.5000       1.59528350E-02
  2797.6000       1.59703397E-02
  2797.7000       1.59874201E-02
  2797.8000       1.60043361E-02
  2797.9000       1.60213732E-02
  2798.0000       1.60391367E-02
  2798.1000       1.60576909E-02
  2798.2000       1.60758361E-02
  2798.3000       1.60936552E-02
  2798.4000       1.61112869E-02
  2798.5000       1.61295427E-02
  2798.6000       1.61477448E-02
  2798.7000       1.61645509E-02
  2798.8000       1.61787615E-02
  2798.9000       1.61902580E-02
  2799.0000       1.61979056E-02
  2799.1000       1.62000082E-02
  2799.2000       1.61946042E-02
  2799.3000       1.61822436E-02
  2799.4000       1.61632597E-02
  2799.5000       1.61391132E-02
  2799.6000       1.61101254E-02
  2799.7000       1.60786467E-02
  2799.8000       1.60482505E-02
  2799.9000       1.60208285E-02
  2800.0000       1.59967904E-02
  2800.1000       1.59752331E-02
  2800.2000       1.59565948E-02
  2800.3000       1.59413891E-02
  2800.4000       1.59304813E-02
  2800.5000       1.59260037E-02
  2800.6000       1.59306717E-02
  2800.7000       1.59441358E-02
  2800.8000       1.59642075E-02
  2800.9000       1.59876700E-02
  2801.0000       1.60112292E-02
  2801.1000       1.60336474E-02
  2801.2000       1.60560959E-02
  2801.3000       1.60806016E-02
  2801.4000       1.61091267E-02
  2801.5000       1.61421682E-02
  2801.6000       1.61790016E-02
  2801.7000       1.62198839E-02
  2801.8000       1.62636580E-02
  2801.9000       1.63090219E-02
  2802.0000       1.63548880E-02
  2802.1000       1.64005099E-02
  2802.2000       1.64444488E-02
  2802.3000       1.64870998E-02
  2802.4000       1.65284617E-02
  2802.5000       1.65695705E-02
  2802.6000       1.66103752E-02
  2802.7000       1.66503911E-02
  2802.8000       1.66905551E-02
  2802.9000       1.67312429E-02
  2803.0000       1.67711891E-02
  2803.1000       1.68078916E-02
  2803.2000       1.68361000E-02
  2803.3000       1.68508477E-02
  2803.4000       1.68492428E-02
  2803.5000       1.68325237E-02
  2803.6000       1.68034911E-02
  2803.7000       1.67645517E-02
  2803.8000       1.67176284E-02
  2803.9000       1.66651255E-02
  2804.0000       1.66097157E-02
  2804.1000       1.65546064E-02
  2804.2000       1.65017171E-02
  2804.3000       1.64541322E-02
  2804.4000       1.64139179E-02
  2804.5000       1.63817567E-02
  2804.6000       1.63566624E-02
  2804.7000       1.63375848E-02
  2804.8000       1.63227713E-02
  2804.9000       1.63124093E-02
  2805.0000       1.63056505E-02
  2805.1000       1.63019252E-02
  2805.2000       1.63002222E-02
  2805.3000       1.62994507E-02
  2805.4000       1.62988388E-02
  2805.5000       1.63009020E-02
  2805.6000       1.63059566E-02
  2805.7000       1.63143433E-02
  2805.8000       1.63283400E-02
  2805.9000       1.63488077E-02
  2806.0000       1.63730987E-02
  2806.1000       1.63999664E-02
  2806.2000       1.64278128E-02
  2806.3000       1.64545889E-02
  2806.4000       1.64796701E-02
  2806.5000       1.65024761E-02
  2806.6000       1.65231232E-02
  2806.7000       1.65431540E-02
  2806.8000       1.65637045E-02
  2806.9000       1.65858958E-02
  2807.0000       1.66076871E-02
  2807.1000       1.66266709E-02
  2807.2000       1.66420981E-02
  2807.3000       1.66538547E-02
  2807.4000       1.66627303E-02
  2807.5000       1.66682750E-02
  2807.6000       1.66705072E-02
  2807.7000       1.66697646E-02
  2807.8000       1.66667380E-02
  2807.9000       1.66615322E-02
  2808.0000       1.66548188E-02
  2808.1000       1.66483706E-02
  2808.2000       1.66430336E-02
  2808.3000       1.66399449E-02
  2808.4000       1.66396346E-02
  2808.5000       1.66426001E-02
  2808.6000       1.66490689E-02
  2808.7000       1.66573180E-02
  2808.8000       1.66660291E-02
  2808.9000       1.66733718E-02
  2809.0000       1.66792565E-02
  2809.1000       1.66841212E-02
  2809.2000       1.66877652E-02
  2809.3000       1.66906192E-02
  2809.4000       1.66919300E-02
  2809.5000       1.66928239E-02
  2809.6000       1.66938195E-02
  2809.7000       1.66955005E-02
  2809.8000       1.66980840E-02
  2809.9000       1.67025818E-02
  2810.0000       1.67091326E-02
  2810.1000       1.67195808E-02
  2810.2000       1.67336295E-02
  2810.3000       1.67502550E-02
  2810.4000       1.67678155E-02
  2810.5000       1.67858797E-02
  2810.6000       1.68034531E-02
  2810.7000       1.68216724E-02
  2810.8000       1.68412275E-02
  2810.9000       1.68621935E-02
  2811.0000       1.68847452E-02
  2811.1000       1.69087477E-02
  2811.2000       1.69330844E-02
  2811.3000       1.69580761E-02
  2811.4000       1.69846955E-02
  2811.5000       1.70137015E-02
  2811.6000       1.70463867E-02
  2811.7000       1.70835158E-02
  2811.8000       1.71251836E-02
  2811.9000       1.71695788E-02
  2812.0000       1.72154861E-02
  2812.1000       1.72620403E-02
  2812.2000       1.73081033E-02
  2812.3000       1.73533447E-02
  2812.4000       1.73976516E-02
  2812.5000       1.74416312E-02
  2812.6000       1.74835401E-02
  2812.7000       1.75224224E-02
  2812.8000       1.75592838E-02
  2812.9000       1.75939570E-02
  2813.0000       1.76262691E-02
  2813.1000       1.76579076E-02
  2813.2000       1.76875255E-02
  2813.3000       1.77141595E-02
  2813.4000       1.77401289E-02
  2813.5000       1.77646575E-02
  2813.6000       1.77890706E-02
  2813.7000       1.78129319E-02
  2813.8000       1.78361851E-02
  2813.9000       1.78583859E-02
  2814.0000       1.78784753E-02
  2814.1000       1.78965642E-02
  2814.2000       1.79128459E-02
  2814.3000       1.79303113E-02
  2814.4000       1.79510085E-02
  2814.5000       1.79746009E-02
  2814.6000       1.80019730E-02
  2814.7000       1.80324093E-02
  2814.8000       1.80654759E-02
  2814.9000       1.80994781E-02
  2815.0000       1.81356580E-02
  2815.1000       1.81716710E-02
  2815.2000       1.82045813E-02
  2815.3000       1.82319646E-02
  2815.4000       1.82522367E-02
  2815.5000       1.82661668E-02
  2815.6000       1.82765090E-02
  2815.7000       1.82871416E-02
  2815.8000       1.82954684E-02
  2815.9000       1.83028351E-02
  2816.0000       1.83128147E-02
  2816.1000       1.83264536E-02
  2816.2000       1.83477093E-02
  2816.3000       1.83755916E-02
  2816.4000       1.84067879E-02
  2816.5000       1.84415929E-02
  2816.6000       1.84787965E-02
  2816.7000       1.85186307E-02
  2816.8000       1.85621854E-02
  2816.9000       1.86072115E-02
  2817.0000       1.86504934E-02
  2817.1000       1.86901144E-02
  2817.2000       1.87260956E-02
  2817.3000       1.87586009E-02
  2817.4000       1.87865457E-02
  2817.5000       1.88095477E-02
  2817.6000       1.88288571E-02
  2817.7000       1.88451405E-02
  2817.8000       1.88585626E-02
  2817.9000       1.88686455E-02
  2818.0000       1.88765991E-02
  2818.1000       1.88849386E-02
  2818.2000       1.88959581E-02
  2818.3000       1.89096042E-02
  2818.4000       1.89257961E-02
  2818.5000       1.89449429E-02
  2818.6000       1.89676136E-02
  2818.7000       1.89927322E-02
  2818.8000       1.90196260E-02
  2818.9000       1.90468885E-02
  2819.0000       1.90743726E-02
  2819.1000       1.91012444E-02
  2819.2000       1.91275054E-02
  2819.3000       1.91520484E-02
  2819.4000       1.91756788E-02
  2819.5000       1.91994183E-02
  2819.6000       1.92227696E-02
  2819.7000       1.92464906E-02
  2819.8000       1.92710121E-02
  2819.9000       1.92950125E-02
  2820.0000       1.93200164E-02
  2820.1000       1.93459543E-02
  2820.2000       1.93736908E-02
  2820.3000       1.94046847E-02
  2820.4000       1.94383565E-02
  2820.5000       1.94753859E-02
  2820.6000       1.95139842E-02
  2820.7000       1.95545142E-02
  2820.8000       1.95975228E-02
  2820.9000       1.96415372E-02
  2821.0000       1.96871493E-02
  2821.1000       1.97362464E-02
  2821.2000       1.97894524E-02
  2821.3000       1.98459830E-02
  2821.4000       1.99038293E-02
  2821.5000       1.99602967E-02
  2821.6000       2.00157669E-02
  2821.7000       2.00683029E-02
  2821.8000       2.01173013E-02
  2821.9000       2.01597557E-02
  2822.0000       2.01948132E-02
  2822.1000       2.02214756E-02
  2822.2000       2.02421777E-02
  2822.3000       2.02583043E-02
  2822.4000       2.02710565E-02
  2822.5000       2.02812867E-02
  2822.6000       2.02912573E-02
  2822.7000       2.03025394E-02
  2822.8000       2.03154743E-02
  2822.9000       2.03283391E-02
  2823.0000       2.03413160E-02
  2823.1000       2.03546882E-02
  2823.2000       2.03678910E-02
  2823.3000       2.03801267E-02
  2823.4000       2.03930910E-02
  2823.5000       2.04053362E-02
  2823.6000       2.04192336E-02
  2823.7000       2.04336006E-02
  2823.8000       2.04494478E-02
  2823.9000       2.04658493E-02
  2824.0000       2.04837755E-02
  2824.1000       2.05035900E-02
  2824.2000       2.05243991E-02
  2824.3000       2.05462656E-02
  2824.4000       2.05692824E-02
  2824.5000       2.05914525E-02
  2824.6000       2.06126976E-02
  2824.7000       2.06316533E-02
  2824.8000       2.06483314E-02
  2824.9000       2.06625638E-02
  2825.0000       2.06760302E-02
  2825.1000       2.06874718E-02
  2825.2000       2.06985548E-02
  2825.3000       2.07096796E-02
  2825.4000       2.07212019E-02
  2825.5000       2.07335751E-02
  2825.6000       2.07477901E-02
  2825.7000       2.07648696E-02
  2825.8000       2.07848675E-02
  2825.9000       2.08065503E-02
  2826.0000       2.08293096E-02
  2826.1000       2.08540347E-02
  2826.2000       2.08798590E-02
  2826.3000       2.09062938E-02
  2826.4000       2.09309157E-02
  2826.5000       2.09532473E-02
  2826.6000       2.09743216E-02
  2826.7000       2.09962804E-02
  2826.8000       2.10177392E-02
  2826.9000       2.10399672E-02
  2827.0000       2.10643426E-02
  2827.1000       2.10891089E-02
  2827.2000       2.11128256E-02
  2827.3000       2.11343644E-02
  2827.4000       2.11505648E-02
  2827.5000       2.11614527E-02
  2827.6000       2.11683599E-02
  2827.7000       2.11716526E-02
  2827.8000       2.11705193E-02
  2827.9000       2.11662725E-02
  2828.0000       2.11643843E-02
  2828.1000       2.11658454E-02
  2828.2000       2.11714196E-02
  2828.3000       2.11792655E-02
  2828.4000       2.11905881E-02
  2828.5000       2.12043127E-02
  2828.6000       2.12176905E-02
  2828.7000       2.12295819E-02
  2828.8000       2.12407459E-02
  2828.9000       2.12498714E-02
  2829.0000       2.12566292E-02
  2829.1000       2.12587386E-02
  2829.2000       2.12552859E-02
  2829.3000       2.12508957E-02
  2829.4000       2.12477322E-02
  2829.5000       2.12447001E-02
  2829.6000       2.12418113E-02
  2829.7000       2.12407821E-02
  2829.8000       2.12420207E-02
  2829.9000       2.12440645E-02
  2830.0000       2.12487296E-02
  2830.1000       2.12548223E-02
  2830.2000       2.12631377E-02
  2830.3000       2.12726227E-02
  2830.4000       2.12827448E-02
  2830.5000       2.12932108E-02
  2830.6000       2.13024847E-02
  2830.7000       2.13085282E-02
  2830.8000       2.13117140E-02
  2830.9000       2.13120840E-02
  2831.0000       2.13106085E-02
  2831.1000       2.13094550E-02
  2831.2000       2.13045687E-02
  2831.3000       2.12983294E-02
  2831.4000       2.12923779E-02
  2831.5000       2.12888686E-02
  2831.6000       2.12867255E-02
  2831.7000       2.12864565E-02
  2831.8000       2.12858919E-02
  2831.9000       2.12843677E-02
  2832.0000       2.12821315E-02
  2832.1000       2.12801497E-02
  2832.2000       2.12793349E-02
  2832.3000       2.12790403E-02
  2832.4000       2.12789591E-02
  2832.5000       2.12759471E-02
  2832.6000       2.12686312E-02
  2832.7000       2.12551822E-02
  2832.8000       2.12371841E-02
  2832.9000       2.12161795E-02
  2833.0000       2.11943154E-02
  2833.1000       2.11729437E-02
  2833.2000       2.11535246E-02
  2833.3000       2.11401230E-02
  2833.4000       2.11302926E-02
  2833.5000       2.11218100E-02
  2833.6000       2.11111200E-02
  2833.7000       2.10975475E-02
  2833.8000       2.10846080E-02
  2833.9000       2.10719168E-02
  2834.0000       2.10614196E-02
  2834.1000       2.10538539E-02
  2834.2000       2.10477148E-02
  2834.3000       2.10434775E-02
  2834.4000       2.10415731E-02
  2834.5000       2.10408184E-02
  2834.6000       2.10384461E-02
  2834.7000       2.10338034E-02
  2834.8000       2.10294882E-02
  2834.9000       2.10258431E-02
  2835.0000       2.10244461E-02
  2835.1000       2.10245817E-02
  2835.2000       2.10254003E-02
  2835.3000       2.10241425E-02
  2835.4000       2.10175956E-02
  2835.5000       2.10049130E-02
  2835.6000       2.09867496E-02
  2835.7000       2.09633743E-02
  2835.8000       2.09332301E-02
  2835.9000       2.08988310E-02
  2836.0000       2.08623366E-02
  2836.1000       2.08244401E-02
  2836.2000       2.07861308E-02
  2836.3000       2.07473765E-02
  2836.4000       2.07074859E-02
  2836.5000       2.06649730E-02
  2836.6000       2.06188821E-02
  2836.7000       2.05677999E-02
  2836.8000       2.05122788E-02
  2836.9000       2.04528398E-02
  2837.0000       2.03915892E-02
  2837.1000       2.03288880E-02
  2837.2000       2.02665616E-02
  2837.3000       2.02050946E-02
  2837.4000       2.01426752E-02
  2837.5000       2.00798404E-02
  2837.6000       2.00177326E-02
  2837.7000       1.99577061E-02
  2837.8000       1.99010370E-02
  2837.9000       1.98483000E-02
  2838.0000       1.98006780E-02
  2838.1000       1.97575783E-02
  2838.2000       1.97192816E-02
  2838.3000       1.96864124E-02
  2838.4000       1.96559109E-02
  2838.5000       1.96262559E-02
  2838.6000       1.95958031E-02
  2838.7000       1.95651620E-02
  2838.8000       1.95335548E-02
  2838.9000       1.95018954E-02
  2839.0000       1.94680083E-02
  2839.1000       1.94341674E-02
  2839.2000       1.93992804E-02
  2839.3000       1.93638582E-02
  2839.4000       1.93294913E-02
  2839.5000       1.92963508E-02
  2839.6000       1.92635044E-02
  2839.7000       1.92303210E-02
  2839.8000       1.91964032E-02
  2839.9000       1.91624607E-02
  2840.0000       1.91282987E-02
  2840.1000       1.90942263E-02
  2840.2000       1.90608453E-02
  2840.3000       1.90279641E-02
  2840.4000       1.89966857E-02
  2840.5000       1.89672092E-02
  2840.6000       1.89404509E-02
  2840.7000       1.89179500E-02
  2840.8000       1.89003809E-02
  2840.9000       1.88904684E-02
  2841.0000       1.88860368E-02
  2841.1000       1.88881738E-02
  2841.2000       1.88958930E-02
  2841.3000       1.89088275E-02
  2841.4000       1.89264434E-02
  2841.5000       1.89485200E-02
  2841.6000       1.89748902E-02
  2841.7000       1.90051226E-02
  2841.8000       1.90347635E-02
  2841.9000       1.90627353E-02
  2842.0000       1.90902044E-02
  2842.1000       1.91176068E-02
  2842.2000       1.91441959E-02
  2842.3000       1.91692825E-02
  2842.4000       1.91954355E-02
  2842.5000       1.92226034E-02
  2842.6000       1.92502610E-02
  2842.7000       1.92762058E-02
  2842.8000       1.93013814E-02
  2842.9000       1.93243250E-02
  2843.0000       1.93429853E-02
  2843.1000       1.93584146E-02
  2843.2000       1.93720522E-02
  2843.3000       1.93843117E-02
  2843.4000       1.93964220E-02
  2843.5000       1.94120470E-02
  2843.6000       1.94307126E-02
  2843.7000       1.94516894E-02
  2843.8000       1.94765154E-02
  2843.9000       1.95075944E-02
  2844.0000       1.95444607E-02
  2844.1000       1.95855931E-02
  2844.2000       1.96296957E-02
  2844.3000       1.96754871E-02
  2844.4000       1.97205087E-02
  2844.5000       1.97614013E-02
  2844.6000       1.97974151E-02
  2844.7000       1.98251739E-02
  2844.8000       1.98440439E-02
  2844.9000       1.98559737E-02
  2845.0000       1.98644117E-02
  2845.1000       1.98714729E-02
  2845.2000       1.98774934E-02
  2845.3000       1.98792256E-02
  2845.4000       1.98749569E-02
  2845.5000       1.98643679E-02
  2845.6000       1.98462714E-02
  2845.7000       1.98205888E-02
  2845.8000       1.97887695E-02
  2845.9000       1.97523063E-02
  2846.0000       1.97134208E-02
  2846.1000       1.96748272E-02
  2846.2000       1.96356221E-02
  2846.3000       1.95992069E-02
  2846.4000       1.95652115E-02
  2846.5000       1.95317053E-02
  2846.6000       1.94975470E-02
  2846.7000       1.94629740E-02
  2846.8000       1.94272262E-02
  2846.9000       1.93891386E-02
  2847.0000       1.93490097E-02
  2847.1000       1.93092327E-02
  2847.2000       1.92727283E-02
  2847.3000       1.92387655E-02
  2847.4000       1.92049516E-02
  2847.5000       1.91755917E-02
  2847.6000       1.91517014E-02
  2847.7000       1.91344703E-02
  2847.8000       1.91219490E-02
  2847.9000       1.91060692E-02
  2848.0000       1.90808175E-02
  2848.1000       1.90491928E-02
  2848.2000       1.90181475E-02
  2848.3000       1.89899056E-02
  2848.4000       1.89671138E-02
  2848.5000       1.89502918E-02
  2848.6000       1.89372411E-02
  2848.7000       1.89234283E-02
  2848.8000       1.89084689E-02
  2848.9000       1.88922972E-02
  2849.0000       1.88735488E-02
  2849.1000       1.88532486E-02
  2849.2000       1.88323349E-02
  2849.3000       1.88124398E-02
  2849.4000       1.87952349E-02
  2849.5000       1.87833902E-02
  2849.6000       1.87763164E-02
  2849.7000       1.87734320E-02
  2849.8000       1.87743704E-02
  2849.9000       1.87781768E-02
  2850.0000       1.87825910E-02
  2850.1000       1.87856907E-02
  2850.2000       1.87866438E-02
  2850.3000       1.87868575E-02
  2850.4000       1.87858992E-02
  2850.5000       1.87856589E-02
  2850.6000       1.87845670E-02
  2850.7000       1.87851890E-02
  2850.8000       1.87892843E-02
  2850.9000       1.87964087E-02
  2851.0000       1.88059809E-02
  2851.1000       1.88147670E-02
  2851.2000       1.88209711E-02
  2851.3000       1.88245365E-02
  2851.4000       1.88271316E-02
  2851.5000       1.88297929E-02
  2851.6000       1.88329734E-02
  2851.7000       1.88351788E-02
  2851.8000       1.88376907E-02
  2851.9000       1.88419767E-02
  2852.0000       1.88475623E-02
  2852.1000       1.88538835E-02
  2852.2000       1.88610804E-02
  2852.3000       1.88672152E-02
  2852.4000       1.88720646E-02
  2852.5000       1.88760671E-02
  2852.6000       1.88816427E-02
  2852.7000       1.88891633E-02
  2852.8000       1.88966518E-02
  2852.9000       1.89034822E-02
  2853.0000       1.89085189E-02
  2853.1000       1.89121016E-02
  2853.2000       1.89142644E-02
  2853.3000       1.89151543E-02
  2853.4000       1.89146309E-02
  2853.5000       1.89154216E-02
  2853.6000       1.89179815E-02
  2853.7000       1.89231706E-02
  2853.8000       1.89303384E-02
  2853.9000       1.89393320E-02
  2854.0000       1.89464813E-02
  2854.1000       1.89519592E-02
  2854.2000       1.89535567E-02
  2854.3000       1.89530562E-02
  2854.4000       1.89513150E-02
  2854.5000       1.89510564E-02
  2854.6000       1.89528237E-02
  2854.7000       1.89566658E-02
  2854.8000       1.89629764E-02
  2854.9000       1.89722996E-02
  2855.0000       1.89836738E-02
  2855.1000       1.89979430E-02
  2855.2000       1.90141034E-02
  2855.3000       1.90306344E-02
  2855.4000       1.90487778E-02
  2855.5000       1.90671056E-02
  2855.6000       1.90855504E-02
  2855.7000       1.91039547E-02
  2855.8000       1.91218715E-02
  2855.9000       1.91402404E-02
  2856.0000       1.91584619E-02
  2856.1000       1.91767917E-02
  2856.2000       1.91958565E-02
  2856.3000       1.92169005E-02
  2856.4000       1.92400974E-02
  2856.5000       1.92666264E-02
  2856.6000       1.92949197E-02
  2856.7000       1.93254673E-02
  2856.8000       1.93585571E-02
  2856.9000       1.93933570E-02
  2857.0000       1.94289408E-02
  2857.1000       1.94609757E-02
  2857.2000       1.94896570E-02
  2857.3000       1.95164559E-02
  2857.4000       1.95384095E-02
  2857.5000       1.95555082E-02
  2857.6000       1.95688697E-02
  2857.7000       1.95830932E-02
  2857.8000       1.96011995E-02
  2857.9000       1.96237023E-02
  2858.0000       1.96486115E-02
  2858.1000       1.96737567E-02
  2858.2000       1.96965038E-02
  2858.3000       1.97165466E-02
  2858.4000       1.97318792E-02
  2858.5000       1.97418051E-02
  2858.6000       1.97421208E-02
  2858.7000       1.97335055E-02
  2858.8000       1.97207276E-02
  2858.9000       1.97069509E-02
  2859.0000       1.96931736E-02
  2859.1000       1.96792393E-02
  2859.2000       1.96629667E-02
  2859.3000       1.96465414E-02
  2859.4000       1.96299044E-02
  2859.5000       1.96133381E-02
  2859.6000       1.96016241E-02
  2859.7000       1.95927581E-02
  2859.8000       1.95876773E-02
  2859.9000       1.95853401E-02
  2860.0000       1.95867051E-02
  2860.1000       1.95906965E-02
  2860.2000       1.95948718E-02
  2860.3000       1.95991639E-02
  2860.4000       1.96051452E-02
  2860.5000       1.96113291E-02
  2860.6000       1.96184040E-02
  2860.7000       1.96259321E-02
  2860.8000       1.96325527E-02
  2860.9000       1.96369289E-02
  2861.0000       1.96373599E-02
  2861.1000       1.96327594E-02
  2861.2000       1.96227415E-02
  2861.3000       1.96090365E-02
  2861.4000       1.95950271E-02
  2861.5000       1.95817618E-02
  2861.6000       1.95720954E-02
  2861.7000       1.95652268E-02
  2861.8000       1.95608816E-02
  2861.9000       1.95587168E-02
  2862.0000       1.95597747E-02
  2862.1000       1.95629975E-02
  2862.2000       1.95669676E-02
  2862.3000       1.95699233E-02
  2862.4000       1.95720182E-02
  2862.5000       1.95715272E-02
  2862.6000       1.95687227E-02
  2862.7000       1.95635732E-02
  2862.8000       1.95556532E-02
  2862.9000       1.95461179E-02
  2863.0000       1.95359258E-02
  2863.1000       1.95257076E-02
  2863.2000       1.95151699E-02
  2863.3000       1.95058705E-02
  2863.4000       1.94986182E-02
  2863.5000       1.94927448E-02
  2863.6000       1.94874669E-02
  2863.7000       1.94830792E-02
  2863.8000       1.94812487E-02
  2863.9000       1.94805333E-02
  2864.0000       1.94790767E-02
  2864.1000       1.94757459E-02
  2864.2000       1.94715156E-02
  2864.3000       1.94664443E-02
  2864.4000       1.94577412E-02
  2864.5000       1.94478697E-02
  2864.6000       1.94376494E-02
  2864.7000       1.94259195E-02
  2864.8000       1.94138361E-02
  2864.9000       1.94019340E-02
  2865.0000       1.93906006E-02
  2865.1000       1.93809289E-02
  2865.2000       1.93723438E-02
  2865.3000       1.93663436E-02
  2865.4000       1.93647712E-02
  2865.5000       1.93666757E-02
  2865.6000       1.93714100E-02
  2865.7000       1.93813664E-02
  2865.8000       1.93977747E-02
  2865.9000       1.94174749E-02
  2866.0000       1.94389770E-02
  2866.1000       1.94618296E-02
  2866.2000       1.94856376E-02
  2866.3000       1.95089610E-02
  2866.4000       1.95312743E-02
  2866.5000       1.95539346E-02
  2866.6000       1.95782403E-02
  2866.7000       1.96049800E-02
  2866.8000       1.96355610E-02
  2866.9000       1.96682129E-02
  2867.0000       1.97011190E-02
  2867.1000       1.97313973E-02
  2867.2000       1.97612061E-02
  2867.3000       1.97915667E-02
  2867.4000       1.98210104E-02
  2867.5000       1.98493400E-02
  2867.6000       1.98765163E-02
  2867.7000       1.99018853E-02
  2867.8000       1.99244080E-02
  2867.9000       1.99422488E-02
  2868.0000       1.99556937E-02
  2868.1000       1.99657231E-02
  2868.2000       1.99737391E-02
  2868.3000       1.99809244E-02
  2868.4000       1.99893750E-02
  2868.5000       2.00001809E-02
  2868.6000       2.00145077E-02
  2868.7000       2.00312262E-02
  2868.8000       2.00514950E-02
  2868.9000       2.00759146E-02
  2869.0000       2.01066497E-02
  2869.1000       2.01413946E-02
  2869.2000       2.01778020E-02
  2869.3000       2.02109827E-02
  2869.4000       2.02380475E-02
  2869.5000       2.02561307E-02
  2869.6000       2.02643326E-02
  2869.7000       2.02620765E-02
  2869.8000       2.02525979E-02
  2869.9000       2.02390719E-02
  2870.0000       2.02220901E-02
  2870.1000       2.02021480E-02
  2870.2000       2.01809255E-02
  2870.3000       2.01614659E-02
  2870.4000       2.01472913E-02
  2870.5000       2.01388821E-02
  2870.6000       2.01344903E-02
  2870.7000       2.01315406E-02
  2870.8000       2.01286666E-02
  2870.9000       2.01268486E-02
  2871.0000       2.01294070E-02
  2871.1000       2.01356137E-02
  2871.2000       2.01449714E-02
  2871.3000       2.01553567E-02
  2871.4000       2.01647143E-02
  2871.5000       2.01731592E-02
  2871.6000       2.01810216E-02
  2871.7000       2.01886542E-02
  2871.8000       2.01964099E-02
  2871.9000       2.02052723E-02
  2872.0000       2.02161451E-02
  2872.1000       2.02277297E-02
  2872.2000       2.02411517E-02
  2872.3000       2.02541267E-02
  2872.4000       2.02657916E-02
  2872.5000       2.02767138E-02
  2872.6000       2.02879797E-02
  2872.7000       2.02974143E-02
  2872.8000       2.03042085E-02
  2872.9000       2.03074155E-02
  2873.0000       2.03064130E-02
  2873.1000       2.03008927E-02
  2873.2000       2.02926476E-02
  2873.3000       2.02802292E-02
  2873.4000       2.02660393E-02
  2873.5000       2.02509258E-02
  2873.6000       2.02366310E-02
  2873.7000       2.02238619E-02
  2873.8000       2.02156021E-02
  2873.9000       2.02139926E-02
  2874.0000       2.02186486E-02
  2874.1000       2.02291160E-02
  2874.2000       2.02440367E-02
  2874.3000       2.02619621E-02
  2874.4000       2.02832523E-02
  2874.5000       2.03051282E-02
  2874.6000       2.03263455E-02
  2874.7000       2.03455337E-02
  2874.8000       2.03620713E-02
  2874.9000       2.03772108E-02
  2875.0000       2.03883358E-02
  2875.1000       2.03965616E-02
  2875.2000       2.04018546E-02
  2875.3000       2.04047187E-02
  2875.4000       2.04063417E-02
  2875.5000       2.04088557E-02
  2875.6000       2.04133389E-02
  2875.7000       2.04219592E-02
  2875.8000       2.04336442E-02
  2875.9000       2.04479439E-02
  2876.0000       2.04637538E-02
  2876.1000       2.04796224E-02
  2876.2000       2.04944443E-02
  2876.3000       2.05070599E-02
  2876.4000       2.05182049E-02
  2876.5000       2.05292173E-02
  2876.6000       2.05394918E-02
  2876.7000       2.05490920E-02
  2876.8000       2.05559711E-02
  2876.9000       2.05625147E-02
  2877.0000       2.05679032E-02
  2877.1000       2.05714949E-02
  2877.2000       2.05730357E-02
  2877.3000       2.05726934E-02
  2877.4000       2.05706370E-02
  2877.5000       2.05681468E-02
  2877.6000       2.05652979E-02
  2877.7000       2.05616844E-02
  2877.8000       2.05572267E-02
  2877.9000       2.05522676E-02
  2878.0000       2.05465214E-02
  2878.1000       2.05410200E-02
  2878.2000       2.05347911E-02
  2878.3000       2.05298336E-02
  2878.4000       2.05261693E-02
  2878.5000       2.05242927E-02
  2878.6000       2.05240158E-02
  2878.7000       2.05233770E-02
  2878.8000       2.05220104E-02
  2878.9000       2.05202266E-02
  2879.0000       2.05185787E-02
  2879.1000       2.05173001E-02
  2879.2000       2.05112218E-02
  2879.3000       2.04980632E-02
  2879.4000       2.04772094E-02
  2879.5000       2.04486365E-02
  2879.6000       2.04123141E-02
  2879.7000       2.03694963E-02
  2879.8000       2.03237844E-02
  2879.9000       2.02800118E-02
  2880.0000       2.02398743E-02
  2880.1000       2.02005904E-02
  2880.2000       2.01616432E-02
  2880.3000       2.01227286E-02
  2880.4000       2.00821009E-02
  2880.5000       2.00407842E-02
  2880.6000       1.99992099E-02
  2880.7000       1.99591287E-02
  2880.8000       1.99218801E-02
  2880.9000       1.98876574E-02
  2881.0000       1.98569771E-02
  2881.1000       1.98298081E-02
  2881.2000       1.98061499E-02
  2881.3000       1.97864029E-02
  2881.4000       1.97733261E-02
  2881.5000       1.97667441E-02
  2881.6000       1.97661591E-02
  2881.7000       1.97697094E-02
  2881.8000       1.97752790E-02
  2881.9000       1.97811184E-02
  2882.0000       1.97874410E-02
  2882.1000       1.97905389E-02
  2882.2000       1.97899321E-02
  2882.3000       1.97835904E-02
  2882.4000       1.97708666E-02
  2882.5000       1.97513569E-02
  2882.6000       1.97307141E-02
  2882.7000       1.97126951E-02
  2882.8000       1.96973312E-02
  2882.9000       1.96836905E-02
  2883.0000       1.96701994E-02
  2883.1000       1.96568154E-02
  2883.2000       1.96415006E-02
  2883.3000       1.96244785E-02
  2883.4000       1.96080380E-02
  2883.5000       1.95926016E-02
  2883.6000       1.95790309E-02
  2883.7000       1.95666283E-02
  2883.8000       1.95576815E-02
  2883.9000       1.95519913E-02
  2884.0000       1.95495366E-02
  2884.1000       1.95517338E-02
  2884.2000       1.95576546E-02
  2884.3000       1.95684085E-02
  2884.4000       1.95818240E-02
  2884.5000       1.95976136E-02
  2884.6000       1.96161981E-02
  2884.7000       1.96362358E-02
  2884.8000       1.96583167E-02
  2884.9000       1.96814460E-02
  2885.0000       1.97063578E-02
  2885.1000       1.97318223E-02
  2885.2000       1.97579913E-02
  2885.3000       1.97843520E-02
  2885.4000       1.98132018E-02
  2885.5000       1.98454104E-02
  2885.6000       1.98805371E-02
  2885.7000       1.99164972E-02
  2885.8000       1.99492130E-02
  2885.9000       1.99781128E-02
  2886.0000       2.00079754E-02
  2886.1000       2.00425703E-02
  2886.2000       2.00817855E-02
  2886.3000       2.01206737E-02
  2886.4000       2.01535339E-02
  2886.5000       2.01799389E-02
  2886.6000       2.02033671E-02
  2886.7000       2.02263937E-02
  2886.8000       2.02524113E-02
  2886.9000       2.02754216E-02
  2887.0000       2.02907557E-02
  2887.1000       2.02962868E-02
  2887.2000       2.02972065E-02
  2887.3000       2.02987150E-02
  2887.4000       2.03005365E-02
  2887.5000       2.02984988E-02
  2887.6000       2.02916222E-02
  2887.7000       2.02809133E-02
  2887.8000       2.02714250E-02
  2887.9000       2.02625435E-02
  2888.0000       2.02546181E-02
  2888.1000       2.02487993E-02
  2888.2000       2.02458706E-02
  2888.3000       2.02461928E-02
  2888.4000       2.02513158E-02
  2888.5000       2.02611190E-02
  2888.6000       2.02747947E-02
  2888.7000       2.02907810E-02
  2888.8000       2.03097244E-02
  2888.9000       2.03306313E-02
  2889.0000       2.03529458E-02
  2889.1000       2.03756876E-02
  2889.2000       2.03984028E-02
  2889.3000       2.04197841E-02
  2889.4000       2.04389809E-02
  2889.5000       2.04565504E-02
  2889.6000       2.04709769E-02
  2889.7000       2.04845548E-02
  2889.8000       2.04975332E-02
  2889.9000       2.05095190E-02
  2890.0000       2.05212930E-02
