  1240.1000       8.50352567E-02
  1240.2000       8.50395026E-02
  1240.3000       8.50443360E-02
  1240.4000       8.50496167E-02
  1240.5000       8.50557919E-02
  1240.6000       8.50627063E-02
  1240.7000       8.50703566E-02
  1240.8000       8.50788521E-02
  1240.9000       8.50877554E-02
  1241.0000       8.50967059E-02
  1241.1000       8.51055450E-02
  1241.2000       8.51137953E-02
  1241.3000       8.51214310E-02
  1241.4000       8.51284882E-02
  1241.5000       8.51348680E-02
  1241.6000       8.51412170E-02
  1241.7000       8.51475886E-02
  1241.8000       8.51543462E-02
  1241.9000       8.51620453E-02
  1242.0000       8.51704178E-02
  1242.1000       8.51796496E-02
  1242.2000       8.51896872E-02
  1242.3000       8.52002592E-02
  1242.4000       8.52108857E-02
  1242.5000       8.52218657E-02
  1242.6000       8.52327092E-02
  1242.7000       8.52430410E-02
  1242.8000       8.52531236E-02
  1242.9000       8.52631506E-02
  1243.0000       8.52728114E-02
  1243.1000       8.52828089E-02
  1243.2000       8.52927285E-02
  1243.3000       8.53030548E-02
  1243.4000       8.53135347E-02
  1243.5000       8.53243492E-02
  1243.6000       8.53351603E-02
  1243.7000       8.53461514E-02
  1243.8000       8.53570047E-02
  1243.9000       8.53677530E-02
  1244.0000       8.53784910E-02
  1244.1000       8.53890143E-02
  1244.2000       8.53994722E-02
  1244.3000       8.54099374E-02
  1244.4000       8.54203868E-02
  1244.5000       8.54305630E-02
  1244.6000       8.54404253E-02
  1244.7000       8.54500215E-02
  1244.8000       8.54592801E-02
  1244.9000       8.54680191E-02
  1245.0000       8.54763158E-02
  1245.1000       8.54842961E-02
  1245.2000       8.54918981E-02
  1245.3000       8.54994899E-02
  1245.4000       8.55073410E-02
  1245.5000       8.55153648E-02
  1245.6000       8.55237837E-02
  1245.7000       8.55323397E-02
  1245.8000       8.55411384E-02
  1245.9000       8.55496866E-02
  1246.0000       8.55578808E-02
  1246.1000       8.55654178E-02
  1246.2000       8.55721794E-02
  1246.3000       8.55780848E-02
  1246.4000       8.55832513E-02
  1246.5000       8.55875513E-02
  1246.6000       8.55915159E-02
  1246.7000       8.55953335E-02
  1246.8000       8.55989712E-02
  1246.9000       8.56028722E-02
  1247.0000       8.56072625E-02
  1247.1000       8.56116570E-02
  1247.2000       8.56162457E-02
  1247.3000       8.56207693E-02
  1247.4000       8.56249646E-02
  1247.5000       8.56287864E-02
  1247.6000       8.56321487E-02
  1247.7000       8.56347342E-02
  1247.8000       8.56369555E-02
  1247.9000       8.56390268E-02
  1248.0000       8.56410140E-02
  1248.1000       8.56432315E-02
  1248.2000       8.56456130E-02
  1248.3000       8.56484695E-02
  1248.4000       8.56515816E-02
  1248.5000       8.56549055E-02
  1248.6000       8.56580768E-02
  1248.7000       8.56609644E-02
  1248.8000       8.56632177E-02
  1248.9000       8.56647784E-02
  1249.0000       8.56656769E-02
  1249.1000       8.56657382E-02
  1249.2000       8.56652669E-02
  1249.3000       8.56642333E-02
  1249.4000       8.56632886E-02
  1249.5000       8.56621440E-02
  1249.6000       8.56611640E-02
  1249.7000       8.56604121E-02
  1249.8000       8.56595354E-02
  1249.9000       8.56585294E-02
  1250.0000       8.56573900E-02
  1250.1000       8.56557082E-02
  1250.2000       8.56537485E-02
  1250.3000       8.56510285E-02
  1250.4000       8.56481145E-02
  1250.5000       8.56448225E-02
  1250.6000       8.56414461E-02
  1250.7000       8.56380639E-02
  1250.8000       8.56346570E-02
  1250.9000       8.56312820E-02
  1251.0000       8.56280142E-02
  1251.1000       8.56249752E-02
  1251.2000       8.56212545E-02
  1251.3000       8.56176915E-02
  1251.4000       8.56135437E-02
  1251.5000       8.56088072E-02
  1251.6000       8.56034966E-02
  1251.7000       8.55975258E-02
  1251.8000       8.55911962E-02
  1251.9000       8.55844043E-02
  1252.0000       8.55777374E-02
  1252.1000       8.55711000E-02
  1252.2000       8.55647873E-02
  1252.3000       8.55584976E-02
  1252.4000       8.55526326E-02
  1252.5000       8.55466365E-02
  1252.6000       8.55404518E-02
  1252.7000       8.55339661E-02
  1252.8000       8.55270262E-02
  1252.9000       8.55195487E-02
  1253.0000       8.55119516E-02
  1253.1000       8.55039404E-02
  1253.2000       8.54956556E-02
  1253.3000       8.54872246E-02
  1253.4000       8.54791764E-02
  1253.5000       8.54712875E-02
  1253.6000       8.54638319E-02
  1253.7000       8.54568556E-02
  1253.8000       8.54504313E-02
  1253.9000       8.54441355E-02
  1254.0000       8.54379348E-02
  1254.1000       8.54315815E-02
  1254.2000       8.54250384E-02
  1254.3000       8.54182232E-02
  1254.4000       8.54105919E-02
  1254.5000       8.54028203E-02
  1254.6000       8.53944721E-02
  1254.7000       8.53861237E-02
  1254.8000       8.53774334E-02
  1254.9000       8.53691161E-02
  1255.0000       8.53610179E-02
  1255.1000       8.53535289E-02
  1255.2000       8.53462998E-02
  1255.3000       8.53396051E-02
  1255.4000       8.53329186E-02
  1255.5000       8.53265459E-02
  1255.6000       8.53198993E-02
  1255.7000       8.53132164E-02
  1255.8000       8.53063596E-02
  1255.9000       8.52991021E-02
  1256.0000       8.52916777E-02
  1256.1000       8.52843300E-02
  1256.2000       8.52769849E-02
  1256.3000       8.52702618E-02
  1256.4000       8.52637842E-02
  1256.5000       8.52577057E-02
  1256.6000       8.52522317E-02
  1256.7000       8.52470961E-02
  1256.8000       8.52420922E-02
  1256.9000       8.52369451E-02
  1257.0000       8.52317559E-02
  1257.1000       8.52264538E-02
  1257.2000       8.52208551E-02
  1257.3000       8.52151940E-02
  1257.4000       8.52096959E-02
  1257.5000       8.52044355E-02
  1257.6000       8.51995169E-02
  1257.7000       8.51951456E-02
  1257.8000       8.51913340E-02
  1257.9000       8.51879557E-02
  1258.0000       8.51846378E-02
  1258.1000       8.51814200E-02
  1258.2000       8.51780000E-02
  1258.3000       8.51739427E-02
  1258.4000       8.51693945E-02
  1258.5000       8.51643040E-02
  1258.6000       8.51586836E-02
  1258.7000       8.51528651E-02
  1258.8000       8.51468244E-02
  1258.9000       8.51410415E-02
  1259.0000       8.51353505E-02
  1259.1000       8.51301954E-02
  1259.2000       8.51255405E-02
  1259.3000       8.51212195E-02
  1259.4000       8.51173387E-02
  1259.5000       8.51135165E-02
  1259.6000       8.51094599E-02
  1259.7000       8.51052881E-02
  1259.8000       8.51007846E-02
  1259.9000       8.50960107E-02
  1260.0000       8.50908445E-02
  1260.1000       8.50855297E-02
  1260.2000       8.50800894E-02
  1260.3000       8.50746282E-02
  1260.4000       8.50692012E-02
  1260.5000       8.50638213E-02
  1260.6000       8.50584967E-02
  1260.7000       8.50533172E-02
  1260.8000       8.50484067E-02
  1260.9000       8.50432826E-02
  1261.0000       8.50384527E-02
  1261.1000       8.50335856E-02
  1261.2000       8.50289163E-02
  1261.3000       8.50242164E-02
  1261.4000       8.50200663E-02
  1261.5000       8.50159805E-02
  1261.6000       8.50120600E-02
  1261.7000       8.50082372E-02
  1261.8000       8.50044767E-02
  1261.9000       8.50005144E-02
  1262.0000       8.49965640E-02
  1262.1000       8.49924169E-02
  1262.2000       8.49878678E-02
  1262.3000       8.49833788E-02
  1262.4000       8.49788945E-02
  1262.5000       8.49744927E-02
  1262.6000       8.49703701E-02
  1262.7000       8.49666807E-02
  1262.8000       8.49634185E-02
  1262.9000       8.49605751E-02
  1263.0000       8.49580915E-02
  1263.1000       8.49558466E-02
  1263.2000       8.49537857E-02
  1263.3000       8.49521168E-02
  1263.4000       8.49499713E-02
  1263.5000       8.49481578E-02
  1263.6000       8.49463700E-02
  1263.7000       8.49448011E-02
  1263.8000       8.49435464E-02
  1263.9000       8.49427236E-02
  1264.0000       8.49424585E-02
  1264.1000       8.49428549E-02
  1264.2000       8.49434913E-02
  1264.3000       8.49446191E-02
  1264.4000       8.49457566E-02
  1264.5000       8.49470410E-02
  1264.6000       8.49481364E-02
  1264.7000       8.49491424E-02
  1264.8000       8.49500874E-02
  1264.9000       8.49508480E-02
  1265.0000       8.49515732E-02
  1265.1000       8.49524018E-02
  1265.2000       8.49536653E-02
  1265.3000       8.49551222E-02
  1265.4000       8.49572256E-02
  1265.5000       8.49597598E-02
  1265.6000       8.49625915E-02
  1265.7000       8.49656921E-02
  1265.8000       8.49689861E-02
  1265.9000       8.49724108E-02
  1266.0000       8.49756129E-02
  1266.1000       8.49788266E-02
  1266.2000       8.49814265E-02
  1266.3000       8.49839237E-02
  1266.4000       8.49862078E-02
  1266.5000       8.49883965E-02
  1266.6000       8.49905555E-02
  1266.7000       8.49930373E-02
  1266.8000       8.49957668E-02
  1266.9000       8.49988618E-02
  1267.0000       8.50025105E-02
  1267.1000       8.50067969E-02
  1267.2000       8.50115557E-02
  1267.3000       8.50165518E-02
  1267.4000       8.50218095E-02
  1267.5000       8.50269905E-02
  1267.6000       8.50320669E-02
  1267.7000       8.50368462E-02
  1267.8000       8.50411978E-02
  1267.9000       8.50448870E-02
  1268.0000       8.50483730E-02
  1268.1000       8.50517782E-02
  1268.2000       8.50549421E-02
  1268.3000       8.50585372E-02
  1268.4000       8.50622859E-02
  1268.5000       8.50664131E-02
  1268.6000       8.50711027E-02
  1268.7000       8.50760939E-02
  1268.8000       8.50812694E-02
  1268.9000       8.50866735E-02
  1269.0000       8.50920530E-02
  1269.1000       8.50974318E-02
  1269.2000       8.51025542E-02
  1269.3000       8.51078707E-02
  1269.4000       8.51129941E-02
  1269.5000       8.51181737E-02
  1269.6000       8.51236253E-02
  1269.7000       8.51291362E-02
  1269.8000       8.51343251E-02
  1269.9000       8.51396256E-02
  1270.0000       8.51447943E-02
  1270.1000       8.51493036E-02
  1270.2000       8.51533248E-02
  1270.3000       8.51570031E-02
  1270.4000       8.51598813E-02
  1270.5000       8.51627661E-02
  1270.6000       8.51654163E-02
  1270.7000       8.51679199E-02
  1270.8000       8.51708259E-02
  1270.9000       8.51738875E-02
  1271.0000       8.51773742E-02
  1271.1000       8.51810177E-02
  1271.2000       8.51849839E-02
  1271.3000       8.51889387E-02
  1271.4000       8.51924541E-02
  1271.5000       8.51957228E-02
  1271.6000       8.51986441E-02
  1271.7000       8.52010094E-02
  1271.8000       8.52033807E-02
  1271.9000       8.52056326E-02
  1272.0000       8.52080612E-02
  1272.1000       8.52108358E-02
  1272.2000       8.52140919E-02
  1272.3000       8.52180912E-02
  1272.4000       8.52224995E-02
  1272.5000       8.52275054E-02
  1272.6000       8.52325636E-02
  1272.7000       8.52380098E-02
  1272.8000       8.52434328E-02
  1272.9000       8.52487927E-02
  1273.0000       8.52541942E-02
  1273.1000       8.52597006E-02
  1273.2000       8.52654941E-02
  1273.3000       8.52716165E-02
  1273.4000       8.52779784E-02
  1273.5000       8.52846402E-02
  1273.6000       8.52915434E-02
  1273.7000       8.52981805E-02
  1273.8000       8.53046218E-02
  1273.9000       8.53105386E-02
  1274.0000       8.53157990E-02
  1274.1000       8.53205497E-02
  1274.2000       8.53246857E-02
  1274.3000       8.53287265E-02
  1274.4000       8.53325777E-02
  1274.5000       8.53366496E-02
  1274.6000       8.53410642E-02
  1274.7000       8.53456613E-02
  1274.8000       8.53509045E-02
  1274.9000       8.53563564E-02
  1275.0000       8.53619059E-02
  1275.1000       8.53674872E-02
  1275.2000       8.53728671E-02
  1275.3000       8.53778430E-02
  1275.4000       8.53821792E-02
  1275.5000       8.53862259E-02
  1275.6000       8.53900578E-02
  1275.7000       8.53937963E-02
  1275.8000       8.53977106E-02
  1275.9000       8.54018969E-02
  1276.0000       8.54063589E-02
  1276.1000       8.54112163E-02
  1276.2000       8.54160809E-02
  1276.3000       8.54210712E-02
  1276.4000       8.54257883E-02
  1276.5000       8.54303268E-02
  1276.6000       8.54342773E-02
  1276.7000       8.54380540E-02
  1276.8000       8.54414036E-02
  1276.9000       8.54445024E-02
  1277.0000       8.54474254E-02
  1277.1000       8.54504004E-02
  1277.2000       8.54533320E-02
  1277.3000       8.54564326E-02
  1277.4000       8.54596562E-02
  1277.5000       8.54627477E-02
  1277.6000       8.54660338E-02
  1277.7000       8.54689236E-02
  1277.8000       8.54718892E-02
  1277.9000       8.54744284E-02
  1278.0000       8.54767813E-02
  1278.1000       8.54789238E-02
  1278.2000       8.54811472E-02
  1278.3000       8.54833468E-02
  1278.4000       8.54857650E-02
  1278.5000       8.54879733E-02
  1278.6000       8.54904128E-02
  1278.7000       8.54927998E-02
  1278.8000       8.54950102E-02
  1278.9000       8.54968914E-02
  1279.0000       8.54987348E-02
  1279.1000       8.55001907E-02
  1279.2000       8.55014952E-02
  1279.3000       8.55025524E-02
  1279.4000       8.55035902E-02
  1279.5000       8.55048636E-02
  1279.6000       8.55060212E-02
  1279.7000       8.55076578E-02
  1279.8000       8.55093452E-02
  1279.9000       8.55115287E-02
  1280.0000       8.55139398E-02
  1280.1000       8.55164607E-02
  1280.2000       8.55190243E-02
  1280.3000       8.55216805E-02
  1280.4000       8.55245336E-02
  1280.5000       8.55271689E-02
  1280.6000       8.55299458E-02
  1280.7000       8.55328819E-02
  1280.8000       8.55359916E-02
  1280.9000       8.55392963E-02
  1281.0000       8.55427989E-02
  1281.1000       8.55462502E-02
  1281.2000       8.55498599E-02
  1281.3000       8.55535722E-02
  1281.4000       8.55569161E-02
  1281.5000       8.55599443E-02
  1281.6000       8.55629470E-02
  1281.7000       8.55656351E-02
  1281.8000       8.55680725E-02
  1281.9000       8.55706003E-02
  1282.0000       8.55727652E-02
  1282.1000       8.55751522E-02
  1282.2000       8.55775982E-02
  1282.3000       8.55802218E-02
  1282.4000       8.55830470E-02
  1282.5000       8.55862446E-02
  1282.6000       8.55894836E-02
  1282.7000       8.55927681E-02
  1282.8000       8.55961437E-02
  1282.9000       8.55993777E-02
  1283.0000       8.56025975E-02
  1283.1000       8.56057677E-02
  1283.2000       8.56089714E-02
  1283.3000       8.56119296E-02
  1283.4000       8.56150642E-02
  1283.5000       8.56181300E-02
  1283.6000       8.56211791E-02
  1283.7000       8.56241798E-02
  1283.8000       8.56271308E-02
  1283.9000       8.56299833E-02
  1284.0000       8.56328031E-02
  1284.1000       8.56354043E-02
  1284.2000       8.56376792E-02
  1284.3000       8.56396179E-02
  1284.4000       8.56412827E-02
  1284.5000       8.56427917E-02
  1284.6000       8.56441399E-02
  1284.7000       8.56450008E-02
  1284.8000       8.56459942E-02
  1284.9000       8.56469736E-02
  1285.0000       8.56480076E-02
  1285.1000       8.56493501E-02
  1285.2000       8.56507321E-02
  1285.3000       8.56525219E-02
  1285.4000       8.56543717E-02
  1285.5000       8.56563664E-02
  1285.6000       8.56580926E-02
  1285.7000       8.56598253E-02
  1285.8000       8.56611334E-02
  1285.9000       8.56620395E-02
  1286.0000       8.56621730E-02
  1286.1000       8.56620093E-02
  1286.2000       8.56612897E-02
  1286.3000       8.56602973E-02
  1286.4000       8.56591467E-02
  1286.5000       8.56580252E-02
  1286.6000       8.56571019E-02
  1286.7000       8.56564023E-02
  1286.8000       8.56559884E-02
  1286.9000       8.56555210E-02
  1287.0000       8.56551403E-02
  1287.1000       8.56543424E-02
  1287.2000       8.56530952E-02
  1287.3000       8.56512310E-02
  1287.4000       8.56486511E-02
  1287.5000       8.56453514E-02
  1287.6000       8.56413469E-02
  1287.7000       8.56369767E-02
  1287.8000       8.56323169E-02
  1287.9000       8.56280586E-02
  1288.0000       8.56238877E-02
  1288.1000       8.56202664E-02
  1288.2000       8.56173844E-02
  1288.3000       8.56148632E-02
  1288.4000       8.56125404E-02
  1288.5000       8.56100660E-02
  1288.6000       8.56074880E-02
  1288.7000       8.56043030E-02
  1288.8000       8.56003221E-02
  1288.9000       8.55954844E-02
  1289.0000       8.55898551E-02
  1289.1000       8.55836497E-02
  1289.2000       8.55770558E-02
  1289.3000       8.55705045E-02
  1289.4000       8.55642943E-02
  1289.5000       8.55585032E-02
  1289.6000       8.55533755E-02
  1289.7000       8.55489164E-02
  1289.8000       8.55448488E-02
  1289.9000       8.55412415E-02
  1290.0000       8.55376685E-02
  1290.1000       8.55340177E-02
  1290.2000       8.55300854E-02
  1290.3000       8.55260177E-02
  1290.4000       8.55218988E-02
  1290.5000       8.55175882E-02
  1290.6000       8.55136444E-02
  1290.7000       8.55098204E-02
  1290.8000       8.55065048E-02
  1290.9000       8.55034158E-02
  1291.0000       8.55008944E-02
  1291.1000       8.54989911E-02
  1291.2000       8.54970324E-02
  1291.3000       8.54954519E-02
  1291.4000       8.54941379E-02
  1291.5000       8.54929253E-02
  1291.6000       8.54918849E-02
  1291.7000       8.54910006E-02
  1291.8000       8.54903025E-02
  1291.9000       8.54896258E-02
  1292.0000       8.54890452E-02
  1292.1000       8.54888488E-02
  1292.2000       8.54882362E-02
  1292.3000       8.54874088E-02
  1292.4000       8.54865572E-02
  1292.5000       8.54855822E-02
  1292.6000       8.54841778E-02
  1292.7000       8.54829295E-02
  1292.8000       8.54816796E-02
  1292.9000       8.54809382E-02
  1293.0000       8.54804568E-02
  1293.1000       8.54805451E-02
  1293.2000       8.54809753E-02
  1293.3000       8.54817293E-02
  1293.4000       8.54823469E-02
  1293.5000       8.54826046E-02
  1293.6000       8.54825193E-02
  1293.7000       8.54817200E-02
  1293.8000       8.54803191E-02
  1293.9000       8.54779471E-02
  1294.0000       8.54754322E-02
  1294.1000       8.54725743E-02
  1294.2000       8.54700609E-02
  1294.3000       8.54676818E-02
  1294.4000       8.54657950E-02
  1294.5000       8.54645157E-02
  1294.6000       8.54635096E-02
  1294.7000       8.54626118E-02
  1294.8000       8.54616594E-02
  1294.9000       8.54605271E-02
  1295.0000       8.54588060E-02
  1295.1000       8.54566029E-02
  1295.2000       8.54539457E-02
  1295.3000       8.54508485E-02
  1295.4000       8.54475050E-02
  1295.5000       8.54441862E-02
  1295.6000       8.54412179E-02
  1295.7000       8.54384840E-02
  1295.8000       8.54361495E-02
  1295.9000       8.54340632E-02
  1296.0000       8.54319613E-02
  1296.1000       8.54300837E-02
  1296.2000       8.54276836E-02
  1296.3000       8.54251043E-02
  1296.4000       8.54222391E-02
  1296.5000       8.54188082E-02
  1296.6000       8.54152587E-02
  1296.7000       8.54115314E-02
  1296.8000       8.54081731E-02
  1296.9000       8.54049135E-02
  1297.0000       8.54019521E-02
  1297.1000       8.53993607E-02
  1297.2000       8.53969543E-02
  1297.3000       8.53947711E-02
  1297.4000       8.53925851E-02
  1297.5000       8.53905025E-02
  1297.6000       8.53879049E-02
  1297.7000       8.53854131E-02
  1297.8000       8.53825852E-02
  1297.9000       8.53798445E-02
  1298.0000       8.53770906E-02
  1298.1000       8.53745025E-02
  1298.2000       8.53722761E-02
  1298.3000       8.53703878E-02
  1298.4000       8.53683425E-02
  1298.5000       8.53665657E-02
  1298.6000       8.53647593E-02
  1298.7000       8.53628825E-02
  1298.8000       8.53609707E-02
  1298.9000       8.53588306E-02
  1299.0000       8.53565927E-02
  1299.1000       8.53544336E-02
  1299.2000       8.53521249E-02
  1299.3000       8.53500219E-02
  1299.4000       8.53481112E-02
  1299.5000       8.53462994E-02
  1299.6000       8.53448333E-02
  1299.7000       8.53436043E-02
  1299.8000       8.53426463E-02
  1299.9000       8.53420266E-02
  1300.0000       8.53414507E-02
  1300.1000       8.53411286E-02
  1300.2000       8.53414511E-02
  1300.3000       8.53420667E-02
  1300.4000       8.53431641E-02
  1300.5000       8.53445052E-02
  1300.6000       8.53463975E-02
  1300.7000       8.53485728E-02
  1300.8000       8.53507059E-02
  1300.9000       8.53527881E-02
  1301.0000       8.53547196E-02
  1301.1000       8.53560349E-02
  1301.2000       8.53568512E-02
  1301.3000       8.53571492E-02
  1301.4000       8.53569946E-02
  1301.5000       8.53567649E-02
  1301.6000       8.53565086E-02
  1301.7000       8.53568538E-02
  1301.8000       8.53577137E-02
  1301.9000       8.53592457E-02
  1302.0000       8.53614570E-02
  1302.1000       8.53641146E-02
  1302.2000       8.53673207E-02
  1302.3000       8.53704342E-02
  1302.4000       8.53731277E-02
  1302.5000       8.53753376E-02
  1302.6000       8.53765604E-02
  1302.7000       8.53771106E-02
  1302.8000       8.53769862E-02
  1302.9000       8.53766468E-02
  1303.0000       8.53761481E-02
  1303.1000       8.53759969E-02
  1303.2000       8.53763186E-02
  1303.3000       8.53771823E-02
  1303.4000       8.53784834E-02
  1303.5000       8.53806155E-02
  1303.6000       8.53825471E-02
  1303.7000       8.53845821E-02
  1303.8000       8.53862460E-02
  1303.9000       8.53874132E-02
  1304.0000       8.53877620E-02
  1304.1000       8.53872887E-02
  1304.2000       8.53862489E-02
  1304.3000       8.53849425E-02
  1304.4000       8.53833030E-02
  1304.5000       8.53817861E-02
  1304.6000       8.53804643E-02
  1304.7000       8.53795840E-02
  1304.8000       8.53794263E-02
  1304.9000       8.53795013E-02
  1305.0000       8.53797855E-02
  1305.1000       8.53802291E-02
  1305.2000       8.53805879E-02
  1305.3000       8.53808466E-02
  1305.4000       8.53807379E-02
  1305.5000       8.53804049E-02
  1305.6000       8.53794479E-02
  1305.7000       8.53781528E-02
  1305.8000       8.53765490E-02
  1305.9000       8.53748375E-02
  1306.0000       8.53731422E-02
  1306.1000       8.53712117E-02
  1306.2000       8.53695071E-02
  1306.3000       8.53678906E-02
  1306.4000       8.53664475E-02
  1306.5000       8.53648723E-02
  1306.6000       8.53633064E-02
  1306.7000       8.53617064E-02
  1306.8000       8.53599984E-02
  1306.9000       8.53581804E-02
  1307.0000       8.53561371E-02
  1307.1000       8.53541030E-02
  1307.2000       8.53520611E-02
  1307.3000       8.53499903E-02
  1307.4000       8.53479549E-02
  1307.5000       8.53461476E-02
  1307.6000       8.53443781E-02
  1307.7000       8.53429335E-02
  1307.8000       8.53414333E-02
  1307.9000       8.53401259E-02
  1308.0000       8.53386830E-02
  1308.1000       8.53372874E-02
  1308.2000       8.53356026E-02
  1308.3000       8.53334262E-02
  1308.4000       8.53313883E-02
  1308.5000       8.53289407E-02
  1308.6000       8.53262931E-02
  1308.7000       8.53236585E-02
  1308.8000       8.53211653E-02
  1308.9000       8.53187340E-02
  1309.0000       8.53166512E-02
  1309.1000       8.53146380E-02
  1309.2000       8.53128556E-02
  1309.3000       8.53110892E-02
  1309.4000       8.53094041E-02
  1309.5000       8.53075998E-02
  1309.6000       8.53054712E-02
  1309.7000       8.53032194E-02
  1309.8000       8.53003518E-02
  1309.9000       8.52974562E-02
  1310.0000       8.52942731E-02
  1310.1000       8.52908598E-02
  1310.2000       8.52875428E-02
  1310.3000       8.52840874E-02
  1310.4000       8.52810263E-02
  1310.5000       8.52781864E-02
  1310.6000       8.52758214E-02
  1310.7000       8.52733085E-02
  1310.8000       8.52711063E-02
  1310.9000       8.52686199E-02
  1311.0000       8.52659908E-02
  1311.1000       8.52630168E-02
  1311.2000       8.52592427E-02
  1311.3000       8.52549606E-02
  1311.4000       8.52502089E-02
  1311.5000       8.52450187E-02
  1311.6000       8.52396556E-02
  1311.7000       8.52344519E-02
  1311.8000       8.52293655E-02
  1311.9000       8.52245968E-02
  1312.0000       8.52205433E-02
  1312.1000       8.52166825E-02
  1312.2000       8.52130900E-02
  1312.3000       8.52098325E-02
  1312.4000       8.52063865E-02
  1312.5000       8.52029880E-02
  1312.6000       8.51991259E-02
  1312.7000       8.51951929E-02
  1312.8000       8.51908508E-02
  1312.9000       8.51864773E-02
  1313.0000       8.51818238E-02
  1313.1000       8.51772730E-02
  1313.2000       8.51730688E-02
  1313.3000       8.51691209E-02
  1313.4000       8.51655218E-02
  1313.5000       8.51623689E-02
  1313.6000       8.51594653E-02
  1313.7000       8.51569521E-02
  1313.8000       8.51544373E-02
  1313.9000       8.51517155E-02
  1314.0000       8.51488562E-02
  1314.1000       8.51459281E-02
  1314.2000       8.51428725E-02
  1314.3000       8.51398976E-02
  1314.4000       8.51371841E-02
  1314.5000       8.51350200E-02
  1314.6000       8.51332242E-02
  1314.7000       8.51319060E-02
  1314.8000       8.51310429E-02
  1314.9000       8.51306066E-02
  1315.0000       8.51305044E-02
  1315.1000       8.51301383E-02
  1315.2000       8.51295122E-02
  1315.3000       8.51285433E-02
  1315.4000       8.51269199E-02
  1315.5000       8.51248195E-02
  1315.6000       8.51225654E-02
  1315.7000       8.51201083E-02
  1315.8000       8.51178141E-02
  1315.9000       8.51157316E-02
  1316.0000       8.51141367E-02
  1316.1000       8.51130012E-02
  1316.2000       8.51126794E-02
  1316.3000       8.51123167E-02
  1316.4000       8.51126906E-02
  1316.5000       8.51126340E-02
  1316.6000       8.51125857E-02
  1316.7000       8.51119396E-02
  1316.8000       8.51109817E-02
  1316.9000       8.51094313E-02
  1317.0000       8.51077965E-02
  1317.1000       8.51059329E-02
  1317.2000       8.51038997E-02
  1317.3000       8.51023140E-02
  1317.4000       8.51009539E-02
  1317.5000       8.51000460E-02
  1317.6000       8.50994878E-02
  1317.7000       8.50991679E-02
  1317.8000       8.50989282E-02
  1317.9000       8.50983163E-02
  1318.0000       8.50973478E-02
  1318.1000       8.50960425E-02
  1318.2000       8.50942983E-02
  1318.3000       8.50921177E-02
  1318.4000       8.50897487E-02
  1318.5000       8.50871981E-02
  1318.6000       8.50849359E-02
  1318.7000       8.50831130E-02
  1318.8000       8.50816701E-02
  1318.9000       8.50804983E-02
  1319.0000       8.50795102E-02
  1319.1000       8.50785072E-02
  1319.2000       8.50771719E-02
  1319.3000       8.50752141E-02
  1319.4000       8.50725413E-02
  1319.5000       8.50691695E-02
  1319.6000       8.50653030E-02
  1319.7000       8.50609156E-02
  1319.8000       8.50566659E-02
  1319.9000       8.50522817E-02
  1320.0000       8.50484810E-02
  1320.1000       8.50452536E-02
  1320.2000       8.50425726E-02
  1320.3000       8.50405908E-02
  1320.4000       8.50390472E-02
  1320.5000       8.50378318E-02
  1320.6000       8.50365036E-02
  1320.7000       8.50349847E-02
  1320.8000       8.50327248E-02
  1320.9000       8.50299354E-02
  1321.0000       8.50268069E-02
  1321.1000       8.50231480E-02
  1321.2000       8.50192799E-02
  1321.3000       8.50156291E-02
  1321.4000       8.50121463E-02
  1321.5000       8.50091313E-02
  1321.6000       8.50065464E-02
  1321.7000       8.50044919E-02
  1321.8000       8.50027402E-02
  1321.9000       8.50012449E-02
  1322.0000       8.49995961E-02
  1322.1000       8.49975599E-02
  1322.2000       8.49954285E-02
  1322.3000       8.49926563E-02
  1322.4000       8.49897429E-02
  1322.5000       8.49864446E-02
  1322.6000       8.49835104E-02
  1322.7000       8.49805197E-02
  1322.8000       8.49780576E-02
  1322.9000       8.49759995E-02
  1323.0000       8.49743978E-02
  1323.1000       8.49731514E-02
  1323.2000       8.49716992E-02
  1323.3000       8.49699522E-02
  1323.4000       8.49680689E-02
  1323.5000       8.49654146E-02
  1323.6000       8.49625300E-02
  1323.7000       8.49594013E-02
  1323.8000       8.49563156E-02
  1323.9000       8.49535140E-02
  1324.0000       8.49515055E-02
  1324.1000       8.49504852E-02
  1324.2000       8.49502233E-02
  1324.3000       8.49510510E-02
  1324.4000       8.49524458E-02
  1324.5000       8.49542894E-02
  1324.6000       8.49558608E-02
  1324.7000       8.49570726E-02
  1324.8000       8.49576713E-02
  1324.9000       8.49572386E-02
  1325.0000       8.49560544E-02
  1325.1000       8.49543122E-02
  1325.2000       8.49519023E-02
  1325.3000       8.49498700E-02
  1325.4000       8.49482594E-02
  1325.5000       8.49477766E-02
  1325.6000       8.49482979E-02
  1325.7000       8.49500218E-02
  1325.8000       8.49526045E-02
  1325.9000       8.49559855E-02
  1326.0000       8.49595779E-02
  1326.1000       8.49631914E-02
  1326.2000       8.49665550E-02
  1326.3000       8.49692159E-02
  1326.4000       8.49715208E-02
  1326.5000       8.49732775E-02
  1326.6000       8.49748225E-02
  1326.7000       8.49761144E-02
  1326.8000       8.49774035E-02
  1326.9000       8.49790205E-02
  1327.0000       8.49810911E-02
  1327.1000       8.49835682E-02
  1327.2000       8.49864241E-02
  1327.3000       8.49896358E-02
  1327.4000       8.49931750E-02
  1327.5000       8.49966324E-02
  1327.6000       8.50004287E-02
  1327.7000       8.50038855E-02
  1327.8000       8.50075008E-02
  1327.9000       8.50109945E-02
  1328.0000       8.50142782E-02
  1328.1000       8.50175098E-02
  1328.2000       8.50207433E-02
  1328.3000       8.50239719E-02
  1328.4000       8.50270823E-02
  1328.5000       8.50301629E-02
  1328.6000       8.50331093E-02
  1328.7000       8.50361726E-02
  1328.8000       8.50392576E-02
  1328.9000       8.50423854E-02
  1329.0000       8.50457067E-02
  1329.1000       8.50492865E-02
  1329.2000       8.50529839E-02
  1329.3000       8.50568271E-02
  1329.4000       8.50606543E-02
  1329.5000       8.50647022E-02
  1329.6000       8.50687341E-02
  1329.7000       8.50725144E-02
  1329.8000       8.50761604E-02
  1329.9000       8.50794254E-02
  1330.0000       8.50823378E-02
  1330.1000       8.50847869E-02
  1330.2000       8.50869214E-02
  1330.3000       8.50886399E-02
  1330.4000       8.50904402E-02
  1330.5000       8.50918642E-02
  1330.6000       8.50932892E-02
  1330.7000       8.50948966E-02
  1330.8000       8.50963895E-02
  1330.9000       8.50980187E-02
  1331.0000       8.50995179E-02
  1331.1000       8.51008501E-02
  1331.2000       8.51021429E-02
  1331.3000       8.51030007E-02
  1331.4000       8.51035811E-02
  1331.5000       8.51036338E-02
  1331.6000       8.51033468E-02
  1331.7000       8.51024832E-02
  1331.8000       8.51014524E-02
  1331.9000       8.50999618E-02
  1332.0000       8.50983493E-02
  1332.1000       8.50966639E-02
  1332.2000       8.50950935E-02
  1332.3000       8.50932496E-02
  1332.4000       8.50915715E-02
  1332.5000       8.50898595E-02
  1332.6000       8.50878578E-02
  1332.7000       8.50855308E-02
  1332.8000       8.50827732E-02
  1332.9000       8.50795479E-02
  1333.0000       8.50759473E-02
  1333.1000       8.50717429E-02
  1333.2000       8.50671274E-02
  1333.3000       8.50623393E-02
  1333.4000       8.50576716E-02
  1333.5000       8.50526958E-02
  1333.6000       8.50478683E-02
  1333.7000       8.50432047E-02
  1333.8000       8.50389669E-02
  1333.9000       8.50344799E-02
  1334.0000       8.50300357E-02
  1334.1000       8.50249778E-02
  1334.2000       8.50194387E-02
  1334.3000       8.50133382E-02
  1334.4000       8.50069938E-02
  1334.5000       8.50000065E-02
  1334.6000       8.49928499E-02
  1334.7000       8.49856818E-02
  1334.8000       8.49788993E-02
  1334.9000       8.49720755E-02
  1335.0000       8.49655545E-02
  1335.1000       8.49592212E-02
  1335.2000       8.49527772E-02
  1335.3000       8.49461727E-02
  1335.4000       8.49393239E-02
  1335.5000       8.49320237E-02
  1335.6000       8.49244845E-02
  1335.7000       8.49162710E-02
  1335.8000       8.49081672E-02
  1335.9000       8.49000949E-02
  1336.0000       8.48922449E-02
  1336.1000       8.48847884E-02
  1336.2000       8.48778226E-02
  1336.3000       8.48710549E-02
  1336.4000       8.48647892E-02
  1336.5000       8.48585418E-02
  1336.6000       8.48521165E-02
  1336.7000       8.48453692E-02
  1336.8000       8.48379984E-02
  1336.9000       8.48306054E-02
  1337.0000       8.48230627E-02
  1337.1000       8.48155925E-02
  1337.2000       8.48086724E-02
  1337.3000       8.48023574E-02
  1337.4000       8.47968742E-02
  1337.5000       8.47921746E-02
  1337.6000       8.47877531E-02
  1337.7000       8.47838230E-02
  1337.8000       8.47798513E-02
  1337.9000       8.47755605E-02
  1338.0000       8.47706074E-02
  1338.1000       8.47649676E-02
  1338.2000       8.47586854E-02
  1338.3000       8.47520987E-02
  1338.4000       8.47453539E-02
  1338.5000       8.47385270E-02
  1338.6000       8.47322709E-02
  1338.7000       8.47267155E-02
  1338.8000       8.47217103E-02
  1338.9000       8.47170502E-02
  1339.0000       8.47129730E-02
  1339.1000       8.47089946E-02
  1339.2000       8.47048797E-02
  1339.3000       8.47006244E-02
  1339.4000       8.46960761E-02
  1339.5000       8.46913261E-02
  1339.6000       8.46866267E-02
  1339.7000       8.46818965E-02
  1339.8000       8.46774953E-02
  1339.9000       8.46736607E-02
  1340.0000       8.46703968E-02
  1340.1000       8.46672979E-02
  1340.2000       8.46646992E-02
  1340.3000       8.46619818E-02
  1340.4000       8.46590277E-02
  1340.5000       8.46554386E-02
  1340.6000       8.46514481E-02
  1340.7000       8.46468087E-02
  1340.8000       8.46419663E-02
  1340.9000       8.46369448E-02
  1341.0000       8.46321295E-02
  1341.1000       8.46276571E-02
  1341.2000       8.46241136E-02
  1341.3000       8.46212976E-02
  1341.4000       8.46195054E-02
  1341.5000       8.46182526E-02
  1341.6000       8.46177802E-02
  1341.7000       8.46170665E-02
  1341.8000       8.46163428E-02
  1341.9000       8.46152592E-02
  1342.0000       8.46134824E-02
  1342.1000       8.46113458E-02
  1342.2000       8.46083339E-02
  1342.3000       8.46051786E-02
  1342.4000       8.46017891E-02
  1342.5000       8.45987701E-02
  1342.6000       8.45960135E-02
  1342.7000       8.45937873E-02
  1342.8000       8.45925408E-02
  1342.9000       8.45918706E-02
  1343.0000       8.45917704E-02
  1343.1000       8.45920359E-02
  1343.2000       8.45923226E-02
  1343.3000       8.45928341E-02
  1343.4000       8.45927680E-02
  1343.5000       8.45923483E-02
  1343.6000       8.45919621E-02
  1343.7000       8.45909645E-02
  1343.8000       8.45897302E-02
  1343.9000       8.45883751E-02
  1344.0000       8.45867568E-02
  1344.1000       8.45852671E-02
  1344.2000       8.45838850E-02
  1344.3000       8.45826871E-02
  1344.4000       8.45818569E-02
  1344.5000       8.45814442E-02
  1344.6000       8.45815326E-02
  1344.7000       8.45822609E-02
  1344.8000       8.45832866E-02
  1344.9000       8.45847286E-02
  1345.0000       8.45866154E-02
  1345.1000       8.45885257E-02
  1345.2000       8.45907079E-02
  1345.3000       8.45928973E-02
  1345.4000       8.45951041E-02
  1345.5000       8.45974874E-02
  1345.6000       8.45999862E-02
  1345.7000       8.46021886E-02
  1345.8000       8.46043482E-02
  1345.9000       8.46065511E-02
  1346.0000       8.46083332E-02
  1346.1000       8.46100004E-02
  1346.2000       8.46115468E-02
  1346.3000       8.46126260E-02
  1346.4000       8.46136585E-02
  1346.5000       8.46145359E-02
  1346.6000       8.46152252E-02
  1346.7000       8.46162263E-02
  1346.8000       8.46175137E-02
  1346.9000       8.46191120E-02
  1347.0000       8.46210988E-02
  1347.1000       8.46237177E-02
  1347.2000       8.46263260E-02
  1347.3000       8.46295309E-02
  1347.4000       8.46325913E-02
  1347.5000       8.46357235E-02
  1347.6000       8.46385299E-02
  1347.7000       8.46412534E-02
  1347.8000       8.46438088E-02
  1347.9000       8.46462023E-02
  1348.0000       8.46484628E-02
  1348.1000       8.46509284E-02
  1348.2000       8.46532114E-02
  1348.3000       8.46559933E-02
  1348.4000       8.46587860E-02
  1348.5000       8.46614888E-02
  1348.6000       8.46641644E-02
  1348.7000       8.46664478E-02
  1348.8000       8.46683486E-02
  1348.9000       8.46697296E-02
  1349.0000       8.46707335E-02
  1349.1000       8.46713207E-02
  1349.2000       8.46715511E-02
  1349.3000       8.46716967E-02
  1349.4000       8.46720139E-02
  1349.5000       8.46725442E-02
  1349.6000       8.46733921E-02
  1349.7000       8.46739680E-02
  1349.8000       8.46749979E-02
  1349.9000       8.46757359E-02
  1350.0000       8.46765724E-02
  1350.1000       8.46772512E-02
  1350.2000       8.46777139E-02
  1350.3000       8.46778761E-02
  1350.4000       8.46781532E-02
  1350.5000       8.46786109E-02
  1350.6000       8.46795609E-02
  1350.7000       8.46807434E-02
  1350.8000       8.46822161E-02
  1350.9000       8.46842131E-02
  1351.0000       8.46862507E-02
  1351.1000       8.46882788E-02
  1351.2000       8.46898295E-02
  1351.3000       8.46910328E-02
  1351.4000       8.46918033E-02
  1351.5000       8.46918537E-02
  1351.6000       8.46912772E-02
  1351.7000       8.46902634E-02
  1351.8000       8.46889226E-02
  1351.9000       8.46877610E-02
  1352.0000       8.46865355E-02
  1352.1000       8.46857399E-02
  1352.2000       8.46850896E-02
  1352.3000       8.46846732E-02
  1352.4000       8.46843649E-02
  1352.5000       8.46842170E-02
  1352.6000       8.46841431E-02
  1352.7000       8.46840441E-02
  1352.8000       8.46837719E-02
  1352.9000       8.46834293E-02
  1353.0000       8.46830721E-02
  1353.1000       8.46823106E-02
  1353.2000       8.46814841E-02
  1353.3000       8.46804572E-02
  1353.4000       8.46792121E-02
  1353.5000       8.46778982E-02
  1353.6000       8.46761636E-02
  1353.7000       8.46743614E-02
  1353.8000       8.46722503E-02
  1353.9000       8.46699917E-02
  1354.0000       8.46672206E-02
  1354.1000       8.46641967E-02
  1354.2000       8.46609605E-02
  1354.3000       8.46576268E-02
  1354.4000       8.46540494E-02
  1354.5000       8.46503680E-02
  1354.6000       8.46463553E-02
  1354.7000       8.46425893E-02
  1354.8000       8.46384215E-02
  1354.9000       8.46343263E-02
  1355.0000       8.46299676E-02
  1355.1000       8.46253677E-02
  1355.2000       8.46205837E-02
  1355.3000       8.46156514E-02
  1355.4000       8.46106401E-02
  1355.5000       8.46055364E-02
  1355.6000       8.46004364E-02
  1355.7000       8.45954094E-02
  1355.8000       8.45904744E-02
  1355.9000       8.45853582E-02
  1356.0000       8.45802162E-02
  1356.1000       8.45746461E-02
  1356.2000       8.45688255E-02
  1356.3000       8.45622991E-02
  1356.4000       8.45554592E-02
  1356.5000       8.45480533E-02
  1356.6000       8.45403178E-02
  1356.7000       8.45321866E-02
  1356.8000       8.45237602E-02
  1356.9000       8.45151689E-02
  1357.0000       8.45065476E-02
  1357.1000       8.44977257E-02
  1357.2000       8.44888433E-02
  1357.3000       8.44800934E-02
  1357.4000       8.44710963E-02
  1357.5000       8.44620030E-02
  1357.6000       8.44529653E-02
  1357.7000       8.44436743E-02
  1357.8000       8.44344562E-02
  1357.9000       8.44255339E-02
  1358.0000       8.44167933E-02
  1358.1000       8.44086172E-02
  1358.2000       8.44009362E-02
  1358.3000       8.43934129E-02
  1358.4000       8.43863989E-02
  1358.5000       8.43794925E-02
  1358.6000       8.43728072E-02
  1358.7000       8.43661937E-02
  1358.8000       8.43596185E-02
  1358.9000       8.43527994E-02
  1359.0000       8.43459521E-02
  1359.1000       8.43391965E-02
  1359.2000       8.43324772E-02
  1359.3000       8.43261636E-02
  1359.4000       8.43199297E-02
  1359.5000       8.43138178E-02
  1359.6000       8.43080884E-02
  1359.7000       8.43025688E-02
  1359.8000       8.42971080E-02
  1359.9000       8.42917019E-02
  1360.0000       8.42861639E-02
  1360.1000       8.42804550E-02
  1360.2000       8.42747834E-02
  1360.3000       8.42688760E-02
  1360.4000       8.42626993E-02
  1360.5000       8.42567703E-02
  1360.6000       8.42506335E-02
  1360.7000       8.42450389E-02
  1360.8000       8.42396477E-02
  1360.9000       8.42346327E-02
  1361.0000       8.42301283E-02
  1361.1000       8.42258990E-02
  1361.2000       8.42222687E-02
  1361.3000       8.42185789E-02
  1361.4000       8.42156137E-02
  1361.5000       8.42127920E-02
  1361.6000       8.42103838E-02
  1361.7000       8.42082739E-02
  1361.8000       8.42066814E-02
  1361.9000       8.42053231E-02
  1362.0000       8.42043019E-02
  1362.1000       8.42032562E-02
  1362.2000       8.42023592E-02
  1362.3000       8.42014095E-02
  1362.4000       8.41999795E-02
  1362.5000       8.41983291E-02
  1362.6000       8.41964863E-02
  1362.7000       8.41942179E-02
  1362.8000       8.41920042E-02
  1362.9000       8.41895832E-02
  1363.0000       8.41874386E-02
  1363.1000       8.41855712E-02
  1363.2000       8.41838433E-02
  1363.3000       8.41826460E-02
  1363.4000       8.41815022E-02
  1363.5000       8.41807894E-02
  1363.6000       8.41800063E-02
  1363.7000       8.41792604E-02
  1363.8000       8.41783419E-02
  1363.9000       8.41774979E-02
  1364.0000       8.41764074E-02
  1364.1000       8.41752613E-02
  1364.2000       8.41740932E-02
  1364.3000       8.41729956E-02
  1364.4000       8.41721130E-02
  1364.5000       8.41713490E-02
  1364.6000       8.41708764E-02
  1364.7000       8.41702594E-02
  1364.8000       8.41697084E-02
  1364.9000       8.41690742E-02
  1365.0000       8.41684084E-02
  1365.1000       8.41677729E-02
  1365.2000       8.41672356E-02
  1365.3000       8.41669331E-02
  1365.4000       8.41672303E-02
  1365.5000       8.41678056E-02
  1365.6000       8.41685558E-02
  1365.7000       8.41700748E-02
  1365.8000       8.41715401E-02
  1365.9000       8.41729929E-02
  1366.0000       8.41743838E-02
  1366.1000       8.41755825E-02
  1366.2000       8.41764159E-02
  1366.3000       8.41770582E-02
  1366.4000       8.41774842E-02
  1366.5000       8.41781671E-02
  1366.6000       8.41792110E-02
  1366.7000       8.41806474E-02
  1366.8000       8.41830464E-02
  1366.9000       8.41856537E-02
  1367.0000       8.41890205E-02
  1367.1000       8.41925707E-02
  1367.2000       8.41958906E-02
  1367.3000       8.41990970E-02
  1367.4000       8.42019538E-02
  1367.5000       8.42042890E-02
  1367.6000       8.42061978E-02
  1367.7000       8.42080097E-02
  1367.8000       8.42097114E-02
  1367.9000       8.42117251E-02
  1368.0000       8.42140479E-02
  1368.1000       8.42167133E-02
  1368.2000       8.42199089E-02
  1368.3000       8.42232767E-02
  1368.4000       8.42265536E-02
  1368.5000       8.42294509E-02
  1368.6000       8.42318058E-02
  1368.7000       8.42334308E-02
  1368.8000       8.42343163E-02
  1368.9000       8.42348004E-02
  1369.0000       8.42350738E-02
  1369.1000       8.42352801E-02
  1369.2000       8.42359167E-02
  1369.3000       8.42373286E-02
  1369.4000       8.42395829E-02
  1369.5000       8.42427560E-02
  1369.6000       8.42466594E-02
  1369.7000       8.42511459E-02
  1369.8000       8.42558289E-02
  1369.9000       8.42605841E-02
  1370.0000       8.42647851E-02
  1370.1000       8.42686767E-02
  1370.2000       8.42718178E-02
  1370.3000       8.42742876E-02
  1370.4000       8.42763985E-02
  1370.5000       8.42785922E-02
  1370.6000       8.42808151E-02
  1370.7000       8.42835429E-02
  1370.8000       8.42866321E-02
  1370.9000       8.42903292E-02
  1371.0000       8.42944104E-02
  1371.1000       8.42986852E-02
  1371.2000       8.43028591E-02
  1371.3000       8.43066933E-02
  1371.4000       8.43100782E-02
  1371.5000       8.43133182E-02
  1371.6000       8.43159529E-02
  1371.7000       8.43186320E-02
  1371.8000       8.43214399E-02
  1371.9000       8.43246728E-02
  1372.0000       8.43282351E-02
  1372.1000       8.43324686E-02
  1372.2000       8.43372187E-02
  1372.3000       8.43426455E-02
  1372.4000       8.43481876E-02
  1372.5000       8.43541705E-02
  1372.6000       8.43601485E-02
  1372.7000       8.43660352E-02
  1372.8000       8.43720073E-02
  1372.9000       8.43778016E-02
  1373.0000       8.43836458E-02
  1373.1000       8.43897670E-02
  1373.2000       8.43959736E-02
  1373.3000       8.44025276E-02
  1373.4000       8.44094915E-02
  1373.5000       8.44164992E-02
  1373.6000       8.44238084E-02
  1373.7000       8.44309609E-02
  1373.8000       8.44380488E-02
  1373.9000       8.44447795E-02
  1374.0000       8.44513628E-02
  1374.1000       8.44575253E-02
  1374.2000       8.44637567E-02
  1374.3000       8.44701993E-02
  1374.4000       8.44770370E-02
  1374.5000       8.44840588E-02
  1374.6000       8.44914397E-02
  1374.7000       8.44993667E-02
  1374.8000       8.45075741E-02
  1374.9000       8.45159195E-02
  1375.0000       8.45245275E-02
  1375.1000       8.45329132E-02
  1375.2000       8.45413343E-02
  1375.3000       8.45496079E-02
  1375.4000       8.45576381E-02
  1375.5000       8.45655318E-02
  1375.6000       8.45732111E-02
  1375.7000       8.45806500E-02
  1375.8000       8.45879600E-02
  1375.9000       8.45950528E-02
  1376.0000       8.46019645E-02
  1376.1000       8.46086548E-02
  1376.2000       8.46151603E-02
  1376.3000       8.46213440E-02
  1376.4000       8.46271033E-02
  1376.5000       8.46327820E-02
  1376.6000       8.46381215E-02
  1376.7000       8.46433417E-02
  1376.8000       8.46483217E-02
  1376.9000       8.46533205E-02
  1377.0000       8.46584015E-02
  1377.1000       8.46632427E-02
  1377.2000       8.46682720E-02
  1377.3000       8.46729681E-02
  1377.4000       8.46775258E-02
  1377.5000       8.46817970E-02
  1377.6000       8.46861409E-02
  1377.7000       8.46902982E-02
  1377.8000       8.46945420E-02
  1377.9000       8.46987407E-02
  1378.0000       8.47034804E-02
  1378.1000       8.47084038E-02
  1378.2000       8.47134736E-02
  1378.3000       8.47187838E-02
  1378.4000       8.47240698E-02
  1378.5000       8.47292080E-02
  1378.6000       8.47339686E-02
  1378.7000       8.47382381E-02
  1378.8000       8.47418777E-02
  1378.9000       8.47450799E-02
  1379.0000       8.47477590E-02
  1379.1000       8.47504119E-02
  1379.2000       8.47530870E-02
  1379.3000       8.47558575E-02
  1379.4000       8.47588060E-02
  1379.5000       8.47619871E-02
  1379.6000       8.47651859E-02
  1379.7000       8.47683657E-02
  1379.8000       8.47714118E-02
  1379.9000       8.47745067E-02
  1380.0000       8.47775000E-02
  1380.1000       8.47804880E-02
  1380.2000       8.47834834E-02
  1380.3000       8.47869071E-02
  1380.4000       8.47905602E-02
  1380.5000       8.47944603E-02
  1380.6000       8.47988278E-02
  1380.7000       8.48034879E-02
  1380.8000       8.48081679E-02
  1380.9000       8.48128644E-02
  1381.0000       8.48172918E-02
  1381.1000       8.48212565E-02
  1381.2000       8.48247512E-02
  1381.3000       8.48274834E-02
  1381.4000       8.48294886E-02
  1381.5000       8.48310119E-02
  1381.6000       8.48318711E-02
  1381.7000       8.48326176E-02
  1381.8000       8.48332270E-02
  1381.9000       8.48340185E-02
  1382.0000       8.48349213E-02
  1382.1000       8.48361232E-02
  1382.2000       8.48373707E-02
  1382.3000       8.48388365E-02
  1382.4000       8.48402029E-02
  1382.5000       8.48414359E-02
  1382.6000       8.48422898E-02
  1382.7000       8.48431134E-02
  1382.8000       8.48436844E-02
  1382.9000       8.48442109E-02
  1383.0000       8.48448739E-02
  1383.1000       8.48458676E-02
  1383.2000       8.48469944E-02
  1383.3000       8.48482412E-02
  1383.4000       8.48498493E-02
  1383.5000       8.48516212E-02
  1383.6000       8.48532617E-02
  1383.7000       8.48549529E-02
  1383.8000       8.48558950E-02
  1383.9000       8.48564988E-02
  1384.0000       8.48564056E-02
  1384.1000       8.48555689E-02
  1384.2000       8.48544698E-02
  1384.3000       8.48529854E-02
  1384.4000       8.48515775E-02
  1384.5000       8.48503569E-02
  1384.6000       8.48495511E-02
  1384.7000       8.48493423E-02
  1384.8000       8.48495420E-02
  1384.9000       8.48501334E-02
  1385.0000       8.48513793E-02
  1385.1000       8.48523865E-02
  1385.2000       8.48539202E-02
  1385.3000       8.48552901E-02
  1385.4000       8.48565214E-02
  1385.5000       8.48577055E-02
  1385.6000       8.48588136E-02
  1385.7000       8.48598085E-02
  1385.8000       8.48607331E-02
  1385.9000       8.48618914E-02
  1386.0000       8.48631179E-02
  1386.1000       8.48645706E-02
  1386.2000       8.48659107E-02
  1386.3000       8.48673129E-02
  1386.4000       8.48684949E-02
  1386.5000       8.48690791E-02
  1386.6000       8.48691798E-02
  1386.7000       8.48687034E-02
  1386.8000       8.48676546E-02
  1386.9000       8.48661197E-02
  1387.0000       8.48642266E-02
  1387.1000       8.48621130E-02
  1387.2000       8.48602147E-02
  1387.3000       8.48584860E-02
  1387.4000       8.48571224E-02
  1387.5000       8.48560610E-02
  1387.6000       8.48554519E-02
  1387.7000       8.48550162E-02
  1387.8000       8.48548204E-02
  1387.9000       8.48546306E-02
  1388.0000       8.48543855E-02
  1388.1000       8.48541491E-02
  1388.2000       8.48541605E-02
  1388.3000       8.48542880E-02
  1388.4000       8.48545623E-02
  1388.5000       8.48552729E-02
  1388.6000       8.48563883E-02
  1388.7000       8.48579889E-02
  1388.8000       8.48599520E-02
  1388.9000       8.48620675E-02
  1389.0000       8.48642553E-02
  1389.1000       8.48660566E-02
  1389.2000       8.48676280E-02
  1389.3000       8.48686107E-02
  1389.4000       8.48689400E-02
  1389.5000       8.48691243E-02
  1389.6000       8.48689288E-02
  1389.7000       8.48685695E-02
  1389.8000       8.48684674E-02
  1389.9000       8.48687226E-02
  1390.0000       8.48695571E-02
  1390.1000       8.48711612E-02
  1390.2000       8.48731570E-02
  1390.3000       8.48757675E-02
  1390.4000       8.48783785E-02
  1390.5000       8.48811018E-02
  1390.6000       8.48835644E-02
  1390.7000       8.48857765E-02
  1390.8000       8.48872549E-02
  1390.9000       8.48883380E-02
  1391.0000       8.48890739E-02
  1391.1000       8.48897008E-02
  1391.2000       8.48904274E-02
  1391.3000       8.48911906E-02
  1391.4000       8.48923505E-02
  1391.5000       8.48938510E-02
  1391.6000       8.48957095E-02
  1391.7000       8.48977389E-02
  1391.8000       8.48997380E-02
  1391.9000       8.49015392E-02
  1392.0000       8.49029569E-02
  1392.1000       8.49039465E-02
  1392.2000       8.49040218E-02
  1392.3000       8.49033122E-02
  1392.4000       8.49020867E-02
  1392.5000       8.49003644E-02
  1392.6000       8.48982940E-02
  1392.7000       8.48963681E-02
  1392.8000       8.48946691E-02
  1392.9000       8.48932716E-02
  1393.0000       8.48926031E-02
  1393.1000       8.48927044E-02
  1393.2000       8.48934936E-02
  1393.3000       8.48951134E-02
  1393.4000       8.48972190E-02
  1393.5000       8.48998360E-02
  1393.6000       8.49026736E-02
  1393.7000       8.49054844E-02
  1393.8000       8.49083599E-02
  1393.9000       8.49107873E-02
  1394.0000       8.49132605E-02
  1394.1000       8.49153405E-02
  1394.2000       8.49172305E-02
  1394.3000       8.49194380E-02
  1394.4000       8.49219294E-02
  1394.5000       8.49250780E-02
  1394.6000       8.49288444E-02
  1394.7000       8.49333529E-02
  1394.8000       8.49385548E-02
  1394.9000       8.49443996E-02
  1395.0000       8.49504886E-02
  1395.1000       8.49567834E-02
  1395.2000       8.49632277E-02
  1395.3000       8.49695705E-02
  1395.4000       8.49758578E-02
  1395.5000       8.49818562E-02
  1395.6000       8.49880899E-02
  1395.7000       8.49944629E-02
  1395.8000       8.50011618E-02
  1395.9000       8.50082042E-02
  1396.0000       8.50159953E-02
  1396.1000       8.50241160E-02
  1396.2000       8.50329959E-02
  1396.3000       8.50424760E-02
  1396.4000       8.50520235E-02
  1396.5000       8.50620813E-02
  1396.6000       8.50721965E-02
  1396.7000       8.50821993E-02
  1396.8000       8.50924189E-02
  1396.9000       8.51026780E-02
  1397.0000       8.51130280E-02
  1397.1000       8.51236247E-02
  1397.2000       8.51344728E-02
  1397.3000       8.51457245E-02
  1397.4000       8.51572652E-02
  1397.5000       8.51689290E-02
  1397.6000       8.51810743E-02
  1397.7000       8.51933073E-02
  1397.8000       8.52056893E-02
  1397.9000       8.52181099E-02
  1398.0000       8.52305791E-02
  1398.1000       8.52432017E-02
  1398.2000       8.52561120E-02
  1398.3000       8.52690494E-02
  1398.4000       8.52822516E-02
  1398.5000       8.52956320E-02
  1398.6000       8.53087391E-02
  1398.7000       8.53218355E-02
  1398.8000       8.53346025E-02
  1398.9000       8.53472929E-02
  1399.0000       8.53594329E-02
  1399.1000       8.53711565E-02
  1399.2000       8.53825716E-02
  1399.3000       8.53938164E-02
  1399.4000       8.54048144E-02
  1399.5000       8.54156672E-02
  1399.6000       8.54263028E-02
  1399.7000       8.54368842E-02
  1399.8000       8.54470275E-02
  1399.9000       8.54564028E-02
  1400.0000       8.54654890E-02
  1400.1000       8.54738441E-02
  1400.2000       8.54815053E-02
  1400.3000       8.54884467E-02
  1400.4000       8.54951291E-02
  1400.5000       8.55015924E-02
  1400.6000       8.55080023E-02
  1400.7000       8.55146126E-02
  1400.8000       8.55218061E-02
  1400.9000       8.55292519E-02
  1401.0000       8.55370019E-02
  1401.1000       8.55450387E-02
  1401.2000       8.55528789E-02
  1401.3000       8.55608249E-02
  1401.4000       8.55681811E-02
  1401.5000       8.55749512E-02
  1401.6000       8.55814221E-02
  1401.7000       8.55875509E-02
  1401.8000       8.55937211E-02
  1401.9000       8.55998590E-02
  1402.0000       8.56064781E-02
  1402.1000       8.56138265E-02
  1402.2000       8.56216720E-02
  1402.3000       8.56298147E-02
  1402.4000       8.56386343E-02
  1402.5000       8.56474713E-02
  1402.6000       8.56563801E-02
  1402.7000       8.56652313E-02
  1402.8000       8.56735018E-02
  1402.9000       8.56816637E-02
  1403.0000       8.56894762E-02
  1403.1000       8.56970508E-02
  1403.2000       8.57044535E-02
  1403.3000       8.57115798E-02
  1403.4000       8.57188074E-02
  1403.5000       8.57259418E-02
  1403.6000       8.57330796E-02
  1403.7000       8.57399842E-02
  1403.8000       8.57467943E-02
  1403.9000       8.57535153E-02
  1404.0000       8.57600855E-02
  1404.1000       8.57665188E-02
  1404.2000       8.57728438E-02
  1404.3000       8.57789689E-02
  1404.4000       8.57850852E-02
  1404.5000       8.57910016E-02
  1404.6000       8.57970703E-02
  1404.7000       8.58029209E-02
  1404.8000       8.58088091E-02
  1404.9000       8.58144755E-02
  1405.0000       8.58199808E-02
  1405.1000       8.58252534E-02
  1405.2000       8.58303619E-02
  1405.3000       8.58356223E-02
  1405.4000       8.58407990E-02
  1405.5000       8.58461487E-02
  1405.6000       8.58516291E-02
  1405.7000       8.58572725E-02
  1405.8000       8.58630325E-02
  1405.9000       8.58688304E-02
  1406.0000       8.58743767E-02
  1406.1000       8.58799267E-02
  1406.2000       8.58852822E-02
  1406.3000       8.58906579E-02
  1406.4000       8.58955818E-02
  1406.5000       8.59010673E-02
  1406.6000       8.59066395E-02
  1406.7000       8.59126689E-02
  1406.8000       8.59191633E-02
  1406.9000       8.59256675E-02
  1407.0000       8.59323061E-02
  1407.1000       8.59390216E-02
  1407.2000       8.59450515E-02
  1407.3000       8.59505694E-02
  1407.4000       8.59552927E-02
  1407.5000       8.59594536E-02
  1407.6000       8.59629451E-02
  1407.7000       8.59661589E-02
  1407.8000       8.59688252E-02
  1407.9000       8.59715935E-02
  1408.0000       8.59747419E-02
  1408.1000       8.59780805E-02
  1408.2000       8.59813964E-02
  1408.3000       8.59852030E-02
  1408.4000       8.59891384E-02
  1408.5000       8.59928802E-02
  1408.6000       8.59963818E-02
  1408.7000       8.59994094E-02
  1408.8000       8.60021239E-02
  1408.9000       8.60043952E-02
  1409.0000       8.60059741E-02
  1409.1000       8.60075257E-02
  1409.2000       8.60089188E-02
  1409.3000       8.60102057E-02
  1409.4000       8.60117823E-02
  1409.5000       8.60134324E-02
  1409.6000       8.60153774E-02
  1409.7000       8.60174764E-02
  1409.8000       8.60197065E-02
  1409.9000       8.60215919E-02
  1410.0000       8.60232639E-02
  1410.1000       8.60245573E-02
  1410.2000       8.60250037E-02
  1410.3000       8.60246728E-02
  1410.4000       8.60236480E-02
  1410.5000       8.60216604E-02
  1410.6000       8.60190682E-02
  1410.7000       8.60158546E-02
  1410.8000       8.60124921E-02
  1410.9000       8.60092695E-02
  1411.0000       8.60061380E-02
  1411.1000       8.60036824E-02
  1411.2000       8.60016964E-02
  1411.3000       8.60000901E-02
  1411.4000       8.59986318E-02
  1411.5000       8.59970395E-02
  1411.6000       8.59953328E-02
  1411.7000       8.59930568E-02
  1411.8000       8.59900710E-02
  1411.9000       8.59863187E-02
  1412.0000       8.59818445E-02
  1412.1000       8.59766752E-02
  1412.2000       8.59710231E-02
  1412.3000       8.59650041E-02
  1412.4000       8.59586429E-02
  1412.5000       8.59523277E-02
  1412.6000       8.59460397E-02
  1412.7000       8.59396980E-02
  1412.8000       8.59333364E-02
  1412.9000       8.59269840E-02
  1413.0000       8.59203097E-02
  1413.1000       8.59133213E-02
  1413.2000       8.59058751E-02
  1413.3000       8.58981242E-02
  1413.4000       8.58899126E-02
  1413.5000       8.58814830E-02
  1413.6000       8.58728003E-02
  1413.7000       8.58640355E-02
  1413.8000       8.58550894E-02
  1413.9000       8.58459806E-02
  1414.0000       8.58366458E-02
  1414.1000       8.58270632E-02
  1414.2000       8.58170677E-02
  1414.3000       8.58067814E-02
  1414.4000       8.57958530E-02
  1414.5000       8.57844997E-02
  1414.6000       8.57726915E-02
  1414.7000       8.57601206E-02
  1414.8000       8.57473608E-02
  1414.9000       8.57342369E-02
  1415.0000       8.57206931E-02
  1415.1000       8.57071347E-02
  1415.2000       8.56937234E-02
  1415.3000       8.56799696E-02
  1415.4000       8.56662724E-02
  1415.5000       8.56524172E-02
  1415.6000       8.56384598E-02
  1415.7000       8.56241800E-02
  1415.8000       8.56097138E-02
  1415.9000       8.55950586E-02
  1416.0000       8.55804735E-02
  1416.1000       8.55657943E-02
  1416.2000       8.55513148E-02
  1416.3000       8.55371211E-02
  1416.4000       8.55230882E-02
  1416.5000       8.55094481E-02
  1416.6000       8.54958482E-02
  1416.7000       8.54824873E-02
  1416.8000       8.54694916E-02
  1416.9000       8.54563439E-02
  1417.0000       8.54434043E-02
  1417.1000       8.54305146E-02
  1417.2000       8.54175903E-02
  1417.3000       8.54046929E-02
  1417.4000       8.53921129E-02
  1417.5000       8.53793347E-02
  1417.6000       8.53670383E-02
  1417.7000       8.53549236E-02
  1417.8000       8.53433372E-02
  1417.9000       8.53317435E-02
  1418.0000       8.53206667E-02
  1418.1000       8.53097322E-02
  1418.2000       8.52989814E-02
  1418.3000       8.52882169E-02
  1418.4000       8.52774947E-02
  1418.5000       8.52666636E-02
  1418.6000       8.52558410E-02
  1418.7000       8.52448845E-02
  1418.8000       8.52342462E-02
  1418.9000       8.52236890E-02
  1419.0000       8.52137206E-02
  1419.1000       8.52045563E-02
  1419.2000       8.51956266E-02
  1419.3000       8.51872683E-02
  1419.4000       8.51793428E-02
  1419.5000       8.51713846E-02
  1419.6000       8.51632857E-02
  1419.7000       8.51547851E-02
  1419.8000       8.51455893E-02
  1419.9000       8.51353849E-02
  1420.0000       8.51244216E-02
  1420.1000       8.51128794E-02
  1420.2000       8.51006771E-02
  1420.3000       8.50883550E-02
  1420.4000       8.50763744E-02
  1420.5000       8.50645022E-02
  1420.6000       8.50531752E-02
  1420.7000       8.50426580E-02
  1420.8000       8.50327303E-02
  1420.9000       8.50230456E-02
  1421.0000       8.50142055E-02
  1421.1000       8.50053080E-02
  1421.2000       8.49963466E-02
  1421.3000       8.49872671E-02
  1421.4000       8.49780206E-02
  1421.5000       8.49686708E-02
  1421.6000       8.49591807E-02
  1421.7000       8.49498236E-02
  1421.8000       8.49405212E-02
  1421.9000       8.49316377E-02
  1422.0000       8.49228616E-02
  1422.1000       8.49144806E-02
  1422.2000       8.49062213E-02
  1422.3000       8.48980168E-02
  1422.4000       8.48897635E-02
  1422.5000       8.48810153E-02
  1422.6000       8.48722342E-02
  1422.7000       8.48629811E-02
  1422.8000       8.48536023E-02
  1422.9000       8.48442555E-02
  1423.0000       8.48351537E-02
  1423.1000       8.48261820E-02
  1423.2000       8.48176814E-02
  1423.3000       8.48097827E-02
  1423.4000       8.48024262E-02
  1423.5000       8.47957503E-02
  1423.6000       8.47894722E-02
  1423.7000       8.47838414E-02
  1423.8000       8.47786528E-02
  1423.9000       8.47737218E-02
  1424.0000       8.47693144E-02
  1424.1000       8.47651803E-02
  1424.2000       8.47612502E-02
  1424.3000       8.47577548E-02
  1424.4000       8.47545370E-02
  1424.5000       8.47519612E-02
  1424.6000       8.47492807E-02
  1424.7000       8.47471192E-02
  1424.8000       8.47448409E-02
  1424.9000       8.47428885E-02
  1425.0000       8.47412639E-02
  1425.1000       8.47397912E-02
  1425.2000       8.47385457E-02
  1425.3000       8.47375831E-02
  1425.4000       8.47370160E-02
  1425.5000       8.47367377E-02
  1425.6000       8.47367497E-02
  1425.7000       8.47369275E-02
  1425.8000       8.47368467E-02
  1425.9000       8.47371296E-02
  1426.0000       8.47373503E-02
  1426.1000       8.47374100E-02
  1426.2000       8.47376620E-02
  1426.3000       8.47378424E-02
  1426.4000       8.47382362E-02
  1426.5000       8.47388264E-02
  1426.6000       8.47401947E-02
  1426.7000       8.47423585E-02
  1426.8000       8.47450505E-02
  1426.9000       8.47487293E-02
  1427.0000       8.47530159E-02
  1427.1000       8.47575648E-02
  1427.2000       8.47626111E-02
  1427.3000       8.47676283E-02
  1427.4000       8.47722013E-02
  1427.5000       8.47766513E-02
  1427.6000       8.47809560E-02
  1427.7000       8.47850134E-02
  1427.8000       8.47888111E-02
  1427.9000       8.47930140E-02
  1428.0000       8.47973711E-02
  1428.1000       8.48026674E-02
  1428.2000       8.48084350E-02
  1428.3000       8.48149170E-02
  1428.4000       8.48217285E-02
  1428.5000       8.48287356E-02
  1428.6000       8.48359400E-02
  1428.7000       8.48429938E-02
  1428.8000       8.48498281E-02
  1428.9000       8.48566299E-02
  1429.0000       8.48630242E-02
  1429.1000       8.48691865E-02
  1429.2000       8.48755699E-02
  1429.3000       8.48819330E-02
  1429.4000       8.48885179E-02
  1429.5000       8.48955405E-02
  1429.6000       8.49026939E-02
  1429.7000       8.49103128E-02
  1429.8000       8.49182226E-02
  1429.9000       8.49262554E-02
  1430.0000       8.49345007E-02
  1430.1000       8.49428133E-02
  1430.2000       8.49510973E-02
  1430.3000       8.49593476E-02
  1430.4000       8.49676554E-02
  1430.5000       8.49758500E-02
  1430.6000       8.49840999E-02
  1430.7000       8.49924172E-02
  1430.8000       8.50008105E-02
  1430.9000       8.50093813E-02
  1431.0000       8.50177943E-02
  1431.1000       8.50265910E-02
  1431.2000       8.50353313E-02
  1431.3000       8.50443132E-02
  1431.4000       8.50535590E-02
  1431.5000       8.50627687E-02
  1431.6000       8.50722131E-02
  1431.7000       8.50819390E-02
  1431.8000       8.50920687E-02
  1431.9000       8.51025708E-02
  1432.0000       8.51135034E-02
  1432.1000       8.51245258E-02
  1432.2000       8.51357100E-02
  1432.3000       8.51469052E-02
  1432.4000       8.51578690E-02
  1432.5000       8.51688325E-02
  1432.6000       8.51793436E-02
  1432.7000       8.51897124E-02
  1432.8000       8.51999080E-02
  1432.9000       8.52101614E-02
  1433.0000       8.52204126E-02
  1433.1000       8.52309240E-02
  1433.2000       8.52419444E-02
  1433.3000       8.52531085E-02
  1433.4000       8.52649215E-02
  1433.5000       8.52767101E-02
  1433.6000       8.52886746E-02
  1433.7000       8.53006330E-02
  1433.8000       8.53124314E-02
  1433.9000       8.53238072E-02
  1434.0000       8.53348785E-02
  1434.1000       8.53456872E-02
  1434.2000       8.53559119E-02
  1434.3000       8.53660695E-02
  1434.4000       8.53761115E-02
  1434.5000       8.53865698E-02
  1434.6000       8.53973052E-02
  1434.7000       8.54083443E-02
  1434.8000       8.54195054E-02
  1434.9000       8.54311001E-02
  1435.0000       8.54428125E-02
  1435.1000       8.54544594E-02
  1435.2000       8.54656563E-02
  1435.3000       8.54768435E-02
  1435.4000       8.54873039E-02
  1435.5000       8.54976421E-02
  1435.6000       8.55074382E-02
  1435.7000       8.55170951E-02
  1435.8000       8.55268776E-02
  1435.9000       8.55365922E-02
  1436.0000       8.55466407E-02
  1436.1000       8.55569783E-02
  1436.2000       8.55673227E-02
  1436.3000       8.55778980E-02
  1436.4000       8.55883749E-02
  1436.5000       8.55986691E-02
  1436.6000       8.56087525E-02
  1436.7000       8.56187397E-02
  1436.8000       8.56284598E-02
  1436.9000       8.56382064E-02
  1437.0000       8.56477197E-02
  1437.1000       8.56576821E-02
  1437.2000       8.56678317E-02
  1437.3000       8.56782088E-02
  1437.4000       8.56888969E-02
  1437.5000       8.56994482E-02
  1437.6000       8.57102014E-02
  1437.7000       8.57206659E-02
  1437.8000       8.57306377E-02
  1437.9000       8.57400920E-02
  1438.0000       8.57491075E-02
  1438.1000       8.57575925E-02
  1438.2000       8.57659270E-02
  1438.3000       8.57741713E-02
  1438.4000       8.57822859E-02
  1438.5000       8.57909261E-02
  1438.6000       8.57997614E-02
  1438.7000       8.58092007E-02
  1438.8000       8.58185977E-02
  1438.9000       8.58284029E-02
  1439.0000       8.58381603E-02
  1439.1000       8.58476002E-02
  1439.2000       8.58568921E-02
  1439.3000       8.58659529E-02
  1439.4000       8.58747475E-02
  1439.5000       8.58831258E-02
  1439.6000       8.58913531E-02
  1439.7000       8.58994778E-02
  1439.8000       8.59077730E-02
  1439.9000       8.59156599E-02
  1440.0000       8.59232608E-02
  1440.1000       8.59304720E-02
  1440.2000       8.59370580E-02
  1440.3000       8.59427278E-02
  1440.4000       8.59472927E-02
  1440.5000       8.59509318E-02
  1440.6000       8.59536741E-02
  1440.7000       8.59557923E-02
  1440.8000       8.59574268E-02
  1440.9000       8.59591593E-02
  1441.0000       8.59614053E-02
  1441.1000       8.59640159E-02
  1441.2000       8.59671064E-02
  1441.3000       8.59704974E-02
  1441.4000       8.59741810E-02
  1441.5000       8.59776738E-02
  1441.6000       8.59810619E-02
  1441.7000       8.59841878E-02
  1441.8000       8.59869340E-02
  1441.9000       8.59891208E-02
  1442.0000       8.59912636E-02
  1442.1000       8.59935528E-02
  1442.2000       8.59960346E-02
  1442.3000       8.59989295E-02
  1442.4000       8.60019758E-02
  1442.5000       8.60052612E-02
  1442.6000       8.60084773E-02
  1442.7000       8.60113843E-02
  1442.8000       8.60139430E-02
  1442.9000       8.60160970E-02
  1443.0000       8.60178587E-02
  1443.1000       8.60189802E-02
  1443.2000       8.60203244E-02
  1443.3000       8.60218799E-02
  1443.4000       8.60235141E-02
  1443.5000       8.60259378E-02
  1443.6000       8.60289701E-02
  1443.7000       8.60327050E-02
  1443.8000       8.60367477E-02
  1443.9000       8.60410519E-02
  1444.0000       8.60455861E-02
  1444.1000       8.60496444E-02
  1444.2000       8.60536636E-02
  1444.3000       8.60574074E-02
  1444.4000       8.60611342E-02
  1444.5000       8.60648767E-02
  1444.6000       8.60691280E-02
  1444.7000       8.60739373E-02
  1444.8000       8.60789473E-02
  1444.9000       8.60845858E-02
  1445.0000       8.60901944E-02
  1445.1000       8.60955758E-02
  1445.2000       8.61005540E-02
  1445.3000       8.61048949E-02
  1445.4000       8.61081591E-02
  1445.5000       8.61105488E-02
  1445.6000       8.61122948E-02
  1445.7000       8.61134494E-02
  1445.8000       8.61143683E-02
  1445.9000       8.61153070E-02
  1446.0000       8.61166283E-02
  1446.1000       8.61181951E-02
  1446.2000       8.61202626E-02
  1446.3000       8.61224503E-02
  1446.4000       8.61246367E-02
  1446.5000       8.61265833E-02
  1446.6000       8.61282282E-02
  1446.7000       8.61293076E-02
  1446.8000       8.61301550E-02
  1446.9000       8.61307355E-02
  1447.0000       8.61314047E-02
  1447.1000       8.61322191E-02
  1447.2000       8.61333283E-02
  1447.3000       8.61350647E-02
  1447.4000       8.61372116E-02
  1447.5000       8.61397573E-02
  1447.6000       8.61424897E-02
  1447.7000       8.61450664E-02
  1447.8000       8.61470686E-02
  1447.9000       8.61486546E-02
  1448.0000       8.61495770E-02
  1448.1000       8.61495721E-02
  1448.2000       8.61489820E-02
  1448.3000       8.61478870E-02
  1448.4000       8.61465980E-02
  1448.5000       8.61453474E-02
  1448.6000       8.61439520E-02
  1448.7000       8.61429372E-02
  1448.8000       8.61421692E-02
  1448.9000       8.61414577E-02
  1449.0000       8.61411993E-02
  1449.1000       8.61406880E-02
  1449.2000       8.61400978E-02
  1449.3000       8.61397953E-02
  1449.4000       8.61393094E-02
  1449.5000       8.61386878E-02
  1449.6000       8.61380948E-02
  1449.7000       8.61373622E-02
  1449.8000       8.61365648E-02
  1449.9000       8.61357916E-02
  1450.0000       8.61351339E-02
  1450.1000       8.61341840E-02
  1450.2000       8.61333775E-02
  1450.3000       8.61326294E-02
  1450.4000       8.61318629E-02
  1450.5000       8.61310057E-02
  1450.6000       8.61304253E-02
  1450.7000       8.61297879E-02
  1450.8000       8.61294442E-02
  1450.9000       8.61293711E-02
  1451.0000       8.61292018E-02
  1451.1000       8.61289719E-02
  1451.2000       8.61285026E-02
  1451.3000       8.61275304E-02
  1451.4000       8.61260644E-02
  1451.5000       8.61240816E-02
  1451.6000       8.61214301E-02
  1451.7000       8.61183916E-02
  1451.8000       8.61153996E-02
  1451.9000       8.61123996E-02
  1452.0000       8.61096040E-02
  1452.1000       8.61072940E-02
  1452.2000       8.61054074E-02
  1452.3000       8.61039348E-02
  1452.4000       8.61025187E-02
  1452.5000       8.61011015E-02
  1452.6000       8.60991362E-02
  1452.7000       8.60968036E-02
  1452.8000       8.60935190E-02
  1452.9000       8.60894777E-02
  1453.0000       8.60845039E-02
  1453.1000       8.60789651E-02
  1453.2000       8.60729628E-02
  1453.3000       8.60665745E-02
  1453.4000       8.60602235E-02
  1453.5000       8.60540114E-02
  1453.6000       8.60478039E-02
  1453.7000       8.60415623E-02
  1453.8000       8.60351812E-02
  1453.9000       8.60283095E-02
  1454.0000       8.60211194E-02
  1454.1000       8.60132419E-02
  1454.2000       8.60048826E-02
  1454.3000       8.59962396E-02
  1454.4000       8.59871932E-02
  1454.5000       8.59783930E-02
  1454.6000       8.59698479E-02
  1454.7000       8.59617448E-02
  1454.8000       8.59541449E-02
  1454.9000       8.59470546E-02
  1455.0000       8.59402047E-02
  1455.1000       8.59333545E-02
  1455.2000       8.59262192E-02
  1455.3000       8.59186254E-02
  1455.4000       8.59104045E-02
  1455.5000       8.59014067E-02
  1455.6000       8.58917915E-02
  1455.7000       8.58815352E-02
  1455.8000       8.58710906E-02
  1455.9000       8.58601966E-02
  1456.0000       8.58493599E-02
  1456.1000       8.58384828E-02
  1456.2000       8.58276662E-02
  1456.3000       8.58170361E-02
  1456.4000       8.58059520E-02
  1456.5000       8.57947742E-02
  1456.6000       8.57832226E-02
  1456.7000       8.57711502E-02
  1456.8000       8.57588840E-02
  1456.9000       8.57460721E-02
  1457.0000       8.57332606E-02
  1457.1000       8.57206788E-02
  1457.2000       8.57084310E-02
  1457.3000       8.56961985E-02
  1457.4000       8.56847799E-02
  1457.5000       8.56734064E-02
  1457.6000       8.56622298E-02
  1457.7000       8.56509983E-02
  1457.8000       8.56394958E-02
  1457.9000       8.56277430E-02
  1458.0000       8.56155219E-02
  1458.1000       8.56030453E-02
  1458.2000       8.55904127E-02
  1458.3000       8.55778168E-02
  1458.4000       8.55654053E-02
  1458.5000       8.55535825E-02
  1458.6000       8.55423783E-02
  1458.7000       8.55317642E-02
  1458.8000       8.55218388E-02
  1458.9000       8.55119562E-02
  1459.0000       8.55023262E-02
  1459.1000       8.54924078E-02
  1459.2000       8.54821608E-02
  1459.3000       8.54714473E-02
  1459.4000       8.54601516E-02
  1459.5000       8.54486089E-02
  1459.6000       8.54371360E-02
  1459.7000       8.54259954E-02
  1459.8000       8.54151712E-02
  1459.9000       8.54049540E-02
  1460.0000       8.53955526E-02
  1460.1000       8.53865849E-02
  1460.2000       8.53779750E-02
  1460.3000       8.53697169E-02
  1460.4000       8.53614362E-02
  1460.5000       8.53529603E-02
  1460.6000       8.53443368E-02
  1460.7000       8.53351240E-02
  1460.8000       8.53258915E-02
  1460.9000       8.53161023E-02
  1461.0000       8.53064861E-02
  1461.1000       8.52967233E-02
  1461.2000       8.52870763E-02
  1461.3000       8.52775873E-02
  1461.4000       8.52682330E-02
  1461.5000       8.52591640E-02
  1461.6000       8.52503702E-02
  1461.7000       8.52419972E-02
  1461.8000       8.52335655E-02
  1461.9000       8.52253371E-02
  1462.0000       8.52173571E-02
  1462.1000       8.52098177E-02
  1462.2000       8.52024303E-02
  1462.3000       8.51955057E-02
  1462.4000       8.51887311E-02
  1462.5000       8.51821325E-02
  1462.6000       8.51754361E-02
  1462.7000       8.51688272E-02
  1462.8000       8.51619367E-02
  1462.9000       8.51549454E-02
  1463.0000       8.51480169E-02
  1463.1000       8.51410320E-02
  1463.2000       8.51343549E-02
  1463.3000       8.51280827E-02
  1463.4000       8.51225767E-02
  1463.5000       8.51179842E-02
  1463.6000       8.51140067E-02
  1463.7000       8.51109572E-02
  1463.8000       8.51083580E-02
  1463.9000       8.51063088E-02
  1464.0000       8.51040811E-02
  1464.1000       8.51018692E-02
  1464.2000       8.50994069E-02
  1464.3000       8.50967116E-02
  1464.4000       8.50938063E-02
  1464.5000       8.50910854E-02
  1464.6000       8.50884750E-02
  1464.7000       8.50864888E-02
  1464.8000       8.50854499E-02
  1464.9000       8.50852372E-02
  1465.0000       8.50859694E-02
  1465.1000       8.50875134E-02
  1465.2000       8.50893304E-02
  1465.3000       8.50915444E-02
  1465.4000       8.50936079E-02
  1465.5000       8.50955386E-02
  1465.6000       8.50975421E-02
  1465.7000       8.50992782E-02
  1465.8000       8.51012336E-02
  1465.9000       8.51034777E-02
  1466.0000       8.51061786E-02
  1466.1000       8.51097191E-02
  1466.2000       8.51140389E-02
  1466.3000       8.51192886E-02
  1466.4000       8.51250612E-02
  1466.5000       8.51317173E-02
  1466.6000       8.51387159E-02
  1466.7000       8.51458080E-02
  1466.8000       8.51528789E-02
  1466.9000       8.51598141E-02
  1467.0000       8.51666386E-02
  1467.1000       8.51733575E-02
  1467.2000       8.51797937E-02
  1467.3000       8.51863067E-02
  1467.4000       8.51926036E-02
  1467.5000       8.51992120E-02
  1467.6000       8.52059394E-02
  1467.7000       8.52127084E-02
  1467.8000       8.52195864E-02
  1467.9000       8.52265123E-02
  1468.0000       8.52332460E-02
  1468.1000       8.52399410E-02
  1468.2000       8.52465807E-02
  1468.3000       8.52533084E-02
  1468.4000       8.52598491E-02
  1468.5000       8.52668142E-02
  1468.6000       8.52739674E-02
  1468.7000       8.52813262E-02
  1468.8000       8.52889009E-02
  1468.9000       8.52967392E-02
  1469.0000       8.53047502E-02
  1469.1000       8.53130813E-02
  1469.2000       8.53212849E-02
  1469.3000       8.53297255E-02
  1469.4000       8.53381507E-02
  1469.5000       8.53465593E-02
  1469.6000       8.53549344E-02
  1469.7000       8.53632794E-02
  1469.8000       8.53714140E-02
  1469.9000       8.53794752E-02
  1470.0000       8.53872708E-02
  1470.1000       8.53949248E-02
  1470.2000       8.54021455E-02
  1470.3000       8.54093406E-02
  1470.4000       8.54162276E-02
  1470.5000       8.54228617E-02
  1470.6000       8.54292140E-02
  1470.7000       8.54353303E-02
  1470.8000       8.54412323E-02
  1470.9000       8.54468666E-02
  1471.0000       8.54524674E-02
  1471.1000       8.54580437E-02
  1471.2000       8.54634743E-02
  1471.3000       8.54690263E-02
  1471.4000       8.54745206E-02
  1471.5000       8.54798166E-02
  1471.6000       8.54849884E-02
  1471.7000       8.54900421E-02
  1471.8000       8.54948970E-02
  1471.9000       8.54997399E-02
  1472.0000       8.55045796E-02
  1472.1000       8.55093927E-02
  1472.2000       8.55144503E-02
  1472.3000       8.55197213E-02
  1472.4000       8.55251350E-02
  1472.5000       8.55309453E-02
  1472.6000       8.55368861E-02
  1472.7000       8.55432243E-02
  1472.8000       8.55496208E-02
  1472.9000       8.55563396E-02
  1473.0000       8.55629916E-02
  1473.1000       8.55692595E-02
  1473.2000       8.55753728E-02
  1473.3000       8.55810619E-02
  1473.4000       8.55865022E-02
  1473.5000       8.55912512E-02
  1473.6000       8.55958146E-02
  1473.7000       8.56004671E-02
  1473.8000       8.56047247E-02
  1473.9000       8.56097275E-02
  1474.0000       8.56154679E-02
  1474.1000       8.56216624E-02
  1474.2000       8.56286500E-02
  1474.3000       8.56361574E-02
  1474.4000       8.56439631E-02
  1474.5000       8.56521266E-02
  1474.6000       8.56602834E-02
  1474.7000       8.56684833E-02
  1474.8000       8.56762429E-02
  1474.9000       8.56839197E-02
  1475.0000       8.56914415E-02
  1475.1000       8.56989242E-02
  1475.2000       8.57065453E-02
  1475.3000       8.57148492E-02
  1475.4000       8.57234456E-02
  1475.5000       8.57327790E-02
  1475.6000       8.57427578E-02
  1475.7000       8.57531021E-02
  1475.8000       8.57635103E-02
  1475.9000       8.57739721E-02
  1476.0000       8.57837407E-02
  1476.1000       8.57929415E-02
  1476.2000       8.58015458E-02
  1476.3000       8.58093972E-02
  1476.4000       8.58168208E-02
  1476.5000       8.58239957E-02
  1476.6000       8.58311798E-02
  1476.7000       8.58387398E-02
  1476.8000       8.58467784E-02
  1476.9000       8.58552800E-02
  1477.0000       8.58642882E-02
  1477.1000       8.58736111E-02
  1477.2000       8.58830350E-02
  1477.3000       8.58922164E-02
  1477.4000       8.59013664E-02
  1477.5000       8.59099116E-02
  1477.6000       8.59178987E-02
  1477.7000       8.59254820E-02
  1477.8000       8.59326927E-02
  1477.9000       8.59397312E-02
  1478.0000       8.59467282E-02
  1478.1000       8.59537601E-02
  1478.2000       8.59607607E-02
  1478.3000       8.59678099E-02
  1478.4000       8.59750804E-02
  1478.5000       8.59821641E-02
  1478.6000       8.59890938E-02
  1478.7000       8.59955843E-02
  1478.8000       8.60018140E-02
  1478.9000       8.60075489E-02
  1479.0000       8.60128158E-02
  1479.1000       8.60178308E-02
  1479.2000       8.60221831E-02
  1479.3000       8.60263232E-02
  1479.4000       8.60300614E-02
  1479.5000       8.60332172E-02
  1479.6000       8.60362627E-02
  1479.7000       8.60388168E-02
  1479.8000       8.60413396E-02
  1479.9000       8.60439499E-02
  1480.0000       8.60465269E-02
  1480.1000       8.60496225E-02
  1480.2000       8.60531800E-02
  1480.3000       8.60569391E-02
  1480.4000       8.60610412E-02
  1480.5000       8.60651270E-02
  1480.6000       8.60690965E-02
  1480.7000       8.60728669E-02
  1480.8000       8.60760276E-02
  1480.9000       8.60784896E-02
  1481.0000       8.60803346E-02
  1481.1000       8.60816070E-02
  1481.2000       8.60823743E-02
  1481.3000       8.60828293E-02
  1481.4000       8.60833096E-02
  1481.5000       8.60841109E-02
  1481.6000       8.60850850E-02
  1481.7000       8.60867392E-02
  1481.8000       8.60890809E-02
  1481.9000       8.60919118E-02
  1482.0000       8.60953217E-02
  1482.1000       8.60989249E-02
  1482.2000       8.61027312E-02
  1482.3000       8.61064116E-02
  1482.4000       8.61102709E-02
  1482.5000       8.61140575E-02
  1482.6000       8.61177069E-02
  1482.7000       8.61215768E-02
  1482.8000       8.61256143E-02
  1482.9000       8.61296357E-02
  1483.0000       8.61340543E-02
  1483.1000       8.61384451E-02
  1483.2000       8.61432635E-02
  1483.3000       8.61481571E-02
  1483.4000       8.61527153E-02
  1483.5000       8.61572940E-02
  1483.6000       8.61612220E-02
  1483.7000       8.61648847E-02
  1483.8000       8.61677275E-02
  1483.9000       8.61702519E-02
  1484.0000       8.61721522E-02
  1484.1000       8.61739715E-02
  1484.2000       8.61752118E-02
  1484.3000       8.61766126E-02
  1484.4000       8.61777578E-02
  1484.5000       8.61789358E-02
  1484.6000       8.61800618E-02
  1484.7000       8.61812768E-02
  1484.8000       8.61824118E-02
  1484.9000       8.61832460E-02
  1485.0000       8.61837216E-02
  1485.1000       8.61842103E-02
  1485.2000       8.61842656E-02
  1485.3000       8.61842103E-02
  1485.4000       8.61839853E-02
  1485.5000       8.61836614E-02
  1485.6000       8.61832264E-02
  1485.7000       8.61826548E-02
  1485.8000       8.61817565E-02
  1485.9000       8.61808396E-02
  1486.0000       8.61795424E-02
  1486.1000       8.61778005E-02
  1486.2000       8.61756479E-02
  1486.3000       8.61730762E-02
  1486.4000       8.61700612E-02
  1486.5000       8.61665435E-02
  1486.6000       8.61626134E-02
  1486.7000       8.61582075E-02
  1486.8000       8.61534993E-02
  1486.9000       8.61481093E-02
  1487.0000       8.61423879E-02
  1487.1000       8.61363882E-02
  1487.2000       8.61297444E-02
  1487.3000       8.61229656E-02
  1487.4000       8.61161665E-02
  1487.5000       8.61091271E-02
  1487.6000       8.61020649E-02
  1487.7000       8.60950515E-02
  1487.8000       8.60882449E-02
  1487.9000       8.60819167E-02
  1488.0000       8.60757402E-02
  1488.1000       8.60702536E-02
  1488.2000       8.60644783E-02
  1488.3000       8.60589282E-02
  1488.4000       8.60533432E-02
  1488.5000       8.60473279E-02
  1488.6000       8.60411384E-02
  1488.7000       8.60344817E-02
  1488.8000       8.60275061E-02
  1488.9000       8.60200761E-02
  1489.0000       8.60124577E-02
  1489.1000       8.60048501E-02
  1489.2000       8.59972700E-02
  1489.3000       8.59894912E-02
  1489.4000       8.59816957E-02
  1489.5000       8.59737321E-02
  1489.6000       8.59652529E-02
  1489.7000       8.59562978E-02
  1489.8000       8.59470130E-02
  1489.9000       8.59371267E-02
  1490.0000       8.59267974E-02
  1490.1000       8.59161276E-02
  1490.2000       8.59058582E-02
  1490.3000       8.58952744E-02
  1490.4000       8.58848600E-02
  1490.5000       8.58748457E-02
  1490.6000       8.58650215E-02
  1490.7000       8.58554888E-02
  1490.8000       8.58462048E-02
  1490.9000       8.58369212E-02
  1491.0000       8.58272102E-02
  1491.1000       8.58171472E-02
  1491.2000       8.58065247E-02
  1491.3000       8.57956694E-02
  1491.4000       8.57840607E-02
  1491.5000       8.57722569E-02
  1491.6000       8.57606502E-02
  1491.7000       8.57490425E-02
  1491.8000       8.57379121E-02
  1491.9000       8.57270345E-02
  1492.0000       8.57165947E-02
  1492.1000       8.57063309E-02
  1492.2000       8.56963792E-02
  1492.3000       8.56863507E-02
  1492.4000       8.56760979E-02
  1492.5000       8.56655008E-02
  1492.6000       8.56549054E-02
  1492.7000       8.56439271E-02
  1492.8000       8.56329715E-02
  1492.9000       8.56221116E-02
  1493.0000       8.56117183E-02
  1493.1000       8.56015192E-02
  1493.2000       8.55919597E-02
  1493.3000       8.55828869E-02
  1493.4000       8.55745553E-02
  1493.5000       8.55667742E-02
  1493.6000       8.55596141E-02
  1493.7000       8.55528805E-02
  1493.8000       8.55465191E-02
  1493.9000       8.55404552E-02
  1494.0000       8.55345787E-02
  1494.1000       8.55288186E-02
  1494.2000       8.55231702E-02
  1494.3000       8.55174231E-02
  1494.4000       8.55115177E-02
  1494.5000       8.55052459E-02
  1494.6000       8.54986668E-02
  1494.7000       8.54917844E-02
  1494.8000       8.54846528E-02
  1494.9000       8.54776026E-02
  1495.0000       8.54707438E-02
  1495.1000       8.54642933E-02
  1495.2000       8.54583061E-02
  1495.3000       8.54530583E-02
  1495.4000       8.54484208E-02
  1495.5000       8.54443908E-02
  1495.6000       8.54405072E-02
  1495.7000       8.54367618E-02
  1495.8000       8.54330082E-02
  1495.9000       8.54290711E-02
  1496.0000       8.54249906E-02
  1496.1000       8.54210971E-02
  1496.2000       8.54170953E-02
  1496.3000       8.54134768E-02
  1496.4000       8.54102397E-02
  1496.5000       8.54083262E-02
  1496.6000       8.54069062E-02
  1496.7000       8.54064096E-02
  1496.8000       8.54067015E-02
  1496.9000       8.54072158E-02
  1497.0000       8.54079760E-02
  1497.1000       8.54083706E-02
  1497.2000       8.54084194E-02
  1497.3000       8.54080370E-02
  1497.4000       8.54069675E-02
  1497.5000       8.54055079E-02
  1497.6000       8.54036859E-02
  1497.7000       8.54015038E-02
  1497.8000       8.53994960E-02
  1497.9000       8.53976084E-02
  1498.0000       8.53960878E-02
  1498.1000       8.53946105E-02
  1498.2000       8.53938013E-02
  1498.3000       8.53931652E-02
  1498.4000       8.53928546E-02
  1498.5000       8.53930052E-02
  1498.6000       8.53931610E-02
  1498.7000       8.53936214E-02
  1498.8000       8.53941918E-02
  1498.9000       8.53947280E-02
  1499.0000       8.53952939E-02
  1499.1000       8.53959103E-02
  1499.2000       8.53963437E-02
  1499.3000       8.53964496E-02
  1499.4000       8.53966703E-02
  1499.5000       8.53963977E-02
  1499.6000       8.53961289E-02
  1499.7000       8.53957527E-02
  1499.8000       8.53953833E-02
  1499.9000       8.53952064E-02
  1500.0000       8.53954428E-02
  1500.1000       8.53958357E-02
  1500.2000       8.53966842E-02
  1500.3000       8.53976798E-02
  1500.4000       8.53988469E-02
  1500.5000       8.54000498E-02
  1500.6000       8.54012314E-02
  1500.7000       8.54021796E-02
  1500.8000       8.54030522E-02
  1500.9000       8.54042129E-02
  1501.0000       8.54053390E-02
  1501.1000       8.54067166E-02
  1501.2000       8.54083051E-02
  1501.3000       8.54103579E-02
  1501.4000       8.54129591E-02
  1501.5000       8.54158515E-02
  1501.6000       8.54193799E-02
  1501.7000       8.54231993E-02
  1501.8000       8.54272898E-02
  1501.9000       8.54317929E-02
  1502.0000       8.54363388E-02
  1502.1000       8.54411946E-02
  1502.2000       8.54462147E-02
  1502.3000       8.54514646E-02
  1502.4000       8.54567412E-02
  1502.5000       8.54623463E-02
  1502.6000       8.54679444E-02
  1502.7000       8.54737421E-02
  1502.8000       8.54795597E-02
  1502.9000       8.54855773E-02
  1503.0000       8.54915599E-02
  1503.1000       8.54977108E-02
  1503.2000       8.55040675E-02
  1503.3000       8.55104426E-02
  1503.4000       8.55171053E-02
  1503.5000       8.55241628E-02
  1503.6000       8.55316685E-02
  1503.7000       8.55394676E-02
  1503.8000       8.55476801E-02
  1503.9000       8.55561326E-02
  1504.0000       8.55649307E-02
  1504.1000       8.55734088E-02
  1504.2000       8.55817913E-02
  1504.3000       8.55898491E-02
  1504.4000       8.55977341E-02
  1504.5000       8.56051507E-02
  1504.6000       8.56122330E-02
  1504.7000       8.56192986E-02
  1504.8000       8.56260817E-02
  1504.9000       8.56326488E-02
  1505.0000       8.56390061E-02
  1505.1000       8.56452347E-02
  1505.2000       8.56514270E-02
  1505.3000       8.56570853E-02
  1505.4000       8.56623608E-02
  1505.5000       8.56672868E-02
  1505.6000       8.56715771E-02
  1505.7000       8.56757249E-02
  1505.8000       8.56797255E-02
  1505.9000       8.56832823E-02
  1506.0000       8.56874173E-02
  1506.1000       8.56916469E-02
  1506.2000       8.56961485E-02
  1506.3000       8.57011268E-02
  1506.4000       8.57066352E-02
  1506.5000       8.57119862E-02
  1506.6000       8.57174463E-02
  1506.7000       8.57229238E-02
  1506.8000       8.57284061E-02
  1506.9000       8.57331521E-02
  1507.0000       8.57380178E-02
  1507.1000       8.57423715E-02
  1507.2000       8.57467963E-02
  1507.3000       8.57512349E-02
  1507.4000       8.57560702E-02
  1507.5000       8.57609226E-02
  1507.6000       8.57663304E-02
  1507.7000       8.57720495E-02
  1507.8000       8.57778266E-02
  1507.9000       8.57840051E-02
  1508.0000       8.57900006E-02
  1508.1000       8.57962268E-02
  1508.2000       8.58022200E-02
  1508.3000       8.58085558E-02
  1508.4000       8.58148913E-02
  1508.5000       8.58212601E-02
  1508.6000       8.58278665E-02
  1508.7000       8.58346031E-02
  1508.8000       8.58413142E-02
  1508.9000       8.58480487E-02
  1509.0000       8.58549074E-02
  1509.1000       8.58616764E-02
  1509.2000       8.58686166E-02
  1509.3000       8.58755919E-02
  1509.4000       8.58827851E-02
  1509.5000       8.58903877E-02
  1509.6000       8.58982005E-02
  1509.7000       8.59066012E-02
  1509.8000       8.59152301E-02
  1509.9000       8.59243757E-02
  1510.0000       8.59335754E-02
  1510.1000       8.59427108E-02
  1510.2000       8.59515198E-02
  1510.3000       8.59600155E-02
  1510.4000       8.59678044E-02
  1510.5000       8.59749604E-02
  1510.6000       8.59816715E-02
  1510.7000       8.59880638E-02
  1510.8000       8.59938501E-02
  1510.9000       8.59999634E-02
  1511.0000       8.60058271E-02
  1511.1000       8.60122689E-02
  1511.2000       8.60187168E-02
  1511.3000       8.60254077E-02
  1511.4000       8.60324276E-02
  1511.5000       8.60396248E-02
  1511.6000       8.60468599E-02
  1511.7000       8.60542951E-02
  1511.8000       8.60616678E-02
  1511.9000       8.60693876E-02
  1512.0000       8.60774596E-02
  1512.1000       8.60856358E-02
  1512.2000       8.60942377E-02
  1512.3000       8.61028880E-02
  1512.4000       8.61116540E-02
  1512.5000       8.61202702E-02
  1512.6000       8.61287616E-02
  1512.7000       8.61368957E-02
  1512.8000       8.61445953E-02
  1512.9000       8.61521412E-02
  1513.0000       8.61598712E-02
  1513.1000       8.61675541E-02
  1513.2000       8.61758472E-02
  1513.3000       8.61842823E-02
  1513.4000       8.61936463E-02
  1513.5000       8.62032143E-02
  1513.6000       8.62133658E-02
  1513.7000       8.62233637E-02
  1513.8000       8.62334096E-02
  1513.9000       8.62431488E-02
  1514.0000       8.62525368E-02
  1514.1000       8.62611868E-02
  1514.2000       8.62696468E-02
  1514.3000       8.62780678E-02
  1514.4000       8.62867081E-02
  1514.5000       8.62957583E-02
  1514.6000       8.63055771E-02
  1514.7000       8.63161596E-02
  1514.8000       8.63274209E-02
  1514.9000       8.63393637E-02
  1515.0000       8.63515048E-02
  1515.1000       8.63641578E-02
  1515.2000       8.63764390E-02
  1515.3000       8.63883276E-02
  1515.4000       8.64000967E-02
  1515.5000       8.64113760E-02
  1515.6000       8.64224345E-02
  1515.7000       8.64332089E-02
  1515.8000       8.64441618E-02
  1515.9000       8.64549855E-02
  1516.0000       8.64658259E-02
  1516.1000       8.64765631E-02
  1516.2000       8.64873083E-02
  1516.3000       8.64978834E-02
  1516.4000       8.65079859E-02
  1516.5000       8.65178069E-02
  1516.6000       8.65269395E-02
  1516.7000       8.65359141E-02
  1516.8000       8.65445455E-02
  1516.9000       8.65530189E-02
  1517.0000       8.65612869E-02
  1517.1000       8.65696985E-02
  1517.2000       8.65782274E-02
  1517.3000       8.65865956E-02
  1517.4000       8.65951360E-02
  1517.5000       8.66034942E-02
  1517.6000       8.66117462E-02
  1517.7000       8.66196023E-02
  1517.8000       8.66275200E-02
  1517.9000       8.66353800E-02
  1518.0000       8.66431308E-02
  1518.1000       8.66509973E-02
  1518.2000       8.66589859E-02
  1518.3000       8.66674256E-02
  1518.4000       8.66758831E-02
  1518.5000       8.66844686E-02
  1518.6000       8.66930976E-02
  1518.7000       8.67012319E-02
  1518.8000       8.67088864E-02
  1518.9000       8.67160733E-02
  1519.0000       8.67223788E-02
  1519.1000       8.67280599E-02
  1519.2000       8.67331206E-02
  1519.3000       8.67379500E-02
  1519.4000       8.67424705E-02
  1519.5000       8.67474157E-02
  1519.6000       8.67528249E-02
  1519.7000       8.67587843E-02
  1519.8000       8.67651409E-02
  1519.9000       8.67719286E-02
  1520.0000       8.67789144E-02
  1520.1000       8.67857531E-02
  1520.2000       8.67923434E-02
  1520.3000       8.67982794E-02
  1520.4000       8.68034760E-02
  1520.5000       8.68077728E-02
  1520.6000       8.68113155E-02
  1520.7000       8.68139612E-02
  1520.8000       8.68161708E-02
  1520.9000       8.68179955E-02
  1521.0000       8.68197674E-02
  1521.1000       8.68217743E-02
  1521.2000       8.68238874E-02
  1521.3000       8.68260849E-02
  1521.4000       8.68286238E-02
  1521.5000       8.68313237E-02
  1521.6000       8.68336569E-02
  1521.7000       8.68360641E-02
  1521.8000       8.68381249E-02
  1521.9000       8.68398364E-02
  1522.0000       8.68409467E-02
  1522.1000       8.68413553E-02
  1522.2000       8.68414857E-02
  1522.3000       8.68411011E-02
  1522.4000       8.68404012E-02
  1522.5000       8.68392013E-02
  1522.6000       8.68382856E-02
  1522.7000       8.68370267E-02
  1522.8000       8.68360151E-02
  1522.9000       8.68355336E-02
  1523.0000       8.68350359E-02
  1523.1000       8.68345130E-02
  1523.2000       8.68342912E-02
  1523.3000       8.68337844E-02
  1523.4000       8.68330530E-02
  1523.5000       8.68316075E-02
  1523.6000       8.68296869E-02
  1523.7000       8.68270029E-02
  1523.8000       8.68234828E-02
  1523.9000       8.68193566E-02
  1524.0000       8.68148485E-02
  1524.1000       8.68098187E-02
  1524.2000       8.68047275E-02
  1524.3000       8.67993101E-02
  1524.4000       8.67939630E-02
  1524.5000       8.67882541E-02
  1524.6000       8.67824632E-02
  1524.7000       8.67765158E-02
  1524.8000       8.67700252E-02
  1524.9000       8.67631978E-02
  1525.0000       8.67560155E-02
  1525.1000       8.67483863E-02
  1525.2000       8.67402041E-02
  1525.3000       8.67315319E-02
  1525.4000       8.67225381E-02
  1525.5000       8.67132683E-02
  1525.6000       8.67035770E-02
  1525.7000       8.66935948E-02
  1525.8000       8.66831858E-02
  1525.9000       8.66725614E-02
  1526.0000       8.66617670E-02
  1526.1000       8.66504799E-02
  1526.2000       8.66392989E-02
  1526.3000       8.66280440E-02
  1526.4000       8.66168443E-02
  1526.5000       8.66058050E-02
  1526.6000       8.65949925E-02
  1526.7000       8.65839903E-02
  1526.8000       8.65732107E-02
  1526.9000       8.65622533E-02
  1527.0000       8.65512093E-02
  1527.1000       8.65396698E-02
  1527.2000       8.65278774E-02
  1527.3000       8.65157383E-02
  1527.4000       8.65031268E-02
  1527.5000       8.64901118E-02
  1527.6000       8.64771207E-02
  1527.7000       8.64640371E-02
  1527.8000       8.64509408E-02
  1527.9000       8.64378173E-02
  1528.0000       8.64251947E-02
  1528.1000       8.64123538E-02
  1528.2000       8.63998715E-02
  1528.3000       8.63871260E-02
  1528.4000       8.63743932E-02
  1528.5000       8.63615150E-02
  1528.6000       8.63484796E-02
  1528.7000       8.63351774E-02
  1528.8000       8.63220628E-02
  1528.9000       8.63088698E-02
  1529.0000       8.62957536E-02
  1529.1000       8.62829072E-02
  1529.2000       8.62703045E-02
  1529.3000       8.62581216E-02
  1529.4000       8.62465088E-02
  1529.5000       8.62352159E-02
  1529.6000       8.62243460E-02
  1529.7000       8.62137875E-02
  1529.8000       8.62034480E-02
  1529.9000       8.61933475E-02
  1530.0000       8.61832667E-02
  1530.1000       8.61732002E-02
  1530.2000       8.61632919E-02
  1530.3000       8.61534422E-02
  1530.4000       8.61439955E-02
  1530.5000       8.61346350E-02
  1530.6000       8.61255158E-02
  1530.7000       8.61171507E-02
  1530.8000       8.61091049E-02
  1530.9000       8.61013024E-02
  1531.0000       8.60939718E-02
  1531.1000       8.60868937E-02
  1531.2000       8.60801922E-02
  1531.3000       8.60737099E-02
  1531.4000       8.60674730E-02
  1531.5000       8.60617363E-02
  1531.6000       8.60562658E-02
  1531.7000       8.60512192E-02
  1531.8000       8.60465650E-02
  1531.9000       8.60420952E-02
  1532.0000       8.60382021E-02
  1532.1000       8.60345590E-02
  1532.2000       8.60309426E-02
  1532.3000       8.60275398E-02
  1532.4000       8.60243451E-02
  1532.5000       8.60211338E-02
  1532.6000       8.60178347E-02
  1532.7000       8.60146288E-02
  1532.8000       8.60116857E-02
  1532.9000       8.60089152E-02
  1533.0000       8.60065024E-02
  1533.1000       8.60042973E-02
  1533.2000       8.60024261E-02
  1533.3000       8.60007958E-02
  1533.4000       8.59993951E-02
  1533.5000       8.59982955E-02
  1533.6000       8.59972592E-02
  1533.7000       8.59963326E-02
  1533.8000       8.59954900E-02
  1533.9000       8.59950709E-02
  1534.0000       8.59947333E-02
  1534.1000       8.59948592E-02
  1534.2000       8.59955072E-02
  1534.3000       8.59963265E-02
  1534.4000       8.59979482E-02
  1534.5000       8.59998957E-02
  1534.6000       8.60022164E-02
  1534.7000       8.60046380E-02
  1534.8000       8.60070223E-02
  1534.9000       8.60090380E-02
  1535.0000       8.60108072E-02
  1535.1000       8.60123722E-02
  1535.2000       8.60133032E-02
  1535.3000       8.60139595E-02
  1535.4000       8.60147199E-02
  1535.5000       8.60153436E-02
  1535.6000       8.60162649E-02
  1535.7000       8.60176533E-02
  1535.8000       8.60195561E-02
  1535.9000       8.60214990E-02
  1536.0000       8.60237457E-02
  1536.1000       8.60260878E-02
  1536.2000       8.60284248E-02
  1536.3000       8.60305707E-02
  1536.4000       8.60326906E-02
  1536.5000       8.60348132E-02
  1536.6000       8.60370540E-02
  1536.7000       8.60392745E-02
  1536.8000       8.60416094E-02
  1536.9000       8.60442588E-02
  1537.0000       8.60467023E-02
  1537.1000       8.60492553E-02
  1537.2000       8.60517664E-02
  1537.3000       8.60540398E-02
  1537.4000       8.60557422E-02
  1537.5000       8.60570208E-02
  1537.6000       8.60580118E-02
  1537.7000       8.60586019E-02
  1537.8000       8.60592569E-02
  1537.9000       8.60600440E-02
  1538.0000       8.60611034E-02
  1538.1000       8.60624762E-02
  1538.2000       8.60642687E-02
  1538.3000       8.60664593E-02
  1538.4000       8.60686228E-02
  1538.5000       8.60710009E-02
  1538.6000       8.60732060E-02
  1538.7000       8.60752286E-02
  1538.8000       8.60770824E-02
  1538.9000       8.60789479E-02
  1539.0000       8.60808417E-02
  1539.1000       8.60831550E-02
  1539.2000       8.60861811E-02
  1539.3000       8.60900121E-02
  1539.4000       8.60947700E-02
  1539.5000       8.61002352E-02
  1539.6000       8.61063724E-02
  1539.7000       8.61127526E-02
  1539.8000       8.61190912E-02
  1539.9000       8.61252542E-02
  1540.0000       8.61306291E-02
  1540.1000       8.61352877E-02
  1540.2000       8.61392727E-02
  1540.3000       8.61426294E-02
  1540.4000       8.61454778E-02
  1540.5000       8.61483718E-02
  1540.6000       8.61513474E-02
  1540.7000       8.61545359E-02
  1540.8000       8.61584698E-02
  1540.9000       8.61627472E-02
  1541.0000       8.61676311E-02
  1541.1000       8.61724745E-02
  1541.2000       8.61771215E-02
  1541.3000       8.61816592E-02
  1541.4000       8.61856704E-02
  1541.5000       8.61890787E-02
  1541.6000       8.61919319E-02
  1541.7000       8.61943215E-02
  1541.8000       8.61961545E-02
  1541.9000       8.61980004E-02
  1542.0000       8.61996448E-02
  1542.1000       8.62010538E-02
  1542.2000       8.62025787E-02
  1542.3000       8.62042579E-02
  1542.4000       8.62057724E-02
  1542.5000       8.62073019E-02
  1542.6000       8.62083753E-02
  1542.7000       8.62093263E-02
  1542.8000       8.62099839E-02
  1542.9000       8.62104096E-02
  1543.0000       8.62105919E-02
  1543.1000       8.62105463E-02
  1543.2000       8.62106374E-02
  1543.3000       8.62106365E-02
  1543.4000       8.62105878E-02
  1543.5000       8.62102464E-02
  1543.6000       8.62099743E-02
  1543.7000       8.62093651E-02
  1543.8000       8.62084224E-02
  1543.9000       8.62073162E-02
  1544.0000       8.62058740E-02
  1544.1000       8.62042165E-02
  1544.2000       8.62023691E-02
  1544.3000       8.62004745E-02
  1544.4000       8.61986019E-02
  1544.5000       8.61969598E-02
  1544.6000       8.61958790E-02
  1544.7000       8.61951211E-02
  1544.8000       8.61951536E-02
  1544.9000       8.61957142E-02
  1545.0000       8.61967571E-02
  1545.1000       8.61982373E-02
  1545.2000       8.61999545E-02
  1545.3000       8.62016721E-02
  1545.4000       8.62030079E-02
  1545.5000       8.62043085E-02
  1545.6000       8.62052682E-02
  1545.7000       8.62059162E-02
  1545.8000       8.62063164E-02
  1545.9000       8.62065053E-02
  1546.0000       8.62069377E-02
  1546.1000       8.62073807E-02
  1546.2000       8.62084269E-02
  1546.3000       8.62098636E-02
  1546.4000       8.62115831E-02
  1546.5000       8.62135525E-02
  1546.6000       8.62157934E-02
  1546.7000       8.62176951E-02
  1546.8000       8.62195930E-02
  1546.9000       8.62209078E-02
  1547.0000       8.62219122E-02
  1547.1000       8.62225458E-02
  1547.2000       8.62228663E-02
  1547.3000       8.62229480E-02
  1547.4000       8.62232171E-02
  1547.5000       8.62238381E-02
  1547.6000       8.62242770E-02
  1547.7000       8.62254902E-02
  1547.8000       8.62266735E-02
  1547.9000       8.62282715E-02
  1548.0000       8.62296440E-02
  1548.1000       8.62309623E-02
  1548.2000       8.62318885E-02
  1548.3000       8.62324470E-02
  1548.4000       8.62327095E-02
  1548.5000       8.62324205E-02
  1548.6000       8.62320761E-02
  1548.7000       8.62316775E-02
  1548.8000       8.62314991E-02
  1548.9000       8.62315222E-02
  1549.0000       8.62318809E-02
  1549.1000       8.62324470E-02
  1549.2000       8.62334028E-02
  1549.3000       8.62341271E-02
  1549.4000       8.62344837E-02
  1549.5000       8.62343420E-02
  1549.6000       8.62335821E-02
  1549.7000       8.62321108E-02
  1549.8000       8.62299613E-02
  1549.9000       8.62274668E-02
  1550.0000       8.62245601E-02
  1550.1000       8.62215779E-02
  1550.2000       8.62187300E-02
  1550.3000       8.62160137E-02
  1550.4000       8.62134527E-02
  1550.5000       8.62113347E-02
  1550.6000       8.62091488E-02
  1550.7000       8.62070364E-02
  1550.8000       8.62049511E-02
  1550.9000       8.62025879E-02
  1551.0000       8.62003877E-02
  1551.1000       8.61977420E-02
  1551.2000       8.61949620E-02
  1551.3000       8.61918304E-02
  1551.4000       8.61884853E-02
  1551.5000       8.61847374E-02
  1551.6000       8.61807993E-02
  1551.7000       8.61765677E-02
  1551.8000       8.61719039E-02
  1551.9000       8.61673799E-02
  1552.0000       8.61626689E-02
  1552.1000       8.61578152E-02
  1552.2000       8.61529580E-02
  1552.3000       8.61482481E-02
  1552.4000       8.61436501E-02
  1552.5000       8.61389811E-02
  1552.6000       8.61344123E-02
  1552.7000       8.61297497E-02
  1552.8000       8.61249366E-02
  1552.9000       8.61196411E-02
  1553.0000       8.61139756E-02
  1553.1000       8.61082225E-02
  1553.2000       8.61021427E-02
  1553.3000       8.60959830E-02
  1553.4000       8.60894461E-02
  1553.5000       8.60831086E-02
  1553.6000       8.60767085E-02
  1553.7000       8.60704219E-02
  1553.8000       8.60642122E-02
  1553.9000       8.60581319E-02
  1554.0000       8.60519846E-02
  1554.1000       8.60459051E-02
  1554.2000       8.60395534E-02
  1554.3000       8.60334346E-02
  1554.4000       8.60271892E-02
  1554.5000       8.60211693E-02
  1554.6000       8.60152918E-02
  1554.7000       8.60094688E-02
  1554.8000       8.60038056E-02
  1554.9000       8.59981617E-02
  1555.0000       8.59921928E-02
  1555.1000       8.59859018E-02
  1555.2000       8.59789594E-02
  1555.3000       8.59712273E-02
  1555.4000       8.59626682E-02
  1555.5000       8.59534837E-02
  1555.6000       8.59438581E-02
  1555.7000       8.59340657E-02
  1555.8000       8.59242434E-02
  1555.9000       8.59148645E-02
  1556.0000       8.59060187E-02
  1556.1000       8.58978490E-02
  1556.2000       8.58904846E-02
  1556.3000       8.58836392E-02
  1556.4000       8.58772283E-02
  1556.5000       8.58709700E-02
  1556.6000       8.58645128E-02
  1556.7000       8.58576452E-02
  1556.8000       8.58501505E-02
  1556.9000       8.58419464E-02
  1557.0000       8.58331233E-02
  1557.1000       8.58236746E-02
  1557.2000       8.58140417E-02
  1557.3000       8.58041396E-02
  1557.4000       8.57944552E-02
  1557.5000       8.57851193E-02
  1557.6000       8.57760116E-02
  1557.7000       8.57673289E-02
  1557.8000       8.57588660E-02
  1557.9000       8.57503144E-02
  1558.0000       8.57418769E-02
  1558.1000       8.57336883E-02
  1558.2000       8.57251051E-02
  1558.3000       8.57167359E-02
  1558.4000       8.57083602E-02
  1558.5000       8.57001336E-02
  1558.6000       8.56921805E-02
  1558.7000       8.56846046E-02
  1558.8000       8.56771727E-02
  1558.9000       8.56700664E-02
  1559.0000       8.56630246E-02
  1559.1000       8.56562109E-02
  1559.2000       8.56494321E-02
  1559.3000       8.56427121E-02
  1559.4000       8.56361656E-02
  1559.5000       8.56296840E-02
  1559.6000       8.56235846E-02
  1559.7000       8.56175553E-02
  1559.8000       8.56121967E-02
  1559.9000       8.56069291E-02
  1560.0000       8.56021598E-02
  1560.1000       8.55974442E-02
  1560.2000       8.55929311E-02
  1560.3000       8.55885851E-02
  1560.4000       8.55840316E-02
  1560.5000       8.55793324E-02
  1560.6000       8.55745267E-02
  1560.7000       8.55695023E-02
  1560.8000       8.55645167E-02
  1560.9000       8.55594479E-02
  1561.0000       8.55545860E-02
  1561.1000       8.55501991E-02
  1561.2000       8.55460199E-02
  1561.3000       8.55426021E-02
  1561.4000       8.55394929E-02
  1561.5000       8.55367725E-02
  1561.6000       8.55341505E-02
  1561.7000       8.55318582E-02
  1561.8000       8.55297714E-02
  1561.9000       8.55277815E-02
  1562.0000       8.55257135E-02
  1562.1000       8.55240697E-02
  1562.2000       8.55225363E-02
  1562.3000       8.55217841E-02
  1562.4000       8.55215149E-02
  1562.5000       8.55219619E-02
  1562.6000       8.55228834E-02
  1562.7000       8.55241494E-02
  1562.8000       8.55258206E-02
  1562.9000       8.55274217E-02
  1563.0000       8.55289395E-02
  1563.1000       8.55304747E-02
  1563.2000       8.55316788E-02
  1563.3000       8.55325529E-02
  1563.4000       8.55332897E-02
  1563.5000       8.55341607E-02
  1563.6000       8.55354168E-02
  1563.7000       8.55370799E-02
  1563.8000       8.55394465E-02
  1563.9000       8.55424637E-02
  1564.0000       8.55463127E-02
  1564.1000       8.55509868E-02
  1564.2000       8.55563261E-02
  1564.3000       8.55621344E-02
  1564.4000       8.55681874E-02
  1564.5000       8.55742927E-02
  1564.6000       8.55804410E-02
  1564.7000       8.55866796E-02
  1564.8000       8.55926977E-02
  1564.9000       8.55989925E-02
  1565.0000       8.56052871E-02
  1565.1000       8.56119010E-02
  1565.2000       8.56187343E-02
  1565.3000       8.56261237E-02
  1565.4000       8.56336172E-02
  1565.5000       8.56416777E-02
  1565.6000       8.56497596E-02
  1565.7000       8.56581561E-02
  1565.8000       8.56665002E-02
  1565.9000       8.56751297E-02
  1566.0000       8.56835958E-02
  1566.1000       8.56921235E-02
  1566.2000       8.57006206E-02
  1566.3000       8.57088824E-02
  1566.4000       8.57171198E-02
  1566.5000       8.57250330E-02
  1566.6000       8.57326561E-02
  1566.7000       8.57400397E-02
  1566.8000       8.57473299E-02
  1566.9000       8.57545475E-02
  1567.0000       8.57616539E-02
  1567.1000       8.57692497E-02
  1567.2000       8.57767866E-02
  1567.3000       8.57846543E-02
  1567.4000       8.57931341E-02
  1567.5000       8.58018656E-02
  1567.6000       8.58109368E-02
  1567.7000       8.58202193E-02
  1567.8000       8.58296469E-02
  1567.9000       8.58389951E-02
  1568.0000       8.58479632E-02
  1568.1000       8.58565931E-02
  1568.2000       8.58647507E-02
  1568.3000       8.58720907E-02
  1568.4000       8.58792074E-02
  1568.5000       8.58856754E-02
  1568.6000       8.58916560E-02
  1568.7000       8.58974586E-02
  1568.8000       8.59031491E-02
  1568.9000       8.59089643E-02
  1569.0000       8.59149866E-02
  1569.1000       8.59213088E-02
  1569.2000       8.59277732E-02
  1569.3000       8.59348991E-02
  1569.4000       8.59421910E-02
  1569.5000       8.59493496E-02
  1569.6000       8.59565676E-02
  1569.7000       8.59633482E-02
  1569.8000       8.59698379E-02
  1569.9000       8.59758286E-02
  1570.0000       8.59815235E-02
  1570.1000       8.59866388E-02
  1570.2000       8.59917625E-02
  1570.3000       8.59969662E-02
  1570.4000       8.60021073E-02
  1570.5000       8.60077380E-02
  1570.6000       8.60136714E-02
  1570.7000       8.60197182E-02
  1570.8000       8.60260551E-02
  1570.9000       8.60320769E-02
  1571.0000       8.60379188E-02
  1571.1000       8.60432455E-02
  1571.2000       8.60479134E-02
  1571.3000       8.60519059E-02
  1571.4000       8.60554384E-02
  1571.5000       8.60581770E-02
  1571.6000       8.60609200E-02
  1571.7000       8.60634891E-02
  1571.8000       8.60664714E-02
  1571.9000       8.60696027E-02
  1572.0000       8.60734047E-02
  1572.1000       8.60774979E-02
  1572.2000       8.60816954E-02
  1572.3000       8.60863068E-02
  1572.4000       8.60904298E-02
  1572.5000       8.60947693E-02
  1572.6000       8.60986248E-02
  1572.7000       8.61020667E-02
  1572.8000       8.61054217E-02
  1572.9000       8.61084606E-02
  1573.0000       8.61115277E-02
  1573.1000       8.61148647E-02
  1573.2000       8.61182548E-02
  1573.3000       8.61220075E-02
  1573.4000       8.61258543E-02
  1573.5000       8.61297434E-02
  1573.6000       8.61335852E-02
  1573.7000       8.61370849E-02
  1573.8000       8.61400379E-02
  1573.9000       8.61423821E-02
  1574.0000       8.61441355E-02
  1574.1000       8.61453107E-02
  1574.2000       8.61458852E-02
  1574.3000       8.61461529E-02
  1574.4000       8.61464256E-02
  1574.5000       8.61464217E-02
  1574.6000       8.61467284E-02
  1574.7000       8.61469685E-02
  1574.8000       8.61473188E-02
  1574.9000       8.61474954E-02
  1575.0000       8.61475465E-02
  1575.1000       8.61474958E-02
  1575.2000       8.61472108E-02
  1575.3000       8.61464059E-02
  1575.4000       8.61457042E-02
  1575.5000       8.61444833E-02
  1575.6000       8.61435346E-02
  1575.7000       8.61426039E-02
  1575.8000       8.61419453E-02
  1575.9000       8.61416411E-02
  1576.0000       8.61414805E-02
  1576.1000       8.61416936E-02
  1576.2000       8.61418174E-02
  1576.3000       8.61417098E-02
  1576.4000       8.61413112E-02
  1576.5000       8.61403600E-02
  1576.6000       8.61388569E-02
  1576.7000       8.61370083E-02
  1576.8000       8.61344141E-02
  1576.9000       8.61319190E-02
  1577.0000       8.61293543E-02
  1577.1000       8.61272969E-02
  1577.2000       8.61256084E-02
  1577.3000       8.61244960E-02
  1577.4000       8.61239031E-02
  1577.5000       8.61239405E-02
  1577.6000       8.61239663E-02
  1577.7000       8.61240595E-02
  1577.8000       8.61242839E-02
  1577.9000       8.61238848E-02
  1578.0000       8.61232123E-02
  1578.1000       8.61221303E-02
  1578.2000       8.61207791E-02
  1578.3000       8.61194272E-02
  1578.4000       8.61180650E-02
  1578.5000       8.61171520E-02
  1578.6000       8.61163688E-02
  1578.7000       8.61159622E-02
  1578.8000       8.61157381E-02
  1578.9000       8.61157901E-02
  1579.0000       8.61155157E-02
  1579.1000       8.61150032E-02
  1579.2000       8.61140217E-02
  1579.3000       8.61122502E-02
  1579.4000       8.61100956E-02
  1579.5000       8.61075697E-02
  1579.6000       8.61046877E-02
  1579.7000       8.61015876E-02
  1579.8000       8.60986460E-02
  1579.9000       8.60956714E-02
  1580.0000       8.60930814E-02
  1580.1000       8.60904567E-02
  1580.2000       8.60877862E-02
  1580.3000       8.60852941E-02
  1580.4000       8.60828873E-02
  1580.5000       8.60802777E-02
  1580.6000       8.60775606E-02
  1580.7000       8.60748294E-02
  1580.8000       8.60719900E-02
  1580.9000       8.60692808E-02
  1581.0000       8.60667065E-02
  1581.1000       8.60643189E-02
  1581.2000       8.60620478E-02
  1581.3000       8.60596948E-02
  1581.4000       8.60574034E-02
  1581.5000       8.60549789E-02
  1581.6000       8.60521486E-02
  1581.7000       8.60491928E-02
  1581.8000       8.60459586E-02
  1581.9000       8.60426784E-02
  1582.0000       8.60393293E-02
  1582.1000       8.60360812E-02
  1582.2000       8.60333632E-02
  1582.3000       8.60311509E-02
  1582.4000       8.60293178E-02
  1582.5000       8.60281174E-02
  1582.6000       8.60272641E-02
  1582.7000       8.60262611E-02
  1582.8000       8.60253183E-02
  1582.9000       8.60238595E-02
  1583.0000       8.60221361E-02
  1583.1000       8.60198711E-02
  1583.2000       8.60175285E-02
  1583.3000       8.60149036E-02
  1583.4000       8.60125751E-02
  1583.5000       8.60104785E-02
  1583.6000       8.60088462E-02
  1583.7000       8.60077374E-02
  1583.8000       8.60071582E-02
  1583.9000       8.60067291E-02
  1584.0000       8.60062351E-02
  1584.1000       8.60054393E-02
  1584.2000       8.60042263E-02
  1584.3000       8.60022459E-02
  1584.4000       8.59995246E-02
  1584.5000       8.59964979E-02
  1584.6000       8.59932157E-02
  1584.7000       8.59899357E-02
  1584.8000       8.59872676E-02
  1584.9000       8.59850605E-02
  1585.0000       8.59835936E-02
  1585.1000       8.59825702E-02
  1585.2000       8.59818873E-02
  1585.3000       8.59814409E-02
  1585.4000       8.59806143E-02
  1585.5000       8.59791245E-02
  1585.6000       8.59770409E-02
  1585.7000       8.59742977E-02
  1585.8000       8.59708704E-02
  1585.9000       8.59673657E-02
  1586.0000       8.59638600E-02
  1586.1000       8.59606275E-02
  1586.2000       8.59578099E-02
  1586.3000       8.59553949E-02
  1586.4000       8.59532730E-02
  1586.5000       8.59513751E-02
  1586.6000       8.59492832E-02
  1586.7000       8.59465785E-02
  1586.8000       8.59433163E-02
  1586.9000       8.59391626E-02
  1587.0000       8.59343742E-02
  1587.1000       8.59293984E-02
  1587.2000       8.59241363E-02
  1587.3000       8.59190845E-02
  1587.4000       8.59146567E-02
  1587.5000       8.59111244E-02
  1587.6000       8.59082350E-02
  1587.7000       8.59060663E-02
  1587.8000       8.59041793E-02
  1587.9000       8.59024916E-02
  1588.0000       8.59004138E-02
  1588.1000       8.58981142E-02
  1588.2000       8.58950498E-02
  1588.3000       8.58914790E-02
  1588.4000       8.58874229E-02
  1588.5000       8.58836779E-02
  1588.6000       8.58798732E-02
  1588.7000       8.58768316E-02
  1588.8000       8.58742612E-02
  1588.9000       8.58726613E-02
  1589.0000       8.58717056E-02
  1589.1000       8.58713443E-02
  1589.2000       8.58710872E-02
  1589.3000       8.58709090E-02
  1589.4000       8.58704084E-02
  1589.5000       8.58699036E-02
  1589.6000       8.58691768E-02
  1589.7000       8.58685090E-02
  1589.8000       8.58678949E-02
  1589.9000       8.58675213E-02
  1590.0000       8.58675095E-02
  1590.1000       8.58677283E-02
  1590.2000       8.58683487E-02
  1590.3000       8.58690661E-02
  1590.4000       8.58697445E-02
  1590.5000       8.58704295E-02
  1590.6000       8.58706234E-02
  1590.7000       8.58706431E-02
  1590.8000       8.58703895E-02
  1590.9000       8.58701972E-02
  1591.0000       8.58699350E-02
  1591.1000       8.58700774E-02
  1591.2000       8.58704291E-02
  1591.3000       8.58713998E-02
  1591.4000       8.58724657E-02
  1591.5000       8.58736534E-02
  1591.6000       8.58750011E-02
  1591.7000       8.58761696E-02
  1591.8000       8.58772517E-02
  1591.9000       8.58779595E-02
  1592.0000       8.58785705E-02
  1592.1000       8.58793493E-02
  1592.2000       8.58804033E-02
  1592.3000       8.58816564E-02
  1592.4000       8.58838256E-02
  1592.5000       8.58861327E-02
  1592.6000       8.58891523E-02
  1592.7000       8.58926413E-02
  1592.8000       8.58960594E-02
  1592.9000       8.58993282E-02
  1593.0000       8.59022505E-02
  1593.1000       8.59046325E-02
  1593.2000       8.59063999E-02
  1593.3000       8.59078403E-02
  1593.4000       8.59089689E-02
  1593.5000       8.59100820E-02
  1593.6000       8.59114356E-02
  1593.7000       8.59131703E-02
  1593.8000       8.59153083E-02
  1593.9000       8.59180108E-02
  1594.0000       8.59208332E-02
  1594.1000       8.59238071E-02
  1594.2000       8.59264130E-02
  1594.3000       8.59285307E-02
  1594.4000       8.59301203E-02
  1594.5000       8.59310964E-02
  1594.6000       8.59315730E-02
  1594.7000       8.59319869E-02
  1594.8000       8.59323196E-02
  1594.9000       8.59331684E-02
  1595.0000       8.59344818E-02
  1595.1000       8.59366472E-02
  1595.2000       8.59394321E-02
  1595.3000       8.59430312E-02
  1595.4000       8.59470190E-02
  1595.5000       8.59510685E-02
  1595.6000       8.59551308E-02
  1595.7000       8.59589798E-02
  1595.8000       8.59622527E-02
  1595.9000       8.59653954E-02
  1596.0000       8.59682136E-02
  1596.1000       8.59707376E-02
  1596.2000       8.59732908E-02
  1596.3000       8.59757976E-02
  1596.4000       8.59787314E-02
  1596.5000       8.59817993E-02
  1596.6000       8.59852414E-02
  1596.7000       8.59889284E-02
  1596.8000       8.59928249E-02
  1596.9000       8.59966937E-02
  1597.0000       8.60006965E-02
  1597.1000       8.60046943E-02
  1597.2000       8.60087437E-02
  1597.3000       8.60125371E-02
  1597.4000       8.60165058E-02
  1597.5000       8.60207185E-02
  1597.6000       8.60249674E-02
  1597.7000       8.60295687E-02
  1597.8000       8.60342587E-02
  1597.9000       8.60395096E-02
  1598.0000       8.60452634E-02
  1598.1000       8.60511238E-02
  1598.2000       8.60567762E-02
  1598.3000       8.60624485E-02
  1598.4000       8.60678344E-02
  1598.5000       8.60732209E-02
  1598.6000       8.60780731E-02
  1598.7000       8.60823913E-02
  1598.8000       8.60865839E-02
  1598.9000       8.60904430E-02
  1599.0000       8.60942521E-02
  1599.1000       8.60981836E-02
  1599.2000       8.61023909E-02
  1599.3000       8.61065366E-02
  1599.4000       8.61113755E-02
  1599.5000       8.61162905E-02
  1599.6000       8.61212601E-02
  1599.7000       8.61261965E-02
  1599.8000       8.61310530E-02
  1599.9000       8.61351572E-02
  1600.0000       8.61389499E-02
  1600.1000       8.61422701E-02
  1600.2000       8.61450113E-02
  1600.3000       8.61473349E-02
  1600.4000       8.61496155E-02
  1600.5000       8.61516839E-02
  1600.6000       8.61543131E-02
  1600.7000       8.61570855E-02
  1600.8000       8.61604040E-02
  1600.9000       8.61642365E-02
  1601.0000       8.61680700E-02
  1601.1000       8.61721307E-02
  1601.2000       8.61762517E-02
  1601.3000       8.61801232E-02
  1601.4000       8.61835070E-02
  1601.5000       8.61867773E-02
  1601.6000       8.61898814E-02
  1601.7000       8.61927520E-02
  1601.8000       8.61956057E-02
  1601.9000       8.61983788E-02
  1602.0000       8.62012023E-02
  1602.1000       8.62041157E-02
  1602.2000       8.62072219E-02
  1602.3000       8.62102832E-02
  1602.4000       8.62133309E-02
  1602.5000       8.62164472E-02
  1602.6000       8.62196745E-02
  1602.7000       8.62229621E-02
  1602.8000       8.62262369E-02
  1602.9000       8.62292729E-02
  1603.0000       8.62325449E-02
  1603.1000       8.62360934E-02
  1603.2000       8.62394482E-02
  1603.3000       8.62431601E-02
  1603.4000       8.62472243E-02
  1603.5000       8.62513151E-02
  1603.6000       8.62557131E-02
  1603.7000       8.62599680E-02
  1603.8000       8.62644352E-02
  1603.9000       8.62688981E-02
  1604.0000       8.62731455E-02
  1604.1000       8.62772075E-02
  1604.2000       8.62809968E-02
  1604.3000       8.62847443E-02
  1604.4000       8.62881767E-02
  1604.5000       8.62914182E-02
  1604.6000       8.62944835E-02
  1604.7000       8.62975121E-02
  1604.8000       8.63004522E-02
  1604.9000       8.63032269E-02
  1605.0000       8.63057677E-02
  1605.1000       8.63082798E-02
  1605.2000       8.63104877E-02
  1605.3000       8.63122406E-02
  1605.4000       8.63136928E-02
  1605.5000       8.63144422E-02
  1605.6000       8.63149160E-02
  1605.7000       8.63151337E-02
  1605.8000       8.63148804E-02
  1605.9000       8.63143885E-02
  1606.0000       8.63137840E-02
  1606.1000       8.63128680E-02
  1606.2000       8.63117414E-02
  1606.3000       8.63105690E-02
  1606.4000       8.63094840E-02
  1606.5000       8.63081602E-02
  1606.6000       8.63069974E-02
  1606.7000       8.63059021E-02
  1606.8000       8.63047710E-02
  1606.9000       8.63036498E-02
  1607.0000       8.63024728E-02
  1607.1000       8.63011586E-02
  1607.2000       8.62997339E-02
  1607.3000       8.62978864E-02
  1607.4000       8.62956927E-02
  1607.5000       8.62930059E-02
  1607.6000       8.62899076E-02
  1607.7000       8.62865150E-02
  1607.8000       8.62826005E-02
  1607.9000       8.62787823E-02
  1608.0000       8.62748849E-02
  1608.1000       8.62707184E-02
  1608.2000       8.62670216E-02
  1608.3000       8.62632995E-02
  1608.4000       8.62600426E-02
  1608.5000       8.62566841E-02
  1608.6000       8.62536586E-02
  1608.7000       8.62507058E-02
  1608.8000       8.62475388E-02
  1608.9000       8.62443846E-02
  1609.0000       8.62411125E-02
  1609.1000       8.62378458E-02
  1609.2000       8.62343549E-02
  1609.3000       8.62310106E-02
  1609.4000       8.62277346E-02
  1609.5000       8.62245210E-02
  1609.6000       8.62215360E-02
  1609.7000       8.62187465E-02
  1609.8000       8.62161540E-02
  1609.9000       8.62135886E-02
  1610.0000       8.62108219E-02
  1610.1000       8.62078304E-02
  1610.2000       8.62045873E-02
  1610.3000       8.62010042E-02
  1610.4000       8.61972676E-02
  1610.5000       8.61933860E-02
  1610.6000       8.61897004E-02
  1610.7000       8.61863632E-02
  1610.8000       8.61832592E-02
  1610.9000       8.61807023E-02
  1611.0000       8.61787053E-02
  1611.1000       8.61771763E-02
  1611.2000       8.61758902E-02
  1611.3000       8.61748598E-02
  1611.4000       8.61737191E-02
  1611.5000       8.61724499E-02
  1611.6000       8.61711786E-02
  1611.7000       8.61695678E-02
  1611.8000       8.61679234E-02
  1611.9000       8.61664221E-02
  1612.0000       8.61651234E-02
  1612.1000       8.61639673E-02
  1612.2000       8.61636072E-02
  1612.3000       8.61636868E-02
  1612.4000       8.61643337E-02
  1612.5000       8.61653131E-02
  1612.6000       8.61669400E-02
  1612.7000       8.61684407E-02
  1612.8000       8.61699805E-02
  1612.9000       8.61714399E-02
  1613.0000       8.61726274E-02
  1613.1000       8.61735942E-02
  1613.2000       8.61744049E-02
  1613.3000       8.61752011E-02
  1613.4000       8.61761507E-02
  1613.5000       8.61774430E-02
  1613.6000       8.61793261E-02
  1613.7000       8.61813603E-02
  1613.8000       8.61842358E-02
  1613.9000       8.61872137E-02
  1614.0000       8.61905269E-02
  1614.1000       8.61940922E-02
  1614.2000       8.61977169E-02
  1614.3000       8.62010574E-02
  1614.4000       8.62045877E-02
  1614.5000       8.62078161E-02
  1614.6000       8.62108552E-02
  1614.7000       8.62140503E-02
  1614.8000       8.62170875E-02
  1614.9000       8.62202084E-02
  1615.0000       8.62232618E-02
  1615.1000       8.62259216E-02
  1615.2000       8.62286148E-02
  1615.3000       8.62308746E-02
  1615.4000       8.62327944E-02
  1615.5000       8.62343382E-02
  1615.6000       8.62356128E-02
  1615.7000       8.62367170E-02
  1615.8000       8.62376880E-02
  1615.9000       8.62384528E-02
  1616.0000       8.62394579E-02
  1616.1000       8.62404046E-02
  1616.2000       8.62414112E-02
  1616.3000       8.62423812E-02
  1616.4000       8.62431512E-02
  1616.5000       8.62437208E-02
  1616.6000       8.62439886E-02
  1616.7000       8.62435273E-02
  1616.8000       8.62427953E-02
  1616.9000       8.62414843E-02
  1617.0000       8.62402777E-02
  1617.1000       8.62386657E-02
  1617.2000       8.62372389E-02
  1617.3000       8.62360906E-02
  1617.4000       8.62353517E-02
  1617.5000       8.62348321E-02
  1617.6000       8.62343557E-02
  1617.7000       8.62340727E-02
  1617.8000       8.62338101E-02
  1617.9000       8.62336317E-02
  1618.0000       8.62332722E-02
  1618.1000       8.62333196E-02
  1618.2000       8.62332757E-02
  1618.3000       8.62335612E-02
  1618.4000       8.62342450E-02
  1618.5000       8.62352043E-02
  1618.6000       8.62366389E-02
  1618.7000       8.62386122E-02
  1618.8000       8.62409393E-02
  1618.9000       8.62432805E-02
  1619.0000       8.62458135E-02
  1619.1000       8.62482647E-02
  1619.2000       8.62507013E-02
  1619.3000       8.62527001E-02
  1619.4000       8.62544882E-02
  1619.5000       8.62562269E-02
  1619.6000       8.62578662E-02
  1619.7000       8.62594249E-02
  1619.8000       8.62614097E-02
  1619.9000       8.62635873E-02
  1620.0000       8.62663080E-02
  1620.1000       8.62694753E-02
  1620.2000       8.62731034E-02
  1620.3000       8.62766873E-02
  1620.4000       8.62806734E-02
  1620.5000       8.62847607E-02
  1620.6000       8.62888984E-02
  1620.7000       8.62929087E-02
  1620.8000       8.62971120E-02
  1620.9000       8.63013830E-02
  1621.0000       8.63058306E-02
  1621.1000       8.63108252E-02
  1621.2000       8.63158823E-02
  1621.3000       8.63209351E-02
  1621.4000       8.63261565E-02
  1621.5000       8.63312355E-02
  1621.6000       8.63359868E-02
  1621.7000       8.63402417E-02
  1621.8000       8.63436772E-02
  1621.9000       8.63465577E-02
  1622.0000       8.63488245E-02
  1622.1000       8.63505444E-02
  1622.2000       8.63521591E-02
  1622.3000       8.63535228E-02
  1622.4000       8.63552206E-02
  1622.5000       8.63569989E-02
  1622.6000       8.63591629E-02
  1622.7000       8.63614860E-02
  1622.8000       8.63640799E-02
  1622.9000       8.63665483E-02
  1623.0000       8.63690424E-02
  1623.1000       8.63711709E-02
  1623.2000       8.63731869E-02
  1623.3000       8.63750373E-02
  1623.4000       8.63765353E-02
  1623.5000       8.63780609E-02
  1623.6000       8.63797346E-02
  1623.7000       8.63814277E-02
  1623.8000       8.63832274E-02
  1623.9000       8.63849537E-02
  1624.0000       8.63868097E-02
  1624.1000       8.63880494E-02
  1624.2000       8.63891608E-02
  1624.3000       8.63897180E-02
  1624.4000       8.63895829E-02
  1624.5000       8.63889942E-02
  1624.6000       8.63879612E-02
  1624.7000       8.63867148E-02
  1624.8000       8.63852081E-02
  1624.9000       8.63839074E-02
  1625.0000       8.63828073E-02
  1625.1000       8.63819096E-02
  1625.2000       8.63813409E-02
  1625.3000       8.63807217E-02
  1625.4000       8.63801537E-02
  1625.5000       8.63792058E-02
  1625.6000       8.63778978E-02
  1625.7000       8.63760384E-02
  1625.8000       8.63736396E-02
  1625.9000       8.63709358E-02
  1626.0000       8.63677052E-02
  1626.1000       8.63642769E-02
  1626.2000       8.63612355E-02
  1626.3000       8.63583635E-02
  1626.4000       8.63557114E-02
  1626.5000       8.63531668E-02
  1626.6000       8.63507885E-02
  1626.7000       8.63481502E-02
  1626.8000       8.63453524E-02
  1626.9000       8.63419325E-02
  1627.0000       8.63379231E-02
  1627.1000       8.63332168E-02
  1627.2000       8.63277334E-02
  1627.3000       8.63221103E-02
  1627.4000       8.63164400E-02
  1627.5000       8.63109773E-02
  1627.6000       8.63061385E-02
  1627.7000       8.63017344E-02
  1627.8000       8.62977727E-02
  1627.9000       8.62944616E-02
  1628.0000       8.62914468E-02
  1628.1000       8.62885147E-02
  1628.2000       8.62854924E-02
  1628.3000       8.62824495E-02
  1628.4000       8.62789331E-02
  1628.5000       8.62750094E-02
  1628.6000       8.62708009E-02
  1628.7000       8.62663070E-02
  1628.8000       8.62616163E-02
  1628.9000       8.62566407E-02
  1629.0000       8.62518119E-02
  1629.1000       8.62468285E-02
  1629.2000       8.62419300E-02
  1629.3000       8.62367297E-02
  1629.4000       8.62314455E-02
  1629.5000       8.62262366E-02
  1629.6000       8.62206585E-02
  1629.7000       8.62149526E-02
  1629.8000       8.62096094E-02
  1629.9000       8.62042120E-02
  1630.0000       8.61995130E-02
  1630.1000       8.61952739E-02
  1630.2000       8.61912704E-02
  1630.3000       8.61880885E-02
  1630.4000       8.61850259E-02
  1630.5000       8.61825001E-02
  1630.6000       8.61803911E-02
  1630.7000       8.61782276E-02
  1630.8000       8.61762581E-02
  1630.9000       8.61743961E-02
  1631.0000       8.61728427E-02
  1631.1000       8.61712308E-02
  1631.2000       8.61699119E-02
  1631.3000       8.61689733E-02
  1631.4000       8.61683739E-02
  1631.5000       8.61680089E-02
  1631.6000       8.61682008E-02
  1631.7000       8.61686697E-02
  1631.8000       8.61693634E-02
  1631.9000       8.61702431E-02
  1632.0000       8.61711592E-02
  1632.1000       8.61722023E-02
  1632.2000       8.61731194E-02
  1632.3000       8.61741578E-02
  1632.4000       8.61752923E-02
  1632.5000       8.61762976E-02
  1632.6000       8.61773934E-02
  1632.7000       8.61783693E-02
  1632.8000       8.61796704E-02
  1632.9000       8.61808131E-02
  1633.0000       8.61822165E-02
  1633.1000       8.61836719E-02
  1633.2000       8.61851688E-02
  1633.3000       8.61870765E-02
  1633.4000       8.61890640E-02
  1633.5000       8.61916489E-02
  1633.6000       8.61941773E-02
  1633.7000       8.61971957E-02
  1633.8000       8.62001155E-02
  1633.9000       8.62033463E-02
  1634.0000       8.62064742E-02
  1634.1000       8.62096826E-02
  1634.2000       8.62129403E-02
  1634.3000       8.62159488E-02
  1634.4000       8.62189100E-02
  1634.5000       8.62218608E-02
  1634.6000       8.62247528E-02
  1634.7000       8.62277985E-02
  1634.8000       8.62308515E-02
  1634.9000       8.62339147E-02
  1635.0000       8.62369830E-02
  1635.1000       8.62402672E-02
  1635.2000       8.62433240E-02
  1635.3000       8.62466449E-02
  1635.4000       8.62498396E-02
  1635.5000       8.62532147E-02
  1635.6000       8.62566222E-02
  1635.7000       8.62603031E-02
  1635.8000       8.62640579E-02
  1635.9000       8.62680895E-02
  1636.0000       8.62717457E-02
  1636.1000       8.62758682E-02
  1636.2000       8.62796703E-02
  1636.3000       8.62833106E-02
  1636.4000       8.62866361E-02
  1636.5000       8.62897385E-02
  1636.6000       8.62924821E-02
  1636.7000       8.62950761E-02
  1636.8000       8.62976966E-02
  1636.9000       8.63004315E-02
  1637.0000       8.63032781E-02
  1637.1000       8.63064103E-02
  1637.2000       8.63097024E-02
  1637.3000       8.63128946E-02
  1637.4000       8.63164299E-02
  1637.5000       8.63194280E-02
  1637.6000       8.63225381E-02
  1637.7000       8.63252739E-02
  1637.8000       8.63274495E-02
  1637.9000       8.63293972E-02
  1638.0000       8.63307321E-02
  1638.1000       8.63317057E-02
  1638.2000       8.63323090E-02
  1638.3000       8.63326915E-02
  1638.4000       8.63326859E-02
  1638.5000       8.63326672E-02
  1638.6000       8.63324318E-02
  1638.7000       8.63323343E-02
  1638.8000       8.63319613E-02
  1638.9000       8.63315528E-02
  1639.0000       8.63308142E-02
  1639.1000       8.63298493E-02
  1639.2000       8.63286333E-02
  1639.3000       8.63269935E-02
  1639.4000       8.63250148E-02
  1639.5000       8.63228087E-02
  1639.6000       8.63202273E-02
  1639.7000       8.63173418E-02
  1639.8000       8.63144637E-02
  1639.9000       8.63110542E-02
  1640.0000       8.63073566E-02
  1640.1000       8.63032873E-02
  1640.2000       8.62990568E-02
  1640.3000       8.62944329E-02
  1640.4000       8.62896803E-02
  1640.5000       8.62846567E-02
  1640.6000       8.62797259E-02
  1640.7000       8.62746367E-02
  1640.8000       8.62692719E-02
  1640.9000       8.62638171E-02
  1641.0000       8.62581387E-02
  1641.1000       8.62522559E-02
  1641.2000       8.62462764E-02
  1641.3000       8.62398807E-02
  1641.4000       8.62331253E-02
  1641.5000       8.62258814E-02
  1641.6000       8.62180520E-02
  1641.7000       8.62101712E-02
  1641.8000       8.62019745E-02
  1641.9000       8.61941804E-02
  1642.0000       8.61863549E-02
  1642.1000       8.61788383E-02
  1642.2000       8.61716469E-02
  1642.3000       8.61642975E-02
  1642.4000       8.61569448E-02
  1642.5000       8.61492049E-02
  1642.6000       8.61410081E-02
  1642.7000       8.61324579E-02
  1642.8000       8.61233287E-02
  1642.9000       8.61137955E-02
  1643.0000       8.61039251E-02
  1643.1000       8.60939609E-02
  1643.2000       8.60841954E-02
  1643.3000       8.60750354E-02
  1643.4000       8.60664648E-02
  1643.5000       8.60588666E-02
  1643.6000       8.60519944E-02
  1643.7000       8.60456344E-02
  1643.8000       8.60397091E-02
  1643.9000       8.60339927E-02
  1644.0000       8.60283029E-02
  1644.1000       8.60224118E-02
  1644.2000       8.60164347E-02
  1644.3000       8.60103051E-02
  1644.4000       8.60042907E-02
  1644.5000       8.59985850E-02
  1644.6000       8.59930128E-02
  1644.7000       8.59880897E-02
  1644.8000       8.59838124E-02
  1644.9000       8.59803486E-02
  1645.0000       8.59772604E-02
  1645.1000       8.59750715E-02
  1645.2000       8.59730553E-02
  1645.3000       8.59715941E-02
  1645.4000       8.59700428E-02
  1645.5000       8.59686164E-02
  1645.6000       8.59672900E-02
  1645.7000       8.59658530E-02
  1645.8000       8.59647654E-02
  1645.9000       8.59637527E-02
  1646.0000       8.59633793E-02
  1646.1000       8.59629621E-02
  1646.2000       8.59630292E-02
  1646.3000       8.59632711E-02
  1646.4000       8.59638905E-02
  1646.5000       8.59647212E-02
  1646.6000       8.59657440E-02
  1646.7000       8.59671445E-02
  1646.8000       8.59687256E-02
  1646.9000       8.59707529E-02
  1647.0000       8.59731963E-02
  1647.1000       8.59757630E-02
  1647.2000       8.59787938E-02
  1647.3000       8.59821225E-02
  1647.4000       8.59855440E-02
  1647.5000       8.59891669E-02
  1647.6000       8.59926196E-02
  1647.7000       8.59960136E-02
  1647.8000       8.59993143E-02
  1647.9000       8.60023524E-02
  1648.0000       8.60053004E-02
  1648.1000       8.60081251E-02
  1648.2000       8.60107062E-02
  1648.3000       8.60135535E-02
  1648.4000       8.60159460E-02
  1648.5000       8.60187068E-02
  1648.6000       8.60213613E-02
  1648.7000       8.60241410E-02
  1648.8000       8.60269379E-02
  1648.9000       8.60295363E-02
  1649.0000       8.60322218E-02
  1649.1000       8.60349358E-02
  1649.2000       8.60376655E-02
  1649.3000       8.60404030E-02
  1649.4000       8.60430080E-02
  1649.5000       8.60456943E-02
  1649.6000       8.60483144E-02
  1649.7000       8.60509731E-02
  1649.8000       8.60535478E-02
  1649.9000       8.60564173E-02
  1650.0000       8.60594105E-02
  1650.1000       8.60625571E-02
  1650.2000       8.60658055E-02
  1650.3000       8.60690697E-02
  1650.4000       8.60724595E-02
  1650.5000       8.60758238E-02
  1650.6000       8.60791141E-02
  1650.7000       8.60823728E-02
  1650.8000       8.60855271E-02
  1650.9000       8.60888059E-02
  1651.0000       8.60917367E-02
  1651.1000       8.60947677E-02
  1651.2000       8.60976505E-02
  1651.3000       8.61004756E-02
  1651.4000       8.61031813E-02
  1651.5000       8.61057814E-02
  1651.6000       8.61087029E-02
  1651.7000       8.61113479E-02
  1651.8000       8.61142873E-02
  1651.9000       8.61173789E-02
  1652.0000       8.61206418E-02
  1652.1000       8.61241958E-02
  1652.2000       8.61282204E-02
  1652.3000       8.61324648E-02
  1652.4000       8.61370839E-02
  1652.5000       8.61417776E-02
  1652.6000       8.61468502E-02
  1652.7000       8.61522274E-02
  1652.8000       8.61575588E-02
  1652.9000       8.61630321E-02
  1653.0000       8.61686203E-02
  1653.1000       8.61740663E-02
  1653.2000       8.61795944E-02
  1653.3000       8.61848535E-02
  1653.4000       8.61904071E-02
  1653.5000       8.61961202E-02
  1653.6000       8.62019430E-02
  1653.7000       8.62082857E-02
  1653.8000       8.62150400E-02
  1653.9000       8.62223509E-02
  1654.0000       8.62302023E-02
  1654.1000       8.62383461E-02
  1654.2000       8.62464266E-02
  1654.3000       8.62545914E-02
  1654.4000       8.62624021E-02
  1654.5000       8.62696536E-02
  1654.6000       8.62767592E-02
  1654.7000       8.62830594E-02
  1654.8000       8.62891259E-02
  1654.9000       8.62948766E-02
  1655.0000       8.63001174E-02
  1655.1000       8.63058991E-02
  1655.2000       8.63117888E-02
  1655.3000       8.63176494E-02
  1655.4000       8.63240346E-02
  1655.5000       8.63303944E-02
  1655.6000       8.63368980E-02
  1655.7000       8.63430048E-02
  1655.8000       8.63489337E-02
  1655.9000       8.63543809E-02
  1656.0000       8.63591681E-02
  1656.1000       8.63635521E-02
  1656.2000       8.63675237E-02
  1656.3000       8.63712048E-02
  1656.4000       8.63747412E-02
  1656.5000       8.63784642E-02
  1656.6000       8.63823809E-02
  1656.7000       8.63867910E-02
  1656.8000       8.63915114E-02
  1656.9000       8.63965236E-02
  1657.0000       8.64015550E-02
  1657.1000       8.64065994E-02
  1657.2000       8.64112838E-02
  1657.3000       8.64159207E-02
  1657.4000       8.64198981E-02
  1657.5000       8.64237536E-02
  1657.6000       8.64271513E-02
  1657.7000       8.64302084E-02
  1657.8000       8.64332921E-02
  1657.9000       8.64364088E-02
  1658.0000       8.64394426E-02
  1658.1000       8.64423907E-02
  1658.2000       8.64456758E-02
  1658.3000       8.64488823E-02
  1658.4000       8.64523234E-02
  1658.5000       8.64557919E-02
  1658.6000       8.64595307E-02
  1658.7000       8.64631902E-02
  1658.8000       8.64669490E-02
  1658.9000       8.64706892E-02
  1659.0000       8.64744449E-02
  1659.1000       8.64777180E-02
  1659.2000       8.64808901E-02
  1659.3000       8.64837464E-02
  1659.4000       8.64862501E-02
  1659.5000       8.64882867E-02
  1659.6000       8.64901378E-02
  1659.7000       8.64920669E-02
  1659.8000       8.64940731E-02
  1659.9000       8.64962880E-02
  1660.0000       8.64989938E-02
  1660.1000       8.65020710E-02
  1660.2000       8.65055004E-02
  1660.3000       8.65090345E-02
  1660.4000       8.65124417E-02
  1660.5000       8.65157298E-02
  1660.6000       8.65184751E-02
  1660.7000       8.65206273E-02
  1660.8000       8.65223140E-02
  1660.9000       8.65234824E-02
  1661.0000       8.65243142E-02
  1661.1000       8.65252381E-02
  1661.2000       8.65262424E-02
  1661.3000       8.65279992E-02
  1661.4000       8.65299954E-02
  1661.5000       8.65328404E-02
  1661.6000       8.65358937E-02
  1661.7000       8.65390592E-02
  1661.8000       8.65421300E-02
  1661.9000       8.65447230E-02
  1662.0000       8.65469430E-02
  1662.1000       8.65485873E-02
  1662.2000       8.65498643E-02
  1662.3000       8.65505701E-02
  1662.4000       8.65510240E-02
  1662.5000       8.65511559E-02
  1662.6000       8.65515834E-02
  1662.7000       8.65519633E-02
  1662.8000       8.65523880E-02
  1662.9000       8.65528381E-02
  1663.0000       8.65534736E-02
  1663.1000       8.65540997E-02
  1663.2000       8.65545217E-02
  1663.3000       8.65546117E-02
  1663.4000       8.65548644E-02
  1663.5000       8.65551482E-02
  1663.6000       8.65555056E-02
  1663.7000       8.65561461E-02
  1663.8000       8.65567957E-02
  1663.9000       8.65574515E-02
  1664.0000       8.65582126E-02
  1664.1000       8.65589736E-02
  1664.2000       8.65591071E-02
  1664.3000       8.65590918E-02
  1664.4000       8.65588527E-02
  1664.5000       8.65583295E-02
  1664.6000       8.65579443E-02
  1664.7000       8.65576913E-02
  1664.8000       8.65579245E-02
  1664.9000       8.65585190E-02
  1665.0000       8.65595611E-02
  1665.1000       8.65610693E-02
  1665.2000       8.65626602E-02
  1665.3000       8.65641924E-02
  1665.4000       8.65653297E-02
  1665.5000       8.65661816E-02
  1665.6000       8.65665592E-02
  1665.7000       8.65660906E-02
  1665.8000       8.65656506E-02
  1665.9000       8.65652564E-02
  1666.0000       8.65649988E-02
  1666.1000       8.65654041E-02
  1666.2000       8.65663128E-02
  1666.3000       8.65680994E-02
  1666.4000       8.65701603E-02
  1666.5000       8.65726644E-02
  1666.6000       8.65747910E-02
  1666.7000       8.65767873E-02
  1666.8000       8.65780328E-02
  1666.9000       8.65785890E-02
  1667.0000       8.65785178E-02
  1667.1000       8.65777246E-02
  1667.2000       8.65766769E-02
  1667.3000       8.65755735E-02
  1667.4000       8.65744641E-02
  1667.5000       8.65737045E-02
  1667.6000       8.65727928E-02
  1667.7000       8.65719609E-02
  1667.8000       8.65703598E-02
  1667.9000       8.65685410E-02
  1668.0000       8.65656694E-02
  1668.1000       8.65622651E-02
  1668.2000       8.65581196E-02
  1668.3000       8.65537401E-02
  1668.4000       8.65491982E-02
  1668.5000       8.65449052E-02
  1668.6000       8.65409469E-02
  1668.7000       8.65373964E-02
  1668.8000       8.65345434E-02
  1668.9000       8.65317638E-02
  1669.0000       8.65288643E-02
  1669.1000       8.65255544E-02
  1669.2000       8.65214429E-02
  1669.3000       8.65162215E-02
  1669.4000       8.65102924E-02
  1669.5000       8.65034270E-02
  1669.6000       8.64963606E-02
  1669.7000       8.64889456E-02
  1669.8000       8.64817036E-02
  1669.9000       8.64749140E-02
  1670.0000       8.64683748E-02
  1670.1000       8.64621299E-02
  1670.2000       8.64561221E-02
  1670.3000       8.64501061E-02
  1670.4000       8.64437423E-02
  1670.5000       8.64368944E-02
  1670.6000       8.64291546E-02
  1670.7000       8.64210932E-02
  1670.8000       8.64128156E-02
  1670.9000       8.64045197E-02
  1671.0000       8.63965033E-02
  1671.1000       8.63889491E-02
  1671.2000       8.63820958E-02
  1671.3000       8.63758466E-02
  1671.4000       8.63698594E-02
  1671.5000       8.63638746E-02
  1671.6000       8.63574839E-02
  1671.7000       8.63501842E-02
  1671.8000       8.63421489E-02
  1671.9000       8.63330272E-02
  1672.0000       8.63228436E-02
  1672.1000       8.63123959E-02
  1672.2000       8.63013116E-02
  1672.3000       8.62901024E-02
  1672.4000       8.62792303E-02
  1672.5000       8.62683270E-02
  1672.6000       8.62576025E-02
  1672.7000       8.62465113E-02
  1672.8000       8.62353684E-02
  1672.9000       8.62236571E-02
  1673.0000       8.62112313E-02
  1673.1000       8.61982921E-02
  1673.2000       8.61849358E-02
  1673.3000       8.61712203E-02
  1673.4000       8.61574495E-02
  1673.5000       8.61440350E-02
  1673.6000       8.61307776E-02
  1673.7000       8.61177256E-02
  1673.8000       8.61047544E-02
  1673.9000       8.60917172E-02
  1674.0000       8.60783580E-02
  1674.1000       8.60644853E-02
  1674.2000       8.60499636E-02
  1674.3000       8.60347427E-02
  1674.4000       8.60192011E-02
  1674.5000       8.60033055E-02
  1674.6000       8.59876298E-02
  1674.7000       8.59722635E-02
  1674.8000       8.59573405E-02
  1674.9000       8.59429775E-02
  1675.0000       8.59288645E-02
  1675.1000       8.59149151E-02
  1675.2000       8.59008510E-02
  1675.3000       8.58866406E-02
  1675.4000       8.58717741E-02
  1675.5000       8.58562303E-02
  1675.6000       8.58403970E-02
  1675.7000       8.58241913E-02
  1675.8000       8.58080672E-02
  1675.9000       8.57922866E-02
  1676.0000       8.57771398E-02
  1676.1000       8.57626869E-02
  1676.2000       8.57490137E-02
  1676.3000       8.57360553E-02
  1676.4000       8.57235678E-02
  1676.5000       8.57111811E-02
  1676.6000       8.56989125E-02
  1676.7000       8.56864785E-02
  1676.8000       8.56740998E-02
  1676.9000       8.56615017E-02
  1677.0000       8.56489566E-02
  1677.1000       8.56369135E-02
  1677.2000       8.56249839E-02
  1677.3000       8.56134428E-02
  1677.4000       8.56023732E-02
  1677.5000       8.55915325E-02
  1677.6000       8.55807464E-02
  1677.7000       8.55698471E-02
  1677.8000       8.55586589E-02
  1677.9000       8.55470859E-02
  1678.0000       8.55356216E-02
  1678.1000       8.55238184E-02
  1678.2000       8.55126035E-02
  1678.3000       8.55012875E-02
  1678.4000       8.54906429E-02
  1678.5000       8.54806834E-02
  1678.6000       8.54714943E-02
  1678.7000       8.54626082E-02
  1678.8000       8.54541843E-02
  1678.9000       8.54461165E-02
  1679.0000       8.54377753E-02
  1679.1000       8.54294470E-02
  1679.2000       8.54203941E-02
  1679.3000       8.54112136E-02
  1679.4000       8.54017352E-02
  1679.5000       8.53920967E-02
  1679.6000       8.53828335E-02
  1679.7000       8.53741689E-02
  1679.8000       8.53659510E-02
  1679.9000       8.53584656E-02
  1680.0000       8.53516329E-02
  1680.1000       8.53452899E-02
  1680.2000       8.53394143E-02
  1680.3000       8.53335801E-02
  1680.4000       8.53281491E-02
  1680.5000       8.53223402E-02
  1680.6000       8.53168915E-02
  1680.7000       8.53111535E-02
  1680.8000       8.53056087E-02
  1680.9000       8.53003104E-02
  1681.0000       8.52953306E-02
  1681.1000       8.52907319E-02
  1681.2000       8.52866532E-02
  1681.3000       8.52829068E-02
  1681.4000       8.52794782E-02
  1681.5000       8.52761616E-02
  1681.6000       8.52728387E-02
  1681.7000       8.52697295E-02
  1681.8000       8.52670698E-02
  1681.9000       8.52646439E-02
  1682.0000       8.52626802E-02
  1682.1000       8.52613098E-02
  1682.2000       8.52607656E-02
  1682.3000       8.52606532E-02
  1682.4000       8.52612583E-02
  1682.5000       8.52624311E-02
  1682.6000       8.52639652E-02
  1682.7000       8.52654687E-02
  1682.8000       8.52671110E-02
  1682.9000       8.52683571E-02
  1683.0000       8.52694655E-02
  1683.1000       8.52705250E-02
  1683.2000       8.52716024E-02
  1683.3000       8.52726030E-02
  1683.4000       8.52739574E-02
  1683.5000       8.52757404E-02
  1683.6000       8.52781803E-02
  1683.7000       8.52814676E-02
  1683.8000       8.52851406E-02
  1683.9000       8.52894461E-02
  1684.0000       8.52944956E-02
  1684.1000       8.52997827E-02
  1684.2000       8.53054666E-02
  1684.3000       8.53116502E-02
  1684.4000       8.53179388E-02
  1684.5000       8.53246551E-02
  1684.6000       8.53318233E-02
  1684.7000       8.53396235E-02
  1684.8000       8.53476381E-02
  1684.9000       8.53561256E-02
  1685.0000       8.53649727E-02
  1685.1000       8.53739360E-02
  1685.2000       8.53827741E-02
  1685.3000       8.53915277E-02
  1685.4000       8.54000792E-02
  1685.5000       8.54085158E-02
  1685.6000       8.54167902E-02
  1685.7000       8.54250148E-02
  1685.8000       8.54333234E-02
  1685.9000       8.54419369E-02
  1686.0000       8.54509636E-02
  1686.1000       8.54603839E-02
  1686.2000       8.54700878E-02
  1686.3000       8.54803229E-02
  1686.4000       8.54908910E-02
  1686.5000       8.55014528E-02
  1686.6000       8.55120809E-02
  1686.7000       8.55222974E-02
  1686.8000       8.55323537E-02
  1686.9000       8.55419245E-02
  1687.0000       8.55512565E-02
  1687.1000       8.55605022E-02
  1687.2000       8.55695578E-02
  1687.3000       8.55788889E-02
  1687.4000       8.55884438E-02
  1687.5000       8.55983547E-02
  1687.6000       8.56086215E-02
  1687.7000       8.56194880E-02
  1687.8000       8.56306834E-02
  1687.9000       8.56420396E-02
  1688.0000       8.56537138E-02
  1688.1000       8.56652552E-02
  1688.2000       8.56766941E-02
  1688.3000       8.56877309E-02
  1688.4000       8.56981117E-02
  1688.5000       8.57078332E-02
  1688.6000       8.57171056E-02
  1688.7000       8.57258046E-02
  1688.8000       8.57342603E-02
  1688.9000       8.57424596E-02
  1689.0000       8.57508254E-02
  1689.1000       8.57593104E-02
  1689.2000       8.57680332E-02
  1689.3000       8.57772754E-02
  1689.4000       8.57867929E-02
  1689.5000       8.57966499E-02
  1689.6000       8.58064298E-02
  1689.7000       8.58163823E-02
  1689.8000       8.58260841E-02
  1689.9000       8.58354217E-02
  1690.0000       8.58446011E-02
  1690.1000       8.58532546E-02
  1690.2000       8.58617702E-02
  1690.3000       8.58701574E-02
  1690.4000       8.58788048E-02
  1690.5000       8.58876518E-02
  1690.6000       8.58969824E-02
  1690.7000       8.59069642E-02
  1690.8000       8.59175599E-02
  1690.9000       8.59286387E-02
  1691.0000       8.59397289E-02
  1691.1000       8.59506499E-02
  1691.2000       8.59612688E-02
  1691.3000       8.59713575E-02
  1691.4000       8.59804831E-02
  1691.5000       8.59891583E-02
  1691.6000       8.59972432E-02
  1691.7000       8.60050483E-02
  1691.8000       8.60131040E-02
  1691.9000       8.60214542E-02
  1692.0000       8.60307573E-02
  1692.1000       8.60405169E-02
  1692.2000       8.60512047E-02
  1692.3000       8.60623027E-02
  1692.4000       8.60735629E-02
  1692.5000       8.60847242E-02
  1692.6000       8.60953771E-02
  1692.7000       8.61051110E-02
  1692.8000       8.61140470E-02
  1692.9000       8.61222062E-02
  1693.0000       8.61299178E-02
  1693.1000       8.61372594E-02
  1693.2000       8.61445180E-02
  1693.3000       8.61524142E-02
  1693.4000       8.61608052E-02
  1693.5000       8.61699439E-02
  1693.6000       8.61796553E-02
  1693.7000       8.61897682E-02
  1693.8000       8.62001237E-02
  1693.9000       8.62106036E-02
  1694.0000       8.62206070E-02
  1694.1000       8.62302468E-02
  1694.2000       8.62394894E-02
  1694.3000       8.62481079E-02
  1694.4000       8.62563831E-02
  1694.5000       8.62644604E-02
  1694.6000       8.62725876E-02
  1694.7000       8.62809945E-02
  1694.8000       8.62897763E-02
  1694.9000       8.62988448E-02
  1695.0000       8.63080318E-02
  1695.1000       8.63173588E-02
  1695.2000       8.63266247E-02
  1695.3000       8.63357939E-02
  1695.4000       8.63445969E-02
  1695.5000       8.63531483E-02
  1695.6000       8.63612963E-02
  1695.7000       8.63693088E-02
  1695.8000       8.63773925E-02
  1695.9000       8.63849894E-02
  1696.0000       8.63925813E-02
  1696.1000       8.63997058E-02
  1696.2000       8.64066030E-02
  1696.3000       8.64131004E-02
  1696.4000       8.64193326E-02
  1696.5000       8.64247493E-02
  1696.6000       8.64299539E-02
  1696.7000       8.64346990E-02
  1696.8000       8.64392705E-02
  1696.9000       8.64435760E-02
  1697.0000       8.64480338E-02
  1697.1000       8.64522258E-02
  1697.2000       8.64562698E-02
  1697.3000       8.64602062E-02
  1697.4000       8.64636499E-02
  1697.5000       8.64668319E-02
  1697.6000       8.64694784E-02
  1697.7000       8.64715317E-02
  1697.8000       8.64731809E-02
  1697.9000       8.64744698E-02
  1698.0000       8.64755554E-02
  1698.1000       8.64765186E-02
  1698.2000       8.64772705E-02
  1698.3000       8.64779976E-02
  1698.4000       8.64786338E-02
  1698.5000       8.64792677E-02
  1698.6000       8.64795189E-02
  1698.7000       8.64793988E-02
  1698.8000       8.64786866E-02
  1698.9000       8.64774759E-02
  1699.0000       8.64757180E-02
  1699.1000       8.64732716E-02
  1699.2000       8.64705323E-02
  1699.3000       8.64672078E-02
  1699.4000       8.64635931E-02
  1699.5000       8.64594586E-02
  1699.6000       8.64552443E-02
  1699.7000       8.64504576E-02
  1699.8000       8.64458485E-02
  1699.9000       8.64407966E-02
  1700.0000       8.64354980E-02
  1700.1000       8.64299170E-02
  1700.2000       8.64238628E-02
  1700.3000       8.64176993E-02
  1700.4000       8.64106767E-02
  1700.5000       8.64035046E-02
  1700.6000       8.63958228E-02
  1700.7000       8.63878032E-02
  1700.8000       8.63792116E-02
  1700.9000       8.63704946E-02
  1701.0000       8.63614122E-02
  1701.1000       8.63524036E-02
  1701.2000       8.63433861E-02
  1701.3000       8.63344496E-02
  1701.4000       8.63258289E-02
  1701.5000       8.63170100E-02
  1701.6000       8.63082346E-02
  1701.7000       8.62994164E-02
  1701.8000       8.62904407E-02
  1701.9000       8.62810325E-02
  1702.0000       8.62716331E-02
  1702.1000       8.62617929E-02
  1702.2000       8.62514795E-02
  1702.3000       8.62410712E-02
  1702.4000       8.62308434E-02
  1702.5000       8.62208333E-02
  1702.6000       8.62110757E-02
  1702.7000       8.62016467E-02
  1702.8000       8.61926643E-02
  1702.9000       8.61837254E-02
  1703.0000       8.61748395E-02
  1703.1000       8.61658207E-02
  1703.2000       8.61563699E-02
  1703.3000       8.61463354E-02
  1703.4000       8.61355137E-02
  1703.5000       8.61242942E-02
  1703.6000       8.61122921E-02
  1703.7000       8.60997451E-02
  1703.8000       8.60871114E-02
  1703.9000       8.60744724E-02
  1704.0000       8.60618658E-02
  1704.1000       8.60495964E-02
  1704.2000       8.60378113E-02
  1704.3000       8.60258697E-02
  1704.4000       8.60140140E-02
  1704.5000       8.60020475E-02
  1704.6000       8.59897097E-02
  1704.7000       8.59768148E-02
  1704.8000       8.59633543E-02
  1704.9000       8.59492560E-02
  1705.0000       8.59349635E-02
  1705.1000       8.59201713E-02
  1705.2000       8.59055246E-02
  1705.3000       8.58908768E-02
  1705.4000       8.58763418E-02
  1705.5000       8.58623300E-02
  1705.6000       8.58485669E-02
  1705.7000       8.58349963E-02
  1705.8000       8.58216293E-02
  1705.9000       8.58082945E-02
  1706.0000       8.57948169E-02
  1706.1000       8.57814956E-02
  1706.2000       8.57680098E-02
  1706.3000       8.57547146E-02
  1706.4000       8.57415204E-02
  1706.5000       8.57288961E-02
  1706.6000       8.57166523E-02
  1706.7000       8.57050668E-02
  1706.8000       8.56938522E-02
  1706.9000       8.56831182E-02
  1707.0000       8.56725866E-02
  1707.1000       8.56621007E-02
  1707.2000       8.56517700E-02
  1707.3000       8.56409439E-02
  1707.4000       8.56301559E-02
  1707.5000       8.56194695E-02
  1707.6000       8.56084962E-02
  1707.7000       8.55979002E-02
  1707.8000       8.55872880E-02
  1707.9000       8.55770932E-02
  1708.0000       8.55672520E-02
  1708.1000       8.55577157E-02
  1708.2000       8.55484581E-02
  1708.3000       8.55395201E-02
  1708.4000       8.55309299E-02
  1708.5000       8.55222162E-02
  1708.6000       8.55137553E-02
  1708.7000       8.55055235E-02
  1708.8000       8.54973984E-02
  1708.9000       8.54898293E-02
  1709.0000       8.54828127E-02
  1709.1000       8.54761676E-02
  1709.2000       8.54700553E-02
  1709.3000       8.54641109E-02
  1709.4000       8.54584121E-02
  1709.5000       8.54526598E-02
  1709.6000       8.54469613E-02
  1709.7000       8.54406525E-02
  1709.8000       8.54346236E-02
  1709.9000       8.54282288E-02
  1710.0000       8.54221261E-02
  1710.1000       8.54162824E-02
  1710.2000       8.54110292E-02
  1710.3000       8.54063328E-02
  1710.4000       8.54025066E-02
  1710.5000       8.53991433E-02
  1710.6000       8.53961989E-02
  1710.7000       8.53934307E-02
  1710.8000       8.53905214E-02
  1710.9000       8.53875005E-02
  1711.0000       8.53840239E-02
  1711.1000       8.53804670E-02
  1711.2000       8.53768698E-02
  1711.3000       8.53733982E-02
  1711.4000       8.53704842E-02
  1711.5000       8.53684516E-02
  1711.6000       8.53673285E-02
  1711.7000       8.53670863E-02
  1711.8000       8.53679616E-02
  1711.9000       8.53695656E-02
  1712.0000       8.53719448E-02
  1712.1000       8.53743712E-02
  1712.2000       8.53771521E-02
  1712.3000       8.53798471E-02
  1712.4000       8.53822748E-02
  1712.5000       8.53844058E-02
  1712.6000       8.53865294E-02
  1712.7000       8.53885232E-02
  1712.8000       8.53908296E-02
  1712.9000       8.53935274E-02
  1713.0000       8.53964737E-02
  1713.1000       8.54001614E-02
  1713.2000       8.54041010E-02
  1713.3000       8.54084291E-02
  1713.4000       8.54127992E-02
  1713.5000       8.54173321E-02
  1713.6000       8.54217920E-02
  1713.7000       8.54259645E-02
  1713.8000       8.54300406E-02
  1713.9000       8.54340712E-02
  1714.0000       8.54380253E-02
  1714.1000       8.54422385E-02
  1714.2000       8.54470266E-02
  1714.3000       8.54524105E-02
  1714.4000       8.54583465E-02
  1714.5000       8.54649629E-02
  1714.6000       8.54720655E-02
  1714.7000       8.54795158E-02
  1714.8000       8.54874684E-02
  1714.9000       8.54951482E-02
  1715.0000       8.55024724E-02
  1715.1000       8.55096130E-02
  1715.2000       8.55164169E-02
  1715.3000       8.55231188E-02
  1715.4000       8.55296205E-02
  1715.5000       8.55361800E-02
  1715.6000       8.55430229E-02
  1715.7000       8.55502129E-02
  1715.8000       8.55576316E-02
  1715.9000       8.55659373E-02
  1716.0000       8.55743238E-02
  1716.1000       8.55832140E-02
  1716.2000       8.55924566E-02
  1716.3000       8.56018709E-02
  1716.4000       8.56113466E-02
  1716.5000       8.56208964E-02
  1716.6000       8.56304660E-02
  1716.7000       8.56401293E-02
  1716.8000       8.56499305E-02
  1716.9000       8.56598487E-02
  1717.0000       8.56702682E-02
  1717.1000       8.56807924E-02
  1717.2000       8.56914532E-02
  1717.3000       8.57020310E-02
  1717.4000       8.57128413E-02
  1717.5000       8.57233680E-02
  1717.6000       8.57337741E-02
  1717.7000       8.57443225E-02
  1717.8000       8.57548415E-02
  1717.9000       8.57657752E-02
  1718.0000       8.57769719E-02
  1718.1000       8.57885501E-02
  1718.2000       8.58007030E-02
  1718.3000       8.58130769E-02
  1718.4000       8.58256182E-02
  1718.5000       8.58380242E-02
  1718.6000       8.58501081E-02
  1718.7000       8.58618900E-02
  1718.8000       8.58730587E-02
  1718.9000       8.58834942E-02
  1719.0000       8.58934333E-02
  1719.1000       8.59031431E-02
  1719.2000       8.59128076E-02
  1719.3000       8.59224639E-02
  1719.4000       8.59325981E-02
  1719.5000       8.59432240E-02
  1719.6000       8.59540448E-02
  1719.7000       8.59652296E-02
  1719.8000       8.59759286E-02
  1719.9000       8.59863755E-02
  1720.0000       8.59964626E-02
  1720.1000       8.60057092E-02
  1720.2000       8.60142855E-02
  1720.3000       8.60224225E-02
  1720.4000       8.60303087E-02
  1720.5000       8.60380936E-02
  1720.6000       8.60461412E-02
  1720.7000       8.60543610E-02
  1720.8000       8.60629973E-02
  1720.9000       8.60717262E-02
  1721.0000       8.60808105E-02
  1721.1000       8.60895383E-02
  1721.2000       8.60976719E-02
  1721.3000       8.61053102E-02
  1721.4000       8.61121354E-02
  1721.5000       8.61185821E-02
  1721.6000       8.61245455E-02
  1721.7000       8.61304671E-02
  1721.8000       8.61365062E-02
  1721.9000       8.61426470E-02
  1722.0000       8.61492939E-02
  1722.1000       8.61563186E-02
  1722.2000       8.61635778E-02
  1722.3000       8.61709746E-02
  1722.4000       8.61783638E-02
  1722.5000       8.61853445E-02
  1722.6000       8.61915994E-02
  1722.7000       8.61978596E-02
  1722.8000       8.62036367E-02
  1722.9000       8.62093845E-02
  1723.0000       8.62152431E-02
  1723.1000       8.62212096E-02
  1723.2000       8.62275133E-02
  1723.3000       8.62344095E-02
  1723.4000       8.62414112E-02
  1723.5000       8.62483965E-02
  1723.6000       8.62552541E-02
  1723.7000       8.62619162E-02
  1723.8000       8.62680522E-02
  1723.9000       8.62738726E-02
  1724.0000       8.62790471E-02
  1724.1000       8.62841921E-02
  1724.2000       8.62891794E-02
  1724.3000       8.62944110E-02
  1724.4000       8.62996726E-02
  1724.5000       8.63054230E-02
  1724.6000       8.63111929E-02
  1724.7000       8.63170083E-02
  1724.8000       8.63225151E-02
  1724.9000       8.63277594E-02
  1725.0000       8.63322229E-02
  1725.1000       8.63359736E-02
  1725.2000       8.63390307E-02
  1725.3000       8.63412850E-02
  1725.4000       8.63430154E-02
  1725.5000       8.63445251E-02
  1725.6000       8.63459400E-02
  1725.7000       8.63474326E-02
  1725.8000       8.63491030E-02
  1725.9000       8.63509334E-02
  1726.0000       8.63524007E-02
  1726.1000       8.63537486E-02
  1726.2000       8.63545285E-02
  1726.3000       8.63547508E-02
  1726.4000       8.63544391E-02
  1726.5000       8.63534755E-02
  1726.6000       8.63523919E-02
  1726.7000       8.63508745E-02
  1726.8000       8.63494033E-02
  1726.9000       8.63482167E-02
  1727.0000       8.63473295E-02
  1727.1000       8.63466572E-02
  1727.2000       8.63461867E-02
  1727.3000       8.63458270E-02
  1727.4000       8.63450390E-02
  1727.5000       8.63437379E-02
  1727.6000       8.63418989E-02
  1727.7000       8.63393475E-02
  1727.8000       8.63360028E-02
  1727.9000       8.63319807E-02
  1728.0000       8.63273820E-02
  1728.1000       8.63224494E-02
  1728.2000       8.63176287E-02
  1728.3000       8.63130015E-02
  1728.4000       8.63088675E-02
  1728.5000       8.63048797E-02
  1728.6000       8.63016316E-02
  1728.7000       8.62983705E-02
  1728.8000       8.62954838E-02
  1728.9000       8.62922439E-02
  1729.0000       8.62890135E-02
  1729.1000       8.62850895E-02
  1729.2000       8.62809723E-02
  1729.3000       8.62762151E-02
  1729.4000       8.62709445E-02
  1729.5000       8.62657586E-02
  1729.6000       8.62602674E-02
  1729.7000       8.62550528E-02
  1729.8000       8.62499696E-02
  1729.9000       8.62452073E-02
  1730.0000       8.62408286E-02
  1730.1000       8.62369464E-02
  1730.2000       8.62330411E-02
  1730.3000       8.62291134E-02
  1730.4000       8.62247270E-02
  1730.5000       8.62201510E-02
  1730.6000       8.62148073E-02
  1730.7000       8.62086226E-02
  1730.8000       8.62019735E-02
  1730.9000       8.61949256E-02
  1731.0000       8.61875996E-02
  1731.1000       8.61803107E-02
  1731.2000       8.61731867E-02
  1731.3000       8.61665300E-02
  1731.4000       8.61601880E-02
  1731.5000       8.61542935E-02
  1731.6000       8.61488628E-02
  1731.7000       8.61436942E-02
  1731.8000       8.61385510E-02
  1731.9000       8.61333924E-02
  1732.0000       8.61281012E-02
  1732.1000       8.61227325E-02
  1732.2000       8.61174743E-02
  1732.3000       8.61123157E-02
  1732.4000       8.61072620E-02
  1732.5000       8.61026464E-02
  1732.6000       8.60983948E-02
  1732.7000       8.60945261E-02
  1732.8000       8.60908840E-02
  1732.9000       8.60874103E-02
  1733.0000       8.60836804E-02
  1733.1000       8.60800010E-02
  1733.2000       8.60757602E-02
  1733.3000       8.60712694E-02
  1733.4000       8.60663806E-02
  1733.5000       8.60609894E-02
  1733.6000       8.60555898E-02
  1733.7000       8.60503103E-02
  1733.8000       8.60450705E-02
  1733.9000       8.60400405E-02
  1734.0000       8.60354497E-02
  1734.1000       8.60313333E-02
  1734.2000       8.60273383E-02
  1734.3000       8.60237083E-02
  1734.4000       8.60203301E-02
  1734.5000       8.60169843E-02
  1734.6000       8.60137691E-02
  1734.7000       8.60105694E-02
  1734.8000       8.60076201E-02
  1734.9000       8.60045187E-02
  1735.0000       8.60014425E-02
  1735.1000       8.59979865E-02
  1735.2000       8.59942998E-02
  1735.3000       8.59905188E-02
  1735.4000       8.59865410E-02
  1735.5000       8.59821822E-02
  1735.6000       8.59776013E-02
  1735.7000       8.59730049E-02
  1735.8000       8.59682886E-02
  1735.9000       8.59634691E-02
  1736.0000       8.59586619E-02
  1736.1000       8.59540845E-02
  1736.2000       8.59495781E-02
  1736.3000       8.59453556E-02
  1736.4000       8.59411757E-02
  1736.5000       8.59371145E-02
  1736.6000       8.59331271E-02
  1736.7000       8.59292477E-02
  1736.8000       8.59251017E-02
  1736.9000       8.59210769E-02
  1737.0000       8.59171057E-02
  1737.1000       8.59129282E-02
  1737.2000       8.59087664E-02
  1737.3000       8.59045252E-02
  1737.4000       8.59006365E-02
  1737.5000       8.58967798E-02
  1737.6000       8.58929900E-02
  1737.7000       8.58893925E-02
  1737.8000       8.58858932E-02
  1737.9000       8.58822746E-02
  1738.0000       8.58786109E-02
  1738.1000       8.58749965E-02
  1738.2000       8.58711892E-02
  1738.3000       8.58673015E-02
  1738.4000       8.58633394E-02
  1738.5000       8.58593990E-02
  1738.6000       8.58554501E-02
  1738.7000       8.58514525E-02
  1738.8000       8.58472627E-02
  1738.9000       8.58431906E-02
  1739.0000       8.58392571E-02
  1739.1000       8.58350383E-02
  1739.2000       8.58310862E-02
  1739.3000       8.58275481E-02
  1739.4000       8.58243459E-02
  1739.5000       8.58217047E-02
  1739.6000       8.58196199E-02
  1739.7000       8.58183118E-02
  1739.8000       8.58175125E-02
  1739.9000       8.58173076E-02
  1740.0000       8.58175064E-02
