  1970.1010       1.27511403E-02
  1970.1990       1.27437293E-02
  1970.2970       1.27374229E-02
  1970.4020       1.27326919E-02
  1970.5000       1.27305496E-02
  1970.5980       1.27303887E-02
  1970.7030       1.27308855E-02
  1970.8010       1.27311227E-02
  1970.8990       1.27301007E-02
  1970.9970       1.27284732E-02
  1971.1020       1.27255968E-02
  1971.2000       1.27226353E-02
  1971.2980       1.27198060E-02
  1971.4030       1.27167365E-02
  1971.5010       1.27132339E-02
  1971.5990       1.27089451E-02
  1971.6970       1.27024934E-02
  1971.8020       1.26926303E-02
  1971.9000       1.26806430E-02
  1971.9980       1.26659722E-02
  1972.1030       1.26468440E-02
  1972.2010       1.26259534E-02
  1972.2990       1.26022359E-02
  1972.3970       1.25772212E-02
  1972.5020       1.25501046E-02
  1972.6000       1.25255844E-02
  1972.6980       1.25036379E-02
  1972.8030       1.24826743E-02
  1972.9010       1.24659239E-02
  1972.9990       1.24523171E-02
  1973.0970       1.24414994E-02
  1973.2020       1.24338073E-02
  1973.3000       1.24296715E-02
  1973.3980       1.24277433E-02
  1973.5030       1.24271937E-02
  1973.6010       1.24271408E-02
  1973.6990       1.24266920E-02
  1973.7970       1.24265787E-02
  1973.9020       1.24265622E-02
  1974.0000       1.24274418E-02
  1974.0980       1.24297298E-02
  1974.2030       1.24337402E-02
  1974.3010       1.24394146E-02
  1974.3990       1.24466809E-02
  1974.4970       1.24554525E-02
  1974.6020       1.24663083E-02
  1974.7000       1.24766837E-02
  1974.7980       1.24870099E-02
  1974.9030       1.24979398E-02
  1975.0010       1.25075662E-02
  1975.0990       1.25172262E-02
  1975.1970       1.25267911E-02
  1975.3020       1.25371182E-02
  1975.4000       1.25473484E-02
  1975.4980       1.25578960E-02
  1975.6030       1.25702218E-02
  1975.7010       1.25818626E-02
  1975.7990       1.25950451E-02
  1975.8970       1.26093451E-02
  1976.0020       1.26263282E-02
  1976.1000       1.26426783E-02
  1976.1980       1.26592136E-02
  1976.3030       1.26766534E-02
  1976.4010       1.26923655E-02
  1976.4990       1.27074561E-02
  1976.5970       1.27213859E-02
  1976.7020       1.27349432E-02
  1976.8000       1.27462854E-02
  1976.8980       1.27561682E-02
  1977.0030       1.27653766E-02
  1977.1010       1.27726577E-02
  1977.1990       1.27785301E-02
  1977.2970       1.27827450E-02
  1977.4020       1.27855976E-02
  1977.5000       1.27867105E-02
  1977.5980       1.27868727E-02
  1977.7030       1.27861705E-02
  1977.8010       1.27852960E-02
  1977.8990       1.27834067E-02
  1977.9970       1.27806699E-02
  1978.1020       1.27758874E-02
  1978.2000       1.27690840E-02
  1978.2980       1.27598518E-02
  1978.4030       1.27472451E-02
  1978.5010       1.27332803E-02
  1978.5990       1.27176503E-02
  1978.6970       1.27000795E-02
  1978.8020       1.26797956E-02
  1978.9000       1.26604321E-02
  1978.9980       1.26415002E-02
  1979.1030       1.26224096E-02
  1979.2010       1.26059301E-02
  1979.2990       1.25907580E-02
  1979.3970       1.25777056E-02
  1979.5020       1.25660443E-02
  1979.6000       1.25582717E-02
  1979.6980       1.25536067E-02
  1979.8030       1.25519637E-02
  1979.9010       1.25531843E-02
  1979.9990       1.25567256E-02
  1980.0970       1.25619482E-02
  1980.2020       1.25691772E-02
  1980.3000       1.25764581E-02
  1980.3980       1.25841176E-02
  1980.5030       1.25925826E-02
  1980.6010       1.26002907E-02
  1980.6990       1.26073477E-02
  1980.7970       1.26144112E-02
  1980.9020       1.26220030E-02
  1981.0000       1.26293141E-02
  1981.0980       1.26368835E-02
  1981.2030       1.26456041E-02
  1981.3010       1.26541218E-02
  1981.3990       1.26633186E-02
  1981.4970       1.26729775E-02
  1981.6020       1.26831722E-02
  1981.7000       1.26927916E-02
  1981.7980       1.27019151E-02
  1981.9030       1.27108128E-02
  1982.0010       1.27185508E-02
  1982.0990       1.27260301E-02
  1982.1970       1.27339734E-02
  1982.3020       1.27443454E-02
  1982.4000       1.27557859E-02
  1982.4980       1.27700992E-02
  1982.6030       1.27890447E-02
  1982.7010       1.28102444E-02
  1982.7990       1.28344353E-02
  1982.8970       1.28605649E-02
  1983.0020       1.28896100E-02
  1983.1000       1.29168582E-02
  1983.1980       1.29437154E-02
  1983.3030       1.29708868E-02
  1983.4010       1.29942642E-02
  1983.4990       1.30156694E-02
  1983.5970       1.30355778E-02
  1983.7020       1.30553910E-02
  1983.8000       1.30726263E-02
  1983.8980       1.30887638E-02
  1984.0030       1.31040342E-02
  1984.1010       1.31162727E-02
  1984.1990       1.31266733E-02
  1984.2970       1.31346618E-02
  1984.4020       1.31399094E-02
  1984.5000       1.31415302E-02
  1984.5980       1.31396300E-02
  1984.7030       1.31349815E-02
  1984.8010       1.31283574E-02
  1984.8990       1.31199946E-02
  1984.9970       1.31100929E-02
  1985.1020       1.30992357E-02
  1985.2000       1.30897073E-02
  1985.2980       1.30808181E-02
  1985.4030       1.30714248E-02
  1985.5010       1.30627668E-02
  1985.5990       1.30542470E-02
  1985.6970       1.30459088E-02
  1985.8020       1.30365244E-02
  1985.9000       1.30278244E-02
  1985.9980       1.30184988E-02
  1986.1030       1.30081431E-02
  1986.2010       1.29984650E-02
  1986.2990       1.29881623E-02
  1986.3970       1.29773816E-02
  1986.5020       1.29649080E-02
  1986.6000       1.29525749E-02
  1986.6980       1.29406527E-02
  1986.8030       1.29280258E-02
  1986.9010       1.29173008E-02
  1986.9990       1.29081634E-02
  1987.0970       1.29015852E-02
  1987.2020       1.28975533E-02
  1987.3000       1.28967701E-02
  1987.3980       1.28987594E-02
  1987.5030       1.29025931E-02
  1987.6010       1.29071526E-02
  1987.6990       1.29119567E-02
  1987.7970       1.29170308E-02
  1987.9020       1.29220719E-02
  1988.0000       1.29259763E-02
  1988.0980       1.29292310E-02
  1988.2030       1.29318531E-02
  1988.3010       1.29332125E-02
  1988.3990       1.29345102E-02
  1988.4970       1.29353190E-02
  1988.6020       1.29360110E-02
  1988.7000       1.29366728E-02
  1988.7980       1.29378776E-02
  1988.9030       1.29407045E-02
  1989.0010       1.29453469E-02
  1989.0990       1.29521134E-02
  1989.1970       1.29614054E-02
  1989.3020       1.29737976E-02
  1989.4000       1.29884915E-02
  1989.4980       1.30058790E-02
  1989.6030       1.30273749E-02
  1989.7010       1.30490385E-02
  1989.7990       1.30712996E-02
  1989.8970       1.30946256E-02
  1990.0020       1.31206880E-02
  1990.1000       1.31468571E-02
  1990.1980       1.31743218E-02
  1990.3030       1.32047611E-02
  1990.4010       1.32315484E-02
  1990.4990       1.32539576E-02
  1990.5970       1.32704442E-02
  1990.7020       1.32829413E-02
  1990.8000       1.32911592E-02
  1990.8980       1.32964286E-02
  1991.0030       1.32973927E-02
  1991.1010       1.32936460E-02
  1991.1990       1.32853459E-02
  1991.2970       1.32737340E-02
  1991.4020       1.32587840E-02
  1991.5000       1.32431206E-02
  1991.5980       1.32278773E-02
  1991.7030       1.32131080E-02
  1991.8010       1.32013161E-02
  1991.8990       1.31910256E-02
  1991.9970       1.31820611E-02
  1992.1020       1.31729592E-02
  1992.2000       1.31649406E-02
  1992.2980       1.31564293E-02
  1992.4030       1.31466946E-02
  1992.5010       1.31370079E-02
  1992.5990       1.31268150E-02
  1992.6970       1.31155605E-02
  1992.8020       1.31012063E-02
  1992.9000       1.30858132E-02
  1992.9980       1.30684636E-02
  1993.1030       1.30492181E-02
  1993.2010       1.30325111E-02
  1993.2990       1.30177447E-02
  1993.3970       1.30054060E-02
  1993.5020       1.29931864E-02
  1993.6000       1.29829847E-02
  1993.6980       1.29734103E-02
  1993.8030       1.29634920E-02
  1993.9010       1.29552895E-02
  1993.9990       1.29488804E-02
  1994.0970       1.29451262E-02
  1994.2020       1.29441485E-02
  1994.3000       1.29458019E-02
  1994.3980       1.29491841E-02
  1994.5030       1.29534521E-02
  1994.6010       1.29575474E-02
  1994.6990       1.29610433E-02
  1994.7970       1.29632976E-02
  1994.9020       1.29629833E-02
  1995.0000       1.29596254E-02
  1995.0980       1.29532649E-02
  1995.2030       1.29434133E-02
  1995.3010       1.29320372E-02
  1995.3990       1.29189602E-02
  1995.4970       1.29045810E-02
  1995.6020       1.28881397E-02
  1995.7000       1.28731470E-02
  1995.7980       1.28579967E-02
  1995.9030       1.28421116E-02
  1996.0010       1.28282116E-02
  1996.0990       1.28147950E-02
  1996.1970       1.28026537E-02
  1996.3020       1.27907786E-02
  1996.4000       1.27811307E-02
  1996.4980       1.27727664E-02
  1996.6030       1.27657180E-02
  1996.7010       1.27608745E-02
  1996.7990       1.27578947E-02
  1996.8970       1.27564735E-02
  1997.0020       1.27566094E-02
  1997.1000       1.27576587E-02
  1997.1980       1.27600312E-02
  1997.3030       1.27637437E-02
  1997.4010       1.27670701E-02
  1997.4990       1.27702322E-02
  1997.5970       1.27731188E-02
  1997.7020       1.27757098E-02
  1997.8000       1.27778520E-02
  1997.8980       1.27791646E-02
  1998.0030       1.27797659E-02
  1998.1010       1.27796177E-02
  1998.1990       1.27787121E-02
  1998.2970       1.27774092E-02
  1998.4020       1.27749771E-02
  1998.5000       1.27720300E-02
  1998.5980       1.27675651E-02
  1998.7030       1.27613544E-02
  1998.8010       1.27541782E-02
  1998.8990       1.27453371E-02
  1998.9970       1.27353901E-02
  1999.1020       1.27230993E-02
  1999.2000       1.27102623E-02
  1999.2980       1.26966590E-02
  1999.4030       1.26817245E-02
  1999.5010       1.26672740E-02
  1999.5990       1.26533650E-02
  1999.6970       1.26397155E-02
  1999.8020       1.26259969E-02
  1999.9000       1.26140065E-02
  1999.9980       1.26026897E-02
  2000.1030       1.25913419E-02
  2000.2010       1.25810861E-02
  2000.2990       1.25712927E-02
  2000.3970       1.25614349E-02
  2000.5020       1.25512522E-02
  2000.6000       1.25411277E-02
  2000.6980       1.25307697E-02
  2000.8030       1.25199118E-02
  2000.9010       1.25100815E-02
  2000.9990       1.25004203E-02
  2001.0970       1.24908342E-02
  2001.2020       1.24804785E-02
  2001.3000       1.24710112E-02
  2001.3980       1.24620954E-02
  2001.5030       1.24530769E-02
  2001.6010       1.24454007E-02
  2001.6990       1.24381969E-02
  2001.7970       1.24306835E-02
  2001.9020       1.24221123E-02
  2002.0000       1.24129480E-02
  2002.0980       1.24028604E-02
  2002.2030       1.23912190E-02
  2002.3010       1.23799026E-02
  2002.3990       1.23686762E-02
  2002.4970       1.23579521E-02
  2002.6020       1.23478596E-02
  2002.7000       1.23398056E-02
  2002.7980       1.23342260E-02
  2002.9030       1.23299616E-02
  2003.0010       1.23280067E-02
  2003.0990       1.23276983E-02
  2003.1970       1.23286500E-02
  2003.3020       1.23307809E-02
  2003.4000       1.23335197E-02
  2003.4980       1.23373044E-02
  2003.6030       1.23423657E-02
  2003.7010       1.23481106E-02
  2003.7990       1.23543396E-02
  2003.8970       1.23602182E-02
  2004.0020       1.23654252E-02
  2004.1000       1.23683185E-02
  2004.1980       1.23686265E-02
  2004.3030       1.23651822E-02
  2004.4010       1.23579351E-02
  2004.4990       1.23463938E-02
  2004.5970       1.23308400E-02
  2004.7020       1.23098191E-02
  2004.8000       1.22866900E-02
  2004.8980       1.22602084E-02
  2005.0030       1.22290280E-02
  2005.1010       1.21973402E-02
  2005.1990       1.21638458E-02
  2005.2970       1.21289368E-02
  2005.4020       1.20907232E-02
  2005.5000       1.20551007E-02
  2005.5980       1.20203044E-02
  2005.7030       1.19842712E-02
  2005.8010       1.19525092E-02
  2005.8990       1.19226646E-02
  2005.9970       1.18946958E-02
  2006.1020       1.18667599E-02
  2006.2000       1.18432698E-02
  2006.2980       1.18227992E-02
  2006.4030       1.18052445E-02
  2006.5010       1.17942523E-02
  2006.5990       1.17883861E-02
  2006.6970       1.17881411E-02
  2006.8020       1.17931424E-02
  2006.9000       1.18018442E-02
  2006.9980       1.18130899E-02
  2007.1030       1.18273177E-02
  2007.2010       1.18420620E-02
  2007.2990       1.18587310E-02
  2007.3970       1.18772995E-02
  2007.5020       1.18987713E-02
  2007.6000       1.19206173E-02
  2007.6980       1.19443349E-02
  2007.8030       1.19720225E-02
  2007.9010       1.19998288E-02
  2007.9990       1.20293374E-02
  2008.0970       1.20605583E-02
  2008.2020       1.20954085E-02
  2008.3000       1.21299180E-02
  2008.3980       1.21661746E-02
  2008.5030       1.22081225E-02
  2008.6010       1.22504541E-02
  2008.6990       1.22960493E-02
  2008.7970       1.23434743E-02
  2008.9020       1.23939900E-02
  2009.0000       1.24390913E-02
  2009.0980       1.24814402E-02
  2009.2030       1.25218746E-02
  2009.3010       1.25540670E-02
  2009.3990       1.25808041E-02
  2009.4970       1.26025365E-02
  2009.6020       1.26207013E-02
  2009.7000       1.26334072E-02
  2009.7980       1.26432312E-02
  2009.9030       1.26521473E-02
  2010.0010       1.26585724E-02
  2010.0990       1.26629216E-02
  2010.1970       1.26648229E-02
  2010.3020       1.26632454E-02
  2010.4000       1.26588887E-02
  2010.4980       1.26529843E-02
  2010.6030       1.26466233E-02
  2010.7010       1.26425104E-02
  2010.7990       1.26410729E-02
  2010.8970       1.26432617E-02
  2011.0020       1.26493905E-02
  2011.1000       1.26582066E-02
  2011.1980       1.26693704E-02
  2011.3030       1.26833284E-02
  2011.4010       1.26975981E-02
  2011.4990       1.27130865E-02
  2011.5970       1.27297234E-02
  2011.7020       1.27485931E-02
  2011.8000       1.27674926E-02
  2011.8980       1.27867149E-02
  2012.0030       1.28069759E-02
  2012.1010       1.28244098E-02
  2012.1990       1.28393948E-02
  2012.2970       1.28512289E-02
  2012.4020       1.28598086E-02
  2012.5000       1.28636767E-02
  2012.5980       1.28642115E-02
  2012.7030       1.28617848E-02
  2012.8010       1.28579345E-02
  2012.8990       1.28537142E-02
  2012.9970       1.28508404E-02
  2013.1020       1.28505306E-02
  2013.2000       1.28537732E-02
  2013.2980       1.28612610E-02
  2013.4030       1.28733867E-02
  2013.5010       1.28867160E-02
  2013.5990       1.29002397E-02
  2013.6970       1.29110603E-02
  2013.8020       1.29167998E-02
  2013.9000       1.29138959E-02
  2013.9980       1.29021493E-02
  2014.1030       1.28805918E-02
  2014.2010       1.28550201E-02
  2014.2990       1.28264357E-02
  2014.3970       1.27967531E-02
  2014.5020       1.27648591E-02
  2014.6000       1.27353544E-02
  2014.6980       1.27073885E-02
  2014.8030       1.26809783E-02
  2014.9010       1.26620052E-02
  2014.9990       1.26495874E-02
  2015.0970       1.26439317E-02
  2015.2020       1.26437881E-02
  2015.3000       1.26474183E-02
  2015.3980       1.26526201E-02
  2015.5030       1.26597551E-02
  2015.6010       1.26672632E-02
  2015.6990       1.26752532E-02
  2015.7970       1.26825723E-02
  2015.9020       1.26894826E-02
  2016.0000       1.26942810E-02
  2016.0980       1.26972832E-02
  2016.2030       1.26983766E-02
  2016.3010       1.26976292E-02
  2016.3990       1.26952614E-02
  2016.4970       1.26924454E-02
  2016.6020       1.26898309E-02
  2016.7000       1.26878161E-02
  2016.7980       1.26855118E-02
  2016.9030       1.26835707E-02
  2017.0010       1.26825991E-02
  2017.0990       1.26826529E-02
  2017.1970       1.26840137E-02
  2017.3020       1.26875284E-02
  2017.4000       1.26927507E-02
  2017.4980       1.27001650E-02
  2017.6030       1.27100317E-02
  2017.7010       1.27211600E-02
  2017.7990       1.27339422E-02
  2017.8970       1.27485115E-02
  2018.0020       1.27651829E-02
  2018.1000       1.27811759E-02
  2018.1980       1.27973656E-02
  2018.3030       1.28131449E-02
  2018.4010       1.28245371E-02
  2018.4990       1.28316025E-02
  2018.5970       1.28346604E-02
  2018.7020       1.28332741E-02
  2018.8000       1.28267687E-02
  2018.8980       1.28143579E-02
  2019.0030       1.27955010E-02
  2019.1010       1.27733298E-02
  2019.1990       1.27468979E-02
  2019.2970       1.27167731E-02
  2019.4020       1.26823578E-02
  2019.5000       1.26498131E-02
  2019.5980       1.26180352E-02
  2019.7030       1.25861802E-02
  2019.8010       1.25596913E-02
  2019.8990       1.25367649E-02
  2019.9970       1.25179592E-02
  2020.1020       1.25023659E-02
  2020.2000       1.24914494E-02
  2020.2980       1.24835029E-02
  2020.4030       1.24779603E-02
  2020.5010       1.24750592E-02
  2020.5990       1.24741509E-02
  2020.6970       1.24747317E-02
  2020.8020       1.24768523E-02
  2020.9000       1.24798742E-02
  2020.9980       1.24837916E-02
  2021.1030       1.24886811E-02
  2021.2010       1.24935987E-02
  2021.2990       1.24983531E-02
  2021.3970       1.25021208E-02
  2021.5020       1.25047164E-02
  2021.6000       1.25051594E-02
  2021.6980       1.25037338E-02
  2021.8030       1.24993199E-02
  2021.9010       1.24927707E-02
  2021.9990       1.24837660E-02
  2022.0970       1.24726307E-02
  2022.2020       1.24583327E-02
  2022.3000       1.24436697E-02
  2022.3980       1.24280026E-02
  2022.5030       1.24112479E-02
  2022.6010       1.23968574E-02
  2022.6990       1.23840593E-02
  2022.7970       1.23738376E-02
  2022.9020       1.23660026E-02
  2023.0000       1.23612744E-02
  2023.0980       1.23588879E-02
  2023.2030       1.23577356E-02
  2023.3010       1.23574007E-02
  2023.3990       1.23573460E-02
  2023.4970       1.23570694E-02
  2023.6020       1.23554513E-02
  2023.7000       1.23525974E-02
  2023.7980       1.23481896E-02
  2023.9030       1.23412479E-02
  2024.0010       1.23329786E-02
  2024.0990       1.23229107E-02
  2024.1970       1.23110776E-02
  2024.3020       1.22963730E-02
  2024.4000       1.22798780E-02
  2024.4980       1.22604108E-02
  2024.6030       1.22360512E-02
  2024.7010       1.22102451E-02
  2024.7990       1.21819797E-02
  2024.8970       1.21504395E-02
  2025.0020       1.21124936E-02
  2025.1000       1.20734856E-02
  2025.1980       1.20329061E-02
  2025.3030       1.19887195E-02
  2025.4010       1.19472877E-02
  2025.4990       1.19060797E-02
  2025.5970       1.18649058E-02
  2025.7020       1.18212834E-02
  2025.8000       1.17822609E-02
  2025.8980       1.17452795E-02
  2026.0030       1.17086632E-02
  2026.1010       1.16768955E-02
  2026.1990       1.16464644E-02
  2026.2970       1.16166525E-02
  2026.4020       1.15853575E-02
  2026.5000       1.15580311E-02
  2026.5980       1.15338813E-02
  2026.7030       1.15126007E-02
  2026.8010       1.14969502E-02
  2026.8990       1.14854770E-02
  2026.9970       1.14773717E-02
  2027.1020       1.14725917E-02
  2027.2000       1.14716678E-02
  2027.2980       1.14741058E-02
  2027.4030       1.14803520E-02
  2027.5010       1.14890256E-02
  2027.5990       1.15011353E-02
  2027.6970       1.15167916E-02
  2027.8020       1.15366722E-02
  2027.9000       1.15568849E-02
  2027.9980       1.15789283E-02
  2028.1030       1.16036753E-02
  2028.2010       1.16265411E-02
  2028.2990       1.16481290E-02
  2028.3970       1.16673252E-02
  2028.5020       1.16840476E-02
  2028.6000       1.16959408E-02
  2028.6980       1.17048992E-02
  2028.8030       1.17111657E-02
  2028.9010       1.17139197E-02
  2028.9990       1.17143313E-02
  2029.0970       1.17123893E-02
  2029.2020       1.17071030E-02
  2029.3000       1.16980286E-02
  2029.3980       1.16834996E-02
  2029.5030       1.16607874E-02
  2029.6010       1.16334828E-02
  2029.6990       1.16021052E-02
  2029.7970       1.15686417E-02
  2029.9020       1.15333917E-02
  2030.0000       1.15018187E-02
  2030.0980       1.14721991E-02
  2030.2030       1.14429982E-02
  2030.3010       1.14186049E-02
  2030.3990       1.13967461E-02
  2030.4970       1.13768815E-02
  2030.6020       1.13575979E-02
  2030.7000       1.13417941E-02
  2030.7980       1.13270374E-02
  2030.9030       1.13112093E-02
  2031.0010       1.12957497E-02
  2031.0990       1.12792221E-02
  2031.1970       1.12616489E-02
  2031.3020       1.12413598E-02
  2031.4000       1.12205619E-02
  2031.4980       1.11985690E-02
  2031.6030       1.11748174E-02
  2031.7010       1.11536060E-02
  2031.7990       1.11344033E-02
  2031.8970       1.11174886E-02
  2032.0020       1.11015035E-02
  2032.1000       1.10885441E-02
  2032.1980       1.10763070E-02
  2032.3030       1.10636160E-02
  2032.4010       1.10513277E-02
  2032.4990       1.10386050E-02
  2032.5970       1.10254789E-02
  2032.7020       1.10122879E-02
  2032.8000       1.10006441E-02
  2032.8980       1.09905745E-02
  2033.0030       1.09825710E-02
  2033.1010       1.09773015E-02
  2033.1990       1.09745411E-02
  2033.2970       1.09738722E-02
  2033.4020       1.09747681E-02
  2033.5000       1.09767111E-02
  2033.5980       1.09792422E-02
  2033.7030       1.09819682E-02
  2033.8010       1.09841703E-02
  2033.8990       1.09857409E-02
  2033.9970       1.09867806E-02
  2034.1020       1.09880228E-02
  2034.2000       1.09894710E-02
  2034.2980       1.09912871E-02
  2034.4030       1.09941996E-02
  2034.5010       1.09980756E-02
  2034.5990       1.10031496E-02
  2034.6970       1.10094957E-02
  2034.8020       1.10183199E-02
  2034.9000       1.10285386E-02
  2034.9980       1.10409116E-02
  2035.1030       1.10569070E-02
  2035.2010       1.10740295E-02
  2035.2990       1.10931834E-02
  2035.3970       1.11131004E-02
  2035.5020       1.11346259E-02
  2035.6000       1.11541189E-02
  2035.6980       1.11727407E-02
  2035.8030       1.11912196E-02
  2035.9010       1.12074533E-02
  2035.9990       1.12224046E-02
  2036.0970       1.12358135E-02
  2036.2020       1.12485882E-02
  2036.3000       1.12580759E-02
  2036.3980       1.12652245E-02
  2036.5030       1.12710559E-02
  2036.6010       1.12744416E-02
  2036.6990       1.12767904E-02
  2036.7970       1.12782566E-02
  2036.9020       1.12795910E-02
  2037.0000       1.12808771E-02
  2037.0980       1.12832571E-02
  2037.2030       1.12875841E-02
  2037.3010       1.12932587E-02
  2037.3990       1.13004905E-02
  2037.4970       1.13092821E-02
  2037.6020       1.13208344E-02
  2037.7000       1.13333836E-02
  2037.7980       1.13477301E-02
  2037.9030       1.13648245E-02
  2038.0010       1.13819082E-02
  2038.0990       1.13992336E-02
  2038.1970       1.14164241E-02
  2038.3020       1.14341531E-02
  2038.4000       1.14494212E-02
  2038.4980       1.14633716E-02
  2038.6030       1.14763863E-02
  2038.7010       1.14863026E-02
  2038.7990       1.14939451E-02
  2038.8970       1.14994142E-02
  2039.0020       1.15030864E-02
  2039.1000       1.15050299E-02
  2039.1980       1.15060011E-02
  2039.3030       1.15059970E-02
  2039.4010       1.15055051E-02
  2039.4990       1.15044438E-02
  2039.5970       1.15027343E-02
  2039.7020       1.14997192E-02
  2039.8000       1.14949782E-02
  2039.8980       1.14878297E-02
  2040.0030       1.14774515E-02
  2040.1010       1.14647199E-02
  2040.1990       1.14498610E-02
  2040.2970       1.14328290E-02
  2040.4020       1.14129701E-02
  2040.5000       1.13931075E-02
  2040.5980       1.13730595E-02
  2040.7030       1.13521393E-02
  2040.8010       1.13334766E-02
  2040.8990       1.13163362E-02
  2040.9970       1.13005855E-02
  2041.1020       1.12851936E-02
  2041.2000       1.12713357E-02
  2041.2980       1.12572235E-02
  2041.4030       1.12410266E-02
  2041.5010       1.12241729E-02
  2041.5990       1.12051992E-02
  2041.6970       1.11846512E-02
  2041.8020       1.11612288E-02
  2041.9000       1.11391126E-02
  2041.9980       1.11174370E-02
  2042.1030       1.10956892E-02
  2042.2010       1.10771247E-02
  2042.2990       1.10609921E-02
  2042.3970       1.10483814E-02
  2042.5020       1.10388109E-02
  2042.6000       1.10335037E-02
  2042.6980       1.10296585E-02
  2042.8030       1.10248961E-02
  2042.9010       1.10178168E-02
  2042.9990       1.10069559E-02
  2043.0970       1.09914687E-02
  2043.2020       1.09698027E-02
  2043.3000       1.09458274E-02
  2043.3980       1.09188903E-02
  2043.5030       1.08870322E-02
  2043.6010       1.08550021E-02
  2043.6990       1.08225125E-02
  2043.7970       1.07910559E-02
  2043.9020       1.07608551E-02
  2044.0000       1.07372586E-02
  2044.0980       1.07187350E-02
  2044.2030       1.07046756E-02
  2044.3010       1.06961820E-02
  2044.3990       1.06912072E-02
  2044.4970       1.06885358E-02
  2044.6020       1.06868589E-02
  2044.7000       1.06855100E-02
  2044.7980       1.06836758E-02
  2044.9030       1.06805760E-02
  2045.0010       1.06770150E-02
  2045.0990       1.06735758E-02
  2045.1970       1.06705481E-02
  2045.3020       1.06680304E-02
  2045.4000       1.06660694E-02
  2045.4980       1.06645315E-02
  2045.6030       1.06626503E-02
  2045.7010       1.06602791E-02
  2045.7990       1.06573628E-02
  2045.8970       1.06539516E-02
  2046.0020       1.06494844E-02
  2046.1000       1.06449255E-02
  2046.1980       1.06399337E-02
  2046.3030       1.06341390E-02
  2046.4010       1.06282361E-02
  2046.4990       1.06221790E-02
  2046.5970       1.06161212E-02
  2046.7020       1.06099181E-02
  2046.8000       1.06044194E-02
  2046.8980       1.05992806E-02
  2047.0030       1.05941524E-02
  2047.1010       1.05894246E-02
  2047.1990       1.05841795E-02
  2047.2970       1.05787020E-02
  2047.4020       1.05722669E-02
  2047.5000       1.05663480E-02
  2047.5980       1.05605343E-02
  2047.7030       1.05551632E-02
  2047.8010       1.05511643E-02
  2047.8990       1.05482772E-02
  2047.9970       1.05467017E-02
  2048.1020       1.05464177E-02
  2048.2000       1.05473689E-02
  2048.2980       1.05487784E-02
  2048.4030       1.05501702E-02
  2048.5010       1.05512329E-02
  2048.5990       1.05519975E-02
  2048.6970       1.05532540E-02
  2048.8020       1.05550698E-02
  2048.9000       1.05578063E-02
  2048.9980       1.05612599E-02
  2049.1030       1.05662028E-02
  2049.2010       1.05715847E-02
  2049.2990       1.05780004E-02
  2049.3970       1.05852685E-02
  2049.5020       1.05939700E-02
  2049.6000       1.06029289E-02
  2049.6980       1.06129047E-02
  2049.8030       1.06243618E-02
  2049.9010       1.06360920E-02
  2049.9990       1.06494591E-02
  2050.0970       1.06649328E-02
  2050.2020       1.06837953E-02
  2050.3000       1.07033024E-02
  2050.3980       1.07241653E-02
  2050.5030       1.07478517E-02
  2050.6010       1.07717817E-02
  2050.6990       1.07973608E-02
  2050.7970       1.08244624E-02
  2050.9020       1.08540310E-02
  2051.0000       1.08812964E-02
  2051.0980       1.09065696E-02
  2051.2030       1.09306504E-02
  2051.3010       1.09495289E-02
  2051.3990       1.09653514E-02
  2051.4970       1.09776194E-02
  2051.6020       1.09869391E-02
  2051.7000       1.09921103E-02
  2051.7980       1.09948215E-02
  2051.9030       1.09952955E-02
  2052.0010       1.09937503E-02
  2052.0990       1.09900426E-02
  2052.1970       1.09844913E-02
  2052.3020       1.09766705E-02
  2052.4000       1.09682384E-02
  2052.4980       1.09590925E-02
  2052.6030       1.09490956E-02
  2052.7010       1.09405149E-02
  2052.7990       1.09335414E-02
  2052.8970       1.09287848E-02
  2053.0020       1.09266248E-02
  2053.1000       1.09271172E-02
  2053.1980       1.09287983E-02
  2053.3030       1.09305015E-02
  2053.4010       1.09315096E-02
  2053.4990       1.09309316E-02
  2053.5970       1.09288339E-02
  2053.7020       1.09253096E-02
  2053.8000       1.09218117E-02
  2053.8980       1.09192787E-02
  2054.0030       1.09192221E-02
  2054.1010       1.09227071E-02
  2054.1990       1.09305836E-02
  2054.2970       1.09432514E-02
  2054.4020       1.09624681E-02
  2054.5000       1.09845690E-02
  2054.5980       1.10093639E-02
  2054.7030       1.10373043E-02
  2054.8010       1.10626061E-02
  2054.8990       1.10851329E-02
  2054.9970       1.11033239E-02
  2055.1020       1.11163428E-02
  2055.2000       1.11223455E-02
  2055.2980       1.11231146E-02
  2055.4030       1.11199019E-02
  2055.5010       1.11142517E-02
  2055.5990       1.11071045E-02
  2055.6970       1.10989961E-02
  2055.8020       1.10913493E-02
  2055.9000       1.10865804E-02
  2055.9980       1.10847803E-02
  2056.1030       1.10867363E-02
  2056.2010       1.10923467E-02
  2056.2990       1.11006166E-02
  2056.3970       1.11109218E-02
  2056.5020       1.11221632E-02
  2056.6000       1.11312876E-02
  2056.6980       1.11376357E-02
  2056.8030       1.11402173E-02
  2056.9010       1.11382817E-02
  2056.9990       1.11326470E-02
  2057.0970       1.11237786E-02
  2057.2020       1.11126773E-02
  2057.3000       1.11036227E-02
  2057.3980       1.10986325E-02
  2057.5030       1.10986643E-02
  2057.6010       1.11012913E-02
  2057.6990       1.11017548E-02
  2057.7970       1.11019071E-02
  2057.9020       1.11077157E-02
  2058.0000       1.11154966E-02
  2058.0980       1.11178217E-02
  2058.2030       1.11143956E-02
  2058.3010       1.11105772E-02
  2058.3990       1.11071206E-02
  2058.4970       1.11048919E-02
  2058.6020       1.11081918E-02
  2058.7000       1.11183587E-02
  2058.7980       1.11309761E-02
  2058.9030       1.11420983E-02
  2059.0010       1.11481510E-02
  2059.0990       1.11533941E-02
  2059.1970       1.11596839E-02
  2059.3020       1.11679375E-02
  2059.4000       1.11779869E-02
  2059.4980       1.11940766E-02
  2059.6030       1.12188589E-02
  2059.7010       1.12440490E-02
  2059.7990       1.12648740E-02
  2059.8970       1.12812030E-02
  2060.0020       1.12976639E-02
  2060.1000       1.13106794E-02
  2060.1980       1.13162102E-02
  2060.3030       1.13176020E-02
  2060.4010       1.13170775E-02
  2060.4990       1.13113196E-02
  2060.5970       1.13050673E-02
  2060.7020       1.13044302E-02
  2060.8000       1.13093197E-02
  2060.8980       1.13193093E-02
  2061.0030       1.13388202E-02
  2061.1010       1.13661078E-02
  2061.1990       1.14008949E-02
  2061.2970       1.14379767E-02
  2061.4020       1.14755211E-02
  2061.5000       1.15047014E-02
  2061.5980       1.15249691E-02
  2061.7030       1.15356671E-02
  2061.8010       1.15367268E-02
  2061.8990       1.15326888E-02
  2061.9970       1.15276813E-02
  2062.1020       1.15241082E-02
  2062.2000       1.15236018E-02
  2062.2980       1.15254229E-02
  2062.4030       1.15277121E-02
  2062.5010       1.15285287E-02
  2062.5990       1.15267143E-02
  2062.6970       1.15216685E-02
  2062.8020       1.15131971E-02
  2062.9000       1.15029915E-02
  2062.9980       1.14909183E-02
  2063.1030       1.14761249E-02
  2063.2010       1.14606882E-02
  2063.2990       1.14437506E-02
  2063.3970       1.14261156E-02
  2063.5020       1.14082392E-02
  2063.6000       1.13947970E-02
  2063.6980       1.13859565E-02
  2063.8030       1.13806572E-02
  2063.9010       1.13780374E-02
  2063.9990       1.13771356E-02
  2064.0970       1.13779961E-02
  2064.2020       1.13822676E-02
  2064.3000       1.13891448E-02
  2064.3980       1.13970274E-02
  2064.5030       1.14046294E-02
  2064.6010       1.14104875E-02
  2064.6990       1.14160159E-02
  2064.7970       1.14209719E-02
  2064.9020       1.14261489E-02
  2065.0000       1.14320261E-02
  2065.0980       1.14394128E-02
  2065.2030       1.14488056E-02
  2065.3010       1.14586607E-02
  2065.3990       1.14683460E-02
  2065.4970       1.14775264E-02
  2065.6020       1.14862272E-02
  2065.7000       1.14930343E-02
  2065.7980       1.15000574E-02
  2065.9030       1.15085561E-02
  2066.0010       1.15171163E-02
  2066.0990       1.15261377E-02
  2066.1970       1.15362144E-02
  2066.3020       1.15479079E-02
  2066.4000       1.15591389E-02
  2066.4980       1.15694035E-02
  2066.6030       1.15780149E-02
  2066.7010       1.15824467E-02
  2066.7990       1.15834596E-02
  2066.8970       1.15820590E-02
  2067.0020       1.15792628E-02
  2067.1000       1.15769123E-02
  2067.1980       1.15758036E-02
  2067.3030       1.15770722E-02
  2067.4010       1.15783752E-02
  2067.4990       1.15780343E-02
  2067.5970       1.15748219E-02
  2067.7020       1.15701953E-02
  2067.8000       1.15665099E-02
  2067.8980       1.15639613E-02
  2068.0030       1.15614330E-02
  2068.1010       1.15586360E-02
  2068.1990       1.15539411E-02
  2068.2970       1.15461075E-02
  2068.4020       1.15355122E-02
  2068.5000       1.15248872E-02
  2068.5980       1.15130995E-02
  2068.7030       1.15004388E-02
  2068.8010       1.14900811E-02
  2068.8990       1.14835732E-02
  2068.9970       1.14825032E-02
  2069.1020       1.14866527E-02
  2069.2000       1.14920354E-02
  2069.2980       1.14958381E-02
  2069.4030       1.14975242E-02
  2069.5010       1.14983560E-02
  2069.5990       1.14993678E-02
  2069.6970       1.15016214E-02
  2069.8020       1.15053310E-02
  2069.9000       1.15101053E-02
  2069.9980       1.15154318E-02
  2070.1030       1.15215225E-02
  2070.2010       1.15264759E-02
  2070.2990       1.15316605E-02
  2070.3970       1.15366730E-02
  2070.5020       1.15424209E-02
  2070.6000       1.15481819E-02
  2070.6980       1.15554356E-02
  2070.8030       1.15651566E-02
  2070.9010       1.15765416E-02
  2070.9990       1.15899102E-02
  2071.0970       1.16048757E-02
  2071.2020       1.16213696E-02
  2071.3000       1.16371500E-02
  2071.3980       1.16530764E-02
  2071.5030       1.16703824E-02
  2071.6010       1.16866967E-02
  2071.6990       1.17028447E-02
  2071.7970       1.17187486E-02
  2071.9020       1.17346070E-02
  2072.0000       1.17482384E-02
  2072.0980       1.17602284E-02
  2072.2030       1.17707038E-02
  2072.3010       1.17783028E-02
  2072.3990       1.17824905E-02
  2072.4970       1.17826467E-02
  2072.6020       1.17776116E-02
  2072.7000       1.17682304E-02
  2072.7980       1.17549845E-02
  2072.9030       1.17376443E-02
  2073.0010       1.17195728E-02
  2073.0990       1.17006360E-02
  2073.1970       1.16810036E-02
  2073.3020       1.16598975E-02
  2073.4000       1.16400398E-02
  2073.4980       1.16207067E-02
  2073.6030       1.15995160E-02
  2073.7010       1.15795407E-02
  2073.7990       1.15586685E-02
  2073.8970       1.15372917E-02
  2074.0020       1.15138677E-02
  2074.1000       1.14918833E-02
  2074.1980       1.14704185E-02
  2074.3030       1.14478400E-02
  2074.4010       1.14274740E-02
  2074.4990       1.14079572E-02
  2074.5970       1.13902665E-02
  2074.7020       1.13738689E-02
  2074.8000       1.13613961E-02
  2074.8980       1.13511807E-02
  2075.0030       1.13420619E-02
  2075.1010       1.13332158E-02
  2075.1990       1.13234665E-02
  2075.2970       1.13109723E-02
  2075.4020       1.12940621E-02
  2075.5000       1.12750672E-02
  2075.5980       1.12531999E-02
  2075.7030       1.12279041E-02
  2075.8010       1.12029559E-02
  2075.8990       1.11779502E-02
  2075.9970       1.11529455E-02
  2076.1020       1.11267553E-02
  2076.2000       1.11029247E-02
  2076.2980       1.10801146E-02
  2076.4030       1.10570209E-02
  2076.5010       1.10371541E-02
  2076.5990       1.10184391E-02
  2076.6970       1.10016506E-02
  2076.8020       1.09853730E-02
  2076.9000       1.09720441E-02
  2076.9980       1.09608697E-02
  2077.1030       1.09506512E-02
  2077.2010       1.09432567E-02
  2077.2990       1.09380158E-02
  2077.3970       1.09351515E-02
  2077.5020       1.09343776E-02
  2077.6000       1.09354742E-02
  2077.6980       1.09379904E-02
  2077.8030       1.09418488E-02
  2077.9010       1.09462714E-02
  2077.9990       1.09506799E-02
  2078.0970       1.09545516E-02
  2078.2020       1.09575057E-02
  2078.3000       1.09590920E-02
  2078.3980       1.09599194E-02
  2078.5030       1.09606264E-02
  2078.6010       1.09609823E-02
  2078.6990       1.09610817E-02
  2078.7970       1.09601312E-02
  2078.9020       1.09580046E-02
  2079.0000       1.09547845E-02
  2079.0980       1.09508215E-02
  2079.2030       1.09466654E-02
  2079.3010       1.09437170E-02
  2079.3990       1.09427001E-02
  2079.4970       1.09441396E-02
  2079.6020       1.09490442E-02
  2079.7000       1.09566523E-02
  2079.7980       1.09671149E-02
  2079.9030       1.09808026E-02
  2080.0010       1.09956725E-02
  2080.0990       1.10120539E-02
  2080.1970       1.10292938E-02
  2080.3020       1.10478728E-02
  2080.4000       1.10645181E-02
  2080.4980       1.10800349E-02
  2080.6030       1.10941799E-02
  2080.7010       1.11054403E-02
  2080.7990       1.11148066E-02
  2080.8970       1.11231637E-02
  2081.0020       1.11312264E-02
  2081.1000       1.11382374E-02
  2081.1980       1.11449286E-02
  2081.3030       1.11521772E-02
  2081.4010       1.11589834E-02
  2081.4990       1.11655812E-02
  2081.5970       1.11723290E-02
  2081.7020       1.11794542E-02
  2081.8000       1.11861674E-02
  2081.8980       1.11926976E-02
  2082.0030       1.11993995E-02
  2082.1010       1.12055193E-02
  2082.1990       1.12120011E-02
  2082.2970       1.12193692E-02
  2082.4020       1.12288433E-02
  2082.5000       1.12402876E-02
  2082.5980       1.12546878E-02
  2082.7030       1.12733415E-02
  2082.8010       1.12941712E-02
  2082.8990       1.13178925E-02
  2082.9970       1.13443540E-02
  2083.1020       1.13757002E-02
  2083.2000       1.14068303E-02
  2083.2980       1.14391010E-02
  2083.4030       1.14735241E-02
  2083.5010       1.15039803E-02
  2083.5990       1.15311913E-02
  2083.6970       1.15538921E-02
  2083.8020       1.15721643E-02
  2083.9000       1.15837305E-02
  2083.9980       1.15892705E-02
  2084.1030       1.15883255E-02
  2084.2010       1.15814403E-02
  2084.2990       1.15694501E-02
  2084.3970       1.15532825E-02
  2084.5020       1.15328525E-02
  2084.6000       1.15113447E-02
  2084.6980       1.14878785E-02
  2084.8030       1.14614274E-02
  2084.9010       1.14355235E-02
  2084.9990       1.14090828E-02
  2085.0970       1.13824154E-02
  2085.2020       1.13545805E-02
  2085.3000       1.13293393E-02
  2085.3980       1.13047790E-02
  2085.5030       1.12801481E-02
  2085.6010       1.12584346E-02
  2085.6990       1.12384239E-02
  2085.7970       1.12206794E-02
  2085.9020       1.12047913E-02
  2086.0000       1.11936466E-02
  2086.0980       1.11868316E-02
  2086.2030       1.11843667E-02
  2086.3010       1.11860206E-02
  2086.3990       1.11904909E-02
  2086.4970       1.11975488E-02
  2086.6020       1.12069010E-02
  2086.7000       1.12181608E-02
  2086.7980       1.12322886E-02
  2086.9030       1.12512084E-02
  2087.0010       1.12722846E-02
  2087.0990       1.12970451E-02
  2087.1970       1.13251541E-02
  2087.3020       1.13583864E-02
  2087.4000       1.13911642E-02
  2087.4980       1.14249594E-02
  2087.6030       1.14610321E-02
  2087.7010       1.14934304E-02
  2087.7990       1.15235195E-02
  2087.8970       1.15507657E-02
  2088.0020       1.15766448E-02
  2088.1000       1.15974724E-02
  2088.1980       1.16153755E-02
  2088.3030       1.16317281E-02
  2088.4010       1.16453377E-02
  2088.4990       1.16574746E-02
  2088.5970       1.16683116E-02
  2088.7020       1.16790163E-02
  2088.8000       1.16881616E-02
  2088.8980       1.16967528E-02
  2089.0030       1.17054607E-02
  2089.1010       1.17130858E-02
  2089.1990       1.17196109E-02
  2089.2970       1.17241536E-02
  2089.4020       1.17257454E-02
  2089.5000       1.17245496E-02
  2089.5980       1.17200855E-02
  2089.7030       1.17123432E-02
  2089.8010       1.17030625E-02
  2089.8990       1.16906856E-02
  2089.9970       1.16757694E-02
  2090.1020       1.16579641E-02
  2090.2000       1.16391355E-02
  2090.2980       1.16164144E-02
  2090.4030       1.15889652E-02
  2090.5010       1.15623199E-02
  2090.5990       1.15368560E-02
  2090.6970       1.15138856E-02
  2090.8020       1.14929458E-02
  2090.9000       1.14780339E-02
  2090.9980       1.14675948E-02
  2091.1030       1.14624105E-02
  2091.2010       1.14625962E-02
  2091.2990       1.14668322E-02
  2091.3970       1.14748808E-02
  2091.5020       1.14864301E-02
  2091.6000       1.14990032E-02
  2091.6980       1.15135479E-02
  2091.8030       1.15303538E-02
  2091.9010       1.15472885E-02
  2091.9990       1.15659484E-02
  2092.0970       1.15862517E-02
  2092.2020       1.16092483E-02
  2092.3000       1.16311474E-02
  2092.3980       1.16540546E-02
  2092.5030       1.16801123E-02
  2092.6010       1.17065827E-02
  2092.6990       1.17361498E-02
  2092.7970       1.17697978E-02
  2092.9020       1.18110815E-02
  2093.0000       1.18543363E-02
  2093.0980       1.19011739E-02
  2093.2030       1.19540107E-02
  2093.3010       1.20039334E-02
  2093.3990       1.20528564E-02
  2093.4970       1.20989791E-02
  2093.6020       1.21433322E-02
  2093.7000       1.21790226E-02
  2093.7980       1.22088946E-02
  2093.9030       1.22361105E-02
  2094.0010       1.22574399E-02
  2094.0990       1.22751075E-02
  2094.1970       1.22882753E-02
  2094.3020       1.22986404E-02
  2094.4000       1.23065751E-02
  2094.4980       1.23130853E-02
  2094.6030       1.23191967E-02
  2094.7010       1.23248115E-02
  2094.7990       1.23311838E-02
  2094.8970       1.23388923E-02
  2095.0020       1.23488722E-02
  2095.1000       1.23593794E-02
  2095.1980       1.23701678E-02
  2095.3030       1.23815550E-02
  2095.4010       1.23913133E-02
  2095.4990       1.23987452E-02
  2095.5970       1.24019615E-02
  2095.7020       1.24004902E-02
  2095.8000       1.23950040E-02
  2095.8980       1.23865021E-02
  2096.0030       1.23741754E-02
  2096.1010       1.23615344E-02
  2096.1990       1.23489755E-02
  2096.2970       1.23350409E-02
  2096.4020       1.23182303E-02
  2096.5000       1.23016653E-02
  2096.5980       1.22848450E-02
  2096.7030       1.22681912E-02
  2096.8010       1.22552343E-02
  2096.8990       1.22453901E-02
  2096.9970       1.22390893E-02
  2097.1020       1.22362037E-02
  2097.2000       1.22370611E-02
  2097.2980       1.22414440E-02
  2097.4030       1.22496284E-02
  2097.5010       1.22599609E-02
  2097.5990       1.22719773E-02
  2097.6970       1.22849677E-02
  2097.8020       1.22984325E-02
  2097.9000       1.23103685E-02
  2097.9980       1.23214131E-02
  2098.1030       1.23319198E-02
  2098.2010       1.23401072E-02
  2098.2990       1.23460302E-02
  2098.3970       1.23499167E-02
  2098.5020       1.23520148E-02
  2098.6000       1.23527805E-02
  2098.6980       1.23527581E-02
  2098.8030       1.23527158E-02
  2098.9010       1.23527582E-02
  2098.9990       1.23522611E-02
  2099.0970       1.23517941E-02
  2099.2020       1.23520536E-02
  2099.3000       1.23529628E-02
  2099.3980       1.23547379E-02
  2099.5030       1.23567631E-02
  2099.6010       1.23583347E-02
  2099.6990       1.23589145E-02
  2099.7970       1.23578646E-02
  2099.9020       1.23551312E-02
  2100.0000       1.23504698E-02
  2100.0980       1.23441614E-02
  2100.2030       1.23351862E-02
  2100.3010       1.23243477E-02
  2100.3990       1.23105313E-02
  2100.4970       1.22933817E-02
  2100.6020       1.22710799E-02
  2100.7000       1.22472310E-02
  2100.7980       1.22215863E-02
  2100.9030       1.21931158E-02
  2101.0010       1.21669399E-02
  2101.0990       1.21420731E-02
  2101.1970       1.21184575E-02
  2101.3020       1.20949640E-02
  2101.4000       1.20738856E-02
  2101.4980       1.20537840E-02
  2101.6030       1.20334244E-02
  2101.7010       1.20154731E-02
  2101.7990       1.19994077E-02
  2101.8970       1.19856373E-02
  2102.0020       1.19737449E-02
  2102.1000       1.19650244E-02
  2102.1980       1.19579988E-02
  2102.3030       1.19516485E-02
  2102.4010       1.19466994E-02
  2102.4990       1.19418847E-02
  2102.5970       1.19377488E-02
  2102.7020       1.19340454E-02
  2102.8000       1.19314578E-02
  2102.8980       1.19297898E-02
  2103.0030       1.19290206E-02
  2103.1010       1.19294331E-02
  2103.1990       1.19307395E-02
  2103.2970       1.19334336E-02
  2103.4020       1.19375242E-02
  2103.5000       1.19420768E-02
  2103.5980       1.19470890E-02
  2103.7030       1.19520855E-02
  2103.8010       1.19568624E-02
  2103.8990       1.19612521E-02
  2103.9970       1.19654084E-02
  2104.1020       1.19705518E-02
  2104.2000       1.19763530E-02
  2104.2980       1.19844157E-02
  2104.4030       1.19953447E-02
  2104.5010       1.20069999E-02
  2104.5990       1.20198568E-02
  2104.6970       1.20342519E-02
  2104.8020       1.20515662E-02
  2104.9000       1.20687177E-02
  2104.9980       1.20861972E-02
  2105.1030       1.21058558E-02
  2105.2010       1.21251698E-02
  2105.2990       1.21456905E-02
  2105.3970       1.21668829E-02
  2105.5020       1.21903309E-02
  2105.6000       1.22126270E-02
  2105.6980       1.22350518E-02
  2105.8030       1.22596735E-02
  2105.9010       1.22829930E-02
  2105.9990       1.23061014E-02
  2106.0970       1.23289538E-02
  2106.2020       1.23523462E-02
  2106.3000       1.23729360E-02
  2106.3980       1.23923041E-02
  2106.5030       1.24114009E-02
  2106.6010       1.24268853E-02
  2106.6990       1.24406560E-02
  2106.7970       1.24520417E-02
  2106.9020       1.24607115E-02
  2107.0000       1.24648205E-02
  2107.0980       1.24653214E-02
  2107.2030       1.24627903E-02
  2107.3010       1.24590837E-02
  2107.3990       1.24542033E-02
  2107.4970       1.24486691E-02
  2107.6020       1.24418430E-02
  2107.7000       1.24341117E-02
  2107.7980       1.24253069E-02
  2107.9030       1.24137511E-02
  2108.0010       1.23997101E-02
  2108.0990       1.23823777E-02
  2108.1970       1.23634357E-02
  2108.3020       1.23435461E-02
  2108.4000       1.23268168E-02
  2108.4980       1.23131975E-02
  2108.6030       1.23012981E-02
  2108.7010       1.22912872E-02
  2108.7990       1.22835777E-02
  2108.8970       1.22799741E-02
  2109.0020       1.22814184E-02
  2109.1000       1.22885128E-02
  2109.1980       1.23041087E-02
  2109.3030       1.23269245E-02
  2109.4010       1.23527764E-02
  2109.4990       1.23844978E-02
  2109.5970       1.24242022E-02
  2109.7020       1.24734582E-02
  2109.8000       1.25283661E-02
  2109.8980       1.25919384E-02
  2110.0030       1.26671536E-02
  2110.1010       1.27335851E-02
  2110.1990       1.27843871E-02
  2110.2970       1.28095365E-02
  2110.4020       1.28024513E-02
  2110.5000       1.27695300E-02
  2110.5980       1.27224953E-02
  2110.7030       1.26680863E-02
  2110.8010       1.26199345E-02
  2110.8990       1.25768434E-02
  2110.9970       1.25391776E-02
  2111.1020       1.25033403E-02
  2111.2000       1.24729107E-02
  2111.2980       1.24443461E-02
  2111.4030       1.24149328E-02
  2111.5010       1.23879933E-02
  2111.5990       1.23620404E-02
  2111.6970       1.23374999E-02
  2111.8020       1.23134025E-02
  2111.9000       1.22937008E-02
  2111.9980       1.22770140E-02
  2112.1030       1.22631093E-02
  2112.2010       1.22537629E-02
  2112.2990       1.22479800E-02
  2112.3970       1.22446795E-02
  2112.5020       1.22426890E-02
  2112.6000       1.22417597E-02
  2112.6980       1.22404368E-02
  2112.8030       1.22390976E-02
  2112.9010       1.22374886E-02
  2112.9990       1.22359291E-02
  2113.0970       1.22348848E-02
  2113.2020       1.22350728E-02
  2113.3000       1.22369889E-02
  2113.3980       1.22402787E-02
  2113.5030       1.22450144E-02
  2113.6010       1.22502459E-02
  2113.6990       1.22565470E-02
  2113.7970       1.22639523E-02
  2113.9020       1.22733428E-02
  2114.0000       1.22834326E-02
  2114.0980       1.22936676E-02
  2114.2030       1.23033599E-02
  2114.3010       1.23097198E-02
  2114.3990       1.23115963E-02
  2114.4970       1.23086800E-02
  2114.6020       1.23009388E-02
  2114.7000       1.22911533E-02
  2114.7980       1.22808367E-02
  2114.9030       1.22693396E-02
  2115.0010       1.22588934E-02
  2115.0990       1.22489765E-02
  2115.1970       1.22387838E-02
  2115.3020       1.22277131E-02
  2115.4000       1.22172284E-02
  2115.4980       1.22061436E-02
  2115.6030       1.21945371E-02
  2115.7010       1.21841231E-02
  2115.7990       1.21747788E-02
  2115.8970       1.21664473E-02
  2116.0020       1.21584797E-02
  2116.1000       1.21512164E-02
  2116.1980       1.21443812E-02
  2116.3030       1.21366873E-02
  2116.4010       1.21294082E-02
  2116.4990       1.21228789E-02
  2116.5970       1.21178492E-02
  2116.7020       1.21145728E-02
  2116.8000       1.21133382E-02
  2116.8980       1.21139781E-02
  2117.0030       1.21168262E-02
  2117.1010       1.21219401E-02
  2117.1990       1.21292023E-02
  2117.2970       1.21394133E-02
  2117.4020       1.21536463E-02
  2117.5000       1.21700310E-02
  2117.5980       1.21893999E-02
  2117.7030       1.22120913E-02
  2117.8010       1.22354102E-02
  2117.8990       1.22603248E-02
  2117.9970       1.22868672E-02
  2118.1020       1.23176223E-02
  2118.2000       1.23476430E-02
  2118.2980       1.23785672E-02
  2118.4030       1.24116676E-02
  2118.5010       1.24411226E-02
  2118.5990       1.24677598E-02
  2118.6970       1.24905460E-02
  2118.8020       1.25095353E-02
  2118.9000       1.25221934E-02
  2118.9980       1.25310934E-02
  2119.1030       1.25366443E-02
  2119.2010       1.25383973E-02
  2119.2990       1.25365610E-02
  2119.3970       1.25307101E-02
  2119.5020       1.25203656E-02
  2119.6000       1.25069675E-02
  2119.6980       1.24902622E-02
  2119.8030       1.24702583E-02
  2119.9010       1.24513256E-02
  2119.9990       1.24337937E-02
  2120.0970       1.24170370E-02
  2120.2020       1.24003590E-02
  2120.3000       1.23868395E-02
  2120.3980       1.23763657E-02
  2120.5030       1.23679473E-02
  2120.6010       1.23614528E-02
  2120.6990       1.23555016E-02
  2120.7970       1.23493124E-02
  2120.9020       1.23423497E-02
  2121.0000       1.23355746E-02
  2121.0980       1.23283623E-02
  2121.2030       1.23200119E-02
  2121.3010       1.23119557E-02
  2121.3990       1.23028828E-02
  2121.4970       1.22946433E-02
  2121.6020       1.22882624E-02
  2121.7000       1.22861847E-02
  2121.7980       1.22879989E-02
  2121.9030       1.22952753E-02
  2122.0010       1.23085275E-02
  2122.0990       1.23286726E-02
  2122.1970       1.23548468E-02
  2122.3020       1.23885710E-02
  2122.4000       1.24236774E-02
  2122.4980       1.24609637E-02
  2122.6030       1.25010789E-02
  2122.7010       1.25355243E-02
  2122.7990       1.25630415E-02
  2122.8970       1.25784716E-02
  2123.0020       1.25789056E-02
  2123.1000       1.25682544E-02
  2123.1980       1.25533950E-02
  2123.3030       1.25396669E-02
  2123.4010       1.25336352E-02
  2123.4990       1.25336504E-02
  2123.5970       1.25342797E-02
  2123.7020       1.25292118E-02
  2123.8000       1.25210584E-02
  2123.8980       1.25103481E-02
  2124.0030       1.24953878E-02
  2124.1010       1.24787378E-02
  2124.1990       1.24582987E-02
  2124.2970       1.24323373E-02
  2124.4020       1.23966894E-02
  2124.5000       1.23586030E-02
  2124.5980       1.23184747E-02
  2124.7030       1.22748972E-02
  2124.8010       1.22364992E-02
  2124.8990       1.22026213E-02
  2124.9970       1.21740186E-02
  2125.1020       1.21491470E-02
  2125.2000       1.21312190E-02
  2125.2980       1.21181850E-02
  2125.4030       1.21097179E-02
  2125.5010       1.21065048E-02
  2125.5990       1.21066273E-02
  2125.6970       1.21087586E-02
  2125.8020       1.21119268E-02
  2125.9000       1.21149257E-02
  2125.9980       1.21179158E-02
  2126.1030       1.21211933E-02
  2126.2010       1.21248242E-02
  2126.2990       1.21292835E-02
  2126.3970       1.21345585E-02
  2126.5020       1.21413959E-02
  2126.6000       1.21487216E-02
  2126.6980       1.21570704E-02
  2126.8030       1.21661273E-02
  2126.9010       1.21737926E-02
  2126.9990       1.21808353E-02
  2127.0970       1.21869920E-02
  2127.2020       1.21924809E-02
  2127.3000       1.21957939E-02
  2127.3980       1.21965268E-02
  2127.5030       1.21944276E-02
  2127.6010       1.21903382E-02
  2127.6990       1.21856356E-02
  2127.7970       1.21813214E-02
  2127.9020       1.21788869E-02
  2128.0000       1.21794788E-02
  2128.0980       1.21838303E-02
  2128.2030       1.21929981E-02
  2128.3010       1.22057594E-02
  2128.3990       1.22220860E-02
  2128.4970       1.22412140E-02
  2128.6020       1.22636304E-02
  2128.7000       1.22853048E-02
  2128.7980       1.23074499E-02
  2128.9030       1.23320081E-02
  2129.0010       1.23549204E-02
  2129.0990       1.23780504E-02
  2129.1970       1.24007290E-02
  2129.3020       1.24241241E-02
  2129.4000       1.24450121E-02
  2129.4980       1.24639675E-02
  2129.6030       1.24823679E-02
  2129.7010       1.24975016E-02
  2129.7990       1.25112886E-02
  2129.8970       1.25234140E-02
  2130.0020       1.25350898E-02
  2130.1000       1.25452043E-02
  2130.1980       1.25551930E-02
  2130.3030       1.25669702E-02
  2130.4010       1.25790511E-02
  2130.4990       1.25916664E-02
  2130.5970       1.26042354E-02
  2130.7020       1.26170910E-02
  2130.8000       1.26288832E-02
  2130.8980       1.26403974E-02
  2131.0030       1.26529972E-02
  2131.1010       1.26651657E-02
  2131.1990       1.26786711E-02
  2131.2970       1.26947010E-02
  2131.4020       1.27146970E-02
  2131.5000       1.27351057E-02
  2131.5980       1.27581683E-02
  2131.7030       1.27862321E-02
  2131.8010       1.28148441E-02
  2131.8990       1.28419781E-02
  2131.9970       1.28646598E-02
  2132.1020       1.28826534E-02
  2132.2000       1.28945170E-02
  2132.2980       1.29022700E-02
  2132.4030       1.29035778E-02
  2132.5010       1.28961793E-02
  2132.5990       1.28813212E-02
  2132.6970       1.28628589E-02
  2132.8020       1.28435129E-02
  2132.9000       1.28277370E-02
  2132.9980       1.28130794E-02
  2133.1030       1.27964135E-02
  2133.2010       1.27790163E-02
  2133.2990       1.27600550E-02
  2133.3970       1.27403164E-02
  2133.5020       1.27196185E-02
  2133.6000       1.27019846E-02
  2133.6980       1.26853292E-02
  2133.8030       1.26678049E-02
  2133.9010       1.26498829E-02
  2133.9990       1.26288864E-02
  2134.0970       1.26043515E-02
  2134.2020       1.25746606E-02
  2134.3000       1.25445824E-02
  2134.3980       1.25131265E-02
  2134.5030       1.24794752E-02
  2134.6010       1.24490025E-02
  2134.6990       1.24198979E-02
  2134.7970       1.23916992E-02
  2134.9020       1.23619627E-02
  2135.0000       1.23341272E-02
  2135.0980       1.23051695E-02
  2135.2030       1.22734950E-02
  2135.3010       1.22442913E-02
  2135.3990       1.22164828E-02
  2135.4970       1.21909502E-02
  2135.6020       1.21673661E-02
  2135.7000       1.21496965E-02
  2135.7980       1.21359527E-02
  2135.9030       1.21252417E-02
  2136.0010       1.21191258E-02
  2136.0990       1.21161769E-02
  2136.1970       1.21157138E-02
  2136.3020       1.21170354E-02
  2136.4000       1.21186091E-02
  2136.4980       1.21204668E-02
  2136.6030       1.21221501E-02
  2136.7010       1.21236225E-02
  2136.7990       1.21252223E-02
  2136.8970       1.21274636E-02
  2137.0020       1.21316027E-02
  2137.1000       1.21387456E-02
  2137.1980       1.21499979E-02
  2137.3030       1.21678503E-02
  2137.4010       1.21897569E-02
  2137.4990       1.22166547E-02
  2137.5970       1.22461333E-02
  2137.7020       1.22791435E-02
  2137.8000       1.23083773E-02
  2137.8980       1.23357101E-02
  2138.0030       1.23637150E-02
  2138.1010       1.23895414E-02
  2138.1990       1.24156640E-02
  2138.2970       1.24417338E-02
  2138.4020       1.24697205E-02
  2138.5000       1.24958646E-02
  2138.5980       1.25213562E-02
  2138.7030       1.25472560E-02
  2138.8010       1.25693330E-02
  2138.8990       1.25896831E-02
  2138.9970       1.26078444E-02
  2139.1020       1.26248134E-02
  2139.2000       1.26386179E-02
  2139.2980       1.26510593E-02
  2139.4030       1.26635874E-02
  2139.5010       1.26744786E-02
  2139.5990       1.26844573E-02
  2139.6970       1.26921027E-02
  2139.8020       1.26956048E-02
  2139.9000       1.26926859E-02
  2139.9980       1.26830125E-02
  2140.1030       1.26661373E-02
  2140.2010       1.26477785E-02
  2140.2990       1.26319611E-02
  2140.3970       1.26216363E-02
  2140.5020       1.26143115E-02
  2140.6000       1.26102668E-02
  2140.6980       1.26107953E-02
  2140.8030       1.26173763E-02
  2140.9010       1.26259028E-02
  2140.9990       1.26334909E-02
  2141.0970       1.26387236E-02
  2141.2020       1.26398887E-02
  2141.3000       1.26368905E-02
  2141.3980       1.26292037E-02
  2141.5030       1.26164544E-02
  2141.6010       1.26007860E-02
  2141.6990       1.25823210E-02
  2141.7970       1.25614744E-02
  2141.9020       1.25373638E-02
  2142.0000       1.25135426E-02
  2142.0980       1.24896190E-02
  2142.2030       1.24658253E-02
  2142.3010       1.24466258E-02
  2142.3990       1.24309999E-02
  2142.4970       1.24198906E-02
  2142.6020       1.24125543E-02
  2142.7000       1.24098795E-02
  2142.7980       1.24106997E-02
  2142.9030       1.24157493E-02
  2143.0010       1.24243967E-02
  2143.0990       1.24378360E-02
  2143.1970       1.24562954E-02
  2143.3020       1.24785515E-02
  2143.4000       1.24987208E-02
  2143.4980       1.25166649E-02
  2143.6030       1.25321699E-02
  2143.7010       1.25419118E-02
  2143.7990       1.25420838E-02
  2143.8970       1.25337336E-02
  2144.0020       1.25212600E-02
  2144.1000       1.25075522E-02
  2144.1980       1.24881053E-02
  2144.3030       1.24628023E-02
  2144.4010       1.24386619E-02
  2144.4990       1.24168846E-02
  2144.5970       1.23979331E-02
  2144.7020       1.23795830E-02
  2144.8000       1.23660336E-02
  2144.8980       1.23581372E-02
  2145.0030       1.23574137E-02
  2145.1010       1.23637958E-02
  2145.1990       1.23753968E-02
  2145.2970       1.23914552E-02
  2145.4020       1.24112761E-02
  2145.5000       1.24298872E-02
  2145.5980       1.24457406E-02
  2145.7030       1.24580824E-02
  2145.8010       1.24667237E-02
  2145.8990       1.24735393E-02
  2145.9970       1.24790096E-02
  2146.1020       1.24835361E-02
  2146.2000       1.24869114E-02
  2146.2980       1.24900652E-02
  2146.4030       1.24934832E-02
  2146.5010       1.24987863E-02
  2146.5990       1.25051586E-02
  2146.6970       1.25125031E-02
  2146.8020       1.25215283E-02
  2146.9000       1.25299417E-02
  2146.9980       1.25369111E-02
  2147.1030       1.25420266E-02
  2147.2010       1.25428020E-02
  2147.2990       1.25405440E-02
  2147.3970       1.25352361E-02
  2147.5020       1.25260546E-02
  2147.6000       1.25141492E-02
  2147.6980       1.24985919E-02
  2147.8030       1.24776027E-02
  2147.9010       1.24545898E-02
  2147.9990       1.24289048E-02
  2148.0970       1.24030701E-02
  2148.2020       1.23769353E-02
  2148.3000       1.23563549E-02
  2148.3980       1.23410783E-02
  2148.5030       1.23318524E-02
  2148.6010       1.23305771E-02
  2148.6990       1.23365590E-02
  2148.7970       1.23483134E-02
  2148.9020       1.23661993E-02
  2149.0000       1.23859520E-02
  2149.0980       1.24078132E-02
  2149.2030       1.24317691E-02
  2149.3010       1.24538723E-02
  2149.3990       1.24753914E-02
  2149.4970       1.24961474E-02
  2149.6020       1.25162921E-02
  2149.7000       1.25323618E-02
  2149.7980       1.25447257E-02
  2149.9030       1.25536660E-02
  2150.0010       1.25568474E-02
  2150.0990       1.25547001E-02
  2150.1970       1.25471871E-02
  2150.3020       1.25343009E-02
  2150.4000       1.25190335E-02
  2150.4980       1.25017480E-02
  2150.6030       1.24822798E-02
  2150.7010       1.24641657E-02
  2150.7990       1.24463302E-02
  2150.8970       1.24284985E-02
  2151.0020       1.24090944E-02
  2151.1000       1.23909296E-02
  2151.1980       1.23735117E-02
  2151.3030       1.23569996E-02
  2151.4010       1.23448211E-02
  2151.4990       1.23361681E-02
  2151.5970       1.23309917E-02
  2151.7020       1.23305009E-02
  2151.8000       1.23352837E-02
  2151.8980       1.23456157E-02
  2152.0030       1.23617986E-02
  2152.1010       1.23814307E-02
  2152.1990       1.24040048E-02
  2152.2970       1.24279152E-02
  2152.4020       1.24531906E-02
  2152.5000       1.24734515E-02
  2152.5980       1.24890440E-02
  2152.7030       1.24987899E-02
  2152.8010       1.25009042E-02
  2152.8990       1.24967798E-02
  2152.9970       1.24872083E-02
  2153.1020       1.24732693E-02
  2153.2000       1.24592254E-02
  2153.2980       1.24455623E-02
  2153.4030       1.24323558E-02
  2153.5010       1.24209936E-02
  2153.5990       1.24104642E-02
  2153.6970       1.24002276E-02
  2153.8020       1.23905278E-02
  2153.9000       1.23829731E-02
  2153.9980       1.23781232E-02
  2154.1030       1.23765080E-02
  2154.2010       1.23768719E-02
  2154.2990       1.23773241E-02
  2154.3970       1.23746196E-02
  2154.5020       1.23655573E-02
  2154.6000       1.23499026E-02
  2154.6980       1.23268957E-02
  2154.8030       1.22937351E-02
  2154.9010       1.22552425E-02
  2154.9990       1.22152488E-02
  2155.0970       1.21814232E-02
  2155.2020       1.21557122E-02
  2155.3000       1.21373232E-02
  2155.3980       1.21193816E-02
  2155.5030       1.21009613E-02
  2155.6010       1.20856998E-02
  2155.6990       1.20724539E-02
  2155.7970       1.20606974E-02
  2155.9020       1.20484776E-02
  2156.0000       1.20361692E-02
  2156.0980       1.20222396E-02
  2156.2030       1.20049453E-02
  2156.3010       1.19877246E-02
  2156.3990       1.19698754E-02
  2156.4970       1.19520172E-02
  2156.6020       1.19326718E-02
  2156.7000       1.19149470E-02
  2156.7980       1.18978147E-02
  2156.9030       1.18795104E-02
  2157.0010       1.18626032E-02
  2157.0990       1.18459543E-02
  2157.1970       1.18298043E-02
  2157.3020       1.18133536E-02
  2157.4000       1.17979393E-02
  2157.4980       1.17823889E-02
  2157.6030       1.17663112E-02
  2157.7010       1.17527873E-02
  2157.7990       1.17406422E-02
  2157.8970       1.17308291E-02
  2158.0020       1.17228495E-02
  2158.1000       1.17174604E-02
  2158.1980       1.17152307E-02
  2158.3030       1.17161431E-02
  2158.4010       1.17199118E-02
  2158.4990       1.17255400E-02
  2158.5970       1.17333536E-02
  2158.7020       1.17449616E-02
  2158.8000       1.17584945E-02
  2158.8980       1.17748962E-02
  2159.0030       1.17962596E-02
  2159.1010       1.18197519E-02
  2159.1990       1.18475294E-02
  2159.2970       1.18786730E-02
  2159.4020       1.19147980E-02
  2159.5000       1.19513423E-02
  2159.5980       1.19903972E-02
  2159.7030       1.20335171E-02
  2159.8010       1.20748872E-02
  2159.8990       1.21162864E-02
  2159.9970       1.21566197E-02
  2160.1020       1.21974266E-02
  2160.2000       1.22322946E-02
  2160.2980       1.22621234E-02
  2160.4030       1.22873778E-02
  2160.5010       1.23058134E-02
  2160.5990       1.23200703E-02
  2160.6970       1.23319531E-02
  2160.8020       1.23434106E-02
  2160.9000       1.23532308E-02
  2160.9980       1.23636613E-02
  2161.1030       1.23768173E-02
  2161.2010       1.23918073E-02
  2161.2990       1.24109938E-02
  2161.3970       1.24363680E-02
  2161.5020       1.24701544E-02
  2161.6000       1.25071178E-02
  2161.6980       1.25478893E-02
  2161.8030       1.25946922E-02
  2161.9010       1.26400816E-02
  2161.9990       1.26860043E-02
  2162.0970       1.27302850E-02
  2162.2020       1.27746653E-02
  2162.3000       1.28130734E-02
  2162.3980       1.28488756E-02
  2162.5030       1.28828900E-02
  2162.6010       1.29096055E-02
  2162.6990       1.29323374E-02
  2162.7970       1.29520883E-02
  2162.9020       1.29716607E-02
  2163.0000       1.29895544E-02
  2163.0980       1.30084414E-02
  2163.2030       1.30291978E-02
  2163.3010       1.30508117E-02
  2163.3990       1.30747532E-02
  2163.4970       1.31014894E-02
  2163.6020       1.31332477E-02
  2163.7000       1.31659675E-02
  2163.7980       1.32011510E-02
  2163.9030       1.32401556E-02
  2164.0010       1.32768550E-02
  2164.0990       1.33121508E-02
  2164.1970       1.33449410E-02
  2164.3020       1.33770134E-02
  2164.4000       1.34030951E-02
  2164.4980       1.34264883E-02
  2164.6030       1.34482643E-02
  2164.7010       1.34660698E-02
  2164.7990       1.34815508E-02
  2164.8970       1.34948642E-02
  2165.0020       1.35074131E-02
  2165.1000       1.35182349E-02
  2165.1980       1.35283951E-02
  2165.3030       1.35379694E-02
  2165.4010       1.35456193E-02
  2165.4990       1.35526930E-02
  2165.5970       1.35594854E-02
  2165.7020       1.35667907E-02
  2165.8000       1.35734391E-02
  2165.8980       1.35793634E-02
  2166.0030       1.35840769E-02
  2166.1010       1.35867086E-02
  2166.1990       1.35874598E-02
  2166.2970       1.35873107E-02
  2166.4020       1.35867566E-02
  2166.5000       1.35868066E-02
  2166.5980       1.35876159E-02
  2166.7030       1.35889017E-02
  2166.8010       1.35897343E-02
  2166.8990       1.35887864E-02
  2166.9970       1.35851587E-02
  2167.1020       1.35775368E-02
  2167.2000       1.35669078E-02
  2167.2980       1.35529063E-02
  2167.4030       1.35345855E-02
  2167.5010       1.35151555E-02
  2167.5990       1.34950476E-02
  2167.6970       1.34752095E-02
  2167.8020       1.34558688E-02
  2167.9000       1.34401771E-02
  2167.9980       1.34274904E-02
  2168.1030       1.34176635E-02
  2168.2010       1.34120136E-02
  2168.2990       1.34099145E-02
  2168.3970       1.34109476E-02
  2168.5020       1.34151441E-02
  2168.6000       1.34218650E-02
  2168.6980       1.34307852E-02
  2168.8030       1.34414525E-02
  2168.9010       1.34512283E-02
  2168.9990       1.34604576E-02
  2169.0970       1.34683182E-02
  2169.2020       1.34737325E-02
  2169.3000       1.34757401E-02
  2169.3980       1.34751278E-02
  2169.5030       1.34708644E-02
  2169.6010       1.34639223E-02
  2169.6990       1.34554108E-02
  2169.7970       1.34468113E-02
  2169.9020       1.34388209E-02
  2170.0000       1.34329033E-02
  2170.0980       1.34281945E-02
  2170.2030       1.34238214E-02
  2170.3010       1.34205990E-02
  2170.3990       1.34178333E-02
  2170.4970       1.34155969E-02
  2170.6020       1.34143300E-02
  2170.7000       1.34139924E-02
  2170.7980       1.34141867E-02
  2170.9030       1.34146945E-02
  2171.0010       1.34156020E-02
  2171.0990       1.34163830E-02
  2171.1970       1.34174673E-02
  2171.3020       1.34190863E-02
  2171.4000       1.34205712E-02
  2171.4980       1.34216675E-02
  2171.6030       1.34217641E-02
  2171.7010       1.34213648E-02
  2171.7990       1.34208582E-02
  2171.8970       1.34205508E-02
  2172.0020       1.34208435E-02
  2172.1000       1.34210514E-02
  2172.1980       1.34214524E-02
  2172.3030       1.34222499E-02
  2172.4010       1.34234659E-02
  2172.4990       1.34253616E-02
  2172.5970       1.34275917E-02
  2172.7020       1.34298610E-02
  2172.8000       1.34316298E-02
  2172.8980       1.34319882E-02
  2173.0030       1.34309463E-02
  2173.1010       1.34268130E-02
  2173.1990       1.34201924E-02
  2173.2970       1.34110412E-02
  2173.4020       1.33988934E-02
  2173.5000       1.33855484E-02
  2173.5980       1.33695310E-02
  2173.7030       1.33479913E-02
  2173.8010       1.33242720E-02
  2173.8990       1.32977626E-02
  2173.9970       1.32691305E-02
  2174.1020       1.32374447E-02
  2174.2000       1.32074546E-02
  2174.2980       1.31772638E-02
  2174.4030       1.31453415E-02
  2174.5010       1.31149809E-02
  2174.5990       1.30845508E-02
  2174.6970       1.30547042E-02
  2174.8020       1.30231813E-02
  2174.9000       1.29944318E-02
  2174.9980       1.29664019E-02
  2175.1030       1.29371728E-02
  2175.2010       1.29109439E-02
  2175.2990       1.28867636E-02
  2175.3970       1.28648264E-02
  2175.5020       1.28446886E-02
  2175.6000       1.28293619E-02
  2175.6980       1.28174159E-02
  2175.8030       1.28079503E-02
  2175.9010       1.28014671E-02
  2175.9990       1.27971515E-02
  2176.0970       1.27938698E-02
  2176.2020       1.27907986E-02
  2176.3000       1.27872020E-02
  2176.3980       1.27826825E-02
  2176.5030       1.27766305E-02
  2176.6010       1.27688256E-02
  2176.6990       1.27591474E-02
  2176.7970       1.27473895E-02
  2176.9020       1.27330443E-02
  2177.0000       1.27195476E-02
  2177.0980       1.27068184E-02
  2177.2030       1.26953275E-02
  2177.3010       1.26868428E-02
  2177.3990       1.26805461E-02
  2177.4970       1.26757627E-02
  2177.6020       1.26717866E-02
  2177.7000       1.26688682E-02
  2177.7980       1.26665731E-02
  2177.9030       1.26646401E-02
  2178.0010       1.26631883E-02
  2178.0990       1.26620534E-02
  2178.1970       1.26614823E-02
  2178.3020       1.26619072E-02
  2178.4000       1.26634922E-02
  2178.4980       1.26661608E-02
  2178.6030       1.26701932E-02
  2178.7010       1.26748919E-02
  2178.7990       1.26802114E-02
  2178.8970       1.26863365E-02
  2179.0020       1.26948983E-02
  2179.1000       1.27044802E-02
  2179.1980       1.27152477E-02
  2179.3030       1.27271448E-02
  2179.4010       1.27373161E-02
  2179.4990       1.27460466E-02
  2179.5970       1.27534832E-02
  2179.7020       1.27596835E-02
  2179.8000       1.27642340E-02
  2179.8980       1.27661154E-02
  2180.0030       1.27644607E-02
  2180.1010       1.27592856E-02
  2180.1990       1.27508506E-02
  2180.2970       1.27398920E-02
  2180.4020       1.27260255E-02
  2180.5000       1.27113068E-02
  2180.5980       1.26955914E-02
  2180.7030       1.26787465E-02
  2180.8010       1.26637325E-02
  2180.8990       1.26509608E-02
  2180.9970       1.26406810E-02
  2181.1020       1.26326239E-02
  2181.2000       1.26278666E-02
  2181.2980       1.26255208E-02
  2181.4030       1.26257396E-02
  2181.5010       1.26289023E-02
  2181.5990       1.26339015E-02
  2181.6970       1.26405537E-02
  2181.8020       1.26487198E-02
  2181.9000       1.26571961E-02
  2181.9980       1.26660406E-02
  2182.1030       1.26751815E-02
  2182.2010       1.26825595E-02
  2182.2990       1.26883625E-02
  2182.3970       1.26920698E-02
  2182.5020       1.26942143E-02
  2182.6000       1.26951509E-02
  2182.6980       1.26954371E-02
  2182.8030       1.26946505E-02
  2182.9010       1.26940417E-02
  2182.9990       1.26931467E-02
  2183.0970       1.26927004E-02
  2183.2020       1.26923433E-02
  2183.3000       1.26932682E-02
  2183.3980       1.26950824E-02
  2183.5030       1.26984273E-02
  2183.6010       1.27022097E-02
  2183.6990       1.27068223E-02
  2183.7970       1.27112764E-02
  2183.9020       1.27150179E-02
  2184.0000       1.27169978E-02
  2184.0980       1.27157144E-02
  2184.2030       1.27105606E-02
  2184.3010       1.27018140E-02
  2184.3990       1.26895352E-02
  2184.4970       1.26742251E-02
  2184.6020       1.26552099E-02
  2184.7000       1.26358410E-02
  2184.7980       1.26158356E-02
  2184.9030       1.25936025E-02
  2185.0010       1.25723204E-02
  2185.0990       1.25507500E-02
  2185.1970       1.25290980E-02
  2185.3020       1.25066074E-02
  2185.4000       1.24861516E-02
  2185.4980       1.24662256E-02
  2185.6030       1.24457446E-02
  2185.7010       1.24277334E-02
  2185.7990       1.24105280E-02
  2185.8970       1.23943371E-02
  2186.0020       1.23775104E-02
  2186.1000       1.23627129E-02
  2186.1980       1.23490080E-02
  2186.3030       1.23358659E-02
  2186.4010       1.23246460E-02
  2186.4990       1.23137738E-02
  2186.5970       1.23030019E-02
  2186.7020       1.22915493E-02
  2186.8000       1.22809251E-02
  2186.8980       1.22708281E-02
  2187.0030       1.22606497E-02
  2187.1010       1.22512852E-02
  2187.1990       1.22416525E-02
  2187.2970       1.22320233E-02
  2187.4020       1.22221242E-02
  2187.5000       1.22136159E-02
  2187.5980       1.22061425E-02
  2187.7030       1.21995636E-02
  2187.8010       1.21935393E-02
  2187.8990       1.21877479E-02
  2187.9970       1.21820672E-02
  2188.1020       1.21760076E-02
  2188.2000       1.21695191E-02
  2188.2980       1.21613318E-02
  2188.4030       1.21492439E-02
  2188.5010       1.21337997E-02
  2188.5990       1.21145015E-02
  2188.6970       1.20910650E-02
  2188.8020       1.20621502E-02
  2188.9000       1.20339382E-02
  2188.9980       1.20058182E-02
  2189.1030       1.19788939E-02
  2189.2010       1.19579949E-02
  2189.2990       1.19422954E-02
  2189.3970       1.19311802E-02
  2189.5020       1.19239548E-02
  2189.6000       1.19202156E-02
  2189.6980       1.19185132E-02
  2189.8030       1.19174483E-02
  2189.9010       1.19172603E-02
  2189.9990       1.19174134E-02
  2190.0970       1.19181743E-02
  2190.2020       1.19188786E-02
  2190.3000       1.19193763E-02
  2190.3980       1.19192791E-02
  2190.5030       1.19194642E-02
  2190.6010       1.19198110E-02
  2190.6990       1.19196437E-02
  2190.7970       1.19170483E-02
  2190.9020       1.19108758E-02
  2191.0000       1.19009727E-02
  2191.0980       1.18861280E-02
  2191.2030       1.18667341E-02
  2191.3010       1.18476122E-02
  2191.3990       1.18300741E-02
  2191.4970       1.18163869E-02
  2191.6020       1.18083363E-02
  2191.7000       1.18059314E-02
  2191.7980       1.18072234E-02
  2191.9030       1.18114745E-02
  2192.0010       1.18158875E-02
  2192.0990       1.18191917E-02
  2192.1970       1.18206469E-02
  2192.3020       1.18194609E-02
  2192.4000       1.18167868E-02
  2192.4980       1.18134857E-02
  2192.6030       1.18101226E-02
  2192.7010       1.18078441E-02
  2192.7990       1.18069061E-02
  2192.8970       1.18074287E-02
  2193.0020       1.18096076E-02
  2193.1000       1.18130281E-02
  2193.1980       1.18174819E-02
  2193.3030       1.18225136E-02
  2193.4010       1.18275803E-02
  2193.4990       1.18327068E-02
  2193.5970       1.18380115E-02
  2193.7020       1.18444305E-02
  2193.8000       1.18517872E-02
  2193.8980       1.18604893E-02
  2194.0030       1.18716551E-02
  2194.1010       1.18832956E-02
  2194.1990       1.18956822E-02
  2194.2970       1.19085757E-02
  2194.4020       1.19227845E-02
  2194.5000       1.19363336E-02
  2194.5980       1.19501586E-02
  2194.7030       1.19654690E-02
  2194.8010       1.19796366E-02
  2194.8990       1.19926863E-02
  2194.9970       1.20034538E-02
  2195.1020       1.20114514E-02
  2195.2000       1.20159652E-02
  2195.2980       1.20175477E-02
  2195.4030       1.20152981E-02
  2195.5010       1.20093323E-02
  2195.5990       1.20003809E-02
  2195.6970       1.19887095E-02
  2195.8020       1.19739922E-02
  2195.9000       1.19596561E-02
  2195.9980       1.19464069E-02
  2196.1030       1.19335437E-02
  2196.2010       1.19232702E-02
  2196.2990       1.19142995E-02
  2196.3970       1.19056154E-02
  2196.5020       1.18956915E-02
  2196.6000       1.18851080E-02
  2196.6980       1.18748086E-02
  2196.8030       1.18654616E-02
  2196.9010       1.18595394E-02
  2196.9990       1.18568393E-02
  2197.0970       1.18568234E-02
  2197.2020       1.18584061E-02
  2197.3000       1.18612384E-02
  2197.3980       1.18650348E-02
  2197.5030       1.18712321E-02
  2197.6010       1.18786218E-02
  2197.6990       1.18877778E-02
  2197.7970       1.18982449E-02
  2197.9020       1.19102660E-02
  2198.0000       1.19206995E-02
  2198.0980       1.19286969E-02
  2198.2030       1.19342952E-02
  2198.3010       1.19366104E-02
  2198.3990       1.19373351E-02
  2198.4970       1.19367380E-02
  2198.6020       1.19353028E-02
  2198.7000       1.19338342E-02
  2198.7980       1.19327609E-02
  2198.9030       1.19311790E-02
  2199.0010       1.19298636E-02
  2199.0990       1.19289354E-02
  2199.1970       1.19280838E-02
  2199.3020       1.19267985E-02
  2199.4000       1.19246320E-02
  2199.4980       1.19212095E-02
  2199.6030       1.19159350E-02
  2199.7010       1.19095554E-02
  2199.7990       1.19022840E-02
  2199.8970       1.18947277E-02
  2200.0020       1.18876263E-02
  2200.1000       1.18821738E-02
  2200.1980       1.18782470E-02
  2200.3030       1.18758987E-02
  2200.4010       1.18755106E-02
  2200.4990       1.18776026E-02
  2200.5970       1.18809873E-02
  2200.7020       1.18847874E-02
  2200.8000       1.18881983E-02
  2200.8980       1.18911180E-02
  2201.0030       1.18944900E-02
  2201.1010       1.18980319E-02
  2201.1990       1.19030403E-02
  2201.2970       1.19088596E-02
  2201.4020       1.19148864E-02
  2201.5000       1.19192706E-02
  2201.5980       1.19207393E-02
  2201.7030       1.19188020E-02
  2201.8010       1.19143074E-02
  2201.8990       1.19080120E-02
  2201.9970       1.19012320E-02
  2202.1020       1.18943990E-02
  2202.2000       1.18893769E-02
  2202.2980       1.18865347E-02
  2202.4030       1.18870059E-02
  2202.5010       1.18914392E-02
  2202.5990       1.19000361E-02
  2202.6970       1.19124382E-02
  2202.8020       1.19306070E-02
  2202.9000       1.19506402E-02
  2202.9980       1.19733942E-02
  2203.1030       1.19999810E-02
  2203.2010       1.20260911E-02
  2203.2990       1.20531371E-02
  2203.3970       1.20810356E-02
  2203.5020       1.21112318E-02
  2203.6000       1.21393045E-02
  2203.6980       1.21664052E-02
  2203.8030       1.21936331E-02
  2203.9010       1.22156507E-02
  2203.9990       1.22344912E-02
  2204.0970       1.22493692E-02
  2204.2020       1.22618042E-02
  2204.3000       1.22716597E-02
  2204.3980       1.22810536E-02
  2204.5030       1.22913889E-02
  2204.6010       1.23022146E-02
  2204.6990       1.23145111E-02
  2204.7970       1.23279030E-02
  2204.9020       1.23436430E-02
  2205.0000       1.23579597E-02
  2205.0980       1.23692771E-02
  2205.2030       1.23765145E-02
  2205.3010       1.23796918E-02
  2205.3990       1.23806234E-02
  2205.4970       1.23804241E-02
  2205.6020       1.23798059E-02
  2205.7000       1.23794910E-02
  2205.7980       1.23799319E-02
  2205.9030       1.23809821E-02
  2206.0010       1.23819777E-02
  2206.0990       1.23825442E-02
  2206.1970       1.23820999E-02
  2206.3020       1.23803971E-02
  2206.4000       1.23772621E-02
  2206.4980       1.23725135E-02
  2206.6030       1.23658488E-02
  2206.7010       1.23584422E-02
  2206.7990       1.23504790E-02
  2206.8970       1.23427475E-02
  2207.0020       1.23360188E-02
  2207.1000       1.23308041E-02
  2207.1980       1.23263925E-02
  2207.3030       1.23214499E-02
  2207.4010       1.23171052E-02
  2207.4990       1.23129659E-02
  2207.5970       1.23078197E-02
  2207.7020       1.23019141E-02
  2207.8000       1.22974095E-02
  2207.8980       1.22955784E-02
  2208.0030       1.22963118E-02
  2208.1010       1.22982965E-02
  2208.1990       1.23007673E-02
  2208.2970       1.23031446E-02
  2208.4020       1.23064394E-02
  2208.5000       1.23111147E-02
  2208.5980       1.23176322E-02
  2208.7030       1.23253396E-02
  2208.8010       1.23339308E-02
  2208.8990       1.23436497E-02
  2208.9970       1.23540906E-02
  2209.1020       1.23647684E-02
  2209.2000       1.23715887E-02
  2209.2980       1.23743722E-02
  2209.4030       1.23722068E-02
  2209.5010       1.23658079E-02
  2209.5990       1.23557142E-02
  2209.6970       1.23423048E-02
  2209.8020       1.23244027E-02
  2209.9000       1.23050665E-02
  2209.9980       1.22840109E-02
  2210.1030       1.22598443E-02
  2210.2010       1.22356739E-02
  2210.2990       1.22099692E-02
  2210.3970       1.21826892E-02
  2210.5020       1.21520947E-02
  2210.6000       1.21227514E-02
  2210.6980       1.20927525E-02
  2210.8030       1.20597498E-02
  2210.9010       1.20284291E-02
  2210.9990       1.19971420E-02
  2211.0970       1.19655268E-02
  2211.2020       1.19317058E-02
  2211.3000       1.19000942E-02
  2211.3980       1.18691321E-02
  2211.5030       1.18364892E-02
  2211.6010       1.18079476E-02
  2211.6990       1.17812878E-02
  2211.7970       1.17565648E-02
  2211.9020       1.17325574E-02
  2212.0000       1.17115348E-02
  2212.0980       1.16918329E-02
  2212.2030       1.16717205E-02
  2212.3010       1.16541762E-02
  2212.3990       1.16375720E-02
  2212.4970       1.16225133E-02
  2212.6020       1.16072070E-02
  2212.7000       1.15940416E-02
  2212.7980       1.15808950E-02
  2212.9030       1.15671841E-02
  2213.0010       1.15540108E-02
  2213.0990       1.15405515E-02
  2213.1970       1.15266031E-02
  2213.3020       1.15117419E-02
  2213.4000       1.14976260E-02
  2213.4980       1.14839202E-02
  2213.6030       1.14698346E-02
  2213.7010       1.14571312E-02
  2213.7990       1.14444525E-02
  2213.8970       1.14320124E-02
  2214.0020       1.14183568E-02
  2214.1000       1.14049853E-02
  2214.1980       1.13909205E-02
  2214.3030       1.13747920E-02
  2214.4010       1.13589951E-02
  2214.4990       1.13422544E-02
  2214.5970       1.13251916E-02
  2214.7020       1.13066915E-02
  2214.8000       1.12890007E-02
  2214.8980       1.12712533E-02
  2215.0030       1.12518707E-02
  2215.1010       1.12332044E-02
  2215.1990       1.12137360E-02
  2215.2970       1.11936779E-02
  2215.4020       1.11719651E-02
  2215.5000       1.11507851E-02
  2215.5980       1.11293643E-02
  2215.7030       1.11056361E-02
  2215.8010       1.10832658E-02
  2215.8990       1.10603578E-02
  2215.9970       1.10375266E-02
  2216.1020       1.10125322E-02
  2216.2000       1.09899751E-02
  2216.2980       1.09679782E-02
  2216.4030       1.09454003E-02
  2216.5010       1.09254900E-02
  2216.5990       1.09071421E-02
  2216.6970       1.08905324E-02
  2216.8020       1.08744791E-02
  2216.9000       1.08602797E-02
  2216.9980       1.08470653E-02
  2217.1030       1.08341763E-02
  2217.2010       1.08227755E-02
  2217.2990       1.08114207E-02
  2217.3970       1.08001818E-02
  2217.5020       1.07888517E-02
  2217.6000       1.07788412E-02
  2217.6980       1.07694777E-02
  2217.8030       1.07610323E-02
  2217.9010       1.07547878E-02
  2217.9990       1.07506094E-02
  2218.0970       1.07482832E-02
  2218.2020       1.07478416E-02
  2218.3000       1.07492551E-02
  2218.3980       1.07515070E-02
  2218.5030       1.07548251E-02
  2218.6010       1.07575839E-02
  2218.6990       1.07595959E-02
  2218.7970       1.07604585E-02
  2218.9020       1.07594445E-02
  2219.0000       1.07571076E-02
  2219.0980       1.07538200E-02
  2219.2030       1.07502100E-02
  2219.3010       1.07468869E-02
  2219.3990       1.07447501E-02
  2219.4970       1.07442202E-02
  2219.6020       1.07452955E-02
  2219.7000       1.07472601E-02
  2219.7980       1.07500985E-02
  2219.9030       1.07532739E-02
  2220.0010       1.07565811E-02
  2220.0990       1.07592734E-02
  2220.1970       1.07617803E-02
  2220.3020       1.07638555E-02
  2220.4000       1.07652872E-02
  2220.4980       1.07663264E-02
  2220.6030       1.07672068E-02
  2220.7010       1.07675619E-02
  2220.7990       1.07673615E-02
  2220.8970       1.07668954E-02
  2221.0020       1.07654470E-02
  2221.1000       1.07634879E-02
  2221.1980       1.07613053E-02
  2221.3030       1.07587162E-02
  2221.4010       1.07563612E-02
  2221.4990       1.07539790E-02
  2221.5970       1.07525902E-02
  2221.7020       1.07513628E-02
  2221.8000       1.07512482E-02
  2221.8980       1.07519432E-02
  2222.0030       1.07541478E-02
  2222.1010       1.07573894E-02
  2222.1990       1.07622384E-02
  2222.2970       1.07690432E-02
  2222.4020       1.07785301E-02
  2222.5000       1.07896170E-02
  2222.5980       1.08035519E-02
  2222.7030       1.08215114E-02
  2222.8010       1.08410917E-02
  2222.8990       1.08627719E-02
  2222.9970       1.08870127E-02
  2223.1020       1.09141720E-02
  2223.2000       1.09400620E-02
  2223.2980       1.09659511E-02
  2223.4030       1.09929431E-02
  2223.5010       1.10173117E-02
  2223.5990       1.10401884E-02
  2223.6970       1.10619983E-02
  2223.8020       1.10842327E-02
  2223.9000       1.11040705E-02
  2223.9980       1.11233342E-02
  2224.1030       1.11437117E-02
  2224.2010       1.11630376E-02
  2224.2990       1.11832066E-02
  2224.3970       1.12049141E-02
  2224.5020       1.12301812E-02
  2224.6000       1.12563354E-02
  2224.6980       1.12847725E-02
  2224.8030       1.13177163E-02
  2224.9010       1.13496565E-02
  2224.9990       1.13818806E-02
  2225.0970       1.14137977E-02
  2225.2020       1.14470260E-02
  2225.3000       1.14769786E-02
  2225.3980       1.15063915E-02
  2225.5030       1.15372720E-02
  2225.6010       1.15657011E-02
  2225.6990       1.15938716E-02
  2225.7970       1.16211170E-02
  2225.9020       1.16489912E-02
  2226.0000       1.16724294E-02
  2226.0980       1.16923322E-02
  2226.2030       1.17090975E-02
  2226.3010       1.17200267E-02
  2226.3990       1.17261328E-02
  2226.4970       1.17273998E-02
  2226.6020       1.17248629E-02
  2226.7000       1.17208043E-02
  2226.7980       1.17186891E-02
  2226.9030       1.17214159E-02
  2227.0010       1.17299508E-02
  2227.0990       1.17428029E-02
  2227.1970       1.17571347E-02
  2227.3020       1.17718021E-02
  2227.4000       1.17841349E-02
  2227.4980       1.17947548E-02
  2227.6030       1.18045443E-02
  2227.7010       1.18129191E-02
  2227.7990       1.18207076E-02
  2227.8970       1.18290662E-02
  2228.0020       1.18388732E-02
  2228.1000       1.18489141E-02
  2228.1980       1.18599325E-02
  2228.3030       1.18726611E-02
  2228.4010       1.18850351E-02
  2228.4990       1.18968754E-02
  2228.5970       1.19075577E-02
  2228.7020       1.19169147E-02
  2228.8000       1.19227765E-02
  2228.8980       1.19262681E-02
  2229.0030       1.19279585E-02
  2229.1010       1.19288605E-02
  2229.1990       1.19305461E-02
  2229.2970       1.19341958E-02
  2229.4020       1.19424873E-02
  2229.5000       1.19559728E-02
  2229.5980       1.19765659E-02
  2229.7030       1.20081457E-02
  2229.8010       1.20465584E-02
  2229.8990       1.20930219E-02
  2229.9970       1.21447557E-02
  2230.1020       1.22012884E-02
  2230.2000       1.22510392E-02
  2230.2980       1.22948678E-02
  2230.4030       1.23335113E-02
  2230.5010       1.23616867E-02
  2230.5990       1.23826133E-02
  2230.6970       1.23967870E-02
  2230.8020       1.24048128E-02
  2230.9000       1.24063537E-02
  2230.9980       1.24026358E-02
  2231.1030       1.23940370E-02
  2231.2010       1.23824977E-02
  2231.2990       1.23683676E-02
  2231.3970       1.23520670E-02
  2231.5020       1.23323732E-02
  2231.6000       1.23120049E-02
  2231.6980       1.22895174E-02
  2231.8030       1.22635252E-02
  2231.9010       1.22377534E-02
  2231.9990       1.22112703E-02
  2232.0970       1.21842105E-02
  2232.2020       1.21559041E-02
  2232.3000       1.21307544E-02
  2232.3980       1.21072441E-02
  2232.5030       1.20841147E-02
  2232.6010       1.20649619E-02
  2232.6990       1.20478930E-02
  2232.7970       1.20329066E-02
  2232.9020       1.20186209E-02
  2233.0000       1.20061185E-02
  2233.0980       1.19934339E-02
  2233.2030       1.19789997E-02
  2233.3010       1.19643706E-02
  2233.3990       1.19488214E-02
  2233.4970       1.19324015E-02
  2233.6020       1.19139110E-02
  2233.7000       1.18954596E-02
  2233.7980       1.18770564E-02
  2233.9030       1.18571335E-02
  2234.0010       1.18391650E-02
  2234.0990       1.18219254E-02
  2234.1970       1.18059517E-02
  2234.3020       1.17903155E-02
  2234.4000       1.17764501E-02
  2234.4980       1.17630841E-02
  2234.6030       1.17490844E-02
  2234.7010       1.17357695E-02
  2234.7990       1.17221979E-02
  2234.8970       1.17091366E-02
  2235.0020       1.16956087E-02
  2235.1000       1.16840432E-02
  2235.1980       1.16738229E-02
  2235.3030       1.16645022E-02
  2235.4010       1.16575564E-02
  2235.4990       1.16519511E-02
  2235.5970       1.16473431E-02
  2235.7020       1.16436028E-02
  2235.8000       1.16409007E-02
  2235.8980       1.16390047E-02
  2236.0030       1.16374653E-02
  2236.1010       1.16365018E-02
  2236.1990       1.16360705E-02
  2236.2970       1.16360851E-02
  2236.4020       1.16359444E-02
  2236.5000       1.16351377E-02
  2236.5980       1.16338994E-02
  2236.7030       1.16318354E-02
  2236.8010       1.16293206E-02
  2236.8990       1.16265574E-02
  2236.9970       1.16224981E-02
  2237.1020       1.16169397E-02
  2237.2000       1.16108633E-02
  2237.2980       1.16038602E-02
  2237.4030       1.15955995E-02
  2237.5010       1.15872851E-02
  2237.5990       1.15794323E-02
  2237.6970       1.15729235E-02
  2237.8020       1.15683202E-02
  2237.9000       1.15668091E-02
  2237.9980       1.15684289E-02
  2238.1030       1.15752253E-02
  2238.2010       1.15864401E-02
  2238.2990       1.16019540E-02
  2238.3970       1.16215583E-02
  2238.5020       1.16467235E-02
  2238.6000       1.16737873E-02
  2238.6980       1.17044533E-02
  2238.8030       1.17405752E-02
  2238.9010       1.17762998E-02
  2238.9990       1.18122899E-02
  2239.0970       1.18464779E-02
  2239.2020       1.18796788E-02
  2239.3000       1.19065138E-02
  2239.3980       1.19290516E-02
  2239.5030       1.19480748E-02
  2239.6010       1.19611840E-02
  2239.6990       1.19705700E-02
  2239.7970       1.19757052E-02
  2239.9020       1.19774339E-02
  2240.0000       1.19757037E-02
  2240.0980       1.19713505E-02
  2240.2030       1.19638505E-02
  2240.3010       1.19542912E-02
  2240.3990       1.19420556E-02
  2240.4970       1.19273417E-02
  2240.6020       1.19090073E-02
  2240.7000       1.18900145E-02
  2240.7980       1.18693710E-02
  2240.9030       1.18456475E-02
  2241.0010       1.18219420E-02
  2241.0990       1.17977143E-02
  2241.1970       1.17736048E-02
  2241.3020       1.17485800E-02
  2241.4000       1.17256749E-02
  2241.4980       1.17034670E-02
  2241.6030       1.16806641E-02
  2241.7010       1.16601526E-02
  2241.7990       1.16398939E-02
  2241.8970       1.16198761E-02
  2242.0020       1.15991386E-02
  2242.1000       1.15804531E-02
  2242.1980       1.15619486E-02
  2242.3030       1.15431965E-02
  2242.4010       1.15270926E-02
  2242.4990       1.15119823E-02
  2242.5970       1.14972562E-02
  2242.7020       1.14812880E-02
  2242.8000       1.14672889E-02
  2242.8980       1.14533403E-02
  2243.0030       1.14396747E-02
  2243.1010       1.14281492E-02
  2243.1990       1.14182486E-02
  2243.2970       1.14097846E-02
  2243.4020       1.14024311E-02
  2243.5000       1.13964485E-02
  2243.5980       1.13907567E-02
  2243.7030       1.13841385E-02
  2243.8010       1.13774514E-02
  2243.8990       1.13698110E-02
  2243.9970       1.13611481E-02
  2244.1020       1.13509892E-02
  2244.2000       1.13406311E-02
  2244.2980       1.13300193E-02
  2244.4030       1.13184847E-02
  2244.5010       1.13076582E-02
  2244.5990       1.12973740E-02
  2244.6970       1.12872384E-02
  2244.8020       1.12766180E-02
  2244.9000       1.12662633E-02
  2244.9980       1.12557698E-02
  2245.1030       1.12447244E-02
  2245.2010       1.12356352E-02
  2245.2990       1.12282162E-02
  2245.3970       1.12228462E-02
  2245.5020       1.12194098E-02
  2245.6000       1.12178364E-02
  2245.6980       1.12169308E-02
  2245.8030       1.12169056E-02
  2245.9010       1.12168155E-02
  2245.9990       1.12166170E-02
  2246.0970       1.12160873E-02
  2246.2020       1.12150481E-02
  2246.3000       1.12142925E-02
  2246.3980       1.12129968E-02
  2246.5030       1.12119289E-02
  2246.6010       1.12106519E-02
  2246.6990       1.12092830E-02
  2246.7970       1.12077211E-02
  2246.9020       1.12055314E-02
  2247.0000       1.12026426E-02
  2247.0980       1.11994903E-02
  2247.2030       1.11964776E-02
  2247.3010       1.11949674E-02
  2247.3990       1.11949193E-02
  2247.4970       1.11969299E-02
  2247.6020       1.12010853E-02
  2247.7000       1.12070482E-02
  2247.7980       1.12145099E-02
  2247.9030       1.12240572E-02
  2248.0010       1.12336034E-02
  2248.0990       1.12438335E-02
  2248.1970       1.12536884E-02
  2248.3020       1.12635761E-02
  2248.4000       1.12713995E-02
  2248.4980       1.12769841E-02
  2248.6030       1.12797864E-02
  2248.7010       1.12788452E-02
  2248.7990       1.12737519E-02
  2248.8970       1.12642832E-02
  2249.0020       1.12494215E-02
  2249.1000       1.12316336E-02
  2249.1980       1.12115130E-02
  2249.3030       1.11895414E-02
  2249.4010       1.11697171E-02
  2249.4990       1.11521937E-02
  2249.5970       1.11378367E-02
  2249.7020       1.11258111E-02
  2249.8000       1.11183192E-02
  2249.8980       1.11141306E-02
  2250.0030       1.11126559E-02
  2250.1010       1.11140936E-02
  2250.1990       1.11173887E-02
  2250.2970       1.11225261E-02
  2250.4020       1.11286670E-02
  2250.5000       1.11345099E-02
  2250.5980       1.11392455E-02
  2250.7030       1.11430378E-02
  2250.8010       1.11458635E-02
  2250.8990       1.11485829E-02
  2250.9970       1.11507964E-02
  2251.1020       1.11523705E-02
  2251.2000       1.11528540E-02
  2251.2980       1.11526403E-02
  2251.4030       1.11527810E-02
  2251.5010       1.11545406E-02
  2251.5990       1.11581389E-02
  2251.6970       1.11622666E-02
  2251.8020       1.11664443E-02
  2251.9000       1.11696518E-02
  2251.9980       1.11728646E-02
  2252.1030       1.11764870E-02
  2252.2010       1.11812209E-02
  2252.2990       1.11874612E-02
  2252.3970       1.11948780E-02
  2252.5020       1.12044619E-02
  2252.6000       1.12141155E-02
  2252.6980       1.12252585E-02
  2252.8030       1.12402777E-02
  2252.9010       1.12581963E-02
  2252.9990       1.12801950E-02
  2253.0970       1.13057535E-02
  2253.2020       1.13359409E-02
  2253.3000       1.13668703E-02
  2253.3980       1.13998183E-02
  2253.5030       1.14366748E-02
  2253.6010       1.14735585E-02
  2253.6990       1.15133000E-02
  2253.7970       1.15549213E-02
  2253.9020       1.15992212E-02
  2254.0000       1.16382323E-02
  2254.0980       1.16733651E-02
  2254.2030       1.17064669E-02
  2254.3010       1.17326440E-02
  2254.3990       1.17552931E-02
  2254.4970       1.17759693E-02
  2254.6020       1.17971833E-02
  2254.7000       1.18169706E-02
  2254.7980       1.18376034E-02
  2254.9030       1.18603666E-02
  2255.0010       1.18821384E-02
  2255.0990       1.19037547E-02
  2255.1970       1.19246738E-02
  2255.3020       1.19462235E-02
  2255.4000       1.19655498E-02
  2255.4980       1.19840439E-02
  2255.6030       1.20034335E-02
  2255.7010       1.20206165E-02
  2255.7990       1.20360222E-02
  2255.8970       1.20489168E-02
  2256.0020       1.20586330E-02
  2256.1000       1.20625076E-02
  2256.1980       1.20602509E-02
  2256.3030       1.20496993E-02
  2256.4010       1.20325126E-02
  2256.4990       1.20091165E-02
  2256.5970       1.19811484E-02
  2256.7020       1.19466741E-02
  2256.8000       1.19114918E-02
  2256.8980       1.18738246E-02
  2257.0030       1.18316141E-02
  2257.1010       1.17908943E-02
  2257.1990       1.17496529E-02
  2257.2970       1.17089543E-02
  2257.4020       1.16671859E-02
  2257.5000       1.16309504E-02
  2257.5980       1.15973948E-02
  2257.7030       1.15643896E-02
  2257.8010       1.15365289E-02
  2257.8990       1.15110995E-02
  2257.9970       1.14889407E-02
  2258.1020       1.14683363E-02
  2258.2000       1.14521762E-02
  2258.2980       1.14382174E-02
  2258.4030       1.14251154E-02
  2258.5010       1.14140819E-02
  2258.5990       1.14039632E-02
  2258.6970       1.13939811E-02
  2258.8020       1.13827817E-02
  2258.9000       1.13719391E-02
  2258.9980       1.13613566E-02
  2259.1030       1.13505921E-02
  2259.2010       1.13413794E-02
  2259.2990       1.13330774E-02
  2259.3970       1.13249431E-02
  2259.5020       1.13164302E-02
  2259.6000       1.13086008E-02
  2259.6980       1.13000525E-02
  2259.8030       1.12899794E-02
  2259.9010       1.12787907E-02
  2259.9990       1.12660365E-02
  2260.0970       1.12519657E-02
  2260.2020       1.12361165E-02
  2260.3000       1.12215451E-02
  2260.3980       1.12083967E-02
  2260.5030       1.11964421E-02
  2260.6010       1.11880914E-02
  2260.6990       1.11825281E-02
  2260.7970       1.11802119E-02
  2260.9020       1.11804142E-02
  2261.0000       1.11823077E-02
  2261.0980       1.11855154E-02
  2261.2030       1.11890327E-02
  2261.3010       1.11921127E-02
  2261.3990       1.11947372E-02
  2261.4970       1.11971191E-02
  2261.6020       1.11990916E-02
  2261.7000       1.12005154E-02
  2261.7980       1.12014627E-02
  2261.9030       1.12006292E-02
  2262.0010       1.11981290E-02
  2262.0990       1.11939523E-02
  2262.1970       1.11880129E-02
  2262.3020       1.11798314E-02
  2262.4000       1.11707830E-02
  2262.4980       1.11609883E-02
  2262.6030       1.11508982E-02
  2262.7010       1.11421058E-02
  2262.7990       1.11342747E-02
  2262.8970       1.11279801E-02
  2263.0020       1.11223373E-02
  2263.1000       1.11181148E-02
  2263.1980       1.11144372E-02
  2263.3030       1.11098410E-02
  2263.4010       1.11047743E-02
  2263.4990       1.10986116E-02
  2263.5970       1.10915421E-02
  2263.7020       1.10830451E-02
  2263.8000       1.10741991E-02
  2263.8980       1.10646248E-02
  2264.0030       1.10539879E-02
  2264.1010       1.10436665E-02
  2264.1990       1.10328584E-02
  2264.2970       1.10210931E-02
  2264.4020       1.10073943E-02
  2264.5000       1.09930641E-02
  2264.5980       1.09773261E-02
  2264.7030       1.09591287E-02
  2264.8010       1.09400624E-02
  2264.8990       1.09190884E-02
  2264.9970       1.08962421E-02
  2265.1020       1.08692223E-02
  2265.2000       1.08426411E-02
  2265.2980       1.08159797E-02
  2265.4030       1.07887142E-02
  2265.5010       1.07659599E-02
  2265.5990       1.07461198E-02
  2265.6970       1.07291251E-02
  2265.8020       1.07130900E-02
  2265.9000       1.06996007E-02
  2265.9980       1.06869172E-02
  2266.1030       1.06743404E-02
  2266.2010       1.06629853E-02
  2266.2990       1.06519695E-02
  2266.3970       1.06412078E-02
  2266.5020       1.06302760E-02
  2266.6000       1.06209896E-02
  2266.6980       1.06123075E-02
  2266.8030       1.06036224E-02
  2266.9010       1.05963168E-02
  2266.9990       1.05898217E-02
  2267.0970       1.05853195E-02
  2267.2020       1.05834560E-02
  2267.3000       1.05846337E-02
  2267.3980       1.05874773E-02
  2267.5030       1.05911120E-02
  2267.6010       1.05956581E-02
  2267.6990       1.06014405E-02
  2267.7970       1.06072011E-02
  2267.9020       1.06120618E-02
  2268.0000       1.06169195E-02
  2268.0980       1.06233300E-02
  2268.2030       1.06321403E-02
  2268.3010       1.06409364E-02
  2268.3990       1.06485438E-02
  2268.4970       1.06553825E-02
  2268.6020       1.06618177E-02
  2268.7000       1.06681932E-02
  2268.7980       1.06751997E-02
  2268.9030       1.06842647E-02
  2269.0010       1.06940018E-02
  2269.0990       1.07042657E-02
  2269.1970       1.07147309E-02
  2269.3020       1.07248056E-02
  2269.4000       1.07323827E-02
  2269.4980       1.07379464E-02
  2269.6030       1.07427327E-02
  2269.7010       1.07470344E-02
  2269.7990       1.07518263E-02
  2269.8970       1.07567505E-02
  2270.0020       1.07614041E-02
  2270.1000       1.07642107E-02
  2270.1980       1.07645471E-02
  2270.3030       1.07622171E-02
  2270.4010       1.07584172E-02
  2270.4990       1.07541960E-02
  2270.5970       1.07504563E-02
  2270.7020       1.07478381E-02
  2270.8000       1.07467201E-02
  2270.8980       1.07462694E-02
  2271.0030       1.07462100E-02
  2271.1010       1.07464798E-02
  2271.1990       1.07474045E-02
  2271.2970       1.07500661E-02
  2271.4020       1.07543143E-02
  2271.5000       1.07595317E-02
  2271.5980       1.07650994E-02
  2271.7030       1.07700174E-02
  2271.8010       1.07730380E-02
  2271.8990       1.07736489E-02
  2271.9970       1.07711728E-02
  2272.1020       1.07659827E-02
  2272.2000       1.07593065E-02
  2272.2980       1.07507835E-02
  2272.4030       1.07401457E-02
  2272.5010       1.07285011E-02
  2272.5990       1.07158799E-02
  2272.6970       1.07020815E-02
  2272.8020       1.06867650E-02
  2272.9000       1.06716544E-02
  2272.9980       1.06561894E-02
  2273.1030       1.06394454E-02
  2273.2010       1.06236661E-02
  2273.2990       1.06082506E-02
  2273.3970       1.05938937E-02
  2273.5020       1.05800866E-02
  2273.6000       1.05686535E-02
  2273.6980       1.05588499E-02
  2273.8030       1.05491375E-02
  2273.9010       1.05390736E-02
  2273.9990       1.05265846E-02
  2274.0970       1.05112185E-02
  2274.2020       1.04916730E-02
  2274.3000       1.04719860E-02
  2274.3980       1.04523012E-02
  2274.5030       1.04332172E-02
  2274.6010       1.04180857E-02
  2274.6990       1.04045302E-02
  2274.7970       1.03910455E-02
  2274.9020       1.03749663E-02
  2275.0000       1.03589229E-02
  2275.0980       1.03431246E-02
  2275.2030       1.03281259E-02
  2275.3010       1.03171386E-02
  2275.3990       1.03099682E-02
  2275.4970       1.03060809E-02
  2275.6020       1.03044132E-02
  2275.7000       1.03037479E-02
  2275.7980       1.03031886E-02
  2275.9030       1.03023283E-02
  2276.0010       1.03022523E-02
  2276.0990       1.03035487E-02
  2276.1970       1.03054269E-02
  2276.3020       1.03087896E-02
  2276.4000       1.03136244E-02
  2276.4980       1.03212144E-02
  2276.6030       1.03324223E-02
  2276.7010       1.03445164E-02
  2276.7990       1.03571394E-02
  2276.8970       1.03696231E-02
  2277.0020       1.03811600E-02
  2277.1000       1.03892985E-02
  2277.1980       1.03941355E-02
  2277.3030       1.03951912E-02
  2277.4010       1.03921510E-02
  2277.4990       1.03844911E-02
  2277.5970       1.03722217E-02
  2277.7020       1.03554656E-02
  2277.8000       1.03387504E-02
  2277.8980       1.03217530E-02
  2278.0030       1.03038987E-02
  2278.1010       1.02868242E-02
  2278.1990       1.02692795E-02
  2278.2970       1.02512537E-02
  2278.4020       1.02325272E-02
  2278.5000       1.02149789E-02
  2278.5980       1.01989451E-02
  2278.7030       1.01836069E-02
  2278.8010       1.01716251E-02
  2278.8990       1.01619359E-02
  2278.9970       1.01554657E-02
  2279.1020       1.01533099E-02
  2279.2000       1.01549752E-02
  2279.2980       1.01589752E-02
  2279.4030       1.01649962E-02
  2279.5010       1.01716256E-02
  2279.5990       1.01787104E-02
  2279.6970       1.01867537E-02
  2279.8020       1.01967189E-02
  2279.9000       1.02083808E-02
  2279.9980       1.02223329E-02
  2280.1030       1.02406599E-02
  2280.2010       1.02607772E-02
  2280.2990       1.02835442E-02
  2280.3970       1.03079239E-02
  2280.5020       1.03357084E-02
  2280.6000       1.03623685E-02
  2280.6980       1.03893271E-02
  2280.8030       1.04169214E-02
  2280.9010       1.04402055E-02
  2280.9990       1.04602802E-02
  2281.0970       1.04776370E-02
  2281.2020       1.04930247E-02
  2281.3000       1.05045422E-02
  2281.3980       1.05130760E-02
  2281.5030       1.05187261E-02
  2281.6010       1.05205780E-02
  2281.6990       1.05198950E-02
  2281.7970       1.05169589E-02
  2281.9020       1.05108269E-02
  2282.0000       1.05012280E-02
  2282.0980       1.04878953E-02
  2282.2030       1.04706597E-02
  2282.3010       1.04525672E-02
  2282.3990       1.04326185E-02
  2282.4970       1.04112438E-02
  2282.6020       1.03873868E-02
  2282.7000       1.03645835E-02
  2282.7980       1.03413403E-02
  2282.9030       1.03168974E-02
  2283.0010       1.02939729E-02
  2283.0990       1.02717393E-02
  2283.1970       1.02499893E-02
  2283.3020       1.02280243E-02
  2283.4000       1.02089385E-02
  2283.4980       1.01915124E-02
  2283.6030       1.01743454E-02
  2283.7010       1.01600986E-02
  2283.7990       1.01472891E-02
  2283.8970       1.01362365E-02
  2284.0020       1.01254439E-02
  2284.1000       1.01160159E-02
  2284.1980       1.01070489E-02
  2284.3030       1.00979923E-02
  2284.4010       1.00911257E-02
  2284.4990       1.00873198E-02
  2284.5970       1.00874928E-02
  2284.7020       1.00929868E-02
  2284.8000       1.01034817E-02
  2284.8980       1.01185381E-02
  2285.0030       1.01382117E-02
  2285.1010       1.01586139E-02
  2285.1990       1.01796754E-02
  2285.2970       1.01999616E-02
  2285.4020       1.02202549E-02
  2285.5000       1.02372675E-02
  2285.5980       1.02522955E-02
  2285.7030       1.02663604E-02
  2285.8010       1.02774930E-02
  2285.8990       1.02859965E-02
  2285.9970       1.02917673E-02
  2286.1020       1.02947797E-02
  2286.2000       1.02952487E-02
  2286.2980       1.02941339E-02
  2286.4030       1.02922905E-02
  2286.5010       1.02901298E-02
  2286.5990       1.02883495E-02
  2286.6970       1.02868356E-02
  2286.8020       1.02849883E-02
  2286.9000       1.02823835E-02
  2286.9980       1.02789569E-02
  2287.1030       1.02744143E-02
  2287.2010       1.02702074E-02
  2287.2990       1.02665712E-02
  2287.3970       1.02641510E-02
  2287.5020       1.02639381E-02
  2287.6000       1.02673044E-02
  2287.6980       1.02744917E-02
  2287.8030       1.02856065E-02
  2287.9010       1.02987120E-02
  2287.9990       1.03137401E-02
  2288.0970       1.03289604E-02
  2288.2020       1.03436024E-02
  2288.3000       1.03542061E-02
  2288.3980       1.03613868E-02
  2288.5030       1.03649649E-02
  2288.6010       1.03645396E-02
  2288.6990       1.03608854E-02
  2288.7970       1.03553511E-02
  2288.9020       1.03483817E-02
  2289.0000       1.03419122E-02
  2289.0980       1.03366997E-02
  2289.2030       1.03342681E-02
  2289.3010       1.03357599E-02
  2289.3990       1.03413716E-02
  2289.4970       1.03509818E-02
  2289.6020       1.03654137E-02
  2289.7000       1.03821979E-02
  2289.7980       1.04006525E-02
  2289.9030       1.04215444E-02
  2290.0010       1.04408513E-02
  2290.0990       1.04596394E-02
  2290.1970       1.04772354E-02
  2290.3020       1.04939127E-02
  2290.4000       1.05059140E-02
  2290.4980       1.05149270E-02
  2290.6030       1.05221354E-02
  2290.7010       1.05273230E-02
  2290.7990       1.05322090E-02
  2290.8970       1.05365670E-02
  2291.0020       1.05413457E-02
  2291.1000       1.05458592E-02
  2291.1980       1.05497715E-02
  2291.3030       1.05540726E-02
  2291.4010       1.05585146E-02
  2291.4990       1.05644489E-02
  2291.5970       1.05718868E-02
  2291.7020       1.05815775E-02
  2291.8000       1.05923256E-02
  2291.8980       1.06032465E-02
  2292.0030       1.06144515E-02
  2292.1010       1.06248600E-02
  2292.1990       1.06354516E-02
  2292.2970       1.06465104E-02
  2292.4020       1.06586330E-02
  2292.5000       1.06706317E-02
  2292.5980       1.06834680E-02
  2292.7030       1.06980242E-02
  2292.8010       1.07117040E-02
  2292.8990       1.07245533E-02
  2292.9970       1.07354351E-02
  2293.1020       1.07448531E-02
  2293.2000       1.07515058E-02
  2293.2980       1.07566005E-02
  2293.4030       1.07608659E-02
  2293.5010       1.07636876E-02
  2293.5990       1.07643940E-02
  2293.6970       1.07627177E-02
  2293.8020       1.07581181E-02
  2293.9000       1.07514716E-02
  2293.9980       1.07432218E-02
  2294.1030       1.07341305E-02
  2294.2010       1.07262087E-02
  2294.2990       1.07195311E-02
  2294.3970       1.07140385E-02
  2294.5020       1.07075150E-02
  2294.6000       1.06975118E-02
  2294.6980       1.06824014E-02
  2294.8030       1.06627229E-02
  2294.9010       1.06445719E-02
  2294.9990       1.06276240E-02
  2295.0970       1.06114452E-02
  2295.2020       1.05926010E-02
  2295.3000       1.05722467E-02
  2295.3980       1.05524047E-02
  2295.5030       1.05344899E-02
  2295.6010       1.05193918E-02
  2295.6990       1.05029135E-02
  2295.7970       1.04877161E-02
  2295.9020       1.04783929E-02
  2296.0000       1.04718441E-02
  2296.0980       1.04604287E-02
  2296.2030       1.04488982E-02
  2296.3010       1.04452586E-02
  2296.3990       1.04397716E-02
  2296.4970       1.04308278E-02
  2296.6020       1.04249129E-02
  2296.7000       1.04188567E-02
  2296.7980       1.04130312E-02
  2296.9030       1.04097130E-02
  2297.0010       1.04087880E-02
  2297.0990       1.04099618E-02
  2297.1970       1.04113815E-02
  2297.3020       1.04143727E-02
  2297.4000       1.04173029E-02
  2297.4980       1.04193486E-02
  2297.6030       1.04195302E-02
  2297.7010       1.04174170E-02
  2297.7990       1.04120624E-02
  2297.8970       1.04039031E-02
  2298.0020       1.03927610E-02
  2298.1000       1.03813099E-02
  2298.1980       1.03697081E-02
  2298.3030       1.03581615E-02
  2298.4010       1.03486229E-02
  2298.4990       1.03405603E-02
  2298.5970       1.03333622E-02
  2298.7020       1.03259395E-02
  2298.8000       1.03190852E-02
  2298.8980       1.03120196E-02
  2299.0030       1.03045043E-02
  2299.1010       1.02979116E-02
  2299.1990       1.02921281E-02
  2299.2970       1.02871729E-02
  2299.4020       1.02826015E-02
  2299.5000       1.02787196E-02
  2299.5980       1.02752976E-02
  2299.7030       1.02720084E-02
  2299.8010       1.02688149E-02
  2299.8990       1.02659320E-02
  2299.9970       1.02627452E-02
  2300.1020       1.02589610E-02
  2300.2000       1.02552486E-02
  2300.2980       1.02515059E-02
  2300.4030       1.02471135E-02
  2300.5010       1.02419564E-02
  2300.5990       1.02357565E-02
  2300.6970       1.02282371E-02
  2300.8020       1.02189182E-02
  2300.9000       1.02098050E-02
  2300.9980       1.02004345E-02
  2301.1030       1.01899334E-02
  2301.2010       1.01798314E-02
  2301.2990       1.01692086E-02
  2301.3970       1.01584208E-02
  2301.5020       1.01466637E-02
  2301.6000       1.01355188E-02
  2301.6980       1.01249493E-02
  2301.8030       1.01145214E-02
  2301.9010       1.01062901E-02
  2301.9990       1.00992262E-02
  2302.0970       1.00934657E-02
  2302.2020       1.00893114E-02
  2302.3000       1.00872499E-02
  2302.3980       1.00873803E-02
  2302.5030       1.00895633E-02
  2302.6010       1.00932935E-02
  2302.6990       1.00974335E-02
  2302.7970       1.01016997E-02
  2302.9020       1.01062857E-02
  2303.0000       1.01101067E-02
  2303.0980       1.01128413E-02
  2303.2030       1.01142483E-02
  2303.3010       1.01146083E-02
  2303.3990       1.01145190E-02
  2303.4970       1.01142213E-02
  2303.6020       1.01142191E-02
  2303.7000       1.01145426E-02
  2303.7980       1.01153134E-02
  2303.9030       1.01170884E-02
  2304.0010       1.01197945E-02
  2304.0990       1.01240681E-02
  2304.1970       1.01300311E-02
  2304.3020       1.01378394E-02
  2304.4000       1.01468750E-02
  2304.4980       1.01572659E-02
  2304.6030       1.01698897E-02
  2304.7010       1.01835207E-02
  2304.7990       1.01995937E-02
  2304.8970       1.02191260E-02
  2305.0020       1.02445912E-02
  2305.1000       1.02728237E-02
  2305.1980       1.03051412E-02
  2305.3030       1.03436030E-02
  2305.4010       1.03819360E-02
  2305.4990       1.04214992E-02
  2305.5970       1.04611252E-02
  2305.7020       1.05021653E-02
  2305.8000       1.05377196E-02
  2305.8980       1.05695381E-02
  2306.0030       1.05974145E-02
  2306.1010       1.06170421E-02
  2306.1990       1.06290632E-02
  2306.2970       1.06331357E-02
  2306.4020       1.06299157E-02
  2306.5000       1.06209649E-02
  2306.5980       1.06074678E-02
  2306.7030       1.05895343E-02
  2306.8010       1.05715462E-02
  2306.8990       1.05528656E-02
  2306.9970       1.05353072E-02
  2307.1020       1.05183231E-02
  2307.2000       1.05055177E-02
  2307.2980       1.04965082E-02
  2307.4030       1.04912961E-02
  2307.5010       1.04906659E-02
  2307.5990       1.04936214E-02
  2307.6970       1.05000437E-02
  2307.8020       1.05107008E-02
  2307.9000       1.05238731E-02
  2307.9980       1.05400174E-02
  2308.1030       1.05606267E-02
  2308.2010       1.05831331E-02
  2308.2990       1.06081371E-02
  2308.3970       1.06355810E-02
  2308.5020       1.06666564E-02
  2308.6000       1.06970844E-02
  2308.6980       1.07281019E-02
  2308.8030       1.07617417E-02
  2308.9010       1.07929206E-02
  2308.9990       1.08233121E-02
  2309.0970       1.08524247E-02
  2309.2020       1.08823055E-02
  2309.3000       1.09087786E-02
  2309.3980       1.09339247E-02
  2309.5030       1.09587344E-02
  2309.6010       1.09798719E-02
  2309.6990       1.09982689E-02
  2309.7970       1.10129867E-02
  2309.9020       1.10240451E-02
  2310.0000       1.10299302E-02
  2310.0980       1.10318154E-02
  2310.2030       1.10305647E-02
  2310.3010       1.10279723E-02
  2310.3990       1.10253309E-02
  2310.4970       1.10228829E-02
  2310.6020       1.10205150E-02
  2310.7000       1.10202839E-02
  2310.7980       1.10234875E-02
  2310.9030       1.10324737E-02
  2311.0010       1.10431904E-02
  2311.0990       1.10515496E-02
  2311.1970       1.10560917E-02
  2311.3020       1.10559834E-02
  2311.4000       1.10512388E-02
  2311.4980       1.10436096E-02
  2311.6030       1.10363141E-02
  2311.7010       1.10329462E-02
  2311.7990       1.10322251E-02
  2311.8970       1.10280280E-02
  2312.0020       1.10162497E-02
  2312.1000       1.09989424E-02
  2312.1980       1.09774554E-02
  2312.3030       1.09526952E-02
  2312.4010       1.09301406E-02
  2312.4990       1.09083554E-02
  2312.5970       1.08847777E-02
  2312.7020       1.08579257E-02
  2312.8000       1.08310643E-02
  2312.8980       1.08046338E-02
  2313.0030       1.07804223E-02
  2313.1010       1.07612311E-02
  2313.1990       1.07451500E-02
  2313.2970       1.07324467E-02
  2313.4020       1.07228535E-02
  2313.5000       1.07164289E-02
  2313.5980       1.07110195E-02
  2313.7030       1.07055860E-02
  2313.8010       1.07008720E-02
  2313.8990       1.06964657E-02
  2313.9970       1.06926657E-02
  2314.1020       1.06887571E-02
  2314.2000       1.06844556E-02
  2314.2980       1.06793125E-02
  2314.4030       1.06732850E-02
  2314.5010       1.06672127E-02
  2314.5990       1.06618689E-02
  2314.6970       1.06578712E-02
  2314.8020       1.06566379E-02
  2314.9000       1.06585926E-02
  2314.9980       1.06632386E-02
  2315.1030       1.06700411E-02
  2315.2010       1.06766827E-02
  2315.2990       1.06824385E-02
  2315.3970       1.06857948E-02
  2315.5020       1.06869631E-02
  2315.6000       1.06858670E-02
  2315.6980       1.06839364E-02
  2315.8030       1.06824715E-02
  2315.9010       1.06823887E-02
  2315.9990       1.06840912E-02
  2316.0970       1.06881210E-02
  2316.2020       1.06939505E-02
  2316.3000       1.06999829E-02
  2316.3980       1.07063315E-02
  2316.5030       1.07127459E-02
  2316.6010       1.07186446E-02
  2316.6990       1.07241783E-02
  2316.7970       1.07299840E-02
  2316.9020       1.07366055E-02
  2317.0000       1.07431863E-02
  2317.0980       1.07507311E-02
  2317.2030       1.07589546E-02
  2317.3010       1.07663939E-02
  2317.3990       1.07733014E-02
  2317.4970       1.07782870E-02
  2317.6020       1.07809095E-02
  2317.7000       1.07797435E-02
  2317.7980       1.07746978E-02
  2317.9030       1.07640791E-02
  2318.0010       1.07495183E-02
  2318.0990       1.07320334E-02
  2318.1970       1.07145204E-02
  2318.3020       1.06996699E-02
  2318.4000       1.06911934E-02
  2318.4980       1.06873707E-02
  2318.6030       1.06869994E-02
  2318.7010       1.06879395E-02
  2318.7990       1.06882313E-02
  2318.8970       1.06874435E-02
  2319.0020       1.06846913E-02
  2319.1000       1.06795860E-02
  2319.1980       1.06722865E-02
  2319.3030       1.06616300E-02
  2319.4010       1.06494082E-02
  2319.4990       1.06345778E-02
  2319.5970       1.06178202E-02
  2319.7020       1.05968444E-02
  2319.8000       1.05749640E-02
  2319.8980       1.05514858E-02
  2320.0030       1.05252249E-02
  2320.1010       1.05006653E-02
  2320.1990       1.04762548E-02
  2320.2970       1.04524099E-02
  2320.4020       1.04275226E-02
  2320.5000       1.04051852E-02
  2320.5980       1.03841913E-02
  2320.7030       1.03628725E-02
  2320.8010       1.03446500E-02
  2320.8990       1.03281398E-02
  2320.9970       1.03129903E-02
  2321.1020       1.02987300E-02
  2321.2000       1.02867832E-02
  2321.2980       1.02760404E-02
  2321.4030       1.02663640E-02
  2321.5010       1.02586863E-02
  2321.5990       1.02521918E-02
  2321.6970       1.02469380E-02
  2321.8020       1.02423929E-02
  2321.9000       1.02389233E-02
  2321.9980       1.02356222E-02
  2322.1030       1.02323372E-02
  2322.2010       1.02289045E-02
  2322.2990       1.02257023E-02
  2322.3970       1.02223101E-02
  2322.5020       1.02182948E-02
  2322.6000       1.02138576E-02
  2322.6980       1.02090374E-02
  2322.8030       1.02034706E-02
  2322.9010       1.01977635E-02
  2322.9990       1.01918318E-02
  2323.0970       1.01860106E-02
  2323.2020       1.01802446E-02
  2323.3000       1.01753377E-02
  2323.3980       1.01714594E-02
  2323.5030       1.01685259E-02
  2323.6010       1.01674262E-02
  2323.6990       1.01680538E-02
  2323.7970       1.01708941E-02
  2323.9020       1.01766609E-02
  2324.0000       1.01848142E-02
  2324.0980       1.01953138E-02
  2324.2030       1.02085480E-02
  2324.3010       1.02221260E-02
  2324.3990       1.02362538E-02
  2324.4970       1.02503821E-02
  2324.6020       1.02647019E-02
  2324.7000       1.02767161E-02
  2324.7980       1.02871983E-02
  2324.9030       1.02965428E-02
  2325.0010       1.03039502E-02
  2325.0990       1.03100088E-02
  2325.1970       1.03153418E-02
  2325.3020       1.03196923E-02
  2325.4000       1.03227684E-02
  2325.4980       1.03243217E-02
  2325.6030       1.03237672E-02
  2325.7010       1.03213508E-02
  2325.7990       1.03163136E-02
  2325.8970       1.03088288E-02
  2326.0020       1.02991235E-02
  2326.1000       1.02884052E-02
  2326.1980       1.02768693E-02
  2326.3030       1.02644221E-02
  2326.4010       1.02527716E-02
  2326.4990       1.02418034E-02
  2326.5970       1.02313442E-02
  2326.7020       1.02215595E-02
  2326.8000       1.02144254E-02
  2326.8980       1.02097591E-02
  2327.0030       1.02085677E-02
  2327.1010       1.02117732E-02
  2327.1990       1.02196444E-02
  2327.2970       1.02323423E-02
  2327.4020       1.02515416E-02
  2327.5000       1.02739681E-02
  2327.5980       1.03009905E-02
  2327.7030       1.03353241E-02
  2327.8010       1.03727496E-02
  2327.8990       1.04149259E-02
  2327.9970       1.04607138E-02
  2328.1020       1.05142761E-02
  2328.2000       1.05668511E-02
  2328.2980       1.06197170E-02
  2328.4030       1.06741504E-02
  2328.5010       1.07215229E-02
  2328.5990       1.07653133E-02
  2328.6970       1.08053166E-02
  2328.8020       1.08435973E-02
  2328.9000       1.08739511E-02
  2328.9980       1.08951132E-02
  2329.1030       1.09036233E-02
  2329.2010       1.08964088E-02
  2329.2990       1.08764003E-02
  2329.3970       1.08462437E-02
  2329.5020       1.08059858E-02
  2329.6000       1.07640189E-02
  2329.6980       1.07200644E-02
  2329.8030       1.06727589E-02
  2329.9010       1.06296354E-02
  2329.9990       1.05894837E-02
  2330.0970       1.05525817E-02
  2330.2020       1.05173717E-02
  2330.3000       1.04884305E-02
  2330.3980       1.04629962E-02
  2330.5030       1.04395453E-02
  2330.6010       1.04207761E-02
  2330.6990       1.04046310E-02
  2330.7970       1.03908240E-02
  2330.9020       1.03790736E-02
  2331.0000       1.03716832E-02
  2331.0980       1.03682767E-02
  2331.2030       1.03699142E-02
  2331.3010       1.03762979E-02
  2331.3990       1.03871214E-02
  2331.4970       1.04011472E-02
  2331.6020       1.04191122E-02
  2331.7000       1.04371231E-02
  2331.7980       1.04555821E-02
  2331.9030       1.04751485E-02
  2332.0010       1.04917708E-02
  2332.0990       1.05067006E-02
  2332.1970       1.05193327E-02
  2332.3020       1.05298047E-02
  2332.4000       1.05363760E-02
  2332.4980       1.05394022E-02
  2332.6030       1.05392605E-02
  2332.7010       1.05363109E-02
  2332.7990       1.05315870E-02
  2332.8970       1.05257171E-02
  2333.0020       1.05185281E-02
  2333.1000       1.05108145E-02
  2333.1980       1.05029510E-02
  2333.3030       1.04951158E-02
  2333.4010       1.04892551E-02
  2333.4990       1.04855748E-02
  2333.5970       1.04843874E-02
  2333.7020       1.04860833E-02
  2333.8000       1.04897214E-02
  2333.8980       1.04951430E-02
  2334.0030       1.05014995E-02
  2334.1010       1.05067317E-02
  2334.1990       1.05108196E-02
  2334.2970       1.05126970E-02
  2334.4020       1.05113459E-02
  2334.5000       1.05070053E-02
  2334.5980       1.04993714E-02
  2334.7030       1.04879693E-02
  2334.8010       1.04748780E-02
  2334.8990       1.04595209E-02
  2334.9970       1.04433324E-02
  2335.1020       1.04254058E-02
  2335.2000       1.04096626E-02
  2335.2980       1.03949855E-02
  2335.4030       1.03809933E-02
  2335.5010       1.03697634E-02
  2335.5990       1.03603750E-02
  2335.6970       1.03531194E-02
  2335.8020       1.03475716E-02
  2335.9000       1.03441115E-02
  2335.9980       1.03419795E-02
  2336.1030       1.03400604E-02
  2336.2010       1.03386804E-02
  2336.2990       1.03376671E-02
  2336.3970       1.03369348E-02
  2336.5020       1.03367891E-02
  2336.6000       1.03373399E-02
  2336.6980       1.03386624E-02
  2336.8030       1.03408996E-02
  2336.9010       1.03434859E-02
  2336.9990       1.03466684E-02
  2337.0970       1.03498146E-02
  2337.2020       1.03523981E-02
  2337.3000       1.03541035E-02
  2337.3980       1.03549384E-02
  2337.5030       1.03545368E-02
  2337.6010       1.03521181E-02
  2337.6990       1.03483681E-02
  2337.7970       1.03439000E-02
  2337.9020       1.03391219E-02
  2338.0000       1.03360910E-02
  2338.0980       1.03343470E-02
  2338.2030       1.03351326E-02
  2338.3010       1.03383553E-02
  2338.3990       1.03435328E-02
  2338.4970       1.03502718E-02
  2338.6020       1.03590555E-02
  2338.7000       1.03676069E-02
  2338.7980       1.03765535E-02
  2338.9030       1.03859176E-02
  2339.0010       1.03938447E-02
  2339.0990       1.04009779E-02
  2339.1970       1.04073860E-02
  2339.3020       1.04138293E-02
  2339.4000       1.04193692E-02
  2339.4980       1.04249609E-02
  2339.6030       1.04307016E-02
  2339.7010       1.04353710E-02
  2339.7990       1.04394894E-02
  2339.8970       1.04427037E-02
  2340.0020       1.04453713E-02
  2340.1000       1.04477961E-02
  2340.1980       1.04502327E-02
  2340.3030       1.04537822E-02
  2340.4010       1.04584948E-02
  2340.4990       1.04652166E-02
  2340.5970       1.04742534E-02
  2340.7020       1.04870121E-02
  2340.8000       1.05020040E-02
  2340.8980       1.05195107E-02
  2341.0030       1.05396566E-02
  2341.1010       1.05568644E-02
  2341.1990       1.05720246E-02
  2341.2970       1.05865598E-02
  2341.4020       1.06034230E-02
  2341.5000       1.06198118E-02
  2341.5980       1.06332800E-02
  2341.7030       1.06402002E-02
  2341.8010       1.06406535E-02
  2341.8990       1.06400079E-02
  2341.9970       1.06409261E-02
  2342.1020       1.06430459E-02
  2342.2000       1.06429026E-02
  2342.2980       1.06399164E-02
  2342.4030       1.06353773E-02
  2342.5010       1.06315891E-02
  2342.5990       1.06283686E-02
  2342.6970       1.06248235E-02
  2342.8020       1.06207205E-02
  2342.9000       1.06158683E-02
  2342.9980       1.06110776E-02
  2343.1030       1.06058581E-02
  2343.2010       1.06005856E-02
  2343.2990       1.05952839E-02
  2343.3970       1.05897125E-02
  2343.5020       1.05839858E-02
  2343.6000       1.05789072E-02
  2343.6980       1.05734429E-02
  2343.8030       1.05678419E-02
  2343.9010       1.05632112E-02
  2343.9990       1.05588639E-02
  2344.0970       1.05545600E-02
  2344.2020       1.05504859E-02
  2344.3000       1.05478446E-02
  2344.3980       1.05465233E-02
  2344.5030       1.05456283E-02
  2344.6010       1.05449684E-02
  2344.6990       1.05449868E-02
  2344.7970       1.05469147E-02
  2344.9020       1.05497138E-02
  2345.0000       1.05501251E-02
  2345.0980       1.05488508E-02
  2345.2030       1.05478747E-02
  2345.3010       1.05459851E-02
  2345.3990       1.05416280E-02
  2345.4970       1.05379175E-02
  2345.6020       1.05325222E-02
  2345.7000       1.05261363E-02
  2345.7980       1.05195625E-02
  2345.9030       1.05128570E-02
  2346.0010       1.05096256E-02
  2346.0990       1.05087960E-02
  2346.1970       1.05099262E-02
  2346.3020       1.05105611E-02
  2346.4000       1.05102279E-02
  2346.4980       1.05100143E-02
  2346.6030       1.05109872E-02
  2346.7010       1.05139605E-02
  2346.7990       1.05201092E-02
  2346.8970       1.05288565E-02
  2347.0020       1.05400867E-02
  2347.1000       1.05537783E-02
  2347.1980       1.05725924E-02
  2347.3030       1.06004201E-02
  2347.4010       1.06342584E-02
  2347.4990       1.06719257E-02
  2347.5970       1.07098991E-02
  2347.7020       1.07507168E-02
  2347.8000       1.07913769E-02
  2347.8980       1.08368041E-02
  2348.0030       1.08866310E-02
  2348.1010       1.09306915E-02
  2348.1990       1.09723166E-02
  2348.2970       1.10103100E-02
  2348.4020       1.10467242E-02
  2348.5000       1.10811670E-02
  2348.5980       1.11178347E-02
  2348.7030       1.11592689E-02
  2348.8010       1.11975335E-02
  2348.8990       1.12350600E-02
  2348.9970       1.12728770E-02
  2349.1020       1.13139291E-02
  2349.2000       1.13513742E-02
  2349.2980       1.13872342E-02
  2349.4030       1.14229752E-02
  2349.5010       1.14515917E-02
  2349.5990       1.14744206E-02
  2349.6970       1.14917318E-02
  2349.8020       1.15060587E-02
  2349.9000       1.15166685E-02
  2349.9980       1.15249205E-02
  2350.1030       1.15312958E-02
  2350.2010       1.15382482E-02
  2350.2990       1.15468580E-02
  2350.3970       1.15575614E-02
  2350.5020       1.15717637E-02
  2350.6000       1.15837175E-02
  2350.6980       1.15926426E-02
  2350.8030       1.15989663E-02
  2350.9010       1.16020407E-02
  2350.9990       1.16018850E-02
  2351.0970       1.15982057E-02
  2351.2020       1.15915256E-02
  2351.3000       1.15844280E-02
  2351.3980       1.15793793E-02
  2351.5030       1.15784025E-02
  2351.6010       1.15817613E-02
  2351.6990       1.15883045E-02
  2351.7970       1.15960746E-02
  2351.9020       1.16021287E-02
  2352.0000       1.16040917E-02
  2352.0980       1.16019559E-02
  2352.2030       1.15936354E-02
  2352.3010       1.15807247E-02
  2352.3990       1.15654701E-02
  2352.4970       1.15499211E-02
  2352.6020       1.15328024E-02
  2352.7000       1.15157941E-02
  2352.7980       1.14981199E-02
  2352.9030       1.14781168E-02
  2353.0010       1.14592238E-02
  2353.0990       1.14404349E-02
  2353.1970       1.14213657E-02
  2353.3020       1.14006473E-02
  2353.4000       1.13814755E-02
  2353.4980       1.13634630E-02
  2353.6030       1.13450611E-02
  2353.7010       1.13282864E-02
  2353.7990       1.13113975E-02
  2353.8970       1.12956216E-02
  2354.0020       1.12821044E-02
  2354.1000       1.12736767E-02
  2354.1980       1.12690758E-02
  2354.3030       1.12673954E-02
  2354.4010       1.12693216E-02
  2354.4990       1.12745435E-02
  2354.5970       1.12826185E-02
  2354.7020       1.12950009E-02
  2354.8000       1.13093281E-02
  2354.8980       1.13266579E-02
  2355.0030       1.13481468E-02
  2355.1010       1.13707822E-02
  2355.1990       1.13955590E-02
  2355.2970       1.14220524E-02
  2355.4020       1.14517429E-02
  2355.5000       1.14806656E-02
  2355.5980       1.15111299E-02
  2355.7030       1.15455410E-02
  2355.8010       1.15799679E-02
  2355.8990       1.16161377E-02
  2355.9970       1.16542127E-02
  2356.1020       1.16967584E-02
  2356.2000       1.17378317E-02
  2356.2980       1.17800346E-02
  2356.4030       1.18260874E-02
  2356.5010       1.18694411E-02
  2356.5990       1.19121783E-02
  2356.6970       1.19533688E-02
  2356.8020       1.19959129E-02
  2356.9000       1.20347455E-02
  2356.9980       1.20736032E-02
  2357.1030       1.21158022E-02
  2357.2010       1.21560727E-02
  2357.2990       1.21974026E-02
  2357.3970       1.22402798E-02
  2357.5020       1.22881232E-02
  2357.6000       1.23338726E-02
  2357.6980       1.23794701E-02
  2357.8030       1.24273927E-02
  2357.9010       1.24704700E-02
  2357.9990       1.25113236E-02
  2358.0970       1.25496389E-02
  2358.2020       1.25875245E-02
  2358.3000       1.26191976E-02
  2358.3980       1.26472721E-02
  2358.5030       1.26727915E-02
  2358.6010       1.26927715E-02
  2358.6990       1.27097413E-02
  2358.7970       1.27246685E-02
  2358.9020       1.27390957E-02
  2359.0000       1.27513368E-02
  2359.0980       1.27619309E-02
  2359.2030       1.27711338E-02
  2359.3010       1.27771594E-02
  2359.3990       1.27805785E-02
  2359.4970       1.27820370E-02
  2359.6020       1.27820748E-02
  2359.7000       1.27817314E-02
  2359.7980       1.27818258E-02
  2359.9030       1.27832995E-02
  2360.0010       1.27863280E-02
  2360.0990       1.27915144E-02
  2360.1970       1.27982240E-02
  2360.3020       1.28067288E-02
  2360.4000       1.28149447E-02
  2360.4980       1.28216621E-02
  2360.6030       1.28261476E-02
  2360.7010       1.28275264E-02
  2360.7990       1.28254354E-02
  2360.8970       1.28196440E-02
  2361.0020       1.28093839E-02
  2361.1000       1.27959888E-02
  2361.1980       1.27796730E-02
  2361.3030       1.27603542E-02
  2361.4010       1.27433053E-02
  2361.4990       1.27284575E-02
  2361.5970       1.27171233E-02
  2361.7020       1.27081885E-02
  2361.8000       1.27016934E-02
  2361.8980       1.26956554E-02
  2362.0030       1.26889703E-02
  2362.1010       1.26814051E-02
  2362.1990       1.26718476E-02
  2362.2970       1.26598714E-02
  2362.4020       1.26440432E-02
  2362.5000       1.26269800E-02
  2362.5980       1.26090663E-02
  2362.7030       1.25896557E-02
  2362.8010       1.25714741E-02
  2362.8990       1.25539324E-02
  2362.9970       1.25372635E-02
  2363.1020       1.25198771E-02
  2363.2000       1.25045603E-02
  2363.2980       1.24894916E-02
  2363.4030       1.24736910E-02
  2363.5010       1.24596692E-02
  2363.5990       1.24476110E-02
  2363.6970       1.24388366E-02
  2363.8020       1.24329197E-02
  2363.9000       1.24309164E-02
  2363.9980       1.24317336E-02
  2364.1030       1.24353919E-02
  2364.2010       1.24416302E-02
  2364.2990       1.24509548E-02
  2364.3970       1.24637919E-02
  2364.5020       1.24817879E-02
  2364.6000       1.25021496E-02
  2364.6980       1.25249467E-02
  2364.8030       1.25498565E-02
  2364.9010       1.25710192E-02
  2364.9990       1.25876524E-02
  2365.0970       1.25976250E-02
  2365.2020       1.25991276E-02
  2365.3000       1.25926467E-02
  2365.3980       1.25811041E-02
  2365.5030       1.25675798E-02
  2365.6010       1.25568309E-02
  2365.6990       1.25482823E-02
  2365.7970       1.25410512E-02
  2365.9020       1.25351697E-02
  2366.0000       1.25322025E-02
  2366.0980       1.25305870E-02
  2366.2030       1.25279662E-02
  2366.3010       1.25219341E-02
  2366.3990       1.25118804E-02
  2366.4970       1.24980361E-02
  2366.6020       1.24792338E-02
  2366.7000       1.24577488E-02
  2366.7980       1.24325450E-02
  2366.9030       1.24016716E-02
  2367.0010       1.23696303E-02
  2367.0990       1.23344469E-02
  2367.1970       1.22976386E-02
  2367.3020       1.22571123E-02
  2367.4000       1.22193071E-02
  2367.4980       1.21820972E-02
  2367.6030       1.21442395E-02
  2367.7010       1.21119109E-02
  2367.7990       1.20841027E-02
  2367.8970       1.20619289E-02
  2368.0020       1.20445787E-02
  2368.1000       1.20336314E-02
  2368.1980       1.20256833E-02
  2368.3030       1.20191892E-02
  2368.4010       1.20135413E-02
  2368.4990       1.20073058E-02
  2368.5970       1.19999586E-02
  2368.7020       1.19905008E-02
  2368.8000       1.19802704E-02
  2368.8980       1.19683775E-02
  2369.0030       1.19540790E-02
  2369.1010       1.19404707E-02
  2369.1990       1.19274440E-02
  2369.2970       1.19159444E-02
  2369.4020       1.19061241E-02
  2369.5000       1.18988060E-02
  2369.5980       1.18927549E-02
  2369.7030       1.18866848E-02
  2369.8010       1.18801046E-02
  2369.8990       1.18720433E-02
  2369.9970       1.18616260E-02
  2370.1020       1.18478096E-02
  2370.2000       1.18327520E-02
  2370.2980       1.18160347E-02
  2370.4030       1.17969368E-02
  2370.5010       1.17787595E-02
  2370.5990       1.17610342E-02
  2370.6970       1.17442490E-02
  2370.8020       1.17274822E-02
  2370.9000       1.17130221E-02
  2370.9980       1.16995375E-02
  2371.1030       1.16855850E-02
  2371.2010       1.16733001E-02
  2371.2990       1.16617929E-02
  2371.3970       1.16505560E-02
  2371.5020       1.16385916E-02
  2371.6000       1.16274201E-02
  2371.6980       1.16167769E-02
  2371.8030       1.16065822E-02
  2371.9010       1.15993347E-02
  2371.9990       1.15947036E-02
  2372.0970       1.15927575E-02
  2372.2020       1.15929968E-02
  2372.3000       1.15945712E-02
  2372.3980       1.15962579E-02
  2372.5030       1.15976457E-02
  2372.6010       1.15984594E-02
  2372.6990       1.15990196E-02
  2372.7970       1.15998862E-02
  2372.9020       1.16015166E-02
  2373.0000       1.16038730E-02
  2373.0980       1.16073083E-02
  2373.2030       1.16113241E-02
  2373.3010       1.16156025E-02
  2373.3990       1.16197248E-02
  2373.4970       1.16242160E-02
  2373.6020       1.16290413E-02
  2373.7000       1.16329416E-02
  2373.7980       1.16354290E-02
  2373.9030       1.16362971E-02
  2374.0010       1.16351527E-02
  2374.0990       1.16327129E-02
  2374.1970       1.16297274E-02
  2374.3020       1.16267658E-02
  2374.4000       1.16249425E-02
  2374.4980       1.16248176E-02
  2374.6030       1.16265517E-02
  2374.7010       1.16287179E-02
  2374.7990       1.16304086E-02
  2374.8970       1.16308882E-02
  2375.0020       1.16295526E-02
  2375.1000       1.16266968E-02
  2375.1980       1.16225877E-02
  2375.3030       1.16177246E-02
  2375.4010       1.16134100E-02
  2375.4990       1.16097402E-02
  2375.5970       1.16066102E-02
  2375.7020       1.16031987E-02
  2375.8000       1.15994186E-02
  2375.8980       1.15942958E-02
  2376.0030       1.15870228E-02
  2376.1010       1.15790073E-02
  2376.1990       1.15698158E-02
  2376.2970       1.15582984E-02
  2376.4020       1.15415937E-02
  2376.5000       1.15205922E-02
  2376.5980       1.14935813E-02
  2376.7030       1.14576790E-02
  2376.8010       1.14188003E-02
  2376.8990       1.13761271E-02
  2376.9970       1.13318361E-02
  2377.1020       1.12840470E-02
  2377.2000       1.12401432E-02
  2377.2980       1.11984434E-02
  2377.4030       1.11574070E-02
  2377.5010       1.11222388E-02
  2377.5990       1.10889113E-02
  2377.6970       1.10578708E-02
  2377.8020       1.10280505E-02
  2377.9000       1.10047489E-02
  2377.9980       1.09866078E-02
  2378.1030       1.09729354E-02
  2378.2010       1.09650934E-02
  2378.2990       1.09615533E-02
  2378.3970       1.09620859E-02
  2378.5020       1.09669314E-02
  2378.6000       1.09755745E-02
  2378.6980       1.09885690E-02
  2378.8030       1.10072609E-02
  2378.9010       1.10273249E-02
  2378.9990       1.10489888E-02
  2379.0970       1.10732368E-02
  2379.2020       1.11031020E-02
  2379.3000       1.11349171E-02
  2379.3980       1.11692121E-02
  2379.5030       1.12054845E-02
  2379.6010       1.12363909E-02
  2379.6990       1.12634482E-02
  2379.7970       1.12883698E-02
  2379.9020       1.13159370E-02
  2380.0000       1.13451738E-02
  2380.0980       1.13782500E-02
  2380.2030       1.14164599E-02
  2380.3010       1.14521725E-02
  2380.3990       1.14862005E-02
  2380.4970       1.15170057E-02
  2380.6020       1.15460312E-02
  2380.7000       1.15681142E-02
  2380.7980       1.15845537E-02
  2380.9030       1.15950970E-02
  2381.0010       1.15970473E-02
  2381.0990       1.15911766E-02
  2381.1970       1.15797710E-02
  2381.3020       1.15648584E-02
  2381.4000       1.15512646E-02
  2381.4980       1.15397430E-02
  2381.6030       1.15296624E-02
  2381.7010       1.15227179E-02
  2381.7990       1.15184397E-02
  2381.8970       1.15170250E-02
  2382.0020       1.15187617E-02
  2382.1000       1.15238358E-02
  2382.1980       1.15312331E-02
  2382.3030       1.15408286E-02
  2382.4010       1.15502212E-02
  2382.4990       1.15594786E-02
  2382.5970       1.15683372E-02
  2382.7020       1.15774595E-02
  2382.8000       1.15861809E-02
  2382.8980       1.15953507E-02
  2383.0030       1.16068730E-02
  2383.1010       1.16198130E-02
  2383.1990       1.16352392E-02
  2383.2970       1.16535259E-02
  2383.4020       1.16759930E-02
  2383.5000       1.16994763E-02
  2383.5980       1.17254628E-02
  2383.7030       1.17552215E-02
  2383.8010       1.17830965E-02
  2383.8990       1.18089871E-02
  2383.9970       1.18317014E-02
  2384.1020       1.18524637E-02
  2384.2000       1.18673311E-02
  2384.2980       1.18784071E-02
  2384.4030       1.18872681E-02
  2384.5010       1.18928099E-02
  2384.5990       1.18949069E-02
  2384.6970       1.18913253E-02
  2384.8020       1.18812938E-02
  2384.9000       1.18677852E-02
  2384.9980       1.18499152E-02
  2385.1030       1.18304280E-02
  2385.2010       1.18141575E-02
  2385.2990       1.17937635E-02
  2385.3970       1.17676067E-02
  2385.5020       1.17354613E-02
  2385.6000       1.17016709E-02
  2385.6980       1.16655938E-02
  2385.8030       1.16277135E-02
  2385.9010       1.15964850E-02
  2385.9990       1.15701201E-02
  2386.0970       1.15481125E-02
  2386.2020       1.15285664E-02
  2386.3000       1.15149023E-02
  2386.3980       1.15059831E-02
  2386.5030       1.15024226E-02
  2386.6010       1.15053804E-02
  2386.6990       1.15145605E-02
  2386.7970       1.15289506E-02
  2386.9020       1.15483072E-02
  2387.0000       1.15667220E-02
  2387.0980       1.15828288E-02
  2387.2030       1.15939721E-02
  2387.3010       1.15946379E-02
  2387.3990       1.15842808E-02
  2387.4970       1.15652911E-02
  2387.6020       1.15415883E-02
  2387.7000       1.15207436E-02
  2387.7980       1.15041371E-02
  2387.9030       1.14928511E-02
  2388.0010       1.14879567E-02
  2388.0990       1.14871693E-02
  2388.1970       1.14888394E-02
  2388.3020       1.14914998E-02
  2388.4000       1.14942756E-02
  2388.4980       1.14972579E-02
  2388.6030       1.15012478E-02
  2388.7010       1.15060789E-02
  2388.7990       1.15131139E-02
  2388.8970       1.15219749E-02
  2389.0020       1.15336264E-02
  2389.1000       1.15459236E-02
  2389.1980       1.15587331E-02
  2389.3030       1.15715263E-02
  2389.4010       1.15817027E-02
  2389.4990       1.15895217E-02
  2389.5970       1.15944044E-02
  2389.7020       1.15958195E-02
  2389.8000       1.15942279E-02
  2389.8980       1.15904891E-02
  2390.0030       1.15845702E-02
  2390.1010       1.15784339E-02
  2390.1990       1.15721691E-02
  2390.2970       1.15662081E-02
  2390.4020       1.15603836E-02
  2390.5000       1.15550922E-02
  2390.5980       1.15487402E-02
  2390.7030       1.15414086E-02
  2390.8010       1.15337270E-02
  2390.8990       1.15247106E-02
  2390.9970       1.15142704E-02
  2391.1020       1.15008946E-02
  2391.2000       1.14861934E-02
  2391.2980       1.14694677E-02
  2391.4030       1.14506837E-02
  2391.5010       1.14335513E-02
  2391.5990       1.14178887E-02
  2391.6970       1.14037565E-02
  2391.8020       1.13898479E-02
  2391.9000       1.13778265E-02
  2391.9980       1.13677696E-02
  2392.1030       1.13599276E-02
  2392.2010       1.13563416E-02
  2392.2990       1.13562823E-02
  2392.3970       1.13590046E-02
  2392.5020       1.13652689E-02
  2392.6000       1.13735339E-02
  2392.6980       1.13841840E-02
  2392.8030       1.13982852E-02
  2392.9010       1.14132199E-02
  2392.9990       1.14299066E-02
  2393.0970       1.14476410E-02
  2393.2020       1.14681902E-02
  2393.3000       1.14888748E-02
  2393.3980       1.15102872E-02
  2393.5030       1.15334926E-02
  2393.6010       1.15546397E-02
  2393.6990       1.15761140E-02
  2393.7970       1.15977275E-02
  2393.9020       1.16216695E-02
  2394.0000       1.16448080E-02
  2394.0980       1.16691068E-02
  2394.2030       1.16956889E-02
  2394.3010       1.17211481E-02
  2394.3990       1.17463410E-02
  2394.4970       1.17703942E-02
  2394.6020       1.17941140E-02
  2394.7000       1.18137817E-02
  2394.7980       1.18304586E-02
  2394.9030       1.18454535E-02
  2395.0010       1.18568694E-02
  2395.0990       1.18668012E-02
  2395.1970       1.18763285E-02
  2395.3020       1.18868987E-02
  2395.4000       1.18976246E-02
  2395.4980       1.19091944E-02
  2395.6030       1.19212157E-02
  2395.7010       1.19308879E-02
  2395.7990       1.19391171E-02
  2395.8970       1.19450784E-02
  2396.0020       1.19486703E-02
  2396.1000       1.19492820E-02
  2396.1980       1.19462293E-02
  2396.3030       1.19387537E-02
  2396.4010       1.19275128E-02
  2396.4990       1.19122220E-02
  2396.5970       1.18931093E-02
  2396.7020       1.18696437E-02
  2396.8000       1.18459221E-02
  2396.8980       1.18220536E-02
  2397.0030       1.17981947E-02
  2397.1010       1.17792730E-02
  2397.1990       1.17642008E-02
  2397.2970       1.17538005E-02
  2397.4020       1.17476260E-02
  2397.5000       1.17469001E-02
  2397.5980       1.17498963E-02
  2397.7030       1.17565825E-02
  2397.8010       1.17649893E-02
  2397.8990       1.17741309E-02
  2397.9970       1.17833707E-02
  2398.1020       1.17926791E-02
  2398.2000       1.18009104E-02
  2398.2980       1.18087696E-02
  2398.4030       1.18161798E-02
  2398.5010       1.18224877E-02
  2398.5990       1.18275969E-02
  2398.6970       1.18310665E-02
  2398.8020       1.18328274E-02
  2398.9000       1.18323240E-02
  2398.9980       1.18295105E-02
  2399.1030       1.18231830E-02
  2399.2010       1.18145389E-02
  2399.2990       1.18028984E-02
  2399.3970       1.17885261E-02
  2399.5020       1.17712157E-02
  2399.6000       1.17540859E-02
  2399.6980       1.17371676E-02
  2399.8030       1.17197867E-02
  2399.9010       1.17056573E-02
  2399.9990       1.16944974E-02
  2400.0970       1.16868749E-02
  2400.2020       1.16833039E-02
  2400.3000       1.16849475E-02
  2400.3980       1.16912808E-02
  2400.5030       1.17029454E-02
  2400.6010       1.17175079E-02
  2400.6990       1.17348518E-02
  2400.7970       1.17543040E-02
  2400.9020       1.17764343E-02
  2401.0000       1.17976499E-02
  2401.0980       1.18185583E-02
  2401.2030       1.18410981E-02
  2401.3010       1.18620435E-02
  2401.3990       1.18833897E-02
  2401.4970       1.19054911E-02
  2401.6020       1.19298087E-02
  2401.7000       1.19525623E-02
  2401.7980       1.19754288E-02
  2401.9030       1.20006131E-02
  2402.0010       1.20248739E-02
  2402.0990       1.20502501E-02
  2402.1970       1.20769875E-02
  2402.3020       1.21063549E-02
  2402.4000       1.21334381E-02
  2402.4980       1.21582966E-02
  2402.6030       1.21802555E-02
  2402.7010       1.21949969E-02
  2402.7990       1.22049860E-02
  2402.8970       1.22119815E-02
  2403.0020       1.22187471E-02
  2403.1000       1.22251617E-02
  2403.1980       1.22300094E-02
  2403.3030       1.22320681E-02
  2403.4010       1.22301569E-02
  2403.4990       1.22241586E-02
  2403.5970       1.22149300E-02
  2403.7020       1.22015445E-02
  2403.8000       1.21869209E-02
  2403.8980       1.21713365E-02
  2404.0030       1.21547139E-02
  2404.1010       1.21402635E-02
  2404.1990       1.21274853E-02
  2404.2970       1.21162530E-02
  2404.4020       1.21047161E-02
  2404.5000       1.20923068E-02
  2404.5980       1.20773303E-02
  2404.7030       1.20579605E-02
  2404.8010       1.20375576E-02
  2404.8990       1.20189654E-02
  2404.9970       1.20041915E-02
  2405.1020       1.19883151E-02
  2405.2000       1.19736577E-02
  2405.2980       1.19612791E-02
  2405.4030       1.19445814E-02
  2405.5010       1.19265202E-02
  2405.5990       1.19067918E-02
  2405.6970       1.18834632E-02
  2405.8020       1.18581566E-02
  2405.9000       1.18357912E-02
  2405.9980       1.18159151E-02
  2406.1030       1.17986647E-02
  2406.2010       1.17864260E-02
  2406.2990       1.17776419E-02
  2406.3970       1.17724543E-02
  2406.5020       1.17697607E-02
  2406.6000       1.17698128E-02
  2406.6980       1.17719292E-02
  2406.8030       1.17755128E-02
  2406.9010       1.17793635E-02
  2406.9990       1.17825882E-02
  2407.0970       1.17851837E-02
  2407.2020       1.17870536E-02
  2407.3000       1.17876872E-02
  2407.3980       1.17875843E-02
  2407.5030       1.17868170E-02
  2407.6010       1.17858425E-02
  2407.6990       1.17846562E-02
  2407.7970       1.17832118E-02
  2407.9020       1.17806570E-02
  2408.0000       1.17773488E-02
  2408.0980       1.17742248E-02
  2408.2030       1.17714046E-02
  2408.3010       1.17688005E-02
  2408.3990       1.17655188E-02
  2408.4970       1.17599627E-02
  2408.6020       1.17511924E-02
  2408.7000       1.17401222E-02
  2408.7980       1.17257633E-02
  2408.9030       1.17078963E-02
  2409.0010       1.16899811E-02
  2409.0990       1.16723337E-02
  2409.1970       1.16558253E-02
  2409.3020       1.16402030E-02
  2409.4000       1.16277316E-02
  2409.4980       1.16177163E-02
  2409.6030       1.16096835E-02
  2409.7010       1.16049347E-02
  2409.7990       1.16033099E-02
  2409.8970       1.16045301E-02
  2410.0020       1.16090440E-02
  2410.1000       1.16161111E-02
  2410.1980       1.16256463E-02
  2410.3030       1.16380231E-02
  2410.4010       1.16498503E-02
  2410.4990       1.16602667E-02
  2410.5970       1.16687921E-02
  2410.7020       1.16746539E-02
  2410.8000       1.16778735E-02
  2410.8980       1.16793555E-02
  2411.0030       1.16795157E-02
  2411.1010       1.16779063E-02
  2411.1990       1.16753862E-02
  2411.2970       1.16729389E-02
  2411.4020       1.16710560E-02
  2411.5000       1.16705183E-02
  2411.5980       1.16710556E-02
  2411.7030       1.16730214E-02
  2411.8010       1.16759617E-02
  2411.8990       1.16805397E-02
  2411.9970       1.16864095E-02
  2412.1020       1.16946112E-02
  2412.2000       1.17029125E-02
  2412.2980       1.17116482E-02
  2412.4030       1.17220838E-02
  2412.5010       1.17316814E-02
  2412.5990       1.17408539E-02
  2412.6970       1.17489259E-02
  2412.8020       1.17560519E-02
  2412.9000       1.17609766E-02
  2412.9980       1.17641033E-02
  2413.1030       1.17655888E-02
  2413.2010       1.17648997E-02
  2413.2990       1.17621289E-02
  2413.3970       1.17575572E-02
  2413.5020       1.17509793E-02
  2413.6000       1.17435974E-02
  2413.6980       1.17356495E-02
  2413.8030       1.17274451E-02
  2413.9010       1.17203354E-02
  2413.9990       1.17139336E-02
  2414.0970       1.17086171E-02
  2414.2020       1.17040777E-02
  2414.3000       1.17001911E-02
  2414.3980       1.16965169E-02
  2414.5030       1.16928315E-02
  2414.6010       1.16894951E-02
  2414.6990       1.16862087E-02
  2414.7970       1.16824899E-02
  2414.9020       1.16783805E-02
  2415.0000       1.16737108E-02
  2415.0980       1.16681511E-02
  2415.2030       1.16612575E-02
  2415.3010       1.16536297E-02
  2415.3990       1.16454541E-02
  2415.4970       1.16364014E-02
  2415.6020       1.16258343E-02
  2415.7000       1.16144772E-02
  2415.7980       1.16018723E-02
  2415.9030       1.15864026E-02
  2416.0010       1.15709125E-02
  2416.0990       1.15545550E-02
  2416.1970       1.15378856E-02
  2416.3020       1.15207842E-02
  2416.4000       1.15070201E-02
  2416.4980       1.14963629E-02
  2416.6030       1.14894913E-02
  2416.7010       1.14866364E-02
  2416.7990       1.14858605E-02
  2416.8970       1.14870591E-02
  2417.0020       1.14904253E-02
  2417.1000       1.14963276E-02
  2417.1980       1.15047147E-02
  2417.3030       1.15165114E-02
  2417.4010       1.15301417E-02
  2417.4990       1.15459695E-02
  2417.5970       1.15640408E-02
  2417.7020       1.15853349E-02
  2417.8000       1.16060603E-02
  2417.8980       1.16278512E-02
  2418.0030       1.16516553E-02
  2418.1010       1.16743288E-02
  2418.1990       1.16978190E-02
  2418.2970       1.17228298E-02
  2418.4020       1.17513027E-02
  2418.5000       1.17784076E-02
  2418.5980       1.18065255E-02
  2418.7030       1.18364542E-02
  2418.8010       1.18636927E-02
  2418.8990       1.18897953E-02
  2418.9970       1.19142148E-02
  2419.1020       1.19388439E-02
  2419.2000       1.19600319E-02
  2419.2980       1.19795283E-02
  2419.4030       1.19986104E-02
  2419.5010       1.20148894E-02
  2419.5990       1.20304925E-02
  2419.6970       1.20450896E-02
  2419.8020       1.20599279E-02
  2419.9000       1.20724036E-02
  2419.9980       1.20839235E-02
  2420.1030       1.20954289E-02
  2420.2010       1.21055762E-02
  2420.2990       1.21153729E-02
  2420.3970       1.21245172E-02
  2420.5020       1.21335216E-02
  2420.6000       1.21414035E-02
  2420.6980       1.21480552E-02
  2420.8030       1.21530866E-02
  2420.9010       1.21548892E-02
  2420.9990       1.21535441E-02
  2421.0970       1.21498325E-02
  2421.2020       1.21436905E-02
  2421.3000       1.21369119E-02
  2421.3980       1.21296029E-02
  2421.5030       1.21220347E-02
  2421.6010       1.21157725E-02
  2421.6990       1.21106418E-02
  2421.7970       1.21061501E-02
  2421.9020       1.21027039E-02
  2422.0000       1.21011356E-02
  2422.0980       1.21009542E-02
  2422.2030       1.21017863E-02
  2422.3010       1.21032319E-02
  2422.3990       1.21041118E-02
  2422.4970       1.21040649E-02
  2422.6020       1.21024033E-02
  2422.7000       1.20991720E-02
  2422.7980       1.20945422E-02
  2422.9030       1.20881555E-02
  2423.0010       1.20817065E-02
  2423.0990       1.20752082E-02
  2423.1970       1.20677303E-02
  2423.3020       1.20584751E-02
  2423.4000       1.20472650E-02
  2423.4980       1.20329215E-02
  2423.6030       1.20125664E-02
  2423.7010       1.19891934E-02
  2423.7990       1.19619584E-02
  2423.8970       1.19323460E-02
  2424.0020       1.18999985E-02
  2424.1000       1.18702380E-02
  2424.1980       1.18421095E-02
  2424.3030       1.18137652E-02
  2424.4010       1.17885407E-02
  2424.4990       1.17644253E-02
  2424.5970       1.17417381E-02
  2424.7020       1.17189042E-02
  2424.8000       1.16996979E-02
  2424.8980       1.16832416E-02
  2425.0030       1.16685694E-02
  2425.1010       1.16572088E-02
  2425.1990       1.16469764E-02
  2425.2970       1.16372765E-02
  2425.4020       1.16268466E-02
  2425.5000       1.16169608E-02
  2425.5980       1.16066740E-02
  2425.7030       1.15957216E-02
  2425.8010       1.15857983E-02
  2425.8990       1.15761448E-02
  2425.9970       1.15667712E-02
  2426.1020       1.15580537E-02
  2426.2000       1.15503123E-02
  2426.2980       1.15429479E-02
  2426.4030       1.15351678E-02
  2426.5010       1.15276260E-02
  2426.5990       1.15187163E-02
  2426.6970       1.15086213E-02
  2426.8020       1.14952858E-02
  2426.9000       1.14806537E-02
  2426.9980       1.14640740E-02
  2427.1030       1.14448700E-02
  2427.2010       1.14262725E-02
  2427.2990       1.14070787E-02
  2427.3970       1.13876886E-02
  2427.5020       1.13669168E-02
  2427.6000       1.13473227E-02
  2427.6980       1.13276242E-02
  2427.8030       1.13067340E-02
  2427.9010       1.12870758E-02
  2427.9990       1.12673967E-02
  2428.0970       1.12479377E-02
  2428.2020       1.12272427E-02
  2428.3000       1.12082098E-02
  2428.3980       1.11894203E-02
  2428.5030       1.11700146E-02
  2428.6010       1.11530255E-02
  2428.6990       1.11367897E-02
  2428.7970       1.11219456E-02
  2428.9020       1.11076276E-02
  2429.0000       1.10962581E-02
  2429.0980       1.10870773E-02
  2429.2030       1.10794411E-02
  2429.3010       1.10747248E-02
  2429.3990       1.10725353E-02
  2429.4970       1.10724011E-02
  2429.6020       1.10743866E-02
  2429.7000       1.10776753E-02
  2429.7980       1.10822111E-02
  2429.9030       1.10880893E-02
  2430.0010       1.10938660E-02
  2430.0990       1.11004834E-02
  2430.1970       1.11078775E-02
  2430.3020       1.11169001E-02
  2430.4000       1.11266815E-02
  2430.4980       1.11376897E-02
  2430.6030       1.11515737E-02
  2430.7010       1.11662227E-02
  2430.7990       1.11821748E-02
  2430.8970       1.11991119E-02
  2431.0020       1.12178813E-02
  2431.1000       1.12350153E-02
  2431.1980       1.12515591E-02
  2431.3030       1.12681207E-02
  2431.4010       1.12823600E-02
  2431.4990       1.12957027E-02
  2431.5970       1.13076685E-02
  2431.7020       1.13192313E-02
  2431.8000       1.13293910E-02
  2431.8980       1.13384616E-02
  2432.0030       1.13473011E-02
  2432.1010       1.13550443E-02
  2432.1990       1.13626419E-02
  2432.2970       1.13701972E-02
  2432.4020       1.13782325E-02
  2432.5000       1.13858014E-02
  2432.5980       1.13930768E-02
  2432.7030       1.14006362E-02
  2432.8010       1.14071989E-02
  2432.8990       1.14134575E-02
  2432.9970       1.14195439E-02
  2433.1020       1.14256136E-02
  2433.2000       1.14314692E-02
  2433.2980       1.14372113E-02
  2433.4030       1.14437735E-02
  2433.5010       1.14500031E-02
  2433.5990       1.14565046E-02
  2433.6970       1.14631278E-02
  2433.8020       1.14699233E-02
  2433.9000       1.14757796E-02
  2433.9980       1.14808123E-02
  2434.1030       1.14852488E-02
  2434.2010       1.14884828E-02
  2434.2990       1.14912268E-02
  2434.3970       1.14936544E-02
  2434.5020       1.14969232E-02
  2434.6000       1.15009996E-02
  2434.6980       1.15064056E-02
  2434.8030       1.15142579E-02
  2434.9010       1.15241387E-02
  2434.9990       1.15366339E-02
  2435.0970       1.15521423E-02
  2435.2020       1.15719265E-02
  2435.3000       1.15939840E-02
  2435.3980       1.16199498E-02
  2435.5030       1.16523735E-02
  2435.6010       1.16870830E-02
  2435.6990       1.17249970E-02
  2435.7970       1.17641883E-02
  2435.9020       1.18050185E-02
  2436.0000       1.18400243E-02
  2436.0980       1.18700186E-02
  2436.2030       1.18963622E-02
  2436.3010       1.19151660E-02
  2436.3990       1.19292368E-02
  2436.4970       1.19391777E-02
  2436.6020       1.19460649E-02
  2436.7000       1.19497577E-02
  2436.7980       1.19516425E-02
  2436.9030       1.19517226E-02
  2437.0010       1.19513916E-02
  2437.0990       1.19508218E-02
  2437.1970       1.19502681E-02
  2437.3020       1.19504570E-02
  2437.4000       1.19513148E-02
  2437.4980       1.19528693E-02
  2437.6030       1.19557963E-02
  2437.7010       1.19600070E-02
  2437.7990       1.19660523E-02
  2437.8970       1.19740346E-02
  2438.0020       1.19849377E-02
  2438.1000       1.19962520E-02
  2438.1980       1.20084048E-02
  2438.3030       1.20211338E-02
  2438.4010       1.20326521E-02
  2438.4990       1.20436200E-02
  2438.5970       1.20541282E-02
  2438.7020       1.20646585E-02
  2438.8000       1.20742825E-02
  2438.8980       1.20830389E-02
  2439.0030       1.20910660E-02
  2439.1010       1.20973878E-02
  2439.1990       1.21024218E-02
  2439.2970       1.21060598E-02
  2439.4020       1.21087509E-02
  2439.5000       1.21099799E-02
  2439.5980       1.21099910E-02
  2439.7030       1.21079422E-02
  2439.8010       1.21045268E-02
  2439.8990       1.20991811E-02
  2439.9970       1.20919715E-02
  2440.1020       1.20825427E-02
  2440.2000       1.20718621E-02
  2440.2980       1.20601066E-02
  2440.4030       1.20473466E-02
  2440.5010       1.20353256E-02
  2440.5990       1.20239490E-02
  2440.6970       1.20126268E-02
  2440.8020       1.19998988E-02
  2440.9000       1.19859836E-02
  2440.9980       1.19702118E-02
  2441.1030       1.19513412E-02
  2441.2010       1.19332422E-02
  2441.2990       1.19157280E-02
  2441.3970       1.18987299E-02
  2441.5020       1.18817131E-02
  2441.6000       1.18669501E-02
  2441.6980       1.18532774E-02
  2441.8030       1.18401703E-02
  2441.9010       1.18291946E-02
  2441.9990       1.18190637E-02
  2442.0970       1.18096024E-02
  2442.2020       1.17995295E-02
  2442.3000       1.17897674E-02
  2442.3980       1.17796886E-02
  2442.5030       1.17683004E-02
  2442.6010       1.17569601E-02
  2442.6990       1.17446680E-02
  2442.7970       1.17320911E-02
  2442.9020       1.17174875E-02
  2443.0000       1.17027754E-02
  2443.0980       1.16867063E-02
  2443.2030       1.16688900E-02
  2443.3010       1.16514634E-02
  2443.3990       1.16339202E-02
  2443.4970       1.16167968E-02
  2443.6020       1.15994641E-02
  2443.7000       1.15844809E-02
  2443.7980       1.15715342E-02
  2443.9030       1.15603795E-02
  2444.0010       1.15526215E-02
  2444.0990       1.15478279E-02
  2444.1970       1.15455661E-02
  2444.3020       1.15451022E-02
  2444.4000       1.15462713E-02
  2444.4980       1.15481792E-02
  2444.6030       1.15505732E-02
  2444.7010       1.15524100E-02
  2444.7990       1.15538631E-02
  2444.8970       1.15552078E-02
  2445.0020       1.15563432E-02
  2445.1000       1.15568826E-02
  2445.1980       1.15566290E-02
  2445.3030       1.15550114E-02
  2445.4010       1.15525187E-02
  2445.4990       1.15490392E-02
  2445.5970       1.15441698E-02
  2445.7020       1.15379070E-02
  2445.8000       1.15310852E-02
  2445.8980       1.15234902E-02
  2446.0030       1.15151736E-02
  2446.1010       1.15081601E-02
  2446.1990       1.15018855E-02
  2446.2970       1.14965931E-02
  2446.4020       1.14910621E-02
  2446.5000       1.14864430E-02
  2446.5980       1.14817915E-02
  2446.7030       1.14771830E-02
  2446.8010       1.14745495E-02
  2446.8990       1.14736292E-02
  2446.9970       1.14752382E-02
  2447.1020       1.14790391E-02
  2447.2000       1.14835662E-02
  2447.2980       1.14882126E-02
  2447.4030       1.14929163E-02
  2447.5010       1.14962928E-02
  2447.5990       1.14986103E-02
  2447.6970       1.14991776E-02
  2447.8020       1.14971385E-02
  2447.9000       1.14933908E-02
  2447.9980       1.14891605E-02
  2448.1030       1.14851669E-02
  2448.2010       1.14821860E-02
  2448.2990       1.14800767E-02
  2448.3970       1.14789026E-02
  2448.5020       1.14779099E-02
  2448.6000       1.14775522E-02
  2448.6980       1.14770740E-02
  2448.8030       1.14768034E-02
  2448.9010       1.14778695E-02
  2448.9990       1.14800406E-02
  2449.0970       1.14848758E-02
  2449.2020       1.14931066E-02
  2449.3000       1.15037542E-02
  2449.3980       1.15163569E-02
  2449.5030       1.15316477E-02
  2449.6010       1.15464357E-02
  2449.6990       1.15604232E-02
  2449.7970       1.15731700E-02
  2449.9020       1.15845496E-02
  2450.0000       1.15924516E-02
  2450.0980       1.15973661E-02
  2450.2030       1.15996240E-02
  2450.3010       1.16002328E-02
  2450.3990       1.15998533E-02
  2450.4970       1.15995975E-02
  2450.6020       1.16003415E-02
  2450.7000       1.16024282E-02
  2450.7980       1.16053998E-02
  2450.9030       1.16100694E-02
  2451.0010       1.16162299E-02
  2451.0990       1.16236077E-02
  2451.1970       1.16330823E-02
  2451.3020       1.16454925E-02
  2451.4000       1.16594455E-02
  2451.4980       1.16756553E-02
  2451.6030       1.16959785E-02
  2451.7010       1.17175133E-02
  2451.7990       1.17403552E-02
  2451.8970       1.17632473E-02
  2452.0020       1.17862442E-02
  2452.1000       1.18045758E-02
  2452.1980       1.18190963E-02
  2452.3030       1.18287859E-02
  2452.4010       1.18327529E-02
  2452.4990       1.18320002E-02
  2452.5970       1.18273391E-02
  2452.7020       1.18187404E-02
  2452.8000       1.18088336E-02
  2452.8980       1.17979599E-02
  2453.0030       1.17859083E-02
  2453.1010       1.17746925E-02
  2453.1990       1.17648830E-02
  2453.2970       1.17572571E-02
  2453.4020       1.17527533E-02
  2453.5000       1.17522657E-02
  2453.5980       1.17560526E-02
  2453.7030       1.17646178E-02
  2453.8010       1.17764503E-02
  2453.8990       1.17911652E-02
  2453.9970       1.18076463E-02
  2454.1020       1.18261033E-02
  2454.2000       1.18428458E-02
  2454.2980       1.18582689E-02
  2454.4030       1.18725433E-02
  2454.5010       1.18823093E-02
  2454.5990       1.18887561E-02
  2454.6970       1.18916971E-02
  2454.8020       1.18914710E-02
  2454.9000       1.18882936E-02
  2454.9980       1.18831757E-02
  2455.1030       1.18759105E-02
  2455.2010       1.18685981E-02
  2455.2990       1.18608522E-02
  2455.3970       1.18532101E-02
  2455.5020       1.18450206E-02
  2455.6000       1.18375459E-02
  2455.6980       1.18300773E-02
  2455.8030       1.18222498E-02
  2455.9010       1.18153126E-02
  2455.9990       1.18088843E-02
  2456.0970       1.18027068E-02
  2456.2020       1.17964363E-02
  2456.3000       1.17907697E-02
  2456.3980       1.17853529E-02
  2456.5030       1.17789068E-02
  2456.6010       1.17726985E-02
  2456.6990       1.17656018E-02
  2456.7970       1.17574538E-02
  2456.9020       1.17476813E-02
  2457.0000       1.17375407E-02
  2457.0980       1.17262518E-02
  2457.2030       1.17128970E-02
  2457.3010       1.16995459E-02
  2457.3990       1.16853503E-02
  2457.4970       1.16699219E-02
  2457.6020       1.16524397E-02
  2457.7000       1.16356742E-02
  2457.7980       1.16191955E-02
  2457.9030       1.16024467E-02
  2458.0010       1.15888269E-02
  2458.0990       1.15777816E-02
  2458.1970       1.15691792E-02
  2458.3020       1.15624096E-02
  2458.4000       1.15571575E-02
  2458.4980       1.15534715E-02
  2458.6030       1.15511326E-02
  2458.7010       1.15511126E-02
  2458.7990       1.15536604E-02
  2458.8970       1.15587984E-02
  2459.0020       1.15666554E-02
  2459.1000       1.15770327E-02
  2459.1980       1.15900416E-02
  2459.3030       1.16064998E-02
  2459.4010       1.16241065E-02
  2459.4990       1.16446436E-02
  2459.5970       1.16676175E-02
  2459.7020       1.16936082E-02
  2459.8000       1.17163363E-02
  2459.8980       1.17354312E-02
  2460.0030       1.17515943E-02
  2460.1010       1.17622747E-02
  2460.1990       1.17690608E-02
  2460.2970       1.17721631E-02
  2460.4020       1.17722753E-02
  2460.5000       1.17694563E-02
  2460.5980       1.17651240E-02
  2460.7030       1.17593856E-02
  2460.8010       1.17534590E-02
  2460.8990       1.17460719E-02
  2460.9970       1.17365407E-02
  2461.1020       1.17242277E-02
  2461.2000       1.17110589E-02
  2461.2980       1.16972780E-02
  2461.4030       1.16812794E-02
  2461.5010       1.16648614E-02
  2461.5990       1.16472266E-02
  2461.6970       1.16291644E-02
  2461.8020       1.16104434E-02
  2461.9000       1.15935508E-02
  2461.9980       1.15767714E-02
  2462.1030       1.15592715E-02
  2462.2010       1.15435157E-02
  2462.2990       1.15282187E-02
  2462.3970       1.15135988E-02
  2462.5020       1.14981862E-02
  2462.6000       1.14836180E-02
  2462.6980       1.14685853E-02
  2462.8030       1.14526296E-02
  2462.9010       1.14384018E-02
  2462.9990       1.14252170E-02
  2463.0970       1.14138857E-02
  2463.2020       1.14048667E-02
  2463.3000       1.13998851E-02
  2463.3980       1.13973012E-02
  2463.5030       1.13956181E-02
  2463.6010       1.13940922E-02
  2463.6990       1.13921385E-02
  2463.7970       1.13897533E-02
  2463.9020       1.13877323E-02
  2464.0000       1.13862433E-02
  2464.0980       1.13859320E-02
  2464.2030       1.13863215E-02
  2464.3010       1.13873728E-02
  2464.3990       1.13887443E-02
  2464.4970       1.13899856E-02
  2464.6020       1.13908776E-02
  2464.7000       1.13908787E-02
  2464.7980       1.13903961E-02
  2464.9030       1.13884443E-02
  2465.0010       1.13849514E-02
  2465.0990       1.13798032E-02
  2465.1970       1.13731461E-02
  2465.3020       1.13641729E-02
  2465.4000       1.13547496E-02
  2465.4980       1.13447732E-02
  2465.6030       1.13344263E-02
  2465.7010       1.13256158E-02
  2465.7990       1.13185979E-02
  2465.8970       1.13134598E-02
  2466.0020       1.13110122E-02
  2466.1000       1.13115327E-02
  2466.1980       1.13150582E-02
  2466.3030       1.13221501E-02
  2466.4010       1.13313103E-02
  2466.4990       1.13430191E-02
  2466.5970       1.13562754E-02
  2466.7020       1.13721096E-02
  2466.8000       1.13878839E-02
  2466.8980       1.14044582E-02
  2467.0030       1.14228683E-02
  2467.1010       1.14397893E-02
  2467.1990       1.14565487E-02
  2467.2970       1.14719888E-02
  2467.4020       1.14873862E-02
  2467.5000       1.15008320E-02
  2467.5980       1.15136339E-02
  2467.7030       1.15260898E-02
  2467.8010       1.15363424E-02
  2467.8990       1.15451846E-02
  2467.9970       1.15520739E-02
  2468.1020       1.15572381E-02
  2468.2000       1.15607069E-02
  2468.2980       1.15626113E-02
  2468.4030       1.15627961E-02
  2468.5010       1.15613968E-02
  2468.5990       1.15584174E-02
  2468.6970       1.15540788E-02
  2468.8020       1.15487468E-02
  2468.9000       1.15432011E-02
  2468.9980       1.15379660E-02
  2469.1030       1.15325405E-02
  2469.2010       1.15278586E-02
  2469.2990       1.15237686E-02
  2469.3970       1.15202742E-02
  2469.5020       1.15172810E-02
  2469.6000       1.15147234E-02
  2469.6980       1.15125640E-02
  2469.8030       1.15104397E-02
  2469.9010       1.15087305E-02
  2469.9990       1.15072460E-02
