  1200.1000       2.05273543E-03
  1200.2000       2.05274644E-03
  1200.3000       2.05275601E-03
  1200.4000       2.05276257E-03
  1200.5000       2.05277621E-03
  1200.6000       2.05278632E-03
  1200.7000       2.05279814E-03
  1200.8000       2.05280461E-03
  1200.9000       2.05281315E-03
  1201.0000       2.05281952E-03
  1201.1000       2.05282987E-03
  1201.2000       2.05284164E-03
  1201.3000       2.05284772E-03
  1201.4000       2.05285752E-03
  1201.5000       2.05286640E-03
  1201.6000       2.05287762E-03
  1201.7000       2.05289217E-03
  1201.8000       2.05289788E-03
  1201.9000       2.05291037E-03
  1202.0000       2.05291713E-03
  1202.1000       2.05292614E-03
  1202.2000       2.05293809E-03
  1202.3000       2.05294590E-03
  1202.4000       2.05295459E-03
  1202.5000       2.05296185E-03
  1202.6000       2.05297204E-03
  1202.7000       2.05298479E-03
  1202.8000       2.05299447E-03
  1202.9000       2.05300501E-03
  1203.0000       2.05301498E-03
  1203.1000       2.05302375E-03
  1203.2000       2.05303731E-03
  1203.3000       2.05304168E-03
  1203.4000       2.05305331E-03
  1203.5000       2.05306037E-03
  1203.6000       2.05307242E-03
  1203.7000       2.05308073E-03
  1203.8000       2.05308718E-03
  1203.9000       2.05309978E-03
  1204.0000       2.05311044E-03
  1204.1000       2.05311912E-03
  1204.2000       2.05313037E-03
  1204.3000       2.05314062E-03
  1204.4000       2.05315315E-03
  1204.5000       2.05315706E-03
  1204.6000       2.05316963E-03
  1204.7000       2.05317845E-03
  1204.8000       2.05318996E-03
  1204.9000       2.05319959E-03
  1205.0000       2.05320677E-03
  1205.1000       2.05321585E-03
  1205.2000       2.05322710E-03
  1205.3000       2.05323952E-03
  1205.4000       2.05324442E-03
  1205.5000       2.05325604E-03
  1205.6000       2.05326773E-03
  1205.7000       2.05327551E-03
  1205.8000       2.05328066E-03
  1205.9000       2.05329344E-03
  1206.0000       2.05330177E-03
  1206.1000       2.05331232E-03
  1206.2000       2.05332515E-03
  1206.3000       2.05333503E-03
  1206.4000       2.05334330E-03
  1206.5000       2.05335237E-03
  1206.6000       2.05336276E-03
  1206.7000       2.05337435E-03
  1206.8000       2.05338334E-03
  1206.9000       2.05338818E-03
  1207.0000       2.05340119E-03
  1207.1000       2.05341195E-03
  1207.2000       2.05342549E-03
  1207.3000       2.05343275E-03
  1207.4000       2.05343987E-03
  1207.5000       2.05344892E-03
  1207.6000       2.05345744E-03
  1207.7000       2.05346551E-03
  1207.8000       2.05347765E-03
  1207.9000       2.05348536E-03
  1208.0000       2.05349822E-03
  1208.1000       2.05350760E-03
  1208.2000       2.05351636E-03
  1208.3000       2.05352752E-03
  1208.4000       2.05353446E-03
  1208.5000       2.05354683E-03
  1208.6000       2.05355081E-03
  1208.7000       2.05356414E-03
  1208.8000       2.05357039E-03
  1208.9000       2.05358367E-03
  1209.0000       2.05359548E-03
  1209.1000       2.05359875E-03
  1209.2000       2.05360767E-03
  1209.3000       2.05361726E-03
  1209.4000       2.05362734E-03
  1209.5000       2.05363739E-03
  1209.6000       2.05364855E-03
  1209.7000       2.05366113E-03
  1209.8000       2.05366684E-03
  1209.9000       2.05367625E-03
  1210.0000       2.05368483E-03
  1210.1000       2.05369917E-03
  1210.2000       2.05370837E-03
  1210.3000       2.05371239E-03
  1210.4000       2.05372161E-03
  1210.5000       2.05373440E-03
  1210.6000       2.05374153E-03
  1210.7000       2.05375218E-03
  1210.8000       2.05376211E-03
  1210.9000       2.05377021E-03
  1211.0000       2.05377992E-03
  1211.1000       2.05378534E-03
  1211.2000       2.05379760E-03
  1211.3000       2.05381369E-03
  1211.4000       2.05381787E-03
  1211.5000       2.05382337E-03
  1211.6000       2.05384017E-03
  1211.7000       2.05384479E-03
  1211.8000       2.05385476E-03
  1211.9000       2.05386169E-03
  1212.0000       2.05387472E-03
  1212.1000       2.05388304E-03
  1212.2000       2.05389146E-03
  1212.3000       2.05390359E-03
  1212.4000       2.05391139E-03
  1212.5000       2.05392548E-03
  1212.6000       2.05392473E-03
  1212.7000       2.05393869E-03
  1212.8000       2.05394979E-03
  1212.9000       2.05396075E-03
  1213.0000       2.05396250E-03
  1213.1000       2.05397563E-03
  1213.2000       2.05398732E-03
  1213.3000       2.05399213E-03
  1213.4000       2.05400294E-03
  1213.5000       2.05401268E-03
  1213.6000       2.05402431E-03
  1213.7000       2.05403102E-03
  1213.8000       2.05404488E-03
  1213.9000       2.05405199E-03
  1214.0000       2.05406347E-03
  1214.1000       2.05406901E-03
  1214.2000       2.05408077E-03
  1214.3000       2.05409030E-03
  1214.4000       2.05409552E-03
  1214.5000       2.05410882E-03
  1214.6000       2.05412269E-03
  1214.7000       2.05412434E-03
  1214.8000       2.05413753E-03
  1214.9000       2.05413929E-03
  1215.0000       2.05415387E-03
  1215.1000       2.05416141E-03
  1215.2000       2.05416845E-03
  1215.3000       2.05418159E-03
  1215.4000       2.05418854E-03
  1215.5000       2.05419819E-03
  1215.6000       2.05420994E-03
  1215.7000       2.05421909E-03
  1215.8000       2.05422530E-03
  1215.9000       2.05423508E-03
  1216.0000       2.05424591E-03
  1216.1000       2.05425536E-03
  1216.2000       2.05426082E-03
  1216.3000       2.05427143E-03
  1216.4000       2.05428364E-03
  1216.5000       2.05429397E-03
  1216.6000       2.05429712E-03
  1216.7000       2.05431185E-03
  1216.8000       2.05431392E-03
  1216.9000       2.05432613E-03
  1217.0000       2.05433527E-03
  1217.1000       2.05434764E-03
  1217.2000       2.05435807E-03
  1217.3000       2.05436409E-03
  1217.4000       2.05436960E-03
  1217.5000       2.05438693E-03
  1217.6000       2.05439437E-03
  1217.7000       2.05439984E-03
  1217.8000       2.05440902E-03
  1217.9000       2.05442246E-03
  1218.0000       2.05443215E-03
  1218.1000       2.05443648E-03
  1218.2000       2.05444622E-03
  1218.3000       2.05445571E-03
  1218.4000       2.05446506E-03
  1218.5000       2.05447317E-03
  1218.6000       2.05448487E-03
  1218.7000       2.05448962E-03
  1218.8000       2.05450542E-03
  1218.9000       2.05451222E-03
  1219.0000       2.05452308E-03
  1219.1000       2.05452823E-03
  1219.2000       2.05453649E-03
  1219.3000       2.05454848E-03
  1219.4000       2.05455696E-03
  1219.5000       2.05456598E-03
  1219.6000       2.05457331E-03
  1219.7000       2.05458180E-03
  1219.8000       2.05459120E-03
  1219.9000       2.05460391E-03
  1220.0000       2.05461498E-03
  1220.1000       2.05462273E-03
  1220.2000       2.05462849E-03
  1220.3000       2.05463563E-03
  1220.4000       2.05464384E-03
  1220.5000       2.05465144E-03
  1220.6000       2.05466488E-03
  1220.7000       2.05467536E-03
  1220.8000       2.05468318E-03
  1220.9000       2.05469412E-03
  1221.0000       2.05470137E-03
  1221.1000       2.05471252E-03
  1221.2000       2.05472126E-03
  1221.3000       2.05472863E-03
  1221.4000       2.05473684E-03
  1221.5000       2.05474860E-03
  1221.6000       2.05475470E-03
  1221.7000       2.05476542E-03
  1221.8000       2.05477412E-03
  1221.9000       2.05478526E-03
  1222.0000       2.05479453E-03
  1222.1000       2.05479974E-03
  1222.2000       2.05481012E-03
  1222.3000       2.05481756E-03
  1222.4000       2.05482405E-03
  1222.5000       2.05483796E-03
  1222.6000       2.05485079E-03
  1222.7000       2.05485400E-03
  1222.8000       2.05486549E-03
  1222.9000       2.05487480E-03
  1223.0000       2.05488242E-03
  1223.1000       2.05489040E-03
  1223.2000       2.05490097E-03
  1223.3000       2.05490438E-03
  1223.4000       2.05491714E-03
  1223.5000       2.05492498E-03
  1223.6000       2.05493661E-03
  1223.7000       2.05494492E-03
  1223.8000       2.05495357E-03
  1223.9000       2.05496491E-03
  1224.0000       2.05497527E-03
  1224.1000       2.05498058E-03
  1224.2000       2.05498948E-03
  1224.3000       2.05499885E-03
  1224.4000       2.05501012E-03
  1224.5000       2.05501587E-03
  1224.6000       2.05502587E-03
  1224.7000       2.05503657E-03
  1224.8000       2.05504288E-03
  1224.9000       2.05505369E-03
  1225.0000       2.05506148E-03
  1225.1000       2.05506933E-03
  1225.2000       2.05507975E-03
  1225.3000       2.05509204E-03
  1225.4000       2.05509510E-03
  1225.5000       2.05510293E-03
  1225.6000       2.05511318E-03
  1225.7000       2.05512460E-03
  1225.8000       2.05513431E-03
  1225.9000       2.05514129E-03
  1226.0000       2.05514785E-03
  1226.1000       2.05516151E-03
  1226.2000       2.05516841E-03
  1226.3000       2.05517619E-03
  1226.4000       2.05518407E-03
  1226.5000       2.05519772E-03
  1226.6000       2.05520219E-03
  1226.7000       2.05521156E-03
  1226.8000       2.05522314E-03
  1226.9000       2.05522813E-03
  1227.0000       2.05523842E-03
  1227.1000       2.05524929E-03
  1227.2000       2.05525521E-03
  1227.3000       2.05526216E-03
  1227.4000       2.05527256E-03
  1227.5000       2.05528080E-03
  1227.6000       2.05528922E-03
  1227.7000       2.05529840E-03
  1227.8000       2.05530948E-03
  1227.9000       2.05531500E-03
  1228.0000       2.05532655E-03
  1228.1000       2.05533284E-03
  1228.2000       2.05534516E-03
  1228.3000       2.05535021E-03
  1228.4000       2.05536336E-03
  1228.5000       2.05537427E-03
  1228.6000       2.05537880E-03
  1228.7000       2.05538029E-03
  1228.8000       2.05539675E-03
  1228.9000       2.05540770E-03
  1229.0000       2.05542043E-03
  1229.1000       2.05542632E-03
  1229.2000       2.05543274E-03
  1229.3000       2.05544369E-03
  1229.4000       2.05545099E-03
  1229.5000       2.05545713E-03
  1229.6000       2.05546589E-03
  1229.7000       2.05547523E-03
  1229.8000       2.05548593E-03
  1229.9000       2.05549320E-03
  1230.0000       2.05550523E-03
  1230.1000       2.05551406E-03
  1230.2000       2.05552047E-03
  1230.3000       2.05552882E-03
  1230.4000       2.05553798E-03
  1230.5000       2.05554313E-03
  1230.6000       2.05555692E-03
  1230.7000       2.05556239E-03
  1230.8000       2.05557337E-03
  1230.9000       2.05558099E-03
  1231.0000       2.05558847E-03
  1231.1000       2.05560168E-03
  1231.2000       2.05560635E-03
  1231.3000       2.05561319E-03
  1231.4000       2.05562896E-03
  1231.5000       2.05563372E-03
  1231.6000       2.05564394E-03
  1231.7000       2.05565291E-03
  1231.8000       2.05565971E-03
  1231.9000       2.05566894E-03
  1232.0000       2.05568323E-03
  1232.1000       2.05568261E-03
  1232.2000       2.05569368E-03
  1232.3000       2.05570805E-03
  1232.4000       2.05571089E-03
  1232.5000       2.05572319E-03
  1232.6000       2.05572974E-03
  1232.7000       2.05573653E-03
  1232.8000       2.05575109E-03
  1232.9000       2.05575374E-03
  1233.0000       2.05576842E-03
  1233.1000       2.05577470E-03
  1233.2000       2.05578565E-03
  1233.3000       2.05578898E-03
  1233.4000       2.05580043E-03
  1233.5000       2.05580982E-03
  1233.6000       2.05582190E-03
  1233.7000       2.05582800E-03
  1233.8000       2.05583173E-03
  1233.9000       2.05584472E-03
  1234.0000       2.05585070E-03
  1234.1000       2.05586255E-03
  1234.2000       2.05587025E-03
  1234.3000       2.05588052E-03
  1234.4000       2.05588427E-03
  1234.5000       2.05589997E-03
  1234.6000       2.05590350E-03
  1234.7000       2.05591780E-03
  1234.8000       2.05592311E-03
  1234.9000       2.05593409E-03
  1235.0000       2.05594188E-03
  1235.1000       2.05594648E-03
  1235.2000       2.05596256E-03
  1235.3000       2.05596552E-03
  1235.4000       2.05597262E-03
  1235.5000       2.05598101E-03
  1235.6000       2.05599403E-03
  1235.7000       2.05599897E-03
  1235.8000       2.05601246E-03
  1235.9000       2.05601672E-03
  1236.0000       2.05603011E-03
  1236.1000       2.05603571E-03
  1236.2000       2.05604639E-03
  1236.3000       2.05605024E-03
  1236.4000       2.05606080E-03
  1236.5000       2.05606822E-03
  1236.6000       2.05607985E-03
  1236.7000       2.05608607E-03
  1236.8000       2.05609952E-03
  1236.9000       2.05610793E-03
  1237.0000       2.05611587E-03
  1237.1000       2.05612357E-03
  1237.2000       2.05613196E-03
  1237.3000       2.05614329E-03
  1237.4000       2.05615425E-03
  1237.5000       2.05615845E-03
  1237.6000       2.05616696E-03
  1237.7000       2.05617474E-03
  1237.8000       2.05618010E-03
  1237.9000       2.05619179E-03
  1238.0000       2.05620014E-03
  1238.1000       2.05620972E-03
  1238.2000       2.05622069E-03
  1238.3000       2.05622775E-03
  1238.4000       2.05623966E-03
  1238.5000       2.05624489E-03
  1238.6000       2.05625391E-03
  1238.7000       2.05626199E-03
  1238.8000       2.05627755E-03
  1238.9000       2.05627699E-03
  1239.0000       2.05628644E-03
  1239.1000       2.05630005E-03
  1239.2000       2.05630831E-03
  1239.3000       2.05631652E-03
  1239.4000       2.05632342E-03
  1239.5000       2.05633020E-03
  1239.6000       2.05633937E-03
  1239.7000       2.05635186E-03
  1239.8000       2.05635950E-03
  1239.9000       2.05636518E-03
  1240.0000       2.05637727E-03
  1240.1000       2.05638814E-03
  1240.2000       2.05639059E-03
  1240.3000       2.05640226E-03
  1240.4000       2.05640990E-03
  1240.5000       2.05641866E-03
  1240.6000       2.05642392E-03
  1240.7000       2.05643718E-03
  1240.8000       2.05644266E-03
  1240.9000       2.05645073E-03
  1241.0000       2.05646250E-03
  1241.1000       2.05647049E-03
  1241.2000       2.05647895E-03
  1241.3000       2.05648722E-03
  1241.4000       2.05649586E-03
  1241.5000       2.05650673E-03
  1241.6000       2.05651454E-03
  1241.7000       2.05652294E-03
  1241.8000       2.05653014E-03
  1241.9000       2.05654182E-03
  1242.0000       2.05655226E-03
  1242.1000       2.05655710E-03
  1242.2000       2.05656763E-03
  1242.3000       2.05657310E-03
  1242.4000       2.05658571E-03
  1242.5000       2.05659252E-03
  1242.6000       2.05660296E-03
  1242.7000       2.05660793E-03
  1242.8000       2.05661776E-03
  1242.9000       2.05662862E-03
  1243.0000       2.05663319E-03
  1243.1000       2.05664926E-03
  1243.2000       2.05665387E-03
  1243.3000       2.05665960E-03
  1243.4000       2.05667103E-03
  1243.5000       2.05667526E-03
  1243.6000       2.05668659E-03
  1243.7000       2.05669384E-03
  1243.8000       2.05670667E-03
  1243.9000       2.05671437E-03
  1244.0000       2.05672164E-03
  1244.1000       2.05673702E-03
  1244.2000       2.05674338E-03
  1244.3000       2.05674794E-03
  1244.4000       2.05675543E-03
  1244.5000       2.05676884E-03
  1244.6000       2.05677667E-03
  1244.7000       2.05678568E-03
  1244.8000       2.05679156E-03
  1244.9000       2.05679747E-03
  1245.0000       2.05681199E-03
  1245.1000       2.05681982E-03
  1245.2000       2.05683145E-03
  1245.3000       2.05683417E-03
  1245.4000       2.05684211E-03
  1245.5000       2.05685158E-03
  1245.6000       2.05686246E-03
  1245.7000       2.05687133E-03
  1245.8000       2.05687617E-03
  1245.9000       2.05688848E-03
  1246.0000       2.05689730E-03
  1246.1000       2.05690865E-03
  1246.2000       2.05691244E-03
  1246.3000       2.05692352E-03
  1246.4000       2.05692767E-03
  1246.5000       2.05694132E-03
  1246.6000       2.05694646E-03
  1246.7000       2.05696013E-03
  1246.8000       2.05696168E-03
  1246.9000       2.05697653E-03
  1247.0000       2.05698294E-03
  1247.1000       2.05699297E-03
  1247.2000       2.05700025E-03
  1247.3000       2.05701037E-03
  1247.4000       2.05701908E-03
  1247.5000       2.05701954E-03
  1247.6000       2.05703873E-03
  1247.7000       2.05704379E-03
  1247.8000       2.05705176E-03
  1247.9000       2.05706573E-03
  1248.0000       2.05707240E-03
  1248.1000       2.05708349E-03
  1248.2000       2.05708544E-03
  1248.3000       2.05710015E-03
  1248.4000       2.05710285E-03
  1248.5000       2.05711376E-03
  1248.6000       2.05712204E-03
  1248.7000       2.05713171E-03
  1248.8000       2.05714175E-03
  1248.9000       2.05714341E-03
  1249.0000       2.05715266E-03
  1249.1000       2.05716434E-03
  1249.2000       2.05717289E-03
  1249.3000       2.05717855E-03
  1249.4000       2.05719195E-03
  1249.5000       2.05719742E-03
  1249.6000       2.05720703E-03
  1249.7000       2.05721694E-03
  1249.8000       2.05722320E-03
  1249.9000       2.05723108E-03
  1250.0000       2.05724415E-03
  1250.1000       2.05725278E-03
  1250.2000       2.05725898E-03
  1250.3000       2.05726452E-03
  1250.4000       2.05727482E-03
  1250.5000       2.05728729E-03
  1250.6000       2.05729284E-03
  1250.7000       2.05730154E-03
  1250.8000       2.05731097E-03
  1250.9000       2.05731911E-03
  1251.0000       2.05732899E-03
  1251.1000       2.05734267E-03
  1251.2000       2.05734456E-03
  1251.3000       2.05735244E-03
  1251.4000       2.05736187E-03
  1251.5000       2.05736978E-03
  1251.6000       2.05738374E-03
  1251.7000       2.05739151E-03
  1251.8000       2.05739874E-03
  1251.9000       2.05741111E-03
  1252.0000       2.05741274E-03
  1252.1000       2.05742657E-03
  1252.2000       2.05743251E-03
  1252.3000       2.05744461E-03
  1252.4000       2.05744916E-03
  1252.5000       2.05746062E-03
  1252.6000       2.05746782E-03
  1252.7000       2.05747609E-03
  1252.8000       2.05748529E-03
  1252.9000       2.05749168E-03
  1253.0000       2.05750417E-03
  1253.1000       2.05751086E-03
  1253.2000       2.05751687E-03
  1253.3000       2.05752505E-03
  1253.4000       2.05753683E-03
  1253.5000       2.05754705E-03
  1253.6000       2.05755477E-03
  1253.7000       2.05756107E-03
  1253.8000       2.05757475E-03
  1253.9000       2.05758307E-03
  1254.0000       2.05758939E-03
  1254.1000       2.05760044E-03
  1254.2000       2.05760682E-03
  1254.3000       2.05761429E-03
  1254.4000       2.05762271E-03
  1254.5000       2.05763455E-03
  1254.6000       2.05764054E-03
  1254.7000       2.05764804E-03
  1254.8000       2.05766035E-03
  1254.9000       2.05766566E-03
  1255.0000       2.05767862E-03
  1255.1000       2.05768561E-03
  1255.2000       2.05769219E-03
  1255.3000       2.05770177E-03
  1255.4000       2.05771016E-03
  1255.5000       2.05772137E-03
  1255.6000       2.05772767E-03
  1255.7000       2.05773917E-03
  1255.8000       2.05774935E-03
  1255.9000       2.05775368E-03
  1256.0000       2.05776235E-03
  1256.1000       2.05777179E-03
  1256.2000       2.05778082E-03
  1256.3000       2.05778911E-03
  1256.4000       2.05779179E-03
  1256.5000       2.05780794E-03
  1256.6000       2.05781110E-03
  1256.7000       2.05782419E-03
  1256.8000       2.05782720E-03
  1256.9000       2.05784059E-03
  1257.0000       2.05784832E-03
  1257.1000       2.05785651E-03
  1257.2000       2.05786718E-03
  1257.3000       2.05787172E-03
  1257.4000       2.05788372E-03
  1257.5000       2.05789209E-03
  1257.6000       2.05790163E-03
  1257.7000       2.05790650E-03
  1257.8000       2.05791836E-03
  1257.9000       2.05793295E-03
  1258.0000       2.05793135E-03
  1258.1000       2.05794314E-03
  1258.2000       2.05795639E-03
  1258.3000       2.05796111E-03
  1258.4000       2.05796849E-03
  1258.5000       2.05797735E-03
  1258.6000       2.05798615E-03
  1258.7000       2.05799471E-03
  1258.8000       2.05800224E-03
  1258.9000       2.05801366E-03
  1259.0000       2.05802362E-03
  1259.1000       2.05802973E-03
  1259.2000       2.05804080E-03
  1259.3000       2.05804636E-03
  1259.4000       2.05805491E-03
  1259.5000       2.05806103E-03
  1259.6000       2.05806786E-03
  1259.7000       2.05808250E-03
  1259.8000       2.05808790E-03
  1259.9000       2.05810102E-03
  1260.0000       2.05810663E-03
  1260.1000       2.05811422E-03
  1260.2000       2.05812100E-03
  1260.3000       2.05812883E-03
  1260.4000       2.05814329E-03
  1260.5000       2.05814993E-03
  1260.6000       2.05815885E-03
  1260.7000       2.05816625E-03
  1260.8000       2.05817832E-03
  1260.9000       2.05818946E-03
  1261.0000       2.05819275E-03
  1261.1000       2.05820247E-03
  1261.2000       2.05821406E-03
  1261.3000       2.05822394E-03
  1261.4000       2.05822623E-03
  1261.5000       2.05823995E-03
  1261.6000       2.05824794E-03
  1261.7000       2.05825210E-03
  1261.8000       2.05826243E-03
  1261.9000       2.05827149E-03
  1262.0000       2.05828086E-03
  1262.1000       2.05828628E-03
  1262.2000       2.05829959E-03
  1262.3000       2.05830993E-03
  1262.4000       2.05831362E-03
  1262.5000       2.05832206E-03
  1262.6000       2.05833401E-03
  1262.7000       2.05834048E-03
  1262.8000       2.05834784E-03
  1262.9000       2.05836176E-03
  1263.0000       2.05836600E-03
  1263.1000       2.05837393E-03
  1263.2000       2.05838585E-03
  1263.3000       2.05839186E-03
  1263.4000       2.05840324E-03
  1263.5000       2.05841237E-03
  1263.6000       2.05841834E-03
  1263.7000       2.05843005E-03
  1263.8000       2.05843787E-03
  1263.9000       2.05844542E-03
  1264.0000       2.05845254E-03
  1264.1000       2.05846391E-03
  1264.2000       2.05847136E-03
  1264.3000       2.05847939E-03
  1264.4000       2.05848575E-03
  1264.5000       2.05849385E-03
  1264.6000       2.05850453E-03
  1264.7000       2.05851775E-03
  1264.8000       2.05852374E-03
  1264.9000       2.05852914E-03
  1265.0000       2.05853723E-03
  1265.1000       2.05854972E-03
  1265.2000       2.05855992E-03
  1265.3000       2.05856895E-03
  1265.4000       2.05857477E-03
  1265.5000       2.05858061E-03
  1265.6000       2.05859005E-03
  1265.7000       2.05859750E-03
  1265.8000       2.05861354E-03
  1265.9000       2.05861695E-03
  1266.0000       2.05862343E-03
  1266.1000       2.05863578E-03
  1266.2000       2.05864315E-03
  1266.3000       2.05865403E-03
  1266.4000       2.05865975E-03
  1266.5000       2.05867147E-03
  1266.6000       2.05867453E-03
  1266.7000       2.05868713E-03
  1266.8000       2.05869385E-03
  1266.9000       2.05870458E-03
  1267.0000       2.05871214E-03
  1267.1000       2.05872063E-03
  1267.2000       2.05872959E-03
  1267.3000       2.05874056E-03
  1267.4000       2.05875354E-03
  1267.5000       2.05875446E-03
  1267.6000       2.05876869E-03
  1267.7000       2.05877236E-03
  1267.8000       2.05878777E-03
  1267.9000       2.05879006E-03
  1268.0000       2.05880473E-03
  1268.1000       2.05880917E-03
  1268.2000       2.05881776E-03
  1268.3000       2.05882490E-03
  1268.4000       2.05883560E-03
  1268.5000       2.05884501E-03
  1268.6000       2.05885260E-03
  1268.7000       2.05885535E-03
  1268.8000       2.05886717E-03
  1268.9000       2.05887768E-03
  1269.0000       2.05888771E-03
  1269.1000       2.05889309E-03
  1269.2000       2.05890637E-03
  1269.3000       2.05891578E-03
  1269.4000       2.05892210E-03
  1269.5000       2.05892808E-03
  1269.6000       2.05894169E-03
  1269.7000       2.05894537E-03
  1269.8000       2.05895671E-03
  1269.9000       2.05896475E-03
  1270.0000       2.05897540E-03
  1270.1000       2.05897945E-03
  1270.2000       2.05898830E-03
  1270.3000       2.05900141E-03
  1270.4000       2.05900721E-03
  1270.5000       2.05901325E-03
  1270.6000       2.05902764E-03
  1270.7000       2.05903721E-03
  1270.8000       2.05904477E-03
  1270.9000       2.05905313E-03
  1271.0000       2.05905954E-03
  1271.1000       2.05907223E-03
  1271.2000       2.05907766E-03
  1271.3000       2.05908471E-03
  1271.4000       2.05909800E-03
  1271.5000       2.05910419E-03
  1271.6000       2.05911914E-03
  1271.7000       2.05912037E-03
  1271.8000       2.05913023E-03
  1271.9000       2.05914207E-03
  1272.0000       2.05914487E-03
  1272.1000       2.05915702E-03
  1272.2000       2.05916468E-03
  1272.3000       2.05917583E-03
  1272.4000       2.05918224E-03
  1272.5000       2.05918918E-03
  1272.6000       2.05920038E-03
  1272.7000       2.05920600E-03
  1272.8000       2.05921686E-03
  1272.9000       2.05923141E-03
  1273.0000       2.05923634E-03
  1273.1000       2.05924224E-03
  1273.2000       2.05925362E-03
  1273.3000       2.05925657E-03
  1273.4000       2.05927183E-03
  1273.5000       2.05927903E-03
  1273.6000       2.05928685E-03
  1273.7000       2.05929039E-03
  1273.8000       2.05930527E-03
  1273.9000       2.05931147E-03
  1274.0000       2.05932626E-03
  1274.1000       2.05933145E-03
  1274.2000       2.05934313E-03
  1274.3000       2.05934356E-03
  1274.4000       2.05935673E-03
  1274.5000       2.05936941E-03
  1274.6000       2.05937269E-03
  1274.7000       2.05938574E-03
  1274.8000       2.05939210E-03
  1274.9000       2.05939534E-03
  1275.0000       2.05940795E-03
  1275.1000       2.05941376E-03
  1275.2000       2.05942747E-03
  1275.3000       2.05943213E-03
  1275.4000       2.05944523E-03
  1275.5000       2.05945598E-03
  1275.6000       2.05946424E-03
  1275.7000       2.05947267E-03
  1275.8000       2.05947788E-03
  1275.9000       2.05948675E-03
  1276.0000       2.05949913E-03
  1276.1000       2.05950646E-03
  1276.2000       2.05951042E-03
  1276.3000       2.05952389E-03
  1276.4000       2.05953133E-03
  1276.5000       2.05954207E-03
  1276.6000       2.05954602E-03
  1276.7000       2.05955592E-03
  1276.8000       2.05956569E-03
  1276.9000       2.05957248E-03
  1277.0000       2.05958169E-03
  1277.1000       2.05959318E-03
  1277.2000       2.05959934E-03
  1277.3000       2.05961371E-03
  1277.4000       2.05961784E-03
  1277.5000       2.05962314E-03
  1277.6000       2.05963606E-03
  1277.7000       2.05963996E-03
  1277.8000       2.05965514E-03
  1277.9000       2.05966179E-03
  1278.0000       2.05966965E-03
  1278.1000       2.05968025E-03
  1278.2000       2.05968599E-03
  1278.3000       2.05969692E-03
  1278.4000       2.05970405E-03
  1278.5000       2.05971494E-03
  1278.6000       2.05972150E-03
  1278.7000       2.05973142E-03
  1278.8000       2.05973841E-03
  1278.9000       2.05974854E-03
  1279.0000       2.05975468E-03
  1279.1000       2.05976314E-03
  1279.2000       2.05977321E-03
  1279.3000       2.05978159E-03
  1279.4000       2.05979307E-03
  1279.5000       2.05979695E-03
  1279.6000       2.05980745E-03
  1279.7000       2.05981931E-03
  1279.8000       2.05982691E-03
  1279.9000       2.05983174E-03
  1280.0000       2.05984697E-03
  1280.1000       2.05985016E-03
  1280.2000       2.05986033E-03
  1280.3000       2.05986972E-03
  1280.4000       2.05987486E-03
  1280.5000       2.05988574E-03
  1280.6000       2.05989707E-03
  1280.7000       2.05990660E-03
  1280.8000       2.05991179E-03
  1280.9000       2.05992309E-03
  1281.0000       2.05992768E-03
  1281.1000       2.05993479E-03
  1281.2000       2.05994788E-03
  1281.3000       2.05995678E-03
  1281.4000       2.05996400E-03
  1281.5000       2.05997795E-03
  1281.6000       2.05998211E-03
  1281.7000       2.05999246E-03
  1281.8000       2.05999950E-03
  1281.9000       2.06000940E-03
  1282.0000       2.06001710E-03
  1282.1000       2.06002793E-03
  1282.2000       2.06003152E-03
  1282.3000       2.06004094E-03
  1282.4000       2.06005207E-03
  1282.5000       2.06006374E-03
  1282.6000       2.06006774E-03
  1282.7000       2.06007697E-03
  1282.8000       2.06008706E-03
  1282.9000       2.06009721E-03
  1283.0000       2.06010459E-03
  1283.1000       2.06011348E-03
  1283.2000       2.06012269E-03
  1283.3000       2.06012836E-03
  1283.4000       2.06013999E-03
  1283.5000       2.06014627E-03
  1283.6000       2.06015784E-03
  1283.7000       2.06016301E-03
  1283.8000       2.06017437E-03
  1283.9000       2.06018065E-03
  1284.0000       2.06019215E-03
  1284.1000       2.06020054E-03
  1284.2000       2.06020616E-03
  1284.3000       2.06021271E-03
  1284.4000       2.06022589E-03
  1284.5000       2.06023846E-03
  1284.6000       2.06024451E-03
  1284.7000       2.06024808E-03
  1284.8000       2.06025832E-03
  1284.9000       2.06026941E-03
  1285.0000       2.06027647E-03
  1285.1000       2.06028409E-03
  1285.2000       2.06029460E-03
  1285.3000       2.06030216E-03
  1285.4000       2.06031243E-03
  1285.5000       2.06032135E-03
  1285.6000       2.06033211E-03
  1285.7000       2.06033476E-03
  1285.8000       2.06034237E-03
  1285.9000       2.06035353E-03
  1286.0000       2.06036603E-03
  1286.1000       2.06037193E-03
  1286.2000       2.06038510E-03
  1286.3000       2.06039040E-03
  1286.4000       2.06040088E-03
  1286.5000       2.06041094E-03
  1286.6000       2.06041630E-03
  1286.7000       2.06042465E-03
  1286.8000       2.06043161E-03
  1286.9000       2.06044687E-03
  1287.0000       2.06044874E-03
  1287.1000       2.06045996E-03
  1287.2000       2.06047005E-03
  1287.3000       2.06047758E-03
  1287.4000       2.06048643E-03
  1287.5000       2.06049818E-03
  1287.6000       2.06050493E-03
  1287.7000       2.06051272E-03
  1287.8000       2.06051686E-03
  1287.9000       2.06053002E-03
  1288.0000       2.06053746E-03
  1288.1000       2.06054655E-03
  1288.2000       2.06055185E-03
  1288.3000       2.06056454E-03
  1288.4000       2.06057708E-03
  1288.5000       2.06058076E-03
  1288.6000       2.06058991E-03
  1288.7000       2.06060055E-03
  1288.8000       2.06060839E-03
  1288.9000       2.06062042E-03
  1289.0000       2.06062434E-03
  1289.1000       2.06063579E-03
  1289.2000       2.06064628E-03
  1289.3000       2.06065573E-03
  1289.4000       2.06066113E-03
  1289.5000       2.06067052E-03
  1289.6000       2.06067911E-03
  1289.7000       2.06068563E-03
  1289.8000       2.06069468E-03
  1289.9000       2.06070638E-03
  1290.0000       2.06071290E-03
  1290.1000       2.06072270E-03
  1290.2000       2.06072854E-03
  1290.3000       2.06074150E-03
  1290.4000       2.06075274E-03
  1290.5000       2.06075745E-03
  1290.6000       2.06076343E-03
  1290.7000       2.06077756E-03
  1290.8000       2.06078230E-03
  1290.9000       2.06079142E-03
  1291.0000       2.06079901E-03
  1291.1000       2.06080906E-03
  1291.2000       2.06082067E-03
  1291.3000       2.06082591E-03
  1291.4000       2.06083819E-03
  1291.5000       2.06084652E-03
  1291.6000       2.06085037E-03
  1291.7000       2.06086524E-03
  1291.8000       2.06086896E-03
  1291.9000       2.06087765E-03
  1292.0000       2.06088578E-03
  1292.1000       2.06089391E-03
  1292.2000       2.06090773E-03
  1292.3000       2.06091388E-03
  1292.4000       2.06092502E-03
  1292.5000       2.06093342E-03
  1292.6000       2.06094163E-03
  1292.7000       2.06095033E-03
  1292.8000       2.06095963E-03
  1292.9000       2.06096980E-03
  1293.0000       2.06097587E-03
  1293.1000       2.06098253E-03
  1293.2000       2.06099127E-03
  1293.3000       2.06100012E-03
  1293.4000       2.06101256E-03
  1293.5000       2.06102297E-03
  1293.6000       2.06102338E-03
  1293.7000       2.06104332E-03
  1293.8000       2.06104848E-03
  1293.9000       2.06105511E-03
  1294.0000       2.06106088E-03
  1294.1000       2.06107164E-03
  1294.2000       2.06107970E-03
  1294.3000       2.06109057E-03
  1294.4000       2.06110063E-03
  1294.5000       2.06110721E-03
  1294.6000       2.06111796E-03
  1294.7000       2.06112955E-03
  1294.8000       2.06113106E-03
  1294.9000       2.06114139E-03
  1295.0000       2.06115120E-03
  1295.1000       2.06116115E-03
  1295.2000       2.06117011E-03
  1295.3000       2.06117806E-03
  1295.4000       2.06118942E-03
  1295.5000       2.06119522E-03
  1295.6000       2.06120539E-03
  1295.7000       2.06121135E-03
  1295.8000       2.06121902E-03
  1295.9000       2.06122504E-03
  1296.0000       2.06123706E-03
  1296.1000       2.06124766E-03
  1296.2000       2.06125632E-03
  1296.3000       2.06126462E-03
  1296.4000       2.06126979E-03
  1296.5000       2.06128163E-03
  1296.6000       2.06128981E-03
  1296.7000       2.06130289E-03
  1296.8000       2.06130747E-03
  1296.9000       2.06131772E-03
  1297.0000       2.06132664E-03
  1297.1000       2.06133362E-03
  1297.2000       2.06134748E-03
  1297.3000       2.06135417E-03
  1297.4000       2.06136077E-03
  1297.5000       2.06137479E-03
  1297.6000       2.06137701E-03
  1297.7000       2.06138910E-03
  1297.8000       2.06139351E-03
  1297.9000       2.06140658E-03
  1298.0000       2.06141185E-03
  1298.1000       2.06142224E-03
  1298.2000       2.06143191E-03
  1298.3000       2.06143963E-03
  1298.4000       2.06144981E-03
  1298.5000       2.06145854E-03
  1298.6000       2.06146556E-03
  1298.7000       2.06147719E-03
  1298.8000       2.06148584E-03
  1298.9000       2.06149326E-03
  1299.0000       2.06150184E-03
  1299.1000       2.06150931E-03
  1299.2000       2.06151765E-03
  1299.3000       2.06152872E-03
  1299.4000       2.06153746E-03
  1299.5000       2.06154917E-03
  1299.6000       2.06155620E-03
  1299.7000       2.06156496E-03
  1299.8000       2.06157250E-03
  1299.9000       2.06158106E-03
  1300.0000       2.06158852E-03
  1300.1000       2.06159938E-03
  1300.2000       2.06160841E-03
  1300.3000       2.06161568E-03
  1300.4000       2.06162508E-03
  1300.5000       2.06163702E-03
  1300.6000       2.06164382E-03
  1300.7000       2.06165279E-03
  1300.8000       2.06165944E-03
  1300.9000       2.06167082E-03
  1301.0000       2.06167513E-03
  1301.1000       2.06168742E-03
  1301.2000       2.06169779E-03
  1301.3000       2.06170265E-03
  1301.4000       2.06171234E-03
  1301.5000       2.06172091E-03
  1301.6000       2.06173254E-03
  1301.7000       2.06173833E-03
  1301.8000       2.06174503E-03
  1301.9000       2.06175469E-03
  1302.0000       2.06176735E-03
  1302.1000       2.06177509E-03
  1302.2000       2.06178254E-03
  1302.3000       2.06179303E-03
  1302.4000       2.06180298E-03
  1302.5000       2.06181011E-03
  1302.6000       2.06182036E-03
  1302.7000       2.06182688E-03
  1302.8000       2.06184015E-03
  1302.9000       2.06184444E-03
  1303.0000       2.06185371E-03
  1303.1000       2.06186655E-03
  1303.2000       2.06187182E-03
  1303.3000       2.06188367E-03
  1303.4000       2.06189116E-03
  1303.5000       2.06189961E-03
  1303.6000       2.06190596E-03
  1303.7000       2.06191701E-03
  1303.8000       2.06192035E-03
  1303.9000       2.06193423E-03
  1304.0000       2.06194581E-03
  1304.1000       2.06195229E-03
  1304.2000       2.06195962E-03
  1304.3000       2.06196853E-03
  1304.4000       2.06197826E-03
  1304.5000       2.06199081E-03
  1304.6000       2.06199898E-03
  1304.7000       2.06200191E-03
  1304.8000       2.06201466E-03
  1304.9000       2.06201988E-03
  1305.0000       2.06203155E-03
  1305.1000       2.06204084E-03
  1305.2000       2.06205024E-03
  1305.3000       2.06205845E-03
  1305.4000       2.06206470E-03
  1305.5000       2.06207562E-03
  1305.6000       2.06208699E-03
  1305.7000       2.06209619E-03
  1305.8000       2.06209848E-03
  1305.9000       2.06210823E-03
  1306.0000       2.06212014E-03
  1306.1000       2.06212487E-03
  1306.2000       2.06213441E-03
  1306.3000       2.06214225E-03
  1306.4000       2.06215430E-03
  1306.5000       2.06216791E-03
  1306.6000       2.06217329E-03
  1306.7000       2.06217882E-03
  1306.8000       2.06218856E-03
  1306.9000       2.06219671E-03
  1307.0000       2.06220485E-03
  1307.1000       2.06221752E-03
  1307.2000       2.06222696E-03
  1307.3000       2.06223285E-03
  1307.4000       2.06224376E-03
  1307.5000       2.06225248E-03
  1307.6000       2.06226194E-03
  1307.7000       2.06226838E-03
  1307.8000       2.06228088E-03
  1307.9000       2.06228483E-03
  1308.0000       2.06230070E-03
  1308.1000       2.06230750E-03
  1308.2000       2.06231519E-03
  1308.3000       2.06232357E-03
  1308.4000       2.06233268E-03
  1308.5000       2.06234374E-03
  1308.6000       2.06235048E-03
  1308.7000       2.06235840E-03
  1308.8000       2.06236468E-03
  1308.9000       2.06237849E-03
  1309.0000       2.06238585E-03
  1309.1000       2.06239479E-03
  1309.2000       2.06239995E-03
  1309.3000       2.06241331E-03
  1309.4000       2.06242066E-03
  1309.5000       2.06243159E-03
  1309.6000       2.06243501E-03
  1309.7000       2.06244795E-03
  1309.8000       2.06245430E-03
  1309.9000       2.06246346E-03
  1310.0000       2.06247155E-03
  1310.1000       2.06248281E-03
  1310.2000       2.06249000E-03
  1310.3000       2.06250532E-03
  1310.4000       2.06250884E-03
  1310.5000       2.06251576E-03
  1310.6000       2.06253105E-03
  1310.7000       2.06253661E-03
  1310.8000       2.06254546E-03
  1310.9000       2.06255159E-03
  1311.0000       2.06256135E-03
  1311.1000       2.06256944E-03
  1311.2000       2.06258055E-03
  1311.3000       2.06259121E-03
  1311.4000       2.06259298E-03
  1311.5000       2.06260510E-03
  1311.6000       2.06261706E-03
  1311.7000       2.06262351E-03
  1311.8000       2.06263023E-03
  1311.9000       2.06264601E-03
  1312.0000       2.06265047E-03
  1312.1000       2.06265531E-03
  1312.2000       2.06267258E-03
  1312.3000       2.06267296E-03
  1312.4000       2.06269004E-03
  1312.5000       2.06269733E-03
  1312.6000       2.06270381E-03
  1312.7000       2.06271116E-03
  1312.8000       2.06271867E-03
  1312.9000       2.06273461E-03
  1313.0000       2.06273648E-03
  1313.1000       2.06274488E-03
  1313.2000       2.06275530E-03
  1313.3000       2.06276702E-03
  1313.4000       2.06277333E-03
  1313.5000       2.06278502E-03
  1313.6000       2.06279552E-03
  1313.7000       2.06279932E-03
  1313.8000       2.06281092E-03
  1313.9000       2.06281758E-03
  1314.0000       2.06282610E-03
  1314.1000       2.06283389E-03
  1314.2000       2.06284213E-03
  1314.3000       2.06285467E-03
  1314.4000       2.06286364E-03
  1314.5000       2.06286785E-03
  1314.6000       2.06287973E-03
  1314.7000       2.06288644E-03
  1314.8000       2.06289940E-03
  1314.9000       2.06290887E-03
  1315.0000       2.06291263E-03
  1315.1000       2.06292562E-03
  1315.2000       2.06293256E-03
  1315.3000       2.06294122E-03
  1315.4000       2.06294938E-03
  1315.5000       2.06295292E-03
  1315.6000       2.06296821E-03
  1315.7000       2.06297555E-03
  1315.8000       2.06298325E-03
  1315.9000       2.06299503E-03
  1316.0000       2.06300253E-03
  1316.1000       2.06301291E-03
  1316.2000       2.06301678E-03
  1316.3000       2.06303201E-03
  1316.4000       2.06304285E-03
  1316.5000       2.06304423E-03
  1316.6000       2.06305968E-03
  1316.7000       2.06306506E-03
  1316.8000       2.06307285E-03
  1316.9000       2.06308253E-03
  1317.0000       2.06309667E-03
  1317.1000       2.06309865E-03
  1317.2000       2.06311114E-03
  1317.3000       2.06311965E-03
  1317.4000       2.06312890E-03
  1317.5000       2.06313590E-03
  1317.6000       2.06314676E-03
  1317.7000       2.06315400E-03
  1317.8000       2.06316251E-03
  1317.9000       2.06316837E-03
  1318.0000       2.06317894E-03
  1318.1000       2.06319241E-03
  1318.2000       2.06319976E-03
  1318.3000       2.06320626E-03
  1318.4000       2.06321535E-03
  1318.5000       2.06322504E-03
  1318.6000       2.06322995E-03
  1318.7000       2.06324176E-03
  1318.8000       2.06325251E-03
  1318.9000       2.06325812E-03
  1319.0000       2.06326610E-03
  1319.1000       2.06327256E-03
  1319.2000       2.06328544E-03
  1319.3000       2.06329202E-03
  1319.4000       2.06330176E-03
  1319.5000       2.06331223E-03
  1319.6000       2.06332247E-03
  1319.7000       2.06332963E-03
  1319.8000       2.06333879E-03
  1319.9000       2.06334494E-03
  1320.0000       2.06335662E-03
  1320.1000       2.06336749E-03
  1320.2000       2.06337312E-03
  1320.3000       2.06338109E-03
  1320.4000       2.06339234E-03
  1320.5000       2.06339887E-03
  1320.6000       2.06341508E-03
  1320.7000       2.06341380E-03
  1320.8000       2.06342399E-03
  1320.9000       2.06343719E-03
  1321.0000       2.06344535E-03
  1321.1000       2.06345357E-03
  1321.2000       2.06345508E-03
  1321.3000       2.06347079E-03
  1321.4000       2.06347921E-03
  1321.5000       2.06348660E-03
  1321.6000       2.06349759E-03
  1321.7000       2.06350438E-03
  1321.8000       2.06351422E-03
  1321.9000       2.06352387E-03
  1322.0000       2.06353399E-03
  1322.1000       2.06353802E-03
  1322.2000       2.06354966E-03
  1322.3000       2.06356144E-03
  1322.4000       2.06356772E-03
  1322.5000       2.06357474E-03
  1322.6000       2.06358100E-03
  1322.7000       2.06359239E-03
  1322.8000       2.06360516E-03
  1322.9000       2.06361300E-03
  1323.0000       2.06361489E-03
  1323.1000       2.06362990E-03
  1323.2000       2.06363462E-03
  1323.3000       2.06364604E-03
  1323.4000       2.06365527E-03
  1323.5000       2.06366229E-03
  1323.6000       2.06367282E-03
  1323.7000       2.06368062E-03
  1323.8000       2.06368865E-03
  1323.9000       2.06369985E-03
  1324.0000       2.06370517E-03
  1324.1000       2.06371273E-03
  1324.2000       2.06372474E-03
  1324.3000       2.06373201E-03
  1324.4000       2.06374343E-03
  1324.5000       2.06375232E-03
  1324.6000       2.06375511E-03
  1324.7000       2.06376571E-03
  1324.8000       2.06377540E-03
  1324.9000       2.06377993E-03
  1325.0000       2.06379014E-03
  1325.1000       2.06379986E-03
  1325.2000       2.06381051E-03
  1325.3000       2.06381832E-03
  1325.4000       2.06383058E-03
  1325.5000       2.06383810E-03
  1325.6000       2.06384808E-03
  1325.7000       2.06385255E-03
  1325.8000       2.06386553E-03
  1325.9000       2.06387395E-03
  1326.0000       2.06388061E-03
  1326.1000       2.06389083E-03
  1326.2000       2.06390268E-03
  1326.3000       2.06390365E-03
  1326.4000       2.06391705E-03
  1326.5000       2.06392468E-03
  1326.6000       2.06393263E-03
  1326.7000       2.06394190E-03
  1326.8000       2.06394678E-03
  1326.9000       2.06395679E-03
  1327.0000       2.06396751E-03
  1327.1000       2.06397416E-03
  1327.2000       2.06397953E-03
  1327.3000       2.06399254E-03
  1327.4000       2.06400068E-03
  1327.5000       2.06401166E-03
  1327.6000       2.06401944E-03
  1327.7000       2.06402595E-03
  1327.8000       2.06403814E-03
  1327.9000       2.06404345E-03
  1328.0000       2.06404993E-03
  1328.1000       2.06406280E-03
  1328.2000       2.06406541E-03
  1328.3000       2.06407749E-03
  1328.4000       2.06408393E-03
  1328.5000       2.06409588E-03
  1328.6000       2.06410487E-03
  1328.7000       2.06411266E-03
  1328.8000       2.06412025E-03
  1328.9000       2.06413387E-03
  1329.0000       2.06413783E-03
  1329.1000       2.06415038E-03
  1329.2000       2.06415716E-03
  1329.3000       2.06416288E-03
  1329.4000       2.06417121E-03
  1329.5000       2.06418315E-03
  1329.6000       2.06419205E-03
  1329.7000       2.06419924E-03
  1329.8000       2.06420764E-03
  1329.9000       2.06421784E-03
  1330.0000       2.06422185E-03
  1330.1000       2.06422914E-03
  1330.2000       2.06424218E-03
  1330.3000       2.06424934E-03
  1330.4000       2.06426054E-03
  1330.5000       2.06426922E-03
  1330.6000       2.06427025E-03
  1330.7000       2.06428955E-03
  1330.8000       2.06429259E-03
  1330.9000       2.06429794E-03
  1331.0000       2.06431002E-03
  1331.1000       2.06431760E-03
  1331.2000       2.06432621E-03
  1331.3000       2.06433440E-03
  1331.4000       2.06434038E-03
  1331.5000       2.06435435E-03
  1331.6000       2.06436155E-03
  1331.7000       2.06436747E-03
  1331.8000       2.06437567E-03
  1331.9000       2.06438732E-03
  1332.0000       2.06439517E-03
  1332.1000       2.06440119E-03
  1332.2000       2.06441212E-03
  1332.3000       2.06442098E-03
  1332.4000       2.06442770E-03
  1332.5000       2.06443706E-03
  1332.6000       2.06444770E-03
  1332.7000       2.06445194E-03
  1332.8000       2.06446213E-03
  1332.9000       2.06447197E-03
  1333.0000       2.06447702E-03
  1333.1000       2.06448703E-03
  1333.2000       2.06449046E-03
  1333.3000       2.06449804E-03
  1333.4000       2.06451470E-03
  1333.5000       2.06452203E-03
  1333.6000       2.06452738E-03
  1333.7000       2.06453919E-03
  1333.8000       2.06454135E-03
  1333.9000       2.06455417E-03
  1334.0000       2.06456489E-03
  1334.1000       2.06457297E-03
  1334.2000       2.06458499E-03
  1334.3000       2.06458927E-03
  1334.4000       2.06460068E-03
  1334.5000       2.06460769E-03
  1334.6000       2.06461137E-03
  1334.7000       2.06462293E-03
  1334.8000       2.06463053E-03
  1334.9000       2.06463728E-03
  1335.0000       2.06465068E-03
  1335.1000       2.06465463E-03
  1335.2000       2.06466432E-03
  1335.3000       2.06467426E-03
  1335.4000       2.06468066E-03
  1335.5000       2.06468891E-03
  1335.6000       2.06469987E-03
  1335.7000       2.06470898E-03
  1335.8000       2.06472137E-03
  1335.9000       2.06472100E-03
  1336.0000       2.06473022E-03
  1336.1000       2.06473847E-03
  1336.2000       2.06475214E-03
  1336.3000       2.06475917E-03
  1336.4000       2.06476298E-03
  1336.5000       2.06476757E-03
  1336.6000       2.06478050E-03
  1336.7000       2.06479123E-03
  1336.8000       2.06479745E-03
  1336.9000       2.06480795E-03
  1337.0000       2.06481752E-03
  1337.1000       2.06482375E-03
  1337.2000       2.06483895E-03
  1337.3000       2.06484171E-03
  1337.4000       2.06484860E-03
  1337.5000       2.06485317E-03
  1337.6000       2.06486457E-03
  1337.7000       2.06487472E-03
  1337.8000       2.06488247E-03
  1337.9000       2.06488802E-03
  1338.0000       2.06489967E-03
  1338.1000       2.06490407E-03
  1338.2000       2.06491589E-03
  1338.3000       2.06492208E-03
  1338.4000       2.06493471E-03
  1338.5000       2.06494028E-03
  1338.6000       2.06494889E-03
  1338.7000       2.06495768E-03
  1338.8000       2.06496685E-03
  1338.9000       2.06497152E-03
  1339.0000       2.06498447E-03
  1339.1000       2.06498949E-03
  1339.2000       2.06499985E-03
  1339.3000       2.06500440E-03
  1339.4000       2.06501800E-03
  1339.5000       2.06502352E-03
  1339.6000       2.06503088E-03
  1339.7000       2.06504246E-03
  1339.8000       2.06504565E-03
  1339.9000       2.06505785E-03
  1340.0000       2.06506430E-03
  1340.1000       2.06507562E-03
  1340.2000       2.06508082E-03
  1340.3000       2.06509084E-03
  1340.4000       2.06509540E-03
  1340.5000       2.06510327E-03
  1340.6000       2.06510823E-03
  1340.7000       2.06512220E-03
  1340.8000       2.06513213E-03
  1340.9000       2.06513764E-03
  1341.0000       2.06514679E-03
  1341.1000       2.06515403E-03
  1341.2000       2.06516466E-03
  1341.3000       2.06517248E-03
  1341.4000       2.06518043E-03
  1341.5000       2.06519018E-03
  1341.6000       2.06519800E-03
  1341.7000       2.06520601E-03
  1341.8000       2.06521164E-03
  1341.9000       2.06522099E-03
  1342.0000       2.06523061E-03
  1342.1000       2.06523943E-03
  1342.2000       2.06524346E-03
  1342.3000       2.06525209E-03
  1342.4000       2.06526322E-03
  1342.5000       2.06526867E-03
  1342.6000       2.06527738E-03
  1342.7000       2.06528461E-03
  1342.8000       2.06529601E-03
  1342.9000       2.06530561E-03
  1343.0000       2.06531051E-03
  1343.1000       2.06531575E-03
  1343.2000       2.06532939E-03
  1343.3000       2.06533450E-03
  1343.4000       2.06534445E-03
  1343.5000       2.06535222E-03
  1343.6000       2.06535764E-03
  1343.7000       2.06536848E-03
  1343.8000       2.06537410E-03
  1343.9000       2.06538509E-03
  1344.0000       2.06539469E-03
  1344.1000       2.06539803E-03
  1344.2000       2.06541044E-03
  1344.3000       2.06541294E-03
  1344.4000       2.06542591E-03
  1344.5000       2.06543205E-03
  1344.6000       2.06543861E-03
  1344.7000       2.06544845E-03
  1344.8000       2.06545513E-03
  1344.9000       2.06546363E-03
  1345.0000       2.06547301E-03
  1345.1000       2.06548358E-03
  1345.2000       2.06548964E-03
  1345.3000       2.06549996E-03
  1345.4000       2.06550707E-03
  1345.5000       2.06551348E-03
  1345.6000       2.06552317E-03
  1345.7000       2.06552925E-03
  1345.8000       2.06553789E-03
  1345.9000       2.06554824E-03
  1346.0000       2.06555684E-03
  1346.1000       2.06556239E-03
  1346.2000       2.06557216E-03
  1346.3000       2.06558233E-03
  1346.4000       2.06558348E-03
  1346.5000       2.06559177E-03
  1346.6000       2.06560782E-03
  1346.7000       2.06560591E-03
  1346.8000       2.06562059E-03
  1346.9000       2.06562983E-03
  1347.0000       2.06563538E-03
  1347.1000       2.06563899E-03
  1347.2000       2.06564780E-03
  1347.3000       2.06566272E-03
  1347.4000       2.06566694E-03
  1347.5000       2.06567264E-03
  1347.6000       2.06568268E-03
  1347.7000       2.06569171E-03
  1347.8000       2.06569902E-03
  1347.9000       2.06570417E-03
  1348.0000       2.06571341E-03
  1348.1000       2.06572130E-03
  1348.2000       2.06573239E-03
  1348.3000       2.06573764E-03
  1348.4000       2.06574451E-03
  1348.5000       2.06575732E-03
  1348.6000       2.06575603E-03
  1348.7000       2.06576675E-03
  1348.8000       2.06577692E-03
  1348.9000       2.06578258E-03
  1349.0000       2.06579455E-03
  1349.1000       2.06580550E-03
  1349.2000       2.06580588E-03
  1349.3000       2.06581649E-03
  1349.4000       2.06582403E-03
  1349.5000       2.06583799E-03
  1349.6000       2.06584177E-03
  1349.7000       2.06584749E-03
  1349.8000       2.06585888E-03
  1349.9000       2.06586656E-03
  1350.0000       2.06586976E-03
  1350.1000       2.06588489E-03
  1350.2000       2.06589190E-03
  1350.3000       2.06589873E-03
  1350.4000       2.06590484E-03
  1350.5000       2.06591327E-03
  1350.6000       2.06592426E-03
  1350.7000       2.06592893E-03
  1350.8000       2.06593562E-03
  1350.9000       2.06594744E-03
  1351.0000       2.06595156E-03
  1351.1000       2.06596488E-03
  1351.2000       2.06596810E-03
  1351.3000       2.06597488E-03
  1351.4000       2.06598386E-03
  1351.5000       2.06598829E-03
  1351.6000       2.06600005E-03
  1351.7000       2.06600480E-03
  1351.8000       2.06601390E-03
  1351.9000       2.06601930E-03
  1352.0000       2.06602773E-03
  1352.1000       2.06603915E-03
  1352.2000       2.06604758E-03
  1352.3000       2.06605481E-03
  1352.4000       2.06606184E-03
  1352.5000       2.06606696E-03
  1352.6000       2.06607901E-03
  1352.7000       2.06608586E-03
  1352.8000       2.06609339E-03
  1352.9000       2.06609909E-03
  1353.0000       2.06610891E-03
  1353.1000       2.06611866E-03
  1353.2000       2.06612669E-03
  1353.3000       2.06612774E-03
  1353.4000       2.06614018E-03
  1353.5000       2.06614827E-03
  1353.6000       2.06615876E-03
  1353.7000       2.06616041E-03
  1353.8000       2.06617275E-03
  1353.9000       2.06618385E-03
  1354.0000       2.06618476E-03
  1354.1000       2.06619649E-03
  1354.2000       2.06620112E-03
  1354.3000       2.06621462E-03
  1354.4000       2.06621565E-03
  1354.5000       2.06622453E-03
  1354.6000       2.06623368E-03
  1354.7000       2.06623882E-03
  1354.8000       2.06624987E-03
  1354.9000       2.06625592E-03
  1355.0000       2.06626180E-03
  1355.1000       2.06627402E-03
  1355.2000       2.06627782E-03
  1355.3000       2.06628706E-03
  1355.4000       2.06629678E-03
  1355.5000       2.06630335E-03
  1355.6000       2.06630849E-03
  1355.7000       2.06631809E-03
  1355.8000       2.06632738E-03
  1355.9000       2.06633361E-03
  1356.0000       2.06635020E-03
  1356.1000       2.06635161E-03
  1356.2000       2.06635607E-03
  1356.3000       2.06636535E-03
  1356.4000       2.06637129E-03
  1356.5000       2.06638433E-03
  1356.6000       2.06638777E-03
  1356.7000       2.06640012E-03
  1356.8000       2.06640522E-03
  1356.9000       2.06640948E-03
  1357.0000       2.06642027E-03
  1357.1000       2.06642509E-03
  1357.2000       2.06643371E-03
  1357.3000       2.06644138E-03
  1357.4000       2.06645206E-03
  1357.5000       2.06646044E-03
  1357.6000       2.06646785E-03
  1357.7000       2.06647476E-03
  1357.8000       2.06648303E-03
  1357.9000       2.06648728E-03
  1358.0000       2.06649686E-03
  1358.1000       2.06650151E-03
  1358.2000       2.06651247E-03
  1358.3000       2.06651467E-03
  1358.4000       2.06653014E-03
  1358.5000       2.06653431E-03
  1358.6000       2.06654355E-03
  1358.7000       2.06654998E-03
  1358.8000       2.06655821E-03
  1358.9000       2.06656538E-03
  1359.0000       2.06657022E-03
  1359.1000       2.06658140E-03
  1359.2000       2.06658397E-03
  1359.3000       2.06659583E-03
  1359.4000       2.06660548E-03
  1359.5000       2.06661031E-03
  1359.6000       2.06661856E-03
  1359.7000       2.06662880E-03
  1359.8000       2.06663505E-03
  1359.9000       2.06664478E-03
  1360.0000       2.06665152E-03
  1360.1000       2.06665638E-03
  1360.2000       2.06666776E-03
  1360.3000       2.06666653E-03
  1360.4000       2.06667709E-03
  1360.5000       2.06668900E-03
  1360.6000       2.06669777E-03
  1360.7000       2.06670222E-03
  1360.8000       2.06670891E-03
  1360.9000       2.06672049E-03
  1361.0000       2.06672636E-03
  1361.1000       2.06673547E-03
  1361.2000       2.06674261E-03
  1361.3000       2.06674788E-03
  1361.4000       2.06675200E-03
  1361.5000       2.06676259E-03
  1361.6000       2.06677051E-03
  1361.7000       2.06677683E-03
  1361.8000       2.06678383E-03
  1361.9000       2.06679268E-03
  1362.0000       2.06679973E-03
  1362.1000       2.06680982E-03
  1362.2000       2.06681626E-03
  1362.3000       2.06682663E-03
  1362.4000       2.06682704E-03
  1362.5000       2.06684104E-03
  1362.6000       2.06684268E-03
  1362.7000       2.06685091E-03
  1362.8000       2.06685830E-03
  1362.9000       2.06687065E-03
  1363.0000       2.06686843E-03
  1363.1000       2.06688280E-03
  1363.2000       2.06688835E-03
  1363.3000       2.06689934E-03
  1363.4000       2.06690494E-03
  1363.5000       2.06691062E-03
  1363.6000       2.06692038E-03
  1363.7000       2.06692529E-03
  1363.8000       2.06693543E-03
  1363.9000       2.06693847E-03
  1364.0000       2.06694676E-03
  1364.1000       2.06695365E-03
  1364.2000       2.06696657E-03
  1364.3000       2.06696926E-03
  1364.4000       2.06698078E-03
  1364.5000       2.06698770E-03
  1364.6000       2.06699613E-03
  1364.7000       2.06700039E-03
  1364.8000       2.06700666E-03
  1364.9000       2.06701328E-03
  1365.0000       2.06701856E-03
  1365.1000       2.06703245E-03
  1365.2000       2.06704037E-03
  1365.3000       2.06704529E-03
  1365.4000       2.06705626E-03
  1365.5000       2.06705892E-03
  1365.6000       2.06706697E-03
  1365.7000       2.06707857E-03
  1365.8000       2.06707973E-03
  1365.9000       2.06708760E-03
  1366.0000       2.06709577E-03
  1366.1000       2.06710494E-03
  1366.2000       2.06711015E-03
  1366.3000       2.06711665E-03
  1366.4000       2.06712367E-03
  1366.5000       2.06713237E-03
  1366.6000       2.06714352E-03
  1366.7000       2.06714960E-03
  1366.8000       2.06715312E-03
  1366.9000       2.06716180E-03
  1367.0000       2.06716836E-03
  1367.1000       2.06717767E-03
  1367.2000       2.06718282E-03
  1367.3000       2.06718682E-03
  1367.4000       2.06719573E-03
  1367.5000       2.06721105E-03
  1367.6000       2.06721278E-03
  1367.7000       2.06721918E-03
  1367.8000       2.06722723E-03
  1367.9000       2.06723023E-03
  1368.0000       2.06724080E-03
  1368.1000       2.06724651E-03
  1368.2000       2.06725311E-03
  1368.3000       2.06726160E-03
  1368.4000       2.06727158E-03
  1368.5000       2.06727903E-03
  1368.6000       2.06728481E-03
  1368.7000       2.06728825E-03
  1368.8000       2.06730182E-03
  1368.9000       2.06730419E-03
  1369.0000       2.06731205E-03
  1369.1000       2.06732096E-03
  1369.2000       2.06732291E-03
  1369.3000       2.06733533E-03
  1369.4000       2.06733888E-03
  1369.5000       2.06734900E-03
  1369.6000       2.06735585E-03
  1369.7000       2.06736554E-03
  1369.8000       2.06736865E-03
  1369.9000       2.06738325E-03
  1370.0000       2.06738291E-03
  1370.1000       2.06738890E-03
  1370.2000       2.06739868E-03
  1370.3000       2.06740376E-03
  1370.4000       2.06741328E-03
  1370.5000       2.06741625E-03
  1370.6000       2.06742520E-03
  1370.7000       2.06743333E-03
  1370.8000       2.06744127E-03
  1370.9000       2.06744812E-03
  1371.0000       2.06746051E-03
  1371.1000       2.06746482E-03
  1371.2000       2.06747046E-03
  1371.3000       2.06747765E-03
  1371.4000       2.06748547E-03
  1371.5000       2.06749067E-03
  1371.6000       2.06749532E-03
  1371.7000       2.06750530E-03
  1371.8000       2.06751078E-03
  1371.9000       2.06752260E-03
  1372.0000       2.06752784E-03
  1372.1000       2.06753192E-03
  1372.2000       2.06754021E-03
  1372.3000       2.06754964E-03
  1372.4000       2.06755200E-03
  1372.5000       2.06756220E-03
  1372.6000       2.06757035E-03
  1372.7000       2.06757662E-03
  1372.8000       2.06758359E-03
  1372.9000       2.06758897E-03
  1373.0000       2.06759453E-03
  1373.1000       2.06760445E-03
  1373.2000       2.06761725E-03
  1373.3000       2.06761949E-03
  1373.4000       2.06762718E-03
  1373.5000       2.06763317E-03
  1373.6000       2.06764274E-03
  1373.7000       2.06764466E-03
  1373.8000       2.06765445E-03
  1373.9000       2.06766237E-03
  1374.0000       2.06767200E-03
  1374.1000       2.06767075E-03
  1374.2000       2.06768247E-03
  1374.3000       2.06769030E-03
  1374.4000       2.06769500E-03
  1374.5000       2.06770216E-03
  1374.6000       2.06770880E-03
  1374.7000       2.06771682E-03
  1374.8000       2.06772350E-03
  1374.9000       2.06773388E-03
  1375.0000       2.06773731E-03
  1375.1000       2.06774785E-03
  1375.2000       2.06774820E-03
  1375.3000       2.06776158E-03
  1375.4000       2.06776896E-03
  1375.5000       2.06777672E-03
  1375.6000       2.06778702E-03
  1375.7000       2.06778751E-03
  1375.8000       2.06779298E-03
  1375.9000       2.06780165E-03
  1376.0000       2.06780775E-03
  1376.1000       2.06781514E-03
  1376.2000       2.06782141E-03
  1376.3000       2.06782912E-03
  1376.4000       2.06783585E-03
  1376.5000       2.06784317E-03
  1376.6000       2.06785192E-03
  1376.7000       2.06785669E-03
  1376.8000       2.06785756E-03
  1376.9000       2.06787193E-03
  1377.0000       2.06787739E-03
  1377.1000       2.06788446E-03
  1377.2000       2.06789283E-03
  1377.3000       2.06789830E-03
  1377.4000       2.06790420E-03
  1377.5000       2.06790821E-03
  1377.6000       2.06792003E-03
  1377.7000       2.06792193E-03
  1377.8000       2.06793540E-03
  1377.9000       2.06793838E-03
  1378.0000       2.06794727E-03
  1378.1000       2.06795226E-03
  1378.2000       2.06795745E-03
  1378.3000       2.06796649E-03
  1378.4000       2.06797689E-03
  1378.5000       2.06797893E-03
  1378.6000       2.06798432E-03
  1378.7000       2.06799565E-03
  1378.8000       2.06800004E-03
  1378.9000       2.06800734E-03
  1379.0000       2.06801573E-03
  1379.1000       2.06802247E-03
  1379.2000       2.06802714E-03
  1379.3000       2.06803462E-03
  1379.4000       2.06804491E-03
  1379.5000       2.06805051E-03
  1379.6000       2.06805959E-03
  1379.7000       2.06806150E-03
  1379.8000       2.06806576E-03
  1379.9000       2.06807403E-03
  1380.0000       2.06808139E-03
  1380.1000       2.06809249E-03
  1380.2000       2.06809260E-03
  1380.3000       2.06810019E-03
  1380.4000       2.06811029E-03
  1380.5000       2.06811314E-03
  1380.6000       2.06812199E-03
  1380.7000       2.06812604E-03
  1380.8000       2.06813723E-03
  1380.9000       2.06813937E-03
  1381.0000       2.06814864E-03
  1381.1000       2.06815815E-03
  1381.2000       2.06816180E-03
  1381.3000       2.06816914E-03
  1381.4000       2.06817719E-03
  1381.5000       2.06818204E-03
  1381.6000       2.06818959E-03
  1381.7000       2.06819781E-03
  1381.8000       2.06819564E-03
  1381.9000       2.06820571E-03
  1382.0000       2.06821781E-03
  1382.1000       2.06822233E-03
  1382.2000       2.06822953E-03
  1382.3000       2.06823803E-03
  1382.4000       2.06824112E-03
  1382.5000       2.06825065E-03
  1382.6000       2.06825587E-03
  1382.7000       2.06825761E-03
  1382.8000       2.06827010E-03
  1382.9000       2.06828129E-03
  1383.0000       2.06827937E-03
  1383.1000       2.06829167E-03
  1383.2000       2.06829304E-03
  1383.3000       2.06830265E-03
  1383.4000       2.06830739E-03
  1383.5000       2.06831575E-03
  1383.6000       2.06832510E-03
  1383.7000       2.06832883E-03
  1383.8000       2.06834050E-03
  1383.9000       2.06834400E-03
  1384.0000       2.06835001E-03
  1384.1000       2.06835527E-03
  1384.2000       2.06835944E-03
  1384.3000       2.06836549E-03
  1384.4000       2.06837689E-03
  1384.5000       2.06837918E-03
  1384.6000       2.06838839E-03
  1384.7000       2.06839602E-03
  1384.8000       2.06839984E-03
  1384.9000       2.06841194E-03
  1385.0000       2.06841552E-03
  1385.1000       2.06842299E-03
  1385.2000       2.06842761E-03
  1385.3000       2.06843685E-03
  1385.4000       2.06843908E-03
  1385.5000       2.06844585E-03
  1385.6000       2.06845518E-03
  1385.7000       2.06846388E-03
  1385.8000       2.06846731E-03
  1385.9000       2.06847325E-03
  1386.0000       2.06847759E-03
  1386.1000       2.06848279E-03
  1386.2000       2.06849006E-03
  1386.3000       2.06849842E-03
  1386.4000       2.06850278E-03
  1386.5000       2.06851157E-03
  1386.6000       2.06851608E-03
  1386.7000       2.06852758E-03
  1386.8000       2.06853269E-03
  1386.9000       2.06853855E-03
  1387.0000       2.06854246E-03
  1387.1000       2.06855189E-03
  1387.2000       2.06855748E-03
  1387.3000       2.06856444E-03
  1387.4000       2.06857130E-03
  1387.5000       2.06857513E-03
  1387.6000       2.06858032E-03
  1387.7000       2.06858597E-03
  1387.8000       2.06859627E-03
  1387.9000       2.06860204E-03
  1388.0000       2.06861043E-03
  1388.1000       2.06862007E-03
  1388.2000       2.06862410E-03
  1388.3000       2.06862801E-03
  1388.4000       2.06863435E-03
  1388.5000       2.06864213E-03
  1388.6000       2.06864709E-03
  1388.7000       2.06865463E-03
  1388.8000       2.06866489E-03
  1388.9000       2.06867134E-03
  1389.0000       2.06867293E-03
  1389.1000       2.06868224E-03
  1389.2000       2.06868554E-03
  1389.3000       2.06869471E-03
  1389.4000       2.06869713E-03
  1389.5000       2.06870268E-03
  1389.6000       2.06870892E-03
  1389.7000       2.06871845E-03
  1389.8000       2.06872363E-03
  1389.9000       2.06873025E-03
  1390.0000       2.06873793E-03
  1390.1000       2.06874377E-03
  1390.2000       2.06874754E-03
  1390.3000       2.06875592E-03
  1390.4000       2.06876458E-03
  1390.5000       2.06876602E-03
  1390.6000       2.06877449E-03
  1390.7000       2.06877962E-03
  1390.8000       2.06879087E-03
  1390.9000       2.06879206E-03
  1391.0000       2.06880104E-03
  1391.1000       2.06880633E-03
  1391.2000       2.06881233E-03
  1391.3000       2.06882197E-03
  1391.4000       2.06882631E-03
  1391.5000       2.06882909E-03
  1391.6000       2.06883910E-03
  1391.7000       2.06884185E-03
  1391.8000       2.06885064E-03
  1391.9000       2.06885427E-03
  1392.0000       2.06885998E-03
  1392.1000       2.06887064E-03
  1392.2000       2.06887756E-03
  1392.3000       2.06888491E-03
  1392.4000       2.06889112E-03
  1392.5000       2.06889261E-03
  1392.6000       2.06889673E-03
  1392.7000       2.06890695E-03
  1392.8000       2.06891208E-03
  1392.9000       2.06892077E-03
  1393.0000       2.06892674E-03
  1393.1000       2.06893379E-03
  1393.2000       2.06894178E-03
  1393.3000       2.06894183E-03
  1393.4000       2.06895345E-03
  1393.5000       2.06895861E-03
  1393.6000       2.06896372E-03
  1393.7000       2.06897084E-03
  1393.8000       2.06897570E-03
  1393.9000       2.06898442E-03
  1394.0000       2.06898541E-03
  1394.1000       2.06899332E-03
  1394.2000       2.06900040E-03
  1394.3000       2.06901226E-03
  1394.4000       2.06901262E-03
  1394.5000       2.06902125E-03
  1394.6000       2.06902448E-03
  1394.7000       2.06903134E-03
  1394.8000       2.06903704E-03
  1394.9000       2.06904746E-03
  1395.0000       2.06905248E-03
  1395.1000       2.06905623E-03
  1395.2000       2.06906206E-03
  1395.3000       2.06906940E-03
  1395.4000       2.06907007E-03
  1395.5000       2.06907872E-03
  1395.6000       2.06909226E-03
  1395.7000       2.06909118E-03
  1395.8000       2.06909629E-03
  1395.9000       2.06910649E-03
  1396.0000       2.06911190E-03
  1396.1000       2.06911479E-03
  1396.2000       2.06912270E-03
  1396.3000       2.06912646E-03
  1396.4000       2.06913499E-03
  1396.5000       2.06914720E-03
  1396.6000       2.06914779E-03
  1396.7000       2.06915276E-03
  1396.8000       2.06916113E-03
  1396.9000       2.06916789E-03
  1397.0000       2.06917106E-03
  1397.1000       2.06917887E-03
  1397.2000       2.06918420E-03
  1397.3000       2.06918946E-03
  1397.4000       2.06920186E-03
  1397.5000       2.06920213E-03
  1397.6000       2.06920933E-03
  1397.7000       2.06921552E-03
  1397.8000       2.06922419E-03
  1397.9000       2.06922845E-03
  1398.0000       2.06923436E-03
  1398.1000       2.06923876E-03
  1398.2000       2.06924601E-03
  1398.3000       2.06925257E-03
  1398.4000       2.06926121E-03
  1398.5000       2.06926289E-03
  1398.6000       2.06927103E-03
  1398.7000       2.06927584E-03
  1398.8000       2.06928260E-03
  1398.9000       2.06928934E-03
  1399.0000       2.06929407E-03
  1399.1000       2.06930049E-03
  1399.2000       2.06930433E-03
  1399.3000       2.06931184E-03
  1399.4000       2.06931406E-03
  1399.5000       2.06932186E-03
  1399.6000       2.06933109E-03
  1399.7000       2.06933330E-03
  1399.8000       2.06934267E-03
  1399.9000       2.06935053E-03
  1400.0000       2.06935698E-03
  1400.1000       2.06936191E-03
  1400.2000       2.06936510E-03
  1400.3000       2.06936797E-03
  1400.4000       2.06937120E-03
  1400.5000       2.06938281E-03
  1400.6000       2.06938799E-03
  1400.7000       2.06939708E-03
  1400.8000       2.06940153E-03
  1400.9000       2.06940806E-03
  1401.0000       2.06941109E-03
  1401.1000       2.06941697E-03
  1401.2000       2.06942487E-03
  1401.3000       2.06943115E-03
  1401.4000       2.06943290E-03
  1401.5000       2.06944351E-03
  1401.6000       2.06944840E-03
  1401.7000       2.06945497E-03
  1401.8000       2.06945965E-03
  1401.9000       2.06946533E-03
  1402.0000       2.06947069E-03
  1402.1000       2.06947599E-03
  1402.2000       2.06948525E-03
  1402.3000       2.06948881E-03
  1402.4000       2.06949377E-03
  1402.5000       2.06949753E-03
  1402.6000       2.06950531E-03
  1402.7000       2.06951499E-03
  1402.8000       2.06951563E-03
  1402.9000       2.06952349E-03
  1403.0000       2.06952983E-03
  1403.1000       2.06953480E-03
  1403.2000       2.06953642E-03
  1403.3000       2.06954680E-03
  1403.4000       2.06955222E-03
  1403.5000       2.06955319E-03
  1403.6000       2.06956082E-03
  1403.7000       2.06956955E-03
  1403.8000       2.06957397E-03
  1403.9000       2.06958390E-03
  1404.0000       2.06958521E-03
  1404.1000       2.06959609E-03
  1404.2000       2.06959463E-03
  1404.3000       2.06960523E-03
  1404.4000       2.06960834E-03
  1404.5000       2.06961217E-03
  1404.6000       2.06962171E-03
  1404.7000       2.06962796E-03
  1404.8000       2.06963150E-03
  1404.9000       2.06963989E-03
  1405.0000       2.06964925E-03
  1405.1000       2.06964577E-03
  1405.2000       2.06965674E-03
  1405.3000       2.06965764E-03
  1405.4000       2.06966572E-03
  1405.5000       2.06967548E-03
  1405.6000       2.06967741E-03
  1405.7000       2.06968710E-03
  1405.8000       2.06968859E-03
  1405.9000       2.06969686E-03
  1406.0000       2.06970190E-03
  1406.1000       2.06970215E-03
  1406.2000       2.06971277E-03
  1406.3000       2.06971866E-03
  1406.4000       2.06972782E-03
  1406.5000       2.06972975E-03
  1406.6000       2.06973682E-03
  1406.7000       2.06973926E-03
  1406.8000       2.06974485E-03
  1406.9000       2.06975010E-03
  1407.0000       2.06975478E-03
  1407.1000       2.06976035E-03
  1407.2000       2.06976601E-03
  1407.3000       2.06977532E-03
  1407.4000       2.06978226E-03
  1407.5000       2.06978571E-03
  1407.6000       2.06978749E-03
  1407.7000       2.06979694E-03
  1407.8000       2.06980045E-03
  1407.9000       2.06980608E-03
  1408.0000       2.06981372E-03
  1408.1000       2.06981684E-03
  1408.2000       2.06982349E-03
  1408.3000       2.06982933E-03
  1408.4000       2.06982973E-03
  1408.5000       2.06983781E-03
  1408.6000       2.06984420E-03
  1408.7000       2.06985065E-03
  1408.8000       2.06985712E-03
  1408.9000       2.06985910E-03
  1409.0000       2.06986715E-03
  1409.1000       2.06987035E-03
  1409.2000       2.06987969E-03
  1409.3000       2.06988717E-03
  1409.4000       2.06988893E-03
  1409.5000       2.06989655E-03
  1409.6000       2.06989599E-03
  1409.7000       2.06990471E-03
  1409.8000       2.06991141E-03
  1409.9000       2.06991491E-03
  1410.0000       2.06991843E-03
  1410.1000       2.06992685E-03
  1410.2000       2.06993611E-03
  1410.3000       2.06993663E-03
  1410.4000       2.06994317E-03
  1410.5000       2.06995114E-03
  1410.6000       2.06995542E-03
  1410.7000       2.06995980E-03
  1410.8000       2.06996372E-03
  1410.9000       2.06997306E-03
  1411.0000       2.06997452E-03
  1411.1000       2.06998014E-03
  1411.2000       2.06998845E-03
  1411.3000       2.06999625E-03
  1411.4000       2.06999729E-03
  1411.5000       2.07000578E-03
  1411.6000       2.07000675E-03
  1411.7000       2.07000871E-03
  1411.8000       2.07001776E-03
  1411.9000       2.07002654E-03
  1412.0000       2.07002802E-03
  1412.1000       2.07003249E-03
  1412.2000       2.07004200E-03
  1412.3000       2.07004477E-03
  1412.4000       2.07005438E-03
  1412.5000       2.07005702E-03
  1412.6000       2.07006438E-03
  1412.7000       2.07006832E-03
  1412.8000       2.07007007E-03
  1412.9000       2.07007845E-03
  1413.0000       2.07008517E-03
  1413.1000       2.07008794E-03
  1413.2000       2.07009548E-03
  1413.3000       2.07009789E-03
  1413.4000       2.07010371E-03
  1413.5000       2.07011049E-03
  1413.6000       2.07011460E-03
  1413.7000       2.07011750E-03
  1413.8000       2.07012133E-03
  1413.9000       2.07013073E-03
  1414.0000       2.07013383E-03
  1414.1000       2.07014262E-03
  1414.2000       2.07014398E-03
  1414.3000       2.07015207E-03
  1414.4000       2.07015485E-03
  1414.5000       2.07016331E-03
  1414.6000       2.07016331E-03
  1414.7000       2.07017506E-03
  1414.8000       2.07018137E-03
  1414.9000       2.07018399E-03
  1415.0000       2.07018715E-03
  1415.1000       2.07019390E-03
  1415.2000       2.07019950E-03
  1415.3000       2.07020368E-03
  1415.4000       2.07021261E-03
  1415.5000       2.07021276E-03
  1415.6000       2.07022196E-03
  1415.7000       2.07022593E-03
  1415.8000       2.07022868E-03
  1415.9000       2.07023139E-03
  1416.0000       2.07023704E-03
  1416.1000       2.07024971E-03
  1416.2000       2.07025075E-03
  1416.3000       2.07025667E-03
  1416.4000       2.07026143E-03
  1416.5000       2.07026426E-03
  1416.6000       2.07026984E-03
  1416.7000       2.07027539E-03
  1416.8000       2.07027907E-03
  1416.9000       2.07028536E-03
  1417.0000       2.07029480E-03
  1417.1000       2.07029824E-03
  1417.2000       2.07030379E-03
  1417.3000       2.07030580E-03
  1417.4000       2.07031165E-03
  1417.5000       2.07031761E-03
  1417.6000       2.07032361E-03
  1417.7000       2.07032955E-03
  1417.8000       2.07033368E-03
  1417.9000       2.07033544E-03
  1418.0000       2.07034093E-03
  1418.1000       2.07034342E-03
  1418.2000       2.07035782E-03
  1418.3000       2.07035382E-03
  1418.4000       2.07036090E-03
  1418.5000       2.07036752E-03
  1418.6000       2.07036955E-03
  1418.7000       2.07038114E-03
  1418.8000       2.07038119E-03
  1418.9000       2.07038513E-03
  1419.0000       2.07039454E-03
  1419.1000       2.07040115E-03
  1419.2000       2.07040463E-03
  1419.3000       2.07040708E-03
  1419.4000       2.07041214E-03
  1419.5000       2.07041951E-03
  1419.6000       2.07042302E-03
  1419.7000       2.07042982E-03
  1419.8000       2.07043131E-03
  1419.9000       2.07044054E-03
  1420.0000       2.07043965E-03
  1420.1000       2.07045284E-03
  1420.2000       2.07045652E-03
  1420.3000       2.07045496E-03
  1420.4000       2.07046613E-03
  1420.5000       2.07046742E-03
  1420.6000       2.07047059E-03
  1420.7000       2.07047523E-03
  1420.8000       2.07048487E-03
  1420.9000       2.07048342E-03
  1421.0000       2.07049362E-03
  1421.1000       2.07049660E-03
  1421.2000       2.07050138E-03
  1421.3000       2.07050491E-03
  1421.4000       2.07051219E-03
  1421.5000       2.07051592E-03
  1421.6000       2.07051994E-03
  1421.7000       2.07052270E-03
  1421.8000       2.07053355E-03
  1421.9000       2.07053427E-03
  1422.0000       2.07054314E-03
  1422.1000       2.07054224E-03
  1422.2000       2.07055201E-03
  1422.3000       2.07055644E-03
  1422.4000       2.07055955E-03
  1422.5000       2.07057042E-03
  1422.6000       2.07057230E-03
  1422.7000       2.07057365E-03
  1422.8000       2.07057938E-03
  1422.9000       2.07058527E-03
  1423.0000       2.07058941E-03
  1423.1000       2.07059521E-03
  1423.2000       2.07060235E-03
  1423.3000       2.07060509E-03
  1423.4000       2.07061077E-03
  1423.5000       2.07061654E-03
  1423.6000       2.07061690E-03
  1423.7000       2.07062359E-03
  1423.8000       2.07063151E-03
  1423.9000       2.07063502E-03
  1424.0000       2.07063397E-03
  1424.1000       2.07064188E-03
  1424.2000       2.07064941E-03
  1424.3000       2.07064963E-03
  1424.4000       2.07065901E-03
  1424.5000       2.07066147E-03
  1424.6000       2.07066691E-03
  1424.7000       2.07067462E-03
  1424.8000       2.07067538E-03
  1424.9000       2.07068470E-03
  1425.0000       2.07068552E-03
  1425.1000       2.07068857E-03
  1425.2000       2.07069592E-03
  1425.3000       2.07070238E-03
  1425.4000       2.07070674E-03
  1425.5000       2.07070608E-03
  1425.6000       2.07071565E-03
  1425.7000       2.07071948E-03
  1425.8000       2.07072254E-03
  1425.9000       2.07072633E-03
  1426.0000       2.07073519E-03
  1426.1000       2.07073758E-03
  1426.2000       2.07074195E-03
  1426.3000       2.07075133E-03
  1426.4000       2.07075197E-03
  1426.5000       2.07075478E-03
  1426.6000       2.07076148E-03
  1426.7000       2.07076411E-03
  1426.8000       2.07076935E-03
  1426.9000       2.07077401E-03
  1427.0000       2.07078085E-03
  1427.1000       2.07078364E-03
  1427.2000       2.07079031E-03
  1427.3000       2.07078974E-03
  1427.4000       2.07079756E-03
  1427.5000       2.07080643E-03
  1427.6000       2.07080369E-03
  1427.7000       2.07081773E-03
  1427.8000       2.07081569E-03
  1427.9000       2.07081933E-03
  1428.0000       2.07083033E-03
  1428.1000       2.07083161E-03
  1428.2000       2.07083302E-03
  1428.3000       2.07084334E-03
  1428.4000       2.07084370E-03
  1428.5000       2.07085276E-03
  1428.6000       2.07085117E-03
  1428.7000       2.07086458E-03
  1428.8000       2.07086213E-03
  1428.9000       2.07086751E-03
  1429.0000       2.07087217E-03
  1429.1000       2.07087524E-03
  1429.2000       2.07088438E-03
  1429.3000       2.07088346E-03
  1429.4000       2.07089292E-03
  1429.5000       2.07089440E-03
  1429.6000       2.07090602E-03
  1429.7000       2.07090554E-03
  1429.8000       2.07090820E-03
  1429.9000       2.07091575E-03
  1430.0000       2.07091859E-03
  1430.1000       2.07092552E-03
  1430.2000       2.07092813E-03
  1430.3000       2.07092973E-03
  1430.4000       2.07093650E-03
  1430.5000       2.07094003E-03
  1430.6000       2.07093806E-03
  1430.7000       2.07094738E-03
  1430.8000       2.07095076E-03
  1430.9000       2.07095776E-03
  1431.0000       2.07096066E-03
  1431.1000       2.07096675E-03
  1431.2000       2.07096806E-03
  1431.3000       2.07097448E-03
  1431.4000       2.07098407E-03
  1431.5000       2.07098387E-03
  1431.6000       2.07098978E-03
  1431.7000       2.07099733E-03
  1431.8000       2.07099937E-03
  1431.9000       2.07100577E-03
  1432.0000       2.07100898E-03
  1432.1000       2.07100971E-03
  1432.2000       2.07101580E-03
  1432.3000       2.07101838E-03
  1432.4000       2.07102486E-03
  1432.5000       2.07102639E-03
  1432.6000       2.07103392E-03
  1432.7000       2.07103784E-03
  1432.8000       2.07104186E-03
  1432.9000       2.07105090E-03
  1433.0000       2.07105214E-03
  1433.1000       2.07105032E-03
  1433.2000       2.07105811E-03
  1433.3000       2.07106313E-03
  1433.4000       2.07106919E-03
  1433.5000       2.07106981E-03
  1433.6000       2.07107349E-03
  1433.7000       2.07108710E-03
  1433.8000       2.07108465E-03
  1433.9000       2.07108642E-03
  1434.0000       2.07109263E-03
  1434.1000       2.07109914E-03
  1434.2000       2.07110470E-03
  1434.3000       2.07110835E-03
  1434.4000       2.07110563E-03
  1434.5000       2.07111730E-03
  1434.6000       2.07112029E-03
  1434.7000       2.07112171E-03
  1434.8000       2.07112539E-03
  1434.9000       2.07113302E-03
  1435.0000       2.07113929E-03
  1435.1000       2.07114039E-03
  1435.2000       2.07114794E-03
  1435.3000       2.07115046E-03
  1435.4000       2.07115425E-03
  1435.5000       2.07115897E-03
  1435.6000       2.07116563E-03
  1435.7000       2.07116522E-03
  1435.8000       2.07117047E-03
  1435.9000       2.07118047E-03
  1436.0000       2.07118210E-03
  1436.1000       2.07118473E-03
  1436.2000       2.07118528E-03
  1436.3000       2.07118879E-03
  1436.4000       2.07119211E-03
  1436.5000       2.07120144E-03
  1436.6000       2.07120736E-03
  1436.7000       2.07121051E-03
  1436.8000       2.07121470E-03
  1436.9000       2.07121796E-03
  1437.0000       2.07122045E-03
  1437.1000       2.07122901E-03
  1437.2000       2.07122731E-03
  1437.3000       2.07122940E-03
  1437.4000       2.07123743E-03
  1437.5000       2.07124238E-03
  1437.6000       2.07124572E-03
  1437.7000       2.07124884E-03
  1437.8000       2.07125686E-03
  1437.9000       2.07126013E-03
  1438.0000       2.07126391E-03
  1438.1000       2.07126563E-03
  1438.2000       2.07126926E-03
  1438.3000       2.07128131E-03
  1438.4000       2.07128470E-03
  1438.5000       2.07128231E-03
  1438.6000       2.07128544E-03
  1438.7000       2.07129594E-03
  1438.8000       2.07129206E-03
  1438.9000       2.07130235E-03
  1439.0000       2.07130233E-03
  1439.1000       2.07130724E-03
  1439.2000       2.07131087E-03
  1439.3000       2.07131451E-03
  1439.4000       2.07131751E-03
  1439.5000       2.07132802E-03
  1439.6000       2.07133282E-03
  1439.7000       2.07133299E-03
  1439.8000       2.07133502E-03
  1439.9000       2.07134154E-03
  1440.0000       2.07134798E-03
  1440.1000       2.07134606E-03
  1440.2000       2.07135169E-03
  1440.3000       2.07135850E-03
  1440.4000       2.07135892E-03
  1440.5000       2.07136312E-03
  1440.6000       2.07136891E-03
  1440.7000       2.07137205E-03
  1440.8000       2.07137598E-03
  1440.9000       2.07137923E-03
  1441.0000       2.07138440E-03
  1441.1000       2.07138446E-03
  1441.2000       2.07139410E-03
  1441.3000       2.07139745E-03
  1441.4000       2.07139802E-03
  1441.5000       2.07140594E-03
  1441.6000       2.07141344E-03
  1441.7000       2.07141287E-03
  1441.8000       2.07141619E-03
  1441.9000       2.07142138E-03
  1442.0000       2.07142686E-03
  1442.1000       2.07142648E-03
  1442.2000       2.07143595E-03
  1442.3000       2.07143887E-03
  1442.4000       2.07144305E-03
  1442.5000       2.07144230E-03
  1442.6000       2.07144923E-03
  1442.7000       2.07145563E-03
  1442.8000       2.07145489E-03
  1442.9000       2.07146175E-03
  1443.0000       2.07146669E-03
  1443.1000       2.07147167E-03
  1443.2000       2.07147527E-03
  1443.3000       2.07147948E-03
  1443.4000       2.07148125E-03
  1443.5000       2.07147885E-03
  1443.6000       2.07148961E-03
  1443.7000       2.07149390E-03
  1443.8000       2.07149501E-03
  1443.9000       2.07150272E-03
  1444.0000       2.07150213E-03
  1444.1000       2.07150654E-03
  1444.2000       2.07151369E-03
  1444.3000       2.07151389E-03
  1444.4000       2.07151758E-03
  1444.5000       2.07152572E-03
  1444.6000       2.07152758E-03
  1444.7000       2.07152843E-03
  1444.8000       2.07153416E-03
  1444.9000       2.07153915E-03
  1445.0000       2.07153894E-03
  1445.1000       2.07154507E-03
  1445.2000       2.07155223E-03
  1445.3000       2.07155187E-03
  1445.4000       2.07155936E-03
  1445.5000       2.07156439E-03
  1445.6000       2.07156344E-03
  1445.7000       2.07157383E-03
  1445.8000       2.07157260E-03
  1445.9000       2.07157218E-03
  1446.0000       2.07158111E-03
  1446.1000       2.07158618E-03
  1446.2000       2.07158923E-03
  1446.3000       2.07159053E-03
  1446.4000       2.07159645E-03
  1446.5000       2.07159955E-03
  1446.6000       2.07160427E-03
  1446.7000       2.07160772E-03
  1446.8000       2.07161263E-03
  1446.9000       2.07161461E-03
  1447.0000       2.07161931E-03
  1447.1000       2.07162035E-03
  1447.2000       2.07162954E-03
  1447.3000       2.07163111E-03
  1447.4000       2.07163448E-03
  1447.5000       2.07164204E-03
  1447.6000       2.07164040E-03
  1447.7000       2.07164459E-03
  1447.8000       2.07164590E-03
  1447.9000       2.07165079E-03
  1448.0000       2.07165533E-03
  1448.1000       2.07166040E-03
  1448.2000       2.07166314E-03
  1448.3000       2.07166720E-03
  1448.4000       2.07166656E-03
  1448.5000       2.07167896E-03
  1448.6000       2.07167468E-03
  1448.7000       2.07168281E-03
  1448.8000       2.07168400E-03
  1448.9000       2.07168699E-03
  1449.0000       2.07169624E-03
  1449.1000       2.07169679E-03
  1449.2000       2.07170081E-03
  1449.3000       2.07170930E-03
  1449.4000       2.07170789E-03
  1449.5000       2.07171223E-03
  1449.6000       2.07172129E-03
  1449.7000       2.07171545E-03
  1449.8000       2.07172259E-03
  1449.9000       2.07172651E-03
  1450.0000       2.07173019E-03
  1450.1000       2.07173665E-03
  1450.2000       2.07173871E-03
  1450.3000       2.07174375E-03
  1450.4000       2.07174905E-03
  1450.5000       2.07174788E-03
  1450.6000       2.07175337E-03
  1450.7000       2.07175298E-03
  1450.8000       2.07175957E-03
  1450.9000       2.07176525E-03
  1451.0000       2.07176469E-03
  1451.1000       2.07177024E-03
  1451.2000       2.07177267E-03
  1451.3000       2.07177770E-03
  1451.4000       2.07178552E-03
  1451.5000       2.07177920E-03
  1451.6000       2.07178927E-03
  1451.7000       2.07179535E-03
  1451.8000       2.07179323E-03
  1451.9000       2.07179909E-03
  1452.0000       2.07180563E-03
  1452.1000       2.07180631E-03
  1452.2000       2.07180981E-03
  1452.3000       2.07181473E-03
  1452.4000       2.07181807E-03
  1452.5000       2.07181815E-03
  1452.6000       2.07182330E-03
  1452.7000       2.07182764E-03
  1452.8000       2.07183545E-03
  1452.9000       2.07183701E-03
  1453.0000       2.07184190E-03
  1453.1000       2.07184388E-03
  1453.2000       2.07184816E-03
  1453.3000       2.07185000E-03
  1453.4000       2.07185378E-03
  1453.5000       2.07185634E-03
  1453.6000       2.07185941E-03
  1453.7000       2.07186280E-03
  1453.8000       2.07186771E-03
  1453.9000       2.07187242E-03
  1454.0000       2.07187786E-03
  1454.1000       2.07187711E-03
  1454.2000       2.07188279E-03
  1454.3000       2.07188642E-03
  1454.4000       2.07189169E-03
  1454.5000       2.07189041E-03
  1454.6000       2.07189745E-03
  1454.7000       2.07189623E-03
  1454.8000       2.07190227E-03
  1454.9000       2.07190539E-03
  1455.0000       2.07191286E-03
  1455.1000       2.07191247E-03
  1455.2000       2.07191990E-03
  1455.3000       2.07192086E-03
  1455.4000       2.07192688E-03
  1455.5000       2.07192896E-03
  1455.6000       2.07193104E-03
  1455.7000       2.07193363E-03
  1455.8000       2.07193902E-03
  1455.9000       2.07194295E-03
  1456.0000       2.07194621E-03
  1456.1000       2.07194832E-03
  1456.2000       2.07195261E-03
  1456.3000       2.07195862E-03
  1456.4000       2.07195916E-03
  1456.5000       2.07196280E-03
  1456.6000       2.07196754E-03
  1456.7000       2.07196811E-03
  1456.8000       2.07197312E-03
  1456.9000       2.07197777E-03
  1457.0000       2.07198027E-03
  1457.1000       2.07198038E-03
  1457.2000       2.07198610E-03
  1457.3000       2.07198862E-03
  1457.4000       2.07199339E-03
  1457.5000       2.07199854E-03
  1457.6000       2.07199766E-03
  1457.7000       2.07200549E-03
  1457.8000       2.07201190E-03
  1457.9000       2.07201260E-03
  1458.0000       2.07201511E-03
  1458.1000       2.07201733E-03
  1458.2000       2.07201903E-03
  1458.3000       2.07202707E-03
  1458.4000       2.07202670E-03
  1458.5000       2.07203335E-03
  1458.6000       2.07203329E-03
  1458.7000       2.07203910E-03
  1458.8000       2.07204442E-03
  1458.9000       2.07204380E-03
  1459.0000       2.07205316E-03
  1459.1000       2.07205015E-03
  1459.2000       2.07205530E-03
  1459.3000       2.07205930E-03
  1459.4000       2.07206398E-03
  1459.5000       2.07206678E-03
  1459.6000       2.07207129E-03
  1459.7000       2.07207316E-03
  1459.8000       2.07207925E-03
  1459.9000       2.07208048E-03
  1460.0000       2.07208382E-03
  1460.1000       2.07208820E-03
  1460.2000       2.07209176E-03
  1460.3000       2.07209391E-03
  1460.4000       2.07209709E-03
  1460.5000       2.07210148E-03
  1460.6000       2.07210596E-03
  1460.7000       2.07210587E-03
  1460.8000       2.07210733E-03
  1460.9000       2.07211319E-03
  1461.0000       2.07211482E-03
  1461.1000       2.07212367E-03
  1461.2000       2.07212125E-03
  1461.3000       2.07212253E-03
  1461.4000       2.07212912E-03
  1461.5000       2.07213013E-03
  1461.6000       2.07213748E-03
  1461.7000       2.07214498E-03
  1461.8000       2.07214196E-03
  1461.9000       2.07214719E-03
  1462.0000       2.07215105E-03
  1462.1000       2.07215251E-03
  1462.2000       2.07215457E-03
  1462.3000       2.07216175E-03
  1462.4000       2.07216701E-03
  1462.5000       2.07216535E-03
  1462.6000       2.07216731E-03
  1462.7000       2.07217334E-03
  1462.8000       2.07218249E-03
  1462.9000       2.07218032E-03
  1463.0000       2.07218616E-03
  1463.1000       2.07219103E-03
  1463.2000       2.07218906E-03
  1463.3000       2.07219137E-03
  1463.4000       2.07220238E-03
  1463.5000       2.07219870E-03
  1463.6000       2.07220297E-03
  1463.7000       2.07220955E-03
  1463.8000       2.07220839E-03
  1463.9000       2.07221099E-03
  1464.0000       2.07221581E-03
  1464.1000       2.07221728E-03
  1464.2000       2.07222184E-03
  1464.3000       2.07222644E-03
  1464.4000       2.07223034E-03
  1464.5000       2.07223649E-03
  1464.6000       2.07224089E-03
  1464.7000       2.07223724E-03
  1464.8000       2.07224157E-03
  1464.9000       2.07224550E-03
  1465.0000       2.07224799E-03
  1465.1000       2.07225063E-03
  1465.2000       2.07225497E-03
  1465.3000       2.07225703E-03
  1465.4000       2.07226005E-03
  1465.5000       2.07226340E-03
  1465.6000       2.07226611E-03
  1465.7000       2.07226896E-03
  1465.8000       2.07227620E-03
  1465.9000       2.07227714E-03
  1466.0000       2.07228206E-03
  1466.1000       2.07228774E-03
  1466.2000       2.07228990E-03
  1466.3000       2.07228875E-03
  1466.4000       2.07229409E-03
  1466.5000       2.07229770E-03
  1466.6000       2.07229632E-03
  1466.7000       2.07230542E-03
  1466.8000       2.07230300E-03
  1466.9000       2.07230939E-03
  1467.0000       2.07231356E-03
  1467.1000       2.07231905E-03
  1467.2000       2.07231482E-03
  1467.3000       2.07232001E-03
  1467.4000       2.07232432E-03
  1467.5000       2.07232842E-03
  1467.6000       2.07232610E-03
  1467.7000       2.07233472E-03
  1467.8000       2.07233901E-03
  1467.9000       2.07234208E-03
  1468.0000       2.07234448E-03
  1468.1000       2.07234461E-03
  1468.2000       2.07234845E-03
  1468.3000       2.07234824E-03
  1468.4000       2.07235909E-03
  1468.5000       2.07235888E-03
  1468.6000       2.07236335E-03
  1468.7000       2.07236791E-03
  1468.8000       2.07237069E-03
  1468.9000       2.07237112E-03
  1469.0000       2.07237723E-03
  1469.1000       2.07237394E-03
  1469.2000       2.07238057E-03
  1469.3000       2.07238377E-03
  1469.4000       2.07238728E-03
  1469.5000       2.07238828E-03
  1469.6000       2.07239385E-03
  1469.7000       2.07239952E-03
  1469.8000       2.07240182E-03
  1469.9000       2.07239985E-03
  1470.0000       2.07240489E-03
  1470.1000       2.07241020E-03
  1470.2000       2.07241085E-03
  1470.3000       2.07241148E-03
  1470.4000       2.07242056E-03
  1470.5000       2.07241988E-03
  1470.6000       2.07242742E-03
  1470.7000       2.07242797E-03
  1470.8000       2.07242972E-03
  1470.9000       2.07243205E-03
  1471.0000       2.07243570E-03
  1471.1000       2.07243931E-03
  1471.2000       2.07244622E-03
  1471.3000       2.07244594E-03
  1471.4000       2.07245014E-03
  1471.5000       2.07244835E-03
  1471.6000       2.07245612E-03
  1471.7000       2.07245982E-03
  1471.8000       2.07245938E-03
  1471.9000       2.07246403E-03
  1472.0000       2.07246972E-03
  1472.1000       2.07247390E-03
  1472.2000       2.07247271E-03
  1472.3000       2.07247503E-03
  1472.4000       2.07247904E-03
  1472.5000       2.07248140E-03
  1472.6000       2.07248753E-03
  1472.7000       2.07248821E-03
  1472.8000       2.07249143E-03
  1472.9000       2.07249739E-03
  1473.0000       2.07249392E-03
  1473.1000       2.07250195E-03
  1473.2000       2.07250092E-03
  1473.3000       2.07250522E-03
  1473.4000       2.07250790E-03
  1473.5000       2.07251355E-03
  1473.6000       2.07251751E-03
  1473.7000       2.07251985E-03
  1473.8000       2.07252065E-03
  1473.9000       2.07252798E-03
  1474.0000       2.07252316E-03
  1474.1000       2.07253137E-03
  1474.2000       2.07253109E-03
  1474.3000       2.07253473E-03
  1474.4000       2.07254156E-03
  1474.5000       2.07254369E-03
  1474.6000       2.07254574E-03
  1474.7000       2.07254656E-03
  1474.8000       2.07255000E-03
  1474.9000       2.07255570E-03
  1475.0000       2.07255718E-03
  1475.1000       2.07256024E-03
  1475.2000       2.07256094E-03
  1475.3000       2.07256956E-03
  1475.4000       2.07256959E-03
  1475.5000       2.07257284E-03
  1475.6000       2.07257476E-03
  1475.7000       2.07257967E-03
  1475.8000       2.07257849E-03
  1475.9000       2.07258276E-03
  1476.0000       2.07258863E-03
  1476.1000       2.07258701E-03
  1476.2000       2.07259089E-03
  1476.3000       2.07259651E-03
  1476.4000       2.07259877E-03
  1476.5000       2.07259961E-03
  1476.6000       2.07260651E-03
  1476.7000       2.07260668E-03
  1476.8000       2.07260755E-03
  1476.9000       2.07261139E-03
  1477.0000       2.07261545E-03
  1477.1000       2.07261649E-03
  1477.2000       2.07262091E-03
  1477.3000       2.07262418E-03
  1477.4000       2.07262807E-03
  1477.5000       2.07262982E-03
  1477.6000       2.07263126E-03
  1477.7000       2.07263887E-03
  1477.8000       2.07263465E-03
  1477.9000       2.07264514E-03
  1478.0000       2.07264460E-03
  1478.1000       2.07264733E-03
  1478.2000       2.07264859E-03
  1478.3000       2.07265284E-03
  1478.4000       2.07265393E-03
  1478.5000       2.07265770E-03
  1478.6000       2.07266093E-03
  1478.7000       2.07266069E-03
  1478.8000       2.07266719E-03
  1478.9000       2.07267178E-03
  1479.0000       2.07267547E-03
  1479.1000       2.07267515E-03
  1479.2000       2.07268136E-03
  1479.3000       2.07267967E-03
  1479.4000       2.07268393E-03
  1479.5000       2.07269110E-03
  1479.6000       2.07269006E-03
  1479.7000       2.07269175E-03
  1479.8000       2.07269744E-03
  1479.9000       2.07269982E-03
  1480.0000       2.07270171E-03
  1480.1000       2.07270168E-03
  1480.2000       2.07270966E-03
  1480.3000       2.07270673E-03
  1480.4000       2.07271536E-03
  1480.5000       2.07271728E-03
  1480.6000       2.07271798E-03
  1480.7000       2.07272012E-03
  1480.8000       2.07272643E-03
  1480.9000       2.07272992E-03
  1481.0000       2.07273192E-03
  1481.1000       2.07273566E-03
  1481.2000       2.07273904E-03
  1481.3000       2.07274047E-03
  1481.4000       2.07274118E-03
  1481.5000       2.07274254E-03
  1481.6000       2.07274427E-03
  1481.7000       2.07275395E-03
  1481.8000       2.07275426E-03
  1481.9000       2.07275571E-03
  1482.0000       2.07275844E-03
  1482.1000       2.07276197E-03
  1482.2000       2.07276623E-03
  1482.3000       2.07276692E-03
  1482.4000       2.07276925E-03
  1482.5000       2.07277563E-03
  1482.6000       2.07277991E-03
  1482.7000       2.07277784E-03
  1482.8000       2.07277887E-03
  1482.9000       2.07278734E-03
  1483.0000       2.07278539E-03
  1483.1000       2.07278810E-03
  1483.2000       2.07279615E-03
  1483.3000       2.07279508E-03
  1483.4000       2.07279977E-03
  1483.5000       2.07280551E-03
  1483.6000       2.07280834E-03
  1483.7000       2.07280484E-03
  1483.8000       2.07281147E-03
  1483.9000       2.07281185E-03
  1484.0000       2.07281841E-03
  1484.1000       2.07281746E-03
  1484.2000       2.07282436E-03
  1484.3000       2.07282080E-03
  1484.4000       2.07282925E-03
  1484.5000       2.07283432E-03
  1484.6000       2.07283420E-03
  1484.7000       2.07283542E-03
  1484.8000       2.07283446E-03
  1484.9000       2.07283860E-03
  1485.0000       2.07284563E-03
  1485.1000       2.07284993E-03
  1485.2000       2.07284964E-03
  1485.3000       2.07284825E-03
  1485.4000       2.07285703E-03
  1485.5000       2.07285839E-03
  1485.6000       2.07286333E-03
  1485.7000       2.07286455E-03
  1485.8000       2.07286747E-03
  1485.9000       2.07287207E-03
  1486.0000       2.07286884E-03
  1486.1000       2.07287521E-03
  1486.2000       2.07287991E-03
  1486.3000       2.07288278E-03
  1486.4000       2.07288053E-03
  1486.5000       2.07288852E-03
  1486.6000       2.07288773E-03
  1486.7000       2.07289106E-03
  1486.8000       2.07289593E-03
  1486.9000       2.07289674E-03
  1487.0000       2.07289877E-03
  1487.1000       2.07290349E-03
  1487.2000       2.07290728E-03
  1487.3000       2.07290972E-03
  1487.4000       2.07291430E-03
  1487.5000       2.07291548E-03
  1487.6000       2.07291758E-03
  1487.7000       2.07292241E-03
  1487.8000       2.07292165E-03
  1487.9000       2.07292433E-03
  1488.0000       2.07293064E-03
  1488.1000       2.07292802E-03
  1488.2000       2.07293387E-03
  1488.3000       2.07293137E-03
  1488.4000       2.07293949E-03
  1488.5000       2.07294207E-03
  1488.6000       2.07294319E-03
  1488.7000       2.07294524E-03
  1488.8000       2.07295214E-03
  1488.9000       2.07295653E-03
  1489.0000       2.07295066E-03
  1489.1000       2.07295706E-03
  1489.2000       2.07296121E-03
  1489.3000       2.07296100E-03
  1489.4000       2.07296910E-03
  1489.5000       2.07296774E-03
  1489.6000       2.07297274E-03
  1489.7000       2.07297404E-03
  1489.8000       2.07297549E-03
  1489.9000       2.07297642E-03
  1490.0000       2.07298055E-03
  1490.1000       2.07298703E-03
  1490.2000       2.07298919E-03
  1490.3000       2.07299023E-03
  1490.4000       2.07299092E-03
  1490.5000       2.07299734E-03
  1490.6000       2.07300218E-03
  1490.7000       2.07300839E-03
  1490.8000       2.07300260E-03
  1490.9000       2.07300706E-03
  1491.0000       2.07300524E-03
  1491.1000       2.07301616E-03
  1491.2000       2.07301183E-03
  1491.3000       2.07301438E-03
  1491.4000       2.07302295E-03
  1491.5000       2.07302325E-03
  1491.6000       2.07302588E-03
  1491.7000       2.07302559E-03
  1491.8000       2.07303256E-03
  1491.9000       2.07303294E-03
  1492.0000       2.07303480E-03
  1492.1000       2.07304157E-03
  1492.2000       2.07304513E-03
  1492.3000       2.07304843E-03
  1492.4000       2.07304323E-03
  1492.5000       2.07304924E-03
  1492.6000       2.07305193E-03
  1492.7000       2.07305594E-03
  1492.8000       2.07306169E-03
  1492.9000       2.07305892E-03
  1493.0000       2.07306353E-03
  1493.1000       2.07306620E-03
  1493.2000       2.07306751E-03
  1493.3000       2.07307460E-03
  1493.4000       2.07307616E-03
  1493.5000       2.07307566E-03
  1493.6000       2.07307915E-03
  1493.7000       2.07308211E-03
  1493.8000       2.07308348E-03
  1493.9000       2.07308352E-03
  1494.0000       2.07308860E-03
  1494.1000       2.07309620E-03
  1494.2000       2.07309907E-03
  1494.3000       2.07309857E-03
  1494.4000       2.07310087E-03
  1494.5000       2.07310304E-03
  1494.6000       2.07310802E-03
  1494.7000       2.07311064E-03
  1494.8000       2.07311271E-03
  1494.9000       2.07311492E-03
  1495.0000       2.07312273E-03
  1495.1000       2.07311772E-03
  1495.2000       2.07312003E-03
  1495.3000       2.07312914E-03
  1495.4000       2.07312613E-03
  1495.5000       2.07313333E-03
  1495.6000       2.07313313E-03
  1495.7000       2.07313771E-03
  1495.8000       2.07313802E-03
  1495.9000       2.07313537E-03
  1496.0000       2.07314442E-03
  1496.1000       2.07314390E-03
  1496.2000       2.07315093E-03
  1496.3000       2.07315237E-03
  1496.4000       2.07315292E-03
  1496.5000       2.07315776E-03
  1496.6000       2.07315541E-03
  1496.7000       2.07316238E-03
  1496.8000       2.07316580E-03
  1496.9000       2.07316442E-03
  1497.0000       2.07317069E-03
  1497.1000       2.07317650E-03
  1497.2000       2.07317291E-03
  1497.3000       2.07318026E-03
  1497.4000       2.07317958E-03
  1497.5000       2.07318270E-03
  1497.6000       2.07318403E-03
  1497.7000       2.07318945E-03
  1497.8000       2.07319237E-03
  1497.9000       2.07319336E-03
  1498.0000       2.07319452E-03
  1498.1000       2.07320331E-03
  1498.2000       2.07320728E-03
  1498.3000       2.07320321E-03
  1498.4000       2.07321302E-03
  1498.5000       2.07321253E-03
  1498.6000       2.07321558E-03
  1498.7000       2.07321979E-03
  1498.8000       2.07321838E-03
  1498.9000       2.07321807E-03
  1499.0000       2.07322452E-03
  1499.1000       2.07322617E-03
  1499.2000       2.07322779E-03
  1499.3000       2.07323266E-03
  1499.4000       2.07323024E-03
  1499.5000       2.07323557E-03
  1499.6000       2.07323959E-03
  1499.7000       2.07324361E-03
  1499.8000       2.07324898E-03
  1499.9000       2.07324506E-03
  1500.0000       2.07325465E-03
  1500.1000       2.07325154E-03
  1500.2000       2.07325031E-03
  1500.3000       2.07325754E-03
  1500.4000       2.07326051E-03
  1500.5000       2.07326165E-03
  1500.6000       2.07326685E-03
  1500.7000       2.07326751E-03
  1500.8000       2.07327166E-03
  1500.9000       2.07327178E-03
  1501.0000       2.07327805E-03
  1501.1000       2.07327366E-03
  1501.2000       2.07328032E-03
  1501.3000       2.07328358E-03
  1501.4000       2.07328453E-03
  1501.5000       2.07328914E-03
  1501.6000       2.07329171E-03
  1501.7000       2.07329710E-03
  1501.8000       2.07329281E-03
  1501.9000       2.07330100E-03
  1502.0000       2.07329919E-03
  1502.1000       2.07330124E-03
  1502.2000       2.07330655E-03
  1502.3000       2.07330906E-03
  1502.4000       2.07330814E-03
  1502.5000       2.07331628E-03
  1502.6000       2.07331803E-03
  1502.7000       2.07331900E-03
  1502.8000       2.07331966E-03
  1502.9000       2.07332663E-03
  1503.0000       2.07332826E-03
  1503.1000       2.07332969E-03
  1503.2000       2.07333382E-03
  1503.3000       2.07333417E-03
  1503.4000       2.07333930E-03
  1503.5000       2.07334243E-03
  1503.6000       2.07334191E-03
  1503.7000       2.07334300E-03
  1503.8000       2.07335472E-03
  1503.9000       2.07334908E-03
  1504.0000       2.07335490E-03
  1504.1000       2.07336047E-03
  1504.2000       2.07335797E-03
  1504.3000       2.07336124E-03
  1504.4000       2.07336347E-03
  1504.5000       2.07336725E-03
  1504.6000       2.07336383E-03
  1504.7000       2.07336955E-03
  1504.8000       2.07337545E-03
  1504.9000       2.07337603E-03
  1505.0000       2.07337880E-03
  1505.1000       2.07338082E-03
  1505.2000       2.07338363E-03
  1505.3000       2.07338858E-03
  1505.4000       2.07338823E-03
  1505.5000       2.07338839E-03
  1505.6000       2.07339318E-03
  1505.7000       2.07340297E-03
  1505.8000       2.07339828E-03
  1505.9000       2.07340308E-03
  1506.0000       2.07340326E-03
  1506.1000       2.07341076E-03
  1506.2000       2.07341068E-03
  1506.3000       2.07341430E-03
  1506.4000       2.07341366E-03
  1506.5000       2.07341829E-03
  1506.6000       2.07341647E-03
  1506.7000       2.07342229E-03
  1506.8000       2.07343243E-03
  1506.9000       2.07342879E-03
  1507.0000       2.07343368E-03
  1507.1000       2.07342985E-03
  1507.2000       2.07343490E-03
  1507.3000       2.07343753E-03
  1507.4000       2.07344262E-03
  1507.5000       2.07344358E-03
  1507.6000       2.07344659E-03
  1507.7000       2.07344621E-03
  1507.8000       2.07345604E-03
  1507.9000       2.07345361E-03
  1508.0000       2.07345533E-03
  1508.1000       2.07346245E-03
  1508.2000       2.07346485E-03
  1508.3000       2.07346165E-03
  1508.4000       2.07346774E-03
  1508.5000       2.07347101E-03
  1508.6000       2.07346876E-03
  1508.7000       2.07347800E-03
  1508.8000       2.07347883E-03
  1508.9000       2.07348113E-03
  1509.0000       2.07348186E-03
  1509.1000       2.07348684E-03
  1509.2000       2.07348900E-03
  1509.3000       2.07349042E-03
  1509.4000       2.07349161E-03
  1509.5000       2.07349313E-03
  1509.6000       2.07349584E-03
  1509.7000       2.07350295E-03
  1509.8000       2.07350503E-03
  1509.9000       2.07350875E-03
  1510.0000       2.07351003E-03
  1510.1000       2.07351288E-03
  1510.2000       2.07351638E-03
  1510.3000       2.07351255E-03
  1510.4000       2.07351558E-03
  1510.5000       2.07352235E-03
  1510.6000       2.07352377E-03
  1510.7000       2.07352966E-03
  1510.8000       2.07352935E-03
  1510.9000       2.07353185E-03
  1511.0000       2.07353142E-03
  1511.1000       2.07353680E-03
  1511.2000       2.07354204E-03
  1511.3000       2.07354033E-03
  1511.4000       2.07354296E-03
  1511.5000       2.07354920E-03
  1511.6000       2.07355029E-03
  1511.7000       2.07355375E-03
  1511.8000       2.07355339E-03
  1511.9000       2.07355414E-03
  1512.0000       2.07355755E-03
  1512.1000       2.07356603E-03
  1512.2000       2.07356280E-03
  1512.3000       2.07356525E-03
  1512.4000       2.07356643E-03
  1512.5000       2.07357394E-03
  1512.6000       2.07357673E-03
  1512.7000       2.07357722E-03
  1512.8000       2.07358124E-03
  1512.9000       2.07358078E-03
  1513.0000       2.07358495E-03
  1513.1000       2.07358419E-03
  1513.2000       2.07359417E-03
  1513.3000       2.07359417E-03
  1513.4000       2.07359715E-03
  1513.5000       2.07359611E-03
  1513.6000       2.07360296E-03
  1513.7000       2.07359927E-03
  1513.8000       2.07360506E-03
  1513.9000       2.07361058E-03
  1514.0000       2.07361358E-03
  1514.1000       2.07361271E-03
  1514.2000       2.07361544E-03
  1514.3000       2.07361779E-03
  1514.4000       2.07361972E-03
  1514.5000       2.07362361E-03
  1514.6000       2.07362532E-03
  1514.7000       2.07362949E-03
  1514.8000       2.07363331E-03
  1514.9000       2.07363034E-03
  1515.0000       2.07363591E-03
  1515.1000       2.07363662E-03
  1515.2000       2.07363841E-03
  1515.3000       2.07364533E-03
  1515.4000       2.07364334E-03
  1515.5000       2.07364918E-03
  1515.6000       2.07364632E-03
  1515.7000       2.07365627E-03
  1515.8000       2.07365694E-03
  1515.9000       2.07365330E-03
  1516.0000       2.07366242E-03
  1516.1000       2.07366592E-03
  1516.2000       2.07366546E-03
  1516.3000       2.07366594E-03
  1516.4000       2.07366831E-03
  1516.5000       2.07367646E-03
  1516.6000       2.07367808E-03
  1516.7000       2.07367780E-03
  1516.8000       2.07367691E-03
  1516.9000       2.07368447E-03
  1517.0000       2.07368435E-03
  1517.1000       2.07369009E-03
  1517.2000       2.07369023E-03
  1517.3000       2.07369257E-03
  1517.4000       2.07369756E-03
  1517.5000       2.07370003E-03
  1517.6000       2.07370168E-03
  1517.7000       2.07370523E-03
  1517.8000       2.07370589E-03
  1517.9000       2.07370664E-03
  1518.0000       2.07371469E-03
  1518.1000       2.07371658E-03
  1518.2000       2.07371740E-03
  1518.3000       2.07372245E-03
  1518.4000       2.07372381E-03
  1518.5000       2.07372072E-03
  1518.6000       2.07372825E-03
  1518.7000       2.07373097E-03
  1518.8000       2.07373354E-03
  1518.9000       2.07373593E-03
  1519.0000       2.07373505E-03
  1519.1000       2.07373890E-03
  1519.2000       2.07374132E-03
  1519.3000       2.07374336E-03
  1519.4000       2.07374928E-03
  1519.5000       2.07375103E-03
  1519.6000       2.07375400E-03
  1519.7000       2.07375166E-03
  1519.8000       2.07375872E-03
  1519.9000       2.07376374E-03
  1520.0000       2.07376107E-03
  1520.1000       2.07376791E-03
  1520.2000       2.07376621E-03
  1520.3000       2.07377256E-03
  1520.4000       2.07377337E-03
  1520.5000       2.07377459E-03
  1520.6000       2.07378063E-03
  1520.7000       2.07377857E-03
  1520.8000       2.07378447E-03
  1520.9000       2.07378583E-03
  1521.0000       2.07379119E-03
  1521.1000       2.07379450E-03
  1521.2000       2.07379490E-03
  1521.3000       2.07379739E-03
  1521.4000       2.07379457E-03
  1521.5000       2.07380268E-03
  1521.6000       2.07380294E-03
  1521.7000       2.07380825E-03
  1521.8000       2.07380641E-03
  1521.9000       2.07380828E-03
  1522.0000       2.07381028E-03
  1522.1000       2.07381760E-03
  1522.2000       2.07382068E-03
  1522.3000       2.07382296E-03
  1522.4000       2.07382341E-03
  1522.5000       2.07382675E-03
  1522.6000       2.07382853E-03
  1522.7000       2.07383205E-03
  1522.8000       2.07383614E-03
  1522.9000       2.07383680E-03
  1523.0000       2.07383825E-03
  1523.1000       2.07384391E-03
  1523.2000       2.07384153E-03
  1523.3000       2.07384943E-03
  1523.4000       2.07385108E-03
  1523.5000       2.07385399E-03
  1523.6000       2.07385616E-03
  1523.7000       2.07385523E-03
  1523.8000       2.07385682E-03
  1523.9000       2.07386560E-03
  1524.0000       2.07386539E-03
  1524.1000       2.07386470E-03
  1524.2000       2.07386678E-03
  1524.3000       2.07387047E-03
  1524.4000       2.07387450E-03
  1524.5000       2.07387451E-03
  1524.6000       2.07387865E-03
  1524.7000       2.07387797E-03
  1524.8000       2.07388396E-03
  1524.9000       2.07388619E-03
  1525.0000       2.07389418E-03
  1525.1000       2.07389684E-03
  1525.2000       2.07389589E-03
  1525.3000       2.07389497E-03
  1525.4000       2.07389816E-03
  1525.5000       2.07390524E-03
  1525.6000       2.07390124E-03
  1525.7000       2.07390769E-03
  1525.8000       2.07391127E-03
  1525.9000       2.07391248E-03
  1526.0000       2.07391825E-03
  1526.1000       2.07392478E-03
  1526.2000       2.07391658E-03
  1526.3000       2.07392469E-03
  1526.4000       2.07392496E-03
  1526.5000       2.07392729E-03
  1526.6000       2.07392878E-03
  1526.7000       2.07393431E-03
  1526.8000       2.07393734E-03
  1526.9000       2.07393865E-03
  1527.0000       2.07394098E-03
  1527.1000       2.07394519E-03
  1527.2000       2.07394026E-03
  1527.3000       2.07394884E-03
  1527.4000       2.07395066E-03
  1527.5000       2.07395669E-03
  1527.6000       2.07395575E-03
  1527.7000       2.07395720E-03
  1527.8000       2.07395840E-03
  1527.9000       2.07396755E-03
  1528.0000       2.07396520E-03
  1528.1000       2.07396862E-03
  1528.2000       2.07397241E-03
  1528.3000       2.07397305E-03
  1528.4000       2.07397402E-03
  1528.5000       2.07398000E-03
  1528.6000       2.07397606E-03
  1528.7000       2.07398726E-03
  1528.8000       2.07398684E-03
  1528.9000       2.07399099E-03
  1529.0000       2.07399158E-03
  1529.1000       2.07399330E-03
  1529.2000       2.07399772E-03
  1529.3000       2.07400034E-03
  1529.4000       2.07400296E-03
  1529.5000       2.07400571E-03
  1529.6000       2.07400962E-03
  1529.7000       2.07401001E-03
  1529.8000       2.07401003E-03
  1529.9000       2.07401460E-03
  1530.0000       2.07401985E-03
  1530.1000       2.07401765E-03
  1530.2000       2.07401821E-03
  1530.3000       2.07402361E-03
  1530.4000       2.07402568E-03
  1530.5000       2.07403114E-03
  1530.6000       2.07403012E-03
  1530.7000       2.07403443E-03
  1530.8000       2.07403503E-03
  1530.9000       2.07404101E-03
  1531.0000       2.07404598E-03
  1531.1000       2.07404476E-03
  1531.2000       2.07404737E-03
  1531.3000       2.07405003E-03
  1531.4000       2.07404930E-03
  1531.5000       2.07405057E-03
  1531.6000       2.07405871E-03
  1531.7000       2.07406020E-03
  1531.8000       2.07406248E-03
  1531.9000       2.07406592E-03
  1532.0000       2.07406480E-03
  1532.1000       2.07406815E-03
  1532.2000       2.07407405E-03
  1532.3000       2.07407769E-03
  1532.4000       2.07407368E-03
  1532.5000       2.07407854E-03
  1532.6000       2.07408368E-03
  1532.7000       2.07408393E-03
  1532.8000       2.07408633E-03
  1532.9000       2.07409199E-03
  1533.0000       2.07408911E-03
  1533.1000       2.07409613E-03
  1533.2000       2.07409773E-03
  1533.3000       2.07410267E-03
  1533.4000       2.07410259E-03
  1533.5000       2.07410538E-03
  1533.6000       2.07410970E-03
  1533.7000       2.07410822E-03
  1533.8000       2.07410821E-03
  1533.9000       2.07411788E-03
  1534.0000       2.07412165E-03
  1534.1000       2.07411986E-03
  1534.2000       2.07412567E-03
  1534.3000       2.07412836E-03
  1534.4000       2.07412664E-03
  1534.5000       2.07413323E-03
  1534.6000       2.07413233E-03
  1534.7000       2.07413556E-03
  1534.8000       2.07413781E-03
  1534.9000       2.07414160E-03
  1535.0000       2.07414355E-03
  1535.1000       2.07414330E-03
  1535.2000       2.07414772E-03
  1535.3000       2.07415299E-03
  1535.4000       2.07415479E-03
  1535.5000       2.07416074E-03
  1535.6000       2.07415958E-03
  1535.7000       2.07416434E-03
  1535.8000       2.07416616E-03
  1535.9000       2.07416852E-03
  1536.0000       2.07416911E-03
  1536.1000       2.07417227E-03
  1536.2000       2.07417817E-03
  1536.3000       2.07417645E-03
  1536.4000       2.07417980E-03
  1536.5000       2.07418305E-03
  1536.6000       2.07418043E-03
  1536.7000       2.07418729E-03
  1536.8000       2.07418815E-03
  1536.9000       2.07419162E-03
  1537.0000       2.07419261E-03
  1537.1000       2.07419737E-03
  1537.2000       2.07419824E-03
  1537.3000       2.07420147E-03
  1537.4000       2.07420570E-03
  1537.5000       2.07420586E-03
  1537.6000       2.07421273E-03
  1537.7000       2.07420674E-03
  1537.8000       2.07421223E-03
  1537.9000       2.07421735E-03
  1538.0000       2.07421681E-03
  1538.1000       2.07422405E-03
  1538.2000       2.07422227E-03
  1538.3000       2.07422784E-03
  1538.4000       2.07422875E-03
  1538.5000       2.07423368E-03
  1538.6000       2.07423582E-03
  1538.7000       2.07423884E-03
  1538.8000       2.07423841E-03
  1538.9000       2.07424395E-03
  1539.0000       2.07424247E-03
  1539.1000       2.07424963E-03
  1539.2000       2.07425199E-03
  1539.3000       2.07425049E-03
  1539.4000       2.07425595E-03
  1539.5000       2.07426014E-03
  1539.6000       2.07425852E-03
  1539.7000       2.07426082E-03
  1539.8000       2.07426314E-03
  1539.9000       2.07427181E-03
  1540.0000       2.07427001E-03
  1540.1000       2.07427253E-03
  1540.2000       2.07427398E-03
  1540.3000       2.07428303E-03
  1540.4000       2.07427950E-03
  1540.5000       2.07428240E-03
  1540.6000       2.07428524E-03
  1540.7000       2.07428463E-03
  1540.8000       2.07429352E-03
  1540.9000       2.07429263E-03
  1541.0000       2.07429732E-03
  1541.1000       2.07430041E-03
  1541.2000       2.07430109E-03
  1541.3000       2.07430286E-03
  1541.4000       2.07430751E-03
  1541.5000       2.07430833E-03
  1541.6000       2.07431049E-03
  1541.7000       2.07431499E-03
  1541.8000       2.07431710E-03
  1541.9000       2.07432085E-03
  1542.0000       2.07432551E-03
  1542.1000       2.07432662E-03
  1542.2000       2.07432054E-03
  1542.3000       2.07432827E-03
  1542.4000       2.07433069E-03
  1542.5000       2.07433410E-03
  1542.6000       2.07433726E-03
  1542.7000       2.07433915E-03
  1542.8000       2.07434521E-03
  1542.9000       2.07434657E-03
  1543.0000       2.07434718E-03
  1543.1000       2.07434898E-03
  1543.2000       2.07435112E-03
  1543.3000       2.07435710E-03
  1543.4000       2.07435934E-03
  1543.5000       2.07436116E-03
  1543.6000       2.07436300E-03
  1543.7000       2.07436760E-03
  1543.8000       2.07437499E-03
  1543.9000       2.07437340E-03
  1544.0000       2.07437382E-03
  1544.1000       2.07437666E-03
  1544.2000       2.07437796E-03
  1544.3000       2.07438462E-03
  1544.4000       2.07438456E-03
  1544.5000       2.07438726E-03
  1544.6000       2.07439021E-03
  1544.7000       2.07439231E-03
  1544.8000       2.07439657E-03
  1544.9000       2.07439553E-03
  1545.0000       2.07439635E-03
  1545.1000       2.07440496E-03
  1545.2000       2.07440685E-03
  1545.3000       2.07440996E-03
  1545.4000       2.07441344E-03
  1545.5000       2.07441849E-03
  1545.6000       2.07441473E-03
  1545.7000       2.07441662E-03
  1545.8000       2.07441998E-03
  1545.9000       2.07442473E-03
  1546.0000       2.07442367E-03
  1546.1000       2.07442864E-03
  1546.2000       2.07442953E-03
  1546.3000       2.07443508E-03
  1546.4000       2.07443575E-03
  1546.5000       2.07443337E-03
  1546.6000       2.07444002E-03
  1546.7000       2.07444396E-03
  1546.8000       2.07444613E-03
  1546.9000       2.07444755E-03
  1547.0000       2.07445216E-03
  1547.1000       2.07445668E-03
  1547.2000       2.07445599E-03
  1547.3000       2.07445681E-03
  1547.4000       2.07446449E-03
  1547.5000       2.07446807E-03
  1547.6000       2.07446988E-03
  1547.7000       2.07446644E-03
  1547.8000       2.07447117E-03
  1547.9000       2.07447373E-03
  1548.0000       2.07447489E-03
  1548.1000       2.07447794E-03
  1548.2000       2.07448078E-03
  1548.3000       2.07448472E-03
  1548.4000       2.07448484E-03
  1548.5000       2.07449251E-03
  1548.6000       2.07449414E-03
  1548.7000       2.07449436E-03
  1548.8000       2.07449982E-03
  1548.9000       2.07449703E-03
  1549.0000       2.07450399E-03
  1549.1000       2.07450337E-03
  1549.2000       2.07450682E-03
  1549.3000       2.07451075E-03
  1549.4000       2.07451202E-03
  1549.5000       2.07451207E-03
  1549.6000       2.07452022E-03
  1549.7000       2.07451528E-03
  1549.8000       2.07452269E-03
  1549.9000       2.07452542E-03
  1550.0000       2.07452591E-03
  1550.1000       2.07453481E-03
  1550.2000       2.07453229E-03
  1550.3000       2.07453722E-03
  1550.4000       2.07454296E-03
  1550.5000       2.07453964E-03
  1550.6000       2.07454216E-03
  1550.7000       2.07454676E-03
  1550.8000       2.07454825E-03
  1550.9000       2.07455097E-03
  1551.0000       2.07455616E-03
  1551.1000       2.07455434E-03
  1551.2000       2.07455877E-03
  1551.3000       2.07456188E-03
  1551.4000       2.07456565E-03
  1551.5000       2.07457181E-03
  1551.6000       2.07457037E-03
  1551.7000       2.07457420E-03
  1551.8000       2.07457512E-03
  1551.9000       2.07457626E-03
  1552.0000       2.07458015E-03
  1552.1000       2.07458187E-03
  1552.2000       2.07458826E-03
  1552.3000       2.07459172E-03
  1552.4000       2.07459102E-03
  1552.5000       2.07459452E-03
  1552.6000       2.07459605E-03
  1552.7000       2.07459757E-03
  1552.8000       2.07460377E-03
  1552.9000       2.07460155E-03
  1553.0000       2.07460988E-03
  1553.1000       2.07460530E-03
  1553.2000       2.07461565E-03
  1553.3000       2.07461684E-03
  1553.4000       2.07461608E-03
  1553.5000       2.07462204E-03
  1553.6000       2.07462169E-03
  1553.7000       2.07462717E-03
  1553.8000       2.07462676E-03
  1553.9000       2.07463282E-03
  1554.0000       2.07463162E-03
  1554.1000       2.07463305E-03
  1554.2000       2.07463857E-03
  1554.3000       2.07464115E-03
  1554.4000       2.07464536E-03
  1554.5000       2.07464611E-03
  1554.6000       2.07464872E-03
  1554.7000       2.07465437E-03
  1554.8000       2.07465352E-03
  1554.9000       2.07465891E-03
  1555.0000       2.07466004E-03
  1555.1000       2.07466285E-03
  1555.2000       2.07466648E-03
  1555.3000       2.07466949E-03
  1555.4000       2.07466947E-03
  1555.5000       2.07466998E-03
  1555.6000       2.07467329E-03
  1555.7000       2.07467394E-03
  1555.8000       2.07467716E-03
  1555.9000       2.07468324E-03
  1556.0000       2.07468666E-03
  1556.1000       2.07468541E-03
  1556.2000       2.07469144E-03
  1556.3000       2.07469316E-03
  1556.4000       2.07469691E-03
  1556.5000       2.07469779E-03
  1556.6000       2.07470148E-03
  1556.7000       2.07470601E-03
  1556.8000       2.07470669E-03
  1556.9000       2.07470584E-03
  1557.0000       2.07471276E-03
  1557.1000       2.07471090E-03
  1557.2000       2.07471624E-03
  1557.3000       2.07472157E-03
  1557.4000       2.07472220E-03
  1557.5000       2.07472437E-03
  1557.6000       2.07472704E-03
  1557.7000       2.07472922E-03
  1557.8000       2.07473290E-03
  1557.9000       2.07473531E-03
  1558.0000       2.07473821E-03
  1558.1000       2.07473862E-03
  1558.2000       2.07474018E-03
  1558.3000       2.07474438E-03
  1558.4000       2.07474985E-03
  1558.5000       2.07475138E-03
  1558.6000       2.07475040E-03
  1558.7000       2.07475732E-03
  1558.8000       2.07475882E-03
  1558.9000       2.07476050E-03
  1559.0000       2.07476259E-03
  1559.1000       2.07476694E-03
  1559.2000       2.07477394E-03
  1559.3000       2.07476926E-03
  1559.4000       2.07477198E-03
  1559.5000       2.07477863E-03
  1559.6000       2.07477635E-03
  1559.7000       2.07478519E-03
  1559.8000       2.07478412E-03
  1559.9000       2.07478670E-03
  1560.0000       2.07478961E-03
  1560.1000       2.07479501E-03
  1560.2000       2.07479642E-03
  1560.3000       2.07479937E-03
  1560.4000       2.07480340E-03
  1560.5000       2.07480109E-03
  1560.6000       2.07480803E-03
  1560.7000       2.07481071E-03
  1560.8000       2.07481353E-03
  1560.9000       2.07481196E-03
  1561.0000       2.07481823E-03
  1561.1000       2.07482131E-03
  1561.2000       2.07481904E-03
  1561.3000       2.07482232E-03
  1561.4000       2.07482882E-03
  1561.5000       2.07482860E-03
  1561.6000       2.07482893E-03
  1561.7000       2.07483682E-03
  1561.8000       2.07483642E-03
  1561.9000       2.07483914E-03
  1562.0000       2.07484120E-03
  1562.1000       2.07484276E-03
  1562.2000       2.07484900E-03
  1562.3000       2.07485321E-03
  1562.4000       2.07485804E-03
  1562.5000       2.07485507E-03
  1562.6000       2.07485803E-03
  1562.7000       2.07486395E-03
  1562.8000       2.07486625E-03
  1562.9000       2.07486988E-03
  1563.0000       2.07486602E-03
  1563.1000       2.07487030E-03
  1563.2000       2.07487760E-03
  1563.3000       2.07487617E-03
  1563.4000       2.07487763E-03
  1563.5000       2.07487848E-03
  1563.6000       2.07488466E-03
  1563.7000       2.07488559E-03
  1563.8000       2.07489447E-03
  1563.9000       2.07489654E-03
  1564.0000       2.07489619E-03
  1564.1000       2.07490045E-03
  1564.2000       2.07490287E-03
  1564.3000       2.07490219E-03
  1564.4000       2.07490463E-03
  1564.5000       2.07491063E-03
  1564.6000       2.07491183E-03
  1564.7000       2.07491032E-03
  1564.8000       2.07491771E-03
  1564.9000       2.07491940E-03
  1565.0000       2.07492150E-03
  1565.1000       2.07492696E-03
  1565.2000       2.07492426E-03
  1565.3000       2.07492692E-03
  1565.4000       2.07493233E-03
  1565.5000       2.07493817E-03
  1565.6000       2.07493684E-03
  1565.7000       2.07493858E-03
  1565.8000       2.07494469E-03
  1565.9000       2.07494454E-03
  1566.0000       2.07494820E-03
  1566.1000       2.07495226E-03
  1566.2000       2.07494874E-03
  1566.3000       2.07495400E-03
  1566.4000       2.07495901E-03
  1566.5000       2.07496182E-03
  1566.6000       2.07496321E-03
  1566.7000       2.07496698E-03
  1566.8000       2.07497025E-03
  1566.9000       2.07497304E-03
  1567.0000       2.07497807E-03
  1567.1000       2.07497555E-03
  1567.2000       2.07498322E-03
  1567.3000       2.07498665E-03
  1567.4000       2.07498273E-03
  1567.5000       2.07498909E-03
  1567.6000       2.07498973E-03
  1567.7000       2.07499335E-03
  1567.8000       2.07499859E-03
  1567.9000       2.07499458E-03
  1568.0000       2.07500245E-03
  1568.1000       2.07500478E-03
  1568.2000       2.07500199E-03
  1568.3000       2.07500858E-03
  1568.4000       2.07501114E-03
  1568.5000       2.07501207E-03
  1568.6000       2.07501750E-03
  1568.7000       2.07501666E-03
  1568.8000       2.07502014E-03
  1568.9000       2.07502258E-03
  1569.0000       2.07503188E-03
  1569.1000       2.07502994E-03
  1569.2000       2.07503021E-03
  1569.3000       2.07503784E-03
  1569.4000       2.07503991E-03
  1569.5000       2.07504269E-03
  1569.6000       2.07504416E-03
  1569.7000       2.07504954E-03
  1569.8000       2.07504518E-03
  1569.9000       2.07505628E-03
  1570.0000       2.07505580E-03
  1570.1000       2.07505759E-03
  1570.2000       2.07506012E-03
  1570.3000       2.07506252E-03
  1570.4000       2.07506298E-03
  1570.5000       2.07506872E-03
  1570.6000       2.07506917E-03
  1570.7000       2.07507004E-03
  1570.8000       2.07507409E-03
  1570.9000       2.07507732E-03
  1571.0000       2.07508169E-03
  1571.1000       2.07508210E-03
  1571.2000       2.07508694E-03
  1571.3000       2.07508428E-03
  1571.4000       2.07509315E-03
  1571.5000       2.07509284E-03
  1571.6000       2.07509645E-03
  1571.7000       2.07509794E-03
  1571.8000       2.07510040E-03
  1571.9000       2.07510237E-03
  1572.0000       2.07510823E-03
  1572.1000       2.07511035E-03
  1572.2000       2.07511619E-03
  1572.3000       2.07511328E-03
  1572.4000       2.07511619E-03
  1572.5000       2.07512196E-03
  1572.6000       2.07512489E-03
  1572.7000       2.07512331E-03
  1572.8000       2.07513255E-03
  1572.9000       2.07513207E-03
  1573.0000       2.07513256E-03
  1573.1000       2.07513525E-03
  1573.2000       2.07513978E-03
  1573.3000       2.07514118E-03
  1573.4000       2.07514529E-03
  1573.5000       2.07515022E-03
  1573.6000       2.07515564E-03
  1573.7000       2.07515434E-03
  1573.8000       2.07515493E-03
  1573.9000       2.07515479E-03
  1574.0000       2.07516096E-03
  1574.1000       2.07516440E-03
  1574.2000       2.07516591E-03
  1574.3000       2.07516650E-03
  1574.4000       2.07517111E-03
  1574.5000       2.07517536E-03
  1574.6000       2.07517243E-03
  1574.7000       2.07517729E-03
  1574.8000       2.07518349E-03
  1574.9000       2.07518316E-03
  1575.0000       2.07518557E-03
  1575.1000       2.07518869E-03
  1575.2000       2.07518862E-03
  1575.3000       2.07519628E-03
  1575.4000       2.07519552E-03
  1575.5000       2.07519815E-03
  1575.6000       2.07520360E-03
  1575.7000       2.07520770E-03
  1575.8000       2.07520804E-03
  1575.9000       2.07521049E-03
  1576.0000       2.07521073E-03
  1576.1000       2.07521481E-03
  1576.2000       2.07521899E-03
  1576.3000       2.07521921E-03
  1576.4000       2.07522213E-03
  1576.5000       2.07522605E-03
  1576.6000       2.07522756E-03
  1576.7000       2.07522835E-03
  1576.8000       2.07523184E-03
  1576.9000       2.07523910E-03
  1577.0000       2.07524091E-03
  1577.1000       2.07524264E-03
  1577.2000       2.07524468E-03
  1577.3000       2.07525409E-03
  1577.4000       2.07524911E-03
  1577.5000       2.07524718E-03
  1577.6000       2.07525570E-03
  1577.7000       2.07525535E-03
  1577.8000       2.07526158E-03
  1577.9000       2.07526348E-03
  1578.0000       2.07526515E-03
  1578.1000       2.07527075E-03
  1578.2000       2.07527045E-03
  1578.3000       2.07527396E-03
  1578.4000       2.07527778E-03
  1578.5000       2.07527496E-03
  1578.6000       2.07528130E-03
  1578.7000       2.07528329E-03
  1578.8000       2.07528747E-03
  1578.9000       2.07529058E-03
  1579.0000       2.07529148E-03
  1579.1000       2.07529265E-03
  1579.2000       2.07530041E-03
  1579.3000       2.07529590E-03
  1579.4000       2.07530349E-03
  1579.5000       2.07530441E-03
  1579.6000       2.07530812E-03
  1579.7000       2.07531456E-03
  1579.8000       2.07531456E-03
  1579.9000       2.07531700E-03
  1580.0000       2.07531956E-03
  1580.1000       2.07531739E-03
  1580.2000       2.07532259E-03
  1580.3000       2.07532567E-03
  1580.4000       2.07532609E-03
  1580.5000       2.07532722E-03
  1580.6000       2.07533434E-03
  1580.7000       2.07533307E-03
  1580.8000       2.07534263E-03
  1580.9000       2.07534199E-03
  1581.0000       2.07534603E-03
  1581.1000       2.07534362E-03
  1581.2000       2.07535070E-03
  1581.3000       2.07535225E-03
  1581.4000       2.07535416E-03
  1581.5000       2.07535793E-03
  1581.6000       2.07535993E-03
  1581.7000       2.07536443E-03
  1581.8000       2.07536703E-03
  1581.9000       2.07536758E-03
  1582.0000       2.07537363E-03
  1582.1000       2.07537422E-03
  1582.2000       2.07537953E-03
  1582.3000       2.07537629E-03
  1582.4000       2.07538211E-03
  1582.5000       2.07538330E-03
  1582.6000       2.07538639E-03
  1582.7000       2.07538726E-03
  1582.8000       2.07538994E-03
  1582.9000       2.07539732E-03
  1583.0000       2.07539772E-03
  1583.1000       2.07540194E-03
  1583.2000       2.07540240E-03
  1583.3000       2.07540538E-03
  1583.4000       2.07540592E-03
  1583.5000       2.07541192E-03
  1583.6000       2.07541565E-03
  1583.7000       2.07541732E-03
  1583.8000       2.07541620E-03
  1583.9000       2.07542331E-03
  1584.0000       2.07542340E-03
  1584.1000       2.07542759E-03
  1584.2000       2.07542884E-03
  1584.3000       2.07543408E-03
  1584.4000       2.07543516E-03
  1584.5000       2.07543779E-03
  1584.6000       2.07543985E-03
  1584.7000       2.07544726E-03
  1584.8000       2.07544470E-03
  1584.9000       2.07544891E-03
  1585.0000       2.07545130E-03
  1585.1000       2.07545711E-03
  1585.2000       2.07545551E-03
  1585.3000       2.07545712E-03
  1585.4000       2.07546169E-03
  1585.5000       2.07546497E-03
  1585.6000       2.07546682E-03
  1585.7000       2.07547314E-03
  1585.8000       2.07547698E-03
  1585.9000       2.07547508E-03
  1586.0000       2.07547847E-03
  1586.1000       2.07547889E-03
  1586.2000       2.07548342E-03
  1586.3000       2.07548167E-03
  1586.4000       2.07548541E-03
  1586.5000       2.07549200E-03
  1586.6000       2.07549572E-03
  1586.7000       2.07549652E-03
  1586.8000       2.07549769E-03
  1586.9000       2.07550174E-03
  1587.0000       2.07550510E-03
  1587.1000       2.07550296E-03
  1587.2000       2.07551227E-03
  1587.3000       2.07551317E-03
  1587.4000       2.07551516E-03
  1587.5000       2.07552014E-03
  1587.6000       2.07551884E-03
  1587.7000       2.07552362E-03
  1587.8000       2.07552381E-03
  1587.9000       2.07553110E-03
  1588.0000       2.07553265E-03
  1588.1000       2.07553391E-03
  1588.2000       2.07553597E-03
  1588.3000       2.07553757E-03
  1588.4000       2.07554229E-03
  1588.5000       2.07554607E-03
  1588.6000       2.07554610E-03
  1588.7000       2.07555035E-03
  1588.8000       2.07555238E-03
  1588.9000       2.07555431E-03
  1589.0000       2.07555587E-03
  1589.1000       2.07555776E-03
  1589.2000       2.07555745E-03
  1589.3000       2.07556591E-03
  1589.4000       2.07556969E-03
  1589.5000       2.07556930E-03
  1589.6000       2.07556718E-03
  1589.7000       2.07557214E-03
  1589.8000       2.07557995E-03
  1589.9000       2.07558181E-03
  1590.0000       2.07558007E-03
  1590.1000       2.07559346E-03
  1590.2000       2.07558648E-03
  1590.3000       2.07559144E-03
  1590.4000       2.07559341E-03
  1590.5000       2.07559513E-03
  1590.6000       2.07560062E-03
  1590.7000       2.07560667E-03
  1590.8000       2.07560264E-03
  1590.9000       2.07560433E-03
  1591.0000       2.07561211E-03
  1591.1000       2.07561414E-03
  1591.2000       2.07561305E-03
  1591.3000       2.07561847E-03
  1591.4000       2.07562102E-03
  1591.5000       2.07562173E-03
  1591.6000       2.07562621E-03
  1591.7000       2.07562214E-03
  1591.8000       2.07563263E-03
  1591.9000       2.07563304E-03
  1592.0000       2.07563650E-03
  1592.1000       2.07563594E-03
  1592.2000       2.07563872E-03
  1592.3000       2.07564052E-03
  1592.4000       2.07564464E-03
  1592.5000       2.07564682E-03
  1592.6000       2.07565564E-03
  1592.7000       2.07565434E-03
  1592.8000       2.07565561E-03
  1592.9000       2.07566437E-03
  1593.0000       2.07566470E-03
  1593.1000       2.07566256E-03
  1593.2000       2.07566911E-03
  1593.3000       2.07567156E-03
  1593.4000       2.07567424E-03
  1593.5000       2.07567792E-03
  1593.6000       2.07567680E-03
  1593.7000       2.07567969E-03
  1593.8000       2.07568699E-03
  1593.9000       2.07568685E-03
  1594.0000       2.07568725E-03
  1594.1000       2.07568659E-03
  1594.2000       2.07569248E-03
  1594.3000       2.07569697E-03
  1594.4000       2.07569887E-03
  1594.5000       2.07570255E-03
  1594.6000       2.07570485E-03
  1594.7000       2.07571033E-03
  1594.8000       2.07571429E-03
  1594.9000       2.07571735E-03
  1595.0000       2.07571511E-03
  1595.1000       2.07572006E-03
  1595.2000       2.07571911E-03
  1595.3000       2.07572347E-03
  1595.4000       2.07572855E-03
  1595.5000       2.07572978E-03
  1595.6000       2.07572946E-03
  1595.7000       2.07573599E-03
  1595.8000       2.07573978E-03
  1595.9000       2.07574010E-03
  1596.0000       2.07573668E-03
  1596.1000       2.07574545E-03
  1596.2000       2.07575285E-03
  1596.3000       2.07574690E-03
  1596.4000       2.07575057E-03
  1596.5000       2.07575424E-03
  1596.6000       2.07575521E-03
  1596.7000       2.07576105E-03
  1596.8000       2.07576475E-03
  1596.9000       2.07576805E-03
  1597.0000       2.07576966E-03
  1597.1000       2.07577177E-03
  1597.2000       2.07577662E-03
  1597.3000       2.07577846E-03
  1597.4000       2.07577661E-03
  1597.5000       2.07578284E-03
  1597.6000       2.07578281E-03
  1597.7000       2.07579047E-03
  1597.8000       2.07578926E-03
  1597.9000       2.07579261E-03
  1598.0000       2.07579489E-03
  1598.1000       2.07579807E-03
  1598.2000       2.07580097E-03
  1598.3000       2.07580668E-03
  1598.4000       2.07580565E-03
  1598.5000       2.07580710E-03
  1598.6000       2.07581389E-03
  1598.7000       2.07581313E-03
  1598.8000       2.07582161E-03
  1598.9000       2.07582041E-03
  1599.0000       2.07582387E-03
  1599.1000       2.07582685E-03
  1599.2000       2.07582647E-03
  1599.3000       2.07582999E-03
  1599.4000       2.07583386E-03
  1599.5000       2.07583921E-03
  1599.6000       2.07583646E-03
  1599.7000       2.07584240E-03
  1599.8000       2.07584472E-03
  1599.9000       2.07584779E-03
  1600.0000       2.07584891E-03
  1600.1000       2.07585202E-03
  1600.2000       2.07585440E-03
  1600.3000       2.07586004E-03
  1600.4000       2.07586047E-03
  1600.5000       2.07585881E-03
  1600.6000       2.07586521E-03
  1600.7000       2.07586365E-03
  1600.8000       2.07587214E-03
  1600.9000       2.07587415E-03
  1601.0000       2.07587327E-03
  1601.1000       2.07587800E-03
  1601.2000       2.07587800E-03
  1601.3000       2.07588241E-03
  1601.4000       2.07588524E-03
  1601.5000       2.07588534E-03
  1601.6000       2.07589322E-03
  1601.7000       2.07589316E-03
  1601.8000       2.07589651E-03
  1601.9000       2.07589715E-03
  1602.0000       2.07590483E-03
  1602.1000       2.07590614E-03
  1602.2000       2.07590485E-03
  1602.3000       2.07590802E-03
  1602.4000       2.07590966E-03
  1602.5000       2.07591917E-03
  1602.6000       2.07591626E-03
  1602.7000       2.07592081E-03
  1602.8000       2.07592504E-03
  1602.9000       2.07592415E-03
  1603.0000       2.07592876E-03
  1603.1000       2.07593125E-03
  1603.2000       2.07593364E-03
  1603.3000       2.07593357E-03
  1603.4000       2.07593721E-03
  1603.5000       2.07594119E-03
  1603.6000       2.07594466E-03
  1603.7000       2.07594165E-03
  1603.8000       2.07594985E-03
  1603.9000       2.07595562E-03
  1604.0000       2.07595130E-03
  1604.1000       2.07595246E-03
  1604.2000       2.07595933E-03
  1604.3000       2.07596576E-03
  1604.4000       2.07596349E-03
  1604.5000       2.07596894E-03
  1604.6000       2.07596674E-03
  1604.7000       2.07597213E-03
  1604.8000       2.07597930E-03
  1604.9000       2.07597809E-03
  1605.0000       2.07597896E-03
  1605.1000       2.07598467E-03
  1605.2000       2.07598461E-03
  1605.3000       2.07599059E-03
  1605.4000       2.07598708E-03
  1605.5000       2.07599239E-03
  1605.6000       2.07600128E-03
  1605.7000       2.07599991E-03
  1605.8000       2.07600271E-03
  1605.9000       2.07600515E-03
  1606.0000       2.07601025E-03
  1606.1000       2.07601367E-03
  1606.2000       2.07601298E-03
  1606.3000       2.07601577E-03
  1606.4000       2.07601703E-03
  1606.5000       2.07602207E-03
  1606.6000       2.07602423E-03
  1606.7000       2.07602509E-03
  1606.8000       2.07602714E-03
  1606.9000       2.07602723E-03
  1607.0000       2.07603543E-03
  1607.1000       2.07603729E-03
  1607.2000       2.07603858E-03
  1607.3000       2.07604438E-03
  1607.4000       2.07604513E-03
  1607.5000       2.07604745E-03
  1607.6000       2.07605582E-03
  1607.7000       2.07605619E-03
  1607.8000       2.07605740E-03
  1607.9000       2.07606065E-03
  1608.0000       2.07606608E-03
  1608.1000       2.07606438E-03
  1608.2000       2.07607033E-03
  1608.3000       2.07607053E-03
  1608.4000       2.07607299E-03
  1608.5000       2.07607647E-03
  1608.6000       2.07607561E-03
  1608.7000       2.07607789E-03
  1608.8000       2.07608351E-03
  1608.9000       2.07608235E-03
  1609.0000       2.07608923E-03
  1609.1000       2.07609005E-03
  1609.2000       2.07609613E-03
  1609.3000       2.07609131E-03
  1609.4000       2.07609951E-03
  1609.5000       2.07609818E-03
  1609.6000       2.07610356E-03
  1609.7000       2.07610736E-03
  1609.8000       2.07611067E-03
  1609.9000       2.07611369E-03
  1610.0000       2.07611110E-03
  1610.1000       2.07611469E-03
  1610.2000       2.07612064E-03
  1610.3000       2.07612145E-03
  1610.4000       2.07612362E-03
  1610.5000       2.07612501E-03
  1610.6000       2.07613324E-03
  1610.7000       2.07612929E-03
  1610.8000       2.07613443E-03
  1610.9000       2.07613808E-03
  1611.0000       2.07614341E-03
  1611.1000       2.07614898E-03
  1611.2000       2.07614484E-03
  1611.3000       2.07614989E-03
  1611.4000       2.07615609E-03
  1611.5000       2.07615588E-03
  1611.6000       2.07616271E-03
  1611.7000       2.07616122E-03
  1611.8000       2.07616212E-03
  1611.9000       2.07617134E-03
  1612.0000       2.07616799E-03
  1612.1000       2.07617104E-03
  1612.2000       2.07617254E-03
  1612.3000       2.07617588E-03
  1612.4000       2.07617941E-03
  1612.5000       2.07618202E-03
  1612.6000       2.07618196E-03
  1612.7000       2.07618799E-03
  1612.8000       2.07619314E-03
  1612.9000       2.07619265E-03
  1613.0000       2.07619482E-03
  1613.1000       2.07619621E-03
  1613.2000       2.07620315E-03
  1613.3000       2.07620196E-03
  1613.4000       2.07620230E-03
  1613.5000       2.07620262E-03
  1613.6000       2.07621103E-03
  1613.7000       2.07621160E-03
  1613.8000       2.07621489E-03
  1613.9000       2.07621766E-03
  1614.0000       2.07622365E-03
  1614.1000       2.07622245E-03
  1614.2000       2.07622977E-03
  1614.3000       2.07623128E-03
  1614.4000       2.07623440E-03
  1614.5000       2.07623271E-03
  1614.6000       2.07624253E-03
  1614.7000       2.07624070E-03
  1614.8000       2.07624899E-03
  1614.9000       2.07624659E-03
  1615.0000       2.07624823E-03
  1615.1000       2.07625260E-03
  1615.2000       2.07625512E-03
  1615.3000       2.07625467E-03
  1615.4000       2.07626038E-03
  1615.5000       2.07626159E-03
  1615.6000       2.07626623E-03
  1615.7000       2.07626595E-03
  1615.8000       2.07626890E-03
  1615.9000       2.07627210E-03
  1616.0000       2.07627403E-03
  1616.1000       2.07627818E-03
  1616.2000       2.07628484E-03
  1616.3000       2.07628444E-03
  1616.4000       2.07628400E-03
  1616.5000       2.07628771E-03
  1616.6000       2.07628891E-03
  1616.7000       2.07629151E-03
  1616.8000       2.07629411E-03
  1616.9000       2.07630093E-03
  1617.0000       2.07630358E-03
  1617.1000       2.07630677E-03
  1617.2000       2.07630809E-03
  1617.3000       2.07630626E-03
  1617.4000       2.07631189E-03
  1617.5000       2.07631569E-03
  1617.6000       2.07631890E-03
  1617.7000       2.07632018E-03
  1617.8000       2.07632233E-03
  1617.9000       2.07632446E-03
  1618.0000       2.07632454E-03
  1618.1000       2.07632923E-03
  1618.2000       2.07632964E-03
  1618.3000       2.07633191E-03
  1618.4000       2.07633946E-03
  1618.5000       2.07633964E-03
  1618.6000       2.07634230E-03
  1618.7000       2.07634804E-03
  1618.8000       2.07634646E-03
  1618.9000       2.07635246E-03
  1619.0000       2.07635340E-03
  1619.1000       2.07635390E-03
  1619.2000       2.07635755E-03
  1619.3000       2.07636290E-03
  1619.4000       2.07636559E-03
  1619.5000       2.07636743E-03
  1619.6000       2.07637264E-03
  1619.7000       2.07636765E-03
  1619.8000       2.07637608E-03
  1619.9000       2.07638113E-03
  1620.0000       2.07637917E-03
  1620.1000       2.07638404E-03
  1620.2000       2.07638985E-03
  1620.3000       2.07638820E-03
  1620.4000       2.07639407E-03
  1620.5000       2.07639329E-03
  1620.6000       2.07639607E-03
  1620.7000       2.07639949E-03
  1620.8000       2.07640311E-03
  1620.9000       2.07640143E-03
  1621.0000       2.07641142E-03
  1621.1000       2.07641061E-03
  1621.2000       2.07640968E-03
  1621.3000       2.07641671E-03
  1621.4000       2.07641953E-03
  1621.5000       2.07642304E-03
  1621.6000       2.07642668E-03
  1621.7000       2.07642753E-03
  1621.8000       2.07642837E-03
  1621.9000       2.07643364E-03
  1622.0000       2.07643885E-03
  1622.1000       2.07644013E-03
  1622.2000       2.07644277E-03
  1622.3000       2.07644175E-03
  1622.4000       2.07644523E-03
  1622.5000       2.07644742E-03
  1622.6000       2.07645264E-03
  1622.7000       2.07645598E-03
  1622.8000       2.07645792E-03
  1622.9000       2.07645785E-03
  1623.0000       2.07646322E-03
  1623.1000       2.07646533E-03
  1623.2000       2.07646954E-03
  1623.3000       2.07647163E-03
  1623.4000       2.07646950E-03
  1623.5000       2.07647441E-03
  1623.6000       2.07647598E-03
  1623.7000       2.07647727E-03
  1623.8000       2.07648172E-03
  1623.9000       2.07648261E-03
  1624.0000       2.07648838E-03
  1624.1000       2.07649065E-03
  1624.2000       2.07649056E-03
  1624.3000       2.07649849E-03
  1624.4000       2.07649689E-03
  1624.5000       2.07650225E-03
  1624.6000       2.07650214E-03
  1624.7000       2.07650498E-03
  1624.8000       2.07651089E-03
  1624.9000       2.07651164E-03
  1625.0000       2.07651440E-03
  1625.1000       2.07651795E-03
  1625.2000       2.07651926E-03
  1625.3000       2.07652823E-03
  1625.4000       2.07652918E-03
  1625.5000       2.07652646E-03
  1625.6000       2.07653250E-03
  1625.7000       2.07653042E-03
  1625.8000       2.07653678E-03
  1625.9000       2.07653985E-03
  1626.0000       2.07654244E-03
  1626.1000       2.07654337E-03
  1626.2000       2.07654655E-03
  1626.3000       2.07655229E-03
  1626.4000       2.07655347E-03
  1626.5000       2.07655637E-03
  1626.6000       2.07656005E-03
  1626.7000       2.07655725E-03
  1626.8000       2.07656272E-03
  1626.9000       2.07656989E-03
  1627.0000       2.07656765E-03
  1627.1000       2.07657136E-03
  1627.2000       2.07657598E-03
  1627.3000       2.07657776E-03
  1627.4000       2.07657827E-03
  1627.5000       2.07657847E-03
  1627.6000       2.07657914E-03
  1627.7000       2.07658851E-03
  1627.8000       2.07659383E-03
  1627.9000       2.07659432E-03
  1628.0000       2.07659602E-03
  1628.1000       2.07659675E-03
  1628.2000       2.07660063E-03
  1628.3000       2.07660037E-03
  1628.4000       2.07660615E-03
  1628.5000       2.07661003E-03
  1628.6000       2.07661057E-03
  1628.7000       2.07661437E-03
  1628.8000       2.07661915E-03
  1628.9000       2.07662209E-03
  1629.0000       2.07661896E-03
  1629.1000       2.07662529E-03
  1629.2000       2.07662678E-03
  1629.3000       2.07662769E-03
  1629.4000       2.07663277E-03
  1629.5000       2.07663713E-03
  1629.6000       2.07663804E-03
  1629.7000       2.07663805E-03
  1629.8000       2.07664243E-03
  1629.9000       2.07664706E-03
  1630.0000       2.07664712E-03
  1630.1000       2.07665219E-03
  1630.2000       2.07665079E-03
  1630.3000       2.07665472E-03
  1630.4000       2.07666012E-03
  1630.5000       2.07666124E-03
  1630.6000       2.07666182E-03
  1630.7000       2.07667136E-03
  1630.8000       2.07666959E-03
  1630.9000       2.07667077E-03
  1631.0000       2.07667633E-03
  1631.1000       2.07668112E-03
  1631.2000       2.07668301E-03
  1631.3000       2.07668315E-03
  1631.4000       2.07668856E-03
  1631.5000       2.07669112E-03
  1631.6000       2.07669337E-03
  1631.7000       2.07669655E-03
  1631.8000       2.07669557E-03
  1631.9000       2.07670084E-03
  1632.0000       2.07670300E-03
  1632.1000       2.07670161E-03
  1632.2000       2.07670555E-03
  1632.3000       2.07671016E-03
  1632.4000       2.07671372E-03
  1632.5000       2.07671490E-03
  1632.6000       2.07671614E-03
  1632.7000       2.07672131E-03
  1632.8000       2.07672084E-03
  1632.9000       2.07672423E-03
  1633.0000       2.07672830E-03
  1633.1000       2.07673065E-03
  1633.2000       2.07673290E-03
  1633.3000       2.07673703E-03
  1633.4000       2.07673967E-03
  1633.5000       2.07674146E-03
  1633.6000       2.07673986E-03
  1633.7000       2.07674362E-03
  1633.8000       2.07674720E-03
  1633.9000       2.07674859E-03
  1634.0000       2.07675254E-03
  1634.1000       2.07675990E-03
  1634.2000       2.07676231E-03
  1634.3000       2.07676447E-03
  1634.4000       2.07676412E-03
  1634.5000       2.07676972E-03
  1634.6000       2.07676951E-03
  1634.7000       2.07677017E-03
  1634.8000       2.07677486E-03
  1634.9000       2.07677414E-03
  1635.0000       2.07678168E-03
  1635.1000       2.07678330E-03
  1635.2000       2.07678580E-03
  1635.3000       2.07679278E-03
  1635.4000       2.07678919E-03
  1635.5000       2.07679352E-03
  1635.6000       2.07679542E-03
  1635.7000       2.07680213E-03
  1635.8000       2.07680313E-03
  1635.9000       2.07680208E-03
  1636.0000       2.07681129E-03
  1636.1000       2.07680841E-03
  1636.2000       2.07680684E-03
  1636.3000       2.07681127E-03
  1636.4000       2.07682033E-03
  1636.5000       2.07682044E-03
  1636.6000       2.07682274E-03
  1636.7000       2.07682633E-03
  1636.8000       2.07682798E-03
  1636.9000       2.07682935E-03
  1637.0000       2.07683321E-03
  1637.1000       2.07683861E-03
  1637.2000       2.07683856E-03
  1637.3000       2.07684141E-03
  1637.4000       2.07684436E-03
  1637.5000       2.07684153E-03
  1637.6000       2.07684603E-03
  1637.7000       2.07685586E-03
  1637.8000       2.07684997E-03
  1637.9000       2.07685706E-03
  1638.0000       2.07685786E-03
  1638.1000       2.07686047E-03
  1638.2000       2.07686360E-03
  1638.3000       2.07687025E-03
  1638.4000       2.07686983E-03
  1638.5000       2.07686926E-03
  1638.6000       2.07687614E-03
  1638.7000       2.07687496E-03
  1638.8000       2.07687701E-03
  1638.9000       2.07687906E-03
  1639.0000       2.07688979E-03
  1639.1000       2.07688916E-03
  1639.2000       2.07689154E-03
  1639.3000       2.07689171E-03
  1639.4000       2.07689643E-03
  1639.5000       2.07689873E-03
  1639.6000       2.07690362E-03
  1639.7000       2.07690236E-03
  1639.8000       2.07690734E-03
  1639.9000       2.07690726E-03
  1640.0000       2.07691067E-03
  1640.1000       2.07691320E-03
  1640.2000       2.07691636E-03
  1640.3000       2.07691938E-03
  1640.4000       2.07691914E-03
  1640.5000       2.07692390E-03
  1640.6000       2.07693099E-03
  1640.7000       2.07693274E-03
  1640.8000       2.07693262E-03
  1640.9000       2.07693744E-03
  1641.0000       2.07694124E-03
  1641.1000       2.07694049E-03
  1641.2000       2.07694152E-03
  1641.3000       2.07694580E-03
  1641.4000       2.07694993E-03
  1641.5000       2.07695061E-03
  1641.6000       2.07695079E-03
  1641.7000       2.07696086E-03
  1641.8000       2.07695815E-03
  1641.9000       2.07696159E-03
  1642.0000       2.07696965E-03
  1642.1000       2.07696933E-03
  1642.2000       2.07696421E-03
  1642.3000       2.07697281E-03
  1642.4000       2.07697233E-03
  1642.5000       2.07697434E-03
  1642.6000       2.07697650E-03
  1642.7000       2.07698389E-03
  1642.8000       2.07699026E-03
  1642.9000       2.07698675E-03
  1643.0000       2.07699361E-03
  1643.1000       2.07699055E-03
  1643.2000       2.07699497E-03
  1643.3000       2.07699451E-03
  1643.4000       2.07699809E-03
  1643.5000       2.07700434E-03
  1643.6000       2.07700599E-03
  1643.7000       2.07701186E-03
  1643.8000       2.07701221E-03
  1643.9000       2.07701172E-03
  1644.0000       2.07701249E-03
  1644.1000       2.07701993E-03
  1644.2000       2.07701843E-03
  1644.3000       2.07702522E-03
  1644.4000       2.07702362E-03
  1644.5000       2.07702876E-03
  1644.6000       2.07702853E-03
  1644.7000       2.07703039E-03
  1644.8000       2.07703677E-03
  1644.9000       2.07703985E-03
  1645.0000       2.07703903E-03
  1645.1000       2.07704677E-03
  1645.2000       2.07704630E-03
  1645.3000       2.07704491E-03
  1645.4000       2.07704920E-03
  1645.5000       2.07705665E-03
  1645.6000       2.07705548E-03
  1645.7000       2.07706007E-03
  1645.8000       2.07706047E-03
  1645.9000       2.07706268E-03
  1646.0000       2.07706736E-03
  1646.1000       2.07707005E-03
  1646.2000       2.07707363E-03
  1646.3000       2.07707397E-03
  1646.4000       2.07707902E-03
  1646.5000       2.07708362E-03
  1646.6000       2.07708392E-03
  1646.7000       2.07708661E-03
  1646.8000       2.07708654E-03
  1646.9000       2.07708948E-03
  1647.0000       2.07709357E-03
  1647.1000       2.07709590E-03
  1647.2000       2.07710134E-03
  1647.3000       2.07710345E-03
  1647.4000       2.07710431E-03
  1647.5000       2.07710630E-03
  1647.6000       2.07711244E-03
  1647.7000       2.07711166E-03
  1647.8000       2.07711359E-03
  1647.9000       2.07711872E-03
  1648.0000       2.07712013E-03
  1648.1000       2.07711938E-03
  1648.2000       2.07712381E-03
  1648.3000       2.07713346E-03
  1648.4000       2.07712683E-03
  1648.5000       2.07713108E-03
  1648.6000       2.07713685E-03
  1648.7000       2.07713822E-03
  1648.8000       2.07713984E-03
  1648.9000       2.07714265E-03
  1649.0000       2.07714564E-03
  1649.1000       2.07714972E-03
  1649.2000       2.07714734E-03
  1649.3000       2.07715606E-03
  1649.4000       2.07715548E-03
  1649.5000       2.07715854E-03
  1649.6000       2.07716452E-03
  1649.7000       2.07716417E-03
  1649.8000       2.07716787E-03
  1649.9000       2.07716945E-03
  1650.0000       2.07717378E-03
  1650.1000       2.07717924E-03
  1650.2000       2.07717958E-03
  1650.3000       2.07717739E-03
  1650.4000       2.07718186E-03
  1650.5000       2.07718521E-03
  1650.6000       2.07718950E-03
  1650.7000       2.07718582E-03
  1650.8000       2.07719351E-03
  1650.9000       2.07719370E-03
  1651.0000       2.07719723E-03
  1651.1000       2.07719915E-03
  1651.2000       2.07720416E-03
  1651.3000       2.07720468E-03
  1651.4000       2.07720832E-03
  1651.5000       2.07721264E-03
  1651.6000       2.07721453E-03
  1651.7000       2.07721662E-03
  1651.8000       2.07722018E-03
  1651.9000       2.07722033E-03
  1652.0000       2.07722465E-03
  1652.1000       2.07723068E-03
  1652.2000       2.07722817E-03
  1652.3000       2.07723193E-03
  1652.4000       2.07723211E-03
  1652.5000       2.07723860E-03
  1652.6000       2.07723819E-03
  1652.7000       2.07724470E-03
  1652.8000       2.07724774E-03
  1652.9000       2.07725039E-03
  1653.0000       2.07725145E-03
  1653.1000       2.07725119E-03
  1653.2000       2.07726067E-03
  1653.3000       2.07725800E-03
  1653.4000       2.07725814E-03
  1653.5000       2.07726570E-03
  1653.6000       2.07726407E-03
  1653.7000       2.07726512E-03
  1653.8000       2.07727193E-03
  1653.9000       2.07727472E-03
  1654.0000       2.07727754E-03
  1654.1000       2.07727710E-03
  1654.2000       2.07728169E-03
  1654.3000       2.07728403E-03
  1654.4000       2.07729164E-03
  1654.5000       2.07728820E-03
  1654.6000       2.07729426E-03
  1654.7000       2.07729548E-03
  1654.8000       2.07729741E-03
  1654.9000       2.07730146E-03
  1655.0000       2.07730145E-03
  1655.1000       2.07730668E-03
  1655.2000       2.07730493E-03
  1655.3000       2.07731119E-03
  1655.4000       2.07731362E-03
  1655.5000       2.07731589E-03
  1655.6000       2.07732170E-03
  1655.7000       2.07731759E-03
  1655.8000       2.07732420E-03
  1655.9000       2.07732614E-03
  1656.0000       2.07732991E-03
  1656.1000       2.07732877E-03
  1656.2000       2.07733856E-03
  1656.3000       2.07734009E-03
  1656.4000       2.07734216E-03
  1656.5000       2.07733989E-03
  1656.6000       2.07734649E-03
  1656.7000       2.07734952E-03
  1656.8000       2.07734815E-03
  1656.9000       2.07735353E-03
  1657.0000       2.07735314E-03
  1657.1000       2.07735564E-03
  1657.2000       2.07736032E-03
  1657.3000       2.07736187E-03
  1657.4000       2.07736104E-03
  1657.5000       2.07736796E-03
  1657.6000       2.07737404E-03
  1657.7000       2.07737411E-03
  1657.8000       2.07737412E-03
  1657.9000       2.07737897E-03
  1658.0000       2.07738364E-03
  1658.1000       2.07737974E-03
  1658.2000       2.07738506E-03
  1658.3000       2.07739030E-03
  1658.4000       2.07738622E-03
  1658.5000       2.07739408E-03
  1658.6000       2.07740057E-03
  1658.7000       2.07739794E-03
  1658.8000       2.07739782E-03
  1658.9000       2.07740252E-03
  1659.0000       2.07740946E-03
  1659.1000       2.07740922E-03
  1659.2000       2.07740840E-03
  1659.3000       2.07741471E-03
  1659.4000       2.07741845E-03
  1659.5000       2.07742092E-03
  1659.6000       2.07742185E-03
  1659.7000       2.07742161E-03
  1659.8000       2.07742744E-03
  1659.9000       2.07743175E-03
  1660.0000       2.07743142E-03
  1660.1000       2.07743516E-03
  1660.2000       2.07743942E-03
  1660.3000       2.07744277E-03
  1660.4000       2.07743995E-03
  1660.5000       2.07744468E-03
  1660.6000       2.07745001E-03
  1660.7000       2.07745479E-03
  1660.8000       2.07745092E-03
  1660.9000       2.07745772E-03
  1661.0000       2.07746205E-03
  1661.1000       2.07746124E-03
  1661.2000       2.07746492E-03
  1661.3000       2.07746620E-03
  1661.4000       2.07747067E-03
  1661.5000       2.07747049E-03
  1661.6000       2.07747582E-03
  1661.7000       2.07747440E-03
  1661.8000       2.07747986E-03
  1661.9000       2.07747863E-03
  1662.0000       2.07748080E-03
  1662.1000       2.07748997E-03
  1662.2000       2.07749050E-03
  1662.3000       2.07749400E-03
  1662.4000       2.07749359E-03
  1662.5000       2.07749805E-03
  1662.6000       2.07749588E-03
  1662.7000       2.07750277E-03
  1662.8000       2.07750885E-03
  1662.9000       2.07751079E-03
  1663.0000       2.07751245E-03
  1663.1000       2.07751341E-03
  1663.2000       2.07751599E-03
  1663.3000       2.07751570E-03
  1663.4000       2.07752278E-03
  1663.5000       2.07752116E-03
  1663.6000       2.07752488E-03
  1663.7000       2.07753018E-03
  1663.8000       2.07753381E-03
  1663.9000       2.07753338E-03
  1664.0000       2.07753697E-03
  1664.1000       2.07753293E-03
  1664.2000       2.07754306E-03
  1664.3000       2.07754434E-03
  1664.4000       2.07754140E-03
  1664.5000       2.07755202E-03
  1664.6000       2.07754979E-03
  1664.7000       2.07755700E-03
  1664.8000       2.07755478E-03
  1664.9000       2.07755773E-03
  1665.0000       2.07756268E-03
  1665.1000       2.07756434E-03
  1665.2000       2.07756716E-03
  1665.3000       2.07757120E-03
  1665.4000       2.07757442E-03
  1665.5000       2.07757360E-03
  1665.6000       2.07757872E-03
  1665.7000       2.07758174E-03
  1665.8000       2.07758405E-03
  1665.9000       2.07758489E-03
  1666.0000       2.07758923E-03
  1666.1000       2.07758988E-03
  1666.2000       2.07759173E-03
  1666.3000       2.07759746E-03
  1666.4000       2.07759996E-03
  1666.5000       2.07760123E-03
  1666.6000       2.07760290E-03
  1666.7000       2.07760667E-03
  1666.8000       2.07761192E-03
  1666.9000       2.07761269E-03
  1667.0000       2.07761341E-03
  1667.1000       2.07762223E-03
  1667.2000       2.07762053E-03
  1667.3000       2.07762106E-03
  1667.4000       2.07762581E-03
  1667.5000       2.07762418E-03
  1667.6000       2.07762868E-03
  1667.7000       2.07763311E-03
  1667.8000       2.07763425E-03
  1667.9000       2.07763751E-03
  1668.0000       2.07763838E-03
  1668.1000       2.07764403E-03
  1668.2000       2.07764556E-03
  1668.3000       2.07764647E-03
  1668.4000       2.07765272E-03
  1668.5000       2.07765389E-03
  1668.6000       2.07765630E-03
  1668.7000       2.07766189E-03
  1668.8000       2.07766224E-03
  1668.9000       2.07766172E-03
  1669.0000       2.07766778E-03
  1669.1000       2.07766862E-03
  1669.2000       2.07767111E-03
  1669.3000       2.07767228E-03
  1669.4000       2.07767797E-03
  1669.5000       2.07768091E-03
  1669.6000       2.07768164E-03
  1669.7000       2.07768645E-03
  1669.8000       2.07768498E-03
  1669.9000       2.07769078E-03
  1670.0000       2.07769329E-03
  1670.1000       2.07769446E-03
  1670.2000       2.07769424E-03
  1670.3000       2.07770644E-03
  1670.4000       2.07769908E-03
  1670.5000       2.07770180E-03
  1670.6000       2.07771087E-03
  1670.7000       2.07770928E-03
  1670.8000       2.07771481E-03
  1670.9000       2.07772018E-03
  1671.0000       2.07771716E-03
  1671.1000       2.07771888E-03
  1671.2000       2.07772344E-03
  1671.3000       2.07772505E-03
  1671.4000       2.07772774E-03
  1671.5000       2.07773482E-03
  1671.6000       2.07773626E-03
  1671.7000       2.07773608E-03
  1671.8000       2.07774135E-03
  1671.9000       2.07774084E-03
  1672.0000       2.07774543E-03
  1672.1000       2.07774783E-03
  1672.2000       2.07775065E-03
  1672.3000       2.07775292E-03
  1672.4000       2.07775400E-03
  1672.5000       2.07775706E-03
  1672.6000       2.07775926E-03
  1672.7000       2.07776248E-03
  1672.8000       2.07776515E-03
  1672.9000       2.07776643E-03
  1673.0000       2.07777201E-03
  1673.1000       2.07777672E-03
  1673.2000       2.07777767E-03
  1673.3000       2.07777844E-03
  1673.4000       2.07777956E-03
  1673.5000       2.07778715E-03
  1673.6000       2.07778502E-03
  1673.7000       2.07779337E-03
  1673.8000       2.07779287E-03
  1673.9000       2.07779052E-03
  1674.0000       2.07779721E-03
  1674.1000       2.07779907E-03
  1674.2000       2.07780019E-03
  1674.3000       2.07780639E-03
  1674.4000       2.07781083E-03
  1674.5000       2.07780842E-03
  1674.6000       2.07781091E-03
  1674.7000       2.07781590E-03
  1674.8000       2.07781724E-03
  1674.9000       2.07781824E-03
  1675.0000       2.07782099E-03
  1675.1000       2.07782659E-03
  1675.2000       2.07782556E-03
  1675.3000       2.07783415E-03
  1675.4000       2.07783226E-03
  1675.5000       2.07783562E-03
  1675.6000       2.07783788E-03
  1675.7000       2.07784117E-03
  1675.8000       2.07784203E-03
  1675.9000       2.07784371E-03
  1676.0000       2.07784600E-03
  1676.1000       2.07784779E-03
  1676.2000       2.07785498E-03
  1676.3000       2.07785180E-03
  1676.4000       2.07785915E-03
  1676.5000       2.07785831E-03
  1676.6000       2.07786099E-03
  1676.7000       2.07786483E-03
  1676.8000       2.07787254E-03
  1676.9000       2.07786817E-03
  1677.0000       2.07787314E-03
  1677.1000       2.07787784E-03
  1677.2000       2.07787570E-03
  1677.3000       2.07788527E-03
  1677.4000       2.07788303E-03
  1677.5000       2.07788182E-03
  1677.6000       2.07788837E-03
  1677.7000       2.07789474E-03
  1677.8000       2.07789036E-03
  1677.9000       2.07789643E-03
  1678.0000       2.07789759E-03
  1678.1000       2.07790067E-03
  1678.2000       2.07790233E-03
  1678.3000       2.07790878E-03
  1678.4000       2.07791540E-03
  1678.5000       2.07791191E-03
  1678.6000       2.07791100E-03
  1678.7000       2.07791901E-03
  1678.8000       2.07791900E-03
  1678.9000       2.07792175E-03
  1679.0000       2.07792345E-03
  1679.1000       2.07792495E-03
  1679.2000       2.07793021E-03
  1679.3000       2.07793201E-03
  1679.4000       2.07793499E-03
  1679.5000       2.07793669E-03
  1679.6000       2.07794266E-03
  1679.7000       2.07794195E-03
  1679.8000       2.07794426E-03
  1679.9000       2.07794321E-03
  1680.0000       2.07795040E-03
  1680.1000       2.07795071E-03
  1680.2000       2.07795461E-03
  1680.3000       2.07796050E-03
  1680.4000       2.07795935E-03
  1680.5000       2.07796342E-03
  1680.6000       2.07796649E-03
  1680.7000       2.07797015E-03
  1680.8000       2.07797179E-03
  1680.9000       2.07797705E-03
  1681.0000       2.07797493E-03
  1681.1000       2.07797735E-03
  1681.2000       2.07798195E-03
  1681.3000       2.07797946E-03
  1681.4000       2.07798711E-03
  1681.5000       2.07799188E-03
  1681.6000       2.07799356E-03
  1681.7000       2.07799622E-03
  1681.8000       2.07799584E-03
  1681.9000       2.07799836E-03
  1682.0000       2.07800216E-03
  1682.1000       2.07800425E-03
  1682.2000       2.07800348E-03
  1682.3000       2.07801094E-03
  1682.4000       2.07800768E-03
  1682.5000       2.07801168E-03
  1682.6000       2.07801884E-03
  1682.7000       2.07802056E-03
  1682.8000       2.07802984E-03
  1682.9000       2.07802906E-03
  1683.0000       2.07802838E-03
  1683.1000       2.07803309E-03
  1683.2000       2.07803279E-03
  1683.3000       2.07803575E-03
  1683.4000       2.07803700E-03
  1683.5000       2.07804002E-03
  1683.6000       2.07804127E-03
  1683.7000       2.07804512E-03
  1683.8000       2.07804739E-03
  1683.9000       2.07805436E-03
  1684.0000       2.07805196E-03
  1684.1000       2.07805650E-03
  1684.2000       2.07806034E-03
  1684.3000       2.07806009E-03
  1684.4000       2.07806640E-03
  1684.5000       2.07806684E-03
  1684.6000       2.07806540E-03
  1684.7000       2.07807031E-03
  1684.8000       2.07807193E-03
  1684.9000       2.07807258E-03
  1685.0000       2.07807675E-03
  1685.1000       2.07807790E-03
  1685.2000       2.07808657E-03
  1685.3000       2.07808587E-03
  1685.4000       2.07808603E-03
  1685.5000       2.07809096E-03
  1685.6000       2.07809273E-03
  1685.7000       2.07809528E-03
  1685.8000       2.07809891E-03
  1685.9000       2.07810069E-03
  1686.0000       2.07810371E-03
  1686.1000       2.07810507E-03
  1686.2000       2.07810965E-03
  1686.3000       2.07810973E-03
  1686.4000       2.07811794E-03
  1686.5000       2.07811956E-03
  1686.6000       2.07812167E-03
  1686.7000       2.07812027E-03
  1686.8000       2.07812501E-03
  1686.9000       2.07812551E-03
  1687.0000       2.07812963E-03
  1687.1000       2.07813069E-03
  1687.2000       2.07813216E-03
  1687.3000       2.07813713E-03
  1687.4000       2.07813488E-03
  1687.5000       2.07814427E-03
  1687.6000       2.07814672E-03
  1687.7000       2.07814928E-03
  1687.8000       2.07814925E-03
  1687.9000       2.07815082E-03
  1688.0000       2.07815573E-03
  1688.1000       2.07815548E-03
  1688.2000       2.07816329E-03
  1688.3000       2.07816121E-03
  1688.4000       2.07816427E-03
  1688.5000       2.07816654E-03
  1688.6000       2.07816583E-03
  1688.7000       2.07817473E-03
  1688.8000       2.07817276E-03
  1688.9000       2.07817977E-03
  1689.0000       2.07818219E-03
  1689.1000       2.07818107E-03
  1689.2000       2.07818633E-03
  1689.3000       2.07819035E-03
  1689.4000       2.07819034E-03
  1689.5000       2.07819385E-03
  1689.6000       2.07819612E-03
  1689.7000       2.07819308E-03
  1689.8000       2.07820240E-03
  1689.9000       2.07820217E-03
  1690.0000       2.07820093E-03
  1690.1000       2.07820821E-03
  1690.2000       2.07821169E-03
  1690.3000       2.07821269E-03
  1690.4000       2.07821277E-03
  1690.5000       2.07821943E-03
  1690.6000       2.07821890E-03
  1690.7000       2.07822031E-03
  1690.8000       2.07822643E-03
  1690.9000       2.07822452E-03
  1691.0000       2.07822891E-03
  1691.1000       2.07822964E-03
  1691.2000       2.07823617E-03
  1691.3000       2.07823989E-03
  1691.4000       2.07824245E-03
  1691.5000       2.07824137E-03
  1691.6000       2.07824689E-03
  1691.7000       2.07825049E-03
  1691.8000       2.07825213E-03
  1691.9000       2.07825333E-03
  1692.0000       2.07825396E-03
  1692.1000       2.07825715E-03
  1692.2000       2.07826367E-03
  1692.3000       2.07826315E-03
  1692.4000       2.07826534E-03
  1692.5000       2.07826788E-03
  1692.6000       2.07826583E-03
  1692.7000       2.07827491E-03
  1692.8000       2.07827992E-03
  1692.9000       2.07827960E-03
  1693.0000       2.07827956E-03
  1693.1000       2.07828382E-03
  1693.2000       2.07829168E-03
  1693.3000       2.07828821E-03
  1693.4000       2.07828982E-03
  1693.5000       2.07829383E-03
  1693.6000       2.07829799E-03
  1693.7000       2.07829528E-03
  1693.8000       2.07830468E-03
  1693.9000       2.07830243E-03
  1694.0000       2.07830677E-03
  1694.1000       2.07830913E-03
  1694.2000       2.07830825E-03
  1694.3000       2.07831558E-03
  1694.4000       2.07831712E-03
  1694.5000       2.07831690E-03
  1694.6000       2.07832072E-03
  1694.7000       2.07831843E-03
  1694.8000       2.07832497E-03
  1694.9000       2.07833000E-03
  1695.0000       2.07833389E-03
  1695.1000       2.07833745E-03
  1695.2000       2.07833887E-03
  1695.3000       2.07833452E-03
  1695.4000       2.07834339E-03
  1695.5000       2.07834566E-03
  1695.6000       2.07834740E-03
  1695.7000       2.07834939E-03
  1695.8000       2.07835739E-03
  1695.9000       2.07835289E-03
  1696.0000       2.07836077E-03
  1696.1000       2.07836243E-03
  1696.2000       2.07835990E-03
  1696.3000       2.07836645E-03
  1696.4000       2.07836592E-03
  1696.5000       2.07836885E-03
  1696.6000       2.07837652E-03
  1696.7000       2.07837094E-03
  1696.8000       2.07837815E-03
  1696.9000       2.07838049E-03
  1697.0000       2.07838890E-03
  1697.1000       2.07838279E-03
  1697.2000       2.07839114E-03
  1697.3000       2.07839097E-03
  1697.4000       2.07839237E-03
  1697.5000       2.07839801E-03
  1697.6000       2.07839923E-03
  1697.7000       2.07839878E-03
  1697.8000       2.07840558E-03
  1697.9000       2.07840302E-03
  1698.0000       2.07840672E-03
  1698.1000       2.07840894E-03
  1698.2000       2.07841029E-03
  1698.3000       2.07841427E-03
  1698.4000       2.07841305E-03
  1698.5000       2.07842179E-03
  1698.6000       2.07841778E-03
  1698.7000       2.07842294E-03
  1698.8000       2.07843248E-03
  1698.9000       2.07842967E-03
  1699.0000       2.07843690E-03
  1699.1000       2.07843604E-03
  1699.2000       2.07843876E-03
  1699.3000       2.07844254E-03
  1699.4000       2.07844610E-03
  1699.5000       2.07844307E-03
  1699.6000       2.07845005E-03
  1699.7000       2.07845114E-03
  1699.8000       2.07845571E-03
  1699.9000       2.07845315E-03
  1700.0000       2.07845852E-03
