  1200.1000       5.83096154E-04
  1200.2000       5.86558207E-04
  1200.3000       5.90069117E-04
  1200.4000       5.93636069E-04
  1200.5000       5.97263974E-04
  1200.6000       6.00946604E-04
  1200.7000       6.04709870E-04
  1200.8000       6.08526972E-04
  1200.9000       6.12412648E-04
  1201.0000       6.16356410E-04
  1201.1000       6.20376145E-04
  1201.2000       6.24451613E-04
  1201.3000       6.28610725E-04
  1201.4000       6.32837754E-04
  1201.5000       6.37126783E-04
  1201.6000       6.41479101E-04
  1201.7000       6.45939600E-04
  1201.8000       6.50417934E-04
  1201.9000       6.55022738E-04
  1202.0000       6.59674191E-04
  1202.1000       6.64428860E-04
  1202.2000       6.69248123E-04
  1202.3000       6.74169188E-04
  1202.4000       6.79144599E-04
  1202.5000       6.84220667E-04
  1202.6000       6.89396578E-04
  1202.7000       6.94618902E-04
  1202.8000       6.99967847E-04
  1202.9000       7.05374635E-04
  1203.0000       7.10907825E-04
  1203.1000       7.16508020E-04
  1203.2000       7.22218963E-04
  1203.3000       7.28014345E-04
  1203.4000       7.33909420E-04
  1203.5000       7.39898766E-04
  1203.6000       7.46024227E-04
  1203.7000       7.52210178E-04
  1203.8000       7.58547984E-04
  1203.9000       7.64930535E-04
  1204.0000       7.71463712E-04
  1204.1000       7.78085072E-04
  1204.2000       7.84846236E-04
  1204.3000       7.91718694E-04
  1204.4000       7.98672921E-04
  1204.5000       8.05769809E-04
  1204.6000       8.12995259E-04
  1204.7000       8.20333799E-04
  1204.8000       8.27801032E-04
  1204.9000       8.35395166E-04
  1205.0000       8.43097469E-04
  1205.1000       8.50987677E-04
  1205.2000       8.58953057E-04
  1205.3000       8.67092614E-04
  1205.4000       8.75331485E-04
  1205.5000       8.83699172E-04
  1205.6000       8.92242274E-04
  1205.7000       9.00947205E-04
  1205.8000       9.09765992E-04
  1205.9000       9.18769596E-04
  1206.0000       9.27873096E-04
  1206.1000       9.37176511E-04
  1206.2000       9.46605778E-04
  1206.3000       9.56202577E-04
  1206.4000       9.66007428E-04
  1206.5000       9.75887209E-04
  1206.6000       9.85987876E-04
  1206.7000       9.96245278E-04
  1206.8000       1.00668309E-03
  1206.9000       1.01730251E-03
  1207.0000       1.02807776E-03
  1207.1000       1.03903659E-03
  1207.2000       1.05021559E-03
  1207.3000       1.06152147E-03
  1207.4000       1.07302802E-03
  1207.5000       1.08473040E-03
  1207.6000       1.09665948E-03
  1207.7000       1.10870581E-03
  1207.8000       1.12100211E-03
  1207.9000       1.13351935E-03
  1208.0000       1.14617942E-03
  1208.1000       1.15907497E-03
  1208.2000       1.17217944E-03
  1208.3000       1.18547076E-03
  1208.4000       1.19897040E-03
  1208.5000       1.21266607E-03
  1208.6000       1.22666670E-03
  1208.7000       1.24074110E-03
  1208.8000       1.25517521E-03
  1208.9000       1.26970084E-03
  1209.0000       1.28448870E-03
  1209.1000       1.29954897E-03
  1209.2000       1.31473192E-03
  1209.3000       1.33028191E-03
  1209.4000       1.34594683E-03
  1209.5000       1.36192812E-03
  1209.6000       1.37798236E-03
  1209.7000       1.39436321E-03
  1209.8000       1.41102128E-03
  1209.9000       1.42780780E-03
  1210.0000       1.44481314E-03
  1210.1000       1.46205989E-03
  1210.2000       1.47953392E-03
  1210.3000       1.49727529E-03
  1210.4000       1.51521463E-03
  1210.5000       1.53339603E-03
  1210.6000       1.55178720E-03
  1210.7000       1.57040747E-03
  1210.8000       1.58908705E-03
  1210.9000       1.60817185E-03
  1211.0000       1.62738252E-03
  1211.1000       1.64681922E-03
  1211.2000       1.66639650E-03
  1211.3000       1.68623518E-03
  1211.4000       1.70624736E-03
  1211.5000       1.72642454E-03
  1211.6000       1.74684235E-03
  1211.7000       1.76739172E-03
  1211.8000       1.78810303E-03
  1211.9000       1.80901378E-03
  1212.0000       1.83009514E-03
  1212.1000       1.85134197E-03
  1212.2000       1.87273968E-03
  1212.3000       1.89428983E-03
  1212.4000       1.91599641E-03
  1212.5000       1.93786711E-03
  1212.6000       1.95982097E-03
  1212.7000       1.98203955E-03
  1212.8000       2.00432552E-03
  1212.9000       2.02671319E-03
  1213.0000       2.04935306E-03
  1213.1000       2.07199499E-03
  1213.2000       2.09493478E-03
  1213.3000       2.11792703E-03
  1213.4000       2.14102421E-03
  1213.5000       2.16421270E-03
  1213.6000       2.18765516E-03
  1213.7000       2.21113331E-03
  1213.8000       2.23471432E-03
  1213.9000       2.25854350E-03
  1214.0000       2.28239367E-03
  1214.1000       2.30628943E-03
  1214.2000       2.33036389E-03
  1214.3000       2.35461818E-03
  1214.4000       2.37888324E-03
  1214.5000       2.40329083E-03
  1214.6000       2.42768987E-03
  1214.7000       2.45232182E-03
  1214.8000       2.47697172E-03
  1214.9000       2.50175374E-03
  1215.0000       2.52646149E-03
  1215.1000       2.55139746E-03
  1215.2000       2.57636498E-03
  1215.3000       2.60143618E-03
  1215.4000       2.62645937E-03
  1215.5000       2.65161546E-03
  1215.6000       2.67681707E-03
  1215.7000       2.70199226E-03
  1215.8000       2.72737160E-03
  1215.9000       2.75270014E-03
  1216.0000       2.77808802E-03
  1216.1000       2.80351857E-03
  1216.2000       2.82889151E-03
  1216.3000       2.85437568E-03
  1216.4000       2.87988381E-03
  1216.5000       2.90541598E-03
  1216.6000       2.93094895E-03
  1216.7000       2.95655710E-03
  1216.8000       2.98201392E-03
  1216.9000       3.00759719E-03
  1217.0000       3.03311233E-03
  1217.1000       3.05891926E-03
  1217.2000       3.08433545E-03
  1217.3000       3.10983191E-03
  1217.4000       3.13540159E-03
  1217.5000       3.16093902E-03
  1217.6000       3.18640129E-03
  1217.7000       3.21192500E-03
  1217.8000       3.23750816E-03
  1217.9000       3.26288878E-03
  1218.0000       3.28826222E-03
  1218.1000       3.31363840E-03
  1218.2000       3.33891196E-03
  1218.3000       3.36421369E-03
  1218.4000       3.38944844E-03
  1218.5000       3.41466956E-03
  1218.6000       3.43972800E-03
  1218.7000       3.46488031E-03
  1218.8000       3.48972501E-03
  1218.9000       3.51478292E-03
  1219.0000       3.53963942E-03
  1219.1000       3.56449117E-03
  1219.2000       3.58923037E-03
  1219.3000       3.61396915E-03
  1219.4000       3.63842918E-03
  1219.5000       3.66292954E-03
  1219.6000       3.68741103E-03
  1219.7000       3.71176533E-03
  1219.8000       3.73575582E-03
  1219.9000       3.75993458E-03
  1220.0000       3.78396895E-03
  1220.1000       3.80788223E-03
  1220.2000       3.83166785E-03
  1220.3000       3.85535001E-03
  1220.4000       3.87885298E-03
  1220.5000       3.90239145E-03
  1220.6000       3.92573334E-03
  1220.7000       3.94891958E-03
  1220.8000       3.97195713E-03
  1220.9000       3.99501734E-03
  1221.0000       4.01783141E-03
  1221.1000       4.04056062E-03
  1221.2000       4.06310157E-03
  1221.3000       4.08541911E-03
  1221.4000       4.10789212E-03
  1221.5000       4.12994277E-03
  1221.6000       4.15190960E-03
  1221.7000       4.17379343E-03
  1221.8000       4.19550580E-03
  1221.9000       4.21707724E-03
  1222.0000       4.23855362E-03
  1222.1000       4.25991295E-03
  1222.2000       4.28100216E-03
  1222.3000       4.30191427E-03
  1222.4000       4.32271403E-03
  1222.5000       4.34340160E-03
  1222.6000       4.36367785E-03
  1222.7000       4.38426302E-03
  1222.8000       4.40444960E-03
  1222.9000       4.42443376E-03
  1223.0000       4.44417347E-03
  1223.1000       4.46380495E-03
  1223.2000       4.48334527E-03
  1223.3000       4.50267604E-03
  1223.4000       4.52193376E-03
  1223.5000       4.54081013E-03
  1223.6000       4.55957372E-03
  1223.7000       4.57826847E-03
  1223.8000       4.59680578E-03
  1223.9000       4.61511299E-03
  1224.0000       4.63328769E-03
  1224.1000       4.65114445E-03
  1224.2000       4.66889521E-03
  1224.3000       4.68657126E-03
  1224.4000       4.70396488E-03
  1224.5000       4.72122671E-03
  1224.6000       4.73820841E-03
  1224.7000       4.75532820E-03
  1224.8000       4.77185203E-03
  1224.9000       4.78838131E-03
  1225.0000       4.80481943E-03
  1225.1000       4.82088548E-03
  1225.2000       4.83690069E-03
  1225.3000       4.85272065E-03
  1225.4000       4.86836941E-03
  1225.5000       4.88381193E-03
  1225.6000       4.89910727E-03
  1225.7000       4.91421105E-03
  1225.8000       4.92915447E-03
  1225.9000       4.94394969E-03
  1226.0000       4.95860234E-03
  1226.1000       4.97294415E-03
  1226.2000       4.98717257E-03
  1226.3000       5.00135579E-03
  1226.4000       5.01522812E-03
  1226.5000       5.02897923E-03
  1226.6000       5.04265120E-03
  1226.7000       5.05601412E-03
  1226.8000       5.06935380E-03
  1226.9000       5.08228006E-03
  1227.0000       5.09538782E-03
  1227.1000       5.10814986E-03
  1227.2000       5.12087942E-03
  1227.3000       5.13340969E-03
  1227.4000       5.14571162E-03
  1227.5000       5.15787436E-03
  1227.6000       5.16990421E-03
  1227.7000       5.18185037E-03
  1227.8000       5.19371392E-03
  1227.9000       5.20533339E-03
  1228.0000       5.21675604E-03
  1228.1000       5.22815724E-03
  1228.2000       5.23950389E-03
  1228.3000       5.25064537E-03
  1228.4000       5.26157466E-03
  1228.5000       5.27256780E-03
  1228.6000       5.28329261E-03
  1228.7000       5.29401157E-03
  1228.8000       5.30447745E-03
  1228.9000       5.31503451E-03
  1229.0000       5.32527665E-03
  1229.1000       5.33560716E-03
  1229.2000       5.34577308E-03
  1229.3000       5.35584378E-03
  1229.4000       5.36584774E-03
  1229.5000       5.37575822E-03
  1229.6000       5.38556054E-03
  1229.7000       5.39538996E-03
  1229.8000       5.40492782E-03
  1229.9000       5.41464600E-03
  1230.0000       5.42420071E-03
  1230.1000       5.43369679E-03
  1230.2000       5.44321481E-03
  1230.3000       5.45257239E-03
  1230.4000       5.46188819E-03
  1230.5000       5.47131755E-03
  1230.6000       5.48053116E-03
  1230.7000       5.48980896E-03
  1230.8000       5.49895499E-03
  1230.9000       5.50823894E-03
  1231.0000       5.51745344E-03
  1231.1000       5.52651797E-03
  1231.2000       5.53565635E-03
  1231.3000       5.54478078E-03
  1231.4000       5.55394115E-03
  1231.5000       5.56317190E-03
  1231.6000       5.57234477E-03
  1231.7000       5.58145009E-03
  1231.8000       5.59074063E-03
  1231.9000       5.59995169E-03
  1232.0000       5.60923904E-03
  1232.1000       5.61855056E-03
  1232.2000       5.62789095E-03
  1232.3000       5.63726868E-03
  1232.4000       5.64664045E-03
  1232.5000       5.65618014E-03
  1232.6000       5.66570014E-03
  1232.7000       5.67532680E-03
  1232.8000       5.68500990E-03
  1232.9000       5.69472306E-03
  1233.0000       5.70461891E-03
  1233.1000       5.71452665E-03
  1233.2000       5.72449353E-03
  1233.3000       5.73458060E-03
  1233.4000       5.74478607E-03
  1233.5000       5.75503236E-03
  1233.6000       5.76539809E-03
  1233.7000       5.77583685E-03
  1233.8000       5.78641182E-03
  1233.9000       5.79714549E-03
  1234.0000       5.80788311E-03
  1234.1000       5.81885278E-03
  1234.2000       5.82984405E-03
  1234.3000       5.84101741E-03
  1234.4000       5.85228497E-03
  1234.5000       5.86370708E-03
  1234.6000       5.87518464E-03
  1234.7000       5.88683927E-03
  1234.8000       5.89867496E-03
  1234.9000       5.91059893E-03
  1235.0000       5.92266886E-03
  1235.1000       5.93483454E-03
  1235.2000       5.94719735E-03
  1235.3000       5.95964001E-03
  1235.4000       5.97233773E-03
  1235.5000       5.98514727E-03
  1235.6000       5.99809039E-03
  1235.7000       6.01110714E-03
  1235.8000       6.02445082E-03
  1235.9000       6.03777323E-03
  1236.0000       6.05147289E-03
  1236.1000       6.06509405E-03
  1236.2000       6.07893467E-03
  1236.3000       6.09295331E-03
  1236.4000       6.10715849E-03
  1236.5000       6.12151318E-03
  1236.6000       6.13599230E-03
  1236.7000       6.15066211E-03
  1236.8000       6.16547801E-03
  1236.9000       6.18047907E-03
  1237.0000       6.19569179E-03
  1237.1000       6.21102956E-03
  1237.2000       6.22647554E-03
  1237.3000       6.24223760E-03
  1237.4000       6.25806337E-03
  1237.5000       6.27400867E-03
  1237.6000       6.29017056E-03
  1237.7000       6.30650356E-03
  1237.8000       6.32302888E-03
  1237.9000       6.33972298E-03
  1238.0000       6.35653336E-03
  1238.1000       6.37358744E-03
  1238.2000       6.39079731E-03
  1238.3000       6.40822774E-03
  1238.4000       6.42574687E-03
  1238.5000       6.44356074E-03
  1238.6000       6.46137772E-03
  1238.7000       6.47947401E-03
  1238.8000       6.49773305E-03
  1238.9000       6.51617068E-03
  1239.0000       6.53471440E-03
  1239.1000       6.55354236E-03
  1239.2000       6.57249910E-03
  1239.3000       6.59159042E-03
  1239.4000       6.61090989E-03
  1239.5000       6.63038099E-03
  1239.6000       6.65000806E-03
  1239.7000       6.66986276E-03
  1239.8000       6.68982545E-03
  1239.9000       6.70996934E-03
  1240.0000       6.73029047E-03
  1240.1000       6.75083448E-03
  1240.2000       6.77154572E-03
  1240.3000       6.79231494E-03
  1240.4000       6.81343646E-03
  1240.5000       6.83460569E-03
  1240.6000       6.85600394E-03
  1240.7000       6.87745949E-03
  1240.8000       6.89917728E-03
  1240.9000       6.92112314E-03
  1241.0000       6.94323742E-03
  1241.1000       6.96539880E-03
  1241.2000       6.98789371E-03
  1241.3000       7.01049270E-03
  1241.4000       7.03327268E-03
  1241.5000       7.05627859E-03
  1241.6000       7.07936307E-03
  1241.7000       7.10273665E-03
  1241.8000       7.12625911E-03
  1241.9000       7.14989732E-03
  1242.0000       7.17383325E-03
  1242.1000       7.19794855E-03
  1242.2000       7.22212733E-03
  1242.3000       7.24667000E-03
  1242.4000       7.27123791E-03
  1242.5000       7.29610501E-03
  1242.6000       7.32112114E-03
  1242.7000       7.34636421E-03
  1242.8000       7.37177354E-03
  1242.9000       7.39743109E-03
  1243.0000       7.42332145E-03
  1243.1000       7.44924914E-03
  1243.2000       7.47560010E-03
  1243.3000       7.50201179E-03
  1243.4000       7.52865103E-03
  1243.5000       7.55562357E-03
  1243.6000       7.58273937E-03
  1243.7000       7.61006715E-03
  1243.8000       7.63757859E-03
  1243.9000       7.66537129E-03
  1244.0000       7.69337110E-03
  1244.1000       7.72163070E-03
  1244.2000       7.75008828E-03
  1244.3000       7.77886419E-03
  1244.4000       7.80774321E-03
  1244.5000       7.83694704E-03
  1244.6000       7.86637062E-03
  1244.7000       7.89605983E-03
  1244.8000       7.92598890E-03
  1244.9000       7.95608714E-03
  1245.0000       7.98661877E-03
  1245.1000       8.01730556E-03
  1245.2000       8.04828813E-03
  1245.3000       8.07949324E-03
  1245.4000       8.11092281E-03
  1245.5000       8.14272858E-03
  1245.6000       8.17475724E-03
  1245.7000       8.20708465E-03
  1245.8000       8.23958431E-03
  1245.9000       8.27244110E-03
  1246.0000       8.30557277E-03
  1246.1000       8.33899614E-03
  1246.2000       8.37272197E-03
  1246.3000       8.40672952E-03
  1246.4000       8.44097414E-03
  1246.5000       8.47560225E-03
  1246.6000       8.51033985E-03
  1246.7000       8.54551761E-03
  1246.8000       8.58089704E-03
  1246.9000       8.61659079E-03
  1247.0000       8.65262074E-03
  1247.1000       8.68896654E-03
  1247.2000       8.72551936E-03
  1247.3000       8.76245365E-03
  1247.4000       8.79956307E-03
  1247.5000       8.83694941E-03
  1247.6000       8.87477559E-03
  1247.7000       8.91280962E-03
  1247.8000       8.95108051E-03
  1247.9000       8.98971063E-03
  1248.0000       9.02858105E-03
  1248.1000       9.06774492E-03
  1248.2000       9.10719949E-03
  1248.3000       9.14695962E-03
  1248.4000       9.18691269E-03
  1248.5000       9.22720794E-03
  1248.6000       9.26766660E-03
  1248.7000       9.30841852E-03
  1248.8000       9.34947053E-03
  1248.9000       9.39066269E-03
  1249.0000       9.43217682E-03
  1249.1000       9.47385582E-03
  1249.2000       9.51589909E-03
  1249.3000       9.55811369E-03
  1249.4000       9.60053808E-03
  1249.5000       9.64326167E-03
  1249.6000       9.68609915E-03
  1249.7000       9.72917876E-03
  1249.8000       9.77248787E-03
  1249.9000       9.81596180E-03
  1250.0000       9.85966264E-03
  1250.1000       9.90355003E-03
  1250.2000       9.94759739E-03
  1250.3000       9.99183189E-03
  1250.4000       1.00362187E-02
  1250.5000       1.00808205E-02
  1250.6000       1.01255806E-02
  1250.7000       1.01704868E-02
  1250.8000       1.02154637E-02
  1250.9000       1.02606700E-02
  1251.0000       1.03059732E-02
  1251.1000       1.03514137E-02
  1251.2000       1.03969934E-02
  1251.3000       1.04426457E-02
  1251.4000       1.04884380E-02
  1251.5000       1.05343417E-02
  1251.6000       1.05802274E-02
  1251.7000       1.06262799E-02
  1251.8000       1.06724712E-02
  1251.9000       1.07185323E-02
  1252.0000       1.07649000E-02
  1252.1000       1.08111134E-02
  1252.2000       1.08575179E-02
  1252.3000       1.09039110E-02
  1252.4000       1.09503266E-02
  1252.5000       1.09967671E-02
  1252.6000       1.10432130E-02
  1252.7000       1.10896922E-02
  1252.8000       1.11361385E-02
  1252.9000       1.11826544E-02
  1253.0000       1.12290787E-02
  1253.1000       1.12755762E-02
  1253.2000       1.13219610E-02
  1253.3000       1.13683227E-02
  1253.4000       1.14148481E-02
  1253.5000       1.14611931E-02
  1253.6000       1.15074464E-02
  1253.7000       1.15536946E-02
  1253.8000       1.15999894E-02
  1253.9000       1.16462007E-02
  1254.0000       1.16922683E-02
  1254.1000       1.17383689E-02
  1254.2000       1.17844327E-02
  1254.3000       1.18303815E-02
  1254.4000       1.18763451E-02
  1254.5000       1.19221784E-02
  1254.6000       1.19680074E-02
  1254.7000       1.20137423E-02
  1254.8000       1.20593477E-02
  1254.9000       1.21051156E-02
  1255.0000       1.21506141E-02
  1255.1000       1.21961448E-02
  1255.2000       1.22415795E-02
  1255.3000       1.22870090E-02
  1255.4000       1.23323280E-02
  1255.5000       1.23775713E-02
  1255.6000       1.24227755E-02
  1255.7000       1.24679591E-02
  1255.8000       1.25130359E-02
  1255.9000       1.25581183E-02
  1256.0000       1.26031177E-02
  1256.1000       1.26480801E-02
  1256.2000       1.26929883E-02
  1256.3000       1.27378491E-02
  1256.4000       1.27827046E-02
  1256.5000       1.28273936E-02
  1256.6000       1.28721528E-02
  1256.7000       1.29169092E-02
  1256.8000       1.29616117E-02
  1256.9000       1.30061180E-02
  1257.0000       1.30507603E-02
  1257.1000       1.30953656E-02
  1257.2000       1.31398720E-02
  1257.3000       1.31844904E-02
  1257.4000       1.32288767E-02
  1257.5000       1.32734254E-02
  1257.6000       1.33179732E-02
  1257.7000       1.33623447E-02
  1257.8000       1.34067462E-02
  1257.9000       1.34512402E-02
  1258.0000       1.34956707E-02
  1258.1000       1.35400738E-02
  1258.2000       1.35844181E-02
  1258.3000       1.36288237E-02
  1258.4000       1.36732959E-02
  1258.5000       1.37176200E-02
  1258.6000       1.37620710E-02
  1258.7000       1.38065173E-02
  1258.8000       1.38509582E-02
  1258.9000       1.38953885E-02
  1259.0000       1.39398200E-02
  1259.1000       1.39842540E-02
  1259.2000       1.40286871E-02
  1259.3000       1.40731755E-02
  1259.4000       1.41175721E-02
  1259.5000       1.41620025E-02
  1259.6000       1.42064575E-02
  1259.7000       1.42508780E-02
  1259.8000       1.42953264E-02
  1259.9000       1.43397500E-02
  1260.0000       1.43840982E-02
  1260.1000       1.44284627E-02
  1260.2000       1.44727870E-02
  1260.3000       1.45171228E-02
  1260.4000       1.45613043E-02
  1260.5000       1.46055329E-02
  1260.6000       1.46497342E-02
  1260.7000       1.46937429E-02
  1260.8000       1.47378399E-02
  1260.9000       1.47816911E-02
  1261.0000       1.48256650E-02
  1261.1000       1.48695189E-02
  1261.2000       1.49131915E-02
  1261.3000       1.49567382E-02
  1261.4000       1.50003383E-02
  1261.5000       1.50437564E-02
  1261.6000       1.50870840E-02
  1261.7000       1.51302050E-02
  1261.8000       1.51732701E-02
  1261.9000       1.52162366E-02
  1262.0000       1.52590291E-02
  1262.1000       1.53017181E-02
  1262.2000       1.53442450E-02
  1262.3000       1.53866091E-02
  1262.4000       1.54289096E-02
  1262.5000       1.54709248E-02
  1262.6000       1.55127912E-02
  1262.7000       1.55546196E-02
  1262.8000       1.55962572E-02
  1262.9000       1.56376985E-02
  1263.0000       1.56789853E-02
  1263.1000       1.57200327E-02
  1263.2000       1.57609685E-02
  1263.3000       1.58018432E-02
  1263.4000       1.58422717E-02
  1263.5000       1.58828715E-02
  1263.6000       1.59230771E-02
  1263.7000       1.59631756E-02
  1263.8000       1.60030390E-02
  1263.9000       1.60427539E-02
  1264.0000       1.60823117E-02
  1264.1000       1.61217305E-02
  1264.2000       1.61608544E-02
  1264.3000       1.61998762E-02
  1264.4000       1.62387347E-02
  1264.5000       1.62773346E-02
  1264.6000       1.63158152E-02
  1264.7000       1.63541004E-02
  1264.8000       1.63922095E-02
  1264.9000       1.64301600E-02
  1265.0000       1.64677901E-02
  1265.1000       1.65053842E-02
  1265.2000       1.65427574E-02
  1265.3000       1.65798064E-02
  1265.4000       1.66168456E-02
  1265.5000       1.66536888E-02
  1265.6000       1.66901858E-02
  1265.7000       1.67265427E-02
  1265.8000       1.67626966E-02
  1265.9000       1.67987429E-02
  1266.0000       1.68344262E-02
  1266.1000       1.68699863E-02
  1266.2000       1.69052887E-02
  1266.3000       1.69403520E-02
  1266.4000       1.69751732E-02
  1266.5000       1.70097962E-02
  1266.6000       1.70440767E-02
  1266.7000       1.70780661E-02
  1266.8000       1.71119458E-02
  1266.9000       1.71454434E-02
  1267.0000       1.71786105E-02
  1267.1000       1.72115811E-02
  1267.2000       1.72442568E-02
  1267.3000       1.72765484E-02
  1267.4000       1.73085405E-02
  1267.5000       1.73402419E-02
  1267.6000       1.73715776E-02
  1267.7000       1.74025326E-02
  1267.8000       1.74331817E-02
  1267.9000       1.74635473E-02
  1268.0000       1.74934649E-02
  1268.1000       1.75229818E-02
  1268.2000       1.75523077E-02
  1268.3000       1.75810945E-02
  1268.4000       1.76095766E-02
  1268.5000       1.76377615E-02
  1268.6000       1.76653642E-02
  1268.7000       1.76928066E-02
  1268.8000       1.77197799E-02
  1268.9000       1.77464189E-02
  1269.0000       1.77725457E-02
  1269.1000       1.77984471E-02
  1269.2000       1.78237982E-02
  1269.3000       1.78488844E-02
  1269.4000       1.78735194E-02
  1269.5000       1.78978355E-02
  1269.6000       1.79217265E-02
  1269.7000       1.79453195E-02
  1269.8000       1.79684532E-02
  1269.9000       1.79912760E-02
  1270.0000       1.80136057E-02
  1270.1000       1.80357091E-02
  1270.2000       1.80573660E-02
  1270.3000       1.80786797E-02
  1270.4000       1.80995932E-02
  1270.5000       1.81202946E-02
  1270.6000       1.81405433E-02
  1270.7000       1.81604213E-02
  1270.8000       1.81799993E-02
  1270.9000       1.81992111E-02
  1271.0000       1.82180867E-02
  1271.1000       1.82366155E-02
  1271.2000       1.82546672E-02
  1271.3000       1.82726433E-02
  1271.4000       1.82901650E-02
  1271.5000       1.83073448E-02
  1271.6000       1.83241605E-02
  1271.7000       1.83407271E-02
  1271.8000       1.83569885E-02
  1271.9000       1.83728348E-02
  1272.0000       1.83884651E-02
  1272.1000       1.84036923E-02
  1272.2000       1.84186796E-02
  1272.3000       1.84333891E-02
  1272.4000       1.84477088E-02
  1272.5000       1.84617947E-02
  1272.6000       1.84755248E-02
  1272.7000       1.84891402E-02
  1272.8000       1.85021936E-02
  1272.9000       1.85152612E-02
  1273.0000       1.85279285E-02
  1273.1000       1.85403016E-02
  1273.2000       1.85524130E-02
  1273.3000       1.85643246E-02
  1273.4000       1.85760046E-02
  1273.5000       1.85873518E-02
  1273.6000       1.85985864E-02
  1273.7000       1.86095150E-02
  1273.8000       1.86203031E-02
  1273.9000       1.86308646E-02
  1274.0000       1.86411235E-02
  1274.1000       1.86512523E-02
  1274.2000       1.86612682E-02
  1274.3000       1.86711167E-02
  1274.4000       1.86806933E-02
  1274.5000       1.86902564E-02
  1274.6000       1.86995606E-02
  1274.7000       1.87087116E-02
  1274.8000       1.87178276E-02
  1274.9000       1.87267763E-02
  1275.0000       1.87355111E-02
  1275.1000       1.87443988E-02
  1275.2000       1.87530276E-02
  1275.3000       1.87614917E-02
  1275.4000       1.87700501E-02
  1275.5000       1.87784270E-02
  1275.6000       1.87867652E-02
  1275.7000       1.87949581E-02
  1275.8000       1.88031430E-02
  1275.9000       1.88112785E-02
  1276.0000       1.88192639E-02
  1276.1000       1.88274005E-02
  1276.2000       1.88353044E-02
  1276.3000       1.88432178E-02
  1276.4000       1.88510309E-02
  1276.5000       1.88588604E-02
  1276.6000       1.88666296E-02
  1276.7000       1.88743085E-02
  1276.8000       1.88819707E-02
  1276.9000       1.88895922E-02
  1277.0000       1.88971366E-02
  1277.1000       1.89046574E-02
  1277.2000       1.89120539E-02
  1277.3000       1.89194551E-02
  1277.4000       1.89267955E-02
  1277.5000       1.89340614E-02
  1277.6000       1.89413485E-02
  1277.7000       1.89485262E-02
  1277.8000       1.89556112E-02
  1277.9000       1.89626937E-02
  1278.0000       1.89697197E-02
  1278.1000       1.89766953E-02
  1278.2000       1.89836308E-02
  1278.3000       1.89904210E-02
  1278.4000       1.89973170E-02
  1278.5000       1.90040761E-02
  1278.6000       1.90107466E-02
  1278.7000       1.90174008E-02
  1278.8000       1.90240397E-02
  1278.9000       1.90306083E-02
  1279.0000       1.90371799E-02
  1279.1000       1.90436303E-02
  1279.2000       1.90500895E-02
  1279.3000       1.90565015E-02
  1279.4000       1.90628922E-02
  1279.5000       1.90691669E-02
  1279.6000       1.90754648E-02
  1279.7000       1.90816610E-02
  1279.8000       1.90878731E-02
  1279.9000       1.90938880E-02
  1280.0000       1.91000600E-02
  1280.1000       1.91060973E-02
  1280.2000       1.91121346E-02
  1280.3000       1.91180569E-02
  1280.4000       1.91239510E-02
  1280.5000       1.91298239E-02
  1280.6000       1.91356519E-02
  1280.7000       1.91414059E-02
  1280.8000       1.91470632E-02
  1280.9000       1.91527952E-02
  1281.0000       1.91583074E-02
  1281.1000       1.91638558E-02
  1281.2000       1.91693201E-02
  1281.3000       1.91746235E-02
  1281.4000       1.91800413E-02
  1281.5000       1.91852628E-02
  1281.6000       1.91903976E-02
  1281.7000       1.91954693E-02
  1281.8000       1.92004371E-02
  1281.9000       1.92053988E-02
  1282.0000       1.92102010E-02
  1282.1000       1.92149173E-02
  1282.2000       1.92196451E-02
  1282.3000       1.92241165E-02
  1282.4000       1.92286146E-02
  1282.5000       1.92328752E-02
  1282.6000       1.92371957E-02
  1282.7000       1.92412808E-02
  1282.8000       1.92453142E-02
  1282.9000       1.92491388E-02
  1283.0000       1.92529803E-02
  1283.1000       1.92567157E-02
  1283.2000       1.92602080E-02
  1283.3000       1.92636590E-02
  1283.4000       1.92669800E-02
  1283.5000       1.92701865E-02
  1283.6000       1.92732398E-02
  1283.7000       1.92762808E-02
  1283.8000       1.92790846E-02
  1283.9000       1.92818343E-02
  1284.0000       1.92844371E-02
  1284.1000       1.92868572E-02
  1284.2000       1.92892221E-02
  1284.3000       1.92914597E-02
  1284.4000       1.92936159E-02
  1284.5000       1.92955020E-02
  1284.6000       1.92974212E-02
  1284.7000       1.92990816E-02
  1284.8000       1.93007169E-02
  1284.9000       1.93022519E-02
  1285.0000       1.93035774E-02
  1285.1000       1.93048345E-02
  1285.2000       1.93060639E-02
  1285.3000       1.93070169E-02
  1285.4000       1.93079986E-02
  1285.5000       1.93088467E-02
  1285.6000       1.93095415E-02
  1285.7000       1.93102198E-02
  1285.8000       1.93106266E-02
  1285.9000       1.93111486E-02
  1286.0000       1.93114059E-02
  1286.1000       1.93117160E-02
  1286.2000       1.93117960E-02
  1286.3000       1.93118887E-02
  1286.4000       1.93119243E-02
  1286.5000       1.93118212E-02
  1286.6000       1.93116391E-02
  1286.7000       1.93114578E-02
  1286.8000       1.93111722E-02
  1286.9000       1.93107707E-02
  1287.0000       1.93104214E-02
  1287.1000       1.93099449E-02
  1287.2000       1.93094310E-02
  1287.3000       1.93088801E-02
  1287.4000       1.93083515E-02
  1287.5000       1.93077513E-02
  1287.6000       1.93071978E-02
  1287.7000       1.93064455E-02
  1287.8000       1.93058282E-02
  1287.9000       1.93050743E-02
  1288.0000       1.93043436E-02
  1288.1000       1.93035950E-02
  1288.2000       1.93029141E-02
  1288.3000       1.93022109E-02
  1288.4000       1.93014163E-02
  1288.5000       1.93007172E-02
  1288.6000       1.92999865E-02
  1288.7000       1.92992513E-02
  1288.8000       1.92986112E-02
  1288.9000       1.92977781E-02
  1289.0000       1.92971205E-02
  1289.1000       1.92964935E-02
  1289.2000       1.92957711E-02
  1289.3000       1.92950854E-02
  1289.4000       1.92944395E-02
  1289.5000       1.92937869E-02
  1289.6000       1.92931672E-02
  1289.7000       1.92925623E-02
  1289.8000       1.92918531E-02
  1289.9000       1.92912910E-02
  1290.0000       1.92906267E-02
  1290.1000       1.92900070E-02
  1290.2000       1.92893931E-02
  1290.3000       1.92887201E-02
  1290.4000       1.92880813E-02
  1290.5000       1.92873995E-02
  1290.6000       1.92866870E-02
  1290.7000       1.92859060E-02
  1290.8000       1.92852371E-02
  1290.9000       1.92844420E-02
  1291.0000       1.92836064E-02
  1291.1000       1.92827118E-02
  1291.2000       1.92817663E-02
  1291.3000       1.92807896E-02
  1291.4000       1.92797891E-02
  1291.5000       1.92786125E-02
  1291.6000       1.92774155E-02
  1291.7000       1.92761468E-02
  1291.8000       1.92747789E-02
  1291.9000       1.92733006E-02
  1292.0000       1.92717098E-02
  1292.1000       1.92699653E-02
  1292.2000       1.92681845E-02
  1292.3000       1.92661861E-02
  1292.4000       1.92641125E-02
  1292.5000       1.92618882E-02
  1292.6000       1.92595178E-02
  1292.7000       1.92569332E-02
  1292.8000       1.92541074E-02
  1292.9000       1.92512428E-02
  1293.0000       1.92481555E-02
  1293.1000       1.92448529E-02
  1293.2000       1.92413548E-02
  1293.3000       1.92376091E-02
  1293.4000       1.92336874E-02
  1293.5000       1.92295081E-02
  1293.6000       1.92250990E-02
  1293.7000       1.92204722E-02
  1293.8000       1.92155611E-02
  1293.9000       1.92103745E-02
  1294.0000       1.92049963E-02
  1294.1000       1.91992761E-02
  1294.2000       1.91932087E-02
  1294.3000       1.91868415E-02
  1294.4000       1.91802661E-02
  1294.5000       1.91733223E-02
  1294.6000       1.91661208E-02
  1294.7000       1.91585419E-02
  1294.8000       1.91506149E-02
  1294.9000       1.91424477E-02
  1295.0000       1.91338349E-02
  1295.1000       1.91248977E-02
  1295.2000       1.91155908E-02
  1295.3000       1.91059125E-02
  1295.4000       1.90958661E-02
  1295.5000       1.90854992E-02
  1295.6000       1.90747045E-02
  1295.7000       1.90636130E-02
  1295.8000       1.90520271E-02
  1295.9000       1.90401012E-02
  1296.0000       1.90278174E-02
  1296.1000       1.90150675E-02
  1296.2000       1.90020239E-02
  1296.3000       1.89885415E-02
  1296.4000       1.89745243E-02
  1296.5000       1.89602036E-02
  1296.6000       1.89454513E-02
  1296.7000       1.89302896E-02
  1296.8000       1.89148237E-02
  1296.9000       1.88988198E-02
  1297.0000       1.88824815E-02
  1297.1000       1.88655826E-02
  1297.2000       1.88483351E-02
  1297.3000       1.88307471E-02
  1297.4000       1.88126878E-02
  1297.5000       1.87942702E-02
  1297.6000       1.87753457E-02
  1297.7000       1.87560678E-02
  1297.8000       1.87363489E-02
  1297.9000       1.87161862E-02
  1298.0000       1.86956844E-02
  1298.1000       1.86747901E-02
  1298.2000       1.86533585E-02
  1298.3000       1.86316624E-02
  1298.4000       1.86094508E-02
  1298.5000       1.85869282E-02
  1298.6000       1.85639634E-02
  1298.7000       1.85405909E-02
  1298.8000       1.85167958E-02
  1298.9000       1.84926303E-02
  1299.0000       1.84681044E-02
  1299.1000       1.84431795E-02
  1299.2000       1.84178218E-02
  1299.3000       1.83920998E-02
  1299.4000       1.83660015E-02
  1299.5000       1.83395219E-02
  1299.6000       1.83125957E-02
  1299.7000       1.82854234E-02
  1299.8000       1.82577850E-02
  1299.9000       1.82297647E-02
  1300.0000       1.82014198E-02
  1300.1000       1.81726642E-02
  1300.2000       1.81435946E-02
  1300.3000       1.81141111E-02
  1300.4000       1.80842771E-02
  1300.5000       1.80540963E-02
  1300.6000       1.80235419E-02
  1300.7000       1.79926647E-02
  1300.8000       1.79613800E-02
  1300.9000       1.79297992E-02
  1301.0000       1.78978361E-02
  1301.1000       1.78654950E-02
  1301.2000       1.78328573E-02
  1301.3000       1.77998703E-02
  1301.4000       1.77665418E-02
  1301.5000       1.77328489E-02
  1301.6000       1.76988227E-02
  1301.7000       1.76644678E-02
  1301.8000       1.76297211E-02
  1301.9000       1.75947582E-02
  1302.0000       1.75593992E-02
  1302.1000       1.75237305E-02
  1302.2000       1.74877429E-02
  1302.3000       1.74513267E-02
  1302.4000       1.74146801E-02
  1302.5000       1.73777175E-02
  1302.6000       1.73404492E-02
  1302.7000       1.73028402E-02
  1302.8000       1.72649792E-02
  1302.9000       1.72267556E-02
  1303.0000       1.71882527E-02
  1303.1000       1.71494526E-02
  1303.2000       1.71103458E-02
  1303.3000       1.70709778E-02
  1303.4000       1.70311971E-02
  1303.5000       1.69912576E-02
  1303.6000       1.69509898E-02
  1303.7000       1.69104284E-02
  1303.8000       1.68696174E-02
  1303.9000       1.68285456E-02
  1304.0000       1.67871216E-02
  1304.1000       1.67455477E-02
  1304.2000       1.67036422E-02
  1304.3000       1.66614730E-02
  1304.4000       1.66190221E-02
  1304.5000       1.65763790E-02
  1304.6000       1.65334231E-02
  1304.7000       1.64903329E-02
  1304.8000       1.64468792E-02
  1304.9000       1.64032822E-02
  1305.0000       1.63594440E-02
  1305.1000       1.63153424E-02
  1305.2000       1.62710326E-02
  1305.3000       1.62264983E-02
  1305.4000       1.61817062E-02
  1305.5000       1.61367244E-02
  1305.6000       1.60915967E-02
  1305.7000       1.60461794E-02
  1305.8000       1.60006257E-02
  1305.9000       1.59548274E-02
  1306.0000       1.59089221E-02
  1306.1000       1.58627212E-02
  1306.2000       1.58163819E-02
  1306.3000       1.57699153E-02
  1306.4000       1.57231998E-02
  1306.5000       1.56763885E-02
  1306.6000       1.56294133E-02
  1306.7000       1.55822330E-02
  1306.8000       1.55350032E-02
  1306.9000       1.54874963E-02
  1307.0000       1.54399758E-02
  1307.1000       1.53922618E-02
  1307.2000       1.53443619E-02
  1307.3000       1.52964382E-02
  1307.4000       1.52483527E-02
  1307.5000       1.52001777E-02
  1307.6000       1.51519533E-02
  1307.7000       1.51034922E-02
  1307.8000       1.50550450E-02
  1307.9000       1.50064622E-02
  1308.0000       1.49578314E-02
  1308.1000       1.49090971E-02
  1308.2000       1.48603197E-02
  1308.3000       1.48115036E-02
  1308.4000       1.47625731E-02
  1308.5000       1.47136716E-02
  1308.6000       1.46646480E-02
  1308.7000       1.46156544E-02
  1308.8000       1.45665646E-02
  1308.9000       1.45174462E-02
  1309.0000       1.44683424E-02
  1309.1000       1.44191792E-02
  1309.2000       1.43700464E-02
  1309.3000       1.43208422E-02
  1309.4000       1.42716703E-02
  1309.5000       1.42224666E-02
  1309.6000       1.41732880E-02
  1309.7000       1.41240841E-02
  1309.8000       1.40749261E-02
  1309.9000       1.40258167E-02
  1310.0000       1.39766425E-02
  1310.1000       1.39274417E-02
  1310.2000       1.38783658E-02
  1310.3000       1.38291989E-02
  1310.4000       1.37801375E-02
  1310.5000       1.37310728E-02
  1310.6000       1.36820011E-02
  1310.7000       1.36329873E-02
  1310.8000       1.35840770E-02
  1310.9000       1.35350310E-02
  1311.0000       1.34861640E-02
  1311.1000       1.34372380E-02
  1311.2000       1.33884211E-02
  1311.3000       1.33396101E-02
  1311.4000       1.32907534E-02
  1311.5000       1.32421004E-02
  1311.6000       1.31932916E-02
  1311.7000       1.31446217E-02
  1311.8000       1.30959824E-02
  1311.9000       1.30474230E-02
  1312.0000       1.29988234E-02
  1312.1000       1.29502623E-02
  1312.2000       1.29017850E-02
  1312.3000       1.28533712E-02
  1312.4000       1.28048925E-02
  1312.5000       1.27565199E-02
  1312.6000       1.27082060E-02
  1312.7000       1.26598995E-02
  1312.8000       1.26116264E-02
  1312.9000       1.25633717E-02
  1313.0000       1.25151611E-02
  1313.1000       1.24670216E-02
  1313.2000       1.24188130E-02
  1313.3000       1.23707388E-02
  1313.4000       1.23226750E-02
  1313.5000       1.22746136E-02
  1313.6000       1.22265372E-02
  1313.7000       1.21786036E-02
  1313.8000       1.21305942E-02
  1313.9000       1.20826881E-02
  1314.0000       1.20348411E-02
  1314.1000       1.19869068E-02
  1314.2000       1.19390161E-02
  1314.3000       1.18912340E-02
  1314.4000       1.18434236E-02
  1314.5000       1.17956502E-02
  1314.6000       1.17478919E-02
  1314.7000       1.17001826E-02
  1314.8000       1.16525015E-02
  1314.9000       1.16047743E-02
  1315.0000       1.15571282E-02
  1315.1000       1.15095555E-02
  1315.2000       1.14619595E-02
  1315.3000       1.14143495E-02
  1315.4000       1.13668345E-02
  1315.5000       1.13192795E-02
  1315.6000       1.12717906E-02
  1315.7000       1.12243309E-02
  1315.8000       1.11768416E-02
  1315.9000       1.11294766E-02
  1316.0000       1.10820987E-02
  1316.1000       1.10346814E-02
  1316.2000       1.09873208E-02
  1316.3000       1.09400125E-02
  1316.4000       1.08926946E-02
  1316.5000       1.08454061E-02
  1316.6000       1.07981468E-02
  1316.7000       1.07508866E-02
  1316.8000       1.07037237E-02
  1316.9000       1.06564430E-02
  1317.0000       1.06093002E-02
  1317.1000       1.05621180E-02
  1317.2000       1.05149700E-02
  1317.3000       1.04678367E-02
  1317.4000       1.04206866E-02
  1317.5000       1.03735582E-02
  1317.6000       1.03264593E-02
  1317.7000       1.02793675E-02
  1317.8000       1.02322980E-02
  1317.9000       1.01851785E-02
  1318.0000       1.01381438E-02
  1318.1000       1.00910522E-02
  1318.2000       1.00439450E-02
  1318.3000       9.99687690E-03
  1318.4000       9.94979916E-03
  1318.5000       9.90275350E-03
  1318.6000       9.85560183E-03
  1318.7000       9.80849708E-03
  1318.8000       9.76139891E-03
  1318.9000       9.71426540E-03
  1319.0000       9.66712194E-03
  1319.1000       9.61996598E-03
  1319.2000       9.57279519E-03
  1319.3000       9.52557843E-03
  1319.4000       9.47840075E-03
  1319.5000       9.43111898E-03
  1319.6000       9.38383436E-03
  1319.7000       9.33659494E-03
  1319.8000       9.28928673E-03
  1319.9000       9.24193168E-03
  1320.0000       9.19455011E-03
  1320.1000       9.14715205E-03
  1320.2000       9.09968630E-03
  1320.3000       9.05223836E-03
  1320.4000       9.00471172E-03
  1320.5000       8.95716680E-03
  1320.6000       8.90961729E-03
  1320.7000       8.86198763E-03
  1320.8000       8.81436311E-03
  1320.9000       8.76667543E-03
  1321.0000       8.71896410E-03
  1321.1000       8.67120817E-03
  1321.2000       8.62342056E-03
  1321.3000       8.57558737E-03
  1321.4000       8.52775062E-03
  1321.5000       8.47984200E-03
  1321.6000       8.43191839E-03
  1321.7000       8.38393112E-03
  1321.8000       8.33595796E-03
  1321.9000       8.28784867E-03
  1322.0000       8.23979844E-03
  1322.1000       8.19168772E-03
  1322.2000       8.14351939E-03
  1322.3000       8.09535673E-03
  1322.4000       8.04712744E-03
  1322.5000       7.99889846E-03
  1322.6000       7.95061833E-03
  1322.7000       7.90233364E-03
  1322.8000       7.85399408E-03
  1322.9000       7.80565061E-03
  1323.0000       7.75725683E-03
  1323.1000       7.70886469E-03
  1323.2000       7.66044366E-03
  1323.3000       7.61203847E-03
  1323.4000       7.56358755E-03
  1323.5000       7.51511377E-03
  1323.6000       7.46669852E-03
  1323.7000       7.41823755E-03
  1323.8000       7.36978829E-03
  1323.9000       7.32137045E-03
  1324.0000       7.27286853E-03
  1324.1000       7.22443175E-03
  1324.2000       7.17601307E-03
  1324.3000       7.12761533E-03
  1324.4000       7.07923726E-03
  1324.5000       7.03085926E-03
  1324.6000       6.98254288E-03
  1324.7000       6.93427520E-03
  1324.8000       6.88602629E-03
  1324.9000       6.83779639E-03
  1325.0000       6.78963012E-03
  1325.1000       6.74154067E-03
  1325.2000       6.69350025E-03
  1325.3000       6.64551708E-03
  1325.4000       6.59759664E-03
  1325.5000       6.54978581E-03
  1325.6000       6.50200541E-03
  1325.7000       6.45434562E-03
  1325.8000       6.40677381E-03
  1325.9000       6.35929780E-03
  1326.0000       6.31191041E-03
  1326.1000       6.26465076E-03
  1326.2000       6.21749658E-03
  1326.3000       6.17045529E-03
  1326.4000       6.12354587E-03
  1326.5000       6.07679622E-03
  1326.6000       6.03016202E-03
  1326.7000       5.98369561E-03
  1326.8000       5.93737724E-03
  1326.9000       5.89123354E-03
  1327.0000       5.84522741E-03
  1327.1000       5.79943792E-03
  1327.2000       5.75379269E-03
  1327.3000       5.70835990E-03
  1327.4000       5.66312720E-03
  1327.5000       5.61809089E-03
  1327.6000       5.57326911E-03
  1327.7000       5.52867161E-03
  1327.8000       5.48429956E-03
  1327.9000       5.44016471E-03
  1328.0000       5.39625526E-03
  1328.1000       5.35260604E-03
  1328.2000       5.30920735E-03
  1328.3000       5.26606014E-03
  1328.4000       5.22318935E-03
  1328.5000       5.18057876E-03
  1328.6000       5.13824063E-03
  1328.7000       5.09621171E-03
  1328.8000       5.05444483E-03
  1328.9000       5.01299178E-03
  1329.0000       4.97182474E-03
  1329.1000       4.93097352E-03
  1329.2000       4.89043568E-03
  1329.3000       4.85022372E-03
  1329.4000       4.81032492E-03
  1329.5000       4.77075683E-03
  1329.6000       4.73153796E-03
  1329.7000       4.69263814E-03
  1329.8000       4.65409132E-03
  1329.9000       4.61588816E-03
  1330.0000       4.57803143E-03
  1330.1000       4.54054009E-03
  1330.2000       4.50339746E-03
  1330.3000       4.46661382E-03
  1330.4000       4.43019235E-03
  1330.5000       4.39413834E-03
  1330.6000       4.35845691E-03
  1330.7000       4.32314124E-03
  1330.8000       4.28819925E-03
  1330.9000       4.25363197E-03
  1331.0000       4.21944094E-03
  1331.1000       4.18562741E-03
  1331.2000       4.15218030E-03
  1331.3000       4.11913138E-03
  1331.4000       4.08644972E-03
  1331.5000       4.05415333E-03
  1331.6000       4.02223964E-03
  1331.7000       3.99070217E-03
  1331.8000       3.95955391E-03
  1331.9000       3.92879044E-03
  1332.0000       3.89840703E-03
  1332.1000       3.86840974E-03
  1332.2000       3.83879038E-03
  1332.3000       3.80955654E-03
  1332.4000       3.78070400E-03
  1332.5000       3.75223810E-03
  1332.6000       3.72414544E-03
  1332.7000       3.69643904E-03
  1332.8000       3.66910533E-03
  1332.9000       3.64214815E-03
  1333.0000       3.61556768E-03
  1333.1000       3.58935559E-03
  1333.2000       3.56351953E-03
  1333.3000       3.53804683E-03
  1333.4000       3.51294262E-03
  1333.5000       3.48820367E-03
  1333.6000       3.46382265E-03
  1333.7000       3.43980212E-03
  1333.8000       3.41613791E-03
  1333.9000       3.39282681E-03
  1334.0000       3.36986680E-03
  1334.1000       3.34725200E-03
  1334.2000       3.32498243E-03
  1334.3000       3.30305471E-03
  1334.4000       3.28146245E-03
  1334.5000       3.26020538E-03
  1334.6000       3.23927969E-03
  1334.7000       3.21867894E-03
  1334.8000       3.19840198E-03
  1334.9000       3.17844431E-03
  1335.0000       3.15880105E-03
  1335.1000       3.13946892E-03
  1335.2000       3.12044365E-03
  1335.3000       3.10172123E-03
  1335.4000       3.08329736E-03
  1335.5000       3.06516758E-03
  1335.6000       3.04732735E-03
  1335.7000       3.02977213E-03
  1335.8000       3.01249730E-03
  1335.9000       2.99549824E-03
  1336.0000       2.97877026E-03
  1336.1000       2.96230868E-03
  1336.2000       2.94610875E-03
  1336.3000       2.93016573E-03
  1336.4000       2.91447484E-03
  1336.5000       2.89903129E-03
  1336.6000       2.88383025E-03
  1336.7000       2.86886692E-03
  1336.8000       2.85413646E-03
  1336.9000       2.83963403E-03
  1337.0000       2.82535478E-03
  1337.1000       2.81129386E-03
  1337.2000       2.79744645E-03
  1337.3000       2.78380769E-03
  1337.4000       2.77037277E-03
  1337.5000       2.75713686E-03
  1337.6000       2.74409516E-03
  1337.7000       2.73124290E-03
  1337.8000       2.71857532E-03
  1337.9000       2.70608767E-03
  1338.0000       2.69377526E-03
  1338.1000       2.68163341E-03
  1338.2000       2.66965749E-03
  1338.3000       2.65784291E-03
  1338.4000       2.64618512E-03
  1338.5000       2.63467960E-03
  1338.6000       2.62332192E-03
  1338.7000       2.61210768E-03
  1338.8000       2.60103254E-03
  1338.9000       2.59009223E-03
  1339.0000       2.57928254E-03
  1339.1000       2.56859933E-03
  1339.2000       2.55803855E-03
  1339.3000       2.54759622E-03
  1339.4000       2.53726843E-03
  1339.5000       2.52705136E-03
  1339.6000       2.51694129E-03
  1339.7000       2.50693458E-03
  1339.8000       2.49702769E-03
  1339.9000       2.48721719E-03
  1340.0000       2.47749973E-03
  1340.1000       2.46787207E-03
  1340.2000       2.45833110E-03
  1340.3000       2.44887380E-03
  1340.4000       2.43949726E-03
  1340.5000       2.43019871E-03
  1340.6000       2.42097547E-03
  1340.7000       2.41182501E-03
  1340.8000       2.40274490E-03
  1340.9000       2.39373285E-03
  1341.0000       2.38478668E-03
  1341.1000       2.37590436E-03
  1341.2000       2.36708397E-03
  1341.3000       2.35832372E-03
  1341.4000       2.34962197E-03
  1341.5000       2.34097720E-03
  1341.6000       2.33238800E-03
  1341.7000       2.32385312E-03
  1341.8000       2.31537141E-03
  1341.9000       2.30694188E-03
  1342.0000       2.29856364E-03
  1342.1000       2.29023593E-03
  1342.2000       2.28195810E-03
  1342.3000       2.27372965E-03
  1342.4000       2.26555015E-03
  1342.5000       2.25741932E-03
  1342.6000       2.24933695E-03
  1342.7000       2.24130297E-03
  1342.8000       2.23331737E-03
  1342.9000       2.22538025E-03
  1343.0000       2.21749179E-03
  1343.1000       2.20965226E-03
  1343.2000       2.20186198E-03
  1343.3000       2.19412136E-03
  1343.4000       2.18643085E-03
  1343.5000       2.17879097E-03
  1343.6000       2.17120228E-03
  1343.7000       2.16366538E-03
  1343.8000       2.15618088E-03
  1343.9000       2.14874944E-03
  1344.0000       2.14137173E-03
  1344.1000       2.13404842E-03
  1344.2000       2.12678019E-03
  1344.3000       2.11956772E-03
  1344.4000       2.11241166E-03
  1344.5000       2.10531266E-03
  1344.6000       2.09827133E-03
  1344.7000       2.09128825E-03
  1344.8000       2.08436397E-03
  1344.9000       2.07749899E-03
  1345.0000       2.07069376E-03
  1345.1000       2.06394868E-03
  1345.2000       2.05726408E-03
  1345.3000       2.05064025E-03
  1345.4000       2.04407739E-03
  1345.5000       2.03757563E-03
  1345.6000       2.03113505E-03
  1345.7000       2.02475564E-03
  1345.8000       2.01843730E-03
  1345.9000       2.01217989E-03
  1346.0000       2.00598315E-03
  1346.1000       1.99984677E-03
  1346.2000       1.99377035E-03
  1346.3000       1.98775343E-03
  1346.4000       1.98179545E-03
  1346.5000       1.97589579E-03
  1346.6000       1.97005376E-03
  1346.7000       1.96426861E-03
  1346.8000       1.95853952E-03
  1346.9000       1.95286560E-03
  1347.0000       1.94724592E-03
  1347.1000       1.94167949E-03
  1347.2000       1.93616528E-03
  1347.3000       1.93070220E-03
  1347.4000       1.92528914E-03
  1347.5000       1.91992496E-03
  1347.6000       1.91460848E-03
  1347.7000       1.90933850E-03
  1347.8000       1.90411382E-03
  1347.9000       1.89893320E-03
  1348.0000       1.89379541E-03
  1348.1000       1.88869922E-03
  1348.2000       1.88364339E-03
  1348.3000       1.87862669E-03
  1348.4000       1.87364792E-03
  1348.5000       1.86870585E-03
  1348.6000       1.86379931E-03
  1348.7000       1.85892712E-03
  1348.8000       1.85408815E-03
  1348.9000       1.84928127E-03
  1349.0000       1.84450541E-03
  1349.1000       1.83975949E-03
  1349.2000       1.83504249E-03
  1349.3000       1.83035343E-03
  1349.4000       1.82569133E-03
  1349.5000       1.82105529E-03
  1349.6000       1.81644441E-03
  1349.7000       1.81185786E-03
  1349.8000       1.80729483E-03
  1349.9000       1.80275454E-03
  1350.0000       1.79823627E-03
  1350.1000       1.79373933E-03
  1350.2000       1.78926308E-03
  1350.3000       1.78480690E-03
  1350.4000       1.78037022E-03
  1350.5000       1.77595251E-03
  1350.6000       1.77155328E-03
  1350.7000       1.76717207E-03
  1350.8000       1.76280847E-03
  1350.9000       1.75846208E-03
  1351.0000       1.75413258E-03
  1351.1000       1.74981964E-03
  1351.2000       1.74552300E-03
  1351.3000       1.74124242E-03
  1351.4000       1.73697768E-03
  1351.5000       1.73272861E-03
  1351.6000       1.72849507E-03
  1351.7000       1.72427694E-03
  1351.8000       1.72007413E-03
  1351.9000       1.71588658E-03
  1352.0000       1.71171428E-03
  1352.1000       1.70755719E-03
  1352.2000       1.70341536E-03
  1352.3000       1.69928880E-03
  1352.4000       1.69517759E-03
  1352.5000       1.69108182E-03
  1352.6000       1.68700157E-03
  1352.7000       1.68293697E-03
  1352.8000       1.67888815E-03
  1352.9000       1.67485528E-03
  1353.0000       1.67083850E-03
  1353.1000       1.66683801E-03
  1353.2000       1.66285399E-03
  1353.3000       1.65888665E-03
  1353.4000       1.65493618E-03
  1353.5000       1.65100282E-03
  1353.6000       1.64708679E-03
  1353.7000       1.64318832E-03
  1353.8000       1.63930764E-03
  1353.9000       1.63544500E-03
  1354.0000       1.63160063E-03
  1354.1000       1.62777478E-03
  1354.2000       1.62396768E-03
  1354.3000       1.62017959E-03
  1354.4000       1.61641073E-03
  1354.5000       1.61266133E-03
  1354.6000       1.60893163E-03
  1354.7000       1.60522184E-03
  1354.8000       1.60153218E-03
  1354.9000       1.59786284E-03
  1355.0000       1.59421401E-03
  1355.1000       1.59058587E-03
  1355.2000       1.58697859E-03
  1355.3000       1.58339232E-03
  1355.4000       1.57982718E-03
  1355.5000       1.57628329E-03
  1355.6000       1.57276075E-03
  1355.7000       1.56925964E-03
  1355.8000       1.56578001E-03
  1355.9000       1.56232190E-03
  1356.0000       1.55888532E-03
  1356.1000       1.55547026E-03
  1356.2000       1.55207669E-03
  1356.3000       1.54870456E-03
  1356.4000       1.54535379E-03
  1356.5000       1.54202427E-03
  1356.6000       1.53871588E-03
  1356.7000       1.53542847E-03
  1356.8000       1.53216188E-03
  1356.9000       1.52891591E-03
  1357.0000       1.52569035E-03
  1357.1000       1.52248496E-03
  1357.2000       1.51929950E-03
  1357.3000       1.51613371E-03
  1357.4000       1.51298728E-03
  1357.5000       1.50985994E-03
  1357.6000       1.50675136E-03
  1357.7000       1.50366124E-03
  1357.8000       1.50058923E-03
  1357.9000       1.49753500E-03
  1358.0000       1.49449821E-03
  1358.1000       1.49147851E-03
  1358.2000       1.48847555E-03
  1358.3000       1.48548900E-03
  1358.4000       1.48251850E-03
  1358.5000       1.47956371E-03
  1358.6000       1.47662430E-03
  1358.7000       1.47369995E-03
  1358.8000       1.47079033E-03
  1358.9000       1.46789515E-03
  1359.0000       1.46501409E-03
  1359.1000       1.46214689E-03
  1359.2000       1.45929327E-03
  1359.3000       1.45645299E-03
  1359.4000       1.45362579E-03
  1359.5000       1.45081146E-03
  1359.6000       1.44800980E-03
  1359.7000       1.44522060E-03
  1359.8000       1.44244371E-03
  1359.9000       1.43967896E-03
  1360.0000       1.43692621E-03
  1360.1000       1.43418534E-03
  1360.2000       1.43145622E-03
  1360.3000       1.42873877E-03
  1360.4000       1.42603290E-03
  1360.5000       1.42333854E-03
  1360.6000       1.42065561E-03
  1360.7000       1.41798408E-03
  1360.8000       1.41532390E-03
  1360.9000       1.41267502E-03
  1361.0000       1.41003742E-03
  1361.1000       1.40741106E-03
  1361.2000       1.40479593E-03
  1361.3000       1.40219200E-03
  1361.4000       1.39959925E-03
  1361.5000       1.39701764E-03
  1361.6000       1.39444717E-03
  1361.7000       1.39188778E-03
  1361.8000       1.38933945E-03
  1361.9000       1.38680213E-03
  1362.0000       1.38427578E-03
  1362.1000       1.38176034E-03
  1362.2000       1.37925574E-03
  1362.3000       1.37676190E-03
  1362.4000       1.37427875E-03
  1362.5000       1.37180618E-03
  1362.6000       1.36934408E-03
  1362.7000       1.36689235E-03
  1362.8000       1.36445084E-03
  1362.9000       1.36201943E-03
  1363.0000       1.35959796E-03
  1363.1000       1.35718628E-03
  1363.2000       1.35478420E-03
  1363.3000       1.35239156E-03
  1363.4000       1.35000816E-03
  1363.5000       1.34763381E-03
  1363.6000       1.34526832E-03
  1363.7000       1.34291147E-03
  1363.8000       1.34056305E-03
  1363.9000       1.33822286E-03
  1364.0000       1.33589067E-03
  1364.1000       1.33356627E-03
  1364.2000       1.33124946E-03
  1364.3000       1.32894001E-03
  1364.4000       1.32663774E-03
  1364.5000       1.32434243E-03
  1364.6000       1.32205390E-03
  1364.7000       1.31977196E-03
  1364.8000       1.31749645E-03
  1364.9000       1.31522721E-03
  1365.0000       1.31296409E-03
  1365.1000       1.31070696E-03
  1365.2000       1.30845572E-03
  1365.3000       1.30621026E-03
  1365.4000       1.30397050E-03
  1365.5000       1.30173639E-03
  1365.6000       1.29950789E-03
  1365.7000       1.29728496E-03
  1365.8000       1.29506762E-03
  1365.9000       1.29285588E-03
  1366.0000       1.29064977E-03
  1366.1000       1.28844936E-03
  1366.2000       1.28625471E-03
  1366.3000       1.28406592E-03
  1366.4000       1.28188310E-03
  1366.5000       1.27970637E-03
  1366.6000       1.27753587E-03
  1366.7000       1.27537175E-03
  1366.8000       1.27321417E-03
  1366.9000       1.27106330E-03
  1367.0000       1.26891932E-03
  1367.1000       1.26678240E-03
  1367.2000       1.26465274E-03
  1367.3000       1.26253052E-03
  1367.4000       1.26041593E-03
  1367.5000       1.25830915E-03
  1367.6000       1.25621036E-03
  1367.7000       1.25411974E-03
  1367.8000       1.25203744E-03
  1367.9000       1.24996362E-03
  1368.0000       1.24789844E-03
  1368.1000       1.24584200E-03
  1368.2000       1.24379445E-03
  1368.3000       1.24175587E-03
  1368.4000       1.23972635E-03
  1368.5000       1.23770596E-03
  1368.6000       1.23569475E-03
  1368.7000       1.23369277E-03
  1368.8000       1.23170001E-03
  1368.9000       1.22971650E-03
  1369.0000       1.22774220E-03
  1369.1000       1.22577708E-03
  1369.2000       1.22382110E-03
  1369.3000       1.22187418E-03
  1369.4000       1.21993626E-03
  1369.5000       1.21800722E-03
  1369.6000       1.21608698E-03
  1369.7000       1.21417540E-03
  1369.8000       1.21227237E-03
  1369.9000       1.21037775E-03
  1370.0000       1.20849139E-03
  1370.1000       1.20661315E-03
  1370.2000       1.20474287E-03
  1370.3000       1.20288040E-03
  1370.4000       1.20102559E-03
  1370.5000       1.19917827E-03
  1370.6000       1.19733830E-03
  1370.7000       1.19550551E-03
  1370.8000       1.19367975E-03
  1370.9000       1.19186088E-03
  1371.0000       1.19004876E-03
  1371.1000       1.18824325E-03
  1371.2000       1.18644422E-03
  1371.3000       1.18465154E-03
  1371.4000       1.18286510E-03
  1371.5000       1.18108479E-03
  1371.6000       1.17931050E-03
  1371.7000       1.17754213E-03
  1371.8000       1.17577960E-03
  1371.9000       1.17402282E-03
  1372.0000       1.17227170E-03
  1372.1000       1.17052618E-03
  1372.2000       1.16878619E-03
  1372.3000       1.16705165E-03
  1372.4000       1.16532251E-03
  1372.5000       1.16359870E-03
  1372.6000       1.16188017E-03
  1372.7000       1.16016685E-03
  1372.8000       1.15845869E-03
  1372.9000       1.15675563E-03
  1373.0000       1.15505762E-03
  1373.1000       1.15336459E-03
  1373.2000       1.15167649E-03
  1373.3000       1.14999324E-03
  1373.4000       1.14831480E-03
  1373.5000       1.14664109E-03
  1373.6000       1.14497204E-03
  1373.7000       1.14330759E-03
  1373.8000       1.14164766E-03
  1373.9000       1.13999219E-03
  1374.0000       1.13834110E-03
  1374.1000       1.13669432E-03
  1374.2000       1.13505177E-03
  1374.3000       1.13341340E-03
  1374.4000       1.13177912E-03
  1374.5000       1.13014888E-03
  1374.6000       1.12852262E-03
  1374.7000       1.12690027E-03
  1374.8000       1.12528178E-03
  1374.9000       1.12366712E-03
  1375.0000       1.12205624E-03
  1375.1000       1.12044912E-03
  1375.2000       1.11884573E-03
  1375.3000       1.11724607E-03
  1375.4000       1.11565012E-03
  1375.5000       1.11405791E-03
  1375.6000       1.11246944E-03
  1375.7000       1.11088475E-03
  1375.8000       1.10930388E-03
  1375.9000       1.10772688E-03
  1376.0000       1.10615381E-03
  1376.1000       1.10458475E-03
  1376.2000       1.10301978E-03
  1376.3000       1.10145898E-03
  1376.4000       1.09990245E-03
  1376.5000       1.09835031E-03
  1376.6000       1.09680266E-03
  1376.7000       1.09525962E-03
  1376.8000       1.09372131E-03
  1376.9000       1.09218786E-03
  1377.0000       1.09065938E-03
  1377.1000       1.08913601E-03
  1377.2000       1.08761786E-03
  1377.3000       1.08610505E-03
  1377.4000       1.08459770E-03
  1377.5000       1.08309592E-03
  1377.6000       1.08159981E-03
  1377.7000       1.08010946E-03
  1377.8000       1.07862496E-03
  1377.9000       1.07714638E-03
  1378.0000       1.07567378E-03
  1378.1000       1.07420722E-03
  1378.2000       1.07274673E-03
  1378.3000       1.07129235E-03
  1378.4000       1.06984407E-03
  1378.5000       1.06840192E-03
  1378.6000       1.06696586E-03
  1378.7000       1.06553588E-03
  1378.8000       1.06411195E-03
  1378.9000       1.06269401E-03
  1379.0000       1.06128201E-03
  1379.1000       1.05987588E-03
  1379.2000       1.05847555E-03
  1379.3000       1.05708092E-03
  1379.4000       1.05569192E-03
  1379.5000       1.05430845E-03
  1379.6000       1.05293040E-03
  1379.7000       1.05155768E-03
  1379.8000       1.05019018E-03
  1379.9000       1.04882780E-03
  1380.0000       1.04747043E-03
  1380.1000       1.04611797E-03
  1380.2000       1.04477031E-03
  1380.3000       1.04342736E-03
  1380.4000       1.04208902E-03
  1380.5000       1.04075520E-03
  1380.6000       1.03942581E-03
  1380.7000       1.03810076E-03
  1380.8000       1.03677997E-03
  1380.9000       1.03546336E-03
  1381.0000       1.03415087E-03
  1381.1000       1.03284243E-03
  1381.2000       1.03153796E-03
  1381.3000       1.03023740E-03
  1381.4000       1.02894070E-03
  1381.5000       1.02764780E-03
  1381.6000       1.02635862E-03
  1381.7000       1.02507313E-03
  1381.8000       1.02379125E-03
  1381.9000       1.02251293E-03
  1382.0000       1.02123811E-03
  1382.1000       1.01996673E-03
  1382.2000       1.01869873E-03
  1382.3000       1.01743402E-03
  1382.4000       1.01617256E-03
  1382.5000       1.01491425E-03
  1382.6000       1.01365903E-03
  1382.7000       1.01240683E-03
  1382.8000       1.01115754E-03
  1382.9000       1.00991110E-03
  1383.0000       1.00866742E-03
  1383.1000       1.00742640E-03
  1383.2000       1.00618797E-03
  1383.3000       1.00495203E-03
  1383.4000       1.00371849E-03
  1383.5000       1.00248726E-03
  1383.6000       1.00125827E-03
  1383.7000       1.00003143E-03
  1383.8000       9.98806666E-04
  1383.9000       9.97583904E-04
  1384.0000       9.96363080E-04
  1384.1000       9.95144136E-04
  1384.2000       9.93927022E-04
  1384.3000       9.92711697E-04
  1384.4000       9.91498129E-04
  1384.5000       9.90286297E-04
  1384.6000       9.89076191E-04
  1384.7000       9.87867811E-04
  1384.8000       9.86661171E-04
  1384.9000       9.85456293E-04
  1385.0000       9.84253215E-04
  1385.1000       9.83051983E-04
  1385.2000       9.81852656E-04
  1385.3000       9.80655303E-04
  1385.4000       9.79460006E-04
  1385.5000       9.78266852E-04
  1385.6000       9.77075941E-04
  1385.7000       9.75887379E-04
  1385.8000       9.74701277E-04
  1385.9000       9.73517755E-04
  1386.0000       9.72336935E-04
  1386.1000       9.71158941E-04
  1386.2000       9.69983902E-04
  1386.3000       9.68811943E-04
  1386.4000       9.67643191E-04
  1386.5000       9.66477768E-04
  1386.6000       9.65315794E-04
  1386.7000       9.64157382E-04
  1386.8000       9.63002640E-04
  1386.9000       9.61851666E-04
  1387.0000       9.60704553E-04
  1387.1000       9.59561380E-04
  1387.2000       9.58422219E-04
  1387.3000       9.57287130E-04
  1387.4000       9.56156161E-04
  1387.5000       9.55029350E-04
  1387.6000       9.53906722E-04
  1387.7000       9.52788290E-04
  1387.8000       9.51674057E-04
  1387.9000       9.50564014E-04
  1388.0000       9.49458142E-04
  1388.1000       9.48356412E-04
  1388.2000       9.47258786E-04
  1388.3000       9.46165218E-04
  1388.4000       9.45075656E-04
  1388.5000       9.43990042E-04
  1388.6000       9.42908312E-04
  1388.7000       9.41830402E-04
  1388.8000       9.40756241E-04
  1388.9000       9.39685762E-04
  1389.0000       9.38618896E-04
  1389.1000       9.37555576E-04
  1389.2000       9.36495737E-04
  1389.3000       9.35439319E-04
  1389.4000       9.34386266E-04
  1389.5000       9.33336526E-04
  1389.6000       9.32290055E-04
  1389.7000       9.31246813E-04
  1389.8000       9.30206768E-04
  1389.9000       9.29169895E-04
  1390.0000       9.28136174E-04
  1390.1000       9.27105594E-04
  1390.2000       9.26078149E-04
  1390.3000       9.25053836E-04
  1390.4000       9.24032661E-04
  1390.5000       9.23014632E-04
  1390.6000       9.21999760E-04
  1390.7000       9.20988058E-04
  1390.8000       9.19979542E-04
  1390.9000       9.18974225E-04
  1391.0000       9.17972121E-04
  1391.1000       9.16973240E-04
  1391.2000       9.15977588E-04
  1391.3000       9.14985167E-04
  1391.4000       9.13995973E-04
  1391.5000       9.13009993E-04
  1391.6000       9.12027206E-04
  1391.7000       9.11047585E-04
  1391.8000       9.10071088E-04
  1391.9000       9.09097667E-04
  1392.0000       9.08127261E-04
  1392.1000       9.07159797E-04
  1392.2000       9.06195193E-04
  1392.3000       9.05233355E-04
  1392.4000       9.04274176E-04
  1392.5000       9.03317541E-04
  1392.6000       9.02363327E-04
  1392.7000       9.01411397E-04
  1392.8000       9.00461613E-04
  1392.9000       8.99513824E-04
  1393.0000       8.98567879E-04
  1393.1000       8.97623622E-04
  1393.2000       8.96680894E-04
  1393.3000       8.95739538E-04
  1393.4000       8.94799397E-04
  1393.5000       8.93860320E-04
  1393.6000       8.92922160E-04
  1393.7000       8.91984777E-04
  1393.8000       8.91048043E-04
  1393.9000       8.90111839E-04
  1394.0000       8.89176060E-04
  1394.1000       8.88240617E-04
  1394.2000       8.87305434E-04
  1394.3000       8.86370455E-04
  1394.4000       8.85435643E-04
  1394.5000       8.84500979E-04
  1394.6000       8.83566465E-04
  1394.7000       8.82632123E-04
  1394.8000       8.81697997E-04
  1394.9000       8.80764151E-04
  1395.0000       8.79830670E-04
  1395.1000       8.78897659E-04
  1395.2000       8.77965241E-04
  1395.3000       8.77033560E-04
  1395.4000       8.76102772E-04
  1395.5000       8.75173053E-04
  1395.6000       8.74244589E-04
  1395.7000       8.73317580E-04
  1395.8000       8.72392232E-04
  1395.9000       8.71468761E-04
  1396.0000       8.70547388E-04
  1396.1000       8.69628334E-04
  1396.2000       8.68711822E-04
  1396.3000       8.67798072E-04
  1396.4000       8.66887299E-04
  1396.5000       8.65979710E-04
  1396.6000       8.65075503E-04
  1396.7000       8.64174866E-04
  1396.8000       8.63277969E-04
  1396.9000       8.62384970E-04
  1397.0000       8.61496009E-04
  1397.1000       8.60611205E-04
  1397.2000       8.59730659E-04
  1397.3000       8.58854450E-04
  1397.4000       8.57982635E-04
  1397.5000       8.57115250E-04
  1397.6000       8.56252305E-04
  1397.7000       8.55393790E-04
  1397.8000       8.54539672E-04
  1397.9000       8.53689895E-04
  1398.0000       8.52844384E-04
  1398.1000       8.52003040E-04
  1398.2000       8.51165749E-04
  1398.3000       8.50332376E-04
  1398.4000       8.49502771E-04
  1398.5000       8.48676771E-04
  1398.6000       8.47854196E-04
  1398.7000       8.47034860E-04
  1398.8000       8.46218566E-04
  1398.9000       8.45405110E-04
  1399.0000       8.44594283E-04
  1399.1000       8.43785874E-04
  1399.2000       8.42979673E-04
  1399.3000       8.42175468E-04
  1399.4000       8.41373054E-04
  1399.5000       8.40572229E-04
  1399.6000       8.39772800E-04
  1399.7000       8.38974580E-04
  1399.8000       8.38177395E-04
  1399.9000       8.37381082E-04
  1400.0000       8.36585491E-04
  1400.1000       8.35790485E-04
  1400.2000       8.34995943E-04
  1400.3000       8.34201760E-04
  1400.4000       8.33407845E-04
  1400.5000       8.32614127E-04
  1400.6000       8.31820548E-04
  1400.7000       8.31027069E-04
  1400.8000       8.30233668E-04
  1400.9000       8.29440337E-04
  1401.0000       8.28647085E-04
  1401.1000       8.27853937E-04
  1401.2000       8.27060931E-04
  1401.3000       8.26268119E-04
  1401.4000       8.25475565E-04
  1401.5000       8.24683347E-04
  1401.6000       8.23891549E-04
  1401.7000       8.23100269E-04
  1401.8000       8.22309609E-04
  1401.9000       8.21519680E-04
  1402.0000       8.20730599E-04
  1402.1000       8.19942484E-04
  1402.2000       8.19155459E-04
  1402.3000       8.18369648E-04
  1402.4000       8.17585177E-04
  1402.5000       8.16802170E-04
  1402.6000       8.16020751E-04
  1402.7000       8.15241038E-04
  1402.8000       8.14463150E-04
  1402.9000       8.13687198E-04
  1403.0000       8.12913290E-04
  1403.1000       8.12141526E-04
  1403.2000       8.11372002E-04
  1403.3000       8.10604806E-04
  1403.4000       8.09840019E-04
  1403.5000       8.09077714E-04
  1403.6000       8.08317956E-04
  1403.7000       8.07560803E-04
  1403.8000       8.06806304E-04
  1403.9000       8.06054500E-04
  1404.0000       8.05305425E-04
  1404.1000       8.04559102E-04
  1404.2000       8.03815550E-04
  1404.3000       8.03074777E-04
  1404.4000       8.02336784E-04
  1404.5000       8.01601567E-04
  1404.6000       8.00869111E-04
  1404.7000       8.00139395E-04
  1404.8000       7.99412395E-04
  1404.9000       7.98688074E-04
  1405.0000       7.97966395E-04
  1405.1000       7.97247310E-04
  1405.2000       7.96530769E-04
  1405.3000       7.95816714E-04
  1405.4000       7.95105083E-04
  1405.5000       7.94395810E-04
  1405.6000       7.93688823E-04
  1405.7000       7.92984047E-04
  1405.8000       7.92281402E-04
  1405.9000       7.91580807E-04
  1406.0000       7.90882175E-04
  1406.1000       7.90185418E-04
  1406.2000       7.89490445E-04
  1406.3000       7.88797166E-04
  1406.4000       7.88105486E-04
  1406.5000       7.87415312E-04
  1406.6000       7.86726550E-04
  1406.7000       7.86039106E-04
  1406.8000       7.85352888E-04
  1406.9000       7.84667804E-04
  1407.0000       7.83983766E-04
  1407.1000       7.83300687E-04
  1407.2000       7.82618486E-04
  1407.3000       7.81937083E-04
  1407.4000       7.81256404E-04
  1407.5000       7.80576380E-04
  1407.6000       7.79896947E-04
  1407.7000       7.79218049E-04
  1407.8000       7.78539634E-04
  1407.9000       7.77861660E-04
  1408.0000       7.77184089E-04
  1408.1000       7.76506895E-04
  1408.2000       7.75830056E-04
  1408.3000       7.75153559E-04
  1408.4000       7.74477403E-04
  1408.5000       7.73801589E-04
  1408.6000       7.73126133E-04
  1408.7000       7.72451054E-04
  1408.8000       7.71776380E-04
  1408.9000       7.71102150E-04
  1409.0000       7.70428406E-04
  1409.1000       7.69755198E-04
  1409.2000       7.69082585E-04
  1409.3000       7.68410628E-04
  1409.4000       7.67739395E-04
  1409.5000       7.67068959E-04
  1409.6000       7.66399394E-04
  1409.7000       7.65730781E-04
  1409.8000       7.65063199E-04
  1409.9000       7.64396730E-04
  1410.0000       7.63731458E-04
  1410.1000       7.63067463E-04
  1410.2000       7.62404827E-04
  1410.3000       7.61743628E-04
  1410.4000       7.61083942E-04
  1410.5000       7.60425841E-04
  1410.6000       7.59769393E-04
  1410.7000       7.59114663E-04
  1410.8000       7.58461706E-04
  1410.9000       7.57810576E-04
  1411.0000       7.57161318E-04
  1411.1000       7.56513972E-04
  1411.2000       7.55868570E-04
  1411.3000       7.55225138E-04
  1411.4000       7.54583695E-04
  1411.5000       7.53944253E-04
  1411.6000       7.53306817E-04
  1411.7000       7.52671386E-04
  1411.8000       7.52037952E-04
  1411.9000       7.51406504E-04
  1412.0000       7.50777023E-04
  1412.1000       7.50149486E-04
  1412.2000       7.49523865E-04
  1412.3000       7.48900130E-04
  1412.4000       7.48278247E-04
  1412.5000       7.47658180E-04
  1412.6000       7.47039891E-04
  1412.7000       7.46423340E-04
  1412.8000       7.45808488E-04
  1412.9000       7.45195296E-04
  1413.0000       7.44583724E-04
  1413.1000       7.43973735E-04
  1413.2000       7.43365291E-04
  1413.3000       7.42758360E-04
  1413.4000       7.42152908E-04
  1413.5000       7.41548906E-04
  1413.6000       7.40946327E-04
  1413.7000       7.40345146E-04
  1413.8000       7.39745342E-04
  1413.9000       7.39146895E-04
  1414.0000       7.38549790E-04
  1414.1000       7.37954011E-04
  1414.2000       7.37359547E-04
  1414.3000       7.36766388E-04
  1414.4000       7.36174524E-04
  1414.5000       7.35583948E-04
  1414.6000       7.34994652E-04
  1414.7000       7.34406629E-04
  1414.8000       7.33819872E-04
  1414.9000       7.33234371E-04
  1415.0000       7.32650119E-04
  1415.1000       7.32067103E-04
  1415.2000       7.31485310E-04
  1415.3000       7.30904726E-04
  1415.4000       7.30325331E-04
  1415.5000       7.29747106E-04
  1415.6000       7.29170026E-04
  1415.7000       7.28594064E-04
  1415.8000       7.28019190E-04
  1415.9000       7.27445370E-04
  1416.0000       7.26872567E-04
  1416.1000       7.26300742E-04
  1416.2000       7.25729852E-04
  1416.3000       7.25159854E-04
  1416.4000       7.24590699E-04
  1416.5000       7.24022341E-04
  1416.6000       7.23454730E-04
  1416.7000       7.22887817E-04
  1416.8000       7.22321551E-04
  1416.9000       7.21755885E-04
  1417.0000       7.21190770E-04
  1417.1000       7.20626161E-04
  1417.2000       7.20062015E-04
  1417.3000       7.19498294E-04
  1417.4000       7.18934961E-04
  1417.5000       7.18371986E-04
  1417.6000       7.17809343E-04
  1417.7000       7.17247011E-04
  1417.8000       7.16684976E-04
  1417.9000       7.16123231E-04
  1418.0000       7.15561774E-04
  1418.1000       7.15000611E-04
  1418.2000       7.14439755E-04
  1418.3000       7.13879225E-04
  1418.4000       7.13319049E-04
  1418.5000       7.12759261E-04
  1418.6000       7.12199900E-04
  1418.7000       7.11641013E-04
  1418.8000       7.11082618E-04
  1418.9000       7.10524729E-04
  1419.0000       7.09967406E-04
  1419.1000       7.09410695E-04
  1419.2000       7.08854604E-04
  1419.3000       7.08299247E-04
  1419.4000       7.07744592E-04
  1419.5000       7.07190717E-04
  1419.6000       7.06637686E-04
  1419.7000       7.06085520E-04
  1419.8000       7.05534325E-04
  1419.9000       7.04984035E-04
  1420.0000       7.04434823E-04
  1420.1000       7.03886630E-04
  1420.2000       7.03339550E-04
  1420.3000       7.02793517E-04
  1420.4000       7.02248659E-04
  1420.5000       7.01704888E-04
  1420.6000       7.01162314E-04
  1420.7000       7.00620816E-04
  1420.8000       7.00080517E-04
  1420.9000       6.99541255E-04
  1421.0000       6.99003016E-04
  1421.1000       6.98465785E-04
  1421.2000       6.97929637E-04
  1421.3000       6.97394309E-04
  1421.4000       6.96859859E-04
  1421.5000       6.96326319E-04
  1421.6000       6.95793423E-04
  1421.7000       6.95261155E-04
  1421.8000       6.94729529E-04
  1421.9000       6.94198385E-04
  1422.0000       6.93667501E-04
  1422.1000       6.93137312E-04
  1422.2000       6.92607152E-04
  1422.3000       6.92077197E-04
  1422.4000       6.91547116E-04
  1422.5000       6.91017322E-04
  1422.6000       6.90487239E-04
  1422.7000       6.89957089E-04
  1422.8000       6.89426603E-04
  1422.9000       6.88895881E-04
  1423.0000       6.88364417E-04
  1423.1000       6.87832861E-04
  1423.2000       6.87300463E-04
  1423.3000       6.86767307E-04
  1423.4000       6.86233742E-04
  1423.5000       6.85699210E-04
  1423.6000       6.85163822E-04
  1423.7000       6.84627503E-04
  1423.8000       6.84090086E-04
  1423.9000       6.83551717E-04
  1424.0000       6.83011819E-04
  1424.1000       6.82470684E-04
  1424.2000       6.81928180E-04
  1424.3000       6.81384214E-04
  1424.4000       6.80838863E-04
  1424.5000       6.80292081E-04
  1424.6000       6.79743644E-04
  1424.7000       6.79193696E-04
  1424.8000       6.78642458E-04
  1424.9000       6.78089611E-04
  1425.0000       6.77535377E-04
  1425.1000       6.76979341E-04
  1425.2000       6.76421935E-04
  1425.3000       6.75862739E-04
  1425.4000       6.75302412E-04
  1425.5000       6.74740107E-04
  1425.6000       6.74176362E-04
  1425.7000       6.73610952E-04
  1425.8000       6.73043790E-04
  1425.9000       6.72474955E-04
  1426.0000       6.71904426E-04
  1426.1000       6.71332338E-04
  1426.2000       6.70758609E-04
  1426.3000       6.70182886E-04
  1426.4000       6.69605620E-04
  1426.5000       6.69026355E-04
  1426.6000       6.68445115E-04
  1426.7000       6.67862526E-04
  1426.8000       6.67277235E-04
  1426.9000       6.66690094E-04
  1427.0000       6.66101529E-04
  1427.1000       6.65510245E-04
  1427.2000       6.64917246E-04
  1427.3000       6.64322219E-04
  1427.4000       6.63724365E-04
  1427.5000       6.63124737E-04
  1427.6000       6.62522756E-04
  1427.7000       6.61918353E-04
  1427.8000       6.61311607E-04
  1427.9000       6.60702627E-04
  1428.0000       6.60090912E-04
  1428.1000       6.59476819E-04
  1428.2000       6.58860059E-04
  1428.3000       6.58240252E-04
  1428.4000       6.57618311E-04
  1428.5000       6.56993329E-04
  1428.6000       6.56366052E-04
  1428.7000       6.55735382E-04
  1428.8000       6.55102825E-04
  1428.9000       6.54466729E-04
  1429.0000       6.53828005E-04
  1429.1000       6.53186271E-04
  1429.2000       6.52541321E-04
  1429.3000       6.51893903E-04
  1429.4000       6.51243270E-04
  1429.5000       6.50589953E-04
  1429.6000       6.49933193E-04
  1429.7000       6.49273858E-04
  1429.8000       6.48610567E-04
  1429.9000       6.47945330E-04
  1430.0000       6.47276264E-04
  1430.1000       6.46604427E-04
  1430.2000       6.45929241E-04
  1430.3000       6.45250548E-04
  1430.4000       6.44569541E-04
  1430.5000       6.43884700E-04
  1430.6000       6.43196722E-04
  1430.7000       6.42505983E-04
  1430.8000       6.41811775E-04
  1430.9000       6.41114422E-04
  1431.0000       6.40414012E-04
  1431.1000       6.39710381E-04
  1431.2000       6.39003557E-04
  1431.3000       6.38294074E-04
  1431.4000       6.37581378E-04
  1431.5000       6.36865896E-04
  1431.6000       6.36146823E-04
  1431.7000       6.35425300E-04
  1431.8000       6.34700744E-04
  1431.9000       6.33974026E-04
  1432.0000       6.33244327E-04
  1432.1000       6.32511734E-04
  1432.2000       6.31777100E-04
  1432.3000       6.31039648E-04
  1432.4000       6.30299761E-04
  1432.5000       6.29557521E-04
  1432.6000       6.28812365E-04
  1432.7000       6.28066042E-04
  1432.8000       6.27317098E-04
  1432.9000       6.26565746E-04
  1433.0000       6.25812623E-04
  1433.1000       6.25057305E-04
  1433.2000       6.24300202E-04
  1433.3000       6.23541327E-04
  1433.4000       6.22779730E-04
  1433.5000       6.22017038E-04
  1433.6000       6.21252378E-04
  1433.7000       6.20485505E-04
  1433.8000       6.19717357E-04
  1433.9000       6.18947119E-04
  1434.0000       6.18175182E-04
  1434.1000       6.17401988E-04
  1434.2000       6.16626397E-04
  1434.3000       6.15849730E-04
  1434.4000       6.15071023E-04
  1434.5000       6.14290936E-04
  1434.6000       6.13509319E-04
  1434.7000       6.12725892E-04
  1434.8000       6.11940307E-04
  1434.9000       6.11153748E-04
  1435.0000       6.10365651E-04
  1435.1000       6.09576160E-04
  1435.2000       6.08784488E-04
  1435.3000       6.07992188E-04
  1435.4000       6.07198062E-04
  1435.5000       6.06402362E-04
  1435.6000       6.05605326E-04
  1435.7000       6.04806993E-04
  1435.8000       6.04007655E-04
  1435.9000       6.03207752E-04
  1436.0000       6.02405710E-04
  1436.1000       6.01603446E-04
  1436.2000       6.00800464E-04
  1436.3000       5.99996811E-04
  1436.4000       5.99192084E-04
  1436.5000       5.98386398E-04
  1436.6000       5.97580317E-04
  1436.7000       5.96774694E-04
  1436.8000       5.95968823E-04
  1436.9000       5.95162178E-04
  1437.0000       5.94355962E-04
  1437.1000       5.93549846E-04
  1437.2000       5.92743871E-04
  1437.3000       5.91938707E-04
  1437.4000       5.91133791E-04
  1437.5000       5.90329642E-04
  1437.6000       5.89526165E-04
  1437.7000       5.88723477E-04
  1437.8000       5.87921695E-04
  1437.9000       5.87121418E-04
  1438.0000       5.86322654E-04
  1438.1000       5.85524864E-04
  1438.2000       5.84728310E-04
  1438.3000       5.83933010E-04
  1438.4000       5.83139778E-04
  1438.5000       5.82347721E-04
  1438.6000       5.81558105E-04
  1438.7000       5.80768860E-04
  1438.8000       5.79982396E-04
  1438.9000       5.79197473E-04
  1439.0000       5.78414353E-04
  1439.1000       5.77632595E-04
  1439.2000       5.76853619E-04
  1439.3000       5.76074321E-04
  1439.4000       5.75297723E-04
  1439.5000       5.74523179E-04
  1439.6000       5.73749594E-04
  1439.7000       5.72977522E-04
  1439.8000       5.72206900E-04
  1439.9000       5.71437397E-04
  1440.0000       5.70669824E-04
  1440.1000       5.69903215E-04
  1440.2000       5.69137236E-04
  1440.3000       5.68372269E-04
  1440.4000       5.67608804E-04
  1440.5000       5.66845872E-04
  1440.6000       5.66083239E-04
  1440.7000       5.65321388E-04
  1440.8000       5.64560703E-04
  1440.9000       5.63799365E-04
  1441.0000       5.63039504E-04
  1441.1000       5.62278680E-04
  1441.2000       5.61518656E-04
  1441.3000       5.60759255E-04
  1441.4000       5.59999481E-04
  1441.5000       5.59240038E-04
  1441.6000       5.58480409E-04
  1441.7000       5.57720909E-04
  1441.8000       5.56962180E-04
  1441.9000       5.56202022E-04
  1442.0000       5.55443295E-04
  1442.1000       5.54684456E-04
  1442.2000       5.53926280E-04
  1442.3000       5.53167809E-04
  1442.4000       5.52409603E-04
  1442.5000       5.51652273E-04
  1442.6000       5.50895191E-04
  1442.7000       5.50138531E-04
  1442.8000       5.49382922E-04
  1442.9000       5.48627228E-04
  1443.0000       5.47873368E-04
  1443.1000       5.47120170E-04
  1443.2000       5.46367598E-04
  1443.3000       5.45617063E-04
  1443.4000       5.44866972E-04
  1443.5000       5.44119492E-04
  1443.6000       5.43372186E-04
  1443.7000       5.42627933E-04
  1443.8000       5.41884994E-04
  1443.9000       5.41144171E-04
  1444.0000       5.40405927E-04
  1444.1000       5.39668610E-04
  1444.2000       5.38935397E-04
  1444.3000       5.38203266E-04
  1444.4000       5.37473357E-04
  1444.5000       5.36747145E-04
  1444.6000       5.36022149E-04
  1444.7000       5.35300740E-04
  1444.8000       5.34582172E-04
  1444.9000       5.33865895E-04
  1445.0000       5.33152829E-04
  1445.1000       5.32442705E-04
  1445.2000       5.31735174E-04
  1445.3000       5.31030804E-04
  1445.4000       5.30329766E-04
  1445.5000       5.29631226E-04
  1445.6000       5.28935075E-04
  1445.7000       5.28242882E-04
  1445.8000       5.27553472E-04
  1445.9000       5.26866514E-04
  1446.0000       5.26183958E-04
  1446.1000       5.25503223E-04
  1446.2000       5.24826249E-04
  1446.3000       5.24151983E-04
  1446.4000       5.23481835E-04
  1446.5000       5.22813132E-04
  1446.6000       5.22148552E-04
  1446.7000       5.21486839E-04
  1446.8000       5.20827740E-04
  1446.9000       5.20172349E-04
  1447.0000       5.19519953E-04
  1447.1000       5.18869777E-04
  1447.2000       5.18222699E-04
  1447.3000       5.17579388E-04
  1447.4000       5.16938469E-04
  1447.5000       5.16299601E-04
  1447.6000       5.15664417E-04
  1447.7000       5.15032341E-04
  1447.8000       5.14403564E-04
  1447.9000       5.13776555E-04
  1448.0000       5.13153582E-04
  1448.1000       5.12532866E-04
  1448.2000       5.11916178E-04
  1448.3000       5.11301974E-04
  1448.4000       5.10691229E-04
  1448.5000       5.10083254E-04
  1448.6000       5.09478776E-04
  1448.7000       5.08877960E-04
  1448.8000       5.08280919E-04
  1448.9000       5.07686878E-04
  1449.0000       5.07095749E-04
  1449.1000       5.06509344E-04
  1449.2000       5.05925303E-04
  1449.3000       5.05344461E-04
  1449.4000       5.04767310E-04
  1449.5000       5.04192676E-04
  1449.6000       5.03621371E-04
  1449.7000       5.03052896E-04
  1449.8000       5.02487614E-04
  1449.9000       5.01925298E-04
  1450.0000       5.01365367E-04
  1450.1000       5.00808279E-04
  1450.2000       5.00254541E-04
  1450.3000       4.99702046E-04
  1450.4000       4.99153501E-04
  1450.5000       4.98607924E-04
  1450.6000       4.98063307E-04
  1450.7000       4.97521974E-04
  1450.8000       4.96983372E-04
  1450.9000       4.96446752E-04
  1451.0000       4.95912478E-04
  1451.1000       4.95380435E-04
  1451.2000       4.94851231E-04
  1451.3000       4.94323347E-04
  1451.4000       4.93796797E-04
  1451.5000       4.93273668E-04
  1451.6000       4.92753075E-04
  1451.7000       4.92232693E-04
  1451.8000       4.91716029E-04
  1451.9000       4.91198448E-04
  1452.0000       4.90685078E-04
  1452.1000       4.90172557E-04
  1452.2000       4.89661823E-04
  1452.3000       4.89152484E-04
  1452.4000       4.88644544E-04
  1452.5000       4.88139391E-04
  1452.6000       4.87636198E-04
  1452.7000       4.87133211E-04
  1452.8000       4.86632775E-04
  1452.9000       4.86133262E-04
  1453.0000       4.85635831E-04
  1453.1000       4.85140515E-04
  1453.2000       4.84646892E-04
  1453.3000       4.84153879E-04
  1453.4000       4.83663860E-04
  1453.5000       4.83175091E-04
  1453.6000       4.82688524E-04
  1453.7000       4.82203026E-04
  1453.8000       4.81719758E-04
  1453.9000       4.81239147E-04
  1454.0000       4.80758630E-04
  1454.1000       4.80282091E-04
  1454.2000       4.79805541E-04
  1454.3000       4.79331922E-04
  1454.4000       4.78861084E-04
  1454.5000       4.78391134E-04
  1454.6000       4.77923476E-04
  1454.7000       4.77456961E-04
  1454.8000       4.76993161E-04
  1454.9000       4.76530855E-04
  1455.0000       4.76071693E-04
  1455.1000       4.75612990E-04
  1455.2000       4.75156917E-04
  1455.3000       4.74702958E-04
  1455.4000       4.74250004E-04
  1455.5000       4.73799970E-04
  1455.6000       4.73351568E-04
  1455.7000       4.72903788E-04
  1455.8000       4.72458566E-04
  1455.9000       4.72015575E-04
  1456.0000       4.71572781E-04
  1456.1000       4.71133846E-04
  1456.2000       4.70694963E-04
  1456.3000       4.70258237E-04
  1456.4000       4.69821481E-04
  1456.5000       4.69387949E-04
  1456.6000       4.68956159E-04
  1456.7000       4.68523304E-04
  1456.8000       4.68094246E-04
  1456.9000       4.67665322E-04
  1457.0000       4.67237963E-04
  1457.1000       4.66811975E-04
  1457.2000       4.66387342E-04
  1457.3000       4.65963132E-04
  1457.4000       4.65540435E-04
  1457.5000       4.65118475E-04
  1457.6000       4.64698494E-04
  1457.7000       4.64278528E-04
  1457.8000       4.63859793E-04
  1457.9000       4.63442818E-04
  1458.0000       4.63025727E-04
  1458.1000       4.62610077E-04
  1458.2000       4.62194817E-04
  1458.3000       4.61781039E-04
  1458.4000       4.61368127E-04
  1458.5000       4.60956396E-04
  1458.6000       4.60544295E-04
  1458.7000       4.60133157E-04
  1458.8000       4.59723431E-04
  1458.9000       4.59314191E-04
  1459.0000       4.58905240E-04
  1459.1000       4.58496661E-04
  1459.2000       4.58090202E-04
  1459.3000       4.57682516E-04
  1459.4000       4.57277453E-04
  1459.5000       4.56872719E-04
  1459.6000       4.56465790E-04
  1459.7000       4.56062449E-04
  1459.8000       4.55657344E-04
  1459.9000       4.55254683E-04
  1460.0000       4.54851408E-04
  1460.1000       4.54448135E-04
  1460.2000       4.54046267E-04
  1460.3000       4.53644831E-04
  1460.4000       4.53242407E-04
  1460.5000       4.52841707E-04
  1460.6000       4.52441009E-04
  1460.7000       4.52039982E-04
  1460.8000       4.51639539E-04
  1460.9000       4.51238699E-04
  1461.0000       4.50839049E-04
  1461.1000       4.50439815E-04
  1461.2000       4.50039841E-04
  1461.3000       4.49640890E-04
  1461.4000       4.49240975E-04
  1461.5000       4.48842676E-04
  1461.6000       4.48443194E-04
  1461.7000       4.48043982E-04
  1461.8000       4.47646198E-04
  1461.9000       4.47246766E-04
  1462.0000       4.46849518E-04
  1462.1000       4.46452144E-04
  1462.2000       4.46053991E-04
  1462.3000       4.45655835E-04
  1462.4000       4.45259112E-04
  1462.5000       4.44860971E-04
  1462.6000       4.44464210E-04
  1462.7000       4.44067012E-04
  1462.8000       4.43671087E-04
  1462.9000       4.43274243E-04
  1463.0000       4.42878783E-04
  1463.1000       4.42482663E-04
  1463.2000       4.42087349E-04
  1463.3000       4.41692028E-04
  1463.4000       4.41298820E-04
  1463.5000       4.40904033E-04
  1463.6000       4.40510656E-04
  1463.7000       4.40117626E-04
  1463.8000       4.39725770E-04
  1463.9000       4.39333620E-04
  1464.0000       4.38942778E-04
  1464.1000       4.38552431E-04
  1464.2000       4.38161594E-04
  1464.3000       4.37772466E-04
  1464.4000       4.37383923E-04
  1464.5000       4.36996368E-04
  1464.6000       4.36608999E-04
  1464.7000       4.36223119E-04
  1464.8000       4.35837643E-04
  1464.9000       4.35451825E-04
  1465.0000       4.35069258E-04
  1465.1000       4.34685670E-04
  1465.2000       4.34304795E-04
  1465.3000       4.33922947E-04
  1465.4000       4.33542614E-04
  1465.5000       4.33163457E-04
  1465.6000       4.32784716E-04
  1465.7000       4.32407899E-04
  1465.8000       4.32031942E-04
  1465.9000       4.31656751E-04
  1466.0000       4.31282601E-04
  1466.1000       4.30909763E-04
  1466.2000       4.30538827E-04
  1466.3000       4.30168055E-04
  1466.4000       4.29799062E-04
  1466.5000       4.29430724E-04
  1466.6000       4.29064177E-04
  1466.7000       4.28698927E-04
  1466.8000       4.28333880E-04
  1466.9000       4.27971308E-04
  1467.0000       4.27611215E-04
  1467.1000       4.27251448E-04
  1467.2000       4.26891108E-04
  1467.3000       4.26535227E-04
  1467.4000       4.26179070E-04
  1467.5000       4.25824631E-04
  1467.6000       4.25472758E-04
  1467.7000       4.25120062E-04
  1467.8000       4.24770536E-04
  1467.9000       4.24421162E-04
  1468.0000       4.24074360E-04
  1468.1000       4.23728116E-04
  1468.2000       4.23383092E-04
  1468.3000       4.23040129E-04
  1468.4000       4.22696520E-04
  1468.5000       4.22355765E-04
  1468.6000       4.22016058E-04
  1468.7000       4.21676640E-04
  1468.8000       4.21338210E-04
  1468.9000       4.21001675E-04
  1469.0000       4.20664914E-04
  1469.1000       4.20328543E-04
  1469.2000       4.19993668E-04
  1469.3000       4.19658386E-04
  1469.4000       4.19326291E-04
  1469.5000       4.18991005E-04
  1469.6000       4.18658280E-04
  1469.7000       4.18322559E-04
  1469.8000       4.17990576E-04
  1469.9000       4.17657091E-04
  1470.0000       4.17322731E-04
  1470.1000       4.16990133E-04
  1470.2000       4.16655682E-04
  1470.3000       4.16321049E-04
  1470.4000       4.15986557E-04
  1470.5000       4.15651077E-04
  1470.6000       4.15315825E-04
  1470.7000       4.14979061E-04
  1470.8000       4.14642923E-04
  1470.9000       4.14305820E-04
  1471.0000       4.13968321E-04
  1471.1000       4.13629506E-04
  1471.2000       4.13291047E-04
  1471.3000       4.12951659E-04
  1471.4000       4.12610315E-04
  1471.5000       4.12269911E-04
  1471.6000       4.11928812E-04
  1471.7000       4.11587558E-04
  1471.8000       4.11245769E-04
  1471.9000       4.10903841E-04
  1472.0000       4.10561821E-04
  1472.1000       4.10218371E-04
  1472.2000       4.09876316E-04
  1472.3000       4.09532411E-04
  1472.4000       4.09190248E-04
  1472.5000       4.08847266E-04
  1472.6000       4.08505514E-04
  1472.7000       4.08163829E-04
  1472.8000       4.07822045E-04
  1472.9000       4.07482084E-04
  1473.0000       4.07140574E-04
  1473.1000       4.06800852E-04
  1473.2000       4.06461298E-04
  1473.3000       4.06122697E-04
  1473.4000       4.05787546E-04
  1473.5000       4.05449737E-04
  1473.6000       4.05113768E-04
  1473.7000       4.04779506E-04
  1473.8000       4.04445888E-04
  1473.9000       4.04114100E-04
  1474.0000       4.03782480E-04
  1474.1000       4.03454070E-04
  1474.2000       4.03125369E-04
  1474.3000       4.02798714E-04
  1474.4000       4.02472441E-04
  1474.5000       4.02146796E-04
  1474.6000       4.01823545E-04
  1474.7000       4.01501119E-04
  1474.8000       4.01179482E-04
  1474.9000       4.00859543E-04
  1475.0000       4.00541220E-04
  1475.1000       4.00222290E-04
  1475.2000       3.99905484E-04
  1475.3000       3.99589569E-04
  1475.4000       3.99275694E-04
  1475.5000       3.98962134E-04
  1475.6000       3.98648657E-04
  1475.7000       3.98336967E-04
  1475.8000       3.98025843E-04
  1475.9000       3.97715202E-04
  1476.0000       3.97404813E-04
  1476.1000       3.97095875E-04
  1476.2000       3.96788583E-04
  1476.3000       3.96481669E-04
  1476.4000       3.96175430E-04
  1476.5000       3.95868283E-04
  1476.6000       3.95563593E-04
  1476.7000       3.95258524E-04
  1476.8000       3.94954712E-04
  1476.9000       3.94650498E-04
  1477.0000       3.94347777E-04
  1477.1000       3.94045367E-04
  1477.2000       3.93744915E-04
  1477.3000       3.93441877E-04
  1477.4000       3.93141689E-04
  1477.5000       3.92842964E-04
  1477.6000       3.92543422E-04
  1477.7000       3.92244824E-04
  1477.8000       3.91948160E-04
  1477.9000       3.91649933E-04
  1478.0000       3.91355735E-04
  1478.1000       3.91060686E-04
  1478.2000       3.90764752E-04
  1478.3000       3.90472753E-04
  1478.4000       3.90179712E-04
  1478.5000       3.89889265E-04
  1478.6000       3.89598876E-04
  1478.7000       3.89307931E-04
  1478.8000       3.89018414E-04
  1478.9000       3.88731162E-04
  1479.0000       3.88444854E-04
  1479.1000       3.88158463E-04
  1479.2000       3.87874330E-04
  1479.3000       3.87591190E-04
  1479.4000       3.87308065E-04
  1479.5000       3.87028000E-04
  1479.6000       3.86746602E-04
  1479.7000       3.86468337E-04
  1479.8000       3.86188061E-04
  1479.9000       3.85911825E-04
  1480.0000       3.85636548E-04
  1480.1000       3.85360219E-04
  1480.2000       3.85087223E-04
  1480.3000       3.84813336E-04
  1480.4000       3.84540747E-04
  1480.5000       3.84270669E-04
  1480.6000       3.83998989E-04
  1480.7000       3.83730253E-04
  1480.8000       3.83460125E-04
  1480.9000       3.83193245E-04
  1481.0000       3.82925943E-04
  1481.1000       3.82658754E-04
  1481.2000       3.82394625E-04
  1481.3000       3.82129374E-04
  1481.4000       3.81864968E-04
  1481.5000       3.81602933E-04
  1481.6000       3.81339714E-04
  1481.7000       3.81078081E-04
  1481.8000       3.80816470E-04
  1481.9000       3.80557065E-04
  1482.0000       3.80297619E-04
  1482.1000       3.80038957E-04
  1482.2000       3.79780670E-04
  1482.3000       3.79523658E-04
  1482.4000       3.79266182E-04
  1482.5000       3.79009960E-04
  1482.6000       3.78755912E-04
  1482.7000       3.78501234E-04
  1482.8000       3.78249098E-04
  1482.9000       3.77996234E-04
  1483.0000       3.77744920E-04
  1483.1000       3.77495700E-04
  1483.2000       3.77245800E-04
  1483.3000       3.76999345E-04
  1483.4000       3.76752228E-04
  1483.5000       3.76507208E-04
  1483.6000       3.76263374E-04
  1483.7000       3.76020916E-04
  1483.8000       3.75779737E-04
  1483.9000       3.75539783E-04
  1484.0000       3.75302397E-04
  1484.1000       3.75065117E-04
  1484.2000       3.74831483E-04
  1484.3000       3.74598899E-04
  1484.4000       3.74367800E-04
  1484.5000       3.74140476E-04
  1484.6000       3.73912085E-04
  1484.7000       3.73687075E-04
  1484.8000       3.73463650E-04
  1484.9000       3.73243421E-04
  1485.0000       3.73025566E-04
  1485.1000       3.72809313E-04
  1485.2000       3.72595578E-04
  1485.3000       3.72384910E-04
  1485.4000       3.72173973E-04
  1485.5000       3.71969691E-04
  1485.6000       3.71765084E-04
  1485.7000       3.71563140E-04
  1485.8000       3.71364707E-04
  1485.9000       3.71168439E-04
  1486.0000       3.70974506E-04
  1486.1000       3.70784002E-04
  1486.2000       3.70596152E-04
  1486.3000       3.70410475E-04
  1486.4000       3.70226671E-04
  1486.5000       3.70047559E-04
  1486.6000       3.69870155E-04
  1486.7000       3.69693545E-04
  1486.8000       3.69523494E-04
  1486.9000       3.69352992E-04
  1487.0000       3.69187600E-04
  1487.1000       3.69022657E-04
  1487.2000       3.68860374E-04
  1487.3000       3.68703780E-04
  1487.4000       3.68546834E-04
  1487.5000       3.68394422E-04
  1487.6000       3.68243198E-04
  1487.7000       3.68095019E-04
  1487.8000       3.67949484E-04
  1487.9000       3.67807407E-04
  1488.0000       3.67667694E-04
  1488.1000       3.67530465E-04
  1488.2000       3.67394720E-04
  1488.3000       3.67262997E-04
  1488.4000       3.67133610E-04
  1488.5000       3.67005339E-04
  1488.6000       3.66881286E-04
  1488.7000       3.66760589E-04
  1488.8000       3.66640219E-04
  1488.9000       3.66525896E-04
  1489.0000       3.66410173E-04
  1489.1000       3.66299328E-04
  1489.2000       3.66192032E-04
  1489.3000       3.66085015E-04
  1489.4000       3.65983634E-04
  1489.5000       3.65884675E-04
  1489.6000       3.65787187E-04
  1489.7000       3.65692540E-04
  1489.8000       3.65602883E-04
  1489.9000       3.65514422E-04
  1490.0000       3.65431958E-04
  1490.1000       3.65351239E-04
  1490.2000       3.65271790E-04
  1490.3000       3.65200015E-04
  1490.4000       3.65129453E-04
  1490.5000       3.65064557E-04
  1490.6000       3.65001525E-04
  1490.7000       3.64941640E-04
  1490.8000       3.64887999E-04
  1490.9000       3.64836399E-04
  1491.0000       3.64790693E-04
  1491.1000       3.64747068E-04
  1491.2000       3.64710059E-04
  1491.3000       3.64675854E-04
  1491.4000       3.64649081E-04
  1491.5000       3.64623823E-04
  1491.6000       3.64604030E-04
  1491.7000       3.64591468E-04
  1491.8000       3.64580867E-04
  1491.9000       3.64576631E-04
  1492.0000       3.64576554E-04
  1492.1000       3.64583994E-04
  1492.2000       3.64594405E-04
  1492.3000       3.64610709E-04
  1492.4000       3.64633267E-04
  1492.5000       3.64660233E-04
  1492.6000       3.64695270E-04
  1492.7000       3.64733005E-04
  1492.8000       3.64778930E-04
  1492.9000       3.64829200E-04
  1493.0000       3.64885931E-04
  1493.1000       3.64949801E-04
  1493.2000       3.65017188E-04
  1493.3000       3.65092750E-04
  1493.4000       3.65174311E-04
  1493.5000       3.65260454E-04
  1493.6000       3.65354501E-04
  1493.7000       3.65455677E-04
  1493.8000       3.65561831E-04
  1493.9000       3.65674443E-04
  1494.0000       3.65793538E-04
  1494.1000       3.65920385E-04
  1494.2000       3.66053299E-04
  1494.3000       3.66192132E-04
  1494.4000       3.66339554E-04
  1494.5000       3.66493793E-04
  1494.6000       3.66654199E-04
  1494.7000       3.66823539E-04
  1494.8000       3.66998632E-04
  1494.9000       3.67179203E-04
  1495.0000       3.67369080E-04
  1495.1000       3.67566597E-04
  1495.2000       3.67772116E-04
  1495.3000       3.67984096E-04
  1495.4000       3.68205284E-04
  1495.5000       3.68433512E-04
  1495.6000       3.68671046E-04
  1495.7000       3.68915588E-04
  1495.8000       3.69170107E-04
  1495.9000       3.69432002E-04
  1496.0000       3.69700597E-04
  1496.1000       3.69981297E-04
  1496.2000       3.70270941E-04
  1496.3000       3.70569575E-04
  1496.4000       3.70875129E-04
  1496.5000       3.71191488E-04
  1496.6000       3.71517049E-04
  1496.7000       3.71852608E-04
  1496.8000       3.72197014E-04
  1496.9000       3.72551242E-04
  1497.0000       3.72917132E-04
  1497.1000       3.73292203E-04
  1497.2000       3.73677864E-04
  1497.3000       3.74075332E-04
  1497.4000       3.74482602E-04
  1497.5000       3.74898942E-04
  1497.6000       3.75329289E-04
  1497.7000       3.75768577E-04
  1497.8000       3.76220826E-04
  1497.9000       3.76683426E-04
  1498.0000       3.77156027E-04
  1498.1000       3.77643476E-04
  1498.2000       3.78141781E-04
  1498.3000       3.78651969E-04
  1498.4000       3.79172552E-04
  1498.5000       3.79707821E-04
  1498.6000       3.80254826E-04
  1498.7000       3.80813528E-04
  1498.8000       3.81387793E-04
  1498.9000       3.81970592E-04
  1499.0000       3.82569173E-04
  1499.1000       3.83180329E-04
  1499.2000       3.83802292E-04
  1499.3000       3.84440789E-04
  1499.4000       3.85089576E-04
  1499.5000       3.85755244E-04
  1499.6000       3.86433056E-04
  1499.7000       3.87125326E-04
  1499.8000       3.87831412E-04
  1499.9000       3.88551492E-04
  1500.0000       3.89283692E-04
  1500.1000       3.90032180E-04
  1500.2000       3.90798438E-04
  1500.3000       3.91575012E-04
  1500.4000       3.92367890E-04
  1500.5000       3.93175915E-04
  1500.6000       3.93997994E-04
  1500.7000       3.94837613E-04
  1500.8000       3.95691177E-04
  1500.9000       3.96560281E-04
  1501.0000       3.97445906E-04
  1501.1000       3.98349340E-04
  1501.2000       3.99263558E-04
  1501.3000       4.00198572E-04
  1501.4000       4.01147369E-04
  1501.5000       4.02117761E-04
  1501.6000       4.03099135E-04
  1501.7000       4.04100793E-04
  1501.8000       4.05119357E-04
  1501.9000       4.06153187E-04
  1502.0000       4.07207230E-04
  1502.1000       4.08277265E-04
  1502.2000       4.09370479E-04
  1502.3000       4.10475246E-04
  1502.4000       4.11602384E-04
  1502.5000       4.12745836E-04
  1502.6000       4.13907997E-04
  1502.7000       4.15086724E-04
  1502.8000       4.16288788E-04
  1502.9000       4.17510279E-04
  1503.0000       4.18750339E-04
  1503.1000       4.20010922E-04
  1503.2000       4.21288859E-04
  1503.3000       4.22589486E-04
  1503.4000       4.23909119E-04
  1503.5000       4.25250977E-04
  1503.6000       4.26611041E-04
  1503.7000       4.27994819E-04
  1503.8000       4.29397905E-04
  1503.9000       4.30822152E-04
  1504.0000       4.32270175E-04
  1504.1000       4.33740412E-04
  1504.2000       4.35228766E-04
  1504.3000       4.36740998E-04
  1504.4000       4.38274944E-04
  1504.5000       4.39834643E-04
  1504.6000       4.41411027E-04
  1504.7000       4.43016441E-04
  1504.8000       4.44640892E-04
  1504.9000       4.46290523E-04
  1505.0000       4.47961511E-04
  1505.1000       4.49659129E-04
  1505.2000       4.51377937E-04
  1505.3000       4.53122853E-04
  1505.4000       4.54890459E-04
  1505.5000       4.56685109E-04
  1505.6000       4.58495911E-04
  1505.7000       4.60340842E-04
  1505.8000       4.62210184E-04
  1505.9000       4.64099479E-04
  1506.0000       4.66017199E-04
  1506.1000       4.67959674E-04
  1506.2000       4.69928238E-04
  1506.3000       4.71926225E-04
  1506.4000       4.73942228E-04
  1506.5000       4.75983684E-04
  1506.6000       4.78061481E-04
  1506.7000       4.80158928E-04
  1506.8000       4.82283916E-04
  1506.9000       4.84437245E-04
  1507.0000       4.86614928E-04
  1507.1000       4.88825516E-04
  1507.2000       4.91056862E-04
  1507.3000       4.93317890E-04
  1507.4000       4.95612145E-04
  1507.5000       4.97926967E-04
  1507.6000       5.00277373E-04
  1507.7000       5.02650508E-04
  1507.8000       5.05056761E-04
  1507.9000       5.07484487E-04
  1508.0000       5.09941508E-04
  1508.1000       5.12439280E-04
  1508.2000       5.14959865E-04
  1508.3000       5.17510782E-04
  1508.4000       5.20095090E-04
  1508.5000       5.22708872E-04
  1508.6000       5.25348253E-04
  1508.7000       5.28026249E-04
  1508.8000       5.30733120E-04
  1508.9000       5.33466464E-04
  1509.0000       5.36230675E-04
  1509.1000       5.39040771E-04
  1509.2000       5.41868251E-04
  1509.3000       5.44739286E-04
  1509.4000       5.47635565E-04
  1509.5000       5.50570129E-04
  1509.6000       5.53540936E-04
  1509.7000       5.56543903E-04
  1509.8000       5.59579781E-04
  1509.9000       5.62654209E-04
  1510.0000       5.65756200E-04
  1510.1000       5.68895614E-04
  1510.2000       5.72080634E-04
  1510.3000       5.75289771E-04
  1510.4000       5.78534791E-04
  1510.5000       5.81828600E-04
  1510.6000       5.85148019E-04
  1510.7000       5.88507777E-04
  1510.8000       5.91917377E-04
  1510.9000       5.95350661E-04
  1511.0000       5.98834685E-04
  1511.1000       6.02345147E-04
  1511.2000       6.05904956E-04
  1511.3000       6.09504433E-04
  1511.4000       6.13142158E-04
  1511.5000       6.16819228E-04
  1511.6000       6.20535700E-04
  1511.7000       6.24300433E-04
  1511.8000       6.28101434E-04
  1511.9000       6.31955618E-04
  1512.0000       6.35844576E-04
  1512.1000       6.39770225E-04
  1512.2000       6.43749393E-04
  1512.3000       6.47779547E-04
  1512.4000       6.51843240E-04
  1512.5000       6.55960917E-04
  1512.6000       6.60113518E-04
  1512.7000       6.64331702E-04
  1512.8000       6.68575054E-04
  1512.9000       6.72890870E-04
  1513.0000       6.77236060E-04
  1513.1000       6.81643797E-04
  1513.2000       6.86086367E-04
  1513.3000       6.90597225E-04
  1513.4000       6.95144193E-04
  1513.5000       6.99755520E-04
  1513.6000       7.04409318E-04
  1513.7000       7.09124121E-04
  1513.8000       7.13884956E-04
  1513.9000       7.18708769E-04
  1514.0000       7.23571036E-04
  1514.1000       7.28505553E-04
  1514.2000       7.33490598E-04
  1514.3000       7.38546843E-04
  1514.4000       7.43651342E-04
  1514.5000       7.48819856E-04
  1514.6000       7.54046318E-04
  1514.7000       7.59327194E-04
  1514.8000       7.64673807E-04
  1514.9000       7.70094798E-04
  1515.0000       7.75570962E-04
  1515.1000       7.81108069E-04
  1515.2000       7.86718887E-04
  1515.3000       7.92387894E-04
  1515.4000       7.98136437E-04
  1515.5000       8.03946171E-04
  1515.6000       8.09844228E-04
  1515.7000       8.15779948E-04
  1515.8000       8.21811466E-04
  1515.9000       8.27913188E-04
  1516.0000       8.34080782E-04
  1516.1000       8.40343933E-04
  1516.2000       8.46669964E-04
  1516.3000       8.53078512E-04
  1516.4000       8.59565258E-04
  1516.5000       8.66124267E-04
  1516.6000       8.72789799E-04
  1516.7000       8.79517759E-04
  1516.8000       8.86338769E-04
  1516.9000       8.93239876E-04
  1517.0000       9.00260445E-04
  1517.1000       9.07311328E-04
  1517.2000       9.14479631E-04
  1517.3000       9.21747895E-04
  1517.4000       9.29107418E-04
  1517.5000       9.36572769E-04
  1517.6000       9.44102194E-04
  1517.7000       9.51773447E-04
  1517.8000       9.59520494E-04
  1517.9000       9.67380671E-04
  1518.0000       9.75330065E-04
  1518.1000       9.83390888E-04
  1518.2000       9.91552604E-04
  1518.3000       9.99858797E-04
  1518.4000       1.00822490E-03
  1518.5000       1.01673261E-03
  1518.6000       1.02534632E-03
  1518.7000       1.03409737E-03
  1518.8000       1.04295322E-03
  1518.9000       1.05191932E-03
  1519.0000       1.06102212E-03
  1519.1000       1.07022688E-03
  1519.2000       1.07958950E-03
  1519.3000       1.08906304E-03
  1519.4000       1.09867629E-03
  1519.5000       1.10842578E-03
  1519.6000       1.11831520E-03
  1519.7000       1.12833537E-03
  1519.8000       1.13851756E-03
  1519.9000       1.14880806E-03
  1520.0000       1.15926588E-03
  1520.1000       1.16987717E-03
  1520.2000       1.18060652E-03
  1520.3000       1.19151503E-03
  1520.4000       1.20258618E-03
  1520.5000       1.21382825E-03
  1520.6000       1.22518749E-03
  1520.7000       1.23673051E-03
  1520.8000       1.24845181E-03
  1520.9000       1.26032785E-03
  1521.0000       1.27240532E-03
  1521.1000       1.28460042E-03
  1521.2000       1.29704460E-03
  1521.3000       1.30960041E-03
  1521.4000       1.32236704E-03
  1521.5000       1.33532446E-03
  1521.6000       1.34848046E-03
  1521.7000       1.36179759E-03
  1521.8000       1.37534412E-03
  1521.9000       1.38906253E-03
  1522.0000       1.40297689E-03
  1522.1000       1.41712736E-03
  1522.2000       1.43143993E-03
  1522.3000       1.44598395E-03
  1522.4000       1.46075357E-03
  1522.5000       1.47571876E-03
  1522.6000       1.49089728E-03
  1522.7000       1.50630311E-03
  1522.8000       1.52193705E-03
  1522.9000       1.53774753E-03
  1523.0000       1.55383945E-03
  1523.1000       1.57011397E-03
  1523.2000       1.58668623E-03
  1523.3000       1.60339728E-03
  1523.4000       1.62038446E-03
  1523.5000       1.63762087E-03
  1523.6000       1.65511758E-03
  1523.7000       1.67278726E-03
  1523.8000       1.69072394E-03
  1523.9000       1.70895096E-03
  1524.0000       1.72735314E-03
  1524.1000       1.74605511E-03
  1524.2000       1.76497203E-03
  1524.3000       1.78408475E-03
  1524.4000       1.80349205E-03
  1524.5000       1.82317315E-03
  1524.6000       1.84305103E-03
  1524.7000       1.86315878E-03
  1524.8000       1.88357624E-03
  1524.9000       1.90421071E-03
  1525.0000       1.92503508E-03
  1525.1000       1.94609653E-03
  1525.2000       1.96744341E-03
  1525.3000       1.98902202E-03
  1525.4000       2.01088748E-03
  1525.5000       2.03289240E-03
  1525.6000       2.05510528E-03
  1525.7000       2.07758395E-03
  1525.8000       2.10031581E-03
  1525.9000       2.12327367E-03
  1526.0000       2.14637916E-03
  1526.1000       2.16973465E-03
  1526.2000       2.19328041E-03
  1526.3000       2.21701102E-03
  1526.4000       2.24099516E-03
  1526.5000       2.26513403E-03
  1526.6000       2.28957906E-03
  1526.7000       2.31413616E-03
  1526.8000       2.33886970E-03
  1526.9000       2.36374317E-03
  1527.0000       2.38896393E-03
  1527.1000       2.41423151E-03
  1527.2000       2.43979861E-03
  1527.3000       2.46549005E-03
  1527.4000       2.49141297E-03
  1527.5000       2.51743115E-03
  1527.6000       2.54370158E-03
  1527.7000       2.57016849E-03
  1527.8000       2.59687033E-03
  1527.9000       2.62361544E-03
  1528.0000       2.65069034E-03
  1528.1000       2.67783780E-03
  1528.2000       2.70517886E-03
  1528.3000       2.73274362E-03
  1528.4000       2.76040855E-03
  1528.5000       2.78830652E-03
  1528.6000       2.81626694E-03
  1528.7000       2.84448223E-03
  1528.8000       2.87282299E-03
  1528.9000       2.90139372E-03
  1529.0000       2.93003655E-03
  1529.1000       2.95888097E-03
  1529.2000       2.98770520E-03
  1529.3000       3.01688052E-03
  1529.4000       3.04608160E-03
  1529.5000       3.07550904E-03
  1529.6000       3.10512469E-03
  1529.7000       3.13464775E-03
  1529.8000       3.16448079E-03
  1529.9000       3.19451269E-03
  1530.0000       3.22440247E-03
  1530.1000       3.25469595E-03
  1530.2000       3.28489227E-03
  1530.3000       3.31537587E-03
  1530.4000       3.34591677E-03
  1530.5000       3.37656603E-03
  1530.6000       3.40735484E-03
  1530.7000       3.43835231E-03
  1530.8000       3.46928802E-03
  1530.9000       3.50047639E-03
  1531.0000       3.53157408E-03
  1531.1000       3.56296042E-03
  1531.2000       3.59442746E-03
  1531.3000       3.62591503E-03
  1531.4000       3.65760232E-03
  1531.5000       3.68923248E-03
  1531.6000       3.72120711E-03
  1531.7000       3.75321923E-03
  1531.8000       3.78525928E-03
  1531.9000       3.81735236E-03
  1532.0000       3.84972068E-03
  1532.1000       3.88198790E-03
  1532.2000       3.91446777E-03
  1532.3000       3.94704242E-03
  1532.4000       3.97958567E-03
  1532.5000       4.01244938E-03
  1532.6000       4.04519532E-03
  1532.7000       4.07820054E-03
  1532.8000       4.11106057E-03
  1532.9000       4.14419191E-03
  1533.0000       4.17745467E-03
  1533.1000       4.21078049E-03
  1533.2000       4.24407399E-03
  1533.3000       4.27751808E-03
  1533.4000       4.31105895E-03
  1533.5000       4.34470624E-03
  1533.6000       4.37844618E-03
  1533.7000       4.41212774E-03
  1533.8000       4.44612458E-03
  1533.9000       4.48013341E-03
  1534.0000       4.51413800E-03
  1534.1000       4.54825568E-03
  1534.2000       4.58240188E-03
  1534.3000       4.61673909E-03
  1534.4000       4.65122048E-03
  1534.5000       4.68554966E-03
  1534.6000       4.72014247E-03
  1534.7000       4.75483721E-03
  1534.8000       4.78956639E-03
  1534.9000       4.82429566E-03
  1535.0000       4.85916943E-03
  1535.1000       4.89429279E-03
  1535.2000       4.92911380E-03
  1535.3000       4.96424704E-03
  1535.4000       4.99957807E-03
  1535.5000       5.03482246E-03
  1535.6000       5.07025122E-03
  1535.7000       5.10563183E-03
  1535.8000       5.14124684E-03
  1535.9000       5.17682144E-03
  1536.0000       5.21250010E-03
  1536.1000       5.24820310E-03
  1536.2000       5.28423089E-03
  1536.3000       5.32006201E-03
  1536.4000       5.35611399E-03
  1536.5000       5.39228337E-03
  1536.6000       5.42838559E-03
  1536.7000       5.46464737E-03
  1536.8000       5.50102508E-03
  1536.9000       5.53734678E-03
  1537.0000       5.57400204E-03
  1537.1000       5.61049767E-03
  1537.2000       5.64705816E-03
  1537.3000       5.68385719E-03
  1537.4000       5.72067320E-03
  1537.5000       5.75747469E-03
  1537.6000       5.79456088E-03
  1537.7000       5.83161084E-03
  1537.8000       5.86871336E-03
  1537.9000       5.90594594E-03
  1538.0000       5.94339540E-03
  1538.1000       5.98069103E-03
  1538.2000       6.01831023E-03
  1538.3000       6.05591941E-03
  1538.4000       6.09347868E-03
  1538.5000       6.13127882E-03
  1538.6000       6.16922487E-03
  1538.7000       6.20722282E-03
  1538.8000       6.24535337E-03
  1538.9000       6.28350404E-03
  1539.0000       6.32189580E-03
  1539.1000       6.36021031E-03
  1539.2000       6.39875235E-03
  1539.3000       6.43740317E-03
  1539.4000       6.47607513E-03
  1539.5000       6.51502235E-03
  1539.6000       6.55396834E-03
  1539.7000       6.59307760E-03
  1539.8000       6.63225158E-03
  1539.9000       6.67168362E-03
  1540.0000       6.71110165E-03
  1540.1000       6.75076321E-03
  1540.2000       6.79048978E-03
  1540.3000       6.83037553E-03
  1540.4000       6.87038726E-03
  1540.5000       6.91054566E-03
  1540.6000       6.95086563E-03
  1540.7000       6.99131589E-03
  1540.8000       7.03192488E-03
  1540.9000       7.07262288E-03
  1541.0000       7.11349911E-03
  1541.1000       7.15466961E-03
  1541.2000       7.19589970E-03
  1541.3000       7.23731622E-03
  1541.4000       7.27891583E-03
  1541.5000       7.32055539E-03
  1541.6000       7.36250698E-03
  1541.7000       7.40474010E-03
  1541.8000       7.44697638E-03
  1541.9000       7.48945862E-03
  1542.0000       7.53220421E-03
  1542.1000       7.57510322E-03
  1542.2000       7.61817858E-03
  1542.3000       7.66146873E-03
  1542.4000       7.70496829E-03
  1542.5000       7.74881930E-03
  1542.6000       7.79275610E-03
  1542.7000       7.83696447E-03
  1542.8000       7.88134370E-03
  1542.9000       7.92601556E-03
  1543.0000       7.97094310E-03
  1543.1000       8.01619247E-03
  1543.2000       8.06149871E-03
  1543.3000       8.10719940E-03
  1543.4000       8.15314877E-03
  1543.5000       8.19928083E-03
  1543.6000       8.24581420E-03
  1543.7000       8.29269409E-03
  1543.8000       8.33954906E-03
  1543.9000       8.38701174E-03
  1544.0000       8.43460292E-03
  1544.1000       8.48256706E-03
  1544.2000       8.53076892E-03
  1544.3000       8.57937844E-03
  1544.4000       8.62818467E-03
  1544.5000       8.67730054E-03
  1544.6000       8.72683087E-03
  1544.7000       8.77654703E-03
  1544.8000       8.82668578E-03
  1544.9000       8.87709040E-03
  1545.0000       8.92788743E-03
  1545.1000       8.97893318E-03
  1545.2000       9.03026561E-03
  1545.3000       9.08201650E-03
  1545.4000       9.13401858E-03
  1545.5000       9.18644621E-03
  1545.6000       9.23923378E-03
  1545.7000       9.29222990E-03
  1545.8000       9.34555930E-03
  1545.9000       9.39927284E-03
  1546.0000       9.45340013E-03
  1546.1000       9.50789048E-03
  1546.2000       9.56250466E-03
  1546.3000       9.61766667E-03
  1546.4000       9.67307036E-03
  1546.5000       9.72886845E-03
  1546.6000       9.78497814E-03
  1546.7000       9.84148812E-03
  1546.8000       9.89826446E-03
  1546.9000       9.95541188E-03
  1547.0000       1.00130225E-02
  1547.1000       1.00709165E-02
  1547.2000       1.01291422E-02
  1547.3000       1.01877563E-02
  1547.4000       1.02467824E-02
  1547.5000       1.03060354E-02
  1547.6000       1.03657834E-02
  1547.7000       1.04258633E-02
  1547.8000       1.04862630E-02
  1547.9000       1.05469949E-02
  1548.0000       1.06082109E-02
  1548.1000       1.06697136E-02
  1548.2000       1.07316908E-02
  1548.3000       1.07939369E-02
  1548.4000       1.08565749E-02
  1548.5000       1.09195080E-02
  1548.6000       1.09829373E-02
  1548.7000       1.10465700E-02
  1548.8000       1.11108040E-02
  1548.9000       1.11751283E-02
  1549.0000       1.12399666E-02
  1549.1000       1.13050556E-02
  1549.2000       1.13707792E-02
  1549.3000       1.14366743E-02
  1549.4000       1.15028780E-02
  1549.5000       1.15695789E-02
  1549.6000       1.16364693E-02
  1549.7000       1.17039016E-02
  1549.8000       1.17715494E-02
  1549.9000       1.18396289E-02
  1550.0000       1.19080199E-02
  1550.1000       1.19768098E-02
  1550.2000       1.20459927E-02
  1550.3000       1.21153573E-02
  1550.4000       1.21851459E-02
  1550.5000       1.22553218E-02
  1550.6000       1.23257886E-02
  1550.7000       1.23967298E-02
  1550.8000       1.24679049E-02
  1550.9000       1.25393329E-02
  1551.0000       1.26112162E-02
  1551.1000       1.26834151E-02
  1551.2000       1.27558910E-02
  1551.3000       1.28286861E-02
  1551.4000       1.29018455E-02
  1551.5000       1.29752894E-02
  1551.6000       1.30491971E-02
  1551.7000       1.31231083E-02
  1551.8000       1.31974933E-02
  1551.9000       1.32722234E-02
  1552.0000       1.33472038E-02
  1552.1000       1.34224144E-02
  1552.2000       1.34980131E-02
  1552.3000       1.35737158E-02
  1552.4000       1.36498508E-02
  1552.5000       1.37261484E-02
  1552.6000       1.38028443E-02
  1552.7000       1.38795983E-02
  1552.8000       1.39567197E-02
  1552.9000       1.40339993E-02
  1553.0000       1.41116091E-02
  1553.1000       1.41893548E-02
  1553.2000       1.42672684E-02
  1553.3000       1.43454411E-02
  1553.4000       1.44238445E-02
  1553.5000       1.45023163E-02
  1553.6000       1.45810993E-02
  1553.7000       1.46599257E-02
  1553.8000       1.47389550E-02
  1553.9000       1.48181234E-02
  1554.0000       1.48974160E-02
  1554.1000       1.49768972E-02
  1554.2000       1.50565123E-02
  1554.3000       1.51362823E-02
  1554.4000       1.52159485E-02
  1554.5000       1.52958575E-02
  1554.6000       1.53758665E-02
  1554.7000       1.54558121E-02
  1554.8000       1.55359659E-02
  1554.9000       1.56160861E-02
  1555.0000       1.56962921E-02
  1555.1000       1.57765231E-02
  1555.2000       1.58567048E-02
  1555.3000       1.59370777E-02
  1555.4000       1.60173525E-02
  1555.5000       1.60976499E-02
  1555.6000       1.61779210E-02
  1555.7000       1.62581779E-02
  1555.8000       1.63384447E-02
  1555.9000       1.64186147E-02
  1556.0000       1.64987508E-02
  1556.1000       1.65788628E-02
  1556.2000       1.66589675E-02
  1556.3000       1.67389318E-02
  1556.4000       1.68188711E-02
  1556.5000       1.68986783E-02
  1556.6000       1.69784323E-02
  1556.7000       1.70580609E-02
  1556.8000       1.71375800E-02
  1556.9000       1.72170231E-02
  1557.0000       1.72963759E-02
  1557.1000       1.73755609E-02
  1557.2000       1.74545131E-02
  1557.3000       1.75334314E-02
  1557.4000       1.76122241E-02
  1557.5000       1.76907874E-02
  1557.6000       1.77691773E-02
  1557.7000       1.78475303E-02
  1557.8000       1.79256115E-02
  1557.9000       1.80035535E-02
  1558.0000       1.80812179E-02
  1558.1000       1.81588085E-02
  1558.2000       1.82361296E-02
  1558.3000       1.83132545E-02
  1558.4000       1.83901544E-02
  1558.5000       1.84667936E-02
  1558.6000       1.85433626E-02
  1558.7000       1.86195667E-02
  1558.8000       1.86955472E-02
  1558.9000       1.87712309E-02
  1559.0000       1.88467574E-02
  1559.1000       1.89219703E-02
  1559.2000       1.89968472E-02
  1559.3000       1.90714111E-02
  1559.4000       1.91457811E-02
  1559.5000       1.92197958E-02
  1559.6000       1.92934742E-02
  1559.7000       1.93669428E-02
  1559.8000       1.94399893E-02
  1559.9000       1.95127258E-02
  1560.0000       1.95851524E-02
  1560.1000       1.96571359E-02
  1560.2000       1.97288399E-02
  1560.3000       1.98001345E-02
  1560.4000       1.98710815E-02
  1560.5000       1.99415434E-02
  1560.6000       2.00117360E-02
  1560.7000       2.00815090E-02
  1560.8000       2.01508653E-02
  1560.9000       2.02198309E-02
  1561.0000       2.02883005E-02
  1561.1000       2.03564485E-02
  1561.2000       2.04241101E-02
  1561.3000       2.04913724E-02
  1561.4000       2.05581299E-02
  1561.5000       2.06244567E-02
  1561.6000       2.06903827E-02
  1561.7000       2.07557615E-02
  1561.8000       2.08207028E-02
  1561.9000       2.08851780E-02
  1562.0000       2.09491972E-02
  1562.1000       2.10127372E-02
  1562.2000       2.10757383E-02
  1562.3000       2.11382836E-02
  1562.4000       2.12003286E-02
  1562.5000       2.12619279E-02
  1562.6000       2.13228881E-02
  1562.7000       2.13835084E-02
  1562.8000       2.14436262E-02
  1562.9000       2.15030839E-02
  1563.0000       2.15620716E-02
  1563.1000       2.16205222E-02
  1563.2000       2.16785404E-02
  1563.3000       2.17359446E-02
  1563.4000       2.17928799E-02
  1563.5000       2.18492663E-02
  1563.6000       2.19050408E-02
  1563.7000       2.19604121E-02
  1563.8000       2.20151950E-02
  1563.9000       2.20693200E-02
  1564.0000       2.21230266E-02
  1564.1000       2.21761704E-02
  1564.2000       2.22287030E-02
  1564.3000       2.22807402E-02
  1564.4000       2.23322242E-02
  1564.5000       2.23831564E-02
  1564.6000       2.24334600E-02
  1564.7000       2.24831673E-02
  1564.8000       2.25324423E-02
  1564.9000       2.25810447E-02
  1565.0000       2.26291436E-02
  1565.1000       2.26767144E-02
  1565.2000       2.27235484E-02
  1565.3000       2.27698843E-02
  1565.4000       2.28155950E-02
  1565.5000       2.28607561E-02
  1565.6000       2.29053233E-02
  1565.7000       2.29492749E-02
  1565.8000       2.29925732E-02
  1565.9000       2.30353523E-02
  1566.0000       2.30774215E-02
  1566.1000       2.31190087E-02
  1566.2000       2.31599204E-02
  1566.3000       2.32000172E-02
  1566.4000       2.32397340E-02
  1566.5000       2.32788217E-02
  1566.6000       2.33171305E-02
  1566.7000       2.33548773E-02
  1566.8000       2.33919865E-02
  1566.9000       2.34284583E-02
  1567.0000       2.34642829E-02
  1567.1000       2.34994461E-02
  1567.2000       2.35338565E-02
  1567.3000       2.35676653E-02
  1567.4000       2.36009148E-02
  1567.5000       2.36333816E-02
  1567.6000       2.36651534E-02
  1567.7000       2.36963292E-02
  1567.8000       2.37267714E-02
  1567.9000       2.37566229E-02
  1568.0000       2.37857107E-02
  1568.1000       2.38140477E-02
  1568.2000       2.38418863E-02
  1568.3000       2.38688999E-02
  1568.4000       2.38952385E-02
  1568.5000       2.39208374E-02
  1568.6000       2.39457551E-02
  1568.7000       2.39700599E-02
  1568.8000       2.39936265E-02
  1568.9000       2.40164874E-02
  1569.0000       2.40386066E-02
  1569.1000       2.40600209E-02
  1569.2000       2.40806439E-02
  1569.3000       2.41007322E-02
  1569.4000       2.41200097E-02
  1569.5000       2.41386293E-02
  1569.6000       2.41565647E-02
  1569.7000       2.41737227E-02
  1569.8000       2.41902315E-02
  1569.9000       2.42060715E-02
  1570.0000       2.42211776E-02
  1570.1000       2.42355071E-02
  1570.2000       2.42492850E-02
  1570.3000       2.42622142E-02
  1570.4000       2.42746364E-02
  1570.5000       2.42862165E-02
  1570.6000       2.42971503E-02
  1570.7000       2.43073845E-02
  1570.8000       2.43169200E-02
  1570.9000       2.43258746E-02
  1571.0000       2.43340476E-02
  1571.1000       2.43416761E-02
  1571.2000       2.43485167E-02
  1571.3000       2.43547696E-02
  1571.4000       2.43603207E-02
  1571.5000       2.43652294E-02
  1571.6000       2.43695239E-02
  1571.7000       2.43731555E-02
  1571.8000       2.43760448E-02
  1571.9000       2.43784279E-02
  1572.0000       2.43801093E-02
  1572.1000       2.43812427E-02
  1572.2000       2.43815940E-02
  1572.3000       2.43814483E-02
  1572.4000       2.43806251E-02
  1572.5000       2.43792013E-02
  1572.6000       2.43771636E-02
  1572.7000       2.43745090E-02
  1572.8000       2.43712493E-02
  1572.9000       2.43673577E-02
  1573.0000       2.43629349E-02
  1573.1000       2.43578756E-02
  1573.2000       2.43522261E-02
  1573.3000       2.43459815E-02
  1573.4000       2.43391031E-02
  1573.5000       2.43317682E-02
  1573.6000       2.43238073E-02
  1573.7000       2.43152237E-02
  1573.8000       2.43060519E-02
  1573.9000       2.42964067E-02
  1574.0000       2.42861117E-02
  1574.1000       2.42752120E-02
  1574.2000       2.42638616E-02
  1574.3000       2.42518556E-02
  1574.4000       2.42394328E-02
  1574.5000       2.42263813E-02
  1574.6000       2.42127278E-02
  1574.7000       2.41985504E-02
  1574.8000       2.41839008E-02
  1574.9000       2.41686586E-02
  1575.0000       2.41529754E-02
  1575.1000       2.41366037E-02
  1575.2000       2.41198273E-02
  1575.3000       2.41024697E-02
  1575.4000       2.40845870E-02
  1575.5000       2.40663033E-02
  1575.6000       2.40473447E-02
  1575.7000       2.40279512E-02
  1575.8000       2.40080932E-02
  1575.9000       2.39876848E-02
  1576.0000       2.39667262E-02
  1576.1000       2.39453530E-02
  1576.2000       2.39234409E-02
  1576.3000       2.39010938E-02
  1576.4000       2.38782581E-02
  1576.5000       2.38549127E-02
  1576.6000       2.38311201E-02
  1576.7000       2.38068501E-02
  1576.8000       2.37821160E-02
  1576.9000       2.37569598E-02
  1577.0000       2.37312538E-02
  1577.1000       2.37051084E-02
  1577.2000       2.36786702E-02
  1577.3000       2.36515895E-02
  1577.4000       2.36241731E-02
  1577.5000       2.35962570E-02
  1577.6000       2.35680112E-02
  1577.7000       2.35392950E-02
  1577.8000       2.35101413E-02
  1577.9000       2.34805321E-02
  1578.0000       2.34506387E-02
  1578.1000       2.34202236E-02
  1578.2000       2.33893932E-02
  1578.3000       2.33582842E-02
  1578.4000       2.33266349E-02
  1578.5000       2.32947042E-02
  1578.6000       2.32623578E-02
  1578.7000       2.32296396E-02
  1578.8000       2.31965216E-02
  1578.9000       2.31630361E-02
  1579.0000       2.31292461E-02
  1579.1000       2.30950553E-02
  1579.2000       2.30604949E-02
  1579.3000       2.30255789E-02
  1579.4000       2.29903196E-02
  1579.5000       2.29547052E-02
  1579.6000       2.29187946E-02
  1579.7000       2.28824246E-02
  1579.8000       2.28458773E-02
  1579.9000       2.28088194E-02
  1580.0000       2.27715415E-02
  1580.1000       2.27339045E-02
  1580.2000       2.26959205E-02
  1580.3000       2.26575695E-02
  1580.4000       2.26190118E-02
  1580.5000       2.25800453E-02
  1580.6000       2.25407137E-02
  1580.7000       2.25011439E-02
  1580.8000       2.24612673E-02
  1580.9000       2.24209473E-02
  1581.0000       2.23804776E-02
  1581.1000       2.23395859E-02
  1581.2000       2.22984447E-02
  1581.3000       2.22568489E-02
  1581.4000       2.22151097E-02
  1581.5000       2.21729518E-02
  1581.6000       2.21305370E-02
  1581.7000       2.20877517E-02
  1581.8000       2.20446977E-02
  1581.9000       2.20012915E-02
  1582.0000       2.19576699E-02
  1582.1000       2.19136596E-02
  1582.2000       2.18693876E-02
  1582.3000       2.18247360E-02
  1582.4000       2.17797963E-02
  1582.5000       2.17346119E-02
  1582.6000       2.16890993E-02
  1582.7000       2.16432754E-02
  1582.8000       2.15971098E-02
  1582.9000       2.15506656E-02
  1583.0000       2.15038900E-02
  1583.1000       2.14568499E-02
  1583.2000       2.14095117E-02
  1583.3000       2.13618733E-02
  1583.4000       2.13139413E-02
  1583.5000       2.12656499E-02
  1583.6000       2.12170889E-02
  1583.7000       2.11682319E-02
  1583.8000       2.11191244E-02
  1583.9000       2.10697316E-02
  1584.0000       2.10199923E-02
  1584.1000       2.09699393E-02
  1584.2000       2.09196571E-02
  1584.3000       2.08689853E-02
  1584.4000       2.08181376E-02
  1584.5000       2.07668908E-02
  1584.6000       2.07154496E-02
  1584.7000       2.06636768E-02
  1584.8000       2.06116306E-02
  1584.9000       2.05592769E-02
  1585.0000       2.05066578E-02
  1585.1000       2.04537501E-02
  1585.2000       2.04005074E-02
  1585.3000       2.03471288E-02
  1585.4000       2.02933345E-02
  1585.5000       2.02393530E-02
  1585.6000       2.01850068E-02
  1585.7000       2.01304152E-02
  1585.8000       2.00755901E-02
  1585.9000       2.00205009E-02
  1586.0000       1.99650586E-02
  1586.1000       1.99094124E-02
  1586.2000       1.98534876E-02
  1586.3000       1.97973217E-02
  1586.4000       1.97408488E-02
  1586.5000       1.96841553E-02
  1586.6000       1.96272102E-02
  1586.7000       1.95700407E-02
  1586.8000       1.95125201E-02
  1586.9000       1.94549144E-02
  1587.0000       1.93969670E-02
  1587.1000       1.93388169E-02
  1587.2000       1.92803758E-02
  1587.3000       1.92217581E-02
  1587.4000       1.91629354E-02
  1587.5000       1.91038670E-02
  1587.6000       1.90446253E-02
  1587.7000       1.89850818E-02
  1587.8000       1.89254289E-02
  1587.9000       1.88655624E-02
  1588.0000       1.88054506E-02
  1588.1000       1.87451112E-02
  1588.2000       1.86846816E-02
  1588.3000       1.86239541E-02
  1588.4000       1.85631760E-02
  1588.5000       1.85021504E-02
  1588.6000       1.84409707E-02
  1588.7000       1.83796489E-02
  1588.8000       1.83181799E-02
  1588.9000       1.82565329E-02
  1589.0000       1.81947146E-02
  1589.1000       1.81328034E-02
  1589.2000       1.80707537E-02
  1589.3000       1.80085758E-02
  1589.4000       1.79461649E-02
  1589.5000       1.78837144E-02
  1589.6000       1.78210980E-02
  1589.7000       1.77583791E-02
  1589.8000       1.76955152E-02
  1589.9000       1.76325881E-02
  1590.0000       1.75694859E-02
  1590.1000       1.75062505E-02
  1590.2000       1.74429532E-02
  1590.3000       1.73794845E-02
  1590.4000       1.73159805E-02
  1590.5000       1.72523011E-02
  1590.6000       1.71885943E-02
  1590.7000       1.71247220E-02
  1590.8000       1.70607528E-02
  1590.9000       1.69967540E-02
  1591.0000       1.69325774E-02
  1591.1000       1.68682981E-02
  1591.2000       1.68039932E-02
  1591.3000       1.67394931E-02
  1591.4000       1.66749467E-02
  1591.5000       1.66102867E-02
  1591.6000       1.65455082E-02
  1591.7000       1.64806750E-02
  1591.8000       1.64157136E-02
  1591.9000       1.63506558E-02
  1592.0000       1.62854985E-02
  1592.1000       1.62202535E-02
  1592.2000       1.61548215E-02
  1592.3000       1.60893501E-02
  1592.4000       1.60237975E-02
  1592.5000       1.59580836E-02
  1592.6000       1.58922454E-02
  1592.7000       1.58263675E-02
  1592.8000       1.57603493E-02
  1592.9000       1.56942174E-02
  1593.0000       1.56279471E-02
  1593.1000       1.55615555E-02
  1593.2000       1.54950655E-02
  1593.3000       1.54284715E-02
  1593.4000       1.53617289E-02
  1593.5000       1.52948494E-02
  1593.6000       1.52278513E-02
  1593.7000       1.51607326E-02
  1593.8000       1.50934462E-02
  1593.9000       1.50260061E-02
  1594.0000       1.49584791E-02
  1594.1000       1.48907591E-02
  1594.2000       1.48229616E-02
  1594.3000       1.47549844E-02
  1594.4000       1.46868607E-02
  1594.5000       1.46185094E-02
  1594.6000       1.45500787E-02
  1594.7000       1.44814309E-02
  1594.8000       1.44126657E-02
  1594.9000       1.43436846E-02
  1595.0000       1.42745763E-02
  1595.1000       1.42052764E-02
  1595.2000       1.41357748E-02
  1595.3000       1.40661300E-02
  1595.4000       1.39962856E-02
  1595.5000       1.39262502E-02
  1595.6000       1.38560386E-02
  1595.7000       1.37856112E-02
  1595.8000       1.37150064E-02
  1595.9000       1.36442093E-02
  1596.0000       1.35732383E-02
  1596.1000       1.35020354E-02
  1596.2000       1.34306696E-02
  1596.3000       1.33591216E-02
  1596.4000       1.32873476E-02
  1596.5000       1.32153601E-02
  1596.6000       1.31432421E-02
  1596.7000       1.30708863E-02
  1596.8000       1.29983360E-02
  1596.9000       1.29256176E-02
  1597.0000       1.28526591E-02
  1597.1000       1.27795968E-02
  1597.2000       1.27062968E-02
  1597.3000       1.26327733E-02
  1597.4000       1.25591176E-02
  1597.5000       1.24852755E-02
  1597.6000       1.24112516E-02
  1597.7000       1.23370517E-02
  1597.8000       1.22627141E-02
  1597.9000       1.21881728E-02
  1598.0000       1.21134943E-02
  1598.1000       1.20386376E-02
  1598.2000       1.19636619E-02
  1598.3000       1.18885148E-02
  1598.4000       1.18132349E-02
  1598.5000       1.17377976E-02
  1598.6000       1.16622127E-02
  1598.7000       1.15865197E-02
  1598.8000       1.15107005E-02
  1598.9000       1.14347393E-02
  1599.0000       1.13586780E-02
  1599.1000       1.12825394E-02
  1599.2000       1.12062547E-02
  1599.3000       1.11299183E-02
  1599.4000       1.10534286E-02
  1599.5000       1.09769183E-02
  1599.6000       1.09002735E-02
  1599.7000       1.08235890E-02
  1599.8000       1.07468088E-02
  1599.9000       1.06699855E-02
  1600.0000       1.05931559E-02
  1600.1000       1.05162415E-02
  1600.2000       1.04392803E-02
  1600.3000       1.03623120E-02
  1600.4000       1.02853582E-02
  1600.5000       1.02083336E-02
  1600.6000       1.01313033E-02
  1600.7000       1.00543118E-02
  1600.8000       9.97730075E-03
  1600.9000       9.90030833E-03
  1601.0000       9.82337531E-03
  1601.1000       9.74645780E-03
  1601.2000       9.66957720E-03
  1601.3000       9.59275572E-03
  1601.4000       9.51598523E-03
  1601.5000       9.43931089E-03
  1601.6000       9.36270897E-03
  1601.7000       9.28616626E-03
  1601.8000       9.20974586E-03
  1601.9000       9.13342202E-03
  1602.0000       9.05725066E-03
  1602.1000       8.98118025E-03
  1602.2000       8.90524912E-03
  1602.3000       8.82948361E-03
  1602.4000       8.75387842E-03
  1602.5000       8.67843308E-03
  1602.6000       8.60317057E-03
  1602.7000       8.52810766E-03
  1602.8000       8.45325005E-03
  1602.9000       8.37859948E-03
  1603.0000       8.30416931E-03
  1603.1000       8.22997602E-03
  1603.2000       8.15602643E-03
  1603.3000       8.08232614E-03
  1603.4000       8.00890255E-03
  1603.5000       7.93575110E-03
  1603.6000       7.86289230E-03
  1603.7000       7.79032861E-03
  1603.8000       7.71808882E-03
  1603.9000       7.64617501E-03
  1604.0000       7.57459720E-03
  1604.1000       7.50336474E-03
  1604.2000       7.43250732E-03
  1604.3000       7.36202882E-03
  1604.4000       7.29192301E-03
  1604.5000       7.22222425E-03
  1604.6000       7.15293174E-03
  1604.7000       7.08406711E-03
  1604.8000       7.01563427E-03
  1604.9000       6.94765229E-03
  1605.0000       6.88012219E-03
  1605.1000       6.81308186E-03
  1605.2000       6.74651065E-03
  1605.3000       6.68044894E-03
  1605.4000       6.61489285E-03
  1605.5000       6.54985926E-03
  1605.6000       6.48535538E-03
  1605.7000       6.42140946E-03
  1605.8000       6.35802285E-03
  1605.9000       6.29521028E-03
  1606.0000       6.23298139E-03
  1606.1000       6.17135295E-03
  1606.2000       6.11033813E-03
  1606.3000       6.04993938E-03
  1606.4000       5.99016630E-03
  1606.5000       5.93104018E-03
  1606.6000       5.87256318E-03
  1606.7000       5.81474491E-03
  1606.8000       5.75759709E-03
  1606.9000       5.70113178E-03
  1607.0000       5.64535550E-03
  1607.1000       5.59027489E-03
  1607.2000       5.53590003E-03
  1607.3000       5.48223698E-03
  1607.4000       5.42929395E-03
  1607.5000       5.37707811E-03
  1607.6000       5.32559524E-03
  1607.7000       5.27485043E-03
  1607.8000       5.22484818E-03
  1607.9000       5.17559246E-03
  1608.0000       5.12708675E-03
  1608.1000       5.07933380E-03
  1608.2000       5.03233579E-03
  1608.3000       4.98609429E-03
  1608.4000       4.94061032E-03
  1608.5000       4.89588418E-03
  1608.6000       4.85191550E-03
  1608.7000       4.80870343E-03
  1608.8000       4.76624636E-03
  1608.9000       4.72454194E-03
  1609.0000       4.68358744E-03
  1609.1000       4.64337940E-03
  1609.2000       4.60391377E-03
  1609.3000       4.56518584E-03
  1609.4000       4.52719039E-03
  1609.5000       4.48992174E-03
  1609.6000       4.45337343E-03
  1609.7000       4.41753868E-03
  1609.8000       4.38241016E-03
  1609.9000       4.34797996E-03
  1610.0000       4.31423988E-03
  1610.1000       4.28118111E-03
  1610.2000       4.24879456E-03
  1610.3000       4.21707072E-03
  1610.4000       4.18599968E-03
  1610.5000       4.15557124E-03
  1610.6000       4.12577484E-03
  1610.7000       4.09659964E-03
  1610.8000       4.06803459E-03
  1610.9000       4.04006836E-03
  1611.0000       4.01268935E-03
  1611.1000       3.98588589E-03
  1611.2000       3.95964600E-03
  1611.3000       3.93395769E-03
  1611.4000       3.90880877E-03
  1611.5000       3.88418694E-03
  1611.6000       3.86007989E-03
  1611.7000       3.83647511E-03
  1611.8000       3.81336025E-03
  1611.9000       3.79072279E-03
  1612.0000       3.76855026E-03
  1612.1000       3.74683023E-03
  1612.2000       3.72555026E-03
  1612.3000       3.70469798E-03
  1612.4000       3.68426111E-03
  1612.5000       3.66422744E-03
  1612.6000       3.64458487E-03
  1612.7000       3.62532139E-03
  1612.8000       3.60642516E-03
  1612.9000       3.58788445E-03
  1613.0000       3.56968771E-03
  1613.1000       3.55182355E-03
  1613.2000       3.53428075E-03
  1613.3000       3.51704828E-03
  1613.4000       3.50011532E-03
  1613.5000       3.48347125E-03
  1613.6000       3.46710565E-03
  1613.7000       3.45100836E-03
  1613.8000       3.43516941E-03
  1613.9000       3.41957910E-03
  1614.0000       3.40422793E-03
  1614.1000       3.38910668E-03
  1614.2000       3.37420636E-03
  1614.3000       3.35951823E-03
  1614.4000       3.34503382E-03
  1614.5000       3.33074488E-03
  1614.6000       3.31664346E-03
  1614.7000       3.30272181E-03
  1614.8000       3.28897248E-03
  1614.9000       3.27538824E-03
  1615.0000       3.26196212E-03
  1615.1000       3.24868741E-03
  1615.2000       3.23555761E-03
  1615.3000       3.22256648E-03
  1615.4000       3.20970803E-03
  1615.5000       3.19697647E-03
  1615.6000       3.18436626E-03
  1615.7000       3.17187208E-03
  1615.8000       3.15948881E-03
  1615.9000       3.14721156E-03
  1616.0000       3.13503564E-03
  1616.1000       3.12295657E-03
  1616.2000       3.11097006E-03
  1616.3000       3.09907201E-03
  1616.4000       3.08725851E-03
  1616.5000       3.07552583E-03
  1616.6000       3.06387044E-03
  1616.7000       3.05228894E-03
  1616.8000       3.04077814E-03
  1616.9000       3.02933500E-03
  1617.0000       3.01795665E-03
  1617.1000       3.00664035E-03
  1617.2000       2.99538356E-03
  1617.3000       2.98418385E-03
  1617.4000       2.97303898E-03
  1617.5000       2.96194681E-03
  1617.6000       2.95090539E-03
  1617.7000       2.93991288E-03
  1617.8000       2.92896760E-03
  1617.9000       2.91806799E-03
  1618.0000       2.90721263E-03
  1618.1000       2.89640026E-03
  1618.2000       2.88562970E-03
  1618.3000       2.87489995E-03
  1618.4000       2.86421010E-03
  1618.5000       2.85355940E-03
  1618.6000       2.84294720E-03
  1618.7000       2.83237296E-03
  1618.8000       2.82183629E-03
  1618.9000       2.81133690E-03
  1619.0000       2.80087461E-03
  1619.1000       2.79044935E-03
  1619.2000       2.78006117E-03
  1619.3000       2.76971021E-03
  1619.4000       2.75939671E-03
  1619.5000       2.74912102E-03
  1619.6000       2.73888356E-03
  1619.7000       2.72868485E-03
  1619.8000       2.71852550E-03
  1619.9000       2.70840619E-03
  1620.0000       2.69832766E-03
  1620.1000       2.68829075E-03
  1620.2000       2.67829632E-03
  1620.3000       2.66834532E-03
  1620.4000       2.65843873E-03
  1620.5000       2.64857760E-03
  1620.6000       2.63876298E-03
  1620.7000       2.62899599E-03
  1620.8000       2.61927776E-03
  1620.9000       2.60960944E-03
  1621.0000       2.59999219E-03
  1621.1000       2.59042719E-03
  1621.2000       2.58091562E-03
  1621.3000       2.57145866E-03
  1621.4000       2.56205748E-03
  1621.5000       2.55271322E-03
  1621.6000       2.54342704E-03
  1621.7000       2.53420003E-03
  1621.8000       2.52503330E-03
  1621.9000       2.51592789E-03
  1622.0000       2.50688482E-03
  1622.1000       2.49790508E-03
  1622.2000       2.48898960E-03
  1622.3000       2.48013927E-03
  1622.4000       2.47135494E-03
  1622.5000       2.46263739E-03
  1622.6000       2.45398737E-03
  1622.7000       2.44540555E-03
  1622.8000       2.43689256E-03
  1622.9000       2.42844896E-03
  1623.0000       2.42007525E-03
  1623.1000       2.41177188E-03
  1623.2000       2.40353921E-03
  1623.3000       2.39537756E-03
  1623.4000       2.38728717E-03
  1623.5000       2.37926823E-03
  1623.6000       2.37132084E-03
  1623.7000       2.36344506E-03
  1623.8000       2.35564086E-03
  1623.9000       2.34790816E-03
  1624.0000       2.34024678E-03
  1624.1000       2.33265652E-03
  1624.2000       2.32513707E-03
  1624.3000       2.31768808E-03
  1624.4000       2.31030911E-03
  1624.5000       2.30299968E-03
  1624.6000       2.29575923E-03
  1624.7000       2.28858711E-03
  1624.8000       2.28148266E-03
  1624.9000       2.27444510E-03
  1625.0000       2.26747364E-03
  1625.1000       2.26056738E-03
  1625.2000       2.25372541E-03
  1625.3000       2.24694672E-03
  1625.4000       2.24023027E-03
  1625.5000       2.23357496E-03
  1625.6000       2.22697966E-03
  1625.7000       2.22044316E-03
  1625.8000       2.21396424E-03
  1625.9000       2.20754161E-03
  1626.0000       2.20117398E-03
  1626.1000       2.19485999E-03
  1626.2000       2.18859829E-03
  1626.3000       2.18238747E-03
  1626.4000       2.17622615E-03
  1626.5000       2.17011288E-03
  1626.6000       2.16404626E-03
  1626.7000       2.15802483E-03
  1626.8000       2.15204719E-03
  1626.9000       2.14611189E-03
  1627.0000       2.14021755E-03
  1627.1000       2.13436276E-03
  1627.2000       2.12854617E-03
  1627.3000       2.12276644E-03
  1627.4000       2.11702226E-03
  1627.5000       2.11131237E-03
  1627.6000       2.10563556E-03
  1627.7000       2.09999065E-03
  1627.8000       2.09437653E-03
  1627.9000       2.08879212E-03
  1628.0000       2.08323643E-03
  1628.1000       2.07770852E-03
  1628.2000       2.07220750E-03
  1628.3000       2.06673257E-03
  1628.4000       2.06128299E-03
  1628.5000       2.05585809E-03
  1628.6000       2.05045728E-03
  1628.7000       2.04508003E-03
  1628.8000       2.03972588E-03
  1628.9000       2.03439447E-03
  1629.0000       2.02908548E-03
  1629.1000       2.02379868E-03
  1629.2000       2.01853390E-03
  1629.3000       2.01329103E-03
  1629.4000       2.00807005E-03
  1629.5000       2.00287097E-03
  1629.6000       1.99769389E-03
  1629.7000       1.99253894E-03
  1629.8000       1.98740633E-03
  1629.9000       1.98229628E-03
  1630.0000       1.97720910E-03
  1630.1000       1.97214510E-03
  1630.2000       1.96710465E-03
  1630.3000       1.96208814E-03
  1630.4000       1.95709600E-03
  1630.5000       1.95212866E-03
  1630.6000       1.94718659E-03
  1630.7000       1.94227026E-03
  1630.8000       1.93738014E-03
  1630.9000       1.93251672E-03
  1631.0000       1.92768048E-03
  1631.1000       1.92287189E-03
  1631.2000       1.91809141E-03
  1631.3000       1.91333949E-03
  1631.4000       1.90861656E-03
  1631.5000       1.90392302E-03
  1631.6000       1.89925925E-03
  1631.7000       1.89462559E-03
  1631.8000       1.89002237E-03
  1631.9000       1.88544987E-03
  1632.0000       1.88090834E-03
  1632.1000       1.87639797E-03
  1632.2000       1.87191895E-03
  1632.3000       1.86747140E-03
  1632.4000       1.86305540E-03
  1632.5000       1.85867101E-03
  1632.6000       1.85431823E-03
  1632.7000       1.84999701E-03
  1632.8000       1.84570729E-03
  1632.9000       1.84144896E-03
  1633.0000       1.83722185E-03
  1633.1000       1.83302579E-03
  1633.2000       1.82886054E-03
  1633.3000       1.82472587E-03
  1633.4000       1.82062149E-03
  1633.5000       1.81654709E-03
  1633.6000       1.81250234E-03
  1633.7000       1.80848687E-03
  1633.8000       1.80450032E-03
  1633.9000       1.80054229E-03
  1634.0000       1.79661237E-03
  1634.1000       1.79271015E-03
  1634.2000       1.78883519E-03
  1634.3000       1.78498706E-03
  1634.4000       1.78116530E-03
  1634.5000       1.77736948E-03
  1634.6000       1.77359914E-03
  1634.7000       1.76985383E-03
  1634.8000       1.76613310E-03
  1634.9000       1.76243652E-03
  1635.0000       1.75876362E-03
  1635.1000       1.75511398E-03
  1635.2000       1.75148716E-03
  1635.3000       1.74788273E-03
  1635.4000       1.74430027E-03
  1635.5000       1.74073936E-03
  1635.6000       1.73719961E-03
  1635.7000       1.73368060E-03
  1635.8000       1.73018194E-03
  1635.9000       1.72670325E-03
  1636.0000       1.72324414E-03
  1636.1000       1.71980423E-03
  1636.2000       1.71638315E-03
  1636.3000       1.71298055E-03
  1636.4000       1.70959604E-03
  1636.5000       1.70622929E-03
  1636.6000       1.70287992E-03
  1636.7000       1.69954759E-03
  1636.8000       1.69623194E-03
  1636.9000       1.69293263E-03
  1637.0000       1.68964930E-03
  1637.1000       1.68638161E-03
  1637.2000       1.68312919E-03
  1637.3000       1.67989171E-03
  1637.4000       1.67666879E-03
  1637.5000       1.67346010E-03
  1637.6000       1.67026526E-03
  1637.7000       1.66708392E-03
  1637.8000       1.66391571E-03
  1637.9000       1.66076026E-03
  1638.0000       1.65761721E-03
  1638.1000       1.65448616E-03
  1638.2000       1.65136676E-03
  1638.3000       1.64825861E-03
  1638.4000       1.64516134E-03
  1638.5000       1.64207455E-03
  1638.6000       1.63899787E-03
  1638.7000       1.63593090E-03
  1638.8000       1.63287325E-03
  1638.9000       1.62982454E-03
  1639.0000       1.62678437E-03
  1639.1000       1.62375238E-03
  1639.2000       1.62072817E-03
  1639.3000       1.61771137E-03
  1639.4000       1.61470161E-03
  1639.5000       1.61169854E-03
  1639.6000       1.60870178E-03
  1639.7000       1.60571102E-03
  1639.8000       1.60272590E-03
  1639.9000       1.59974612E-03
  1640.0000       1.59677137E-03
  1640.1000       1.59380137E-03
  1640.2000       1.59083584E-03
  1640.3000       1.58787455E-03
  1640.4000       1.58491726E-03
  1640.5000       1.58196377E-03
  1640.6000       1.57901390E-03
  1640.7000       1.57606749E-03
  1640.8000       1.57312443E-03
  1640.9000       1.57018461E-03
  1641.0000       1.56724796E-03
  1641.1000       1.56431445E-03
  1641.2000       1.56138407E-03
  1641.3000       1.55845686E-03
  1641.4000       1.55553286E-03
  1641.5000       1.55261218E-03
  1641.6000       1.54969495E-03
  1641.7000       1.54678132E-03
  1641.8000       1.54387149E-03
  1641.9000       1.54096571E-03
  1642.0000       1.53806423E-03
  1642.1000       1.53516734E-03
  1642.2000       1.53227540E-03
  1642.3000       1.52938874E-03
  1642.4000       1.52650777E-03
  1642.5000       1.52363290E-03
  1642.6000       1.52076459E-03
  1642.7000       1.51790329E-03
  1642.8000       1.51504951E-03
  1642.9000       1.51220375E-03
  1643.0000       1.50936654E-03
  1643.1000       1.50653843E-03
  1643.2000       1.50371996E-03
  1643.3000       1.50091170E-03
  1643.4000       1.49811422E-03
  1643.5000       1.49532809E-03
  1643.6000       1.49255386E-03
  1643.7000       1.48979211E-03
  1643.8000       1.48704339E-03
  1643.9000       1.48430824E-03
  1644.0000       1.48158719E-03
  1644.1000       1.47888075E-03
  1644.2000       1.47618941E-03
  1644.3000       1.47351363E-03
  1644.4000       1.47085386E-03
  1644.5000       1.46821050E-03
  1644.6000       1.46558394E-03
  1644.7000       1.46297452E-03
  1644.8000       1.46038255E-03
  1644.9000       1.45780832E-03
  1645.0000       1.45525204E-03
  1645.1000       1.45271393E-03
  1645.2000       1.45019413E-03
  1645.3000       1.44769276E-03
  1645.4000       1.44520990E-03
  1645.5000       1.44274558E-03
  1645.6000       1.44029978E-03
  1645.7000       1.43787246E-03
  1645.8000       1.43546353E-03
  1645.9000       1.43307284E-03
  1646.0000       1.43070024E-03
  1646.1000       1.42834551E-03
  1646.2000       1.42600840E-03
  1646.3000       1.42368864E-03
  1646.4000       1.42138591E-03
  1646.5000       1.41909986E-03
  1646.6000       1.41683011E-03
  1646.7000       1.41457626E-03
  1646.8000       1.41233788E-03
  1646.9000       1.41011451E-03
  1647.0000       1.40790568E-03
  1647.1000       1.40571089E-03
  1647.2000       1.40352964E-03
  1647.3000       1.40136139E-03
  1647.4000       1.39920561E-03
  1647.5000       1.39706175E-03
  1647.6000       1.39492926E-03
  1647.7000       1.39280760E-03
  1647.8000       1.39069619E-03
  1647.9000       1.38859448E-03
  1648.0000       1.38650193E-03
  1648.1000       1.38441798E-03
  1648.2000       1.38234209E-03
  1648.3000       1.38027375E-03
  1648.4000       1.37821241E-03
  1648.5000       1.37615760E-03
  1648.6000       1.37410881E-03
  1648.7000       1.37206557E-03
  1648.8000       1.37002743E-03
  1648.9000       1.36799396E-03
  1649.0000       1.36596474E-03
  1649.1000       1.36393939E-03
  1649.2000       1.36191752E-03
  1649.3000       1.35989879E-03
  1649.4000       1.35788288E-03
  1649.5000       1.35586948E-03
  1649.6000       1.35385833E-03
  1649.7000       1.35184915E-03
  1649.8000       1.34984173E-03
  1649.9000       1.34783586E-03
  1650.0000       1.34583134E-03
  1650.1000       1.34382803E-03
  1650.2000       1.34182577E-03
  1650.3000       1.33982446E-03
  1650.4000       1.33782400E-03
  1650.5000       1.33582431E-03
  1650.6000       1.33382535E-03
  1650.7000       1.33182706E-03
  1650.8000       1.32982945E-03
  1650.9000       1.32783251E-03
  1651.0000       1.32583627E-03
  1651.1000       1.32384075E-03
  1651.2000       1.32184603E-03
  1651.3000       1.31985216E-03
  1651.4000       1.31785923E-03
  1651.5000       1.31586735E-03
  1651.6000       1.31387662E-03
  1651.7000       1.31188718E-03
  1651.8000       1.30989916E-03
  1651.9000       1.30791272E-03
  1652.0000       1.30592801E-03
  1652.1000       1.30394522E-03
  1652.2000       1.30196452E-03
  1652.3000       1.29998610E-03
  1652.4000       1.29801017E-03
  1652.5000       1.29603692E-03
  1652.6000       1.29406659E-03
  1652.7000       1.29209938E-03
  1652.8000       1.29013553E-03
  1652.9000       1.28817526E-03
  1653.0000       1.28621881E-03
  1653.1000       1.28426642E-03
  1653.2000       1.28231832E-03
  1653.3000       1.28037476E-03
  1653.4000       1.27843599E-03
  1653.5000       1.27650223E-03
  1653.6000       1.27457374E-03
  1653.7000       1.27265076E-03
  1653.8000       1.27073352E-03
  1653.9000       1.26882225E-03
  1654.0000       1.26691720E-03
  1654.1000       1.26501857E-03
  1654.2000       1.26312660E-03
  1654.3000       1.26124149E-03
  1654.4000       1.25936346E-03
  1654.5000       1.25749269E-03
  1654.6000       1.25562938E-03
  1654.7000       1.25377370E-03
  1654.8000       1.25192583E-03
  1654.9000       1.25008593E-03
  1655.0000       1.24825412E-03
  1655.1000       1.24643057E-03
  1655.2000       1.24461537E-03
  1655.3000       1.24280864E-03
  1655.4000       1.24101048E-03
  1655.5000       1.23922096E-03
  1655.6000       1.23744015E-03
  1655.7000       1.23566810E-03
  1655.8000       1.23390483E-03
  1655.9000       1.23215039E-03
  1656.0000       1.23040475E-03
  1656.1000       1.22866793E-03
  1656.2000       1.22693988E-03
  1656.3000       1.22522056E-03
  1656.4000       1.22350993E-03
  1656.5000       1.22180790E-03
  1656.6000       1.22011439E-03
  1656.7000       1.21842929E-03
  1656.8000       1.21675250E-03
  1656.9000       1.21508388E-03
  1657.0000       1.21342329E-03
  1657.1000       1.21177058E-03
  1657.2000       1.21012558E-03
  1657.3000       1.20848811E-03
  1657.4000       1.20685798E-03
  1657.5000       1.20523501E-03
  1657.6000       1.20361897E-03
  1657.7000       1.20200966E-03
  1657.8000       1.20040686E-03
  1657.9000       1.19881034E-03
  1658.0000       1.19721986E-03
  1658.1000       1.19563520E-03
  1658.2000       1.19405610E-03
  1658.3000       1.19248233E-03
  1658.4000       1.19091364E-03
  1658.5000       1.18934978E-03
  1658.6000       1.18779052E-03
  1658.7000       1.18623560E-03
  1658.8000       1.18468478E-03
  1658.9000       1.18313784E-03
  1659.0000       1.18159452E-03
  1659.1000       1.18005461E-03
  1659.2000       1.17851788E-03
  1659.3000       1.17698411E-03
  1659.4000       1.17545311E-03
  1659.5000       1.17392465E-03
  1659.6000       1.17239857E-03
  1659.7000       1.17087468E-03
  1659.8000       1.16935280E-03
  1659.9000       1.16783279E-03
  1660.0000       1.16631451E-03
  1660.1000       1.16479782E-03
  1660.2000       1.16328261E-03
  1660.3000       1.16176878E-03
  1660.4000       1.16025624E-03
  1660.5000       1.15874493E-03
  1660.6000       1.15723478E-03
  1660.7000       1.15572577E-03
  1660.8000       1.15421788E-03
  1660.9000       1.15271108E-03
  1661.0000       1.15120541E-03
  1661.1000       1.14970088E-03
  1661.2000       1.14819754E-03
  1661.3000       1.14669545E-03
  1661.4000       1.14519467E-03
  1661.5000       1.14369530E-03
  1661.6000       1.14219743E-03
  1661.7000       1.14070118E-03
  1661.8000       1.13920668E-03
  1661.9000       1.13771405E-03
  1662.0000       1.13622345E-03
  1662.1000       1.13473503E-03
  1662.2000       1.13324894E-03
  1662.3000       1.13176537E-03
  1662.4000       1.13028447E-03
  1662.5000       1.12880643E-03
  1662.6000       1.12733142E-03
  1662.7000       1.12585963E-03
  1662.8000       1.12439124E-03
  1662.9000       1.12292641E-03
  1663.0000       1.12146534E-03
  1663.1000       1.12000818E-03
  1663.2000       1.11855512E-03
  1663.3000       1.11710629E-03
  1663.4000       1.11566187E-03
  1663.5000       1.11422199E-03
  1663.6000       1.11278679E-03
  1663.7000       1.11135639E-03
  1663.8000       1.10993091E-03
  1663.9000       1.10851045E-03
  1664.0000       1.10709509E-03
  1664.1000       1.10568492E-03
  1664.2000       1.10428000E-03
  1664.3000       1.10288036E-03
  1664.4000       1.10148606E-03
  1664.5000       1.10009711E-03
  1664.6000       1.09871351E-03
  1664.7000       1.09733526E-03
  1664.8000       1.09596234E-03
  1664.9000       1.09459470E-03
  1665.0000       1.09323231E-03
  1665.1000       1.09187508E-03
  1665.2000       1.09052296E-03
  1665.3000       1.08917586E-03
  1665.4000       1.08783366E-03
  1665.5000       1.08649627E-03
  1665.6000       1.08516357E-03
  1665.7000       1.08383542E-03
  1665.8000       1.08251170E-03
  1665.9000       1.08119225E-03
  1666.0000       1.07987694E-03
  1666.1000       1.07856560E-03
  1666.2000       1.07725809E-03
  1666.3000       1.07595423E-03
  1666.4000       1.07465386E-03
  1666.5000       1.07335684E-03
  1666.6000       1.07206298E-03
  1666.7000       1.07077213E-03
  1666.8000       1.06948414E-03
  1666.9000       1.06819884E-03
  1667.0000       1.06691608E-03
  1667.1000       1.06563573E-03
  1667.2000       1.06435762E-03
  1667.3000       1.06308165E-03
  1667.4000       1.06180767E-03
  1667.5000       1.06053557E-03
  1667.6000       1.05926523E-03
  1667.7000       1.05799657E-03
  1667.8000       1.05672949E-03
  1667.9000       1.05546390E-03
  1668.0000       1.05419975E-03
  1668.1000       1.05293697E-03
  1668.2000       1.05167551E-03
  1668.3000       1.05041534E-03
  1668.4000       1.04915643E-03
  1668.5000       1.04789876E-03
  1668.6000       1.04664235E-03
  1668.7000       1.04538719E-03
  1668.8000       1.04413330E-03
  1668.9000       1.04288071E-03
  1669.0000       1.04162946E-03
  1669.1000       1.04037960E-03
  1669.2000       1.03913118E-03
  1669.3000       1.03788428E-03
  1669.4000       1.03663896E-03
  1669.5000       1.03539530E-03
  1669.6000       1.03415339E-03
  1669.7000       1.03291332E-03
  1669.8000       1.03167518E-03
  1669.9000       1.03043908E-03
  1670.0000       1.02920511E-03
  1670.1000       1.02797337E-03
  1670.2000       1.02674398E-03
  1670.3000       1.02551704E-03
  1670.4000       1.02429265E-03
  1670.5000       1.02307090E-03
  1670.6000       1.02185191E-03
  1670.7000       1.02063576E-03
  1670.8000       1.01942255E-03
  1670.9000       1.01821237E-03
  1671.0000       1.01700530E-03
  1671.1000       1.01580141E-03
  1671.2000       1.01460077E-03
  1671.3000       1.01340346E-03
  1671.4000       1.01220950E-03
  1671.5000       1.01101896E-03
  1671.6000       1.00983189E-03
  1671.7000       1.00864829E-03
  1671.8000       1.00746819E-03
  1671.9000       1.00629163E-03
  1672.0000       1.00511859E-03
  1672.1000       1.00394909E-03
  1672.2000       1.00278314E-03
  1672.3000       1.00162072E-03
  1672.4000       1.00046174E-03
  1672.5000       9.99306305E-04
  1672.6000       9.98154313E-04
  1672.7000       9.97005714E-04
  1672.8000       9.95860522E-04
  1672.9000       9.94718635E-04
  1673.0000       9.93580046E-04
  1673.1000       9.92444703E-04
  1673.2000       9.91312540E-04
  1673.3000       9.90183476E-04
  1673.4000       9.89057527E-04
  1673.5000       9.87934579E-04
  1673.6000       9.86814642E-04
  1673.7000       9.85697565E-04
  1673.8000       9.84583309E-04
  1673.9000       9.83471902E-04
  1674.0000       9.82363240E-04
  1674.1000       9.81257320E-04
  1674.2000       9.80153962E-04
  1674.3000       9.79053252E-04
  1674.4000       9.77955066E-04
  1674.5000       9.76859459E-04
  1674.6000       9.75766274E-04
  1674.7000       9.74675486E-04
  1674.8000       9.73587212E-04
  1674.9000       9.72501242E-04
  1675.0000       9.71417570E-04
  1675.1000       9.70336253E-04
  1675.2000       9.69257171E-04
  1675.3000       9.68180424E-04
  1675.4000       9.67105791E-04
  1675.5000       9.66033475E-04
  1675.6000       9.64963176E-04
  1675.7000       9.63895132E-04
  1675.8000       9.62829088E-04
  1675.9000       9.61765354E-04
  1676.0000       9.60703583E-04
  1676.1000       9.59643764E-04
  1676.2000       9.58586053E-04
  1676.3000       9.57530270E-04
  1676.4000       9.56476469E-04
  1676.5000       9.55424492E-04
  1676.6000       9.54374378E-04
  1676.7000       9.53326039E-04
  1676.8000       9.52279549E-04
  1676.9000       9.51234628E-04
  1677.0000       9.50191619E-04
  1677.1000       9.49150032E-04
  1677.2000       9.48109991E-04
  1677.3000       9.47071493E-04
  1677.4000       9.46034381E-04
  1677.5000       9.44998637E-04
  1677.6000       9.43964231E-04
  1677.7000       9.42931151E-04
  1677.8000       9.41898957E-04
  1677.9000       9.40868100E-04
  1678.0000       9.39838121E-04
  1678.1000       9.38809156E-04
  1678.2000       9.37780988E-04
  1678.3000       9.36753851E-04
  1678.4000       9.35727206E-04
  1678.5000       9.34701354E-04
  1678.6000       9.33676319E-04
  1678.7000       9.32651737E-04
  1678.8000       9.31627574E-04
  1678.9000       9.30604025E-04
  1679.0000       9.29580790E-04
  1679.1000       9.28558051E-04
  1679.2000       9.27535804E-04
  1679.3000       9.26513764E-04
  1679.4000       9.25492063E-04
  1679.5000       9.24470544E-04
  1679.6000       9.23449481E-04
  1679.7000       9.22428739E-04
  1679.8000       9.21408496E-04
  1679.9000       9.20388224E-04
  1680.0000       9.19368713E-04
  1680.1000       9.18349440E-04
  1680.2000       9.17330607E-04
  1680.3000       9.16312584E-04
  1680.4000       9.15295055E-04
  1680.5000       9.14277988E-04
  1680.6000       9.13261927E-04
  1680.7000       9.12246597E-04
  1680.8000       9.11232319E-04
  1680.9000       9.10219166E-04
  1681.0000       9.09207082E-04
  1681.1000       9.08196346E-04
  1681.2000       9.07186842E-04
  1681.3000       9.06179290E-04
  1681.4000       9.05172854E-04
  1681.5000       9.04168574E-04
  1681.6000       9.03166245E-04
  1681.7000       9.02165727E-04
  1681.8000       9.01167576E-04
  1681.9000       9.00171809E-04
  1682.0000       8.99178457E-04
  1682.1000       8.98187573E-04
  1682.2000       8.97199299E-04
  1682.3000       8.96214203E-04
  1682.4000       8.95231848E-04
  1682.5000       8.94252457E-04
  1682.6000       8.93276283E-04
  1682.7000       8.92303305E-04
  1682.8000       8.91333539E-04
  1682.9000       8.90367195E-04
  1683.0000       8.89404387E-04
  1683.1000       8.88444645E-04
  1683.2000       8.87488533E-04
  1683.3000       8.86535969E-04
  1683.4000       8.85586707E-04
  1683.5000       8.84641316E-04
  1683.6000       8.83698948E-04
  1683.7000       8.82760285E-04
  1683.8000       8.81824855E-04
  1683.9000       8.80892624E-04
  1684.0000       8.79963799E-04
  1684.1000       8.79038065E-04
  1684.2000       8.78115390E-04
  1684.3000       8.77195794E-04
  1684.4000       8.76278994E-04
  1684.5000       8.75364679E-04
  1684.6000       8.74453095E-04
  1684.7000       8.73543937E-04
  1684.8000       8.72637064E-04
  1684.9000       8.71732453E-04
  1685.0000       8.70829721E-04
  1685.1000       8.69928999E-04
  1685.2000       8.69029744E-04
  1685.3000       8.68132177E-04
  1685.4000       8.67235693E-04
  1685.5000       8.66340572E-04
  1685.6000       8.65446331E-04
  1685.7000       8.64553340E-04
  1685.8000       8.63660899E-04
  1685.9000       8.62769164E-04
  1686.0000       8.61877921E-04
  1686.1000       8.60986773E-04
  1686.2000       8.60096320E-04
  1686.3000       8.59205761E-04
  1686.4000       8.58315111E-04
  1686.5000       8.57424654E-04
  1686.6000       8.56534231E-04
  1686.7000       8.55643398E-04
  1686.8000       8.54752609E-04
  1686.9000       8.53861530E-04
  1687.0000       8.52970360E-04
  1687.1000       8.52078903E-04
  1687.2000       8.51187101E-04
  1687.3000       8.50295430E-04
  1687.4000       8.49403503E-04
  1687.5000       8.48511359E-04
  1687.6000       8.47619464E-04
  1687.7000       8.46727791E-04
  1687.8000       8.45836000E-04
  1687.9000       8.44944593E-04
  1688.0000       8.44053847E-04
  1688.1000       8.43163526E-04
  1688.2000       8.42273670E-04
  1688.3000       8.41384798E-04
  1688.4000       8.40496952E-04
  1688.5000       8.39610244E-04
  1688.6000       8.38724652E-04
  1688.7000       8.37840621E-04
  1688.8000       8.36957717E-04
  1688.9000       8.36077209E-04
  1689.0000       8.35197919E-04
  1689.1000       8.34321207E-04
  1689.2000       8.33446429E-04
  1689.3000       8.32573902E-04
  1689.4000       8.31703911E-04
  1689.5000       8.30836563E-04
  1689.6000       8.29971490E-04
  1689.7000       8.29109803E-04
  1689.8000       8.28250766E-04
  1689.9000       8.27394590E-04
  1690.0000       8.26541661E-04
  1690.1000       8.25691805E-04
  1690.2000       8.24845211E-04
  1690.3000       8.24001848E-04
  1690.4000       8.23161688E-04
  1690.5000       8.22325026E-04
  1690.6000       8.21491584E-04
  1690.7000       8.20661272E-04
  1690.8000       8.19834315E-04
  1690.9000       8.19010925E-04
  1691.0000       8.18190561E-04
  1691.1000       8.17373098E-04
  1691.2000       8.16559242E-04
  1691.3000       8.15748284E-04
  1691.4000       8.14940183E-04
  1691.5000       8.14135200E-04
  1691.6000       8.13332941E-04
  1691.7000       8.12533767E-04
  1691.8000       8.11737108E-04
  1691.9000       8.10943029E-04
  1692.0000       8.10151504E-04
  1692.1000       8.09362266E-04
  1692.2000       8.08575662E-04
  1692.3000       8.07791000E-04
  1692.4000       8.07008640E-04
  1692.5000       8.06228214E-04
  1692.6000       8.05449853E-04
  1692.7000       8.04673492E-04
  1692.8000       8.03898737E-04
  1692.9000       8.03125886E-04
  1693.0000       8.02354733E-04
  1693.1000       8.01585326E-04
  1693.2000       8.00817352E-04
  1693.3000       8.00050854E-04
  1693.4000       7.99286250E-04
  1693.5000       7.98522658E-04
  1693.6000       7.97760663E-04
  1693.7000       7.97000245E-04
  1693.8000       7.96241217E-04
  1693.9000       7.95483527E-04
  1694.0000       7.94727206E-04
  1694.1000       7.93972477E-04
  1694.2000       7.93218876E-04
  1694.3000       7.92467023E-04
  1694.4000       7.91716426E-04
  1694.5000       7.90967291E-04
  1694.6000       7.90219664E-04
  1694.7000       7.89473514E-04
  1694.8000       7.88728832E-04
  1694.9000       7.87985579E-04
  1695.0000       7.87243990E-04
  1695.1000       7.86504017E-04
  1695.2000       7.85765515E-04
  1695.3000       7.85028856E-04
  1695.4000       7.84293461E-04
  1695.5000       7.83559960E-04
  1695.6000       7.82827924E-04
  1695.7000       7.82097640E-04
  1695.8000       7.81368995E-04
  1695.9000       7.80641857E-04
  1696.0000       7.79916856E-04
  1696.1000       7.79193132E-04
  1696.2000       7.78471709E-04
  1696.3000       7.77751130E-04
  1696.4000       7.77032751E-04
  1696.5000       7.76315720E-04
  1696.6000       7.75600409E-04
  1696.7000       7.74887016E-04
  1696.8000       7.74174936E-04
  1696.9000       7.73464660E-04
  1697.0000       7.72755979E-04
  1697.1000       7.72048737E-04
  1697.2000       7.71343286E-04
  1697.3000       7.70639121E-04
  1697.4000       7.69936909E-04
  1697.5000       7.69236042E-04
  1697.6000       7.68536339E-04
  1697.7000       7.67838330E-04
  1697.8000       7.67142096E-04
  1697.9000       7.66446902E-04
  1698.0000       7.65753561E-04
  1698.1000       7.65061401E-04
  1698.2000       7.64370836E-04
  1698.3000       7.63681575E-04
  1698.4000       7.62994084E-04
  1698.5000       7.62307898E-04
  1698.6000       7.61622962E-04
  1698.7000       7.60939457E-04
  1698.8000       7.60257922E-04
  1698.9000       7.59577319E-04
  1699.0000       7.58898766E-04
  1699.1000       7.58221064E-04
  1699.2000       7.57545178E-04
  1699.3000       7.56871256E-04
  1699.4000       7.56198033E-04
  1699.5000       7.55526771E-04
  1699.6000       7.54857316E-04
  1699.7000       7.54189292E-04
  1699.8000       7.53523442E-04
  1699.9000       7.52858615E-04
  1700.0000       7.52195855E-04
