  2400.1000       1.84721665E-02
  2400.2000       1.84884371E-02
  2400.3000       1.85092008E-02
  2400.4000       1.85348143E-02
  2400.5000       1.85593307E-02
  2400.6000       1.85808750E-02
  2400.7000       1.85961274E-02
  2400.8000       1.85998976E-02
  2400.9000       1.85974189E-02
  2401.0000       1.85914172E-02
  2401.1000       1.85849006E-02
  2401.2000       1.85825740E-02
  2401.3000       1.85858665E-02
  2401.4000       1.85943087E-02
  2401.5000       1.86027274E-02
  2401.6000       1.86141525E-02
  2401.7000       1.86292224E-02
  2401.8000       1.86443457E-02
  2401.9000       1.86592757E-02
  2402.0000       1.86724628E-02
  2402.1000       1.86874591E-02
  2402.2000       1.87090396E-02
  2402.3000       1.87404830E-02
  2402.4000       1.87834052E-02
  2402.5000       1.88342768E-02
  2402.6000       1.88851620E-02
  2402.7000       1.89339522E-02
  2402.8000       1.89825513E-02
  2402.9000       1.90311886E-02
  2403.0000       1.90757572E-02
  2403.1000       1.91189000E-02
  2403.2000       1.91571786E-02
  2403.3000       1.91890597E-02
  2403.4000       1.92181450E-02
  2403.5000       1.92406608E-02
  2403.6000       1.92527354E-02
  2403.7000       1.92557572E-02
  2403.8000       1.92557154E-02
  2403.9000       1.92578461E-02
  2404.0000       1.92624300E-02
  2404.1000       1.92674055E-02
  2404.2000       1.92811005E-02
  2404.3000       1.93094175E-02
  2404.4000       1.93287389E-02
  2404.5000       1.93472224E-02
  2404.6000       1.93754872E-02
  2404.7000       1.94107927E-02
  2404.8000       1.94574935E-02
  2404.9000       1.95011757E-02
  2405.0000       1.95356626E-02
  2405.1000       1.95662293E-02
  2405.2000       1.95925727E-02
  2405.3000       1.96145917E-02
  2405.4000       1.96329541E-02
  2405.5000       1.96482556E-02
  2405.6000       1.96590770E-02
  2405.7000       1.96685512E-02
  2405.8000       1.96735254E-02
  2405.9000       1.96773972E-02
  2406.0000       1.96797932E-02
  2406.1000       1.96823934E-02
  2406.2000       1.96854995E-02
  2406.3000       1.96891570E-02
  2406.4000       1.96946239E-02
  2406.5000       1.97027578E-02
  2406.6000       1.97127677E-02
  2406.7000       1.97243464E-02
  2406.8000       1.97376342E-02
  2406.9000       1.97554758E-02
  2407.0000       1.97768944E-02
  2407.1000       1.97982167E-02
  2407.2000       1.98208938E-02
  2407.3000       1.98469060E-02
  2407.4000       1.98745422E-02
  2407.5000       1.99053416E-02
  2407.6000       1.99376731E-02
  2407.7000       1.99698228E-02
  2407.8000       2.00021844E-02
  2407.9000       2.00346269E-02
  2408.0000       2.00662168E-02
  2408.1000       2.00972551E-02
  2408.2000       2.01282384E-02
  2408.3000       2.01601566E-02
  2408.4000       2.01938906E-02
  2408.5000       2.02280328E-02
  2408.6000       2.02613055E-02
  2408.7000       2.02957560E-02
  2408.8000       2.03311977E-02
  2408.9000       2.03687047E-02
  2409.0000       2.04078788E-02
  2409.1000       2.04460048E-02
  2409.2000       2.04828354E-02
  2409.3000       2.05205748E-02
  2409.4000       2.05572592E-02
  2409.5000       2.05942372E-02
  2409.6000       2.06305759E-02
  2409.7000       2.06647221E-02
  2409.8000       2.06973457E-02
  2409.9000       2.07305465E-02
  2410.0000       2.07629669E-02
  2410.1000       2.07930856E-02
  2410.2000       2.08213135E-02
  2410.3000       2.08464733E-02
  2410.4000       2.08701671E-02
  2410.5000       2.08912432E-02
  2410.6000       2.09097428E-02
  2410.7000       2.09257867E-02
  2410.8000       2.09401994E-02
  2410.9000       2.09515286E-02
  2411.0000       2.09619069E-02
  2411.1000       2.09699769E-02
  2411.2000       2.09774310E-02
  2411.3000       2.09826426E-02
  2411.4000       2.09862747E-02
  2411.5000       2.09889684E-02
  2411.6000       2.09895527E-02
  2411.7000       2.09897530E-02
  2411.8000       2.09872707E-02
  2411.9000       2.09820858E-02
  2412.0000       2.09760276E-02
  2412.1000       2.09683579E-02
  2412.2000       2.09596104E-02
  2412.3000       2.09495729E-02
  2412.4000       2.09388952E-02
  2412.5000       2.09277593E-02
  2412.6000       2.09168739E-02
  2412.7000       2.09055639E-02
  2412.8000       2.08945364E-02
  2412.9000       2.08848820E-02
  2413.0000       2.08762977E-02
  2413.1000       2.08712431E-02
  2413.2000       2.08703333E-02
  2413.3000       2.08732437E-02
  2413.4000       2.08817208E-02
  2413.5000       2.08945153E-02
  2413.6000       2.09116123E-02
  2413.7000       2.09316350E-02
  2413.8000       2.09551518E-02
  2413.9000       2.09818042E-02
  2414.0000       2.10108423E-02
  2414.1000       2.10414919E-02
  2414.2000       2.10741543E-02
  2414.3000       2.11097125E-02
  2414.4000       2.11456686E-02
  2414.5000       2.11833608E-02
  2414.6000       2.12206928E-02
  2414.7000       2.12580437E-02
  2414.8000       2.12958641E-02
  2414.9000       2.13339001E-02
  2415.0000       2.13714645E-02
  2415.1000       2.14085774E-02
  2415.2000       2.14455187E-02
  2415.3000       2.14810458E-02
  2415.4000       2.15163805E-02
  2415.5000       2.15503168E-02
  2415.6000       2.15836253E-02
  2415.7000       2.16158038E-02
  2415.8000       2.16482120E-02
  2415.9000       2.16787191E-02
  2416.0000       2.17093956E-02
  2416.1000       2.17402592E-02
  2416.2000       2.17710139E-02
  2416.3000       2.18010240E-02
  2416.4000       2.18297412E-02
  2416.5000       2.18585759E-02
  2416.6000       2.18878155E-02
  2416.7000       2.19177688E-02
  2416.8000       2.19479492E-02
  2416.9000       2.19776262E-02
  2417.0000       2.20087135E-02
  2417.1000       2.20396605E-02
  2417.2000       2.20720598E-02
  2417.3000       2.21041275E-02
  2417.4000       2.21366691E-02
  2417.5000       2.21691869E-02
  2417.6000       2.22014295E-02
  2417.7000       2.22331475E-02
  2417.8000       2.22647694E-02
  2417.9000       2.22957447E-02
  2418.0000       2.23249093E-02
  2418.1000       2.23521809E-02
  2418.2000       2.23772482E-02
  2418.3000       2.23994580E-02
  2418.4000       2.24203949E-02
  2418.5000       2.24386014E-02
  2418.6000       2.24554979E-02
  2418.7000       2.24717277E-02
  2418.8000       2.24888441E-02
  2418.9000       2.25057927E-02
  2419.0000       2.25226616E-02
  2419.1000       2.25397398E-02
  2419.2000       2.25575653E-02
  2419.3000       2.25747477E-02
  2419.4000       2.25916879E-02
  2419.5000       2.26080737E-02
  2419.6000       2.26245783E-02
  2419.7000       2.26395450E-02
  2419.8000       2.26549541E-02
  2419.9000       2.26685210E-02
  2420.0000       2.26821107E-02
  2420.1000       2.26957036E-02
  2420.2000       2.27078594E-02
  2420.3000       2.27192337E-02
  2420.4000       2.27303742E-02
  2420.5000       2.27401247E-02
  2420.6000       2.27494238E-02
  2420.7000       2.27581428E-02
  2420.8000       2.27661813E-02
  2420.9000       2.27744094E-02
  2421.0000       2.27818079E-02
  2421.1000       2.27894406E-02
  2421.2000       2.27985095E-02
  2421.3000       2.28070154E-02
  2421.4000       2.28162739E-02
  2421.5000       2.28267762E-02
  2421.6000       2.28404564E-02
  2421.7000       2.28569090E-02
  2421.8000       2.28770631E-02
  2421.9000       2.29008864E-02
  2422.0000       2.29286459E-02
  2422.1000       2.29608695E-02
  2422.2000       2.29955273E-02
  2422.3000       2.30315772E-02
  2422.4000       2.30690558E-02
  2422.5000       2.31065447E-02
  2422.6000       2.31438695E-02
  2422.7000       2.31796051E-02
  2422.8000       2.32146289E-02
  2422.9000       2.32469618E-02
  2423.0000       2.32770419E-02
  2423.1000       2.33057029E-02
  2423.2000       2.33311384E-02
  2423.3000       2.33557471E-02
  2423.4000       2.33771443E-02
  2423.5000       2.33959528E-02
  2423.6000       2.34147489E-02
  2423.7000       2.34316991E-02
  2423.8000       2.34487153E-02
  2423.9000       2.34658057E-02
  2424.0000       2.34839523E-02
  2424.1000       2.35040145E-02
  2424.2000       2.35254209E-02
  2424.3000       2.35489300E-02
  2424.4000       2.35769436E-02
  2424.5000       2.36070772E-02
  2424.6000       2.36393208E-02
  2424.7000       2.36722591E-02
  2424.8000       2.37057707E-02
  2424.9000       2.37402692E-02
  2425.0000       2.37768518E-02
  2425.1000       2.38110593E-02
  2425.2000       2.38425635E-02
  2425.3000       2.38703853E-02
  2425.4000       2.38945342E-02
  2425.5000       2.39140597E-02
  2425.6000       2.39305407E-02
  2425.7000       2.39436580E-02
  2425.8000       2.39529370E-02
  2425.9000       2.39601274E-02
  2426.0000       2.39639865E-02
  2426.1000       2.39661321E-02
  2426.2000       2.39669723E-02
  2426.3000       2.39643250E-02
  2426.4000       2.39610297E-02
  2426.5000       2.39553393E-02
  2426.6000       2.39476903E-02
  2426.7000       2.39381395E-02
  2426.8000       2.39264768E-02
  2426.9000       2.39155397E-02
  2427.0000       2.39051821E-02
  2427.1000       2.38947612E-02
  2427.2000       2.38873345E-02
  2427.3000       2.38811885E-02
  2427.4000       2.38754849E-02
  2427.5000       2.38719618E-02
  2427.6000       2.38676379E-02
  2427.7000       2.38643816E-02
  2427.8000       2.38604452E-02
  2427.9000       2.38571444E-02
  2428.0000       2.38547434E-02
  2428.1000       2.38530101E-02
  2428.2000       2.38547975E-02
  2428.3000       2.38549498E-02
  2428.4000       2.38575681E-02
  2428.5000       2.38617441E-02
  2428.6000       2.38661854E-02
  2428.7000       2.38710465E-02
  2428.8000       2.38751289E-02
  2428.9000       2.38780013E-02
  2429.0000       2.38795465E-02
  2429.1000       2.38799585E-02
  2429.2000       2.38799627E-02
  2429.3000       2.38774820E-02
  2429.4000       2.38751468E-02
  2429.5000       2.38713872E-02
  2429.6000       2.38656774E-02
  2429.7000       2.38598611E-02
  2429.8000       2.38544643E-02
  2429.9000       2.38488931E-02
  2430.0000       2.38434793E-02
  2430.1000       2.38400250E-02
  2430.2000       2.38380857E-02
  2430.3000       2.38379782E-02
  2430.4000       2.38402473E-02
  2430.5000       2.38440042E-02
  2430.6000       2.38498639E-02
  2430.7000       2.38551013E-02
  2430.8000       2.38617717E-02
  2430.9000       2.38710166E-02
  2431.0000       2.38807865E-02
  2431.1000       2.38899172E-02
  2431.2000       2.38989473E-02
  2431.3000       2.39061857E-02
  2431.4000       2.39142933E-02
  2431.5000       2.39188065E-02
  2431.6000       2.39194265E-02
  2431.7000       2.39156526E-02
  2431.8000       2.39090852E-02
  2431.9000       2.39011345E-02
  2432.0000       2.38910703E-02
  2432.1000       2.38790578E-02
  2432.2000       2.38687772E-02
  2432.3000       2.38590081E-02
  2432.4000       2.38497761E-02
  2432.5000       2.38403738E-02
  2432.6000       2.38307181E-02
  2432.7000       2.38203154E-02
  2432.8000       2.38068594E-02
  2432.9000       2.37907568E-02
  2433.0000       2.37716155E-02
  2433.1000       2.37514791E-02
  2433.2000       2.37316021E-02
  2433.3000       2.37106202E-02
  2433.4000       2.36901544E-02
  2433.5000       2.36728353E-02
  2433.6000       2.36586095E-02
  2433.7000       2.36486051E-02
  2433.8000       2.36416834E-02
  2433.9000       2.36382847E-02
  2434.0000       2.36405187E-02
  2434.1000       2.36460657E-02
  2434.2000       2.36568081E-02
  2434.3000       2.36704221E-02
  2434.4000       2.36876087E-02
  2434.5000       2.37050293E-02
  2434.6000       2.37220633E-02
  2434.7000       2.37388148E-02
  2434.8000       2.37560676E-02
  2434.9000       2.37724797E-02
  2435.0000       2.37905104E-02
  2435.1000       2.38073762E-02
  2435.2000       2.38258197E-02
  2435.3000       2.38430166E-02
  2435.4000       2.38576501E-02
  2435.5000       2.38734234E-02
  2435.6000       2.38895558E-02
  2435.7000       2.39062947E-02
  2435.8000       2.39220077E-02
  2435.9000       2.39388151E-02
  2436.0000       2.39548380E-02
  2436.1000       2.39710179E-02
  2436.2000       2.39864184E-02
  2436.3000       2.39996549E-02
  2436.4000       2.40110220E-02
  2436.5000       2.40214138E-02
  2436.6000       2.40288501E-02
  2436.7000       2.40357594E-02
  2436.8000       2.40386235E-02
  2436.9000       2.40407229E-02
  2437.0000       2.40431264E-02
  2437.1000       2.40452341E-02
  2437.2000       2.40489510E-02
  2437.3000       2.40533479E-02
  2437.4000       2.40565315E-02
  2437.5000       2.40590432E-02
  2437.6000       2.40623296E-02
  2437.7000       2.40640268E-02
  2437.8000       2.40645561E-02
  2437.9000       2.40659309E-02
  2438.0000       2.40653448E-02
  2438.1000       2.40632083E-02
  2438.2000       2.40619492E-02
  2438.3000       2.40617745E-02
  2438.4000       2.40637070E-02
  2438.5000       2.40659100E-02
  2438.6000       2.40701020E-02
  2438.7000       2.40754667E-02
  2438.8000       2.40823891E-02
  2438.9000       2.40889096E-02
  2439.0000       2.40963209E-02
  2439.1000       2.41032222E-02
  2439.2000       2.41102695E-02
  2439.3000       2.41189456E-02
  2439.4000       2.41270625E-02
  2439.5000       2.41351780E-02
  2439.6000       2.41435027E-02
  2439.7000       2.41520661E-02
  2439.8000       2.41589760E-02
  2439.9000       2.41652090E-02
  2440.0000       2.41708400E-02
  2440.1000       2.41751005E-02
  2440.2000       2.41793163E-02
  2440.3000       2.41824030E-02
  2440.4000       2.41887347E-02
  2440.5000       2.41917787E-02
  2440.6000       2.41960543E-02
  2440.7000       2.42027154E-02
  2440.8000       2.42099833E-02
  2440.9000       2.42166893E-02
  2441.0000       2.42266523E-02
  2441.1000       2.42359146E-02
  2441.2000       2.42437348E-02
  2441.3000       2.42527451E-02
  2441.4000       2.42605442E-02
  2441.5000       2.42687344E-02
  2441.6000       2.42782514E-02
  2441.7000       2.42881661E-02
  2441.8000       2.42992501E-02
  2441.9000       2.43096924E-02
  2442.0000       2.43195426E-02
  2442.1000       2.43295647E-02
  2442.2000       2.43393839E-02
  2442.3000       2.43511263E-02
  2442.4000       2.43627432E-02
  2442.5000       2.43733666E-02
  2442.6000       2.43833710E-02
  2442.7000       2.43936342E-02
  2442.8000       2.44011297E-02
  2442.9000       2.44106465E-02
  2443.0000       2.44196515E-02
  2443.1000       2.44281936E-02
  2443.2000       2.44397619E-02
  2443.3000       2.44500143E-02
  2443.4000       2.44615454E-02
  2443.5000       2.44733949E-02
  2443.6000       2.44878623E-02
  2443.7000       2.44994340E-02
  2443.8000       2.45090183E-02
  2443.9000       2.45209823E-02
  2444.0000       2.45319795E-02
  2444.1000       2.45420404E-02
  2444.2000       2.45499901E-02
  2444.3000       2.45583317E-02
  2444.4000       2.45644635E-02
  2444.5000       2.45671174E-02
  2444.6000       2.45646535E-02
  2444.7000       2.45589430E-02
  2444.8000       2.45519138E-02
  2444.9000       2.45458468E-02
  2445.0000       2.45375733E-02
  2445.1000       2.45318006E-02
  2445.2000       2.45235141E-02
  2445.3000       2.45149421E-02
  2445.4000       2.45064269E-02
  2445.5000       2.44933914E-02
  2445.6000       2.44783338E-02
  2445.7000       2.44622455E-02
  2445.8000       2.44439141E-02
  2445.9000       2.44256601E-02
  2446.0000       2.44050215E-02
  2446.1000       2.43845543E-02
  2446.2000       2.43635814E-02
  2446.3000       2.43424933E-02
  2446.4000       2.43212577E-02
  2446.5000       2.43016450E-02
  2446.6000       2.42816226E-02
  2446.7000       2.42636993E-02
  2446.8000       2.42443190E-02
  2446.9000       2.42255723E-02
  2447.0000       2.42068271E-02
  2447.1000       2.41893047E-02
  2447.2000       2.41713410E-02
  2447.3000       2.41534799E-02
  2447.4000       2.41340287E-02
  2447.5000       2.41149708E-02
  2447.6000       2.40934353E-02
  2447.7000       2.40720786E-02
  2447.8000       2.40476981E-02
  2447.9000       2.40229035E-02
  2448.0000       2.39947334E-02
  2448.1000       2.39676115E-02
  2448.2000       2.39385417E-02
  2448.3000       2.39085447E-02
  2448.4000       2.38790643E-02
  2448.5000       2.38501685E-02
  2448.6000       2.38219979E-02
  2448.7000       2.37919834E-02
  2448.8000       2.37619452E-02
  2448.9000       2.37323631E-02
  2449.0000       2.37019733E-02
  2449.1000       2.36749708E-02
  2449.2000       2.36494578E-02
  2449.3000       2.36242432E-02
  2449.4000       2.36031415E-02
  2449.5000       2.35859578E-02
  2449.6000       2.35715880E-02
  2449.7000       2.35596041E-02
  2449.8000       2.35478292E-02
  2449.9000       2.35339529E-02
  2450.0000       2.35192168E-02
  2450.1000       2.35036010E-02
  2450.2000       2.34831810E-02
  2450.3000       2.34612230E-02
  2450.4000       2.34353428E-02
  2450.5000       2.34080655E-02
  2450.6000       2.33780366E-02
  2450.7000       2.33451361E-02
  2450.8000       2.33116905E-02
  2450.9000       2.32742567E-02
  2451.0000       2.32379701E-02
  2451.1000       2.32005856E-02
  2451.2000       2.31632350E-02
  2451.3000       2.31244705E-02
  2451.4000       2.30884867E-02
  2451.5000       2.30519044E-02
  2451.6000       2.30162043E-02
  2451.7000       2.29827697E-02
  2451.8000       2.29493551E-02
  2451.9000       2.29162979E-02
  2452.0000       2.28841990E-02
  2452.1000       2.28524223E-02
  2452.2000       2.28197320E-02
  2452.3000       2.27884690E-02
  2452.4000       2.27579028E-02
  2452.5000       2.27263106E-02
  2452.6000       2.26967381E-02
  2452.7000       2.26686639E-02
  2452.8000       2.26433927E-02
  2452.9000       2.26181341E-02
  2453.0000       2.25915588E-02
  2453.1000       2.25636963E-02
  2453.2000       2.25349359E-02
  2453.3000       2.25074083E-02
  2453.4000       2.24786238E-02
  2453.5000       2.24493350E-02
  2453.6000       2.24179487E-02
  2453.7000       2.23867378E-02
  2453.8000       2.23566716E-02
  2453.9000       2.23245378E-02
  2454.0000       2.22889869E-02
  2454.1000       2.22507658E-02
  2454.2000       2.22089592E-02
  2454.3000       2.21649491E-02
  2454.4000       2.21228388E-02
  2454.5000       2.20825172E-02
  2454.6000       2.20433492E-02
  2454.7000       2.20059617E-02
  2454.8000       2.19689547E-02
  2454.9000       2.19328432E-02
  2455.0000       2.18997705E-02
  2455.1000       2.18673492E-02
  2455.2000       2.18382044E-02
  2455.3000       2.18100775E-02
  2455.4000       2.17826597E-02
  2455.5000       2.17558701E-02
  2455.6000       2.17286652E-02
  2455.7000       2.17020302E-02
  2455.8000       2.16772134E-02
  2455.9000       2.16518857E-02
  2456.0000       2.16278575E-02
  2456.1000       2.16043949E-02
  2456.2000       2.15808895E-02
  2456.3000       2.15568640E-02
  2456.4000       2.15334660E-02
  2456.5000       2.15107388E-02
  2456.6000       2.14874711E-02
  2456.7000       2.14645523E-02
  2456.8000       2.14416615E-02
  2456.9000       2.14201629E-02
  2457.0000       2.13992302E-02
  2457.1000       2.13801099E-02
  2457.2000       2.13632032E-02
  2457.3000       2.13479063E-02
  2457.4000       2.13316011E-02
  2457.5000       2.13191190E-02
  2457.6000       2.13066971E-02
  2457.7000       2.12964952E-02
  2457.8000       2.12878862E-02
  2457.9000       2.12811767E-02
  2458.0000       2.12746300E-02
  2458.1000       2.12685538E-02
  2458.2000       2.12637507E-02
  2458.3000       2.12601511E-02
  2458.4000       2.12550599E-02
  2458.5000       2.12501273E-02
  2458.6000       2.12453382E-02
  2458.7000       2.12407390E-02
  2458.8000       2.12356195E-02
  2458.9000       2.12302283E-02
  2459.0000       2.12257491E-02
  2459.1000       2.12205152E-02
  2459.2000       2.12159718E-02
  2459.3000       2.12099723E-02
  2459.4000       2.12037326E-02
  2459.5000       2.11978868E-02
  2459.6000       2.11923570E-02
  2459.7000       2.11864988E-02
  2459.8000       2.11819137E-02
  2459.9000       2.11756929E-02
  2460.0000       2.11696335E-02
  2460.1000       2.11613226E-02
  2460.2000       2.11539359E-02
  2460.3000       2.11465146E-02
  2460.4000       2.11393331E-02
  2460.5000       2.11324193E-02
  2460.6000       2.11258532E-02
  2460.7000       2.11187363E-02
  2460.8000       2.11122666E-02
  2460.9000       2.11046751E-02
  2461.0000       2.10989100E-02
  2461.1000       2.10932106E-02
  2461.2000       2.10875903E-02
  2461.3000       2.10818564E-02
  2461.4000       2.10774180E-02
  2461.5000       2.10738877E-02
  2461.6000       2.10710784E-02
  2461.7000       2.10709591E-02
  2461.8000       2.10728864E-02
  2461.9000       2.10779861E-02
  2462.0000       2.10848693E-02
  2462.1000       2.10942130E-02
  2462.2000       2.11062178E-02
  2462.3000       2.11181162E-02
  2462.4000       2.11292037E-02
  2462.5000       2.11401379E-02
  2462.6000       2.11488922E-02
  2462.7000       2.11561558E-02
  2462.8000       2.11615916E-02
  2462.9000       2.11644226E-02
  2463.0000       2.11667396E-02
  2463.1000       2.11660985E-02
  2463.2000       2.11647433E-02
  2463.3000       2.11625965E-02
  2463.4000       2.11597563E-02
  2463.5000       2.11543945E-02
  2463.6000       2.11481338E-02
  2463.7000       2.11413228E-02
  2463.8000       2.11334622E-02
  2463.9000       2.11231539E-02
  2464.0000       2.11136228E-02
  2464.1000       2.11033389E-02
  2464.2000       2.10942006E-02
  2464.3000       2.10857128E-02
  2464.4000       2.10775531E-02
  2464.5000       2.10720497E-02
  2464.6000       2.10654237E-02
  2464.7000       2.10588883E-02
  2464.8000       2.10516347E-02
  2464.9000       2.10428713E-02
  2465.0000       2.10329841E-02
  2465.1000       2.10225113E-02
  2465.2000       2.10105488E-02
  2465.3000       2.10002019E-02
  2465.4000       2.09891034E-02
  2465.5000       2.09772874E-02
  2465.6000       2.09645607E-02
  2465.7000       2.09533254E-02
  2465.8000       2.09421802E-02
  2465.9000       2.09282559E-02
  2466.0000       2.09161606E-02
  2466.1000       2.09053532E-02
  2466.2000       2.08948268E-02
  2466.3000       2.08839165E-02
  2466.4000       2.08737197E-02
  2466.5000       2.08636761E-02
  2466.6000       2.08519212E-02
  2466.7000       2.08393768E-02
  2466.8000       2.08278168E-02
  2466.9000       2.08150534E-02
  2467.0000       2.08023855E-02
  2467.1000       2.07911214E-02
  2467.2000       2.07798097E-02
  2467.3000       2.07689924E-02
  2467.4000       2.07600525E-02
  2467.5000       2.07504262E-02
  2467.6000       2.07409226E-02
  2467.7000       2.07323324E-02
  2467.8000       2.07253266E-02
  2467.9000       2.07189237E-02
  2468.0000       2.07138477E-02
  2468.1000       2.07085854E-02
  2468.2000       2.07048776E-02
  2468.3000       2.07012275E-02
  2468.4000       2.06970399E-02
  2468.5000       2.06916699E-02
  2468.6000       2.06863545E-02
  2468.7000       2.06801789E-02
  2468.8000       2.06753087E-02
  2468.9000       2.06700553E-02
  2469.0000       2.06666673E-02
  2469.1000       2.06646030E-02
  2469.2000       2.06652133E-02
  2469.3000       2.06661663E-02
  2469.4000       2.06708149E-02
  2469.5000       2.06774809E-02
  2469.6000       2.06868773E-02
  2469.7000       2.06968373E-02
  2469.8000       2.07117081E-02
  2469.9000       2.07267210E-02
  2470.0000       2.07429960E-02
  2470.1000       2.07580142E-02
  2470.2000       2.07701881E-02
  2470.3000       2.07824405E-02
  2470.4000       2.07939116E-02
  2470.5000       2.08047508E-02
  2470.6000       2.08148134E-02
  2470.7000       2.08247405E-02
  2470.8000       2.08325549E-02
  2470.9000       2.08380014E-02
  2471.0000       2.08436108E-02
  2471.1000       2.08480344E-02
  2471.2000       2.08506766E-02
  2471.3000       2.08515807E-02
  2471.4000       2.08515235E-02
  2471.5000       2.08504851E-02
  2471.6000       2.08461709E-02
  2471.7000       2.08396099E-02
  2471.8000       2.08311218E-02
  2471.9000       2.08220372E-02
  2472.0000       2.08139637E-02
  2472.1000       2.08084507E-02
  2472.2000       2.08065013E-02
  2472.3000       2.08065780E-02
  2472.4000       2.08066029E-02
  2472.5000       2.08040558E-02
  2472.6000       2.07991339E-02
  2472.7000       2.07928467E-02
  2472.8000       2.07841315E-02
  2472.9000       2.07731761E-02
  2473.0000       2.07616141E-02
  2473.1000       2.07487677E-02
  2473.2000       2.07359985E-02
  2473.3000       2.07273414E-02
  2473.4000       2.07205462E-02
  2473.5000       2.07137279E-02
  2473.6000       2.07055338E-02
  2473.7000       2.06949962E-02
  2473.8000       2.06832553E-02
  2473.9000       2.06732545E-02
  2474.0000       2.06641770E-02
  2474.1000       2.06593423E-02
  2474.2000       2.06572881E-02
  2474.3000       2.06557577E-02
  2474.4000       2.06565657E-02
  2474.5000       2.06594577E-02
  2474.6000       2.06611822E-02
  2474.7000       2.06638487E-02
  2474.8000       2.06667395E-02
  2474.9000       2.06737193E-02
  2475.0000       2.06843897E-02
  2475.1000       2.06967062E-02
  2475.2000       2.07117138E-02
  2475.3000       2.07222902E-02
  2475.4000       2.07258300E-02
  2475.5000       2.07222335E-02
  2475.6000       2.07121855E-02
  2475.7000       2.06961309E-02
  2475.8000       2.06775826E-02
  2475.9000       2.06575398E-02
  2476.0000       2.06377229E-02
  2476.1000       2.06157808E-02
  2476.2000       2.05938812E-02
  2476.3000       2.05717664E-02
  2476.4000       2.05512791E-02
  2476.5000       2.05323375E-02
  2476.6000       2.05142808E-02
  2476.7000       2.04996322E-02
  2476.8000       2.04860256E-02
  2476.9000       2.04741258E-02
  2477.0000       2.04635416E-02
  2477.1000       2.04547760E-02
  2477.2000       2.04447796E-02
  2477.3000       2.04365602E-02
  2477.4000       2.04292404E-02
  2477.5000       2.04202454E-02
  2477.6000       2.04114740E-02
  2477.7000       2.04029990E-02
  2477.8000       2.03930365E-02
  2477.9000       2.03841028E-02
  2478.0000       2.03733142E-02
  2478.1000       2.03635697E-02
  2478.2000       2.03518296E-02
  2478.3000       2.03399226E-02
  2478.4000       2.03267364E-02
  2478.5000       2.03148355E-02
  2478.6000       2.03012321E-02
  2478.7000       2.02867101E-02
  2478.8000       2.02710889E-02
  2478.9000       2.02563255E-02
  2479.0000       2.02403671E-02
  2479.1000       2.02255660E-02
  2479.2000       2.02085846E-02
  2479.3000       2.01921866E-02
  2479.4000       2.01762888E-02
  2479.5000       2.01605323E-02
  2479.6000       2.01441462E-02
  2479.7000       2.01285173E-02
  2479.8000       2.01104690E-02
  2479.9000       2.00924728E-02
  2480.0000       2.00734361E-02
  2480.1000       2.00534046E-02
  2480.2000       2.00330871E-02
  2480.3000       2.00118168E-02
  2480.4000       1.99889275E-02
  2480.5000       1.99659910E-02
  2480.6000       1.99431246E-02
  2480.7000       1.99183838E-02
  2480.8000       1.98940223E-02
  2480.9000       1.98692635E-02
  2481.0000       1.98435275E-02
  2481.1000       1.98194115E-02
  2481.2000       1.97954221E-02
  2481.3000       1.97709564E-02
  2481.4000       1.97467158E-02
  2481.5000       1.97216437E-02
  2481.6000       1.96975962E-02
  2481.7000       1.96711473E-02
  2481.8000       1.96449324E-02
  2481.9000       1.96173737E-02
  2482.0000       1.95901296E-02
  2482.1000       1.95623645E-02
  2482.2000       1.95339427E-02
  2482.3000       1.95064174E-02
  2482.4000       1.94786617E-02
  2482.5000       1.94510229E-02
  2482.6000       1.94235833E-02
  2482.7000       1.93955163E-02
  2482.8000       1.93677559E-02
  2482.9000       1.93416122E-02
  2483.0000       1.93178625E-02
  2483.1000       1.92931722E-02
  2483.2000       1.92710809E-02
  2483.3000       1.92492569E-02
  2483.4000       1.92298447E-02
  2483.5000       1.92104189E-02
  2483.6000       1.91894434E-02
  2483.7000       1.91717288E-02
  2483.8000       1.91525125E-02
  2483.9000       1.91342866E-02
  2484.0000       1.91170128E-02
  2484.1000       1.91016194E-02
  2484.2000       1.90877376E-02
  2484.3000       1.90753221E-02
  2484.4000       1.90644520E-02
  2484.5000       1.90557145E-02
  2484.6000       1.90481940E-02
  2484.7000       1.90427418E-02
  2484.8000       1.90375263E-02
  2484.9000       1.90349242E-02
  2485.0000       1.90307033E-02
  2485.1000       1.90288900E-02
  2485.2000       1.90254382E-02
  2485.3000       1.90215282E-02
  2485.4000       1.90179082E-02
  2485.5000       1.90118589E-02
  2485.6000       1.90053411E-02
  2485.7000       1.89963093E-02
  2485.8000       1.89842111E-02
  2485.9000       1.89715781E-02
  2486.0000       1.89562315E-02
  2486.1000       1.89387131E-02
  2486.2000       1.89209443E-02
  2486.3000       1.89022567E-02
  2486.4000       1.88831270E-02
  2486.5000       1.88652845E-02
  2486.6000       1.88480930E-02
  2486.7000       1.88323954E-02
  2486.8000       1.88166069E-02
  2486.9000       1.88018477E-02
  2487.0000       1.87847073E-02
  2487.1000       1.87683352E-02
  2487.2000       1.87507356E-02
  2487.3000       1.87317964E-02
  2487.4000       1.87132248E-02
  2487.5000       1.86945661E-02
  2487.6000       1.86799507E-02
  2487.7000       1.86666699E-02
  2487.8000       1.86574414E-02
  2487.9000       1.86503226E-02
  2488.0000       1.86461360E-02
  2488.1000       1.86434743E-02
  2488.2000       1.86418457E-02
  2488.3000       1.86408533E-02
  2488.4000       1.86382544E-02
  2488.5000       1.86349128E-02
  2488.6000       1.86302474E-02
  2488.7000       1.86243189E-02
  2488.8000       1.86156251E-02
  2488.9000       1.86079321E-02
  2489.0000       1.85997282E-02
  2489.1000       1.85924816E-02
  2489.2000       1.85860293E-02
  2489.3000       1.85801253E-02
  2489.4000       1.85761141E-02
  2489.5000       1.85715832E-02
  2489.6000       1.85661622E-02
  2489.7000       1.85600277E-02
  2489.8000       1.85541046E-02
  2489.9000       1.85466435E-02
  2490.0000       1.85420911E-02
  2490.1000       1.85373483E-02
  2490.2000       1.85342193E-02
  2490.3000       1.85308216E-02
  2490.4000       1.85285539E-02
  2490.5000       1.85267157E-02
  2490.6000       1.85253031E-02
  2490.7000       1.85240119E-02
  2490.8000       1.85228314E-02
  2490.9000       1.85227668E-02
  2491.0000       1.85222662E-02
  2491.1000       1.85214265E-02
  2491.2000       1.85216804E-02
  2491.3000       1.85234584E-02
  2491.4000       1.85253168E-02
  2491.5000       1.85292947E-02
  2491.6000       1.85360065E-02
  2491.7000       1.85446153E-02
  2491.8000       1.85556460E-02
  2491.9000       1.85689347E-02
  2492.0000       1.85852565E-02
  2492.1000       1.86034033E-02
  2492.2000       1.86226581E-02
  2492.3000       1.86441123E-02
  2492.4000       1.86666040E-02
  2492.5000       1.86902003E-02
  2492.6000       1.87145133E-02
  2492.7000       1.87396825E-02
  2492.8000       1.87667658E-02
  2492.9000       1.87933161E-02
  2493.0000       1.88207302E-02
  2493.1000       1.88465899E-02
  2493.2000       1.88718491E-02
  2493.3000       1.88948189E-02
  2493.4000       1.89180286E-02
  2493.5000       1.89400164E-02
  2493.6000       1.89603882E-02
  2493.7000       1.89797015E-02
  2493.8000       1.89975007E-02
  2493.9000       1.90139293E-02
  2494.0000       1.90291938E-02
  2494.1000       1.90431736E-02
  2494.2000       1.90548535E-02
  2494.3000       1.90662708E-02
  2494.4000       1.90756254E-02
  2494.5000       1.90865242E-02
  2494.6000       1.90958895E-02
  2494.7000       1.91062482E-02
  2494.8000       1.91157241E-02
  2494.9000       1.91256246E-02
  2495.0000       1.91342644E-02
  2495.1000       1.91443745E-02
  2495.2000       1.91541853E-02
  2495.3000       1.91637817E-02
  2495.4000       1.91735776E-02
  2495.5000       1.91860048E-02
  2495.6000       1.91986207E-02
  2495.7000       1.92135021E-02
  2495.8000       1.92301075E-02
  2495.9000       1.92494728E-02
  2496.0000       1.92693190E-02
  2496.1000       1.92901399E-02
  2496.2000       1.93132928E-02
  2496.3000       1.93360308E-02
  2496.4000       1.93598232E-02
  2496.5000       1.93838188E-02
  2496.6000       1.94079401E-02
  2496.7000       1.94329560E-02
  2496.8000       1.94577707E-02
  2496.9000       1.94812132E-02
  2497.0000       1.95032479E-02
  2497.1000       1.95242717E-02
  2497.2000       1.95435151E-02
  2497.3000       1.95606973E-02
  2497.4000       1.95757069E-02
  2497.5000       1.95895752E-02
  2497.6000       1.96027307E-02
  2497.7000       1.96144818E-02
  2497.8000       1.96258514E-02
  2497.9000       1.96371016E-02
  2498.0000       1.96479608E-02
  2498.1000       1.96597667E-02
  2498.2000       1.96720952E-02
  2498.3000       1.96851047E-02
  2498.4000       1.97000396E-02
  2498.5000       1.97151192E-02
  2498.6000       1.97326673E-02
  2498.7000       1.97519994E-02
  2498.8000       1.97728057E-02
  2498.9000       1.97954590E-02
  2499.0000       1.98190672E-02
  2499.1000       1.98420005E-02
  2499.2000       1.98649379E-02
  2499.3000       1.98865252E-02
  2499.4000       1.99073983E-02
  2499.5000       1.99281916E-02
  2499.6000       1.99482252E-02
  2499.7000       1.99682419E-02
  2499.8000       1.99888356E-02
  2499.9000       2.00109544E-02
  2500.0000       2.00348295E-02
  2500.1000       2.00594108E-02
  2500.2000       2.00872467E-02
  2500.3000       2.01161752E-02
  2500.4000       2.01470965E-02
  2500.5000       2.01797156E-02
  2500.6000       2.02140470E-02
  2500.7000       2.02510729E-02
  2500.8000       2.02901929E-02
  2500.9000       2.03281978E-02
  2501.0000       2.03670492E-02
  2501.1000       2.04043488E-02
  2501.2000       2.04402341E-02
  2501.3000       2.04759109E-02
  2501.4000       2.05117431E-02
  2501.5000       2.05469885E-02
  2501.6000       2.05821192E-02
  2501.7000       2.06190465E-02
  2501.8000       2.06568518E-02
  2501.9000       2.06956871E-02
  2502.0000       2.07359581E-02
  2502.1000       2.07787786E-02
  2502.2000       2.08201483E-02
  2502.3000       2.08625417E-02
  2502.4000       2.09024085E-02
  2502.5000       2.09384519E-02
  2502.6000       2.09731802E-02
  2502.7000       2.10082891E-02
  2502.8000       2.10462184E-02
  2502.9000       2.10864726E-02
  2503.0000       2.11286412E-02
  2503.1000       2.11733903E-02
  2503.2000       2.12198726E-02
  2503.3000       2.12670632E-02
  2503.4000       2.13145402E-02
  2503.5000       2.13617312E-02
  2503.6000       2.14073884E-02
  2503.7000       2.14501808E-02
  2503.8000       2.14922441E-02
  2503.9000       2.15330177E-02
  2504.0000       2.15703967E-02
  2504.1000       2.16062944E-02
  2504.2000       2.16379215E-02
  2504.3000       2.16621443E-02
  2504.4000       2.16773716E-02
  2504.5000       2.16889564E-02
  2504.6000       2.16962422E-02
  2504.7000       2.17017324E-02
  2504.8000       2.17058673E-02
  2504.9000       2.17085099E-02
  2505.0000       2.17102221E-02
  2505.1000       2.17135494E-02
  2505.2000       2.17158791E-02
  2505.3000       2.17184768E-02
  2505.4000       2.17208614E-02
  2505.5000       2.17242872E-02
  2505.6000       2.17286307E-02
  2505.7000       2.17321818E-02
  2505.8000       2.17373200E-02
  2505.9000       2.17435934E-02
  2506.0000       2.17501445E-02
  2506.1000       2.17576047E-02
  2506.2000       2.17650319E-02
  2506.3000       2.17736420E-02
  2506.4000       2.17807036E-02
  2506.5000       2.17914225E-02
  2506.6000       2.18005530E-02
  2506.7000       2.18089037E-02
  2506.8000       2.18205547E-02
  2506.9000       2.18330886E-02
  2507.0000       2.18441767E-02
  2507.1000       2.18565073E-02
  2507.2000       2.18693966E-02
  2507.3000       2.18813867E-02
  2507.4000       2.18926679E-02
  2507.5000       2.19012712E-02
  2507.6000       2.19099431E-02
  2507.7000       2.19177874E-02
  2507.8000       2.19248379E-02
  2507.9000       2.19327018E-02
  2508.0000       2.19402450E-02
  2508.1000       2.19470293E-02
  2508.2000       2.19524025E-02
  2508.3000       2.19592354E-02
  2508.4000       2.19643678E-02
  2508.5000       2.19697888E-02
  2508.6000       2.19730896E-02
  2508.7000       2.19775569E-02
  2508.8000       2.19810912E-02
  2508.9000       2.19833125E-02
  2509.0000       2.19854084E-02
  2509.1000       2.19866665E-02
  2509.2000       2.19881197E-02
  2509.3000       2.19872692E-02
  2509.4000       2.19839589E-02
  2509.5000       2.19809818E-02
  2509.6000       2.19759045E-02
  2509.7000       2.19694227E-02
  2509.8000       2.19620599E-02
  2509.9000       2.19555286E-02
  2510.0000       2.19512665E-02
  2510.1000       2.19479789E-02
  2510.2000       2.19475146E-02
  2510.3000       2.19486388E-02
  2510.4000       2.19511044E-02
  2510.5000       2.19540241E-02
  2510.6000       2.19562063E-02
  2510.7000       2.19583870E-02
  2510.8000       2.19597979E-02
  2510.9000       2.19620824E-02
  2511.0000       2.19646507E-02
  2511.1000       2.19673238E-02
  2511.2000       2.19684344E-02
  2511.3000       2.19712502E-02
  2511.4000       2.19746883E-02
  2511.5000       2.19790668E-02
  2511.6000       2.19802544E-02
  2511.7000       2.19797790E-02
  2511.8000       2.19783182E-02
  2511.9000       2.19762753E-02
  2512.0000       2.19721333E-02
  2512.1000       2.19684129E-02
  2512.2000       2.19641484E-02
  2512.3000       2.19594049E-02
  2512.4000       2.19550646E-02
  2512.5000       2.19494087E-02
  2512.6000       2.19425930E-02
  2512.7000       2.19366317E-02
  2512.8000       2.19273039E-02
  2512.9000       2.19169274E-02
  2513.0000       2.19114260E-02
  2513.1000       2.19040804E-02
  2513.2000       2.19008634E-02
  2513.3000       2.18992383E-02
  2513.4000       2.18991476E-02
  2513.5000       2.19012593E-02
  2513.6000       2.19059604E-02
  2513.7000       2.19105308E-02
  2513.8000       2.19164980E-02
  2513.9000       2.19210438E-02
  2514.0000       2.19275206E-02
  2514.1000       2.19335714E-02
  2514.2000       2.19415416E-02
  2514.3000       2.19508839E-02
  2514.4000       2.19582006E-02
  2514.5000       2.19665359E-02
  2514.6000       2.19730751E-02
  2514.7000       2.19822940E-02
  2514.8000       2.19891506E-02
  2514.9000       2.19979865E-02
  2515.0000       2.20060427E-02
  2515.1000       2.20124385E-02
  2515.2000       2.20195550E-02
  2515.3000       2.20263303E-02
  2515.4000       2.20301340E-02
  2515.5000       2.20355202E-02
  2515.6000       2.20389154E-02
  2515.7000       2.20403534E-02
  2515.8000       2.20435478E-02
  2515.9000       2.20458455E-02
  2516.0000       2.20476199E-02
  2516.1000       2.20497845E-02
  2516.2000       2.20510087E-02
  2516.3000       2.20524228E-02
  2516.4000       2.20532954E-02
  2516.5000       2.20543278E-02
  2516.6000       2.20531051E-02
  2516.7000       2.20548924E-02
  2516.8000       2.20556296E-02
  2516.9000       2.20581056E-02
  2517.0000       2.20619415E-02
  2517.1000       2.20650460E-02
  2517.2000       2.20690039E-02
  2517.3000       2.20755217E-02
  2517.4000       2.20816385E-02
  2517.5000       2.20878345E-02
  2517.6000       2.20957314E-02
  2517.7000       2.21044508E-02
  2517.8000       2.21144530E-02
  2517.9000       2.21239929E-02
  2518.0000       2.21344407E-02
  2518.1000       2.21462053E-02
  2518.2000       2.21564439E-02
  2518.3000       2.21658873E-02
  2518.4000       2.21741622E-02
  2518.5000       2.21784004E-02
  2518.6000       2.21817651E-02
  2518.7000       2.21828312E-02
  2518.8000       2.21809679E-02
  2518.9000       2.21783750E-02
  2519.0000       2.21739834E-02
  2519.1000       2.21676005E-02
  2519.2000       2.21601649E-02
  2519.3000       2.21522903E-02
  2519.4000       2.21422710E-02
  2519.5000       2.21321113E-02
  2519.6000       2.21223328E-02
  2519.7000       2.21140885E-02
  2519.8000       2.21078231E-02
  2519.9000       2.21047134E-02
  2520.0000       2.21020288E-02
  2520.1000       2.21017691E-02
  2520.2000       2.21030187E-02
  2520.3000       2.21050699E-02
  2520.4000       2.21068499E-02
  2520.5000       2.21081737E-02
  2520.6000       2.21082557E-02
  2520.7000       2.21079511E-02
  2520.8000       2.21095448E-02
  2520.9000       2.21110926E-02
  2521.0000       2.21135493E-02
  2521.1000       2.21162563E-02
  2521.2000       2.21191391E-02
  2521.3000       2.21236568E-02
  2521.4000       2.21258321E-02
  2521.5000       2.21280322E-02
  2521.6000       2.21295667E-02
  2521.7000       2.21296098E-02
  2521.8000       2.21304496E-02
  2521.9000       2.21289835E-02
  2522.0000       2.21257444E-02
  2522.1000       2.21211103E-02
  2522.2000       2.21170606E-02
  2522.3000       2.21136481E-02
  2522.4000       2.21113261E-02
  2522.5000       2.21143427E-02
  2522.6000       2.21208149E-02
  2522.7000       2.21311394E-02
  2522.8000       2.21418519E-02
  2522.9000       2.21527525E-02
  2523.0000       2.21614327E-02
  2523.1000       2.21668026E-02
  2523.2000       2.21698665E-02
  2523.3000       2.21720277E-02
  2523.4000       2.21753944E-02
  2523.5000       2.21807339E-02
  2523.6000       2.21877583E-02
  2523.7000       2.21918013E-02
  2523.8000       2.21893214E-02
  2523.9000       2.21805038E-02
  2524.0000       2.21659852E-02
  2524.1000       2.21456761E-02
  2524.2000       2.21245111E-02
  2524.3000       2.21026731E-02
  2524.4000       2.20787703E-02
  2524.5000       2.20542984E-02
  2524.6000       2.20313199E-02
  2524.7000       2.20085983E-02
  2524.8000       2.19871437E-02
  2524.9000       2.19686275E-02
  2525.0000       2.19508920E-02
  2525.1000       2.19325852E-02
  2525.2000       2.19143351E-02
  2525.3000       2.18935393E-02
  2525.4000       2.18694216E-02
  2525.5000       2.18441570E-02
  2525.6000       2.18141020E-02
  2525.7000       2.17839042E-02
  2525.8000       2.17518727E-02
  2525.9000       2.17205883E-02
  2526.0000       2.16878668E-02
  2526.1000       2.16536930E-02
  2526.2000       2.16176811E-02
  2526.3000       2.15814317E-02
  2526.4000       2.15456892E-02
  2526.5000       2.15119784E-02
  2526.6000       2.14818075E-02
  2526.7000       2.14539350E-02
  2526.8000       2.14292353E-02
  2526.9000       2.14087563E-02
  2527.0000       2.13917436E-02
  2527.1000       2.13745057E-02
  2527.2000       2.13598812E-02
  2527.3000       2.13438706E-02
  2527.4000       2.13280325E-02
  2527.5000       2.13086111E-02
  2527.6000       2.12872230E-02
  2527.7000       2.12618397E-02
  2527.8000       2.12347994E-02
  2527.9000       2.12069417E-02
  2528.0000       2.11774541E-02
  2528.1000       2.11472162E-02
  2528.2000       2.11182663E-02
  2528.3000       2.10911096E-02
  2528.4000       2.10635323E-02
  2528.5000       2.10377657E-02
  2528.6000       2.10129754E-02
  2528.7000       2.09903839E-02
  2528.8000       2.09701051E-02
  2528.9000       2.09515058E-02
  2529.0000       2.09363162E-02
  2529.1000       2.09224154E-02
  2529.2000       2.09080533E-02
  2529.3000       2.08977832E-02
  2529.4000       2.08857776E-02
  2529.5000       2.08746471E-02
  2529.6000       2.08655228E-02
  2529.7000       2.08556938E-02
  2529.8000       2.08482365E-02
  2529.9000       2.08391629E-02
  2530.0000       2.08288153E-02
  2530.1000       2.08200407E-02
  2530.2000       2.08092683E-02
  2530.3000       2.07999757E-02
  2530.4000       2.07911104E-02
  2530.5000       2.07832203E-02
  2530.6000       2.07756031E-02
  2530.7000       2.07664929E-02
  2530.8000       2.07574113E-02
  2530.9000       2.07481231E-02
  2531.0000       2.07383213E-02
  2531.1000       2.07294815E-02
  2531.2000       2.07214852E-02
  2531.3000       2.07137529E-02
  2531.4000       2.07087507E-02
  2531.5000       2.07043362E-02
  2531.6000       2.06991652E-02
  2531.7000       2.06957803E-02
  2531.8000       2.06927986E-02
  2531.9000       2.06885418E-02
  2532.0000       2.06842951E-02
  2532.1000       2.06792945E-02
  2532.2000       2.06754174E-02
  2532.3000       2.06711294E-02
  2532.4000       2.06697675E-02
  2532.5000       2.06676210E-02
  2532.6000       2.06691100E-02
  2532.7000       2.06718409E-02
  2532.8000       2.06753323E-02
  2532.9000       2.06811968E-02
  2533.0000       2.06881251E-02
  2533.1000       2.06948394E-02
  2533.2000       2.07011102E-02
  2533.3000       2.07057979E-02
  2533.4000       2.07093175E-02
  2533.5000       2.07111602E-02
  2533.6000       2.07109410E-02
  2533.7000       2.07078204E-02
  2533.8000       2.07044550E-02
  2533.9000       2.07001097E-02
  2534.0000       2.06958999E-02
  2534.1000       2.06887972E-02
  2534.2000       2.06828383E-02
  2534.3000       2.06777534E-02
  2534.4000       2.06722512E-02
  2534.5000       2.06689472E-02
  2534.6000       2.06671789E-02
  2534.7000       2.06670271E-02
  2534.8000       2.06689815E-02
  2534.9000       2.06710520E-02
  2535.0000       2.06741118E-02
  2535.1000       2.06777791E-02
  2535.2000       2.06798649E-02
  2535.3000       2.06832860E-02
  2535.4000       2.06850526E-02
  2535.5000       2.06883880E-02
  2535.6000       2.06931356E-02
  2535.7000       2.06995311E-02
  2535.8000       2.07092038E-02
  2535.9000       2.07207555E-02
  2536.0000       2.07325985E-02
  2536.1000       2.07452762E-02
  2536.2000       2.07585329E-02
  2536.3000       2.07704831E-02
  2536.4000       2.07822053E-02
  2536.5000       2.07928833E-02
  2536.6000       2.08023034E-02
  2536.7000       2.08111089E-02
  2536.8000       2.08193729E-02
  2536.9000       2.08266900E-02
  2537.0000       2.08343067E-02
  2537.1000       2.08391919E-02
  2537.2000       2.08438035E-02
  2537.3000       2.08480740E-02
  2537.4000       2.08492711E-02
  2537.5000       2.08489258E-02
  2537.6000       2.08457721E-02
  2537.7000       2.08404112E-02
  2537.8000       2.08320795E-02
  2537.9000       2.08212922E-02
  2538.0000       2.08107554E-02
  2538.1000       2.07978841E-02
  2538.2000       2.07860834E-02
  2538.3000       2.07758117E-02
  2538.4000       2.07657367E-02
  2538.5000       2.07580290E-02
  2538.6000       2.07511901E-02
  2538.7000       2.07455960E-02
  2538.8000       2.07427109E-02
  2538.9000       2.07391836E-02
  2539.0000       2.07364616E-02
  2539.1000       2.07338783E-02
  2539.2000       2.07311086E-02
  2539.3000       2.07259348E-02
  2539.4000       2.07201727E-02
  2539.5000       2.07139364E-02
  2539.6000       2.07078127E-02
  2539.7000       2.06996717E-02
  2539.8000       2.06915709E-02
  2539.9000       2.06806815E-02
  2540.0000       2.06708680E-02
  2540.1000       2.06631908E-02
  2540.2000       2.06528777E-02
  2540.3000       2.06410987E-02
  2540.4000       2.06295520E-02
  2540.5000       2.06181186E-02
  2540.6000       2.06069419E-02
  2540.7000       2.05961662E-02
  2540.8000       2.05844262E-02
  2540.9000       2.05715289E-02
  2541.0000       2.05594094E-02
  2541.1000       2.05471221E-02
  2541.2000       2.05351604E-02
  2541.3000       2.05262948E-02
  2541.4000       2.05183484E-02
  2541.5000       2.05096628E-02
  2541.6000       2.05030646E-02
  2541.7000       2.04949629E-02
  2541.8000       2.04852016E-02
  2541.9000       2.04760691E-02
  2542.0000       2.04682783E-02
  2542.1000       2.04602645E-02
  2542.2000       2.04514374E-02
  2542.3000       2.04433322E-02
  2542.4000       2.04344175E-02
  2542.5000       2.04240654E-02
  2542.6000       2.04142487E-02
  2542.7000       2.04018851E-02
  2542.8000       2.03902261E-02
  2542.9000       2.03782368E-02
  2543.0000       2.03669567E-02
  2543.1000       2.03539253E-02
  2543.2000       2.03390082E-02
  2543.3000       2.03226297E-02
  2543.4000       2.03052950E-02
  2543.5000       2.02852983E-02
  2543.6000       2.02625916E-02
  2543.7000       2.02397360E-02
  2543.8000       2.02132856E-02
  2543.9000       2.01851449E-02
  2544.0000       2.01559793E-02
  2544.1000       2.01257575E-02
  2544.2000       2.00943817E-02
  2544.3000       2.00627834E-02
  2544.4000       2.00320169E-02
  2544.5000       2.00002767E-02
  2544.6000       1.99688576E-02
  2544.7000       1.99408181E-02
  2544.8000       1.99158091E-02
  2544.9000       1.98950787E-02
  2545.0000       1.98785954E-02
  2545.1000       1.98651791E-02
  2545.2000       1.98554852E-02
  2545.3000       1.98476635E-02
  2545.4000       1.98410598E-02
  2545.5000       1.98357610E-02
  2545.6000       1.98301740E-02
  2545.7000       1.98251509E-02
  2545.8000       1.98213588E-02
  2545.9000       1.98184344E-02
  2546.0000       1.98161742E-02
  2546.1000       1.98150994E-02
  2546.2000       1.98126358E-02
  2546.3000       1.98094582E-02
  2546.4000       1.98060971E-02
  2546.5000       1.98040312E-02
  2546.6000       1.98026080E-02
  2546.7000       1.97999649E-02
  2546.8000       1.97989670E-02
  2546.9000       1.97991243E-02
  2547.0000       1.97998432E-02
  2547.1000       1.98004010E-02
  2547.2000       1.98017162E-02
  2547.3000       1.98015046E-02
  2547.4000       1.98007952E-02
  2547.5000       1.98028155E-02
  2547.6000       1.98063522E-02
  2547.7000       1.98101536E-02
  2547.8000       1.98181924E-02
  2547.9000       1.98307809E-02
  2548.0000       1.98450072E-02
  2548.1000       1.98594488E-02
  2548.2000       1.98775470E-02
  2548.3000       1.98925146E-02
  2548.4000       1.99061886E-02
  2548.5000       1.99203089E-02
  2548.6000       1.99304498E-02
  2548.7000       1.99346106E-02
  2548.8000       1.99355335E-02
  2548.9000       1.99299322E-02
  2549.0000       1.99224275E-02
  2549.1000       1.99114866E-02
  2549.2000       1.98954180E-02
  2549.3000       1.98754384E-02
  2549.4000       1.98522817E-02
  2549.5000       1.98285099E-02
  2549.6000       1.98077945E-02
  2549.7000       1.97889391E-02
  2549.8000       1.97777128E-02
  2549.9000       1.97717305E-02
  2550.0000       1.97705943E-02
  2550.1000       1.97716464E-02
  2550.2000       1.97747933E-02
  2550.3000       1.97778111E-02
  2550.4000       1.97803572E-02
  2550.5000       1.97810943E-02
  2550.6000       1.97810804E-02
  2550.7000       1.97816985E-02
  2550.8000       1.97806809E-02
  2550.9000       1.97804558E-02
  2551.0000       1.97811994E-02
  2551.1000       1.97850921E-02
  2551.2000       1.97913149E-02
  2551.3000       1.97993711E-02
  2551.4000       1.98085977E-02
  2551.5000       1.98209535E-02
  2551.6000       1.98366797E-02
  2551.7000       1.98531325E-02
  2551.8000       1.98716307E-02
  2551.9000       1.98968672E-02
  2552.0000       1.99225774E-02
  2552.1000       1.99508944E-02
  2552.2000       1.99806193E-02
  2552.3000       2.00099793E-02
  2552.4000       2.00380721E-02
  2552.5000       2.00662365E-02
  2552.6000       2.00934656E-02
  2552.7000       2.01174960E-02
  2552.8000       2.01368126E-02
  2552.9000       2.01520847E-02
  2553.0000       2.01627010E-02
  2553.1000       2.01687603E-02
  2553.2000       2.01709785E-02
  2553.3000       2.01694145E-02
  2553.4000       2.01667865E-02
  2553.5000       2.01631717E-02
  2553.6000       2.01616084E-02
  2553.7000       2.01652332E-02
  2553.8000       2.01720641E-02
  2553.9000       2.01834652E-02
  2554.0000       2.01998786E-02
  2554.1000       2.02188039E-02
  2554.2000       2.02369509E-02
  2554.3000       2.02510928E-02
  2554.4000       2.02608680E-02
  2554.5000       2.02657534E-02
  2554.6000       2.02665483E-02
  2554.7000       2.02634583E-02
  2554.8000       2.02609584E-02
  2554.9000       2.02593898E-02
  2555.0000       2.02552456E-02
  2555.1000       2.02530811E-02
  2555.2000       2.02514383E-02
  2555.3000       2.02494371E-02
  2555.4000       2.02481639E-02
  2555.5000       2.02467779E-02
  2555.6000       2.02474982E-02
  2555.7000       2.02483381E-02
  2555.8000       2.02517957E-02
  2555.9000       2.02558686E-02
  2556.0000       2.02631498E-02
  2556.1000       2.02709682E-02
  2556.2000       2.02817279E-02
  2556.3000       2.02910563E-02
  2556.4000       2.03010374E-02
  2556.5000       2.03118273E-02
  2556.6000       2.03219146E-02
  2556.7000       2.03311323E-02
  2556.8000       2.03398570E-02
  2556.9000       2.03495719E-02
  2557.0000       2.03605651E-02
  2557.1000       2.03715105E-02
  2557.2000       2.03871390E-02
  2557.3000       2.04042590E-02
  2557.4000       2.04239850E-02
  2557.5000       2.04476542E-02
  2557.6000       2.04726119E-02
  2557.7000       2.04995496E-02
  2557.8000       2.05261254E-02
  2557.9000       2.05532722E-02
  2558.0000       2.05778609E-02
  2558.1000       2.06031579E-02
  2558.2000       2.06275486E-02
  2558.3000       2.06520067E-02
  2558.4000       2.06753322E-02
  2558.5000       2.06984246E-02
  2558.6000       2.07228148E-02
  2558.7000       2.07463538E-02
  2558.8000       2.07725590E-02
  2558.9000       2.07965607E-02
  2559.0000       2.08218270E-02
  2559.1000       2.08465459E-02
  2559.2000       2.08715163E-02
  2559.3000       2.08971474E-02
  2559.4000       2.09221673E-02
  2559.5000       2.09451906E-02
  2559.6000       2.09679428E-02
  2559.7000       2.09874851E-02
  2559.8000       2.10084824E-02
  2559.9000       2.10274899E-02
  2560.0000       2.10469004E-02
  2560.1000       2.10664349E-02
  2560.2000       2.10858187E-02
  2560.3000       2.11052377E-02
  2560.4000       2.11260083E-02
  2560.5000       2.11461997E-02
  2560.6000       2.11688818E-02
  2560.7000       2.11924831E-02
  2560.8000       2.12163189E-02
  2560.9000       2.12420969E-02
  2561.0000       2.12680374E-02
  2561.1000       2.12963467E-02
  2561.2000       2.13257469E-02
  2561.3000       2.13563847E-02
  2561.4000       2.13883364E-02
  2561.5000       2.14226841E-02
  2561.6000       2.14593150E-02
  2561.7000       2.14975670E-02
  2561.8000       2.15374946E-02
  2561.9000       2.15795985E-02
  2562.0000       2.16218625E-02
  2562.1000       2.16663370E-02
  2562.2000       2.17120445E-02
  2562.3000       2.17565938E-02
  2562.4000       2.18012758E-02
  2562.5000       2.18444823E-02
  2562.6000       2.18880512E-02
  2562.7000       2.19319639E-02
  2562.8000       2.19753809E-02
  2562.9000       2.20192595E-02
  2563.0000       2.20640047E-02
  2563.1000       2.21095004E-02
  2563.2000       2.21546739E-02
  2563.3000       2.22028243E-02
  2563.4000       2.22498994E-02
  2563.5000       2.22982414E-02
  2563.6000       2.23492082E-02
  2563.7000       2.24005519E-02
  2563.8000       2.24551709E-02
  2563.9000       2.25144277E-02
  2564.0000       2.25781960E-02
  2564.1000       2.26453255E-02
  2564.2000       2.27141512E-02
  2564.3000       2.27852345E-02
  2564.4000       2.28549288E-02
  2564.5000       2.29211017E-02
  2564.6000       2.29852174E-02
  2564.7000       2.30471943E-02
  2564.8000       2.31060480E-02
  2564.9000       2.31626822E-02
  2565.0000       2.32174665E-02
  2565.1000       2.32720642E-02
  2565.2000       2.33220295E-02
  2565.3000       2.33697725E-02
  2565.4000       2.34176153E-02
  2565.5000       2.34635978E-02
  2565.6000       2.35090525E-02
  2565.7000       2.35554968E-02
  2565.8000       2.36006655E-02
  2565.9000       2.36464965E-02
  2566.0000       2.36890544E-02
  2566.1000       2.37309913E-02
  2566.2000       2.37709163E-02
  2566.3000       2.38115059E-02
  2566.4000       2.38516702E-02
  2566.5000       2.38910006E-02
  2566.6000       2.39315021E-02
  2566.7000       2.39717911E-02
  2566.8000       2.40112477E-02
  2566.9000       2.40489009E-02
  2567.0000       2.40842827E-02
  2567.1000       2.41172766E-02
  2567.2000       2.41479640E-02
  2567.3000       2.41795204E-02
  2567.4000       2.42091762E-02
  2567.5000       2.42389916E-02
  2567.6000       2.42701840E-02
  2567.7000       2.42980468E-02
  2567.8000       2.43286257E-02
  2567.9000       2.43571334E-02
  2568.0000       2.43828401E-02
  2568.1000       2.44069032E-02
  2568.2000       2.44292513E-02
  2568.3000       2.44468699E-02
  2568.4000       2.44649032E-02
  2568.5000       2.44796668E-02
  2568.6000       2.44928907E-02
  2568.7000       2.45044559E-02
  2568.8000       2.45174154E-02
  2568.9000       2.45290277E-02
  2569.0000       2.45424658E-02
  2569.1000       2.45578148E-02
  2569.2000       2.45747607E-02
  2569.3000       2.45919750E-02
  2569.4000       2.46109108E-02
  2569.5000       2.46301753E-02
  2569.6000       2.46478054E-02
  2569.7000       2.46648034E-02
  2569.8000       2.46790589E-02
  2569.9000       2.46868017E-02
  2570.0000       2.46948183E-02
  2570.1000       2.46997673E-02
  2570.2000       2.47015086E-02
  2570.3000       2.47018106E-02
  2570.4000       2.46999789E-02
  2570.5000       2.46949927E-02
  2570.6000       2.46864190E-02
  2570.7000       2.46773780E-02
  2570.8000       2.46714922E-02
  2570.9000       2.46640632E-02
  2571.0000       2.46553337E-02
  2571.1000       2.46432924E-02
  2571.2000       2.46274867E-02
  2571.3000       2.46130368E-02
  2571.4000       2.45999356E-02
  2571.5000       2.45773010E-02
  2571.6000       2.45480239E-02
  2571.7000       2.45116951E-02
  2571.8000       2.44724722E-02
  2571.9000       2.44283115E-02
  2572.0000       2.43812109E-02
  2572.1000       2.43363073E-02
  2572.2000       2.42971392E-02
  2572.3000       2.42650140E-02
  2572.4000       2.42395517E-02
  2572.5000       2.42197314E-02
  2572.6000       2.42040135E-02
  2572.7000       2.41915703E-02
  2572.8000       2.41826510E-02
  2572.9000       2.41702588E-02
  2573.0000       2.41563136E-02
  2573.1000       2.41374373E-02
  2573.2000       2.41143803E-02
  2573.3000       2.40867166E-02
  2573.4000       2.40550157E-02
  2573.5000       2.40239224E-02
  2573.6000       2.39852992E-02
  2573.7000       2.39443997E-02
  2573.8000       2.39006411E-02
  2573.9000       2.38573494E-02
  2574.0000       2.38122633E-02
  2574.1000       2.37670815E-02
  2574.2000       2.37213213E-02
  2574.3000       2.36777617E-02
  2574.4000       2.36373480E-02
  2574.5000       2.35994517E-02
  2574.6000       2.35620931E-02
  2574.7000       2.35258659E-02
  2574.8000       2.34929843E-02
  2574.9000       2.34598478E-02
  2575.0000       2.34253058E-02
  2575.1000       2.33875506E-02
  2575.2000       2.33454104E-02
  2575.3000       2.33041687E-02
  2575.4000       2.32602452E-02
  2575.5000       2.32183878E-02
  2575.6000       2.31805956E-02
  2575.7000       2.31450406E-02
  2575.8000       2.31129711E-02
  2575.9000       2.30855079E-02
  2576.0000       2.30584035E-02
  2576.1000       2.30344275E-02
  2576.2000       2.30140732E-02
  2576.3000       2.29965105E-02
  2576.4000       2.29821706E-02
  2576.5000       2.29755074E-02
  2576.6000       2.29728237E-02
  2576.7000       2.29749145E-02
  2576.8000       2.29789702E-02
  2576.9000       2.29813668E-02
  2577.0000       2.29884453E-02
  2577.1000       2.29930320E-02
  2577.2000       2.29967757E-02
  2577.3000       2.30005697E-02
  2577.4000       2.30067668E-02
  2577.5000       2.30135708E-02
  2577.6000       2.30206496E-02
  2577.7000       2.30295732E-02
  2577.8000       2.30366201E-02
  2577.9000       2.30455294E-02
  2578.0000       2.30570170E-02
  2578.1000       2.30696165E-02
  2578.2000       2.30821373E-02
  2578.3000       2.30976726E-02
  2578.4000       2.31129877E-02
  2578.5000       2.31295086E-02
  2578.6000       2.31446408E-02
  2578.7000       2.31617832E-02
  2578.8000       2.31787669E-02
  2578.9000       2.31950991E-02
  2579.0000       2.32127161E-02
  2579.1000       2.32306865E-02
  2579.2000       2.32459220E-02
  2579.3000       2.32622601E-02
  2579.4000       2.32772943E-02
  2579.5000       2.32898479E-02
  2579.6000       2.33039225E-02
  2579.7000       2.33171965E-02
  2579.8000       2.33277626E-02
  2579.9000       2.33379474E-02
  2580.0000       2.33476158E-02
  2580.1000       2.33562913E-02
  2580.2000       2.33686520E-02
  2580.3000       2.33812366E-02
  2580.4000       2.33951868E-02
  2580.5000       2.34066660E-02
  2580.6000       2.34191994E-02
  2580.7000       2.34336809E-02
  2580.8000       2.34457115E-02
  2580.9000       2.34562827E-02
  2581.0000       2.34676665E-02
  2581.1000       2.34761875E-02
  2581.2000       2.34863901E-02
  2581.3000       2.34949209E-02
  2581.4000       2.35042748E-02
  2581.5000       2.35135468E-02
  2581.6000       2.35239919E-02
  2581.7000       2.35333549E-02
  2581.8000       2.35418088E-02
  2581.9000       2.35531307E-02
  2582.0000       2.35634670E-02
  2582.1000       2.35738137E-02
  2582.2000       2.35866657E-02
  2582.3000       2.35990068E-02
  2582.4000       2.36143501E-02
  2582.5000       2.36317601E-02
  2582.6000       2.36496563E-02
  2582.7000       2.36704768E-02
  2582.8000       2.36915880E-02
  2582.9000       2.37117859E-02
  2583.0000       2.37303229E-02
  2583.1000       2.37478096E-02
  2583.2000       2.37638089E-02
  2583.3000       2.37775661E-02
  2583.4000       2.37895002E-02
  2583.5000       2.38013481E-02
  2583.6000       2.38132828E-02
  2583.7000       2.38241286E-02
  2583.8000       2.38373663E-02
  2583.9000       2.38496183E-02
  2584.0000       2.38617270E-02
  2584.1000       2.38747752E-02
  2584.2000       2.38900412E-02
  2584.3000       2.39042156E-02
  2584.4000       2.39183552E-02
  2584.5000       2.39328713E-02
  2584.6000       2.39473815E-02
  2584.7000       2.39625729E-02
  2584.8000       2.39753708E-02
  2584.9000       2.39875256E-02
  2585.0000       2.39983259E-02
  2585.1000       2.40085608E-02
  2585.2000       2.40176867E-02
  2585.3000       2.40236836E-02
  2585.4000       2.40290497E-02
  2585.5000       2.40326803E-02
  2585.6000       2.40357827E-02
  2585.7000       2.40369229E-02
  2585.8000       2.40394950E-02
  2585.9000       2.40434274E-02
  2586.0000       2.40451672E-02
  2586.1000       2.40475644E-02
  2586.2000       2.40482082E-02
  2586.3000       2.40457393E-02
  2586.4000       2.40456239E-02
  2586.5000       2.40484262E-02
  2586.6000       2.40512181E-02
  2586.7000       2.40569370E-02
  2586.8000       2.40645850E-02
  2586.9000       2.40725630E-02
  2587.0000       2.40785496E-02
  2587.1000       2.40836472E-02
  2587.2000       2.40869459E-02
  2587.3000       2.40929718E-02
  2587.4000       2.41012449E-02
  2587.5000       2.41087914E-02
  2587.6000       2.41173211E-02
  2587.7000       2.41236167E-02
  2587.8000       2.41306108E-02
  2587.9000       2.41352329E-02
  2588.0000       2.41422647E-02
  2588.1000       2.41489117E-02
  2588.2000       2.41556124E-02
  2588.3000       2.41615558E-02
  2588.4000       2.41661505E-02
  2588.5000       2.41743185E-02
  2588.6000       2.41827032E-02
  2588.7000       2.41944233E-02
  2588.8000       2.42066430E-02
  2588.9000       2.42202652E-02
  2589.0000       2.42331838E-02
  2589.1000       2.42452105E-02
  2589.2000       2.42554579E-02
  2589.3000       2.42642177E-02
  2589.4000       2.42744955E-02
  2589.5000       2.42841427E-02
  2589.6000       2.42961677E-02
  2589.7000       2.43087703E-02
  2589.8000       2.43207634E-02
  2589.9000       2.43344830E-02
  2590.0000       2.43481076E-02
  2590.1000       2.43651991E-02
  2590.2000       2.43829725E-02
  2590.3000       2.44035564E-02
  2590.4000       2.44239378E-02
  2590.5000       2.44451699E-02
  2590.6000       2.44655139E-02
  2590.7000       2.44831602E-02
  2590.8000       2.45021030E-02
  2590.9000       2.45208022E-02
  2591.0000       2.45399405E-02
  2591.1000       2.45599217E-02
  2591.2000       2.45802593E-02
  2591.3000       2.46013936E-02
  2591.4000       2.46240396E-02
  2591.5000       2.46430882E-02
  2591.6000       2.46625240E-02
  2591.7000       2.46795198E-02
  2591.8000       2.46954382E-02
  2591.9000       2.47071794E-02
  2592.0000       2.47196736E-02
  2592.1000       2.47263283E-02
  2592.2000       2.47324029E-02
  2592.3000       2.47357364E-02
  2592.4000       2.47355253E-02
  2592.5000       2.47319628E-02
  2592.6000       2.47256218E-02
  2592.7000       2.47186014E-02
  2592.8000       2.47140241E-02
  2592.9000       2.47104012E-02
  2593.0000       2.47105401E-02
  2593.1000       2.47137591E-02
  2593.2000       2.47189252E-02
  2593.3000       2.47249568E-02
  2593.4000       2.47296203E-02
  2593.5000       2.47328494E-02
  2593.6000       2.47367063E-02
  2593.7000       2.47344692E-02
  2593.8000       2.47281786E-02
  2593.9000       2.47166736E-02
  2594.0000       2.47027039E-02
  2594.1000       2.46891131E-02
  2594.2000       2.46755936E-02
  2594.3000       2.46624064E-02
  2594.4000       2.46450512E-02
  2594.5000       2.46236667E-02
  2594.6000       2.45830275E-02
  2594.7000       2.45346611E-02
  2594.8000       2.44794097E-02
  2594.9000       2.44102759E-02
  2595.0000       2.43374606E-02
  2595.1000       2.42522467E-02
  2595.2000       2.41715674E-02
  2595.3000       2.40830265E-02
  2595.4000       2.39924317E-02
  2595.5000       2.39103452E-02
  2595.6000       2.38398655E-02
  2595.7000       2.37884974E-02
  2595.8000       2.37645042E-02
  2595.9000       2.37589384E-02
  2596.0000       2.37582710E-02
  2596.1000       2.37548798E-02
  2596.2000       2.37556642E-02
  2596.3000       2.37383889E-02
  2596.4000       2.36903349E-02
  2596.5000       2.36436753E-02
  2596.6000       2.36144598E-02
  2596.7000       2.35887597E-02
  2596.8000       2.35750505E-02
  2596.9000       2.35702199E-02
  2597.0000       2.35078878E-02
  2597.1000       2.34362762E-02
  2597.2000       2.33864845E-02
  2597.3000       2.33385515E-02
  2597.4000       2.32981853E-02
  2597.5000       2.32439406E-02
  2597.6000       2.31677781E-02
  2597.7000       2.31053089E-02
  2597.8000       2.30570237E-02
  2597.9000       2.30256687E-02
  2598.0000       2.30142415E-02
  2598.1000       2.30122545E-02
  2598.2000       2.30187487E-02
  2598.3000       2.30515278E-02
  2598.4000       2.31104594E-02
  2598.5000       2.31800422E-02
  2598.6000       2.32301877E-02
  2598.7000       2.32547951E-02
  2598.8000       2.32537841E-02
  2598.9000       2.32454516E-02
  2599.0000       2.32423570E-02
  2599.1000       2.32521124E-02
  2599.2000       2.32683316E-02
  2599.3000       2.32822899E-02
  2599.4000       2.33008670E-02
  2599.5000       2.33215700E-02
  2599.6000       2.33464945E-02
  2599.7000       2.33692826E-02
  2599.8000       2.33899253E-02
  2599.9000       2.34120146E-02
  2600.0000       2.34382595E-02
  2600.1000       2.34589824E-02
  2600.2000       2.34720444E-02
  2600.3000       2.34718417E-02
  2600.4000       2.34651315E-02
  2600.5000       2.34481492E-02
  2600.6000       2.34287135E-02
  2600.7000       2.34065883E-02
  2600.8000       2.33873738E-02
  2600.9000       2.33747165E-02
  2601.0000       2.33724198E-02
  2601.1000       2.33801717E-02
  2601.2000       2.33903696E-02
  2601.3000       2.33971782E-02
  2601.4000       2.34056095E-02
  2601.5000       2.34152498E-02
  2601.6000       2.34287758E-02
  2601.7000       2.34415115E-02
  2601.8000       2.34526711E-02
  2601.9000       2.34666446E-02
  2602.0000       2.34840285E-02
  2602.1000       2.35071766E-02
  2602.2000       2.35339797E-02
  2602.3000       2.35688669E-02
  2602.4000       2.36071698E-02
  2602.5000       2.36371583E-02
  2602.6000       2.36542043E-02
  2602.7000       2.36736782E-02
  2602.8000       2.37043769E-02
  2602.9000       2.37488331E-02
  2603.0000       2.37983192E-02
  2603.1000       2.38459896E-02
  2603.2000       2.38948334E-02
  2603.3000       2.39402647E-02
  2603.4000       2.39741633E-02
  2603.5000       2.39861263E-02
  2603.6000       2.39774901E-02
  2603.7000       2.39518234E-02
  2603.8000       2.39166794E-02
  2603.9000       2.38744299E-02
  2604.0000       2.38331849E-02
  2604.1000       2.38013369E-02
  2604.2000       2.37758734E-02
  2604.3000       2.37671598E-02
  2604.4000       2.37774874E-02
  2604.5000       2.38070952E-02
  2604.6000       2.38483535E-02
  2604.7000       2.38932348E-02
  2604.8000       2.39331896E-02
  2604.9000       2.39562637E-02
  2605.0000       2.39642047E-02
  2605.1000       2.39613174E-02
  2605.2000       2.39532700E-02
  2605.3000       2.39299586E-02
  2605.4000       2.39054439E-02
  2605.5000       2.38839768E-02
  2605.6000       2.38686452E-02
  2605.7000       2.38649542E-02
  2605.8000       2.38667015E-02
  2605.9000       2.38664619E-02
  2606.0000       2.38674300E-02
  2606.1000       2.38838812E-02
  2606.2000       2.39236842E-02
  2606.3000       2.39844201E-02
  2606.4000       2.40509496E-02
  2606.5000       2.41087216E-02
  2606.6000       2.41498092E-02
  2606.7000       2.41869170E-02
  2606.8000       2.42192676E-02
  2606.9000       2.42408186E-02
  2607.0000       2.42652760E-02
  2607.1000       2.42796823E-02
  2607.2000       2.42754358E-02
  2607.3000       2.42705851E-02
  2607.4000       2.42669779E-02
  2607.5000       2.42566075E-02
  2607.6000       2.42410977E-02
  2607.7000       2.42233302E-02
  2607.8000       2.42005753E-02
  2607.9000       2.41706074E-02
  2608.0000       2.41366001E-02
  2608.1000       2.41041738E-02
  2608.2000       2.40729606E-02
  2608.3000       2.40435973E-02
  2608.4000       2.40074453E-02
  2608.5000       2.39703711E-02
  2608.6000       2.39265233E-02
  2608.7000       2.38816886E-02
  2608.8000       2.38387938E-02
  2608.9000       2.37987679E-02
  2609.0000       2.37604809E-02
  2609.1000       2.37339004E-02
  2609.2000       2.37065674E-02
  2609.3000       2.36828408E-02
  2609.4000       2.36654056E-02
  2609.5000       2.36551428E-02
  2609.6000       2.36510989E-02
  2609.7000       2.36550269E-02
  2609.8000       2.36638452E-02
  2609.9000       2.36807915E-02
  2610.0000       2.37018966E-02
  2610.1000       2.37179371E-02
  2610.2000       2.37169291E-02
  2610.3000       2.37047114E-02
  2610.4000       2.36991527E-02
  2610.5000       2.36981577E-02
  2610.6000       2.36977689E-02
  2610.7000       2.37015217E-02
  2610.8000       2.37140531E-02
  2610.9000       2.37315459E-02
  2611.0000       2.37575145E-02
  2611.1000       2.37967908E-02
  2611.2000       2.38377438E-02
  2611.3000       2.38769078E-02
  2611.4000       2.39060993E-02
  2611.5000       2.39060268E-02
  2611.6000       2.38727575E-02
  2611.7000       2.38209303E-02
  2611.8000       2.37633088E-02
  2611.9000       2.36983623E-02
  2612.0000       2.36043686E-02
  2612.1000       2.34987136E-02
  2612.2000       2.33989571E-02
  2612.3000       2.32975490E-02
  2612.4000       2.32050560E-02
  2612.5000       2.31166156E-02
  2612.6000       2.30187266E-02
  2612.7000       2.29137321E-02
  2612.8000       2.28317409E-02
  2612.9000       2.27628969E-02
  2613.0000       2.27020764E-02
  2613.1000       2.26551390E-02
  2613.2000       2.26079158E-02
  2613.3000       2.25602991E-02
  2613.4000       2.25238662E-02
  2613.5000       2.24788829E-02
  2613.6000       2.24186546E-02
  2613.7000       2.23248768E-02
  2613.8000       2.21809811E-02
  2613.9000       2.20451855E-02
  2614.0000       2.18716266E-02
  2614.1000       2.17070687E-02
  2614.2000       2.15159425E-02
  2614.3000       2.13444753E-02
  2614.4000       2.11818489E-02
  2614.5000       2.10216060E-02
  2614.6000       2.08651514E-02
  2614.7000       2.07042480E-02
  2614.8000       2.05363325E-02
  2614.9000       2.03745440E-02
  2615.0000       2.02392695E-02
  2615.1000       2.01423583E-02
  2615.2000       2.00664489E-02
  2615.3000       2.00041870E-02
  2615.4000       1.99713969E-02
  2615.5000       1.99549475E-02
  2615.6000       1.99217154E-02
  2615.7000       1.98696678E-02
  2615.8000       1.98036764E-02
  2615.9000       1.96905234E-02
  2616.0000       1.95805688E-02
  2616.1000       1.94770254E-02
  2616.2000       1.93655497E-02
  2616.3000       1.92325381E-02
  2616.4000       1.90686507E-02
  2616.5000       1.89217854E-02
  2616.6000       1.87873189E-02
  2616.7000       1.86568161E-02
  2616.8000       1.85440335E-02
  2616.9000       1.84467747E-02
  2617.0000       1.83376252E-02
  2617.1000       1.82335435E-02
  2617.2000       1.81295970E-02
  2617.3000       1.80407179E-02
  2617.4000       1.79745121E-02
  2617.5000       1.78591197E-02
  2617.6000       1.77486417E-02
  2617.7000       1.76581878E-02
  2617.8000       1.75675636E-02
  2617.9000       1.74587572E-02
  2618.0000       1.73405152E-02
  2618.1000       1.72311134E-02
  2618.2000       1.71396410E-02
  2618.3000       1.70556410E-02
  2618.4000       1.69898574E-02
  2618.5000       1.69459069E-02
  2618.6000       1.69163076E-02
  2618.7000       1.68982184E-02
  2618.8000       1.68915978E-02
  2618.9000       1.68942072E-02
  2619.0000       1.69108057E-02
  2619.1000       1.69396156E-02
  2619.2000       1.69701744E-02
  2619.3000       1.69911050E-02
  2619.4000       1.69954236E-02
  2619.5000       1.69846368E-02
  2619.6000       1.69653249E-02
  2619.7000       1.69408799E-02
  2619.8000       1.69128561E-02
  2619.9000       1.68811560E-02
  2620.0000       1.68455011E-02
  2620.1000       1.68092115E-02
  2620.2000       1.67775834E-02
  2620.3000       1.67541250E-02
  2620.4000       1.67386597E-02
  2620.5000       1.67295312E-02
  2620.6000       1.67229995E-02
  2620.7000       1.67165322E-02
  2620.8000       1.67092650E-02
  2620.9000       1.67019729E-02
  2621.0000       1.66962015E-02
  2621.1000       1.66940236E-02
  2621.2000       1.66961877E-02
  2621.3000       1.67028655E-02
  2621.4000       1.67138133E-02
  2621.5000       1.67278161E-02
  2621.6000       1.67436445E-02
  2621.7000       1.67581382E-02
  2621.8000       1.67707126E-02
  2621.9000       1.67812491E-02
  2622.0000       1.67899802E-02
  2622.1000       1.67973799E-02
  2622.2000       1.68022143E-02
  2622.3000       1.68050265E-02
  2622.4000       1.68093495E-02
  2622.5000       1.68145701E-02
  2622.6000       1.68206437E-02
  2622.7000       1.68268898E-02
  2622.8000       1.68347901E-02
  2622.9000       1.68434578E-02
  2623.0000       1.68501168E-02
  2623.1000       1.68540039E-02
  2623.2000       1.68549138E-02
  2623.3000       1.68549239E-02
  2623.4000       1.68553472E-02
  2623.5000       1.68568785E-02
  2623.6000       1.68585858E-02
  2623.7000       1.68608246E-02
  2623.8000       1.68634940E-02
  2623.9000       1.68695217E-02
  2624.0000       1.68783903E-02
  2624.1000       1.68892759E-02
  2624.2000       1.69025091E-02
  2624.3000       1.69173695E-02
  2624.4000       1.69329355E-02
  2624.5000       1.69470199E-02
  2624.6000       1.69585473E-02
  2624.7000       1.69675347E-02
  2624.8000       1.69746165E-02
  2624.9000       1.69786466E-02
  2625.0000       1.69798198E-02
  2625.1000       1.69793768E-02
  2625.2000       1.69802583E-02
  2625.3000       1.69820876E-02
  2625.4000       1.69855759E-02
  2625.5000       1.69908518E-02
  2625.6000       1.69986609E-02
  2625.7000       1.70089134E-02
  2625.8000       1.70207708E-02
  2625.9000       1.70348612E-02
  2626.0000       1.70499178E-02
  2626.1000       1.70640706E-02
  2626.2000       1.70779451E-02
  2626.3000       1.70927521E-02
  2626.4000       1.71076678E-02
  2626.5000       1.71220501E-02
  2626.6000       1.71361116E-02
  2626.7000       1.71490088E-02
  2626.8000       1.71604285E-02
  2626.9000       1.71707897E-02
  2627.0000       1.71801883E-02
  2627.1000       1.71876197E-02
  2627.2000       1.71927294E-02
  2627.3000       1.71952156E-02
  2627.4000       1.71942183E-02
  2627.5000       1.71897975E-02
  2627.6000       1.71827245E-02
  2627.7000       1.71743161E-02
  2627.8000       1.71667793E-02
  2627.9000       1.71607719E-02
  2628.0000       1.71580978E-02
  2628.1000       1.71587308E-02
  2628.2000       1.71642990E-02
  2628.3000       1.71737455E-02
  2628.4000       1.71872593E-02
  2628.5000       1.72007460E-02
  2628.6000       1.72131336E-02
  2628.7000       1.72235383E-02
  2628.8000       1.72340118E-02
  2628.9000       1.72439699E-02
  2629.0000       1.72548845E-02
  2629.1000       1.72666902E-02
  2629.2000       1.72806624E-02
  2629.3000       1.72940319E-02
  2629.4000       1.73083778E-02
  2629.5000       1.73227619E-02
  2629.6000       1.73345084E-02
  2629.7000       1.73446609E-02
  2629.8000       1.73520740E-02
  2629.9000       1.73571165E-02
  2630.0000       1.73590611E-02
  2630.1000       1.73590558E-02
  2630.2000       1.73548878E-02
  2630.3000       1.73467748E-02
  2630.4000       1.73342224E-02
  2630.5000       1.73197685E-02
  2630.6000       1.73033892E-02
  2630.7000       1.72822414E-02
  2630.8000       1.72552295E-02
  2630.9000       1.72277131E-02
  2631.0000       1.72031189E-02
  2631.1000       1.71821701E-02
  2631.2000       1.71619090E-02
  2631.3000       1.71423202E-02
  2631.4000       1.71238036E-02
  2631.5000       1.71028914E-02
  2631.6000       1.70773219E-02
  2631.7000       1.70479146E-02
  2631.8000       1.70179433E-02
  2631.9000       1.69878580E-02
  2632.0000       1.69548199E-02
  2632.1000       1.69205988E-02
  2632.2000       1.68838190E-02
  2632.3000       1.68466191E-02
  2632.4000       1.68098529E-02
  2632.5000       1.67757049E-02
  2632.6000       1.67469150E-02
  2632.7000       1.67254559E-02
  2632.8000       1.67101364E-02
  2632.9000       1.67021587E-02
  2633.0000       1.66978136E-02
  2633.1000       1.66962841E-02
  2633.2000       1.66958680E-02
  2633.3000       1.66937966E-02
  2633.4000       1.66898073E-02
  2633.5000       1.66827947E-02
  2633.6000       1.66721502E-02
  2633.7000       1.66598351E-02
  2633.8000       1.66452867E-02
  2633.9000       1.66324511E-02
  2634.0000       1.66186611E-02
  2634.1000       1.66042448E-02
  2634.2000       1.65885359E-02
  2634.3000       1.65725442E-02
  2634.4000       1.65555488E-02
  2634.5000       1.65375243E-02
  2634.6000       1.65176675E-02
  2634.7000       1.64964181E-02
  2634.8000       1.64721561E-02
  2634.9000       1.64466975E-02
  2635.0000       1.64192848E-02
  2635.1000       1.63905447E-02
  2635.2000       1.63617862E-02
  2635.3000       1.63328401E-02
  2635.4000       1.63022784E-02
  2635.5000       1.62682848E-02
  2635.6000       1.62310019E-02
  2635.7000       1.61884246E-02
  2635.8000       1.61392871E-02
  2635.9000       1.60839093E-02
  2636.0000       1.60260467E-02
  2636.1000       1.59655111E-02
  2636.2000       1.59079094E-02
  2636.3000       1.58534240E-02
  2636.4000       1.58056239E-02
  2636.5000       1.57646964E-02
  2636.6000       1.57311019E-02
  2636.7000       1.57038706E-02
  2636.8000       1.56838827E-02
  2636.9000       1.56706890E-02
  2637.0000       1.56647168E-02
  2637.1000       1.56640815E-02
  2637.2000       1.56681604E-02
  2637.3000       1.56751581E-02
  2637.4000       1.56854072E-02
  2637.5000       1.56966191E-02
  2637.6000       1.57097871E-02
  2637.7000       1.57229372E-02
  2637.8000       1.57348740E-02
  2637.9000       1.57470443E-02
  2638.0000       1.57589524E-02
  2638.1000       1.57688351E-02
  2638.2000       1.57786718E-02
  2638.3000       1.57876389E-02
  2638.4000       1.57958395E-02
  2638.5000       1.58035425E-02
  2638.6000       1.58106349E-02
  2638.7000       1.58152675E-02
  2638.8000       1.58206336E-02
  2638.9000       1.58250593E-02
  2639.0000       1.58267609E-02
  2639.1000       1.58275876E-02
  2639.2000       1.58269716E-02
  2639.3000       1.58251330E-02
  2639.4000       1.58235589E-02
  2639.5000       1.58252340E-02
  2639.6000       1.58288501E-02
  2639.7000       1.58335268E-02
  2639.8000       1.58382467E-02
  2639.9000       1.58423214E-02
  2640.0000       1.58459767E-02
  2640.1000       1.58471144E-02
  2640.2000       1.58468789E-02
  2640.3000       1.58449097E-02
  2640.4000       1.58416603E-02
  2640.5000       1.58367510E-02
  2640.6000       1.58312561E-02
  2640.7000       1.58254992E-02
  2640.8000       1.58189891E-02
  2640.9000       1.58107255E-02
  2641.0000       1.58014922E-02
  2641.1000       1.57888011E-02
  2641.2000       1.57722639E-02
  2641.3000       1.57481752E-02
  2641.4000       1.57171575E-02
  2641.5000       1.56804467E-02
  2641.6000       1.56390795E-02
  2641.7000       1.55949592E-02
  2641.8000       1.55485054E-02
  2641.9000       1.55007963E-02
  2642.0000       1.54548797E-02
  2642.1000       1.54113916E-02
  2642.2000       1.53712561E-02
  2642.3000       1.53354120E-02
  2642.4000       1.53056896E-02
  2642.5000       1.52804455E-02
  2642.6000       1.52577522E-02
  2642.7000       1.52371569E-02
  2642.8000       1.52178538E-02
  2642.9000       1.51992370E-02
  2643.0000       1.51817249E-02
  2643.1000       1.51645264E-02
  2643.2000       1.51485758E-02
  2643.3000       1.51333131E-02
  2643.4000       1.51164267E-02
  2643.5000       1.51013356E-02
  2643.6000       1.50876516E-02
  2643.7000       1.50753005E-02
  2643.8000       1.50616187E-02
  2643.9000       1.50491990E-02
  2644.0000       1.50388844E-02
  2644.1000       1.50297154E-02
  2644.2000       1.50210977E-02
  2644.3000       1.50125353E-02
  2644.4000       1.50045006E-02
  2644.5000       1.49982533E-02
  2644.6000       1.49926055E-02
  2644.7000       1.49884424E-02
  2644.8000       1.49852176E-02
  2644.9000       1.49838626E-02
  2645.0000       1.49844218E-02
  2645.1000       1.49864566E-02
  2645.2000       1.49900487E-02
  2645.3000       1.49962892E-02
  2645.4000       1.50030010E-02
  2645.5000       1.50112612E-02
  2645.6000       1.50198161E-02
  2645.7000       1.50286311E-02
  2645.8000       1.50386389E-02
  2645.9000       1.50499181E-02
  2646.0000       1.50615142E-02
  2646.1000       1.50743431E-02
  2646.2000       1.50878648E-02
  2646.3000       1.51034442E-02
  2646.4000       1.51198182E-02
  2646.5000       1.51369704E-02
  2646.6000       1.51544695E-02
  2646.7000       1.51739052E-02
  2646.8000       1.51945147E-02
  2646.9000       1.52159392E-02
  2647.0000       1.52376383E-02
  2647.1000       1.52599489E-02
  2647.2000       1.52832034E-02
  2647.3000       1.53074256E-02
  2647.4000       1.53327842E-02
  2647.5000       1.53605514E-02
  2647.6000       1.53907277E-02
  2647.7000       1.54217875E-02
  2647.8000       1.54536271E-02
  2647.9000       1.54860222E-02
  2648.0000       1.55167145E-02
  2648.1000       1.55457553E-02
  2648.2000       1.55733566E-02
  2648.3000       1.55982508E-02
  2648.4000       1.56195423E-02
  2648.5000       1.56371321E-02
  2648.6000       1.56518422E-02
  2648.7000       1.56631064E-02
  2648.8000       1.56727650E-02
  2648.9000       1.56806408E-02
  2649.0000       1.56864602E-02
  2649.1000       1.56899242E-02
  2649.2000       1.56911684E-02
  2649.3000       1.56906901E-02
  2649.4000       1.56867688E-02
  2649.5000       1.56792750E-02
  2649.6000       1.56711099E-02
  2649.7000       1.56634758E-02
  2649.8000       1.56587921E-02
  2649.9000       1.56561497E-02
  2650.0000       1.56569408E-02
  2650.1000       1.56614606E-02
  2650.2000       1.56708833E-02
  2650.3000       1.56849461E-02
  2650.4000       1.57011952E-02
  2650.5000       1.57197741E-02
  2650.6000       1.57393997E-02
  2650.7000       1.57579860E-02
  2650.8000       1.57754549E-02
  2650.9000       1.57906614E-02
  2651.0000       1.58026378E-02
  2651.1000       1.58101750E-02
  2651.2000       1.58132399E-02
  2651.3000       1.58114946E-02
  2651.4000       1.58053818E-02
  2651.5000       1.57968661E-02
  2651.6000       1.57878871E-02
  2651.7000       1.57787294E-02
  2651.8000       1.57699675E-02
  2651.9000       1.57631088E-02
  2652.0000       1.57574503E-02
  2652.1000       1.57551265E-02
  2652.2000       1.57572350E-02
  2652.3000       1.57645830E-02
  2652.4000       1.57761735E-02
  2652.5000       1.57912908E-02
  2652.6000       1.58087064E-02
  2652.7000       1.58242112E-02
  2652.8000       1.58391305E-02
  2652.9000       1.58532438E-02
  2653.0000       1.58671992E-02
  2653.1000       1.58838471E-02
  2653.2000       1.59024419E-02
  2653.3000       1.59216167E-02
  2653.4000       1.59408641E-02
  2653.5000       1.59578564E-02
  2653.6000       1.59733445E-02
  2653.7000       1.59877531E-02
  2653.8000       1.60003062E-02
  2653.9000       1.60111237E-02
  2654.0000       1.60207022E-02
  2654.1000       1.60302047E-02
  2654.2000       1.60411521E-02
  2654.3000       1.60543284E-02
  2654.4000       1.60687455E-02
  2654.5000       1.60831301E-02
  2654.6000       1.60964937E-02
  2654.7000       1.61099824E-02
  2654.8000       1.61241007E-02
  2654.9000       1.61351599E-02
  2655.0000       1.61414077E-02
  2655.1000       1.61436528E-02
  2655.2000       1.61437274E-02
  2655.3000       1.61437926E-02
  2655.4000       1.61480231E-02
  2655.5000       1.61569916E-02
  2655.6000       1.61683158E-02
  2655.7000       1.61792411E-02
  2655.8000       1.61889457E-02
  2655.9000       1.61953879E-02
  2656.0000       1.61990453E-02
  2656.1000       1.61997422E-02
  2656.2000       1.61988609E-02
  2656.3000       1.61962046E-02
  2656.4000       1.61933028E-02
  2656.5000       1.61910587E-02
  2656.6000       1.61891504E-02
  2656.7000       1.61883794E-02
  2656.8000       1.61888532E-02
  2656.9000       1.61899348E-02
  2657.0000       1.61902008E-02
  2657.1000       1.61919919E-02
  2657.2000       1.61956807E-02
  2657.3000       1.61993491E-02
  2657.4000       1.62041724E-02
  2657.5000       1.62114340E-02
  2657.6000       1.62226344E-02
  2657.7000       1.62381304E-02
  2657.8000       1.62576697E-02
  2657.9000       1.62816041E-02
  2658.0000       1.63088837E-02
  2658.1000       1.63390785E-02
  2658.2000       1.63728374E-02
  2658.3000       1.64047470E-02
  2658.4000       1.64322903E-02
  2658.5000       1.64568590E-02
  2658.6000       1.64790145E-02
  2658.7000       1.64961653E-02
  2658.8000       1.65102697E-02
  2658.9000       1.65219767E-02
  2659.0000       1.65367642E-02
  2659.1000       1.65578046E-02
  2659.2000       1.65800592E-02
  2659.3000       1.65934027E-02
  2659.4000       1.66000110E-02
  2659.5000       1.66047739E-02
  2659.6000       1.66079541E-02
  2659.7000       1.66092089E-02
  2659.8000       1.66129490E-02
  2659.9000       1.66175693E-02
  2660.0000       1.66206399E-02
  2660.1000       1.66236686E-02
  2660.2000       1.66284877E-02
  2660.3000       1.66337653E-02
  2660.4000       1.66386681E-02
  2660.5000       1.66439944E-02
  2660.6000       1.66507030E-02
  2660.7000       1.66587269E-02
  2660.8000       1.66670901E-02
  2660.9000       1.66778672E-02
  2661.0000       1.66899834E-02
  2661.1000       1.67023412E-02
  2661.2000       1.67162442E-02
  2661.3000       1.67299902E-02
  2661.4000       1.67454085E-02
  2661.5000       1.67611244E-02
  2661.6000       1.67775717E-02
  2661.7000       1.67943776E-02
  2661.8000       1.68104738E-02
  2661.9000       1.68280473E-02
  2662.0000       1.68454461E-02
  2662.1000       1.68628640E-02
  2662.2000       1.68790273E-02
  2662.3000       1.68943429E-02
  2662.4000       1.69086823E-02
  2662.5000       1.69237214E-02
  2662.6000       1.69387905E-02
  2662.7000       1.69544528E-02
  2662.8000       1.69684831E-02
  2662.9000       1.69795673E-02
  2663.0000       1.69874888E-02
  2663.1000       1.69946505E-02
  2663.2000       1.70028246E-02
  2663.3000       1.70117175E-02
  2663.4000       1.70164567E-02
  2663.5000       1.70184230E-02
  2663.6000       1.70212478E-02
  2663.7000       1.70256790E-02
  2663.8000       1.70314729E-02
  2663.9000       1.70340620E-02
  2664.0000       1.70329919E-02
  2664.1000       1.70311890E-02
  2664.2000       1.70297968E-02
  2664.3000       1.70295498E-02
  2664.4000       1.70325326E-02
  2664.5000       1.70370781E-02
  2664.6000       1.70439047E-02
  2664.7000       1.70529417E-02
  2664.8000       1.70649174E-02
  2664.9000       1.70775287E-02
  2665.0000       1.70883148E-02
  2665.1000       1.70971392E-02
  2665.2000       1.71026437E-02
  2665.3000       1.71064744E-02
  2665.4000       1.71108331E-02
  2665.5000       1.71148199E-02
  2665.6000       1.71176557E-02
  2665.7000       1.71198897E-02
  2665.8000       1.71217458E-02
  2665.9000       1.71223473E-02
  2666.0000       1.71222811E-02
  2666.1000       1.71213431E-02
  2666.2000       1.71219493E-02
  2666.3000       1.71260235E-02
  2666.4000       1.71321483E-02
  2666.5000       1.71416751E-02
  2666.6000       1.71529716E-02
  2666.7000       1.71664205E-02
  2666.8000       1.71804730E-02
  2666.9000       1.71941406E-02
  2667.0000       1.72062650E-02
  2667.1000       1.72182665E-02
  2667.2000       1.72300092E-02
  2667.3000       1.72406025E-02
  2667.4000       1.72510434E-02
  2667.5000       1.72615805E-02
  2667.6000       1.72730695E-02
  2667.7000       1.72858171E-02
  2667.8000       1.73002072E-02
  2667.9000       1.73143976E-02
  2668.0000       1.73306495E-02
  2668.1000       1.73488675E-02
  2668.2000       1.73690171E-02
  2668.3000       1.73894806E-02
  2668.4000       1.74098801E-02
  2668.5000       1.74288785E-02
  2668.6000       1.74463162E-02
  2668.7000       1.74617232E-02
  2668.8000       1.74740554E-02
  2668.9000       1.74838053E-02
  2669.0000       1.74920353E-02
  2669.1000       1.74983206E-02
  2669.2000       1.75047573E-02
  2669.3000       1.75102975E-02
  2669.4000       1.75149563E-02
  2669.5000       1.75176601E-02
  2669.6000       1.75179347E-02
  2669.7000       1.75153770E-02
  2669.8000       1.75087484E-02
  2669.9000       1.74981135E-02
  2670.0000       1.74855948E-02
  2670.1000       1.74720832E-02
  2670.2000       1.74577582E-02
  2670.3000       1.74439623E-02
  2670.4000       1.74310744E-02
  2670.5000       1.74183780E-02
  2670.6000       1.74044843E-02
  2670.7000       1.73909551E-02
  2670.8000       1.73751585E-02
  2670.9000       1.73583513E-02
  2671.0000       1.73386694E-02
  2671.1000       1.73180250E-02
  2671.2000       1.72968986E-02
  2671.3000       1.72747996E-02
  2671.4000       1.72500199E-02
  2671.5000       1.72236966E-02
  2671.6000       1.71994640E-02
  2671.7000       1.71786964E-02
  2671.8000       1.71590652E-02
  2671.9000       1.71409754E-02
  2672.0000       1.71259748E-02
  2672.1000       1.71135157E-02
  2672.2000       1.71014890E-02
  2672.3000       1.70859340E-02
  2672.4000       1.70659378E-02
  2672.5000       1.70424892E-02
  2672.6000       1.70165683E-02
  2672.7000       1.69863478E-02
  2672.8000       1.69528867E-02
  2672.9000       1.69181203E-02
  2673.0000       1.68857879E-02
  2673.1000       1.68565889E-02
  2673.2000       1.68328430E-02
  2673.3000       1.68136417E-02
  2673.4000       1.68023060E-02
  2673.5000       1.67977017E-02
  2673.6000       1.67971032E-02
  2673.7000       1.67989509E-02
  2673.8000       1.68020815E-02
  2673.9000       1.68085727E-02
  2674.0000       1.68177358E-02
  2674.1000       1.68289156E-02
  2674.2000       1.68421127E-02
  2674.3000       1.68561865E-02
  2674.4000       1.68704956E-02
  2674.5000       1.68837268E-02
  2674.6000       1.68961199E-02
  2674.7000       1.69076083E-02
  2674.8000       1.69187267E-02
  2674.9000       1.69284551E-02
  2675.0000       1.69375530E-02
  2675.1000       1.69454902E-02
  2675.2000       1.69523337E-02
  2675.3000       1.69610728E-02
  2675.4000       1.69682530E-02
  2675.5000       1.69748328E-02
  2675.6000       1.69780968E-02
  2675.7000       1.69765478E-02
  2675.8000       1.69698940E-02
  2675.9000       1.69576223E-02
  2676.0000       1.69415143E-02
  2676.1000       1.69236113E-02
  2676.2000       1.69039136E-02
  2676.3000       1.68860218E-02
  2676.4000       1.68712990E-02
  2676.5000       1.68598315E-02
  2676.6000       1.68508877E-02
  2676.7000       1.68433260E-02
  2676.8000       1.68362258E-02
  2676.9000       1.68282708E-02
  2677.0000       1.68222814E-02
  2677.1000       1.68185839E-02
  2677.2000       1.68171355E-02
  2677.3000       1.68188327E-02
  2677.4000       1.68199689E-02
  2677.5000       1.68166125E-02
  2677.6000       1.68090336E-02
  2677.7000       1.67974255E-02
  2677.8000       1.67815687E-02
  2677.9000       1.67599451E-02
  2678.0000       1.67321054E-02
  2678.1000       1.66971929E-02
  2678.2000       1.66569117E-02
  2678.3000       1.66153433E-02
  2678.4000       1.65729790E-02
  2678.5000       1.65310181E-02
  2678.6000       1.64914797E-02
  2678.7000       1.64535305E-02
  2678.8000       1.64211694E-02
  2678.9000       1.63945251E-02
  2679.0000       1.63726254E-02
  2679.1000       1.63558548E-02
  2679.2000       1.63436580E-02
  2679.3000       1.63343151E-02
  2679.4000       1.63282445E-02
  2679.5000       1.63255724E-02
  2679.6000       1.63256846E-02
  2679.7000       1.63290993E-02
  2679.8000       1.63353371E-02
  2679.9000       1.63447396E-02
  2680.0000       1.63548839E-02
  2680.1000       1.63665958E-02
  2680.2000       1.63777816E-02
  2680.3000       1.63874822E-02
  2680.4000       1.63951183E-02
  2680.5000       1.63993064E-02
  2680.6000       1.63987487E-02
  2680.7000       1.63945782E-02
  2680.8000       1.63858456E-02
  2680.9000       1.63712915E-02
  2681.0000       1.63533206E-02
  2681.1000       1.63334196E-02
  2681.2000       1.63149400E-02
  2681.3000       1.62993450E-02
  2681.4000       1.62889390E-02
  2681.5000       1.62822502E-02
  2681.6000       1.62807261E-02
  2681.7000       1.62849123E-02
  2681.8000       1.62925971E-02
  2681.9000       1.63020641E-02
  2682.0000       1.63139788E-02
  2682.1000       1.63298653E-02
  2682.2000       1.63484922E-02
  2682.3000       1.63705431E-02
  2682.4000       1.63969264E-02
  2682.5000       1.64263268E-02
  2682.6000       1.64587902E-02
  2682.7000       1.64937495E-02
  2682.8000       1.65307105E-02
  2682.9000       1.65675203E-02
  2683.0000       1.66051655E-02
  2683.1000       1.66419601E-02
  2683.2000       1.66787607E-02
  2683.3000       1.67145264E-02
  2683.4000       1.67486323E-02
  2683.5000       1.67812946E-02
  2683.6000       1.68128612E-02
  2683.7000       1.68434801E-02
  2683.8000       1.68749660E-02
  2683.9000       1.69072212E-02
  2684.0000       1.69415635E-02
  2684.1000       1.69775454E-02
  2684.2000       1.70152391E-02
  2684.3000       1.70537351E-02
  2684.4000       1.70910586E-02
  2684.5000       1.71272092E-02
  2684.6000       1.71624069E-02
  2684.7000       1.71963940E-02
  2684.8000       1.72285363E-02
  2684.9000       1.72608391E-02
  2685.0000       1.72919037E-02
  2685.1000       1.73197199E-02
  2685.2000       1.73426987E-02
  2685.3000       1.73621423E-02
  2685.4000       1.73797796E-02
  2685.5000       1.73954012E-02
  2685.6000       1.74078969E-02
  2685.7000       1.74157304E-02
  2685.8000       1.74179435E-02
  2685.9000       1.74126260E-02
  2686.0000       1.73989745E-02
  2686.1000       1.73775404E-02
  2686.2000       1.73493565E-02
  2686.3000       1.73170492E-02
  2686.4000       1.72820313E-02
  2686.5000       1.72442574E-02
  2686.6000       1.72069061E-02
  2686.7000       1.71694680E-02
  2686.8000       1.71331216E-02
  2686.9000       1.70995676E-02
  2687.0000       1.70686470E-02
  2687.1000       1.70415315E-02
  2687.2000       1.70186684E-02
  2687.3000       1.70006055E-02
  2687.4000       1.69855843E-02
  2687.5000       1.69736044E-02
  2687.6000       1.69636983E-02
  2687.7000       1.69572609E-02
  2687.8000       1.69546298E-02
  2687.9000       1.69567588E-02
  2688.0000       1.69625609E-02
  2688.1000       1.69694850E-02
  2688.2000       1.69776273E-02
  2688.3000       1.69859601E-02
  2688.4000       1.69940350E-02
  2688.5000       1.70010106E-02
  2688.6000       1.70091811E-02
  2688.7000       1.70157049E-02
  2688.8000       1.70241733E-02
  2688.9000       1.70342200E-02
  2689.0000       1.70480158E-02
  2689.1000       1.70633404E-02
  2689.2000       1.70806283E-02
  2689.3000       1.70987979E-02
  2689.4000       1.71168893E-02
  2689.5000       1.71351825E-02
  2689.6000       1.71545340E-02
  2689.7000       1.71719673E-02
  2689.8000       1.71867430E-02
  2689.9000       1.72005098E-02
  2690.0000       1.72120650E-02
  2690.1000       1.72233719E-02
  2690.2000       1.72339580E-02
  2690.3000       1.72430129E-02
  2690.4000       1.72517537E-02
  2690.5000       1.72599067E-02
  2690.6000       1.72671044E-02
  2690.7000       1.72735703E-02
  2690.8000       1.72782490E-02
  2690.9000       1.72807355E-02
  2691.0000       1.72817786E-02
  2691.1000       1.72827968E-02
  2691.2000       1.72820471E-02
  2691.3000       1.72809992E-02
  2691.4000       1.72801577E-02
  2691.5000       1.72797653E-02
  2691.6000       1.72793067E-02
  2691.7000       1.72794783E-02
  2691.8000       1.72779151E-02
  2691.9000       1.72751492E-02
  2692.0000       1.72704422E-02
  2692.1000       1.72626413E-02
  2692.2000       1.72527236E-02
  2692.3000       1.72400935E-02
  2692.4000       1.72267779E-02
  2692.5000       1.72127133E-02
  2692.6000       1.71981368E-02
  2692.7000       1.71836296E-02
  2692.8000       1.71688075E-02
  2692.9000       1.71544246E-02
  2693.0000       1.71426328E-02
  2693.1000       1.71323982E-02
  2693.2000       1.71248782E-02
  2693.3000       1.71210227E-02
  2693.4000       1.71194074E-02
  2693.5000       1.71198654E-02
  2693.6000       1.71218113E-02
  2693.7000       1.71244989E-02
  2693.8000       1.71287346E-02
  2693.9000       1.71331597E-02
  2694.0000       1.71383003E-02
  2694.1000       1.71420514E-02
  2694.2000       1.71448957E-02
  2694.3000       1.71441653E-02
  2694.4000       1.71416887E-02
  2694.5000       1.71377357E-02
  2694.6000       1.71318474E-02
  2694.7000       1.71242650E-02
  2694.8000       1.71133838E-02
  2694.9000       1.70974178E-02
  2695.0000       1.70779117E-02
  2695.1000       1.70544752E-02
  2695.2000       1.70257209E-02
  2695.3000       1.69940571E-02
  2695.4000       1.69576608E-02
  2695.5000       1.69181925E-02
  2695.6000       1.68782536E-02
  2695.7000       1.68378662E-02
  2695.8000       1.67989652E-02
  2695.9000       1.67604413E-02
  2696.0000       1.67207302E-02
  2696.1000       1.66791780E-02
  2696.2000       1.66369964E-02
  2696.3000       1.65947844E-02
  2696.4000       1.65523308E-02
  2696.5000       1.65093043E-02
  2696.6000       1.64681107E-02
  2696.7000       1.64289050E-02
  2696.8000       1.63922789E-02
  2696.9000       1.63597910E-02
  2697.0000       1.63317961E-02
  2697.1000       1.63074194E-02
  2697.2000       1.62872864E-02
  2697.3000       1.62712022E-02
  2697.4000       1.62575941E-02
  2697.5000       1.62455536E-02
  2697.6000       1.62355000E-02
  2697.7000       1.62270061E-02
  2697.8000       1.62200937E-02
  2697.9000       1.62150992E-02
  2698.0000       1.62110302E-02
  2698.1000       1.62072925E-02
  2698.2000       1.62044781E-02
  2698.3000       1.62033588E-02
  2698.4000       1.62027811E-02
  2698.5000       1.62033131E-02
  2698.6000       1.62033748E-02
  2698.7000       1.62023647E-02
  2698.8000       1.62008469E-02
  2698.9000       1.61980109E-02
  2699.0000       1.61948215E-02
  2699.1000       1.61914982E-02
  2699.2000       1.61876258E-02
  2699.3000       1.61834459E-02
  2699.4000       1.61798047E-02
  2699.5000       1.61772134E-02
  2699.6000       1.61750221E-02
  2699.7000       1.61718969E-02
  2699.8000       1.61670969E-02
  2699.9000       1.61583986E-02
  2700.0000       1.61459353E-02
  2700.1000       1.61289057E-02
  2700.2000       1.61074409E-02
  2700.3000       1.60829215E-02
  2700.4000       1.60566671E-02
  2700.5000       1.60289446E-02
  2700.6000       1.60009322E-02
  2700.7000       1.59731801E-02
  2700.8000       1.59471348E-02
  2700.9000       1.59218470E-02
  2701.0000       1.58977621E-02
  2701.1000       1.58731265E-02
  2701.2000       1.58489145E-02
  2701.3000       1.58237900E-02
  2701.4000       1.57986667E-02
  2701.5000       1.57748888E-02
  2701.6000       1.57521475E-02
  2701.7000       1.57314722E-02
  2701.8000       1.57123349E-02
  2701.9000       1.56954630E-02
  2702.0000       1.56812076E-02
  2702.1000       1.56701611E-02
  2702.2000       1.56622726E-02
  2702.3000       1.56592014E-02
  2702.4000       1.56573316E-02
  2702.5000       1.56564556E-02
  2702.6000       1.56541736E-02
  2702.7000       1.56514938E-02
  2702.8000       1.56500421E-02
  2702.9000       1.56496472E-02
  2703.0000       1.56474055E-02
  2703.1000       1.56426852E-02
  2703.2000       1.56336008E-02
  2703.3000       1.56202801E-02
  2703.4000       1.56052729E-02
  2703.5000       1.55888995E-02
  2703.6000       1.55714532E-02
  2703.7000       1.55527579E-02
  2703.8000       1.55345156E-02
  2703.9000       1.55165808E-02
  2704.0000       1.54993137E-02
  2704.1000       1.54814674E-02
  2704.2000       1.54645104E-02
  2704.3000       1.54476291E-02
  2704.4000       1.54314813E-02
  2704.5000       1.54169637E-02
  2704.6000       1.54034749E-02
  2704.7000       1.53927814E-02
  2704.8000       1.53849728E-02
  2704.9000       1.53796947E-02
  2705.0000       1.53768542E-02
  2705.1000       1.53776137E-02
  2705.2000       1.53804916E-02
  2705.3000       1.53852603E-02
  2705.4000       1.53918126E-02
  2705.5000       1.53981411E-02
  2705.6000       1.54056172E-02
  2705.7000       1.54144958E-02
  2705.8000       1.54235980E-02
  2705.9000       1.54334034E-02
  2706.0000       1.54434094E-02
  2706.1000       1.54537865E-02
  2706.2000       1.54637300E-02
  2706.3000       1.54737547E-02
  2706.4000       1.54812786E-02
  2706.5000       1.54859161E-02
  2706.6000       1.54888040E-02
  2706.7000       1.54902627E-02
  2706.8000       1.54912304E-02
  2706.9000       1.54925673E-02
  2707.0000       1.54963223E-02
  2707.1000       1.55019641E-02
  2707.2000       1.55088395E-02
  2707.3000       1.55179360E-02
  2707.4000       1.55293384E-02
  2707.5000       1.55419160E-02
  2707.6000       1.55553895E-02
  2707.7000       1.55687077E-02
  2707.8000       1.55797891E-02
  2707.9000       1.55910242E-02
  2708.0000       1.55997379E-02
  2708.1000       1.56060576E-02
  2708.2000       1.56119914E-02
  2708.3000       1.56163858E-02
  2708.4000       1.56200867E-02
  2708.5000       1.56237580E-02
  2708.6000       1.56256210E-02
  2708.7000       1.56263249E-02
  2708.8000       1.56253431E-02
  2708.9000       1.56224375E-02
  2709.0000       1.56202649E-02
  2709.1000       1.56192733E-02
  2709.2000       1.56226298E-02
  2709.3000       1.56304064E-02
  2709.4000       1.56414732E-02
  2709.5000       1.56565885E-02
  2709.6000       1.56738801E-02
  2709.7000       1.56935847E-02
  2709.8000       1.57147533E-02
  2709.9000       1.57355032E-02
  2710.0000       1.57551274E-02
  2710.1000       1.57750458E-02
  2710.2000       1.57967646E-02
  2710.3000       1.58196870E-02
  2710.4000       1.58424922E-02
  2710.5000       1.58641443E-02
  2710.6000       1.58832930E-02
  2710.7000       1.58989438E-02
  2710.8000       1.59123038E-02
  2710.9000       1.59239719E-02
  2711.0000       1.59355935E-02
  2711.1000       1.59471128E-02
  2711.2000       1.59590606E-02
  2711.3000       1.59716412E-02
  2711.4000       1.59839869E-02
  2711.5000       1.59972832E-02
  2711.6000       1.60101443E-02
  2711.7000       1.60232701E-02
  2711.8000       1.60355756E-02
  2711.9000       1.60475476E-02
  2712.0000       1.60602260E-02
  2712.1000       1.60726475E-02
  2712.2000       1.60852638E-02
  2712.3000       1.60978447E-02
  2712.4000       1.61128954E-02
  2712.5000       1.61284077E-02
  2712.6000       1.61458057E-02
  2712.7000       1.61649109E-02
  2712.8000       1.61839880E-02
  2712.9000       1.62040953E-02
  2713.0000       1.62246118E-02
  2713.1000       1.62446718E-02
  2713.2000       1.62641942E-02
  2713.3000       1.62836237E-02
  2713.4000       1.63013361E-02
  2713.5000       1.63177533E-02
  2713.6000       1.63315211E-02
  2713.7000       1.63425131E-02
  2713.8000       1.63529222E-02
  2713.9000       1.63613582E-02
  2714.0000       1.63671013E-02
  2714.1000       1.63715445E-02
  2714.2000       1.63740570E-02
  2714.3000       1.63744111E-02
  2714.4000       1.63750772E-02
  2714.5000       1.63755756E-02
  2714.6000       1.63792841E-02
  2714.7000       1.63852310E-02
  2714.8000       1.63944735E-02
  2714.9000       1.64062458E-02
  2715.0000       1.64229136E-02
  2715.1000       1.64410586E-02
  2715.2000       1.64614891E-02
  2715.3000       1.64822111E-02
  2715.4000       1.65044954E-02
  2715.5000       1.65292892E-02
  2715.6000       1.65563778E-02
  2715.7000       1.65879265E-02
  2715.8000       1.66228980E-02
  2715.9000       1.66601902E-02
  2716.0000       1.67011283E-02
  2716.1000       1.67412544E-02
  2716.2000       1.67806092E-02
  2716.3000       1.68139445E-02
  2716.4000       1.68403431E-02
  2716.5000       1.68582038E-02
  2716.6000       1.68677913E-02
  2716.7000       1.68698467E-02
  2716.8000       1.68681254E-02
  2716.9000       1.68639256E-02
  2717.0000       1.68587869E-02
  2717.1000       1.68518605E-02
  2717.2000       1.68441356E-02
  2717.3000       1.68369960E-02
  2717.4000       1.68313498E-02
  2717.5000       1.68297164E-02
  2717.6000       1.68323197E-02
  2717.7000       1.68397292E-02
  2717.8000       1.68538124E-02
  2717.9000       1.68734998E-02
  2718.0000       1.68982853E-02
  2718.1000       1.69247324E-02
  2718.2000       1.69514412E-02
  2718.3000       1.69741843E-02
  2718.4000       1.69913632E-02
  2718.5000       1.70029979E-02
  2718.6000       1.70091247E-02
  2718.7000       1.70106240E-02
  2718.8000       1.70101526E-02
  2718.9000       1.70104778E-02
  2719.0000       1.70148549E-02
  2719.1000       1.70253064E-02
  2719.2000       1.70373153E-02
  2719.3000       1.70526332E-02
  2719.4000       1.70749482E-02
  2719.5000       1.71006499E-02
  2719.6000       1.71250214E-02
  2719.7000       1.71515994E-02
  2719.8000       1.71788662E-02
  2719.9000       1.72051821E-02
  2720.0000       1.72276872E-02
  2720.1000       1.72462517E-02
  2720.2000       1.72631780E-02
  2720.3000       1.72778292E-02
  2720.4000       1.72914947E-02
  2720.5000       1.73031475E-02
  2720.6000       1.73127671E-02
  2720.7000       1.73205988E-02
  2720.8000       1.73264832E-02
  2720.9000       1.73331701E-02
  2721.0000       1.73388182E-02
  2721.1000       1.73435136E-02
  2721.2000       1.73447987E-02
  2721.3000       1.73433704E-02
  2721.4000       1.73407507E-02
  2721.5000       1.73377185E-02
  2721.6000       1.73301219E-02
  2721.7000       1.73187625E-02
  2721.8000       1.73009696E-02
  2721.9000       1.72811805E-02
  2722.0000       1.72604780E-02
  2722.1000       1.72406142E-02
  2722.2000       1.72196152E-02
  2722.3000       1.71990713E-02
  2722.4000       1.71786260E-02
  2722.5000       1.71607451E-02
  2722.6000       1.71425573E-02
  2722.7000       1.71293357E-02
  2722.8000       1.71189416E-02
  2722.9000       1.71098419E-02
  2723.0000       1.71026664E-02
  2723.1000       1.70994097E-02
  2723.2000       1.70994889E-02
  2723.3000       1.71026500E-02
  2723.4000       1.71077805E-02
  2723.5000       1.71150995E-02
  2723.6000       1.71195852E-02
  2723.7000       1.71189676E-02
  2723.8000       1.71125312E-02
  2723.9000       1.70940979E-02
  2724.0000       1.70622423E-02
  2724.1000       1.70157197E-02
  2724.2000       1.69596986E-02
  2724.3000       1.68987558E-02
  2724.4000       1.68412796E-02
  2724.5000       1.67916249E-02
  2724.6000       1.67498513E-02
  2724.7000       1.67148990E-02
  2724.8000       1.66855842E-02
  2724.9000       1.66625029E-02
  2725.0000       1.66438654E-02
  2725.1000       1.66267372E-02
  2725.2000       1.66073398E-02
  2725.3000       1.65826802E-02
  2725.4000       1.65504979E-02
  2725.5000       1.65110930E-02
  2725.6000       1.64665384E-02
  2725.7000       1.64197446E-02
  2725.8000       1.63753544E-02
  2725.9000       1.63337898E-02
  2726.0000       1.62968020E-02
  2726.1000       1.62668851E-02
  2726.2000       1.62456660E-02
  2726.3000       1.62323826E-02
  2726.4000       1.62266715E-02
  2726.5000       1.62288327E-02
  2726.6000       1.62363274E-02
  2726.7000       1.62488395E-02
  2726.8000       1.62648727E-02
  2726.9000       1.62847461E-02
  2727.0000       1.63069193E-02
  2727.1000       1.63296973E-02
  2727.2000       1.63544029E-02
  2727.3000       1.63861315E-02
  2727.4000       1.64198094E-02
  2727.5000       1.64531373E-02
  2727.6000       1.64811304E-02
  2727.7000       1.65055475E-02
  2727.8000       1.65269922E-02
  2727.9000       1.65421848E-02
  2728.0000       1.65543225E-02
  2728.1000       1.65610646E-02
  2728.2000       1.65668345E-02
  2728.3000       1.65745813E-02
  2728.4000       1.65841441E-02
  2728.5000       1.65942050E-02
  2728.6000       1.66080394E-02
  2728.7000       1.66195997E-02
  2728.8000       1.66264287E-02
  2728.9000       1.66244758E-02
  2729.0000       1.66192913E-02
  2729.1000       1.66152415E-02
  2729.2000       1.66192680E-02
  2729.3000       1.66330172E-02
  2729.4000       1.66549852E-02
  2729.5000       1.66841843E-02
  2729.6000       1.67199688E-02
  2729.7000       1.67603796E-02
  2729.8000       1.68031635E-02
  2729.9000       1.68464277E-02
  2730.0000       1.68876934E-02
  2730.1000       1.69262206E-02
  2730.2000       1.69605527E-02
  2730.3000       1.69893718E-02
  2730.4000       1.70164737E-02
  2730.5000       1.70408894E-02
  2730.6000       1.70653376E-02
  2730.7000       1.70894580E-02
  2730.8000       1.71162491E-02
  2730.9000       1.71453859E-02
  2731.0000       1.71802381E-02
  2731.1000       1.72214295E-02
  2731.2000       1.72670587E-02
  2731.3000       1.73191353E-02
  2731.4000       1.73770748E-02
  2731.5000       1.74395422E-02
  2731.6000       1.75058171E-02
  2731.7000       1.75705703E-02
  2731.8000       1.76315351E-02
  2731.9000       1.76886617E-02
  2732.0000       1.77354942E-02
  2732.1000       1.77768317E-02
  2732.2000       1.78197028E-02
  2732.3000       1.78570856E-02
  2732.4000       1.78914155E-02
  2732.5000       1.79247911E-02
  2732.6000       1.79537619E-02
  2732.7000       1.79773078E-02
  2732.8000       1.79952811E-02
  2732.9000       1.80069502E-02
  2733.0000       1.80120683E-02
  2733.1000       1.80098499E-02
  2733.2000       1.80061028E-02
  2733.3000       1.80020056E-02
  2733.4000       1.79978559E-02
  2733.5000       1.79963591E-02
  2733.6000       1.80024201E-02
  2733.7000       1.80122245E-02
  2733.8000       1.80232198E-02
  2733.9000       1.80361118E-02
  2734.0000       1.80495186E-02
  2734.1000       1.80614947E-02
  2734.2000       1.80727012E-02
  2734.3000       1.80834588E-02
  2734.4000       1.80921749E-02
  2734.5000       1.80995762E-02
  2734.6000       1.81056195E-02
  2734.7000       1.81072846E-02
  2734.8000       1.81082218E-02
  2734.9000       1.81053558E-02
  2735.0000       1.81015647E-02
  2735.1000       1.80997461E-02
  2735.2000       1.80972789E-02
  2735.3000       1.80960024E-02
  2735.4000       1.80937494E-02
  2735.5000       1.80909944E-02
  2735.6000       1.80867811E-02
  2735.7000       1.80810549E-02
  2735.8000       1.80764966E-02
  2735.9000       1.80706208E-02
  2736.0000       1.80661399E-02
  2736.1000       1.80641300E-02
  2736.2000       1.80622022E-02
  2736.3000       1.80638132E-02
  2736.4000       1.80671118E-02
  2736.5000       1.80753635E-02
  2736.6000       1.80957544E-02
  2736.7000       1.81198052E-02
  2736.8000       1.81361575E-02
  2736.9000       1.81477682E-02
  2737.0000       1.81680518E-02
  2737.1000       1.81972930E-02
  2737.2000       1.82148764E-02
  2737.3000       1.82214563E-02
  2737.4000       1.82175420E-02
  2737.5000       1.81965646E-02
  2737.6000       1.81466800E-02
  2737.7000       1.80851066E-02
  2737.8000       1.80222381E-02
  2737.9000       1.79442684E-02
  2738.0000       1.78685883E-02
  2738.1000       1.78048250E-02
  2738.2000       1.77474854E-02
  2738.3000       1.76894410E-02
  2738.4000       1.76356471E-02
  2738.5000       1.75882965E-02
  2738.6000       1.75451995E-02
  2738.7000       1.75061725E-02
  2738.8000       1.74676042E-02
  2738.9000       1.74242834E-02
  2739.0000       1.73736325E-02
  2739.1000       1.73146111E-02
  2739.2000       1.72457145E-02
  2739.3000       1.71746075E-02
  2739.4000       1.71036835E-02
  2739.5000       1.70372258E-02
  2739.6000       1.69818948E-02
  2739.7000       1.69396648E-02
  2739.8000       1.69118126E-02
  2739.9000       1.68922562E-02
  2740.0000       1.68688596E-02
  2740.1000       1.68374969E-02
  2740.2000       1.68061758E-02
  2740.3000       1.67799329E-02
  2740.4000       1.67585724E-02
  2740.5000       1.67410796E-02
  2740.6000       1.67268414E-02
  2740.7000       1.67141868E-02
  2740.8000       1.67035030E-02
  2740.9000       1.66937016E-02
  2741.0000       1.66860841E-02
  2741.1000       1.66845518E-02
  2741.2000       1.66913302E-02
  2741.3000       1.67006483E-02
  2741.4000       1.67116346E-02
  2741.5000       1.67215929E-02
  2741.6000       1.67377904E-02
  2741.7000       1.67594117E-02
  2741.8000       1.67851232E-02
  2741.9000       1.68119153E-02
  2742.0000       1.68415808E-02
  2742.1000       1.68699442E-02
  2742.2000       1.68966914E-02
  2742.3000       1.69205569E-02
  2742.4000       1.69439313E-02
  2742.5000       1.69664667E-02
  2742.6000       1.69908092E-02
  2742.7000       1.70159809E-02
  2742.8000       1.70417208E-02
  2742.9000       1.70682924E-02
  2743.0000       1.70978953E-02
  2743.1000       1.71291011E-02
  2743.2000       1.71629040E-02
  2743.3000       1.71967895E-02
  2743.4000       1.72266741E-02
  2743.5000       1.72523510E-02
  2743.6000       1.72722338E-02
  2743.7000       1.72866839E-02
  2743.8000       1.72975167E-02
  2743.9000       1.73090408E-02
  2744.0000       1.73243272E-02
  2744.1000       1.73458064E-02
  2744.2000       1.73709907E-02
  2744.3000       1.74003098E-02
  2744.4000       1.74312996E-02
  2744.5000       1.74639958E-02
  2744.6000       1.74951039E-02
  2744.7000       1.75271058E-02
  2744.8000       1.75600585E-02
  2744.9000       1.75975203E-02
  2745.0000       1.76351663E-02
  2745.1000       1.76737317E-02
  2745.2000       1.77093762E-02
  2745.3000       1.77418022E-02
  2745.4000       1.77714354E-02
  2745.5000       1.77988596E-02
  2745.6000       1.78255816E-02
  2745.7000       1.78502728E-02
  2745.8000       1.78740612E-02
  2745.9000       1.78993962E-02
  2746.0000       1.79257218E-02
  2746.1000       1.79551464E-02
  2746.2000       1.79897856E-02
  2746.3000       1.80271150E-02
  2746.4000       1.80673418E-02
  2746.5000       1.81081532E-02
  2746.6000       1.81498071E-02
  2746.7000       1.81923761E-02
  2746.8000       1.82350283E-02
  2746.9000       1.82717939E-02
  2747.0000       1.83047410E-02
  2747.1000       1.83359697E-02
  2747.2000       1.83652883E-02
  2747.3000       1.83958647E-02
  2747.4000       1.84272474E-02
  2747.5000       1.84592169E-02
  2747.6000       1.84930349E-02
  2747.7000       1.85283701E-02
  2747.8000       1.85642160E-02
  2747.9000       1.85959446E-02
  2748.0000       1.86269645E-02
  2748.1000       1.86574683E-02
  2748.2000       1.86887053E-02
  2748.3000       1.87203522E-02
  2748.4000       1.87514448E-02
  2748.5000       1.87824596E-02
  2748.6000       1.88151798E-02
  2748.7000       1.88471136E-02
  2748.8000       1.88745551E-02
  2748.9000       1.88940268E-02
  2749.0000       1.89053163E-02
  2749.1000       1.89105155E-02
  2749.2000       1.89097494E-02
  2749.3000       1.89051316E-02
  2749.4000       1.88960391E-02
  2749.5000       1.88835509E-02
  2749.6000       1.88716080E-02
  2749.7000       1.88612864E-02
  2749.8000       1.88512550E-02
  2749.9000       1.88409467E-02
  2750.0000       1.88284356E-02
  2750.1000       1.88141637E-02
  2750.2000       1.87971359E-02
  2750.3000       1.87766512E-02
  2750.4000       1.87557036E-02
  2750.5000       1.87348218E-02
  2750.6000       1.87134368E-02
  2750.7000       1.86922987E-02
  2750.8000       1.86703796E-02
  2750.9000       1.86491978E-02
  2751.0000       1.86266048E-02
  2751.1000       1.86001181E-02
  2751.2000       1.85702485E-02
  2751.3000       1.85324404E-02
  2751.4000       1.84865788E-02
  2751.5000       1.84318583E-02
  2751.6000       1.83702963E-02
  2751.7000       1.83027869E-02
  2751.8000       1.82330248E-02
  2751.9000       1.81637947E-02
  2752.0000       1.80985275E-02
  2752.1000       1.80402875E-02
  2752.2000       1.79898622E-02
  2752.3000       1.79473170E-02
  2752.4000       1.79136561E-02
  2752.5000       1.78904419E-02
  2752.6000       1.78785234E-02
  2752.7000       1.78749348E-02
  2752.8000       1.78830611E-02
  2752.9000       1.79005489E-02
  2753.0000       1.79185764E-02
  2753.1000       1.79378964E-02
  2753.2000       1.79599504E-02
  2753.3000       1.79829288E-02
  2753.4000       1.80069995E-02
  2753.5000       1.80262918E-02
  2753.6000       1.80339869E-02
  2753.7000       1.80291720E-02
  2753.8000       1.80098947E-02
  2753.9000       1.79774984E-02
  2754.0000       1.79398361E-02
  2754.1000       1.79042484E-02
  2754.2000       1.78777851E-02
  2754.3000       1.78642316E-02
  2754.4000       1.78614500E-02
  2754.5000       1.78665005E-02
  2754.6000       1.78761663E-02
  2754.7000       1.78891395E-02
  2754.8000       1.79040529E-02
  2754.9000       1.79198982E-02
  2755.0000       1.79357573E-02
  2755.1000       1.79483797E-02
  2755.2000       1.79579261E-02
  2755.3000       1.79630080E-02
  2755.4000       1.79629358E-02
  2755.5000       1.79593933E-02
  2755.6000       1.79523687E-02
  2755.7000       1.79439718E-02
  2755.8000       1.79319005E-02
  2755.9000       1.79143343E-02
  2756.0000       1.78877790E-02
  2756.1000       1.78523707E-02
  2756.2000       1.78095187E-02
  2756.3000       1.77677515E-02
  2756.4000       1.77309799E-02
  2756.5000       1.76988440E-02
  2756.6000       1.76674849E-02
  2756.7000       1.76373518E-02
  2756.8000       1.76109706E-02
  2756.9000       1.75931102E-02
  2757.0000       1.75863872E-02
  2757.1000       1.75911183E-02
  2757.2000       1.76046119E-02
  2757.3000       1.76254960E-02
  2757.4000       1.76477997E-02
  2757.5000       1.76703788E-02
  2757.6000       1.76922606E-02
  2757.7000       1.77117400E-02
  2757.8000       1.77295693E-02
  2757.9000       1.77446089E-02
  2758.0000       1.77548899E-02
  2758.1000       1.77617187E-02
  2758.2000       1.77641439E-02
  2758.3000       1.77626667E-02
  2758.4000       1.77564418E-02
  2758.5000       1.77486761E-02
  2758.6000       1.77395948E-02
  2758.7000       1.77289932E-02
  2758.8000       1.77165881E-02
  2758.9000       1.77011907E-02
  2759.0000       1.76833312E-02
  2759.1000       1.76651967E-02
  2759.2000       1.76477557E-02
  2759.3000       1.76314562E-02
  2759.4000       1.76157711E-02
  2759.5000       1.76008858E-02
  2759.6000       1.75854633E-02
  2759.7000       1.75704167E-02
  2759.8000       1.75559585E-02
  2759.9000       1.75413130E-02
  2760.0000       1.75277502E-02
  2760.1000       1.75149188E-02
  2760.2000       1.75030231E-02
  2760.3000       1.74936552E-02
  2760.4000       1.74863894E-02
  2760.5000       1.74836392E-02
  2760.6000       1.74842718E-02
  2760.7000       1.74893888E-02
  2760.8000       1.75004536E-02
  2760.9000       1.75167296E-02
  2761.0000       1.75385263E-02
  2761.1000       1.75643155E-02
  2761.2000       1.75935865E-02
  2761.3000       1.76261661E-02
  2761.4000       1.76598319E-02
  2761.5000       1.76950005E-02
  2761.6000       1.77297467E-02
  2761.7000       1.77637978E-02
  2761.8000       1.77983439E-02
  2761.9000       1.78334722E-02
  2762.0000       1.78684065E-02
  2762.1000       1.79029339E-02
  2762.2000       1.79365416E-02
  2762.3000       1.79699024E-02
  2762.4000       1.80021994E-02
  2762.5000       1.80355945E-02
  2762.6000       1.80708420E-02
  2762.7000       1.81086551E-02
  2762.8000       1.81512970E-02
  2762.9000       1.81966512E-02
  2763.0000       1.82444183E-02
  2763.1000       1.82922366E-02
  2763.2000       1.83387976E-02
  2763.3000       1.83839765E-02
  2763.4000       1.84268669E-02
  2763.5000       1.84658168E-02
  2763.6000       1.84993574E-02
  2763.7000       1.85269307E-02
  2763.8000       1.85478186E-02
  2763.9000       1.85652247E-02
  2764.0000       1.85796554E-02
  2764.1000       1.85952108E-02
  2764.2000       1.86163773E-02
  2764.3000       1.86413557E-02
  2764.4000       1.86695297E-02
  2764.5000       1.86983046E-02
  2764.6000       1.87230795E-02
  2764.7000       1.87424091E-02
  2764.8000       1.87568282E-02
  2764.9000       1.87642510E-02
  2765.0000       1.87649510E-02
  2765.1000       1.87580860E-02
  2765.2000       1.87451378E-02
  2765.3000       1.87258711E-02
  2765.4000       1.87040592E-02
  2765.5000       1.86804925E-02
  2765.6000       1.86578767E-02
  2765.7000       1.86368094E-02
  2765.8000       1.86160907E-02
  2765.9000       1.85944084E-02
  2766.0000       1.85720016E-02
  2766.1000       1.85518758E-02
  2766.2000       1.85323761E-02
  2766.3000       1.85159714E-02
  2766.4000       1.85034031E-02
  2766.5000       1.84917355E-02
  2766.6000       1.84823833E-02
  2766.7000       1.84755790E-02
  2766.8000       1.84718135E-02
  2766.9000       1.84708529E-02
  2767.0000       1.84727140E-02
  2767.1000       1.84785912E-02
  2767.2000       1.84887685E-02
  2767.3000       1.85045250E-02
  2767.4000       1.85261615E-02
  2767.5000       1.85532915E-02
  2767.6000       1.85819415E-02
  2767.7000       1.86106927E-02
  2767.8000       1.86397555E-02
  2767.9000       1.86674197E-02
  2768.0000       1.86921956E-02
  2768.1000       1.87144903E-02
  2768.2000       1.87334452E-02
  2768.3000       1.87489773E-02
  2768.4000       1.87608789E-02
  2768.5000       1.87688820E-02
  2768.6000       1.87732241E-02
  2768.7000       1.87729939E-02
  2768.8000       1.87724830E-02
  2768.9000       1.87754102E-02
  2769.0000       1.87807633E-02
  2769.1000       1.87879299E-02
  2769.2000       1.87978550E-02
  2769.3000       1.88105948E-02
  2769.4000       1.88265898E-02
  2769.5000       1.88438407E-02
  2769.6000       1.88619683E-02
  2769.7000       1.88797270E-02
  2769.8000       1.88956038E-02
  2769.9000       1.89059543E-02
  2770.0000       1.89073136E-02
  2770.1000       1.88991625E-02
  2770.2000       1.88812198E-02
  2770.3000       1.88560362E-02
  2770.4000       1.88254287E-02
  2770.5000       1.87917737E-02
  2770.6000       1.87571532E-02
  2770.7000       1.87198164E-02
  2770.8000       1.86802393E-02
  2770.9000       1.86395897E-02
  2771.0000       1.86006762E-02
  2771.1000       1.85635266E-02
  2771.2000       1.85275152E-02
  2771.3000       1.84934670E-02
  2771.4000       1.84630222E-02
  2771.5000       1.84363506E-02
  2771.6000       1.84179761E-02
  2771.7000       1.84060332E-02
  2771.8000       1.83948099E-02
  2771.9000       1.83907018E-02
  2772.0000       1.83915807E-02
  2772.1000       1.83907971E-02
  2772.2000       1.83855901E-02
  2772.3000       1.83765128E-02
  2772.4000       1.83644422E-02
  2772.5000       1.83521041E-02
  2772.6000       1.83422476E-02
  2772.7000       1.83331154E-02
  2772.8000       1.83274528E-02
  2772.9000       1.83244882E-02
  2773.0000       1.83247849E-02
  2773.1000       1.83296043E-02
  2773.2000       1.83403690E-02
  2773.3000       1.83566474E-02
  2773.4000       1.83769011E-02
  2773.5000       1.83985837E-02
  2773.6000       1.84202174E-02
  2773.7000       1.84425354E-02
  2773.8000       1.84627159E-02
  2773.9000       1.84796401E-02
  2774.0000       1.84916657E-02
  2774.1000       1.84989004E-02
  2774.2000       1.85015062E-02
  2774.3000       1.85016390E-02
  2774.4000       1.85042571E-02
  2774.5000       1.85118472E-02
  2774.6000       1.85266941E-02
  2774.7000       1.85473601E-02
  2774.8000       1.85715988E-02
  2774.9000       1.85948731E-02
  2775.0000       1.86161926E-02
  2775.1000       1.86328034E-02
  2775.2000       1.86462920E-02
  2775.3000       1.86592953E-02
  2775.4000       1.86734497E-02
  2775.5000       1.86888808E-02
  2775.6000       1.87048741E-02
  2775.7000       1.87224161E-02
  2775.8000       1.87408689E-02
  2775.9000       1.87596567E-02
  2776.0000       1.87757086E-02
  2776.1000       1.87884619E-02
  2776.2000       1.87956356E-02
  2776.3000       1.87952449E-02
  2776.4000       1.87887900E-02
  2776.5000       1.87767178E-02
  2776.6000       1.87656690E-02
  2776.7000       1.87584978E-02
  2776.8000       1.87575861E-02
  2776.9000       1.87592555E-02
  2777.0000       1.87620845E-02
  2777.1000       1.87646703E-02
  2777.2000       1.87668485E-02
  2777.3000       1.87649091E-02
  2777.4000       1.87607753E-02
  2777.5000       1.87554252E-02
  2777.6000       1.87502014E-02
  2777.7000       1.87445387E-02
  2777.8000       1.87403539E-02
  2777.9000       1.87397373E-02
  2778.0000       1.87446232E-02
  2778.1000       1.87554710E-02
  2778.2000       1.87729086E-02
  2778.3000       1.87960558E-02
  2778.4000       1.88251976E-02
  2778.5000       1.88573440E-02
  2778.6000       1.88936956E-02
  2778.7000       1.89304418E-02
  2778.8000       1.89646755E-02
  2778.9000       1.89950010E-02
  2779.0000       1.90193070E-02
  2779.1000       1.90392804E-02
  2779.2000       1.90544642E-02
  2779.3000       1.90674320E-02
  2779.4000       1.90803302E-02
  2779.5000       1.90955121E-02
  2779.6000       1.91075412E-02
  2779.7000       1.91104854E-02
  2779.8000       1.91070373E-02
  2779.9000       1.91026432E-02
  2780.0000       1.91003467E-02
  2780.1000       1.91094836E-02
  2780.2000       1.91241152E-02
  2780.3000       1.91393197E-02
  2780.4000       1.91552363E-02
  2780.5000       1.91738734E-02
  2780.6000       1.91918147E-02
  2780.7000       1.92049638E-02
  2780.8000       1.92165564E-02
  2780.9000       1.92292957E-02
  2781.0000       1.92444142E-02
  2781.1000       1.92559742E-02
  2781.2000       1.92564897E-02
  2781.3000       1.92513500E-02
  2781.4000       1.92394148E-02
  2781.5000       1.92222420E-02
  2781.6000       1.92041524E-02
  2781.7000       1.91811560E-02
  2781.8000       1.91546261E-02
  2781.9000       1.91232811E-02
  2782.0000       1.90857691E-02
  2782.1000       1.90464058E-02
  2782.2000       1.90062110E-02
  2782.3000       1.89656714E-02
  2782.4000       1.89287297E-02
  2782.5000       1.88948439E-02
  2782.6000       1.88660432E-02
  2782.7000       1.88424899E-02
  2782.8000       1.88247943E-02
  2782.9000       1.88131927E-02
  2783.0000       1.88065493E-02
  2783.1000       1.88070345E-02
  2783.2000       1.88114614E-02
  2783.3000       1.88189751E-02
  2783.4000       1.88287720E-02
  2783.5000       1.88404236E-02
  2783.6000       1.88516403E-02
  2783.7000       1.88645200E-02
  2783.8000       1.88794882E-02
  2783.9000       1.88974166E-02
  2784.0000       1.89176766E-02
  2784.1000       1.89392204E-02
  2784.2000       1.89599666E-02
  2784.3000       1.89795991E-02
  2784.4000       1.89984987E-02
  2784.5000       1.90182054E-02
  2784.6000       1.90401991E-02
  2784.7000       1.90644495E-02
  2784.8000       1.90906914E-02
  2784.9000       1.91203077E-02
  2785.0000       1.91530515E-02
  2785.1000       1.91881959E-02
  2785.2000       1.92262742E-02
  2785.3000       1.92652454E-02
  2785.4000       1.93026461E-02
  2785.5000       1.93368678E-02
  2785.6000       1.93675764E-02
  2785.7000       1.93944091E-02
  2785.8000       1.94157060E-02
  2785.9000       1.94322854E-02
  2786.0000       1.94440317E-02
  2786.1000       1.94491526E-02
  2786.2000       1.94495046E-02
  2786.3000       1.94433984E-02
  2786.4000       1.94334687E-02
  2786.5000       1.94191109E-02
  2786.6000       1.93993156E-02
  2786.7000       1.93723174E-02
  2786.8000       1.93391558E-02
  2786.9000       1.93046016E-02
  2787.0000       1.92746495E-02
  2787.1000       1.92491525E-02
  2787.2000       1.92228031E-02
  2787.3000       1.91949261E-02
  2787.4000       1.91670015E-02
  2787.5000       1.91405871E-02
  2787.6000       1.91162356E-02
  2787.7000       1.90925507E-02
  2787.8000       1.90696037E-02
  2787.9000       1.90452396E-02
  2788.0000       1.90215187E-02
  2788.1000       1.89994244E-02
  2788.2000       1.89759510E-02
  2788.3000       1.89521327E-02
  2788.4000       1.89245206E-02
  2788.5000       1.88942005E-02
  2788.6000       1.88617606E-02
  2788.7000       1.88282188E-02
  2788.8000       1.87926510E-02
  2788.9000       1.87568374E-02
  2789.0000       1.87190346E-02
  2789.1000       1.86803634E-02
  2789.2000       1.86412560E-02
  2789.3000       1.86048611E-02
  2789.4000       1.85709931E-02
  2789.5000       1.85413547E-02
  2789.6000       1.85179522E-02
  2789.7000       1.85009397E-02
  2789.8000       1.84906097E-02
  2789.9000       1.84847937E-02
  2790.0000       1.84809554E-02
  2790.1000       1.84762850E-02
  2790.2000       1.84693219E-02
  2790.3000       1.84557837E-02
  2790.4000       1.84344873E-02
  2790.5000       1.84057540E-02
  2790.6000       1.83736879E-02
  2790.7000       1.83396996E-02
  2790.8000       1.83057067E-02
  2790.9000       1.82706683E-02
  2791.0000       1.82362588E-02
  2791.1000       1.82007766E-02
  2791.2000       1.81669870E-02
  2791.3000       1.81335194E-02
  2791.4000       1.80987736E-02
  2791.5000       1.80614200E-02
  2791.6000       1.80183441E-02
  2791.7000       1.79693603E-02
  2791.8000       1.79173609E-02
  2791.9000       1.78632536E-02
  2792.0000       1.78095996E-02
  2792.1000       1.77591461E-02
  2792.2000       1.77125606E-02
  2792.3000       1.76723487E-02
  2792.4000       1.76338085E-02
  2792.5000       1.75968305E-02
  2792.6000       1.75596578E-02
  2792.7000       1.75215476E-02
  2792.8000       1.74844656E-02
  2792.9000       1.74481245E-02
  2793.0000       1.74153547E-02
  2793.1000       1.73885091E-02
  2793.2000       1.73673069E-02
  2793.3000       1.73524196E-02
  2793.4000       1.73451634E-02
  2793.5000       1.73462506E-02
  2793.6000       1.73535497E-02
  2793.7000       1.73675064E-02
  2793.8000       1.73875086E-02
  2793.9000       1.74121949E-02
  2794.0000       1.74426104E-02
  2794.1000       1.74776560E-02
  2794.2000       1.75149975E-02
  2794.3000       1.75527034E-02
  2794.4000       1.75884164E-02
  2794.5000       1.76215459E-02
  2794.6000       1.76488086E-02
  2794.7000       1.76694309E-02
  2794.8000       1.76834284E-02
  2794.9000       1.76906188E-02
  2795.0000       1.76914650E-02
  2795.1000       1.76861575E-02
  2795.2000       1.76774909E-02
  2795.3000       1.76667135E-02
  2795.4000       1.76541276E-02
  2795.5000       1.76403364E-02
  2795.6000       1.76265680E-02
  2795.7000       1.76139366E-02
  2795.8000       1.76017578E-02
  2795.9000       1.75917111E-02
  2796.0000       1.75835412E-02
  2796.1000       1.75775991E-02
  2796.2000       1.75717716E-02
  2796.3000       1.75664995E-02
  2796.4000       1.75599476E-02
  2796.5000       1.75539776E-02
  2796.6000       1.75480114E-02
  2796.7000       1.75432913E-02
  2796.8000       1.75382257E-02
  2796.9000       1.75329407E-02
  2797.0000       1.75281089E-02
  2797.1000       1.75239738E-02
  2797.2000       1.75205117E-02
  2797.3000       1.75181941E-02
  2797.4000       1.75170386E-02
  2797.5000       1.75175650E-02
  2797.6000       1.75168222E-02
  2797.7000       1.75145348E-02
  2797.8000       1.75104627E-02
  2797.9000       1.75040091E-02
  2798.0000       1.74955668E-02
  2798.1000       1.74860957E-02
  2798.2000       1.74788143E-02
  2798.3000       1.74733750E-02
  2798.4000       1.74705013E-02
  2798.5000       1.74709958E-02
  2798.6000       1.74747318E-02
  2798.7000       1.74817888E-02
  2798.8000       1.74904548E-02
  2798.9000       1.75005127E-02
  2799.0000       1.75114770E-02
  2799.1000       1.75211248E-02
  2799.2000       1.75286400E-02
  2799.3000       1.75331068E-02
  2799.4000       1.75360959E-02
  2799.5000       1.75363183E-02
  2799.6000       1.75344858E-02
  2799.7000       1.75295398E-02
  2799.8000       1.75224529E-02
  2799.9000       1.75139636E-02
  2800.0000       1.75034735E-02
  2800.1000       1.74920401E-02
  2800.2000       1.74812700E-02
  2800.3000       1.74723246E-02
  2800.4000       1.74657741E-02
  2800.5000       1.74619983E-02
  2800.6000       1.74616601E-02
  2800.7000       1.74644843E-02
  2800.8000       1.74705771E-02
  2800.9000       1.74795332E-02
  2801.0000       1.74908477E-02
  2801.1000       1.75047804E-02
  2801.2000       1.75193693E-02
  2801.3000       1.75341360E-02
  2801.4000       1.75483430E-02
  2801.5000       1.75620202E-02
  2801.6000       1.75766019E-02
  2801.7000       1.75907149E-02
  2801.8000       1.76052534E-02
  2801.9000       1.76189784E-02
  2802.0000       1.76328356E-02
  2802.1000       1.76462932E-02
  2802.2000       1.76597436E-02
  2802.3000       1.76735164E-02
  2802.4000       1.76871541E-02
  2802.5000       1.77029309E-02
  2802.6000       1.77208772E-02
  2802.7000       1.77433702E-02
  2802.8000       1.77708341E-02
  2802.9000       1.78037635E-02
  2803.0000       1.78401339E-02
  2803.1000       1.78795716E-02
  2803.2000       1.79220571E-02
  2803.3000       1.79662180E-02
  2803.4000       1.80111425E-02
  2803.5000       1.80556246E-02
  2803.6000       1.80971649E-02
  2803.7000       1.81353561E-02
  2803.8000       1.81686411E-02
  2803.9000       1.81977866E-02
  2804.0000       1.82210243E-02
  2804.1000       1.82407267E-02
  2804.2000       1.82577013E-02
  2804.3000       1.82740389E-02
  2804.4000       1.82910444E-02
  2804.5000       1.83092579E-02
  2804.6000       1.83285416E-02
  2804.7000       1.83498117E-02
  2804.8000       1.83732596E-02
  2804.9000       1.83992701E-02
  2805.0000       1.84285276E-02
  2805.1000       1.84581248E-02
  2805.2000       1.84884597E-02
  2805.3000       1.85184250E-02
  2805.4000       1.85495453E-02
  2805.5000       1.85814589E-02
  2805.6000       1.86154336E-02
  2805.7000       1.86515576E-02
  2805.8000       1.86903645E-02
  2805.9000       1.87296168E-02
  2806.0000       1.87671955E-02
  2806.1000       1.88003215E-02
  2806.2000       1.88267758E-02
  2806.3000       1.88484854E-02
  2806.4000       1.88674771E-02
  2806.5000       1.88831406E-02
  2806.6000       1.88962730E-02
  2806.7000       1.89049326E-02
  2806.8000       1.89135246E-02
  2806.9000       1.89193027E-02
  2807.0000       1.89234644E-02
  2807.1000       1.89256775E-02
  2807.2000       1.89267892E-02
  2807.3000       1.89265602E-02
  2807.4000       1.89258606E-02
  2807.5000       1.89253487E-02
  2807.6000       1.89260720E-02
  2807.7000       1.89284355E-02
  2807.8000       1.89347279E-02
  2807.9000       1.89457490E-02
  2808.0000       1.89584207E-02
  2808.1000       1.89717842E-02
  2808.2000       1.89870778E-02
  2808.3000       1.90015810E-02
  2808.4000       1.90161336E-02
  2808.5000       1.90302071E-02
  2808.6000       1.90437560E-02
  2808.7000       1.90566718E-02
  2808.8000       1.90686228E-02
  2808.9000       1.90787143E-02
  2809.0000       1.90887466E-02
  2809.1000       1.90974706E-02
  2809.2000       1.91069544E-02
  2809.3000       1.91168465E-02
  2809.4000       1.91266745E-02
  2809.5000       1.91398335E-02
  2809.6000       1.91554095E-02
  2809.7000       1.91744377E-02
  2809.8000       1.91933867E-02
  2809.9000       1.92080999E-02
  2810.0000       1.92191437E-02
  2810.1000       1.92271400E-02
  2810.2000       1.92297973E-02
  2810.3000       1.92292574E-02
  2810.4000       1.92286914E-02
  2810.5000       1.92300574E-02
  2810.6000       1.92330898E-02
  2810.7000       1.92398473E-02
  2810.8000       1.92486881E-02
  2810.9000       1.92583385E-02
  2811.0000       1.92692926E-02
  2811.1000       1.92808200E-02
  2811.2000       1.92940889E-02
  2811.3000       1.93092671E-02
  2811.4000       1.93257918E-02
  2811.5000       1.93437377E-02
  2811.6000       1.93631334E-02
  2811.7000       1.93834969E-02
  2811.8000       1.94062181E-02
  2811.9000       1.94296818E-02
  2812.0000       1.94545518E-02
  2812.1000       1.94802542E-02
  2812.2000       1.95059373E-02
  2812.3000       1.95317907E-02
  2812.4000       1.95578908E-02
  2812.5000       1.95855135E-02
  2812.6000       1.96154799E-02
  2812.7000       1.96437251E-02
  2812.8000       1.96738772E-02
  2812.9000       1.97043924E-02
  2813.0000       1.97364852E-02
  2813.1000       1.97685466E-02
  2813.2000       1.98008700E-02
  2813.3000       1.98329452E-02
  2813.4000       1.98646325E-02
  2813.5000       1.98969013E-02
  2813.6000       1.99292095E-02
  2813.7000       1.99627351E-02
  2813.8000       1.99969484E-02
  2813.9000       2.00318159E-02
  2814.0000       2.00670029E-02
  2814.1000       2.01013479E-02
  2814.2000       2.01346521E-02
  2814.3000       2.01670832E-02
  2814.4000       2.01988362E-02
  2814.5000       2.02303625E-02
  2814.6000       2.02615380E-02
  2814.7000       2.02919446E-02
  2814.8000       2.03237094E-02
  2814.9000       2.03555159E-02
  2815.0000       2.03849505E-02
  2815.1000       2.04102979E-02
  2815.2000       2.04348646E-02
  2815.3000       2.04576644E-02
  2815.4000       2.04817997E-02
  2815.5000       2.05057281E-02
  2815.6000       2.05271536E-02
  2815.7000       2.05458115E-02
  2815.8000       2.05641136E-02
  2815.9000       2.05822501E-02
  2816.0000       2.06008701E-02
  2816.1000       2.06174066E-02
  2816.2000       2.06316221E-02
  2816.3000       2.06430397E-02
  2816.4000       2.06514173E-02
  2816.5000       2.06578385E-02
  2816.6000       2.06641415E-02
  2816.7000       2.06689099E-02
  2816.8000       2.06730545E-02
  2816.9000       2.06788284E-02
  2817.0000       2.06868869E-02
  2817.1000       2.06959473E-02
  2817.2000       2.07018801E-02
  2817.3000       2.07023056E-02
  2817.4000       2.06970258E-02
  2817.5000       2.06876130E-02
  2817.6000       2.06791515E-02
  2817.7000       2.06785443E-02
  2817.8000       2.06824118E-02
  2817.9000       2.06891126E-02
  2818.0000       2.07019396E-02
  2818.1000       2.07223289E-02
  2818.2000       2.07474042E-02
  2818.3000       2.07707867E-02
  2818.4000       2.07945147E-02
  2818.5000       2.08203744E-02
  2818.6000       2.08445186E-02
  2818.7000       2.08670505E-02
  2818.8000       2.08856515E-02
  2818.9000       2.08999512E-02
  2819.0000       2.09085910E-02
  2819.1000       2.09111189E-02
  2819.2000       2.09080847E-02
  2819.3000       2.09001403E-02
  2819.4000       2.08883955E-02
  2819.5000       2.08753448E-02
  2819.6000       2.08609077E-02
  2819.7000       2.08460603E-02
  2819.8000       2.08311987E-02
  2819.9000       2.08158823E-02
  2820.0000       2.07988540E-02
  2820.1000       2.07799464E-02
  2820.2000       2.07579309E-02
  2820.3000       2.07335956E-02
  2820.4000       2.07069595E-02
  2820.5000       2.06790658E-02
  2820.6000       2.06512848E-02
  2820.7000       2.06256929E-02
  2820.8000       2.06036047E-02
  2820.9000       2.05861454E-02
  2821.0000       2.05718038E-02
  2821.1000       2.05597573E-02
  2821.2000       2.05488794E-02
  2821.3000       2.05376411E-02
  2821.4000       2.05274656E-02
  2821.5000       2.05196817E-02
  2821.6000       2.05135354E-02
  2821.7000       2.05105669E-02
  2821.8000       2.05090739E-02
  2821.9000       2.05088445E-02
  2822.0000       2.05077811E-02
  2822.1000       2.05060669E-02
  2822.2000       2.05030852E-02
  2822.3000       2.04982556E-02
  2822.4000       2.04924714E-02
  2822.5000       2.04860642E-02
  2822.6000       2.04776765E-02
  2822.7000       2.04665747E-02
  2822.8000       2.04507832E-02
  2822.9000       2.04308094E-02
  2823.0000       2.04101009E-02
  2823.1000       2.03899740E-02
  2823.2000       2.03762284E-02
  2823.3000       2.03667075E-02
  2823.4000       2.03640648E-02
  2823.5000       2.03622525E-02
  2823.6000       2.03464184E-02
  2823.7000       2.03231470E-02
  2823.8000       2.02968536E-02
  2823.9000       2.02755923E-02
  2824.0000       2.02591888E-02
  2824.1000       2.02377547E-02
  2824.2000       2.02108400E-02
  2824.3000       2.01832314E-02
  2824.4000       2.01552823E-02
  2824.5000       2.01291325E-02
  2824.6000       2.01072301E-02
  2824.7000       2.00863366E-02
  2824.8000       2.00678052E-02
  2824.9000       2.00527979E-02
  2825.0000       2.00382300E-02
  2825.1000       2.00211768E-02
  2825.2000       2.00020258E-02
  2825.3000       1.99807592E-02
  2825.4000       1.99598597E-02
  2825.5000       1.99443094E-02
  2825.6000       1.99365932E-02
  2825.7000       1.99353212E-02
  2825.8000       1.99393551E-02
  2825.9000       1.99469359E-02
  2826.0000       1.99571220E-02
  2826.1000       1.99674780E-02
  2826.2000       1.99803824E-02
  2826.3000       1.99947987E-02
  2826.4000       2.00099065E-02
  2826.5000       2.00251151E-02
  2826.6000       2.00402511E-02
  2826.7000       2.00541858E-02
  2826.8000       2.00674643E-02
  2826.9000       2.00804678E-02
  2827.0000       2.00958830E-02
  2827.1000       2.01129667E-02
  2827.2000       2.01340137E-02
  2827.3000       2.01556350E-02
  2827.4000       2.01777922E-02
  2827.5000       2.01990703E-02
  2827.6000       2.02189917E-02
  2827.7000       2.02382588E-02
  2827.8000       2.02557652E-02
  2827.9000       2.02721542E-02
  2828.0000       2.02854535E-02
  2828.1000       2.02975390E-02
  2828.2000       2.03067898E-02
  2828.3000       2.03117084E-02
  2828.4000       2.03127367E-02
  2828.5000       2.03093846E-02
  2828.6000       2.03014540E-02
  2828.7000       2.02909251E-02
  2828.8000       2.02820242E-02
  2828.9000       2.02781565E-02
  2829.0000       2.02744076E-02
  2829.1000       2.02675414E-02
  2829.2000       2.02617495E-02
  2829.3000       2.02587279E-02
  2829.4000       2.02588930E-02
  2829.5000       2.02633189E-02
  2829.6000       2.02705073E-02
  2829.7000       2.02803795E-02
  2829.8000       2.02930821E-02
  2829.9000       2.03081318E-02
  2830.0000       2.03220674E-02
  2830.1000       2.03344635E-02
  2830.2000       2.03406491E-02
  2830.3000       2.03346596E-02
  2830.4000       2.03153484E-02
  2830.5000       2.02867975E-02
  2830.6000       2.02571277E-02
  2830.7000       2.02280618E-02
  2830.8000       2.02036762E-02
  2830.9000       2.01824411E-02
  2831.0000       2.01675769E-02
  2831.1000       2.01613482E-02
  2831.2000       2.01642910E-02
  2831.3000       2.01702366E-02
  2831.4000       2.01767005E-02
  2831.5000       2.01818542E-02
  2831.6000       2.01885193E-02
  2831.7000       2.01962980E-02
  2831.8000       2.02047182E-02
  2831.9000       2.02161925E-02
  2832.0000       2.02274058E-02
  2832.1000       2.02364804E-02
  2832.2000       2.02425396E-02
  2832.3000       2.02475522E-02
  2832.4000       2.02517904E-02
  2832.5000       2.02527734E-02
  2832.6000       2.02527091E-02
  2832.7000       2.02506117E-02
  2832.8000       2.02462834E-02
  2832.9000       2.02400588E-02
  2833.0000       2.02337364E-02
  2833.1000       2.02269894E-02
  2833.2000       2.02202447E-02
  2833.3000       2.02149368E-02
  2833.4000       2.02109067E-02
  2833.5000       2.02068461E-02
  2833.6000       2.02033029E-02
  2833.7000       2.02011020E-02
  2833.8000       2.01992815E-02
  2833.9000       2.01974398E-02
  2834.0000       2.01963546E-02
  2834.1000       2.01989975E-02
  2834.2000       2.02044493E-02
  2834.3000       2.02156438E-02
  2834.4000       2.02308799E-02
  2834.5000       2.02482334E-02
  2834.6000       2.02675753E-02
  2834.7000       2.02858362E-02
  2834.8000       2.03015584E-02
  2834.9000       2.03158999E-02
  2835.0000       2.03295295E-02
  2835.1000       2.03433136E-02
  2835.2000       2.03551096E-02
  2835.3000       2.03656497E-02
  2835.4000       2.03762952E-02
  2835.5000       2.03876598E-02
  2835.6000       2.03976494E-02
  2835.7000       2.04076886E-02
  2835.8000       2.04177534E-02
  2835.9000       2.04290748E-02
  2836.0000       2.04457230E-02
  2836.1000       2.04682153E-02
  2836.2000       2.04944533E-02
  2836.3000       2.05191786E-02
  2836.4000       2.05372602E-02
  2836.5000       2.05497518E-02
  2836.6000       2.05541414E-02
  2836.7000       2.05505758E-02
  2836.8000       2.05394113E-02
  2836.9000       2.05231754E-02
  2837.0000       2.05063250E-02
  2837.1000       2.04916503E-02
  2837.2000       2.04818344E-02
  2837.3000       2.04758873E-02
  2837.4000       2.04748472E-02
  2837.5000       2.04748051E-02
  2837.6000       2.04748551E-02
  2837.7000       2.04746368E-02
  2837.8000       2.04707238E-02
  2837.9000       2.04604292E-02
  2838.0000       2.04423217E-02
  2838.1000       2.04202365E-02
  2838.2000       2.03971740E-02
  2838.3000       2.03752692E-02
  2838.4000       2.03545181E-02
  2838.5000       2.03335614E-02
  2838.6000       2.03119638E-02
  2838.7000       2.02914307E-02
  2838.8000       2.02694486E-02
  2838.9000       2.02455888E-02
  2839.0000       2.02190641E-02
  2839.1000       2.01886538E-02
  2839.2000       2.01576317E-02
  2839.3000       2.01266404E-02
  2839.4000       2.00975966E-02
  2839.5000       2.00676544E-02
  2839.6000       2.00294263E-02
  2839.7000       1.99866388E-02
  2839.8000       1.99446356E-02
  2839.9000       1.99062978E-02
  2840.0000       1.98691823E-02
  2840.1000       1.98367921E-02
  2840.2000       1.98074765E-02
  2840.3000       1.97858670E-02
  2840.4000       1.97699699E-02
  2840.5000       1.97608343E-02
  2840.6000       1.97585338E-02
  2840.7000       1.97600275E-02
  2840.8000       1.97649802E-02
  2840.9000       1.97720481E-02
  2841.0000       1.97778081E-02
  2841.1000       1.97819377E-02
  2841.2000       1.97842205E-02
  2841.3000       1.97808882E-02
  2841.4000       1.97745372E-02
  2841.5000       1.97647910E-02
  2841.6000       1.97522429E-02
  2841.7000       1.97356140E-02
  2841.8000       1.97185290E-02
  2841.9000       1.97037221E-02
  2842.0000       1.96929415E-02
  2842.1000       1.96856901E-02
  2842.2000       1.96848071E-02
  2842.3000       1.96890553E-02
  2842.4000       1.96972773E-02
  2842.5000       1.97100259E-02
  2842.6000       1.97231925E-02
  2842.7000       1.97352437E-02
  2842.8000       1.97472913E-02
  2842.9000       1.97570468E-02
  2843.0000       1.97675640E-02
  2843.1000       1.97765663E-02
  2843.2000       1.97775767E-02
  2843.3000       1.97659093E-02
  2843.4000       1.97485642E-02
  2843.5000       1.97231840E-02
  2843.6000       1.96901765E-02
  2843.7000       1.96538879E-02
  2843.8000       1.96158342E-02
  2843.9000       1.95797525E-02
  2844.0000       1.95480318E-02
  2844.1000       1.95243628E-02
  2844.2000       1.95088754E-02
  2844.3000       1.95028293E-02
  2844.4000       1.95059470E-02
  2844.5000       1.95180884E-02
  2844.6000       1.95387878E-02
  2844.7000       1.95651346E-02
  2844.8000       1.95959314E-02
  2844.9000       1.96270986E-02
  2845.0000       1.96607592E-02
  2845.1000       1.96989623E-02
  2845.2000       1.97415669E-02
  2845.3000       1.97895579E-02
  2845.4000       1.98412768E-02
  2845.5000       1.98945045E-02
  2845.6000       1.99449542E-02
  2845.7000       1.99957239E-02
  2845.8000       2.00416056E-02
  2845.9000       2.00878812E-02
  2846.0000       2.01311274E-02
  2846.1000       2.01736817E-02
  2846.2000       2.02150117E-02
  2846.3000       2.02576972E-02
  2846.4000       2.02983125E-02
  2846.5000       2.03376446E-02
  2846.6000       2.03732233E-02
  2846.7000       2.04027275E-02
  2846.8000       2.04246722E-02
  2846.9000       2.04390131E-02
  2847.0000       2.04501984E-02
  2847.1000       2.04610528E-02
  2847.2000       2.04743078E-02
  2847.3000       2.04852049E-02
  2847.4000       2.04953423E-02
  2847.5000       2.05036129E-02
  2847.6000       2.05138859E-02
  2847.7000       2.05229505E-02
  2847.8000       2.05302598E-02
  2847.9000       2.05347276E-02
  2848.0000       2.05351551E-02
  2848.1000       2.05314861E-02
  2848.2000       2.05243753E-02
  2848.3000       2.05194652E-02
  2848.4000       2.05167063E-02
  2848.5000       2.05155779E-02
  2848.6000       2.05131681E-02
  2848.7000       2.05124774E-02
  2848.8000       2.05121932E-02
  2848.9000       2.05121614E-02
  2849.0000       2.05102800E-02
  2849.1000       2.05097229E-02
  2849.2000       2.05101765E-02
  2849.3000       2.05125031E-02
  2849.4000       2.05189501E-02
  2849.5000       2.05289858E-02
  2849.6000       2.05433195E-02
  2849.7000       2.05608502E-02
  2849.8000       2.05786604E-02
  2849.9000       2.06001112E-02
  2850.0000       2.06195791E-02
  2850.1000       2.06415404E-02
  2850.2000       2.06633142E-02
  2850.3000       2.06837008E-02
  2850.4000       2.07038121E-02
  2850.5000       2.07239095E-02
  2850.6000       2.07433074E-02
  2850.7000       2.07649781E-02
  2850.8000       2.07843515E-02
  2850.9000       2.08022947E-02
  2851.0000       2.08228553E-02
  2851.1000       2.08442767E-02
  2851.2000       2.08657535E-02
  2851.3000       2.08859330E-02
  2851.4000       2.09046841E-02
  2851.5000       2.09209151E-02
  2851.6000       2.09366750E-02
  2851.7000       2.09560778E-02
  2851.8000       2.09786620E-02
  2851.9000       2.10074734E-02
  2852.0000       2.10388873E-02
  2852.1000       2.10749565E-02
  2852.2000       2.11151399E-02
  2852.3000       2.11548575E-02
  2852.4000       2.11955218E-02
  2852.5000       2.12375224E-02
  2852.6000       2.12874069E-02
  2852.7000       2.13468270E-02
  2852.8000       2.13988118E-02
  2852.9000       2.14328998E-02
  2853.0000       2.14550002E-02
  2853.1000       2.14623949E-02
  2853.2000       2.14514016E-02
  2853.3000       2.14294915E-02
  2853.4000       2.13963761E-02
  2853.5000       2.13443857E-02
  2853.6000       2.12778447E-02
  2853.7000       2.12042111E-02
  2853.8000       2.11314505E-02
  2853.9000       2.10696456E-02
  2854.0000       2.10135014E-02
  2854.1000       2.09630050E-02
  2854.2000       2.09070935E-02
  2854.3000       2.08394451E-02
  2854.4000       2.07607496E-02
  2854.5000       2.06750165E-02
  2854.6000       2.05936189E-02
  2854.7000       2.05248054E-02
  2854.8000       2.04626108E-02
  2854.9000       2.03985907E-02
  2855.0000       2.03357868E-02
  2855.1000       2.02857978E-02
  2855.2000       2.02512939E-02
  2855.3000       2.02188853E-02
  2855.4000       2.01925805E-02
  2855.5000       2.01729525E-02
  2855.6000       2.01569724E-02
  2855.7000       2.01441448E-02
  2855.8000       2.01278150E-02
  2855.9000       2.01073845E-02
  2856.0000       2.00801852E-02
  2856.1000       2.00521787E-02
  2856.2000       2.00249939E-02
  2856.3000       1.99979059E-02
  2856.4000       1.99758767E-02
  2856.5000       1.99562329E-02
  2856.6000       1.99340727E-02
  2856.7000       1.98998681E-02
  2856.8000       1.98636463E-02
  2856.9000       1.98297264E-02
  2857.0000       1.97944543E-02
  2857.1000       1.97671071E-02
  2857.2000       1.97528221E-02
  2857.3000       1.97513250E-02
  2857.4000       1.97650901E-02
  2857.5000       1.97953804E-02
  2857.6000       1.98296388E-02
  2857.7000       1.98458356E-02
  2857.8000       1.98349997E-02
  2857.9000       1.98031936E-02
  2858.0000       1.97627681E-02
  2858.1000       1.97097341E-02
  2858.2000       1.96572243E-02
  2858.3000       1.96185809E-02
  2858.4000       1.95900402E-02
  2858.5000       1.95736911E-02
  2858.6000       1.95667878E-02
  2858.7000       1.95686809E-02
  2858.8000       1.95811349E-02
  2858.9000       1.95950330E-02
  2859.0000       1.96041651E-02
  2859.1000       1.96104899E-02
  2859.2000       1.96179042E-02
  2859.3000       1.96245267E-02
  2859.4000       1.96288553E-02
  2859.5000       1.96309003E-02
  2859.6000       1.96308278E-02
  2859.7000       1.96308096E-02
  2859.8000       1.96331635E-02
  2859.9000       1.96386271E-02
  2860.0000       1.96456891E-02
  2860.1000       1.96564931E-02
  2860.2000       1.96695140E-02
  2860.3000       1.96831689E-02
  2860.4000       1.97011670E-02
  2860.5000       1.97205802E-02
  2860.6000       1.97411535E-02
  2860.7000       1.97610885E-02
  2860.8000       1.97816972E-02
  2860.9000       1.98011273E-02
  2861.0000       1.98214133E-02
  2861.1000       1.98406452E-02
  2861.2000       1.98577428E-02
  2861.3000       1.98720143E-02
  2861.4000       1.98849819E-02
  2861.5000       1.98958682E-02
  2861.6000       1.99035606E-02
  2861.7000       1.99083247E-02
  2861.8000       1.99109075E-02
  2861.9000       1.99089238E-02
  2862.0000       1.99055503E-02
  2862.1000       1.99004151E-02
  2862.2000       1.98925776E-02
  2862.3000       1.98847197E-02
  2862.4000       1.98716850E-02
  2862.5000       1.98533755E-02
  2862.6000       1.98299259E-02
  2862.7000       1.98064093E-02
  2862.8000       1.97833300E-02
  2862.9000       1.97601180E-02
  2863.0000       1.97387206E-02
  2863.1000       1.97179189E-02
  2863.2000       1.97017571E-02
  2863.3000       1.96880927E-02
  2863.4000       1.96753289E-02
  2863.5000       1.96652275E-02
  2863.6000       1.96600006E-02
  2863.7000       1.96585196E-02
  2863.8000       1.96598071E-02
  2863.9000       1.96660036E-02
  2864.0000       1.96755372E-02
  2864.1000       1.96906287E-02
  2864.2000       1.97101786E-02
  2864.3000       1.97324021E-02
  2864.4000       1.97569787E-02
  2864.5000       1.97821589E-02
  2864.6000       1.98032560E-02
  2864.7000       1.98182663E-02
  2864.8000       1.98313697E-02
  2864.9000       1.98454744E-02
  2865.0000       1.98615736E-02
  2865.1000       1.98813331E-02
  2865.2000       1.99028108E-02
  2865.3000       1.99206115E-02
  2865.4000       1.99315542E-02
  2865.5000       1.99398604E-02
  2865.6000       1.99473392E-02
  2865.7000       1.99513794E-02
  2865.8000       1.99540527E-02
  2865.9000       1.99587834E-02
  2866.0000       1.99640597E-02
  2866.1000       1.99720133E-02
  2866.2000       1.99803506E-02
  2866.3000       1.99870825E-02
  2866.4000       1.99918613E-02
  2866.5000       1.99945874E-02
  2866.6000       1.99903819E-02
  2866.7000       1.99749543E-02
  2866.8000       1.99490439E-02
  2866.9000       1.99132528E-02
  2867.0000       1.98730413E-02
  2867.1000       1.98310587E-02
  2867.2000       1.97902769E-02
  2867.3000       1.97537596E-02
  2867.4000       1.97157455E-02
  2867.5000       1.96758495E-02
  2867.6000       1.96338051E-02
  2867.7000       1.95911401E-02
  2867.8000       1.95498322E-02
  2867.9000       1.95141901E-02
  2868.0000       1.94818051E-02
  2868.1000       1.94471325E-02
  2868.2000       1.94147016E-02
  2868.3000       1.93847136E-02
  2868.4000       1.93564053E-02
  2868.5000       1.93275067E-02
  2868.6000       1.92990948E-02
  2868.7000       1.92734247E-02
  2868.8000       1.92482369E-02
  2868.9000       1.92261145E-02
  2869.0000       1.92048705E-02
  2869.1000       1.91864580E-02
  2869.2000       1.91704091E-02
  2869.3000       1.91594989E-02
  2869.4000       1.91519109E-02
  2869.5000       1.91461558E-02
  2869.6000       1.91420862E-02
  2869.7000       1.91351205E-02
  2869.8000       1.91223329E-02
  2869.9000       1.91069807E-02
  2870.0000       1.90901400E-02
  2870.1000       1.90725873E-02
  2870.2000       1.90543768E-02
  2870.3000       1.90321102E-02
  2870.4000       1.90079293E-02
  2870.5000       1.89834006E-02
  2870.6000       1.89633600E-02
  2870.7000       1.89515472E-02
  2870.8000       1.89459276E-02
  2870.9000       1.89467010E-02
  2871.0000       1.89528855E-02
  2871.1000       1.89632749E-02
  2871.2000       1.89744225E-02
  2871.3000       1.89878450E-02
  2871.4000       1.90079485E-02
  2871.5000       1.90339992E-02
  2871.6000       1.90659461E-02
  2871.7000       1.90997624E-02
  2871.8000       1.91290816E-02
  2871.9000       1.91523475E-02
  2872.0000       1.91730064E-02
  2872.1000       1.91887707E-02
  2872.2000       1.92044910E-02
  2872.3000       1.92291788E-02
  2872.4000       1.92608312E-02
  2872.5000       1.92919191E-02
  2872.6000       1.93197396E-02
  2872.7000       1.93402359E-02
  2872.8000       1.93506346E-02
  2872.9000       1.93497678E-02
  2873.0000       1.93355185E-02
  2873.1000       1.93152392E-02
  2873.2000       1.92904728E-02
  2873.3000       1.92601423E-02
  2873.4000       1.92290400E-02
  2873.5000       1.92074251E-02
  2873.6000       1.91967234E-02
  2873.7000       1.91937414E-02
  2873.8000       1.92015546E-02
  2873.9000       1.92204677E-02
  2874.0000       1.92418031E-02
  2874.1000       1.92592444E-02
  2874.2000       1.92742945E-02
  2874.3000       1.92825888E-02
  2874.4000       1.92844591E-02
  2874.5000       1.92787173E-02
  2874.6000       1.92725996E-02
  2874.7000       1.92619020E-02
  2874.8000       1.92495377E-02
  2874.9000       1.92346025E-02
  2875.0000       1.92169144E-02
  2875.1000       1.92016692E-02
  2875.2000       1.91868503E-02
  2875.3000       1.91774169E-02
  2875.4000       1.91764078E-02
  2875.5000       1.91823347E-02
  2875.6000       1.91939859E-02
  2875.7000       1.92135803E-02
  2875.8000       1.92369553E-02
  2875.9000       1.92633505E-02
  2876.0000       1.92914030E-02
  2876.1000       1.93180150E-02
  2876.2000       1.93435916E-02
  2876.3000       1.93690784E-02
  2876.4000       1.93891010E-02
  2876.5000       1.94053154E-02
  2876.6000       1.94245562E-02
  2876.7000       1.94479532E-02
  2876.8000       1.94703868E-02
  2876.9000       1.94892231E-02
  2877.0000       1.95064073E-02
  2877.1000       1.95281299E-02
  2877.2000       1.95448113E-02
  2877.3000       1.95616986E-02
  2877.4000       1.95813210E-02
  2877.5000       1.96032782E-02
  2877.6000       1.96229742E-02
  2877.7000       1.96296149E-02
  2877.8000       1.96360883E-02
  2877.9000       1.96443187E-02
  2878.0000       1.96541099E-02
  2878.1000       1.96629942E-02
  2878.2000       1.96738162E-02
  2878.3000       1.96868811E-02
  2878.4000       1.97034508E-02
  2878.5000       1.97197647E-02
  2878.6000       1.97308680E-02
  2878.7000       1.97423437E-02
  2878.8000       1.97522889E-02
  2878.9000       1.97587264E-02
  2879.0000       1.97625694E-02
  2879.1000       1.97656438E-02
  2879.2000       1.97668385E-02
  2879.3000       1.97729617E-02
  2879.4000       1.97792207E-02
  2879.5000       1.97876634E-02
  2879.6000       1.97963444E-02
  2879.7000       1.98037616E-02
  2879.8000       1.98119993E-02
  2879.9000       1.98198112E-02
  2880.0000       1.98296882E-02
  2880.1000       1.98408649E-02
  2880.2000       1.98559187E-02
  2880.3000       1.98725368E-02
  2880.4000       1.98920047E-02
  2880.5000       1.99125538E-02
  2880.6000       1.99349228E-02
  2880.7000       1.99561736E-02
  2880.8000       1.99786036E-02
  2880.9000       2.00008543E-02
  2881.0000       2.00222783E-02
  2881.1000       2.00453871E-02
  2881.2000       2.00692967E-02
  2881.3000       2.00935896E-02
  2881.4000       2.01200726E-02
  2881.5000       2.01472969E-02
  2881.6000       2.01743888E-02
  2881.7000       2.02024834E-02
  2881.8000       2.02324289E-02
  2881.9000       2.02626219E-02
  2882.0000       2.02936394E-02
  2882.1000       2.03251025E-02
  2882.2000       2.03568832E-02
  2882.3000       2.03898043E-02
  2882.4000       2.04209307E-02
  2882.5000       2.04492467E-02
  2882.6000       2.04739997E-02
  2882.7000       2.04937581E-02
  2882.8000       2.05082610E-02
  2882.9000       2.05165443E-02
  2883.0000       2.05202476E-02
  2883.1000       2.05195342E-02
  2883.2000       2.05166546E-02
  2883.3000       2.05141309E-02
  2883.4000       2.05141554E-02
  2883.5000       2.05169280E-02
  2883.6000       2.05220312E-02
  2883.7000       2.05275142E-02
  2883.8000       2.05328638E-02
  2883.9000       2.05363745E-02
  2884.0000       2.05377686E-02
  2884.1000       2.05373037E-02
  2884.2000       2.05367788E-02
  2884.3000       2.05338370E-02
  2884.4000       2.05311890E-02
  2884.5000       2.05272918E-02
  2884.6000       2.05230119E-02
  2884.7000       2.05192519E-02
  2884.8000       2.05159284E-02
  2884.9000       2.05143162E-02
  2885.0000       2.05121237E-02
  2885.1000       2.05083335E-02
  2885.2000       2.05024021E-02
  2885.3000       2.04928578E-02
  2885.4000       2.04802875E-02
  2885.5000       2.04656271E-02
  2885.6000       2.04496892E-02
  2885.7000       2.04308011E-02
  2885.8000       2.04051449E-02
  2885.9000       2.03730788E-02
  2886.0000       2.03332442E-02
  2886.1000       2.02885852E-02
  2886.2000       2.02449246E-02
  2886.3000       2.02044501E-02
  2886.4000       2.01704679E-02
  2886.5000       2.01420003E-02
  2886.6000       2.01164795E-02
  2886.7000       2.00936081E-02
  2886.8000       2.00695022E-02
  2886.9000       2.00468561E-02
  2887.0000       2.00229430E-02
  2887.1000       1.99977952E-02
  2887.2000       1.99719059E-02
  2887.3000       1.99449090E-02
  2887.4000       1.99175022E-02
  2887.5000       1.98884981E-02
  2887.6000       1.98586611E-02
  2887.7000       1.98272283E-02
  2887.8000       1.97952509E-02
  2887.9000       1.97616858E-02
  2888.0000       1.97277243E-02
  2888.1000       1.96913414E-02
  2888.2000       1.96557040E-02
  2888.3000       1.96195384E-02
  2888.4000       1.95824191E-02
  2888.5000       1.95458728E-02
  2888.6000       1.95100602E-02
  2888.7000       1.94744260E-02
  2888.8000       1.94398903E-02
  2888.9000       1.94065897E-02
  2889.0000       1.93744375E-02
  2889.1000       1.93434146E-02
  2889.2000       1.93134417E-02
  2889.3000       1.92844352E-02
  2889.4000       1.92557308E-02
  2889.5000       1.92273672E-02
  2889.6000       1.91997259E-02
  2889.7000       1.91716750E-02
  2889.8000       1.91431785E-02
  2889.9000       1.91143464E-02
  2890.0000       1.90844057E-02
  2890.1000       1.90540499E-02
  2890.2000       1.90232364E-02
  2890.3000       1.89918921E-02
  2890.4000       1.89605254E-02
  2890.5000       1.89295404E-02
  2890.6000       1.89005525E-02
  2890.7000       1.88711866E-02
  2890.8000       1.88436804E-02
  2890.9000       1.88194934E-02
  2891.0000       1.87971838E-02
  2891.1000       1.87774659E-02
  2891.2000       1.87618659E-02
  2891.3000       1.87485083E-02
  2891.4000       1.87385124E-02
  2891.5000       1.87312212E-02
  2891.6000       1.87271132E-02
  2891.7000       1.87237194E-02
  2891.8000       1.87217922E-02
  2891.9000       1.87194567E-02
  2892.0000       1.87160886E-02
  2892.1000       1.87121495E-02
  2892.2000       1.87066523E-02
  2892.3000       1.86985983E-02
  2892.4000       1.86871949E-02
  2892.5000       1.86752669E-02
  2892.6000       1.86625614E-02
  2892.7000       1.86488095E-02
  2892.8000       1.86353208E-02
  2892.9000       1.86224136E-02
  2893.0000       1.86090651E-02
  2893.1000       1.85963563E-02
  2893.2000       1.85822835E-02
  2893.3000       1.85675531E-02
  2893.4000       1.85511541E-02
  2893.5000       1.85335405E-02
  2893.6000       1.85136471E-02
  2893.7000       1.84921793E-02
  2893.8000       1.84686975E-02
  2893.9000       1.84430445E-02
  2894.0000       1.84151679E-02
  2894.1000       1.83854384E-02
  2894.2000       1.83537385E-02
  2894.3000       1.83203772E-02
  2894.4000       1.82854595E-02
  2894.5000       1.82508401E-02
  2894.6000       1.82164407E-02
  2894.7000       1.81818959E-02
  2894.8000       1.81485287E-02
  2894.9000       1.81155517E-02
  2895.0000       1.80835641E-02
  2895.1000       1.80527227E-02
  2895.2000       1.80220995E-02
  2895.3000       1.79918180E-02
  2895.4000       1.79607669E-02
  2895.5000       1.79296479E-02
  2895.6000       1.78992644E-02
  2895.7000       1.78703082E-02
  2895.8000       1.78423471E-02
  2895.9000       1.78162063E-02
  2896.0000       1.77925782E-02
  2896.1000       1.77720186E-02
  2896.2000       1.77530728E-02
  2896.3000       1.77377017E-02
  2896.4000       1.77238778E-02
  2896.5000       1.77115539E-02
  2896.6000       1.77022665E-02
  2896.7000       1.76924986E-02
  2896.8000       1.76835237E-02
  2896.9000       1.76747768E-02
  2897.0000       1.76652615E-02
  2897.1000       1.76553113E-02
  2897.2000       1.76460301E-02
  2897.3000       1.76351945E-02
  2897.4000       1.76231217E-02
  2897.5000       1.76103593E-02
  2897.6000       1.75958891E-02
  2897.7000       1.75789709E-02
  2897.8000       1.75607328E-02
  2897.9000       1.75431358E-02
  2898.0000       1.75250808E-02
  2898.1000       1.75070424E-02
  2898.2000       1.74899144E-02
  2898.3000       1.74745362E-02
  2898.4000       1.74602716E-02
  2898.5000       1.74456076E-02
  2898.6000       1.74313841E-02
  2898.7000       1.74161529E-02
  2898.8000       1.74011677E-02
  2898.9000       1.73858536E-02
  2899.0000       1.73712876E-02
  2899.1000       1.73584049E-02
  2899.2000       1.73477382E-02
  2899.3000       1.73412886E-02
  2899.4000       1.73376229E-02
  2899.5000       1.73379011E-02
  2899.6000       1.73402332E-02
  2899.7000       1.73443455E-02
  2899.8000       1.73460785E-02
  2899.9000       1.73450054E-02
  2900.0000       1.73375329E-02
