   800.1000       7.15483763E-03
   800.2000       7.20509177E-03
   800.3000       7.25575199E-03
   800.4000       7.30666549E-03
   800.5000       7.35802800E-03
   800.6000       7.40970560E-03
   800.7000       7.46150414E-03
   800.8000       7.51360336E-03
   800.9000       7.56582789E-03
   801.0000       7.61774053E-03
   801.1000       7.66930301E-03
   801.2000       7.72098951E-03
   801.3000       7.77229828E-03
   801.4000       7.82328521E-03
   801.5000       7.87403908E-03
   801.6000       7.92473119E-03
   801.7000       7.97540905E-03
   801.8000       8.02583140E-03
   801.9000       8.07680045E-03
   802.0000       8.12756512E-03
   802.1000       8.17899962E-03
   802.2000       8.23048434E-03
   802.3000       8.28221811E-03
   802.4000       8.33430178E-03
   802.5000       8.38630109E-03
   802.6000       8.43850700E-03
   802.7000       8.49085752E-03
   802.8000       8.54324024E-03
   802.9000       8.59538399E-03
   803.0000       8.64761880E-03
   803.1000       8.70019829E-03
   803.2000       8.75244426E-03
   803.3000       8.80457391E-03
   803.4000       8.85629794E-03
   803.5000       8.90744810E-03
   803.6000       8.95812210E-03
   803.7000       9.00791651E-03
   803.8000       9.05733453E-03
   803.9000       9.10578292E-03
   804.0000       9.15342828E-03
   804.1000       9.20086082E-03
   804.2000       9.24790423E-03
   804.3000       9.29454823E-03
   804.4000       9.34136041E-03
   804.5000       9.38780470E-03
   804.6000       9.43444920E-03
   804.7000       9.48115906E-03
   804.8000       9.52792983E-03
   804.9000       9.57473026E-03
   805.0000       9.62139094E-03
   805.1000       9.66820026E-03
   805.2000       9.71517553E-03
   805.3000       9.76184590E-03
   805.4000       9.80829911E-03
   805.5000       9.85427606E-03
   805.6000       9.90012890E-03
   805.7000       9.94541737E-03
   805.8000       9.99064408E-03
   805.9000       1.00357773E-02
   806.0000       1.00809612E-02
   806.1000       1.01261108E-02
   806.2000       1.01716370E-02
   806.3000       1.02179214E-02
   806.4000       1.02646036E-02
   806.5000       1.03123774E-02
   806.6000       1.03606785E-02
   806.7000       1.04099856E-02
   806.8000       1.04600004E-02
   806.9000       1.05105409E-02
   807.0000       1.05615011E-02
   807.1000       1.06126732E-02
   807.2000       1.06639327E-02
   807.3000       1.07157753E-02
   807.4000       1.07674961E-02
   807.5000       1.08198057E-02
   807.6000       1.08725256E-02
   807.7000       1.09257148E-02
   807.8000       1.09792095E-02
   807.9000       1.10332120E-02
   808.0000       1.10879595E-02
   808.1000       1.11424466E-02
   808.2000       1.11978148E-02
   808.3000       1.12535693E-02
   808.4000       1.13094370E-02
   808.5000       1.13653429E-02
   808.6000       1.14216704E-02
   808.7000       1.14781199E-02
   808.8000       1.15345134E-02
   808.9000       1.15909786E-02
   809.0000       1.16478790E-02
   809.1000       1.17044897E-02
   809.2000       1.17612533E-02
   809.3000       1.18184713E-02
   809.4000       1.18752811E-02
   809.5000       1.19324029E-02
   809.6000       1.19892337E-02
   809.7000       1.20463521E-02
   809.8000       1.21033540E-02
   809.9000       1.21601668E-02
   810.0000       1.22170695E-02
   810.1000       1.22741229E-02
   810.2000       1.23309435E-02
   810.3000       1.23876260E-02
   810.4000       1.24443444E-02
   810.5000       1.25010585E-02
   810.6000       1.25577563E-02
   810.7000       1.26146644E-02
   810.8000       1.26715925E-02
   810.9000       1.27285747E-02
   811.0000       1.27859315E-02
   811.1000       1.28431942E-02
   811.2000       1.29006780E-02
   811.3000       1.29579110E-02
   811.4000       1.30151327E-02
   811.5000       1.30721244E-02
   811.6000       1.31290366E-02
   811.7000       1.31856333E-02
   811.8000       1.32424276E-02
   811.9000       1.32991192E-02
   812.0000       1.33556850E-02
   812.1000       1.34125708E-02
   812.2000       1.34696186E-02
   812.3000       1.35265757E-02
   812.4000       1.35838702E-02
   812.5000       1.36410153E-02
   812.6000       1.36981189E-02
   812.7000       1.37554330E-02
   812.8000       1.38129655E-02
   812.9000       1.38704165E-02
   813.0000       1.39279716E-02
   813.1000       1.39860311E-02
   813.2000       1.40438481E-02
   813.3000       1.41015021E-02
   813.4000       1.41591767E-02
   813.5000       1.42167556E-02
   813.6000       1.42736924E-02
   813.7000       1.43304236E-02
   813.8000       1.43869229E-02
   813.9000       1.44426501E-02
   814.0000       1.44979539E-02
   814.1000       1.45528563E-02
   814.2000       1.46070345E-02
   814.3000       1.46607222E-02
   814.4000       1.47142136E-02
   814.5000       1.47673928E-02
   814.6000       1.48205207E-02
   814.7000       1.48736538E-02
   814.8000       1.49268013E-02
   814.9000       1.49803322E-02
   815.0000       1.50341162E-02
   815.1000       1.50884149E-02
   815.2000       1.51432412E-02
   815.3000       1.51991263E-02
   815.4000       1.52557702E-02
   815.5000       1.53135731E-02
   815.6000       1.53723194E-02
   815.7000       1.54322346E-02
   815.8000       1.54930298E-02
   815.9000       1.55546243E-02
   816.0000       1.56166915E-02
   816.1000       1.56791610E-02
   816.2000       1.57420365E-02
   816.3000       1.58049042E-02
   816.4000       1.58677467E-02
   816.5000       1.59306143E-02
   816.6000       1.59927801E-02
   816.7000       1.60545484E-02
   816.8000       1.61152848E-02
   816.9000       1.61753864E-02
   817.0000       1.62344838E-02
   817.1000       1.62928901E-02
   817.2000       1.63500972E-02
   817.3000       1.64068159E-02
   817.4000       1.64632084E-02
   817.5000       1.65193435E-02
   817.6000       1.65754426E-02
   817.7000       1.66314680E-02
   817.8000       1.66869214E-02
   817.9000       1.67419124E-02
   818.0000       1.67966444E-02
   818.1000       1.68509150E-02
   818.2000       1.69047872E-02
   818.3000       1.69583096E-02
   818.4000       1.70113022E-02
   818.5000       1.70636198E-02
   818.6000       1.71153694E-02
   818.7000       1.71669194E-02
   818.8000       1.72179173E-02
   818.9000       1.72690540E-02
   819.0000       1.73201435E-02
   819.1000       1.73712926E-02
   819.2000       1.74224580E-02
   819.3000       1.74742652E-02
   819.4000       1.75262516E-02
   819.5000       1.75789428E-02
   819.6000       1.76324035E-02
   819.7000       1.76868752E-02
   819.8000       1.77420699E-02
   819.9000       1.77980203E-02
   820.0000       1.78546082E-02
   820.1000       1.79118983E-02
   820.2000       1.79692069E-02
   820.3000       1.80265335E-02
   820.4000       1.80833278E-02
   820.5000       1.81393684E-02
   820.6000       1.81948313E-02
   820.7000       1.82492188E-02
   820.8000       1.83027850E-02
   820.9000       1.83553895E-02
   821.0000       1.84071722E-02
   821.1000       1.84583708E-02
   821.2000       1.85091183E-02
   821.3000       1.85599390E-02
   821.4000       1.86107807E-02
   821.5000       1.86620339E-02
   821.6000       1.87140555E-02
   821.7000       1.87669606E-02
   821.8000       1.88205791E-02
   821.9000       1.88752298E-02
   822.0000       1.89308494E-02
   822.1000       1.89876463E-02
   822.2000       1.90451884E-02
   822.3000       1.91034617E-02
   822.4000       1.91622407E-02
   822.5000       1.92216017E-02
   822.6000       1.92810879E-02
   822.7000       1.93410282E-02
   822.8000       1.94009877E-02
   822.9000       1.94610256E-02
   823.0000       1.95213105E-02
   823.1000       1.95811544E-02
   823.2000       1.96409947E-02
   823.3000       1.97004358E-02
   823.4000       1.97590651E-02
   823.5000       1.98173472E-02
   823.6000       1.98751044E-02
   823.7000       1.99323091E-02
   823.8000       1.99888308E-02
   823.9000       2.00449860E-02
   824.0000       2.01011149E-02
   824.1000       2.01570199E-02
   824.2000       2.02133212E-02
   824.3000       2.02694226E-02
   824.4000       2.03259805E-02
   824.5000       2.03826423E-02
   824.6000       2.04397773E-02
   824.7000       2.04972604E-02
   824.8000       2.05548248E-02
   824.9000       2.06129265E-02
   825.0000       2.06709158E-02
   825.1000       2.07290729E-02
   825.2000       2.07871377E-02
   825.3000       2.08446199E-02
   825.4000       2.09012527E-02
   825.5000       2.09576423E-02
   825.6000       2.10127747E-02
   825.7000       2.10672023E-02
   825.8000       2.11207436E-02
   825.9000       2.11736998E-02
   826.0000       2.12263006E-02
   826.1000       2.12784872E-02
   826.2000       2.13306675E-02
   826.3000       2.13831127E-02
   826.4000       2.14357746E-02
   826.5000       2.14885857E-02
   826.6000       2.15415731E-02
   826.7000       2.15947651E-02
   826.8000       2.16481514E-02
   826.9000       2.17017977E-02
   827.0000       2.17553298E-02
   827.1000       2.18091630E-02
   827.2000       2.18626373E-02
   827.3000       2.19162389E-02
   827.4000       2.19696571E-02
   827.5000       2.20226270E-02
   827.6000       2.20755599E-02
   827.7000       2.21286034E-02
   827.8000       2.21818543E-02
   827.9000       2.22356182E-02
   828.0000       2.22899830E-02
   828.1000       2.23454844E-02
   828.2000       2.24022396E-02
   828.3000       2.24603956E-02
   828.4000       2.25201684E-02
   828.5000       2.25815367E-02
   828.6000       2.26445887E-02
   828.7000       2.27089611E-02
   828.8000       2.27747462E-02
   828.9000       2.28412364E-02
   829.0000       2.29083276E-02
   829.1000       2.29758027E-02
   829.2000       2.30433503E-02
   829.3000       2.31106913E-02
   829.4000       2.31779464E-02
   829.5000       2.32451168E-02
   829.6000       2.33120742E-02
   829.7000       2.33791392E-02
   829.8000       2.34461944E-02
   829.9000       2.35135405E-02
   830.0000       2.35807529E-02
   830.1000       2.36481737E-02
   830.2000       2.37157400E-02
   830.3000       2.37831320E-02
   830.4000       2.38503448E-02
   830.5000       2.39176735E-02
   830.6000       2.39849509E-02
   830.7000       2.40520020E-02
   830.8000       2.41194095E-02
   830.9000       2.41868418E-02
   831.0000       2.42542544E-02
   831.1000       2.43213163E-02
   831.2000       2.43880299E-02
   831.3000       2.44541833E-02
   831.4000       2.45198636E-02
   831.5000       2.45850976E-02
   831.6000       2.46499633E-02
   831.7000       2.47139165E-02
   831.8000       2.47773792E-02
   831.9000       2.48402243E-02
   832.0000       2.49021716E-02
   832.1000       2.49632528E-02
   832.2000       2.50232901E-02
   832.3000       2.50825170E-02
   832.4000       2.51405224E-02
   832.5000       2.51973922E-02
   832.6000       2.52530623E-02
   832.7000       2.53074826E-02
   832.8000       2.53609159E-02
   832.9000       2.54136687E-02
   833.0000       2.54659631E-02
   833.1000       2.55176821E-02
   833.2000       2.55696088E-02
   833.3000       2.56215887E-02
   833.4000       2.56736223E-02
   833.5000       2.57265505E-02
   833.6000       2.57799605E-02
   833.7000       2.58342061E-02
   833.8000       2.58892801E-02
   833.9000       2.59453394E-02
   834.0000       2.60018503E-02
   834.1000       2.60588396E-02
   834.2000       2.61162678E-02
   834.3000       2.61738765E-02
   834.4000       2.62315694E-02
   834.5000       2.62892410E-02
   834.6000       2.63468197E-02
   834.7000       2.64045093E-02
   834.8000       2.64623447E-02
   834.9000       2.65202865E-02
   835.0000       2.65786436E-02
   835.1000       2.66370036E-02
   835.2000       2.66955211E-02
   835.3000       2.67540345E-02
   835.4000       2.68128702E-02
   835.5000       2.68727173E-02
   835.6000       2.69331482E-02
   835.7000       2.69951483E-02
   835.8000       2.70579498E-02
   835.9000       2.71221707E-02
   836.0000       2.71875546E-02
   836.1000       2.72541099E-02
   836.2000       2.73216257E-02
   836.3000       2.73900113E-02
   836.4000       2.74590333E-02
   836.5000       2.75281477E-02
   836.6000       2.75977581E-02
   836.7000       2.76672425E-02
   836.8000       2.77366419E-02
   836.9000       2.78060238E-02
   837.0000       2.78749936E-02
   837.1000       2.79437451E-02
   837.2000       2.80122326E-02
   837.3000       2.80805132E-02
   837.4000       2.81486357E-02
   837.5000       2.82165754E-02
   837.6000       2.82847009E-02
   837.7000       2.83529283E-02
   837.8000       2.84211728E-02
   837.9000       2.84896432E-02
   838.0000       2.85582724E-02
   838.1000       2.86273643E-02
   838.2000       2.86969640E-02
   838.3000       2.87668441E-02
   838.4000       2.88368594E-02
   838.5000       2.89076032E-02
   838.6000       2.89787324E-02
   838.7000       2.90505075E-02
   838.8000       2.91230937E-02
   838.9000       2.91963866E-02
   839.0000       2.92705482E-02
   839.1000       2.93454687E-02
   839.2000       2.94208289E-02
   839.3000       2.94962840E-02
   839.4000       2.95716325E-02
   839.5000       2.96468108E-02
   839.6000       2.97213901E-02
   839.7000       2.97951636E-02
   839.8000       2.98681169E-02
   839.9000       2.99399867E-02
   840.0000       3.00112928E-02
   840.1000       3.00814084E-02
   840.2000       3.01508815E-02
   840.3000       3.02199390E-02
   840.4000       3.02884835E-02
   840.5000       3.03569358E-02
   840.6000       3.04250644E-02
   840.7000       3.04934314E-02
   840.8000       3.05619179E-02
   840.9000       3.06307373E-02
   841.0000       3.07001453E-02
   841.1000       3.07698914E-02
   841.2000       3.08399686E-02
   841.3000       3.09106621E-02
   841.4000       3.09814130E-02
   841.5000       3.10529776E-02
   841.6000       3.11250135E-02
   841.7000       3.11974610E-02
   841.8000       3.12705030E-02
   841.9000       3.13440268E-02
   842.0000       3.14181772E-02
   842.1000       3.14925253E-02
   842.2000       3.15672016E-02
   842.3000       3.16421227E-02
   842.4000       3.17173892E-02
   842.5000       3.17930835E-02
   842.6000       3.18689514E-02
   842.7000       3.19456447E-02
   842.8000       3.20229123E-02
   842.9000       3.21008795E-02
   843.0000       3.21797772E-02
   843.1000       3.22595718E-02
   843.2000       3.23402323E-02
   843.3000       3.24216359E-02
   843.4000       3.25036660E-02
   843.5000       3.25862944E-02
   843.6000       3.26695793E-02
   843.7000       3.27532065E-02
   843.8000       3.28371648E-02
   843.9000       3.29209724E-02
   844.0000       3.30045691E-02
   844.1000       3.30876257E-02
   844.2000       3.31701388E-02
   844.3000       3.32519967E-02
   844.4000       3.33325510E-02
   844.5000       3.34119805E-02
   844.6000       3.34904119E-02
   844.7000       3.35669986E-02
   844.8000       3.36422755E-02
   844.9000       3.37157553E-02
   845.0000       3.37874927E-02
   845.1000       3.38575859E-02
   845.2000       3.39259639E-02
   845.3000       3.39932038E-02
   845.4000       3.40588355E-02
   845.5000       3.41235638E-02
   845.6000       3.41871235E-02
   845.7000       3.42503186E-02
   845.8000       3.43133478E-02
   845.9000       3.43762603E-02
   846.0000       3.44393546E-02
   846.1000       3.45029741E-02
   846.2000       3.45669984E-02
   846.3000       3.46314303E-02
   846.4000       3.46964756E-02
   846.5000       3.47621158E-02
   846.6000       3.48281650E-02
   846.7000       3.48949748E-02
   846.8000       3.49619578E-02
   846.9000       3.50290363E-02
   847.0000       3.50965652E-02
   847.1000       3.51643355E-02
   847.2000       3.52319958E-02
   847.3000       3.52996768E-02
   847.4000       3.53676448E-02
   847.5000       3.54356558E-02
   847.6000       3.55036017E-02
   847.7000       3.55715226E-02
   847.8000       3.56392695E-02
   847.9000       3.57072032E-02
   848.0000       3.57751052E-02
   848.1000       3.58429429E-02
   848.2000       3.59110620E-02
   848.3000       3.59797418E-02
   848.4000       3.60491345E-02
   848.5000       3.61191827E-02
   848.6000       3.61902116E-02
   848.7000       3.62621152E-02
   848.8000       3.63349196E-02
   848.9000       3.64087659E-02
   849.0000       3.64830988E-02
   849.1000       3.65584500E-02
   849.2000       3.66340644E-02
   849.3000       3.67100903E-02
   849.4000       3.67866064E-02
   849.5000       3.68631177E-02
   849.6000       3.69394791E-02
   849.7000       3.70155801E-02
   849.8000       3.70910128E-02
   849.9000       3.71660372E-02
   850.0000       3.72403292E-02
   850.1000       3.73140716E-02
   850.2000       3.73869176E-02
   850.3000       3.74590080E-02
   850.4000       3.75302545E-02
   850.5000       3.76006793E-02
   850.6000       3.76707351E-02
   850.7000       3.77405548E-02
   850.8000       3.78106335E-02
   850.9000       3.78806502E-02
   851.0000       3.79512913E-02
   851.1000       3.80222061E-02
   851.2000       3.80934163E-02
   851.3000       3.81652396E-02
   851.4000       3.82371158E-02
   851.5000       3.83096509E-02
   851.6000       3.83822922E-02
   851.7000       3.84553019E-02
   851.8000       3.85289628E-02
   851.9000       3.86027534E-02
   852.0000       3.86767992E-02
   852.1000       3.87511030E-02
   852.2000       3.88254387E-02
   852.3000       3.89000779E-02
   852.4000       3.89747905E-02
   852.5000       3.90495151E-02
   852.6000       3.91241540E-02
   852.7000       3.91986296E-02
   852.8000       3.92725792E-02
   852.9000       3.93463618E-02
   853.0000       3.94194456E-02
   853.1000       3.94918080E-02
   853.2000       3.95633288E-02
   853.3000       3.96342915E-02
   853.4000       3.97044403E-02
   853.5000       3.97737337E-02
   853.6000       3.98422907E-02
   853.7000       3.99101038E-02
   853.8000       3.99770437E-02
   853.9000       4.00426736E-02
   854.0000       4.01073474E-02
   854.1000       4.01707195E-02
   854.2000       4.02330349E-02
   854.3000       4.02941985E-02
   854.4000       4.03542121E-02
   854.5000       4.04130403E-02
   854.6000       4.04708717E-02
   854.7000       4.05277471E-02
   854.8000       4.05837095E-02
   854.9000       4.06389350E-02
   855.0000       4.06933422E-02
   855.1000       4.07471153E-02
   855.2000       4.08010470E-02
   855.3000       4.08545682E-02
   855.4000       4.09082713E-02
   855.5000       4.09619323E-02
   855.6000       4.10157186E-02
   855.7000       4.10697407E-02
   855.8000       4.11237036E-02
   855.9000       4.11781347E-02
   856.0000       4.12326533E-02
   856.1000       4.12874563E-02
   856.2000       4.13427801E-02
   856.3000       4.13981573E-02
   856.4000       4.14538099E-02
   856.5000       4.15094869E-02
   856.6000       4.15648484E-02
   856.7000       4.16202692E-02
   856.8000       4.16748937E-02
   856.9000       4.17291782E-02
   857.0000       4.17825643E-02
   857.1000       4.18352714E-02
   857.2000       4.18871214E-02
   857.3000       4.19382664E-02
   857.4000       4.19890228E-02
   857.5000       4.20390680E-02
   857.6000       4.20888594E-02
   857.7000       4.21381278E-02
   857.8000       4.21870866E-02
   857.9000       4.22356466E-02
   858.0000       4.22837695E-02
   858.1000       4.23317474E-02
   858.2000       4.23796348E-02
   858.3000       4.24269888E-02
   858.4000       4.24741244E-02
   858.5000       4.25206652E-02
   858.6000       4.25667158E-02
   858.7000       4.26118606E-02
   858.8000       4.26564425E-02
   858.9000       4.27000986E-02
   859.0000       4.27431068E-02
   859.1000       4.27855420E-02
   859.2000       4.28273476E-02
   859.3000       4.28685921E-02
   859.4000       4.29094095E-02
   859.5000       4.29498707E-02
   859.6000       4.29900476E-02
   859.7000       4.30299830E-02
   859.8000       4.30696254E-02
   859.9000       4.31087685E-02
   860.0000       4.31480214E-02
   860.1000       4.31869036E-02
   860.2000       4.32256967E-02
   860.3000       4.32645008E-02
   860.4000       4.33030042E-02
   860.5000       4.33416186E-02
   860.6000       4.33800478E-02
   860.7000       4.34187171E-02
   860.8000       4.34572921E-02
   860.9000       4.34959761E-02
   861.0000       4.35353005E-02
   861.1000       4.35742898E-02
   861.2000       4.36137887E-02
   861.3000       4.36535870E-02
   861.4000       4.36932949E-02
   861.5000       4.37330330E-02
   861.6000       4.37728939E-02
   861.7000       4.38126365E-02
   861.8000       4.38517920E-02
   861.9000       4.38908954E-02
   862.0000       4.39296599E-02
   862.1000       4.39679820E-02
   862.2000       4.40058991E-02
   862.3000       4.40434372E-02
   862.4000       4.40805899E-02
   862.5000       4.41173022E-02
   862.6000       4.41534395E-02
   862.7000       4.41891626E-02
   862.8000       4.42243686E-02
   862.9000       4.42593116E-02
   863.0000       4.42936983E-02
   863.1000       4.43274534E-02
   863.2000       4.43608082E-02
   863.3000       4.43937786E-02
   863.4000       4.44263487E-02
   863.5000       4.44584485E-02
   863.6000       4.44901611E-02
   863.7000       4.45210633E-02
   863.8000       4.45509618E-02
   863.9000       4.45797776E-02
   864.0000       4.46071444E-02
   864.1000       4.46333921E-02
   864.2000       4.46584643E-02
   864.3000       4.46822799E-02
   864.4000       4.47049560E-02
   864.5000       4.47267764E-02
   864.6000       4.47473605E-02
   864.7000       4.47677821E-02
   864.8000       4.47873740E-02
   864.9000       4.48067761E-02
   865.0000       4.48260911E-02
   865.1000       4.48452061E-02
   865.2000       4.48643732E-02
   865.3000       4.48832789E-02
   865.4000       4.49020611E-02
   865.5000       4.49207009E-02
   865.6000       4.49392514E-02
   865.7000       4.49574329E-02
   865.8000       4.49757726E-02
   865.9000       4.49940430E-02
   866.0000       4.50123968E-02
   866.1000       4.50309459E-02
   866.2000       4.50495738E-02
   866.3000       4.50679046E-02
   866.4000       4.50861600E-02
   866.5000       4.51044047E-02
   866.6000       4.51222382E-02
   866.7000       4.51398797E-02
   866.8000       4.51571913E-02
   866.9000       4.51742919E-02
   867.0000       4.51908621E-02
   867.1000       4.52072363E-02
   867.2000       4.52233507E-02
   867.3000       4.52392400E-02
   867.4000       4.52546012E-02
   867.5000       4.52698805E-02
   867.6000       4.52846953E-02
   867.7000       4.52992014E-02
   867.8000       4.53132201E-02
   867.9000       4.53268961E-02
   868.0000       4.53402553E-02
   868.1000       4.53532519E-02
   868.2000       4.53661840E-02
   868.3000       4.53789069E-02
   868.4000       4.53913984E-02
   868.5000       4.54037921E-02
   868.6000       4.54163236E-02
   868.7000       4.54286988E-02
   868.8000       4.54412484E-02
   868.9000       4.54539437E-02
   869.0000       4.54667113E-02
   869.1000       4.54798487E-02
   869.2000       4.54930485E-02
   869.3000       4.55065485E-02
   869.4000       4.55198634E-02
   869.5000       4.55328473E-02
   869.6000       4.55453774E-02
   869.7000       4.55577489E-02
   869.8000       4.55693355E-02
   869.9000       4.55802779E-02
   870.0000       4.55904236E-02
   870.1000       4.55995241E-02
   870.2000       4.56079298E-02
   870.3000       4.56157252E-02
   870.4000       4.56225447E-02
   870.5000       4.56289342E-02
   870.6000       4.56347818E-02
   870.7000       4.56402369E-02
   870.8000       4.56456018E-02
   870.9000       4.56506339E-02
   871.0000       4.56555809E-02
   871.1000       4.56601291E-02
   871.2000       4.56645611E-02
   871.3000       4.56684555E-02
   871.4000       4.56719944E-02
   871.5000       4.56747582E-02
   871.6000       4.56768076E-02
   871.7000       4.56779679E-02
   871.8000       4.56781853E-02
   871.9000       4.56773447E-02
   872.0000       4.56757903E-02
   872.1000       4.56731414E-02
   872.2000       4.56697682E-02
   872.3000       4.56653884E-02
   872.4000       4.56603910E-02
   872.5000       4.56546864E-02
   872.6000       4.56485391E-02
   872.7000       4.56418426E-02
   872.8000       4.56350513E-02
   872.9000       4.56281796E-02
   873.0000       4.56212001E-02
   873.1000       4.56143056E-02
   873.2000       4.56073374E-02
   873.3000       4.56003840E-02
   873.4000       4.55935880E-02
   873.5000       4.55868572E-02
   873.6000       4.55800785E-02
   873.7000       4.55732438E-02
   873.8000       4.55664064E-02
   873.9000       4.55592598E-02
   874.0000       4.55522760E-02
   874.1000       4.55449806E-02
   874.2000       4.55375117E-02
   874.3000       4.55297542E-02
   874.4000       4.55218369E-02
   874.5000       4.55140342E-02
   874.6000       4.55064075E-02
   874.7000       4.54988533E-02
   874.8000       4.54914609E-02
   874.9000       4.54845124E-02
   875.0000       4.54777346E-02
   875.1000       4.54715009E-02
   875.2000       4.54651944E-02
   875.3000       4.54590173E-02
   875.4000       4.54525748E-02
   875.5000       4.54456312E-02
   875.6000       4.54381682E-02
   875.7000       4.54298185E-02
   875.8000       4.54206699E-02
   875.9000       4.54105226E-02
   876.0000       4.53991288E-02
   876.1000       4.53866883E-02
   876.2000       4.53729765E-02
   876.3000       4.53582264E-02
   876.4000       4.53423852E-02
   876.5000       4.53255977E-02
   876.6000       4.53080055E-02
   876.7000       4.52897267E-02
   876.8000       4.52707579E-02
   876.9000       4.52512627E-02
   877.0000       4.52313983E-02
   877.1000       4.52110678E-02
   877.2000       4.51902962E-02
   877.3000       4.51687300E-02
   877.4000       4.51462121E-02
   877.5000       4.51227744E-02
   877.6000       4.50979760E-02
   877.7000       4.50719035E-02
   877.8000       4.50445091E-02
   877.9000       4.50156934E-02
   878.0000       4.49854715E-02
   878.1000       4.49538957E-02
   878.2000       4.49210744E-02
   878.3000       4.48871501E-02
   878.4000       4.48524710E-02
   878.5000       4.48172222E-02
   878.6000       4.47814265E-02
   878.7000       4.47454993E-02
   878.8000       4.47093745E-02
   878.9000       4.46732880E-02
   879.0000       4.46370651E-02
   879.1000       4.46010732E-02
   879.2000       4.45649682E-02
   879.3000       4.45290517E-02
   879.4000       4.44931276E-02
   879.5000       4.44571951E-02
   879.6000       4.44211325E-02
   879.7000       4.43848053E-02
   879.8000       4.43482481E-02
   879.9000       4.43112238E-02
   880.0000       4.42738109E-02
   880.1000       4.42359336E-02
   880.2000       4.41977249E-02
   880.3000       4.41592669E-02
   880.4000       4.41206286E-02
   880.5000       4.40820290E-02
   880.6000       4.40433488E-02
   880.7000       4.40049569E-02
   880.8000       4.39668986E-02
   880.9000       4.39294978E-02
   881.0000       4.38925725E-02
   881.1000       4.38563459E-02
   881.2000       4.38208653E-02
   881.3000       4.37860009E-02
   881.4000       4.37518976E-02
   881.5000       4.37182370E-02
   881.6000       4.36850100E-02
   881.7000       4.36520700E-02
   881.8000       4.36191461E-02
   881.9000       4.35861462E-02
   882.0000       4.35529659E-02
   882.1000       4.35193784E-02
   882.2000       4.34854107E-02
   882.3000       4.34509902E-02
   882.4000       4.34160913E-02
   882.5000       4.33806562E-02
   882.6000       4.33447922E-02
   882.7000       4.33087593E-02
   882.8000       4.32722020E-02
   882.9000       4.32356120E-02
   883.0000       4.31987140E-02
   883.1000       4.31615563E-02
   883.2000       4.31242102E-02
   883.3000       4.30865332E-02
   883.4000       4.30486148E-02
   883.5000       4.30102633E-02
   883.6000       4.29713988E-02
   883.7000       4.29320771E-02
   883.8000       4.28920462E-02
   883.9000       4.28513167E-02
   884.0000       4.28098933E-02
   884.1000       4.27679388E-02
   884.2000       4.27251777E-02
   884.3000       4.26817423E-02
   884.4000       4.26380257E-02
   884.5000       4.25936025E-02
   884.6000       4.25489962E-02
   884.7000       4.25040700E-02
   884.8000       4.24589179E-02
   884.9000       4.24137167E-02
   885.0000       4.23685269E-02
   885.1000       4.23233325E-02
   885.2000       4.22782907E-02
   885.3000       4.22332529E-02
   885.4000       4.21884263E-02
   885.5000       4.21435097E-02
   885.6000       4.20989088E-02
   885.7000       4.20539505E-02
   885.8000       4.20087954E-02
   885.9000       4.19634120E-02
   886.0000       4.19175638E-02
   886.1000       4.18713914E-02
   886.2000       4.18248252E-02
   886.3000       4.17776113E-02
   886.4000       4.17300140E-02
   886.5000       4.16820075E-02
   886.6000       4.16335052E-02
   886.7000       4.15845851E-02
   886.8000       4.15352206E-02
   886.9000       4.14855499E-02
   887.0000       4.14356664E-02
   887.1000       4.13855589E-02
   887.2000       4.13354267E-02
   887.3000       4.12854105E-02
   887.4000       4.12354089E-02
   887.5000       4.11856402E-02
   887.6000       4.11361628E-02
   887.7000       4.10868985E-02
   887.8000       4.10380441E-02
   887.9000       4.09894404E-02
   888.0000       4.09409713E-02
   888.1000       4.08929012E-02
   888.2000       4.08449853E-02
   888.3000       4.07968648E-02
   888.4000       4.07489967E-02
   888.5000       4.07006886E-02
   888.6000       4.06521452E-02
   888.7000       4.06032882E-02
   888.8000       4.05538465E-02
   888.9000       4.05038622E-02
   889.0000       4.04532516E-02
   889.1000       4.04018638E-02
   889.2000       4.03498122E-02
   889.3000       4.02970120E-02
   889.4000       4.02436302E-02
   889.5000       4.01897276E-02
   889.6000       4.01349951E-02
   889.7000       4.00799772E-02
   889.8000       4.00243270E-02
   889.9000       3.99683580E-02
   890.0000       3.99118396E-02
   890.1000       3.98552345E-02
   890.2000       3.97982467E-02
   890.3000       3.97408919E-02
   890.4000       3.96834625E-02
   890.5000       3.96258391E-02
   890.6000       3.95681355E-02
   890.7000       3.95102506E-02
   890.8000       3.94523990E-02
   890.9000       3.93945325E-02
   891.0000       3.93363499E-02
   891.1000       3.92783214E-02
   891.2000       3.92200778E-02
   891.3000       3.91616000E-02
   891.4000       3.91029384E-02
   891.5000       3.90440755E-02
   891.6000       3.89849118E-02
   891.7000       3.89256357E-02
   891.8000       3.88659509E-02
   891.9000       3.88063612E-02
   892.0000       3.87465261E-02
   892.1000       3.86866450E-02
   892.2000       3.86267778E-02
   892.3000       3.85669515E-02
   892.4000       3.85072436E-02
   892.5000       3.84475501E-02
   892.6000       3.83879769E-02
   892.7000       3.83283449E-02
   892.8000       3.82688025E-02
   892.9000       3.82090266E-02
   893.0000       3.81492081E-02
   893.1000       3.80893502E-02
   893.2000       3.80292388E-02
   893.3000       3.79688862E-02
   893.4000       3.79084546E-02
   893.5000       3.78478961E-02
   893.6000       3.77871865E-02
   893.7000       3.77264877E-02
   893.8000       3.76656044E-02
   893.9000       3.76046856E-02
   894.0000       3.75440021E-02
   894.1000       3.74833898E-02
   894.2000       3.74230586E-02
   894.3000       3.73630373E-02
   894.4000       3.73032292E-02
   894.5000       3.72438195E-02
   894.6000       3.71847404E-02
   894.7000       3.71258915E-02
   894.8000       3.70673429E-02
   894.9000       3.70087788E-02
   895.0000       3.69503744E-02
   895.1000       3.68918854E-02
   895.2000       3.68332274E-02
   895.3000       3.67742459E-02
   895.4000       3.67149654E-02
   895.5000       3.66551109E-02
   895.6000       3.65948805E-02
   895.7000       3.65340312E-02
   895.8000       3.64727264E-02
   895.9000       3.64109939E-02
   896.0000       3.63487064E-02
   896.1000       3.62862107E-02
   896.2000       3.62233900E-02
   896.3000       3.61603505E-02
   896.4000       3.60971585E-02
   896.5000       3.60340508E-02
   896.6000       3.59708691E-02
   896.7000       3.59077488E-02
   896.8000       3.58446912E-02
   896.9000       3.57817652E-02
   897.0000       3.57189521E-02
   897.1000       3.56562381E-02
   897.2000       3.55935064E-02
   897.3000       3.55308633E-02
   897.4000       3.54682633E-02
   897.5000       3.54056469E-02
   897.6000       3.53429520E-02
   897.7000       3.52803490E-02
   897.8000       3.52175062E-02
   897.9000       3.51546644E-02
   898.0000       3.50916677E-02
   898.1000       3.50284613E-02
   898.2000       3.49650295E-02
   898.3000       3.49015514E-02
   898.4000       3.48377725E-02
   898.5000       3.47738974E-02
   898.6000       3.47098289E-02
   898.7000       3.46455091E-02
   898.8000       3.45810701E-02
   898.9000       3.45164375E-02
   899.0000       3.44515837E-02
   899.1000       3.43865343E-02
   899.2000       3.43212823E-02
   899.3000       3.42561514E-02
   899.4000       3.41905510E-02
   899.5000       3.41250631E-02
   899.6000       3.40594673E-02
   899.7000       3.39937761E-02
   899.8000       3.39278908E-02
   899.9000       3.38620000E-02
   900.0000       3.37959264E-02
   900.1000       3.37298291E-02
   900.2000       3.36636530E-02
   900.3000       3.35973815E-02
   900.4000       3.35311206E-02
   900.5000       3.34647168E-02
   900.6000       3.33983332E-02
   900.7000       3.33319203E-02
   900.8000       3.32654960E-02
   900.9000       3.31991113E-02
   901.0000       3.31326155E-02
   901.1000       3.30662175E-02
   901.2000       3.29996827E-02
   901.3000       3.29331282E-02
   901.4000       3.28664742E-02
   901.5000       3.27997291E-02
   901.6000       3.27328433E-02
   901.7000       3.26659419E-02
   901.8000       3.25989132E-02
   901.9000       3.25317961E-02
   902.0000       3.24644402E-02
   902.1000       3.23969759E-02
   902.2000       3.23293263E-02
   902.3000       3.22616031E-02
   902.4000       3.21936199E-02
   902.5000       3.21255796E-02
   902.6000       3.20574326E-02
   902.7000       3.19890830E-02
   902.8000       3.19205948E-02
   902.9000       3.18519400E-02
   903.0000       3.17832491E-02
   903.1000       3.17143003E-02
   903.2000       3.16451051E-02
   903.3000       3.15758283E-02
   903.4000       3.15063505E-02
   903.5000       3.14366942E-02
   903.6000       3.13669685E-02
   903.7000       3.12969891E-02
   903.8000       3.12269404E-02
   903.9000       3.11566629E-02
   904.0000       3.10863730E-02
   904.1000       3.10158284E-02
   904.2000       3.09453132E-02
   904.3000       3.08747077E-02
   904.4000       3.08039174E-02
   904.5000       3.07331497E-02
   904.6000       3.06623494E-02
   904.7000       3.05915352E-02
   904.8000       3.05207495E-02
   904.9000       3.04498715E-02
   905.0000       3.03789964E-02
   905.1000       3.03079954E-02
   905.2000       3.02370783E-02
   905.3000       3.01660144E-02
   905.4000       3.00949546E-02
   905.5000       3.00237221E-02
   905.6000       2.99524280E-02
   905.7000       2.98809499E-02
   905.8000       2.98093627E-02
   905.9000       2.97376938E-02
   906.0000       2.96658147E-02
   906.1000       2.95938454E-02
   906.2000       2.95217440E-02
   906.3000       2.94494985E-02
   906.4000       2.93771109E-02
   906.5000       2.93047601E-02
   906.6000       2.92322126E-02
   906.7000       2.91595590E-02
   906.8000       2.90868767E-02
   906.9000       2.90140707E-02
   907.0000       2.89413799E-02
   907.1000       2.88686343E-02
   907.2000       2.87958855E-02
   907.3000       2.87231391E-02
   907.4000       2.86503102E-02
   907.5000       2.85775744E-02
   907.6000       2.85047132E-02
   907.7000       2.84319225E-02
   907.8000       2.83590647E-02
   907.9000       2.82862726E-02
   908.0000       2.82134242E-02
   908.1000       2.81404807E-02
   908.2000       2.80675791E-02
   908.3000       2.79946962E-02
   908.4000       2.79216412E-02
   908.5000       2.78485937E-02
   908.6000       2.77754927E-02
   908.7000       2.77023941E-02
   908.8000       2.76293276E-02
   908.9000       2.75561833E-02
   909.0000       2.74830385E-02
   909.1000       2.74098259E-02
   909.2000       2.73367767E-02
   909.3000       2.72635019E-02
   909.4000       2.71903809E-02
   909.5000       2.71171561E-02
   909.6000       2.70439354E-02
   909.7000       2.69707842E-02
   909.8000       2.68975993E-02
   909.9000       2.68243964E-02
   910.0000       2.67512765E-02
   910.1000       2.66780641E-02
   910.2000       2.66049722E-02
   910.3000       2.65319570E-02
   910.4000       2.64588754E-02
   910.5000       2.63859036E-02
   910.6000       2.63129594E-02
   910.7000       2.62400379E-02
   910.8000       2.61672012E-02
   910.9000       2.60943712E-02
   911.0000       2.60215838E-02
   911.1000       2.59489367E-02
   911.2000       2.58762306E-02
   911.3000       2.58036710E-02
   911.4000       2.57311395E-02
   911.5000       2.56587183E-02
   911.6000       2.55864418E-02
   911.7000       2.55141265E-02
   911.8000       2.54420160E-02
   911.9000       2.53700599E-02
   912.0000       2.52981901E-02
   912.1000       2.52264920E-02
   912.2000       2.51548965E-02
   912.3000       2.50834616E-02
   912.4000       2.50121233E-02
   912.5000       2.49410114E-02
   912.6000       2.48699833E-02
   912.7000       2.47990676E-02
   912.8000       2.47282490E-02
   912.9000       2.46575583E-02
   913.0000       2.45868876E-02
   913.1000       2.45163106E-02
   913.2000       2.44457354E-02
   913.3000       2.43751770E-02
   913.4000       2.43046197E-02
   913.5000       2.42339962E-02
   913.6000       2.41635477E-02
   913.7000       2.40928998E-02
   913.8000       2.40223515E-02
   913.9000       2.39517751E-02
   914.0000       2.38812259E-02
   914.1000       2.38105885E-02
   914.2000       2.37400673E-02
   914.3000       2.36695499E-02
   914.4000       2.35991370E-02
   914.5000       2.35286913E-02
   914.6000       2.34582871E-02
   914.7000       2.33879946E-02
   914.8000       2.33177776E-02
   914.9000       2.32476500E-02
   915.0000       2.31776023E-02
   915.1000       2.31076624E-02
   915.2000       2.30377527E-02
   915.3000       2.29680565E-02
   915.4000       2.28984692E-02
   915.5000       2.28289184E-02
   915.6000       2.27595780E-02
   915.7000       2.26902149E-02
   915.8000       2.26210901E-02
   915.9000       2.25517873E-02
   916.0000       2.24827604E-02
   916.1000       2.24136256E-02
   916.2000       2.23445797E-02
   916.3000       2.22756432E-02
   916.4000       2.22065861E-02
   916.5000       2.21375365E-02
   916.6000       2.20684884E-02
   916.7000       2.19994028E-02
   916.8000       2.19303203E-02
   916.9000       2.18613047E-02
   917.0000       2.17921595E-02
   917.1000       2.17231497E-02
   917.2000       2.16539884E-02
   917.3000       2.15848035E-02
   917.4000       2.15156810E-02
   917.5000       2.14465483E-02
   917.6000       2.13773660E-02
   917.7000       2.13081876E-02
   917.8000       2.12389460E-02
   917.9000       2.11697702E-02
   918.0000       2.11005227E-02
   918.1000       2.10314342E-02
   918.2000       2.09622071E-02
   918.3000       2.08931111E-02
   918.4000       2.08240585E-02
   918.5000       2.07550581E-02
   918.6000       2.06861624E-02
   918.7000       2.06172947E-02
   918.8000       2.05485801E-02
   918.9000       2.04799287E-02
   919.0000       2.04113876E-02
   919.1000       2.03429918E-02
   919.2000       2.02746250E-02
   919.3000       2.02064141E-02
   919.4000       2.01383029E-02
   919.5000       2.00703043E-02
   919.6000       2.00023860E-02
   919.7000       1.99346261E-02
   919.8000       1.98668708E-02
   919.9000       1.97991797E-02
   920.0000       1.97315483E-02
   920.1000       1.96640106E-02
   920.2000       1.95965224E-02
   920.3000       1.95290419E-02
   920.4000       1.94616731E-02
   920.5000       1.93943116E-02
   920.6000       1.93270249E-02
   920.7000       1.92597945E-02
   920.8000       1.91926129E-02
   920.9000       1.91255027E-02
   921.0000       1.90584696E-02
   921.1000       1.89915587E-02
   921.2000       1.89246542E-02
   921.3000       1.88579941E-02
   921.4000       1.87913255E-02
   921.5000       1.87248472E-02
   921.6000       1.86585257E-02
   921.7000       1.85922544E-02
   921.8000       1.85261534E-02
   921.9000       1.84601989E-02
   922.0000       1.83944066E-02
   922.1000       1.83287619E-02
   922.2000       1.82632563E-02
   922.3000       1.81979457E-02
   922.4000       1.81327229E-02
   922.5000       1.80677152E-02
   922.6000       1.80027865E-02
   922.7000       1.79380192E-02
   922.8000       1.78734010E-02
   922.9000       1.78089619E-02
   923.0000       1.77446392E-02
   923.1000       1.76803756E-02
   923.2000       1.76162855E-02
   923.3000       1.75523830E-02
   923.4000       1.74885949E-02
   923.5000       1.74248996E-02
   923.6000       1.73613829E-02
   923.7000       1.72980347E-02
   923.8000       1.72348171E-02
   923.9000       1.71717475E-02
   924.0000       1.71088384E-02
   924.1000       1.70460655E-02
   924.2000       1.69834391E-02
   924.3000       1.69210046E-02
   924.4000       1.68586636E-02
   924.5000       1.67964980E-02
   924.6000       1.67344811E-02
   924.7000       1.66726280E-02
   924.8000       1.66107951E-02
   924.9000       1.65491210E-02
   925.0000       1.64875708E-02
   925.1000       1.64260637E-02
   925.2000       1.63646704E-02
   925.3000       1.63034053E-02
   925.4000       1.62421956E-02
   925.5000       1.61809793E-02
   925.6000       1.61199068E-02
   925.7000       1.60589261E-02
   925.8000       1.59978614E-02
   925.9000       1.59369670E-02
   926.0000       1.58760696E-02
   926.1000       1.58152557E-02
   926.2000       1.57545240E-02
   926.3000       1.56938314E-02
   926.4000       1.56331720E-02
   926.5000       1.55726454E-02
   926.6000       1.55121951E-02
   926.7000       1.54518083E-02
   926.8000       1.53915629E-02
   926.9000       1.53314014E-02
   927.0000       1.52713821E-02
   927.1000       1.52114100E-02
   927.2000       1.51516114E-02
   927.3000       1.50919034E-02
   927.4000       1.50323192E-02
   927.5000       1.49728873E-02
   927.6000       1.49135787E-02
   927.7000       1.48543520E-02
   927.8000       1.47953044E-02
   927.9000       1.47363863E-02
   928.0000       1.46775533E-02
   928.1000       1.46188598E-02
   928.2000       1.45602654E-02
   928.3000       1.45017811E-02
   928.4000       1.44434836E-02
   928.5000       1.43853202E-02
   928.6000       1.43272512E-02
   928.7000       1.42693018E-02
   928.8000       1.42115411E-02
   928.9000       1.41539099E-02
   929.0000       1.40964827E-02
   929.1000       1.40391907E-02
   929.2000       1.39820623E-02
   929.3000       1.39251125E-02
   929.4000       1.38683581E-02
   929.5000       1.38117832E-02
   929.6000       1.37554080E-02
   929.7000       1.36992661E-02
   929.8000       1.36433103E-02
   929.9000       1.35875413E-02
   930.0000       1.35320015E-02
   930.1000       1.34766895E-02
   930.2000       1.34215569E-02
   930.3000       1.33666527E-02
   930.4000       1.33118925E-02
   930.5000       1.32574122E-02
   930.6000       1.32030806E-02
   930.7000       1.31489747E-02
   930.8000       1.30951038E-02
   930.9000       1.30413790E-02
   931.0000       1.29878014E-02
   931.1000       1.29344884E-02
   931.2000       1.28813018E-02
   931.3000       1.28282672E-02
   931.4000       1.27754015E-02
   931.5000       1.27227104E-02
   931.6000       1.26701620E-02
   931.7000       1.26177456E-02
   931.8000       1.25656006E-02
   931.9000       1.25135272E-02
   932.0000       1.24615485E-02
   932.1000       1.24098048E-02
   932.2000       1.23581343E-02
   932.3000       1.23066557E-02
   932.4000       1.22553086E-02
   932.5000       1.22040766E-02
   932.6000       1.21530761E-02
   932.7000       1.21021658E-02
   932.8000       1.20513234E-02
   932.9000       1.20007326E-02
   933.0000       1.19502402E-02
   933.1000       1.18999050E-02
   933.2000       1.18497297E-02
   933.3000       1.17996950E-02
   933.4000       1.17498248E-02
   933.5000       1.17000593E-02
   933.6000       1.16504459E-02
   933.7000       1.16009619E-02
   933.8000       1.15515716E-02
   933.9000       1.15024092E-02
   934.0000       1.14533166E-02
   934.1000       1.14043913E-02
   934.2000       1.13555347E-02
   934.3000       1.13067764E-02
   934.4000       1.12581627E-02
   934.5000       1.12096571E-02
   934.6000       1.11612697E-02
   934.7000       1.11129778E-02
   934.8000       1.10648201E-02
   934.9000       1.10167360E-02
   935.0000       1.09688014E-02
   935.1000       1.09210027E-02
   935.2000       1.08732823E-02
   935.3000       1.08257510E-02
   935.4000       1.07783033E-02
   935.5000       1.07310179E-02
   935.6000       1.06838729E-02
   935.7000       1.06368961E-02
   935.8000       1.05900615E-02
   935.9000       1.05434083E-02
   936.0000       1.04969219E-02
   936.1000       1.04506033E-02
   936.2000       1.04044983E-02
   936.3000       1.03585545E-02
   936.4000       1.03128368E-02
   936.5000       1.02672911E-02
   936.6000       1.02219527E-02
   936.7000       1.01768226E-02
   936.8000       1.01318645E-02
   936.9000       1.00871147E-02
   937.0000       1.00426013E-02
   937.1000       9.99821850E-03
   937.2000       9.95403717E-03
   937.3000       9.91009483E-03
   937.4000       9.86627964E-03
   937.5000       9.82266531E-03
   937.6000       9.77925391E-03
   937.7000       9.73599491E-03
   937.8000       9.69286512E-03
   937.9000       9.64998386E-03
   938.0000       9.60726719E-03
   938.1000       9.56465384E-03
   938.2000       9.52223858E-03
   938.3000       9.47995244E-03
   938.4000       9.43785355E-03
   938.5000       9.39591435E-03
   938.6000       9.35415096E-03
   938.7000       9.31249756E-03
   938.8000       9.27104061E-03
   938.9000       9.22975325E-03
   939.0000       9.18861965E-03
   939.1000       9.14763275E-03
   939.2000       9.10682741E-03
   939.3000       9.06622105E-03
   939.4000       9.02573668E-03
   939.5000       8.98552091E-03
   939.6000       8.94539358E-03
   939.7000       8.90550909E-03
   939.8000       8.86576983E-03
   939.9000       8.82626787E-03
   940.0000       8.78694660E-03
   940.1000       8.74778881E-03
   940.2000       8.70885710E-03
   940.3000       8.67011794E-03
   940.4000       8.63156633E-03
   940.5000       8.59317553E-03
   940.6000       8.55503464E-03
   940.7000       8.51700309E-03
   940.8000       8.47918914E-03
   940.9000       8.44159427E-03
   941.0000       8.40412753E-03
   941.1000       8.36687787E-03
   941.2000       8.32973833E-03
   941.3000       8.29283472E-03
   941.4000       8.25608031E-03
   941.5000       8.21952219E-03
   941.6000       8.18312936E-03
   941.7000       8.14691845E-03
   941.8000       8.11086028E-03
   941.9000       8.07498140E-03
   942.0000       8.03929193E-03
   942.1000       8.00375742E-03
   942.2000       7.96838649E-03
   942.3000       7.93318047E-03
   942.4000       7.89816537E-03
   942.5000       7.86335174E-03
   942.6000       7.82867979E-03
   942.7000       7.79417230E-03
   942.8000       7.75986334E-03
   942.9000       7.72571143E-03
   943.0000       7.69174826E-03
   943.1000       7.65799763E-03
   943.2000       7.62435770E-03
   943.3000       7.59092628E-03
   943.4000       7.55768491E-03
   943.5000       7.52460582E-03
   943.6000       7.49169182E-03
   943.7000       7.45896776E-03
   943.8000       7.42644840E-03
   943.9000       7.39407328E-03
   944.0000       7.36189362E-03
   944.1000       7.32986198E-03
   944.2000       7.29805356E-03
   944.3000       7.26637033E-03
   944.4000       7.23489189E-03
   944.5000       7.20356571E-03
   944.6000       7.17238609E-03
   944.7000       7.14140137E-03
   944.8000       7.11059364E-03
   944.9000       7.07992446E-03
   945.0000       7.04944200E-03
   945.1000       7.01909148E-03
   945.2000       6.98891346E-03
   945.3000       6.95891564E-03
   945.4000       6.92904155E-03
   945.5000       6.89935058E-03
   945.6000       6.86980011E-03
   945.7000       6.84039173E-03
   945.8000       6.81114165E-03
   945.9000       6.78206062E-03
   946.0000       6.75312383E-03
   946.1000       6.72436697E-03
   946.2000       6.69571942E-03
   946.3000       6.66723037E-03
   946.4000       6.63888354E-03
   946.5000       6.61068496E-03
   946.6000       6.58261897E-03
   946.7000       6.55474226E-03
   946.8000       6.52698640E-03
   946.9000       6.49938729E-03
   947.0000       6.47191378E-03
   947.1000       6.44462760E-03
   947.2000       6.41747850E-03
   947.3000       6.39043510E-03
   947.4000       6.36356142E-03
   947.5000       6.33683897E-03
   947.6000       6.31026681E-03
   947.7000       6.28381742E-03
   947.8000       6.25750442E-03
   947.9000       6.23137003E-03
   948.0000       6.20535721E-03
   948.1000       6.17948349E-03
   948.2000       6.15374552E-03
   948.3000       6.12817047E-03
   948.4000       6.10271932E-03
   948.5000       6.07740443E-03
   948.6000       6.05223130E-03
   948.7000       6.02718009E-03
   948.8000       6.00227125E-03
   948.9000       5.97750384E-03
   949.0000       5.95284566E-03
   949.1000       5.92837367E-03
   949.2000       5.90399464E-03
   949.3000       5.87974420E-03
   949.4000       5.85564776E-03
   949.5000       5.83165431E-03
   949.6000       5.80781204E-03
   949.7000       5.78407969E-03
   949.8000       5.76046181E-03
   949.9000       5.73699309E-03
   950.0000       5.71364296E-03
   950.1000       5.69041638E-03
   950.2000       5.66733254E-03
   950.3000       5.64431584E-03
   950.4000       5.62146549E-03
   950.5000       5.59871518E-03
   950.6000       5.57608493E-03
   950.7000       5.55357623E-03
   950.8000       5.53121095E-03
   950.9000       5.50892515E-03
   951.0000       5.48677426E-03
   951.1000       5.46473406E-03
   951.2000       5.44282116E-03
   951.3000       5.42101309E-03
   951.4000       5.39931196E-03
   951.5000       5.37774234E-03
   951.6000       5.35627720E-03
   951.7000       5.33492220E-03
   951.8000       5.31369372E-03
   951.9000       5.29258272E-03
   952.0000       5.27156825E-03
   952.1000       5.25066748E-03
   952.2000       5.22989696E-03
   952.3000       5.20922168E-03
   952.4000       5.18866142E-03
   952.5000       5.16820575E-03
   952.6000       5.14788300E-03
   952.7000       5.12764807E-03
   952.8000       5.10753474E-03
   952.9000       5.08751958E-03
   953.0000       5.06760472E-03
   953.1000       5.04780502E-03
   953.2000       5.02813385E-03
   953.3000       5.00855108E-03
   953.4000       4.98907898E-03
   953.5000       4.96972412E-03
   953.6000       4.95045778E-03
   953.7000       4.93130571E-03
   953.8000       4.91225411E-03
   953.9000       4.89330879E-03
   954.0000       4.87447558E-03
   954.1000       4.85573292E-03
   954.2000       4.83709891E-03
   954.3000       4.81857758E-03
   954.4000       4.80013347E-03
   954.5000       4.78180807E-03
   954.6000       4.76357705E-03
   954.7000       4.74543747E-03
   954.8000       4.72742014E-03
   954.9000       4.70947484E-03
   955.0000       4.69164389E-03
   955.1000       4.67390515E-03
   955.2000       4.65626891E-03
   955.3000       4.63872564E-03
   955.4000       4.62126803E-03
   955.5000       4.60392312E-03
   955.6000       4.58666504E-03
   955.7000       4.56951018E-03
   955.8000       4.55242679E-03
   955.9000       4.53544159E-03
   956.0000       4.51857744E-03
   956.1000       4.50177224E-03
   956.2000       4.48507150E-03
   956.3000       4.46845404E-03
   956.4000       4.45193533E-03
   956.5000       4.43550585E-03
   956.6000       4.41917300E-03
   956.7000       4.40291947E-03
   956.8000       4.38675556E-03
   956.9000       4.37069319E-03
   957.0000       4.35470956E-03
   957.1000       4.33881929E-03
   957.2000       4.32300723E-03
   957.3000       4.30728782E-03
   957.4000       4.29166101E-03
   957.5000       4.27611451E-03
   957.6000       4.26066625E-03
   957.7000       4.24528893E-03
   957.8000       4.23000833E-03
   957.9000       4.21481418E-03
   958.0000       4.19969840E-03
   958.1000       4.18467292E-03
   958.2000       4.16972787E-03
   958.3000       4.15486979E-03
   958.4000       4.14009954E-03
   958.5000       4.12540716E-03
   958.6000       4.11080541E-03
   958.7000       4.09628373E-03
   958.8000       4.08184578E-03
   958.9000       4.06749205E-03
   959.0000       4.05321964E-03
   959.1000       4.03903094E-03
   959.2000       4.02492197E-03
   959.3000       4.01089626E-03
   959.4000       3.99695512E-03
   959.5000       3.98309063E-03
   959.6000       3.96931000E-03
   959.7000       3.95561335E-03
   959.8000       3.94199441E-03
   959.9000       3.92845631E-03
   960.0000       3.91499976E-03
   960.1000       3.90162482E-03
   960.2000       3.88832897E-03
   960.3000       3.87511373E-03
   960.4000       3.86197647E-03
   960.5000       3.84892344E-03
   960.6000       3.83594352E-03
   960.7000       3.82304650E-03
   960.8000       3.81022642E-03
   960.9000       3.79748734E-03
   961.0000       3.78482816E-03
   961.1000       3.77224382E-03
   961.2000       3.75973904E-03
   961.3000       3.74731468E-03
   961.4000       3.73496604E-03
   961.5000       3.72269407E-03
   961.6000       3.71050245E-03
   961.7000       3.69838755E-03
   961.8000       3.68635036E-03
   961.9000       3.67439036E-03
   962.0000       3.66250541E-03
   962.1000       3.65069903E-03
   962.2000       3.63896835E-03
   962.3000       3.62731468E-03
   962.4000       3.61573819E-03
   962.5000       3.60423495E-03
   962.6000       3.59281187E-03
   962.7000       3.58146143E-03
   962.8000       3.57018765E-03
   962.9000       3.55898911E-03
   963.0000       3.54786611E-03
   963.1000       3.53681756E-03
   963.2000       3.52584339E-03
   963.3000       3.51494361E-03
   963.4000       3.50411840E-03
   963.5000       3.49336665E-03
   963.6000       3.48268844E-03
   963.7000       3.47208322E-03
   963.8000       3.46155130E-03
   963.9000       3.45109183E-03
   964.0000       3.44070441E-03
   964.1000       3.43038891E-03
   964.2000       3.42014477E-03
   964.3000       3.40997240E-03
   964.4000       3.39987068E-03
   964.5000       3.38983934E-03
   964.6000       3.37987824E-03
   964.7000       3.36998693E-03
   964.8000       3.36016490E-03
   964.9000       3.35041190E-03
   965.0000       3.34072754E-03
   965.1000       3.33111134E-03
   965.2000       3.32156300E-03
   965.3000       3.31208208E-03
   965.4000       3.30266817E-03
   965.5000       3.29332082E-03
   965.6000       3.28403959E-03
   965.7000       3.27482403E-03
   965.8000       3.26567367E-03
   965.9000       3.25658807E-03
   966.0000       3.24756674E-03
   966.1000       3.23860921E-03
   966.2000       3.22971502E-03
   966.3000       3.22088368E-03
   966.4000       3.21211470E-03
   966.5000       3.20340759E-03
   966.6000       3.19476185E-03
   966.7000       3.18617698E-03
   966.8000       3.17765248E-03
   966.9000       3.16918784E-03
   967.0000       3.16078254E-03
   967.1000       3.15243607E-03
   967.2000       3.14414792E-03
   967.3000       3.13591755E-03
   967.4000       3.12774444E-03
   967.5000       3.11962807E-03
   967.6000       3.11156791E-03
   967.7000       3.10356341E-03
   967.8000       3.09561406E-03
   967.9000       3.08771931E-03
   968.0000       3.07987862E-03
   968.1000       3.07209146E-03
   968.2000       3.06435728E-03
   968.3000       3.05667555E-03
   968.4000       3.04904572E-03
   968.5000       3.04146725E-03
   968.6000       3.03393960E-03
   968.7000       3.02646222E-03
   968.8000       3.01903456E-03
   968.9000       3.01165608E-03
   969.0000       3.00432624E-03
   969.1000       2.99704448E-03
   969.2000       2.98981025E-03
   969.3000       2.98262302E-03
   969.4000       2.97548222E-03
   969.5000       2.96838731E-03
   969.6000       2.96133773E-03
   969.7000       2.95433294E-03
   969.8000       2.94737237E-03
   969.9000       2.94045546E-03
   970.0000       2.93358167E-03
   970.1000       2.92675043E-03
   970.2000       2.91996117E-03
   970.3000       2.91321334E-03
   970.4000       2.90650637E-03
   970.5000       2.89983969E-03
   970.6000       2.89321273E-03
   970.7000       2.88662491E-03
   970.8000       2.88007566E-03
   970.9000       2.87356441E-03
   971.0000       2.86709057E-03
   971.1000       2.86065355E-03
   971.2000       2.85425279E-03
   971.3000       2.84788768E-03
   971.4000       2.84155764E-03
   971.5000       2.83526209E-03
   971.6000       2.82900042E-03
   971.7000       2.82277205E-03
   971.8000       2.81657639E-03
   971.9000       2.81041284E-03
   972.0000       2.80428080E-03
   972.1000       2.79817970E-03
   972.2000       2.79210893E-03
   972.3000       2.78606791E-03
   972.4000       2.78005606E-03
   972.5000       2.77407278E-03
   972.6000       2.76811751E-03
   972.7000       2.76218967E-03
   972.8000       2.75628869E-03
   972.9000       2.75041401E-03
   973.0000       2.74456507E-03
   973.1000       2.73874133E-03
   973.2000       2.73294225E-03
   973.3000       2.72716730E-03
   973.4000       2.72141597E-03
   973.5000       2.71568775E-03
   973.6000       2.70998215E-03
   973.7000       2.70429868E-03
   973.8000       2.69863688E-03
   973.9000       2.69299630E-03
   974.0000       2.68737651E-03
   974.1000       2.68177707E-03
   974.2000       2.67619760E-03
   974.3000       2.67063771E-03
   974.4000       2.66509703E-03
   974.5000       2.65957520E-03
   974.6000       2.65407191E-03
   974.7000       2.64858685E-03
   974.8000       2.64311972E-03
   974.9000       2.63767026E-03
   975.0000       2.63223822E-03
   975.1000       2.62682337E-03
   975.2000       2.62142551E-03
   975.3000       2.61604444E-03
   975.4000       2.61068001E-03
   975.5000       2.60533206E-03
   975.6000       2.60000048E-03
   975.7000       2.59468515E-03
   975.8000       2.58938599E-03
   975.9000       2.58410293E-03
   976.0000       2.57883593E-03
   976.1000       2.57358494E-03
   976.2000       2.56834995E-03
   976.3000       2.56313097E-03
   976.4000       2.55792800E-03
   976.5000       2.55274108E-03
   976.6000       2.54757024E-03
   976.7000       2.54241554E-03
   976.8000       2.53727705E-03
   976.9000       2.53215484E-03
   977.0000       2.52704898E-03
   977.1000       2.52195957E-03
   977.2000       2.51688671E-03
   977.3000       2.51183049E-03
   977.4000       2.50679102E-03
   977.5000       2.50176840E-03
   977.6000       2.49676274E-03
   977.7000       2.49177414E-03
   977.8000       2.48680271E-03
   977.9000       2.48184855E-03
   978.0000       2.47691176E-03
   978.1000       2.47199242E-03
   978.2000       2.46709063E-03
   978.3000       2.46220646E-03
   978.4000       2.45733999E-03
   978.5000       2.45249127E-03
   978.6000       2.44766036E-03
   978.7000       2.44284729E-03
   978.8000       2.43805209E-03
   978.9000       2.43327479E-03
   979.0000       2.42851537E-03
   979.1000       2.42377385E-03
   979.2000       2.41905018E-03
   979.3000       2.41434433E-03
   979.4000       2.40965626E-03
   979.5000       2.40498590E-03
   979.6000       2.40033317E-03
   979.7000       2.39569798E-03
   979.8000       2.39108022E-03
   979.9000       2.38647977E-03
   980.0000       2.38189650E-03
   980.1000       2.37733027E-03
   980.2000       2.37278092E-03
   980.3000       2.36824828E-03
   980.4000       2.36373217E-03
   980.5000       2.35923242E-03
   980.6000       2.35474881E-03
   980.7000       2.35028115E-03
   980.8000       2.34582923E-03
   980.9000       2.34139282E-03
   981.0000       2.33697171E-03
   981.1000       2.33256567E-03
   981.2000       2.32817447E-03
   981.3000       2.32379788E-03
   981.4000       2.31943567E-03
   981.5000       2.31508760E-03
   981.6000       2.31075345E-03
   981.7000       2.30643298E-03
   981.8000       2.30212598E-03
   981.9000       2.29783221E-03
   982.0000       2.29355147E-03
   982.1000       2.28928354E-03
   982.2000       2.28502822E-03
   982.3000       2.28078532E-03
   982.4000       2.27655464E-03
   982.5000       2.27233600E-03
   982.6000       2.26812924E-03
   982.7000       2.26393420E-03
   982.8000       2.25975071E-03
   982.9000       2.25557865E-03
   983.0000       2.25141788E-03
   983.1000       2.24726828E-03
   983.2000       2.24312974E-03
   983.3000       2.23900216E-03
   983.4000       2.23488545E-03
   983.5000       2.23077953E-03
   983.6000       2.22668435E-03
   983.7000       2.22259982E-03
   983.8000       2.21852591E-03
   983.9000       2.21446258E-03
   984.0000       2.21040979E-03
   984.1000       2.20636752E-03
   984.2000       2.20233575E-03
   984.3000       2.19831448E-03
   984.4000       2.19430368E-03
   984.5000       2.19030338E-03
   984.6000       2.18631357E-03
   984.7000       2.18233426E-03
   984.8000       2.17836547E-03
   984.9000       2.17440722E-03
   985.0000       2.17045951E-03
   985.1000       2.16652238E-03
   985.2000       2.16259584E-03
   985.3000       2.15867992E-03
   985.4000       2.15477462E-03
   985.5000       2.15087999E-03
   985.6000       2.14699603E-03
   985.7000       2.14312275E-03
   985.8000       2.13926018E-03
   985.9000       2.13540833E-03
   986.0000       2.13156721E-03
   986.1000       2.12773681E-03
   986.2000       2.12391716E-03
   986.3000       2.12010823E-03
   986.4000       2.11631003E-03
   986.5000       2.11252256E-03
   986.6000       2.10874579E-03
   986.7000       2.10497971E-03
   986.8000       2.10122431E-03
   986.9000       2.09747955E-03
   987.0000       2.09374542E-03
   987.1000       2.09002188E-03
   987.2000       2.08630890E-03
   987.3000       2.08260645E-03
   987.4000       2.07891448E-03
   987.5000       2.07523296E-03
   987.6000       2.07156185E-03
   987.7000       2.06790110E-03
   987.8000       2.06425067E-03
   987.9000       2.06061051E-03
   988.0000       2.05698058E-03
   988.1000       2.05336084E-03
   988.2000       2.04975123E-03
   988.3000       2.04615172E-03
   988.4000       2.04256226E-03
   988.5000       2.03898281E-03
   988.6000       2.03541333E-03
   988.7000       2.03185378E-03
   988.8000       2.02830413E-03
   988.9000       2.02476433E-03
   989.0000       2.02123437E-03
   989.1000       2.01771421E-03
   989.2000       2.01420382E-03
   989.3000       2.01070318E-03
   989.4000       2.00721228E-03
   989.5000       2.00373108E-03
   989.6000       2.00025958E-03
   989.7000       1.99679777E-03
   989.8000       1.99334563E-03
   989.9000       1.98990316E-03
   990.0000       1.98647035E-03
   990.1000       1.98304720E-03
   990.2000       1.97963371E-03
   990.3000       1.97622987E-03
   990.4000       1.97283569E-03
   990.5000       1.96945118E-03
   990.6000       1.96607633E-03
   990.7000       1.96271116E-03
   990.8000       1.95935566E-03
   990.9000       1.95600984E-03
   991.0000       1.95267370E-03
   991.1000       1.94934725E-03
   991.2000       1.94603050E-03
   991.3000       1.94272343E-03
   991.4000       1.93942606E-03
   991.5000       1.93613838E-03
   991.6000       1.93286038E-03
   991.7000       1.92959208E-03
   991.8000       1.92633344E-03
   991.9000       1.92308448E-03
   992.0000       1.91984517E-03
   992.1000       1.91661550E-03
   992.2000       1.91339545E-03
   992.3000       1.91018501E-03
   992.4000       1.90698415E-03
   992.5000       1.90379286E-03
   992.6000       1.90061109E-03
   992.7000       1.89743882E-03
   992.8000       1.89427603E-03
   992.9000       1.89112268E-03
   993.0000       1.88797873E-03
   993.1000       1.88484415E-03
   993.2000       1.88171890E-03
   993.3000       1.87860293E-03
   993.4000       1.87549622E-03
   993.5000       1.87239872E-03
   993.6000       1.86931038E-03
   993.7000       1.86623117E-03
   993.8000       1.86316104E-03
   993.9000       1.86009996E-03
   994.0000       1.85704788E-03
   994.1000       1.85400476E-03
   994.2000       1.85097057E-03
   994.3000       1.84794526E-03
   994.4000       1.84492880E-03
   994.5000       1.84192115E-03
   994.6000       1.83892228E-03
   994.7000       1.83593217E-03
   994.8000       1.83295077E-03
   994.9000       1.82997806E-03
   995.0000       1.82701402E-03
   995.1000       1.82405862E-03
   995.2000       1.82111184E-03
   995.3000       1.81817365E-03
   995.4000       1.81524405E-03
   995.5000       1.81232301E-03
   995.6000       1.80941052E-03
   995.7000       1.80650657E-03
   995.8000       1.80361113E-03
   995.9000       1.80072421E-03
   996.0000       1.79784578E-03
   996.1000       1.79497584E-03
   996.2000       1.79211438E-03
   996.3000       1.78926138E-03
   996.4000       1.78641684E-03
   996.5000       1.78358074E-03
   996.6000       1.78075307E-03
   996.7000       1.77793381E-03
   996.8000       1.77512296E-03
   996.9000       1.77232050E-03
   997.0000       1.76952640E-03
   997.1000       1.76674064E-03
   997.2000       1.76396321E-03
   997.3000       1.76119407E-03
   997.4000       1.75843319E-03
   997.5000       1.75568055E-03
   997.6000       1.75293611E-03
   997.7000       1.75019983E-03
   997.8000       1.74747167E-03
   997.9000       1.74475158E-03
   998.0000       1.74203951E-03
   998.1000       1.73933542E-03
   998.2000       1.73663925E-03
   998.3000       1.73395093E-03
   998.4000       1.73127042E-03
   998.5000       1.72859764E-03
   998.6000       1.72593253E-03
   998.7000       1.72327502E-03
   998.8000       1.72062504E-03
   998.9000       1.71798251E-03
   999.0000       1.71534736E-03
   999.1000       1.71271951E-03
   999.2000       1.71009888E-03
   999.3000       1.70748540E-03
   999.4000       1.70487898E-03
   999.5000       1.70227954E-03
   999.6000       1.69968700E-03
   999.7000       1.69710128E-03
   999.8000       1.69452231E-03
   999.9000       1.69195000E-03
  1000.0000       1.68938427E-03
  1000.1000       1.68682506E-03
  1000.2000       1.68427228E-03
  1000.3000       1.68172586E-03
  1000.4000       1.67918574E-03
  1000.5000       1.67665184E-03
  1000.6000       1.67412409E-03
  1000.7000       1.67160244E-03
  1000.8000       1.66908683E-03
  1000.9000       1.66657719E-03
  1001.0000       1.66407347E-03
  1001.1000       1.66157562E-03
  1001.2000       1.65908358E-03
  1001.3000       1.65659732E-03
  1001.4000       1.65411678E-03
  1001.5000       1.65164193E-03
  1001.6000       1.64917272E-03
  1001.7000       1.64670911E-03
  1001.8000       1.64425107E-03
  1001.9000       1.64179856E-03
  1002.0000       1.63935156E-03
  1002.1000       1.63691002E-03
  1002.2000       1.63447392E-03
  1002.3000       1.63204322E-03
  1002.4000       1.62961789E-03
  1002.5000       1.62719791E-03
  1002.6000       1.62478323E-03
  1002.7000       1.62237384E-03
  1002.8000       1.61996970E-03
  1002.9000       1.61757076E-03
  1003.0000       1.61517701E-03
  1003.1000       1.61278840E-03
  1003.2000       1.61040489E-03
  1003.3000       1.60802644E-03
  1003.4000       1.60565301E-03
  1003.5000       1.60328456E-03
  1003.6000       1.60092104E-03
  1003.7000       1.59856240E-03
  1003.8000       1.59620859E-03
  1003.9000       1.59385955E-03
  1004.0000       1.59151524E-03
  1004.1000       1.58917559E-03
  1004.2000       1.58684055E-03
  1004.3000       1.58451006E-03
  1004.4000       1.58218404E-03
  1004.5000       1.57986245E-03
  1004.6000       1.57754522E-03
  1004.7000       1.57523229E-03
  1004.8000       1.57292358E-03
  1004.9000       1.57061905E-03
  1005.0000       1.56831862E-03
  1005.1000       1.56602224E-03
  1005.2000       1.56372984E-03
  1005.3000       1.56144138E-03
  1005.4000       1.55915679E-03
  1005.5000       1.55687603E-03
  1005.6000       1.55459904E-03
  1005.7000       1.55232579E-03
  1005.8000       1.55005624E-03
  1005.9000       1.54779035E-03
  1006.0000       1.54552810E-03
  1006.1000       1.54326946E-03
  1006.2000       1.54101442E-03
  1006.3000       1.53876297E-03
  1006.4000       1.53651510E-03
  1006.5000       1.53427082E-03
  1006.6000       1.53203014E-03
  1006.7000       1.52979307E-03
  1006.8000       1.52755965E-03
  1006.9000       1.52532991E-03
  1007.0000       1.52310388E-03
  1007.1000       1.52088162E-03
  1007.2000       1.51866317E-03
  1007.3000       1.51644861E-03
  1007.4000       1.51423799E-03
  1007.5000       1.51203140E-03
  1007.6000       1.50982891E-03
  1007.7000       1.50763061E-03
  1007.8000       1.50543660E-03
  1007.9000       1.50324696E-03
  1008.0000       1.50106180E-03
  1008.1000       1.49888123E-03
  1008.2000       1.49670535E-03
  1008.3000       1.49453427E-03
  1008.4000       1.49236811E-03
  1008.5000       1.49020697E-03
  1008.6000       1.48805098E-03
  1008.7000       1.48590024E-03
  1008.8000       1.48375488E-03
  1008.9000       1.48161499E-03
  1009.0000       1.47948070E-03
  1009.1000       1.47735210E-03
  1009.2000       1.47522930E-03
  1009.3000       1.47311241E-03
  1009.4000       1.47100151E-03
  1009.5000       1.46889670E-03
  1009.6000       1.46679807E-03
  1009.7000       1.46470568E-03
  1009.8000       1.46261961E-03
  1009.9000       1.46053993E-03
  1010.0000       1.45846670E-03
  1010.1000       1.45639997E-03
  1010.2000       1.45433977E-03
  1010.3000       1.45228615E-03
  1010.4000       1.45023914E-03
  1010.5000       1.44819874E-03
  1010.6000       1.44616498E-03
  1010.7000       1.44413786E-03
  1010.8000       1.44211737E-03
  1010.9000       1.44010350E-03
  1011.0000       1.43809623E-03
  1011.1000       1.43609554E-03
  1011.2000       1.43410138E-03
  1011.3000       1.43211374E-03
  1011.4000       1.43013254E-03
  1011.5000       1.42815775E-03
  1011.6000       1.42618931E-03
  1011.7000       1.42422715E-03
  1011.8000       1.42227121E-03
  1011.9000       1.42032142E-03
  1012.0000       1.41837770E-03
  1012.1000       1.41643998E-03
  1012.2000       1.41450818E-03
  1012.3000       1.41258221E-03
  1012.4000       1.41066200E-03
  1012.5000       1.40874746E-03
  1012.6000       1.40683851E-03
  1012.7000       1.40493507E-03
  1012.8000       1.40303705E-03
  1012.9000       1.40114437E-03
  1013.0000       1.39925696E-03
  1013.1000       1.39737472E-03
  1013.2000       1.39549759E-03
  1013.3000       1.39362549E-03
  1013.4000       1.39175835E-03
  1013.5000       1.38989610E-03
  1013.6000       1.38803866E-03
  1013.7000       1.38618598E-03
  1013.8000       1.38433800E-03
  1013.9000       1.38249465E-03
  1014.0000       1.38065588E-03
  1014.1000       1.37882164E-03
  1014.2000       1.37699187E-03
  1014.3000       1.37516652E-03
  1014.4000       1.37334556E-03
  1014.5000       1.37152893E-03
  1014.6000       1.36971659E-03
  1014.7000       1.36790851E-03
  1014.8000       1.36610463E-03
  1014.9000       1.36430493E-03
  1015.0000       1.36250937E-03
  1015.1000       1.36071790E-03
  1015.2000       1.35893050E-03
  1015.3000       1.35714711E-03
  1015.4000       1.35536771E-03
  1015.5000       1.35359226E-03
  1015.6000       1.35182071E-03
  1015.7000       1.35005302E-03
  1015.8000       1.34828915E-03
  1015.9000       1.34652905E-03
  1016.0000       1.34477269E-03
  1016.1000       1.34302000E-03
  1016.2000       1.34127093E-03
  1016.3000       1.33952544E-03
  1016.4000       1.33778347E-03
  1016.5000       1.33604495E-03
  1016.6000       1.33430983E-03
  1016.7000       1.33257804E-03
  1016.8000       1.33084953E-03
  1016.9000       1.32912421E-03
  1017.0000       1.32740203E-03
  1017.1000       1.32568291E-03
  1017.2000       1.32396679E-03
  1017.3000       1.32225358E-03
  1017.4000       1.32054322E-03
  1017.5000       1.31883563E-03
  1017.6000       1.31713075E-03
  1017.7000       1.31542849E-03
  1017.8000       1.31372878E-03
  1017.9000       1.31203157E-03
  1018.0000       1.31033677E-03
  1018.1000       1.30864433E-03
  1018.2000       1.30695417E-03
  1018.3000       1.30526625E-03
  1018.4000       1.30358051E-03
  1018.5000       1.30189690E-03
  1018.6000       1.30021536E-03
  1018.7000       1.29853587E-03
  1018.8000       1.29685838E-03
  1018.9000       1.29518287E-03
  1019.0000       1.29350931E-03
  1019.1000       1.29183768E-03
  1019.2000       1.29016799E-03
  1019.3000       1.28850022E-03
  1019.4000       1.28683439E-03
  1019.5000       1.28517050E-03
  1019.6000       1.28350857E-03
  1019.7000       1.28184864E-03
  1019.8000       1.28019073E-03
  1019.9000       1.27853490E-03
  1020.0000       1.27688118E-03
  1020.1000       1.27522965E-03
  1020.2000       1.27358037E-03
  1020.3000       1.27193340E-03
  1020.4000       1.27028882E-03
  1020.5000       1.26864673E-03
  1020.6000       1.26700720E-03
  1020.7000       1.26537034E-03
  1020.8000       1.26373624E-03
  1020.9000       1.26210502E-03
  1021.0000       1.26047677E-03
  1021.1000       1.25885161E-03
  1021.2000       1.25722965E-03
  1021.3000       1.25561101E-03
  1021.4000       1.25399581E-03
  1021.5000       1.25238417E-03
  1021.6000       1.25077619E-03
  1021.7000       1.24917200E-03
  1021.8000       1.24757172E-03
  1021.9000       1.24597546E-03
  1022.0000       1.24438332E-03
  1022.1000       1.24279542E-03
  1022.2000       1.24121186E-03
  1022.3000       1.23963274E-03
  1022.4000       1.23805815E-03
  1022.5000       1.23648818E-03
  1022.6000       1.23492291E-03
  1022.7000       1.23336242E-03
  1022.8000       1.23180678E-03
  1022.9000       1.23025604E-03
  1023.0000       1.22871026E-03
  1023.1000       1.22716949E-03
  1023.2000       1.22563376E-03
  1023.3000       1.22410309E-03
  1023.4000       1.22257751E-03
  1023.5000       1.22105703E-03
  1023.6000       1.21954165E-03
  1023.7000       1.21803135E-03
  1023.8000       1.21652614E-03
  1023.9000       1.21502597E-03
  1024.0000       1.21353082E-03
  1024.1000       1.21204064E-03
  1024.2000       1.21055539E-03
  1024.3000       1.20907501E-03
  1024.4000       1.20759943E-03
  1024.5000       1.20612858E-03
  1024.6000       1.20466238E-03
  1024.7000       1.20320074E-03
  1024.8000       1.20174359E-03
  1024.9000       1.20029081E-03
  1025.0000       1.19884231E-03
  1025.1000       1.19739798E-03
  1025.2000       1.19595772E-03
  1025.3000       1.19452142E-03
  1025.4000       1.19308896E-03
  1025.5000       1.19166021E-03
  1025.6000       1.19023508E-03
  1025.7000       1.18881344E-03
  1025.8000       1.18739516E-03
  1025.9000       1.18598014E-03
  1026.0000       1.18456826E-03
  1026.1000       1.18315940E-03
  1026.2000       1.18175344E-03
  1026.3000       1.18035028E-03
  1026.4000       1.17894981E-03
  1026.5000       1.17755192E-03
  1026.6000       1.17615651E-03
  1026.7000       1.17476349E-03
  1026.8000       1.17337276E-03
  1026.9000       1.17198423E-03
  1027.0000       1.17059782E-03
  1027.1000       1.16921345E-03
  1027.2000       1.16783106E-03
  1027.3000       1.16645056E-03
  1027.4000       1.16507191E-03
  1027.5000       1.16369505E-03
  1027.6000       1.16231992E-03
  1027.7000       1.16094648E-03
  1027.8000       1.15957470E-03
  1027.9000       1.15820454E-03
  1028.0000       1.15683598E-03
  1028.1000       1.15546899E-03
  1028.2000       1.15410356E-03
  1028.3000       1.15273968E-03
  1028.4000       1.15137735E-03
  1028.5000       1.15001656E-03
  1028.6000       1.14865731E-03
  1028.7000       1.14729962E-03
  1028.8000       1.14594351E-03
  1028.9000       1.14458897E-03
  1029.0000       1.14323604E-03
  1029.1000       1.14188475E-03
  1029.2000       1.14053510E-03
  1029.3000       1.13918714E-03
  1029.4000       1.13784089E-03
  1029.5000       1.13649639E-03
  1029.6000       1.13515367E-03
  1029.7000       1.13381277E-03
  1029.8000       1.13247372E-03
  1029.9000       1.13113656E-03
  1030.0000       1.12980132E-03
  1030.1000       1.12846806E-03
  1030.2000       1.12713680E-03
  1030.3000       1.12580758E-03
  1030.4000       1.12448044E-03
  1030.5000       1.12315541E-03
  1030.6000       1.12183253E-03
  1030.7000       1.12051184E-03
  1030.8000       1.11919336E-03
  1030.9000       1.11787713E-03
  1031.0000       1.11656317E-03
  1031.1000       1.11525152E-03
  1031.2000       1.11394220E-03
  1031.3000       1.11263523E-03
  1031.4000       1.11133063E-03
  1031.5000       1.11002844E-03
  1031.6000       1.10872866E-03
  1031.7000       1.10743131E-03
  1031.8000       1.10613641E-03
  1031.9000       1.10484396E-03
  1032.0000       1.10355399E-03
  1032.1000       1.10226650E-03
  1032.2000       1.10098151E-03
  1032.3000       1.09969900E-03
  1032.4000       1.09841900E-03
  1032.5000       1.09714151E-03
  1032.6000       1.09586653E-03
  1032.7000       1.09459406E-03
  1032.8000       1.09332411E-03
  1032.9000       1.09205667E-03
  1033.0000       1.09079175E-03
  1033.1000       1.08952934E-03
  1033.2000       1.08826945E-03
  1033.3000       1.08701208E-03
  1033.4000       1.08575723E-03
  1033.5000       1.08450489E-03
  1033.6000       1.08325507E-03
  1033.7000       1.08200777E-03
  1033.8000       1.08076298E-03
  1033.9000       1.07952072E-03
  1034.0000       1.07828098E-03
  1034.1000       1.07704376E-03
  1034.2000       1.07580908E-03
  1034.3000       1.07457693E-03
  1034.4000       1.07334732E-03
  1034.5000       1.07212025E-03
  1034.6000       1.07089574E-03
  1034.7000       1.06967379E-03
  1034.8000       1.06845441E-03
  1034.9000       1.06723760E-03
  1035.0000       1.06602339E-03
  1035.1000       1.06481177E-03
  1035.2000       1.06360276E-03
  1035.3000       1.06239637E-03
  1035.4000       1.06119262E-03
  1035.5000       1.05999151E-03
  1035.6000       1.05879305E-03
  1035.7000       1.05759727E-03
  1035.8000       1.05640417E-03
  1035.9000       1.05521377E-03
  1036.0000       1.05402607E-03
  1036.1000       1.05284109E-03
  1036.2000       1.05165883E-03
  1036.3000       1.05047932E-03
  1036.4000       1.04930256E-03
  1036.5000       1.04812855E-03
  1036.6000       1.04695732E-03
  1036.7000       1.04578885E-03
  1036.8000       1.04462316E-03
  1036.9000       1.04346025E-03
  1037.0000       1.04230013E-03
  1037.1000       1.04114280E-03
  1037.2000       1.03998825E-03
  1037.3000       1.03883648E-03
  1037.4000       1.03768750E-03
  1037.5000       1.03654129E-03
  1037.6000       1.03539785E-03
  1037.7000       1.03425717E-03
  1037.8000       1.03311925E-03
  1037.9000       1.03198406E-03
  1038.0000       1.03085160E-03
  1038.1000       1.02972185E-03
  1038.2000       1.02859480E-03
  1038.3000       1.02747042E-03
  1038.4000       1.02634869E-03
  1038.5000       1.02522961E-03
  1038.6000       1.02411314E-03
  1038.7000       1.02299925E-03
  1038.8000       1.02188794E-03
  1038.9000       1.02077916E-03
  1039.0000       1.01967290E-03
  1039.1000       1.01856913E-03
  1039.2000       1.01746781E-03
  1039.3000       1.01636893E-03
  1039.4000       1.01527245E-03
  1039.5000       1.01417835E-03
  1039.6000       1.01308659E-03
  1039.7000       1.01199714E-03
  1039.8000       1.01090999E-03
  1039.9000       1.00982509E-03
  1040.0000       1.00874243E-03
  1040.1000       1.00766197E-03
  1040.2000       1.00658368E-03
  1040.3000       1.00550755E-03
  1040.4000       1.00443354E-03
  1040.5000       1.00336164E-03
  1040.6000       1.00229181E-03
  1040.7000       1.00122404E-03
  1040.8000       1.00015830E-03
  1040.9000       9.99094575E-04
  1041.0000       9.98032846E-04
  1041.1000       9.96973096E-04
  1041.2000       9.95915306E-04
  1041.3000       9.94859464E-04
  1041.4000       9.93805554E-04
  1041.5000       9.92753564E-04
  1041.6000       9.91703484E-04
  1041.7000       9.90655302E-04
  1041.8000       9.89609011E-04
  1041.9000       9.88564604E-04
  1042.0000       9.87522072E-04
  1042.1000       9.86481412E-04
  1042.2000       9.85442618E-04
  1042.3000       9.84405687E-04
  1042.4000       9.83370616E-04
  1042.5000       9.82337403E-04
  1042.6000       9.81306048E-04
  1042.7000       9.80276549E-04
  1042.8000       9.79248905E-04
  1042.9000       9.78223118E-04
  1043.0000       9.77199187E-04
  1043.1000       9.76177113E-04
  1043.2000       9.75156896E-04
  1043.3000       9.74138537E-04
  1043.4000       9.73122037E-04
  1043.5000       9.72107396E-04
  1043.6000       9.71094613E-04
  1043.7000       9.70083689E-04
  1043.8000       9.69074622E-04
  1043.9000       9.68067411E-04
  1044.0000       9.67062054E-04
  1044.1000       9.66058548E-04
  1044.2000       9.65056890E-04
  1044.3000       9.64057074E-04
  1044.4000       9.63059095E-04
  1044.5000       9.62062948E-04
  1044.6000       9.61068624E-04
  1044.7000       9.60076115E-04
  1044.8000       9.59085412E-04
  1044.9000       9.58096504E-04
  1045.0000       9.57109378E-04
  1045.1000       9.56124021E-04
  1045.2000       9.55140419E-04
  1045.3000       9.54158557E-04
  1045.4000       9.53178416E-04
  1045.5000       9.52199980E-04
  1045.6000       9.51223227E-04
  1045.7000       9.50248137E-04
  1045.8000       9.49274688E-04
  1045.9000       9.48302855E-04
  1046.0000       9.47332614E-04
  1046.1000       9.46363939E-04
  1046.2000       9.45396802E-04
  1046.3000       9.44431174E-04
  1046.4000       9.43467026E-04
  1046.5000       9.42504325E-04
  1046.6000       9.41543039E-04
  1046.7000       9.40583135E-04
  1046.8000       9.39624578E-04
  1046.9000       9.38667332E-04
  1047.0000       9.37711361E-04
  1047.1000       9.36756627E-04
  1047.2000       9.35803092E-04
  1047.3000       9.34850717E-04
  1047.4000       9.33899461E-04
  1047.5000       9.32949286E-04
  1047.6000       9.32000149E-04
  1047.7000       9.31052010E-04
  1047.8000       9.30104828E-04
  1047.9000       9.29158562E-04
  1048.0000       9.28213170E-04
  1048.1000       9.27268611E-04
  1048.2000       9.26324845E-04
  1048.3000       9.25381833E-04
  1048.4000       9.24439533E-04
  1048.5000       9.23497910E-04
  1048.6000       9.22556924E-04
  1048.7000       9.21616542E-04
  1048.8000       9.20676727E-04
  1048.9000       9.19737448E-04
  1049.0000       9.18798674E-04
  1049.1000       9.17860377E-04
  1049.2000       9.16922530E-04
  1049.3000       9.15985110E-04
  1049.4000       9.15048097E-04
  1049.5000       9.14111473E-04
  1049.6000       9.13175223E-04
  1049.7000       9.12239337E-04
  1049.8000       9.11303807E-04
  1049.9000       9.10368629E-04
  1050.0000       9.09433806E-04
  1050.1000       9.08499340E-04
  1050.2000       9.07565241E-04
  1050.3000       9.06631522E-04
  1050.4000       9.05698202E-04
  1050.5000       9.04765303E-04
  1050.6000       9.03832853E-04
  1050.7000       9.02900883E-04
  1050.8000       9.01969430E-04
  1050.9000       9.01038537E-04
  1051.0000       9.00108250E-04
  1051.1000       8.99178620E-04
  1051.2000       8.98249704E-04
  1051.3000       8.97321561E-04
  1051.4000       8.96394258E-04
  1051.5000       8.95467863E-04
  1051.6000       8.94542451E-04
  1051.7000       8.93618098E-04
  1051.8000       8.92694886E-04
  1051.9000       8.91772899E-04
  1052.0000       8.90852225E-04
  1052.1000       8.89932955E-04
  1052.2000       8.89015182E-04
  1052.3000       8.88099001E-04
  1052.4000       8.87184509E-04
  1052.5000       8.86271804E-04
  1052.6000       8.85360986E-04
  1052.7000       8.84452154E-04
  1052.8000       8.83545409E-04
  1052.9000       8.82640851E-04
  1053.0000       8.81738577E-04
  1053.1000       8.80838687E-04
  1053.2000       8.79941276E-04
  1053.3000       8.79046437E-04
  1053.4000       8.78154264E-04
  1053.5000       8.77264844E-04
  1053.6000       8.76378262E-04
  1053.7000       8.75494601E-04
  1053.8000       8.74613937E-04
  1053.9000       8.73736343E-04
  1054.0000       8.72861887E-04
  1054.1000       8.71990633E-04
  1054.2000       8.71122637E-04
  1054.3000       8.70257952E-04
  1054.4000       8.69396622E-04
  1054.5000       8.68538689E-04
  1054.6000       8.67684185E-04
  1054.7000       8.66833137E-04
  1054.8000       8.65985567E-04
  1054.9000       8.65141487E-04
  1055.0000       8.64300906E-04
  1055.1000       8.63463824E-04
  1055.2000       8.62630236E-04
  1055.3000       8.61800129E-04
  1055.4000       8.60973486E-04
  1055.5000       8.60150280E-04
  1055.6000       8.59330483E-04
  1055.7000       8.58514058E-04
  1055.8000       8.57700962E-04
  1055.9000       8.56891150E-04
  1056.0000       8.56084567E-04
  1056.1000       8.55281159E-04
  1056.2000       8.54480863E-04
  1056.3000       8.53683614E-04
  1056.4000       8.52889343E-04
  1056.5000       8.52097979E-04
  1056.6000       8.51309446E-04
  1056.7000       8.50523665E-04
  1056.8000       8.49740558E-04
  1056.9000       8.48960042E-04
  1057.0000       8.48182033E-04
  1057.1000       8.47406447E-04
  1057.2000       8.46633199E-04
  1057.3000       8.45862202E-04
  1057.4000       8.45093370E-04
  1057.5000       8.44326617E-04
  1057.6000       8.43561857E-04
  1057.7000       8.42799006E-04
  1057.8000       8.42037977E-04
  1057.9000       8.41278689E-04
  1058.0000       8.40521059E-04
  1058.1000       8.39765006E-04
  1058.2000       8.39010451E-04
  1058.3000       8.38257316E-04
  1058.4000       8.37505525E-04
  1058.5000       8.36755005E-04
  1058.6000       8.36005681E-04
  1058.7000       8.35257484E-04
  1058.8000       8.34510344E-04
  1058.9000       8.33764195E-04
  1059.0000       8.33018971E-04
  1059.1000       8.32274607E-04
  1059.2000       8.31531042E-04
  1059.3000       8.30788216E-04
  1059.4000       8.30046067E-04
  1059.5000       8.29304540E-04
  1059.6000       8.28563576E-04
  1059.7000       8.27823121E-04
  1059.8000       8.27083119E-04
  1059.9000       8.26343516E-04
  1060.0000       8.25604261E-04
  1060.1000       8.24865302E-04
  1060.2000       8.24126586E-04
  1060.3000       8.23388063E-04
  1060.4000       8.22649684E-04
  1060.5000       8.21911398E-04
  1060.6000       8.21173158E-04
  1060.7000       8.20434915E-04
  1060.8000       8.19696622E-04
  1060.9000       8.18958231E-04
  1061.0000       8.18219698E-04
  1061.1000       8.17480977E-04
  1061.2000       8.16742024E-04
  1061.3000       8.16002795E-04
  1061.4000       8.15263251E-04
  1061.5000       8.14523349E-04
  1061.6000       8.13783053E-04
  1061.7000       8.13042325E-04
  1061.8000       8.12301131E-04
  1061.9000       8.11559438E-04
  1062.0000       8.10817218E-04
  1062.1000       8.10074442E-04
  1062.2000       8.09331088E-04
  1062.3000       8.08587135E-04
  1062.4000       8.07842565E-04
  1062.5000       8.07097366E-04
  1062.6000       8.06351528E-04
  1062.7000       8.05605046E-04
  1062.8000       8.04857921E-04
  1062.9000       8.04110155E-04
  1063.0000       8.03361759E-04
  1063.1000       8.02612746E-04
  1063.2000       8.01863135E-04
  1063.3000       8.01112951E-04
  1063.4000       8.00362223E-04
  1063.5000       7.99610987E-04
  1063.6000       7.98859284E-04
  1063.7000       7.98107159E-04
  1063.8000       7.97354664E-04
  1063.9000       7.96601856E-04
  1064.0000       7.95848796E-04
  1064.1000       7.95095552E-04
  1064.2000       7.94342196E-04
  1064.3000       7.93588804E-04
  1064.4000       7.92835458E-04
  1064.5000       7.92082242E-04
  1064.6000       7.91329246E-04
  1064.7000       7.90576563E-04
  1064.8000       7.89824288E-04
  1064.9000       7.89072521E-04
  1065.0000       7.88321362E-04
  1065.1000       7.87570915E-04
  1065.2000       7.86821285E-04
  1065.3000       7.86072577E-04
  1065.4000       7.85324898E-04
  1065.5000       7.84578356E-04
  1065.6000       7.83833055E-04
  1065.7000       7.83089103E-04
  1065.8000       7.82346605E-04
  1065.9000       7.81605662E-04
  1066.0000       7.80866376E-04
  1066.1000       7.80128845E-04
  1066.2000       7.79393165E-04
  1066.3000       7.78659428E-04
  1066.4000       7.77927723E-04
  1066.5000       7.77198133E-04
  1066.6000       7.76470739E-04
  1066.7000       7.75745617E-04
  1066.8000       7.75022836E-04
  1066.9000       7.74302463E-04
  1067.0000       7.73584556E-04
  1067.1000       7.72869171E-04
  1067.2000       7.72156357E-04
  1067.3000       7.71446155E-04
  1067.4000       7.70738605E-04
  1067.5000       7.70033737E-04
  1067.6000       7.69331577E-04
  1067.7000       7.68632145E-04
  1067.8000       7.67935455E-04
  1067.9000       7.67241517E-04
  1068.0000       7.66550333E-04
  1068.1000       7.65861901E-04
  1068.2000       7.65176215E-04
  1068.3000       7.64493262E-04
  1068.4000       7.63813027E-04
  1068.5000       7.63135487E-04
  1068.6000       7.62460618E-04
  1068.7000       7.61788391E-04
  1068.8000       7.61118772E-04
  1068.9000       7.60451727E-04
  1069.0000       7.59787216E-04
  1069.1000       7.59125197E-04
  1069.2000       7.58465626E-04
  1069.3000       7.57808457E-04
  1069.4000       7.57153640E-04
  1069.5000       7.56501125E-04
  1069.6000       7.55850862E-04
  1069.7000       7.55202796E-04
  1069.8000       7.54556874E-04
  1069.9000       7.53913041E-04
  1070.0000       7.53271241E-04
  1070.1000       7.52631419E-04
  1070.2000       7.51993517E-04
  1070.3000       7.51357481E-04
  1070.4000       7.50723252E-04
  1070.5000       7.50090774E-04
  1070.6000       7.49459991E-04
  1070.7000       7.48830845E-04
  1070.8000       7.48203280E-04
  1070.9000       7.47577239E-04
  1071.0000       7.46952666E-04
  1071.1000       7.46329505E-04
  1071.2000       7.45707700E-04
  1071.3000       7.45087193E-04
  1071.4000       7.44467930E-04
  1071.5000       7.43849854E-04
  1071.6000       7.43232908E-04
  1071.7000       7.42617037E-04
  1071.8000       7.42002183E-04
  1071.9000       7.41388290E-04
  1072.0000       7.40775301E-04
  1072.1000       7.40163159E-04
  1072.2000       7.39551806E-04
  1072.3000       7.38941185E-04
  1072.4000       7.38331238E-04
  1072.5000       7.37721906E-04
  1072.6000       7.37113132E-04
  1072.7000       7.36504856E-04
  1072.8000       7.35897021E-04
  1072.9000       7.35289568E-04
  1073.0000       7.34682438E-04
  1073.1000       7.34075575E-04
  1073.2000       7.33468919E-04
  1073.3000       7.32862415E-04
  1073.4000       7.32256007E-04
  1073.5000       7.31649638E-04
  1073.6000       7.31043255E-04
  1073.7000       7.30436806E-04
  1073.8000       7.29830240E-04
  1073.9000       7.29223507E-04
  1074.0000       7.28616560E-04
  1074.1000       7.28009356E-04
  1074.2000       7.27401851E-04
  1074.3000       7.26794006E-04
  1074.4000       7.26185785E-04
  1074.5000       7.25577156E-04
  1074.6000       7.24968089E-04
  1074.7000       7.24358558E-04
  1074.8000       7.23748541E-04
  1074.9000       7.23138021E-04
  1075.0000       7.22526985E-04
  1075.1000       7.21915424E-04
  1075.2000       7.21303334E-04
  1075.3000       7.20690714E-04
  1075.4000       7.20077571E-04
  1075.5000       7.19463913E-04
  1075.6000       7.18849757E-04
  1075.7000       7.18235121E-04
  1075.8000       7.17620029E-04
  1075.9000       7.17004512E-04
  1076.0000       7.16388602E-04
  1076.1000       7.15772337E-04
  1076.2000       7.15155760E-04
  1076.3000       7.14538918E-04
  1076.4000       7.13921861E-04
  1076.5000       7.13304644E-04
  1076.6000       7.12687324E-04
  1076.7000       7.12069961E-04
  1076.8000       7.11452621E-04
  1076.9000       7.10835369E-04
  1077.0000       7.10218273E-04
  1077.1000       7.09601404E-04
  1077.2000       7.08984834E-04
  1077.3000       7.08368636E-04
  1077.4000       7.07752884E-04
  1077.5000       7.07137652E-04
  1077.6000       7.06523014E-04
  1077.7000       7.05909044E-04
  1077.8000       7.05295816E-04
  1077.9000       7.04683402E-04
  1078.0000       7.04071872E-04
  1078.1000       7.03461297E-04
  1078.2000       7.02851742E-04
  1078.3000       7.02243273E-04
  1078.4000       7.01635953E-04
  1078.5000       7.01029841E-04
  1078.6000       7.00424993E-04
  1078.7000       6.99821464E-04
  1078.8000       6.99219302E-04
  1078.9000       6.98618555E-04
  1079.0000       6.98019266E-04
  1079.1000       6.97421474E-04
  1079.2000       6.96825214E-04
  1079.3000       6.96230519E-04
  1079.4000       6.95637416E-04
  1079.5000       6.95045931E-04
  1079.6000       6.94456083E-04
  1079.7000       6.93867890E-04
  1079.8000       6.93281366E-04
  1079.9000       6.92696522E-04
  1080.0000       6.92113363E-04
  1080.1000       6.91531896E-04
  1080.2000       6.90952121E-04
  1080.3000       6.90374037E-04
  1080.4000       6.89797640E-04
  1080.5000       6.89222925E-04
  1080.6000       6.88649883E-04
  1080.7000       6.88078505E-04
  1080.8000       6.87508780E-04
  1080.9000       6.86940695E-04
  1081.0000       6.86374235E-04
  1081.1000       6.85809387E-04
  1081.2000       6.85246134E-04
  1081.3000       6.84684461E-04
  1081.4000       6.84124351E-04
  1081.5000       6.83565787E-04
  1081.6000       6.83008752E-04
  1081.7000       6.82453230E-04
  1081.8000       6.81899203E-04
  1081.9000       6.81346656E-04
  1082.0000       6.80795571E-04
  1082.1000       6.80245934E-04
  1082.2000       6.79697729E-04
  1082.3000       6.79150941E-04
  1082.4000       6.78605555E-04
  1082.5000       6.78061557E-04
  1082.6000       6.77518933E-04
  1082.7000       6.76977670E-04
  1082.8000       6.76437754E-04
  1082.9000       6.75899173E-04
  1083.0000       6.75361913E-04
  1083.1000       6.74825962E-04
  1083.2000       6.74291305E-04
  1083.3000       6.73757931E-04
  1083.4000       6.73225825E-04
  1083.5000       6.72694973E-04
  1083.6000       6.72165360E-04
  1083.7000       6.71636971E-04
  1083.8000       6.71109790E-04
  1083.9000       6.70583800E-04
  1084.0000       6.70058981E-04
  1084.1000       6.69535316E-04
  1084.2000       6.69012783E-04
  1084.3000       6.68491361E-04
  1084.4000       6.67971027E-04
  1084.5000       6.67451757E-04
  1084.6000       6.66933524E-04
  1084.7000       6.66416302E-04
  1084.8000       6.65900061E-04
  1084.9000       6.65384773E-04
  1085.0000       6.64870405E-04
  1085.1000       6.64356926E-04
  1085.2000       6.63844301E-04
  1085.3000       6.63332495E-04
  1085.4000       6.62821473E-04
  1085.5000       6.62311198E-04
  1085.6000       6.61801631E-04
  1085.7000       6.61292736E-04
  1085.8000       6.60784472E-04
  1085.9000       6.60276800E-04
  1086.0000       6.59769682E-04
  1086.1000       6.59263078E-04
  1086.2000       6.58756949E-04
  1086.3000       6.58251254E-04
  1086.4000       6.57745958E-04
  1086.5000       6.57241020E-04
  1086.6000       6.56736405E-04
  1086.7000       6.56232077E-04
  1086.8000       6.55728000E-04
  1086.9000       6.55224143E-04
  1087.0000       6.54720472E-04
  1087.1000       6.54216957E-04
  1087.2000       6.53713571E-04
  1087.3000       6.53210287E-04
  1087.4000       6.52707079E-04
  1087.5000       6.52203925E-04
  1087.6000       6.51700806E-04
  1087.7000       6.51197702E-04
  1087.8000       6.50694598E-04
  1087.9000       6.50191480E-04
  1088.0000       6.49688336E-04
  1088.1000       6.49185157E-04
  1088.2000       6.48681936E-04
  1088.3000       6.48178668E-04
  1088.4000       6.47675350E-04
  1088.5000       6.47171983E-04
  1088.6000       6.46668566E-04
  1088.7000       6.46165104E-04
  1088.8000       6.45661601E-04
  1088.9000       6.45158065E-04
  1089.0000       6.44654503E-04
  1089.1000       6.44150927E-04
  1089.2000       6.43647346E-04
  1089.3000       6.43143774E-04
  1089.4000       6.42640225E-04
  1089.5000       6.42136712E-04
  1089.6000       6.41633253E-04
  1089.7000       6.41129863E-04
  1089.8000       6.40626559E-04
  1089.9000       6.40123359E-04
  1090.0000       6.39620280E-04
  1090.1000       6.39117342E-04
  1090.2000       6.38614563E-04
  1090.3000       6.38111962E-04
  1090.4000       6.37609557E-04
  1090.5000       6.37107367E-04
  1090.6000       6.36605411E-04
  1090.7000       6.36103708E-04
  1090.8000       6.35602277E-04
  1090.9000       6.35101136E-04
  1091.0000       6.34600303E-04
  1091.1000       6.34099797E-04
  1091.2000       6.33599635E-04
  1091.3000       6.33099836E-04
  1091.4000       6.32600416E-04
  1091.5000       6.32101394E-04
  1091.6000       6.31602786E-04
  1091.7000       6.31104611E-04
  1091.8000       6.30606885E-04
  1091.9000       6.30109625E-04
  1092.0000       6.29612849E-04
  1092.1000       6.29116574E-04
  1092.2000       6.28620818E-04
  1092.3000       6.28125597E-04
  1092.4000       6.27630929E-04
  1092.5000       6.27136832E-04
  1092.6000       6.26643324E-04
  1092.7000       6.26150423E-04
  1092.8000       6.25658147E-04
  1092.9000       6.25166514E-04
  1093.0000       6.24675543E-04
  1093.1000       6.24185253E-04
  1093.2000       6.23695662E-04
  1093.3000       6.23206790E-04
  1093.4000       6.22718654E-04
  1093.5000       6.22231275E-04
  1093.6000       6.21744672E-04
  1093.7000       6.21258862E-04
  1093.8000       6.20773865E-04
  1093.9000       6.20289698E-04
  1094.0000       6.19806380E-04
  1094.1000       6.19323929E-04
  1094.2000       6.18842360E-04
  1094.3000       6.18361692E-04
  1094.4000       6.17881938E-04
  1094.5000       6.17403114E-04
  1094.6000       6.16925235E-04
  1094.7000       6.16448312E-04
  1094.8000       6.15972358E-04
  1094.9000       6.15497383E-04
  1095.0000       6.15023397E-04
  1095.1000       6.14550409E-04
  1095.2000       6.14078423E-04
  1095.3000       6.13607447E-04
  1095.4000       6.13137484E-04
  1095.5000       6.12668536E-04
  1095.6000       6.12200605E-04
  1095.7000       6.11733688E-04
  1095.8000       6.11267785E-04
  1095.9000       6.10802892E-04
  1096.0000       6.10339002E-04
  1096.1000       6.09876110E-04
  1096.2000       6.09414207E-04
  1096.3000       6.08953285E-04
  1096.4000       6.08493331E-04
  1096.5000       6.08034334E-04
  1096.6000       6.07576281E-04
  1096.7000       6.07119159E-04
  1096.8000       6.06662951E-04
  1096.9000       6.06207643E-04
  1097.0000       6.05753218E-04
  1097.1000       6.05299659E-04
  1097.2000       6.04846950E-04
  1097.3000       6.04395071E-04
  1097.4000       6.03944007E-04
  1097.5000       6.03493740E-04
  1097.6000       6.03044251E-04
  1097.7000       6.02595525E-04
  1097.8000       6.02147544E-04
  1097.9000       6.01700293E-04
  1098.0000       6.01253756E-04
  1098.1000       6.00807917E-04
  1098.2000       6.00362765E-04
  1098.3000       5.99918285E-04
  1098.4000       5.99474466E-04
  1098.5000       5.99031296E-04
  1098.6000       5.98588767E-04
  1098.7000       5.98146869E-04
  1098.8000       5.97705596E-04
  1098.9000       5.97264940E-04
  1099.0000       5.96824898E-04
  1099.1000       5.96385464E-04
  1099.2000       5.95946635E-04
  1099.3000       5.95508411E-04
  1099.4000       5.95070790E-04
  1099.5000       5.94633771E-04
  1099.6000       5.94197356E-04
  1099.7000       5.93761547E-04
  1099.8000       5.93326344E-04
  1099.9000       5.92891751E-04
  1100.0000       5.92457770E-04
  1100.1000       5.92024404E-04
  1100.2000       5.91591657E-04
  1100.3000       5.91159531E-04
  1100.4000       5.90728030E-04
  1100.5000       5.90297156E-04
  1100.6000       5.89866911E-04
  1100.7000       5.89437297E-04
  1100.8000       5.89008314E-04
  1100.9000       5.88579963E-04
  1101.0000       5.88152243E-04
  1101.1000       5.87725153E-04
  1101.2000       5.87298688E-04
  1101.3000       5.86872846E-04
  1101.4000       5.86447621E-04
  1101.5000       5.86023007E-04
  1101.6000       5.85598996E-04
  1101.7000       5.85175578E-04
  1101.8000       5.84752745E-04
  1101.9000       5.84330483E-04
  1102.0000       5.83908781E-04
  1102.1000       5.83487624E-04
  1102.2000       5.83066998E-04
  1102.3000       5.82646885E-04
  1102.4000       5.82227270E-04
  1102.5000       5.81808134E-04
  1102.6000       5.81389459E-04
  1102.7000       5.80971224E-04
  1102.8000       5.80553411E-04
  1102.9000       5.80135999E-04
  1103.0000       5.79718968E-04
  1103.1000       5.79302297E-04
  1103.2000       5.78885967E-04
  1103.3000       5.78469957E-04
  1103.4000       5.78054247E-04
  1103.5000       5.77638819E-04
  1103.6000       5.77223655E-04
  1103.7000       5.76808737E-04
  1103.8000       5.76394048E-04
  1103.9000       5.75979575E-04
  1104.0000       5.75565302E-04
  1104.1000       5.75151218E-04
  1104.2000       5.74737312E-04
  1104.3000       5.74323574E-04
  1104.4000       5.73909998E-04
  1104.5000       5.73496576E-04
  1104.6000       5.73083305E-04
  1104.7000       5.72670184E-04
  1104.8000       5.72257211E-04
  1104.9000       5.71844388E-04
  1105.0000       5.71431719E-04
  1105.1000       5.71019209E-04
  1105.2000       5.70606865E-04
  1105.3000       5.70194696E-04
  1105.4000       5.69782711E-04
  1105.5000       5.69370924E-04
  1105.6000       5.68959347E-04
  1105.7000       5.68547995E-04
  1105.8000       5.68136884E-04
  1105.9000       5.67726030E-04
  1106.0000       5.67315453E-04
  1106.1000       5.66905170E-04
  1106.2000       5.66495201E-04
  1106.3000       5.66085566E-04
  1106.4000       5.65676285E-04
  1106.5000       5.65267378E-04
  1106.6000       5.64858865E-04
  1106.7000       5.64450768E-04
  1106.8000       5.64043105E-04
  1106.9000       5.63635896E-04
  1107.0000       5.63229161E-04
  1107.1000       5.62822917E-04
  1107.2000       5.62417181E-04
  1107.3000       5.62011971E-04
  1107.4000       5.61607301E-04
  1107.5000       5.61203185E-04
  1107.6000       5.60799638E-04
  1107.7000       5.60396670E-04
  1107.8000       5.59994292E-04
  1107.9000       5.59592513E-04
  1108.0000       5.59191340E-04
  1108.1000       5.58790781E-04
  1108.2000       5.58390840E-04
  1108.3000       5.57991521E-04
  1108.4000       5.57592825E-04
  1108.5000       5.57194755E-04
  1108.6000       5.56797309E-04
  1108.7000       5.56400486E-04
  1108.8000       5.56004283E-04
  1108.9000       5.55608698E-04
  1109.0000       5.55213724E-04
  1109.1000       5.54819357E-04
  1109.2000       5.54425592E-04
  1109.3000       5.54032419E-04
  1109.4000       5.53639834E-04
  1109.5000       5.53247827E-04
  1109.6000       5.52856390E-04
  1109.7000       5.52465516E-04
  1109.8000       5.52075195E-04
  1109.9000       5.51685418E-04
  1110.0000       5.51296179E-04
  1110.1000       5.50907467E-04
  1110.2000       5.50519275E-04
  1110.3000       5.50131594E-04
  1110.4000       5.49744419E-04
  1110.5000       5.49357740E-04
  1110.6000       5.48971552E-04
  1110.7000       5.48585848E-04
  1110.8000       5.48200622E-04
  1110.9000       5.47815870E-04
  1111.0000       5.47431587E-04
  1111.1000       5.47047769E-04
  1111.2000       5.46664412E-04
  1111.3000       5.46281513E-04
  1111.4000       5.45899071E-04
  1111.5000       5.45517081E-04
  1111.6000       5.45135544E-04
  1111.7000       5.44754458E-04
  1111.8000       5.44373822E-04
  1111.9000       5.43993634E-04
  1112.0000       5.43613895E-04
  1112.1000       5.43234604E-04
  1112.2000       5.42855761E-04
  1112.3000       5.42477365E-04
  1112.4000       5.42099416E-04
  1112.5000       5.41721913E-04
  1112.6000       5.41344856E-04
  1112.7000       5.40968242E-04
  1112.8000       5.40592072E-04
  1112.9000       5.40216342E-04
  1113.0000       5.39841050E-04
  1113.1000       5.39466195E-04
  1113.2000       5.39091772E-04
  1113.3000       5.38717777E-04
  1113.4000       5.38344206E-04
  1113.5000       5.37971055E-04
  1113.6000       5.37598317E-04
  1113.7000       5.37225987E-04
  1113.8000       5.36854058E-04
  1113.9000       5.36482521E-04
  1114.0000       5.36111371E-04
  1114.1000       5.35740598E-04
  1114.2000       5.35370194E-04
  1114.3000       5.35000149E-04
  1114.4000       5.34630454E-04
  1114.5000       5.34261100E-04
  1114.6000       5.33892076E-04
  1114.7000       5.33523373E-04
  1114.8000       5.33154980E-04
  1114.9000       5.32786888E-04
  1115.0000       5.32419085E-04
  1115.1000       5.32051563E-04
  1115.2000       5.31684312E-04
  1115.3000       5.31317323E-04
  1115.4000       5.30950586E-04
  1115.5000       5.30584093E-04
  1115.6000       5.30217837E-04
  1115.7000       5.29851811E-04
  1115.8000       5.29486007E-04
  1115.9000       5.29120420E-04
  1116.0000       5.28755046E-04
  1116.1000       5.28389879E-04
  1116.2000       5.28024917E-04
  1116.3000       5.27660158E-04
  1116.4000       5.27295599E-04
  1116.5000       5.26931241E-04
  1116.6000       5.26567084E-04
  1116.7000       5.26203129E-04
  1116.8000       5.25839379E-04
  1116.9000       5.25475837E-04
  1117.0000       5.25112508E-04
  1117.1000       5.24749396E-04
  1117.2000       5.24386508E-04
  1117.3000       5.24023850E-04
  1117.4000       5.23661430E-04
  1117.5000       5.23299257E-04
  1117.6000       5.22937340E-04
  1117.7000       5.22575688E-04
  1117.8000       5.22214311E-04
  1117.9000       5.21853221E-04
  1118.0000       5.21492428E-04
  1118.1000       5.21131945E-04
  1118.2000       5.20771783E-04
  1118.3000       5.20411954E-04
  1118.4000       5.20052470E-04
  1118.5000       5.19693345E-04
  1118.6000       5.19334591E-04
  1118.7000       5.18976220E-04
  1118.8000       5.18618246E-04
  1118.9000       5.18260680E-04
  1119.0000       5.17903535E-04
  1119.1000       5.17546823E-04
  1119.2000       5.17190557E-04
  1119.3000       5.16834747E-04
  1119.4000       5.16479406E-04
  1119.5000       5.16124545E-04
  1119.6000       5.15770174E-04
  1119.7000       5.15416305E-04
  1119.8000       5.15062947E-04
  1119.9000       5.14710110E-04
  1120.0000       5.14357804E-04
  1120.1000       5.14006037E-04
  1120.2000       5.13654819E-04
  1120.3000       5.13304158E-04
  1120.4000       5.12954061E-04
  1120.5000       5.12604537E-04
  1120.6000       5.12255592E-04
  1120.7000       5.11907233E-04
  1120.8000       5.11559467E-04
  1120.9000       5.11212300E-04
  1121.0000       5.10865738E-04
  1121.1000       5.10519785E-04
  1121.2000       5.10174447E-04
  1121.3000       5.09829728E-04
  1121.4000       5.09485632E-04
  1121.5000       5.09142164E-04
  1121.6000       5.08799326E-04
  1121.7000       5.08457121E-04
  1121.8000       5.08115552E-04
  1121.9000       5.07774621E-04
  1122.0000       5.07434328E-04
  1122.1000       5.07094675E-04
  1122.2000       5.06755662E-04
  1122.3000       5.06417288E-04
  1122.4000       5.06079552E-04
  1122.5000       5.05742454E-04
  1122.6000       5.05405989E-04
  1122.7000       5.05070156E-04
  1122.8000       5.04734949E-04
  1122.9000       5.04400365E-04
  1123.0000       5.04066396E-04
  1123.1000       5.03733037E-04
  1123.2000       5.03400280E-04
  1123.3000       5.03068117E-04
  1123.4000       5.02736537E-04
  1123.5000       5.02405530E-04
  1123.6000       5.02075084E-04
  1123.7000       5.01745187E-04
  1123.8000       5.01415825E-04
  1123.9000       5.01086984E-04
  1124.0000       5.00758647E-04
  1124.1000       5.00430797E-04
  1124.2000       5.00103418E-04
  1124.3000       4.99776490E-04
  1124.4000       4.99449994E-04
  1124.5000       4.99123910E-04
  1124.6000       4.98798216E-04
  1124.7000       4.98472890E-04
  1124.8000       4.98147911E-04
  1124.9000       4.97823256E-04
  1125.0000       4.97498900E-04
  1125.1000       4.97174821E-04
  1125.2000       4.96850994E-04
  1125.3000       4.96527396E-04
  1125.4000       4.96204003E-04
  1125.5000       4.95880790E-04
  1125.6000       4.95557735E-04
  1125.7000       4.95234813E-04
  1125.8000       4.94912003E-04
  1125.9000       4.94589282E-04
  1126.0000       4.94266629E-04
  1126.1000       4.93944023E-04
  1126.2000       4.93621446E-04
  1126.3000       4.93298879E-04
  1126.4000       4.92976304E-04
  1126.5000       4.92653708E-04
  1126.6000       4.92331074E-04
  1126.7000       4.92008391E-04
  1126.8000       4.91685648E-04
  1126.9000       4.91362835E-04
  1127.0000       4.91039945E-04
  1127.1000       4.90716973E-04
  1127.2000       4.90393914E-04
  1127.3000       4.90070767E-04
  1127.4000       4.89747532E-04
  1127.5000       4.89424210E-04
  1127.6000       4.89100807E-04
  1127.7000       4.88777327E-04
  1127.8000       4.88453779E-04
  1127.9000       4.88130172E-04
  1128.0000       4.87806518E-04
  1128.1000       4.87482829E-04
  1128.2000       4.87159121E-04
  1128.3000       4.86835409E-04
  1128.4000       4.86511712E-04
  1128.5000       4.86188049E-04
  1128.6000       4.85864440E-04
  1128.7000       4.85540906E-04
  1128.8000       4.85217471E-04
  1128.9000       4.84894156E-04
  1129.0000       4.84570987E-04
  1129.1000       4.84247988E-04
  1129.2000       4.83925183E-04
  1129.3000       4.83602599E-04
  1129.4000       4.83280260E-04
  1129.5000       4.82958191E-04
  1129.6000       4.82636418E-04
  1129.7000       4.82314965E-04
  1129.8000       4.81993857E-04
  1129.9000       4.81673118E-04
  1130.0000       4.81352769E-04
  1130.1000       4.81032834E-04
  1130.2000       4.80713334E-04
  1130.3000       4.80394289E-04
  1130.4000       4.80075717E-04
  1130.5000       4.79757636E-04
  1130.6000       4.79440064E-04
  1130.7000       4.79123013E-04
  1130.8000       4.78806500E-04
  1130.9000       4.78490534E-04
  1131.0000       4.78175127E-04
  1131.1000       4.77860289E-04
  1131.2000       4.77546025E-04
  1131.3000       4.77232344E-04
  1131.4000       4.76919248E-04
  1131.5000       4.76606741E-04
  1131.6000       4.76294824E-04
  1131.7000       4.75983498E-04
  1131.8000       4.75672761E-04
  1131.9000       4.75362611E-04
  1132.0000       4.75053044E-04
  1132.1000       4.74744054E-04
  1132.2000       4.74435637E-04
  1132.3000       4.74127783E-04
  1132.4000       4.73820487E-04
  1132.5000       4.73513738E-04
  1132.6000       4.73207528E-04
  1132.7000       4.72901845E-04
  1132.8000       4.72596679E-04
  1132.9000       4.72292019E-04
  1133.0000       4.71987854E-04
  1133.1000       4.71684170E-04
  1133.2000       4.71380957E-04
  1133.3000       4.71078201E-04
  1133.4000       4.70775891E-04
  1133.5000       4.70474014E-04
  1133.6000       4.70172558E-04
  1133.7000       4.69871511E-04
  1133.8000       4.69570861E-04
  1133.9000       4.69270596E-04
  1134.0000       4.68970706E-04
  1134.1000       4.68671180E-04
  1134.2000       4.68372006E-04
  1134.3000       4.68073174E-04
  1134.4000       4.67774676E-04
  1134.5000       4.67476501E-04
  1134.6000       4.67178642E-04
  1134.7000       4.66881088E-04
  1134.8000       4.66583833E-04
  1134.9000       4.66286868E-04
  1135.0000       4.65990186E-04
  1135.1000       4.65693781E-04
  1135.2000       4.65397646E-04
  1135.3000       4.65101775E-04
  1135.4000       4.64806161E-04
  1135.5000       4.64510799E-04
  1135.6000       4.64215684E-04
  1135.7000       4.63920810E-04
  1135.8000       4.63626171E-04
  1135.9000       4.63331764E-04
  1136.0000       4.63037583E-04
  1136.1000       4.62743622E-04
  1136.2000       4.62449878E-04
  1136.3000       4.62156344E-04
  1136.4000       4.61863017E-04
  1136.5000       4.61569891E-04
  1136.6000       4.61276961E-04
  1136.7000       4.60984221E-04
  1136.8000       4.60691667E-04
  1136.9000       4.60399293E-04
  1137.0000       4.60107093E-04
  1137.1000       4.59815062E-04
  1137.2000       4.59523193E-04
  1137.3000       4.59231482E-04
  1137.4000       4.58939922E-04
  1137.5000       4.58648507E-04
  1137.6000       4.58357232E-04
  1137.7000       4.58066089E-04
  1137.8000       4.57775074E-04
  1137.9000       4.57484179E-04
  1138.0000       4.57193400E-04
  1138.1000       4.56902731E-04
  1138.2000       4.56612165E-04
  1138.3000       4.56321698E-04
  1138.4000       4.56031325E-04
  1138.5000       4.55741041E-04
  1138.6000       4.55450841E-04
  1138.7000       4.55160723E-04
  1138.8000       4.54870681E-04
  1138.9000       4.54580713E-04
  1139.0000       4.54290817E-04
  1139.1000       4.54000991E-04
  1139.2000       4.53711234E-04
  1139.3000       4.53421545E-04
  1139.4000       4.53131924E-04
  1139.5000       4.52842372E-04
  1139.6000       4.52552891E-04
  1139.7000       4.52263483E-04
  1139.8000       4.51974152E-04
  1139.9000       4.51684902E-04
  1140.0000       4.51395737E-04
  1140.1000       4.51106664E-04
  1140.2000       4.50817688E-04
  1140.3000       4.50528819E-04
  1140.4000       4.50240063E-04
  1140.5000       4.49951430E-04
  1140.6000       4.49662931E-04
  1140.7000       4.49374576E-04
  1140.8000       4.49086376E-04
  1140.9000       4.48798344E-04
  1141.0000       4.48510494E-04
  1141.1000       4.48222838E-04
  1141.2000       4.47935391E-04
  1141.3000       4.47648169E-04
  1141.4000       4.47361186E-04
  1141.5000       4.47074458E-04
  1141.6000       4.46788002E-04
  1141.7000       4.46501836E-04
  1141.8000       4.46215974E-04
  1141.9000       4.45930436E-04
  1142.0000       4.45645238E-04
  1142.1000       4.45360398E-04
  1142.2000       4.45075933E-04
  1142.3000       4.44791860E-04
  1142.4000       4.44508198E-04
  1142.5000       4.44224963E-04
  1142.6000       4.43942172E-04
  1142.7000       4.43659841E-04
  1142.8000       4.43377987E-04
  1142.9000       4.43096625E-04
  1143.0000       4.42815769E-04
  1143.1000       4.42535435E-04
  1143.2000       4.42255636E-04
  1143.3000       4.41976384E-04
  1143.4000       4.41697691E-04
  1143.5000       4.41419569E-04
  1143.6000       4.41142026E-04
  1143.7000       4.40865074E-04
  1143.8000       4.40588718E-04
  1143.9000       4.40312966E-04
  1144.0000       4.40037824E-04
  1144.1000       4.39763295E-04
  1144.2000       4.39489382E-04
  1144.3000       4.39216088E-04
  1144.4000       4.38943413E-04
  1144.5000       4.38671355E-04
  1144.6000       4.38399912E-04
  1144.7000       4.38129081E-04
  1144.8000       4.37858856E-04
  1144.9000       4.37589231E-04
  1145.0000       4.37320198E-04
  1145.1000       4.37051748E-04
  1145.2000       4.36783869E-04
  1145.3000       4.36516550E-04
  1145.4000       4.36249778E-04
  1145.5000       4.35983538E-04
  1145.6000       4.35717814E-04
  1145.7000       4.35452589E-04
  1145.8000       4.35187845E-04
  1145.9000       4.34923563E-04
  1146.0000       4.34659722E-04
  1146.1000       4.34396302E-04
  1146.2000       4.34133280E-04
  1146.3000       4.33870634E-04
  1146.4000       4.33608340E-04
  1146.5000       4.33346374E-04
  1146.6000       4.33084711E-04
  1146.7000       4.32823327E-04
  1146.8000       4.32562197E-04
  1146.9000       4.32301293E-04
  1147.0000       4.32040592E-04
  1147.1000       4.31780068E-04
  1147.2000       4.31519694E-04
  1147.3000       4.31259445E-04
  1147.4000       4.30999297E-04
  1147.5000       4.30739225E-04
  1147.6000       4.30479205E-04
  1147.7000       4.30219214E-04
  1147.8000       4.29959228E-04
  1147.9000       4.29699226E-04
  1148.0000       4.29439188E-04
  1148.1000       4.29179092E-04
  1148.2000       4.28918922E-04
  1148.3000       4.28658658E-04
  1148.4000       4.28398285E-04
  1148.5000       4.28137787E-04
  1148.6000       4.27877152E-04
  1148.7000       4.27616367E-04
  1148.8000       4.27355421E-04
  1148.9000       4.27094306E-04
  1149.0000       4.26833014E-04
  1149.1000       4.26571539E-04
  1149.2000       4.26309877E-04
  1149.3000       4.26048026E-04
  1149.4000       4.25785984E-04
  1149.5000       4.25523752E-04
  1149.6000       4.25261332E-04
  1149.7000       4.24998728E-04
  1149.8000       4.24735945E-04
  1149.9000       4.24472991E-04
  1150.0000       4.24209873E-04
  1150.1000       4.23946602E-04
  1150.2000       4.23683188E-04
  1150.3000       4.23419643E-04
  1150.4000       4.23155981E-04
  1150.5000       4.22892216E-04
  1150.6000       4.22628365E-04
  1150.7000       4.22364443E-04
  1150.8000       4.22100467E-04
  1150.9000       4.21836456E-04
  1151.0000       4.21572429E-04
  1151.1000       4.21308404E-04
  1151.2000       4.21044401E-04
  1151.3000       4.20780440E-04
  1151.4000       4.20516541E-04
  1151.5000       4.20252724E-04
  1151.6000       4.19989011E-04
  1151.7000       4.19725420E-04
  1151.8000       4.19461972E-04
  1151.9000       4.19198688E-04
  1152.0000       4.18935585E-04
  1152.1000       4.18672685E-04
  1152.2000       4.18410005E-04
  1152.3000       4.18147563E-04
  1152.4000       4.17885377E-04
  1152.5000       4.17623465E-04
  1152.6000       4.17361842E-04
  1152.7000       4.17100523E-04
  1152.8000       4.16839524E-04
  1152.9000       4.16578859E-04
  1153.0000       4.16318541E-04
  1153.1000       4.16058582E-04
  1153.2000       4.15798993E-04
  1153.3000       4.15539787E-04
  1153.4000       4.15280972E-04
  1153.5000       4.15022558E-04
  1153.6000       4.14764553E-04
  1153.7000       4.14506965E-04
  1153.8000       4.14249801E-04
  1153.9000       4.13993068E-04
  1154.0000       4.13736770E-04
  1154.1000       4.13480914E-04
  1154.2000       4.13225504E-04
  1154.3000       4.12970543E-04
  1154.4000       4.12716035E-04
  1154.5000       4.12461984E-04
  1154.6000       4.12208392E-04
  1154.7000       4.11955262E-04
  1154.8000       4.11702595E-04
  1154.9000       4.11450393E-04
  1155.0000       4.11198658E-04
  1155.1000       4.10947391E-04
  1155.2000       4.10696594E-04
  1155.3000       4.10446266E-04
  1155.4000       4.10196411E-04
  1155.5000       4.09947026E-04
  1155.6000       4.09698115E-04
  1155.7000       4.09449676E-04
  1155.8000       4.09201711E-04
  1155.9000       4.08954220E-04
  1156.0000       4.08707202E-04
  1156.1000       4.08460658E-04
  1156.2000       4.08214587E-04
  1156.3000       4.07968990E-04
  1156.4000       4.07723865E-04
  1156.5000       4.07479211E-04
  1156.6000       4.07235027E-04
  1156.7000       4.06991312E-04
  1156.8000       4.06748063E-04
  1156.9000       4.06505279E-04
  1157.0000       4.06262955E-04
  1157.1000       4.06021089E-04
  1157.2000       4.05779677E-04
  1157.3000       4.05538713E-04
  1157.4000       4.05298192E-04
  1157.5000       4.05058109E-04
  1157.6000       4.04818456E-04
  1157.7000       4.04579225E-04
  1157.8000       4.04340408E-04
  1157.9000       4.04101995E-04
  1158.0000       4.03863976E-04
  1158.1000       4.03626340E-04
  1158.2000       4.03389074E-04
  1158.3000       4.03152165E-04
  1158.4000       4.02915600E-04
  1158.5000       4.02679362E-04
  1158.6000       4.02443437E-04
  1158.7000       4.02207807E-04
  1158.8000       4.01972454E-04
  1158.9000       4.01737361E-04
  1159.0000       4.01502507E-04
  1159.1000       4.01267874E-04
  1159.2000       4.01033440E-04
  1159.3000       4.00799184E-04
  1159.4000       4.00565085E-04
  1159.5000       4.00331121E-04
  1159.6000       4.00097269E-04
  1159.7000       3.99863506E-04
  1159.8000       3.99629812E-04
  1159.9000       3.99396161E-04
  1160.0000       3.99162533E-04
  1160.1000       3.98928905E-04
  1160.2000       3.98695255E-04
  1160.3000       3.98461561E-04
  1160.4000       3.98227803E-04
  1160.5000       3.97993960E-04
  1160.6000       3.97760013E-04
  1160.7000       3.97525944E-04
  1160.8000       3.97291735E-04
  1160.9000       3.97057370E-04
  1161.0000       3.96822834E-04
  1161.1000       3.96588112E-04
  1161.2000       3.96353193E-04
  1161.3000       3.96118065E-04
  1161.4000       3.95882720E-04
  1161.5000       3.95647150E-04
  1161.6000       3.95411347E-04
  1161.7000       3.95175309E-04
  1161.8000       3.94939032E-04
  1161.9000       3.94702515E-04
  1162.0000       3.94465760E-04
  1162.1000       3.94228769E-04
  1162.2000       3.93991547E-04
  1162.3000       3.93754098E-04
  1162.4000       3.93516433E-04
  1162.5000       3.93278559E-04
  1162.6000       3.93040489E-04
  1162.7000       3.92802234E-04
  1162.8000       3.92563810E-04
  1162.9000       3.92325232E-04
  1163.0000       3.92086516E-04
  1163.1000       3.91847682E-04
  1163.2000       3.91608747E-04
  1163.3000       3.91369734E-04
  1163.4000       3.91130663E-04
  1163.5000       3.90891557E-04
  1163.6000       3.90652437E-04
  1163.7000       3.90413329E-04
  1163.8000       3.90174255E-04
  1163.9000       3.89935240E-04
  1164.0000       3.89696309E-04
  1164.1000       3.89457485E-04
  1164.2000       3.89218794E-04
  1164.3000       3.88980261E-04
  1164.4000       3.88741908E-04
  1164.5000       3.88503760E-04
  1164.6000       3.88265841E-04
  1164.7000       3.88028173E-04
  1164.8000       3.87790779E-04
  1164.9000       3.87553680E-04
  1165.0000       3.87316896E-04
  1165.1000       3.87080448E-04
  1165.2000       3.86844355E-04
  1165.3000       3.86608633E-04
  1165.4000       3.86373301E-04
  1165.5000       3.86138374E-04
  1165.6000       3.85903866E-04
  1165.7000       3.85669792E-04
  1165.8000       3.85436163E-04
  1165.9000       3.85202992E-04
  1166.0000       3.84970288E-04
  1166.1000       3.84738060E-04
  1166.2000       3.84506316E-04
  1166.3000       3.84275063E-04
  1166.4000       3.84044307E-04
  1166.5000       3.83814053E-04
  1166.6000       3.83584303E-04
  1166.7000       3.83355062E-04
  1166.8000       3.83126331E-04
  1166.9000       3.82898110E-04
  1167.0000       3.82670400E-04
  1167.1000       3.82443200E-04
  1167.2000       3.82216508E-04
  1167.3000       3.81990324E-04
  1167.4000       3.81764642E-04
  1167.5000       3.81539462E-04
  1167.6000       3.81314777E-04
  1167.7000       3.81090585E-04
  1167.8000       3.80866879E-04
  1167.9000       3.80643655E-04
  1168.0000       3.80420906E-04
  1168.1000       3.80198627E-04
  1168.2000       3.79976811E-04
  1168.3000       3.79755451E-04
  1168.4000       3.79534539E-04
  1168.5000       3.79314069E-04
  1168.6000       3.79094033E-04
  1168.7000       3.78874422E-04
  1168.8000       3.78655228E-04
  1168.9000       3.78436442E-04
  1169.0000       3.78218056E-04
  1169.1000       3.78000060E-04
  1169.2000       3.77782444E-04
  1169.3000       3.77565200E-04
  1169.4000       3.77348316E-04
  1169.5000       3.77131783E-04
  1169.6000       3.76915589E-04
  1169.7000       3.76699723E-04
  1169.8000       3.76484174E-04
  1169.9000       3.76268930E-04
  1170.0000       3.76053978E-04
  1170.1000       3.75839307E-04
  1170.2000       3.75624901E-04
  1170.3000       3.75410750E-04
  1170.4000       3.75196837E-04
  1170.5000       3.74983150E-04
  1170.6000       3.74769672E-04
  1170.7000       3.74556391E-04
  1170.8000       3.74343289E-04
  1170.9000       3.74130351E-04
  1171.0000       3.73917562E-04
  1171.1000       3.73704904E-04
  1171.2000       3.73492362E-04
  1171.3000       3.73279919E-04
  1171.4000       3.73067557E-04
  1171.5000       3.72855261E-04
  1171.6000       3.72643012E-04
  1171.7000       3.72430794E-04
  1171.8000       3.72218590E-04
  1171.9000       3.72006384E-04
  1172.0000       3.71794159E-04
  1172.1000       3.71581898E-04
  1172.2000       3.71369587E-04
  1172.3000       3.71157209E-04
  1172.4000       3.70944749E-04
  1172.5000       3.70732195E-04
  1172.6000       3.70519531E-04
  1172.7000       3.70306746E-04
  1172.8000       3.70093827E-04
  1172.9000       3.69880763E-04
  1173.0000       3.69667544E-04
  1173.1000       3.69454161E-04
  1173.2000       3.69240606E-04
  1173.3000       3.69026871E-04
  1173.4000       3.68812952E-04
  1173.5000       3.68598844E-04
  1173.6000       3.68384542E-04
  1173.7000       3.68170046E-04
  1173.8000       3.67955355E-04
  1173.9000       3.67740468E-04
  1174.0000       3.67525389E-04
  1174.1000       3.67310120E-04
  1174.2000       3.67094665E-04
  1174.3000       3.66879031E-04
  1174.4000       3.66663224E-04
  1174.5000       3.66447253E-04
  1174.6000       3.66231127E-04
  1174.7000       3.66014857E-04
  1174.8000       3.65798454E-04
  1174.9000       3.65581931E-04
  1175.0000       3.65365301E-04
  1175.1000       3.65148579E-04
  1175.2000       3.64931781E-04
  1175.3000       3.64714921E-04
  1175.4000       3.64498018E-04
  1175.5000       3.64281087E-04
  1175.6000       3.64064147E-04
  1175.7000       3.63847216E-04
  1175.8000       3.63630311E-04
  1175.9000       3.63413451E-04
  1176.0000       3.63196655E-04
  1176.1000       3.62979940E-04
  1176.2000       3.62763324E-04
  1176.3000       3.62546822E-04
  1176.4000       3.62330456E-04
  1176.5000       3.62114242E-04
  1176.6000       3.61898193E-04
  1176.7000       3.61682328E-04
  1176.8000       3.61466663E-04
  1176.9000       3.61251210E-04
  1177.0000       3.61035995E-04
  1177.1000       3.60821018E-04
  1177.2000       3.60606301E-04
  1177.3000       3.60391847E-04
  1177.4000       3.60177674E-04
  1177.5000       3.59963797E-04
  1177.6000       3.59750222E-04
  1177.7000       3.59536953E-04
  1177.8000       3.59324012E-04
  1177.9000       3.59111392E-04
  1178.0000       3.58899112E-04
  1178.1000       3.58687164E-04
  1178.2000       3.58475562E-04
  1178.3000       3.58264313E-04
  1178.4000       3.58053416E-04
  1178.5000       3.57842863E-04
  1178.6000       3.57632681E-04
  1178.7000       3.57422854E-04
  1178.8000       3.57213387E-04
  1178.9000       3.57004279E-04
  1179.0000       3.56795541E-04
  1179.1000       3.56587147E-04
  1179.2000       3.56379125E-04
  1179.3000       3.56171472E-04
  1179.4000       3.55964160E-04
  1179.5000       3.55757207E-04
  1179.6000       3.55550625E-04
  1179.7000       3.55344375E-04
  1179.8000       3.55138482E-04
  1179.9000       3.54932933E-04
  1180.0000       3.54727734E-04
  1180.1000       3.54522880E-04
  1180.2000       3.54318361E-04
  1180.3000       3.54114172E-04
  1180.4000       3.53910327E-04
  1180.5000       3.53706809E-04
  1180.6000       3.53503623E-04
  1180.7000       3.53300769E-04
  1180.8000       3.53098239E-04
  1180.9000       3.52896016E-04
  1181.0000       3.52694125E-04
  1181.1000       3.52492545E-04
  1181.2000       3.52291273E-04
  1181.3000       3.52090330E-04
  1181.4000       3.51889670E-04
  1181.5000       3.51689321E-04
  1181.6000       3.51489259E-04
  1181.7000       3.51289513E-04
  1181.8000       3.51090053E-04
  1181.9000       3.50890873E-04
  1182.0000       3.50691982E-04
  1182.1000       3.50493351E-04
  1182.2000       3.50295040E-04
  1182.3000       3.50096959E-04
  1182.4000       3.49899164E-04
  1182.5000       3.49701586E-04
  1182.6000       3.49504280E-04
  1182.7000       3.49307237E-04
  1182.8000       3.49110406E-04
  1182.9000       3.48913812E-04
  1183.0000       3.48717426E-04
  1183.1000       3.48521244E-04
  1183.2000       3.48325294E-04
  1183.3000       3.48129506E-04
  1183.4000       3.47933911E-04
  1183.5000       3.47738488E-04
  1183.6000       3.47543226E-04
  1183.7000       3.47348123E-04
  1183.8000       3.47153147E-04
  1183.9000       3.46958324E-04
  1184.0000       3.46763599E-04
  1184.1000       3.46568981E-04
  1184.2000       3.46374460E-04
  1184.3000       3.46180047E-04
  1184.4000       3.45985688E-04
  1184.5000       3.45791386E-04
  1184.6000       3.45597192E-04
  1184.7000       3.45403010E-04
  1184.8000       3.45208881E-04
  1184.9000       3.45014787E-04
  1185.0000       3.44820697E-04
  1185.1000       3.44626628E-04
  1185.2000       3.44432578E-04
  1185.3000       3.44238527E-04
  1185.4000       3.44044480E-04
  1185.5000       3.43850435E-04
  1185.6000       3.43656363E-04
  1185.7000       3.43462289E-04
  1185.8000       3.43268200E-04
  1185.9000       3.43074122E-04
  1186.0000       3.42880018E-04
  1186.1000       3.42685879E-04
  1186.2000       3.42491758E-04
  1186.3000       3.42297655E-04
  1186.4000       3.42103510E-04
  1186.5000       3.41909415E-04
  1186.6000       3.41715323E-04
  1186.7000       3.41521227E-04
  1186.8000       3.41327237E-04
  1186.9000       3.41133211E-04
  1187.0000       3.40939282E-04
  1187.1000       3.40745428E-04
  1187.2000       3.40551623E-04
  1187.3000       3.40357987E-04
  1187.4000       3.40164420E-04
  1187.5000       3.39970964E-04
  1187.6000       3.39777669E-04
  1187.7000       3.39584561E-04
  1187.8000       3.39391658E-04
  1187.9000       3.39198968E-04
  1188.0000       3.39006496E-04
  1188.1000       3.38814288E-04
  1188.2000       3.38622363E-04
  1188.3000       3.38430669E-04
  1188.4000       3.38239454E-04
  1188.5000       3.38048372E-04
  1188.6000       3.37857873E-04
  1188.7000       3.37667771E-04
  1188.8000       3.37478023E-04
  1188.9000       3.37288700E-04
  1189.0000       3.37100057E-04
  1189.1000       3.36911802E-04
  1189.2000       3.36724082E-04
  1189.3000       3.36537014E-04
  1189.4000       3.36350648E-04
  1189.5000       3.36164860E-04
  1189.6000       3.35979836E-04
  1189.7000       3.35795471E-04
  1189.8000       3.35611944E-04
  1189.9000       3.35429243E-04
  1190.0000       3.35247623E-04
  1190.1000       3.35066557E-04
  1190.2000       3.34886335E-04
  1190.3000       3.34707440E-04
  1190.4000       3.34529362E-04
  1190.5000       3.34352521E-04
  1190.6000       3.34176818E-04
  1190.7000       3.34002161E-04
  1190.8000       3.33829180E-04
  1190.9000       3.33657295E-04
  1191.0000       3.33486646E-04
  1191.1000       3.33317583E-04
  1191.2000       3.33150067E-04
  1191.3000       3.32983646E-04
  1191.4000       3.32819455E-04
  1191.5000       3.32657104E-04
  1191.6000       3.32495976E-04
  1191.7000       3.32337500E-04
  1191.8000       3.32180178E-04
  1191.9000       3.32025662E-04
  1192.0000       3.31873417E-04
  1192.1000       3.31722790E-04
  1192.2000       3.31575218E-04
  1192.3000       3.31429817E-04
  1192.4000       3.31286989E-04
  1192.5000       3.31147793E-04
  1192.6000       3.31010706E-04
  1192.7000       3.30876654E-04
  1192.8000       3.30746393E-04
  1192.9000       3.30618914E-04
  1193.0000       3.30495196E-04
  1193.1000       3.30376626E-04
  1193.2000       3.30259817E-04
  1193.3000       3.30148465E-04
  1193.4000       3.30041107E-04
  1193.5000       3.29938151E-04
  1193.6000       3.29840892E-04
  1193.7000       3.29747452E-04
  1193.8000       3.29659987E-04
  1193.9000       3.29578569E-04
  1194.0000       3.29503607E-04
  1194.1000       3.29433542E-04
  1194.2000       3.29371796E-04
  1194.3000       3.29315485E-04
  1194.4000       3.29266916E-04
  1194.5000       3.29227167E-04
  1194.6000       3.29191847E-04
  1194.7000       3.29167405E-04
  1194.8000       3.29154703E-04
  1194.9000       3.29150249E-04
  1195.0000       3.29152344E-04
  1195.1000       3.29170237E-04
  1195.2000       3.29197468E-04
  1195.3000       3.29233380E-04
  1195.4000       3.29286910E-04
  1195.5000       3.29351091E-04
  1195.6000       3.29429735E-04
  1195.7000       3.29519396E-04
  1195.8000       3.29632434E-04
  1195.9000       3.29756088E-04
  1196.0000       3.29899214E-04
  1196.1000       3.30063381E-04
  1196.2000       3.30243954E-04
  1196.3000       3.30448320E-04
  1196.4000       3.30672850E-04
  1196.5000       3.30920765E-04
  1196.6000       3.31194324E-04
  1196.7000       3.31491870E-04
  1196.8000       3.31817070E-04
  1196.9000       3.32177986E-04
  1197.0000       3.32559221E-04
  1197.1000       3.32982185E-04
  1197.2000       3.33439730E-04
  1197.3000       3.33923231E-04
  1197.4000       3.34464015E-04
  1197.5000       3.35031175E-04
  1197.6000       3.35642565E-04
  1197.7000       3.36309045E-04
  1197.8000       3.37024558E-04
  1197.9000       3.37781659E-04
  1198.0000       3.38588343E-04
  1198.1000       3.39470716E-04
  1198.2000       3.40404818E-04
  1198.3000       3.41420380E-04
  1198.4000       3.42492815E-04
  1198.5000       3.43635925E-04
  1198.6000       3.44873469E-04
  1198.7000       3.46150999E-04
  1198.8000       3.47546555E-04
  1198.9000       3.49037102E-04
  1199.0000       3.50611008E-04
  1199.1000       3.52285243E-04
  1199.2000       3.54077723E-04
  1199.3000       3.55958582E-04
  1199.4000       3.57983783E-04
  1199.5000       3.60170510E-04
  1199.6000       3.62445288E-04
  1199.7000       3.64894269E-04
  1199.8000       3.67430763E-04
  1199.9000       3.70163550E-04
  1200.0000       3.73071041E-04
  1200.1000       3.76167127E-04
  1200.2000       3.79458695E-04
  1200.3000       3.82935904E-04
  1200.4000       3.86583064E-04
  1200.5000       3.90498289E-04
  1200.6000       3.94662513E-04
  1200.7000       3.99039219E-04
  1200.8000       4.03750646E-04
  1200.9000       4.08671778E-04
  1201.0000       4.13918973E-04
  1201.1000       4.19601966E-04
  1201.2000       4.25637636E-04
  1201.3000       4.32035808E-04
  1201.4000       4.38863599E-04
  1201.5000       4.46163829E-04
  1201.6000       4.54006571E-04
  1201.7000       4.62423192E-04
  1201.8000       4.71525786E-04
  1201.9000       4.81455434E-04
  1202.0000       4.91945154E-04
  1202.1000       5.03478882E-04
  1202.2000       5.15954074E-04
  1202.3000       5.29587635E-04
  1202.4000       5.44311577E-04
  1202.5000       5.60350100E-04
  1202.6000       5.77943610E-04
  1202.7000       5.96952332E-04
  1202.8000       6.17594321E-04
  1202.9000       6.39935098E-04
  1203.0000       6.64155460E-04
  1203.1000       6.89770245E-04
  1203.2000       7.17030618E-04
  1203.3000       7.45630575E-04
  1203.4000       7.75161410E-04
  1203.5000       8.05568616E-04
  1203.6000       8.35941280E-04
  1203.7000       8.66282140E-04
  1203.8000       8.95732461E-04
  1203.9000       9.24385950E-04
  1204.0000       9.51220923E-04
  1204.1000       9.76874748E-04
  1204.2000       1.00059937E-03
  1204.3000       1.02236017E-03
  1204.4000       1.04223392E-03
  1204.5000       1.06008605E-03
  1204.6000       1.07626988E-03
  1204.7000       1.09057437E-03
  1204.8000       1.10385685E-03
  1204.9000       1.11510987E-03
  1205.0000       1.12557054E-03
  1205.1000       1.13476308E-03
  1205.2000       1.14316551E-03
  1205.3000       1.15048894E-03
  1205.4000       1.15758178E-03
  1205.5000       1.16384316E-03
  1205.6000       1.16983774E-03
  1205.7000       1.17516411E-03
  1205.8000       1.18048463E-03
  1205.9000       1.18537750E-03
  1206.0000       1.19015167E-03
  1206.1000       1.19472387E-03
  1206.2000       1.19929508E-03
  1206.3000       1.20390828E-03
  1206.4000       1.20847570E-03
  1206.5000       1.21328622E-03
  1206.6000       1.21789736E-03
  1206.7000       1.22286888E-03
  1206.8000       1.22794043E-03
  1206.9000       1.23329651E-03
  1207.0000       1.23907110E-03
  1207.1000       1.24492352E-03
  1207.2000       1.25121635E-03
  1207.3000       1.25770996E-03
  1207.4000       1.26470447E-03
  1207.5000       1.27188913E-03
  1207.6000       1.27990446E-03
  1207.7000       1.28805178E-03
  1207.8000       1.29656441E-03
  1207.9000       1.30537009E-03
  1208.0000       1.31477259E-03
  1208.1000       1.32432459E-03
  1208.2000       1.33442091E-03
  1208.3000       1.34464062E-03
  1208.4000       1.35562562E-03
  1208.5000       1.36657062E-03
  1208.6000       1.37796300E-03
  1208.7000       1.38953992E-03
  1208.8000       1.40163750E-03
  1208.9000       1.41377355E-03
  1209.0000       1.42637639E-03
  1209.1000       1.43869509E-03
  1209.2000       1.45181824E-03
  1209.3000       1.46488488E-03
  1209.4000       1.47836040E-03
  1209.5000       1.49191417E-03
  1209.6000       1.50583986E-03
  1209.7000       1.51956069E-03
  1209.8000       1.53371087E-03
  1209.9000       1.54814878E-03
  1210.0000       1.56254953E-03
  1210.1000       1.57729622E-03
  1210.2000       1.59213241E-03
  1210.3000       1.60733091E-03
  1210.4000       1.62276836E-03
  1210.5000       1.63862228E-03
  1210.6000       1.65435823E-03
  1210.7000       1.67054311E-03
  1210.8000       1.68727120E-03
  1210.9000       1.70430141E-03
  1211.0000       1.72161486E-03
  1211.1000       1.73986418E-03
  1211.2000       1.75839143E-03
  1211.3000       1.77756103E-03
  1211.4000       1.79755079E-03
  1211.5000       1.81823736E-03
  1211.6000       1.84002431E-03
  1211.7000       1.86268893E-03
  1211.8000       1.88628312E-03
  1211.9000       1.91065953E-03
  1212.0000       1.93615255E-03
  1212.1000       1.96246132E-03
  1212.2000       1.98916880E-03
  1212.3000       2.01645587E-03
  1212.4000       2.04405249E-03
  1212.5000       2.07153415E-03
  1212.6000       2.09870302E-03
  1212.7000       2.12557760E-03
  1212.8000       2.15187611E-03
  1212.9000       2.17739471E-03
  1213.0000       2.20168776E-03
  1213.1000       2.22547613E-03
  1213.2000       2.24824806E-03
  1213.3000       2.27028355E-03
  1213.4000       2.29157022E-03
  1213.5000       2.31175107E-03
  1213.6000       2.33109976E-03
  1213.7000       2.34980376E-03
  1213.8000       2.36839040E-03
  1213.9000       2.38621627E-03
  1214.0000       2.40394155E-03
  1214.1000       2.42085104E-03
  1214.2000       2.43823295E-03
  1214.3000       2.45479521E-03
  1214.4000       2.47140101E-03
  1214.5000       2.48818361E-03
  1214.6000       2.50442511E-03
  1214.7000       2.52108842E-03
  1214.8000       2.53758259E-03
  1214.9000       2.55451057E-03
  1215.0000       2.57152429E-03
  1215.1000       2.58899696E-03
  1215.2000       2.60664254E-03
  1215.3000       2.62501605E-03
  1215.4000       2.64387379E-03
  1215.5000       2.66329738E-03
  1215.6000       2.68320897E-03
  1215.7000       2.70380906E-03
  1215.8000       2.72518628E-03
  1215.9000       2.74699118E-03
  1216.0000       2.76906859E-03
  1216.1000       2.79162191E-03
  1216.2000       2.81407762E-03
  1216.3000       2.83690605E-03
  1216.4000       2.85979371E-03
  1216.5000       2.88232653E-03
  1216.6000       2.90489052E-03
  1216.7000       2.92786919E-03
  1216.8000       2.95034208E-03
  1216.9000       2.97355725E-03
  1217.0000       2.99686107E-03
  1217.1000       3.02029213E-03
  1217.2000       3.04435756E-03
  1217.3000       3.06891057E-03
  1217.4000       3.09380556E-03
  1217.5000       3.11902024E-03
  1217.6000       3.14413161E-03
  1217.7000       3.17015665E-03
  1217.8000       3.19574922E-03
  1217.9000       3.22164280E-03
  1218.0000       3.24777234E-03
  1218.1000       3.27476078E-03
  1218.2000       3.30181808E-03
  1218.3000       3.32957815E-03
  1218.4000       3.35779445E-03
  1218.5000       3.38652244E-03
  1218.6000       3.41561503E-03
  1218.7000       3.44455997E-03
  1218.8000       3.47398081E-03
  1218.9000       3.50262466E-03
  1219.0000       3.53154368E-03
  1219.1000       3.56027542E-03
  1219.2000       3.58859440E-03
  1219.3000       3.61723402E-03
  1219.4000       3.64564980E-03
  1219.5000       3.67415359E-03
  1219.6000       3.70270008E-03
  1219.7000       3.73140571E-03
  1219.8000       3.76036244E-03
  1219.9000       3.78948524E-03
  1220.0000       3.81927269E-03
  1220.1000       3.84933000E-03
  1220.2000       3.88013067E-03
  1220.3000       3.91151309E-03
  1220.4000       3.94356071E-03
  1220.5000       3.97603371E-03
  1220.6000       4.00925561E-03
  1220.7000       4.04246297E-03
  1220.8000       4.07615796E-03
  1220.9000       4.11010866E-03
  1221.0000       4.14402596E-03
  1221.1000       4.17771644E-03
  1221.2000       4.21097142E-03
  1221.3000       4.24406837E-03
  1221.4000       4.27634285E-03
  1221.5000       4.30838489E-03
  1221.6000       4.34014653E-03
  1221.7000       4.37146957E-03
  1221.8000       4.40268117E-03
  1221.9000       4.43367120E-03
  1222.0000       4.46455679E-03
  1222.1000       4.49546546E-03
  1222.2000       4.52592781E-03
  1222.3000       4.55670452E-03
  1222.4000       4.58706027E-03
  1222.5000       4.61755856E-03
  1222.6000       4.64770835E-03
  1222.7000       4.67830420E-03
  1222.8000       4.70933230E-03
  1222.9000       4.74062998E-03
  1223.0000       4.77258180E-03
  1223.1000       4.80517758E-03
  1223.2000       4.83841706E-03
  1223.3000       4.87230100E-03
  1223.4000       4.90699512E-03
  1223.5000       4.94214821E-03
  1223.6000       4.97814010E-03
  1223.7000       5.01441993E-03
  1223.8000       5.05096577E-03
  1223.9000       5.08756747E-03
  1224.0000       5.12433709E-03
  1224.1000       5.16055888E-03
  1224.2000       5.19696273E-03
  1224.3000       5.23304690E-03
  1224.4000       5.26883891E-03
  1224.5000       5.30437048E-03
  1224.6000       5.33977126E-03
  1224.7000       5.37461073E-03
  1224.8000       5.40934378E-03
  1224.9000       5.44359315E-03
  1225.0000       5.47747463E-03
  1225.1000       5.51120162E-03
  1225.2000       5.54478533E-03
  1225.3000       5.57857342E-03
  1225.4000       5.61223235E-03
  1225.5000       5.64597543E-03
  1225.6000       5.67960872E-03
  1225.7000       5.71297264E-03
  1225.8000       5.74639562E-03
  1225.9000       5.77971732E-03
  1226.0000       5.81264749E-03
  1226.1000       5.84542104E-03
  1226.2000       5.87788873E-03
  1226.3000       5.90993765E-03
  1226.4000       5.94222878E-03
  1226.5000       5.97417990E-03
  1226.6000       6.00557765E-03
  1226.7000       6.03661563E-03
  1226.8000       6.06747461E-03
  1226.9000       6.09822343E-03
  1227.0000       6.12869998E-03
  1227.1000       6.15936418E-03
  1227.2000       6.19075907E-03
  1227.3000       6.22225644E-03
  1227.4000       6.25447445E-03
  1227.5000       6.28784901E-03
  1227.6000       6.32163348E-03
  1227.7000       6.35609882E-03
  1227.8000       6.39108534E-03
  1227.9000       6.42652045E-03
  1228.0000       6.46246472E-03
  1228.1000       6.49925310E-03
  1228.2000       6.53645553E-03
  1228.3000       6.57428035E-03
  1228.4000       6.61310354E-03
  1228.5000       6.65249150E-03
  1228.6000       6.69267578E-03
  1228.7000       6.73347330E-03
  1228.8000       6.77461574E-03
  1228.9000       6.81591939E-03
  1229.0000       6.85773181E-03
  1229.1000       6.89955852E-03
  1229.2000       6.94167726E-03
  1229.3000       6.98426226E-03
  1229.4000       7.02758044E-03
  1229.5000       7.07173415E-03
  1229.6000       7.11705048E-03
  1229.7000       7.16348415E-03
  1229.8000       7.21097487E-03
  1229.9000       7.25983757E-03
  1230.0000       7.30964063E-03
  1230.1000       7.36060713E-03
  1230.2000       7.41222723E-03
  1230.3000       7.46463170E-03
  1230.4000       7.51813717E-03
  1230.5000       7.57168300E-03
  1230.6000       7.62605468E-03
  1230.7000       7.68061449E-03
  1230.8000       7.73531645E-03
  1230.9000       7.79030423E-03
  1231.0000       7.84479034E-03
  1231.1000       7.89948367E-03
  1231.2000       7.95376932E-03
  1231.3000       8.00709855E-03
  1231.4000       8.06041342E-03
  1231.5000       8.11286777E-03
  1231.6000       8.16476376E-03
  1231.7000       8.21583417E-03
  1231.8000       8.26616030E-03
  1231.9000       8.31634034E-03
  1232.0000       8.36565997E-03
  1232.1000       8.41463264E-03
  1232.2000       8.46327679E-03
  1232.3000       8.51148860E-03
  1232.4000       8.55933991E-03
  1232.5000       8.60668782E-03
  1232.6000       8.65387316E-03
  1232.7000       8.70090898E-03
  1232.8000       8.74730797E-03
  1232.9000       8.79365094E-03
  1233.0000       8.83941486E-03
  1233.1000       8.88557399E-03
  1233.2000       8.93092211E-03
  1233.3000       8.97647389E-03
  1233.4000       9.02203894E-03
  1233.5000       9.06726416E-03
  1233.6000       9.11268674E-03
  1233.7000       9.15806390E-03
  1233.8000       9.20321642E-03
  1233.9000       9.24793967E-03
  1234.0000       9.29251280E-03
  1234.1000       9.33665497E-03
  1234.2000       9.38039350E-03
  1234.3000       9.42340933E-03
  1234.4000       9.46591057E-03
  1234.5000       9.50775822E-03
  1234.6000       9.54909020E-03
  1234.7000       9.58984233E-03
  1234.8000       9.63047519E-03
  1234.9000       9.67073483E-03
  1235.0000       9.71139175E-03
  1235.1000       9.75236740E-03
  1235.2000       9.79426025E-03
  1235.3000       9.83763815E-03
  1235.4000       9.88232243E-03
  1235.5000       9.92865124E-03
  1235.6000       9.97675467E-03
  1235.7000       1.00263090E-02
  1235.8000       1.00768815E-02
  1235.9000       1.01283201E-02
  1236.0000       1.01803440E-02
  1236.1000       1.02316809E-02
  1236.2000       1.02830423E-02
  1236.3000       1.03335060E-02
  1236.4000       1.03829356E-02
  1236.5000       1.04321834E-02
  1236.6000       1.04803335E-02
  1236.7000       1.05282641E-02
  1236.8000       1.05760928E-02
  1236.9000       1.06235845E-02
  1237.0000       1.06708962E-02
  1237.1000       1.07189545E-02
  1237.2000       1.07669582E-02
  1237.3000       1.08158181E-02
  1237.4000       1.08651165E-02
  1237.5000       1.09155277E-02
  1237.6000       1.09665623E-02
  1237.7000       1.10183946E-02
  1237.8000       1.10706156E-02
  1237.9000       1.11236208E-02
  1238.0000       1.11773252E-02
  1238.1000       1.12309582E-02
  1238.2000       1.12847888E-02
  1238.3000       1.13387247E-02
  1238.4000       1.13924279E-02
  1238.5000       1.14464536E-02
  1238.6000       1.15002658E-02
  1238.7000       1.15540196E-02
  1238.8000       1.16079015E-02
  1238.9000       1.16621729E-02
  1239.0000       1.17162300E-02
  1239.1000       1.17706538E-02
  1239.2000       1.18248517E-02
  1239.3000       1.18793045E-02
  1239.4000       1.19332563E-02
  1239.5000       1.19872101E-02
  1239.6000       1.20409038E-02
  1239.7000       1.20940352E-02
  1239.8000       1.21463743E-02
  1239.9000       1.21980130E-02
  1240.0000       1.22485788E-02
  1240.1000       1.22980036E-02
  1240.2000       1.23463210E-02
  1240.3000       1.23935387E-02
  1240.4000       1.24394780E-02
  1240.5000       1.24842619E-02
  1240.6000       1.25279957E-02
  1240.7000       1.25709269E-02
  1240.8000       1.26134893E-02
  1240.9000       1.26557091E-02
  1241.0000       1.26976767E-02
  1241.1000       1.27401382E-02
  1241.2000       1.27828384E-02
  1241.3000       1.28263872E-02
  1241.4000       1.28708042E-02
  1241.5000       1.29159023E-02
  1241.6000       1.29615182E-02
  1241.7000       1.30079417E-02
  1241.8000       1.30549918E-02
  1241.9000       1.31024813E-02
  1242.0000       1.31505109E-02
  1242.1000       1.31988775E-02
  1242.2000       1.32476518E-02
  1242.3000       1.32967986E-02
  1242.4000       1.33461969E-02
  1242.5000       1.33964508E-02
  1242.6000       1.34468772E-02
  1242.7000       1.34979085E-02
  1242.8000       1.35493003E-02
  1242.9000       1.36012615E-02
  1243.0000       1.36542261E-02
  1243.1000       1.37076720E-02
  1243.2000       1.37622240E-02
  1243.3000       1.38176815E-02
  1243.4000       1.38739105E-02
  1243.5000       1.39311882E-02
  1243.6000       1.39891608E-02
  1243.7000       1.40480159E-02
  1243.8000       1.41074159E-02
  1243.9000       1.41673746E-02
  1244.0000       1.42281449E-02
  1244.1000       1.42894732E-02
  1244.2000       1.43513528E-02
  1244.3000       1.44134268E-02
  1244.4000       1.44759369E-02
  1244.5000       1.45386126E-02
  1244.6000       1.46014346E-02
  1244.7000       1.46645751E-02
  1244.8000       1.47280680E-02
  1244.9000       1.47917902E-02
  1245.0000       1.48556866E-02
  1245.1000       1.49194932E-02
  1245.2000       1.49839550E-02
  1245.3000       1.50486260E-02
  1245.4000       1.51133683E-02
  1245.5000       1.51786404E-02
  1245.6000       1.52443784E-02
  1245.7000       1.53105994E-02
  1245.8000       1.53773443E-02
  1245.9000       1.54442025E-02
  1246.0000       1.55115544E-02
  1246.1000       1.55790699E-02
  1246.2000       1.56465112E-02
  1246.3000       1.57141584E-02
  1246.4000       1.57818517E-02
  1246.5000       1.58495456E-02
  1246.6000       1.59173199E-02
  1246.7000       1.59851146E-02
  1246.8000       1.60532203E-02
  1246.9000       1.61212506E-02
  1247.0000       1.61893136E-02
  1247.1000       1.62574243E-02
  1247.2000       1.63252133E-02
  1247.3000       1.63929578E-02
  1247.4000       1.64602277E-02
  1247.5000       1.65272239E-02
  1247.6000       1.65938258E-02
  1247.7000       1.66601383E-02
  1247.8000       1.67261098E-02
  1247.9000       1.67914724E-02
  1248.0000       1.68568621E-02
  1248.1000       1.69213515E-02
  1248.2000       1.69855473E-02
  1248.3000       1.70489710E-02
  1248.4000       1.71116944E-02
  1248.5000       1.71738204E-02
  1248.6000       1.72354400E-02
  1248.7000       1.72965592E-02
  1248.8000       1.73573915E-02
  1248.9000       1.74183158E-02
  1249.0000       1.74791527E-02
  1249.1000       1.75402548E-02
  1249.2000       1.76016246E-02
  1249.3000       1.76630600E-02
  1249.4000       1.77248953E-02
  1249.5000       1.77869805E-02
  1249.6000       1.78496982E-02
  1249.7000       1.79125085E-02
  1249.8000       1.79758324E-02
  1249.9000       1.80394644E-02
  1250.0000       1.81034826E-02
  1250.1000       1.81678467E-02
  1250.2000       1.82324917E-02
  1250.3000       1.82973413E-02
  1250.4000       1.83624492E-02
  1250.5000       1.84275088E-02
  1250.6000       1.84927723E-02
  1250.7000       1.85582647E-02
  1250.8000       1.86239099E-02
  1250.9000       1.86896971E-02
  1251.0000       1.87553567E-02
  1251.1000       1.88209637E-02
  1251.2000       1.88862673E-02
  1251.3000       1.89515399E-02
  1251.4000       1.90166841E-02
  1251.5000       1.90820977E-02
  1251.6000       1.91478945E-02
  1251.7000       1.92140773E-02
  1251.8000       1.92807057E-02
  1251.9000       1.93477793E-02
  1252.0000       1.94155258E-02
  1252.1000       1.94836379E-02
  1252.2000       1.95522022E-02
  1252.3000       1.96209797E-02
  1252.4000       1.96900769E-02
  1252.5000       1.97592393E-02
  1252.6000       1.98289884E-02
  1252.7000       1.98985113E-02
  1252.8000       1.99682958E-02
  1252.9000       2.00382889E-02
  1253.0000       2.01081074E-02
  1253.1000       2.01778380E-02
  1253.2000       2.02475140E-02
  1253.3000       2.03170715E-02
  1253.4000       2.03858760E-02
  1253.5000       2.04547946E-02
  1253.6000       2.05231422E-02
  1253.7000       2.05909393E-02
  1253.8000       2.06587014E-02
  1253.9000       2.07262899E-02
  1254.0000       2.07940895E-02
  1254.1000       2.08623259E-02
  1254.2000       2.09309293E-02
  1254.3000       2.10001018E-02
  1254.4000       2.10702469E-02
  1254.5000       2.11412100E-02
  1254.6000       2.12133943E-02
  1254.7000       2.12866702E-02
  1254.8000       2.13606364E-02
  1254.9000       2.14359024E-02
  1255.0000       2.15118080E-02
  1255.1000       2.15887375E-02
  1255.2000       2.16665479E-02
  1255.3000       2.17450559E-02
  1255.4000       2.18240382E-02
  1255.5000       2.19035555E-02
  1255.6000       2.19832965E-02
  1255.7000       2.20634221E-02
  1255.8000       2.21439727E-02
  1255.9000       2.22250263E-02
  1256.0000       2.23063357E-02
  1256.1000       2.23879794E-02
  1256.2000       2.24699494E-02
  1256.3000       2.25522301E-02
  1256.4000       2.26348141E-02
  1256.5000       2.27173756E-02
  1256.6000       2.28000423E-02
  1256.7000       2.28824772E-02
  1256.8000       2.29647827E-02
  1256.9000       2.30468124E-02
  1257.0000       2.31281533E-02
  1257.1000       2.32089320E-02
  1257.2000       2.32888033E-02
  1257.3000       2.33678668E-02
  1257.4000       2.34460832E-02
  1257.5000       2.35232508E-02
  1257.6000       2.35998036E-02
  1257.7000       2.36750864E-02
  1257.8000       2.37500120E-02
  1257.9000       2.38239472E-02
  1258.0000       2.38973331E-02
  1258.1000       2.39700218E-02
  1258.2000       2.40420485E-02
  1258.3000       2.41136217E-02
  1258.4000       2.41845826E-02
  1258.5000       2.42549134E-02
  1258.6000       2.43247139E-02
  1258.7000       2.43940939E-02
  1258.8000       2.44629863E-02
  1258.9000       2.45316590E-02
  1259.0000       2.45998274E-02
  1259.1000       2.46676712E-02
  1259.2000       2.47349385E-02
  1259.3000       2.48015281E-02
  1259.4000       2.48680588E-02
  1259.5000       2.49342183E-02
  1259.6000       2.50002906E-02
  1259.7000       2.50664073E-02
  1259.8000       2.51326783E-02
  1259.9000       2.51995453E-02
  1260.0000       2.52669919E-02
  1260.1000       2.53349696E-02
  1260.2000       2.54035880E-02
  1260.3000       2.54727616E-02
  1260.4000       2.55426720E-02
  1260.5000       2.56131333E-02
  1260.6000       2.56838901E-02
  1260.7000       2.57557420E-02
  1260.8000       2.58273062E-02
  1260.9000       2.58994984E-02
  1261.0000       2.59715347E-02
  1261.1000       2.60436583E-02
  1261.2000       2.61154008E-02
  1261.3000       2.61868421E-02
  1261.4000       2.62578804E-02
  1261.5000       2.63286620E-02
  1261.6000       2.63989662E-02
  1261.7000       2.64692233E-02
  1261.8000       2.65395664E-02
  1261.9000       2.66100367E-02
  1262.0000       2.66808450E-02
  1262.1000       2.67519877E-02
  1262.2000       2.68235485E-02
  1262.3000       2.68953493E-02
  1262.4000       2.69672968E-02
  1262.5000       2.70392080E-02
  1262.6000       2.71112016E-02
  1262.7000       2.71828327E-02
  1262.8000       2.72543133E-02
  1262.9000       2.73255518E-02
  1263.0000       2.73963626E-02
  1263.1000       2.74670867E-02
  1263.2000       2.75373724E-02
  1263.3000       2.76077128E-02
  1263.4000       2.76780158E-02
  1263.5000       2.77486935E-02
  1263.6000       2.78199371E-02
  1263.7000       2.78917463E-02
  1263.8000       2.79639934E-02
  1263.9000       2.80369237E-02
  1264.0000       2.81107809E-02
  1264.1000       2.81854808E-02
  1264.2000       2.82607770E-02
  1264.3000       2.83368863E-02
  1264.4000       2.84136186E-02
  1264.5000       2.84913159E-02
  1264.6000       2.85698447E-02
  1264.7000       2.86492979E-02
  1264.8000       2.87290866E-02
  1264.9000       2.88094449E-02
  1265.0000       2.88896254E-02
  1265.1000       2.89700591E-02
  1265.2000       2.90505745E-02
  1265.3000       2.91310544E-02
  1265.4000       2.92116244E-02
  1265.5000       2.92922178E-02
  1265.6000       2.93725126E-02
  1265.7000       2.94528624E-02
  1265.8000       2.95330092E-02
  1265.9000       2.96126919E-02
  1266.0000       2.96922375E-02
  1266.1000       2.97715623E-02
  1266.2000       2.98505219E-02
  1266.3000       2.99293579E-02
  1266.4000       3.00075153E-02
  1266.5000       3.00850904E-02
  1266.6000       3.01621348E-02
  1266.7000       3.02382131E-02
  1266.8000       3.03135252E-02
  1266.9000       3.03880456E-02
  1267.0000       3.04620090E-02
  1267.1000       3.05354221E-02
  1267.2000       3.06085875E-02
  1267.3000       3.06816673E-02
  1267.4000       3.07546421E-02
  1267.5000       3.08275289E-02
  1267.6000       3.09005466E-02
  1267.7000       3.09737131E-02
  1267.8000       3.10467322E-02
  1267.9000       3.11197591E-02
  1268.0000       3.11929183E-02
  1268.1000       3.12657280E-02
  1268.2000       3.13383667E-02
  1268.3000       3.14107471E-02
  1268.4000       3.14826385E-02
  1268.5000       3.15542636E-02
  1268.6000       3.16256314E-02
  1268.7000       3.16962503E-02
  1268.8000       3.17668229E-02
  1268.9000       3.18367225E-02
  1269.0000       3.19064721E-02
  1269.1000       3.19756675E-02
  1269.2000       3.20445984E-02
  1269.3000       3.21135293E-02
  1269.4000       3.21820681E-02
  1269.5000       3.22507563E-02
  1269.6000       3.23194527E-02
  1269.7000       3.23877810E-02
  1269.8000       3.24562308E-02
  1269.9000       3.25248104E-02
  1270.0000       3.25930864E-02
  1270.1000       3.26616292E-02
  1270.2000       3.27300463E-02
  1270.3000       3.27983356E-02
  1270.4000       3.28662777E-02
  1270.5000       3.29337998E-02
  1270.6000       3.30011932E-02
  1270.7000       3.30682669E-02
  1270.8000       3.31352524E-02
  1270.9000       3.32022523E-02
  1271.0000       3.32689632E-02
  1271.1000       3.33355620E-02
  1271.2000       3.34020974E-02
  1271.3000       3.34684787E-02
  1271.4000       3.35355422E-02
  1271.5000       3.36027263E-02
  1271.6000       3.36703259E-02
  1271.7000       3.37381979E-02
  1271.8000       3.38069412E-02
  1271.9000       3.38758593E-02
  1272.0000       3.39450006E-02
  1272.1000       3.40141919E-02
  1272.2000       3.40834499E-02
  1272.3000       3.41520749E-02
  1272.4000       3.42206429E-02
  1272.5000       3.42886326E-02
  1272.6000       3.43566443E-02
  1272.7000       3.44238291E-02
  1272.8000       3.44909658E-02
  1272.9000       3.45576498E-02
  1273.0000       3.46241048E-02
  1273.1000       3.46903093E-02
  1273.2000       3.47563650E-02
  1273.3000       3.48219431E-02
  1273.4000       3.48872533E-02
  1273.5000       3.49520045E-02
  1273.6000       3.50166560E-02
  1273.7000       3.50806088E-02
  1273.8000       3.51442750E-02
  1273.9000       3.52073390E-02
  1274.0000       3.52701168E-02
  1274.1000       3.53323071E-02
  1274.2000       3.53941992E-02
  1274.3000       3.54556879E-02
  1274.4000       3.55169695E-02
  1274.5000       3.55781887E-02
  1274.6000       3.56391820E-02
  1274.7000       3.57004907E-02
  1274.8000       3.57618964E-02
  1274.9000       3.58237144E-02
  1275.0000       3.58854476E-02
  1275.1000       3.59475895E-02
  1275.2000       3.60100599E-02
  1275.3000       3.60727564E-02
  1275.4000       3.61359839E-02
  1275.5000       3.61993211E-02
  1275.6000       3.62628658E-02
  1275.7000       3.63267231E-02
  1275.8000       3.63904822E-02
  1275.9000       3.64542414E-02
  1276.0000       3.65178545E-02
  1276.1000       3.65813139E-02
  1276.2000       3.66443051E-02
  1276.3000       3.67070918E-02
  1276.4000       3.67700411E-02
  1276.5000       3.68326729E-02
  1276.6000       3.68953301E-02
  1276.7000       3.69583792E-02
  1276.8000       3.70218779E-02
  1276.9000       3.70857867E-02
  1277.0000       3.71501354E-02
  1277.1000       3.72150698E-02
  1277.2000       3.72805541E-02
  1277.3000       3.73464872E-02
  1277.4000       3.74127182E-02
  1277.5000       3.74792134E-02
  1277.6000       3.75458596E-02
  1277.7000       3.76126898E-02
  1277.8000       3.76795353E-02
  1277.9000       3.77462664E-02
  1278.0000       3.78127763E-02
  1278.1000       3.78789228E-02
  1278.2000       3.79446360E-02
  1278.3000       3.80100787E-02
  1278.4000       3.80745722E-02
  1278.5000       3.81380904E-02
  1278.6000       3.82009001E-02
  1278.7000       3.82628486E-02
  1278.8000       3.83239112E-02
  1278.9000       3.83846077E-02
  1279.0000       3.84445038E-02
  1279.1000       3.85043551E-02
  1279.2000       3.85640010E-02
  1279.3000       3.86234862E-02
  1279.4000       3.86833597E-02
  1279.5000       3.87433038E-02
  1279.6000       3.88031027E-02
  1279.7000       3.88632918E-02
  1279.8000       3.89238211E-02
  1279.9000       3.89841058E-02
  1280.0000       3.90445553E-02
  1280.1000       3.91050973E-02
  1280.2000       3.91655553E-02
  1280.3000       3.92260463E-02
  1280.4000       3.92861344E-02
  1280.5000       3.93458750E-02
  1280.6000       3.94052272E-02
  1280.7000       3.94645277E-02
  1280.8000       3.95234318E-02
  1280.9000       3.95821863E-02
  1281.0000       3.96407224E-02
  1281.1000       3.96989978E-02
  1281.2000       3.97567726E-02
  1281.3000       3.98145459E-02
  1281.4000       3.98717118E-02
  1281.5000       3.99285015E-02
  1281.6000       3.99848175E-02
  1281.7000       4.00402909E-02
  1281.8000       4.00952413E-02
  1281.9000       4.01493178E-02
  1282.0000       4.02026167E-02
  1282.1000       4.02554373E-02
  1282.2000       4.03075239E-02
  1282.3000       4.03589448E-02
  1282.4000       4.04100574E-02
  1282.5000       4.04609194E-02
  1282.6000       4.05113056E-02
  1282.7000       4.05619312E-02
  1282.8000       4.06124136E-02
  1282.9000       4.06630462E-02
  1283.0000       4.07137697E-02
  1283.1000       4.07647430E-02
  1283.2000       4.08158422E-02
  1283.3000       4.08671715E-02
  1283.4000       4.09185787E-02
  1283.5000       4.09702170E-02
  1283.6000       4.10217076E-02
  1283.7000       4.10732428E-02
  1283.8000       4.11248108E-02
  1283.9000       4.11763251E-02
  1284.0000       4.12276737E-02
  1284.1000       4.12789183E-02
  1284.2000       4.13298397E-02
  1284.3000       4.13807930E-02
  1284.4000       4.14312298E-02
  1284.5000       4.14811080E-02
  1284.6000       4.15302183E-02
  1284.7000       4.15788884E-02
  1284.8000       4.16266964E-02
  1284.9000       4.16740802E-02
  1285.0000       4.17209990E-02
  1285.1000       4.17674563E-02
  1285.2000       4.18133858E-02
  1285.3000       4.18588169E-02
  1285.4000       4.19043556E-02
  1285.5000       4.19496058E-02
  1285.6000       4.19950168E-02
  1285.7000       4.20405003E-02
  1285.8000       4.20863798E-02
  1285.9000       4.21325144E-02
  1286.0000       4.21788959E-02
  1286.1000       4.22254286E-02
  1286.2000       4.22719362E-02
  1286.3000       4.23185724E-02
  1286.4000       4.23649459E-02
  1286.5000       4.24113929E-02
  1286.6000       4.24576315E-02
  1286.7000       4.25032759E-02
  1286.8000       4.25485433E-02
  1286.9000       4.25933988E-02
  1287.0000       4.26378024E-02
  1287.1000       4.26819618E-02
  1287.2000       4.27256709E-02
  1287.3000       4.27692478E-02
  1287.4000       4.28126307E-02
  1287.5000       4.28559326E-02
  1287.6000       4.28994568E-02
  1287.7000       4.29427735E-02
  1287.8000       4.29861317E-02
  1287.9000       4.30291682E-02
  1288.0000       4.30719629E-02
  1288.1000       4.31145161E-02
  1288.2000       4.31567482E-02
  1288.3000       4.31983359E-02
  1288.4000       4.32396340E-02
  1288.5000       4.32804062E-02
  1288.6000       4.33204095E-02
  1288.7000       4.33598145E-02
  1288.8000       4.33983465E-02
  1288.9000       4.34362251E-02
  1289.0000       4.34731841E-02
  1289.1000       4.35094721E-02
  1289.2000       4.35454403E-02
  1289.3000       4.35808376E-02
  1289.4000       4.36160357E-02
  1289.5000       4.36511409E-02
  1289.6000       4.36859940E-02
  1289.7000       4.37209222E-02
  1289.8000       4.37559046E-02
  1289.9000       4.37909094E-02
  1290.0000       4.38257998E-02
  1290.1000       4.38604316E-02
  1290.2000       4.38947110E-02
  1290.3000       4.39289369E-02
  1290.4000       4.39629926E-02
  1290.5000       4.39969943E-02
  1290.6000       4.40306996E-02
  1290.7000       4.40639953E-02
  1290.8000       4.40975482E-02
  1290.9000       4.41307466E-02
  1291.0000       4.41638233E-02
  1291.1000       4.41968215E-02
  1291.2000       4.42293044E-02
  1291.3000       4.42616278E-02
  1291.4000       4.42934039E-02
  1291.5000       4.43248200E-02
  1291.6000       4.43556938E-02
  1291.7000       4.43857081E-02
  1291.8000       4.44151673E-02
  1291.9000       4.44441491E-02
  1292.0000       4.44725353E-02
  1292.1000       4.45003788E-02
  1292.2000       4.45277438E-02
  1292.3000       4.45547652E-02
  1292.4000       4.45812587E-02
  1292.5000       4.46070585E-02
  1292.6000       4.46323612E-02
  1292.7000       4.46570621E-02
  1292.8000       4.46811484E-02
  1292.9000       4.47048740E-02
  1293.0000       4.47280900E-02
  1293.1000       4.47512265E-02
  1293.2000       4.47741129E-02
  1293.3000       4.47968745E-02
  1293.4000       4.48194938E-02
  1293.5000       4.48421768E-02
  1293.6000       4.48647985E-02
  1293.7000       4.48872491E-02
  1293.8000       4.49097428E-02
  1293.9000       4.49318387E-02
  1294.0000       4.49537395E-02
  1294.1000       4.49754308E-02
  1294.2000       4.49967749E-02
  1294.3000       4.50181072E-02
  1294.4000       4.50393075E-02
  1294.5000       4.50603225E-02
  1294.6000       4.50812833E-02
  1294.7000       4.51020677E-02
  1294.8000       4.51227412E-02
  1294.9000       4.51431882E-02
  1295.0000       4.51636365E-02
  1295.1000       4.51836902E-02
  1295.2000       4.52038947E-02
  1295.3000       4.52238377E-02
  1295.4000       4.52436943E-02
  1295.5000       4.52635711E-02
  1295.6000       4.52835406E-02
  1295.7000       4.53036642E-02
  1295.8000       4.53238480E-02
  1295.9000       4.53441225E-02
  1296.0000       4.53644495E-02
  1296.1000       4.53843791E-02
  1296.2000       4.54039976E-02
  1296.3000       4.54230580E-02
  1296.4000       4.54413884E-02
  1296.5000       4.54589369E-02
  1296.6000       4.54754782E-02
  1296.7000       4.54912069E-02
  1296.8000       4.55060934E-02
  1296.9000       4.55201845E-02
  1297.0000       4.55334798E-02
  1297.1000       4.55463070E-02
  1297.2000       4.55587401E-02
  1297.3000       4.55708067E-02
  1297.4000       4.55826118E-02
  1297.5000       4.55941661E-02
  1297.6000       4.56055132E-02
  1297.7000       4.56167890E-02
  1297.8000       4.56275368E-02
  1297.9000       4.56382020E-02
  1298.0000       4.56482605E-02
  1298.1000       4.56580333E-02
  1298.2000       4.56672979E-02
  1298.3000       4.56761170E-02
  1298.4000       4.56843137E-02
  1298.5000       4.56920794E-02
  1298.6000       4.56994929E-02
  1298.7000       4.57063102E-02
  1298.8000       4.57128400E-02
  1298.9000       4.57188062E-02
  1299.0000       4.57245235E-02
  1299.1000       4.57298435E-02
  1299.2000       4.57347590E-02
  1299.3000       4.57392427E-02
  1299.4000       4.57432451E-02
  1299.5000       4.57467582E-02
  1299.6000       4.57495980E-02
  1299.7000       4.57515611E-02
  1299.8000       4.57523588E-02
  1299.9000       4.57518878E-02
  1300.0000       4.57501778E-02
