  2400.1000       3.97678063E-02
  2400.2000       3.97581348E-02
  2400.3000       3.97488941E-02
  2400.4000       3.97436321E-02
  2400.5000       3.97420852E-02
  2400.6000       3.97422346E-02
  2400.7000       3.97435564E-02
  2400.8000       3.97449464E-02
  2400.9000       3.97461264E-02
  2401.0000       3.97463312E-02
  2401.1000       3.97464628E-02
  2401.2000       3.97455688E-02
  2401.3000       3.97412999E-02
  2401.4000       3.97353574E-02
  2401.5000       3.97259829E-02
  2401.6000       3.97127662E-02
  2401.7000       3.96968419E-02
  2401.8000       3.96777972E-02
  2401.9000       3.96538296E-02
  2402.0000       3.96250774E-02
  2402.1000       3.95934125E-02
  2402.2000       3.95619369E-02
  2402.3000       3.95313942E-02
  2402.4000       3.94974813E-02
  2402.5000       3.94611870E-02
  2402.6000       3.94256491E-02
  2402.7000       3.93913998E-02
  2402.8000       3.93537099E-02
  2402.9000       3.93161235E-02
  2403.0000       3.92788916E-02
  2403.1000       3.92404830E-02
  2403.2000       3.92027521E-02
  2403.3000       3.91654182E-02
  2403.4000       3.91308311E-02
  2403.5000       3.90991480E-02
  2403.6000       3.90678234E-02
  2403.7000       3.90401807E-02
  2403.8000       3.90134313E-02
  2403.9000       3.89882618E-02
  2404.0000       3.89662462E-02
  2404.1000       3.89492093E-02
  2404.2000       3.89384040E-02
  2404.3000       3.89266162E-02
  2404.4000       3.89167735E-02
  2404.5000       3.89116637E-02
  2404.6000       3.89075929E-02
  2404.7000       3.89048217E-02
  2404.8000       3.89030338E-02
  2404.9000       3.89032191E-02
  2405.0000       3.89049903E-02
  2405.1000       3.89088161E-02
  2405.2000       3.89178314E-02
  2405.3000       3.89324500E-02
  2405.4000       3.89536018E-02
  2405.5000       3.89802628E-02
  2405.6000       3.90107664E-02
  2405.7000       3.90442052E-02
  2405.8000       3.90793067E-02
  2405.9000       3.91165961E-02
  2406.0000       3.91558328E-02
  2406.1000       3.91974166E-02
  2406.2000       3.92421534E-02
  2406.3000       3.92887887E-02
  2406.4000       3.93367995E-02
  2406.5000       3.93846477E-02
  2406.6000       3.94342564E-02
  2406.7000       3.94865045E-02
  2406.8000       3.95409386E-02
  2406.9000       3.95976844E-02
  2407.0000       3.96574744E-02
  2407.1000       3.97203400E-02
  2407.2000       3.97870087E-02
  2407.3000       3.98549176E-02
  2407.4000       3.99239479E-02
  2407.5000       3.99919607E-02
  2407.6000       4.00618669E-02
  2407.7000       4.01342221E-02
  2407.8000       4.02066281E-02
  2407.9000       4.02804007E-02
  2408.0000       4.03534993E-02
  2408.1000       4.04274870E-02
  2408.2000       4.05025633E-02
  2408.3000       4.05780261E-02
  2408.4000       4.06537124E-02
  2408.5000       4.07298023E-02
  2408.6000       4.08056638E-02
  2408.7000       4.08804226E-02
  2408.8000       4.09556618E-02
  2408.9000       4.10294515E-02
  2409.0000       4.11013431E-02
  2409.1000       4.11711608E-02
  2409.2000       4.12393086E-02
  2409.3000       4.13056337E-02
  2409.4000       4.13686927E-02
  2409.5000       4.14288525E-02
  2409.6000       4.14873145E-02
  2409.7000       4.15456292E-02
  2409.8000       4.16049348E-02
  2409.9000       4.16636796E-02
  2410.0000       4.17208068E-02
  2410.1000       4.17759041E-02
  2410.2000       4.18277120E-02
  2410.3000       4.18746524E-02
  2410.4000       4.19166992E-02
  2410.5000       4.19536708E-02
  2410.6000       4.19854265E-02
  2410.7000       4.20113154E-02
  2410.8000       4.20321705E-02
  2410.9000       4.20472482E-02
  2411.0000       4.20587632E-02
  2411.1000       4.20680390E-02
  2411.2000       4.20767921E-02
  2411.3000       4.20870587E-02
  2411.4000       4.20977134E-02
  2411.5000       4.21079294E-02
  2411.6000       4.21208935E-02
  2411.7000       4.21342410E-02
  2411.8000       4.21484712E-02
  2411.9000       4.21643072E-02
  2412.0000       4.21800608E-02
  2412.1000       4.21961870E-02
  2412.2000       4.22119717E-02
  2412.3000       4.22269721E-02
  2412.4000       4.22431985E-02
  2412.5000       4.22604087E-02
  2412.6000       4.22781341E-02
  2412.7000       4.22978713E-02
  2412.8000       4.23200017E-02
  2412.9000       4.23444434E-02
  2413.0000       4.23706637E-02
  2413.1000       4.23986444E-02
  2413.2000       4.24269065E-02
  2413.3000       4.24544566E-02
  2413.4000       4.24796052E-02
  2413.5000       4.25017439E-02
  2413.6000       4.25215769E-02
  2413.7000       4.25389667E-02
  2413.8000       4.25526035E-02
  2413.9000       4.25631256E-02
  2414.0000       4.25698847E-02
  2414.1000       4.25732067E-02
  2414.2000       4.25736469E-02
  2414.3000       4.25713076E-02
  2414.4000       4.25662260E-02
  2414.5000       4.25588612E-02
  2414.6000       4.25512262E-02
  2414.7000       4.25428361E-02
  2414.8000       4.25352183E-02
  2414.9000       4.25268734E-02
  2415.0000       4.25195628E-02
  2415.1000       4.25106050E-02
  2415.2000       4.25018508E-02
  2415.3000       4.24934047E-02
  2415.4000       4.24823342E-02
  2415.5000       4.24670813E-02
  2415.6000       4.24489459E-02
  2415.7000       4.24309376E-02
  2415.8000       4.24123306E-02
  2415.9000       4.23910774E-02
  2416.0000       4.23665963E-02
  2416.1000       4.23393434E-02
  2416.2000       4.23092738E-02
  2416.3000       4.22761697E-02
  2416.4000       4.22397039E-02
  2416.5000       4.22004390E-02
  2416.6000       4.21578827E-02
  2416.7000       4.21089712E-02
  2416.8000       4.20577399E-02
  2416.9000       4.20106325E-02
  2417.0000       4.19660994E-02
  2417.1000       4.19199433E-02
  2417.2000       4.18738444E-02
  2417.3000       4.18314764E-02
  2417.4000       4.17925068E-02
  2417.5000       4.17560496E-02
  2417.6000       4.17191405E-02
  2417.7000       4.16785841E-02
  2417.8000       4.16361871E-02
  2417.9000       4.15933403E-02
  2418.0000       4.15482732E-02
  2418.1000       4.15071342E-02
  2418.2000       4.14709192E-02
  2418.3000       4.14392709E-02
  2418.4000       4.14105523E-02
  2418.5000       4.13834997E-02
  2418.6000       4.13567449E-02
  2418.7000       4.13293577E-02
  2418.8000       4.13049832E-02
  2418.9000       4.12828245E-02
  2419.0000       4.12619886E-02
  2419.1000       4.12432336E-02
  2419.2000       4.12270462E-02
  2419.3000       4.12137291E-02
  2419.4000       4.12037887E-02
  2419.5000       4.11968335E-02
  2419.6000       4.11928705E-02
  2419.7000       4.11913356E-02
  2419.8000       4.11902563E-02
  2419.9000       4.11896364E-02
  2420.0000       4.11876828E-02
  2420.1000       4.11848313E-02
  2420.2000       4.11799975E-02
  2420.3000       4.11717642E-02
  2420.4000       4.11601110E-02
  2420.5000       4.11466582E-02
  2420.6000       4.11322357E-02
  2420.7000       4.11171357E-02
  2420.8000       4.11010311E-02
  2420.9000       4.10860518E-02
  2421.0000       4.10723501E-02
  2421.1000       4.10596913E-02
  2421.2000       4.10479790E-02
  2421.3000       4.10362310E-02
  2421.4000       4.10242852E-02
  2421.5000       4.10130541E-02
  2421.6000       4.10010271E-02
  2421.7000       4.09886431E-02
  2421.8000       4.09773331E-02
  2421.9000       4.09661595E-02
  2422.0000       4.09547818E-02
  2422.1000       4.09442506E-02
  2422.2000       4.09343013E-02
  2422.3000       4.09227237E-02
  2422.4000       4.09074459E-02
  2422.5000       4.08908604E-02
  2422.6000       4.08718800E-02
  2422.7000       4.08510734E-02
  2422.8000       4.08289842E-02
  2422.9000       4.08052215E-02
  2423.0000       4.07828360E-02
  2423.1000       4.07602606E-02
  2423.2000       4.07383466E-02
  2423.3000       4.07209210E-02
  2423.4000       4.07072081E-02
  2423.5000       4.06966552E-02
  2423.6000       4.06882620E-02
  2423.7000       4.06820873E-02
  2423.8000       4.06786494E-02
  2423.9000       4.06769849E-02
  2424.0000       4.06747163E-02
  2424.1000       4.06722454E-02
  2424.2000       4.06687020E-02
  2424.3000       4.06625932E-02
  2424.4000       4.06552627E-02
  2424.5000       4.06449760E-02
  2424.6000       4.06330942E-02
  2424.7000       4.06198022E-02
  2424.8000       4.06061807E-02
  2424.9000       4.05934894E-02
  2425.0000       4.05796470E-02
  2425.1000       4.05691614E-02
  2425.2000       4.05582651E-02
  2425.3000       4.05496741E-02
  2425.4000       4.05395953E-02
  2425.5000       4.05336335E-02
  2425.6000       4.05285597E-02
  2425.7000       4.05247706E-02
  2425.8000       4.05162015E-02
  2425.9000       4.05105017E-02
  2426.0000       4.05025468E-02
  2426.1000       4.04890882E-02
  2426.2000       4.04730740E-02
  2426.3000       4.04592096E-02
  2426.4000       4.04454728E-02
  2426.5000       4.04290117E-02
  2426.6000       4.04168471E-02
  2426.7000       4.04059028E-02
  2426.8000       4.03920209E-02
  2426.9000       4.03758164E-02
  2427.0000       4.03607027E-02
  2427.1000       4.03476099E-02
  2427.2000       4.03337744E-02
  2427.3000       4.03196168E-02
  2427.4000       4.03073328E-02
  2427.5000       4.02947866E-02
  2427.6000       4.02841491E-02
  2427.7000       4.02777980E-02
  2427.8000       4.02754631E-02
  2427.9000       4.02785453E-02
  2428.0000       4.02840185E-02
  2428.1000       4.02896193E-02
  2428.2000       4.02979661E-02
  2428.3000       4.03096784E-02
  2428.4000       4.03244704E-02
  2428.5000       4.03404915E-02
  2428.6000       4.03559113E-02
  2428.7000       4.03721544E-02
  2428.8000       4.03899565E-02
  2428.9000       4.04077489E-02
  2429.0000       4.04271575E-02
  2429.1000       4.04459788E-02
  2429.2000       4.04641992E-02
  2429.3000       4.04836921E-02
  2429.4000       4.05036412E-02
  2429.5000       4.05206212E-02
  2429.6000       4.05328865E-02
  2429.7000       4.05405410E-02
  2429.8000       4.05449076E-02
  2429.9000       4.05482227E-02
  2430.0000       4.05513673E-02
  2430.1000       4.05534925E-02
  2430.2000       4.05556398E-02
  2430.3000       4.05589504E-02
  2430.4000       4.05626715E-02
  2430.5000       4.05666019E-02
  2430.6000       4.05738673E-02
  2430.7000       4.05843275E-02
  2430.8000       4.05975858E-02
  2430.9000       4.06134730E-02
  2431.0000       4.06315216E-02
  2431.1000       4.06497566E-02
  2431.2000       4.06681338E-02
  2431.3000       4.06858336E-02
  2431.4000       4.07033158E-02
  2431.5000       4.07206333E-02
  2431.6000       4.07381062E-02
  2431.7000       4.07536323E-02
  2431.8000       4.07658751E-02
  2431.9000       4.07755418E-02
  2432.0000       4.07858377E-02
  2432.1000       4.07967273E-02
  2432.2000       4.08079657E-02
  2432.3000       4.08193505E-02
  2432.4000       4.08297598E-02
  2432.5000       4.08395874E-02
  2432.6000       4.08503071E-02
  2432.7000       4.08606625E-02
  2432.8000       4.08696158E-02
  2432.9000       4.08790274E-02
  2433.0000       4.08882992E-02
  2433.1000       4.08967720E-02
  2433.2000       4.09070420E-02
  2433.3000       4.09201385E-02
  2433.4000       4.09362756E-02
  2433.5000       4.09519487E-02
  2433.6000       4.09643687E-02
  2433.7000       4.09741854E-02
  2433.8000       4.09837570E-02
  2433.9000       4.09942522E-02
  2434.0000       4.10055165E-02
  2434.1000       4.10153895E-02
  2434.2000       4.10249738E-02
  2434.3000       4.10368184E-02
  2434.4000       4.10492811E-02
  2434.5000       4.10611228E-02
  2434.6000       4.10752289E-02
  2434.7000       4.10919461E-02
  2434.8000       4.11082298E-02
  2434.9000       4.11186012E-02
  2435.0000       4.11231839E-02
  2435.1000       4.11247046E-02
  2435.2000       4.11290982E-02
  2435.3000       4.11363147E-02
  2435.4000       4.11387139E-02
  2435.5000       4.11317435E-02
  2435.6000       4.11225439E-02
  2435.7000       4.11149896E-02
  2435.8000       4.11123271E-02
  2435.9000       4.11037020E-02
  2436.0000       4.10926339E-02
  2436.1000       4.10845899E-02
  2436.2000       4.10705128E-02
  2436.3000       4.10561929E-02
  2436.4000       4.10449950E-02
  2436.5000       4.10341713E-02
  2436.6000       4.10230343E-02
  2436.7000       4.10119304E-02
  2436.8000       4.10009718E-02
  2436.9000       4.09927373E-02
  2437.0000       4.09906845E-02
  2437.1000       4.09923943E-02
  2437.2000       4.09965377E-02
  2437.3000       4.10014664E-02
  2437.4000       4.10092797E-02
  2437.5000       4.10194136E-02
  2437.6000       4.10275753E-02
  2437.7000       4.10336243E-02
  2437.8000       4.10384340E-02
  2437.9000       4.10413612E-02
  2438.0000       4.10428370E-02
  2438.1000       4.10429646E-02
  2438.2000       4.10408697E-02
  2438.3000       4.10378598E-02
  2438.4000       4.10337148E-02
  2438.5000       4.10283600E-02
  2438.6000       4.10228723E-02
  2438.7000       4.10180962E-02
  2438.8000       4.10146032E-02
  2438.9000       4.10133588E-02
  2439.0000       4.10129335E-02
  2439.1000       4.10132112E-02
  2439.2000       4.10162031E-02
  2439.3000       4.10226612E-02
  2439.4000       4.10322640E-02
  2439.5000       4.10434165E-02
  2439.6000       4.10555040E-02
  2439.7000       4.10686732E-02
  2439.8000       4.10829281E-02
  2439.9000       4.10975967E-02
  2440.0000       4.11129056E-02
  2440.1000       4.11297841E-02
  2440.2000       4.11478660E-02
  2440.3000       4.11674183E-02
  2440.4000       4.11890671E-02
  2440.5000       4.12121194E-02
  2440.6000       4.12375671E-02
  2440.7000       4.12637728E-02
  2440.8000       4.12903953E-02
  2440.9000       4.13149445E-02
  2441.0000       4.13371182E-02
  2441.1000       4.13582063E-02
  2441.2000       4.13757314E-02
  2441.3000       4.13905034E-02
  2441.4000       4.14010987E-02
  2441.5000       4.14082111E-02
  2441.6000       4.14121797E-02
  2441.7000       4.14139004E-02
  2441.8000       4.14143253E-02
  2441.9000       4.14148574E-02
  2442.0000       4.14156928E-02
  2442.1000       4.14164528E-02
  2442.2000       4.14170459E-02
  2442.3000       4.14158224E-02
  2442.4000       4.14104876E-02
  2442.5000       4.14022353E-02
  2442.6000       4.13901372E-02
  2442.7000       4.13759664E-02
  2442.8000       4.13590592E-02
  2442.9000       4.13410955E-02
  2443.0000       4.13228478E-02
  2443.1000       4.13017793E-02
  2443.2000       4.12768602E-02
  2443.3000       4.12489495E-02
  2443.4000       4.12182546E-02
  2443.5000       4.11866119E-02
  2443.6000       4.11567914E-02
  2443.7000       4.11279029E-02
  2443.8000       4.10990881E-02
  2443.9000       4.10716862E-02
  2444.0000       4.10443436E-02
  2444.1000       4.10149653E-02
  2444.2000       4.09817555E-02
  2444.3000       4.09462281E-02
  2444.4000       4.09092587E-02
  2444.5000       4.08712742E-02
  2444.6000       4.08338342E-02
  2444.7000       4.07977233E-02
  2444.8000       4.07634931E-02
  2444.9000       4.07341356E-02
  2445.0000       4.07071347E-02
  2445.1000       4.06789044E-02
  2445.2000       4.06515478E-02
  2445.3000       4.06242724E-02
  2445.4000       4.06004725E-02
  2445.5000       4.05839401E-02
  2445.6000       4.05752476E-02
  2445.7000       4.05732854E-02
  2445.8000       4.05764370E-02
  2445.9000       4.05821405E-02
  2446.0000       4.05873855E-02
  2446.1000       4.05918328E-02
  2446.2000       4.05956026E-02
  2446.3000       4.06001551E-02
  2446.4000       4.06043614E-02
  2446.5000       4.06086475E-02
  2446.6000       4.06144403E-02
  2446.7000       4.06211178E-02
  2446.8000       4.06275584E-02
  2446.9000       4.06321794E-02
  2447.0000       4.06345881E-02
  2447.1000       4.06356116E-02
  2447.2000       4.06367028E-02
  2447.3000       4.06394852E-02
  2447.4000       4.06444328E-02
  2447.5000       4.06515710E-02
  2447.6000       4.06599558E-02
  2447.7000       4.06663287E-02
  2447.8000       4.06688150E-02
  2447.9000       4.06673166E-02
  2448.0000       4.06626314E-02
  2448.1000       4.06582203E-02
  2448.2000       4.06574222E-02
  2448.3000       4.06610964E-02
  2448.4000       4.06696173E-02
  2448.5000       4.06833910E-02
  2448.6000       4.07022526E-02
  2448.7000       4.07246631E-02
  2448.8000       4.07501639E-02
  2448.9000       4.07772118E-02
  2449.0000       4.08046502E-02
  2449.1000       4.08315922E-02
  2449.2000       4.08572536E-02
  2449.3000       4.08792651E-02
  2449.4000       4.08989636E-02
  2449.5000       4.09170217E-02
  2449.6000       4.09333028E-02
  2449.7000       4.09485958E-02
  2449.8000       4.09622462E-02
  2449.9000       4.09741729E-02
  2450.0000       4.09864688E-02
  2450.1000       4.09992629E-02
  2450.2000       4.10107092E-02
  2450.3000       4.10202315E-02
  2450.4000       4.10269023E-02
  2450.5000       4.10312340E-02
  2450.6000       4.10344208E-02
  2450.7000       4.10373447E-02
  2450.8000       4.10382930E-02
  2450.9000       4.10370025E-02
  2451.0000       4.10345679E-02
  2451.1000       4.10314564E-02
  2451.2000       4.10272471E-02
  2451.3000       4.10252279E-02
  2451.4000       4.10258859E-02
  2451.5000       4.10306463E-02
  2451.6000       4.10412310E-02
  2451.7000       4.10556517E-02
  2451.8000       4.10735251E-02
  2451.9000       4.10935304E-02
  2452.0000       4.11144221E-02
  2452.1000       4.11369057E-02
  2452.2000       4.11608470E-02
  2452.3000       4.11841738E-02
  2452.4000       4.12071793E-02
  2452.5000       4.12331993E-02
  2452.6000       4.12631856E-02
  2452.7000       4.12967987E-02
  2452.8000       4.13318426E-02
  2452.9000       4.13681975E-02
  2453.0000       4.14042003E-02
  2453.1000       4.14406160E-02
  2453.2000       4.14773980E-02
  2453.3000       4.15144465E-02
  2453.4000       4.15514117E-02
  2453.5000       4.15867201E-02
  2453.6000       4.16219823E-02
  2453.7000       4.16586952E-02
  2453.8000       4.16954651E-02
  2453.9000       4.17292998E-02
  2454.0000       4.17582942E-02
  2454.1000       4.17849353E-02
  2454.2000       4.18101076E-02
  2454.3000       4.18333746E-02
  2454.4000       4.18563615E-02
  2454.5000       4.18781479E-02
  2454.6000       4.18970441E-02
  2454.7000       4.19137488E-02
  2454.8000       4.19292664E-02
  2454.9000       4.19434519E-02
  2455.0000       4.19544280E-02
  2455.1000       4.19650335E-02
  2455.2000       4.19757508E-02
  2455.3000       4.19870858E-02
  2455.4000       4.19999136E-02
  2455.5000       4.20139446E-02
  2455.6000       4.20295820E-02
  2455.7000       4.20459664E-02
  2455.8000       4.20613473E-02
  2455.9000       4.20768987E-02
  2456.0000       4.20926006E-02
  2456.1000       4.21081597E-02
  2456.2000       4.21223074E-02
  2456.3000       4.21368835E-02
  2456.4000       4.21521248E-02
  2456.5000       4.21684202E-02
  2456.6000       4.21869864E-02
  2456.7000       4.22072518E-02
  2456.8000       4.22297676E-02
  2456.9000       4.22552266E-02
  2457.0000       4.22830916E-02
  2457.1000       4.23124644E-02
  2457.2000       4.23422397E-02
  2457.3000       4.23703000E-02
  2457.4000       4.23972680E-02
  2457.5000       4.24237300E-02
  2457.6000       4.24495816E-02
  2457.7000       4.24754703E-02
  2457.8000       4.25017648E-02
  2457.9000       4.25301878E-02
  2458.0000       4.25603782E-02
  2458.1000       4.25950008E-02
  2458.2000       4.26336228E-02
  2458.3000       4.26742623E-02
  2458.4000       4.27180651E-02
  2458.5000       4.27673190E-02
  2458.6000       4.28198169E-02
  2458.7000       4.28719728E-02
  2458.8000       4.29220746E-02
  2458.9000       4.29710793E-02
  2459.0000       4.30195756E-02
  2459.1000       4.30673158E-02
  2459.2000       4.31121773E-02
  2459.3000       4.31532612E-02
  2459.4000       4.31912809E-02
  2459.5000       4.32271681E-02
  2459.6000       4.32619494E-02
  2459.7000       4.32970609E-02
  2459.8000       4.33323803E-02
  2459.9000       4.33680543E-02
  2460.0000       4.34040279E-02
  2460.1000       4.34401703E-02
  2460.2000       4.34758781E-02
  2460.3000       4.35124545E-02
  2460.4000       4.35480299E-02
  2460.5000       4.35816296E-02
  2460.6000       4.36123326E-02
  2460.7000       4.36401280E-02
  2460.8000       4.36672681E-02
  2460.9000       4.36931519E-02
  2461.0000       4.37171291E-02
  2461.1000       4.37386664E-02
  2461.2000       4.37594376E-02
  2461.3000       4.37800430E-02
  2461.4000       4.38002648E-02
  2461.5000       4.38170622E-02
  2461.6000       4.38322940E-02
  2461.7000       4.38439684E-02
  2461.8000       4.38498045E-02
  2461.9000       4.38504141E-02
  2462.0000       4.38485708E-02
  2462.1000       4.38435664E-02
  2462.2000       4.38364927E-02
  2462.3000       4.38266457E-02
  2462.4000       4.38150666E-02
  2462.5000       4.38019508E-02
  2462.6000       4.37850684E-02
  2462.7000       4.37652431E-02
  2462.8000       4.37424219E-02
  2462.9000       4.37178613E-02
  2463.0000       4.36922233E-02
  2463.1000       4.36660578E-02
  2463.2000       4.36383549E-02
  2463.3000       4.36082200E-02
  2463.4000       4.35734073E-02
  2463.5000       4.35358833E-02
  2463.6000       4.34954636E-02
  2463.7000       4.34518453E-02
  2463.8000       4.34075072E-02
  2463.9000       4.33641097E-02
  2464.0000       4.33220788E-02
  2464.1000       4.32821903E-02
  2464.2000       4.32433097E-02
  2464.3000       4.32055253E-02
  2464.4000       4.31699792E-02
  2464.5000       4.31352006E-02
  2464.6000       4.31012920E-02
  2464.7000       4.30690285E-02
  2464.8000       4.30379472E-02
  2464.9000       4.30078256E-02
  2465.0000       4.29761029E-02
  2465.1000       4.29433516E-02
  2465.2000       4.29110318E-02
  2465.3000       4.28809863E-02
  2465.4000       4.28533635E-02
  2465.5000       4.28269052E-02
  2465.6000       4.28034623E-02
  2465.7000       4.27818934E-02
  2465.8000       4.27621352E-02
  2465.9000       4.27442739E-02
  2466.0000       4.27307655E-02
  2466.1000       4.27220426E-02
  2466.2000       4.27157359E-02
  2466.3000       4.27112392E-02
  2466.4000       4.27065607E-02
  2466.5000       4.26997850E-02
  2466.6000       4.26922765E-02
  2466.7000       4.26834121E-02
  2466.8000       4.26730972E-02
  2466.9000       4.26580147E-02
  2467.0000       4.26412749E-02
  2467.1000       4.26243596E-02
  2467.2000       4.26108389E-02
  2467.3000       4.26023271E-02
  2467.4000       4.25960300E-02
  2467.5000       4.25866222E-02
  2467.6000       4.25703818E-02
  2467.7000       4.25476041E-02
  2467.8000       4.25180470E-02
  2467.9000       4.24815679E-02
  2468.0000       4.24402481E-02
  2468.1000       4.23952858E-02
  2468.2000       4.23485960E-02
  2468.3000       4.23017308E-02
  2468.4000       4.22517234E-02
  2468.5000       4.21961640E-02
  2468.6000       4.21381639E-02
  2468.7000       4.20810587E-02
  2468.8000       4.20236147E-02
  2468.9000       4.19636863E-02
  2469.0000       4.19057470E-02
  2469.1000       4.18552395E-02
  2469.2000       4.18114952E-02
  2469.3000       4.17709913E-02
  2469.4000       4.17320460E-02
  2469.5000       4.16962930E-02
  2469.6000       4.16629221E-02
  2469.7000       4.16292568E-02
  2469.8000       4.15880905E-02
  2469.9000       4.15434269E-02
  2470.0000       4.15000193E-02
  2470.1000       4.14634176E-02
  2470.2000       4.14288298E-02
  2470.3000       4.13949414E-02
  2470.4000       4.13654885E-02
  2470.5000       4.13386649E-02
  2470.6000       4.13078566E-02
  2470.7000       4.12742461E-02
  2470.8000       4.12435933E-02
  2470.9000       4.12178196E-02
  2471.0000       4.11928340E-02
  2471.1000       4.11631268E-02
  2471.2000       4.11307407E-02
  2471.3000       4.11018582E-02
  2471.4000       4.10753100E-02
  2471.5000       4.10517406E-02
  2471.6000       4.10344876E-02
  2471.7000       4.10178978E-02
  2471.8000       4.09989727E-02
  2471.9000       4.09813898E-02
  2472.0000       4.09643098E-02
  2472.1000       4.09462810E-02
  2472.2000       4.09304854E-02
  2472.3000       4.09181841E-02
  2472.4000       4.09075162E-02
  2472.5000       4.08964049E-02
  2472.6000       4.08850705E-02
  2472.7000       4.08750448E-02
  2472.8000       4.08656917E-02
  2472.9000       4.08566649E-02
  2473.0000       4.08443407E-02
  2473.1000       4.08329341E-02
  2473.2000       4.08254412E-02
  2473.3000       4.08171790E-02
  2473.4000       4.08067214E-02
  2473.5000       4.07988775E-02
  2473.6000       4.07930734E-02
  2473.7000       4.07873507E-02
  2473.8000       4.07810162E-02
  2473.9000       4.07763262E-02
  2474.0000       4.07755724E-02
  2474.1000       4.07790055E-02
  2474.2000       4.07844381E-02
  2474.3000       4.07905758E-02
  2474.4000       4.07977036E-02
  2474.5000       4.08068150E-02
  2474.6000       4.08156781E-02
  2474.7000       4.08218271E-02
  2474.8000       4.08253315E-02
  2474.9000       4.08274508E-02
  2475.0000       4.08291073E-02
  2475.1000       4.08314133E-02
  2475.2000       4.08322585E-02
  2475.3000       4.08296926E-02
  2475.4000       4.08244929E-02
  2475.5000       4.08185371E-02
  2475.6000       4.08115396E-02
  2475.7000       4.08030780E-02
  2475.8000       4.07932107E-02
  2475.9000       4.07810240E-02
  2476.0000       4.07676133E-02
  2476.1000       4.07537053E-02
  2476.2000       4.07413770E-02
  2476.3000       4.07302404E-02
  2476.4000       4.07171731E-02
  2476.5000       4.07028190E-02
  2476.6000       4.06896196E-02
  2476.7000       4.06760351E-02
  2476.8000       4.06605649E-02
  2476.9000       4.06416746E-02
  2477.0000       4.06173281E-02
  2477.1000       4.05898958E-02
  2477.2000       4.05610361E-02
  2477.3000       4.05318400E-02
  2477.4000       4.05024330E-02
  2477.5000       4.04728386E-02
  2477.6000       4.04423703E-02
  2477.7000       4.04065073E-02
  2477.8000       4.03662795E-02
  2477.9000       4.03216454E-02
  2478.0000       4.02734362E-02
  2478.1000       4.02220205E-02
  2478.2000       4.01713105E-02
  2478.3000       4.01228754E-02
  2478.4000       4.00755736E-02
  2478.5000       4.00281732E-02
  2478.6000       3.99850579E-02
  2478.7000       3.99457462E-02
  2478.8000       3.99097654E-02
  2478.9000       3.98754584E-02
  2479.0000       3.98409826E-02
  2479.1000       3.98102739E-02
  2479.2000       3.97796929E-02
  2479.3000       3.97468577E-02
  2479.4000       3.97120935E-02
  2479.5000       3.96802179E-02
  2479.6000       3.96541249E-02
  2479.7000       3.96370755E-02
  2479.8000       3.96246337E-02
  2479.9000       3.96115712E-02
  2480.0000       3.95947567E-02
  2480.1000       3.95772053E-02
  2480.2000       3.95589436E-02
  2480.3000       3.95405738E-02
  2480.4000       3.95272684E-02
  2480.5000       3.95199011E-02
  2480.6000       3.95166593E-02
  2480.7000       3.95120732E-02
  2480.8000       3.95029706E-02
  2480.9000       3.94914389E-02
  2481.0000       3.94799559E-02
  2481.1000       3.94688401E-02
  2481.2000       3.94577351E-02
  2481.3000       3.94486140E-02
  2481.4000       3.94430537E-02
  2481.5000       3.94410886E-02
  2481.6000       3.94408369E-02
  2481.7000       3.94406601E-02
  2481.8000       3.94409252E-02
  2481.9000       3.94422267E-02
  2482.0000       3.94429685E-02
  2482.1000       3.94415348E-02
  2482.2000       3.94391563E-02
  2482.3000       3.94370794E-02
  2482.4000       3.94340609E-02
  2482.5000       3.94296159E-02
  2482.6000       3.94251169E-02
  2482.7000       3.94221070E-02
  2482.8000       3.94206806E-02
  2482.9000       3.94199767E-02
  2483.0000       3.94200398E-02
  2483.1000       3.94206046E-02
  2483.2000       3.94225452E-02
  2483.3000       3.94239419E-02
  2483.4000       3.94244416E-02
  2483.5000       3.94254324E-02
  2483.6000       3.94267002E-02
  2483.7000       3.94291581E-02
  2483.8000       3.94316080E-02
  2483.9000       3.94317736E-02
  2484.0000       3.94293907E-02
  2484.1000       3.94284498E-02
  2484.2000       3.94300346E-02
  2484.3000       3.94354267E-02
  2484.4000       3.94451694E-02
  2484.5000       3.94597348E-02
  2484.6000       3.94796235E-02
  2484.7000       3.95042571E-02
  2484.8000       3.95326433E-02
  2484.9000       3.95611272E-02
  2485.0000       3.95908804E-02
  2485.1000       3.96218356E-02
  2485.2000       3.96522562E-02
  2485.3000       3.96821425E-02
  2485.4000       3.97130452E-02
  2485.5000       3.97463392E-02
  2485.6000       3.97807938E-02
  2485.7000       3.98152737E-02
  2485.8000       3.98496117E-02
  2485.9000       3.98819151E-02
  2486.0000       3.99112073E-02
  2486.1000       3.99381129E-02
  2486.2000       3.99644936E-02
  2486.3000       3.99904258E-02
  2486.4000       4.00160386E-02
  2486.5000       4.00415942E-02
  2486.6000       4.00677599E-02
  2486.7000       4.00958014E-02
  2486.8000       4.01259163E-02
  2486.9000       4.01572681E-02
  2487.0000       4.01886914E-02
  2487.1000       4.02211134E-02
  2487.2000       4.02549447E-02
  2487.3000       4.02911576E-02
  2487.4000       4.03262776E-02
  2487.5000       4.03602472E-02
  2487.6000       4.03935927E-02
  2487.7000       4.04260417E-02
  2487.8000       4.04582537E-02
  2487.9000       4.04914074E-02
  2488.0000       4.05238333E-02
  2488.1000       4.05540386E-02
  2488.2000       4.05822657E-02
  2488.3000       4.06070690E-02
  2488.4000       4.06299002E-02
  2488.5000       4.06501375E-02
  2488.6000       4.06645006E-02
  2488.7000       4.06733012E-02
  2488.8000       4.06790567E-02
  2488.9000       4.06802677E-02
  2489.0000       4.06796248E-02
  2489.1000       4.06780156E-02
  2489.2000       4.06726052E-02
  2489.3000       4.06652894E-02
  2489.4000       4.06553468E-02
  2489.5000       4.06424003E-02
  2489.6000       4.06274180E-02
  2489.7000       4.06099533E-02
  2489.8000       4.05899815E-02
  2489.9000       4.05681612E-02
  2490.0000       4.05484120E-02
  2490.1000       4.05308937E-02
  2490.2000       4.05155639E-02
  2490.3000       4.05038003E-02
  2490.4000       4.04939496E-02
  2490.5000       4.04866804E-02
  2490.6000       4.04830056E-02
  2490.7000       4.04826052E-02
  2490.8000       4.04853832E-02
  2490.9000       4.04901078E-02
  2491.0000       4.04963311E-02
  2491.1000       4.05050337E-02
  2491.2000       4.05148206E-02
  2491.3000       4.05255266E-02
  2491.4000       4.05368585E-02
  2491.5000       4.05476868E-02
  2491.6000       4.05574648E-02
  2491.7000       4.05646869E-02
  2491.8000       4.05683497E-02
  2491.9000       4.05671808E-02
  2492.0000       4.05627504E-02
  2492.1000       4.05561482E-02
  2492.2000       4.05481917E-02
  2492.3000       4.05405047E-02
  2492.4000       4.05308693E-02
  2492.5000       4.05178384E-02
  2492.6000       4.05010498E-02
  2492.7000       4.04828264E-02
  2492.8000       4.04678506E-02
  2492.9000       4.04581194E-02
  2493.0000       4.04512338E-02
  2493.1000       4.04458462E-02
  2493.2000       4.04407589E-02
  2493.3000       4.04368967E-02
  2493.4000       4.04320573E-02
  2493.5000       4.04257896E-02
  2493.6000       4.04179235E-02
  2493.7000       4.04059902E-02
  2493.8000       4.03901529E-02
  2493.9000       4.03733436E-02
  2494.0000       4.03573577E-02
  2494.1000       4.03425593E-02
  2494.2000       4.03286529E-02
  2494.3000       4.03175955E-02
  2494.4000       4.03103380E-02
  2494.5000       4.03059312E-02
  2494.6000       4.03025313E-02
  2494.7000       4.02999360E-02
  2494.8000       4.02970544E-02
  2494.9000       4.02905127E-02
  2495.0000       4.02810215E-02
  2495.1000       4.02687908E-02
  2495.2000       4.02522006E-02
  2495.3000       4.02298619E-02
  2495.4000       4.02050664E-02
  2495.5000       4.01782499E-02
  2495.6000       4.01483122E-02
  2495.7000       4.01169558E-02
  2495.8000       4.00809639E-02
  2495.9000       4.00416732E-02
  2496.0000       4.00006000E-02
  2496.1000       3.99601440E-02
  2496.2000       3.99239873E-02
  2496.3000       3.98907073E-02
  2496.4000       3.98593933E-02
  2496.5000       3.98302927E-02
  2496.6000       3.98032377E-02
  2496.7000       3.97790751E-02
  2496.8000       3.97559513E-02
  2496.9000       3.97329189E-02
  2497.0000       3.97095397E-02
  2497.1000       3.96859966E-02
  2497.2000       3.96613834E-02
  2497.3000       3.96353719E-02
  2497.4000       3.96079712E-02
  2497.5000       3.95817260E-02
  2497.6000       3.95589140E-02
  2497.7000       3.95377776E-02
  2497.8000       3.95208411E-02
  2497.9000       3.95082535E-02
  2498.0000       3.94983026E-02
  2498.1000       3.94908329E-02
  2498.2000       3.94861178E-02
  2498.3000       3.94842881E-02
  2498.4000       3.94857219E-02
  2498.5000       3.94891814E-02
  2498.6000       3.94931756E-02
  2498.7000       3.94985602E-02
  2498.8000       3.95060051E-02
  2498.9000       3.95170839E-02
  2499.0000       3.95309625E-02
  2499.1000       3.95481591E-02
  2499.2000       3.95668122E-02
  2499.3000       3.95864678E-02
  2499.4000       3.96052796E-02
  2499.5000       3.96226632E-02
  2499.6000       3.96361597E-02
  2499.7000       3.96470945E-02
  2499.8000       3.96580740E-02
  2499.9000       3.96701748E-02
  2500.0000       3.96841788E-02
  2500.1000       3.97009618E-02
  2500.2000       3.97211567E-02
  2500.3000       3.97443615E-02
  2500.4000       3.97674744E-02
  2500.5000       3.97898610E-02
  2500.6000       3.98114837E-02
  2500.7000       3.98319706E-02
  2500.8000       3.98505993E-02
  2500.9000       3.98687771E-02
  2501.0000       3.98860442E-02
  2501.1000       3.99015842E-02
  2501.2000       3.99175945E-02
  2501.3000       3.99367641E-02
  2501.4000       3.99580564E-02
  2501.5000       3.99781992E-02
  2501.6000       3.99961091E-02
  2501.7000       4.00128879E-02
  2501.8000       4.00283496E-02
  2501.9000       4.00415168E-02
  2502.0000       4.00543389E-02
  2502.1000       4.00646340E-02
  2502.2000       4.00708707E-02
  2502.3000       4.00749646E-02
  2502.4000       4.00776473E-02
  2502.5000       4.00795700E-02
  2502.6000       4.00800365E-02
  2502.7000       4.00804384E-02
  2502.8000       4.00820563E-02
  2502.9000       4.00820286E-02
  2503.0000       4.00811480E-02
  2503.1000       4.00823892E-02
  2503.2000       4.00855960E-02
  2503.3000       4.00895684E-02
  2503.4000       4.00934171E-02
  2503.5000       4.00962881E-02
  2503.6000       4.00978854E-02
  2503.7000       4.00958543E-02
  2503.8000       4.00868915E-02
  2503.9000       4.00733972E-02
  2504.0000       4.00591042E-02
  2504.1000       4.00423378E-02
  2504.2000       4.00221968E-02
  2504.3000       3.99978526E-02
  2504.4000       3.99699992E-02
  2504.5000       3.99450492E-02
  2504.6000       3.99212008E-02
  2504.7000       3.98976623E-02
  2504.8000       3.98746012E-02
  2504.9000       3.98507206E-02
  2505.0000       3.98282209E-02
  2505.1000       3.98080057E-02
  2505.2000       3.97866804E-02
  2505.3000       3.97610200E-02
  2505.4000       3.97314035E-02
  2505.5000       3.97022500E-02
  2505.6000       3.96738778E-02
  2505.7000       3.96486248E-02
  2505.8000       3.96314719E-02
  2505.9000       3.96189822E-02
  2506.0000       3.96059860E-02
  2506.1000       3.95930435E-02
  2506.2000       3.95795119E-02
  2506.3000       3.95658345E-02
  2506.4000       3.95540629E-02
  2506.5000       3.95454418E-02
  2506.6000       3.95379806E-02
  2506.7000       3.95294713E-02
  2506.8000       3.95170303E-02
  2506.9000       3.94984373E-02
  2507.0000       3.94739059E-02
  2507.1000       3.94443338E-02
  2507.2000       3.94138133E-02
  2507.3000       3.93809300E-02
  2507.4000       3.93522655E-02
  2507.5000       3.93184244E-02
  2507.6000       3.92790644E-02
  2507.7000       3.92355267E-02
  2507.8000       3.91896027E-02
  2507.9000       3.91431793E-02
  2508.0000       3.90989270E-02
  2508.1000       3.90597905E-02
  2508.2000       3.90267108E-02
  2508.3000       3.89991258E-02
  2508.4000       3.89732298E-02
  2508.5000       3.89466581E-02
  2508.6000       3.89177240E-02
  2508.7000       3.88858140E-02
  2508.8000       3.88535079E-02
  2508.9000       3.88220048E-02
  2509.0000       3.87914513E-02
  2509.1000       3.87636702E-02
  2509.2000       3.87379409E-02
  2509.3000       3.87104381E-02
  2509.4000       3.86851786E-02
  2509.5000       3.86622937E-02
  2509.6000       3.86430181E-02
  2509.7000       3.86247190E-02
  2509.8000       3.86063005E-02
  2509.9000       3.85902176E-02
  2510.0000       3.85800276E-02
  2510.1000       3.85772231E-02
  2510.2000       3.85835674E-02
  2510.3000       3.85964656E-02
  2510.4000       3.86097339E-02
  2510.5000       3.86265775E-02
  2510.6000       3.86459486E-02
  2510.7000       3.86682404E-02
  2510.8000       3.86926802E-02
  2510.9000       3.87210852E-02
  2511.0000       3.87503270E-02
  2511.1000       3.87796655E-02
  2511.2000       3.88091216E-02
  2511.3000       3.88360742E-02
  2511.4000       3.88615492E-02
  2511.5000       3.88892648E-02
  2511.6000       3.89189023E-02
  2511.7000       3.89484560E-02
  2511.8000       3.89771681E-02
  2511.9000       3.90076211E-02
  2512.0000       3.90400972E-02
  2512.1000       3.90747318E-02
  2512.2000       3.91158771E-02
  2512.3000       3.91630585E-02
  2512.4000       3.92126929E-02
  2512.5000       3.92640641E-02
  2512.6000       3.93157125E-02
  2512.7000       3.93593280E-02
  2512.8000       3.93961656E-02
  2512.9000       3.94322925E-02
  2513.0000       3.94649051E-02
  2513.1000       3.94947983E-02
  2513.2000       3.95258545E-02
  2513.3000       3.95536228E-02
  2513.4000       3.95783497E-02
  2513.5000       3.96022293E-02
  2513.6000       3.96237177E-02
  2513.7000       3.96426250E-02
  2513.8000       3.96635486E-02
  2513.9000       3.96825955E-02
  2514.0000       3.96987333E-02
  2514.1000       3.97134403E-02
  2514.2000       3.97243385E-02
  2514.3000       3.97309413E-02
  2514.4000       3.97316685E-02
  2514.5000       3.97278065E-02
  2514.6000       3.97210382E-02
  2514.7000       3.97111619E-02
  2514.8000       3.96973798E-02
  2514.9000       3.96788092E-02
  2515.0000       3.96560175E-02
  2515.1000       3.96312959E-02
  2515.2000       3.96029291E-02
  2515.3000       3.95703041E-02
  2515.4000       3.95377313E-02
  2515.5000       3.95065784E-02
  2515.6000       3.94765687E-02
  2515.7000       3.94479351E-02
  2515.8000       3.94230709E-02
  2515.9000       3.94014304E-02
  2516.0000       3.93826453E-02
  2516.1000       3.93667146E-02
  2516.2000       3.93524281E-02
  2516.3000       3.93407971E-02
  2516.4000       3.93335354E-02
  2516.5000       3.93286304E-02
  2516.6000       3.93242259E-02
  2516.7000       3.93209614E-02
  2516.8000       3.93183382E-02
  2516.9000       3.93139142E-02
  2517.0000       3.93084502E-02
  2517.1000       3.93036113E-02
  2517.2000       3.93004693E-02
  2517.3000       3.92998491E-02
  2517.4000       3.93039411E-02
  2517.5000       3.93114468E-02
  2517.6000       3.93218245E-02
  2517.7000       3.93348698E-02
  2517.8000       3.93498485E-02
  2517.9000       3.93655002E-02
  2518.0000       3.93815742E-02
  2518.1000       3.93965799E-02
  2518.2000       3.94085179E-02
  2518.3000       3.94218499E-02
  2518.4000       3.94394150E-02
  2518.5000       3.94592206E-02
  2518.6000       3.94800976E-02
  2518.7000       3.94996319E-02
  2518.8000       3.95179024E-02
  2518.9000       3.95359234E-02
  2519.0000       3.95546800E-02
  2519.1000       3.95741240E-02
  2519.2000       3.95939092E-02
  2519.3000       3.96144056E-02
  2519.4000       3.96374736E-02
  2519.5000       3.96632745E-02
  2519.6000       3.96887127E-02
  2519.7000       3.97111019E-02
  2519.8000       3.97298434E-02
  2519.9000       3.97460652E-02
  2520.0000       3.97603635E-02
  2520.1000       3.97742423E-02
  2520.2000       3.97880540E-02
  2520.3000       3.98006088E-02
  2520.4000       3.98106581E-02
  2520.5000       3.98180430E-02
  2520.6000       3.98252223E-02
  2520.7000       3.98353374E-02
  2520.8000       3.98482312E-02
  2520.9000       3.98638341E-02
  2521.0000       3.98789028E-02
  2521.1000       3.98925068E-02
  2521.2000       3.99065167E-02
  2521.3000       3.99204995E-02
  2521.4000       3.99359390E-02
  2521.5000       3.99546222E-02
  2521.6000       3.99773832E-02
  2521.7000       4.00021527E-02
  2521.8000       4.00262085E-02
  2521.9000       4.00497390E-02
  2522.0000       4.00739169E-02
  2522.1000       4.00987704E-02
  2522.2000       4.01245651E-02
  2522.3000       4.01494665E-02
  2522.4000       4.01716120E-02
  2522.5000       4.01889449E-02
  2522.6000       4.02003173E-02
  2522.7000       4.02062489E-02
  2522.8000       4.02069901E-02
  2522.9000       4.02025353E-02
  2523.0000       4.01967499E-02
  2523.1000       4.01901180E-02
  2523.2000       4.01825984E-02
  2523.3000       4.01738385E-02
  2523.4000       4.01636350E-02
  2523.5000       4.01521014E-02
  2523.6000       4.01375613E-02
  2523.7000       4.01222120E-02
  2523.8000       4.01065359E-02
  2523.9000       4.00900166E-02
  2524.0000       4.00715315E-02
  2524.1000       4.00519550E-02
  2524.2000       4.00320664E-02
  2524.3000       4.00116905E-02
  2524.4000       3.99916313E-02
  2524.5000       3.99711485E-02
  2524.6000       3.99498811E-02
  2524.7000       3.99277784E-02
  2524.8000       3.99015814E-02
  2524.9000       3.98713149E-02
  2525.0000       3.98397189E-02
  2525.1000       3.98063528E-02
  2525.2000       3.97714857E-02
  2525.3000       3.97356145E-02
  2525.4000       3.97002471E-02
  2525.5000       3.96657128E-02
  2525.6000       3.96327784E-02
  2525.7000       3.96000476E-02
  2525.8000       3.95650896E-02
  2525.9000       3.95317519E-02
  2526.0000       3.94991629E-02
  2526.1000       3.94676579E-02
  2526.2000       3.94361889E-02
  2526.3000       3.93981407E-02
  2526.4000       3.93544969E-02
  2526.5000       3.93062874E-02
  2526.6000       3.92519898E-02
  2526.7000       3.91966601E-02
  2526.8000       3.91475713E-02
  2526.9000       3.91050750E-02
  2527.0000       3.90663806E-02
  2527.1000       3.90224309E-02
  2527.2000       3.89762956E-02
  2527.3000       3.89313868E-02
  2527.4000       3.88849999E-02
  2527.5000       3.88346043E-02
  2527.6000       3.87802897E-02
  2527.7000       3.87183724E-02
  2527.8000       3.86473783E-02
  2527.9000       3.85746150E-02
  2528.0000       3.85030991E-02
  2528.1000       3.84324973E-02
  2528.2000       3.83588845E-02
  2528.3000       3.82843264E-02
  2528.4000       3.82079238E-02
  2528.5000       3.81317411E-02
  2528.6000       3.80606609E-02
  2528.7000       3.79944455E-02
  2528.8000       3.79355663E-02
  2528.9000       3.78849342E-02
  2529.0000       3.78407768E-02
  2529.1000       3.78020838E-02
  2529.2000       3.77637298E-02
  2529.3000       3.77250674E-02
  2529.4000       3.76863309E-02
  2529.5000       3.76446691E-02
  2529.6000       3.76012050E-02
  2529.7000       3.75584590E-02
  2529.8000       3.75203095E-02
  2529.9000       3.74887092E-02
  2530.0000       3.74613818E-02
  2530.1000       3.74398736E-02
  2530.2000       3.74249902E-02
  2530.3000       3.74145953E-02
  2530.4000       3.74044677E-02
  2530.5000       3.73951124E-02
  2530.6000       3.73882719E-02
  2530.7000       3.73847867E-02
  2530.8000       3.73845074E-02
  2530.9000       3.73900784E-02
  2531.0000       3.74003859E-02
  2531.1000       3.74128040E-02
  2531.2000       3.74284797E-02
  2531.3000       3.74467387E-02
  2531.4000       3.74681825E-02
  2531.5000       3.74933861E-02
  2531.6000       3.75228350E-02
  2531.7000       3.75553307E-02
  2531.8000       3.75890788E-02
  2531.9000       3.76262666E-02
  2532.0000       3.76651725E-02
  2532.1000       3.77049458E-02
  2532.2000       3.77475199E-02
  2532.3000       3.77932774E-02
  2532.4000       3.78417755E-02
  2532.5000       3.78910030E-02
  2532.6000       3.79404479E-02
  2532.7000       3.79890993E-02
  2532.8000       3.80375793E-02
  2532.9000       3.80849127E-02
  2533.0000       3.81298439E-02
  2533.1000       3.81704810E-02
  2533.2000       3.82077301E-02
  2533.3000       3.82426132E-02
  2533.4000       3.82738816E-02
  2533.5000       3.83015930E-02
  2533.6000       3.83252902E-02
  2533.7000       3.83464161E-02
  2533.8000       3.83662858E-02
  2533.9000       3.83847502E-02
  2534.0000       3.84041938E-02
  2534.1000       3.84274551E-02
  2534.2000       3.84514993E-02
  2534.3000       3.84746305E-02
  2534.4000       3.84963313E-02
  2534.5000       3.85163624E-02
  2534.6000       3.85337120E-02
  2534.7000       3.85499112E-02
  2534.8000       3.85666623E-02
  2534.9000       3.85830862E-02
  2535.0000       3.85975677E-02
  2535.1000       3.86086266E-02
  2535.2000       3.86159359E-02
  2535.3000       3.86189510E-02
  2535.4000       3.86206776E-02
  2535.5000       3.86207348E-02
  2535.6000       3.86192520E-02
  2535.7000       3.86154957E-02
  2535.8000       3.86112316E-02
  2535.9000       3.86054921E-02
  2536.0000       3.86002361E-02
  2536.1000       3.85956241E-02
  2536.2000       3.85914688E-02
  2536.3000       3.85873827E-02
  2536.4000       3.85846023E-02
  2536.5000       3.85829362E-02
  2536.6000       3.85839248E-02
  2536.7000       3.85865446E-02
  2536.8000       3.85896177E-02
  2536.9000       3.85909927E-02
  2537.0000       3.85911446E-02
  2537.1000       3.85911004E-02
  2537.2000       3.85926617E-02
  2537.3000       3.85961774E-02
  2537.4000       3.86021267E-02
  2537.5000       3.86072639E-02
  2537.6000       3.86104218E-02
  2537.7000       3.86120412E-02
  2537.8000       3.86134737E-02
  2537.9000       3.86149368E-02
  2538.0000       3.86174660E-02
  2538.1000       3.86235199E-02
  2538.2000       3.86344604E-02
  2538.3000       3.86478098E-02
  2538.4000       3.86623420E-02
  2538.5000       3.86757758E-02
  2538.6000       3.86882638E-02
  2538.7000       3.86965379E-02
  2538.8000       3.87039337E-02
  2538.9000       3.87124783E-02
  2539.0000       3.87213172E-02
  2539.1000       3.87321789E-02
  2539.2000       3.87462575E-02
  2539.3000       3.87636899E-02
  2539.4000       3.87839844E-02
  2539.5000       3.88035496E-02
  2539.6000       3.88223082E-02
  2539.7000       3.88411731E-02
  2539.8000       3.88599899E-02
  2539.9000       3.88781505E-02
  2540.0000       3.88951113E-02
  2540.1000       3.89116468E-02
  2540.2000       3.89284266E-02
  2540.3000       3.89453669E-02
  2540.4000       3.89606148E-02
  2540.5000       3.89738276E-02
  2540.6000       3.89847910E-02
  2540.7000       3.89936889E-02
  2540.8000       3.90006818E-02
  2540.9000       3.90078932E-02
  2541.0000       3.90165856E-02
  2541.1000       3.90288818E-02
  2541.2000       3.90429882E-02
  2541.3000       3.90598034E-02
  2541.4000       3.90795192E-02
  2541.5000       3.91031943E-02
  2541.6000       3.91305592E-02
  2541.7000       3.91590850E-02
  2541.8000       3.91891383E-02
  2541.9000       3.92201224E-02
  2542.0000       3.92514254E-02
  2542.1000       3.92828332E-02
  2542.2000       3.93141640E-02
  2542.3000       3.93462825E-02
  2542.4000       3.93785610E-02
  2542.5000       3.94108276E-02
  2542.6000       3.94411164E-02
  2542.7000       3.94683043E-02
  2542.8000       3.94922098E-02
  2542.9000       3.95142042E-02
  2543.0000       3.95361128E-02
  2543.1000       3.95579535E-02
  2543.2000       3.95783274E-02
  2543.3000       3.95981166E-02
  2543.4000       3.96153170E-02
  2543.5000       3.96290833E-02
  2543.6000       3.96385242E-02
  2543.7000       3.96429689E-02
  2543.8000       3.96450309E-02
  2543.9000       3.96477237E-02
  2544.0000       3.96514243E-02
  2544.1000       3.96562380E-02
  2544.2000       3.96638652E-02
  2544.3000       3.96719962E-02
  2544.4000       3.96790821E-02
  2544.5000       3.96866345E-02
  2544.6000       3.96961342E-02
  2544.7000       3.97076105E-02
  2544.8000       3.97177958E-02
  2544.9000       3.97238856E-02
  2545.0000       3.97255995E-02
  2545.1000       3.97219521E-02
  2545.2000       3.97126059E-02
  2545.3000       3.96997800E-02
  2545.4000       3.96828589E-02
  2545.5000       3.96606799E-02
  2545.6000       3.96328154E-02
  2545.7000       3.96016914E-02
  2545.8000       3.95711373E-02
  2545.9000       3.95405042E-02
  2546.0000       3.95092388E-02
  2546.1000       3.94788823E-02
  2546.2000       3.94478058E-02
  2546.3000       3.94176842E-02
  2546.4000       3.93899055E-02
  2546.5000       3.93632817E-02
  2546.6000       3.93370673E-02
  2546.7000       3.93092484E-02
  2546.8000       3.92823165E-02
  2546.9000       3.92592812E-02
  2547.0000       3.92393837E-02
  2547.1000       3.92206512E-02
  2547.2000       3.92009244E-02
  2547.3000       3.91825419E-02
  2547.4000       3.91680863E-02
  2547.5000       3.91558748E-02
  2547.6000       3.91459598E-02
  2547.7000       3.91383856E-02
  2547.8000       3.91344142E-02
  2547.9000       3.91318387E-02
  2548.0000       3.91280478E-02
  2548.1000       3.91215430E-02
  2548.2000       3.91119446E-02
  2548.3000       3.90989873E-02
  2548.4000       3.90824697E-02
  2548.5000       3.90634223E-02
  2548.6000       3.90411463E-02
  2548.7000       3.90178624E-02
  2548.8000       3.89931530E-02
  2548.9000       3.89657064E-02
  2549.0000       3.89356888E-02
  2549.1000       3.89024179E-02
  2549.2000       3.88664821E-02
  2549.3000       3.88286574E-02
  2549.4000       3.87890787E-02
  2549.5000       3.87474162E-02
  2549.6000       3.87054342E-02
  2549.7000       3.86639447E-02
  2549.8000       3.86238227E-02
  2549.9000       3.85852903E-02
  2550.0000       3.85483147E-02
  2550.1000       3.85103615E-02
  2550.2000       3.84723662E-02
  2550.3000       3.84360211E-02
  2550.4000       3.84034701E-02
  2550.5000       3.83742694E-02
  2550.6000       3.83492449E-02
  2550.7000       3.83276346E-02
  2550.8000       3.83068629E-02
  2550.9000       3.82882389E-02
  2551.0000       3.82738911E-02
  2551.1000       3.82641668E-02
  2551.2000       3.82574836E-02
  2551.3000       3.82535725E-02
  2551.4000       3.82524084E-02
  2551.5000       3.82527204E-02
  2551.6000       3.82540312E-02
  2551.7000       3.82565054E-02
  2551.8000       3.82582354E-02
  2551.9000       3.82613163E-02
  2552.0000       3.82666546E-02
  2552.1000       3.82747857E-02
  2552.2000       3.82843741E-02
  2552.3000       3.82963112E-02
  2552.4000       3.83099034E-02
  2552.5000       3.83236324E-02
  2552.6000       3.83383838E-02
  2552.7000       3.83561871E-02
  2552.8000       3.83782505E-02
  2552.9000       3.84046647E-02
  2553.0000       3.84334429E-02
  2553.1000       3.84656702E-02
  2553.2000       3.85032357E-02
  2553.3000       3.85431702E-02
  2553.4000       3.85861673E-02
  2553.5000       3.86327359E-02
  2553.6000       3.86809409E-02
  2553.7000       3.87292194E-02
  2553.8000       3.87782500E-02
  2553.9000       3.88267098E-02
  2554.0000       3.88712997E-02
  2554.1000       3.89116708E-02
  2554.2000       3.89476458E-02
  2554.3000       3.89797812E-02
  2554.4000       3.90073115E-02
  2554.5000       3.90293559E-02
  2554.6000       3.90483861E-02
  2554.7000       3.90658245E-02
  2554.8000       3.90824857E-02
  2554.9000       3.90982730E-02
  2555.0000       3.91112532E-02
  2555.1000       3.91194149E-02
  2555.2000       3.91258309E-02
  2555.3000       3.91320435E-02
  2555.4000       3.91385771E-02
  2555.5000       3.91421003E-02
  2555.6000       3.91438460E-02
  2555.7000       3.91449186E-02
  2555.8000       3.91462557E-02
  2555.9000       3.91471813E-02
  2556.0000       3.91487431E-02
  2556.1000       3.91519987E-02
  2556.2000       3.91562473E-02
  2556.3000       3.91607801E-02
  2556.4000       3.91646808E-02
  2556.5000       3.91678788E-02
  2556.6000       3.91727194E-02
  2556.7000       3.91757553E-02
  2556.8000       3.91786515E-02
  2556.9000       3.91793392E-02
  2557.0000       3.91793651E-02
  2557.1000       3.91766734E-02
  2557.2000       3.91743133E-02
  2557.3000       3.91735251E-02
  2557.4000       3.91686867E-02
  2557.5000       3.91591490E-02
  2557.6000       3.91453018E-02
  2557.7000       3.91267185E-02
  2557.8000       3.91026167E-02
  2557.9000       3.90737274E-02
  2558.0000       3.90401286E-02
  2558.1000       3.90029907E-02
  2558.2000       3.89641367E-02
  2558.3000       3.89242963E-02
  2558.4000       3.88820899E-02
  2558.5000       3.88387691E-02
  2558.6000       3.87970645E-02
  2558.7000       3.87550208E-02
  2558.8000       3.87121492E-02
  2558.9000       3.86704430E-02
  2559.0000       3.86290216E-02
  2559.1000       3.85879123E-02
  2559.2000       3.85477829E-02
  2559.3000       3.85070173E-02
  2559.4000       3.84631567E-02
  2559.5000       3.84213651E-02
  2559.6000       3.83853913E-02
  2559.7000       3.83571145E-02
  2559.8000       3.83350930E-02
  2559.9000       3.83157560E-02
  2560.0000       3.82989025E-02
  2560.1000       3.82852914E-02
  2560.2000       3.82756813E-02
  2560.3000       3.82695697E-02
  2560.4000       3.82651575E-02
  2560.5000       3.82617825E-02
  2560.6000       3.82596479E-02
  2560.7000       3.82581774E-02
  2560.8000       3.82582982E-02
  2560.9000       3.82597495E-02
  2561.0000       3.82617096E-02
  2561.1000       3.82640281E-02
  2561.2000       3.82675680E-02
  2561.3000       3.82744519E-02
  2561.4000       3.82833972E-02
  2561.5000       3.82923924E-02
  2561.6000       3.83003620E-02
  2561.7000       3.83077909E-02
  2561.8000       3.83164137E-02
  2561.9000       3.83252103E-02
  2562.0000       3.83325960E-02
  2562.1000       3.83391324E-02
  2562.2000       3.83441681E-02
  2562.3000       3.83474867E-02
  2562.4000       3.83497805E-02
  2562.5000       3.83510369E-02
  2562.6000       3.83522251E-02
  2562.7000       3.83541477E-02
  2562.8000       3.83578181E-02
  2562.9000       3.83615703E-02
  2563.0000       3.83644378E-02
  2563.1000       3.83687307E-02
  2563.2000       3.83742110E-02
  2563.3000       3.83810563E-02
  2563.4000       3.83901976E-02
  2563.5000       3.83995407E-02
  2563.6000       3.84087224E-02
  2563.7000       3.84163177E-02
  2563.8000       3.84223495E-02
  2563.9000       3.84274252E-02
  2564.0000       3.84324339E-02
  2564.1000       3.84354561E-02
  2564.2000       3.84357691E-02
  2564.3000       3.84329767E-02
  2564.4000       3.84263394E-02
  2564.5000       3.84165611E-02
  2564.6000       3.84041483E-02
  2564.7000       3.83884511E-02
  2564.8000       3.83691347E-02
  2564.9000       3.83466177E-02
  2565.0000       3.83209564E-02
  2565.1000       3.82899473E-02
  2565.2000       3.82521640E-02
  2565.3000       3.82096798E-02
  2565.4000       3.81656952E-02
  2565.5000       3.81218052E-02
  2565.6000       3.80789537E-02
  2565.7000       3.80419845E-02
  2565.8000       3.80097421E-02
  2565.9000       3.79785172E-02
  2566.0000       3.79501348E-02
  2566.1000       3.79268763E-02
  2566.2000       3.79108946E-02
  2566.3000       3.79021977E-02
  2566.4000       3.78866389E-02
  2566.5000       3.78710602E-02
  2566.6000       3.78634287E-02
  2566.7000       3.78552463E-02
  2566.8000       3.78468860E-02
  2566.9000       3.78411727E-02
  2567.0000       3.78361466E-02
  2567.1000       3.78345516E-02
  2567.2000       3.78387467E-02
  2567.3000       3.78486925E-02
  2567.4000       3.78640414E-02
  2567.5000       3.78842549E-02
  2567.6000       3.79070328E-02
  2567.7000       3.79293254E-02
  2567.8000       3.79494405E-02
  2567.9000       3.79674883E-02
  2568.0000       3.79862716E-02
  2568.1000       3.80089493E-02
  2568.2000       3.80362975E-02
  2568.3000       3.80655192E-02
  2568.4000       3.80950299E-02
  2568.5000       3.81240523E-02
  2568.6000       3.81515983E-02
  2568.7000       3.81766831E-02
  2568.8000       3.81979863E-02
  2568.9000       3.82151991E-02
  2569.0000       3.82278548E-02
  2569.1000       3.82367427E-02
  2569.2000       3.82428367E-02
  2569.3000       3.82507634E-02
  2569.4000       3.82624915E-02
  2569.5000       3.82796153E-02
  2569.6000       3.83025667E-02
  2569.7000       3.83285370E-02
  2569.8000       3.83535734E-02
  2569.9000       3.83744911E-02
  2570.0000       3.83902343E-02
  2570.1000       3.84023087E-02
  2570.2000       3.84109806E-02
  2570.3000       3.84144259E-02
  2570.4000       3.84127770E-02
  2570.5000       3.84063250E-02
  2570.6000       3.83996582E-02
  2570.7000       3.83957485E-02
  2570.8000       3.83901825E-02
  2570.9000       3.83832044E-02
  2571.0000       3.83771473E-02
  2571.1000       3.83750568E-02
  2571.2000       3.83769198E-02
  2571.3000       3.83816522E-02
  2571.4000       3.83868784E-02
  2571.5000       3.83917909E-02
  2571.6000       3.83961286E-02
  2571.7000       3.84000903E-02
  2571.8000       3.84032687E-02
  2571.9000       3.84075419E-02
  2572.0000       3.84132707E-02
  2572.1000       3.84200683E-02
  2572.2000       3.84293521E-02
  2572.3000       3.84421236E-02
  2572.4000       3.84577750E-02
  2572.5000       3.84749003E-02
  2572.6000       3.84927212E-02
  2572.7000       3.85119030E-02
  2572.8000       3.85328245E-02
  2572.9000       3.85547187E-02
  2573.0000       3.85771137E-02
  2573.1000       3.86005846E-02
  2573.2000       3.86263239E-02
  2573.3000       3.86536372E-02
  2573.4000       3.86823843E-02
  2573.5000       3.87138044E-02
  2573.6000       3.87465423E-02
  2573.7000       3.87818004E-02
  2573.8000       3.88205526E-02
  2573.9000       3.88612964E-02
  2574.0000       3.89020232E-02
  2574.1000       3.89405870E-02
  2574.2000       3.89760610E-02
  2574.3000       3.90074724E-02
  2574.4000       3.90386475E-02
  2574.5000       3.90712349E-02
  2574.6000       3.91044021E-02
  2574.7000       3.91370485E-02
  2574.8000       3.91688038E-02
  2574.9000       3.91986208E-02
  2575.0000       3.92254466E-02
  2575.1000       3.92496125E-02
  2575.2000       3.92718501E-02
  2575.3000       3.92943451E-02
  2575.4000       3.93188179E-02
  2575.5000       3.93464078E-02
  2575.6000       3.93744335E-02
  2575.7000       3.94034445E-02
  2575.8000       3.94325538E-02
  2575.9000       3.94596391E-02
  2576.0000       3.94838035E-02
  2576.1000       3.95062958E-02
  2576.2000       3.95273128E-02
  2576.3000       3.95466757E-02
  2576.4000       3.95652252E-02
  2576.5000       3.95825332E-02
  2576.6000       3.95996405E-02
  2576.7000       3.96189584E-02
  2576.8000       3.96402966E-02
  2576.9000       3.96651004E-02
  2577.0000       3.96945034E-02
  2577.1000       3.97267619E-02
  2577.2000       3.97596178E-02
  2577.3000       3.97920987E-02
  2577.4000       3.98249256E-02
  2577.5000       3.98595435E-02
  2577.6000       3.98970901E-02
  2577.7000       3.99377174E-02
  2577.8000       3.99792227E-02
  2577.9000       4.00210307E-02
  2578.0000       4.00602667E-02
  2578.1000       4.00929252E-02
  2578.2000       4.01214380E-02
  2578.3000       4.01506734E-02
  2578.4000       4.01832560E-02
  2578.5000       4.02182660E-02
  2578.6000       4.02578020E-02
  2578.7000       4.02955771E-02
  2578.8000       4.03344187E-02
  2578.9000       4.03716670E-02
  2579.0000       4.04068432E-02
  2579.1000       4.04428328E-02
  2579.2000       4.04786673E-02
  2579.3000       4.05150024E-02
  2579.4000       4.05513875E-02
  2579.5000       4.05897647E-02
  2579.6000       4.06280434E-02
  2579.7000       4.06629896E-02
  2579.8000       4.06976058E-02
  2579.9000       4.07282567E-02
  2580.0000       4.07553104E-02
  2580.1000       4.07802923E-02
  2580.2000       4.08025620E-02
  2580.3000       4.08245426E-02
  2580.4000       4.08464330E-02
  2580.5000       4.08689751E-02
  2580.6000       4.08918101E-02
  2580.7000       4.09146417E-02
  2580.8000       4.09364561E-02
  2580.9000       4.09571172E-02
  2581.0000       4.09752141E-02
  2581.1000       4.09906726E-02
  2581.2000       4.10038554E-02
  2581.3000       4.10122769E-02
  2581.4000       4.10160004E-02
  2581.5000       4.10193594E-02
  2581.6000       4.10235193E-02
  2581.7000       4.10269152E-02
  2581.8000       4.10303403E-02
  2581.9000       4.10333937E-02
  2582.0000       4.10345739E-02
  2582.1000       4.10343975E-02
  2582.2000       4.10355217E-02
  2582.3000       4.10386261E-02
  2582.4000       4.10443561E-02
  2582.5000       4.10506946E-02
  2582.6000       4.10559804E-02
  2582.7000       4.10623203E-02
  2582.8000       4.10704663E-02
  2582.9000       4.10803228E-02
  2583.0000       4.10903079E-02
  2583.1000       4.10975593E-02
  2583.2000       4.11019240E-02
  2583.3000       4.11039329E-02
  2583.4000       4.11046365E-02
  2583.5000       4.11043733E-02
  2583.6000       4.11037366E-02
  2583.7000       4.11044608E-02
  2583.8000       4.11034357E-02
  2583.9000       4.10998794E-02
  2584.0000       4.10948968E-02
  2584.1000       4.10894127E-02
  2584.2000       4.10812587E-02
  2584.3000       4.10730923E-02
  2584.4000       4.10651476E-02
  2584.5000       4.10515604E-02
  2584.6000       4.10366271E-02
  2584.7000       4.10215420E-02
  2584.8000       4.10055291E-02
  2584.9000       4.09918179E-02
  2585.0000       4.09772667E-02
  2585.1000       4.09587585E-02
  2585.2000       4.09349864E-02
  2585.3000       4.09059773E-02
  2585.4000       4.08750261E-02
  2585.5000       4.08437600E-02
  2585.6000       4.08101464E-02
  2585.7000       4.07740863E-02
  2585.8000       4.07349035E-02
  2585.9000       4.06935458E-02
  2586.0000       4.06498372E-02
  2586.1000       4.06058643E-02
  2586.2000       4.05632905E-02
  2586.3000       4.05195080E-02
  2586.4000       4.04733105E-02
  2586.5000       4.04241102E-02
  2586.6000       4.03711979E-02
  2586.7000       4.03142714E-02
  2586.8000       4.02529945E-02
  2586.9000       4.01882487E-02
  2587.0000       4.01209762E-02
  2587.1000       4.00495963E-02
  2587.2000       3.99734841E-02
  2587.3000       3.98972159E-02
  2587.4000       3.98234129E-02
  2587.5000       3.97485816E-02
  2587.6000       3.96711064E-02
  2587.7000       3.95913582E-02
  2587.8000       3.95092634E-02
  2587.9000       3.94261544E-02
  2588.0000       3.93426530E-02
  2588.1000       3.92591434E-02
  2588.2000       3.91755100E-02
  2588.3000       3.90902941E-02
  2588.4000       3.90054100E-02
  2588.5000       3.89237046E-02
  2588.6000       3.88424854E-02
  2588.7000       3.87656382E-02
  2588.8000       3.86980285E-02
  2588.9000       3.86367402E-02
  2589.0000       3.85734881E-02
  2589.1000       3.85134450E-02
  2589.2000       3.84591211E-02
  2589.3000       3.84103979E-02
  2589.4000       3.83659381E-02
  2589.5000       3.83269912E-02
  2589.6000       3.82924927E-02
  2589.7000       3.82585144E-02
  2589.8000       3.82280491E-02
  2589.9000       3.82021248E-02
  2590.0000       3.81774796E-02
  2590.1000       3.81485369E-02
  2590.2000       3.81136369E-02
  2590.3000       3.80766480E-02
  2590.4000       3.80404865E-02
  2590.5000       3.80053476E-02
  2590.6000       3.79738862E-02
  2590.7000       3.79448796E-02
  2590.8000       3.79146845E-02
  2590.9000       3.78832706E-02
  2591.0000       3.78488349E-02
  2591.1000       3.78119963E-02
  2591.2000       3.77766536E-02
  2591.3000       3.77412092E-02
  2591.4000       3.77097605E-02
  2591.5000       3.76846440E-02
  2591.6000       3.76596818E-02
  2591.7000       3.76358041E-02
  2591.8000       3.76157580E-02
  2591.9000       3.75974879E-02
  2592.0000       3.75798641E-02
  2592.1000       3.75637967E-02
  2592.2000       3.75475419E-02
  2592.3000       3.75349228E-02
  2592.4000       3.75223995E-02
  2592.5000       3.75082236E-02
  2592.6000       3.74935014E-02
  2592.7000       3.74789992E-02
  2592.8000       3.74620273E-02
  2592.9000       3.74421057E-02
  2593.0000       3.74212044E-02
  2593.1000       3.74025358E-02
  2593.2000       3.73865244E-02
  2593.3000       3.73731273E-02
  2593.4000       3.73616726E-02
  2593.5000       3.73527048E-02
  2593.6000       3.73447717E-02
  2593.7000       3.73384061E-02
  2593.8000       3.73328691E-02
  2593.9000       3.73288752E-02
  2594.0000       3.73260562E-02
  2594.1000       3.73246048E-02
  2594.2000       3.73224665E-02
  2594.3000       3.73197205E-02
  2594.4000       3.73164925E-02
  2594.5000       3.73132785E-02
  2594.6000       3.73099594E-02
  2594.7000       3.73064394E-02
  2594.8000       3.73047059E-02
  2594.9000       3.73039706E-02
  2595.0000       3.73034602E-02
  2595.1000       3.73048743E-02
  2595.2000       3.73088144E-02
  2595.3000       3.73161463E-02
  2595.4000       3.73260617E-02
  2595.5000       3.73385955E-02
  2595.6000       3.73547889E-02
  2595.7000       3.73705647E-02
  2595.8000       3.73844787E-02
  2595.9000       3.73992274E-02
  2596.0000       3.74123880E-02
  2596.1000       3.74241170E-02
  2596.2000       3.74375269E-02
  2596.3000       3.74505444E-02
  2596.4000       3.74616248E-02
  2596.5000       3.74721810E-02
  2596.6000       3.74809151E-02
  2596.7000       3.74868192E-02
  2596.8000       3.74904266E-02
  2596.9000       3.74915975E-02
  2597.0000       3.74923782E-02
  2597.1000       3.74937287E-02
  2597.2000       3.74958871E-02
  2597.3000       3.75010810E-02
  2597.4000       3.75066505E-02
  2597.5000       3.75098854E-02
  2597.6000       3.75134069E-02
  2597.7000       3.75177909E-02
  2597.8000       3.75233132E-02
  2597.9000       3.75310913E-02
  2598.0000       3.75391812E-02
  2598.1000       3.75488124E-02
  2598.2000       3.75585048E-02
  2598.3000       3.75661160E-02
  2598.4000       3.75728304E-02
  2598.5000       3.75793839E-02
  2598.6000       3.75820208E-02
  2598.7000       3.75760815E-02
  2598.8000       3.75625071E-02
  2598.9000       3.75438901E-02
  2599.0000       3.75235060E-02
  2599.1000       3.75024616E-02
  2599.2000       3.74810395E-02
  2599.3000       3.74599452E-02
  2599.4000       3.74385379E-02
  2599.5000       3.74166364E-02
  2599.6000       3.73956415E-02
  2599.7000       3.73767309E-02
  2599.8000       3.73597996E-02
  2599.9000       3.73451894E-02
  2600.0000       3.73314774E-02
  2600.1000       3.73153262E-02
  2600.2000       3.72942079E-02
  2600.3000       3.72685164E-02
  2600.4000       3.72400785E-02
  2600.5000       3.72087736E-02
  2600.6000       3.71743098E-02
  2600.7000       3.71387906E-02
  2600.8000       3.71030024E-02
  2600.9000       3.70659948E-02
  2601.0000       3.70275134E-02
  2601.1000       3.69848908E-02
  2601.2000       3.69438773E-02
  2601.3000       3.69087686E-02
  2601.4000       3.68782964E-02
  2601.5000       3.68539816E-02
  2601.6000       3.68333566E-02
  2601.7000       3.68147490E-02
  2601.8000       3.67984781E-02
  2601.9000       3.67846515E-02
  2602.0000       3.67746822E-02
  2602.1000       3.67657238E-02
  2602.2000       3.67538948E-02
  2602.3000       3.67382045E-02
  2602.4000       3.67208415E-02
  2602.5000       3.67032124E-02
  2602.6000       3.66856775E-02
  2602.7000       3.66674496E-02
  2602.8000       3.66473392E-02
  2602.9000       3.66265697E-02
  2603.0000       3.66097250E-02
  2603.1000       3.65983671E-02
  2603.2000       3.65905503E-02
  2603.3000       3.65846730E-02
  2603.4000       3.65792716E-02
  2603.5000       3.65725660E-02
  2603.6000       3.65650337E-02
  2603.7000       3.65582063E-02
  2603.8000       3.65500648E-02
  2603.9000       3.65433390E-02
  2604.0000       3.65403050E-02
  2604.1000       3.65373025E-02
  2604.2000       3.65339808E-02
  2604.3000       3.65321930E-02
  2604.4000       3.65303863E-02
  2604.5000       3.65269678E-02
  2604.6000       3.65221486E-02
  2604.7000       3.65155840E-02
  2604.8000       3.65081722E-02
  2604.9000       3.64990496E-02
  2605.0000       3.64878498E-02
  2605.1000       3.64752573E-02
  2605.2000       3.64606890E-02
  2605.3000       3.64430906E-02
  2605.4000       3.64265246E-02
  2605.5000       3.64120893E-02
  2605.6000       3.63989255E-02
  2605.7000       3.63871521E-02
  2605.8000       3.63755003E-02
  2605.9000       3.63637081E-02
  2606.0000       3.63520249E-02
  2606.1000       3.63372617E-02
  2606.2000       3.63202500E-02
  2606.3000       3.63042536E-02
  2606.4000       3.62880483E-02
  2606.5000       3.62722477E-02
  2606.6000       3.62610660E-02
  2606.7000       3.62527317E-02
  2606.8000       3.62444899E-02
  2606.9000       3.62368177E-02
  2607.0000       3.62296965E-02
  2607.1000       3.62216048E-02
  2607.2000       3.62148413E-02
  2607.3000       3.62122262E-02
  2607.4000       3.62144675E-02
  2607.5000       3.62193258E-02
  2607.6000       3.62263272E-02
  2607.7000       3.62349596E-02
  2607.8000       3.62472576E-02
  2607.9000       3.62615345E-02
  2608.0000       3.62761812E-02
  2608.1000       3.62933064E-02
  2608.2000       3.63152358E-02
  2608.3000       3.63400166E-02
  2608.4000       3.63668163E-02
  2608.5000       3.63947757E-02
  2608.6000       3.64237080E-02
  2608.7000       3.64524168E-02
  2608.8000       3.64786754E-02
  2608.9000       3.65045575E-02
  2609.0000       3.65327500E-02
  2609.1000       3.65633851E-02
  2609.2000       3.65954010E-02
  2609.3000       3.66290519E-02
  2609.4000       3.66637488E-02
  2609.5000       3.66969338E-02
  2609.6000       3.67278432E-02
  2609.7000       3.67564539E-02
  2609.8000       3.67830400E-02
  2609.9000       3.68064474E-02
  2610.0000       3.68265653E-02
  2610.1000       3.68450281E-02
  2610.2000       3.68639009E-02
  2610.3000       3.68848650E-02
  2610.4000       3.69080522E-02
  2610.5000       3.69317604E-02
  2610.6000       3.69572600E-02
  2610.7000       3.69844026E-02
  2610.8000       3.70124794E-02
  2610.9000       3.70416711E-02
  2611.0000       3.70701712E-02
  2611.1000       3.70973680E-02
  2611.2000       3.71229284E-02
  2611.3000       3.71461866E-02
  2611.4000       3.71675506E-02
  2611.5000       3.71847844E-02
  2611.6000       3.71978471E-02
  2611.7000       3.72082371E-02
  2611.8000       3.72182510E-02
  2611.9000       3.72282600E-02
  2612.0000       3.72376964E-02
  2612.1000       3.72470796E-02
  2612.2000       3.72576693E-02
  2612.3000       3.72701482E-02
  2612.4000       3.72836396E-02
  2612.5000       3.72985591E-02
  2612.6000       3.73149835E-02
  2612.7000       3.73350299E-02
  2612.8000       3.73595480E-02
  2612.9000       3.73861396E-02
  2613.0000       3.74136163E-02
  2613.1000       3.74417930E-02
  2613.2000       3.74695300E-02
  2613.3000       3.74950143E-02
  2613.4000       3.75174139E-02
  2613.5000       3.75386700E-02
  2613.6000       3.75588290E-02
  2613.7000       3.75779114E-02
  2613.8000       3.75964592E-02
  2613.9000       3.76141989E-02
  2614.0000       3.76297222E-02
  2614.1000       3.76425228E-02
  2614.2000       3.76527449E-02
  2614.3000       3.76602384E-02
  2614.4000       3.76661443E-02
  2614.5000       3.76715847E-02
  2614.6000       3.76755514E-02
  2614.7000       3.76778049E-02
  2614.8000       3.76792437E-02
  2614.9000       3.76805223E-02
  2615.0000       3.76804886E-02
  2615.1000       3.76766871E-02
  2615.2000       3.76691463E-02
  2615.3000       3.76596360E-02
  2615.4000       3.76503652E-02
  2615.5000       3.76431886E-02
  2615.6000       3.76375938E-02
  2615.7000       3.76319350E-02
  2615.8000       3.76230565E-02
  2615.9000       3.76124951E-02
  2616.0000       3.76008340E-02
  2616.1000       3.75849802E-02
  2616.2000       3.75646958E-02
  2616.3000       3.75410898E-02
  2616.4000       3.75142044E-02
  2616.5000       3.74841498E-02
  2616.6000       3.74518379E-02
  2616.7000       3.74199204E-02
  2616.8000       3.73869390E-02
  2616.9000       3.73523736E-02
  2617.0000       3.73169189E-02
  2617.1000       3.72810335E-02
  2617.2000       3.72470574E-02
  2617.3000       3.72145055E-02
  2617.4000       3.71823955E-02
  2617.5000       3.71509618E-02
  2617.6000       3.71200244E-02
  2617.7000       3.70883382E-02
  2617.8000       3.70577244E-02
  2617.9000       3.70280182E-02
  2618.0000       3.69976353E-02
  2618.1000       3.69663396E-02
  2618.2000       3.69372449E-02
  2618.3000       3.69135439E-02
  2618.4000       3.68946752E-02
  2618.5000       3.68776420E-02
  2618.6000       3.68634813E-02
  2618.7000       3.68525899E-02
  2618.8000       3.68431382E-02
  2618.9000       3.68323293E-02
  2619.0000       3.68198681E-02
  2619.1000       3.68096218E-02
  2619.2000       3.68020096E-02
  2619.3000       3.67952090E-02
  2619.4000       3.67857388E-02
  2619.5000       3.67745607E-02
  2619.6000       3.67622727E-02
  2619.7000       3.67487737E-02
  2619.8000       3.67365484E-02
  2619.9000       3.67257070E-02
  2620.0000       3.67169706E-02
  2620.1000       3.67090955E-02
  2620.2000       3.67027163E-02
  2620.3000       3.66953499E-02
  2620.4000       3.66873306E-02
  2620.5000       3.66799704E-02
  2620.6000       3.66744181E-02
  2620.7000       3.66701858E-02
  2620.8000       3.66670348E-02
  2620.9000       3.66643158E-02
  2621.0000       3.66631039E-02
  2621.1000       3.66628975E-02
  2621.2000       3.66616954E-02
  2621.3000       3.66572251E-02
  2621.4000       3.66519292E-02
  2621.5000       3.66486747E-02
  2621.6000       3.66455338E-02
  2621.7000       3.66459193E-02
  2621.8000       3.66482124E-02
  2621.9000       3.66531336E-02
  2622.0000       3.66630548E-02
  2622.1000       3.66764690E-02
  2622.2000       3.66931965E-02
  2622.3000       3.67159676E-02
  2622.4000       3.67425269E-02
  2622.5000       3.67711551E-02
  2622.6000       3.68031485E-02
  2622.7000       3.68394258E-02
  2622.8000       3.68782280E-02
  2622.9000       3.69183311E-02
  2623.0000       3.69577833E-02
  2623.1000       3.69943966E-02
  2623.2000       3.70275174E-02
  2623.3000       3.70595633E-02
  2623.4000       3.70916471E-02
  2623.5000       3.71220848E-02
  2623.6000       3.71490479E-02
  2623.7000       3.71712581E-02
  2623.8000       3.71895160E-02
  2623.9000       3.72049479E-02
  2624.0000       3.72172842E-02
  2624.1000       3.72264747E-02
  2624.2000       3.72334052E-02
  2624.3000       3.72391665E-02
  2624.4000       3.72429700E-02
  2624.5000       3.72440247E-02
  2624.6000       3.72453003E-02
  2624.7000       3.72473188E-02
  2624.8000       3.72474759E-02
  2624.9000       3.72470628E-02
  2625.0000       3.72471093E-02
  2625.1000       3.72471081E-02
  2625.2000       3.72466149E-02
  2625.3000       3.72480947E-02
  2625.4000       3.72518000E-02
  2625.5000       3.72562678E-02
  2625.6000       3.72619391E-02
  2625.7000       3.72673125E-02
  2625.8000       3.72743531E-02
  2625.9000       3.72826062E-02
  2626.0000       3.72900129E-02
  2626.1000       3.72969595E-02
  2626.2000       3.73032166E-02
  2626.3000       3.73083708E-02
  2626.4000       3.73095220E-02
  2626.5000       3.73044576E-02
  2626.6000       3.72936958E-02
  2626.7000       3.72784176E-02
  2626.8000       3.72607536E-02
  2626.9000       3.72415560E-02
  2627.0000       3.72225135E-02
  2627.1000       3.72038814E-02
  2627.2000       3.71868200E-02
  2627.3000       3.71746699E-02
  2627.4000       3.71681547E-02
  2627.5000       3.71663811E-02
  2627.6000       3.71688332E-02
  2627.7000       3.71760450E-02
  2627.8000       3.71883887E-02
  2627.9000       3.72050835E-02
  2628.0000       3.72249418E-02
  2628.1000       3.72487628E-02
  2628.2000       3.72742281E-02
  2628.3000       3.73016996E-02
  2628.4000       3.73300483E-02
  2628.5000       3.73582355E-02
  2628.6000       3.73865226E-02
  2628.7000       3.74134367E-02
  2628.8000       3.74375626E-02
  2628.9000       3.74594881E-02
  2629.0000       3.74804223E-02
  2629.1000       3.75018472E-02
  2629.2000       3.75234621E-02
  2629.3000       3.75449082E-02
  2629.4000       3.75657792E-02
  2629.5000       3.75852588E-02
  2629.6000       3.76023798E-02
  2629.7000       3.76186919E-02
  2629.8000       3.76349785E-02
  2629.9000       3.76518798E-02
  2630.0000       3.76683071E-02
  2630.1000       3.76843474E-02
  2630.2000       3.76993446E-02
  2630.3000       3.77129185E-02
  2630.4000       3.77251436E-02
  2630.5000       3.77359601E-02
  2630.6000       3.77457828E-02
  2630.7000       3.77547943E-02
  2630.8000       3.77626135E-02
  2630.9000       3.77700968E-02
  2631.0000       3.77792739E-02
  2631.1000       3.77930785E-02
  2631.2000       3.78110460E-02
  2631.3000       3.78336896E-02
  2631.4000       3.78606751E-02
  2631.5000       3.78894244E-02
  2631.6000       3.79186474E-02
  2631.7000       3.79477634E-02
  2631.8000       3.79780997E-02
  2631.9000       3.80058168E-02
  2632.0000       3.80308897E-02
  2632.1000       3.80551627E-02
  2632.2000       3.80796383E-02
  2632.3000       3.81005460E-02
  2632.4000       3.81161727E-02
  2632.5000       3.81280154E-02
  2632.6000       3.81380479E-02
  2632.7000       3.81455331E-02
  2632.8000       3.81472394E-02
  2632.9000       3.81454198E-02
  2633.0000       3.81423021E-02
  2633.1000       3.81382169E-02
  2633.2000       3.81297354E-02
  2633.3000       3.81164961E-02
  2633.4000       3.80985838E-02
  2633.5000       3.80793311E-02
  2633.6000       3.80605723E-02
  2633.7000       3.80414535E-02
  2633.8000       3.80205849E-02
  2633.9000       3.79995033E-02
  2634.0000       3.79790608E-02
  2634.1000       3.79609883E-02
  2634.2000       3.79436427E-02
  2634.3000       3.79266074E-02
  2634.4000       3.79111925E-02
  2634.5000       3.78962128E-02
  2634.6000       3.78811869E-02
  2634.7000       3.78655368E-02
  2634.8000       3.78514913E-02
  2634.9000       3.78379324E-02
  2635.0000       3.78221858E-02
  2635.1000       3.78064378E-02
  2635.2000       3.77936141E-02
  2635.3000       3.77860743E-02
  2635.4000       3.77855485E-02
  2635.5000       3.77895737E-02
  2635.6000       3.77918529E-02
  2635.7000       3.77902430E-02
  2635.8000       3.77848324E-02
  2635.9000       3.77763993E-02
  2636.0000       3.77636954E-02
  2636.1000       3.77465170E-02
  2636.2000       3.77243598E-02
  2636.3000       3.77010143E-02
  2636.4000       3.76806776E-02
  2636.5000       3.76651993E-02
  2636.6000       3.76537401E-02
  2636.7000       3.76432758E-02
  2636.8000       3.76319145E-02
  2636.9000       3.76195671E-02
  2637.0000       3.76083564E-02
  2637.1000       3.75979045E-02
  2637.2000       3.75877215E-02
  2637.3000       3.75797769E-02
  2637.4000       3.75729532E-02
  2637.5000       3.75662762E-02
  2637.6000       3.75616299E-02
  2637.7000       3.75581587E-02
  2637.8000       3.75535207E-02
  2637.9000       3.75479275E-02
  2638.0000       3.75413250E-02
  2638.1000       3.75312788E-02
  2638.2000       3.75179292E-02
  2638.3000       3.75018411E-02
  2638.4000       3.74841286E-02
  2638.5000       3.74660998E-02
  2638.6000       3.74483494E-02
  2638.7000       3.74276978E-02
  2638.8000       3.74029474E-02
  2638.9000       3.73738211E-02
  2639.0000       3.73431737E-02
  2639.1000       3.73110579E-02
  2639.2000       3.72769018E-02
  2639.3000       3.72446055E-02
  2639.4000       3.72117470E-02
  2639.5000       3.71785521E-02
  2639.6000       3.71449745E-02
  2639.7000       3.71086964E-02
  2639.8000       3.70692902E-02
  2639.9000       3.70301264E-02
  2640.0000       3.69907216E-02
  2640.1000       3.69524261E-02
  2640.2000       3.69130335E-02
  2640.3000       3.68694844E-02
  2640.4000       3.68241912E-02
  2640.5000       3.67762834E-02
  2640.6000       3.67275639E-02
  2640.7000       3.66821092E-02
  2640.8000       3.66405775E-02
  2640.9000       3.66009825E-02
  2641.0000       3.65672496E-02
  2641.1000       3.65443578E-02
  2641.2000       3.65289983E-02
  2641.3000       3.65187821E-02
  2641.4000       3.65157245E-02
  2641.5000       3.65170473E-02
  2641.6000       3.65209222E-02
  2641.7000       3.65289370E-02
  2641.8000       3.65411339E-02
  2641.9000       3.65589880E-02
  2642.0000       3.65838270E-02
  2642.1000       3.66116092E-02
  2642.2000       3.66396666E-02
  2642.3000       3.66659029E-02
  2642.4000       3.66922576E-02
  2642.5000       3.67198942E-02
  2642.6000       3.67469801E-02
  2642.7000       3.67734751E-02
  2642.8000       3.68002733E-02
  2642.9000       3.68294791E-02
  2643.0000       3.68630590E-02
  2643.1000       3.69005300E-02
  2643.2000       3.69432369E-02
  2643.3000       3.69891452E-02
  2643.4000       3.70373798E-02
  2643.5000       3.70875893E-02
  2643.6000       3.71386689E-02
  2643.7000       3.71889542E-02
  2643.8000       3.72368299E-02
  2643.9000       3.72840683E-02
  2644.0000       3.73303327E-02
  2644.1000       3.73751433E-02
  2644.2000       3.74182416E-02
  2644.3000       3.74602336E-02
  2644.4000       3.75011916E-02
  2644.5000       3.75419427E-02
  2644.6000       3.75812383E-02
  2644.7000       3.76189962E-02
  2644.8000       3.76564409E-02
  2644.9000       3.76947099E-02
  2645.0000       3.77341000E-02
  2645.1000       3.77745895E-02
  2645.2000       3.78159228E-02
  2645.3000       3.78579647E-02
  2645.4000       3.78998273E-02
  2645.5000       3.79399154E-02
  2645.6000       3.79789283E-02
  2645.7000       3.80164535E-02
  2645.8000       3.80530849E-02
  2645.9000       3.80875515E-02
  2646.0000       3.81212937E-02
  2646.1000       3.81552794E-02
  2646.2000       3.81906091E-02
  2646.3000       3.82256978E-02
  2646.4000       3.82600496E-02
  2646.5000       3.82909241E-02
  2646.6000       3.83171115E-02
  2646.7000       3.83370549E-02
  2646.8000       3.83483809E-02
  2646.9000       3.83530913E-02
  2647.0000       3.83512079E-02
  2647.1000       3.83430474E-02
  2647.2000       3.83313535E-02
  2647.3000       3.83164476E-02
  2647.4000       3.82994388E-02
  2647.5000       3.82816457E-02
  2647.6000       3.82633490E-02
  2647.7000       3.82477246E-02
  2647.8000       3.82356081E-02
  2647.9000       3.82243838E-02
  2648.0000       3.82141954E-02
  2648.1000       3.82027356E-02
  2648.2000       3.81877800E-02
  2648.3000       3.81722972E-02
  2648.4000       3.81567953E-02
  2648.5000       3.81383870E-02
  2648.6000       3.81172153E-02
  2648.7000       3.80938187E-02
  2648.8000       3.80676183E-02
  2648.9000       3.80377377E-02
  2649.0000       3.80046829E-02
  2649.1000       3.79687724E-02
  2649.2000       3.79327659E-02
  2649.3000       3.78951123E-02
  2649.4000       3.78544687E-02
  2649.5000       3.78088116E-02
  2649.6000       3.77603387E-02
  2649.7000       3.77117694E-02
  2649.8000       3.76592639E-02
  2649.9000       3.76027320E-02
  2650.0000       3.75453936E-02
  2650.1000       3.74875160E-02
  2650.2000       3.74303227E-02
  2650.3000       3.73727157E-02
  2650.4000       3.73154927E-02
  2650.5000       3.72587133E-02
  2650.6000       3.72023462E-02
  2650.7000       3.71474967E-02
  2650.8000       3.70962305E-02
  2650.9000       3.70449826E-02
  2651.0000       3.69897961E-02
  2651.1000       3.69333097E-02
  2651.2000       3.68782956E-02
  2651.3000       3.68265693E-02
  2651.4000       3.67756782E-02
  2651.5000       3.67245628E-02
  2651.6000       3.66792570E-02
  2651.7000       3.66384678E-02
  2651.8000       3.66020488E-02
  2651.9000       3.65696680E-02
  2652.0000       3.65396000E-02
  2652.1000       3.65097780E-02
  2652.2000       3.64804456E-02
  2652.3000       3.64529486E-02
  2652.4000       3.64258314E-02
  2652.5000       3.63994842E-02
  2652.6000       3.63740265E-02
  2652.7000       3.63482180E-02
  2652.8000       3.63201396E-02
  2652.9000       3.62860707E-02
  2653.0000       3.62490327E-02
  2653.1000       3.62102757E-02
  2653.2000       3.61710616E-02
  2653.3000       3.61311119E-02
  2653.4000       3.60918717E-02
  2653.5000       3.60530903E-02
  2653.6000       3.60107913E-02
  2653.7000       3.59630171E-02
  2653.8000       3.59111895E-02
  2653.9000       3.58538229E-02
  2654.0000       3.57908161E-02
  2654.1000       3.57264799E-02
  2654.2000       3.56630955E-02
  2654.3000       3.55999931E-02
  2654.4000       3.55380360E-02
  2654.5000       3.54788667E-02
  2654.6000       3.54217987E-02
  2654.7000       3.53664432E-02
  2654.8000       3.53135465E-02
  2654.9000       3.52612501E-02
  2655.0000       3.52104498E-02
  2655.1000       3.51669445E-02
  2655.2000       3.51299061E-02
  2655.3000       3.50991574E-02
  2655.4000       3.50766964E-02
  2655.5000       3.50610931E-02
  2655.6000       3.50496933E-02
  2655.7000       3.50409159E-02
  2655.8000       3.50339724E-02
  2655.9000       3.50278012E-02
  2656.0000       3.50203720E-02
  2656.1000       3.50124849E-02
  2656.2000       3.50035415E-02
  2656.3000       3.49937981E-02
  2656.4000       3.49824316E-02
  2656.5000       3.49706501E-02
  2656.6000       3.49587155E-02
  2656.7000       3.49449805E-02
  2656.8000       3.49308227E-02
  2656.9000       3.49177072E-02
  2657.0000       3.49063393E-02
  2657.1000       3.48985016E-02
  2657.2000       3.48916004E-02
  2657.3000       3.48850909E-02
  2657.4000       3.48822883E-02
  2657.5000       3.48820584E-02
  2657.6000       3.48816474E-02
  2657.7000       3.48820051E-02
  2657.8000       3.48829522E-02
  2657.9000       3.48858575E-02
  2658.0000       3.48909053E-02
  2658.1000       3.48961727E-02
  2658.2000       3.49009019E-02
  2658.3000       3.49087017E-02
  2658.4000       3.49208803E-02
  2658.5000       3.49366232E-02
  2658.6000       3.49565272E-02
  2658.7000       3.49802225E-02
  2658.8000       3.50049394E-02
  2658.9000       3.50298372E-02
  2659.0000       3.50546362E-02
  2659.1000       3.50784317E-02
  2659.2000       3.50978696E-02
  2659.3000       3.51148050E-02
  2659.4000       3.51309551E-02
  2659.5000       3.51442071E-02
  2659.6000       3.51557169E-02
  2659.7000       3.51685738E-02
  2659.8000       3.51848198E-02
  2659.9000       3.52040274E-02
  2660.0000       3.52246759E-02
  2660.1000       3.52459175E-02
  2660.2000       3.52676211E-02
  2660.3000       3.52912811E-02
  2660.4000       3.53176949E-02
  2660.5000       3.53439391E-02
  2660.6000       3.53710232E-02
  2660.7000       3.54015044E-02
  2660.8000       3.54324423E-02
  2660.9000       3.54609335E-02
  2661.0000       3.54863183E-02
  2661.1000       3.55074425E-02
  2661.2000       3.55231429E-02
  2661.3000       3.55378695E-02
  2661.4000       3.55511623E-02
  2661.5000       3.55616006E-02
  2661.6000       3.55746329E-02
  2661.7000       3.55915147E-02
  2661.8000       3.56115126E-02
  2661.9000       3.56365242E-02
  2662.0000       3.56682223E-02
  2662.1000       3.57044144E-02
  2662.2000       3.57430088E-02
  2662.3000       3.57802528E-02
  2662.4000       3.58169872E-02
  2662.5000       3.58582734E-02
  2662.6000       3.58995396E-02
  2662.7000       3.59390373E-02
  2662.8000       3.59797564E-02
  2662.9000       3.60203848E-02
  2663.0000       3.60570258E-02
  2663.1000       3.60937014E-02
  2663.2000       3.61337297E-02
  2663.3000       3.61742687E-02
  2663.4000       3.62139035E-02
  2663.5000       3.62516612E-02
  2663.6000       3.62859992E-02
  2663.7000       3.63188344E-02
  2663.8000       3.63529841E-02
  2663.9000       3.63894843E-02
  2664.0000       3.64309263E-02
  2664.1000       3.64771689E-02
  2664.2000       3.65270176E-02
  2664.3000       3.65798835E-02
  2664.4000       3.66352327E-02
  2664.5000       3.66914930E-02
  2664.6000       3.67468900E-02
  2664.7000       3.67999459E-02
  2664.8000       3.68503066E-02
  2664.9000       3.68989784E-02
  2665.0000       3.69455679E-02
  2665.1000       3.69915584E-02
  2665.2000       3.70375197E-02
  2665.3000       3.70818648E-02
  2665.4000       3.71219072E-02
  2665.5000       3.71555859E-02
  2665.6000       3.71821812E-02
  2665.7000       3.72024827E-02
  2665.8000       3.72175272E-02
  2665.9000       3.72295630E-02
  2666.0000       3.72393490E-02
  2666.1000       3.72479788E-02
  2666.2000       3.72552344E-02
  2666.3000       3.72617846E-02
  2666.4000       3.72686154E-02
  2666.5000       3.72754727E-02
  2666.6000       3.72801253E-02
  2666.7000       3.72846983E-02
  2666.8000       3.72912986E-02
  2666.9000       3.72981581E-02
  2667.0000       3.73081868E-02
  2667.1000       3.73239195E-02
  2667.2000       3.73406370E-02
  2667.3000       3.73603502E-02
  2667.4000       3.73816944E-02
  2667.5000       3.74028896E-02
  2667.6000       3.74275183E-02
  2667.7000       3.74527980E-02
  2667.8000       3.74759052E-02
  2667.9000       3.74952013E-02
  2668.0000       3.75117697E-02
  2668.1000       3.75269570E-02
  2668.2000       3.75410844E-02
  2668.3000       3.75545014E-02
  2668.4000       3.75677155E-02
  2668.5000       3.75795844E-02
  2668.6000       3.75905987E-02
  2668.7000       3.76031927E-02
  2668.8000       3.76167625E-02
  2668.9000       3.76293747E-02
  2669.0000       3.76425229E-02
  2669.1000       3.76594041E-02
  2669.2000       3.76806066E-02
  2669.3000       3.77044010E-02
  2669.4000       3.77298073E-02
  2669.5000       3.77546892E-02
  2669.6000       3.77776035E-02
  2669.7000       3.77997873E-02
  2669.8000       3.78225773E-02
  2669.9000       3.78460103E-02
  2670.0000       3.78700563E-02
  2670.1000       3.78951515E-02
  2670.2000       3.79205050E-02
  2670.3000       3.79461647E-02
  2670.4000       3.79702036E-02
  2670.5000       3.79931916E-02
  2670.6000       3.80147769E-02
  2670.7000       3.80347020E-02
  2670.8000       3.80544095E-02
  2670.9000       3.80721684E-02
  2671.0000       3.80873875E-02
  2671.1000       3.81017152E-02
  2671.2000       3.81168345E-02
  2671.3000       3.81333373E-02
  2671.4000       3.81497038E-02
  2671.5000       3.81672904E-02
  2671.6000       3.81869583E-02
  2671.7000       3.82061848E-02
  2671.8000       3.82237073E-02
  2671.9000       3.82371311E-02
  2672.0000       3.82463621E-02
  2672.1000       3.82511404E-02
  2672.2000       3.82507915E-02
  2672.3000       3.82446817E-02
  2672.4000       3.82375154E-02
  2672.5000       3.82288595E-02
  2672.6000       3.82192720E-02
  2672.7000       3.82154254E-02
  2672.8000       3.82144850E-02
  2672.9000       3.82118924E-02
  2673.0000       3.82110122E-02
  2673.1000       3.82100250E-02
  2673.2000       3.82062773E-02
  2673.3000       3.82029213E-02
  2673.4000       3.82020862E-02
  2673.5000       3.82011445E-02
  2673.6000       3.82009877E-02
  2673.7000       3.82019676E-02
  2673.8000       3.82049378E-02
  2673.9000       3.82080102E-02
  2674.0000       3.82092079E-02
  2674.1000       3.82110159E-02
  2674.2000       3.82155404E-02
  2674.3000       3.82183878E-02
  2674.4000       3.82182530E-02
  2674.5000       3.82189435E-02
  2674.6000       3.82177600E-02
  2674.7000       3.82106522E-02
  2674.8000       3.82015733E-02
  2674.9000       3.81929742E-02
  2675.0000       3.81849668E-02
  2675.1000       3.81787676E-02
  2675.2000       3.81734229E-02
  2675.3000       3.81660491E-02
  2675.4000       3.81575483E-02
  2675.5000       3.81470180E-02
  2675.6000       3.81371247E-02
  2675.7000       3.81269973E-02
  2675.8000       3.81152023E-02
  2675.9000       3.81042995E-02
  2676.0000       3.80973276E-02
  2676.1000       3.80935959E-02
  2676.2000       3.80921322E-02
  2676.3000       3.80944494E-02
  2676.4000       3.81000739E-02
  2676.5000       3.81098221E-02
  2676.6000       3.81251411E-02
  2676.7000       3.81442094E-02
  2676.8000       3.81673618E-02
  2676.9000       3.81946824E-02
  2677.0000       3.82237889E-02
  2677.1000       3.82550961E-02
  2677.2000       3.82900507E-02
  2677.3000       3.83267341E-02
  2677.4000       3.83638276E-02
  2677.5000       3.83992302E-02
  2677.6000       3.84313199E-02
  2677.7000       3.84602029E-02
  2677.8000       3.84852378E-02
  2677.9000       3.85056047E-02
  2678.0000       3.85203226E-02
  2678.1000       3.85321811E-02
  2678.2000       3.85429040E-02
  2678.3000       3.85541525E-02
  2678.4000       3.85651524E-02
  2678.5000       3.85753861E-02
  2678.6000       3.85851661E-02
  2678.7000       3.85953060E-02
  2678.8000       3.86034120E-02
  2678.9000       3.86063175E-02
  2679.0000       3.86056451E-02
  2679.1000       3.86029513E-02
  2679.2000       3.86001051E-02
  2679.3000       3.85992992E-02
  2679.4000       3.86011749E-02
  2679.5000       3.86050872E-02
  2679.6000       3.86102394E-02
  2679.7000       3.86144817E-02
  2679.8000       3.86159657E-02
  2679.9000       3.86125318E-02
  2680.0000       3.86022742E-02
  2680.1000       3.85843300E-02
  2680.2000       3.85614328E-02
  2680.3000       3.85357012E-02
  2680.4000       3.85051383E-02
  2680.5000       3.84728925E-02
  2680.6000       3.84419720E-02
  2680.7000       3.84137282E-02
  2680.8000       3.83868120E-02
  2680.9000       3.83618639E-02
  2681.0000       3.83386438E-02
  2681.1000       3.83190531E-02
  2681.2000       3.83027848E-02
  2681.3000       3.82870605E-02
  2681.4000       3.82718062E-02
  2681.5000       3.82578902E-02
  2681.6000       3.82442381E-02
  2681.7000       3.82312185E-02
  2681.8000       3.82200963E-02
  2681.9000       3.82100577E-02
  2682.0000       3.82002418E-02
  2682.1000       3.81919797E-02
  2682.2000       3.81875136E-02
  2682.3000       3.81871325E-02
  2682.4000       3.81906302E-02
  2682.5000       3.81978201E-02
  2682.6000       3.82084255E-02
  2682.7000       3.82220328E-02
  2682.8000       3.82395289E-02
  2682.9000       3.82586245E-02
  2683.0000       3.82798274E-02
  2683.1000       3.83032405E-02
  2683.2000       3.83291851E-02
  2683.3000       3.83564756E-02
  2683.4000       3.83833700E-02
  2683.5000       3.84084161E-02
  2683.6000       3.84312756E-02
  2683.7000       3.84522659E-02
  2683.8000       3.84713595E-02
  2683.9000       3.84890754E-02
  2684.0000       3.85055268E-02
  2684.1000       3.85179804E-02
  2684.2000       3.85256072E-02
  2684.3000       3.85297766E-02
  2684.4000       3.85303929E-02
  2684.5000       3.85270121E-02
  2684.6000       3.85198092E-02
  2684.7000       3.85108052E-02
  2684.8000       3.85015560E-02
  2684.9000       3.84927558E-02
  2685.0000       3.84836692E-02
  2685.1000       3.84724660E-02
  2685.2000       3.84612161E-02
  2685.3000       3.84503325E-02
  2685.4000       3.84394695E-02
  2685.5000       3.84282951E-02
  2685.6000       3.84157762E-02
  2685.7000       3.84016664E-02
  2685.8000       3.83857231E-02
  2685.9000       3.83680482E-02
  2686.0000       3.83470625E-02
  2686.1000       3.83200564E-02
  2686.2000       3.82901432E-02
  2686.3000       3.82572942E-02
  2686.4000       3.82238270E-02
  2686.5000       3.81914371E-02
  2686.6000       3.81621085E-02
  2686.7000       3.81367660E-02
  2686.8000       3.81162628E-02
  2686.9000       3.80998936E-02
  2687.0000       3.80874201E-02
  2687.1000       3.80792009E-02
  2687.2000       3.80736225E-02
  2687.3000       3.80714123E-02
  2687.4000       3.80714366E-02
  2687.5000       3.80746826E-02
  2687.6000       3.80779139E-02
  2687.7000       3.80806370E-02
  2687.8000       3.80872924E-02
  2687.9000       3.80990711E-02
  2688.0000       3.81132560E-02
  2688.1000       3.81280378E-02
  2688.2000       3.81412089E-02
  2688.3000       3.81523273E-02
  2688.4000       3.81619536E-02
  2688.5000       3.81723754E-02
  2688.6000       3.81846799E-02
  2688.7000       3.81955245E-02
  2688.8000       3.82021327E-02
  2688.9000       3.82044773E-02
  2689.0000       3.82041598E-02
  2689.1000       3.82024971E-02
  2689.2000       3.82026725E-02
  2689.3000       3.82075589E-02
  2689.4000       3.82148594E-02
  2689.5000       3.82195135E-02
  2689.6000       3.82193065E-02
  2689.7000       3.82150493E-02
  2689.8000       3.82080074E-02
  2689.9000       3.81980343E-02
  2690.0000       3.81860739E-02
  2690.1000       3.81728535E-02
  2690.2000       3.81601207E-02
  2690.3000       3.81484916E-02
  2690.4000       3.81387782E-02
  2690.5000       3.81301745E-02
  2690.6000       3.81231420E-02
  2690.7000       3.81175975E-02
  2690.8000       3.81127323E-02
  2690.9000       3.81103609E-02
  2691.0000       3.81095720E-02
  2691.1000       3.81072313E-02
  2691.2000       3.81037913E-02
  2691.3000       3.80989981E-02
  2691.4000       3.80919064E-02
  2691.5000       3.80855522E-02
  2691.6000       3.80784984E-02
  2691.7000       3.80676673E-02
  2691.8000       3.80527706E-02
  2691.9000       3.80348040E-02
  2692.0000       3.80144291E-02
  2692.1000       3.79898503E-02
  2692.2000       3.79622503E-02
  2692.3000       3.79351877E-02
  2692.4000       3.79083542E-02
  2692.5000       3.78821609E-02
  2692.6000       3.78590379E-02
  2692.7000       3.78384916E-02
  2692.8000       3.78190904E-02
  2692.9000       3.78008568E-02
  2693.0000       3.77810166E-02
  2693.1000       3.77588949E-02
  2693.2000       3.77369984E-02
  2693.3000       3.77170271E-02
  2693.4000       3.76973498E-02
  2693.5000       3.76762659E-02
  2693.6000       3.76566607E-02
  2693.7000       3.76397197E-02
  2693.8000       3.76208605E-02
  2693.9000       3.76015836E-02
  2694.0000       3.75844053E-02
  2694.1000       3.75684583E-02
  2694.2000       3.75502406E-02
  2694.3000       3.75292329E-02
  2694.4000       3.75057507E-02
  2694.5000       3.74789229E-02
  2694.6000       3.74483516E-02
  2694.7000       3.74137585E-02
  2694.8000       3.73739419E-02
  2694.9000       3.73280790E-02
  2695.0000       3.72776337E-02
  2695.1000       3.72276437E-02
  2695.2000       3.71807028E-02
  2695.3000       3.71341221E-02
  2695.4000       3.70861299E-02
  2695.5000       3.70382234E-02
  2695.6000       3.69929185E-02
  2695.7000       3.69478643E-02
  2695.8000       3.69018623E-02
  2695.9000       3.68562843E-02
  2696.0000       3.68141886E-02
  2696.1000       3.67713969E-02
  2696.2000       3.67259166E-02
  2696.3000       3.66793134E-02
  2696.4000       3.66298458E-02
  2696.5000       3.65792424E-02
  2696.6000       3.65282870E-02
  2696.7000       3.64757689E-02
  2696.8000       3.64244026E-02
  2696.9000       3.63751154E-02
  2697.0000       3.63274805E-02
  2697.1000       3.62807492E-02
  2697.2000       3.62325793E-02
  2697.3000       3.61816329E-02
  2697.4000       3.61272557E-02
  2697.5000       3.60679508E-02
  2697.6000       3.60023681E-02
  2697.7000       3.59341907E-02
  2697.8000       3.58657239E-02
  2697.9000       3.57953453E-02
  2698.0000       3.57259805E-02
  2698.1000       3.56606748E-02
  2698.2000       3.55964191E-02
  2698.3000       3.55342711E-02
  2698.4000       3.54803011E-02
  2698.5000       3.54270991E-02
  2698.6000       3.53716817E-02
  2698.7000       3.53160361E-02
  2698.8000       3.52570048E-02
  2698.9000       3.52004081E-02
  2699.0000       3.51551889E-02
  2699.1000       3.51142238E-02
  2699.2000       3.50698712E-02
  2699.3000       3.50290918E-02
  2699.4000       3.49895213E-02
  2699.5000       3.49504364E-02
  2699.6000       3.49174851E-02
  2699.7000       3.48889782E-02
  2699.8000       3.48639157E-02
  2699.9000       3.48445255E-02
  2700.0000       3.48292505E-02
  2700.1000       3.48142550E-02
  2700.2000       3.48001876E-02
  2700.3000       3.47868824E-02
  2700.4000       3.47745093E-02
  2700.5000       3.47648260E-02
  2700.6000       3.47587101E-02
  2700.7000       3.47566305E-02
  2700.8000       3.47578968E-02
  2700.9000       3.47627564E-02
  2701.0000       3.47715212E-02
  2701.1000       3.47830872E-02
  2701.2000       3.47959958E-02
  2701.3000       3.48089604E-02
  2701.4000       3.48221316E-02
  2701.5000       3.48355463E-02
  2701.6000       3.48495741E-02
  2701.7000       3.48648719E-02
  2701.8000       3.48794840E-02
  2701.9000       3.48933185E-02
  2702.0000       3.49061420E-02
  2702.1000       3.49190840E-02
  2702.2000       3.49314161E-02
  2702.3000       3.49436097E-02
  2702.4000       3.49557048E-02
  2702.5000       3.49676199E-02
  2702.6000       3.49784982E-02
  2702.7000       3.49859505E-02
  2702.8000       3.49885849E-02
  2702.9000       3.49885223E-02
  2703.0000       3.49888839E-02
  2703.1000       3.49905547E-02
  2703.2000       3.49921560E-02
  2703.3000       3.49937252E-02
  2703.4000       3.49940373E-02
  2703.5000       3.49911068E-02
  2703.6000       3.49839199E-02
  2703.7000       3.49709580E-02
  2703.8000       3.49528876E-02
  2703.9000       3.49340856E-02
  2704.0000       3.49167829E-02
  2704.1000       3.48977517E-02
  2704.2000       3.48768725E-02
  2704.3000       3.48575169E-02
  2704.4000       3.48402758E-02
  2704.5000       3.48220304E-02
  2704.6000       3.48043070E-02
  2704.7000       3.47887219E-02
  2704.8000       3.47757775E-02
  2704.9000       3.47665216E-02
  2705.0000       3.47603662E-02
  2705.1000       3.47601281E-02
  2705.2000       3.47662163E-02
  2705.3000       3.47759296E-02
  2705.4000       3.47896691E-02
  2705.5000       3.48062755E-02
  2705.6000       3.48226739E-02
  2705.7000       3.48397406E-02
  2705.8000       3.48586911E-02
  2705.9000       3.48785320E-02
  2706.0000       3.49003059E-02
  2706.1000       3.49245218E-02
  2706.2000       3.49514852E-02
  2706.3000       3.49812008E-02
  2706.4000       3.50121514E-02
  2706.5000       3.50449831E-02
  2706.6000       3.50810250E-02
  2706.7000       3.51208161E-02
  2706.8000       3.51634226E-02
  2706.9000       3.52094882E-02
  2707.0000       3.52589554E-02
  2707.1000       3.53112789E-02
  2707.2000       3.53658262E-02
  2707.3000       3.54225737E-02
  2707.4000       3.54800898E-02
  2707.5000       3.55396107E-02
  2707.6000       3.56016460E-02
  2707.7000       3.56666628E-02
  2707.8000       3.57343190E-02
  2707.9000       3.58052638E-02
  2708.0000       3.58777020E-02
  2708.1000       3.59480724E-02
  2708.2000       3.60159130E-02
  2708.3000       3.60821219E-02
  2708.4000       3.61457986E-02
  2708.5000       3.62065178E-02
  2708.6000       3.62638536E-02
  2708.7000       3.63192381E-02
  2708.8000       3.63739820E-02
  2708.9000       3.64288514E-02
  2709.0000       3.64825232E-02
  2709.1000       3.65316816E-02
  2709.2000       3.65752167E-02
  2709.3000       3.66116413E-02
  2709.4000       3.66432925E-02
  2709.5000       3.66719422E-02
  2709.6000       3.66982167E-02
  2709.7000       3.67220744E-02
  2709.8000       3.67447593E-02
  2709.9000       3.67658186E-02
  2710.0000       3.67840902E-02
  2710.1000       3.68001322E-02
  2710.2000       3.68140455E-02
  2710.3000       3.68284159E-02
  2710.4000       3.68418010E-02
  2710.5000       3.68521206E-02
  2710.6000       3.68630496E-02
  2710.7000       3.68737557E-02
  2710.8000       3.68805467E-02
  2710.9000       3.68870987E-02
  2711.0000       3.68927659E-02
  2711.1000       3.68952003E-02
  2711.2000       3.68976531E-02
  2711.3000       3.68966516E-02
  2711.4000       3.68963828E-02
  2711.5000       3.68974515E-02
  2711.6000       3.68976212E-02
  2711.7000       3.68988482E-02
  2711.8000       3.69003444E-02
  2711.9000       3.69006234E-02
  2712.0000       3.69007114E-02
  2712.1000       3.69039679E-02
  2712.2000       3.69107075E-02
  2712.3000       3.69191676E-02
  2712.4000       3.69288286E-02
  2712.5000       3.69419793E-02
  2712.6000       3.69600445E-02
  2712.7000       3.69810252E-02
  2712.8000       3.70062931E-02
  2712.9000       3.70367584E-02
  2713.0000       3.70705654E-02
  2713.1000       3.71061760E-02
  2713.2000       3.71418346E-02
  2713.3000       3.71779661E-02
  2713.4000       3.72145394E-02
  2713.5000       3.72500764E-02
  2713.6000       3.72851460E-02
  2713.7000       3.73214799E-02
  2713.8000       3.73593300E-02
  2713.9000       3.73962099E-02
  2714.0000       3.74311193E-02
  2714.1000       3.74643447E-02
  2714.2000       3.74968639E-02
  2714.3000       3.75283176E-02
  2714.4000       3.75574128E-02
  2714.5000       3.75845556E-02
  2714.6000       3.76103296E-02
  2714.7000       3.76356763E-02
  2714.8000       3.76599447E-02
  2714.9000       3.76836062E-02
  2715.0000       3.77082988E-02
  2715.1000       3.77330521E-02
  2715.2000       3.77562367E-02
  2715.3000       3.77774744E-02
  2715.4000       3.77972519E-02
  2715.5000       3.78153752E-02
  2715.6000       3.78315003E-02
  2715.7000       3.78457816E-02
  2715.8000       3.78586364E-02
  2715.9000       3.78710658E-02
  2716.0000       3.78822660E-02
  2716.1000       3.78905159E-02
  2716.2000       3.78958256E-02
  2716.3000       3.78976281E-02
  2716.4000       3.78945330E-02
  2716.5000       3.78850359E-02
  2716.6000       3.78692443E-02
  2716.7000       3.78471142E-02
  2716.8000       3.78184253E-02
  2716.9000       3.77868013E-02
  2717.0000       3.77484574E-02
  2717.1000       3.77064768E-02
  2717.2000       3.76623746E-02
  2717.3000       3.76115833E-02
  2717.4000       3.75625543E-02
  2717.5000       3.75044167E-02
  2717.6000       3.74480693E-02
  2717.7000       3.73877205E-02
  2717.8000       3.73195529E-02
  2717.9000       3.72528686E-02
  2718.0000       3.71890566E-02
  2718.1000       3.71233847E-02
  2718.2000       3.70586562E-02
  2718.3000       3.69977597E-02
  2718.4000       3.69403931E-02
  2718.5000       3.68851432E-02
  2718.6000       3.68299014E-02
  2718.7000       3.67744258E-02
  2718.8000       3.67179017E-02
  2718.9000       3.66591166E-02
  2719.0000       3.66022573E-02
  2719.1000       3.65518324E-02
  2719.2000       3.65086894E-02
  2719.3000       3.64708340E-02
  2719.4000       3.64382554E-02
  2719.5000       3.64100808E-02
  2719.6000       3.63851527E-02
  2719.7000       3.63633122E-02
  2719.8000       3.63438062E-02
  2719.9000       3.63260313E-02
  2720.0000       3.63094105E-02
  2720.1000       3.62904992E-02
  2720.2000       3.62694472E-02
  2720.3000       3.62460090E-02
  2720.4000       3.62184471E-02
  2720.5000       3.61867675E-02
  2720.6000       3.61541285E-02
  2720.7000       3.61219049E-02
  2720.8000       3.60882406E-02
  2720.9000       3.60507406E-02
  2721.0000       3.60108896E-02
  2721.1000       3.59706043E-02
  2721.2000       3.59314604E-02
  2721.3000       3.58947214E-02
  2721.4000       3.58616831E-02
  2721.5000       3.58331137E-02
  2721.6000       3.58094476E-02
  2721.7000       3.57923946E-02
  2721.8000       3.57799789E-02
  2721.9000       3.57720677E-02
  2722.0000       3.57697111E-02
  2722.1000       3.57718680E-02
  2722.2000       3.57768077E-02
  2722.3000       3.57826504E-02
  2722.4000       3.57882262E-02
  2722.5000       3.57906961E-02
  2722.6000       3.57903827E-02
  2722.7000       3.57886958E-02
  2722.8000       3.57872398E-02
  2722.9000       3.57892861E-02
  2723.0000       3.57946688E-02
  2723.1000       3.57990585E-02
  2723.2000       3.57986064E-02
  2723.3000       3.57919568E-02
  2723.4000       3.57814143E-02
  2723.5000       3.57666989E-02
  2723.6000       3.57482019E-02
  2723.7000       3.57255611E-02
  2723.8000       3.56976870E-02
  2723.9000       3.56647035E-02
  2724.0000       3.56290063E-02
  2724.1000       3.55916548E-02
  2724.2000       3.55530102E-02
  2724.3000       3.55134114E-02
  2724.4000       3.54757232E-02
  2724.5000       3.54403186E-02
  2724.6000       3.54049716E-02
  2724.7000       3.53718625E-02
  2724.8000       3.53428967E-02
  2724.9000       3.53154840E-02
  2725.0000       3.52905447E-02
  2725.1000       3.52690951E-02
  2725.2000       3.52497055E-02
  2725.3000       3.52305734E-02
  2725.4000       3.52088708E-02
  2725.5000       3.51877022E-02
  2725.6000       3.51677217E-02
  2725.7000       3.51493850E-02
  2725.8000       3.51320299E-02
  2725.9000       3.51154292E-02
  2726.0000       3.51025570E-02
  2726.1000       3.50942798E-02
  2726.2000       3.50896774E-02
  2726.3000       3.50873722E-02
  2726.4000       3.50878481E-02
  2726.5000       3.50902415E-02
  2726.6000       3.50919874E-02
  2726.7000       3.50939619E-02
  2726.8000       3.50964100E-02
  2726.9000       3.51012906E-02
  2727.0000       3.51103246E-02
  2727.1000       3.51225888E-02
  2727.2000       3.51387814E-02
  2727.3000       3.51589211E-02
  2727.4000       3.51838266E-02
  2727.5000       3.52128277E-02
  2727.6000       3.52454677E-02
  2727.7000       3.52793814E-02
  2727.8000       3.53133221E-02
  2727.9000       3.53462711E-02
  2728.0000       3.53784351E-02
  2728.1000       3.54091369E-02
  2728.2000       3.54389500E-02
  2728.3000       3.54668368E-02
  2728.4000       3.54938540E-02
  2728.5000       3.55215214E-02
  2728.6000       3.55497185E-02
  2728.7000       3.55781089E-02
  2728.8000       3.56067609E-02
  2728.9000       3.56351844E-02
  2729.0000       3.56625569E-02
  2729.1000       3.56903283E-02
  2729.2000       3.57198162E-02
  2729.3000       3.57505309E-02
  2729.4000       3.57822796E-02
  2729.5000       3.58137146E-02
  2729.6000       3.58453288E-02
  2729.7000       3.58779345E-02
  2729.8000       3.59116842E-02
  2729.9000       3.59447177E-02
  2730.0000       3.59766487E-02
  2730.1000       3.60063479E-02
  2730.2000       3.60331063E-02
  2730.3000       3.60556272E-02
  2730.4000       3.60716064E-02
  2730.5000       3.60814344E-02
  2730.6000       3.60864595E-02
  2730.7000       3.60877003E-02
  2730.8000       3.60855169E-02
  2730.9000       3.60810917E-02
  2731.0000       3.60746716E-02
  2731.1000       3.60677105E-02
  2731.2000       3.60610762E-02
  2731.3000       3.60543007E-02
  2731.4000       3.60492571E-02
  2731.5000       3.60452728E-02
  2731.6000       3.60410960E-02
  2731.7000       3.60366563E-02
  2731.8000       3.60297108E-02
  2731.9000       3.60209202E-02
  2732.0000       3.60112852E-02
  2732.1000       3.59981380E-02
  2732.2000       3.59840088E-02
  2732.3000       3.59697463E-02
  2732.4000       3.59533568E-02
  2732.5000       3.59327023E-02
  2732.6000       3.59061506E-02
  2732.7000       3.58739970E-02
  2732.8000       3.58372958E-02
  2732.9000       3.57971144E-02
  2733.0000       3.57556414E-02
  2733.1000       3.57149163E-02
  2733.2000       3.56747409E-02
  2733.3000       3.56364056E-02
  2733.4000       3.56003779E-02
  2733.5000       3.55661738E-02
  2733.6000       3.55330813E-02
  2733.7000       3.55015734E-02
  2733.8000       3.54741082E-02
  2733.9000       3.54521545E-02
  2734.0000       3.54368487E-02
  2734.1000       3.54281213E-02
  2734.2000       3.54233206E-02
  2734.3000       3.54200160E-02
  2734.4000       3.54159210E-02
  2734.5000       3.54087336E-02
  2734.6000       3.53980473E-02
  2734.7000       3.53859390E-02
  2734.8000       3.53727976E-02
  2734.9000       3.53603570E-02
  2735.0000       3.53504319E-02
  2735.1000       3.53434928E-02
  2735.2000       3.53403046E-02
  2735.3000       3.53419778E-02
  2735.4000       3.53484737E-02
  2735.5000       3.53604472E-02
  2735.6000       3.53777137E-02
  2735.7000       3.53979026E-02
  2735.8000       3.54179631E-02
  2735.9000       3.54367737E-02
  2736.0000       3.54533641E-02
  2736.1000       3.54670066E-02
  2736.2000       3.54782716E-02
  2736.3000       3.54886106E-02
  2736.4000       3.54989080E-02
  2736.5000       3.55084662E-02
  2736.6000       3.55162687E-02
  2736.7000       3.55229752E-02
  2736.8000       3.55297303E-02
  2736.9000       3.55363880E-02
  2737.0000       3.55437982E-02
  2737.1000       3.55524829E-02
  2737.2000       3.55610766E-02
  2737.3000       3.55705633E-02
  2737.4000       3.55811488E-02
  2737.5000       3.55885353E-02
  2737.6000       3.55946646E-02
  2737.7000       3.56009812E-02
  2737.8000       3.56086746E-02
  2737.9000       3.56188552E-02
  2738.0000       3.56311702E-02
  2738.1000       3.56436616E-02
  2738.2000       3.56590522E-02
  2738.3000       3.56789120E-02
  2738.4000       3.56995118E-02
  2738.5000       3.57200648E-02
  2738.6000       3.57426929E-02
  2738.7000       3.57629551E-02
  2738.8000       3.57827412E-02
  2738.9000       3.58049315E-02
  2739.0000       3.58249303E-02
  2739.1000       3.58443696E-02
  2739.2000       3.58666167E-02
  2739.3000       3.58902979E-02
  2739.4000       3.59154578E-02
  2739.5000       3.59424750E-02
  2739.6000       3.59709776E-02
  2739.7000       3.59996909E-02
  2739.8000       3.60288906E-02
  2739.9000       3.60571037E-02
  2740.0000       3.60840516E-02
  2740.1000       3.61087297E-02
  2740.2000       3.61314750E-02
  2740.3000       3.61534613E-02
  2740.4000       3.61725409E-02
  2740.5000       3.61891864E-02
  2740.6000       3.62031655E-02
  2740.7000       3.62162675E-02
  2740.8000       3.62290600E-02
  2740.9000       3.62396340E-02
  2741.0000       3.62492386E-02
  2741.1000       3.62571536E-02
  2741.2000       3.62628848E-02
  2741.3000       3.62679124E-02
  2741.4000       3.62735754E-02
  2741.5000       3.62794091E-02
  2741.6000       3.62842513E-02
  2741.7000       3.62885327E-02
  2741.8000       3.62925318E-02
  2741.9000       3.62978315E-02
  2742.0000       3.63065678E-02
  2742.1000       3.63192111E-02
  2742.2000       3.63358722E-02
  2742.3000       3.63551783E-02
  2742.4000       3.63766660E-02
  2742.5000       3.63996073E-02
  2742.6000       3.64255915E-02
  2742.7000       3.64544062E-02
  2742.8000       3.64843293E-02
  2742.9000       3.65138771E-02
  2743.0000       3.65437527E-02
  2743.1000       3.65736026E-02
  2743.2000       3.66031319E-02
  2743.3000       3.66314594E-02
  2743.4000       3.66597434E-02
  2743.5000       3.66871345E-02
  2743.6000       3.67122451E-02
  2743.7000       3.67356868E-02
  2743.8000       3.67591115E-02
  2743.9000       3.67853116E-02
  2744.0000       3.68112703E-02
  2744.1000       3.68361792E-02
  2744.2000       3.68611744E-02
  2744.3000       3.68859405E-02
  2744.4000       3.69059389E-02
  2744.5000       3.69183995E-02
  2744.6000       3.69245035E-02
  2744.7000       3.69268356E-02
  2744.8000       3.69247178E-02
  2744.9000       3.69180406E-02
  2745.0000       3.69066503E-02
  2745.1000       3.68900219E-02
  2745.2000       3.68695166E-02
  2745.3000       3.68469568E-02
  2745.4000       3.68215307E-02
  2745.5000       3.67977149E-02
  2745.6000       3.67796871E-02
  2745.7000       3.67623206E-02
  2745.8000       3.67436847E-02
  2745.9000       3.67266269E-02
  2746.0000       3.67128023E-02
  2746.1000       3.66978212E-02
  2746.2000       3.66814848E-02
  2746.3000       3.66675400E-02
  2746.4000       3.66575700E-02
  2746.5000       3.66487291E-02
  2746.6000       3.66434737E-02
  2746.7000       3.66400630E-02
  2746.8000       3.66354431E-02
  2746.9000       3.66315457E-02
  2747.0000       3.66287651E-02
  2747.1000       3.66259695E-02
  2747.2000       3.66225942E-02
  2747.3000       3.66190654E-02
  2747.4000       3.66158912E-02
  2747.5000       3.66131918E-02
  2747.6000       3.66123929E-02
  2747.7000       3.66142884E-02
  2747.8000       3.66172403E-02
  2747.9000       3.66195782E-02
  2748.0000       3.66212452E-02
  2748.1000       3.66234634E-02
  2748.2000       3.66278047E-02
  2748.3000       3.66356067E-02
  2748.4000       3.66462218E-02
  2748.5000       3.66585292E-02
  2748.6000       3.66720077E-02
  2748.7000       3.66846277E-02
  2748.8000       3.66941534E-02
  2748.9000       3.66994845E-02
  2749.0000       3.66987805E-02
  2749.1000       3.66928053E-02
  2749.2000       3.66813264E-02
  2749.3000       3.66663163E-02
  2749.4000       3.66482333E-02
  2749.5000       3.66263845E-02
  2749.6000       3.66006449E-02
  2749.7000       3.65719183E-02
  2749.8000       3.65391357E-02
  2749.9000       3.65029032E-02
  2750.0000       3.64630708E-02
  2750.1000       3.64225931E-02
  2750.2000       3.63828396E-02
  2750.3000       3.63438540E-02
  2750.4000       3.63053052E-02
  2750.5000       3.62678901E-02
  2750.6000       3.62326139E-02
  2750.7000       3.61997778E-02
  2750.8000       3.61691931E-02
  2750.9000       3.61399282E-02
  2751.0000       3.61117053E-02
  2751.1000       3.60832292E-02
  2751.2000       3.60540302E-02
  2751.3000       3.60257133E-02
  2751.4000       3.59990276E-02
  2751.5000       3.59738185E-02
  2751.6000       3.59504613E-02
  2751.7000       3.59284212E-02
  2751.8000       3.59080894E-02
  2751.9000       3.58901800E-02
  2752.0000       3.58719446E-02
  2752.1000       3.58514592E-02
  2752.2000       3.58300386E-02
  2752.3000       3.58110195E-02
  2752.4000       3.57941860E-02
  2752.5000       3.57750218E-02
  2752.6000       3.57530908E-02
  2752.7000       3.57330857E-02
  2752.8000       3.57155404E-02
  2752.9000       3.56977308E-02
  2753.0000       3.56800124E-02
  2753.1000       3.56636642E-02
  2753.2000       3.56481614E-02
  2753.3000       3.56320394E-02
  2753.4000       3.56159122E-02
  2753.5000       3.56005315E-02
  2753.6000       3.55866586E-02
  2753.7000       3.55742370E-02
  2753.8000       3.55621552E-02
  2753.9000       3.55524549E-02
  2754.0000       3.55446860E-02
  2754.1000       3.55381743E-02
  2754.2000       3.55325236E-02
  2754.3000       3.55294758E-02
  2754.4000       3.55290786E-02
  2754.5000       3.55303078E-02
  2754.6000       3.55317751E-02
  2754.7000       3.55328863E-02
  2754.8000       3.55335353E-02
  2754.9000       3.55344560E-02
  2755.0000       3.55362911E-02
  2755.1000       3.55390788E-02
  2755.2000       3.55426666E-02
  2755.3000       3.55465596E-02
  2755.4000       3.55510249E-02
  2755.5000       3.55560709E-02
  2755.6000       3.55623666E-02
  2755.7000       3.55687836E-02
  2755.8000       3.55762051E-02
  2755.9000       3.55868940E-02
  2756.0000       3.56016521E-02
  2756.1000       3.56207444E-02
  2756.2000       3.56425145E-02
  2756.3000       3.56679321E-02
  2756.4000       3.56996444E-02
  2756.5000       3.57367209E-02
  2756.6000       3.57789648E-02
  2756.7000       3.58235566E-02
  2756.8000       3.58667671E-02
  2756.9000       3.59077360E-02
  2757.0000       3.59448414E-02
  2757.1000       3.59766102E-02
  2757.2000       3.60046355E-02
  2757.3000       3.60303884E-02
  2757.4000       3.60511293E-02
  2757.5000       3.60659568E-02
  2757.6000       3.60758787E-02
  2757.7000       3.60814574E-02
  2757.8000       3.60850041E-02
  2757.9000       3.60886490E-02
  2758.0000       3.60924533E-02
  2758.1000       3.60968418E-02
  2758.2000       3.61014671E-02
  2758.3000       3.61040823E-02
  2758.4000       3.61035827E-02
  2758.5000       3.60984544E-02
  2758.6000       3.60898385E-02
  2758.7000       3.60780649E-02
  2758.8000       3.60604858E-02
  2758.9000       3.60359587E-02
  2759.0000       3.60070909E-02
  2759.1000       3.59769461E-02
  2759.2000       3.59496181E-02
  2759.3000       3.59268131E-02
  2759.4000       3.59074974E-02
  2759.5000       3.58899533E-02
  2759.6000       3.58718344E-02
  2759.7000       3.58530262E-02
  2759.8000       3.58351992E-02
  2759.9000       3.58170363E-02
  2760.0000       3.57979445E-02
  2760.1000       3.57792281E-02
  2760.2000       3.57611326E-02
  2760.3000       3.57463162E-02
  2760.4000       3.57358878E-02
  2760.5000       3.57273003E-02
  2760.6000       3.57200581E-02
  2760.7000       3.57150661E-02
  2760.8000       3.57133738E-02
  2760.9000       3.57176901E-02
  2761.0000       3.57285447E-02
  2761.1000       3.57431939E-02
  2761.2000       3.57607510E-02
  2761.3000       3.57802378E-02
  2761.4000       3.58012377E-02
  2761.5000       3.58246803E-02
  2761.6000       3.58518402E-02
  2761.7000       3.58816131E-02
  2761.8000       3.59128699E-02
  2761.9000       3.59447862E-02
  2762.0000       3.59765832E-02
  2762.1000       3.60070847E-02
  2762.2000       3.60347134E-02
  2762.3000       3.60601674E-02
  2762.4000       3.60877998E-02
  2762.5000       3.61175638E-02
  2762.6000       3.61501945E-02
  2762.7000       3.61852938E-02
  2762.8000       3.62212525E-02
  2762.9000       3.62570127E-02
  2763.0000       3.62935167E-02
  2763.1000       3.63299228E-02
  2763.2000       3.63661559E-02
  2763.3000       3.64023221E-02
  2763.4000       3.64389089E-02
  2763.5000       3.64758806E-02
  2763.6000       3.65138492E-02
  2763.7000       3.65521926E-02
  2763.8000       3.65907808E-02
  2763.9000       3.66295283E-02
  2764.0000       3.66690231E-02
  2764.1000       3.67088225E-02
  2764.2000       3.67473123E-02
  2764.3000       3.67847712E-02
  2764.4000       3.68205175E-02
  2764.5000       3.68526816E-02
  2764.6000       3.68801758E-02
  2764.7000       3.69042380E-02
  2764.8000       3.69261969E-02
  2764.9000       3.69453153E-02
  2765.0000       3.69621516E-02
  2765.1000       3.69756879E-02
  2765.2000       3.69865983E-02
  2765.3000       3.69958447E-02
  2765.4000       3.70023408E-02
  2765.5000       3.70079758E-02
  2765.6000       3.70123875E-02
  2765.7000       3.70136817E-02
  2765.8000       3.70132062E-02
  2765.9000       3.70121004E-02
  2766.0000       3.70098371E-02
  2766.1000       3.70047597E-02
  2766.2000       3.69938547E-02
  2766.3000       3.69799327E-02
  2766.4000       3.69668516E-02
  2766.5000       3.69559196E-02
  2766.6000       3.69472150E-02
  2766.7000       3.69406578E-02
  2766.8000       3.69358827E-02
  2766.9000       3.69312032E-02
  2767.0000       3.69249732E-02
  2767.1000       3.69163942E-02
  2767.2000       3.69072513E-02
  2767.3000       3.68944937E-02
  2767.4000       3.68795086E-02
  2767.5000       3.68682380E-02
  2767.6000       3.68613428E-02
  2767.7000       3.68551408E-02
  2767.8000       3.68516860E-02
  2767.9000       3.68503076E-02
  2768.0000       3.68506609E-02
  2768.1000       3.68534320E-02
  2768.2000       3.68624945E-02
  2768.3000       3.68759509E-02
  2768.4000       3.68924452E-02
  2768.5000       3.69110396E-02
  2768.6000       3.69306026E-02
  2768.7000       3.69517350E-02
  2768.8000       3.69737572E-02
  2768.9000       3.69957038E-02
  2769.0000       3.70178781E-02
  2769.1000       3.70398702E-02
  2769.2000       3.70612819E-02
  2769.3000       3.70827224E-02
  2769.4000       3.71060736E-02
  2769.5000       3.71310200E-02
  2769.6000       3.71588349E-02
  2769.7000       3.71888319E-02
  2769.8000       3.72221296E-02
  2769.9000       3.72581478E-02
  2770.0000       3.72964231E-02
  2770.1000       3.73348732E-02
  2770.2000       3.73714807E-02
  2770.3000       3.74073958E-02
  2770.4000       3.74431788E-02
  2770.5000       3.74803684E-02
  2770.6000       3.75173001E-02
  2770.7000       3.75554632E-02
  2770.8000       3.75957943E-02
  2770.9000       3.76367770E-02
  2771.0000       3.76766605E-02
  2771.1000       3.77154386E-02
  2771.2000       3.77518596E-02
  2771.3000       3.77857747E-02
  2771.4000       3.78157868E-02
  2771.5000       3.78412210E-02
  2771.6000       3.78599238E-02
  2771.7000       3.78725069E-02
  2771.8000       3.78808856E-02
  2771.9000       3.78856550E-02
  2772.0000       3.78867759E-02
  2772.1000       3.78867575E-02
  2772.2000       3.78862203E-02
  2772.3000       3.78844291E-02
  2772.4000       3.78812433E-02
  2772.5000       3.78751817E-02
  2772.6000       3.78652374E-02
  2772.7000       3.78542956E-02
  2772.8000       3.78433364E-02
  2772.9000       3.78310887E-02
  2773.0000       3.78183530E-02
  2773.1000       3.78062378E-02
  2773.2000       3.77950410E-02
  2773.3000       3.77841819E-02
  2773.4000       3.77736222E-02
  2773.5000       3.77625828E-02
  2773.6000       3.77494224E-02
  2773.7000       3.77371192E-02
  2773.8000       3.77277508E-02
  2773.9000       3.77189207E-02
  2774.0000       3.77101559E-02
  2774.1000       3.77019534E-02
  2774.2000       3.76937382E-02
  2774.3000       3.76859392E-02
  2774.4000       3.76763155E-02
  2774.5000       3.76645599E-02
  2774.6000       3.76505316E-02
  2774.7000       3.76363628E-02
  2774.8000       3.76199010E-02
  2774.9000       3.76024745E-02
  2775.0000       3.75860120E-02
  2775.1000       3.75709457E-02
  2775.2000       3.75546036E-02
  2775.3000       3.75368721E-02
  2775.4000       3.75155344E-02
  2775.5000       3.74900846E-02
  2775.6000       3.74611146E-02
  2775.7000       3.74298493E-02
  2775.8000       3.73977393E-02
  2775.9000       3.73651775E-02
  2776.0000       3.73325142E-02
  2776.1000       3.73004566E-02
  2776.2000       3.72680563E-02
  2776.3000       3.72345882E-02
  2776.4000       3.71996546E-02
  2776.5000       3.71636632E-02
  2776.6000       3.71262355E-02
  2776.7000       3.70880879E-02
  2776.8000       3.70498838E-02
  2776.9000       3.70134260E-02
  2777.0000       3.69827334E-02
  2777.1000       3.69569246E-02
  2777.2000       3.69337410E-02
  2777.3000       3.69113275E-02
  2777.4000       3.68886433E-02
  2777.5000       3.68658493E-02
  2777.6000       3.68441406E-02
  2777.7000       3.68210039E-02
  2777.8000       3.67985268E-02
  2777.9000       3.67774112E-02
  2778.0000       3.67572723E-02
  2778.1000       3.67376777E-02
  2778.2000       3.67210184E-02
  2778.3000       3.67065164E-02
  2778.4000       3.66934704E-02
  2778.5000       3.66809588E-02
  2778.6000       3.66685714E-02
  2778.7000       3.66555845E-02
  2778.8000       3.66420777E-02
  2778.9000       3.66278384E-02
  2779.0000       3.66135792E-02
  2779.1000       3.65998552E-02
  2779.2000       3.65877767E-02
  2779.3000       3.65772894E-02
  2779.4000       3.65669211E-02
  2779.5000       3.65544481E-02
  2779.6000       3.65391393E-02
  2779.7000       3.65203662E-02
  2779.8000       3.65007197E-02
  2779.9000       3.64819960E-02
  2780.0000       3.64633342E-02
  2780.1000       3.64470954E-02
  2780.2000       3.64338945E-02
  2780.3000       3.64220638E-02
  2780.4000       3.64119395E-02
  2780.5000       3.64016212E-02
  2780.6000       3.63917707E-02
  2780.7000       3.63800511E-02
  2780.8000       3.63658764E-02
  2780.9000       3.63512364E-02
  2781.0000       3.63357734E-02
  2781.1000       3.63189351E-02
  2781.2000       3.63014716E-02
  2781.3000       3.62848045E-02
  2781.4000       3.62679538E-02
  2781.5000       3.62492830E-02
  2781.6000       3.62300126E-02
  2781.7000       3.62110548E-02
  2781.8000       3.61918799E-02
  2781.9000       3.61748011E-02
  2782.0000       3.61587768E-02
  2782.1000       3.61431830E-02
  2782.2000       3.61264103E-02
  2782.3000       3.61099595E-02
  2782.4000       3.60953907E-02
  2782.5000       3.60804559E-02
  2782.6000       3.60666957E-02
  2782.7000       3.60550503E-02
  2782.8000       3.60432226E-02
  2782.9000       3.60303975E-02
  2783.0000       3.60165859E-02
  2783.1000       3.60020985E-02
  2783.2000       3.59871937E-02
  2783.3000       3.59704789E-02
  2783.4000       3.59523468E-02
  2783.5000       3.59346310E-02
  2783.6000       3.59161948E-02
  2783.7000       3.58958463E-02
  2783.8000       3.58742563E-02
  2783.9000       3.58508992E-02
  2784.0000       3.58263025E-02
  2784.1000       3.58014934E-02
  2784.2000       3.57780454E-02
  2784.3000       3.57543929E-02
  2784.4000       3.57301155E-02
  2784.5000       3.57054886E-02
  2784.6000       3.56823637E-02
  2784.7000       3.56612475E-02
  2784.8000       3.56406822E-02
  2784.9000       3.56208000E-02
  2785.0000       3.56027441E-02
  2785.1000       3.55841651E-02
  2785.2000       3.55627913E-02
  2785.3000       3.55383580E-02
  2785.4000       3.55084989E-02
  2785.5000       3.54737319E-02
  2785.6000       3.54375249E-02
  2785.7000       3.54013581E-02
  2785.8000       3.53682677E-02
  2785.9000       3.53408097E-02
  2786.0000       3.53182540E-02
  2786.1000       3.52956361E-02
  2786.2000       3.52703333E-02
  2786.3000       3.52442704E-02
  2786.4000       3.52165163E-02
  2786.5000       3.51857997E-02
  2786.6000       3.51536686E-02
  2786.7000       3.51222043E-02
  2786.8000       3.50923511E-02
  2786.9000       3.50642413E-02
  2787.0000       3.50377036E-02
  2787.1000       3.50124173E-02
  2787.2000       3.49861635E-02
  2787.3000       3.49576496E-02
  2787.4000       3.49273081E-02
  2787.5000       3.48973925E-02
  2787.6000       3.48687929E-02
  2787.7000       3.48397758E-02
  2787.8000       3.48100695E-02
  2787.9000       3.47809410E-02
  2788.0000       3.47534707E-02
  2788.1000       3.47292282E-02
  2788.2000       3.47077648E-02
  2788.3000       3.46882385E-02
  2788.4000       3.46701692E-02
  2788.5000       3.46540053E-02
  2788.6000       3.46403198E-02
  2788.7000       3.46292534E-02
  2788.8000       3.46212412E-02
  2788.9000       3.46143755E-02
  2789.0000       3.46072134E-02
  2789.1000       3.46025033E-02
  2789.2000       3.46019348E-02
  2789.3000       3.46045745E-02
  2789.4000       3.46098215E-02
  2789.5000       3.46198558E-02
  2789.6000       3.46327121E-02
  2789.7000       3.46492470E-02
  2789.8000       3.46718765E-02
  2789.9000       3.46999739E-02
  2790.0000       3.47296254E-02
  2790.1000       3.47611082E-02
  2790.2000       3.47925377E-02
  2790.3000       3.48251488E-02
  2790.4000       3.48600935E-02
  2790.5000       3.48967590E-02
  2790.6000       3.49357764E-02
  2790.7000       3.49778636E-02
  2790.8000       3.50204588E-02
  2790.9000       3.50586058E-02
  2791.0000       3.50895271E-02
  2791.1000       3.51150047E-02
  2791.2000       3.51378300E-02
  2791.3000       3.51583508E-02
  2791.4000       3.51752475E-02
  2791.5000       3.51889789E-02
  2791.6000       3.51995645E-02
  2791.7000       3.52074764E-02
  2791.8000       3.52139962E-02
  2791.9000       3.52197940E-02
  2792.0000       3.52279850E-02
  2792.1000       3.52386264E-02
  2792.2000       3.52506508E-02
  2792.3000       3.52645508E-02
  2792.4000       3.52820789E-02
  2792.5000       3.53023636E-02
  2792.6000       3.53240607E-02
  2792.7000       3.53463578E-02
  2792.8000       3.53708952E-02
  2792.9000       3.53988322E-02
  2793.0000       3.54282701E-02
  2793.1000       3.54584677E-02
  2793.2000       3.54885697E-02
  2793.3000       3.55169818E-02
  2793.4000       3.55436531E-02
  2793.5000       3.55670170E-02
  2793.6000       3.55840827E-02
  2793.7000       3.55953767E-02
  2793.8000       3.56037194E-02
  2793.9000       3.56091910E-02
  2794.0000       3.56103780E-02
  2794.1000       3.56107203E-02
  2794.2000       3.56121260E-02
  2794.3000       3.56133632E-02
  2794.4000       3.56138384E-02
  2794.5000       3.56139540E-02
  2794.6000       3.56132532E-02
  2794.7000       3.56101719E-02
  2794.8000       3.56049998E-02
  2794.9000       3.55970372E-02
  2795.0000       3.55863865E-02
  2795.1000       3.55752377E-02
  2795.2000       3.55654554E-02
  2795.3000       3.55565367E-02
  2795.4000       3.55490452E-02
  2795.5000       3.55426815E-02
  2795.6000       3.55347741E-02
  2795.7000       3.55226697E-02
  2795.8000       3.55071782E-02
  2795.9000       3.54911576E-02
  2796.0000       3.54750029E-02
  2796.1000       3.54618298E-02
  2796.2000       3.54514569E-02
  2796.3000       3.54412058E-02
  2796.4000       3.54304005E-02
  2796.5000       3.54214818E-02
  2796.6000       3.54168156E-02
  2796.7000       3.54160815E-02
  2796.8000       3.54150500E-02
  2796.9000       3.54141667E-02
  2797.0000       3.54143015E-02
  2797.1000       3.54113104E-02
  2797.2000       3.54031674E-02
  2797.3000       3.53918438E-02
  2797.4000       3.53820315E-02
  2797.5000       3.53782209E-02
  2797.6000       3.53821086E-02
  2797.7000       3.53934261E-02
  2797.8000       3.54061576E-02
  2797.9000       3.54154335E-02
  2798.0000       3.54200530E-02
  2798.1000       3.54191817E-02
  2798.2000       3.54132422E-02
  2798.3000       3.54044907E-02
  2798.4000       3.53955962E-02
  2798.5000       3.53911410E-02
  2798.6000       3.53902199E-02
  2798.7000       3.53922475E-02
  2798.8000       3.53943080E-02
  2798.9000       3.53937599E-02
  2799.0000       3.53919820E-02
  2799.1000       3.53891657E-02
  2799.2000       3.53840870E-02
  2799.3000       3.53788052E-02
  2799.4000       3.53742629E-02
  2799.5000       3.53716449E-02
  2799.6000       3.53720403E-02
  2799.7000       3.53747056E-02
  2799.8000       3.53771558E-02
  2799.9000       3.53802073E-02
  2800.0000       3.53844014E-02
  2800.1000       3.53886638E-02
  2800.2000       3.53915733E-02
  2800.3000       3.53917939E-02
  2800.4000       3.53901066E-02
  2800.5000       3.53876363E-02
  2800.6000       3.53836181E-02
  2800.7000       3.53782066E-02
  2800.8000       3.53725412E-02
  2800.9000       3.53677338E-02
  2801.0000       3.53619718E-02
  2801.1000       3.53573041E-02
  2801.2000       3.53524200E-02
  2801.3000       3.53478842E-02
  2801.4000       3.53439335E-02
  2801.5000       3.53393515E-02
  2801.6000       3.53343785E-02
  2801.7000       3.53301545E-02
  2801.8000       3.53268261E-02
  2801.9000       3.53213912E-02
  2802.0000       3.53124394E-02
  2802.1000       3.53005145E-02
  2802.2000       3.52859303E-02
  2802.3000       3.52710290E-02
  2802.4000       3.52570950E-02
  2802.5000       3.52450796E-02
  2802.6000       3.52353763E-02
  2802.7000       3.52275600E-02
  2802.8000       3.52206861E-02
  2802.9000       3.52143354E-02
  2803.0000       3.52078517E-02
  2803.1000       3.51997142E-02
  2803.2000       3.51898196E-02
  2803.3000       3.51807337E-02
  2803.4000       3.51739621E-02
  2803.5000       3.51692881E-02
  2803.6000       3.51646562E-02
  2803.7000       3.51616198E-02
  2803.8000       3.51601922E-02
  2803.9000       3.51585617E-02
  2804.0000       3.51573479E-02
  2804.1000       3.51555504E-02
  2804.2000       3.51515389E-02
  2804.3000       3.51444125E-02
  2804.4000       3.51345708E-02
  2804.5000       3.51235218E-02
  2804.6000       3.51147363E-02
  2804.7000       3.51127802E-02
  2804.8000       3.51181999E-02
  2804.9000       3.51288335E-02
  2805.0000       3.51434767E-02
  2805.1000       3.51618906E-02
  2805.2000       3.51821527E-02
  2805.3000       3.52037342E-02
  2805.4000       3.52263425E-02
  2805.5000       3.52512038E-02
  2805.6000       3.52788943E-02
  2805.7000       3.53099641E-02
  2805.8000       3.53439871E-02
  2805.9000       3.53806209E-02
  2806.0000       3.54184116E-02
  2806.1000       3.54572370E-02
  2806.2000       3.54964903E-02
  2806.3000       3.55347974E-02
  2806.4000       3.55741895E-02
  2806.5000       3.56139317E-02
  2806.6000       3.56546859E-02
  2806.7000       3.56972509E-02
  2806.8000       3.57414082E-02
  2806.9000       3.57881738E-02
  2807.0000       3.58376897E-02
  2807.1000       3.58904569E-02
  2807.2000       3.59437567E-02
  2807.3000       3.59954839E-02
  2807.4000       3.60444851E-02
  2807.5000       3.60897992E-02
  2807.6000       3.61315091E-02
  2807.7000       3.61681025E-02
  2807.8000       3.61995377E-02
  2807.9000       3.62278890E-02
  2808.0000       3.62555304E-02
  2808.1000       3.62841871E-02
  2808.2000       3.63132483E-02
  2808.3000       3.63407918E-02
  2808.4000       3.63667037E-02
  2808.5000       3.63914303E-02
  2808.6000       3.64148274E-02
  2808.7000       3.64372549E-02
  2808.8000       3.64569215E-02
  2808.9000       3.64743936E-02
  2809.0000       3.64907739E-02
  2809.1000       3.65077228E-02
  2809.2000       3.65234349E-02
  2809.3000       3.65366973E-02
  2809.4000       3.65486810E-02
  2809.5000       3.65590352E-02
  2809.6000       3.65663385E-02
  2809.7000       3.65719602E-02
  2809.8000       3.65773208E-02
  2809.9000       3.65805726E-02
  2810.0000       3.65839356E-02
  2810.1000       3.65911513E-02
  2810.2000       3.66020163E-02
  2810.3000       3.66147457E-02
  2810.4000       3.66281403E-02
  2810.5000       3.66425928E-02
  2810.6000       3.66593205E-02
  2810.7000       3.66768514E-02
  2810.8000       3.66937486E-02
  2810.9000       3.67117405E-02
  2811.0000       3.67318572E-02
  2811.1000       3.67541948E-02
  2811.2000       3.67772747E-02
  2811.3000       3.68000758E-02
  2811.4000       3.68206037E-02
  2811.5000       3.68385736E-02
  2811.6000       3.68535118E-02
  2811.7000       3.68647210E-02
  2811.8000       3.68714252E-02
  2811.9000       3.68746555E-02
  2812.0000       3.68748085E-02
  2812.1000       3.68749118E-02
  2812.2000       3.68731158E-02
  2812.3000       3.68708580E-02
  2812.4000       3.68685567E-02
  2812.5000       3.68665933E-02
  2812.6000       3.68644205E-02
  2812.7000       3.68615341E-02
  2812.8000       3.68570768E-02
  2812.9000       3.68514421E-02
  2813.0000       3.68457078E-02
  2813.1000       3.68383648E-02
  2813.2000       3.68284980E-02
  2813.3000       3.68151616E-02
  2813.4000       3.67977946E-02
  2813.5000       3.67774944E-02
  2813.6000       3.67558748E-02
  2813.7000       3.67320293E-02
  2813.8000       3.67051668E-02
  2813.9000       3.66756864E-02
  2814.0000       3.66452455E-02
  2814.1000       3.66160746E-02
  2814.2000       3.65891315E-02
  2814.3000       3.65637102E-02
  2814.4000       3.65396726E-02
  2814.5000       3.65164505E-02
  2814.6000       3.64925652E-02
  2814.7000       3.64649865E-02
  2814.8000       3.64341494E-02
  2814.9000       3.64018697E-02
  2815.0000       3.63710178E-02
  2815.1000       3.63416996E-02
  2815.2000       3.63164826E-02
  2815.3000       3.62945378E-02
  2815.4000       3.62746608E-02
  2815.5000       3.62565695E-02
  2815.6000       3.62376643E-02
  2815.7000       3.62172894E-02
  2815.8000       3.61937561E-02
  2815.9000       3.61689068E-02
  2816.0000       3.61475428E-02
  2816.1000       3.61286609E-02
  2816.2000       3.61147208E-02
  2816.3000       3.61066482E-02
  2816.4000       3.60999535E-02
  2816.5000       3.60961912E-02
  2816.6000       3.60953265E-02
  2816.7000       3.60956539E-02
  2816.8000       3.60976763E-02
  2816.9000       3.60997350E-02
  2817.0000       3.61016907E-02
  2817.1000       3.61044045E-02
  2817.2000       3.61072456E-02
  2817.3000       3.61092049E-02
  2817.4000       3.61094097E-02
  2817.5000       3.61095746E-02
  2817.6000       3.61101709E-02
  2817.7000       3.61111837E-02
  2817.8000       3.61125496E-02
  2817.9000       3.61156610E-02
  2818.0000       3.61213908E-02
  2818.1000       3.61292774E-02
  2818.2000       3.61395308E-02
  2818.3000       3.61522623E-02
  2818.4000       3.61671079E-02
  2818.5000       3.61830862E-02
  2818.6000       3.61995336E-02
  2818.7000       3.62165660E-02
  2818.8000       3.62325750E-02
  2818.9000       3.62465338E-02
  2819.0000       3.62594777E-02
  2819.1000       3.62729286E-02
  2819.2000       3.62867290E-02
  2819.3000       3.62986641E-02
  2819.4000       3.63080782E-02
  2819.5000       3.63170756E-02
  2819.6000       3.63259207E-02
  2819.7000       3.63357203E-02
  2819.8000       3.63471157E-02
  2819.9000       3.63601138E-02
  2820.0000       3.63738201E-02
  2820.1000       3.63866854E-02
  2820.2000       3.63974465E-02
  2820.3000       3.64044531E-02
  2820.4000       3.64098725E-02
  2820.5000       3.64136999E-02
  2820.6000       3.64125060E-02
  2820.7000       3.64066562E-02
  2820.8000       3.63987316E-02
  2820.9000       3.63899019E-02
  2821.0000       3.63792658E-02
  2821.1000       3.63686181E-02
  2821.2000       3.63580821E-02
  2821.3000       3.63477388E-02
  2821.4000       3.63415686E-02
  2821.5000       3.63383810E-02
  2821.6000       3.63339837E-02
  2821.7000       3.63307751E-02
  2821.8000       3.63346995E-02
  2821.9000       3.63435623E-02
  2822.0000       3.63544035E-02
  2822.1000       3.63648974E-02
  2822.2000       3.63742594E-02
  2822.3000       3.63839643E-02
  2822.4000       3.63922282E-02
  2822.5000       3.63982415E-02
  2822.6000       3.64003077E-02
  2822.7000       3.64009159E-02
  2822.8000       3.64060896E-02
  2822.9000       3.64170104E-02
  2823.0000       3.64281490E-02
  2823.1000       3.64384280E-02
  2823.2000       3.64524884E-02
  2823.3000       3.64677864E-02
  2823.4000       3.64817923E-02
  2823.5000       3.64934816E-02
  2823.6000       3.65021020E-02
  2823.7000       3.65085175E-02
  2823.8000       3.65130731E-02
  2823.9000       3.65158352E-02
  2824.0000       3.65164473E-02
  2824.1000       3.65158529E-02
  2824.2000       3.65142692E-02
  2824.3000       3.65116663E-02
  2824.4000       3.65101815E-02
  2824.5000       3.65085000E-02
  2824.6000       3.65064557E-02
  2824.7000       3.65055298E-02
  2824.8000       3.65055656E-02
  2824.9000       3.65062159E-02
  2825.0000       3.65085318E-02
  2825.1000       3.65110255E-02
  2825.2000       3.65125742E-02
  2825.3000       3.65158299E-02
  2825.4000       3.65223994E-02
  2825.5000       3.65329066E-02
  2825.6000       3.65470871E-02
  2825.7000       3.65643809E-02
  2825.8000       3.65832687E-02
  2825.9000       3.66021912E-02
  2826.0000       3.66208099E-02
  2826.1000       3.66388688E-02
  2826.2000       3.66566897E-02
  2826.3000       3.66734719E-02
  2826.4000       3.66887831E-02
  2826.5000       3.67018522E-02
  2826.6000       3.67137785E-02
  2826.7000       3.67243416E-02
  2826.8000       3.67372543E-02
  2826.9000       3.67524397E-02
  2827.0000       3.67697364E-02
  2827.1000       3.67877465E-02
  2827.2000       3.68061232E-02
  2827.3000       3.68243223E-02
  2827.4000       3.68409947E-02
  2827.5000       3.68570116E-02
  2827.6000       3.68719838E-02
  2827.7000       3.68826451E-02
  2827.8000       3.68890148E-02
  2827.9000       3.68941969E-02
  2828.0000       3.68992629E-02
  2828.1000       3.69041167E-02
  2828.2000       3.69067907E-02
  2828.3000       3.69082266E-02
  2828.4000       3.69080909E-02
  2828.5000       3.69078725E-02
  2828.6000       3.69087385E-02
  2828.7000       3.69112808E-02
  2828.8000       3.69152553E-02
  2828.9000       3.69193373E-02
  2829.0000       3.69229030E-02
  2829.1000       3.69241075E-02
  2829.2000       3.69235419E-02
  2829.3000       3.69218247E-02
  2829.4000       3.69140685E-02
  2829.5000       3.69041157E-02
  2829.6000       3.68905230E-02
  2829.7000       3.68726779E-02
  2829.8000       3.68545281E-02
  2829.9000       3.68396953E-02
  2830.0000       3.68280639E-02
  2830.1000       3.68177900E-02
  2830.2000       3.68075312E-02
  2830.3000       3.67986244E-02
  2830.4000       3.67892870E-02
  2830.5000       3.67774503E-02
  2830.6000       3.67631483E-02
  2830.7000       3.67472972E-02
  2830.8000       3.67305403E-02
  2830.9000       3.67129293E-02
  2831.0000       3.66954433E-02
  2831.1000       3.66768610E-02
  2831.2000       3.66584040E-02
  2831.3000       3.66447390E-02
  2831.4000       3.66369073E-02
  2831.5000       3.66340626E-02
  2831.6000       3.66357968E-02
  2831.7000       3.66420562E-02
  2831.8000       3.66512896E-02
  2831.9000       3.66642296E-02
  2832.0000       3.66783064E-02
  2832.1000       3.66930501E-02
  2832.2000       3.67076547E-02
  2832.3000       3.67218401E-02
  2832.4000       3.67367149E-02
  2832.5000       3.67533557E-02
  2832.6000       3.67697339E-02
  2832.7000       3.67864280E-02
  2832.8000       3.68034430E-02
  2832.9000       3.68190526E-02
  2833.0000       3.68327360E-02
  2833.1000       3.68438975E-02
  2833.2000       3.68523675E-02
  2833.3000       3.68568828E-02
  2833.4000       3.68569149E-02
  2833.5000       3.68523135E-02
  2833.6000       3.68431808E-02
  2833.7000       3.68315242E-02
  2833.8000       3.68196574E-02
  2833.9000       3.68082002E-02
  2834.0000       3.67959939E-02
  2834.1000       3.67830133E-02
  2834.2000       3.67704942E-02
  2834.3000       3.67573591E-02
  2834.4000       3.67399311E-02
  2834.5000       3.67164945E-02
  2834.6000       3.66873071E-02
  2834.7000       3.66522018E-02
  2834.8000       3.66115659E-02
  2834.9000       3.65668793E-02
  2835.0000       3.65199113E-02
  2835.1000       3.64715672E-02
  2835.2000       3.64218289E-02
  2835.3000       3.63704402E-02
  2835.4000       3.63185639E-02
  2835.5000       3.62669946E-02
  2835.6000       3.62153408E-02
  2835.7000       3.61635919E-02
  2835.8000       3.61122688E-02
  2835.9000       3.60604499E-02
  2836.0000       3.60087972E-02
  2836.1000       3.59588056E-02
  2836.2000       3.59083229E-02
  2836.3000       3.58585175E-02
  2836.4000       3.58098712E-02
  2836.5000       3.57579084E-02
  2836.6000       3.57064128E-02
  2836.7000       3.56596520E-02
  2836.8000       3.56126948E-02
  2836.9000       3.55691284E-02
  2837.0000       3.55356923E-02
  2837.1000       3.55094321E-02
  2837.2000       3.54849390E-02
  2837.3000       3.54649927E-02
  2837.4000       3.54475554E-02
  2837.5000       3.54288820E-02
  2837.6000       3.54091887E-02
  2837.7000       3.53883923E-02
  2837.8000       3.53639827E-02
  2837.9000       3.53361627E-02
  2838.0000       3.53105731E-02
  2838.1000       3.52883732E-02
  2838.2000       3.52685818E-02
  2838.3000       3.52542755E-02
  2838.4000       3.52437565E-02
  2838.5000       3.52358745E-02
  2838.6000       3.52306240E-02
  2838.7000       3.52284894E-02
  2838.8000       3.52306168E-02
  2838.9000       3.52365852E-02
  2839.0000       3.52426882E-02
  2839.1000       3.52495398E-02
  2839.2000       3.52567437E-02
  2839.3000       3.52644887E-02
  2839.4000       3.52732490E-02
  2839.5000       3.52811690E-02
  2839.6000       3.52877549E-02
  2839.7000       3.52929918E-02
  2839.8000       3.52969242E-02
  2839.9000       3.52992061E-02
  2840.0000       3.53004439E-02
  2840.1000       3.53025126E-02
  2840.2000       3.53049593E-02
  2840.3000       3.53068564E-02
  2840.4000       3.53086751E-02
  2840.5000       3.53119207E-02
  2840.6000       3.53155606E-02
  2840.7000       3.53192966E-02
  2840.8000       3.53235439E-02
  2840.9000       3.53293129E-02
  2841.0000       3.53362955E-02
  2841.1000       3.53441673E-02
  2841.2000       3.53518951E-02
  2841.3000       3.53594473E-02
  2841.4000       3.53681474E-02
  2841.5000       3.53763824E-02
  2841.6000       3.53826198E-02
  2841.7000       3.53848825E-02
  2841.8000       3.53819736E-02
  2841.9000       3.53765387E-02
  2842.0000       3.53699759E-02
  2842.1000       3.53596738E-02
  2842.2000       3.53452113E-02
  2842.3000       3.53258505E-02
  2842.4000       3.53011373E-02
  2842.5000       3.52703964E-02
  2842.6000       3.52348785E-02
  2842.7000       3.51944940E-02
  2842.8000       3.51511962E-02
  2842.9000       3.51048833E-02
  2843.0000       3.50568129E-02
  2843.1000       3.50102919E-02
  2843.2000       3.49647462E-02
  2843.3000       3.49218250E-02
  2843.4000       3.48830105E-02
  2843.5000       3.48467496E-02
  2843.6000       3.48128058E-02
  2843.7000       3.47815469E-02
  2843.8000       3.47515834E-02
  2843.9000       3.47239124E-02
  2844.0000       3.46979497E-02
  2844.1000       3.46738869E-02
  2844.2000       3.46516543E-02
  2844.3000       3.46307573E-02
  2844.4000       3.46107012E-02
  2844.5000       3.45889516E-02
  2844.6000       3.45646712E-02
  2844.7000       3.45373933E-02
  2844.8000       3.45079673E-02
  2844.9000       3.44763944E-02
  2845.0000       3.44436692E-02
  2845.1000       3.44095968E-02
  2845.2000       3.43739546E-02
  2845.3000       3.43369030E-02
  2845.4000       3.42988930E-02
  2845.5000       3.42605171E-02
  2845.6000       3.42225920E-02
  2845.7000       3.41852584E-02
  2845.8000       3.41501797E-02
  2845.9000       3.41188717E-02
  2846.0000       3.40910034E-02
  2846.1000       3.40658612E-02
  2846.2000       3.40429644E-02
  2846.3000       3.40225334E-02
  2846.4000       3.40047927E-02
  2846.5000       3.39903734E-02
  2846.6000       3.39784184E-02
  2846.7000       3.39682109E-02
  2846.8000       3.39584067E-02
  2846.9000       3.39476346E-02
  2847.0000       3.39366817E-02
  2847.1000       3.39255593E-02
  2847.2000       3.39148088E-02
  2847.3000       3.39056501E-02
  2847.4000       3.38995535E-02
  2847.5000       3.38953541E-02
  2847.6000       3.38921542E-02
  2847.7000       3.38899391E-02
  2847.8000       3.38882124E-02
  2847.9000       3.38875682E-02
  2848.0000       3.38877685E-02
  2848.1000       3.38896188E-02
  2848.2000       3.38947304E-02
  2848.3000       3.39041217E-02
  2848.4000       3.39175443E-02
  2848.5000       3.39331711E-02
  2848.6000       3.39470547E-02
  2848.7000       3.39562002E-02
  2848.8000       3.39625500E-02
  2848.9000       3.39676633E-02
  2849.0000       3.39710850E-02
  2849.1000       3.39741884E-02
  2849.2000       3.39797658E-02
  2849.3000       3.39885004E-02
  2849.4000       3.40031425E-02
  2849.5000       3.40235567E-02
  2849.6000       3.40471691E-02
  2849.7000       3.40721818E-02
  2849.8000       3.40979296E-02
  2849.9000       3.41235034E-02
  2850.0000       3.41484925E-02
  2850.1000       3.41718367E-02
  2850.2000       3.41942688E-02
  2850.3000       3.42152068E-02
  2850.4000       3.42341133E-02
  2850.5000       3.42518498E-02
  2850.6000       3.42693441E-02
  2850.7000       3.42872492E-02
  2850.8000       3.43059288E-02
  2850.9000       3.43266400E-02
  2851.0000       3.43493648E-02
  2851.1000       3.43726000E-02
  2851.2000       3.43971640E-02
  2851.3000       3.44228428E-02
  2851.4000       3.44493703E-02
  2851.5000       3.44772853E-02
  2851.6000       3.45077433E-02
  2851.7000       3.45404996E-02
  2851.8000       3.45751047E-02
  2851.9000       3.46100987E-02
  2852.0000       3.46441923E-02
  2852.1000       3.46771992E-02
  2852.2000       3.47078809E-02
  2852.3000       3.47348995E-02
  2852.4000       3.47573124E-02
  2852.5000       3.47776435E-02
  2852.6000       3.47968191E-02
  2852.7000       3.48159421E-02
  2852.8000       3.48370001E-02
  2852.9000       3.48608446E-02
  2853.0000       3.48888803E-02
  2853.1000       3.49217002E-02
  2853.2000       3.49580294E-02
  2853.3000       3.49969483E-02
  2853.4000       3.50383246E-02
  2853.5000       3.50817405E-02
  2853.6000       3.51264084E-02
  2853.7000       3.51711364E-02
  2853.8000       3.52155711E-02
  2853.9000       3.52592497E-02
  2854.0000       3.53002684E-02
  2854.1000       3.53375195E-02
  2854.2000       3.53721096E-02
  2854.3000       3.54037768E-02
  2854.4000       3.54329240E-02
  2854.5000       3.54606823E-02
  2854.6000       3.54876787E-02
  2854.7000       3.55131272E-02
  2854.8000       3.55364534E-02
  2854.9000       3.55568594E-02
  2855.0000       3.55752260E-02
  2855.1000       3.55903621E-02
  2855.2000       3.56019876E-02
  2855.3000       3.56094745E-02
  2855.4000       3.56127779E-02
  2855.5000       3.56131882E-02
  2855.6000       3.56090066E-02
  2855.7000       3.55966211E-02
  2855.8000       3.55778199E-02
  2855.9000       3.55547719E-02
  2856.0000       3.55276142E-02
  2856.1000       3.54974182E-02
  2856.2000       3.54654657E-02
  2856.3000       3.54333729E-02
  2856.4000       3.54016531E-02
  2856.5000       3.53668274E-02
  2856.6000       3.53304080E-02
  2856.7000       3.52958506E-02
  2856.8000       3.52646720E-02
  2856.9000       3.52397659E-02
  2857.0000       3.52213249E-02
  2857.1000       3.52088878E-02
  2857.2000       3.51996441E-02
  2857.3000       3.51920380E-02
  2857.4000       3.51841085E-02
  2857.5000       3.51726232E-02
  2857.6000       3.51610713E-02
  2857.7000       3.51537641E-02
  2857.8000       3.51503033E-02
  2857.9000       3.51505669E-02
  2858.0000       3.51560258E-02
  2858.1000       3.51648311E-02
  2858.2000       3.51746239E-02
  2858.3000       3.51855824E-02
  2858.4000       3.51960746E-02
  2858.5000       3.52055940E-02
  2858.6000       3.52139312E-02
  2858.7000       3.52246804E-02
  2858.8000       3.52382610E-02
  2858.9000       3.52533250E-02
  2859.0000       3.52696113E-02
  2859.1000       3.52877154E-02
  2859.2000       3.53086153E-02
  2859.3000       3.53336277E-02
  2859.4000       3.53630402E-02
  2859.5000       3.53960101E-02
  2859.6000       3.54307637E-02
  2859.7000       3.54658640E-02
  2859.8000       3.54983506E-02
  2859.9000       3.55253671E-02
  2860.0000       3.55460252E-02
  2860.1000       3.55625118E-02
  2860.2000       3.55761481E-02
  2860.3000       3.55877845E-02
  2860.4000       3.55988055E-02
  2860.5000       3.56067529E-02
  2860.6000       3.56105519E-02
  2860.7000       3.56098070E-02
  2860.8000       3.56039043E-02
  2860.9000       3.55944128E-02
  2861.0000       3.55814213E-02
  2861.1000       3.55639432E-02
  2861.2000       3.55414894E-02
  2861.3000       3.55133324E-02
  2861.4000       3.54801553E-02
  2861.5000       3.54470370E-02
  2861.6000       3.54171153E-02
  2861.7000       3.53907210E-02
  2861.8000       3.53672738E-02
  2861.9000       3.53453301E-02
  2862.0000       3.53235768E-02
  2862.1000       3.53015504E-02
  2862.2000       3.52794566E-02
  2862.3000       3.52593291E-02
  2862.4000       3.52419110E-02
  2862.5000       3.52262939E-02
  2862.6000       3.52111355E-02
  2862.7000       3.51971315E-02
  2862.8000       3.51832301E-02
  2862.9000       3.51688130E-02
  2863.0000       3.51526448E-02
  2863.1000       3.51343226E-02
  2863.2000       3.51142293E-02
  2863.3000       3.50911592E-02
  2863.4000       3.50661498E-02
  2863.5000       3.50435258E-02
  2863.6000       3.50229898E-02
  2863.7000       3.50046857E-02
  2863.8000       3.49882316E-02
  2863.9000       3.49731671E-02
  2864.0000       3.49592880E-02
  2864.1000       3.49473273E-02
  2864.2000       3.49359382E-02
  2864.3000       3.49254565E-02
  2864.4000       3.49179909E-02
  2864.5000       3.49110223E-02
  2864.6000       3.49012055E-02
  2864.7000       3.48895616E-02
  2864.8000       3.48768941E-02
  2864.9000       3.48657636E-02
  2865.0000       3.48553896E-02
  2865.1000       3.48432521E-02
  2865.2000       3.48275813E-02
  2865.3000       3.48086556E-02
  2865.4000       3.47857116E-02
  2865.5000       3.47593610E-02
  2865.6000       3.47328885E-02
  2865.7000       3.47065853E-02
  2865.8000       3.46826777E-02
  2865.9000       3.46624248E-02
  2866.0000       3.46432388E-02
  2866.1000       3.46228755E-02
  2866.2000       3.46005972E-02
  2866.3000       3.45770206E-02
  2866.4000       3.45528182E-02
  2866.5000       3.45290391E-02
  2866.6000       3.45076377E-02
  2866.7000       3.44916747E-02
  2866.8000       3.44818796E-02
  2866.9000       3.44768905E-02
  2867.0000       3.44757395E-02
  2867.1000       3.44777417E-02
  2867.2000       3.44816828E-02
  2867.3000       3.44861506E-02
  2867.4000       3.44899934E-02
  2867.5000       3.44948063E-02
  2867.6000       3.45010039E-02
  2867.7000       3.45096514E-02
  2867.8000       3.45235074E-02
  2867.9000       3.45432910E-02
  2868.0000       3.45685127E-02
  2868.1000       3.45963635E-02
  2868.2000       3.46247644E-02
  2868.3000       3.46516150E-02
  2868.4000       3.46747196E-02
  2868.5000       3.46946727E-02
  2868.6000       3.47129339E-02
  2868.7000       3.47307529E-02
  2868.8000       3.47489520E-02
  2868.9000       3.47651739E-02
  2869.0000       3.47801772E-02
  2869.1000       3.47933348E-02
  2869.2000       3.48024495E-02
  2869.3000       3.48084596E-02
  2869.4000       3.48133647E-02
  2869.5000       3.48174362E-02
  2869.6000       3.48210326E-02
  2869.7000       3.48241310E-02
  2869.8000       3.48237857E-02
  2869.9000       3.48167904E-02
  2870.0000       3.48032681E-02
  2870.1000       3.47825645E-02
  2870.2000       3.47553822E-02
  2870.3000       3.47244691E-02
  2870.4000       3.46928433E-02
  2870.5000       3.46616499E-02
  2870.6000       3.46305882E-02
  2870.7000       3.45979528E-02
  2870.8000       3.45623523E-02
  2870.9000       3.45248094E-02
  2871.0000       3.44864919E-02
  2871.1000       3.44501981E-02
  2871.2000       3.44177918E-02
  2871.3000       3.43891368E-02
  2871.4000       3.43636884E-02
  2871.5000       3.43393160E-02
  2871.6000       3.43158319E-02
  2871.7000       3.42945415E-02
  2871.8000       3.42784291E-02
  2871.9000       3.42658224E-02
  2872.0000       3.42563681E-02
  2872.1000       3.42508125E-02
  2872.2000       3.42494042E-02
  2872.3000       3.42521775E-02
  2872.4000       3.42590009E-02
  2872.5000       3.42686559E-02
  2872.6000       3.42805075E-02
  2872.7000       3.42972515E-02
  2872.8000       3.43191464E-02
  2872.9000       3.43453867E-02
  2873.0000       3.43740903E-02
  2873.1000       3.44035967E-02
  2873.2000       3.44306086E-02
  2873.3000       3.44552782E-02
  2873.4000       3.44778085E-02
  2873.5000       3.44975088E-02
  2873.6000       3.45147679E-02
  2873.7000       3.45306156E-02
  2873.8000       3.45457694E-02
  2873.9000       3.45626722E-02
  2874.0000       3.45826564E-02
  2874.1000       3.46038311E-02
  2874.2000       3.46253625E-02
  2874.3000       3.46461660E-02
  2874.4000       3.46648220E-02
  2874.5000       3.46787524E-02
  2874.6000       3.46874085E-02
  2874.7000       3.46895678E-02
  2874.8000       3.46872889E-02
  2874.9000       3.46829780E-02
  2875.0000       3.46774876E-02
  2875.1000       3.46712887E-02
  2875.2000       3.46649567E-02
  2875.3000       3.46581759E-02
  2875.4000       3.46515274E-02
  2875.5000       3.46455663E-02
  2875.6000       3.46400124E-02
  2875.7000       3.46329369E-02
  2875.8000       3.46255289E-02
  2875.9000       3.46187742E-02
  2876.0000       3.46119605E-02
  2876.1000       3.46032401E-02
  2876.2000       3.45904155E-02
  2876.3000       3.45746292E-02
  2876.4000       3.45560080E-02
  2876.5000       3.45347068E-02
  2876.6000       3.45093024E-02
  2876.7000       3.44800972E-02
  2876.8000       3.44494766E-02
  2876.9000       3.44185765E-02
  2877.0000       3.43881724E-02
  2877.1000       3.43588550E-02
  2877.2000       3.43312119E-02
  2877.3000       3.43060825E-02
  2877.4000       3.42845935E-02
  2877.5000       3.42664353E-02
  2877.6000       3.42489769E-02
  2877.7000       3.42304389E-02
  2877.8000       3.42135817E-02
  2877.9000       3.42010060E-02
  2878.0000       3.41921350E-02
  2878.1000       3.41830769E-02
  2878.2000       3.41753100E-02
  2878.3000       3.41692697E-02
  2878.4000       3.41619761E-02
  2878.5000       3.41528145E-02
  2878.6000       3.41425029E-02
  2878.7000       3.41320926E-02
  2878.8000       3.41234347E-02
  2878.9000       3.41174888E-02
  2879.0000       3.41148641E-02
  2879.1000       3.41138719E-02
  2879.2000       3.41146807E-02
  2879.3000       3.41180838E-02
  2879.4000       3.41233359E-02
  2879.5000       3.41289314E-02
  2879.6000       3.41336392E-02
  2879.7000       3.41374455E-02
  2879.8000       3.41420133E-02
  2879.9000       3.41481838E-02
  2880.0000       3.41572476E-02
  2880.1000       3.41676933E-02
  2880.2000       3.41794929E-02
  2880.3000       3.41895845E-02
  2880.4000       3.41985686E-02
  2880.5000       3.42072361E-02
  2880.6000       3.42176938E-02
  2880.7000       3.42300763E-02
  2880.8000       3.42442262E-02
  2880.9000       3.42598014E-02
  2881.0000       3.42748352E-02
  2881.1000       3.42885963E-02
  2881.2000       3.43005751E-02
  2881.3000       3.43103776E-02
  2881.4000       3.43186354E-02
  2881.5000       3.43266414E-02
  2881.6000       3.43363748E-02
  2881.7000       3.43478294E-02
  2881.8000       3.43587962E-02
  2881.9000       3.43696394E-02
  2882.0000       3.43806409E-02
  2882.1000       3.43901171E-02
  2882.2000       3.43967255E-02
  2882.3000       3.44001064E-02
  2882.4000       3.43997025E-02
  2882.5000       3.43952062E-02
  2882.6000       3.43893256E-02
  2882.7000       3.43828919E-02
  2882.8000       3.43761738E-02
  2882.9000       3.43691381E-02
  2883.0000       3.43630620E-02
  2883.1000       3.43568730E-02
  2883.2000       3.43517822E-02
  2883.3000       3.43486357E-02
  2883.4000       3.43480688E-02
  2883.5000       3.43501738E-02
  2883.6000       3.43549806E-02
  2883.7000       3.43600051E-02
  2883.8000       3.43626891E-02
  2883.9000       3.43647975E-02
  2884.0000       3.43684336E-02
  2884.1000       3.43749696E-02
  2884.2000       3.43824120E-02
  2884.3000       3.43897818E-02
  2884.4000       3.43966365E-02
  2884.5000       3.44038523E-02
  2884.6000       3.44123809E-02
  2884.7000       3.44204638E-02
  2884.8000       3.44283906E-02
  2884.9000       3.44365882E-02
  2885.0000       3.44457153E-02
  2885.1000       3.44550721E-02
  2885.2000       3.44634265E-02
  2885.3000       3.44714864E-02
  2885.4000       3.44798750E-02
  2885.5000       3.44882647E-02
  2885.6000       3.44958752E-02
  2885.7000       3.45033189E-02
  2885.8000       3.45124073E-02
  2885.9000       3.45207154E-02
  2886.0000       3.45272375E-02
  2886.1000       3.45327952E-02
  2886.2000       3.45391631E-02
  2886.3000       3.45463983E-02
  2886.4000       3.45547962E-02
  2886.5000       3.45635056E-02
  2886.6000       3.45715899E-02
  2886.7000       3.45793973E-02
  2886.8000       3.45865195E-02
  2886.9000       3.45930039E-02
  2887.0000       3.45997437E-02
  2887.1000       3.46064445E-02
  2887.2000       3.46128085E-02
  2887.3000       3.46182360E-02
  2887.4000       3.46237674E-02
  2887.5000       3.46293858E-02
  2887.6000       3.46332766E-02
  2887.7000       3.46328119E-02
  2887.8000       3.46274580E-02
  2887.9000       3.46183724E-02
  2888.0000       3.46065048E-02
  2888.1000       3.45918942E-02
  2888.2000       3.45754804E-02
  2888.3000       3.45565155E-02
  2888.4000       3.45356198E-02
  2888.5000       3.45125529E-02
  2888.6000       3.44869725E-02
  2888.7000       3.44603758E-02
  2888.8000       3.44343846E-02
  2888.9000       3.44106202E-02
  2889.0000       3.43921871E-02
  2889.1000       3.43782801E-02
  2889.2000       3.43677243E-02
  2889.3000       3.43614428E-02
  2889.4000       3.43588668E-02
  2889.5000       3.43578290E-02
  2889.6000       3.43565815E-02
  2889.7000       3.43544250E-02
  2889.8000       3.43517481E-02
  2889.9000       3.43498262E-02
  2890.0000       3.43480934E-02
  2890.1000       3.43456782E-02
  2890.2000       3.43418008E-02
  2890.3000       3.43366642E-02
  2890.4000       3.43303656E-02
  2890.5000       3.43246863E-02
  2890.6000       3.43207708E-02
  2890.7000       3.43182989E-02
  2890.8000       3.43171270E-02
  2890.9000       3.43155143E-02
  2891.0000       3.43151732E-02
  2891.1000       3.43168608E-02
  2891.2000       3.43209587E-02
  2891.3000       3.43272191E-02
  2891.4000       3.43344539E-02
  2891.5000       3.43414982E-02
  2891.6000       3.43462527E-02
  2891.7000       3.43469514E-02
  2891.8000       3.43437071E-02
  2891.9000       3.43360558E-02
  2892.0000       3.43248520E-02
  2892.1000       3.43095824E-02
  2892.2000       3.42914698E-02
  2892.3000       3.42702514E-02
  2892.4000       3.42426983E-02
  2892.5000       3.42103871E-02
  2892.6000       3.41752483E-02
  2892.7000       3.41394139E-02
  2892.8000       3.41042277E-02
  2892.9000       3.40730193E-02
  2893.0000       3.40460081E-02
  2893.1000       3.40235345E-02
  2893.2000       3.40045582E-02
  2893.3000       3.39882587E-02
  2893.4000       3.39742302E-02
  2893.5000       3.39619303E-02
  2893.6000       3.39517321E-02
  2893.7000       3.39432079E-02
  2893.8000       3.39357751E-02
  2893.9000       3.39292413E-02
  2894.0000       3.39235055E-02
  2894.1000       3.39191390E-02
  2894.2000       3.39153069E-02
  2894.3000       3.39100357E-02
  2894.4000       3.39047007E-02
  2894.5000       3.39005685E-02
  2894.6000       3.38970302E-02
  2894.7000       3.38939930E-02
  2894.8000       3.38925720E-02
  2894.9000       3.38918581E-02
  2895.0000       3.38893579E-02
  2895.1000       3.38852156E-02
  2895.2000       3.38816197E-02
  2895.3000       3.38783934E-02
  2895.4000       3.38766317E-02
  2895.5000       3.38778194E-02
  2895.6000       3.38814231E-02
  2895.7000       3.38851325E-02
  2895.8000       3.38875621E-02
  2895.9000       3.38892550E-02
  2896.0000       3.38908583E-02
  2896.1000       3.38921794E-02
  2896.2000       3.38926831E-02
  2896.3000       3.38916419E-02
  2896.4000       3.38896994E-02
  2896.5000       3.38880207E-02
  2896.6000       3.38865609E-02
  2896.7000       3.38857868E-02
  2896.8000       3.38866822E-02
  2896.9000       3.38876771E-02
  2897.0000       3.38884194E-02
  2897.1000       3.38899599E-02
  2897.2000       3.38921782E-02
  2897.3000       3.38948452E-02
  2897.4000       3.38973946E-02
  2897.5000       3.39001745E-02
  2897.6000       3.39040852E-02
  2897.7000       3.39079883E-02
  2897.8000       3.39112159E-02
  2897.9000       3.39145827E-02
  2898.0000       3.39174311E-02
  2898.1000       3.39216081E-02
  2898.2000       3.39286361E-02
  2898.3000       3.39383120E-02
  2898.4000       3.39488095E-02
  2898.5000       3.39586036E-02
  2898.6000       3.39671185E-02
  2898.7000       3.39746382E-02
  2898.8000       3.39791151E-02
  2898.9000       3.39799776E-02
  2899.0000       3.39769163E-02
  2899.1000       3.39697266E-02
  2899.2000       3.39581098E-02
  2899.3000       3.39408254E-02
  2899.4000       3.39186524E-02
  2899.5000       3.38950295E-02
  2899.6000       3.38710703E-02
  2899.7000       3.38460183E-02
  2899.8000       3.38205626E-02
  2899.9000       3.37955893E-02
  2900.0000       3.37698429E-02
