  1250.1020       1.53849994E-02
  1250.2000       1.53802255E-02
  1250.2980       1.53733537E-02
  1250.4030       1.53626301E-02
  1250.5010       1.53499523E-02
  1250.5990       1.53349058E-02
  1250.6970       1.53177227E-02
  1250.8020       1.52988407E-02
  1250.9000       1.52817262E-02
  1250.9980       1.52656556E-02
  1251.1030       1.52502057E-02
  1251.2010       1.52381622E-02
  1251.2990       1.52282973E-02
  1251.3970       1.52192643E-02
  1251.5020       1.52114569E-02
  1251.6000       1.52051459E-02
  1251.6980       1.52001591E-02
  1251.8030       1.51968534E-02
  1251.9010       1.51950027E-02
  1251.9990       1.51941240E-02
  1252.0970       1.51953738E-02
  1252.2020       1.51990006E-02
  1252.3000       1.52046112E-02
  1252.3980       1.52125877E-02
  1252.5030       1.52236913E-02
  1252.6010       1.52361057E-02
  1252.6990       1.52503420E-02
  1252.7970       1.52662064E-02
  1252.9020       1.52840172E-02
  1253.0000       1.53015952E-02
  1253.0980       1.53205462E-02
  1253.2030       1.53421397E-02
  1253.3010       1.53634187E-02
  1253.3990       1.53872560E-02
  1253.4970       1.54130127E-02
  1253.6020       1.54424935E-02
  1253.7000       1.54713236E-02
  1253.7980       1.55014568E-02
  1253.9030       1.55343314E-02
  1254.0010       1.55656135E-02
  1254.0990       1.55965008E-02
  1254.1970       1.56275232E-02
  1254.3020       1.56595695E-02
  1254.4000       1.56895271E-02
  1254.4980       1.57188284E-02
  1254.6030       1.57475683E-02
  1254.7010       1.57726978E-02
  1254.7990       1.57957565E-02
  1254.8970       1.58156401E-02
  1255.0020       1.58337497E-02
  1255.1000       1.58467729E-02
  1255.1980       1.58567724E-02
  1255.3030       1.58630693E-02
  1255.4010       1.58650246E-02
  1255.4990       1.58635381E-02
  1255.5970       1.58581681E-02
  1255.7020       1.58490501E-02
  1255.8000       1.58368722E-02
  1255.8980       1.58224253E-02
  1256.0030       1.58041941E-02
  1256.1010       1.57857296E-02
  1256.1990       1.57659403E-02
  1256.2970       1.57460982E-02
  1256.4020       1.57241030E-02
  1256.5000       1.57050918E-02
  1256.5980       1.56868497E-02
  1256.7030       1.56691235E-02
  1256.8010       1.56532936E-02
  1256.8990       1.56387629E-02
  1256.9970       1.56243083E-02
  1257.1020       1.56096990E-02
  1257.2000       1.55962260E-02
  1257.2980       1.55838615E-02
  1257.4030       1.55714295E-02
  1257.5010       1.55608631E-02
  1257.5990       1.55508340E-02
  1257.6970       1.55419188E-02
  1257.8020       1.55324754E-02
  1257.9000       1.55245574E-02
  1257.9980       1.55177742E-02
  1258.1030       1.55114355E-02
  1258.2010       1.55067264E-02
  1258.2990       1.55027281E-02
  1258.3970       1.54994755E-02
  1258.5020       1.54974805E-02
  1258.6000       1.54954892E-02
  1258.6980       1.54947726E-02
  1258.8030       1.54943474E-02
  1258.9010       1.54949631E-02
  1258.9990       1.54965234E-02
  1259.0970       1.54991241E-02
  1259.2020       1.55026847E-02
  1259.3000       1.55070929E-02
  1259.3980       1.55121209E-02
  1259.5030       1.55189027E-02
  1259.6010       1.55249988E-02
  1259.6990       1.55319175E-02
  1259.7970       1.55388780E-02
  1259.9020       1.55469808E-02
  1260.0000       1.55539656E-02
  1260.0980       1.55598744E-02
  1260.2030       1.55667654E-02
  1260.3010       1.55720663E-02
  1260.3990       1.55766583E-02
  1260.4970       1.55808619E-02
  1260.6020       1.55854107E-02
  1260.7000       1.55899533E-02
  1260.7980       1.55943763E-02
  1260.9030       1.55999520E-02
  1261.0010       1.56057395E-02
  1261.0990       1.56120340E-02
  1261.1970       1.56187804E-02
  1261.3020       1.56268033E-02
  1261.4000       1.56344746E-02
  1261.4980       1.56428259E-02
  1261.6030       1.56519967E-02
  1261.7010       1.56610668E-02
  1261.7990       1.56696675E-02
  1261.8970       1.56783154E-02
  1262.0020       1.56877398E-02
  1262.1000       1.56972968E-02
  1262.1980       1.57075186E-02
  1262.3030       1.57189296E-02
  1262.4010       1.57311473E-02
  1262.4990       1.57442324E-02
  1262.5970       1.57586349E-02
  1262.7020       1.57749765E-02
  1262.8000       1.57919661E-02
  1262.8980       1.58098033E-02
  1263.0030       1.58298505E-02
  1263.1010       1.58505557E-02
  1263.1990       1.58730669E-02
  1263.2970       1.58975798E-02
  1263.4020       1.59255446E-02
  1263.5000       1.59532876E-02
  1263.5980       1.59827194E-02
  1263.7030       1.60151921E-02
  1263.8010       1.60460928E-02
  1263.8990       1.60777725E-02
  1263.9970       1.61090765E-02
  1264.1020       1.61422739E-02
  1264.2000       1.61718428E-02
  1264.2980       1.61995079E-02
  1264.4030       1.62271997E-02
  1264.5010       1.62501435E-02
  1264.5990       1.62705779E-02
  1264.6970       1.62878843E-02
  1264.8020       1.63024018E-02
  1264.9000       1.63120554E-02
  1264.9980       1.63187714E-02
  1265.1030       1.63226963E-02
  1265.2010       1.63233051E-02
  1265.2990       1.63226840E-02
  1265.3970       1.63207617E-02
  1265.5020       1.63176255E-02
  1265.6000       1.63141354E-02
  1265.6980       1.63106041E-02
  1265.8030       1.63064331E-02
  1265.9010       1.63026434E-02
  1265.9990       1.62988461E-02
  1266.0970       1.62950570E-02
  1266.2020       1.62914701E-02
  1266.3000       1.62878633E-02
  1266.3980       1.62847708E-02
  1266.5030       1.62825543E-02
  1266.6010       1.62804054E-02
  1266.6990       1.62802768E-02
  1266.7970       1.62803190E-02
  1266.9020       1.62817103E-02
  1267.0000       1.62840220E-02
  1267.0980       1.62865408E-02
  1267.2030       1.62890675E-02
  1267.3010       1.62911533E-02
  1267.3990       1.62936468E-02
  1267.4970       1.62965329E-02
  1267.6020       1.62999066E-02
  1267.7000       1.63030855E-02
  1267.7980       1.63065565E-02
  1267.9030       1.63104480E-02
  1268.0010       1.63135716E-02
  1268.0990       1.63166561E-02
  1268.1970       1.63202268E-02
  1268.3020       1.63241651E-02
  1268.4000       1.63273577E-02
  1268.4980       1.63294641E-02
  1268.6030       1.63295965E-02
  1268.7010       1.63264829E-02
  1268.7990       1.63213148E-02
  1268.8970       1.63144629E-02
  1269.0020       1.63054641E-02
  1269.1000       1.62965452E-02
  1269.1980       1.62877994E-02
  1269.3030       1.62800928E-02
  1269.4010       1.62743835E-02
  1269.4990       1.62704206E-02
  1269.5970       1.62679084E-02
  1269.7020       1.62668441E-02
  1269.8000       1.62674627E-02
  1269.8980       1.62687359E-02
  1270.0030       1.62717133E-02
  1270.1010       1.62757767E-02
  1270.1990       1.62813082E-02
  1270.2970       1.62869805E-02
  1270.4020       1.62949523E-02
  1270.5000       1.63031153E-02
  1270.5980       1.63119091E-02
  1270.7030       1.63219678E-02
  1270.8010       1.63309364E-02
  1270.8990       1.63393520E-02
  1270.9970       1.63476885E-02
  1271.1020       1.63551019E-02
  1271.2000       1.63613806E-02
  1271.2980       1.63657504E-02
  1271.4030       1.63682349E-02
  1271.5010       1.63680358E-02
  1271.5990       1.63659921E-02
  1271.6970       1.63603619E-02
  1271.8020       1.63521211E-02
  1271.9000       1.63411204E-02
  1271.9980       1.63271866E-02
  1272.1030       1.63097370E-02
  1272.2010       1.62905885E-02
  1272.2990       1.62699668E-02
  1272.3970       1.62472848E-02
  1272.5020       1.62215890E-02
  1272.6000       1.61971873E-02
  1272.6980       1.61711183E-02
  1272.8030       1.61434193E-02
  1272.9010       1.61171908E-02
  1272.9990       1.60904224E-02
  1273.0970       1.60635517E-02
  1273.2020       1.60343389E-02
  1273.3000       1.60061381E-02
  1273.3980       1.59774352E-02
  1273.5030       1.59463113E-02
  1273.6010       1.59167936E-02
  1273.6990       1.58868997E-02
  1273.7970       1.58571619E-02
  1273.9020       1.58258112E-02
  1274.0000       1.57969870E-02
  1274.0980       1.57698049E-02
  1274.2030       1.57415858E-02
  1274.3010       1.57170712E-02
  1274.3990       1.56936019E-02
  1274.4970       1.56713246E-02
  1274.6020       1.56488205E-02
  1274.7000       1.56277011E-02
  1274.7980       1.56068777E-02
  1274.9030       1.55836638E-02
  1275.0010       1.55615152E-02
  1275.0990       1.55388445E-02
  1275.1970       1.55150812E-02
  1275.3020       1.54889255E-02
  1275.4000       1.54641619E-02
  1275.4980       1.54397993E-02
  1275.6030       1.54135358E-02
  1275.7010       1.53895481E-02
  1275.7990       1.53659575E-02
  1275.8970       1.53430243E-02
  1276.0020       1.53193955E-02
  1276.1000       1.52981083E-02
  1276.1980       1.52773674E-02
  1276.3030       1.52552169E-02
  1276.4010       1.52340408E-02
  1276.4990       1.52120701E-02
  1276.5970       1.51888283E-02
  1276.7020       1.51633290E-02
  1276.8000       1.51385670E-02
  1276.8980       1.51133202E-02
  1277.0030       1.50870179E-02
  1277.1010       1.50625743E-02
  1277.1990       1.50400775E-02
  1277.2970       1.50196330E-02
  1277.4020       1.50004779E-02
  1277.5000       1.49851366E-02
  1277.5980       1.49722719E-02
  1277.7030       1.49607335E-02
  1277.8010       1.49504903E-02
  1277.8990       1.49399554E-02
  1277.9970       1.49282460E-02
  1278.1020       1.49148357E-02
  1278.2000       1.48993783E-02
  1278.2980       1.48811365E-02
  1278.4030       1.48591190E-02
  1278.5010       1.48359301E-02
  1278.5990       1.48120328E-02
  1278.6970       1.47867550E-02
  1278.8020       1.47596362E-02
  1278.9000       1.47353390E-02
  1278.9980       1.47132066E-02
  1279.1030       1.46920743E-02
  1279.2010       1.46761256E-02
  1279.2990       1.46637996E-02
  1279.3970       1.46554010E-02
  1279.5020       1.46496906E-02
  1279.6000       1.46463376E-02
  1279.6980       1.46433980E-02
  1279.8030       1.46394675E-02
  1279.9010       1.46338625E-02
  1279.9990       1.46260774E-02
  1280.0970       1.46161247E-02
  1280.2020       1.46035059E-02
  1280.3000       1.45906830E-02
  1280.3980       1.45772954E-02
  1280.5030       1.45622578E-02
  1280.6010       1.45473788E-02
  1280.6990       1.45311370E-02
  1280.7970       1.45141924E-02
  1280.9020       1.44945206E-02
  1281.0000       1.44752757E-02
  1281.0980       1.44556907E-02
  1281.2030       1.44342446E-02
  1281.3010       1.44146185E-02
  1281.3990       1.43949577E-02
  1281.4970       1.43760755E-02
  1281.6020       1.43570412E-02
  1281.7000       1.43411175E-02
  1281.7980       1.43271783E-02
  1281.9030       1.43138921E-02
  1282.0010       1.43032784E-02
  1282.0990       1.42937340E-02
  1282.1970       1.42858505E-02
  1282.3020       1.42773817E-02
  1282.4000       1.42692614E-02
  1282.4980       1.42614664E-02
  1282.6030       1.42529609E-02
  1282.7010       1.42447146E-02
  1282.7990       1.42365272E-02
  1282.8970       1.42281537E-02
  1283.0020       1.42192724E-02
  1283.1000       1.42113249E-02
  1283.1980       1.42030604E-02
  1283.3030       1.41937073E-02
  1283.4010       1.41849461E-02
  1283.4990       1.41763041E-02
  1283.5970       1.41673844E-02
  1283.7020       1.41583690E-02
  1283.8000       1.41512125E-02
  1283.8980       1.41451505E-02
  1284.0030       1.41407966E-02
  1284.1010       1.41381363E-02
  1284.1990       1.41364322E-02
  1284.2970       1.41366070E-02
  1284.4020       1.41373872E-02
  1284.5000       1.41393113E-02
  1284.5980       1.41409114E-02
  1284.7030       1.41444648E-02
  1284.8010       1.41477600E-02
  1284.8990       1.41519479E-02
  1284.9970       1.41566018E-02
  1285.1020       1.41621463E-02
  1285.2000       1.41678726E-02
  1285.2980       1.41746034E-02
  1285.4030       1.41818858E-02
  1285.5010       1.41892936E-02
  1285.5990       1.41970411E-02
  1285.6970       1.42058039E-02
  1285.8020       1.42168411E-02
  1285.9000       1.42279483E-02
  1285.9980       1.42408060E-02
  1286.1030       1.42555725E-02
  1286.2010       1.42708422E-02
  1286.2990       1.42876416E-02
  1286.3970       1.43054175E-02
  1286.5020       1.43271217E-02
  1286.6000       1.43492403E-02
  1286.6980       1.43731073E-02
  1286.8030       1.44001541E-02
  1286.9010       1.44258619E-02
  1286.9990       1.44523544E-02
  1287.0970       1.44791298E-02
  1287.2020       1.45089451E-02
  1287.3000       1.45391089E-02
  1287.3980       1.45717842E-02
  1287.5030       1.46083720E-02
  1287.6010       1.46432782E-02
  1287.6990       1.46786066E-02
  1287.7970       1.47132962E-02
  1287.9020       1.47486985E-02
  1288.0000       1.47793522E-02
  1288.0980       1.48071842E-02
  1288.2030       1.48336836E-02
  1288.3010       1.48553762E-02
  1288.3990       1.48730358E-02
  1288.4970       1.48882924E-02
  1288.6020       1.49016683E-02
  1288.7000       1.49131296E-02
  1288.7980       1.49243101E-02
  1288.9030       1.49366391E-02
  1289.0010       1.49492641E-02
  1289.0990       1.49637124E-02
  1289.1970       1.49790987E-02
  1289.3020       1.49959099E-02
  1289.4000       1.50102291E-02
  1289.4980       1.50235028E-02
  1289.6030       1.50354166E-02
  1289.7010       1.50444416E-02
  1289.7990       1.50527028E-02
  1289.8970       1.50607905E-02
  1290.0020       1.50715641E-02
  1290.1000       1.50846914E-02
  1290.1980       1.50999111E-02
  1290.3030       1.51179976E-02
  1290.4010       1.51354865E-02
  1290.4990       1.51518764E-02
  1290.5970       1.51663798E-02
  1290.7020       1.51788499E-02
  1290.8000       1.51880605E-02
  1290.8980       1.51949552E-02
  1291.0030       1.52019104E-02
  1291.1010       1.52072250E-02
  1291.1990       1.52124615E-02
  1291.2970       1.52188153E-02
  1291.4020       1.52272976E-02
  1291.5000       1.52377936E-02
  1291.5980       1.52504481E-02
  1291.7030       1.52655219E-02
  1291.8010       1.52812167E-02
  1291.8990       1.52982220E-02
  1291.9970       1.53158636E-02
  1292.1020       1.53335330E-02
  1292.2000       1.53475050E-02
  1292.2980       1.53581751E-02
  1292.4030       1.53653306E-02
  1292.5010       1.53696687E-02
  1292.5990       1.53751430E-02
  1292.6970       1.53844003E-02
  1292.8020       1.54006837E-02
  1292.9000       1.54216250E-02
  1292.9980       1.54463002E-02
  1293.1030       1.54728876E-02
  1293.2010       1.54945000E-02
  1293.2990       1.55116517E-02
  1293.3970       1.55243354E-02
  1293.5020       1.55339984E-02
  1293.6000       1.55406541E-02
  1293.6980       1.55456866E-02
  1293.8030       1.55495544E-02
  1293.9010       1.55513956E-02
  1293.9990       1.55517450E-02
  1294.0970       1.55510256E-02
  1294.2020       1.55492207E-02
  1294.3000       1.55469234E-02
  1294.3980       1.55430917E-02
  1294.5030       1.55368728E-02
  1294.6010       1.55283831E-02
  1294.6990       1.55158884E-02
  1294.7970       1.54989585E-02
  1294.9020       1.54754384E-02
  1295.0000       1.54488814E-02
  1295.0980       1.54184460E-02
  1295.2030       1.53831843E-02
  1295.3010       1.53479517E-02
  1295.3990       1.53124339E-02
  1295.4970       1.52768317E-02
  1295.6020       1.52393763E-02
  1295.7000       1.52052254E-02
  1295.7980       1.51730246E-02
  1295.9030       1.51399541E-02
  1296.0010       1.51100195E-02
  1296.0990       1.50822338E-02
  1296.1970       1.50558020E-02
  1296.3020       1.50291311E-02
  1296.4000       1.50066514E-02
  1296.4980       1.49854533E-02
  1296.6030       1.49648499E-02
  1296.7010       1.49469050E-02
  1296.7990       1.49310575E-02
  1296.8970       1.49162624E-02
  1297.0020       1.49032831E-02
  1297.1000       1.48935917E-02
  1297.1980       1.48865534E-02
  1297.3030       1.48819224E-02
  1297.4010       1.48805036E-02
  1297.4990       1.48805480E-02
  1297.5970       1.48820803E-02
  1297.7020       1.48850254E-02
  1297.8000       1.48885704E-02
  1297.8980       1.48922749E-02
  1298.0030       1.48971362E-02
  1298.1010       1.49017535E-02
  1298.1990       1.49063600E-02
  1298.2970       1.49110080E-02
  1298.4020       1.49160434E-02
  1298.5000       1.49210119E-02
  1298.5980       1.49260092E-02
  1298.7030       1.49315401E-02
  1298.8010       1.49372472E-02
  1298.8990       1.49434292E-02
  1298.9970       1.49500596E-02
  1299.1020       1.49577083E-02
  1299.2000       1.49653390E-02
  1299.2980       1.49741282E-02
  1299.4030       1.49837108E-02
  1299.5010       1.49934433E-02
  1299.5990       1.50037843E-02
  1299.6970       1.50142703E-02
  1299.8020       1.50260615E-02
  1299.9000       1.50373447E-02
  1299.9980       1.50485834E-02
  1300.1030       1.50607198E-02
  1300.2010       1.50718312E-02
  1300.2990       1.50819500E-02
  1300.3970       1.50918239E-02
  1300.5020       1.51019368E-02
  1300.6000       1.51116702E-02
  1300.6980       1.51213532E-02
  1300.8030       1.51321333E-02
  1300.9010       1.51429364E-02
  1300.9990       1.51543102E-02
  1301.0970       1.51662514E-02
  1301.2020       1.51798593E-02
  1301.3000       1.51930748E-02
  1301.3980       1.52066323E-02
  1301.5030       1.52198901E-02
  1301.6010       1.52315779E-02
  1301.6990       1.52413253E-02
  1301.7970       1.52487337E-02
  1301.9020       1.52530761E-02
  1302.0000       1.52539841E-02
  1302.0980       1.52519678E-02
  1302.2030       1.52460426E-02
  1302.3010       1.52374866E-02
  1302.3990       1.52263819E-02
  1302.4970       1.52135845E-02
  1302.6020       1.51986425E-02
  1302.7000       1.51839025E-02
  1302.7980       1.51684237E-02
  1302.9030       1.51515799E-02
  1303.0010       1.51345975E-02
  1303.0990       1.51175183E-02
  1303.1970       1.50994162E-02
  1303.3020       1.50798471E-02
  1303.4000       1.50612424E-02
  1303.4980       1.50422622E-02
  1303.6030       1.50217192E-02
  1303.7010       1.50035416E-02
  1303.7990       1.49858717E-02
  1303.8970       1.49689003E-02
  1304.0020       1.49513544E-02
  1304.1000       1.49358655E-02
  1304.1980       1.49218070E-02
  1304.3030       1.49070681E-02
  1304.4010       1.48942574E-02
  1304.4990       1.48813149E-02
  1304.5970       1.48691219E-02
  1304.7020       1.48569850E-02
  1304.8000       1.48480383E-02
  1304.8980       1.48412316E-02
  1305.0030       1.48373605E-02
  1305.1010       1.48377480E-02
  1305.1990       1.48416146E-02
  1305.2970       1.48478604E-02
  1305.4020       1.48558310E-02
  1305.5000       1.48643519E-02
  1305.5980       1.48735309E-02
  1305.7030       1.48846409E-02
  1305.8010       1.48966706E-02
  1305.8990       1.49100817E-02
  1305.9970       1.49252773E-02
  1306.1020       1.49436763E-02
  1306.2000       1.49615604E-02
  1306.2980       1.49801427E-02
  1306.4030       1.49987146E-02
  1306.5010       1.50149069E-02
  1306.5990       1.50295154E-02
  1306.6970       1.50431617E-02
  1306.8020       1.50572856E-02
  1306.9000       1.50702089E-02
  1306.9980       1.50838188E-02
  1307.1030       1.50982935E-02
  1307.2010       1.51112732E-02
  1307.2990       1.51229548E-02
  1307.3970       1.51325503E-02
  1307.5020       1.51404412E-02
  1307.6000       1.51460295E-02
  1307.6980       1.51508193E-02
  1307.8030       1.51544375E-02
  1307.9010       1.51562058E-02
  1307.9990       1.51563700E-02
  1308.0970       1.51555148E-02
  1308.2020       1.51537395E-02
  1308.3000       1.51515688E-02
  1308.3980       1.51498799E-02
  1308.5030       1.51475631E-02
  1308.6010       1.51456268E-02
  1308.6990       1.51449265E-02
  1308.7970       1.51474007E-02
  1308.9020       1.51530731E-02
  1309.0000       1.51634479E-02
  1309.0980       1.51775756E-02
  1309.2030       1.51964945E-02
  1309.3010       1.52172424E-02
  1309.3990       1.52397041E-02
  1309.4970       1.52614432E-02
  1309.6020       1.52821600E-02
  1309.7000       1.52976677E-02
  1309.7980       1.53073130E-02
  1309.9030       1.53116316E-02
  1310.0010       1.53112775E-02
  1310.0990       1.53068963E-02
  1310.1970       1.53013791E-02
  1310.3020       1.52963726E-02
  1310.4000       1.52950839E-02
  1310.4980       1.52969042E-02
  1310.6030       1.53034757E-02
  1310.7010       1.53118904E-02
  1310.7990       1.53230750E-02
  1310.8970       1.53356272E-02
  1311.0020       1.53478926E-02
  1311.1000       1.53588430E-02
  1311.1980       1.53676560E-02
  1311.3030       1.53753263E-02
  1311.4010       1.53800300E-02
  1311.4990       1.53824306E-02
  1311.5970       1.53829411E-02
  1311.7020       1.53812490E-02
  1311.8000       1.53793703E-02
  1311.8980       1.53778423E-02
  1312.0030       1.53770609E-02
  1312.1010       1.53774034E-02
  1312.1990       1.53799658E-02
  1312.2970       1.53836639E-02
  1312.4020       1.53896502E-02
  1312.5000       1.53951556E-02
  1312.5980       1.54009185E-02
  1312.7030       1.54062074E-02
  1312.8010       1.54097256E-02
  1312.8990       1.54112196E-02
  1312.9970       1.54108336E-02
  1313.1020       1.54091071E-02
  1313.2000       1.54060051E-02
  1313.2980       1.54020907E-02
  1313.4030       1.53982816E-02
  1313.5010       1.53945337E-02
  1313.5990       1.53922611E-02
  1313.6970       1.53915904E-02
  1313.8020       1.53937987E-02
  1313.9000       1.53995573E-02
  1313.9980       1.54080830E-02
  1314.1030       1.54203636E-02
  1314.2010       1.54347180E-02
  1314.2990       1.54518433E-02
  1314.3970       1.54714461E-02
  1314.5020       1.54937916E-02
  1314.6000       1.55158465E-02
  1314.6980       1.55380416E-02
  1314.8030       1.55617286E-02
  1314.9010       1.55831704E-02
  1314.9990       1.56033251E-02
  1315.0970       1.56231552E-02
  1315.2020       1.56434476E-02
  1315.3000       1.56625117E-02
  1315.3980       1.56806448E-02
  1315.5030       1.56996806E-02
  1315.6010       1.57159327E-02
  1315.6990       1.57306436E-02
  1315.7970       1.57426606E-02
  1315.9020       1.57508627E-02
  1316.0000       1.57537449E-02
  1316.0980       1.57523052E-02
  1316.2030       1.57473644E-02
  1316.3010       1.57399642E-02
  1316.3990       1.57296681E-02
  1316.4970       1.57170006E-02
  1316.6020       1.57006148E-02
  1316.7000       1.56820495E-02
  1316.7980       1.56600480E-02
  1316.9030       1.56336135E-02
  1317.0010       1.56068945E-02
  1317.0990       1.55789041E-02
  1317.1970       1.55514739E-02
  1317.3020       1.55232550E-02
  1317.4000       1.54984932E-02
  1317.4980       1.54768757E-02
  1317.6030       1.54563578E-02
  1317.7010       1.54407284E-02
  1317.7990       1.54289813E-02
  1317.8970       1.54219241E-02
  1318.0020       1.54192434E-02
  1318.1000       1.54200651E-02
  1318.1980       1.54238070E-02
  1318.3030       1.54302913E-02
  1318.4010       1.54379084E-02
  1318.4990       1.54480528E-02
  1318.5970       1.54595007E-02
  1318.7020       1.54734733E-02
  1318.8000       1.54878736E-02
  1318.8980       1.55017039E-02
  1319.0030       1.55149845E-02
  1319.1010       1.55256149E-02
  1319.1990       1.55336463E-02
  1319.2970       1.55400093E-02
  1319.4020       1.55456422E-02
  1319.5000       1.55505618E-02
  1319.5980       1.55568338E-02
  1319.7030       1.55647615E-02
  1319.8010       1.55750368E-02
  1319.8990       1.55858302E-02
  1319.9970       1.55974422E-02
  1320.1020       1.56087920E-02
  1320.2000       1.56186303E-02
  1320.2980       1.56273470E-02
  1320.4030       1.56343198E-02
  1320.5010       1.56401074E-02
  1320.5990       1.56470294E-02
  1320.6970       1.56543539E-02
  1320.8020       1.56568523E-02
  1320.9000       1.56553034E-02
  1320.9980       1.56496503E-02
  1321.1030       1.56386246E-02
  1321.2010       1.56292016E-02
  1321.2990       1.56222155E-02
  1321.3970       1.56172589E-02
  1321.5020       1.56127030E-02
  1321.6000       1.56088768E-02
  1321.6980       1.56053448E-02
  1321.8030       1.56018899E-02
  1321.9010       1.55978404E-02
  1321.9990       1.55937798E-02
  1322.0970       1.55904590E-02
  1322.2020       1.55886983E-02
  1322.3000       1.55877074E-02
  1322.3980       1.55875339E-02
  1322.5030       1.55877965E-02
  1322.6010       1.55883553E-02
  1322.6990       1.55881685E-02
  1322.7970       1.55874117E-02
  1322.9020       1.55847325E-02
  1323.0000       1.55808464E-02
  1323.0980       1.55756913E-02
  1323.2030       1.55701984E-02
  1323.3010       1.55657308E-02
  1323.3990       1.55624609E-02
  1323.4970       1.55607796E-02
  1323.6020       1.55605939E-02
  1323.7000       1.55635739E-02
  1323.7980       1.55684090E-02
  1323.9030       1.55764732E-02
  1324.0010       1.55868136E-02
  1324.0990       1.55980530E-02
  1324.1970       1.56106029E-02
  1324.3020       1.56248900E-02
  1324.4000       1.56381482E-02
  1324.4980       1.56519487E-02
  1324.6030       1.56681005E-02
  1324.7010       1.56840744E-02
  1324.7990       1.57004589E-02
  1324.8970       1.57181733E-02
  1325.0020       1.57387990E-02
  1325.1000       1.57597894E-02
  1325.1980       1.57821198E-02
  1325.3030       1.58066705E-02
  1325.4010       1.58300664E-02
  1325.4990       1.58540588E-02
  1325.5970       1.58792762E-02
  1325.7020       1.59072818E-02
  1325.8000       1.59337066E-02
  1325.8980       1.59607551E-02
  1326.0030       1.59891555E-02
  1326.1010       1.60139730E-02
  1326.1990       1.60357605E-02
  1326.2970       1.60548248E-02
  1326.4020       1.60727997E-02
  1326.5000       1.60868714E-02
  1326.5980       1.60993229E-02
  1326.7030       1.61096004E-02
  1326.8010       1.61180232E-02
  1326.8990       1.61251452E-02
  1326.9970       1.61303949E-02
  1327.1020       1.61329381E-02
  1327.2000       1.61326873E-02
  1327.2980       1.61294486E-02
  1327.4030       1.61227291E-02
  1327.5010       1.61127830E-02
  1327.5990       1.61005734E-02
  1327.6970       1.60866567E-02
  1327.8020       1.60720161E-02
  1327.9000       1.60594209E-02
  1327.9980       1.60504352E-02
  1328.1030       1.60449936E-02
  1328.2010       1.60450376E-02
  1328.2990       1.60502136E-02
  1328.3970       1.60597495E-02
  1328.5020       1.60722304E-02
  1328.6000       1.60841629E-02
  1328.6980       1.60948336E-02
  1328.8030       1.61023006E-02
  1328.9010       1.61052770E-02
  1328.9990       1.61034729E-02
  1329.0970       1.60994915E-02
  1329.2020       1.60920258E-02
  1329.3000       1.60834467E-02
  1329.3980       1.60745348E-02
  1329.5030       1.60647762E-02
  1329.6010       1.60572059E-02
  1329.6990       1.60527416E-02
  1329.7970       1.60511868E-02
  1329.9020       1.60503329E-02
  1330.0000       1.60476360E-02
  1330.0980       1.60423730E-02
  1330.2030       1.60369679E-02
  1330.3010       1.60331996E-02
  1330.3990       1.60298613E-02
  1330.4970       1.60260853E-02
  1330.6020       1.60219468E-02
  1330.7000       1.60189017E-02
  1330.7980       1.60166588E-02
  1330.9030       1.60120841E-02
  1331.0010       1.60042601E-02
  1331.0990       1.59923181E-02
  1331.1970       1.59763657E-02
  1331.3020       1.59565451E-02
  1331.4000       1.59353169E-02
  1331.4980       1.59139552E-02
  1331.6030       1.58918367E-02
  1331.7010       1.58728825E-02
  1331.7990       1.58556802E-02
  1331.8970       1.58390431E-02
  1332.0020       1.58206431E-02
  1332.1000       1.58020539E-02
  1332.1980       1.57813454E-02
  1332.3030       1.57580812E-02
  1332.4010       1.57360800E-02
  1332.4990       1.57132311E-02
  1332.5970       1.56896958E-02
  1332.7020       1.56628360E-02
  1332.8000       1.56351153E-02
  1332.8980       1.56055771E-02
  1333.0030       1.55728099E-02
  1333.1010       1.55413904E-02
  1333.1990       1.55098045E-02
  1333.2970       1.54793475E-02
  1333.4020       1.54497997E-02
  1333.5000       1.54254827E-02
  1333.5980       1.54046399E-02
  1333.7030       1.53861288E-02
  1333.8010       1.53720637E-02
  1333.8990       1.53604816E-02
  1333.9970       1.53514443E-02
  1334.1020       1.53427089E-02
  1334.2000       1.53358778E-02
  1334.2980       1.53280880E-02
  1334.4030       1.53198325E-02
  1334.5010       1.53102964E-02
  1334.5990       1.52994822E-02
  1334.6970       1.52876784E-02
  1334.8020       1.52736845E-02
  1334.9000       1.52602983E-02
  1334.9980       1.52461760E-02
  1335.1030       1.52312051E-02
  1335.2010       1.52170555E-02
  1335.2990       1.52036079E-02
  1335.3970       1.51907951E-02
  1335.5020       1.51776884E-02
  1335.6000       1.51658097E-02
  1335.6980       1.51537705E-02
  1335.8030       1.51411191E-02
  1335.9010       1.51291530E-02
  1335.9990       1.51170762E-02
  1336.0970       1.51049730E-02
  1336.2020       1.50915322E-02
  1336.3000       1.50783513E-02
  1336.3980       1.50642829E-02
  1336.5030       1.50484886E-02
  1336.6010       1.50326894E-02
  1336.6990       1.50158416E-02
  1336.7970       1.49986595E-02
  1336.9020       1.49795129E-02
  1337.0000       1.49611757E-02
  1337.0980       1.49429154E-02
  1337.2030       1.49235529E-02
  1337.3010       1.49059693E-02
  1337.3990       1.48883062E-02
  1337.4970       1.48715122E-02
  1337.6020       1.48540231E-02
  1337.7000       1.48385169E-02
  1337.7980       1.48242770E-02
  1337.9030       1.48097938E-02
  1338.0010       1.47984139E-02
  1338.0990       1.47883951E-02
  1338.1970       1.47802775E-02
  1338.3020       1.47740676E-02
  1338.4000       1.47704221E-02
  1338.4980       1.47690778E-02
  1338.6030       1.47707899E-02
  1338.7010       1.47745453E-02
  1338.7990       1.47811973E-02
  1338.8970       1.47902263E-02
  1339.0020       1.48022468E-02
  1339.1000       1.48160293E-02
  1339.1980       1.48316261E-02
  1339.3030       1.48509957E-02
  1339.4010       1.48709267E-02
  1339.4990       1.48923529E-02
  1339.5970       1.49160520E-02
  1339.7020       1.49423239E-02
  1339.8000       1.49682532E-02
  1339.8980       1.49949975E-02
  1340.0030       1.50243321E-02
  1340.1010       1.50526234E-02
  1340.1990       1.50807858E-02
  1340.2970       1.51089647E-02
  1340.4020       1.51387241E-02
  1340.5000       1.51657017E-02
  1340.5980       1.51914863E-02
  1340.7030       1.52179492E-02
  1340.8010       1.52409783E-02
  1340.8990       1.52630638E-02
  1340.9970       1.52839777E-02
  1341.1020       1.53050166E-02
  1341.2000       1.53233825E-02
  1341.2980       1.53416299E-02
  1341.4030       1.53606734E-02
  1341.5010       1.53782630E-02
  1341.5990       1.53964613E-02
  1341.6970       1.54153461E-02
  1341.8020       1.54356329E-02
  1341.9000       1.54542915E-02
  1341.9980       1.54726957E-02
  1342.1030       1.54920250E-02
  1342.2010       1.55090559E-02
  1342.2990       1.55252463E-02
  1342.3970       1.55413569E-02
  1342.5020       1.55582148E-02
  1342.6000       1.55734474E-02
  1342.6980       1.55891527E-02
  1342.8030       1.56066226E-02
  1342.9010       1.56246486E-02
  1342.9990       1.56444888E-02
  1343.0970       1.56669819E-02
  1343.2020       1.56923693E-02
  1343.3000       1.57160097E-02
  1343.3980       1.57378425E-02
  1343.5030       1.57572445E-02
  1343.6010       1.57716892E-02
  1343.6990       1.57817390E-02
  1343.7970       1.57878381E-02
  1343.9020       1.57907886E-02
  1344.0000       1.57916591E-02
  1344.0980       1.57926060E-02
  1344.2030       1.57952458E-02
  1344.3010       1.58002817E-02
  1344.3990       1.58087214E-02
  1344.4970       1.58204469E-02
  1344.6020       1.58372405E-02
  1344.7000       1.58551697E-02
  1344.7980       1.58757074E-02
  1344.9030       1.58991768E-02
  1345.0010       1.59240284E-02
  1345.0990       1.59511854E-02
  1345.1970       1.59813535E-02
  1345.3020       1.60170963E-02
  1345.4000       1.60533995E-02
  1345.4980       1.60920650E-02
  1345.6030       1.61353669E-02
  1345.7010       1.61755918E-02
  1345.7990       1.62151837E-02
  1345.8970       1.62530892E-02
  1346.0020       1.62901171E-02
  1346.1000       1.63200046E-02
  1346.1980       1.63444198E-02
  1346.3030       1.63640415E-02
  1346.4010       1.63762215E-02
  1346.4990       1.63841369E-02
  1346.5970       1.63887121E-02
  1346.7020       1.63918567E-02
  1346.8000       1.63933942E-02
  1346.8980       1.63929928E-02
  1347.0030       1.63897403E-02
  1347.1010       1.63837052E-02
  1347.1990       1.63742734E-02
  1347.2970       1.63620314E-02
  1347.4020       1.63469726E-02
  1347.5000       1.63330313E-02
  1347.5980       1.63209471E-02
  1347.7030       1.63115735E-02
  1347.8010       1.63072169E-02
  1347.8990       1.63067102E-02
  1347.9970       1.63096772E-02
  1348.1020       1.63141858E-02
  1348.2000       1.63184014E-02
  1348.2980       1.63200889E-02
  1348.4030       1.63158945E-02
  1348.5010       1.63047831E-02
  1348.5990       1.62864555E-02
  1348.6970       1.62616789E-02
  1348.8020       1.62302434E-02
  1348.9000       1.61985751E-02
  1348.9980       1.61662626E-02
  1349.1030       1.61333054E-02
  1349.2010       1.61034479E-02
  1349.2990       1.60758534E-02
  1349.3970       1.60505121E-02
  1349.5020       1.60255883E-02
  1349.6000       1.60054833E-02
  1349.6980       1.59871604E-02
  1349.8030       1.59724121E-02
  1349.9010       1.59648005E-02
  1349.9990       1.59651616E-02
  1350.0970       1.59744180E-02
  1350.2020       1.59934629E-02
  1350.3000       1.60175908E-02
  1350.3980       1.60458329E-02
  1350.5030       1.60767506E-02
  1350.6010       1.61025490E-02
  1350.6990       1.61235448E-02
  1350.7970       1.61357813E-02
  1350.9020       1.61380908E-02
  1351.0000       1.61280213E-02
  1351.0980       1.61050173E-02
  1351.2030       1.60693991E-02
  1351.3010       1.60275976E-02
  1351.3990       1.59804167E-02
  1351.4970       1.59322833E-02
  1351.6020       1.58826500E-02
  1351.7000       1.58400287E-02
  1351.7980       1.58013271E-02
  1351.9030       1.57636256E-02
  1352.0010       1.57320171E-02
  1352.0990       1.57025481E-02
  1352.1970       1.56754732E-02
  1352.3020       1.56500675E-02
  1352.4000       1.56309346E-02
  1352.4980       1.56148726E-02
  1352.6030       1.55988217E-02
  1352.7010       1.55821445E-02
  1352.7990       1.55634711E-02
  1352.8970       1.55433063E-02
  1353.0020       1.55228297E-02
  1353.1000       1.55066526E-02
  1353.1980       1.54929157E-02
  1353.3030       1.54796122E-02
  1353.4010       1.54668926E-02
  1353.4990       1.54536436E-02
  1353.5970       1.54392493E-02
  1353.7020       1.54230165E-02
  1353.8000       1.54069296E-02
  1353.8980       1.53905338E-02
  1354.0030       1.53719053E-02
  1354.1010       1.53533440E-02
  1354.1990       1.53347456E-02
  1354.2970       1.53165645E-02
  1354.4020       1.52966793E-02
  1354.5000       1.52776222E-02
  1354.5980       1.52578259E-02
  1354.7030       1.52364448E-02
  1354.8010       1.52162412E-02
  1354.8990       1.51956566E-02
  1354.9970       1.51756683E-02
  1355.1020       1.51552325E-02
  1355.2000       1.51381827E-02
  1355.2980       1.51224477E-02
  1355.4030       1.51071265E-02
  1355.5010       1.50946513E-02
  1355.5990       1.50832275E-02
  1355.6970       1.50722361E-02
  1355.8020       1.50614602E-02
  1355.9000       1.50511893E-02
  1355.9980       1.50411665E-02
  1356.1030       1.50320389E-02
  1356.2010       1.50243053E-02
  1356.2990       1.50180155E-02
  1356.3970       1.50133365E-02
  1356.5020       1.50100780E-02
  1356.6000       1.50085845E-02
  1356.6980       1.50096604E-02
  1356.8030       1.50132396E-02
  1356.9010       1.50174452E-02
  1356.9990       1.50232617E-02
  1357.0970       1.50293687E-02
  1357.2020       1.50358473E-02
  1357.3000       1.50409815E-02
  1357.3980       1.50460009E-02
  1357.5030       1.50501628E-02
  1357.6010       1.50534845E-02
  1357.6990       1.50556692E-02
  1357.7970       1.50571925E-02
  1357.9020       1.50572622E-02
  1358.0000       1.50563108E-02
  1358.0980       1.50548368E-02
  1358.2030       1.50526278E-02
  1358.3010       1.50501295E-02
  1358.3990       1.50474479E-02
  1358.4970       1.50442841E-02
  1358.6020       1.50403061E-02
  1358.7000       1.50359537E-02
  1358.7980       1.50311253E-02
  1358.9030       1.50258303E-02
  1359.0010       1.50218180E-02
  1359.0990       1.50176610E-02
  1359.1970       1.50135913E-02
  1359.3020       1.50085559E-02
  1359.4000       1.50035991E-02
  1359.4980       1.49969727E-02
  1359.6030       1.49898692E-02
  1359.7010       1.49827546E-02
  1359.7990       1.49765695E-02
  1359.8970       1.49707826E-02
  1360.0020       1.49649587E-02
  1360.1000       1.49598547E-02
  1360.1980       1.49549493E-02
  1360.3030       1.49499462E-02
  1360.4010       1.49455457E-02
  1360.4990       1.49412566E-02
  1360.5970       1.49372930E-02
  1360.7020       1.49330222E-02
  1360.8000       1.49292450E-02
  1360.8980       1.49258051E-02
  1361.0030       1.49221022E-02
  1361.1010       1.49176430E-02
  1361.1990       1.49115490E-02
  1361.2970       1.49038234E-02
  1361.4020       1.48917006E-02
  1361.5000       1.48766437E-02
  1361.5980       1.48591622E-02
  1361.7030       1.48405197E-02
  1361.8010       1.48254891E-02
  1361.8990       1.48120633E-02
  1361.9970       1.47989076E-02
  1362.1020       1.47842577E-02
  1362.2000       1.47702885E-02
  1362.2980       1.47584593E-02
  1362.4030       1.47470499E-02
  1362.5010       1.47376387E-02
  1362.5990       1.47282863E-02
  1362.6970       1.47194177E-02
  1362.8020       1.47099772E-02
  1362.9000       1.47001900E-02
  1362.9980       1.46894415E-02
  1363.1030       1.46752622E-02
  1363.2010       1.46575409E-02
  1363.2990       1.46344859E-02
  1363.3970       1.46060268E-02
  1363.5020       1.45713739E-02
  1363.6000       1.45378392E-02
  1363.6980       1.45048255E-02
  1363.8030       1.44736033E-02
  1363.9010       1.44502918E-02
  1363.9990       1.44336198E-02
  1364.0970       1.44256451E-02
  1364.2020       1.44258552E-02
  1364.3000       1.44350010E-02
  1364.3980       1.44516417E-02
  1364.5030       1.44756282E-02
  1364.6010       1.45017859E-02
  1364.6990       1.45266057E-02
  1364.7970       1.45462847E-02
  1364.9020       1.45565068E-02
  1365.0000       1.45525931E-02
  1365.0980       1.45359375E-02
  1365.2030       1.45026832E-02
  1365.3010       1.44603598E-02
  1365.3990       1.44095824E-02
  1365.4970       1.43531191E-02
  1365.6020       1.42900985E-02
  1365.7000       1.42311668E-02
  1365.7980       1.41729930E-02
  1365.9030       1.41125835E-02
  1366.0010       1.40580717E-02
  1366.0990       1.40056161E-02
  1366.1970       1.39556395E-02
  1366.3020       1.39050326E-02
  1366.4000       1.38609514E-02
  1366.4980       1.38198289E-02
  1366.6030       1.37793141E-02
  1366.7010       1.37448084E-02
  1366.7990       1.37128767E-02
  1366.8970       1.36833470E-02
  1367.0020       1.36538243E-02
  1367.1000       1.36279588E-02
  1367.1980       1.36042316E-02
  1367.3030       1.35815639E-02
  1367.4010       1.35637155E-02
  1367.4990       1.35488361E-02
  1367.5970       1.35382054E-02
  1367.7020       1.35311521E-02
  1367.8000       1.35279528E-02
  1367.8980       1.35274944E-02
  1368.0030       1.35279017E-02
  1368.1010       1.35281409E-02
  1368.1990       1.35275714E-02
  1368.2970       1.35247347E-02
  1368.4020       1.35190931E-02
  1368.5000       1.35113414E-02
  1368.5980       1.35009014E-02
  1368.7030       1.34867325E-02
  1368.8010       1.34706096E-02
  1368.8990       1.34525375E-02
  1368.9970       1.34333655E-02
  1369.1020       1.34131605E-02
  1369.2000       1.33960254E-02
  1369.2980       1.33802353E-02
  1369.4030       1.33640518E-02
  1369.5010       1.33491617E-02
  1369.5990       1.33323559E-02
  1369.6970       1.33146635E-02
  1369.8020       1.32958428E-02
  1369.9000       1.32793022E-02
  1369.9980       1.32645007E-02
  1370.1030       1.32503321E-02
  1370.2010       1.32391178E-02
  1370.2990       1.32306410E-02
  1370.3970       1.32252526E-02
  1370.5020       1.32227589E-02
  1370.6000       1.32223359E-02
  1370.6980       1.32240359E-02
  1370.8030       1.32280813E-02
  1370.9010       1.32327121E-02
  1370.9990       1.32374575E-02
  1371.0970       1.32419697E-02
  1371.2020       1.32467598E-02
  1371.3000       1.32506550E-02
  1371.3980       1.32543834E-02
  1371.5030       1.32589667E-02
  1371.6010       1.32640672E-02
  1371.6990       1.32690937E-02
  1371.7970       1.32746529E-02
  1371.9020       1.32817122E-02
  1372.0000       1.32901525E-02
  1372.0980       1.33002392E-02
  1372.2030       1.33131466E-02
  1372.3010       1.33274256E-02
  1372.3990       1.33437597E-02
  1372.4970       1.33615734E-02
  1372.6020       1.33815054E-02
  1372.7000       1.34000466E-02
  1372.7980       1.34184429E-02
  1372.9030       1.34376226E-02
  1373.0010       1.34545689E-02
  1373.0990       1.34705906E-02
  1373.1970       1.34833358E-02
  1373.3020       1.34928196E-02
  1373.4000       1.34963696E-02
  1373.4980       1.34941212E-02
  1373.6030       1.34844207E-02
  1373.7010       1.34691299E-02
  1373.7990       1.34480495E-02
  1373.8970       1.34218939E-02
  1374.0020       1.33889520E-02
  1374.1000       1.33541394E-02
  1374.1980       1.33166560E-02
  1374.3030       1.32737517E-02
  1374.4010       1.32318452E-02
  1374.4990       1.31882761E-02
  1374.5970       1.31435682E-02
  1374.7020       1.30944724E-02
  1374.8000       1.30481021E-02
  1374.8980       1.30009676E-02
  1375.0030       1.29491501E-02
  1375.1010       1.28999985E-02
  1375.1990       1.28494530E-02
  1375.2970       1.27973556E-02
  1375.4020       1.27407138E-02
  1375.5000       1.26878855E-02
  1375.5980       1.26365873E-02
  1375.7030       1.25853543E-02
  1375.8010       1.25429741E-02
  1375.8990       1.25058794E-02
  1375.9970       1.24742385E-02
  1376.1020       1.24450548E-02
  1376.2000       1.24212805E-02
  1376.2980       1.23999744E-02
  1376.4030       1.23790864E-02
  1376.5010       1.23615606E-02
  1376.5990       1.23457305E-02
  1376.6970       1.23326400E-02
  1376.8020       1.23213196E-02
  1376.9000       1.23145563E-02
  1376.9980       1.23109364E-02
  1377.1030       1.23102521E-02
  1377.2010       1.23115491E-02
  1377.2990       1.23136123E-02
  1377.3970       1.23139976E-02
  1377.5020       1.23122468E-02
  1377.6000       1.23061028E-02
  1377.6980       1.22961142E-02
  1377.8030       1.22805161E-02
  1377.9010       1.22627503E-02
  1377.9990       1.22435828E-02
  1378.0970       1.22241190E-02
  1378.2020       1.22060157E-02
  1378.3000       1.21927272E-02
  1378.3980       1.21848607E-02
  1378.5030       1.21820225E-02
  1378.6010       1.21841664E-02
  1378.6990       1.21884769E-02
  1378.7970       1.21932751E-02
  1378.9020       1.21961964E-02
  1379.0000       1.21960912E-02
  1379.0980       1.21935251E-02
  1379.2030       1.21886081E-02
  1379.3010       1.21847985E-02
  1379.3990       1.21822427E-02
  1379.4970       1.21821319E-02
  1379.6020       1.21855117E-02
  1379.7000       1.21918533E-02
  1379.7980       1.22013082E-02
  1379.9030       1.22153347E-02
  1380.0010       1.22300754E-02
  1380.0990       1.22463976E-02
  1380.1970       1.22629504E-02
  1380.3020       1.22800542E-02
  1380.4000       1.22952339E-02
  1380.4980       1.23088333E-02
  1380.6030       1.23217924E-02
  1380.7010       1.23323891E-02
  1380.7990       1.23418512E-02
  1380.8970       1.23498704E-02
  1381.0020       1.23575025E-02
  1381.1000       1.23638019E-02
  1381.1980       1.23695619E-02
  1381.3030       1.23759537E-02
  1381.4010       1.23829052E-02
  1381.4990       1.23908989E-02
  1381.5970       1.24001597E-02
  1381.7020       1.24113234E-02
  1381.8000       1.24226478E-02
  1381.8980       1.24348117E-02
  1382.0030       1.24495301E-02
  1382.1010       1.24641512E-02
  1382.1990       1.24799040E-02
  1382.2970       1.24965198E-02
  1382.4020       1.25154500E-02
  1382.5000       1.25340438E-02
  1382.5980       1.25528746E-02
  1382.7030       1.25736527E-02
  1382.8010       1.25926432E-02
  1382.8990       1.26106685E-02
  1382.9970       1.26274204E-02
  1383.1020       1.26444021E-02
  1383.2000       1.26583141E-02
  1383.2980       1.26707593E-02
  1383.4030       1.26824074E-02
  1383.5010       1.26927662E-02
  1383.5990       1.27031604E-02
  1383.6970       1.27151660E-02
  1383.8020       1.27304804E-02
  1383.9000       1.27493232E-02
  1383.9980       1.27730601E-02
  1384.1030       1.28045403E-02
  1384.2010       1.28393738E-02
  1384.2990       1.28779524E-02
  1384.3970       1.29194152E-02
  1384.5020       1.29650446E-02
  1384.6000       1.30075838E-02
  1384.6980       1.30483858E-02
  1384.8030       1.30892024E-02
  1384.9010       1.31242475E-02
  1384.9990       1.31569270E-02
  1385.0970       1.31869895E-02
  1385.2020       1.32167562E-02
  1385.3000       1.32416636E-02
  1385.3980       1.32628193E-02
  1385.5030       1.32799891E-02
  1385.6010       1.32913800E-02
  1385.6990       1.32985970E-02
  1385.7970       1.33019734E-02
  1385.9020       1.33022657E-02
  1386.0000       1.33005252E-02
  1386.0980       1.32981395E-02
  1386.2030       1.32954766E-02
  1386.3010       1.32937851E-02
  1386.3990       1.32924426E-02
  1386.4970       1.32916995E-02
  1386.6020       1.32914128E-02
  1386.7000       1.32914884E-02
  1386.7980       1.32915473E-02
  1386.9030       1.32909445E-02
  1387.0010       1.32902395E-02
  1387.0990       1.32892127E-02
  1387.1970       1.32880668E-02
  1387.3020       1.32869034E-02
  1387.4000       1.32859425E-02
  1387.4980       1.32859623E-02
  1387.6030       1.32862118E-02
  1387.7010       1.32863435E-02
  1387.7990       1.32866249E-02
  1387.8970       1.32864397E-02
  1388.0020       1.32860738E-02
  1388.1000       1.32857369E-02
  1388.1980       1.32853932E-02
  1388.3030       1.32858170E-02
  1388.4010       1.32866918E-02
  1388.4990       1.32882297E-02
  1388.5970       1.32904812E-02
  1388.7020       1.32936388E-02
  1388.8000       1.32979797E-02
  1388.8980       1.33044511E-02
  1389.0030       1.33132186E-02
  1389.1010       1.33241362E-02
  1389.1990       1.33370493E-02
  1389.2970       1.33518532E-02
  1389.4020       1.33687668E-02
  1389.5000       1.33852695E-02
  1389.5980       1.34018746E-02
  1389.7030       1.34198456E-02
  1389.8010       1.34361156E-02
  1389.8990       1.34509063E-02
  1389.9970       1.34642029E-02
  1390.1020       1.34763492E-02
  1390.2000       1.34860897E-02
  1390.2980       1.34946228E-02
  1390.4030       1.35033167E-02
  1390.5010       1.35129307E-02
  1390.5990       1.35256088E-02
  1390.6970       1.35414577E-02
  1390.8020       1.35621078E-02
  1390.9000       1.35833818E-02
  1390.9980       1.36057073E-02
  1391.1030       1.36295195E-02
  1391.2010       1.36517909E-02
  1391.2990       1.36739570E-02
  1391.3970       1.36947781E-02
  1391.5020       1.37140533E-02
  1391.6000       1.37280756E-02
  1391.6980       1.37380223E-02
  1391.8030       1.37440684E-02
  1391.9010       1.37448363E-02
  1391.9990       1.37429021E-02
  1392.0970       1.37396174E-02
  1392.2020       1.37358953E-02
  1392.3000       1.37342492E-02
  1392.3980       1.37341133E-02
  1392.5030       1.37362555E-02
  1392.6010       1.37391689E-02
  1392.6990       1.37430577E-02
  1392.7970       1.37486095E-02
  1392.9020       1.37563090E-02
  1393.0000       1.37642548E-02
  1393.0980       1.37718441E-02
  1393.2030       1.37786979E-02
  1393.3010       1.37846800E-02
  1393.3990       1.37890681E-02
  1393.4970       1.37926747E-02
  1393.6020       1.37958479E-02
  1393.7000       1.37970641E-02
  1393.7980       1.37960817E-02
  1393.9030       1.37917975E-02
  1394.0010       1.37843769E-02
  1394.0990       1.37724430E-02
  1394.1970       1.37563008E-02
  1394.3020       1.37347615E-02
  1394.4000       1.37118191E-02
  1394.4980       1.36876502E-02
  1394.6030       1.36616912E-02
  1394.7010       1.36387752E-02
  1394.7990       1.36177464E-02
  1394.8970       1.36003179E-02
  1395.0020       1.35856047E-02
  1395.1000       1.35748265E-02
  1395.1980       1.35661737E-02
  1395.3030       1.35586030E-02
  1395.4010       1.35524228E-02
  1395.4990       1.35462713E-02
  1395.5970       1.35404232E-02
  1395.7020       1.35332126E-02
  1395.8000       1.35256107E-02
  1395.8980       1.35166659E-02
  1396.0030       1.35052162E-02
  1396.1010       1.34923424E-02
  1396.1990       1.34783154E-02
  1396.2970       1.34635768E-02
  1396.4020       1.34487113E-02
  1396.5000       1.34360763E-02
  1396.5980       1.34255330E-02
  1396.7030       1.34156655E-02
  1396.8010       1.34065298E-02
  1396.8990       1.33960250E-02
  1396.9970       1.33842349E-02
  1397.1020       1.33695784E-02
  1397.2000       1.33545184E-02
  1397.2980       1.33383632E-02
  1397.4030       1.33209518E-02
  1397.5010       1.33036572E-02
  1397.5990       1.32860725E-02
  1397.6970       1.32677802E-02
  1397.8020       1.32482808E-02
  1397.9000       1.32308497E-02
  1397.9980       1.32147553E-02
  1398.1030       1.31970355E-02
  1398.2010       1.31803978E-02
  1398.2990       1.31637090E-02
  1398.3970       1.31486182E-02
  1398.5020       1.31338619E-02
  1398.6000       1.31209188E-02
  1398.6980       1.31077136E-02
  1398.8030       1.30920524E-02
  1398.9010       1.30749252E-02
  1398.9990       1.30552367E-02
  1399.0970       1.30329397E-02
  1399.2020       1.30070547E-02
  1399.3000       1.29819565E-02
  1399.3980       1.29578063E-02
  1399.5030       1.29334483E-02
  1399.6010       1.29126224E-02
  1399.6990       1.28939698E-02
  1399.7970       1.28770015E-02
  1399.9020       1.28602710E-02
  1400.0000       1.28452055E-02
  1400.0980       1.28294836E-02
  1400.2030       1.28110054E-02
  1400.3010       1.27919728E-02
  1400.3990       1.27723859E-02
  1400.4970       1.27539022E-02
  1400.6020       1.27359422E-02
  1400.7000       1.27213984E-02
  1400.7980       1.27081086E-02
  1400.9030       1.26951742E-02
  1401.0010       1.26838676E-02
  1401.0990       1.26726899E-02
  1401.1970       1.26613049E-02
  1401.3020       1.26478067E-02
  1401.4000       1.26356330E-02
  1401.4980       1.26226793E-02
  1401.6030       1.26078258E-02
  1401.7010       1.25930860E-02
  1401.7990       1.25773636E-02
  1401.8970       1.25605102E-02
  1402.0020       1.25417107E-02
  1402.1000       1.25235645E-02
  1402.1980       1.25053680E-02
  1402.3030       1.24862115E-02
  1402.4010       1.24691342E-02
  1402.4990       1.24528456E-02
  1402.5970       1.24380664E-02
  1402.7020       1.24224999E-02
  1402.8000       1.24083392E-02
  1402.8980       1.23936170E-02
  1403.0030       1.23769359E-02
  1403.1010       1.23607424E-02
  1403.1990       1.23436968E-02
  1403.2970       1.23266133E-02
  1403.4020       1.23081753E-02
  1403.5000       1.22910680E-02
  1403.5980       1.22742991E-02
  1403.7030       1.22574330E-02
  1403.8010       1.22434474E-02
  1403.8990       1.22309165E-02
  1403.9970       1.22200620E-02
  1404.1020       1.22111006E-02
  1404.2000       1.22051466E-02
  1404.2980       1.22018692E-02
  1404.4030       1.22013760E-02
  1404.5010       1.22034267E-02
  1404.5990       1.22074216E-02
  1404.6970       1.22138113E-02
  1404.8020       1.22222018E-02
  1404.9000       1.22310860E-02
  1404.9980       1.22407219E-02
  1405.1030       1.22507593E-02
  1405.2010       1.22596865E-02
  1405.2990       1.22679369E-02
  1405.3970       1.22751864E-02
  1405.5020       1.22818797E-02
  1405.6000       1.22874990E-02
  1405.6980       1.22920744E-02
  1405.8030       1.22966610E-02
  1405.9010       1.22999564E-02
  1405.9990       1.23021480E-02
  1406.0970       1.23027515E-02
  1406.2020       1.23021170E-02
  1406.3000       1.23007527E-02
  1406.3980       1.22989068E-02
  1406.5030       1.22974004E-02
  1406.6010       1.22977671E-02
  1406.6990       1.23003956E-02
  1406.7970       1.23059711E-02
  1406.9020       1.23160887E-02
  1407.0000       1.23296578E-02
  1407.0980       1.23473653E-02
  1407.2030       1.23700440E-02
  1407.3010       1.23932667E-02
  1407.3990       1.24182458E-02
  1407.4970       1.24437122E-02
  1407.6020       1.24721570E-02
  1407.7000       1.24987152E-02
  1407.7980       1.25252868E-02
  1407.9030       1.25532140E-02
  1408.0010       1.25789343E-02
  1408.0990       1.26045829E-02
  1408.1970       1.26293089E-02
  1408.3020       1.26553965E-02
  1408.4000       1.26794051E-02
  1408.4980       1.27029068E-02
  1408.6030       1.27275764E-02
  1408.7010       1.27499190E-02
  1408.7990       1.27711745E-02
  1408.8970       1.27915909E-02
  1409.0020       1.28125001E-02
  1409.1000       1.28306538E-02
  1409.1980       1.28473527E-02
  1409.3030       1.28627113E-02
  1409.4010       1.28751417E-02
  1409.4990       1.28849373E-02
  1409.5970       1.28911093E-02
  1409.7020       1.28939945E-02
  1409.8000       1.28920668E-02
  1409.8980       1.28857162E-02
  1410.0030       1.28733563E-02
  1410.1010       1.28572328E-02
  1410.1990       1.28368833E-02
  1410.2970       1.28137900E-02
  1410.4020       1.27870467E-02
  1410.5000       1.27621628E-02
  1410.5980       1.27383246E-02
  1410.7030       1.27147093E-02
  1410.8010       1.26955064E-02
  1410.8990       1.26793449E-02
  1410.9970       1.26659243E-02
  1411.1020       1.26543317E-02
  1411.2000       1.26457723E-02
  1411.2980       1.26390253E-02
  1411.4030       1.26345484E-02
  1411.5010       1.26322173E-02
  1411.5990       1.26324138E-02
  1411.6970       1.26352006E-02
  1411.8020       1.26402593E-02
  1411.9000       1.26462857E-02
  1411.9980       1.26525685E-02
  1412.1030       1.26580802E-02
  1412.2010       1.26623597E-02
  1412.2990       1.26653100E-02
  1412.3970       1.26660477E-02
  1412.5020       1.26647804E-02
  1412.6000       1.26617746E-02
  1412.6980       1.26569734E-02
  1412.8030       1.26489940E-02
  1412.9010       1.26388850E-02
  1412.9990       1.26265883E-02
  1413.0970       1.26132358E-02
  1413.2020       1.25997526E-02
  1413.3000       1.25888997E-02
  1413.3980       1.25804360E-02
  1413.5030       1.25742268E-02
  1413.6010       1.25703220E-02
  1413.6990       1.25679915E-02
  1413.7970       1.25663099E-02
  1413.9020       1.25651533E-02
  1414.0000       1.25644758E-02
  1414.0980       1.25629612E-02
  1414.2030       1.25606991E-02
  1414.3010       1.25572737E-02
  1414.3990       1.25532038E-02
  1414.4970       1.25488391E-02
  1414.6020       1.25450412E-02
  1414.7000       1.25429756E-02
  1414.7980       1.25429114E-02
  1414.9030       1.25457453E-02
  1415.0010       1.25506431E-02
  1415.0990       1.25588142E-02
  1415.1970       1.25697116E-02
  1415.3020       1.25843625E-02
  1415.4000       1.25996848E-02
  1415.4980       1.26155811E-02
  1415.6030       1.26316417E-02
  1415.7010       1.26439943E-02
  1415.7990       1.26525431E-02
  1415.8970       1.26569507E-02
  1416.0020       1.26581831E-02
  1416.1000       1.26573130E-02
  1416.1980       1.26553598E-02
  1416.3030       1.26523826E-02
  1416.4010       1.26486541E-02
  1416.4990       1.26443809E-02
  1416.5970       1.26396556E-02
  1416.7020       1.26341904E-02
  1416.8000       1.26286716E-02
  1416.8980       1.26228082E-02
  1417.0030       1.26156992E-02
  1417.1010       1.26096834E-02
  1417.1990       1.26036822E-02
  1417.2970       1.25975743E-02
  1417.4020       1.25897587E-02
  1417.5000       1.25808238E-02
  1417.5980       1.25694091E-02
  1417.7030       1.25539031E-02
  1417.8010       1.25359022E-02
  1417.8990       1.25151228E-02
  1417.9970       1.24919773E-02
  1418.1020       1.24667619E-02
  1418.2000       1.24435870E-02
  1418.2980       1.24224220E-02
  1418.4030       1.24026758E-02
  1418.5010       1.23878792E-02
  1418.5990       1.23773157E-02
  1418.6970       1.23711735E-02
  1418.8020       1.23698246E-02
  1418.9000       1.23740188E-02
  1418.9980       1.23839722E-02
  1419.1030       1.24001606E-02
  1419.2010       1.24177870E-02
  1419.2990       1.24351538E-02
  1419.3970       1.24484501E-02
  1419.5020       1.24564666E-02
  1419.6000       1.24568288E-02
  1419.6980       1.24499805E-02
  1419.8030       1.24352668E-02
  1419.9010       1.24164895E-02
  1419.9990       1.23940382E-02
  1420.0970       1.23710183E-02
  1420.2020       1.23483421E-02
  1420.3000       1.23305293E-02
  1420.3980       1.23172399E-02
  1420.5030       1.23072197E-02
  1420.6010       1.23011113E-02
  1420.6990       1.22957511E-02
  1420.7970       1.22906994E-02
  1420.9020       1.22839830E-02
  1421.0000       1.22763947E-02
  1421.0980       1.22675182E-02
  1421.2030       1.22563860E-02
  1421.3010       1.22439486E-02
  1421.3990       1.22295235E-02
  1421.4970       1.22128020E-02
  1421.6020       1.21918131E-02
  1421.7000       1.21695953E-02
  1421.7980       1.21443831E-02
  1421.9030       1.21147178E-02
  1422.0010       1.20848968E-02
  1422.0990       1.20536108E-02
  1422.1970       1.20214214E-02
  1422.3020       1.19869860E-02
  1422.4000       1.19544962E-02
  1422.4980       1.19224697E-02
  1422.6030       1.18889273E-02
  1422.7010       1.18588243E-02
  1422.7990       1.18301773E-02
  1422.8970       1.18030490E-02
  1423.0020       1.17770470E-02
  1423.1000       1.17564279E-02
  1423.1980       1.17381220E-02
  1423.3030       1.17207025E-02
  1423.4010       1.17045500E-02
  1423.4990       1.16896022E-02
  1423.5970       1.16755740E-02
  1423.7020       1.16604959E-02
  1423.8000       1.16459970E-02
  1423.8980       1.16296646E-02
  1424.0030       1.16110019E-02
  1424.1010       1.15919099E-02
  1424.1990       1.15723555E-02
  1424.2970       1.15525254E-02
  1424.4020       1.15316976E-02
  1424.5000       1.15124577E-02
  1424.5980       1.14935070E-02
  1424.7030       1.14737850E-02
  1424.8010       1.14551728E-02
  1424.8990       1.14359670E-02
  1424.9970       1.14163111E-02
  1425.1020       1.13948520E-02
  1425.2000       1.13750529E-02
  1425.2980       1.13546604E-02
  1425.4030       1.13321329E-02
  1425.5010       1.13103275E-02
  1425.5990       1.12877572E-02
  1425.6970       1.12649419E-02
  1425.8020       1.12407393E-02
  1425.9000       1.12191032E-02
  1425.9980       1.11983979E-02
  1426.1030       1.11779603E-02
  1426.2010       1.11610313E-02
  1426.2990       1.11462495E-02
  1426.3970       1.11335325E-02
  1426.5020       1.11230343E-02
  1426.6000       1.11158661E-02
  1426.6980       1.11112999E-02
  1426.8030       1.11090897E-02
  1426.9010       1.11089352E-02
  1426.9990       1.11101918E-02
  1427.0970       1.11122878E-02
  1427.2020       1.11151023E-02
  1427.3000       1.11177387E-02
  1427.3980       1.11193794E-02
  1427.5030       1.11190358E-02
  1427.6010       1.11155134E-02
  1427.6990       1.11073726E-02
  1427.7970       1.10961283E-02
  1427.9020       1.10828705E-02
  1428.0000       1.10706683E-02
  1428.0980       1.10611374E-02
  1428.2030       1.10548950E-02
  1428.3010       1.10533112E-02
  1428.3990       1.10565225E-02
  1428.4970       1.10640704E-02
  1428.6020       1.10763423E-02
  1428.7000       1.10914908E-02
  1428.7980       1.11097980E-02
  1428.9030       1.11324709E-02
  1429.0010       1.11553999E-02
  1429.0990       1.11792739E-02
  1429.1970       1.12027843E-02
  1429.3020       1.12264786E-02
  1429.4000       1.12475012E-02
  1429.4980       1.12669698E-02
  1429.6030       1.12859972E-02
  1429.7010       1.13027586E-02
  1429.7990       1.13186654E-02
  1429.8970       1.13340118E-02
  1430.0020       1.13497188E-02
  1430.1000       1.13630690E-02
  1430.1980       1.13751507E-02
  1430.3030       1.13864406E-02
  1430.4010       1.13945053E-02
  1430.4990       1.13996050E-02
  1430.5970       1.14018558E-02
  1430.7020       1.14005619E-02
  1430.8000       1.13962285E-02
  1430.8980       1.13892523E-02
  1431.0030       1.13802502E-02
  1431.1010       1.13714013E-02
  1431.1990       1.13627360E-02
  1431.2970       1.13547580E-02
  1431.4020       1.13472540E-02
  1431.5000       1.13411723E-02
  1431.5980       1.13359370E-02
  1431.7030       1.13303071E-02
  1431.8010       1.13249682E-02
  1431.8990       1.13188149E-02
  1431.9970       1.13111089E-02
  1432.1020       1.13002891E-02
  1432.2000       1.12886585E-02
  1432.2980       1.12754262E-02
  1432.4030       1.12601767E-02
  1432.5010       1.12452462E-02
  1432.5990       1.12305687E-02
  1432.6970       1.12160821E-02
  1432.8020       1.12004081E-02
  1432.9000       1.11865068E-02
  1432.9980       1.11751998E-02
  1433.1030       1.11676941E-02
  1433.2010       1.11674867E-02
  1433.2990       1.11749639E-02
  1433.3970       1.11897520E-02
  1433.5020       1.12119205E-02
  1433.6000       1.12353514E-02
  1433.6980       1.12581886E-02
  1433.8030       1.12789500E-02
  1433.9010       1.12934601E-02
  1433.9990       1.13030419E-02
  1434.0970       1.13090848E-02
  1434.2020       1.13126814E-02
  1434.3000       1.13129964E-02
  1434.3980       1.13086095E-02
  1434.5030       1.12982758E-02
  1434.6010       1.12834732E-02
  1434.6990       1.12643050E-02
  1434.7970       1.12423673E-02
  1434.9020       1.12175200E-02
  1435.0000       1.11941380E-02
  1435.0980       1.11712454E-02
  1435.2030       1.11478444E-02
  1435.3010       1.11273436E-02
  1435.3990       1.11078685E-02
  1435.4970       1.10893800E-02
  1435.6020       1.10706054E-02
  1435.7000       1.10534451E-02
  1435.7980       1.10381801E-02
  1435.9030       1.10242544E-02
  1436.0010       1.10139463E-02
  1436.0990       1.10048040E-02
  1436.1970       1.09965523E-02
  1436.3020       1.09882485E-02
  1436.4000       1.09817211E-02
  1436.4980       1.09762832E-02
  1436.6030       1.09721639E-02
  1436.7010       1.09701349E-02
  1436.7990       1.09705079E-02
  1436.8970       1.09729975E-02
  1437.0020       1.09780708E-02
  1437.1000       1.09847198E-02
  1437.1980       1.09932339E-02
  1437.3030       1.10022828E-02
  1437.4010       1.10112463E-02
  1437.4990       1.10191874E-02
  1437.5970       1.10251578E-02
  1437.7020       1.10280081E-02
  1437.8000       1.10262721E-02
  1437.8980       1.10198198E-02
  1438.0030       1.10088692E-02
  1438.1010       1.09950938E-02
  1438.1990       1.09788421E-02
  1438.2970       1.09609871E-02
  1438.4020       1.09405907E-02
  1438.5000       1.09211672E-02
  1438.5980       1.09021195E-02
  1438.7030       1.08824096E-02
  1438.8010       1.08651563E-02
  1438.8990       1.08491883E-02
  1438.9970       1.08345337E-02
  1439.1020       1.08202036E-02
  1439.2000       1.08072510E-02
  1439.2980       1.07948305E-02
  1439.4030       1.07815147E-02
  1439.5010       1.07692492E-02
  1439.5990       1.07574484E-02
  1439.6970       1.07470245E-02
  1439.8020       1.07384200E-02
  1439.9000       1.07340759E-02
  1439.9980       1.07347321E-02
  1440.1030       1.07417916E-02
  1440.2010       1.07537933E-02
  1440.2990       1.07684793E-02
  1440.3970       1.07828969E-02
  1440.5020       1.07937944E-02
  1440.6000       1.07968395E-02
  1440.6980       1.07922770E-02
  1440.8030       1.07799084E-02
  1440.9010       1.07642516E-02
  1440.9990       1.07468933E-02
  1441.0970       1.07292172E-02
  1441.2020       1.07084656E-02
  1441.3000       1.06859533E-02
  1441.3980       1.06596839E-02
  1441.5030       1.06285521E-02
  1441.6010       1.05974510E-02
  1441.6990       1.05650315E-02
  1441.7970       1.05332123E-02
  1441.9020       1.05020714E-02
  1442.0000       1.04767215E-02
  1442.0980       1.04544969E-02
  1442.2030       1.04326899E-02
  1442.3010       1.04124269E-02
  1442.3990       1.03904783E-02
  1442.4970       1.03673526E-02
  1442.6020       1.03425294E-02
  1442.7000       1.03202238E-02
  1442.7980       1.02986882E-02
  1442.9030       1.02746219E-02
  1443.0010       1.02515578E-02
  1443.0990       1.02281954E-02
  1443.1970       1.02055041E-02
  1443.3020       1.01831679E-02
  1443.4000       1.01637614E-02
  1443.4980       1.01462956E-02
  1443.6030       1.01301854E-02
  1443.7010       1.01185928E-02
  1443.7990       1.01110060E-02
  1443.8970       1.01079685E-02
  1444.0020       1.01097407E-02
  1444.1000       1.01160567E-02
  1444.1980       1.01263520E-02
  1444.3030       1.01402345E-02
  1444.4010       1.01542866E-02
  1444.4990       1.01674136E-02
  1444.5970       1.01787415E-02
  1444.7020       1.01884971E-02
  1444.8000       1.01949036E-02
  1444.8980       1.01976555E-02
  1445.0030       1.01973137E-02
  1445.1010       1.01950846E-02
  1445.1990       1.01933305E-02
  1445.2970       1.01930348E-02
  1445.4020       1.01942131E-02
  1445.5000       1.01948056E-02
  1445.5980       1.01925366E-02
  1445.7030       1.01847033E-02
  1445.8010       1.01741045E-02
  1445.8990       1.01646175E-02
  1445.9970       1.01574281E-02
  1446.1020       1.01529782E-02
  1446.2000       1.01513995E-02
  1446.2980       1.01509321E-02
  1446.4030       1.01511181E-02
  1446.5010       1.01528808E-02
  1446.5990       1.01535663E-02
  1446.6970       1.01516925E-02
  1446.8020       1.01485724E-02
  1446.9000       1.01479637E-02
  1446.9980       1.01502151E-02
  1447.1030       1.01551597E-02
  1447.2010       1.01597974E-02
  1447.2990       1.01679542E-02
  1447.3970       1.01799586E-02
  1447.5020       1.01943469E-02
  1447.6000       1.02074501E-02
  1447.6980       1.02198282E-02
  1447.8030       1.02326818E-02
  1447.9010       1.02429264E-02
  1447.9990       1.02503785E-02
  1448.0970       1.02538989E-02
  1448.2020       1.02556710E-02
  1448.3000       1.02566704E-02
  1448.3980       1.02580290E-02
  1448.5030       1.02612815E-02
  1448.6010       1.02641136E-02
  1448.6990       1.02653129E-02
  1448.7970       1.02673715E-02
  1448.9020       1.02729159E-02
  1449.0000       1.02810982E-02
  1449.0980       1.02897548E-02
  1449.2030       1.02980908E-02
  1449.3010       1.03042425E-02
  1449.3990       1.03072388E-02
  1449.4970       1.03067067E-02
  1449.6020       1.03051624E-02
  1449.7000       1.03048902E-02
  1449.7980       1.03069781E-02
  1449.9030       1.03110741E-02
  1450.0010       1.03163256E-02
  1450.0990       1.03233232E-02
  1450.1970       1.03327334E-02
  1450.3020       1.03464815E-02
  1450.4000       1.03611713E-02
  1450.4980       1.03765861E-02
  1450.6030       1.03912289E-02
  1450.7010       1.04030243E-02
  1450.7990       1.04122283E-02
  1450.8970       1.04186745E-02
  1451.0020       1.04228292E-02
  1451.1000       1.04251385E-02
  1451.1980       1.04271148E-02
  1451.3030       1.04300909E-02
  1451.4010       1.04342688E-02
  1451.4990       1.04398932E-02
  1451.5970       1.04467974E-02
  1451.7020       1.04550674E-02
  1451.8000       1.04629900E-02
  1451.8980       1.04702764E-02
  1452.0030       1.04756681E-02
  1452.1010       1.04775750E-02
  1452.1990       1.04756218E-02
  1452.2970       1.04704896E-02
  1452.4020       1.04627779E-02
  1452.5000       1.04548091E-02
  1452.5980       1.04479313E-02
  1452.7030       1.04435560E-02
  1452.8010       1.04426513E-02
  1452.8990       1.04445344E-02
  1452.9970       1.04479441E-02
  1453.1020       1.04527573E-02
  1453.2000       1.04578680E-02
  1453.2980       1.04631615E-02
  1453.4030       1.04689338E-02
  1453.5010       1.04741583E-02
  1453.5990       1.04791632E-02
  1453.6970       1.04845604E-02
  1453.8020       1.04918597E-02
  1453.9000       1.05005713E-02
  1453.9980       1.05110882E-02
  1454.1030       1.05235817E-02
  1454.2010       1.05363350E-02
  1454.2990       1.05480048E-02
  1454.3970       1.05584493E-02
  1454.5020       1.05665724E-02
  1454.6000       1.05716784E-02
  1454.6980       1.05738911E-02
  1454.8030       1.05733512E-02
  1454.9010       1.05713714E-02
  1454.9990       1.05684080E-02
  1455.0970       1.05650989E-02
  1455.2020       1.05615566E-02
  1455.3000       1.05584584E-02
  1455.3980       1.05562027E-02
  1455.5030       1.05552246E-02
  1455.6010       1.05558200E-02
  1455.6990       1.05587138E-02
  1455.7970       1.05637180E-02
  1455.9020       1.05719638E-02
  1456.0000       1.05818939E-02
  1456.0980       1.05930965E-02
  1456.2030       1.06066772E-02
  1456.3010       1.06202419E-02
  1456.3990       1.06344463E-02
  1456.4970       1.06488191E-02
  1456.6020       1.06647651E-02
  1456.7000       1.06803952E-02
  1456.7980       1.06971945E-02
  1456.9030       1.07156762E-02
  1457.0010       1.07349292E-02
  1457.0990       1.07555202E-02
  1457.1970       1.07776634E-02
  1457.3020       1.08023924E-02
  1457.4000       1.08265355E-02
  1457.4980       1.08508499E-02
  1457.6030       1.08765417E-02
  1457.7010       1.09003574E-02
  1457.7990       1.09230488E-02
  1457.8970       1.09455914E-02
  1458.0020       1.09691501E-02
  1458.1000       1.09913916E-02
  1458.1980       1.10134064E-02
  1458.3030       1.10385541E-02
  1458.4010       1.10623323E-02
  1458.4990       1.10875006E-02
  1458.5970       1.11134276E-02
  1458.7020       1.11425000E-02
  1458.8000       1.11711645E-02
  1458.8980       1.12009111E-02
  1459.0030       1.12344626E-02
  1459.1010       1.12678329E-02
  1459.1990       1.13029395E-02
  1459.2970       1.13395536E-02
  1459.4020       1.13797728E-02
  1459.5000       1.14172382E-02
  1459.5980       1.14531541E-02
  1459.7030       1.14891315E-02
  1459.8010       1.15194521E-02
  1459.8990       1.15462192E-02
  1459.9970       1.15705410E-02
  1460.1020       1.15940149E-02
  1460.2000       1.16144765E-02
  1460.2980       1.16334834E-02
  1460.4030       1.16525391E-02
  1460.5010       1.16694228E-02
  1460.5990       1.16847131E-02
  1460.6970       1.16993683E-02
  1460.8020       1.17142152E-02
  1460.9000       1.17277341E-02
  1460.9980       1.17411470E-02
  1461.1030       1.17556868E-02
  1461.2010       1.17690467E-02
  1461.2990       1.17833761E-02
  1461.3970       1.17985354E-02
  1461.5020       1.18163533E-02
  1461.6000       1.18341514E-02
  1461.6980       1.18528080E-02
  1461.8030       1.18743849E-02
  1461.9010       1.18956634E-02
  1461.9990       1.19181300E-02
  1462.0970       1.19409915E-02
  1462.2020       1.19655495E-02
  1462.3000       1.19872150E-02
  1462.3980       1.20078499E-02
  1462.5030       1.20285505E-02
  1462.6010       1.20464273E-02
  1462.6990       1.20626500E-02
  1462.7970       1.20779724E-02
  1462.9020       1.20928398E-02
  1463.0000       1.21054607E-02
  1463.0980       1.21167857E-02
  1463.2030       1.21278094E-02
  1463.3010       1.21377081E-02
  1463.3990       1.21468821E-02
  1463.4970       1.21564089E-02
  1463.6020       1.21658867E-02
  1463.7000       1.21742570E-02
  1463.7980       1.21820673E-02
  1463.9030       1.21905232E-02
  1464.0010       1.21984368E-02
  1464.0990       1.22071911E-02
  1464.1970       1.22159477E-02
  1464.3020       1.22258031E-02
  1464.4000       1.22362214E-02
  1464.4980       1.22481138E-02
  1464.6030       1.22608134E-02
  1464.7010       1.22710989E-02
  1464.7990       1.22793181E-02
  1464.8970       1.22856919E-02
  1465.0020       1.22933804E-02
  1465.1000       1.23021172E-02
  1465.1980       1.23137085E-02
  1465.3030       1.23290547E-02
  1465.4010       1.23449104E-02
  1465.4990       1.23623677E-02
  1465.5970       1.23798777E-02
  1465.7020       1.23985273E-02
  1465.8000       1.24147260E-02
  1465.8980       1.24304404E-02
  1466.0030       1.24459197E-02
  1466.1010       1.24601918E-02
  1466.1990       1.24741599E-02
  1466.2970       1.24872821E-02
  1466.4020       1.25004205E-02
  1466.5000       1.25122970E-02
  1466.5980       1.25224397E-02
  1466.7030       1.25316551E-02
  1466.8010       1.25392529E-02
  1466.8990       1.25458844E-02
  1466.9970       1.25516699E-02
  1467.1020       1.25574571E-02
  1467.2000       1.25621708E-02
  1467.2980       1.25666859E-02
  1467.4030       1.25710568E-02
  1467.5010       1.25744401E-02
  1467.5990       1.25771511E-02
  1467.6970       1.25790175E-02
  1467.8020       1.25807042E-02
  1467.9000       1.25809672E-02
  1467.9980       1.25805957E-02
  1468.1030       1.25798631E-02
  1468.2010       1.25783064E-02
  1468.2990       1.25763749E-02
  1468.3970       1.25745997E-02
  1468.5020       1.25728195E-02
  1468.6000       1.25706347E-02
  1468.6980       1.25688842E-02
  1468.8030       1.25671847E-02
  1468.9010       1.25659124E-02
  1468.9990       1.25648058E-02
  1469.0970       1.25637160E-02
  1469.2020       1.25630678E-02
  1469.3000       1.25625181E-02
  1469.3980       1.25622128E-02
  1469.5030       1.25618894E-02
  1469.6010       1.25612940E-02
  1469.6990       1.25608531E-02
  1469.7970       1.25602620E-02
  1469.9020       1.25599258E-02
  1470.0000       1.25587491E-02
  1470.0980       1.25590283E-02
  1470.2030       1.25588566E-02
  1470.3010       1.25594368E-02
  1470.3990       1.25610184E-02
  1470.4970       1.25632530E-02
  1470.6020       1.25669405E-02
  1470.7000       1.25722237E-02
  1470.7980       1.25784160E-02
  1470.9030       1.25867907E-02
  1471.0010       1.25961532E-02
  1471.0990       1.26065978E-02
  1471.1970       1.26186026E-02
  1471.3020       1.26325701E-02
  1471.4000       1.26468953E-02
  1471.4980       1.26614795E-02
  1471.6030       1.26775445E-02
  1471.7010       1.26929903E-02
  1471.7990       1.27090438E-02
  1471.8970       1.27242825E-02
  1472.0020       1.27412041E-02
  1472.1000       1.27570589E-02
  1472.1980       1.27725971E-02
  1472.3030       1.27894712E-02
  1472.4010       1.28056549E-02
  1472.4990       1.28217140E-02
  1472.5970       1.28371455E-02
  1472.7020       1.28542642E-02
  1472.8000       1.28699053E-02
  1472.8980       1.28855672E-02
  1473.0030       1.29025474E-02
  1473.1010       1.29192235E-02
  1473.1990       1.29367646E-02
  1473.2970       1.29556920E-02
  1473.4020       1.29772854E-02
  1473.5000       1.29980956E-02
  1473.5980       1.30180164E-02
  1473.7030       1.30379514E-02
  1473.8010       1.30557286E-02
  1473.8990       1.30715428E-02
  1473.9970       1.30848385E-02
  1474.1020       1.30959629E-02
  1474.2000       1.31034272E-02
  1474.2980       1.31082625E-02
  1474.4030       1.31104596E-02
  1474.5010       1.31106202E-02
  1474.5990       1.31075383E-02
  1474.6970       1.31035175E-02
  1474.8020       1.30965318E-02
  1474.9000       1.30888354E-02
  1474.9980       1.30793943E-02
  1475.1030       1.30681428E-02
  1475.2010       1.30562371E-02
  1475.2990       1.30443635E-02
  1475.3970       1.30316069E-02
  1475.5020       1.30172120E-02
  1475.6000       1.30038506E-02
  1475.6980       1.29907935E-02
  1475.8030       1.29773427E-02
  1475.9010       1.29658343E-02
  1475.9990       1.29545380E-02
  1476.0970       1.29446265E-02
  1476.2020       1.29349859E-02
  1476.3000       1.29270296E-02
  1476.3980       1.29197610E-02
  1476.5030       1.29128434E-02
  1476.6010       1.29064322E-02
  1476.6990       1.28998725E-02
  1476.7970       1.28928681E-02
  1476.9020       1.28837737E-02
  1477.0000       1.28738170E-02
  1477.0980       1.28630346E-02
  1477.2030       1.28492424E-02
  1477.3010       1.28350999E-02
  1477.3990       1.28200016E-02
  1477.4970       1.28040328E-02
  1477.6020       1.27866278E-02
  1477.7000       1.27699675E-02
  1477.7980       1.27537109E-02
  1477.9030       1.27369419E-02
  1478.0010       1.27214573E-02
  1478.0990       1.27068532E-02
  1478.1970       1.26932857E-02
  1478.3020       1.26800476E-02
  1478.4000       1.26677991E-02
  1478.4980       1.26574424E-02
  1478.6030       1.26472186E-02
  1478.7010       1.26391010E-02
  1478.7990       1.26319445E-02
  1478.8970       1.26258408E-02
  1479.0020       1.26205543E-02
  1479.1000       1.26162886E-02
  1479.1980       1.26128842E-02
  1479.3030       1.26106219E-02
  1479.4010       1.26095223E-02
  1479.4990       1.26093016E-02
  1479.5970       1.26096200E-02
  1479.7020       1.26111701E-02
  1479.8000       1.26132333E-02
  1479.8980       1.26162132E-02
  1480.0030       1.26197352E-02
  1480.1010       1.26243272E-02
  1480.1990       1.26293205E-02
  1480.2970       1.26346218E-02
  1480.4020       1.26404626E-02
  1480.5000       1.26458067E-02
  1480.5980       1.26519343E-02
  1480.7030       1.26578004E-02
  1480.8010       1.26632912E-02
  1480.8990       1.26688711E-02
  1480.9970       1.26747784E-02
  1481.1020       1.26812728E-02
  1481.2000       1.26875707E-02
  1481.2980       1.26950600E-02
  1481.4030       1.27036192E-02
  1481.5010       1.27129361E-02
  1481.5990       1.27234410E-02
  1481.6970       1.27349559E-02
  1481.8020       1.27481941E-02
  1481.9000       1.27625198E-02
  1481.9980       1.27775230E-02
  1482.1030       1.27945683E-02
  1482.2010       1.28121057E-02
  1482.2990       1.28295623E-02
  1482.3970       1.28479132E-02
  1482.5020       1.28674228E-02
  1482.6000       1.28858909E-02
  1482.6980       1.29043092E-02
  1482.8030       1.29229097E-02
  1482.9010       1.29402321E-02
  1482.9990       1.29559363E-02
  1483.0970       1.29708373E-02
  1483.2020       1.29856577E-02
  1483.3000       1.29991671E-02
  1483.3980       1.30106585E-02
  1483.5030       1.30221896E-02
  1483.6010       1.30317519E-02
  1483.6990       1.30395667E-02
  1483.7970       1.30464780E-02
  1483.9020       1.30522593E-02
  1484.0000       1.30567404E-02
  1484.0980       1.30606112E-02
  1484.2030       1.30639310E-02
  1484.3010       1.30664820E-02
  1484.3990       1.30683705E-02
  1484.4970       1.30698630E-02
  1484.6020       1.30700371E-02
  1484.7000       1.30694012E-02
  1484.7980       1.30683637E-02
  1484.9030       1.30671726E-02
  1485.0010       1.30661864E-02
  1485.0990       1.30653842E-02
  1485.1970       1.30650006E-02
  1485.3020       1.30657009E-02
  1485.4000       1.30665970E-02
  1485.4980       1.30680244E-02
  1485.6030       1.30702314E-02
  1485.7010       1.30727577E-02
  1485.7990       1.30767110E-02
  1485.8970       1.30810893E-02
  1486.0020       1.30874804E-02
  1486.1000       1.30941414E-02
  1486.1980       1.31021100E-02
  1486.3030       1.31118722E-02
  1486.4010       1.31219093E-02
  1486.4990       1.31326215E-02
  1486.5970       1.31441226E-02
  1486.7020       1.31563103E-02
  1486.8000       1.31672767E-02
  1486.8980       1.31783362E-02
  1487.0030       1.31888684E-02
  1487.1010       1.31980337E-02
  1487.1990       1.32058168E-02
  1487.2970       1.32119776E-02
  1487.4020       1.32170787E-02
  1487.5000       1.32198920E-02
  1487.5980       1.32218691E-02
  1487.7030       1.32228475E-02
  1487.8010       1.32225272E-02
  1487.8990       1.32207390E-02
  1487.9970       1.32186669E-02
  1488.1020       1.32148160E-02
  1488.2000       1.32108125E-02
  1488.2980       1.32066523E-02
  1488.4030       1.32017160E-02
  1488.5010       1.31972781E-02
  1488.5990       1.31927002E-02
  1488.6970       1.31884901E-02
  1488.8020       1.31839705E-02
  1488.9000       1.31804301E-02
  1488.9980       1.31764612E-02
  1489.1030       1.31722331E-02
  1489.2010       1.31686189E-02
  1489.2990       1.31652417E-02
  1489.3970       1.31622378E-02
  1489.5020       1.31597409E-02
  1489.6000       1.31582215E-02
  1489.6980       1.31565025E-02
  1489.8030       1.31558733E-02
  1489.9010       1.31553390E-02
  1489.9990       1.31550842E-02
  1490.0970       1.31548524E-02
  1490.2020       1.31557002E-02
  1490.3000       1.31574498E-02
  1490.3980       1.31600399E-02
  1490.5030       1.31637253E-02
  1490.6010       1.31684219E-02
  1490.6990       1.31741366E-02
  1490.7970       1.31808686E-02
  1490.9020       1.31888712E-02
  1491.0000       1.31972041E-02
  1491.0980       1.32060802E-02
  1491.2030       1.32161821E-02
  1491.3010       1.32257199E-02
  1491.3990       1.32350796E-02
  1491.4970       1.32442423E-02
  1491.6020       1.32540568E-02
  1491.7000       1.32628206E-02
  1491.7980       1.32716970E-02
  1491.9030       1.32804964E-02
  1492.0010       1.32884914E-02
  1492.0990       1.32953334E-02
  1492.1970       1.33016091E-02
  1492.3020       1.33078457E-02
  1492.4000       1.33123095E-02
  1492.4980       1.33160459E-02
  1492.6030       1.33192540E-02
  1492.7010       1.33219137E-02
  1492.7990       1.33246855E-02
  1492.8970       1.33277981E-02
  1493.0020       1.33318728E-02
  1493.1000       1.33370065E-02
  1493.1980       1.33427148E-02
  1493.3030       1.33501668E-02
  1493.4010       1.33579367E-02
  1493.4990       1.33678052E-02
  1493.5970       1.33784435E-02
  1493.7020       1.33917358E-02
  1493.8000       1.34047376E-02
  1493.8980       1.34194065E-02
  1494.0030       1.34355336E-02
  1494.1010       1.34508907E-02
  1494.1990       1.34662595E-02
  1494.2970       1.34814761E-02
  1494.4020       1.34970286E-02
  1494.5000       1.35113628E-02
  1494.5980       1.35267468E-02
  1494.7030       1.35432257E-02
  1494.8010       1.35595355E-02
  1494.8990       1.35753569E-02
  1494.9970       1.35910492E-02
  1495.1020       1.36070868E-02
  1495.2000       1.36222973E-02
  1495.2980       1.36374908E-02
  1495.4030       1.36539892E-02
  1495.5010       1.36687553E-02
  1495.5990       1.36831611E-02
  1495.6970       1.36972605E-02
  1495.8020       1.37125284E-02
  1495.9000       1.37266828E-02
  1495.9980       1.37413186E-02
  1496.1030       1.37576145E-02
  1496.2010       1.37724614E-02
  1496.2990       1.37874474E-02
  1496.3970       1.38025870E-02
  1496.5020       1.38195239E-02
  1496.6000       1.38361021E-02
  1496.6980       1.38531798E-02
  1496.8030       1.38716144E-02
  1496.9010       1.38891433E-02
  1496.9990       1.39076940E-02
  1497.0970       1.39260853E-02
  1497.2020       1.39463800E-02
  1497.3000       1.39659748E-02
  1497.3980       1.39856931E-02
  1497.5030       1.40073121E-02
  1497.6010       1.40274747E-02
  1497.6990       1.40483930E-02
  1497.7970       1.40689281E-02
  1497.9020       1.40909222E-02
  1498.0000       1.41120319E-02
  1498.0980       1.41324020E-02
  1498.2030       1.41541721E-02
  1498.3010       1.41741856E-02
  1498.3990       1.41939857E-02
  1498.4970       1.42133696E-02
  1498.6020       1.42339776E-02
  1498.7000       1.42521735E-02
  1498.7980       1.42698507E-02
  1498.9030       1.42882715E-02
  1499.0010       1.43049876E-02
  1499.0990       1.43207750E-02
  1499.1970       1.43357048E-02
  1499.3020       1.43508971E-02
  1499.4000       1.43645053E-02
  1499.4980       1.43777690E-02
  1499.6030       1.43912880E-02
  1499.7010       1.44035077E-02
  1499.7990       1.44157908E-02
  1499.8970       1.44275875E-02
  1500.0020       1.44397933E-02
  1500.1000       1.44517438E-02
  1500.1980       1.44640323E-02
  1500.3030       1.44772889E-02
  1500.4010       1.44898011E-02
  1500.4990       1.45028740E-02
  1500.5970       1.45153003E-02
  1500.7020       1.45286882E-02
  1500.8000       1.45412298E-02
  1500.8980       1.45530703E-02
  1501.0030       1.45660702E-02
  1501.1010       1.45775341E-02
  1501.1990       1.45893974E-02
  1501.2970       1.46002845E-02
  1501.4020       1.46120861E-02
  1501.5000       1.46218593E-02
  1501.5980       1.46320267E-02
  1501.7030       1.46429173E-02
  1501.8010       1.46529148E-02
  1501.8990       1.46632647E-02
  1501.9970       1.46731127E-02
  1502.1020       1.46835875E-02
  1502.2000       1.46928750E-02
  1502.2980       1.47023633E-02
  1502.4030       1.47128683E-02
  1502.5010       1.47228639E-02
  1502.5990       1.47341991E-02
  1502.6970       1.47454829E-02
  1502.8020       1.47583215E-02
  1502.9000       1.47717418E-02
  1502.9980       1.47861122E-02
  1503.1030       1.48032109E-02
  1503.2010       1.48205864E-02
  1503.2990       1.48392162E-02
  1503.3970       1.48592192E-02
  1503.5020       1.48818516E-02
  1503.6000       1.49044733E-02
  1503.6980       1.49283453E-02
  1503.8030       1.49559328E-02
  1503.9010       1.49832279E-02
  1503.9990       1.50122756E-02
  1504.0970       1.50441250E-02
  1504.2020       1.50798888E-02
  1504.3000       1.51162581E-02
  1504.3980       1.51550306E-02
  1504.5030       1.51987772E-02
  1504.6010       1.52424876E-02
  1504.6990       1.52879634E-02
  1504.7970       1.53346356E-02
  1504.9020       1.53863903E-02
  1505.0000       1.54341655E-02
  1505.0980       1.54819817E-02
  1505.2030       1.55318101E-02
  1505.3010       1.55772646E-02
  1505.3990       1.56204300E-02
  1505.4970       1.56614621E-02
  1505.6020       1.57033510E-02
  1505.7000       1.57401665E-02
  1505.7980       1.57748116E-02
  1505.9030       1.58097391E-02
  1506.0010       1.58403364E-02
  1506.0990       1.58689125E-02
  1506.1970       1.58956714E-02
  1506.3020       1.59219404E-02
  1506.4000       1.59445669E-02
  1506.4980       1.59641079E-02
  1506.6030       1.59827560E-02
  1506.7010       1.59983030E-02
  1506.7990       1.60121562E-02
  1506.8970       1.60243751E-02
  1507.0020       1.60367740E-02
  1507.1000       1.60476024E-02
  1507.1980       1.60575412E-02
  1507.3030       1.60671968E-02
  1507.4010       1.60764828E-02
  1507.4990       1.60851700E-02
  1507.5970       1.60936982E-02
  1507.7020       1.61022980E-02
  1507.8000       1.61099720E-02
  1507.8980       1.61173192E-02
  1508.0030       1.61241624E-02
  1508.1010       1.61304295E-02
  1508.1990       1.61360340E-02
  1508.2970       1.61414373E-02
  1508.4020       1.61461228E-02
  1508.5000       1.61497953E-02
  1508.5980       1.61527576E-02
  1508.7030       1.61550247E-02
  1508.8010       1.61569447E-02
  1508.8990       1.61583267E-02
  1508.9970       1.61597883E-02
  1509.1020       1.61614196E-02
  1509.2000       1.61632800E-02
  1509.2980       1.61652635E-02
  1509.4030       1.61678666E-02
  1509.5010       1.61710689E-02
  1509.5990       1.61744482E-02
  1509.6970       1.61783099E-02
  1509.8020       1.61836766E-02
  1509.9000       1.61885675E-02
  1509.9980       1.61945588E-02
  1510.1030       1.62012405E-02
  1510.2010       1.62075522E-02
  1510.2990       1.62152991E-02
  1510.3970       1.62229170E-02
  1510.5020       1.62317216E-02
  1510.6000       1.62406280E-02
  1510.6980       1.62499146E-02
  1510.8030       1.62609746E-02
  1510.9010       1.62718599E-02
  1510.9990       1.62838011E-02
  1511.0970       1.62957310E-02
  1511.2020       1.63102224E-02
  1511.3000       1.63245839E-02
  1511.3980       1.63401813E-02
  1511.5030       1.63579063E-02
  1511.6010       1.63759420E-02
  1511.6990       1.63951078E-02
  1511.7970       1.64158046E-02
  1511.9020       1.64388802E-02
  1512.0000       1.64610899E-02
  1512.0980       1.64838627E-02
  1512.2030       1.65087977E-02
  1512.3010       1.65316856E-02
  1512.3990       1.65540232E-02
  1512.4970       1.65753853E-02
  1512.6020       1.65962582E-02
  1512.7000       1.66144129E-02
  1512.7980       1.66308752E-02
  1512.9030       1.66476813E-02
  1513.0010       1.66627631E-02
  1513.0990       1.66778458E-02
  1513.1970       1.66931649E-02
  1513.3020       1.67103586E-02
  1513.4000       1.67277441E-02
  1513.4980       1.67467721E-02
  1513.6030       1.67698155E-02
  1513.7010       1.67927636E-02
  1513.7990       1.68181510E-02
  1513.8970       1.68449867E-02
  1514.0020       1.68765071E-02
  1514.1000       1.69069917E-02
  1514.1980       1.69383278E-02
  1514.3030       1.69705860E-02
  1514.4010       1.69993277E-02
  1514.4990       1.70252292E-02
  1514.5970       1.70495641E-02
  1514.7020       1.70735521E-02
  1514.8000       1.70948133E-02
  1514.8980       1.71161387E-02
  1515.0030       1.71398035E-02
  1515.1010       1.71639272E-02
  1515.1990       1.71899505E-02
  1515.2970       1.72191212E-02
  1515.4020       1.72534448E-02
  1515.5000       1.72885428E-02
  1515.5980       1.73262248E-02
  1515.7030       1.73684691E-02
  1515.8010       1.74095848E-02
  1515.8990       1.74511454E-02
  1515.9970       1.74928275E-02
  1516.1020       1.75368634E-02
  1516.2000       1.75769128E-02
  1516.2980       1.76162079E-02
  1516.4030       1.76570677E-02
  1516.5010       1.76942446E-02
  1516.5990       1.77308075E-02
  1516.6970       1.77669694E-02
  1516.8020       1.78060133E-02
  1516.9000       1.78428832E-02
  1516.9980       1.78798921E-02
  1517.1030       1.79208431E-02
  1517.2010       1.79599480E-02
  1517.2990       1.80009306E-02
  1517.3970       1.80427906E-02
  1517.5020       1.80890354E-02
  1517.6000       1.81316762E-02
  1517.6980       1.81726914E-02
  1517.8030       1.82143734E-02
  1517.9010       1.82494070E-02
  1517.9990       1.82795968E-02
  1518.0970       1.83032096E-02
  1518.2020       1.83212857E-02
  1518.3000       1.83299783E-02
  1518.3980       1.83322157E-02
  1518.5030       1.83272771E-02
  1518.6010       1.83169152E-02
  1518.6990       1.83037795E-02
  1518.7970       1.82905302E-02
  1518.9020       1.82826976E-02
  1519.0000       1.82841154E-02
  1519.0980       1.82949499E-02
  1519.2030       1.83129378E-02
  1519.3010       1.83301939E-02
  1519.3990       1.83435247E-02
  1519.4970       1.83494296E-02
  1519.6020       1.83526057E-02
  1519.7000       1.83526949E-02
  1519.7980       1.83526853E-02
  1519.9030       1.83517322E-02
  1520.0010       1.83502594E-02
  1520.0990       1.83468473E-02
  1520.1970       1.83430621E-02
  1520.3020       1.83394051E-02
  1520.4000       1.83371365E-02
  1520.4980       1.83351635E-02
  1520.6030       1.83331660E-02
  1520.7010       1.83303217E-02
  1520.7990       1.83268417E-02
  1520.8970       1.83243182E-02
  1521.0020       1.83214778E-02
  1521.1000       1.83207666E-02
  1521.1980       1.83208126E-02
  1521.3030       1.83200933E-02
  1521.4010       1.83180459E-02
  1521.4990       1.83158881E-02
  1521.5970       1.83149436E-02
  1521.7020       1.83143255E-02
  1521.8000       1.83147615E-02
  1521.8980       1.83163014E-02
  1522.0030       1.83185609E-02
  1522.1010       1.83207104E-02
  1522.1990       1.83242974E-02
  1522.2970       1.83276785E-02
  1522.4020       1.83307580E-02
  1522.5000       1.83341484E-02
  1522.5980       1.83368335E-02
  1522.7030       1.83398978E-02
  1522.8010       1.83420189E-02
  1522.8990       1.83433165E-02
  1522.9970       1.83429911E-02
  1523.1020       1.83407574E-02
  1523.2000       1.83373521E-02
  1523.2980       1.83335719E-02
  1523.4030       1.83274371E-02
  1523.5010       1.83209946E-02
  1523.5990       1.83137108E-02
  1523.6970       1.83060468E-02
  1523.8020       1.82974422E-02
  1523.9000       1.82894157E-02
  1523.9980       1.82820116E-02
  1524.1030       1.82742233E-02
  1524.2010       1.82676409E-02
  1524.2990       1.82622739E-02
  1524.3970       1.82576748E-02
  1524.5020       1.82531289E-02
  1524.6000       1.82506377E-02
  1524.6980       1.82487889E-02
  1524.8030       1.82480898E-02
  1524.9010       1.82470300E-02
  1524.9990       1.82472217E-02
  1525.0970       1.82470628E-02
  1525.2020       1.82484001E-02
  1525.3000       1.82498735E-02
  1525.3980       1.82514875E-02
  1525.5030       1.82543592E-02
  1525.6010       1.82577219E-02
  1525.6990       1.82621878E-02
  1525.7970       1.82671719E-02
  1525.9020       1.82738696E-02
  1526.0000       1.82808859E-02
  1526.0980       1.82887644E-02
  1526.2030       1.82975548E-02
  1526.3010       1.83068265E-02
  1526.3990       1.83161032E-02
  1526.4970       1.83253990E-02
  1526.6020       1.83365199E-02
  1526.7000       1.83468838E-02
  1526.7980       1.83573280E-02
  1526.9030       1.83686446E-02
  1527.0010       1.83790507E-02
  1527.0990       1.83902771E-02
  1527.1970       1.84003477E-02
  1527.3020       1.84119558E-02
  1527.4000       1.84219359E-02
  1527.4980       1.84310522E-02
  1527.6030       1.84401067E-02
  1527.7010       1.84469570E-02
  1527.7990       1.84529458E-02
  1527.8970       1.84571547E-02
  1528.0020       1.84595594E-02
  1528.1000       1.84604746E-02
  1528.1980       1.84592818E-02
  1528.3030       1.84567194E-02
  1528.4010       1.84532031E-02
  1528.4990       1.84482506E-02
  1528.5970       1.84422276E-02
  1528.7020       1.84351859E-02
  1528.8000       1.84279589E-02
  1528.8980       1.84203813E-02
  1529.0030       1.84122107E-02
  1529.1010       1.84045805E-02
  1529.1990       1.83963748E-02
  1529.2970       1.83874867E-02
  1529.4020       1.83786272E-02
  1529.5000       1.83691274E-02
  1529.5980       1.83603458E-02
  1529.7030       1.83510514E-02
  1529.8010       1.83421207E-02
  1529.8990       1.83329626E-02
  1529.9970       1.83244345E-02
  1530.1020       1.83159044E-02
  1530.2000       1.83078195E-02
  1530.2980       1.83017074E-02
  1530.4030       1.82958632E-02
  1530.5010       1.82918293E-02
  1530.5990       1.82889974E-02
  1530.6970       1.82877755E-02
  1530.8020       1.82876036E-02
  1530.9000       1.82876187E-02
  1530.9980       1.82869952E-02
  1531.1030       1.82862034E-02
  1531.2010       1.82836893E-02
  1531.2990       1.82805461E-02
  1531.3970       1.82759031E-02
  1531.5020       1.82691273E-02
  1531.6000       1.82604561E-02
  1531.6980       1.82501197E-02
  1531.8030       1.82372086E-02
  1531.9010       1.82237355E-02
  1531.9990       1.82089282E-02
  1532.0970       1.81929740E-02
  1532.2020       1.81748358E-02
  1532.3000       1.81578174E-02
  1532.3980       1.81409059E-02
  1532.5030       1.81241178E-02
  1532.6010       1.81097282E-02
  1532.6990       1.80970893E-02
  1532.7970       1.80861709E-02
  1532.9020       1.80758594E-02
  1533.0000       1.80679002E-02
  1533.0980       1.80602540E-02
  1533.2030       1.80525797E-02
  1533.3010       1.80445019E-02
  1533.3990       1.80358708E-02
  1533.4970       1.80258619E-02
  1533.6020       1.80143042E-02
  1533.7000       1.80018286E-02
  1533.7980       1.79870177E-02
  1533.9030       1.79703333E-02
  1534.0010       1.79540042E-02
  1534.0990       1.79363262E-02
  1534.1970       1.79178806E-02
  1534.3020       1.78983655E-02
  1534.4000       1.78789716E-02
  1534.4980       1.78598770E-02
  1534.6030       1.78390329E-02
  1534.7010       1.78198326E-02
  1534.7990       1.77998405E-02
  1534.8970       1.77795122E-02
  1535.0020       1.77576717E-02
  1535.1000       1.77368947E-02
  1535.1980       1.77152386E-02
  1535.3030       1.76919457E-02
  1535.4010       1.76689272E-02
  1535.4990       1.76451796E-02
  1535.5970       1.76199968E-02
  1535.7020       1.75926135E-02
  1535.8000       1.75667701E-02
  1535.8980       1.75414787E-02
  1536.0030       1.75153951E-02
  1536.1010       1.74927345E-02
  1536.1990       1.74713472E-02
  1536.2970       1.74516313E-02
  1536.4020       1.74309212E-02
  1536.5000       1.74116569E-02
  1536.5980       1.73929562E-02
  1536.7030       1.73739299E-02
  1536.8010       1.73575560E-02
  1536.8990       1.73434376E-02
  1536.9970       1.73311444E-02
  1537.1020       1.73198806E-02
  1537.2000       1.73110511E-02
  1537.2980       1.73034614E-02
  1537.4030       1.72960068E-02
  1537.5010       1.72908830E-02
  1537.5990       1.72860003E-02
  1537.6970       1.72817810E-02
  1537.8020       1.72767524E-02
  1537.9000       1.72721318E-02
  1537.9980       1.72664812E-02
  1538.1030       1.72596225E-02
  1538.2010       1.72520990E-02
  1538.2990       1.72440060E-02
  1538.3970       1.72354659E-02
  1538.5020       1.72255286E-02
  1538.6000       1.72160927E-02
  1538.6980       1.72064763E-02
  1538.8030       1.71959115E-02
  1538.9010       1.71859337E-02
  1538.9990       1.71769279E-02
  1539.0970       1.71690310E-02
  1539.2020       1.71605872E-02
  1539.3000       1.71547167E-02
  1539.3980       1.71495366E-02
  1539.5030       1.71452348E-02
  1539.6010       1.71411202E-02
  1539.6990       1.71379023E-02
  1539.7970       1.71350502E-02
  1539.9020       1.71321969E-02
  1540.0000       1.71307237E-02
  1540.0980       1.71297604E-02
  1540.2030       1.71303183E-02
  1540.3010       1.71312646E-02
  1540.3990       1.71328060E-02
  1540.4970       1.71343260E-02
  1540.6020       1.71363308E-02
  1540.7000       1.71382687E-02
  1540.7980       1.71399967E-02
  1540.9030       1.71417547E-02
  1541.0010       1.71430779E-02
  1541.0990       1.71441145E-02
  1541.1970       1.71446424E-02
  1541.3020       1.71458321E-02
  1541.4000       1.71455311E-02
  1541.4980       1.71453064E-02
  1541.6030       1.71442019E-02
  1541.7010       1.71434924E-02
  1541.7990       1.71421163E-02
  1541.8970       1.71412404E-02
  1542.0020       1.71412993E-02
  1542.1000       1.71418718E-02
  1542.1980       1.71430592E-02
  1542.3030       1.71461428E-02
  1542.4010       1.71500571E-02
  1542.4990       1.71562354E-02
  1542.5970       1.71644757E-02
  1542.7020       1.71763822E-02
  1542.8000       1.71903216E-02
  1542.8980       1.72069229E-02
  1543.0030       1.72272897E-02
  1543.1010       1.72479209E-02
  1543.1990       1.72698981E-02
  1543.2970       1.72912385E-02
  1543.4020       1.73125481E-02
  1543.5000       1.73315549E-02
  1543.5980       1.73501414E-02
  1543.7030       1.73690774E-02
  1543.8010       1.73866571E-02
  1543.8990       1.74045573E-02
  1543.9970       1.74228515E-02
  1544.1020       1.74439717E-02
  1544.2000       1.74640108E-02
  1544.2980       1.74840203E-02
  1544.4030       1.75049447E-02
  1544.5010       1.75238155E-02
  1544.5990       1.75407680E-02
  1544.6970       1.75567851E-02
  1544.8020       1.75725798E-02
  1544.9000       1.75853863E-02
  1544.9980       1.75973110E-02
  1545.1030       1.76085191E-02
  1545.2010       1.76170330E-02
  1545.2990       1.76248044E-02
  1545.3970       1.76317568E-02
  1545.5020       1.76382517E-02
  1545.6000       1.76438114E-02
  1545.6980       1.76487127E-02
  1545.8030       1.76535136E-02
  1545.9010       1.76568541E-02
  1545.9990       1.76608434E-02
  1546.0970       1.76657201E-02
  1546.2020       1.76729554E-02
  1546.3000       1.76821376E-02
  1546.3980       1.76923611E-02
  1546.5030       1.77022635E-02
  1546.6010       1.77088167E-02
  1546.6990       1.77103846E-02
  1546.7970       1.77085261E-02
  1546.9020       1.77058469E-02
  1547.0000       1.77075675E-02
  1547.0980       1.77170016E-02
  1547.2030       1.77347086E-02
  1547.3010       1.77547400E-02
  1547.3990       1.77722993E-02
  1547.4970       1.77823461E-02
  1547.6020       1.77855703E-02
  1547.7000       1.77831108E-02
  1547.7980       1.77787038E-02
  1547.9030       1.77736659E-02
  1548.0010       1.77707266E-02
  1548.0990       1.77698250E-02
  1548.1970       1.77716428E-02
  1548.3020       1.77746406E-02
  1548.4000       1.77778791E-02
  1548.4980       1.77805390E-02
  1548.6030       1.77816675E-02
  1548.7010       1.77818280E-02
  1548.7990       1.77794233E-02
  1548.8970       1.77764255E-02
  1549.0020       1.77728682E-02
  1549.1000       1.77693183E-02
  1549.1980       1.77654785E-02
  1549.3030       1.77608100E-02
  1549.4010       1.77557365E-02
  1549.4990       1.77502507E-02
  1549.5970       1.77446493E-02
  1549.7020       1.77372799E-02
  1549.8000       1.77295420E-02
  1549.8980       1.77195781E-02
  1550.0030       1.77077142E-02
  1550.1010       1.76957719E-02
  1550.1990       1.76819763E-02
  1550.2970       1.76663120E-02
  1550.4020       1.76460124E-02
  1550.5000       1.76249114E-02
  1550.5980       1.76018002E-02
  1550.7030       1.75763413E-02
  1550.8010       1.75521009E-02
  1550.8990       1.75281190E-02
  1550.9970       1.75047924E-02
  1551.1020       1.74822096E-02
  1551.2000       1.74642416E-02
  1551.2980       1.74491156E-02
  1551.4030       1.74348821E-02
  1551.5010       1.74224214E-02
  1551.5990       1.74104748E-02
  1551.6970       1.73991785E-02
  1551.8020       1.73880781E-02
  1551.9000       1.73779826E-02
  1551.9980       1.73681859E-02
  1552.1030       1.73588277E-02
  1552.2010       1.73506027E-02
  1552.2990       1.73438101E-02
  1552.3970       1.73395561E-02
  1552.5020       1.73372337E-02
  1552.6000       1.73370543E-02
  1552.6980       1.73389768E-02
  1552.8030       1.73429455E-02
  1552.9010       1.73480819E-02
  1552.9990       1.73539837E-02
  1553.0970       1.73612314E-02
  1553.2020       1.73699991E-02
  1553.3000       1.73778564E-02
  1553.3980       1.73866694E-02
  1553.5030       1.73949558E-02
  1553.6010       1.74022984E-02
  1553.6990       1.74076981E-02
  1553.7970       1.74112641E-02
  1553.9020       1.74117111E-02
  1554.0000       1.74102146E-02
  1554.0980       1.74061019E-02
  1554.2030       1.73989788E-02
  1554.3010       1.73904377E-02
  1554.3990       1.73794281E-02
  1554.4970       1.73670895E-02
  1554.6020       1.73515749E-02
  1554.7000       1.73340438E-02
  1554.7980       1.73141963E-02
  1554.9030       1.72881606E-02
  1555.0010       1.72607216E-02
  1555.0990       1.72314681E-02
  1555.1970       1.72017700E-02
  1555.3020       1.71713132E-02
  1555.4000       1.71442697E-02
  1555.4980       1.71186503E-02
  1555.6030       1.70922122E-02
  1555.7010       1.70681810E-02
  1555.7990       1.70448999E-02
  1555.8970       1.70215038E-02
  1556.0020       1.69951712E-02
  1556.1000       1.69692185E-02
  1556.1980       1.69425803E-02
  1556.3030       1.69126620E-02
  1556.4010       1.68848851E-02
  1556.4990       1.68579390E-02
  1556.5970       1.68321782E-02
  1556.7020       1.68057625E-02
  1556.8000       1.67822674E-02
  1556.8980       1.67591511E-02
  1557.0030       1.67342891E-02
  1557.1010       1.67110747E-02
  1557.1990       1.66869642E-02
  1557.2970       1.66636523E-02
  1557.4020       1.66393708E-02
  1557.5000       1.66189024E-02
  1557.5980       1.66007189E-02
  1557.7030       1.65856479E-02
  1557.8010       1.65743207E-02
  1557.8990       1.65669548E-02
  1557.9970       1.65623813E-02
  1558.1020       1.65602483E-02
  1558.2000       1.65607553E-02
  1558.2980       1.65638013E-02
  1558.4030       1.65698404E-02
  1558.5010       1.65771678E-02
  1558.5990       1.65857030E-02
  1558.6970       1.65952861E-02
  1558.8020       1.66069046E-02
  1558.9000       1.66184391E-02
  1558.9980       1.66305075E-02
  1559.1030       1.66428708E-02
  1559.2010       1.66539355E-02
  1559.2990       1.66632704E-02
  1559.3970       1.66700798E-02
  1559.5020       1.66748834E-02
  1559.6000       1.66763245E-02
  1559.6980       1.66746265E-02
  1559.8030       1.66697065E-02
  1559.9010       1.66611623E-02
  1559.9990       1.66499093E-02
  1560.0970       1.66365310E-02
  1560.2020       1.66183364E-02
  1560.3000       1.65990093E-02
  1560.3980       1.65789368E-02
  1560.5030       1.65554872E-02
  1560.6010       1.65330906E-02
  1560.6990       1.65093286E-02
  1560.7970       1.64856659E-02
  1560.9020       1.64599284E-02
  1561.0000       1.64359716E-02
  1561.0980       1.64127359E-02
  1561.2030       1.63887987E-02
  1561.3010       1.63667665E-02
  1561.3990       1.63458846E-02
  1561.4970       1.63256382E-02
  1561.6020       1.63058804E-02
  1561.7000       1.62890355E-02
  1561.7980       1.62740200E-02
  1561.9030       1.62588699E-02
  1562.0010       1.62460309E-02
  1562.0990       1.62340875E-02
  1562.1970       1.62232108E-02
  1562.3020       1.62126991E-02
  1562.4000       1.62037329E-02
  1562.4980       1.61948151E-02
  1562.6030       1.61852686E-02
  1562.7010       1.61762496E-02
  1562.7990       1.61664704E-02
  1562.8970       1.61563070E-02
  1563.0020       1.61448594E-02
  1563.1000       1.61341704E-02
  1563.1980       1.61233025E-02
  1563.3030       1.61124568E-02
  1563.4010       1.61026993E-02
  1563.4990       1.60931499E-02
  1563.5970       1.60836808E-02
  1563.7020       1.60743747E-02
  1563.8000       1.60669323E-02
  1563.8980       1.60608234E-02
  1564.0030       1.60553241E-02
  1564.1010       1.60502813E-02
  1564.1990       1.60455018E-02
  1564.2970       1.60415210E-02
  1564.4020       1.60377717E-02
  1564.5000       1.60351566E-02
  1564.5980       1.60322811E-02
  1564.7030       1.60290833E-02
  1564.8010       1.60270025E-02
  1564.8990       1.60250915E-02
  1564.9970       1.60237100E-02
  1565.1020       1.60220694E-02
  1565.2000       1.60199386E-02
  1565.2980       1.60191557E-02
  1565.4030       1.60208153E-02
  1565.5010       1.60246152E-02
  1565.5990       1.60305839E-02
  1565.6970       1.60385738E-02
  1565.8020       1.60494724E-02
  1565.9000       1.60597439E-02
  1565.9980       1.60709090E-02
  1566.1030       1.60820085E-02
  1566.2010       1.60904475E-02
  1566.2990       1.60963585E-02
  1566.3970       1.60992460E-02
  1566.5020       1.60981512E-02
  1566.6000       1.60941090E-02
  1566.6980       1.60875644E-02
  1566.8030       1.60784607E-02
  1566.9010       1.60691697E-02
  1566.9990       1.60590606E-02
  1567.0970       1.60495177E-02
  1567.2020       1.60396260E-02
  1567.3000       1.60306262E-02
  1567.3980       1.60212735E-02
  1567.5030       1.60116286E-02
  1567.6010       1.60035021E-02
  1567.6990       1.59967180E-02
  1567.7970       1.59921952E-02
  1567.9020       1.59890863E-02
  1568.0000       1.59883405E-02
  1568.0980       1.59886836E-02
  1568.2030       1.59896083E-02
  1568.3010       1.59907176E-02
  1568.3990       1.59903736E-02
  1568.4970       1.59888593E-02
  1568.6020       1.59850957E-02
  1568.7000       1.59789173E-02
  1568.7980       1.59707232E-02
  1568.9030       1.59594804E-02
  1569.0010       1.59462753E-02
  1569.0990       1.59313191E-02
  1569.1970       1.59156338E-02
  1569.3020       1.58973224E-02
  1569.4000       1.58804375E-02
  1569.4980       1.58635454E-02
  1569.6030       1.58456346E-02
  1569.7010       1.58288290E-02
  1569.7990       1.58115420E-02
  1569.8970       1.57931490E-02
  1570.0020       1.57721074E-02
  1570.1000       1.57519791E-02
  1570.1980       1.57313964E-02
  1570.3030       1.57086430E-02
  1570.4010       1.56872220E-02
  1570.4990       1.56664393E-02
  1570.5970       1.56464017E-02
  1570.7020       1.56266864E-02
  1570.8000       1.56097413E-02
  1570.8980       1.55953764E-02
  1571.0030       1.55827582E-02
  1571.1010       1.55736614E-02
  1571.1990       1.55671626E-02
  1571.2970       1.55621582E-02
  1571.4020       1.55584919E-02
  1571.5000       1.55562419E-02
  1571.5980       1.55545415E-02
  1571.7030       1.55539567E-02
  1571.8010       1.55538606E-02
  1571.8990       1.55545186E-02
  1571.9970       1.55552034E-02
  1572.1020       1.55553845E-02
  1572.2000       1.55551283E-02
  1572.2980       1.55547574E-02
  1572.4030       1.55529073E-02
  1572.5010       1.55513308E-02
  1572.5990       1.55491252E-02
  1572.6970       1.55469908E-02
  1572.8020       1.55450578E-02
  1572.9000       1.55438389E-02
  1572.9980       1.55436278E-02
  1573.1030       1.55441653E-02
  1573.2010       1.55460090E-02
  1573.2990       1.55494912E-02
  1573.3970       1.55546712E-02
  1573.5020       1.55619970E-02
  1573.6000       1.55698197E-02
  1573.6980       1.55787694E-02
  1573.8030       1.55877385E-02
  1573.9010       1.55956835E-02
  1573.9990       1.56013696E-02
  1574.0970       1.56052597E-02
  1574.2020       1.56064475E-02
  1574.3000       1.56043895E-02
  1574.3980       1.55999671E-02
  1574.5030       1.55925209E-02
  1574.6010       1.55849482E-02
  1574.6990       1.55763678E-02
  1574.7970       1.55678694E-02
  1574.9020       1.55588682E-02
  1575.0000       1.55509737E-02
  1575.0980       1.55439031E-02
  1575.2030       1.55369039E-02
  1575.3010       1.55313800E-02
  1575.3990       1.55259071E-02
  1575.4970       1.55218701E-02
  1575.6020       1.55179011E-02
  1575.7000       1.55152609E-02
  1575.7980       1.55124050E-02
  1575.9030       1.55092907E-02
  1576.0010       1.55059266E-02
  1576.0990       1.55019062E-02
  1576.1970       1.54981575E-02
  1576.3020       1.54941852E-02
  1576.4000       1.54904899E-02
  1576.4980       1.54871110E-02
  1576.6030       1.54846740E-02
  1576.7010       1.54832767E-02
  1576.7990       1.54828077E-02
  1576.8970       1.54844878E-02
  1577.0020       1.54878847E-02
  1577.1000       1.54931748E-02
  1577.1980       1.54998244E-02
  1577.3030       1.55086697E-02
  1577.4010       1.55179427E-02
  1577.4990       1.55277141E-02
  1577.5970       1.55378906E-02
  1577.7020       1.55481075E-02
  1577.8000       1.55565526E-02
  1577.8980       1.55635629E-02
  1578.0030       1.55699264E-02
  1578.1010       1.55744519E-02
  1578.1990       1.55771083E-02
  1578.2970       1.55788085E-02
  1578.4020       1.55805442E-02
  1578.5000       1.55827073E-02
  1578.5980       1.55858551E-02
  1578.7030       1.55901322E-02
  1578.8010       1.55941662E-02
  1578.8990       1.55972752E-02
  1578.9970       1.55998242E-02
  1579.1020       1.56017411E-02
  1579.2000       1.56026735E-02
  1579.2980       1.56028061E-02
  1579.4030       1.56024083E-02
  1579.5010       1.56014906E-02
  1579.5990       1.55991737E-02
  1579.6970       1.55973275E-02
  1579.8020       1.55944994E-02
  1579.9000       1.55922562E-02
  1579.9980       1.55905962E-02
  1580.1030       1.55890233E-02
  1580.2010       1.55882947E-02
  1580.2990       1.55861514E-02
  1580.3970       1.55834825E-02
  1580.5020       1.55792334E-02
  1580.6000       1.55731972E-02
  1580.6980       1.55665211E-02
  1580.8030       1.55580442E-02
  1580.9010       1.55500013E-02
  1580.9990       1.55421501E-02
  1581.0970       1.55358367E-02
  1581.2020       1.55302562E-02
  1581.3000       1.55266395E-02
  1581.3980       1.55232050E-02
  1581.5030       1.55201753E-02
  1581.6010       1.55177262E-02
  1581.6990       1.55159896E-02
  1581.7970       1.55149680E-02
  1581.9020       1.55152528E-02
  1582.0000       1.55159729E-02
  1582.0980       1.55161982E-02
  1582.2030       1.55167791E-02
  1582.3010       1.55160048E-02
  1582.3990       1.55141001E-02
  1582.4970       1.55111285E-02
  1582.6020       1.55071547E-02
  1582.7000       1.55027470E-02
  1582.7980       1.54978636E-02
  1582.9030       1.54920426E-02
  1583.0010       1.54851812E-02
  1583.0990       1.54759559E-02
  1583.1970       1.54640181E-02
  1583.3020       1.54477004E-02
  1583.4000       1.54289335E-02
  1583.4980       1.54071038E-02
  1583.6030       1.53807292E-02
  1583.7010       1.53546975E-02
  1583.7990       1.53284073E-02
  1583.8970       1.53020908E-02
  1584.0020       1.52751261E-02
  1584.1000       1.52503859E-02
  1584.1980       1.52261880E-02
  1584.3030       1.52014530E-02
  1584.4010       1.51792789E-02
  1584.4990       1.51577585E-02
  1584.5970       1.51374827E-02
  1584.7020       1.51165408E-02
  1584.8000       1.50983781E-02
  1584.8980       1.50820079E-02
  1585.0030       1.50665715E-02
  1585.1010       1.50551504E-02
  1585.1990       1.50465485E-02
  1585.2970       1.50409204E-02
  1585.4020       1.50382013E-02
  1585.5000       1.50379904E-02
  1585.5980       1.50394176E-02
  1585.7030       1.50424676E-02
  1585.8010       1.50458291E-02
  1585.8990       1.50483361E-02
  1585.9970       1.50498340E-02
  1586.1020       1.50499238E-02
  1586.2000       1.50481034E-02
  1586.2980       1.50446938E-02
  1586.4030       1.50401102E-02
  1586.5010       1.50350025E-02
  1586.5990       1.50294603E-02
  1586.6970       1.50222919E-02
  1586.8020       1.50116410E-02
  1586.9000       1.49980620E-02
  1586.9980       1.49803899E-02
  1587.1030       1.49576210E-02
  1587.2010       1.49326668E-02
  1587.2990       1.49048759E-02
  1587.3970       1.48751024E-02
  1587.5020       1.48418599E-02
  1587.6000       1.48093054E-02
  1587.6980       1.47755459E-02
  1587.8030       1.47380206E-02
  1587.9010       1.47015214E-02
  1587.9990       1.46638569E-02
  1588.0970       1.46261982E-02
  1588.2020       1.45861258E-02
  1588.3000       1.45497739E-02
  1588.3980       1.45143290E-02
  1588.5030       1.44773290E-02
  1588.6010       1.44429864E-02
  1588.6990       1.44089895E-02
  1588.7970       1.43755591E-02
  1588.9020       1.43396203E-02
  1589.0000       1.43064554E-02
  1589.0980       1.42739423E-02
  1589.2030       1.42408307E-02
  1589.3010       1.42112171E-02
  1589.3990       1.41823173E-02
  1589.4970       1.41549444E-02
  1589.6020       1.41275827E-02
  1589.7000       1.41035846E-02
  1589.7980       1.40800131E-02
  1589.9030       1.40543471E-02
  1590.0010       1.40296527E-02
  1590.0990       1.40067255E-02
  1590.1970       1.39861443E-02
  1590.3020       1.39665078E-02
  1590.4000       1.39487698E-02
  1590.4980       1.39304581E-02
  1590.6030       1.39102141E-02
  1590.7010       1.38895968E-02
  1590.7990       1.38668107E-02
  1590.8970       1.38410118E-02
  1591.0020       1.38108115E-02
  1591.1000       1.37810893E-02
  1591.1980       1.37504905E-02
  1591.3030       1.37180688E-02
  1591.4010       1.36893004E-02
  1591.4990       1.36623824E-02
  1591.5970       1.36375436E-02
  1591.7020       1.36143877E-02
  1591.8000       1.35955742E-02
  1591.8980       1.35788011E-02
  1592.0030       1.35620556E-02
  1592.1010       1.35463524E-02
  1592.1990       1.35290677E-02
  1592.2970       1.35099733E-02
  1592.4020       1.34893362E-02
  1592.5000       1.34704386E-02
  1592.5980       1.34517006E-02
  1592.7030       1.34324438E-02
  1592.8010       1.34170202E-02
  1592.8990       1.34051437E-02
  1592.9970       1.33978725E-02
  1593.1020       1.33944905E-02
  1593.2000       1.33957649E-02
  1593.2980       1.34007852E-02
  1593.4030       1.34078871E-02
  1593.5010       1.34157712E-02
  1593.5990       1.34232998E-02
  1593.6970       1.34279536E-02
  1593.8020       1.34267629E-02
  1593.9000       1.34221124E-02
  1593.9980       1.34162748E-02
  1594.1030       1.34091623E-02
  1594.2010       1.34021555E-02
  1594.2990       1.33950609E-02
  1594.3970       1.33872837E-02
  1594.5020       1.33780975E-02
  1594.6000       1.33673584E-02
  1594.6980       1.33553141E-02
  1594.8030       1.33408023E-02
  1594.9010       1.33245633E-02
  1594.9990       1.33067207E-02
  1595.0970       1.32869304E-02
  1595.2020       1.32650694E-02
  1595.3000       1.32447534E-02
  1595.3980       1.32259525E-02
  1595.5030       1.32091212E-02
  1595.6010       1.31962707E-02
  1595.6990       1.31866318E-02
  1595.7970       1.31789561E-02
  1595.9020       1.31722693E-02
  1596.0000       1.31651384E-02
  1596.0980       1.31566462E-02
  1596.2030       1.31450327E-02
  1596.3010       1.31323055E-02
  1596.3990       1.31180707E-02
  1596.4970       1.31033920E-02
  1596.6020       1.30871504E-02
  1596.7000       1.30732991E-02
  1596.7980       1.30618952E-02
  1596.9030       1.30528882E-02
  1597.0010       1.30489093E-02
  1597.0990       1.30486338E-02
  1597.1970       1.30519183E-02
  1597.3020       1.30589339E-02
  1597.4000       1.30670279E-02
  1597.4980       1.30758498E-02
  1597.6030       1.30839347E-02
  1597.7010       1.30889836E-02
  1597.7990       1.30918989E-02
  1597.8970       1.30926658E-02
  1598.0020       1.30918116E-02
  1598.1000       1.30886273E-02
  1598.1980       1.30840487E-02
  1598.3030       1.30773840E-02
  1598.4010       1.30688692E-02
  1598.4990       1.30592826E-02
  1598.5970       1.30495737E-02
  1598.7020       1.30405365E-02
  1598.8000       1.30344647E-02
  1598.8980       1.30305082E-02
  1599.0030       1.30276347E-02
  1599.1010       1.30244834E-02
  1599.1990       1.30196829E-02
  1599.2970       1.30137440E-02
  1599.4020       1.30042861E-02
  1599.5000       1.29934536E-02
  1599.5980       1.29810978E-02
  1599.7030       1.29681472E-02
  1599.8010       1.29573844E-02
  1599.8990       1.29475426E-02
  1599.9970       1.29387309E-02
  1600.1020       1.29313231E-02
  1600.2000       1.29265076E-02
  1600.2980       1.29222139E-02
  1600.4030       1.29185444E-02
  1600.5010       1.29147684E-02
  1600.5990       1.29113100E-02
  1600.6970       1.29080438E-02
  1600.8020       1.29051640E-02
  1600.9000       1.29030601E-02
  1600.9980       1.29018496E-02
  1601.1030       1.29014941E-02
  1601.2010       1.29020043E-02
  1601.2990       1.29037351E-02
  1601.3970       1.29065112E-02
  1601.5020       1.29122173E-02
  1601.6000       1.29200801E-02
  1601.6980       1.29309062E-02
  1601.8030       1.29450052E-02
  1601.9010       1.29597018E-02
  1601.9990       1.29750582E-02
  1602.0970       1.29898842E-02
  1602.2020       1.30030968E-02
  1602.3000       1.30115291E-02
  1602.3980       1.30159366E-02
  1602.5030       1.30162536E-02
  1602.6010       1.30143900E-02
  1602.6990       1.30129130E-02
  1602.7970       1.30150799E-02
  1602.9020       1.30246769E-02
  1603.0000       1.30421825E-02
  1603.0980       1.30683524E-02
  1603.2030       1.31050743E-02
  1603.3010       1.31445640E-02
  1603.3990       1.31847270E-02
  1603.4970       1.32220163E-02
  1603.6020       1.32571038E-02
  1603.7000       1.32845736E-02
  1603.7980       1.33064575E-02
  1603.9030       1.33220310E-02
  1604.0010       1.33266245E-02
  1604.0990       1.33202253E-02
  1604.1970       1.33044844E-02
  1604.3020       1.32810324E-02
  1604.4000       1.32552446E-02
  1604.4980       1.32260276E-02
  1604.6030       1.31928401E-02
  1604.7010       1.31622563E-02
  1604.7990       1.31339994E-02
  1604.8970       1.31081387E-02
  1605.0020       1.30842819E-02
  1605.1000       1.30677274E-02
  1605.1980       1.30570331E-02
  1605.3030       1.30503550E-02
  1605.4010       1.30477490E-02
  1605.4990       1.30489252E-02
  1605.5970       1.30518826E-02
  1605.7020       1.30544518E-02
  1605.8000       1.30536920E-02
  1605.8980       1.30489452E-02
  1606.0030       1.30358477E-02
  1606.1010       1.30155478E-02
  1606.1990       1.29915804E-02
  1606.2970       1.29669225E-02
  1606.4020       1.29425569E-02
  1606.5000       1.29224231E-02
  1606.5980       1.29039690E-02
  1606.7030       1.28846780E-02
  1606.8010       1.28673244E-02
  1606.8990       1.28501073E-02
  1606.9970       1.28318933E-02
  1607.1020       1.28123414E-02
  1607.2000       1.27960959E-02
  1607.2980       1.27821962E-02
  1607.4030       1.27682394E-02
  1607.5010       1.27571845E-02
  1607.5990       1.27493103E-02
  1607.6970       1.27457258E-02
  1607.8020       1.27482229E-02
  1607.9000       1.27560327E-02
  1607.9980       1.27685869E-02
  1608.1030       1.27855840E-02
  1608.2010       1.28034288E-02
  1608.2990       1.28202463E-02
  1608.3970       1.28358247E-02
  1608.5020       1.28497491E-02
  1608.6000       1.28609411E-02
  1608.6980       1.28708047E-02
  1608.8030       1.28816463E-02
  1608.9010       1.28923268E-02
  1608.9990       1.29046687E-02
  1609.0970       1.29190487E-02
  1609.2020       1.29368751E-02
  1609.3000       1.29548396E-02
  1609.3980       1.29730819E-02
  1609.5030       1.29918794E-02
  1609.6010       1.30065050E-02
  1609.6990       1.30176895E-02
  1609.7970       1.30262269E-02
  1609.9020       1.30343005E-02
  1610.0000       1.30435323E-02
  1610.0980       1.30555584E-02
  1610.2030       1.30694441E-02
  1610.3010       1.30819372E-02
  1610.3990       1.30944445E-02
  1610.4970       1.31077484E-02
  1610.6020       1.31234405E-02
  1610.7000       1.31402292E-02
  1610.7980       1.31611078E-02
  1610.9030       1.31892382E-02
  1611.0010       1.32225120E-02
  1611.0990       1.32640264E-02
  1611.1970       1.33162101E-02
  1611.3020       1.33866565E-02
  1611.4000       1.34667787E-02
  1611.4980       1.35593049E-02
  1611.6030       1.36678818E-02
  1611.7010       1.37726774E-02
  1611.7990       1.38746719E-02
  1611.8970       1.39669399E-02
  1612.0020       1.40496361E-02
  1612.1000       1.41103575E-02
  1612.1980       1.41554684E-02
  1612.3030       1.41876961E-02
  1612.4010       1.42036827E-02
  1612.4990       1.42073169E-02
  1612.5970       1.42007803E-02
  1612.7020       1.41845450E-02
  1612.8000       1.41635130E-02
  1612.8980       1.41386887E-02
  1613.0030       1.41101332E-02
  1613.1010       1.40824985E-02
  1613.1990       1.40535371E-02
  1613.2970       1.40236787E-02
  1613.4020       1.39900649E-02
  1613.5000       1.39564528E-02
  1613.5980       1.39208115E-02
  1613.7030       1.38804237E-02
  1613.8010       1.38402751E-02
  1613.8990       1.37991932E-02
  1613.9970       1.37585750E-02
  1614.1020       1.37181993E-02
  1614.2000       1.36862415E-02
  1614.2980       1.36605457E-02
  1614.4030       1.36394897E-02
  1614.5010       1.36229570E-02
  1614.5990       1.36079887E-02
  1614.6970       1.35931637E-02
  1614.8020       1.35753889E-02
  1614.9000       1.35561885E-02
  1614.9980       1.35360010E-02
  1615.1030       1.35169606E-02
  1615.2010       1.35027265E-02
  1615.2990       1.34913656E-02
  1615.3970       1.34843578E-02
  1615.5020       1.34816391E-02
  1615.6000       1.34822279E-02
  1615.6980       1.34847881E-02
  1615.8030       1.34886797E-02
  1615.9010       1.34929069E-02
  1615.9990       1.34963569E-02
  1616.0970       1.34991887E-02
  1616.2020       1.35010520E-02
  1616.3000       1.35020293E-02
  1616.3980       1.35024320E-02
  1616.5030       1.35025372E-02
  1616.6010       1.35025588E-02
  1616.6990       1.35032368E-02
  1616.7970       1.35034865E-02
  1616.9020       1.35039057E-02
  1617.0000       1.35045157E-02
  1617.0980       1.35043385E-02
  1617.2030       1.35043280E-02
  1617.3010       1.35039776E-02
  1617.3990       1.35029525E-02
  1617.4970       1.35015658E-02
  1617.6020       1.34992619E-02
  1617.7000       1.34956573E-02
  1617.7980       1.34894890E-02
  1617.9030       1.34808969E-02
  1618.0010       1.34717159E-02
  1618.0990       1.34637145E-02
  1618.1970       1.34599256E-02
  1618.3020       1.34617517E-02
  1618.4000       1.34692951E-02
  1618.4980       1.34803764E-02
  1618.6030       1.34940211E-02
  1618.7010       1.35068946E-02
  1618.7990       1.35194225E-02
  1618.8970       1.35323278E-02
  1619.0020       1.35461439E-02
  1619.1000       1.35584568E-02
  1619.1980       1.35689841E-02
  1619.3030       1.35784166E-02
  1619.4010       1.35831513E-02
  1619.4990       1.35840158E-02
  1619.5970       1.35805186E-02
  1619.7020       1.35722296E-02
  1619.8000       1.35610807E-02
  1619.8980       1.35481377E-02
  1620.0030       1.35336891E-02
  1620.1010       1.35213248E-02
  1620.1990       1.35116302E-02
  1620.2970       1.35049109E-02
  1620.4020       1.35011782E-02
  1620.5000       1.34999470E-02
  1620.5980       1.34993064E-02
  1620.7030       1.34990633E-02
  1620.8010       1.34982883E-02
  1620.8990       1.34971524E-02
  1620.9970       1.34965919E-02
  1621.1020       1.34973999E-02
  1621.2000       1.34979650E-02
  1621.2980       1.34962308E-02
  1621.4030       1.34915860E-02
  1621.5010       1.34854079E-02
  1621.5990       1.34785660E-02
  1621.6970       1.34700630E-02
  1621.8020       1.34591482E-02
  1621.9000       1.34482294E-02
  1621.9980       1.34377664E-02
  1622.1030       1.34267936E-02
  1622.2010       1.34164376E-02
  1622.2990       1.34065051E-02
  1622.3970       1.33981982E-02
  1622.5020       1.33933018E-02
  1622.6000       1.33929040E-02
  1622.6980       1.33975027E-02
  1622.8030       1.34086579E-02
  1622.9010       1.34251797E-02
  1622.9990       1.34471683E-02
  1623.0970       1.34735994E-02
  1623.2020       1.35063275E-02
  1623.3000       1.35402121E-02
  1623.3980       1.35777005E-02
  1623.5030       1.36191842E-02
  1623.6010       1.36576197E-02
  1623.6990       1.36941573E-02
  1623.7970       1.37271565E-02
  1623.9020       1.37566249E-02
  1624.0000       1.37777888E-02
  1624.0980       1.37934002E-02
  1624.2030       1.38053644E-02
  1624.3010       1.38124149E-02
  1624.3990       1.38142292E-02
  1624.4970       1.38107903E-02
  1624.6020       1.38022004E-02
  1624.7000       1.37925584E-02
  1624.7980       1.37836409E-02
  1624.9030       1.37773250E-02
  1625.0010       1.37764385E-02
  1625.0990       1.37806924E-02
  1625.1970       1.37883467E-02
  1625.3020       1.37966198E-02
  1625.4000       1.38059907E-02
  1625.4980       1.38174834E-02
  1625.6030       1.38296906E-02
  1625.7010       1.38388965E-02
  1625.7990       1.38452045E-02
  1625.8970       1.38466900E-02
  1626.0020       1.38428904E-02
  1626.1000       1.38340953E-02
  1626.1980       1.38201905E-02
  1626.3030       1.38001944E-02
  1626.4010       1.37773907E-02
  1626.4990       1.37515675E-02
  1626.5970       1.37229389E-02
  1626.7020       1.36899409E-02
  1626.8000       1.36575053E-02
  1626.8980       1.36253003E-02
  1627.0030       1.35913214E-02
  1627.1010       1.35615311E-02
  1627.1990       1.35335099E-02
  1627.2970       1.35073735E-02
  1627.4020       1.34813545E-02
  1627.5000       1.34584792E-02
  1627.5980       1.34364991E-02
  1627.7030       1.34137115E-02
  1627.8010       1.33933534E-02
  1627.8990       1.33739467E-02
  1627.9970       1.33551815E-02
  1628.1020       1.33356126E-02
  1628.2000       1.33178158E-02
  1628.2980       1.33001792E-02
  1628.4030       1.32811661E-02
  1628.5010       1.32625266E-02
  1628.5990       1.32440202E-02
  1628.6970       1.32259079E-02
  1628.8020       1.32078668E-02
  1628.9000       1.31922120E-02
  1628.9980       1.31778936E-02
  1629.1030       1.31647485E-02
  1629.2010       1.31547444E-02
  1629.2990       1.31468152E-02
  1629.3970       1.31404790E-02
  1629.5020       1.31356402E-02
  1629.6000       1.31325180E-02
  1629.6980       1.31299527E-02
  1629.8030       1.31275312E-02
  1629.9010       1.31253101E-02
  1629.9990       1.31227124E-02
  1630.0970       1.31191164E-02
  1630.2020       1.31135551E-02
  1630.3000       1.31063025E-02
  1630.3980       1.30976300E-02
  1630.5030       1.30862392E-02
  1630.6010       1.30744017E-02
  1630.6990       1.30615957E-02
  1630.7970       1.30487491E-02
  1630.9020       1.30343718E-02
  1631.0000       1.30197536E-02
  1631.0980       1.30037519E-02
  1631.2030       1.29844199E-02
  1631.3010       1.29633945E-02
  1631.3990       1.29391009E-02
  1631.4970       1.29118813E-02
  1631.6020       1.28787193E-02
  1631.7000       1.28448784E-02
  1631.7980       1.28082681E-02
  1631.9030       1.27672445E-02
  1632.0010       1.27278482E-02
  1632.0990       1.26881200E-02
  1632.1970       1.26484092E-02
  1632.3020       1.26066948E-02
  1632.4000       1.25688138E-02
  1632.4980       1.25321588E-02
  1632.6030       1.24948914E-02
  1632.7010       1.24626280E-02
  1632.7990       1.24335010E-02
  1632.8970       1.24073374E-02
  1633.0020       1.23832082E-02
  1633.1000       1.23634781E-02
  1633.1980       1.23462025E-02
  1633.3030       1.23302328E-02
  1633.4010       1.23175660E-02
  1633.4990       1.23071410E-02
  1633.5970       1.22990905E-02
  1633.7020       1.22920885E-02
  1633.8000       1.22863217E-02
  1633.8980       1.22814120E-02
  1634.0030       1.22774634E-02
  1634.1010       1.22754480E-02
  1634.1990       1.22745937E-02
  1634.2970       1.22740930E-02
  1634.4020       1.22737406E-02
  1634.5000       1.22735659E-02
  1634.5980       1.22743121E-02
  1634.7030       1.22770004E-02
  1634.8010       1.22811714E-02
  1634.8990       1.22869244E-02
  1634.9970       1.22935958E-02
  1635.1020       1.23018616E-02
  1635.2000       1.23103792E-02
  1635.2980       1.23198373E-02
  1635.4030       1.23316254E-02
  1635.5010       1.23437606E-02
  1635.5990       1.23575870E-02
  1635.6970       1.23730359E-02
  1635.8020       1.23916942E-02
  1635.9000       1.24110323E-02
  1635.9980       1.24317350E-02
  1636.1030       1.24553992E-02
  1636.2010       1.24782261E-02
  1636.2990       1.25014639E-02
  1636.3970       1.25247795E-02
  1636.5020       1.25495088E-02
  1636.6000       1.25714502E-02
  1636.6980       1.25922837E-02
  1636.8030       1.26128432E-02
  1636.9010       1.26304883E-02
  1636.9990       1.26461092E-02
  1637.0970       1.26597187E-02
  1637.2020       1.26718480E-02
  1637.3000       1.26809314E-02
  1637.3980       1.26870925E-02
  1637.5030       1.26909739E-02
  1637.6010       1.26915174E-02
  1637.6990       1.26886403E-02
  1637.7970       1.26829811E-02
  1637.9020       1.26732235E-02
  1638.0000       1.26617830E-02
  1638.0980       1.26481230E-02
  1638.2030       1.26317491E-02
  1638.3010       1.26149273E-02
  1638.3990       1.25974981E-02
  1638.4970       1.25796569E-02
  1638.6020       1.25605780E-02
  1638.7000       1.25428326E-02
  1638.7980       1.25254564E-02
  1638.9030       1.25073378E-02
  1639.0010       1.24910447E-02
  1639.0990       1.24751588E-02
  1639.1970       1.24595679E-02
  1639.3020       1.24431304E-02
  1639.4000       1.24274153E-02
  1639.4980       1.24113711E-02
  1639.6030       1.23933662E-02
  1639.7010       1.23761479E-02
  1639.7990       1.23583169E-02
  1639.8970       1.23404763E-02
  1640.0020       1.23210050E-02
  1640.1000       1.23026620E-02
  1640.1980       1.22840552E-02
  1640.3030       1.22642386E-02
  1640.4010       1.22458700E-02
  1640.4990       1.22284495E-02
  1640.5970       1.22118024E-02
  1640.7020       1.21941067E-02
  1640.8000       1.21780560E-02
  1640.8980       1.21614274E-02
  1641.0030       1.21431941E-02
  1641.1010       1.21256865E-02
  1641.1990       1.21081991E-02
  1641.2970       1.20908610E-02
  1641.4020       1.20724896E-02
  1641.5000       1.20558619E-02
  1641.5980       1.20399020E-02
  1641.7030       1.20224102E-02
  1641.8010       1.20064322E-02
  1641.8990       1.19910129E-02
  1641.9970       1.19766699E-02
  1642.1020       1.19633008E-02
  1642.2000       1.19525507E-02
  1642.2980       1.19430153E-02
  1642.4030       1.19331932E-02
  1642.5010       1.19236196E-02
  1642.5990       1.19131995E-02
  1642.6970       1.19014815E-02
  1642.8020       1.18884437E-02
  1642.9000       1.18771574E-02
  1642.9980       1.18662765E-02
  1643.1030       1.18554889E-02
  1643.2010       1.18459243E-02
  1643.2990       1.18364641E-02
  1643.3970       1.18270155E-02
  1643.5020       1.18171039E-02
  1643.6000       1.18094313E-02
  1643.6980       1.18040141E-02
  1643.8030       1.18018088E-02
  1643.9010       1.18042983E-02
  1643.9990       1.18110223E-02
  1644.0970       1.18226124E-02
  1644.2020       1.18395698E-02
  1644.3000       1.18587061E-02
  1644.3980       1.18803453E-02
  1644.5030       1.19040223E-02
  1644.6010       1.19243484E-02
  1644.6990       1.19407335E-02
  1644.7970       1.19517391E-02
  1644.9020       1.19586933E-02
  1645.0000       1.19618981E-02
  1645.0980       1.19645674E-02
  1645.2030       1.19684323E-02
  1645.3010       1.19724767E-02
  1645.3990       1.19767985E-02
  1645.4970       1.19806739E-02
  1645.6020       1.19843842E-02
  1645.7000       1.19872214E-02
  1645.7980       1.19893931E-02
  1645.9030       1.19918430E-02
  1646.0010       1.19938929E-02
  1646.0990       1.19943473E-02
  1646.1970       1.19929200E-02
  1646.3020       1.19891549E-02
  1646.4000       1.19837521E-02
  1646.4980       1.19770660E-02
  1646.6030       1.19688083E-02
  1646.7010       1.19603724E-02
  1646.7990       1.19519050E-02
  1646.8970       1.19436574E-02
  1647.0020       1.19348473E-02
  1647.1000       1.19265692E-02
  1647.1980       1.19189916E-02
  1647.3030       1.19115061E-02
  1647.4010       1.19042869E-02
  1647.4990       1.18969705E-02
  1647.5970       1.18893770E-02
  1647.7020       1.18805287E-02
  1647.8000       1.18712795E-02
  1647.8980       1.18606607E-02
  1648.0030       1.18492516E-02
  1648.1010       1.18383950E-02
  1648.1990       1.18286830E-02
  1648.2970       1.18199061E-02
  1648.4020       1.18115896E-02
  1648.5000       1.18052865E-02
  1648.5980       1.17998481E-02
  1648.7030       1.17942370E-02
  1648.8010       1.17884630E-02
  1648.8990       1.17813028E-02
  1648.9970       1.17727375E-02
  1649.1020       1.17610340E-02
  1649.2000       1.17474270E-02
  1649.2980       1.17307783E-02
  1649.4030       1.17091005E-02
  1649.5010       1.16861233E-02
  1649.5990       1.16612662E-02
  1649.6970       1.16364619E-02
  1649.8020       1.16129960E-02
  1649.9000       1.15959929E-02
  1649.9980       1.15856841E-02
  1650.1030       1.15818363E-02
  1650.2010       1.15820876E-02
  1650.2990       1.15835110E-02
  1650.3970       1.15844539E-02
  1650.5020       1.15848233E-02
  1650.6000       1.15853333E-02
  1650.6980       1.15871182E-02
  1650.8030       1.15905087E-02
  1650.9010       1.15957574E-02
  1650.9990       1.16025597E-02
  1651.0970       1.16106548E-02
  1651.2020       1.16198170E-02
  1651.3000       1.16283410E-02
  1651.3980       1.16365279E-02
  1651.5030       1.16447295E-02
  1651.6010       1.16521400E-02
  1651.6990       1.16587726E-02
  1651.7970       1.16651260E-02
  1651.9020       1.16716711E-02
  1652.0000       1.16774959E-02
  1652.0980       1.16833120E-02
  1652.2030       1.16897823E-02
  1652.3010       1.16965462E-02
  1652.3990       1.17041120E-02
  1652.4970       1.17126565E-02
  1652.6020       1.17237883E-02
  1652.7000       1.17360018E-02
  1652.7980       1.17501827E-02
  1652.9030       1.17676871E-02
  1653.0010       1.17852651E-02
  1653.0990       1.18038068E-02
  1653.1970       1.18210187E-02
  1653.3020       1.18368903E-02
  1653.4000       1.18470638E-02
  1653.4980       1.18515472E-02
  1653.6030       1.18499399E-02
  1653.7010       1.18432862E-02
  1653.7990       1.18325102E-02
  1653.8970       1.18190820E-02
  1654.0020       1.18020653E-02
  1654.1000       1.17842847E-02
  1654.1980       1.17639740E-02
  1654.3030       1.17381869E-02
  1654.4010       1.17107951E-02
  1654.4990       1.16806563E-02
  1654.5970       1.16491074E-02
  1654.7020       1.16155233E-02
  1654.8000       1.15855957E-02
  1654.8980       1.15596299E-02
  1655.0030       1.15375474E-02
  1655.1010       1.15224807E-02
  1655.1990       1.15109384E-02
  1655.2970       1.15028847E-02
  1655.4020       1.14956493E-02
  1655.5000       1.14889939E-02
  1655.5980       1.14808099E-02
  1655.7030       1.14687575E-02
  1655.8010       1.14535011E-02
  1655.8990       1.14350714E-02
  1655.9970       1.14162838E-02
  1656.1020       1.13981754E-02
  1656.2000       1.13834462E-02
  1656.2980       1.13697762E-02
  1656.4030       1.13554350E-02
  1656.5010       1.13422505E-02
  1656.5990       1.13266647E-02
  1656.6970       1.13084719E-02
  1656.8020       1.12867046E-02
  1656.9000       1.12672661E-02
  1656.9980       1.12498166E-02
  1657.1030       1.12345849E-02
  1657.2010       1.12261519E-02
  1657.2990       1.12243102E-02
  1657.3970       1.12270872E-02
  1657.5020       1.12311872E-02
  1657.6000       1.12357748E-02
  1657.6980       1.12415698E-02
  1657.8030       1.12501948E-02
  1657.9010       1.12606090E-02
  1657.9990       1.12726128E-02
  1658.0970       1.12847472E-02
  1658.2020       1.12967277E-02
  1658.3000       1.13066529E-02
  1658.3980       1.13150960E-02
  1658.5030       1.13208101E-02
  1658.6010       1.13226216E-02
  1658.6990       1.13214882E-02
  1658.7970       1.13188256E-02
  1658.9020       1.13155408E-02
  1659.0000       1.13138052E-02
  1659.0980       1.13133491E-02
  1659.2030       1.13152429E-02
  1659.3010       1.13188823E-02
  1659.3990       1.13251470E-02
  1659.4970       1.13349841E-02
  1659.6020       1.13495882E-02
  1659.7000       1.13669846E-02
  1659.7980       1.13883980E-02
  1659.9030       1.14167080E-02
  1660.0010       1.14490415E-02
  1660.0990       1.14877237E-02
  1660.1970       1.15330946E-02
  1660.3020       1.15883209E-02
  1660.4000       1.16444936E-02
  1660.4980       1.17039021E-02
  1660.6030       1.17689645E-02
  1660.7010       1.18306003E-02
  1660.7990       1.18921612E-02
  1660.8970       1.19530155E-02
  1661.0020       1.20168479E-02
  1661.1000       1.20738765E-02
  1661.1980       1.21276328E-02
  1661.3030       1.21789156E-02
  1661.4010       1.22196092E-02
  1661.4990       1.22501681E-02
  1661.5970       1.22704909E-02
  1661.7020       1.22821041E-02
  1661.8000       1.22851860E-02
  1661.8980       1.22811778E-02
  1662.0030       1.22719089E-02
  1662.1010       1.22612874E-02
  1662.1990       1.22516315E-02
  1662.2970       1.22415849E-02
  1662.4020       1.22284594E-02
  1662.5000       1.22134625E-02
  1662.5980       1.21979783E-02
  1662.7030       1.21812485E-02
  1662.8010       1.21660472E-02
  1662.8990       1.21509887E-02
  1662.9970       1.21368855E-02
  1663.1020       1.21241034E-02
  1663.2000       1.21153070E-02
  1663.2980       1.21095463E-02
  1663.4030       1.21056391E-02
  1663.5010       1.21033380E-02
  1663.5990       1.21016291E-02
  1663.6970       1.20993109E-02
  1663.8020       1.20960365E-02
  1663.9000       1.20918998E-02
  1663.9980       1.20875427E-02
  1664.1030       1.20834261E-02
  1664.2010       1.20798158E-02
  1664.2990       1.20765838E-02
  1664.3970       1.20732573E-02
  1664.5020       1.20695399E-02
  1664.6000       1.20663514E-02
  1664.6980       1.20633389E-02
  1664.8030       1.20597463E-02
  1664.9010       1.20565738E-02
  1664.9990       1.20533975E-02
  1665.0970       1.20495087E-02
  1665.2020       1.20447245E-02
  1665.3000       1.20391023E-02
  1665.3980       1.20320706E-02
  1665.5030       1.20234790E-02
  1665.6010       1.20142853E-02
  1665.6990       1.20044564E-02
  1665.7970       1.19926052E-02
  1665.9020       1.19776899E-02
  1666.0000       1.19609507E-02
  1666.0980       1.19416634E-02
  1666.2030       1.19186162E-02
  1666.3010       1.18944314E-02
  1666.3990       1.18687313E-02
  1666.4970       1.18428194E-02
  1666.6020       1.18151498E-02
  1666.7000       1.17897124E-02
  1666.7980       1.17647437E-02
  1666.9030       1.17385538E-02
  1667.0010       1.17135855E-02
  1667.0990       1.16893311E-02
  1667.1970       1.16654560E-02
  1667.3020       1.16416238E-02
  1667.4000       1.16208732E-02
  1667.4980       1.16019173E-02
  1667.6030       1.15832663E-02
  1667.7010       1.15673567E-02
  1667.7990       1.15528060E-02
  1667.8970       1.15391214E-02
  1668.0020       1.15257005E-02
  1668.1000       1.15138446E-02
  1668.1980       1.15024262E-02
  1668.3030       1.14912024E-02
  1668.4010       1.14812768E-02
  1668.4990       1.14718440E-02
  1668.5970       1.14631016E-02
  1668.7020       1.14543174E-02
  1668.8000       1.14474922E-02
  1668.8980       1.14414264E-02
  1669.0030       1.14364477E-02
  1669.1010       1.14330731E-02
  1669.1990       1.14303536E-02
  1669.2970       1.14278709E-02
  1669.4020       1.14250005E-02
  1669.5000       1.14217148E-02
  1669.5980       1.14176875E-02
  1669.7030       1.14126842E-02
  1669.8010       1.14079203E-02
  1669.8990       1.14030089E-02
  1669.9970       1.13979256E-02
  1670.1020       1.13924869E-02
  1670.2000       1.13882026E-02
  1670.2980       1.13843891E-02
  1670.4030       1.13802048E-02
  1670.5010       1.13761167E-02
  1670.5990       1.13717852E-02
  1670.6970       1.13676178E-02
  1670.8020       1.13627647E-02
  1670.9000       1.13581115E-02
  1670.9980       1.13549409E-02
  1671.1030       1.13534767E-02
  1671.2010       1.13547464E-02
  1671.2990       1.13576575E-02
  1671.3970       1.13624384E-02
  1671.5020       1.13698744E-02
  1671.6000       1.13778859E-02
  1671.6980       1.13872733E-02
  1671.8030       1.13984932E-02
  1671.9010       1.14099645E-02
  1671.9990       1.14207333E-02
  1672.0970       1.14299116E-02
  1672.2020       1.14368484E-02
  1672.3000       1.14400076E-02
  1672.3980       1.14397231E-02
  1672.5030       1.14356533E-02
  1672.6010       1.14293076E-02
  1672.6990       1.14206871E-02
  1672.7970       1.14111989E-02
  1672.9020       1.14014410E-02
  1673.0000       1.13932723E-02
  1673.0980       1.13865215E-02
  1673.2030       1.13813518E-02
  1673.3010       1.13783616E-02
  1673.3990       1.13770709E-02
  1673.4970       1.13764181E-02
  1673.6020       1.13766421E-02
  1673.7000       1.13767428E-02
  1673.7980       1.13766197E-02
  1673.9030       1.13759417E-02
  1674.0010       1.13744258E-02
  1674.0990       1.13726754E-02
  1674.1970       1.13707141E-02
  1674.3020       1.13681591E-02
  1674.4000       1.13652668E-02
  1674.4980       1.13606492E-02
  1674.6030       1.13532850E-02
  1674.7010       1.13438957E-02
  1674.7990       1.13317773E-02
  1674.8970       1.13175858E-02
  1675.0020       1.13004789E-02
  1675.1000       1.12838909E-02
  1675.1980       1.12666597E-02
  1675.3030       1.12481779E-02
  1675.4010       1.12314287E-02
  1675.4990       1.12154780E-02
  1675.5970       1.12001816E-02
  1675.7020       1.11854615E-02
  1675.8000       1.11731470E-02
  1675.8980       1.11622527E-02
  1676.0030       1.11526139E-02
  1676.1010       1.11459475E-02
  1676.1990       1.11409277E-02
  1676.2970       1.11377195E-02
  1676.4020       1.11354060E-02
  1676.5000       1.11338353E-02
  1676.5980       1.11320757E-02
  1676.7030       1.11294746E-02
  1676.8010       1.11262934E-02
  1676.8990       1.11222096E-02
  1676.9970       1.11170421E-02
  1677.1020       1.11105773E-02
  1677.2000       1.11032347E-02
  1677.2980       1.10950121E-02
  1677.4030       1.10855665E-02
  1677.5010       1.10766116E-02
  1677.5990       1.10673912E-02
  1677.6970       1.10585998E-02
  1677.8020       1.10496374E-02
  1677.9000       1.10418136E-02
  1677.9980       1.10347102E-02
  1678.1030       1.10278558E-02
  1678.2010       1.10222845E-02
  1678.2990       1.10174481E-02
  1678.3970       1.10140449E-02
  1678.5020       1.10117113E-02
  1678.6000       1.10111916E-02
  1678.6980       1.10121534E-02
  1678.8030       1.10151506E-02
  1678.9010       1.10198855E-02
  1678.9990       1.10268582E-02
  1679.0970       1.10355095E-02
  1679.2020       1.10471066E-02
  1679.3000       1.10596837E-02
  1679.3980       1.10738693E-02
  1679.5030       1.10904148E-02
  1679.6010       1.11068435E-02
  1679.6990       1.11236347E-02
  1679.7970       1.11402310E-02
  1679.9020       1.11585817E-02
  1680.0000       1.11759472E-02
  1680.0980       1.11940078E-02
  1680.2030       1.12139962E-02
  1680.3010       1.12334432E-02
  1680.3990       1.12530773E-02
  1680.4970       1.12728933E-02
  1680.6020       1.12938984E-02
  1680.7000       1.13126169E-02
  1680.7980       1.13313633E-02
  1680.9030       1.13516393E-02
  1681.0010       1.13705557E-02
  1681.0990       1.13901876E-02
  1681.1970       1.14102598E-02
  1681.3020       1.14329363E-02
  1681.4000       1.14558439E-02
  1681.4980       1.14814396E-02
  1681.6030       1.15130358E-02
  1681.7010       1.15476826E-02
  1681.7990       1.15880573E-02
  1681.8970       1.16341100E-02
  1682.0020       1.16881603E-02
  1682.1000       1.17415695E-02
  1682.1980       1.17962254E-02
  1682.3030       1.18540178E-02
  1682.4010       1.19072680E-02
  1682.4990       1.19578742E-02
  1682.5970       1.20056311E-02
  1682.7020       1.20528159E-02
  1682.8000       1.20910814E-02
  1682.8980       1.21194748E-02
  1683.0030       1.21368188E-02
  1683.1010       1.21413506E-02
  1683.1990       1.21348416E-02
  1683.2970       1.21179501E-02
  1683.4020       1.20903214E-02
  1683.5000       1.20584498E-02
  1683.5980       1.20227261E-02
  1683.7030       1.19803472E-02
  1683.8010       1.19374446E-02
  1683.8990       1.18913498E-02
  1683.9970       1.18423604E-02
  1684.1020       1.17879542E-02
  1684.2000       1.17371902E-02
  1684.2980       1.16876096E-02
  1684.4030       1.16380389E-02
  1684.5010       1.15970077E-02
  1684.5990       1.15620570E-02
  1684.6970       1.15322970E-02
  1684.8020       1.15054105E-02
  1684.9000       1.14843243E-02
  1684.9980       1.14668398E-02
  1685.1030       1.14493555E-02
  1685.2010       1.14312414E-02
  1685.2990       1.14102864E-02
  1685.3970       1.13870480E-02
  1685.5020       1.13584576E-02
  1685.6000       1.13268022E-02
  1685.6980       1.12910349E-02
  1685.8030       1.12525131E-02
  1685.9010       1.12172436E-02
  1685.9990       1.11829622E-02
  1686.0970       1.11506532E-02
  1686.2020       1.11215349E-02
  1686.3000       1.11005990E-02
  1686.3980       1.10847912E-02
  1686.5030       1.10720056E-02
  1686.6010       1.10632144E-02
  1686.6990       1.10561840E-02
  1686.7970       1.10495560E-02
  1686.9020       1.10399157E-02
  1687.0000       1.10266552E-02
  1687.0980       1.10092918E-02
  1687.2030       1.09867468E-02
  1687.3010       1.09641347E-02
  1687.3990       1.09419714E-02
  1687.4970       1.09231720E-02
  1687.6020       1.09084523E-02
  1687.7000       1.08997880E-02
  1687.7980       1.08940415E-02
  1687.9030       1.08894575E-02
  1688.0010       1.08859374E-02
  1688.0990       1.08830437E-02
  1688.1970       1.08794809E-02
  1688.3020       1.08754317E-02
  1688.4000       1.08713601E-02
  1688.4980       1.08672136E-02
  1688.6030       1.08632206E-02
  1688.7010       1.08609646E-02
  1688.7990       1.08603514E-02
  1688.8970       1.08613524E-02
  1689.0020       1.08643233E-02
  1689.1000       1.08690082E-02
  1689.1980       1.08748261E-02
  1689.3030       1.08823305E-02
  1689.4010       1.08896995E-02
  1689.4990       1.08968254E-02
  1689.5970       1.09037108E-02
  1689.7020       1.09103021E-02
  1689.8000       1.09160707E-02
  1689.8980       1.09219197E-02
  1690.0030       1.09283785E-02
  1690.1010       1.09353569E-02
  1690.1990       1.09430332E-02
  1690.2970       1.09509047E-02
  1690.4020       1.09589365E-02
  1690.5000       1.09655239E-02
  1690.5980       1.09715418E-02
  1690.7030       1.09785101E-02
  1690.8010       1.09859410E-02
  1690.8990       1.09943140E-02
  1690.9970       1.10028188E-02
  1691.1020       1.10095547E-02
  1691.2000       1.10104043E-02
  1691.2980       1.10033613E-02
  1691.4030       1.09858922E-02
  1691.5010       1.09609885E-02
  1691.5990       1.09306353E-02
  1691.6970       1.08975625E-02
  1691.8020       1.08623120E-02
  1691.9000       1.08316037E-02
  1691.9980       1.08050534E-02
  1692.1030       1.07821083E-02
  1692.2010       1.07662523E-02
  1692.2990       1.07553145E-02
  1692.3970       1.07491740E-02
  1692.5020       1.07470330E-02
  1692.6000       1.07493066E-02
  1692.6980       1.07556415E-02
  1692.8030       1.07666615E-02
  1692.9010       1.07805418E-02
  1692.9990       1.07971825E-02
  1693.0970       1.08160144E-02
  1693.2020       1.08386762E-02
  1693.3000       1.08613051E-02
  1693.3980       1.08844038E-02
  1693.5030       1.09073046E-02
  1693.6010       1.09245384E-02
  1693.6990       1.09368183E-02
  1693.7970       1.09437392E-02
  1693.9020       1.09465165E-02
  1694.0000       1.09453898E-02
  1694.0980       1.09410905E-02
  1694.2030       1.09343773E-02
  1694.3010       1.09281435E-02
  1694.3990       1.09233073E-02
  1694.4970       1.09201916E-02
  1694.6020       1.09187751E-02
  1694.7000       1.09188710E-02
  1694.7980       1.09210547E-02
  1694.9030       1.09257046E-02
  1695.0010       1.09325748E-02
  1695.0990       1.09424241E-02
  1695.1970       1.09547084E-02
  1695.3020       1.09695988E-02
  1695.4000       1.09847738E-02
  1695.4980       1.10004636E-02
  1695.6030       1.10167633E-02
  1695.7010       1.10301145E-02
  1695.7990       1.10401937E-02
  1695.8970       1.10461794E-02
  1696.0020       1.10478861E-02
  1696.1000       1.10467590E-02
  1696.1980       1.10439816E-02
  1696.3030       1.10418354E-02
  1696.4010       1.10419737E-02
  1696.4990       1.10457256E-02
  1696.5970       1.10538814E-02
  1696.7020       1.10680966E-02
  1696.8000       1.10870417E-02
  1696.8980       1.11112754E-02
  1697.0030       1.11419573E-02
  1697.1010       1.11737897E-02
  1697.1990       1.12069273E-02
  1697.2970       1.12399287E-02
  1697.4020       1.12739237E-02
  1697.5000       1.13035242E-02
  1697.5980       1.13322240E-02
  1697.7030       1.13616565E-02
  1697.8010       1.13884068E-02
  1697.8990       1.14144264E-02
  1697.9970       1.14397956E-02
  1698.1020       1.14672415E-02
  1698.2000       1.14928728E-02
  1698.2980       1.15187167E-02
  1698.4030       1.15455593E-02
  1698.5010       1.15683906E-02
  1698.5990       1.15882534E-02
  1698.6970       1.16041507E-02
  1698.8020       1.16161777E-02
  1698.9000       1.16221024E-02
  1698.9980       1.16233946E-02
  1699.1030       1.16199109E-02
  1699.2010       1.16136919E-02
  1699.2990       1.16059749E-02
  1699.3970       1.15983085E-02
  1699.5020       1.15915153E-02
  1699.6000       1.15881005E-02
  1699.6980       1.15886649E-02
  1699.8030       1.15936760E-02
  1699.9010       1.16018971E-02
  1699.9990       1.16128219E-02
  1700.0970       1.16243592E-02
  1700.2020       1.16368195E-02
  1700.3000       1.16478769E-02
  1700.3980       1.16587813E-02
  1700.5030       1.16692758E-02
  1700.6010       1.16766719E-02
  1700.6990       1.16817913E-02
  1700.7970       1.16844197E-02
  1700.9020       1.16850799E-02
  1701.0000       1.16844104E-02
  1701.0980       1.16829643E-02
  1701.2030       1.16810142E-02
  1701.3010       1.16791130E-02
  1701.3990       1.16778687E-02
  1701.4970       1.16771803E-02
  1701.6020       1.16771034E-02
  1701.7000       1.16777357E-02
  1701.7980       1.16800731E-02
  1701.9030       1.16852662E-02
  1702.0010       1.16925313E-02
  1702.0990       1.17018828E-02
  1702.1970       1.17132526E-02
  1702.3020       1.17276590E-02
  1702.4000       1.17426612E-02
  1702.4980       1.17584581E-02
  1702.6030       1.17748707E-02
  1702.7010       1.17905024E-02
  1702.7990       1.18054075E-02
  1702.8970       1.18193370E-02
  1703.0020       1.18329667E-02
  1703.1000       1.18443956E-02
  1703.1980       1.18543248E-02
  1703.3030       1.18633809E-02
  1703.4010       1.18710475E-02
  1703.4990       1.18772179E-02
  1703.5970       1.18826248E-02
  1703.7020       1.18871039E-02
  1703.8000       1.18901384E-02
  1703.8980       1.18917883E-02
  1704.0030       1.18906298E-02
  1704.1010       1.18865818E-02
  1704.1990       1.18785280E-02
  1704.2970       1.18670225E-02
  1704.4020       1.18516050E-02
  1704.5000       1.18358190E-02
  1704.5980       1.18199339E-02
  1704.7030       1.18033783E-02
  1704.8010       1.17877416E-02
  1704.8990       1.17706864E-02
  1704.9970       1.17512364E-02
  1705.1020       1.17275642E-02
  1705.2000       1.17044038E-02
  1705.2980       1.16820663E-02
  1705.4030       1.16601061E-02
  1705.5010       1.16418879E-02
  1705.5990       1.16260910E-02
  1705.6970       1.16119213E-02
  1705.8020       1.15975594E-02
  1705.9000       1.15837853E-02
  1705.9980       1.15708885E-02
  1706.1030       1.15583726E-02
  1706.2010       1.15482106E-02
  1706.2990       1.15392417E-02
  1706.3970       1.15311811E-02
  1706.5020       1.15238493E-02
  1706.6000       1.15180284E-02
  1706.6980       1.15134512E-02
  1706.8030       1.15102809E-02
  1706.9010       1.15091297E-02
  1706.9990       1.15097858E-02
  1707.0970       1.15113194E-02
  1707.2020       1.15133184E-02
  1707.3000       1.15155530E-02
  1707.3980       1.15174954E-02
  1707.5030       1.15178148E-02
  1707.6010       1.15164970E-02
  1707.6990       1.15128533E-02
  1707.7970       1.15069460E-02
  1707.9020       1.14980185E-02
  1708.0000       1.14871380E-02
  1708.0980       1.14753978E-02
  1708.2030       1.14633146E-02
  1708.3010       1.14535016E-02
  1708.3990       1.14448957E-02
  1708.4970       1.14371533E-02
  1708.6020       1.14299151E-02
  1708.7000       1.14239640E-02
  1708.7980       1.14188295E-02
  1708.9030       1.14141876E-02
  1709.0010       1.14101693E-02
  1709.0990       1.14061855E-02
  1709.1970       1.14023550E-02
  1709.3020       1.13989886E-02
  1709.4000       1.13971843E-02
  1709.4980       1.13964614E-02
  1709.6030       1.13969192E-02
  1709.7010       1.13983361E-02
  1709.7990       1.14007127E-02
  1709.8970       1.14030605E-02
  1710.0020       1.14049284E-02
  1710.1000       1.14062912E-02
  1710.1980       1.14070524E-02
  1710.3030       1.14069524E-02
  1710.4010       1.14062211E-02
  1710.4990       1.14050950E-02
  1710.5970       1.14040826E-02
  1710.7020       1.14039093E-02
  1710.8000       1.14048344E-02
  1710.8980       1.14070979E-02
  1711.0030       1.14115284E-02
  1711.1010       1.14168455E-02
  1711.1990       1.14224811E-02
  1711.2970       1.14280431E-02
  1711.4020       1.14331270E-02
  1711.5000       1.14368045E-02
  1711.5980       1.14393896E-02
  1711.7030       1.14403624E-02
  1711.8010       1.14400465E-02
  1711.8990       1.14380555E-02
  1711.9970       1.14334228E-02
  1712.1020       1.14253527E-02
  1712.2000       1.14148230E-02
  1712.2980       1.14022747E-02
  1712.4030       1.13862817E-02
  1712.5010       1.13698760E-02
  1712.5990       1.13522599E-02
  1712.6970       1.13345380E-02
  1712.8020       1.13160683E-02
  1712.9000       1.12998098E-02
  1712.9980       1.12850524E-02
  1713.1030       1.12706924E-02
  1713.2010       1.12591551E-02
  1713.2990       1.12496671E-02
  1713.3970       1.12420304E-02
  1713.5020       1.12357398E-02
  1713.6000       1.12318588E-02
  1713.6980       1.12291335E-02
  1713.8030       1.12276049E-02
  1713.9010       1.12272150E-02
  1713.9990       1.12281537E-02
  1714.0970       1.12299835E-02
  1714.2020       1.12334389E-02
  1714.3000       1.12391121E-02
  1714.3980       1.12478973E-02
  1714.5030       1.12612616E-02
  1714.6010       1.12774000E-02
  1714.6990       1.12964526E-02
  1714.7970       1.13178575E-02
  1714.9020       1.13427893E-02
  1715.0000       1.13683007E-02
  1715.0980       1.13945831E-02
  1715.2030       1.14236359E-02
  1715.3010       1.14512130E-02
  1715.3990       1.14791424E-02
  1715.4970       1.15066762E-02
  1715.6020       1.15350466E-02
  1715.7000       1.15597796E-02
  1715.7980       1.15825853E-02
  1715.9030       1.16045218E-02
  1716.0010       1.16227991E-02
  1716.0990       1.16398058E-02
  1716.1970       1.16557310E-02
  1716.3020       1.16718507E-02
  1716.4000       1.16863345E-02
  1716.4980       1.17009316E-02
  1716.6030       1.17169281E-02
  1716.7010       1.17328224E-02
  1716.7990       1.17498517E-02
  1716.8970       1.17678917E-02
  1717.0020       1.17882893E-02
  1717.1000       1.18072658E-02
  1717.1980       1.18261479E-02
  1717.3030       1.18457470E-02
  1717.4010       1.18635773E-02
  1717.4990       1.18807005E-02
  1717.5970       1.18986185E-02
  1717.7020       1.19194330E-02
  1717.8000       1.19410635E-02
  1717.8980       1.19642251E-02
  1718.0030       1.19894620E-02
  1718.1010       1.20120932E-02
  1718.1990       1.20323202E-02
  1718.2970       1.20486628E-02
  1718.4020       1.20618007E-02
  1718.5000       1.20707499E-02
  1718.5980       1.20767197E-02
  1718.7030       1.20794629E-02
  1718.8010       1.20778051E-02
  1718.8990       1.20721849E-02
  1718.9970       1.20631279E-02
  1719.1020       1.20506480E-02
  1719.2000       1.20370939E-02
  1719.2980       1.20228774E-02
  1719.4030       1.20087453E-02
  1719.5010       1.19977355E-02
  1719.5990       1.19895690E-02
  1719.6970       1.19848755E-02
  1719.8020       1.19839512E-02
  1719.9000       1.19862020E-02
  1719.9980       1.19906578E-02
  1720.1030       1.19970498E-02
  1720.2010       1.20039466E-02
  1720.2990       1.20110683E-02
  1720.3970       1.20177150E-02
  1720.5020       1.20240620E-02
  1720.6000       1.20281819E-02
  1720.6980       1.20301954E-02
  1720.8030       1.20286367E-02
  1720.9010       1.20241222E-02
  1720.9990       1.20170478E-02
  1721.0970       1.20082002E-02
  1721.2020       1.19965274E-02
  1721.3000       1.19835332E-02
  1721.3980       1.19690186E-02
  1721.5030       1.19517293E-02
  1721.6010       1.19343168E-02
  1721.6990       1.19157829E-02
  1721.7970       1.18966733E-02
  1721.9020       1.18756068E-02
  1722.0000       1.18563312E-02
  1722.0980       1.18366591E-02
  1722.2030       1.18158625E-02
  1722.3010       1.17969655E-02
  1722.3990       1.17793898E-02
  1722.4970       1.17633270E-02
  1722.6020       1.17474340E-02
  1722.7000       1.17341037E-02
  1722.7980       1.17224826E-02
  1722.9030       1.17122394E-02
  1723.0010       1.17041260E-02
  1723.0990       1.16973629E-02
  1723.1970       1.16920382E-02
  1723.3020       1.16878305E-02
  1723.4000       1.16848057E-02
  1723.4980       1.16823923E-02
  1723.6030       1.16804307E-02
  1723.7010       1.16794628E-02
  1723.7990       1.16793523E-02
  1723.8970       1.16804420E-02
  1724.0020       1.16828993E-02
  1724.1000       1.16859594E-02
  1724.1980       1.16895724E-02
  1724.3030       1.16935848E-02
  1724.4010       1.16961856E-02
  1724.4990       1.16971730E-02
  1724.5970       1.16956846E-02
  1724.7020       1.16913368E-02
  1724.8000       1.16852633E-02
  1724.8980       1.16770895E-02
  1725.0030       1.16672053E-02
  1725.1010       1.16575359E-02
  1725.1990       1.16479726E-02
  1725.2970       1.16390929E-02
  1725.4020       1.16307236E-02
  1725.5000       1.16237864E-02
  1725.5980       1.16174941E-02
  1725.7030       1.16115840E-02
  1725.8010       1.16068604E-02
  1725.8990       1.16031090E-02
  1725.9970       1.16008613E-02
  1726.1020       1.16000740E-02
  1726.2000       1.16011411E-02
  1726.2980       1.16036917E-02
  1726.4030       1.16080792E-02
  1726.5010       1.16133412E-02
  1726.5990       1.16193054E-02
  1726.6970       1.16261108E-02
  1726.8020       1.16340525E-02
  1726.9000       1.16419968E-02
  1726.9980       1.16503143E-02
  1727.1030       1.16603429E-02
  1727.2010       1.16707645E-02
  1727.2990       1.16819383E-02
  1727.3970       1.16933151E-02
  1727.5020       1.17057389E-02
  1727.6000       1.17177805E-02
  1727.6980       1.17305260E-02
  1727.8030       1.17454916E-02
  1727.9010       1.17608035E-02
  1727.9990       1.17767538E-02
  1728.0970       1.17931472E-02
  1728.2020       1.18117432E-02
  1728.3000       1.18305774E-02
  1728.3980       1.18507989E-02
  1728.5030       1.18747785E-02
  1728.6010       1.19005928E-02
  1728.6990       1.19295736E-02
  1728.7970       1.19611243E-02
  1728.9020       1.19966635E-02
  1729.0000       1.20309429E-02
  1729.0980       1.20665682E-02
  1729.2030       1.21057292E-02
  1729.3010       1.21420251E-02
  1729.3990       1.21767203E-02
  1729.4970       1.22087907E-02
  1729.6020       1.22383323E-02
  1729.7000       1.22606667E-02
  1729.7980       1.22770027E-02
  1729.9030       1.22885929E-02
  1730.0010       1.22943500E-02
  1730.0990       1.22953224E-02
  1730.1970       1.22921058E-02
  1730.3020       1.22841425E-02
  1730.4000       1.22736724E-02
  1730.4980       1.22614725E-02
  1730.6030       1.22473226E-02
  1730.7010       1.22340221E-02
  1730.7990       1.22211944E-02
  1730.8970       1.22103452E-02
  1731.0020       1.22006355E-02
  1731.1000       1.21936893E-02
  1731.1980       1.21889907E-02
  1731.3030       1.21861018E-02
  1731.4010       1.21865623E-02
  1731.4990       1.21900769E-02
  1731.5970       1.21965733E-02
  1731.7020       1.22068387E-02
  1731.8000       1.22185402E-02
  1731.8980       1.22318932E-02
  1732.0030       1.22466083E-02
  1732.1010       1.22594426E-02
  1732.1990       1.22699261E-02
  1732.2970       1.22773711E-02
  1732.4020       1.22813194E-02
  1732.5000       1.22808999E-02
  1732.5980       1.22763213E-02
  1732.7030       1.22673802E-02
  1732.8010       1.22558259E-02
  1732.8990       1.22413014E-02
  1732.9970       1.22240563E-02
  1733.1020       1.22028211E-02
  1733.2000       1.21809871E-02
  1733.2980       1.21584356E-02
  1733.4030       1.21344112E-02
  1733.5010       1.21133114E-02
  1733.5990       1.20932895E-02
  1733.6970       1.20748708E-02
  1733.8020       1.20578402E-02
  1733.9000       1.20453721E-02
  1733.9980       1.20363534E-02
  1734.1030       1.20305380E-02
  1734.2010       1.20288381E-02
  1734.2990       1.20312025E-02
  1734.3970       1.20387357E-02
  1734.5020       1.20530186E-02
  1734.6000       1.20724788E-02
  1734.6980       1.20966523E-02
  1734.8030       1.21266347E-02
  1734.9010       1.21559379E-02
  1734.9990       1.21848389E-02
  1735.0970       1.22113594E-02
  1735.2020       1.22367047E-02
  1735.3000       1.22577360E-02
  1735.3980       1.22767503E-02
  1735.5030       1.22964225E-02
  1735.6010       1.23136354E-02
  1735.6990       1.23295093E-02
  1735.7970       1.23426966E-02
  1735.9020       1.23536414E-02
  1736.0000       1.23596418E-02
  1736.0980       1.23628433E-02
  1736.2030       1.23645343E-02
  1736.3010       1.23649597E-02
  1736.3990       1.23641711E-02
  1736.4970       1.23619800E-02
  1736.6020       1.23566120E-02
  1736.7000       1.23474935E-02
  1736.7980       1.23333255E-02
  1736.9030       1.23124640E-02
  1737.0010       1.22888300E-02
  1737.0990       1.22621735E-02
  1737.1970       1.22341563E-02
  1737.3020       1.22036750E-02
  1737.4000       1.21759979E-02
  1737.4980       1.21504331E-02
  1737.6030       1.21264321E-02
  1737.7010       1.21073096E-02
  1737.7990       1.20916450E-02
  1737.8970       1.20787620E-02
  1738.0020       1.20675381E-02
  1738.1000       1.20588087E-02
  1738.1980       1.20519639E-02
  1738.3030       1.20460291E-02
  1738.4010       1.20412197E-02
  1738.4990       1.20363762E-02
  1738.5970       1.20303453E-02
  1738.7020       1.20224599E-02
  1738.8000       1.20141558E-02
  1738.8980       1.20054429E-02
  1739.0030       1.19958030E-02
  1739.1010       1.19860007E-02
  1739.1990       1.19752910E-02
  1739.2970       1.19646765E-02
  1739.4020       1.19543770E-02
  1739.5000       1.19470565E-02
  1739.5980       1.19418943E-02
  1739.7030       1.19387537E-02
  1739.8010       1.19376175E-02
  1739.8990       1.19392894E-02
  1739.9970       1.19447263E-02
  1740.1020       1.19544088E-02
  1740.2000       1.19658447E-02
  1740.2980       1.19789511E-02
  1740.4030       1.19943464E-02
  1740.5010       1.20108057E-02
  1740.5990       1.20285014E-02
  1740.6970       1.20461437E-02
  1740.8020       1.20632878E-02
  1740.9000       1.20764702E-02
  1740.9980       1.20874730E-02
  1741.1030       1.20967165E-02
  1741.2010       1.21019626E-02
  1741.2990       1.21036293E-02
  1741.3970       1.21012569E-02
  1741.5020       1.20951829E-02
  1741.6000       1.20870461E-02
  1741.6980       1.20766692E-02
  1741.8030       1.20637847E-02
  1741.9010       1.20507672E-02
  1741.9990       1.20371521E-02
  1742.0970       1.20234341E-02
  1742.2020       1.20083028E-02
  1742.3000       1.19935856E-02
  1742.3980       1.19781038E-02
  1742.5030       1.19615732E-02
  1742.6010       1.19466845E-02
  1742.6990       1.19337401E-02
  1742.7970       1.19242798E-02
  1742.9020       1.19199713E-02
  1743.0000       1.19209281E-02
  1743.0980       1.19241620E-02
  1743.2030       1.19276484E-02
  1743.3010       1.19295759E-02
  1743.3990       1.19312604E-02
  1743.4970       1.19328628E-02
  1743.6020       1.19341418E-02
  1743.7000       1.19349708E-02
  1743.7980       1.19350389E-02
  1743.9030       1.19347199E-02
  1744.0010       1.19341643E-02
  1744.0990       1.19326686E-02
  1744.1970       1.19297139E-02
  1744.3020       1.19247073E-02
  1744.4000       1.19190474E-02
  1744.4980       1.19134265E-02
  1744.6030       1.19066412E-02
  1744.7010       1.18984831E-02
  1744.7990       1.18883714E-02
  1744.8970       1.18763632E-02
  1745.0020       1.18615633E-02
  1745.1000       1.18463249E-02
  1745.1980       1.18300960E-02
  1745.3030       1.18123897E-02
  1745.4010       1.17954628E-02
  1745.4990       1.17785896E-02
  1745.5970       1.17623989E-02
  1745.7020       1.17469520E-02
  1745.8000       1.17347742E-02
  1745.8980       1.17251644E-02
  1746.0030       1.17172818E-02
  1746.1010       1.17122134E-02
  1746.1990       1.17094115E-02
  1746.2970       1.17081524E-02
  1746.4020       1.17085861E-02
  1746.5000       1.17106177E-02
  1746.5980       1.17150012E-02
  1746.7030       1.17234439E-02
  1746.8010       1.17344347E-02
  1746.8990       1.17485308E-02
  1746.9970       1.17653776E-02
  1747.1020       1.17865428E-02
  1747.2000       1.18088778E-02
  1747.2980       1.18330287E-02
  1747.4030       1.18604249E-02
  1747.5010       1.18865844E-02
  1747.5990       1.19134408E-02
  1747.6970       1.19396409E-02
  1747.8020       1.19653785E-02
  1747.9000       1.19865741E-02
  1747.9980       1.20045648E-02
  1748.1030       1.20210568E-02
  1748.2010       1.20352199E-02
  1748.2990       1.20492619E-02
  1748.3970       1.20640167E-02
  1748.5020       1.20806850E-02
  1748.6000       1.20972534E-02
  1748.6980       1.21147789E-02
  1748.8030       1.21342760E-02
  1748.9010       1.21527657E-02
  1748.9990       1.21713397E-02
  1749.0970       1.21894002E-02
  1749.2020       1.22072321E-02
  1749.3000       1.22216127E-02
  1749.3980       1.22336320E-02
  1749.5030       1.22442145E-02
  1749.6010       1.22532772E-02
  1749.6990       1.22623583E-02
  1749.7970       1.22724042E-02
  1749.9020       1.22867818E-02
  1750.0000       1.23051731E-02
