   800.1000       1.12863927E-03
   800.2000       1.12741548E-03
   800.3000       1.12619510E-03
   800.4000       1.12497792E-03
   800.5000       1.12376387E-03
   800.6000       1.12255291E-03
   800.7000       1.12134502E-03
   800.8000       1.12014017E-03
   800.9000       1.11893836E-03
   801.0000       1.11773958E-03
   801.1000       1.11654382E-03
   801.2000       1.11535106E-03
   801.3000       1.11416130E-03
   801.4000       1.11297453E-03
   801.5000       1.11179074E-03
   801.6000       1.11060992E-03
   801.7000       1.10943206E-03
   801.8000       1.10825717E-03
   801.9000       1.10708522E-03
   802.0000       1.10591622E-03
   802.1000       1.10475015E-03
   802.2000       1.10358701E-03
   802.3000       1.10242679E-03
   802.4000       1.10126949E-03
   802.5000       1.10011510E-03
   802.6000       1.09896362E-03
   802.7000       1.09781504E-03
   802.8000       1.09666935E-03
   802.9000       1.09552655E-03
   803.0000       1.09438664E-03
   803.1000       1.09324961E-03
   803.2000       1.09211545E-03
   803.3000       1.09098417E-03
   803.4000       1.08985576E-03
   803.5000       1.08873021E-03
   803.6000       1.08760752E-03
   803.7000       1.08648768E-03
   803.8000       1.08537070E-03
   803.9000       1.08425657E-03
   804.0000       1.08314529E-03
   804.1000       1.08203685E-03
   804.2000       1.08093125E-03
   804.3000       1.07982848E-03
   804.4000       1.07872855E-03
   804.5000       1.07763145E-03
   804.6000       1.07653718E-03
   804.7000       1.07544573E-03
   804.8000       1.07435710E-03
   804.9000       1.07327130E-03
   805.0000       1.07218830E-03
   805.1000       1.07110812E-03
   805.2000       1.07003074E-03
   805.3000       1.06895617E-03
   805.4000       1.06788440E-03
   805.5000       1.06681543E-03
   805.6000       1.06574925E-03
   805.7000       1.06468586E-03
   805.8000       1.06362525E-03
   805.9000       1.06256743E-03
   806.0000       1.06151238E-03
   806.1000       1.06046010E-03
   806.2000       1.05941059E-03
   806.3000       1.05836384E-03
   806.4000       1.05731984E-03
   806.5000       1.05627860E-03
   806.6000       1.05524010E-03
   806.7000       1.05420434E-03
   806.8000       1.05317130E-03
   806.9000       1.05214100E-03
   807.0000       1.05111341E-03
   807.1000       1.05008853E-03
   807.2000       1.04906635E-03
   807.3000       1.04804687E-03
   807.4000       1.04703007E-03
   807.5000       1.04601595E-03
   807.6000       1.04500450E-03
   807.7000       1.04399570E-03
   807.8000       1.04298956E-03
   807.9000       1.04198605E-03
   808.0000       1.04098517E-03
   808.1000       1.03998691E-03
   808.2000       1.03899126E-03
   808.3000       1.03799820E-03
   808.4000       1.03700772E-03
   808.5000       1.03601982E-03
   808.6000       1.03503447E-03
   808.7000       1.03405167E-03
   808.8000       1.03307140E-03
   808.9000       1.03209366E-03
   809.0000       1.03111841E-03
   809.1000       1.03014566E-03
   809.2000       1.02917538E-03
   809.3000       1.02820757E-03
   809.4000       1.02724220E-03
   809.5000       1.02627926E-03
   809.6000       1.02531875E-03
   809.7000       1.02436063E-03
   809.8000       1.02340489E-03
   809.9000       1.02245153E-03
   810.0000       1.02150051E-03
   810.1000       1.02055183E-03
   810.2000       1.01960547E-03
   810.3000       1.01866141E-03
   810.4000       1.01771963E-03
   810.5000       1.01678012E-03
   810.6000       1.01584286E-03
   810.7000       1.01490784E-03
   810.8000       1.01397502E-03
   810.9000       1.01304440E-03
   811.0000       1.01211596E-03
   811.1000       1.01118968E-03
   811.2000       1.01026555E-03
   811.3000       1.00934354E-03
   811.4000       1.00842364E-03
   811.5000       1.00750582E-03
   811.6000       1.00659008E-03
   811.7000       1.00567639E-03
   811.8000       1.00476474E-03
   811.9000       1.00385510E-03
   812.0000       1.00294747E-03
   812.1000       1.00204182E-03
   812.2000       1.00113814E-03
   812.3000       1.00023641E-03
   812.4000       9.99336611E-04
   812.5000       9.98438727E-04
   812.6000       9.97542743E-04
   812.7000       9.96648642E-04
   812.8000       9.95756407E-04
   812.9000       9.94866024E-04
   813.0000       9.93977476E-04
   813.1000       9.93090748E-04
   813.2000       9.92205825E-04
   813.3000       9.91322692E-04
   813.4000       9.90441334E-04
   813.5000       9.89561736E-04
   813.6000       9.88683886E-04
   813.7000       9.87807768E-04
   813.8000       9.86933369E-04
   813.9000       9.86060677E-04
   814.0000       9.85189677E-04
   814.1000       9.84320358E-04
   814.2000       9.83452708E-04
   814.3000       9.82586713E-04
   814.4000       9.81722362E-04
   814.5000       9.80859644E-04
   814.6000       9.79998548E-04
   814.7000       9.79139062E-04
   814.8000       9.78281177E-04
   814.9000       9.77424881E-04
   815.0000       9.76570164E-04
   815.1000       9.75717017E-04
   815.2000       9.74865430E-04
   815.3000       9.74015394E-04
   815.4000       9.73166899E-04
   815.5000       9.72319938E-04
   815.6000       9.71474500E-04
   815.7000       9.70630578E-04
   815.8000       9.69788163E-04
   815.9000       9.68947248E-04
   816.0000       9.68107824E-04
   816.1000       9.67269884E-04
   816.2000       9.66433420E-04
   816.3000       9.65598425E-04
   816.4000       9.64764891E-04
   816.5000       9.63932811E-04
   816.6000       9.63102179E-04
   816.7000       9.62272987E-04
   816.8000       9.61445228E-04
   816.9000       9.60618895E-04
   817.0000       9.59793983E-04
   817.1000       9.58970483E-04
   817.2000       9.58148389E-04
   817.3000       9.57327695E-04
   817.4000       9.56508393E-04
   817.5000       9.55690478E-04
   817.6000       9.54873942E-04
   817.7000       9.54058778E-04
   817.8000       9.53244981E-04
   817.9000       9.52432542E-04
   818.0000       9.51621456E-04
   818.1000       9.50811716E-04
   818.2000       9.50003313E-04
   818.3000       9.49196242E-04
   818.4000       9.48390495E-04
   818.5000       9.47586066E-04
   818.6000       9.46782946E-04
   818.7000       9.45981128E-04
   818.8000       9.45180606E-04
   818.9000       9.44381371E-04
   819.0000       9.43583416E-04
   819.1000       9.42786733E-04
   819.2000       9.41991314E-04
   819.3000       9.41197151E-04
   819.4000       9.40404237E-04
   819.5000       9.39612564E-04
   819.6000       9.38822122E-04
   819.7000       9.38032904E-04
   819.8000       9.37244902E-04
   819.9000       9.36458107E-04
   820.0000       9.35672511E-04
   820.1000       9.34888105E-04
   820.2000       9.34104881E-04
   820.3000       9.33322831E-04
   820.4000       9.32541944E-04
   820.5000       9.31762214E-04
   820.6000       9.30983631E-04
   820.7000       9.30206187E-04
   820.8000       9.29429873E-04
   820.9000       9.28654680E-04
   821.0000       9.27880601E-04
   821.1000       9.27107626E-04
   821.2000       9.26335747E-04
   821.3000       9.25564956E-04
   821.4000       9.24795244E-04
   821.5000       9.24026603E-04
   821.6000       9.23259026E-04
   821.7000       9.22492503E-04
   821.8000       9.21727029E-04
   821.9000       9.20962593E-04
   822.0000       9.20199190E-04
   822.1000       9.19436812E-04
   822.2000       9.18675452E-04
   822.3000       9.17915102E-04
   822.4000       9.17155757E-04
   822.5000       9.16397409E-04
   822.6000       9.15640052E-04
   822.7000       9.14883680E-04
   822.8000       9.14128288E-04
   822.9000       9.13373869E-04
   823.0000       9.12620419E-04
   823.1000       9.11867932E-04
   823.2000       9.11116405E-04
   823.3000       9.10365831E-04
   823.4000       9.09616208E-04
   823.5000       9.08867531E-04
   823.6000       9.08119798E-04
   823.7000       9.07373004E-04
   823.8000       9.06627147E-04
   823.9000       9.05882224E-04
   824.0000       9.05138233E-04
   824.1000       9.04395173E-04
   824.2000       9.03653042E-04
   824.3000       9.02911838E-04
   824.4000       9.02171560E-04
   824.5000       9.01432209E-04
   824.6000       9.00693783E-04
   824.7000       8.99956284E-04
   824.8000       8.99219711E-04
   824.9000       8.98484065E-04
   825.0000       8.97749347E-04
   825.1000       8.97015559E-04
   825.2000       8.96282703E-04
   825.3000       8.95550780E-04
   825.4000       8.94819793E-04
   825.5000       8.94089744E-04
   825.6000       8.93360637E-04
   825.7000       8.92632474E-04
   825.8000       8.91905259E-04
   825.9000       8.91178997E-04
   826.0000       8.90453690E-04
   826.1000       8.89729344E-04
   826.2000       8.89005963E-04
   826.3000       8.88283551E-04
   826.4000       8.87562114E-04
   826.5000       8.86841657E-04
   826.6000       8.86122185E-04
   826.7000       8.85403704E-04
   826.8000       8.84686220E-04
   826.9000       8.83969740E-04
   827.0000       8.83254268E-04
   827.1000       8.82539812E-04
   827.2000       8.81826379E-04
   827.3000       8.81113974E-04
   827.4000       8.80402606E-04
   827.5000       8.79692280E-04
   827.6000       8.78983005E-04
   827.7000       8.78274786E-04
   827.8000       8.77567633E-04
   827.9000       8.76861551E-04
   828.0000       8.76156549E-04
   828.1000       8.75452635E-04
   828.2000       8.74749815E-04
   828.3000       8.74048098E-04
   828.4000       8.73347492E-04
   828.5000       8.72648005E-04
   828.6000       8.71949644E-04
   828.7000       8.71252418E-04
   828.8000       8.70556334E-04
   828.9000       8.69861401E-04
   829.0000       8.69167626E-04
   829.1000       8.68475018E-04
   829.2000       8.67783585E-04
   829.3000       8.67093335E-04
   829.4000       8.66404275E-04
   829.5000       8.65716415E-04
   829.6000       8.65029761E-04
   829.7000       8.64344323E-04
   829.8000       8.63660107E-04
   829.9000       8.62977123E-04
   830.0000       8.62295377E-04
   830.1000       8.61614877E-04
   830.2000       8.60935632E-04
   830.3000       8.60257650E-04
   830.4000       8.59580936E-04
   830.5000       8.58905501E-04
   830.6000       8.58231350E-04
   830.7000       8.57558491E-04
   830.8000       8.56886932E-04
   830.9000       8.56216679E-04
   831.0000       8.55547741E-04
   831.1000       8.54880123E-04
   831.2000       8.54213832E-04
   831.3000       8.53548877E-04
   831.4000       8.52885262E-04
   831.5000       8.52222995E-04
   831.6000       8.51562081E-04
   831.7000       8.50902528E-04
   831.8000       8.50244341E-04
   831.9000       8.49587525E-04
   832.0000       8.48932087E-04
   832.1000       8.48278031E-04
   832.2000       8.47625364E-04
   832.3000       8.46974090E-04
   832.4000       8.46324214E-04
   832.5000       8.45675741E-04
   832.6000       8.45028674E-04
   832.7000       8.44383019E-04
   832.8000       8.43738778E-04
   832.9000       8.43095957E-04
   833.0000       8.42454557E-04
   833.1000       8.41814582E-04
   833.2000       8.41176035E-04
   833.3000       8.40538918E-04
   833.4000       8.39903233E-04
   833.5000       8.39268983E-04
   833.6000       8.38636169E-04
   833.7000       8.38004791E-04
   833.8000       8.37374851E-04
   833.9000       8.36746350E-04
   834.0000       8.36119287E-04
   834.1000       8.35493661E-04
   834.2000       8.34869474E-04
   834.3000       8.34246723E-04
   834.4000       8.33625407E-04
   834.5000       8.33005524E-04
   834.6000       8.32387072E-04
   834.7000       8.31770048E-04
   834.8000       8.31154450E-04
   834.9000       8.30540273E-04
   835.0000       8.29927515E-04
   835.1000       8.29316169E-04
   835.2000       8.28706233E-04
   835.3000       8.28097699E-04
   835.4000       8.27490564E-04
   835.5000       8.26884819E-04
   835.6000       8.26280460E-04
   835.7000       8.25677479E-04
   835.8000       8.25075867E-04
   835.9000       8.24475618E-04
   836.0000       8.23876723E-04
   836.1000       8.23279173E-04
   836.2000       8.22682959E-04
   836.3000       8.22088070E-04
   836.4000       8.21494498E-04
   836.5000       8.20902230E-04
   836.6000       8.20311256E-04
   836.7000       8.19721564E-04
   836.8000       8.19133143E-04
   836.9000       8.18545980E-04
   837.0000       8.17960063E-04
   837.1000       8.17375378E-04
   837.2000       8.16791911E-04
   837.3000       8.16209649E-04
   837.4000       8.15628578E-04
   837.5000       8.15048682E-04
   837.6000       8.14469947E-04
   837.7000       8.13892358E-04
   837.8000       8.13315899E-04
   837.9000       8.12740554E-04
   838.0000       8.12166307E-04
   838.1000       8.11593141E-04
   838.2000       8.11021040E-04
   838.3000       8.10449987E-04
   838.4000       8.09879964E-04
   838.5000       8.09310954E-04
   838.6000       8.08742940E-04
   838.7000       8.08175904E-04
   838.8000       8.07609828E-04
   838.9000       8.07044693E-04
   839.0000       8.06480483E-04
   839.1000       8.05917178E-04
   839.2000       8.05354761E-04
   839.3000       8.04793212E-04
   839.4000       8.04232514E-04
   839.5000       8.03672648E-04
   839.6000       8.03113595E-04
   839.7000       8.02555338E-04
   839.8000       8.01997858E-04
   839.9000       8.01441136E-04
   840.0000       8.00885154E-04
   840.1000       8.00329895E-04
   840.2000       7.99775340E-04
   840.3000       7.99221471E-04
   840.4000       7.98668271E-04
   840.5000       7.98115722E-04
   840.6000       7.97563807E-04
   840.7000       7.97012508E-04
   840.8000       7.96461808E-04
   840.9000       7.95911691E-04
   841.0000       7.95362141E-04
   841.1000       7.94813140E-04
   841.2000       7.94264674E-04
   841.3000       7.93716727E-04
   841.4000       7.93169283E-04
   841.5000       7.92622327E-04
   841.6000       7.92075844E-04
   841.7000       7.91529822E-04
   841.8000       7.90984244E-04
   841.9000       7.90439099E-04
   842.0000       7.89894373E-04
   842.1000       7.89350052E-04
   842.2000       7.88806126E-04
   842.3000       7.88262581E-04
   842.4000       7.87719406E-04
   842.5000       7.87176591E-04
   842.6000       7.86634124E-04
   842.7000       7.86091996E-04
   842.8000       7.85550196E-04
   842.9000       7.85008716E-04
   843.0000       7.84467546E-04
   843.1000       7.83926679E-04
   843.2000       7.83386106E-04
   843.3000       7.82845820E-04
   843.4000       7.82305813E-04
   843.5000       7.81766081E-04
   843.6000       7.81226616E-04
   843.7000       7.80687413E-04
   843.8000       7.80148467E-04
   843.9000       7.79609774E-04
   844.0000       7.79071329E-04
   844.1000       7.78533129E-04
   844.2000       7.77995171E-04
   844.3000       7.77457452E-04
   844.4000       7.76919970E-04
   844.5000       7.76382723E-04
   844.6000       7.75845710E-04
   844.7000       7.75308930E-04
   844.8000       7.74772383E-04
   844.9000       7.74236068E-04
   845.0000       7.73699987E-04
   845.1000       7.73164141E-04
   845.2000       7.72628530E-04
   845.3000       7.72093157E-04
   845.4000       7.71558023E-04
   845.5000       7.71023132E-04
   845.6000       7.70488486E-04
   845.7000       7.69954089E-04
   845.8000       7.69419944E-04
   845.9000       7.68886055E-04
   846.0000       7.68352428E-04
   846.1000       7.67819067E-04
   846.2000       7.67285976E-04
   846.3000       7.66753162E-04
   846.4000       7.66220631E-04
   846.5000       7.65688388E-04
   846.6000       7.65156439E-04
   846.7000       7.64624792E-04
   846.8000       7.64093454E-04
   846.9000       7.63562431E-04
   847.0000       7.63031731E-04
   847.1000       7.62501362E-04
   847.2000       7.61971332E-04
   847.3000       7.61441649E-04
   847.4000       7.60912321E-04
   847.5000       7.60383356E-04
   847.6000       7.59854764E-04
   847.7000       7.59326553E-04
   847.8000       7.58798733E-04
   847.9000       7.58271312E-04
   848.0000       7.57744299E-04
   848.1000       7.57217705E-04
   848.2000       7.56691538E-04
   848.3000       7.56165808E-04
   848.4000       7.55640525E-04
   848.5000       7.55115699E-04
   848.6000       7.54591339E-04
   848.7000       7.54067455E-04
   848.8000       7.53544057E-04
   848.9000       7.53021155E-04
   849.0000       7.52498758E-04
   849.1000       7.51976877E-04
   849.2000       7.51455521E-04
   849.3000       7.50934701E-04
   849.4000       7.50414425E-04
   849.5000       7.49894705E-04
   849.6000       7.49375548E-04
   849.7000       7.48856966E-04
   849.8000       7.48338967E-04
   849.9000       7.47821561E-04
   850.0000       7.47304757E-04
   850.1000       7.46788564E-04
   850.2000       7.46272993E-04
   850.3000       7.45758050E-04
   850.4000       7.45243746E-04
   850.5000       7.44730090E-04
   850.6000       7.44217089E-04
   850.7000       7.43704752E-04
   850.8000       7.43193087E-04
   850.9000       7.42682102E-04
   851.0000       7.42171806E-04
   851.1000       7.41662206E-04
   851.2000       7.41153309E-04
   851.3000       7.40645124E-04
   851.4000       7.40137656E-04
   851.5000       7.39630913E-04
   851.6000       7.39124901E-04
   851.7000       7.38619628E-04
   851.8000       7.38115099E-04
   851.9000       7.37611321E-04
   852.0000       7.37108299E-04
   852.1000       7.36606039E-04
   852.2000       7.36104547E-04
   852.3000       7.35603828E-04
   852.4000       7.35103886E-04
   852.5000       7.34604727E-04
   852.6000       7.34106355E-04
   852.7000       7.33608774E-04
   852.8000       7.33111989E-04
   852.9000       7.32616003E-04
   853.0000       7.32120820E-04
   853.1000       7.31626443E-04
   853.2000       7.31132876E-04
   853.3000       7.30640122E-04
   853.4000       7.30148183E-04
   853.5000       7.29657062E-04
   853.6000       7.29166761E-04
   853.7000       7.28677282E-04
   853.8000       7.28188628E-04
   853.9000       7.27700799E-04
   854.0000       7.27213799E-04
   854.1000       7.26727627E-04
   854.2000       7.26242284E-04
   854.3000       7.25757773E-04
   854.4000       7.25274093E-04
   854.5000       7.24791245E-04
   854.6000       7.24309229E-04
   854.7000       7.23828046E-04
   854.8000       7.23347696E-04
   854.9000       7.22868177E-04
   855.0000       7.22389491E-04
   855.1000       7.21911636E-04
   855.2000       7.21434612E-04
   855.3000       7.20958418E-04
   855.4000       7.20483052E-04
   855.5000       7.20008514E-04
   855.6000       7.19534803E-04
   855.7000       7.19061916E-04
   855.8000       7.18589853E-04
   855.9000       7.18118611E-04
   856.0000       7.17648189E-04
   856.1000       7.17178585E-04
   856.2000       7.16709795E-04
   856.3000       7.16241820E-04
   856.4000       7.15774654E-04
   856.5000       7.15308297E-04
   856.6000       7.14842746E-04
   856.7000       7.14377997E-04
   856.8000       7.13914048E-04
   856.9000       7.13450896E-04
   857.0000       7.12988538E-04
   857.1000       7.12526969E-04
   857.2000       7.12066188E-04
   857.3000       7.11606191E-04
   857.4000       7.11146973E-04
   857.5000       7.10688532E-04
   857.6000       7.10230863E-04
   857.7000       7.09773963E-04
   857.8000       7.09317828E-04
   857.9000       7.08862452E-04
   858.0000       7.08407834E-04
   858.1000       7.07953967E-04
   858.2000       7.07500847E-04
   858.3000       7.07048471E-04
   858.4000       7.06596834E-04
   858.5000       7.06145930E-04
   858.6000       7.05695755E-04
   858.7000       7.05246304E-04
   858.8000       7.04797572E-04
   858.9000       7.04349555E-04
   859.0000       7.03902247E-04
   859.1000       7.03455642E-04
   859.2000       7.03009736E-04
   859.3000       7.02564523E-04
   859.4000       7.02119997E-04
   859.5000       7.01676153E-04
   859.6000       7.01232986E-04
   859.7000       7.00790490E-04
   859.8000       7.00348658E-04
   859.9000       6.99907486E-04
   860.0000       6.99466966E-04
   860.1000       6.99027094E-04
   860.2000       6.98587862E-04
   860.3000       6.98149266E-04
   860.4000       6.97711298E-04
   860.5000       6.97273953E-04
   860.6000       6.96837224E-04
   860.7000       6.96401105E-04
   860.8000       6.95965589E-04
   860.9000       6.95530670E-04
   861.0000       6.95096342E-04
   861.1000       6.94662598E-04
   861.2000       6.94229431E-04
   861.3000       6.93796835E-04
   861.4000       6.93364804E-04
   861.5000       6.92933330E-04
   861.6000       6.92502407E-04
   861.7000       6.92072028E-04
   861.8000       6.91642188E-04
   861.9000       6.91212878E-04
   862.0000       6.90784092E-04
   862.1000       6.90355825E-04
   862.2000       6.89928068E-04
   862.3000       6.89500816E-04
   862.4000       6.89074061E-04
   862.5000       6.88647797E-04
   862.6000       6.88222018E-04
   862.7000       6.87796717E-04
   862.8000       6.87371888E-04
   862.9000       6.86947523E-04
   863.0000       6.86523617E-04
   863.1000       6.86100162E-04
   863.2000       6.85677154E-04
   863.3000       6.85254585E-04
   863.4000       6.84832449E-04
   863.5000       6.84410740E-04
   863.6000       6.83989452E-04
   863.7000       6.83568578E-04
   863.8000       6.83148114E-04
   863.9000       6.82728052E-04
   864.0000       6.82308387E-04
   864.1000       6.81889113E-04
   864.2000       6.81470225E-04
   864.3000       6.81051717E-04
   864.4000       6.80633583E-04
   864.5000       6.80215818E-04
   864.6000       6.79798416E-04
   864.7000       6.79381373E-04
   864.8000       6.78964683E-04
   864.9000       6.78548341E-04
   865.0000       6.78132341E-04
   865.1000       6.77716680E-04
   865.2000       6.77301352E-04
   865.3000       6.76886353E-04
   865.4000       6.76471678E-04
   865.5000       6.76057322E-04
   865.6000       6.75643281E-04
   865.7000       6.75229551E-04
   865.8000       6.74816127E-04
   865.9000       6.74403006E-04
   866.0000       6.73990182E-04
   866.1000       6.73577653E-04
   866.2000       6.73165415E-04
   866.3000       6.72753463E-04
   866.4000       6.72341794E-04
   866.5000       6.71930404E-04
   866.6000       6.71519290E-04
   866.7000       6.71108449E-04
   866.8000       6.70697877E-04
   866.9000       6.70287571E-04
   867.0000       6.69877528E-04
   867.1000       6.69467745E-04
   867.2000       6.69058218E-04
   867.3000       6.68648946E-04
   867.4000       6.68239925E-04
   867.5000       6.67831152E-04
   867.6000       6.67422626E-04
   867.7000       6.67014343E-04
   867.8000       6.66606301E-04
   867.9000       6.66198498E-04
   868.0000       6.65790931E-04
   868.1000       6.65383599E-04
   868.2000       6.64976499E-04
   868.3000       6.64569630E-04
   868.4000       6.64162989E-04
   868.5000       6.63756575E-04
   868.6000       6.63350385E-04
   868.7000       6.62944420E-04
   868.8000       6.62538676E-04
   868.9000       6.62133152E-04
   869.0000       6.61727848E-04
   869.1000       6.61322763E-04
   869.2000       6.60917894E-04
   869.3000       6.60513241E-04
   869.4000       6.60108803E-04
   869.5000       6.59704579E-04
   869.6000       6.59300569E-04
   869.7000       6.58896773E-04
   869.8000       6.58493189E-04
   869.9000       6.58089817E-04
   870.0000       6.57686658E-04
   870.1000       6.57283711E-04
   870.2000       6.56880977E-04
   870.3000       6.56478455E-04
   870.4000       6.56076145E-04
   870.5000       6.55674050E-04
   870.6000       6.55272168E-04
   870.7000       6.54870501E-04
   870.8000       6.54469049E-04
   870.9000       6.54067815E-04
   871.0000       6.53666798E-04
   871.1000       6.53266000E-04
   871.2000       6.52865424E-04
   871.3000       6.52465070E-04
   871.4000       6.52064940E-04
   871.5000       6.51665037E-04
   871.6000       6.51265362E-04
   871.7000       6.50865917E-04
   871.8000       6.50466706E-04
   871.9000       6.50067731E-04
   872.0000       6.49668995E-04
   872.1000       6.49270500E-04
   872.2000       6.48872250E-04
   872.3000       6.48474248E-04
   872.4000       6.48076497E-04
   872.5000       6.47679001E-04
   872.6000       6.47281765E-04
   872.7000       6.46884790E-04
   872.8000       6.46488083E-04
   872.9000       6.46091646E-04
   873.0000       6.45695485E-04
   873.1000       6.45299603E-04
   873.2000       6.44904006E-04
   873.3000       6.44508698E-04
   873.4000       6.44113683E-04
   873.5000       6.43718968E-04
   873.6000       6.43324557E-04
   873.7000       6.42930455E-04
   873.8000       6.42536667E-04
   873.9000       6.42143200E-04
   874.0000       6.41750058E-04
   874.1000       6.41357247E-04
   874.2000       6.40964773E-04
   874.3000       6.40572641E-04
   874.4000       6.40180858E-04
   874.5000       6.39789429E-04
   874.6000       6.39398360E-04
   874.7000       6.39007657E-04
   874.8000       6.38617326E-04
   874.9000       6.38227373E-04
   875.0000       6.37837804E-04
   875.1000       6.37448624E-04
   875.2000       6.37059841E-04
   875.3000       6.36671459E-04
   875.4000       6.36283484E-04
   875.5000       6.35895923E-04
   875.6000       6.35508782E-04
   875.7000       6.35122065E-04
   875.8000       6.34735780E-04
   875.9000       6.34349930E-04
   876.0000       6.33964523E-04
   876.1000       6.33579563E-04
   876.2000       6.33195056E-04
   876.3000       6.32811006E-04
   876.4000       6.32427420E-04
   876.5000       6.32044301E-04
   876.6000       6.31661656E-04
   876.7000       6.31279488E-04
   876.8000       6.30897802E-04
   876.9000       6.30516602E-04
   877.0000       6.30135893E-04
   877.1000       6.29755679E-04
   877.2000       6.29375964E-04
   877.3000       6.28996750E-04
   877.4000       6.28618043E-04
   877.5000       6.28239845E-04
   877.6000       6.27862159E-04
   877.7000       6.27484988E-04
   877.8000       6.27108335E-04
   877.9000       6.26732202E-04
   878.0000       6.26356593E-04
   878.1000       6.25981508E-04
   878.2000       6.25606950E-04
   878.3000       6.25232920E-04
   878.4000       6.24859421E-04
   878.5000       6.24486452E-04
   878.6000       6.24114016E-04
   878.7000       6.23742113E-04
   878.8000       6.23370744E-04
   878.9000       6.22999908E-04
   879.0000       6.22629608E-04
   879.1000       6.22259841E-04
   879.2000       6.21890609E-04
   879.3000       6.21521910E-04
   879.4000       6.21153745E-04
   879.5000       6.20786112E-04
   879.6000       6.20419011E-04
   879.7000       6.20052440E-04
   879.8000       6.19686398E-04
   879.9000       6.19320884E-04
   880.0000       6.18955896E-04
   880.1000       6.18591431E-04
   880.2000       6.18227489E-04
   880.3000       6.17864066E-04
   880.4000       6.17501162E-04
   880.5000       6.17138772E-04
   880.6000       6.16776895E-04
   880.7000       6.16415528E-04
   880.8000       6.16054668E-04
   880.9000       6.15694312E-04
   881.0000       6.15334458E-04
   881.1000       6.14975101E-04
   881.2000       6.14616239E-04
   881.3000       6.14257868E-04
   881.4000       6.13899985E-04
   881.5000       6.13542587E-04
   881.6000       6.13185669E-04
   881.7000       6.12829228E-04
   881.8000       6.12473260E-04
   881.9000       6.12117762E-04
   882.0000       6.11762729E-04
   882.1000       6.11408157E-04
   882.2000       6.11054043E-04
   882.3000       6.10700383E-04
   882.4000       6.10347171E-04
   882.5000       6.09994405E-04
   882.6000       6.09642080E-04
   882.7000       6.09290192E-04
   882.8000       6.08938737E-04
   882.9000       6.08587709E-04
   883.0000       6.08237106E-04
   883.1000       6.07886922E-04
   883.2000       6.07537154E-04
   883.3000       6.07187796E-04
   883.4000       6.06838846E-04
   883.5000       6.06490297E-04
   883.6000       6.06142146E-04
   883.7000       6.05794388E-04
   883.8000       6.05447019E-04
   883.9000       6.05100034E-04
   884.0000       6.04753430E-04
   884.1000       6.04407200E-04
   884.2000       6.04061342E-04
   884.3000       6.03715850E-04
   884.4000       6.03370720E-04
   884.5000       6.03025947E-04
   884.6000       6.02681527E-04
   884.7000       6.02337455E-04
   884.8000       6.01993727E-04
   884.9000       6.01650338E-04
   885.0000       6.01307284E-04
   885.1000       6.00964559E-04
   885.2000       6.00622160E-04
   885.3000       6.00280081E-04
   885.4000       5.99938318E-04
   885.5000       5.99596867E-04
   885.6000       5.99255723E-04
   885.7000       5.98914881E-04
   885.8000       5.98574336E-04
   885.9000       5.98234084E-04
   886.0000       5.97894120E-04
   886.1000       5.97554439E-04
   886.2000       5.97215037E-04
   886.3000       5.96875910E-04
   886.4000       5.96537051E-04
   886.5000       5.96198458E-04
   886.6000       5.95860124E-04
   886.7000       5.95522046E-04
   886.8000       5.95184219E-04
   886.9000       5.94846637E-04
   887.0000       5.94509298E-04
   887.1000       5.94172195E-04
   887.2000       5.93835324E-04
   887.3000       5.93498681E-04
   887.4000       5.93162262E-04
   887.5000       5.92826061E-04
   887.6000       5.92490074E-04
   887.7000       5.92154298E-04
   887.8000       5.91818727E-04
   887.9000       5.91483358E-04
   888.0000       5.91148185E-04
   888.1000       5.90813206E-04
   888.2000       5.90478416E-04
   888.3000       5.90143810E-04
   888.4000       5.89809386E-04
   888.5000       5.89475138E-04
   888.6000       5.89141064E-04
   888.7000       5.88807160E-04
   888.8000       5.88473422E-04
   888.9000       5.88139847E-04
   889.0000       5.87806432E-04
   889.1000       5.87473173E-04
   889.2000       5.87140067E-04
   889.3000       5.86807112E-04
   889.4000       5.86474304E-04
   889.5000       5.86141641E-04
   889.6000       5.85809121E-04
   889.7000       5.85476742E-04
   889.8000       5.85144500E-04
   889.9000       5.84812395E-04
   890.0000       5.84480423E-04
   890.1000       5.84148585E-04
   890.2000       5.83816878E-04
   890.3000       5.83485300E-04
   890.4000       5.83153852E-04
   890.5000       5.82822531E-04
   890.6000       5.82491337E-04
   890.7000       5.82160270E-04
   890.8000       5.81829330E-04
   890.9000       5.81498515E-04
   891.0000       5.81167827E-04
   891.1000       5.80837265E-04
   891.2000       5.80506830E-04
   891.3000       5.80176523E-04
   891.4000       5.79846344E-04
   891.5000       5.79516295E-04
   891.6000       5.79186376E-04
   891.7000       5.78856589E-04
   891.8000       5.78526936E-04
   891.9000       5.78197418E-04
   892.0000       5.77868038E-04
   892.1000       5.77538797E-04
   892.2000       5.77209699E-04
   892.3000       5.76880744E-04
   892.4000       5.76551937E-04
   892.5000       5.76223280E-04
   892.6000       5.75894775E-04
   892.7000       5.75566427E-04
   892.8000       5.75238238E-04
   892.9000       5.74910212E-04
   893.0000       5.74582352E-04
   893.1000       5.74254662E-04
   893.2000       5.73927146E-04
   893.3000       5.73599807E-04
   893.4000       5.73272650E-04
   893.5000       5.72945678E-04
   893.6000       5.72618897E-04
   893.7000       5.72292309E-04
   893.8000       5.71965920E-04
   893.9000       5.71639733E-04
   894.0000       5.71313753E-04
   894.1000       5.70987985E-04
   894.2000       5.70662433E-04
   894.3000       5.70337102E-04
   894.4000       5.70011995E-04
   894.5000       5.69687118E-04
   894.6000       5.69362475E-04
   894.7000       5.69038070E-04
   894.8000       5.68713908E-04
   894.9000       5.68389993E-04
   895.0000       5.68066330E-04
   895.1000       5.67742923E-04
   895.2000       5.67419777E-04
   895.3000       5.67096895E-04
   895.4000       5.66774281E-04
   895.5000       5.66451941E-04
   895.6000       5.66129877E-04
   895.7000       5.65808093E-04
   895.8000       5.65486594E-04
   895.9000       5.65165383E-04
   896.0000       5.64844464E-04
   896.1000       5.64523840E-04
   896.2000       5.64203514E-04
   896.3000       5.63883490E-04
   896.4000       5.63563770E-04
   896.5000       5.63244359E-04
   896.6000       5.62925257E-04
   896.7000       5.62606469E-04
   896.8000       5.62287997E-04
   896.9000       5.61969842E-04
   897.0000       5.61652008E-04
   897.1000       5.61334497E-04
   897.2000       5.61017310E-04
   897.3000       5.60700449E-04
   897.4000       5.60383915E-04
   897.5000       5.60067712E-04
   897.6000       5.59751839E-04
   897.7000       5.59436297E-04
   897.8000       5.59121089E-04
   897.9000       5.58806215E-04
   898.0000       5.58491676E-04
   898.1000       5.58177472E-04
   898.2000       5.57863604E-04
   898.3000       5.57550072E-04
   898.4000       5.57236876E-04
   898.5000       5.56924018E-04
   898.6000       5.56611496E-04
   898.7000       5.56299310E-04
   898.8000       5.55987461E-04
   898.9000       5.55675948E-04
   899.0000       5.55364770E-04
   899.1000       5.55053928E-04
   899.2000       5.54743419E-04
   899.3000       5.54433245E-04
   899.4000       5.54123403E-04
   899.5000       5.53813893E-04
   899.6000       5.53504714E-04
   899.7000       5.53195864E-04
   899.8000       5.52887344E-04
   899.9000       5.52579151E-04
   900.0000       5.52271284E-04
   900.1000       5.51963742E-04
   900.2000       5.51656524E-04
   900.3000       5.51349628E-04
   900.4000       5.51043053E-04
   900.5000       5.50736797E-04
   900.6000       5.50430859E-04
   900.7000       5.50125237E-04
   900.8000       5.49819931E-04
   900.9000       5.49514937E-04
   901.0000       5.49210255E-04
   901.1000       5.48905883E-04
   901.2000       5.48601820E-04
   901.3000       5.48298064E-04
   901.4000       5.47994613E-04
   901.5000       5.47691465E-04
   901.6000       5.47388620E-04
   901.7000       5.47086075E-04
   901.8000       5.46783829E-04
   901.9000       5.46481880E-04
   902.0000       5.46180227E-04
   902.1000       5.45878869E-04
   902.2000       5.45577803E-04
   902.3000       5.45277028E-04
   902.4000       5.44976543E-04
   902.5000       5.44676345E-04
   902.6000       5.44376435E-04
   902.7000       5.44076810E-04
   902.8000       5.43777468E-04
   902.9000       5.43478408E-04
   903.0000       5.43179630E-04
   903.1000       5.42881131E-04
   903.2000       5.42582909E-04
   903.3000       5.42284965E-04
   903.4000       5.41987295E-04
   903.5000       5.41689900E-04
   903.6000       5.41392776E-04
   903.7000       5.41095924E-04
   903.8000       5.40799342E-04
   903.9000       5.40503028E-04
   904.0000       5.40206981E-04
   904.1000       5.39911200E-04
   904.2000       5.39615684E-04
   904.3000       5.39320430E-04
   904.4000       5.39025438E-04
   904.5000       5.38730706E-04
   904.6000       5.38436233E-04
   904.7000       5.38142018E-04
   904.8000       5.37848058E-04
   904.9000       5.37554354E-04
   905.0000       5.37260903E-04
   905.1000       5.36967703E-04
   905.2000       5.36674755E-04
   905.3000       5.36382055E-04
   905.4000       5.36089603E-04
   905.5000       5.35797396E-04
   905.6000       5.35505434E-04
   905.7000       5.35213716E-04
   905.8000       5.34922238E-04
   905.9000       5.34631000E-04
   906.0000       5.34340001E-04
   906.1000       5.34049238E-04
   906.2000       5.33758710E-04
   906.3000       5.33468415E-04
   906.4000       5.33178352E-04
   906.5000       5.32888519E-04
   906.6000       5.32598913E-04
   906.7000       5.32309534E-04
   906.8000       5.32020380E-04
   906.9000       5.31731448E-04
   907.0000       5.31442737E-04
   907.1000       5.31154246E-04
   907.2000       5.30865971E-04
   907.3000       5.30577912E-04
   907.4000       5.30290067E-04
   907.5000       5.30002433E-04
   907.6000       5.29715009E-04
   907.7000       5.29427792E-04
   907.8000       5.29140782E-04
   907.9000       5.28853975E-04
   908.0000       5.28567371E-04
   908.1000       5.28280967E-04
   908.2000       5.27994761E-04
   908.3000       5.27708751E-04
   908.4000       5.27422935E-04
   908.5000       5.27137312E-04
   908.6000       5.26851880E-04
   908.7000       5.26566637E-04
   908.8000       5.26281580E-04
   908.9000       5.25996708E-04
   909.0000       5.25712019E-04
   909.1000       5.25427512E-04
   909.2000       5.25143184E-04
   909.3000       5.24859034E-04
   909.4000       5.24575060E-04
   909.5000       5.24291261E-04
   909.6000       5.24007634E-04
   909.7000       5.23724177E-04
   909.8000       5.23440891E-04
   909.9000       5.23157772E-04
   910.0000       5.22874819E-04
   910.1000       5.22592031E-04
   910.2000       5.22309407E-04
   910.3000       5.22026944E-04
   910.4000       5.21744641E-04
   910.5000       5.21462498E-04
   910.6000       5.21180513E-04
   910.7000       5.20898684E-04
   910.8000       5.20617010E-04
   910.9000       5.20335491E-04
   911.0000       5.20054125E-04
   911.1000       5.19772910E-04
   911.2000       5.19491847E-04
   911.3000       5.19210934E-04
   911.4000       5.18930170E-04
   911.5000       5.18649554E-04
   911.6000       5.18369086E-04
   911.7000       5.18088764E-04
   911.8000       5.17808589E-04
   911.9000       5.17528558E-04
   912.0000       5.17248673E-04
   912.1000       5.16968931E-04
   912.2000       5.16689334E-04
   912.3000       5.16409879E-04
   912.4000       5.16130567E-04
   912.5000       5.15851398E-04
   912.6000       5.15572371E-04
   912.7000       5.15293485E-04
   912.8000       5.15014741E-04
   912.9000       5.14736139E-04
   913.0000       5.14457678E-04
   913.1000       5.14179358E-04
   913.2000       5.13901179E-04
   913.3000       5.13623142E-04
   913.4000       5.13345246E-04
   913.5000       5.13067491E-04
   913.6000       5.12789878E-04
   913.7000       5.12512406E-04
   913.8000       5.12235076E-04
   913.9000       5.11957889E-04
   914.0000       5.11680844E-04
   914.1000       5.11403942E-04
   914.2000       5.11127183E-04
   914.3000       5.10850568E-04
   914.4000       5.10574097E-04
   914.5000       5.10297771E-04
   914.6000       5.10021590E-04
   914.7000       5.09745555E-04
   914.8000       5.09469666E-04
   914.9000       5.09193924E-04
   915.0000       5.08918331E-04
   915.1000       5.08642886E-04
   915.2000       5.08367590E-04
   915.3000       5.08092445E-04
   915.4000       5.07817451E-04
   915.5000       5.07542608E-04
   915.6000       5.07267919E-04
   915.7000       5.06993383E-04
   915.8000       5.06719003E-04
   915.9000       5.06444778E-04
   916.0000       5.06170711E-04
   916.1000       5.05896801E-04
   916.2000       5.05623051E-04
   916.3000       5.05349462E-04
   916.4000       5.05076034E-04
   916.5000       5.04802769E-04
   916.6000       5.04529668E-04
   916.7000       5.04256734E-04
   916.8000       5.03983966E-04
   916.9000       5.03711366E-04
   917.0000       5.03438937E-04
   917.1000       5.03166678E-04
   917.2000       5.02894593E-04
   917.3000       5.02622682E-04
   917.4000       5.02350947E-04
   917.5000       5.02079389E-04
   917.6000       5.01808011E-04
   917.7000       5.01536813E-04
   917.8000       5.01265799E-04
   917.9000       5.00994968E-04
   918.0000       5.00724323E-04
   918.1000       5.00453866E-04
   918.2000       5.00183599E-04
   918.3000       4.99913523E-04
   918.4000       4.99643641E-04
   918.5000       4.99373953E-04
   918.6000       4.99104463E-04
   918.7000       4.98835171E-04
   918.8000       4.98566080E-04
   918.9000       4.98297193E-04
   919.0000       4.98028509E-04
   919.1000       4.97760033E-04
   919.2000       4.97491765E-04
   919.3000       4.97223708E-04
   919.4000       4.96955864E-04
   919.5000       4.96688234E-04
   919.6000       4.96420820E-04
   919.7000       4.96153626E-04
   919.8000       4.95886652E-04
   919.9000       4.95619900E-04
   920.0000       4.95353373E-04
   920.1000       4.95087072E-04
   920.2000       4.94821000E-04
   920.3000       4.94555158E-04
   920.4000       4.94289548E-04
   920.5000       4.94024173E-04
   920.6000       4.93759033E-04
   920.7000       4.93494132E-04
   920.8000       4.93229469E-04
   920.9000       4.92965048E-04
   921.0000       4.92700871E-04
   921.1000       4.92436938E-04
   921.2000       4.92173251E-04
   921.3000       4.91909813E-04
   921.4000       4.91646624E-04
   921.5000       4.91383687E-04
   921.6000       4.91121002E-04
   921.7000       4.90858571E-04
   921.8000       4.90596395E-04
   921.9000       4.90334476E-04
   922.0000       4.90072815E-04
   922.1000       4.89811413E-04
   922.2000       4.89550272E-04
   922.3000       4.89289391E-04
   922.4000       4.89028773E-04
   922.5000       4.88768417E-04
   922.6000       4.88508326E-04
   922.7000       4.88248499E-04
   922.8000       4.87988937E-04
   922.9000       4.87729641E-04
   923.0000       4.87470612E-04
   923.1000       4.87211849E-04
   923.2000       4.86953353E-04
   923.3000       4.86695124E-04
   923.4000       4.86437163E-04
   923.5000       4.86179469E-04
   923.6000       4.85922042E-04
   923.7000       4.85664882E-04
   923.8000       4.85407990E-04
   923.9000       4.85151363E-04
   924.0000       4.84895003E-04
   924.1000       4.84638909E-04
   924.2000       4.84383079E-04
   924.3000       4.84127514E-04
   924.4000       4.83872211E-04
   924.5000       4.83617171E-04
   924.6000       4.83362393E-04
   924.7000       4.83107874E-04
   924.8000       4.82853615E-04
   924.9000       4.82599613E-04
   925.0000       4.82345867E-04
   925.1000       4.82092375E-04
   925.2000       4.81839137E-04
   925.3000       4.81586149E-04
   925.4000       4.81333411E-04
   925.5000       4.81080919E-04
   925.6000       4.80828674E-04
   925.7000       4.80576671E-04
   925.8000       4.80324909E-04
   925.9000       4.80073385E-04
   926.0000       4.79822097E-04
   926.1000       4.79571043E-04
   926.2000       4.79320220E-04
   926.3000       4.79069625E-04
   926.4000       4.78819255E-04
   926.5000       4.78569108E-04
   926.6000       4.78319181E-04
   926.7000       4.78069470E-04
   926.8000       4.77819972E-04
   926.9000       4.77570685E-04
   927.0000       4.77321605E-04
   927.1000       4.77072729E-04
   927.2000       4.76824054E-04
   927.3000       4.76575575E-04
   927.4000       4.76327290E-04
   927.5000       4.76079195E-04
   927.6000       4.75831286E-04
   927.7000       4.75583560E-04
   927.8000       4.75336014E-04
   927.9000       4.75088642E-04
   928.0000       4.74841443E-04
   928.1000       4.74594412E-04
   928.2000       4.74347544E-04
   928.3000       4.74100837E-04
   928.4000       4.73854287E-04
   928.5000       4.73607890E-04
   928.6000       4.73361641E-04
   928.7000       4.73115538E-04
   928.8000       4.72869575E-04
   928.9000       4.72623750E-04
   929.0000       4.72378059E-04
   929.1000       4.72132498E-04
   929.2000       4.71887062E-04
   929.3000       4.71641749E-04
   929.4000       4.71396555E-04
   929.5000       4.71151475E-04
   929.6000       4.70906506E-04
   929.7000       4.70661645E-04
   929.8000       4.70416889E-04
   929.9000       4.70172233E-04
   930.0000       4.69927674E-04
   930.1000       4.69683209E-04
   930.2000       4.69438834E-04
   930.3000       4.69194547E-04
   930.4000       4.68950344E-04
   930.5000       4.68706223E-04
   930.6000       4.68462179E-04
   930.7000       4.68218211E-04
   930.8000       4.67974315E-04
   930.9000       4.67730490E-04
   931.0000       4.67486732E-04
   931.1000       4.67243038E-04
   931.2000       4.66999408E-04
   931.3000       4.66755837E-04
   931.4000       4.66512325E-04
   931.5000       4.66268869E-04
   931.6000       4.66025468E-04
   931.7000       4.65782119E-04
   931.8000       4.65538822E-04
   931.9000       4.65295574E-04
   932.0000       4.65052375E-04
   932.1000       4.64809222E-04
   932.2000       4.64566116E-04
   932.3000       4.64323055E-04
   932.4000       4.64080039E-04
   932.5000       4.63837066E-04
   932.6000       4.63594137E-04
   932.7000       4.63351251E-04
   932.8000       4.63108408E-04
   932.9000       4.62865608E-04
   933.0000       4.62622851E-04
   933.1000       4.62380137E-04
   933.2000       4.62137466E-04
   933.3000       4.61894840E-04
   933.4000       4.61652259E-04
   933.5000       4.61409724E-04
   933.6000       4.61167235E-04
   933.7000       4.60924795E-04
   933.8000       4.60682403E-04
   933.9000       4.60440062E-04
   934.0000       4.60197773E-04
   934.1000       4.59955538E-04
   934.2000       4.59713359E-04
   934.3000       4.59471237E-04
   934.4000       4.59229174E-04
   934.5000       4.58987173E-04
   934.6000       4.58745236E-04
   934.7000       4.58503366E-04
   934.8000       4.58261564E-04
   934.9000       4.58019834E-04
   935.0000       4.57778178E-04
   935.1000       4.57536599E-04
   935.2000       4.57295100E-04
   935.3000       4.57053684E-04
   935.4000       4.56812353E-04
   935.5000       4.56571112E-04
   935.6000       4.56329963E-04
   935.7000       4.56088910E-04
   935.8000       4.55847955E-04
   935.9000       4.55607103E-04
   936.0000       4.55366357E-04
   936.1000       4.55125720E-04
   936.2000       4.54885196E-04
   936.3000       4.54644789E-04
   936.4000       4.54404502E-04
   936.5000       4.54164338E-04
   936.6000       4.53924303E-04
   936.7000       4.53684398E-04
   936.8000       4.53444629E-04
   936.9000       4.53204998E-04
   937.0000       4.52965509E-04
   937.1000       4.52726167E-04
   937.2000       4.52486975E-04
   937.3000       4.52247937E-04
   937.4000       4.52009056E-04
   937.5000       4.51770336E-04
   937.6000       4.51531781E-04
   937.7000       4.51293395E-04
   937.8000       4.51055181E-04
   937.9000       4.50817142E-04
   938.0000       4.50579283E-04
   938.1000       4.50341606E-04
   938.2000       4.50104116E-04
   938.3000       4.49866815E-04
   938.4000       4.49629708E-04
   938.5000       4.49392796E-04
   938.6000       4.49156084E-04
   938.7000       4.48919575E-04
   938.8000       4.48683272E-04
   938.9000       4.48447177E-04
   939.0000       4.48211294E-04
   939.1000       4.47975626E-04
   939.2000       4.47740175E-04
   939.3000       4.47504944E-04
   939.4000       4.47269936E-04
   939.5000       4.47035153E-04
   939.6000       4.46800598E-04
   939.7000       4.46566272E-04
   939.8000       4.46332179E-04
   939.9000       4.46098321E-04
   940.0000       4.45864699E-04
   940.1000       4.45631315E-04
   940.2000       4.45398171E-04
   940.3000       4.45165270E-04
   940.4000       4.44932612E-04
   940.5000       4.44700199E-04
   940.6000       4.44468032E-04
   940.7000       4.44236113E-04
   940.8000       4.44004444E-04
   940.9000       4.43773024E-04
   941.0000       4.43541855E-04
   941.1000       4.43310938E-04
   941.2000       4.43080274E-04
   941.3000       4.42849862E-04
   941.4000       4.42619704E-04
   941.5000       4.42389800E-04
   941.6000       4.42160151E-04
   941.7000       4.41930755E-04
   941.8000       4.41701614E-04
   941.9000       4.41472727E-04
   942.0000       4.41244094E-04
   942.1000       4.41015715E-04
   942.2000       4.40787589E-04
   942.3000       4.40559715E-04
   942.4000       4.40332093E-04
   942.5000       4.40104722E-04
   942.6000       4.39877600E-04
   942.7000       4.39650728E-04
   942.8000       4.39424104E-04
   942.9000       4.39197726E-04
   943.0000       4.38971593E-04
   943.1000       4.38745703E-04
   943.2000       4.38520055E-04
   943.3000       4.38294648E-04
   943.4000       4.38069478E-04
   943.5000       4.37844545E-04
   943.6000       4.37619846E-04
   943.7000       4.37395379E-04
   943.8000       4.37171142E-04
   943.9000       4.36947132E-04
   944.0000       4.36723347E-04
   944.1000       4.36499784E-04
   944.2000       4.36276442E-04
   944.3000       4.36053316E-04
   944.4000       4.35830404E-04
   944.5000       4.35607704E-04
   944.6000       4.35385211E-04
   944.7000       4.35162925E-04
   944.8000       4.34940840E-04
   944.9000       4.34718954E-04
   945.0000       4.34497264E-04
   945.1000       4.34275766E-04
   945.2000       4.34054457E-04
   945.3000       4.33833334E-04
   945.4000       4.33612393E-04
   945.5000       4.33391631E-04
   945.6000       4.33171044E-04
   945.7000       4.32950626E-04
   945.8000       4.32730375E-04
   945.9000       4.32510285E-04
   946.0000       4.32290356E-04
   946.1000       4.32070583E-04
   946.2000       4.31850961E-04
   946.3000       4.31631483E-04
   946.4000       4.31412152E-04
   946.5000       4.31192957E-04
   946.6000       4.30973901E-04
   946.7000       4.30754973E-04
   946.8000       4.30536174E-04
   946.9000       4.30317501E-04
   947.0000       4.30098951E-04
   947.1000       4.29880511E-04
   947.2000       4.29662191E-04
   947.3000       4.29443979E-04
   947.4000       4.29225870E-04
   947.5000       4.29007864E-04
   947.6000       4.28789960E-04
   947.7000       4.28572144E-04
   947.8000       4.28354425E-04
   947.9000       4.28136796E-04
   948.0000       4.27919251E-04
   948.1000       4.27701785E-04
   948.2000       4.27484407E-04
   948.3000       4.27267100E-04
   948.4000       4.27049870E-04
   948.5000       4.26832710E-04
   948.6000       4.26615621E-04
   948.7000       4.26398590E-04
   948.8000       4.26181632E-04
   948.9000       4.25964722E-04
   949.0000       4.25747884E-04
   949.1000       4.25531082E-04
   949.2000       4.25314360E-04
   949.3000       4.25097683E-04
   949.4000       4.24881051E-04
   949.5000       4.24664472E-04
   949.6000       4.24447933E-04
   949.7000       4.24231435E-04
   949.8000       4.24014999E-04
   949.9000       4.23798593E-04
   950.0000       4.23582220E-04
   950.1000       4.23365907E-04
   950.2000       4.23149611E-04
   950.3000       4.22933371E-04
   950.4000       4.22717158E-04
   950.5000       4.22500986E-04
   950.6000       4.22284848E-04
   950.7000       4.22068751E-04
   950.8000       4.21852697E-04
   950.9000       4.21636654E-04
   951.0000       4.21420669E-04
   951.1000       4.21204719E-04
   951.2000       4.20988796E-04
   951.3000       4.20772922E-04
   951.4000       4.20557067E-04
   951.5000       4.20341252E-04
   951.6000       4.20125507E-04
   951.7000       4.19909771E-04
   951.8000       4.19694080E-04
   951.9000       4.19478433E-04
   952.0000       4.19262829E-04
   952.1000       4.19047255E-04
   952.2000       4.18831740E-04
   952.3000       4.18616255E-04
   952.4000       4.18400825E-04
   952.5000       4.18185447E-04
   952.6000       4.17970118E-04
   952.7000       4.17754836E-04
   952.8000       4.17539616E-04
   952.9000       4.17324440E-04
   953.0000       4.17109319E-04
   953.1000       4.16894283E-04
   953.2000       4.16679300E-04
   953.3000       4.16464353E-04
   953.4000       4.16249477E-04
   953.5000       4.16034698E-04
   953.6000       4.15819962E-04
   953.7000       4.15605321E-04
   953.8000       4.15390730E-04
   953.9000       4.15176236E-04
   954.0000       4.14961799E-04
   954.1000       4.14747486E-04
   954.2000       4.14533203E-04
   954.3000       4.14319069E-04
   954.4000       4.14104975E-04
   954.5000       4.13890981E-04
   954.6000       4.13677108E-04
   954.7000       4.13463317E-04
   954.8000       4.13249631E-04
   954.9000       4.13036036E-04
   955.0000       4.12822564E-04
   955.1000       4.12609204E-04
   955.2000       4.12395967E-04
   955.3000       4.12182840E-04
   955.4000       4.11969832E-04
   955.5000       4.11756951E-04
   955.6000       4.11544199E-04
   955.7000       4.11331577E-04
   955.8000       4.11119114E-04
   955.9000       4.10906754E-04
   956.0000       4.10694564E-04
   956.1000       4.10482518E-04
   956.2000       4.10270613E-04
   956.3000       4.10058880E-04
   956.4000       4.09847314E-04
   956.5000       4.09635908E-04
   956.6000       4.09424699E-04
   956.7000       4.09213636E-04
   956.8000       4.09002768E-04
   956.9000       4.08792132E-04
   957.0000       4.08581640E-04
   957.1000       4.08371407E-04
   957.2000       4.08161326E-04
   957.3000       4.07951501E-04
   957.4000       4.07741866E-04
   957.5000       4.07532478E-04
   957.6000       4.07323383E-04
   957.7000       4.07114508E-04
   957.8000       4.06905842E-04
   957.9000       4.06697492E-04
   958.0000       4.06489417E-04
   958.1000       4.06281679E-04
   958.2000       4.06074174E-04
   958.3000       4.05867047E-04
   958.4000       4.05660192E-04
   958.5000       4.05453677E-04
   958.6000       4.05247513E-04
   958.7000       4.05041875E-04
   958.8000       4.04836540E-04
   958.9000       4.04631542E-04
   959.0000       4.04427040E-04
   959.1000       4.04222915E-04
   959.2000       4.04019347E-04
   959.3000       4.03816287E-04
   959.4000       4.03613693E-04
   959.5000       4.03411715E-04
   959.6000       4.03210324E-04
   959.7000       4.03009553E-04
   959.8000       4.02809416E-04
   959.9000       4.02609945E-04
   960.0000       4.02411003E-04
   960.1000       4.02213256E-04
   960.2000       4.02015832E-04
   960.3000       4.01819636E-04
   960.4000       4.01624180E-04
   960.5000       4.01429676E-04
   960.6000       4.01236286E-04
   960.7000       4.01044088E-04
   960.8000       4.00852202E-04
   960.9000       4.00662203E-04
   961.0000       4.00473674E-04
   961.1000       4.00286129E-04
   961.2000       4.00099779E-04
   961.3000       3.99915385E-04
   961.4000       3.99732299E-04
   961.5000       3.99551808E-04
   961.6000       3.99372148E-04
   961.7000       3.99195258E-04
   961.8000       3.99019261E-04
   961.9000       3.98846185E-04
   962.0000       3.98675155E-04
   962.1000       3.98507545E-04
   962.2000       3.98341352E-04
   962.3000       3.98179108E-04
   962.4000       3.98020089E-04
   962.5000       3.97862972E-04
   962.6000       3.97709856E-04
   962.7000       3.97561107E-04
   962.8000       3.97416304E-04
   962.9000       3.97274809E-04
   963.0000       3.97137511E-04
   963.1000       3.97007480E-04
   963.2000       3.96882264E-04
   963.3000       3.96762190E-04
   963.4000       3.96643665E-04
   963.5000       3.96535966E-04
   963.6000       3.96434176E-04
   963.7000       3.96339588E-04
   963.8000       3.96252930E-04
   963.9000       3.96172157E-04
   964.0000       3.96103650E-04
   964.1000       3.96043328E-04
   964.2000       3.95990833E-04
   964.3000       3.95953671E-04
   964.4000       3.95925813E-04
   964.5000       3.95908880E-04
   964.6000       3.95909835E-04
   964.7000       3.95920971E-04
   964.8000       3.95944690E-04
   964.9000       3.95989161E-04
   965.0000       3.96050946E-04
   965.1000       3.96132490E-04
   965.2000       3.96228812E-04
   965.3000       3.96351167E-04
   965.4000       3.96491807E-04
   965.5000       3.96670444E-04
   965.6000       3.96855963E-04
   965.7000       3.97079469E-04
   965.8000       3.97340652E-04
   965.9000       3.97619724E-04
   966.0000       3.97950264E-04
   966.1000       3.98303498E-04
   966.2000       3.98710473E-04
   966.3000       3.99151715E-04
   966.4000       3.99639314E-04
   966.5000       4.00174886E-04
   966.6000       4.00772841E-04
   966.7000       4.01426379E-04
   966.8000       4.02145413E-04
   966.9000       4.02919867E-04
   967.0000       4.03774302E-04
   967.1000       4.04710954E-04
   967.2000       4.05732224E-04
   967.3000       4.06811558E-04
   967.4000       4.08027013E-04
   967.5000       4.09328990E-04
   967.6000       4.10724177E-04
   967.7000       4.12291834E-04
   967.8000       4.13977983E-04
   967.9000       4.15773942E-04
   968.0000       4.17760538E-04
   968.1000       4.19928597E-04
   968.2000       4.22251746E-04
   968.3000       4.24788001E-04
   968.4000       4.27600361E-04
   968.5000       4.30597148E-04
   968.6000       4.33955487E-04
   968.7000       4.37592348E-04
   968.8000       4.41544672E-04
   968.9000       4.45962091E-04
   969.0000       4.50774434E-04
   969.1000       4.56073719E-04
   969.2000       4.61973474E-04
   969.3000       4.68559909E-04
   969.4000       4.75852725E-04
   969.5000       4.84001711E-04
   969.6000       4.93124618E-04
   969.7000       5.03346410E-04
   969.8000       5.14891361E-04
   969.9000       5.27469411E-04
   970.0000       5.41786055E-04
   970.1000       5.57685620E-04
   970.2000       5.75509305E-04
   970.3000       5.95278599E-04
   970.4000       6.17167279E-04
   970.5000       6.41408115E-04
   970.6000       6.67829529E-04
   970.7000       6.96603364E-04
   970.8000       7.27580026E-04
   970.9000       7.60313605E-04
   971.0000       7.94270041E-04
   971.1000       8.29391715E-04
   971.2000       8.64666863E-04
   971.3000       8.99747631E-04
   971.4000       9.33710952E-04
   971.5000       9.66234522E-04
   971.6000       9.96813198E-04
   971.7000       1.02518601E-03
   971.8000       1.05108241E-03
   971.9000       1.07437496E-03
   972.0000       1.09498795E-03
   972.1000       1.11294866E-03
   972.2000       1.12862292E-03
   972.3000       1.14197056E-03
   972.4000       1.15324143E-03
   972.5000       1.16290121E-03
   972.6000       1.17085787E-03
   972.7000       1.17747685E-03
   972.8000       1.18294229E-03
   972.9000       1.18764699E-03
   973.0000       1.19128751E-03
   973.1000       1.19446211E-03
   973.2000       1.19720717E-03
   973.3000       1.19899243E-03
   973.4000       1.20092916E-03
   973.5000       1.20254621E-03
   973.6000       1.20394141E-03
   973.7000       1.20517373E-03
   973.8000       1.20650316E-03
   973.9000       1.20782567E-03
   974.0000       1.20911100E-03
   974.1000       1.21068431E-03
   974.2000       1.21210908E-03
   974.3000       1.21404950E-03
   974.4000       1.21599582E-03
   974.5000       1.21827962E-03
   974.6000       1.22074580E-03
   974.7000       1.22354543E-03
   974.8000       1.22638455E-03
   974.9000       1.22997240E-03
   975.0000       1.23363891E-03
   975.1000       1.23742521E-03
   975.2000       1.24157601E-03
   975.3000       1.24610364E-03
   975.4000       1.25085107E-03
   975.5000       1.25579964E-03
   975.6000       1.26137100E-03
   975.7000       1.26711113E-03
   975.8000       1.27287904E-03
   975.9000       1.27925381E-03
   976.0000       1.28570714E-03
   976.1000       1.29256607E-03
   976.2000       1.29967958E-03
   976.3000       1.30697570E-03
   976.4000       1.31487225E-03
   976.5000       1.32278206E-03
   976.6000       1.33091602E-03
   976.7000       1.33935747E-03
   976.8000       1.34809441E-03
   976.9000       1.35686248E-03
   977.0000       1.36613930E-03
   977.1000       1.37545696E-03
   977.2000       1.38535118E-03
   977.3000       1.39507403E-03
   977.4000       1.40545299E-03
   977.5000       1.41541659E-03
   977.6000       1.42638236E-03
   977.7000       1.43728208E-03
   977.8000       1.44835792E-03
   977.9000       1.45995121E-03
   978.0000       1.47151263E-03
   978.1000       1.48379703E-03
   978.2000       1.49639696E-03
   978.3000       1.50902489E-03
   978.4000       1.52239238E-03
   978.5000       1.53616586E-03
   978.6000       1.55032177E-03
   978.7000       1.56485932E-03
   978.8000       1.58003990E-03
   978.9000       1.59594659E-03
   979.0000       1.61288845E-03
   979.1000       1.63059720E-03
   979.2000       1.64860429E-03
   979.3000       1.66820756E-03
   979.4000       1.68889046E-03
   979.5000       1.71071379E-03
   979.6000       1.73374179E-03
   979.7000       1.75801633E-03
   979.8000       1.78358938E-03
   979.9000       1.81010086E-03
   980.0000       1.83738159E-03
   980.1000       1.86550275E-03
   980.2000       1.89377629E-03
   980.3000       1.92218189E-03
   980.4000       1.94992692E-03
   980.5000       1.97738749E-03
   980.6000       2.00410651E-03
   980.7000       2.02951873E-03
   980.8000       2.05419373E-03
   980.9000       2.07769957E-03
   981.0000       2.09989657E-03
   981.1000       2.12130661E-03
   981.2000       2.14167728E-03
   981.3000       2.16140001E-03
   981.4000       2.18066676E-03
   981.5000       2.19924522E-03
   981.6000       2.21781879E-03
   981.7000       2.23631984E-03
   981.8000       2.25457062E-03
   981.9000       2.27307156E-03
   982.0000       2.29235674E-03
   982.1000       2.31173299E-03
   982.2000       2.33182255E-03
   982.3000       2.35305719E-03
   982.4000       2.37549818E-03
   982.5000       2.39870935E-03
   982.6000       2.42325102E-03
   982.7000       2.44933965E-03
   982.8000       2.47636230E-03
   982.9000       2.50471142E-03
   983.0000       2.53402790E-03
   983.1000       2.56410574E-03
   983.2000       2.59461740E-03
   983.3000       2.62499654E-03
   983.4000       2.65568275E-03
   983.5000       2.68598504E-03
   983.6000       2.71509549E-03
   983.7000       2.74338379E-03
   983.8000       2.77030986E-03
   983.9000       2.79625294E-03
   984.0000       2.82090757E-03
   984.1000       2.84420735E-03
   984.2000       2.86645445E-03
   984.3000       2.88732430E-03
   984.4000       2.90675099E-03
   984.5000       2.92565269E-03
   984.6000       2.94322868E-03
   984.7000       2.96041054E-03
   984.8000       2.97674944E-03
   984.9000       2.99205306E-03
   985.0000       3.00718510E-03
   985.1000       3.02190504E-03
   985.2000       3.03620057E-03
   985.3000       3.05030710E-03
   985.4000       3.06390747E-03
   985.5000       3.07799692E-03
   985.6000       3.09156355E-03
   985.7000       3.10533198E-03
   985.8000       3.11948566E-03
   985.9000       3.13349210E-03
   986.0000       3.14753813E-03
   986.1000       3.16211169E-03
   986.2000       3.17706843E-03
   986.3000       3.19236863E-03
   986.4000       3.20791094E-03
   986.5000       3.22399097E-03
   986.6000       3.24110085E-03
   986.7000       3.25900624E-03
   986.8000       3.27740124E-03
   986.9000       3.29616786E-03
   987.0000       3.31647125E-03
   987.1000       3.33766490E-03
   987.2000       3.35956386E-03
   987.3000       3.38260566E-03
   987.4000       3.40566108E-03
   987.5000       3.42995434E-03
   987.6000       3.45480506E-03
   987.7000       3.48051243E-03
   987.8000       3.50721582E-03
   987.9000       3.53473427E-03
   988.0000       3.56348800E-03
   988.1000       3.59289285E-03
   988.2000       3.62308386E-03
   988.3000       3.65429104E-03
   988.4000       3.68579650E-03
   988.5000       3.71702964E-03
   988.6000       3.74762585E-03
   988.7000       3.77763802E-03
   988.8000       3.80678420E-03
   988.9000       3.83509904E-03
   989.0000       3.86235355E-03
   989.1000       3.88884687E-03
   989.2000       3.91392020E-03
   989.3000       3.93837656E-03
   989.4000       3.96201818E-03
   989.5000       3.98506922E-03
   989.6000       4.00696529E-03
   989.7000       4.02864500E-03
   989.8000       4.05018178E-03
   989.9000       4.07186450E-03
   990.0000       4.09373018E-03
   990.1000       4.11550144E-03
   990.2000       4.13785416E-03
   990.3000       4.16049665E-03
   990.4000       4.18354901E-03
   990.5000       4.20736185E-03
   990.6000       4.23196422E-03
   990.7000       4.25675668E-03
   990.8000       4.28300162E-03
   990.9000       4.30955982E-03
   991.0000       4.33776333E-03
   991.1000       4.36631535E-03
   991.2000       4.39599532E-03
   991.3000       4.42616580E-03
   991.4000       4.45671743E-03
   991.5000       4.48751267E-03
   991.6000       4.51792280E-03
   991.7000       4.54777588E-03
   991.8000       4.57783018E-03
   991.9000       4.60715677E-03
   992.0000       4.63685402E-03
   992.1000       4.66647300E-03
   992.2000       4.69563259E-03
   992.3000       4.72479435E-03
   992.4000       4.75339962E-03
   992.5000       4.78187393E-03
   992.6000       4.80982154E-03
   992.7000       4.83727435E-03
   992.8000       4.86518776E-03
   992.9000       4.89283923E-03
   993.0000       4.92045687E-03
   993.1000       4.94871015E-03
   993.2000       4.97807537E-03
   993.3000       5.00816194E-03
   993.4000       5.03894263E-03
   993.5000       5.07089098E-03
   993.6000       5.10366362E-03
   993.7000       5.13711217E-03
   993.8000       5.17063644E-03
   993.9000       5.20463221E-03
   994.0000       5.23853230E-03
   994.1000       5.27213585E-03
   994.2000       5.30574199E-03
   994.3000       5.33898367E-03
   994.4000       5.37239300E-03
   994.5000       5.40635995E-03
   994.6000       5.44087797E-03
   994.7000       5.47553522E-03
   994.8000       5.51038741E-03
   994.9000       5.54426211E-03
   995.0000       5.57782043E-03
   995.1000       5.61082559E-03
   995.2000       5.64363481E-03
   995.3000       5.67671196E-03
   995.4000       5.70999136E-03
   995.5000       5.74410689E-03
   995.6000       5.77863067E-03
   995.7000       5.81419529E-03
   995.8000       5.85088793E-03
   995.9000       5.88835161E-03
   996.0000       5.92712381E-03
   996.1000       5.96647036E-03
   996.2000       6.00665807E-03
   996.3000       6.04751175E-03
   996.4000       6.08935073E-03
   996.5000       6.13089004E-03
   996.6000       6.17333259E-03
   996.7000       6.21637377E-03
   996.8000       6.25941414E-03
   996.9000       6.30313583E-03
   997.0000       6.34782915E-03
   997.1000       6.39251442E-03
   997.2000       6.43789026E-03
   997.3000       6.48251404E-03
   997.4000       6.52691548E-03
   997.5000       6.57128481E-03
   997.6000       6.61521613E-03
   997.7000       6.65883308E-03
   997.8000       6.70248778E-03
   997.9000       6.74498899E-03
   998.0000       6.78671651E-03
   998.1000       6.82732423E-03
   998.2000       6.86785258E-03
   998.3000       6.90731940E-03
   998.4000       6.94682172E-03
   998.5000       6.98605048E-03
   998.6000       7.02560966E-03
   998.7000       7.06497778E-03
   998.8000       7.10421473E-03
   998.9000       7.14271769E-03
   999.0000       7.18125733E-03
   999.1000       7.21966050E-03
   999.2000       7.25760995E-03
   999.3000       7.29482281E-03
   999.4000       7.33228193E-03
   999.5000       7.36912541E-03
   999.6000       7.40650144E-03
   999.7000       7.44395876E-03
   999.8000       7.48151361E-03
   999.9000       7.51939174E-03
  1000.0000       7.55749183E-03
  1000.1000       7.59571589E-03
  1000.2000       7.63275684E-03
  1000.3000       7.66853253E-03
  1000.4000       7.70343002E-03
  1000.5000       7.73703825E-03
  1000.6000       7.76990345E-03
  1000.7000       7.80251888E-03
  1000.8000       7.83534391E-03
  1000.9000       7.86854998E-03
  1001.0000       7.90205684E-03
  1001.1000       7.93574942E-03
  1001.2000       7.96873656E-03
  1001.3000       8.00121195E-03
  1001.4000       8.03388927E-03
  1001.5000       8.06613615E-03
  1001.6000       8.09908558E-03
  1001.7000       8.13208549E-03
  1001.8000       8.16484933E-03
  1001.9000       8.19729705E-03
  1002.0000       8.22924808E-03
  1002.1000       8.26128586E-03
  1002.2000       8.29316162E-03
  1002.3000       8.32634664E-03
  1002.4000       8.36012934E-03
  1002.5000       8.39425519E-03
  1002.6000       8.42894694E-03
  1002.7000       8.46464821E-03
  1002.8000       8.50219859E-03
  1002.9000       8.54179136E-03
  1003.0000       8.58442831E-03
  1003.1000       8.63024358E-03
  1003.2000       8.67876405E-03
  1003.3000       8.72914905E-03
  1003.4000       8.78050449E-03
  1003.5000       8.83276544E-03
  1003.6000       8.88468950E-03
  1003.7000       8.93623306E-03
  1003.8000       8.98723578E-03
  1003.9000       9.03746765E-03
  1004.0000       9.08820790E-03
  1004.1000       9.13875860E-03
  1004.2000       9.18985216E-03
  1004.3000       9.24104311E-03
  1004.4000       9.29138947E-03
  1004.5000       9.34132095E-03
  1004.6000       9.39086123E-03
  1004.7000       9.44011566E-03
  1004.8000       9.48716084E-03
  1004.9000       9.53363098E-03
  1005.0000       9.57805040E-03
  1005.1000       9.62228025E-03
  1005.2000       9.66613043E-03
  1005.3000       9.71057528E-03
  1005.4000       9.75514507E-03
  1005.5000       9.80102968E-03
  1005.6000       9.84785115E-03
  1005.7000       9.89520694E-03
  1005.8000       9.94319537E-03
  1005.9000       9.99120830E-03
  1006.0000       1.00389690E-02
  1006.1000       1.00860791E-02
  1006.2000       1.01322250E-02
  1006.3000       1.01778915E-02
  1006.4000       1.02223171E-02
  1006.5000       1.02663505E-02
  1006.6000       1.03100899E-02
  1006.7000       1.03541601E-02
  1006.8000       1.03977501E-02
  1006.9000       1.04410348E-02
  1007.0000       1.04843342E-02
  1007.1000       1.05274686E-02
  1007.2000       1.05714315E-02
  1007.3000       1.06172059E-02
  1007.4000       1.06650023E-02
  1007.5000       1.07154757E-02
  1007.6000       1.07685695E-02
  1007.7000       1.08239543E-02
  1007.8000       1.08815335E-02
  1007.9000       1.09406734E-02
  1008.0000       1.10013193E-02
  1008.1000       1.10629995E-02
  1008.2000       1.11258088E-02
  1008.3000       1.11891030E-02
  1008.4000       1.12525967E-02
  1008.5000       1.13160051E-02
  1008.6000       1.13784999E-02
  1008.7000       1.14409305E-02
  1008.8000       1.15022468E-02
  1008.9000       1.15637121E-02
  1009.0000       1.16247441E-02
  1009.1000       1.16854649E-02
  1009.2000       1.17460519E-02
  1009.3000       1.18076599E-02
  1009.4000       1.18702536E-02
  1009.5000       1.19335492E-02
  1009.6000       1.19973786E-02
  1009.7000       1.20622645E-02
  1009.8000       1.21284325E-02
  1009.9000       1.21957938E-02
  1010.0000       1.22651089E-02
  1010.1000       1.23361637E-02
  1010.2000       1.24080458E-02
  1010.3000       1.24808157E-02
  1010.4000       1.25537140E-02
  1010.5000       1.26268052E-02
  1010.6000       1.27000397E-02
  1010.7000       1.27731625E-02
  1010.8000       1.28457674E-02
  1010.9000       1.29177182E-02
  1011.0000       1.29893308E-02
  1011.1000       1.30605498E-02
  1011.2000       1.31314296E-02
  1011.3000       1.32026665E-02
  1011.4000       1.32742549E-02
  1011.5000       1.33466249E-02
  1011.6000       1.34192198E-02
  1011.7000       1.34920573E-02
  1011.8000       1.35645701E-02
  1011.9000       1.36375899E-02
  1012.0000       1.37099494E-02
  1012.1000       1.37821620E-02
  1012.2000       1.38540646E-02
  1012.3000       1.39254018E-02
  1012.4000       1.39956868E-02
  1012.5000       1.40654206E-02
  1012.6000       1.41342021E-02
  1012.7000       1.42016839E-02
  1012.8000       1.42675305E-02
  1012.9000       1.43317860E-02
  1013.0000       1.43939281E-02
  1013.1000       1.44536970E-02
  1013.2000       1.45118461E-02
  1013.3000       1.45679515E-02
  1013.4000       1.46224391E-02
  1013.5000       1.46760864E-02
  1013.6000       1.47290675E-02
  1013.7000       1.47816591E-02
  1013.8000       1.48342077E-02
  1013.9000       1.48863045E-02
  1014.0000       1.49375209E-02
  1014.1000       1.49881961E-02
  1014.2000       1.50380198E-02
  1014.3000       1.50869014E-02
  1014.4000       1.51347249E-02
  1014.5000       1.51823116E-02
  1014.6000       1.52297665E-02
  1014.7000       1.52768709E-02
  1014.8000       1.53238053E-02
  1014.9000       1.53707758E-02
  1015.0000       1.54165355E-02
  1015.1000       1.54612197E-02
  1015.2000       1.55048137E-02
  1015.3000       1.55481970E-02
  1015.4000       1.55913317E-02
  1015.5000       1.56346296E-02
  1015.6000       1.56783531E-02
  1015.7000       1.57231460E-02
  1015.8000       1.57695138E-02
  1015.9000       1.58172740E-02
  1016.0000       1.58663608E-02
  1016.1000       1.59166248E-02
  1016.2000       1.59676014E-02
  1016.3000       1.60186572E-02
  1016.4000       1.60687718E-02
  1016.5000       1.61178073E-02
  1016.6000       1.61651518E-02
  1016.7000       1.62106291E-02
  1016.8000       1.62540572E-02
  1016.9000       1.62958108E-02
  1017.0000       1.63362911E-02
  1017.1000       1.63761918E-02
  1017.2000       1.64156163E-02
  1017.3000       1.64551955E-02
  1017.4000       1.64955815E-02
  1017.5000       1.65365375E-02
  1017.6000       1.65786706E-02
  1017.7000       1.66220825E-02
  1017.8000       1.66665700E-02
  1017.9000       1.67118764E-02
  1018.0000       1.67580123E-02
  1018.1000       1.68048300E-02
  1018.2000       1.68518287E-02
  1018.3000       1.68987515E-02
  1018.4000       1.69451937E-02
  1018.5000       1.69914041E-02
  1018.6000       1.70363929E-02
  1018.7000       1.70803717E-02
  1018.8000       1.71240037E-02
  1018.9000       1.71662788E-02
  1019.0000       1.72082633E-02
  1019.1000       1.72498032E-02
  1019.2000       1.72908221E-02
  1019.3000       1.73317803E-02
  1019.4000       1.73730284E-02
  1019.5000       1.74140721E-02
  1019.6000       1.74557240E-02
  1019.7000       1.74975662E-02
  1019.8000       1.75394905E-02
  1019.9000       1.75813474E-02
  1020.0000       1.76223969E-02
  1020.1000       1.76631561E-02
  1020.2000       1.77032941E-02
  1020.3000       1.77430499E-02
  1020.4000       1.77823426E-02
  1020.5000       1.78205181E-02
  1020.6000       1.78576402E-02
  1020.7000       1.78935893E-02
  1020.8000       1.79278030E-02
  1020.9000       1.79603106E-02
  1021.0000       1.79912947E-02
  1021.1000       1.80205553E-02
  1021.2000       1.80485117E-02
  1021.3000       1.80757944E-02
  1021.4000       1.81022634E-02
  1021.5000       1.81284181E-02
  1021.6000       1.81538265E-02
  1021.7000       1.81790114E-02
  1021.8000       1.82043963E-02
  1021.9000       1.82300228E-02
  1022.0000       1.82562579E-02
  1022.1000       1.82833517E-02
  1022.2000       1.83118281E-02
  1022.3000       1.83415591E-02
  1022.4000       1.83728126E-02
  1022.5000       1.84052514E-02
  1022.6000       1.84388563E-02
  1022.7000       1.84734970E-02
  1022.8000       1.85087610E-02
  1022.9000       1.85445233E-02
  1023.0000       1.85801515E-02
  1023.1000       1.86152316E-02
  1023.2000       1.86492818E-02
  1023.3000       1.86826196E-02
  1023.4000       1.87150165E-02
  1023.5000       1.87466268E-02
  1023.6000       1.87770382E-02
  1023.7000       1.88064362E-02
  1023.8000       1.88344318E-02
  1023.9000       1.88605426E-02
  1024.0000       1.88856726E-02
  1024.1000       1.89097474E-02
  1024.2000       1.89337151E-02
  1024.3000       1.89577688E-02
  1024.4000       1.89821363E-02
  1024.5000       1.90075544E-02
  1024.6000       1.90342051E-02
  1024.7000       1.90624205E-02
  1024.8000       1.90928416E-02
  1024.9000       1.91255716E-02
  1025.0000       1.91610175E-02
  1025.1000       1.91997862E-02
  1025.2000       1.92416512E-02
  1025.3000       1.92866749E-02
  1025.4000       1.93351108E-02
  1025.5000       1.93868208E-02
  1025.6000       1.94412214E-02
  1025.7000       1.94973670E-02
  1025.8000       1.95549610E-02
  1025.9000       1.96136949E-02
  1026.0000       1.96729117E-02
  1026.1000       1.97323085E-02
  1026.2000       1.97914969E-02
  1026.3000       1.98507666E-02
  1026.4000       1.99095622E-02
  1026.5000       1.99684151E-02
  1026.6000       2.00268744E-02
  1026.7000       2.00857100E-02
  1026.8000       2.01449402E-02
  1026.9000       2.02047119E-02
  1027.0000       2.02650196E-02
  1027.1000       2.03254785E-02
  1027.2000       2.03861737E-02
  1027.3000       2.04471044E-02
  1027.4000       2.05081317E-02
  1027.5000       2.05688539E-02
  1027.6000       2.06283785E-02
  1027.7000       2.06862548E-02
  1027.8000       2.07426996E-02
  1027.9000       2.07973700E-02
  1028.0000       2.08508082E-02
  1028.1000       2.09024673E-02
  1028.2000       2.09528246E-02
  1028.3000       2.10015271E-02
  1028.4000       2.10485177E-02
  1028.5000       2.10942964E-02
  1028.6000       2.11386472E-02
  1028.7000       2.11822219E-02
  1028.8000       2.12253230E-02
  1028.9000       2.12680498E-02
  1029.0000       2.13109606E-02
  1029.1000       2.13550503E-02
  1029.2000       2.13993475E-02
  1029.3000       2.14449142E-02
  1029.4000       2.14906346E-02
  1029.5000       2.15370049E-02
  1029.6000       2.15836019E-02
  1029.7000       2.16311729E-02
  1029.8000       2.16799728E-02
  1029.9000       2.17295317E-02
  1030.0000       2.17806922E-02
  1030.1000       2.18331269E-02
  1030.2000       2.18871385E-02
  1030.3000       2.19426219E-02
  1030.4000       2.19992777E-02
  1030.5000       2.20569499E-02
  1030.6000       2.21151108E-02
  1030.7000       2.21741748E-02
  1030.8000       2.22335547E-02
  1030.9000       2.22933092E-02
  1031.0000       2.23535592E-02
  1031.1000       2.24136046E-02
  1031.2000       2.24735266E-02
  1031.3000       2.25341310E-02
  1031.4000       2.25945777E-02
  1031.5000       2.26554487E-02
  1031.6000       2.27166352E-02
  1031.7000       2.27784937E-02
  1031.8000       2.28407169E-02
  1031.9000       2.29035122E-02
  1032.0000       2.29664098E-02
  1032.1000       2.30296814E-02
  1032.2000       2.30928056E-02
  1032.3000       2.31561399E-02
  1032.4000       2.32189013E-02
  1032.5000       2.32800701E-02
  1032.6000       2.33404044E-02
  1032.7000       2.33987320E-02
  1032.8000       2.34551580E-02
  1032.9000       2.35096891E-02
  1033.0000       2.35615963E-02
  1033.1000       2.36115834E-02
  1033.2000       2.36595683E-02
  1033.3000       2.37054032E-02
  1033.4000       2.37500846E-02
  1033.5000       2.37931733E-02
  1033.6000       2.38360530E-02
  1033.7000       2.38785962E-02
  1033.8000       2.39215566E-02
  1033.9000       2.39655713E-02
  1034.0000       2.40108100E-02
  1034.1000       2.40579378E-02
  1034.2000       2.41072412E-02
  1034.3000       2.41584264E-02
  1034.4000       2.42118850E-02
  1034.5000       2.42670913E-02
  1034.6000       2.43236889E-02
  1034.7000       2.43816706E-02
  1034.8000       2.44401559E-02
  1034.9000       2.44989620E-02
  1035.0000       2.45580794E-02
  1035.1000       2.46169289E-02
  1035.2000       2.46758883E-02
  1035.3000       2.47344420E-02
  1035.4000       2.47929056E-02
  1035.5000       2.48510062E-02
  1035.6000       2.49088734E-02
  1035.7000       2.49666789E-02
  1035.8000       2.50243351E-02
  1035.9000       2.50824841E-02
  1036.0000       2.51406624E-02
  1036.1000       2.51992512E-02
  1036.2000       2.52580255E-02
  1036.3000       2.53171954E-02
  1036.4000       2.53774124E-02
  1036.5000       2.54384645E-02
  1036.6000       2.55012428E-02
  1036.7000       2.55657083E-02
  1036.8000       2.56314487E-02
  1036.9000       2.56987447E-02
  1037.0000       2.57673822E-02
  1037.1000       2.58365081E-02
  1037.2000       2.59066483E-02
  1037.3000       2.59771132E-02
  1037.4000       2.60477312E-02
  1037.5000       2.61185865E-02
  1037.6000       2.61894715E-02
  1037.7000       2.62603416E-02
  1037.8000       2.63308359E-02
  1037.9000       2.64006002E-02
  1038.0000       2.64696964E-02
  1038.1000       2.65377626E-02
  1038.2000       2.66054115E-02
  1038.3000       2.66728855E-02
  1038.4000       2.67405364E-02
  1038.5000       2.68079756E-02
  1038.6000       2.68757558E-02
  1038.7000       2.69439993E-02
  1038.8000       2.70120472E-02
  1038.9000       2.70807169E-02
  1039.0000       2.71496268E-02
  1039.1000       2.72189309E-02
  1039.2000       2.72885589E-02
  1039.3000       2.73590844E-02
  1039.4000       2.74300107E-02
  1039.5000       2.75015377E-02
  1039.6000       2.75735422E-02
  1039.7000       2.76457465E-02
  1039.8000       2.77184796E-02
  1039.9000       2.77914377E-02
  1040.0000       2.78646342E-02
  1040.1000       2.79379751E-02
  1040.2000       2.80113771E-02
  1040.3000       2.80848169E-02
  1040.4000       2.81581594E-02
  1040.5000       2.82311757E-02
  1040.6000       2.83039282E-02
  1040.7000       2.83763881E-02
  1040.8000       2.84486391E-02
  1040.9000       2.85204024E-02
  1041.0000       2.85918533E-02
  1041.1000       2.86624701E-02
  1041.2000       2.87328677E-02
  1041.3000       2.88023678E-02
  1041.4000       2.88712073E-02
  1041.5000       2.89392807E-02
  1041.6000       2.90061248E-02
  1041.7000       2.90716361E-02
  1041.8000       2.91355106E-02
  1041.9000       2.91980292E-02
  1042.0000       2.92591843E-02
  1042.1000       2.93195594E-02
  1042.2000       2.93790242E-02
  1042.3000       2.94379602E-02
  1042.4000       2.94965145E-02
  1042.5000       2.95549382E-02
  1042.6000       2.96135695E-02
  1042.7000       2.96721439E-02
  1042.8000       2.97312201E-02
  1042.9000       2.97910324E-02
  1043.0000       2.98509693E-02
  1043.1000       2.99111541E-02
  1043.2000       2.99717770E-02
  1043.3000       3.00321135E-02
  1043.4000       3.00926010E-02
  1043.5000       3.01534909E-02
  1043.6000       3.02148025E-02
  1043.7000       3.02763366E-02
  1043.8000       3.03383464E-02
  1043.9000       3.04009031E-02
  1044.0000       3.04638417E-02
  1044.1000       3.05267041E-02
  1044.2000       3.05893353E-02
  1044.3000       3.06512547E-02
  1044.4000       3.07124199E-02
  1044.5000       3.07729148E-02
  1044.6000       3.08323574E-02
  1044.7000       3.08909402E-02
  1044.8000       3.09482394E-02
  1044.9000       3.10048484E-02
  1045.0000       3.10606153E-02
  1045.1000       3.11153307E-02
  1045.2000       3.11694066E-02
  1045.3000       3.12223911E-02
  1045.4000       3.12744140E-02
  1045.5000       3.13251494E-02
  1045.6000       3.13749887E-02
  1045.7000       3.14240473E-02
  1045.8000       3.14722661E-02
  1045.9000       3.15199032E-02
  1046.0000       3.15664811E-02
  1046.1000       3.16126241E-02
  1046.2000       3.16583072E-02
  1046.3000       3.17034982E-02
  1046.4000       3.17483423E-02
  1046.5000       3.17930366E-02
  1046.6000       3.18376462E-02
  1046.7000       3.18818353E-02
  1046.8000       3.19258378E-02
  1046.9000       3.19695472E-02
  1047.0000       3.20132782E-02
  1047.1000       3.20567899E-02
  1047.2000       3.21004591E-02
  1047.3000       3.21444558E-02
  1047.4000       3.21888816E-02
  1047.5000       3.22329447E-02
  1047.6000       3.22770205E-02
  1047.7000       3.23210092E-02
  1047.8000       3.23643995E-02
  1047.9000       3.24075721E-02
  1048.0000       3.24509967E-02
  1048.1000       3.24950986E-02
  1048.2000       3.25391930E-02
  1048.3000       3.25844099E-02
  1048.4000       3.26305141E-02
  1048.5000       3.26779254E-02
  1048.6000       3.27267483E-02
  1048.7000       3.27770989E-02
  1048.8000       3.28286367E-02
  1048.9000       3.28807048E-02
  1049.0000       3.29330448E-02
  1049.1000       3.29848800E-02
  1049.2000       3.30362861E-02
  1049.3000       3.30868973E-02
  1049.4000       3.31369992E-02
  1049.5000       3.31868838E-02
  1049.6000       3.32368722E-02
  1049.7000       3.32872784E-02
  1049.8000       3.33377949E-02
  1049.9000       3.33885338E-02
  1050.0000       3.34393131E-02
  1050.1000       3.34897278E-02
  1050.2000       3.35400167E-02
  1050.3000       3.35899985E-02
  1050.4000       3.36397705E-02
  1050.5000       3.36889935E-02
  1050.6000       3.37373620E-02
  1050.7000       3.37848493E-02
  1050.8000       3.38314004E-02
  1050.9000       3.38774135E-02
  1051.0000       3.39226137E-02
  1051.1000       3.39672641E-02
  1051.2000       3.40112709E-02
  1051.3000       3.40550612E-02
  1051.4000       3.40986238E-02
  1051.5000       3.41423220E-02
  1051.6000       3.41861026E-02
  1051.7000       3.42294049E-02
  1051.8000       3.42726866E-02
  1051.9000       3.43156134E-02
  1052.0000       3.43578133E-02
  1052.1000       3.43999271E-02
  1052.2000       3.44417113E-02
  1052.3000       3.44836898E-02
  1052.4000       3.45258636E-02
  1052.5000       3.45681033E-02
  1052.6000       3.46106310E-02
  1052.7000       3.46528191E-02
  1052.8000       3.46950472E-02
  1052.9000       3.47368806E-02
  1053.0000       3.47793688E-02
  1053.1000       3.48220787E-02
  1053.2000       3.48661796E-02
  1053.3000       3.49111112E-02
  1053.4000       3.49573282E-02
  1053.5000       3.50042855E-02
  1053.6000       3.50521382E-02
  1053.7000       3.51002576E-02
  1053.8000       3.51490223E-02
  1053.9000       3.51982216E-02
  1054.0000       3.52475716E-02
  1054.1000       3.52969658E-02
  1054.2000       3.53463527E-02
  1054.3000       3.53958602E-02
  1054.4000       3.54456144E-02
  1054.5000       3.54955219E-02
  1054.6000       3.55455191E-02
  1054.7000       3.55953986E-02
  1054.8000       3.56456750E-02
  1054.9000       3.56959471E-02
  1055.0000       3.57459888E-02
  1055.1000       3.57961774E-02
  1055.2000       3.58466444E-02
  1055.3000       3.58974174E-02
  1055.4000       3.59482749E-02
  1055.5000       3.59987556E-02
  1055.6000       3.60485398E-02
  1055.7000       3.60973705E-02
  1055.8000       3.61452236E-02
  1055.9000       3.61919778E-02
  1056.0000       3.62374986E-02
  1056.1000       3.62821452E-02
  1056.2000       3.63262388E-02
  1056.3000       3.63695600E-02
  1056.4000       3.64119597E-02
  1056.5000       3.64533893E-02
  1056.6000       3.64935807E-02
  1056.7000       3.65324462E-02
  1056.8000       3.65697732E-02
  1056.9000       3.66053418E-02
  1057.0000       3.66397270E-02
  1057.1000       3.66733058E-02
  1057.2000       3.67063423E-02
  1057.3000       3.67390307E-02
  1057.4000       3.67712466E-02
  1057.5000       3.68034400E-02
  1057.6000       3.68355859E-02
  1057.7000       3.68674017E-02
  1057.8000       3.68995711E-02
  1057.9000       3.69314043E-02
  1058.0000       3.69630082E-02
  1058.1000       3.69946113E-02
  1058.2000       3.70265985E-02
  1058.3000       3.70596350E-02
  1058.4000       3.70937335E-02
  1058.5000       3.71295673E-02
  1058.6000       3.71669100E-02
  1058.7000       3.72058257E-02
  1058.8000       3.72463766E-02
  1058.9000       3.72882064E-02
  1059.0000       3.73310707E-02
  1059.1000       3.73749852E-02
  1059.2000       3.74194416E-02
  1059.3000       3.74648693E-02
  1059.4000       3.75110235E-02
  1059.5000       3.75583254E-02
  1059.6000       3.76066022E-02
  1059.7000       3.76556117E-02
  1059.8000       3.77054527E-02
  1059.9000       3.77568550E-02
  1060.0000       3.78099595E-02
  1060.1000       3.78650653E-02
  1060.2000       3.79223160E-02
  1060.3000       3.79812466E-02
  1060.4000       3.80411814E-02
  1060.5000       3.81021212E-02
  1060.6000       3.81641676E-02
  1060.7000       3.82270999E-02
  1060.8000       3.82915421E-02
  1060.9000       3.83571746E-02
  1061.0000       3.84237482E-02
  1061.1000       3.84911069E-02
  1061.2000       3.85583352E-02
  1061.3000       3.86260182E-02
  1061.4000       3.86944270E-02
  1061.5000       3.87639505E-02
  1061.6000       3.88349939E-02
  1061.7000       3.89077203E-02
  1061.8000       3.89825067E-02
  1061.9000       3.90590128E-02
  1062.0000       3.91375863E-02
  1062.1000       3.92186470E-02
  1062.2000       3.93016459E-02
  1062.3000       3.93866796E-02
  1062.4000       3.94731662E-02
  1062.5000       3.95611400E-02
  1062.6000       3.96496085E-02
  1062.7000       3.97384123E-02
  1062.8000       3.98268532E-02
  1062.9000       3.99147940E-02
  1063.0000       4.00019132E-02
  1063.1000       4.00881125E-02
  1063.2000       4.01733669E-02
  1063.3000       4.02575384E-02
  1063.4000       4.03405235E-02
  1063.5000       4.04222110E-02
  1063.6000       4.05029156E-02
  1063.7000       4.05826036E-02
  1063.8000       4.06611602E-02
  1063.9000       4.07385704E-02
  1064.0000       4.08149116E-02
  1064.1000       4.08900554E-02
  1064.2000       4.09640507E-02
  1064.3000       4.10366266E-02
  1064.4000       4.11075995E-02
  1064.5000       4.11771158E-02
  1064.6000       4.12448476E-02
  1064.7000       4.13111343E-02
  1064.8000       4.13761785E-02
  1064.9000       4.14408044E-02
  1065.0000       4.15050662E-02
  1065.1000       4.15700663E-02
  1065.2000       4.16355569E-02
  1065.3000       4.17017926E-02
  1065.4000       4.17683096E-02
  1065.5000       4.18350657E-02
  1065.6000       4.19014280E-02
  1065.7000       4.19671242E-02
  1065.8000       4.20317089E-02
  1065.9000       4.20953326E-02
  1066.0000       4.21585480E-02
  1066.1000       4.22210269E-02
  1066.2000       4.22833217E-02
  1066.3000       4.23448910E-02
  1066.4000       4.24063921E-02
  1066.5000       4.24675017E-02
  1066.6000       4.25282620E-02
  1066.7000       4.25889424E-02
  1066.8000       4.26493808E-02
  1066.9000       4.27101322E-02
  1067.0000       4.27709470E-02
  1067.1000       4.28326502E-02
  1067.2000       4.28948798E-02
  1067.3000       4.29578466E-02
  1067.4000       4.30220214E-02
  1067.5000       4.30863413E-02
  1067.6000       4.31510657E-02
  1067.7000       4.32161072E-02
  1067.8000       4.32811446E-02
  1067.9000       4.33463495E-02
  1068.0000       4.34112614E-02
  1068.1000       4.34758962E-02
  1068.2000       4.35397636E-02
  1068.3000       4.36026399E-02
  1068.4000       4.36640968E-02
  1068.5000       4.37235144E-02
  1068.6000       4.37807526E-02
  1068.7000       4.38358531E-02
  1068.8000       4.38887247E-02
  1068.9000       4.39395369E-02
  1069.0000       4.39886200E-02
  1069.1000       4.40359146E-02
  1069.2000       4.40817429E-02
  1069.3000       4.41261785E-02
  1069.4000       4.41692659E-02
  1069.5000       4.42118121E-02
  1069.6000       4.42534196E-02
  1069.7000       4.42944558E-02
  1069.8000       4.43352744E-02
  1069.9000       4.43760165E-02
  1070.0000       4.44168105E-02
  1070.1000       4.44578259E-02
  1070.2000       4.44991116E-02
  1070.3000       4.45406245E-02
  1070.4000       4.45821240E-02
  1070.5000       4.46227818E-02
  1070.6000       4.46632697E-02
  1070.7000       4.47027497E-02
  1070.8000       4.47416581E-02
  1070.9000       4.47797743E-02
  1071.0000       4.48175216E-02
  1071.1000       4.48549575E-02
  1071.2000       4.48927847E-02
  1071.3000       4.49309899E-02
  1071.4000       4.49697451E-02
  1071.5000       4.50093437E-02
  1071.6000       4.50498404E-02
  1071.7000       4.50910830E-02
  1071.8000       4.51332790E-02
  1071.9000       4.51755974E-02
  1072.0000       4.52182634E-02
  1072.1000       4.52611767E-02
  1072.2000       4.53044959E-02
  1072.3000       4.53475995E-02
  1072.4000       4.53906775E-02
  1072.5000       4.54339751E-02
  1072.6000       4.54770076E-02
  1072.7000       4.55201218E-02
  1072.8000       4.55631400E-02
  1072.9000       4.56064355E-02
  1073.0000       4.56500889E-02
  1073.1000       4.56939242E-02
  1073.2000       4.57382997E-02
  1073.3000       4.57830187E-02
  1073.4000       4.58284751E-02
  1073.5000       4.58745127E-02
  1073.6000       4.59204276E-02
  1073.7000       4.59663228E-02
  1073.8000       4.60112815E-02
  1073.9000       4.60557493E-02
  1074.0000       4.60991908E-02
  1074.1000       4.61419013E-02
  1074.2000       4.61839849E-02
  1074.3000       4.62253334E-02
  1074.4000       4.62660150E-02
  1074.5000       4.63059169E-02
  1074.6000       4.63449428E-02
  1074.7000       4.63833095E-02
  1074.8000       4.64214158E-02
  1074.9000       4.64593898E-02
  1075.0000       4.64977624E-02
  1075.1000       4.65362636E-02
  1075.2000       4.65748818E-02
  1075.3000       4.66131959E-02
  1075.4000       4.66512769E-02
  1075.5000       4.66886559E-02
  1075.6000       4.67255435E-02
  1075.7000       4.67624883E-02
  1075.8000       4.67992291E-02
  1075.9000       4.68354209E-02
  1076.0000       4.68717708E-02
  1076.1000       4.69071093E-02
  1076.2000       4.69413880E-02
  1076.3000       4.69742114E-02
  1076.4000       4.70053079E-02
  1076.5000       4.70344471E-02
  1076.6000       4.70617797E-02
  1076.7000       4.70873267E-02
  1076.8000       4.71112263E-02
  1076.9000       4.71344075E-02
  1077.0000       4.71570693E-02
  1077.1000       4.71795764E-02
  1077.2000       4.72024692E-02
  1077.3000       4.72260126E-02
  1077.4000       4.72508455E-02
  1077.5000       4.72766903E-02
  1077.6000       4.73040761E-02
  1077.7000       4.73320136E-02
  1077.8000       4.73606640E-02
  1077.9000       4.73893565E-02
  1078.0000       4.74182095E-02
  1078.1000       4.74466631E-02
  1078.2000       4.74747450E-02
  1078.3000       4.75022593E-02
  1078.4000       4.75290973E-02
  1078.5000       4.75553448E-02
  1078.6000       4.75810168E-02
  1078.7000       4.76066104E-02
  1078.8000       4.76321717E-02
  1078.9000       4.76581565E-02
  1079.0000       4.76847075E-02
  1079.1000       4.77119105E-02
  1079.2000       4.77398289E-02
  1079.3000       4.77684126E-02
  1079.4000       4.77973759E-02
  1079.5000       4.78263428E-02
  1079.6000       4.78550147E-02
  1079.7000       4.78834339E-02
  1079.8000       4.79118204E-02
  1079.9000       4.79397643E-02
  1080.0000       4.79670969E-02
  1080.1000       4.79941662E-02
  1080.2000       4.80209396E-02
  1080.3000       4.80476668E-02
  1080.4000       4.80748336E-02
  1080.5000       4.81028055E-02
  1080.6000       4.81318205E-02
  1080.7000       4.81618606E-02
  1080.8000       4.81935898E-02
  1080.9000       4.82264431E-02
  1081.0000       4.82607748E-02
  1081.1000       4.82962644E-02
  1081.2000       4.83326017E-02
  1081.3000       4.83692497E-02
  1081.4000       4.84061499E-02
  1081.5000       4.84427145E-02
  1081.6000       4.84785940E-02
  1081.7000       4.85143217E-02
  1081.8000       4.85494288E-02
  1081.9000       4.85844472E-02
  1082.0000       4.86191354E-02
  1082.1000       4.86543587E-02
  1082.2000       4.86901329E-02
  1082.3000       4.87268184E-02
  1082.4000       4.87644837E-02
  1082.5000       4.88027352E-02
  1082.6000       4.88414465E-02
  1082.7000       4.88799513E-02
  1082.8000       4.89178158E-02
  1082.9000       4.89547713E-02
  1083.0000       4.89903512E-02
  1083.1000       4.90250339E-02
  1083.2000       4.90579402E-02
  1083.3000       4.90890991E-02
  1083.4000       4.91180761E-02
  1083.5000       4.91450025E-02
  1083.6000       4.91704844E-02
  1083.7000       4.91946563E-02
  1083.8000       4.92180444E-02
  1083.9000       4.92407749E-02
  1084.0000       4.92631347E-02
  1084.1000       4.92849268E-02
  1084.2000       4.93063480E-02
  1084.3000       4.93269752E-02
  1084.4000       4.93468072E-02
  1084.5000       4.93658615E-02
  1084.6000       4.93842268E-02
  1084.7000       4.94024193E-02
  1084.8000       4.94204665E-02
  1084.9000       4.94391306E-02
  1085.0000       4.94587295E-02
  1085.1000       4.94790000E-02
  1085.2000       4.94998464E-02
  1085.3000       4.95210596E-02
  1085.4000       4.95421687E-02
  1085.5000       4.95629535E-02
  1085.6000       4.95835157E-02
  1085.7000       4.96036840E-02
  1085.8000       4.96237146E-02
  1085.9000       4.96429540E-02
  1086.0000       4.96615941E-02
  1086.1000       4.96793823E-02
  1086.2000       4.96964820E-02
  1086.3000       4.97125873E-02
  1086.4000       4.97286109E-02
  1086.5000       4.97439232E-02
  1086.6000       4.97589774E-02
  1086.7000       4.97732251E-02
  1086.8000       4.97866546E-02
  1086.9000       4.97991598E-02
  1087.0000       4.98105341E-02
  1087.1000       4.98214700E-02
  1087.2000       4.98322903E-02
  1087.3000       4.98428070E-02
  1087.4000       4.98531603E-02
  1087.5000       4.98630087E-02
  1087.6000       4.98720707E-02
  1087.7000       4.98803020E-02
  1087.8000       4.98873522E-02
  1087.9000       4.98935681E-02
  1088.0000       4.98990021E-02
  1088.1000       4.99032490E-02
  1088.2000       4.99065811E-02
  1088.3000       4.99089582E-02
  1088.4000       4.99109352E-02
  1088.5000       4.99129460E-02
  1088.6000       4.99151206E-02
  1088.7000       4.99177791E-02
  1088.8000       4.99216191E-02
  1088.9000       4.99259261E-02
  1089.0000       4.99312139E-02
  1089.1000       4.99377131E-02
  1089.2000       4.99453292E-02
  1089.3000       4.99539051E-02
  1089.4000       4.99638744E-02
  1089.5000       4.99749703E-02
  1089.6000       4.99871452E-02
  1089.7000       5.00001498E-02
  1089.8000       5.00141087E-02
  1089.9000       5.00291742E-02
  1090.0000       5.00449316E-02
  1090.1000       5.00620266E-02
  1090.2000       5.00798234E-02
  1090.3000       5.00989571E-02
  1090.4000       5.01185803E-02
  1090.5000       5.01391893E-02
  1090.6000       5.01604824E-02
  1090.7000       5.01819244E-02
  1090.8000       5.02032766E-02
  1090.9000       5.02242652E-02
  1091.0000       5.02446581E-02
  1091.1000       5.02646854E-02
  1091.2000       5.02837860E-02
  1091.3000       5.03028471E-02
  1091.4000       5.03216413E-02
  1091.5000       5.03403034E-02
  1091.6000       5.03588120E-02
  1091.7000       5.03767882E-02
  1091.8000       5.03941928E-02
  1091.9000       5.04110413E-02
  1092.0000       5.04270798E-02
  1092.1000       5.04423032E-02
  1092.2000       5.04565920E-02
  1092.3000       5.04698826E-02
  1092.4000       5.04821454E-02
  1092.5000       5.04934345E-02
  1092.6000       5.05037710E-02
  1092.7000       5.05137743E-02
  1092.8000       5.05232559E-02
  1092.9000       5.05327224E-02
  1093.0000       5.05424776E-02
  1093.1000       5.05524796E-02
  1093.2000       5.05631189E-02
  1093.3000       5.05743062E-02
  1093.4000       5.05863210E-02
  1093.5000       5.05990874E-02
  1093.6000       5.06125736E-02
  1093.7000       5.06266520E-02
  1093.8000       5.06413513E-02
  1093.9000       5.06564111E-02
  1094.0000       5.06718299E-02
  1094.1000       5.06875089E-02
  1094.2000       5.07034761E-02
  1094.3000       5.07192612E-02
  1094.4000       5.07348648E-02
  1094.5000       5.07500932E-02
  1094.6000       5.07650616E-02
  1094.7000       5.07800826E-02
  1094.8000       5.07952410E-02
  1094.9000       5.08105172E-02
  1095.0000       5.08252512E-02
  1095.1000       5.08394870E-02
  1095.2000       5.08529563E-02
  1095.3000       5.08653800E-02
  1095.4000       5.08764984E-02
  1095.5000       5.08862005E-02
  1095.6000       5.08951427E-02
  1095.7000       5.09028842E-02
  1095.8000       5.09101060E-02
  1095.9000       5.09172451E-02
  1096.0000       5.09242192E-02
  1096.1000       5.09310763E-02
  1096.2000       5.09377594E-02
  1096.3000       5.09450365E-02
  1096.4000       5.09524648E-02
  1096.5000       5.09601383E-02
  1096.6000       5.09676232E-02
  1096.7000       5.09749280E-02
  1096.8000       5.09820197E-02
  1096.9000       5.09889389E-02
  1097.0000       5.09955901E-02
  1097.1000       5.10021760E-02
  1097.2000       5.10086574E-02
  1097.3000       5.10150838E-02
  1097.4000       5.10214956E-02
  1097.5000       5.10277578E-02
  1097.6000       5.10333996E-02
  1097.7000       5.10392824E-02
  1097.8000       5.10447808E-02
  1097.9000       5.10504498E-02
  1098.0000       5.10561182E-02
  1098.1000       5.10619175E-02
  1098.2000       5.10679222E-02
  1098.3000       5.10740248E-02
  1098.4000       5.10801809E-02
  1098.5000       5.10864371E-02
  1098.6000       5.10925938E-02
  1098.7000       5.10985453E-02
  1098.8000       5.11043919E-02
  1098.9000       5.11102135E-02
  1099.0000       5.11161368E-02
  1099.1000       5.11219685E-02
  1099.2000       5.11280326E-02
  1099.3000       5.11342902E-02
  1099.4000       5.11406092E-02
  1099.5000       5.11471597E-02
  1099.6000       5.11539631E-02
  1099.7000       5.11613969E-02
  1099.8000       5.11694766E-02
  1099.9000       5.11784366E-02
  1100.0000       5.11879519E-02
  1100.1000       5.11979220E-02
  1100.2000       5.12083206E-02
  1100.3000       5.12190121E-02
  1100.4000       5.12298062E-02
  1100.5000       5.12402092E-02
  1100.6000       5.12500660E-02
  1100.7000       5.12591021E-02
  1100.8000       5.12674431E-02
  1100.9000       5.12746483E-02
  1101.0000       5.12807489E-02
  1101.1000       5.12857752E-02
  1101.2000       5.12896405E-02
  1101.3000       5.12926735E-02
  1101.4000       5.12946759E-02
  1101.5000       5.12956260E-02
  1101.6000       5.12953968E-02
  1101.7000       5.12943079E-02
  1101.8000       5.12919550E-02
  1101.9000       5.12883705E-02
  1102.0000       5.12834555E-02
  1102.1000       5.12774661E-02
  1102.2000       5.12704910E-02
  1102.3000       5.12626343E-02
  1102.4000       5.12541541E-02
  1102.5000       5.12454870E-02
  1102.6000       5.12364015E-02
  1102.7000       5.12275479E-02
  1102.8000       5.12186918E-02
  1102.9000       5.12102134E-02
  1103.0000       5.12021150E-02
  1103.1000       5.11946497E-02
  1103.2000       5.11880471E-02
  1103.3000       5.11823276E-02
  1103.4000       5.11777456E-02
  1103.5000       5.11740897E-02
  1103.6000       5.11712290E-02
  1103.7000       5.11694769E-02
  1103.8000       5.11686059E-02
  1103.9000       5.11682856E-02
  1104.0000       5.11687823E-02
  1104.1000       5.11696384E-02
  1104.2000       5.11707013E-02
  1104.3000       5.11719625E-02
  1104.4000       5.11732704E-02
  1104.5000       5.11745373E-02
  1104.6000       5.11758180E-02
  1104.7000       5.11771956E-02
  1104.8000       5.11788867E-02
  1104.9000       5.11805894E-02
  1105.0000       5.11825583E-02
  1105.1000       5.11845562E-02
  1105.2000       5.11866641E-02
  1105.3000       5.11890976E-02
  1105.4000       5.11915732E-02
  1105.5000       5.11942496E-02
  1105.6000       5.11970617E-02
  1105.7000       5.11999749E-02
  1105.8000       5.12033264E-02
  1105.9000       5.12072006E-02
  1106.0000       5.12118412E-02
  1106.1000       5.12176339E-02
  1106.2000       5.12245494E-02
  1106.3000       5.12322619E-02
  1106.4000       5.12406747E-02
  1106.5000       5.12492315E-02
  1106.6000       5.12576472E-02
  1106.7000       5.12660642E-02
  1106.8000       5.12741055E-02
  1106.9000       5.12816750E-02
  1107.0000       5.12890306E-02
  1107.1000       5.12956197E-02
  1107.2000       5.13014790E-02
  1107.3000       5.13067908E-02
  1107.4000       5.13113287E-02
  1107.5000       5.13154623E-02
  1107.6000       5.13190812E-02
  1107.7000       5.13226545E-02
  1107.8000       5.13259703E-02
  1107.9000       5.13290799E-02
  1108.0000       5.13321658E-02
  1108.1000       5.13349435E-02
  1108.2000       5.13380042E-02
  1108.3000       5.13411668E-02
  1108.4000       5.13443197E-02
  1108.5000       5.13475091E-02
  1108.6000       5.13505562E-02
  1108.7000       5.13533214E-02
  1108.8000       5.13556810E-02
  1108.9000       5.13575413E-02
  1109.0000       5.13587741E-02
  1109.1000       5.13593670E-02
  1109.2000       5.13593476E-02
  1109.3000       5.13589703E-02
  1109.4000       5.13580004E-02
  1109.5000       5.13564192E-02
  1109.6000       5.13549163E-02
  1109.7000       5.13531062E-02
  1109.8000       5.13516177E-02
  1109.9000       5.13501952E-02
  1110.0000       5.13490918E-02
  1110.1000       5.13481317E-02
  1110.2000       5.13471243E-02
  1110.3000       5.13463266E-02
  1110.4000       5.13453681E-02
  1110.5000       5.13446582E-02
  1110.6000       5.13435233E-02
  1110.7000       5.13424499E-02
  1110.8000       5.13413910E-02
  1110.9000       5.13406115E-02
  1111.0000       5.13400116E-02
  1111.1000       5.13395385E-02
  1111.2000       5.13392087E-02
  1111.3000       5.13386945E-02
  1111.4000       5.13381294E-02
  1111.5000       5.13371901E-02
  1111.6000       5.13359620E-02
  1111.7000       5.13339684E-02
  1111.8000       5.13314785E-02
  1111.9000       5.13289177E-02
  1112.0000       5.13257508E-02
  1112.1000       5.13222607E-02
  1112.2000       5.13183148E-02
  1112.3000       5.13144628E-02
  1112.4000       5.13105883E-02
  1112.5000       5.13066364E-02
  1112.6000       5.13032712E-02
  1112.7000       5.13000245E-02
  1112.8000       5.12970997E-02
  1112.9000       5.12943709E-02
  1113.0000       5.12921144E-02
  1113.1000       5.12898696E-02
  1113.2000       5.12881006E-02
  1113.3000       5.12865126E-02
  1113.4000       5.12851444E-02
  1113.5000       5.12841920E-02
  1113.6000       5.12837316E-02
  1113.7000       5.12836162E-02
  1113.8000       5.12839951E-02
  1113.9000       5.12847549E-02
  1114.0000       5.12857645E-02
  1114.1000       5.12873497E-02
  1114.2000       5.12888669E-02
  1114.3000       5.12905131E-02
  1114.4000       5.12919287E-02
  1114.5000       5.12929731E-02
  1114.6000       5.12936715E-02
  1114.7000       5.12936584E-02
  1114.8000       5.12929267E-02
  1114.9000       5.12910270E-02
  1115.0000       5.12882768E-02
  1115.1000       5.12843935E-02
  1115.2000       5.12793357E-02
  1115.3000       5.12733359E-02
  1115.4000       5.12664030E-02
  1115.5000       5.12589384E-02
  1115.6000       5.12507932E-02
  1115.7000       5.12423350E-02
  1115.8000       5.12338063E-02
  1115.9000       5.12250456E-02
  1116.0000       5.12161656E-02
  1116.1000       5.12073133E-02
  1116.2000       5.11984440E-02
  1116.3000       5.11895131E-02
  1116.4000       5.11804878E-02
  1116.5000       5.11711240E-02
  1116.6000       5.11613827E-02
  1116.7000       5.11515607E-02
  1116.8000       5.11413976E-02
  1116.9000       5.11313197E-02
  1117.0000       5.11213588E-02
  1117.1000       5.11116876E-02
  1117.2000       5.11023344E-02
  1117.3000       5.10933596E-02
  1117.4000       5.10845772E-02
  1117.5000       5.10762759E-02
  1117.6000       5.10681412E-02
  1117.7000       5.10599972E-02
  1117.8000       5.10517367E-02
  1117.9000       5.10430942E-02
  1118.0000       5.10337465E-02
  1118.1000       5.10232351E-02
  1118.2000       5.10120261E-02
  1118.3000       5.09995502E-02
  1118.4000       5.09863280E-02
  1118.5000       5.09723206E-02
  1118.6000       5.09576238E-02
  1118.7000       5.09427063E-02
  1118.8000       5.09276728E-02
  1118.9000       5.09126652E-02
  1119.0000       5.08979818E-02
  1119.1000       5.08837146E-02
  1119.2000       5.08700573E-02
  1119.3000       5.08570931E-02
  1119.4000       5.08450471E-02
  1119.5000       5.08336493E-02
  1119.6000       5.08233326E-02
  1119.7000       5.08136432E-02
  1119.8000       5.08044427E-02
  1119.9000       5.07956560E-02
  1120.0000       5.07873253E-02
  1120.1000       5.07788786E-02
  1120.2000       5.07706267E-02
  1120.3000       5.07620794E-02
  1120.4000       5.07532781E-02
  1120.5000       5.07438044E-02
  1120.6000       5.07340023E-02
  1120.7000       5.07237811E-02
  1120.8000       5.07129890E-02
  1120.9000       5.07017780E-02
  1121.0000       5.06903045E-02
  1121.1000       5.06785396E-02
  1121.2000       5.06667899E-02
  1121.3000       5.06548374E-02
  1121.4000       5.06427402E-02
  1121.5000       5.06303525E-02
  1121.6000       5.06178955E-02
  1121.7000       5.06052847E-02
  1121.8000       5.05924105E-02
  1121.9000       5.05793844E-02
  1122.0000       5.05665772E-02
  1122.1000       5.05536967E-02
  1122.2000       5.05407800E-02
  1122.3000       5.05281234E-02
  1122.4000       5.05155729E-02
  1122.5000       5.05030047E-02
  1122.6000       5.04907645E-02
  1122.7000       5.04783266E-02
  1122.8000       5.04659472E-02
  1122.9000       5.04533595E-02
  1123.0000       5.04409634E-02
  1123.1000       5.04284512E-02
  1123.2000       5.04157830E-02
  1123.3000       5.04031210E-02
  1123.4000       5.03907191E-02
  1123.5000       5.03784040E-02
  1123.6000       5.03662015E-02
  1123.7000       5.03542093E-02
  1123.8000       5.03423267E-02
  1123.9000       5.03307960E-02
  1124.0000       5.03194866E-02
  1124.1000       5.03084159E-02
  1124.2000       5.02975437E-02
  1124.3000       5.02871176E-02
  1124.4000       5.02767663E-02
  1124.5000       5.02668350E-02
  1124.6000       5.02574472E-02
  1124.7000       5.02484647E-02
  1124.8000       5.02400142E-02
  1124.9000       5.02316529E-02
  1125.0000       5.02236962E-02
  1125.1000       5.02160031E-02
  1125.2000       5.02080818E-02
  1125.3000       5.02000724E-02
  1125.4000       5.01915304E-02
  1125.5000       5.01826243E-02
  1125.6000       5.01730230E-02
  1125.7000       5.01629005E-02
  1125.8000       5.01521640E-02
  1125.9000       5.01411164E-02
  1126.0000       5.01295629E-02
  1126.1000       5.01177337E-02
  1126.2000       5.01055340E-02
  1126.3000       5.00932591E-02
  1126.4000       5.00807986E-02
  1126.5000       5.00683201E-02
  1126.6000       5.00559417E-02
  1126.7000       5.00440595E-02
  1126.8000       5.00325058E-02
  1126.9000       5.00214388E-02
  1127.0000       5.00107165E-02
  1127.1000       5.00002175E-02
  1127.2000       4.99898918E-02
  1127.3000       4.99792626E-02
  1127.4000       4.99683673E-02
  1127.5000       4.99573268E-02
  1127.6000       4.99455302E-02
  1127.7000       4.99331583E-02
  1127.8000       4.99202369E-02
  1127.9000       4.99071268E-02
  1128.0000       4.98937335E-02
  1128.1000       4.98804338E-02
  1128.2000       4.98672104E-02
  1128.3000       4.98542642E-02
  1128.4000       4.98418420E-02
  1128.5000       4.98301847E-02
  1128.6000       4.98192823E-02
  1128.7000       4.98089640E-02
  1128.8000       4.97991819E-02
  1128.9000       4.97901149E-02
  1129.0000       4.97811461E-02
  1129.1000       4.97721291E-02
  1129.2000       4.97628406E-02
  1129.3000       4.97530376E-02
  1129.4000       4.97424585E-02
  1129.5000       4.97312737E-02
  1129.6000       4.97191685E-02
  1129.7000       4.97063261E-02
  1129.8000       4.96931635E-02
  1129.9000       4.96794987E-02
  1130.0000       4.96656138E-02
  1130.1000       4.96516980E-02
  1130.2000       4.96377429E-02
  1130.3000       4.96237481E-02
  1130.4000       4.96096206E-02
  1130.5000       4.95954557E-02
  1130.6000       4.95809350E-02
  1130.7000       4.95661633E-02
  1130.8000       4.95510422E-02
  1130.9000       4.95354110E-02
  1131.0000       4.95191194E-02
  1131.1000       4.95024131E-02
  1131.2000       4.94850386E-02
  1131.3000       4.94672417E-02
  1131.4000       4.94492332E-02
  1131.5000       4.94309071E-02
  1131.6000       4.94125152E-02
  1131.7000       4.93940827E-02
  1131.8000       4.93757376E-02
  1131.9000       4.93574922E-02
  1132.0000       4.93394065E-02
  1132.1000       4.93214350E-02
  1132.2000       4.93036479E-02
  1132.3000       4.92859696E-02
  1132.4000       4.92682803E-02
  1132.5000       4.92510003E-02
  1132.6000       4.92338483E-02
  1132.7000       4.92170489E-02
  1132.8000       4.92005663E-02
  1132.9000       4.91845118E-02
  1133.0000       4.91689664E-02
  1133.1000       4.91541699E-02
  1133.2000       4.91399330E-02
  1133.3000       4.91263002E-02
  1133.4000       4.91132680E-02
  1133.5000       4.91004878E-02
  1133.6000       4.90881204E-02
  1133.7000       4.90758817E-02
  1133.8000       4.90635002E-02
  1133.9000       4.90511310E-02
  1134.0000       4.90384291E-02
  1134.1000       4.90255179E-02
  1134.2000       4.90122983E-02
  1134.3000       4.89986933E-02
  1134.4000       4.89849058E-02
  1134.5000       4.89709927E-02
  1134.6000       4.89569775E-02
  1134.7000       4.89432529E-02
  1134.8000       4.89294333E-02
  1134.9000       4.89159597E-02
  1135.0000       4.89028949E-02
  1135.1000       4.88900746E-02
  1135.2000       4.88775534E-02
  1135.3000       4.88651731E-02
  1135.4000       4.88530122E-02
  1135.5000       4.88406123E-02
  1135.6000       4.88278459E-02
  1135.7000       4.88145397E-02
  1135.8000       4.88006652E-02
  1135.9000       4.87862897E-02
  1136.0000       4.87712667E-02
  1136.1000       4.87555973E-02
  1136.2000       4.87394974E-02
  1136.3000       4.87231596E-02
  1136.4000       4.87065351E-02
  1136.5000       4.86900985E-02
  1136.6000       4.86736095E-02
  1136.7000       4.86573115E-02
  1136.8000       4.86411935E-02
  1136.9000       4.86254316E-02
  1137.0000       4.86095715E-02
  1137.1000       4.85938501E-02
  1137.2000       4.85781273E-02
  1137.3000       4.85620600E-02
  1137.4000       4.85456790E-02
  1137.5000       4.85289317E-02
  1137.6000       4.85112981E-02
  1137.7000       4.84933956E-02
  1137.8000       4.84748616E-02
  1137.9000       4.84559598E-02
  1138.0000       4.84369635E-02
  1138.1000       4.84177965E-02
  1138.2000       4.83986592E-02
  1138.3000       4.83800246E-02
  1138.4000       4.83613895E-02
  1138.5000       4.83431949E-02
  1138.6000       4.83253117E-02
  1138.7000       4.83076910E-02
  1138.8000       4.82903415E-02
  1138.9000       4.82728408E-02
  1139.0000       4.82554563E-02
  1139.1000       4.82378252E-02
  1139.2000       4.82200645E-02
  1139.3000       4.82021042E-02
  1139.4000       4.81838837E-02
  1139.5000       4.81654926E-02
  1139.6000       4.81468905E-02
  1139.7000       4.81280842E-02
  1139.8000       4.81092853E-02
  1139.9000       4.80900242E-02
  1140.0000       4.80706693E-02
  1140.1000       4.80509473E-02
  1140.2000       4.80308042E-02
  1140.3000       4.80101728E-02
  1140.4000       4.79889213E-02
  1140.5000       4.79669986E-02
  1140.6000       4.79444432E-02
  1140.7000       4.79212562E-02
  1140.8000       4.78973346E-02
  1140.9000       4.78726286E-02
  1141.0000       4.78473301E-02
  1141.1000       4.78216718E-02
  1141.2000       4.77954274E-02
  1141.3000       4.77689204E-02
  1141.4000       4.77425430E-02
  1141.5000       4.77160280E-02
  1141.6000       4.76898116E-02
  1141.7000       4.76640201E-02
  1141.8000       4.76386728E-02
  1141.9000       4.76135891E-02
  1142.0000       4.75893696E-02
  1142.1000       4.75656295E-02
  1142.2000       4.75425702E-02
  1142.3000       4.75202519E-02
  1142.4000       4.74983929E-02
  1142.5000       4.74770992E-02
  1142.6000       4.74559957E-02
  1142.7000       4.74355481E-02
  1142.8000       4.74148229E-02
  1142.9000       4.73942449E-02
  1143.0000       4.73734693E-02
  1143.1000       4.73523708E-02
  1143.2000       4.73309689E-02
  1143.3000       4.73091141E-02
  1143.4000       4.72870444E-02
  1143.5000       4.72645438E-02
  1143.6000       4.72419243E-02
  1143.7000       4.72192685E-02
  1143.8000       4.71966629E-02
  1143.9000       4.71742256E-02
  1144.0000       4.71524004E-02
  1144.1000       4.71309096E-02
  1144.2000       4.71097117E-02
  1144.3000       4.70887821E-02
  1144.4000       4.70680261E-02
  1144.5000       4.70471280E-02
  1144.6000       4.70260756E-02
  1144.7000       4.70044480E-02
  1144.8000       4.69823984E-02
  1144.9000       4.69596553E-02
  1145.0000       4.69362293E-02
  1145.1000       4.69119018E-02
  1145.2000       4.68869776E-02
  1145.3000       4.68613832E-02
  1145.4000       4.68352520E-02
  1145.5000       4.68086470E-02
  1145.6000       4.67820211E-02
  1145.7000       4.67552362E-02
  1145.8000       4.67287803E-02
  1145.9000       4.67028251E-02
  1146.0000       4.66774200E-02
  1146.1000       4.66528492E-02
  1146.2000       4.66290400E-02
  1146.3000       4.66062153E-02
  1146.4000       4.65841471E-02
  1146.5000       4.65627045E-02
  1146.6000       4.65416715E-02
  1146.7000       4.65210667E-02
  1146.8000       4.65003025E-02
  1146.9000       4.64792890E-02
  1147.0000       4.64579166E-02
  1147.1000       4.64359004E-02
  1147.2000       4.64129560E-02
  1147.3000       4.63895385E-02
  1147.4000       4.63656043E-02
  1147.5000       4.63410827E-02
  1147.6000       4.63162833E-02
  1147.7000       4.62913181E-02
  1147.8000       4.62664550E-02
  1147.9000       4.62417219E-02
  1148.0000       4.62174141E-02
  1148.1000       4.61932010E-02
  1148.2000       4.61692756E-02
  1148.3000       4.61457462E-02
  1148.4000       4.61222013E-02
  1148.5000       4.60986269E-02
  1148.6000       4.60748611E-02
  1148.7000       4.60508902E-02
  1148.8000       4.60262761E-02
  1148.9000       4.60014759E-02
  1149.0000       4.59760510E-02
  1149.1000       4.59502902E-02
  1149.2000       4.59242146E-02
  1149.3000       4.58978890E-02
  1149.4000       4.58714389E-02
  1149.5000       4.58449949E-02
  1149.6000       4.58190415E-02
  1149.7000       4.57933302E-02
  1149.8000       4.57682160E-02
  1149.9000       4.57437160E-02
  1150.0000       4.57199561E-02
  1150.1000       4.56968734E-02
  1150.2000       4.56746205E-02
  1150.3000       4.56527854E-02
  1150.4000       4.56313858E-02
  1150.5000       4.56101480E-02
  1150.6000       4.55889348E-02
  1150.7000       4.55678241E-02
  1150.8000       4.55461166E-02
  1150.9000       4.55243108E-02
  1151.0000       4.55017595E-02
  1151.1000       4.54787478E-02
  1151.2000       4.54550916E-02
  1151.3000       4.54309248E-02
  1151.4000       4.54062367E-02
  1151.5000       4.53810319E-02
  1151.6000       4.53555137E-02
  1151.7000       4.53296242E-02
  1151.8000       4.53036423E-02
  1151.9000       4.52774975E-02
  1152.0000       4.52514897E-02
  1152.1000       4.52255177E-02
  1152.2000       4.51995984E-02
  1152.3000       4.51739353E-02
  1152.4000       4.51481961E-02
  1152.5000       4.51227552E-02
  1152.6000       4.50968816E-02
  1152.7000       4.50708988E-02
  1152.8000       4.50443787E-02
  1152.9000       4.50173396E-02
  1153.0000       4.49893211E-02
  1153.1000       4.49605366E-02
  1153.2000       4.49305651E-02
  1153.3000       4.48996489E-02
  1153.4000       4.48680063E-02
  1153.5000       4.48355212E-02
  1153.6000       4.48028783E-02
  1153.7000       4.47700383E-02
  1153.8000       4.47375520E-02
  1153.9000       4.47054210E-02
  1154.0000       4.46740064E-02
  1154.1000       4.46434369E-02
  1154.2000       4.46135575E-02
  1154.3000       4.45844624E-02
  1154.4000       4.45558355E-02
  1154.5000       4.45275548E-02
  1154.6000       4.44993897E-02
  1154.7000       4.44707800E-02
  1154.8000       4.44421749E-02
  1154.9000       4.44127572E-02
  1155.0000       4.43829043E-02
  1155.1000       4.43522104E-02
  1155.2000       4.43212126E-02
  1155.3000       4.42897417E-02
  1155.4000       4.42582578E-02
  1155.5000       4.42267320E-02
  1155.6000       4.41956416E-02
  1155.7000       4.41650543E-02
  1155.8000       4.41349721E-02
  1155.9000       4.41057007E-02
  1156.0000       4.40769382E-02
  1156.1000       4.40490665E-02
  1156.2000       4.40215820E-02
  1156.3000       4.39945447E-02
  1156.4000       4.39674407E-02
  1156.5000       4.39404917E-02
  1156.6000       4.39132152E-02
  1156.7000       4.38854104E-02
  1156.8000       4.38571774E-02
  1156.9000       4.38281133E-02
  1157.0000       4.37984170E-02
  1157.1000       4.37681609E-02
  1157.2000       4.37372414E-02
  1157.3000       4.37061608E-02
  1157.4000       4.36747151E-02
  1157.5000       4.36434595E-02
  1157.6000       4.36123771E-02
  1157.7000       4.35815829E-02
  1157.8000       4.35512744E-02
  1157.9000       4.35214321E-02
  1158.0000       4.34921587E-02
  1158.1000       4.34632613E-02
  1158.2000       4.34348861E-02
  1158.3000       4.34065431E-02
  1158.4000       4.33783525E-02
  1158.5000       4.33499010E-02
  1158.6000       4.33212359E-02
  1158.7000       4.32922867E-02
  1158.8000       4.32628140E-02
  1158.9000       4.32328307E-02
  1159.0000       4.32022455E-02
  1159.1000       4.31711878E-02
  1159.2000       4.31398867E-02
  1159.3000       4.31083173E-02
  1159.4000       4.30767899E-02
  1159.5000       4.30451968E-02
  1159.6000       4.30139746E-02
  1159.7000       4.29832901E-02
  1159.8000       4.29529818E-02
  1159.9000       4.29235482E-02
  1160.0000       4.28946377E-02
  1160.1000       4.28662654E-02
  1160.2000       4.28384983E-02
  1160.3000       4.28110478E-02
  1160.4000       4.27837618E-02
  1160.5000       4.27565102E-02
  1160.6000       4.27289410E-02
  1160.7000       4.27010298E-02
  1160.8000       4.26724228E-02
  1160.9000       4.26430679E-02
  1161.0000       4.26128628E-02
  1161.1000       4.25821170E-02
  1161.2000       4.25504044E-02
  1161.3000       4.25183887E-02
  1161.4000       4.24859223E-02
  1161.5000       4.24532896E-02
  1161.6000       4.24207620E-02
  1161.7000       4.23884562E-02
  1161.8000       4.23567371E-02
  1161.9000       4.23251873E-02
  1162.0000       4.22944836E-02
  1162.1000       4.22641022E-02
  1162.2000       4.22339611E-02
  1162.3000       4.22041418E-02
  1162.4000       4.21743439E-02
  1162.5000       4.21441924E-02
  1162.6000       4.21138788E-02
  1162.7000       4.20828837E-02
  1162.8000       4.20512476E-02
  1162.9000       4.20188619E-02
  1163.0000       4.19858289E-02
  1163.1000       4.19520585E-02
  1163.2000       4.19178266E-02
  1163.3000       4.18833556E-02
  1163.4000       4.18485797E-02
  1163.5000       4.18140540E-02
  1163.6000       4.17798713E-02
  1163.7000       4.17462405E-02
  1163.8000       4.17131742E-02
  1163.9000       4.16810241E-02
  1164.0000       4.16496891E-02
  1164.1000       4.16189818E-02
  1164.2000       4.15890125E-02
  1164.3000       4.15596022E-02
  1164.4000       4.15303082E-02
  1164.5000       4.15011733E-02
  1164.6000       4.14719695E-02
  1164.7000       4.14424543E-02
  1164.8000       4.14124129E-02
  1164.9000       4.13818597E-02
  1165.0000       4.13505974E-02
  1165.1000       4.13187210E-02
  1165.2000       4.12862035E-02
  1165.3000       4.12531162E-02
  1165.4000       4.12197553E-02
  1165.5000       4.11860363E-02
  1165.6000       4.11522417E-02
  1165.7000       4.11186442E-02
  1165.8000       4.10850946E-02
  1165.9000       4.10517777E-02
  1166.0000       4.10186208E-02
  1166.1000       4.09857634E-02
  1166.2000       4.09530346E-02
  1166.3000       4.09203194E-02
  1166.4000       4.08875553E-02
  1166.5000       4.08547112E-02
  1166.6000       4.08217081E-02
  1166.7000       4.07882845E-02
  1166.8000       4.07544895E-02
  1166.9000       4.07204103E-02
  1167.0000       4.06860369E-02
  1167.1000       4.06513991E-02
  1167.2000       4.06165802E-02
  1167.3000       4.05817035E-02
  1167.4000       4.05467581E-02
  1167.5000       4.05120896E-02
  1167.6000       4.04775955E-02
  1167.7000       4.04432439E-02
  1167.8000       4.04091293E-02
  1167.9000       4.03754312E-02
  1168.0000       4.03417106E-02
  1168.1000       4.03082508E-02
  1168.2000       4.02749386E-02
  1168.3000       4.02416573E-02
  1168.4000       4.02083255E-02
  1168.5000       4.01751121E-02
  1168.6000       4.01417042E-02
  1168.7000       4.01083004E-02
  1168.8000       4.00748115E-02
  1168.9000       4.00412113E-02
  1169.0000       4.00077195E-02
  1169.1000       3.99742614E-02
  1169.2000       3.99408841E-02
  1169.3000       3.99078523E-02
  1169.4000       3.98748103E-02
  1169.5000       3.98420168E-02
  1169.6000       3.98091861E-02
  1169.7000       3.97767623E-02
  1169.8000       3.97440045E-02
  1169.9000       3.97113129E-02
  1170.0000       3.96785084E-02
  1170.1000       3.96456042E-02
  1170.2000       3.96123524E-02
  1170.3000       3.95790097E-02
  1170.4000       3.95453245E-02
  1170.5000       3.95114096E-02
  1170.6000       3.94774089E-02
  1170.7000       3.94432718E-02
  1170.8000       3.94092062E-02
  1170.9000       3.93752106E-02
  1171.0000       3.93410148E-02
  1171.1000       3.93070989E-02
  1171.2000       3.92730855E-02
  1171.3000       3.92393196E-02
  1171.4000       3.92054437E-02
  1171.5000       3.91714793E-02
  1171.6000       3.91376113E-02
  1171.7000       3.91035591E-02
  1171.8000       3.90693037E-02
  1171.9000       3.90348520E-02
  1172.0000       3.90002944E-02
  1172.1000       3.89655961E-02
  1172.2000       3.89307119E-02
  1172.3000       3.88959288E-02
  1172.4000       3.88611447E-02
  1172.5000       3.88264964E-02
  1172.6000       3.87919436E-02
  1172.7000       3.87575605E-02
  1172.8000       3.87234377E-02
  1172.9000       3.86896851E-02
  1173.0000       3.86560781E-02
  1173.1000       3.86225054E-02
  1173.2000       3.85892264E-02
  1173.3000       3.85558065E-02
  1173.4000       3.85222140E-02
  1173.5000       3.84883798E-02
  1173.6000       3.84542649E-02
  1173.7000       3.84197978E-02
  1173.8000       3.83848523E-02
  1173.9000       3.83493420E-02
  1174.0000       3.83134940E-02
  1174.1000       3.82773929E-02
  1174.2000       3.82408082E-02
  1174.3000       3.82041324E-02
  1174.4000       3.81674039E-02
  1174.5000       3.81307048E-02
  1174.6000       3.80938210E-02
  1174.7000       3.80573248E-02
  1174.8000       3.80209473E-02
  1174.9000       3.79847997E-02
  1175.0000       3.79488870E-02
  1175.1000       3.79133263E-02
  1175.2000       3.78780754E-02
  1175.3000       3.78429411E-02
  1175.4000       3.78081918E-02
  1175.5000       3.77735472E-02
  1175.6000       3.77390766E-02
  1175.7000       3.77046034E-02
  1175.8000       3.76702258E-02
  1175.9000       3.76359207E-02
  1176.0000       3.76014127E-02
  1176.1000       3.75668494E-02
  1176.2000       3.75321395E-02
  1176.3000       3.74972161E-02
  1176.4000       3.74623081E-02
  1176.5000       3.74271862E-02
  1176.6000       3.73920089E-02
  1176.7000       3.73566193E-02
  1176.8000       3.73214954E-02
  1176.9000       3.72861778E-02
  1177.0000       3.72510626E-02
  1177.1000       3.72158802E-02
  1177.2000       3.71809204E-02
  1177.3000       3.71460574E-02
  1177.4000       3.71112799E-02
  1177.5000       3.70765933E-02
  1177.6000       3.70418300E-02
  1177.7000       3.70071507E-02
  1177.8000       3.69721637E-02
  1177.9000       3.69373066E-02
  1178.0000       3.69020653E-02
  1178.1000       3.68666848E-02
  1178.2000       3.68311259E-02
  1178.3000       3.67954435E-02
  1178.4000       3.67594643E-02
  1178.5000       3.67235690E-02
  1178.6000       3.66875128E-02
  1178.7000       3.66515492E-02
  1178.8000       3.66158046E-02
  1178.9000       3.65800329E-02
  1179.0000       3.65445645E-02
  1179.1000       3.65093336E-02
  1179.2000       3.64742010E-02
  1179.3000       3.64392777E-02
  1179.4000       3.64043106E-02
  1179.5000       3.63694255E-02
  1179.6000       3.63344008E-02
  1179.7000       3.62994157E-02
  1179.8000       3.62641719E-02
  1179.9000       3.62288159E-02
  1180.0000       3.61932798E-02
  1180.1000       3.61575794E-02
  1180.2000       3.61217747E-02
  1180.3000       3.60859502E-02
  1180.4000       3.60501800E-02
  1180.5000       3.60143333E-02
  1180.6000       3.59786980E-02
  1180.7000       3.59433139E-02
  1180.8000       3.59081077E-02
  1180.9000       3.58730523E-02
  1181.0000       3.58383504E-02
  1181.1000       3.58036323E-02
  1181.2000       3.57692027E-02
  1181.3000       3.57346578E-02
  1181.4000       3.57002851E-02
  1181.5000       3.56657781E-02
  1181.6000       3.56310332E-02
  1181.7000       3.55961391E-02
  1181.8000       3.55610025E-02
  1181.9000       3.55255754E-02
  1182.0000       3.54900925E-02
  1182.1000       3.54541709E-02
  1182.2000       3.54181124E-02
  1182.3000       3.53819650E-02
  1182.4000       3.53458093E-02
  1182.5000       3.53096938E-02
  1182.6000       3.52735338E-02
  1182.7000       3.52375291E-02
  1182.8000       3.52017713E-02
  1182.9000       3.51661388E-02
  1183.0000       3.51306569E-02
  1183.1000       3.50953596E-02
  1183.2000       3.50602092E-02
  1183.3000       3.50251348E-02
  1183.4000       3.49901126E-02
  1183.5000       3.49550825E-02
  1183.6000       3.49199084E-02
  1183.7000       3.48847622E-02
  1183.8000       3.48493222E-02
  1183.9000       3.48140243E-02
  1184.0000       3.47782334E-02
  1184.1000       3.47425546E-02
  1184.2000       3.47066821E-02
  1184.3000       3.46709044E-02
  1184.4000       3.46351392E-02
  1184.5000       3.45995658E-02
  1184.6000       3.45640950E-02
  1184.7000       3.45290300E-02
  1184.8000       3.44940285E-02
  1184.9000       3.44593453E-02
  1185.0000       3.44248972E-02
  1185.1000       3.43906458E-02
  1185.2000       3.43562109E-02
  1185.3000       3.43218373E-02
  1185.4000       3.42873278E-02
  1185.5000       3.42526380E-02
  1185.6000       3.42174136E-02
  1185.7000       3.41819319E-02
  1185.8000       3.41461350E-02
  1185.9000       3.41096769E-02
  1186.0000       3.40728701E-02
  1186.1000       3.40358476E-02
  1186.2000       3.39984857E-02
  1186.3000       3.39609914E-02
  1186.4000       3.39234806E-02
  1186.5000       3.38862572E-02
  1186.6000       3.38491184E-02
  1186.7000       3.38123070E-02
  1186.8000       3.37758802E-02
  1186.9000       3.37399874E-02
  1187.0000       3.37044118E-02
  1187.1000       3.36691921E-02
  1187.2000       3.36343774E-02
  1187.3000       3.35998327E-02
  1187.4000       3.35653774E-02
  1187.5000       3.35309933E-02
  1187.6000       3.34964897E-02
  1187.7000       3.34617698E-02
  1187.8000       3.34269217E-02
  1187.9000       3.33917062E-02
  1188.0000       3.33563361E-02
  1188.1000       3.33204848E-02
  1188.2000       3.32843535E-02
  1188.3000       3.32480670E-02
  1188.4000       3.32116549E-02
  1188.5000       3.31752257E-02
  1188.6000       3.31388579E-02
  1188.7000       3.31024847E-02
  1188.8000       3.30661417E-02
  1188.9000       3.30300038E-02
  1189.0000       3.29940492E-02
  1189.1000       3.29581248E-02
  1189.2000       3.29224779E-02
  1189.3000       3.28868106E-02
  1189.4000       3.28512255E-02
  1189.5000       3.28157122E-02
  1189.6000       3.27800432E-02
  1189.7000       3.27443629E-02
  1189.8000       3.27085202E-02
  1189.9000       3.26726803E-02
  1190.0000       3.26366785E-02
  1190.1000       3.26004680E-02
  1190.2000       3.25642614E-02
  1190.3000       3.25278597E-02
  1190.4000       3.24914503E-02
  1190.5000       3.24547471E-02
  1190.6000       3.24181347E-02
  1190.7000       3.23814642E-02
  1190.8000       3.23445730E-02
  1190.9000       3.23076558E-02
  1191.0000       3.22705075E-02
  1191.1000       3.22334582E-02
  1191.2000       3.21962427E-02
  1191.3000       3.21590217E-02
  1191.4000       3.21219868E-02
  1191.5000       3.20847447E-02
  1191.6000       3.20477970E-02
  1191.7000       3.20109940E-02
  1191.8000       3.19744651E-02
  1191.9000       3.19382442E-02
  1192.0000       3.19023173E-02
  1192.1000       3.18668595E-02
  1192.2000       3.18318592E-02
  1192.3000       3.17970011E-02
  1192.4000       3.17625399E-02
  1192.5000       3.17282801E-02
  1192.6000       3.16942213E-02
  1192.7000       3.16602069E-02
  1192.8000       3.16261004E-02
  1192.9000       3.15916356E-02
  1193.0000       3.15570613E-02
  1193.1000       3.15219093E-02
  1193.2000       3.14864695E-02
  1193.3000       3.14505197E-02
  1193.4000       3.14141884E-02
  1193.5000       3.13774106E-02
  1193.6000       3.13404038E-02
  1193.7000       3.13033626E-02
  1193.8000       3.12660593E-02
  1193.9000       3.12288010E-02
  1194.0000       3.11916547E-02
  1194.1000       3.11548212E-02
  1194.2000       3.11181275E-02
  1194.3000       3.10815774E-02
  1194.4000       3.10452818E-02
  1194.5000       3.10090947E-02
  1194.6000       3.09729341E-02
  1194.7000       3.09366755E-02
  1194.8000       3.09002777E-02
  1194.9000       3.08637432E-02
  1195.0000       3.08268014E-02
  1195.1000       3.07897011E-02
  1195.2000       3.07522264E-02
  1195.3000       3.07143100E-02
  1195.4000       3.06760178E-02
  1195.5000       3.06376539E-02
  1195.6000       3.05990550E-02
  1195.7000       3.05605077E-02
  1195.8000       3.05217717E-02
  1195.9000       3.04833296E-02
  1196.0000       3.04449909E-02
  1196.1000       3.04070031E-02
  1196.2000       3.03693191E-02
  1196.3000       3.03319631E-02
  1196.4000       3.02948991E-02
  1196.5000       3.02580681E-02
  1196.6000       3.02214325E-02
  1196.7000       3.01849213E-02
  1196.8000       3.01483980E-02
  1196.9000       3.01118634E-02
  1197.0000       3.00753359E-02
  1197.1000       3.00385940E-02
  1197.2000       3.00015758E-02
  1197.3000       2.99645007E-02
  1197.4000       2.99271040E-02
  1197.5000       2.98897117E-02
  1197.6000       2.98522471E-02
  1197.7000       2.98146546E-02
  1197.8000       2.97771839E-02
  1197.9000       2.97398211E-02
  1198.0000       2.97026720E-02
  1198.1000       2.96655565E-02
  1198.2000       2.96287933E-02
  1198.3000       2.95922649E-02
  1198.4000       2.95559540E-02
  1198.5000       2.95198164E-02
  1198.6000       2.94837791E-02
  1198.7000       2.94479032E-02
  1198.8000       2.94119686E-02
  1198.9000       2.93758837E-02
  1199.0000       2.93396661E-02
  1199.1000       2.93032568E-02
  1199.2000       2.92663372E-02
  1199.3000       2.92291424E-02
  1199.4000       2.91915480E-02
  1199.5000       2.91535638E-02
  1199.6000       2.91152081E-02
  1199.7000       2.90766389E-02
  1199.8000       2.90378677E-02
  1199.9000       2.89990567E-02
  1200.0000       2.89599872E-02
  1200.1000       2.89211904E-02
  1200.2000       2.88824158E-02
  1200.3000       2.88437491E-02
  1200.4000       2.88053714E-02
  1200.5000       2.87671366E-02
  1200.6000       2.87289745E-02
  1200.7000       2.86911686E-02
  1200.8000       2.86533845E-02
  1200.9000       2.86157382E-02
  1201.0000       2.85780577E-02
  1201.1000       2.85404908E-02
  1201.2000       2.85028216E-02
  1201.3000       2.84649416E-02
  1201.4000       2.84268279E-02
  1201.5000       2.83888845E-02
  1201.6000       2.83506014E-02
  1201.7000       2.83122389E-02
  1201.8000       2.82739155E-02
  1201.9000       2.82354565E-02
  1202.0000       2.81970197E-02
  1202.1000       2.81586459E-02
  1202.2000       2.81203513E-02
  1202.3000       2.80821111E-02
  1202.4000       2.80441008E-02
  1202.5000       2.80060474E-02
  1202.6000       2.79682083E-02
  1202.7000       2.79303431E-02
  1202.8000       2.78926330E-02
  1202.9000       2.78551078E-02
  1203.0000       2.78174927E-02
  1203.1000       2.77800492E-02
  1203.2000       2.77425129E-02
  1203.3000       2.77051907E-02
  1203.4000       2.76675291E-02
  1203.5000       2.76300441E-02
  1203.6000       2.75923881E-02
  1203.7000       2.75547839E-02
  1203.8000       2.75171724E-02
  1203.9000       2.74794043E-02
  1204.0000       2.74416862E-02
  1204.1000       2.74038208E-02
  1204.2000       2.73660471E-02
  1204.3000       2.73281885E-02
  1204.4000       2.72903833E-02
  1204.5000       2.72525653E-02
  1204.6000       2.72148372E-02
  1204.7000       2.71771023E-02
  1204.8000       2.71393880E-02
  1204.9000       2.71017863E-02
  1205.0000       2.70642472E-02
  1205.1000       2.70269368E-02
  1205.2000       2.69895336E-02
  1205.3000       2.69523140E-02
  1205.4000       2.69152902E-02
  1205.5000       2.68780227E-02
  1205.6000       2.68410477E-02
  1205.7000       2.68039601E-02
  1205.8000       2.67668534E-02
  1205.9000       2.67298132E-02
  1206.0000       2.66927264E-02
  1206.1000       2.66556177E-02
  1206.2000       2.66185740E-02
  1206.3000       2.65813278E-02
  1206.4000       2.65441246E-02
  1206.5000       2.65068019E-02
  1206.6000       2.64695971E-02
  1206.7000       2.64322050E-02
  1206.8000       2.63949345E-02
  1206.9000       2.63577295E-02
  1207.0000       2.63204714E-02
  1207.1000       2.62833776E-02
  1207.2000       2.62463281E-02
  1207.3000       2.62094898E-02
  1207.4000       2.61727117E-02
  1207.5000       2.61361243E-02
  1207.6000       2.60997073E-02
  1207.7000       2.60634635E-02
  1207.8000       2.60272337E-02
  1207.9000       2.59911920E-02
  1208.0000       2.59552784E-02
  1208.1000       2.59193480E-02
  1208.2000       2.58834608E-02
  1208.3000       2.58476481E-02
  1208.4000       2.58116744E-02
  1208.5000       2.57757575E-02
  1208.6000       2.57396358E-02
  1208.7000       2.57032954E-02
  1208.8000       2.56669172E-02
  1208.9000       2.56303880E-02
  1209.0000       2.55937207E-02
  1209.1000       2.55568852E-02
  1209.2000       2.55199358E-02
  1209.3000       2.54829369E-02
  1209.4000       2.54460163E-02
  1209.5000       2.54089541E-02
  1209.6000       2.53720542E-02
  1209.7000       2.53352179E-02
  1209.8000       2.52985193E-02
  1209.9000       2.52620302E-02
  1210.0000       2.52257781E-02
  1210.1000       2.51897183E-02
  1210.2000       2.51537082E-02
  1210.3000       2.51180409E-02
  1210.4000       2.50825230E-02
  1210.5000       2.50468610E-02
  1210.6000       2.50114746E-02
  1210.7000       2.49759277E-02
  1210.8000       2.49404019E-02
  1210.9000       2.49047455E-02
  1211.0000       2.48688169E-02
  1211.1000       2.48327615E-02
  1211.2000       2.47963924E-02
  1211.3000       2.47598890E-02
  1211.4000       2.47231102E-02
  1211.5000       2.46861638E-02
  1211.6000       2.46490135E-02
  1211.7000       2.46118411E-02
  1211.8000       2.45747061E-02
  1211.9000       2.45373992E-02
  1212.0000       2.45003578E-02
  1212.1000       2.44631854E-02
  1212.2000       2.44263134E-02
  1212.3000       2.43895567E-02
  1212.4000       2.43528064E-02
  1212.5000       2.43162607E-02
  1212.6000       2.42797743E-02
  1212.7000       2.42432232E-02
  1212.8000       2.42069015E-02
  1212.9000       2.41704686E-02
  1213.0000       2.41340399E-02
  1213.1000       2.40975109E-02
  1213.2000       2.40610526E-02
  1213.3000       2.40244619E-02
  1213.4000       2.39878142E-02
  1213.5000       2.39511426E-02
  1213.6000       2.39145395E-02
  1213.7000       2.38779879E-02
  1213.8000       2.38414756E-02
  1213.9000       2.38050641E-02
  1214.0000       2.37687827E-02
  1214.1000       2.37326766E-02
  1214.2000       2.36967646E-02
  1214.3000       2.36608648E-02
  1214.4000       2.36251859E-02
  1214.5000       2.35896344E-02
  1214.6000       2.35540649E-02
  1214.7000       2.35185465E-02
  1214.8000       2.34828740E-02
  1214.9000       2.34473206E-02
  1215.0000       2.34114646E-02
  1215.1000       2.33755409E-02
  1215.2000       2.33395989E-02
  1215.3000       2.33033687E-02
  1215.4000       2.32670622E-02
  1215.5000       2.32306932E-02
  1215.6000       2.31943641E-02
  1215.7000       2.31580428E-02
  1215.8000       2.31217934E-02
  1215.9000       2.30856697E-02
  1216.0000       2.30497613E-02
  1216.1000       2.30140530E-02
  1216.2000       2.29785615E-02
  1216.3000       2.29432166E-02
  1216.4000       2.29079668E-02
  1216.5000       2.28728822E-02
  1216.6000       2.28378546E-02
  1216.7000       2.28028082E-02
  1216.8000       2.27676131E-02
  1216.9000       2.27323786E-02
  1217.0000       2.26968429E-02
  1217.1000       2.26611665E-02
  1217.2000       2.26253879E-02
  1217.3000       2.25892428E-02
  1217.4000       2.25530301E-02
  1217.5000       2.25166217E-02
  1217.6000       2.24802046E-02
  1217.7000       2.24438265E-02
  1217.8000       2.24073869E-02
  1217.9000       2.23711129E-02
  1218.0000       2.23351624E-02
  1218.1000       2.22992661E-02
  1218.2000       2.22637367E-02
  1218.3000       2.22285358E-02
  1218.4000       2.21936340E-02
  1218.5000       2.21589552E-02
  1218.6000       2.21245325E-02
  1218.7000       2.20903736E-02
  1218.8000       2.20563511E-02
  1218.9000       2.20223787E-02
  1219.0000       2.19884849E-02
  1219.1000       2.19544823E-02
  1219.2000       2.19204341E-02
  1219.3000       2.18862226E-02
  1219.4000       2.18518389E-02
  1219.5000       2.18171878E-02
  1219.6000       2.17823011E-02
  1219.7000       2.17473263E-02
  1219.8000       2.17120503E-02
  1219.9000       2.16766289E-02
  1220.0000       2.16410530E-02
  1220.1000       2.16054016E-02
  1220.2000       2.15697279E-02
  1220.3000       2.15339764E-02
  1220.4000       2.14983344E-02
  1220.5000       2.14627037E-02
  1220.6000       2.14272094E-02
  1220.7000       2.13917877E-02
  1220.8000       2.13565533E-02
  1220.9000       2.13214089E-02
  1221.0000       2.12863756E-02
  1221.1000       2.12514866E-02
  1221.2000       2.12165537E-02
  1221.3000       2.11816762E-02
  1221.4000       2.11468645E-02
  1221.5000       2.11121789E-02
  1221.6000       2.10772816E-02
  1221.7000       2.10425152E-02
  1221.8000       2.10076518E-02
  1221.9000       2.09727745E-02
  1222.0000       2.09378259E-02
  1222.1000       2.09029713E-02
  1222.2000       2.08680987E-02
  1222.3000       2.08333030E-02
  1222.4000       2.07984499E-02
  1222.5000       2.07637647E-02
  1222.6000       2.07290640E-02
  1222.7000       2.06946082E-02
  1222.8000       2.06602637E-02
  1222.9000       2.06258554E-02
  1223.0000       2.05916753E-02
  1223.1000       2.05575807E-02
  1223.2000       2.05235634E-02
  1223.3000       2.04894714E-02
  1223.4000       2.04555420E-02
  1223.5000       2.04215939E-02
  1223.6000       2.03875488E-02
  1223.7000       2.03535730E-02
  1223.8000       2.03195940E-02
  1223.9000       2.02856240E-02
  1224.0000       2.02516263E-02
  1224.1000       2.02178383E-02
  1224.2000       2.01840374E-02
  1224.3000       2.01503425E-02
  1224.4000       2.01167551E-02
  1224.5000       2.00833686E-02
  1224.6000       2.00500663E-02
  1224.7000       2.00168956E-02
  1224.8000       1.99838098E-02
  1224.9000       1.99507142E-02
  1225.0000       1.99178309E-02
  1225.1000       1.98847040E-02
  1225.2000       1.98516163E-02
  1225.3000       1.98183673E-02
  1225.4000       1.97849950E-02
  1225.5000       1.97513143E-02
  1225.6000       1.97175040E-02
  1225.7000       1.96833181E-02
  1225.8000       1.96490050E-02
  1225.9000       1.96143941E-02
  1226.0000       1.95796012E-02
  1226.1000       1.95447161E-02
  1226.2000       1.95097294E-02
  1226.3000       1.94747402E-02
  1226.4000       1.94399411E-02
  1226.5000       1.94051894E-02
  1226.6000       1.93708148E-02
  1226.7000       1.93366182E-02
  1226.8000       1.93027673E-02
  1226.9000       1.92694585E-02
  1227.0000       1.92363683E-02
  1227.1000       1.92037351E-02
  1227.2000       1.91713577E-02
  1227.3000       1.91391266E-02
  1227.4000       1.91072448E-02
  1227.5000       1.90753385E-02
  1227.6000       1.90436553E-02
  1227.7000       1.90116728E-02
  1227.8000       1.89797556E-02
  1227.9000       1.89476103E-02
  1228.0000       1.89152740E-02
  1228.1000       1.88826759E-02
  1228.2000       1.88499048E-02
  1228.3000       1.88168331E-02
  1228.4000       1.87838216E-02
  1228.5000       1.87506346E-02
  1228.6000       1.87174477E-02
  1228.7000       1.86843234E-02
  1228.8000       1.86513803E-02
  1228.9000       1.86187161E-02
  1229.0000       1.85862829E-02
  1229.1000       1.85541164E-02
  1229.2000       1.85223522E-02
  1229.3000       1.84908798E-02
  1229.4000       1.84598700E-02
  1229.5000       1.84290443E-02
  1229.6000       1.83985530E-02
  1229.7000       1.83681261E-02
  1229.8000       1.83379274E-02
  1229.9000       1.83077444E-02
  1230.0000       1.82775401E-02
  1230.1000       1.82471372E-02
  1230.2000       1.82166178E-02
  1230.3000       1.81858722E-02
  1230.4000       1.81548171E-02
  1230.5000       1.81235440E-02
  1230.6000       1.80919926E-02
  1230.7000       1.80601490E-02
  1230.8000       1.80281592E-02
  1230.9000       1.79959583E-02
  1231.0000       1.79635753E-02
  1231.1000       1.79311259E-02
  1231.2000       1.78986954E-02
  1231.3000       1.78662642E-02
  1231.4000       1.78339599E-02
  1231.5000       1.78016553E-02
  1231.6000       1.77695770E-02
  1231.7000       1.77376346E-02
  1231.8000       1.77059255E-02
  1231.9000       1.76743864E-02
  1232.0000       1.76429833E-02
  1232.1000       1.76117428E-02
  1232.2000       1.75807294E-02
  1232.3000       1.75495947E-02
  1232.4000       1.75186053E-02
  1232.5000       1.74878360E-02
  1232.6000       1.74569931E-02
  1232.7000       1.74261938E-02
  1232.8000       1.73955414E-02
  1232.9000       1.73648278E-02
  1233.0000       1.73340630E-02
  1233.1000       1.73035451E-02
  1233.2000       1.72730244E-02
  1233.3000       1.72425989E-02
  1233.4000       1.72122632E-02
  1233.5000       1.71820331E-02
  1233.6000       1.71520401E-02
  1233.7000       1.71221187E-02
  1233.8000       1.70921882E-02
  1233.9000       1.70624727E-02
  1234.0000       1.70327559E-02
  1234.1000       1.70031383E-02
  1234.2000       1.69736225E-02
  1234.3000       1.69440241E-02
  1234.4000       1.69144729E-02
  1234.5000       1.68849233E-02
  1234.6000       1.68552510E-02
  1234.7000       1.68255681E-02
  1234.8000       1.67958991E-02
  1234.9000       1.67661469E-02
  1235.0000       1.67362976E-02
  1235.1000       1.67064835E-02
  1235.2000       1.66766626E-02
  1235.3000       1.66469344E-02
  1235.4000       1.66172414E-02
  1235.5000       1.65876436E-02
  1235.6000       1.65580820E-02
  1235.7000       1.65287687E-02
  1235.8000       1.64995916E-02
  1235.9000       1.64704822E-02
  1236.0000       1.64415854E-02
  1236.1000       1.64127597E-02
  1236.2000       1.63840687E-02
  1236.3000       1.63554430E-02
  1236.4000       1.63269119E-02
  1236.5000       1.62982509E-02
  1236.6000       1.62696731E-02
  1236.7000       1.62409547E-02
  1236.8000       1.62121803E-02
  1236.9000       1.61831812E-02
  1237.0000       1.61539564E-02
  1237.1000       1.61246284E-02
  1237.2000       1.60950158E-02
  1237.3000       1.60654097E-02
  1237.4000       1.60354982E-02
  1237.5000       1.60056584E-02
  1237.6000       1.59756354E-02
  1237.7000       1.59457164E-02
  1237.8000       1.59158038E-02
  1237.9000       1.58860494E-02
  1238.0000       1.58563972E-02
  1238.1000       1.58269739E-02
  1238.2000       1.57976508E-02
  1238.3000       1.57685736E-02
  1238.4000       1.57397218E-02
  1238.5000       1.57110663E-02
  1238.6000       1.56824421E-02
  1238.7000       1.56540585E-02
  1238.8000       1.56258166E-02
  1238.9000       1.55975020E-02
  1239.0000       1.55692922E-02
  1239.1000       1.55410434E-02
  1239.2000       1.55126982E-02
  1239.3000       1.54842349E-02
  1239.4000       1.54556724E-02
  1239.5000       1.54269716E-02
  1239.6000       1.53982770E-02
  1239.7000       1.53694167E-02
  1239.8000       1.53405699E-02
  1239.9000       1.53116060E-02
  1240.0000       1.52827816E-02
  1240.1000       1.52540526E-02
  1240.2000       1.52253347E-02
  1240.3000       1.51968589E-02
  1240.4000       1.51685786E-02
  1240.5000       1.51404688E-02
  1240.6000       1.51125545E-02
  1240.7000       1.50850400E-02
  1240.8000       1.50575751E-02
  1240.9000       1.50303387E-02
  1241.0000       1.50033475E-02
  1241.1000       1.49762437E-02
  1241.2000       1.49494170E-02
  1241.3000       1.49225204E-02
  1241.4000       1.48956367E-02
  1241.5000       1.48686225E-02
  1241.6000       1.48414592E-02
  1241.7000       1.48142455E-02
  1241.8000       1.47866959E-02
  1241.9000       1.47589448E-02
  1242.0000       1.47309951E-02
  1242.1000       1.47029322E-02
  1242.2000       1.46746234E-02
  1242.3000       1.46461504E-02
  1242.4000       1.46175552E-02
  1242.5000       1.45889022E-02
  1242.6000       1.45602681E-02
  1242.7000       1.45316858E-02
  1242.8000       1.45032038E-02
  1242.9000       1.44749551E-02
  1243.0000       1.44467561E-02
  1243.1000       1.44188498E-02
  1243.2000       1.43911689E-02
  1243.3000       1.43637608E-02
  1243.4000       1.43365706E-02
  1243.5000       1.43094800E-02
  1243.6000       1.42826458E-02
  1243.7000       1.42559792E-02
  1243.8000       1.42293108E-02
  1243.9000       1.42027721E-02
  1244.0000       1.41761876E-02
  1244.1000       1.41496218E-02
  1244.2000       1.41229535E-02
  1244.3000       1.40962128E-02
  1244.4000       1.40691597E-02
  1244.5000       1.40420155E-02
  1244.6000       1.40147500E-02
  1244.7000       1.39872916E-02
  1244.8000       1.39597051E-02
  1244.9000       1.39319919E-02
  1245.0000       1.39042218E-02
  1245.1000       1.38762947E-02
  1245.2000       1.38484379E-02
  1245.3000       1.38206201E-02
  1245.4000       1.37927996E-02
  1245.5000       1.37651897E-02
  1245.6000       1.37376292E-02
  1245.7000       1.37102835E-02
  1245.8000       1.36831333E-02
  1245.9000       1.36561912E-02
  1246.0000       1.36294938E-02
  1246.1000       1.36029120E-02
  1246.2000       1.35765151E-02
  1246.3000       1.35504880E-02
  1246.4000       1.35245578E-02
  1246.5000       1.34987888E-02
  1246.6000       1.34729638E-02
  1246.7000       1.34473451E-02
  1246.8000       1.34217198E-02
  1246.9000       1.33960844E-02
  1247.0000       1.33704606E-02
  1247.1000       1.33446910E-02
  1247.2000       1.33188107E-02
  1247.3000       1.32929210E-02
  1247.4000       1.32668804E-02
  1247.5000       1.32407687E-02
  1247.6000       1.32144492E-02
  1247.7000       1.31881865E-02
  1247.8000       1.31616632E-02
  1247.9000       1.31352444E-02
  1248.0000       1.31087253E-02
  1248.1000       1.30821736E-02
  1248.2000       1.30557222E-02
  1248.3000       1.30293239E-02
  1248.4000       1.30031120E-02
  1248.5000       1.29768225E-02
  1248.6000       1.29508691E-02
  1248.7000       1.29250734E-02
  1248.8000       1.28993393E-02
  1248.9000       1.28738406E-02
  1249.0000       1.28485237E-02
  1249.1000       1.28233208E-02
  1249.2000       1.27983327E-02
  1249.3000       1.27733658E-02
  1249.4000       1.27486015E-02
  1249.5000       1.27237814E-02
  1249.6000       1.26991719E-02
  1249.7000       1.26744291E-02
  1249.8000       1.26497725E-02
  1249.9000       1.26251062E-02
  1250.0000       1.26002906E-02
  1250.1000       1.25755616E-02
  1250.2000       1.25507526E-02
  1250.3000       1.25258568E-02
  1250.4000       1.25008881E-02
  1250.5000       1.24759422E-02
  1250.6000       1.24507507E-02
  1250.7000       1.24256509E-02
  1250.8000       1.24004692E-02
  1250.9000       1.23752601E-02
  1251.0000       1.23499579E-02
  1251.1000       1.23247299E-02
  1251.2000       1.22995728E-02
  1251.3000       1.22742617E-02
  1251.4000       1.22491150E-02
  1251.5000       1.22239767E-02
  1251.6000       1.21988665E-02
  1251.7000       1.21738337E-02
  1251.8000       1.21488959E-02
  1251.9000       1.21239900E-02
  1252.0000       1.20991679E-02
  1252.1000       1.20745235E-02
  1252.2000       1.20498298E-02
  1252.3000       1.20254053E-02
  1252.4000       1.20009707E-02
  1252.5000       1.19766117E-02
  1252.6000       1.19523686E-02
  1252.7000       1.19280871E-02
  1252.8000       1.19038995E-02
  1252.9000       1.18797479E-02
  1253.0000       1.18556436E-02
  1253.1000       1.18315799E-02
  1253.2000       1.18075002E-02
  1253.3000       1.17834668E-02
  1253.4000       1.17594253E-02
  1253.5000       1.17353365E-02
  1253.6000       1.17112286E-02
  1253.7000       1.16870978E-02
  1253.8000       1.16629708E-02
  1253.9000       1.16387917E-02
  1254.0000       1.16145816E-02
  1254.1000       1.15902797E-02
  1254.2000       1.15660264E-02
  1254.3000       1.15417498E-02
  1254.4000       1.15174804E-02
  1254.5000       1.14931213E-02
  1254.6000       1.14688744E-02
  1254.7000       1.14446706E-02
  1254.8000       1.14204111E-02
  1254.9000       1.13963052E-02
  1255.0000       1.13722304E-02
  1255.1000       1.13483501E-02
  1255.2000       1.13243618E-02
  1255.3000       1.13005559E-02
  1255.4000       1.12768009E-02
  1255.5000       1.12531071E-02
  1255.6000       1.12295289E-02
  1255.7000       1.12059086E-02
  1255.8000       1.11824360E-02
  1255.9000       1.11589709E-02
  1256.0000       1.11354663E-02
  1256.1000       1.11121495E-02
  1256.2000       1.10886904E-02
  1256.3000       1.10652606E-02
  1256.4000       1.10418927E-02
  1256.5000       1.10184597E-02
  1256.6000       1.09950218E-02
  1256.7000       1.09715500E-02
  1256.8000       1.09481031E-02
  1256.9000       1.09246656E-02
  1257.0000       1.09011958E-02
  1257.1000       1.08778206E-02
  1257.2000       1.08545157E-02
  1257.3000       1.08311814E-02
  1257.4000       1.08079721E-02
  1257.5000       1.07847534E-02
  1257.6000       1.07617081E-02
  1257.7000       1.07387105E-02
  1257.8000       1.07158073E-02
  1257.9000       1.06930258E-02
  1258.0000       1.06703414E-02
  1258.1000       1.06478122E-02
  1258.2000       1.06253648E-02
  1258.3000       1.06030102E-02
  1258.4000       1.05806986E-02
  1258.5000       1.05585018E-02
  1258.6000       1.05363019E-02
  1258.7000       1.05142187E-02
  1258.8000       1.04920814E-02
  1258.9000       1.04699543E-02
  1259.0000       1.04478411E-02
  1259.1000       1.04257369E-02
  1259.2000       1.04035794E-02
  1259.3000       1.03814298E-02
  1259.4000       1.03591063E-02
  1259.5000       1.03369111E-02
  1259.6000       1.03145714E-02
  1259.7000       1.02922643E-02
  1259.8000       1.02698254E-02
  1259.9000       1.02474436E-02
  1260.0000       1.02250838E-02
  1260.1000       1.02025792E-02
  1260.2000       1.01802130E-02
  1260.3000       1.01576911E-02
  1260.4000       1.01353158E-02
  1260.5000       1.01128492E-02
  1260.6000       1.00904053E-02
  1260.7000       1.00679910E-02
  1260.8000       1.00456502E-02
  1260.9000       1.00232261E-02
  1261.0000       1.00009011E-02
  1261.1000       9.97865095E-03
  1261.2000       9.95636793E-03
  1261.3000       9.93410969E-03
  1261.4000       9.91197406E-03
  1261.5000       9.88973818E-03
  1261.6000       9.86768610E-03
  1261.7000       9.84568283E-03
  1261.8000       9.82362494E-03
  1261.9000       9.80161627E-03
  1262.0000       9.77981862E-03
  1262.1000       9.75795727E-03
  1262.2000       9.73617104E-03
  1262.3000       9.71449733E-03
  1262.4000       9.69288798E-03
  1262.5000       9.67135327E-03
  1262.6000       9.64993523E-03
  1262.7000       9.62852800E-03
  1262.8000       9.60720734E-03
  1262.9000       9.58603765E-03
  1263.0000       9.56489674E-03
  1263.1000       9.54392161E-03
  1263.2000       9.52299465E-03
  1263.3000       9.50211776E-03
  1263.4000       9.48142201E-03
  1263.5000       9.46072972E-03
  1263.6000       9.44013915E-03
  1263.7000       9.41953780E-03
  1263.8000       9.39899024E-03
  1263.9000       9.37862541E-03
  1264.0000       9.35829637E-03
  1264.1000       9.33792731E-03
  1264.2000       9.31761113E-03
  1264.3000       9.29734429E-03
  1264.4000       9.27704639E-03
  1264.5000       9.25689792E-03
  1264.6000       9.23666123E-03
  1264.7000       9.21654486E-03
  1264.8000       9.19636471E-03
  1264.9000       9.17619885E-03
  1265.0000       9.15601273E-03
  1265.1000       9.13590268E-03
  1265.2000       9.11576819E-03
  1265.3000       9.09556022E-03
  1265.4000       9.07542762E-03
  1265.5000       9.05524524E-03
  1265.6000       9.03507930E-03
  1265.7000       9.01492840E-03
  1265.8000       8.99475723E-03
  1265.9000       8.97442460E-03
  1266.0000       8.95419853E-03
  1266.1000       8.93396094E-03
  1266.2000       8.91367693E-03
  1266.3000       8.89333932E-03
  1266.4000       8.87301885E-03
  1266.5000       8.85269936E-03
  1266.6000       8.83240550E-03
  1266.7000       8.81201940E-03
  1266.8000       8.79167453E-03
  1266.9000       8.77130043E-03
  1267.0000       8.75097129E-03
  1267.1000       8.73072922E-03
  1267.2000       8.71042258E-03
  1267.3000       8.69019953E-03
  1267.4000       8.67012826E-03
  1267.5000       8.64993888E-03
  1267.6000       8.62998058E-03
  1267.7000       8.61002437E-03
  1267.8000       8.59020360E-03
  1267.9000       8.57041123E-03
  1268.0000       8.55074670E-03
  1268.1000       8.53107267E-03
  1268.2000       8.51161981E-03
  1268.3000       8.49219871E-03
  1268.4000       8.47285260E-03
  1268.5000       8.45351799E-03
  1268.6000       8.43427980E-03
  1268.7000       8.41515152E-03
  1268.8000       8.39610341E-03
  1268.9000       8.37694704E-03
  1269.0000       8.35794127E-03
  1269.1000       8.33888666E-03
  1269.2000       8.31982392E-03
  1269.3000       8.30082104E-03
  1269.4000       8.28182804E-03
  1269.5000       8.26273834E-03
  1269.6000       8.24375099E-03
  1269.7000       8.22477515E-03
  1269.8000       8.20573962E-03
  1269.9000       8.18672453E-03
  1270.0000       8.16778077E-03
  1270.1000       8.14895391E-03
  1270.2000       8.13002927E-03
  1270.3000       8.11122728E-03
  1270.4000       8.09244066E-03
  1270.5000       8.07374952E-03
  1270.6000       8.05517392E-03
  1270.7000       8.03668880E-03
  1270.8000       8.01823666E-03
  1270.9000       7.99992106E-03
  1271.0000       7.98157454E-03
  1271.1000       7.96339135E-03
  1271.2000       7.94529223E-03
  1271.3000       7.92719115E-03
  1271.4000       7.90925224E-03
  1271.5000       7.89113687E-03
  1271.6000       7.87323360E-03
  1271.7000       7.85524231E-03
  1271.8000       7.83722645E-03
  1271.9000       7.81916990E-03
  1272.0000       7.80113843E-03
  1272.1000       7.78302017E-03
  1272.2000       7.76497712E-03
  1272.3000       7.74673706E-03
  1272.4000       7.72849485E-03
  1272.5000       7.71017181E-03
  1272.6000       7.69186205E-03
  1272.7000       7.67343250E-03
  1272.8000       7.65498289E-03
  1272.9000       7.63652500E-03
  1273.0000       7.61805319E-03
  1273.1000       7.59960020E-03
  1273.2000       7.58110289E-03
  1273.3000       7.56269974E-03
  1273.4000       7.54434743E-03
  1273.5000       7.52595619E-03
  1273.6000       7.50771804E-03
  1273.7000       7.48958664E-03
  1273.8000       7.47141657E-03
  1273.9000       7.45348074E-03
  1274.0000       7.43563707E-03
  1274.1000       7.41777408E-03
  1274.2000       7.40001078E-03
  1274.3000       7.38242641E-03
  1274.4000       7.36487273E-03
  1274.5000       7.34742474E-03
  1274.6000       7.32993141E-03
  1274.7000       7.31265666E-03
  1274.8000       7.29530268E-03
  1274.9000       7.27806743E-03
  1275.0000       7.26083552E-03
  1275.1000       7.24363838E-03
  1275.2000       7.22645010E-03
  1275.3000       7.20925399E-03
  1275.4000       7.19201043E-03
  1275.5000       7.17486802E-03
  1275.6000       7.15765305E-03
  1275.7000       7.14036780E-03
  1275.8000       7.12321959E-03
  1275.9000       7.10596507E-03
  1276.0000       7.08871677E-03
  1276.1000       7.07150190E-03
  1276.2000       7.05426892E-03
  1276.3000       7.03711807E-03
  1276.4000       7.01987410E-03
  1276.5000       7.00281063E-03
  1276.6000       6.98568417E-03
  1276.7000       6.96856574E-03
  1276.8000       6.95161981E-03
  1276.9000       6.93473336E-03
  1277.0000       6.91784417E-03
  1277.1000       6.90107943E-03
  1277.2000       6.88432173E-03
  1277.3000       6.86763482E-03
  1277.4000       6.85103337E-03
  1277.5000       6.83449775E-03
  1277.6000       6.81804285E-03
  1277.7000       6.80157882E-03
  1277.8000       6.78517795E-03
  1277.9000       6.76885172E-03
  1278.0000       6.75254685E-03
  1278.1000       6.73620775E-03
  1278.2000       6.71984520E-03
  1278.3000       6.70357124E-03
  1278.4000       6.68713959E-03
  1278.5000       6.67086582E-03
  1278.6000       6.65439874E-03
  1278.7000       6.63798944E-03
  1278.8000       6.62154034E-03
  1278.9000       6.60505715E-03
  1279.0000       6.58854644E-03
  1279.1000       6.57195216E-03
  1279.2000       6.55536940E-03
  1279.3000       6.53887642E-03
  1279.4000       6.52224681E-03
  1279.5000       6.50570198E-03
  1279.6000       6.48913810E-03
  1279.7000       6.47258416E-03
  1279.8000       6.45609815E-03
  1279.9000       6.43951265E-03
  1280.0000       6.42313322E-03
  1280.1000       6.40674398E-03
  1280.2000       6.39039637E-03
  1280.3000       6.37408578E-03
  1280.4000       6.35797028E-03
  1280.5000       6.34179969E-03
  1280.6000       6.32569657E-03
  1280.7000       6.30971822E-03
  1280.8000       6.29376527E-03
  1280.9000       6.27789267E-03
  1281.0000       6.26201811E-03
  1281.1000       6.24625052E-03
  1281.2000       6.23046019E-03
  1281.3000       6.21478719E-03
  1281.4000       6.19908654E-03
  1281.5000       6.18347723E-03
  1281.6000       6.16787835E-03
  1281.7000       6.15220779E-03
  1281.8000       6.13667248E-03
  1281.9000       6.12106912E-03
  1282.0000       6.10554436E-03
  1282.1000       6.08993789E-03
  1282.2000       6.07446732E-03
  1282.3000       6.05888382E-03
  1282.4000       6.04337650E-03
  1282.5000       6.02792389E-03
  1282.6000       6.01248385E-03
  1282.7000       5.99704871E-03
  1282.8000       5.98166818E-03
  1282.9000       5.96633584E-03
  1283.0000       5.95107026E-03
  1283.1000       5.93582896E-03
  1283.2000       5.92065386E-03
  1283.3000       5.90551863E-03
  1283.4000       5.89045263E-03
  1283.5000       5.87548190E-03
  1283.6000       5.86052569E-03
  1283.7000       5.84566195E-03
  1283.8000       5.83083083E-03
  1283.9000       5.81612455E-03
  1284.0000       5.80142871E-03
  1284.1000       5.78677669E-03
  1284.2000       5.77216026E-03
  1284.3000       5.75760035E-03
  1284.4000       5.74314554E-03
  1284.5000       5.72863458E-03
  1284.6000       5.71418396E-03
  1284.7000       5.69975680E-03
  1284.8000       5.68531588E-03
  1284.9000       5.67098642E-03
  1285.0000       5.65654874E-03
  1285.1000       5.64215125E-03
  1285.2000       5.62775245E-03
  1285.3000       5.61338484E-03
  1285.4000       5.59900571E-03
  1285.5000       5.58464552E-03
  1285.6000       5.57030295E-03
  1285.7000       5.55591814E-03
  1285.8000       5.54151862E-03
  1285.9000       5.52718261E-03
  1286.0000       5.51288553E-03
  1286.1000       5.49857065E-03
  1286.2000       5.48431049E-03
  1286.3000       5.47006402E-03
  1286.4000       5.45582695E-03
  1286.5000       5.44162453E-03
  1286.6000       5.42742761E-03
  1286.7000       5.41331559E-03
  1286.8000       5.39918562E-03
  1286.9000       5.38515215E-03
  1287.0000       5.37121850E-03
  1287.1000       5.35726406E-03
  1287.2000       5.34334957E-03
  1287.3000       5.32951726E-03
  1287.4000       5.31565281E-03
  1287.5000       5.30190820E-03
  1287.6000       5.28820131E-03
  1287.7000       5.27456080E-03
  1287.8000       5.26092855E-03
  1287.9000       5.24731495E-03
  1288.0000       5.23378566E-03
  1288.1000       5.22026717E-03
  1288.2000       5.20678163E-03
  1288.3000       5.19331013E-03
  1288.4000       5.17993867E-03
  1288.5000       5.16653478E-03
  1288.6000       5.15310715E-03
  1288.7000       5.13972686E-03
  1288.8000       5.12640404E-03
  1288.9000       5.11309951E-03
  1289.0000       5.09980689E-03
  1289.1000       5.08651964E-03
  1289.2000       5.07324812E-03
  1289.3000       5.06002643E-03
  1289.4000       5.04677142E-03
  1289.5000       5.03360779E-03
  1289.6000       5.02044422E-03
  1289.7000       5.00733995E-03
  1289.8000       4.99424771E-03
  1289.9000       4.98114128E-03
  1290.0000       4.96812011E-03
  1290.1000       4.95512241E-03
  1290.2000       4.94217307E-03
  1290.3000       4.92926618E-03
  1290.4000       4.91643866E-03
  1290.5000       4.90360451E-03
  1290.6000       4.89087294E-03
  1290.7000       4.87813063E-03
  1290.8000       4.86539999E-03
  1290.9000       4.85275543E-03
  1291.0000       4.84018396E-03
  1291.1000       4.82759076E-03
  1291.2000       4.81507803E-03
  1291.3000       4.80258838E-03
  1291.4000       4.79014154E-03
  1291.5000       4.77773575E-03
  1291.6000       4.76534710E-03
  1291.7000       4.75298646E-03
  1291.8000       4.74067290E-03
  1291.9000       4.72829348E-03
  1292.0000       4.71601169E-03
  1292.1000       4.70375281E-03
  1292.2000       4.69147848E-03
  1292.3000       4.67930708E-03
  1292.4000       4.66701388E-03
  1292.5000       4.65478016E-03
  1292.6000       4.64254301E-03
  1292.7000       4.63034477E-03
  1292.8000       4.61817396E-03
  1292.9000       4.60595465E-03
  1293.0000       4.59381922E-03
  1293.1000       4.58165479E-03
  1293.2000       4.56953314E-03
  1293.3000       4.55740939E-03
  1293.4000       4.54535235E-03
  1293.5000       4.53329349E-03
  1293.6000       4.52127978E-03
  1293.7000       4.50926740E-03
  1293.8000       4.49729521E-03
  1293.9000       4.48536804E-03
  1294.0000       4.47347204E-03
  1294.1000       4.46160215E-03
  1294.2000       4.44978295E-03
  1294.3000       4.43796279E-03
  1294.4000       4.42628260E-03
  1294.5000       4.41451930E-03
  1294.6000       4.40285006E-03
  1294.7000       4.39122418E-03
  1294.8000       4.37966704E-03
  1294.9000       4.36808813E-03
  1295.0000       4.35657550E-03
  1295.1000       4.34506192E-03
  1295.2000       4.33362011E-03
  1295.3000       4.32217478E-03
  1295.4000       4.31079134E-03
  1295.5000       4.29943076E-03
  1295.6000       4.28813265E-03
  1295.7000       4.27681390E-03
  1295.8000       4.26554540E-03
  1295.9000       4.25429518E-03
  1296.0000       4.24308299E-03
  1296.1000       4.23186383E-03
  1296.2000       4.22070736E-03
  1296.3000       4.20953193E-03
  1296.4000       4.19843756E-03
  1296.5000       4.18735020E-03
  1296.6000       4.17630730E-03
  1296.7000       4.16523793E-03
  1296.8000       4.15420407E-03
  1296.9000       4.14324142E-03
  1297.0000       4.13223843E-03
  1297.1000       4.12131219E-03
  1297.2000       4.11036651E-03
  1297.3000       4.09947397E-03
  1297.4000       4.08863083E-03
  1297.5000       4.07773998E-03
  1297.6000       4.06696308E-03
  1297.7000       4.05613939E-03
  1297.8000       4.04541720E-03
  1297.9000       4.03469639E-03
  1298.0000       4.02395388E-03
  1298.1000       4.01328681E-03
  1298.2000       4.00264004E-03
  1298.3000       3.99201945E-03
  1298.4000       3.98142257E-03
  1298.5000       3.97088994E-03
  1298.6000       3.96032364E-03
  1298.7000       3.94985448E-03
  1298.8000       3.93941340E-03
  1298.9000       3.92886607E-03
  1299.0000       3.91847493E-03
  1299.1000       3.90807985E-03
  1299.2000       3.89769719E-03
  1299.3000       3.88729428E-03
  1299.4000       3.87693169E-03
  1299.5000       3.86663948E-03
  1299.6000       3.85630266E-03
  1299.7000       3.84601692E-03
  1299.8000       3.83573364E-03
  1299.9000       3.82545861E-03
  1300.0000       3.81520006E-03
