  2200.1000       1.85294873E-02
  2200.2000       1.85574087E-02
  2200.3000       1.85774700E-02
  2200.4000       1.85882834E-02
  2200.5000       1.85899793E-02
  2200.6000       1.85830571E-02
  2200.7000       1.85691443E-02
  2200.8000       1.85495824E-02
  2200.9000       1.85260303E-02
  2201.0000       1.85001551E-02
  2201.1000       1.84728324E-02
  2201.2000       1.84452909E-02
  2201.3000       1.84191979E-02
  2201.4000       1.83958102E-02
  2201.5000       1.83745460E-02
  2201.6000       1.83554000E-02
  2201.7000       1.83374512E-02
  2201.8000       1.83194503E-02
  2201.9000       1.83012978E-02
  2202.0000       1.82826995E-02
  2202.1000       1.82639258E-02
  2202.2000       1.82455322E-02
  2202.3000       1.82292275E-02
  2202.4000       1.82150813E-02
  2202.5000       1.82023686E-02
  2202.6000       1.81925140E-02
  2202.7000       1.81855050E-02
  2202.8000       1.81794881E-02
  2202.9000       1.81738374E-02
  2203.0000       1.81674775E-02
  2203.1000       1.81599833E-02
  2203.2000       1.81514772E-02
  2203.3000       1.81421107E-02
  2203.4000       1.81321225E-02
  2203.5000       1.81222395E-02
  2203.6000       1.81130453E-02
  2203.7000       1.81053791E-02
  2203.8000       1.80991627E-02
  2203.9000       1.80947945E-02
  2204.0000       1.80917724E-02
  2204.1000       1.80888874E-02
  2204.2000       1.80860065E-02
  2204.3000       1.80824940E-02
  2204.4000       1.80780973E-02
  2204.5000       1.80732663E-02
  2204.6000       1.80692408E-02
  2204.7000       1.80660183E-02
  2204.8000       1.80641085E-02
  2204.9000       1.80637982E-02
  2205.0000       1.80664741E-02
  2205.1000       1.80708933E-02
  2205.2000       1.80758350E-02
  2205.3000       1.80797656E-02
  2205.4000       1.80820212E-02
  2205.5000       1.80813656E-02
  2205.6000       1.80778777E-02
  2205.7000       1.80714889E-02
  2205.8000       1.80634223E-02
  2205.9000       1.80540044E-02
  2206.0000       1.80439908E-02
  2206.1000       1.80341302E-02
  2206.2000       1.80247422E-02
  2206.3000       1.80166721E-02
  2206.4000       1.80101633E-02
  2206.5000       1.80055927E-02
  2206.6000       1.80027694E-02
  2206.7000       1.80022651E-02
  2206.8000       1.80039403E-02
  2206.9000       1.80068861E-02
  2207.0000       1.80108604E-02
  2207.1000       1.80154208E-02
  2207.2000       1.80203765E-02
  2207.3000       1.80249872E-02
  2207.4000       1.80296392E-02
  2207.5000       1.80343380E-02
  2207.6000       1.80396510E-02
  2207.7000       1.80461381E-02
  2207.8000       1.80533102E-02
  2207.9000       1.80605223E-02
  2208.0000       1.80683128E-02
  2208.1000       1.80762382E-02
  2208.2000       1.80853306E-02
  2208.3000       1.80958957E-02
  2208.4000       1.81073184E-02
  2208.5000       1.81185258E-02
  2208.6000       1.81295720E-02
  2208.7000       1.81411545E-02
  2208.8000       1.81515188E-02
  2208.9000       1.81583541E-02
  2209.0000       1.81613216E-02
  2209.1000       1.81603841E-02
  2209.2000       1.81546456E-02
  2209.3000       1.81444452E-02
  2209.4000       1.81310737E-02
  2209.5000       1.81145708E-02
  2209.6000       1.80975944E-02
  2209.7000       1.80822500E-02
  2209.8000       1.80712386E-02
  2209.9000       1.80651383E-02
  2210.0000       1.80652568E-02
  2210.1000       1.80718412E-02
  2210.2000       1.80848524E-02
  2210.3000       1.81038547E-02
  2210.4000       1.81281488E-02
  2210.5000       1.81556709E-02
  2210.6000       1.81856750E-02
  2210.7000       1.82172990E-02
  2210.8000       1.82488646E-02
  2210.9000       1.82786113E-02
  2211.0000       1.83038180E-02
  2211.1000       1.83242778E-02
  2211.2000       1.83393818E-02
  2211.3000       1.83489076E-02
  2211.4000       1.83527504E-02
  2211.5000       1.83522800E-02
  2211.6000       1.83502968E-02
  2211.7000       1.83494870E-02
  2211.8000       1.83503892E-02
  2211.9000       1.83521626E-02
  2212.0000       1.83529906E-02
  2212.1000       1.83521156E-02
  2212.2000       1.83494833E-02
  2212.3000       1.83435853E-02
  2212.4000       1.83335433E-02
  2212.5000       1.83192564E-02
  2212.6000       1.83011306E-02
  2212.7000       1.82790278E-02
  2212.8000       1.82538645E-02
  2212.9000       1.82270921E-02
  2213.0000       1.81999034E-02
  2213.1000       1.81748577E-02
  2213.2000       1.81535547E-02
  2213.3000       1.81368869E-02
  2213.4000       1.81240146E-02
  2213.5000       1.81127646E-02
  2213.6000       1.81024615E-02
  2213.7000       1.80922269E-02
  2213.8000       1.80821469E-02
  2213.9000       1.80731338E-02
  2214.0000       1.80655543E-02
  2214.1000       1.80616405E-02
  2214.2000       1.80603496E-02
  2214.3000       1.80588645E-02
  2214.4000       1.80564300E-02
  2214.5000       1.80527432E-02
  2214.6000       1.80503632E-02
  2214.7000       1.80474428E-02
  2214.8000       1.80433818E-02
  2214.9000       1.80370742E-02
  2215.0000       1.80283979E-02
  2215.1000       1.80182818E-02
  2215.2000       1.80080306E-02
  2215.3000       1.79983218E-02
  2215.4000       1.79905056E-02
  2215.5000       1.79841807E-02
  2215.6000       1.79786013E-02
  2215.7000       1.79753415E-02
  2215.8000       1.79721922E-02
  2215.9000       1.79666216E-02
  2216.0000       1.79592296E-02
  2216.1000       1.79510973E-02
  2216.2000       1.79427545E-02
  2216.3000       1.79336326E-02
  2216.4000       1.79246010E-02
  2216.5000       1.79162505E-02
  2216.6000       1.79068540E-02
  2216.7000       1.78963848E-02
  2216.8000       1.78877844E-02
  2216.9000       1.78834240E-02
  2217.0000       1.78839830E-02
  2217.1000       1.78904769E-02
  2217.2000       1.79027624E-02
  2217.3000       1.79191531E-02
  2217.4000       1.79371899E-02
  2217.5000       1.79561872E-02
  2217.6000       1.79736602E-02
  2217.7000       1.79875701E-02
  2217.8000       1.79996802E-02
  2217.9000       1.80089152E-02
  2218.0000       1.80144568E-02
  2218.1000       1.80177934E-02
  2218.2000       1.80195089E-02
  2218.3000       1.80201699E-02
  2218.4000       1.80205568E-02
  2218.5000       1.80213776E-02
  2218.6000       1.80208529E-02
  2218.7000       1.80160051E-02
  2218.8000       1.80059028E-02
  2218.9000       1.79908165E-02
  2219.0000       1.79710615E-02
  2219.1000       1.79479396E-02
  2219.2000       1.79228727E-02
  2219.3000       1.78971760E-02
  2219.4000       1.78733934E-02
  2219.5000       1.78525844E-02
  2219.6000       1.78341897E-02
  2219.7000       1.78180180E-02
  2219.8000       1.78048252E-02
  2219.9000       1.77960227E-02
  2220.0000       1.77928707E-02
  2220.1000       1.77949058E-02
  2220.2000       1.78005953E-02
  2220.3000       1.78089776E-02
  2220.4000       1.78196761E-02
  2220.5000       1.78300260E-02
  2220.6000       1.78387518E-02
  2220.7000       1.78460382E-02
  2220.8000       1.78519521E-02
  2220.9000       1.78568561E-02
  2221.0000       1.78605706E-02
  2221.1000       1.78633814E-02
  2221.2000       1.78676373E-02
  2221.3000       1.78734126E-02
  2221.4000       1.78774149E-02
  2221.5000       1.78808956E-02
  2221.6000       1.78853500E-02
  2221.7000       1.78894678E-02
  2221.8000       1.78924998E-02
  2221.9000       1.78925103E-02
  2222.0000       1.78892663E-02
  2222.1000       1.78824939E-02
  2222.2000       1.78723246E-02
  2222.3000       1.78598243E-02
  2222.4000       1.78457271E-02
  2222.5000       1.78292148E-02
  2222.6000       1.78094903E-02
  2222.7000       1.77874762E-02
  2222.8000       1.77657875E-02
  2222.9000       1.77438886E-02
  2223.0000       1.77236783E-02
  2223.1000       1.77057605E-02
  2223.2000       1.76880535E-02
  2223.3000       1.76720111E-02
  2223.4000       1.76592553E-02
  2223.5000       1.76473261E-02
  2223.6000       1.76355652E-02
  2223.7000       1.76254369E-02
  2223.8000       1.76174841E-02
  2223.9000       1.76119584E-02
  2224.0000       1.76090151E-02
  2224.1000       1.76080512E-02
  2224.2000       1.76081003E-02
  2224.3000       1.76101146E-02
  2224.4000       1.76139768E-02
  2224.5000       1.76197134E-02
  2224.6000       1.76279129E-02
  2224.7000       1.76375448E-02
  2224.8000       1.76476250E-02
  2224.9000       1.76591265E-02
  2225.0000       1.76730696E-02
  2225.1000       1.76887091E-02
  2225.2000       1.77053533E-02
  2225.3000       1.77234859E-02
  2225.4000       1.77433626E-02
  2225.5000       1.77654111E-02
  2225.6000       1.77890001E-02
  2225.7000       1.78131536E-02
  2225.8000       1.78361485E-02
  2225.9000       1.78560624E-02
  2226.0000       1.78712709E-02
  2226.1000       1.78817043E-02
  2226.2000       1.78876867E-02
  2226.3000       1.78877330E-02
  2226.4000       1.78815098E-02
  2226.5000       1.78695677E-02
  2226.6000       1.78528977E-02
  2226.7000       1.78328843E-02
  2226.8000       1.78113695E-02
  2226.9000       1.77907050E-02
  2227.0000       1.77721909E-02
  2227.1000       1.77542424E-02
  2227.2000       1.77368460E-02
  2227.3000       1.77199495E-02
  2227.4000       1.77013780E-02
  2227.5000       1.76790783E-02
  2227.6000       1.76548078E-02
  2227.7000       1.76293436E-02
  2227.8000       1.76045529E-02
  2227.9000       1.75818260E-02
  2228.0000       1.75622061E-02
  2228.1000       1.75455637E-02
  2228.2000       1.75316819E-02
  2228.3000       1.75214411E-02
  2228.4000       1.75159685E-02
  2228.5000       1.75147477E-02
  2228.6000       1.75177195E-02
  2228.7000       1.75248204E-02
  2228.8000       1.75350185E-02
  2228.9000       1.75459381E-02
  2229.0000       1.75547699E-02
  2229.1000       1.75609644E-02
  2229.2000       1.75642295E-02
  2229.3000       1.75638229E-02
  2229.4000       1.75612102E-02
  2229.5000       1.75581056E-02
  2229.6000       1.75558746E-02
  2229.7000       1.75544440E-02
  2229.8000       1.75534726E-02
  2229.9000       1.75532595E-02
  2230.0000       1.75546143E-02
  2230.1000       1.75577593E-02
  2230.2000       1.75643775E-02
  2230.3000       1.75732129E-02
  2230.4000       1.75843713E-02
  2230.5000       1.75984901E-02
  2230.6000       1.76145047E-02
  2230.7000       1.76322896E-02
  2230.8000       1.76509917E-02
  2230.9000       1.76705214E-02
  2231.0000       1.76906482E-02
  2231.1000       1.77113234E-02
  2231.2000       1.77318439E-02
  2231.3000       1.77511926E-02
  2231.4000       1.77690176E-02
  2231.5000       1.77856436E-02
  2231.6000       1.78015003E-02
  2231.7000       1.78159244E-02
  2231.8000       1.78296488E-02
  2231.9000       1.78413894E-02
  2232.0000       1.78505820E-02
  2232.1000       1.78571652E-02
  2232.2000       1.78611652E-02
  2232.3000       1.78652831E-02
  2232.4000       1.78697988E-02
  2232.5000       1.78758351E-02
  2232.6000       1.78827816E-02
  2232.7000       1.78887572E-02
  2232.8000       1.78928143E-02
  2232.9000       1.78944711E-02
  2233.0000       1.78945258E-02
  2233.1000       1.78942356E-02
  2233.2000       1.78937786E-02
  2233.3000       1.78935303E-02
  2233.4000       1.78954228E-02
  2233.5000       1.78996592E-02
  2233.6000       1.79066874E-02
  2233.7000       1.79155018E-02
  2233.8000       1.79257067E-02
  2233.9000       1.79357959E-02
  2234.0000       1.79442153E-02
  2234.1000       1.79503267E-02
  2234.2000       1.79539005E-02
  2234.3000       1.79546284E-02
  2234.4000       1.79541313E-02
  2234.5000       1.79537940E-02
  2234.6000       1.79542174E-02
  2234.7000       1.79549432E-02
  2234.8000       1.79556685E-02
  2234.9000       1.79562729E-02
  2235.0000       1.79572261E-02
  2235.1000       1.79596557E-02
  2235.2000       1.79633331E-02
  2235.3000       1.79683066E-02
  2235.4000       1.79744949E-02
  2235.5000       1.79815469E-02
  2235.6000       1.79892659E-02
  2235.7000       1.79974764E-02
  2235.8000       1.80062312E-02
  2235.9000       1.80155695E-02
  2236.0000       1.80253132E-02
  2236.1000       1.80354417E-02
  2236.2000       1.80459657E-02
  2236.3000       1.80567525E-02
  2236.4000       1.80674899E-02
  2236.5000       1.80776951E-02
  2236.6000       1.80872364E-02
  2236.7000       1.80967825E-02
  2236.8000       1.81058865E-02
  2236.9000       1.81134415E-02
  2237.0000       1.81203321E-02
  2237.1000       1.81269216E-02
  2237.2000       1.81341776E-02
  2237.3000       1.81422944E-02
  2237.4000       1.81510652E-02
  2237.5000       1.81572746E-02
  2237.6000       1.81605242E-02
  2237.7000       1.81616035E-02
  2237.8000       1.81624119E-02
  2237.9000       1.81615554E-02
  2238.0000       1.81588427E-02
  2238.1000       1.81556107E-02
  2238.2000       1.81536306E-02
  2238.3000       1.81527370E-02
  2238.4000       1.81525702E-02
  2238.5000       1.81557414E-02
  2238.6000       1.81628491E-02
  2238.7000       1.81733226E-02
  2238.8000       1.81857577E-02
  2238.9000       1.81995626E-02
  2239.0000       1.82129877E-02
  2239.1000       1.82244574E-02
  2239.2000       1.82336429E-02
  2239.3000       1.82418109E-02
  2239.4000       1.82501555E-02
  2239.5000       1.82583613E-02
  2239.6000       1.82649565E-02
  2239.7000       1.82687280E-02
  2239.8000       1.82703052E-02
  2239.9000       1.82694374E-02
  2240.0000       1.82662503E-02
  2240.1000       1.82616378E-02
  2240.2000       1.82557064E-02
  2240.3000       1.82477775E-02
  2240.4000       1.82383315E-02
  2240.5000       1.82278470E-02
  2240.6000       1.82164144E-02
  2240.7000       1.82032482E-02
  2240.8000       1.81888688E-02
  2240.9000       1.81731700E-02
  2241.0000       1.81558230E-02
  2241.1000       1.81377782E-02
  2241.2000       1.81203283E-02
  2241.3000       1.81041225E-02
  2241.4000       1.80909441E-02
  2241.5000       1.80811161E-02
  2241.6000       1.80740493E-02
  2241.7000       1.80683964E-02
  2241.8000       1.80639268E-02
  2241.9000       1.80606745E-02
  2242.0000       1.80592278E-02
  2242.1000       1.80588427E-02
  2242.2000       1.80584446E-02
  2242.3000       1.80578269E-02
  2242.4000       1.80553504E-02
  2242.5000       1.80504767E-02
  2242.6000       1.80435822E-02
  2242.7000       1.80345319E-02
  2242.8000       1.80234170E-02
  2242.9000       1.80123478E-02
  2243.0000       1.80027024E-02
  2243.1000       1.79952876E-02
  2243.2000       1.79908018E-02
  2243.3000       1.79889829E-02
  2243.4000       1.79885760E-02
  2243.5000       1.79897074E-02
  2243.6000       1.79913419E-02
  2243.7000       1.79920558E-02
  2243.8000       1.79923308E-02
  2243.9000       1.79919080E-02
  2244.0000       1.79906132E-02
  2244.1000       1.79880556E-02
  2244.2000       1.79843362E-02
  2244.3000       1.79798725E-02
  2244.4000       1.79755228E-02
  2244.5000       1.79714724E-02
  2244.6000       1.79674086E-02
  2244.7000       1.79644861E-02
  2244.8000       1.79635051E-02
  2244.9000       1.79637117E-02
  2245.0000       1.79647987E-02
  2245.1000       1.79663545E-02
  2245.2000       1.79677132E-02
  2245.3000       1.79692292E-02
  2245.4000       1.79698866E-02
  2245.5000       1.79679456E-02
  2245.6000       1.79622522E-02
  2245.7000       1.79529872E-02
  2245.8000       1.79402348E-02
  2245.9000       1.79251753E-02
  2246.0000       1.79069055E-02
  2246.1000       1.78857142E-02
  2246.2000       1.78629730E-02
  2246.3000       1.78406641E-02
  2246.4000       1.78203013E-02
  2246.5000       1.78015294E-02
  2246.6000       1.77842816E-02
  2246.7000       1.77683323E-02
  2246.8000       1.77540843E-02
  2246.9000       1.77412802E-02
  2247.0000       1.77274731E-02
  2247.1000       1.77114985E-02
  2247.2000       1.76913551E-02
  2247.3000       1.76660559E-02
  2247.4000       1.76363576E-02
  2247.5000       1.76069172E-02
  2247.6000       1.75806265E-02
  2247.7000       1.75568498E-02
  2247.8000       1.75324781E-02
  2247.9000       1.75060769E-02
  2248.0000       1.74786623E-02
  2248.1000       1.74535434E-02
  2248.2000       1.74328530E-02
  2248.3000       1.74160010E-02
  2248.4000       1.74021102E-02
  2248.5000       1.73919617E-02
  2248.6000       1.73861383E-02
  2248.7000       1.73844990E-02
  2248.8000       1.73864025E-02
  2248.9000       1.73929227E-02
  2249.0000       1.74041032E-02
  2249.1000       1.74181639E-02
  2249.2000       1.74349295E-02
  2249.3000       1.74536524E-02
  2249.4000       1.74742271E-02
  2249.5000       1.74955929E-02
  2249.6000       1.75177991E-02
  2249.7000       1.75397329E-02
  2249.8000       1.75606137E-02
  2249.9000       1.75798432E-02
  2250.0000       1.75975643E-02
  2250.1000       1.76130821E-02
  2250.2000       1.76268291E-02
  2250.3000       1.76380112E-02
  2250.4000       1.76468887E-02
  2250.5000       1.76532947E-02
  2250.6000       1.76571703E-02
  2250.7000       1.76590584E-02
  2250.8000       1.76591645E-02
  2250.9000       1.76584742E-02
  2251.0000       1.76578608E-02
  2251.1000       1.76576421E-02
  2251.2000       1.76590066E-02
  2251.3000       1.76624402E-02
  2251.4000       1.76685491E-02
  2251.5000       1.76776182E-02
  2251.6000       1.76897772E-02
  2251.7000       1.77045398E-02
  2251.8000       1.77209649E-02
  2251.9000       1.77385956E-02
  2252.0000       1.77566608E-02
  2252.1000       1.77729797E-02
  2252.2000       1.77873612E-02
  2252.3000       1.77996392E-02
  2252.4000       1.78103956E-02
  2252.5000       1.78201550E-02
  2252.6000       1.78290448E-02
  2252.7000       1.78390232E-02
  2252.8000       1.78506522E-02
  2252.9000       1.78648446E-02
  2253.0000       1.78814396E-02
  2253.1000       1.79017069E-02
  2253.2000       1.79262714E-02
  2253.3000       1.79537833E-02
  2253.4000       1.79819036E-02
  2253.5000       1.80086150E-02
  2253.6000       1.80332625E-02
  2253.7000       1.80561714E-02
  2253.8000       1.80786536E-02
  2253.9000       1.81014374E-02
  2254.0000       1.81256508E-02
  2254.1000       1.81516609E-02
  2254.2000       1.81786886E-02
  2254.3000       1.82065790E-02
  2254.4000       1.82343566E-02
  2254.5000       1.82615942E-02
  2254.6000       1.82879474E-02
  2254.7000       1.83133185E-02
  2254.8000       1.83378612E-02
  2254.9000       1.83622542E-02
  2255.0000       1.83866134E-02
  2255.1000       1.84107176E-02
  2255.2000       1.84342515E-02
  2255.3000       1.84581564E-02
  2255.4000       1.84832263E-02
  2255.5000       1.85103394E-02
  2255.6000       1.85388974E-02
  2255.7000       1.85680997E-02
  2255.8000       1.85964083E-02
  2255.9000       1.86224696E-02
  2256.0000       1.86440569E-02
  2256.1000       1.86589759E-02
  2256.2000       1.86667633E-02
  2256.3000       1.86684983E-02
  2256.4000       1.86670921E-02
  2256.5000       1.86650178E-02
  2256.6000       1.86619775E-02
  2256.7000       1.86584552E-02
  2256.8000       1.86560220E-02
  2256.9000       1.86558209E-02
  2257.0000       1.86571034E-02
  2257.1000       1.86567297E-02
  2257.2000       1.86525924E-02
  2257.3000       1.86425395E-02
  2257.4000       1.86268523E-02
  2257.5000       1.86084665E-02
  2257.6000       1.85901829E-02
  2257.7000       1.85741100E-02
  2257.8000       1.85603061E-02
  2257.9000       1.85496698E-02
  2258.0000       1.85445778E-02
  2258.1000       1.85475028E-02
  2258.2000       1.85576491E-02
  2258.3000       1.85711996E-02
  2258.4000       1.85851444E-02
  2258.5000       1.85989078E-02
  2258.6000       1.86109279E-02
  2258.7000       1.86170411E-02
  2258.8000       1.86166553E-02
  2258.9000       1.86099378E-02
  2259.0000       1.85960569E-02
  2259.1000       1.85750196E-02
  2259.2000       1.85488073E-02
  2259.3000       1.85193376E-02
  2259.4000       1.84872087E-02
  2259.5000       1.84525326E-02
  2259.6000       1.84164144E-02
  2259.7000       1.83803821E-02
  2259.8000       1.83454611E-02
  2259.9000       1.83133021E-02
  2260.0000       1.82839912E-02
  2260.1000       1.82572281E-02
  2260.2000       1.82312978E-02
  2260.3000       1.82043738E-02
  2260.4000       1.81750903E-02
  2260.5000       1.81421998E-02
  2260.6000       1.81047205E-02
  2260.7000       1.80633729E-02
  2260.8000       1.80205498E-02
  2260.9000       1.79800882E-02
  2261.0000       1.79434641E-02
  2261.1000       1.79113072E-02
  2261.2000       1.78835547E-02
  2261.3000       1.78603866E-02
  2261.4000       1.78402212E-02
  2261.5000       1.78226570E-02
  2261.6000       1.78061555E-02
  2261.7000       1.77900099E-02
  2261.8000       1.77734119E-02
  2261.9000       1.77566611E-02
  2262.0000       1.77396952E-02
  2262.1000       1.77222560E-02
  2262.2000       1.77055626E-02
  2262.3000       1.76907226E-02
  2262.4000       1.76773771E-02
  2262.5000       1.76648456E-02
  2262.6000       1.76530121E-02
  2262.7000       1.76412400E-02
  2262.8000       1.76297308E-02
  2262.9000       1.76185621E-02
  2263.0000       1.76074829E-02
  2263.1000       1.75955547E-02
  2263.2000       1.75835124E-02
  2263.3000       1.75709839E-02
  2263.4000       1.75576114E-02
  2263.5000       1.75433070E-02
  2263.6000       1.75286538E-02
  2263.7000       1.75132776E-02
  2263.8000       1.74972178E-02
  2263.9000       1.74801451E-02
  2264.0000       1.74620877E-02
  2264.1000       1.74436991E-02
  2264.2000       1.74267907E-02
  2264.3000       1.74121613E-02
  2264.4000       1.73997577E-02
  2264.5000       1.73903027E-02
  2264.6000       1.73841959E-02
  2264.7000       1.73818849E-02
  2264.8000       1.73835491E-02
  2264.9000       1.73884089E-02
  2265.0000       1.73968765E-02
  2265.1000       1.74092460E-02
  2265.2000       1.74254864E-02
  2265.3000       1.74462993E-02
  2265.4000       1.74712963E-02
  2265.5000       1.74999352E-02
  2265.6000       1.75295418E-02
  2265.7000       1.75579657E-02
  2265.8000       1.75847472E-02
  2265.9000       1.76101903E-02
  2266.0000       1.76334061E-02
  2266.1000       1.76532578E-02
  2266.2000       1.76696275E-02
  2266.3000       1.76828978E-02
  2266.4000       1.76932525E-02
  2266.5000       1.77003827E-02
  2266.6000       1.77043984E-02
  2266.7000       1.77045197E-02
  2266.8000       1.77010408E-02
  2266.9000       1.76950686E-02
  2267.0000       1.76869444E-02
  2267.1000       1.76765644E-02
  2267.2000       1.76638394E-02
  2267.3000       1.76503657E-02
  2267.4000       1.76377941E-02
  2267.5000       1.76263899E-02
  2267.6000       1.76168116E-02
  2267.7000       1.76095780E-02
  2267.8000       1.76058881E-02
  2267.9000       1.76056950E-02
  2268.0000       1.76091963E-02
  2268.1000       1.76148168E-02
  2268.2000       1.76221526E-02
  2268.3000       1.76304849E-02
  2268.4000       1.76392983E-02
  2268.5000       1.76478757E-02
  2268.6000       1.76566500E-02
  2268.7000       1.76648026E-02
  2268.8000       1.76717983E-02
  2268.9000       1.76766801E-02
  2269.0000       1.76793149E-02
  2269.1000       1.76797986E-02
  2269.2000       1.76783579E-02
  2269.3000       1.76747818E-02
  2269.4000       1.76684813E-02
  2269.5000       1.76597893E-02
  2269.6000       1.76499657E-02
  2269.7000       1.76384158E-02
  2269.8000       1.76245847E-02
  2269.9000       1.76085525E-02
  2270.0000       1.75896765E-02
  2270.1000       1.75680638E-02
  2270.2000       1.75443055E-02
  2270.3000       1.75191750E-02
  2270.4000       1.74928730E-02
  2270.5000       1.74652883E-02
  2270.6000       1.74364346E-02
  2270.7000       1.74077632E-02
  2270.8000       1.73810716E-02
  2270.9000       1.73573233E-02
  2271.0000       1.73364129E-02
  2271.1000       1.73189734E-02
  2271.2000       1.73066365E-02
  2271.3000       1.72995502E-02
  2271.4000       1.72975248E-02
  2271.5000       1.72996628E-02
  2271.6000       1.73049271E-02
  2271.7000       1.73120070E-02
  2271.8000       1.73198280E-02
  2271.9000       1.73264369E-02
  2272.0000       1.73297121E-02
  2272.1000       1.73273538E-02
  2272.2000       1.73180660E-02
  2272.3000       1.73022923E-02
  2272.4000       1.72813162E-02
  2272.5000       1.72564280E-02
  2272.6000       1.72289016E-02
  2272.7000       1.71998270E-02
  2272.8000       1.71706693E-02
  2272.9000       1.71413884E-02
  2273.0000       1.71106892E-02
  2273.1000       1.70804309E-02
  2273.2000       1.70517938E-02
  2273.3000       1.70268398E-02
  2273.4000       1.70081063E-02
  2273.5000       1.69963529E-02
  2273.6000       1.69917484E-02
  2273.7000       1.69947436E-02
  2273.8000       1.70052440E-02
  2273.9000       1.70245558E-02
  2274.0000       1.70536565E-02
  2274.1000       1.70914833E-02
  2274.2000       1.71351303E-02
  2274.3000       1.71824816E-02
  2274.4000       1.72317438E-02
  2274.5000       1.72831751E-02
  2274.6000       1.73360010E-02
  2274.7000       1.73877266E-02
  2274.8000       1.74316813E-02
  2274.9000       1.74607004E-02
  2275.0000       1.74746527E-02
  2275.1000       1.74791265E-02
  2275.2000       1.74803271E-02
  2275.3000       1.74799469E-02
  2275.4000       1.74772674E-02
  2275.5000       1.74708568E-02
  2275.6000       1.74617274E-02
  2275.7000       1.74538489E-02
  2275.8000       1.74511066E-02
  2275.9000       1.74538864E-02
  2276.0000       1.74596841E-02
  2276.1000       1.74655161E-02
  2276.2000       1.74715124E-02
  2276.3000       1.74785842E-02
  2276.4000       1.74886074E-02
  2276.5000       1.75007213E-02
  2276.6000       1.75110186E-02
  2276.7000       1.75130518E-02
  2276.8000       1.75050798E-02
  2276.9000       1.74911475E-02
  2277.0000       1.74733982E-02
  2277.1000       1.74523224E-02
  2277.2000       1.74259630E-02
  2277.3000       1.73944814E-02
  2277.4000       1.73596639E-02
  2277.5000       1.73245156E-02
  2277.6000       1.72904915E-02
  2277.7000       1.72571116E-02
  2277.8000       1.72230779E-02
  2277.9000       1.71876618E-02
  2278.0000       1.71505456E-02
  2278.1000       1.71109757E-02
  2278.2000       1.70682477E-02
  2278.3000       1.70247686E-02
  2278.4000       1.69845942E-02
  2278.5000       1.69495881E-02
  2278.6000       1.69194361E-02
  2278.7000       1.68943703E-02
  2278.8000       1.68745471E-02
  2278.9000       1.68612606E-02
  2279.0000       1.68554899E-02
  2279.1000       1.68581912E-02
  2279.2000       1.68671835E-02
  2279.3000       1.68808304E-02
  2279.4000       1.68979008E-02
  2279.5000       1.69177018E-02
  2279.6000       1.69391371E-02
  2279.7000       1.69608864E-02
  2279.8000       1.69813441E-02
  2279.9000       1.69994866E-02
  2280.0000       1.70144935E-02
  2280.1000       1.70271603E-02
  2280.2000       1.70382971E-02
  2280.3000       1.70483334E-02
  2280.4000       1.70576118E-02
  2280.5000       1.70666991E-02
  2280.6000       1.70760567E-02
  2280.7000       1.70853352E-02
  2280.8000       1.70967124E-02
  2280.9000       1.71111008E-02
  2281.0000       1.71270225E-02
  2281.1000       1.71419994E-02
  2281.2000       1.71551445E-02
  2281.3000       1.71666291E-02
  2281.4000       1.71762107E-02
  2281.5000       1.71830552E-02
  2281.6000       1.71874141E-02
  2281.7000       1.71908679E-02
  2281.8000       1.71915115E-02
  2281.9000       1.71902273E-02
  2282.0000       1.71884492E-02
  2282.1000       1.71858154E-02
  2282.2000       1.71810515E-02
  2282.3000       1.71739552E-02
  2282.4000       1.71641180E-02
  2282.5000       1.71510584E-02
  2282.6000       1.71359803E-02
  2282.7000       1.71213367E-02
  2282.8000       1.71091293E-02
  2282.9000       1.71019341E-02
  2283.0000       1.71009109E-02
  2283.1000       1.71065396E-02
  2283.2000       1.71174480E-02
  2283.3000       1.71311818E-02
  2283.4000       1.71448872E-02
  2283.5000       1.71558987E-02
  2283.6000       1.71621127E-02
  2283.7000       1.71631092E-02
  2283.8000       1.71600758E-02
  2283.9000       1.71564099E-02
  2284.0000       1.71554692E-02
  2284.1000       1.71576221E-02
  2284.2000       1.71597703E-02
  2284.3000       1.71602348E-02
  2284.4000       1.71584802E-02
  2284.5000       1.71541827E-02
  2284.6000       1.71476291E-02
  2284.7000       1.71389540E-02
  2284.8000       1.71290792E-02
  2284.9000       1.71186945E-02
  2285.0000       1.71076567E-02
  2285.1000       1.70951300E-02
  2285.2000       1.70816835E-02
  2285.3000       1.70682644E-02
  2285.4000       1.70561004E-02
  2285.5000       1.70455512E-02
  2285.6000       1.70380882E-02
  2285.7000       1.70350971E-02
  2285.8000       1.70376322E-02
  2285.9000       1.70461305E-02
  2286.0000       1.70591701E-02
  2286.1000       1.70751822E-02
  2286.2000       1.70929706E-02
  2286.3000       1.71123658E-02
  2286.4000       1.71322614E-02
  2286.5000       1.71530113E-02
  2286.6000       1.71748986E-02
  2286.7000       1.71970823E-02
  2286.8000       1.72204370E-02
  2286.9000       1.72445392E-02
  2287.0000       1.72685221E-02
  2287.1000       1.72916080E-02
  2287.2000       1.73125498E-02
  2287.3000       1.73321021E-02
  2287.4000       1.73497076E-02
  2287.5000       1.73663626E-02
  2287.6000       1.73826765E-02
  2287.7000       1.73991872E-02
  2287.8000       1.74173800E-02
  2287.9000       1.74363410E-02
  2288.0000       1.74562521E-02
  2288.1000       1.74768288E-02
  2288.2000       1.74984439E-02
  2288.3000       1.75219193E-02
  2288.4000       1.75479632E-02
  2288.5000       1.75774791E-02
  2288.6000       1.76099613E-02
  2288.7000       1.76449225E-02
  2288.8000       1.76809423E-02
  2288.9000       1.77158168E-02
  2289.0000       1.77479246E-02
  2289.1000       1.77753660E-02
  2289.2000       1.77981181E-02
  2289.3000       1.78165075E-02
  2289.4000       1.78311765E-02
  2289.5000       1.78428184E-02
  2289.6000       1.78533844E-02
  2289.7000       1.78644361E-02
  2289.8000       1.78773894E-02
  2289.9000       1.78919322E-02
  2290.0000       1.79071997E-02
  2290.1000       1.79219312E-02
  2290.2000       1.79356545E-02
  2290.3000       1.79467921E-02
  2290.4000       1.79561786E-02
  2290.5000       1.79642732E-02
  2290.6000       1.79718836E-02
  2290.7000       1.79803445E-02
  2290.8000       1.79907848E-02
  2290.9000       1.80038460E-02
  2291.0000       1.80204070E-02
  2291.1000       1.80392005E-02
  2291.2000       1.80573765E-02
  2291.3000       1.80705804E-02
  2291.4000       1.80779007E-02
  2291.5000       1.80790798E-02
  2291.6000       1.80751390E-02
  2291.7000       1.80671701E-02
  2291.8000       1.80565448E-02
  2291.9000       1.80456659E-02
  2292.0000       1.80362111E-02
  2292.1000       1.80293250E-02
  2292.2000       1.80255552E-02
  2292.3000       1.80250949E-02
  2292.4000       1.80259616E-02
  2292.5000       1.80244207E-02
  2292.6000       1.80183209E-02
  2292.7000       1.80092004E-02
  2292.8000       1.79993298E-02
  2292.9000       1.79912578E-02
  2293.0000       1.79867159E-02
  2293.1000       1.79874142E-02
  2293.2000       1.79936538E-02
  2293.3000       1.80057283E-02
  2293.4000       1.80237360E-02
  2293.5000       1.80456493E-02
  2293.6000       1.80688401E-02
  2293.7000       1.80916504E-02
  2293.8000       1.81129946E-02
  2293.9000       1.81311532E-02
  2294.0000       1.81453473E-02
  2294.1000       1.81560585E-02
  2294.2000       1.81651782E-02
  2294.3000       1.81737405E-02
  2294.4000       1.81815825E-02
  2294.5000       1.81896503E-02
  2294.6000       1.81982626E-02
  2294.7000       1.82062430E-02
  2294.8000       1.82116406E-02
  2294.9000       1.82141059E-02
  2295.0000       1.82141713E-02
  2295.1000       1.82134937E-02
  2295.2000       1.82123043E-02
  2295.3000       1.82121836E-02
  2295.4000       1.82132640E-02
  2295.5000       1.82143342E-02
  2295.6000       1.82134591E-02
  2295.7000       1.82102216E-02
  2295.8000       1.82038880E-02
  2295.9000       1.81963341E-02
  2296.0000       1.81892179E-02
  2296.1000       1.81837477E-02
  2296.2000       1.81795800E-02
  2296.3000       1.81773529E-02
  2296.4000       1.81768143E-02
  2296.5000       1.81773744E-02
  2296.6000       1.81792713E-02
  2296.7000       1.81832916E-02
  2296.8000       1.81895451E-02
  2296.9000       1.81972425E-02
  2297.0000       1.82062824E-02
  2297.1000       1.82179462E-02
  2297.2000       1.82334425E-02
  2297.3000       1.82518221E-02
  2297.4000       1.82696796E-02
  2297.5000       1.82852356E-02
  2297.6000       1.82990138E-02
  2297.7000       1.83117255E-02
  2297.8000       1.83231299E-02
  2297.9000       1.83310024E-02
  2298.0000       1.83359275E-02
  2298.1000       1.83387753E-02
  2298.2000       1.83419264E-02
  2298.3000       1.83471924E-02
  2298.4000       1.83530385E-02
  2298.5000       1.83586761E-02
  2298.6000       1.83614633E-02
  2298.7000       1.83597206E-02
  2298.8000       1.83543357E-02
  2298.9000       1.83461898E-02
  2299.0000       1.83343650E-02
  2299.1000       1.83184435E-02
  2299.2000       1.82998579E-02
  2299.3000       1.82817580E-02
  2299.4000       1.82658996E-02
  2299.5000       1.82550360E-02
  2299.6000       1.82507775E-02
  2299.7000       1.82525414E-02
  2299.8000       1.82583392E-02
  2299.9000       1.82656650E-02
  2300.0000       1.82727113E-02
  2300.1000       1.82757152E-02
  2300.2000       1.82741743E-02
  2300.3000       1.82680647E-02
  2300.4000       1.82580843E-02
  2300.5000       1.82446317E-02
  2300.6000       1.82281245E-02
  2300.7000       1.82102164E-02
  2300.8000       1.81903928E-02
  2300.9000       1.81714501E-02
  2301.0000       1.81560139E-02
  2301.1000       1.81433064E-02
  2301.2000       1.81346590E-02
  2301.3000       1.81309015E-02
  2301.4000       1.81313334E-02
  2301.5000       1.81368999E-02
  2301.6000       1.81471716E-02
  2301.7000       1.81605090E-02
  2301.8000       1.81740597E-02
  2301.9000       1.81869562E-02
  2302.0000       1.81992678E-02
  2302.1000       1.82122489E-02
  2302.2000       1.82271921E-02
  2302.3000       1.82442871E-02
  2302.4000       1.82631625E-02
  2302.5000       1.82827750E-02
  2302.6000       1.83042616E-02
  2302.7000       1.83254744E-02
  2302.8000       1.83449718E-02
  2302.9000       1.83623167E-02
  2303.0000       1.83772106E-02
  2303.1000       1.83899299E-02
  2303.2000       1.84006616E-02
  2303.3000       1.84081461E-02
  2303.4000       1.84102650E-02
  2303.5000       1.84065926E-02
  2303.6000       1.83968682E-02
  2303.7000       1.83821056E-02
  2303.8000       1.83634628E-02
  2303.9000       1.83418430E-02
  2304.0000       1.83173345E-02
  2304.1000       1.82921381E-02
  2304.2000       1.82696253E-02
  2304.3000       1.82510968E-02
  2304.4000       1.82373036E-02
  2304.5000       1.82292462E-02
  2304.6000       1.82262228E-02
  2304.7000       1.82279552E-02
  2304.8000       1.82330503E-02
  2304.9000       1.82413826E-02
  2305.0000       1.82529410E-02
  2305.1000       1.82677195E-02
  2305.2000       1.82847818E-02
  2305.3000       1.83028858E-02
  2305.4000       1.83199032E-02
  2305.5000       1.83358737E-02
  2305.6000       1.83506691E-02
  2305.7000       1.83634403E-02
  2305.8000       1.83738387E-02
  2305.9000       1.83807543E-02
  2306.0000       1.83853246E-02
  2306.1000       1.83881275E-02
  2306.2000       1.83898011E-02
  2306.3000       1.83894856E-02
  2306.4000       1.83872012E-02
  2306.5000       1.83842284E-02
  2306.6000       1.83819688E-02
  2306.7000       1.83816918E-02
  2306.8000       1.83828318E-02
  2306.9000       1.83850340E-02
  2307.0000       1.83887593E-02
  2307.1000       1.83942173E-02
  2307.2000       1.84014982E-02
  2307.3000       1.84096121E-02
  2307.4000       1.84179981E-02
  2307.5000       1.84259388E-02
  2307.6000       1.84328172E-02
  2307.7000       1.84389566E-02
  2307.8000       1.84444641E-02
  2307.9000       1.84504708E-02
  2308.0000       1.84574838E-02
  2308.1000       1.84634639E-02
  2308.2000       1.84687369E-02
  2308.3000       1.84739798E-02
  2308.4000       1.84798015E-02
  2308.5000       1.84877106E-02
  2308.6000       1.84982171E-02
  2308.7000       1.85108607E-02
  2308.8000       1.85257010E-02
  2308.9000       1.85421854E-02
  2309.0000       1.85597783E-02
  2309.1000       1.85783849E-02
  2309.2000       1.85969982E-02
  2309.3000       1.86135222E-02
  2309.4000       1.86274187E-02
  2309.5000       1.86376805E-02
  2309.6000       1.86423550E-02
  2309.7000       1.86394219E-02
  2309.8000       1.86286617E-02
  2309.9000       1.86105517E-02
  2310.0000       1.85873939E-02
  2310.1000       1.85617782E-02
  2310.2000       1.85352740E-02
  2310.3000       1.85093468E-02
  2310.4000       1.84854819E-02
  2310.5000       1.84642378E-02
  2310.6000       1.84465636E-02
  2310.7000       1.84320977E-02
  2310.8000       1.84188600E-02
  2310.9000       1.84051047E-02
  2311.0000       1.83874235E-02
  2311.1000       1.83658808E-02
  2311.2000       1.83416343E-02
  2311.3000       1.83160922E-02
  2311.4000       1.82879545E-02
  2311.5000       1.82579841E-02
  2311.6000       1.82295311E-02
  2311.7000       1.82044523E-02
  2311.8000       1.81830930E-02
  2311.9000       1.81642220E-02
  2312.0000       1.81484712E-02
  2312.1000       1.81372574E-02
  2312.2000       1.81285804E-02
  2312.3000       1.81208092E-02
  2312.4000       1.81118670E-02
  2312.5000       1.80994276E-02
  2312.6000       1.80824349E-02
  2312.7000       1.80609781E-02
  2312.8000       1.80356896E-02
  2312.9000       1.80058515E-02
  2313.0000       1.79711508E-02
  2313.1000       1.79328523E-02
  2313.2000       1.78921133E-02
  2313.3000       1.78510572E-02
  2313.4000       1.78112407E-02
  2313.5000       1.77742647E-02
  2313.6000       1.77414243E-02
  2313.7000       1.77130182E-02
  2313.8000       1.76875721E-02
  2313.9000       1.76641064E-02
  2314.0000       1.76420722E-02
  2314.1000       1.76209585E-02
  2314.2000       1.76003864E-02
  2314.3000       1.75799927E-02
  2314.4000       1.75586100E-02
  2314.5000       1.75352617E-02
  2314.6000       1.75105853E-02
  2314.7000       1.74850729E-02
  2314.8000       1.74586324E-02
  2314.9000       1.74312218E-02
  2315.0000       1.74031160E-02
  2315.1000       1.73749704E-02
  2315.2000       1.73471891E-02
  2315.3000       1.73197289E-02
  2315.4000       1.72921814E-02
  2315.5000       1.72636677E-02
  2315.6000       1.72340945E-02
  2315.7000       1.72039107E-02
  2315.8000       1.71739167E-02
  2315.9000       1.71449578E-02
  2316.0000       1.71173953E-02
  2316.1000       1.70907773E-02
  2316.2000       1.70638482E-02
  2316.3000       1.70358921E-02
  2316.4000       1.70076441E-02
  2316.5000       1.69810118E-02
  2316.6000       1.69573445E-02
  2316.7000       1.69364496E-02
  2316.8000       1.69171097E-02
  2316.9000       1.68983449E-02
  2317.0000       1.68805216E-02
  2317.1000       1.68642356E-02
  2317.2000       1.68497667E-02
  2317.3000       1.68368345E-02
  2317.4000       1.68247780E-02
  2317.5000       1.68142990E-02
  2317.6000       1.68067606E-02
  2317.7000       1.68015364E-02
  2317.8000       1.67968832E-02
  2317.9000       1.67911467E-02
  2318.0000       1.67841808E-02
  2318.1000       1.67760660E-02
  2318.2000       1.67678351E-02
  2318.3000       1.67601423E-02
  2318.4000       1.67542591E-02
  2318.5000       1.67505309E-02
  2318.6000       1.67486968E-02
  2318.7000       1.67484343E-02
  2318.8000       1.67499245E-02
  2318.9000       1.67530033E-02
  2319.0000       1.67580117E-02
  2319.1000       1.67653470E-02
  2319.2000       1.67761686E-02
  2319.3000       1.67910143E-02
  2319.4000       1.68094482E-02
  2319.5000       1.68313281E-02
  2319.6000       1.68557381E-02
  2319.7000       1.68812644E-02
  2319.8000       1.69069505E-02
  2319.9000       1.69323601E-02
  2320.0000       1.69572827E-02
  2320.1000       1.69811454E-02
  2320.2000       1.70031899E-02
  2320.3000       1.70234247E-02
  2320.4000       1.70429341E-02
  2320.5000       1.70624526E-02
  2320.6000       1.70827115E-02
  2320.7000       1.71043739E-02
  2320.8000       1.71279657E-02
  2320.9000       1.71534157E-02
  2321.0000       1.71804484E-02
  2321.1000       1.72103307E-02
  2321.2000       1.72424335E-02
  2321.3000       1.72778944E-02
  2321.4000       1.73166941E-02
  2321.5000       1.73591502E-02
  2321.6000       1.74040225E-02
  2321.7000       1.74503410E-02
  2321.8000       1.74956681E-02
  2321.9000       1.75368471E-02
  2322.0000       1.75713783E-02
  2322.1000       1.75993904E-02
  2322.2000       1.76215257E-02
  2322.3000       1.76391046E-02
  2322.4000       1.76546332E-02
  2322.5000       1.76700987E-02
  2322.6000       1.76867792E-02
  2322.7000       1.77055439E-02
  2322.8000       1.77258903E-02
  2322.9000       1.77463718E-02
  2323.0000       1.77670377E-02
  2323.1000       1.77860442E-02
  2323.2000       1.78024292E-02
  2323.3000       1.78163899E-02
  2323.4000       1.78275374E-02
  2323.5000       1.78350673E-02
  2323.6000       1.78419137E-02
  2323.7000       1.78476524E-02
  2323.8000       1.78500225E-02
  2323.9000       1.78490105E-02
  2324.0000       1.78461235E-02
  2324.1000       1.78425341E-02
  2324.2000       1.78377339E-02
  2324.3000       1.78322351E-02
  2324.4000       1.78260323E-02
  2324.5000       1.78188183E-02
  2324.6000       1.78085976E-02
  2324.7000       1.77947093E-02
  2324.8000       1.77772147E-02
  2324.9000       1.77580854E-02
  2325.0000       1.77390112E-02
  2325.1000       1.77218459E-02
  2325.2000       1.77068714E-02
  2325.3000       1.76941382E-02
  2325.4000       1.76841660E-02
  2325.5000       1.76776257E-02
  2325.6000       1.76754789E-02
  2325.7000       1.76782170E-02
  2325.8000       1.76857548E-02
  2325.9000       1.76969734E-02
  2326.0000       1.77106151E-02
  2326.1000       1.77252941E-02
  2326.2000       1.77409540E-02
  2326.3000       1.77568855E-02
  2326.4000       1.77709114E-02
  2326.5000       1.77819909E-02
  2326.6000       1.77898463E-02
  2326.7000       1.77938215E-02
  2326.8000       1.77942498E-02
  2326.9000       1.77910450E-02
  2327.0000       1.77856530E-02
  2327.1000       1.77792526E-02
  2327.2000       1.77729450E-02
  2327.3000       1.77672380E-02
  2327.4000       1.77623482E-02
  2327.5000       1.77590419E-02
  2327.6000       1.77571729E-02
  2327.7000       1.77558880E-02
  2327.8000       1.77549837E-02
  2327.9000       1.77521529E-02
  2328.0000       1.77464053E-02
  2328.1000       1.77383067E-02
  2328.2000       1.77296452E-02
  2328.3000       1.77220817E-02
  2328.4000       1.77177278E-02
  2328.5000       1.77167915E-02
  2328.6000       1.77178431E-02
  2328.7000       1.77224314E-02
  2328.8000       1.77330283E-02
  2328.9000       1.77465789E-02
  2329.0000       1.77573552E-02
  2329.1000       1.77663035E-02
  2329.2000       1.77732413E-02
  2329.3000       1.77831827E-02
  2329.4000       1.77962039E-02
  2329.5000       1.78111518E-02
  2329.6000       1.78262861E-02
  2329.7000       1.78402600E-02
  2329.8000       1.78533703E-02
  2329.9000       1.78648993E-02
  2330.0000       1.78764592E-02
  2330.1000       1.78871558E-02
  2330.2000       1.78969901E-02
  2330.3000       1.79069750E-02
  2330.4000       1.79204809E-02
  2330.5000       1.79386892E-02
  2330.6000       1.79609278E-02
  2330.7000       1.79843857E-02
  2330.8000       1.80068158E-02
  2330.9000       1.80251381E-02
  2331.0000       1.80388036E-02
  2331.1000       1.80500914E-02
  2331.2000       1.80602844E-02
  2331.3000       1.80693310E-02
  2331.4000       1.80761313E-02
  2331.5000       1.80791061E-02
  2331.6000       1.80780974E-02
  2331.7000       1.80729571E-02
  2331.8000       1.80647607E-02
  2331.9000       1.80530015E-02
  2332.0000       1.80367784E-02
  2332.1000       1.80158230E-02
  2332.2000       1.79908475E-02
  2332.3000       1.79620270E-02
  2332.4000       1.79303113E-02
  2332.5000       1.78987111E-02
  2332.6000       1.78687744E-02
  2332.7000       1.78429068E-02
  2332.8000       1.78214882E-02
  2332.9000       1.78027576E-02
  2333.0000       1.77856066E-02
  2333.1000       1.77708532E-02
  2333.2000       1.77603897E-02
  2333.3000       1.77543233E-02
  2333.4000       1.77522500E-02
  2333.5000       1.77546186E-02
  2333.6000       1.77609401E-02
  2333.7000       1.77694761E-02
  2333.8000       1.77798823E-02
  2333.9000       1.77910626E-02
  2334.0000       1.78002357E-02
  2334.1000       1.78090315E-02
  2334.2000       1.78177477E-02
  2334.3000       1.78253816E-02
  2334.4000       1.78325608E-02
  2334.5000       1.78415072E-02
  2334.6000       1.78526268E-02
  2334.7000       1.78663479E-02
  2334.8000       1.78834484E-02
  2334.9000       1.79044525E-02
  2335.0000       1.79291715E-02
  2335.1000       1.79565471E-02
  2335.2000       1.79858512E-02
  2335.3000       1.80153540E-02
  2335.4000       1.80426120E-02
  2335.5000       1.80635667E-02
  2335.6000       1.80764843E-02
  2335.7000       1.80820770E-02
  2335.8000       1.80827330E-02
  2335.9000       1.80836905E-02
  2336.0000       1.80886397E-02
  2336.1000       1.80969750E-02
  2336.2000       1.81058271E-02
  2336.3000       1.81125669E-02
  2336.4000       1.81144262E-02
  2336.5000       1.81115177E-02
  2336.6000       1.81069621E-02
  2336.7000       1.81040591E-02
  2336.8000       1.81052083E-02
  2336.9000       1.81107672E-02
  2337.0000       1.81195931E-02
  2337.1000       1.81291116E-02
  2337.2000       1.81370332E-02
  2337.3000       1.81399631E-02
  2337.4000       1.81379868E-02
  2337.5000       1.81339929E-02
  2337.6000       1.81316543E-02
  2337.7000       1.81320169E-02
  2337.8000       1.81340613E-02
  2337.9000       1.81351455E-02
  2338.0000       1.81351265E-02
  2338.1000       1.81321000E-02
  2338.2000       1.81249650E-02
  2338.3000       1.81129401E-02
  2338.4000       1.80959706E-02
  2338.5000       1.80755335E-02
  2338.6000       1.80514768E-02
  2338.7000       1.80231228E-02
  2338.8000       1.79914814E-02
  2338.9000       1.79575162E-02
  2339.0000       1.79222232E-02
  2339.1000       1.78851442E-02
  2339.2000       1.78472191E-02
  2339.3000       1.78092748E-02
  2339.4000       1.77729383E-02
  2339.5000       1.77378291E-02
  2339.6000       1.77049123E-02
  2339.7000       1.76749210E-02
  2339.8000       1.76486117E-02
  2339.9000       1.76265094E-02
  2340.0000       1.76093093E-02
  2340.1000       1.75967416E-02
  2340.2000       1.75884791E-02
  2340.3000       1.75838849E-02
  2340.4000       1.75831731E-02
  2340.5000       1.75851018E-02
  2340.6000       1.75892006E-02
  2340.7000       1.75941866E-02
  2340.8000       1.75992240E-02
  2340.9000       1.76034421E-02
  2341.0000       1.76056744E-02
  2341.1000       1.76058897E-02
  2341.2000       1.76041573E-02
  2341.3000       1.76014108E-02
  2341.4000       1.75978878E-02
  2341.5000       1.75942439E-02
  2341.6000       1.75901149E-02
  2341.7000       1.75853499E-02
  2341.8000       1.75800480E-02
  2341.9000       1.75736693E-02
  2342.0000       1.75655618E-02
  2342.1000       1.75565258E-02
  2342.2000       1.75475671E-02
  2342.3000       1.75392276E-02
  2342.4000       1.75317568E-02
  2342.5000       1.75255536E-02
  2342.6000       1.75210084E-02
  2342.7000       1.75179730E-02
  2342.8000       1.75161042E-02
  2342.9000       1.75156172E-02
  2343.0000       1.75152629E-02
  2343.1000       1.75130752E-02
  2343.2000       1.75094504E-02
  2343.3000       1.75049820E-02
  2343.4000       1.75018096E-02
  2343.5000       1.75001906E-02
  2343.6000       1.75000338E-02
  2343.7000       1.75022885E-02
  2343.8000       1.75067715E-02
  2343.9000       1.75140477E-02
  2344.0000       1.75238346E-02
  2344.1000       1.75359063E-02
  2344.2000       1.75498131E-02
  2344.3000       1.75632452E-02
  2344.4000       1.75761038E-02
  2344.5000       1.75890541E-02
  2344.6000       1.76010987E-02
  2344.7000       1.76110155E-02
  2344.8000       1.76196233E-02
  2344.9000       1.76268688E-02
  2345.0000       1.76328456E-02
  2345.1000       1.76381273E-02
  2345.2000       1.76440642E-02
  2345.3000       1.76510858E-02
  2345.4000       1.76586710E-02
  2345.5000       1.76676598E-02
  2345.6000       1.76778163E-02
  2345.7000       1.76890253E-02
  2345.8000       1.77019141E-02
  2345.9000       1.77167274E-02
  2346.0000       1.77325235E-02
  2346.1000       1.77489917E-02
  2346.2000       1.77667242E-02
  2346.3000       1.77845887E-02
  2346.4000       1.78008920E-02
  2346.5000       1.78137177E-02
  2346.6000       1.78241649E-02
  2346.7000       1.78331371E-02
  2346.8000       1.78412059E-02
  2346.9000       1.78487028E-02
  2347.0000       1.78562956E-02
  2347.1000       1.78651531E-02
  2347.2000       1.78759490E-02
  2347.3000       1.78868842E-02
  2347.4000       1.78969797E-02
  2347.5000       1.79065229E-02
  2347.6000       1.79150792E-02
  2347.7000       1.79227235E-02
  2347.8000       1.79292757E-02
  2347.9000       1.79355058E-02
  2348.0000       1.79415530E-02
  2348.1000       1.79473233E-02
  2348.2000       1.79529194E-02
  2348.3000       1.79583937E-02
  2348.4000       1.79643037E-02
  2348.5000       1.79705304E-02
  2348.6000       1.79779630E-02
  2348.7000       1.79851028E-02
  2348.8000       1.79898729E-02
  2348.9000       1.79922044E-02
  2349.0000       1.79924161E-02
  2349.1000       1.79901048E-02
  2349.2000       1.79860854E-02
  2349.3000       1.79812313E-02
  2349.4000       1.79759646E-02
  2349.5000       1.79695705E-02
  2349.6000       1.79609253E-02
  2349.7000       1.79505186E-02
  2349.8000       1.79393102E-02
  2349.9000       1.79280098E-02
  2350.0000       1.79162156E-02
  2350.1000       1.79037680E-02
  2350.2000       1.78915386E-02
  2350.3000       1.78812776E-02
  2350.4000       1.78731977E-02
  2350.5000       1.78661205E-02
  2350.6000       1.78600706E-02
  2350.7000       1.78545105E-02
  2350.8000       1.78491991E-02
  2350.9000       1.78443075E-02
  2351.0000       1.78404911E-02
  2351.1000       1.78399887E-02
  2351.2000       1.78425477E-02
  2351.3000       1.78475256E-02
  2351.4000       1.78556960E-02
  2351.5000       1.78667674E-02
  2351.6000       1.78802095E-02
  2351.7000       1.78955294E-02
  2351.8000       1.79139683E-02
  2351.9000       1.79349801E-02
  2352.0000       1.79575244E-02
  2352.1000       1.79801156E-02
  2352.2000       1.80019332E-02
  2352.3000       1.80230657E-02
  2352.4000       1.80442345E-02
  2352.5000       1.80660266E-02
  2352.6000       1.80891056E-02
  2352.7000       1.81136850E-02
  2352.8000       1.81379063E-02
  2352.9000       1.81617547E-02
  2353.0000       1.81866435E-02
  2353.1000       1.82109756E-02
  2353.2000       1.82310568E-02
  2353.3000       1.82454920E-02
  2353.4000       1.82562324E-02
  2353.5000       1.82649045E-02
  2353.6000       1.82710013E-02
  2353.7000       1.82738617E-02
  2353.8000       1.82740917E-02
  2353.9000       1.82737201E-02
  2354.0000       1.82735923E-02
  2354.1000       1.82755245E-02
  2354.2000       1.82795656E-02
  2354.3000       1.82850963E-02
  2354.4000       1.82914544E-02
  2354.5000       1.82988376E-02
  2354.6000       1.83084091E-02
  2354.7000       1.83205192E-02
  2354.8000       1.83335152E-02
  2354.9000       1.83467620E-02
  2355.0000       1.83591226E-02
  2355.1000       1.83708302E-02
  2355.2000       1.83819520E-02
  2355.3000       1.83939567E-02
  2355.4000       1.84058432E-02
  2355.5000       1.84147751E-02
  2355.6000       1.84211221E-02
  2355.7000       1.84260316E-02
  2355.8000       1.84294131E-02
  2355.9000       1.84308032E-02
  2356.0000       1.84285208E-02
  2356.1000       1.84238729E-02
  2356.2000       1.84182012E-02
  2356.3000       1.84120664E-02
  2356.4000       1.84066989E-02
  2356.5000       1.84031151E-02
  2356.6000       1.84002433E-02
  2356.7000       1.83965399E-02
  2356.8000       1.83912458E-02
  2356.9000       1.83850340E-02
  2357.0000       1.83783301E-02
  2357.1000       1.83720303E-02
  2357.2000       1.83656446E-02
  2357.3000       1.83590039E-02
  2357.4000       1.83515663E-02
  2357.5000       1.83442955E-02
  2357.6000       1.83391397E-02
  2357.7000       1.83366774E-02
  2357.8000       1.83376415E-02
  2357.9000       1.83426084E-02
  2358.0000       1.83525094E-02
  2358.1000       1.83656708E-02
  2358.2000       1.83797996E-02
  2358.3000       1.83932311E-02
  2358.4000       1.84050028E-02
  2358.5000       1.84159514E-02
  2358.6000       1.84275948E-02
  2358.7000       1.84384660E-02
  2358.8000       1.84467938E-02
  2358.9000       1.84525290E-02
  2359.0000       1.84567117E-02
  2359.1000       1.84620426E-02
  2359.2000       1.84690393E-02
  2359.3000       1.84776575E-02
  2359.4000       1.84883102E-02
  2359.5000       1.85016841E-02
  2359.6000       1.85184052E-02
  2359.7000       1.85385106E-02
  2359.8000       1.85625885E-02
  2359.9000       1.85871541E-02
  2360.0000       1.86099240E-02
  2360.1000       1.86289483E-02
  2360.2000       1.86450960E-02
  2360.3000       1.86607402E-02
  2360.4000       1.86773437E-02
  2360.5000       1.86955215E-02
  2360.6000       1.87144621E-02
  2360.7000       1.87327856E-02
  2360.8000       1.87512720E-02
  2360.9000       1.87691753E-02
  2361.0000       1.87844090E-02
  2361.1000       1.87940861E-02
  2361.2000       1.87969849E-02
  2361.3000       1.87919131E-02
  2361.4000       1.87791936E-02
  2361.5000       1.87580585E-02
  2361.6000       1.87302563E-02
  2361.7000       1.86973356E-02
  2361.8000       1.86595136E-02
  2361.9000       1.86180731E-02
  2362.0000       1.85746222E-02
  2362.1000       1.85301890E-02
  2362.2000       1.84851501E-02
  2362.3000       1.84397508E-02
  2362.4000       1.83951910E-02
  2362.5000       1.83540763E-02
  2362.6000       1.83163646E-02
  2362.7000       1.82814872E-02
  2362.8000       1.82494266E-02
  2362.9000       1.82207559E-02
  2363.0000       1.81955359E-02
  2363.1000       1.81741868E-02
  2363.2000       1.81561670E-02
  2363.3000       1.81403845E-02
  2363.4000       1.81264299E-02
  2363.5000       1.81141362E-02
  2363.6000       1.81033991E-02
  2363.7000       1.80948686E-02
  2363.8000       1.80866374E-02
  2363.9000       1.80767645E-02
  2364.0000       1.80641764E-02
  2364.1000       1.80490742E-02
  2364.2000       1.80308302E-02
  2364.3000       1.80100756E-02
  2364.4000       1.79864281E-02
  2364.5000       1.79617633E-02
  2364.6000       1.79384594E-02
  2364.7000       1.79168474E-02
  2364.8000       1.78963057E-02
  2364.9000       1.78764782E-02
  2365.0000       1.78581442E-02
  2365.1000       1.78402811E-02
  2365.2000       1.78234072E-02
  2365.3000       1.78078755E-02
  2365.4000       1.77942043E-02
  2365.5000       1.77824429E-02
  2365.6000       1.77724330E-02
  2365.7000       1.77633058E-02
  2365.8000       1.77545490E-02
  2365.9000       1.77462667E-02
  2366.0000       1.77388402E-02
  2366.1000       1.77322680E-02
  2366.2000       1.77244272E-02
  2366.3000       1.77176821E-02
  2366.4000       1.77154672E-02
  2366.5000       1.77172552E-02
  2366.6000       1.77197004E-02
  2366.7000       1.77223176E-02
  2366.8000       1.77244404E-02
  2366.9000       1.77252661E-02
  2367.0000       1.77255643E-02
  2367.1000       1.77270140E-02
  2367.2000       1.77305974E-02
  2367.3000       1.77356171E-02
  2367.4000       1.77409126E-02
  2367.5000       1.77463254E-02
  2367.6000       1.77515249E-02
  2367.7000       1.77565091E-02
  2367.8000       1.77575141E-02
  2367.9000       1.77509975E-02
  2368.0000       1.77369913E-02
  2368.1000       1.77160319E-02
  2368.2000       1.76902052E-02
  2368.3000       1.76605402E-02
  2368.4000       1.76289590E-02
  2368.5000       1.75973377E-02
  2368.6000       1.75672218E-02
  2368.7000       1.75387911E-02
  2368.8000       1.75133426E-02
  2368.9000       1.74911114E-02
  2369.0000       1.74709810E-02
  2369.1000       1.74516356E-02
  2369.2000       1.74311894E-02
  2369.3000       1.74087964E-02
  2369.4000       1.73845972E-02
  2369.5000       1.73598704E-02
  2369.6000       1.73359520E-02
  2369.7000       1.73146642E-02
  2369.8000       1.72963777E-02
  2369.9000       1.72805899E-02
  2370.0000       1.72671691E-02
  2370.1000       1.72569134E-02
  2370.2000       1.72501452E-02
  2370.3000       1.72465842E-02
  2370.4000       1.72459818E-02
  2370.5000       1.72479753E-02
  2370.6000       1.72531065E-02
  2370.7000       1.72617491E-02
  2370.8000       1.72731832E-02
  2370.9000       1.72857928E-02
  2371.0000       1.72977613E-02
  2371.1000       1.73068802E-02
  2371.2000       1.73125421E-02
  2371.3000       1.73161016E-02
  2371.4000       1.73189867E-02
  2371.5000       1.73214764E-02
  2371.6000       1.73248589E-02
  2371.7000       1.73287593E-02
  2371.8000       1.73318765E-02
  2371.9000       1.73336979E-02
  2372.0000       1.73348144E-02
  2372.1000       1.73356988E-02
  2372.2000       1.73360457E-02
  2372.3000       1.73366866E-02
  2372.4000       1.73370437E-02
  2372.5000       1.73379164E-02
  2372.6000       1.73393838E-02
  2372.7000       1.73413082E-02
  2372.8000       1.73426581E-02
  2372.9000       1.73431206E-02
  2373.0000       1.73407327E-02
  2373.1000       1.73347331E-02
  2373.2000       1.73251824E-02
  2373.3000       1.73124011E-02
  2373.4000       1.72964598E-02
  2373.5000       1.72774301E-02
  2373.6000       1.72556733E-02
  2373.7000       1.72322003E-02
  2373.8000       1.72066985E-02
  2373.9000       1.71805838E-02
  2374.0000       1.71549812E-02
  2374.1000       1.71303990E-02
  2374.2000       1.71082563E-02
  2374.3000       1.70887580E-02
  2374.4000       1.70720573E-02
  2374.5000       1.70578800E-02
  2374.6000       1.70459209E-02
  2374.7000       1.70360000E-02
  2374.8000       1.70266886E-02
  2374.9000       1.70175003E-02
  2375.0000       1.70073721E-02
  2375.1000       1.69958487E-02
  2375.2000       1.69827600E-02
  2375.3000       1.69682576E-02
  2375.4000       1.69528344E-02
  2375.5000       1.69381930E-02
  2375.6000       1.69250578E-02
  2375.7000       1.69150618E-02
  2375.8000       1.69090712E-02
  2375.9000       1.69073146E-02
  2376.0000       1.69107649E-02
  2376.1000       1.69185931E-02
  2376.2000       1.69295044E-02
  2376.3000       1.69439978E-02
  2376.4000       1.69612491E-02
  2376.5000       1.69803415E-02
  2376.6000       1.70009314E-02
  2376.7000       1.70233591E-02
  2376.8000       1.70480190E-02
  2376.9000       1.70742782E-02
  2377.0000       1.71011803E-02
  2377.1000       1.71280468E-02
  2377.2000       1.71541187E-02
  2377.3000       1.71795278E-02
  2377.4000       1.72050927E-02
  2377.5000       1.72319589E-02
  2377.6000       1.72603167E-02
  2377.7000       1.72880072E-02
  2377.8000       1.73142045E-02
  2377.9000       1.73392827E-02
  2378.0000       1.73639602E-02
  2378.1000       1.73882966E-02
  2378.2000       1.74114972E-02
  2378.3000       1.74333484E-02
  2378.4000       1.74542415E-02
  2378.5000       1.74732970E-02
  2378.6000       1.74903742E-02
  2378.7000       1.75052328E-02
  2378.8000       1.75172048E-02
  2378.9000       1.75271994E-02
  2379.0000       1.75362053E-02
  2379.1000       1.75440316E-02
  2379.2000       1.75521286E-02
  2379.3000       1.75620076E-02
  2379.4000       1.75738379E-02
  2379.5000       1.75866706E-02
  2379.6000       1.75990816E-02
  2379.7000       1.76100369E-02
  2379.8000       1.76186759E-02
  2379.9000       1.76233929E-02
  2380.0000       1.76232989E-02
  2380.1000       1.76174954E-02
  2380.2000       1.76071127E-02
  2380.3000       1.75930293E-02
  2380.4000       1.75772724E-02
  2380.5000       1.75602078E-02
  2380.6000       1.75419207E-02
  2380.7000       1.75229671E-02
  2380.8000       1.75042123E-02
  2380.9000       1.74880256E-02
  2381.0000       1.74762126E-02
  2381.1000       1.74685157E-02
  2381.2000       1.74639975E-02
  2381.3000       1.74616918E-02
  2381.4000       1.74611441E-02
  2381.5000       1.74606818E-02
  2381.6000       1.74602572E-02
  2381.7000       1.74594986E-02
  2381.8000       1.74574181E-02
  2381.9000       1.74521268E-02
  2382.0000       1.74431001E-02
  2382.1000       1.74308545E-02
  2382.2000       1.74164459E-02
  2382.3000       1.74016107E-02
  2382.4000       1.73887028E-02
  2382.5000       1.73787182E-02
  2382.6000       1.73728064E-02
  2382.7000       1.73715688E-02
  2382.8000       1.73743941E-02
  2382.9000       1.73816071E-02
  2383.0000       1.73928721E-02
  2383.1000       1.74071158E-02
  2383.2000       1.74209258E-02
  2383.3000       1.74348047E-02
  2383.4000       1.74507860E-02
  2383.5000       1.74688475E-02
  2383.6000       1.74883663E-02
  2383.7000       1.75098405E-02
  2383.8000       1.75320621E-02
  2383.9000       1.75535553E-02
  2384.0000       1.75755700E-02
  2384.1000       1.76000076E-02
  2384.2000       1.76261218E-02
  2384.3000       1.76511885E-02
  2384.4000       1.76739559E-02
  2384.5000       1.76939267E-02
  2384.6000       1.77116127E-02
  2384.7000       1.77278983E-02
  2384.8000       1.77427672E-02
  2384.9000       1.77574663E-02
  2385.0000       1.77724117E-02
  2385.1000       1.77866210E-02
  2385.2000       1.77995966E-02
  2385.3000       1.78109154E-02
  2385.4000       1.78210910E-02
  2385.5000       1.78317275E-02
  2385.6000       1.78434550E-02
  2385.7000       1.78560816E-02
  2385.8000       1.78700078E-02
  2385.9000       1.78835972E-02
  2386.0000       1.78979335E-02
  2386.1000       1.79117800E-02
  2386.2000       1.79254865E-02
  2386.3000       1.79388915E-02
  2386.4000       1.79513890E-02
  2386.5000       1.79625319E-02
  2386.6000       1.79725902E-02
  2386.7000       1.79814579E-02
  2386.8000       1.79893804E-02
  2386.9000       1.79971633E-02
  2387.0000       1.80046001E-02
  2387.1000       1.80109108E-02
  2387.2000       1.80144666E-02
  2387.3000       1.80140301E-02
  2387.4000       1.80093970E-02
  2387.5000       1.80015103E-02
  2387.6000       1.79912173E-02
  2387.7000       1.79782981E-02
  2387.8000       1.79633286E-02
  2387.9000       1.79472002E-02
  2388.0000       1.79317014E-02
  2388.1000       1.79175104E-02
  2388.2000       1.79042221E-02
  2388.3000       1.78921145E-02
  2388.4000       1.78808033E-02
  2388.5000       1.78711674E-02
  2388.6000       1.78626039E-02
  2388.7000       1.78549260E-02
  2388.8000       1.78469125E-02
  2388.9000       1.78383584E-02
  2389.0000       1.78296471E-02
  2389.1000       1.78217285E-02
  2389.2000       1.78134973E-02
  2389.3000       1.78041068E-02
  2389.4000       1.77934503E-02
  2389.5000       1.77806657E-02
  2389.6000       1.77657948E-02
  2389.7000       1.77520032E-02
  2389.8000       1.77409400E-02
  2389.9000       1.77333270E-02
  2390.0000       1.77292086E-02
  2390.1000       1.77284297E-02
  2390.2000       1.77310281E-02
  2390.3000       1.77351839E-02
  2390.4000       1.77393141E-02
  2390.5000       1.77430357E-02
  2390.6000       1.77459091E-02
  2390.7000       1.77471489E-02
  2390.8000       1.77473926E-02
  2390.9000       1.77474511E-02
  2391.0000       1.77468033E-02
  2391.1000       1.77463136E-02
  2391.2000       1.77462574E-02
  2391.3000       1.77461772E-02
  2391.4000       1.77469625E-02
  2391.5000       1.77495998E-02
  2391.6000       1.77537882E-02
  2391.7000       1.77581206E-02
  2391.8000       1.77607996E-02
  2391.9000       1.77606425E-02
  2392.0000       1.77569480E-02
  2392.1000       1.77499609E-02
  2392.2000       1.77396255E-02
  2392.3000       1.77264707E-02
  2392.4000       1.77105048E-02
  2392.5000       1.76911031E-02
  2392.6000       1.76670372E-02
  2392.7000       1.76397154E-02
  2392.8000       1.76095889E-02
  2392.9000       1.75791139E-02
  2393.0000       1.75496949E-02
  2393.1000       1.75231316E-02
  2393.2000       1.74983975E-02
  2393.3000       1.74746046E-02
  2393.4000       1.74499811E-02
  2393.5000       1.74236162E-02
  2393.6000       1.73965937E-02
  2393.7000       1.73697370E-02
  2393.8000       1.73438695E-02
  2393.9000       1.73195961E-02
  2394.0000       1.72964774E-02
  2394.1000       1.72744128E-02
  2394.2000       1.72544168E-02
  2394.3000       1.72360752E-02
  2394.4000       1.72193035E-02
  2394.5000       1.72044691E-02
  2394.6000       1.71920104E-02
  2394.7000       1.71821179E-02
  2394.8000       1.71751778E-02
  2394.9000       1.71727928E-02
  2395.0000       1.71752554E-02
  2395.1000       1.71820379E-02
  2395.2000       1.71933613E-02
  2395.3000       1.72089337E-02
  2395.4000       1.72276781E-02
  2395.5000       1.72479623E-02
  2395.6000       1.72692307E-02
  2395.7000       1.72920683E-02
  2395.8000       1.73172405E-02
  2395.9000       1.73435206E-02
  2396.0000       1.73691921E-02
  2396.1000       1.73932717E-02
  2396.2000       1.74143233E-02
  2396.3000       1.74322878E-02
  2396.4000       1.74470254E-02
  2396.5000       1.74583606E-02
  2396.6000       1.74676584E-02
  2396.7000       1.74754366E-02
  2396.8000       1.74797870E-02
  2396.9000       1.74794771E-02
  2397.0000       1.74753131E-02
  2397.1000       1.74715950E-02
  2397.2000       1.74712382E-02
  2397.3000       1.74742605E-02
  2397.4000       1.74775262E-02
  2397.5000       1.74803706E-02
  2397.6000       1.74858094E-02
  2397.7000       1.74967615E-02
  2397.8000       1.75144248E-02
  2397.9000       1.75390499E-02
  2398.0000       1.75673195E-02
  2398.1000       1.75984269E-02
  2398.2000       1.76356032E-02
  2398.3000       1.76774657E-02
  2398.4000       1.77193874E-02
  2398.5000       1.77605432E-02
  2398.6000       1.78046664E-02
  2398.7000       1.78477119E-02
  2398.8000       1.78861729E-02
  2398.9000       1.79215331E-02
  2399.0000       1.79536481E-02
  2399.1000       1.79814808E-02
  2399.2000       1.80046867E-02
  2399.3000       1.80212717E-02
  2399.4000       1.80314972E-02
  2399.5000       1.80395526E-02
  2399.6000       1.80457115E-02
  2399.7000       1.80491000E-02
  2399.8000       1.80520215E-02
  2399.9000       1.80539715E-02
  2400.0000       1.80541391E-02
  2400.1000       1.80539066E-02
  2400.2000       1.80517250E-02
  2400.3000       1.80458391E-02
  2400.4000       1.80388538E-02
  2400.5000       1.80362852E-02
  2400.6000       1.80387223E-02
  2400.7000       1.80436210E-02
  2400.8000       1.80523122E-02
  2400.9000       1.80652955E-02
  2401.0000       1.80787696E-02
  2401.1000       1.80918748E-02
  2401.2000       1.81051183E-02
  2401.3000       1.81189670E-02
  2401.4000       1.81340227E-02
  2401.5000       1.81504109E-02
  2401.6000       1.81694322E-02
  2401.7000       1.81919399E-02
  2401.8000       1.82172108E-02
  2401.9000       1.82432105E-02
  2402.0000       1.82693890E-02
  2402.1000       1.82949629E-02
  2402.2000       1.83211097E-02
  2402.3000       1.83479334E-02
  2402.4000       1.83744150E-02
  2402.5000       1.83991112E-02
  2402.6000       1.84219901E-02
  2402.7000       1.84433640E-02
  2402.8000       1.84634996E-02
  2402.9000       1.84817813E-02
  2403.0000       1.84970309E-02
  2403.1000       1.85091239E-02
  2403.2000       1.85197603E-02
  2403.3000       1.85302873E-02
  2403.4000       1.85414932E-02
  2403.5000       1.85537857E-02
  2403.6000       1.85674987E-02
  2403.7000       1.85811245E-02
  2403.8000       1.85957247E-02
  2403.9000       1.86128298E-02
  2404.0000       1.86319450E-02
  2404.1000       1.86530717E-02
  2404.2000       1.86762133E-02
  2404.3000       1.87027659E-02
  2404.4000       1.87332463E-02
  2404.5000       1.87650235E-02
  2404.6000       1.87952654E-02
  2404.7000       1.88238634E-02
  2404.8000       1.88517969E-02
  2404.9000       1.88792046E-02
  2405.0000       1.89075613E-02
  2405.1000       1.89361654E-02
  2405.2000       1.89614329E-02
  2405.3000       1.89825334E-02
  2405.4000       1.89995898E-02
  2405.5000       1.90133673E-02
  2405.6000       1.90242214E-02
  2405.7000       1.90314213E-02
  2405.8000       1.90336887E-02
  2405.9000       1.90317790E-02
  2406.0000       1.90264603E-02
  2406.1000       1.90180040E-02
  2406.2000       1.90072854E-02
  2406.3000       1.89942673E-02
  2406.4000       1.89800645E-02
  2406.5000       1.89666080E-02
  2406.6000       1.89541490E-02
  2406.7000       1.89437451E-02
  2406.8000       1.89360332E-02
  2406.9000       1.89318785E-02
  2407.0000       1.89328565E-02
  2407.1000       1.89379009E-02
  2407.2000       1.89446828E-02
  2407.3000       1.89488818E-02
  2407.4000       1.89479378E-02
  2407.5000       1.89423757E-02
  2407.6000       1.89328197E-02
  2407.7000       1.89195025E-02
  2407.8000       1.88997158E-02
  2407.9000       1.88731453E-02
  2408.0000       1.88425171E-02
  2408.1000       1.88097140E-02
  2408.2000       1.87760246E-02
  2408.3000       1.87412188E-02
  2408.4000       1.87062498E-02
  2408.5000       1.86742692E-02
  2408.6000       1.86469598E-02
  2408.7000       1.86244441E-02
  2408.8000       1.86066665E-02
  2408.9000       1.85931817E-02
  2409.0000       1.85840798E-02
  2409.1000       1.85786129E-02
  2409.2000       1.85766879E-02
  2409.3000       1.85773738E-02
  2409.4000       1.85808963E-02
  2409.5000       1.85845304E-02
  2409.6000       1.85875701E-02
  2409.7000       1.85896215E-02
  2409.8000       1.85912966E-02
  2409.9000       1.85934360E-02
  2410.0000       1.85967806E-02
  2410.1000       1.86020558E-02
  2410.2000       1.86084457E-02
  2410.3000       1.86149643E-02
  2410.4000       1.86205223E-02
  2410.5000       1.86238178E-02
  2410.6000       1.86238635E-02
  2410.7000       1.86196075E-02
  2410.8000       1.86114599E-02
  2410.9000       1.86004405E-02
  2411.0000       1.85871428E-02
  2411.1000       1.85737982E-02
  2411.2000       1.85626816E-02
  2411.3000       1.85562988E-02
  2411.4000       1.85554716E-02
  2411.5000       1.85605356E-02
  2411.6000       1.85700744E-02
  2411.7000       1.85827891E-02
  2411.8000       1.85961756E-02
  2411.9000       1.86083980E-02
  2412.0000       1.86173450E-02
  2412.1000       1.86216081E-02
  2412.2000       1.86194261E-02
  2412.3000       1.86106949E-02
  2412.4000       1.85943974E-02
  2412.5000       1.85716722E-02
  2412.6000       1.85442221E-02
  2412.7000       1.85144424E-02
  2412.8000       1.84838721E-02
  2412.9000       1.84530968E-02
  2413.0000       1.84232475E-02
  2413.1000       1.83951743E-02
  2413.2000       1.83696184E-02
  2413.3000       1.83467523E-02
  2413.4000       1.83286458E-02
  2413.5000       1.83159685E-02
  2413.6000       1.83087368E-02
  2413.7000       1.83056326E-02
  2413.8000       1.83067052E-02
  2413.9000       1.83104050E-02
  2414.0000       1.83162798E-02
  2414.1000       1.83233310E-02
  2414.2000       1.83304846E-02
  2414.3000       1.83366476E-02
  2414.4000       1.83416061E-02
  2414.5000       1.83445411E-02
  2414.6000       1.83429436E-02
  2414.7000       1.83359438E-02
  2414.8000       1.83244503E-02
  2414.9000       1.83102884E-02
  2415.0000       1.82957642E-02
  2415.1000       1.82839529E-02
  2415.2000       1.82761699E-02
  2415.3000       1.82728943E-02
  2415.4000       1.82744654E-02
  2415.5000       1.82800442E-02
  2415.6000       1.82890809E-02
  2415.7000       1.83003405E-02
  2415.8000       1.83134614E-02
  2415.9000       1.83294653E-02
  2416.0000       1.83494476E-02
  2416.1000       1.83719833E-02
  2416.2000       1.83954392E-02
  2416.3000       1.84200359E-02
  2416.4000       1.84442599E-02
  2416.5000       1.84673442E-02
  2416.6000       1.84871591E-02
  2416.7000       1.85020767E-02
  2416.8000       1.85113734E-02
  2416.9000       1.85161966E-02
  2417.0000       1.85180053E-02
  2417.1000       1.85162041E-02
  2417.2000       1.85109078E-02
  2417.3000       1.85013611E-02
  2417.4000       1.84885940E-02
  2417.5000       1.84741222E-02
  2417.6000       1.84589223E-02
  2417.7000       1.84439157E-02
  2417.8000       1.84292582E-02
  2417.9000       1.84150167E-02
  2418.0000       1.84023520E-02
  2418.1000       1.83925832E-02
  2418.2000       1.83854178E-02
  2418.3000       1.83817375E-02
  2418.4000       1.83829600E-02
  2418.5000       1.83899348E-02
  2418.6000       1.84027208E-02
  2418.7000       1.84210134E-02
  2418.8000       1.84422807E-02
  2418.9000       1.84629293E-02
  2419.0000       1.84789468E-02
  2419.1000       1.84881760E-02
  2419.2000       1.84874222E-02
  2419.3000       1.84771081E-02
  2419.4000       1.84591684E-02
  2419.5000       1.84327558E-02
  2419.6000       1.83973939E-02
  2419.7000       1.83602126E-02
  2419.8000       1.83259699E-02
  2419.9000       1.82958677E-02
  2420.0000       1.82678183E-02
  2420.1000       1.82411928E-02
  2420.2000       1.82188502E-02
  2420.3000       1.82011289E-02
  2420.4000       1.81851368E-02
  2420.5000       1.81695742E-02
  2420.6000       1.81533709E-02
  2420.7000       1.81374797E-02
  2420.8000       1.81217518E-02
  2420.9000       1.81050549E-02
  2421.0000       1.80897256E-02
  2421.1000       1.80768217E-02
  2421.2000       1.80668207E-02
  2421.3000       1.80574810E-02
  2421.4000       1.80478141E-02
  2421.5000       1.80383495E-02
  2421.6000       1.80294898E-02
  2421.7000       1.80220945E-02
  2421.8000       1.80153507E-02
  2421.9000       1.80092584E-02
  2422.0000       1.80041700E-02
  2422.1000       1.80011065E-02
  2422.2000       1.80018983E-02
  2422.3000       1.80067112E-02
  2422.4000       1.80154914E-02
  2422.5000       1.80274400E-02
  2422.6000       1.80407709E-02
  2422.7000       1.80543869E-02
  2422.8000       1.80686913E-02
  2422.9000       1.80843777E-02
  2423.0000       1.81017395E-02
  2423.1000       1.81193300E-02
  2423.2000       1.81350555E-02
  2423.3000       1.81482969E-02
  2423.4000       1.81583662E-02
  2423.5000       1.81675643E-02
  2423.6000       1.81778860E-02
  2423.7000       1.81905030E-02
  2423.8000       1.82038800E-02
  2423.9000       1.82149383E-02
  2424.0000       1.82205454E-02
  2424.1000       1.82203302E-02
  2424.2000       1.82153265E-02
  2424.3000       1.82074979E-02
  2424.4000       1.81984071E-02
  2424.5000       1.81891698E-02
  2424.6000       1.81777551E-02
  2424.7000       1.81608619E-02
  2424.8000       1.81373953E-02
  2424.9000       1.81082653E-02
  2425.0000       1.80756080E-02
  2425.1000       1.80399467E-02
  2425.2000       1.80013391E-02
  2425.3000       1.79610104E-02
  2425.4000       1.79213262E-02
  2425.5000       1.78866335E-02
  2425.6000       1.78589522E-02
  2425.7000       1.78407582E-02
  2425.8000       1.78320673E-02
  2425.9000       1.78311044E-02
  2426.0000       1.78359165E-02
  2426.1000       1.78443391E-02
  2426.2000       1.78544928E-02
  2426.3000       1.78646955E-02
  2426.4000       1.78736825E-02
  2426.5000       1.78802137E-02
  2426.6000       1.78848490E-02
  2426.7000       1.78868309E-02
  2426.8000       1.78871065E-02
  2426.9000       1.78865189E-02
  2427.0000       1.78855289E-02
  2427.1000       1.78840066E-02
  2427.2000       1.78824119E-02
  2427.3000       1.78804623E-02
  2427.4000       1.78777730E-02
  2427.5000       1.78742645E-02
  2427.6000       1.78712209E-02
  2427.7000       1.78689142E-02
  2427.8000       1.78669657E-02
  2427.9000       1.78676222E-02
  2428.0000       1.78704636E-02
  2428.1000       1.78755602E-02
  2428.2000       1.78831898E-02
  2428.3000       1.78936761E-02
  2428.4000       1.79072420E-02
  2428.5000       1.79239530E-02
  2428.6000       1.79423234E-02
  2428.7000       1.79619077E-02
  2428.8000       1.79805266E-02
  2428.9000       1.79971194E-02
  2429.0000       1.80102133E-02
  2429.1000       1.80189251E-02
  2429.2000       1.80229815E-02
  2429.3000       1.80220552E-02
  2429.4000       1.80165298E-02
  2429.5000       1.80071699E-02
  2429.6000       1.79957069E-02
  2429.7000       1.79829773E-02
  2429.8000       1.79695277E-02
  2429.9000       1.79568142E-02
  2430.0000       1.79475705E-02
  2430.1000       1.79425324E-02
  2430.2000       1.79428140E-02
  2430.3000       1.79464004E-02
  2430.4000       1.79522309E-02
  2430.5000       1.79588923E-02
  2430.6000       1.79650383E-02
  2430.7000       1.79698144E-02
  2430.8000       1.79735662E-02
  2430.9000       1.79768962E-02
  2431.0000       1.79791734E-02
  2431.1000       1.79819564E-02
  2431.2000       1.79848972E-02
  2431.3000       1.79878271E-02
  2431.4000       1.79916761E-02
  2431.5000       1.79963782E-02
  2431.6000       1.79993494E-02
  2431.7000       1.79990030E-02
  2431.8000       1.79945894E-02
  2431.9000       1.79851972E-02
  2432.0000       1.79723069E-02
  2432.1000       1.79591737E-02
  2432.2000       1.79480969E-02
  2432.3000       1.79409799E-02
  2432.4000       1.79392270E-02
  2432.5000       1.79403244E-02
  2432.6000       1.79415079E-02
  2432.7000       1.79428041E-02
  2432.8000       1.79428846E-02
  2432.9000       1.79416449E-02
  2433.0000       1.79409416E-02
  2433.1000       1.79422702E-02
  2433.2000       1.79467568E-02
  2433.3000       1.79539731E-02
  2433.4000       1.79628404E-02
  2433.5000       1.79740323E-02
  2433.6000       1.79857957E-02
  2433.7000       1.79961274E-02
  2433.8000       1.80047985E-02
  2433.9000       1.80124540E-02
  2434.0000       1.80196475E-02
  2434.1000       1.80271304E-02
  2434.2000       1.80342606E-02
  2434.3000       1.80416124E-02
  2434.4000       1.80477560E-02
  2434.5000       1.80526915E-02
  2434.6000       1.80566959E-02
  2434.7000       1.80590197E-02
  2434.8000       1.80591470E-02
  2434.9000       1.80568169E-02
  2435.0000       1.80528684E-02
  2435.1000       1.80492419E-02
  2435.2000       1.80466388E-02
  2435.3000       1.80458713E-02
  2435.4000       1.80469480E-02
  2435.5000       1.80485074E-02
  2435.6000       1.80499808E-02
  2435.7000       1.80521961E-02
  2435.8000       1.80553617E-02
  2435.9000       1.80585627E-02
  2436.0000       1.80605569E-02
  2436.1000       1.80598270E-02
  2436.2000       1.80550782E-02
  2436.3000       1.80467536E-02
  2436.4000       1.80369475E-02
  2436.5000       1.80266091E-02
  2436.6000       1.80164429E-02
  2436.7000       1.80082004E-02
  2436.8000       1.80017844E-02
  2436.9000       1.79977741E-02
  2437.0000       1.79974252E-02
  2437.1000       1.80004382E-02
  2437.2000       1.80046389E-02
  2437.3000       1.80080914E-02
  2437.4000       1.80107078E-02
  2437.5000       1.80131465E-02
  2437.6000       1.80155030E-02
  2437.7000       1.80172830E-02
  2437.8000       1.80172517E-02
  2437.9000       1.80147708E-02
  2438.0000       1.80103751E-02
  2438.1000       1.80043700E-02
  2438.2000       1.79969097E-02
  2438.3000       1.79891199E-02
  2438.4000       1.79831494E-02
  2438.5000       1.79808724E-02
  2438.6000       1.79824060E-02
  2438.7000       1.79866784E-02
  2438.8000       1.79946051E-02
  2438.9000       1.80051282E-02
  2439.0000       1.80134420E-02
  2439.1000       1.80192349E-02
  2439.2000       1.80244906E-02
  2439.3000       1.80299016E-02
  2439.4000       1.80378538E-02
  2439.5000       1.80475287E-02
  2439.6000       1.80565111E-02
  2439.7000       1.80638399E-02
  2439.8000       1.80706832E-02
  2439.9000       1.80769865E-02
  2440.0000       1.80840968E-02
  2440.1000       1.80923866E-02
  2440.2000       1.81027045E-02
  2440.3000       1.81152275E-02
  2440.4000       1.81295525E-02
  2440.5000       1.81464450E-02
  2440.6000       1.81661768E-02
  2440.7000       1.81878182E-02
  2440.8000       1.82107257E-02
  2440.9000       1.82341403E-02
  2441.0000       1.82578892E-02
  2441.1000       1.82815317E-02
  2441.2000       1.83037725E-02
  2441.3000       1.83252531E-02
  2441.4000       1.83459578E-02
  2441.5000       1.83670839E-02
  2441.6000       1.83885594E-02
  2441.7000       1.84101972E-02
  2441.8000       1.84330198E-02
  2441.9000       1.84576617E-02
  2442.0000       1.84823337E-02
  2442.1000       1.85052264E-02
  2442.2000       1.85251261E-02
  2442.3000       1.85405498E-02
  2442.4000       1.85500700E-02
  2442.5000       1.85531662E-02
  2442.6000       1.85509995E-02
  2442.7000       1.85450273E-02
  2442.8000       1.85355892E-02
  2442.9000       1.85228231E-02
  2443.0000       1.85071291E-02
  2443.1000       1.84901827E-02
  2443.2000       1.84725978E-02
  2443.3000       1.84546325E-02
  2443.4000       1.84366809E-02
  2443.5000       1.84213502E-02
  2443.6000       1.84097112E-02
  2443.7000       1.84012018E-02
  2443.8000       1.83935917E-02
  2443.9000       1.83842305E-02
  2444.0000       1.83715880E-02
  2444.1000       1.83555565E-02
  2444.2000       1.83370977E-02
  2444.3000       1.83172027E-02
  2444.4000       1.82963376E-02
  2444.5000       1.82745688E-02
  2444.6000       1.82503988E-02
  2444.7000       1.82245526E-02
  2444.8000       1.81971587E-02
  2444.9000       1.81693974E-02
  2445.0000       1.81413555E-02
  2445.1000       1.81151551E-02
  2445.2000       1.80921850E-02
  2445.3000       1.80716769E-02
  2445.4000       1.80535810E-02
  2445.5000       1.80380803E-02
  2445.6000       1.80244129E-02
  2445.7000       1.80124577E-02
  2445.8000       1.80021611E-02
  2445.9000       1.79927670E-02
  2446.0000       1.79818162E-02
  2446.1000       1.79689637E-02
  2446.2000       1.79536148E-02
  2446.3000       1.79373514E-02
  2446.4000       1.79205154E-02
  2446.5000       1.79030282E-02
  2446.6000       1.78839101E-02
  2446.7000       1.78639948E-02
  2446.8000       1.78459201E-02
  2446.9000       1.78306391E-02
  2447.0000       1.78190817E-02
  2447.1000       1.78124031E-02
  2447.2000       1.78117473E-02
  2447.3000       1.78181658E-02
  2447.4000       1.78316425E-02
  2447.5000       1.78510417E-02
  2447.6000       1.78761095E-02
  2447.7000       1.79058096E-02
  2447.8000       1.79393628E-02
  2447.9000       1.79755160E-02
  2448.0000       1.80107770E-02
  2448.1000       1.80446252E-02
  2448.2000       1.80765127E-02
  2448.3000       1.81066986E-02
  2448.4000       1.81372395E-02
  2448.5000       1.81685901E-02
  2448.6000       1.82001219E-02
  2448.7000       1.82305629E-02
  2448.8000       1.82586549E-02
  2448.9000       1.82829098E-02
  2449.0000       1.83040853E-02
  2449.1000       1.83225343E-02
  2449.2000       1.83396425E-02
  2449.3000       1.83556967E-02
  2449.4000       1.83709970E-02
  2449.5000       1.83869477E-02
  2449.6000       1.84071043E-02
  2449.7000       1.84343464E-02
  2449.8000       1.84682843E-02
  2449.9000       1.85067509E-02
  2450.0000       1.85477060E-02
  2450.1000       1.85897221E-02
  2450.2000       1.86318767E-02
  2450.3000       1.86765392E-02
  2450.4000       1.87226363E-02
  2450.5000       1.87653657E-02
  2450.6000       1.88042563E-02
  2450.7000       1.88396394E-02
  2450.8000       1.88695986E-02
  2450.9000       1.88941960E-02
  2451.0000       1.89124612E-02
  2451.1000       1.89267617E-02
  2451.2000       1.89365532E-02
  2451.3000       1.89414450E-02
  2451.4000       1.89426833E-02
  2451.5000       1.89397891E-02
  2451.6000       1.89309417E-02
  2451.7000       1.89159988E-02
  2451.8000       1.88951890E-02
  2451.9000       1.88701221E-02
  2452.0000       1.88427322E-02
  2452.1000       1.88135053E-02
  2452.2000       1.87844454E-02
  2452.3000       1.87566311E-02
  2452.4000       1.87290631E-02
  2452.5000       1.87022526E-02
  2452.6000       1.86792547E-02
  2452.7000       1.86586678E-02
  2452.8000       1.86394203E-02
  2452.9000       1.86207274E-02
  2453.0000       1.86034104E-02
  2453.1000       1.85877159E-02
  2453.2000       1.85723470E-02
  2453.3000       1.85562729E-02
  2453.4000       1.85396771E-02
  2453.5000       1.85227380E-02
  2453.6000       1.85048389E-02
  2453.7000       1.84856224E-02
  2453.8000       1.84656674E-02
  2453.9000       1.84453157E-02
  2454.0000       1.84256752E-02
  2454.1000       1.84073340E-02
  2454.2000       1.83910160E-02
  2454.3000       1.83750508E-02
  2454.4000       1.83582740E-02
  2454.5000       1.83421194E-02
  2454.6000       1.83285251E-02
  2454.7000       1.83203034E-02
  2454.8000       1.83188542E-02
  2454.9000       1.83222155E-02
  2455.0000       1.83300836E-02
  2455.1000       1.83401203E-02
  2455.2000       1.83475215E-02
  2455.3000       1.83486378E-02
  2455.4000       1.83428727E-02
  2455.5000       1.83305563E-02
  2455.6000       1.83137181E-02
  2455.7000       1.82945041E-02
  2455.8000       1.82742916E-02
  2455.9000       1.82528850E-02
  2456.0000       1.82297525E-02
  2456.1000       1.82050006E-02
  2456.2000       1.81783623E-02
  2456.3000       1.81503389E-02
  2456.4000       1.81209855E-02
  2456.5000       1.80909493E-02
  2456.6000       1.80609516E-02
  2456.7000       1.80321572E-02
  2456.8000       1.80037188E-02
  2456.9000       1.79756967E-02
  2457.0000       1.79502515E-02
  2457.1000       1.79278748E-02
  2457.2000       1.79104645E-02
  2457.3000       1.78989431E-02
  2457.4000       1.78932736E-02
  2457.5000       1.78938917E-02
  2457.6000       1.79000064E-02
  2457.7000       1.79101888E-02
  2457.8000       1.79246041E-02
  2457.9000       1.79416069E-02
  2458.0000       1.79610199E-02
  2458.1000       1.79834249E-02
  2458.2000       1.80069754E-02
  2458.3000       1.80317233E-02
  2458.4000       1.80586568E-02
  2458.5000       1.80879677E-02
  2458.6000       1.81197480E-02
  2458.7000       1.81540378E-02
  2458.8000       1.81893667E-02
  2458.9000       1.82245817E-02
  2459.0000       1.82582820E-02
  2459.1000       1.82901394E-02
  2459.2000       1.83205798E-02
  2459.3000       1.83501707E-02
  2459.4000       1.83764028E-02
  2459.5000       1.83953245E-02
  2459.6000       1.84052965E-02
  2459.7000       1.84091788E-02
  2459.8000       1.84082912E-02
  2459.9000       1.84058999E-02
  2460.0000       1.84076387E-02
  2460.1000       1.84122866E-02
  2460.2000       1.84228168E-02
  2460.3000       1.84375629E-02
  2460.4000       1.84534424E-02
  2460.5000       1.84658330E-02
  2460.6000       1.84704407E-02
  2460.7000       1.84668428E-02
  2460.8000       1.84561669E-02
  2460.9000       1.84404624E-02
  2461.0000       1.84229244E-02
  2461.1000       1.84070599E-02
  2461.2000       1.83942810E-02
  2461.3000       1.83841163E-02
  2461.4000       1.83753001E-02
  2461.5000       1.83659236E-02
  2461.6000       1.83546531E-02
  2461.7000       1.83403759E-02
  2461.8000       1.83231797E-02
  2461.9000       1.83024316E-02
  2462.0000       1.82775268E-02
  2462.1000       1.82485571E-02
  2462.2000       1.82158636E-02
  2462.3000       1.81812260E-02
  2462.4000       1.81483012E-02
  2462.5000       1.81191165E-02
  2462.6000       1.80951048E-02
  2462.7000       1.80754582E-02
  2462.8000       1.80593769E-02
  2462.9000       1.80473091E-02
  2463.0000       1.80379561E-02
  2463.1000       1.80309284E-02
  2463.2000       1.80273474E-02
  2463.3000       1.80273943E-02
  2463.4000       1.80321998E-02
  2463.5000       1.80411938E-02
  2463.6000       1.80523954E-02
  2463.7000       1.80606984E-02
  2463.8000       1.80638961E-02
  2463.9000       1.80623833E-02
  2464.0000       1.80580960E-02
  2464.1000       1.80517675E-02
  2464.2000       1.80430084E-02
  2464.3000       1.80324693E-02
  2464.4000       1.80216780E-02
  2464.5000       1.80116734E-02
  2464.6000       1.80025985E-02
  2464.7000       1.79943357E-02
  2464.8000       1.79883862E-02
  2464.9000       1.79850493E-02
  2465.0000       1.79834849E-02
  2465.1000       1.79840358E-02
  2465.2000       1.79862753E-02
  2465.3000       1.79897737E-02
  2465.4000       1.79946293E-02
  2465.5000       1.80016704E-02
  2465.6000       1.80108857E-02
  2465.7000       1.80222527E-02
  2465.8000       1.80351709E-02
  2465.9000       1.80481798E-02
  2466.0000       1.80603407E-02
  2466.1000       1.80707931E-02
  2466.2000       1.80779110E-02
  2466.3000       1.80818764E-02
  2466.4000       1.80833496E-02
  2466.5000       1.80817368E-02
  2466.6000       1.80760714E-02
  2466.7000       1.80668113E-02
  2466.8000       1.80555727E-02
  2466.9000       1.80440109E-02
  2467.0000       1.80345416E-02
  2467.1000       1.80296196E-02
  2467.2000       1.80300773E-02
  2467.3000       1.80354284E-02
  2467.4000       1.80445935E-02
  2467.5000       1.80562029E-02
  2467.6000       1.80686270E-02
  2467.7000       1.80808764E-02
  2467.8000       1.80930091E-02
  2467.9000       1.81051621E-02
  2468.0000       1.81155570E-02
  2468.1000       1.81219809E-02
  2468.2000       1.81229185E-02
  2468.3000       1.81198532E-02
  2468.4000       1.81132239E-02
  2468.5000       1.81031125E-02
  2468.6000       1.80901019E-02
  2468.7000       1.80740270E-02
  2468.8000       1.80550568E-02
  2468.9000       1.80340212E-02
  2469.0000       1.80125998E-02
  2469.1000       1.79922681E-02
  2469.2000       1.79724931E-02
  2469.3000       1.79530164E-02
  2469.4000       1.79337421E-02
  2469.5000       1.79146234E-02
  2469.6000       1.78964637E-02
  2469.7000       1.78806406E-02
  2469.8000       1.78675914E-02
  2469.9000       1.78561516E-02
  2470.0000       1.78460440E-02
  2470.1000       1.78376347E-02
  2470.2000       1.78312685E-02
  2470.3000       1.78273468E-02
  2470.4000       1.78255231E-02
  2470.5000       1.78248835E-02
  2470.6000       1.78250505E-02
  2470.7000       1.78257356E-02
  2470.8000       1.78275855E-02
  2470.9000       1.78304985E-02
  2471.0000       1.78350453E-02
  2471.1000       1.78406641E-02
  2471.2000       1.78476764E-02
  2471.3000       1.78560582E-02
  2471.4000       1.78656547E-02
  2471.5000       1.78764305E-02
  2471.6000       1.78884147E-02
  2471.7000       1.79009174E-02
  2471.8000       1.79137468E-02
  2471.9000       1.79265924E-02
  2472.0000       1.79397229E-02
  2472.1000       1.79537557E-02
  2472.2000       1.79688704E-02
  2472.3000       1.79843053E-02
  2472.4000       1.80000784E-02
  2472.5000       1.80149910E-02
  2472.6000       1.80294222E-02
  2472.7000       1.80429271E-02
  2472.8000       1.80561109E-02
  2472.9000       1.80713342E-02
  2473.0000       1.80907515E-02
  2473.1000       1.81161435E-02
  2473.2000       1.81481695E-02
  2473.3000       1.81861571E-02
  2473.4000       1.82285448E-02
  2473.5000       1.82730289E-02
  2473.6000       1.83171986E-02
  2473.7000       1.83596288E-02
  2473.8000       1.83989426E-02
  2473.9000       1.84353126E-02
  2474.0000       1.84688769E-02
  2474.1000       1.84991698E-02
  2474.2000       1.85275081E-02
  2474.3000       1.85547546E-02
  2474.4000       1.85803962E-02
  2474.5000       1.86019869E-02
  2474.6000       1.86189845E-02
  2474.7000       1.86334194E-02
  2474.8000       1.86436628E-02
  2474.9000       1.86449510E-02
  2475.0000       1.86346599E-02
  2475.1000       1.86162611E-02
  2475.2000       1.85956318E-02
  2475.3000       1.85752055E-02
  2475.4000       1.85542497E-02
  2475.5000       1.85364348E-02
  2475.6000       1.85228556E-02
  2475.7000       1.85136429E-02
  2475.8000       1.85100593E-02
  2475.9000       1.85124637E-02
  2476.0000       1.85201536E-02
  2476.1000       1.85324918E-02
  2476.2000       1.85480719E-02
  2476.3000       1.85655475E-02
  2476.4000       1.85832002E-02
  2476.5000       1.85991193E-02
  2476.6000       1.86105224E-02
  2476.7000       1.86159125E-02
  2476.8000       1.86147910E-02
  2476.9000       1.86077162E-02
  2477.0000       1.85965237E-02
  2477.1000       1.85820507E-02
  2477.2000       1.85649323E-02
  2477.3000       1.85455783E-02
  2477.4000       1.85242975E-02
  2477.5000       1.85009609E-02
  2477.6000       1.84770459E-02
  2477.7000       1.84538542E-02
  2477.8000       1.84335473E-02
  2477.9000       1.84168601E-02
  2478.0000       1.84049272E-02
  2478.1000       1.83966010E-02
  2478.2000       1.83909893E-02
  2478.3000       1.83869139E-02
  2478.4000       1.83833393E-02
  2478.5000       1.83803813E-02
  2478.6000       1.83764585E-02
  2478.7000       1.83716505E-02
  2478.8000       1.83667309E-02
  2478.9000       1.83634042E-02
  2479.0000       1.83623480E-02
  2479.1000       1.83643617E-02
  2479.2000       1.83686520E-02
  2479.3000       1.83738752E-02
  2479.4000       1.83789278E-02
  2479.5000       1.83833087E-02
  2479.6000       1.83868551E-02
  2479.7000       1.83914298E-02
  2479.8000       1.83973270E-02
  2479.9000       1.84038070E-02
  2480.0000       1.84090831E-02
  2480.1000       1.84115635E-02
  2480.2000       1.84098536E-02
  2480.3000       1.84042994E-02
  2480.4000       1.83951679E-02
  2480.5000       1.83840290E-02
  2480.6000       1.83720437E-02
  2480.7000       1.83602004E-02
  2480.8000       1.83492279E-02
  2480.9000       1.83383349E-02
  2481.0000       1.83265512E-02
  2481.1000       1.83133459E-02
  2481.2000       1.82978608E-02
  2481.3000       1.82807441E-02
  2481.4000       1.82620537E-02
  2481.5000       1.82427949E-02
  2481.6000       1.82227402E-02
  2481.7000       1.82019524E-02
  2481.8000       1.81810458E-02
  2481.9000       1.81603422E-02
  2482.0000       1.81395253E-02
  2482.1000       1.81195736E-02
  2482.2000       1.80996458E-02
  2482.3000       1.80797779E-02
  2482.4000       1.80601871E-02
  2482.5000       1.80403526E-02
  2482.6000       1.80204381E-02
  2482.7000       1.80011806E-02
  2482.8000       1.79834132E-02
  2482.9000       1.79676835E-02
  2483.0000       1.79545446E-02
  2483.1000       1.79456613E-02
  2483.2000       1.79403676E-02
  2483.3000       1.79401526E-02
  2483.4000       1.79457011E-02
  2483.5000       1.79565949E-02
  2483.6000       1.79730099E-02
  2483.7000       1.79942527E-02
  2483.8000       1.80195367E-02
  2483.9000       1.80474197E-02
  2484.0000       1.80757311E-02
  2484.1000       1.81021170E-02
  2484.2000       1.81251353E-02
  2484.3000       1.81444078E-02
  2484.4000       1.81584544E-02
  2484.5000       1.81671152E-02
  2484.6000       1.81710374E-02
  2484.7000       1.81703404E-02
  2484.8000       1.81661335E-02
  2484.9000       1.81608331E-02
  2485.0000       1.81557130E-02
  2485.1000       1.81513171E-02
  2485.2000       1.81472458E-02
  2485.3000       1.81440123E-02
  2485.4000       1.81410894E-02
  2485.5000       1.81366928E-02
  2485.6000       1.81284918E-02
  2485.7000       1.81156894E-02
  2485.8000       1.80987645E-02
  2485.9000       1.80786006E-02
  2486.0000       1.80559691E-02
  2486.1000       1.80315243E-02
  2486.2000       1.80056733E-02
  2486.3000       1.79778875E-02
  2486.4000       1.79486295E-02
  2486.5000       1.79181196E-02
  2486.6000       1.78877797E-02
  2486.7000       1.78587148E-02
  2486.8000       1.78327794E-02
  2486.9000       1.78100811E-02
  2487.0000       1.77916674E-02
  2487.1000       1.77773141E-02
  2487.2000       1.77669009E-02
  2487.3000       1.77598443E-02
  2487.4000       1.77549789E-02
  2487.5000       1.77505381E-02
  2487.6000       1.77457776E-02
  2487.7000       1.77406912E-02
  2487.8000       1.77344341E-02
  2487.9000       1.77271595E-02
  2488.0000       1.77178876E-02
  2488.1000       1.77074628E-02
  2488.2000       1.76965508E-02
  2488.3000       1.76865786E-02
  2488.4000       1.76782055E-02
  2488.5000       1.76717677E-02
  2488.6000       1.76666155E-02
  2488.7000       1.76620109E-02
  2488.8000       1.76573531E-02
  2488.9000       1.76530703E-02
  2489.0000       1.76486893E-02
  2489.1000       1.76439613E-02
  2489.2000       1.76369229E-02
  2489.3000       1.76290395E-02
  2489.4000       1.76209416E-02
  2489.5000       1.76118891E-02
  2489.6000       1.76024041E-02
  2489.7000       1.75928204E-02
  2489.8000       1.75845966E-02
  2489.9000       1.75772558E-02
  2490.0000       1.75708118E-02
  2490.1000       1.75647316E-02
  2490.2000       1.75606278E-02
  2490.3000       1.75591820E-02
  2490.4000       1.75603425E-02
  2490.5000       1.75637325E-02
  2490.6000       1.75724338E-02
  2490.7000       1.75871342E-02
  2490.8000       1.76053258E-02
  2490.9000       1.76265473E-02
  2491.0000       1.76484127E-02
  2491.1000       1.76690398E-02
  2491.2000       1.76856458E-02
  2491.3000       1.76980661E-02
  2491.4000       1.77074860E-02
  2491.5000       1.77143884E-02
  2491.6000       1.77195202E-02
  2491.7000       1.77230353E-02
  2491.8000       1.77243474E-02
  2491.9000       1.77235968E-02
  2492.0000       1.77216220E-02
  2492.1000       1.77189221E-02
  2492.2000       1.77157368E-02
  2492.3000       1.77115688E-02
  2492.4000       1.77054458E-02
  2492.5000       1.76955776E-02
  2492.6000       1.76816877E-02
  2492.7000       1.76633999E-02
  2492.8000       1.76402121E-02
  2492.9000       1.76125324E-02
  2493.0000       1.75807197E-02
  2493.1000       1.75458181E-02
  2493.2000       1.75090834E-02
  2493.3000       1.74723531E-02
  2493.4000       1.74377086E-02
  2493.5000       1.74059045E-02
  2493.6000       1.73789336E-02
  2493.7000       1.73567957E-02
  2493.8000       1.73392671E-02
  2493.9000       1.73255144E-02
  2494.0000       1.73162372E-02
  2494.1000       1.73120955E-02
  2494.2000       1.73129931E-02
  2494.3000       1.73171941E-02
  2494.4000       1.73229611E-02
  2494.5000       1.73308587E-02
  2494.6000       1.73399040E-02
  2494.7000       1.73499597E-02
  2494.8000       1.73597869E-02
  2494.9000       1.73682887E-02
  2495.0000       1.73767082E-02
  2495.1000       1.73858903E-02
  2495.2000       1.73959745E-02
  2495.3000       1.74063068E-02
  2495.4000       1.74176526E-02
  2495.5000       1.74313541E-02
  2495.6000       1.74471460E-02
  2495.7000       1.74640314E-02
  2495.8000       1.74808824E-02
  2495.9000       1.74965257E-02
  2496.0000       1.75102333E-02
  2496.1000       1.75215878E-02
  2496.2000       1.75302555E-02
  2496.3000       1.75378776E-02
  2496.4000       1.75468397E-02
  2496.5000       1.75577011E-02
  2496.6000       1.75705202E-02
  2496.7000       1.75865316E-02
  2496.8000       1.76056082E-02
  2496.9000       1.76259290E-02
  2497.0000       1.76460154E-02
  2497.1000       1.76641711E-02
  2497.2000       1.76773041E-02
  2497.3000       1.76840206E-02
  2497.4000       1.76853170E-02
  2497.5000       1.76824486E-02
  2497.6000       1.76773946E-02
  2497.7000       1.76714014E-02
  2497.8000       1.76652573E-02
  2497.9000       1.76607832E-02
  2498.0000       1.76581580E-02
  2498.1000       1.76565755E-02
  2498.2000       1.76562527E-02
  2498.3000       1.76569638E-02
  2498.4000       1.76570022E-02
  2498.5000       1.76549115E-02
  2498.6000       1.76502142E-02
  2498.7000       1.76410720E-02
  2498.8000       1.76280905E-02
  2498.9000       1.76130967E-02
  2499.0000       1.75985487E-02
  2499.1000       1.75864894E-02
  2499.2000       1.75773779E-02
  2499.3000       1.75722160E-02
  2499.4000       1.75716754E-02
  2499.5000       1.75757165E-02
  2499.6000       1.75835098E-02
  2499.7000       1.75934957E-02
  2499.8000       1.76042952E-02
  2499.9000       1.76153651E-02
  2500.0000       1.76254494E-02
  2500.1000       1.76331777E-02
  2500.2000       1.76384772E-02
  2500.3000       1.76406641E-02
  2500.4000       1.76397363E-02
  2500.5000       1.76358307E-02
  2500.6000       1.76287019E-02
  2500.7000       1.76193348E-02
  2500.8000       1.76089770E-02
  2500.9000       1.75974872E-02
  2501.0000       1.75835182E-02
  2501.1000       1.75681575E-02
  2501.2000       1.75510470E-02
  2501.3000       1.75336544E-02
  2501.4000       1.75183249E-02
  2501.5000       1.75048172E-02
  2501.6000       1.74926887E-02
  2501.7000       1.74802695E-02
  2501.8000       1.74679158E-02
  2501.9000       1.74591283E-02
  2502.0000       1.74581666E-02
  2502.1000       1.74632913E-02
  2502.2000       1.74704729E-02
  2502.3000       1.74791643E-02
  2502.4000       1.74926493E-02
  2502.5000       1.75115740E-02
  2502.6000       1.75338218E-02
  2502.7000       1.75551021E-02
  2502.8000       1.75734504E-02
  2502.9000       1.75907591E-02
  2503.0000       1.76078669E-02
  2503.1000       1.76235847E-02
  2503.2000       1.76388964E-02
  2503.3000       1.76536236E-02
  2503.4000       1.76689990E-02
  2503.5000       1.76859030E-02
  2503.6000       1.77026658E-02
  2503.7000       1.77181280E-02
  2503.8000       1.77320113E-02
  2503.9000       1.77426468E-02
  2504.0000       1.77503501E-02
  2504.1000       1.77552120E-02
  2504.2000       1.77573672E-02
  2504.3000       1.77572157E-02
  2504.4000       1.77550961E-02
  2504.5000       1.77516923E-02
  2504.6000       1.77479972E-02
  2504.7000       1.77446196E-02
  2504.8000       1.77412699E-02
  2504.9000       1.77378093E-02
  2505.0000       1.77338431E-02
  2505.1000       1.77302671E-02
  2505.2000       1.77280647E-02
  2505.3000       1.77268764E-02
  2505.4000       1.77273401E-02
  2505.5000       1.77298878E-02
  2505.6000       1.77339794E-02
  2505.7000       1.77391007E-02
  2505.8000       1.77439568E-02
  2505.9000       1.77484617E-02
  2506.0000       1.77509910E-02
  2506.1000       1.77510916E-02
  2506.2000       1.77488251E-02
  2506.3000       1.77442471E-02
  2506.4000       1.77376567E-02
  2506.5000       1.77295104E-02
  2506.6000       1.77205699E-02
  2506.7000       1.77120038E-02
  2506.8000       1.77040433E-02
  2506.9000       1.76970556E-02
  2507.0000       1.76919353E-02
  2507.1000       1.76878624E-02
  2507.2000       1.76850486E-02
  2507.3000       1.76836709E-02
  2507.4000       1.76820411E-02
  2507.5000       1.76792962E-02
  2507.6000       1.76753501E-02
  2507.7000       1.76691713E-02
  2507.8000       1.76612110E-02
  2507.9000       1.76529476E-02
  2508.0000       1.76460132E-02
  2508.1000       1.76404082E-02
  2508.2000       1.76369270E-02
  2508.3000       1.76350187E-02
  2508.4000       1.76346181E-02
  2508.5000       1.76364160E-02
  2508.6000       1.76401731E-02
  2508.7000       1.76460682E-02
  2508.8000       1.76538675E-02
  2508.9000       1.76628047E-02
  2509.0000       1.76724022E-02
  2509.1000       1.76825943E-02
  2509.2000       1.76937902E-02
  2509.3000       1.77065809E-02
  2509.4000       1.77218041E-02
  2509.5000       1.77408004E-02
  2509.6000       1.77638389E-02
  2509.7000       1.77900961E-02
  2509.8000       1.78180607E-02
  2509.9000       1.78455853E-02
  2510.0000       1.78738814E-02
  2510.1000       1.79027081E-02
  2510.2000       1.79321474E-02
  2510.3000       1.79619347E-02
  2510.4000       1.79927890E-02
  2510.5000       1.80238800E-02
  2510.6000       1.80532826E-02
  2510.7000       1.80799011E-02
  2510.8000       1.81034837E-02
  2510.9000       1.81229976E-02
  2511.0000       1.81372283E-02
  2511.1000       1.81468144E-02
  2511.2000       1.81520494E-02
  2511.3000       1.81528899E-02
  2511.4000       1.81505799E-02
  2511.5000       1.81451566E-02
  2511.6000       1.81372586E-02
  2511.7000       1.81291404E-02
  2511.8000       1.81217457E-02
  2511.9000       1.81151733E-02
  2512.0000       1.81108422E-02
  2512.1000       1.81088251E-02
  2512.2000       1.81088989E-02
  2512.3000       1.81110093E-02
  2512.4000       1.81151757E-02
  2512.5000       1.81215423E-02
  2512.6000       1.81298811E-02
  2512.7000       1.81401741E-02
  2512.8000       1.81516266E-02
  2512.9000       1.81632147E-02
  2513.0000       1.81737495E-02
  2513.1000       1.81829337E-02
  2513.2000       1.81912912E-02
  2513.3000       1.81982937E-02
  2513.4000       1.82045407E-02
  2513.5000       1.82106728E-02
  2513.6000       1.82179367E-02
  2513.7000       1.82274419E-02
  2513.8000       1.82405674E-02
  2513.9000       1.82578219E-02
  2514.0000       1.82775394E-02
  2514.1000       1.82984882E-02
  2514.2000       1.83195157E-02
  2514.3000       1.83378431E-02
  2514.4000       1.83520976E-02
  2514.5000       1.83606833E-02
  2514.6000       1.83632026E-02
  2514.7000       1.83609790E-02
  2514.8000       1.83541624E-02
  2514.9000       1.83436468E-02
  2515.0000       1.83313974E-02
  2515.1000       1.83193163E-02
  2515.2000       1.83087539E-02
  2515.3000       1.82998316E-02
  2515.4000       1.82910348E-02
  2515.5000       1.82800178E-02
  2515.6000       1.82664069E-02
  2515.7000       1.82508564E-02
  2515.8000       1.82363594E-02
  2515.9000       1.82244396E-02
  2516.0000       1.82157482E-02
  2516.1000       1.82111671E-02
  2516.2000       1.82086989E-02
  2516.3000       1.82053278E-02
  2516.4000       1.82008355E-02
  2516.5000       1.81959996E-02
  2516.6000       1.81921429E-02
  2516.7000       1.81901686E-02
  2516.8000       1.81897376E-02
  2516.9000       1.81911505E-02
  2517.0000       1.81952775E-02
  2517.1000       1.82030832E-02
  2517.2000       1.82139235E-02
  2517.3000       1.82272322E-02
  2517.4000       1.82415470E-02
  2517.5000       1.82563923E-02
  2517.6000       1.82689419E-02
  2517.7000       1.82785946E-02
  2517.8000       1.82852523E-02
  2517.9000       1.82895477E-02
  2518.0000       1.82934858E-02
  2518.1000       1.82976437E-02
  2518.2000       1.83011110E-02
  2518.3000       1.83041658E-02
  2518.4000       1.83065839E-02
  2518.5000       1.83072589E-02
  2518.6000       1.83050767E-02
  2518.7000       1.82991386E-02
  2518.8000       1.82899792E-02
  2518.9000       1.82780191E-02
  2519.0000       1.82669339E-02
  2519.1000       1.82566341E-02
  2519.2000       1.82484394E-02
  2519.3000       1.82426976E-02
  2519.4000       1.82413568E-02
  2519.5000       1.82445189E-02
  2519.6000       1.82501114E-02
  2519.7000       1.82576480E-02
  2519.8000       1.82668214E-02
  2519.9000       1.82770478E-02
  2520.0000       1.82861819E-02
  2520.1000       1.82933053E-02
  2520.2000       1.82979770E-02
  2520.3000       1.83009019E-02
  2520.4000       1.83018974E-02
  2520.5000       1.82999772E-02
  2520.6000       1.82945063E-02
  2520.7000       1.82856886E-02
  2520.8000       1.82744405E-02
  2520.9000       1.82612988E-02
  2521.0000       1.82477002E-02
  2521.1000       1.82348843E-02
  2521.2000       1.82232530E-02
  2521.3000       1.82138074E-02
  2521.4000       1.82065023E-02
  2521.5000       1.82017580E-02
  2521.6000       1.82001394E-02
  2521.7000       1.82021616E-02
  2521.8000       1.82071455E-02
  2521.9000       1.82127396E-02
  2522.0000       1.82165655E-02
  2522.1000       1.82186611E-02
  2522.2000       1.82182686E-02
  2522.3000       1.82129100E-02
  2522.4000       1.82013871E-02
  2522.5000       1.81851809E-02
  2522.6000       1.81661573E-02
  2522.7000       1.81452470E-02
  2522.8000       1.81226587E-02
  2522.9000       1.81001825E-02
  2523.0000       1.80791200E-02
  2523.1000       1.80603026E-02
  2523.2000       1.80437316E-02
  2523.3000       1.80305317E-02
  2523.4000       1.80209135E-02
  2523.5000       1.80143509E-02
  2523.6000       1.80105210E-02
  2523.7000       1.80090692E-02
  2523.8000       1.80098888E-02
  2523.9000       1.80138772E-02
  2524.0000       1.80213486E-02
  2524.1000       1.80311026E-02
  2524.2000       1.80432417E-02
  2524.3000       1.80560716E-02
  2524.4000       1.80675400E-02
  2524.5000       1.80761740E-02
  2524.6000       1.80816880E-02
  2524.7000       1.80853481E-02
  2524.8000       1.80866443E-02
  2524.9000       1.80854208E-02
  2525.0000       1.80831404E-02
  2525.1000       1.80815481E-02
  2525.2000       1.80810336E-02
  2525.3000       1.80813133E-02
  2525.4000       1.80811448E-02
  2525.5000       1.80812258E-02
  2525.6000       1.80818256E-02
  2525.7000       1.80819028E-02
  2525.8000       1.80823320E-02
  2525.9000       1.80857240E-02
  2526.0000       1.80935768E-02
  2526.1000       1.81043846E-02
  2526.2000       1.81179480E-02
  2526.3000       1.81326979E-02
  2526.4000       1.81468525E-02
  2526.5000       1.81607970E-02
  2526.6000       1.81731933E-02
  2526.7000       1.81843648E-02
  2526.8000       1.81936811E-02
  2526.9000       1.82005701E-02
  2527.0000       1.82052296E-02
  2527.1000       1.82081453E-02
  2527.2000       1.82091182E-02
  2527.3000       1.82058843E-02
  2527.4000       1.81984121E-02
  2527.5000       1.81883932E-02
  2527.6000       1.81754909E-02
  2527.7000       1.81587798E-02
  2527.8000       1.81381578E-02
  2527.9000       1.81146666E-02
  2528.0000       1.80909703E-02
  2528.1000       1.80683586E-02
  2528.2000       1.80475038E-02
  2528.3000       1.80290118E-02
  2528.4000       1.80145778E-02
  2528.5000       1.80048612E-02
  2528.6000       1.79989363E-02
  2528.7000       1.79952651E-02
  2528.8000       1.79933132E-02
  2528.9000       1.79939749E-02
  2529.0000       1.79972438E-02
  2529.1000       1.79997538E-02
  2529.2000       1.80017063E-02
  2529.3000       1.80061384E-02
  2529.4000       1.80148255E-02
  2529.5000       1.80250014E-02
  2529.6000       1.80351271E-02
  2529.7000       1.80441349E-02
  2529.8000       1.80516734E-02
  2529.9000       1.80561810E-02
  2530.0000       1.80559216E-02
  2530.1000       1.80512370E-02
  2530.2000       1.80421547E-02
  2530.3000       1.80298583E-02
  2530.4000       1.80125863E-02
  2530.5000       1.79897689E-02
  2530.6000       1.79620726E-02
  2530.7000       1.79324195E-02
  2530.8000       1.79045953E-02
  2530.9000       1.78826859E-02
  2531.0000       1.78703514E-02
  2531.1000       1.78686999E-02
  2531.2000       1.78795687E-02
  2531.3000       1.79024756E-02
  2531.4000       1.79349753E-02
  2531.5000       1.79743527E-02
  2531.6000       1.80168340E-02
  2531.7000       1.80590556E-02
  2531.8000       1.80989688E-02
  2531.9000       1.81342403E-02
  2532.0000       1.81632234E-02
  2532.1000       1.81858907E-02
  2532.2000       1.82006365E-02
  2532.3000       1.82077592E-02
  2532.4000       1.82064153E-02
  2532.5000       1.81978513E-02
  2532.6000       1.81849416E-02
  2532.7000       1.81702862E-02
  2532.8000       1.81567199E-02
  2532.9000       1.81463059E-02
  2533.0000       1.81384175E-02
  2533.1000       1.81326772E-02
  2533.2000       1.81307709E-02
  2533.3000       1.81325272E-02
  2533.4000       1.81348073E-02
  2533.5000       1.81350019E-02
  2533.6000       1.81315344E-02
  2533.7000       1.81268346E-02
  2533.8000       1.81212441E-02
  2533.9000       1.81146493E-02
  2534.0000       1.81085574E-02
  2534.1000       1.81033468E-02
  2534.2000       1.81003293E-02
  2534.3000       1.81007517E-02
  2534.4000       1.81038871E-02
  2534.5000       1.81087751E-02
  2534.6000       1.81155144E-02
  2534.7000       1.81243246E-02
  2534.8000       1.81343683E-02
  2534.9000       1.81460756E-02
  2535.0000       1.81590569E-02
  2535.1000       1.81715850E-02
  2535.2000       1.81833417E-02
  2535.3000       1.81944351E-02
  2535.4000       1.82033035E-02
  2535.5000       1.82073505E-02
  2535.6000       1.82068447E-02
  2535.7000       1.82014422E-02
  2535.8000       1.81930858E-02
  2535.9000       1.81829204E-02
  2536.0000       1.81708009E-02
  2536.1000       1.81590960E-02
  2536.2000       1.81503891E-02
  2536.3000       1.81475216E-02
  2536.4000       1.81521244E-02
  2536.5000       1.81643186E-02
  2536.6000       1.81832606E-02
  2536.7000       1.82085448E-02
  2536.8000       1.82388040E-02
  2536.9000       1.82723295E-02
  2537.0000       1.83073121E-02
  2537.1000       1.83427135E-02
  2537.2000       1.83786147E-02
  2537.3000       1.84149686E-02
  2537.4000       1.84503359E-02
  2537.5000       1.84835284E-02
  2537.6000       1.85126132E-02
  2537.7000       1.85374888E-02
  2537.8000       1.85562045E-02
  2537.9000       1.85686331E-02
  2538.0000       1.85751477E-02
  2538.1000       1.85723472E-02
  2538.2000       1.85608905E-02
  2538.3000       1.85450719E-02
  2538.4000       1.85299843E-02
  2538.5000       1.85154783E-02
  2538.6000       1.85004610E-02
  2538.7000       1.84833159E-02
  2538.8000       1.84647735E-02
  2538.9000       1.84495694E-02
  2539.0000       1.84396072E-02
  2539.1000       1.84343842E-02
  2539.2000       1.84323426E-02
  2539.3000       1.84341374E-02
  2539.4000       1.84418095E-02
  2539.5000       1.84545047E-02
  2539.6000       1.84704379E-02
  2539.7000       1.84878728E-02
  2539.8000       1.85046113E-02
  2539.9000       1.85187459E-02
  2540.0000       1.85284115E-02
  2540.1000       1.85313369E-02
  2540.2000       1.85286480E-02
  2540.3000       1.85220039E-02
  2540.4000       1.85133661E-02
  2540.5000       1.85024626E-02
  2540.6000       1.84883754E-02
  2540.7000       1.84683772E-02
  2540.8000       1.84403891E-02
  2540.9000       1.84061369E-02
  2541.0000       1.83675465E-02
  2541.1000       1.83269777E-02
  2541.2000       1.82873223E-02
  2541.3000       1.82503150E-02
  2541.4000       1.82159967E-02
  2541.5000       1.81850305E-02
  2541.6000       1.81575151E-02
  2541.7000       1.81332981E-02
  2541.8000       1.81114802E-02
  2541.9000       1.80920667E-02
  2542.0000       1.80751516E-02
  2542.1000       1.80624935E-02
  2542.2000       1.80546705E-02
  2542.3000       1.80524812E-02
  2542.4000       1.80568392E-02
  2542.5000       1.80679806E-02
  2542.6000       1.80863017E-02
  2542.7000       1.81098311E-02
  2542.8000       1.81358882E-02
  2542.9000       1.81617096E-02
  2543.0000       1.81863944E-02
  2543.1000       1.82085530E-02
  2543.2000       1.82263205E-02
  2543.3000       1.82393479E-02
  2543.4000       1.82471658E-02
  2543.5000       1.82494673E-02
  2543.6000       1.82483591E-02
  2543.7000       1.82462581E-02
  2543.8000       1.82426476E-02
  2543.9000       1.82366233E-02
  2544.0000       1.82274887E-02
  2544.1000       1.82160716E-02
  2544.2000       1.82042312E-02
  2544.3000       1.81951234E-02
  2544.4000       1.81902099E-02
  2544.5000       1.81906855E-02
  2544.6000       1.81968998E-02
  2544.7000       1.82090651E-02
  2544.8000       1.82269647E-02
  2544.9000       1.82505213E-02
  2545.0000       1.82786560E-02
  2545.1000       1.83104120E-02
  2545.2000       1.83467643E-02
  2545.3000       1.83867679E-02
  2545.4000       1.84298901E-02
  2545.5000       1.84763446E-02
  2545.6000       1.85258174E-02
  2545.7000       1.85776117E-02
  2545.8000       1.86301869E-02
  2545.9000       1.86816561E-02
  2546.0000       1.87312409E-02
  2546.1000       1.87789635E-02
  2546.2000       1.88244845E-02
  2546.3000       1.88685008E-02
  2546.4000       1.89120372E-02
  2546.5000       1.89563019E-02
  2546.6000       1.90016828E-02
  2546.7000       1.90474649E-02
  2546.8000       1.90929668E-02
  2546.9000       1.91384636E-02
  2547.0000       1.91835349E-02
  2547.1000       1.92299056E-02
  2547.2000       1.92749815E-02
  2547.3000       1.93141363E-02
  2547.4000       1.93440352E-02
  2547.5000       1.93614169E-02
  2547.6000       1.93666778E-02
  2547.7000       1.93662233E-02
  2547.8000       1.93680756E-02
  2547.9000       1.93692634E-02
  2548.0000       1.93610125E-02
  2548.1000       1.93511926E-02
  2548.2000       1.93548688E-02
  2548.3000       1.93728348E-02
  2548.4000       1.93918727E-02
  2548.5000       1.94099948E-02
  2548.6000       1.94343175E-02
  2548.7000       1.94638765E-02
  2548.8000       1.94891626E-02
  2548.9000       1.95081716E-02
  2549.0000       1.95256388E-02
  2549.1000       1.95466234E-02
  2549.2000       1.95701120E-02
  2549.3000       1.95945721E-02
  2549.4000       1.96199663E-02
  2549.5000       1.96484546E-02
  2549.6000       1.96808697E-02
  2549.7000       1.97075996E-02
  2549.8000       1.97209761E-02
  2549.9000       1.97207030E-02
  2550.0000       1.97105289E-02
  2550.1000       1.96949328E-02
  2550.2000       1.96765091E-02
  2550.3000       1.96555001E-02
  2550.4000       1.96340407E-02
  2550.5000       1.96135012E-02
  2550.6000       1.95953697E-02
  2550.7000       1.95806475E-02
  2550.8000       1.95667658E-02
  2550.9000       1.95545653E-02
  2551.0000       1.95443571E-02
  2551.1000       1.95327201E-02
  2551.2000       1.95192810E-02
  2551.3000       1.95039827E-02
  2551.4000       1.94861157E-02
  2551.5000       1.94663284E-02
  2551.6000       1.94438938E-02
  2551.7000       1.94197218E-02
  2551.8000       1.93920720E-02
  2551.9000       1.93609353E-02
  2552.0000       1.93279979E-02
  2552.1000       1.92961892E-02
  2552.2000       1.92680684E-02
  2552.3000       1.92428405E-02
  2552.4000       1.92207642E-02
  2552.5000       1.92012141E-02
  2552.6000       1.91831567E-02
  2552.7000       1.91670502E-02
  2552.8000       1.91543094E-02
  2552.9000       1.91464214E-02
  2553.0000       1.91429117E-02
  2553.1000       1.91409789E-02
  2553.2000       1.91398710E-02
  2553.3000       1.91387542E-02
  2553.4000       1.91366602E-02
  2553.5000       1.91340199E-02
  2553.6000       1.91311724E-02
  2553.7000       1.91273505E-02
  2553.8000       1.91230382E-02
  2553.9000       1.91186544E-02
  2554.0000       1.91143578E-02
  2554.1000       1.91104063E-02
  2554.2000       1.91077563E-02
  2554.3000       1.91064418E-02
  2554.4000       1.91070409E-02
  2554.5000       1.91083261E-02
  2554.6000       1.91091769E-02
  2554.7000       1.91076099E-02
  2554.8000       1.91027751E-02
  2554.9000       1.90937553E-02
  2555.0000       1.90813988E-02
  2555.1000       1.90665014E-02
  2555.2000       1.90478525E-02
  2555.3000       1.90264497E-02
  2555.4000       1.90063981E-02
  2555.5000       1.89895812E-02
  2555.6000       1.89754576E-02
  2555.7000       1.89636191E-02
  2555.8000       1.89543560E-02
  2555.9000       1.89491102E-02
  2556.0000       1.89485886E-02
  2556.1000       1.89510774E-02
  2556.2000       1.89544581E-02
  2556.3000       1.89581262E-02
  2556.4000       1.89622632E-02
  2556.5000       1.89665408E-02
  2556.6000       1.89691602E-02
  2556.7000       1.89700433E-02
  2556.8000       1.89698411E-02
  2556.9000       1.89691779E-02
  2557.0000       1.89674557E-02
  2557.1000       1.89647398E-02
  2557.2000       1.89609390E-02
  2557.3000       1.89558912E-02
  2557.4000       1.89495773E-02
  2557.5000       1.89422502E-02
  2557.6000       1.89349552E-02
  2557.7000       1.89288448E-02
  2557.8000       1.89235106E-02
  2557.9000       1.89175513E-02
  2558.0000       1.89119592E-02
  2558.1000       1.89069692E-02
  2558.2000       1.89036340E-02
  2558.3000       1.89028397E-02
  2558.4000       1.89060077E-02
  2558.5000       1.89134027E-02
  2558.6000       1.89248763E-02
  2558.7000       1.89407453E-02
  2558.8000       1.89613034E-02
  2558.9000       1.89844150E-02
  2559.0000       1.90067179E-02
  2559.1000       1.90255599E-02
  2559.2000       1.90398041E-02
  2559.3000       1.90499400E-02
  2559.4000       1.90566461E-02
  2559.5000       1.90607895E-02
  2559.6000       1.90644665E-02
  2559.7000       1.90684020E-02
  2559.8000       1.90739812E-02
  2559.9000       1.90806676E-02
  2560.0000       1.90893712E-02
  2560.1000       1.91004055E-02
  2560.2000       1.91141621E-02
  2560.3000       1.91313036E-02
  2560.4000       1.91518970E-02
  2560.5000       1.91751880E-02
  2560.6000       1.92006500E-02
  2560.7000       1.92276750E-02
  2560.8000       1.92554669E-02
  2560.9000       1.92835015E-02
  2561.0000       1.93122217E-02
  2561.1000       1.93420800E-02
  2561.2000       1.93720663E-02
  2561.3000       1.93996714E-02
  2561.4000       1.94240349E-02
  2561.5000       1.94446955E-02
  2561.6000       1.94611949E-02
  2561.7000       1.94738344E-02
  2561.8000       1.94835536E-02
  2561.9000       1.94895918E-02
  2562.0000       1.94908512E-02
  2562.1000       1.94866230E-02
  2562.2000       1.94772564E-02
  2562.3000       1.94635712E-02
  2562.4000       1.94473625E-02
  2562.5000       1.94301228E-02
  2562.6000       1.94140880E-02
  2562.7000       1.94000488E-02
  2562.8000       1.93884498E-02
  2562.9000       1.93778115E-02
  2563.0000       1.93668905E-02
  2563.1000       1.93556159E-02
  2563.2000       1.93442170E-02
  2563.3000       1.93324803E-02
  2563.4000       1.93190550E-02
  2563.5000       1.93018903E-02
  2563.6000       1.92807542E-02
  2563.7000       1.92578974E-02
  2563.8000       1.92350638E-02
  2563.9000       1.92148603E-02
  2564.0000       1.91990653E-02
  2564.1000       1.91889245E-02
  2564.2000       1.91845834E-02
  2564.3000       1.91850515E-02
  2564.4000       1.91904732E-02
  2564.5000       1.92006557E-02
  2564.6000       1.92162828E-02
  2564.7000       1.92351627E-02
  2564.8000       1.92548974E-02
  2564.9000       1.92732099E-02
  2565.0000       1.92901387E-02
  2565.1000       1.93063473E-02
  2565.2000       1.93222947E-02
  2565.3000       1.93384726E-02
  2565.4000       1.93550546E-02
  2565.5000       1.93709555E-02
  2565.6000       1.93839017E-02
  2565.7000       1.93913548E-02
  2565.8000       1.93915255E-02
  2565.9000       1.93845836E-02
  2566.0000       1.93722437E-02
  2566.1000       1.93567897E-02
  2566.2000       1.93403418E-02
  2566.3000       1.93260606E-02
  2566.4000       1.93162062E-02
  2566.5000       1.93124022E-02
  2566.6000       1.93148777E-02
  2566.7000       1.93229210E-02
  2566.8000       1.93356318E-02
  2566.9000       1.93513084E-02
  2567.0000       1.93683107E-02
  2567.1000       1.93844252E-02
  2567.2000       1.93987595E-02
  2567.3000       1.94113033E-02
  2567.4000       1.94217365E-02
  2567.5000       1.94291696E-02
  2567.6000       1.94333206E-02
  2567.7000       1.94348643E-02
  2567.8000       1.94333043E-02
  2567.9000       1.94293673E-02
  2568.0000       1.94236732E-02
  2568.1000       1.94160666E-02
  2568.2000       1.94061633E-02
  2568.3000       1.93950923E-02
  2568.4000       1.93840452E-02
  2568.5000       1.93729714E-02
  2568.6000       1.93614814E-02
  2568.7000       1.93496343E-02
  2568.8000       1.93376080E-02
  2568.9000       1.93260261E-02
  2569.0000       1.93144037E-02
  2569.1000       1.93030950E-02
  2569.2000       1.92926945E-02
  2569.3000       1.92847655E-02
  2569.4000       1.92795896E-02
  2569.5000       1.92756558E-02
  2569.6000       1.92722447E-02
  2569.7000       1.92689306E-02
  2569.8000       1.92662801E-02
  2569.9000       1.92645628E-02
  2570.0000       1.92640189E-02
  2570.1000       1.92652793E-02
  2570.2000       1.92691086E-02
  2570.3000       1.92739863E-02
  2570.4000       1.92782941E-02
  2570.5000       1.92800623E-02
  2570.6000       1.92790046E-02
  2570.7000       1.92745136E-02
  2570.8000       1.92667430E-02
  2570.9000       1.92558955E-02
  2571.0000       1.92423585E-02
  2571.1000       1.92248229E-02
  2571.2000       1.92042357E-02
  2571.3000       1.91809538E-02
  2571.4000       1.91554378E-02
  2571.5000       1.91283417E-02
  2571.6000       1.90988137E-02
  2571.7000       1.90695673E-02
  2571.8000       1.90429284E-02
  2571.9000       1.90201727E-02
  2572.0000       1.90004584E-02
  2572.1000       1.89832161E-02
  2572.2000       1.89690241E-02
  2572.3000       1.89574913E-02
  2572.4000       1.89472294E-02
  2572.5000       1.89381419E-02
  2572.6000       1.89297442E-02
  2572.7000       1.89227361E-02
  2572.8000       1.89189576E-02
  2572.9000       1.89200078E-02
  2573.0000       1.89264916E-02
  2573.1000       1.89376281E-02
  2573.2000       1.89528379E-02
  2573.3000       1.89712166E-02
  2573.4000       1.89920109E-02
  2573.5000       1.90140484E-02
  2573.6000       1.90366037E-02
  2573.7000       1.90581539E-02
  2573.8000       1.90789945E-02
  2573.9000       1.90991416E-02
  2574.0000       1.91180677E-02
  2574.1000       1.91347673E-02
  2574.2000       1.91491995E-02
  2574.3000       1.91602512E-02
  2574.4000       1.91689191E-02
  2574.5000       1.91747340E-02
  2574.6000       1.91763887E-02
  2574.7000       1.91756143E-02
  2574.8000       1.91748712E-02
  2574.9000       1.91742318E-02
  2575.0000       1.91724377E-02
  2575.1000       1.91697100E-02
  2575.2000       1.91668913E-02
  2575.3000       1.91636907E-02
  2575.4000       1.91600492E-02
  2575.5000       1.91555476E-02
  2575.6000       1.91518118E-02
  2575.7000       1.91497382E-02
  2575.8000       1.91491190E-02
  2575.9000       1.91519146E-02
  2576.0000       1.91595237E-02
  2576.1000       1.91713171E-02
  2576.2000       1.91855737E-02
  2576.3000       1.92008791E-02
  2576.4000       1.92164983E-02
  2576.5000       1.92318430E-02
  2576.6000       1.92453152E-02
  2576.7000       1.92559082E-02
  2576.8000       1.92627479E-02
  2576.9000       1.92670895E-02
  2577.0000       1.92694562E-02
  2577.1000       1.92706827E-02
  2577.2000       1.92705391E-02
  2577.3000       1.92693998E-02
  2577.4000       1.92667974E-02
  2577.5000       1.92629455E-02
  2577.6000       1.92576435E-02
  2577.7000       1.92500334E-02
  2577.8000       1.92405976E-02
  2577.9000       1.92296808E-02
  2578.0000       1.92189307E-02
  2578.1000       1.92081999E-02
  2578.2000       1.91969167E-02
  2578.3000       1.91842869E-02
  2578.4000       1.91705539E-02
  2578.5000       1.91556550E-02
  2578.6000       1.91387787E-02
  2578.7000       1.91201487E-02
  2578.8000       1.91013840E-02
  2578.9000       1.90837454E-02
  2579.0000       1.90671707E-02
  2579.1000       1.90545801E-02
  2579.2000       1.90475228E-02
  2579.3000       1.90450212E-02
  2579.4000       1.90473675E-02
  2579.5000       1.90543402E-02
  2579.6000       1.90632116E-02
  2579.7000       1.90714114E-02
  2579.8000       1.90786856E-02
  2579.9000       1.90843191E-02
  2580.0000       1.90878804E-02
  2580.1000       1.90900919E-02
  2580.2000       1.90925077E-02
  2580.3000       1.90957381E-02
  2580.4000       1.91011356E-02
  2580.5000       1.91076753E-02
  2580.6000       1.91146432E-02
  2580.7000       1.91217632E-02
  2580.8000       1.91305403E-02
  2580.9000       1.91398953E-02
  2581.0000       1.91493175E-02
  2581.1000       1.91591730E-02
  2581.2000       1.91697409E-02
  2581.3000       1.91803982E-02
  2581.4000       1.91921281E-02
  2581.5000       1.92054162E-02
  2581.6000       1.92197227E-02
  2581.7000       1.92352156E-02
  2581.8000       1.92522104E-02
  2581.9000       1.92694521E-02
  2582.0000       1.92863537E-02
  2582.1000       1.93049890E-02
  2582.2000       1.93243157E-02
  2582.3000       1.93441615E-02
  2582.4000       1.93645261E-02
  2582.5000       1.93828366E-02
  2582.6000       1.94009608E-02
  2582.7000       1.94187169E-02
  2582.8000       1.94349978E-02
  2582.9000       1.94495152E-02
  2583.0000       1.94629512E-02
  2583.1000       1.94754977E-02
  2583.2000       1.94862167E-02
  2583.3000       1.94953392E-02
  2583.4000       1.95050295E-02
  2583.5000       1.95165644E-02
  2583.6000       1.95302090E-02
  2583.7000       1.95455251E-02
  2583.8000       1.95617990E-02
  2583.9000       1.95793473E-02
  2584.0000       1.95994168E-02
  2584.1000       1.96223395E-02
  2584.2000       1.96457421E-02
  2584.3000       1.96670047E-02
  2584.4000       1.96839624E-02
  2584.5000       1.96969660E-02
  2584.6000       1.97059022E-02
  2584.7000       1.97104017E-02
  2584.8000       1.97100612E-02
  2584.9000       1.97055821E-02
  2585.0000       1.96981896E-02
  2585.1000       1.96892104E-02
  2585.2000       1.96795928E-02
  2585.3000       1.96698121E-02
  2585.4000       1.96613253E-02
  2585.5000       1.96548679E-02
  2585.6000       1.96494483E-02
  2585.7000       1.96430202E-02
  2585.8000       1.96325436E-02
  2585.9000       1.96163438E-02
  2586.0000       1.95928555E-02
  2586.1000       1.95621931E-02
  2586.2000       1.95274909E-02
  2586.3000       1.94895073E-02
  2586.4000       1.94499626E-02
  2586.5000       1.94103763E-02
  2586.6000       1.93726696E-02
  2586.7000       1.93392442E-02
  2586.8000       1.93124248E-02
  2586.9000       1.92926608E-02
  2587.0000       1.92804900E-02
  2587.1000       1.92744716E-02
  2587.2000       1.92733535E-02
  2587.3000       1.92761073E-02
  2587.4000       1.92822942E-02
  2587.5000       1.92914831E-02
  2587.6000       1.93027508E-02
  2587.7000       1.93142374E-02
  2587.8000       1.93245931E-02
  2587.9000       1.93323699E-02
  2588.0000       1.93372304E-02
  2588.1000       1.93381826E-02
  2588.2000       1.93358481E-02
  2588.3000       1.93294379E-02
  2588.4000       1.93199526E-02
  2588.5000       1.93077603E-02
  2588.6000       1.92933894E-02
  2588.7000       1.92777509E-02
  2588.8000       1.92621259E-02
  2588.9000       1.92463905E-02
  2589.0000       1.92305496E-02
  2589.1000       1.92146166E-02
  2589.2000       1.91978633E-02
  2589.3000       1.91791921E-02
  2589.4000       1.91588670E-02
  2589.5000       1.91369794E-02
  2589.6000       1.91133179E-02
  2589.7000       1.90878242E-02
  2589.8000       1.90609811E-02
  2589.9000       1.90341419E-02
  2590.0000       1.90083929E-02
  2590.1000       1.89842532E-02
  2590.2000       1.89613585E-02
  2590.3000       1.89396079E-02
  2590.4000       1.89181578E-02
  2590.5000       1.88960441E-02
  2590.6000       1.88729554E-02
  2590.7000       1.88484633E-02
  2590.8000       1.88226264E-02
  2590.9000       1.87967131E-02
  2591.0000       1.87728857E-02
  2591.1000       1.87508717E-02
  2591.2000       1.87296421E-02
  2591.3000       1.87084006E-02
  2591.4000       1.86879711E-02
  2591.5000       1.86699040E-02
  2591.6000       1.86546731E-02
  2591.7000       1.86433825E-02
  2591.8000       1.86355911E-02
  2591.9000       1.86319852E-02
  2592.0000       1.86324224E-02
  2592.1000       1.86362849E-02
  2592.2000       1.86432615E-02
  2592.3000       1.86534741E-02
  2592.4000       1.86653700E-02
  2592.5000       1.86790530E-02
  2592.6000       1.86944748E-02
  2592.7000       1.87114330E-02
  2592.8000       1.87300955E-02
  2592.9000       1.87516404E-02
  2593.0000       1.87756170E-02
  2593.1000       1.88025395E-02
  2593.2000       1.88321421E-02
  2593.3000       1.88643800E-02
  2593.4000       1.88990029E-02
  2593.5000       1.89365035E-02
  2593.6000       1.89759682E-02
  2593.7000       1.90157657E-02
  2593.8000       1.90542499E-02
  2593.9000       1.90897756E-02
  2594.0000       1.91207559E-02
  2594.1000       1.91468873E-02
  2594.2000       1.91682317E-02
  2594.3000       1.91857165E-02
  2594.4000       1.92003235E-02
  2594.5000       1.92139608E-02
  2594.6000       1.92280659E-02
  2594.7000       1.92443175E-02
  2594.8000       1.92626142E-02
  2594.9000       1.92833488E-02
  2595.0000       1.93067678E-02
  2595.1000       1.93327859E-02
  2595.2000       1.93621205E-02
  2595.3000       1.93952402E-02
  2595.4000       1.94309418E-02
  2595.5000       1.94659547E-02
  2595.6000       1.94966183E-02
  2595.7000       1.95210952E-02
  2595.8000       1.95409182E-02
  2595.9000       1.95589461E-02
  2596.0000       1.95797867E-02
  2596.1000       1.96056180E-02
  2596.2000       1.96336256E-02
  2596.3000       1.96603713E-02
  2596.4000       1.96825151E-02
  2596.5000       1.96974616E-02
  2596.6000       1.97041840E-02
  2596.7000       1.97042063E-02
  2596.8000       1.96990082E-02
  2596.9000       1.96916228E-02
  2597.0000       1.96835590E-02
  2597.1000       1.96763724E-02
  2597.2000       1.96706801E-02
  2597.3000       1.96676636E-02
  2597.4000       1.96673450E-02
  2597.5000       1.96691057E-02
  2597.6000       1.96723935E-02
  2597.7000       1.96753566E-02
  2597.8000       1.96787816E-02
  2597.9000       1.96809000E-02
  2598.0000       1.96803825E-02
  2598.1000       1.96769182E-02
  2598.2000       1.96716838E-02
  2598.3000       1.96645410E-02
  2598.4000       1.96561848E-02
  2598.5000       1.96479908E-02
  2598.6000       1.96398142E-02
  2598.7000       1.96306775E-02
  2598.8000       1.96193292E-02
  2598.9000       1.96066728E-02
  2599.0000       1.95959298E-02
  2599.1000       1.95893449E-02
  2599.2000       1.95877668E-02
  2599.3000       1.95916914E-02
  2599.4000       1.95998395E-02
  2599.5000       1.96116817E-02
  2599.6000       1.96257754E-02
  2599.7000       1.96422124E-02
  2599.8000       1.96594076E-02
  2599.9000       1.96730929E-02
  2600.0000       1.96797803E-02
  2600.1000       1.96774634E-02
  2600.2000       1.96637759E-02
  2600.3000       1.96387095E-02
  2600.4000       1.96058832E-02
  2600.5000       1.95688458E-02
  2600.6000       1.95299743E-02
  2600.7000       1.94911235E-02
  2600.8000       1.94544976E-02
  2600.9000       1.94211450E-02
  2601.0000       1.93913555E-02
  2601.1000       1.93642422E-02
  2601.2000       1.93390913E-02
  2601.3000       1.93145107E-02
  2601.4000       1.92912550E-02
  2601.5000       1.92705757E-02
  2601.6000       1.92527233E-02
  2601.7000       1.92377515E-02
  2601.8000       1.92237719E-02
  2601.9000       1.92097159E-02
  2602.0000       1.91945585E-02
  2602.1000       1.91765635E-02
  2602.2000       1.91564817E-02
  2602.3000       1.91347084E-02
  2602.4000       1.91118037E-02
  2602.5000       1.90899391E-02
  2602.6000       1.90704526E-02
  2602.7000       1.90543335E-02
  2602.8000       1.90408667E-02
  2602.9000       1.90295515E-02
  2603.0000       1.90199608E-02
  2603.1000       1.90135712E-02
  2603.2000       1.90111072E-02
  2603.3000       1.90145490E-02
  2603.4000       1.90243303E-02
  2603.5000       1.90401314E-02
  2603.6000       1.90614823E-02
  2603.7000       1.90869936E-02
  2603.8000       1.91147773E-02
  2603.9000       1.91427667E-02
  2604.0000       1.91701361E-02
  2604.1000       1.91969784E-02
  2604.2000       1.92239518E-02
  2604.3000       1.92494709E-02
  2604.4000       1.92733219E-02
  2604.5000       1.92936616E-02
  2604.6000       1.93101963E-02
  2604.7000       1.93230063E-02
  2604.8000       1.93323049E-02
  2604.9000       1.93384497E-02
  2605.0000       1.93411984E-02
  2605.1000       1.93399254E-02
  2605.2000       1.93348004E-02
  2605.3000       1.93259513E-02
  2605.4000       1.93152415E-02
  2605.5000       1.93047312E-02
  2605.6000       1.92932474E-02
  2605.7000       1.92805886E-02
  2605.8000       1.92679035E-02
  2605.9000       1.92553559E-02
  2606.0000       1.92432646E-02
  2606.1000       1.92324448E-02
  2606.2000       1.92229123E-02
  2606.3000       1.92153768E-02
  2606.4000       1.92102750E-02
  2606.5000       1.92088945E-02
  2606.6000       1.92124406E-02
  2606.7000       1.92219363E-02
  2606.8000       1.92375630E-02
  2606.9000       1.92559855E-02
  2607.0000       1.92742425E-02
  2607.1000       1.92907390E-02
  2607.2000       1.93072679E-02
  2607.3000       1.93237833E-02
  2607.4000       1.93387048E-02
  2607.5000       1.93511078E-02
  2607.6000       1.93599087E-02
  2607.7000       1.93658672E-02
  2607.8000       1.93693933E-02
  2607.9000       1.93687942E-02
  2608.0000       1.93640065E-02
  2608.1000       1.93560589E-02
  2608.2000       1.93473341E-02
  2608.3000       1.93388537E-02
  2608.4000       1.93308061E-02
  2608.5000       1.93234514E-02
  2608.6000       1.93178237E-02
  2608.7000       1.93141869E-02
  2608.8000       1.93116482E-02
  2608.9000       1.93108816E-02
  2609.0000       1.93119924E-02
  2609.1000       1.93141982E-02
  2609.2000       1.93172994E-02
  2609.3000       1.93209001E-02
  2609.4000       1.93242753E-02
  2609.5000       1.93269093E-02
  2609.6000       1.93291577E-02
  2609.7000       1.93311652E-02
  2609.8000       1.93334744E-02
  2609.9000       1.93353775E-02
  2610.0000       1.93372747E-02
  2610.1000       1.93386630E-02
  2610.2000       1.93401489E-02
  2610.3000       1.93414738E-02
  2610.4000       1.93431696E-02
  2610.5000       1.93452191E-02
  2610.6000       1.93468565E-02
  2610.7000       1.93468937E-02
  2610.8000       1.93460032E-02
  2610.9000       1.93455605E-02
  2611.0000       1.93463849E-02
  2611.1000       1.93474165E-02
  2611.2000       1.93478360E-02
  2611.3000       1.93458933E-02
  2611.4000       1.93397292E-02
  2611.5000       1.93293068E-02
  2611.6000       1.93136871E-02
  2611.7000       1.92917096E-02
  2611.8000       1.92628118E-02
  2611.9000       1.92294692E-02
  2612.0000       1.91940854E-02
  2612.1000       1.91593506E-02
  2612.2000       1.91267645E-02
  2612.3000       1.90972819E-02
  2612.4000       1.90724990E-02
  2612.5000       1.90538378E-02
  2612.6000       1.90403246E-02
  2612.7000       1.90312830E-02
  2612.8000       1.90251556E-02
  2612.9000       1.90211354E-02
  2613.0000       1.90192267E-02
  2613.1000       1.90197647E-02
  2613.2000       1.90227193E-02
  2613.3000       1.90282075E-02
  2613.4000       1.90357718E-02
  2613.5000       1.90460540E-02
  2613.6000       1.90594186E-02
  2613.7000       1.90755683E-02
  2613.8000       1.90950037E-02
  2613.9000       1.91170777E-02
  2614.0000       1.91419204E-02
  2614.1000       1.91701351E-02
  2614.2000       1.92015616E-02
  2614.3000       1.92360905E-02
  2614.4000       1.92730686E-02
  2614.5000       1.93109107E-02
  2614.6000       1.93481688E-02
  2614.7000       1.93830075E-02
  2614.8000       1.94146278E-02
  2614.9000       1.94430178E-02
  2615.0000       1.94683624E-02
  2615.1000       1.94912450E-02
  2615.2000       1.95113937E-02
  2615.3000       1.95295949E-02
  2615.4000       1.95454281E-02
  2615.5000       1.95592179E-02
  2615.6000       1.95719138E-02
  2615.7000       1.95843816E-02
  2615.8000       1.95973604E-02
  2615.9000       1.96100601E-02
  2616.0000       1.96220560E-02
  2616.1000       1.96328722E-02
  2616.2000       1.96419486E-02
  2616.3000       1.96485476E-02
  2616.4000       1.96525673E-02
  2616.5000       1.96537296E-02
  2616.6000       1.96525354E-02
  2616.7000       1.96507730E-02
  2616.8000       1.96489198E-02
  2616.9000       1.96471318E-02
  2617.0000       1.96466151E-02
  2617.1000       1.96472890E-02
  2617.2000       1.96497593E-02
  2617.3000       1.96530671E-02
  2617.4000       1.96562709E-02
  2617.5000       1.96591688E-02
  2617.6000       1.96621016E-02
  2617.7000       1.96651276E-02
  2617.8000       1.96690395E-02
  2617.9000       1.96725104E-02
  2618.0000       1.96750320E-02
  2618.1000       1.96749418E-02
  2618.2000       1.96712897E-02
  2618.3000       1.96621954E-02
  2618.4000       1.96468511E-02
  2618.5000       1.96261799E-02
  2618.6000       1.96005494E-02
  2618.7000       1.95709600E-02
  2618.8000       1.95395056E-02
  2618.9000       1.95076818E-02
  2619.0000       1.94752486E-02
  2619.1000       1.94429049E-02
  2619.2000       1.94121569E-02
  2619.3000       1.93841757E-02
  2619.4000       1.93611759E-02
  2619.5000       1.93440093E-02
  2619.6000       1.93321418E-02
  2619.7000       1.93261507E-02
  2619.8000       1.93249892E-02
  2619.9000       1.93274879E-02
  2620.0000       1.93325720E-02
  2620.1000       1.93384228E-02
  2620.2000       1.93442918E-02
  2620.3000       1.93493147E-02
  2620.4000       1.93530823E-02
  2620.5000       1.93552204E-02
  2620.6000       1.93564733E-02
  2620.7000       1.93575445E-02
  2620.8000       1.93596036E-02
  2620.9000       1.93621428E-02
  2621.0000       1.93652447E-02
  2621.1000       1.93688838E-02
  2621.2000       1.93734546E-02
  2621.3000       1.93797359E-02
  2621.4000       1.93899055E-02
  2621.5000       1.94023931E-02
  2621.6000       1.94179321E-02
  2621.7000       1.94351058E-02
  2621.8000       1.94532226E-02
  2621.9000       1.94711342E-02
  2622.0000       1.94889324E-02
  2622.1000       1.95068750E-02
  2622.2000       1.95245189E-02
  2622.3000       1.95416361E-02
  2622.4000       1.95571811E-02
  2622.5000       1.95703391E-02
  2622.6000       1.95821191E-02
  2622.7000       1.95933630E-02
  2622.8000       1.96056707E-02
  2622.9000       1.96187939E-02
  2623.0000       1.96327968E-02
  2623.1000       1.96472270E-02
  2623.2000       1.96622480E-02
  2623.3000       1.96771461E-02
  2623.4000       1.96921852E-02
  2623.5000       1.97073789E-02
  2623.6000       1.97225385E-02
  2623.7000       1.97366020E-02
  2623.8000       1.97479340E-02
  2623.9000       1.97544482E-02
  2624.0000       1.97554145E-02
  2624.1000       1.97499145E-02
  2624.2000       1.97382034E-02
  2624.3000       1.97206879E-02
  2624.4000       1.96984571E-02
  2624.5000       1.96742581E-02
  2624.6000       1.96501670E-02
  2624.7000       1.96267708E-02
  2624.8000       1.96044997E-02
  2624.9000       1.95840399E-02
  2625.0000       1.95644244E-02
  2625.1000       1.95455899E-02
  2625.2000       1.95274517E-02
  2625.3000       1.95097203E-02
  2625.4000       1.94923820E-02
  2625.5000       1.94756359E-02
  2625.6000       1.94593598E-02
  2625.7000       1.94441047E-02
  2625.8000       1.94299529E-02
  2625.9000       1.94178452E-02
  2626.0000       1.94082449E-02
  2626.1000       1.94016576E-02
  2626.2000       1.93985848E-02
  2626.3000       1.93997559E-02
  2626.4000       1.94043082E-02
  2626.5000       1.94114716E-02
  2626.6000       1.94212554E-02
  2626.7000       1.94336185E-02
  2626.8000       1.94473404E-02
  2626.9000       1.94609121E-02
  2627.0000       1.94743589E-02
  2627.1000       1.94866349E-02
  2627.2000       1.94975951E-02
  2627.3000       1.95060105E-02
  2627.4000       1.95108135E-02
  2627.5000       1.95125013E-02
  2627.6000       1.95115215E-02
  2627.7000       1.95071348E-02
  2627.8000       1.94999845E-02
  2627.9000       1.94908781E-02
  2628.0000       1.94818636E-02
  2628.1000       1.94748235E-02
  2628.2000       1.94711342E-02
  2628.3000       1.94706216E-02
  2628.4000       1.94722463E-02
  2628.5000       1.94751638E-02
  2628.6000       1.94777420E-02
  2628.7000       1.94791792E-02
  2628.8000       1.94788487E-02
  2628.9000       1.94753282E-02
  2629.0000       1.94693597E-02
  2629.1000       1.94613654E-02
  2629.2000       1.94523206E-02
  2629.3000       1.94441794E-02
  2629.4000       1.94382436E-02
  2629.5000       1.94354978E-02
  2629.6000       1.94359885E-02
  2629.7000       1.94397826E-02
  2629.8000       1.94455538E-02
  2629.9000       1.94532682E-02
  2630.0000       1.94628176E-02
  2630.1000       1.94745660E-02
  2630.2000       1.94887831E-02
  2630.3000       1.95057178E-02
  2630.4000       1.95246979E-02
  2630.5000       1.95438148E-02
  2630.6000       1.95602286E-02
  2630.7000       1.95754511E-02
  2630.8000       1.95929377E-02
  2630.9000       1.96116355E-02
  2631.0000       1.96270328E-02
  2631.1000       1.96365216E-02
  2631.2000       1.96436888E-02
  2631.3000       1.96518133E-02
  2631.4000       1.96571644E-02
  2631.5000       1.96546922E-02
  2631.6000       1.96449334E-02
  2631.7000       1.96301975E-02
  2631.8000       1.96132572E-02
  2631.9000       1.95937691E-02
  2632.0000       1.95701070E-02
  2632.1000       1.95429822E-02
  2632.2000       1.95140969E-02
  2632.3000       1.94850316E-02
  2632.4000       1.94575716E-02
  2632.5000       1.94321707E-02
  2632.6000       1.94093767E-02
  2632.7000       1.93898361E-02
  2632.8000       1.93739494E-02
  2632.9000       1.93617336E-02
  2633.0000       1.93535739E-02
  2633.1000       1.93490833E-02
  2633.2000       1.93467328E-02
  2633.3000       1.93450780E-02
  2633.4000       1.93427375E-02
  2633.5000       1.93398375E-02
  2633.6000       1.93361764E-02
  2633.7000       1.93310306E-02
  2633.8000       1.93253883E-02
  2633.9000       1.93191283E-02
  2634.0000       1.93136647E-02
  2634.1000       1.93085795E-02
  2634.2000       1.93046585E-02
  2634.3000       1.93022451E-02
  2634.4000       1.93029854E-02
  2634.5000       1.93060315E-02
  2634.6000       1.93109642E-02
  2634.7000       1.93171765E-02
  2634.8000       1.93257763E-02
  2634.9000       1.93379277E-02
  2635.0000       1.93536931E-02
  2635.1000       1.93717294E-02
  2635.2000       1.93911333E-02
  2635.3000       1.94114346E-02
  2635.4000       1.94323432E-02
  2635.5000       1.94538874E-02
  2635.6000       1.94753480E-02
  2635.7000       1.94960827E-02
  2635.8000       1.95156282E-02
  2635.9000       1.95331231E-02
  2636.0000       1.95491404E-02
  2636.1000       1.95653102E-02
  2636.2000       1.95813378E-02
  2636.3000       1.95986691E-02
  2636.4000       1.96172834E-02
  2636.5000       1.96367027E-02
  2636.6000       1.96561914E-02
  2636.7000       1.96750149E-02
  2636.8000       1.96934904E-02
  2636.9000       1.97144972E-02
  2637.0000       1.97401285E-02
  2637.1000       1.97706467E-02
  2637.2000       1.98043197E-02
  2637.3000       1.98387367E-02
  2637.4000       1.98720103E-02
  2637.5000       1.99026154E-02
  2637.6000       1.99291704E-02
  2637.7000       1.99516225E-02
  2637.8000       1.99694246E-02
  2637.9000       1.99819458E-02
  2638.0000       1.99889451E-02
  2638.1000       1.99905452E-02
  2638.2000       1.99885975E-02
  2638.3000       1.99843453E-02
  2638.4000       1.99785891E-02
  2638.5000       1.99707051E-02
  2638.6000       1.99605317E-02
  2638.7000       1.99484465E-02
  2638.8000       1.99358136E-02
  2638.9000       1.99227791E-02
  2639.0000       1.99079650E-02
  2639.1000       1.98922746E-02
  2639.2000       1.98761775E-02
  2639.3000       1.98604750E-02
  2639.4000       1.98450625E-02
  2639.5000       1.98277267E-02
  2639.6000       1.98059889E-02
  2639.7000       1.97811637E-02
  2639.8000       1.97573790E-02
  2639.9000       1.97374547E-02
  2640.0000       1.97231923E-02
  2640.1000       1.97130949E-02
  2640.2000       1.97070369E-02
  2640.3000       1.97018528E-02
  2640.4000       1.96949634E-02
  2640.5000       1.96846461E-02
  2640.6000       1.96694693E-02
  2640.7000       1.96497161E-02
  2640.8000       1.96257387E-02
  2640.9000       1.95993957E-02
  2641.0000       1.95730392E-02
  2641.1000       1.95484842E-02
  2641.2000       1.95249956E-02
  2641.3000       1.95028826E-02
  2641.4000       1.94825569E-02
  2641.5000       1.94635186E-02
  2641.6000       1.94467013E-02
  2641.7000       1.94311388E-02
  2641.8000       1.94157355E-02
  2641.9000       1.94011611E-02
  2642.0000       1.93868266E-02
  2642.1000       1.93743694E-02
  2642.2000       1.93629068E-02
  2642.3000       1.93511511E-02
  2642.4000       1.93402016E-02
  2642.5000       1.93285014E-02
  2642.6000       1.93138230E-02
  2642.7000       1.92982947E-02
  2642.8000       1.92823528E-02
  2642.9000       1.92649815E-02
  2643.0000       1.92470555E-02
  2643.1000       1.92298905E-02
  2643.2000       1.92135605E-02
  2643.3000       1.91991049E-02
  2643.4000       1.91872318E-02
  2643.5000       1.91768154E-02
  2643.6000       1.91666964E-02
  2643.7000       1.91571544E-02
  2643.8000       1.91480117E-02
  2643.9000       1.91392049E-02
  2644.0000       1.91302549E-02
  2644.1000       1.91205075E-02
  2644.2000       1.91088525E-02
  2644.3000       1.90965703E-02
  2644.4000       1.90822317E-02
  2644.5000       1.90648556E-02
  2644.6000       1.90447747E-02
  2644.7000       1.90246751E-02
  2644.8000       1.90066694E-02
  2644.9000       1.89916496E-02
  2645.0000       1.89791480E-02
  2645.1000       1.89711714E-02
  2645.2000       1.89695591E-02
  2645.3000       1.89738116E-02
  2645.4000       1.89825543E-02
  2645.5000       1.89937735E-02
  2645.6000       1.90068451E-02
  2645.7000       1.90205157E-02
  2645.8000       1.90315979E-02
  2645.9000       1.90386104E-02
  2646.0000       1.90399617E-02
  2646.1000       1.90360547E-02
  2646.2000       1.90293470E-02
  2646.3000       1.90225865E-02
  2646.4000       1.90173442E-02
  2646.5000       1.90132572E-02
  2646.6000       1.90096904E-02
  2646.7000       1.90059834E-02
  2646.8000       1.90013970E-02
  2646.9000       1.89958170E-02
  2647.0000       1.89888155E-02
  2647.1000       1.89802112E-02
  2647.2000       1.89701649E-02
  2647.3000       1.89587672E-02
  2647.4000       1.89469914E-02
  2647.5000       1.89367456E-02
  2647.6000       1.89307052E-02
  2647.7000       1.89294348E-02
  2647.8000       1.89335839E-02
  2647.9000       1.89426359E-02
  2648.0000       1.89563111E-02
  2648.1000       1.89731343E-02
  2648.2000       1.89919741E-02
  2648.3000       1.90111735E-02
  2648.4000       1.90269515E-02
  2648.5000       1.90382618E-02
  2648.6000       1.90452048E-02
  2648.7000       1.90480782E-02
  2648.8000       1.90491105E-02
  2648.9000       1.90505188E-02
  2649.0000       1.90533769E-02
  2649.1000       1.90590952E-02
  2649.2000       1.90684490E-02
  2649.3000       1.90801814E-02
  2649.4000       1.90940296E-02
  2649.5000       1.91085352E-02
  2649.6000       1.91223269E-02
  2649.7000       1.91340632E-02
  2649.8000       1.91444350E-02
  2649.9000       1.91528019E-02
  2650.0000       1.91589295E-02
  2650.1000       1.91633003E-02
  2650.2000       1.91668039E-02
  2650.3000       1.91678526E-02
  2650.4000       1.91667272E-02
  2650.5000       1.91630005E-02
  2650.6000       1.91561461E-02
  2650.7000       1.91479633E-02
  2650.8000       1.91402035E-02
  2650.9000       1.91343836E-02
  2651.0000       1.91330655E-02
  2651.1000       1.91334829E-02
  2651.2000       1.91309588E-02
  2651.3000       1.91271699E-02
  2651.4000       1.91232427E-02
  2651.5000       1.91183118E-02
  2651.6000       1.91153406E-02
  2651.7000       1.91180409E-02
  2651.8000       1.91272651E-02
  2651.9000       1.91442310E-02
  2652.0000       1.91678292E-02
  2652.1000       1.91957442E-02
  2652.2000       1.92261741E-02
  2652.3000       1.92539374E-02
  2652.4000       1.92720108E-02
  2652.5000       1.92797940E-02
  2652.6000       1.92808470E-02
  2652.7000       1.92767593E-02
  2652.8000       1.92704353E-02
  2652.9000       1.92650948E-02
  2653.0000       1.92604611E-02
  2653.1000       1.92554120E-02
  2653.2000       1.92508083E-02
  2653.3000       1.92479023E-02
  2653.4000       1.92470737E-02
  2653.5000       1.92487783E-02
  2653.6000       1.92515627E-02
  2653.7000       1.92537301E-02
  2653.8000       1.92542076E-02
  2653.9000       1.92523439E-02
  2654.0000       1.92478635E-02
  2654.1000       1.92413421E-02
  2654.2000       1.92334725E-02
  2654.3000       1.92248868E-02
  2654.4000       1.92164332E-02
  2654.5000       1.92096198E-02
  2654.6000       1.92052749E-02
  2654.7000       1.92045622E-02
  2654.8000       1.92084377E-02
  2654.9000       1.92160879E-02
  2655.0000       1.92275367E-02
  2655.1000       1.92421733E-02
  2655.2000       1.92593417E-02
  2655.3000       1.92780903E-02
  2655.4000       1.92981664E-02
  2655.5000       1.93190339E-02
  2655.6000       1.93390848E-02
  2655.7000       1.93577273E-02
  2655.8000       1.93741435E-02
  2655.9000       1.93886949E-02
  2656.0000       1.94009924E-02
  2656.1000       1.94116528E-02
  2656.2000       1.94217309E-02
  2656.3000       1.94323427E-02
  2656.4000       1.94447247E-02
  2656.5000       1.94586756E-02
  2656.6000       1.94740087E-02
  2656.7000       1.94915565E-02
  2656.8000       1.95128173E-02
  2656.9000       1.95373000E-02
  2657.0000       1.95646612E-02
  2657.1000       1.95948407E-02
  2657.2000       1.96255278E-02
  2657.3000       1.96532170E-02
  2657.4000       1.96768351E-02
  2657.5000       1.96971721E-02
  2657.6000       1.97132734E-02
  2657.7000       1.97244008E-02
  2657.8000       1.97316264E-02
  2657.9000       1.97363780E-02
  2658.0000       1.97390931E-02
  2658.1000       1.97411439E-02
  2658.2000       1.97407477E-02
  2658.3000       1.97361319E-02
  2658.4000       1.97277175E-02
  2658.5000       1.97172368E-02
  2658.6000       1.97046343E-02
  2658.7000       1.96882348E-02
  2658.8000       1.96691929E-02
  2658.9000       1.96474642E-02
  2659.0000       1.96253087E-02
  2659.1000       1.96046756E-02
  2659.2000       1.95887553E-02
  2659.3000       1.95760246E-02
  2659.4000       1.95632425E-02
  2659.5000       1.95503087E-02
  2659.6000       1.95394384E-02
  2659.7000       1.95268797E-02
  2659.8000       1.95110078E-02
  2659.9000       1.94941825E-02
  2660.0000       1.94753675E-02
  2660.1000       1.94536008E-02
  2660.2000       1.94301081E-02
  2660.3000       1.94042435E-02
  2660.4000       1.93747177E-02
  2660.5000       1.93423162E-02
  2660.6000       1.93077352E-02
  2660.7000       1.92731620E-02
  2660.8000       1.92398617E-02
  2660.9000       1.92079839E-02
  2661.0000       1.91783056E-02
  2661.1000       1.91522909E-02
  2661.2000       1.91291783E-02
  2661.3000       1.91070947E-02
  2661.4000       1.90869645E-02
  2661.5000       1.90685799E-02
  2661.6000       1.90510584E-02
  2661.7000       1.90335437E-02
  2661.8000       1.90158648E-02
  2661.9000       1.89981028E-02
  2662.0000       1.89793283E-02
  2662.1000       1.89595229E-02
  2662.2000       1.89407322E-02
  2662.3000       1.89239897E-02
  2662.4000       1.89098325E-02
  2662.5000       1.88991141E-02
  2662.6000       1.88931273E-02
  2662.7000       1.88924296E-02
  2662.8000       1.88959523E-02
  2662.9000       1.89021363E-02
  2663.0000       1.89096034E-02
  2663.1000       1.89175717E-02
  2663.2000       1.89267286E-02
  2663.3000       1.89379428E-02
  2663.4000       1.89507498E-02
  2663.5000       1.89646439E-02
  2663.6000       1.89789682E-02
  2663.7000       1.89940268E-02
  2663.8000       1.90103772E-02
  2663.9000       1.90275752E-02
  2664.0000       1.90447702E-02
  2664.1000       1.90614205E-02
  2664.2000       1.90776227E-02
  2664.3000       1.90948785E-02
  2664.4000       1.91129543E-02
  2664.5000       1.91322277E-02
  2664.6000       1.91527585E-02
  2664.7000       1.91732720E-02
  2664.8000       1.91928447E-02
  2664.9000       1.92099293E-02
  2665.0000       1.92241011E-02
  2665.1000       1.92349181E-02
  2665.2000       1.92439920E-02
  2665.3000       1.92513854E-02
  2665.4000       1.92582526E-02
  2665.5000       1.92654625E-02
  2665.6000       1.92727481E-02
  2665.7000       1.92807554E-02
  2665.8000       1.92901030E-02
  2665.9000       1.93011363E-02
  2666.0000       1.93137456E-02
  2666.1000       1.93275996E-02
  2666.2000       1.93417687E-02
  2666.3000       1.93563134E-02
  2666.4000       1.93697393E-02
  2666.5000       1.93824721E-02
  2666.6000       1.93942261E-02
  2666.7000       1.94044970E-02
  2666.8000       1.94131414E-02
  2666.9000       1.94194880E-02
  2667.0000       1.94234655E-02
  2667.1000       1.94261242E-02
  2667.2000       1.94280548E-02
  2667.3000       1.94303417E-02
  2667.4000       1.94335238E-02
  2667.5000       1.94366840E-02
  2667.6000       1.94411329E-02
  2667.7000       1.94472661E-02
  2667.8000       1.94540686E-02
  2667.9000       1.94613347E-02
  2668.0000       1.94680976E-02
  2668.1000       1.94733445E-02
  2668.2000       1.94764225E-02
  2668.3000       1.94772606E-02
  2668.4000       1.94750697E-02
  2668.5000       1.94708736E-02
  2668.6000       1.94638355E-02
  2668.7000       1.94555219E-02
  2668.8000       1.94490340E-02
  2668.9000       1.94447637E-02
  2669.0000       1.94415263E-02
  2669.1000       1.94383935E-02
  2669.2000       1.94341188E-02
  2669.3000       1.94295125E-02
  2669.4000       1.94232708E-02
  2669.5000       1.94139311E-02
  2669.6000       1.94030960E-02
  2669.7000       1.93919383E-02
  2669.8000       1.93791071E-02
  2669.9000       1.93649658E-02
  2670.0000       1.93505118E-02
  2670.1000       1.93375077E-02
  2670.2000       1.93264808E-02
  2670.3000       1.93175260E-02
  2670.4000       1.93107246E-02
  2670.5000       1.93054196E-02
  2670.6000       1.93014740E-02
  2670.7000       1.92980205E-02
  2670.8000       1.92950754E-02
  2670.9000       1.92938353E-02
  2671.0000       1.92931848E-02
  2671.1000       1.92938808E-02
  2671.2000       1.92960405E-02
  2671.3000       1.92990003E-02
  2671.4000       1.93023590E-02
  2671.5000       1.93070941E-02
  2671.6000       1.93132990E-02
  2671.7000       1.93218201E-02
  2671.8000       1.93338817E-02
  2671.9000       1.93492237E-02
  2672.0000       1.93677762E-02
  2672.1000       1.93883486E-02
  2672.2000       1.94077815E-02
  2672.3000       1.94248163E-02
  2672.4000       1.94377591E-02
  2672.5000       1.94452257E-02
  2672.6000       1.94492769E-02
  2672.7000       1.94515327E-02
  2672.8000       1.94523815E-02
  2672.9000       1.94522694E-02
  2673.0000       1.94516113E-02
  2673.1000       1.94517447E-02
  2673.2000       1.94532029E-02
  2673.3000       1.94549298E-02
  2673.4000       1.94561344E-02
  2673.5000       1.94564871E-02
  2673.6000       1.94543420E-02
  2673.7000       1.94494864E-02
  2673.8000       1.94419702E-02
  2673.9000       1.94322431E-02
  2674.0000       1.94205802E-02
  2674.1000       1.94070958E-02
  2674.2000       1.93924743E-02
  2674.3000       1.93779929E-02
  2674.4000       1.93647308E-02
  2674.5000       1.93542579E-02
  2674.6000       1.93483286E-02
  2674.7000       1.93473149E-02
  2674.8000       1.93509865E-02
  2674.9000       1.93591398E-02
  2675.0000       1.93725059E-02
  2675.1000       1.93907322E-02
  2675.2000       1.94139202E-02
  2675.3000       1.94401544E-02
  2675.4000       1.94682435E-02
  2675.5000       1.94965109E-02
  2675.6000       1.95208955E-02
  2675.7000       1.95403921E-02
  2675.8000       1.95571280E-02
  2675.9000       1.95723907E-02
  2676.0000       1.95851075E-02
  2676.1000       1.95950816E-02
  2676.2000       1.96027880E-02
  2676.3000       1.96099014E-02
  2676.4000       1.96163820E-02
  2676.5000       1.96242888E-02
  2676.6000       1.96353512E-02
  2676.7000       1.96519516E-02
  2676.8000       1.96744524E-02
  2676.9000       1.97002968E-02
  2677.0000       1.97278689E-02
  2677.1000       1.97553021E-02
  2677.2000       1.97811554E-02
  2677.3000       1.98042700E-02
  2677.4000       1.98226863E-02
  2677.5000       1.98344431E-02
  2677.6000       1.98408749E-02
  2677.7000       1.98417438E-02
  2677.8000       1.98373061E-02
  2677.9000       1.98288504E-02
  2678.0000       1.98157062E-02
  2678.1000       1.97983845E-02
  2678.2000       1.97775611E-02
  2678.3000       1.97553636E-02
  2678.4000       1.97324880E-02
  2678.5000       1.97084093E-02
  2678.6000       1.96857121E-02
  2678.7000       1.96655027E-02
  2678.8000       1.96479694E-02
  2678.9000       1.96337007E-02
  2679.0000       1.96218017E-02
  2679.1000       1.96115833E-02
  2679.2000       1.96029449E-02
  2679.3000       1.95953815E-02
  2679.4000       1.95895162E-02
  2679.5000       1.95858558E-02
  2679.6000       1.95853021E-02
  2679.7000       1.95878578E-02
  2679.8000       1.95928811E-02
  2679.9000       1.95987591E-02
  2680.0000       1.96034545E-02
  2680.1000       1.96050189E-02
  2680.2000       1.96024097E-02
  2680.3000       1.95954225E-02
  2680.4000       1.95862360E-02
  2680.5000       1.95768761E-02
  2680.6000       1.95649598E-02
  2680.7000       1.95464822E-02
  2680.8000       1.95208887E-02
  2680.9000       1.94892115E-02
  2681.0000       1.94497921E-02
  2681.1000       1.94055908E-02
  2681.2000       1.93601228E-02
  2681.3000       1.93168374E-02
  2681.4000       1.92764746E-02
  2681.5000       1.92397903E-02
  2681.6000       1.92075175E-02
  2681.7000       1.91798320E-02
  2681.8000       1.91559173E-02
  2681.9000       1.91342253E-02
  2682.0000       1.91125309E-02
  2682.1000       1.90885098E-02
  2682.2000       1.90600808E-02
  2682.3000       1.90262083E-02
  2682.4000       1.89863825E-02
  2682.5000       1.89421163E-02
  2682.6000       1.88955396E-02
  2682.7000       1.88494856E-02
  2682.8000       1.88068698E-02
  2682.9000       1.87677421E-02
  2683.0000       1.87302941E-02
  2683.1000       1.86931444E-02
  2683.2000       1.86560782E-02
  2683.3000       1.86196807E-02
  2683.4000       1.85841213E-02
  2683.5000       1.85497995E-02
  2683.6000       1.85155804E-02
  2683.7000       1.84829502E-02
  2683.8000       1.84530722E-02
  2683.9000       1.84263770E-02
  2684.0000       1.84021176E-02
  2684.1000       1.83794287E-02
  2684.2000       1.83585908E-02
  2684.3000       1.83398676E-02
  2684.4000       1.83230589E-02
  2684.5000       1.83071678E-02
  2684.6000       1.82912267E-02
  2684.7000       1.82759133E-02
  2684.8000       1.82619382E-02
  2684.9000       1.82500801E-02
  2685.0000       1.82398006E-02
  2685.1000       1.82312284E-02
  2685.2000       1.82244277E-02
  2685.3000       1.82192710E-02
  2685.4000       1.82151257E-02
  2685.5000       1.82120899E-02
  2685.6000       1.82093195E-02
  2685.7000       1.82072140E-02
  2685.8000       1.82044414E-02
  2685.9000       1.82011876E-02
  2686.0000       1.81970107E-02
  2686.1000       1.81914147E-02
  2686.2000       1.81843951E-02
  2686.3000       1.81765780E-02
  2686.4000       1.81691109E-02
  2686.5000       1.81631793E-02
  2686.6000       1.81606461E-02
  2686.7000       1.81622666E-02
  2686.8000       1.81685586E-02
  2686.9000       1.81792972E-02
  2687.0000       1.81937015E-02
  2687.1000       1.82117805E-02
  2687.2000       1.82326096E-02
  2687.3000       1.82554491E-02
  2687.4000       1.82783698E-02
  2687.5000       1.83012761E-02
  2687.6000       1.83235285E-02
  2687.7000       1.83448110E-02
  2687.8000       1.83638615E-02
  2687.9000       1.83813439E-02
  2688.0000       1.83970287E-02
  2688.1000       1.84110559E-02
  2688.2000       1.84234106E-02
  2688.3000       1.84346528E-02
  2688.4000       1.84465353E-02
  2688.5000       1.84598605E-02
  2688.6000       1.84741395E-02
  2688.7000       1.84892071E-02
  2688.8000       1.85049836E-02
  2688.9000       1.85218559E-02
  2689.0000       1.85400686E-02
  2689.1000       1.85595328E-02
  2689.2000       1.85797546E-02
  2689.3000       1.86004340E-02
  2689.4000       1.86230121E-02
  2689.5000       1.86464362E-02
  2689.6000       1.86686769E-02
  2689.7000       1.86884609E-02
  2689.8000       1.87059213E-02
  2689.9000       1.87218017E-02
  2690.0000       1.87366748E-02
  2690.1000       1.87516446E-02
  2690.2000       1.87681935E-02
  2690.3000       1.87882916E-02
  2690.4000       1.88132343E-02
  2690.5000       1.88422581E-02
  2690.6000       1.88726704E-02
  2690.7000       1.89010145E-02
  2690.8000       1.89280629E-02
  2690.9000       1.89555756E-02
  2691.0000       1.89827922E-02
  2691.1000       1.90082406E-02
  2691.2000       1.90318314E-02
  2691.3000       1.90546958E-02
  2691.4000       1.90770391E-02
  2691.5000       1.90961813E-02
  2691.6000       1.91094376E-02
  2691.7000       1.91182935E-02
  2691.8000       1.91268019E-02
  2691.9000       1.91362762E-02
  2692.0000       1.91453312E-02
  2692.1000       1.91515271E-02
  2692.2000       1.91569160E-02
  2692.3000       1.91634896E-02
  2692.4000       1.91722918E-02
  2692.5000       1.91823475E-02
  2692.6000       1.91936663E-02
  2692.7000       1.92063862E-02
  2692.8000       1.92199255E-02
  2692.9000       1.92336587E-02
  2693.0000       1.92467610E-02
  2693.1000       1.92595320E-02
  2693.2000       1.92722282E-02
  2693.3000       1.92839938E-02
  2693.4000       1.92927443E-02
  2693.5000       1.92966949E-02
  2693.6000       1.92945958E-02
  2693.7000       1.92858786E-02
  2693.8000       1.92697765E-02
  2693.9000       1.92467945E-02
  2694.0000       1.92200133E-02
  2694.1000       1.91932240E-02
  2694.2000       1.91673069E-02
  2694.3000       1.91421079E-02
  2694.4000       1.91166394E-02
  2694.5000       1.90910440E-02
  2694.6000       1.90641031E-02
  2694.7000       1.90376621E-02
  2694.8000       1.90137251E-02
  2694.9000       1.89936557E-02
  2695.0000       1.89766024E-02
  2695.1000       1.89614057E-02
  2695.2000       1.89455682E-02
  2695.3000       1.89294534E-02
  2695.4000       1.89143968E-02
  2695.5000       1.89008056E-02
  2695.6000       1.88874012E-02
  2695.7000       1.88727167E-02
  2695.8000       1.88562554E-02
  2695.9000       1.88400609E-02
  2696.0000       1.88257684E-02
  2696.1000       1.88154780E-02
  2696.2000       1.88096331E-02
  2696.3000       1.88078061E-02
  2696.4000       1.88082253E-02
  2696.5000       1.88094767E-02
  2696.6000       1.88107740E-02
  2696.7000       1.88128758E-02
  2696.8000       1.88141031E-02
  2696.9000       1.88130395E-02
  2697.0000       1.88088874E-02
  2697.1000       1.88011749E-02
  2697.2000       1.87903213E-02
  2697.3000       1.87778601E-02
  2697.4000       1.87656007E-02
  2697.5000       1.87534876E-02
  2697.6000       1.87411228E-02
  2697.7000       1.87282294E-02
  2697.8000       1.87155707E-02
  2697.9000       1.87046142E-02
  2698.0000       1.86956011E-02
  2698.1000       1.86889884E-02
  2698.2000       1.86830488E-02
  2698.3000       1.86759047E-02
  2698.4000       1.86676878E-02
  2698.5000       1.86573842E-02
  2698.6000       1.86487073E-02
  2698.7000       1.86433790E-02
  2698.8000       1.86408658E-02
  2698.9000       1.86411313E-02
  2699.0000       1.86448672E-02
  2699.1000       1.86550994E-02
  2699.2000       1.86690702E-02
  2699.3000       1.86877461E-02
  2699.4000       1.87084441E-02
  2699.5000       1.87321931E-02
  2699.6000       1.87578002E-02
  2699.7000       1.87819781E-02
  2699.8000       1.88043774E-02
  2699.9000       1.88235990E-02
  2700.0000       1.88393188E-02
