Ra,Ek,time,z,inertia,coriolis,viscous,buoyancy,drag,buoyancy_power,viscous_dissipation,drag_dissipation
8000000.0,0.00014999999999973672,,0.004922296641623997,2.6827459588255814e-07,0.0002816714023409581,0.00033445634200842094,2.4789760202904444e-06,0.0,-2.864904914506293e-11,1.2773842263983783e-07,0.0
8000000.0,0.00014999999999973672,,0.01502394259266257,1.3078114693126411e-06,0.0005808918397100608,0.00028586022529896165,7.53477703130394e-06,0.0,-2.983522929919951e-10,6.0674359911966e-08,0.0
8000000.0,0.00014999999999973672,,0.025634261457078256,2.1050493228199378e-06,0.0007240253271382986,0.00021147892630784325,1.2664849680911187e-05,0.0,-8.823255341717199e-10,3.787384843388207e-08,0.0
8000000.0,0.00014999999999973672,,0.0367421244755721,2.5109119892701054e-06,0.0007763551806929444,0.0001430161858118488,1.7644240034028677e-05,0.0,-1.6318876160622898e-09,3.16326084187347e-08,0.0
8000000.0,0.00014999999999973672,,0.04833588103373401,2.675652305557504e-06,0.00078696668545779,9.92418370632223e-05,2.233512826090088e-05,0.0,-2.4117927203031006e-09,2.983559622569963e-08,0.0
8000000.0,0.00014999999999973672,,0.06040337088192818,2.7516271900786896e-06,0.0007873047828564089,7.570596003005167e-05,2.6716234760212856e-05,0.0,-3.1870166499726615e-09,2.9587036118707496e-08,0.0
8000000.0,0.00014999999999973672,,0.07293193688971603,2.8244251199162887e-06,0.0007921286260727862,6.882736053595677e-05,3.084527002033764e-05,0.0,-3.988904608983412e-09,3.0303976905430804e-08,0.0
8000000.0,0.00014999999999973672,,0.08590843832143788,2.9268773003644843e-06,0.0008046946313064172,7.053000415445809e-05,3.481018944258987e-05,0.0,-4.86203504786852e-09,3.176869293421046e-08,0.0
8000000.0,0.00014999999999973672,,0.09931926461903035,3.0646074212847454e-06,0.000823398226007601,7.441152301232712e-05,3.869720413130216e-05,0.0,-5.8394515219098375e-09,3.3780331759298405e-08,0.0
8000000.0,0.00014999999999973672,,0.11315034967762214,3.2347589568514173e-06,0.0008461856031407787,7.817784211404006e-05,4.257865757276316e-05,0.0,-6.942637019862751e-09,3.620609927423417e-08,0.0
8000000.0,0.00014999999999973672,,0.1273871865989355,3.435166931034341e-06,0.0008720048661872044,8.161353869762864e-05,4.6512769424911315e-05,0.0,-8.18934217507467e-09,3.900852796771556e-08,0.0
8000000.0,0.00014999999999973672,,0.14201484290701943,3.666662080852586e-06,0.0009006588640508579,8.502212269009802e-05,5.0547174234837064e-05,0.0,-9.599369801349993e-09,4.221591597106113e-08,0.0
8000000.0,0.00014999999999973672,,0.15701797621035488,3.932470100980605e-06,0.000932332634627568,8.865933355004561e-05,5.472210332954656e-05,0.0,-1.1196633028541523e-08,4.588682051623266e-08,0.0
8000000.0,0.00014999999999973672,,0.17238085029390485,4.237245065936138e-06,0.0009672982452314829,9.26472580190037e-05,5.907225192202401e-05,0.0,-1.3009198321989299e-08,5.00914946780427e-08,0.0
8000000.0,0.00014999999999973672,,0.1880873516242307,4.58656207719904e-06,0.0010058183675813004,9.703046052026663e-05,6.362765864724337e-05,0.0,-1.50689470051864e-08,5.4907646555950476e-08,0.0
8000000.0,0.00014999999999973672,,0.20412100625036386,4.986828984531667e-06,0.0010481429535114163,0.00010183052249519145,6.841398285382948e-05,0.0,-1.7411466403247123e-08,6.042227844868432e-08,0.0
8000000.0,0.00014999999999973672,,0.22046499708270553,5.445397258669471e-06,0.001094524379821669,0.0001070698620560597,7.345225834714926e-05,0.0,-2.0076095707890098e-08,6.67345532041432e-08,0.0
8000000.0,0.00014999999999973672,,0.23710218153183107,5.970729592725916e-06,0.0011452257039012987,0.00011277646536668763,7.875793717426458e-05,0.0,-2.3105826039081494e-08,7.395816717166685e-08,0.0
8000000.0,0.00014999999999973672,,0.25401510948869915,6.572573413240309e-06,0.001200520963967823,0.00011898278162315862,8.433884877452155e-05,0.0,-2.654670618213169e-08,8.222327770938793e-08,0.0
8000000.0,0.00014999999999973672,,0.27118604162740667,7.26213164732384e-06,0.0012606911054579457,0.0001257245595888388,9.019149178973767e-05,0.0,-3.044630183194422e-08,9.167823630577247e-08,0.0
8000000.0,0.00014999999999973672,,0.2885969680112919,8.052226699541514e-06,0.001326017022734213,0.00013304065099125102,9.629474610954201e-05,0.0,-3.4850484025388946e-08,1.0249113208397556e-07,0.0
8000000.0,0.00014999999999973672,,0.306229626982871,8.957440774833315e-06,0.0013967688294131795,0.00014097343693538685,0.0001025995455460186,0.0,-3.979730015646695e-08,1.1485086813348876e-07,0.0
8000000.0,0.00014999999999973672,,0.32406552431779473,9.994193062228542e-06,0.001473188883314552,0.00014956959749407,0.00010901216310835692,0.0,-4.530576576274384e-08,1.2896719975563245e-07,0.0
8000000.0,0.00014999999999973672,,0.3420859526227361,1.1180677722192663e-05,0.0015554645560802245,0.0001588812304956451,0.00011536734068653619,0.0,-5.135583201145061e-08,1.450687426017928e-07,0.0
8000000.0,0.00014999999999973672,,0.3602720109568628,1.2536523492401193e-05,0.0016436844258815233,0.00016896751164850924,0.00012138525284032653,0.0,-5.785303590563522e-08,1.633972566134403e-07,0.0
8000000.0,0.00014999999999973672,,0.3786046246563139,1.408192487584568e-05,0.0017377677799786523,0.00017989719352456987,0.0001266028307778324,0.0,-6.456654959901489e-08,1.8419533694292104e-07,0.0
8000000.0,0.00014999999999973672,,0.397064565340888,1.583580552360265e-05,0.0018373512497359846,0.00019175237599153256,0.00013026490224123642,0.0,-7.102095274494821e-08,2.0768274817832466e-07,0.0
8000000.0,0.00014999999999973672,,0.4156324710819595,1.7812267483309324e-05,0.0019416069532248465,0.00020463469646003844,0.00013115436854866392,0.0,-7.630725820939616e-08,2.3401374010372938e-07,0.0
8000000.0,0.00014999999999973672,,0.43428886671046696,2.0014075935936157e-05,0.0020489512222897073,0.00021867861380343197,0.00012733908033849356,0.0,-7.875241199425292e-08,2.632034121483586e-07,0.0
8000000.0,0.00014999999999973672,,0.45301418424367706,2.2420793375377272e-05,0.0021565728452798676,0.00023408737981723095,0.00011585676538958588,0.0,-7.533895226193814e-08,2.950043601623479e-07,0.0
8000000.0,0.00014999999999973672,,0.4717887834092959,2.4965218467410604e-05,0.0022596347403089074,0.0002512207107317714,9.278381479202244e-05,0.0,-6.067778133592758e-08,3.2870138419180263e-07,0.0
8000000.0,0.00014999999999973672,,0.49059297224540244,2.7478131419972713e-05,0.002349823869824698,0.0002707009370173586,5.954057689124608e-05,0.0,-2.516199585492507e-08,3.6276847595658293e-07,0.0
8000000.0,0.00014999999999973672,,0.5094070277545975,2.95525962012593e-05,0.002412681874703687,0.00029306122539413457,8.426244295981198e-05,0.0,4.8429540808680834e-08,3.943423131550989e-07,0.0
8000000.0,0.00014999999999973672,,0.528211216590704,3.0314539256485692e-05,0.002423642127951172,0.00031610940323201307,0.00022549683466205515,0.0,1.9127038655095612e-07,4.1873821747744324e-07,0.0
8000000.0,0.00014999999999973672,,0.5469858157563228,2.8726557026499706e-05,0.0023468091341320644,0.00033142567704818866,0.00048703451804468567,0.0,4.591153885800383e-07,4.2999311678708623e-07,0.0
8000000.0,0.00014999999999973672,,0.5657111332895329,2.4903939455991863e-05,0.0021502808356905568,0.0003302589080190819,0.0008022757234200791,0.0,8.193284607657256e-07,4.2426079167622523e-07,0.0
8000000.0,0.00014999999999973672,,0.5843675289180406,2.0504060958579197e-05,0.0018286308090101685,0.00031303958370809465,0.0010726935051997041,0.0,1.1622637265044742e-06,4.033420589547124e-07,0.0
8000000.0,0.00014999999999973672,,0.6029354346591118,1.7421039696798818e-05,0.0014027086322073458,0.00028776186656204975,0.0012719735803838539,0.0,1.4338642846952442e-06,3.7458730198410614e-07,0.0
8000000.0,0.00014999999999973672,,0.621395375343686,1.645721217316323e-05,0.0009041572851078858,0.00026381762701894546,0.0014015126948104296,0.0,1.6194037238410255e-06,3.479942633207817e-07,0.0
8000000.0,0.00014999999999973672,,0.6397279890431371,1.6844022401739728e-05,0.00036953208550241184,0.00024864625818626847,0.001474466344426009,0.0,1.7256170625702432e-06,3.3274158109933554e-07,0.0
8000000.0,0.00014999999999973672,,0.6579140473772638,1.74336682648303e-05,0.000250864743934852,0.000246598795092158,0.0015076783581635023,0.0,1.7677639568501127e-06,3.3458888390202376e-07,0.0
8000000.0,0.00014999999999973672,,0.6759344756822052,1.7954639329836587e-05,0.0007995382280341429,0.00025862769754401245,0.0014990499377050299,0.0,1.7413356481201123e-06,3.54443828503564e-07,0.0
8000000.0,0.00014999999999973672,,0.6937703730171288,1.9237206610868126e-05,0.0013436111537685554,0.0002816777370928773,0.0014271877236442453,0.0,1.6220696449189563e-06,3.8825562502694356e-07,0.0
8000000.0,0.00014999999999973672,,0.7114030319887079,2.251152221259598e-05,0.0018381688026054735,0.00030879045576147216,0.0012788058716123988,0.0,1.4010607895947651e-06,4.285356565311998e-07,0.0
8000000.0,0.00014999999999973672,,0.7288139583725932,2.7922959213785832e-05,0.0022539034716508653,0.0003313406732119075,0.0010594587024846801,0.0,1.101085076013537e-06,4.6723425401361024e-07,0.0
8000000.0,0.00014999999999973672,,0.7459848905113007,3.4058518870274334e-05,0.0025747979471890782,0.000342958968693052,0.000808770190636319,0.0,7.877284917526919e-07,4.987539137689923e-07,0.0
8000000.0,0.00014999999999973672,,0.762897818468169,3.9291452203758306e-05,0.0028061121355779694,0.0003437668460292094,0.0006132196209023792,0.0,5.552638838605564e-07,5.212135459070427e-07,0.0
8000000.0,0.00014999999999973672,,0.7795350029172945,4.307464314516273e-05,0.0029682911428456395,0.0003392380749601457,0.00047813851308749076,0.0,4.001193807452233e-07,5.354114343734527e-07,0.0
8000000.0,0.00014999999999973672,,0.7958789937496361,4.56942392591037e-05,0.003082687219749291,0.00033389962727452954,0.0003826419272030236,0.0,2.9463991630885157e-07,5.431493579790596e-07,0.0
8000000.0,0.00014999999999973672,,0.8119126483757694,4.754448887676808e-05,0.0031651217795138774,0.00032925164137563025,0.0003132822349320984,0.0,2.21050936954423e-07,5.463069846240709e-07,0.0
8000000.0,0.00014999999999973672,,0.8276191497060952,4.8890385039144246e-05,0.0032259880564768305,0.00032539726252818675,0.00026134023055176755,0.0,1.6821298928578043e-07,5.464377093424158e-07,0.0
8000000.0,0.00014999999999973672,,0.842982023789645,4.989389425869528e-05,0.0032719346147009973,0.0003221632533527656,0.00022111570173969475,0.0,1.2915632494946086e-07,5.446951028266435e-07,0.0
8000000.0,0.00014999999999973672,,0.8579851570929806,5.065712069821075e-05,0.003307271669252303,0.0003194071133198772,0.00018886351575814154,0.0,9.94973064562394e-08,5.418960639251098e-07,0.0
8000000.0,0.00014999999999973672,,0.8726128134010644,5.124730218381303e-05,0.003334858565287657,0.0003170449646521736,0.00016211267934522475,0.0,7.645522110113017e-08,5.386034683832753e-07,0.0
8000000.0,0.00014999999999973672,,0.8868496503223778,5.1709792127256206e-05,0.0033566315675530043,0.0003150264598138065,0.00013922591638084112,0.0,5.8245454835674946e-08,5.351953272641143e-07,0.0
8000000.0,0.00014999999999973672,,0.9006807353809696,5.20755059405884e-05,0.003373925168902193,0.00031331594272179943,0.00011911359651703585,0.0,4.370396904937563e-08,5.319174979744433e-07,0.0
8000000.0,0.00014999999999973672,,0.9140915616785621,5.23657190595865e-05,0.003387675935017055,0.00031188411280003695,0.0001010473578456964,0.0,3.205406655540963e-08,5.289227207746448e-07,0.0
8000000.0,0.00014999999999973672,,0.927068063110284,5.259531219347943e-05,0.0033985555339417937,0.0003107050931583236,8.453824616976694e-05,0.0,2.2761176459143266e-08,5.262989191460193e-07,0.0
8000000.0,0.00014999999999973672,,0.9395966291180717,5.277496403904912e-05,0.003407058544900104,0.0003097554692638006,6.925669140202136e-05,0.0,1.5442359957149433e-08,5.240892971428576e-07,0.0
8000000.0,0.00014999999999973672,,0.9516641189662659,5.291260478321049e-05,0.003413560416756232,0.0003090139020300951,5.4979711282123095e-05,0.0,9.809953848482707e-09,5.223063542054536e-07,0.0
8000000.0,0.00014999999999973672,,0.9632578755244279,5.301435598907712e-05,0.003418355445791925,0.0003084607558815822,4.1555926735428703e-05,0.0,5.636554596140983e-09,5.20941506326489e-07,0.0
8000000.0,0.00014999999999973672,,0.9743657385429216,5.308512201819906e-05,0.0034216814398476715,0.00030807732369258584,2.8882305297740978e-05,0.0,2.7333514462725342e-09,5.199716251675114e-07,0.0
8000000.0,0.00014999999999973672,,0.9849760574073374,5.31289585233159e-05,0.003423735940047282,0.00030784528698408364,1.688868391006281e-05,0.0,9.36796843615291e-10,5.193635613756609e-07,0.0
8000000.0,0.00014999999999973672,,0.995077703358376,5.314931783446681e-05,0.0034246879028763154,0.0003077361187735387,5.527490757511057e-06,0.0,1.0045589755231218e-10,5.190784060502393e-07,0.0
8000000.0,0.00020000000000066313,,0.004922296641623997,1.2652601464941437e-07,0.00010635059066463386,0.00015886518427020254,7.678372488120047e-06,0.0,-3.854144796257298e-12,3.5449125961716085e-08,0.0
8000000.0,0.00020000000000066313,,0.01502394259266257,6.497251763555407e-07,0.00023092749857062927,0.00012709591479482293,2.3423247602680186e-05,0.0,-4.1825302918269704e-11,1.4609910267459502e-08,0.0
8000000.0,0.00020000000000066313,,0.025634261457078256,1.116263900112717e-06,0.0002974281048402452,8.708590680964785e-05,3.9914369492811514e-05,0.0,-1.2934231527040494e-10,5.977689440502494e-09,0.0
8000000.0,0.00020000000000066313,,0.0367421244755721,1.3945494610416642e-06,0.00032547941798135725,5.230546998062088e-05,5.708821103603646e-05,0.0,-2.48018037672714e-10,3.0130046087226043e-09,0.0
8000000.0,0.00020000000000066313,,0.04833588103373401,1.5270923689473346e-06,0.0003319199588804406,3.1765540121631386e-05,7.487431396397842e-05,0.0,-3.7400500410513473e-10,2.0208778559887073e-09,0.0
8000000.0,0.00020000000000066313,,0.06040337088192818,1.5875381311923406e-06,0.00032960725056127013,2.0016300369767625e-05,9.319756269760435e-05,0.0,-4.948738708602478e-10,1.7146772372361592e-09,0.0
8000000.0,0.00020000000000066313,,0.07293193688971603,1.62791542192541e-06,0.0003266051521466108,1.428503733433517e-05,0.00011197719384293045,0.0,-6.107741253777674e-10,1.662341572440665e-09,0.0
8000000.0,0.00020000000000066313,,0.08590843832143788,1.6751347135572436e-06,0.00032640475078205233,1.258027475847741e-05,0.00013112233747895958,0.0,-7.279147449693803e-10,1.7176131603448477e-09,0.0
8000000.0,0.00020000000000066313,,0.09931926461903035,1.7395822630628384e-06,0.00032937737741886136,1.2796376958220854e-05,0.00015052858130021096,0.0,-8.523164383960651e-10,1.8259516302334774e-09,0.0
8000000.0,0.00020000000000066313,,0.11315034967762214,1.823391262555002e-06,0.0003346319816227262,1.3549485254595653e-05,0.00017007456373179503,0.0,-9.87224966714449e-10,1.965525129745151e-09,0.0
8000000.0,0.00020000000000066313,,0.1273871865989355,1.9261228357358052e-06,0.00034127767705880336,1.4353628325696527e-05,0.00018961899321860527,0.0,-1.133524605049458e-09,2.1295816119829235e-09,0.0
8000000.0,0.00020000000000066313,,0.14201484290701943,2.0477194498034485e-06,0.0003488471220927383,1.5134684988518545e-05,0.00020899783367414425,0.0,-1.2911701807489698e-09,2.3189651106707577e-09,0.0
8000000.0,0.00020000000000066313,,0.15701797621035488,2.1894190999860786e-06,0.000357224733650396,1.5930548103580363e-05,0.0002280214479121785,0.0,-1.4602560568943422e-09,2.5377460882149285e-09,0.0
8000000.0,0.00020000000000066313,,0.17238085029390485,2.353678617555525e-06,0.00036645581755369685,1.6785109712170846e-05,0.0002464716875618904,0.0,-1.6413852719511103e-09,2.7910525534437123e-09,0.0
8000000.0,0.00020000000000066313,,0.1880873516242307,2.5438924573790794e-06,0.0003766147003675721,1.7725122461815882e-05,0.0002640991086543421,0.0,-1.8356064880884629e-09,3.0844865981518516e-09,0.0
8000000.0,0.00020000000000066313,,0.20412100625036386,2.764242202609056e-06,0.0003877544495653695,1.8764161365359976e-05,0.00028062062817930884,0.0,-2.0442582141622746e-09,3.4242950388583324e-09,0.0
8000000.0,0.00020000000000066313,,0.22046499708270553,3.0197232257183474e-06,0.000399902935778293,1.9910523616049436e-05,0.0002957180376096032,0.0,-2.268887456581799e-09,3.817711945650066e-09,0.0
8000000.0,0.00020000000000066313,,0.23710218153183107,3.31629971121076e-06,0.00041307188597299326,2.1172103332417296e-05,0.00030903789153225087,0.0,-2.5112501442867107e-09,4.273261381205268e-09,0.0
8000000.0,0.00020000000000066313,,0.25401510948869915,3.6611449419160143e-06,0.0004272638172147298,2.255823604737234e-05,0.0003201934216388251,0.0,-2.7733345664890524e-09,4.801024963200865e-09,0.0
8000000.0,0.00020000000000066313,,0.27118604162740667,4.062955417741341e-06,0.0004424746285657637,2.408012669910605e-05,0.0003287693105527008,0.0,-3.0573410203857194e-09,5.412931820263577e-09,0.0
8000000.0,0.00020000000000066313,,0.2885969680112919,4.532353697872591e-06,0.0004586939565185095,2.5751018460681102e-05,0.00033433043055526254,0.0,-3.365543329282848e-09,6.1231098660259485e-09,0.0
8000000.0,0.00020000000000066313,,0.306229626982871,5.082411884967333e-06,0.0004759051200714182,2.75865879449854e-05,0.00033643608518468956,0.0,-3.6999133715807887e-09,6.948312782536642e-09,0.0
8000000.0,0.00020000000000066313,,0.32406552431779473,5.729340898119592e-06,0.0004940851802224917,2.9605724322382348e-05,0.00033466205668211967,0.0,-4.061281989294294e-09,7.908423260699193e-09,0.0
8000000.0,0.00020000000000066313,,0.3420859526227361,6.493405908903581e-06,0.0005132046473940877,3.183183067851843e-05,0.0003286342338981471,0.0,-4.447594117772523e-09,9.027020641650149e-09,0.0
8000000.0,0.00020000000000066313,,0.3602720109568628,7.400149095686838e-06,0.000533225592744493,3.429497866793117e-05,0.0003180806092148109,0.0,-4.850390821281094e-09,1.0331973929324082e-08,0.0
8000000.0,0.00020000000000066313,,0.3786046246563139,8.482019566957295e-06,0.0005540957895421098,3.7035770072299886e-05,0.0003029148911364909,0.0,-5.247784786036997e-09,1.1855953540707987e-08,0.0
8000000.0,0.00020000000000066313,,0.397064565340888,9.78043092130564e-06,0.0005757341725468228,4.011321154770508e-05,0.0002833792480026565,0.0,-5.5903450540723656e-09,1.3636576471627307e-08,0.0
8000000.0,0.00020000000000066313,,0.4156324710819595,1.1347472645741088e-05,0.000597997426898097,4.362268200267013e-05,0.0002603054043159201,0.0,-5.772088820099721e-09,1.5715369348109257e-08,0.0
8000000.0,0.00020000000000066313,,0.43428886671046696,1.3242027357776058e-05,0.0006206038529540024,4.7736929629166105e-05,0.00023561931927625141,0.0,-5.568335978526511e-09,1.8133079331422353e-08,0.0
8000000.0,0.00020000000000066313,,0.45301418424367706,1.5496344178328374e-05,0.0006429585501874344,5.2778478165931785e-05,0.00021331284195125221,0.0,-4.493832452858073e-09,2.0914173161189328e-08,0.0
8000000.0,0.00020000000000066313,,0.4717887834092959,1.7980629293350523e-05,0.0006637705275276244,5.918590916724311e-05,0.0002010365578040273,0.0,-1.4509366551468101e-09,2.4024636751448096e-08,0.0
8000000.0,0.00020000000000066313,,0.49059297224540244,2.0186780233537168e-05,0.0006803821969957988,6.68630011965832e-05,0.00021181838352187044,0.0,6.2171104008575555e-09,2.7297391732019143e-08,0.0
8000000.0,0.00020000000000066313,,0.5094070277545975,2.1387770840194234e-05,0.0006884067391065655,7.446787371665212e-05,0.00025931242567762297,0.0,2.1497430296569017e-08,3.040362917495466e-08,0.0
8000000.0,0.00020000000000066313,,0.528211216590704,2.1272290784391953e-05,0.0006831435673102978,8.062275553387018e-05,0.00033607182612635365,0.0,4.240644865159248e-08,3.2982962828597864e-08,0.0
8000000.0,0.00020000000000066313,,0.5469858157563228,2.0081613516986922e-05,0.000661091641395906,8.491397079554136e-05,0.0004281024599753409,0.0,6.770879511757544e-08,3.478844966470316e-08,0.0
8000000.0,0.00020000000000066313,,0.5657111332895329,1.82611509149922e-05,0.000619984475337214,8.693730590105766e-05,0.0005293528274022141,0.0,9.815887957685786e-08,3.573856451535484e-08,0.0
8000000.0,0.00020000000000066313,,0.5843675289180406,1.632657054806664e-05,0.0005599943198615153,8.627293380438911e-05,0.0006284197891460385,0.0,1.309492657743173e-07,3.593587228585417e-08,0.0
8000000.0,0.00020000000000066313,,0.6029354346591118,1.4755989610703502e-05,0.0004864747067188395,8.36605432295183e-05,0.0007056276779915976,0.0,1.5987675197635396e-07,3.561537823785019e-08,0.0
8000000.0,0.00020000000000066313,,0.621395375343686,1.3849682206982207e-05,0.00041171308442531,8.08545961191401e-05,0.0007181453322797607,0.0,1.7943299431909e-07,3.511860468487728e-08,0.0
8000000.0,0.00020000000000066313,,0.6397279890431371,1.3620536244303609e-05,0.00035410234415938607,7.919705928185167e-05,0.0007273076870042768,0.0,1.9219783109842304e-07,3.4879311893003974e-08,0.0
8000000.0,0.00020000000000066313,,0.6579140473772638,1.387669645818554e-05,0.00033450841140226676,7.919897351965514e-05,0.0007320514956202639,0.0,1.9803325177522588e-07,3.5219253130757426e-08,0.0
8000000.0,0.00020000000000066313,,0.6759344756822052,1.4462821868100218e-05,0.0003625650593345126,8.092211943065237e-05,0.00073208446630208,0.0,1.9643413474831891e-07,3.617137341130847e-08,0.0
8000000.0,0.00020000000000066313,,0.6937703730171288,1.5430846714211233e-05,0.0004256721830999694,8.391862590900593e-05,0.0007279378185412589,0.0,1.85965837508565e-07,3.749970422624579e-08,0.0
8000000.0,0.00020000000000066313,,0.7114030319887079,1.700819353530956e-05,0.0005027212948789717,8.697161151604602e-05,0.0006791714388612203,0.0,1.6461513094145864e-07,3.888680651135241e-08,0.0
8000000.0,0.00020000000000066313,,0.7288139583725932,1.9381038513337925e-05,0.0005784967672580584,8.880838936804765e-05,0.0006141031430061725,0.0,1.3896202386388716e-07,4.0087447424068045e-08,0.0
8000000.0,0.00020000000000066313,,0.7459848905113007,2.2458939412094484e-05,0.0006457041295709694,8.916810561366373e-05,0.0005434043023605201,0.0,1.1310437163203821e-07,4.090115688209469e-08,0.0
8000000.0,0.00020000000000066313,,0.762897818468169,2.5821181297960875e-05,0.0007016535401645642,8.839137114387063e-05,0.00047152063496977523,0.0,8.871503521821539e-08,4.117113009627915e-08,0.0
8000000.0,0.00020000000000066313,,0.7795350029172945,2.885455922592284e-05,0.0007454865152161854,8.651618912427312e-05,0.0003997234473950517,0.0,6.592292255313373e-08,4.0834363082335116e-08,0.0
8000000.0,0.00020000000000066313,,0.7958789937496361,3.097665431209287e-05,0.0007773954866229861,8.335450361965978e-05,0.0003322257055386544,0.0,4.599704935534222e-08,3.994289183896982e-08,0.0
8000000.0,0.00020000000000066313,,0.8119126483757694,3.1925063027872685e-05,0.0007988572103978505,7.919254854722222e-05,0.0002755631116253399,0.0,3.1117482233843696e-08,3.864199009790574e-08,0.0
8000000.0,0.00020000000000066313,,0.8276191497060952,3.190104197403412e-05,0.0008123186536269383,7.484510831219563e-05,0.00023089572313872577,0.0,2.1252738770498744e-08,3.711151690634238e-08,0.0
8000000.0,0.00020000000000066313,,0.842982023789645,3.132539858692331e-05,0.0008202773138338578,7.095384392722793e-05,0.00019511535621508265,0.0,1.4684406333719063e-08,3.5510978673210576e-08,0.0
8000000.0,0.00020000000000066313,,0.8579851570929806,3.0532413890964814e-05,0.0008246972143820334,6.769780073278417e-05,0.00016596057050037382,0.0,1.025420796536561e-08,3.3954575262900943e-08,0.0
8000000.0,0.00020000000000066313,,0.8726128134010644,2.9705193634008402e-05,0.0008269366500842122,6.502585876012441e-05,0.00014176002562070033,0.0,7.21459299186446e-09,3.251197292798289e-08,0.0
8000000.0,0.00020000000000066313,,0.8868496503223778,2.8929308645317238e-05,0.0008278777108508972,6.28394326700736e-05,0.00012125160242953475,0.0,5.089840740508718e-09,3.121939551393469e-08,0.0
8000000.0,0.00020000000000066313,,0.9006807353809696,2.8240089906954996e-05,0.0008280770237647637,6.105048294938789e-05,0.00010347511093271823,0.0,3.577821688808439e-09,3.0091411136322995e-08,0.0
8000000.0,0.00020000000000066313,,0.9140915616785621,2.7648985973165353e-05,0.0008278812014906272,5.959173666161055e-05,8.77077758843408e-05,0.0,2.485670132655726e-09,2.912969421161803e-08,0.0
8000000.0,0.00020000000000066313,,0.927068063110284,2.7156327119028204e-05,0.0008275038480421728,5.841310528520234e-05,7.3419895116984e-05,0.0,1.6890403883879477e-09,2.8328634080599044e-08,0.0
8000000.0,0.00020000000000066313,,0.9395966291180717,2.6757298124169822e-05,0.0008270744279885147,5.747633237276733e-05,6.0238174510730704e-05,0.0,1.1066426673397405e-09,2.7678685321965496e-08,0.0
8000000.0,0.00020000000000066313,,0.9516641189662659,2.64447887043594e-05,0.0008266689036557582,5.6750896438514196e-05,4.791212179430026e-05,0.0,6.843898230594671e-10,2.716830637033944e-08,0.0
8000000.0,0.00020000000000066313,,0.9632578755244279,2.621079658813993e-05,0.0008263289811154232,5.621131866750357e-05,3.628319992665471e-05,0.0,3.8551808279249377e-10,2.6785059688726367e-08,0.0
8000000.0,0.00020000000000066313,,0.9743657385429216,2.6047120126630512e-05,0.0008260742780361438,5.583542716722127e-05,2.525787468029018e-05,0.0,1.8440482002024594e-10,2.651622234001736e-08,0.0
8000000.0,0.00020000000000066313,,0.9849760574073374,2.5945682200074795e-05,0.0008259101175723246,5.5604582775855587e-05,1.4785553327664773e-05,0.0,6.267098976175665e-11,2.634911518903819e-08,0.0
8000000.0,0.00020000000000066313,,0.995077703358376,2.5898655059260953e-05,0.0008258326875811093,5.549628630121006e-05,4.841754640513011e-06,0.0,6.695044134021131e-12,2.6270737349706962e-08,0.0
8000000.0,,,0.004922296641623997,1.1795398759814868e-05,0.0,0.0020574024824506023,0.0001630480949888038,0.0,1.1247896994734499e-10,5.279234357758054e-05,0.0
8000000.0,,,0.01502394259266257,8.162444270433622e-05,0.0,0.001924182981469462,0.0004979568592180917,0.0,-2.7194320904013323e-10,4.1698536843133735e-05,0.0
8000000.0,,,0.025634261457078256,0.00020856062967965601,0.0,0.0017329654253141467,0.0008497828267338321,0.0,-9.908847993953792e-09,3.294280256024154e-05,0.0
8000000.0,,,0.0367421244755721,0.00037652202890667367,0.0,0.0015073462619541367,0.0012159447466000787,0.0,-4.9650458815568385e-08,2.626925262539615e-05,0.0
8000000.0,,,0.04833588103373401,0.0005777594616951734,0.0,0.0013120764939137392,0.0015912814640838323,0.0,-1.4940415629712276e-07,2.1294476749527304e-05,0.0
8000000.0,,,0.06040337088192818,0.0008052389608689942,0.0,0.001144868879726749,0.001968303001237563,0.0,-3.413910893401754e-07,1.768272653165005e-05,0.0
8000000.0,,,0.07293193688971603,0.001048374184895026,0.0,0.001005110366641738,0.002338330503999116,0.0,-6.526730511365303e-07,1.51411361041716e-05,0.0
8000000.0,,,0.08590843832143788,0.0012950850687485067,0.0,0.0008918806684999191,0.0026929278021577034,0.0,-1.1006885750352764e-06,1.3421743875695714e-05,0.0
8000000.0,,,0.09931926461903035,0.0015385347537175509,0.0,0.0008027681091159853,0.003024807474582985,0.0,-1.6921988536640603e-06,1.2321043366568408e-05,0.0
8000000.0,,,0.11315034967762214,0.001778573625162327,0.0,0.0007361170261763298,0.0033280420601682352,0.0,-2.4247094261929625e-06,1.1672265252168264e-05,0.0
8000000.0,,,0.1273871865989355,0.0020165646178402544,0.0,0.0006911047414389559,0.0035978695768625448,0.0,-3.288058527343516e-06,1.1341168181158521e-05,0.0
8000000.0,,,0.14201484290701943,0.0022525849641275224,0.0,0.0006643108946959957,0.0038305491806340853,0.0,-4.264903331762536e-06,1.122753288135538e-05,0.0
8000000.0,,,0.15701797621035488,0.002488326554418247,0.0,0.0006500407289929995,0.004023491822732088,0.0,-5.330766798278832e-06,1.126016428839165e-05,0.0
8000000.0,,,0.17238085029390485,0.002729391217985163,0.0,0.0006447964573943138,0.004175554811954292,0.0,-6.45519111501346e-06,1.1385055782191793e-05,0.0
8000000.0,,,0.1880873516242307,0.002982399066355762,0.0,0.0006488838032417859,0.004287253552637543,0.0,-7.604593504848556e-06,1.1560768692813174e-05,0.0
8000000.0,,,0.20412100625036386,0.003249887573485418,0.0,0.0006630551724153368,0.004360747667180277,0.0,-8.74575408888444e-06,1.1764896282828584e-05,0.0
8000000.0,,,0.22046499708270553,0.003528239661844816,0.0,0.0006851509365281991,0.004399620261371413,0.0,-9.848380095127166e-06,1.1997787163447843e-05,0.0
8000000.0,,,0.23710218153183107,0.0038111003140692966,0.0,0.0007114914619112957,0.004408412159087148,0.0,-1.088561335425601e-05,1.2270896968158656e-05,0.0
8000000.0,,,0.25401510948869915,0.004095145404020383,0.0,0.0007415389331198303,0.004391404004317219,0.0,-1.1827425019079976e-05,1.2587636605764457e-05,0.0
8000000.0,,,0.27118604162740667,0.00437997243650402,0.0,0.0007791025254964836,0.004349406852134663,0.0,-1.2584852230113513e-05,1.2944172002899472e-05,0.0
8000000.0,,,0.2885969680112919,0.004665823213541464,0.0,0.0008266247575276028,0.004284426788210389,0.0,-1.3003880339880614e-05,1.3364585349417697e-05,0.0
8000000.0,,,0.306229626982871,0.00496151982305246,0.0,0.0008788597122437101,0.004202210899951722,0.0,-1.281635109731251e-05,1.3937765751503194e-05,0.0
8000000.0,,,0.32406552431779473,0.005284860371867877,0.0,0.0009273364882313012,0.004126996104499551,0.0,-1.1807842190909562e-05,1.4791093289100767e-05,0.0
8000000.0,,,0.3420859526227361,0.005640562036009043,0.0,0.0009728768921783432,0.004096305838838746,0.0,-9.903870539579684e-06,1.5985397001725097e-05,0.0
8000000.0,,,0.3602720109568628,0.0060185643624888745,0.0,0.0010227586952327424,0.004144452758940587,0.0,-7.038116335350236e-06,1.7450572398860617e-05,0.0
8000000.0,,,0.3786046246563139,0.00641934699657715,0.0,0.001083363306539523,0.004300081015717673,0.0,-3.179793595598343e-06,1.903252049299857e-05,0.0
8000000.0,,,0.397064565340888,0.006840936028033638,0.0,0.0011666498694865653,0.0045666136865363215,0.0,1.6262068000098305e-06,2.0576471402969012e-05,0.0
8000000.0,,,0.4156324710819595,0.007266542222040034,0.0,0.001269112245579027,0.0049352422041282,0.0,7.401460016090476e-06,2.2096785089754617e-05,0.0
8000000.0,,,0.43428886671046696,0.007735447020312775,0.0,0.001372586119075934,0.005385729303189373,0.0,1.4140300967001651e-05,2.384232553234483e-05,0.0
8000000.0,,,0.45301418424367706,0.008291589394379933,0.0,0.0014733455325039928,0.005908380034117958,0.0,2.1869546561368806e-05,2.6071785355317405e-05,0.0
8000000.0,,,0.4717887834092959,0.008921589395228358,0.0,0.001585741956623718,0.0064886563285885,0.0,3.0461422374951585e-05,2.8839001620441424e-05,0.0
8000000.0,,,0.49059297224540244,0.009605860413349154,0.0,0.0017019500644266572,0.00711616799739811,0.0,3.989110454244401e-05,3.209644008869868e-05,0.0
8000000.0,,,0.5094070277545975,0.010371654433633653,0.0,0.001808091899364618,0.007781716112836278,0.0,5.018538713685571e-05,3.572059980872375e-05,0.0
8000000.0,,,0.528211216590704,0.011181067467934187,0.0,0.0019162933546462602,0.008480125117389338,0.0,6.12759954121393e-05,3.952660758536206e-05,0.0
8000000.0,,,0.5469858157563228,0.011973268531051913,0.0,0.0020293116320889075,0.009221558285375206,0.0,7.316232674961493e-05,4.357847740453399e-05,0.0
8000000.0,,,0.5657111332895329,0.01275740510249531,0.0,0.0021453744951010043,0.010020880552495783,0.0,8.580953699026237e-05,4.815720677869644e-05,0.0
8000000.0,,,0.5843675289180406,0.013568372062234718,0.0,0.0022680660844605605,0.010896780367225935,0.0,9.909453757549998e-05,5.347154375973555e-05,0.0
8000000.0,,,0.6029354346591118,0.014419678806071331,0.0,0.0024022851805307398,0.011851589275372436,0.0,0.0001126992762906437,5.9480080362740774e-05,0.0
8000000.0,,,0.621395375343686,0.015349433449882526,0.0,0.0025412297237813355,0.012880461294318935,0.0,0.00012647921254574254,6.600174781058641e-05,0.0
8000000.0,,,0.6397279890431371,0.016372983105258025,0.0,0.002701888322138003,0.013953314448410614,0.0,0.00014024627900930732,7.260363905902135e-05,0.0
8000000.0,,,0.6579140473772638,0.01741840160069104,0.0,0.0028952055846928784,0.015048934995904874,0.0,0.0001538765179684999,7.893834861446878e-05,0.0
8000000.0,,,0.6759344756822052,0.018594596063054778,0.0,0.003084888832717056,0.016163210974510688,0.0,0.0001672409465548595,8.530263275968344e-05,0.0
8000000.0,,,0.6937703730171288,0.020010222282126625,0.0,0.003275871020192162,0.017303679463033603,0.0,0.00018034922450999786,9.201541860153936e-05,0.0
8000000.0,,,0.7114030319887079,0.021383512345485522,0.0,0.0035073511686198873,0.018444319847909504,0.0,0.00019292135815114078,9.89783800915949e-05,0.0
8000000.0,,,0.7288139583725932,0.02300394270354776,0.0,0.0037794611025166814,0.01956438335208189,0.0,0.00020510987704541544,0.00010612441273735302,0.0
8000000.0,,,0.7459848905113007,0.025012193672050282,0.0,0.004067295426928118,0.020660051941900626,0.0,0.0002170507908781136,0.0001130498518760654,0.0
8000000.0,,,0.762897818468169,0.026463264051309478,0.0,0.004305673337616452,0.021707800659361013,0.0,0.0002282196726537229,0.00011951439453847156,0.0
8000000.0,,,0.7795350029172945,0.028192065903112396,0.0,0.004555254579516639,0.022713894130693746,0.0,0.00023882300391086424,0.0001252357803284227,0.0
8000000.0,,,0.7958789937496361,0.029676760924016454,0.0,0.0047702888378066315,0.023710897850037597,0.0,0.0002487921250371791,0.00013059538917501787,0.0
8000000.0,,,0.8119126483757694,0.031458340222000135,0.0,0.004954503024785663,0.0247240182875976,0.0,0.000258152630620395,0.0001357287701851456,0.0
8000000.0,,,0.8276191497060952,0.03337778079499025,0.0,0.005098535321975755,0.02577009747802881,0.0,0.000267220288161316,0.0001411690389020378,0.0
8000000.0,,,0.842982023789645,0.03490621450152959,0.0,0.005227292235610845,0.026861101078384908,0.0,0.00027566944398367457,0.0001471753450693244,0.0
8000000.0,,,0.8579851570929806,0.03630315754105508,0.0,0.005379403449266098,0.02802942936753915,0.0,0.00028358796666245377,0.00015410952450759866,0.0
8000000.0,,,0.8726128134010644,0.038149532235410344,0.0,0.005484513098651521,0.029274960671289627,0.0,0.0002902578099084398,0.0001629713156636418,0.0
8000000.0,,,0.8868496503223778,0.0403851984421611,0.0,0.00564493817540013,0.030602091891681803,0.0,0.00029527897393557124,0.00017380116227427636,0.0
8000000.0,,,0.9006807353809696,0.042227217778653084,0.0,0.005767998146311171,0.03199146012070487,0.0,0.00029755883939370744,0.0001871899238491799,0.0
8000000.0,,,0.9140915616785621,0.04400230300101158,0.0,0.00587582356799371,0.03338150532209892,0.0,0.00029599635887533416,0.00020371304323504925,0.0
8000000.0,,,0.927068063110284,0.04634735526365329,0.0,0.00609884038092451,0.0346645649861423,0.0,0.00028871244651183033,0.00022384590059601836,0.0
8000000.0,,,0.9395966291180717,0.0493884689910568,0.0,0.006275477322944992,0.03565353880305544,0.0,0.00027398616483999787,0.00024819200831505876,0.0
8000000.0,,,0.9516641189662659,0.052480550046212875,0.0,0.0063075855456540784,0.03597498107225631,0.0,0.00024840799999570746,0.00027377249710587874,0.0
8000000.0,,,0.9632578755244279,0.05453103272106362,0.0,0.006245668065853251,0.03495684835520887,0.0,0.00020796611450961974,0.00028994153452861836,0.0
8000000.0,,,0.9743657385429216,0.05506920381689894,0.0,0.006707754677867705,0.031368085660295454,0.0,0.00014875529378314542,0.0002748361318091731,0.0
8000000.0,,,0.9849760574073374,0.05320172336566398,0.0,0.00877899268973314,0.02309525419136496,0.0,7.252996360563987e-05,0.00020718764281942826,0.0
8000000.0,,,0.995077703358376,0.050825647701412235,0.0,0.011132732860073524,0.008720694078917056,0.0,9.66627613261818e-06,0.00014664173666016186,0.0
8000000.0,0.0004999999999999675,,0.004922296641623997,0.0001637598009665285,0.0007163111844897976,0.0024878855477518543,9.089864907277099e-06,0.0,-2.4316425647125197e-10,1.0926717519511188e-05,0.0
8000000.0,0.0004999999999999675,,0.01502394259266257,0.0007978634201333822,0.0016399157690568558,0.0020627136485968857,2.778165016351098e-05,0.0,-2.9484526458919664e-09,5.287925116998827e-06,0.0
8000000.0,0.0004999999999999675,,0.025634261457078256,0.0014461080475518398,0.0022195187050760234,0.0015015495385755056,4.747104490325782e-05,0.0,-1.0459032480821103e-08,2.73455780849288e-06,0.0
8000000.0,0.0004999999999999675,,0.0367421244755721,0.0018993904092592768,0.002559405821681549,0.0009963070416926572,6.797886661404186e-05,0.0,-2.320039142767234e-08,1.6723705181559524e-06,0.0
8000000.0,0.0004999999999999675,,0.04833588103373401,0.0021589728431744104,0.0027365224441137067,0.0007030315491333034,8.907963236755783e-05,0.0,-4.0341758909619206e-08,1.1418647074356547e-06,0.0
8000000.0,0.0004999999999999675,,0.06040337088192818,0.0022878376832476516,0.002807827179034114,0.000510361106942593,0.0001105616516930139,0.0,-6.059949830144241e-08,8.50472666393658e-07,0.0
8000000.0,0.0004999999999999675,,0.07293193688971603,0.002335737271669434,0.002817609494888844,0.0003636647086311604,0.00013222222467726975,0.0,-8.287433860349032e-08,6.945125499552383e-07,0.0
8000000.0,0.0004999999999999675,,0.08590843832143788,0.0023384348900229155,0.0028002305832840724,0.00024986953307796193,0.00015387134580665483,0.0,-1.0660266844571934e-07,6.183891975834285e-07,0.0
8000000.0,0.0004999999999999675,,0.09931926461903035,0.002326957850503871,0.002779819291774282,0.00017360883468256396,0.00017534295136872012,0.0,-1.3177785702489463e-07,5.87774373934259e-07,0.0
8000000.0,0.0004999999999999675,,0.11315034967762214,0.0023250862397834133,0.0027698682832621364,0.0001413506409721147,0.0001965217506113624,0.0,-1.587589301723689e-07,5.839941333255028e-07,0.0
8000000.0,0.0004999999999999675,,0.1273871865989355,0.0023459037690155555,0.0027747639684270638,0.0001437362640339635,0.00021735494111433388,0.0,-1.880279347169549e-07,5.977733743256814e-07,0.0
8000000.0,0.0004999999999999675,,0.14201484290701943,0.0023930716492311893,0.002793122104713624,0.00015950844646393707,0.00023783930908082145,0.0,-2.2001308326971963e-07,6.237771734624993e-07,0.0
8000000.0,0.0004999999999999675,,0.15701797621035488,0.0024646239072778934,0.0028213412288191323,0.00017630585343532198,0.0002579931355545551,0.0,-2.550119697597286e-07,6.582875876476314e-07,0.0
8000000.0,0.0004999999999999675,,0.17238085029390485,0.002556692464098071,0.0028560332546794013,0.00019062354239695987,0.0002778359646058934,0.0,-2.9321888525952497e-07,6.989535738654611e-07,0.0
8000000.0,0.0004999999999999675,,0.1880873516242307,0.002666061214624084,0.002895044086455985,0.00020241612173602046,0.0002973236401489034,0.0,-3.345891543041503e-07,7.448781899409019e-07,0.0
8000000.0,0.0004999999999999675,,0.20412100625036386,0.0027913943986356492,0.002937539453676848,0.00021264968788652075,0.0003166308808759505,0.0,-3.7999312191826577e-07,7.964357002375728e-07,0.0
8000000.0,0.0004999999999999675,,0.22046499708270553,0.00293418032377597,0.0029835814723134504,0.00022229719862377838,0.00033474334926205073,0.0,-4.254585525591076e-07,8.548805615314706e-07,0.0
8000000.0,0.0004999999999999675,,0.23710218153183107,0.003098361814539498,0.003033852756264165,0.0002329062555417458,0.0003555338291194258,0.0,-4.878677847500672e-07,9.223369801774779e-07,0.0
8000000.0,0.0004999999999999675,,0.25401510948869915,0.003284191883189192,0.0030893796599308584,0.00024680535487204305,0.0003678050213265928,0.0,-5.001126307609136e-07,1.0015195651297142e-06,0.0
8000000.0,0.0004999999999999675,,0.27118604162740667,0.0034872291760919298,0.003150876423764726,0.000265593323779445,0.0003806114460794268,0.0,-4.287376465019893e-07,1.0946717734502144e-06,0.0
8000000.0,0.0004999999999999675,,0.2885969680112919,0.003702997139802311,0.003218292448650092,0.00028939144089590194,0.0004059029122585845,0.0,-2.446532670881637e-07,1.2028700031584677e-06,0.0
8000000.0,0.0004999999999999675,,0.306229626982871,0.003925915381821124,0.0032906538062031274,0.00031726810425299095,0.00047274167176612547,0.0,8.566316615133869e-08,1.3258702696224901e-06,0.0
8000000.0,0.0004999999999999675,,0.32406552431779473,0.004149181426352058,0.0033662094841550856,0.0003478425992202733,0.0005789162174064058,0.0,5.271647257808382e-07,1.4624656209534616e-06,0.0
8000000.0,0.0004999999999999675,,0.3420859526227361,0.004366000094567664,0.0034427613201623293,0.00037996148837553446,0.0007230083146638368,0.0,1.0987179532952367e-06,1.6109704335611474e-06,0.0
8000000.0,0.0004999999999999675,,0.3602720109568628,0.0045703958156531645,0.003518040975189135,0.0004129900722551105,0.0008889073234523716,0.0,1.768516635320635e-06,1.7696849737951551e-06,0.0
8000000.0,0.0004999999999999675,,0.3786046246563139,0.00475786930030937,0.0035900143354128415,0.00044663301935482134,0.0010763269122768082,0.0,2.562238969755158e-06,1.9372812040508026e-06,0.0
8000000.0,0.0004999999999999675,,0.397064565340888,0.0049259904470545,0.0036570167394119296,0.0004807764517668568,0.0012725585790415962,0.0,3.4574955087994942e-06,2.112858172662921e-06,0.0
8000000.0,0.0004999999999999675,,0.4156324710819595,0.005074491555097656,0.0037177159573062155,0.0005154743879633728,0.001476284348356816,0.0,4.477529291556827e-06,2.295772438704126e-06,0.0
8000000.0,0.0004999999999999675,,0.43428886671046696,0.00520485370836817,0.0037709679334194104,0.0005509473556392372,0.0016825435398885762,0.0,5.606047903047548e-06,2.4854812486990083e-06,0.0
8000000.0,0.0004999999999999675,,0.45301418424367706,0.005319761735332665,0.003815685962311354,0.0005876153482663438,0.0019057844681699889,0.0,6.899193960428203e-06,2.6814218047762402e-06,0.0
8000000.0,0.0004999999999999675,,0.4717887834092959,0.0054223051686717386,0.003850739666309208,0.0006260197998474855,0.0021335613278588702,0.0,8.31198298668682e-06,2.8829844896731965e-06,0.0
8000000.0,0.0004999999999999675,,0.49059297224540244,0.00551475027238089,0.0038749527316480226,0.000666562488615308,0.0023637089916622336,0.0,9.826492266011213e-06,3.0895506984857566e-06,0.0
8000000.0,0.0004999999999999675,,0.5094070277545975,0.005597577382814546,0.003887314825474897,0.0007091016229216243,0.0026021970121676567,0.0,1.145643089054037e-05,3.3004398375816386e-06,0.0
8000000.0,0.0004999999999999675,,0.528211216590704,0.005671107621107044,0.003887340725264216,0.0007526323389327568,0.002844256743614447,0.0,1.31767087286685e-05,3.514804091086162e-06,0.0
8000000.0,0.0004999999999999675,,0.5469858157563228,0.005736969378069125,0.003875277537865405,0.0007956073328116229,0.003087012608705629,0.0,1.4967290431937812e-05,3.731844600925329e-06,0.0
8000000.0,0.0004999999999999675,,0.5657111332895329,0.005797200834143084,0.0038520672386002605,0.0008370210802442156,0.0033242957316673835,0.0,1.67943968517088e-05,3.951226516136749e-06,0.0
8000000.0,0.0004999999999999675,,0.5843675289180406,0.005854371817737885,0.003819280689802125,0.0008772884760896726,0.003549460233269226,0.0,1.8617585547857754e-05,4.17312984067661e-06,0.0
8000000.0,0.0004999999999999675,,0.6029354346591118,0.005910740468652486,0.0037791547314909987,0.0009179996476873059,0.0037703798217412795,0.0,2.0485673174599832e-05,4.397996668269406e-06,0.0
8000000.0,0.0004999999999999675,,0.621395375343686,0.005966011243667637,0.00373467777963279,0.0009606235504015572,0.003981275651187799,0.0,2.2361323470267632e-05,4.626397002700213e-06,0.0
8000000.0,0.0004999999999999675,,0.6397279890431371,0.0060163430607153515,0.0036895636898903526,0.0010050004377468017,0.0041727004367695,0.0,2.4183625583669345e-05,4.858917024034914e-06,0.0
8000000.0,0.0004999999999999675,,0.6579140473772638,0.006056778407771869,0.0036479864806085744,0.0010493101816283637,0.004346031058617795,0.0,2.5929275342568785e-05,5.095645655675509e-06,0.0
8000000.0,0.0004999999999999675,,0.6759344756822052,0.006086253704925635,0.003613870646881253,0.001092126446535887,0.0045057433093747285,0.0,2.761520415028871e-05,5.335967823233896e-06,0.0
8000000.0,0.0004999999999999675,,0.6937703730171288,0.006109798687555633,0.0035903076584119682,0.001133115102412472,0.00465110048386436,0.0,2.9219399006084716e-05,5.581266078133417e-06,0.0
8000000.0,0.0004999999999999675,,0.7114030319887079,0.006132916782383491,0.003580125068731441,0.0011719050736200651,0.004779665199977894,0.0,3.071092389953188e-05,5.8335548472656445e-06,0.0
8000000.0,0.0004999999999999675,,0.7288139583725932,0.00615327965107348,0.003585933440948949,0.0012091025278312018,0.004891537082927308,0.0,3.208231133748193e-05,6.089319530394849e-06,0.0
8000000.0,0.0004999999999999675,,0.7459848905113007,0.0061607916687320295,0.003607159535442216,0.0012454627179799942,0.004992898398921693,0.0,3.3374951431347914e-05,6.35352443234674e-06,0.0
8000000.0,0.0004999999999999675,,0.762897818468169,0.006145031735181154,0.0036387801869000487,0.0012840566983592472,0.005084577233976881,0.0,3.4578120301445204e-05,6.657697088280897e-06,0.0
8000000.0,0.0004999999999999675,,0.7795350029172945,0.0061032071469586694,0.0036758440610012307,0.0013306697577282357,0.005174459329588703,0.0,3.572498660073742e-05,7.068101422747204e-06,0.0
8000000.0,0.0004999999999999675,,0.7958789937496361,0.006051719303544439,0.003722349691020751,0.0013893544884146737,0.005258354418900049,0.0,3.675064735642388e-05,7.686975681897538e-06,0.0
8000000.0,0.0004999999999999675,,0.8119126483757694,0.005979347509341201,0.003802964857119266,0.0014660601109261547,0.005348504496149216,0.0,3.7719988260456755e-05,8.626319174864402e-06,0.0
8000000.0,0.0004999999999999675,,0.8276191497060952,0.005916064042152355,0.003961806337051328,0.0015532298950480586,0.005454651233625954,0.0,3.868482664412542e-05,1.0003844513279688e-05,0.0
8000000.0,0.0004999999999999675,,0.842982023789645,0.005946156620194031,0.004247331475185774,0.0016495245047584287,0.005569144140581498,0.0,3.953570700861373e-05,1.1890848706170092e-05,0.0
8000000.0,0.0004999999999999675,,0.8579851570929806,0.0061009663022807015,0.004692643728820722,0.001772331100638026,0.005710339694685182,0.0,4.036005684562003e-05,1.4253793522301974e-05,0.0
8000000.0,0.0004999999999999675,,0.8726128134010644,0.006505670426273887,0.005291112293881295,0.0019334712262838289,0.0058973820892653074,0.0,4.122154509102598e-05,1.6932308448034167e-05,0.0
8000000.0,0.0004999999999999675,,0.8868496503223778,0.007251371794934482,0.005991356235680822,0.0021664395110662055,0.006140755696382779,0.0,4.206917338961301e-05,1.967172969987713e-05,0.0
8000000.0,0.0004999999999999675,,0.9006807353809696,0.008499179428785766,0.006710293909041149,0.0024770938738298068,0.006462178931344958,0.0,4.291662670072904e-05,2.2522562054989924e-05,0.0
8000000.0,0.0004999999999999675,,0.9140915616785621,0.010339802569931257,0.007375061898652094,0.0028252940466269904,0.006897371054901646,0.0,4.379685236069915e-05,2.6398474355816336e-05,0.0
8000000.0,0.0004999999999999675,,0.927068063110284,0.012954773220589268,0.007988206667879355,0.0031371477340931208,0.007484014947994643,0.0,4.463443111798219e-05,3.322785438674864e-05,0.0
8000000.0,0.0004999999999999675,,0.9395966291180717,0.01650369772432423,0.008689069410750733,0.003386160643062661,0.008242469020460398,0.0,4.515520365919648e-05,4.5239513482280755e-05,0.0
8000000.0,0.0004999999999999675,,0.9516641189662659,0.020883312648594016,0.009745182199854997,0.0035463004276682073,0.009167766360980729,0.0,4.4940895027538506e-05,6.398873298650657e-05,0.0
8000000.0,0.0004999999999999675,,0.9632578755244279,0.02559485748583589,0.011422358784646841,0.00343854541890646,0.01012383576472695,0.0,4.279933147906172e-05,8.80462490848011e-05,0.0
8000000.0,0.0004999999999999675,,0.9743657385429216,0.029562779066350246,0.013764714808380344,0.0032475065335372615,0.010714523043948829,0.0,3.6694186376777535e-05,0.0001061641635652069,0.0
8000000.0,0.0004999999999999675,,0.9849760574073374,0.030235042013679533,0.016361439585301247,0.004872460912337734,0.00961838311490531,0.0,2.261487799819562e-05,9.160359698426986e-05,0.0
8000000.0,0.0004999999999999675,,0.995077703358376,0.02816112906793662,0.018190876686903636,0.007016554962832264,0.004187926098858819,0.0,3.5564798118158785e-06,6.623318316478227e-05,0.0
8000000.0,0.0007000000000004278,,0.004922296641623997,5.119132335572001e-07,0.00011565926876711224,0.0004474605935789927,2.2676821823920413e-05,0.0,-3.9895086773863884e-11,7.032716546468482e-07,0.0
8000000.0,0.0007000000000004278,,0.01502394259266257,3.3001843997468277e-06,0.00029662311831066274,0.00039253091775090987,6.915897865447624e-05,0.0,-5.05922518612034e-10,4.252748470093465e-07,0.0
8000000.0,0.0007000000000004278,,0.025634261457078256,7.3103445802788895e-06,0.0004370669797402341,0.00031806332629020633,0.0001177623012874173,0.0,-1.8495380804386112e-09,2.5393155263339034e-07,0.0
8000000.0,0.0007000000000004278,,0.0367421244755721,1.1427006876640393e-05,0.0005410006672775153,0.0002384954091060586,0.0001681806266911442,0.0,-4.146418589477141e-09,1.5332048620882985e-07,0.0
8000000.0,0.0007000000000004278,,0.04833588103373401,1.5011978676171802e-05,0.0006134430972983356,0.00017782039202843988,0.00022004396069943516,0.0,-7.13264247297141e-09,9.49054176982283e-08,0.0
8000000.0,0.0007000000000004278,,0.06040337088192818,1.780132305508663e-05,0.000660084551302022,0.00013198797020925505,0.0002729551848757354,0.0,-1.0350771917796772e-08,6.128481957542572e-08,0.0
8000000.0,0.0007000000000004278,,0.07293193688971603,1.978781238141795e-05,0.0006869833989187871,9.738514305404808e-05,0.0003265255240564685,0.0,-1.3321054504940263e-08,4.223570177685324e-08,0.0
8000000.0,0.0007000000000004278,,0.08590843832143788,2.1114799708954834e-05,0.0007002111374500242,7.10863819972699e-05,0.00038039359388918336,0.0,-1.5679318176076094e-08,3.1855461869908866e-08,0.0
8000000.0,0.0007000000000004278,,0.09931926461903035,2.1995672317320873e-05,0.0007054415614470266,5.093307972195361e-05,0.00043423854735723206,0.0,-1.724499070327442e-08,2.671844211365344e-08,0.0
8000000.0,0.0007000000000004278,,0.11315034967762214,2.265634863370192e-05,0.0007075213665923315,3.549400754152712e-05,0.0004877797700043121,0.0,-1.8015076216659673e-08,2.478489305438616e-08,0.0
8000000.0,0.0007000000000004278,,0.1273871865989355,2.329519581030438e-05,0.0007101075332655329,2.4019758630491117e-05,0.0005407684881999969,0.0,-1.8108117980875178e-08,2.4795824354076715e-08,0.0
8000000.0,0.0007000000000004278,,0.14201484290701943,2.4058028029332638e-05,0.0007154832055804704,1.6509425586178892e-05,0.000592976185974141,0.0,-1.769283333156598e-08,2.5952201298196008e-08,0.0
8000000.0,0.0007000000000004278,,0.15701797621035488,2.5027895624550878e-05,0.0007246280631478761,1.3524769542188502e-05,0.0006441841528958478,0.0,-1.6929897489181866e-08,2.7746846607612273e-08,0.0
8000000.0,0.0007000000000004278,,0.17238085029390485,2.6228900432316305e-05,0.0007375204652636813,1.4386724033258508e-05,0.0006941767325881242,0.0,-1.5940356914630733e-08,2.987065810772616e-08,0.0
8000000.0,0.0007000000000004278,,0.1880873516242307,2.7640761743210846e-05,0.0007535514556447724,1.6811359425459792e-05,0.0007427388646626738,0.0,-1.4799700177883696e-08,3.215118061174623e-08,0.0
8000000.0,0.0007000000000004278,,0.20412100625036386,2.9218010956293873e-05,0.0007719066829308008,1.933394602587835e-05,0.000789657076791428,0.0,-1.3548268031500829e-08,3.450523970209835e-08,0.0
8000000.0,0.0007000000000004278,,0.22046499708270553,3.090722933541596e-05,0.0007918250769958239,2.150287105257883e-05,0.0008347224845931179,0.0,-1.2207185376433672e-08,3.690085098695828e-08,0.0
8000000.0,0.0007000000000004278,,0.23710218153183107,3.265828141189353e-05,0.0008127185111349394,2.327824497614875e-05,0.0008777344597785302,0.0,-1.0791993367746146e-08,3.9328987117789626e-08,0.0
8000000.0,0.0007000000000004278,,0.25401510948869915,3.442898867003347e-05,0.0008341869507928714,2.474751054194214e-05,0.0009185040876581386,0.0,-9.32056299066613e-09,4.178585654308605e-08,0.0
8000000.0,0.0007000000000004278,,0.27118604162740667,3.618505554994926e-05,0.0008559781218961967,2.6017008727180784e-05,0.0009568570270275619,0.0,-7.815438492720612e-09,4.426438372337113e-08,0.0
8000000.0,0.0007000000000004278,,0.2885969680112919,3.789775096976949e-05,0.0008779321142062743,2.717005620686696e-05,0.0009926357207861638,0.0,-6.302582139203751e-09,4.675201395753609e-08,0.0
8000000.0,0.0007000000000004278,,0.306229626982871,3.954137414389048e-05,0.0008999347942805912,2.8255542812614088e-05,0.0010257010450711466,0.0,-4.80873477460356e-09,4.9231727725606085e-08,0.0
8000000.0,0.0007000000000004278,,0.32406552431779473,4.1091615189309234e-05,0.0009218888709815314,2.9292251416864073e-05,0.0010559334825293886,0.0,-3.358948021637538e-09,5.1683960250966745e-08,0.0
8000000.0,0.0007000000000004278,,0.3420859526227361,4.2525079685510743e-05,0.000943701652148894,3.0279432184914785e-05,0.0010832338432269324,0.0,-1.9749748322237626e-09,5.408825276374096e-08,0.0
8000000.0,0.0007000000000004278,,0.3602720109568628,4.3819724905943346e-05,0.0009652841357960128,3.120727623374326e-05,0.0011075234983526768,0.0,-6.745543154285542e-10,5.6424345186107806e-08,0.0
8000000.0,0.0007000000000004278,,0.3786046246563139,4.495577340318991e-05,0.0009865555903487903,3.2064223740783384e-05,0.0011287440675484314,0.0,5.286795910413327e-10,5.8672860911970484e-08,0.0
8000000.0,0.0007000000000004278,,0.397064565340888,4.591672055370661e-05,0.001007449288207241,3.284069465226061e-05,0.0011468565128985252,0.0,1.624971713468201e-09,6.081581933655957e-08,0.0
8000000.0,0.0007000000000004278,,0.4156324710819595,4.669020068207301e-05,0.001027917027878613,3.3530204624250276e-05,0.001161839629840129,0.0,2.6081121572549e-09,6.283712392438158e-08,0.0
8000000.0,0.0007000000000004278,,0.43428886671046696,4.726862003197231e-05,0.0010479316453587768,3.412910319569714e-05,0.0011736879736055337,0.0,3.4750930712575797e-09,6.472306056098225e-08,0.0
8000000.0,0.0007000000000004278,,0.45301418424367706,4.7649557432337184e-05,0.001067487613230247,3.463587554815384e-05,0.0011824093086876526,0.0,4.225776871801832e-09,6.646277162289605e-08,0.0
8000000.0,0.0007000000000004278,,0.4717887834092959,4.7835971719309095e-05,0.0010866001593283728,3.505052423518864e-05,0.0011880217118212459,0.0,4.862565482004553e-09,6.804865239364024e-08,0.0
8000000.0,0.0007000000000004278,,0.49059297224540244,4.783625633108786e-05,0.0011053033356954961,3.537421517157901e-05,0.0011905504925871448,0.0,5.390057202125428e-09,6.94766274495685e-08,0.0
8000000.0,0.0007000000000004278,,0.5094070277545975,4.766416587126073e-05,0.0011236473390005396,3.5609186276165395e-05,0.0011900251180177502,0.0,5.8146852489157234e-09,7.074628358540829e-08,0.0
8000000.0,0.0007000000000004278,,0.528211216590704,4.7338620235949676e-05,0.0011416952521202401,3.57588471805118e-05,0.0011864763374696446,0.0,6.144338402472812e-09,7.186085069067324e-08,0.0
8000000.0,0.0007000000000004278,,0.5469858157563228,4.688337512930132e-05,0.0011595192949609599,3.5827992763354835e-05,0.0011799337013480725,0.0,6.387966075261624e-09,7.282703028580715e-08,0.0
8000000.0,0.0007000000000004278,,0.5657111332895329,4.6326534985116574e-05,0.0011771966460981027,3.582307014367668e-05,0.0011704236527451419,0.0,6.555168853047495e-09,7.365467585380673e-08,0.0
8000000.0,0.0007000000000004278,,0.5843675289180406,4.569987594690486e-05,0.0011948049111063003,3.575245465150731e-05,0.0011579683461845937,0.0,6.655774167774093e-09,7.435633326573411e-08,0.0
8000000.0,0.0007000000000004278,,0.6029354346591118,4.5037944342591e-05,0.0012124173512191,3.5626696833789666e-05,0.0011425853143129095,0.0,6.699397910541282e-09,7.494665582651901e-08,0.0
8000000.0,0.0007000000000004278,,0.621395375343686,4.437690370911418e-05,0.0012300980333347891,3.5458700005498314e-05,0.0011242880632553244,0.0,6.694998036893869e-09,7.544171729989143e-08,0.0
8000000.0,0.0007000000000004278,,0.6397279890431371,4.375312569844085e-05,0.0012478971094435274,3.5263779770790274e-05,0.0011030876316518614,0.0,6.650435861893283e-09,7.585825678070424e-08,0.0
8000000.0,0.0007000000000004278,,0.6579140473772638,4.3201560557946356e-05,0.0012658464726439961,3.5059547552803667e-05,0.001078995097706969,0.0,6.572073752520454e-09,7.621289957746822e-08,0.0
8000000.0,0.0007000000000004278,,0.6759344756822052,4.275397932618417e-05,0.0012839560613029032,3.486555428100907e-05,0.0010520249633030972,0.0,6.464451742215093e-09,7.652140593367517e-08,0.0
8000000.0,0.0007000000000004278,,0.6937703730171288,4.243724094013227e-05,0.0013022110864133207,3.470263438011113e-05,0.0010221992851510158,0.0,6.330096109813788e-09,7.679800197079711e-08,0.0
8000000.0,0.0007000000000004278,,0.7114030319887079,4.22717814951998e-05,0.001320570434782776,3.459191233326962e-05,0.0009895523620336506,0.0,6.169515075616567e-09,7.705484274183775e-08,0.0
8000000.0,0.0007000000000004278,,0.7288139583725932,4.227052482296755e-05,0.001338966449430972,3.455348195431667e-05,0.0009541357280386864,0.0,5.981425762791772e-09,7.730164512896042e-08,0.0
8000000.0,0.0007000000000004278,,0.7459848905113007,4.243835876767572e-05,0.0013573062088508944,3.4604842970950865e-05,0.0009160231495548387,0.0,5.763230189189217e-09,7.754550988343047e-08,0.0
8000000.0,0.0007000000000004278,,0.762897818468169,4.277221979431005e-05,0.001375474323103351,3.475926746722143e-05,0.00087531528528247,0.0,5.511718382245844e-09,7.779093085623611e-08,0.0
8000000.0,0.0007000000000004278,,0.7795350029172945,4.3261715262071324e-05,0.0013933371461762555,3.5024340769756795e-05,0.0008321436505735307,0.0,5.223930889033977e-09,7.803997008655741e-08,0.0
8000000.0,0.0007000000000004278,,0.7958789937496361,4.389013207761012e-05,0.0014107481838307437,3.540094114275216e-05,0.0007866735363852257,0.0,4.8980719055692855e-09,7.829256409349397e-08,0.0
8000000.0,0.0007000000000004278,,0.8119126483757694,4.463566010099688e-05,0.0014275543697770396,3.588286714808715e-05,0.0007391055733760243,0.0,4.53433955736214e-09,7.854692135306451e-08,0.0
8000000.0,0.0007000000000004278,,0.8276191497060952,4.5472694362499045e-05,0.0014436028053672748,3.6457199813598264e-05,0.0006896757043542302,0.0,4.13553992669416e-09,7.879997233152369e-08,0.0
8000000.0,0.0007000000000004278,,0.842982023789645,4.637314171547182e-05,0.0014587475200282779,3.7105340592089096e-05,0.0006386534303845689,0.0,3.7073784835441735e-09,7.904783811887267e-08,0.0
8000000.0,0.0007000000000004278,,0.8579851570929806,4.730770962129739e-05,0.001472855815907157,3.780454780671428e-05,0.00058633831979897,0.0,3.2583718473141098e-09,7.928628807346393e-08,0.0
8000000.0,0.0007000000000004278,,0.8726128134010644,4.8247175965164275e-05,0.0014858138080254726,3.85297375843655e-05,0.0005330549035510878,0.0,2.7993839250294736e-09,7.951115936847561e-08,0.0
8000000.0,0.0007000000000004278,,0.8868496503223778,4.916362842407004e-05,0.0014975308521177938,3.9255321120423685e-05,0.0004791462105899597,0.0,2.3428505373275634e-09,7.971871305755285e-08,0.0
8000000.0,0.0007000000000004278,,0.9006807353809696,5.003163417479044e-05,0.0015079426544390374,3.995689514175775e-05,0.00042496630840382693,0.0,1.9018036022512338e-09,7.990590492539952e-08,0.0
8000000.0,0.0007000000000004278,,0.9140915616785621,5.082927403704616e-05,0.0015170129686635362,4.0612658874383374e-05,0.00037087229342855924,0.0,1.4888313168763725e-09,8.00705569905643e-08,0.0
8000000.0,0.0007000000000004278,,0.927068063110284,5.1538963324083284e-05,0.001524733893193219,4.120448146258842e-05,0.0003172162141126497,0.0,1.1151111963368702e-09,8.0211426819666e-08,0.0
8000000.0,0.0007000000000004278,,0.9395966291180717,5.214799020269504e-05,0.0015311248782594006,4.171858470353945e-05,0.00026433740176368657,0.0,7.896303332025571e-10,8.032818420739984e-08,0.0
8000000.0,0.0007000000000004278,,0.9516641189662659,5.264872889487631e-05,0.0015362306287538693,4.2145840525716984e-05,0.0002125556325600463,0.0,5.186683700454202e-10,8.042131483303954e-08,0.0
8000000.0,0.0007000000000004278,,0.9632578755244279,5.3038522137121194e-05,0.001540118140706952,4.2481714149837494e-05,0.00016216545587585904,0.0,3.055726569024217e-10,8.049197579452795e-08,0.0
8000000.0,0.0007000000000004278,,0.9743657385429216,5.331926565545452e-05,0.0015428731345257512,4.272591175512727e-05,0.00011343191162899177,0.0,1.5081143186456023e-10,8.054182808673505e-08,0.0
8000000.0,0.0007000000000004278,,0.9849760574073374,5.349675867530886e-05,0.0015445961476094451,4.287387773649554e-05,6.658773760672463e-05,0.0,5.2257190166276056e-11,8.057286757815078e-08,0.0
8000000.0,0.0007000000000004278,,0.995077703358376,5.357990410940259e-05,0.0015453985271126547,4.294830641598554e-05,2.1832053129160238e-05,0.0,5.6327687617780225e-12,8.058957783136457e-08,0.0
8000000.0,0.000999999999999935,,0.004922296641623997,0.008886989866209479,0.0058409887694046885,0.04212084813029998,0.00011152435306098217,0.0,-5.446927659870374e-08,0.002529033888845089,0.0
8000000.0,0.000999999999999935,,0.01502394259266257,0.036642275628405885,0.012665196459669665,0.03430535664920603,0.00033727824581759246,0.0,-6.159707090587281e-07,0.001170044290923207,0.0
8000000.0,0.000999999999999935,,0.025634261457078256,0.06345384032685471,0.016673175383347907,0.024387189591291214,0.0005704606335524138,0.0,-2.1082629329111957e-06,0.0006524654879066907,0.0
8000000.0,0.000999999999999935,,0.0367421244755721,0.07960283540897994,0.0190159591012839,0.016553281603557984,0.0008101799517145623,0.0,-4.609982539593305e-06,0.00046678555315871436,0.0
8000000.0,0.000999999999999935,,0.04833588103373401,0.08672489889443942,0.02030465309260434,0.013043693520058608,0.001061502012449463,0.0,-7.979892138002415e-06,0.000359867562047488,0.0
8000000.0,0.000999999999999935,,0.06040337088192818,0.08982619953594992,0.020867354529878694,0.011008692411191564,0.0013333747868533095,0.0,-1.1927927198567795e-05,0.000278388230875988,0.0
8000000.0,0.000999999999999935,,0.07293193688971603,0.09032219045242539,0.020908810789626836,0.009237090282135247,0.0016302859091735914,0.0,-1.6093804996579422e-05,0.0002127541657708544,0.0
8000000.0,0.000999999999999935,,0.08590843832143788,0.08737581872064136,0.02060128111552701,0.0073339078236406745,0.001944813616203032,0.0,-2.014385695043519e-05,0.0001620516938687255,0.0
8000000.0,0.000999999999999935,,0.09931926461903035,0.08187387396838029,0.020135111184900887,0.00531168586982082,0.0022577577181877168,0.0,-2.3853589832333786e-05,0.00012588624264265393,0.0
8000000.0,0.000999999999999935,,0.11315034967762214,0.07640387043365583,0.01971641838059663,0.003497315266954426,0.002545858822261712,0.0,-2.7144794870437665e-05,0.00010248595035363928,0.0
8000000.0,0.000999999999999935,,0.1273871865989355,0.07282462256736091,0.01950108237205427,0.0024299897628335134,0.0027914548161442404,0.0,-3.0065174563115994e-05,8.997280685726255e-05,0.0
8000000.0,0.000999999999999935,,0.14201484290701943,0.07155857869508837,0.01952441956903535,0.002327372407685348,0.002988483863307508,0.0,-3.2729628399330304e-05,8.692995584983163e-05,0.0
8000000.0,0.000999999999999935,,0.15701797621035488,0.07235779547429676,0.019712103192842553,0.002659459122790581,0.0031415929711660897,0.0,-3.5239026721563655e-05,9.065487854883258e-05,0.0
8000000.0,0.000999999999999935,,0.17238085029390485,0.07463905000210812,0.01995592458813822,0.0030303422325332137,0.0032619348995941567,0.0,-3.766031465018155e-05,9.703665961183257e-05,0.0
8000000.0,0.000999999999999935,,0.1880873516242307,0.07758751718410399,0.020174228223744553,0.0033141494699626723,0.0033592807170581295,0.0,-3.99656002953863e-05,0.00010273678789433953,0.0
8000000.0,0.000999999999999935,,0.20412100625036386,0.08046980176790267,0.02032929115850035,0.003443819261222912,0.0034418935761404467,0.0,-4.217775031252903e-05,0.00010644050723732575,0.0
8000000.0,0.000999999999999935,,0.22046499708270553,0.08286227650028578,0.020420459230276817,0.0034027095301309815,0.0035111897530142456,0.0,-4.419305402469939e-05,0.00010830399095175549,0.0
8000000.0,0.000999999999999935,,0.23710218153183107,0.08465871552437762,0.020469809537924183,0.003235014809742091,0.0035627063394873047,0.0,-4.601873152479208e-05,0.00010902083559935822,0.0
8000000.0,0.000999999999999935,,0.25401510948869915,0.08599588500554142,0.02050808404109568,0.0030317583450928604,0.0036113011510571394,0.0,-4.786470651633916e-05,0.0001094089982416914,0.0
8000000.0,0.000999999999999935,,0.27118604162740667,0.08711111054578255,0.02056170451798814,0.002892848350124993,0.0034795344931961166,0.0,-4.3799902697449794e-05,0.00011024225259510541,0.0
8000000.0,0.000999999999999935,,0.2885969680112919,0.08823331286835322,0.020643042489352427,0.002872608468637521,0.003263964771205917,0.0,-3.4997028912764724e-05,0.00011201257985787314,0.0
8000000.0,0.000999999999999935,,0.306229626982871,0.0895134414937007,0.02074924285366694,0.0029580713012763663,0.0030821255919480277,0.0,-2.2887969436172332e-05,0.00011479578023728158,0.0
8000000.0,0.000999999999999935,,0.32406552431779473,0.09095690775768875,0.020867608904230502,0.003099448442133707,0.003053013091941021,0.0,-8.100224435842119e-06,0.00011829625685689074,0.0
8000000.0,0.000999999999999935,,0.3420859526227361,0.09245144758818469,0.020982956412427523,0.003249630296503445,0.00323035903561849,0.0,8.64568932967289e-06,0.00012204286407632528,0.0
8000000.0,0.000999999999999935,,0.3602720109568628,0.09383736092822371,0.021083046342262306,0.0033797174319402123,0.003599173769042327,0.0,2.687002477792992e-05,0.00012560127793514366,0.0
8000000.0,0.000999999999999935,,0.3786046246563139,0.09497107630630286,0.021160743659159043,0.003477890331906801,0.004133395836481282,0.0,4.6411844434241316e-05,0.00012868754240286004,0.0
8000000.0,0.000999999999999935,,0.397064565340888,0.09576023096170064,0.021213536966580716,0.0035445782079338937,0.004796990439196654,0.0,6.69692923908272e-05,0.00013117785293249087,0.0
8000000.0,0.000999999999999935,,0.4156324710819595,0.0961682565973551,0.02124184069069049,0.0035872428671154246,0.005552412842586726,0.0,8.811813578651354e-05,0.00013306862586294558,0.0
8000000.0,0.000999999999999935,,0.43428886671046696,0.09620035556197971,0.021247325021627454,0.0036156857008137282,0.00639541803194712,0.0,0.0001100302643497917,0.0001344274816310248,0.0
8000000.0,0.000999999999999935,,0.45301418424367706,0.0958861606076978,0.02123185361259003,0.0036390813780473267,0.0072652222419598254,0.0,0.00013185368896426452,0.00013535108799444593,0.0
8000000.0,0.000999999999999935,,0.4717887834092959,0.09526480935079297,0.02119703904940507,0.003664792086741113,0.008187436079880041,0.0,0.00015423927037603406,0.00013593641953262942,0.0
8000000.0,0.000999999999999935,,0.49059297224540244,0.09437418773713915,0.021144131440441458,0.003698170112114821,0.009125812994096389,0.0,0.00017667728963152902,0.00013626594999531616,0.0
8000000.0,0.000999999999999935,,0.5094070277545975,0.09324706010780712,0.021074051869764843,0.0037429132232562347,0.010076573330377887,0.0,0.00019924158763378122,0.00013640500969132945,0.0
8000000.0,0.000999999999999935,,0.528211216590704,0.09191230823188029,0.020987464144109354,0.0038014629386013223,0.011036484235057506,0.0,0.0002219273911626187,0.00013640654756795617,0.0
8000000.0,0.000999999999999935,,0.5469858157563228,0.09039425059337382,0.02088478925485342,0.003875657800852985,0.01199082199794997,0.0,0.0002445024677993724,0.0001363173458812088,0.0
8000000.0,0.000999999999999935,,0.5657111332895329,0.08871505518055964,0.020766172928838533,0.003968960103319735,0.012943416247729787,0.0,0.00026700475005578543,0.00013618625829049714,0.0
8000000.0,0.000999999999999935,,0.5843675289180406,0.08689667633714826,0.020631168637249824,0.00408758863870935,0.013891051311525357,0.0,0.0002894411851622643,0.0001360316673829122,0.0
8000000.0,0.000999999999999935,,0.6029354346591118,0.08494617462998932,0.020478702236420034,0.004223562731805169,0.014840764708566498,0.0,0.0003119039857348645,0.00013584109348367636,0.0
8000000.0,0.000999999999999935,,0.621395375343686,0.08286637291731283,0.020307370891466735,0.004363861186894093,0.015784301288250525,0.0,0.00033415057493032217,0.0001356423537158497,0.0
8000000.0,0.000999999999999935,,0.6397279890431371,0.08066197697659044,0.020114105481958956,0.004506516842457616,0.01674446121325152,0.0,0.00035654957570514946,0.00013546562708823272,0.0
8000000.0,0.000999999999999935,,0.6579140473772638,0.07830907356651726,0.01989572463201579,0.004643279541462386,0.017727202155994125,0.0,0.0003789422102145688,0.000135294790634206,0.0
8000000.0,0.000999999999999935,,0.6759344756822052,0.07574056472754971,0.01964892395942473,0.004768029186498173,0.018747667360376013,0.0,0.00040130273142134745,0.00013509523527562223,0.0
8000000.0,0.000999999999999935,,0.6937703730171288,0.07297540793312463,0.01937071543107757,0.004877200341419051,0.01983445830090712,0.0,0.0004238027404027449,0.00013484917306214682,0.0
8000000.0,0.000999999999999935,,0.7114030319887079,0.06997312926752702,0.01905905634527222,0.004953743301485165,0.02100574077669705,0.0,0.0004464893343572604,0.0001346264378870807,0.0
8000000.0,0.000999999999999935,,0.7288139583725932,0.06672798352356232,0.018712925395232092,0.005002481261729177,0.02226496895470484,0.0,0.0004689778542418799,0.0001345053246508369,0.0
8000000.0,0.000999999999999935,,0.7459848905113007,0.06322811754995013,0.018332958298830748,0.005043897917733196,0.023646715151312024,0.0,0.0004918892125102126,0.0001346044743413051,0.0
8000000.0,0.000999999999999935,,0.762897818468169,0.059562491646250916,0.017919569898932897,0.005098257816273409,0.02515207965060197,0.0,0.0005149282408899644,0.00013508553836779838,0.0
8000000.0,0.000999999999999935,,0.7795350029172945,0.05575855116216373,0.01747403756230345,0.005164645954530088,0.026809008123497374,0.0,0.0005383021486526081,0.00013611826823958656,0.0
8000000.0,0.000999999999999935,,0.7958789937496361,0.051856082823251284,0.016999050448099892,0.005241288201817406,0.028617837445610545,0.0,0.000561981571588061,0.00013793073333874772,0.0
8000000.0,0.000999999999999935,,0.8119126483757694,0.047945585726931535,0.016495980580537157,0.005361025800760569,0.03057838681285907,0.0,0.0005860780951940763,0.00014081874945564684,0.0
8000000.0,0.000999999999999935,,0.8276191497060952,0.0442235534585208,0.01596483432710459,0.005527087277940382,0.032684966522792014,0.0,0.0006104482288294224,0.00014526892843912023,0.0
8000000.0,0.000999999999999935,,0.842982023789645,0.040673048157548505,0.015408421878091903,0.005717823295767437,0.0349170479157043,0.0,0.0006350175798627531,0.000151960118247321,0.0
8000000.0,0.000999999999999935,,0.8579851570929806,0.03732659147368515,0.01483699871182192,0.005949434233396028,0.0372243615774083,0.0,0.000659315505295813,0.00016159562857860887,0.0
8000000.0,0.000999999999999935,,0.8726128134010644,0.034228602389134784,0.014276777914364016,0.006184900757756128,0.03952142482122638,0.0,0.0006819767741116219,0.00017513900527497188,0.0
8000000.0,0.000999999999999935,,0.8868496503223778,0.031425229016388244,0.013782515966954748,0.006448549116326333,0.041729647981194364,0.0,0.00070161997360237,0.00019355611117976833,0.0
8000000.0,0.000999999999999935,,0.9006807353809696,0.02916049985084905,0.013443743374566757,0.00672177068225824,0.04379849201806064,0.0,0.0007163456821614384,0.00021828781711445165,0.0
8000000.0,0.000999999999999935,,0.9140915616785621,0.02753531173665979,0.01339003201158267,0.007086687112279876,0.045703895259056895,0.0,0.0007232638041565755,0.00024985379177213984,0.0
8000000.0,0.000999999999999935,,0.927068063110284,0.026927644389596554,0.013770845126673164,0.007666002304043849,0.04743535839981017,0.0,0.0007185963853048936,0.00028753017419736056,0.0
8000000.0,0.000999999999999935,,0.9395966291180717,0.02800279642596386,0.014698458165999427,0.008492984261521874,0.04891756713646327,0.0,0.0006968120273274735,0.00033012971066695304,0.0
8000000.0,0.000999999999999935,,0.9516641189662659,0.03146861570576243,0.016182894478717135,0.009332080902991232,0.049867182296798304,0.0,0.0006493360847484433,0.0003764098269201531,0.0
8000000.0,0.000999999999999935,,0.9632578755244279,0.037896538951945107,0.018103511237363507,0.009803658901571663,0.04948474248258289,0.0,0.0005627378882610332,0.00041954262866599867,0.0
8000000.0,0.000999999999999935,,0.9743657385429216,0.04589906380741464,0.020217801032965485,0.010216467714870692,0.04602337239305622,0.0,0.00042183622367382326,0.00043431138203598916,0.0
8000000.0,0.000999999999999935,,0.9849760574073374,0.0495618909394633,0.02215391971417207,0.012311448914226284,0.03588254580206212,0.0,0.00022147659179238242,0.00037488926239548527,0.0
8000000.0,0.000999999999999935,,0.995077703358376,0.045671694184672915,0.023376839348426083,0.015149462397717937,0.01429923400461824,0.0,3.158294571878344e-05,0.0003201018020020965,0.0
8000000.0,0.002000000000006631,,0.004922296641623997,0.007253550643374233,0.002823218189164332,0.03765709106576824,0.0001296969425311142,0.0,-3.151403141184001e-08,0.0025288213691122496,0.0
8000000.0,0.002000000000006631,,0.01502394259266257,0.029442433792508663,0.0063600465619872105,0.031009859905422352,0.0003932079243584657,0.0,-3.6891840341743036e-07,0.0012105340484921793,0.0
8000000.0,0.002000000000006631,,0.025634261457078256,0.05365521959837213,0.008581119922791158,0.02230311771684281,0.0006626327139961918,0.0,-1.3145745515069424e-06,0.0006431569174609748,0.0
8000000.0,0.002000000000006631,,0.0367421244755721,0.0717711160022676,0.009996289219699375,0.014619964515202815,0.0009300174251971589,0.0,-3.007265058069699e-06,0.0004510813478188715,0.0
8000000.0,0.002000000000006631,,0.04833588103373401,0.0815889819167559,0.010907455414767134,0.010939684035890546,0.0011889164132828935,0.0,-5.479620281473036e-06,0.0003650901104867531,0.0
8000000.0,0.002000000000006631,,0.06040337088192818,0.08567314478702934,0.011482231805945603,0.009249950571980773,0.0014374231891676424,0.0,-8.675075073764475e-06,0.00031017270069656815,0.0
8000000.0,0.002000000000006631,,0.07293193688971603,0.08727279425054976,0.011813894676292257,0.008367882933761521,0.0016794699886383984,0.0,-1.2456574091544432e-05,0.0002671991966621178,0.0
8000000.0,0.002000000000006631,,0.08590843832143788,0.0877476214884983,0.011956249931902918,0.007823766154769301,0.0019235809666958478,0.0,-1.662695871359114e-05,0.00022974086329445953,0.0
8000000.0,0.002000000000006631,,0.09931926461903035,0.0869759062769765,0.011944875779157569,0.007437310346362121,0.0021780784538993807,0.0,-2.0954057005774466e-05,0.0001941532216243334,0.0
8000000.0,0.002000000000006631,,0.11315034967762214,0.08456901461853096,0.01181292411422247,0.0069885363801406595,0.0024456654872396302,0.0,-2.521640505347235e-05,0.00016010837240784036,0.0
8000000.0,0.002000000000006631,,0.1273871865989355,0.08047409720756267,0.011601360943797337,0.0063376247479429325,0.0027198381100290666,0.0,-2.9224474172793898e-05,0.00013017483030790906,0.0
8000000.0,0.002000000000006631,,0.14201484290701943,0.07529989659545494,0.01136137719162038,0.005505816482625043,0.0029869144057548904,0.0,-3.286932221767466e-05,0.0001062405700583283,0.0
8000000.0,0.002000000000006631,,0.15701797621035488,0.07039159552913705,0.011150005637381307,0.004618872210947295,0.0032292678989820707,0.0,-3.610009534975081e-05,8.851387406319003e-05,0.0
8000000.0,0.002000000000006631,,0.17238085029390485,0.06672770597123187,0.011015807332554457,0.003873626558869164,0.003431365667988532,0.0,-3.894845290175279e-05,7.615372924323867e-05,0.0
8000000.0,0.002000000000006631,,0.1880873516242307,0.06465512665506207,0.010982203683368169,0.003336454429403478,0.0035837758624850348,0.0,-4.146598175437019e-05,6.860188080486763e-05,0.0
8000000.0,0.002000000000006631,,0.20412100625036386,0.06419274032061592,0.011040869379127795,0.003005760006958828,0.0036857154770992477,0.0,-4.3747580184526954e-05,6.539312746724579e-05,0.0
8000000.0,0.002000000000006631,,0.22046499708270553,0.06511344320746883,0.011162350475462587,0.0028218811861551183,0.0037402627351296684,0.0,-4.5794454180565026e-05,6.56894670710163e-05,0.0
8000000.0,0.002000000000006631,,0.23710218153183107,0.06698604914515623,0.011312213943502247,0.0027279494120928953,0.0037577633921396215,0.0,-4.772223698050647e-05,6.813003354039678e-05,0.0
8000000.0,0.002000000000006631,,0.25401510948869915,0.06928098853384017,0.011461648579760028,0.002697064588097637,0.0037484592617301232,0.0,-4.9458640752150496e-05,7.132552713461524e-05,0.0
8000000.0,0.002000000000006631,,0.27118604162740667,0.07152161027996645,0.011591450904540128,0.0027019241588090177,0.003650157142223793,0.0,-4.885549760312826e-05,7.43443980518805e-05,0.0
8000000.0,0.002000000000006631,,0.2885969680112919,0.0733780652112668,0.011691780897668402,0.0027074183519086217,0.0034691559111329068,0.0,-4.430165650490581e-05,7.678313192486903e-05,0.0
8000000.0,0.002000000000006631,,0.306229626982871,0.07468284935841996,0.011760347383892696,0.0026945686171390942,0.0033248323501422062,0.0,-3.581124008775208e-05,7.857796688976829e-05,0.0
8000000.0,0.002000000000006631,,0.32406552431779473,0.07539232290228944,0.011800418951009296,0.0026611437392460775,0.0033258878406136833,0.0,-2.3763734357147346e-05,7.982742236874952e-05,0.0
8000000.0,0.002000000000006631,,0.3420859526227361,0.07555837615260429,0.011818744455498832,0.002610391892876538,0.0035528581967708985,0.0,-8.564491246014539e-06,8.070247723590187e-05,0.0
8000000.0,0.002000000000006631,,0.3602720109568628,0.0752892482218697,0.011823502330791352,0.0025618488371335693,0.004030924573228441,0.0,9.258140632152515e-06,8.138211671795442e-05,0.0
8000000.0,0.002000000000006631,,0.3786046246563139,0.07469364650598752,0.011822527131333287,0.0025367973637478156,0.004749407473857649,0.0,2.924573764320867e-05,8.205591341219661e-05,0.0
8000000.0,0.002000000000006631,,0.397064565340888,0.07386607695680307,0.011821723407265528,0.002541282737782968,0.0056520504202890115,0.0,5.044912766108386e-05,8.291944484155703e-05,0.0
8000000.0,0.002000000000006631,,0.4156324710819595,0.07288169940830518,0.011823861559689713,0.0025670043656957887,0.006673852404963343,0.0,7.246684851144066e-05,8.414161026173013e-05,0.0
8000000.0,0.002000000000006631,,0.43428886671046696,0.07180029017446872,0.011828494939689209,0.0026148854614841807,0.0077779853302173425,0.0,9.54356351426472e-05,8.580295473372855e-05,0.0
8000000.0,0.002000000000006631,,0.45301418424367706,0.07065838142356619,0.011832859041576202,0.002696924274060753,0.00892156743334456,0.0,0.00011884184586614686,8.788441898596946e-05,0.0
8000000.0,0.002000000000006631,,0.4717887834092959,0.06947191130087146,0.011833398873551374,0.0028062129685633487,0.010090357314516811,0.0,0.00014270089072734588,9.031250638988738e-05,0.0
8000000.0,0.002000000000006631,,0.49059297224540244,0.0682354871712233,0.011827131412730023,0.002928367766591756,0.011260599932225394,0.0,0.00016663298960321025,9.297759983834184e-05,0.0
8000000.0,0.002000000000006631,,0.5094070277545975,0.06694591465017175,0.011811654493688026,0.003065037937537112,0.01243876072716204,0.0,0.0001909476388093396,9.581055031707822e-05,0.0
8000000.0,0.002000000000006631,,0.528211216590704,0.06559456791271431,0.011784726623352344,0.0032191823765906863,0.013621078827451089,0.0,0.00021540709617131292,9.88221570408372e-05,0.0
8000000.0,0.002000000000006631,,0.5469858157563228,0.06417676542420045,0.01174475593992595,0.003396890638234494,0.014802091566428527,0.0,0.00023978122375248255,0.00010203791752131233,0.0
8000000.0,0.002000000000006631,,0.5657111332895329,0.06274901264348877,0.011690816268136216,0.0036183663342131997,0.015988621817853335,0.0,0.000264040301020048,0.0001054631178674642,0.0
8000000.0,0.002000000000006631,,0.5843675289180406,0.06131603281943978,0.011622769726659026,0.0038854885700623956,0.017159409736031587,0.0,0.00028792578601005003,0.0001089996912144475,0.0
8000000.0,0.002000000000006631,,0.6029354346591118,0.05993665246387392,0.011542714548841461,0.0041549168515145115,0.018325811492738566,0.0,0.0003116230596139582,0.00011266391451913105,0.0
8000000.0,0.002000000000006631,,0.621395375343686,0.058672073724901116,0.01145066917732644,0.004457992423398048,0.019503574091541572,0.0,0.00033517448193590713,0.0001164105160102431,0.0
8000000.0,0.002000000000006631,,0.6397279890431371,0.05737225447497288,0.011345985624766058,0.004755754289937657,0.020660442035638465,0.0,0.0003583750032645717,0.00012015017694881323,0.0
8000000.0,0.002000000000006631,,0.6579140473772638,0.05607096417027512,0.011231286331438724,0.005026574302620333,0.021807725944373718,0.0,0.0003814430201882904,0.0001238959206667139,0.0
8000000.0,0.002000000000006631,,0.6759344756822052,0.054839986955296426,0.011106419412462126,0.005301270610587479,0.02293842924288355,0.0,0.0004040839396056967,0.0001277059331236442,0.0
8000000.0,0.002000000000006631,,0.6937703730171288,0.05354376318494277,0.010971237704745503,0.005596203788054251,0.024048585347465724,0.0,0.0004260264678202424,0.00013150769396108039,0.0
8000000.0,0.002000000000006631,,0.7114030319887079,0.052758025970069344,0.010826184056559229,0.005853866387911706,0.02517602875465342,0.0,0.00044772490013429895,0.00013541150232695807,0.0
8000000.0,0.002000000000006631,,0.7288139583725932,0.05208167920430803,0.010668119094719696,0.006104244634781122,0.026304007885351987,0.0,0.0004692135038627404,0.00013957773849003087,0.0
8000000.0,0.002000000000006631,,0.7459848905113007,0.05119059645511349,0.010493801565638323,0.0063608224403477985,0.027430109040322,0.0,0.000490300218071227,0.00014392363677831601,0.0
8000000.0,0.002000000000006631,,0.762897818468169,0.05024670963022231,0.010307277133407875,0.006577378084103609,0.02860919999879962,0.0,0.0005115904490777078,0.00014808209259014113,0.0
8000000.0,0.002000000000006631,,0.7795350029172945,0.04930009155815879,0.010109558583614254,0.00679211098414967,0.029816585653906456,0.0,0.0005334402919123624,0.00015225668772191994,0.0
8000000.0,0.002000000000006631,,0.7958789937496361,0.04846259384620126,0.009900333781663119,0.007046212766252067,0.031006758980659136,0.0,0.0005555116000663416,0.00015684043152746206,0.0
8000000.0,0.002000000000006631,,0.8119126483757694,0.0478731557875971,0.00967906774238399,0.007308552724018439,0.03222927882446283,0.0,0.000578134617833915,0.00016240452698687997,0.0
8000000.0,0.002000000000006631,,0.8276191497060952,0.04720887226299899,0.009443595146804587,0.007589546229699525,0.03349205814612736,0.0,0.0006017010348483519,0.00016944595681400447,0.0
8000000.0,0.002000000000006631,,0.842982023789645,0.04689139679924504,0.009197059993918191,0.007945846297030075,0.03480438936610365,0.0,0.0006265908533591179,0.00017816110726380537,0.0
8000000.0,0.002000000000006631,,0.8579851570929806,0.04671451203109535,0.008950670395925129,0.008250314816784059,0.036167552649146686,0.0,0.0006521381976902916,0.00019014532636957098,0.0
8000000.0,0.002000000000006631,,0.8726128134010644,0.04592716636746468,0.008723337388616683,0.008560920650520394,0.03754853952211913,0.0,0.0006766043822878727,0.00020658078821956432,0.0
8000000.0,0.002000000000006631,,0.8868496503223778,0.045282426184115515,0.00854892952792677,0.008907102581105594,0.03897924748657688,0.0,0.000699141449408871,0.00023024847269417778,0.0
8000000.0,0.002000000000006631,,0.9006807353809696,0.04505171111716766,0.008485441010071195,0.00929575056163709,0.04051066376858937,0.0,0.0007180958662352468,0.0002642212122706123,0.0
8000000.0,0.002000000000006631,,0.9140915616785621,0.0452317416813645,0.008616387272674329,0.00974003036638919,0.04217880500652082,0.0,0.0007295191904180831,0.0003102526749730819,0.0
8000000.0,0.002000000000006631,,0.927068063110284,0.04578498795319962,0.00903082169974429,0.010210365043577443,0.04394998670606372,0.0,0.0007288523997808559,0.0003686123904086141,0.0
8000000.0,0.002000000000006631,,0.9395966291180717,0.048277706981103084,0.009777191883667663,0.010586479988891149,0.04571624360812254,0.0,0.0007110389719027276,0.0004359429927473158,0.0
8000000.0,0.002000000000006631,,0.9516641189662659,0.052748121854432,0.010829592240944779,0.010863958524635519,0.047141352450263976,0.0,0.0006672438331848721,0.0004996992340209017,0.0
8000000.0,0.002000000000006631,,0.9632578755244279,0.05849192469693723,0.012078656950392478,0.0113337383416178,0.04742542877771532,0.0,0.0005846796348487533,0.0005373287924570416,0.0
8000000.0,0.002000000000006631,,0.9743657385429216,0.0646604694746653,0.013347608115330478,0.012393300452117305,0.04480624983022153,0.0,0.0004465494281198321,0.000525161126536378,0.0
8000000.0,0.002000000000006631,,0.9849760574073374,0.06723741178580747,0.014422283529559769,0.01463226932801702,0.03554605612052241,0.0,0.00024147855172571177,0.0004434516731425751,0.0
8000000.0,0.002000000000006631,,0.995077703358376,0.06328808227121764,0.0150660576631181,0.017226283416081355,0.014391523454028629,0.0,3.5454747760148034e-05,0.0003924512698704981,0.0
8000000.0,0.003000000000000819,,0.004922296641623997,0.003350698287008988,0.0016680843509831007,0.030012384043349785,0.00014768413862456046,0.0,-1.412875604498092e-08,0.0023135181502843506,0.0
8000000.0,0.003000000000000819,,0.01502394259266257,0.014112514473681542,0.0040181504541854955,0.0255717925253862,0.00044968318859650553,0.0,-1.7868756331087212e-07,0.0012081508018486167,0.0
8000000.0,0.003000000000000819,,0.025634261457078256,0.02619147247836849,0.005649402997960593,0.019489547748783496,0.0007627359756793899,0.0,-6.752706965824881e-07,0.0006317518803380575,0.0
8000000.0,0.003000000000000819,,0.0367421244755721,0.03609505145131238,0.006767412217291391,0.01327263460591984,0.0010803885683637452,0.0,-1.6185180411430096e-06,0.0003986104825538752,0.0
8000000.0,0.003000000000000819,,0.04833588103373401,0.042919846109456775,0.007532522863660029,0.00941872112078202,0.0013944851665197294,0.0,-3.070720466704843e-06,0.00030026740976737113,0.0
8000000.0,0.003000000000000819,,0.06040337088192818,0.04721790165473578,0.008053893106824401,0.007243544746853806,0.001696556650677468,0.0,-5.044895317565034e-06,0.00024997134484274007,0.0
8000000.0,0.003000000000000819,,0.07293193688971603,0.04998507011431965,0.008402338245965152,0.00614294154871368,0.0019791583859618727,0.0,-7.505103269754951e-06,0.00021638839913449412,0.0
8000000.0,0.003000000000000819,,0.08590843832143788,0.05204522109571309,0.008623804446557273,0.005680523387113618,0.002237338057987216,0.0,-1.037243971588719e-05,0.00018942751510301478,0.0
8000000.0,0.003000000000000819,,0.09931926461903035,0.053719211039516636,0.008747997230843945,0.005528728136530349,0.0024696980466374896,0.0,-1.3534460572596364e-05,0.00016600677235730413,0.0
8000000.0,0.003000000000000819,,0.11315034967762214,0.054843715776706256,0.008795118557739507,0.0055421584327773965,0.00267863655020895,0.0,-1.686412725737793e-05,0.00014449479541340742,0.0
8000000.0,0.003000000000000819,,0.1273871865989355,0.05512332933354754,0.008780880076758224,0.005516748601701399,0.002869172933988948,0.0,-2.0231337641545585e-05,0.00012453599163931027,0.0
8000000.0,0.003000000000000819,,0.14201484290701943,0.054828751452196615,0.008718066552166349,0.005259688676600405,0.0030463339039459585,0.0,-2.351402478966297e-05,0.00010696960620727834,0.0
8000000.0,0.003000000000000819,,0.15701797621035488,0.05361088746691258,0.008618225565806131,0.00491665202119293,0.003212531468316523,0.0,-2.6596364570526177e-05,9.18181102270699e-05,0.0
8000000.0,0.003000000000000819,,0.17238085029390485,0.051850608345444485,0.008494701725868432,0.004530024441208196,0.0033668890781410918,0.0,-2.941105909834256e-05,7.905377316895956e-05,0.0
8000000.0,0.003000000000000819,,0.1880873516242307,0.050004363460209866,0.008363243288826167,0.004074397545897259,0.0035056148619995093,0.0,-3.192805765644993e-05,6.876711402353812e-05,0.0
8000000.0,0.003000000000000819,,0.20412100625036386,0.04813279309724354,0.008241848140762948,0.0036244436460707912,0.0036234992988057025,0.0,-3.4112968654206774e-05,6.0527888527811174e-05,0.0
8000000.0,0.003000000000000819,,0.22046499708270553,0.04640754321095268,0.008147188022951491,0.003232287494618268,0.0037166685302963765,0.0,-3.598334523352908e-05,5.390304774571123e-05,0.0
8000000.0,0.003000000000000819,,0.23710218153183107,0.045028980980002284,0.008090643009284448,0.0028853467927750934,0.003780052433405816,0.0,-3.748649785504882e-05,4.883667044453391e-05,0.0
8000000.0,0.003000000000000819,,0.25401510948869915,0.0441371151662867,0.008076108124769091,0.002582531558756945,0.0038164543784079377,0.0,-3.8701466519565946e-05,4.5278199819339503e-05,0.0
8000000.0,0.003000000000000819,,0.27118604162740667,0.04362163290688159,0.008100590818309257,0.0023425914076082256,0.0037943244021799182,0.0,-3.88090373772438e-05,4.293778373349956e-05,0.0
8000000.0,0.003000000000000819,,0.2885969680112919,0.04330604350151417,0.008156525595304134,0.0021695778339679284,0.003701322559857415,0.0,-3.627725408598711e-05,4.163954919616318e-05,0.0
8000000.0,0.003000000000000819,,0.306229626982871,0.043113004114524255,0.00823366104938652,0.002042051470211578,0.003645484138426381,0.0,-3.0019230119868875e-05,4.1353264769106876e-05,0.0
8000000.0,0.003000000000000819,,0.32406552431779473,0.043042806141635435,0.008320901569874162,0.0019536963038974237,0.0038103778307310276,0.0,-2.0422073389749957e-05,4.195721114037732e-05,0.0
8000000.0,0.003000000000000819,,0.3420859526227361,0.04309138176935932,0.008408075782389892,0.0019075392313247744,0.004284736530711995,0.0,-8.133540484034793e-06,4.325322015602192e-05,0.0
8000000.0,0.003000000000000819,,0.3602720109568628,0.043243956475694324,0.008487136751805695,0.0019052955711456856,0.005035127259026704,0.0,6.47566115831115e-06,4.5046328701666304e-05,0.0
8000000.0,0.003000000000000819,,0.3786046246563139,0.04346130075142222,0.008552613277082104,0.0019440901224751614,0.005980567281068836,0.0,2.281955627373164e-05,4.718948182803422e-05,0.0
8000000.0,0.003000000000000819,,0.397064565340888,0.04370640792743599,0.008601602924271218,0.0020164840633114245,0.007066464840370642,0.0,4.0750141523422485e-05,4.958778900085262e-05,0.0
8000000.0,0.003000000000000819,,0.4156324710819595,0.04395566316593421,0.008633170642275452,0.0021206369080431675,0.008231879705569647,0.0,5.9755763452130744e-05,5.2190670839631295e-05,0.0
8000000.0,0.003000000000000819,,0.43428886671046696,0.04416915960121333,0.008647419482947902,0.002232626412682122,0.00945151540978446,0.0,7.972539904271707e-05,5.499636918553484e-05,0.0
8000000.0,0.003000000000000819,,0.45301418424367706,0.044304439552683685,0.008645436008542038,0.0023452780525421144,0.010710214714520678,0.0,0.00010047115863536642,5.792245501425148e-05,0.0
8000000.0,0.003000000000000819,,0.4717887834092959,0.04434092266063872,0.008629210242602086,0.002465525237929429,0.01197916294593967,0.0,0.00012142865520743611,6.08367753677349e-05,0.0
8000000.0,0.003000000000000819,,0.49059297224540244,0.04429246938045974,0.008600546724880177,0.0025794762003582385,0.01325841191768158,0.0,0.00014276254294774587,6.372822268768106e-05,0.0
8000000.0,0.003000000000000819,,0.5094070277545975,0.044192445200521284,0.008560994647241709,0.002701879565937914,0.014536781758900665,0.0,0.0001640513015011379,6.660359634499055e-05,0.0
8000000.0,0.003000000000000819,,0.528211216590704,0.04408359398426694,0.008511544367866296,0.0028364784572660934,0.015804075915486656,0.0,0.00018503883011668297,6.949821089872432e-05,0.0
8000000.0,0.003000000000000819,,0.5469858157563228,0.043992768743127464,0.008453299881883307,0.002989798222762852,0.017060727763525838,0.0,0.00020572382392605658,7.22872422263273e-05,0.0
8000000.0,0.003000000000000819,,0.5657111332895329,0.043943685912557956,0.008388824684275294,0.003155296251481981,0.01829983162978267,0.0,0.00022588999846090925,7.495381755262492e-05,0.0
8000000.0,0.003000000000000819,,0.5843675289180406,0.043859361827493455,0.008319029187183751,0.003335149126618106,0.01952456010342941,0.0,0.00024563761946483077,7.778175192233172e-05,0.0
8000000.0,0.003000000000000819,,0.6029354346591118,0.043719096259367034,0.008243379070861732,0.003529720483811508,0.020737518403150263,0.0,0.0002651157906387772,8.108367672674929e-05,0.0
8000000.0,0.003000000000000819,,0.621395375343686,0.043704356216700734,0.008161462868522805,0.003759403452254024,0.021922105843623103,0.0,0.00028428111173737597,8.457280320741409e-05,0.0
8000000.0,0.003000000000000819,,0.6397279890431371,0.043697072526828286,0.00807360727656444,0.0039707889729046165,0.023054721306561294,0.0,0.0003031666754419134,8.792042718766903e-05,0.0
8000000.0,0.003000000000000819,,0.6579140473772638,0.04370644277052076,0.007981519565160767,0.004149957390650893,0.024163465093421238,0.0,0.00032194899764749724,9.130510770979207e-05,0.0
8000000.0,0.003000000000000819,,0.6759344756822052,0.043795860730288454,0.007885148272712857,0.004389712653142278,0.02524240610554787,0.0,0.00034051851858002543,9.484369632726027e-05,0.0
8000000.0,0.003000000000000819,,0.6937703730171288,0.04394135308971721,0.007784322090103932,0.004675900131005477,0.026288567170763576,0.0,0.0003590535544676952,9.868313624159325e-05,0.0
8000000.0,0.003000000000000819,,0.7114030319887079,0.044001288921887614,0.007679279170386981,0.004920152382409797,0.02733260490256175,0.0,0.0003778218548157384,0.00010288144517372824,0.0
8000000.0,0.003000000000000819,,0.7288139583725932,0.044300598997530395,0.007570092876860798,0.005179268053969512,0.0283771542179943,0.0,0.00039676497158710973,0.00010704015481569857,0.0
8000000.0,0.003000000000000819,,0.7459848905113007,0.04476923042678819,0.0074551975263799355,0.005442769423456863,0.029411377340588563,0.0,0.0004160547867240445,0.00011155864864102447,0.0
8000000.0,0.003000000000000819,,0.762897818468169,0.04520453502712531,0.007331152821678278,0.0057050292044098375,0.03044204157489168,0.0,0.0004356281631703223,0.00011677969147899036,0.0
8000000.0,0.003000000000000819,,0.7795350029172945,0.04590260769782511,0.007195499091254742,0.005939633311479399,0.03147482077842715,0.0,0.0004549337192799366,0.00012346247347676405,0.0
8000000.0,0.003000000000000819,,0.7958789937496361,0.04675367028312831,0.007048932118228029,0.0062346896491548565,0.03254209662644429,0.0,0.00047453456222111903,0.00013179153707674107,0.0
8000000.0,0.003000000000000819,,0.8119126483757694,0.04775644794312443,0.006894346382317801,0.006613858278584624,0.03360172956337628,0.0,0.0004941436437579094,0.00014155185335232775,0.0
8000000.0,0.003000000000000819,,0.8276191497060952,0.04898605485533704,0.006737132427388461,0.006934882056583095,0.03461549726384545,0.0,0.0005134659983176449,0.0001535057511621971,0.0
8000000.0,0.003000000000000819,,0.842982023789645,0.05030601555864821,0.00658561185200761,0.007268795526153813,0.03564074321157136,0.0,0.0005325288145663528,0.00016846997071412941,0.0
8000000.0,0.003000000000000819,,0.8579851570929806,0.0511848888756447,0.006455176150045304,0.007615804274252099,0.03672991446214096,0.0,0.0005509047934660013,0.0001879515497824651,0.0
8000000.0,0.003000000000000819,,0.8726128134010644,0.051780489741064424,0.006373637031087974,0.007896064352471649,0.03790964245934972,0.0,0.0005682623949232788,0.00021419432737146513,0.0
8000000.0,0.003000000000000819,,0.8868496503223778,0.05222636184103384,0.006382024936771021,0.008244597886395918,0.03921455436628871,0.0,0.0005838525957457348,0.00024822302933220176,0.0
8000000.0,0.003000000000000819,,0.9006807353809696,0.0528128177332416,0.006528081545501615,0.008683610570110278,0.04064806010216705,0.0,0.0005957540634521201,0.00029160775471791223,0.0
8000000.0,0.003000000000000819,,0.9140915616785621,0.054378757122731325,0.006852740154725699,0.009156399351040016,0.04219356704403829,0.0,0.0006019907311694971,0.0003450746997610557,0.0
8000000.0,0.003000000000000819,,0.927068063110284,0.057486908205042216,0.007374037311228832,0.009548622130153535,0.04379103172129462,0.0,0.0005997336563476614,0.0004070953982651602,0.0
8000000.0,0.003000000000000819,,0.9395966291180717,0.06216096137073818,0.008078192722641738,0.009849546653106112,0.04530596591608324,0.0,0.000584427600191059,0.00047004123295789536,0.0
8000000.0,0.003000000000000819,,0.9516641189662659,0.06820270053368893,0.008916076758847943,0.01015874588464912,0.04641226309001323,0.0,0.0005489397471544447,0.00051899569510463,0.0
8000000.0,0.003000000000000819,,0.9632578755244279,0.07457080815519224,0.009806566428223033,0.010749975635473995,0.04631441125290944,0.0,0.0004816918048927099,0.000535452032193534,0.0
8000000.0,0.003000000000000819,,0.9743657385429216,0.07963228024106088,0.010645296349972916,0.011744906055476319,0.043332134551898584,0.0,0.0003682638988126262,0.000505183903885908,0.0
8000000.0,0.003000000000000819,,0.9849760574073374,0.08074298228713976,0.011319133666718755,0.013790937831542312,0.03395838298412608,0.0,0.0001982148522992771,0.0004118448775266803,0.0
8000000.0,0.003000000000000819,,0.995077703358376,0.077935439454797,0.011708091243804524,0.016333024389701023,0.013572291123948258,0.0,2.8758623546555127e-05,0.0003452494901809892,0.0
8000000.0,0.004999999999999675,,0.004922296641623997,0.002175513182512167,0.0007623761176035514,0.021263393751357638,0.00012159953307132687,0.0,-5.57145931067759e-09,0.0013891760411222206,0.0
8000000.0,0.004999999999999675,,0.01502394259266257,0.00927242977302965,0.0018722021845990577,0.018268613802754123,0.00037072584974695355,0.0,-7.292699238120168e-08,0.0007627973238683179,0.0
8000000.0,0.004999999999999675,,0.025634261457078256,0.01819849888770191,0.002674176527300464,0.014104608309023369,0.0006302590228537934,0.0,-2.861570190582713e-07,0.00041318128046413384,0.0
8000000.0,0.004999999999999675,,0.0367421244755721,0.02693512223511531,0.003250947883020585,0.009720607926489514,0.0008959455882547482,0.0,-7.125114625632647e-07,0.0002599319901381653,0.0
8000000.0,0.004999999999999675,,0.04833588103373401,0.03449535580032905,0.0036697433647003923,0.006876958956805943,0.0011616983566327054,0.0,-1.4029050474066346e-06,0.00019139288626972176,0.0
8000000.0,0.004999999999999675,,0.06040337088192818,0.04056410054762647,0.003977682814766449,0.005182190600350814,0.0014207820051486142,0.0,-2.389080274841811e-06,0.0001566840122831058,0.0
8000000.0,0.004999999999999675,,0.07293193688971603,0.04529321628533882,0.004205973082469186,0.004255789621377333,0.0016684739184496312,0.0,-3.6751718525540925e-06,0.0001354456792912223,0.0
8000000.0,0.004999999999999675,,0.08590843832143788,0.049072846259282106,0.004375094599435953,0.0038217700857229122,0.0019019296582201502,0.0,-5.257149032166418e-06,0.00012005285037896484,0.0
8000000.0,0.004999999999999675,,0.09931926461903035,0.0522015663496798,0.004498615132328471,0.003671617078410865,0.0021080958610643756,0.0,-7.084917882464694e-06,0.00010793532158311775,0.0
8000000.0,0.004999999999999675,,0.11315034967762214,0.0549596357436718,0.004586103898000026,0.003681816745265479,0.0022985583360836236,0.0,-9.152456444766452e-06,9.829303994352252e-05,0.0
8000000.0,0.004999999999999675,,0.1273871865989355,0.057498043130236674,0.004644294668860509,0.0037589631544246538,0.0024744226746145313,0.0,-1.1425684986702932e-05,9.072824199165434e-05,0.0
8000000.0,0.004999999999999675,,0.14201484290701943,0.05971447957812714,0.004678099859691814,0.003865418877161012,0.0026170083417120646,0.0,-1.37815078863474e-05,8.473515161698253e-05,0.0
8000000.0,0.004999999999999675,,0.15701797621035488,0.06166145681324152,0.004691765291971774,0.003955713357398696,0.0027376953477910313,0.0,-1.6215318498435247e-05,7.985285971184034e-05,0.0
8000000.0,0.004999999999999675,,0.17238085029390485,0.06279634722604198,0.004688236731318724,0.003991295903513003,0.002849697173374307,0.0,-1.8461620757867572e-05,7.566548006131465e-05,0.0
8000000.0,0.004999999999999675,,0.1880873516242307,0.06321047251092088,0.0046708821083566035,0.003976507318418496,0.0029504297109010035,0.0,-2.075087812991541e-05,7.180557912887603e-05,0.0
8000000.0,0.004999999999999675,,0.20412100625036386,0.06300989792735924,0.004642244211128997,0.003841763584300626,0.0030474339173253494,0.0,-2.2819171712122253e-05,6.851088980945781e-05,0.0
8000000.0,0.004999999999999675,,0.22046499708270553,0.06195042066622598,0.004605770811877004,0.003669245515000472,0.0031479849805066996,0.0,-2.4959987669907322e-05,6.534947781332649e-05,0.0
8000000.0,0.004999999999999675,,0.23710218153183107,0.06047116401787441,0.004565402659823064,0.0035216789530140243,0.003254006420123352,0.0,-2.644161788160192e-05,6.193672951428074e-05,0.0
8000000.0,0.004999999999999675,,0.25401510948869915,0.058954618593530794,0.0045252923299182865,0.003373045667630881,0.003382214914547951,0.0,-2.7848841971900673e-05,5.848997018655411e-05,0.0
8000000.0,0.004999999999999675,,0.27118604162740667,0.05745088798450081,0.004489238113204744,0.003196640569317607,0.0035275065101706238,0.0,-2.7439194511663096e-05,5.5277272782117525e-05,0.0
8000000.0,0.004999999999999675,,0.2885969680112919,0.055861109236661786,0.004460010501892332,0.0029982137204578054,0.0037314847530204908,0.0,-2.5611855204355336e-05,5.236688164866652e-05,0.0
8000000.0,0.004999999999999675,,0.306229626982871,0.05412412018343682,0.004439877589135973,0.0027643253649821016,0.00402452921537166,0.0,-2.1680439997063492e-05,4.993507429320463e-05,0.0
8000000.0,0.004999999999999675,,0.32406552431779473,0.05228243858113826,0.004429703329701117,0.0025622413371084955,0.004440860004212016,0.0,-1.477711782527367e-05,4.7933947064109234e-05,0.0
8000000.0,0.004999999999999675,,0.3420859526227361,0.050477578996261624,0.0044289895036538195,0.002424428934936024,0.004988474781100542,0.0,-5.173942163870242e-06,4.65063341651629e-05,0.0
8000000.0,0.004999999999999675,,0.3602720109568628,0.048721750794848695,0.004436731231409698,0.0023061825029533013,0.0056369976751140536,0.0,6.372842466558418e-06,4.577940600440945e-05,0.0
8000000.0,0.004999999999999675,,0.3786046246563139,0.0471009073530135,0.004451559098927575,0.002218771624535126,0.006368906847804426,0.0,1.9756470938179626e-05,4.555790367783927e-05,0.0
8000000.0,0.004999999999999675,,0.397064565340888,0.045473268924598576,0.004471778249486897,0.002177216025676804,0.007157550826999843,0.0,3.461095940896142e-05,4.58448026818059e-05,0.0
8000000.0,0.004999999999999675,,0.4156324710819595,0.04394464617837435,0.00449472869896818,0.002240165041946087,0.007965822507337156,0.0,5.040016269070353e-05,4.6612749976313915e-05,0.0
8000000.0,0.004999999999999675,,0.43428886671046696,0.043099478869607376,0.004517305587055801,0.002326887951112109,0.008785167897609258,0.0,6.673498867080073e-05,4.761256436680782e-05,0.0
8000000.0,0.004999999999999675,,0.45301418424367706,0.042542675215838065,0.0045375488531512334,0.0023697238346128795,0.00962651228658529,0.0,8.39326732064536e-05,4.8780724341856864e-05,0.0
8000000.0,0.004999999999999675,,0.4717887834092959,0.04176469197220999,0.004553777744515383,0.002423745926220626,0.010490371611649603,0.0,0.0001013672445845187,5.012994841957339e-05,0.0
8000000.0,0.004999999999999675,,0.49059297224540244,0.04121247773201445,0.004564568968027239,0.002400958303761894,0.01137619174590356,0.0,0.00011931264066045974,5.179535149435047e-05,0.0
8000000.0,0.004999999999999675,,0.5094070277545975,0.04065978157404265,0.004569326311828724,0.0024362152531798424,0.012261343024490473,0.0,0.00013711815900539052,5.3654833930105565e-05,0.0
8000000.0,0.004999999999999675,,0.528211216590704,0.040351272591445615,0.004567879843483337,0.00250881981130113,0.013158648627942034,0.0,0.00015513362592245965,5.5665857847063265e-05,0.0
8000000.0,0.004999999999999675,,0.5469858157563228,0.04021769272436954,0.004559834455282515,0.0026192147056706113,0.014069340015397258,0.0,0.00017339709006249305,5.783076747185926e-05,0.0
8000000.0,0.004999999999999675,,0.5657111332895329,0.040157740385860924,0.0045447474501860916,0.0027619218641616564,0.014966374512587744,0.0,0.000191405694104279,6.019798133458869e-05,0.0
8000000.0,0.004999999999999675,,0.5843675289180406,0.04038295763200386,0.004522785999590472,0.002915735946193606,0.01586474700442697,0.0,0.00020957798758845678,6.28338558063567e-05,0.0
8000000.0,0.004999999999999675,,0.6029354346591118,0.040683130088381626,0.004494623688687245,0.0030763921509004725,0.016759592045191535,0.0,0.00022767897407753292,6.57578961797034e-05,0.0
8000000.0,0.004999999999999675,,0.621395375343686,0.040830096028580384,0.004460245501939033,0.003249456391338094,0.01768019300306003,0.0,0.00024567382146063196,6.896641217587781e-05,0.0
8000000.0,0.004999999999999675,,0.6397279890431371,0.0408561460360436,0.004419876421342525,0.0034510865376248053,0.01861054247112257,0.0,0.00026331328391935725,7.222208317376379e-05,0.0
8000000.0,0.004999999999999675,,0.6579140473772638,0.04113876209008548,0.00437454480724724,0.003691398638415678,0.019553282671713818,0.0,0.0002812901072105661,7.559970790464653e-05,0.0
8000000.0,0.004999999999999675,,0.6759344756822052,0.04181748899318161,0.004324989423957275,0.003911461354737101,0.02048847385464479,0.0,0.00029889600671896533,7.955934592085865e-05,0.0
8000000.0,0.004999999999999675,,0.6937703730171288,0.04248897671779057,0.004272714047423696,0.004152484334607588,0.021451154492187673,0.0,0.00031644062823170995,8.356766586267875e-05,0.0
8000000.0,0.004999999999999675,,0.7114030319887079,0.04314173696748302,0.0042191929835333295,0.004364456922440971,0.02240493784554329,0.0,0.0003335644774798476,8.774972982897089e-05,0.0
8000000.0,0.004999999999999675,,0.7288139583725932,0.04381587860668897,0.004164819847080477,0.004635641230395393,0.023354517726311873,0.0,0.00035028423646841166,9.217168542755706e-05,0.0
8000000.0,0.004999999999999675,,0.7459848905113007,0.04521597737568316,0.004108207373634071,0.004970349301409991,0.024317283912302437,0.0,0.00036749537677342205,9.672339932352821e-05,0.0
8000000.0,0.004999999999999675,,0.762897818468169,0.046551285968886996,0.004048123236498742,0.005265129292561593,0.02527117054863182,0.0,0.0003845387556984749,0.00010157468885563901,0.0
8000000.0,0.004999999999999675,,0.7795350029172945,0.04702574645637713,0.003985570578980854,0.005495284880190329,0.02625581251867363,0.0,0.0004010981813061696,0.00010721620712951976,0.0
8000000.0,0.004999999999999675,,0.7958789937496361,0.047572089779929584,0.003921700088885445,0.005685955513721418,0.02727876269069617,0.0,0.00041829002561786697,0.00011469534320574086,0.0
8000000.0,0.004999999999999675,,0.8119126483757694,0.04828898427926991,0.0038588040722609546,0.005926244757250978,0.028393592478288498,0.0,0.0004352752354622317,0.00012436078792253693,0.0
8000000.0,0.004999999999999675,,0.8276191497060952,0.04845923267468343,0.003801526207212941,0.006171804927966542,0.02956275158680732,0.0,0.0004513877845761222,0.00013671064584154456,0.0
8000000.0,0.004999999999999675,,0.842982023789645,0.04840916287205297,0.0037582258127367286,0.0064570507843646294,0.030825256114170828,0.0,0.000467641039970036,0.00015371156939196837,0.0
8000000.0,0.004999999999999675,,0.8579851570929806,0.04882342804323766,0.003742699610333147,0.006781592587662716,0.03221104683953773,0.0,0.0004834136074856175,0.0001780683400431547,0.0
8000000.0,0.004999999999999675,,0.8726128134010644,0.049876640542334406,0.0037744364780204526,0.007140165625080418,0.03370526102342578,0.0,0.0004976957055182903,0.00021233935280014527,0.0
8000000.0,0.004999999999999675,,0.8868496503223778,0.05114463786387397,0.0038768556936013515,0.007592051665971737,0.03530375733883467,0.0,0.0005095889659361055,0.0002585227927598956,0.0
8000000.0,0.004999999999999675,,0.9006807353809696,0.05256593864650587,0.00407506098987045,0.00806619235616016,0.03700003674014922,0.0,0.0005178159539240142,0.00031827451051952933,0.0
8000000.0,0.004999999999999675,,0.9140915616785621,0.055153517573833126,0.0043912718750314305,0.008542121833855902,0.03879372889315671,0.0,0.0005214353904889597,0.00039126999603589414,0.0
8000000.0,0.004999999999999675,,0.927068063110284,0.05908594446059228,0.004833595736134967,0.008970356368642254,0.0405945780983699,0.0,0.0005170997172772831,0.0004740834797196222,0.0
8000000.0,0.004999999999999675,,0.9395966291180717,0.06396365048757707,0.005388194907267951,0.009304652538747935,0.04221837947484647,0.0,0.000500008096013089,0.0005563032519452038,0.0
8000000.0,0.004999999999999675,,0.9516641189662659,0.0694819540109007,0.006019150597307598,0.009584313009814032,0.04336397915120221,0.0,0.00046505009773421715,0.0006177838595788841,0.0
8000000.0,0.004999999999999675,,0.9632578755244279,0.07497965448149901,0.00667169775031287,0.010184859798579549,0.04335077059426004,0.0,0.0004048005080891619,0.0006296964166531627,0.0
8000000.0,0.004999999999999675,,0.9743657385429216,0.07992414651239019,0.007275833796385443,0.011610511273712123,0.04067017278210288,0.0,0.00030855371081963106,0.0005667592209511879,0.0
8000000.0,0.004999999999999675,,0.9849760574073374,0.08227141210928955,0.007753663575916617,0.014382000613739024,0.03213853181901892,0.0,0.00016823111263546893,0.00041917277194121445,0.0
8000000.0,0.004999999999999675,,0.995077703358376,0.08061008186015067,0.008025303776289829,0.01742025215777139,0.01301897815734037,0.0,2.4961081485878833e-05,0.00031481053206959883,0.0
8000000.0,0.007000000000004278,,0.004922296641623997,0.0003743798348322268,0.0004012157368722145,0.011782483514593475,7.994049821127613e-05,0.0,-1.9209992281293356e-09,0.0008874590163348978,0.0
8000000.0,0.007000000000004278,,0.01502394259266257,0.0018310515726258287,0.00106765849345747,0.010769122454719166,0.00024393965917840886,0.0,-2.8040717931899387e-08,0.000587469786250966,0.0
8000000.0,0.007000000000004278,,0.025634261457078256,0.0038853795567889027,0.001619850081138914,0.009258997810469837,0.000416111925747921,0.0,-1.2004307234738495e-07,0.0003756744609235374,0.0
8000000.0,0.007000000000004278,,0.0367421244755721,0.00594024652552517,0.0020678601459383,0.007381960551328396,0.0005959176791348655,0.0,-3.1971498334521094e-07,0.0002454500789346345,0.0
8000000.0,0.007000000000004278,,0.04833588103373401,0.0077450195729873075,0.002426088715345848,0.005780469502703628,0.0007823784816812131,0.0,-6.642834846727024e-07,0.000169247056279589,0.0
8000000.0,0.007000000000004278,,0.06040337088192818,0.009237130712301315,0.002709505045314117,0.004506053154663349,0.0009740207045370974,0.0,-1.1832194624111856e-06,0.0001255548999133299,0.0
8000000.0,0.007000000000004278,,0.07293193688971603,0.010437970784783458,0.002931837013828838,0.0035344849478199216,0.0011688524667236438,0.0,-1.8948172525944966e-06,0.00010014318540350262,0.0
8000000.0,0.007000000000004278,,0.08590843832143788,0.011390481383274014,0.0031048636978193477,0.0028200342276682687,0.00136487755713991,0.0,-2.8033199714264028e-06,8.444704019283018e-05,0.0
8000000.0,0.007000000000004278,,0.09931926461903035,0.012137919611065608,0.003238267511122688,0.002314730025577892,0.0015622818348191706,0.0,-3.897958729788708e-06,7.368233543105553e-05,0.0
8000000.0,0.007000000000004278,,0.11315034967762214,0.012723636540901492,0.0033397717344206494,0.001974286906788081,0.0017675167764182379,0.0,-5.15672888882738e-06,6.538574085593203e-05,0.0
8000000.0,0.007000000000004278,,0.1273871865989355,0.013194525131691578,0.003415412661583528,0.0017570305480403064,0.001994693180345865,0.0,-6.553671904640946e-06,5.843157911462681e-05,0.0
8000000.0,0.007000000000004278,,0.14201484290701943,0.01360097439193718,0.0034698552738223368,0.001626299168418355,0.0022560881519802867,0.0,-8.060881581429448e-06,5.2385910163911626e-05,0.0
8000000.0,0.007000000000004278,,0.15701797621035488,0.013988823488112166,0.0035066879990554123,0.0015581903560619966,0.0025493200818785164,0.0,-9.638965999888785e-06,4.709597338348087e-05,0.0
8000000.0,0.007000000000004278,,0.17238085029390485,0.014392706913764201,0.0035286620616301854,0.001528740784664559,0.0028640793653662453,0.0,-1.1232561513382949e-05,4.252634553854368e-05,0.0
8000000.0,0.007000000000004278,,0.1880873516242307,0.014842673269218575,0.003537943235638853,0.001523096078623841,0.003197701630700016,0.0,-1.2789978010647939e-05,3.867992539373446e-05,0.0
8000000.0,0.007000000000004278,,0.20412100625036386,0.015354221331100641,0.0035363626031844073,0.001537475425100339,0.003551194514488938,0.0,-1.4265609391298944e-05,3.555292293339642e-05,0.0
8000000.0,0.007000000000004278,,0.22046499708270553,0.01592272678672938,0.0035256288105657138,0.0015624024607825398,0.0039200266435826655,0.0,-1.560648561497718e-05,3.3146069358762614e-05,0.0
8000000.0,0.007000000000004278,,0.23710218153183107,0.01651244257068448,0.003507475461960093,0.001589574030273541,0.004297766572511273,0.0,-1.674620917060986e-05,3.141399498942507e-05,0.0
8000000.0,0.007000000000004278,,0.25401510948869915,0.01710370606276328,0.0034837337142010183,0.0016243161488160972,0.004683955786417662,0.0,-1.7700255748794917e-05,3.0136754754598048e-05,0.0
8000000.0,0.007000000000004278,,0.27118604162740667,0.01764887315788342,0.0034562465664834388,0.0016680493528540008,0.005084564623038346,0.0,-1.8196063201496743e-05,2.903229549359148e-05,0.0
8000000.0,0.007000000000004278,,0.2885969680112919,0.01802207896247638,0.003426833228587336,0.0016889697702263738,0.005515637882662493,0.0,-1.7656710885579818e-05,2.8174018851915033e-05,0.0
8000000.0,0.007000000000004278,,0.306229626982871,0.018153901092997526,0.003397534827308804,0.001694428652167564,0.005995846043573436,0.0,-1.5695026748988063e-05,2.765624525182962e-05,0.0
8000000.0,0.007000000000004278,,0.32406552431779473,0.018140897308487763,0.003370336486861448,0.0017155119283526852,0.00655020554173463,0.0,-1.2013249182448816e-05,2.7386962362180012e-05,0.0
8000000.0,0.007000000000004278,,0.3420859526227361,0.018067348365831876,0.0033466858990746505,0.0017566506062435994,0.007197238491349993,0.0,-6.681211004164034e-06,2.732281155506306e-05,0.0
8000000.0,0.007000000000004278,,0.3602720109568628,0.018012674589392406,0.0033273620448975023,0.0018210196483811052,0.00792165638750828,0.0,3.997743938875477e-07,2.7432924002168962e-05,0.0
8000000.0,0.007000000000004278,,0.3786046246563139,0.018030476579119433,0.003312401619874711,0.00187543438397964,0.008706108132790205,0.0,9.117735875959895e-06,2.781169245078667e-05,0.0
8000000.0,0.007000000000004278,,0.397064565340888,0.018135073620974145,0.0033012750496544062,0.001921223081329917,0.00952881794980487,0.0,1.925969691106837e-05,2.8538515666740178e-05,0.0
8000000.0,0.007000000000004278,,0.4156324710819595,0.01829776097646368,0.0032930368037499542,0.0019723135267168323,0.010366629547569136,0.0,3.030376822612842e-05,2.9628717908277847e-05,0.0
8000000.0,0.007000000000004278,,0.43428886671046696,0.01854340024635447,0.0032864969891492936,0.0020396852085332188,0.011199892042806891,0.0,4.1981115808171467e-05,3.105383929409569e-05,0.0
8000000.0,0.007000000000004278,,0.45301418424367706,0.018832504416843778,0.003280370551384487,0.002117857233427109,0.012018654480209619,0.0,5.425217199233877e-05,3.2713119244456726e-05,0.0
8000000.0,0.007000000000004278,,0.4717887834092959,0.019195961131626013,0.0032735006242256507,0.0021840259918338594,0.012821045973444049,0.0,6.714878933424762e-05,3.4517020835585646e-05,0.0
8000000.0,0.007000000000004278,,0.49059297224540244,0.019581017744760967,0.0032650777303101317,0.0022562182568622974,0.0136133847523758,0.0,8.062094816207695e-05,3.638778624708126e-05,0.0
8000000.0,0.007000000000004278,,0.5094070277545975,0.019943404295584298,0.003254495284479049,0.002328786740232873,0.01439190148768691,0.0,9.453648955472975e-05,3.838894225426605e-05,0.0
8000000.0,0.007000000000004278,,0.528211216590704,0.020260885579317378,0.0032413030558975106,0.0024129435777829954,0.015162421316406528,0.0,0.0001088743585722207,4.051617603076538e-05,0.0
8000000.0,0.007000000000004278,,0.5469858157563228,0.020565153036498925,0.003224871405474512,0.0025133405040098596,0.01592262832533623,0.0,0.00012350498517773768,4.2844700830049394e-05,0.0
8000000.0,0.007000000000004278,,0.5657111332895329,0.020898826847026892,0.003204538305749374,0.0026152510358938156,0.016669581896702933,0.0,0.0001384171589579562,4.548781573507078e-05,0.0
8000000.0,0.007000000000004278,,0.5843675289180406,0.02134455700325847,0.003179864072419793,0.0027200212848657117,0.017388984124738917,0.0,0.00015321413563495012,4.8585633183157e-05,0.0
8000000.0,0.007000000000004278,,0.6029354346591118,0.02195489029552355,0.003150716459227783,0.002848076291723995,0.01808847192841062,0.0,0.00016796777275965977,5.219616622160948e-05,0.0
8000000.0,0.007000000000004278,,0.621395375343686,0.022640413663344953,0.0031168890279906635,0.0030170717903134944,0.018767265154102365,0.0,0.0001825147098506339,5.637630633884917e-05,0.0
8000000.0,0.007000000000004278,,0.6397279890431371,0.023599362940018784,0.0030782604419375167,0.0032005734692309266,0.01943696215994089,0.0,0.0001969246360276494,6.131400148672607e-05,0.0
8000000.0,0.007000000000004278,,0.6579140473772638,0.02484175263000222,0.003035191838605834,0.003388715504031511,0.020101345439982536,0.0,0.00021109785206223567,6.683319422288925e-05,0.0
8000000.0,0.007000000000004278,,0.6759344756822052,0.02601408613036929,0.002988153856890828,0.0035560588184521016,0.0207651734798466,0.0,0.00022506935046209616,7.254677163606953e-05,0.0
8000000.0,0.007000000000004278,,0.6937703730171288,0.026926129052304435,0.002937460351875822,0.00373233220424446,0.021437471872742697,0.0,0.0002389941673594756,7.829728236419972e-05,0.0
8000000.0,0.007000000000004278,,0.7114030319887079,0.027864427303972993,0.0028828900625882583,0.003923847115625346,0.022126677999793298,0.0,0.0002527972055824787,8.462179285551357e-05,0.0
8000000.0,0.007000000000004278,,0.7288139583725932,0.02901720903326723,0.0028243804012360457,0.0041428635878755955,0.022852285886768214,0.0,0.00026668315637228647,9.212834493616834e-05,0.0
8000000.0,0.007000000000004278,,0.7459848905113007,0.030291393035655277,0.002763085836000701,0.004375136955665428,0.023617855677557677,0.0,0.0002805394071020463,0.00010105112217902333,0.0
8000000.0,0.007000000000004278,,0.762897818468169,0.03166332218716892,0.0027017551454583733,0.004600902684785801,0.024415717996038585,0.0,0.0002944303750579291,0.00011103362193943,0.0
8000000.0,0.007000000000004278,,0.7795350029172945,0.033065151870910234,0.0026447366392767725,0.004827141921229812,0.02524199180312278,0.0,0.0003085210612682627,0.00012160120744562808,0.0
8000000.0,0.007000000000004278,,0.7958789937496361,0.03458543773414516,0.0025975226883609166,0.005051703675524358,0.02613308758414553,0.0,0.00032327764406033226,0.0001330610097281021,0.0
8000000.0,0.007000000000004278,,0.8119126483757694,0.036199468418126976,0.0025665488719052508,0.005259855233460599,0.027112181453270597,0.0,0.00033852951119288605,0.000146602550311424,0.0
8000000.0,0.007000000000004278,,0.8276191497060952,0.03798242436102301,0.0025597124238180896,0.00546002386087583,0.028194384455689035,0.0,0.0003539062747686284,0.00016369981309792618,0.0
8000000.0,0.007000000000004278,,0.842982023789645,0.040125344147928704,0.002586888268051265,0.00568718608952516,0.029412907395536113,0.0,0.00036946673170299294,0.0001854469711832668,0.0
8000000.0,0.007000000000004278,,0.8579851570929806,0.04269225482371672,0.0026588031889228187,0.0059853220567968575,0.030779022062104346,0.0,0.0003848444498658736,0.00021233945567089994,0.0
8000000.0,0.007000000000004278,,0.8726128134010644,0.045644273829551385,0.0027846909101607144,0.0063363307571632915,0.03230252372291989,0.0,0.0003993797554194874,0.00024554575237596406,0.0
8000000.0,0.007000000000004278,,0.8868496503223778,0.048974337997362186,0.0029714673571129197,0.006680042600340148,0.03397916189799913,0.0,0.0004120101897504658,0.0002864183074758266,0.0
8000000.0,0.007000000000004278,,0.9006807353809696,0.052804062338049976,0.0032227964860404067,0.007043794949058645,0.03579244873173277,0.0,0.00042169592203871044,0.0003353769846702118,0.0
8000000.0,0.007000000000004278,,0.9140915616785621,0.057080754752963474,0.003537263205587042,0.0073483687019275015,0.03769674687027643,0.0,0.00042658432311072576,0.00039258369314991334,0.0
8000000.0,0.007000000000004278,,0.927068063110284,0.061710453262956294,0.003908436762636939,0.0075522967709687906,0.03958125281925429,0.0,0.0004237444944734783,0.00045356199158881914,0.0
8000000.0,0.007000000000004278,,0.9395966291180717,0.06643940230854166,0.004323532641023837,0.007703892483878705,0.041257897805773325,0.0,0.00040992425072465977,0.000506980152919259,0.0
8000000.0,0.007000000000004278,,0.9516641189662659,0.07077890842811808,0.004761651469440033,0.007942226961819659,0.04234039530118336,0.0,0.0003802699948414611,0.0005361167812655157,0.0
8000000.0,0.007000000000004278,,0.9632578755244279,0.07408775114006179,0.00519263007961455,0.008424367051656962,0.04205197873206191,0.0,0.00032814627997856775,0.0005228351769362056,0.0
8000000.0,0.007000000000004278,,0.9743657385429216,0.07605620860046851,0.00557770173419796,0.00966415898603035,0.0388903592108913,0.0,0.000245534917740423,0.0004514957953801147,0.0
8000000.0,0.007000000000004278,,0.9849760574073374,0.07578596142254249,0.00587288557422676,0.012087812231886744,0.029743375282178942,0.0,0.000126616918286702,0.0003195498733252026,0.0
8000000.0,0.007000000000004278,,0.995077703358376,0.07425687768392934,0.006033791662531362,0.014623285497031412,0.01155472598555966,0.0,1.753785299028347e-05,0.0002213496683090543,0.0
8000000.0,0.00999999999999935,,0.004922296641623997,0.0011452893691391757,0.00027093161631916186,0.012813745906317222,0.00011461715603588584,0.0,-1.7626516134961562e-09,0.0007741631194333453,0.0
8000000.0,0.00999999999999935,,0.01502394259266257,0.004856104080143326,0.0006992969516612437,0.011308522274644654,0.0003498370762573746,0.0,-2.491659728010384e-08,0.0004831200967687739,0.0
8000000.0,0.00999999999999935,,0.025634261457078256,0.009714510047781302,0.00103989156680739,0.009186268396726125,0.0005961061076624079,0.0,-1.0501738443322978e-07,0.00029582449363132075,0.0
8000000.0,0.00999999999999935,,0.0367421244755721,0.014645010811409336,0.0013093629340368471,0.006843147141681902,0.0008505458180579055,0.0,-2.7845092641292584e-07,0.00019363824335676865,0.0
8000000.0,0.00999999999999935,,0.04833588103373401,0.018974512557703285,0.0015230867501150756,0.00514630458752158,0.001108449236334409,0.0,-5.803645105743217e-07,0.0001381848798030417,0.0
8000000.0,0.00999999999999935,,0.06040337088192818,0.022375568257059972,0.001693444185831587,0.0039704605573817634,0.0013639039834789763,0.0,-1.0384778472057978e-06,0.00010716630270311644,0.0
8000000.0,0.00999999999999935,,0.07293193688971603,0.02483901603445503,0.0018298974251789628,0.003174653044681722,0.0016108043788650983,0.0,-1.6729626302395853e-06,8.87058963090475e-05,0.0
8000000.0,0.00999999999999935,,0.08590843832143788,0.026500254150307767,0.0019395521822448468,0.002644254974502743,0.0018436125373307774,0.0,-2.488681849458411e-06,7.675932692532714e-05,0.0
8000000.0,0.00999999999999935,,0.09931926461903035,0.027605819027394972,0.002027743469691746,0.00229775363016039,0.0020578662409457124,0.0,-3.480476933634407e-06,6.831238417133302e-05,0.0
8000000.0,0.00999999999999935,,0.11315034967762214,0.02837835455714233,0.002098539708234238,0.0020884739242830156,0.002250393488581922,0.0,-4.6291449837482084e-06,6.18378202126985e-05,0.0
8000000.0,0.00999999999999935,,0.1273871865989355,0.029099153146276164,0.002155092573759009,0.001987961414597943,0.0024187800460575143,0.0,-5.897134923666789e-06,5.652824690286885e-05,0.0
8000000.0,0.00999999999999935,,0.14201484290701943,0.029911689672956883,0.0021998742206534284,0.0019840988007805453,0.0025631327593250656,0.0,-7.265842471009306e-06,5.203291857120002e-05,0.0
8000000.0,0.00999999999999935,,0.15701797621035488,0.030489016660610217,0.0022347843885340375,0.0020676748794094786,0.002690047477956068,0.0,-8.727884393457271e-06,4.827181089225904e-05,0.0
8000000.0,0.00999999999999935,,0.17238085029390485,0.03114035980830093,0.002261306097910745,0.0022604900708309743,0.0027999427857401523,0.0,-1.0223589807675566e-05,4.5214362978059676e-05,0.0
8000000.0,0.00999999999999935,,0.1880873516242307,0.03258705125022028,0.0022809248326479035,0.0024273276609380248,0.0028985149338093077,0.0,-1.1865235869401283e-05,4.3116422583468786e-05,0.0
8000000.0,0.00999999999999935,,0.20412100625036386,0.03427664240178467,0.002294008657789155,0.0026577668544972453,0.0030242634100230512,0.0,-1.3210132456203651e-05,4.1146753628707923e-05,0.0
8000000.0,0.00999999999999935,,0.22046499708270553,0.03487837333789319,0.0023010058223348184,0.002668152064384294,0.0031573570717684787,0.0,-1.4188731230258322e-05,3.8960509241575964e-05,0.0
8000000.0,0.00999999999999935,,0.23710218153183107,0.03396482001910447,0.0023031723007656785,0.0024896231308312185,0.003290703498420175,0.0,-1.512017073122195e-05,3.706481288567341e-05,0.0
8000000.0,0.00999999999999935,,0.25401510948869915,0.03269153544782019,0.0023021102782332012,0.0024853631564767187,0.0034630889054268394,0.0,-1.5865395806391732e-05,3.494643120156232e-05,0.0
8000000.0,0.00999999999999935,,0.27118604162740667,0.03213095326474149,0.0022980159085302216,0.002387424644320575,0.0036712002141145953,0.0,-1.6094775412452064e-05,3.346655485728014e-05,0.0
8000000.0,0.00999999999999935,,0.2885969680112919,0.03170834188584584,0.0022914205142921386,0.002276601018689586,0.003927147219808862,0.0,-1.5099894614911269e-05,3.224171049078109e-05,0.0
8000000.0,0.00999999999999935,,0.306229626982871,0.031165041387836594,0.002282886541513177,0.002190488607117679,0.004274756433265979,0.0,-1.2654889470996536e-05,3.118768730914176e-05,0.0
8000000.0,0.00999999999999935,,0.32406552431779473,0.03016824140851465,0.002272908458738018,0.0020836327820005648,0.004713605659832544,0.0,-8.514331300910729e-06,3.0396440315559968e-05,0.0
8000000.0,0.00999999999999935,,0.3420859526227361,0.029016178378821703,0.002262034270817144,0.0019764880550450638,0.005247154409555726,0.0,-2.8139404991056965e-06,2.9948597629408365e-05,0.0
8000000.0,0.00999999999999935,,0.3602720109568628,0.028053636715875043,0.002250665798635211,0.001905909013458188,0.0058564734553733485,0.0,4.018037828916083e-06,2.981448447318927e-05,0.0
8000000.0,0.00999999999999935,,0.3786046246563139,0.027202027965726936,0.0022391431455817956,0.0018680167159387993,0.006541646525602161,0.0,1.1942317533777896e-05,2.9872056891201458e-05,0.0
8000000.0,0.00999999999999935,,0.397064565340888,0.026415921369219275,0.0022278036715454998,0.00183799641227801,0.007313726404767474,0.0,2.0846088837068056e-05,3.0062998163614678e-05,0.0
8000000.0,0.00999999999999935,,0.4156324710819595,0.025678594215516184,0.002216871085313541,0.0018204611632560627,0.00811424800266683,0.0,3.037731285019872e-05,3.038489642271546e-05,0.0
8000000.0,0.00999999999999935,,0.43428886671046696,0.025000641019901758,0.00220672601187465,0.0018349289972195277,0.008940395912976394,0.0,4.091919652861786e-05,3.0752247994083805e-05,0.0
8000000.0,0.00999999999999935,,0.45301418424367706,0.024540054860809332,0.0021975093577248097,0.001872821161183089,0.009758001834221867,0.0,5.2036349011794875e-05,3.129329356982475e-05,0.0
8000000.0,0.00999999999999935,,0.4717887834092959,0.024328637892867096,0.0021887909994486995,0.0019161756131091227,0.010554183895809819,0.0,6.368504522769122e-05,3.2267578841372086e-05,0.0
8000000.0,0.00999999999999935,,0.49059297224540244,0.024245859518608377,0.002180073247461767,0.001957066749867838,0.01132069628790367,0.0,7.555979527896563e-05,3.3696692588810986e-05,0.0
8000000.0,0.00999999999999935,,0.5094070277545975,0.024230555835474364,0.0021712467409461533,0.0020318818388644776,0.012059922233423725,0.0,8.756236935161358e-05,3.510651798027076e-05,0.0
8000000.0,0.00999999999999935,,0.528211216590704,0.024308481356873725,0.002162002279636489,0.0021159169761482055,0.012776365797299925,0.0,9.972443135290347e-05,3.655714259763071e-05,0.0
8000000.0,0.00999999999999935,,0.5469858157563228,0.024441070217470665,0.0021520326046781976,0.002177682792199742,0.013462146614647754,0.0,0.00011208781272001391,3.8306382190780226e-05,0.0
8000000.0,0.00999999999999935,,0.5657111332895329,0.02455415198034851,0.002141215537712673,0.0022509816220838757,0.014112503033072505,0.0,0.0001246262312690093,4.014214296530486e-05,0.0
8000000.0,0.00999999999999935,,0.5843675289180406,0.02478673320880647,0.002129110553790262,0.0023256875280996555,0.014736636670084489,0.0,0.00013728185776858094,4.201537934687283e-05,0.0
8000000.0,0.00999999999999935,,0.6029354346591118,0.025139531385133057,0.002115447280523595,0.002437204197208422,0.015362017574666544,0.0,0.00015025800106242764,4.394722701472555e-05,0.0
8000000.0,0.00999999999999935,,0.621395375343686,0.025692764242146632,0.002099925503445392,0.0025719663106639474,0.016004519980929097,0.0,0.0001637470478631212,4.616412738751945e-05,0.0
8000000.0,0.00999999999999935,,0.6397279890431371,0.026439312240102507,0.0020819452305070943,0.0027134424814700526,0.016675200110019914,0.0,0.00017769538268239932,4.890845550312485e-05,0.0
8000000.0,0.00999999999999935,,0.6579140473772638,0.02728936340444057,0.0020607191847394728,0.002906230705163846,0.017408047731613557,0.0,0.0001920289122767498,5.213197114857243e-05,0.0
8000000.0,0.00999999999999935,,0.6759344756822052,0.028156435966311837,0.0020353737858976226,0.0031415656509619543,0.018212201941076017,0.0,0.00020667391134769215,5.5944051742673316e-05,0.0
8000000.0,0.00999999999999935,,0.6937703730171288,0.029063509762517075,0.002005597553064333,0.0033281270403050234,0.019087663894986995,0.0,0.00022138394822347486,6.076187350032916e-05,0.0
8000000.0,0.00999999999999935,,0.7114030319887079,0.029845122104437478,0.0019721526433808777,0.003503115319631113,0.020054978342365273,0.0,0.00023612979570744076,6.653726085887935e-05,0.0
8000000.0,0.00999999999999935,,0.7288139583725932,0.03063166693298203,0.0019367051064083176,0.0037292972729865213,0.02111614598989383,0.0,0.0002512294967587224,7.2891517949526e-05,0.0
8000000.0,0.00999999999999935,,0.7459848905113007,0.031769226296924545,0.0019010706559327156,0.003960627133609462,0.022256391746311728,0.0,0.0002670388331487213,8.02031990765995e-05,0.0
8000000.0,0.00999999999999935,,0.762897818468169,0.032929703772919316,0.0018670551997565584,0.004200438281004825,0.02345744114621079,0.0,0.00028338583807456627,8.938577141983837e-05,0.0
8000000.0,0.00999999999999935,,0.7795350029172945,0.03419808050885073,0.0018369348029835225,0.004438203070804518,0.02473143195952034,0.0,0.00030010329541825385,0.00010118150763584268,0.0
8000000.0,0.00999999999999935,,0.7958789937496361,0.0354808906216607,0.0018146810196580073,0.004673166684000375,0.026067763988183192,0.0,0.00031659108941916144,0.00011578118663211641,0.0
8000000.0,0.00999999999999935,,0.8119126483757694,0.03694865420446839,0.001806015488571541,0.004982892261474393,0.027462335140776197,0.0,0.0003327946483335466,0.00013310735042275755,0.0
8000000.0,0.00999999999999935,,0.8276191497060952,0.03887787217367707,0.0018172380896530494,0.005309419210217016,0.02894925626657088,0.0,0.0003485045794767693,0.00015398616553827173,0.0
8000000.0,0.00999999999999935,,0.842982023789645,0.04129615691569905,0.0018547453653586755,0.0056541965307694364,0.030504866996998083,0.0,0.0003631328255651534,0.00017909658897637985,0.0
8000000.0,0.00999999999999935,,0.8579851570929806,0.044079437018237536,0.0019248436009111798,0.0060288882232112425,0.03210533295684791,0.0,0.00037665172585064753,0.0002089101637041633,0.0
8000000.0,0.00999999999999935,,0.8726128134010644,0.04689885654833168,0.0020336870415052426,0.0063617019219551155,0.03379678386736928,0.0,0.00038871590294783785,0.00024349504161531608,0.0
8000000.0,0.00999999999999935,,0.8868496503223778,0.05014788436156634,0.0021850733892476116,0.006677523379826504,0.03558983472421974,0.0,0.0003984774088498492,0.00028166475018700756,0.0
8000000.0,0.00999999999999935,,0.9006807353809696,0.05382002228661501,0.0023786120700916027,0.006961460543197063,0.037457158849588536,0.0,0.00040538848892185706,0.00032245102124179545,0.0
8000000.0,0.00999999999999935,,0.9140915616785621,0.05768807040377297,0.0026098674646963323,0.00724287649580885,0.039337415497087136,0.0,0.00040750689852178906,0.00036372865105668416,0.0
8000000.0,0.00999999999999935,,0.927068063110284,0.061881858808291494,0.0028703576006786943,0.007545532954833139,0.041102898096504366,0.0,0.0004016296288276186,0.000400936937168126,0.0
8000000.0,0.00999999999999935,,0.9395966291180717,0.066328723702753,0.0031480377127042435,0.007841176076287721,0.04254412387942452,0.0,0.00038457578322948426,0.00042681503147361916,0.0
8000000.0,0.00999999999999935,,0.9516641189662659,0.07086201310497547,0.003426980092302517,0.008102575224867927,0.043269206712242436,0.0,0.0003530137628127673,0.0004313905104638896,0.0
8000000.0,0.00999999999999935,,0.9632578755244279,0.07459065947779787,0.0036879785146439977,0.00860825962118808,0.04253475837951805,0.0,0.00030181512137030317,0.00040382294578048905,0.0
8000000.0,0.00999999999999935,,0.9743657385429216,0.07698525565061544,0.003910122585747901,0.009527333958191109,0.03891429478525101,0.0,0.0002240754553383714,0.0003425111649380824,0.0
8000000.0,0.00999999999999935,,0.9849760574073374,0.07753657069133883,0.004073463739945489,0.011166234628158342,0.029579353266134468,0.0,0.00011606054642623138,0.0002520175502662965,0.0
8000000.0,0.00999999999999935,,0.995077703358376,0.07675965292357767,0.004160604886684982,0.01306342813687249,0.011523841744523592,0.0,1.6341865085571396e-05,0.0001934603040924816,0.0
8000000.0,0.03000000000000819,,0.004922296641623997,0.00027943889266304235,3.8673672176422474e-05,0.0044321630666941106,0.00013388632382726527,0.0,-2.5570791727906737e-10,0.00015397829074090556,0.0
8000000.0,0.03000000000000819,,0.01502394259266257,0.0012256889018444506,0.00010446178507143903,0.003986874363302655,0.0004088913507881179,0.0,-4.8782981651115184e-09,0.00010970161044355901,0.0
8000000.0,0.03000000000000819,,0.025634261457078256,0.002618612228967507,0.00016145383123170138,0.003345938188289257,0.000698285858024229,0.0,-2.6415159762528305e-08,7.805148110729098e-05,0.0
8000000.0,0.03000000000000819,,0.0367421244755721,0.004285784474367927,0.00021092589077020726,0.0026252454497670925,0.0010013150544716598,0.0,-8.635460948310785e-08,5.7774740198241194e-05,0.0
8000000.0,0.03000000000000819,,0.04833588103373401,0.006118953301777852,0.00025410344127722753,0.0020941363299010643,0.00131576274969624,0.0,-2.1467631370972124e-07,4.461821680518524e-05,0.0
8000000.0,0.03000000000000819,,0.06040337088192818,0.00799543496058196,0.0002919868555093571,0.0017171512350435422,0.0016374382051737993,0.0,-4.468060185708128e-07,3.5892970569807136e-05,0.0
8000000.0,0.03000000000000819,,0.07293193688971603,0.009810732472416364,0.0003253729198298893,0.0014503106674926775,0.0019600915749215324,0.0,-8.178211676181933e-07,3.000520628838033e-05,0.0
8000000.0,0.03000000000000819,,0.08590843832143788,0.011498768709489751,0.00035491142294562976,0.0012609860533552384,0.0022758837358150333,0.0,-1.3562885313119803e-06,2.598980962931349e-05,0.0
8000000.0,0.03000000000000819,,0.09931926461903035,0.013031713186304155,0.0003811493983448635,0.0011274878323951445,0.0025761764927673013,0.0,-2.0741804098033e-06,2.323476910479833e-05,0.0
8000000.0,0.03000000000000819,,0.11315034967762214,0.014411322808109951,0.0004045570775745068,0.0010356365645847606,0.002852664192986904,0.0,-2.9727559955007306e-06,2.1333956436699714e-05,0.0
8000000.0,0.03000000000000819,,0.1273871865989355,0.01565762739474786,0.0004255386448839141,0.000976403198422362,0.0030981355278406762,0.0,-4.012837671684416e-06,2.000838423158282e-05,0.0
8000000.0,0.03000000000000819,,0.14201484290701943,0.01679729907892558,0.0004444337067692782,0.0009430896553080336,0.003307992418710946,0.0,-5.182902254200615e-06,1.9067924794756188e-05,0.0
8000000.0,0.03000000000000819,,0.15701797621035488,0.017854512517914468,0.0004615152991189598,0.0009290684553980566,0.003479642577825294,0.0,-6.3859550268132605e-06,1.839279840944754e-05,0.0
8000000.0,0.03000000000000819,,0.17238085029390485,0.01884676254656018,0.0004769931277561578,0.0009281249124628084,0.0036140749493290634,0.0,-7.670306668872021e-06,1.7917735676002377e-05,0.0
8000000.0,0.03000000000000819,,0.1880873516242307,0.019780022889472386,0.0004910230329647061,0.0009348315852350387,0.003712281941476038,0.0,-8.86465717270026e-06,1.7612422188934617e-05,0.0
8000000.0,0.03000000000000819,,0.20412100625036386,0.02065423169357405,0.0005037212192112472,0.0009451311912960498,0.003778771127472382,0.0,-1.0121907691489568e-05,1.746241895091203e-05,0.0
8000000.0,0.03000000000000819,,0.22046499708270553,0.021465553006127996,0.0005151749308090587,0.0009578025893961242,0.003815914291235622,0.0,-1.1239314575056998e-05,1.7450282690379698e-05,0.0
8000000.0,0.03000000000000819,,0.23710218153183107,0.02221689809188486,0.0005254458553598149,0.0009741442041073416,0.003829631864901675,0.0,-1.2344680465496425e-05,1.754480427453916e-05,0.0
8000000.0,0.03000000000000819,,0.25401510948869915,0.02289511977043406,0.0005345647880008799,0.0009951438620876018,0.0038190746148053967,0.0,-1.27489361761016e-05,1.7714278630553034e-05,0.0
8000000.0,0.03000000000000819,,0.27118604162740667,0.023482391406994124,0.0005425247038281312,0.0010207779806056464,0.003789547786620431,0.0,-1.2881496607755998e-05,1.795252482527014e-05,0.0
8000000.0,0.03000000000000819,,0.2885969680112919,0.023974182726047216,0.0005492828977738713,0.0010505545946394902,0.00374697606384594,0.0,-1.2207705429156653e-05,1.828742552255341e-05,0.0
8000000.0,0.03000000000000819,,0.306229626982871,0.024372853337572185,0.000554779677660494,0.0010827326733791596,0.003705038525932947,0.0,-1.0903518668601746e-05,1.8765701747849538e-05,0.0
8000000.0,0.03000000000000819,,0.32406552431779473,0.024665270464254485,0.0005589621427746672,0.0011163375968455153,0.0036777495619220845,0.0,-8.908233120842378e-06,1.9434349659928135e-05,0.0
8000000.0,0.03000000000000819,,0.3420859526227361,0.024852993222771926,0.0005618078049278191,0.0011518521885418409,0.0036829881961104507,0.0,-6.186017119309863e-06,2.0340981670512215e-05,0.0
8000000.0,0.03000000000000819,,0.3602720109568628,0.024941364564338587,0.0005633420616053657,0.0011891940580591527,0.003737580872277299,0.0,-2.8159586297715873e-06,2.151147843644661e-05,0.0
8000000.0,0.03000000000000819,,0.3786046246563139,0.024931645631499442,0.000563653844482905,0.001240794185736163,0.00385130819325875,0.0,1.293522939006686e-06,2.2872080096093194e-05,0.0
8000000.0,0.03000000000000819,,0.397064565340888,0.0248285552458122,0.0005628679818551,0.001311631871406155,0.004021658507746609,0.0,5.95132311502695e-06,2.431586570530173e-05,0.0
8000000.0,0.03000000000000819,,0.4156324710819595,0.02463367919165621,0.0005610943559471418,0.0013807013413134094,0.004259670353930399,0.0,1.1439217595919248e-05,2.5888346038674823e-05,0.0
8000000.0,0.03000000000000819,,0.43428886671046696,0.024386820318656327,0.0005584396259158645,0.0014521508784778245,0.004568604532449392,0.0,1.7699025251758784e-05,2.7624637040805142e-05,0.0
8000000.0,0.03000000000000819,,0.45301418424367706,0.024114555558078187,0.0005550047551512197,0.001539929127446433,0.004965585265861133,0.0,2.4949682276357062e-05,2.9474707693193282e-05,0.0
8000000.0,0.03000000000000819,,0.4717887834092959,0.023812986296132793,0.0005508585971528786,0.0016342697014325328,0.005427251270656015,0.0,3.288458410167047e-05,3.148192635270328e-05,0.0
8000000.0,0.03000000000000819,,0.49059297224540244,0.02351374920664539,0.0005460653299467497,0.0017192140477777177,0.005944108319412188,0.0,4.157791331978991e-05,3.37832681543655e-05,0.0
8000000.0,0.03000000000000819,,0.5094070277545975,0.023258830129590367,0.0005407974484706681,0.0018091740206402928,0.006520726003178295,0.0,5.129993760574837e-05,3.639433766388392e-05,0.0
8000000.0,0.03000000000000819,,0.528211216590704,0.023063611782039018,0.0005353558777637681,0.0019110482856324242,0.007136551620156391,0.0,6.15313256467358e-05,3.923708186232428e-05,0.0
8000000.0,0.03000000000000819,,0.5469858157563228,0.023008067592694855,0.0005299852300380448,0.0020198605844598335,0.007815431791361231,0.0,7.264792728163403e-05,4.227930452184567e-05,0.0
8000000.0,0.03000000000000819,,0.5657111332895329,0.02312167856225996,0.0005248052117815291,0.002145537404929294,0.008539088657562505,0.0,8.407810326060614e-05,4.5670353642231616e-05,0.0
8000000.0,0.03000000000000819,,0.5843675289180406,0.023621766705370792,0.0005197810323662767,0.0023190548912407007,0.009338252009329128,0.0,9.614745059290085e-05,4.9701136848479045e-05,0.0
8000000.0,0.03000000000000819,,0.6029354346591118,0.024720077616307786,0.0005151270695772311,0.0026553050178784155,0.010182685871283405,0.0,0.00010839452591273096,5.387556014448681e-05,0.0
8000000.0,0.03000000000000819,,0.621395375343686,0.027163736326525967,0.0005112121411297877,0.003043288830998115,0.011018014411680708,0.0,0.00012025446837682707,5.7714206224232606e-05,0.0
8000000.0,0.03000000000000819,,0.6397279890431371,0.030058867291644073,0.0005086126316864319,0.003193514466204264,0.011843916818799335,0.0,0.0001318622971418993,6.167374082746638e-05,0.0
8000000.0,0.03000000000000819,,0.6579140473772638,0.03149259123673412,0.0005073246784817985,0.0033910676381644946,0.012654385838143432,0.0,0.00014352308593411359,6.519026020747959e-05,0.0
8000000.0,0.03000000000000819,,0.6759344756822052,0.03277941607993181,0.0005071807339580464,0.0034960916607912405,0.013501049179743044,0.0,0.0001552861891367755,6.87312319461259e-05,0.0
8000000.0,0.03000000000000819,,0.6937703730171288,0.03340633939778486,0.0005081478325640572,0.0035380100497731247,0.014365501284640845,0.0,0.0001669120062990384,7.29910272881083e-05,0.0
8000000.0,0.03000000000000819,,0.7114030319887079,0.03324734367923023,0.0005102518580038393,0.0036420897617525185,0.015262449309276997,0.0,0.0001784831366942413,7.774993595875367e-05,0.0
8000000.0,0.03000000000000819,,0.7288139583725932,0.03294183537767209,0.0005142083210568413,0.0037637942548994206,0.016186287830623213,0.0,0.000190312786812205,8.264012890362944e-05,0.0
8000000.0,0.03000000000000819,,0.7459848905113007,0.03257754219721949,0.0005206140092356198,0.0038276024742405087,0.017131476736441116,0.0,0.0002019704894540246,8.806906146582006e-05,0.0
8000000.0,0.03000000000000819,,0.762897818468169,0.032191182616242923,0.0005296768801337134,0.003941960241636556,0.018103770734304223,0.0,0.00021340657501603847,9.431236535416291e-05,0.0
8000000.0,0.03000000000000819,,0.7795350029172945,0.03196555676015204,0.0005416223155135956,0.004077032958373557,0.019133171227934117,0.0,0.00022429090231687425,0.00010193812861734884,0.0
8000000.0,0.03000000000000819,,0.7958789937496361,0.03181424987742674,0.0005570082648686408,0.004211732885466384,0.02025200380814095,0.0,0.00023506209925362167,0.00011100104139797056,0.0
8000000.0,0.03000000000000819,,0.8119126483757694,0.031595324156148,0.0005766372887527713,0.004363038231786992,0.021436301862446407,0.0,0.0002457689497890092,0.00012204891068352219,0.0
8000000.0,0.03000000000000819,,0.8276191497060952,0.031309349520209376,0.0006016097097472339,0.004495888903317059,0.022710553126443295,0.0,0.00025607453343114075,0.00013647358909858775,0.0
8000000.0,0.03000000000000819,,0.842982023789645,0.03148722389859242,0.0006332642794940283,0.004641979404688834,0.024084364486169078,0.0,0.0002655204392933825,0.0001550820020744336,0.0
8000000.0,0.03000000000000819,,0.8579851570929806,0.0322750321073133,0.000672841877231293,0.004851727369059626,0.02558126841261033,0.0,0.00027440915495735785,0.00017795975665473347,0.0
8000000.0,0.03000000000000819,,0.8726128134010644,0.03355852698661426,0.0007213714958885139,0.005096535513729548,0.02726501691626619,0.0,0.00028282408220093225,0.00020524332857250013,0.0
8000000.0,0.03000000000000819,,0.8868496503223778,0.035508118993486285,0.0007795309931018537,0.005355541651464068,0.029125991092723874,0.0,0.0002900771535709306,0.0002368144455065126,0.0
8000000.0,0.03000000000000819,,0.9006807353809696,0.038130814125875385,0.0008473032087872567,0.005609895469678441,0.03108537387502026,0.0,0.00029501420000990005,0.000272012321365859,0.0
8000000.0,0.03000000000000819,,0.9140915616785621,0.04136782962273308,0.0009238624510082111,0.00588049361575416,0.03302127541881542,0.0,0.000295683629269994,0.00030880051068333196,0.0
8000000.0,0.03000000000000819,,0.927068063110284,0.0451165326719585,0.0010075345907740744,0.006149685380145878,0.03474517886496835,0.0,0.0002896407471105686,0.0003444612065997941,0.0
8000000.0,0.03000000000000819,,0.9395966291180717,0.04894633385864004,0.0010957984430941506,0.006471774460051812,0.0359427585398172,0.0,0.0002737254273544874,0.0003739500185609737,0.0
8000000.0,0.03000000000000819,,0.9516641189662659,0.05202896914000559,0.0011850344759596128,0.006826740186815122,0.03616487227416631,0.0,0.00024485482499692166,0.00038933393341107397,0.0
8000000.0,0.03000000000000819,,0.9632578755244279,0.05387899738985407,0.001270352916338715,0.007113888255942062,0.034788593722018944,0.0,0.00020075011422186645,0.0003787464621615575,0.0
8000000.0,0.03000000000000819,,0.9743657385429216,0.05427784675501226,0.0013455893960384485,0.007967986145900158,0.03090110711287763,0.0,0.0001411660256141759,0.0003242101959805205,0.0
8000000.0,0.03000000000000819,,0.9849760574073374,0.05342119851409151,0.001403090081629566,0.01016390163593676,0.02291252522949528,0.0,6.988447547733215e-05,0.00021741839646912217,0.0
8000000.0,0.03000000000000819,,0.995077703358376,0.052227109441119496,0.0014344294683260412,0.012540239185535972,0.008833941894840944,0.0,9.62610886095279e-06,0.0001353192725406173,0.0
8000000.0,0.04999999999999675,,0.004922296641623997,0.00011765674591554919,1.9550555473278286e-05,0.003261948810626941,0.00017294037258782955,0.0,-7.791499502566653e-10,0.0001140472161894976,0.0
8000000.0,0.04999999999999675,,0.01502394259266257,0.0005314964621404487,5.398739712740549e-05,0.0030130306088381993,0.0005278188079859286,0.0,-1.3190071345391581e-08,8.548579847776596e-05,0.0
8000000.0,0.04999999999999675,,0.025634261457078256,0.001165697434783697,8.478817296199575e-05,0.0026416112723908407,0.000898957182959986,0.0,-6.416461224473735e-08,6.370113703125591e-05,0.0
8000000.0,0.04999999999999675,,0.0367421244755721,0.0019360012529210698,0.00011220632844698145,0.0021875573603277213,0.0012813504254623913,0.0,-1.9008322256960534e-07,4.856876274711058e-05,0.0
8000000.0,0.04999999999999675,,0.04833588103373401,0.0028093236986192357,0.00013660249524007916,0.001808233575525512,0.0016668413527968435,0.0,-4.300716982351332e-07,3.8206919679786624e-05,0.0
8000000.0,0.04999999999999675,,0.06040337088192818,0.003755009471784493,0.00015834995946032349,0.0015087335640024306,0.0020451585644075073,0.0,-8.170955793101543e-07,3.110391385702061e-05,0.0
8000000.0,0.04999999999999675,,0.07293193688971603,0.004738456386958184,0.00017779832788668027,0.001279452119689758,0.0024057105204277267,0.0,-1.370015624881089e-06,2.619445106883421e-05,0.0
8000000.0,0.04999999999999675,,0.08590843832143788,0.005726883196585303,0.00019526226838195506,0.0011077280610749336,0.0027392541748606654,0.0,-2.0903197506179685e-06,2.2766515103764566e-05,0.0
8000000.0,0.04999999999999675,,0.09931926461903035,0.006694390868890018,0.0002110191962486835,0.0009813407363738157,0.003038751082119725,0.0,-2.9617878012283743e-06,2.035275743466859e-05,0.0
8000000.0,0.04999999999999675,,0.11315034967762214,0.007623283455686789,0.0002253099723193392,0.0008902299380981798,0.0032995879714454207,0.0,-3.9571759490022115e-06,1.8643400599586958e-05,0.0
8000000.0,0.04999999999999675,,0.1273871865989355,0.008502914728976187,0.00023833974391808234,0.0008271781891296146,0.0035193518840759505,0.0,-5.035659662258342e-06,1.7427464214942895e-05,0.0
8000000.0,0.04999999999999675,,0.14201484290701943,0.009329357780849989,0.0002502774684797706,0.0007863849823842944,0.0036977685603531486,0.0,-6.165037584899781e-06,1.6560779716358266e-05,0.0
8000000.0,0.04999999999999675,,0.15701797621035488,0.0101056120818672,0.00026125466884562395,0.0007628162460601498,0.003836075611477265,0.0,-7.2957053374350375e-06,1.5947160592926742e-05,0.0
8000000.0,0.04999999999999675,,0.17238085029390485,0.010840638065326313,0.00027136544049530953,0.0007531820273001182,0.003937078966204411,0.0,-8.419768907222388e-06,1.5523603454714374e-05,0.0
8000000.0,0.04999999999999675,,0.1880873516242307,0.011545412223236925,0.00028066839325137735,0.0007548220790853041,0.0040039209953450896,0.0,-9.487578235227724e-06,1.5252971978232808e-05,0.0
8000000.0,0.04999999999999675,,0.20412100625036386,0.012230774074181718,0.0002891917318889539,0.0007634979440846657,0.004040824588934214,0.0,-1.0532319649130809e-05,1.512059033058059e-05,0.0
8000000.0,0.04999999999999675,,0.22046499708270553,0.012905418061500763,0.00029694269416161915,0.0007764829371293532,0.004051332657101502,0.0,-1.1477254082595333e-05,1.51190797263831e-05,0.0
8000000.0,0.04999999999999675,,0.23710218153183107,0.013573721791543512,0.00030391725473708,0.0007970579951223919,0.004040656056525799,0.0,-1.2440847410136707e-05,1.5233003834840589e-05,0.0
8000000.0,0.04999999999999675,,0.25401510948869915,0.014231269233770294,0.00031010436458907904,0.0008264495183870284,0.004011208166847254,0.0,-1.3158568369697366e-05,1.546294611108472e-05,0.0
8000000.0,0.04999999999999675,,0.27118604162740667,0.014873964212989362,0.0003154895978233916,0.0008581057959626397,0.003965982473515063,0.0,-1.344528202297097e-05,1.5844448038953102e-05,0.0
8000000.0,0.04999999999999675,,0.2885969680112919,0.015505195006980917,0.000320063751380486,0.0008947911108416509,0.00391191928779347,0.0,-1.3293972876791771e-05,1.6388988152406166e-05,0.0
8000000.0,0.04999999999999675,,0.306229626982871,0.016119387986085903,0.0003238192391289187,0.0009482520207680092,0.003856771381341275,0.0,-1.259498422326783e-05,1.7062526181482727e-05,0.0
8000000.0,0.04999999999999675,,0.32406552431779473,0.016713359360037133,0.0003267352223048117,0.0010062127541079944,0.003809221038619115,0.0,-1.1307335065026868e-05,1.7899306909572974e-05,0.0
8000000.0,0.04999999999999675,,0.3420859526227361,0.017294143087045244,0.0003287952513303172,0.0010617516919852027,0.0037802236762644707,0.0,-9.357773701965362e-06,1.898011271647049e-05,0.0
8000000.0,0.04999999999999675,,0.3602720109568628,0.01785643887603781,0.0003300204986838394,0.00112252762290152,0.003777790401420424,0.0,-6.75186969812962e-06,2.031955283583818e-05,0.0
8000000.0,0.04999999999999675,,0.3786046246563139,0.018392432183972948,0.00033047311050723543,0.0011932287943634608,0.0038213842637829496,0.0,-3.390055886578636e-06,2.189937230687802e-05,0.0
8000000.0,0.04999999999999675,,0.397064565340888,0.018906869844640073,0.0003302359281003452,0.0012719710076744032,0.003924597073892413,0.0,7.967651891421396e-07,2.370465760264424e-05,0.0
8000000.0,0.04999999999999675,,0.4156324710819595,0.019412328307901777,0.000329388662607702,0.0013551704514448257,0.0040901196779655384,0.0,5.792939086797536e-06,2.5697273571554534e-05,0.0
8000000.0,0.04999999999999675,,0.43428886671046696,0.019860110427356865,0.00032801338974613266,0.0014395836652768262,0.004321827575656733,0.0,1.1785217304744943e-05,2.7879775878064506e-05,0.0
8000000.0,0.04999999999999675,,0.45301418424367706,0.020262908141407677,0.00032619188754766815,0.0015218901637635623,0.004628964192213398,0.0,1.876654393029334e-05,3.032240186088131e-05,0.0
8000000.0,0.04999999999999675,,0.4717887834092959,0.02067481394058899,0.00032400006478458516,0.0016103406150581132,0.005008532548402947,0.0,2.6526451750035322e-05,3.2999715019182155e-05,0.0
8000000.0,0.04999999999999675,,0.49059297224540244,0.021053368330284008,0.0003215353732140817,0.0017038986216099436,0.005455363602842468,0.0,3.5069099999695616e-05,3.5803704574961406e-05,0.0
8000000.0,0.04999999999999675,,0.5094070277545975,0.021381703053819007,0.00031891843237923583,0.0017960176494541955,0.005960118892639934,0.0,4.4237415402235305e-05,3.8664705876261326e-05,0.0
8000000.0,0.04999999999999675,,0.528211216590704,0.021689580841591536,0.0003162701567124139,0.0018987285825453682,0.006506513279350364,0.0,5.378794064705742e-05,4.1494158754544076e-05,0.0
8000000.0,0.04999999999999675,,0.5469858157563228,0.021955670643521295,0.0003136867009288123,0.002005888163620281,0.007088469504628257,0.0,6.388197318830164e-05,4.430176383228066e-05,0.0
8000000.0,0.04999999999999675,,0.5657111332895329,0.0221784491228796,0.0003112643065472377,0.0021010667561264626,0.007692519734883294,0.0,7.4457898489196e-05,4.718974217369532e-05,0.0
8000000.0,0.04999999999999675,,0.5843675289180406,0.02236366294226369,0.00030912689666009693,0.0021982527144251986,0.008302734478576834,0.0,8.527113346924174e-05,5.014565456812428e-05,0.0
8000000.0,0.04999999999999675,,0.6029354346591118,0.022531347477552893,0.0003073534547318504,0.0023184994570704712,0.008927498046540128,0.0,9.648319520717682e-05,5.320573920559313e-05,0.0
8000000.0,0.04999999999999675,,0.621395375343686,0.022698534956176547,0.0003059609522212239,0.0024486350571881975,0.009570760926274775,0.0,0.0001079986770482544,5.665433500012179e-05,0.0
8000000.0,0.04999999999999675,,0.6397279890431371,0.02288836506667482,0.0003050431506145964,0.0025797637012268436,0.010240487122720422,0.0,0.00011968578323419955,6.065171607206553e-05,0.0
8000000.0,0.04999999999999675,,0.6579140473772638,0.023125130051135288,0.00030481746830711393,0.002706488578409937,0.010938288954051955,0.0,0.00013141869046751168,6.513016787563365e-05,0.0
8000000.0,0.04999999999999675,,0.6759344756822052,0.023332334957449095,0.00030558100905056425,0.002833939537981022,0.011674210825125524,0.0,0.00014346129476286215,6.979310769799467e-05,0.0
8000000.0,0.04999999999999675,,0.6937703730171288,0.02347502306624394,0.00030756918897800213,0.0029636592764100923,0.012457428142709634,0.0,0.0001559011371289636,7.445806155533025e-05,0.0
8000000.0,0.04999999999999675,,0.7114030319887079,0.023603223409388724,0.00031091494788717405,0.003094523412311876,0.013298870583815575,0.0,0.00016883886432139802,7.938008689849054e-05,0.0
8000000.0,0.04999999999999675,,0.7288139583725932,0.02377315571068879,0.0003157915995956226,0.003216879020406854,0.014199776728066611,0.0,0.00018226231420170815,8.473302065929462e-05,0.0
8000000.0,0.04999999999999675,,0.7459848905113007,0.024017009930818956,0.0003224391638378106,0.003332019752402483,0.015160712203213115,0.0,0.0001959404724806409,9.042368786677725e-05,0.0
8000000.0,0.04999999999999675,,0.762897818468169,0.0244226655964727,0.0003310682424117286,0.0034561614179333456,0.016199610043446718,0.0,0.0002100622734262327,9.654843449592348e-05,0.0
8000000.0,0.04999999999999675,,0.7795350029172945,0.02489715230755548,0.0003417945162729184,0.003602002277289789,0.017324802988965028,0.0,0.00022440351604339148,0.00010354096429830185,0.0
8000000.0,0.04999999999999675,,0.7958789937496361,0.025479766996938186,0.00035471944961387275,0.003781027249233829,0.018554900379444024,0.0,0.00023901803947441375,0.00011201620051821396,0.0
8000000.0,0.04999999999999675,,0.8119126483757694,0.02630476942011056,0.0003700304345433189,0.003983120234325312,0.019907660140627732,0.0,0.00025371152944553987,0.00012259400747313933,0.0
8000000.0,0.04999999999999675,,0.8276191497060952,0.027111956615125273,0.000388039682864352,0.004197752705681375,0.021400880296352922,0.0,0.00026832109938942315,0.0001356348403563889,0.0
8000000.0,0.04999999999999675,,0.842982023789645,0.028207308239615755,0.0004090976247571079,0.004424063674076706,0.02303946553207593,0.0,0.0002825229097476158,0.00015155996115445808,0.0
8000000.0,0.04999999999999675,,0.8579851570929806,0.029587536064860757,0.00043356410078758287,0.0046482097232684195,0.02484068841746241,0.0,0.00029598566583573113,0.00017109055493941692,0.0
8000000.0,0.04999999999999675,,0.8726128134010644,0.031018848804935526,0.0004618718546192922,0.004921034091063367,0.02680193341041925,0.0,0.0003079268788624552,0.00019478685182940087,0.0
8000000.0,0.04999999999999675,,0.8868496503223778,0.032403166992530055,0.000494404616453979,0.005234514315522142,0.028899379103028273,0.0,0.0003173586654593212,0.00022412047190250624,0.0
8000000.0,0.04999999999999675,,0.9006807353809696,0.03404676369607315,0.00053156172344817,0.005516036047064143,0.03108264292911814,0.0,0.0003230053097773539,0.0002607531762744902,0.0
8000000.0,0.04999999999999675,,0.9140915616785621,0.03576095145996272,0.0005737286883870713,0.005725884308592211,0.03324046567639494,0.0,0.0003228374345727244,0.0003047750605066141,0.0
8000000.0,0.04999999999999675,,0.927068063110284,0.03747585905472814,0.0006209247235996518,0.005849910050110625,0.035196196299900305,0.0,0.0003146425745941869,0.0003526444162474374,0.0
8000000.0,0.04999999999999675,,0.9395966291180717,0.039538334837717744,0.0006723574445322637,0.005915144015453546,0.036658274957039834,0.0,0.00029589332849345003,0.00039527188643606457,0.0
8000000.0,0.04999999999999675,,0.9516641189662659,0.0417537185514239,0.0007260461384999844,0.006000577247401935,0.03714365959788502,0.0,0.0002637704336470012,0.00041842407284974574,0.0
8000000.0,0.04999999999999675,,0.9632578755244279,0.043476627515746456,0.0007786411614417683,0.006419836881195184,0.035910261552521486,0.0,0.00021571220928773258,0.0004037671049493437,0.0
8000000.0,0.04999999999999675,,0.9743657385429216,0.044105488102389595,0.0008254760517296371,0.007916604773417454,0.031776719005271535,0.0,0.00015007970245406267,0.00033546400223745425,0.0
8000000.0,0.04999999999999675,,0.9849760574073374,0.04340226440871511,0.0008610487053728667,0.010361380869902256,0.02307169900614728,0.0,7.201795127143704e-05,0.0002183394506258574,0.0
8000000.0,0.04999999999999675,,0.995077703358376,0.042015372538682774,0.0008801444380369941,0.012639971736185062,0.008672798399660269,0.0,9.594404654639578e-06,0.00013240999143014626,0.0
8000000.0,0.0999999999999935,,0.004922296641623997,3.573722812101442e-05,7.395578452363782e-06,0.002180045330888643,0.00016610286277910728,0.0,-8.134713844020339e-10,6.786261524139182e-05,0.0
8000000.0,0.0999999999999935,,0.01502394259266257,0.00018045059374289466,2.0873694283799426e-05,0.002044921058285919,0.0005072144354359045,0.0,-1.3670867311351115e-08,5.4094073354905254e-05,0.0
8000000.0,0.0999999999999935,,0.025634261457078256,0.00042523995073440114,3.3375808049745705e-05,0.001844799033962321,0.0008643420711796712,0.0,-6.591874900710307e-08,4.30837588528674e-05,0.0
8000000.0,0.0999999999999935,,0.0367421244755721,0.0007401675827164761,4.48926664095842e-05,0.0015996042208691055,0.0012323651584864913,0.0,-1.931013648340153e-07,3.4718815482603044e-05,0.0
8000000.0,0.0999999999999935,,0.04833588103373401,0.0011097447084310501,5.54556009959631e-05,0.0013853188225791198,0.001603444086074273,0.0,-4.3157705272272536e-07,2.8477525652822114e-05,0.0
8000000.0,0.0999999999999935,,0.06040337088192818,0.0015192751681882024,6.512148953217249e-05,0.001205913294361196,0.0019689183091035544,0.0,-8.112814547587034e-07,2.3879381856638648e-05,0.0
8000000.0,0.0999999999999935,,0.07293193688971603,0.0019542595410381816,7.3962795338669e-05,0.0010597868545152939,0.0023211285546547397,0.0,-1.3518233964557322e-06,2.0530714849110565e-05,0.0
8000000.0,0.0999999999999935,,0.08590843832143788,0.002402199769861312,8.206070596061779e-05,0.0009430572019603814,0.0026539802711574045,0.0,-2.062223037250082e-06,1.8124804871935852e-05,0.0
8000000.0,0.0999999999999935,,0.09931926461903035,0.0028521655122377377,8.949986179352157e-05,0.0008519833237188904,0.0029623955671558137,0.0,-2.941151590191158e-06,1.6426464513764996e-05,0.0
8000000.0,0.0999999999999935,,0.11315034967762214,0.003294668759131561,9.636404207737274e-05,0.0007832801565339232,0.0032417898042801842,0.0,-3.9765971225684825e-06,1.525751389663273e-05,0.0
8000000.0,0.0999999999999935,,0.1273871865989355,0.003722701779885048,0.00010273296272349255,0.000733834346674079,0.0034880788587062493,0.0,-5.145551404914534e-06,1.4484522670425548e-05,0.0
8000000.0,0.0999999999999935,,0.14201484290701943,0.004133232545819374,0.00010868019687498053,0.0007008919991370747,0.003698096802490288,0.0,-6.417473422492462e-06,1.4007144933153466e-05,0.0
8000000.0,0.0999999999999935,,0.15701797621035488,0.004528085785976932,0.00011427155802234019,0.0006821823628447013,0.003869947825231845,0.0,-7.753938084489206e-06,1.3748201641265244e-05,0.0
8000000.0,0.0999999999999935,,0.17238085029390485,0.004912860638876069,0.00011956312968907501,0.0006750346152195441,0.0040033619530675585,0.0,-9.123632006179691e-06,1.3647031803140308e-05,0.0
8000000.0,0.0999999999999935,,0.1880873516242307,0.005294721495470886,0.0001245984882538087,0.0006767000695788003,0.0040992171896165235,0.0,-1.0481546889255114e-05,1.365160673504846e-05,0.0
8000000.0,0.0999999999999935,,0.20412100625036386,0.005680950610261824,0.00012940518329654233,0.0006876797557986165,0.004159857809745223,0.0,-1.181886228875849e-05,1.3708813782165427e-05,0.0
8000000.0,0.0999999999999935,,0.22046499708270553,0.0060770579611634495,0.00013399048528785784,0.0007101903929325204,0.004187501618650744,0.0,-1.3067276588502975e-05,1.3773211431752145e-05,0.0
8000000.0,0.0999999999999935,,0.23710218153183107,0.006488168791111708,0.00013833867989542113,0.0007418864449982238,0.004186611122352934,0.0,-1.4257869162800303e-05,1.3839852485403252e-05,0.0
8000000.0,0.0999999999999935,,0.25401510948869915,0.006918074168702745,0.00014241439136174205,0.0007781383301861477,0.004160755922917034,0.0,-1.5233040679821316e-05,1.3961530006874647e-05,0.0
8000000.0,0.0999999999999935,,0.27118604162740667,0.007368414711358876,0.00014617205204737772,0.0008192488007294178,0.00411192761102667,0.0,-1.574674971634705e-05,1.4223031573747063e-05,0.0
8000000.0,0.0999999999999935,,0.2885969680112919,0.007847321025839103,0.00014956598218984218,0.0008695639054226758,0.004051049145537084,0.0,-1.5580398646117944e-05,1.4690618938910529e-05,0.0
8000000.0,0.0999999999999935,,0.306229626982871,0.008374484097835727,0.00015255474567621333,0.0009403728874376738,0.00401073309968651,0.0,-1.4613804013252462e-05,1.537858197076203e-05,0.0
8000000.0,0.0999999999999935,,0.32406552431779473,0.008956230620020472,0.00015509834308801462,0.0010289058548434546,0.004023649919852847,0.0,-1.2969021845886783e-05,1.6306853969396387e-05,0.0
8000000.0,0.0999999999999935,,0.3420859526227361,0.009551813405173576,0.00015715960571362884,0.001098156310889438,0.004102823694808162,0.0,-1.0486571996500662e-05,1.7574476462502175e-05,0.0
8000000.0,0.0999999999999935,,0.3602720109568628,0.01015293004866462,0.00015872547309753163,0.0011582196548837063,0.004262297370656207,0.0,-7.101938567842318e-06,1.9203022968847994e-05,0.0
8000000.0,0.0999999999999935,,0.3786046246563139,0.010774881993344221,0.0001598099451062728,0.0012290053686328766,0.004505299688163648,0.0,-2.9576895175981315e-06,2.1152896130675074e-05,0.0
8000000.0,0.0999999999999935,,0.397064565340888,0.011375167163855227,0.00016044187621089493,0.001313752823055292,0.00482478703531578,0.0,2.0569269051403697e-06,2.34213580307153e-05,0.0
8000000.0,0.0999999999999935,,0.4156324710819595,0.01194137659594643,0.00016066686790307337,0.0014004587558813176,0.005205793440503097,0.0,8.024906907165317e-06,2.6011560892585086e-05,0.0
8000000.0,0.0999999999999935,,0.43428886671046696,0.012567190961267464,0.00016055539250168547,0.0014823956391539727,0.005643782834554094,0.0,1.4903266073927433e-05,2.8822913042415484e-05,0.0
8000000.0,0.0999999999999935,,0.45301418424367706,0.01328006148703828,0.00016019397189132622,0.0015783110535281266,0.006135528824725029,0.0,2.2571622394589024e-05,3.164845992959851e-05,0.0
8000000.0,0.0999999999999935,,0.4717887834092959,0.01396563996776461,0.00015964969952043836,0.0016958081034508514,0.006672829431274911,0.0,3.1006456783992745e-05,3.440615826549902e-05,0.0
8000000.0,0.0999999999999935,,0.49059297224540244,0.014613407495583996,0.00015894863382657202,0.0018312838755374507,0.007243753962789844,0.0,4.0140903433885955e-05,3.720380223564417e-05,0.0
8000000.0,0.0999999999999935,,0.5094070277545975,0.015256717607726436,0.00015810598762587045,0.0019788827103664136,0.007839661857538678,0.0,4.994485238096138e-05,4.0210536422293774e-05,0.0
8000000.0,0.0999999999999935,,0.528211216590704,0.01585171538607238,0.00015715541728377917,0.0021388996034684606,0.008451952861293077,0.0,6.042517258936516e-05,4.351817000112318e-05,0.0
8000000.0,0.0999999999999935,,0.5469858157563228,0.016586947120979828,0.0001561150299653695,0.0022773544986555766,0.009070574561950207,0.0,7.159763052709012e-05,4.730756774465043e-05,0.0
8000000.0,0.0999999999999935,,0.5657111332895329,0.017414312095011285,0.00015503325104282244,0.002408667117568177,0.009685940979763951,0.0,8.354207890680858e-05,5.1456395380949e-05,0.0
8000000.0,0.0999999999999935,,0.5843675289180406,0.0181913732979138,0.00015401232268081713,0.0025417817360190234,0.010309055970027516,0.0,9.637378919962253e-05,5.569617434619656e-05,0.0
8000000.0,0.0999999999999935,,0.6029354346591118,0.01888490431313448,0.00015314121444828037,0.0026538968767461334,0.010946780401840859,0.0,0.0001100169392809148,6.001748704896728e-05,0.0
8000000.0,0.0999999999999935,,0.621395375343686,0.019484497791483542,0.00015252386090657604,0.002771721117889151,0.011619986583656485,0.0,0.00012450568799165644,6.440745521782654e-05,0.0
8000000.0,0.0999999999999935,,0.6397279890431371,0.02015072378016051,0.00015227583234973994,0.0029154949991952108,0.01234456707159326,0.0,0.00013957752980577984,6.922238306718668e-05,0.0
8000000.0,0.0999999999999935,,0.6579140473772638,0.02087765891413342,0.00015254489889852808,0.003089392249735801,0.013147130224166234,0.0,0.0001552343481793543,7.48119824578682e-05,0.0
8000000.0,0.0999999999999935,,0.6759344756822052,0.021592208006650987,0.00015350944373390603,0.003274900232190589,0.014031301898885469,0.0,0.00017105388505254832,8.113318260477024e-05,0.0
8000000.0,0.0999999999999935,,0.6937703730171288,0.02241618545935202,0.00015533784235639616,0.0034375781101234656,0.014976210803204257,0.0,0.00018673783062733582,8.819751064552358e-05,0.0
8000000.0,0.0999999999999935,,0.7114030319887079,0.023409271888776267,0.00015818212516162356,0.0035952285162521675,0.015979753086529,0.0,0.00020240552364797083,9.584544767474535e-05,0.0
8000000.0,0.0999999999999935,,0.7288139583725932,0.024508279847841343,0.00016214713277130428,0.0037876756199255474,0.01701895662066966,0.0,0.00021776106261055727,0.00010328198213591325,0.0
8000000.0,0.0999999999999935,,0.7459848905113007,0.025777052854605298,0.0001671887463505221,0.004007952236147501,0.018079710566636435,0.0,0.00023285991842390372,0.00011028470640262653,0.0
8000000.0,0.0999999999999935,,0.762897818468169,0.02725242275556426,0.00017322391238632078,0.004193104713717735,0.01918809768538884,0.0,0.00024795929759315245,0.00011785411033266004,0.0
8000000.0,0.0999999999999935,,0.7795350029172945,0.029030040806459545,0.0001803192235830147,0.004327856903114457,0.020354280637249086,0.0,0.0002626251767998624,0.00012693223346922048,0.0
8000000.0,0.0999999999999935,,0.7958789937496361,0.030794914847054027,0.00018859274545967732,0.0045311807296482326,0.021567520171737947,0.0,0.00027657337772019286,0.00013601761438500212,0.0
8000000.0,0.0999999999999935,,0.8119126483757694,0.0324359783349796,0.0001980130453317106,0.004729842335848535,0.02284732699528547,0.0,0.00028960623113159073,0.00014478417376527302,0.0
8000000.0,0.0999999999999935,,0.8276191497060952,0.03418391080824709,0.00020848901820640667,0.004941588299298184,0.02422340729825596,0.0,0.00030177839636276666,0.00015393999582933695,0.0
8000000.0,0.0999999999999935,,0.842982023789645,0.035710055742832064,0.00021989829879759442,0.005133049758750678,0.02571544714652337,0.0,0.00031316515103705365,0.00016477184122365226,0.0
8000000.0,0.0999999999999935,,0.8579851570929806,0.03716610350452887,0.0002322740114769702,0.005294708799122142,0.027341111629169794,0.0,0.000323388266367488,0.00017834458478566888,0.0
8000000.0,0.0999999999999935,,0.8726128134010644,0.03879114571825151,0.0002457876643850694,0.005505625855704871,0.029106236461309803,0.0,0.00033217199080195033,0.00019521206499602565,0.0
8000000.0,0.0999999999999935,,0.8868496503223778,0.04072630195676923,0.000260648777152231,0.0057545127456045215,0.03098715152259719,0.0,0.00033855363598871,0.0002168072860508404,0.0
8000000.0,0.0999999999999935,,0.9006807353809696,0.04275739713276086,0.00027704853635472047,0.006044174229351558,0.03293648299821837,0.0,0.00034170353634895776,0.0002447366079304095,0.0
8000000.0,0.0999999999999935,,0.9140915616785621,0.045041106801864815,0.00029516324221688016,0.006289371495214242,0.03487870436989542,0.0,0.0003401609313875254,0.00028044274780126616,0.0
8000000.0,0.0999999999999935,,0.927068063110284,0.04741721632688837,0.00031514024362922443,0.006448157481761071,0.03665438240244022,0.0,0.0003314333063465286,0.00032297577077645257,0.0
8000000.0,0.0999999999999935,,0.9395966291180717,0.04964337300549858,0.0003369522592477883,0.006455840148159196,0.03801230916337453,0.0,0.0003130122896242421,0.0003668499804417211,0.0
8000000.0,0.0999999999999935,,0.9516641189662659,0.05148365224764457,0.0003602111090275105,0.006368294188623297,0.03854118318433119,0.0,0.0002815840070117051,0.0003996671654595213,0.0
8000000.0,0.0999999999999935,,0.9632578755244279,0.052628863695347104,0.00038387281595940687,0.006440191598464125,0.03756149435413119,0.0,0.00023347235906848824,0.0004016212744796042,0.0
8000000.0,0.0999999999999935,,0.9743657385429216,0.0526714727745285,0.0004059733044197455,0.0076084433984378265,0.03375946155087131,0.0,0.00016469515858474464,0.0003485820633539444,0.0
8000000.0,0.0999999999999935,,0.9849760574073374,0.05140063445111535,0.000423565270572316,0.010188804100053567,0.024846967513261795,0.0,7.897530469926549e-05,0.00023371551660634931,0.0
8000000.0,0.0999999999999935,,0.995077703358376,0.05023815369398756,0.0004333131056241017,0.012722558767649519,0.009370845959371887,0.0,1.0402273099987423e-05,0.0001425505404043601,0.0
