time,kinetic_energy,convective_wavelength_z05_2pi,convective_wavelength_z_weighted_2pi
0.1,3.75812464e-12,0.10237866750134099,0.10353115071321392
0.2,1.161089465e-11,0.10517766005127885,0.10638452046207424
0.3,2.0600728e-11,0.10811201189060782,0.10943720290197478
0.4,2.94049107e-11,0.11119311129269714,0.11265558047824803
0.5,3.74549421e-11,0.11442739915080523,0.1160374697839997
0.6,4.45478579e-11,0.11781929128756596,0.1195836794651789
0.7,5.06603645e-11,0.12137160068504134,0.12329452242441385
0.8,5.58546885e-11,0.12508562984754557,0.12716904236090082
0.9,6.02293605e-11,0.12896118525297118,0.1312047900890071
1.0,6.3893348e-11,0.1329965823793373,0.13539776259137346
1.1,6.6952805e-11,0.13718864884638238,0.1397424124436922
1.2,6.95047555e-11,0.14153274515007555,0.14423169808018957
1.3,7.16345985e-11,0.14602281304314363,0.14885716798830884
1.4,7.3415677e-11,0.15065144527842805,0.15360908574409807
1.5,7.4909905e-11,0.15540998739648662,0.15847657452547195
1.6,7.6168892e-11,0.1602886709291223,0.1634477949263562
1.7,7.72352355e-11,0.16527676985069722,0.16851014287702457
1.8,7.81438175e-11,0.17036278090555096,0.17365046075912535
1.9,7.8923008e-11,0.17553461901506373,0.1788552548038928
2.0,7.95957445e-11,0.18077982336613432,0.18411091877354424
2.1,8.018047e-11,0.1860857672695694,0.1894039450763063
2.2,8.0691938e-11,0.19143985922201343,0.19472112331507063
2.3,8.1141889e-11,0.19682973705637444,0.20004972124313075
2.4,8.15396195e-11,0.20224344575596856,0.20537764372877032
2.5,8.1892453e-11,0.2076695876226485,0.210693560303925
2.6,8.22061305e-11,0.21309745673696945,0.2159870113500138
2.7,8.248513e-11,0.2185171413741092,0.22124847846961496
2.8,8.2732928e-11,0.22391959814545523,0.226469433495311
2.9,8.2952214e-11,0.22929670729063503,0.23164235985251896
3.0,8.31450635e-11,0.2346412940403463,0.2367607494178977
3.1,8.33130785e-11,0.23994713489954234,0.24181908304147334
3.2,8.34579775e-11,0.24520935851465453,0.24681310826342998
3.3,8.36129935e-11,0.2504650846878405,0.25175721734803225
3.4,8.3853724e-11,0.2557973658191277,0.2566464792514511
3.5,8.41496635e-11,0.26112897841949817,0.2614568633031607
3.6,8.44839865e-11,0.2664325453939315,0.2661903901755558
3.7,8.48583025e-11,0.2717062886009859,0.27084636557666
3.8,8.5274449e-11,0.2769491329876551,0.275426155470959
3.9,8.5735373e-11,0.28216049861593534,0.27993069039819685
4.0,8.62764255e-11,0.2873571025286549,0.284358280181526
4.1,8.69396075e-11,0.2925538679192368,0.2887074401042582
4.2,8.768661e-11,0.29772055130352354,0.29298617997102316
4.3,8.85096265e-11,0.30284866849639486,0.2971984525336976
4.4,8.94125605e-11,0.30793552526799095,0.30134634380980346
4.5,9.04001585e-11,0.3129797079016178,0.30543276605573066
4.6,9.14773605e-11,0.31798004018498577,0.3094616783065413
4.7,9.26509705e-11,0.32293538863146554,0.31343467963289595
4.8,9.3926709e-11,0.32784432444471817,0.3173543166097997
4.9,9.53122315e-11,0.33270674395218625,0.3212245853431078
5.0,9.6815139e-11,0.33752196731321943,0.3250478018149246
5.1,9.8443655e-11,0.3422883269704372,0.3288262367684201
5.2,1.00207345e-10,0.3470060327822288,0.33256295765466115
5.3,1.021160865e-10,0.3516736949080044,0.33626016798673514
5.4,1.04180778e-10,0.35629056627703076,0.33992066378210367
5.5,1.06413274e-10,0.3608558847389303,0.3435469080494072
5.6,1.088279125e-10,0.3653689302406668,0.3471412437884467
5.7,1.1143928e-10,0.3698282846673163,0.3507063677423561
5.8,1.142650085e-10,0.37423312366496664,0.35424439294635407
5.9,1.173241775e-10,0.3785825638177636,0.35775784775420844
6.0,1.206370105e-10,0.38287536985147574,0.3612495313249734
6.1,1.242246655e-10,0.3871100451113629,0.36472178603013145
6.2,1.28110901e-10,0.3912850816329514,0.3681769542411652
6.3,1.323197995e-10,0.3953988627526616,0.37161750022335205
6.4,1.3687601e-10,0.3994491805591768,0.3750460805074399
6.5,1.418057515e-10,0.4034341934508831,0.3784644851729228
6.6,1.47137563e-10,0.4073514465872813,0.38187500883907494
6.7,1.529006735e-10,0.4111985335083986,0.3852799926207417
6.8,1.591269445e-10,0.4149727593560568,0.3886813422080268
6.9,1.65850336e-10,0.41867217571449217,0.3920816286803579
7.0,1.73106006e-10,0.42229351344238925,0.39548230785177074
7.1,1.80934218e-10,0.42583565350444497,0.3988861223326518
7.2,1.89377446e-10,0.429296043042469,0.4022949225210742
7.3,1.984796405e-10,0.43267243393275834,0.4057111349832034
7.4,2.08288389e-10,0.4359628840427346,0.4091366930551585
7.5,2.188564425e-10,0.4391658320008491,0.41257388318807275
7.6,2.30239385e-10,0.44227985089571825,0.4160253499746421
7.7,2.424967615e-10,0.445303613090287,0.41949326928193825
7.8,2.55692148e-10,0.4482358160802408,0.422979663038993
7.9,2.69895166e-10,0.45107536282142535,0.42648724809513333
8.0,2.851800485e-10,0.4538220409421771,0.43001871239703365
8.1,3.01626127e-10,0.4564758253097549,0.43357662325421037
8.2,3.193196145e-10,0.4590362842693281,0.43716373710005785
8.3,3.38349787e-10,0.46150403043146404,0.4407831308104209
8.4,3.58817274e-10,0.4638788633625516,0.44443722655323553
8.5,3.808275495e-10,0.4661625542925288,0.44812979800959724
8.6,4.04495356e-10,0.4683552175753683,0.45186378571022967
8.7,4.29942925e-10,0.47045918678609305,0.4556430626105563
8.8,4.573011475e-10,0.4724751738095984,0.4594706609758064
8.9,4.86709625e-10,0.47440500956608295,0.46335056057555335
9.0,5.1832211e-10,0.47625015426781203,0.467286478542225
9.1,5.52301015e-10,0.47801337817118755,0.4712826667073187
9.2,5.8881986e-10,0.47969651408136366,0.4753432901943747
9.3,6.28070025e-10,0.4813016404760399,0.4794726598968321
9.4,6.70250155e-10,0.48283168092133977,0.48367567921250465
9.5,7.15579165e-10,0.48428885840822494,0.48795665652155745
9.6,7.6429146e-10,0.48567563091878757,0.4923205153279973
9.7,8.16635135e-10,0.4869948120634082,0.496772101224333
9.8,8.72881825e-10,0.48824862043481887,0.5013159179977928
9.9,9.3332285e-10,0.48944018191770977,0.5059574207098605
10.0,9.9826987e-10,0.49057178107825866,0.510700937846894
10.1,1.068056145e-09,0.4916462497480835,0.5155508695235641
10.2,1.143044705e-09,0.49266612444909286,0.520511355102351
10.3,1.22361859e-09,0.49363390211912767,0.5255862398926628
10.4,1.310194575e-09,0.4945522707048624,0.5307777852128915
10.5,1.403218525e-09,0.4954236555158257,0.5360880023106541
10.6,1.503175835e-09,0.49625043976420447,0.5415173102744103
10.7,1.610576545e-09,0.4970347220338914,0.5470639736883783
10.8,1.72598478e-09,0.4977788987317625,0.5527250067829005
10.9,1.84999188e-09,0.4984851959903723,0.5584946830628876
11.0,1.983240685e-09,0.4991559071723578,0.5643645252547231
11.1,2.126424805e-09,0.4997926866404104,0.5703221441736186
11.2,2.280277855e-09,0.5003976468014304,0.5763518576173656
11.3,2.44560101e-09,0.5009728529384282,0.5824336536407609
11.4,2.623248485e-09,0.5015198073610109,0.5885426037060983
11.5,2.814142975e-09,0.5020402071575297,0.5946495305857669
11.6,3.019275715e-09,0.502535772664122,0.6007206803799777
11.7,3.23971204e-09,0.5030078981196073,0.606717333587594
11.8,3.47659264e-09,0.5034582058424321,0.6125985087607682
11.9,3.731140245e-09,0.5038882000271585,0.6183193992484376
12.0,4.00467734e-09,0.5042991838064198,0.6238336477094061
12.1,4.29862618e-09,0.5046921492951755,0.6290947994131046
12.2,4.61451335e-09,0.5050683455906648,0.6340587043013358
12.3,4.95396949e-09,0.5054292266219681,0.6386850639084946
12.4,5.3187572e-09,0.5057755482562774,0.642938510184487
12.5,5.71076945e-09,0.5061084025111994,0.6467909007423222
12.6,6.13203725e-09,0.506428647669847,0.6502239263800148
12.7,6.58474045e-09,0.5067374385816794,0.6532280492222688
12.8,7.0712227e-09,0.5070354041935462,0.6558038724548736
12.9,7.5939995e-09,0.5073234360894423,0.6579618135990686
13.0,8.15578545e-09,0.5076021167206458,0.65972000592765
13.1,8.7594863e-09,0.5078722126357641,0.6611058064294456
13.2,9.4082203e-09,0.5081342629320965,0.6621509326238859
13.3,1.010533875e-08,0.508388973211353,0.6628917201716025
13.4,1.08544622e-08,0.5086367443407565,0.6633663645560774
13.5,1.16594461e-08,0.5088780312229226,0.6636132371899818
13.6,1.25244559e-08,0.509113263627727,0.6636703639107947
13.7,1.34539517e-08,0.5093428575020367,0.6635731818836484
13.8,1.44527328e-08,0.5095672030316593,0.6633544767694762
13.9,1.55259607e-08,0.5097864755174648,0.6630436790082566
14.0,1.66791419e-08,0.5100010161364155,0.6626664491287841
14.1,1.791823525e-08,0.5102109939061961,0.6622449479256374
14.2,1.924959905e-08,0.510416539517061,0.6617974846008012
14.3,2.068008265e-08,0.510617870367222,0.6613392895954605
14.4,2.22169954e-08,0.5108151705540083,0.6608827219351142
14.5,2.38682241e-08,0.5110085274136958,0.6604372692295765
14.6,2.56421779e-08,0.5111979886984929,0.6600099937791324
14.7,2.754791125e-08,0.5113836888685652,0.6596061106275868
14.8,2.95950961e-08,0.5115657228000107,0.6592289875622646
14.9,3.179412995e-08,0.5117441589795493,0.65888045299009
15.0,3.415611245e-08,0.5119190162567369,0.6585615562030094
15.1,3.669292885e-08,0.5120904221802353,0.6582719893249427
15.2,3.941731765e-08,0.5122584427234902,0.6580109920904679
15.3,4.23428841e-08,0.5124230628068568,0.6577775466235649
15.4,4.548419725e-08,0.5125843559436033,0.6575695606235266
15.5,4.8856817e-08,0.5127423592045228,0.6573852496657258
15.6,5.24773245e-08,0.5128972604568564,0.6572225151662698
15.7,5.6363515e-08,0.5130489409484014,0.657079032346595
15.8,6.05343015e-08,0.5131976023694063,0.6569526397909559
15.9,6.5009913e-08,0.5133432912154424,0.6568413457296097
16.0,6.9811879e-08,0.5134860483272142,0.6567430075963672
16.1,7.496322e-08,0.5136259849171017,0.6566558032674887
16.2,8.0488447e-08,0.513763190206336,0.6565781242475361
16.3,8.64136795e-08,0.5138977640975637,0.6565083620410704
16.4,9.27667185e-08,0.5140297392633483,0.6564451531968803
16.5,9.95772875e-08,0.514159261473589,0.6563876180690223
16.6,1.068769525e-07,0.5142863546043901,0.6563347262151066
16.7,1.14699416e-07,0.5144111568858281,0.6562858116174902
16.8,1.23080485e-07,0.5145336783709995,0.6562405852496491
16.9,1.320584275e-07,0.5146540352988326,0.6561987518018739
17.0,1.41673935e-07,0.5147722540587057,0.6561601541945319
17.1,1.51970399e-07,0.5148883830311457,0.6561250563214059
17.2,1.62994008e-07,0.515002434782523,0.6560936026957583
17.3,1.74794109e-07,0.5151144583216833,0.6560660572113716
17.4,1.87423311e-07,0.5152243801353583,0.6560430984522592
17.5,2.00937571e-07,0.5153321838872662,0.6560251599582071
17.6,2.15396828e-07,0.5154378538694439,0.656013008277823
17.7,2.308647335e-07,0.5155413278783566,0.6560073534110467
17.8,2.474092925e-07,0.5156425411971958,0.6560088676587057
17.9,2.65103275e-07,0.5157414190560564,0.6560183678348901
18.0,2.840241585e-07,0.5158379495168862,0.6560367964173961
18.1,3.042547305e-07,0.5159320345619944,0.6560649702203135
18.2,3.25883415e-07,0.5160235981648389,0.6561036495090644
18.3,3.49004708e-07,0.5161125837767518,0.6561535694163301
18.4,3.73719769e-07,0.5161989838579109,0.6562155593225707
18.5,4.001364905e-07,0.5162827186118625,0.6562902915286143
18.6,4.28370196e-07,0.5163637377731245,0.6563784194857327
18.7,4.5854442e-07,0.5164419973593996,0.656480533813345
18.8,4.907912965e-07,0.5165175218751104,0.6565970680512373
18.9,5.25252135e-07,0.516590240320263,0.6567286630843109
19.0,5.6207813e-07,0.5166602236948514,0.6568755953727192
19.1,6.01431255e-07,0.5167274066537485,0.6570383173058045
19.2,6.43485275e-07,0.5167917741173094,0.6572169419809024
19.3,6.8842588e-07,0.5168533317404008,0.6574116578935719
19.4,7.36452515e-07,0.5169120631867412,0.6576226661057429
19.5,7.87778595e-07,0.5169679075094328,0.6578498283873386
19.6,8.42632795e-07,0.5170208452306014,0.6580931573047298
19.7,9.0126089e-07,0.5170709391821,0.6583525271942101
19.8,9.63925705e-07,0.5171181057975639,0.6586274982328083
19.9,1.030909405e-06,0.5171624713690179,0.6589179447568179
20.0,1.102514945e-06,0.5172040541176993,0.6592233515450441
20.1,1.17906836e-06,0.5172429589728029,0.6595432850577003
20.2,1.260917805e-06,0.5172791570316762,0.659877135825812
20.3,1.348439445e-06,0.5173128587810267,0.6602245645573726
20.4,1.442035085e-06,0.5173441477872194,0.6605848235533301
20.5,1.542138225e-06,0.517373144687412,0.6609572907783399
20.6,1.649213245e-06,0.5174001271983952,0.661341262515647
20.7,1.76376027e-06,0.5174251996210449,0.6617359659334586
20.8,1.88631615e-06,0.5174485736987062,0.6621405088194614
20.9,2.017458435e-06,0.5174705227499398,0.6625541748905301
21.0,2.157807955e-06,0.5174912867924244,0.6629760719343514
21.1,2.30803384e-06,0.5175111309765801,0.6634052637563141
21.2,2.468855095e-06,0.5175303499837977,0.6638410403564788
21.3,2.641045325e-06,0.5175490393184938,0.6642823021774168
21.4,2.8254386e-06,0.517567503715156,0.6647281318740731
21.5,3.02293168e-06,0.5175860158640266,0.6651775241367984
21.6,3.234489605e-06,0.5176048239509252,0.665629498788685
21.7,3.46115365e-06,0.5176243319846668,0.6660832013165312
21.8,3.70404216e-06,0.5176448082572644,0.6665375007469816
21.9,3.96436364e-06,0.5176666511226663,0.6669914608854254
22.0,4.243418975e-06,0.5176901778817306,0.667444070139028
22.1,4.542609515e-06,0.5177158327556582,0.6678943985963641
22.2,4.86344729e-06,0.5177438501072615,0.6683413090008933
22.3,5.2075604e-06,0.5177747690338397,0.6687837646270395
22.4,5.57670785e-06,0.517808875420324,0.6692208229970069
22.5,5.97278365e-06,0.5178466913994139,0.6696515039338875
22.6,6.3978324e-06,0.5178885807675383,0.6700747267298085
22.7,6.85405725e-06,0.5179349726662539,0.670489492358306
22.8,7.3438378e-06,0.5179861661751811,0.6708946761292102
22.9,7.86974025e-06,0.5180424308429699,0.6712890779541272
23.0,8.4345347e-06,0.5181043170766529,0.6716717176561491
23.1,9.04120785e-06,0.5181720875133762,0.6720413700141411
23.2,9.6929898e-06,0.5182460914982426,0.6723970674175658
23.3,1.03933601e-05,0.518326677748037,0.6727374526983969
23.4,1.11460714e-05,0.518414130262735,0.6730612503700171
23.5,1.19551922e-05,0.5185086249715253,0.6733673043263299
23.6,1.282509175e-05,0.5186104345646501,0.6736541380187879
23.7,1.376049865e-05,0.5187197205199721,0.6739204696775887
23.8,1.47665136e-05,0.5188365557224405,0.6741647662055171
23.9,1.58486418e-05,0.5189610444729316,0.6743854379566906
24.0,1.7012825e-05,0.5190932998687809,0.6745810460816737
24.1,1.8265481e-05,0.5192331748834523,0.6747498124390244
24.2,1.96135327e-05,0.5193807568532215,0.6748901850819722
24.3,2.10644276e-05,0.5195359483887162,0.6750002853381099
24.4,2.2626233e-05,0.519698558481103,0.6750786366588905
24.5,2.43076324e-05,0.5198683094135915,0.6751233101064245
24.6,2.611795295e-05,0.5200449762481477,0.6751329359463151
24.7,2.80672844e-05,0.5202282529936468,0.675106056479571
24.8,3.01664742e-05,0.520417591128012,0.6750416915292842
24.9,3.242722115e-05,0.5206126739787034,0.6749394138388539
25.0,3.48620746e-05,0.5208128996165687,0.6747994496029512
25.1,3.748451575e-05,0.5210177283159901,0.6746232188214555
25.2,4.030905575e-05,0.5212264569885317,0.67441344839679
25.3,4.335121435e-05,0.5214382763599258,0.6741744108949637
25.4,4.66276566e-05,0.5216525009346556,0.6739124397667661
25.5,5.0156195e-05,0.5218682372437703,0.6736355083743522
25.6,5.3955821e-05,0.5220845993581416,0.673352702203676
25.7,5.80467855e-05,0.5223005681451126,0.6730736973601107
25.8,6.24506355e-05,0.5225151137906116,0.672807510214572
25.9,6.71901845e-05,0.5227272510911822,0.672562692182263
26.0,7.22895575e-05,0.5229359068787742,0.6723470846784472
26.1,7.7774171e-05,0.5231399074543721,0.6721688495608383
26.2,8.3670664e-05,0.5233382588180604,0.6720361047048536
26.3,9.00069055e-05,0.5235299481203675,0.6719562202868582
26.4,9.68117455e-05,0.5237138776888202,0.671935253297488
26.5,0.0001041149845,0.5238890277624431,0.6719770867452634
26.6,0.0001119470505,0.5240545802705092,0.672083812930891
26.7,0.000120338938,0.5242095600626591,0.6722571283144042
26.8,0.0001293217145,0.524353262165501,0.6724980319222669
26.9,0.0001389263805,0.5244848509153893,0.6728070641084152
27.0,0.0001491831695,0.5246039794804949,0.6731847338108592
27.1,0.0001601214405,0.5247098794272548,0.6736306263393684
27.2,0.000171769123,0.5248023119946272,0.6741432023135429
27.3,0.000184152247,0.524880831704774,0.6747204762468253
27.4,0.0001972945615,0.5249453128939889,0.6753622470772859
27.5,0.0002112171005,0.524995624243699,0.6760701672826605
27.6,0.000225937775,0.5250317387362077,0.6768475983670884
27.7,0.0002414709985,0.5250536532299221,0.6776978013037442
27.8,0.0002578273085,0.525061627848714,0.6786236412251276
27.9,0.0002750133085,0.5250556318049753,0.6796272167151316
28.0,0.000293031208,0.5250361049216776,0.680709897508153
28.1,0.0003118785375,0.525003292243048,0.68187113696707
28.2,0.0003315482315,0.5249574187071202,0.6831083589859067
28.3,0.000352028103,0.5248987896767005,0.6844169956889449
28.4,0.0003733013615,0.5248277306207874,0.6857915241562994
28.5,0.000395345814,0.5247447404242946,0.6872251208487267
28.6,0.0004181348325,0.5246500898925087,0.6887100008996313
28.7,0.000441636778,0.5245440806183246,0.6902376694424777
28.8,0.0004658157755,0.5244271191238313,0.6917995373629511
28.9,0.000490631658,0.5242996251258077,0.6933862992636115
29.0,0.00051604056,0.524162093739256,0.6949885429328688
29.1,0.00054199469,0.52401490384025,0.6965959827963752
29.2,0.000568442875,0.5238587453225365,0.6981987982354955
29.3,0.00059533081,0.5236940825135098,0.6997871497820386
29.4,0.00062260166,0.5235215751476271,0.7013519456668652
29.5,0.0006501962,0.5233419256850056,0.7028843265986919
29.6,0.000678053175,0.5231562519043117,0.7043755715163127
29.7,0.000706109975,0.5229654497877702,0.7058182159955824
29.8,0.00073430278,0.5227705026538813,0.7072059328688967
29.9,0.000762567205,0.522573122042323,0.7085341039950548
30.0,0.000790838855,0.5223748184308431,0.7097996883123682
30.1,0.000819053255,0.5221771651290426,0.7110018878563027
30.2,0.00084714685,0.5219824027208018,0.7121415257241336
30.3,0.000875057035,0.5217926297900134,0.7132209832430922
30.4,0.000902723035,0.5216102069293974,0.7142434208553884
30.5,0.000930086035,0.5214379056519928,0.7152134755517786
30.6,0.000957089905,0.5212784811345567,0.7161367644999274
30.7,0.000983681215,0.5211349581024959,0.7170200107081136
30.8,0.00100980999,0.5210105755378365,0.7178706283349996
30.9,0.00103542962,0.5209084813164171,0.7186967666719287
31.0,0.00106049747,0.5208320809246745,0.7195066001429858
31.1,0.00108497461,0.5207849859375231,0.7203080392784725
31.2,0.001108825565,0.5207703461157573,0.7211094595644032
31.3,0.001132018685,0.5207918402643746,0.7219185767523353
31.4,0.001154525915,0.5208529310467979,0.7227429746469344
31.5,0.00117632259,0.5209567682238213,0.7235894076724058
31.6,0.001197387685,0.5211065367420774,0.7244636689256027
31.7,0.00121770344,0.5213052242561796,0.7253704079636524
31.8,0.00123725489,0.5215557103499541,0.726313388414554
31.9,0.00125602958,0.5218603895453217,0.7272954188621396
32.0,0.001274017765,0.5222218806739182,0.7283176931116176
32.1,0.00129121169,0.5226421208417739,0.7293812981540464
32.2,0.00130760614,0.5231225199956716,0.7304861020425343
32.3,0.001323197435,0.5236648399407716,0.7316311057506176
32.4,0.00133798385,0.5242700872433602,0.7328136514909113
32.5,0.001351966025,0.524938758903395,0.7340302897946817
32.6,0.00136514631,0.5256712394518168,0.735276628715399
32.7,0.00137752927,0.5264674767381877,0.7365470008199165
32.8,0.00138912118,0.5273267155236336,0.737834720799067
32.9,0.001399930455,0.5282480328082331,0.7391320163526257
33.0,0.001409967,0.5292301348841313,0.7404310272157733
33.1,0.00141924224,0.5302711606718401,0.7417234658670895
33.2,0.00142776931,0.5313691096051579,0.7430016479709437
33.3,0.00143556304,0.532521260436528,0.7442567645015352
33.4,0.001442638825,0.5337243729272877,0.745480672450706
33.5,0.00144901394,0.5349750704936528,0.7466657440314932
33.6,0.001454705885,0.5362693840474646,0.7478047410144228
33.7,0.001459733355,0.5376025986864689,0.7488900230461614
33.8,0.00146411554,0.5389700994110573,0.749914496410497
33.9,0.00146787204,0.5403660403456202,0.7508719973026434
34.0,0.00147102231,0.5417838712694747,0.7517573923602046
34.1,0.001473586015,0.543216474590305,0.7525669619374787
34.2,0.00147558264,0.5446551355300899,0.7532978911674483
34.3,0.00147703247,0.5460904682666176,0.7539482825281503
34.4,0.001477955665,0.5475118743229119,0.7545160185861365
34.5,0.00147837328,0.5489076632043903,0.754999000757514
34.6,0.001478306095,0.5502647903900366,0.7553952812548379
34.7,0.001477774945,0.5515702528278577,0.7557031950340015
34.8,0.00147680038,0.5528106038729773,0.7559222771392923
34.9,0.001475402265,0.5539730201725024,0.7560527474821959
35.0,0.001473600265,0.5550454292141834,0.7560960449121477
35.1,0.00147141308,0.5560175102378352,0.7560540732342956
35.2,0.001468859675,0.5568793998991622,0.7559284472272638
35.3,0.001465958385,0.5576220491546853,0.7557211083953123
35.4,0.001462727535,0.5582368355892071,0.7554339542604035
35.5,0.0014591849,0.5587154031945879,0.7550693912825104
35.6,0.00145534806,0.5590506061041777,0.7546297693729377
35.7,0.00145123399,0.5592391720350686,0.754117287646543
35.8,0.001446859075,0.5592825329251919,0.7535343399969281
35.9,0.00144223882,0.5591872766943424,0.7528832889017687
36.0,0.001437388005,0.558964192200011,0.7521663711750343
36.1,0.001432321105,0.5586258671756421,0.7513851576130514
36.2,0.001427051775,0.5581833864167546,0.7505414640563739
36.3,0.001421593015,0.5576445479846333,0.7496379043100896
36.4,0.001415957355,0.5570134478877798,0.7486768911173565
36.5,0.001410156885,0.5562914879048363,0.7476608749204443
36.6,0.00140420328,0.5554801219648827,0.746591941736875
36.7,0.00139810788,0.5545844388196995,0.7454719702390556
36.8,0.00139188173,0.5536157789904477,0.7443020474180442
36.9,0.001385536075,0.5525924705286679,0.7430827324773328
37.0,0.001379081415,0.5515364624855941,0.7418152632044274
37.1,0.001372528495,0.5504674118064596,0.740500424997491
37.2,0.001365887265,0.5493991823396448,0.73913834352023
37.3,0.001359167275,0.548341436367515,0.7377296973566575
37.4,0.0013523777,0.5473052222431143,0.7362756677456113
37.5,0.001345527315,0.5463036994697503,0.7347771845985167
37.6,0.00133862473,0.5453453421794465,0.7332343672958946
37.7,0.00133167855,0.5444283106555451,0.7316465623864732
37.8,0.001324696535,0.5435417161379088,0.7300134871269136
37.9,0.001317686035,0.5426718286100042,0.7283349718712124
38.0,0.00131065338,0.5418076323913509,0.7266112490972261
38.1,0.001303604465,0.5409458300662996,0.7248432173004534
38.2,0.00129654477,0.5400927846166109,0.7230324535604067
38.3,0.00128947939,0.5392632238286449,0.7211810690273491
38.4,0.001282413125,0.5384751502849436,0.7192914890108092
38.5,0.001275350785,0.5377434431966331,0.7173661639530566
38.6,0.00126829679,0.537077373403634,0.7154074877476937
38.7,0.001261255605,0.5364802892153966,0.7134181118989198
38.8,0.00125423136,0.5359515811629461,0.7114010020702
38.9,0.001247227875,0.5354879807332855,0.7093591427745553
39.0,0.001240248495,0.5350851657232422,0.7072961405603518
39.1,0.00123329613,0.5347396483366522,0.7052169905599089
39.2,0.00122637348,0.5344471428128172,0.7031271591444439
39.3,0.001219483215,0.5342022650902479,0.7010315660480521
39.4,0.00121262798,0.5339997617977087,0.6989344461376307
39.5,0.00120581004,0.5338370436345345,0.6968406060499397
39.6,0.001199031135,0.5337124914238719,0.694755323660637
39.7,0.00119229283,0.5336197842813014,0.6926839145444925
39.8,0.0011855964,0.5335465682078725,0.6906313989665668
39.9,0.00117894309,0.5334793538330489,0.6886029102892557
40.0,0.00117233427,0.5334096695380811,0.6866034876271756
40.1,0.001165770935,0.5333341619869706,0.6846379878825689
40.2,0.001159254515,0.5332540350380223,0.6827110417630072
40.3,0.001152786245,0.5331735436643261,0.680826796170793
40.4,0.00114636716,0.5330983534140736,0.678989228362226
40.5,0.00113999828,0.5330329812691821,0.6772015678945538
40.6,0.0011336806,0.532978456415405,0.6754660767144871
40.7,0.001127415185,0.5329315128530194,0.6737845141139118
40.8,0.00112120281,0.5328866823258527,0.6721585451369346
40.9,0.00111504432,0.5328396011617089,0.6705896588984731
41.0,0.00110894052,0.5327907016437373,0.6690789549559562
41.1,0.00110289227,0.5327470115147038,0.6676269610969494
41.2,0.00109690051,0.5327205819240277,0.6662337527196766
41.3,0.00109096599,0.5327235965963381,0.6648990910630961
41.4,0.001085089545,0.5327621301151899,0.6636225111714952
41.5,0.001079271845,0.5328349063656475,0.662403359593602
41.6,0.0010735136,0.532935717560627,0.6612407566834733
41.7,0.001067815645,0.5330584514174619,0.6601335149190861
41.8,0.00106217853,0.5332005148655757,0.6590802771324142
41.9,0.001056602715,0.5333603609847459,0.6580791960669772
42.0,0.00105108866,0.5335352616159122,0.6571282359707357
42.1,0.001045636635,0.533720156281628,0.6562252354279436
42.2,0.001040246555,0.5339107120973056,0.6553682906334534
42.3,0.001034918395,0.5341050874613315,0.6545553155697428
42.4,0.00102965187,0.5343037096303065,0.6537844378475901
42.5,0.00102444659,0.5345080004890657,0.6530537285291065
42.6,0.001019301985,0.5347174768606587,0.6523608754020984
42.7,0.00101421757,0.5349282192940913,0.6517032332455518
42.8,0.001009192505,0.5351345955420538,0.6510787474578713
42.9,0.001004225915,0.5353335142773752,0.6504862430834042
43.0,0.000999316735,0.5355274429069258,0.6499247085293163
43.1,0.000994464125,0.5357217969081215,0.6493927552116545
43.2,0.00098966728,0.5359207608823773,0.6488885924226064
43.3,0.000984925405,0.536122939334236,0.6484105174189537
43.4,0.000980237875,0.5363217512554074,0.6479571541831143
43.5,0.00097560386,0.5365091843279873,0.6475276796178125
43.6,0.0009710224,0.5366769749066599,0.6471216601832627
43.7,0.00096649281,0.5368189843193801,0.6467387691538284
43.8,0.000962014305,0.5369320269911971,0.6463787237861711
43.9,0.000957586145,0.5370176699485266,0.6460414172661404
44.0,0.00095320774,0.5370804018989521,0.6457269124255897
44.1,0.00094887849,0.5371264444525646,0.6454351464326654
44.2,0.00094459786,0.5371614172903029,0.6451660061900324
44.3,0.00094036524,0.5371898034648837,0.6449194854145052
44.4,0.00093618016,0.5372138699495657,0.6446956029556398
44.5,0.00093204186,0.5372341728062489,0.6444942394329153
44.6,0.000927949715,0.5372506309818424,0.6443153131649227
44.7,0.00092390302,0.5372631778745823,0.644158924682627
44.8,0.00091990096,0.5372720101481686,0.6440251305346959
44.9,0.00091594287,0.5372771026698601,0.6439133652344519
45.0,0.000912027935,0.5372788292891826,0.643822899932399
45.1,0.00090815535,0.5372783838113443,0.6437533262214926
45.2,0.00090432425,0.5372790774750021,0.643704977110554
45.3,0.000900533735,0.537284809624958,0.6436777583518032
45.4,0.000896783055,0.5372993061900986,0.6436705012727735
45.5,0.00089307133,0.5373248492233279,0.6436819492364031
45.6,0.000889397555,0.5373618710077949,0.6437117629506857
45.7,0.000885760805,0.5374087372870011,0.6437602879908131
45.8,0.00088216026,0.5374625483709274,0.6438276374541206
45.9,0.000878595125,0.5375207740208505,0.6439135662963816
46.0,0.000875064615,0.53758134895376,0.644017194871653
46.1,0.00087156807,0.5376426583910319,0.6441371157464257
46.2,0.0008681048,0.5377041456424478,0.6442722230800861
46.3,0.00086467403,0.5377651245841727,0.6444219011204737
46.4,0.000861275105,0.5378251673312865,0.6445857037614319
46.5,0.00085790748,0.5378830360962842,0.6447630089676152
46.6,0.00085457075,0.5379373743394578,0.6449531632877517
46.7,0.0008512644,0.5379859666096679,0.6451555698192372
46.8,0.000847988255,0.5380267451106301,0.6453692860842756
46.9,0.00084474219,0.5380579675150584,0.6455931245608438
47.0,0.000841526055,0.5380792662566127,0.6458261741870724
47.1,0.00083833976,0.5380905571406097,0.6460674799187947
47.2,0.00083518286,0.5380936560076032,0.6463164134374798
47.3,0.00083205513,0.5380901531317944,0.6465720511148877
47.4,0.00082895599,0.5380808942299258,0.6468332871104043
47.5,0.00082588488,0.5380663492842582,0.6470994302736458
47.6,0.000822840985,0.5380460351178415,0.6473703486577208
47.7,0.000819823685,0.5380187874564385,0.6476455396078047
47.8,0.000816832195,0.5379838711673679,0.6479238784337275
47.9,0.0008138659,0.5379410185869359,0.6482042341621338
48.0,0.000810923995,0.537889791148808,0.6484859030762693
48.1,0.000808005935,0.5378293575875679,0.6487683008399004
48.2,0.00080511096,0.5377587125935667,0.6490505038247871
48.3,0.000802238635,0.537677138627042,0.6493304385797779
48.4,0.0007993886,0.537583108245646,0.6496065657244725
48.5,0.000796560325,0.5374766434405269,0.6498783386217494
48.6,0.000793753265,0.5373582072824423,0.6501443372717287
48.7,0.000790966975,0.537229053895179,0.6504029217630457
48.8,0.000788200865,0.5370913610307648,0.6506539915647354
48.9,0.00078545433,0.5369470544854964,0.6508976911900596
49.0,0.000782726945,0.53679757687872,0.6511346049752521
49.1,0.00078001851,0.5366437563342593,0.6513652041592108
49.2,0.000777328875,0.5364867131440547,0.6515880184765741
49.3,0.000774658175,0.5363265440691597,0.6518010058921169
49.4,0.00077200639,0.5361640596404789,0.6520031548130047
49.5,0.000769373355,0.5360007364065598,0.6521939437348573
49.6,0.00076675892,0.5358381005531131,0.6523729956665559
49.7,0.000764163015,0.5356774464163123,0.6525401158293563
49.8,0.000761585465,0.5355203975712408,0.6526953293559996
49.9,0.000759026025,0.5353684148584825,0.6528388121756743
50.0,0.000756484495,0.5352229321009245,0.6529707339343839
50.1,0.00075396061,0.535085898342649,0.6530914402073201
50.2,0.00075145408,0.5349590980082833,0.6532018797554644
50.3,0.00074896463,0.5348443312304181,0.6533035165609933
50.4,0.00074649211,0.5347422734514735,0.6533978334556394
50.5,0.000744036425,0.5346530534767486,0.6534857603508282
50.6,0.00074159742,0.5345762383947756,0.6535678690164223
50.7,0.000739175105,0.5345114637808068,0.6536446558240614
50.8,0.000736769275,0.5344586686879448,0.6537168684727968
50.9,0.000734379745,0.5344180328152891,0.6537853740422009
51.0,0.00073200623,0.5343894110212594,0.6538512092578496
51.1,0.00072964855,0.5343720097395511,0.6539153291639094
51.2,0.000727306435,0.5343637171915827,0.6539785819903967
51.3,0.000724979895,0.5343619396784594,0.6540414264098391
51.4,0.000722668945,0.5343643197490536,0.654104239413355
51.5,0.00072037358,0.5343690566424567,0.654167404275248
51.6,0.000718093915,0.5343752493498954,0.6542313608184899
51.7,0.000715829945,0.5343832051191314,0.6542968630253172
51.8,0.000713581665,0.5343936031624963,0.6543647779753026
51.9,0.000711349015,0.5344072659489467,0.6544362052258745
52.0,0.00070913184,0.5344244699386363,0.6545122254849061
52.1,0.000706930075,0.5344448469369061,0.6545939445930112
52.2,0.000704743395,0.5344680557667937,0.654682568921769
52.3,0.000702571485,0.534493762162841,0.6547791414799404
52.4,0.000700414185,0.5345216148949892,0.6548848120904366
52.5,0.000698271175,0.5345522617596434,0.655000881372616
52.6,0.00069614235,0.5345853213674557,0.6551274561406292
52.7,0.000694027735,0.5346209903821261,0.6552640274564661
52.8,0.000691927305,0.5346594579275322,0.6554110791253953
52.9,0.000689841085,0.5347001597736336,0.6555695222092864
53.0,0.0006877693,0.5347431907965283,0.6557395075045869
53.1,0.000685712095,0.5347885566510833,0.6559208150998109
53.2,0.00068366978,0.5348362089567714,0.6561127035790921
53.3,0.00068164261,0.5348863060498626,0.6563140985177431
53.4,0.00067963104,0.5349389943285745,0.6565245161104953
53.5,0.00067763541,0.5349947619964055,0.6567444338794318
53.6,0.00067565615,0.5350538509559898,0.6569749513819817
53.7,0.00067369371,0.5351176014107534,0.657217281272909
53.8,0.000671748475,0.5351871996260825,0.6574713167380636
53.9,0.000669820895,0.5352639317700094,0.6577358199899399
54.0,0.000667911135,0.5353493120901931,0.658009848550742
54.1,0.000666019245,0.5354443546927421,0.6582933584381725
54.2,0.000664144985,0.5355503639669263,0.6585867643424618
54.3,0.000662288035,0.535667858903852,0.6588906631662143
54.4,0.000660447975,0.5357973811140928,0.6592051240244678
54.5,0.00065862431,0.5359391649604605,0.6595313407224314
54.6,0.000656816785,0.5360931633190653,0.6598702054724181
54.7,0.0006550253,0.5362593988093745,0.6602184761508099
54.8,0.000653249505,0.5364374071039937,0.6605740101914166
54.9,0.000651488915,0.5366267370702178,0.6609383406914534
55.0,0.000649743025,0.5368262772125661,0.6613126111906462
55.1,0.00064801178,0.5370350479824493,0.6616951880608151
55.2,0.00064629524,0.537252136433042,0.6620827349305618
55.3,0.000644593565,0.5374770411661569,0.6624730024195467
55.4,0.000642906945,0.5377096044738428,0.6628658899968046
55.5,0.000641235485,0.5379493670552535,0.6632600530606799
55.6,0.00063957946,0.5381965104944446,0.663653638071507
55.7,0.000637939125,0.5384511365790181,0.6640458533479371
55.8,0.00063631473,0.5387133137956938,0.6644361711024044
55.9,0.000634706555,0.5389832614276389,0.6648236614234835
56.0,0.000633114875,0.5392613250500451,0.6652073127183399
56.1,0.000631540105,0.5395472124947959,0.6655863333056248
56.2,0.000629982575,0.5398412322662898,0.6659600508845106
56.3,0.00062844269,0.5401431192141067,0.6663274789949039
56.4,0.000626920845,0.5404527055771992,0.6666877002917497
56.5,0.000625417475,0.5407695785502923,0.6670398037131787
56.6,0.000623932805,0.541093036929906,0.6673830164273981
56.7,0.000622467325,0.541422526539096,0.6677167603813596
56.8,0.00062102128,0.5417575265018002,0.6680409790263954
56.9,0.000619594925,0.5420975969950476,0.6683558985571765
57.0,0.00061818848,0.5424423434348004,0.6686615629560002
57.1,0.00061680207,0.5427916665467309,0.6689579470901251
57.2,0.000615435865,0.5431460947467236,0.6692451891896282
57.3,0.000614089945,0.5435051850702143,0.6695237290774807
57.4,0.000612764255,0.5438692793224835,0.6697942390545107
57.5,0.0006114589,0.5442380237601986,0.6700571903596162
57.6,0.000610173755,0.54461048595866,0.6703129348511743
57.7,0.00060890871,0.5449860954046417,0.6705617050070415
57.8,0.00060766366,0.5453633164876548,0.6708032243670642
57.9,0.000606438295,0.5457406148538471,0.6710371536392358
58.0,0.000605232305,0.5461168815210119,0.6712636310536331
58.1,0.000604045265,0.5464914253387656,0.6714832786456014
58.2,0.00060287677,0.5468642714398492,0.6716967247336717
58.3,0.00060172645,0.5472365024170912,0.6719046793177834
58.4,0.00060059402,0.5476089181199812,0.6721071046988248
58.5,0.000599479115,0.5479835737784334,0.6723037495493835
58.6,0.00059838159,0.5483604945251888,0.6724947835154631
58.7,0.000597301135,0.5487403331832007,0.6726813878359009
58.8,0.0005962377,0.5491223238321804,0.6728642850770077
58.9,0.000595191345,0.5495054818969902,0.6730431987786296
59.0,0.000594161915,0.549888693368875,0.6732175446045332
59.1,0.00059314949,0.5502718715398779,0.673387372820201
59.2,0.00059215392,0.5506548128347944,0.673553217496384
59.3,0.00059117525,0.5510378062801493,0.6737156504029452
59.4,0.00059021336,0.5514207280971914,0.6738748663186291
59.5,0.000589268345,0.5518026835603335,0.6740309092257329
59.6,0.000588340045,0.5521830022537029,0.6741843383277489
59.7,0.00058742851,0.5525600781951353,0.6743353798193483
59.8,0.000586533655,0.5529338504377332,0.6744845929040231
59.9,0.000585655385,0.5533044471584768,0.6746327189976399
60.0,0.00058479336,0.55367253814492,0.6747806817284387
60.1,0.00058394728,0.5540392455739586,0.6749290151671705
60.2,0.0005831168,0.5544053780915414,0.6750795979862424
60.3,0.00058230136,0.5547718228834341,0.6752352136367453
60.4,0.000581500505,0.555139570179641,0.6753949950391069
60.5,0.00058071387,0.5555097597499767,0.6755595076800048
60.6,0.000579941,0.5558833579483416,0.6757294301434522
60.7,0.000579181145,0.5562612576153678,0.675912145172185
60.8,0.000578433995,0.5566440958660455,0.6761081177219159
60.9,0.000577699525,0.557031522726953,0.6763068423068114
61.0,0.000576977205,0.557423214614047,0.6765127799884395
61.1,0.00057626672,0.5578181712442265,0.6767295938638344
61.2,0.00057556764,0.5582160376175218,0.6769509693317621
61.3,0.00057487971,0.5586161357782383,0.6771789924097451
61.4,0.000574202785,0.5590176137264482,0.6774165093807271
61.5,0.000573536725,0.5594196037542607,0.6776599074131566
61.6,0.00057288146,0.559821120029901,0.6779075340292978
61.7,0.000572236915,0.5602210265534655,0.6781590310875883
61.8,0.00057160312,0.5606186661037713,0.6784133492960817
61.9,0.00057097998,0.5610135083799783,0.6786708719290817
62.0,0.000570367585,0.5614051129307965,0.6789327865086116
62.1,0.00056976577,0.5617936914995708,0.679200054362023
62.2,0.000569174645,0.5621785076969831,0.6794725623919807
62.3,0.00056859421,0.5625596501159463,0.6797496822799539
62.4,0.000568024495,0.5629362988007779,0.6800306474773351
62.5,0.00056746563,0.5633081289107973,0.6803149993115968
62.6,0.000566917575,0.5636745184106593,0.6806024173402884
62.7,0.000566380355,0.5640354666720453,0.6808927570501478
62.8,0.000565853995,0.5643909875179629,0.6811859807420634
62.9,0.000565338645,0.5647408823997564,0.6814820444337376
63.0,0.000564834255,0.5650852461935242,0.681781299983548
63.1,0.00056434089,0.5654242604833212,0.6820841243826128
63.2,0.00056385866,0.5657585234283891,0.6823909888698302
63.3,0.00056338756,0.5660883542145412,0.6827021761885388
63.4,0.000562927765,0.5664153688770387,0.6830178748342981
63.5,0.000562479445,0.5667404363804095,0.6833380973734785
63.6,0.00056204273,0.5670645274767835,0.6836624605317763
63.7,0.000561617735,0.5673896640951926,0.6839901789110282
63.8,0.00056120481,0.5677168923859907,0.6843203163166233
63.9,0.00056080395,0.5680475186234026,0.6846521564654366
64.0,0.000560415555,0.568382324435681,0.6849847694460429
64.1,0.000560039655,0.5687229698403838,0.6853174766744287
64.2,0.00055967654,0.5690699486958763,0.6856495555842838
64.3,0.00055932643,0.5694244303029441,0.6859806668836014
64.4,0.00055898946,0.5697869983695023,0.6863107037582317
64.5,0.00055866597,0.5701571929663863,0.6866393834648356
64.6,0.000558356125,0.5705355846068221,0.6869670013131225
64.7,0.000558060305,0.5709208852378215,0.6872933688075332
64.8,0.0005577787,0.5713129164169222,0.6876188692223717
64.9,0.00055751163,0.5717105220380272,0.6879438669823856
65.0,0.00055725929,0.5721133106586922,0.688268896158326
65.1,0.00055702189,0.572520595526763,0.6885938499360428
65.2,0.000556799715,0.5729317055980488,0.6889180874306344
65.3,0.00055659303,0.5733463411646106,0.689240810677567
65.4,0.000556402215,0.5737642408459392,0.689561473039719
65.5,0.00055622747,0.5741853286154929,0.6898800619507196
65.6,0.000556069125,0.5746086645087495,0.6901966590919777
65.7,0.0005559275,0.5750341272602325,0.690511559773203
65.8,0.00055580284,0.5754604476665098,0.6908250027554369
65.9,0.00055569551,0.5758873863382216,0.6911371576846829
66.0,0.00055560578,0.5763137318772402,0.6914481250919058
66.1,0.000555533915,0.5767390940977583,0.6917578358620673
66.2,0.000555480225,0.5771640372298165,0.692066384242947
66.3,0.0005554449,0.5775886825388911,0.6923739335973628
66.4,0.00055542834,0.5780134509983976,0.6926808169341361
66.5,0.000555430595,0.5784397450152967,0.6929882092089192
66.6,0.000555452005,0.5788668464215079,0.6932970905986201
66.7,0.000555492865,0.5792955789426247,0.6936083533155525
66.8,0.000555553405,0.5797260751538573,0.6939217271827481
66.9,0.000555633905,0.580157789674721,0.6942358801649218
67.0,0.000555734545,0.5805907614609646,0.6945510698726711
67.1,0.00055585554,0.5810249182559571,0.694870789757027
67.2,0.00055599721,0.5814598478827425,0.6951989291096945
67.3,0.00055615995,0.5818960762439308,0.695535864921792
67.4,0.000556344055,0.582334030596123,0.6958779906449531
67.5,0.00055654986,0.5827741425941497,0.6962210274299839
67.6,0.00055677742,0.583216199238029,0.6965628264275092
67.7,0.00055702677,0.5836600666959137,0.6969052160444534
67.8,0.000557297925,0.5841055916580826,0.6972531851299503
67.9,0.00055759099,0.584552138894501,0.697609843860727
68.0,0.000557905895,0.5849990876264604,0.6979742120598756
68.1,0.00055824288,0.5854461532256666,0.6983429219400715
68.2,0.000558601945,0.5858927796302197,0.6987132277493354
68.3,0.000558982995,0.5863387035746556,0.6990837974523822
68.4,0.00055938598,0.586784199634172,0.6994553159164105
68.5,0.0005598107,0.587229289171599,0.6998294858846384
68.6,0.000560257,0.5876736473462564,0.7002063073570659
68.7,0.000560724735,0.5881171032555035,0.7005832921923114
68.8,0.00056121365,0.5885594420144031,0.7009600759656269
68.9,0.000561723555,0.5890009821804502,0.7013386630131259
69.0,0.000562254275,0.5894411142846697,0.7017198010338592
69.1,0.000562805545,0.5898799105836932,0.7021023213553603
69.2,0.00056337736,0.590316936281097,0.7024834970752057
69.3,0.00056396963,0.5907514549875632,0.7028609217334227
69.4,0.00056458225,0.5911828101102273,0.7032337470999949
69.5,0.000565215015,0.5916096627023003,0.7036029784845712
69.6,0.000565867655,0.5920309829497102,0.7039699290728811
69.7,0.000566540005,0.5924458151799721,0.704334812493225
69.8,0.00056723191,0.5928539369683258,0.7046975659137497
69.9,0.00056794321,0.5932540288458569,0.7050587548211329
70.0,0.00056867357,0.5936462083081308,0.7054205720470469
70.1,0.0005694229,0.5940302761781731,0.7057838909542492
70.2,0.00057019094,0.5944074469957036,0.706146933401298
70.3,0.000570977275,0.5947784018580098,0.7065072552291088
70.4,0.000571781785,0.5951441636676595,0.7068646930748637
70.5,0.000572603775,0.5955062642652308,0.7072197810093137
70.6,0.000573442885,0.595865467686057,0.7075722300059346
70.7,0.000574298755,0.5962227930627948,0.7079227312151103
70.8,0.00057517081,0.5965791200413874,0.7082737979109637
70.9,0.00057605876,0.5969348865598504,0.7086256123058685
71.0,0.00057696211,0.597290365936745,0.7089764402406802
71.1,0.00057788064,0.5976457152517037,0.709325898441095
71.2,0.00057881401,0.5980007020268703,0.7096754320397334
71.3,0.000579761865,0.5983550680233284,0.7100270265231525
71.4,0.000580724075,0.5987093561082887,0.7103820830416759
71.5,0.00058170045,0.5990627959632326,0.7107416257545086
71.6,0.00058269081,0.5994157702341453,0.7111040775821387
71.7,0.00058369525,0.599768227398907,0.7114646633037323
71.8,0.00058471363,0.6001200763513311,0.7118169489375353
71.9,0.00058574581,0.6004708873215425,0.7121567498821328
72.0,0.00058679136,0.6008212270528558,0.7124873962257379
72.1,0.00058784995,0.60117040753648,0.71281890336573
72.2,0.0005889212,0.6015189144626392,0.7131573408591159
72.3,0.000590005045,0.6018658562473383,0.7134999629539164
72.4,0.000591101365,0.6022112932091565,0.7138430688539856
72.5,0.000592210105,0.6025551625162405,0.7141833661702225
72.6,0.000593331185,0.6028964393810666,0.7145185049913221
72.7,0.000594464275,0.6032348693346302,0.7148488560252176
72.8,0.000595609285,0.6035697624831844,0.7151748213957688
72.9,0.000596766005,0.6039010214373568,0.7154946418110896
73.0,0.000597934145,0.6042289151174788,0.7158048049705932
73.1,0.000599113615,0.604552078187383,0.7161024457417796
73.2,0.000600303985,0.6048718188062503,0.716386175540696
73.3,0.000601505055,0.6051879849209963,0.7166556110930383
73.4,0.00060271637,0.6055006513015264,0.7169131148764826
73.5,0.000603937565,0.6058100252929555,0.7171610493687038
73.6,0.00060516814,0.6061161119218318,0.7173993957201463
73.7,0.00060640783,0.6064195646394273,0.7176286440192641
73.8,0.00060765627,0.6067207742598683,0.7178490832925811
73.9,0.000608912995,0.6070196226592706,0.7180603805312763
74.0,0.00061017769,0.6073158145279252,0.7182620205141543
74.1,0.0006114499,0.6076096181578445,0.7184538838606943
74.2,0.000612729455,0.6079008953189519,0.7186359957036377
74.3,0.00061401602,0.608189481391792,0.718808513122617
74.4,0.000615309475,0.6084757841550916,0.718971926206086
74.5,0.000616609575,0.6087592506885435,0.7191266182283488
74.6,0.000617915965,0.6090394154081166,0.7192731735256388
74.7,0.000619228625,0.6093163914111461,0.7194120507704833
74.8,0.00062054733,0.6095900718834822,0.7195440416442312
74.9,0.00062187196,0.6098598046304897,0.7196697116335602
75.0,0.000623202315,0.6101260533512444,0.7197897267561126
75.1,0.000624538515,0.6103889085236146,0.7199043760384127
75.2,0.000625880335,0.6106482149529234,0.7200136469140899
75.3,0.000627227775,0.6109048535417507,0.7201174262858085
75.4,0.00062858074,0.6111591529006882,0.7202152491978561
75.5,0.000629939245,0.6114119354986925,0.7203071470661588
75.6,0.0006313032,0.61166339108796,0.7203932895367202
75.7,0.000632672665,0.6119146405887493,0.7204740159015469
75.8,0.00063404761,0.6121658096647667,0.7205497659836103
75.9,0.000635428055,0.612416522581531,0.7206208225262491
76.0,0.000636814015,0.6126669357903559,0.7206871164144252
76.1,0.00063820545,0.6129162243090109,0.720748679064065
76.2,0.000639602375,0.6131643196507761,0.7208054664928712
76.3,0.00064100488,0.6134117565147211,0.7208576671964033
76.4,0.00064241302,0.6136574164938612,0.7209057963958563
76.5,0.00064382688,0.6139019436146905,0.7209498917903421
76.6,0.00064524658,0.6141449985852021,0.7209900476276403
76.7,0.00064667218,0.6143863508124957,0.7210265843502015
76.8,0.00064810405,0.6146257219514618,0.7210597030199557
76.9,0.000649542245,0.6148628474799992,0.7210899628403951
77.0,0.00065098702,0.6150976325220097,0.7211178538999736
77.1,0.00065243852,0.6153297088828342,0.721143143720835
77.2,0.000653897035,0.6155591305978664,0.7211662658427654
77.3,0.00065536264,0.6157860170476271,0.7211878862834075
77.4,0.00065683552,0.6160098819135738,0.7212093370780461
77.5,0.000658316025,0.6162315841071376,0.7212310706160238
77.6,0.000659804335,0.6164515188406745,0.7212524522956241
77.7,0.00066130044,0.6166709088220452,0.721273419284994
77.8,0.00066280465,0.6168904741042861,0.7212950020265242
77.9,0.00066431714,0.6171104609882611,0.721318909546618
78.0,0.00066583811,0.6173309266509566,0.7213454811372821
78.1,0.00066736767,0.6175523014905658,0.7213746790994046
78.2,0.00066890586,0.6177739433655507,0.7214072888311488
78.3,0.00067045315,0.6179945390901819,0.7214448308633592
78.4,0.0006720094,0.6182138517883734,0.7214870664349942
78.5,0.000673574625,0.6184314837344953,0.7215322299709821
78.6,0.000675149075,0.6186468072383353,0.7215782103210601
78.7,0.00067673286,0.6188599812644817,0.7216248064232981
78.8,0.000678325745,0.6190711440430112,0.7216729858882335
78.9,0.000679927715,0.6192815409012519,0.72172364092818
79.0,0.00068153881,0.6194923090957442,0.721777311897074
79.1,0.000683158825,0.6197046053609031,0.7218336846356499
79.2,0.00068478763,0.6199191773957804,0.721891753834259
79.3,0.000686425035,0.6201364436605173,0.7219517519707572
79.4,0.000688070545,0.6203565750577544,0.7220152686910274
79.5,0.00068972404,0.620579488021127,0.7220835292162047
79.6,0.0006913851,0.6208049305949042,0.7221569168205925
79.7,0.00069305343,0.6210324064074467,0.7222350859289991
79.8,0.000694728545,0.6212619041490212,0.7223177412317151
79.9,0.00069641001,0.6214933792090118,0.7224040533482798
80.0,0.000698097485,0.6217262491361406,0.7224931237831944
80.1,0.00069979024,0.6219617774789729,0.7225853295275773
80.2,0.0007014879,0.622198764149115,0.7226820717317518
80.3,0.00070318968,0.6224383809606266,0.7227852479176811
80.4,0.000704895205,0.6226787435862342,0.7228945376429142
80.5,0.00070660409,0.6229205243267657,0.7230079114385969
80.6,0.000708315855,0.6231624030849879,0.7231223031102995
80.7,0.000710030345,0.6234035039848691,0.7232347344281862
80.8,0.00071174731,0.6236416938849975,0.723343182206588
80.9,0.00071346652,0.6238763859358655,0.7234475836136521
81.0,0.000715187385,0.6241069191463785,0.7235483721891646
81.1,0.0007169102,0.6243317698440998,0.723646502977292
81.2,0.000718634605,0.6245504623919015,0.7237431320841312
81.3,0.000720360475,0.6247619003739475,0.7238383914565734
81.4,0.000722087545,0.624966731586643,0.7239323627760276
81.5,0.000723815745,0.625165463711361,0.724024109847883
81.6,0.00072554495,0.6253583160312682,0.7241129289553853
81.7,0.00072727506,0.6255474794930818,0.7241989520454258
81.8,0.000729006125,0.6257335334064867,0.7242822922153404
81.9,0.000730737735,0.6259183727801719,0.7243637474296626
82.0,0.000732470155,0.6261014019681701,0.724443386803431
82.1,0.00073420294,0.6262846912800399,0.7245212794516842
82.2,0.000735936175,0.6264677763883874,0.7245967216576675
82.3,0.000737669685,0.6266517116117067,0.7246693615630039
82.4,0.00073940375,0.6268356531182114,0.7247380681943378
82.5,0.00074113806,0.6270204937485336,0.7248029797817462
82.6,0.000742872375,0.6272055398390154,0.7248637570332226
82.7,0.0007446068,0.6273909478409709,0.7249197213647537
82.8,0.00074634115,0.6275756112854675,0.724970206758697
82.9,0.000748075165,0.6277599103052162,0.7250144843655566
83.0,0.00074980912,0.6279420780685087,0.7250511404686386
83.1,0.00075154244,0.6281209012922622,0.7250800305546811
83.2,0.000753275535,0.6282961261357902,0.7251001493140347
83.3,0.00075500791,0.6284668138912081,0.725111364799808
83.4,0.000756739635,0.6286316406913713,0.7251136393128891
83.5,0.000758470705,0.6287894051912493,0.7251076200213649
83.6,0.000760200765,0.6289396927006117,0.7250939415269512
83.7,0.00076193008,0.6290818183522601,0.7250730625021754
83.8,0.00076365836,0.6292166052434698,0.7250457746283864
83.9,0.000765385835,0.6293430857637032,0.7250125617108526
84.0,0.00076711263,0.6294623217712776,0.7249731598557912
84.1,0.00076883857,0.6295760034430403,0.7249277701251321
84.2,0.00077056384,0.629685651309836,0.7248760532268688
84.3,0.00077228858,0.6297921324512368,0.7248181725238191
84.4,0.00077401292,0.6298968166016397,0.7247542662460598
84.5,0.000775736965,0.6299996534955623,0.7246844537741117
84.6,0.00077746073,0.6301019249028073,0.7246088356389397
84.7,0.00077918459,0.630204089495902,0.7245275814865473
84.8,0.000780908585,0.6303069389561952,0.7244403143258159
84.9,0.000782633115,0.6304103978854633,0.724346839378001
85.0,0.000784358485,0.6305159114163267,0.7242466477050927
85.1,0.00078608473,0.6306244345929523,0.7241403550592511
85.2,0.000787812165,0.6307365643179442,0.7240279048918085
85.3,0.000789541315,0.6308531362549483,0.7239096050788449
85.4,0.00079127244,0.630973094828833,0.7237856189831784
85.5,0.000793006,0.6310972191545764,0.7236564806755599
85.6,0.00079474227,0.6312237687898482,0.7235215681206442
85.7,0.00079648173,0.6313509027613536,0.7233799891061174
85.8,0.000798224675,0.6314773644320314,0.7232314420390852
85.9,0.000799971515,0.6316024815010532,0.723075493379761
86.0,0.000801722695,0.6317253743224763,0.7229124195882984
86.1,0.0008034785,0.6318465769670518,0.7227423965938862
86.2,0.00080523952,0.6319676665142917,0.7225656694407511
86.3,0.000807005525,0.6320895037605833,0.7223821250315577
86.4,0.00080877724,0.632214023927001,0.7221917884990474
86.5,0.000810554605,0.632342295155047,0.7219951122325621
86.6,0.00081233812,0.6324746190376163,0.7217931706567893
86.7,0.00081412785,0.6326113914153829,0.7215866800548542
86.8,0.000815924045,0.6327513430849151,0.7213763064443991
86.9,0.000817726845,0.6328948824532575,0.72116114504674
87.0,0.000819536215,0.6330397789896264,0.720940071171707
87.1,0.000821352315,0.6331860766763188,0.7207146367660706
87.2,0.000823175285,0.6333327953364267,0.7204872168738773
87.3,0.000825005435,0.6334804564743308,0.7202588105215908
87.4,0.00082684237,0.6336312026562206,0.7200303539038218
87.5,0.00082868629,0.6337878550322993,0.7198013443657456
87.6,0.000830537125,0.6339530902395074,0.719572466774561
87.7,0.00083239476,0.634129132525444,0.7193441169709421
87.8,0.00083425892,0.6343178165802186,0.7191172499990558
87.9,0.000836129395,0.6345191926693137,0.718892010372164
88.0,0.00083800586,0.6347321549521152,0.718668297559302
88.1,0.00083988809,0.6349562824552076,0.718446205808249
88.2,0.000841775715,0.635191392966217,0.7182258859154528
88.3,0.00084366891,0.6354374110869196,0.7180067032791971
88.4,0.000845567405,0.6356945692951719,0.7177888275454853
88.5,0.000847471515,0.6359626162635614,0.71757149216571
88.6,0.000849381275,0.6362408168594075,0.7173545651929796
88.7,0.000851296595,0.6365271541802262,0.7171378958308469
88.8,0.000853217725,0.6368205789340716,0.7169211322209345
88.9,0.000855144885,0.6371191182007568,0.7167040607349421
89.0,0.00085707844,0.6374231175554742,0.7164872594259178
89.1,0.00085901832,0.6377303213346981,0.7162709419221622
89.2,0.000860964775,0.6380416720162247,0.7160554349493112
89.3,0.000862918165,0.6383554165913534,0.7158402421357256
89.4,0.00086487896,0.6386706188654734,0.7156251058708079
89.5,0.00086684721,0.6389870714934694,0.7154104157120469
89.6,0.0008688231,0.6393033042099798,0.7151964355532255
89.7,0.00087080705,0.6396187578115121,0.714982819819152
89.8,0.00087279895,0.6399319368999632,0.7147701591292452
89.9,0.000874799475,0.6402432247496368,0.7145585665808407
90.0,0.00087680889,0.6405520433074846,0.7143479102270468
90.1,0.00087882735,0.6408573872638577,0.7141385796253528
90.2,0.000880855025,0.641159627326689,0.7139309454836917
90.3,0.00088289246,0.6414586566818282,0.7137251837312523
90.4,0.00088493935,0.6417539161257831,0.7135219038370091
90.5,0.00088699614,0.6420451920302533,0.7133212188982977
90.6,0.000889063085,0.6423315167847016,0.7131228964372619
90.7,0.00089114009,0.6426137197695883,0.7129267039760453
90.8,0.000893227485,0.6428905946133344,0.7127323964704207
90.9,0.000895325295,0.6431628261831386,0.712539659761123
91.0,0.0008974335,0.6434308291692311,0.7123481168570336
91.1,0.00089955178,0.6436957722440789,0.712157755191782
91.2,0.00090168048,0.643956549567068,0.711968040694617
91.3,0.00090381899,0.64421441777526,0.7117800603565968
91.4,0.00090596744,0.6444704324437863,0.7115931544432641
91.5,0.000908125275,0.6447229410949112,0.7114079198572232
91.6,0.00091029268,0.6449719562950055,0.7112242309347678
91.7,0.00091246913,0.6452186529997213,0.7110421002422687
91.8,0.00091465424,0.6454638166072221,0.7108620367177354
91.9,0.000916847715,0.645707346586543,0.71068478806022
92.0,0.00091904946,0.6459490544421249,0.7105106998449139
92.1,0.00092125905,0.6461896250411662,0.7103402621602714
92.2,0.00092347643,0.6464295359057503,0.7101734938558482
92.3,0.000925701605,0.6466692457084044,0.7100106525422419
92.4,0.00092793381,0.6469082580774896,0.7098519204318267
92.5,0.00093017343,0.6471460200926985,0.7096972975246023
92.6,0.000932420335,0.6473817526390533,0.7095469283338309
92.7,0.000934674385,0.6476167500527272,0.7094015479921935
92.8,0.000936935585,0.6478489263161981,0.7092611753492457
92.9,0.000939204025,0.6480791359426679,0.7091264198739626
93.0,0.00094147968,0.6483066500826408,0.7089977528052421
93.1,0.00094376288,0.6485306644883976,0.7088750107802664
93.2,0.00094605343,0.6487509843811938,0.7087584199937064
93.3,0.00094835184,0.6489662400266326,0.7086460075253757
93.4,0.000950657645,0.6491775309821424,0.7085366549682895
93.5,0.00095297094,0.649384009017707,0.7084291056853865
93.6,0.00095529184,0.6495855673191759,0.7083226685262829
93.7,0.0009576199,0.6497809932317852,0.7082190525173823
93.8,0.00095995504,0.6499696144547067,0.7081202117293149
93.9,0.000962297175,0.6501512801914932,0.7080270132416535
94.0,0.00096464579,0.6503244196458178,0.7079382569660043
94.1,0.00096700058,0.650489592021173,0.7078524098051523
94.2,0.00096936181,0.6506445667867745,0.7077683030866304
94.3,0.000971728675,0.6507917692521511,0.7076871431820176
94.4,0.00097410096,0.6509309166739639,0.7076106579672733
94.5,0.00097647826,0.6510625745388906,0.7075400915130884
94.6,0.00097886023,0.651189155590089,0.707475142226568
94.7,0.000981246455,0.6513113446947577,0.7074151755059963
94.8,0.000983636705,0.6514296319413507,0.7073597389620311
94.9,0.000986030415,0.651546229011096,0.7073094106477206
95.0,0.00098842718,0.6516615443110387,0.7072646743683335
95.1,0.000990827005,0.6517765831508279,0.7072261772919564
95.2,0.000993229405,0.6518934880966533,0.707194139330075
95.3,0.0009956342,0.6520120015379173,0.7071680452614943
95.4,0.000998040985,0.6521331350674544,0.7071471599535333
95.5,0.00100044976,0.6522561535525836,0.7071307231407696
95.6,0.00100286052,0.6523814968162766,0.707118703407277
95.7,0.00100527278,0.6525095544160222,0.7071117856202539
95.8,0.00100768688,0.6526388812191999,0.7071088702222713
95.9,0.001010102555,0.652770262623973,0.7071077266825454
96.0,0.001012519895,0.6529019770375675,0.7071056469482088
96.1,0.00101493877,0.6530341878228011,0.7071006392495188
96.2,0.001017358835,0.6531661975461049,0.7070914846485263
96.3,0.00101977956,0.6532980124906642,0.7070772595169909
96.4,0.00102220158,0.6534284074353441,0.7070567009346658
96.5,0.00102462414,0.6535579353004516,0.7070311472200215
96.6,0.001027046715,0.6536870421921436,0.7070020183729374
96.7,0.00102946957,0.653815809791829,0.7069694903226021
96.8,0.00103189207,0.6539450863295241,0.7069328405027053
96.9,0.0010343144,0.6540746393273729,0.7068905483824027
97.0,0.00103673593,0.6542053547145034,0.7068414578555977
97.1,0.001039156635,0.6543373958537337,0.7067846013117531
97.2,0.00104157551,0.6544712591167032,0.7067196520252328
97.3,0.00104399265,0.6546062722025839,0.7066452025625279
97.4,0.001046407775,0.6547434341378396,0.7065620194722463
97.5,0.001048820265,0.6548824998782435,0.7064700399225344
97.6,0.00105122989,0.6550233311937186,0.7063698796655526
97.7,0.00105363589,0.6551655950754438,0.7062619533915313
97.8,0.001056037615,0.6553084872756996,0.7061467197729976
97.9,0.00105843472,0.6554514737237351,0.7060245306683289
98.0,0.00106082666,0.6555926631807728,0.7058959327146468
98.1,0.001063213235,0.655731307947761,0.7057610013101752
98.2,0.00106559396,0.6558668111220957,0.7056205281362625
98.3,0.001067968375,0.6559992669515563,0.705474984431807
98.4,0.001070335915,0.6561306043740323,0.7053250550640071
98.5,0.00107269689,0.6562609490532297,0.7051700111833671
98.6,0.001075050495,0.6563929022278657,0.7050096203120307
98.7,0.00107739709,0.6565269351368385,0.7048431912996141
98.8,0.00107973615,0.656666666894885,0.7046702277744781
98.9,0.00108206818,0.6568126818382384,0.7044898689402356
99.0,0.00108439311,0.6569660481084014,0.704302064531404
99.1,0.00108671089,0.6571280411919911,0.7041068019816127
99.2,0.001089021775,0.6572989124164198,0.70390342783959
99.3,0.001091325565,0.6574788502772468,0.7036910373266514
99.4,0.00109362339,0.657666767783414,0.7034693288499022
99.5,0.001095915065,0.657862231395135,0.7032376678076265
99.6,0.001098200785,0.658066202439762,0.7029959725184153
99.7,0.00110048077,0.658277826404093,0.7027435958141818
99.8,0.00110275612,0.6584966571819715,0.7024803429161816
99.9,0.00110502671,0.6587237943308261,0.7022069615234662
100.0,0.00110729326,0.6589583896206404,0.7019234893351475
100.1,0.00110955611,0.6591992178302791,0.7016295996255895
100.2,0.001111815855,0.6594455752429883,0.701325311244348
100.3,0.001114073205,0.6596954700890255,0.7010104545454199
100.4,0.00111632838,0.659947130510134,0.7006856892632625
100.5,0.00111858193,0.6602004622585341,0.7003516751323328
100.6,0.001120834325,0.6604535238299661,0.7000116919753614
100.7,0.001123085835,0.6607051151360362,0.6996699683760598
100.8,0.001125336915,0.660954287415763,0.6993302491128711
100.9,0.00112758797,0.6612009024390698,0.6989947207342825
101.0,0.00112983886,0.6614456136572285,0.6986638356296357
101.1,0.001132089875,0.6616891185038083,0.6983386619404333
101.2,0.00113434155,0.6619308829080579,0.698019997631209
101.3,0.001136593435,0.6621713404097637,0.6977094763301429
101.4,0.00113884606,0.6624095548143147,0.697407060338123
101.5,0.00114109974,0.6626461921393538,0.697113107796712
101.6,0.001143354765,0.6628816105264432,0.6968266071130752
101.7,0.001145611765,0.6631148674977869,0.6965447057210833
101.8,0.00114787068,0.6633476218143061,0.6962654495501057
101.9,0.00115013225,0.6635797603786652,0.6959872112551478
102.0,0.00115239651,0.6638125963765933,0.6957092619867141
102.1,0.00115466354,0.6640464816664677,0.6954328081163835
102.2,0.001156933545,0.6642820445668192,0.6951601492899786
102.3,0.001159206285,0.664521377378355,0.694894703560306
102.4,0.00116148201,0.6647634119595729,0.6946384124316263
102.5,0.001163760895,0.6650072183990474,0.6943916466118721
102.6,0.001166043275,0.6652539402365044,0.694153023800276
102.7,0.001168329175,0.6655034078259406,0.6939222424039433
102.8,0.001170618655,0.6657559164770656,0.6937003328652643
102.9,0.001172912385,0.6660120002606302,0.6934869810249737
103.0,0.00117521089,0.6662708109466183,0.6932788756444146
103.1,0.00117751401,0.6665338062340209,0.6930728248654511
103.2,0.001179822255,0.6667994907247351,0.6928668306351551
103.3,0.001182135785,0.6670674371621597,0.6926605285287792
103.4,0.001184455345,0.6673353710332138,0.6924549112896018
103.5,0.001186780125,0.6676028399485551,0.6922522031652215
103.6,0.00118911124,0.6678674939968788,0.6920517884034784
103.7,0.001191448725,0.6681295719392266,0.691853516207925
103.8,0.001193792525,0.6683879679349843,0.691658134277613
103.9,0.00119614319,0.6686408975595248,0.6914656551789128
104.0,0.00119850065,0.6688880906358798,0.6912766820976141
104.1,0.001200865005,0.6691281334473553,0.6910907375116334
104.2,0.001203236275,0.6693568728084632,0.6909076329254117
104.3,0.001205614165,0.6695702874806069,0.690726557808044
104.4,0.00120799914,0.6697651353401679,0.6905471351684122
104.5,0.00121039096,0.6699404236438676,0.6903688686348768
104.6,0.001212789055,0.6700956308873256,0.6901931028090939
104.7,0.00121519422,0.670231743530635,0.6900213456555369
104.8,0.00121760622,0.670351563874443,0.6898534400945731
104.9,0.00122002511,0.6704586167857066,0.6896866466574086
105.0,0.001222450805,0.6705555663349964,0.6895181253442848
105.1,0.001224883125,0.6706439707522684,0.6893455890757496
105.2,0.001227321835,0.670724062515379,0.6891688682057999
105.3,0.0012297673,0.6707945661377109,0.6889893513183885
105.4,0.00123221965,0.670853131707959,0.688808791422216
105.5,0.001234678555,0.6708989612615897,0.6886292556852487
105.6,0.001237144095,0.670931878869414,0.6884514980897233
105.7,0.00123961629,0.6709513064783837,0.6882759207594994
105.8,0.001242094635,0.6709588086016405,0.6881021655530147
105.9,0.001244579245,0.6709561696638116,0.6879295476030706
106.0,0.001247070215,0.6709448724966293,0.6877556416001385
106.1,0.00124956756,0.6709260606398195,0.6875797752433904
106.2,0.001252070455,0.6709017321463102,0.6874010814532543
106.3,0.00125457914,0.6708723645381843,0.6872185360705249
106.4,0.00125709297,0.6708375179924707,0.6870315924580802
106.5,0.001259612095,0.6707976260489554,0.686839477784128
106.6,0.00126213607,0.6707504518936691,0.6866417270929551
106.7,0.001264664235,0.670697635437977,0.6864380010925552
106.8,0.001267197305,0.6706376247351081,0.686227501818394
106.9,0.00126973416,0.6705722167760605,0.6860113665270123
107.0,0.00127227468,0.6704987035079664,0.6857897837139693
107.1,0.001274818695,0.6704175813024654,0.6855642173614416
107.2,0.0012773653,0.6703282029914708,0.6853368603011013
107.3,0.001279914695,0.6702304994599442,0.6851091388160131
107.4,0.001282466465,0.6701247157521124,0.6848825860033921
107.5,0.001285020635,0.6700111534608705,0.684658483633041
107.6,0.00128757694,0.6698903529401548,0.6844372275456341
107.7,0.001290135395,0.669764381357931,0.684217240661659
107.8,0.00129269663,0.669633471192056,0.6839905433357759
107.9,0.00129525994,0.6694999283715372,0.6837490428253092
108.0,0.001297825885,0.6693627287371696,0.6835020131117722
108.1,0.00130039345,0.6692247562710092,0.6832878758733182
108.2,0.00130296365,0.6690825615043224,0.6831179345603149
108.3,0.001305535785,0.6689380105431455,0.682961257051495
108.4,0.00130811125,0.6687894132106307,0.6827946018444074
108.5,0.0013106901,0.6686364050820301,0.6826156190277471
108.6,0.00131327203,0.6684796835909133,0.6824302713443706
108.7,0.00131585672,0.6683214290025813,0.6822439623336422
108.8,0.00131844417,0.6681617669807406,0.682058765446713
108.9,0.001321034445,0.6680019541624524,0.6818748503295865
109.0,0.00132362745,0.667841399928298,0.6816916389292145
109.1,0.00132622371,0.6676795702075263,0.681508132219133
109.2,0.00132882316,0.6675159372125715,0.6813244370134922
109.3,0.001331426175,0.6673495773151933,0.6811402957016948
109.4,0.001334033065,0.6671803837012416,0.6809555637704784
109.5,0.00133664392,0.6670086139813138,0.680770115556137
109.6,0.001339258855,0.6668347268279377,0.680582323713676
109.7,0.00134187768,0.6666605380816668,0.6803903661193563
109.8,0.001344501255,0.6664868519902204,0.6801931180830081
109.9,0.0013471297,0.6663176772258246,0.6799915660647244
110.0,0.001349762065,0.6661565700713632,0.6797874316572794
110.1,0.00135239924,0.666006716101787,0.6795810227367532
110.2,0.00135504055,0.6658718098300566,0.6793688584184857
110.3,0.00135768644,0.6657529759463419,0.6791446994994669
110.4,0.001360336445,0.6656514082558512,0.6789093879265276
110.5,0.001362990425,0.6655679110063041,0.6786701116636596
110.6,0.001365648265,0.6655015794190162,0.6784276686753967
110.7,0.001368309075,0.6654536261487519,0.6781811855989813
110.8,0.00137097306,0.6654214373904231,0.6779372346462449
110.9,0.00137363923,0.6654047555334327,0.6777003585601642
111.0,0.001376307505,0.6654019218168591,0.6774662596419893
111.1,0.001378977845,0.6654106177453242,0.6772298296620655
111.2,0.001381649195,0.6654317103984004,0.6769897177355515
111.3,0.001384321235,0.6654657903955066,0.6767459050128918
111.4,0.00138699339,0.6655129268516811,0.6764984229100126
111.5,0.001389664805,0.6655714610060027,0.6762465614269743
111.6,0.001392335645,0.665640500646158,0.6759886932187824
111.7,0.00139500454,0.6657169041794934,0.6757249250995869
111.8,0.001397670995,0.6657992641724998,0.6754579651222555
111.9,0.00140033425,0.6658865187668607,0.6751936252331971
112.0,0.001402994425,0.6659749169009473,0.6749346763171323
112.1,0.00140564988,0.6660638993712675,0.6746815079315501
112.2,0.00140830098,0.6661496585675253,0.6744314748554363
112.3,0.00141094774,0.6662325651976536,0.6741822962925241
112.4,0.001413589735,0.6663111112971786,0.6739324265792281
112.5,0.00141622686,0.666386044565152,0.6736842219100387
112.6,0.001418859305,0.6664567492494137,0.6734404908687879
112.7,0.00142148753,0.6665233133145579,0.6732030115969178
112.8,0.0014241115,0.6665849890615332,0.672972475244812
112.9,0.00142673208,0.666639024455175,0.6727496797770047
113.0,0.001429349905,0.6666833334779613,0.6725350398837262
113.1,0.00143196527,0.6667160186079292,0.67232893883928
113.2,0.00143457965,0.6667353959514165,0.6721281031041214
113.3,0.001437192975,0.6667401711722499,0.6719300822359803
113.4,0.00143980688,0.6667278686954184,0.6717335253500158
113.5,0.00144242149,0.6666965281671062,0.6715419133308881
113.6,0.001445036755,0.6666477015340843,0.67135643370062
113.7,0.001447653755,0.6665855168490991,0.6711758863708184
113.8,0.00145027231,0.666517934907935,0.6709981476248489
113.9,0.001452892405,0.6664522567719191,0.6708205973744386
114.0,0.00145551399,0.6663927110247629,0.6706435120797409
114.1,0.001458135965,0.6663382295249644,0.6704669671389798
114.2,0.001460758205,0.6662868267859663,0.6702895425522757
114.3,0.00146337984,0.6662373090025604,0.6701109430099191
114.4,0.0014659997,0.666193364404522,0.6699343540868609
114.5,0.001468616955,0.6661570287438906,0.6697607496768234
114.6,0.001471231025,0.6661292382152769,0.669589476328535
114.7,0.00147384089,0.666108560252431,0.6694217215640187
114.8,0.001476445795,0.6660908730857913,0.6692604887458511
114.9,0.00147904557,0.6660756363614214,0.6691069402633143
115.0,0.001481639185,0.6660660607870132,0.6689601776209092
115.1,0.001484226265,0.6660654953003357,0.668816154447298
115.2,0.001486807125,0.6660753724676385,0.6686702714508359
115.3,0.001489380635,0.6660988338815755,0.668523062702274
115.4,0.00149194603,0.6661352952059131,0.6683824135991728
115.5,0.00149450305,0.6661865282989079,0.6682518741412308
115.6,0.001497051595,0.6662523823641123,0.6681230437096923
115.7,0.001499591845,0.6663316510299477,0.6679884013317449
115.8,0.001502123375,0.6664228263319403,0.6678520185114672
115.9,0.00150464689,0.6665227603942508,0.6677199899386075
116.0,0.00150716273,0.666626853925235,0.6675924538432423
116.1,0.00150967106,0.666729986128867,0.6674655900487051
116.2,0.00151217297,0.6668278718727676,0.6673379282896338
116.3,0.00151466891,0.6669177654049574,0.6672093617518783
116.4,0.00151716033,0.6669991389378707,0.6670799030018091
116.5,0.001519646865,0.6670739968076205,0.6669479623935437
116.6,0.001522129115,0.6671424583947274,0.6668094055911498
116.7,0.001524607995,0.667205572991138,0.6666587662234101
116.8,0.001527084115,0.6672618451987492,0.6664947499541515
116.9,0.001529557615,0.6673113189998578,0.6663244504995857
117.0,0.00153202877,0.6673524487308787,0.666159962991429
117.1,0.00153449756,0.6673832614716251,0.6660033671640182
117.2,0.001536963625,0.6674045300538899,0.6658499192124463
117.3,0.001539427225,0.6674167257165712,0.6656947371017296
117.4,0.001541888745,0.6674225942116481,0.6655302558767582
117.5,0.001544348185,0.6674233670434409,0.6653555770420333
117.6,0.00154680455,0.667421243326807,0.6651810867028676
117.7,0.001549258315,0.6674163675750087,0.6650184778671179
117.8,0.001551708875,0.6674071187262365,0.6648665127472784
117.9,0.001554157025,0.6673938800547943,0.664719907184506
118.0,0.001556603445,0.6673780401446348,0.6645755572852589
118.1,0.001559047585,0.6673621122698811,0.6644307989789667
118.2,0.001561490085,0.6673478871383457,0.6642838981064849
118.3,0.00156393085,0.667335559528773,0.664134276614765
118.4,0.00156637112,0.6673249535119745,0.6639821418489222
118.5,0.001568811355,0.667315698380017,0.6638292782335838
118.6,0.0015712513,0.6673093649292274,0.6636777529367159
118.7,0.00157369224,0.667307109265702,0.663528784896268
118.8,0.001576133935,0.6673101628937613,0.6633855031385231
118.9,0.001578577195,0.6673202285566234,0.6632493213801752
119.0,0.00158102213,0.6673404164310154,0.6631210375857586
119.1,0.001583469645,0.6673713799682092,0.6630001176845219
119.2,0.00158591981,0.6674132573982816,0.662883325836032
119.3,0.001588372405,0.6674672550928115,0.6627660501822735
119.4,0.001590827075,0.6675323991580763,0.6626426861219524
119.5,0.00159328301,0.6676085136648875,0.6625083956023821
119.6,0.001595740805,0.6676923753391825,0.66235913853541
119.7,0.001598197755,0.6677837328535488,0.6621926152752138
119.8,0.00160065349,0.6678818070930086,0.6620096426358835
119.9,0.001603106845,0.6679844680577426,0.661813475307408
120.0,0.001605556085,0.6680911565442585,0.6616097681565639
120.1,0.001608000345,0.6682002075084499,0.6614000856964928
120.2,0.001610438125,0.6683103894459965,0.6611811920867612
120.3,0.00161286835,0.6684212374011859,0.6609536025485646
120.4,0.00161528952,0.6685318905776305,0.6607300405321498
120.5,0.00161770049,0.6686410106568603,0.6605167138246004
120.6,0.00162010014,0.6687480133026417,0.6603101792403682
120.7,0.00162248708,0.6688511580726444,0.6601066731514539
120.8,0.001624861515,0.6689487045245383,0.6598995039655056
120.9,0.001627221525,0.6690394400035592,0.6596842671696228
121.0,0.00162956674,0.6691225476956173,0.6594577520561137
121.1,0.00163189693,0.6691965133530534,0.6592211964124837
121.2,0.001634210835,0.6692631339668654,0.6589763029819511
121.3,0.00163650841,0.6693194815727002,0.6587240896405355
121.4,0.00163878859,0.6693642178520874,0.6584635510785881
121.5,0.001641051835,0.6693970663448733,0.6581934997740854
121.6,0.001643297545,0.6694193025376755,0.6579162416560356
121.7,0.00164552558,0.6694304677579662,0.657634591591456
121.8,0.00164773568,0.6694303295278895,0.6573500763943761
121.9,0.00164992771,0.6694184417412883,0.6570662146485685
122.0,0.001652101685,0.6693948546636451,0.6567852808671139
122.1,0.001654256815,0.6693587514808702,0.6565103035453305
122.2,0.001656393755,0.6693078136975849,0.6562445813555045
122.3,0.00165851183,0.6692435618446336,0.6559912370407337
122.4,0.001660611045,0.6691636585770822,0.6557505847602835
122.5,0.00166269158,0.6690664388508242,0.6555223292044442
122.6,0.00166475344,0.6689507528429485,0.655302706745217
122.7,0.00166679702,0.6688153313500227,0.6550866908343562
122.8,0.001668822495,0.6686611168498433,0.6548693931536927
122.9,0.001670829955,0.6684883732361931,0.6546460196328371
123.0,0.00167281929,0.6682978796240501,0.6544149366436097
123.1,0.00167479152,0.6680901072523121,0.6541771432124742
123.2,0.001676746525,0.6678656718731397,0.653934712790582
123.3,0.001678684485,0.6676266092385722,0.6536898319264199
123.4,0.00168060643,0.6673728062512739,0.6534459249559805
123.5,0.00168251295,0.6671049666279996,0.6532044181623284
123.6,0.001684404335,0.6668239260323946,0.6529656257047292
123.7,0.001686280505,0.6665311107475241,0.6527307539547614
123.8,0.001688143265,0.6662273501538486,0.6524995453018279
123.9,0.001689992595,0.6659164832775906,0.6522705294805665
124.0,0.00169182869,0.6656024936582349,0.6520409733053687
124.1,0.00169365294,0.6652875678442683,0.651809130050719
124.2,0.00169546577,0.6649773607024677,0.6515732529911022
124.3,0.001697267765,0.6646729152415936,0.6513343474361674
124.4,0.00169905944,0.6643774547357088,0.6510927275451798
124.5,0.00170084135,0.6640898482114579,0.6508477210173116
124.6,0.001702613635,0.6638115910669442,0.6506000944011703
124.7,0.00170437676,0.6635422811783078,0.6503566775191849
124.8,0.00170613054,0.6632820379260698,0.6501320347948972
124.9,0.001707875305,0.6630329661773078,0.6499297413607473
125.0,0.00170961175,0.6627956125691439,0.649743721376543
125.1,0.00171134053,0.6625687016149604,0.6495734344883478
125.2,0.00171306148,0.66235064995206,0.649415651138914
125.3,0.00171477555,0.6621396228903331,0.6492570195594636
125.4,0.00171648213,0.6619330820229155,0.6490914324938781
125.5,0.001718182065,0.6617280679695275,0.6489140204735446
125.6,0.001719875725,0.6615231355975485,0.6487201025254091
125.7,0.00172156238,0.6613203583581299,0.6485059652869551
125.8,0.001723241465,0.6611192147468912,0.6482737136252605
125.9,0.001724912505,0.6609228714892271,0.6480288704602103
126.0,0.00172657456,0.6607348974343922,0.6477772791541403
126.1,0.001728227675,0.6605578247060653,0.6475268439541667
126.2,0.00172987121,0.6603924638351509,0.6472847653906517
126.3,0.00173150468,0.66023924207825,0.6470532362952675
126.4,0.00173312691,0.6600977635946883,0.646829435517811
126.5,0.001734738275,0.6599680221012804,0.6466097439435455
126.6,0.00173633763,0.6598491379520832,0.646391629448792
126.7,0.001737923875,0.6597413938904356,0.6461714917683697
126.8,0.00173949821,0.6596429677925987,0.6459459442653979
126.9,0.001741058835,0.65955729027775,0.6457168718954687
127.0,0.00174260579,0.6594826397531154,0.6454967844805288
127.1,0.00174413976,0.659418771174468,0.6453037461783363
127.2,0.001745660365,0.6593664950727122,0.6451375245110349
127.3,0.00174716918,0.6593240898550741,0.6449748842593586
127.4,0.00174866597,0.6592904685304953,0.6447827758685916
127.5,0.00175015035,0.6592659201255002,0.6445507881006799
127.6,0.001751620075,0.6592525495071665,0.644333421304978
127.7,0.001753075915,0.659247755436777,0.6441387807905322
127.8,0.001754517775,0.6592533474717005,0.6439085837304331
127.9,0.00175594434,0.6592689486208182,0.6436518339292258
128.0,0.00175735477,0.6592958092380063,0.6433990739506885
128.1,0.001758748335,0.6593317490579634,0.6431252024695192
128.2,0.001760123745,0.659376944009878,0.642842170104172
128.3,0.001761480625,0.659428547810806,0.6425531498632271
128.4,0.00176281745,0.6594831361247546,0.6422586632510648
128.5,0.001764134025,0.6595370584210609,0.641963611152225
128.6,0.00176542918,0.6595883920450206,0.6416556596739496
128.7,0.001766702575,0.6596350823950382,0.6413372592585082
128.8,0.00176795406,0.6596750434535918,0.6410195625598213
128.9,0.001769183895,0.6597063839819041,0.6407053467457946
129.0,0.001770393025,0.6597280295552873,0.6403903895159015
129.1,0.00177158237,0.6597393644215814,0.6400879232583992
129.2,0.001772753735,0.6597404074303425,0.63980024761911
129.3,0.001773908355,0.6597299270772501,0.6395414809154191
129.4,0.001775049185,0.659708469999426,0.6393126284569758
129.5,0.00177617791,0.6596753638960425,0.6391126409518335
129.6,0.00177729636,0.6596288117761017,0.6389357127367686
129.7,0.001778407055,0.659568662843156,0.6387694847862819
129.8,0.00177951192,0.6594946720529786,0.6386063104638544
129.9,0.001780611965,0.6594077190515126,0.6384470191499467
130.0,0.001781709005,0.6593069493255561,0.6382946142071358
130.1,0.00178280406,0.6591945745563371,0.6381483856354819
130.2,0.001783898625,0.6590707518234886,0.6380039477716405
130.3,0.00178499408,0.6589352737818951,0.6378517501739446
130.4,0.001786089765,0.6587918600772588,0.6376799427549051
130.5,0.00178718642,0.6586390215946617,0.6374814255151248
130.6,0.00178828283,0.658476946829663,0.6372643351795764
130.7,0.00178937737,0.658307809764379,0.6370547218345436
130.8,0.001790470385,0.6581353300445115,0.6368753306108383
130.9,0.001791561365,0.6579621340415192,0.6367228251370624
131.0,0.00179265187,0.657790659631301,0.6365712370083414
131.1,0.00179374181,0.6576271334504963,0.6363998694122734
131.2,0.001794831135,0.6574747347908707,0.6362056561544285
131.3,0.001795919145,0.6573351224133451,0.6360049209502348
131.4,0.001797005085,0.6572102692381061,0.6358186307890621
131.5,0.001798089855,0.6570997605749235,0.6356498455821553
131.6,0.001799172415,0.6570060405828816,0.6354782957737135
131.7,0.001800252115,0.6569281856337403,0.63528114826833
131.8,0.00180133063,0.6568620739579382,0.6350550981105336
131.9,0.00180240491,0.6568003605118511,0.6348505301633025
132.0,0.001803474905,0.6567364542340918,0.6347015055741868
132.1,0.00180454161,0.6566529507013593,0.6344989545294393
132.2,0.00180560471,0.6565347137202487,0.6343286236589469
132.3,0.00180666411,0.6563786645299596,0.6342480103914558
132.4,0.001807722345,0.6562096908274937,0.6341159315531136
132.5,0.001808780195,0.6560731320780275,0.633941177320165
132.6,0.00180983637,0.6559975076596702,0.6337588769816626
132.7,0.00181089173,0.6559592179284083,0.6335445826635758
132.8,0.00181194646,0.6559145633304302,0.6332869594996109
132.9,0.001812999915,0.6558806906784391,0.6330114669566322
133.0,0.001814050435,0.6559097755432262,0.6327605416682047
133.1,0.001815098965,0.6559850292536502,0.6325138323971183
133.2,0.001816145585,0.6560500036729118,0.6322399483495784
133.3,0.00181719093,0.6561038819869208,0.6320033738563925
133.4,0.001818236245,0.65617054658303,0.6317805155567322
133.5,0.0018192804,0.6562270512684975,0.6315870185820123
133.6,0.00182032551,0.6562664468403735,0.631410882048296
133.7,0.00182137208,0.6563102657747057,0.6312268035683516
133.8,0.00182242006,0.6563521243552222,0.6310505036718175
133.9,0.00182347091,0.6563893208122407,0.6308579303253377
134.0,0.0018245232,0.656435370277357,0.6306508428207983
134.1,0.001825577845,0.656484787529798,0.6304445595639784
134.2,0.001826633905,0.6565269100040972,0.6302274378125035
134.3,0.00182769162,0.6565534438956495,0.6299846115499369
134.4,0.001828750445,0.6565619890276673,0.6297214026342338
134.5,0.00182980995,0.6565519233648052,0.6294512319492104
134.6,0.0018308688,0.6565220593850402,0.629192515511002
134.7,0.001831925135,0.6564808668221662,0.6289546026993457
134.8,0.00183297747,0.6564476350550766,0.6287430855491647
134.9,0.001834024555,0.6564320841714414,0.6285500849460841
135.0,0.00183506539,0.6564383673567485,0.6283381216897465
135.1,0.0018360999,0.6564642289474729,0.6280892001091134
135.2,0.00183712723,0.6564972470862621,0.6278342410157186
135.3,0.001838148025,0.6565200676152978,0.6275984757968003
135.4,0.00183916298,0.6565371013306656,0.6273554183130143
135.5,0.00184017372,0.6565590987624259,0.6270734163900575
135.6,0.0018411784,0.6565872474326021,0.6267950876172312
135.7,0.0018421784,0.6566115884924821,0.626579634679774
135.8,0.001843173985,0.6566267498186283,0.6264217061887595
135.9,0.00184416713,0.656635558844429,0.6263237312236275
136.0,0.00184515954,0.6566409749501638,0.6262850123508091
136.1,0.001846151435,0.6566335293755748,0.6262585777335847
136.2,0.00184714301,0.6566123801738308,0.6261942310045354
136.3,0.00184813396,0.6565775399113025,0.6261070335871609
136.4,0.00184912359,0.6565320182337521,0.626034872460545
136.5,0.001850110595,0.6564806217779393,0.6259744835099207
136.6,0.001851096455,0.6564247768269291,0.6259548083434497
136.7,0.0018520831,0.656365928513342,0.6259981510123357
136.8,0.001853073335,0.656308431084596,0.6260505766539017
136.9,0.0018540684,0.656255658611201,0.6260618826175436
137.0,0.001855068745,0.6562123800308053,0.6260677793869542
137.1,0.00185607536,0.656182962157197,0.626070063953132
137.2,0.001857090185,0.6561693087955245,0.626038574513328
137.3,0.00185811365,0.6561681024239455,0.6259712828553251
137.4,0.00185914538,0.6561789157858592,0.6258770966509335
137.5,0.00186018412,0.6562016797662271,0.6257671327399169
137.6,0.001861229225,0.6562322788786731,0.6256557946962737
137.7,0.001862279885,0.6562614391416837,0.625553998297838
137.8,0.001863334915,0.6562852775467392,0.6254624051640226
137.9,0.001864393975,0.6562984471031429,0.6253622405088111
138.0,0.001865455305,0.6562963108201385,0.6252436868551611
138.1,0.00186651879,0.65627690834391,0.6251226557415446
138.2,0.001867583185,0.6562412764000329,0.6249859292310306
138.3,0.001868647885,0.65618752374973,0.6247886460088445
138.4,0.001869710275,0.6561125841985712,0.6245533928695287
138.5,0.00187076859,0.6560137496936894,0.6243357307641174
138.6,0.00187182216,0.6558928737747498,0.6241122391193781
138.7,0.00187287128,0.6557564218394337,0.6238455078499918
138.8,0.001873913945,0.6556143527364532,0.6235382996725383
138.9,0.0018749464,0.6554694499168989,0.6232576888468083
139.0,0.001875968355,0.6553031340018179,0.6229914696570247
139.1,0.001876981225,0.6550964926034355,0.6226835376566235
139.2,0.00187798337,0.6548733138613243,0.622361040604362
139.3,0.001878975255,0.6546759150285287,0.622031867039393
139.4,0.00187995629,0.6544840956642859,0.6216662013624784
139.5,0.001880928145,0.6542550861262098,0.6212483224156611
139.6,0.001881889545,0.6540208992434405,0.6207977947813508
139.7,0.00188283849,0.6538237643044278,0.6203474983682596
139.8,0.00188377454,0.6536399120191544,0.6199120899627538
139.9,0.00188469603,0.6534537726544292,0.6194844664238437
140.0,0.00188560402,0.6532741112537558,0.6190414830101316
140.1,0.00188649687,0.6530930424195734,0.618566322776143
140.2,0.001887372935,0.6528869853574245,0.6181079411601986
140.3,0.001888231055,0.6526443727231583,0.6176974644339918
140.4,0.001889070375,0.6523676423926742,0.6173380536680504
140.5,0.001889893205,0.6520671302058024,0.6170423820471393
140.6,0.00189070028,0.6517603097008823,0.6168470811699177
140.7,0.001891495795,0.6514661623807266,0.6167093694559476
140.8,0.0018922856,0.6511958723151824,0.616562955530327
140.9,0.00189307149,0.650938180036179,0.6163728263429318
141.0,0.00189385435,0.6506725458109475,0.6161387626105946
141.1,0.001894634065,0.6503928875161101,0.6158676387663601
141.2,0.001895409605,0.6501087932924461,0.6156013240721597
141.3,0.001896180955,0.6498379000411123,0.6153693086582327
141.4,0.001896950495,0.6495985672295765,0.6151412126953003
141.5,0.001897717325,0.649389513088036,0.6149050981312788
141.6,0.00189848252,0.6492184596512334,0.6146879732382112
141.7,0.00189924639,0.6490705786018436,0.614493669502498
141.8,0.001900009615,0.6489320532153762,0.6143175449068338
141.9,0.00190077156,0.6488214691539699,0.6141867503515683
142.0,0.00190153399,0.6487346355330247,0.6140710580605073
142.1,0.001902299105,0.6486432277531757,0.613938651239892
142.2,0.001903065595,0.6485487412125265,0.6137892942702736
142.3,0.001903835045,0.6484683855556329,0.6136051887726324
142.4,0.00190461124,0.6483921516683009,0.61341860769998
142.5,0.00190539621,0.6482992861894608,0.6131506197935324
142.6,0.001906189575,0.6481788061111956,0.6129442083597321
142.7,0.001906992875,0.6480267907258737,0.6126997604070377
142.8,0.00190780472,0.6478608203859846,0.6124714489308493
142.9,0.001908622235,0.6477141645577297,0.6122491680559187
143.0,0.00190944418,0.6475966941252267,0.6120581391163874
143.1,0.001910268315,0.6474895281166274,0.611873006946267
143.2,0.001911092995,0.6473827139664053,0.6116518400800913
143.3,0.0019119182,0.6472896599920059,0.6114064603310159
143.4,0.001912742785,0.6472280219441425,0.6112136928341102
143.5,0.00191356734,0.6472066088486157,0.6110866003316278
143.6,0.00191439397,0.647219564776719,0.6109809548538728
143.7,0.0019152233,0.6472530353048505,0.6109206833988137
143.8,0.001916054705,0.6472971495488922,0.6109081584972224
143.9,0.00191688725,0.6473592588356536,0.6109136280100322
144.0,0.001917722795,0.6474414994481393,0.6108927690914494
144.1,0.00191856184,0.6475325553696109,0.610802688948656
144.2,0.001919403695,0.6476187166897284,0.6106671970840549
144.3,0.001920244315,0.6476908790729813,0.6105498730497696
144.4,0.00192108055,0.6477445814578017,0.6104982975231755
144.5,0.001921915235,0.6477738296854066,0.6104334387145236
144.6,0.0019227475,0.6477877155249355,0.6103173543526994
144.7,0.001923573405,0.6477922142856155,0.6101796061962544
144.8,0.001924390585,0.6477847687110264,0.6100353763058467
144.9,0.001925197325,0.6477627398633394,0.6098284666154515
145.0,0.001925990905,0.6477318140252575,0.609549546594888
145.1,0.00192676544,0.6477099799563151,0.6092901157585101
145.2,0.001927519235,0.6477052864168906,0.6090602020700683
145.3,0.001928252575,0.6477094898678611,0.6088479504155251
145.4,0.00192896813,0.6477106711066989,0.6086524390515956
145.5,0.00192966717,0.64770527385052,0.6084077894086529
145.6,0.00193035047,0.647686845268014,0.608152159899386
145.7,0.00193101748,0.6476551088990274,0.6079546580223513
145.8,0.001931671115,0.6476127350973159,0.6077812458777841
145.9,0.00193231416,0.6475554073145732,0.6076097243436762
146.0,0.00193294629,0.6474705151978879,0.607414504519545
146.1,0.001933567495,0.6473478297215798,0.6072184037928339
146.2,0.00193417673,0.6471940047788896,0.607080697105412
146.3,0.001934776405,0.6470383388629041,0.6068825317240089
146.4,0.001935364185,0.6469012020603896,0.6066810984579275
146.5,0.001935936985,0.6467805523361212,0.6064973328806114
146.6,0.00193649258,0.6466574396032123,0.6062693751477556
146.7,0.001937027615,0.64651942943794,0.6060050308604676
146.8,0.001937539625,0.6464021977664787,0.6056824879409533
146.9,0.001938026405,0.6463815449363741,0.6053064669463338
147.0,0.00193848586,0.6464375658165729,0.6048753417882521
147.1,0.001938915555,0.6464738512117219,0.6043824485203709
147.2,0.001939314405,0.646497375457512,0.6038658883783933
147.3,0.00193967859,0.6465619540360991,0.6033628955184493
147.4,0.001940008275,0.6466563023466717,0.6029105231409327
147.5,0.001940302705,0.6467680425141746,0.6025575997638212
147.6,0.00194056416,0.6468804361329494,0.6023010968917965
147.7,0.001940799985,0.64695398081697,0.6021142808280137
147.8,0.00194101847,0.6470158073603925,0.6019330511442875
147.9,0.00194122792,0.6471239535458998,0.6017094702783168
148.0,0.001941433665,0.647240506633348,0.6014556132556249
148.1,0.0019416393,0.6473045951234812,0.601184041420278
148.2,0.001941847955,0.6473379085719799,0.6009153278059274
148.3,0.00194206145,0.6473723215779073,0.6006586628277217
148.4,0.00194228366,0.6473993958233959,0.6003618853661965
148.5,0.00194251707,0.6474035175929574,0.6000850218321838
148.6,0.00194275762,0.64739937697384,0.5999611010816445
148.7,0.001943011115,0.6474030149381329,0.5999084951126601
148.8,0.00194328351,0.647408952548248,0.5998609678423596
148.9,0.00194357108,0.6474112270613293,0.5998684347797786
149.0,0.001943871965,0.6474129423709182,0.5999304743231831
149.1,0.001944192065,0.6474137026363403,0.5999215679080103
149.2,0.00194453455,0.6474141047602,0.599885755636715
149.3,0.001944902295,0.6474123266187581,0.5998959808924839
149.4,0.00194529729,0.6474117799816363,0.5999504768436086
149.5,0.001945720565,0.6474117988311923,0.5999278284738503
149.6,0.00194616942,0.647411302459553,0.5998710253370808
149.7,0.0019466418,0.647409461486258,0.5998204117661573
149.8,0.001947135345,0.6474081545837141,0.5997297328358041
149.9,0.001947646495,0.6474072309554739,0.5996097070318366
150.0,0.00194817157,0.6474051260883961,0.5994823895913202
150.1,0.00194870841,0.6473996911331052,0.5993623223183298
150.2,0.001949257465,0.6473849256476334,0.5992456046114265
150.3,0.001949818845,0.6473536353848036,0.5991846319528871
150.4,0.001950396255,0.6472973317612661,0.599185253359914
150.5,0.001950992205,0.6472141863700962,0.5992131846318786
150.6,0.00195160729,0.6471113306266176,0.5992487914430144
150.7,0.001952242625,0.6470036808127497,0.5992795055377513
150.8,0.001952901955,0.6469013654232075,0.5993012371907733
150.9,0.001953588715,0.646820946934461,0.5993190902335052
151.0,0.00195430057,0.6467750922480892,0.5993665986542498
151.1,0.00195503289,0.6467582470282807,0.5994430555946603
151.2,0.001955782955,0.6467596104794924,0.599524870207182
151.3,0.001956548875,0.6467667167620748,0.5996116076953921
151.4,0.001957330525,0.6467783092389665,0.5996996545994201
151.5,0.00195812703,0.6467976111842302,0.5997492458960941
151.6,0.001958937455,0.6468120813599926,0.5997599486739463
151.7,0.001959759245,0.6468101587052886,0.5997455205955254
151.8,0.001960590635,0.6467951293260338,0.5996905546621397
151.9,0.001961432485,0.6467791134866858,0.5996016010944718
152.0,0.00196228318,0.6467620357890209,0.5995165267654126
152.1,0.001963141425,0.6467543011879078,0.599468434636753
152.2,0.001964007445,0.6467696572927984,0.5994375069137154
152.3,0.00196488219,0.6467870051674316,0.5993766404410078
152.4,0.001965765785,0.6468214872883974,0.599304442871917
152.5,0.00196665481,0.6468953147157568,0.599246732443189
152.6,0.00196754669,0.6469649763912575,0.5991381608860367
152.7,0.001968439455,0.6470220716961438,0.598956000034248
152.8,0.001969329365,0.6470913123982289,0.5987605690950906
152.9,0.00197021294,0.6471643544274249,0.598523807991301
153.0,0.00197108854,0.6472212298208255,0.5982323687240128
153.1,0.001971954535,0.6472609207024109,0.5979580882074799
153.2,0.00197280963,0.64728933326637,0.5976958267961211
153.3,0.00197365348,0.6472981548585414,0.5974579900110071
153.4,0.00197448792,0.6472732168960571,0.5972448304361868
153.5,0.001975314405,0.6472000177872285,0.5970429102232441
153.6,0.001976134595,0.6470647596571208,0.5968198898174029
153.7,0.001976945295,0.6468798329471599,0.5965565640344531
153.8,0.00197774691,0.6466958235822539,0.5962339124158329
153.9,0.001978537345,0.6465730689909075,0.5958715529510269
154.0,0.00197931501,0.64649702988232,0.5954972196199811
154.1,0.001980081035,0.6464177172341875,0.595146903764772
154.2,0.001980835305,0.646329180870024,0.5948630281959566
154.3,0.00198157832,0.6462681397247647,0.5946291617556381
154.4,0.001982312155,0.6462335193737222,0.5944379989842598
154.5,0.00198303552,0.6462067530043135,0.5942821401744854
154.6,0.00198374965,0.6461919561029151,0.5941055525080642
154.7,0.001984455015,0.6462004195535239,0.5938646941391358
154.8,0.00198514924,0.6462170825609587,0.5936107240191085
154.9,0.001985834135,0.6462219080472745,0.5933697443847037
155.0,0.00198651653,0.6462230515870004,0.5930882746475423
155.1,0.001987196335,0.6462193884899664,0.5927629011530471
155.2,0.00198786983,0.6461890595544886,0.5923618806207276
155.3,0.00198853204,0.6461346785856549,0.5919435637358944
155.4,0.001989180115,0.6460801656699299,0.5916619922111311
155.5,0.001989817495,0.6460339779747367,0.5915273089924791
155.6,0.00199044675,0.6459909318721974,0.5914853329163974
155.7,0.00199107056,0.6459465851502992,0.5914914571371164
155.8,0.00199169328,0.6459133910823214,0.591581796775463
155.9,0.001992323805,0.6458982548889164,0.5916620443615692
156.0,0.0019929698,0.6458974003757146,0.5916354099390521
156.1,0.00199363412,0.6459124863036372,0.5915314452133668
156.2,0.00199430878,0.6459475213449101,0.5915607952285736
156.3,0.001994988845,0.6459948211639024,0.5917469509295806
156.4,0.001995682485,0.6460385458504551,0.5919026011376028
156.5,0.001996390905,0.6460730154050502,0.5919837396793856
156.6,0.00199711504,0.6460952264651112,0.5919599597079536
156.7,0.001997854395,0.6461130518618277,0.5918341320106734
156.8,0.00199860755,0.646141470708972,0.591635788815126
156.9,0.001999372435,0.6461870238024491,0.5914102664448955
157.0,0.00200014713,0.64623869043523,0.5912137422314946
157.1,0.002000927195,0.6462911801652862,0.5910615383506135
157.2,0.002001707885,0.6463435128157097,0.5909227327340814
157.3,0.00200248857,0.646382606794691,0.5907600076594034
157.4,0.00200326671,0.6464142677654539,0.5906314304402328
157.5,0.00200404456,0.6464594375846272,0.5905674575607093
157.6,0.002004824575,0.646541250940512,0.5904881687886808
157.7,0.002005607645,0.6466618378329273,0.5903690477633976
157.8,0.00200638918,0.6468048745464453,0.590258243162187
157.9,0.00200716606,0.6469469373662405,0.5902220752626034
158.0,0.0020079398,0.6470835275316333,0.5902689566214543
158.1,0.0020087105,0.6472289832714946,0.5903813690897851
158.2,0.002009479325,0.64737646848021,0.5905111193796525
158.3,0.002010248805,0.6475081640442485,0.5906192888129452
158.4,0.002011021195,0.6476312767771574,0.5907244272376458
158.5,0.0020117953,0.6477494383600442,0.5908462443777445
158.6,0.00201256852,0.647858049501264,0.5909537685279062
158.7,0.00201334328,0.6479602455102853,0.5910204450620674
158.8,0.002014121965,0.6480683916957926,0.5909797149416322
158.9,0.0020149036,0.6481791516863875,0.5908151306724218
159.0,0.00201568342,0.6482752090233637,0.5905747517105323
159.1,0.00201645428,0.6483565385739798,0.590302545901788
159.2,0.00201721241,0.6484434287435927,0.5900471463571032
159.3,0.002017955595,0.6485262599754973,0.5898375581448115
159.4,0.002018683715,0.6486207653657026,0.589595346377768
159.5,0.002019396605,0.6487233949145101,0.5893287401437693
159.6,0.002020092565,0.6488180196852362,0.5890663499271119
159.7,0.002020773375,0.6489013787047065,0.5887757098809947
159.8,0.002021441475,0.6489762679903828,0.5884413621129252
159.9,0.00202209789,0.6490603432929782,0.5880990246464192
160.0,0.002022742595,0.6491668495671202,0.5877832562573031
160.1,0.0020233749,0.6492618890280766,0.587500135299043
160.2,0.00202399437,0.6493408749505731,0.5872352613392335
160.3,0.002024601175,0.6494222673330424,0.5869799529007358
160.4,0.00202519609,0.6494913572386801,0.586732287957164
160.5,0.002025778225,0.6495797553727668,0.5864819960138156
160.6,0.002026347335,0.6496872543901874,0.5862190993724222
160.7,0.002026903445,0.649807150132219,0.5859521708110174
160.8,0.00202744744,0.6499336746347496,0.5857083115927862
160.9,0.002027982465,0.6500385912630089,0.5855303887494873
161.0,0.00202851291,0.650128673290758,0.5854167209007322
161.1,0.00202904171,0.6502315290342365,0.585303511096186
161.2,0.002029566485,0.6503590211473045,0.5851663190016407
161.3,0.002030084735,0.6504878641452135,0.5851161584483779
161.4,0.002030596015,0.6505840974113782,0.5850997467683555
161.5,0.00203110256,0.6506676512095931,0.5850719688061125
161.6,0.002031601985,0.6507832052705774,0.5851007212903967
161.7,0.00203209564,0.6509275865857511,0.585125695067037
161.8,0.002032586225,0.6510713898478765,0.5851030963344428
161.9,0.00203307236,0.6512059128453033,0.585077113478242
162.0,0.00203355389,0.6513270149589138,0.5850816398849373
162.1,0.00203403328,0.6514303230917345,0.58506682539062
162.2,0.0020345111,0.651508039810799,0.5850477766577243
162.3,0.002034989235,0.651569872637407,0.5850317903493472
162.4,0.00203547049,0.6516343506850293,0.5849954370957969
162.5,0.00203595424,0.6517219634209526,0.5849348389151018
162.6,0.00203643961,0.651827948190714,0.5848549840280772
162.7,0.002036927955,0.6519196198643459,0.584759446310526
162.8,0.002037420685,0.6520020364060201,0.5846671557431415
162.9,0.00203791794,0.65211351267974,0.5846235171362276
163.0,0.002038421025,0.6522435055005603,0.5846211992691678
163.1,0.002038930705,0.6523472534563525,0.5845912856522388
163.2,0.00203944769,0.6524555630046777,0.5845443992668395
163.3,0.00203997348,0.6526130259116608,0.5844846116170491
163.4,0.002040508415,0.6527860459854646,0.5844268132237269
163.5,0.00204105086,0.6529345239374585,0.5843970390935117
163.6,0.00204160194,0.6530536028654003,0.5843586827604855
163.7,0.002042160855,0.6531396196722555,0.584357446229617
163.8,0.002042726815,0.6531936864818237,0.5843979313058253
163.9,0.00204330036,0.6532313793104816,0.5844110380303762
164.0,0.002043878685,0.6532637942634814,0.5844453894610876
164.1,0.00204445791,0.6532920120486959,0.58445260695605
164.2,0.002045036775,0.6533178736394202,0.5843713188744568
164.3,0.002045610885,0.6533478381501502,0.5842245537187776
164.4,0.00204617486,0.6533895836333311,0.5840590345115935
164.5,0.002046730355,0.6534452338055968,0.5838777595889332
164.6,0.00204727703,0.6535194696400011,0.5837204688412273
164.7,0.002047818175,0.6536080122873499,0.583572587163519
164.8,0.00204835591,0.6536986346690353,0.5834281266802105
164.9,0.00204889094,0.6537953894395806,0.5832940962845118
165.0,0.00204942439,0.6539016066871984,0.5831713178170613
165.1,0.002049957405,0.6540104503062747,0.583069675984984
165.2,0.00205049172,0.6541144810054057,0.5830810391256122
165.3,0.00205103311,0.6542122159528589,0.5830931606467068
165.4,0.00205158154,0.6542980379809696,0.5830977599383516
165.5,0.00205213076,0.6543750886823916,0.5831372855721635
165.6,0.002052675985,0.6544430161987476,0.5832744644720196
165.7,0.002053220385,0.6545077141578555,0.5833931481876053
165.8,0.002053766745,0.6545743473380382,0.583434007741658
165.9,0.00205431398,0.654645259367415,0.5834362734582798
166.0,0.00205485961,0.6547197025469345,0.5834634608011039
166.1,0.002055401835,0.6547946609476492,0.5835456222454547
166.2,0.002055943345,0.6548724153658254,0.5836536389973445
166.3,0.00205648388,0.6549701188973521,0.5837545959622232
166.4,0.002057029285,0.6551051948150859,0.5837926400209397
166.5,0.0020575815,0.6552710583408248,0.5837458478833201
166.6,0.00205814016,0.6554398749636581,0.5836525595461088
166.7,0.00205870106,0.6555996752155756,0.5835610952175923
166.8,0.002059261155,0.6557679137853607,0.5834524941294688
166.9,0.00205982128,0.6559508738583204,0.5832997775406665
167.0,0.002060381025,0.656127531896417,0.5831377894836252
167.1,0.002060937895,0.6562819851576381,0.5829707296394037
167.2,0.002061492235,0.6564074415186666,0.5828167532719475
167.3,0.0020620413,0.6565264827474965,0.5827115407056601
167.4,0.002062585225,0.6566549864533988,0.5826571421439077
167.5,0.002063124765,0.656775447682108,0.5826451067024517
167.6,0.00206366245,0.6568763305054002,0.5826405237470887
167.7,0.002064201305,0.6569764844791967,0.5826476199765747
167.8,0.002064742915,0.6570746027009535,0.5827175091033835
167.9,0.00206529129,0.6571469661461363,0.582808625343434
168.0,0.00206585161,0.6571821519838564,0.5828700227453003
168.1,0.002066426805,0.6571912500361813,0.5829008932913515
168.2,0.002067015925,0.6571825541077162,0.5829645809142621
168.3,0.002067617315,0.6571401363237074,0.5830710802769002
168.4,0.00206823351,0.6570382796066927,0.5832019326374706
168.5,0.002068865685,0.6568827079384869,0.583344101014779
168.6,0.002069514025,0.6567169323773423,0.5834275505121178
168.7,0.0020701755,0.6565754036282981,0.5834745770125493
168.8,0.002070846065,0.6564554701871547,0.5835162766284776
168.9,0.002071521165,0.6563245851540208,0.5834982124707194
169.0,0.002072199205,0.6561696418043458,0.5834408884578879
169.1,0.002072876325,0.6560236080114363,0.5833571863764997
169.2,0.00207355403,0.6559326966032267,0.5832262969451362
169.3,0.002074229685,0.6559310127095643,0.583079163594798
169.4,0.002074900755,0.6560074539420115,0.5829309928905655
169.5,0.002075564,0.6561120249950789,0.5828031156182382
169.6,0.002076218665,0.6562147110925541,0.5827022221135311
169.7,0.002076869005,0.6563217891365591,0.5826706798949706
169.8,0.002077521795,0.6564510154087718,0.5827394512431132
169.9,0.00207818075,0.6566198885802729,0.5828435039333927
170.0,0.0020788473,0.6568441605966274,0.5829556355433403
170.1,0.002079523065,0.6571091727865136,0.5830827230192744
170.2,0.002080214135,0.6573867513470143,0.5832628236146009
170.3,0.0020809265,0.6576835627377401,0.583503521762304
170.4,0.00208166213,0.6580256130626776,0.5838227785759026
170.5,0.00208242212,0.6584023842696226,0.5842013945260539
170.6,0.00208320783,0.6587746692822584,0.5845255270914509
170.7,0.002084016745,0.6591117621739885,0.5847936764757611
170.8,0.002084842185,0.6594104333875652,0.5850668982755696
170.9,0.0020856811,0.6596764823030272,0.5853686639579102
171.0,0.002086534495,0.6599241591846509,0.5856553606769285
171.1,0.00208740481,0.6601718360662746,0.5858805663746196
171.2,0.00208829351,0.6604282151595487,0.5859796886493887
171.3,0.002089194305,0.6606910408009481,0.5860264525126744
171.4,0.002090100885,0.6609566938757356,0.5860910932947961
171.5,0.00209101375,0.661220072437442,0.5861369285032935
171.6,0.002091932955,0.6614756786989234,0.5861494131924988
171.7,0.002092855175,0.661720653810865,0.586135844653828
171.8,0.002093775905,0.6619482810481735,0.5860890719940829
171.9,0.002094693215,0.6621595531541274,0.5859868803832912
172.0,0.002095607695,0.6623578567656073,0.5858243940696549
172.1,0.00209651682,0.662543719670179,0.585674424489469
172.2,0.00209741815,0.6627222626638678,0.585638484669512
172.3,0.002098313245,0.6629057002589109,0.5856434295363487
172.4,0.00209920599,0.6630926941368379,0.5856433258637912
172.5,0.002100097135,0.6632675865998633,0.5856165852554424
172.6,0.00210098621,0.6634131994193572,0.585543956031521
172.7,0.00210187177,0.6635322909136695,0.5854305841207939
172.8,0.002102752945,0.6636386401081787,0.5853068436976728
172.9,0.002103631685,0.6637261334635812,0.5851922911764265
173.0,0.002104509335,0.6637844477064172,0.5851044057502608
173.1,0.00210538617,0.6638215561988414,0.5850632257537576
173.2,0.002106264335,0.6638449799136665,0.5850349426234158
173.3,0.00210714431,0.6638403366397245,0.585013317784544
173.4,0.00210802331,0.6637938599180073,0.5850134170588719
173.5,0.00210890156,0.6636905769179279,0.5849809122563223
173.6,0.002109775325,0.663526780560155,0.5849240783319447
173.7,0.00211063961,0.6633094765963062,0.5848601381249848
173.8,0.00211149238,0.6630496103351866,0.5847763952028922
173.9,0.002112330705,0.6627472885909463,0.5846644520885038
174.0,0.002113150055,0.6623956187093034,0.5845279970115952
174.1,0.002113946875,0.6619956939645015,0.5843657833882011
174.2,0.002114718815,0.6615475017901697,0.584202746667532
174.3,0.0021154664,0.6610346053735447,0.5840497919460067
174.4,0.00211619227,0.6604202983460618,0.5838801409161645
174.5,0.00211689693,0.6597084385834995,0.5837004455862904
174.6,0.002117577955,0.6590215796152745,0.5835836198085999
174.7,0.00211823651,0.6585089470924325,0.5835054362488671
174.8,0.00211887578,0.6581848478279174,0.5833912142231679
174.9,0.002119495945,0.6579613109442439,0.583246359155822
175.0,0.00212009745,0.6577693596331096,0.5830832376121511
175.1,0.0021206806,0.6576022520366798,0.5828986665304786
175.2,0.00212124241,0.6574568402791159,0.5827382549246307
175.3,0.002121782935,0.657319225954518,0.5826172809880005
175.4,0.002122301925,0.6571907033990596,0.5825134174215986
175.5,0.002122801925,0.6570979824334815,0.5823959959979409
175.6,0.002123284,0.6570772856210797,0.5822484467007354
175.7,0.002123744935,0.6571254336700886,0.5820857065464127
175.8,0.002124182355,0.6572015356105292,0.5819183714986748
175.9,0.002124595085,0.6572900971074338,0.5817365285760627
176.0,0.002124983625,0.6573921737359343,0.581515892010727
176.1,0.00212534514,0.6574818662061943,0.5812830943402291
176.2,0.00212567936,0.6575181013358607,0.5810600286954537
176.3,0.002125987655,0.6574791330205857,0.5808749398793118
176.4,0.00212627151,0.6573743043569207,0.5807441063682974
176.5,0.0021265368,0.657240189766539,0.580644197438728
176.6,0.00212678501,0.6571232659711577,0.5805670700824453
176.7,0.002127018165,0.6570659758875268,0.5805079069812744
176.8,0.00212724351,0.6570925286286349,0.5804415282700968
176.9,0.002127471685,0.6571980233099425,0.5803431706589796
177.0,0.002127707055,0.6573722497553253,0.5802660596389787
177.1,0.002127954915,0.6575840056665477,0.5801593372232622
177.2,0.00212821879,0.6577736196327478,0.5799883667245056
177.3,0.002128496765,0.6578736165269116,0.5797910043341846
177.4,0.00212878668,0.657880006526369,0.5796068089869935
177.5,0.002129089965,0.6578566707761382,0.5794540327079308
177.6,0.002129407215,0.6578867421010184,0.5793346257977162
177.7,0.002129735325,0.658012386957606,0.5792306554171642
177.8,0.002130072005,0.6582291505675184,0.5791455176279333
177.9,0.002130422105,0.6585138291274161,0.5790930674819446
178.0,0.002130785485,0.6588667179470085,0.5790677870858612
178.1,0.00213115698,0.6592994032200021,0.5790947576587923
178.2,0.002131532475,0.6597678021182818,0.5792008643223486
178.3,0.00213191106,0.6602156298678656,0.5793731260156859
178.4,0.00213229477,0.6606438603624765,0.5795579100973404
178.5,0.00213268644,0.6610848205905197,0.5797387470819848
178.6,0.002133086535,0.6615423370118472,0.5799284106853487
178.7,0.002133492705,0.6619950342300442,0.5801881406013473
178.8,0.00213390296,0.6624083924250329,0.5805430833942167
178.9,0.00213432566,0.6627726600932167,0.5808942443378495
179.0,0.002134771365,0.663106605109108,0.5811532523158562
179.1,0.00213523878,0.6634125145521587,0.5813775255888478
179.2,0.00213572722,0.6636699429373791,0.5815322603367706
179.3,0.00213623798,0.6639003096434816,0.5815643315995341
179.4,0.002136766605,0.6641685513906156,0.5814996041094551
179.5,0.00213730717,0.6644826289745656,0.5813901478798114
179.6,0.002137855935,0.6647846554090964,0.581266748005334
179.7,0.00213841183,0.6650415497235658,0.5811102294611025
179.8,0.00213897396,0.6652563906787742,0.5809307025205944
179.9,0.002139540275,0.6654376668580716,0.5807402070234958
180.0,0.00214011082,0.6655932887917598,0.5805269343513401
180.1,0.00214068579,0.6657518701057278,0.5802979625123759
180.2,0.002141265565,0.6659255561971741,0.580025052986877
180.3,0.002141846625,0.6661016738813343,0.579739661285447
180.4,0.00214242525,0.6662787843087732,0.5795012370225067
180.5,0.00214300085,0.6664517478339093,0.5792912466863555
180.6,0.00214357377,0.6666033987944833,0.5790884311195064
180.7,0.00214414342,0.6667203163066793,0.5788887194461991
180.8,0.00214470666,0.6668112151485183,0.578693436790215
180.9,0.00214526189,0.6668799908948907,0.5785242651674118
181.0,0.00214580753,0.6669481446059176,0.5784065986995272
181.1,0.00214634541,0.6670512202608818,0.5782861418690477
181.2,0.002146874495,0.6671977818413571,0.5781384097311497
181.3,0.00214739265,0.6673531021821507,0.5780338537577271
181.4,0.002147902,0.6674714459774114,0.577971077196686
181.5,0.00214840574,0.6675410825201707,0.5779193684665634
181.6,0.00214890135,0.6675830353484669,0.5779165686791906
181.7,0.00214938883,0.667611184018643,0.5779466456589375
181.8,0.00214986705,0.6676104928682592,0.5779643472769034
181.9,0.00215033347,0.6675705129601497,0.5779535370565825
182.0,0.002150786685,0.6674831515516386,0.5779067329809108
182.1,0.002151227485,0.6673244822730764,0.5778602820202533
182.2,0.002151657965,0.667181231931258,0.5778025508570138
182.3,0.002152075625,0.6670867391074233,0.5777237766778621
182.4,0.00215247621,0.666953900003659,0.5776768645314031
182.5,0.002152861605,0.6666805311773142,0.5776820136017623
182.6,0.00215324023,0.6659786365466492,0.5777077953960333
182.7,0.00215361285,0.6649922895507575,0.577758352418289
182.8,0.00215397858,0.6643514172157958,0.5778520623572344
182.9,0.00215434075,0.6642045603256111,0.577981695779855
183.0,0.002154703455,0.6643192724397643,0.5781348641296808
183.1,0.002155070955,0.6645438900313106,0.578282752718893
183.2,0.002155448905,0.6647707004545292,0.578440772944413
183.3,0.002155839065,0.664865155579252,0.578655852660663
183.4,0.002156243305,0.6647724534632299,0.57892107408062
183.5,0.00215666335,0.664519146847571,0.5792316707799098
183.6,0.00215710352,0.664086863698437,0.5795209649677342
183.7,0.00215756899,0.6635512221509999,0.5797044371202964
183.8,0.002158062505,0.6630687300680763,0.5797975721477862
183.9,0.002158584425,0.6626937558521292,0.5798943426262947
184.0,0.00215913532,0.662547483298178,0.5800165417840599
184.1,0.00215971689,0.6626961371793606,0.5801230807307656
184.2,0.002160328155,0.6628675613240963,0.5802053961131564
184.3,0.00216096758,0.6627665339875422,0.5802602150200059
184.4,0.00216163152,0.6625508259527614,0.5802842739648657
184.5,0.002162313995,0.6625832660385024,0.5802781692220212
184.6,0.002163011425,0.6629105948602653,0.5802495442863987
184.7,0.002163720275,0.6633368712842456,0.5801969489988295
184.8,0.002164438195,0.6636761255917214,0.58009864793638
184.9,0.002165160055,0.6638322627466048,0.5799793698314641
185.0,0.002165882195,0.6638187036327119,0.5798611441600872
185.1,0.002166605865,0.663733371693055,0.5797245433132794
185.2,0.002167334705,0.6636685480702409,0.5795222014986027
185.3,0.002168067955,0.6636648032917978,0.5792672405202522
185.4,0.002168800925,0.6637069948811355,0.5789982096050436
185.5,0.00216953,0.663765730097387,0.5787228829381571
185.6,0.00217024978,0.66380700434167,0.5784465427934805
185.7,0.002170954975,0.6638141169074376,0.5781874349128275
185.8,0.002171641205,0.6637866719540159,0.5778881033364749
185.9,0.00217230389,0.6637206042605108,0.5775879593442621
186.0,0.00217294242,0.6636053832083478,0.5773109575801727
186.1,0.002173557135,0.6634631004770668,0.5770330654887253
186.2,0.00217414665,0.6633579011054687,0.5767616601577891
186.3,0.002174710535,0.6633405657972061,0.576554916343486
186.4,0.00217525021,0.6633961217216923,0.5763683503504785
186.5,0.00217576539,0.6634549134866116,0.576178841313473
186.6,0.002176254075,0.6634695470251919,0.575965776614751
186.7,0.002176710995,0.6634549386193528,0.5757153357599106
186.8,0.002177134435,0.6634604175569406,0.5754395516771338
186.9,0.00217752721,0.6635077550750448,0.575119168916728
187.0,0.002177889985,0.6635793582548055,0.5747833829275417
187.1,0.0021782198,0.6636466574526307,0.5744880034747474
187.2,0.002178516685,0.6636900177144356,0.5742573069014163
187.3,0.002178784345,0.663704714084869,0.5740865343229969
187.4,0.00217902677,0.6637217603666073,0.5739847391811983
187.5,0.00217925083,0.6637794462909127,0.5739323066281283
187.6,0.00217946769,0.663894120705954,0.5738895633751208
187.7,0.002179682845,0.6640554603382718,0.5738708187483937
187.8,0.002179902065,0.6642354798805077,0.5738671587929524
187.9,0.00218012598,0.6644117546443006,0.5738872367116015
188.0,0.002180346895,0.66459624153129,0.5739632990679745
188.1,0.002180561925,0.6648007215139269,0.5740756405363113
188.2,0.002180771295,0.6650339973348266,0.5741651332012785
188.3,0.00218097849,0.6652788216503208,0.5741846186155533
188.4,0.00218118563,0.6655096156130241,0.5740842076594777
188.5,0.002181389285,0.6657090627642299,0.5739369737781745
188.6,0.00218158097,0.6658764656703691,0.5738349574682531
188.7,0.002181756735,0.6660118180482564,0.5737882181093901
188.8,0.002181920065,0.666100869633615,0.5737383616622961
188.9,0.00218207379,0.6661336552945479,0.5736195359467223
189.0,0.00218221815,0.666124023171472,0.5733925565058189
189.1,0.00218235007,0.6660910929972771,0.5730465886148424
189.2,0.002182463345,0.6660595953893321,0.5726185013768565
189.3,0.00218255493,0.6660352480462668,0.5721614675041605
189.4,0.00218262766,0.6660168508796874,0.5716795478194184
189.5,0.002182683575,0.666003260349868,0.5712099149035444
189.6,0.00218272346,0.6659841531833489,0.5707970687881583
189.7,0.00218274769,0.6659378021253378,0.5704195919795032
189.8,0.002182758135,0.6658490835488005,0.5700462092943943
189.9,0.00218275327,0.6657189839138299,0.5697141467208211
190.0,0.002182735195,0.6655638457854104,0.5694271666301455
190.1,0.00218270651,0.665401306064699,0.569194889207391
190.2,0.00218267474,0.6652289143094259,0.5690593539888114
190.3,0.00218264536,0.6650519483952492,0.5689567822453087
190.4,0.002182622775,0.6648812970823061,0.5688852827381057
190.5,0.00218261025,0.6647094016986723,0.5688831288621824
190.6,0.002182608865,0.664507818264462,0.5689169858062101
190.7,0.002182620045,0.6642654443912377,0.568969734403501
190.8,0.00218264564,0.6640247732612314,0.5690088189577043
190.9,0.002182687585,0.6638414801794504,0.5690047952058335
191.0,0.002182744105,0.6636918147054335,0.5689593099707578
191.1,0.002182812385,0.6635330448959063,0.5688771215087102
191.2,0.00218288662,0.6633935581820869,0.5687786614816726
191.3,0.002182963725,0.6632594435917052,0.5687280598488013
191.4,0.00218304771,0.6630770929877202,0.5687135469473786
191.5,0.002183139055,0.6629140443289989,0.5686808662156404
191.6,0.00218323649,0.6628692138018322,0.5686443942098878
191.7,0.002183342855,0.6628981855692836,0.5686122532037675
191.8,0.002183459675,0.662898235834766,0.5685789919057068
191.9,0.00218358641,0.6628252503542378,0.5685316248566316
192.0,0.002183719405,0.662711116293133,0.5684820882236699
192.1,0.002183856785,0.6626000295769019,0.5684555782082218
192.2,0.00218399997,0.6625132210886979,0.5684432022181223
192.3,0.002184151425,0.6624436725105327,0.5684112786102135
192.4,0.002184311275,0.6623708755255638,0.5683300100064949
192.5,0.00218447498,0.6623002022572286,0.5682021365040788
192.6,0.00218464009,0.6622369934130384,0.5680679659933477
192.7,0.00218480482,0.6621753176660631,0.567965217692338
192.8,0.00218497081,0.6621014965218891,0.5678824273011379
192.9,0.002185140725,0.6619950656459708,0.5677736710183374
193.0,0.002185315785,0.6618378477832145,0.5676075184660744
193.1,0.002185494905,0.6616341971810382,0.5673926693427251
193.2,0.00218567704,0.6614244895882258,0.5671665123707784
193.3,0.00218586065,0.6612380297810498,0.5669810773511261
193.4,0.00218604287,0.6610679376715993,0.5668888439607279
193.5,0.002186226355,0.660881427598941,0.5668634159097898
193.6,0.00218641658,0.6606575577064462,0.5668534627159447
193.7,0.002186611795,0.6604146811783971,0.5668619230249609
193.8,0.00218681056,0.6601789863311542,0.566936462965534
193.9,0.002187016635,0.6599712705080841,0.5670316884087755
194.0,0.002187232705,0.6597844651257164,0.5671221009320717
194.1,0.00218745751,0.6595767618690169,0.567238747638981
194.2,0.00218769232,0.6593136723338348,0.5673910363428637
194.3,0.002187937445,0.6589797713002407,0.5675926266885778
194.4,0.00218819491,0.6585532246992921,0.5678470372598953
194.5,0.00218846931,0.6580330335045255,0.5681319665188868
194.6,0.002188764465,0.6575219780611954,0.568433665599463
194.7,0.002189080515,0.6572036656103483,0.5687408147149748
194.8,0.002189417115,0.6571637045517946,0.5690446104944881
194.9,0.00218977434,0.6573162288751264,0.5693406942923553
195.0,0.002190153485,0.6575269103616616,0.5696068167210854
195.1,0.00219055331,0.6577416130867931,0.5698664731238158
195.2,0.0021909714,0.6579868458093323,0.5701495702059716
195.3,0.00219140915,0.6582884449872622,0.5704127194314143
195.4,0.00219186822,0.6586432501783733,0.5706097770872478
195.5,0.00219234515,0.6590327888178626,0.5707513605000041
195.6,0.00219283547,0.659446549136711,0.5708942351073412
195.7,0.002193337735,0.6598940690102149,0.5710359957059232
195.8,0.002193852135,0.6603913768440928,0.5711188344776501
195.9,0.00219437869,0.660910883171661,0.5711326562286888
196.0,0.0021949164,0.6613840195916623,0.5711108611154954
196.1,0.002195465615,0.6617528614187496,0.5710555954741704
196.2,0.00219602378,0.6620269716609607,0.5709895478868584
196.3,0.002196586225,0.6623037899560391,0.5709279456531512
196.4,0.002197148925,0.6626805674461693,0.5708730789940933
196.5,0.00219771184,0.6631427648405508,0.5708068114952956
196.6,0.00219827689,0.6635565251593992,0.570718272617858
196.7,0.002198845145,0.6637863703611211,0.5706262189265595
196.8,0.002199416825,0.6638190115087919,0.5705490739773581
196.9,0.002199991425,0.6637607600978092,0.5704860775048312
197.0,0.00220056979,0.6636740584237553,0.5704369411107735
197.1,0.002201151275,0.6635033128630328,0.5703787927440296
197.2,0.00220173647,0.6632674358034159,0.5702722148415751
197.3,0.002202321095,0.6631064982949577,0.5701435729055959
197.4,0.00220290292,0.6630632071481913,0.5700447861529223
197.5,0.00220348177,0.6630333117524998,0.5699492151344889
197.6,0.002204058005,0.6629293313188512,0.569856127230889
197.7,0.002204632925,0.662745667529137,0.5697548956908123
197.8,0.00220520765,0.6624844755159176,0.5696399341342024
197.9,0.002205781255,0.6621109527157765,0.5695423355318704
198.0,0.002206353155,0.6616858449642633,0.5694973008011812
198.1,0.002206922775,0.6613824550785208,0.5695079884993888
198.2,0.002207492755,0.661321118623552,0.5695436757352964
198.3,0.00220806276,0.6615041729442914,0.5695877730147378
198.4,0.002208631375,0.6618786507885994,0.5696385417803383
198.5,0.0022091981,0.6623613125175263,0.5697030732350358
198.6,0.00220975951,0.6628606686698143,0.569810893951544
198.7,0.002210317325,0.6633034761543378,0.5699079779609993
198.8,0.00221086873,0.6636773193969298,0.5699834836271542
198.9,0.002211409595,0.6639726668054791,0.5700542555414987
199.0,0.002211938105,0.6641567452854235,0.5701024368913897
199.1,0.002212453705,0.6642075259890761,0.5701387361095465
199.2,0.002212957495,0.6641597297984444,0.5701631462844649
199.3,0.0022134509,0.6640740774163368,0.5701548581347261
199.4,0.002213933615,0.6639798233535439,0.5701374813574406
199.5,0.00221440345,0.6638798767248626,0.5701176748723967
199.6,0.002214860465,0.6637752993886098,0.5700602434170965
199.7,0.002215300795,0.6636718907248244,0.5699613932042513
199.8,0.002215720275,0.6635696947158031,0.5698181478889811
199.9,0.002216116755,0.663461755875411,0.5696132456762917
200.0,0.00221649021,0.6633796157938903,0.5693479570262518
200.1,0.002216842295,0.6633624187157044,0.569032938221143
200.2,0.00221717321,0.66339362101394,0.5687058557002441
200.3,0.00221748066,0.6633932880051188,0.5684344842985085
200.4,0.00221776113,0.6632960996947872,0.5682465598808376
200.5,0.002218015845,0.6631094262593109,0.5680946776990442
200.6,0.0022182474,0.6628825153051274,0.567971323063501
200.7,0.00221846025,0.6626240501943312,0.567941952942101
200.8,0.002218659365,0.6622621135878966,0.5679713142670415
200.9,0.002218850235,0.6617391075261122,0.5679863719206302
201.0,0.00221903572,0.6610465999742962,0.5679886979558308
201.1,0.00221921688,0.660276017561853,0.5679986693709134
201.2,0.00221939929,0.6596959036288117,0.5679351840665696
201.3,0.002219584265,0.6594373756861625,0.5677728567175215
201.4,0.00221976541,0.6593512143660452,0.5675781257252074
201.5,0.002219938665,0.6591679652665613,0.5673853180159156
201.6,0.002220100915,0.6589463133384799,0.5672065130133995
201.7,0.002220253395,0.6590839025303364,0.5670062603578373
201.8,0.002220396515,0.6594913356815806,0.5667619487502642
201.9,0.00222053035,0.6598120860083267,0.5664798261901495
202.0,0.002220653505,0.660004137850426,0.5661658642168091
202.1,0.00222076322,0.6601871733216095,0.5658310778824052
202.2,0.002220856605,0.6603739095889388,0.5654865758585608
202.3,0.002220932755,0.6605098211703184,0.5651377974987963
202.4,0.002220992465,0.660589931782985,0.5647924528998022
202.5,0.002221036725,0.6606780471737328,0.5644386002395837
202.6,0.00222106406,0.6608281210547948,0.5640783776861007
202.7,0.002221069955,0.6610529711241976,0.5637289791759463
202.8,0.002221052865,0.6613317372067212,0.563421584387889
202.9,0.002221014575,0.6616229377129678,0.5631442772609938
203.0,0.002220958145,0.6618730022050081,0.5628902292294686
203.1,0.002220887035,0.6620420701552537,0.562642574967312
203.2,0.002220803835,0.6621699518258108,0.5624077622792862
203.3,0.002220708975,0.6623383537584138,0.5622117834463699
203.4,0.00222060405,0.6625245119726949,0.5620313536121334
203.5,0.00222049595,0.6625688712609636,0.5618126786572506
203.6,0.002220387495,0.6623271508390112,0.5615444212021532
203.7,0.00222027924,0.6617601436305206,0.5612559589080636
203.8,0.002220169955,0.6610169119237197,0.5609772192149182
203.9,0.002220058305,0.6602646826955588,0.5607434658719351
204.0,0.00221994622,0.6593580630380299,0.5605487964548369
204.1,0.002219831885,0.6580018374894752,0.5603816989115037
204.2,0.002219711735,0.6564757083270291,0.560253036241013
204.3,0.00221958463,0.655198286488597,0.5601733321504359
204.4,0.00221945174,0.6538447061610566,0.5601764706014968
204.5,0.00221931605,0.6526525031649458,0.5602865878222347
204.6,0.002219182395,0.652343847969916,0.5604858967433638
204.7,0.002219053615,0.6521884647972694,0.5607397726156116
204.8,0.00221893311,0.6515732781238435,0.5610005467970081
204.9,0.00221882492,0.6513304832772033,0.5612404564049551
205.0,0.002218731525,0.6513983605280769,0.5614732276860747
205.1,0.002218656405,0.651172995237479,0.5617354451151362
205.2,0.002218603655,0.6510393330364393,0.5620526366457245
205.3,0.002218575745,0.6515472531703012,0.5623915906169425
205.4,0.00221857178,0.652595703169769,0.5627152356071599
205.5,0.002218588875,0.653814031650387,0.563033100695213
205.6,0.002218626045,0.6548351937760657,0.5633595756320926
205.7,0.00221868331,0.6555228067265275,0.5636949161434406
205.8,0.002218757555,0.6561008723411587,0.564064953660692
205.9,0.00221884963,0.6568619859933439,0.5644303975411651
206.0,0.002218962625,0.6578445882107924,0.5647589471858332
206.1,0.00221909588,0.6589193333407709,0.5650620235406288
206.2,0.002219248375,0.6599629515707375,0.565349390047201
206.3,0.002219420975,0.6609256046748357,0.5656094812463546
206.4,0.00221961629,0.6617561915069624,0.565878262090788
206.5,0.002219834915,0.6624271854322867,0.5661812617907229
206.6,0.002220074995,0.6630373832565788,0.5665075413205395
206.7,0.002220336425,0.6636998132003294,0.5668035421803607
206.8,0.00222062018,0.6643617593388115,0.5670458777261548
206.9,0.00222092673,0.6648570879693176,0.5672416265944887
207.0,0.002221257045,0.6650941651173281,0.5673989443598914
207.1,0.00222161195,0.6651444682988974,0.5675314102424485
207.2,0.002221987815,0.6651234698936008,0.5676534988161522
207.3,0.002222384455,0.6650734117562584,0.5677515805954344
207.4,0.002222801645,0.6650186349467505,0.5678374001102712
207.5,0.0022232367,0.6649697454818754,0.5679512803306895
207.6,0.00222368778,0.6648919596477725,0.5680923145930501
207.7,0.0022241546,0.6647847559400614,0.5682288940770279
207.8,0.00222463405,0.664703564619522,0.5683337717495383
207.9,0.0022251187,0.664727208245833,0.5684229144410838
208.0,0.002225603155,0.6649243997335135,0.5685101702920818
208.1,0.002226086195,0.6652833769596685,0.5685908344533739
208.2,0.00222656727,0.6657246010814946,0.5686869087549504
208.3,0.00222704769,0.6661664723714074,0.568785123737761
208.4,0.002227525515,0.6665353581807918,0.56887635181851
208.5,0.002227998005,0.6667578394893338,0.5689942488792955
208.6,0.002228465045,0.6668085887770598,0.5691760767222628
208.7,0.00222893111,0.6667180857758952,0.5694061738797156
208.8,0.002229401305,0.666545505525063,0.5696524483543788
208.9,0.00222987898,0.6663910899629537,0.5698891880953383
209.0,0.002230368675,0.6663097227132256,0.5700906069100935
209.1,0.002230872625,0.6662468280283008,0.5702472190737861
209.2,0.002231392065,0.666095365563286,0.5703719817711566
209.3,0.002231927075,0.6657709961218028,0.5704864651773647
209.4,0.00223247639,0.6652782184645314,0.5706113692464045
209.5,0.002233039815,0.6647323541745995,0.5707530311989774
209.6,0.00223361702,0.6643180032363322,0.5709023536110766
209.7,0.00223421006,0.6641478734277697,0.5710373365376678
209.8,0.00223481718,0.6641744513016191,0.571156336925793
209.9,0.0022354375,0.6642373082874321,0.5712550049262644
210.0,0.002236068865,0.6641972906802107,0.5713304314242844
210.1,0.002236709,0.6640206075093728,0.5713859056673616
210.2,0.00223735814,0.6637597924872718,0.5713953423833743
210.3,0.002238014945,0.6635141325081316,0.5713772191636743
210.4,0.002238677885,0.6633666724321575,0.5713678295715513
210.5,0.00223934829,0.6633662765914831,0.5713765248716979
210.6,0.00224002828,0.6634897097668427,0.5713929390649943
210.7,0.00224071902,0.6636474114348676,0.5713856593664974
210.8,0.00224142172,0.6637711964686043,0.5713356464680893
210.9,0.0022421351,0.6639042554838545,0.5712580591826422
211.0,0.002242858485,0.6641165203330869,0.5711802117733232
211.1,0.002243590745,0.664457948622679,0.5711235738843273
211.2,0.002244330025,0.6649466296431302,0.5711065156645369
211.3,0.00224507578,0.6655523852554102,0.5711335044587053
211.4,0.00224582668,0.666214859181458,0.5711763375612628
211.5,0.002246581835,0.6668575662065293,0.5712108818857633
211.6,0.00224733907,0.66736045350896,0.5712339751050413
211.7,0.002248095075,0.6675639847306155,0.5712371116711465
211.8,0.00224884679,0.6674496621739513,0.5712150331862956
211.9,0.002249590965,0.6672254278567088,0.571167657340761
212.0,0.002250324335,0.6670488263672798,0.5711103622305819
212.1,0.002251043585,0.6668892900091452,0.5710698488800398
212.2,0.002251747785,0.666734302677173,0.5710243548485046
212.3,0.00225244075,0.6666131565812653,0.5709497608725377
212.4,0.002253124075,0.6664827490702149,0.5708509345357967
212.5,0.00225379797,0.6661818159099274,0.5707320761476593
212.6,0.002254463465,0.6655730192359589,0.5705973055927315
212.7,0.002255118555,0.6646824719664458,0.5704744787447541
212.8,0.002255761175,0.6636933163867218,0.5704098473874104
212.9,0.002256392465,0.6628374711496602,0.5703789190360542
213.0,0.002257016415,0.6622707089853967,0.5703284983589197
213.1,0.002257632575,0.6619999476809545,0.5702477217286107
213.2,0.00225823961,0.6619249013156455,0.5701361719416226
213.3,0.00225883911,0.6619193721125751,0.569969342690302
213.4,0.002259429505,0.6618806111424151,0.569746893426005
213.5,0.002260006895,0.6617267861997248,0.5694795759354296
213.6,0.002260568175,0.6613939093253357,0.5691645288559868
213.7,0.00226110875,0.6608588332645763,0.5688137756910803
213.8,0.00226162291,0.6601695489868229,0.5684618814997219
213.9,0.00226210859,0.6594585500206477,0.5681363314477196
214.0,0.00226256861,0.6588614400713505,0.5678272603058223
214.1,0.00226300567,0.6584457131155009,0.5675178969958083
214.2,0.00226342107,0.6581777226957791,0.5672130355880669
214.3,0.0022638121,0.6579637362537725,0.566924312541787
214.4,0.002264177965,0.6577399417595015,0.5666597948385844
214.5,0.002264520955,0.6575570256688388,0.5664469412548888
214.6,0.0022648449,0.6575247992113983,0.5663047395766981
214.7,0.002265151885,0.6577008352141495,0.5662002206740687
214.8,0.002265441325,0.6581181266831405,0.5661074400182303
214.9,0.002265710125,0.658791966891409,0.5660585084560136
215.0,0.00226595762,0.6596276368204491,0.5660795301090958
215.1,0.00226618891,0.6605193841783559,0.5661826805339653
215.2,0.002266415,0.6613830394147544,0.5663126281158513
215.3,0.00226664199,0.6620194695377039,0.5664987310381018
215.4,0.00226686995,0.6623558712790503,0.5667746866518374
215.5,0.002267101795,0.6627151500981001,0.5671264715157714
215.6,0.002267340795,0.6634261176483487,0.5675263334287203
215.7,0.00226759038,0.664363694559886,0.5679665233382448
215.8,0.002267854105,0.6651845927202691,0.5684532930137256
215.9,0.002268135835,0.6657489798404864,0.5689778554205105
216.0,0.00226844297,0.6662631705932848,0.5695190839763227
216.1,0.00226878339,0.6670087082290935,0.5700431726309354
216.2,0.00226916211,0.6679480004502197,0.5705048767952703
216.3,0.00226957927,0.6688727219646186,0.5709142118667068
216.4,0.002270035285,0.6697344231303863,0.5712860457466374
216.5,0.002270531845,0.6705432261590532,0.5716277611777981
216.6,0.00227107106,0.6711981476963617,0.5719490361505175
216.7,0.002271653805,0.6716371664201449,0.5722426066742619
216.8,0.00227228016,0.6719613662156247,0.5724910067505145
216.9,0.0022729476,0.6722809164539773,0.5727008060778324
217.0,0.00227364992,0.6725820129770826,0.5728845609737335
217.1,0.002274380965,0.6727778410135515,0.5730533857647077
217.2,0.002275135495,0.6728036586219787,0.5732097949815148
217.3,0.00227591153,0.6726727861552154,0.5733496938722904
217.4,0.002276707915,0.672450744669645,0.5734665554641372
217.5,0.00227751979,0.6720851198334349,0.573557992774957
217.6,0.00227834184,0.6714202205978586,0.5736255200524089
217.7,0.002279170295,0.670420069443847,0.5736567864391344
217.8,0.002280002565,0.6692330060933175,0.5736359218656848
217.9,0.002280837785,0.6680568503524813,0.5735626618099587
218.0,0.00228167396,0.6669998992032928,0.5734283587240178
218.1,0.002282508265,0.6660333316747482,0.5732629846584143
218.2,0.002283338,0.6650560136161429,0.5730870516999022
218.3,0.002284161665,0.66404161848104,0.5729128629536311
218.4,0.002284979755,0.6631277103285548,0.5727229140936542
218.5,0.00228579028,0.6625217033888626,0.5725304010657535
218.6,0.00228659036,0.6622999069475192,0.5723788047688915
218.7,0.002287381065,0.6623016348234787,0.5722589706020759
218.8,0.00228816278,0.6622741396045745,0.5721498505228462
218.9,0.002288935425,0.6620884589123767,0.5720740181310552
219.0,0.00228970049,0.6617495438969074,0.5720157855696283
219.1,0.002290458695,0.6612842740249109,0.5719591640169142
219.2,0.002291207735,0.6607578813262459,0.5718934883941723
219.3,0.002291946405,0.6603038646391344,0.5718077028085363
219.4,0.002292672185,0.6599945622760178,0.5717190627718153
219.5,0.002293381675,0.6599086208673863,0.5716409313625205
219.6,0.00229407171,0.6599756373218726,0.5715764017927787
219.7,0.002294742105,0.660004238381391,0.5715093979046629
219.8,0.002295392575,0.6599640259954249,0.5714523446971181
219.9,0.002296023335,0.6599191012204787,0.5714317389909033
220.0,0.002296635895,0.6599037074164761,0.5714634866696234
220.1,0.00229723588,0.6598759608701595,0.5715058824624836
220.2,0.0022978259,0.659818739901567,0.5715498038127363
220.3,0.00229840635,0.6597351295546844,0.5715928034197045
220.4,0.002298977095,0.6596170999186891,0.5716440641587147
220.5,0.00229953732,0.659485228425462,0.5717147895774879
220.6,0.00230008991,0.6593911502918576,0.5717731295813835
220.7,0.002300636685,0.6594105464849008,0.5717903964029262
220.8,0.00230117658,0.6596333419527082,0.5717656425377715
220.9,0.002301709845,0.6600500490854655,0.5717084624098836
221.0,0.00230223992,0.6605067172767767,0.5716516360253283
221.1,0.002302769565,0.6608374830009026,0.5716500545475866
221.2,0.002303301695,0.6609494933453737,0.5717112364361966
221.3,0.002303837685,0.6608557545037759,0.5717993681632263
221.4,0.0023043819,0.6606332731952339,0.5718664675557588
221.5,0.002304932945,0.6604038238341863,0.5719082551362813
221.6,0.00230548816,0.6602590466783383,0.571915777365731
221.7,0.002306042435,0.6602030320813248,0.5719376906028083
221.8,0.002306595775,0.6601927716397181,0.5719605507159115
221.9,0.00230714875,0.6602095917267854,0.5719533175129857
222.0,0.002307697035,0.6602232262389021,0.5719418821157267
222.1,0.002308237275,0.6601411929715315,0.57191874554247
222.2,0.002308768795,0.6598832367987453,0.5718845813506809
222.3,0.002309288715,0.6595174862988291,0.571877600103486
222.4,0.00230979554,0.6592199083594956,0.571893063022527
222.5,0.002310290455,0.6590857560700021,0.5719198626928177
222.6,0.00231077465,0.6590545537717667,0.5719680842550947
222.7,0.00231124915,0.6589936822725108,0.5720452939211049
222.8,0.002311715665,0.6588146743231091,0.5721443489657911
222.9,0.002312177095,0.6585336337275044,0.572253778177738
223.0,0.00231263696,0.6582577453438514,0.5723728633888651
223.1,0.00231310161,0.6580735977488685,0.5724965767942892
223.2,0.00231357509,0.657971131562879,0.5726104676961228
223.3,0.002314058155,0.6578783226327067,0.5727010605468373
223.4,0.0023145497,0.6577421345911736,0.5727694084082903
223.5,0.002315049265,0.6575638115089705,0.5728163117582898
223.6,0.002315556575,0.6573786774538946,0.5728450208885953
223.7,0.00231607286,0.6572298602098939,0.5728887204424068
223.8,0.00231659674,0.6572000716283526,0.5729983425481426
223.9,0.00231712659,0.6573350972806039,0.5731916755317261
224.0,0.002317665235,0.6576079069034564,0.5734336290598535
224.1,0.00231821415,0.6579599349266617,0.5737008812053017
224.2,0.00231877479,0.6583820832978952,0.5739716198902769
224.3,0.002319350425,0.6588664791859669,0.5742304186382129
224.4,0.002319944765,0.6593750716206566,0.5744798315639369
224.5,0.002320558405,0.6598906949397049,0.5747335214538997
224.6,0.002321190605,0.6604708528550433,0.5749972876881394
224.7,0.0023218406,0.6611666213800338,0.5752611230374176
224.8,0.00232250864,0.6619418721991602,0.5755121155559279
224.9,0.00232319664,0.6626609450584551,0.5757259172722865
225.0,0.00232390317,0.6632361392574008,0.5758950442844739
225.1,0.00232462529,0.6637538925762683,0.5760286072111858
225.2,0.002325362365,0.6642196713862749,0.5761330079899313
225.3,0.00232611217,0.6645408175536954,0.5762086606826224
225.4,0.002326872005,0.6647713853217276,0.5762592208464707
225.5,0.00232763902,0.6650259234417069,0.5762867814105022
225.6,0.00232841147,0.6652274126281374,0.5762827413223496
225.7,0.002329187405,0.6653296589026412,0.5762372962996599
225.8,0.002329965975,0.6655058017195428,0.5761620815449847
225.9,0.00233074352,0.6657928741730423,0.5760857879673923
226.0,0.002331516035,0.6660361465417658,0.5760201299375693
226.1,0.002332283035,0.6661850266176195,0.5759293718390812
226.2,0.002333041905,0.6662849292640036,0.5758115639995272
226.3,0.00233378864,0.6663700538585453,0.5756935387617615
226.4,0.002334522075,0.6664906470341458,0.5755806682492219
226.5,0.0023352401,0.6666551659582292,0.575474370576832
226.6,0.002335940005,0.666745530729317,0.575389206398223
226.7,0.00233662117,0.6666358577297802,0.5753379921547841
226.8,0.00233728412,0.6663614270451185,0.5753045756620464
226.9,0.002337929995,0.6660709051228851,0.5752587304004526
227.0,0.002338560505,0.6658370135498254,0.5751879723091158
227.1,0.002339174695,0.6656615430337518,0.5751266056948576
227.2,0.002339770525,0.6655965309153783,0.5750985248830828
227.3,0.002340351775,0.6657019564816475,0.5750939846533799
227.4,0.002340922865,0.665935125488397,0.5751240088543702
227.5,0.002341488495,0.666174546264527,0.5751783175665728
227.6,0.002342052585,0.6663498785505239,0.5752307520045983
227.7,0.002342614795,0.6665185192441686,0.5752819084427323
227.8,0.00234317389,0.6667634880729248,0.5753388805971865
227.9,0.002343730025,0.6670493730044016,0.57540078379547
228.0,0.002344287975,0.6672910054617598,0.575471402400093
228.1,0.00234484844,0.6674740534993139,0.5755584546758868
228.2,0.00234540927,0.6676476516261659,0.5756680610736594
228.3,0.002345968215,0.667853589307794,0.5757910877269296
228.4,0.002346527455,0.6681001980479154,0.5759085726107589
228.5,0.002347089525,0.6683966638634494,0.576006011620184
228.6,0.002347656025,0.6687598696733162,0.5760926096216803
228.7,0.00234822499,0.6691970662733605,0.5761865262774223
228.8,0.0023487941,0.6696908995057635,0.5762997109492273
228.9,0.00234936336,0.6701867936229474,0.5764407207071651
229.0,0.00234993662,0.6706045626140218,0.5765751840143315
229.1,0.002350516325,0.6708699392286558,0.5766960586766339
229.2,0.002351103135,0.6709103149774397,0.5768171048698951
229.3,0.002351695365,0.6706869477397694,0.5769581114862404
229.4,0.00235229132,0.6703028691883123,0.5771438550102912
229.5,0.002352892235,0.6699738564728871,0.5773583202310183
229.6,0.00235350122,0.6698385480772969,0.577553002214487
229.7,0.002354122295,0.6698840257725504,0.5777234040849734
229.8,0.002354757855,0.6700246623092809,0.5778747440278748
229.9,0.00235541086,0.6701486295553917,0.5779899437172078
230.0,0.00235608144,0.6701781793758913,0.5780816945589744
230.1,0.00235676793,0.670130188406515,0.578169689940883
230.2,0.002357469,0.6700778683224621,0.5782456630760247
230.3,0.002358183645,0.6700589747842434,0.5783019088942575
230.4,0.002358907565,0.6700663575269794,0.5783412516873769
230.5,0.00235963444,0.6700548153155701,0.5783761817994552
230.6,0.0023603592,0.6699904126661715,0.5784121869645394
230.7,0.00236107951,0.6699615728456115,0.5784260219102673
230.8,0.002361792365,0.6701324943355227,0.5784211964239514
230.9,0.00236249425,0.6704688646609427,0.5784198832382222
231.0,0.00236318306,0.6707909407397886,0.5784356665997138
231.1,0.00236385821,0.6710441593908533,0.5784764777732395
231.2,0.00236452373,0.6713202865355479,0.5785069034697711
231.3,0.002365183735,0.6717405373848186,0.5785417569269885
231.4,0.00236583695,0.6723018645937914,0.5786082405673608
231.5,0.002366484105,0.6728552875556478,0.5786704949957029
231.6,0.002367124555,0.6732900588461634,0.5787286634686396
231.7,0.002367758935,0.6736303310296591,0.5787681733944883
231.8,0.00236838883,0.6738903103881142,0.5787896851360245
231.9,0.00236901638,0.6740150755987588,0.5788024023030862
232.0,0.00236964316,0.6740091756877553,0.5788056613913051
232.1,0.002370268575,0.673968278434591,0.5788202402661733
232.2,0.002370891655,0.6739245914471501,0.578843142476618
232.3,0.00237151243,0.673839661631353,0.5788656073773653
232.4,0.00237213019,0.6737192946504234,0.5788587888646699
232.5,0.00237274584,0.673601428377246,0.5788063996655787
232.6,0.002373357855,0.673437305293837,0.578707950319956
232.7,0.00237396644,0.673117824170523,0.5785763169594521
232.8,0.00237457047,0.6726268497874347,0.5784396413427392
232.9,0.00237516925,0.6720925968239505,0.5783234658747279
233.0,0.0023757627,0.6716987416361553,0.5782336584221768
233.1,0.00237635186,0.6715390858974998,0.5781581772604446
233.2,0.002376937055,0.6715550891704772,0.5780882441513386
233.3,0.002377518885,0.671583803327331,0.5780091558129216
233.4,0.00237809807,0.6714669800629146,0.5779119260335671
233.5,0.002378672445,0.6711360446927854,0.5778364423585608
233.6,0.002379240675,0.6706391075668406,0.5778005188748855
233.7,0.00237980137,0.6700707746062503,0.5777975287069979
233.8,0.002380352075,0.6694629769587457,0.5778038282285868
233.9,0.002380890515,0.6687412588784364,0.5777668994352624
234.0,0.00238141586,0.6677881939151169,0.5776620984176127
234.1,0.002381925025,0.6665685333992137,0.5775498769581153
234.2,0.002382418295,0.6651893239588054,0.5774435001175906
234.3,0.00238289577,0.6638955595553893,0.577370894141455
234.4,0.00238335919,0.6629348793714774,0.5773564113993219
234.5,0.002383814945,0.6623521767660896,0.5773488087451002
234.6,0.00238426203,0.6619690281260578,0.5773434020641435
234.7,0.00238469892,0.6615569579840571,0.5773727238050164
234.8,0.0023851277,0.6609915781205612,0.5774383391091793
234.9,0.002385551755,0.6603497695909887,0.5775270162166937
235.0,0.002385975795,0.6598403729085797,0.5776012288033124
235.1,0.002386402365,0.6595327607223108,0.5776514754362139
235.2,0.002386836215,0.6593353681727004,0.5776985327242535
235.3,0.00238728206,0.6591367001364727,0.5777728357887406
235.4,0.0023877431,0.6588884137858741,0.577873928470422
235.5,0.002388218665,0.6586354276126659,0.5779737249309743
235.6,0.0023887096,0.6585215260294174,0.5780361691115128
235.7,0.00238921532,0.6586941565457322,0.5780534535259743
235.8,0.00238973556,0.6591191072176127,0.5780349822178082
235.9,0.002390269035,0.6596391287663761,0.5779859149387888
236.0,0.00239081329,0.660123285893406,0.5779220023778442
236.1,0.00239136439,0.6605886500131823,0.5778790046558316
236.2,0.002391922235,0.6611992813772606,0.5778521233041318
236.3,0.00239248768,0.6620380426334719,0.5778098563165704
236.4,0.002393059785,0.6629844662699218,0.5777647455593391
236.5,0.00239363644,0.6638845137156193,0.5777327716859478
236.6,0.00239421891,0.6646713193125255,0.5777113604753765
236.7,0.00239480776,0.6653619670414906,0.577707656537638
236.8,0.002395400715,0.6660041211462552,0.5777355764998691
236.9,0.00239599519,0.6665897140168842,0.5778018458836224
237.0,0.00239658958,0.6670824916741557,0.5778812559211272
237.1,0.002397185275,0.667492978453459,0.577941059278881
237.2,0.00239777669,0.6678752537307332,0.5779890414517977
237.3,0.002398356555,0.6682663066178814,0.5780603179059224
237.4,0.002398922065,0.6686391005685269,0.5781450114739519
237.5,0.00239947399,0.6689257269158699,0.5782098275569437
237.6,0.002400009115,0.6690684871692343,0.5782693657642776
237.7,0.00240052537,0.6690590246921617,0.5783432792712756
237.8,0.002401022905,0.6689227047037372,0.5784326186265213
237.9,0.002401504055,0.668705413306259,0.5785047577619886
238.0,0.002401969085,0.6684641264240926,0.5785441640152796
238.1,0.00240241512,0.6682110522862901,0.5785795829591748
238.2,0.00240284146,0.6678874368270438,0.5786271912825658
238.3,0.00240325079,0.667465935623897,0.5786767310571203
238.4,0.00240364438,0.6670483991106789,0.5787329913266793
238.5,0.002404024305,0.6667389145351885,0.5787925747729472
238.6,0.00240439009,0.6664689449120949,0.5788467062993242
238.7,0.00240474112,0.6660365046833283,0.5789047195775839
238.8,0.002405079185,0.6653673894304108,0.578959579325138
238.9,0.002405410555,0.6646112206450623,0.5789631575991705
239.0,0.00240573863,0.6639534339752537,0.5788864939419633
239.1,0.002406064255,0.663419803047115,0.5787445498743704
239.2,0.0024063884,0.6629180655675955,0.5785647502436202
239.3,0.00240671257,0.6624397706524571,0.578359455331849
239.4,0.002407038785,0.6620275748467501,0.5781328899528574
239.5,0.002407366285,0.6616145685101386,0.5779031691582044
239.6,0.002407693995,0.6611168208532892,0.5776888723268436
239.7,0.002408024135,0.6605897244378698,0.5774717103629828
239.8,0.002408357035,0.6601918354451074,0.5772554123371016
239.9,0.00240869152,0.6599964786475365,0.5770732238392977
240.0,0.002409029105,0.6599322079450294,0.5769148492421263
240.1,0.00240936996,0.6599018790095517,0.5767924194914603
240.2,0.002409714195,0.6598740507818261,0.5767172757367792
240.3,0.002410064145,0.6598736737907077,0.5766737263510965
240.4,0.002410421475,0.659932138829991,0.5766408772299921
240.5,0.00241078633,0.6600241497956294,0.5766042588260218
240.6,0.002411157615,0.6601391760690479,0.5765634803250598
240.7,0.00241153247,0.6603329872030331,0.5765449109992029
240.8,0.00241191265,0.6606290383283369,0.5765104483561115
240.9,0.002412303875,0.6609230222856745,0.576450289998388
241.0,0.00241270944,0.6610710478483264,0.5764035958784591
241.1,0.002413131375,0.6610261419229359,0.5763591392008182
241.2,0.002413567495,0.6609050963579931,0.5762986007103835
241.3,0.00241401664,0.6609061456499394,0.5761937374891993
241.4,0.00241447728,0.6610795175821205,0.5760278029634665
241.5,0.00241494541,0.6612243073043391,0.5758248472815851
241.6,0.00241541855,0.661157278283482,0.5756302934750965
241.7,0.002415896825,0.6608929572439796,0.5754343102439505
241.8,0.00241637952,0.6605428644418488,0.5752392493844077
241.9,0.002416864405,0.6601293366008569,0.5750903567421835
242.0,0.00241735108,0.6595921745225755,0.5749860288483875
242.1,0.002417838285,0.6589373786489731,0.5748822865474621
242.2,0.00241832359,0.6581887748187345,0.5747615488585993
242.3,0.00241880617,0.6573296811748691,0.5746338607101498
242.4,0.002419285655,0.6565341168176446,0.5745181439146659
242.5,0.00241976144,0.6560699213703356,0.5744368985587329
242.6,0.002420233735,0.6558119777639199,0.574392791226195
242.7,0.00242070273,0.6554750105358957,0.5743608387156339
242.8,0.002421168385,0.6551281158750863,0.5743328194790751
242.9,0.00242163029,0.6549752648261187,0.5743075591891846
243.0,0.002422087765,0.6549742281005431,0.5742859035627049
243.1,0.00242253915,0.6549504462441553,0.5742647436795459
243.2,0.002422985835,0.6548110789108568,0.5742189386303381
243.3,0.00242342668,0.6546275722007753,0.5741512058927267
243.4,0.00242385793,0.6545986506988063,0.5741093039582316
243.5,0.002424277255,0.6548777560733365,0.574114261391439
243.6,0.00242468509,0.6554470754940201,0.5741452023091657
243.7,0.002425081295,0.6561876431302508,0.5741926956502656
243.8,0.00242546693,0.6570002977515108,0.5742340968148916
243.9,0.002425841155,0.6578459705115601,0.5743127132860921
244.0,0.002426206805,0.6586988438019713,0.5744110099503118
244.1,0.00242656807,0.6595324339966748,0.5744898984834361
244.2,0.002426921675,0.6603330751676275,0.5745533705930908
244.3,0.002427264045,0.6610642557250093,0.5746167044726685
244.4,0.002427594985,0.661666285408402,0.5746869335198025
244.5,0.00242791477,0.662165924304029,0.5747599780622725
244.6,0.002428226115,0.662606350461321,0.5748393956395996
244.7,0.002428530605,0.6629516994585448,0.5749214911105048
244.8,0.002428832925,0.6631519382910993,0.5750112583506699
244.9,0.002429135655,0.6632240441256845,0.5751352595259812
245.0,0.00242944369,0.6631924082876628,0.5752581580022712
245.1,0.00242976174,0.6630292213988648,0.575332314040222
245.2,0.00243009083,0.6627319073533143,0.5753835942571066
245.3,0.002430429885,0.6623765492418962,0.575456817870358
245.4,0.002430778155,0.6620676175867127,0.5755958986904065
245.5,0.002431141105,0.6618591603477765,0.5757204383346987
245.6,0.00243152343,0.6616996993878655,0.5757927483728063
245.7,0.002431920985,0.6614968593165939,0.5758691462512748
245.8,0.00243233465,0.661218231464147,0.5759293511045697
245.9,0.00243276213,0.6608908460937164,0.5759763537288971
246.0,0.00243320053,0.6605016216134926,0.576016870221032
246.1,0.002433650615,0.6600514376694184,0.5760555092973969
246.2,0.00243411528,0.6595881407176083,0.5760832413923873
246.3,0.002434594465,0.6591672741161775,0.5760857232505836
246.4,0.00243508557,0.6588306775960866,0.5760722250835882
246.5,0.00243558749,0.6586023403588382,0.5760482729528786
246.6,0.00243610101,0.6584799816081663,0.5760156726459124
246.7,0.002436629615,0.6584626777158303,0.5759925605770785
246.8,0.00243717783,0.6585655460256794,0.575988635471217
246.9,0.002437750035,0.6587660927343141,0.5760169644688115
247.0,0.002438349005,0.6590023907673465,0.5760918543828064
247.1,0.002438975585,0.6592448651715358,0.5761802713664489
247.2,0.002439631045,0.6595049576273265,0.5762383179455908
247.3,0.002440312405,0.659848541049479,0.5762903232420598
247.4,0.00244102072,0.6603704978193171,0.5763556470064245
247.5,0.0024417574,0.6610453119213081,0.5764320178671961
247.6,0.0024425207,0.6617420606232066,0.576535810433604
247.7,0.00244330752,0.6624125833096329,0.5766929528981365
247.8,0.00244411824,0.6630893954645516,0.5768880432886503
247.9,0.002444954595,0.6637506693022057,0.57710504754456
248.0,0.002445815155,0.6643712595149959,0.5773290192246567
248.1,0.002446695385,0.6650232970702484,0.5775721502217107
248.2,0.002447591825,0.6657637201932171,0.577838359358398
248.3,0.00244850278,0.6665400517202164,0.578133221076723
248.4,0.00244942509,0.6673041184694959,0.5784598109958937
248.5,0.002450356725,0.6680818699963745,0.5788072925062108
248.6,0.00245129708,0.6688792627605233,0.5791514998486643
248.7,0.00245224587,0.6696372850855374,0.5794799797499753
248.8,0.00245319993,0.6702953670650554,0.5798056711736471
248.9,0.002454158035,0.6708227085247017,0.5801409193221712
249.0,0.00245512171,0.6712204467210169,0.5804596759942194
249.1,0.00245609154,0.6715184770496923,0.5807500163323974
249.2,0.00245706734,0.6717181818114957,0.5810107697792825
249.3,0.0024580482,0.6718075287065637,0.581240936680092
249.4,0.002459034575,0.6718773914439943,0.5814448624857849
249.5,0.002460029265,0.6720512597478145,0.5816159020995798
249.6,0.002461032975,0.672254238049163,0.5817228042143961
249.7,0.002462042945,0.6722625255705832,0.5817620791491143
249.8,0.0024630539,0.6720255112544257,0.5817578964326553
249.9,0.002464061905,0.6717229695986997,0.5817116917728619
250.0,0.002465069365,0.6714882926274766,0.5816127548520595
250.1,0.00246607796,0.671223437517223,0.5814598277765495
250.2,0.00246708544,0.6707969034826452,0.5812720667216965
250.3,0.00246808596,0.670233113265032,0.5810609768281165
250.4,0.002469074085,0.6695652043836935,0.5808504448813917
250.5,0.002470047975,0.6687414787899222,0.5806384734569132
250.6,0.002471008195,0.6677206748058059,0.5803952186811087
250.7,0.00247195253,0.6665312741103422,0.5801180133418153
250.8,0.00247287843,0.6652641943949257,0.5798280273752886
250.9,0.00247378663,0.6640228568897127,0.579535362258547
251.0,0.00247467767,0.6628534744226376,0.5792452412035362
251.1,0.00247555143,0.6617404018622854,0.5789674691209281
251.2,0.002476409335,0.6606375269116869,0.5786749365793965
251.3,0.00247725084,0.6595175805466086,0.5783509805715066
251.4,0.002478071845,0.6584152899322435,0.5780258596610607
251.5,0.0024788689,0.6574540442616541,0.5777348212609952
251.6,0.002479641845,0.6567384145879076,0.5774915903612947
251.7,0.00248039234,0.6561814981750204,0.5772994851121204
251.8,0.0024811238,0.6555822016772364,0.5771422069307851
251.9,0.002481839305,0.6548407669614332,0.5769722436266332
252.0,0.002482536295,0.653992128537919,0.5767665095202091
252.1,0.00248321319,0.6530815881727584,0.5765252911247627
252.2,0.00248386534,0.6521267639175529,0.5762960070114888
252.3,0.002484494525,0.6511541268320015,0.5760843849321131
252.4,0.002485103285,0.6502470799178717,0.5758909281697792
252.5,0.00248569275,0.6495067887417946,0.5756984000622337
252.6,0.00248626265,0.6490016269262826,0.5755148311486177
252.7,0.00248681667,0.6487426088951794,0.5753284071555981
252.8,0.002487358185,0.6487163137646689,0.5751163980320076
252.9,0.002487887255,0.6489208628623442,0.5748864303081721
253.0,0.00248840106,0.6493609874267414,0.5746668241852267
253.1,0.002488897395,0.6499741446313132,0.5744724123787261
253.2,0.002489374645,0.6506173731607651,0.5743066946228864
253.3,0.00248983523,0.6511744340869142,0.5741436905747808
253.4,0.002490279145,0.6516809907695644,0.5739951994280976
253.5,0.00249070897,0.6522684246134886,0.57385381330736
253.6,0.00249112464,0.6529851601278491,0.5737465643607146
253.7,0.002491528765,0.6537398209487238,0.5736386449981971
253.8,0.002491923625,0.6544239404481549,0.5734835225777407
253.9,0.002492303725,0.6549996247355546,0.573328952449273
254.0,0.00249266396,0.6554842154023709,0.5731682624983159
254.1,0.002493004365,0.6559073313841416,0.57299320353088
254.2,0.002493325375,0.6563257915255998,0.5728481247821372
254.3,0.002493630045,0.6567969550254146,0.572736000712012
254.4,0.002493920535,0.6573423920587456,0.5726389418352978
254.5,0.002494197045,0.657952822360894,0.5725848002558245
254.6,0.002494459995,0.6585842636347096,0.5725794878226472
254.7,0.002494708345,0.6591805504867315,0.5726302019245355
254.8,0.0024949406,0.6596868495587841,0.572762866984067
254.9,0.00249515781,0.6600538189966498,0.5729597600204455
255.0,0.002495360845,0.6602638533150983,0.5731709787193242
255.1,0.002495548865,0.6603728854297337,0.5733949510277395
255.2,0.00249572272,0.6604913297559594,0.5736392136264673
255.3,0.00249588541,0.6606832433679819,0.5738890594636591
255.4,0.002496038055,0.66094011254971,0.574147550335515
255.5,0.00249618241,0.6612105911108135,0.574427162134781
255.6,0.00249632118,0.6614504642762857,0.5747163733845592
255.7,0.002496458055,0.6616651670014173,0.575002720130156
255.8,0.002496595855,0.6619012514061493,0.5752783728943599
255.9,0.00249673671,0.6621898632400492,0.5755533206851724
256.0,0.002496880985,0.6624919148073213,0.57583623743991
256.1,0.00249703253,0.6627218039913404,0.5761278652027574
256.2,0.002497197495,0.6628558871657957,0.5764100273469396
256.3,0.002497378715,0.6629849186592638,0.5766708467672703
256.4,0.002497579085,0.6631919998806178,0.5769001798893897
256.5,0.002497800915,0.6634941079965577,0.5770963195718497
256.6,0.00249804549,0.6638687869027954,0.5772711404065626
256.7,0.002498313485,0.6642785511157884,0.5774120760229138
256.8,0.00249860345,0.6646718031177942,0.5775036427673509
256.9,0.00249891265,0.6649928676038057,0.5775409636314386
257.0,0.002499238105,0.6651930938699897,0.5775365321008414
257.1,0.002499579405,0.6652640058993665,0.5774806444241711
257.2,0.002499936975,0.6652510374048924,0.5773537617800779
257.3,0.00250030776,0.6652121130719145,0.577184493396221
257.4,0.002500686155,0.6651782969685913,0.5769951049963734
257.5,0.00250106662,0.6651392281223513,0.5767909668190174
257.6,0.002501443765,0.6650564220231879,0.5765775841911187
257.7,0.002501813685,0.664882704515815,0.5763506933431283
257.8,0.00250217344,0.6646240320599037,0.5761091042397486
257.9,0.00250251873,0.6643617530556262,0.5758690256141169
258.0,0.002502844025,0.6641533083830604,0.5756273950417143
258.1,0.002503143785,0.6639692676022279,0.5753812016201416
258.2,0.002503414315,0.6637910890332869,0.5751524245599219
258.3,0.002503654505,0.6636944850591889,0.5749672521774155
258.4,0.002503863535,0.6637886825733141,0.5748265283044091
258.5,0.002504042955,0.6640664244966328,0.5747270711358632
258.6,0.00250419405,0.6643955440262082,0.5746766177861651
258.7,0.00250432068,0.664688283912855,0.5746476969125147
258.8,0.00250442556,0.665022511672085,0.5746248920914423
258.9,0.00250450879,0.6654228950894144,0.574631494462563
259.0,0.002504572385,0.6657836630233821,0.574678334352391
259.1,0.002504620285,0.6660949822889822,0.5747470409837251
259.2,0.002504654095,0.6664649865053515,0.5748373642857899
259.3,0.002504672975,0.6669283588553853,0.5749507519044803
259.4,0.002504678685,0.6673655680218001,0.5750433484629893
259.5,0.00250467213,0.6676712764029209,0.5751297322078665
259.6,0.00250465209,0.6678478150604967,0.5752514720647858
259.7,0.00250462211,0.6679799441643214,0.5754054088481746
259.8,0.002504585465,0.668177895917424,0.5755822597800602
259.9,0.002504547375,0.6684573845662581,0.5757295332454307
260.0,0.002504508895,0.6687585062221046,0.5758368475372032
260.1,0.00250446919,0.6690624176122276,0.5759220512998798
260.2,0.002504428835,0.6693727944000316,0.575995056886601
260.3,0.0025043896,0.6696563419865741,0.5760836014189054
260.4,0.00250435162,0.669855914801486,0.5762021651256518
260.5,0.002504314035,0.6699307098393826,0.5763540887764682
260.6,0.00250427702,0.66990427019561,0.5764919117028183
260.7,0.002504241165,0.6698523899345287,0.5765505281668675
260.8,0.00250420652,0.6697999127708432,0.57653472595582
260.9,0.00250417111,0.6697113701234944,0.5764914988975436
261.0,0.00250413508,0.6695403104035064,0.5764500908214137
261.1,0.00250409881,0.6692495874193433,0.5764102987805448
261.2,0.00250406329,0.6688173796684329,0.5763590669441871
261.3,0.00250402814,0.6682462381240103,0.5762893003394919
261.4,0.00250399497,0.667550086324716,0.5762029216211628
261.5,0.00250396676,0.6667680433822726,0.5760836227817354
261.6,0.00250394341,0.6659641538045161,0.5759177931851971
261.7,0.002503921795,0.6652060435149078,0.5757299755816764
261.8,0.00250389944,0.6645203155200381,0.5755553231363298
261.9,0.002503876715,0.6639042366342985,0.5753778275496316
262.0,0.00250385263,0.6633469180975518,0.5751764150180618
262.1,0.0025038218,0.6628548378738492,0.5749725074336064
262.2,0.00250378105,0.6624279708304501,0.5747681474598089
262.3,0.00250372908,0.6619961652033995,0.5745594992120393
262.4,0.0025036666,0.6614528958689995,0.5743349790098652
262.5,0.0025035932,0.6608471716726462,0.5740792803855599
262.6,0.002503505245,0.6604283094073284,0.5738075703201361
262.7,0.002503399295,0.6603502094139602,0.5735324723611949
262.8,0.00250327115,0.6604798943587004,0.5732594748711016
262.9,0.00250311953,0.6605992685963514,0.5729962954863697
263.0,0.002502943425,0.6606622009803882,0.5727607307010625
263.1,0.00250274542,0.6607727599090533,0.5725755482654596
263.2,0.00250252934,0.6610058786503202,0.5724380552063382
263.3,0.002502298655,0.6613153946417372,0.5723159961636053
263.4,0.00250205389,0.661608951342474,0.5722121483051669
263.5,0.002501792385,0.6618347753055993,0.572145932956807
263.6,0.00250151616,0.6619776926385964,0.5720891731740162
263.7,0.002501225795,0.6620570995345085,0.5720438613548549
263.8,0.002500920685,0.662120496874258,0.5720081332782426
263.9,0.002500601825,0.6622063189023687,0.5719716757238162
264.0,0.00250027055,0.6622886788953753,0.5719377213904163
264.1,0.002499926575,0.6623069943805457,0.5719142888791316
264.2,0.00249956933,0.662228190670423,0.5719063218001622
264.3,0.002499198625,0.6620834197977604,0.5719081351274419
264.4,0.0024988158,0.6619566628173733,0.5718890870228646
264.5,0.0024984217,0.6619152943253108,0.5718278165413416
264.6,0.002498016945,0.6619304116691599,0.5717249589129075
264.7,0.00249760361,0.6618919899910065,0.571583639393934
264.8,0.002497183155,0.6616738315139559,0.5714016312235484
264.9,0.00249675556,0.6612636651771032,0.5711796795875278
265.0,0.00249631948,0.6607319820364097,0.5709204410166203
265.1,0.00249587536,0.660053781297538,0.5706418345270036
265.2,0.002495426745,0.6591737143811173,0.5703645858337315
265.3,0.00249497745,0.6581207279218577,0.5700972633166079
265.4,0.00249452827,0.6569468969595851,0.5698436557363727
265.5,0.0024940766,0.6557657963519121,0.5696238674010534
265.6,0.00249362391,0.6547470029870942,0.5694281116212156
265.7,0.00249317212,0.6538332267815005,0.5692557575650544
265.8,0.00249271909,0.6523049613360499,0.5691129080904586
265.9,0.002492264745,0.6493352640660938,0.5689872607205968
266.0,0.002491809395,0.6459546087779364,0.5688858431982351
266.1,0.00249135246,0.6444348193494652,0.5688554401211706
266.2,0.00249089265,0.6449476969165344,0.5689339290437094
266.3,0.00249043074,0.6456241509298907,0.5691330406728199
266.4,0.002489968675,0.6453730748450158,0.5694345047622656
266.5,0.002489507835,0.6445595719937393,0.5698054552263421
266.6,0.002489051275,0.6440467069930408,0.5702251632084022
266.7,0.00248860143,0.6442892756450098,0.5707165705029582
266.8,0.002488162935,0.644998804345823,0.5712798963931773
266.9,0.002487740025,0.6454067778510034,0.5718968034027403
267.0,0.0024873346,0.6452144432655654,0.5725471520377824
267.1,0.002486947095,0.6450670900037414,0.5732097365478915
267.2,0.00248657798,0.6455850569509094,0.5738706629253981
267.3,0.002486228085,0.6466854626096823,0.5745342609132974
267.4,0.002485899185,0.6480292977168113,0.5751971432463902
267.5,0.00248559351,0.6494054221132338,0.5758621775704506
267.6,0.00248531395,0.6507501180167499,0.5765273155670687
267.7,0.00248506592,0.6520363174650561,0.5771301381884472
267.8,0.00248484961,0.6532314044432228,0.5776490551532335
267.9,0.002484663685,0.6543689625767171,0.5780960195931563
268.0,0.002484505415,0.65553165345144,0.5784701480923611
268.1,0.00248437306,0.6567150411385649,0.5787616753242436
268.2,0.002484263595,0.6577997702499964,0.578974050129219
268.3,0.0024841731,0.6586296282326274,0.5791342367970329
268.4,0.002484098625,0.6591202570405239,0.5792395599473814
268.5,0.00248403853,0.6593163426875902,0.5792852575541206
268.6,0.002483991795,0.6593377997654143,0.5792790604484521
268.7,0.00248395829,0.6592884830439383,0.5792049132069607
268.8,0.00248393543,0.659199827299254,0.579089528163661
268.9,0.00248392008,0.6590770475751664,0.5789788108987262
269.0,0.002483910075,0.6589250259066591,0.5788745295005014
269.1,0.00248390541,0.6587663252121704,0.5787621767224311
269.2,0.002483906205,0.6586024471729885,0.5786475871303914
269.3,0.0024839122,0.6584201154185595,0.5785190149377691
269.4,0.0024839213,0.6582003484460703,0.5783750074721212
269.5,0.002483932015,0.6579043727189903,0.5782138154946582
269.6,0.002483944915,0.6574801194806789,0.5779993232562344
269.7,0.00248396035,0.6569409279335432,0.5777149324662237
269.8,0.002483974695,0.6563957485108098,0.5774048641828183
269.9,0.00248398896,0.6558915920049472,0.5770642413975825
270.0,0.00248400294,0.6553774829335578,0.5767060219235755
270.1,0.00248401548,0.6548356901477049,0.5763640243773944
270.2,0.00248402385,0.6542996778923349,0.5760638923232339
270.3,0.002484024085,0.6537919336876616,0.5758188480962538
270.4,0.002484014185,0.6532596536443639,0.5755944617259267
270.5,0.00248399208,0.6526484002449403,0.5753772721160505
270.6,0.002483956505,0.6520342063147928,0.5751517893298873
270.7,0.00248390443,0.6515532536122695,0.5749234891634325
270.8,0.002483832105,0.6512156580657147,0.5747285143835283
270.9,0.00248373805,0.6509086302156794,0.5745726643702135
271.0,0.002483625565,0.6505219567086903,0.5744271684179663
271.1,0.00248349702,0.6499947471959354,0.5742605898657394
271.2,0.00248335224,0.6493365207031553,0.5740689552271445
271.3,0.00248319024,0.6486998832350906,0.5738599727139165
271.4,0.00248301142,0.6483507140612,0.5736489004132553
271.5,0.002482816355,0.6484315849392887,0.5734424682449436
271.6,0.00248260648,0.6488248809235917,0.573226190953574
271.7,0.002482383185,0.6493072347764385,0.5730281085102169
271.8,0.002482146935,0.6496788537714316,0.5728857981329205
271.9,0.00248190274,0.649929182157255,0.5727739932486089
272.0,0.002481655845,0.6502500958468193,0.5727019602989732
272.1,0.002481409775,0.6507818606689217,0.5726908553972614
272.2,0.002481167575,0.6514613368944107,0.5727207288018044
272.3,0.00248093248,0.652101524362174,0.5727590034534216
272.4,0.00248070687,0.6524881036213834,0.5728198347402915
272.5,0.00248049184,0.6524518056598639,0.5729183186434333
272.6,0.002480287025,0.6520701147188234,0.5730593428526974
272.7,0.002480093825,0.6516602876739772,0.5732382219968002
272.8,0.002479912875,0.6515198082168794,0.5734549045536221
272.9,0.002479744805,0.6518087342100447,0.573694320303204
273.0,0.00247959004,0.652449292385741,0.5739314533715637
273.1,0.00247944735,0.6531684783423714,0.5741673681302923
273.2,0.002479317125,0.6537899733338458,0.5743876006868128
273.3,0.00247920065,0.6543096493074173,0.5745828349622701
273.4,0.00247910064,0.6547650357289257,0.5747675229111894
273.5,0.002479018795,0.65518014064943,0.5749516705061721
273.6,0.00247895579,0.655572437607269,0.5751189144477231
273.7,0.002478910565,0.6559322379306992,0.5752715355321086
273.8,0.00247888355,0.6562145540129215,0.5754059284675995
273.9,0.002478875625,0.6563880264760674,0.5755229012718261
274.0,0.002478885385,0.6565393444278201,0.575670415383194
274.1,0.002478915105,0.656811117325097,0.5758699102866082
274.2,0.00247896671,0.6572019879998713,0.5760918644359028
274.3,0.00247903864,0.6575842821267013,0.5763211912748368
274.4,0.00247912794,0.6578751810400532,0.5765666325991283
274.5,0.00247923495,0.658075652350464,0.5768139701887455
274.6,0.00247936366,0.6581711630503184,0.5770417783817908
274.7,0.002479517505,0.6581493855300438,0.57724600075383
274.8,0.00247969739,0.6580655741212312,0.5774436389759859
274.9,0.002479902985,0.6579865316500669,0.5776507855424671
275.0,0.00248013408,0.6579293923628835,0.5778571014718508
275.1,0.002480388825,0.6579055665241986,0.5780632735162908
275.2,0.002480666095,0.6579455527154936,0.5782634023931025
275.3,0.002480964265,0.6580534664231443,0.5784618775355412
275.4,0.00248128312,0.6581956674730165,0.5786736950219799
275.5,0.00248162228,0.6583723694934103,0.5789303895311564
275.6,0.002481982735,0.6586262101798203,0.5792150222238014
275.7,0.002482367015,0.6589285696231725,0.5794919316250667
275.8,0.002482775365,0.6591750526995876,0.5797448103558062
275.9,0.002483208015,0.6592938426010053,0.5799580999925622
276.0,0.0024836635,0.6593155447230563,0.5801403645169085
276.1,0.002484141255,0.6593074331308247,0.5803112269448779
276.2,0.00248464061,0.6593176307405783,0.5804818625498577
276.3,0.002485161355,0.6593492665785999,0.5806498592170083
276.4,0.00248570367,0.6593894286990835,0.580817037813432
276.5,0.00248626733,0.6594795107268324,0.5809998552580853
276.6,0.00248685185,0.6597381266340759,0.5811838608530802
276.7,0.00248745516,0.6602381739367479,0.5813386716275453
276.8,0.00248807454,0.6608512934422077,0.5814824151994102
276.9,0.00248870448,0.6614499239223492,0.5816379824693862
277.0,0.00248934273,0.6620206130774298,0.581832925833364
277.1,0.00248999453,0.6625313229455679,0.5820293137016437
277.2,0.00249066211,0.6629957571539188,0.5822087966598545
277.3,0.00249134196,0.6634606814507235,0.5823774304419953
277.4,0.002492030555,0.663905512120916,0.5825398099414814
277.5,0.00249272466,0.6642954905833767,0.5826926603621306
277.6,0.002493419635,0.664675767807723,0.5828405024557715
277.7,0.00249411088,0.6651357032553938,0.5829856911602572
277.8,0.00249479428,0.6656920416152328,0.5831277872809346
277.9,0.002495466615,0.6663020886430775,0.5832806100555685
278.0,0.00249612669,0.666914341068965,0.5834433627762619
278.1,0.00249677487,0.667482523233108,0.5835996852851119
278.2,0.002497409355,0.667974578324069,0.5837548202719387
278.3,0.00249802796,0.6683758288209708,0.5839127669841906
278.4,0.00249862864,0.6686659611857152,0.5840459020259829
278.5,0.0024992097,0.6688268672782468,0.5841357320980012
278.6,0.00249976947,0.6688758509909015,0.5841739558558173
278.7,0.00250030647,0.6688405583390311,0.5841681068386149
278.8,0.002500819575,0.6687212532164183,0.5841347764255159
278.9,0.002501310265,0.6685033711995213,0.584082638553837
279.0,0.00250178143,0.6681793222004888,0.5840016093394785
279.1,0.002502236635,0.6677420879013328,0.5838828860398252
279.2,0.002502675575,0.6671900660897999,0.5837349987072502
279.3,0.002503096835,0.6665733840182709,0.5835715416414838
279.4,0.002503501105,0.6659999742439524,0.583397845496941
279.5,0.00250389016,0.6655600381751142,0.5832180873352137
279.6,0.00250426742,0.6652293415660268,0.5830382701115447
279.7,0.002504634715,0.6648964018597846,0.5828534024635257
279.8,0.002504991525,0.6644729214532661,0.582664235231801
279.9,0.002505335365,0.6639501792852646,0.5824870745388797
280.0,0.0025056658,0.6633997471196145,0.5823345678084668
280.1,0.00250598506,0.6629216469832205,0.582182185485123
280.2,0.002506295485,0.6625935955951474,0.5820275468699353
280.3,0.002506598545,0.6624497860498366,0.5818758418739676
280.4,0.00250689822,0.662476118879459,0.5817196236659936
280.5,0.002507198125,0.6626335001050333,0.5815458596630495
280.6,0.002507497585,0.6628845133580551,0.5813607532539888
280.7,0.002507795685,0.6631977929774711,0.5811844175432984
280.8,0.002508092875,0.6635224514454784,0.5810201373802568
280.9,0.002508391015,0.6637896062015544,0.5808518868724197
281.0,0.00250869092,0.663963135213368,0.5806673522332221
281.1,0.002508991005,0.6640996688300931,0.5804738558868207
281.2,0.00250928823,0.6643047268657781,0.5802902216280774
281.3,0.00250958053,0.6646239252457534,0.580150938489462
281.4,0.002509868735,0.6650191753006869,0.5800648224082788
281.5,0.002510155185,0.6654546691575128,0.5800156508283835
281.6,0.00251043982,0.6658969802703971,0.5799763947432213
281.7,0.00251071781,0.6662951771392396,0.5799551638600682
281.8,0.002510984165,0.6666204764921482,0.5799900826624129
281.9,0.00251124298,0.6668393072700266,0.5800336521542885
282.0,0.00251149549,0.6669007254064043,0.5800602583024718
282.1,0.00251173914,0.6667638085153755,0.5800581861079573
282.2,0.002511970105,0.6664234295177297,0.5800173183857639
282.3,0.00251218454,0.665917513719981,0.5799516207718735
282.4,0.00251237871,0.665348923148793,0.5798676887259031
282.5,0.0025125524,0.6648094425751333,0.5797530011161727
282.6,0.002512706535,0.6642937124419347,0.5796235920032675
282.7,0.00251284186,0.6637163442608727,0.5795233362418691
282.8,0.00251295735,0.6629406410524041,0.579476851352011
282.9,0.002513053155,0.6617191332800207,0.5794601676100648
283.0,0.00251312806,0.6598921652050668,0.5794152874457342
283.1,0.002513181395,0.6580056199670301,0.5793499529999545
283.2,0.00251321394,0.6565920226534355,0.579282556412757
283.3,0.002513227565,0.6553249994866869,0.579188076155293
283.4,0.00251322359,0.6538630342125977,0.5790321312658799
283.5,0.00251320435,0.6519157117230847,0.5788141650542998
283.6,0.00251316587,0.6498162356181731,0.578566682323102
283.7,0.002513105295,0.6483941120221167,0.5782846288780257
283.8,0.002513017635,0.6474844952851962,0.5780058854149692
283.9,0.00251290167,0.6464438929841771,0.5777629177807332
284.0,0.002512758355,0.6455024456304906,0.5775447549054529
284.1,0.002512588085,0.644789147018493,0.5773562781957935
284.2,0.002512391265,0.6439664330175563,0.5772016364390131
284.3,0.00251216957,0.6431314919380117,0.5770593643891471
284.4,0.002511922605,0.6428868812508178,0.5769147926934586
284.5,0.00251165159,0.6432795928988873,0.5767694117235025
284.6,0.00251135805,0.6437635301144315,0.5766787522710237
284.7,0.002511048065,0.6440998438911836,0.5766668217587625
284.8,0.002510726145,0.6444259035095143,0.5767217148071986
284.9,0.0025103934,0.6449114932027945,0.5768166047283447
285.0,0.00251004891,0.6455943246492375,0.5769376967888589
285.1,0.00250969041,0.6463668297163846,0.5771119898360059
285.2,0.0025093192,0.6470477322249384,0.5773792664858768
285.3,0.00250894108,0.6475875772233459,0.5777197510410359
285.4,0.00250856191,0.6480841813404694,0.5780798931697468
285.5,0.002508185475,0.6486571952741136,0.5784348472723498
285.6,0.002507811765,0.6493744334432988,0.5788048577719043
285.7,0.002507440115,0.6502950646040626,0.579224139125682
285.8,0.002507073355,0.6514515476917021,0.5796548100094662
285.9,0.00250671421,0.6527342599721628,0.5800611090457624
286.0,0.00250636424,0.6539325388084657,0.5804057618660541
286.1,0.002506022745,0.6549403240326255,0.5807001221861917
286.2,0.00250569183,0.6558584859015636,0.5809491926783165
286.3,0.0025053759,0.6568174005104042,0.5811534395547785
286.4,0.002505079135,0.6577367750341065,0.5813289031593483
286.5,0.002504802465,0.658420473560122,0.5814914353402373
286.6,0.002504543905,0.6588802456449749,0.5816618114496638
286.7,0.002504302755,0.659253071011547,0.5818113694812121
286.8,0.002504077795,0.659532151253336,0.5819312231259021
286.9,0.002503868695,0.6596812009751929,0.5820274394274665
287.0,0.002503676505,0.6597767368077885,0.5820987190231838
287.1,0.00250350142,0.6598953570632029,0.5821433528866504
287.2,0.00250334149,0.6600138830708374,0.5821576402217205
287.3,0.002503194355,0.6600637338630646,0.5821510937709489
287.4,0.00250305693,0.6600323682020112,0.5821429017539455
287.5,0.002502928165,0.6599587229870257,0.5821263838880913
287.6,0.002502807585,0.6599017470626602,0.5820730264501442
287.7,0.00250269351,0.6599025324608236,0.5819691867598467
287.8,0.002502584775,0.6599038582129234,0.5818172844718602
287.9,0.002502478845,0.6598124755658158,0.5816370500446867
288.0,0.00250237606,0.6596386512442927,0.5814248398591665
288.1,0.00250227594,0.6595005970967234,0.5811644370140215
288.2,0.00250217638,0.6594665296659878,0.5808653567650813
288.3,0.00250207653,0.6594923912567121,0.5805545835082844
288.4,0.002501975925,0.6594813391337568,0.5802400296588881
288.5,0.002501875495,0.6594169050684316,0.5798931990865688
288.6,0.00250177508,0.6594197136522639,0.5795228913923494
288.7,0.002501675595,0.6596013039908268,0.5791433141148461
288.8,0.00250157976,0.6599372659092018,0.5787440604142349
288.9,0.002501488235,0.6603482804760709,0.5783483510584555
289.0,0.002501402835,0.6607537407071284,0.578001719034792
289.1,0.00250132505,0.6610979210318851,0.5777166653687315
289.2,0.00250125446,0.6613741989730271,0.5774852185830748
289.3,0.00250119142,0.6616076507231154,0.5772574587705562
289.4,0.002501134425,0.6618597007017128,0.5770590590263411
289.5,0.00250108448,0.6621494058098564,0.5769174121534132
289.6,0.002501041645,0.6624287122463164,0.5768206542412752
289.7,0.002501004415,0.6626724244380112,0.5767652855557113
289.8,0.002500974995,0.6629161052137796,0.5767416588940008
289.9,0.0025009573,0.663178604129543,0.5767222708690983
290.0,0.002500950525,0.6634232839317752,0.5767238146477284
290.1,0.00250095094,0.6635887641832103,0.5767642419186318
290.2,0.002500957445,0.6636205508176793,0.5768669606886706
290.3,0.002500970715,0.6635771905558745,0.5770394448067677
290.4,0.002500990425,0.6635393846298812,0.5772769831405797
290.5,0.002501016745,0.6634592740172147,0.5775781054247449
290.6,0.00250104905,0.6633666724321575,0.5779210806345596
290.7,0.002501087245,0.663363574821801,0.5782869423468558
290.8,0.002501130895,0.6634569429554658,0.578654910182867
290.9,0.002501181245,0.6635822171041202,0.5789982711802595
291.0,0.002501240145,0.6636570686906847,0.5793061359505779
291.1,0.00250130656,0.6636705084240567,0.5796057754030105
291.2,0.00250137842,0.663659958955926,0.5799116063062447
291.3,0.00250145651,0.6636101835619226,0.5802004493613641
291.4,0.0025015408,0.6635085718891348,0.580468278931542
291.5,0.00250163247,0.6633766375640546,0.5807014234338688
291.6,0.002501732595,0.6632067967820163,0.5808895903824925
291.7,0.002501838895,0.6629958765344396,0.5810449760684132
291.8,0.0025019491,0.6627927223039025,0.5811594004126794
291.9,0.002502063945,0.6626414420512615,0.5812265324777753
292.0,0.00250218258,0.6625372605556832,0.581259977244847
292.1,0.00250230487,0.6624420451655382,0.581256718156628
292.2,0.002502429855,0.6623130827871083,0.5812192169651222
292.3,0.00250255713,0.662115690237498,0.5811602411028735
292.4,0.002502686875,0.6618549883127326,0.58107410805709
292.5,0.002502817,0.6615484442679658,0.5809615114914297
292.6,0.00250294381,0.661215410313944,0.5808284084938825
292.7,0.002503065925,0.660845387248019,0.5806690109941431
292.8,0.002503183255,0.6604344229466323,0.5805044418045775
292.9,0.00250329522,0.6600151082919723,0.5803844461598995
293.0,0.002503401565,0.6596355222180097,0.580311639121834
293.1,0.002503502685,0.6593187805634895,0.5802702172226964
293.2,0.002503600285,0.6590317332427309,0.5802725765587793
293.3,0.002503698555,0.6586864093782484,0.5803183118646302
293.4,0.00250380279,0.6582062986225562,0.5803702046920822
293.5,0.002503920695,0.6576629036244501,0.5803517855343543
293.6,0.002504055765,0.6571937444607482,0.5802591682413338
293.7,0.00250420689,0.6568098418384796,0.5801548566838195
293.8,0.00250437247,0.6564813883265468,0.5800754535578185
293.9,0.00250455183,0.6562223325963318,0.58000439261695
294.0,0.00250474489,0.656069481547364,0.5799446282149452
294.1,0.002504952425,0.6560569088935644,0.5799175728190125
294.2,0.002505175725,0.6561810018033811,0.5798968571570546
294.3,0.00250541386,0.6563547570098659,0.5798647934341136
294.4,0.002505662195,0.6564853153173638,0.5798490176124443
294.5,0.002505917305,0.6567351787474743,0.5798600722486738
294.6,0.002506176785,0.657025562439631,0.5798941798917954
294.7,0.00250643899,0.6572063045481773,0.579970941566693
294.8,0.002506704725,0.6575772952246398,0.5800891823177148
294.9,0.002506973855,0.6581814109255544,0.5802180466784539
295.0,0.00250724487,0.6588560553815422,0.5803371683320556
295.1,0.00250751644,0.6596582296497099,0.5804577426581005
295.2,0.002507786555,0.6606545354943134,0.5806377653419291
295.3,0.002508054435,0.6617608536304603,0.5809043583812386
295.4,0.00250832267,0.6627993636307722,0.5812400941049424
295.5,0.00250859284,0.6636107993140826,0.5816138412147991
295.6,0.002508863665,0.6641155024570671,0.5820149641630391
295.7,0.002509132085,0.6643731381874027,0.5824398469765183
295.8,0.002509398375,0.664545737287791,0.5828545321802439
295.9,0.002509663375,0.6646914506382497,0.583238515855603
296.0,0.00250992889,0.6647664278885203,0.5835767661100668
296.1,0.002510197085,0.6648245536357971,0.5838606090063186
296.2,0.00251046748,0.6649324170779654,0.5840740475545665
296.3,0.0025107376,0.665048059103544,0.5842282262405896
296.4,0.002511005945,0.665168514049068,0.5843695181135478
296.5,0.002511273975,0.6653364698755142,0.5845139396411074
296.6,0.00251154542,0.6655478676451742,0.584647610010288
296.7,0.002511820015,0.6658647915120685,0.5847782386894612
296.8,0.002512096235,0.666369394124088,0.5849070219971099
296.9,0.002512373735,0.6669762807097231,0.5850012967944144
297.0,0.002512653725,0.6674993370369899,0.5850250554030164
297.1,0.00251293753,0.6677685966601439,0.5849799628670225
297.2,0.00251322602,0.6677782162168491,0.5849055793777633
297.3,0.002513522255,0.667768477279623,0.5848177002347831
297.4,0.00251382632,0.6678680155012593,0.5847468233912438
297.5,0.00251413513,0.667905500984802,0.5846914679003692
297.6,0.00251444603,0.6677862272781158,0.5846274893659787
297.7,0.00251475616,0.6676057741960936,0.5845547866287895
297.8,0.002515064055,0.6674301968658697,0.5844870897053343
297.9,0.00251536832,0.6672302030775422,0.5844426587887531
298.0,0.002515669175,0.6669786808865105,0.5844246147371879
298.1,0.002515967815,0.6666570697633772,0.5843956869520336
298.2,0.00251626446,0.6662373027193751,0.5843241585421782
298.3,0.002516556825,0.6657247895770537,0.5842141921178875
298.4,0.002516840995,0.6651813128975387,0.5841065416757011
298.5,0.002517114195,0.6646806875418185,0.5840540909013938
298.6,0.0025173765,0.6642732292578333,0.5840546042376333
298.7,0.002517630625,0.663935847339579,0.5840776421648808
298.8,0.002517878695,0.6635702790520366,0.5841160839492271
298.9,0.002518121135,0.6630882205088992,0.5841854974389082
299.0,0.0025183597,0.6625350740071964,0.5842711969449055
299.1,0.002518598305,0.6620462798894096,0.5843369259747224
299.2,0.002518837725,0.661719039032241,0.5843913572090385
299.3,0.002519076835,0.6615964415205274,0.5844381644263029
299.4,0.00251931383,0.6616789711595372,0.5844949807577615
299.5,0.002519549335,0.661896375654351,0.5845663809906367
299.6,0.002519787685,0.6621388751912815,0.5846261359678636
299.7,0.00252002999,0.6623463773860511,0.5846609636640213
299.8,0.00252027391,0.6625214206455239,0.5846701710437704
299.9,0.00252051732,0.6626399403699732,0.5846698857871575
300.0,0.002520760885,0.6626765901898699,0.5846538366469274
300.1,0.002521005735,0.6626655569164706,0.5846270068173471
300.2,0.002521251245,0.662689313640117,0.5846089791020639
300.3,0.00252149627,0.6628165732753286,0.5845967545367301
300.4,0.00252174097,0.6630579104229773,0.5845772772905964
300.5,0.00252198491,0.6633741242899318,0.5845447190809717
300.6,0.00252222618,0.663735476560133,0.5844895633953896
300.7,0.002522462235,0.6641224579432021,0.5844086529332335
300.8,0.00252268917,0.6644858396822576,0.5843096406142074
300.9,0.002522903235,0.6647610808978239,0.5842218990729853
301.0,0.002523104425,0.6649732954815739,0.5841400147171065
301.1,0.002523293855,0.6651952050202529,0.5840495588398318
301.2,0.002523470875,0.6654440819902703,0.5839543842903913
301.3,0.002523633955,0.6656952900220365,0.5838438140519926
301.4,0.002523779705,0.6659030875265156,0.5837304295748947
301.5,0.002523906335,0.6660164990213102,0.583633376981366
301.6,0.002524015135,0.6659983594653284,0.5835448198826909
301.7,0.002524107005,0.6658503087699353,0.5834661600575118
301.8,0.00252418166,0.6656091098523633,0.5833899236569057
301.9,0.002524238125,0.6653218928856015,0.5833011208856852
302.0,0.002524275595,0.6650277518486313,0.5831932455054648
302.1,0.00252429425,0.6647567706327032,0.5830813143291286
302.2,0.002524294415,0.6645281318025602,0.5829807506916501
302.3,0.002524278815,0.6643369658895892,0.5828702916656313
302.4,0.00252425077,0.6641568332500178,0.5827271261468147
302.5,0.00252421319,0.6639595098154457,0.5825655490100923
302.6,0.00252416964,0.6637431420462077,0.5824123555275252
302.7,0.002524123995,0.6635364503823428,0.5822697592652973
302.8,0.00252407857,0.6633648377420478,0.5821259025960968
302.9,0.00252403411,0.6632155681087051,0.5819918935632282
303.0,0.002523993425,0.6630622081217274,0.5818621646361909
303.1,0.00252395994,0.6629045441528144,0.5817491106546402
303.2,0.002523935475,0.6627691917749271,0.5816849838370767
303.3,0.00252392291,0.6626712306328029,0.5817042223221688
303.4,0.00252392621,0.6625844284277842,0.5817963237656755
303.5,0.00252395094,0.6624621513585213,0.5819194207906211
303.6,0.00252399946,0.6622878118158029,0.5820460558772131
303.7,0.002524069985,0.6621253097942033,0.5821916818913963
303.8,0.00252416005,0.6621019991767136,0.5823845882466973
303.9,0.002524269825,0.6622929891604961,0.582612785368913
304.0,0.00252439947,0.6626767661190585,0.5828621166132282
304.1,0.002524548475,0.6631675331570317,0.583120666547026
304.2,0.00252471629,0.6636969480678294,0.5833774389677003
304.3,0.00252490479,0.6642165109440653,0.5836353059192553
304.4,0.00252511341,0.6646514141814724,0.5839055651971915
304.5,0.002525339825,0.6649468746873572,0.5842024237118072
304.6,0.002525588755,0.6651365891845222,0.5845061673408825
304.7,0.002525865555,0.6653205294343899,0.5847854046623041
304.8,0.002526169835,0.6655606979095715,0.5850438477819517
304.9,0.002526499085,0.6658586968223205,0.5852763281515915
305.0,0.00252685056,0.6661797990074438,0.5854817889394547
305.1,0.00252722137,0.6664928272994476,0.585667991136033
305.2,0.002527609835,0.6668406832876088,0.5858508588461687
305.3,0.002528014275,0.667293996257966,0.5860420266440953
305.4,0.002528433725,0.667849743998386,0.5862279134247712
305.5,0.002528868895,0.6684461942132259,0.5863673907138126
305.6,0.00252931828,0.6690015838120835,0.586475705288686
305.7,0.00252977696,0.6694011001498404,0.5865846582351866
305.8,0.00253024015,0.669562006242372,0.5866833331471617
305.9,0.00253070235,0.6695078577513949,0.5867596926981998
306.0,0.002531159255,0.6693735295327127,0.586820324179777
306.1,0.00253161077,0.6693233394484789,0.5868549237963081
306.2,0.002532056225,0.6693956589113644,0.5868559404156908
306.3,0.00253249477,0.6694448185532078,0.5868323577362774
306.4,0.0025329238,0.6693261228995699,0.586817819073795
306.5,0.00253334379,0.6690420663750176,0.5868179943746652
306.6,0.002533757465,0.6686547708326831,0.5868058891898524
306.7,0.00253416596,0.6682315983022445,0.5867660274056266
306.8,0.00253456879,0.6678531746175638,0.586709336737874
306.9,0.00253496582,0.6675700794203634,0.5866439030177665
307.0,0.00253535702,0.667399541204756,0.5865678852720091
307.1,0.002535738305,0.667303056611179,0.5865139730287994
307.2,0.002536112285,0.6672133075922512,0.5864095075332451
307.3,0.002536480475,0.6671003422036135,0.586235929512586
307.4,0.002536839065,0.6668829754079115,0.5860332031669684
307.5,0.002537187435,0.66645217509051,0.585798398018765
307.6,0.0025375269,0.6658224679758392,0.5855187667416245
307.7,0.00253785725,0.6650667515798329,0.5852059746973884
307.8,0.002538177785,0.6642128792629578,0.5849024604045768
307.9,0.002538489085,0.663278399961777,0.5846011483682154
308.0,0.002538790945,0.662277444560046,0.584290802996338
308.1,0.00253907978,0.661251224470195,0.583999512012223
308.2,0.00253935333,0.6602660838458823,0.5837498747767834
308.3,0.00253961375,0.6593269864035007,0.5835240382472875
308.4,0.00253986126,0.6583991421460041,0.5833242373527489
308.5,0.0025400986,0.6574777318702621,0.5831267574668628
308.6,0.002540327295,0.656600253626188,0.5829306950675819
308.7,0.002540545855,0.6558212957277304,0.5827404527828511
308.8,0.00254075446,0.6551440123339136,0.5825642006385253
308.9,0.00254095332,0.6544950158403497,0.5824105409436086
309.0,0.002541144925,0.653799775102925,0.582257836921177
309.1,0.0025413292,0.6530858921546939,0.5821144747386601
309.2,0.00254150625,0.6524976414966798,0.5820050216506091
309.3,0.00254167599,0.652200874088251,0.5819174397022937
309.4,0.002541839195,0.6521770733823075,0.5818435946820155
309.5,0.00254199544,0.6522684623126004,0.5817888719079012
309.6,0.002542144665,0.6523715316843794,0.5817355974080001
309.7,0.00254228495,0.6524632347739376,0.581677401289048
309.8,0.002542415345,0.6525680822871586,0.5816064936579008
309.9,0.00254253595,0.652738639352322,0.5815114648783595
310.0,0.00254264622,0.6530237263192645,0.5814095509843584
310.1,0.00254274571,0.6534707435379439,0.5813209618414384
310.2,0.00254283549,0.654081720477214,0.5812575619884149
310.3,0.002542917805,0.6547578791808609,0.5812333440789669
310.4,0.00254299578,0.6553973817814256,0.5812436799187972
310.5,0.002543072505,0.6559630820873723,0.581272864057912
310.6,0.002543149665,0.6564170547921866,0.5812926089677398
310.7,0.002543228035,0.6567695477711046,0.5812868548266354
310.8,0.002543308945,0.657123416767605,0.5812813381899358
310.9,0.002543394115,0.6575686809775836,0.5813081001611147
311.0,0.002543484785,0.6580505824410884,0.5813729187573805
311.1,0.00254358175,0.6584512297522006,0.5814763996777972
311.2,0.002543685035,0.6587603938852404,0.5816040884545652
311.3,0.00254379212,0.6589831516539358,0.5817464534955739
311.4,0.00254390264,0.6589840250166935,0.5819115793753578
311.5,0.002544017625,0.6587288397286277,0.5821243066670289
311.6,0.002544139215,0.6585328985948233,0.5823805092027958
311.7,0.002544267055,0.6587456283997686,0.5826459737820241
311.8,0.002544401225,0.6591557193383976,0.5828798534170319
311.9,0.002544541955,0.6592405800391563,0.5830872638772959
312.0,0.00254468589,0.6589783198844347,0.5833119285927321
312.1,0.00254483042,0.6587232288441485,0.5835895517638483
312.2,0.002544975715,0.6585746252284483,0.5839094136481922
312.3,0.002545125705,0.6583647228568914,0.584199628322664
312.4,0.002545282025,0.6579262821861563,0.5844169567909355
312.5,0.00254544346,0.657489368329451,0.5845813041840598
312.6,0.002545608675,0.6574761673571207,0.5847204277297685
312.7,0.00254577766,0.6580226536823979,0.5848313014460175
312.8,0.002545951555,0.6588056893681199,0.584914460660195
312.9,0.002546132025,0.6593468412690713,0.5849929778570677
313.0,0.00254631784,0.6595707614270486,0.58509271022913
313.1,0.002546508165,0.6597006600000892,0.5852089535555426
313.2,0.002546705835,0.6598940752934002,0.5853344476156828
313.3,0.00254691326,0.6601925014627499,0.5855092169282762
313.4,0.00254713251,0.6605575042636147,0.5857388686078906
313.5,0.00254736514,0.6609120329945722,0.5860019273554649
313.6,0.002547612945,0.6611725778397051,0.5862869759949771
313.7,0.00254787815,0.6613084203060462,0.5865738015192943
313.8,0.00254816259,0.6613553745498468,0.5868179214897156
313.9,0.00254846675,0.6614024041918711,0.5869970946868908
314.0,0.002548790795,0.6615055363955031,0.58710822915533
314.1,0.002549135795,0.6616206380671453,0.5871613440623243
314.2,0.00254950157,0.6616681703639942,0.5871643618762273
314.3,0.002549887725,0.6616327080661204,0.5871392517544657
314.4,0.00255029292,0.6615600744439694,0.5871180340660018
314.5,0.00255071695,0.6614935983434195,0.5870935365548078
314.6,0.00255116083,0.6614953073698231,0.5870502579744119
314.7,0.002551624545,0.6616378351453311,0.5869939329880441
314.8,0.002552107915,0.6619263652978221,0.586944766434697
314.9,0.00255260866,0.662274742790364,0.5869149445522736
315.0,0.00255312451,0.6625485011741977,0.5869167465698196
315.1,0.002553654245,0.6626036989571213,0.5869429637888323
315.2,0.002554197775,0.6623930614528835,0.586955790911637
315.3,0.00255475236,0.6622070226191232,0.58695056392978
315.4,0.002555316435,0.6622750318168881,0.5869485363458813
315.5,0.002555890055,0.6622294473074845,0.5869423103375604
315.6,0.002556473655,0.6620325134304016,0.5869253677283796
315.7,0.00255706366,0.6621360603242639,0.5869190229678565
315.8,0.002557658295,0.6625346530337807,0.5869336301170586
315.9,0.002558258805,0.6629100482231435,0.5869402331164978
316.0,0.002558865535,0.6630972368798149,0.5869334171170766
316.1,0.002559476805,0.6630895399778137,0.5868998039606388
316.2,0.002560088905,0.6630164288335794,0.5868238678962904
316.3,0.002560696735,0.6630105540553172,0.5867269648425718
316.4,0.002561296345,0.6630103404270167,0.5866040104459327
316.5,0.002561886675,0.6628697730053245,0.5864259254964528
316.6,0.00256246358,0.6625760780745109,0.5862026430817843
316.7,0.002563023715,0.6622399213773915,0.5859531000941243
316.8,0.00256356603,0.6619404459160955,0.5856727776666
316.9,0.002564089155,0.6616772370003924,0.5853650140555652
317.0,0.00256459252,0.6614405682594269,0.5850413464458809
317.1,0.002565075255,0.661239952435754,0.5847179596945798
317.2,0.002565534445,0.6610488116555242,0.5844226751178836
317.3,0.002565965965,0.6608368860982984,0.5841561354856492
317.4,0.00256636774,0.6606294404521965,0.5839079710288456
317.5,0.002566737725,0.6604662724129544,0.5837028162321067
317.6,0.002567076085,0.6603360219815366,0.583548615554935
317.7,0.00256738685,0.6601844904014833,0.5834154823980983
317.8,0.002567672265,0.6599818388257709,0.583284968701216
317.9,0.00256793353,0.6597849803469116,0.5831513416860141
318.0,0.00256817021,0.6596874967268707,0.5830127094853965
318.1,0.00256838549,0.6596694702682244,0.5828429535263598
318.2,0.0025685795,0.6596166663789028,0.5826558886484389
318.3,0.002568754565,0.6594473910835421,0.5824389158084557
318.4,0.002568912865,0.6591645346473836,0.5821785908748087
318.5,0.002569054925,0.6588039426426044,0.5819135535521813
318.6,0.00256918332,0.6583933490491509,0.5816617165735657
318.7,0.00256930108,0.6579762649252751,0.5814076754535443
318.8,0.00256941034,0.6576091509741472,0.5811535400857433
318.9,0.00256951106,0.6573297125907956,0.5809214599550077
319.0,0.00256960493,0.6571527466766189,0.5807182944147371
319.1,0.00256969572,0.6570906750889692,0.5805459372169832
319.2,0.00256978587,0.6571552788002977,0.5804180178473143
319.3,0.002569877925,0.6573361025902531,0.5803286389080011
319.4,0.002569971635,0.6575701575261308,0.5802890397609212
319.5,0.002570067415,0.6577593945012125,0.5803157539798917
319.6,0.00257016877,0.6578789949335346,0.5803764533198702
319.7,0.002570280585,0.6580386883713019,0.5804711905596134
319.8,0.00257040446,0.65840734170283,0.5806267817056936
319.9,0.002570540495,0.6590621375764324,0.5808525579166105
320.0,0.00257068891,0.6599054290092502,0.5811315036982341
320.1,0.002570848855,0.6607753045991027,0.5814635059532284
320.2,0.002571019225,0.6616311121370524,0.5818527059290295
320.3,0.002571202345,0.66252216206139,0.5822834691756376
320.4,0.002571397855,0.6634424853460739,0.5827672587363272
320.5,0.002571606735,0.6643367522612889,0.5833095007699295
320.6,0.00257183233,0.6651400072373292,0.5838945344370662
320.7,0.00257207891,0.6657893932883822,0.5844935946870827
320.8,0.00257234668,0.6662735755481535,0.5850835851591084
320.9,0.00257263517,0.6666544496751041,0.5856520670311905
321.0,0.00257294649,0.6669733150462581,0.5861788599687594
321.1,0.00257328089,0.6672371459973067,0.586626692116573
321.2,0.002573637335,0.6674623542082718,0.5869752518214888
321.3,0.00257401311,0.6676704784383869,0.5872427395863861
321.4,0.002574406515,0.6678674877136935,0.5874388001007114
321.5,0.00257481371,0.668052282476763,0.587576911425267
321.6,0.00257523149,0.6682164621088396,0.5876737133197021
321.7,0.002575657575,0.6683089191806347,0.5877131195729931
321.8,0.00257608978,0.668301008650333,0.5876808987704194
321.9,0.00257652588,0.6682231474180065,0.5875947833175548
322.0,0.002576962255,0.6681349754785907,0.5874653402754489
322.1,0.00257739591,0.6680643273429968,0.587319921606381
322.2,0.002577824755,0.6680197795591689,0.5871782005918664
322.3,0.00257824936,0.6679949044285378,0.587015987596791
322.4,0.0025786691,0.6679910591191298,0.5868623982735496
322.5,0.00257908325,0.6680016274368165,0.5867295887007562
322.6,0.002579495395,0.6679785178812567,0.5865703049266708
322.7,0.00257990882,0.6678345324067574,0.5863878958890626
322.8,0.00258032648,0.6675050484524342,0.5862051192851138
322.9,0.002580751245,0.6669933835401293,0.5860473993958514
323.0,0.002581186045,0.6663483580196796,0.5859257380787486
323.1,0.002581632,0.6655966754286404,0.5858270072464242
323.2,0.002582089565,0.6647506885093258,0.5857193461228227
323.3,0.0025825575,0.663885694954457,0.5855885867533951
323.4,0.00258303519,0.6631851386422625,0.5854395722173757
323.5,0.002583521995,0.6628175471690512,0.5852923603272212
323.6,0.00258401779,0.6627631222179204,0.585169557355348
323.7,0.00258452237,0.662812325842061,0.5850777367702245
323.8,0.002585034675,0.6627127876204246,0.5850216436333946
323.9,0.00258555078,0.6623859300375599,0.5850188601823035
324.0,0.00258606797,0.6619999665305104,0.585052903736935
324.1,0.002586583175,0.6617576052236566,0.5851009204673709
324.2,0.002587093315,0.6615999601042993,0.5851579856129677
324.3,0.002587596395,0.6613091177396154,0.5852160277938799
324.4,0.00258809342,0.6608894952088754,0.5852821985316239
324.5,0.002588586135,0.6606266507179201,0.5853647677547011
324.6,0.00258907601,0.6606600584141984,0.5854669637637224
324.7,0.00258956327,0.6609489655578079,0.58560116569038
324.8,0.002590048925,0.6613944056969749,0.5857575717655945
324.9,0.002590535765,0.6617859612389478,0.5859049576999821
325.0,0.00259102565,0.6619382907835352,0.5860202302742646
325.1,0.002591519495,0.6618347250401169,0.5860794323311845
325.2,0.00259201679,0.6615688583370288,0.58606609627037
325.3,0.00259251351,0.6612339331442296,0.586002399851
325.4,0.0025930066,0.6608648714056565,0.5859105120357937
325.5,0.002593494255,0.6604572309092973,0.5858245272731835
325.6,0.002593976495,0.6600520345720227,0.5857791532504876
325.7,0.00259445698,0.6597240711485438,0.585747271111602
325.8,0.002594936735,0.6595132137328201,0.5857074350884359
325.9,0.002595416125,0.6594074865736562,0.5856371180767077
326.0,0.0025958962,0.6593882474602456,0.5854884390627839
326.1,0.00259637526,0.6594205618822805,0.5852569438966002
326.2,0.002596849055,0.6594420817919575,0.5849937230428451
326.3,0.002597314195,0.659367249054949,0.5847517952757775
326.4,0.00259777191,0.6590995288121955,0.5845251381622805
326.5,0.002598223925,0.6585916652270014,0.5842788360416019
326.6,0.00259866977,0.6579262319206739,0.5840155416745786
326.7,0.002599107785,0.6572442487042474,0.5837814100838401
326.8,0.002599539485,0.6566422567199665,0.5835989614621645
326.9,0.002599967945,0.6561643199463906,0.5834411806260047
327.0,0.00260039402,0.6558121536931085,0.5832896421344476
327.1,0.00260081572,0.6555649606167534,0.5831664778794191
327.2,0.002601232235,0.6553356809017091,0.5830726944272057
327.3,0.002601644805,0.6550477099527104,0.5829714346127952
327.4,0.00260205167,0.6547313264397527,0.5828656772943418
327.5,0.002602452455,0.6544148612453861,0.5827794412043192
327.6,0.002602847585,0.6540629463195162,0.582713276121442
327.7,0.0026032346,0.6536530313100758,0.5826787826907427
327.8,0.002603609285,0.6532145655065995,0.5826816032126271
327.9,0.00260396509,0.6528553306698469,0.5827235095453518
328.0,0.002604296895,0.6527582428904803,0.5828033506093686
328.1,0.0026046017,0.6530311656106683,0.5829105637418578
328.2,0.00260487679,0.6535623209637961,0.5830343582003724
328.3,0.00260512003,0.6541141165806579,0.5831657075609005
328.4,0.002605334615,0.6545617998169797,0.5832963488064444
328.5,0.002605522805,0.6549795185425716,0.5834309823879326
328.6,0.002605686255,0.6554508391220192,0.5835530527403989
328.7,0.002605824085,0.6559116227997064,0.5836544997937316
328.8,0.00260593666,0.65628488798925,0.5837384142467832
328.9,0.002606025365,0.6565793054863738,0.5838366179198602
329.0,0.002606093825,0.6568244313947629,0.5839806096775448
329.1,0.002606149075,0.6570360176599821,0.5841634855558214
329.2,0.002606196795,0.6572610373753882,0.5843918900231525
329.3,0.00260624307,0.657606223009794,0.5846443898778181
329.4,0.002606294615,0.6581375982744074,0.5848649636113007
329.5,0.002606354275,0.6587690395482232,0.5850349897473056
329.6,0.00260642222,0.6593714336563636,0.5851775363723697
329.7,0.00260649925,0.6598870632585973,0.5853101166088993
329.8,0.00260658716,0.6603232796817337,0.5854354711823259
329.9,0.002606686035,0.6607145713299235,0.5855572361719863
330.0,0.00260679411,0.6610773938654866,0.58568124488712
330.1,0.002606911115,0.6614438480821573,0.5858261338836666
330.2,0.002607036725,0.6618719780458031,0.5860264374330296
330.3,0.002607171625,0.6623729615430858,0.586279558694722
330.4,0.00260731622,0.6628852170748095,0.5865570763083251
330.5,0.00260746748,0.6633506000441417,0.5868465834961314
330.6,0.00260762225,0.6637698769996898,0.587139729276549
330.7,0.002607778735,0.6641720511248317,0.5874330937118153
330.8,0.00260793722,0.6645431925977415,0.5877196886432318
330.9,0.002608097675,0.6648454075278316,0.587987709222243
331.0,0.002608258035,0.6650586022884895,0.5882286580690399
331.1,0.002608420305,0.6651852021892438,0.5883965705415075
331.2,0.002608585915,0.6652529223604846,0.5884719260395335
331.3,0.002608756425,0.6653268691683648,0.58848523131274
331.4,0.00260893367,0.6654828429604303,0.5884688617300592
331.5,0.00260911992,0.6657442737346914,0.5884302446448427
331.6,0.002609318045,0.6660643454774244,0.5883623441461836
331.7,0.00260952885,0.6663824380167856,0.5882781959586387
331.8,0.00260975087,0.6666869148935862,0.5882251011578374
331.9,0.002609984715,0.6670130184942142,0.5882232589279054
332.0,0.002610235155,0.6673913102320036,0.5882375519178421
332.1,0.00261050436,0.6678145330279246,0.5882474862621313
332.2,0.002610792165,0.6682205964447717,0.5882575921373794
332.3,0.002611096945,0.6685272158877621,0.5882492241911873
332.4,0.00261141657,0.6686818576445424,0.5882144932560833
332.5,0.002611747925,0.6686809968481552,0.5881589788006203
332.6,0.00261208761,0.6685663538490404,0.5880808599576961
332.7,0.002612432065,0.6684212436843712,0.5879819079572489
332.8,0.002612776455,0.6683479754605042,0.5878654290113874
332.9,0.00261311696,0.6683878548376488,0.5877283575540001
333.0,0.002613448945,0.6685129027916323,0.5875895412560529
333.1,0.002613770005,0.6686828818037475,0.5874706062130548
333.2,0.00261407664,0.6689139396602336,0.5873848734061754
333.3,0.002614366665,0.6692428078623968,0.5873496655773066
333.4,0.00261464038,0.6696665961449954,0.5873456587900363
333.5,0.00261489857,0.670138042388149,0.5873554379396483
333.6,0.00261514082,0.6706251149131616,0.5873519055328686
333.7,0.002615367045,0.6711030893858493,0.5873052220943549
333.8,0.002615576025,0.671535039526162,0.5872167447921333
333.9,0.002615767285,0.6718875827705626,0.5871006855630502
334.0,0.002615942305,0.6721201171755959,0.5869656863001772
334.1,0.00261610202,0.6721750322151807,0.5868239992148633
334.2,0.0026162469,0.672034106651926,0.5866851584124935
334.3,0.00261637777,0.6717319482705036,0.5865550041138109
334.4,0.002616496435,0.6713230008716007,0.5864449007160805
334.5,0.002616604895,0.6708744317061505,0.5863790868632619
334.6,0.00261670587,0.6704756944833715,0.5863819695886808
334.7,0.00261680292,0.670159091058928,0.5864486762821315
334.8,0.002616901505,0.6698390130330097,0.5865270382843271
334.9,0.002617006805,0.6694073707687771,0.5865931116326989
335.0,0.002617117325,0.6688459493120247,0.5866772152096281
335.1,0.00261723146,0.6682098144987846,0.5867808161388841
335.2,0.002617349495,0.6675431559713222,0.5868979001554907
335.3,0.002617472445,0.6668899874427143,0.5870555119739657
335.4,0.00261760178,0.6663304320919982,0.5872616331246048
335.5,0.00261774064,0.665939542567668,0.5875099395813963
335.6,0.00261789136,0.665720743205716,0.5877942034510637
335.7,0.00261805702,0.6656156632146387,0.5881031991947373
335.8,0.002618239995,0.6655818282617595,0.5884232583710997
335.9,0.002618442125,0.6656265959570732,0.5887280519204398
336.0,0.00261866317,0.6657520146189898,0.5889922774555255
336.1,0.002618904145,0.6659143972600685,0.5892092000300262
336.2,0.00261916751,0.6660534127349899,0.5893843400505526
336.3,0.00261945445,0.666137626267662,0.5895381524268724
336.4,0.002619765605,0.6661661959112538,0.5896912925023643
336.5,0.002620100155,0.6661612573276023,0.5898301867118092
336.6,0.00262045786,0.6661492375941097,0.5899211653501015
336.7,0.002620835125,0.6661325431707485,0.5899760169295147
336.8,0.00262122909,0.6661065998986152,0.5899981148922401
336.9,0.00262163374,0.6661219874194325,0.5900082810860672
337.0,0.002622047585,0.666241512453531,0.5900008606442193
337.1,0.002622471105,0.6664967542902644,0.5899968318658004
337.2,0.00262290305,0.6668852624873634,0.5899779081682922
337.3,0.00262333888,0.6673165968755159,0.5899159861204529
337.4,0.00262377399,0.6676436680866812,0.589812672961084
337.5,0.002624208315,0.6677523734756807,0.5896853354143745
337.6,0.00262464263,0.6676321447248278,0.5895582586198554
337.7,0.00262507678,0.6673655366058736,0.5894415365147224
337.8,0.002625509145,0.6670806883999725,0.5893193587197872
337.9,0.00262593737,0.6668345508987491,0.589177009386742
338.0,0.002626358775,0.6666155190589408,0.5890247269660445
338.1,0.002626770805,0.6664166185448568,0.5888773290936048
338.2,0.002627171395,0.6662762207691678,0.5887778524471845
338.3,0.002627560855,0.6662584644874897,0.5887138965322612
338.4,0.002627939155,0.6663672641242688,0.5886531129975996
338.5,0.002628303965,0.6665386442867075,0.5886070402846976
338.6,0.002628654085,0.666732317190616,0.5885839037114411
338.7,0.00262898878,0.6669506578800405,0.588572318146053
338.8,0.002629306785,0.6672115985658476,0.5885531795636074
338.9,0.002629604495,0.6675395117238441,0.5885117168237654
339.0,0.00262988005,0.6679250479742925,0.5884241518400504
339.1,0.00263013134,0.668339524576266,0.5882873914003358
339.2,0.002630357685,0.668754422151655,0.5881239720336814
339.3,0.002630559145,0.6691476992864019,0.5879805514175411
339.4,0.002630734005,0.6695029128845581,0.5879276388291138
339.5,0.002630885485,0.6697950495854154,0.5879487961989986
339.6,0.002631017765,0.6700136730181787,0.5880008052653788
339.7,0.002631131015,0.6701628107046299,0.5880668157818976
339.8,0.002631224485,0.6702617960059593,0.5881253593609972
339.9,0.002631299555,0.6703557044935603,0.5881492631111798
340.0,0.00263135817,0.6704880095265736,0.5881330235904348
340.1,0.00263140336,0.6706694302191331,0.5880888754171926
340.2,0.00263143888,0.670872395954111,0.5880183805913201
340.3,0.00263146702,0.6710738160255031,0.5879218180862452
340.4,0.0026314895,0.6712620414077504,0.5878213983337103
340.5,0.002631507255,0.6713979090068328,0.5877189038733869
340.6,0.002631518545,0.6714221495357479,0.58761741158112
340.7,0.002631523565,0.6713340090122588,0.5875093451920662
340.8,0.00263152383,0.6711570870803792,0.5873827302116672
340.9,0.002631521325,0.6708958196689361,0.5872255682692602
341.0,0.002631517555,0.6705489564240532,0.5870380924710201
341.1,0.002631514605,0.6701324252204844,0.5868445816732925
341.2,0.00263151391,0.6696708687110043,0.5866603863261014
341.3,0.00263151662,0.6691921842383768,0.5864659160859774
341.4,0.0026315237,0.6687283594990008,0.5862511385909406
341.5,0.002631535805,0.6683113947556457,0.586033795671343
341.6,0.00263155591,0.6679634633692607,0.5858152256456547
341.7,0.0026315864,0.6676866953396647,0.5855907676470151
341.8,0.00263162574,0.6674312650073719,0.5853756213290008
341.9,0.002631674025,0.6671503123763614,0.5851784273280461
342.0,0.00263173315,0.6669158176175122,0.5849882076627825
342.1,0.00263180204,0.6668393889514357,0.5848227745352371
342.2,0.00263188149,0.6669466240750732,0.5847075666777632
342.3,0.002631975135,0.6671721338789333,0.5846248259237271
342.4,0.002632084465,0.6674292481048884,0.5845592244425719
342.5,0.00263220708,0.6676594388818022,0.5845229648084826
342.6,0.002632342115,0.6678253086907264,0.5845228215518576
342.7,0.002632489495,0.667927774876716,0.5845152873843558
342.8,0.002632648775,0.6680112658430777,0.5844833323605205
342.9,0.002632818015,0.6681337691070117,0.5844446763195551
343.0,0.002632996745,0.6683070970568956,0.5844106516144797
343.1,0.002633183375,0.6684481671334125,0.5843718146177775
343.2,0.00263337533,0.6684451386380944,0.584321118108808
343.3,0.00263356817,0.6682596338750852,0.584254138725115
343.4,0.002633756265,0.6679116082409206,0.5841495507074472
343.5,0.002633931805,0.6674598032350372,0.5840206744086561
343.6,0.00263408862,0.6669627530117568,0.5839012970294123
343.7,0.00263422368,0.6664494230553456,0.5838043481084412
343.8,0.002634335105,0.665949036460667,0.5837462386974461
343.9,0.002634419595,0.665506115878808,0.5837356760346263
344.0,0.00263447848,0.665149532546255,0.5837199825226845
344.1,0.002634512905,0.6648798645160562,0.5836722252878017
344.2,0.002634523425,0.6646742661264347,0.5836159430270942
344.3,0.002634512045,0.6645170168477519,0.583569580031031
344.4,0.0026344824,0.6644050379192072,0.5835399906264639
344.5,0.00263443556,0.6643408174821825,0.5835380428390187
344.6,0.00263437261,0.6643401074822429,0.5835748981190749
344.7,0.00263429781,0.6644181006614609,0.5836046559130083
344.8,0.00263421616,0.6645594660476871,0.5836021841079085
344.9,0.002634126665,0.6647439717842325,0.5836095926117042
345.0,0.002634031525,0.6649648068982239,0.583637429635889
345.1,0.002633936495,0.665213168647046,0.5836848287292095
345.2,0.00263384592,0.6654320873895189,0.5837438655383557
345.3,0.002633761,0.6655382229557277,0.5837981296399426
345.4,0.002633680725,0.6655543895915231,0.5838335140263184
345.5,0.002633603245,0.665660914715221,0.5838534725644468
345.6,0.002633525465,0.6660381383115082,0.5838910466409022
345.7,0.002633447765,0.666576864902931,0.5839566072813529
345.8,0.00263337088,0.6669009641674459,0.5840561379631669
345.9,0.00263329473,0.6668277273595055,0.5841569560696502
346.0,0.002633218125,0.6666272371995388,0.5842033806409295
346.1,0.002633137895,0.6664899558837621,0.5841901463677169
346.2,0.002633052675,0.6663069204125787,0.5841290009215816
346.3,0.00263296245,0.6661778763527398,0.5840234735677104
346.4,0.002632867235,0.666279764485681,0.583892832950485
346.5,0.002632768365,0.6665102380059338,0.5837583602185408
346.6,0.00263266583,0.6666764910891616,0.5836437524052637
346.7,0.00263255708,0.6666888438314756,0.5835754152252257
346.8,0.00263244464,0.6665490932238732,0.58349624080717
346.9,0.002632328375,0.6663079382885985,0.5833732631627452
347.0,0.00263220353,0.6660167126496107,0.5832712229767195
347.1,0.00263207132,0.6657276107272567,0.5832465884920857
347.2,0.002631937735,0.6654726767666033,0.583267409083238
347.3,0.00263180532,0.6652635974923214,0.5832864653559563
347.4,0.002631673185,0.6651337114856515,0.5832925895766752
347.5,0.00263153948,0.6651216603362323,0.5833162363445787
347.6,0.002631403125,0.6652027699753627,0.5833718890301185
347.7,0.002631263025,0.665308647930974,0.5834346398300998
347.8,0.002631117855,0.6654033543831092,0.5834858151177897
347.9,0.00263096716,0.6654741470319651,0.5835205611325385
348.0,0.002630812115,0.665475925173407,0.5835209626280796
348.1,0.002630654985,0.665415725974979,0.5834786346936207
348.2,0.002630494755,0.6654046047369853,0.5834438164222411
348.3,0.002630332275,0.665511720480102,0.5834474839175049
348.4,0.00263017199,0.6657043817911761,0.5834782463927687
348.5,0.00263001472,0.6659279940730733,0.5835353153082768
348.6,0.00262985979,0.6661413333469933,0.5836244579998224
348.7,0.00262970605,0.6663127889076557,0.5837491484405619
348.8,0.00262955437,0.6664038385459419,0.5838961806316166
348.9,0.002629409995,0.6663651027085232,0.5840298227264633
349.0,0.002629275855,0.6661907694489901,0.5841413216196505
349.1,0.002629152495,0.6659341767274155,0.5842321149039763
349.2,0.00262903885,0.6656724632098157,0.5843014774998564
349.3,0.002628935715,0.6654383957075672,0.5843376328330694
349.4,0.00262884262,0.6652250752832032,0.5843270701702495
349.5,0.002628758635,0.6650081860095847,0.5842741374756292
349.6,0.00262868097,0.6647438838196381,0.5842047170744443
349.7,0.00262860576,0.6643792140275948,0.5841284593110081
349.8,0.002628530705,0.6638911047770065,0.584055608918964
349.9,0.00262845503,0.663305216596668,0.5839799103590202
350.0,0.002628378665,0.6626522931122871,0.5838936906052795
350.1,0.002628301835,0.6619609416665675,0.5838026673563714
350.2,0.00262822402,0.6612646139380847,0.5837190218236511
350.3,0.002628144815,0.6605631214312792,0.5836362282908584
350.4,0.002628063865,0.6598731585695126,0.583533946830517
350.5,0.002627980055,0.6592721907444368,0.5833962853820293
350.6,0.0026278912,0.6588115515800115,0.5832262196619569
350.7,0.002627794845,0.6584467498410767,0.583034002572084
350.8,0.002627691345,0.6580763874831449,0.5828189065195521
350.9,0.002627581205,0.6576418235377445,0.5825983711134999
351.0,0.002627465675,0.6572042059642847,0.5824006882807283
351.1,0.002627348975,0.656881256522681,0.5822273069237693
351.2,0.002627233225,0.6567079914046502,0.5820541536464371
351.3,0.002627118295,0.6566255622966054,0.5818769684490931
351.4,0.00262700293,0.6565927640693019,0.5817106845782571
351.5,0.00262688658,0.6566133792002947,0.5815525185828381
351.6,0.002626769165,0.6566987362726927,0.5814083006304824
351.7,0.002626653295,0.6568345473231074,0.5812752843408923
351.8,0.002626541105,0.6569852809386266,0.5811300265213682
351.9,0.00262643157,0.6571418830492227,0.5809448604220472
352.0,0.002626320985,0.6573398473686961,0.5807358131920106
352.1,0.00262620722,0.6576127952216253,0.5804957710088535
352.2,0.00262608948,0.6579545879359653,0.5802336000753633
352.3,0.002625964475,0.6583112717994832,0.5799769501768024
352.4,0.00262582934,0.6586226601801217,0.579762896504713
352.5,0.00262568136,0.6588667053806379,0.5796172767737152
352.6,0.002625519715,0.6590518457188993,0.5795307026483232
352.7,0.00262534432,0.6592003299540785,0.5794859613423878
352.8,0.002625154275,0.6593283247219711,0.5795024823498346
352.9,0.002624949425,0.6594221389617926,0.5795975438019395
353.0,0.002624732745,0.6594664982500613,0.579732174241835
353.1,0.00262450756,0.6594661212589428,0.5798859570871837
353.2,0.002624275215,0.6594150578119513,0.5800525318694996
353.3,0.002624036935,0.6592802772039271,0.5802134455018534
353.4,0.00262379484,0.6590618799658348,0.5803793486116597
353.5,0.00262355123,0.6588198328182463,0.5805523598890041
353.6,0.002623306165,0.6586091199157847,0.5807317925817325
353.7,0.00262305867,0.6584329017006596,0.5809183579464214
353.8,0.00262281055,0.6582777447226841,0.581073394287239
353.9,0.00262256436,0.6581545942906635,0.581159068660495
354.0,0.00262231898,0.6580965879239075,0.5811906473215305
354.1,0.002622073195,0.6581298825228502,0.5812070081077518
354.2,0.002621830225,0.6582694509180786,0.5812104186207366
354.3,0.00262158918,0.6585103231100147,0.5812295157341593
354.4,0.00262134667,0.658801090076475,0.5812985365247586
354.5,0.00262110159,0.6590678741246179,0.5813805446593879
354.6,0.002620852815,0.6592740442841023,0.5814806973765473
354.7,0.00262060202,0.6594548303749458,0.5815876811727726
354.8,0.002620353955,0.6596916813282853,0.5816856529963119
354.9,0.002620111535,0.6600289187332775,0.5818012177387112
355.0,0.0026198768,0.6604411648044669,0.5819286049225847
355.1,0.002619651585,0.6608752637941546,0.5820461740010969
355.2,0.00261943628,0.661307597208771,0.5821533544610223
355.3,0.00261923153,0.6617624307099724,0.5822712747695934
355.4,0.002619040535,0.6622726065073595,0.5824038864220497
355.5,0.002618865155,0.6628279584071052,0.5825432022332288
355.6,0.00261870524,0.6634025996857439,0.5826911071587226
355.7,0.00261855701,0.6639678287527925,0.5828613846221399
355.8,0.00261842044,0.6644652182680795,0.5830147483790287
355.9,0.002618293965,0.6648381818647283,0.5831131945830587
356.0,0.002618175565,0.6650822082156886,0.5831770022148087
356.1,0.0026180635,0.6652597458997282,0.5832227149011925
356.2,0.002617957605,0.6654546063256598,0.5832562407213546
356.3,0.002617854945,0.6657155595778376,0.5832958976737393
356.4,0.00261775431,0.6660254085780758,0.583337290041906
356.5,0.00261765552,0.6663063863418276,0.583367776685335
356.6,0.002617558495,0.6665364200391087,0.5833934321875812
356.7,0.00261746401,0.6668883915136463,0.5834353869008329
356.8,0.002617372555,0.6674949702232015,0.5835020747447277
356.9,0.00261728564,0.6682419844075573,0.5835780547913734
357.0,0.002617203565,0.6689814650527299,0.5836679483235631
357.1,0.00261712679,0.6696737087107631,0.5837905301273135
357.2,0.002617057895,0.6703129788334715,0.5839348423274489
357.3,0.00261699946,0.6708548909998451,0.5840835200847355
357.4,0.002616952995,0.6712368772505951,0.5842350868506265
357.5,0.00261691951,0.6714314109508907,0.5843881370765686
357.6,0.00261689898,0.6714758707701243,0.5845445085942639
357.7,0.00261689272,0.6714341755524259,0.5847109859872074
357.8,0.002616904465,0.671363119009787,0.5848975670598596
357.9,0.00261693808,0.6712820345033977,0.5851102051302993
358.0,0.00261699543,0.6711736684064048,0.5853568679058144
358.1,0.002617078375,0.6710212257644821,0.5856361793688227
358.2,0.002617189095,0.6708340119750693,0.5859368775379796
358.3,0.002617328695,0.6706555632291602,0.5862345767427894
358.4,0.00261749803,0.6705327709387019,0.586507094197525
358.5,0.002617696045,0.670473884926003,0.5867636379102542
358.6,0.00261792255,0.6704642088206301,0.5870225956227785
358.7,0.002618175495,0.6705190358956205,0.5873161460403299
358.8,0.002618453165,0.6706629899541932,0.5876622144622714
358.9,0.002618755415,0.6708802373693743,0.5880414970583837
359.0,0.00261908236,0.6711005949612824,0.588400570417274
359.1,0.002619431145,0.6712315051271575,0.5887097772759738
359.2,0.002619799275,0.6712025899083738,0.5889718860059296
359.3,0.00262018394,0.6710203021362419,0.5892035200305086
359.4,0.002620581985,0.670785813660578,0.5894345050020452
359.5,0.00262099088,0.670651328362263,0.5896697537431314
359.6,0.00262141026,0.6706742117231518,0.5898990862369322
359.7,0.002621839835,0.670734247558762,0.5901255825008853
359.8,0.002622282265,0.6706899511023463,0.5903127887504757
359.9,0.00262273683,0.6704755374037389,0.5904379831026768
360.0,0.002623199485,0.6700911823921281,0.5905309057585032
360.1,0.00262366781,0.6696574226944468,0.5906002828057095
360.2,0.00262414248,0.6692680222850345,0.5906245277328543
360.3,0.002624622935,0.66885281055038,0.5905895178243228
360.4,0.00262510902,0.6683106910388913,0.5904882203108004
360.5,0.002625600405,0.6676213439292847,0.5903157324227921
360.6,0.00262609496,0.6667972476275803,0.5900649868334644
360.7,0.002626588805,0.6658920542531163,0.5897712975575177
360.8,0.002627079725,0.6650169887522001,0.5894796578566182
360.9,0.002627568,0.6642469089945815,0.5891894921909917
361.0,0.00262805221,0.6635591515308576,0.5889032422064486
361.1,0.002628528715,0.6628547499092551,0.588618848903164
361.2,0.002628994015,0.6620551328975074,0.588315582796172
361.3,0.00262944372,0.6611541115580872,0.5879962323631123
361.4,0.00262987236,0.6602516827851582,0.5876806399031846
361.5,0.002630274945,0.6594801578949191,0.5873662758059847
361.6,0.00263064804,0.6588877666177876,0.5870377946480365
361.7,0.002630990075,0.6584121797555165,0.5866869491203061
361.8,0.002631301015,0.6579662118287835,0.586331605460214
361.9,0.002631582055,0.6574853470908545,0.5860006430723881
362.0,0.002631833535,0.6569142432455437,0.585685366028363
362.1,0.00263205398,0.6562041239253116,0.5853704458692632
362.2,0.002632242095,0.655436456910851,0.585041154808729
362.3,0.00263239765,0.6548368713865427,0.5846770373086742
362.4,0.002632523815,0.6544940984952948,0.584282243412994
362.5,0.00263262228,0.6542460509057381,0.583878524252585
362.6,0.00263269439,0.6539531350899026,0.5834881461795387
362.7,0.002632741255,0.6536447312222851,0.583145876571434
362.8,0.00263276456,0.6534145530117418,0.5828685738427684
362.9,0.002632765895,0.653303284083137,0.5826402818444544
363.0,0.002632746225,0.6533022033752641,0.582474827354079
363.1,0.0026327085,0.6533917450490767,0.5823747242740835
363.2,0.002632656965,0.6535305720284389,0.5822972777319871
363.3,0.00263259439,0.6537091338716836,0.5822142492080641
363.4,0.002632521185,0.6539784374771347,0.5821320400115049
363.5,0.0026324369,0.6543587900997048,0.5820529007792868
363.6,0.002632341215,0.6547958547528575,0.581980323077485
363.7,0.00263223522,0.6552387690515311,0.5819395439482045
363.8,0.002632118135,0.6556725664483242,0.5819293507366806
363.9,0.002631989965,0.656073264024919,0.5819169477288841
364.0,0.00263185023,0.6563968040859416,0.5819101279595518
364.1,0.002631697855,0.656586386636215,0.5819172486934604
364.2,0.00263153376,0.6565959684938085,0.5818971563234852
364.3,0.002631360025,0.6564244626676637,0.5818158003834907
364.4,0.002631180755,0.6561332307454907,0.5816798712091922
364.5,0.002630999555,0.6557840615716001,0.5815270327265951
364.6,0.002630819085,0.655306859930705,0.5813879066676124
364.7,0.002630640555,0.6545162278739468,0.5812797560838755
364.8,0.00263046469,0.6537142044022266,0.5811911550029033
364.9,0.00263028965,0.6534743123871983,0.5810977642497716
365.0,0.00263011319,0.6535967151201675,0.5810146772922249
365.1,0.002629933225,0.6537750759014824,0.5809747068088933
365.2,0.002629751495,0.6540339745520648,0.5809827059321079
365.3,0.00262956911,0.6543299691287008,0.5810264890522839
365.4,0.002629385595,0.6545724121169636,0.5811083646117032
365.5,0.00262920127,0.6547839104175885,0.5812237106992539
365.6,0.002629018805,0.6550752491539118,0.5813416668219812
365.7,0.002628840075,0.6555541912371369,0.5814601815198822
365.8,0.002628666045,0.6562088614470332,0.5815820903944863
365.9,0.00262849666,0.6569494667823758,0.5817066331803711
366.0,0.00262833129,0.6577037380457614,0.5818357620632116
366.1,0.002628170965,0.6584104267468158,0.5819613491144945
366.2,0.002628018785,0.6590276994377637,0.5820738451491898
366.3,0.00262787973,0.6595906351421752,0.5821651505131181
366.4,0.00262775778,0.6601750781898932,0.5822297755872766
366.5,0.002627653375,0.6607911319428915,0.5822822382996359
366.6,0.00262756458,0.661403466050188,0.5823529637184091
366.7,0.00262748948,0.6620031646718317,0.5824528965240828
366.8,0.00262742695,0.6626103277176204,0.582566628461328
366.9,0.002627374405,0.6632322248329544,0.582673492248714
367.0,0.002627328325,0.6638221845173721,0.5827719158332769
367.1,0.002627284015,0.6643399755353514,0.5828506121009307
367.2,0.00262723801,0.6648428942537087,0.5829087070605994
367.3,0.00262718761,0.6654312894249849,0.5829689037457534
367.4,0.002627129815,0.6661065119340209,0.5830542162075358
367.5,0.00262706247,0.6667560927638183,0.5831731223478814
367.6,0.002626985535,0.6672101471500417,0.5833146284774586
367.7,0.002626900625,0.6672910117449451,0.583452141642773
367.8,0.00262680945,0.6669072473527532,0.5835581081912972
367.9,0.002626712835,0.6662668399735041,0.5836271013358811
368.0,0.00262661112,0.6657036466584951,0.5836737376505051
368.1,0.00262650647,0.6650483669796241,0.5837082976829687
368.2,0.002626400115,0.6642945543887658,0.5837251504425998
368.3,0.002626292175,0.6640801783892701,0.5837295122298399
368.4,0.00262618169,0.6644279149969107,0.583746408971768
368.5,0.0026260691,0.6647085346191,0.5837688839256118
368.6,0.002625956085,0.6647181227598787,0.5837852767560782
368.7,0.00262584213,0.664585830293236,0.5838224487086741
368.8,0.002625728305,0.6642700625324385,0.583894427622916
368.9,0.00262561619,0.6637319768259169,0.583968552873259
369.0,0.00262550588,0.6632232587275211,0.5840079572415944
369.1,0.0026253976,0.6629166958331986,0.5840162083205398
369.2,0.002625292935,0.6627131457619871,0.584035450575543
369.3,0.002625194045,0.6625258754239066,0.5840923473317736
369.4,0.002625103625,0.6623677339329103,0.5841777370767353
369.5,0.002625024,0.6623038842038186,0.5842619971049787
369.6,0.002624955285,0.6623960773818309,0.584322396737018
369.7,0.002624895835,0.6626242261235199,0.584349180071027
369.8,0.002624841815,0.6628908279592888,0.5843715079983345
369.9,0.002624792785,0.6630798010405875,0.5844216980825683
370.0,0.002624749855,0.6631490354594873,0.5844918894305904
370.1,0.002624713725,0.6631673006791753,0.5845671670171186
370.2,0.00262468338,0.6632402924428888,0.5846654856724869
370.3,0.00262465904,0.6634055904819501,0.5847915062635559
370.4,0.00262464344,0.6635656923267623,0.5848825559018422
370.5,0.00262463488,0.6636100893141429,0.5849195915093169
370.6,0.002624632525,0.6635473328592948,0.5849287096678346
370.7,0.002624636995,0.6634996560491839,0.5849651948682764
370.8,0.002624651835,0.6636611716106903,0.5850154540675485
370.9,0.002624678835,0.6640098255633856,0.5850529382944542
371.0,0.002624715255,0.6642611027101905,0.5851052546085957
371.1,0.002624759535,0.6642669083734142,0.5851851673009252
371.2,0.002624811135,0.6642681838600316,0.5852862304516355
371.3,0.002624871265,0.6644802350809637,0.5854099991490905
371.4,0.002624941305,0.6648472799170531,0.5855730553476342
371.5,0.002625024005,0.6652444086443934,0.5857833441350876
371.6,0.002625120785,0.6656651181661914,0.5860261597162391
371.7,0.00262523431,0.6661620552921363,0.5862507257856658
371.8,0.002625363405,0.6667472586052764,0.5864520258482188
371.9,0.00262550436,0.6674556626159197,0.586660809812791
372.0,0.002625656305,0.6683184005072633,0.5868749621308899
372.1,0.00262581791,0.6692148414045945,0.5871068845536743
372.2,0.002625990485,0.6699332042639496,0.5873569634970409
372.3,0.00262617676,0.6704122594445102,0.5876126985638211
372.4,0.00262637621,0.670945727009831,0.5878805878242594
372.5,0.00262659184,0.6718094325117119,0.5881197761225332
372.6,0.002626825475,0.6727863610128281,0.5883165623447614
372.7,0.002627076965,0.6735704334241257,0.5884742483048231
372.8,0.00262734556,0.6741629692145192,0.5886082120987574
372.9,0.00262763231,0.6746437836869659,0.5887051478250396
373.0,0.002627937945,0.6750055192314708,0.5887539229359421
373.1,0.0026282612,0.6752311986813341,0.5887933888794936
373.2,0.002628600285,0.6753919791101595,0.5888408413798889
373.3,0.00262895615,0.6756000279420509,0.588862760271833
373.4,0.002629327905,0.6757702834143194,0.5888275002925262
373.5,0.002629711225,0.6757352609394173,0.5887630750236605
373.6,0.00263010231,0.6755446290971974,0.5887000502767998
373.7,0.002630499245,0.6753433849549937,0.5886333800258239
373.8,0.0026308988,0.6751342805479709,0.5885497759621265
373.9,0.002631297975,0.6748265866802929,0.5884575098991647
374.0,0.002631693855,0.6743648919407361,0.5883748633929082
374.1,0.002632083125,0.6737524887184012,0.588292173532673
374.2,0.00263246099,0.6730224077184481,0.5881947904435971
374.3,0.00263282324,0.672213943981788,0.5881015423187718
374.4,0.00263316853,0.6713878559103413,0.5880394298904176
374.5,0.00263350155,0.6705815598726121,0.5879646386224322
374.6,0.002633826485,0.6697962999392915,0.587859846401242
374.7,0.00263414408,0.6690210177042386,0.5877531654545484
374.8,0.00263445449,0.6682628759987037,0.5876585620466523
374.9,0.002634759185,0.6675252049108995,0.5875828672566197
375.0,0.002635056955,0.666815198688003,0.5875309964203163
375.1,0.002635347925,0.6661619924602833,0.5874532614800143
375.2,0.002635631325,0.6656186100285477,0.5873119130583885
375.3,0.002635907095,0.6652264450176002,0.5871211813135222
375.4,0.002636176865,0.6650072183990474,0.5869072878626582
375.5,0.00263644437,0.6649602955711734,0.5866736564134701
375.6,0.0026367126,0.6650737384818944,0.5864200752226133
375.7,0.002636983005,0.6653120785501517,0.5861496839977856
375.8,0.00263725544,0.6656173282587451,0.5858701852958551
375.9,0.002637528325,0.6659567270794831,0.5855827352229184
376.0,0.002637800005,0.6663419114715544,0.5852703723202387
376.1,0.002638069085,0.6667784232044001,0.5849474247635906
376.2,0.0026383337,0.6672678707734587,0.5846515187798675
376.3,0.002638593685,0.667787603295698,0.5844270551263612
376.4,0.00263884941,0.6682966481197298,0.5842779117850432
376.5,0.0026390997,0.6687756216188814,0.5841659793520699
376.6,0.002639339545,0.6692594583034608,0.5840804476071204
376.7,0.002639566525,0.6698114235663258,0.5839807962881485
376.8,0.002639778365,0.6704449759904046,0.5838825297832184
376.9,0.00263997421,0.6711193314198683,0.5838244122040825
377.0,0.00264015647,0.671787202602095,0.5837983181355018
377.1,0.002640326125,0.6724513855545463,0.5837909523573662
377.2,0.002640483095,0.673153028857799,0.5838186197355478
377.3,0.002640629795,0.6738758276459812,0.583882207455812
377.4,0.002640770445,0.6744943758235464,0.5839574812724292
377.5,0.00264090844,0.6748692746412699,0.5840231857978234
377.6,0.00264104587,0.6749955352500178,0.5840658737588004
377.7,0.00264118273,0.6749818504724187,0.5840934311812391
377.8,0.002641320295,0.6749076209211996,0.584124600806911
377.9,0.00264146157,0.6747975772137297,0.5841671335732109
378.0,0.002641608625,0.6746957393462709,0.5842343133905152
378.1,0.002641763265,0.6746103822738729,0.584307311437414
378.2,0.002641926325,0.6744631860916815,0.5843518830973461
378.3,0.0026420967,0.6741973382381495,0.5843618318929615
378.4,0.00264227338,0.6738121161469663,0.5843543373095271
378.5,0.00264245454,0.6733568176900522,0.584336396302201
378.6,0.002642637635,0.6729160145416417,0.5842903361556696
378.7,0.002642819325,0.672549415811709,0.5842095984811094
378.8,0.00264299762,0.6722663960127323,0.5841188240463395
378.9,0.002643170835,0.6720661760297338,0.5840392493893797
379.0,0.002643337735,0.6719302330324276,0.5839604180332417
379.1,0.00264349574,0.6718322844566741,0.5838748366511282
379.2,0.002643642015,0.6717745671164422,0.583793117543023
379.3,0.002643775625,0.6717327588014083,0.5837314958314415
379.4,0.002643899405,0.6716415018180069,0.5836783312872832
379.5,0.002644016825,0.6714577249309571,0.5836149144696594
379.6,0.002644129275,0.671171217964135,0.5835476969532432
379.7,0.002644236435,0.6707602536627484,0.5834676548272965
379.8,0.00264433812,0.6701801648624484,0.5833416687937466
379.9,0.00264443519,0.6693780282933925,0.5831581941279101
380.0,0.002644527955,0.6682943987393899,0.5829253612715747
380.1,0.002644617055,0.666907429565127,0.5826415824638129
380.2,0.002644702405,0.6653394292557938,0.5823265416675554
380.3,0.00264478311,0.663837993011605,0.5820242174100411
380.4,0.0026448591,0.6626452936438548,0.5817487732475893
380.5,0.00264493162,0.6618983297249814,0.58149335422503
380.6,0.00264500042,0.6616069218736197,0.5812678626424075
380.7,0.00264506561,0.6616338327562904,0.5810782524461185
380.8,0.002645126755,0.6617390132783326,0.5809150542475869
380.9,0.00264518489,0.661693673813156,0.5807559011637561
381.0,0.002645242015,0.6614228308273047,0.580610958131816
381.1,0.00264529827,0.6610341844001291,0.5805078542025178
381.2,0.00264535404,0.6606967899155042,0.5804394648720419
381.3,0.002645412995,0.6604828286062389,0.5803937798316733
381.4,0.00264547805,0.6603570329532037,0.5803701142142138
381.5,0.002645550515,0.6602709533144954,0.5803784331515606
381.6,0.0026456324,0.6602213538496805,0.5804098798657045
381.7,0.002645725995,0.6602197327878713,0.5804578714633992
381.8,0.00264583279,0.6602625149966279,0.5805295638643911
381.9,0.00264595399,0.6603275899468544,0.5806150264943023
382.0,0.002646090525,0.660386677021483,0.5806980788943297
382.1,0.002646241995,0.660435949760662,0.5807646341630146
382.2,0.002646407945,0.6605180081607737,0.5808078172389937
382.3,0.00264658692,0.6606760428376198,0.5808142154065921
382.4,0.00264677604,0.6608947730845334,0.5807794342060056
382.5,0.002646969925,0.6611417650989586,0.5807334155284973
382.6,0.002647165015,0.6614008019796177,0.5807043388318512
382.7,0.00264735816,0.6616693578860172,0.5807020115400136
382.8,0.00264754797,0.6619115306973118,0.5807125314771733
382.9,0.00264773155,0.6620813714793502,0.5807294012014046
383.0,0.002647905145,0.6621629020918961,0.5807660145788266
383.1,0.00264806558,0.6621702534187056,0.5808216188838394
383.2,0.002648208895,0.6620996932477059,0.580903376319375
383.3,0.002648330975,0.6619769952050273,0.581001946930474
383.4,0.002648432,0.6619443666237271,0.5810929827457527
383.5,0.002648511485,0.6620818741341747,0.5811883451624339
383.6,0.002648567755,0.6622543475708568,0.5812946453480979
383.7,0.002648596605,0.6624162338402964,0.5814224026115858
383.8,0.00264859671,0.6627275405395259,0.5815662184400818
383.9,0.002648570045,0.6632184772235024,0.581694492181402
384.0,0.00264851776,0.6637348168256757,0.5818232604094059
384.1,0.002648442395,0.6641636065237788,0.5819585549819883
384.2,0.00264834489,0.6645103880872528,0.5820730679191674
384.3,0.002648226295,0.6648289644318827,0.5821699986189012
384.4,0.00264808829,0.6651569215721763,0.58228757775051
384.5,0.0026479344,0.6654913818092627,0.5824229659425535
384.6,0.00264776973,0.6658147270915408,0.5825370503664945
384.7,0.002647598625,0.666115534588122,0.5826145214130135
384.8,0.00264742529,0.6663863650076026,0.58268169180554
384.9,0.002647253425,0.6666131188821535,0.5827652437187992
385.0,0.002647087435,0.6667689418777715,0.5828375122878838
385.1,0.00264692911,0.6668419022255585,0.5828674705154284
385.2,0.002646778715,0.6668513144371487,0.5828454278447338
385.3,0.00264663731,0.6668189811655578,0.5827675421079845
385.4,0.002646502875,0.6667361813495799,0.5826694276561388
385.5,0.00264637192,0.666585026760645,0.5825624011342534
385.6,0.00264624206,0.6663776879286935,0.5824298441455092
385.7,0.002646110235,0.6661585429915496,0.582270337946664
385.8,0.00264597366,0.6659485400890278,0.5821009275628193
385.9,0.002645828785,0.6657464225840665,0.5819322937806785
386.0,0.00264567219,0.6655263980009796,0.5817649411400218
386.1,0.002645502705,0.6652425739542838,0.5815933925882169
386.2,0.00264532166,0.6648696857558586,0.5814204077002508
386.3,0.002645131585,0.6644252697758964,0.5812469986972765
386.4,0.002644934915,0.6639679795492399,0.58106418690749
386.5,0.002644731135,0.6635572665752654,0.5808751616757531
386.6,0.00264451683,0.6632066522687542,0.5807058807255256
386.7,0.002644289875,0.6628892068974797,0.5805769064090437
386.8,0.00264405035,0.6625693864821588,0.5804744232584539
386.9,0.002643800655,0.6622506781906374,0.5803672597631288
387.0,0.002643542,0.6619897500712009,0.5802504138792453
387.1,0.00264327499,0.6618239807932417,0.5801563571084709
387.2,0.002642999205,0.6617065669094063,0.5801137112448355
387.3,0.002642716655,0.6616014555024025,0.5800903183176183
387.4,0.00264242931,0.6615020178117311,0.5800549458692945
387.5,0.002642137305,0.6613567882665409,0.5800274651017164
387.6,0.002641840225,0.6611700017337291,0.5800316138889748
387.7,0.002641538515,0.6609818140505938,0.5800612900014992
387.8,0.0026412336,0.6607588300872272,0.5800943075119699
387.9,0.002640926155,0.6603848046322615,0.5801277164648851
388.0,0.00264061768,0.6597872925591046,0.580176006513882
388.1,0.002640309705,0.6590434011178464,0.5802595961262532
388.2,0.00264000473,0.6583641196711019,0.5803668532410394
388.3,0.00263970403,0.6579687816515741,0.5804960851681189
388.4,0.00263940804,0.6579049444888533,0.5806639322954593
388.5,0.002639118275,0.6580179161606764,0.5808618922167029
388.6,0.002638836665,0.6581686309266396,0.581067255615194
388.7,0.00263856448,0.658365470555943,0.581266044916898
388.8,0.002638301365,0.6585392948774661,0.5814615996348061
388.9,0.00263804665,0.6587325530911443,0.5816597222905492
389.0,0.00263779934,0.6591483303124763,0.5818549999199851
389.1,0.00263755785,0.6596884392046667,0.5820474168151507
389.2,0.002637321355,0.6601717732344216,0.5822660446461437
389.3,0.002637090015,0.6606333485934576,0.5825055866877502
389.4,0.002636862945,0.6612291265074697,0.5827494999413749
389.5,0.00263663696,0.6620531159950238,0.5829955394249077
389.6,0.00263641196,0.6630532043171823,0.5832429498994743
389.7,0.002636190795,0.664057307594752,0.5834836870029263
389.8,0.00263597372,0.664921609999237,0.5837190080006434
389.9,0.002635759275,0.6656510249815475,0.5839386983182719
390.0,0.00263554764,0.6663483328869383,0.5841377816730484
390.1,0.00263534091,0.6670729098165622,0.5843155273305217
390.2,0.00263513953,0.6678078854178696,0.5844969970319266
390.3,0.00263494336,0.6684885114662698,0.5846875346263668
390.4,0.002634753535,0.6690773024782204,0.584864520018418
390.5,0.00263456847,0.6696232735823023,0.5850207200051545
390.6,0.002634386275,0.6702296260971865,0.5851576896749399
390.7,0.002634207575,0.6709455510806424,0.585284082230579
390.8,0.00263403328,0.6716719752667466,0.5854066332467215
390.9,0.0026338648,0.6722372922983896,0.5855329447492702
391.0,0.00263370467,0.6725782053667865,0.5856873244972232
391.1,0.002633558695,0.6727836466767754,0.5858782767818937
391.2,0.002633429525,0.672983458252729,0.5861057620192143
391.3,0.00263331865,0.6732125808881406,0.5863347206634894
391.4,0.002633226655,0.673412185118979,0.5865227952492891
391.5,0.00263315166,0.6735193699771342,0.5866511971675896
391.6,0.002633090995,0.6735028263502204,0.5867491488849359
391.7,0.0026330417,0.6733631197249154,0.586851045186018
391.8,0.002633003215,0.6731537514241095,0.5869468348593001
391.9,0.00263297504,0.67297693630638,0.5870028771023289
392.0,0.00263295545,0.6729341415312529,0.5870211705963507
392.1,0.00263294292,0.6730760786873421,0.5870200748088332
392.2,0.00263293578,0.6733963577751902,0.5869982746690914
392.3,0.00263293213,0.6738501042853335,0.5869584411591995
392.4,0.002632930375,0.6743439375177366,0.5869102145703743
392.5,0.00263292732,0.6747631202255051,0.5868662134236681
392.6,0.00263292073,0.6750375823260933,0.5868037950041896
392.7,0.002632911335,0.6751639057666942,0.5866975224645409
392.8,0.00263289956,0.6751962453214703,0.5865793564834244
392.9,0.002632884875,0.675198859126558,0.5864698537582094
393.0,0.002632867605,0.6752069644356042,0.5863705662356669
393.1,0.00263284852,0.6752163703640092,0.5862619079705571
393.2,0.00263282648,0.6752058271790636,0.5861303154507577
393.3,0.002632800865,0.675148725590992,0.5859936593119192
393.4,0.002632771115,0.6750215036548922,0.5858663613492772
393.5,0.002632738075,0.6748101310179734,0.5857598324556681
393.6,0.002632702965,0.6745591868799901,0.5856869047804447
393.7,0.00263266946,0.6743660606132033,0.585625332706027
393.8,0.002632637745,0.6742882622127296,0.585579442205499
393.9,0.00263260578,0.6742873951331573,0.5855631153484782
394.0,0.00263257338,0.674264235312115,0.5855488217302229
394.1,0.002632541215,0.6741397151456974,0.5855018147076658
394.2,0.002632507495,0.673906426758427,0.5854443336152015
394.3,0.002632466935,0.6735954090857217,0.5854086281580565
394.4,0.002632415585,0.6731830247844556,0.5853752305148747
394.5,0.002632350335,0.67262910545096,0.585327668687055
394.6,0.002632272445,0.6719702820555756,0.585271204842292
394.7,0.002632185605,0.6713033407847745,0.5852146096789561
394.8,0.00263209272,0.6706703789801145,0.5851381005881077
394.9,0.002631993215,0.6700707934558062,0.5850299707388823
395.0,0.00263188535,0.6695214859803261,0.5849024823957254
395.1,0.002631770315,0.6690453776136746,0.5847652965843655
395.2,0.00263165004,0.6686449062317508,0.5846035403768619
395.3,0.002631526865,0.6683125194458157,0.5844038004292208
395.4,0.00263140175,0.6680313280537635,0.5841831098284914
395.5,0.002631274925,0.6677251861328565,0.5839514651224975
395.6,0.002631146295,0.6672530110402072,0.5837070090016623
395.7,0.002631012635,0.6664975522547985,0.5834347189982347
395.8,0.002630872545,0.6654911241986651,0.583120657122248
395.9,0.002630722255,0.6643895812833517,0.5827787626203061
396.0,0.00263055664,0.663278626156448,0.5824636338594542
396.1,0.002630375895,0.6621542250129869,0.5821787466978043
396.2,0.0026301795,0.6610430813905241,0.5819501801242923
396.3,0.00262996643,0.6599383654666304,0.5817975885708778
396.4,0.002629737745,0.6588198956500995,0.5816985033669021
396.5,0.00262949217,0.6579595767850991,0.5816390311330141
396.6,0.00262922735,0.6576093583192623,0.5816109999584032
396.7,0.002628941895,0.6575871032769043,0.5815894794204075
396.8,0.002628637395,0.6576403784051239,0.5815551122817328
396.9,0.00262831583,0.6576618229165773,0.5815164750903234
397.0,0.00262797959,0.6575411669091235,0.5814662774662673
397.1,0.00262763262,0.6572487474649272,0.5813851734820037
397.2,0.002627277995,0.6569601167814714,0.5812693706068812
397.3,0.002626915345,0.6568840651065133,0.5811401770072321
397.4,0.00262654422,0.6570775118157508,0.5810341099277431
397.5,0.00262616696,0.6575092923100601,0.5809513798551219
397.6,0.00262578757,0.658077084916714,0.5808796007461727
397.7,0.00262540681,0.6586036912436795,0.5808309494140206
397.8,0.00262502375,0.6590331343930544,0.5808069262833172
397.9,0.002624638555,0.6594512301097648,0.5807710235341534
398.0,0.002624253655,0.6598295909625926,0.5806898328419325
398.1,0.00262386976,0.6600574443945721,0.5805937346642519
398.2,0.00262348704,0.6601698065974204,0.5805257242098499
398.3,0.00262310839,0.6603314478226329,0.5804751766123722
398.4,0.00262273573,0.6606623643432061,0.5804157094050324
398.5,0.00262236909,0.6611653396102312,0.5803473037382747
398.6,0.00262200924,0.661759904869479,0.5802950936099646
398.7,0.00262165681,0.6623546020756182,0.5802887161768778
398.8,0.00262131276,0.662860354510549,0.5803338841110955
398.9,0.00262097759,0.6632358250981355,0.5804159186351031
399.0,0.00262065092,0.6635444991427213,0.5805310737138205
399.1,0.002620336575,0.66388994867091,0.5806761053386734
399.2,0.0026200387,0.6643140636791447,0.5808366400949534
399.3,0.00261975998,0.6647796100112948,0.5810114804075407
399.4,0.00261950144,0.6652551654576393,0.5811834807203691
399.5,0.00261926488,0.665744204619653,0.5813304884070012
399.6,0.00261904898,0.666259023690982,0.58145768081213
399.7,0.002618852225,0.6667895884246909,0.5815635707057933
399.8,0.002618673935,0.6673166848401102,0.5816581615473189
399.9,0.002618514975,0.6678293990443614,0.5817555157337424
400.0,0.002618375915,0.6683295908602953,0.5818596545036606
400.1,0.00261825673,0.6688176184294746,0.5819583809377553
400.2,0.002618156565,0.6692870603365152,0.582050521337011
400.3,0.00261807388,0.6697324439270146,0.5821310145956627
400.4,0.0026180078,0.6701348253972716,0.582179660272948
400.5,0.00261795549,0.6704618023606573,0.5821844153875885
400.6,0.00261791391,0.6706837495984481,0.5821484303286972
400.7,0.002617879845,0.6708016095884402,0.582067815804569
400.8,0.002617849925,0.6708450640980247,0.5819495386110726
400.9,0.002617818405,0.6708679537420987,0.5818067312338183
401.0,0.002617781545,0.6709208518791999,0.5816508755656367
401.1,0.002617735695,0.671012818862541,0.5815167276743728
401.2,0.002617678465,0.6711100071728725,0.581419420611839
401.3,0.0026176057,0.6711705268137512,0.5813581375639454
401.4,0.002617514025,0.6711680386723696,0.5813475290338729
401.5,0.00261740227,0.6710953673511068,0.5814138505680643
401.6,0.00261727089,0.6709628109906812,0.5815447293180128
401.7,0.002617122015,0.6707789964045197,0.5817035914903639
401.8,0.002616956635,0.670537803770133,0.5818939211113705
401.9,0.00261677767,0.6702170471602015,0.582126449861537
402.0,0.002616590345,0.6698102171947469,0.5823980908119224
402.1,0.00261640017,0.6693467443137481,0.5826783868500683
402.2,0.00261621078,0.6688548086033078,0.5829423949869424
402.3,0.002616024985,0.6683351012138097,0.5831882290103155
402.4,0.0026158449,0.6677853476321728,0.5834261675830317
402.5,0.00261567312,0.6672259493610893,0.5836356257333873
402.6,0.002615512785,0.6666840434779009,0.5837741448366695
402.7,0.002615366095,0.6661603776816594,0.5838304685664001
402.8,0.002615235105,0.6656269163995239,0.5838304528584368
402.9,0.00261512182,0.6650597081291035,0.5837975509585758
403.0,0.00261502805,0.6644686928695543,0.5837621313863621
403.1,0.002614955395,0.6638983178737391,0.5837188936466708
403.2,0.00261490701,0.6633994580930903,0.583610440213402
403.3,0.002614878955,0.6630085308696483,0.5834582137130538
403.4,0.002614865555,0.6627333147868232,0.5832904520370337
403.5,0.00261486418,0.6625738412605416,0.5830897601868185
403.6,0.00261487307,0.6625294379899758,0.5828549958793195
403.7,0.00261488768,0.6626076447974942,0.5826205325363969
403.8,0.00261490321,0.662808072125608,0.5824131007133027
403.9,0.00261491715,0.66310725856038,0.5822144100576079
404.0,0.002614928335,0.6634536191504382,0.5820049456240668
404.1,0.00261493229,0.6638021160235009,0.5817883434920169
404.2,0.002614925365,0.6641393848444197,0.5815963727030081
404.3,0.00261490652,0.6644635218080465,0.5814422976895425
404.4,0.002614875785,0.664786753992989,0.5812957920294164
404.5,0.002614831705,0.665118298832093,0.5811408480514229
404.6,0.00261477249,0.6654422661497165,0.5810006714438567
404.7,0.002614696835,0.6657427217879205,0.5808724002158107
404.8,0.002614604975,0.6660367057452581,0.5807371169529617
404.9,0.002614498745,0.6663431743918011,0.580587200779851
405.0,0.002614382975,0.6666472177288155,0.5804051907245097
405.1,0.00261425927,0.6669214473515473,0.580195118078631
405.2,0.00261412756,0.6671555085706105,0.5799711551949935
405.3,0.00261398612,0.6673262164322212,0.5797526850719517
405.4,0.002613836445,0.6673868868695474,0.5795675227425419
405.5,0.00261368323,0.667257710862817,0.5794008040752826
405.6,0.00261353156,0.66689583080505,0.5792437037080915
405.7,0.002613385325,0.6666269041907175,0.5791138949846009
405.8,0.002613251465,0.6666379311809315,0.5789966564016357
405.9,0.002613134165,0.6665809364070101,0.5788980518613359
406.0,0.00261303401,0.6663263354551779,0.5788303373449619
406.1,0.00261295091,0.665698651526176,0.5787853032425913
406.2,0.0026128856,0.665240104662458,0.578756868059165
406.3,0.002612836345,0.6655603837503061,0.5787514638914824
406.4,0.002612802425,0.6659161628351399,0.5787641452443879
406.5,0.002612783,0.6661061852083849,0.5788033485507934
406.6,0.002612776745,0.6663256380216087,0.578875562456166
406.7,0.002612781395,0.6664865629636962,0.5789599538029823
406.8,0.00261279403,0.6666332502078777,0.5790400304864481
406.9,0.00261281109,0.6668380506329652,0.5791248679394213
407.0,0.002612830715,0.6670478084912601,0.5792118379054876
407.1,0.002612850495,0.6672261944053163,0.5793077274814161
407.2,0.00261286915,0.667386798904953,0.579428917559621
407.3,0.002612886775,0.6675502748202753,0.5795716030430803
407.4,0.002612902295,0.6677310483447481,0.5797066368634725
407.5,0.002612911035,0.6679271402749999,0.5798293908265003
407.6,0.002612910145,0.6681559361847755,0.5799507486657529
407.7,0.00261289977,0.6684243664274688,0.5800533794711974
407.8,0.002612879445,0.6687018821561163,0.5801128554749967
407.9,0.0026128482,0.6689675917795717,0.5801127203865125
408.0,0.00261280572,0.6692432476853682,0.5800743389207451
408.1,0.002612754455,0.6695677616401134,0.5800157193151033
408.2,0.002612696005,0.6699573505450851,0.5799533122053583
408.3,0.00261263175,0.670400044932273,0.5798918293521719
408.4,0.002612564775,0.6708677903792808,0.579855175762364
408.5,0.00261249757,0.671314336359062,0.5798825113883613
408.6,0.002612431395,0.6716779505759738,0.5799507989312354
408.7,0.002612366175,0.671925533209818,0.5800037127762998
408.8,0.00261230182,0.6720436570935929,0.5800308165527593
408.9,0.002612238725,0.6720164509012129,0.5800349458621432
409.0,0.002612177705,0.671831587023105,0.58000511958149
409.1,0.00261211858,0.6715296045708713,0.5799329904991193
409.2,0.00261206046,0.6711763764592722,0.5798231748712759
409.3,0.00261200003,0.6708079304728592,0.579700778421492
409.4,0.002611936245,0.6704014649321525,0.5795713334944307
409.5,0.00261186895,0.669921083999492,0.5794330927362576
409.6,0.00261179932,0.6693471778535344,0.5793012130748897
409.7,0.00261172765,0.6686072448190196,0.5791944743228913
409.8,0.002611654145,0.6675708711017122,0.5791015303042348
409.9,0.002611580805,0.666245954665543,0.5790042163301972
410.0,0.002611506515,0.6648554606243231,0.5789074169490362
410.1,0.002611429585,0.6636256904632606,0.578819067823795
410.2,0.002611349215,0.6625793264813148,0.5787446114495863
410.3,0.002611266035,0.6616325698360437,0.5786914092063163
410.4,0.002611180315,0.6607560906184333,0.5786500187231053
410.5,0.002611091945,0.6598797182149733,0.5786100551512775
410.6,0.002611001275,0.6588243692780381,0.5785668293496383
410.7,0.00261090833,0.6575213057603675,0.578542023962364
410.8,0.002610814435,0.6562464725942819,0.5785463034398768
410.9,0.00261072345,0.6553525638206295,0.5785599938723426
411.0,0.00261063699,0.6547335883864633,0.5785674237389683
411.1,0.00261055316,0.6540553939307769,0.5785787479238474
411.2,0.002610471335,0.653298050189776,0.5786005310989889
411.3,0.002610392315,0.6525757666227893,0.5786230959023826
411.4,0.002610317725,0.6518581451793004,0.5786550082005577
411.5,0.002610248075,0.6511254503742595,0.5786997011259662
411.6,0.00261018305,0.6504673746779267,0.578735502087528
411.7,0.00261012091,0.649992918789011,0.5787475626617251
411.8,0.002610059955,0.6497231816437739,0.5787407805915046
411.9,0.00260999821,0.6495427222785664,0.5787221836196323
412.0,0.00260993262,0.6492931415917945,0.5786856512953008
412.1,0.00260986166,0.6488979857846408,0.5786282525125642
412.2,0.002609786615,0.6483705312276589,0.5785512885190994
412.3,0.00260970611,0.6477714734909165,0.5784611555975495
412.4,0.002609619015,0.6471702166393165,0.5783475323594099
412.5,0.00260952392,0.6466191373055797,0.5781785536303958
412.6,0.0026094192,0.6461551177874593,0.5779667279758163
412.7,0.00260930188,0.6457753934834198,0.5777828216551493
412.8,0.002609170475,0.6454532231567942,0.5776700529302117
412.9,0.0026090244,0.6451897880464201,0.5776099969884085
413.0,0.00260886392,0.6450295102724192,0.5775659028505598
413.1,0.00260868691,0.6449982765582573,0.577539163498848
413.2,0.00260849011,0.6450941705324154,0.5775437992329677
413.3,0.002608273095,0.6453254483003873,0.5775464651884935
413.4,0.002608038295,0.6456866183582147,0.5775029773780269
413.5,0.00260778802,0.6460337392136951,0.5774220832521526
413.6,0.00260752526,0.6463387627276174,0.5773312598085373
413.7,0.00260725152,0.6468368622428441,0.5772409151436425
413.8,0.0026069662,0.6473888777711917,0.5771799544231552
413.9,0.00260666815,0.6477459888913105,0.5771673761144887
414.0,0.00260636085,0.6480395016097501,0.5771755096978689
414.1,0.00260604542,0.6484361276822659,0.5771879529180511
414.2,0.00260572307,0.6490599725850451,0.5771831249184611
414.3,0.002605394825,0.649952417376521,0.577143643895265
414.4,0.00260505994,0.6509335241958664,0.5770783703963828
414.5,0.00260471667,0.6518584907544923,0.577010630118949
414.6,0.002604365835,0.6527792601453329,0.5769711968479612
414.7,0.002604010335,0.653735548382715,0.5769778230951861
414.8,0.002603655035,0.654615232024832,0.5770228044188003
414.9,0.002603303375,0.6553197216110289,0.5771135914199407
415.0,0.002602958175,0.6559194453654138,0.5772373073386391
415.1,0.00260262254,0.6565458286750572,0.5773766677604337
415.2,0.00260229907,0.6572501297656949,0.577544612905465
415.3,0.002601992225,0.6580115512939602,0.5777539516752999
415.4,0.00260170491,0.6587943859177523,0.5780079607510761
415.5,0.00260143834,0.6595527475347729,0.5782951827443862
415.6,0.00260119254,0.6602663917219623,0.5786053088330965
415.7,0.002600967955,0.6609539355573858,0.5789243714962692
415.8,0.002600763295,0.6616164408993601,0.5792444463805948
415.9,0.00260057743,0.6622131675743536,0.5795674083885692
416.0,0.002600410075,0.6627104502754904,0.5798708114690009
416.1,0.0026002609,0.6631209182052377,0.5801463084102092
416.2,0.00260012953,0.6634619883532673,0.5804186480508006
416.3,0.00260001605,0.6636982675367439,0.5807120878842906
416.4,0.002599923525,0.6637920503606388,0.5810126880357567
416.5,0.002599853215,0.6637842529276726,0.5813259048233196
416.6,0.002599804565,0.6637605401863232,0.5816581797685563
416.7,0.00259977542,0.6637921320420478,0.5819712156003823
416.8,0.002599762505,0.6639365824722598,0.58226098731029
416.9,0.002599762685,0.6642128729797725,0.582549313887577
417.0,0.002599777495,0.6645416532173413,0.5828477551365716
417.1,0.00259980926,0.6648230896536205,0.5831551367299397
417.2,0.002599859085,0.6650678637036322,0.5834721988269106
417.3,0.00259992961,0.6653503368654872,0.5837938997995938
417.4,0.00260002174,0.6656760446254407,0.5841049664811446
417.5,0.00260013525,0.6659691489368352,0.5843654937333586
417.6,0.002600271035,0.6661856549361501,0.5845518134255021
417.7,0.00260042805,0.6663516378424098,0.5846850904672823
417.8,0.002600607275,0.6665045894223426,0.5847657916993677
417.9,0.00260080909,0.6666864939201708,0.5847802505653966
418.0,0.002601033045,0.6669395806243439,0.5847580143725946
418.1,0.00260127879,0.6672685619238425,0.5847300912687708
418.2,0.00260154686,0.6676259243713736,0.5846997742713452
418.3,0.002601836,0.6679513179720619,0.5846834731753843
418.4,0.002602144265,0.6682044172426057,0.5846858984849128
418.5,0.00260247,0.6683740443963436,0.584674007556719
418.6,0.002602811475,0.6684858913779967,0.5846289087375397
418.7,0.002603167045,0.668558367920515,0.5845720942910365
418.8,0.002603535635,0.6685695017248794,0.5845197019503526
418.9,0.002603914235,0.6684777797857652,0.5844541607877765
419.0,0.00260429771,0.6682913325449599,0.5843611696452301
419.1,0.002604679405,0.6680631963696415,0.5842439228941241
419.2,0.002605054035,0.6678537903697238,0.5841126671530571
419.3,0.002605418395,0.6677521598473801,0.5839805864297593
419.4,0.00260577251,0.6678194841779467,0.5838427383706679
419.5,0.00260611544,0.6679904810660815,0.5837185248236932
419.6,0.002606443945,0.6681096228258763,0.5836320914416522
419.7,0.00260675823,0.6680725645989346,0.5835591801027106
419.8,0.002607060315,0.6678775785092969,0.5834679011281605
419.9,0.002607350135,0.667577719773697,0.5833234375032592
420.0,0.002607626015,0.6672321320154314,0.583143770447719
420.1,0.00260788614,0.666874700452862,0.5829745963116417
420.2,0.002608131815,0.6665268884469977,0.5828157366525647
420.3,0.00260836426,0.6661833301575865,0.5826571459138189
420.4,0.002608582335,0.6658008035529001,0.582488042149417
420.5,0.00260878617,0.6653295897876028,0.5823072981559151
420.6,0.002608979205,0.6647667231982297,0.5821161561190483
420.7,0.00260916275,0.6641334723670457,0.5819141837556676
420.8,0.00260933741,0.6634123449061554,0.5816915214913888
420.9,0.002609505185,0.6625905231175322,0.5814390335747754
421.0,0.00260966947,0.6616844877962369,0.5811712718629988
421.1,0.00260983149,0.6607410423896226,0.5809082658941811
421.2,0.002609990705,0.6598540074206962,0.5806735644185352
421.3,0.00261014954,0.6591375672160451,0.5804758790724895
421.4,0.002610313885,0.6586522979652157,0.5802868048319074
421.5,0.002610485845,0.6584035340925338,0.5801066916702103
421.6,0.00261066215,0.6583711317059048,0.5799453935069155
421.7,0.002610841755,0.6585156009856727,0.5798045213507359
421.8,0.0026110267,0.6588145612257735,0.5796913492453015
421.9,0.002611220555,0.6592506080029066,0.5795661234771738
422.0,0.00261142265,0.6597548084910665,0.5794328037097335
422.1,0.002611627385,0.6602345925211227,0.5793047605613141
422.2,0.002611832375,0.6606194124884462,0.5791729393335695
422.3,0.00261203379,0.6609019421989689,0.5790601869449136
422.4,0.002612227665,0.6611811920867612,0.5790062904096671
422.5,0.002612411445,0.6616605488602165,0.5790049514628782
422.6,0.002612586975,0.6624870830378201,0.5790365502301066
422.7,0.002612755625,0.663637967807351,0.5791080334010278
422.8,0.00261291613,0.6649342769008163,0.579244039230187
422.9,0.002613070555,0.6661771349368736,0.579450485849825
423.0,0.00261322283,0.6672847411260086,0.5796978404040424
423.1,0.002613375205,0.6682546136100248,0.5799850510876189
423.2,0.002613528,0.6691498167198504,0.5803337892349973
423.3,0.002613686235,0.6700945250467114,0.5806978753191259
423.4,0.0026138563,0.6711243077026317,0.581032044016414
423.5,0.00261403906,0.6721630564639852,0.5813467951578289
423.6,0.0026142337,0.6731322817799148,0.5816558147776066
423.7,0.002614439385,0.6740213148017689,0.5819543477611067
423.8,0.00261465573,0.6748526179170206,0.5822313803128041
423.9,0.002614880705,0.6756275105945844,0.582478305725465
424.0,0.00261511161,0.6763478777900526,0.5827086297059073
424.1,0.00261534585,0.6770657694105097,0.5829395675535542
424.2,0.002615580285,0.6778277124431554,0.5831646790034657
424.3,0.00261581226,0.6785725400790245,0.5833765027730896
424.4,0.002616038805,0.6791606462237765,0.5835737049421851
424.5,0.00261625683,0.6794920025673211,0.5837532356526043
424.6,0.002616463225,0.6795759459230251,0.5839050675689152
424.7,0.002616656975,0.6794806425682858,0.5840220290634084
424.8,0.00261683924,0.6792826531160712,0.5841235772760244
424.9,0.002617010755,0.6790108676524239,0.5842284304441121
425.0,0.002617170405,0.6786587013991418,0.5843212582238404
425.1,0.002617317205,0.6782287618781274,0.5843836829265043
425.2,0.002617452725,0.677691028029983,0.5844030696947696
425.3,0.002617578625,0.676999299593145,0.5843760281218445
425.4,0.00261769592,0.6761701767431949,0.5843062929330758
425.5,0.00261780458,0.6752623255813458,0.5842115249057246
425.6,0.00261790624,0.6743648605248096,0.5841036639768304
425.7,0.00261800421,0.6736090875801354,0.583982566889768
425.8,0.002618099285,0.6730555955032407,0.5838732853326758
425.9,0.00261819228,0.6726615204039597,0.5837763338984305
426.0,0.002618283065,0.6723649666238314,0.5836759744644745
426.1,0.00261837374,0.6721433021293794,0.583565069332299
426.2,0.002618463775,0.6719852863020891,0.5834539348638597
426.3,0.002618554775,0.6718472510040757,0.5833448342625044
426.4,0.002618648175,0.6716729177445427,0.5832478457574657
426.5,0.002618744265,0.6714366762601781,0.5831828405505961
426.6,0.00261884281,0.6711960993779515,0.5831681454367997
426.7,0.002618941955,0.6710882799180803,0.5832233526445012
426.8,0.002619042885,0.6712210059245092,0.5833472225012396
426.9,0.00261914918,0.6716148611123044,0.5834914800376627
427.0,0.002619263415,0.6721982108857789,0.5836440225822319
427.1,0.00261938595,0.672874130828384,0.5838269832835102
427.2,0.00261951657,0.6735553286466472,0.5840471586630444
427.3,0.002619654715,0.6741713384173483,0.5842982787302164
427.4,0.00261979796,0.6747211736803943,0.5845758057685976
427.5,0.00261994538,0.6752511352283137,0.5848614029301871
427.6,0.00262009588,0.67576968022853,0.5851469052156786
427.7,0.00262024636,0.67626457531925,0.5854399177925678
427.8,0.002620395215,0.6766765449302858,0.5857386977052502
427.9,0.00262054275,0.676963296941335,0.5860281194417364
428.0,0.002620689475,0.6771628509066908,0.5862988399054742
428.1,0.00262083289,0.6772710222249393,0.5865439570174037
428.2,0.002620971445,0.6771982880718234,0.586738823098202
428.3,0.002621104775,0.6768769094265464,0.5868562193891185
428.4,0.00262123236,0.6763462127459462,0.5869145091275317
428.5,0.002621354315,0.6757268037719938,0.5869429392844097
428.6,0.0026214713,0.6751386285122034,0.5869364305327499
428.7,0.002621583595,0.6746739241268843,0.5868970173679551
428.8,0.00262169211,0.6744010642385495,0.5868389601073982
428.9,0.00262179825,0.6743504783136414,0.5867714611042802
429.0,0.00262190289,0.6744655422861717,0.5866845219258219
429.1,0.0026220042,0.6746011082923595,0.5865644031307118
429.2,0.00262209888,0.6746597995263138,0.5864286052749863
429.3,0.00262218397,0.6746552128010396,0.586281489517567
429.4,0.00262225872,0.6746503433324266,0.5860977050906949
429.5,0.0026223214,0.6746527120932874,0.5858734004017768
429.6,0.002622370485,0.6745710055515528,0.5856426340850888
429.7,0.00262240615,0.6743485305261961,0.5854171758033483
429.8,0.00262243134,0.6739958804676454,0.5851737149390658
429.9,0.002622447385,0.6735859466086491,0.5849189933500756
430.0,0.002622452355,0.673256833362259,0.5846853348831907
430.1,0.00262244303,0.673039340902851,0.584519646658322
430.2,0.002622419015,0.6728586679093431,0.5844274616484506
430.3,0.002622383855,0.6727014877456987,0.5843684015915187
430.4,0.0026223405,0.6725858771360466,0.5843191037195985
430.5,0.002622291865,0.672475249092343,0.584244240194982
430.6,0.00262223821,0.6722723713219595,0.5841173619491186
430.7,0.00262217786,0.6718792575500305,0.5839357973716155
430.8,0.002622107595,0.6713146128192156,0.5837178267618056
430.9,0.002622025885,0.6707171447283558,0.5834732273843454
431.0,0.00262193321,0.670194151232942,0.5831996951951827
431.1,0.002621830905,0.6697704194990113,0.582904545078652
431.2,0.002621721965,0.6694230661656744,0.5826045952368653
431.3,0.002621609625,0.6690818515043827,0.5823198186592767
431.4,0.00262149588,0.6686740413620201,0.582056788814355
431.5,0.002621380675,0.6681931012258675,0.58180077351751
431.6,0.002621264505,0.6676925010028885,0.5815388972654106
431.7,0.00262114845,0.6672031476816095,0.5812506888120074
431.8,0.002621031975,0.6667004740074792,0.5809403440684484
431.9,0.002620913695,0.6661583105136932,0.5806234648121699
432.0,0.00262079252,0.6655693687052954,0.5802899288316421
432.1,0.0026206673,0.6649424073426038,0.5799391191180678
432.2,0.002620537765,0.6643215406696602,0.5795903112273324
432.3,0.00262040335,0.6637994456697454,0.5792396359739237
432.4,0.00262026236,0.6634387405676309,0.5789109223381191
432.5,0.002620114285,0.663207915189001,0.5786338759634141
432.6,0.002619957245,0.6630523121048686,0.5784116535221069
432.7,0.0026197888,0.6629094010550569,0.5782339091212705
432.8,0.00261960698,0.6627326487691806,0.5780708422413119
432.9,0.002619413525,0.662562537810174,0.5779029530166299
433.0,0.00261920923,0.6624794175517453,0.5777351014910598
433.1,0.00261899666,0.6625367390513027,0.5775965201842432
433.2,0.002618778055,0.6627754812434196,0.5774993789978015
433.3,0.002618556615,0.6632003565170764,0.5774383227728975
433.4,0.00261833455,0.6637490859395083,0.5774313440389769
433.5,0.002618114615,0.6643121410244406,0.5775022240241087
433.6,0.002617898165,0.6648412040768611,0.5776304211105681
433.7,0.002617685315,0.6653857865969902,0.5777883332653007
433.8,0.00261747665,0.6660008853058219,0.5779794803287157
433.9,0.00261727428,0.6666665699395616,0.5781820012141738
434.0,0.002617079845,0.6673092581150771,0.5783845912146702
434.1,0.002616894945,0.6678728095716487,0.578626960689665
434.2,0.00261672385,0.6683339702404545,0.5789437777424089
434.3,0.00261657179,0.668675285432711,0.5792930650401833
434.4,0.00261644038,0.6688870413439336,0.5796254480562073
434.5,0.002616329505,0.6690195348725061,0.5799245477830219
434.6,0.002616240935,0.669116446722684,0.5801761862129818
434.7,0.002616172335,0.6691402851277395,0.5804118515292539
434.8,0.002616122525,0.6690838558404957,0.5806461948633371
434.9,0.002616091565,0.6690336092075942,0.5808644010925961
435.0,0.002616078495,0.6690692600010271,0.5810550153418971
435.1,0.0026160808,0.6691767904343742,0.5812286065572453
435.2,0.00261609529,0.6692429775084,0.5814241355140936
435.3,0.00261611807,0.6691287743322567,0.5816629267150558
435.4,0.00261614708,0.6688164246242663,0.5819227156929963
435.5,0.00261618106,0.6684301532411367,0.582184181653095
435.6,0.002616216505,0.668113769728179,0.5824474684802958
435.7,0.00261624867,0.6679425026630759,0.5827365879955687
435.8,0.00261627604,0.667920373284424,0.5830512015352254
435.9,0.002616301045,0.6680019730120084,0.5833753856227419
436.0,0.002616325745,0.6681170369845387,0.5836920223480676
436.1,0.002616350045,0.6682000818447437,0.5839705232801713
436.2,0.00261637198,0.668218680073253,0.5841845838637645
436.3,0.002616392115,0.668154535034452,0.5843239524537002
436.4,0.002616412455,0.6679931577030224,0.5844118711807479
436.5,0.00261643444,0.6677486349804229,0.584478596095436
436.6,0.00261645924,0.6674799659766879,0.5845273177992635
436.7,0.002616488375,0.6672487007750865,0.5845569354781645
436.8,0.00261652301,0.6670968676021386,0.5845789084055022
436.9,0.002616563095,0.667025697962164,0.5846012602089139
437.0,0.002616606715,0.6669967261947126,0.5846189662251096
437.1,0.00261665131,0.6669908451332652,0.5846276854013603
437.2,0.00261669528,0.6670150165471419,0.5846381374801188
437.3,0.002616738355,0.6670402121202237,0.5846512976117447
437.4,0.00261677893,0.6669987053980845,0.5846738240877081
437.5,0.00261681695,0.6668493540833328,0.5847035102533289
437.6,0.002616852695,0.6665942818926025,0.5846982154130705
437.7,0.002616885785,0.6662761705036854,0.5846495508862293
437.8,0.002616914465,0.6659949414125212,0.5846045324918219
437.9,0.00261694109,0.6658089151451316,0.5845915137318655
438.0,0.002616968905,0.6657198572765877,0.5846326233566933
438.1,0.002617003695,0.6657487222298889,0.5847183335441055
438.2,0.00261705264,0.6658787339002651,0.5848373175959491
438.3,0.00261712135,0.6660538525579615,0.5849855498753975
438.4,0.002617216015,0.6662466772318535,0.5851463441272307
438.5,0.002617341185,0.6664752280974021,0.5853176620861347
438.6,0.00261750047,0.6667056639185429,0.5855114895564019
438.7,0.002617696315,0.6668370893056133,0.5857329561305166
438.8,0.00261793062,0.6668157453251247,0.5859705686059153
438.9,0.00261820354,0.6666729033903513,0.5862090839750426
439.0,0.002618515445,0.6664349277468419,0.5864272939742127
439.1,0.00261886415,0.6661460331696031,0.5866307485410074
439.2,0.002619245225,0.6659224397372618,0.586835021178529
439.3,0.002619656735,0.6659182802685883,0.5870111639954306
439.4,0.002620096125,0.6662065590936671,0.5871517282755302
439.5,0.002620558685,0.666690735070253,0.5872543037889439
439.6,0.00262103877,0.6671808549401396,0.5873270121810001
439.7,0.00262152912,0.6675437214579998,0.5873861985299568
439.8,0.002622027195,0.6677603971033179,0.5874203677482942
439.9,0.00262253166,0.6679033709849828,0.5874205933146468
440.0,0.002623041875,0.6679732965542664,0.587386305344107
440.1,0.002623555825,0.6678299582478537,0.5873212655797182
440.2,0.00262407001,0.6674103105843725,0.5872395929671843
440.3,0.00262457915,0.6668445474465728,0.5871472420812208
440.4,0.002625078965,0.6663041306783023,0.5870329547103944
440.5,0.00262556566,0.6658189431088819,0.5868771398829172
440.6,0.002626034935,0.6652885605875469,0.5866953371726912
440.7,0.00262648426,0.6646464190491532,0.586519600877879
440.8,0.002626914645,0.6639252476059657,0.5863588349003798
440.9,0.00262733009,0.663247863681184,0.5862048403116862
441.0,0.002627733035,0.6627486646085285,0.5860443859801782
441.1,0.00262812512,0.662398779151513,0.5858794272331235
441.2,0.002628507655,0.6620535558179953,0.5856952287443397
441.3,0.002628883615,0.6616811891239507,0.5855031310349876
441.4,0.00262925423,0.6613540110986352,0.585317685962239
441.5,0.002629621445,0.6611010437749828,0.5850916025035604
441.6,0.002629984345,0.6608799887495056,0.584809353651421
441.7,0.002630340155,0.6606137953207816,0.5845140822694139
441.8,0.00263068667,0.6603025137542933,0.5842325295942065
441.9,0.00263102423,0.6600420317410136,0.5839585720333985
442.0,0.00263135483,0.6598826021970293,0.5836797984110524
442.1,0.002631678415,0.6597922248595708,0.5833963601519344
442.2,0.00263199508,0.6598084668935899,0.5831255674315656
442.3,0.002632305335,0.6600212029817203,0.5828885254693927
442.4,0.00263261099,0.6604044584359023,0.5826843514778804
442.5,0.002632912615,0.6608282969839835,0.5825195963060297
442.6,0.00263321037,0.6612238046495145,0.5823967669447782
442.7,0.002633504935,0.6615454032062772,0.5823107677308417
442.8,0.002633796,0.6618130606171777,0.5822601635846962
442.9,0.002634084135,0.6620833758154632,0.5822367719141162
443.0,0.00263436954,0.66230851491139,0.5822280056139755
443.1,0.002634651175,0.6625131582568449,0.5822459899752803
443.2,0.00263492937,0.662749223812021,0.5822867885824354
443.3,0.002635204785,0.6630167052937328,0.5823404645778776
443.4,0.002635476715,0.6633646303969327,0.5823936014760205
443.5,0.002635745565,0.6637631477082258,0.5824254955529581
443.6,0.002636012765,0.6640807313095772,0.5824294344818273
443.7,0.002636277825,0.6642663366035513,0.5824334236761787
443.8,0.0026365399,0.6644071679190264,0.582465409487622
443.9,0.002636800795,0.6645762735683839,0.5825256155975539
444.0,0.002637062335,0.6647256751486179,0.5826448748529139
444.1,0.00263732732,0.6647462085982018,0.5828309633238381
444.2,0.002637597915,0.6646135391404406,0.5830477011726908
444.3,0.002637874875,0.6644496108357764,0.5832672438354645
444.4,0.002638157105,0.6643359605799402,0.5835007936032436
444.5,0.00263844595,0.6641883057252215,0.5837304697872807
444.6,0.002638743505,0.663986225919372,0.5838989923570417
444.7,0.002639050105,0.6638910482283388,0.5839920777473675
444.8,0.00263936383,0.664028568305157,0.5840614434848403
444.9,0.002639682185,0.6642761383726306,0.5841443457167388
445.0,0.002640003285,0.664415279511258,0.5842182824715225
445.1,0.00264032679,0.6643536854456917,0.5842550698931775
445.2,0.002640653675,0.664130205110686,0.5842607172201316
445.3,0.002640982745,0.6637963543425743,0.5842604740608602
445.4,0.002641312975,0.6633936524298665,0.5842733338562284
445.5,0.00264164405,0.6630278516644679,0.5842968222878622
445.6,0.00264197857,0.6628439428305266,0.584327765718863
445.7,0.002642321115,0.6628966901711805,0.584375690086475
445.8,0.002642678095,0.6631100797105829,0.5844339584620583
445.9,0.00264305461,0.6633438896022336,0.5845010641377759
446.0,0.002643453495,0.6635017295003353,0.5845604879911371
446.1,0.002643877405,0.663566666220485,0.5845807481221601
446.2,0.002644325275,0.6635719315297725,0.5845867523340397
446.3,0.002644797195,0.6635520955137576,0.5846023767309431
446.4,0.002645294035,0.6635379143645194,0.5846217773222161
446.5,0.002645815135,0.6635372860459886,0.5846340904804626
446.6,0.00264635579,0.6635330260463503,0.584652601372696
446.7,0.002646913905,0.6635019305622651,0.5846612985577981
446.8,0.00264748974,0.6634357057891275,0.584628149100436
446.9,0.002648082005,0.6633408925228421,0.5845449641251986
447.0,0.0026486857,0.6632311189923404,0.5844370428777255
447.1,0.00264929484,0.6631383289117239,0.5843248987014074
447.2,0.002649906315,0.6630926941368379,0.5842149517549912
447.3,0.00265051999,0.6631042551978031,0.5841426291505128
447.4,0.00265113679,0.6631646114758639,0.5841387888676531
447.5,0.00265175636,0.6632795623510587,0.5842019895437024
447.6,0.002652377955,0.6634322877363203,0.5843153023924876
447.7,0.00265300166,0.6635984591381393,0.5844445148416928
447.8,0.00265362708,0.6637771089459783,0.5845744548837564
447.9,0.002654253315,0.6639660883104623,0.584709691651034
448.0,0.00265487969,0.6642047551043556,0.5848290413842625
448.1,0.002655505055,0.6645272961389144,0.5849252394645895
448.2,0.002656128325,0.6648824343388469,0.5850059884488833
448.3,0.002656746765,0.665192917940801,0.5850732292130851
448.4,0.00265735605,0.6654317857966241,0.58512269610269
448.5,0.00265795208,0.665589795340729,0.5851292557481508
448.6,0.00265853268,0.6656586339189545,0.5850771367260277
448.7,0.00265909467,0.6656536450698206,0.5850032144225701
448.8,0.002659634135,0.6655862076419187,0.5849510520464685
448.9,0.0026601485,0.6654852368540323,0.5849167829254847
449.0,0.002660637075,0.6653987173923525,0.5848516633646424
449.1,0.002661100335,0.6653589573957286,0.5847272644637012
449.2,0.00266153642,0.6653800688983608,0.5845801644142451
449.3,0.002661942675,0.6654820764118228,0.5844415560897316
449.4,0.002662318285,0.665709779047355,0.5842864110498082
449.5,0.00266266267,0.6660889315815315,0.5840873898985662
449.6,0.00266297491,0.6665686967620318,0.5838624493512952
449.7,0.0026632539,0.6670263953957332,0.5836473809447786
449.8,0.00266349948,0.6673507648372163,0.5834303848570098
449.9,0.002663712595,0.6674702081899059,0.5831738587371995
450.0,0.00266389167,0.6673670257207913,0.5828918932567174
450.1,0.002664033475,0.6671187079542663,0.5826335506680348
450.2,0.00266413866,0.6668548832864031,0.5823964885996691
450.3,0.002664209725,0.6666430519769568,0.5821649475662327
450.4,0.00266424656,0.6664338030566719,0.5819441865938279
450.5,0.002664247995,0.6661503434347238,0.5817202243385091
450.6,0.002664214035,0.665779428156485,0.5814649159000113
450.7,0.002664144045,0.6653489922638314,0.5811950549760234
450.8,0.002664039425,0.6648388730151121,0.5809415102276414
450.9,0.0026639036,0.6642090905022175,0.5807034623275009
451.0,0.00266373892,0.6634929330409053,0.5804639736929695
451.1,0.00266354789,0.6627801370837322,0.5802363967211436
451.2,0.00266333533,0.6621244992632987,0.5800299840307062
451.3,0.002663107125,0.6615039090505085,0.5798458992675763
451.4,0.00266286702,0.6608977136152572,0.5796705003798153
451.5,0.00266261891,0.66036258100583,0.5794924839170552
451.6,0.00266236651,0.6599846913919003,0.5793252500286008
451.7,0.00266211418,0.6597929725586223,0.5791821573947337
451.8,0.00266186419,0.6597418839788897,0.5790849194472383
451.9,0.002661618445,0.6597516229161158,0.5790480101317883
452.0,0.00266138117,0.6597230218565975,0.5790627862986752
452.1,0.00266115949,0.659545528154855,0.5790830979518177
452.2,0.002660956765,0.6591573152674656,0.579066476413406
452.3,0.00266077283,0.658657764336433,0.5790242131957558
452.4,0.00266060722,0.6582915111816922,0.5789989755253325
452.5,0.00266046038,0.6581898618097926,0.5790066768255635
452.6,0.00266033129,0.6582157673828141,0.579039331796242
452.7,0.00266021956,0.6581322261509699,0.5791034881447765
452.8,0.00266012594,0.6579338722740075,0.5792142493920085
452.9,0.002660050775,0.6578871882071751,0.5793633757687262
453.0,0.002659994095,0.6581184911078883,0.5795398704440049
453.1,0.002659956485,0.6584632871848052,0.5797700392297702
453.2,0.00265993737,0.6587697306986069,0.5800652660011615
453.3,0.002659937675,0.6590121045718313,0.5803708518601689
453.4,0.00265995365,0.6592427226053461,0.5806629979858041
453.5,0.00265998195,0.659537919217448,0.5809510839170939
453.6,0.00266002337,0.6598873837010479,0.581231146849065
453.7,0.002660079665,0.6602173451774546,0.5814903251013934
453.8,0.00266015326,0.6605012697551154,0.5817465226106122
453.9,0.00266024349,0.6607504169021009,0.5820101053758411
454.0,0.00266034938,0.6609579379464265,0.5822800699723865
454.1,0.00266046839,0.6611500400540081,0.5825470173833472
454.2,0.00266059981,0.6614408824186923,0.5828216258821531
454.3,0.002660743125,0.6618832689298001,0.5831521691815191
454.4,0.002660899465,0.6623452778286223,0.5835134561065931
454.5,0.00266107039,0.6626427489538055,0.5838497906178567
454.6,0.0026612554,0.6627164884165705,0.5841874703590946
454.7,0.00266145339,0.6626223097520012,0.5845345195862626
454.8,0.002661662875,0.6624469523332631,0.58483847181709
454.9,0.002661881305,0.6622277319978956,0.5850778687171159
455.0,0.00266210706,0.6619313290142148,0.5852728240191457
455.1,0.00266234043,0.6615410803747859,0.5854444410576704
455.2,0.002662581645,0.6611601120000556,0.5856132583088222
455.3,0.002662829015,0.6609631592734168,0.5857883637718295
455.4,0.002663080005,0.6610215174985499,0.5859874402151021
455.5,0.00266333536,0.6611871988119149,0.5862192394874546
455.6,0.002663597175,0.6612634389824322,0.5864735947667412
455.7,0.00266386728,0.6612347876574315,0.5867037798887883
455.8,0.00266414741,0.6613442344622972,0.5868750859096403
455.9,0.002664438285,0.6618149644223258,0.5869864270948763
456.0,0.00266474061,0.6623186873884024,0.5870495398063312
456.1,0.002665054205,0.6624574515359114,0.5870878948827204
456.2,0.002665378755,0.66257278568541,0.5871085841552999
456.3,0.002665715105,0.6631084523655882,0.5870739543794793
456.4,0.00266606462,0.6638635969917316,0.5869699814856532
456.5,0.00266642583,0.6644555358795211,0.5868330149574605
456.6,0.002666796515,0.6647649199240466,0.5866721742100562
456.7,0.002667173585,0.6648077209823592,0.5864858463497717
456.8,0.00266755153,0.6646406950673384,0.5863147175147454
456.9,0.0026679248,0.6643632170378027,0.5861777201989448
457.0,0.002668289735,0.664073486796918,0.5860828642069993
457.1,0.00266864337,0.6638395198256346,0.5860438952634056
457.2,0.002668988505,0.663726724083,0.5860203546813337
457.3,0.002669325065,0.6637908314226892,0.585977006357581
457.4,0.002669651995,0.6640173276866425,0.5859178382298618
457.5,0.00266996815,0.6643248896074289,0.585873578215921
457.6,0.00267027175,0.6646252761305945,0.5858458134483671
457.7,0.00267056378,0.6648465573507428,0.5858017758591861
457.8,0.002670846145,0.6649372111483547,0.5857490033857911
457.9,0.00267111692,0.6649097410621917,0.5857295764051398
458.0,0.002671374645,0.6648301331043498,0.5857482619699249
458.1,0.002671621865,0.664729357095208,0.5857797225070764
458.2,0.002671860875,0.6646043531235216,0.5858293741223294
458.3,0.002672091995,0.6644757111875423,0.5859167330175663
458.4,0.00267231853,0.6643745267713557,0.5860550347226368
458.5,0.00267254801,0.6642898357166,0.5862265097611735
458.6,0.00267278275,0.6641979378482974,0.5864384026458358
458.7,0.002673023915,0.6641041613075876,0.58668501452755
458.8,0.002673273295,0.6640556614002016,0.5869462247620068
458.9,0.00267353267,0.6641028858209703,0.5871964136611163
459.0,0.00267380263,0.6642745424435624,0.5874113909614459
459.1,0.002674081555,0.6645436198543424,0.587604209980471
459.2,0.00267436872,0.6648195082379954,0.5877569674099778
459.3,0.00267466704,0.6650318045031544,0.5878344371998597
459.4,0.002674977325,0.6651308966186339,0.5878344296600373
459.5,0.00267529967,0.6650754160923715,0.5877699239663997
459.6,0.002675630965,0.6649220938045057,0.5876594724802033
459.7,0.00267596794,0.6648261746976063,0.5875169051206278
459.8,0.002676308155,0.6648684291187971,0.5873441256928214
459.9,0.002676651555,0.6649486465456138,0.5871459483733661
460.0,0.002676996745,0.6649383798208218,0.5869247507195825
460.1,0.002677340355,0.6647885447008016,0.5866871244211761
460.2,0.0026776772,0.6644953964071098,0.5864415693712306
460.3,0.00267800418,0.6640830686545114,0.5861655364743156
460.4,0.002678320905,0.663610705066303,0.5858449960059586
460.5,0.002678627505,0.6631463211234347,0.5855055651409756
460.6,0.00267892486,0.6627130829301341,0.5851573478696591
460.7,0.00267921543,0.6622708534986588,0.58479995463452
460.8,0.00267950189,0.6617904097341454,0.5844238708080476
460.9,0.00267978449,0.6613009118996042,0.5840391281239032
461.0,0.002680061635,0.66084274831019,0.5836647526955159
461.1,0.002680331495,0.6604327139202287,0.5833196506274747
461.2,0.002680592765,0.6600830358083283,0.5829716149402134
461.3,0.00268084605,0.6598043953895107,0.5825654164348822
461.4,0.002681089755,0.6595862808947573,0.5821311880115773
461.5,0.00268132137,0.6593828250713256,0.5817354667177457
461.6,0.002681538055,0.6591724703104265,0.5814260399475601
461.7,0.0026817394,0.6589850240431574,0.5811905323392393
461.8,0.00268192645,0.6588626652924854,0.5809997189129641
461.9,0.00268209947,0.658822792198526,0.5808632468714552
462.0,0.00268225723,0.6588877414850464,0.5807910015501562
462.1,0.00268240096,0.6590489303209167,0.5807658543576012
462.2,0.00268253231,0.6592340769423634,0.5807873704973671
462.3,0.00268265345,0.6593757627710403,0.580861973898112
462.4,0.0026827663,0.6595033931141849,0.5809534677575995
462.5,0.00268287124,0.6596968838057196,0.5810579602708504
462.6,0.002682966785,0.6599766174987806,0.5812173326378486
462.7,0.0026830522,0.6603039714532846,0.5814636642894981
462.8,0.00268312963,0.6606657321305308,0.5817666947770409
462.9,0.002683200715,0.6610853232453443,0.5820949346606733
463.0,0.0026832663,0.6615232298453281,0.5824447453477837
463.1,0.002683327095,0.6618884462744933,0.5828050282198457
463.2,0.002683383295,0.6621062717427226,0.5831511619869143
463.3,0.00268343638,0.6621691664276474,0.5834592259342068
463.4,0.00268348879,0.6621669296136781,0.5837131156294623
463.5,0.00268354445,0.6621975035933828,0.5838917773753535
463.6,0.00268360385,0.6622824271259946,0.5840123297102496
463.7,0.002683668625,0.662427926848153,0.5840851405182264
463.8,0.002683741705,0.6626491389532629,0.5841220240726165
463.9,0.00268382525,0.6628906583132855,0.5841396283012101
464.0,0.002683920165,0.6630444204241229,0.5841526426629369
464.1,0.002684027905,0.6630832693588771,0.5841805412623379
464.2,0.00268414971,0.6631081633390642,0.5842268533646
464.3,0.00268428564,0.6631442099731715,0.58425571454799
464.4,0.002684433835,0.6630791287397597,0.5842485096193983
464.5,0.00268459143,0.6628759933587786,0.5842349241161271
464.6,0.00268476004,0.6626693331108401,0.584208885339577
464.7,0.002684941615,0.6625949276304325,0.5841211708160519
464.8,0.002685137085,0.662661435146909,0.584003366746409
464.9,0.00268534504,0.6628258598232126,0.5839202527711655
465.0,0.00268556695,0.6630377853804384,0.5838655230855474
465.1,0.00268580225,0.6632217696126033,0.5838303485575608
465.2,0.00268604832,0.663294459783422,0.5838339425395564
465.3,0.00268630243,0.6632216753648237,0.5838903347560068
465.4,0.002686563165,0.6630959362604565,0.5839866164026984
465.5,0.002686827855,0.6631356397084125,0.5840993914108215
465.6,0.00268709575,0.6634979470227803,0.5842259988513983
465.7,0.002687366495,0.66410778670551,0.58437614121918
465.8,0.00268763928,0.6647954247887129,0.5845519064166447
465.9,0.00268791268,0.6655067693300799,0.5847855636268924
466.0,0.002688184975,0.666286349263883,0.5850918381230094
466.1,0.0026884566,0.6671533911371619,0.5854296447845905
466.2,0.002688727285,0.6680834847749985,0.5857902996212226
466.3,0.002688998215,0.6690852884067457,0.5861534061567615
466.4,0.002689269765,0.6701956466310451,0.5864824647394394
466.5,0.002689538675,0.6714029858205609,0.5867630793350805
466.6,0.00268980219,0.6726223133276429,0.5869996079610136
466.7,0.00269006107,0.6737455583650074,0.5871796752554579
466.8,0.00269031644,0.6747041148322853,0.5873180925711381
466.9,0.002690567035,0.6755196974178985,0.5874507469492544
467.0,0.00269081001,0.6762901290338943,0.5875911616895437
467.1,0.0026910432,0.6770817475507458,0.5877571094099657
467.2,0.002691267015,0.6778574821751407,0.587907382468002
467.3,0.002691481465,0.6785561598149286,0.5880059235481301
467.4,0.00269168402,0.6791729738333491,0.5880704430647754
467.5,0.00269187345,0.6797120836990758,0.5881031005487279
467.6,0.002692050095,0.6801589249885664,0.5880920308328537
467.7,0.00269221406,0.6804960932785202,0.5880350121828282
467.8,0.00269236392,0.6807102305169743,0.5879290261564295
467.9,0.00269249685,0.6807722392727709,0.5877799701513874
468.0,0.002692611745,0.6806386022044724,0.5876000146976414
468.1,0.002692710535,0.6802528334761675,0.5873894381403011
468.2,0.00269279555,0.6795595530925587,0.5871349898698718
468.3,0.00269286609,0.6785423745063647,0.5868671257421747
468.4,0.002692925455,0.6772870254979166,0.5866192836127774
468.5,0.0026929799,0.6758944391559893,0.5863977058262827
468.6,0.00269303055,0.67412483656289,0.5861859002778962
468.7,0.002693076955,0.6718979123272075,0.5859842169410395
468.8,0.002693121775,0.670332299628291,0.5857909857450582
468.9,0.00269317047,0.6699751947913576,0.5855943371245881
469.0,0.00269322608,0.6698478660411075,0.585393392062005
469.1,0.00269328916,0.6693049862641965,0.5852030146887902
469.2,0.00269336182,0.6684484310271953,0.5850254876861656
469.3,0.002693448505,0.6675905814540207,0.5848689565755634
469.4,0.00269355251,0.6670350913241984,0.5847355494718472
469.5,0.00269367245,0.6668097762990829,0.5845998703683241
469.6,0.00269380539,0.666658332683624,0.5844218312860968
469.7,0.002693949435,0.6663993209357061,0.5842136052683798
469.8,0.002694102785,0.6660662492825725,0.5840263343019808
469.9,0.002694263605,0.6657563625832223,0.583880549951528
470.0,0.00269442895,0.6655046581798169,0.5837713381377928
470.1,0.002694596185,0.6653262220002782,0.5837089102935362
470.2,0.00269476198,0.6652946804100361,0.5837055060637367
470.3,0.00269492356,0.6654629064134506,0.5837088763643355
470.4,0.00269507892,0.665770160458157,0.5836777651722871
470.5,0.00269522435,0.6661138821103862,0.583644442927329
470.6,0.002695356175,0.6664825354419144,0.5836479973252573
470.7,0.00269547365,0.6669045392998858,0.5837009708605821
470.8,0.002695575285,0.6673365271393104,0.5838107029220608
470.9,0.002695658525,0.6677100625058221,0.5839900991723144
471.0,0.00269572455,0.668049297963742,0.5842281357627211
471.1,0.00269577648,0.668443454744432,0.5845023195182003
471.2,0.00269581404,0.6689415039941763,0.5847989267054037
471.3,0.00269583846,0.6694718236836581,0.5850784712745869
471.4,0.002695850285,0.6698782955075502,0.5853121366529755
471.5,0.00269584963,0.6700521575281851,0.585513580600472
471.6,0.002695838925,0.6700330754944073,0.5856970552663084
471.7,0.002695822155,0.669935767803555,0.5858956573290904
471.8,0.002695801495,0.6698094066638423,0.5860912604275254
471.9,0.00269577663,0.6696141692467923,0.5862593852716562
472.0,0.002695746575,0.6693305148460996,0.5863949858353632
472.1,0.00269571399,0.6690269427479834,0.5864797742794909
472.2,0.00269568221,0.6687206248978876,0.5864978855611388
472.3,0.002695653615,0.6683077567913529,0.5864405169376916
472.4,0.002695626575,0.6677560554222707,0.5863149361695942
472.5,0.002695601555,0.6671424206956156,0.5861368732112627
472.6,0.002695579065,0.6664942849984388,0.5859362291132559
472.7,0.002695559925,0.6658213495688545,0.5857267910690932
472.8,0.002695544625,0.6652340351054512,0.5855138696269961
472.9,0.00269553171,0.664865136729696,0.585314457661628
473.0,0.00269551786,0.6646934675407333,0.5851271741288584
473.1,0.002695500715,0.6645478987035366,0.5849583889219516
473.2,0.002695481665,0.6642667764265228,0.584789859440687
473.3,0.00269546501,0.6638199351370321,0.5845918511389164
473.4,0.002695452505,0.6633095771272711,0.5843897920675785
473.5,0.002695444775,0.6628576527408669,0.5842170930645438
473.6,0.002695444235,0.662525209406264,0.5840963252163915
473.7,0.002695453885,0.6623266607505572,0.5840329523810649
473.8,0.00269547772,0.6622469773944916,0.5839758558195415
473.9,0.002695517095,0.6622070666014204,0.5839036997194738
474.0,0.002695569645,0.6621144712995484,0.5838294852478996
474.1,0.002695634055,0.661984924584885,0.5837266301327395
474.2,0.002695709485,0.6618341595534393,0.5835823173042857
474.3,0.002695795875,0.6615920432908123,0.583417737433305
474.4,0.00269589242,0.6612765519901682,0.583265230702892
474.5,0.002695997905,0.6610531596197569,0.5831488277835727
474.6,0.00269611192,0.6610137263487689,0.5830772553914202
474.7,0.002696233415,0.6611027088190893,0.5830508559600335
474.8,0.002696360305,0.6612157496059506,0.5830735985775714
474.9,0.00269649253,0.6612238297822557,0.5831299977055256
475.0,0.00269663159,0.6611421232405212,0.5831949356823124
475.1,0.002696777285,0.6610739758126795,0.5832519687836643
475.2,0.002696926035,0.6610042198893992,0.5832980886204561
475.3,0.0026970746,0.6608956150313646,0.5833398001744362
475.4,0.00269722091,0.6607792818554021,0.5833672281632577
475.5,0.002697365405,0.6607219100903623,0.5833689239949721
475.6,0.002697510585,0.6607335779654777,0.5833599145355601
475.7,0.00269765866,0.6607544130079563,0.5833714919328071
475.8,0.002697809455,0.6607387867260974,0.5834044541512471
475.9,0.002697962105,0.6606520096538199,0.5834450730593024
476.0,0.00269811318,0.6604874216146983,0.5834995325679524
476.1,0.002698261415,0.6602764259688979,0.5835631567306914
476.2,0.00269840755,0.6600577334210963,0.5836153511510382
476.3,0.002698551445,0.6598654679506966,0.5836313506541044
476.4,0.00269869289,0.6597167198217344,0.5836212994425685
476.5,0.002698831805,0.6595781504529699,0.5836206811771343
476.6,0.002698968105,0.659369335072471,0.5836402507860919
476.7,0.00269910304,0.6590614212933075,0.5836640797663695
476.8,0.00269923907,0.6587204705257985,0.5837017323826413
476.9,0.002699377305,0.6584491060355668,0.5837667872266747
477.0,0.002699517935,0.6583066787910237,0.5838568001393855
477.1,0.002699659735,0.6582840153416207,0.583970743191657
477.2,0.002699802205,0.6583291663112381,0.5840937918360757
477.3,0.00269994424,0.658397320022265,0.5841887653235864
477.4,0.002700084915,0.6584886524038902,0.5842249043205178
477.5,0.00270022071,0.658636860178916,0.5842543762295196
477.6,0.002700349015,0.6588848637861757,0.5843294722319925
477.7,0.002700468345,0.6592380856145894,0.5844383566917732
477.8,0.0027005757,0.6596229369978395,0.5845796347417237
477.9,0.002700668925,0.6599836735158806,0.5847395430644284
478.0,0.00270075298,0.6602997805686848,0.5848504557364264
478.1,0.002700829865,0.6605493863881978,0.5848910055294434
478.2,0.002700897815,0.660748085840352,0.5848849152379251
478.3,0.00270095487,0.6609497572391565,0.5848475296570289
478.4,0.002700999985,0.6611575170445237,0.5847541382755785
478.5,0.00270103182,0.6613207918979161,0.5845751070783913
478.6,0.002701048155,0.6613993882629237,0.5843238261616754
478.7,0.002701044905,0.661400663749541,0.5840424544422049
478.8,0.002701020905,0.6613593957884434,0.5837533782809107
478.9,0.00270097546,0.66130000712092,0.5834783123662145
479.0,0.00270091169,0.6612067395182202,0.5831680543306127
479.1,0.00270082791,0.6610267513919107,0.5828103796087719
479.2,0.002700721955,0.6607161232766944,0.582434135561074
479.3,0.00270059391,0.6602606614569623,0.582062671760758
479.4,0.00270044448,0.6596693634540741,0.5817073852776523
479.5,0.00270027353,0.6590062235103838,0.5813747628722683
479.6,0.002700080625,0.6583669596708607,0.5810568318107694
479.7,0.00269986339,0.6578331276807922,0.5807804696749442
479.8,0.00269961977,0.6574373561214782,0.5805599053662395
479.9,0.002699349835,0.657147531632814,0.5803872717083322
480.0,0.002699053865,0.6569045671401706,0.5802586410820865
480.1,0.002698735955,0.6566711405228236,0.5801519551088448
480.2,0.002698400585,0.6564367023126422,0.5800481179318212
480.3,0.002698049155,0.6562381410905647,0.5799472966837451
480.4,0.002697680835,0.6561226561446186,0.5798634149032572
480.5,0.00269729761,0.6560539934955818,0.5797957663603289
480.6,0.00269690391,0.6559163477550575,0.5797204466764592
480.7,0.00269650292,0.6556490170697928,0.5796199452425151
480.8,0.002696095685,0.6552993452410777,0.5795123664286412
480.9,0.002695684295,0.6549397208468359,0.579428763621581
481.0,0.00269527241,0.6546070073352649,0.5793889225718667
481.1,0.00269486416,0.6543106734666224,0.5794000651726905
481.2,0.002694463305,0.6540434118963963,0.5794452927971686
481.3,0.00269407167,0.653781981122135,0.5795091224200671
481.4,0.002693689215,0.6535160578703793,0.5796094183938515
481.5,0.002693317995,0.6532778308994576,0.5797300637198902
481.6,0.00269296106,0.6531334810002104,0.579862941151085
481.7,0.00269261766,0.653154969493961,0.580030930906732
481.8,0.002692287025,0.6533750757584568,0.580245693322124
481.9,0.00269196957,0.6537584945754569,0.5805112131933831
482.0,0.002691667305,0.6542572475419555,0.580817896096545
482.1,0.002691383825,0.6548294258119537,0.5811365635473619
482.2,0.002691122535,0.6554152637268099,0.5814495623083946
482.3,0.00269088524,0.6559677442108701,0.5817740454755318
482.4,0.002690672665,0.6564604213371767,0.5821014308459624
482.5,0.002690485855,0.6569100272282026,0.5823967927058379
482.6,0.002690322685,0.6573690453308186,0.5826758025759515
482.7,0.00269018065,0.6578544276789835,0.582960097233227
482.8,0.00269005885,0.6583271745414957,0.583231233643832
482.9,0.002689955175,0.6587634977787822,0.5834737338090811
483.0,0.002689866265,0.6591702963283103,0.5836965556662667
483.1,0.00268979073,0.6595672114273501,0.5839269123192726
483.2,0.002689729045,0.6599839625424047,0.5841719383250152
483.3,0.00268968318,0.6604653739174554,0.5844181757288851
483.4,0.00268965571,0.6610352274088901,0.584661346938325
483.5,0.002689647635,0.6616533797457811,0.5848987753163942
483.6,0.002689657755,0.6622369242980001,0.5851213257399744
483.7,0.00268968308,0.6627250021326617,0.5853326330317661
483.8,0.002689722625,0.663117569267469,0.5855429802528428
483.9,0.00268977666,0.6634717272904935,0.5857525646952232
484.0,0.002689845275,0.6638535313288696,0.5859628252083426
484.1,0.00268993,0.6642980227070554,0.5861746439514184
484.2,0.002690031145,0.6647965746116241,0.5863928219063433
484.3,0.002690145515,0.6653149373994665,0.5866534547160706
484.4,0.00269027232,0.6658062824904879,0.5869388772051085
484.5,0.002690414435,0.6662527405056748,0.5872026805101417
484.6,0.00269057257,0.6666924817957685,0.5874335951100029
484.7,0.00269074541,0.6671663784811919,0.5876266189608692
484.8,0.002690928585,0.6676492161393074,0.5877921180618603
484.9,0.0026911192,0.6680595898212752,0.5879285398378868
485.0,0.002691314205,0.6683142159058486,0.5880471117127742
485.1,0.002691512375,0.6684266283741794,0.5881519234118389
485.2,0.002691712705,0.668496717306281,0.5882414060237096
485.3,0.00269191263,0.6685374449134421,0.5883262334235863
485.4,0.002692112685,0.6684748329718561,0.5884042529921826
485.5,0.00269231339,0.6682968868807715,0.5884744964906427
485.6,0.002692515575,0.6680650813252337,0.5885108836733937
485.7,0.002692717505,0.6678326977166477,0.5885125606555521
485.8,0.002692916225,0.6675957964978257,0.5884948401880302
485.9,0.002693111265,0.6673126824510696,0.5884468932009512
486.0,0.002693300995,0.6669659951353754,0.5883620934470899
486.1,0.00269348251,0.6665865410083041,0.5882459531649165
486.2,0.002693653955,0.6662234231630315,0.5880812111877548
486.3,0.002693814615,0.6659345474353487,0.5878534702247923
486.4,0.002693963165,0.6657989311636785,0.5876013291400077
486.5,0.00269409822,0.6658721805379896,0.5873606366471715
486.6,0.00269422044,0.6661342584803374,0.5871401112942157
486.7,0.002694330015,0.6664869085388881,0.5869591015219753
486.8,0.00269442621,0.6667938672738851,0.5868223775247355
486.9,0.002694508415,0.6669684078785332,0.5867001048537022
487.0,0.002694574445,0.6670567620303228,0.5865776474570209
487.1,0.0026946258,0.6671819607807538,0.5864611358385957
487.2,0.002694667615,0.6674182085483037,0.5863686467225555
487.3,0.002694705075,0.6677668687841843,0.586301804312302
487.4,0.002694739955,0.6682270178601556,0.586272869615644
487.5,0.002694772145,0.6687962681658007,0.5863113553822875
487.6,0.002694800725,0.669428538820077,0.5864357838141997
487.7,0.00269482728,0.6700315172644511,0.5866419615135066
487.8,0.00269485241,0.6705332547439705,0.5868993855004974
487.9,0.002694874765,0.6709138021452852,0.587208271288428
488.0,0.00269489462,0.6712010442447882,0.5875564690818701
488.1,0.00269491547,0.6714334781188567,0.5878799262048466
488.2,0.00269493772,0.6716688902227609,0.5881531988984562
488.3,0.002694956585,0.6719650104631029,0.5884007061340767
488.4,0.002694969395,0.6722471631825071,0.5886683208193171
488.5,0.00269497942,0.6723204314063741,0.5889626999890105
488.6,0.002694992275,0.6720709072682701,0.589264104388196
488.7,0.00269500892,0.67153663545523,0.5895835490690353
488.8,0.002695030475,0.6708516865753384,0.5899213733235352
488.9,0.002695061215,0.670195231940815,0.5902468027383797
489.0,0.002695104435,0.6697119607429133,0.5905413653770841
489.1,0.002695162385,0.669431240589759,0.5907898245152786
489.2,0.00269523888,0.6692805823724636,0.5909701230309422
489.3,0.00269533553,0.6691629045948453,0.5910828484019013
489.4,0.00269545128,0.6690051400949674,0.5911439888214883
489.5,0.002695586975,0.6687494207361504,0.5911464932991518
489.6,0.002695743585,0.6683296788248897,0.5910831449682478
489.7,0.00269592104,0.6677648393153301,0.5909916705866347
489.8,0.002696117825,0.6672500893590394,0.5908885283299061
489.9,0.00269633338,0.6670304731829976,0.5907569917304559
490.0,0.00269656528,0.667143532819415,0.5906279395024762
490.1,0.002696812635,0.6674464765990006,0.5904934843634507
490.2,0.002697075275,0.6678518111663521,0.5903138399273776
490.3,0.00269735331,0.6683844556343976,0.5900643572582966
490.4,0.002697645225,0.6690542620376989,0.5897396303035695
490.5,0.00269794712,0.6697636399420648,0.5893679051227446
490.6,0.002698255455,0.6703630181212579,0.5889476461053331
490.7,0.002698562945,0.6707615542821069,0.588514848991641
490.8,0.0026988634,0.6709518468323202,0.5881162902113248
490.9,0.002699150925,0.670970620990018,0.5877997307691785
491.0,0.002699422805,0.6708447248060181,0.5875426844016247
491.1,0.00269967539,0.6706197427897239,0.5873193693143925
491.2,0.00269990375,0.6703787951995642,0.587146876399836
491.3,0.002700104005,0.6701831179595427,0.5870187207823996
491.4,0.002700274505,0.6700298270876034,0.5869078828803067
491.5,0.00270041571,0.6698730490478186,0.5867752247322793
491.6,0.00270052673,0.6696925394171287,0.5866435945133679
491.7,0.002700604645,0.669520688015792,0.5865545548660613
491.8,0.00270065047,0.6693699732498287,0.586529326620416
491.9,0.002700666825,0.6692015399012992,0.5865823692707792
492.0,0.002700657695,0.6689903369103837,0.5866860650761333
492.1,0.002700625935,0.6687668691417485,0.5868206226310791
492.2,0.00270057717,0.6685587197788923,0.5869878295018368
492.3,0.002700520555,0.6683709028036899,0.5871724225746578
492.4,0.002700463065,0.6682035690125891,0.5873719350709908
492.5,0.002700409065,0.6680744872536385,0.5875610212496252
492.6,0.002700361715,0.6679938991188886,0.5877542838615331
492.7,0.00270032428,0.6679258899211237,0.5879665028435128
492.8,0.002700302375,0.6678368634685063,0.5881747370293707
492.9,0.002700299135,0.6677405799368591,0.5884011949658936
493.0,0.00270031732,0.667689114366008,0.58864953346693
493.1,0.002700362215,0.6676870786139685,0.5889032679675085
493.2,0.002700435445,0.6676759259600482,0.5891922618190751
493.3,0.002700538725,0.6676240456989668,0.589510398969052
493.4,0.002700675205,0.6676395588834902,0.5898118134213339
493.5,0.002700844935,0.6678271936463185,0.5900964354325638
493.6,0.002701046925,0.6680963150393957,0.5903664320733543
493.7,0.00270128024,0.6682901513061221,0.5905904747534451
493.8,0.00270154238,0.6683908267842992,0.5907692320037529
493.9,0.002701831805,0.6685190414636775,0.5909300206007192
494.0,0.002702147425,0.6687465493204651,0.5910930529231587
494.1,0.002702487155,0.6689812954067266,0.5912645241917842
494.2,0.00270285017,0.6690979490251396,0.5914295262928176
494.3,0.00270323588,0.6691381237119939,0.5915715030329742
494.4,0.00270364358,0.6692709942316848,0.59170546619859
494.5,0.00270407243,0.6695542904908148,0.5918483263546008
494.6,0.002704521615,0.6698231479901091,0.591995406297864
494.7,0.00270498978,0.6698910189577972,0.5921264408708081
494.8,0.00270547347,0.669767899941703,0.5922214570839789
494.9,0.00270596954,0.6695259658914501,0.5922649693988682
495.0,0.00270647614,0.6691365843315935,0.5922642788768029
495.1,0.00270699437,0.6685858631394193,0.5922355691181789
495.2,0.00270752547,0.6679560680601541,0.5922095290849917
495.3,0.002708068165,0.6673174639550883,0.5922117797219688
495.4,0.00270861994,0.6666574781704222,0.592228986853251
495.5,0.002709179115,0.6659471263723337,0.59225343095737
495.6,0.00270974439,0.6652309563446507,0.592278977132192
495.7,0.00271031722,0.6645888399389982,0.5922751871148147
495.8,0.00271089548,0.6640624912226304,0.5922458886217273
495.9,0.002711476145,0.6636407763911831,0.5921942150774426
496.0,0.00271205674,0.6633175944717231,0.5920934648293604
496.1,0.0027126332,0.6631056689144972,0.5919437899305655
496.2,0.002713200155,0.6629968127290503,0.5917720453433791
496.3,0.002713754945,0.662937958132278,0.5915864846600206
496.4,0.00271429784,0.6628609576963385,0.591371219589804
496.5,0.002714827215,0.6627349735477442,0.5911507338209157
496.6,0.00271534145,0.6625672376327838,0.5909464662099422
496.7,0.002715840155,0.662357687119604,0.5907710591540402
496.8,0.002716325075,0.6620671777637414,0.5906066809733078
496.9,0.0027167977,0.661628014526696,0.5904528566589361
497.0,0.002717258625,0.6610083102430342,0.5902922408495657
497.1,0.00271770797,0.6602539258823129,0.5900900127605428
497.2,0.002718144335,0.6594916184249193,0.5898373149855402
497.3,0.002718563705,0.6588560930806541,0.5895614862921477
497.4,0.002718964065,0.6584046776322597,0.5892664323083523
497.5,0.002719343175,0.6581111900465615,0.5889503943705864
497.6,0.002719699715,0.6579011117458158,0.5886506499889591
497.7,0.00272003269,0.6577011305238589,0.5883979258245782
497.8,0.002720341175,0.6574657121367695,0.5882052827347415
497.9,0.002720625125,0.6571850485322831,0.5880808769222964
498.0,0.002720885675,0.6568940993534489,0.5880303079619887
498.1,0.002721123465,0.6566651589304112,0.5880310424663511
498.2,0.00272133815,0.6565645274345313,0.5880328532803567
498.3,0.002721528965,0.6565976586706561,0.5880212752547911
498.4,0.002721695885,0.6567159270676932,0.5880110481140666
498.5,0.00272184055,0.6568867857257513,0.5879932277438984
498.6,0.00272196337,0.6570968828760528,0.5879529255083825
498.7,0.00272206468,0.6573261625910971,0.5879170309273597
498.8,0.00272214715,0.6575716969065311,0.5879145547240301
498.9,0.002722214495,0.6578276047609072,0.58796262109163
499.0,0.00272226912,0.6580596113783748,0.5880425582883821
499.1,0.0027223127,0.6582423515398488,0.5881189561668506
499.2,0.002722344945,0.6583902891379063,0.588186943373467
499.3,0.002722366715,0.6585478462926692,0.5882630880395676
499.4,0.002722377885,0.6587689327340729,0.5883688076589092
499.5,0.00272238094,0.6590977883698653,0.5885197580443214
499.6,0.002722379895,0.6595198550596898,0.5886955534010755
499.7,0.00272237886,0.6599283123701389,0.5888870774556089
499.8,0.00272237801,0.6602025482760562,0.5890873439341788
499.9,0.002722375855,0.6603166634876051,0.5892586392736158
500.0,0.002722369955,0.6603642334835658,0.5893889380855605
500.1,0.00272235746,0.6604467945385021,0.5894800555822481
500.2,0.002722335135,0.6605821343500188,0.5895334764803668
500.3,0.00272230089,0.6607206911524127,0.589573827724728
500.4,0.002722254625,0.6608181999051947,0.5896263488707107
500.5,0.00272219832,0.6608787509620001,0.5896991112981605
500.6,0.002722135375,0.6609512589204449,0.5897623389919067
500.7,0.00272206544,0.6610411021871523,0.5897861491226283
500.8,0.002721986755,0.6611281808523245,0.5897879919808788
500.9,0.002721899825,0.6612695776544772,0.5897823559636582
501.0,0.00272180778,0.6615349982514085,0.5897592979302181
501.1,0.00272171239,0.6619041730873172,0.5896943178560897
501.2,0.00272161248,0.6622833507542347,0.5895773387686777
501.3,0.002721506045,0.6626304276274181,0.5894405550811774
501.4,0.002721394185,0.6630234471515675,0.5893100935347333
501.5,0.00272127976,0.6635398307360381,0.5891745595727906
501.6,0.00272116567,0.6641388319241127,0.5890110484716308
501.7,0.002721052695,0.6647017739117095,0.5888336081769634
501.8,0.0027209423,0.6651159049384909,0.5886603097580504
501.9,0.00272083591,0.6653569153605038,0.5884910960379057
502.0,0.00272073428,0.6655292191511826,0.5883256270962041
502.1,0.002720639385,0.6657048278973329,0.5881627015879147
502.2,0.00272055355,0.6658201683300168,0.5880056244685095
502.3,0.002720479235,0.6658556683270023,0.5878668062856067
502.4,0.002720419925,0.6659228418611214,0.5877650783738908
502.5,0.002720377595,0.6660577104337401,0.5877106597059454
502.6,0.00272035558,0.6661324300734129,0.5876639505063718
502.7,0.002720355325,0.6660316226483447,0.5876104680330371
502.8,0.002720376755,0.665757273645092,0.5875864587253412
502.9,0.00272042116,0.6653438840341767,0.5876113809798622
503.0,0.00272049002,0.6648084812477812,0.5876831186197884
503.1,0.00272058388,0.6642042964318282,0.5877952276102688
503.2,0.002720702255,0.663666424353607,0.5879459530576472
503.3,0.00272084355,0.6633678159718834,0.5881477997573218
503.4,0.002721007225,0.6633869168552172,0.588394005745265
503.5,0.002721192315,0.6636725253265403,0.5886545832629615
503.6,0.00272139648,0.6641286657302857,0.5888937068444264
503.7,0.002721616945,0.6646785386924435,0.5890769477757695
503.8,0.00272185034,0.6652679705892953,0.5892101927733048
503.9,0.00272209507,0.665856723902134,0.5893263569315824
504.0,0.002722351085,0.6663898773081893,0.5894413630988079
504.1,0.002722617765,0.6668259555012489,0.5895628736194636
504.2,0.002722894325,0.6672113346720647,0.5897122764563346
504.3,0.002723180265,0.6676803430393191,0.5898837942205315
504.4,0.0027234771,0.6682727343164506,0.5900468146049189
504.5,0.002723785655,0.6689007575374591,0.5901632489401649
504.6,0.00272410783,0.6695081153619924,0.5902122383076864
504.7,0.00272444557,0.6700834792069414,0.590208171201837
504.8,0.00272479904,0.6705622579273485,0.5901775036026712
504.9,0.00272516566,0.670831285072646,0.590127322314897
505.0,0.002725542475,0.6708334653379476,0.5900492933215227
505.1,0.002725926005,0.670623324205349,0.5899385741716322
505.2,0.00272631463,0.6702907300742987,0.5897891675648499
505.3,0.00272670709,0.6698638001990465,0.5895939452274446
505.4,0.002727101755,0.6693100253788129,0.5893553519468195
505.5,0.00272749527,0.6685801014584926,0.5890763910855513
505.6,0.00272788215,0.6676362350784628,0.5887761804915742
505.7,0.002728258265,0.6664869273884441,0.5884835863748266
505.8,0.00272862156,0.6652037187363441,0.5881944505232719
505.9,0.00272896949,0.6638995179621328,0.5879118768304521
506.0,0.002729299215,0.6626443071837617,0.5876455294636882
506.1,0.00272960981,0.6614104341026936,0.5873924898834048
506.2,0.002729899695,0.660090248905061,0.5871308134365981
506.3,0.00273016668,0.6585820896525932,0.5868643027070162
506.4,0.002730408025,0.656927689262101,0.5866039532689464
506.5,0.002730620105,0.655346374883102,0.5863310500266329
506.6,0.002730800055,0.6540734832212763,0.5860347123880792
506.7,0.00273094615,0.6531188914439272,0.5857228452287203
506.8,0.00273105626,0.6522745758519043,0.5853976614864213
506.9,0.00273112826,0.6513730581408448,0.585050105206199
507.0,0.002731159895,0.650478363969029,0.5847005188288041
507.1,0.002731152775,0.6497992270355466,0.5843537956989536
507.2,0.002731112265,0.6494790924609605,0.5839962045434772
507.3,0.002731040145,0.6494611728164644,0.5836376413792339
507.4,0.002730935155,0.649567710506533,0.583295010487974
507.5,0.002730797645,0.6496657910291781,0.5829717047897633
507.6,0.00273062777,0.649696861380522,0.5826772181776012
507.7,0.00273042634,0.6496261001475926,0.5824250035795486
507.8,0.00273019929,0.6495297726336482,0.5822022646604091
507.9,0.00272995029,0.6495634128077828,0.5820084541547423
508.0,0.00272967968,0.6497661334985336,0.5818301210194428
508.1,0.002729385215,0.6500992240012232,0.5816479884419881
508.2,0.002729063185,0.6505832931636589,0.5814529357505861
508.3,0.002728711705,0.6512665393003322,0.58127214651815
508.4,0.002728329685,0.6521085489633474,0.5811367313084096
508.5,0.002727919655,0.6529655754392466,0.5810365534585089
508.6,0.002727484785,0.653674042281743,0.5809784773483961
508.7,0.002727026335,0.6541876235655666,0.5809931391613105
508.8,0.002726546525,0.6546219236171842,0.5811060574260585
508.9,0.00272604874,0.6550736720743997,0.5813191560539812
509.0,0.002725539855,0.6554858930128479,0.5816037252864545
509.1,0.00272502507,0.6557986197119569,0.5819511238587256
509.2,0.002724508125,0.656073000131136,0.5823644072838091
509.3,0.00272399413,0.6563762832027283,0.5828242509969744
509.4,0.002723488425,0.6566543078693856,0.5832938311340918
509.5,0.002722994615,0.6569104796175447,0.5837457492373108
509.6,0.0027225143,0.6572719324187107,0.5841659014405721
509.7,0.002722050165,0.657735392733339,0.5845660473534969
509.8,0.00272160554,0.6581587160602249,0.5849644113550686
509.9,0.00272118326,0.6584725423167627,0.5853723823469749
510.0,0.00272078807,0.6587524770717534,0.5857600090131752
510.1,0.00272042483,0.659090009786455,0.5861101577356551
510.2,0.002720097005,0.6594202351566445,0.5864425200171676
510.3,0.00271980411,0.659540457624312,0.5867911073680987
510.4,0.002719545915,0.6592439729592222,0.5871424341878237
510.5,0.00271932364,0.6585301716924001,0.5874633748950848
510.6,0.00271913831,0.6576208502651891,0.5877525409059289
510.7,0.00271899028,0.6566663024701371,0.5880279976347512
510.8,0.002718878215,0.6555898294641993,0.5883024547087913
510.9,0.002718802065,0.654455871595886,0.5885520511035263
511.0,0.00271876184,0.6537643442209778,0.588775714907543
511.1,0.00271875669,0.6539347379233232,0.5889923817564017
511.2,0.00271878409,0.6547225236971373,0.5892137811004337
511.3,0.002718840775,0.655523900000771,0.5894587599822865
511.4,0.002718922425,0.6559539651854915,0.5897154218188995
511.5,0.00271902702,0.6559947116422086,0.5899599131255725
511.6,0.002719150695,0.6558665220955715,0.5902004849812508
511.7,0.00271929145,0.6558079753748791,0.5904208193253733
511.8,0.002719448055,0.6559255400551618,0.5905989872128992
511.9,0.002719618105,0.6562686710879722,0.590743952235988
512.0,0.00271979894,0.6568202153774217,0.5908471981652741
512.1,0.002719987655,0.6574308216087588,0.5909098647705723
512.2,0.002720182985,0.657909989886655,0.5909321926978799
512.3,0.002720385475,0.6581772891559929,0.5908576006068686
512.4,0.002720592795,0.6582680811836817,0.5906606667297857
512.5,0.00272079973,0.6582265179128747,0.5903563657821737
512.6,0.002721000535,0.6581349090710961,0.5900006853433493
512.7,0.002721194025,0.6581589485380813,0.5896183497474962
512.8,0.0027213812,0.6583874365717769,0.5892233359403304
512.9,0.002721558565,0.658666579645419,0.5888314505311288
513.0,0.00272172247,0.6587766170697036,0.5884423630243447
513.1,0.00272186925,0.6586948728288572,0.5880578264286785
513.2,0.002721997775,0.6585667084149612,0.5876681137449563
513.3,0.002722108185,0.6584622693087854,0.5872429249403527
513.4,0.002722201285,0.6583297380811011,0.5868053318713156
513.5,0.002722277945,0.6581716405724017,0.5863900082959628
513.6,0.00272234014,0.6580549052725797,0.586015961478167
513.7,0.002722388965,0.6580366966015595,0.5856998305492586
513.8,0.002722425865,0.6580770409344169,0.5854438780842669
513.9,0.002722451735,0.6580716625277939,0.5852477723310073
514.0,0.00272246609,0.6579844833316568,0.5850971606092832
514.1,0.0027224688,0.6578392349369108,0.5849821701500207
514.2,0.00272245933,0.6577284937958716,0.5849015053604102
514.3,0.0027224393,0.6577541983069635,0.5848527308778261
514.4,0.00272241025,0.6578663657310672,0.5848525687716452
514.5,0.00272237292,0.6579286760797585,0.5849197825181502
514.6,0.002722326585,0.6579014133387106,0.5850301051990479
514.7,0.002722270585,0.6578227164427382,0.5851519179409167
514.8,0.00272220382,0.6577304918487994,0.585287803132918
514.9,0.002722125815,0.6576264485832978,0.5854481607033722
515.0,0.002722037745,0.6574838391263808,0.5856155152289845
515.1,0.002721940825,0.657295682859172,0.5857816614980622
515.2,0.00272183706,0.6570400263322081,0.5859673183141559
515.3,0.002721727155,0.6566527747721708,0.5861905875341353
515.4,0.002721612185,0.6561241829586483,0.5864321150622989
515.5,0.00272149319,0.6555310879647624,0.5866542036717591
515.6,0.0027213699,0.6550414581833298,0.5868403738240923
515.7,0.002721240465,0.6547287503337769,0.5870087839248362
515.8,0.00272110606,0.6545301576957728,0.5871597330536115
515.9,0.00272096875,0.6543851292125125,0.5872990444665609
516.0,0.002720828045,0.6542956817864795,0.5874647037887772
516.1,0.002720683815,0.6542739231157607,0.5876556271707953
516.2,0.00272053647,0.6543437544372647,0.5878573664280012
516.3,0.00272038521,0.6546085969811476,0.588090717018806
516.4,0.002720227885,0.6551488378202296,0.5883623372346798
516.5,0.00272006324,0.655889053598083,0.58865489176736
516.6,0.002719889275,0.6566715112307567,0.5889709033157475
516.7,0.002719706085,0.6574697773576633,0.5892899144568008
516.8,0.00271951517,0.6584104393131864,0.5895916474665777
516.9,0.0027193176,0.6595315920498437,0.5898915866269495
517.0,0.002719115245,0.6607392516818101,0.5901900027432028
517.1,0.002718910775,0.6620359943150618,0.5904799905946851
517.2,0.002718705135,0.6634435534875761,0.59078764299334
517.3,0.0027185,0.6647868168248421,0.5911253616903267
517.4,0.00271829579,0.6659111300037088,0.5914577126621056
517.5,0.00271809527,0.6668742983290022,0.5917406225053392
517.6,0.002717899075,0.6677454933877692,0.5919856987765644
517.7,0.00271770812,0.6685181241186225,0.5922094191292488
517.8,0.002717523905,0.6692376116681477,0.592395077830298
517.9,0.002717346775,0.6699427044401342,0.5925393096056615
518.0,0.002717177675,0.6705861654474423,0.592647934569889
518.1,0.0027170187,0.6710412000105737,0.5927276311206439
518.2,0.002716870925,0.6712733637076739,0.5927896153720177
518.3,0.00271673582,0.6713978273254237,0.5928070342466448
518.4,0.00271661483,0.6714779002389786,0.592751668074355
518.5,0.002716506205,0.6715123949263149,0.5926480916495217
518.6,0.002716407735,0.6715064698825702,0.592513519014931
518.7,0.002716316545,0.6714648814790221,0.5923569018246901
518.8,0.002716229405,0.6713637410451324,0.5921966931657277
518.9,0.00271614508,0.6711303458437119,0.5920269529146542
519.0,0.002716063155,0.6708167206491039,0.5918066763758366
519.1,0.00271598111,0.6705676928826392,0.591513318852074
519.2,0.00271589589,0.67034424396356,0.591171234597936
519.3,0.00271580628,0.6700105879741928,0.5908039409477082
519.4,0.00271570926,0.6695578404905134,0.590427514059318
519.5,0.002715602875,0.6690922627424367,0.5900654718953702
519.6,0.002715485755,0.6687392419759528,0.5897555242491226
519.7,0.00271535602,0.6685233328792423,0.5895214253309476
519.8,0.002715215255,0.6683583238667051,0.5893128549946759
519.9,0.002715064765,0.6681854797220899,0.5890701223515703
520.0,0.00271490418,0.6680109956661094,0.58879917632148
520.1,0.002714730215,0.6678411109017739,0.5885729049955608
520.2,0.002714541225,0.6676358392377884,0.588447564245142
520.3,0.002714338725,0.6673638715617671,0.5884032684170449
520.4,0.00271412183,0.6670891078682841,0.5884464282452384
520.5,0.002713891825,0.666898406911026,0.5885689786330623
520.6,0.00271365396,0.6667503247997063,0.588723504779233
520.7,0.00271341412,0.6665602458777936,0.5888861544556873
520.8,0.002713178275,0.6663831731494666,0.5890536032290792
520.9,0.00271294979,0.6663295650124258,0.5892202232503291
521.0,0.002712731475,0.6664083750057337,0.589387567722845
521.1,0.002712528865,0.66656365136423,0.5895414661788034
521.2,0.002712346215,0.6667090882545353,0.5896944340950179
521.3,0.002712186895,0.6666702393197811,0.5898361368882952
521.4,0.002712052635,0.666272193247386,0.5899379150654934
521.5,0.00271194465,0.6655617597678883,0.5900229271910181
521.6,0.00271186443,0.6648840868165826,0.590121555607422
521.7,0.002711812435,0.6645958645401716,0.5902421764290381
521.8,0.00271178774,0.6647202464765126,0.5903860997000029
521.9,0.002711789265,0.665008745213077,0.5905522202080208
522.0,0.00271181689,0.6652961129762862,0.5907282976797952
522.1,0.00271187223,0.6655852840136784,0.5908649004115585
522.2,0.002711956735,0.6658966535447611,0.5909312948306995
522.3,0.002712069185,0.6661424894530898,0.5909416093076998
522.4,0.002712207825,0.6662516346650609,0.5908962327717298
522.5,0.002712371795,0.6662838297065748,0.5908032322044056
522.6,0.002712558945,0.6662739525392719,0.5907082763098138
522.7,0.0027127665,0.6661596802480902,0.5906480186777623
522.8,0.0027129943,0.6659333724796963,0.5906039559558401
522.9,0.002713240045,0.6657133855957214,0.5905772392235955
523.0,0.00271349942,0.6655414336634198,0.5905973014342812
523.1,0.00271377081,0.6653796416417598,0.5906601062696563
523.2,0.00271405789,0.6653354896986062,0.5907068148409114
523.3,0.002714361795,0.6654872663228866,0.5907270856533494
523.4,0.002714679715,0.6657431804604479,0.5907467482534496
523.5,0.00271500826,0.6660482542398527,0.5907758180385918
523.6,0.00271534707,0.6663978129712324,0.590858507898827
523.7,0.002715698195,0.6667456375434673,0.5910197451152243
523.8,0.002716062355,0.6670378370761776,0.5912326653006842
523.9,0.00271643719,0.6672356694487594,0.5914716135812792
524.0,0.002716819255,0.6673198075832079,0.5917449685846162
524.1,0.002717207825,0.6673480190852371,0.5920381897632576
524.2,0.002717604515,0.6674546384567147,0.5922993151747128
524.3,0.002718009965,0.6677171687884045,0.5924983363259548
524.4,0.002718420845,0.6680775974303655,0.5926747995853069
524.5,0.00271883498,0.6684285133297715,0.5928728060021218
524.6,0.00271925434,0.6687226229508154,0.5930985991776392
524.7,0.00271968093,0.6689696400979818,0.5933596824917527
524.8,0.00272011567,0.6692065727327302,0.593675758756949
524.9,0.00272055786,0.6694571712955218,0.5940423631417484
525.0,0.00272100838,0.6697368233071738,0.5944126965970277
525.1,0.002721466805,0.6701220516815422,0.5947523624531412
525.2,0.002721931105,0.6706638130514684,0.5950508583658479
525.3,0.00272240063,0.6712644227349818,0.595288522363366
525.4,0.002722874245,0.6717854433102091,0.5954537695086264
525.5,0.002723351,0.672194817965713,0.5955399220322843
525.6,0.00272383021,0.672561793686764,0.5955556582698862
525.7,0.002724312105,0.6729557054232271,0.5955212232728102
525.8,0.00272479671,0.6733720858303487,0.5954650817554534
525.9,0.00272528176,0.6737521871255064,0.595432519147599
526.0,0.00272576426,0.6740643860370497,0.5954603410921392
526.1,0.0027262435,0.6743658344185322,0.5955184366801264
526.2,0.002726718355,0.674742234917544,0.595578943126316
526.3,0.002727186125,0.675205198860533,0.5956309848652598
526.4,0.00272764301,0.6757137096138136,0.5956419603333544
526.5,0.002728086265,0.6762237346147533,0.5955871288601342
526.6,0.002728512395,0.6766884013009604,0.5954651269943876
526.7,0.002728917565,0.6770653295875382,0.5952844979831768
526.8,0.002729298415,0.6773408535464434,0.5950642151611739
526.9,0.00272965207,0.677501087338147,0.5948408617465113
527.0,0.00272997636,0.6775222679558175,0.5946475897098255
527.1,0.00273026859,0.6774086616822783,0.5945211858444527
527.2,0.00273053029,0.6772100250619771,0.5944170998532909
527.3,0.00273076338,0.6769616758795256,0.5943039484823681
527.4,0.002730966005,0.6766690051079172,0.5941928630227743
527.5,0.002731137915,0.6763547013292962,0.5940851912177577
527.6,0.00273128188,0.6760708270171177,0.5939759913420746
527.7,0.00273139982,0.6758462596910538,0.5938580949096077
527.8,0.00273149389,0.6756416854606374,0.5937156356208195
527.9,0.00273156616,0.6754112433563113,0.5935513592276892
528.0,0.00273161701,0.6751671541734979,0.5933840625073816
528.1,0.002731647985,0.6749408275555481,0.593228522883421
528.2,0.002731662645,0.6747194709371761,0.5930666988175161
528.3,0.002731662605,0.674470455737082,0.5928888061335066
528.4,0.00273164931,0.6741632079755608,0.592717969466597
528.5,0.002731624965,0.6737601730540318,0.5925828715577146
528.6,0.002731593075,0.6732646747775224,0.5924929849370286
528.7,0.002731557515,0.6728156029572476,0.5924510333653696
528.8,0.00273152061,0.6726081447447751,0.5924400761185126
528.9,0.002731482805,0.6726388255386301,0.5924408577467647
529.0,0.00273144373,0.672736164645409,0.5924816821149795
529.1,0.00273140839,0.6727946296846923,0.5925423808266396
529.2,0.00273138083,0.6728137933998792,0.5926173467671766
529.3,0.002731364625,0.6728351185308117,0.5927004720521536
529.4,0.00273136363,0.6729205887005453,0.5927846447441212
529.5,0.002731380735,0.6731022921364436,0.5928712433739359
529.6,0.002731416665,0.6733631260081007,0.5929661464897711
529.7,0.002731473085,0.6736312546578992,0.59308218184275
529.8,0.00273155361,0.6738224834027232,0.5932025833811988
529.9,0.00273165986,0.6738897637509925,0.5933097449915684
530.0,0.002731791995,0.6738302808356894,0.5934014870368756
530.1,0.002731947905,0.6736647880178837,0.5934692204028055
530.2,0.002732126165,0.6734132783932224,0.5934938636838988
530.3,0.00273232324,0.6731402488588842,0.5934842686316162
530.4,0.002732533655,0.6729212861341144,0.5934840927024275
530.5,0.002732754625,0.6727475811931122,0.5935000369134631
530.6,0.002732984015,0.6725833198796265,0.5935069170013745
530.7,0.002733217105,0.672457473961109,0.5934933918166821
530.8,0.002733449165,0.6724135544958119,0.5934504079176773
530.9,0.00273367722,0.6724247762647704,0.5933891424627026
531.0,0.002733898205,0.67242793670698,0.5933279096802914
531.1,0.002734111345,0.6723908156481851,0.5932556241466065
531.2,0.002734316645,0.67232944777729,0.5931523838721872
531.3,0.00273451379,0.672278415746225,0.5930250130245955
531.4,0.002734702005,0.6722587870753254,0.5928917843633421
531.5,0.00273488045,0.6722737410563565,0.5927605198258157
531.6,0.002735049735,0.6722964422048714,0.5926318728632882
531.7,0.00273521162,0.6723112956549374,0.592505634245689
531.8,0.002735369075,0.6723193192825748,0.5923764569823217
531.9,0.002735524945,0.672309749991352,0.5922231811900271
532.0,0.00273568189,0.6722739923837687,0.5920318845868019
532.1,0.002735840735,0.672186103187692,0.5918321125949156
532.2,0.002736001985,0.6720201139982469,0.591641259584573
532.3,0.00273616671,0.6717979028666732,0.5914476312912802
532.4,0.0027363369,0.671598776157918,0.5912515933964221
532.5,0.00273651421,0.6715049870508377,0.5910536315902228
532.6,0.00273670035,0.6715673225322702,0.5908529120939924
532.7,0.002736895155,0.6717645957013598,0.590643982359521
532.8,0.00273709877,0.6720120024060153,0.5904247042188486
532.9,0.00273730787,0.6722378829178084,0.5902056654675366
533.0,0.002737518825,0.6724006739659322,0.5900146685722504
533.1,0.00273772747,0.6724881107726669,0.589889736857195
533.2,0.002737930825,0.6725181883807323,0.5898188135180847
533.3,0.002738125605,0.6725419388211935,0.5897442000642434
533.4,0.00273830558,0.6725735997919563,0.5897036251384852
533.5,0.002738467535,0.6725062943109458,0.5897300132601383
533.6,0.002738612,0.6722100923891947,0.5897894892639376
533.7,0.00273873981,0.6716592141173877,0.5898497619756338
533.8,0.00273885039,0.6709014871020831,0.5899260869691527
533.9,0.002738942495,0.6700182974425648,0.590030133376247
534.0,0.00273901733,0.6691239551291261,0.5901167728467661
534.1,0.0027390751,0.6683381171427573,0.5901826664960381
534.2,0.00273911887,0.6677170682574396,0.5902502641451655
534.3,0.00273915263,0.667252759712795,0.5903015273974497
534.4,0.002739176095,0.6668842006290464,0.5903295918729428
534.5,0.0027391882,0.6665400831361429,0.59032969994373
534.6,0.002739189965,0.6662011241383764,0.590287799265872
534.7,0.00273918034,0.6658765662013341,0.5902221512891456
534.8,0.002739159065,0.6655324738411716,0.5901676094707681
534.9,0.002739127455,0.6650967726392305,0.5901173936254744
535.0,0.00273908702,0.6644983683537601,0.5900554872855985
535.1,0.00273903789,0.6637066430227583,0.5900207670319095
535.2,0.002738979875,0.6627644165540937,0.5900495402507052
535.3,0.00273891193,0.6617802812394302,0.5901397975793243
535.4,0.002738833055,0.6608986058275709,0.5902478689949263
535.5,0.002738744795,0.6602307157957882,0.5903336834832147
535.6,0.002738648465,0.659814423353261,0.5904091885210511
535.7,0.00273854655,0.6596387077929604,0.5904733115687035
535.8,0.00273844208,0.6596633378793646,0.5904949068766043
535.9,0.002738334975,0.6598227171578666,0.5904765989312563
536.0,0.002738225455,0.6600382241307174,0.5904596959061429
536.1,0.002738114965,0.6602466311041713,0.5904464251904556
536.2,0.002738006325,0.6603883169328482,0.5904117143615446
536.3,0.002737900825,0.6604221016202448,0.5903575080652624
536.4,0.002737800375,0.6603418590606869,0.5903188664756234
536.5,0.002737707915,0.6601686253585827,0.590308129140252
536.6,0.002737625285,0.6599042100713006,0.5902839627529234
536.7,0.00273755213,0.6595323020497834,0.5902121333784918
536.8,0.002737486335,0.6590545412053961,0.5901166547228823
536.9,0.002737425575,0.6584795857674919,0.5900166471473036
537.0,0.00273737061,0.6578274476812745,0.5898985138387507
537.1,0.00273732248,0.6573078408227413,0.5897658720270049
537.2,0.00273727997,0.6573014759560252,0.5896235182957299
537.3,0.002737239725,0.657812732461285,0.5894995912620052
537.4,0.00273720276,0.6585124028443513,0.5893608962295346
537.5,0.002737171015,0.6592897962296674,0.5892116165430953
537.6,0.00273714201,0.660252964554961,0.5891205028163189
537.7,0.0027371167,0.6613963786171615,0.5891013629772361
537.8,0.002737095975,0.662563499137526,0.5891442274957203
537.9,0.002737078185,0.6636286749762815,0.5892473018940475
538.0,0.002737060495,0.664548457907029,0.5893829778559782
538.1,0.00273703999,0.6653178465142637,0.5895220467379745
538.2,0.002737015245,0.6659812503517369,0.5896611558323569
538.3,0.00273698656,0.666640375340016,0.5898063099793235
538.4,0.00273695567,0.6673643553670359,0.589931317720921
538.5,0.002736924095,0.6681410261860415,0.5900299266594503
538.6,0.00273689498,0.6689034907230678,0.5901351970310424
538.7,0.002736873215,0.6695979900446263,0.59027508649704
538.8,0.00273686235,0.6702238769826304,0.5904505130308165
538.9,0.00273686408,0.6708313793204257,0.5906612686589381
539.0,0.002736880115,0.6714717050182656,0.5909165048408048
539.1,0.00273691141,0.6721702255784208,0.5912137277801683
539.2,0.002736957875,0.6729285494963295,0.5915484512827192
539.3,0.00273701963,0.6737218142077316,0.5919035536684953
539.4,0.00273709571,0.6744896131690836,0.5922669624252476
539.5,0.00273718663,0.6751610469173794,0.5926324414915586
539.6,0.00273729181,0.6757214002326296,0.5930324479177695
539.7,0.00273741036,0.6761966729356352,0.5935052393908974
539.8,0.002737543325,0.6766221451118962,0.5940166774802127
539.9,0.00273769028,0.6770437091468962,0.5945205594108776
540.0,0.002737851645,0.6774706264557777,0.5950202454303942
540.1,0.002738029785,0.6778362387256173,0.5955373628909086
540.2,0.002738226805,0.6780481956987697,0.596070851190741
540.3,0.002738441165,0.6780692318031781,0.5965973437920522
540.4,0.00273866972,0.6779450195128405,0.5970907698740475
540.5,0.002738910075,0.677739565636481,0.597550656312873
540.6,0.002739162995,0.6774639160138698,0.5979747034627062
540.7,0.00273942945,0.6771042602037015,0.5983603590936756
540.8,0.002739709875,0.6766611636926538,0.5987151686830164
540.9,0.002740003715,0.6761626557703823,0.5990280794794549
541.0,0.00274031238,0.6756580468751774,0.5992850736965706
541.1,0.002740636295,0.6751898490388275,0.5995018724923207
541.2,0.00274097547,0.6747515654477252,0.5997092427401989
541.3,0.002741331575,0.6743084877862335,0.5998951735031719
541.4,0.002741705615,0.6738180537570816,0.6000237224480085
541.5,0.00274209667,0.6732951607926327,0.6000818368855516
541.6,0.00274250169,0.6728448574680379,0.6000853328498565
541.7,0.00274291692,0.6724787299770032,0.6000638054003571
541.8,0.00274334154,0.672123554077959,0.5999983088483966
541.9,0.00274377571,0.67178362118647,0.5998443588703186
542.0,0.00274421862,0.6715030392633925,0.5996487237276387
542.1,0.00274466943,0.6712593836203654,0.5994740832203441
542.2,0.00274512961,0.6709779534672715,0.5992860626699379
542.3,0.002745596485,0.6705781858021023,0.5990303659305881
542.4,0.00274606294,0.670016236557784,0.5987148827980849
542.5,0.00274652414,0.6692998843177271,0.5983796472159316
542.6,0.00274697819,0.6684759890779526,0.5980298258474062
542.7,0.00274742314,0.6676166001243778,0.5976416877299219
542.8,0.002747857605,0.6667734657711927,0.5972283835703268
542.9,0.00274828038,0.6659822116790889,0.5968209837199648
543.0,0.0027486905,0.6653122042138578,0.5964212939662934
543.1,0.002749087285,0.6648391431920803,0.596013701850461
543.2,0.00274946935,0.664542689942917,0.5955987068856997
543.3,0.00274983554,0.6642794935935845,0.5952066694234139
543.4,0.00275018666,0.6638851671668913,0.594838163118422
543.5,0.002750522065,0.6633284706654898,0.5945008484302504
543.6,0.002750840495,0.6627577626608534,0.594183163041297
543.7,0.002751141355,0.6623628958802237,0.5938448254505575
543.8,0.002751423685,0.6622297300508233,0.5934817760920048
543.9,0.00275168322,0.6623649190658926,0.5931181744414636
544.0,0.002751915475,0.6627431479718289,0.5927654175687627
544.1,0.00275211737,0.6633129826137076,0.5924237630844995
544.2,0.002752287445,0.6639954684849588,0.5921063164565877
544.3,0.00275242562,0.6647244373611124,0.591825840719342
544.4,0.002752533515,0.66544734924663,0.5915983504554732
544.5,0.00275261211,0.6661374377721028,0.5914407468051391
544.6,0.00275266174,0.6667931761235013,0.5913376862298196
544.7,0.0027526834,0.6673994281074205,0.5912617834663533
544.8,0.002752679235,0.6679199208950819,0.5912139910456327
544.9,0.00275265283,0.6683300495328227,0.5911815723227217
545.0,0.002752607545,0.6686697939287526,0.5911567776168626
545.1,0.00275254647,0.6690387300036196,0.5911717667837314
545.2,0.00275247349,0.6695221205820421,0.5912260868056676
545.3,0.0027523906,0.6701293653092397,0.5912714137044736
545.4,0.002752295965,0.6708384541870815,0.5912917222160234
545.5,0.00275218905,0.6716372418183685,0.5913200895410483
545.6,0.00275207306,0.6725150593544493,0.5913645455903707
545.7,0.002751951855,0.6734262468876966,0.5914033115870789
545.8,0.00275182612,0.6743215316789313,0.5914446775658674
545.9,0.00275169648,0.6751821961191233,0.591505810445632
546.0,0.002751564365,0.675986682599484,0.5915847209699049
546.1,0.00275142963,0.6766515504191338,0.5916628806535336
546.2,0.00275129453,0.6770759293211515,0.5917119686670644
546.3,0.002751158375,0.6772642175352516,0.5917550028315518
546.4,0.00275101981,0.6773098146110258,0.5918217139232322
546.5,0.002750879465,0.6772930196566997,0.5919064634116111
546.6,0.00275073732,0.6772561687748732,0.592013264367144
546.7,0.00275059552,0.6772227987777066,0.5921421764800915
546.8,0.002750456825,0.6771769126754084,0.5922515975238974
546.9,0.002750323995,0.6770402785277184,0.592307461952782
547.0,0.00275019774,0.6767492351011046,0.5923301373402372
547.1,0.00275007583,0.676315343456532,0.5923665257796251
547.2,0.002749957425,0.6758283463297431,0.592410449643152
547.3,0.00274984509,0.6754434132650841,0.5924358211454225
547.4,0.002749740955,0.6752874080570921,0.5924568440551418
547.5,0.00274964583,0.6753551470778888,0.5924893658222917
547.6,0.002749559005,0.6755494357339574,0.5925364777740435
547.7,0.002749480155,0.6757722123522087,0.5925874966104192
547.8,0.00274940903,0.6759363919842853,0.5926240955365151
547.9,0.00274934201,0.6759613425131402,0.592644642180788
548.0,0.002749277245,0.6758368788953902,0.5926418405084596
548.1,0.00274921649,0.6756217677632137,0.5926303661554516
548.2,0.00274916093,0.6753814107924728,0.5926436205348571
548.3,0.0027491105,0.6751456405470062,0.5926739111429045
548.4,0.002749067235,0.6748979510990119,0.5926920211679154
548.5,0.00274903172,0.6746192981138237,0.5927062500693621
548.6,0.00274900351,0.6743041523883716,0.5927358696332186
548.7,0.00274898232,0.6739715205582094,0.5927664561792939
548.8,0.00274897054,0.6736356843035407,0.5927605707196166
548.9,0.002748969335,0.6732702353965192,0.5926919507962399
549.0,0.002748978285,0.6728126498601533,0.5925921669020581
549.1,0.002748999995,0.6722160802647925,0.5924776577347903
549.2,0.002749035235,0.6714644353728652,0.592351343090649
549.3,0.00274908186,0.6705210088158069,0.5922200169779065
549.4,0.00274914034,0.6693220199795643,0.5921133831551028
549.5,0.00274921382,0.6679059345245881,0.5920650623184979
549.6,0.00274930511,0.6664889568572983,0.592060860752483
549.7,0.00274941541,0.6653663527048351,0.5920683880084809
549.8,0.002749544735,0.6646515335619932,0.5920704256454761
549.9,0.002749692375,0.6641625697982032,0.5920750971937521
550.0,0.002749859825,0.6636527709919345,0.5920839118744193
550.1,0.002750051475,0.6630602414847263,0.5920772372466676
550.2,0.002750268475,0.6625094825934401,0.5920661618759266
550.3,0.002750510285,0.6621782770463428,0.5920556494785891
550.4,0.00275077875,0.6621357335986279,0.5920500750365847
550.5,0.002751073065,0.6623353818117635,0.5920823932285307
550.6,0.002751392715,0.6627120901868555,0.5921469077186278
550.7,0.002751735265,0.6631986223579316,0.5922219101016396
550.8,0.00275209769,0.663709684084447,0.5922984870508894
550.9,0.00275247819,0.6641692425409994,0.5923873419725479
551.0,0.002752874885,0.664548194013246,0.5924907487513779
551.1,0.00275328527,0.6648685610656885,0.5926050047062777
551.2,0.00275370491,0.6652251318318709,0.5927363534384872
551.3,0.002754131375,0.6657459764779096,0.5928809779129323
551.4,0.002754564345,0.6664917465915747,0.5930262954227168
551.5,0.00275500152,0.6674257860697841,0.5931709670210517
551.6,0.00275543837,0.6684438505851064,0.5933192439111157
551.7,0.00275587143,0.6693906951949717,0.5934528068378275
551.8,0.002756298505,0.67014532459992,0.5935634367664866
551.9,0.00275671732,0.6707569612736475,0.5936622103244711
552.0,0.00275712665,0.6713949559097384,0.5937631522097051
552.1,0.00275752392,0.6721402924836173,0.5938699990324907
552.2,0.00275790529,0.672959180024702,0.5939597002992102
552.3,0.00275826884,0.6737795880966311,0.594023698311475
552.4,0.002758612525,0.674539859801985,0.5940892991643116
552.5,0.002758934725,0.675231135849481,0.5941861324746732
552.6,0.00275923491,0.6758428981869146,0.594305531216747
552.7,0.00275951295,0.6763271495617242,0.5944307821176159
552.8,0.002759769825,0.6766797367884219,0.5945421748249713
552.9,0.002760004635,0.676979928532843,0.5946386675866893
553.0,0.00276021444,0.6773231286806918,0.5947494539666626
553.1,0.00276040019,0.6777113478512664,0.5948331661011471
553.2,0.00276056255,0.6780591975562426,0.5948701633811914
553.3,0.002760698835,0.6782999503676577,0.5948670833637538
553.4,0.002760808515,0.6784335497368443,0.594850028285556
553.5,0.00276089298,0.6784951689351518,0.5948414485960191
553.6,0.002760955895,0.6785058629165446,0.5948477154450444
553.7,0.0027609997,0.6784982414127669,0.5948681986291459
553.8,0.002761025855,0.6785171914996535,0.5948896613618366
553.9,0.00276103718,0.6785972078645404,0.5948811765483978
554.0,0.002761035245,0.6787242601546369,0.594820952845547
554.1,0.002761020885,0.6788354411186475,0.5946937956262559
554.2,0.002760994225,0.6788633258950406,0.5944992832887904
554.3,0.00276095519,0.6787854583795287,0.5942458541510179
554.4,0.002760903575,0.6786262801629567,0.5939433420262629
554.5,0.002760838535,0.6784109491192943,0.5936395016361339
554.6,0.00276075988,0.6781310017979331,0.593377360861933
554.7,0.00276066771,0.6777677582889543,0.593130442360776
554.8,0.002760562375,0.6773299647863059,0.5928743805683597
554.9,0.00276044435,0.6768561811982181,0.5926130635197527
555.0,0.002760314725,0.676383704512674,0.592318454385477
555.1,0.002760174705,0.6759281044628652,0.5919723646007055
555.2,0.002760024135,0.6754910272433419,0.5916056634548522
555.3,0.002759862865,0.6750590017048055,0.5912333595926607
555.4,0.002759690755,0.6745912939569096,0.5908407811481199
555.5,0.00275950735,0.6740211577221362,0.5904446633852954
555.6,0.00275931187,0.6733203437993439,0.5900800262658157
555.7,0.00275910513,0.6725238181147675,0.589761762823814
555.8,0.00275888806,0.6716920311942471,0.5894852542897713
555.9,0.00275866181,0.6708656226803498,0.5892389289213071
556.0,0.00275842749,0.670041375582198,0.5890121090733106
556.1,0.002758184895,0.6692074963609704,0.5887947824899947
556.2,0.00275793449,0.6684010809427204,0.5885908598258945
556.3,0.002757679295,0.6676701579959362,0.5884090822484096
556.4,0.002757421515,0.6670057614151844,0.5882620506856734
556.5,0.00275716275,0.6663533280192575,0.5881554621018039
556.6,0.00275690272,0.6656918342701177,0.5880681390207232
556.7,0.002756641495,0.6649932634444802,0.5879846423994947
556.8,0.00275638233,0.6641808664338178,0.5879163586265318
556.9,0.00275612967,0.6632411029737935,0.5878644412946571
557.0,0.00275588688,0.6622767848255888,0.5878254673245152
557.1,0.002755653885,0.6614325194990484,0.5878533954548871
557.2,0.00275543041,0.660848886982235,0.587945850013408
557.3,0.002755222455,0.6605950777117515,0.5880293585726888
557.4,0.002755029755,0.6605838496596077,0.5881115256719064
557.5,0.00275485153,0.6606682454046536,0.5882226884146795
557.6,0.00275469129,0.6607331004433944,0.5883616391727922
557.7,0.002754552655,0.6606653111571151,0.5885142646554075
557.8,0.002754437055,0.6604556538297852,0.5886707392173418
557.9,0.002754342135,0.6602027619043566,0.5888404951763786
558.0,0.002754267525,0.6599878267013686,0.5890180561082038
558.1,0.00275421322,0.6598440548551697,0.5891923711464995
558.2,0.002754178295,0.6598232826445442,0.5893925572002974
558.3,0.002754161655,0.6599819456399211,0.5896372049582845
558.4,0.00275416344,0.6603209234872434,0.589897037918522
558.5,0.002754184795,0.6607887129165482,0.5901411534907136
558.6,0.002754225835,0.6613045435807118,0.5903823059127143
558.7,0.00275428684,0.6617419789417976,0.5906400534837484
558.8,0.00275436782,0.6619579697199172,0.590906011921342
558.9,0.0027544678,0.6618812897264283,0.5911476267857813
559.0,0.002754585495,0.6615881100168101,0.5913723097224548
559.1,0.00275471977,0.6612880250865392,0.5916183435511206
559.2,0.00275487281,0.6611885873958677,0.5918761250513555
559.3,0.00275504557,0.661343555878284,0.5921102044916559
559.4,0.002755237675,0.6616990270870377,0.5923251817919853
559.5,0.00275544771,0.6622097495215464,0.5925476882332685
559.6,0.002755675685,0.6628166863726641,0.5927868036465926
559.7,0.002755921425,0.6634287880021043,0.5930266567058718
559.8,0.002756182875,0.6640443830825752,0.5932596592082108
559.9,0.002756458115,0.6647577822255376,0.5935111550098641
560.0,0.002756745845,0.6656119121530103,0.5937900963932579
560.1,0.00275704432,0.6665552318959184,0.5941022180216217
560.2,0.00275735126,0.6675147245578071,0.5944630607254945
560.3,0.0027576664,0.6684312465153802,0.5948511693120078
560.4,0.002757989875,0.6692594708698314,0.5952456421369188
560.5,0.002758321025,0.669976413729307,0.5956454814304005
560.6,0.00275866039,0.6706031237645864,0.5960294889818638
560.7,0.00275900902,0.6712218290217844,0.5963823903678268
560.8,0.002759368815,0.6719082670165937,0.596700326455874
560.9,0.00275973909,0.6726596605811087,0.596977862919033
561.0,0.002760120075,0.673391934412734,0.5972185547835508
561.1,0.00276051214,0.6740271770136604,0.5974461179323691
561.2,0.002760916205,0.6745736005070847,0.5976721951078623
561.3,0.00276133344,0.6750570413509897,0.5978735058518303
561.4,0.002761763575,0.6754325056553908,0.5980260031574652
561.5,0.00276220507,0.6756412142217394,0.5981038191508575
561.6,0.00276265628,0.6756677858124035,0.5980754197815876
561.7,0.002763113705,0.6755217520194939,0.5979357935810544
561.8,0.002763574665,0.6752206429300179,0.5977020766805462
561.9,0.002764037215,0.6747611221725774,0.5973953322021682
562.0,0.002764498925,0.6741085128474619,0.597023383968265
562.1,0.002764956575,0.6732482128320175,0.5965848038108162
562.2,0.00276540691,0.6722320709713993,0.5960924069145743
562.3,0.00276584675,0.6711278577023303,0.5955770349229382
562.4,0.002766272625,0.6699810947023609,0.5950931913268551
562.5,0.002766683145,0.6688236188714429,0.594625694065667
562.6,0.00276707828,0.6676728974647301,0.5941382627707734
562.7,0.002767455355,0.6665451976489829,0.5936466965116292
562.8,0.002767812475,0.6654470350873647,0.5931881307983553
562.9,0.002768149885,0.6644056159722554,0.5927762912492552
563.0,0.00276846709,0.6634995680845897,0.5923939525118096
563.1,0.002768762435,0.6628195515051641,0.591997065058785
563.2,0.00276903389,0.662384685966869,0.5915903205446507
563.3,0.002769279395,0.6620857131603974,0.5912202924521773
563.4,0.00276949887,0.6617240718636721,0.590865656278751
563.5,0.002769691095,0.6612325948257592,0.5905200754319893
563.6,0.002769855435,0.6607648493787516,0.5901819451863649
563.7,0.002769991345,0.6605220922312234,0.5898904405739495
563.8,0.00277010157,0.6605814997483027,0.5896267792689043
563.9,0.002770189685,0.6608560812294119,0.5893598984597077
564.0,0.00277025762,0.6611802370425945,0.5890909366595374
564.1,0.00277030626,0.661414185164322,0.5888178556030796
564.2,0.00277033644,0.6614476117101562,0.5885565303863317
564.3,0.00277034761,0.6611937019087077,0.5883461454661433
564.4,0.00277034125,0.6606382117788854,0.5882040782481182
564.5,0.002770319935,0.6598692252955103,0.5881361859176
564.6,0.002770287055,0.6590228613850773,0.5881386746873001
564.7,0.002770244335,0.6582234831343713,0.588158881411248
564.8,0.00277019356,0.657557886465226,0.5881433487488501
564.9,0.00277013655,0.6570537173929925,0.5880957712130671
565.0,0.00277007325,0.6567537204273158,0.5880479517746497
565.1,0.002770004575,0.6566478801708164,0.5880163731136144
565.2,0.00276993441,0.6565497745154301,0.5880107176185194
565.3,0.0027698666,0.6562753061316565,0.5880477783587352
565.4,0.00276980102,0.6558887645715589,0.5881298109977873
565.5,0.00276973565,0.6555972184901204,0.5882533597837565
565.6,0.00276966908,0.6555518790249438,0.5884192622652443
565.7,0.0027696011,0.6557675305110569,0.5886243693097748
565.8,0.00276953081,0.6561399034882869,0.5888402532737442
565.9,0.00276945837,0.6565228510663889,0.5890370413809279
566.0,0.002769380545,0.656797803255431,0.5892345985499935
566.1,0.00276929634,0.6569474310303363,0.5894331874180863
566.2,0.002769206305,0.6570901850005153,0.5895919019355826
566.3,0.00276911087,0.6572945456026313,0.5897103041644668
566.4,0.002769012745,0.6574861701881297,0.5898390717641521
566.5,0.002768916495,0.6575869022149744,0.5900203498284051
566.6,0.00276882723,0.6575883787635216,0.5902340610668952
566.7,0.00276874958,0.6575046239033769,0.590417940998184
566.8,0.002768683345,0.6573698055962407,0.5905902498154111
566.9,0.002768628705,0.6572632993220987,0.5907728316406153
567.0,0.002768586185,0.6572649580830198,0.5909495430857871
567.1,0.002768558745,0.6573690578971892,0.5910774549156336
567.2,0.00276854659,0.6574571607215665,0.5911479409450466
567.3,0.002768547505,0.6573643078090969,0.5911611287226878
567.4,0.0027685606,0.6570137626176241,0.5911179154874192
567.5,0.00276858424,0.6564923524849079,0.5910511227143297
567.6,0.00276861625,0.6560114437646817,0.5909887997992679
567.7,0.002768654235,0.6557433590971802,0.5909327399633202
567.8,0.002768696585,0.6557147014889941,0.5908841282152355
567.9,0.00276874121,0.6558295392668535,0.5908497692447018
568.0,0.002768787865,0.655904906074613,0.5908058309298486
568.1,0.00276883605,0.6557670027234911,0.5907411631300301
568.2,0.002768884395,0.6553421714321315,0.5906591298626594
568.3,0.00276893332,0.6547562706854223,0.5905617964107476
568.4,0.00276898331,0.6543329976240188,0.5904626515165113
568.5,0.00276903506,0.6544011387686751,0.5903588225076287
568.6,0.002769089955,0.6550071017260701,0.5902434550572481
568.7,0.00276914958,0.6559338087270261,0.5901293165979135
568.8,0.00276921473,0.6569803235054192,0.5900475101535324
568.9,0.002769287505,0.6581006217288747,0.5900126636078189
569.0,0.00276937125,0.6593388741901018,0.5900353465350963
569.1,0.002769468575,0.6607226138071167,0.5901006476799938
569.2,0.002769580035,0.6621700397904051,0.5901591259139662
569.3,0.00276970558,0.6635382725060819,0.5901849177613337
569.4,0.00276984382,0.6647418543507839,0.5902070810691863
569.5,0.00276999221,0.6657744644400924,0.5902509100566151
569.6,0.002770150705,0.6666224682618905,0.5902872796464471
569.7,0.00277032078,0.6672102099818947,0.5903141295822203
569.8,0.002770504685,0.6674956739399558,0.5903653249761032
569.9,0.002770703365,0.6675949168518827,0.5904290999352896
570.0,0.002770914295,0.6677046464000873,0.5904594923309389
570.1,0.00277113341,0.6679133047009534,0.5904467776771514
570.2,0.00277135883,0.6681708524666947,0.5904067148309956
570.3,0.002771588755,0.6683861960767278,0.5903609305162993
570.4,0.002771822665,0.6684661747425028,0.590341984199324
570.5,0.00277206072,0.6683744716529445,0.5903733762497557
570.6,0.002772302385,0.6681333544167816,0.5904763708516296
570.7,0.002772546835,0.6677887405522386,0.5906598379776437
570.8,0.002772793535,0.6674058997882868,0.5909130880446348
570.9,0.00277304405,0.6670131881402176,0.591190004357404
571.0,0.00277329843,0.6665668997710339,0.5914082005335665
571.1,0.00277355546,0.6660244221179826,0.5915282941959352
571.2,0.00277381216,0.6654349211060924,0.5915886818899225
571.3,0.002774066545,0.6648566921286433,0.5916722011306182
571.4,0.0027743205,0.6643037655384262,0.5917988161110174
571.5,0.002774577435,0.6637841963790049,0.5919311305688086
571.6,0.00277483691,0.6632897599608123,0.5920505324524751
571.7,0.002775097915,0.6627984462857174,0.5921448279842911
571.8,0.00277535957,0.6623349671215333,0.592226920941922
571.9,0.002775621415,0.6619091368037098,0.592301640581595
572.0,0.00277588412,0.6615197363942973,0.5923509233738704
572.1,0.002776144625,0.6612191488092019,0.5923574930724276
572.2,0.00277639872,0.6610438479391315,0.5923157255980981
572.3,0.002776642,0.6609248255598577,0.5922171116330205
572.4,0.002776871745,0.6607176375243534,0.5920692978137135
572.5,0.002777086765,0.6603471432195303,0.5918968495097726
572.6,0.00277728785,0.6598601775086679,0.5916929978456664
572.7,0.0027774749,0.6593956679020934,0.5914477852293203
572.8,0.002777645885,0.659002566696535,0.5911831179863074
572.9,0.002777797415,0.6586104205351433,0.5909281670610536
573.0,0.002777929415,0.6581884543762838,0.5906756489851507
573.1,0.0027780421,0.6577680275978245,0.5904131462994762
573.2,0.002778132315,0.6573908291342786,0.5901289132174167
573.3,0.00277819765,0.6570812817269351,0.5898230113141885
573.4,0.00277823684,0.656809483696917,0.5895139784997215
573.5,0.00277824841,0.6565561456653316,0.5892117384368902
573.6,0.002778229865,0.6564182988628774,0.5888923000392362
573.7,0.002778181355,0.6564313364723897,0.588543403555588
573.8,0.00277810231,0.656470530982336,0.58821103938912
573.9,0.002777991115,0.6564326873572308,0.5879189033165813
574.0,0.00277784574,0.6562788435649846,0.5876421321453925
574.1,0.00277766543,0.6560152011094953,0.5873517440550063
574.2,0.00277745094,0.6557280595409571,0.5870722057690084
574.3,0.00277720303,0.6555099450462037,0.586842432195599
574.4,0.002776923315,0.6553681335538206,0.5866284419836811
574.5,0.00277661294,0.6552528496698046,0.5863895452252056
574.6,0.002776272755,0.655127204813217,0.5861537284841678
574.7,0.002775905335,0.6550246318130772,0.5859540865542174
574.8,0.00277551468,0.6550530757929628,0.5857710535963081
574.9,0.002775102125,0.6552532706432201,0.5855708832504735
575.0,0.002774667525,0.655556484599774,0.5853359744297125
575.1,0.00277421246,0.655897215455797,0.5851170148465352
575.2,0.002773740595,0.6562384112675329,0.5849529388870163
575.3,0.002773253525,0.6565862798220649,0.5848449623475124
575.4,0.00277275141,0.6569915955398603,0.584776432902004
575.5,0.00277223345,0.6574961101872857,0.5847573703461005
575.6,0.002771698555,0.6580590584580678,0.5847883005824123
575.7,0.002771146665,0.658594335580757,0.5848590775233049
575.8,0.002770576735,0.6590654739478305,0.5849784297698074
575.9,0.0027699909,0.6594839340892887,0.5851167842536344
576.0,0.002769394345,0.6598752257374786,0.5852464949594344
576.1,0.002768791795,0.6602488427853994,0.5853846232485904
576.2,0.002768187535,0.6606238735500144,0.5855416601556098
576.3,0.00276758371,0.6610460282044331,0.58568887393072
576.4,0.002766980085,0.6615655847974838,0.5858268646181177
576.5,0.002766377205,0.6621855655412991,0.5859716568536105
576.6,0.002765778375,0.6628511559272593,0.58616824578382
576.7,0.00276518906,0.6634927005630489,0.5864251426115634
576.8,0.00276461408,0.6640739077703336,0.5867385485230042
576.9,0.002764057985,0.6646005266636695,0.5870768754323287
577.0,0.0027635227,0.6651123298060512,0.5874028477143837
577.1,0.00276300677,0.6656242648953242,0.5877042929542735
577.2,0.00276250824,0.6660632584863663,0.5879937002394335
577.3,0.002762027345,0.6663295147469434,0.588302817876902
577.4,0.00276156617,0.6664182081907395,0.5886309214154132
577.5,0.00276112892,0.6664165054475212,0.5889231146649383
577.6,0.00276071768,0.6663998487232718,0.5891515235304989
577.7,0.002760332185,0.6663575943020811,0.5893388560721139
577.8,0.00275997472,0.6662375289140462,0.5894808441220042
577.9,0.002759649595,0.6660453514082407,0.589564949583889
578.0,0.002759358325,0.6658381319568101,0.5896346495868201
578.1,0.00275910056,0.6656197661346442,0.589751237860106
578.2,0.002758877585,0.6653476413789904,0.5899025671215924
578.3,0.002758691625,0.664987124772435,0.5900353377386369
578.4,0.002758544465,0.6645155591487606,0.5901503313394918
578.5,0.002758433525,0.6639744575132915,0.5903030504415682
578.6,0.002758358805,0.6634738510071273,0.5904663397462867
578.7,0.002758324965,0.6631021754634664,0.5905557255971037
578.8,0.002758328905,0.6628626353068156,0.5906309403517789
578.9,0.00275836618,0.6627211568232537,0.590717985716069
579.0,0.002758435665,0.6626751387740639,0.5907998524790289
579.1,0.002758537785,0.6627142641689718,0.590868766455478
579.2,0.00275866979,0.6627911200916492,0.5909253509373988
579.3,0.00275882885,0.6628866559242449,0.591003264948482
579.4,0.00275901306,0.6630082669758653,0.5911370509282722
579.5,0.00275922228,0.6631643350157104,0.591329123504883
579.6,0.002759455775,0.6633769391569494,0.5915704399180203
579.7,0.002759712805,0.6636693146188484,0.5918153540830643
579.8,0.0027599923,0.6640836152916332,0.5920291287817261
579.9,0.002760293405,0.6646119055122609,0.5922464792411462
580.0,0.002760615835,0.6651930938699897,0.592483755566131
580.1,0.002760958785,0.6657971781549777,0.592727962872828
580.2,0.00276132089,0.6664340732336401,0.5930096908489054
580.3,0.00276170132,0.6671023528229117,0.5933607569164403
580.4,0.00276210255,0.6677805912608952,0.5937530739804724
580.5,0.002762523745,0.6684708180164448,0.5941525639288511
580.6,0.00276296404,0.6691952755655479,0.5945507061339814
580.7,0.00276342321,0.6699646830223386,0.5949732333812889
580.8,0.00276390004,0.6707809379087796,0.595424816590731
580.9,0.002764392135,0.6716420107560167,0.5958662065886491
581.0,0.00276489589,0.6725139095315381,0.5962952727469059
581.1,0.002765408975,0.6733400792843939,0.596723379462766
581.2,0.002765931205,0.674067502496962,0.5971279908354886
581.3,0.002766461825,0.6746683446583316,0.5974891056012853
581.4,0.00276700076,0.6751231718763477,0.5977925356994137
581.5,0.002767546405,0.6754220944173368,0.5980249155380886
581.6,0.0027680987,0.675579148917275,0.598170836861981
581.7,0.002768658405,0.6756422446641297,0.5982394869446472
581.8,0.002769225485,0.6756469759026661,0.5982508035897041
581.9,0.00276980025,0.6755909801552085,0.5982094325843674
582.0,0.00277038165,0.6754312553015147,0.5981218148218959
582.1,0.002770967295,0.6751298132032174,0.59802884064395
582.2,0.00277155606,0.6747131374863865,0.5979817092143237
582.3,0.002772146365,0.674272887258283,0.5980047886105941
582.4,0.00277273645,0.6738744013629164,0.5980579198538701
582.5,0.002773325065,0.6735268532508351,0.5980828402234354
582.6,0.002773909525,0.6732018177917094,0.5980848175418516
582.7,0.00277448721,0.6728508579100062,0.5980503706067235
582.8,0.002775055075,0.6723988141430812,0.5979541272874623
582.9,0.00277561051,0.6717916636636632,0.597781047523398
583.0,0.00277614836,0.6710365441702609,0.597533743234663
583.1,0.00277666413,0.6701530529178478,0.5972142482883412
583.2,0.00277715431,0.6691380231810289,0.5968452449833915
583.3,0.002777615885,0.667997669030073,0.5964675269004206
583.4,0.002778048255,0.6667681187804962,0.5961045479135434
583.5,0.002778452825,0.6655150380019442,0.5957791945252412
583.6,0.002778830775,0.664317651377955,0.5955167402200935
583.7,0.002779185455,0.6632562957158663,0.5953159145380312
583.8,0.002779521365,0.6623997027797531,0.595120253005973
583.9,0.00277983983,0.6617531504452737,0.5948822867872415
584.0,0.002780139485,0.6612512307533803,0.5946342297729068
584.1,0.002780423765,0.6607932745090812,0.5943776684672587
584.2,0.00278069618,0.6603063653468867,0.5941284980724875
584.3,0.00278095749,0.6597755681353213,0.5939477151232366
584.4,0.002781209935,0.6592613773825231,0.5938474109813114
584.5,0.00278145567,0.6588519964438337,0.5938080738430588
584.6,0.0027816969,0.6585819954048138,0.5938227394258843
584.7,0.00278193712,0.6583784641831583,0.5938732342446054
584.8,0.00278217715,0.6581981933135099,0.5939164958604009
584.9,0.00278241786,0.6581435987163758,0.5939215374882914
585.0,0.00278266031,0.6582743706521742,0.5938983789238862
585.1,0.002782904955,0.6585339164708431,0.593858335555605
585.2,0.00278315047,0.658891008741406,0.5937975595607657
585.3,0.00278339567,0.6592602526923531,0.5937331342919
585.4,0.00278363869,0.6594953820529184,0.5936804315618619
585.5,0.00278387799,0.6595944113365448,0.5936272173805398
585.6,0.00278411176,0.6596648961093208,0.5935649459875973
585.7,0.00278433798,0.6597896864527067,0.5935096891427319
585.8,0.002784556335,0.660007266876709,0.5934607349610481
585.9,0.00278476585,0.6603051024266399,0.593404778797658
586.0,0.00278496753,0.6606641864669452,0.5933277978395929
586.1,0.002785161235,0.6610641112117472,0.5932292837771617
586.2,0.00278534704,0.6614919772816101,0.5930926376914196
586.3,0.00278552439,0.66192509609439,0.5929155737595522
586.4,0.002785692965,0.6623164380080624,0.5927211041477467
586.5,0.002785855255,0.6626138525845778,0.5925208847930666
586.6,0.002786013565,0.6627801308005469,0.5923066526785145
586.7,0.00278616897,0.6628161146028011,0.5920814105383486
586.8,0.002786323825,0.6627540178824103,0.5918775249450419
586.9,0.002786482025,0.6626328969192438,0.5917052563402008
587.0,0.00278664738,0.6624919964887304,0.5915554903352188
587.1,0.002786822285,0.6623772969409478,0.5914502696007906
587.2,0.002787009365,0.6623234563260506,0.591381395208409
587.3,0.00278721149,0.6623155457957488,0.5912909305346747
587.4,0.002787429215,0.6623008619916859,0.5911503404935154
587.5,0.002787663985,0.6622390731473751,0.5909655639516833
587.6,0.00278791844,0.66212064138752,0.5907378217320837
587.7,0.002788193335,0.6619602002507012,0.5904846571164127
587.8,0.002788488735,0.6617774726555978,0.5902595695426054
587.9,0.00278880488,0.6615894106361687,0.5900763669386927
588.0,0.002789138585,0.6614119295007967,0.589898356759118
588.1,0.002789486355,0.6612609571242358,0.5896867566708911
588.2,0.002789846405,0.6611200566937223,0.5894633159199527
588.3,0.00279021645,0.6609454469740358,0.5892745520687247
588.4,0.0027905962,0.6607132958433062,0.5890911597126158
588.5,0.002790983555,0.6604335747166158,0.5889164456920533
588.6,0.00279137508,0.6601117436819968,0.5887688247665351
588.7,0.00279176812,0.6597637431805733,0.588660035811171
588.8,0.00279216029,0.659428428430285,0.5885653852793852
588.9,0.00279254907,0.6591608589839788,0.5884697828450253
589.0,0.002792931005,0.6590129025363654,0.588408823381175
589.1,0.00279330389,0.6590064057227577,0.5884132769029207
589.2,0.002793664285,0.6591191888990215,0.5884958392144941
589.3,0.00279400917,0.6593377180840053,0.5886573598025487
589.4,0.002794335865,0.6596998683187405,0.5888655481211539
589.5,0.002794641995,0.6602281899552948,0.5890744520945655
589.6,0.002794925425,0.6608554906099929,0.5892559682915417
589.7,0.00279518494,0.6614600775498056,0.5894101130483642
589.8,0.002795421415,0.6619869540537392,0.5895486654525284
589.9,0.002795636265,0.6624606810931594,0.5897066372975215
590.0,0.002795831685,0.6628764143321941,0.5898913453526337
590.1,0.002796010345,0.6632280904970222,0.5900854982918997
590.2,0.002796173905,0.6635512786996677,0.5902693329842542
590.3,0.002796320245,0.6638874668127137,0.5904118997155112
590.4,0.00279644693,0.6642749697001634,0.5905018774423841
590.5,0.002796554475,0.6647177646183162,0.5905442864299335
590.6,0.002796641265,0.6651614077664856,0.5905599680038232
590.7,0.00279670583,0.665541132070525,0.5905475015358551
590.8,0.00279674802,0.66581123364051,0.5904822977803299
590.9,0.00279676527,0.6659604153092584,0.5903622675781327
591.0,0.00279675559,0.666022958135806,0.5901850987170705
591.1,0.002796719175,0.6660436989305051,0.5899322595703985
591.2,0.0027966576,0.6660350344179664,0.5896361544097012
591.3,0.002796570985,0.6659949916780037,0.5893345822494681
591.4,0.00279645938,0.6659121290301726,0.5890149170288244
591.5,0.002796319735,0.6657743199268302,0.5886659382354487
591.6,0.00279614942,0.6655838137483165,0.5882767244366398
591.7,0.002795948265,0.6653488666001253,0.5878575850828499
591.8,0.00279571783,0.6650698366238187,0.5874469368256842
591.9,0.002795461395,0.6647512916951154,0.5870512463194607
592.0,0.00279518327,0.6644114530514059,0.5866683578033006
592.1,0.002794888,0.6640548445861116,0.5863263470624305
592.2,0.00279457905,0.6636910732895671,0.5861004740904597
592.3,0.002794261395,0.66336958783014,0.5859916951881922
592.4,0.002793942305,0.6631549228041203,0.5859194605483081
592.5,0.002793629075,0.6630644952011793,0.5858365344403055
592.6,0.0027933274,0.6630646271480708,0.5857749962950884
592.7,0.00279304187,0.6631221874086698,0.5857603294556258
592.8,0.002792775925,0.663238476602335,0.5857375805549027
592.9,0.00279253081,0.6634446781777461,0.5856691547819519
593.0,0.00279230744,0.6637480931962297,0.5856204512993619
593.1,0.00279210744,0.6641773227173045,0.5856609363755702
593.2,0.002791932945,0.6647921009836855,0.5857696034371392
593.3,0.002791785815,0.6655220940190442,0.5859259491937749
593.4,0.0027916679,0.6662621401508944,0.5861661848990393
593.5,0.00279157994,0.667006898671725,0.5865138404535895
593.6,0.002791521825,0.6677365838310036,0.5869340957010898
593.7,0.00279149258,0.6684275771351609,0.5873744948406849
593.8,0.002791493615,0.6691423711452614,0.5878076268481539
593.9,0.00279152747,0.669947121519405,0.5882437157226286
594.0,0.00279159621,0.6708284764888137,0.5886902390829427
594.1,0.002791698935,0.671731382783826,0.5891275946475751
594.2,0.00279183356,0.6726084086385581,0.5895252153483249
594.3,0.00279199523,0.6734475845849996,0.5898722733719522
594.4,0.00279218072,0.6742316632794826,0.5902175664488268
594.5,0.002792387915,0.6748702296854366,0.5905976708855775
594.6,0.002792616145,0.6752877159331722,0.590987257277275
594.7,0.00279286312,0.6754721902537909,0.5913924146588008
594.8,0.002793126455,0.6754668683958358,0.591830791869364
594.9,0.00279340443,0.6753437242470003,0.5922937935114648
595.0,0.002793694875,0.6751277900175485,0.5927474394906432
595.1,0.00279399594,0.6747617756238493,0.5931370434752596
595.2,0.002794304165,0.6741827423986809,0.5934621625007499
595.3,0.002794617165,0.6734524603367981,0.593766699067811
595.4,0.002794938365,0.6727856949951855,0.5940333285495952
595.5,0.002795271525,0.6724208869730653,0.5942442563369943
595.6,0.002795615275,0.6724496953776987,0.5943958067666035
595.7,0.002795967195,0.6727389606628706,0.5944859572810723
595.8,0.002796325125,0.6730260205499998,0.5945394121083918
595.9,0.00279668729,0.6732456492924122,0.5945714506985916
596.0,0.0027970539,0.6735552406820529,0.5945943415993027
596.1,0.002797424015,0.6739995058655677,0.594630155127235
596.2,0.002797796155,0.6745250189182895,0.5946826021316312
596.3,0.00279816882,0.6750199328585654,0.5947089626072689
596.4,0.002798540085,0.6754097542413935,0.5946336397818065
596.5,0.00279890792,0.6757893214658002,0.5944363553029834
596.6,0.002799270075,0.6761817126714189,0.5941816224042596
596.7,0.002799623625,0.6764207061909481,0.5939499066982719
596.8,0.0027999662,0.6764347679596655,0.5937592735994149
596.9,0.002800297375,0.6762986615995414,0.5935908389942484
597.0,0.002800615975,0.6760736167513941,0.593441373325524
597.1,0.002800921115,0.6758032512876262,0.5932976718510007
597.2,0.002801210695,0.6755204262673942,0.5931555832701455
597.3,0.00280148476,0.6751963709851764,0.5930225104318877
597.4,0.00280174343,0.6748199453534233,0.5929227428739876
597.5,0.0028019898,0.6744197818475796,0.592821235502076
597.6,0.002802225425,0.6740296651550421,0.5926748014702625
597.7,0.002802451155,0.6736622056287224,0.5924752085491576
597.8,0.002802664315,0.6733189175162793,0.5922460720907383
597.9,0.002802863175,0.6729844509960075,0.5919945367050174
598.0,0.00280304701,0.672604645010559,0.5917323199042744
598.1,0.002803218435,0.6721176541669555,0.5914733804129876
598.2,0.002803378035,0.6715388659860141,0.5912202132840424
598.3,0.00280352223,0.6709855058560107,0.5909920720821759
598.4,0.0028036501,0.6705095105866947,0.590797809187167
598.5,0.00280376347,0.6699959104533153,0.590631208015473
598.6,0.00280386252,0.669403544308925,0.5904875002577642
598.7,0.00280394664,0.6688169398454614,0.5903692953208988
598.8,0.002804015345,0.6683661212996713,0.5902920379026803
598.9,0.00280406916,0.6681028055698179,0.5902634714006811
599.0,0.002804108605,0.6679535233701047,0.5902759906474058
599.1,0.00280413484,0.6679624580596115,0.5903238125990972
599.2,0.002804149655,0.6680835476068515,0.590399788247513
599.3,0.00280415367,0.6681421697257675,0.590466827949785
599.4,0.002804147335,0.668131852735493,0.5904870114259474
599.5,0.002804129545,0.6681118345071044,0.5904613640918419
599.6,0.00280409933,0.6680639440686931,0.5904146530073128
599.7,0.002804056385,0.6679551192991727,0.5903646639850089
599.8,0.0028040043,0.6677752568365695,0.59029788377829
599.9,0.002803947675,0.6675005811076807,0.5902150123339995
600.0,0.002803888275,0.6670904147708281,0.5901433544905267
600.1,0.002803827805,0.6665070901300948,0.5900685098154661
600.2,0.00280376837,0.6657283835590495,0.5899449201887924
600.3,0.002803710235,0.6647338809886292,0.5897623836025224
600.4,0.002803652655,0.6635556455134562,0.5895592375401263
600.5,0.00280359638,0.6624070918056744,0.5893414591957867
600.6,0.002803543195,0.6614535430370861,0.5890854351024825
600.7,0.0028034936,0.6606173704532214,0.5887986409940918
600.8,0.002803446435,0.6596874338950176,0.5885053312225376
600.9,0.002803400995,0.6585480913368962,0.5881930104171996
601.0,0.002803358445,0.6573084565749014,0.5878412073320282
601.1,0.00280331775,0.6560880232272055,0.5874725213279365
601.2,0.002803278775,0.6550075918145242,0.5871247017822498
601.3,0.002803242905,0.654108392598843,0.5868284810109429
601.4,0.002803211605,0.6533438671770361,0.5866050188971745
601.5,0.00280318639,0.6527154606817238,0.5864390705484339
601.6,0.002803168145,0.6522370589524351,0.5863051683297156
601.7,0.002803159715,0.6519168866787372,0.5861980180290796
601.8,0.002803162715,0.6517738876643311,0.5861325817956979
601.9,0.002803177015,0.6518290980136252,0.5861129587796652
602.0,0.002803202105,0.6520604637461915,0.5861225770797334
602.1,0.00280323772,0.6523978959299284,0.5861620562179739
602.2,0.0028032813,0.6527863664279153,0.5862661195896685
602.3,0.002803330655,0.6532091368344942,0.586443480716201
602.4,0.002803385595,0.653652911929555,0.5866500297517595
602.5,0.00280344779,0.6540887702111288,0.5868398246736964
602.6,0.002803519605,0.6545112767239247,0.5870285388877605
602.7,0.002803602715,0.654941869696211,0.5872475895771248
602.8,0.002803697175,0.6554073469133228,0.5874919062112463
602.9,0.00280380123,0.6558947775798979,0.5877505365698159
603.0,0.00280391313,0.6563718786898279,0.5880049791853783
603.1,0.00280402972,0.6568502552863754,0.5882441184748066
603.2,0.002804148055,0.6573743797551443,0.5884424057500048
603.3,0.002804266705,0.6579511635999729,0.5885812616320194
603.4,0.002804382645,0.6584709778036211,0.5886583820767982
603.5,0.0028044918,0.6587783260961071,0.5886654060496531
603.6,0.00280459088,0.6588895007769324,0.5886044792583665
603.7,0.00280467768,0.6589783387339906,0.5884784662071197
603.8,0.00280475153,0.6591687757974659,0.5883119705929389
603.9,0.002804811435,0.6594193555107015,0.5881449446779182
604.0,0.00280485742,0.6596066509815233,0.587983075373079
604.1,0.00280488897,0.6596983792038227,0.5877980204861378
604.2,0.00280490227,0.6597240271662466,0.5875934996627965
604.3,0.00280489539,0.6597062771677539,0.5873718577878116
604.4,0.00280486887,0.6596839592935427,0.5871143093937519
604.5,0.00280482391,0.6596733155776324,0.5868469296996418
604.6,0.00280475995,0.6596896330098752,0.5866073537288347
604.7,0.002804678005,0.6597133394680391,0.5863749908547601
604.8,0.00280457646,0.6596811444265251,0.5861432814319576
604.9,0.00280445336,0.6595266974484894,0.5859121305843288
605.0,0.00280430688,0.659229754110872,0.585674137976219
605.1,0.0028041367,0.6588225911365962,0.585451264596914
605.2,0.00280394549,0.6583449371063591,0.5852495284813007
605.3,0.00280373639,0.6578129021072884,0.5850514692857293
605.4,0.002803508645,0.657248722332186,0.5848702967789894
605.5,0.002803261745,0.6567085883072544,0.5847456829931106
605.6,0.00280299868,0.6562649325927145,0.5846631564956934
605.7,0.002802722305,0.6559619259812758,0.584588673103788
605.8,0.002802432905,0.6558131275868311,0.5845137021367027
605.9,0.00280213184,0.6558166398874178,0.5844313220375033
606.0,0.00280182257,0.6559525074865002,0.5843593751675064
606.1,0.00280150903,0.656186317378151,0.584338665788734
606.2,0.00280119556,0.6564952239005932,0.5843870821297554
606.3,0.00280088572,0.6568712348421161,0.5844833549799877
606.4,0.002800583745,0.6573010738321655,0.5845904612983265
606.5,0.002800293035,0.6577239950351917,0.5846805716004094
606.6,0.002800014175,0.6580665103158421,0.5847584391159213
606.7,0.002799748305,0.6582914106507272,0.5848357537111262
606.8,0.00279949608,0.6584369669215534,0.5849334528444231
606.9,0.0027992579,0.6585689138130042,0.5850802374779768
607.0,0.002799035265,0.658718208579088,0.5852928007785113
607.1,0.00279883071,0.6589106688282322,0.5855606925522238
607.2,0.002798646785,0.6591867645570003,0.5858509097399698
607.3,0.002798486115,0.6595168831130396,0.5861514897852429
607.4,0.00279834809,0.6597957120274163,0.586488071225689
607.5,0.00279823162,0.660032895989577,0.5868434714344487
607.6,0.00279813754,0.6603274391504069,0.5871723986985538
607.7,0.002798068895,0.660726873806755,0.5874833918668364
607.8,0.0027980271,0.6612536434965383,0.5878110159983087
607.9,0.00279801518,0.6618622768076888,0.5881726899675976
608.0,0.00279803749,0.6624490823330823,0.5885556325191513
608.1,0.002798097775,0.6630455262647369,0.5889310270801956
608.2,0.00279819784,0.6638166615974871,0.5892779971392287
608.3,0.00279833661,0.6647293319624666,0.5896088470580376
608.4,0.002798514205,0.6654960250832047,0.5899375179681821
608.5,0.00279873069,0.6659449775229587,0.5902652539403528
608.6,0.00279898712,0.6661057453854135,0.590603503566498
608.7,0.00279928455,0.6659999428280258,0.5909289342379795
608.8,0.00279962179,0.6656069170206911,0.5911837280836008
608.9,0.002799994445,0.6650697486592244,0.5913377019377829
609.0,0.00280039831,0.6645825316209497,0.5913945000480042
609.1,0.002800831165,0.6638972183163103,0.5913729638020453
609.2,0.00280129217,0.6629682053863468,0.5913074722766329
609.3,0.0028017795,0.6622212289011027,0.5912483927418266
609.4,0.00280229133,0.6616060296613061,0.5912122751077253
609.5,0.002802825345,0.6611684623533289,0.591171676305863
609.6,0.002803377635,0.6609042732607179,0.5911280446104529
609.7,0.002803945175,0.660541167981816,0.591100281099536
609.8,0.002804524115,0.6600662911194846,0.5910725446063161
609.9,0.002805110505,0.6595242909885167,0.5910319464327722
610.0,0.00280570184,0.6589188495355022,0.5909577332178351
610.1,0.00280629667,0.6583768871036461,0.5908280960253032
610.2,0.00280689218,0.6579902198798423,0.5906430235454432
610.3,0.002807484285,0.6577294739727796,0.5904202079714429
610.4,0.0028080694,0.6575485747846006,0.5901707070811245
610.5,0.002808645765,0.6573785894893002,0.5898934703259047
610.6,0.00280921192,0.6571788721611262,0.5895837337946834
610.7,0.00280976615,0.6570095214675418,0.5892275293382043
610.8,0.00281030547,0.6569494981983023,0.5888326644425302
610.9,0.002810827225,0.6569827802308744,0.5884166823893572
611.0,0.00281133177,0.6570013219107159,0.5879799783910411
611.1,0.002811819,0.6569531738617069,0.587529027270041
611.2,0.00281228936,0.6568373873228662,0.5870541849652289
611.3,0.002812742405,0.6566549361879164,0.5865656911836998
611.4,0.00281317872,0.6564160683320933,0.586059337447935
611.5,0.002813597935,0.6561414240191312,0.5855257530153676
611.6,0.00281399642,0.6558370099741837,0.5850173421647333
611.7,0.00281437246,0.6554935459325519,0.5845539000713426
611.8,0.002814726175,0.6550892795067028,0.5841100106223092
611.9,0.00281505807,0.6545813845055822,0.5836702448277928
612.0,0.00281536589,0.6539582998682252,0.5832634820924212
612.1,0.002815644905,0.6532455164774227,0.5829187764933728
612.2,0.00281589065,0.6524654276056099,0.582607312086192
612.3,0.00281610013,0.6516499958164441,0.5823007736962921
612.4,0.00281627235,0.6508583710164073,0.5820140493312584
612.5,0.002816406575,0.6501444880681762,0.5817683924937109
612.6,0.00281650166,0.6495627153742137,0.5815637114491443
612.7,0.00281655659,0.6491741820443737,0.5814025025070809
612.8,0.002816571745,0.648982815069473,0.5812727283411093
612.9,0.002816548585,0.6489267879060888,0.5811710808541654
613.0,0.00281648804,0.6489563440097738,0.5811109470008645
613.1,0.00281639085,0.649054550196125,0.5811061491605639
613.2,0.00281625869,0.6492035433693141,0.5811551460679079
613.3,0.002816095675,0.6493820612302618,0.5812409165738991
613.4,0.00281590607,0.6495636264360833,0.5813663842446611
613.5,0.00281569354,0.6497550311100959,0.581521661231476
613.6,0.00281545905,0.6499974866647293,0.5816922842700851
613.7,0.00281520397,0.6503147435404447,0.5818725997503491
613.8,0.00281493336,0.650714938462215,0.5820363458426394
613.9,0.002814652645,0.6512085769158735,0.5821754932644523
614.0,0.002814365885,0.6517835260705923,0.5823095833504114
614.1,0.00281407668,0.6523747800911832,0.5824392356225879
614.2,0.00281378783,0.6528832719949079,0.5825617068422769
614.3,0.002813502565,0.6532621355025603,0.5826809189737471
614.4,0.002813226495,0.6535720033523544,0.5827810069740978
614.5,0.00281296398,0.6538882297856795,0.5828489244373573
614.6,0.002812716275,0.6541667194080496,0.5829140546796144
614.7,0.002812483185,0.654293891078667,0.5830131926623467
614.8,0.00281226816,0.6542609483381013,0.5830945247262369
614.9,0.002812073685,0.654173498964996,0.5831136142998372
615.0,0.002811900585,0.6540894425119567,0.583079226426651
615.1,0.00281174848,0.6540048645545367,0.5830160282638758
615.2,0.002811616395,0.6539304967732409,0.5829511813932761
615.3,0.002811502705,0.6538920562455315,0.5829058959634931
615.4,0.00281140598,0.6539148013763435,0.5828961281236145
615.5,0.002811324195,0.6540205788009898,0.5829308389525254
615.6,0.00281125455,0.6541980285204353,0.5829913579650856
615.7,0.002811194425,0.6543868885043984,0.5830387394654871
615.8,0.00281114117,0.6545292906162004,0.5830667140914303
615.9,0.00281109274,0.6546358848549366,0.5830759089048089
616.0,0.00281104773,0.6547646021891396,0.5830704789760663
616.1,0.002811004295,0.6549935300458066,0.5830837302138792
616.2,0.002810962625,0.6553629499259422,0.5831436095981751
616.3,0.002810925505,0.6558525859905602,0.583225382741674
616.4,0.002810895265,0.6564169039957392,0.5833019301599528
616.5,0.00281086941,0.6569811528858799,0.5834046181423836
616.6,0.002810843145,0.6574762741712709,0.583588305808202
616.7,0.002810817705,0.6579672359879887,0.5838300054956429
616.8,0.00281079544,0.6586052871727474,0.5840861188101786
616.9,0.002810775455,0.6593976471054652,0.5843495759117013
617.0,0.00281075601,0.6601703783672834,0.5846363750466402
617.1,0.002810736945,0.6608195193741093,0.5849462711707683
617.2,0.00281071594,0.6613688959646279,0.5852769476736628
617.3,0.002810692785,0.6618185144220243,0.5856227974407555
617.4,0.002810670175,0.6621826689928726,0.5859557547399165
617.5,0.00281064867,0.6625121843631223,0.5862765075799369
617.6,0.00281062722,0.6627979184981516,0.58658136396113
617.7,0.002810607235,0.662988380694368,0.5868534704955466
617.8,0.00281059003,0.663091776791783,0.5871121680841991
617.9,0.002810576265,0.6631738477582655,0.5873779336280036
618.0,0.002810567405,0.6632764521743316,0.5876353016946452
618.1,0.002810564605,0.6633800681832324,0.5878829038063638
618.2,0.00281056853,0.6634689626889583,0.5881521370401392
618.3,0.002810580805,0.6635280560467723,0.5884442090241879
618.4,0.002810601735,0.6634999702084492,0.5887076654973922
618.5,0.00281063042,0.6633383038504956,0.5888922529153464
618.6,0.002810664255,0.6630739890941785,0.5889944187650783
618.7,0.002810700615,0.6627654407132988,0.5890609388479253
618.8,0.002810741935,0.6624502070232523,0.5891028049682642
618.9,0.002810788455,0.6621350047491322,0.5891120563303104
619.0,0.002810836085,0.6617893478758283,0.5890966681811747
619.1,0.002810881065,0.661400255342496,0.5890692263693454
619.2,0.002810924245,0.660993865200013,0.5889956942516955
619.3,0.002810965495,0.6605781633769046,0.5888726053948908
619.4,0.002811001785,0.6601545635898651,0.5887262071772336
619.5,0.00281103089,0.6597377056606604,0.5885726769159342
619.6,0.00281105284,0.6593392323316644,0.5883873348874243
619.7,0.002811068815,0.6589885049278176,0.5881606350482672
619.8,0.00281107974,0.6587146585793895,0.5879074873971966
619.9,0.002811086285,0.6585025068274926,0.5876637959400133
620.0,0.00281108732,0.6583101910916104,0.5874456487726962
620.1,0.0028110835,0.6581074704008596,0.5872529679837476
620.2,0.0028110774,0.6578822684730796,0.5870945424927754
620.3,0.00281107114,0.657637029467355,0.5869590148140181
620.4,0.002811065965,0.6574083215221738,0.5867984932524273
620.5,0.00281106147,0.6572464666686608,0.5865929168539544
620.6,0.002811058025,0.6571651622507859,0.5863562236085661
620.7,0.002811053905,0.6571178498654228,0.5861247441503458
620.8,0.002811044775,0.6570344028813582,0.5859360261663705
620.9,0.00281102674,0.6569039262552693,0.5857730252598575
621.0,0.002810997075,0.6567663119306715,0.5856104836541906
621.1,0.002810952325,0.6566357473399882,0.5854603387731345
621.2,0.00281088891,0.6564893805382576,0.5853253640146843
621.3,0.002810805275,0.6563001561295465,0.5851934554506638
621.4,0.002810700805,0.6560526174779995,0.5850832540352426
621.5,0.00281057435,0.6557412919292142,0.5850019791483388
621.6,0.002810425505,0.6553598271828446,0.5849239589514239
621.7,0.002810252795,0.6549192439459199,0.5848561596120483
621.8,0.00281005692,0.65445891894076,0.5848022536520239
621.9,0.002809838575,0.6540217537566423,0.5847811408927546
622.0,0.002809601085,0.6536256617548777,0.5848081849789538
622.1,0.002809348765,0.6532740170059761,0.5849007055109205
622.2,0.00280908458,0.6529875414550805,0.585032401074959
622.3,0.002808811035,0.6528179268677132,0.585157622444857
622.4,0.00280852921,0.6527889488170765,0.5852687210991401
622.5,0.00280823869,0.6528535022629225,0.5853429361990329
622.6,0.002807938495,0.6529800393318238,0.5853683246659036
622.7,0.002807632365,0.6531985873663634,0.5853411128186568
622.8,0.002807322245,0.6535223976043543,0.5853107618920304
622.9,0.002807008585,0.6538836619099611,0.585288163159436
623.0,0.002806693325,0.6541934229456051,0.5852562741090466
623.1,0.00280637544,0.654425844253303,0.5852265414478545
623.2,0.00280605417,0.6546140759187355,0.5852122182986281
623.3,0.00280573174,0.6547910669656534,0.5852391216414765
623.4,0.002805411435,0.6549729149148138,0.585325379094329
623.5,0.00280509444,0.6552069258683944,0.5854532004463071
623.6,0.002804782625,0.6555343803538634,0.5855907896381637
623.7,0.00280447952,0.6558983150132258,0.5857319470509562
623.8,0.00280418795,0.6561643199463906,0.585884182347764
623.9,0.00280391046,0.6562342894979714,0.5860413147592
624.0,0.002803650425,0.6561131245525077,0.5861879027290535
624.1,0.002803411615,0.6558883750140699,0.5863061315420232
624.2,0.00280319393,0.6556557526444422,0.5863908263666898
624.3,0.002802995725,0.6554618284131214,0.5864663741301863
624.4,0.002802816275,0.6553185026730793,0.5865566264322571
624.5,0.00280265594,0.6552453035642507,0.5866719398472442
624.6,0.00280251563,0.655244103475857,0.5868019364379756
624.7,0.00280239449,0.6552732009070145,0.5869126832338815
624.8,0.002802289595,0.6552941616131993,0.5869895611477074
624.9,0.002802197275,0.6553129043549706,0.5870557117792585
625.0,0.002802115385,0.6553634902798787,0.5871528366294183
625.1,0.0028020439,0.6554620923069042,0.587308325359578
625.2,0.00280198372,0.655613592471031,0.5875130145722857
625.3,0.002801933845,0.6558378016555323,0.5877275954036223
625.4,0.002801894845,0.656179933661879,0.5879227109268773
625.5,0.0028018696,0.656669613708794,0.5880814625151671
625.6,0.002801861825,0.657278133922609,0.5881948595586355
625.7,0.00280187135,0.6579250129827244,0.5882779201268037
625.8,0.002801897475,0.6585358579751031,0.5883660034733066
625.9,0.002801939095,0.6590786309378637,0.5884917840466968
626.0,0.0028019962,0.6595673308078709,0.5886516289092301
626.1,0.00280206972,0.6600523047489909,0.588814506665311
626.2,0.002802159605,0.6605780628459398,0.5889770105718661
626.3,0.00280226558,0.6611213384635249,0.5891457348318755
626.4,0.00280238579,0.6616138647933841,0.5893160770121013
626.5,0.002802519355,0.6620523682959722,0.5894820215909308
626.6,0.00280266814,0.6624957035680615,0.5896379683652994
626.7,0.002802833995,0.6629658868909685,0.589787381255267
626.8,0.002803016575,0.6634364911872909,0.5899289363936895
626.9,0.002803215055,0.6638566666383379,0.5900646978069403
627.0,0.00280342872,0.6641855851059834,0.5902081159098064
627.1,0.002803656935,0.6644305350851838,0.5903781332493518
627.2,0.00280389848,0.6646461111730732,0.5905754767901168
627.3,0.002804150945,0.6648830186750804,0.5907702435965873
627.4,0.002804412435,0.6651572734305534,0.5909493030681083
627.5,0.002804681925,0.665458640130627,0.5911318283446448
627.6,0.002804959415,0.6657745838206132,0.5913196742224994
627.7,0.00280524449,0.6661180415790595,0.5915230200901884
627.8,0.002805535505,0.6665267062346238,0.5917648548661135
627.9,0.00280583145,0.66699994318559,0.5920444038335264
628.0,0.00280613186,0.6674789104015563,0.5923442179585106
628.1,0.0028064367,0.6679353084158992,0.5926364288009545
628.2,0.002806747615,0.6683925609434439,0.592901609380207
628.3,0.00280706489,0.6688513277186476,0.5931533150402496
628.4,0.002807390795,0.669268933346904,0.593388795002555
628.5,0.002807727775,0.6696330502186403,0.5935831383223359
628.6,0.00280807503,0.669960598951889,0.5937515672726357
628.7,0.002808427125,0.6702499961839523,0.5939340963190833
628.8,0.00280878255,0.6704706867846817,0.5941493035839951
628.9,0.002809140545,0.6706034127911106,0.5944171689683294
629.0,0.00280949981,0.6706854963239635,0.5947063908995227
629.1,0.00280985743,0.6708240908254693,0.5949607122496088
629.2,0.002810211845,0.6710777053172083,0.5951753339216499
629.3,0.00281056061,0.6713901115738666,0.5953693580556171
629.4,0.00281090489,0.6716773850892962,0.5955176142111698
629.5,0.00281124655,0.6719181064847848,0.5955815160906993
629.6,0.002811584525,0.6721251311574711,0.5955743884452869
629.7,0.002811916505,0.6722712529149749,0.5955305085640571
629.8,0.00281224197,0.6723038563635337,0.5954584335170799
629.9,0.002812560635,0.6721953834523907,0.5953636912507886
630.0,0.002812869245,0.6719352344479321,0.5952645394450485
630.1,0.00281316547,0.671494908821605,0.5951342349782371
630.2,0.002813445505,0.670869901529544,0.5949764510004847
630.3,0.00281370618,0.670094782657309,0.5947969272015695
630.4,0.00281394715,0.669229437244063,0.5945690109377368
630.5,0.00281416683,0.6683242501527842,0.594278969050861
630.6,0.002814363575,0.6673828342150242,0.5939216549838566
630.7,0.00281453712,0.6663853911138801,0.5935084576384118
630.8,0.002814686275,0.6652949443038191,0.5930507539781621
630.9,0.002814809325,0.66406002821399,0.5925585839049097
631.0,0.00281490409,0.6626787327560597,0.5920528591159943
631.1,0.002814971595,0.6612171758890154,0.5915476124774807
631.2,0.00281501509,0.6597077914154128,0.5910390646534067
631.3,0.002815037255,0.6581435861500052,0.590520212405429
631.4,0.002815040005,0.6565367557554737,0.5899843239288093
631.5,0.002815023185,0.6549678318179003,0.5894244085515751
631.6,0.002814987495,0.6535566975129462,0.5888359775661427
631.7,0.002814934365,0.652347121509461,0.5882355004578393
631.8,0.002814865935,0.6512863501836058,0.5876575196662098
631.9,0.00281478368,0.650337494954442,0.5871211718887442
632.0,0.002814690035,0.6494904587431811,0.5866047851626811
632.1,0.00281458724,0.648700831996072,0.5860957353121011
632.2,0.00281447753,0.6479126252488423,0.5855885220365863
632.3,0.00281436358,0.6471062349633335,0.5850812603805448
632.4,0.002814243505,0.6463487090099587,0.5846150065617289
632.5,0.002814115785,0.6457598740157111,0.5842335097711144
632.6,0.002813984485,0.6453910007726972,0.5839309398410546
632.7,0.00281385503,0.6451735397292157,0.5836770601988955
632.8,0.002813729515,0.6450466633683078,0.5834859803655634
632.9,0.002813608525,0.645068962392963,0.5833818849496237
633.0,0.0028134948,0.645286599365633,0.5833618623230054
633.1,0.002813390905,0.6456377477428954,0.583414514787561
633.2,0.002813297475,0.6460621203617276,0.5835389608123921
633.3,0.002813216685,0.6465683189028153,0.5837237593453727
633.4,0.00281315082,0.6471849695584178,0.5839502097420731
633.5,0.00281310162,0.6479185063102897,0.5842196283298153
633.6,0.002813071955,0.6487902165902519,0.5845461635852738
633.7,0.002813064155,0.6498126165034362,0.5849166315007186
633.8,0.002813078465,0.6509496468493646,0.5852951500614977
633.9,0.00281311388,0.6521348189611167,0.5856557219600836
634.0,0.002813169155,0.6532889835533778,0.5859876406487134
634.1,0.00281324215,0.6543572255865633,0.5863124838423688
634.2,0.002813330935,0.6553296490438142,0.5866679688741301
634.3,0.00281343427,0.6562221064016607,0.5870370306127032
634.4,0.002813552065,0.6570641851797142,0.5873792995924894
634.5,0.00281368317,0.6578528568826567,0.5877097517856684
634.6,0.00281382624,0.658521274702005,0.588056025039451
634.7,0.002813982025,0.6590303006764809,0.5883697897207727
634.8,0.00281415186,0.6594358488721329,0.588639058140386
634.9,0.00281433798,0.659879202993778,0.5889066464362481
635.0,0.00281454199,0.6604500743612325,0.5891605964500826
635.1,0.00281476344,0.6610798694404977,0.5893590866721661
635.2,0.002815000675,0.6616376466497719,0.5895129700484798
635.3,0.002815251535,0.6620923419208965,0.5896531661339204
635.4,0.00281551474,0.6624975633909125,0.5897797955656456
635.5,0.00281579189,0.6628587397319251,0.5898752779911661
635.6,0.002816082645,0.6631265102401611,0.5899629039217786
635.7,0.00281638573,0.6633033190747052,0.5900694881074185
635.8,0.00281669929,0.6634213675602565,0.5902117281130395
635.9,0.00281702088,0.6634515331329163,0.5903713549490425
636.0,0.002817349215,0.6633876959701953,0.5905123295211425
636.1,0.002817682855,0.6633474207523763,0.5906438749170523
636.2,0.002818021745,0.6634650419813267,0.5907935359928395
636.3,0.0028183678,0.6637389323120519,0.5909179317521881
636.4,0.00281872213,0.6640739266198895,0.5909717321546993
636.5,0.00281908357,0.6643856857084611,0.5909664398277151
636.6,0.002819448205,0.6646507984293123,0.5909521235899928
636.7,0.002819811605,0.6648665944286873,0.5909651561729569
636.8,0.00282017096,0.6650075891069804,0.5910109794434022
636.9,0.002820525435,0.6650342800781653,0.591081596791388
637.0,0.00282087422,0.6649286785827077,0.5911626781561846
637.1,0.002821216775,0.6647043751504267,0.5912110536565016
637.2,0.002821552175,0.6643940674776609,0.5911751358276931
637.3,0.00282187732,0.664042334764165,0.5910606147223733
637.4,0.00282218887,0.6636698675391554,0.5909064215850239
637.5,0.002822484415,0.6632291209394128,0.5907449531474074
637.6,0.0028227613,0.6626377161223744,0.5905683152155037
637.7,0.002823014805,0.6618376781372112,0.590392453885304
637.8,0.00282324048,0.6608599265388198,0.590266220294253
637.9,0.002823445575,0.6598024036197684,0.5900796499030158
638.0,0.002823628385,0.6587650371591824,0.5898809554774098
638.1,0.00282378645,0.6578134927267073,0.5897057796427271
638.2,0.00282392031,0.6569643076660713,0.5895143548625215
638.3,0.00282402713,0.6561990722443246,0.589297302226085
638.4,0.00282410771,0.6555064892942848,0.5890427396016831
638.5,0.002824162315,0.6549143933268627,0.5887784908188117
638.6,0.002824190485,0.6544494878796139,0.588527367610047
638.7,0.002824191275,0.6541000108296432,0.5882899166125107
638.8,0.002824166505,0.6538609858941876,0.5880616063929593
638.9,0.00282411933,0.6537462423641078,0.5878308658373311
639.0,0.002824053955,0.6537317156396776,0.5875865485748911
639.1,0.00282397207,0.6537260042242334,0.5873307192603314
639.2,0.00282387388,0.6536316936127726,0.5870803657417668
639.3,0.002823760425,0.6534205094714131,0.5868262869226336
639.4,0.00282363353,0.6531177290546454,0.5865534546803141
639.5,0.00282349404,0.6527640736864454,0.5862640084394053
639.6,0.002823342935,0.6523971607972473,0.5859661018894804
639.7,0.002823182525,0.6520475455172,0.5856570332608573
639.8,0.002823014455,0.6517476176665618,0.585346129313806
639.9,0.00282283744,0.651501819457345,0.5850507460911004
640.0,0.002822651665,0.6512671927516042,0.5847649748852778
640.1,0.00282245854,0.6509496405661793,0.5844590767519607
640.2,0.002822257955,0.6504599605192644,0.5841312735497072
640.3,0.002822048855,0.6497899216381067,0.5837805329511713
640.4,0.002821832795,0.6489862142727241,0.5833626590309022
640.5,0.00282160978,0.6480683728462366,0.5828929042212334
640.6,0.002821380025,0.647096979831376,0.5824324208798037
640.7,0.00282114484,0.6462449610541665,0.5820052151727165
640.8,0.002820904955,0.6456765275626114,0.5816111388167985
640.9,0.002820659305,0.6454068783819684,0.5812455516797002
641.0,0.002820409525,0.6453498647584911,0.5808919490902569
641.1,0.002820157305,0.6454155554608776,0.5805681407372216
641.2,0.00281990271,0.6455118578420808,0.5803081381309809
641.3,0.002819645745,0.6455625757138803,0.5801013013255353
641.4,0.002819387255,0.6455578507585293,0.5799415368877741
641.5,0.00281912652,0.6455899892513756,0.5798371951709703
641.6,0.002818862035,0.6458088011796981,0.5797905167590048
641.7,0.002818591695,0.6462905895458673,0.5797929382986221
641.8,0.002818316105,0.6469732576294923,0.5798115000846567
641.9,0.002818036885,0.6477635441110589,0.579822601844776
642.0,0.00281775615,0.6486293544800175,0.5798346014720756
642.1,0.002817475005,0.6495541074103429,0.579907448722527
642.2,0.002817194585,0.6504809652077461,0.5801119180237488
642.3,0.002816921435,0.6513620185842601,0.5804368743147397
642.4,0.00281666102,0.6521965261240185,0.5808064054072553
642.5,0.0028164136,0.6530219481778227,0.5811727408717235
642.6,0.002816181215,0.6539043147400658,0.5815312311510173
642.7,0.002815969095,0.6548870489044059,0.5819002156064111
642.8,0.0028157788,0.6559381818239999,0.5823067885895867
642.9,0.00281560928,0.6569965655394383,0.5827470526406978
643.0,0.00281546242,0.6580426970435278,0.5831986471598734
643.1,0.002815339395,0.6590613270455278,0.5836794578624088
643.2,0.00281524122,0.6600153784689405,0.5842078014901115
643.3,0.00281516694,0.6609068116675819,0.5847782914682178
643.4,0.002815114095,0.6617717675233389,0.5853963118582174
643.5,0.00281507829,0.6626307292203127,0.586032242467935
643.6,0.002815056795,0.6634609767604329,0.5866252149397073
643.7,0.002815047555,0.6642250183769712,0.5871486777890635
643.8,0.002815046005,0.6649189647782227,0.587631883641838
643.9,0.00281504858,0.6655750298552572,0.5881133892646685
644.0,0.00281505827,0.6662276391803728,0.5885792397029874
644.1,0.002815079535,0.6668984634596937,0.5890266835499491
644.2,0.002815116275,0.6675723602166299,0.5894694395123531
644.3,0.0028151702,0.6682052529062515,0.5899037313958297
644.4,0.002815242535,0.6687435773738147,0.5902902666727421
644.5,0.002815334155,0.6691293146861932,0.5905981502926163
644.6,0.00281544344,0.669350935198348,0.5908384350067261
644.7,0.00281556962,0.6694766366036035,0.5910124025848742
644.8,0.002815715755,0.6695869190721151,0.5910954587548128
644.9,0.002815883145,0.6696691219854889,0.5911081118333844
645.0,0.002816070425,0.6696537407478569,0.591088131932426
645.1,0.00281627737,0.6695120046536975,0.5910546789972136
645.2,0.00281650371,0.6692946001588838,0.5910088274524344
645.3,0.00281674659,0.6690783769029078,0.5909484341035804
645.4,0.00281700433,0.6689378031980303,0.5908866829583814
645.5,0.002817276045,0.6689566653203224,0.5908301933525587
645.6,0.00281755962,0.6690708245141687,0.5907944935502804
645.7,0.00281785005,0.6690939340697284,0.5907676015171656
645.8,0.002818143585,0.6689973552283718,0.5907126933890847
645.9,0.00281843829,0.6688957435555841,0.5906340354488612
646.0,0.00281873291,0.6688699259471569,0.5905547699246185
646.1,0.00281902556,0.6689361570034799,0.5904668166400515
646.2,0.00281931467,0.6690992370781277,0.5903365498723518
646.3,0.002819600605,0.6692963029021021,0.590161646099593
646.4,0.002819881605,0.6693758982935734,0.5899907051318073
646.5,0.002820153155,0.6691978453883385,0.5898652035318447
646.6,0.00282041351,0.6687561688771704,0.589752966364384
646.7,0.00282066321,0.6681505766277084,0.589630711914588
646.8,0.00282090257,0.6674991925237278,0.5895216552955298
646.9,0.00282113218,0.6668745559395999,0.5894265712239578
647.0,0.002821352645,0.6662234734285141,0.5893299163560589
647.1,0.00282156393,0.6655409749908923,0.5892428075315972
647.2,0.00282176652,0.6649716053047263,0.5891717038650686
647.3,0.00282196062,0.6646162220605669,0.5891165513210792
647.4,0.002822145605,0.6644774641962431,0.5890952839954514
647.5,0.00282232131,0.6645046892381791,0.5891039152071079
647.6,0.002822486355,0.6645672446310974,0.5891368824520962
647.7,0.00282263933,0.6645404719785035,0.5891804023068078
647.8,0.00282277993,0.6644108435824311,0.589219185896435
647.9,0.002822909355,0.6642527963392143,0.5892489876726654
648.0,0.002823032145,0.6641394853753847,0.5892563754419496
648.1,0.002823153545,0.6640706467971591,0.5892132218969414
648.2,0.00282327539,0.6639591956561804,0.5891136264983187
648.3,0.00282340009,0.6637202775348748,0.5889955390570185
648.4,0.002823531065,0.6633832600413684,0.5888974849237517
648.5,0.00282367098,0.663042541751716,0.5888330370354189
648.6,0.0028238202,0.6627629400055465,0.5888006321355156
648.7,0.002823978755,0.6626050875410743,0.5887866884906819
648.8,0.002824145445,0.6626364720516836,0.5887818334733951
648.9,0.002824321855,0.6628723302617445,0.5887815111459889
649.0,0.00282450793,0.6632634648303017,0.5888013710381078
649.1,0.002824706725,0.663743475055029,0.588836456344863
649.2,0.002824924525,0.6642698551873233,0.5888742101204184
649.3,0.0028251657,0.6648457342534675,0.5889294889564324
649.4,0.002825432535,0.6654982116316916,0.5890087858966017
649.5,0.00282572531,0.666229794312933,0.589124792346928
649.6,0.002826044215,0.6670081490256011,0.589269741033735
649.7,0.002826388915,0.6678179950630289,0.589417127596441
649.8,0.00282675791,0.6686814492374974,0.5895661980528095
649.9,0.00282715105,0.6695973177437985,0.5897369957639702
650.0,0.002827567465,0.6705228623554725,0.5899603095945652
650.1,0.00282800775,0.671390796441065,0.5902216247582168
650.2,0.00282847237,0.6721538390311396,0.5904893525407928
650.3,0.00282895971,0.672784048800635,0.5907325187236845
650.4,0.00282946741,0.6732772725640632,0.590947516130207
650.5,0.002829993085,0.6736271328883376,0.5911649683772291
650.6,0.0028305353,0.6738382856137708,0.591382244066744
650.7,0.00283109132,0.6739515965776004,0.5915673523607602
650.8,0.002831659485,0.6740066624136325,0.5917241297722264
650.9,0.002832239865,0.6739835088757756,0.5918895553599495
651.0,0.002832833445,0.6738380342863584,0.5920660267874426
651.1,0.002833438845,0.6735750955476236,0.5922528359397216
651.2,0.00283405251,0.6732503742477632,0.5924702592840911
651.3,0.00283467307,0.6729559630338248,0.5927027038395747
651.4,0.00283529984,0.672777300659615,0.5928955209736443
651.5,0.002835931885,0.6727321622563683,0.5930131849282548
651.6,0.00283656705,0.6727731600404976,0.5930625179860126
651.7,0.00283720535,0.6728492242818264,0.5930703543747278
651.8,0.002837845645,0.6729313266642353,0.5930896186208796
651.9,0.00283848619,0.6730370412570286,0.5931735739146357
652.0,0.00283912595,0.6732143778791384,0.5932907069400877
652.1,0.00283976375,0.6735125275883347,0.5933730864109685
652.2,0.00284039625,0.6739537894092726,0.5934037533818158
652.3,0.00284101928,0.6744967571507778,0.5934342412818818
652.4,0.00284162984,0.6750555710856277,0.5935059487625186
652.5,0.002842229045,0.675570905378152,0.593592088719806
652.6,0.002842816965,0.676034196046777,0.5936796662698915
652.7,0.002843392675,0.6764431308793094,0.5937899418268993
652.8,0.00284395601,0.6767802174878543,0.5939077766841501
652.9,0.00284450629,0.6770250857856457,0.5940223354885817
653.0,0.002845043145,0.6771681978973874,0.5941629720253124
653.1,0.002845567025,0.677247246651737,0.5943633176720171
653.2,0.002846076975,0.677316078946777,0.5946249664728084
653.3,0.00284657342,0.6773950146037913,0.5949030018208809
653.4,0.002847058235,0.6774546043332446,0.5951468164284962
653.5,0.00284753131,0.677447108493173,0.595336750837147
653.6,0.002847993165,0.6773447931036309,0.595438583049739
653.7,0.002848445015,0.6771464894921511,0.5954246551128686
653.8,0.002848884055,0.6768468192521104,0.5952964228405714
653.9,0.002849306375,0.6764348433578893,0.5951031024233586
654.0,0.00284971039,0.675938817293814,0.5949420474193352
654.1,0.002850099415,0.6754107909669692,0.5948698454520148
654.2,0.002850478555,0.674876701366303,0.5948589793113447
654.3,0.00285084963,0.6743602926490913,0.5948663161868278
654.4,0.002851213945,0.6739062885283503,0.5948561405682228
654.5,0.00285157291,0.6735567109474148,0.5948090022270928
654.6,0.00285192827,0.673314104596334,0.5947024343777347
654.7,0.002852280975,0.6731286563819925,0.594529681967625
654.8,0.002852630835,0.6729445025038244,0.5943019956683747
654.9,0.002852975645,0.6727741213678496,0.5940202004622144
655.0,0.002853312845,0.6726888208441194,0.593704764453601
655.1,0.002853639425,0.6727387219018289,0.5933907654094673
655.2,0.00285395512,0.6729157820637853,0.593070083569441
655.3,0.00285425974,0.6731430134604195,0.5927570307730147
655.4,0.00285455204,0.673339406983566,0.5924902454682347
655.5,0.002854831435,0.6735112269689761,0.5922740090175697
655.6,0.00285509753,0.6737052328817059,0.5920794263084287
655.7,0.002855349275,0.673916630651366,0.5918786490068932
655.8,0.002855584955,0.6741026632019409,0.5916541231498524
655.9,0.00285580311,0.6742413896503381,0.5914016031889939
656.0,0.002856001885,0.6743697928252756,0.5911428911490152
656.1,0.002856181365,0.6745619200655986,0.5908879565600431
656.2,0.00285634055,0.6748208187161809,0.5906230807152781
656.3,0.00285647798,0.675048295157042,0.5903581301006079
656.4,0.00285659188,0.6751501707236127,0.5901254794566464
656.5,0.002856683415,0.6750606416161707,0.5899405546316411
656.6,0.002856752215,0.6746940931517205,0.5898163052705101
656.7,0.00285679535,0.6740112554220921,0.5897487779930582
656.8,0.00285680872,0.6731330043462251,0.5897083230761394
656.9,0.00285679008,0.6723603484826306,0.5896404169226135
657.0,0.00285673873,0.6719917579829555,0.5895283267816891
657.1,0.002856655855,0.6720538107210493,0.5893744942991762
657.2,0.00285654422,0.6722618721193112,0.5891916360138185
657.3,0.002856407875,0.672243255041246,0.5890303768062727
657.4,0.002856253445,0.6718152570244916,0.5889062952061894
657.5,0.0028560869,0.6710632602741872,0.5888097886214638
657.6,0.00285591299,0.6701640359257648,0.588701321993506
657.7,0.00285573376,0.6692388117565414,0.588547392121621
657.8,0.002855546835,0.6683306401522416,0.5883594256066085
657.9,0.00285535031,0.6674390058916704,0.5881455660849451
658.0,0.00285514392,0.6665398506582864,0.5878848352575271
658.1,0.002854926355,0.6656105172858722,0.5875877097075359
658.2,0.0028546968,0.6646293162187471,0.5873065164305281
658.3,0.002854455855,0.6635763171931168,0.5871024756425443
658.4,0.002854205695,0.6624473921562347,0.5869724080518188
658.5,0.00285394799,0.6612811638481837,0.5868426627884997
658.6,0.00285368265,0.6601448309358243,0.5866807853155197
658.7,0.002853412435,0.6590633439480114,0.5864979018974207
658.8,0.002853142005,0.6580450218220915,0.5862756712879725
658.9,0.002852877215,0.6571578360567177,0.5859957139135146
659.0,0.002852620635,0.6564786614241235,0.5856555315795688
659.1,0.00285237272,0.6559641565120597,0.5852783192930152
659.2,0.00285213182,0.6555284176110069,0.5849254694291718
659.3,0.0028518995,0.655214220646536,0.5846646782831749
659.4,0.002851678375,0.6551345058745438,0.5845271343302525
659.5,0.00285147306,0.6552679795800243,0.5844406349747656
659.6,0.00285128666,0.6554692488549692,0.5843462653013629
659.7,0.002851119565,0.6556096843297698,0.5842568606009901
659.8,0.00285097089,0.655635131230264,0.584197451198955
659.9,0.002850839695,0.6556437077782084,0.5841407862922623
660.0,0.002850725835,0.6558030870567102,0.5840946670837891
660.1,0.002850629465,0.6561641942826845,0.584092897110488
660.2,0.00285055114,0.656650958931617,0.5841196050462732
660.3,0.002850489975,0.6571442706596395,0.5841406757082009
660.4,0.002850446075,0.657554656907978,0.5841363371687462
660.5,0.00285041834,0.6578906942245766,0.584138286841147
660.6,0.00285040514,0.6582497468489553,0.5842055389150824
660.7,0.00285040508,0.6587528289301307,0.5843379438507421
660.8,0.002850414345,0.6594414409070563,0.5845140703313618
660.9,0.002850430295,0.6602445576530199,0.5847453675772083
661.0,0.002850452175,0.6610462418327336,0.5850116288643336
661.1,0.00285047707,0.6617728984966942,0.585258032772614
661.2,0.00285049955,0.6624295793258888,0.5854587189679623
661.3,0.002850517,0.6630777778549186,0.5856151985564451
661.4,0.00285052624,0.6637163379776874,0.58575695789839
661.5,0.002850524545,0.6642091282013294,0.5859187700262429
661.6,0.002850511305,0.6644861726910789,0.5861010075328923
661.7,0.00285048565,0.6646613981629255,0.5862791396062621
661.8,0.002850446385,0.6648657461986709,0.5864580445114246
661.9,0.00285039335,0.6651262219287654,0.586657289972382
662.0,0.00285033122,0.6654017207549292,0.5868602676454119
662.1,0.002850262485,0.665640682858532,0.5870788634321599
662.2,0.00285018898,0.6658302025769524,0.587332531330974
662.3,0.002850111085,0.6659957896425377,0.5876340117567016
662.4,0.002850032405,0.6661518262664563,0.5879548230303453
662.5,0.002849958525,0.6662730477605877,0.5882206589458253
662.6,0.002849891195,0.6663377771356223,0.5884144022214092
662.7,0.00284982927,0.6663467558074262,0.5885588620763992
662.8,0.002849771845,0.6663035589084393,0.588650430705792
662.9,0.00284971941,0.6661831542283978,0.5886872991805374
663.0,0.00284967188,0.6659646124770435,0.5887007942059401
663.1,0.00284963083,0.6656379119738114,0.588694041038372
663.2,0.00284959656,0.6652267968759773,0.5886150959565799
663.3,0.00284956691,0.6647935649658621,0.5884615952262514
663.4,0.002849539895,0.6643886513719262,0.5882947314174116
663.5,0.002849516045,0.6640163914920317,0.5881425664922794
663.6,0.002849495715,0.663662290017675,0.5879835327889693
663.7,0.0028494789,0.6633026593402479,0.5878035496892081
663.8,0.00284946607,0.6629014842415698,0.5876054785555846
663.9,0.00284945861,0.6624476748995735,0.5873985845731527
664.0,0.002849460705,0.6619928351151867,0.5871728473179846
664.1,0.002849477025,0.6615952539985044,0.5869392749307385
664.2,0.00284950897,0.6612930453515996,0.5867269120638152
664.3,0.00284955667,0.6611331445687172,0.5865414500264662
664.4,0.00284961982,0.661144718196053,0.5863653034396535
664.5,0.002849698725,0.6612803658836497,0.5861787236236383
664.6,0.00284979285,0.6614210087035656,0.5859800769502406
664.7,0.002849900945,0.6614708657789781,0.5857792198522519
664.8,0.002850023475,0.6614488243649205,0.5855842739750001
664.9,0.00285015966,0.6614631563106061,0.5854262493512504
665.0,0.00285030873,0.6615856721409109,0.585338714526825
665.1,0.00285047321,0.6618029761047597,0.5853145927501122
665.2,0.00285065639,0.6620711047545582,0.585328620589629
665.3,0.002850857525,0.6623828072944622,0.5853891100712183
665.4,0.00285107386,0.6627762477920272,0.5854822482403007
665.5,0.00285130277,0.6632525697869791,0.5855655538526959
665.6,0.002851541235,0.66373633735652,0.5856292226260507
665.7,0.0028517853,0.6641395670567936,0.5857272290071092
665.8,0.002852035675,0.6644116226974093,0.5858796182419568
665.9,0.002852295925,0.6645519325085039,0.5860686076595373
666.0,0.0028525667,0.6646283863073216,0.5862874974993577
666.1,0.00285284616,0.6647359418734099,0.5865246908862963
666.2,0.00285313165,0.6649043375228276,0.5867743871836778
666.3,0.00285342184,0.6650659473321135,0.5870203814282762
666.4,0.002853715645,0.6650766036143946,0.5872518558599483
666.5,0.002854008185,0.6648368435462578,0.5875013265909772
666.6,0.002854296075,0.6644383765004471,0.5877605909229445
666.7,0.002854575135,0.6641694184701881,0.5879989177965126
666.8,0.00285484055,0.6642595193474929,0.588216643990414
666.9,0.002855086135,0.6646572386942521,0.5884291230962654
667.0,0.00285530552,0.6651415906000268,0.5886382890785044
667.1,0.00285549465,0.6656108251619521,0.5888299036109063
667.2,0.00285565481,0.666114020340463,0.5889759235808081
667.3,0.002855786705,0.6666404067559425,0.5890783558375968
667.4,0.00285589049,0.6670772891967214,0.5891571513795786
667.5,0.002855966815,0.6673594858984228,0.5892141888791601
667.6,0.002856015815,0.6675164964160638,0.5892615735211542
667.7,0.002856038235,0.6676111588859017,0.589292415164553
667.8,0.0028560356,0.6676858659592041,0.5892968825093065
667.9,0.002856009245,0.667743583299436,0.5892777722011946
668.0,0.00285595973,0.6677540259534165,0.5892432869386361
668.1,0.002855888955,0.667671791624116,0.5891966311461377
668.2,0.00285579857,0.6674727151808434,0.5891486219555241
668.3,0.00285569285,0.6671855924618612,0.5890619950513755
668.4,0.002855575705,0.6668695105417982,0.5889063046309675
668.5,0.002855447935,0.6665773864073116,0.5887141158154284
668.6,0.002855309805,0.666325210765008,0.5885422493344471
668.7,0.00285516317,0.66610802618168,0.5884187420175009
668.8,0.00285501266,0.6659455053105244,0.5883282465561587
668.9,0.00285486132,0.6658711061133021,0.5882481761558781
669.0,0.00285470901,0.6658813854044646,0.5881842271524587
669.1,0.002854556905,0.6659260651351839,0.588116438494498
669.2,0.0028544044,0.6659458508857163,0.5880476288189249
669.3,0.002854250745,0.6659048028361045,0.5879836427447123
669.4,0.00285409537,0.6658024497474505,0.5879163711929024
669.5,0.002853941175,0.6657151888699044,0.5878313182266732
669.6,0.002853791695,0.665777034262883,0.5877587273301823
669.7,0.00285365055,0.666010379198821,0.5877127601747936
669.8,0.0028535195,0.6663121794386808,0.587698737361825
669.9,0.002853397675,0.6666017651663034,0.587754150029686
670.0,0.00285328588,0.6668572457640786,0.5878956511327149
670.1,0.00285318693,0.6670749267190458,0.5880860756298196
670.2,0.00285310294,0.667279431834424,0.5883100605046055
670.3,0.00285303576,0.6675202286281362,0.5885801162073377
670.4,0.00285298818,0.6678407841761379,0.5888868908450052
670.5,0.002852961255,0.668237152638056,0.5892214503564196
670.6,0.00285295722,0.6686945559620482,0.589566064849281
670.7,0.002852978725,0.669276133877266,0.5899042818028627
670.8,0.002853029025,0.6699748240834243,0.5902496351983162
670.9,0.00285311027,0.6706465531414296,0.5906058622742624
671.0,0.002853222545,0.6712120146863346,0.5909508323954121
671.1,0.00285336564,0.6717679320727579,0.5912679359614061
671.2,0.002853540375,0.6723318039717802,0.5915551856007314
671.3,0.002853746285,0.6728159359660689,0.5918338819398982
671.4,0.002853983045,0.6731930401818352,0.592129619534255
671.5,0.00285424901,0.6734798675911079,0.5924400679503715
671.6,0.002854542635,0.6736780895211789,0.5927365488455503
671.7,0.002854861955,0.6737875300428594,0.5930093917692849
671.8,0.002855202565,0.6738252354378877,0.5932612727301976
671.9,0.00285556159,0.6738241610132002,0.5934832683485153
672.0,0.0028559373,0.6737875740251565,0.5936847902075095
672.1,0.002856327245,0.673681853149178,0.5939058332949346
672.2,0.00285672955,0.6734721204236243,0.5941476894336898
672.3,0.002857142255,0.6731574773529966,0.5943875054221757
672.4,0.002857563905,0.6727616743777561,0.5946121079340773
672.5,0.002857993745,0.6723291084852834,0.5948154060495578
672.6,0.002858430765,0.6718906866641042,0.5950183849792249
672.7,0.002858875255,0.671420189181932,0.5952099140603065
672.8,0.00285932824,0.6708817139179215,0.595379206948586
672.9,0.00285978786,0.6702944245872594,0.5955357814131669
673.0,0.002860253835,0.6697206189722665,0.5956503276512279
673.1,0.00286072435,0.669215180696601,0.5957070516198627
673.2,0.002861198525,0.6688010685193755,0.5957262624589393
673.3,0.002861675175,0.6684891146520593,0.595727718272975
673.4,0.00286215228,0.6682926268811332,0.595725497166969
673.5,0.00286262739,0.668213138303812,0.595735286997996
673.6,0.002863100205,0.6682404387439718,0.5957125971592148
673.7,0.002863573525,0.6683494897081631,0.5956131286809354
673.8,0.002864044725,0.6685066950045487,0.5954636171449583
673.9,0.002864510415,0.6686996767580735,0.5952803561074224
674.0,0.002864968545,0.6689597503643083,0.5950790214873503
674.1,0.00286541788,0.6693136382103645,0.5948959458037808
674.2,0.002865856965,0.6697190418927543,0.5947463236837425
674.3,0.002866285235,0.6700797721276102,0.5946014956340935
674.4,0.002866701775,0.6703267892747766,0.5944373763205958
674.5,0.00286710589,0.6704618023606573,0.5942511879470253
674.6,0.00286749587,0.6704748588197257,0.594037597345693
674.7,0.002867871635,0.6702993820204668,0.5937947490919778
674.8,0.002868232825,0.669930942317239,0.5935057376474923
674.9,0.00286857899,0.6694641958966951,0.5931492787220083
675.0,0.00286890934,0.6689785182388208,0.5927556780032179
675.1,0.00286922314,0.6684945998728324,0.592366430903527
675.2,0.002869522055,0.6680121140730941,0.5919887140771933
675.3,0.002869808135,0.6675283150876267,0.5916139981001622
675.4,0.00287008234,0.6670222484934304,0.5912233322572289
675.5,0.002870344855,0.6664666515494578,0.590798085019002
675.6,0.002870596105,0.6658463189472653,0.5903295749083424
675.7,0.002870835135,0.6651738861725056,0.589834171507931
675.8,0.00287106251,0.6644915762304431,0.5893332784885168
675.9,0.002871280765,0.6638283546053437,0.5888671082360657
676.0,0.002871492785,0.6632046667821971,0.5884727975173356
676.1,0.002871700755,0.6626635651467282,0.5881549525354755
676.2,0.002871903405,0.6622365033245845,0.587921569272107
676.3,0.00287209975,0.6619242227316323,0.5877681571346913
676.4,0.00287229132,0.6617151748732771,0.587637730774085
676.5,0.002872480355,0.6615739288675717,0.5875031549979016
676.6,0.002872667465,0.6614509857806662,0.5873697742835637
676.7,0.002872853435,0.6613418154359539,0.5872395364185166
676.8,0.0028730368,0.6612825775648778,0.587148001090006
676.9,0.00287321648,0.6612620315489234,0.5870726795211806
677.0,0.002873391435,0.6612365218165762,0.5869722798748386
677.1,0.002873562045,0.6611893602276605,0.5868099537824276
677.2,0.0028737271,0.6611847358032744,0.5866029115168225
677.3,0.00287388486,0.6613138238454105,0.586412767878101
677.4,0.0028740358,0.6615778055929064,0.5862594386787314
677.5,0.002874182295,0.6619194663603548,0.5861330366983142
677.6,0.00287432662,0.6623126303977662,0.5860487754134338
677.7,0.00287446822,0.6627539739001131,0.5860171395754121
677.8,0.002874605845,0.6632137082858541,0.5860398916177278
677.9,0.00287473697,0.6636414486920111,0.5861507967499034
678.0,0.00287486327,0.6639947207859073,0.586330571876231
678.1,0.002874987865,0.6642635028869777,0.586511663958199
678.2,0.002875112235,0.6644784066740392,0.5866718060153971
678.3,0.002875236815,0.6646749321440771,0.5868058521190591
678.4,0.00287535954,0.6648583383231937,0.5869287405422525
678.5,0.00287547536,0.6649966752141019,0.5870573881330985
678.6,0.002875581015,0.665045602378089,0.5872052032090425
678.7,0.00287567446,0.6649778822068482,0.587363869346012
678.8,0.002875753405,0.6648075136372439,0.5875100646167839
678.9,0.00287581573,0.6645933512660488,0.5876624727011875
679.0,0.00287586306,0.6643929742034175,0.5878487213933371
679.1,0.00287589952,0.6642301328898113,0.5880591716586527
679.2,0.00287593064,0.6641478608613991,0.5882706416849439
679.3,0.00287595864,0.6642230454567848,0.588494528542039
679.4,0.002875986385,0.6644939198585627,0.5887331444421312
679.5,0.00287601514,0.6649298786711013,0.5889793743061787
679.6,0.00287604652,0.6654409215480608,0.5892446447349811
679.7,0.00287608274,0.6659180854898439,0.5895587367702573
679.8,0.002876124315,0.6662871535116023,0.5899077551477004
679.9,0.00287617403,0.6665180857043824,0.5902127535288816
680.0,0.002876232515,0.6666384024198295,0.5904313021917398
680.1,0.002876299285,0.6667209383420247,0.5905955748149588
680.2,0.002876374295,0.666800452052087,0.5907391009886123
680.3,0.002876456295,0.6668550717819623,0.5908639013850946
680.4,0.002876542555,0.6668626367370722,0.5909779525081535
680.5,0.002876633515,0.6668039769190444,0.5910928330116729
680.6,0.00287673254,0.6666883537430216,0.5911886899150378
680.7,0.002876842665,0.6665805217167798,0.5912356736898093
680.8,0.00287696313,0.6665814139290934,0.5912211444521049
680.9,0.00287709205,0.6667568844451671,0.5911480483875153
681.0,0.00287722757,0.6671051676899293,0.5910374781491167
681.1,0.00287737072,0.667591159507069,0.5909172368318932
681.2,0.0028775241,0.6681802332623584,0.5907942371963198
681.3,0.002877689865,0.6688189881638715,0.5906702479590606
681.4,0.00287786593,0.6694527856321774,0.5905589004906394
681.5,0.00287805164,0.6700798538090191,0.5904933674962041
681.6,0.00287824783,0.6707520729554785,0.5905134096006969
681.7,0.002878454925,0.6714550420108311,0.590613904123137
681.8,0.002878672965,0.6721053014246416,0.5907422237317099
681.9,0.0028788991,0.6726395292553846,0.590890017444824
682.0,0.002879131555,0.6730598115205818,0.5910530579354044
682.1,0.002879370325,0.6734337050286562,0.5912066020197115
682.2,0.002879614425,0.6737970365022291,0.591361924873779
682.3,0.002879862345,0.6740584170110078,0.5915286831251058
682.4,0.00288011311,0.6741211169171881,0.5916801675812692
682.5,0.002880366845,0.6740096343602828,0.5918154665520813
682.6,0.002880624165,0.6737962322545098,0.5919368438692084
682.7,0.00288088528,0.6735574649296516,0.5920239237910176
682.8,0.002881146745,0.6734075732609636,0.5920815657330257
682.9,0.0028814053,0.6733557244158087,0.5921486984264402
683.0,0.002881656715,0.6732467300002851,0.5922390745072618
683.1,0.00288189679,0.67299728754359,0.5923206472171492
683.2,0.00288212204,0.6726754879248975,0.5923653118682238
683.3,0.002882331565,0.6722788744187524,0.5923667708238523
683.4,0.002882525005,0.6717210343776251,0.5923338481894797
683.5,0.002882702645,0.6710177951453044,0.5922981307942824
683.6,0.00288286545,0.6702497888388371,0.5922859401581494
683.7,0.00288301526,0.6695182689894488,0.5922794615657792
683.8,0.00288315182,0.668899218157059,0.5922204304114997
683.9,0.002883274515,0.6683935411203518,0.5920671533625682
684.0,0.002883384615,0.6680574158391589,0.5918451175318645
684.1,0.002883483955,0.66791558549722,0.5916131869409391
684.2,0.00288357658,0.6678851874467038,0.5913839819957999
684.3,0.00288366561,0.6679062235511122,0.5911405129633764
684.4,0.0028837524,0.667946800361826,0.5908857681266007
684.5,0.002883837945,0.6679552700956202,0.5906572046946814
684.6,0.002883921325,0.6680136597366797,0.5904611353838968
684.7,0.002884002155,0.6682530051145862,0.5902629530378933
684.8,0.00288407894,0.6686123656150449,0.5900529677282903
684.9,0.0028841492,0.6689699039917647,0.5898395662508358
685.0,0.002884211545,0.6693218000680785,0.5896129537479544
685.1,0.00288426628,0.6696808715420133,0.5893613278843651
685.2,0.00288431148,0.6699689807210887,0.5890831360849785
685.3,0.002884345215,0.6701227553982966,0.5887814382610392
685.4,0.002884365525,0.6701626222090706,0.5884901001530345
685.5,0.00288437249,0.670126361946663,0.588262023039658
685.6,0.00288436863,0.6700198808052621,0.5880694572330006
685.7,0.002884354825,0.6698041413545548,0.5878529512336859
685.8,0.002884328615,0.6694822160721562,0.5876085189889548
685.9,0.00288428869,0.6691243007043179,0.5873524898691023
686.0,0.00288423418,0.6687795548928837,0.5870959838554849
686.1,0.00288416534,0.6683834880238603,0.586878534121737
686.2,0.002884084315,0.6678542553254366,0.5867050478355833
686.3,0.00288399289,0.6673274290869855,0.5865719190769763
686.4,0.0028838913,0.6670440008809639,0.5865151391879924
686.5,0.00288378079,0.6670435233588806,0.5865511160787428
686.6,0.002883665035,0.6672348526346695,0.5866672337414491
686.7,0.002883547925,0.6675766830481212,0.5868519317434648
686.8,0.00288343024,0.6680247244260057,0.5870812296797465
686.9,0.00288331349,0.6684796019095043,0.5873012347849589
687.0,0.00288319774,0.668843850728132,0.5874725351509442
687.1,0.00288308331,0.66910317035213,0.5876179820943459
687.2,0.00288297175,0.6693298236957159,0.5877866799649769
687.3,0.002882866565,0.6695967334075649,0.5879963856728337
687.4,0.002882771575,0.6699087501067341,0.5882274014319784
687.5,0.002882689905,0.670179750172218,0.5884575199522611
687.6,0.00288262133,0.6703403106895578,0.5886877364902348
687.7,0.00288256368,0.6704494056360463,0.5889280054963814
687.8,0.002882517225,0.6706114427019331,0.5891383973280737
687.9,0.002882481375,0.670851127371846,0.5893000574028421
688.0,0.002882452815,0.6711781546007142,0.589429275506914
688.1,0.002882430365,0.6716235696071402,0.5895141795616514
688.2,0.00288241168,0.672220874335182,0.5895866862634592
688.3,0.00288239368,0.672904057640002,0.5896997383600543
688.4,0.00288237456,0.6735405003293222,0.5898653053194466
688.5,0.00288235241,0.6741161406344248,0.5900508025426334
688.6,0.00288233009,0.6746875397894451,0.5902149237410867
688.7,0.002882308655,0.6752407679725569,0.5903554471804817
688.8,0.00288228924,0.6757340985501354,0.5904556438799383
688.9,0.00288227182,0.676178156388535,0.5905219760955447
689.0,0.00288225741,0.6765680029041043,0.5905836204265935
689.1,0.00288224861,0.6768819988066452,0.5906545129780958
689.2,0.00288224628,0.6770971916202309,0.5907677152428197
689.3,0.002882250575,0.6772273478038692,0.5909369170249124
689.4,0.00288226192,0.6773073453192001,0.5911404928571834
689.5,0.002882282915,0.6773285699191678,0.5913623156879052
689.6,0.002882315825,0.6772665988624831,0.5915896784031123
689.7,0.00288236117,0.677110386309376,0.5917938756424103
689.8,0.002882418065,0.6768664981884924,0.5919566742303564
689.9,0.00288248416,0.6765195532622006,0.5920741006805622
690.0,0.00288255717,0.676015503570488,0.5921358493124871
690.1,0.00288263585,0.6753864499070892,0.5921298557820226
690.2,0.002882720515,0.6748084534074964,0.5920737148929843
690.3,0.002882810965,0.6744037031763785,0.5920248694104063
690.4,0.002882906345,0.6741162223158339,0.5920367729049708
690.5,0.00288300465,0.673848294727965,0.5920653727078521
690.6,0.002883104535,0.67355640935452,0.5920333385158819
690.7,0.002883203815,0.6732565757516614,0.5919141753932571
690.8,0.00288330111,0.6729745549791487,0.5917092775787973
690.9,0.002883394545,0.6726937657109561,0.5914080729849047
691.0,0.00288348243,0.6723659782166659,0.5910019988866426
691.1,0.00288356217,0.6719714884271546,0.5905556828714437
691.2,0.00288363245,0.6715126713864684,0.5901432099772647
691.3,0.002883696315,0.6709974250585384,0.5897553546031192
691.4,0.00288375803,0.6704221177622571,0.5894195849502147
691.5,0.00288381914,0.6697609067564562,0.5891588164236851
691.6,0.00288387827,0.6689390095696093,0.5889408012032594
691.7,0.002883933265,0.6678779366508594,0.5887479243789293
691.8,0.00288398449,0.6666087018028826,0.5886153158680657
691.9,0.00288403321,0.6652831507649976,0.5885580056782419
692.0,0.00288408055,0.6641145913951976,0.5885254311323354
692.1,0.002884124425,0.6634209214540996,0.5884939812765987
692.2,0.002884162445,0.663405954906698,0.588448761191943
692.3,0.002884194475,0.6638136708012808,0.5883889075687068
692.4,0.002884220555,0.6642559127991267,0.5883331229362756
692.5,0.002884241535,0.6646014251591684,0.5882955752491983
692.6,0.00288425769,0.6648839800024323,0.5882940515767614
692.7,0.002884269045,0.6651231180352235,0.5883203203178936
692.8,0.002884273965,0.6652989843919715,0.5883495283331126
692.9,0.00288427151,0.6654049628785478,0.5883838684540905
693.0,0.002884261545,0.6654912372960007,0.5884365875204104
693.1,0.00288424571,0.6656208845416289,0.5884955834888521
693.2,0.00288422546,0.6658086198354222,0.5885522735282861
693.3,0.00288420188,0.6660323137987284,0.5885821557292885
693.4,0.00288417656,0.6662575031601378,0.5885797813135609
693.5,0.0028841496,0.6664391688969242,0.5885680298720809
693.6,0.002884123595,0.6665338753490593,0.5885372152463789
693.7,0.002884098495,0.6665593850814064,0.5884800684193731
693.8,0.002884072095,0.666605641891638,0.5884186100706095
693.9,0.002884043505,0.6667358043584615,0.5883440720149918
694.0,0.00288401134,0.6669571295609068,0.5882723010741835
694.1,0.002883974435,0.6672205709544663,0.5881893548599878
694.2,0.00288393256,0.6674150920883912,0.5880795342055962
694.3,0.002883883955,0.6674687316413587,0.5879794311256009
694.4,0.002883829475,0.6673748797024253,0.5879035032293933
694.5,0.002883771155,0.6671938171514283,0.5878317247487626
694.6,0.002883709145,0.6671011087522208,0.5877646146748151
694.7,0.002883643125,0.6672196284766703,0.5877244236516792
694.8,0.00288357139,0.6674687881900264,0.5877164986700513
694.9,0.002883495645,0.6677110301163593,0.5877446699596945
695.0,0.002883419145,0.667960975227879,0.5878161016084963
695.1,0.00288334366,0.668295485730448,0.5879177321308399
695.2,0.00288327055,0.6687367538345712,0.5880184164054764
695.3,0.002883200335,0.6693010404238237,0.588137160439641
695.4,0.002883134465,0.6699039057708622,0.5883270452111279
695.5,0.00288307519,0.6704700835988922,0.5885837378353489
695.6,0.00288302261,0.6709670961230607,0.5888782960758236
695.7,0.002882976725,0.6713859960874904,0.5892155322241788
695.8,0.002882938625,0.6717667382675495,0.5895842747769383
695.9,0.002882909495,0.6720902406294603,0.5899498983565112
696.0,0.002882888755,0.6723361393696421,0.5902912518761982
696.1,0.00288287598,0.6725293661673938,0.5906225849719574
696.2,0.002882871975,0.6727416938484793,0.5909682361903945
696.3,0.00288287998,0.6730398435576755,0.5913255709919103
696.4,0.00288290426,0.6734280941441768,0.5916859537666186
696.5,0.00288294971,0.6738445248167808,0.5920215732513943
696.6,0.00288301911,0.67422956469559,0.5923228626682886
696.7,0.002883115945,0.6745570505969856,0.5926280218990135
696.8,0.00288324282,0.6748407992454577,0.5929480559426347
696.9,0.00288339933,0.6751046930283593,0.5932633072256001
697.0,0.002883583235,0.6753599160155369,0.5935491073340751
697.1,0.002883792185,0.6756323800631975,0.5937854562609085
697.2,0.00288402269,0.6759822780865837,0.5939605070602035
697.3,0.0028842709,0.6764544280464917,0.5941113587996066
697.4,0.002884534405,0.6770357860502237,0.5942693199631847
697.5,0.00288481203,0.677649854316665,0.5944539205758281
697.6,0.002885102425,0.678190239669009,0.5946714802653189
697.7,0.0028854059,0.6785629645046163,0.5949048440508129
697.8,0.002885719735,0.6787356390032281,0.5951326126597908
697.9,0.00288604148,0.6787580825411454,0.5953213878207523
698.0,0.00288637151,0.6787587297092321,0.5954667059588553
698.1,0.00288671022,0.6788472095247278,0.5956060682656057
698.2,0.00288705782,0.6789963346448084,0.5957501649524849
698.3,0.002887413575,0.6790816665844651,0.5958977532054394
698.4,0.002887775475,0.6790524183568603,0.5960494066792875
698.5,0.002888143235,0.6789870229641831,0.5961991576046248
698.6,0.00288851716,0.6789435935873399,0.5963533978658639
698.7,0.00288889759,0.6788690058945583,0.5965370742219488
698.8,0.002889283575,0.6786837713085174,0.5967547671149681
698.9,0.00288967508,0.6783489780626096,0.5969567080624223
699.0,0.0028900717,0.6778500680164784,0.5971105405449351
699.1,0.002890469925,0.6771615063050351,0.5972343236937162
699.2,0.002890869735,0.6762468818694249,0.5973551072498317
699.3,0.002891271215,0.6752481318657368,0.5974865357784946
699.4,0.00289167414,0.6745051389199775,0.5976084176354017
699.5,0.002892079775,0.6742359986773446,0.5977012385036262
699.6,0.00289248894,0.6744067756539938,0.59777592358578
699.7,0.00289290232,0.6748254054414552,0.5978394654387916
699.8,0.002893319255,0.6752556968208467,0.5978890140098054
699.9,0.00289373775,0.6755023055609682,0.5979138307068133
700.0,0.002894154405,0.6754756460057099,0.5979036368669709
700.1,0.00289456511,0.6752438216006161,0.5978788798602235
700.2,0.002894967995,0.6749796764903023,0.5978603564016194
700.3,0.00289536381,0.6748366334935991,0.5978307450059037
700.4,0.00289575355,0.674862671013512,0.5977613340294967
700.5,0.002896138375,0.675017017460583,0.5976595037018604
700.6,0.00289651806,0.6752310227521454,0.5975490176581448
700.7,0.002896893085,0.6754438719376115,0.5974313317123857
700.8,0.002897263045,0.6756179538697322,0.5973060148380711
700.9,0.002897627035,0.6757652694324443,0.5972043912272312
701.0,0.00289798201,0.6759319372059026,0.5971497934885046
701.1,0.002898326955,0.6760620242745023,0.597096150165626
701.2,0.00289866061,0.6760427097628682,0.5969973206872923
701.3,0.002898980525,0.6759037445534293,0.5968468635319266
701.4,0.00289928484,0.6758096161543424,0.5966591477160078
701.5,0.00289957185,0.6758633373887188,0.5964641572281404
701.6,0.002899839915,0.6760183498534322,0.5962924051011316
701.7,0.002900091985,0.6761453707276022,0.596174114712946
701.8,0.00290033278,0.676154449930371,0.5961332601854415
701.9,0.00290056459,0.6760512925939978,0.5961640980589292
702.0,0.002900789575,0.6759184220743067,0.5962253748236375
702.1,0.002901011265,0.6758644432293329,0.5962755334919447
702.2,0.00290123171,0.6759648610969122,0.5963579619716711
702.3,0.00290145456,0.676218349924945,0.5964741079087114
702.4,0.002901685655,0.6765571895421906,0.5965402748765443
702.5,0.002901928395,0.6768978826991018,0.5965075815784353
702.6,0.002902181755,0.6771974901072894,0.5964156365862427
702.7,0.002902444445,0.677490330524901,0.5963330397171502
702.8,0.00290271787,0.677829811027048,0.5963054797814372
702.9,0.002903003335,0.6782278256835166,0.5963532546092389
703.0,0.002903302205,0.6786521731696077,0.596455201804122
703.1,0.002903614555,0.6790866617167843,0.596578950395384
703.2,0.002903939575,0.6795531002612482,0.5966902281204483
703.3,0.002904275335,0.6800820753490743,0.5967433964345177
703.4,0.002904617345,0.680655039017236,0.5967332000814012
703.5,0.002904961475,0.6811903035735547,0.5967021561194354
703.6,0.00290530391,0.6816186471655009,0.5966828667405424
703.7,0.00290564165,0.6819272269623072,0.5966547432031075
703.8,0.002905971935,0.682135633935761,0.5965796120147969
703.9,0.00290629264,0.6822626862258575,0.5964412122920357
704.0,0.002906602345,0.6823000523288794,0.5962470618660438
704.1,0.002906898395,0.6822324389717888,0.5960253684689394
704.2,0.002907176805,0.6820567108451175,0.5958072169033927
704.3,0.002907434235,0.6817944444072106,0.5956063434691221
704.4,0.002907670495,0.6814927195655744,0.5954298896345479
704.5,0.002907885515,0.6812062063155672,0.5952701515861649
704.6,0.00290807814,0.6809591514692888,0.5950874202211505
704.7,0.002908245355,0.6807651204238178,0.5948846329286352
704.8,0.00290838535,0.6806605305211945,0.5946861936003528
704.9,0.00290849853,0.6806745985730973,0.5944730139193396
705.0,0.002908585255,0.6807648439636642,0.5942339481431794
705.1,0.002908646435,0.6808178049326185,0.5939647865377162
705.2,0.002908681575,0.6807493244959556,0.5936685557133129
705.3,0.002908688855,0.6805954869868945,0.5933716594995853
705.4,0.00290866946,0.6804587523082397,0.5930915997092069
705.5,0.00290862605,0.6804161900109689,0.5928284284926157
705.6,0.002908560895,0.6805421867259337,0.5925994447155994
705.7,0.002908476975,0.6808500942219121,0.5924221608722461
705.8,0.002908379655,0.6812231332167846,0.592260975806287
705.9,0.002908273785,0.6815599496483613,0.5920955696964383
706.0,0.00290816422,0.6818763708604308,0.5919233758615025
706.1,0.00290805358,0.682246557289174,0.5917341037005831
706.2,0.00290794243,0.6826865876057917,0.5915538309459792
706.3,0.00290783165,0.6831105455343937,0.5914199324971721
706.4,0.002907722035,0.6833859752455191,0.5913271135139032
706.5,0.002907613075,0.6834559573634705,0.591290444216132
706.6,0.00290750566,0.6833503998503099,0.5913595385199993
706.7,0.00290740064,0.6831685393347788,0.5915396133542662
706.8,0.002907299185,0.6831675717242416,0.5917560219642086
706.9,0.002907201345,0.6835639213366038,0.5919533567085141
707.0,0.002907106605,0.6841876154429357,0.5921484320193833
707.1,0.0029070171,0.6847159182299339,0.5923895655918281
707.2,0.00290693528,0.6850338348401066,0.5926908506104926
707.3,0.00290686096,0.6852460494238566,0.5929888570630639
707.4,0.002906793095,0.6854736389620533,0.5932534545627198
707.5,0.002906733425,0.685760548052735,0.5935266776191656
707.6,0.00290668358,0.6860867898834397,0.5938162470105063
707.7,0.002906645725,0.6863759860535733,0.5940732167231993
707.8,0.00290661966,0.6865015869278638,0.5942711866975394
707.9,0.002906603525,0.6863043828738126,0.5944158608091484
708.0,0.00290659745,0.6857030569071744,0.5945239441628025
708.1,0.002906603165,0.6849175833455532,0.5945844612904072
708.2,0.002906621705,0.6843429169341732,0.5945620453985052
708.3,0.002906653845,0.6841208503158616,0.5944840830068953
708.4,0.002906701015,0.6840624669579872,0.5944577979294812
708.5,0.00290676513,0.6839384620127648,0.5945318747992973
708.6,0.002906848645,0.6836379561090783,0.594641863843055
708.7,0.00290695339,0.6831755890686936,0.5947210514558
708.8,0.00290707674,0.6826378049550667,0.5947643256379661
708.9,0.00290721861,0.6821065804869006,0.5947693082039147
709.0,0.00290738188,0.6816045099985598,0.5947419574982725
709.1,0.002907567375,0.6810977773867211,0.5947311843487448
709.2,0.00290777345,0.6805483693802761,0.5947526489663912
709.3,0.002907997235,0.6799646111997566,0.5947934972107102
709.4,0.002908234495,0.6794068654064088,0.5948666027000779
709.5,0.002908482935,0.6789575171259806,0.5949687779745876
709.6,0.00290874027,0.6786751256455347,0.5950947325922109
709.7,0.002909006355,0.6785719243268643,0.5952108496265988
709.8,0.00290928355,0.6785944621125611,0.595248347676512
709.9,0.0029095682,0.6786309611360105,0.5951901559557895
710.0,0.00290985314,0.6785440521168417,0.5950747903903644
710.1,0.00291013231,0.6782578153269878,0.5949350749685999
710.2,0.00291040347,0.6778258966026016,0.5947697009029963
710.3,0.00291066522,0.6773692598272171,0.5945805267597678
710.4,0.002910918075,0.6769809464088627,0.5943802697059759
710.5,0.002911162325,0.6766986743089377,0.5942071522427999
710.6,0.00291139879,0.6765292356507591,0.5941034620923126
710.7,0.00291162503,0.676484625035078,0.5940850121469765
710.8,0.002911839365,0.6765764977706396,0.5941365562576439
710.9,0.00291204246,0.6767789357180516,0.5942344118422551
711.0,0.00291223594,0.6770298484401085,0.5943573310530564
711.1,0.002912419795,0.6772492384214793,0.5944705433708768
711.2,0.00291259392,0.6774076752221851,0.594565672681383
711.3,0.002912760395,0.6775592319349796,0.594654320886245
711.4,0.00291292087,0.677762719174338,0.5947137975183628
711.5,0.002913077195,0.6779890143763613,0.5947260271102447
711.6,0.00291323209,0.6781494617963655,0.5947179607569473
711.7,0.002913387265,0.678194493385462,0.5947274967472881
711.8,0.002913545365,0.6781418654253291,0.594776935362559
711.9,0.002913710335,0.6780071413659725,0.5948595422847481
712.0,0.002913884945,0.6777950021804462,0.5949623176034547
712.1,0.002914071665,0.677572885296652,0.5951096821750123
712.2,0.00291427646,0.6774022905323769,0.5953111122995011
712.3,0.002914506805,0.6772590339073732,0.5955627375347717
712.4,0.002914763165,0.6771252020603302,0.5958537225277623
712.5,0.002915042185,0.6769830072936435,0.5961542315730414
712.6,0.002915342385,0.6768594547377631,0.5964214830901711
712.7,0.002915663795,0.6768966009292992,0.596643973823491
712.8,0.00291600377,0.6772304705469668,0.5968287748697457
712.9,0.002916361085,0.6777911568710382,0.5969971183687254
713.0,0.002916734025,0.6783513656730265,0.5971072644921158
713.1,0.00291711883,0.6787511647541222,0.5970908251660781
713.2,0.00291751097,0.6789750786289142,0.5969638218848271
713.3,0.00291790738,0.6790726376471787,0.5967855277052764
713.4,0.00291830563,0.679037809951021,0.5966138063658756
713.5,0.002918704285,0.6788079898820404,0.5964699716878237
713.6,0.002919104125,0.678394845315352,0.5963184445060001
713.7,0.0029195053,0.6779254473906087,0.5961319162121045
713.8,0.00291990537,0.6775524837939597,0.5959273935038075
713.9,0.0029203008,0.677336122307907,0.5957186805392292
714.0,0.002920688555,0.6771713394900409,0.5954952410449279
714.1,0.00292106687,0.6769020673005164,0.595208614697585
714.2,0.00292143205,0.6764964060075289,0.5948230124736907
714.3,0.002921781195,0.6760186891454388,0.5944065170842782
714.4,0.002922110715,0.6754930818449373,0.5940186403473027
714.5,0.002922417775,0.6748685772077008,0.5936716853679144
714.6,0.002922700195,0.6741314590402038,0.5933847599409509
714.7,0.0029229572,0.6734502926378672,0.5931369555106653
714.8,0.00292318806,0.673066810989014,0.592901486229775
714.9,0.002923391695,0.6729364223275194,0.5926761454435997
715.0,0.00292356842,0.6727520359714949,0.5924659584437484
715.1,0.00292371932,0.6724372735203464,0.592291782263848
715.2,0.002923847885,0.6722066492036465,0.5921483000724919
715.3,0.002923958495,0.6720518440840481,0.5920202518975242
715.4,0.002924055485,0.6717568736666173,0.591897850421192
715.5,0.00292414224,0.6712825497245929,0.5917842447759715
715.6,0.00292422026,0.6708136544546741,0.5916754727852077
715.7,0.00292429044,0.6706031174814011,0.5915553363971788
715.8,0.002924353575,0.6706855151735194,0.5914520508838252
715.9,0.00292441035,0.6707799011832039,0.5913996107909331
716.0,0.00292446249,0.6706249138512318,0.5913931102074143
716.1,0.00292451003,0.6702450010516331,0.5914381531062444
716.2,0.00292455383,0.6698525909964586,0.5915240090635557
716.3,0.00292459547,0.6695837837626467,0.5916341746648206
716.4,0.00292463499,0.6694075718307069,0.5917549023005869
716.5,0.00292467208,0.6692467348532137,0.5918629002029209
716.6,0.00292470759,0.6691116715018506,0.5919339749667971
716.7,0.002924742535,0.6690865261942512,0.5919737758041255
716.8,0.002924776365,0.6692340868011903,0.5920033947396636
716.9,0.002924809625,0.6695298740327112,0.5920386641437483
717.0,0.00292484442,0.6699060169211255,0.5920814161932154
717.1,0.00292488238,0.6703139338776382,0.59212947627763
717.2,0.00292492354,0.6707608882644643,0.592187720777109
717.3,0.00292496598,0.6712782080435457,0.5922722578938244
717.4,0.00292500905,0.6718733262231006,0.5924206353148536
717.5,0.002925052585,0.6725072744878537,0.5926594378255494
717.6,0.002925097155,0.6730961974466957,0.592940351500811
717.7,0.002925142365,0.6735806121843233,0.5932042980624692
717.8,0.00292518771,0.6740091568381994,0.5934460436171629
717.9,0.002925230615,0.6744801444088256,0.5936570204134073
718.0,0.002925269345,0.6750524923248272,0.5938044258256694
718.1,0.0029253001,0.6757247743031396,0.5939163098781157
718.2,0.00292532011,0.6764427915873028,0.5940397361419715
718.3,0.00292532921,0.6771461753328857,0.5941645421933206
718.4,0.002925328205,0.6778014487285714,0.5942706237241359
718.5,0.00292531674,0.6784235971713177,0.5943838341570007
718.6,0.00292529233,0.6790071919890192,0.5945317378258576
718.7,0.00292525541,0.6795063219466363,0.5946844468748373
718.8,0.00292520821,0.6799044873995522,0.5948238412258328
718.9,0.00292515164,0.6802228061335845,0.5949526044272884
719.0,0.002925084955,0.6805176320377533,0.595033391110694
719.1,0.00292500549,0.6808012864384458,0.5950243382973034
719.2,0.00292491129,0.6810040636778646,0.5949472794277405
719.3,0.00292480344,0.6810421146480848,0.5948314595880176
719.4,0.0029246826,0.6808904259883989,0.5946806870167496
719.5,0.002924549865,0.6805628018569266,0.5944841137945033
719.6,0.002924406355,0.6800675737573852,0.5942469021863273
719.7,0.002924251985,0.6794212476175769,0.5939949345174572
719.8,0.002924089625,0.6786639604252439,0.5937232772307901
719.9,0.002923920945,0.6778563637681562,0.5934083664964683
720.0,0.002923744975,0.6770450034830694,0.5930479849783972
720.1,0.00292356171,0.6762357417818753,0.5926491007290821
720.2,0.002923371675,0.6754124120287784,0.5922474902056621
720.3,0.00292317713,0.6745826859930388,0.5918571975839361
720.4,0.00292297896,0.6737949756174483,0.5914396378229324
720.5,0.002922774825,0.6731064955874141,0.5909870731799454
720.6,0.00292256142,0.6725219708582872,0.5905313663159862
720.7,0.002922338635,0.671970759577659,0.5901033884054249
720.8,0.0029221056,0.67136717166431,0.589734801675661
720.9,0.00292186139,0.670712853312791,0.5893969070494856
721.0,0.00292160709,0.6701008710638717,0.5890095153744158
721.1,0.00292134049,0.6696078483623732,0.5885733668096809
721.2,0.00292105922,0.6692156707850551,0.5881187846358917
721.3,0.002920760855,0.6688596655055502,0.5876624274622533
721.4,0.002920443825,0.6685026988986934,0.5872267099240305
721.5,0.002920110795,0.6681557288396603,0.5868145160032792
721.6,0.00291976506,0.6678258490446628,0.5864693630414369
721.7,0.002919406815,0.6674707548270276,0.5862375706805882
721.8,0.002919037775,0.6670358327400645,0.5860607800672817
721.9,0.00291865786,0.6665137880056322,0.585909751142053
722.0,0.002918266365,0.6658889880586863,0.585793345081141
722.1,0.00291786273,0.6651401768833326,0.5856839918957363
722.2,0.002917446845,0.6644424982700087,0.5855451755977892
722.3,0.00291701626,0.6638194890308753,0.5854234401390996
722.4,0.002916570095,0.6632380996112167,0.5853547391626324
722.5,0.002916111055,0.663190774659483,0.5853019654326004
722.6,0.00291564194,0.6635183548086581,0.5852593453300247
722.7,0.002915166585,0.6636107804645267,0.5852689007982398
722.8,0.002914685375,0.6634842371124401,0.5853614056222433
722.9,0.002914199995,0.6634046417209688,0.5854802564705582
723.0,0.002913712425,0.6634263375598345,0.5855900947178687
723.1,0.002913226355,0.6635001775535644,0.5856981931511676
723.2,0.0029127445,0.663628480197537,0.5858394278471394
723.3,0.00291226839,0.6638555168154266,0.5860452731659436
723.4,0.002911800835,0.6642151726255949,0.5862892002425759
723.5,0.002911344715,0.6646791732941596,0.5865048806313413
723.6,0.00291090342,0.665159799271047,0.5866833852975998
723.7,0.00291048056,0.6656515653354839,0.5868883842713429
723.8,0.002910078,0.6662538463462889,0.5871577852661664
723.9,0.002909697275,0.6669688162855782,0.5874717126819874
724.0,0.002909336985,0.667662523925788,0.5878108953611508
724.1,0.00290899459,0.6682491158228809,0.5881537581019486
724.2,0.00290866802,0.6688030351563766,0.5884774414195961
724.3,0.00290835584,0.6694375677573633,0.5887824234644955
724.4,0.00290805631,0.6701577841563842,0.5890912721816328
724.5,0.002907770225,0.6709016001994187,0.5893865787494776
724.6,0.002907500665,0.6716342761549036,0.5896551987443672
724.7,0.00290724929,0.6723787079500982,0.5899241649427672
724.8,0.00290701741,0.6731749823072624,0.5902151499357577
724.9,0.00290680582,0.6740257130314838,0.5905401282178971
725.0,0.002906614685,0.67488062835712,0.5909181874778301
725.1,0.00290644318,0.6756628974942345,0.5913230916469882
725.2,0.00290629025,0.676350177435875,0.591718126816984
725.3,0.0029061537,0.677014090211358,0.592097680218383
725.4,0.002906032795,0.6777283752834489,0.5924324835173873
725.5,0.00290592406,0.678454818319109,0.5927529341361943
725.6,0.002905826665,0.6790698918951995,0.5930574964643152
725.7,0.00290574243,0.6794770108871783,0.5933020876736346
725.8,0.002905672275,0.6796202172466994,0.5934972603738758
725.9,0.00290561615,0.6794420512441292,0.5937023491971689
726.0,0.00290557548,0.6789171099612702,0.5939631340599805
726.1,0.00290555283,0.6781308133023737,0.5942831354310381
726.2,0.002905549715,0.6773628321286479,0.5946415314625523
726.3,0.002905565655,0.6769692345514502,0.5950029113787688
726.4,0.00290560144,0.6770277624225866,0.5953167671662775
726.5,0.00290565701,0.6773323209807961,0.5955530023674568
726.6,0.002905734045,0.6776600142273067,0.5957142056546534
726.7,0.002905835635,0.6778909024377897,0.5958438082896661
726.8,0.00290596148,0.6779643465908454,0.5959923006929863
726.9,0.00290610796,0.6778222397887529,0.5961306168493828
727.0,0.002906273205,0.6774433825642858,0.5962091082851957
727.1,0.002906454675,0.6769310956166356,0.5962823878187964
727.2,0.00290665199,0.6764548113207954,0.596369506068036
727.3,0.002906864875,0.6761147841815268,0.5964173060285789
727.4,0.00290709095,0.6759357636657546,0.5964222226210818
727.5,0.002907325345,0.6759162292426346,0.5964274615409909
727.6,0.00290756614,0.676004149854638,0.5964143303120174
727.7,0.00290781125,0.676115035508939,0.5963736020765377
727.8,0.002908058565,0.6761947377145606,0.5963262645584335
727.9,0.002908306,0.6762449654979062,0.5962687614748207
728.0,0.002908550275,0.676263513460933,0.5961928191272869
728.1,0.00290879006,0.6762071281559864,0.5960826397030143
728.2,0.002909022715,0.6760745529460049,0.5959371688835083
728.3,0.00290924563,0.6759262069409024,0.5957891376659897
728.4,0.002909457585,0.6757862238554437,0.5956308579449165
728.5,0.002909657065,0.6756130781179338,0.5954187878744287
728.6,0.002909842685,0.6753798274297754,0.595164740471222
728.7,0.00291001249,0.6751088210811061,0.5949282853585569
728.8,0.002910167375,0.6748201841144649,0.594703827988236
728.9,0.00291031018,0.674511528919435,0.5944518326733506
729.0,0.00291044238,0.6741864494780122,0.5941839201651266
729.1,0.00291056334,0.6738708639295885,0.5939190279840797
729.2,0.00291067005,0.6735872723607489,0.5936473750956424
729.3,0.002910761135,0.6733422344169543,0.5933768205079966
729.4,0.00291083922,0.6731204254092402,0.5931527168810085
729.5,0.002910906035,0.6729145568426504,0.592986076125247
729.6,0.002910961495,0.6727336262385449,0.5928732766127013
729.7,0.00291100592,0.6726011138604164,0.5928067778926842
729.8,0.002911038135,0.6725690696153498,0.5927398073054506
729.9,0.00291105738,0.672714933762256,0.5926167134220977
730.0,0.00291106419,0.6730986478889655,0.5924377174107482
730.1,0.002911057405,0.6736871875735037,0.5922392988169771
730.2,0.002911036465,0.6743740276921727,0.5920471590102836
730.3,0.00291100244,0.6750479181659237,0.5918942947666267
730.4,0.002910957595,0.6756300678510044,0.5917934496424465
730.5,0.00291090415,0.6760855862194044,0.5917327898865354
730.6,0.002910841805,0.6764381985788432,0.5917084205523215
730.7,0.002910771675,0.6767687255419275,0.5916939466066479
730.8,0.00291069554,0.6771894099309844,0.5916530675747208
730.9,0.00291061495,0.6777545698829945,0.5915966313759732
731.0,0.00291052779,0.6784297169938069,0.5915553847777056
731.1,0.00291043427,0.6791402887033812,0.5915209114531993
731.2,0.00291033651,0.6798531537755925,0.5914813977574395
731.3,0.002910237545,0.6805852202621026,0.5914696865283455
731.4,0.002910139805,0.6813524097544799,0.5914963567650189
731.5,0.00291004317,0.6821529818103942,0.5915253662315821
731.6,0.00290994558,0.6829608989099325,0.5915575838925632
731.7,0.0029098449,0.6837195872525892,0.5916350021603256
731.8,0.002909739755,0.6843756020641412,0.5917584504153299
731.9,0.00290962665,0.6849769217475942,0.5919175105080182
732.0,0.00290950109,0.6856460684164383,0.5921221620216139
732.1,0.00290936247,0.6864287271110417,0.5923487650997173
732.2,0.00290921358,0.6872241783709306,0.5925709096295269
732.3,0.002909054735,0.6878922254823459,0.5927955027166505
732.4,0.002908886175,0.6884385547279904,0.5930373795899171
732.5,0.00290871137,0.6889337639779759,0.5932818853479164
732.6,0.002908535945,0.6892830273996461,0.5935071878066612
732.7,0.002908364015,0.6894747148169975,0.5937351914067696
732.8,0.002908196505,0.6896801875429128,0.594002234322147
732.9,0.00290803424,0.6898606280585644,0.5943211757198433
733.0,0.0029078779,0.6896957384265481,0.5946770396276787
733.1,0.00290772994,0.6889369432697413,0.5950438639239639
733.2,0.00290759138,0.687727323283959,0.5953985321416354
733.3,0.00290746188,0.686625076651891,0.595735214741365
733.4,0.002907341765,0.6860356007727421,0.5960531351214489
733.5,0.0029072311,0.6858345011438005,0.5963311811509363
733.6,0.00290713101,0.6856857467316531,0.5965615220959789
733.7,0.002907041245,0.6853818227751595,0.5967712560781697
733.8,0.002906961475,0.6849118782132942,0.596953757478602
733.9,0.00290689169,0.6843508463140309,0.5970885739007826
734.0,0.00290683351,0.6837277805262297,0.5971785227250032
734.1,0.002906788365,0.6830017270480586,0.5972449919140492
734.2,0.002906755615,0.6821524037573459,0.5973061128557619
734.3,0.00290673454,0.6812695156907222,0.5973426282154931
734.4,0.002906726955,0.6804082480647407,0.5973101271828546
734.5,0.00290673345,0.6794869948686313,0.5972032960680322
734.6,0.00290675197,0.6784747234501622,0.597042220957816
734.7,0.00290677993,0.6774607178725484,0.5968295332502123
734.8,0.00290681808,0.676540426003791,0.5965500452296969
734.9,0.002906866175,0.6757314596123064,0.5962148284970995
735.0,0.0029069233,0.6749828557820677,0.5958696566857012
735.1,0.002906987105,0.674231342837032,0.5955401702181039
735.2,0.002907055695,0.673470499361815,0.5952013199194434
735.3,0.002907129595,0.6727530726970706,0.5948313691101493
735.4,0.002907208165,0.672145809120317,0.5944310252768873
735.5,0.00290728908,0.6717076449097354,0.5940307681515826
735.6,0.00290736963,0.6714442286489173,0.5936836051987605
735.7,0.00290744819,0.6713077390144894,0.5934018671695866
735.8,0.002907525015,0.671226095304608,0.5931388454928057
735.9,0.00290760247,0.6711372887634763,0.5928590577643512
736.0,0.00290768015,0.6711048549609206,0.5925909668136644
736.1,0.002907757095,0.6712879846798837,0.592384408353328
736.2,0.002907833335,0.6717363276506628,0.5922476014180421
736.3,0.002907910835,0.6723712686586945,0.5921551148152759
736.4,0.002907991735,0.6731238811611591,0.5921018974923612
736.5,0.00290807426,0.673967725514284,0.5921154207920979
736.6,0.002908156555,0.674888482338754,0.5922126021909254
736.7,0.00290823768,0.6758241554451432,0.592370746195196
736.8,0.002908318895,0.6766916245750231,0.5925628432762295
736.9,0.0029084033,0.6775027523822533,0.5927704912408982
737.0,0.002908493825,0.6783584091237557,0.5930119923796835
737.1,0.002908591715,0.679282401788659,0.5933333295559373
737.2,0.002908698375,0.6802152788775865,0.5937504966178593
737.3,0.00290881647,0.6811101426954056,0.5942248274713875
737.4,0.002908946125,0.6819624693486952,0.5946788008045203
737.5,0.002909086105,0.6828008913128999,0.5950886265927293
737.6,0.00290923597,0.6836778229198524,0.5954770681880639
737.7,0.002909396415,0.6845807103653088,0.5958362138035853
737.8,0.00290956705,0.6854183720640913,0.5961456562817342
737.9,0.00290974764,0.6861084417400083,0.5964234264793866
738.0,0.002909938585,0.6866303042620666,0.596682295598998
738.1,0.002910141215,0.6870003147616212,0.5969045463146392
738.2,0.002910355605,0.6872628765092376,0.5970719372827262
738.3,0.0029105807,0.6874764608273846,0.5971718895662743
738.4,0.00291081398,0.6876808591286123,0.5972183248189685
738.5,0.00291105312,0.6878590376975534,0.5972547716919799
738.6,0.00291129614,0.6879424532656915,0.5972925732197435
738.7,0.0029115406,0.6878801554833708,0.5972986748209952
738.8,0.002911785785,0.6876529492194778,0.5972724745665828
738.9,0.002912030585,0.6872670799602081,0.5972460456042252
739.0,0.00291227539,0.6867341841647503,0.5972071947845153
739.1,0.002912522165,0.686063724310177,0.5971208368006978
739.2,0.00291277152,0.6852859350841866,0.5970183423403745
739.3,0.00291302323,0.6844327539176953,0.5969275917817087
739.4,0.002913277145,0.6835255373575622,0.596814412136452
739.5,0.002913533515,0.6825839454906135,0.5966649288748089
739.6,0.00291379155,0.6816368935356331,0.5965000549507559
739.7,0.002914052795,0.680709162375472,0.5962946676761607
739.8,0.00291431771,0.6797941672319288,0.5960050021520846
739.9,0.00291458429,0.6788643626206163,0.5956153680081788
740.0,0.00291485018,0.6779031043836563,0.5951310368369157
740.1,0.002915111865,0.6769243663251716,0.5945848797505486
740.2,0.00291536509,0.6759827493254817,0.5940175766040301
740.3,0.002915605725,0.675143139839254,0.5934275088488252
740.4,0.00291583032,0.6744099737953151,0.5927981561058058
740.5,0.00291603661,0.6737272303134664,0.5921577512398308
740.6,0.002916224255,0.6729341980799206,0.5915444646016418
740.7,0.002916392495,0.6717241257047962,0.5909797231097731
740.8,0.0029165404,0.6700520695635909,0.5904575212957082
740.9,0.00291666726,0.6685663475658551,0.5899643660189996
741.0,0.00291677386,0.667795130551696,0.5895196641541061
741.1,0.00291686187,0.6674721182782393,0.5891481255838849
741.2,0.002916934535,0.6673637144821345,0.5888517182019742
741.3,0.002916993235,0.6676117055230235,0.5886175639917687
741.4,0.002917039845,0.6680175678779409,0.5884251125390838
741.5,0.002917076455,0.66806019929025,0.5883077822216132
741.6,0.00291710485,0.667567434199349,0.5883170115925109
741.7,0.002917129105,0.6668231092183047,0.5884251835390778
741.8,0.00291715126,0.6662562339567056,0.5886036253734832
741.9,0.00291717203,0.6662066721910026,0.588859648838469
742.0,0.00291719133,0.6667168228556485,0.5891708455819555
742.1,0.002917206295,0.6675761678269261,0.589493184926266
742.2,0.00291721433,0.6685869501304774,0.5898105429612649
742.3,0.00291721433,0.6696101291586397,0.5901353088717409
742.4,0.002917206295,0.6705548689014273,0.5904495567300126
742.5,0.00291718749,0.6714444108612911,0.5907291408832633
742.6,0.00291715656,0.6723822076843143,0.5910123026822278
742.7,0.002917114055,0.673427465825646,0.5913115645152236
742.8,0.00291705985,0.6745428128990795,0.5915808850852748
742.9,0.002916992935,0.6756116706844251,0.5918046110928261
743.0,0.002916915105,0.6764926298131594,0.5920018899167825
743.1,0.00291682942,0.677123436485259,0.592194581387146
743.2,0.002916739515,0.6776032519312417,0.5923980623433189
743.3,0.002916648355,0.6780499864065822,0.5925940380346425
743.4,0.002916560385,0.6784628984954141,0.5927544841980097
743.5,0.002916479625,0.6787991620066838,0.5928792889927218
743.6,0.00291640969,0.679000192520587,0.5929389585186284
743.7,0.00291634997,0.6790582931351224,0.592943726827958
743.8,0.00291629748,0.6790637972054515,0.5929367996161569
743.9,0.00291625074,0.6790618180020798,0.5929558684552456
744.0,0.002916209035,0.6789866585394353,0.5930116361230765
744.1,0.00291617282,0.6787624996204165,0.5930680804899652
744.2,0.00291613998,0.6783882542539648,0.5930927250276954
744.3,0.002916106535,0.6778969971275377,0.5930572231457543
744.4,0.002916070555,0.6772774750562498,0.592922944564236
744.5,0.002916030725,0.6764907762734937,0.5926946814685744
744.6,0.0029159865,0.6755708739622256,0.5924207239077663
744.7,0.00291594036,0.6746018622745963,0.5921270258353603
744.8,0.00291589423,0.6736075105006234,0.5918637013090475
744.9,0.00291584907,0.6725443578475366,0.5916553584240838
745.0,0.002915804165,0.6713885282111691,0.5914455785746404
745.1,0.002915757095,0.6701749875177552,0.5911962391621843
745.2,0.00291570532,0.6690241718632628,0.5909322278837176
745.3,0.00291564874,0.6681404606993638,0.5906664196142529
745.4,0.002915585585,0.6676882661359915,0.5904208017324544
745.5,0.002915513085,0.667632867291138,0.5902090904318475
745.6,0.002915432015,0.6677612327669638,0.5900004949628345
745.7,0.002915341485,0.6679019384187328,0.5898013657408052
745.8,0.00291523806,0.668021538851055,0.5896204351366996
745.9,0.00291511823,0.6681664353874238,0.5894615867873562
746.0,0.00291498022,0.6684398419128804,0.5893513501860973
746.1,0.002914825405,0.6689018445285173,0.5892857845190984
746.2,0.00291465392,0.6694915528855226,0.5892457593720546
746.3,0.002914464275,0.670192040082679,0.5892592933532063
746.4,0.002914256325,0.6710893417763972,0.5893405808064808
746.5,0.00291403041,0.6721974883194685,0.5894703310963482
746.6,0.0029137854,0.6734788497150882,0.5896222987294618
746.7,0.002913520485,0.6749012749040394,0.5897953539891033
746.8,0.002913236895,0.6763780433627123,0.5900110174132683
746.9,0.00291293718,0.6777738215627757,0.5902592478435177
747.0,0.00291262168,0.6790056400422483,0.590520948794747
747.1,0.00291228952,0.6800522427852358,0.5908041514344161
747.2,0.002911943265,0.6809538610272601,0.5911202471774867
747.3,0.00291158663,0.6817858113105985,0.5914638293430021
747.4,0.00291122248,0.6825114186826129,0.5918097105260214
747.5,0.00291085435,0.6831122985430944,0.5921332116312952
747.6,0.00291048682,0.6836611222133059,0.592447468914345
747.7,0.002910123945,0.6841951992476014,0.5927532451538671
747.8,0.00290976924,0.6846503657576242,0.593008218698588
747.9,0.002909427805,0.6849458639626208,0.5931731359766197
748.0,0.002909103915,0.6850549086436268,0.5932572540048752
748.1,0.002908800485,0.6849540006875936,0.5933163593007412
748.2,0.00290852119,0.684651528146906,0.5933447373071812
748.3,0.0029082682,0.6842063833174482,0.5933194782739277
748.4,0.002908040355,0.6836581502666556,0.5932639424556346
748.5,0.002907836955,0.6830339786382403,0.5932019575759422
748.6,0.00290765653,0.6824140104607956,0.5931077405839426
748.7,0.002907497035,0.6818448669693007,0.5929341990057583
748.8,0.00290735725,0.6812092348108851,0.5926801321246771
748.9,0.00290723246,0.6803815068280733,0.5923740341860673
749.0,0.002907116535,0.6793940979738646,0.5920188752516233
749.1,0.002907005665,0.6783519185933334,0.5915931341550312
749.2,0.002906898,0.6772859824891557,0.5910912238879157
749.3,0.002906790925,0.6761660926727453,0.5905531765088246
749.4,0.002906682705,0.6750141083457857,0.590037151694235
749.5,0.002906574075,0.6739168442796664,0.5895718969018832
749.6,0.00290646476,0.6729429002915711,0.5891814176695535
749.7,0.00290635764,0.6721026687699979,0.5888527222549863
749.8,0.002906254885,0.6713662857351818,0.5885779196057545
749.9,0.002906157865,0.6706810415455807,0.5883856032415538
750.0,0.00290606774,0.669996312577175,0.5882551498632506
750.1,0.00290598403,0.669260036356509,0.5881138441672847
750.2,0.002905904535,0.6684467911158302,0.5879392853413992
750.3,0.00290582637,0.6675943325156491,0.5877545967641613
750.4,0.00290574843,0.6668079730248997,0.5875868690173418
750.5,0.002905671415,0.6662279470564528,0.5874392958440321
750.6,0.00290559788,0.6658496050531809,0.5873076310676016
750.7,0.00290552835,0.6655300108325313,0.5872444209667743
750.8,0.00290546333,0.6652515526260877,0.5872509642759532
750.9,0.00290540509,0.6651186506904703,0.5872859063260836
751.0,0.002905353665,0.6651267559995164,0.5873631700274874
751.1,0.002905310085,0.6651140953811225,0.5874706219210181
751.2,0.00290527392,0.6649065994695381,0.587597568025283
751.3,0.00290524413,0.6646801786038087,0.5877637739846211
751.4,0.002905222655,0.6648760254898335,0.5879576353840887
751.5,0.00290521284,0.665447902166937,0.5881446543947569
751.6,0.002905215625,0.6661014414034779,0.5883324776531444
751.7,0.00290523091,0.6668019474501902,0.5885541132449441
751.8,0.00290525986,0.6676032357892295,0.5888392856632069
751.9,0.00290530673,0.6684693226183417,0.5891733927852791
752.0,0.002905377255,0.6693571806845433,0.5895185633400402
752.1,0.00290547587,0.6702713527308114,0.5898662773282136
752.2,0.002905606665,0.6712162558364169,0.5902237704659992
752.3,0.00290577027,0.6721713502685908,0.5905669146934988
752.4,0.00290596483,0.673093954349541,0.5908665026238118
752.5,0.002906186815,0.6739447353392449,0.5911373097955068
752.6,0.002906432445,0.6746986610274387,0.5913912874553566
752.7,0.002906700205,0.6753283932748508,0.5916177359671015
752.8,0.002906990775,0.6758166784546277,0.5918544235576229
752.9,0.0029073038,0.676209245589435,0.5921183682343255
753.0,0.002907636065,0.6765706229923774,0.5923691452395797
753.1,0.002907983695,0.6768900350006533,0.5925935077338026
753.2,0.002908345565,0.6771299081661254,0.5927947908317551
753.3,0.002908721625,0.677281980100115,0.5929532961191809
753.4,0.00290910842,0.6773337409806756,0.593060439508313
753.5,0.002909501245,0.6772766016934921,0.593134831165713
753.6,0.002909897425,0.6771547455976445,0.5931794926751949
753.7,0.00291029552,0.6770654426848737,0.5931704128441075
753.8,0.00291069395,0.6770836199399674,0.5931304555554651
753.9,0.00291109016,0.6771983886027884,0.5931531271730089
754.0,0.002911482315,0.677338698413883,0.5932780947022205
754.1,0.002911869265,0.677476029995142,0.5934367520427307
754.2,0.00291225101,0.6776301753802829,0.5935606765631811
754.3,0.002912627345,0.6777666147492284,0.5936642039791691
754.4,0.002912996725,0.6778356229734571,0.5938019766400366
754.5,0.002913361035,0.6778933717296154,0.5939634130334082
754.6,0.00291372318,0.6780156676484344,0.5941394660007597
754.7,0.002914085115,0.6781682548036192,0.5943257435955617
754.8,0.00291444713,0.6783029160311227,0.5944906388824447
754.9,0.00291480649,0.6784409953114333,0.5946068394831973
755.0,0.00291516121,0.6786026114039045,0.594695872219
755.1,0.00291550974,0.6787737905044134,0.594787080193556
755.2,0.00291585034,0.6789544195156242,0.5948940815827002
755.3,0.002916182095,0.6791701401167756,0.5950160331829643
755.4,0.00291650459,0.6794558993845461,0.5951358120577492
755.5,0.002916816385,0.6797500969701842,0.5952650232503173
755.6,0.002917115065,0.679921891822853,0.5954259890331093
755.7,0.00291739853,0.6799859865961716,0.5956065118584883
755.8,0.002917666525,0.680047725175,0.5957959385857662
755.9,0.002917918185,0.6801088354352977,0.5959984048075122
756.0,0.00291815382,0.6800948239320626,0.5962069663473245
756.1,0.00291837507,0.6799882171269556,0.5964205418690122
756.2,0.002918584845,0.6798102521863151,0.5966286434796599
756.3,0.00291878542,0.6796006891067647,0.5968127175613748
756.4,0.00291897898,0.6794222592104114,0.5969747068750532
756.5,0.00291916706,0.6793326798374869,0.5971363694630958
756.6,0.002919351045,0.6793248195726678,0.597309951253666
756.7,0.00291953316,0.6793283758555515,0.5974972121669685
756.8,0.002919715575,0.6792445141812566,0.5976943081502324
756.9,0.00291989701,0.6790162272094908,0.5979253829713189
757.0,0.002920077265,0.6787068054658535,0.5981826322857582
757.1,0.002920257735,0.6784553021243778,0.5984255521677858
757.2,0.002920437535,0.6782706832904969,0.5986491619364089
757.3,0.002920615315,0.678071908440119,0.5988715980060166
757.4,0.00292079074,0.6778419375746909,0.5990750934135158
757.5,0.002920962465,0.6776414474147241,0.5992501586641371
757.6,0.00292113025,0.6775713898985489,0.5994045308722677
757.7,0.002921293625,0.6776279134335724,0.5995315027375924
757.8,0.002921450615,0.6776594927229262,0.5996113469432018
757.9,0.002921600635,0.677556988837825,0.5996280922603641
758.0,0.002921744515,0.6773312654056646,0.5995940939446668
758.1,0.002921883205,0.6770596558712058,0.5995501732227326
758.2,0.00292201614,0.6768143665999988,0.5995119456950051
758.3,0.002922141995,0.6766442242250658,0.5994545852396989
758.4,0.00292225753,0.6765817442303711,0.5993663837693123
758.5,0.00292235958,0.6766020891843957,0.599261476565831
758.6,0.00292244662,0.6766262417487166,0.5991270635241471
758.7,0.00292251627,0.6765849612212483,0.5989667920333316
758.8,0.002922565175,0.6764539568075937,0.5988054316665024
758.9,0.00292259255,0.6762252551455977,0.5986498147593624
759.0,0.002922599145,0.675904844110858,0.5984805526586907
759.1,0.00292258567,0.6755077844985561,0.5982712515879677
759.2,0.002922551335,0.6750413208213512,0.5980268413343852
759.3,0.00292249493,0.6745127415741993,0.5977650034097162
759.4,0.002922416495,0.6739789661327985,0.5975083692191185
759.5,0.002922318155,0.6735387598869922,0.5972768784511647
759.6,0.0029222018,0.6732583538931033,0.5970816944411897
759.7,0.00292206977,0.6731133002771018,0.5969145189863587
759.8,0.002921924585,0.6730165517897418,0.5967605922560664
759.9,0.0029217685,0.6728986980829351,0.5966311536121902
760.0,0.00292160388,0.6727283986283693,0.5965334111249146
760.1,0.00292143414,0.672485742011806,0.5964362460623689
760.2,0.002921262145,0.6721647654903887,0.5962974592953927
760.3,0.00292109034,0.6718345715361259,0.5961053509046257
760.4,0.00292092147,0.6716153951830556,0.5958790808353435
760.5,0.002920756615,0.6715569427101429,0.5956418334130112
760.6,0.002920594605,0.6716219171294043,0.5954233061129831
760.7,0.002920435465,0.6717563270294955,0.5952362764208998
760.8,0.002920282275,0.6719161021486718,0.5950624621524732
760.9,0.002920136545,0.6720922449655733,0.5949032097943145
761.0,0.002919997275,0.6722809981353862,0.5947846517424348
761.1,0.00291986352,0.6724216095393756,0.5946938609713831
761.2,0.00291973431,0.6724633738721124,0.5945826743525058
761.3,0.00291961021,0.6724754313047169,0.5944457379836027
761.4,0.002919490635,0.6725591421825644,0.5943044209779031
761.5,0.00291937508,0.6727456459720375,0.5941415752660674
761.6,0.002919263595,0.6730174063029437,0.5939412327609552
761.7,0.00291915681,0.673344439814997,0.5937364769464835
761.8,0.00291905338,0.67366645306199,0.5935664746865826
761.9,0.00291895184,0.6739675307355394,0.5934282433531876
762.0,0.00291885148,0.6743186099977634,0.5932943367362397
762.1,0.002918750065,0.6747853312855661,0.5931574776505156
762.2,0.002918644695,0.6753520808834589,0.5930174587509007
762.3,0.00291853263,0.6759878638383218,0.5928813567890063
762.4,0.002918412915,0.6766798813016839,0.5927692088427771
762.5,0.002918285545,0.677418450884987,0.592704398414652
762.6,0.00291815083,0.678171930467024,0.5926924723006205
762.7,0.0029180097,0.6788656004081219,0.5927144866969811
762.8,0.00291786019,0.6794135255828344,0.5927612436487631
762.9,0.002917700295,0.6797936645771041,0.5928397621022727
763.0,0.00291753016,0.6800422462374122,0.5929390735009196
763.1,0.002917351095,0.6801505872016638,0.5930419430674058
763.2,0.002917164525,0.6800468392458716,0.593159020800827
763.3,0.002916973505,0.6796616674201709,0.5932916381081501
763.4,0.002916780295,0.6789479918170549,0.5934067033373176
763.5,0.002916586,0.6778037358080232,0.5935078858685487
763.6,0.00291639326,0.6761773647071864,0.5936089930015563
763.7,0.00291620743,0.6745923181161148,0.5937000319584277
763.8,0.002916031625,0.6739381882601548,0.5937852445175635
763.9,0.00291586743,0.6742726296476854,0.5938907058979891
764.0,0.002915718465,0.6748938858781182,0.5940472087342573
764.1,0.00291559041,0.6754216420279947,0.5942399033462136
764.2,0.002915487525,0.6759180890654856,0.5944218455431535
764.3,0.00291541072,0.676433712384534,0.5945505949216014
764.4,0.00291535929,0.676848980667856,0.594628331746859
764.5,0.002915332745,0.6770469575537,0.5947006970769974
764.6,0.002915331225,0.6770480885270553,0.5948007153339911
764.7,0.002915354195,0.6769654897730071,0.5949222308811949
764.8,0.002915401075,0.6769151803082525,0.5950290657659285
764.9,0.002915471505,0.67697823207281,0.5951081151485966
765.0,0.00291556385,0.6772053503721087,0.5951860511508283
765.1,0.002915677535,0.6776115834349591,0.5952774457359881
765.2,0.00291581392,0.6781933184298096,0.5953671287814701
765.3,0.00291597203,0.6789292176593571,0.5954439689961842
765.4,0.002916149535,0.6797550606865769,0.5954952259652831
765.5,0.00291634552,0.6805827949525741,0.5955232778744056
765.6,0.002916558535,0.6813491173653788,0.5955614092693978
765.7,0.002916785185,0.682034587749651,0.5956273820868047
765.8,0.002917019445,0.6826784131817071,0.5957254858572354
765.9,0.00291725586,0.6833179911804954,0.5958507524660676
766.0,0.00291749073,0.6839454803307529,0.5959745249334337
766.1,0.00291772101,0.6845360369177746,0.5960935108702328
766.2,0.00291794276,0.6850668278461546,0.596237965070356
766.3,0.002918152325,0.6855025101985397,0.5964002484371069
766.4,0.002918349525,0.6858209420299076,0.5965372369564481
766.5,0.00291853439,0.6860183722786298,0.5966361914701694
766.6,0.002918707125,0.6861395937727612,0.5967111134284093
766.7,0.002918865795,0.6862725773897876,0.5967813424755433
766.8,0.002919010715,0.6864265719784813,0.5968150542779904
766.9,0.002919143085,0.6865191358644267,0.5968037615090378
767.0,0.00291926306,0.6864842641859719,0.5967734545647086
767.1,0.002919370225,0.686334070924389,0.5967224809672671
767.2,0.00291946464,0.6861031135988678,0.5966644833969706
767.3,0.00291954768,0.6857751564585742,0.5965693515731902
767.4,0.00291961963,0.6853466997692923,0.5964132747368858
767.5,0.002919677115,0.6849063238774827,0.59622696886775
767.6,0.00291971762,0.6845269074495234,0.5960194013278531
767.7,0.002919738655,0.6841793719038126,0.5957841155159737
767.8,0.002919738,0.6837897955652116,0.5955351688025994
767.9,0.002919713845,0.6833434820632867,0.5953038282027744
768.0,0.002919665235,0.682928282895003,0.5950951887514642
768.1,0.0029195907,0.6826506666353905,0.5948868753974714
768.2,0.00291948755,0.6825336171763031,0.5946686157611374
768.3,0.00291935332,0.6825203910712315,0.5944550697704208
768.4,0.00291918601,0.6825510969978277,0.594242388974321
768.5,0.00291898509,0.6825877091186126,0.5940012981275363
768.6,0.00291875023,0.6826268659294469,0.5937209191513443
768.7,0.00291848087,0.682691708401817,0.5934134351420557
768.8,0.002918178165,0.6828014379500216,0.5930875703024695
768.9,0.002917844365,0.6829408743983586,0.5927559425253194
769.0,0.002917481845,0.6830566986363111,0.5924289429424667
769.1,0.002917091595,0.6830945611109722,0.5921084816422446
769.2,0.002916675295,0.6830263508512774,0.5917947628281757
769.3,0.00291623655,0.6828691267053358,0.5914955418358845
769.4,0.0029157796,0.682659368847041,0.5912320250441014
769.5,0.002915310125,0.6824054150632954,0.5909918823299796
769.6,0.002914833135,0.6820776589849317,0.590756903137543
769.7,0.00291435351,0.6816802726469938,0.5905399661117162
769.8,0.00291387528,0.6812427870204255,0.5903347447132131
769.9,0.002913404545,0.6807431229920573,0.5901214343419455
770.0,0.0029129463,0.6801644164925249,0.5899164623858992
770.1,0.00291250286,0.6795943179568633,0.589745440365023
770.2,0.002912075295,0.679154400737581,0.589618490490847
770.3,0.002911664545,0.678900886776807,0.5895409974531796
770.4,0.00291127154,0.6788092339527312,0.5895382598693412
770.5,0.002910896075,0.6788284479334006,0.5896325641976167
770.6,0.002910539235,0.6789163748285891,0.5897923845557271
770.7,0.00291020334,0.6790781103015814,0.589984552008436
770.8,0.00290989166,0.6793513974465171,0.5902156946879239
770.9,0.002909605625,0.6797257810430454,0.5905068210525838
771.0,0.00290934567,0.6801366196807259,0.5908606159074975
771.1,0.00290911059,0.6805133406221885,0.5912546438828887
771.2,0.002908897635,0.680815216260272,0.5916661177506037
771.3,0.002908706375,0.681046538010541,0.5920765618042471
771.4,0.00290853893,0.6812380934810011,0.5924623311608705
771.5,0.00290839606,0.681431100367267,0.5928266095104693
771.6,0.0029082772,0.6816852112306452,0.5931864104622181
771.7,0.00290817988,0.6820473551821952,0.5935330632203932
771.8,0.002908101195,0.682504324966401,0.59386893026267
771.9,0.002908038845,0.6830078782864742,0.5942295046745302
772.0,0.00290799413,0.6835179535528965,0.5946011173863379
772.1,0.002907968605,0.6839765820980235,0.5949661666827739
772.2,0.00290796247,0.6843410822440635,0.595310958361461
772.3,0.00290797505,0.6846292668213626,0.5955941993285604
772.4,0.00290800549,0.6848455591923769,0.5957882919492474
772.5,0.00290805251,0.6849566584749786,0.5959440841572574
772.6,0.00290811534,0.6849780150218376,0.5961443456092791
772.7,0.002908194065,0.6849705254649515,0.5964149674270075
772.8,0.00290828781,0.6849418615735802,0.5967347878423284
772.9,0.00290839766,0.6848491845902992,0.5970705135129356
773.0,0.002908522405,0.6846789793835131,0.5974000244849557
773.1,0.00290865943,0.6844465203767033,0.5977045422024607
773.2,0.002908804275,0.6841578205782091,0.5979811355595052
773.3,0.00290895315,0.6838008665377229,0.5982121733097985
773.4,0.00290910573,0.6833960848906784,0.5983817891538028
773.5,0.00290926329,0.6830280033290133,0.5985271443626992
773.6,0.002909425495,0.682774363704533,0.5986897374904856
773.7,0.00290959131,0.6826344371677421,0.5988701214574694
773.8,0.002909760345,0.6825631418640615,0.5990695503874378
773.9,0.00290993281,0.6825311478844774,0.5992949087665319
774.0,0.002910108065,0.6825301928403107,0.5995294041536997
774.1,0.00291028447,0.6825522028384418,0.5997626931692885
774.2,0.00291046028,0.6826272931860479,0.6000132295285455
774.3,0.002910637795,0.6828359766196552,0.6002494446235319
774.4,0.002910819365,0.6832356249043037,0.6004220851929432
774.5,0.00291100579,0.6837567145945693,0.6005542865533988
774.6,0.002911197475,0.6842765790637,0.6006961194086119
774.7,0.002911396225,0.6847576637131149,0.6008413923077807
774.8,0.00291160418,0.6852049762415036,0.6009751380751849
774.9,0.00291182435,0.6855529139110739,0.6010977531798174
775.0,0.00291205933,0.685758952123667,0.6011957457378683
775.1,0.00291230647,0.6858497253017998,0.6012637096966988
775.2,0.00291256203,0.6858757251226009,0.6012883473229255
775.3,0.00291282422,0.6858888444135223,0.6012496447863888
775.4,0.00291309264,0.6858952658289063,0.601138255220626
775.5,0.002913367365,0.6858675758312576,0.6009417460868699
775.6,0.002913645755,0.6857625146897361,0.6006890878959347
775.7,0.002913925825,0.6855406616997249,0.6004359729174276
775.8,0.002914205895,0.6852067543829455,0.6002160388122092
775.9,0.00291448388,0.6848023748597607,0.6000273264831008
776.0,0.002914757485,0.6843640284368053,0.5998374888355037
776.1,0.00291502426,0.6839317201549302,0.5996250417738973
776.2,0.00291528163,0.6835229612515863,0.5993839144846378
776.3,0.00291552672,0.6831023962430502,0.5990873720142431
776.4,0.0029157586,0.6826336454863934,0.5987148752582626
776.5,0.002915976865,0.6821559851729709,0.5982926785065023
776.6,0.002916181145,0.6816966591942749,0.5978514016059195
776.7,0.00291636973,0.6812053895014772,0.5973754327259818
776.8,0.002916538935,0.680634970523365,0.5968877834045581
776.9,0.002916685975,0.6799825119946967,0.5964046353570884
777.0,0.002916808785,0.679248591968521,0.5959096698946931
777.1,0.002916903655,0.6784758858394441,0.5954012565307846
777.2,0.00291696775,0.6777708119170136,0.594890303503375
777.3,0.002916999505,0.6772266126711881,0.5943722372818792
777.4,0.00291699745,0.6768615407552852,0.5938567044406993
777.5,0.00291696036,0.6766497974104331,0.593357203775149
777.6,0.00291688801,0.6765239326423598,0.5928636815604187
777.7,0.002916781705,0.6763880147777948,0.5923933518392942
777.8,0.002916644795,0.6762013539086891,0.5919698827425092
777.9,0.00291648054,0.6759829315378556,0.591617214462721
778.0,0.00291628953,0.6757320942140225,0.5913301470357695
778.1,0.0029160729,0.6754381982212792,0.5910914588790462
778.2,0.00291583232,0.6751399165651913,0.59091360326583
778.3,0.0029155723,0.6748746530478928,0.5907859534448108
778.4,0.00291529849,0.6746015858144427,0.5906973668151649
778.5,0.00291501573,0.674263682391808,0.5906463517487004
778.6,0.002914729195,0.6738601322490838,0.5905994710181678
778.7,0.002914442095,0.6733602168933034,0.590530153661222
778.8,0.00291415704,0.6726680360671232,0.5904692733655066
778.9,0.00291387678,0.6718223570238887,0.5904466381904375
779.0,0.00291360244,0.6709861341745414,0.590449799889284
779.1,0.002913334955,0.6703383314861859,0.5904784920549893
779.2,0.00291307602,0.6701766337123057,0.5905402444568253
779.3,0.002912828085,0.6704380707697521,0.5906080444245195
779.4,0.002912593235,0.6706350988946146,0.5906821282058394
779.5,0.00291237182,0.6706124919938794,0.5907959110368857
779.6,0.002912164225,0.6705681138560549,0.5909542473066266
779.7,0.00291197076,0.6706746703956793,0.5911199851686594
779.8,0.002911790815,0.6709569047964925,0.5912642634395939
779.9,0.00291162237,0.6713019270680802,0.59136687225389
780.0,0.00291146246,0.6716221181913342,0.5914078405070484
780.1,0.00291130622,0.6719064574592253,0.5914051946577156
780.2,0.00291115011,0.6721407323065888,0.5913909852341434
780.3,0.00291099293,0.672324295565338,0.5913690870767108
780.4,0.002910833245,0.6725243521855186,0.591352136299389
780.5,0.00291066994,0.6728021506575049,0.5913523832285716
780.6,0.00291050366,0.6731429443453811,0.5913774606777696
780.7,0.002910336415,0.6734963986516511,0.5914199557449576
780.8,0.00291017021,0.6738034013689452,0.5914573978745217
780.9,0.00291000486,0.6740073032985339,0.591488997898387
781.0,0.00290984009,0.6741254334654941,0.5915155047722425
781.1,0.002909678415,0.6742531203573067,0.5915245230281139
781.2,0.00290952176,0.674454848304779,0.5915216560106582
781.3,0.002909372215,0.6746834305862542,0.5915009321805595
781.4,0.002909230605,0.6748430926080948,0.5914601052990706
781.5,0.00290909757,0.6749132820711614,0.5914268641072029
781.6,0.00290897266,0.6749490836610417,0.5914531875120473
781.7,0.002908857545,0.6750122171070082,0.5915544812556586
781.8,0.002908755765,0.675141154352697,0.5917121879502317
781.9,0.00290867165,0.6753277084076523,0.5919272588700223
782.0,0.002908608845,0.6755220913115005,0.5921985146611483
782.1,0.00290856866,0.6756804464307974,0.5924643493199911
782.2,0.002908551955,0.6758242245601817,0.5926689813557124
782.3,0.002908558125,0.6760298041002473,0.5928118170073006
782.4,0.00290858589,0.6763674373459139,0.5929089751583426
782.5,0.00290863295,0.6768699476572261,0.593020389228528
782.6,0.00290869961,0.6774779966321431,0.593207944194903
782.7,0.002908787865,0.6780679249006342,0.5934789316940163
782.8,0.00290889826,0.6785624681329769,0.5938009436843722
782.9,0.0029090279,0.6790145998644963,0.5941437190888941
783.0,0.002909175295,0.6795221744231662,0.5945174259863648
783.1,0.00290933978,0.6800778970308451,0.5949562826039672
783.2,0.00290952105,0.6805634804409398,0.5954449353500845
783.3,0.002909718885,0.6809237331537122,0.5959554089704551
783.4,0.002909931575,0.6812245155175523,0.596476411324445
783.5,0.002910156025,0.6815413891189639,0.5969805609188039
783.6,0.00291039166,0.6818983682921913,0.5974367993402401
783.7,0.002910639485,0.6822817619764501,0.5978426868278985
783.8,0.002910897355,0.6826271675223416,0.5982270437244649
783.9,0.002911162585,0.6828684606876934,0.5986070872143179
784.0,0.002911434905,0.6830044916495938,0.5989671878740059
784.1,0.002911711295,0.6830978220841466,0.5993119248889809
784.2,0.002911989695,0.6832012056151909,0.5996334976846838
784.3,0.002912271,0.6833376826832481,0.5998870022206799
784.4,0.002912555755,0.6835318582419813,0.6000518949942888
784.5,0.00291284241,0.683791705653545,0.6001400801283936
784.6,0.00291313064,0.6840728844792265,0.6001732383822151
784.7,0.00291342045,0.6843239417145456,0.6001783704879741
784.8,0.00291371074,0.6845183371847644,0.6001471179242562
784.9,0.00291400024,0.6846523009786988,0.6000476356229691
785.0,0.00291428861,0.6847261346892435,0.5998796289027218
785.1,0.002914576,0.6847551881381038,0.5996661620801402
785.2,0.00291486272,0.6847481886696717,0.5994154321987757
785.3,0.00291514524,0.6846894848693466,0.5991589123621507
785.4,0.002915421295,0.6845942066473486,0.5989403077789434
785.5,0.002915691125,0.6845225406357349,0.5987768469432658
785.6,0.002915954565,0.6845317329358392,0.5986535287501974
785.7,0.002916213235,0.6846315476176291,0.5985367601494932
785.8,0.002916467625,0.6847813576049082,0.5984036816563686
785.9,0.002916717335,0.6849221260885303,0.5982385922190595
786.0,0.002916958925,0.6850158774964987,0.5980368165193789
786.1,0.002917189685,0.685047689263709,0.5978013755128224
786.2,0.002917408095,0.6850063333380171,0.5975590368254355
786.3,0.00291761261,0.6848886618435842,0.5973319970659533
786.4,0.002917803135,0.6846884858428828,0.5970998698113279
786.5,0.00291797908,0.6844172658659131,0.5968690940698619
786.6,0.002918142555,0.6841395176594092,0.5966580318222973
786.7,0.002918296675,0.6839194930763224,0.596450004353236
786.8,0.00291844122,0.683773993354164,0.5962294450710796
786.9,0.00291857472,0.6836844705299073,0.5959768346323526
787.0,0.002918695615,0.6836305607999718,0.5957001005319573
787.1,0.00291880353,0.6835979196523009,0.5954278708471087
787.2,0.002918901145,0.6835626207172452,0.5951556487020825
787.3,0.0029189895,0.6834901944402093,0.5948945088393011
787.4,0.002919069285,0.6833728433882271,0.5946937918563447
787.5,0.00291914206,0.6832261247281192,0.594556425089248
787.6,0.002919208815,0.6830905461555609,0.5944407799220767
787.7,0.002919269025,0.6830169700556138,0.5943470479919827
787.8,0.002919323895,0.6830036559859479,0.594275956263506
787.9,0.002919375865,0.682974715634423,0.5942032013758787
788.0,0.002919425885,0.6828664123692831,0.5941530383093417
788.1,0.00291947329,0.6827017991974204,0.5941519148758088
788.2,0.002919517075,0.68252189275252,0.5941949069429547
788.3,0.00291955525,0.6823071334787205,0.5942809149533506
788.4,0.002919588075,0.6820045855398091,0.5944117126502086
788.5,0.002919617595,0.6816957229996642,0.5945676952387334
788.6,0.00291964625,0.6815573421264588,0.5947395868524561
788.7,0.002919674645,0.6816502327380402,0.5949520496220257
788.8,0.002919703475,0.681897972451517,0.5952289206958608
788.9,0.002919734185,0.6822543358725843,0.5955472061290109
789.0,0.00291976864,0.6827314118497732,0.595875592410861
789.1,0.00291980776,0.683312826402173,0.596179985721297
789.2,0.002919850255,0.6839634376743609,0.5964259780809398
789.3,0.002919894805,0.6846582008897022,0.5966082884725389
789.4,0.00291994048,0.6853699726876701,0.5967695319721213
789.5,0.002919987875,0.6860565426293709,0.5969417465415688
789.6,0.00292003897,0.6866742237273639,0.5971114402970711
789.7,0.00292009341,0.6872080368678765,0.5972846890788199
789.8,0.00292015026,0.6876635615194617,0.5974942816893413
789.9,0.002920209495,0.6880342191871028,0.5977128900424599
790.0,0.002920273125,0.6882983768637873,0.5978684372062429
790.1,0.002920341905,0.6884754056098171,0.5979671894013974
790.2,0.002920417895,0.6886215650664327,0.5980599549775911
790.3,0.00292050516,0.6887768602744849,0.5981501519876312
790.4,0.00292060696,0.6889602790199721,0.5982196182560688
790.5,0.002920726735,0.6891800774083878,0.5982471291829363
790.6,0.002920865155,0.6894260578299787,0.5982456275016479
790.7,0.002921019685,0.689619950645373,0.598241598723229
790.8,0.00292118874,0.6896645361283127,0.5982498648818191
790.9,0.002921369745,0.6895482595010181,0.5982794216138226
791.0,0.00292156062,0.6893075883710118,0.5983216295394421
791.1,0.002921759175,0.6889528271621979,0.5983802070477425
791.2,0.00292196455,0.6884987539264186,0.5984596956250635
791.3,0.002922175935,0.6879653240602096,0.5985302916102194
791.4,0.002922393375,0.6873220075661634,0.5985553470682689
791.5,0.002922617375,0.6865918071856895,0.5985436496621825
791.6,0.00292284896,0.6858420975148369,0.5985469093787199
791.7,0.002923089425,0.6850658225365055,0.5985738252879388
791.8,0.002923341245,0.684309182512259,0.5985622051650317
791.9,0.00292360536,0.6836623474344408,0.5985090192580435
792.0,0.002923880315,0.6831140955340922,0.5984444922015758
792.1,0.002924164845,0.6825926288527081,0.5983585533062183
792.2,0.00292445843,0.682066292702711,0.59824306082045
792.3,0.00292476153,0.6815594092944249,0.598130603113185
792.4,0.00292507563,0.6811159043763324,0.5980442903683018
792.5,0.002925399075,0.6807802377676668,0.5979566606677781
792.6,0.002925728625,0.680627487249664,0.5978442029605131
792.7,0.00292606277,0.6807297398073531,0.5977135661131989
792.8,0.002926403805,0.681038621197054,0.597599146795481
792.9,0.002926751485,0.6813595600193594,0.5975572687370901
793.0,0.002927103155,0.6814824654071532,0.5975877214513186
793.1,0.00292745716,0.6813489917016728,0.5976675398958683
793.2,0.002927810985,0.6811091750848683,0.5977871076556268
793.3,0.002928163235,0.680982656865523,0.5979028162829697
793.4,0.00292851221,0.6810413983649598,0.59796666224215
793.5,0.00292885653,0.6811639079120791,0.5979690234631886
793.6,0.00292919489,0.6812205256948821,0.5979220434583282
793.7,0.002929523555,0.6812200795887253,0.5978785179487498
793.8,0.002929842345,0.6812491456039563,0.5978926136466679
793.9,0.002930152265,0.6813630660367609,0.597980835851566
794.0,0.002930454505,0.6815314239870667,0.5981410200061058
794.1,0.00293074945,0.6816546184013846,0.5983606123060434
794.2,0.00293103688,0.6816425107032976,0.5986058318338936
794.3,0.00293131998,0.6814929269106896,0.5988580093611527
794.4,0.00293160149,0.6813263659513816,0.599134536116433
794.5,0.002931883965,0.6812635592310511,0.5994016638548121
794.6,0.00293216789,0.6813086285192594,0.5996020484572657
794.7,0.002932453705,0.6814234600139334,0.5997376886050401
794.8,0.002932742905,0.6815831220357742,0.5998374385700213
794.9,0.00293303592,0.6817501542339802,0.5999073484313415
795.0,0.002933335745,0.6819002406814129,0.5999497662153503
795.1,0.002933644975,0.6820193258925398,0.5999857311680487
795.2,0.00293396396,0.6820958676559519,0.6000058361043945
795.3,0.002934291765,0.6821303309273617,0.5999812072746274
795.4,0.002934627065,0.6821398625194728,0.5999235068989961
795.5,0.002934969905,0.6821531326068415,0.5998427799058509
795.6,0.00293531988,0.6822118301239812,0.5997220723762776
795.7,0.00293567432,0.6823491240061283,0.5995719004775248
795.8,0.00293603052,0.682545153104527,0.5993989023948696
795.9,0.002936386825,0.6827275539739944,0.5991907153329016
796.0,0.00293674267,0.6828384647610368,0.5989290175232648
796.1,0.002937096845,0.682873732280166,0.5986193237177037
796.2,0.002937447005,0.6828271173283721,0.5982921438074326
796.3,0.0029377923,0.6826628560148865,0.5979664542687164
796.4,0.00293813367,0.682386527808262,0.5976702027098014
796.5,0.00293847305,0.6820441821736151,0.5974143388377224
796.6,0.002938810815,0.6816685984886931,0.5971623253015997
796.7,0.00293914337,0.6812600909127615,0.5968702319547211
796.8,0.00293946563,0.6808357434266704,0.596527313293574
796.9,0.002939772945,0.6803941674464672,0.5961387573442669
797.0,0.00294006309,0.6799103370450731,0.5956937055059517
797.1,0.002940337105,0.6793815001873238,0.5951911876548169
797.2,0.002940594525,0.6788410080208296,0.5946621874342496
797.3,0.00294083414,0.6783184983306845,0.5941426811066813
797.4,0.00294105601,0.6778011157197501,0.5936330500614605
797.5,0.002941260435,0.6772497724922304,0.5931375536699066
797.6,0.002941449695,0.6766518080297313,0.5926768007798272
797.7,0.002941624595,0.6760341646308504,0.5922446181616582
797.8,0.002941785115,0.6754119282235098,0.591805039606064
797.9,0.00294192897,0.6747750331448474,0.5913556190690048
798.0,0.00294205463,0.6741229453241124,0.5909161102567676
798.1,0.002942160085,0.6734730754677909,0.5904835317979241
798.2,0.002942243645,0.6728754125981867,0.5900549268254691
798.3,0.00294230581,0.6723996121076151,0.5896897506086899
798.4,0.002942349745,0.6720886509835775,0.5894338829666997
798.5,0.002942377245,0.6719391614387492,0.589248439150588
798.6,0.00294238753,0.6719460855089577,0.5891011782515881
798.7,0.002942376795,0.6721436414213859,0.5890332708414252
798.8,0.002942343955,0.6725606878461501,0.589070442794021
798.9,0.00294229303,0.6731565097424592,0.5892089373928804
799.0,0.002942228795,0.6738254113670763,0.589439400231718
799.1,0.00294215525,0.6744865783905802,0.5897170045532784
799.2,0.002942075805,0.675117429044977,0.5900096231744487
799.3,0.00294199234,0.6757105303220482,0.5903421331108158
799.4,0.00294190687,0.676272674345111,0.5907129264952596
799.5,0.002941821985,0.6768728819047646,0.5910731842345803
799.6,0.00294173751,0.6776024853826342,0.591426947045249
799.7,0.002941652885,0.6784323622148213,0.5918043013317905
799.8,0.00294156897,0.6792467384288554,0.5921782381938435
799.9,0.002941488465,0.679957052527832,0.5925265572527619
800.0,0.002941413365,0.6805613818570472,0.592872892710079
800.1,0.00294133738,0.681082433848201,0.593229963617812
800.2,0.002941270565,0.6814825219558209,0.593585660392918
800.3,0.00294120879,0.6816896283099162,0.5939122157545697
800.4,0.00294115102,0.6816981420260074,0.5941738978562431
800.5,0.002941095495,0.6815802254873475,0.5943384299750154
800.6,0.00294104134,0.6814174344392239,0.5944426033024528
800.7,0.00294098783,0.6812089646339169,0.5945352871972376
800.8,0.002940932465,0.6808946043066282,0.5946172431814288
800.9,0.002940873325,0.6804410839911559,0.5946596421158816
801.0,0.00294080985,0.6798449165196547,0.594634368631302
801.1,0.00294074186,0.6791388435707605,0.5945456437715795
801.2,0.00294066901,0.6783851629267937,0.5944304088964086
801.3,0.002940591855,0.6776319598049102,0.5943148322159572
801.4,0.002940511935,0.6768894003989372,0.5941957520313785
801.5,0.002940431125,0.6761286260387585,0.5940757212008628
801.6,0.002940349025,0.6753218022134636,0.5939515164503475
801.7,0.002940266565,0.6744750236128003,0.5938009901799434
801.8,0.00294018554,0.6736067502352011,0.5936102923642779
801.9,0.00294010758,0.6727399219902227,0.5933880963123489
802.0,0.0029400347,0.6719039002028052,0.5931674522071908
802.1,0.002939970135,0.6711120240753561,0.592963483675838
802.2,0.002939915695,0.6703264939650672,0.5927771281695382
802.3,0.00293987348,0.669544350491659,0.5926315310580075
802.4,0.00293984607,0.6689009146170919,0.5925304867568532
802.5,0.00293983508,0.6685356919047414,0.5924410927378952
802.6,0.00293984206,0.6684202886402045,0.592338796197909
802.7,0.002939869065,0.6684282054536915,0.5922264321101052
802.8,0.00293991741,0.6684933809348829,0.5921153296859109
802.9,0.00293998632,0.6686179450835977,0.5919783480780735
803.0,0.00294007449,0.668801508342347,0.5918090910039502
803.1,0.002940180045,0.6690233110668757,0.5916685512282732
803.2,0.002940303485,0.669255638126794,0.5915886379076254
803.3,0.0029404451,0.6694915528855226,0.591557416759834
803.4,0.00294060252,0.6697534046331994,0.5915774695457419
803.5,0.002940771955,0.6700649438102853,0.5916613249368515
803.6,0.00294094948,0.6704494307687875,0.5917855617316119
803.7,0.002941132895,0.6709427362136248,0.5919168614549759
803.8,0.002941320155,0.6715000359008156,0.5920588199738952
803.9,0.002941508975,0.6719821509926208,0.5921946222278505
804.0,0.002941697785,0.6723202994594827,0.5923121517222953
804.1,0.002941883645,0.672575126605986,0.5924585713027827
804.2,0.002942064165,0.6728436762292002,0.5926720016828896
804.3,0.00294223937,0.6731669084141426,0.5929015025660567
804.4,0.00294241241,0.6735219272335542,0.5930688118527349
804.5,0.0029425849,0.6738526929576801,0.5931665599948772
804.6,0.002942756415,0.6740892611676808,0.5932231017511379
804.7,0.002942925505,0.6742299291203379,0.5932667485261928
804.8,0.00294309355,0.6744174759185718,0.5933074962395469
804.9,0.00294326095,0.6748188269464386,0.5933651444647403
805.0,0.002943426785,0.6754021830030983,0.5934502728291932
805.1,0.002943591205,0.6759609843715776,0.5935103394524113
805.2,0.002943754925,0.6763236498275081,0.5935021210460294
805.3,0.002943918085,0.6764818855662841,0.5934630930404939
805.4,0.00294408073,0.6765943859992092,0.593426940220555
805.5,0.00294424348,0.6767879081066702,0.5933774017026375
805.6,0.002944406705,0.6769576609241144,0.5932852707281598
805.7,0.002944568095,0.6768889731423362,0.5931301872634525
805.8,0.002944724555,0.676541896269153,0.5929230834226313
805.9,0.002944874605,0.6761040273682809,0.5926640088428603
806.0,0.002945017675,0.6757562907606404,0.592331555455161
806.1,0.00294515337,0.6754837136156443,0.5919380037452161
806.2,0.00294528114,0.6751570131124122,0.5915309350187198
806.3,0.00294540037,0.6747573773941343,0.591126267725648
806.4,0.00294550888,0.6743973068937358,0.5907268305560259
806.5,0.0029456047,0.6741345440841895,0.5903279224306066
806.6,0.00294568613,0.6739385149857908,0.5899153590585593
806.7,0.002945751595,0.6738207178276518,0.5895035716598973
806.8,0.00294580049,0.6737860032288296,0.5891076631271437
806.9,0.002945834135,0.6737708607522394,0.5887466030250592
807.0,0.00294585227,0.6737274942072492,0.5884214224243529
807.1,0.00294585614,0.6736156597919667,0.5881302702986332
807.2,0.002945848005,0.6733879697228052,0.5879086146006407
807.3,0.00294583017,0.6730359731155263,0.5877929072299348
807.4,0.0029458063,0.6725736877565506,0.5877768744259865
807.5,0.0029457775,0.6720114620520788,0.5878347928281481
807.6,0.002945745595,0.6713729459116073,0.5879634416756312
807.7,0.002945712405,0.6707330537535535,0.5881687478971359
807.8,0.002945680795,0.670284107596985,0.5884262416274836
807.9,0.00294565654,0.670298282463038,0.5887127498509427
808.0,0.00294564584,0.6707796498557916,0.5890152047987115
808.1,0.00294564987,0.6714281876768281,0.5893289116747283
808.2,0.002945669155,0.6720174059453794,0.5896660410089333
808.3,0.002945705365,0.6725195455487586,0.5900604346657093
808.4,0.002945759975,0.6729792422353879,0.5905178229100567
808.5,0.00294583458,0.6734404468864907,0.5909888400116539
808.6,0.00294593147,0.6739385212689761,0.591467713608159
808.7,0.002946052055,0.6744934270625651,0.5919512323635618
808.8,0.0029461959,0.6751037694001192,0.5924193089344352
808.9,0.002946362205,0.6757693032374115,0.5928707067899106
809.0,0.00294655063,0.6764861015836252,0.5933300798924965
809.1,0.002946762865,0.6772173952383426,0.5937891400924541
809.2,0.002947000545,0.6779399929645947,0.5942248199315651
809.3,0.002947263065,0.6786570426382207,0.5946592230274217
809.4,0.002947548295,0.6793551422249602,0.5951140345374746
809.5,0.00294785344,0.6799878401358372,0.5955508114207402
809.6,0.002948173975,0.6805063725696828,0.5959203029291883
809.7,0.002948506565,0.680901616341431,0.5962166267447343
809.8,0.002948846285,0.6812113396779631,0.596461888369926
809.9,0.00294918783,0.6814652243466702,0.5966580305656601
810.0,0.00294952397,0.6816538330032212,0.5967973243856907
810.1,0.002949847675,0.6817620420205814,0.5968946163685798
810.2,0.002950153175,0.6817786798952749,0.5969630163804707
810.3,0.00295043801,0.6816331236244487,0.5969693133887856
810.4,0.002950698115,0.6812887736536888,0.5968783504584564
810.5,0.002950929895,0.680769889361466,0.5967146590298782
810.6,0.00295113126,0.6800938060560429,0.5965218023117411
810.7,0.002951305435,0.6792651544449908,0.5962901971898147
810.8,0.00295145725,0.6783015148807993,0.5959985518340484
810.9,0.00295158792,0.6772352394846148,0.5956577430665275
811.0,0.002951696095,0.676111372411905,0.5952732341168767
811.1,0.002951783755,0.6749914260468268,0.5948260906061728
811.2,0.00295185308,0.6738850262292708,0.5943232831001953
811.3,0.00295190336,0.6727627990679261,0.5937912644374064
811.4,0.002951932755,0.6716006862462515,0.5932650809688123
811.5,0.002951939605,0.6703277066198315,0.5927660609669382
811.6,0.00295192291,0.6689116211648553,0.5922464025862855
811.7,0.00295188338,0.6674070558943833,0.5916609215563547
811.8,0.002951820715,0.6659289051349429,0.5910426668035433
811.9,0.00295173603,0.6645986291417068,0.5904222474933936
812.0,0.002951629745,0.6635181286139871,0.5898048880944884
812.1,0.00295150248,0.6627369653174866,0.5891854847754028
812.2,0.002951355715,0.6622277005819691,0.5885630692972809
812.3,0.002951190265,0.6619091430868951,0.5879627901093147
812.4,0.00295100842,0.6616902683267195,0.5874193134297996
812.5,0.00295081347,0.6614991149801192,0.5869573101858442
812.6,0.002950607205,0.661314552694906,0.5865847612794256
812.7,0.002950389235,0.661166338636695,0.5862987695337988
812.8,0.002950160565,0.6611250832419681,0.5860733791104595
812.9,0.00294992314,0.6612510673905623,0.5858928814178217
813.0,0.002949677755,0.6615547777187555,0.5857496951644935
813.1,0.00294942464,0.6620080906891126,0.5856456801733257
813.2,0.00294916428,0.6625575049787429,0.5855879823109684
813.3,0.00294889753,0.6631526043087419,0.5855643726138582
813.4,0.002948623955,0.6637662076194705,0.5855483171904428
813.5,0.002948342,0.6644289831384129,0.5855429180493082
813.6,0.002948051505,0.6651776686500606,0.5855846572493039
813.7,0.00294775223,0.6660391184884161,0.5856952746115923
813.8,0.002947443,0.667020131059982,0.5858663104554761
813.9,0.002947123845,0.668104319817477,0.5860811155965283
814.0,0.002946793875,0.6692591692769366,0.5863182524347993
814.1,0.00294645283,0.6704377063450043,0.5865490759284735
814.2,0.00294610154,0.6715716830628735,0.5867645684499982
814.3,0.00294574368,0.6725968350112222,0.5869687600344294
814.4,0.002945381455,0.6735005769698804,0.5872037373419103
814.5,0.002945015085,0.6743184340685747,0.5874682261424604
814.6,0.002944645265,0.6750901788702998,0.5877068998478575
814.7,0.002944271615,0.6758260969494031,0.5879131875029073
814.8,0.002943893525,0.6765017844141519,0.5881128809549772
814.9,0.002943512635,0.677074917728317,0.5883031395759897
815.0,0.002943132225,0.6775134903459433,0.5884916225688345
815.1,0.00294275479,0.6777942104990976,0.5887246049649802
815.2,0.002942383795,0.6779117626130096,0.5889569163169353
815.3,0.00294202204,0.6778654241213691,0.5891115297993818
815.4,0.002941669425,0.6776274170619332,0.5891884893946167
815.5,0.002941325455,0.6771571332080614,0.5892452554605929
815.6,0.002940991665,0.6764534792855103,0.5893138822954735
815.7,0.0029406698,0.6755695293605697,0.5893873584927742
815.8,0.00294036149,0.6745766792678851,0.5894622898757921
815.9,0.002940068325,0.6735338904183791,0.589542829630015
816.0,0.002939792975,0.6725004320990542,0.5895918749178858
816.1,0.00293953486,0.671562980851223,0.5895636803804569
816.2,0.00293929219,0.6707972741905782,0.5894863758383486
816.3,0.002939064095,0.6702054421169391,0.5894167323840853
816.4,0.00293885126,0.6697413157846683,0.589338857328751
816.5,0.002938654725,0.6693649969670654,0.5892207171086943
816.6,0.002938474255,0.6690470363745956,0.589081406952382
816.7,0.002938310905,0.6687725805571927,0.5889846081995396
816.8,0.0029381682,0.668570557300011,0.5889189200104272
816.9,0.002938047085,0.6684939841206723,0.5888638673690841
817.0,0.0029379465,0.6685757472110747,0.5888312808851256
817.1,0.002937866125,0.6687882005558663,0.5888211919744778
817.2,0.002937806545,0.669097729113654,0.5888045547281029
817.3,0.00293776698,0.6695076252735384,0.5887477383966443
817.4,0.002937745755,0.6700066672665612,0.5886722327304893
817.5,0.00293774172,0.6705582743878638,0.5886297634243611
817.6,0.002937754865,0.671127650357215,0.5886129194611895
817.7,0.002937784005,0.6716870423451132,0.588578770349045
817.8,0.00293782666,0.6722068188496497,0.5885079142400174
817.9,0.002937880455,0.6726818339420578,0.5884249278134358
818.0,0.002937942765,0.6731239439930122,0.5883675604466256
818.1,0.00293801117,0.6735047364385538,0.5883267668660188
818.2,0.00293808274,0.6737793367692188,0.5882738109236129
818.3,0.002938151715,0.6739787399381274,0.5881974658239009
818.4,0.00293821166,0.6741576913388612,0.5881142337247737
818.5,0.002938257465,0.6743201745109049,0.5880389234656819
818.6,0.00293828553,0.674414164679915,0.5879686146220945
818.7,0.002938291355,0.6743926950357204,0.5878890299120383
818.8,0.00293827158,0.6742581154896259,0.5878100879718388
818.9,0.00293822471,0.6740280001109357,0.5877648257898415
819.0,0.002938150535,0.6736850512904993,0.587738366039876
819.1,0.002938046915,0.6731528277958693,0.5876825694693926
819.2,0.00293791017,0.6723810327286619,0.5875986016092659
819.3,0.00293774027,0.671479565283085,0.5874945388658899
819.4,0.002937539135,0.6705977453579635,0.5873884309456964
819.5,0.002937306855,0.6697922347183978,0.587302505245028
819.6,0.002937043075,0.6690598415062516,0.5872278999593276
819.7,0.002936747375,0.6683151960827566,0.5871514518153766
819.8,0.00293642274,0.6675825138440863,0.5870867946969731
819.9,0.0029360749,0.6670755676039472,0.5870800220515305
820.0,0.00293571092,0.6667406549775187,0.5871228375611692
820.1,0.00293533616,0.6663792650082055,0.5871901065997049
820.2,0.002934954985,0.6660850674225675,0.5872799574062346
820.3,0.0029345717,0.6659586434510018,0.5873822520612653
820.4,0.00293419055,0.6659144600919216,0.587481400097094
820.5,0.002933815875,0.6658908164656108,0.5875715807708524
820.6,0.002933451355,0.6658941025715264,0.5876612273738596
820.7,0.002933101365,0.6659021199159784,0.5877650488429198
820.8,0.002932768905,0.6658608205389542,0.5878671185599165
820.9,0.002932454365,0.6656932165708852,0.5879491003051674
821.0,0.002932155845,0.6653079693469608,0.5880267365994601
821.1,0.002931874255,0.6646605750656502,0.5881210773702102
821.2,0.00293161018,0.6639098349524073,0.5882481434833144
821.3,0.00293136489,0.6633998036682822,0.5883920372233082
821.4,0.00293113821,0.6633351119923595,0.5885296270434834
821.5,0.00293092836,0.6636215686936991,0.5886451798478307
821.6,0.00293073412,0.6640464439673559,0.5887548308562189
821.7,0.00293055571,0.664461014817109,0.5888870761989718
821.8,0.00293039334,0.6648411412450079,0.5890453697430528
821.9,0.00293024504,0.665246117670797,0.5892163396134907
822.0,0.00293011039,0.6657136934718013,0.5893906515101938
822.1,0.00292998911,0.6662231529860634,0.58954958845245
822.2,0.002929877515,0.6667215729437407,0.5896759194328732
822.3,0.002929773115,0.6671677733483301,0.5897669803808931
822.4,0.002929674885,0.6675905563212795,0.5898549889574908
822.5,0.002929580305,0.668071898581292,0.5899542356393289
822.6,0.002929487195,0.6686431218071236,0.590027076606595
822.7,0.002929395535,0.6692618521970628,0.5900616448071995
822.8,0.002929306465,0.6698462701120395,0.5901196172447547
822.9,0.00292922095,0.6703583811305012,0.5902287825629187
823.0,0.00292913776,0.670838278257893,0.5903611567109703
823.1,0.002929057395,0.6713331230831305,0.5905060526190207
823.2,0.002928980855,0.6718894488765987,0.5906773862858881
823.3,0.00292890894,0.6725281912117413,0.590863704093076
823.4,0.00292884368,0.6731970802699877,0.5910305320877596
823.5,0.002928786745,0.6737990157056009,0.5911615220500881
823.6,0.002928739315,0.6742841530095388,0.5913038506486219
823.7,0.00292870111,0.6746729690827177,0.5914785106337909
823.8,0.002928673565,0.6749915454273476,0.5916226412498707
823.9,0.00292865765,0.6752098735504015,0.5917339434793577
824.0,0.002928656265,0.6752889662870483,0.591884442732065
824.1,0.002928671865,0.675221849301597,0.5920800232110328
824.2,0.002928706995,0.6750364639191087,0.5922511960283563
824.3,0.002928762375,0.6747846715511088,0.5923678364520802
824.4,0.002928836285,0.6744954753809752,0.5924547523827529
824.5,0.00292892923,0.6741513955871834,0.5925112526699908
824.6,0.00292904258,0.6737724064158249,0.5925342472432594
824.7,0.002929175395,0.6733948749434577,0.5925260219253737
824.8,0.00292932496,0.6730298532930372,0.5924931684060396
824.9,0.00292948952,0.6726663898725728,0.5924416136139572
825.0,0.00292966601,0.6722615893759724,0.5923644397621032
825.1,0.002929851355,0.6717876424250665,0.5922526468158438
825.2,0.002930040915,0.6712548534437589,0.5921303534102988
825.3,0.00293022987,0.6706635240249443,0.5920093480577421
825.4,0.002930414495,0.6700136039031404,0.5918530890090637
825.5,0.00293059173,0.6693320542264999,0.5916657426444409
825.6,0.00293076008,0.6686628887081,0.5914393902654314
825.7,0.00293091912,0.6680419843360444,0.5911917605076974
825.8,0.002931068295,0.6674758002248292,0.5909469713780409
825.9,0.00293120772,0.6669687031882426,0.5907135259111379
826.0,0.002931336965,0.6665413586227602,0.5904960686375677
826.1,0.002931455065,0.666208990686381,0.590314460706086
826.2,0.002931562795,0.665955621238869,0.5901775406734645
826.3,0.00293166182,0.6657427846197735,0.5900757072042355
826.4,0.002931751385,0.6655267310098009,0.5900174451118376
826.5,0.00293183105,0.6653025343916702,0.5900015172370839
826.6,0.002931902275,0.6650843193659517,0.5899962267950553
826.7,0.00293196454,0.6648519546069217,0.5900377749862176
826.8,0.002932019945,0.6645799617981591,0.590136272712367
826.9,0.002932072775,0.6643039603171706,0.5902291639522669
827.0,0.00293212155,0.6640721987439301,0.5902978925747494
827.1,0.00293216537,0.6638972874313488,0.5903518714197235
827.2,0.00293220405,0.6637721515127709,0.5904055141142835
827.3,0.00293223433,0.6637010070055378,0.5904597694194109
827.4,0.00293225453,0.6636914062983884,0.5904909968503876
827.5,0.002932262505,0.663775688946099,0.5905008639645941
827.6,0.00293225587,0.6639998415819326,0.5905211605380919
827.7,0.00293223152,0.6643578323479944,0.5905773246749156
827.8,0.0029321896,0.6648392248734893,0.5906496108369191
827.9,0.00293212985,0.6654254523458345,0.5907217901847724
828.0,0.002932053605,0.6660767296356649,0.5907829375158634
828.1,0.002931959365,0.6667878542655462,0.5908314330250197
828.2,0.002931847955,0.6675449466791348,0.590848637643028
828.3,0.002931722805,0.6683233202413588,0.5908189973446598
828.4,0.00293158826,0.669102146192925,0.5907464711649776
828.5,0.00293144879,0.6698711703754119,0.5906507964739867
828.6,0.002931306735,0.6706289602225696,0.5905447746334318
828.7,0.002931163115,0.6713349703396108,0.5904201426263157
828.8,0.00293101964,0.6719162717946752,0.5902798874789332
828.9,0.002930877895,0.6723635277743961,0.5901323557746465
829.0,0.00293073882,0.6727060619046022,0.5899717971422624
829.1,0.002930602795,0.6730025402865069,0.5898070382005005
829.2,0.00293047251,0.6732920380495352,0.5896523889038978
829.3,0.002930348795,0.6735415684708245,0.5895057324473245
829.4,0.00293023002,0.6736875959805486,0.5893824506967308
829.5,0.00293011247,0.6736820102288106,0.589308349322492
829.6,0.00292999265,0.6735209973221288,0.5892698289983294
829.7,0.00292986787,0.6732610368132295,0.5892463386817398
829.8,0.00292973736,0.6729894398451414,0.5892291064177164
829.9,0.00292960322,0.6727504274760563,0.5891952243409475
830.0,0.002929466325,0.6724885945779355,0.5891541718931059
830.1,0.00292932452,0.6721000172657983,0.5891159764096235
830.2,0.002929172715,0.671542893507796,0.5890942648627946
830.3,0.00292901046,0.6708626318841436,0.5890796325808513
830.4,0.0029288407,0.6701682456599206,0.589048750096748
830.5,0.002928665455,0.6695825208424,0.5889950565083869
830.6,0.002928484595,0.6691820180445498,0.5888896535615848
830.7,0.002928297035,0.6689108294835067,0.5887343602384881
830.8,0.002928100825,0.6686297763215311,0.5885450019979301
830.9,0.002927895685,0.6682678585646522,0.588314171592752
831.0,0.0029276821,0.6678519116973171,0.5880418545716276
831.1,0.00292746136,0.667447117483902,0.587736638792235
831.2,0.00292723547,0.6670794066301698,0.5874187102440102
831.3,0.002927005685,0.6667448270125625,0.5871280054810845
831.4,0.00292677157,0.6664565607538545,0.5868980295891081
831.5,0.00292653334,0.6662169074998681,0.5867372303107267
831.6,0.00292629527,0.6659648261053439,0.5866252111697963
831.7,0.002926059235,0.6656537456007856,0.5865672732897602
831.8,0.002925825785,0.6653291311150754,0.5865469704330771
831.9,0.002925595495,0.6650810709591479,0.5865665507234498
832.0,0.00292536832,0.6649861006132299,0.5866544468310305
832.1,0.002925146735,0.6650682721106772,0.586820016303697
832.2,0.002924932715,0.6652936688172016,0.5870345883385742
832.3,0.00292472641,0.6656239695856149,0.5872696328761379
832.4,0.0029245263,0.6660313399050058,0.5875316794025591
832.5,0.002924331745,0.666471728363186,0.5878446278981094
832.6,0.002924142315,0.6668816182398852,0.5882121998934462
832.7,0.002923960065,0.6672061196282597,0.5886038188955907
832.8,0.002923788385,0.6674092487260557,0.5889923402873787
832.9,0.002923629735,0.6674795638528283,0.5893913363773922
833.0,0.002923484705,0.6674676383671152,0.5897971823960277
833.1,0.00292335311,0.6674733497825593,0.5901691896918727
833.2,0.00292323276,0.6675635574740146,0.5905065257428744
833.3,0.00292312102,0.6676501209179917,0.5908520732887539
833.4,0.002923017315,0.6676621720674107,0.5912180349036964
833.5,0.002922922,0.6676656152529591,0.5915757140237671
833.6,0.0029228336,0.667772077544804,0.5919261090471111
833.7,0.00292274982,0.6680475638045973,0.5922920681487794
833.8,0.00292267111,0.6684695299634569,0.5926597676927781
833.9,0.002922600155,0.6689343285965554,0.5929833976033505
834.0,0.00292253719,0.6693431691813083,0.5932409849531592
834.1,0.00292248201,0.669697924106937,0.5934416994228415
834.2,0.00292243609,0.6700669544295836,0.5935824748179673
834.3,0.0029224009,0.6704643344843361,0.5936540836525948
834.4,0.002922376685,0.6708421989655245,0.593668949040713
834.5,0.00292236385,0.6711839791134939,0.5936595814397385
834.6,0.002922363695,0.6715208143946265,0.5936314666987631
834.7,0.00292237632,0.6719276506432663,0.5935613243595864
834.8,0.002922400455,0.672460992544881,0.5934298367689815
834.9,0.002922432595,0.6730285966559757,0.5932452468377531
835.0,0.002922470135,0.673443745558777,0.5930030300441613
835.1,0.002922509985,0.6735927450151514,0.5926689386300524
835.2,0.00292255028,0.673499502545193,0.5922303433929589
835.3,0.00292258938,0.6732690541576815,0.5917303915947035
835.4,0.002922625825,0.672992807632466,0.5912560839889611
835.5,0.002922659605,0.672663430492293,0.59084794397937
835.6,0.00292268941,0.672260332738911,0.5904747874889322
835.7,0.00292271377,0.671867853568698,0.5901046086000115
835.8,0.002922730565,0.6715771431509054,0.5897710412035572
835.9,0.002922736495,0.6713333492778015,0.5895018186511966
836.0,0.00292272998,0.6710215776228593,0.5892614591671816
836.1,0.00292270885,0.6705991276587311,0.5890076404719201
836.2,0.002922669545,0.6701089449569915,0.5887381464859544
836.3,0.00292260914,0.6696260821661346,0.5884690609070334
836.4,0.00292252733,0.6691657383114188,0.5882094428317334
836.5,0.00292242405,0.6686783641935116,0.5879799268689215
836.6,0.002922298285,0.668146618220965,0.5878024784061133
836.7,0.00292214843,0.667613822956472,0.5876679761431981
836.8,0.00292197213,0.6671047592828844,0.5875594579931207
836.9,0.002921768595,0.6665890668487976,0.5874608968067996
837.0,0.002921537025,0.6660576978673695,0.5873570621430503
837.1,0.002921275945,0.6655575500337326,0.5872345444277899
837.2,0.002920985835,0.6650625795447889,0.5870769395208189
837.3,0.002920667715,0.6644849411867586,0.5869218434897407
837.4,0.002920324,0.6638601726557393,0.5868524249735114
837.5,0.00291995824,0.6633078178353852,0.5868798925464003
837.6,0.00291957437,0.6628450863702525,0.5869245873567644
837.7,0.002919175085,0.6624203681762285,0.5869468650185896
837.8,0.002918763575,0.662043383340983,0.586977166308052
837.9,0.002918342175,0.6617854397345674,0.5870378807276753
838.0,0.00291791602,0.6617019550513908,0.5871369250909465
838.1,0.002917492135,0.6616724240804471,0.587278541804585
838.2,0.00291707481,0.6616505460292076,0.5874385707644476
838.3,0.002916665615,0.661608216209793,0.5875648740988555
838.4,0.00291626436,0.6615433234719404,0.5876451895433631
838.5,0.00291587148,0.6615824174509217,0.5877017815651062
838.6,0.002915488115,0.6615204401110517,0.587751122791005
838.7,0.00291511497,0.6612645636726022,0.5878192318914163
838.8,0.002914751875,0.661235617037892,0.5879056514504498
838.9,0.002914398925,0.6616837589467413,0.5879885964080085
839.0,0.002914055355,0.6624210656097975,0.5880964950360145
839.1,0.00291371894,0.6632238619133106,0.5882462164303808
839.2,0.002913388045,0.6639790191058246,0.5884016373021391
839.3,0.00291306201,0.6646140920607477,0.5885329935741711
839.4,0.002912740485,0.6651012776830959,0.5886289616899159
839.5,0.002912424025,0.6654055660643372,0.5886863271717704
839.6,0.00291211396,0.6655522156094068,0.5887477346267331
839.7,0.002911812515,0.6657329074524706,0.5888401257250825
839.8,0.00291152186,0.6660272244186296,0.5889645730065506
839.9,0.002911242365,0.6662801226272436,0.5891278604263136
840.0,0.00291097358,0.6663858246536662,0.5893008396594129
840.1,0.002910715295,0.6664172531465727,0.5894383729309203
840.2,0.002910468655,0.6664933362374574,0.5895192645435205
840.3,0.00291023603,0.6666828371063219,0.5895401875505933
840.4,0.002910019365,0.6669708206216912,0.5895103719513552
840.5,0.002909818825,0.6672554112169946,0.5894846071216846
840.6,0.00290963388,0.6674072820890544,0.589494383129704
840.7,0.002909464315,0.6674359208476845,0.5895392890550945
840.8,0.00290930932,0.6674857779230969,0.5896259888441927
840.9,0.00290916801,0.6675472463249572,0.5897607392929275
841.0,0.00290904169,0.667423555539,0.5899535639668195
841.1,0.00290893224,0.6670169454850312,0.5901707039395319
841.2,0.0029088403,0.6664511195153785,0.5903366516599539
841.3,0.00290876586,0.6659805026526854,0.5904404329166282
841.4,0.002908708025,0.6658098890388542,0.5905397455719119
841.5,0.002908666915,0.6659469944254423,0.5906443606072765
841.6,0.002908643355,0.6662035431647196,0.5907236242465636
841.7,0.002908636515,0.6663669436818181,0.5907742277643906
841.8,0.00290864527,0.6663301744814005,0.5908433585107328
841.9,0.002908669295,0.6660842757412188,0.5909637506244036
842.0,0.002908707545,0.6656909546241746,0.5910919031002475
842.1,0.002908759395,0.6652902507643945,0.5911711591997122
842.2,0.00290882383,0.6650150598143107,0.5912153783729486
842.3,0.002908898165,0.6648911554000532,0.5912544497324627
842.4,0.00290898105,0.664853493987322,0.591271453288541
842.5,0.002909073565,0.6648379996523544,0.5912498749452405
842.6,0.002909176395,0.6647988051424082,0.5912015842679251
842.7,0.00290928683,0.6647082895748729,0.591156323342565
842.8,0.00290940207,0.6645615017997266,0.5911393826183396
842.9,0.002909520335,0.6643392404026706,0.5911659058284768
843.0,0.00290964079,0.664032413614565,0.591202685081991
843.1,0.00290976071,0.6636519164787328,0.5911991997991011
843.2,0.00290987788,0.6632733357144193,0.5911554386700736
843.3,0.002909991175,0.6629865711369995,0.5910988183739966
843.4,0.002910097935,0.662791710711068,0.591046617042146
843.5,0.002910196465,0.6626504332894361,0.5909892829762179
843.6,0.002910284465,0.6625519694924873,0.5909336334322708
843.7,0.002910360465,0.6624397518029012,0.5908850329939198
843.8,0.00291042629,0.6622482214651824,0.5908297535295872
843.9,0.002910483455,0.6619652205157617,0.590783562064483
844.0,0.002910534375,0.6615892472733507,0.5907668896322703
844.1,0.002910584155,0.6611344137721492,0.5907935278246986
844.2,0.00291063788,0.6606319725758754,0.5908370885201149
844.3,0.00291069804,0.6601204647432031,0.5908666622167186
844.4,0.002910763205,0.6596336812447147,0.5908911320818975
844.5,0.0029108328,0.6591693161514023,0.5908901619580861
844.6,0.00291090774,0.6586719831847831,0.5908156075661866
844.7,0.00291098762,0.658079170934236,0.5906563143673234
844.8,0.00291107201,0.6573706286935159,0.590433506961464
844.9,0.00291115982,0.65656695274406,0.5901677615238525
845.0,0.002911249525,0.655705741666746,0.5898813795924179
845.1,0.00291133989,0.6548437577576394,0.589613385402785
845.2,0.002911428455,0.654053307913255,0.5893793147589439
845.3,0.002911513305,0.6533985685883203,0.5891626158658403
845.4,0.00291159172,0.6529111002226334,0.588968009280595
845.5,0.002911660055,0.6525946350282666,0.5888328516814524
845.6,0.00291171606,0.652405008495696,0.5887568213693243
845.7,0.002911759235,0.6522613120477209,0.5886965134717904
845.8,0.002911789085,0.6521170815289946,0.5886210291684655
845.9,0.002911806365,0.651999887556645,0.5885248976899028
846.0,0.002911814515,0.6519561691532776,0.5884064684433219
846.1,0.0029118179,0.6519684904796651,0.5882887743294218
846.2,0.002911820545,0.6519715880900214,0.5881868698601989
846.3,0.002911824505,0.6519470962336942,0.5881039613451151
846.4,0.00291183155,0.6520045810960695,0.5880447460935061
846.5,0.00291184294,0.6522743559404185,0.5880119453529284
846.6,0.002911860685,0.6527302827158634,0.5880092574062541
846.7,0.00291188793,0.6532763920500223,0.5880431256600153
846.8,0.00291192823,0.653911477571316,0.5881158189724267
846.9,0.002911982815,0.654660948481127,0.5882270571134236
847.0,0.00291205247,0.6554927416848327,0.5883931895594936
847.1,0.002912141265,0.6563306798437688,0.5885998121083202
847.2,0.00291225291,0.6571102220784599,0.5888109321611897
847.3,0.00291238558,0.6578781718362593,0.5890439415750324
847.4,0.00291253658,0.6587613112302952,0.5893519068763156
847.5,0.00291270489,0.6598132106984967,0.5897169354382399
847.6,0.002912893315,0.6609333455591342,0.590068927647289
847.7,0.00291309979,0.6620154985645897,0.590421091387297
847.8,0.002913321555,0.6630263248504381,0.5908027471424999
847.9,0.002913558845,0.6639679167173868,0.591187670782381
848.0,0.00291381284,0.6648533557572451,0.5915231847096435
848.1,0.00291408364,0.6656947622344708,0.5918346949840769
848.2,0.00291436882,0.6664881400432083,0.5921963036082387
848.3,0.00291466714,0.6672070055573881,0.5926236934126553
848.4,0.002914980245,0.6678074330285274,0.5930923335852508
848.5,0.00291530744,0.6682627063527004,0.5935693278810307
848.6,0.0029156489,0.668569369777988,0.5940080695163418
848.7,0.00291600303,0.6687645632127408,0.594371211866037
848.8,0.002916369965,0.6688778616101998,0.5946237858622891
848.9,0.00291674655,0.6689105278906119,0.5947794103092515
849.0,0.002917128015,0.6688473693119041,0.594864543071934
849.1,0.002917510915,0.6686676513625628,0.5948619041341051
849.2,0.00291789117,0.6683705069630157,0.5947550837006977
849.3,0.002918265465,0.6679773492087896,0.5945998343598983
849.4,0.00291863255,0.6675275296894633,0.5944743993616998
849.5,0.00291899244,0.6670474943319947,0.5943959035276573
849.6,0.00291934577,0.6665257763231984,0.5943215250649464
849.7,0.002919691705,0.6659529194691869,0.594244003752945
849.8,0.002920030275,0.6653266869559908,0.5941798524309587
849.9,0.00292036094,0.6646328850680016,0.5940999127209325
850.0,0.00292068427,0.6638567420365615,0.5939847431908889
850.1,0.00292100388,0.6630529844056965,0.593816821921962
850.2,0.002921322065,0.6623027720800193,0.5935760069070122
850.3,0.00292163933,0.6616186023151058,0.5932837948079313
850.4,0.00292195614,0.6609762408652263,0.5929791954090171
850.5,0.002922273455,0.6603545510950074,0.5926509090298134
850.6,0.00292259097,0.6597327670770089,0.5922892325472504
850.7,0.002922908385,0.6591268104027992,0.5919221468704563
850.8,0.002923225235,0.6585731172639746,0.5915722984842341
850.9,0.002923541665,0.6580151829750677,0.5912254635136851
851.0,0.002923856275,0.6574085916991419,0.5908806737199537
851.1,0.00292416916,0.6568104010419719,0.5905439326866007
851.2,0.002924478445,0.6562040799430143,0.59020744298066
851.3,0.002924781775,0.6556028105250439,0.5898569625059958
851.4,0.002925076445,0.6550858740202662,0.5894931327758279
851.5,0.00292535971,0.654653440074685,0.5891129956665139
851.6,0.00292563058,0.6542833039114243,0.5887104194175122
851.7,0.002925887455,0.6540382722508149,0.5883067304163927
851.8,0.002926125395,0.653935039516218,0.5879283142715342
851.9,0.002926338095,0.6539051881028235,0.5876074282279855
852.0,0.002926522085,0.6539166046505267,0.5873440930202577
852.1,0.00292667578,0.6540011574752055,0.5870902824931371
852.2,0.002926794655,0.6541831059553307,0.5868407470452995
852.3,0.002926874875,0.6544380022168724,0.5866396373632615
852.4,0.00292691503,0.6547335318377956,0.5865126567014776
852.5,0.00292691474,0.6550713598622067,0.5864487981759265
852.6,0.002926871785,0.6554598492097496,0.5864218948330782
852.7,0.002926783815,0.6558760222717559,0.5863909457472107
852.8,0.00292664857,0.6562658562209546,0.5863435598485796
852.9,0.002926464575,0.6565640561956333,0.5863167538951035
853.0,0.00292623466,0.6567499442329463,0.5863189643196945
853.1,0.002925962725,0.6568392911280143,0.5863115168601499
853.2,0.002925652585,0.6567882967960613,0.5862857105614563
853.3,0.00292530747,0.656508412306553,0.5862792376239528
853.4,0.002924930415,0.6561589729556941,0.5863097349487968
853.5,0.002924526595,0.6561470600363517,0.5863384088932646
853.6,0.002924104445,0.6564911649628847,0.5863025105423306
853.7,0.002923668025,0.6567917588311656,0.5862106120457093
853.8,0.0029232198,0.6567867322829198,0.5860861258084923
853.9,0.00292276257,0.656446026559638,0.5859537950144192
854.0,0.002922298485,0.655809382808388,0.5858030067351878
854.1,0.002921830135,0.6549178867778935,0.585609196229521
854.2,0.002921359575,0.6538579825316106,0.5853801848064895
854.3,0.00292088744,0.6527658141287755,0.585124363031752
854.4,0.002920414355,0.6517813206725495,0.5848571316208152
854.5,0.00291994109,0.6510488332126237,0.5846286643216312
854.6,0.00291947005,0.6505686973241903,0.5844468119742411
854.7,0.00291900539,0.650223850981791,0.5842573739372297
854.8,0.00291855126,0.650005968964894,0.584058289325816
854.9,0.00291811124,0.6499568093230507,0.5838855683316329
855.0,0.00291768953,0.6500435675457722,0.5837322284508482
855.1,0.002917289025,0.6502032484171689,0.5835785649860202
855.2,0.002916911155,0.6504128491958311,0.583395256196276
855.3,0.002916558,0.6506670228910624,0.5831863371432195
855.4,0.002916232805,0.6509487923361629,0.5829808813819045
855.5,0.00291593699,0.6512517172661926,0.5827460617823749
855.6,0.002915669465,0.6515878802464973,0.5825012594580292
855.7,0.00291543021,0.6519684339309972,0.5823354707021954
855.8,0.002915222075,0.6524135599108991,0.5822688123892715
855.9,0.002915045425,0.6529473542018558,0.5822457204266306
856.0,0.00291490182,0.6535499933542234,0.582238342710443
856.1,0.00291479063,0.6541835332119317,0.5822736121145278
856.2,0.002914712725,0.6547925497973859,0.582328730100998
856.3,0.002914667795,0.6553163601068895,0.5823755304067584
856.4,0.002914653985,0.6557522560875751,0.5824461314184625
856.5,0.002914668775,0.656161096672328,0.5825816088317375
856.6,0.002914710565,0.6565830439816316,0.5827744573817336
856.7,0.002914776705,0.6569895032391532,0.5830084852999144
856.8,0.002914864495,0.6573834840906545,0.583308643115135
856.9,0.00291497217,0.6578308029022285,0.5836715316241438
857.0,0.00291509749,0.6583414185225871,0.5840719395458959
857.1,0.00291523684,0.6587959629972644,0.5844945930852281
857.2,0.002915386955,0.6590831611144703,0.5849238961195709
857.3,0.002915544845,0.659449433118767,0.5853584273924077
857.4,0.002915708545,0.6601026833287839,0.5858070059826358
857.5,0.002915876955,0.6605832401906329,0.58626102581134
857.6,0.002916048045,0.660774676280572,0.5867216794270915
857.7,0.002916220385,0.6612145369511864,0.5872009790235605
857.8,0.002916391385,0.6620473166149853,0.5876925069552744
857.9,0.002916559635,0.6629681237049377,0.5881826437897613
858.0,0.0029167238,0.6636572509030586,0.5886735327215293
858.1,0.002916885265,0.6639788620261918,0.5891646886886731
858.2,0.00291704642,0.6640285997210835,0.5896155122610115
858.3,0.00291720831,0.664049943701572,0.5900172145189368
858.4,0.00291737051,0.6643030241225599,0.590402405822512
858.5,0.00291753374,0.6648492277044983,0.5907806856222493
858.6,0.00291769926,0.6654766917220145,0.591134080238259
858.7,0.00291786809,0.6659226470823769,0.5914310097528686
858.8,0.00291804021,0.6661861198918628,0.5916782279619649
858.9,0.002918213555,0.6665291566768936,0.5919052325356094
859.0,0.002918385795,0.6670029779640934,0.5921258188354627
859.1,0.00291855653,0.6673382110329726,0.5923329672868994
859.2,0.002918724985,0.6674720805791274,0.5925284403233985
859.3,0.00291889235,0.6676268291500579,0.592731531093764
859.4,0.002919056685,0.6679381861147698,0.5929696192062904
859.5,0.00291921669,0.6683216928963641,0.5932331196617917
859.6,0.002919368245,0.6686506490631215,0.5934727540662222
859.7,0.002919509665,0.6688429647990037,0.5936548904135883
859.8,0.00291964308,0.6688740288671625,0.5937847217565461
859.9,0.00291977253,0.6687935035642656,0.5938586522281445
860.0,0.00291990129,0.6686655025131878,0.5938588847060009
860.1,0.002920031245,0.6685159501365062,0.5938131380904162
860.2,0.00292016203,0.6683522228937718,0.5937527378300584
860.3,0.0029202965,0.6681723164488713,0.5936823680395735
860.4,0.00292043743,0.6679829098277863,0.5936274511150332
860.5,0.002920587745,0.6678178505497667,0.5935852614106512
860.6,0.00292074792,0.6676709182613584,0.5935448938300081
860.7,0.002920919545,0.6674823158879928,0.5934813676849598
860.8,0.0029211047,0.6672280793609083,0.5933957994975355
860.9,0.00292130369,0.6669676538962964,0.5933147922743256
861.0,0.00292151602,0.6667628094889116,0.5932371176526027
861.1,0.00292174072,0.6665889411850915,0.5931434271915318
861.2,0.002921976115,0.6664145011114082,0.5930382937933794
861.3,0.002922221625,0.6662529604171606,0.5929022823093534
861.4,0.00292247722,0.6660736697244202,0.5927092471487535
861.5,0.002922741495,0.6657949162082673,0.5925064906438464
861.6,0.0029230128,0.6653508583698676,0.592342824976328
861.7,0.002923288965,0.6647376446166282,0.592200156457469
861.8,0.00292356749,0.6640608952935624,0.5920603738056217
861.9,0.00292384597,0.6636042773677338,0.5919305412060267
862.0,0.00292412388,0.6636356744447138,0.5917944128547541
862.1,0.00292440117,0.6640777530797416,0.5916311292049022
862.2,0.002924677055,0.6645635752508781,0.5914445757782653
862.3,0.00292495117,0.6648327154935111,0.5912640849971313
862.4,0.002925222965,0.6649291812375322,0.591102581373677
862.5,0.002925491,0.6650278272468549,0.5909513243688217
862.6,0.00292575217,0.6651999048428626,0.5908137929822699
862.7,0.00292600499,0.6653570787233217,0.5906811266661015
862.8,0.00292624643,0.6653715488990841,0.5905684459057581
862.9,0.0029264743,0.665178661393339,0.5905213163610875
863.0,0.002926688655,0.6648495167310224,0.5905636530920058
863.1,0.002926889595,0.6645493564025279,0.590661584703159
863.2,0.002927074905,0.6643518067732849,0.5907601094470054
863.3,0.002927242195,0.6641767006819591,0.5908649129779291
863.4,0.00292739082,0.6638828235387717,0.5910158118412219
863.5,0.00292752297,0.6634366482669235,0.5911938993039759
863.6,0.002927642215,0.6630071988343631,0.5913233134434294
863.7,0.002927750225,0.6627518313339233,0.5913678423777013
863.8,0.002927846825,0.6626000232937166,0.5913536084497065
863.9,0.002927931275,0.6624106920708553,0.591347227875027
864.0,0.00292800448,0.6621804635948297,0.5913673114485429
864.1,0.00292806857,0.6619149801660454,0.5913861170221673
864.2,0.002928122345,0.6615449445337497,0.5914200254883146
864.3,0.002928166005,0.6611048451020937,0.5914943712784618
864.4,0.002928201025,0.660648924609834,0.591616396391994
864.5,0.002928228235,0.6602104776559138,0.5917760068917152
864.6,0.002928247775,0.659911272371586,0.5919313932059543
864.7,0.00292826012,0.659733238315907,0.5920585950358611
864.8,0.00292826405,0.6595095380694155,0.5921748484153702
864.9,0.002928258725,0.6592050674758002,0.5922781829375692
865.0,0.002928245615,0.6589494800638747,0.5923446169407776
865.1,0.00292822713,0.6588199836146937,0.5923947642993512
865.2,0.002928207695,0.658777320786458,0.5924499130734294
865.3,0.002928191195,0.6588038986603073,0.5925139977936514
865.4,0.00292818205,0.6589539285590722,0.5925819906551346
865.5,0.002928182635,0.6592446138441235,0.5926600466662056
865.6,0.002928196155,0.6596187838123514,0.5927244744483455
865.7,0.002928225145,0.6599931422761385,0.5927458793757314
865.8,0.002928269365,0.6602854360566284,0.5927257555898295
865.9,0.00292832687,0.6604572371924826,0.5926484315698468
866.0,0.00292839637,0.6605364304600944,0.5924987221135326
866.1,0.00292847696,0.6605540170957691,0.5922863542200612
866.2,0.002928568995,0.6605017347108281,0.5920293895339164
866.3,0.002928671025,0.6603678525983028,0.5917487447789859
866.4,0.00292878119,0.6601736393404578,0.5914925397299448
866.5,0.00292889748,0.6599397980328805,0.5913182567358941
866.6,0.00292901998,0.6596617482334819,0.5912294282036139
866.7,0.002929149305,0.659370089054708,0.5911818613492459
866.8,0.00292928417,0.6591238761552608,0.5911338295391652
866.9,0.00292942364,0.6589213628096251,0.5910785073491726
867.0,0.00292956787,0.6587381451260677,0.5910138885581994
867.1,0.00292971688,0.6586162953134056,0.5909335511225433
867.2,0.00292986986,0.6585800915996656,0.5908209690082091
867.3,0.00293002364,0.6585729916002685,0.5906808106218805
867.4,0.002930176095,0.6586131285880107,0.5905296334134786
867.5,0.002930325005,0.6588649460887519,0.5903772869042909
867.6,0.0029304674,0.6594508091363492,0.5902351788455614
867.7,0.00293060123,0.6603224942835701,0.5901534151268406
867.8,0.00293072491,0.6613367826045229,0.5901514189588685
867.9,0.00293083574,0.6623531129607004,0.5901930959553295
868.0,0.002930930635,0.6632789905811958,0.5902609059761201
868.1,0.002931008485,0.6640624409571481,0.5903583305342193
868.2,0.002931067855,0.6646997067437435,0.5904958047437847
868.3,0.00293111008,0.6652257538672164,0.5906456580850424
868.4,0.00293113752,0.6656834022354354,0.5907989357622926
868.5,0.0029311527,0.6660931287493166,0.5909476034664828
868.6,0.002931157965,0.6664518232321328,0.5910585393862663
868.7,0.00293115518,0.6667469004637139,0.5911176233193024
868.8,0.002931147055,0.6669466994732969,0.5911598331298775
868.9,0.00293113716,0.667069937869912,0.5912195830805561
869.0,0.002931127935,0.6671783416660167,0.5913112955948924
869.1,0.002931120165,0.6672995380274069,0.5914170101876857
869.2,0.002931114885,0.6674258489016371,0.5914954149155413
869.3,0.002931109645,0.6675265683621112,0.5915327778769705
869.4,0.00293110195,0.667566755615336,0.591551832264733
869.5,0.00293109083,0.6675078319035253,0.5915423672743862
869.6,0.002931074065,0.6673105964335475,0.5915064412774368
869.7,0.002931046325,0.6669929123012313,0.5914803440672635
869.8,0.00293100938,0.6666142875546206,0.5914371270620836
869.9,0.002930961625,0.6662513079394249,0.5913756303858897
870.0,0.002930899925,0.6659357977892248,0.5913026386221761
870.1,0.002930823565,0.6656294485232027,0.5912250827526555
870.2,0.002930731655,0.6653027543031559,0.5911615220500881
870.3,0.00293062156,0.6649795535341398,0.5911278479467528
870.4,0.00293049144,0.6647047898406568,0.5911184325935699
870.5,0.002930341565,0.6645065239282888,0.5911018569224111
870.6,0.00293017101,0.6644008658841634,0.5910479522190237
870.7,0.00292997651,0.6643752116385541,0.5909595082176843
870.8,0.002929756575,0.6643970080083846,0.5908464536078151
870.9,0.002929509795,0.6644662110113579,0.5907149647605733
871.0,0.00292923731,0.6646019969290314,0.5905747485689397
871.1,0.002928943405,0.6647788685954285,0.5904033784595976
871.2,0.00292863246,0.664940120263152,0.5902049472994559
871.3,0.00292830772,0.6650352414055174,0.5900278645180326
871.4,0.00292797269,0.6650437614047939,0.5898984497502605
871.5,0.002927629435,0.664993118931218,0.5898002366524054
871.6,0.002927278945,0.6649181102650209,0.5897381908258156
871.7,0.00292692596,0.6648207460255009,0.5897418847104577
871.8,0.002926577345,0.6647298409004767,0.589816579845708
871.9,0.002926238835,0.6646647345343236,0.5899369097558443
872.0,0.002925913335,0.6646309309973709,0.5900572258429729
872.1,0.002925602835,0.6646606190479475,0.5901706926297983
872.2,0.00292530927,0.6647700721359985,0.5902926002477652
872.3,0.00292503408,0.6649464474307564,0.5904108215209125
872.4,0.002924777725,0.6651759282077304,0.5904996337169108
872.5,0.002924539335,0.6654399476543381,0.5905488781817559
872.6,0.002924316155,0.6656783191385219,0.5905934837708887
872.7,0.002924106685,0.665833570364277,0.5906534096507559
872.8,0.002923909925,0.6658975331907041,0.5907244027332232
872.9,0.002923724035,0.6658606885920628,0.59081456267247
873.0,0.002923545205,0.6657476352388307,0.5909321776182351
873.1,0.00292337178,0.665642423300862,0.5910716900931142
873.2,0.002923202515,0.6655973917117654,0.5912172784081854
873.3,0.00292303618,0.6655967256941229,0.591342183105544
873.4,0.002922870945,0.6656553792289653,0.5914258487444572
873.5,0.00292270568,0.665799226473388,0.5914711988910489
873.6,0.002922541615,0.6659679739811829,0.5914916468893127
873.7,0.00292237957,0.6661083152082041,0.5915075942419407
873.8,0.002922219425,0.6662228765259098,0.5915431357079493
873.9,0.002922059165,0.6663152770490373,0.5915874466156912
874.0,0.002921898985,0.6663736981060234,0.5916179571352244
874.1,0.002921739985,0.6663863210253056,0.5916567602027258
874.2,0.00292158426,0.6663279753665431,0.5917099605610402
874.3,0.00292143204,0.6661594791861604,0.5917394852487987
874.4,0.002921282255,0.6658446350536029,0.5917301283292392
874.5,0.0029211352,0.6653602580150871,0.5916649534763664
874.6,0.002920992525,0.6647367021388321,0.5915449647431923
874.7,0.002920855425,0.6640737821066275,0.5914236684791557
874.8,0.00292072689,0.6634458656997692,0.5913352942211731
874.9,0.00292061121,0.6628370815921713,0.5912364930171734
875.0,0.002920511345,0.6621953358944518,0.5911138138240507
875.1,0.00292042983,0.6614964948918461,0.5909858171712025
875.2,0.00292036906,0.6607753737141411,0.5908684629776277
875.3,0.002920330595,0.6600832117375169,0.5907552362084811
875.4,0.00292031787,0.6594196571035963,0.5905902705499226
875.5,0.002920333555,0.658786934059978,0.5903758939221083
875.6,0.002920377405,0.6582718133957541,0.5901436001630722
875.7,0.00292044812,0.6579785645710975,0.589900053219151
875.8,0.0029205438,0.6579532684670507,0.5896449653204574
875.9,0.00292066036,0.6581671920772043,0.5893952231558233
876.0,0.002920793735,0.6585783511573355,0.5891654213080799
876.1,0.00292094176,0.6591670919038035,0.5889556948657115
876.2,0.002921102865,0.65989734254976,0.588800670462946
876.3,0.00292127828,0.66069700982699,0.5887445283172708
876.4,0.00292146971,0.6615038210859142,0.588786320296023
876.5,0.002921675405,0.6623028411950577,0.5889110591172894
876.6,0.002921892745,0.6631047892685542,0.5890840295539292
876.7,0.00292212113,0.6638802223000545,0.5892609640521794
876.8,0.00292235974,0.6646022042741465,0.5894617482652186
876.9,0.002922606425,0.6652836282870808,0.5897082131203966
877.0,0.002922860325,0.6659115384107538,0.5899695351955518
877.1,0.00292311865,0.6664352733220338,0.5902408707831313
877.2,0.002923379715,0.6668729097450494,0.5905670246492416
877.3,0.002923644025,0.6673184441319961,0.590948386351372
877.4,0.00292391158,0.6677989884274746,0.5913383528757806
877.5,0.00292418078,0.6682580316628318,0.5917211238963755
877.6,0.002924449705,0.6686778552555016,0.5920731902470112
877.7,0.00292471481,0.6691066700863461,0.5923596224439283
877.8,0.002924971175,0.6696115680080751,0.592609745369592
877.9,0.00292521837,0.6702511397236782,0.5928598098616324
878.0,0.0029254586,0.6710289289496686,0.5931130322826083
878.1,0.002925690865,0.6718727858691641,0.5933685914201998
878.2,0.00292591237,0.6726770461548537,0.5936212640624612
878.3,0.002926121905,0.6733759060070154,0.5938665156345564
878.4,0.00292631993,0.6739834271943665,0.5940937690223391
878.5,0.002926505795,0.6745327346698468,0.5943151237557555
878.6,0.00292667941,0.675039844272804,0.5945502367800389
878.7,0.00292684195,0.6755234987450094,0.5947942606177251
878.8,0.00292699248,0.6759844583518853,0.5950566759671239
878.9,0.00292712927,0.6763924695561776,0.5953270062450541
879.0,0.00292725099,0.6767185605904349,0.5955937350011662
879.1,0.002927358055,0.6769556000393335,0.5958554698815962
879.2,0.002927453635,0.6771235935648916,0.5961126557358638
879.3,0.002927541005,0.6772379349711117,0.5963448093798676
879.4,0.002927620895,0.6772959727537942,0.5965302048154524
879.5,0.002927692705,0.6772994222225278,0.5966816050769327
879.6,0.002927757565,0.6772532722264465,0.596817305543286
879.7,0.002927818295,0.6771432850676443,0.5969273203481036
879.8,0.002927878405,0.6769340424305447,0.5969942482096772
879.9,0.002927939495,0.6766239860851913,0.5970298342863013
880.0,0.00292800135,0.6762456377987341,0.5970661938230369
880.1,0.002928064165,0.6758163014635092,0.5971323155519356
880.2,0.002928130265,0.6753347707079376,0.5972473236041167
880.3,0.00292820282,0.674814007743308,0.5974064301923764
880.4,0.0029282859,0.6742600130115887,0.5975399466235168
880.5,0.002928383125,0.6736395673120605,0.597578056655679
880.6,0.00292849426,0.6729284112662528,0.597511108059594
880.7,0.002928618545,0.6721786010644352,0.5973761245046842
880.8,0.00292875655,0.6714559719222564,0.5971928270246734
880.9,0.002928908735,0.6707740703872388,0.5970007619878851
881.0,0.00292907641,0.6700911321266456,0.5968508056023882
881.1,0.00292926192,0.669375848028091,0.5967432739124041
881.2,0.00292946646,0.6686498133994757,0.5966573281055428
881.3,0.00292968926,0.667954183104562,0.5965922971376135
881.4,0.002929929835,0.6672933051075822,0.5965476324865389
881.5,0.002930187815,0.6667340073674636,0.596490833747999
881.6,0.00293046115,0.6664025630593245,0.5964077957992979
881.7,0.002930748785,0.6662844705914761,0.5962877737652417
881.8,0.002931049105,0.6662817751049794,0.5960942045338907
881.9,0.00293135971,0.666335113065052,0.5958251346629331
882.0,0.00293167554,0.666441782702012,0.5954995550799599
882.1,0.002931991625,0.6666156070235352,0.5951587148965125
882.2,0.002932304125,0.6668164113427673,0.5948658223284626
882.3,0.00293261104,0.666964229560304,0.5946512037980142
882.4,0.00293291065,0.6670324838022959,0.5945131804380528
882.5,0.00293320249,0.66707858981608,0.5944280696665188
882.6,0.002933484305,0.6671810497188841,0.5943585355396798
882.7,0.00293375396,0.6673589706772275,0.5942675814058102
882.8,0.00293401031,0.6675590524301493,0.5941771468913654
882.9,0.002934254545,0.6676986962236015,0.5941557067781417
883.0,0.00293448935,0.6676868084370002,0.5942087839860242
883.1,0.002934714875,0.6673988563375576,0.5942776765996433
883.2,0.002934931505,0.666804869131358,0.5943264535955014
883.3,0.002935139455,0.6661303377727057,0.594354130398461
883.4,0.00293534053,0.665616140736722,0.5943526274605355
883.5,0.00293553737,0.6653038727101406,0.5943402671783992
883.6,0.00293573189,0.6651830344903128,0.5943589037343389
883.7,0.00293592683,0.6652378929812298,0.594435109347337
883.8,0.00293612294,0.6654536575646784,0.5945675343891896
883.9,0.002936319265,0.6658034362075438,0.5947420435779112
884.0,0.00293651459,0.6662375917458992,0.594956543984476
884.1,0.00293671064,0.6667118402896999,0.5951974023534042
884.2,0.00293691001,0.6671817597188238,0.595444557102329
884.3,0.002937112385,0.6676260060527827,0.5956463736427142
884.4,0.00293731839,0.6680706796433423,0.5957765298263523
884.5,0.00293752954,0.6685653171234648,0.595861693376643
884.6,0.00293774603,0.6691053883165434,0.5959082109390647
884.7,0.00293796853,0.6696084264154215,0.5958942716924607
884.8,0.002938195875,0.6699811324014727,0.5957976670900442
884.9,0.00293842554,0.6702316304332995,0.5956254789099751
885.0,0.002938653995,0.6704825431553563,0.595439125288631
885.1,0.002938882285,0.6707845758730724,0.5953240588028265
885.2,0.002939110155,0.6710864452279707,0.5952885242483217
885.3,0.00293933702,0.6713781169731151,0.5952693592764977
885.4,0.00293956122,0.6717020905739239,0.5952328577397742
885.5,0.00293978327,0.6720702161178863,0.5951909017698855
885.6,0.00294000302,0.6724793834282752,0.5951572917550404
885.7,0.00294021978,0.6728958455168056,0.5951304757484679
885.8,0.00294043376,0.6732577569904992,0.5951176366876112
885.9,0.00294064799,0.6735565413014115,0.5951318260049904
886.0,0.00294086474,0.6738361995962487,0.5951794538062559
886.1,0.00294108536,0.6741145447053568,0.5952501867648514
886.2,0.00294131086,0.6743777913201717,0.5953452237125337
886.3,0.00294154421,0.6746041116549364,0.5954423931733092
886.4,0.00294178683,0.674823212609783,0.5955423215807532
886.5,0.002942036975,0.6751266653273785,0.5956814759140697
886.6,0.002942294075,0.6755552036980694,0.5958601828988951
886.7,0.00294255815,0.6760191541011515,0.5960452685734443
886.8,0.00294282692,0.6764168860142813,0.5961892446231657
886.9,0.00294309843,0.6767392448364661,0.5962765821555726
887.0,0.002943371265,0.6770098302117199,0.596352611839382
887.1,0.002943646315,0.6771979801957433,0.596454217857303
887.2,0.0029439243,0.6772611953231189,0.5965630445117789
887.3,0.002944205295,0.6772103015221307,0.5966729506174907
887.4,0.002944490135,0.6770690806491665,0.596791585324231
887.5,0.002944779385,0.6767788917357545,0.5968698373706838
887.6,0.002945074075,0.6761266468353867,0.5968764856090573
887.7,0.0029453743,0.6748885074714951,0.5968466027797363
887.8,0.00294567856,0.6739067597672483,0.596802546969318
887.9,0.00294598589,0.6739107244571771,0.5967154676758272
888.0,0.002946295665,0.6739900748044215,0.596566123900898
888.1,0.002946604475,0.6737079912000558,0.5963885818186285
888.2,0.00294690813,0.6734621678580976,0.596205984285461
888.3,0.00294720427,0.6733715391932269,0.5960151218503404
888.4,0.002947490325,0.6732859119438607,0.5958491822980593
888.5,0.002947763345,0.6731378046997998,0.5957310339098616
888.6,0.00294802091,0.6729278834786869,0.5956248908038304
888.7,0.0029482618,0.6726566635017173,0.595486979912886
888.8,0.002948487595,0.672301468753117,0.5953146114053987
888.9,0.002948700755,0.6718583973748107,0.5951453744374682
889.0,0.00294890457,0.6714030737851553,0.5949913302116107
889.1,0.00294910092,0.670998354969964,0.594843032587035
889.2,0.00294929132,0.6706000638533418,0.5946906508920097
889.3,0.00294947711,0.6701304899994097,0.5945366644714569
889.4,0.002949658135,0.6696278351748354,0.5944182496762022
889.5,0.002949835065,0.6692652074180169,0.5943490755758813
889.6,0.002950011425,0.669122930969921,0.5943323409401342
889.7,0.00295018801,0.6690628637183844,0.5943960675187938
889.8,0.00295036691,0.6689254693052723,0.5944979280057197
889.9,0.00295054609,0.6687037671117085,0.5946099628546134
890.0,0.00295072188,0.6684939087224487,0.5947276356056833
890.1,0.002950889985,0.668378185015461,0.5948231978276574
890.2,0.002951047275,0.668336068824347,0.5948840511056758
890.3,0.00295119063,0.6683970911200504,0.5949359188003865
890.4,0.002951316525,0.6686465712758572,0.5949998847684064
890.5,0.00295142284,0.6690011565554826,0.5950806664252637
890.6,0.00295150767,0.6693137198917736,0.5951772427533463
890.7,0.00295157161,0.6695797499576795,0.5952800815322244
890.8,0.002951616375,0.6698356578120557,0.5953832822225763
890.9,0.002951642455,0.6700789553135202,0.5955046702211184
891.0,0.002951652295,0.6702829137917766,0.595637371094806
891.1,0.002951647565,0.6704846668719902,0.5957436210149875
891.2,0.00295162929,0.6707690878212903,0.595825233937261
891.3,0.002951599715,0.6711516269923473,0.5958957488693264
891.4,0.00295156154,0.6715777212039536,0.5959502052363838
891.5,0.002951518775,0.6720325232892286,0.5959888807552235
891.6,0.00295147494,0.6725553785545655,0.5960336453089445
891.7,0.002951434395,0.673173317263156,0.5961022646040028
891.8,0.002951399795,0.6738657117176365,0.5961997431974955
891.9,0.00295137242,0.6745681341358675,0.5963141549753909
892.0,0.00295135227,0.6752125187714157,0.5964360393455722
892.1,0.002951337765,0.6757436238590611,0.5965825550587948
892.2,0.00295132681,0.6761445413471415,0.5967720728922596
892.3,0.002951318185,0.6764383933575878,0.5969946120061064
892.4,0.002951313585,0.6766861393542499,0.5972193288719806
892.5,0.00295131514,0.6769614748175958,0.5974480418437101
892.6,0.00295132522,0.677296418859951,0.5976914826017998
892.7,0.002951344755,0.6776395373263907,0.5979446736068491
892.8,0.002951374445,0.677913672701343,0.5982023683991265
892.9,0.00295141464,0.6780902930403278,0.5984492881569208
893.0,0.002951466315,0.6781912889609554,0.5986513553963997
893.1,0.002951529615,0.6782365090456111,0.5987687736784646
893.2,0.00295160445,0.6782206628522665,0.5987880442078017
893.3,0.002951691035,0.6781080870211177,0.5987589009093915
893.4,0.002951790045,0.6778643182807551,0.5987075119934011
893.5,0.00295190224,0.6774809560124229,0.5986159100631263
893.6,0.002952027195,0.6769736264979799,0.5984685027659086
893.7,0.002952163035,0.6763689955758699,0.5982888614714281
893.8,0.002952308055,0.6757162605870484,0.5981308318211302
893.9,0.00295246102,0.6750770281634517,0.5979714066753755
894.0,0.00295262029,0.6745180006003014,0.5977501788623024
894.1,0.00295278341,0.6740758716997911,0.5974829286018097
894.2,0.00295294752,0.6737197156238389,0.5972366447023686
894.3,0.00295310967,0.6733987265360512,0.5970748878665465
894.4,0.002953269505,0.673102687977118,0.596981810016043
894.5,0.002953430295,0.6728112172939033,0.596901383987474
894.6,0.00295359264,0.672401327417204,0.5968610830085953
894.7,0.002953753975,0.6719105101137485,0.5968680981849906
894.8,0.00295391294,0.6714822984686936,0.5968758767684009
894.9,0.002954069645,0.6709877552363507,0.5968547614958577
895.0,0.002954222465,0.6704166388246693,0.5967920201206542
895.1,0.002954370905,0.6698798851534329,0.596695478350091
895.2,0.00295451416,0.6693323746689506,0.5965888803414434
895.3,0.00295465264,0.6687308727731236,0.5964632895202495
895.4,0.002954785595,0.6681665484847593,0.5963140324532774
895.5,0.00295491116,0.6677567025903574,0.5961502832193943
895.6,0.00295502816,0.6675397630512563,0.5959952927458295
895.7,0.002955134445,0.6675056265054824,0.5958767101895271
895.8,0.002955230595,0.6676461122457656,0.5957924168604015
895.9,0.002955318635,0.6679637021303023,0.5957234475919218
896.0,0.00295539868,0.6684235181974524,0.5956529691023311
896.1,0.00295546889,0.6689393991270983,0.595556880977747
896.2,0.002955527875,0.6694244233337008,0.5954163858126857
896.3,0.00295557284,0.66982818082154,0.5952297148904835
896.4,0.00295560154,0.6701204306197329,0.5950503337198748
896.5,0.00295561326,0.6702827127298469,0.594923347403224
896.6,0.002955609565,0.6703338264423208,0.5948564786035924
896.7,0.002955591515,0.6703237921953852,0.5948229835710384
896.8,0.00295555813,0.6703167361782851,0.5948070996785818
896.9,0.00295551175,0.6703774505979084,0.5948146369876762
897.0,0.00295545721,0.6705505335035653,0.5948436131533574
897.1,0.002955396595,0.6708366132137865,0.594885334760434
897.2,0.00295532983,0.6712176632699257,0.5949715425761227
897.3,0.002955257105,0.671708675352126,0.5951107283253659
897.4,0.00295517956,0.67229242724946,0.5952940364867917
897.5,0.00295509817,0.6728672695900285,0.5954813357275246
897.6,0.002955013225,0.6733736252107488,0.5956015839562518
897.7,0.002954922495,0.6738550365857997,0.595653365571324
897.8,0.00295482487,0.6743412734471663,0.5957063780623977
897.9,0.002954722485,0.6748025032310104,0.5958068066113921
898.0,0.002954617805,0.6751893086848911,0.5959447759359598
898.1,0.002954512075,0.6754610250335,0.5961132752579351
898.2,0.002954405615,0.6755669909537056,0.5963192311608007
898.3,0.00295429775,0.6754714111388128,0.5965251933468514
898.4,0.002954189205,0.6751859848798636,0.5966673315648705
898.5,0.00295408276,0.6747882027012514,0.5967215724186717
898.6,0.00295397992,0.6743652563654838,0.5967069470482322
898.7,0.00295388326,0.6739303719776327,0.5966310053290169
898.8,0.002953793435,0.6734636569730154,0.5965158018697727
898.9,0.00295371221,0.6729938946235242,0.5963995931008794
899.0,0.002953641835,0.672584394304314,0.5963313652482658
899.1,0.002953586735,0.6722320269891021,0.5963156327805752
899.2,0.00295354839,0.6718725973736049,0.5963089367899933
899.3,0.002953525745,0.6714723082040551,0.5963012222950731
899.4,0.002953516775,0.6709996493061372,0.5962966820653701
899.5,0.002953521925,0.6704694678467321,0.5962578161660156
899.6,0.002953541125,0.6700875569942059,0.59616377698816
899.7,0.002953572175,0.6700087658504538,0.5960226679558943
899.8,0.00295361484,0.6700576176162171,0.5958391015555524
899.9,0.002953669905,0.6700470241657892,0.595652271668762
900.0,0.00295373899,0.6700176439912928,0.5955433532797806
900.1,0.00295382262,0.6700214264688478,0.5955026797080131
900.2,0.00295392201,0.6700568573507949,0.5954582079507275
900.3,0.002954037385,0.6701588585810716,0.5954089301850002
900.4,0.00295416905,0.6703136071520022,0.5953862390895819
900.5,0.002954316045,0.6704558961664685,0.5954097872114762
900.6,0.002954478925,0.6705506843000127,0.5955054970883048
900.7,0.002954659545,0.6706152880113412,0.5956722434015794
900.8,0.00295485952,0.670682989333026,0.5958524369880484
900.9,0.00295507864,0.6707799325991304,0.5959965814271361
901.0,0.002955314605,0.6708783963960793,0.5960847571364628
901.1,0.002955565095,0.6709192371005759,0.5961231662482456
901.2,0.002955828055,0.670874934360975,0.5961455456976728
901.3,0.00295610224,0.6707505272918929,0.5961900036319507
901.4,0.00295638722,0.6707348193286249,0.5962802647304811
901.5,0.002956682175,0.6710064288630837,0.59643285439894
901.6,0.00295698466,0.6713311878620558,0.5966576692825051
901.7,0.00295729203,0.671575723151026,0.5969296344452522
901.8,0.00295760198,0.6718419982611589,0.5971936400688522
901.9,0.002957910845,0.6721609767296485,0.5973993044319195
902.0,0.00295821442,0.672608509169523,0.5975901536723509
902.1,0.002958510885,0.673237707346184,0.5978524559244142
902.2,0.00295880494,0.6738989057856144,0.5981808264983008
902.3,0.00295909856,0.6744265676877114,0.5984981499757805
902.4,0.00295939235,0.6747944796033732,0.5987492166358775
902.5,0.0029596854,0.6750648450671412,0.5989637277238573
902.6,0.002959977285,0.6753123020372792,0.5991899343329679
902.7,0.00296026984,0.6755576352907833,0.5994386410286634
902.8,0.00296056677,0.6757698812904598,0.5996899326267944
902.9,0.00296087081,0.6759316733121197,0.5999119785105944
903.0,0.00296118134,0.6760540760450888,0.6000925384067669
903.1,0.002961497085,0.6761445224975856,0.6002563774901998
903.2,0.002961817895,0.6761985830239687,0.6004505480223846
903.3,0.00296214329,0.6762234958537117,0.6007095635402137
903.4,0.00296247612,0.6762211208096656,0.6009754478362206
903.5,0.002962819465,0.6761643270976739,0.6011964130121479
903.6,0.00296317018,0.6760206746319959,0.6014032988264388
903.7,0.00296352659,0.6757954224387335,0.6016007887654214
903.8,0.002963888825,0.6755490713092096,0.6017797678121706
903.9,0.00296425691,0.6753164740723231,0.6019427819133727
904.0,0.002964628145,0.6750730132080405,0.6020910713698074
904.1,0.002964998805,0.6747812849142282,0.6022311116322524
904.2,0.00296536576,0.6744504877741757,0.6023792666285216
904.3,0.002965728775,0.6741277331113166,0.6025324048190579
904.4,0.002966086665,0.6738466548165999,0.6026801042843922
904.5,0.002966436725,0.6735894589092358,0.6027918777527773
904.6,0.00296677683,0.6732708197327527,0.6028005441502715
904.7,0.00296710444,0.6728983148086314,0.6027226577852036
904.8,0.00296741941,0.6726758272169041,0.6026178906967546
904.9,0.002967719695,0.672682820402151,0.6024824648055993
905.0,0.002968001075,0.6728074850818309,0.6023163574922705
905.1,0.00296825907,0.6730058452419785,0.6021390227551162
905.2,0.002968491605,0.6732378392930753,0.6019269991801995
905.3,0.00296869839,0.6734098163581181,0.6016780235641729
905.4,0.0029688789,0.6734685515743697,0.6013860370314444
905.5,0.00296903202,0.6734358978603283,0.6010349062471009
905.6,0.00296915775,0.6733303529135384,0.6006094931327819
905.7,0.002969257125,0.673139281248347,0.6001246593066942
905.8,0.002969330115,0.6728619854311852,0.5996241973137921
905.9,0.00296937743,0.6725402926266429,0.5991157651003277
906.0,0.00296939919,0.6722230106181862,0.5985964862240677
906.1,0.002969394095,0.6719212103783266,0.5980557339337017
906.2,0.00296936236,0.6716062342988776,0.5974500191621264
906.3,0.0029693036,0.6712369526488188,0.5967665908130791
906.4,0.00296921694,0.6707487428672656,0.5960615256871081
906.5,0.00296910231,0.6700962780554122,0.5954229152988569
906.6,0.00296896023,0.6692736520190696,0.5948949166180275
906.7,0.00296879133,0.6683414535141553,0.5944207038883832
906.8,0.002968597795,0.6674088717349371,0.5939029078438556
906.9,0.002968380715,0.6665506263210883,0.5933117480710443
907.0,0.002968140215,0.6657278180723719,0.592695684893268
907.1,0.0029678778,0.6648639680572289,0.592112120234856
907.2,0.00296759403,0.6639816643268389,0.5915667950422235
907.3,0.002967288785,0.6631450707695585,0.5910496587321531
907.4,0.00296696272,0.66235944641149,0.5905826257983594
907.5,0.00296661792,0.6616491260293281,0.5901940698490522
907.6,0.002966257505,0.6610579851060727,0.5898907258305625
907.7,0.002965883995,0.6605977480655071,0.5896515865411341
907.8,0.002965499535,0.66025672818296,0.5894478963548904
907.9,0.002965107405,0.6600081151067254,0.5892738181926808
908.0,0.002964711845,0.6598155794593575,0.5891769415283407
908.1,0.00296431566,0.659697179115429,0.5891966902080796
908.2,0.00296392374,0.6597445983149423,0.5892914670318902
908.3,0.002963538695,0.6600491128908549,0.589434234825077
908.4,0.00296315903,0.6606120360288956,0.5896203697915725
908.5,0.002962783635,0.6613335656136455,0.5898243948715931
908.6,0.002962413465,0.6620912360802825,0.5900456459324518
908.7,0.002962050755,0.6627921128349278,0.5903228437319228
908.8,0.00296169672,0.6633849125191043,0.5906652547116971
908.9,0.002961350215,0.6638340911535291,0.5910274181411214
909.0,0.00296100975,0.6640959429012059,0.5913515846357191
909.1,0.002960673675,0.6642298061641754,0.5916076665343282
909.2,0.002960341415,0.6644870083547247,0.5918465821423595
909.3,0.002960011405,0.6650570629080892,0.5921510502227008
909.4,0.00295968635,0.665857930273713,0.592540118879929
909.5,0.002959371685,0.6667285849785435,0.5929330064571869
909.6,0.00295906631,0.6675981526923159,0.5933058041777437
909.7,0.00295876757,0.6684217400560104,0.593670246518479
909.8,0.00295847767,0.6691245017662479,0.5939921479247734
909.9,0.00295819793,0.6696899318952263,0.5942392348152968
910.0,0.002957926285,0.6702052473381945,0.5944420321609084
910.1,0.00295765926,0.670751161893609,0.5946449601967744
910.2,0.002957396805,0.6712918111397357,0.594852931117168
910.3,0.002957142045,0.6717424851722639,0.5950764975318124
910.4,0.00295689566,0.6720792010728756,0.5953314924393633
910.5,0.002956655895,0.6723296111401079,0.595633432165937
910.6,0.002956423715,0.6725360954588577,0.5959607584744256
910.7,0.002956199245,0.6727683094214405,0.5962938313841962
910.8,0.00295598263,0.6730750922272488,0.5965852480320174
910.9,0.002955775455,0.6734072716680688,0.5968143618709696
911.0,0.002955576325,0.6736708387253344,0.5970091984207969
911.1,0.00295538659,0.6738298410127179,0.5971568846914422
911.2,0.002955206495,0.6739278461371393,0.597253484895629
911.3,0.002955034995,0.674009414448797,0.5973391542423367
911.4,0.002954874195,0.6740894496632399,0.5974528868079005
911.5,0.002954728035,0.6741560891266078,0.5976142936703012
911.6,0.002954598295,0.6741716525766137,0.5978177721132
911.7,0.00295448592,0.6741240762974677,0.5980075613802701
911.8,0.00295439251,0.6740877783359482,0.5981543843412541
911.9,0.00295432059,0.6741374280662455,0.5982773883750572
912.0,0.0029542727,0.6742452600924874,0.5983835528439185
912.1,0.00295424887,0.6743298631826485,0.5984652342529119
912.2,0.00295424803,0.6743555174282577,0.5985394411846637
912.3,0.00295426574,0.6743256534484927,0.5986468277330673
912.4,0.00295429736,0.6742486341629973,0.5987852035797244
912.5,0.002954341115,0.6741352163850174,0.5989096175603104
912.6,0.00295439469,0.6740066058649647,0.5990025232515365
912.7,0.00295445343,0.6738653410097034,0.5990888385096939
912.8,0.00295451451,0.6736882682813765,0.599159664459432
912.9,0.002954576785,0.6734721204236243,0.599202364358461
913.0,0.002954636555,0.6732437517704495,0.5992184888969149
913.1,0.002954689915,0.6730061405516878,0.5992050108361124
913.2,0.00295473527,0.6727287567699318,0.5991790977232686
913.3,0.002954772565,0.6724025777710801,0.5991650215032248
913.4,0.00295480388,0.67205812098617,0.5991440111598761
913.5,0.002954828965,0.6717227936695112,0.5990914736776116
913.6,0.00295484553,0.6713838598044859,0.5990275856210897
913.7,0.00295485185,0.6709915000147938,0.5989729614929847
913.8,0.00295484679,0.6705177289930766,0.5989251747271309
913.9,0.00295483063,0.6700114550537652,0.5988813268901463
914.0,0.002954805725,0.6695684088082001,0.5988607255821611
914.1,0.002954773205,0.6691575638873342,0.5988960597030545
914.2,0.00295473625,0.6687449659577677,0.5989567263704695
914.3,0.002954698705,0.6684548650089498,0.5989741345636815
914.4,0.002954663985,0.6682462758231221,0.5989340478414218
914.5,0.00295463481,0.668002312304015,0.5988729413510353
914.6,0.00295461246,0.6677813326767615,0.5988199326298728
914.7,0.002954597015,0.6676470107412645,0.5987771221467822
914.8,0.002954589865,0.6675537494217502,0.5986842579245792
914.9,0.00295458931,0.6674402122632493,0.5984977899492625
915.0,0.00295459259,0.667299029089397,0.5982515613418521
915.1,0.00295459615,0.6671674529058794,0.5979831687982705
915.2,0.00295459978,0.6670964026464258,0.5976930571680378
915.3,0.002954602065,0.6671095722028297,0.5973765310267736
915.4,0.00295459915,0.6671637332601775,0.5970496413996637
915.5,0.00295458676,0.6671922463551015,0.596730691205508
915.6,0.002954563305,0.6671946402487036,0.5963943409862811
915.7,0.00295453086,0.6672106121057544,0.596019878221618
915.8,0.00295449066,0.6672414185633154,0.5956200188219432
915.9,0.002954442045,0.6672562154647139,0.5952143217147995
916.0,0.002954382485,0.6672265336973229,0.594849689621868
916.1,0.002954311565,0.6671403032621671,0.5945818104145261
916.2,0.00295422991,0.6670085574326462,0.5944281281001422
916.3,0.002954136085,0.6668739527538103,0.5943428055852633
916.4,0.002954027255,0.6667823376288464,0.5943036757921258
916.5,0.00295390104,0.6667714425855238,0.5943085829598507
916.6,0.002953759005,0.6668448616058382,0.5943079527563644
916.7,0.00295360282,0.6669680937192679,0.5942714185470772
916.8,0.00295343432,0.6670833210546162,0.5942253414359455
916.9,0.00295325475,0.6671447140582527,0.5942359003288543
917.0,0.002953067065,0.6671379784836035,0.5943391475147775
917.1,0.00295287481,0.6671182618481095,0.5945116919514535
917.2,0.00295268192,0.6671307968027973,0.5947122097574357
917.3,0.002952492215,0.6671065185747703,0.5949256533322317
917.4,0.00295230879,0.6670079228309301,0.5951196818644287
917.5,0.00295213485,0.6668956485926761,0.5952877181156467
917.6,0.00295197419,0.6667970025833534,0.5954480869958345
917.7,0.00295183029,0.6667300489607201,0.5955684502068531
917.8,0.00295170534,0.6667435766586864,0.5956129483535171
917.9,0.002951602835,0.6668335770050265,0.5955949149833668
918.0,0.002951525415,0.6669508840747116,0.5955637528975174
918.1,0.002951476725,0.6670920106998961,0.5955360264573939
918.2,0.0029514588,0.6672382832538473,0.5955225119541167
918.3,0.002951473925,0.6673355720951436,0.5955639885169663
918.4,0.00295152309,0.6672994437796274,0.5956619213847567
918.5,0.00295160655,0.6669659574362635,0.5957880481616575
918.6,0.00295172286,0.666057974327523,0.5959361296446586
918.7,0.002951869545,0.6645121913614359,0.5960930006755858
918.8,0.002952043225,0.6632820065101432,0.5962315078408159
918.9,0.00295224021,0.6632997439422654,0.5963479798751735
919.0,0.002952457075,0.6639919687507426,0.5964662495288477
919.1,0.002952691545,0.6645270196787608,0.5965861031735378
919.2,0.002952943745,0.6647592587740848,0.5966830476962793
919.3,0.00295321272,0.6650973255595376,0.5967885166165271
919.4,0.002953498925,0.6659397813287096,0.5969316205601277
919.5,0.002953803005,0.6671766200732425,0.5970769047690301
919.6,0.002954122435,0.668529157392022,0.5971843070253969
919.7,0.00295445417,0.6698623487832405,0.5972485959491415
919.8,0.00295479434,0.6710705047868463,0.5972994658740255
919.9,0.002955138965,0.6720686893038567,0.5973797643539327
920.0,0.0029554837,0.6728997976403639,0.5975054249184836
920.1,0.002955826975,0.6737008095192496,0.5976536119589978
920.2,0.002956168835,0.674563666791114,0.5978146757594806
920.3,0.002956508705,0.6754730447669928,0.5980156993618799
920.4,0.002956844545,0.6763579183201733,0.5982698768270225
920.5,0.002957174015,0.6771711698440377,0.5985745572790271
920.6,0.002957497675,0.6779185044708442,0.5989387929029657
920.7,0.002957817145,0.6786292709591629,0.5993680280789072
920.8,0.002958134215,0.6793465028451628,0.5998298214644734
920.9,0.00295845,0.680107390302677,0.6002587638439795
921.0,0.002958764445,0.6809097090841066,0.600626699007427
921.1,0.002959076905,0.681729551669358,0.6009617907046368
921.2,0.00295938724,0.6825653661116603,0.6012805404651813
921.3,0.00295969655,0.6834053588721918,0.601567746750528
921.4,0.00296000187,0.684185535708599,0.6018267559851719
921.5,0.002960301645,0.6848233167163895,0.6020831030342009
921.6,0.002960597375,0.6852894348184027,0.6023590668160774
921.7,0.00296088941,0.6856404261160324,0.6026528340035221
921.8,0.002961176415,0.6859860515734096,0.6029320518470693
921.9,0.002961456445,0.6863955267598786,0.6031825222328805
922.0,0.002961727015,0.6868425942440403,0.6034322380081365
922.1,0.0029619866,0.6872554560673898,0.6036896205261042
922.2,0.002962233735,0.687592077720222,0.6039415944781594
922.3,0.002962466265,0.6878279233639122,0.6041603002206503
922.4,0.002962682575,0.6879651858301329,0.6043104174556909
922.5,0.002962882095,0.6880333772402717,0.6043821557239356
922.6,0.00296306276,0.6880415139652445,0.6044018604213774
922.7,0.0029632229,0.6879825337047659,0.6044098966153854
922.8,0.00296336214,0.6878564176092803,0.6044009788904788
922.9,0.00296348394,0.6876404205479754,0.6043476849127033
923.0,0.002963590905,0.6872821470385747,0.6042584687078897
923.1,0.00296368512,0.6867146371752596,0.6041581092739337
923.2,0.00296376755,0.6859283028172514,0.6040153672418066
923.3,0.0029638398,0.6849647323680983,0.6038006563485341
923.4,0.002963903795,0.6838121260057933,0.6034940852860706
923.5,0.00296396062,0.6824541348821673,0.6030964350543498
923.6,0.002964011685,0.68099200624526,0.602628696518846
923.7,0.00296405917,0.6795983517618305,0.6021358214722022
923.8,0.002964106565,0.6783800798298801,0.6016349812315446
923.9,0.00296415356,0.6773462193866956,0.6011113719839708
924.0,0.002964201395,0.6764496528256583,0.6005356883248896
924.1,0.00296425034,0.6756336492666295,0.5999361423846488
924.2,0.00296430066,0.674850010395118,0.5993777192639249
924.3,0.00296435405,0.6740669809925814,0.5988744348641828
924.4,0.002964411145,0.6732915542442666,0.5983775436054908
924.5,0.002964469685,0.6725599966957663,0.5978888795496399
924.6,0.00296452759,0.6719101896712978,0.5974404900832895
924.7,0.002964583745,0.6713437982149674,0.5970568080008251
924.8,0.002964638475,0.6708384604702669,0.5967506572834587
924.9,0.00296469388,0.6704030797107765,0.5965204551968113
925.0,0.00296475011,0.670073815667939,0.5963523328659545
925.1,0.002964808615,0.6698643279866123,0.5962234257795552
925.2,0.00296487154,0.6697887224178111,0.5961322209465918
925.3,0.00296493898,0.6698713463046004,0.5960802546058718
925.4,0.00296500852,0.6700900074364756,0.596056116492877
925.5,0.002965078215,0.6703773877660554,0.5960471730069109
925.6,0.002965148285,0.6706755500416223,0.5960504760774269
925.7,0.002965218525,0.6709756161223372,0.5960652371646691
925.8,0.00296528696,0.6713060048553446,0.5960855431629448
925.9,0.002965349665,0.6717342479163261,0.5961020943296809
926.0,0.00296540331,0.6723096745931283,0.5961121285766166
926.1,0.002965446175,0.6729988206408051,0.5961385669637521
926.2,0.002965477125,0.6737752401323984,0.5961977884985463
926.3,0.00296549623,0.6746697269590992,0.5962994567200017
926.4,0.002965503775,0.6756795039530014,0.5964353123810322
926.5,0.00296549763,0.6767530364282155,0.5966158791887084
926.6,0.0029654761,0.6778413155393455,0.5968603956281227
926.7,0.00296544035,0.678890048282152,0.597123416676585
926.8,0.00296539452,0.6798247537780041,0.5973265891283595
926.9,0.002965340515,0.6806156685781012,0.5974667123288505
927.0,0.00296528101,0.6813234945356963,0.5975495511005774
927.1,0.002965216635,0.6820237492549961,0.5975812026465622
927.2,0.002965145355,0.6827372929112207,0.5975925004420631
927.3,0.00296506463,0.6834570443545287,0.5976156671746092
927.4,0.002964972165,0.6841706445594209,0.5976604474362935
927.5,0.00296486751,0.6848270866275739,0.597717238635011
927.6,0.002964748215,0.6853404228671705,0.5977891176466066
927.7,0.00296461196,0.6856276398339322,0.5978693495247496
927.8,0.002964456465,0.6856531369999087,0.5979603042869377
927.9,0.002964281055,0.6854369828589711,0.5980560945885384
928.0,0.00296408627,0.6850724450138193,0.5981293841752354
928.1,0.00296387166,0.6847184629199833,0.5981690524373537
928.2,0.00296363728,0.6844902576296266,0.598176758764133
928.3,0.002963384005,0.6843602710919916,0.5981732847909768
928.4,0.002963113245,0.6842283304837262,0.5981788529497959
928.5,0.00296282822,0.6840227886427724,0.5981664958092523
928.6,0.00296253228,0.6837233760133293,0.5981172312382144
928.7,0.00296222697,0.6833441103818174,0.5980561461106579
928.8,0.002961912875,0.6828978471453749,0.5979699433215175
928.9,0.002961591,0.6823831160386402,0.5978196476440142
929.0,0.002961260845,0.6818047990965967,0.5976055556444944
929.1,0.002960923815,0.6811917549893607,0.5973500775599933
929.2,0.002960582625,0.6805936711463407,0.5970660040708407
929.3,0.002960238215,0.6800426043789746,0.5967594455747478
929.4,0.002959891325,0.6795127245124643,0.5964574147419872
929.5,0.0029595445,0.678955826949133,0.5961952821359273
929.6,0.00295920059,0.6783847419533781,0.5959964230908663
929.7,0.00295886158,0.6778496721758039,0.5958665364558777
929.8,0.002958530335,0.6773439700063557,0.5957825541444249
929.9,0.00295821061,0.6768256135016987,0.5957225151672221
930.0,0.002957904305,0.6762778014243216,0.5956758003127818
930.1,0.0029576118,0.6757191571354749,0.5956396009972715
930.2,0.00295733345,0.6751835155880379,0.5956017448057959
930.3,0.00295707037,0.6746889849220656,0.5955443359699626
930.4,0.002956821495,0.6742067190338131,0.5955074335660165
930.5,0.002956586265,0.6737098321733507,0.5955270446439973
930.6,0.00295636306,0.6733256907900405,0.5955797241262497
930.7,0.002956151435,0.6732281946036289,0.5956670428091007
930.8,0.002955952255,0.6733559380441091,0.5958074971334574
930.9,0.002955765675,0.6735495920984618,0.5959656581023283
931.0,0.00295559107,0.6737522122582477,0.5961049600904995
931.1,0.002955427215,0.673949831002529,0.5962297950445011
931.2,0.002955272315,0.6741265393061082,0.5963399719554996
931.3,0.0029551243,0.6742704996478663,0.596430349292958
931.4,0.00295498201,0.6743455208804341,0.596511244047151
931.5,0.0029548436,0.6743095936268476,0.5965802862005803
931.6,0.002954706905,0.6741375160308398,0.5966382598947726
931.7,0.00295457034,0.6738430231354923,0.5966843256961708
931.8,0.00295443334,0.6735048055535922,0.5967055270483528
931.9,0.002954295185,0.6731749446081505,0.5967026619158528
932.0,0.002954153955,0.6728431987071167,0.5966633869811346
932.1,0.00295400957,0.6724874321886537,0.5966178087549162
932.2,0.002953861265,0.6721397018641985,0.596620758710418
932.3,0.00295370895,0.6718752991432869,0.5966852807403374
932.4,0.002953553225,0.6717582936664966,0.5967939082178392
932.5,0.00295339471,0.6717693018071549,0.5969238155873392
932.6,0.00295323255,0.67177799773562,0.5970374149493745
932.7,0.002953064155,0.671653716330244,0.597115969845359
932.8,0.002952888185,0.671384883963691,0.5971811446982318
932.9,0.002952706195,0.6710495880629587,0.5972156029430935
933.0,0.00295251811,0.6706975097742709,0.5971994941126029
933.1,0.00295232362,0.670328617681701,0.5971498600902688
933.2,0.00295212184,0.6699770546142084,0.5970982518911112
933.3,0.0029519143,0.6696991995935544,0.5970576625140268
933.4,0.00295170443,0.6695193685468775,0.5969956116608888
933.5,0.00295149508,0.6694222116524726,0.5968968286781263
933.6,0.0029512901,0.6693911161683874,0.5967645443796246
933.7,0.00295109037,0.6694371028016507,0.5966241698517213
933.8,0.002950896585,0.6695707712858755,0.5965205764622876
933.9,0.00295071071,0.6697658767560342,0.5964860798899957
934.0,0.00295053336,0.6699737936410339,0.5965169560909137
934.1,0.002950364095,0.6701614786693447,0.5965546520611641
934.2,0.00295020379,0.6703369994509009,0.5965522719905698
934.3,0.00295005101,0.6705335626200506,0.5965166733475749
934.4,0.002949903605,0.6707508917166407,0.596473690705207
934.5,0.00294976009,0.670955158070977,0.5964306376911637
934.6,0.00294961945,0.6711419885860861,0.5963782792796803
934.7,0.002949479125,0.6713198027302792,0.5963273572043584
934.8,0.00294933745,0.67146954360252,0.5963109675154846
934.9,0.00294919287,0.671587158548285,0.5963442263002711
935.0,0.002949045665,0.6717424851722639,0.5964299358593649
935.1,0.002948895735,0.6719979469204832,0.5965718290331569
935.2,0.002948744465,0.6723611275976087,0.596756679088257
935.3,0.002948592965,0.6727910545522524,0.596969300822415
935.4,0.002948440835,0.6731942591197848,0.5971975155375497
935.5,0.00294828487,0.6735049814827808,0.5974693895941099
935.6,0.002948122165,0.6737449991615151,0.5977795640633471
935.7,0.002947952615,0.6739786959558303,0.5980553506593981
935.8,0.00294777529,0.6742455239862702,0.59826742324316
935.9,0.00294758842,0.6745375852889038,0.5984440655732934
936.0,0.00294739302,0.6748765254371144,0.5986034900907296
936.1,0.002947191105,0.6752060910728466,0.5987356839113629
936.2,0.00294698609,0.6754630105200571,0.5988280253725484
936.3,0.00294678088,0.6756610565209394,0.5988800400937954
936.4,0.002946578165,0.6757970560669133,0.5988929953935802
936.5,0.002946380705,0.6758527125223643,0.598869897147754
936.6,0.00294618983,0.6758132604018205,0.5988223654792236
936.7,0.00294600788,0.6756837199703425,0.5987765246158595
936.8,0.002945837965,0.6754984853843016,0.5987388820526842
936.9,0.00294568384,0.6752703994744655,0.5986714565628344
937.0,0.00294554818,0.6749640376420728,0.598558406351195
937.1,0.002945431515,0.6745300140506088,0.598415614681904
937.2,0.00294533328,0.6739544994092123,0.5982417645993211
937.3,0.002945253135,0.6732267494710082,0.5980259013698632
937.4,0.002945188135,0.6723203183090386,0.5977699244004487
937.5,0.002945137225,0.6712475963647291,0.5975050919096623
937.6,0.0029451008,0.6700755058447866,0.5972777524422408
937.7,0.00294508153,0.6688492102851991,0.5970863590779618
937.8,0.002945081075,0.6675997800373106,0.5969078720046223
937.9,0.002945098845,0.666399050758738,0.5967393519481354
938.0,0.002945133575,0.665283345543742,0.5965828170676221
938.1,0.00294518395,0.6642800088147797,0.5964567587774412
938.2,0.002945251885,0.663429743046271,0.5963302575226962
938.3,0.002945338775,0.6626975069137575,0.5961735102705193
938.4,0.00294544338,0.6619966678582241,0.5960175038058905
938.5,0.002945565385,0.661294402519626,0.5958775012425572
938.6,0.002945704915,0.6606159127542302,0.5957190078931837
938.7,0.00294586182,0.6599718171452059,0.5955199829720306
938.8,0.002946035995,0.6593539538348391,0.5953052764769876
938.9,0.00294622953,0.6587574722040727,0.5950859355044623
939.0,0.00294644216,0.6582135808343272,0.59485929347061
939.1,0.002946669695,0.6577925822860049,0.5946217903226356
939.2,0.002946907045,0.6575290277951099,0.5943788113786661
939.3,0.0029471509,0.657380323648445,0.5941397185848091
939.4,0.002947399145,0.657304171442522,0.5939038289588215
939.5,0.00294764908,0.6572910018861181,0.5936753132791106
939.6,0.00294789946,0.6573023807347094,0.5934446430951579
939.7,0.0029481491,0.6573202815296495,0.5932158019464481
939.8,0.002948396215,0.6574353015198828,0.5929868012048314
939.9,0.002948639165,0.6576828967200975,0.5927541304546768
940.0,0.00294887502,0.6579879265172051,0.5925237071999067
940.1,0.002949100215,0.6583563787868035,0.5923053558290672
940.2,0.00294931044,0.6588646570622277,0.5921225383844139
940.3,0.002949503275,0.6595334330231387,0.5919821814494294
940.4,0.00294967503,0.6603557449002158,0.5918922451915796
940.5,0.002949824885,0.661329318180378,0.5918855077319747
940.6,0.002949954235,0.6623997656116062,0.5919584787611766
940.7,0.002950064155,0.6634782555200276,0.5920749872380091
940.8,0.002950155215,0.664516570741595,0.5922166498189003
940.9,0.002950228285,0.6655106397722292,0.5923907763616367
941.0,0.002950285415,0.6664391940296654,0.5926030921046702
941.1,0.002950328415,0.6672647605967317,0.5928434729515152
941.2,0.00295035868,0.6680101348697224,0.5931154494239959
941.3,0.002950377195,0.6687281081715886,0.5934501276876126
941.4,0.002950385385,0.6694146843964746,0.5938542056179026
941.5,0.002950386885,0.6700547022182346,0.5942964463591113
941.6,0.002950384815,0.6706712963251693,0.5947315889858786
941.7,0.002950381,0.6712767440613691,0.5951310500316049
941.8,0.00295037656,0.6718438957831218,0.5954846764971524
941.9,0.0029503718,0.6723308363612428,0.5957702083136148
942.0,0.002950366545,0.6727576342896037,0.5959908285426688
942.1,0.00295036094,0.6732127002686614,0.5961772292879027
942.2,0.002950356975,0.6737574650011645,0.5963598783431898
942.3,0.0029503573,0.6743575468971119,0.5965583516006729
942.4,0.002950362915,0.6749560642799179,0.5967593532119237
942.5,0.00295037582,0.6755515657337765,0.5969139509864069
942.6,0.002950395395,0.6761652067436169,0.5970375946484743
942.7,0.002950420145,0.6767888066021691,0.5971902050514447
942.8,0.002950449375,0.6773754613311153,0.5973729364164594
942.9,0.00295048251,0.6778939372162931,0.597536352641521
943.0,0.0029505192,0.6783353686832343,0.5976641199581055
943.1,0.002950558035,0.6786882135205295,0.5977868626113998
943.2,0.00295059775,0.6789581077453994,0.5979066622206962
943.3,0.002950637085,0.6791651764003829,0.5979650600298968
943.4,0.002950674305,0.6793009434685005,0.5979388371560173
943.5,0.00295070698,0.6793649439940393,0.597859856260069
943.6,0.002950734985,0.6793474830220707,0.5977741605239828
943.7,0.002950756965,0.6792172388738382,0.5977005442116498
943.8,0.002950770305,0.6789717673902573,0.597628262447876
943.9,0.00295077272,0.6786333047641302,0.5975382677564027
944.0,0.00295076137,0.6781807206432687,0.597425570031459
944.1,0.00295073513,0.6775932993657152,0.5972620916028627
944.2,0.00295069378,0.6769287457053307,0.5970396040111355
944.3,0.00295063702,0.6762279694816503,0.5967431168327715
944.4,0.002950561635,0.675468571139054,0.5963792267840247
944.5,0.00295046227,0.6746699531537702,0.5959848965874202
944.6,0.002950336265,0.6739058172894523,0.5955876007273508
944.7,0.002950181855,0.6732570721233007,0.595234848881198
944.8,0.00295000102,0.6728102245506247,0.5949485216134758
944.9,0.002949795915,0.6726005735064801,0.5947313954637711
945.0,0.00294956695,0.6725693146595768,0.5945689738669435
945.1,0.002949314305,0.6726331581054831,0.5944484611161147
945.2,0.00294903876,0.6727380747337424,0.5943744068657657
945.3,0.002948742425,0.6728365573802471,0.5943488512661659
945.4,0.00294842758,0.672895135516866,0.5943721053349877
945.5,0.00294809837,0.6729542979897184,0.5944130930660206
945.6,0.002947756525,0.6730966686855937,0.5944280866311191
945.7,0.002947400735,0.6733409149480397,0.5944688356011103
945.8,0.002947033765,0.6736588566909536,0.5946060308372482
945.9,0.002946660855,0.6740432179857497,0.5948421824720629
946.0,0.002946284535,0.6744808292760242,0.5951245299702117
946.1,0.00294590798,0.6749294172910302,0.5954154961136463
946.2,0.00294553351,0.6753243343371423,0.5957024410184842
946.3,0.00294516192,0.675588617677533,0.5959895398613622
946.4,0.002944793035,0.675703141296127,0.5962665749263338
946.5,0.002944429895,0.6757788788118196,0.5964816697222286
946.6,0.002944073115,0.6759290909229584,0.5966551340172336
946.7,0.002943719965,0.6761229648887968,0.5967915287755633
946.8,0.00294336801,0.6762313812512721,0.5968821228829149
946.9,0.00294301415,0.6761847662994781,0.5969358472588839
947.0,0.002942655155,0.6759983190586729,0.5969388185772156
947.1,0.00294228913,0.6756939427128372,0.5968852531658349
947.2,0.002941914265,0.6752900909772183,0.596800776996017
947.3,0.00294152812,0.6748185944685822,0.5967131799680568
947.4,0.002941127015,0.6743044162821545,0.5966155047108642
947.5,0.00294071003,0.6737164232347379,0.5964691982277124
947.6,0.00294027526,0.6730204662141882,0.5962739928549075
947.7,0.00293982206,0.6722501225627868,0.5960688097838347
947.8,0.002939350425,0.6715088260770604,0.5958895090379979
947.9,0.00293886134,0.6708714409099442,0.5957321309540162
948.0,0.002938354795,0.6703298366196506,0.5955831239578194
948.1,0.002937831695,0.6698701022339096,0.5954510689955814
948.2,0.00293729487,0.6695663667729753,0.5953539535701995
948.3,0.00293674703,0.6695119543882151,0.5953081491493102
948.4,0.002936192025,0.6697177349902106,0.5953100969367553
948.5,0.002935634005,0.6700973838960262,0.5953438024560171
948.6,0.00293507649,0.6705452367783514,0.5953862240099371
948.7,0.002934522805,0.6710260575339833,0.5954723991530622
948.8,0.002933976365,0.671568748815335,0.5956506807662423
948.9,0.002933439555,0.6722364943338556,0.5958546643772398
949.0,0.002932914065,0.6730275976295118,0.5960325646010717
949.1,0.002932401775,0.6738270512784414,0.5962307544868976
949.2,0.002931907895,0.6745358322802032,0.5964772664659653
949.3,0.0029314358,0.6751816871811135,0.5967213273744447
949.4,0.0029309864,0.6758411954436963,0.5969373659047726
949.5,0.00293056053,0.6765238698105066,0.5971498198778828
949.6,0.002930158755,0.6771507180758627,0.5973749991861956
949.7,0.002929781325,0.6776341463533971,0.5976175464753346
949.8,0.002929426575,0.6779689521656754,0.5978740952146121
949.9,0.002929095295,0.6782006257743218,0.5981277964143082
950.0,0.002928786805,0.6783620408048633,0.5983723744289385
950.1,0.002928499695,0.6784858384049706,0.5986255113985942
950.2,0.002928234245,0.6786056901647051,0.5988809279078793
950.3,0.002927991925,0.6787212944911719,0.5991045175703094
950.4,0.002927772705,0.6788125326250175,0.5993100261103811
950.5,0.00292757447,0.678883275008391,0.5995131212789762
950.6,0.002927395235,0.6789594209311287,0.5996716127433941
950.7,0.002927232145,0.6790580732236368,0.599766292806151
950.8,0.002927083095,0.6791882671063868,0.599819792244086
950.9,0.0029269466,0.6794044652296215,0.5998424808262303
951.0,0.00292682227,0.6797820909497683,0.5998367021807033
951.1,0.00292670968,0.6803037084275998,0.5998031744755856
951.2,0.002926608475,0.6808611966103498,0.5997366437113235
951.3,0.00292651802,0.6813591264795733,0.5996452761438605
951.4,0.0029264391,0.6817876145847817,0.5995253433310357
951.5,0.002926373595,0.6821639585351258,0.5993814797503313
951.6,0.002926321965,0.6824783816942677,0.5992297244888811
951.7,0.00292628473,0.6826777094649527,0.599051236787223
951.8,0.002926262165,0.6827156159219109,0.5988198239307669
951.9,0.002926252255,0.6825721079694949,0.5985741105445518
952.0,0.002926253065,0.6822526079966248,0.5983888055868353
952.1,0.0029262639,0.6817678288342494,0.598268976446568
952.2,0.00292628287,0.6811559785322215,0.5981471844392107
952.3,0.002926307085,0.6805046007114263,0.5979970332749694
952.4,0.002926334075,0.6799057503197989,0.5978542912428424
952.5,0.002926360185,0.6793810038156844,0.5977519475789664
952.6,0.00292638472,0.6788858825302935,0.5976832836732924
952.7,0.002926408735,0.6783848110684165,0.5976226352271149
952.8,0.00292643274,0.6778808996067807,0.5975891452211092
952.9,0.002926455675,0.6773772017734453,0.5975983042203313
953.0,0.002926476985,0.6768440735001311,0.5975894549821448
953.1,0.002926495165,0.6762434324006913,0.5975209802003486
953.2,0.00292651076,0.6755516913974827,0.5974380233047378
953.3,0.00292652719,0.674782158276986,0.5973701862662504
953.4,0.00292654966,0.6739713194962796,0.5973046155727032
953.5,0.0029265827,0.67316501089218,0.5972503137720044
953.6,0.002926629415,0.6724073341423578,0.5972449686662636
953.7,0.00292669113,0.6717595942858553,0.5972767999113483
953.8,0.00292677012,0.6712761974242474,0.5973036944577371
953.9,0.00292686786,0.6709332234710698,0.5973117199703301
954.0,0.002926984595,0.6706602504853993,0.5973152944744513
954.1,0.002927120645,0.6704123599754752,0.5973213030845604
954.2,0.002927274445,0.670155283448632,0.5973386434193713
954.3,0.002927443865,0.669845132855499,0.5974079262187979
954.4,0.00292762731,0.6695048732383739,0.5975319619516285
954.5,0.002927823275,0.6692434424641127,0.5976264993860788
954.6,0.00292802948,0.6691500366313362,0.5976471145170716
954.7,0.002928243225,0.6691976820255205,0.5976226735545452
954.8,0.002928463025,0.6692826746731707,0.5975542697727431
954.9,0.002928686875,0.6693467882960452,0.5974288259780852
955.0,0.002928911755,0.6694358335982186,0.5973015399534953
955.1,0.002929135765,0.6696309265020065,0.5972031936521118
955.2,0.00292935726,0.669969150367092,0.5971116627218309
955.3,0.00292957334,0.6704532006799718,0.5970169261104064
955.4,0.00292977985,0.6710395852319496,0.5969470809658947
955.5,0.002929973785,0.6716121279266958,0.5969459826651029
955.6,0.002930152035,0.6720606782425901,0.5970183706147084
955.7,0.002930313285,0.672364244057521,0.5970892304936471
955.8,0.002930456975,0.6725747496148675,0.5971103237750419
955.9,0.002930581995,0.6727518411927504,0.5970672638494947
956.0,0.002930685645,0.6729270980805235,0.5969418395327114
956.1,0.002930766985,0.6731091031093166,0.5967552854777559
956.2,0.00293082649,0.6733119557469589,0.5965468395485533
956.3,0.00293086655,0.6735443267891743,0.5963288029652976
956.4,0.00293088902,0.6738107778284959,0.5961216432041272
956.5,0.002930894775,0.6741209095720729,0.5959545180147785
956.6,0.00293088459,0.6744869993639958,0.5958357262284054
956.7,0.002930858975,0.6748877597724436,0.5957458955280687
956.8,0.00293082077,0.675292805313271,0.5956621287298719
956.9,0.002930773905,0.6756858248374203,0.5955953648594349
957.0,0.002930718135,0.6760707264861529,0.5955724230649228
957.1,0.002930652355,0.6764476045072482,0.59556880646346
957.2,0.002930576175,0.6768085295208485,0.5955876717273447
957.3,0.0029304896,0.6771658668356384,0.595650358438836
957.4,0.002930392655,0.6775396535295625,0.5957455172803132
957.5,0.002930286275,0.6779111531440347,0.5958728397473778
957.6,0.002930171525,0.6782332040901395,0.5960034294708023
957.7,0.00293004929,0.6784909654841813,0.5960705288633348
957.8,0.00292992226,0.6787589056384207,0.5960836022870034
957.9,0.002929792605,0.6791622421528445,0.5961275123275226
958.0,0.00292966222,0.6797796593570545,0.5962190388595737
958.1,0.00292953379,0.6805936899958966,0.5963271228415463
958.2,0.002929409645,0.6815217227489524,0.5964546495121336
958.3,0.002929290575,0.6824931974452221,0.5966165489762623
958.4,0.00292917733,0.683489327360637,0.5968219042066124
958.5,0.00292907062,0.6845215164765298,0.5970803642908603
958.6,0.00292897277,0.6855745846171984,0.5973518487899314
958.7,0.00292888605,0.6865955016986502,0.5976136314225697
958.8,0.00292881022,0.687535051530374,0.5978996124867816
958.9,0.00292874344,0.6883789272994253,0.5982300075029743
959.0,0.0029286847,0.6891178864402174,0.5985512108473812
959.1,0.00292863694,0.6897922858519783,0.5988120359225787
959.2,0.0029285991,0.6904921635801596,0.5990448474160842
959.3,0.002928568375,0.6912079691830948,0.5992370940369279
959.4,0.00292854159,0.6917910047973039,0.59933158371917
959.5,0.00292851513,0.6921991730812289,0.5993228909322974
959.6,0.0029284848,0.6925540662369343,0.5992854481744149
959.7,0.002928446905,0.6929130246135335,0.5992690741935044
959.8,0.00292839847,0.6932240360030535,0.5992486293368334
959.9,0.002928335535,0.6934304072244679,0.5992094813224584
960.0,0.002928253815,0.6934981085461528,0.5991517112034701
960.1,0.00292815019,0.6934157422699609,0.5990618151580062
960.2,0.002928021625,0.6931782818476466,0.5989416976195332
960.3,0.002927866725,0.6927921612609645,0.5988188186211177
960.4,0.00292768469,0.6923121510362373,0.5986929161539325
960.5,0.00292747614,0.6918342833776997,0.5985226625666195
960.6,0.00292724314,0.6914260145628098,0.5982911334712352
960.7,0.002926986695,0.6910783030879105,0.5980272233520518
960.8,0.00292670667,0.6907274186044311,0.5977685144536659
960.9,0.002926403175,0.6903151725332417,0.5975182243952728
961.0,0.00292607688,0.6898140131067705,0.5972351763219623
961.1,0.00292572725,0.6892266797938112,0.5969039468987608
961.2,0.002925353425,0.6885826847157518,0.5965654855292708
961.3,0.002924953975,0.687875945749215,0.5962479126093343
961.4,0.00292452793,0.6870613810396217,0.5959411090690145
961.5,0.00292407546,0.6861102073150795,0.5956312801749692
961.6,0.002923597865,0.6850521314757211,0.5953149613788201
961.7,0.00292309751,0.6839518012151719,0.5949988788304387
961.8,0.002922577255,0.6828756298021288,0.5946862400959241
961.9,0.00292204011,0.6818428375004465,0.5943743182728529
962.0,0.00292148807,0.6808335820109248,0.59407133051097
962.1,0.002920923535,0.6798350330691666,0.5938015066577756
962.2,0.00292034995,0.678869653062645,0.5935891199147483
962.3,0.002919769305,0.6779714968557249,0.5934213456723575
962.4,0.002919181595,0.6771629200217293,0.5933004031516537
962.5,0.002918589045,0.6764650214969196,0.5932126377343273
962.6,0.00291799412,0.6759059311019161,0.5931395008290332
962.7,0.00291739774,0.6754914042344603,0.5930422792178197
962.8,0.00291679938,0.6751222419649222,0.592918443290282
962.9,0.002916198445,0.6746489484652883,0.5928120683347129
963.0,0.002915594885,0.6741084688651647,0.5927452780748976
963.1,0.00291498863,0.6736810174855321,0.5927156905552861
963.2,0.002914379555,0.6734274972415726,0.5927555303483633
963.3,0.002913771065,0.6732569590259652,0.592890430965227
963.4,0.00291316707,0.6730752116077697,0.5930884216740786
963.5,0.00291256936,0.6728355143714861,0.5933025557709399
963.6,0.00291197928,0.67255240032473,0.5935433883788085
963.7,0.00291139796,0.6722721765432149,0.5938323344781669
963.8,0.00291082919,0.6720215339981263,0.5941264736301815
963.9,0.002910275615,0.6717749818066726,0.5943730189101314
964.0,0.002909738105,0.6714961968745929,0.5945756560345177
964.1,0.00290921906,0.6712679099028273,0.5947715575842547
964.2,0.002908721435,0.671202941766751,0.5949982882110197
964.3,0.002908247315,0.6712725091944721,0.5952534559061667
964.4,0.002907798045,0.6714140442267016,0.5955071495660406
964.5,0.00290737536,0.6716173052713889,0.5957835393478811
964.6,0.002906981,0.6718677907368449,0.5960748466682778
964.7,0.00290661559,0.672126563723721,0.5963075928166561
964.8,0.002906277885,0.6723691889243578,0.5964466830614825
964.9,0.002905965165,0.6726055497892434,0.5965101224985736
965.0,0.002905675415,0.6728460889723581,0.5965144767459915
965.1,0.002905406675,0.6730856228458237,0.5964536775033665
965.2,0.00290515655,0.6733117358354731,0.5963009376667787
965.3,0.002904922105,0.6735475751959782,0.5960396985296694
965.4,0.002904701115,0.6738361493307663,0.59572135717617
965.5,0.00290449324,0.6741599218696452,0.5954277866524256
965.6,0.00290429865,0.6744420243235669,0.5951628159315624
965.7,0.002904114995,0.6746084973182807,0.5948962945205655
965.8,0.002903940195,0.6746274474051672,0.5946552514259891
965.9,0.0029037723,0.67457360679027,0.5944500884611094
966.0,0.002903611625,0.6745644459060921,0.5942415715319126
966.1,0.002903458355,0.6746187954589992,0.5940123326575728
966.2,0.00290331322,0.6746966943904377,0.5937778341288124
966.3,0.00290317579,0.6747848223475561,0.5935383316712732
966.4,0.0029030472,0.674881916410108,0.5933111065578245
966.5,0.002902929995,0.6749704087919742,0.593151666332425
966.6,0.002902826345,0.6750208879027322,0.5930839028072057
966.7,0.00290273769,0.6750204669293166,0.5930867641697946
966.8,0.00290266579,0.6749693029513602,0.5931585131194543
966.9,0.002902611135,0.674863877385091,0.5933006613905698
967.0,0.00290257276,0.6746959906736831,0.5934647053058437
967.1,0.002902549265,0.6744676408700644,0.593580330366822
967.2,0.00290253946,0.6741619199225729,0.5936388387600839
967.3,0.002902542545,0.6737895595117136,0.5936899191716758
967.4,0.002902559265,0.6733571695484294,0.5937359045483019
967.5,0.002902589605,0.6728243931334924,0.5937526310159081
967.6,0.0029026318,0.6722206355741401,0.5937622135018201
967.7,0.00290268388,0.6715946983706537,0.593780393270188
967.8,0.002902743455,0.6709405245323967,0.5938037547814786
967.9,0.002902808965,0.6703115022849243,0.5938250554079885
968.0,0.0029028789,0.669825868609347,0.5938383210971274
968.1,0.00290295059,0.6695331601386267,0.5938293348855012
968.2,0.002903019815,0.6693866425404487,0.5937725813858955
968.3,0.0029030795,0.669255575294941,0.5936594073955055
968.4,0.00290312382,0.6689948670869901,0.5934915100026827
968.5,0.002903148045,0.6685926678291069,0.5932789404189629
968.6,0.002903148345,0.6681510918489036,0.5930614234551321
968.7,0.00290312189,0.6677950740030283,0.5928944566020533
968.8,0.00290306614,0.6676509628648228,0.5927773549925278
968.9,0.00290297948,0.6678120825856547,0.5927026045652468
969.0,0.00290286032,0.6682909178547297,0.5926738181517619
969.1,0.00290270918,0.6689937172640789,0.5926681249575552
969.2,0.002902525325,0.6697884019753604,0.5926946129818546
969.3,0.00290230825,0.6705480893444808,0.5927359626243611
969.4,0.00290205845,0.6711763450433457,0.5927651247723273
969.5,0.002901776,0.6716214961559888,0.592770384426748
969.6,0.00290146197,0.6718737786124426,0.5927119658830359
969.7,0.002901118435,0.6720010570972103,0.5925569364537222
969.8,0.00290074724,0.672097208681966,0.5923259514821856
969.9,0.00290034934,0.6721948305320836,0.5920544167176319
970.0,0.002899925645,0.6722658556587959,0.5917556983801654
970.1,0.00289947621,0.6722883494621957,0.5914580877682685
970.2,0.002899002725,0.6722820788432591,0.5912144277270116
970.3,0.002898507725,0.6722730813218992,0.5910503322896181
970.4,0.002897993125,0.6722313169891624,0.5909275217779225
970.5,0.00289746161,0.67208552824048,0.590788881409164
970.6,0.00289691589,0.6717958859641895,0.5906391034661299
970.7,0.002896360685,0.6713203807833276,0.590483935178421
970.8,0.00289579939,0.6707222341084547,0.5903396575358049
970.9,0.002895234125,0.670318533169283,0.5902197555105879
971.0,0.002894667295,0.67026498158091,0.590148913224568
971.1,0.00289410118,0.6703490882994319,0.5901530035782029
971.2,0.00289353828,0.6703979966138629,0.5902144361659069
971.3,0.00289298233,0.6703794612172067,0.5903078168659421
971.4,0.00289243717,0.6703109682141732,0.5904454468985033
971.5,0.002891905955,0.6702251336196917,0.5906185649899979
971.6,0.00289139062,0.6701336190256927,0.5908021910806002
971.7,0.002890891485,0.6700122655846699,0.5909972186392609
971.8,0.002890409755,0.6698106256017918,0.5911972017461734
971.9,0.00288994688,0.6694916785492289,0.5913725428286297
972.0,0.002889506475,0.6690808901770307,0.5914772715896482
972.1,0.002889089575,0.6686665769378752,0.5915424169115502
972.2,0.00288869471,0.6683292829842152,0.5916318718774055
972.3,0.002888321725,0.6680862933588306,0.5917420198857516
972.4,0.002887970595,0.6679188653199504,0.5918691670519461
972.5,0.002887641045,0.6678221985139994,0.5920441474795659
972.6,0.00288733225,0.6678062769224309,0.5922567830367315
972.7,0.002887044075,0.6678436304590821,0.5924630185413432
972.8,0.00288677474,0.6678677893065882,0.5926326695711852
972.9,0.00288652187,0.6678293801948055,0.5927666811173279
973.0,0.002886285165,0.6677489114405765,0.5928586066316461
973.1,0.00288606538,0.6676990794979052,0.5928878988415482
973.2,0.002885861035,0.6677623700235044,0.5928466327654062
973.3,0.002885669955,0.6679779398282084,0.5927536453927711
973.4,0.00288549145,0.6683269833383928,0.5926533538172165
973.5,0.00288532433,0.6687722224156302,0.5925809646109739
973.6,0.00288516816,0.669260853170599,0.5925205291647783
973.7,0.00288502218,0.6697186209193389,0.59243338892439
973.8,0.002884884105,0.6700877769056915,0.5923277271103533
973.9,0.002884752565,0.6703857946679964,0.5922208092875737
974.0,0.00288462812,0.6706816698641115,0.5921114058366866
974.1,0.002884511265,0.6710183354992407,0.5920107485797471
974.2,0.00288440193,0.6713789400703903,0.5919297011441512
974.3,0.00288429845,0.6717288003946648,0.5918759063965067
974.4,0.00288420094,0.6720504680664658,0.591828376612932
974.5,0.00288410928,0.6723213676009849,0.5917616686628442
974.6,0.002884022895,0.6725273555480955,0.5916956782525186
974.7,0.002883940825,0.6726972026133191,0.5916655811665786
974.8,0.00288386281,0.6728392905658558,0.5916936198810119
974.9,0.00288379035,0.672923610912678,0.5917795166790278
975.0,0.002883725745,0.6729472859549155,0.5918962211912419
975.1,0.00288366994,0.672953657104817,0.5920300209940397
975.2,0.00288362101,0.6729920787829704,0.5921674531062637
975.3,0.00288357769,0.6730856668281209,0.5922695492126385
975.4,0.00288353874,0.6732251598251255,0.5923154635892708
975.5,0.002883501815,0.6734003601642309,0.5923343087469627
975.6,0.00288346724,0.6736107023587594,0.5923688436466851
975.7,0.00288343767,0.6738387694190394,0.592443573967773
975.8,0.002883415475,0.6740321030309413,0.5925440703751687
975.9,0.002883401335,0.6741746559391906,0.5926564652505806
976.0,0.00288339515,0.6742995405303561,0.5928042834681173
976.1,0.002883396955,0.674390866628796,0.5930184207065712
976.2,0.002883405945,0.6743763838866629,0.5933023364877728
976.3,0.002883422515,0.674235332659702,0.5936262786726549
976.4,0.002883448595,0.6739677569302104,0.5939507926274001
976.5,0.002883486285,0.6736007183773063,0.5942495562038009
976.6,0.00288353793,0.67323946663807,0.5945057417749676
976.7,0.002883604345,0.6729681901124326,0.5947304888001314
976.8,0.002883685225,0.6727760126066271,0.594958609895805
976.9,0.002883780115,0.6726630472179893,0.5952104255115905
977.0,0.002883888995,0.6726510400508673,0.5954646306227483
977.1,0.002884011165,0.6727243082747343,0.5957463573421888
977.2,0.002884147205,0.6728482566712891,0.5960922259588375
977.3,0.002884296775,0.6730020062157558,0.5965093477818252
977.4,0.002884458025,0.6731954969072903,0.5969580212481514
977.5,0.00288463065,0.6734556396285635,0.5973639351251883
977.6,0.00288481215,0.673790326060321,0.5977054972466275
977.7,0.002884999065,0.6741672983291959,0.5980004192835314
977.8,0.0028851899,0.6745466330757462,0.598254707961054
977.9,0.002885384815,0.6748984411874658,0.5984825683045373
978.0,0.0028855815,0.6752008320467445,0.5986927044105876
978.1,0.00288577967,0.6754265617620901,0.5988528175651335
978.2,0.00288597993,0.675571785024095,0.5989579654146121
978.3,0.002886182585,0.6756564697956652,0.5990179340201394
978.4,0.00288638681,0.6756968329780786,0.599032827054273
978.5,0.002886589155,0.6756787688203204,0.5990152014628493
978.6,0.002886787035,0.6755860164388158,0.5989419351239379
978.7,0.00288697588,0.6753855702611462,0.5988057621620495
978.8,0.002887151515,0.6750083655144149,0.5986152547268987
978.9,0.00288731094,0.6743460486679999,0.5983525635456649
979.0,0.00288744998,0.6732922139787237,0.5979976798147375
979.1,0.00288756717,0.671782741540527,0.5975756671603066
979.2,0.002887663485,0.6699226233798923,0.5971205301812549
979.3,0.00288773908,0.6681052560120878,0.5966295155857806
979.4,0.00288779423,0.6668123524050588,0.5961201176467346
979.5,0.00288782787,0.6661893494491108,0.5956176343531191
979.6,0.00288783814,0.6660055411461345,0.5951388713406753
979.7,0.002887822315,0.6659876717671208,0.5946690009203968
979.8,0.00288777843,0.6659970399964139,0.5941982062435595
979.9,0.002887705555,0.6659642920345928,0.5937031540732068
980.0,0.00288760207,0.6658121698351208,0.5931661993400406
980.1,0.002887466215,0.6654822900401233,0.5926237223153078
980.2,0.002887299685,0.6649816395516618,0.5921117928809014
980.3,0.002887106005,0.6643809670362955,0.5916493944245902
980.4,0.00288688714,0.663753496735594,0.5912550070509995
980.5,0.00288664608,0.6631509141318942,0.5909266999372843
980.6,0.002886384575,0.6626613346159441,0.5906735522862137
980.7,0.002886105605,0.6623417718112209,0.5904904156557467
980.8,0.002885812865,0.6621328496165719,0.5903630793656744
980.9,0.002885509015,0.6619541998087329,0.5902825766822447
981.0,0.002885195545,0.6617634423028069,0.5902159353339211
981.1,0.00288487381,0.6615925773615635,0.590154642232931
981.2,0.00288454619,0.6615353626761563,0.5901230308993322
981.3,0.00288421496,0.6616826908052391,0.5901250459168601
981.4,0.002883881725,0.6620327144923315,0.5901329086949535
981.5,0.00288354665,0.6624910540109342,0.5901188927934888
981.6,0.002883209565,0.6629740613150531,0.5900995085384976
981.7,0.00288286953,0.6634462426908876,0.590117158634344
981.8,0.002882527865,0.6638688874337603,0.5901612496306001
981.9,0.002882186665,0.664216115103391,0.5901960842382616
982.0,0.002881847685,0.6644936559647797,0.5902078790337203
982.1,0.00288151347,0.6647332275373572,0.5902228939616488
982.2,0.002881186915,0.6650305855652048,0.5902936828405937
982.3,0.002880872485,0.6654314402214322,0.5904027639640745
982.4,0.00288057595,0.665837723549765,0.590515581069539
982.5,0.002880301085,0.6661940869708324,0.5906692790918863
982.6,0.002880052145,0.6665672453462258,0.5908889229139433
982.7,0.00287983233,0.6670361657488858,0.5911658216337937
982.8,0.002879644545,0.667626339061604,0.5914980287206291
982.9,0.00287949313,0.66828969891678,0.591874520325828
983.0,0.00287937974,0.6689607556739574,0.5922590908506947
983.1,0.00287930456,0.6696235437592706,0.5926323956243058
983.2,0.002879267035,0.6703081407807849,0.5930087282649164
983.3,0.002879266345,0.6710395663823937,0.5934157083984999
983.4,0.002879301205,0.6716677341166644,0.5938665891478245
983.5,0.002879369825,0.6720649193926723,0.5943446233107728
983.6,0.00287946896,0.6725185653718507,0.5948352263576093
983.7,0.00287959622,0.673003237720076,0.5953389329874041
983.8,0.002879749945,0.6732817964574844,0.5958418598739023
983.9,0.002879929055,0.6736309153658926,0.5963081639582005
984.0,0.002880131985,0.6741776027530997,0.5967064217739405
984.1,0.00288035754,0.6746984097000265,0.5970426299931794
984.2,0.002880602795,0.6750462719713731,0.5973378347734223
984.3,0.00288086493,0.6752795289427169,0.5976153561569365
984.4,0.00288114377,0.675528808036594,0.5978757074799619
984.5,0.002881441395,0.6758281264182573,0.5980886515415261
984.6,0.0028817564,0.6761333070118124,0.5982234692203436
984.7,0.002882084855,0.6764079450415892,0.598253861615993
984.8,0.002882421185,0.6766167478557173,0.598204606469733
984.9,0.00288276014,0.6767193585549689,0.5981114494510946
985.0,0.00288309863,0.6767592190825577,0.5979497177480136
985.1,0.00288343461,0.6767958940351957,0.597692447699063
985.2,0.00288376608,0.6768310673065453,0.5973611786917941
985.3,0.002884092135,0.6768903931422157,0.5969623560176949
985.4,0.002884411735,0.676975040214674,0.5965173267988468
985.5,0.00288472297,0.6770129341052615,0.59603329659216
985.6,0.00288502203,0.676943806500512,0.5955146202733708
985.7,0.002885305795,0.6767904842126462,0.5949582611790204
985.8,0.002885571995,0.6766390217476314,0.5943717924323595
985.9,0.00288581797,0.6765441770654195,0.5937924896585414
986.0,0.002886041815,0.6764654173375939,0.5932309500779052
986.1,0.002886240905,0.6763625050454477,0.5926959902560739
986.2,0.002886412545,0.6762587005409878,0.5922149803765642
986.3,0.002886555725,0.6761735885128167,0.5917982751287624
986.4,0.002886668985,0.6760888911748759,0.5914300591069316
986.5,0.0028867501,0.6760120226858278,0.5910814328002516
986.6,0.00288679876,0.6759706981760626,0.5907630455794994
986.7,0.00288681459,0.6759762022463917,0.5905178097153675
986.8,0.00288679638,0.6760341080821827,0.5903476616855676
986.9,0.002886742705,0.6761183153316694,0.5902190706433894
987.0,0.00288665364,0.6761858847064629,0.5901173691210518
987.1,0.002886529495,0.6762398509850662,0.5900784510712592
987.2,0.002886372915,0.676267151425226,0.5901422392251348
987.3,0.002886188615,0.6761931480686779,0.5903096025472064
987.4,0.002885981865,0.676021453746974,0.5905306161036605
987.5,0.002885758225,0.6758765195114933,0.59075516395185
987.6,0.002885521115,0.6757979985447095,0.5909857744455425
987.7,0.002885272615,0.6757358955411333,0.5912223960626182
987.8,0.00288501609,0.6756873705010059,0.5914843860403716
987.9,0.00288475584,0.6756158867017661,0.5917910325010588
988.0,0.00288449828,0.6754675595462195,0.5921035518550526
988.1,0.00288424601,0.6752940556671472,0.592403432581801
988.2,0.002883999135,0.6750938419673338,0.5927184319090356
988.3,0.002883759805,0.6746983782841,0.5930262432722787
988.4,0.00288353253,0.6741562462062405,0.5932702300391715
988.5,0.00288331938,0.673833893667241,0.5934307333795249
988.6,0.002883119285,0.6737427183652486,0.5935125014964754
988.7,0.002882931745,0.6736606348323956,0.5935235806371276
988.8,0.002882754935,0.6735756861670424,0.5934932875158061
988.9,0.00288258715,0.6735064454649574,0.5934153722480859
989.0,0.00288242656,0.673391934412734,0.5932841862503758
989.1,0.002882271105,0.6732009821280636,0.5931653146675493
989.2,0.00288212031,0.6729763896692583,0.5931031884161875
989.3,0.0028819737,0.6727564279180246,0.5930598576853536
989.4,0.00288183317,0.6725372704145102,0.5929926244609741
989.5,0.002881698815,0.6723045663634736,0.5929299660238168
989.6,0.002881568515,0.6720175441754562,0.5928793964351905
989.7,0.002881439585,0.6716243110230063,0.5928049664503602
989.8,0.00288130903,0.671136057259156,0.5926975359196595
989.9,0.002881175605,0.6706487019908047,0.5925567963386899
990.0,0.002881038675,0.670286130782654,0.5923769294778568
990.1,0.00288089602,0.6701017507098147,0.5921637994340075
990.2,0.002880747305,0.6700529680590898,0.5918978146070358
990.3,0.00288059047,0.6700691346948852,0.5915659022015913
990.4,0.002880425155,0.6700969440730548,0.5911975416664985
990.5,0.00288025099,0.6701498422101558,0.5908468777228234
990.6,0.002880066085,0.6703225732574356,0.5905559580749601
990.7,0.002879867885,0.6707129475605706,0.5903402098277933
990.8,0.00287965596,0.6712956375995878,0.5901947346100577
990.9,0.00287943189,0.6719336573684201,0.5901186257581132
991.0,0.00287919693,0.6725379929808205,0.590108956564244
991.1,0.002878952885,0.6731400038146573,0.5901469220831441
991.2,0.002878701045,0.6738471260554979,0.5902040129898007
991.3,0.002878441365,0.6746818409403714,0.5902500517735021
991.4,0.002878173135,0.6754353896374468,0.5902874687703248
991.5,0.002877897615,0.6758469005759552,0.5903602274278634
991.6,0.002877618055,0.6759808203875924,0.5905148610165029
991.7,0.00287733755,0.6761546509923009,0.5907471214746569
991.8,0.002877057605,0.6765251955626065,0.5910226523450658
991.9,0.002876779135,0.6769841571165547,0.5913195271959633
992.0,0.00287650212,0.6774319660165827,0.5916277852936818
992.1,0.00287622812,0.6779772208375398,0.591946949116138
992.2,0.002875958415,0.6787502348426967,0.5922904803878524
992.3,0.00287569478,0.6796706837910867,0.5926459522249246
992.4,0.00287543653,0.6805804261917132,0.5930039379644382
992.5,0.002875180685,0.6814629309840331,0.5933554294036183
992.6,0.002874924725,0.6823588880760958,0.5937081064798659
992.7,0.002874666265,0.6832537707434708,0.5940615155472018
992.8,0.002874405265,0.6841229300501982,0.5943934153862755
992.9,0.00287414052,0.6849043823732227,0.5946943265554144
993.0,0.00287387159,0.6855059910831999,0.5949552106925537
993.1,0.00287359679,0.6859433321965062,0.5951921822830512
993.2,0.002873316235,0.6862408221712452,0.5954261907233577
993.3,0.00287303174,0.6863898279108049,0.5956534208633547
993.4,0.00287274539,0.6864651130371556,0.5958656178541858
993.5,0.00287245964,0.6865506334723717,0.5960837342338948
993.6,0.00287217714,0.6866196919620828,0.5963267320274203
993.7,0.00287190147,0.6865991082470165,0.5965798457492902
993.8,0.00287163679,0.6865445262162531,0.5968222183658777
993.9,0.00287138549,0.6866117939981516,0.5970636824338696
994.0,0.00287114785,0.6868313222095992,0.5973288158892324
994.1,0.002870925045,0.6871135754599683,0.597608647599984
994.2,0.00287071818,0.6874115618063467,0.5978478943318811
994.3,0.00287052775,0.6876740418725541,0.5980210846800067
994.4,0.00287035337,0.6878442470793403,0.598150770881384
994.5,0.002870195905,0.6879706836172766,0.5982165533182761
994.6,0.00287005857,0.6880921941379321,0.5981885259135763
994.7,0.00286994087,0.6881833128912569,0.5980973889390142
994.8,0.002869841735,0.6882102551898541,0.5979769698076466
994.9,0.002869760715,0.6881708533347928,0.5978265132805993
995.0,0.00286969967,0.6880568889196911,0.5976542220562912
995.1,0.002869657845,0.687837511504691,0.5974693462401313
995.2,0.002869631995,0.6874698006509589,0.5972723916285367
995.3,0.00286962082,0.6869583933492516,0.5970339221266622
995.4,0.00286962378,0.6863921338398127,0.5967491373809328
995.5,0.00286964029,0.6858368761878466,0.5964735424220338
995.6,0.002869670065,0.6852779680052171,0.596248077857108
995.7,0.002869713175,0.6846912567276032,0.5960636022798521
995.8,0.00286976631,0.6840564916487601,0.5959290962470257
995.9,0.00286983276,0.6833616279024538,0.5957641770840385
996.0,0.002869913865,0.6826335889377256,0.5955558838362387
996.1,0.00287000722,0.6819031749289514,0.5953326768197937
996.2,0.002870109855,0.6811928231308628,0.5951189404485624
996.3,0.00287021928,0.6805263153998479,0.5949266115179911
996.4,0.0028703316,0.6799272576631054,0.5947741977787206
996.5,0.002870442015,0.6794189668213104,0.5946785884328569
996.6,0.00287054722,0.6790184263243484,0.5946205839510567
996.7,0.00287064702,0.6787187498011225,0.5945773807688846
996.8,0.00287074123,0.6785040030936936,0.5945883926794538
996.9,0.002870830075,0.6783792818653461,0.5946712264246325
997.0,0.00287091484,0.6783658169992329,0.5947810841498173
997.1,0.002870995095,0.6784539009740542,0.5948956919630944
997.2,0.002871070445,0.6786181685707251,0.5950289671199191
997.3,0.00287113989,0.6788645636825462,0.5952215203602059
997.4,0.00287120187,0.6792028943617819,0.5955067876545669
997.5,0.00287125509,0.6796092907874502,0.5958498181564124
997.6,0.002871299815,0.6800186591597689,0.596178514199298
997.7,0.002871337105,0.6803603576263293,0.5964491762294125
997.8,0.002871367685,0.680596008491275,0.5966472888320591
997.9,0.002871391155,0.6807368335235648,0.5967553583627054
998.0,0.002871406165,0.6808216062597293,0.59674677804485
998.1,0.0028714115,0.6808389352848065,0.5966397458680978
998.2,0.002871406045,0.680718549454321,0.5964863959342166
998.3,0.002871389235,0.6804160266481509,0.5962928794816224
998.4,0.002871360795,0.679967790491522,0.5960559631831557
998.5,0.0028713212,0.6794462672614702,0.5958106450092963
998.6,0.00287127105,0.6788785751857812,0.5955818195685497
998.7,0.0028712108,0.678246449044767,0.5953433657746384
998.8,0.002871142765,0.6775761839689384,0.5950878606724405
998.9,0.002871071075,0.6769615062335224,0.594852329816334
999.0,0.00287100166,0.6764513744184325,0.5946434830199087
999.1,0.00287093821,0.6760122928627961,0.5944161781100065
999.2,0.002870882825,0.6755643897149884,0.5941379750008864
999.3,0.00287083617,0.6750289492294812,0.5938191875412301
999.4,0.002870797715,0.6744351819347675,0.5934961526483062
999.5,0.00287076712,0.6739192067573418,0.5931971025586553
999.6,0.002870745305,0.673538879267513,0.5929239750066264
999.7,0.002870733175,0.6732174566399389,0.5926781095673267
999.8,0.002870732575,0.6728025402149941,0.5924763539738391
999.9,0.002870744355,0.6721537636329158,0.5923295391809958
1000.0,0.0028707674,0.6713426735247974,0.5922616506203889
1000.1,0.002870800095,0.6707166609230871,0.5922709434514581
1000.2,0.002870844615,0.670550608901789,0.5923361415521167
1000.3,0.00287090219,0.6708387809127175,0.5924589143647004
1000.4,0.002870973275,0.6714581459043727,0.592616321979653
1000.5,0.00287105961,0.6723313641488086,0.592750329127566
1000.6,0.00287116221,0.6733650046805074,0.5928407215446692
1000.7,0.002871278525,0.6743918405225185,0.592942140323668
1000.8,0.0028714078,0.6752805091196248,0.5931013851420043
1000.9,0.00287155165,0.6760197195878291,0.593320569034897
1001.0,0.00287171161,0.6766391913936346,0.593588951525382
1001.1,0.002871889565,0.6771848609048219,0.593882491889837
1001.2,0.00287208532,0.6777523582017664,0.5941808439176002
1001.3,0.002872297795,0.6784056900931923,0.5944920105017973
1001.4,0.00287252468,0.6791546583481787,0.5948400618970218
1001.5,0.002872765105,0.6800063378333816,0.5952191440595228
1001.6,0.002873015625,0.6809480742135923,0.5956236121756204
1001.7,0.00287327569,0.6819095209461116,0.5960582917316305
1001.8,0.00287354544,0.682818094674271,0.5965170886661236
1001.9,0.002873824645,0.6836432088519951,0.5969775129456114
1002.0,0.002874111705,0.6843935971068609,0.5974169143153799
1002.1,0.00287440498,0.6851076182851688,0.5978534869951231
1002.2,0.002874703945,0.6858243789322707,0.5983089758325519
1002.3,0.00287500723,0.6865498606405788,0.5987965868265455
1002.4,0.002875314045,0.6872655280134372,0.5993110471279934
1002.5,0.002875624475,0.6879736744134829,0.5998127085809708
1002.6,0.00287593696,0.6886885626713631,0.6003050577250043
1002.7,0.002876248435,0.6893816042939304,0.6008078225053215
1002.8,0.00287656016,0.6899959930028223,0.6012776011910946
1002.9,0.00287687506,0.6905036743756424,0.601690412120643
1003.0,0.002877195605,0.6909068915095453,0.6020436370906495
1003.1,0.0028775209,0.6912074099796024,0.6023399816407069
1003.2,0.0028778502,0.6914186318200739,0.602586491734819
1003.3,0.002878185535,0.6915742223378356,0.6027714253562838
1003.4,0.00287852754,0.6916822051605248,0.6028823763557122
1003.5,0.00287887253,0.6917171208212768,0.6029378078731292
1003.6,0.00287921665,0.6916130398566633,0.6029888292227791
1003.7,0.002879558945,0.6912936215652022,0.6030372022098219
1003.8,0.002879897805,0.690672905688706,0.6030838875332913
1003.9,0.00288023467,0.6896770773661858,0.6030808339052321
1004.0,0.002880568795,0.6883548501333282,0.602987507868909
1004.1,0.002880895165,0.6869202418480664,0.6028188828832275
1004.2,0.00288120775,0.6856407214257417,0.6025900360796509
1004.3,0.002881502025,0.68468034911791,0.6023181475717645
1004.4,0.002881773795,0.6840345758984087,0.6020128827835264
1004.5,0.00288202119,0.6835849700073828,0.6016615565921198
1004.6,0.002882243925,0.6832136463220991,0.6012676970060948
1004.7,0.002882440925,0.682862460245725,0.6008638565802095
1004.8,0.00288261179,0.6825055878866477,0.6004560420396172
1004.9,0.002882756095,0.6821144596012758,0.6000366237123997
1005.0,0.002882874225,0.6816714636211931,0.5995979342275265
1005.1,0.002882965605,0.6811916858743222,0.5991533215838644
1005.2,0.00288303074,0.6807221874186138,0.5987229868504942
1005.3,0.002883073095,0.6803096711704563,0.5983011337889701
1005.4,0.002883097015,0.679972107039828,0.5978586756495498
1005.5,0.0028831054,0.6796885783028416,0.5973939316801633
1005.6,0.002883099555,0.6794166483259321,0.5969304820469501
1005.7,0.002883081395,0.6790934412737308,0.5964686553605018
1005.8,0.0028830547,0.6786463675063837,0.5960003576215057
1005.9,0.002883023025,0.6780282905677165,0.595514091229168
1006.0,0.002882988735,0.6772596559427186,0.5949931026981858
1006.1,0.00288295275,0.6763906851315503,0.5944803168656221
1006.2,0.00288291611,0.6754668746790211,0.5940479382120715
1006.3,0.002882880835,0.6745270672366998,0.5937131374263414
1006.4,0.00288284802,0.6735852868741918,0.5934517104219914
1006.5,0.00288281675,0.6726254989025936,0.5932428667671588
1006.6,0.00288278626,0.6716622614622617,0.5931002064164407
1006.7,0.00288275652,0.670789106049679,0.5930435477929332
1006.8,0.00288272883,0.670086294073959,0.5930365615191902
1006.9,0.00288270331,0.6695459150048003,0.5930365960767093
1007.0,0.00288267844,0.6691613400817038,0.5930353369263738
1007.1,0.00288265423,0.6689718706287658,0.593019283387914
1007.2,0.00288262893,0.6690110211564149,0.5929970421685635
1007.3,0.00288260183,0.6692782261779733,0.5929808170991449
1007.4,0.00288257344,0.66971659773367,0.592941997067043
1007.5,0.002882541465,0.6702495940600927,0.5928647949408552
1007.6,0.002882505205,0.670825680471352,0.5927795170365919
1007.7,0.002882464325,0.6714006610419972,0.5926996998486792
1007.8,0.00288241865,0.6719049494947515,0.5926009922641405
1007.9,0.002882367385,0.6722984402577991,0.5924912155920462
1008.0,0.002882309165,0.6726312166012232,0.592409537952964
1008.1,0.002882242435,0.6729929898448399,0.5923516384003584
1008.2,0.002882165225,0.6734292062679762,0.5922837278486027
1008.3,0.002882076745,0.6739075765813383,0.5921954616614076
1008.4,0.002881975575,0.6743527465435373,0.5920918607321516
1008.5,0.002881860415,0.6746955005852292,0.5919940893422235
1008.6,0.002881730165,0.6749109195934859,0.5919114346678261
1008.7,0.0028815831,0.6750387761313017,0.5918387847093933
1008.8,0.00288141878,0.6751606950590022,0.5917639720785778
1008.9,0.002881240215,0.6753595578739744,0.5917002335618662
1009.0,0.002881052265,0.6756590333352706,0.591695085748144
1009.1,0.002880858235,0.6760077501198191,0.591715427560576
1009.2,0.0028806594,0.6763348213309842,0.5917023924643378
1009.3,0.002880454745,0.676596673078661,0.5916533478047855
1009.4,0.002880242635,0.6767925450974269,0.5916005860128055
1009.5,0.002880023745,0.6769356195100568,0.5915678003518726
1009.6,0.002879798955,0.6770266440156019,0.591555095122863
1009.7,0.002879566975,0.6770734034806578,0.5915688351924927
1009.8,0.00287932721,0.6771117246278464,0.5916263351345129
1009.9,0.00287908165,0.6771804375423658,0.5917395223195919
1010.0,0.00287883016,0.6772918132851208,0.5919137581897528
1010.1,0.002878573005,0.6774251487605244,0.5921140309515079
1010.2,0.00287831116,0.677559973350846,0.5923115812090696
1010.3,0.002878043355,0.6776964629852738,0.5925322900310362
1010.4,0.00287776692,0.6778508282819005,0.5928029413797357
1010.5,0.002877481015,0.6780521918046251,0.5931047931417149
1010.6,0.002877186875,0.6783551230178401,0.5933883181087902
1010.7,0.00287688841,0.6787720312125274,0.5936122445499528
1010.8,0.00287658743,0.6792307414390633,0.5938053287193981
1010.9,0.00287628311,0.6796815411352976,0.5940387760712565
1011.0,0.002875976565,0.6801197681777321,0.5943104044552713
1011.1,0.002875670115,0.6805067118616894,0.5945685604333503
1011.2,0.002875365685,0.6807731063523432,0.5948336693842902
1011.3,0.0028750648,0.6809062658985583,0.5951602838078837
1011.4,0.002874768935,0.6810543165939513,0.5955545938982951
1011.5,0.002874480705,0.6814121565635658,0.5959774434730088
1011.6,0.00287420194,0.6819336735104323,0.5963905113848363
1011.7,0.00287393362,0.6823875017019847,0.5967727169187536
1011.8,0.002873677535,0.682667694067573,0.5971179578451902
1011.9,0.002873434865,0.6828482413973749,0.597438453074613
1012.0,0.00287320334,0.6830443396108118,0.5977768692051688
1012.1,0.00287298204,0.6833325179049257,0.5981699100921483
1012.2,0.002872775185,0.6837507141526009,0.5985664827575888
1012.3,0.002872589275,0.6842554110124002,0.5989043912067719
1012.4,0.002872427855,0.6847054127441004,0.5992177386845892
1012.5,0.00287229316,0.6850114352844865,0.5995298307819821
1012.6,0.002872186135,0.6852368445573815,0.5998310184112743
1012.7,0.00287210487,0.6855052496673337,0.6001227284838494
1012.8,0.00287205083,0.685843982470429,0.6003975625490078
1012.9,0.00287202618,0.6862216207569465,0.6006372798914843
1013.0,0.00287202902,0.6866510010744685,0.6008721082874734
1013.1,0.00287205668,0.687131507670835,0.6011384952383049
1013.2,0.00287210821,0.6876059761261214,0.6014330666734686
1013.3,0.0028721792,0.6880222245863514,0.6017266818078287
1013.4,0.002872265675,0.6883853612811799,0.6019972954574163
1013.5,0.002872363725,0.6887453312506135,0.60226686735488
1013.6,0.002872471805,0.6891441878539133,0.6025205094926344
1013.7,0.002872586705,0.6895870016216221,0.6027450347213567
1013.8,0.002872704555,0.6900959584810595,0.602963810835523
1013.9,0.00287282222,0.6907455267444864,0.6032111019295687
1014.0,0.002872939115,0.6915666887986522,0.6034703939075514
1014.1,0.00287305642,0.6924505067767014,0.6036867252343145
1014.2,0.00287317281,0.6932498536114807,0.6038226167095012
1014.3,0.002873286305,0.6939067355026052,0.6038854491908915
1014.4,0.00287339584,0.6944808238609369,0.6038887453499037
1014.5,0.002873502155,0.6950715563771473,0.6038425419467474
1014.6,0.00287360687,0.6956994476512643,0.6037760683594715
1014.7,0.00287371308,0.6962841294600239,0.6036675923067357
1014.8,0.002873823535,0.6967326860591034,0.6034782434909556
1014.9,0.00287393965,0.6970207449726965,0.6032337276798599
1015.0,0.00287406234,0.6971460002717951,0.6029744608346186
1015.1,0.002874191475,0.6970441372715951,0.6027207445552777
1015.2,0.002874325465,0.6966783804884935,0.6024755036645975
1015.3,0.00287446358,0.6961292992076844,0.6022448114894962
1015.4,0.002874606655,0.6955472940358657,0.6020322689234732
1015.5,0.00287475491,0.6950240177971132,0.6018184408177363
1015.6,0.002874906355,0.6945349597855436,0.6016084862957413
1015.7,0.00287505942,0.694013442838677,0.6014155045422165
1015.8,0.002875214935,0.6934214599685905,0.6012222972223393
1015.9,0.0028753724,0.6927705156875814,0.6010121322136366
1016.0,0.002875530005,0.6920945140635671,0.6007850597815907
1016.1,0.00287568757,0.6914374248273277,0.6005597391016084
1016.2,0.00287584601,0.690801912049433,0.6003821813113758
1016.3,0.00287600683,0.690145733875063,0.6002670984892895
1016.4,0.002876172045,0.6895045285312801,0.6001884996110078
1016.5,0.00287634186,0.6890074343257024,0.6001445374200505
1016.6,0.00287651492,0.6887395758528722,0.6001662665597984
1016.7,0.002876692285,0.6886804510791316,0.6002526942869727
1016.8,0.00287687839,0.6887566158514252,0.6003417816864877
1016.9,0.002877072805,0.6888912707957434,0.6003999972833143
1017.0,0.002877271055,0.6890498772424525,0.6004341872361633
1017.1,0.0028774697,0.6892527864287625,0.6004768337281172
1017.2,0.002877668265,0.689522077467843,0.6005769022505935
1017.3,0.002877868765,0.689852070360176,0.6007638006241038
1017.4,0.002878075265,0.6902159107717589,0.6010075919839336
1017.5,0.002878289335,0.6905973064030899,0.6012758500673494
1017.6,0.00287851458,0.6910070140674153,0.6015682745380938
1017.7,0.002878753875,0.691480527478535,0.6018794499187505
1017.8,0.00287900974,0.6920253990251882,0.6021854209370171
1017.9,0.00287928645,0.6925949446405428,0.6024565441529331
1018.0,0.002879586585,0.6931278530023713,0.6026714919222916
1018.1,0.002879908445,0.6935639751777278,0.6028101297777761
1018.2,0.00288024877,0.6938381168358655,0.6028783324976484
1018.3,0.002880602425,0.6939059501044418,0.6029018554868015
1018.4,0.002880965575,0.6937581633028317,0.6028902762045989
1018.5,0.002881336555,0.693386921298957,0.6028672269676181
1018.6,0.002881713685,0.692799204711694,0.6028459194296043
1018.7,0.002882098105,0.6920640720307539,0.6028331004749407
1018.8,0.00288248971,0.6912945200607011,0.6028277899267189
1018.9,0.002882889215,0.6905518224246513,0.6028175175470603
1019.0,0.002883294425,0.6898130580626037,0.6028174415205181
1019.1,0.002883703685,0.6889520103481079,0.6028340486076035
1019.2,0.002884116215,0.6877657763780389,0.6028407043857994
1019.3,0.002884530925,0.6862721438500015,0.602802048344834
1019.4,0.00288494455,0.6847792778705715,0.6027026860523862
1019.5,0.0028853537,0.683626803455158,0.6025419320129392
1019.6,0.00288575553,0.6829640970512538,0.60232659531441
1019.7,0.00288614892,0.6827452976893019,0.6020767865480116
1019.8,0.002886532475,0.6828111014890241,0.6017926024747976
1019.9,0.00288690345,0.6829738862539625,0.6014761592715794
1020.0,0.00288725836,0.6831440474784515,0.6011536816971922
1020.1,0.002887596835,0.6833316822412798,0.600832603388173
1020.2,0.002887919585,0.6835540378861156,0.6005072663361525
1020.3,0.00288822551,0.6837755767168615,0.6002031796451595
1020.4,0.00288851494,0.6839393605082636,0.599928875880841
1020.5,0.00288878855,0.6840377049246916,0.5996697309293947
1020.6,0.002889045355,0.6840733368685686,0.5994036085006647
1020.7,0.002889281685,0.68403777403973,0.5990994721725077
1020.8,0.002889495225,0.6839385751101003,0.5987521150692597
1020.9,0.002889683995,0.6837896950342467,0.5984016842317594
1021.0,0.002889847985,0.6836156382348672,0.5980899678688479
1021.1,0.002889986775,0.6834342678077902,0.5978242871480449
1021.2,0.00289010097,0.6832322822497202,0.5975920354863504
1021.3,0.00289019335,0.6829970523581901,0.5974217222087769
1021.4,0.002890266155,0.6827388888402887,0.5973620262934919
1021.5,0.002890325875,0.6824596703684229,0.5973476654451538
1021.6,0.002890376105,0.6821543955270882,0.5973100392182604
1021.7,0.002890418225,0.6818611467024316,0.5972814494684756
1021.8,0.00289045342,0.6816719474264618,0.5972953554141974
1021.9,0.0028904834,0.681638979553155,0.5973287153582674
1022.0,0.002890507675,0.6817394728189581,0.5973411899943762
1022.1,0.00289052359,0.6819014973184743,0.5973504306750075
1022.2,0.00289052969,0.6820374654485217,0.5973920498661638
1022.3,0.002890525485,0.6821084403097516,0.5974776909385376
1022.4,0.002890510755,0.6821573172082561,0.5975886601592034
1022.5,0.00289048702,0.682230051361372,0.5977043643883165
1022.6,0.002890455435,0.6822922486127279,0.5978265918204156
1022.7,0.00289041852,0.6822866502946191,0.5979512615266437
1022.8,0.00289037941,0.6822365418917943,0.598058929561749
1022.9,0.002890339475,0.6822081104782793,0.5981319150422771
1023.0,0.002890300865,0.6821578324294513,0.5981696945788921
1023.1,0.00289026583,0.6819811115595016,0.5981853233740252
1023.2,0.002890236155,0.6816968476898341,0.5981953871519318
1023.3,0.00289021563,0.6814551209846963,0.5981832957901266
1023.4,0.00289020854,0.6813675019655877,0.5981550057482811
1023.5,0.00289021968,0.681409643289443,0.5981393543336808
1023.6,0.00289025447,0.6813961658569591,0.5981112728935875
1023.7,0.00289031634,0.681116388181601,0.598055933110676
1023.8,0.00289040659,0.680736242904146,0.5979772223916958
1023.9,0.00289052561,0.6806400410539077,0.5978461683408772
1024.0,0.00289067105,0.6807903599791968,0.5976519777024993
1024.1,0.0028908405,0.680894007404024,0.5974290107037332
1024.2,0.00289103312,0.6809203151009051,0.5972172315447251
1024.3,0.002891249655,0.6809811112019374,0.5970243496938467
1024.4,0.002891490405,0.6811445431349625,0.5968250646488219
1024.5,0.002891753515,0.6814122193954188,0.5966193751530133
1024.6,0.002892034875,0.6817347981290895,0.5964586311666628
1024.7,0.00289232995,0.6820736503127057,0.5963523115031244
1024.8,0.00289263621,0.682424717008559,0.5962712006073569
1024.9,0.002892951015,0.6827675213157334,0.5962241709653328
1025.0,0.002893270185,0.683063855184376,0.5962181881162832
1025.1,0.00289358954,0.6832654197690303,0.5962178387711801
1025.2,0.002893903785,0.6833364511789279,0.5961614358733146
1025.3,0.002894208315,0.6832628310966837,0.5960203236994562
1025.4,0.002894499165,0.6830780740327261,0.5958340197152759
1025.5,0.002894775365,0.6828504593617882,0.5956555741109594
1025.6,0.002895035665,0.6826504341575342,0.5955248668919698
1025.7,0.00289527771,0.6825259014247459,0.5954790681259473
1025.8,0.00289550043,0.6825299603624543,0.5955170568926329
1025.9,0.002895705255,0.6827200769834789,0.5955921975057216
1026.0,0.00289589218,0.6830935872172496,0.5956906367982476
1026.1,0.002896060635,0.6835640595666805,0.5958187522032982
1026.2,0.002896211995,0.6840198104129368,0.595926944256058
1026.3,0.00289634636,0.6844060692296956,0.5959830776052738
1026.4,0.00289646546,0.6847313246003072,0.5959999642941054
1026.5,0.002896571845,0.6850037635152264,0.5960152424874983
1026.6,0.00289666688,0.6851817410222376,0.5960476825732393
1026.7,0.002896750905,0.6852162796918712,0.5960736905621813
1026.8,0.00289682498,0.6851187206736066,0.5961286062300846
1026.9,0.002896893635,0.6849547044043479,0.5962439661406429
1027.0,0.002896962945,0.6847516004392934,0.5963868520577136
1027.1,0.002897034045,0.6844592186942091,0.5965542524505786
1027.2,0.0028971082,0.6840073382901021,0.5967594179287324
1027.3,0.002897187025,0.6834159586058051,0.5969705273001868
1027.4,0.00289727322,0.682761866448957,0.5971434631793076
1027.5,0.00289736783,0.6820777532327114,0.5972673123015345
1027.6,0.002897468625,0.6813647373640526,0.5973495139582712
1027.7,0.00289757338,0.6806429250359638,0.5974117149795382
1027.8,0.00289768253,0.6799713593407765,0.5974405799328394
1027.9,0.002897796805,0.6793990428407014,0.5974330897476346
1028.0,0.00289791589,0.678885832264811,0.5973832351854963
1028.1,0.002898037765,0.6783478722219957,0.5973106813597987
1028.2,0.002898160775,0.6777757819165916,0.5972194105533896
1028.3,0.002898284055,0.677256677712883,0.5971128804031434
1028.4,0.002898406745,0.6768895134962726,0.5969990372535182
1028.5,0.002898530535,0.6766933147518707,0.5968678964947424
1028.6,0.00289865691,0.6766114511305035,0.5967184320826552
1028.7,0.00289878641,0.676558465028808,0.5965874634831567
1028.8,0.002898919105,0.6764789764514868,0.5964914193408697
1028.9,0.002899056685,0.6763627061073775,0.5963928003492438
1029.0,0.00289920021,0.6762128207218747,0.5962840315000727
1029.1,0.002899350665,0.6759789856974827,0.5961774246949658
1029.2,0.002899505685,0.6755865630759375,0.596072743057837
1029.3,0.002899663015,0.675086440375042,0.5959684101374927
1029.4,0.002899820565,0.674663280410974,0.5958578574920129
1029.5,0.002899974405,0.6743811151251993,0.5957340850246468
1029.6,0.0029001204,0.6742123173519219,0.5956069359734966
1029.7,0.002900255865,0.6741755167355777,0.5954488221285156
1029.8,0.00290038028,0.6742344090314618,0.5952403422701121
1029.9,0.002900492015,0.67431332583892,0.5949928136716617
1030.0,0.00290058947,0.6744124368039556,0.5947277216853221
1030.1,0.0029006712,0.6745762708608403,0.5944587397789587
1030.2,0.00290073453,0.6748007879214216,0.5942276844357466
1030.3,0.00290077768,0.675028697902069,0.594059145529704
1030.4,0.0029008,0.6751750395710585,0.5939510426981753
1030.5,0.002900801605,0.6751833962075171,0.5939210894971789
1030.6,0.00290078238,0.6751254652389849,0.5939525538042417
1030.7,0.00290074211,0.6751394013439962,0.5940210021966597
1030.8,0.00290068234,0.6752484962904848,0.5941342842578369
1030.9,0.00290060728,0.6754387197256596,0.5942824304576466
1031.0,0.002900519675,0.6757515406725482,0.5944200711716228
1031.1,0.002900417975,0.6761800413441272,0.5945378161793237
1031.2,0.0029003017,0.6766304954651695,0.5946551867091804
1031.3,0.00290017266,0.6770910529481857,0.5947935795204378
1031.4,0.00290003173,0.6776886090036398,0.5949743775493334
1031.5,0.002899880175,0.6783714216005269,0.5952062566181392
1031.6,0.00289971885,0.678905548900305,0.5954791403825782
1031.7,0.002899551075,0.6792594493127317,0.5957940039930102
1031.8,0.002899380735,0.6796585886593705,0.5961558501215766
1031.9,0.00289920985,0.6802436034769512,0.5965550108310451
1032.0,0.00289903727,0.6809280811179448,0.5969654391767252
1032.1,0.00289886517,0.681658941232876,0.5973780597257587
1032.2,0.00289870316,0.6824035552404445,0.5977636600646975
1032.3,0.002898554505,0.6830529852737945,0.598144870342062
1032.4,0.002898420195,0.6834901504579123,0.5984923983479504
1032.5,0.002898304025,0.6836765914155322,0.5987477243793671
1032.6,0.002898207635,0.6837565700813072,0.5989402568851423
1032.7,0.002898133055,0.6837689291068064,0.5991394784699956
1032.8,0.002898081415,0.6836378115958163,0.5993781408656591
1032.9,0.002898051505,0.683600966997175,0.5996582251604602
1033.0,0.002898043065,0.6839331967034773,0.5999598921967914
1033.1,0.002898057355,0.6845371993070565,0.6002553124902903
1033.2,0.002898093345,0.6851488862462664,0.6005520013589026
1033.3,0.002898148545,0.6856213503654397,0.6008501070858018
1033.4,0.00289822106,0.6859501745853056,0.6011044510553549
1033.5,0.002898308775,0.6861974179271432,0.6012874268362779
1033.6,0.002898409015,0.686423047111524,0.6014346896202335
1033.7,0.00289852007,0.6866846412486032,0.6015728153961153
1033.8,0.002898640865,0.6870190637865778,0.6016968712351388
1033.9,0.00289876959,0.6873989137543234,0.6018185903575466
1034.0,0.002898903715,0.6877500684147709,0.6019525516382068
1034.1,0.00289904019,0.6880064852071569,0.6020849364676735
1034.2,0.00289917683,0.6881673473173914,0.6022006218472308
1034.3,0.002899314005,0.6882601813803049,0.6022775330619389
1034.4,0.00289945071,0.6882858984577672,0.6023214757750217
1034.5,0.00289958427,0.6882339867807593,0.6023405917380003
1034.6,0.00289971183,0.6881166671447037,0.6023092669176513
1034.7,0.00289982954,0.6879572501670899,0.6022010962277214
1034.8,0.00289993198,0.6877678561123756,0.6020042157577137
1034.9,0.00290001529,0.6875257524161194,0.6017167663130955
1035.0,0.0029000748,0.6872072577528985,0.6013527141581678
1035.1,0.0029001083,0.686822544599725,0.6009425038390179
1035.2,0.00290011665,0.6864038896795224,0.6005023026197599
1035.3,0.00290010043,0.6859845813080478,0.6000290128900372
1035.4,0.00290005788,0.6856265339933182,0.5995469826212336
1035.5,0.00289998824,0.6853890672878186,0.5990908070316505
1035.6,0.00289989081,0.6852283308412903,0.5986635014219169
1035.7,0.00289976333,0.6850597718290546,0.5982533910054135
1035.8,0.0028996056,0.6848748199863525,0.5978624355076375
1035.9,0.00289941909,0.6846748073484691,0.5975060293609101
1036.0,0.00289920575,0.6844262194049758,0.5971823058308766
1036.1,0.002898966055,0.684124029607627,0.5968763203612837
1036.2,0.00289870251,0.683785447600979,0.5965886641998689
1036.3,0.00289841879,0.6834212490478337,0.5963475149194608
1036.4,0.002898122305,0.68302190235608,0.5961490309805626
1036.5,0.002897819745,0.6826107244263928,0.5959605655806367
1036.6,0.00289751724,0.682250792156071,0.5957748409061419
1036.7,0.002897219245,0.6819809796126102,0.5956170682381229
1036.8,0.00289692896,0.6817887581245076,0.595512345131971
1036.9,0.002896648975,0.6816483414992628,0.5954280668824903
1037.0,0.002896380445,0.6815217604480643,0.5953293498731737
1037.1,0.002896122395,0.6813719253280439,0.5952083426356611
1037.2,0.002895873605,0.6812254391457924,0.5950658764353691
1037.3,0.002895632235,0.6811503425150011,0.5949188147133434
1037.4,0.00289539747,0.6811571786206152,0.5947906427596252
1037.5,0.002895168605,0.6811988172896458,0.5947042332536882
1037.6,0.00289494514,0.6812385207376019,0.5946401793210742
1037.7,0.002894727455,0.6812798263978113,0.5945957798204196
1037.8,0.00289451337,0.68135670745323,0.5946016558553188
1037.9,0.002894302265,0.6814832696548725,0.5946533149482773
1038.0,0.002894093945,0.6816217007935603,0.5947285837383461
1038.1,0.002893888965,0.6816991599020271,0.5948253919159666
1038.2,0.002893686615,0.6816785133551078,0.5949625293467996
1038.3,0.00289348497,0.681575733009853,0.5951409623847456
1038.4,0.002893282975,0.6814232715183742,0.5953358561115593
1038.5,0.00289308267,0.6812501132144937,0.5955111331055253
1038.6,0.00289288481,0.6810764396894179,0.5956726769413656
1038.7,0.002892688115,0.6808850727145171,0.5958592291113655
1038.8,0.00289249143,0.6806278139752999,0.5960801019244688
1038.9,0.002892292865,0.6803027345338771,0.5963093753563278
1039.0,0.00289209036,0.679967564296851,0.5965304661959612
1039.1,0.002891884295,0.679640354855609,0.59674353654955
1039.2,0.00289167651,0.6793101986004579,0.5969470112225377
1039.3,0.00289146883,0.6790404049065529,0.5971133893411533
1039.4,0.002891262995,0.6788880439460391,0.5972111368549771
1039.5,0.00289105964,0.6788294469598644,0.5972639979212849
1039.6,0.00289086183,0.6788233899692282,0.5973176550671712
1039.7,0.002890674035,0.6788708657174093,0.5973735414872045
1039.8,0.00289049848,0.6789710448239469,0.597425374624396
1039.9,0.00289033566,0.6790853610974258,0.5974867839643143
1040.0,0.002890187045,0.6791661314445496,0.5975751060718587
1040.1,0.00289005497,0.679206293565033,0.5976760875411602
1040.2,0.00288994191,0.6792403107302861,0.5977512828179609
1040.3,0.00288984889,0.6793008932030179,0.5977863612132124
1040.4,0.00288977633,0.6793671305425262,0.5977709441614241
1040.5,0.00288972526,0.6793873623992154,0.5976974202119151
1040.6,0.00288969739,0.6793697129316875,0.5975542188789421
1040.7,0.002889692795,0.6793602630209855,0.5973687015495622
1040.8,0.00288971056,0.6793558585080851,0.59717347795552
1040.9,0.00288975041,0.6793139370957156,0.596999686934879
1041.0,0.002889810755,0.6792063689632568,0.5968725969456707
1041.1,0.002889889645,0.6790340400398368,0.5968091769864541
1041.2,0.0028899875,0.6788210526242939,0.5967972257396813
1041.3,0.002890103985,0.6785801552996167,0.5968051035974196
1041.4,0.002890234415,0.6783028343497137,0.5967987512970739
1041.5,0.00289037263,0.6779812420761364,0.5967663105830144
1041.6,0.002890514255,0.6776117405145917,0.5966956442261832
1041.7,0.002890655975,0.6771924949749701,0.5965943548808017
1041.8,0.002890796255,0.6767172599710763,0.5964659510775456
1041.9,0.002890933945,0.676184251078283,0.5962742316159491
1042.0,0.002891066515,0.6756161945778462,0.5959863542864114
1042.1,0.002891193405,0.6750556904661487,0.5956164675656076
1042.2,0.00289131306,0.6745362281208775,0.5952348325449163
1042.3,0.002891423645,0.6740740621424226,0.5948724297261317
1042.4,0.00289152244,0.6736726357163323,0.5945150415175408
1042.5,0.002891607765,0.6733303843294649,0.5941847244128459
1042.6,0.002891679715,0.6730553441758285,0.593894292968481
1042.7,0.002891738155,0.6728528936620458,0.5936103357182565
1042.8,0.002891782565,0.6727211289829689,0.5933043307707891
1042.9,0.002891814095,0.6726329193444414,0.593001507000043
1043.0,0.00289183554,0.6725339026271856,0.5927155718030838
1043.1,0.00289184851,0.6723937436125383,0.5924148899702087
1043.2,0.002891855835,0.6722081069026377,0.5920811962817296
1043.3,0.002891859435,0.6719760814356142,0.5917597767957482
1043.4,0.002891860875,0.671723729864122,0.5915015724371423
1043.5,0.00289186338,0.6714865898842584,0.591303207878765
1043.6,0.002891868875,0.6712805516716652,0.5911262714955592
1043.7,0.002891877835,0.6711236856672862,0.5909569101205597
1043.8,0.002891888955,0.6710612182389623,0.5908140556194157
1043.9,0.00289190257,0.6711009154037331,0.5907124904421993
1044.0,0.00289191899,0.6712087662795307,0.5906628425968576
1044.1,0.00289193763,0.6713784876810484,0.5906565028628826
1044.2,0.002891957215,0.6716527424365214,0.590674420622423
1044.3,0.002891974635,0.6720687395693391,0.590695804186979
1044.4,0.00289198633,0.6726078117359539,0.5907183520257724
1044.5,0.00289198945,0.6732126751359201,0.5907621200663037
1044.6,0.00289198186,0.6738339941982059,0.5908483699793339
1044.7,0.0028919625,0.6744439783941976,0.5910071536118686
1044.8,0.0028919311,0.675009307992211,0.5912494841311144
1044.9,0.002891889105,0.6754921142344,0.5915359364342244
1045.0,0.002891838425,0.6758849264134342,0.5918260210467603
1045.1,0.00289178002,0.6762127013413539,0.5921195896855492
1045.2,0.00289171549,0.6765013822902922,0.5924332437828095
1045.3,0.002891646825,0.6767621281973548,0.5927414905707944
1045.4,0.00289157708,0.6770001478231614,0.5930391935455153
1045.5,0.00289150897,0.6771968932046852,0.5933671167566082
1045.6,0.00289144601,0.6773080741686958,0.5937516784850156
1045.7,0.002891389855,0.6773100470888822,0.5941832038820015
1045.8,0.00289134195,0.6772462162093466,0.5946330409942466
1045.9,0.002891302125,0.6772275551489843,0.5950874026282315
1046.0,0.002891270205,0.6773588297396071,0.5955540579425884
1046.1,0.002891245605,0.6776913861715456,0.5960348146097302
1046.2,0.002891226935,0.6782135314369429,0.5965165828697064
1046.3,0.002891216125,0.678857174656625,0.5969560439297353
1046.4,0.00289121358,0.6795377253068015,0.5973504589493415
1046.5,0.00289121776,0.6802153982581074,0.5977143665910071
1046.6,0.00289122837,0.6808849407676256,0.5980212643791065
1046.7,0.00289124769,0.6815446061098411,0.5982551125981876
1046.8,0.002891276015,0.6821621364113867,0.5984354148837625
1046.9,0.002891312585,0.6826989591976615,0.5985837476941759
1047.0,0.0028913542,0.6831682628746254,0.5987187500986415
1047.1,0.00289139983,0.6836360460207449,0.5988401261591314
1047.2,0.00289144918,0.684162953940605,0.5989415110089296
1047.3,0.00289150094,0.6847717694641294,0.599039147938692
1047.4,0.00289155295,0.6854475197607313,0.5991526568228588
1047.5,0.00289160325,0.68614580784303,0.5992898740501453
1047.6,0.00289165075,0.6867696087635121,0.5994440816388209
1047.7,0.0028916951,0.6872084892572186,0.5996052968640695
1047.8,0.002891737005,0.6874349038397628,0.5997479157457646
1047.9,0.002891776365,0.6875211719740304,0.5998342460835667
1048.0,0.002891810345,0.6875390287866734,0.5998631657005801
1048.1,0.002891837975,0.6875136070189206,0.599878340849734
1048.2,0.002891859455,0.687456386050328,0.5999097869355593
1048.3,0.00289187445,0.6873566844658738,0.5999373877119767
1048.4,0.002891881895,0.6872006289923994,0.599960005294127
1048.5,0.00289188288,0.6869913486561877,0.5999914733711009
1048.6,0.00289187892,0.6867383499166089,0.6000158873159305
1048.7,0.00289187058,0.6864568632148472,0.6000091259802214
1048.8,0.00289185689,0.6861666240359527,0.5999365212607228
1048.9,0.002891838275,0.6858433415855276,0.5997547242053635
1049.0,0.00289181472,0.6854352738325676,0.5994860947856958
1049.1,0.002891787635,0.6849333415743035,0.5991714272106455
1049.2,0.00289175981,0.6843566708268106,0.5988122878783095
1049.3,0.00289173284,0.6837077560146557,0.5984061735676615
1049.4,0.00289170557,0.682960132361325,0.5979858133909663
1049.5,0.002891678185,0.6820612535880947,0.5975742911427244
1049.6,0.00289165192,0.6809898762454409,0.5971942985466724
1049.7,0.002891626595,0.6798062497972744,0.5968720276890819
1049.8,0.00289160254,0.678621171933302,0.5966037067738129
1049.9,0.00289157982,0.6775225318496004,0.5963818299076975
1050.0,0.002891559285,0.6765722126382601,0.5961955033040501
1050.1,0.002891542925,0.6758231878346059,0.5960160479918547
1050.2,0.00289153139,0.6752404663796622,0.5958287135652841
1050.3,0.002891525325,0.6747361967764638,0.5956625836324881
1050.4,0.002891527025,0.6742806155762109,0.5955548194646477
1050.5,0.00289154029,0.6738792959642707,0.5955006213365065
1050.6,0.002891565705,0.673510221659327,0.5954745410909333
1050.7,0.002891602565,0.6731282228422064,0.595489464912675
1050.8,0.00289165065,0.6727141672136485,0.5955646708708908
1050.9,0.00289171183,0.6723042333546523,0.5956889290284811
1051.0,0.002891788405,0.6719754217011569,0.5958329773348335
1051.1,0.00289188245,0.6717763012755871,0.5959741372609002
1051.2,0.00289199303,0.6717034540251356,0.5961052736214464
1051.3,0.002892119605,0.6717102398652673,0.5962241829033847
1051.4,0.00289226164,0.6717371758806793,0.596358452060125
1051.5,0.002892420125,0.6717778469391726,0.5965069187023855
1051.6,0.002892595475,0.6718839008239725,0.5966447768145733
1051.7,0.002892786295,0.6721074125749048,0.5968040788098958
1051.8,0.00289299106,0.6724696382078637,0.5970069641201017
1051.9,0.002893209085,0.6729755351560566,0.5972311619948696
1052.0,0.00289343977,0.6736062412971913,0.5974646237980543
1052.1,0.00289368325,0.6742979571676587,0.5977182376614748
1052.2,0.00289393963,0.6749670221550936,0.5979823859133813
1052.3,0.00289420716,0.6755567744943961,0.5982451763689429
1052.4,0.00289448361,0.6760474598509604,0.598494281418587
1052.5,0.002894768175,0.6764487166310476,0.598719139027812
1052.6,0.002895059965,0.6767755050988739,0.5989219288336012
1052.7,0.00289535751,0.6770377338376691,0.5990931481464961
1052.8,0.002895658275,0.6773076469120948,0.5992276818253377
1052.9,0.00289596127,0.6777168393552249,0.599339173807021
1053.0,0.00289626502,0.6783385228422585,0.5994574591686583
1053.1,0.002896566845,0.6791467415346917,0.5995743251587349
1053.2,0.002896863525,0.6800764393318538,0.5996941235113942
1053.3,0.002897153955,0.6810656640266161,0.599852844312076
1053.4,0.00289744049,0.6820483290759177,0.6000034635736226
1053.5,0.00289772225,0.6829719384665172,0.6001039920252633
1053.6,0.002897997425,0.6837995973342909,0.6001530724989719
1053.7,0.002898267575,0.6845101313447532,0.6001236395457189
1053.8,0.00289853297,0.6851079073116929,0.6000165715548104
1053.9,0.002898793015,0.6856247495686909,0.5998843500881617
1054.0,0.00289904835,0.6860767179373922,0.5997585456386673
1054.1,0.002899298875,0.6864482238350499,0.5996872314854308
1054.2,0.0028995477,0.6867101195650238,0.599657371275577
1054.3,0.00289979685,0.6868809468071554,0.5996464693207504
1054.4,0.00290004517,0.6870307002457666,0.599695386431641
1054.5,0.00290029095,0.6871986749217688,0.5998771106020508
1054.6,0.00290053556,0.6873417681839545,0.6002007210347489
1054.7,0.0029007806,0.6874123849036219,0.6006081918851047
1054.8,0.002901026485,0.6874103554347677,0.6010241670267739
1054.9,0.002901275095,0.687350451546049,0.6013741511297988
1055.0,0.00290152708,0.6872288970430963,0.6016568630526954
1055.1,0.00290178351,0.6870399993600212,0.6019044368900801
1055.2,0.002902045045,0.686809594954807,0.6021398772683181
1055.3,0.00290231251,0.6866004402823016,0.6023858269023008
1055.4,0.002902588305,0.6863999187064083,0.6026556080298351
1055.5,0.00290287509,0.686051880505873,0.6029353863335118
1055.6,0.002903174,0.6854389306464164,0.6032066829653422
1055.7,0.002903485325,0.6847389335377142,0.6034708839960053
1055.8,0.002903809125,0.6842769623380037,0.6037658606966214
1055.9,0.0029041456,0.6841382421727918,0.604111121729251
1056.0,0.002904495765,0.6841606103124854,0.6044794866625735
1056.1,0.002904861545,0.6841645875687848,0.6048572625508492
1056.2,0.002905247085,0.6840824789031906,0.6052456413143307
1056.3,0.002905656495,0.683949080595934,0.605629016777352
1056.4,0.002906090555,0.6837882184856995,0.6059755382169542
1056.5,0.002906549165,0.6836195777920548,0.6062579567150969
1056.6,0.00290703066,0.6834937821390198,0.6064631221932508
1056.7,0.00290753282,0.6833751744499762,0.6065804914664704
1056.8,0.002908052405,0.6831450339385448,0.6065772637941781
1056.9,0.00290858498,0.6827823370666878,0.6064533235657642
1057.0,0.002909126035,0.6823934707280265,0.6062702290326389
1057.1,0.002909671185,0.6820616368623983,0.606082592384855
1057.2,0.002910215805,0.6817818968861521,0.6058852664370089
1057.3,0.00291075568,0.6815150625725268,0.6056523387045752
1057.4,0.002911285475,0.6812339842778101,0.6054053617697948
1057.5,0.00291179888,0.6809150058093205,0.6051603954543127
1057.6,0.002912291105,0.6805920500845315,0.6049144948291753
1057.7,0.002912761135,0.6804402985929925,0.6046576928775299
1057.8,0.002913210155,0.6805965425620262,0.6043751681935554
1057.9,0.00291363987,0.6809591514692888,0.6040825363776959
1058.0,0.00291405116,0.6813024647144731,0.6037870582788923
1058.1,0.00291444264,0.6815171297404929,0.6034648986336817
1058.2,0.00291481148,0.6816810203460454,0.6031205895036262
1058.3,0.00291515658,0.6818883528948116,0.6027950859471951
1058.4,0.0029154772,0.682125304379116,0.6024881963272365
1058.5,0.00291577082,0.6823508518820878,0.6021531033733897
1058.6,0.002916035945,0.6825616087668466,0.6017682124060721
1058.7,0.002916270205,0.682759145829719,0.6013795446160665
1058.8,0.002916472955,0.682948307406577,0.6010047702054121
1058.9,0.002916645595,0.6831649453527833,0.6006127440528598
1059.0,0.00291678784,0.6834277270118854,0.6001956373095167
1059.1,0.00291689948,0.6836528786741829,0.5997853647868324
1059.2,0.002916980165,0.6837012026523804,0.599407082473821
1059.3,0.00291703084,0.6834874738209713,0.5990478966459137
1059.4,0.002917053515,0.6830086385518965,0.5986724342264682
1059.5,0.002917051325,0.6823283140963909,0.5982680339687719
1059.6,0.00291702749,0.6814986697420604,0.5978371381469537
1059.7,0.0029169837,0.6805476153980391,0.5973972642816502
1059.8,0.002916918285,0.6795306190242191,0.5969912253692258
1059.9,0.00291683127,0.6785512463640183,0.596631424417477
1060.0,0.002916725495,0.6776972986489196,0.5962853440574833
1060.1,0.00291660251,0.6769509567653915,0.5959426779803857
1060.2,0.002916462775,0.6762264615171766,0.5956106600174281
1060.3,0.00291630694,0.6754633686616197,0.5952966239025012
1060.4,0.002916134395,0.6746526492614343,0.5950022258832518
1060.5,0.002915945265,0.6738191470313251,0.5946899672814483
1060.6,0.00291574051,0.6730227972759372,0.5943354913292472
1060.7,0.002915518305,0.6723783372421651,0.5939712626168124
1060.8,0.002915277925,0.6719470405531244,0.5936015285774114
1060.9,0.00291502131,0.6716806334961,0.593203915416484
1061.0,0.0029147473,0.671537596782582,0.5928026466983448
1061.1,0.00291445396,0.6715066835108706,0.5924181823593095
1061.2,0.002914139115,0.6715570746570343,0.5920631547434386
1061.3,0.00291380197,0.6716498773040214,0.5917641838219226
1061.4,0.002913445035,0.6717301826954323,0.5915394355401219
1061.5,0.002913072965,0.6717373580930532,0.5913928752162837
1061.6,0.0029126887,0.6716633673028758,0.591334290168161
1061.7,0.00291229566,0.6715534492591121,0.5913652166345615
1061.8,0.00291189762,0.67147189979701,0.5914244256029852
1061.9,0.002911499475,0.6714737219207492,0.591468909298323
1062.0,0.0029111058,0.6715615357186023,0.5915449628582367
1062.1,0.00291072143,0.6716696127890712,0.591675571431217
1062.2,0.00291034857,0.6717437229597694,0.5918297105331727
1062.3,0.002909989845,0.6718024079105384,0.591996123837626
1062.4,0.002909648475,0.6718908186109958,0.5921955471127277
1062.5,0.00290932579,0.6720280810772163,0.5924250473675762
1062.6,0.002909021175,0.67220549309755,0.5926570527284067
1062.7,0.00290873496,0.6723914188339747,0.592906939406303
1062.8,0.00290846867,0.672536466166791,0.5931965320454295
1062.9,0.002908221415,0.6726085468686349,0.5934804654195497
1063.0,0.00290799258,0.6726329256276267,0.5936778378629671
1063.1,0.00290778173,0.6726951354453531,0.5938082767899442
1063.2,0.002907589065,0.6728094077365347,0.5939617090335528
1063.3,0.00290741472,0.6728455988839042,0.5941416054253568
1063.4,0.00290725766,0.6727035737632207,0.5942829148912337
1063.5,0.00290711618,0.6725042145766091,0.5944232843925888
1063.6,0.00290699045,0.6724322469721007,0.5946473371257761
1063.7,0.00290688141,0.6725454636881508,0.5949308853406371
1063.8,0.002906789705,0.672811211010718,0.595228445058733
1063.9,0.002906717725,0.6731908222174219,0.5954915949124941
1064.0,0.00290666913,0.673654200850641,0.5956854085597536
1064.1,0.002906644065,0.6741816051421403,0.595878753481389
1064.2,0.00290664283,0.674733746334194,0.5961489524407463
1064.3,0.002906666255,0.6752446069987795,0.5964722129000227
1064.4,0.002906715975,0.6756863840409127,0.5968128721277333
1064.5,0.002906795505,0.6761159905531058,0.5971904702018648
1064.6,0.002906907495,0.6765946184770655,0.5976130439447435
1064.7,0.00290705222,0.6771090856900174,0.5980162824414764
1064.8,0.00290722897,0.6775988097192296,0.5983733106235494
1064.9,0.00290743685,0.6780211465860222,0.5987328841239901
1065.0,0.002907675645,0.678363957176382,0.5991243165155308
1065.1,0.002907947105,0.678627147242529,0.5995160618097
1065.2,0.002908251745,0.6788032272275775,0.5998560292587082
1065.3,0.002908590275,0.6788886282822727,0.6001525371715836
1065.4,0.00290896343,0.6788979902283804,0.6004920761073539
1065.5,0.002909372575,0.6788546111170196,0.6008566051560464
1065.6,0.002909816415,0.6787832215655595,0.6011438635918313
1065.7,0.002910289805,0.6787064724570322,0.6013426095395568
1065.8,0.00291078908,0.6786143358276877,0.6014927022701747
1065.9,0.002911311315,0.6784462040720529,0.6015939733943187
1066.0,0.002911852425,0.6781419408235528,0.6016244166837691
1066.1,0.002912408695,0.6777150926297095,0.6015784501566988
1066.2,0.002912975855,0.6772389905462433,0.6014856066690073
1066.3,0.002913548425,0.6767724891699265,0.6014091981091237
1066.4,0.002914121165,0.6763257484114007,0.6013579467948915
1066.5,0.00291469094,0.6758643678311091,0.6012856430399692
1066.6,0.002915253165,0.6753303536286667,0.6011776068102049
1066.7,0.002915800455,0.6746983280186174,0.6010547824755017
1066.8,0.00291632668,0.6740074478117959,0.600946481723636
1066.9,0.00291682894,0.6733275380465207,0.6008163619824726
1067.0,0.00291730313,0.6726928923481984,0.6006490269347347
1067.1,0.002917743685,0.67210486160167,0.6004764737015991
1067.2,0.00291814855,0.6715513883743313,0.6003362493418246
1067.3,0.002918517185,0.6710273644365272,0.6002202504313207
1067.4,0.00291884816,0.6705113452768044,0.6001231287227534
1067.5,0.002919140105,0.6699453810770749,0.6000560067107539
1067.6,0.00291939538,0.6692805258237957,0.6000004017774224
1067.7,0.002919616765,0.6685175083664624,0.5999465900651776
1067.8,0.00291980537,0.6676878514457613,0.5998850544332347
1067.9,0.00291996194,0.666828412226704,0.5997823444596553
1068.0,0.00292008671,0.6660033671640182,0.5996395257726675
1068.1,0.002920180175,0.665291771295239,0.5995016280764123
1068.2,0.002920243285,0.6647179908129873,0.599376524830398
1068.3,0.00292027659,0.6642557682858646,0.5992450108504149
1068.4,0.002920281005,0.6639009379620122,0.5990780207495505
1068.5,0.00292025432,0.6636407198425154,0.5988831590669819
1068.6,0.00292019455,0.6634247793298783,0.5986777667658384
1068.7,0.00292010103,0.6632772501388656,0.5984906868082727
1068.8,0.002919973525,0.6632695972191616,0.5983553802976381
1068.9,0.002919811315,0.6634170949942476,0.5982719270303882
1069.0,0.00291961261,0.6636616177168471,0.5981962278421258
1069.1,0.00291937751,0.6639434876929124,0.5980881746477612
1069.2,0.002919104885,0.6643253105808445,0.5979845052317854
1069.3,0.002918794785,0.6649233692911231,0.5979208741575425
1069.4,0.00291844937,0.6657355778062263,0.5978798795150059
1069.5,0.002918071415,0.6667030438302699,0.5978174303079193
1069.6,0.00291766397,0.6677791461282745,0.5977206189887062
1069.7,0.002917228205,0.668902083289559,0.5976241161738918
1069.8,0.002916765035,0.6700040974437705,0.5975782558326532
1069.9,0.002916277355,0.6710000702795528,0.5975964663886291
1070.0,0.002915766455,0.6718022319813498,0.5976590337195994
1070.1,0.00291523534,0.6724080944077799,0.5977594584986826
1070.2,0.002914687705,0.6728815449870466,0.597896840345424
1070.3,0.00291412787,0.6732839264573036,0.5980529712171221
1070.4,0.00291355843,0.6736455991699555,0.5982219461762252
1070.5,0.00291298241,0.6739858650702658,0.5983956530021831
1070.6,0.002912404195,0.6743490897296884,0.5985375951848205
1070.7,0.002911825665,0.6747446350943314,0.5986703412974423
1070.8,0.00291124994,0.675080653561374,0.598847020698369
1070.9,0.002910683455,0.6752679553153811,0.599017038666233
1071.0,0.00291013097,0.6753027076133151,0.5991261914180265
1071.1,0.00290959514,0.6752186700098315,0.5992151764016209
1071.2,0.00290907838,0.6750311797602654,0.5992925494304491
1071.3,0.00290858137,0.6747525204918919,0.599342201045702
1071.4,0.002908106365,0.6744042937957975,0.5993511344785718
1071.5,0.00290765623,0.6739878882559347,0.5993199818175002
1071.6,0.00290722804,0.6735670719199863,0.5992354974795413
1071.7,0.002906819995,0.6732701411487396,0.5991024083050017
1071.8,0.002906433265,0.6731088894810162,0.5989487134242473
1071.9,0.0029060689,0.6729665502010673,0.5988180533291474
1072.0,0.002905727165,0.6727555105729698,0.5987363794599764
1072.1,0.00290540837,0.6724637005977484,0.5986862559775069
1072.2,0.002905113805,0.6721034039026788,0.5986594958912836
1072.3,0.00290484561,0.6717142485374933,0.5986725052264622
1072.4,0.00290460587,0.6714196865271075,0.5987050854272356
1072.5,0.00290439442,0.6714326424552108,0.5987454599193823
1072.6,0.00290421076,0.6718968253361494,0.5988118951792278
1072.7,0.002904054825,0.672681142791674,0.598870317492851
1072.8,0.00290392473,0.6734872000683615,0.5988839909607164
1072.9,0.002903817495,0.6740785106376201,0.5988718267139618
1073.0,0.00290373055,0.674420875121823,0.598844717910954
1073.1,0.00290366062,0.6746654166939785,0.5988070049761033
1073.2,0.002903603785,0.6749494229530483,0.5987988858440493
1073.3,0.002903556865,0.6752792587657487,0.5988557694055908
1073.4,0.00290351791,0.6757568122650208,0.5989492556631393
1073.5,0.00290348406,0.6765043479537572,0.5990247512761977
1073.6,0.00290345077,0.6772650280661563,0.5990932524473721
1073.7,0.00290341732,0.6778497664235836,0.5991718368743275
1073.8,0.00290338285,0.6784360567277818,0.5992346435946581
1073.9,0.002903346855,0.6791228025986712,0.599274813254964
1074.0,0.00290330784,0.6797759397113525,0.5993258572240809
1074.1,0.00290326433,0.6802754152441615,0.5993714153441063
1074.2,0.002903215605,0.6806535373359476,0.599348685292939
1074.3,0.00290315987,0.6809938032362579,0.5992815525995244
1074.4,0.002903095555,0.6813355456851153,0.5992224045779982
1074.5,0.00290302335,0.6816524067201565,0.5991747334227542
1074.6,0.00290294469,0.6818581119239282,0.5991229901351125
1074.7,0.00290286199,0.6819156533349714,0.5990823743686499
1074.8,0.002902776525,0.6819017612122572,0.5990971605886332
1074.9,0.0029026892,0.6818838164350198,0.5991851025634666
1075.0,0.002902599875,0.6818465697125189,0.5993338821083554
1075.1,0.002902508925,0.6817655543211681,0.5995054997751985
1075.2,0.002902417485,0.6816529784900195,0.5996635941423051
1075.3,0.002902324325,0.6815383354909047,0.5998032844313285
1075.4,0.002902228185,0.6813748344428412,0.5999140148909525
1075.5,0.00290213125,0.6811442980907355,0.5999976491139394
1075.6,0.002902033155,0.6809797917330229,0.6000881250974072
1075.7,0.002901931895,0.6809756888130173,0.600180415036473
1075.8,0.002901827715,0.6810703952651525,0.6002818985322805
1075.9,0.00290172118,0.6811832035741575,0.6004548840485652
1076.0,0.00290161449,0.6812782304687434,0.6007085406376458
1076.1,0.00290150895,0.6813486901087781,0.6010055832495909
1076.2,0.0029014062,0.6814899172649275,0.601304568622433
1076.3,0.002901309185,0.6817545273309541,0.6015678611045007
1076.4,0.00290121844,0.6819689096136351,0.6018003395891848
1076.5,0.00290113557,0.6818550017472012,0.6019995379262525
1076.6,0.00290106129,0.6813698455937073,0.6021744165662701
1076.7,0.00290099428,0.6808484731601028,0.6023505022061852
1076.8,0.002900932265,0.6805853082266969,0.6025144770064209
1076.9,0.002900873515,0.6804182760284908,0.6026389783232826
1077.0,0.00290082084,0.6800536125196328,0.6027226873161746
1077.1,0.002900773765,0.6795160985829742,0.6028334824926074
1077.2,0.002900729655,0.6789178890762483,0.6029419428373798
1077.3,0.00290068735,0.6781822537404837,0.6029750439142151
1077.4,0.0029006459,0.6771986901956831,0.6029566140750721
1077.5,0.002900605715,0.6762007632892703,0.6029395200411254
1077.6,0.00290056845,0.6758028554469518,0.6029352996255546
1077.7,0.002900537335,0.6761100717925463,0.6029300387144968
1077.8,0.0029005143,0.676715004307551,0.6029307248383324
1077.9,0.00290049936,0.6774446077854207,0.6029828495153222
1078.0,0.00290049176,0.6782200847992181,0.6031180737162293
1078.1,0.002900492605,0.6788987881929144,0.6033075808682791
1078.2,0.002900503145,0.6793938340800818,0.6035204545581677
1078.3,0.002900522225,0.6796854806924851,0.6037366325752096
1078.4,0.002900547495,0.6798382186441173,0.6039326729833417
1078.5,0.00290057628,0.6800008023471259,0.6041068887473096
1078.6,0.002900605985,0.6802562515289746,0.6042422285588261
1078.7,0.002900633235,0.6805616331844595,0.6043325392945205
1078.8,0.00290065791,0.6808028509515874,0.6043848838829959
1078.9,0.00290068086,0.6808937372270558,0.6044181118801745
1079.0,0.00290069993,0.6807828767054959,0.604418848897811
1079.1,0.00290071364,0.6804422966459202,0.6043542539829421
1079.2,0.002900722965,0.6798541779347975,0.6042506964076647
1079.3,0.00290072865,0.6790429370302317,0.6041377511252198
1079.4,0.002900731855,0.6781216272854547,0.6039841655718897
1079.5,0.002900731765,0.6772145615217691,0.6037969618355735
1079.6,0.002900728485,0.6764673274259274,0.6036165068685957
1079.7,0.00290072363,0.6760392540109492,0.6034311604418563
1079.8,0.00290071883,0.6759141934905951,0.6032219020967933
1079.9,0.002900714645,0.6759286636663575,0.6029923534614179
1080.0,0.002900710655,0.6759424489749215,0.6027390148015138
1080.1,0.0029007076,0.6758818665021897,0.6024681592492919
1080.2,0.00290070699,0.6757265650109521,0.6021891129367035
1080.3,0.002900708245,0.6754647195464607,0.601882619785738
1080.4,0.002900710175,0.6751027326745435,0.6015311930633664
1080.5,0.00290071107,0.6746961980187983,0.6011492671311954
1080.6,0.00290071083,0.6742935715043142,0.6007804290740193
1080.7,0.00290071078,0.6738854974681688,0.6004075245393123
1080.8,0.00290071076,0.6734740682110695,0.5999802428056827
1080.9,0.00290070788,0.6730797669171174,0.5995045095451942
1081.0,0.002900699505,0.6726794526148264,0.5990467179203501
1081.1,0.002900687495,0.6722350617676055,0.5986158987533927
1081.2,0.002900672955,0.6717054897771751,0.5981624312166771
1081.3,0.00290065286,0.6710519128415223,0.5976692206479379
1081.4,0.002900624155,0.6702642087491171,0.5971736111590484
1081.5,0.00290058659,0.6693798755498729,0.5967122217822975
1081.6,0.002900539625,0.6684374543024637,0.5963308399739741
1081.7,0.00290048063,0.667462090314489,0.5960246936548373
1081.8,0.00290040626,0.6665196753502651,0.5957433935636793
1081.9,0.002900313395,0.6656933233850354,0.5954470182260139
1082.0,0.00290019846,0.6649985350369528,0.5951312554917645
1082.1,0.00290005971,0.6643612692503574,0.5947882319014228
1082.2,0.002899896305,0.663721446207342,0.594423236012062
1082.3,0.00289970849,0.6630996433397877,0.5940756414044094
1082.4,0.002899496355,0.6625788175433049,0.5937653123688137
1082.5,0.002899262815,0.6622372007581535,0.5934706473141887
1082.6,0.002899011935,0.6620992471415491,0.5931866888073273
1082.7,0.00289874707,0.662122972449269,0.5929267414931171
1082.8,0.002898471115,0.6622292650951106,0.5926690605238474
1082.9,0.00289818712,0.6622903439394817,0.5923928661490699
1083.0,0.00289789766,0.6621593772249388,0.5921547868330029
1083.1,0.00289760593,0.6616296355885052,0.5920356896838239
1083.2,0.002897317925,0.6606692884134147,0.592018775348977
1083.3,0.002897041055,0.6600096482039404,0.5920572680271243
1083.4,0.00289678041,0.6601263835037625,0.5921778266452058
1083.5,0.00289654021,0.660533251168329,0.5923870680256685
1083.6,0.00289632436,0.6608890051204215,0.5926232994569366
1083.7,0.00289613584,0.6612081783676556,0.5928503071721738
1083.8,0.002895975105,0.6615661063018643,0.593093740390441
1083.9,0.002895842035,0.6620659902417182,0.5933544190674209
1084.0,0.00289573654,0.6626794993046672,0.5936141571515603
1084.1,0.00289565912,0.6632551207602138,0.5938483697953892
1084.2,0.002895608995,0.6637253040831207,0.5940370268324671
1084.3,0.002895583085,0.6641405032514044,0.5941768672896192
1084.4,0.00289557976,0.6646354674571628,0.594313477561205
1084.5,0.00289559866,0.6653571792542866,0.594524118835354
1084.6,0.002895638955,0.6663351570473491,0.5948426926667099
1084.7,0.002895698955,0.6674973012849504,0.5952154369801915
1084.8,0.00289577831,0.6687439794976745,0.5956229392464739
1084.9,0.00289587671,0.6699614974473879,0.5960827829596393
1085.0,0.002895994165,0.6710824491221152,0.5965320966825484
1085.1,0.002896129815,0.672121876467482,0.5968719013970571
1085.2,0.002896281335,0.6731071490386861,0.5971128345358907
1085.3,0.002896446815,0.6740338937387539,0.5973660305674883
1085.4,0.0028966243,0.6749283177336015,0.5976886174692997
1085.5,0.00289681049,0.675875614732809,0.5980623419596893
1085.6,0.00289700091,0.676915538449815,0.598474288951258
1085.7,0.002897192135,0.6779564360605437,0.5989252092846502
1085.8,0.00289738192,0.6788909279280951,0.5994008237929365
1085.9,0.002897567555,0.6796677306939923,0.5998661345056376
1086.0,0.00289774673,0.6803031429409221,0.6002762185327628
1086.1,0.002897918935,0.6808939320058003,0.6006253154500224
1086.2,0.00289808378,0.6815301861995612,0.6009438277061622
1086.3,0.00289824074,0.6821027540270486,0.6012629959268481
1086.4,0.00289839196,0.6824060245322702,0.6016028018979939
1086.5,0.002898538735,0.6824361272730769,0.6019635874248803
1086.6,0.00289868136,0.6823503052449661,0.602301558077598
1086.7,0.002898822355,0.6822033541070018,0.6025834946554276
1086.8,0.00289896345,0.6819440407661892,0.6028144092552888
1086.9,0.002899104685,0.6815591893829391,0.6030062191947537
1087.0,0.002899245655,0.6811132465889475,0.6031381321570038
1087.1,0.00289938654,0.6806485987522962,0.6031735850300997
1087.2,0.00289952449,0.6801125990632966,0.6031440050503105
1087.3,0.00289965634,0.6794588776143817,0.603086284568486
1087.4,0.00289977929,0.678731014578842,0.602978691303286
1087.5,0.00289988953,0.6780172447279466,0.6028385919788991
1087.6,0.00289998659,0.6773833153127492,0.6027123238303289
1087.7,0.00290007147,0.676851965180877,0.602613600537827
1087.8,0.00290014718,0.6764119222978886,0.6025237289967857
1087.9,0.002900217865,0.6760318838345839,0.6024122294752801
1088.0,0.002900285275,0.6756703619183794,0.6022749883718895
1088.1,0.00290034896,0.6752846371723716,0.6021023503157523
1088.2,0.002900411815,0.6748193044685219,0.6018748512554241
1088.3,0.002900477525,0.6742417854910125,0.6016293207099014
1088.4,0.002900546615,0.6735931848381229,0.6014026127026033
1088.5,0.002900620205,0.67296783197087,0.6011579875640832
1088.6,0.00290069976,0.6724148928142822,0.600867039641886
1088.7,0.002900785665,0.6718942869292853,0.6005629001721364
1088.8,0.002900876545,0.6713574201607133,0.6002809943819148
1088.9,0.00290097014,0.6708019677300027,0.5999916819728531
1089.0,0.002901064815,0.6702528487500818,0.5996362227021514
1089.1,0.00290115693,0.6697331539269543,0.5992284804181903
1089.2,0.00290124212,0.6692531311358564,0.598786063747793
1089.3,0.00290131743,0.6688219663937072,0.5983006556385682
1089.4,0.00290137966,0.6684533256285496,0.5977627948700807
1089.5,0.00290142461,0.6681389590180755,0.5971938681484789
1089.6,0.002901450305,0.6678243536465597,0.5966357943728581
1089.7,0.002901456085,0.6674556814654756,0.5961015652854781
1089.8,0.002901441805,0.6670336336252071,0.5955758876133012
1089.9,0.00290140594,0.666628858261348,0.5950458362158318
1090.0,0.00290134895,0.666317645809898,0.5945070072084885
1090.1,0.002901275385,0.6660953781296566,0.5939679991303639
1090.2,0.002901187235,0.6658951895625845,0.5934686963851509
1090.3,0.002901084845,0.6656397592302917,0.5929833818953872
1090.4,0.002900967575,0.6652954783745701,0.592479278168281
1090.5,0.0029008331,0.6649041992927508,0.592004900190863
1090.6,0.002900680505,0.6645459069337942,0.5916065054016834
1090.7,0.00290050961,0.6642716458951359,0.5912799406152539
1090.8,0.00290032138,0.6640856070613756,0.5909893068523221
1090.9,0.002900117055,0.6639831660081272,0.5906989470362697
1091.0,0.002899897795,0.6639832602559069,0.5904644434809609
1091.1,0.00289966544,0.6641192409523249,0.590333687253126
1091.2,0.00289942344,0.6643855411951991,0.590271661532729
1091.3,0.002899175145,0.6647465855893203,0.590230138474308
1091.4,0.00289892398,0.6651889721004282,0.5902141553075236
1091.5,0.002898671655,0.6657300486031559,0.5902405126415687
1091.6,0.002898418155,0.6663844109369721,0.5902985378578806
1091.7,0.00289816305,0.6671155286625009,0.5904054186098667
1091.8,0.00289790683,0.6678864880660623,0.5905858365060512
1091.9,0.00289765132,0.6686439386212135,0.5908476405015196
1092.0,0.002897398575,0.6692858665313068,0.5911681426424462
1092.1,0.002897149445,0.6697801144539401,0.5915044526492871
1092.2,0.002896903785,0.6702037079577943,0.5918579773272327
1092.3,0.00289666392,0.67066824269711,0.5922447519935052
1092.4,0.00289643406,0.6712430850376786,0.5926595616042999
1092.5,0.002896217775,0.6719013869286824,0.5930981518148453
1092.6,0.002896019145,0.6725549512979646,0.5935542545194787
1092.7,0.002895841055,0.6731348327531496,0.5940091640472224
1092.8,0.00289568421,0.6736170735086608,0.5944414603910455
1092.9,0.00289554643,0.6739847089641693,0.5948495576749765
1093.0,0.00289542641,0.6742373495621856,0.5952157913518429
1093.1,0.002895322845,0.6744370668903596,0.5955244785911178
1093.2,0.002895234625,0.6746806220024218,0.5957985970014698
1093.3,0.00289516039,0.6749892583478958,0.5960622149525363
1093.4,0.00289509852,0.6752975993836603,0.5963286999210585
1093.5,0.002895047705,0.6755312584788637,0.5965991257034055
1093.6,0.0028950083,0.6756479623627593,0.5968305096572091
1093.7,0.002894977885,0.6756479686459446,0.5970239017027343
1093.8,0.002894954205,0.675596779535247,0.5972282183225532
1093.9,0.00289493625,0.6755575598925596,0.5974412842779123
1094.0,0.002894923655,0.6754952683934242,0.5976205077405699
1094.1,0.002894914425,0.6753346450442315,0.5977857021070736
1094.2,0.00289490543,0.6750400202019925,0.5979932639921036
1094.3,0.002894896515,0.6746181734236538,0.5982332477416372
1094.4,0.00289488741,0.6740939358575493,0.5984648918193126
1094.5,0.002894878035,0.673473527857133,0.5986434266448605
1094.6,0.002894866825,0.6727054775683687,0.5987814368101327
1094.7,0.002894853015,0.6717194007494453,0.5988994633045355
1094.8,0.002894837,0.6706883865892048,0.5989772667315572
1094.9,0.002894819,0.6700488525727135,0.599009806091626
1095.0,0.002894800125,0.6700122027528168,0.5989925612612319
1095.1,0.00289478108,0.6703213794522271,0.5989053123217379
1095.2,0.00289476175,0.6706185929668127,0.598779375925352
1095.3,0.0028947417,0.6707410019829672,0.598641307954775
1095.4,0.002894721145,0.6706767249972747,0.5984599796250395
1095.5,0.0028947,0.6704475583795659,0.5982246674237818
1095.6,0.002894678225,0.6700793637205652,0.5980064046458551
1095.7,0.00289465822,0.6696055989820333,0.5978416086332998
1095.8,0.00289464234,0.6690547709757088,0.5976769904348888
1095.9,0.002894630165,0.6684504730624202,0.5974600483825137
1096.0,0.00289461815,0.6678152430278643,0.5971987313339067
1096.1,0.0028946027,0.6671672581271348,0.5969334081263477
1096.2,0.00289458258,0.666502101280961,0.5966658154322558
1096.3,0.00289455827,0.6657943507215895,0.5963712948908929
1096.4,0.00289453075,0.6650266397248319,0.596026628875912
1096.5,0.002894499645,0.6642551713832604,0.5956686720390508
1096.6,0.002894462345,0.6636138215262154,0.5953692462149186
1096.7,0.00289441628,0.663145265548303,0.5951259418019502
1096.8,0.00289435921,0.6627451083256447,0.5948806556723358
1096.9,0.002894288445,0.6623114051766313,0.5946658059206681
1097.0,0.002894203305,0.6618219261916461,0.5945011632178343
1097.1,0.00289410317,0.6613012009261283,0.5943312118517345
1097.2,0.00289398585,0.6608064880477823,0.5941316918155791
1097.3,0.0028938508,0.6603983511797837,0.5939173736213883
1097.4,0.00289369845,0.6601256483710816,0.5936986791886311
1097.5,0.002893528855,0.6600255572291381,0.5934976430198611
1097.6,0.002893344695,0.6601616007574093,0.5933044935052887
1097.7,0.002893151185,0.6604282905577725,0.5931196918307153
1097.8,0.00289295266,0.6605988036406387,0.5929875451339718
1097.9,0.002892753175,0.6606840350493306,0.592907665114206
1098.0,0.00289255782,0.6607982319422886,0.592841268181791
1098.1,0.002892367725,0.6610191047553918,0.592795666707787
1098.2,0.002892183565,0.6614126834830336,0.5927455608182364
1098.3,0.002892005675,0.6620018954683996,0.5926309228456698
1098.4,0.00289183701,0.6627439585027335,0.5923772606017225
1098.5,0.002891679295,0.6635661447161045,0.5920236221981229
1098.6,0.002891533265,0.6644051510165428,0.5916657577240857
1098.7,0.002891399105,0.6652224112126329,0.5913321928409055
1098.8,0.002891277025,0.6659880864573512,0.5910041188333652
1098.9,0.002891165035,0.6666914764861194,0.5907085288938632
1099.0,0.002891061995,0.6673266374056368,0.5905043178315574
1099.1,0.00289096758,0.6679146555857944,0.5904002865041079
1099.2,0.002890882175,0.6684825361570427,0.5903512764020749
1099.3,0.00289080167,0.6690567627454512,0.5903411887480642
1099.4,0.002890722565,0.6696460626954115,0.5903718293295331
1099.5,0.00289064334,0.6702489720247472,0.5904359517488671
1099.6,0.002890562095,0.6708530186106236,0.5905245515732022
1099.7,0.00289047505,0.6714276975883742,0.590625828352213
1099.8,0.002890378595,0.6719614478970338,0.5907468538109628
1099.9,0.00289027364,0.6724983837806441,0.590896942143351
1100.0,0.002890162405,0.6730575998393536,0.5910806040481095
1100.1,0.00289004633,0.6735994805898007,0.5912619744751866
1100.2,0.0028899241,0.6741320496596226,0.5914202422582077
1100.3,0.0028897943,0.6747251509366938,0.5915944027301447
1100.4,0.00288965804,0.6754006687554392,0.59178060618336
1100.5,0.002889515255,0.6761179446237363,0.5919901252806132
1100.6,0.002889366295,0.676807373414752,0.5922986604668038
1100.7,0.002889213485,0.6774439920332606,0.5927394686417625
1100.8,0.002889058505,0.678076777908732,0.593263613845043
1100.9,0.002888906,0.6787428520999608,0.5938028217284606
1101.0,0.00288875809,0.6794778905331212,0.594368962485697
1101.1,0.00288861552,0.680347137804443,0.5949711605584561
1101.2,0.002888478565,0.6813538925862124,0.5955512041198219
1101.3,0.00288834714,0.6823638769252296,0.5960404738747365
1101.4,0.00288822025,0.6832213369409151,0.5964879598190396
1101.5,0.002888097345,0.683843598480997,0.5969811722727343
1101.6,0.00288798125,0.6842825606561125,0.5975068618829633
1101.7,0.00288787302,0.6846706855789075,0.5980046579203397
1101.8,0.00288777369,0.6850202505934725,0.5984576648995723
1101.9,0.002887685705,0.6852428198666086,0.5988987621010552
1102.0,0.00288760995,0.68537927808511,0.5993722528927077
1102.1,0.00288754622,0.6856034432873143,0.5999161247845787
1102.2,0.002887498805,0.6859922405109372,0.6004898078774581
1102.3,0.002887472525,0.6864132579088155,0.6010139895232133
1102.4,0.002887469235,0.6867258840769594,0.6014436840000007
1102.5,0.002887488305,0.6869438289257096,0.6017803829360122
1102.6,0.00288753021,0.6871490314746568,0.602043822444616
1102.7,0.002887597575,0.6873661909252435,0.602245718153136
1102.8,0.00288769173,0.6875564897586421,0.6024159547758487
1102.9,0.002887811825,0.6876554813431567,0.602604375565159
1103.0,0.0028879597,0.6876276468322459,0.6028112576095388
1103.1,0.002888135235,0.687535114362227,0.603011358840335
1103.2,0.002888338,0.6874263335750038,0.6032010299835213
1103.3,0.002888564665,0.687294568895927,0.603395635940448
1103.4,0.00288881283,0.6871421702363013,0.6035712082441236
1103.5,0.002889082655,0.6869786377723114,0.603669170642885
1103.6,0.00288937241,0.6868104306184528,0.6036490619366278
1103.7,0.002889678405,0.6866567124899127,0.603531134716553
1103.8,0.00288999709,0.6865350323232539,0.6033921431177357
1103.9,0.00289032585,0.6864638815328353,0.6033163283188637
1104.0,0.00289066243,0.6864556254273417,0.6033077850718015
1104.1,0.002891007955,0.6864986715298812,0.6032628527570328
1104.2,0.00289136063,0.6865778019656399,0.6031757860299127
1104.3,0.0028917173,0.6867084670872879,0.6030923547538113
1104.4,0.002892074305,0.6869002864515309,0.603028868821149
1104.5,0.002892427845,0.6870917790901377,0.6029862273557434
1104.6,0.00289277379,0.6872179014688088,0.6029503654472841
1104.7,0.00289310921,0.6873033904880983,0.6029006478585854
1104.8,0.00289343167,0.6874981001175824,0.6028482567745386
1104.9,0.0028937389,0.6879608755650122,0.6028229185731504
1105.0,0.002894033025,0.688678968247399,0.6028046099994837
1105.1,0.00289431555,0.6895130925128538,0.6027784933114358
1105.2,0.002894585365,0.6903924996948172,0.6027688599317229
1105.3,0.00289484312,0.6913244971378018,0.6027692865600053
1105.4,0.00289509237,0.6922953812146525,0.6027681870025765
1105.5,0.00289533741,0.6932701420168377,0.6027892369299926
1105.6,0.002895580925,0.6941641387550844,0.6028613446495334
1105.7,0.002895823785,0.6949055483381463,0.6029672609325751
1105.8,0.002896065005,0.695500622535404,0.6030360787762891
1105.9,0.00289630516,0.6959731746191716,0.6030342409445867
1106.0,0.00289654505,0.6963000070692952,0.6030216230518528
1106.1,0.0028967853,0.6964555410383891,0.6030102592829062
1106.2,0.002897025385,0.6964792223638119,0.602949984057936
1106.3,0.002897264305,0.6964270028107239,0.6028439829518927
1106.4,0.0028975004,0.6963191645012968,0.6027058219901731
1106.5,0.002897731255,0.6961297955793238,0.6024964134769812
1106.6,0.002897955285,0.6957908428647426,0.602192230653253
1106.7,0.002898173405,0.6952604791929635,0.6018312528608962
1106.8,0.002898387345,0.6945864881882478,0.6014689568562618
1106.9,0.0028985998,0.6938393609065563,0.6011347711943732
1107.0,0.002898811715,0.6930752878740913,0.6008584542974823
1107.1,0.002899025515,0.6923471483783983,0.6006400721390348
1107.2,0.00289924436,0.6916712347189784,0.600443579969879
1107.3,0.00289947194,0.6910129076952334,0.6002618099322163
1107.4,0.002899711035,0.6903578416446627,0.6001357591818579
1107.5,0.00289996245,0.6897260170965435,0.6000971464948711
1107.6,0.00290022533,0.6891166046704147,0.6001376579604577
1107.7,0.00290049996,0.688482235432246,0.6002472750396453
1107.8,0.00290079291,0.6877706395634666,0.6003582474019036
1107.9,0.002901107705,0.6869887976829531,0.6004371296518427
1108.0,0.00290144084,0.6862061955370173,0.6004990341067631
1108.1,0.00290178813,0.6855150577195982,0.6005484676954859
1108.2,0.002902146375,0.684978492543921,0.6005804051264022
1108.3,0.00290251334,0.6846114916901286,0.6006430566520558
1108.4,0.002902888565,0.6843902481690922,0.6007656170929762
1108.5,0.002903271585,0.6842873107442047,0.600913377505208
1108.6,0.00290366054,0.6842872604787222,0.6010726744739824
1108.7,0.002904053535,0.6843983346285826,0.601235894035344
1108.8,0.002904448715,0.6846181581497396,0.6013537062731278
1108.9,0.0029048436,0.6848904337018408,0.6014035928795112
1109.0,0.00290523842,0.6851387137692541,0.6014238938512387
1109.1,0.002905634675,0.6852960510125311,0.6014656877149465
1109.2,0.00290603284,0.6853268826028335,0.601531646081027
1109.3,0.00290643338,0.6852659294221686,0.601619731940804
1109.4,0.002906834825,0.6852203826118768,0.6017624186809004
1109.5,0.00290723546,0.6852559894230126,0.6019657972211528
1109.6,0.002907635195,0.6853016304810838,0.6022039506788065
1109.7,0.00290803224,0.6852560145557538,0.6024709979924138
1109.8,0.00290842608,0.6851841663317662,0.6027493154555065
1109.9,0.00290881686,0.6852387797784562,0.6030257140338063
1110.0,0.002909205405,0.6854230593203304,0.6033111208148811
1110.1,0.0029095922,0.6856038202784327,0.6036058681792336
1110.2,0.00290997717,0.6857593856634532,0.6039283049129163
1110.3,0.002910361545,0.6859592349385186,0.6042961169259318
1110.4,0.002910746585,0.6861424966043731,0.6046730998762216
1110.5,0.002911134405,0.6862707050005661,0.605008947440624
1110.6,0.00291152704,0.6863820493273947,0.6053038468580608
1110.7,0.00291192797,0.6864769065759772,0.6055790277550481
1110.8,0.002912340315,0.6865953006367204,0.605836834388024
1110.9,0.002912764155,0.6867496973492737,0.6060770669516958
1111.0,0.002913198205,0.6868961835315253,0.6062632056881025
1111.1,0.002913641675,0.687011008743014,0.6063395011506505
1111.2,0.002914091745,0.6871010467884658,0.6063394100444637
1111.3,0.00291454735,0.6871848581972783,0.6063377783012394
1111.4,0.0029150082,0.6872791750919244,0.6063441148936216
1111.5,0.002915472735,0.687392668268128,0.6063474889641316
1111.6,0.00291593859,0.6874830833046983,0.606370377979887
1111.7,0.00291640439,0.6875047163117108,0.6063871201554566
1111.8,0.00291686757,0.6874751853407671,0.6063504144152106
1111.9,0.002917324885,0.6873999818958255,0.6062533718747783
1112.0,0.00291777423,0.6872600804917758,0.6061116709664567
1112.1,0.00291821373,0.6870334271481899,0.6059243880620055
1112.2,0.002918642645,0.6867238294753639,0.6056800833659362
1112.3,0.00291905973,0.6863368355259242,0.6053965257262973
1112.4,0.002919462955,0.6858355755684881,0.6050990395214695
1112.5,0.002919852235,0.6851854858006806,0.6047678666469357
1112.6,0.00292022758,0.6843251355197539,0.6044054575449658
1112.7,0.002920587725,0.6832413111870066,0.6040417899209789
1112.8,0.00292093413,0.6821413704839465,0.6036815968984669
1112.9,0.00292126718,0.6811700842832361,0.6033174322745222
1113.0,0.0029215865,0.6803194729395354,0.6029381999438923
1113.1,0.00292189113,0.6796799514894148,0.6025365938187022
1113.2,0.002922180155,0.6794148324853784,0.6021251972341664
1113.3,0.002922455585,0.6794977391155066,0.6017123473488689
1113.4,0.00292271822,0.6797157970615922,0.6012683485724113
1113.5,0.00292296689,0.6799245873093498,0.6007704846766335
1113.6,0.00292320096,0.6801290170265042,0.6002449540309929
1113.7,0.002923420955,0.6803513349722281,0.5997364960564687
1113.8,0.002923627195,0.6805757954841418,0.5992473475670307
1113.9,0.002923822985,0.6807499528144862,0.5987448969459789
1114.0,0.002924010995,0.6808097498890547,0.5982460717228492
1114.1,0.002924192315,0.6807099289240796,0.5977725457453589
1114.2,0.002924367785,0.6804341159386502,0.5973199025625555
1114.3,0.00292453762,0.6799825496938086,0.5969026965448847
1114.4,0.002924701235,0.6794139402730648,0.5965284159925955
1114.5,0.00292485795,0.6788570301433628,0.5961878566675313
1114.6,0.002925009255,0.6784163463754732,0.5958765430567979
1114.7,0.002925156135,0.6780782041917968,0.5956167798399173
1114.8,0.002925299945,0.6777564171394748,0.5954319103069426
1114.9,0.002925441495,0.6774555593774112,0.5953009316543477
1115.0,0.00292558131,0.6773043922221057,0.5951666009223915
1115.1,0.00292571827,0.6773727407118773,0.5950118177939417
1115.2,0.00292585076,0.6775847856496239,0.5948717850713191
1115.3,0.00292597855,0.6778342343895043,0.5947624934611305
1115.4,0.00292609995,0.6780810441915556,0.594651803842211
1115.5,0.002926213235,0.678292429394845,0.5945219014992592
1115.6,0.002926315605,0.6784570362835226,0.5944345803031341
1115.7,0.00292640473,0.6786372191885764,0.5944474972754886
1115.8,0.002926482255,0.6788993222636655,0.5945362353299004
1115.9,0.0029265503,0.6792263243597924,0.5946693684867372
1116.0,0.002926609515,0.6795855340638038,0.5948538327542595
1116.1,0.002926658935,0.6799835235875312,0.5950867007964327
1116.2,0.002926699215,0.6803971770922294,0.5953436786772667
1116.3,0.00292673324,0.680782185555112,0.5956114799731107
1116.4,0.002926764325,0.6811518756122159,0.5958722158270768
1116.5,0.002926795645,0.6815707944262015,0.5961424964678431
1116.6,0.00292683146,0.6820597079245091,0.5964668319801256
1116.7,0.00292687709,0.6825598620413312,0.5968750191136065
1116.8,0.002926936675,0.6830011175790839,0.5973415286580643
1116.9,0.002927015075,0.6833592402920371,0.5978020999640883
1117.0,0.002927116205,0.6836568559304823,0.5982400800773402
1117.1,0.002927242185,0.6839092200683451,0.5986704663328299
1117.2,0.00292739519,0.6841222765989262,0.599064972458623
1117.3,0.002927576565,0.6843501425972764,0.5993841827766505
1117.4,0.002927786635,0.6846855327457884,0.5996088927310208
1117.5,0.002928025975,0.6851268699649501,0.5997377526935302
1117.6,0.00292829695,0.6855366844434255,0.5997733840090886
1117.7,0.002928598425,0.6857995038016396,0.5997692603545716
1117.8,0.002928926845,0.6859249601626679,0.5997663971070271
1117.9,0.00292927976,0.6859715185657942,0.5997629287887375
1118.0,0.00292965553,0.6859633378585243,0.5997806825571416
1118.1,0.002930052105,0.685910929809877,0.5998631034970455
1118.2,0.002930466955,0.6858196037114371,0.6000008799278242
1118.3,0.00293089865,0.68568629965196,0.6001399506947763
1118.4,0.00293134726,0.6855055512602284,0.6002505441809606
1118.5,0.00293181111,0.685250598450019,0.6003064073532082
1118.6,0.002932286305,0.6848855579500425,0.6002765446300803
1118.7,0.00293276812,0.6844249627679144,0.6001455088004991
1118.8,0.002933252165,0.6839198826338114,0.599940504171889
1118.9,0.002933735025,0.6834518795762062,0.5997193209694316
1119.0,0.00293421476,0.6831315439396902,0.5995155868008907
1119.1,0.00293468883,0.6830062823574063,0.5993627904156351
1119.2,0.002935155485,0.6830287196121382,0.5992778624847935
1119.3,0.00293561239,0.6831981080048345,0.5992529986638959
1119.4,0.002936057835,0.6835389393918224,0.5992886230679506
1119.5,0.002936492245,0.6840005524499704,0.5993801935822989
1119.6,0.00293691784,0.6845333854135751,0.5994706852737299
1119.7,0.00293733241,0.6851429863352629,0.599539943568734
1119.8,0.002937734575,0.6857822187588595,0.5995981139266264
1119.9,0.002938124335,0.6864067799447637,0.5996754536545724
1120.0,0.002938500975,0.6870378756433875,0.5998110548465979
1120.1,0.00293886537,0.6877047540823356,0.6000232141383172
1120.2,0.00293921775,0.6883778717242938,0.6002959810355095
1120.3,0.002939558075,0.688997236715949,0.6006046519385027
1120.4,0.002939884235,0.6895894457807065,0.600965639783956
1120.5,0.002940192945,0.6902331266995005,0.6014144156662029
1120.6,0.002940484545,0.6908756452290128,0.6019151472077546
1120.7,0.002940759915,0.6913640058070133,0.6024113887850859
1120.8,0.00294101893,0.6916384490580456,0.6028951016909149
1120.9,0.002941263675,0.69178969789476,0.6033381843789547
1121.0,0.00294149737,0.6919301333695608,0.6036905152516919
1121.1,0.002941720885,0.6920862705244442,0.603951425149891
1121.2,0.00294193354,0.692204903346229,0.6041199829054897
1121.3,0.00294213803,0.6921980672406148,0.6042059708096926
1121.4,0.002942336185,0.6920338750421676,0.6042526756110365
1121.5,0.002942529565,0.6917846147978465,0.6042915773245473
1121.6,0.00294271879,0.6915950636634994,0.6043402028956396
1121.7,0.00294290472,0.6915733678246337,0.6043870886527203
1121.8,0.00294308852,0.6916803453376739,0.6043709628576294
1121.9,0.00294327028,0.6917704273654229,0.6042795883786626
1122.0,0.002943448715,0.6917286944486126,0.6041345548688541
1122.1,0.00294362357,0.6915387977390738,0.6039534986010424
1122.2,0.002943793335,0.6912497586485729,0.6037549618833876
1122.3,0.00294395801,0.6909030273505815,0.6035270789204371
1122.4,0.00294411735,0.6905045665879561,0.6032812392421972
1122.5,0.0029442702,0.6900377384860032,0.6030686935345815
1122.6,0.002944415055,0.689516372335584,0.6029209953258842
1122.7,0.002944550875,0.6890004222908997,0.6027790732494398
1122.8,0.002944675495,0.6885748244509325,0.6025913096813127
1122.9,0.00294478543,0.6882631093446581,0.6023957581049972
1123.0,0.00294488423,0.6880074151185824,0.602133912640506
1123.1,0.00294497524,0.687724766027539,0.6017548788585317
1123.2,0.002945056895,0.6873346242022602,0.6013117283120906
1123.3,0.002945127195,0.6867893065494501,0.6008889629320598
1123.4,0.00294518971,0.6860868338657368,0.6005306624049623
1123.5,0.002945247725,0.6852178442050127,0.600224790032705
1123.6,0.002945302905,0.6841589012860818,0.599929734163954
1123.7,0.002945354465,0.6830182204094899,0.599631059180466
1123.8,0.002945403595,0.6820137024416899,0.5993035047923507
1123.9,0.00294544985,0.6812478575509684,0.5989359359386065
1124.0,0.00294549176,0.6805871680495479,0.598530578751788
1124.1,0.00294552697,0.6798622769606585,0.5980801541617167
1124.2,0.00294555321,0.6790608692410984,0.5975716760809996
1124.3,0.0029455706,0.6782352147094379,0.5970143242433706
1124.4,0.002945580025,0.6773868904451891,0.5964390232302746
1124.5,0.00294558009,0.6765467154722835,0.5958526468464377
1124.6,0.002945568485,0.6758075929686734,0.5952566791802293
1124.7,0.002945543625,0.6752635885015926,0.5947259341191021
1124.8,0.002945503105,0.6749765537472047,0.594326508887532
1124.9,0.002945444555,0.6749177305663588,0.5940478690970331
1125.0,0.002945368135,0.6750265239199528,0.5938251276646195
1125.1,0.002945273145,0.6752347926633298,0.5936641675366943
1125.2,0.00294515751,0.6754287420273918,0.5935535244133461
1125.3,0.00294502067,0.6754838706952769,0.5934127923721988
1125.4,0.00294485783,0.6754066252151105,0.5932466417048913
1125.5,0.002944668005,0.6753463820343852,0.5930810659490394
1125.6,0.00294445594,0.6753891642431419,0.5929010583448555
1125.7,0.002944225145,0.675427397425736,0.5927413774734589
1125.8,0.002943979175,0.6753142121256125,0.5926375497212133
1125.9,0.002943717845,0.6749749766676926,0.5925905533800712
1126.0,0.002943442625,0.6743505285791238,0.5925450637467657
1126.1,0.002943157175,0.6734351878603887,0.5925026403078902
1126.2,0.00294286549,0.6723860906928342,0.5924625441608524
1126.3,0.002942571565,0.6713987823695905,0.5923774459556891
1126.4,0.002942279145,0.6706869854388813,0.5922284408444478
1126.5,0.0029419901,0.6704448754594398,0.592064011141596
1126.6,0.00294170711,0.6705563831490863,0.5919254310914165
1126.7,0.002941432625,0.6708019363140761,0.5918338467540605
1126.8,0.002941171365,0.6711197021278015,0.5917883363862435
1126.9,0.00294092639,0.6714884371407386,0.5917552686102904
1127.0,0.002940698275,0.6718254672006158,0.591752951371549
1127.1,0.00294048689,0.6720244493961088,0.5918876339618825
1127.2,0.00294029204,0.671991827097994,0.5921631491243283
1127.3,0.002940114375,0.671742202428925,0.5924950722111877
1127.4,0.00293995232,0.6714653841338466,0.5928564961097015
1127.5,0.002939804275,0.6713383255605648,0.5932196805567381
1127.6,0.002939669115,0.6713561886563931,0.5935205125577421
1127.7,0.00293954699,0.6713966146706595,0.5937277866728851
1127.8,0.002939438095,0.6713849153796175,0.5938684056166967
1127.9,0.00293934346,0.6713653621069415,0.5939780691914557
1128.0,0.002939262565,0.6714474393566093,0.5940947617656177
1128.1,0.00293919471,0.6716503045606221,0.594235484381987
1128.2,0.00293913954,0.6718881985227226,0.594375903520506
1128.3,0.00293909503,0.6720605274461426,0.5945374467280277
1128.4,0.002939061995,0.6721255458477013,0.5947126263326216
1128.5,0.0029390406,0.672095675584751,0.5948613034615897
1128.6,0.002939028135,0.6719915569210257,0.5949499811974226
1128.7,0.002939022145,0.6718182289711419,0.5949808737346224
1128.8,0.002939021095,0.6715578789047536,0.5949747067882435
1128.9,0.002939022965,0.6711785441582032,0.5949776554871081
1129.0,0.0029390279,0.6707681767594207,0.5950324857036912
1129.1,0.00293903535,0.670550282176153,0.5951073580247671
1129.2,0.002939043455,0.6704934507650496,0.5951576913656259
1129.3,0.00293905259,0.6703728324567076,0.5951955123712639
1129.4,0.00293906553,0.6701099942489377,0.5952170266260742
1129.5,0.00293908404,0.6698020364874769,0.5951892273010012
1129.6,0.00293910798,0.6696033998671758,0.5950918159375913
1129.7,0.00293913525,0.6696051591590618,0.5949505491973744
1129.8,0.002939163875,0.6697779530381945,0.594820524332309
1129.9,0.00293919477,0.6700126551421589,0.5947117617663232
1130.0,0.00293922849,0.6701927312330627,0.5946366431443832
1130.1,0.002939265645,0.6702356328223401,0.5946189735706625
1130.2,0.002939306785,0.6701538257496407,0.5946726036988519
1130.3,0.00293935321,0.6700270059374005,0.594785555264482
1130.4,0.002939406035,0.66996225771281,0.5949376680391761
1130.5,0.00293946631,0.6700703976151319,0.5950925039463825
1130.6,0.00293953367,0.6703683399792131,0.595235531863441
1130.7,0.002939606265,0.6707925555184127,0.595402134291772
1130.8,0.00293968156,0.6712542565411548,0.595615667716118
1130.9,0.002939758105,0.6716721009304528,0.5958782501982458
1131.0,0.002939834635,0.6720681301003643,0.5961664768728865
1131.1,0.00293990851,0.6725359886447075,0.5964782227667691
1131.2,0.002939977215,0.6731120624895963,0.5968339277100162
1131.3,0.002940039,0.6737476066834176,0.5972204874913513
1131.4,0.00294009322,0.6743000557515513,0.5976051239896638
1131.5,0.00294013837,0.6746496710315987,0.5979756107546645
1131.6,0.0029401718,0.6748356030512087,0.5983069765229873
1131.7,0.002940189805,0.675065416837004,0.5985790202255508
1131.8,0.0029401891,0.6754960663579582,0.5987976650211442
1131.9,0.002940169685,0.6760012721557673,0.5989652074139972
1132.0,0.0029401327,0.6763523200020648,0.5991013332519957
1132.1,0.00294007773,0.6765326411371955,0.5992100241896691
1132.2,0.002940005405,0.6766813452838605,0.5992616562649307
1132.3,0.00293991721,0.676876205709792,0.5992661770167593
1132.4,0.002939813475,0.6770497284384205,0.599233773373493
1132.5,0.002939692955,0.6770989069298197,0.5991327661431319
1132.6,0.00293955411,0.6769760078252113,0.5989408361948276
1132.7,0.002939396265,0.6767069681135431,0.5986868604199335
1132.8,0.002939219825,0.6763165184121844,0.5983715720661748
1132.9,0.002939025015,0.6757715149186397,0.5979715455337709
1133.0,0.00293881187,0.6750601955100138,0.597548480445801
1133.1,0.002938582355,0.674247176464006,0.5971716652565588
1133.2,0.002938339425,0.6734054621107003,0.5968326132676499
1133.3,0.002938082515,0.6725723934203773,0.5965072209235988
1133.4,0.002937810705,0.6717647402146218,0.5961968359676538
1133.5,0.002937525475,0.6709928823155614,0.59588810977263
1133.6,0.00293722735,0.670242299281951,0.5955526291462495
1133.7,0.002936917265,0.6694848801427264,0.595163728250069
1133.8,0.002936596895,0.6686955424221414,0.5947612588152177
1133.9,0.002936266875,0.6678534510777173,0.5943927657049148
1134.0,0.00293592942,0.666938763810254,0.5940480689023259
1134.1,0.00293558817,0.6659775558387763,0.5937807708896249
1134.2,0.002935247465,0.6650610841466859,0.5936297865750119
1134.3,0.002934911295,0.6642912996987766,0.5935241725131836
1134.4,0.00293458189,0.6637152132875174,0.5933947187896627
1134.5,0.00293425994,0.6632851166868703,0.5932316487681113
1134.6,0.002933944775,0.6628933035342999,0.5930246140423286
1134.7,0.002933638725,0.6625098847172999,0.5927882563190358
1134.8,0.00293334536,0.6622528207568272,0.5925905992473239
1134.9,0.00293306855,0.6622583939421947,0.59242942046455
1135.0,0.00293281173,0.6624925682585933,0.5922527115326525
1135.1,0.00293257493,0.6627802187651413,0.5920808299720263
1135.2,0.002932359455,0.6630019649410022,0.591969603140763
1135.3,0.002932167875,0.6631818336867908,0.5919607174601016
1135.4,0.002932002255,0.6633847428731009,0.5920340579405996
1135.5,0.00293186327,0.6636361205508705,0.5921421111349643
1135.6,0.00293175147,0.6639229228274021,0.5922593886736783
1135.7,0.002931669745,0.6642055970511868,0.5924012592280032
1135.8,0.002931617385,0.6644386152614888,0.5925708323463476
1135.9,0.00293159189,0.6646144502023102,0.5927296492797645
1136.0,0.002931590835,0.6647610054996003,0.5928588353395913
1136.1,0.002931613155,0.664882314958326,0.5929979343808772
1136.2,0.0029316567,0.6649622936241011,0.5931929977536942
1136.3,0.002931718595,0.6649523222090185,0.5934288955478225
1136.4,0.002931795105,0.6647990062043381,0.5936439337950495
1136.5,0.00293188302,0.664505669415087,0.5938164788600441
1136.6,0.002931980765,0.6641744198856926,0.5939734472803437
1136.7,0.002932087935,0.6639825628223378,0.5940961107655032
1136.8,0.00293220346,0.6640541031702454,0.5941402570537898
1136.9,0.002932325925,0.6643583098700778,0.594113353082623
1137.0,0.002932456175,0.6647508832880704,0.5940587685385854
1137.1,0.00293259371,0.6651118083016706,0.5940111545603277
1137.2,0.00293273774,0.6653967570385365,0.5940065238527563
1137.3,0.00293288753,0.6656061190561571,0.5940670478918647
1137.4,0.002933044065,0.665729332320031,0.5941447840888038
1137.5,0.00293320811,0.6657368155937318,0.5942021395175618
1137.6,0.00293337851,0.6656458162209279,0.5942825002010036
1137.7,0.00293355425,0.6655693184398129,0.5944250242066005
1137.8,0.00293373581,0.6656713133869044,0.5946136762171299
1137.9,0.00293392419,0.6660567302568321,0.5948060434751316
1138.0,0.00293412095,0.6666921362205765,0.5949557290553417
1138.1,0.00293432785,0.6674324902285068,0.5950624941967183
1138.2,0.002934546005,0.6681078823835462,0.5951636333739709
1138.3,0.002934775245,0.6686209547293599,0.5952785233022683
1138.4,0.00293501442,0.669037492216114,0.5953979892744249
1138.5,0.00293526347,0.6696223122549504,0.5955405622888671
1138.6,0.00293552228,0.670569282528522,0.5957083051153315
1138.7,0.00293578887,0.6717830305670511,0.5958660708718464
1138.8,0.002936061525,0.6730884062969147,0.596009292939331
1138.9,0.002936339635,0.6744126818481825,0.5961815018539116
1139.0,0.002936623425,0.6757369259835236,0.5964012575166673
1139.1,0.002936911555,0.6770389402092479,0.5966455113189357
1139.2,0.00293720348,0.6783050146150154,0.5969165691897245
1139.3,0.00293749996,0.6795443603504858,0.5972161608899487
1139.4,0.002937799865,0.6807343516653684,0.597550862401351
1139.5,0.00293810192,0.6817987044068488,0.5979001578672662
1139.6,0.002938404035,0.6827152200812365,0.5982558678370616
1139.7,0.002938705765,0.6835133354116957,0.5986127892049842
1139.8,0.00293900756,0.6842354744654204,0.5989694649003613
1139.9,0.00293930776,0.6849802392694363,0.5993245226755217
1140.0,0.00293960814,0.6858249821180602,0.5996510415946984
1140.1,0.00293991042,0.6867377655803754,0.599961886479808
1140.2,0.00294021427,0.68764971966223,0.6002786733732624
1140.3,0.002940518815,0.6885413162236894,0.6005844898251705
1140.4,0.00294082303,0.6893822891611289,0.6008863001181267
1140.5,0.0029411259,0.6901312574161153,0.6012248337442478
1140.6,0.002941426365,0.6907604493095909,0.6016113099592183
1140.7,0.002941725115,0.6912809106813258,0.6020356762948652
1140.8,0.002942023445,0.6917270985195445,0.6024878042564733
1140.9,0.00294232273,0.6921253582202401,0.6029263152988837
1141.0,0.00294262435,0.692469356332623,0.6033132489297446
1141.1,0.002942929515,0.6927280790540167,0.6036440473264341
1141.2,0.002943240165,0.6928927676241031,0.6039017540567637
1141.3,0.0029435579,0.6929827491208873,0.6041151838085521
1141.4,0.00294388355,0.6930339068156584,0.6043402456212996
1141.5,0.00294421727,0.6930772293783513,0.6045329037907811
1141.6,0.002944556405,0.6931056859246075,0.6046112469434207
1141.7,0.00294489901,0.6930588447781425,0.6045943093607882
1141.8,0.002945243395,0.692866196033439,0.6045300751007557
1141.9,0.00294558799,0.6924847941189227,0.6043598504160951
1142.0,0.002945930125,0.6919244596532285,0.6040147420648685
1142.1,0.002946267635,0.691220491571412,0.6035433925827687
1142.2,0.002946599315,0.6903886229694827,0.6030378751389683
1142.3,0.002946920935,0.6894149554415409,0.6025582764628787
1142.4,0.00294722769,0.6882821913784359,0.6021228265883499
1142.5,0.00294751804,0.6869858948513411,0.6016573537694678
1142.6,0.002947791685,0.6855549747958547,0.6011162006118793
1142.7,0.00294804667,0.684051088109396,0.6005348312984137
1142.8,0.00294828128,0.6825504246969998,0.5998791620620536
1142.9,0.00294849435,0.681090268980279,0.5991001256237797
1143.0,0.00294868419,0.6796468768019578,0.5982649803407125
1143.1,0.002948850175,0.6781688454230381,0.5974665772403663
1143.2,0.00294899491,0.6767328485538234,0.5967229666574914
1143.3,0.002949122585,0.6755712383869733,0.5960275556457448
1143.4,0.00294923552,0.6747398096080155,0.5954553208270787
1143.5,0.002949333565,0.6740449709944505,0.5950671249042897
1143.6,0.00294941886,0.6734243179498072,0.5948068326432062
1143.7,0.002949494135,0.673001867985679,0.5945947512629848
1143.8,0.002949561,0.6727912116318852,0.5943958922179237
1143.9,0.002949621255,0.6726627267755387,0.594226229878348
1144.0,0.00294967604,0.6725406444850202,0.5940982269423146
1144.1,0.00294972769,0.6724665468806926,0.5939790606780971
1144.2,0.00294977782,0.6725471978472956,0.5938761044036537
1144.3,0.00294982843,0.6728399063180158,0.5938151600194482
1144.4,0.002949883905,0.6732164324807338,0.5937535401928221
1144.5,0.002949945515,0.6732501857522041,0.5937049372411969
1144.6,0.002950016985,0.6729122634800133,0.5937267197880199
1144.7,0.00295010672,0.6732520392918696,0.5938109603383889
1144.8,0.00295021667,0.674518666617944,0.5939416851502973
1144.9,0.002950345125,0.6760606608232907,0.5940849782177758
1145.0,0.002950492305,0.6775390943260702,0.5942097993487697
1145.1,0.0029506591,0.678907289342635,0.5943222689940868
1145.2,0.002950843695,0.6801613691476509,0.5944664549021975
1145.3,0.002951043895,0.6812987576351418,0.5946873968303391
1145.4,0.002951258875,0.6823155529470321,0.5949444098970107
1145.5,0.00295148908,0.6832091161454926,0.5951920478228855
1145.6,0.002951733985,0.6840154812982602,0.5955051106724084
1145.7,0.00295199291,0.6847817722951385,0.595885604666648
1145.8,0.002952265425,0.6855306651519012,0.5962396960879082
1145.9,0.002952549725,0.6862682922574083,0.596562728467558
1146.0,0.00295284396,0.6869686663572289,0.5968705517688532
1146.1,0.002953146425,0.6875789395797446,0.5971265626674683
1146.2,0.00295345334,0.6880577183001517,0.5973311469509813
1146.3,0.002953762895,0.6883940886255716,0.5975198322623929
1146.4,0.002954073725,0.6886150745360103,0.597707708299537
1146.5,0.00295438628,0.6887573195681795,0.5978581164460574
1146.6,0.002954698985,0.6888298777921069,0.5979488205091518
1146.7,0.0029550091,0.6887993477946993,0.5980216533082771
1146.8,0.0029553155,0.6886544763910717,0.5981133469730574
1146.9,0.002955619145,0.6884431226037088,0.5982551685185369
1147.0,0.00295592123,0.6882005099694426,0.5984476463606
1147.1,0.002956223595,0.687898546366765,0.5986377749196767
1147.2,0.002956525275,0.6875304522387291,0.5987860631194744
1147.3,0.002956824625,0.6871437473158134,0.5988790806513989
1147.4,0.00295712206,0.6867706580554584,0.5988955620747782
1147.5,0.002957416455,0.6863819048141325,0.5988588563345322
1147.6,0.002957706735,0.6859338006043951,0.598797642401677
1147.7,0.00295799103,0.6854370896731213,0.5987229340717376
1147.8,0.002958268455,0.6849470829005704,0.5986633826697146
1147.9,0.002958544075,0.6845259147062448,0.5985799978891845
1148.0,0.00295882145,0.6841775057977765,0.5984423904760905
1148.1,0.002959099535,0.6837962169805956,0.5983138610091283
1148.2,0.00295937616,0.6832687812731696,0.5982354506264059
1148.3,0.00295965237,0.6826125025678348,0.5981595038806424
1148.4,0.00295993018,0.6819657931537226,0.5980638159949624
1148.5,0.002960209555,0.6814280907215048,0.5979594818179811
1148.6,0.002960489025,0.6809453033288718,0.5978366675363743
1148.7,0.002960767025,0.6804202929309745,0.5976811630982513
1148.8,0.0029610423,0.6798359252814802,0.5974916188754081
1148.9,0.002961314715,0.6792450985174903,0.5973038779267481
1149.0,0.00296158488,0.6787476147544237,0.5971610014344556
1149.1,0.00296185248,0.6784040438986418,0.5970757763089489
1149.2,0.002962117725,0.6781439451596658,0.5970488371519443
1149.3,0.002962380045,0.6778154413822505,0.5970919335199664
1149.4,0.002962638565,0.6773820272597612,0.597201530492961
1149.5,0.002962893235,0.6769785399488901,0.5973577593823498
1149.6,0.00296314487,0.676778659257898,0.5975452433487308
1149.7,0.002963394225,0.6768304452711998,0.5977355899343376
1149.8,0.002963642235,0.6770331596787653,0.5979012492565541
1149.9,0.002963888655,0.6772707017824886,0.598042016483539
1150.0,0.002964134135,0.677516242381108,0.5981586317745218
1150.1,0.0029643785,0.6777932240390043,0.598259444854457
1150.2,0.00296462065,0.6781412685227248,0.5983599858724683
1150.3,0.002964857795,0.6785917666260644,0.5984500861214548
1150.4,0.0029650907,0.6791029602994713,0.5985097367978056
1150.5,0.00296532014,0.6795940163639685,0.5985701948634683
1150.6,0.002965544235,0.6800468392458716,0.5986775719870938
1150.7,0.00296576249,0.6804636783255206,0.5988138593029548
1150.8,0.002965976445,0.6808171074990494,0.5989385579118353
1150.9,0.00296618732,0.6810752835833214,0.5990533466808492
1151.0,0.00296639616,0.6812623151603602,0.5991721240158961
1151.1,0.00296660418,0.6814430447025359,0.599287076147728
1151.2,0.00296681287,0.6816510809680566,0.5993628237165172
1151.3,0.002967021125,0.6818858773198007,0.5993936502802714
1151.4,0.00296722747,0.6821342390686228,0.5993937690324735
1151.5,0.002967433315,0.6823599625007832,0.5993634269023067
1151.6,0.00296763971,0.6825117202755075,0.5993261908612207
1151.7,0.002967846075,0.6825772350487056,0.599288180731705
1151.8,0.0029680522,0.6825810363758164,0.5992157224104241
1151.9,0.0029682585,0.6825635125719947,0.5990764530948163
1152.0,0.00296846493,0.6825669494743577,0.5989124085512239
1152.1,0.002968673035,0.6826152985852965,0.598794890994831
1152.2,0.002968883215,0.6826549077854729,0.5987569066263749
1152.3,0.00296909207,0.6825637136339244,0.5987639607585193
1152.4,0.00296929713,0.6822545369345141,0.5987783360581836
1152.5,0.002969498035,0.6817232998999774,0.5987891362254081
1152.6,0.00296969477,0.6810283481890768,0.5987889169422409
1152.7,0.002969887155,0.6802700179879827,0.598762133608232
1152.8,0.002970072355,0.6795709382243352,0.5987042114361593
1152.9,0.002970247335,0.6790189918110261,0.5986307578583256
1153.0,0.002970410845,0.6786335372419865,0.5985389121404608
1153.1,0.00297056458,0.6783881097407028,0.59839839121434
1153.2,0.002970709305,0.6782560686014724,0.5981770553304795
1153.3,0.00297084575,0.6782007011725455,0.5978692621884738
1153.4,0.00297097399,0.6781713775467169,0.597509770369442
1153.5,0.002971094345,0.6781359089656579,0.597160674080501
1153.6,0.002971207995,0.678082219147208,0.5968580865575223
1153.7,0.002971314975,0.677985797385484,0.5965923316951327
1153.8,0.00297141455,0.6778123500550793,0.5963360518761864
1153.9,0.00297150511,0.6775473190156373,0.5960673294653763
1154.0,0.00297158479,0.6771915210812475,0.5957657535352321
1154.1,0.00297165141,0.6767803871338576,0.5953888164521949
1154.2,0.002971704625,0.6763615939835782,0.5949349191456043
1154.3,0.00297174324,0.6759642516279374,0.5944808760691145
1154.4,0.00297176591,0.6755903078543806,0.5940905828190699
1154.5,0.00297177068,0.6752203916026057,0.59376126851075
1154.6,0.00297175511,0.6748254117246405,0.5934739484997491
1154.7,0.0029717179,0.6744003856545363,0.593245724988155
1154.8,0.002971658485,0.6739516342767122,0.593109641247498
1154.9,0.002971576015,0.6734613824599343,0.5930464751289678
1155.0,0.002971469285,0.6729150217983632,0.5930088727781785
1155.1,0.0029713389,0.6723463181298397,0.5929907043195443
1155.2,0.00297118511,0.6718474709155614,0.5930013844779294
1155.3,0.002971008925,0.6715050687322468,0.5930124856097301
1155.4,0.002970810665,0.6713147070669951,0.5930157654324605
1155.5,0.0029705922,0.6711866117681377,0.5930204998125894
1155.6,0.002970355865,0.6710335847899813,0.592995331885523
1155.7,0.0029701055,0.6708210874628925,0.5929013932386324
1155.8,0.00296984588,0.6705746986342568,0.5927843381246782
1155.9,0.00296958115,0.6703394436099853,0.5927012084414716
1156.0,0.002969315145,0.6701118917709005,0.5926567800381645
1156.1,0.002969051645,0.6698283127684316,0.5926455720922135
1156.2,0.00296879352,0.6694229028028564,0.5926405794731684
1156.3,0.00296854335,0.6688645161246074,0.5925943446540856
1156.4,0.00296830251,0.6681749302539591,0.5925059697677845
1156.5,0.002968070315,0.6673838583742292,0.5924220433766809
1156.6,0.00296784768,0.6664953091576439,0.5923343583841265
1156.7,0.00296763524,0.665553220919056,0.5921788797070633
1156.8,0.00296743158,0.6645964928587024,0.5919409511874437
1156.9,0.00296723279,0.6636596762125873,0.5916618125120313
1157.0,0.00296703591,0.6628182446026203,0.5913866510929184
1157.1,0.00296683889,0.6621308075813471,0.5911552922718559
1157.2,0.002966641035,0.6615812110793428,0.590960361474249
1157.3,0.002966439285,0.6611056305002571,0.5907574642259911
1157.4,0.002966229025,0.6606348754074872,0.5905340982449578
1157.5,0.002966006985,0.6601577177488894,0.5903018490965374
1157.6,0.002965770785,0.6597567688448823,0.5900592025330705
1157.7,0.00296551725,0.6595034936451499,0.5898121979522747
1157.8,0.002965245435,0.6593485691450308,0.5895817652727265
1157.9,0.00296495562,0.6592039553520008,0.5893969925008057
1158.0,0.00296464842,0.6590947975736592,0.5892451920004214
1158.1,0.00296432496,0.6591101599617352,0.5890660414227132
1158.2,0.002963985265,0.6592436776495127,0.5888605228295453
1158.3,0.00296362982,0.6594256198464528,0.5886697464740633
1158.4,0.002963261655,0.6596118848748841,0.5885080455585904
1158.5,0.00296288577,0.6596887156648202,0.5883658137211103
1158.6,0.002962505135,0.6595830890366213,0.5882632790484009
1158.7,0.00296212259,0.6595274451475409,0.5882224942642535
1158.8,0.002961742885,0.6597396848640321,0.5882347621835659
1158.9,0.00296136809,0.6601488773071622,0.5882962777093157
1159.0,0.002960998805,0.6606869190313867,0.5884174080972602
1159.1,0.002960634965,0.6613900954318542,0.5886147020008612
1159.2,0.00296027533,0.6621503922699495,0.5888591399004591
1159.3,0.0029599199,0.6628611210591565,0.5891122548789661
1159.4,0.002959570155,0.6635709764856057,0.5893787398474883
1159.5,0.002959225695,0.6642776400539189,0.5896642540710318
1159.6,0.00295888445,0.6648881206215498,0.5899344718799452
1159.7,0.002958545085,0.6653683696073187,0.5901866607169379
1159.8,0.0029582087,0.6657666544407556,0.5904454644914221
1159.9,0.00295787935,0.6661369916659461,0.590709885433571
1160.0,0.00295756024,0.6665043757940421,0.590953284094319
1160.1,0.00295725287,0.6668458354995608,0.5911853761631067
1160.2,0.00295695823,0.6670819701697752,0.5914167632585031
1160.3,0.00295667731,0.6671396749436364,0.5916037596497042
1160.4,0.002956410555,0.6669921017703265,0.5917303017451537
1160.5,0.002956157495,0.6666554110024561,0.5918132360212973
1160.6,0.00295591775,0.6661792272375809,0.59183859370056
1160.7,0.002955690755,0.6656216950725335,0.5917924374212935
1160.8,0.002955473815,0.6650040265409114,0.591723412860783
1160.9,0.002955265435,0.6643150627056085,0.591656618202738
1161.0,0.00295506559,0.6635788870159075,0.5915791377314409
1161.1,0.002954874065,0.6628511307945181,0.591516110471306
1161.2,0.002954690125,0.6621811924443254,0.5915229038512602
1161.3,0.00295451318,0.661621982668801,0.5915873806422455
1161.4,0.00295434233,0.6612228307557919,0.5916771365726771
1161.5,0.002954175775,0.6609816318382199,0.5917711418213318
1161.6,0.002954010625,0.660854347070267,0.5918080241190851
1161.7,0.002953844105,0.6607670170776825,0.591775349670532
1161.8,0.002953673045,0.6606617234583049,0.5917164969587153
1161.9,0.002953498905,0.6605438446187568,0.5916360055850192
1162.0,0.002953322615,0.6604746793148955,0.5915337775317528
1162.1,0.00295314523,0.6605220733816675,0.5913892881457918
1162.2,0.00295296671,0.6606919895619294,0.5911850997029532
1162.3,0.00295278596,0.6609121272423518,0.590974107827064
1162.4,0.002952601535,0.6611037643942208,0.5908151470087036
1162.5,0.0029524121,0.6612753896008864,0.5907009425759232
1162.6,0.00295221695,0.6614779532120046,0.5906323722897104
1162.7,0.00295201634,0.6617285454916108,0.5906296001483529
1162.8,0.00295181261,0.6620089891846115,0.5906807766926798
1162.9,0.002951606295,0.6622973685406551,0.5907447583686628
1163.0,0.002951397945,0.6625322528569934,0.5907865591438745
1163.1,0.00295118741,0.6626467387764755,0.5907874431880472
1163.2,0.002950973745,0.6626569238198585,0.5907723842778214
1163.3,0.00295075586,0.6626368930250992,0.5907653314023141
1163.4,0.00295053441,0.6626321680697481,0.590737992634724
1163.5,0.002950311135,0.6626418693078625,0.5906634093401723
1163.6,0.002950087345,0.6626662920491515,0.5905644516848583
1163.7,0.002949864505,0.6627121467355233,0.5905247520068134
1163.8,0.002949644215,0.6628008841616166,0.59058711136435
1163.9,0.002949429815,0.6628936616758624,0.5907328127767568
1164.0,0.002949224505,0.662909671232025,0.5909331502553207
1164.1,0.00294903146,0.6629133845945416,0.5911461144230777
1164.2,0.00294884994,0.6629938533487706,0.5913433580611964
1164.3,0.002948677945,0.6630812901555053,0.5915198250904597
1164.4,0.002948515305,0.6631206228955283,0.591683262050033
1164.5,0.002948363885,0.6631329253723598,0.5918656754858711
1164.6,0.002948225905,0.6631289920983575,0.592089598785441
1164.7,0.002948102895,0.6631097404185763,0.5923289561013995
1164.8,0.00294799672,0.6630852234295077,0.5925640044088742
1164.9,0.002947910425,0.6630569930779224,0.5927983823004768
1165.0,0.002947846705,0.6629891283934197,0.5930102613621314
1165.1,0.0029478071,0.6628348636277578,0.5931834052146857
1165.2,0.002947791225,0.6626417562105269,0.5933359697504035
1165.3,0.00294779784,0.6624564336598916,0.5934798276762411
1165.4,0.002947826415,0.6622266827059493,0.5936099624970492
1165.5,0.00294787377,0.6619259317580359,0.5937078306480309
1165.6,0.002947935665,0.6616091084221066,0.5937260424606438
1165.7,0.002948005745,0.66135237118727,0.5936748916773765
1165.8,0.002948080875,0.6611570583719963,0.5935654021468507
1165.9,0.00294815981,0.6609084201630206,0.5933844024277068
1166.0,0.002948237465,0.6605069686041889,0.5931075740795319
1166.1,0.002948308955,0.6599682608623221,0.5927521550212163
1166.2,0.002948370185,0.6594119350688536,0.5923808746899112
1166.3,0.00294841813,0.6589107065273441,0.5920232621716048
1166.4,0.00294845133,0.6584094717026491,0.5916793872096541
1166.5,0.002948469495,0.657806964497173,0.5913261188856691
1166.6,0.002948470065,0.6570653664185521,0.5909433290155183
1166.7,0.002948450095,0.6562470129482184,0.5905127008573943
1166.8,0.002948409715,0.6555136898246469,0.590039758587819
1166.9,0.002948348115,0.6550267115474139,0.5895595667790363
1167.0,0.00294826418,0.6548018740443817,0.5890802162887663
1167.1,0.00294815811,0.6547560696234924,0.5885777864022259
1167.2,0.002948030915,0.6548260077591467,0.5880772823119822
1167.3,0.002947880765,0.6549601726150108,0.5876341455885487
1167.4,0.002947706645,0.6550563053502106,0.5872204474732348
1167.5,0.002947508165,0.6550007808416511,0.586767907962989
1167.6,0.002947284,0.6547532421901042,0.5862676401205128
1167.7,0.00294703211,0.6543786512484607,0.5857419517669209
1167.8,0.00294675176,0.6539804920787301,0.5852105802722185
1167.9,0.002946444795,0.6536047890132873,0.5847086360759025
1168.0,0.002946113715,0.6532475585126476,0.5842788649442543
1168.1,0.002945760095,0.652898778896246,0.5839562258920048
1168.2,0.002945384685,0.6525180681321134,0.583750489900625
1168.3,0.00294498807,0.6520661123297827,0.583652358484179
1168.4,0.00294457108,0.6517223718279975,0.5836298081321114
1168.5,0.002944135075,0.6516575544883687,0.58362828634463
1168.6,0.002943681965,0.651602438386854,0.5836223493628333
1168.7,0.002943213865,0.6513255132776254,0.5836171167261095
1168.8,0.002942731515,0.6510465775490986,0.5836311100081071
1168.9,0.002942236625,0.650920832161546,0.5836722956594771
1169.0,0.002941733115,0.6508727280948341,0.5837238385135076
1169.1,0.00294122455,0.6508311962399537,0.583815637735801
1169.2,0.00294071425,0.6507400712034437,0.5840089631795621
1169.3,0.002940207775,0.6506101600640324,0.5843275948162227
1169.4,0.002939709925,0.6505676166163175,0.584769192159256
1169.5,0.00293922284,0.6507482770434548,0.5853214068645778
1169.6,0.00293874913,0.6512062207213833,0.5859519571827169
1169.7,0.002938292855,0.6519100254403818,0.5866271991696274
1169.8,0.00293785695,0.6527834635963033,0.5873119771468785
1169.9,0.00293744384,0.6537177229859985,0.587958692844176
1170.0,0.002937054565,0.6545790911429451,0.5885331544237149
1170.1,0.00293669046,0.6552448323253526,0.5890382911064855
1170.2,0.00293635256,0.6556670686611804,0.5894732835651241
1170.3,0.002936040345,0.6558767134221397,0.589844308170787
1170.4,0.00293575118,0.6559536510262262,0.5902060971223672
1170.5,0.002935485265,0.6559640182819829,0.5906090748669098
1170.6,0.002935244145,0.6559726639449657,0.5910297001940249
1170.7,0.00293502709,0.6560638203974023,0.5914291756910774
1170.8,0.00293483094,0.656271611618696,0.5918061441900411
1170.9,0.00293465164,0.6564909701841402,0.592150616054596
1171.0,0.00293448593,0.6565580934527768,0.5924154202710485
1171.1,0.00293433076,0.6564197062963862,0.5925925363533542
1171.2,0.002934182665,0.6561768234851518,0.592743712305119
1171.3,0.00293404057,0.6559744232368516,0.5929162674232101
1171.4,0.0029339064,0.6558571978485757,0.5930933049656992
1171.5,0.002933782715,0.6557242330811052,0.5932670375527169
1171.6,0.002933669565,0.6554417599192502,0.5934295288929016
1171.7,0.00293356662,0.6550026972131698,0.5935536946876679
1171.8,0.00293347378,0.6545349768989034,0.5936461542727371
1171.9,0.002933392305,0.6541600717979946,0.5937320372477454
1172.0,0.002933322165,0.6539279332336355,0.5938118443825616
1172.1,0.002933263535,0.6538539550098288,0.5938545775824727
1172.2,0.00293321566,0.6539131488986077,0.593861230219076
1172.3,0.00293317762,0.6540408734895321,0.5938350161416559
1172.4,0.002933149855,0.6542398368354692,0.5937362614332273
1172.5,0.002933132815,0.6545860277795242,0.5935597252889256
1172.6,0.002933126495,0.6551124707436715,0.5933654422877238
1172.7,0.002933131425,0.6557635218388309,0.5931596598007729
1172.8,0.00293314841,0.6564366457639743,0.5929298089441841
1172.9,0.00293317758,0.6570314435010786,0.5927227019617703
1173.0,0.002933218885,0.6575233163796658,0.5925541800203279
1173.1,0.00293327223,0.6579783886419088,0.592368783328106
1173.2,0.002933337005,0.6584449528500788,0.592146116037279
1173.3,0.002933412585,0.6589045113066312,0.5919125103491507
1173.4,0.002933496665,0.6592875656988835,0.5916930016155777
1173.5,0.002933588845,0.6595087024057696,0.5915033311007099
1173.6,0.002933688695,0.6595609659411548,0.591366965873351
1173.7,0.00293379618,0.6595579185962808,0.5912946998175405
1173.8,0.00293391007,0.6596337943420503,0.5912877920836138
1173.9,0.002934028065,0.6598082406989187,0.5913673874750852
1174.0,0.0029341503,0.6600052248414842,0.5915019494282608
1174.1,0.00293427828,0.6601610855362141,0.5916341953993322
1174.2,0.00293441029,0.6602662346423297,0.5917919341381503
1174.3,0.002934546965,0.6603058438425061,0.5919586446372688
1174.4,0.002934687005,0.6602451922547359,0.5920663509998044
1174.5,0.002934826835,0.6600593921820174,0.5920920410595699
1174.6,0.00293496416,0.6597436055716639,0.5920814174498524
1174.7,0.00293509799,0.659305742953977,0.5920695459995331
1174.8,0.002935226565,0.6587599729118249,0.5920638257876294
1174.9,0.002935348305,0.6581368317258,0.5920504444878807
1175.0,0.002935460155,0.657465353995207,0.5920601526374988
1175.1,0.00293556114,0.6567695791870312,0.592091767741009
1175.2,0.00293565215,0.6560742504850122,0.5921011604747246
1175.3,0.002935735135,0.6554044754976375,0.5920585856110832
1175.4,0.00293580879,0.6547821259929613,0.5920048888811296
1175.5,0.00293586928,0.6542113551564719,0.5919756525915767
1175.6,0.002935915505,0.6536861562630153,0.5919239966402108
1175.7,0.002935949255,0.6532093504627946,0.5918119152957457
1175.8,0.00293596902,0.6528110593461726,0.5916822649085248
1175.9,0.002935971195,0.6525138772475135,0.5916213638782978
1176.0,0.00293595547,0.65232971708616,0.5916624992641855
1176.1,0.002935924355,0.6522871547888892,0.5917454530182035
1176.2,0.00293587873,0.6523940192045937,0.5917954081113067
1176.3,0.00293581847,0.6526113168852573,0.5917787872012136
1176.4,0.002935744885,0.6528970887193984,0.5916899567839778
1176.5,0.002935657975,0.6532522206361455,0.5915525416363542
1176.6,0.002935557815,0.6536839257322312,0.5913843985709858
1176.7,0.002935445665,0.6541358187027089,0.5912215962131285
1176.8,0.00293532315,0.6545080471666768,0.5910988937722201
1176.9,0.002935191875,0.65475826873835,0.590984141445681
1177.0,0.00293505031,0.6549241699632007,0.5908724986675504
1177.1,0.0029348956,0.6550473266784067,0.5908050285670848
1177.2,0.002934726595,0.6551249617160622,0.59080534712458
1177.3,0.002934543995,0.6552259764862457,0.5908569521821448
1177.4,0.0029343487,0.6554665282357311,0.5909260747603462
1177.5,0.002934143335,0.6558164513918586,0.5909584306514041
1177.6,0.002933927995,0.6561877310948452,0.590936377927613
1177.7,0.002933702535,0.6565933861046472,0.590892842364938
1177.8,0.00293346871,0.6570847688947806,0.5908807271270287
1177.9,0.002933230835,0.6576490366344772,0.590914532548937
1178.0,0.00293299075,0.6582237093290424,0.5909545130853651
1178.1,0.00293274975,0.6587679839730914,0.5909542623862712
1178.2,0.002932510995,0.659283978000073,0.5909226026721455
1178.3,0.00293227576,0.6597728726488247,0.5909098006820822
1178.4,0.002932044555,0.6602072983641484,0.5909442193428763
1178.5,0.00293181878,0.6605879148805014,0.5910218550088504
1178.6,0.00293160087,0.6609433546733285,0.591124722690381
1178.7,0.002931394145,0.6612970917229374,0.5912391677691585
1178.8,0.00293120035,0.6616719277088079,0.5913403842295905
1178.9,0.0029310192,0.662078688559224,0.5914256709303131
1179.0,0.00293085168,0.6624616487036966,0.5915391842127097
1179.1,0.002930699395,0.662715495673292,0.591739677514269
1179.2,0.002930564675,0.6627710390314074,0.5920716445834256
1179.3,0.002930447895,0.662675057092655,0.5925348177564853
1179.4,0.002930351615,0.662578245773442,0.5930801127898283
1179.5,0.00293027685,0.662574953384341,0.59364851360882
1179.6,0.002930222855,0.6626000232937166,0.5941881776514907
1179.7,0.002930189325,0.6625526040942034,0.5946591727619392
1179.8,0.00293017551,0.6624259853438931,0.5950699001872398
1179.9,0.002930180135,0.6622547119956047,0.5954478287569184
1180.0,0.00293020521,0.6620501817474853,0.5957927561524081
1180.1,0.00293025166,0.6618500120299693,0.5960902863395332
1180.2,0.00293032018,0.6617087094755961,0.5963182811431821
1180.3,0.00293041216,0.6616468829321733,0.5964921871461143
1180.4,0.00293052832,0.6616585759400301,0.5966554871322479
1180.5,0.002930668665,0.6617633731877686,0.5968239148259107
1180.6,0.00293083309,0.661969932904742,0.5969800953347727
1180.7,0.00293101947,0.6622123004947812,0.5971162613851572
1180.8,0.00293122398,0.6623995582664911,0.597245211825535
1180.9,0.002931444185,0.662508006044893,0.5973350488090571
1181.0,0.0029316776,0.6625824052421153,0.5973374659504448
1181.1,0.00293192092,0.6626878810738669,0.5972713662126946
1181.2,0.002932172,0.6628730842439813,0.5972040871210624
1181.3,0.0029324288,0.6631663456350086,0.5971730086015775
1181.4,0.002932687585,0.663566339494849,0.5971815575035064
1181.5,0.002932946525,0.6640593244972356,0.5972505933737505
1181.6,0.002933203395,0.6646358632978371,0.597410976076946
1181.7,0.002933457275,0.6652662301469652,0.5976060733789638
1181.8,0.002933705585,0.6659022832787963,0.5977441934999789
1181.9,0.002933945585,0.6665042438471507,0.5977857844168011
1182.0,0.00293417463,0.6670362474302949,0.5977519815081671
1182.1,0.00293439021,0.667442354829439,0.5976700066744198
1182.2,0.002934590965,0.6677049731257233,0.5975547246753593
1182.3,0.0029347737,0.6679015865603555,0.5974255436420808
1182.4,0.002934935915,0.6681138451264027,0.5973149382178443
1182.5,0.002935078665,0.6683661087333007,0.5972790562031921
1182.6,0.002935202725,0.6686498008331051,0.5973307354023436
1182.7,0.00293530972,0.6688904593967407,0.5974259325712512
1182.8,0.002935403975,0.6689791088582397,0.5975429342781304
1182.9,0.0029354908,0.6689071852360284,0.5976331752704677
1183.0,0.00293557197,0.6687476300283379,0.5976773611428219
1183.1,0.00293564676,0.6685569102215237,0.597682988363583
1183.2,0.0029357162,0.6683511798850108,0.5976079765557932
1183.3,0.00293578178,0.6681697717588219,0.5974442819856224
1183.4,0.002935845485,0.66805907460008,0.5972767898582518
1183.5,0.00293591003,0.6680214948687577,0.5971591051691298
1183.6,0.00293597771,0.668009676197195,0.5970718109907016
1183.7,0.00293605096,0.6679837140755057,0.5970085179518282
1183.8,0.00293613041,0.667953202927654,0.5969745535653318
1183.9,0.00293621728,0.6679554271752527,0.596930246427501
1184.0,0.00293631036,0.6680253024790539,0.5968471820894217
1184.1,0.00293640767,0.6682187240555502,0.5967333967451013
1184.2,0.00293650593,0.6685882884489479,0.5965994228980704
1184.3,0.00293660329,0.6690646230102704,0.5964628220512626
1184.4,0.002936699395,0.6694673312061635,0.5963541989719906
1184.5,0.002936793935,0.6696929478241737,0.596276020438806
1184.6,0.002936885035,0.6697612083493509,0.5961835017917949
1184.7,0.0029369721,0.6697091018935984,0.5960621307578531
1184.8,0.002937052665,0.6695688046488745,0.5959548862094376
1184.9,0.002937126,0.6693420821902502,0.5959035312226478
1185.0,0.002937193425,0.6690623736299304,0.5959071685586221
1185.1,0.002937256105,0.6687953885198578,0.595928651397506
1185.2,0.002937312085,0.6685631808404603,0.5959748573139365
1185.3,0.002937361285,0.6682775221036548,0.5960943572152937
1185.4,0.00293740383,0.6678362414331609,0.5962748706158948
1185.5,0.00293744254,0.6671918128153154,0.5964361191420255
1185.6,0.00293747981,0.6663687532391867,0.5965392475757465
1185.7,0.002937515805,0.6655565887063806,0.5965900678634666
1185.8,0.00293755017,0.6650170829999796,0.5965956152877743
1185.9,0.002937582395,0.6649160619466108,0.5965838198639971
1186.0,0.00293761175,0.6651670312173356,0.5966300722759988
1186.1,0.00293763741,0.6655814575538264,0.5967485744075294
1186.2,0.00293765904,0.6660464886647813,0.5968603070352098
1186.3,0.00293767578,0.6665612197715162,0.5969285172949046
1186.4,0.002937687565,0.6671996102482816,0.5969983907137502
1186.5,0.00293769235,0.6680169081434836,0.5971124581730908
1186.6,0.00293768993,0.6690106818644083,0.5972925669365582
1186.7,0.00293768177,0.670144099378785,0.5975248418460384
1186.8,0.002937667995,0.6713375590119572,0.5977642651354426
1186.9,0.00293764832,0.6724806149325954,0.5979882154527093
1187.0,0.002937622675,0.6734861759091564,0.598222299919558
1187.1,0.00293759364,0.6743360395538055,0.5984800468622735
1187.2,0.00293756287,0.6750792963933476,0.598737373459892
1187.3,0.00293753263,0.6757978540314474,0.599000909101231
1187.4,0.002937504225,0.6765959002468681,0.5993190525343932
1187.5,0.00293747879,0.6775156014962066,0.5996702115930707
1187.6,0.002937456725,0.6784607873451509,0.5999839046460799
1187.7,0.002937439385,0.6792811200188562,0.600227878846602
1187.8,0.00293743124,0.6799523212892957,0.6004405056073082
1187.9,0.002937437015,0.680551517256115,0.6006546572970883
1188.0,0.00293745865,0.6811141513676316,0.600880731330989
1188.1,0.0029374986,0.681598440441553,0.6011717037576089
1188.2,0.002937561245,0.681937430855246,0.6015639598747434
1188.3,0.002937648735,0.682069095003358,0.6019914206791541
1188.4,0.002937760625,0.6819570909420721,0.6023571397631438
1188.5,0.00293789632,0.6816083741575237,0.602649459933012
1188.6,0.002938056015,0.681038049427191,0.6029204153878804
1188.7,0.002938239145,0.6802707908197754,0.6031777514102767
1188.8,0.002938444015,0.6794044463800656,0.6033939790644824
1188.9,0.00293866851,0.6786255198975346,0.6035763428631565
1189.0,0.002938914235,0.6782744217857546,0.6037375398671679
1189.1,0.00293918184,0.6785452019397529,0.6038802542532796
1189.2,0.002939471495,0.6790974562291421,0.6040173847726088
1189.3,0.002939784435,0.6794234278828786,0.6041772189537269
1189.4,0.002940120025,0.6793262332893618,0.6043840639273134
1189.5,0.002940476825,0.6789304051813801,0.6046258226766963
1189.6,0.002940854085,0.6784682077869987,0.6048433459237124
1189.7,0.0029412502,0.6780945090576689,0.6049938508312864
1189.8,0.00294166226,0.677819173594323,0.6050937566192632
1189.9,0.00294208962,0.6775952974186429,0.6051424701549497
1190.0,0.002942530755,0.6774105529210559,0.6051367065890675
1190.1,0.00294298337,0.677295602045861,0.6051135335733361
1190.2,0.00294344535,0.6773156516901763,0.605103407591895
1190.3,0.002943912255,0.6775176435314314,0.6051169868119809
1190.4,0.00294437976,0.6779226513731469,0.6051338439698415
1190.5,0.0029448437,0.6784934976078602,0.605159021321686
1190.6,0.00294530156,0.6791201573776569,0.6052024412737512
1190.7,0.002945749305,0.6796971360012299,0.605244451907352
1190.8,0.002946182935,0.6802025177282276,0.6052417677305888
1190.9,0.002946599135,0.6806496668937984,0.6051852812663587
1191.0,0.00294699602,0.6810483538510949,0.6050877329295092
1191.1,0.00294737143,0.6814265764738459,0.6049457090654627
1191.2,0.00294772157,0.6817715673295071,0.6047696699211188
1191.3,0.00294804311,0.6820295109359228,0.6046025353069923
1191.4,0.00294833664,0.6821881173826319,0.6044454330548458
1191.5,0.002948601355,0.6822223921584826,0.6042864917143597
1191.6,0.002948835585,0.6820854438515273,0.6041569958934973
1191.7,0.00294903907,0.6818227564402046,0.6041058030128884
1191.8,0.0029492121,0.6815971461053798,0.6041567049820176
1191.9,0.00294935644,0.6815869296460704,0.6042991554743462
1192.0,0.002949474715,0.681857043782426,0.6045199315263958
1192.1,0.002949569885,0.6823574555098457,0.6047638981870956
1192.2,0.00294964339,0.682971605457696,0.6049516096047847
1192.3,0.002949692765,0.6835379843476557,0.6050985356100078
1192.4,0.00294971753,0.6839235771467721,0.6052497706237145
1192.5,0.002949722195,0.6841281136780767,0.6054074270528053
1192.6,0.002949710965,0.6843042187958663,0.6055512359697974
1192.7,0.002949684785,0.6845788442592725,0.6056714188533976
1192.8,0.002949643955,0.6848778987471531,0.6057666040842531
1192.9,0.002949586505,0.6850489144848438,0.6058467693606319
1193.0,0.00294951113,0.6849645941380215,0.6059172930891566
1193.1,0.002949419495,0.6845894314265151,0.6059764492788238
1193.2,0.002949313965,0.6840610218253667,0.6060180326558237
1193.3,0.002949197115,0.6835029807223094,0.6060059111347291
1193.4,0.002949070345,0.6828389736990468,0.6059074643023806
1193.5,0.0029489366,0.6820731665074371,0.605743476307456
1193.6,0.002948798165,0.6814208336424751,0.6055770441534466
1193.7,0.00294865733,0.6808635339552841,0.6054273013962503
1193.8,0.00294851929,0.680234863566189,0.6052797043468364
1193.9,0.00294838796,0.6796634769775394,0.6051426573938719
1194.0,0.00294826597,0.6793744441702237,0.6050163490329158
1194.1,0.00294815582,0.6792672027634009,0.60486909064719
1194.2,0.002948059505,0.6790842175576999,0.6046911445561053
1194.3,0.00294798021,0.678898002794751,0.6044960026434719
1194.4,0.002947921595,0.6789346588978331,0.6042584284955037
1194.5,0.00294788688,0.6789827064158771,0.6039401129030639
1194.6,0.00294787703,0.678829315012973,0.6035599073070301
1194.7,0.00294789286,0.6786204116678798,0.6032064894432349
1194.8,0.00294793576,0.6784361698251175,0.6029335434752612
1194.9,0.0029480076,0.6782333737361428,0.6026838063371752
1195.0,0.00294810735,0.6780152403918335,0.6024142978998832
1195.1,0.002948231465,0.6778910469510517,0.6021129431378618
1195.2,0.0029483757,0.6779051275693252,0.6017856626966258
1195.3,0.002948537285,0.6779848234917615,0.6014670461396099
1195.4,0.00294871495,0.6780283596827549,0.6011615030062627
1195.5,0.002948905945,0.6780053820740866,0.6008501812273884
1195.6,0.002949106555,0.6780165158784508,0.6005578189601785
1195.7,0.002949313215,0.678184490554453,0.6003478286240274
1195.8,0.002949523425,0.6785115931815447,0.600217559971372
1195.9,0.002949734925,0.678912567218293,0.6001172187586534
1196.0,0.00294994642,0.6793167582459185,0.6000308130226277
1196.1,0.00295015521,0.6796952636120084,0.5999387103224838
1196.2,0.00295035902,0.6800331984505698,0.599801974387192
1196.3,0.002950555585,0.6803481808132039,0.5996465026216325
1196.4,0.00295074305,0.6806776522011565,0.5995090723943642
1196.5,0.00295092177,0.6810154362432705,0.5993708272379615
1196.6,0.002951090985,0.6813414141801923,0.5992055210307594
1196.7,0.00295124953,0.681629429111488,0.5990184291351416
1196.8,0.00295139588,0.6818614734280676,0.5988511468661603
1196.9,0.002951531965,0.6820134511142777,0.5987639042098516
1197.0,0.002951663625,0.6820567862433412,0.5987700742978233
1197.1,0.00295179385,0.6819958142131204,0.5988639243518009
1197.2,0.002951924555,0.6818819063466866,0.5990695007502739
1197.3,0.002952056985,0.6818347636073268,0.5993987176692216
1197.4,0.00295219026,0.6819018303272956,0.5997990156352309
1197.5,0.002952324165,0.6819751362502744,0.600191980495668
1197.6,0.00295245959,0.681929287847088,0.6005374004928857
1197.7,0.002952596205,0.6817235260946485,0.6007989242582894
1197.8,0.002952732975,0.6814506599231283,0.6009943815868252
1197.9,0.002952870175,0.6812265387032211,0.6011901687825896
1198.0,0.002953009605,0.6810454887185948,0.6013863574738951
1198.1,0.002953152015,0.6808828735996596,0.6015792732539741
1198.2,0.00295329903,0.6807827636081604,0.6017843633339043
1198.3,0.00295345449,0.6807457367971451,0.6020052022178068
1198.4,0.0029536189,0.6807003533496714,0.6022086976253062
1198.5,0.00295379189,0.6805891849520315,0.6023633588599608
1198.6,0.00295397433,0.6804369496552238,0.6024620463383066
1198.7,0.002954168855,0.6803339368321125,0.6025220293951601
1198.8,0.002954376575,0.68034032683157,0.6025972372383315
1198.9,0.00295459798,0.6803926846147347,0.6027607803837365
1199.0,0.00295483379,0.6803958262073884,0.6030119507163909
1199.1,0.00295508406,0.6803579071840595,0.6032769635345957
1199.2,0.00295534839,0.6803028162152862,0.6035185268769155
1199.3,0.002955625205,0.6801330445482862,0.6037473183884614
1199.4,0.00295591376,0.6798125769648787,0.6039382222926051
1199.5,0.002956213275,0.6794574701808729,0.6040694547858865
1199.6,0.002956523725,0.6791373356062868,0.6041440267707047
1199.7,0.002956846225,0.6788345489063338,0.6041627883620319
1199.8,0.00295718207,0.6784938934485344,0.6041426777708192
1199.9,0.002957529805,0.6780626470249762,0.6040899078106984
1200.0,0.00295788897,0.6775330750345459,0.6039893115006563
1200.1,0.00295825942,0.6769447615446788,0.603857465768489
1200.2,0.00295864174,0.6763723822127505,0.6037197911253122
1200.3,0.00295903572,0.6759155883577332,0.6035443162110088
1200.4,0.00295944231,0.6756447956373645,0.6033008132493848
1200.5,0.00295986059,0.6755685868827737,0.6030173492292069
1200.6,0.002960289275,0.6756189151970843,0.6027062335388107
1200.7,0.002960726535,0.6756951553676015,0.6023364661985275
1200.8,0.002961170885,0.6757385156294063,0.6018904731390534
1200.9,0.00296162002,0.6757628629724717,0.6014027898884289
1201.0,0.00296207028,0.6758001222613432,0.6009105261957156
1201.1,0.00296251841,0.6758268132325281,0.6004037200706088
1201.2,0.002962963335,0.6757493604072465,0.5998729536466515
1201.3,0.002963405205,0.6754655677764771,0.5993374924266328
1201.4,0.002963843655,0.6749227005659368,0.5988131712941637
1201.5,0.002964276915,0.6741644834621783,0.5983086384255011
1201.6,0.0029647033,0.6733044473405168,0.5978301933422338
1201.7,0.00296511929,0.6724143461771606,0.5974098162009384
1201.8,0.002965523565,0.6714312915703698,0.5970940930507563
1201.9,0.00296591713,0.6702269117611337,0.5968844281836041
1202.0,0.00296630052,0.6688455911704622,0.5967592024154764
1202.1,0.002966673265,0.6675401086264482,0.596745001160045
1202.2,0.002967034745,0.6664407522596216,0.5968405382492779
1202.3,0.002967383975,0.6654441573884939,0.5969672336544488
1202.4,0.002967718655,0.664481428886172,0.597057540620232
1202.5,0.00296803847,0.6636812275381908,0.5971262667294404
1202.6,0.002968345255,0.6632557679283004,0.5972054782182895
1202.7,0.002968641325,0.6632790596962341,0.5972652130893233
1202.8,0.002968927365,0.6636095112610947,0.5972779132917848
1202.9,0.002969202395,0.6640619194527675,0.5972407765250266
1203.0,0.002969467775,0.6644669335776683,0.5971471124533341
1203.1,0.00296972622,0.6647690793927199,0.5970390460642802
1203.2,0.00296998072,0.665098437683337,0.596951682142495
1203.3,0.002970233475,0.6656655140068659,0.5968976775364614
1203.4,0.0029704848,0.666535075437453,0.5969346653917276
1203.5,0.002970735585,0.6675642674739543,0.5971011785988273
1203.6,0.002970987185,0.6685528073015182,0.5973314661367949
1203.7,0.002971241725,0.6693893191773895,0.597587343203563
1203.8,0.002971500185,0.6701046786741678,0.5979050656633097
1203.9,0.00297176309,0.6707986250754193,0.5982701520305389
1204.0,0.002972031015,0.6715428997909813,0.5986369499374459
1204.1,0.002972305615,0.6724098913987778,0.5990117431976562
1204.2,0.00297258934,0.6734347103383053,0.5994117018716588
1204.3,0.00297288407,0.6744872695409639,0.5998129605367015
1204.4,0.002973191245,0.675338603450975,0.6002338748903407
1204.5,0.00297351244,0.6758968581823326,0.6006980665677386
1204.6,0.002973850205,0.676257764346377,0.6011692262976422
1204.7,0.002974207385,0.6765434293663679,0.6016189785868857
1204.8,0.00297458502,0.6767851183723939,0.6020387054185018
1204.9,0.002974982235,0.67693466446589,0.6024017214761724
1205.0,0.002975398675,0.676976717825151,0.6026870899298168
1205.1,0.00297583641,0.6769713708344547,0.6029231567416299
1205.2,0.002976298235,0.6769867646384572,0.6031067752924099
1205.3,0.00297678224,0.6770325941920877,0.603209733451809
1205.4,0.002977284715,0.6770624204727409,0.6032421408649862
1205.5,0.002977804315,0.6770375264925539,0.6032252346982803
1205.6,0.00297834087,0.6769435991553969,0.6031639880928614
1205.7,0.00297889313,0.6767643273122125,0.6030613679688319
1205.8,0.00297945659,0.676515060784706,0.6029193371932817
1205.9,0.002980026615,0.6762581287711248,0.6027221331392305
1206.0,0.002980598755,0.6760374193208395,0.602479736646539
1206.1,0.002981171205,0.6758370359750229,0.6022093221739256
1206.2,0.00298174473,0.6756386883812459,0.601903740713148
1206.3,0.002982319005,0.6754726237935771,0.6015637361933465
1206.4,0.00298289246,0.6753675375193146,0.6012271679475895
1206.5,0.00298346217,0.6752986989410892,0.6009137720892453
1206.6,0.00298402863,0.6751938828437948,0.6006092688230664
1206.7,0.00298459213,0.6750216733008955,0.6003296865547714
1206.8,0.002985153105,0.6748160434953475,0.600105130538441
1206.9,0.00298571196,0.6745537959069964,0.5999552420113456
1207.0,0.002986268565,0.6741485367378687,0.5998663317976564
1207.1,0.002986822765,0.6736724535039583,0.5998113878554192
1207.2,0.002987373475,0.6732526487608445,0.599782952671993
1207.3,0.00298791849,0.6728551430423857,0.5997431091090045
1207.4,0.002988454035,0.6724424634314101,0.5996665516376293
1207.5,0.002988977495,0.6720865272669438,0.5995626918411386
1207.6,0.002989488865,0.6718309021559065,0.5994336936485525
1207.7,0.00298998679,0.6715116346608927,0.5993084213848535
1207.8,0.00299047081,0.6709163594017052,0.5992272916395303
1207.9,0.002990941595,0.6701641615894709,0.5992222795426106
1208.0,0.002991399995,0.669606799070427,0.5993041192878736
1208.1,0.002991845545,0.6693472658181285,0.5994211882248357
1208.2,0.002992275355,0.6692168645902634,0.5995182797741133
1208.3,0.00299268679,0.6690835793803421,0.5995889002636919
1208.4,0.0029930793,0.6689906447864638,0.5996496329045526
1208.5,0.00299345264,0.6690463075251001,0.5996969402633674
1208.6,0.002993807105,0.6693659834271587,0.5997016400859772
1208.7,0.00299414396,0.6700006982405193,0.5996443644536725
1208.8,0.002994463755,0.6708553810882991,0.5995403306129489
1208.9,0.002994764775,0.6717676995949016,0.5994294305073217
1209.0,0.00299504578,0.6726601632359333,0.5993488744168168
1209.1,0.002995306375,0.6734999486513498,0.599284469254144
1209.2,0.002995546875,0.6742247015101622,0.5992193075959604
1209.3,0.00299576421,0.6747935685415036,0.5991884515012353
1209.4,0.002995955305,0.6752590206258743,0.5992138424813802
1209.5,0.002996116325,0.6757480535047027,0.5992934403861256
1209.6,0.00299624551,0.6763278784112198,0.5994145091988541
1209.7,0.00299634278,0.6769539287120419,0.5995632221419785
1209.8,0.00299640849,0.6775663821998592,0.5997066333333408
1209.9,0.00299644338,0.6781458175488873,0.5998259623320576
1210.0,0.0029964459,0.6786742836987035,0.5999273974473383
1210.1,0.00299641397,0.6791255420674652,0.6000128016436261
1210.2,0.002996345325,0.679482734868993,0.6000641377808599
1210.3,0.00299624012,0.6797345083874371,0.6000575121619535
1210.4,0.00299610048,0.6798881825336801,0.5999940199461058
1210.5,0.00299593059,0.6799658992527445,0.5998743365757376
1210.6,0.0029957336,0.6799655536775527,0.5996981937588362
1210.7,0.00299551279,0.6798440180241558,0.5994810713790428
1210.8,0.002995270825,0.6795505681375694,0.599263031025876
1210.9,0.00299501087,0.6790985432202002,0.5990355250540439
1211.0,0.002994735945,0.6785973586609878,0.5988102816572409
1211.1,0.002994450605,0.6781243856038045,0.5986483627152378
1211.2,0.002994160115,0.6776885336054161,0.5985551020240419
1211.3,0.002993868545,0.6773517360233954,0.598459828828592
1211.4,0.00299357869,0.6771611544466579,0.5983636609075546
1211.5,0.002993291585,0.6770462412705749,0.5982825280206385
1211.6,0.00299300589,0.6768908329651872,0.598161304013233
1211.7,0.002992721815,0.6766324369694294,0.5979663801271298
1211.8,0.00299243989,0.6762697903630549,0.597722608873493
1211.9,0.002992161225,0.6758254434981311,0.59743025226115
1212.0,0.00299188486,0.675313219382334,0.5971289138354102
1212.1,0.002991609795,0.674769723853263,0.5968955198906268
1212.2,0.002991335235,0.6742594161089844,0.5967187493835131
1212.3,0.00299106115,0.673826592605914,0.5965711416526842
1212.4,0.00299078859,0.6734828081218317,0.5964592444055488
1212.5,0.00299051824,0.6732174440735683,0.5963635577765056
1212.6,0.00299024948,0.6730034324988204,0.5962819618188325
1212.7,0.002989983345,0.6728234192397698,0.5962309706284721
1212.8,0.00298972287,0.6726995148255122,0.5962186731781889
1212.9,0.00298947065,0.6726825439419974,0.5962420579372651
1213.0,0.002989231385,0.6727972497729654,0.5962460697510837
1213.1,0.00298900694,0.6730457057695672,0.5961962183305382
1213.2,0.002988796945,0.673440289806858,0.5961233936995537
1213.3,0.002988600315,0.6739478957814545,0.5960844002515374
1213.4,0.00298841542,0.674491567239714,0.5960977350557148
1213.5,0.00298824053,0.6750185505577978,0.596168123067437
1213.6,0.00298807758,0.6754849702527057,0.5962812430224333
1213.7,0.002987929865,0.6758778201308518,0.5964001579592385
1213.8,0.00298779617,0.6762303445256964,0.5964903675356492
1213.9,0.00298767395,0.6765446545875028,0.5965742706789672
1214.0,0.002987562775,0.6767923189027559,0.5967202969320543
1214.1,0.00298746572,0.6770141530432112,0.5969467756030887
1214.2,0.002987385295,0.6772769724014251,0.5972231968008557
1214.3,0.00298732376,0.6775934124630506,0.5974997914145371
1214.4,0.002987282785,0.6779351360623522,0.5977659942680391
1214.5,0.002987263345,0.6782812893072955,0.5980367084485916
1214.6,0.00298726362,0.678647906886784,0.5983205915572294
1214.7,0.00298728027,0.6790256142883399,0.598596575445299
1214.8,0.002987311015,0.6793188254138847,0.5988518549811443
1214.9,0.00298735281,0.6794562826588498,0.5991218277458307
1215.0,0.002987402895,0.6794645010652316,0.5994114599690246
1215.1,0.002987459535,0.6794159948746602,0.5996843562998342
1215.2,0.002987520675,0.679333314439203,0.5999376949597383
1215.3,0.00298758352,0.6791761656914852,0.6001812324788816
1215.4,0.002987647175,0.6789168649170432,0.6003898681602806
1215.5,0.00298771128,0.678593211758685,0.6005187884413689
1215.6,0.002987774765,0.6782504577169931,0.6005726981713045
1215.7,0.002987835235,0.6778829227924495,0.6006032030359708
1215.8,0.002987891715,0.677477054154347,0.6006235259988468
1215.9,0.002987943615,0.6771074646282081,0.6006267637242356
1216.0,0.00298799066,0.6768468004025545,0.600606429451626
1216.1,0.002988030655,0.6766581666132623,0.6005476527663515
1216.2,0.00298806212,0.6764966887508678,0.6004530034912027
1216.3,0.00298808401,0.6764318965439802,0.6003658406313473
1216.4,0.002988094945,0.6765629826390438,0.6002915978854393
1216.5,0.00298809393,0.6768334863328885,0.6001753281696484
1216.6,0.00298808238,0.6770607868445611,0.5999831135930497
1216.7,0.00298806171,0.6771040088762892,0.5997402232419929
1216.8,0.002988033005,0.6769067419903849,0.5994574352925542
1216.9,0.002987995915,0.6765576796306446,0.5991461191685468
1217.0,0.002987950105,0.6761526278066319,0.5988369110532098
1217.1,0.00298789694,0.6757200870469003,0.5985235384426513
1217.2,0.00298783823,0.6753027013301298,0.5981914425681959
1217.3,0.00298777355,0.6749683102080817,0.5978745318959909
1217.4,0.00298770168,0.6747012245670441,0.597576206257606
1217.5,0.002987622035,0.6744620488351409,0.5972453487989747
1217.6,0.002987532905,0.6742395486770432,0.5968627147518195
1217.7,0.002987431825,0.6740143090501514,0.5964473258313395
1217.8,0.00298731582,0.6737803986275357,0.5960354008309193
1217.9,0.002987182605,0.6735400416567948,0.5956584266770889
1218.0,0.002987031205,0.6732835117670734,0.5953186646882402
1218.1,0.002986861025,0.6729762640055522,0.5949843916900759
1218.2,0.00298667187,0.6726209750091725,0.5946556466383449
1218.3,0.002986464205,0.6721933162844246,0.5943783043256118
1218.4,0.002986239295,0.6717064888036389,0.5941569602736105
1218.5,0.002986000345,0.6711964952186259,0.5939487989727021
1218.6,0.002985749235,0.6706980312786514,0.5936939831359325
1218.7,0.00298548629,0.6702530309624557,0.5933913063917223
1218.8,0.00298521327,0.6698487205543092,0.5930962800539422
1218.9,0.002984933995,0.6694297389084706,0.5928461483318189
1219.0,0.00298465194,0.6689584623113203,0.5926159116876524
1219.1,0.0029843672,0.6684431405851667,0.592383920778148
1219.2,0.00298407655,0.6679093085950981,0.5921511187094206
1219.3,0.0029837781,0.6673790643038399,0.5918932052622945
1219.4,0.002983472005,0.6668808139921659,0.5916070168529675
1219.5,0.002983159215,0.6664498503119464,0.5912997609233055
1219.6,0.00298283956,0.6661181421100245,0.5909417487944135
1219.7,0.00298251303,0.6658529854068762,0.5905488982879489
1219.8,0.00298217957,0.6655500479104759,0.5902009511936006
1219.9,0.00298183962,0.6652081609483563,0.5899169845185982
1220.0,0.00298149354,0.66507129432281,0.5896606971598296
1220.1,0.002981141585,0.665366817660548,0.5894581115575628
1220.2,0.00298078388,0.666037296364677,0.5893920790498954
1220.3,0.002980422275,0.6668858154076703,0.5894838468562625
1220.4,0.002980060955,0.667746548962901,0.5896546483373343
1220.5,0.002979705995,0.6685159375701356,0.5898614518418978
1220.6,0.00297936426,0.6691653864530417,0.5901575010822459
1220.7,0.00297904204,0.6697299746351889,0.5905685194190262
1220.8,0.00297874326,0.6702745445889475,0.5910364357686742
1220.9,0.002978471,0.6708521389646805,0.5915221460991121
1221.0,0.0029782279,0.671466885815135,0.5920050233412951
1221.1,0.00297801472,0.6720761662943722,0.5924606497804823
1221.2,0.002977830315,0.6726395355385699,0.5928499276677812
1221.3,0.002977672985,0.6730471006367054,0.5931867755152845
1221.4,0.00297754097,0.6730794276251107,0.5935287473004057
1221.5,0.002977433675,0.6728649762273915,0.5939041343216276
1221.6,0.002977349475,0.6729077144538509,0.5942764884493016
1221.7,0.002977286155,0.6732817022097048,0.5946231104198687
1221.8,0.002977241195,0.6737025185456532,0.594981069770004
1221.9,0.002977213825,0.6738662080892758,0.5953286423865081
1222.0,0.002977204075,0.6736903480157131,0.5956183525211998
1222.1,0.00297721186,0.6734142208710185,0.59585377907643
1222.2,0.00297723642,0.6731766536345541,0.5960403255915631
1222.3,0.002977275685,0.6728662642803794,0.5961690316160324
1222.4,0.002977326025,0.6724562613063447,0.5962770540227891
1222.5,0.00297738702,0.6721182070872626,0.5963902462344165
1222.6,0.002977458565,0.6720140193084989,0.5964750359351813
1222.7,0.00297754032,0.6720612060301558,0.5965140607991242
1222.8,0.002977630775,0.6720532075352598,0.5965328732842523
1222.9,0.002977729375,0.6718803194083475,0.5965554537956094
1223.0,0.002977836195,0.6715621451875772,0.5965860818107077
1223.1,0.002977951105,0.6711674669025067,0.5966075721894138
1223.2,0.002978072575,0.670679125174062,0.596613117728766
1223.3,0.002978198975,0.6700213699201799,0.5966126125606672
1223.4,0.00297833033,0.6691977825564855,0.5965994097033812
1223.5,0.00297846614,0.6683048979420381,0.5965808868730956
1223.6,0.002978606055,0.6674373471307493,0.5965603427420968
1223.7,0.00297874974,0.6666214692354266,0.5965139527283368
1223.8,0.002978896265,0.6658551656721777,0.5964178237630482
1223.9,0.002979045235,0.6651542637847914,0.5962773788634694
1224.0,0.0029791966,0.664548602420291,0.5961038102675883
1224.1,0.00297934908,0.6640445401622078,0.5959255650968831
1224.2,0.002979500735,0.6636910544400112,0.5957689761809761
1224.3,0.00297965301,0.6634548318052025,0.5956503628370656
1224.4,0.002979808525,0.663337084912546,0.5955654518708244
1224.5,0.00297996633,0.6633872247312973,0.5954554276412289
1224.6,0.00298012363,0.6635287974626387,0.5952838231690748
1224.7,0.002980278915,0.6636681396631959,0.5950981462467883
1224.8,0.00298043481,0.6637832413348381,0.5949474490737438
1224.9,0.002980592165,0.6639080065454829,0.594821934279092
1225.0,0.002980749375,0.6640964895383276,0.5946713502033831
1225.1,0.002980905855,0.6643578197816238,0.5944892415020324
1225.2,0.0029810615,0.664644841969641,0.5943217575428028
1225.3,0.002981213,0.6648988648684251,0.5941957759074826
1225.4,0.00298135683,0.6650891448522677,0.5940981320662164
1225.5,0.002981491705,0.6652165678502974,0.5940191304357566
1225.6,0.00298161763,0.6653009510289727,0.59394407024744
1225.7,0.00298173566,0.6653643923510193,0.5938481856980597
1225.8,0.002981847005,0.6654003007550499,0.5937391699197061
1225.9,0.002981951745,0.6653818533229879,0.5936305116545963
1226.0,0.0029820497,0.6653084091699323,0.593529582335733
1226.1,0.00298214085,0.6652311322738393,0.5934347156623726
1226.2,0.002982226045,0.665211572717978,0.593327831140475
1226.3,0.002982305735,0.665275164836472,0.5932376743428209
1226.4,0.00298237816,0.6653903167735967,0.5931886918868031
1226.5,0.002982443115,0.6655043691532927,0.593155511641833
1226.6,0.002982500385,0.6656116294096714,0.5931037532745466
1226.7,0.00298254814,0.6657850955896321,0.5930213097151755
1226.8,0.002982584115,0.6660723314059498,0.5929109455652549
1226.9,0.002982608265,0.6664009671302565,0.5927859026378196
1227.0,0.00298261895,0.6666554424183826,0.5926651253648895
1227.1,0.002982613475,0.6667846686905954,0.5925517138700949
1227.2,0.002982591115,0.6668077719629699,0.5924261940488947
1227.3,0.002982550795,0.6667867484249321,0.5922884534322722
1227.4,0.002982491285,0.6668196346168298,0.5921632697614861
1227.5,0.002982413025,0.6669614398260275,0.5920392824091825
1227.6,0.00298231471,0.6671602775082586,0.5919031559428655
1227.7,0.00298219498,0.6673238728041017,0.5917528056016499
1227.8,0.00298205491,0.6674214004064397,0.5915834285186873
1227.9,0.002981896015,0.66752030402636,0.5914007819766743
1228.0,0.00298172006,0.6677050736566882,0.5912262665047673
1228.1,0.0029815283,0.6679942509772658,0.5910932508434958
1228.2,0.00298132331,0.6683641043971876,0.5910446522901004
1228.3,0.002981107785,0.6687999249796496,0.5910477963960281
1228.4,0.002980882965,0.6692979553798378,0.5910838298354463
1228.5,0.002980650585,0.669824681087324,0.5911548568471142
1228.6,0.00298041174,0.6703402227249634,0.5912452184766094
1228.7,0.00298016926,0.6708178893215712,0.5913509305561285
1228.8,0.00297992549,0.6712743124686553,0.5914937379333829
1228.9,0.002979681565,0.6717383194204052,0.5916781682717045
1229.0,0.00297943915,0.6721814536305647,0.5918609926278616
1229.1,0.002979201515,0.672556289616435,0.5919982953064682
1229.2,0.002978971805,0.6728628713603135,0.5921101498279436
1229.3,0.002978752125,0.6731383262041803,0.5922518972318366
1229.4,0.00297854275,0.6734338746746594,0.5924419906050756
1229.5,0.00297834374,0.6738180034915991,0.5926724660102838
1229.6,0.002978154875,0.6743161092900111,0.5929592720567265
1229.7,0.002977976735,0.6748489799527277,0.5932930109841398
1229.8,0.0029778115,0.675266993988029,0.5936299587342894
1229.9,0.00297766235,0.6754467119373703,0.5939309145140438
1230.0,0.00297752961,0.6754181171610373,0.5941652295737933
1230.1,0.002977411655,0.6753345256637107,0.594340039727091
1230.2,0.002977306405,0.6752819605354308,0.5944996948374279
1230.3,0.002977213585,0.6752505697416361,0.5946615610006746
1230.4,0.002977135445,0.6751916900121225,0.594835731525708
1230.5,0.002977072295,0.6750501047144105,0.5950366966944841
1230.6,0.00297702303,0.67486283437633,0.5952322639787626
1230.7,0.00297698584,0.6746802324449328,0.5954073084948724
1230.8,0.002976960675,0.6745110011318692,0.5955762576929158
1230.9,0.00297694855,0.6743201242454223,0.5957545512441479
1231.0,0.00297694788,0.674015037899647,0.5959399925469855
1231.1,0.002976956195,0.6734782590956694,0.5961147115940963
1231.2,0.002976973315,0.6725684035977072,0.5962838612257508
1231.3,0.00297700022,0.6715294600576093,0.596469979227646
1231.4,0.00297703667,0.6707534489730608,0.5966481816726912
1231.5,0.002977084235,0.6701349070786807,0.596775129033593
1231.6,0.00297714454,0.6692787037000566,0.5968412922315147
1231.7,0.002977218205,0.6680832774298833,0.5968331027277853
1231.8,0.002977303045,0.666787031168271,0.5967626770169513
1231.9,0.00297739785,0.6656709992276391,0.5966626487068609
1232.0,0.002977502325,0.6649129329203278,0.5965161022060305
1232.1,0.00297761537,0.6644889938412818,0.5962920513577987
1232.2,0.002977735305,0.6642232088196027,0.5960120053904281
1232.3,0.002977860495,0.6640648662666765,0.5957234695830703
1232.4,0.00297798928,0.663958102381937,0.5954611271186211
1232.5,0.00297812037,0.6638004949616917,0.5952157505111384
1232.6,0.002978252155,0.6635621109111374,0.5949864085925595
1232.7,0.002978382505,0.6632301388154325,0.5947898447950912
1232.8,0.002978510505,0.6628478635381583,0.594598889368828
1232.9,0.00297863484,0.6625241475479471,0.5943994855716008
1233.0,0.00297875335,0.6623153761497454,0.5942171456490308
1233.1,0.00297886543,0.6621797787276312,0.5940817197578755
1233.2,0.002978973755,0.6620633575870745,0.5939570085826246
1233.3,0.002979077985,0.6619503670656954,0.5938498199545581
1233.4,0.00297917666,0.6618540332685658,0.5937943639327184
1233.5,0.002979272415,0.6617842333629884,0.5937622009354495
1233.6,0.0029793658,0.6617159602714405,0.593693627507644
1233.7,0.002979453845,0.6616107985989543,0.593555508643266
1233.8,0.002979534855,0.6614869570165498,0.5933638161993664
1233.9,0.002979610525,0.661405369855336,0.5931253963346558
1234.0,0.002979680525,0.6613951345464707,0.5928294438553613
1234.1,0.00297974267,0.6614528518867024,0.5925080099180537
1234.2,0.002979796325,0.6615822352385479,0.592231521490204
1234.3,0.002979844995,0.6617944372559272,0.5919967816871278
1234.4,0.002979891455,0.6620808311254138,0.591784458404272
1234.5,0.00297993634,0.6624208394151264,0.591596373137057
1234.6,0.00297998167,0.6627995898254433,0.5914350680622585
1234.7,0.002980029975,0.6631491359904523,0.5913068150554498
1234.8,0.002980082375,0.6634761192370233,0.5912043545243272
1234.9,0.002980139355,0.6637616962924198,0.5911338050347424
1235.0,0.002980202735,0.6639145913236847,0.591108196656386
1235.1,0.002980272975,0.6640533680375644,0.5910986386748968
1235.2,0.00298034922,0.6641958329812194,0.5910989685421254
1235.3,0.00298043119,0.6642292846597948,0.5911234446904895
1235.4,0.00298052048,0.6641371417472651,0.5911573870858374
1235.5,0.002980617365,0.6639298657471665,0.5911961266931673
1235.6,0.002980722625,0.6635994518814179,0.5912677650587658
1235.7,0.002980836785,0.6631765872270593,0.5913319836108348
1235.8,0.002980958185,0.6627262022210555,0.5913137265592877
1235.9,0.002981083775,0.662282967479931,0.5912092836832006
1236.0,0.002981213295,0.6618699360105783,0.5910523221744048
1236.1,0.002981347775,0.6614963692281399,0.5908607704738561
1236.2,0.002981487765,0.6611214641272312,0.5906125369020141
1236.3,0.002981634325,0.6607233489397977,0.5902868724960392
1236.4,0.00298178658,0.6603242158763444,0.5899483036840804
1236.5,0.00298194468,0.6599065097171231,0.5896287421359943
1236.6,0.002982109515,0.6594296599346052,0.589304319287436
1236.7,0.002982279105,0.6589207030751678,0.5890008024813503
1236.8,0.00298245155,0.6584415536468277,0.5887373189904493
1236.9,0.002982624305,0.6580367845661538,0.5884834003925414
1237.0,0.00298279371,0.6577162730004493,0.5882088685485963
1237.1,0.002982958255,0.6574471578905574,0.5878921086728387
1237.2,0.00298311737,0.6572081518046576,0.587516357226869
1237.3,0.002983272995,0.6570317073948614,0.5871492112314961
1237.4,0.002983424095,0.6569982871322125,0.5869024102259042
1237.5,0.00298356952,0.6571630008350402,0.5867750701659207
1237.6,0.002983709705,0.6575250882379224,0.5866833413153026
1237.7,0.002983844,0.6580125754531652,0.5866172001085295
1237.8,0.00298397402,0.6585572773538152,0.5865884633322086
1237.9,0.002984100575,0.6591535830553931,0.5866108509497766
1238.0,0.00298422199,0.659783026276281,0.586709490675914
1238.1,0.002984337095,0.6603928282598988,0.58688792371386
1238.2,0.002984446205,0.6609817323691848,0.5870992058729103
1238.3,0.00298455024,0.661592853821717,0.5872938112015185
1238.4,0.002984650935,0.6622486424385979,0.5875179770320412
1238.5,0.002984750125,0.6628857197296342,0.5878134570158005
1238.6,0.002984849195,0.6633947834032218,0.5881579540130967
1238.7,0.00298494911,0.6637525731073538,0.5885477194755755
1238.8,0.00298505242,0.6640893769725599,0.5890052051092951
1238.9,0.00298516111,0.6645789879044366,0.589543013099026
1239.0,0.00298527489,0.6653075106744334,0.5901699644086211
1239.1,0.002985394665,0.6662553668771333,0.5908657542964417
1239.2,0.002985521125,0.6673413463424409,0.5915820945984465
1239.3,0.002985654935,0.6684922876606394,0.5922508768425427
1239.4,0.00298579403,0.6696732940205328,0.592861173312844
1239.5,0.00298593811,0.6708269873738959,0.5934392200779193
1239.6,0.00298608753,0.6718661696750357,0.5940173541792703
1239.7,0.00298624061,0.6727280404868068,0.5946282576052723
1239.8,0.00298639538,0.6734004606951959,0.5952430390132459
1239.9,0.00298655121,0.6738892548129826,0.595821910760552
1240.0,0.002986706895,0.6741656458514601,0.5963792663680921
1240.1,0.002986863985,0.6741535255870026,0.5969181864816225
1240.2,0.002987022175,0.6738188328720597,0.5974072551746071
1240.3,0.002987180295,0.6732455801773739,0.5977860948061553
1240.4,0.00298733636,0.6725745297033817,0.5980296141040613
1240.5,0.00298748802,0.6719045599372625,0.5981460836251449
1240.6,0.002987633135,0.6712759272472791,0.5981410375990247
1240.7,0.00298777059,0.6706669295113808,0.5980347600328279
1240.8,0.00298789877,0.6700283882381681,0.5978428545889463
1240.9,0.0029880162,0.6693287492710283,0.5975609368606725
1241.0,0.002988122305,0.6685821309273469,0.5971931059981012
1241.1,0.002988217185,0.6677910716139875,0.5967652418131937
1241.2,0.00298830091,0.6668732427538707,0.5963035445603627
1241.3,0.00298837406,0.6657142778080349,0.5958011511162971
1241.4,0.00298843689,0.6643019371315018,0.5952246412183481
1241.5,0.002988488745,0.6627338614239449,0.5945553538061531
1241.6,0.002988530565,0.6611220861625766,0.5937876905616036
1241.7,0.00298856365,0.6595474445263736,0.5929528418448832
1241.8,0.002988586535,0.6580693817315274,0.5921093895625216
1241.9,0.00298859962,0.6567665569748985,0.5913072825244367
1242.0,0.002988604425,0.6557318294521415,0.5905710603391644
1242.1,0.00298860331,0.6549921540282244,0.5899158994124957
1242.2,0.0029885985,0.6545383509694133,0.5893826473604309
1242.3,0.00298859255,0.6543631820462344,0.5889785417841255
1242.4,0.002988589255,0.6544297272618228,0.5886741346506819
1242.5,0.00298859251,0.6546747526392469,0.5884257622204446
1242.6,0.00298860509,0.6550330889805007,0.5882319228121254
1242.7,0.00298862742,0.6554589130151388,0.5881034222478156
1242.8,0.00298866166,0.6559287758955951,0.5880421756423969
1242.9,0.00298871032,0.6564536606297862,0.5880265135463817
1243.0,0.002988776495,0.6570648951796539,0.5880365056959757
1243.1,0.00298886316,0.6577887558261528,0.5881047769025679
1243.2,0.00298897249,0.6586286983212019,0.5882874636569668
1243.3,0.002989108165,0.6595680408078106,0.5885789060658477
1243.4,0.0029892728,0.6605833407215977,0.5889327090889023
1243.5,0.00298946652,0.6616501816044597,0.5893166883660317
1243.6,0.002989686785,0.6627376313351292,0.5896986909530635
1243.7,0.00298993062,0.6638026940765492,0.590048299321607
1243.8,0.002990196015,0.6647829149667663,0.5903729439666067
1243.9,0.00299048,0.6656272996738276,0.5907350678119635
1244.0,0.00299077948,0.6663317578440979,0.5911399971138628
1244.1,0.0029910917,0.6669417608896455,0.5914892963496892
1244.2,0.002991414335,0.6675064747354988,0.5917504619735303
1244.3,0.002991745355,0.6680369452214282,0.5919968784481815
1244.4,0.002992081195,0.6685150139418955,0.5922554359218015
1244.5,0.00299241623,0.6689567344353609,0.59248271255737
1244.6,0.00299274631,0.6693789707711887,0.5926704208334663
1244.7,0.002993070605,0.669756056137399,0.5928710266040428
1244.8,0.002993389025,0.6700824299149951,0.593119799273184
1244.9,0.00299370108,0.6704057689140879,0.5933732328091863
1245.0,0.002994007965,0.6707483533097766,0.5935851037026999
1245.1,0.002994311615,0.6711077515093472,0.5937660625811393
1245.2,0.002994612835,0.6714975540426193,0.5939435870704899
1245.3,0.002994910705,0.6718997344509466,0.5941280054707594
1245.4,0.002995205445,0.6722561230047551,0.5942992675093143
1245.5,0.002995495975,0.6725136079386435,0.5944143383933486
1245.6,0.00299578067,0.6726601318200068,0.594437841904627
1245.7,0.002996058105,0.6727351907516863,0.5943981409699451
1245.8,0.002996327905,0.6727993357904873,0.5943619359995681
1245.9,0.002996589675,0.6728950915345687,0.5943337640816063
1246.0,0.002996843185,0.6730175382498351,0.5942698540339358
1246.1,0.00299708853,0.6730945198362186,0.5941593635919905
1246.2,0.00299732455,0.673037927186157,0.5940359329299051
1246.3,0.002997550845,0.6728510903878626,0.5939250510455152
1246.4,0.002997767025,0.6726271576635147,0.5938252866292077
1246.5,0.002997971745,0.672388377772286,0.5936886537381549
1246.6,0.0029981608,0.6720427083326115,0.5935051413732065
1246.7,0.002998328875,0.6715785568675995,0.5933223207869607
1246.8,0.002998470605,0.6711490508863713,0.5931812362591177
1246.9,0.0029985843,0.6708463333014567,0.5930668665785637
1247.0,0.002998673055,0.6705637470422663,0.5929513778627066
1247.1,0.00299873895,0.6701452052193991,0.5928352702530967
1247.2,0.002998781085,0.6695755025244119,0.5927090649363796
1247.3,0.00299879831,0.6688892027596792,0.592567323815672
1247.4,0.00299879063,0.6680118815952377,0.592384337353334
1247.5,0.002998759605,0.6667363635619539,0.5921352932505874
1247.6,0.002998706405,0.6649092384073672,0.5918678903086918
1247.7,0.00299863236,0.6629725533505794,0.5916387928060214
1247.8,0.00299854016,0.6616203176246946,0.5914513239192852
1247.9,0.00299843443,0.6609484314870567,0.5912904366763096
1248.0,0.00299831843,0.6606544098306072,0.5911633944393095
1248.1,0.002998192755,0.6604926492248739,0.5911035697187259
1248.2,0.002998058605,0.6603417208306102,0.591104462559358
1248.3,0.002997917645,0.6601623296069049,0.5911228433896556
1248.4,0.00299777173,0.6599434674130998,0.5911390986183638
1248.5,0.002997623935,0.6597020046017449,0.5911646988285795
1248.6,0.00299747817,0.6595478780661599,0.5912059360020689
1248.7,0.00299733605,0.6596471963763105,0.5912530737148805
1248.8,0.00299719665,0.6599705856408857,0.5912846863051164
1248.9,0.00299706263,0.6604178604701626,0.5912837425706834
1249.0,0.00299693776,0.6610120173223654,0.5912642885723352
1249.1,0.00299682376,0.6617966112380435,0.5912325434068892
1249.2,0.002996719955,0.6626456266526761,0.5911823596058408
1249.3,0.002996625325,0.6634037369422846,0.5911311384508982
1249.4,0.002996539655,0.6640432081269227,0.5910954216840195
1249.5,0.00299646292,0.66460697949498,0.5910768297386956
1249.6,0.002996393815,0.6651269130791491,0.5911299352209117
1249.7,0.002996329295,0.6655942375527412,0.591292531490291
1249.8,0.00299626744,0.6660385278689972,0.5915284600720274
1249.9,0.00299620698,0.6665075613689929,0.59181592899452
1250.0,0.0029961488,0.6669565766405998,0.5921160729867327
1250.1,0.002996093975,0.6672679398884972,0.5923980447504001
1250.2,0.0029960433,0.667399867930392,0.5926820717439815
1250.3,0.00299599958,0.66739808978895,0.5930019468230143
1250.4,0.002995966335,0.6673425464308346,0.5933612463765757
1250.5,0.002995945555,0.6673448335102864,0.5937701950321159
1250.6,0.00299593936,0.6674072758058691,0.5942276140640712
1250.7,0.002995949975,0.6673436334218926,0.5947137541643842
1250.8,0.002995980155,0.6670446731817918,0.5952300177400154
1250.9,0.002996032585,0.666706053476032,0.5958023424082314
1251.0,0.002996110215,0.666506417829267,0.5963871599337935
1251.1,0.002996213625,0.6662499319218426,0.5968875735461688
1251.2,0.00299634253,0.6656531549813667,0.59727745776085
1251.3,0.00299649914,0.6648928078777889,0.5976337269341376
1251.4,0.002996686465,0.6644269411031881,0.5979811016303045
1251.5,0.002996904925,0.6643490358885644,0.5982774662865551
1251.6,0.0029971509,0.6644695599491267,0.5985604477581012
1251.7,0.002997422945,0.6647058454157885,0.5988955243756663
1251.8,0.00299772194,0.6650197156546234,0.5992564405928072
1251.9,0.00299804813,0.6653405225300373,0.599583523113706
1252.0,0.00299839908,0.6656456968404071,0.5998381919239396
1252.1,0.00299877435,0.6659919003508327,0.5999965263087249
1252.2,0.00299917356,0.6664557753556911,0.6000913502564252
1252.3,0.00299959372,0.6670376611469889,0.6001939094335573
1252.4,0.00300002968,0.6676721120665667,0.6003340508552857
1252.5,0.00300047687,0.6683350132492154,0.6004901999482213
1252.6,0.00300093244,0.6690251206242442,0.6007226501585715
1252.7,0.00300139686,0.6697225227774145,0.6010529257942434
1252.8,0.00300187028,0.6704102739579532,0.6013869795092405
1252.9,0.00300235253,0.6710637000971585,0.6016713200337687
1253.0,0.00300284314,0.6716039535026112,0.6019045832882978
1253.1,0.003003341615,0.6720082639107575,0.6021113930760464
1253.2,0.003003847575,0.6723827354718802,0.602340913437088
1253.3,0.003004364275,0.6728507071135588,0.6026342477130648
1253.4,0.003004895355,0.6734259201620606,0.6030031077613895
1253.5,0.00300544267,0.6739970428569272,0.6034308230348052
1253.6,0.003006005365,0.6744697017548451,0.6038978258093096
1253.7,0.003006581755,0.6748200144684616,0.6043668505128459
1253.8,0.003007171105,0.6750317703796842,0.6047717810713821
1253.9,0.003007772925,0.6750682631199483,0.6050680175506523
1254.0,0.0030083881,0.6749348459631356,0.6052346614480064
1254.1,0.003009016885,0.6747235047421433,0.6052934042040803
1254.2,0.00300965894,0.6745654135166294,0.6053052888490887
1254.3,0.003010315245,0.6745476258190248,0.6053265128207379
1254.4,0.003010986635,0.6746840274888584,0.6053954368502835
1254.5,0.00301167436,0.6749479087053892,0.6054797553121503
1254.6,0.00301237983,0.6752462217774036,0.6055263570692552
1254.7,0.00301310224,0.6754483267159943,0.605546083129527
1254.8,0.00301383855,0.6755133137016264,0.605597373399508
1254.9,0.003014585795,0.6754857870667956,0.6056719648622008
1255.0,0.00301534111,0.6753788535360528,0.6057246537692312
1255.1,0.00301610093,0.6751641319613652,0.605759411722032
1255.2,0.00301686033,0.6747972065057966,0.6057974407011038
1255.3,0.003017615745,0.6742310223945813,0.6057881893390574
1255.4,0.00301836431,0.6735879258120209,0.6057189568051132
1255.5,0.00301910437,0.6731177173563727,0.60562746106067
1255.6,0.00301983545,0.6729196210900079,0.6055360023870202
1255.7,0.003020557235,0.6729090339227655,0.6054503192173047
1255.8,0.00302126915,0.6729493845388081,0.6053871568686857
1255.9,0.003021970195,0.6729467141850526,0.6053600417824927
1256.0,0.003022661425,0.6729062818876008,0.6053445788634516
1256.1,0.003023346245,0.6728459444590961,0.6052885114876816
1256.2,0.003024026855,0.6727287630531171,0.6052000593182012
1256.3,0.0030247041,0.6725115407706773,0.6050991061232337
1256.4,0.003025378115,0.6721557051371758,0.6049494708085061
1256.5,0.00302604665,0.6716989238485291,0.604735422162965
1256.6,0.0030267095,0.6712925965378992,0.604484354246231
1256.7,0.003027366215,0.6710194350566695,0.604258258221182
1256.8,0.003028017395,0.6708076791454469,0.6040902753770387
1256.9,0.00302866686,0.6705744535900298,0.6039607487685683
1257.0,0.00302931776,0.670348868387946,0.6038267962843675
1257.1,0.003029971105,0.6702134594613911,0.6036621812275492
1257.2,0.003030627685,0.6701782422077442,0.6034900916934894
1257.3,0.00303128738,0.6701484850421295,0.6033480483515685
1257.4,0.003031949255,0.6700222181501965,0.6031938677805897
1257.5,0.00303261338,0.6697522171111764,0.6029577167740935
1257.6,0.003033278555,0.6693620187372298,0.6026738562849229
1257.7,0.003033943525,0.6689135124036327,0.6024355834467483
1257.8,0.00303460802,0.6684643023532812,0.6022619916030816
1257.9,0.00303527103,0.6680694732717634,0.6021291173134795
1258.0,0.003035930895,0.6677608432094747,0.6020506591785487
1258.1,0.00303658863,0.6675027550897971,0.6020646084782492
1258.2,0.003037246515,0.6672102476810066,0.6021429466043405
1258.3,0.003037906115,0.6668737579750659,0.6022248259336711
1258.4,0.003038566485,0.6665902669371913,0.6023094824309074
1258.5,0.00303922706,0.6663351193482373,0.60242065397014
1258.6,0.003039890545,0.6660179630034868,0.6025395921547307
1258.7,0.00304056084,0.6658758562013943,0.6026300838461618
1258.8,0.00304124135,0.6662972380240203,0.6026855122219862
1258.9,0.00304193323,0.6672537461728882,0.6027390845448707
1259.0,0.003042636805,0.6684169145696945,0.6028261424755313
1259.1,0.003043352685,0.6695350073951072,0.6029483944120532
1259.2,0.00304408203,0.670475273509956,0.6031019359830863
1259.3,0.003044826485,0.6711917828296454,0.6032735216056844
1259.4,0.003045586175,0.6717584507461294,0.6034412568923264
1259.5,0.00304636067,0.6724390893609002,0.6035766551374664
1259.6,0.003047146945,0.6733272427368113,0.6036583729889345
1259.7,0.003047942625,0.6742558284101741,0.6036938195788449
1259.8,0.003048747695,0.6750724163054364,0.6037134067807215
1259.9,0.00304956368,0.6757179256311547,0.6037344460267225
1260.0,0.003050388315,0.6762581287711248,0.6037501640430871
1260.1,0.00305121699,0.6766442367914363,0.603720411275702
1260.2,0.00305204642,0.6768362069521265,0.6036299340355972
1260.3,0.003052875235,0.6767479910304137,0.6035095362670595
1260.4,0.00305370236,0.6763941408834693,0.6034182817969321
1260.5,0.00305452474,0.6761222360393011,0.6033850248971012
1260.6,0.003055341495,0.6761052714389717,0.6034100646471874
1260.7,0.00305615258,0.6761675063894393,0.6034853447469898
1260.8,0.003056956125,0.6762230371811842,0.6035602346609845
1260.9,0.003057750345,0.6763315540746245,0.6036037557723333
1261.0,0.003058534655,0.6765220288372117,0.6036442150874818
1261.1,0.003059311445,0.6767550030652165,0.6037104517986716
1261.2,0.00306008407,0.6769824166742247,0.603777338191222
1261.3,0.00306085675,0.6772011343547675,0.6038220512228235
1261.4,0.003061631165,0.6774723731812932,0.603875866076661
1261.5,0.003062409405,0.6778394557164945,0.6039605213172603
1261.6,0.00306319241,0.6782179485162136,0.604067461759507
1261.7,0.003063980415,0.6784786441577939,0.6041849667495292
1261.8,0.00306477272,0.6785735768046001,0.6043216480211089
1261.9,0.0030655676,0.6786255827293877,0.6044693864421922
1262.0,0.00306636475,0.678876011646176,0.6045780107781012
1262.1,0.003067164315,0.6793739980640671,0.6046275838535379
1262.2,0.003067966045,0.6798158756371651,0.6046490352764952
1262.3,0.00306877076,0.6799143143013726,0.6046323458796822
1262.4,0.00306957991,0.6797560345802994,0.6045491200637404
1262.5,0.003070395385,0.679555776898189,0.6044019138284525
1262.6,0.00307121774,0.6793581330211663,0.6042395833378119
1262.7,0.003072048515,0.6790611205685106,0.6041143292953504
1262.8,0.00307288768,0.6785449317627846,0.604036072850668
1262.9,0.00307373598,0.6780083037552543,0.6039558692468587
1263.0,0.003074594545,0.6778323180179856,0.6038573589543387
1263.1,0.00307546074,0.6778762688992093,0.6037889740220924
1263.2,0.00307633041,0.6777484060782082,0.6037148462584754
1263.3,0.00307720157,0.6772486478020604,0.6035599726521573
1263.4,0.003078071825,0.6762321854989914,0.6033876921092641
1263.5,0.003078937975,0.674897586674264,0.6032937082234393
1263.6,0.0030797987,0.6738180977393787,0.6032954254179838
1263.7,0.003080653655,0.67313985301821,0.6033881803127625
1263.8,0.00308150224,0.6727251942038627,0.603527463451378
1263.9,0.00308234183,0.6726550173071667,0.6036762869785638
1264.0,0.00308316882,0.6730265232048244,0.6038183120992472
1264.1,0.00308398208,0.6737528845590756,0.6039466072033975
1264.2,0.00308478023,0.6745632144017719,0.6040507264954413
1264.3,0.003085561405,0.6750940555956342,0.6041109508266107
1264.4,0.0030863215,0.6753675940679823,0.6041200545338022
1264.5,0.0030870587,0.6759175801274756,0.6040818665901422
1264.6,0.003087772005,0.6769582452603479,0.6040266744620855
1264.7,0.003088462875,0.6780558988839562,0.6040169713390156
1264.8,0.00308913392,0.6788240057213883,0.6040651891313813
1264.9,0.003089787095,0.6793279988644332,0.6041321477805629
1265.0,0.003090421865,0.6796678500745132,0.6042037729514721
1265.1,0.003091037955,0.6798132429825213,0.6042954389702371
1265.2,0.00309163567,0.6800123319921646,0.6044450623469125
1265.3,0.00309221587,0.6804574391225106,0.6046403764188233
1265.4,0.003092777945,0.6809339244802805,0.6048133745014785
1265.5,0.003093319445,0.6813124361295556,0.6049086527234766
1265.6,0.003093837795,0.6816665250375417,0.6049368610839132
1265.7,0.00309433141,0.6819859181962615,0.6049471133573789
1265.8,0.00309479809,0.6821807409230812,0.604957875197173
1265.9,0.003095236535,0.6822679138360331,0.6049659333823295
1266.0,0.003095646155,0.6823831474545667,0.6049958023886428
1266.1,0.00309602602,0.6826780487569591,0.6050472868090498
1266.2,0.00309637472,0.6831931003061447,0.6050952419642698
1266.3,0.00309669181,0.6838560329047199,0.6051459755440326
1266.4,0.00309697762,0.6845339697498086,0.6052346199789833
1266.5,0.00309723308,0.6851264301419785,0.6053620806761248
1266.6,0.003097459385,0.6856641577069376,0.6054719321181243
1266.7,0.003097659375,0.6861918447417757,0.6055508759432793
1266.8,0.003097836445,0.6866300089523572,0.6056588185535825
1266.9,0.003097992535,0.6868810536213055,0.6058062101428369
1267.0,0.00309813083,0.6869679500741038,0.6059401814765937
1267.1,0.00309825316,0.6870157776806621,0.6060610699619038
1267.2,0.00309836247,0.6870614187387334,0.606201494126971
1267.3,0.00309846313,0.6870170468840942,0.6063571355385337
1267.4,0.00309855829,0.6868672306136298,0.6065135554367559
1267.5,0.003098649815,0.6866854957618049,0.6066497975136826
1267.6,0.00309874048,0.6864961959548702,0.6067390708954826
1267.7,0.00309883266,0.6863240806597506,0.6067397205768434
1267.8,0.00309892824,0.6862114545631195,0.6066474287528218
1267.9,0.00309902879,0.6861537309397023,0.6064753926258372
1268.0,0.003099137525,0.6861064248375247,0.6062054047815062
1268.1,0.00309925701,0.6860204771457077,0.6058465814933911
1268.2,0.003099390215,0.6858499012309884,0.6054499742704313
1268.3,0.00309953972,0.6855609501050819,0.6050607296840145
1268.4,0.00309970547,0.6851284596108327,0.6046765141591175
1268.5,0.00309988757,0.684564656826849,0.6042651244860855
1268.6,0.00310008423,0.6839174070588004,0.6037864821107997
1268.7,0.00310029174,0.6831324864174864,0.6031864837812168
1268.8,0.003100507585,0.6820084371324024,0.6024989236095115
1268.9,0.00310072802,0.6804824964655155,0.6018651676102287
1269.0,0.003100948165,0.6789582899577734,0.6013574893790012
1269.1,0.003101162945,0.677678712986781,0.6009337281140994
1269.2,0.003101365555,0.676358420974998,0.6005619526677921
1269.3,0.00310155204,0.6748784292422625,0.6002280843067616
1269.4,0.00310171777,0.6733637103443342,0.5999492547640664
1269.5,0.00310186247,0.6721417815985351,0.5997125728284117
1269.6,0.003101987135,0.6711505211517331,0.5994678503005194
1269.7,0.0031020923,0.6701377784943661,0.5991681103171218
1269.8,0.00310217789,0.6696137922556739,0.5988445407251283
1269.9,0.003102246215,0.6694881096999743,0.5985513509624135
1270.0,0.003102299485,0.669409475635855,0.5982768166051943
1270.1,0.00310233755,0.6694109836003287,0.5980073885926741
1270.2,0.003102361215,0.6695118161581384,0.5977060589633939
1270.3,0.003102369215,0.6695634513749927,0.5973579529044574
1270.4,0.00310236052,0.6694956935046401,0.5970203944286959
1270.5,0.00310233606,0.6693950745751309,0.5967030734644903
1270.6,0.003102298265,0.6693640607724547,0.596362522307567
1270.7,0.003102245815,0.6694571398795952,0.5960100349835158
1270.8,0.003102179535,0.6697664359595265,0.5957073161419641
1270.9,0.003102100345,0.6702543629977408,0.5954997573985267
1271.0,0.00310201005,0.6706928727835142,0.5953685808255945
1271.1,0.00310191147,0.6709525065667774,0.5953015053091664
1271.2,0.00310180851,0.6710728861140777,0.5953242466700671
1271.3,0.00310170649,0.6713536313999731,0.5954270420949668
1271.4,0.003101609675,0.6720240598386197,0.595587319240649
1271.5,0.003101519715,0.6728231553459869,0.5958071358503021
1271.6,0.00310143912,0.673377369989192,0.5960999988873811
1271.7,0.003101372695,0.6736634371330424,0.5964411632831902
1271.8,0.003101323765,0.6740164139172292,0.5968137706232322
1271.9,0.003101295515,0.6746943319127621,0.5972274329243897
1272.0,0.003101290655,0.6756941751906936,0.5977010072824069
1272.1,0.00310131279,0.6769694544629359,0.5982209389816204
1272.2,0.00310136453,0.6784376400904794,0.5987647449000456
1272.3,0.003101448215,0.6800055964175152,0.5993295856662423
1272.4,0.003101566525,0.6815960402647657,0.5998864405039134
1272.5,0.003101719925,0.683097891199185,0.6004093611143776
1272.6,0.00310190895,0.6844105805567463,0.6008908416044667
1272.7,0.003102132475,0.6855381232928608,0.6013251567357291
1272.8,0.003102388665,0.6865906196636664,0.6017097951189971
1272.9,0.003102674025,0.6876340933803711,0.6020848309101603
1273.0,0.00310298915,0.6886098971913173,0.6024907026898556
1273.1,0.00310333431,0.6894651141098481,0.6028970947172942
1273.2,0.00310370599,0.6902157474089409,0.6032335636887234
1273.3,0.003104098805,0.6908864083254439,0.6035329580969291
1273.4,0.003104509855,0.6914755888948835,0.6038361921596759
1273.5,0.003104937275,0.6919651244285364,0.6041139730387434
1273.6,0.003105377835,0.6923468782014301,0.6043350217810353
1273.7,0.003105829075,0.6926468877334773,0.6045102038989033
1273.8,0.003106288245,0.6928536045300835,0.6046578826297262
1273.9,0.003106754335,0.6928693250597221,0.604745659356786
1274.0,0.003107222595,0.692581159331979,0.6047988716531525
1274.1,0.003107690665,0.6919810648696607,0.6048298326770721
1274.2,0.003108156275,0.6912212958191313,0.6048630688423916
1274.3,0.003108615535,0.69050924756101,0.6048952393794828
1274.4,0.003109065335,0.6900191968061617,0.6049019743258136
1274.5,0.00310950245,0.6898135230183164,0.6048797287082335
1274.6,0.00310992485,0.6898256872650712,0.6048212611556761
1274.7,0.00311033114,0.6899269973449642,0.6047086846962089
1274.8,0.00311072145,0.689976615659335,0.6045512594883374
1274.9,0.00311109687,0.6898517750504666,0.6043669987960191
1275.0,0.003111457235,0.6894776804804624,0.6041480392128419
1275.1,0.00311180111,0.6888314234556925,0.6038845695449485
1275.2,0.00311212739,0.6879695714934773,0.6035726508634701
1275.3,0.00311243372,0.687027678033634,0.603202760372755
1275.4,0.003112716115,0.6860609722750125,0.6027912362395574
1275.5,0.003112971605,0.6850715402351351,0.6023717400008421
1275.6,0.00311319915,0.6841318898724462,0.6019754814946668
1275.7,0.00311339727,0.6833131782605502,0.601618157374566
1275.8,0.00311356541,0.6826090656654717,0.6012899903758833
1275.9,0.003113702865,0.6819807220020125,0.6009835430921704
1276.0,0.003113807985,0.6814229510759235,0.6007087831685985
1276.1,0.00311388269,0.6809172866055871,0.6004357391829341
1276.2,0.003113928015,0.6804176602763308,0.6001444400306783
1276.3,0.003113945195,0.679899573948642,0.5998534311615836
1276.4,0.003113935995,0.6793747394799332,0.5995873344939133
1276.5,0.00311390425,0.6788929385473934,0.59936743243294
1276.6,0.0031138547,0.6785433986655697,0.599190346509924
1276.7,0.003113791635,0.6783486262042324,0.5990236693116878
1276.8,0.00311371808,0.6782465558589174,0.5988538486358423
1276.9,0.003113636335,0.678212494711367,0.5986940823131255
1277.0,0.003113549015,0.6782710602816153,0.5985738058100644
1277.1,0.00311345705,0.6784166605347386,0.5985237866284709
1277.2,0.00311336261,0.678615894057644,0.5985451601399304
1277.3,0.003113267125,0.6788314764287185,0.5986248906198858
1277.4,0.003113172965,0.6790281715447598,0.59873213579662
1277.5,0.00311308047,0.679203038875044,0.5988725084395676
1277.6,0.003112990555,0.6793594273573397,0.5990689968388123
1277.7,0.003112905895,0.6794859958421675,0.5992931142888082
1277.8,0.003112828445,0.679553383004587,0.5995129981285442
1277.9,0.00311275767,0.6795393652181667,0.5997489650377108
1278.0,0.00311269419,0.6794282093868973,0.5999979148926778
1278.1,0.00311263864,0.6792258971031915,0.6002429943054955
1278.2,0.00311259051,0.6789729423459098,0.6004518379603282
1278.3,0.00311254842,0.6787355384722633,0.6006146660792452
1278.4,0.00311250918,0.6785344576928776,0.600771781526081
1278.5,0.003112472435,0.6783073268272084,0.6009350243352283
1278.6,0.003112437195,0.6779418967697428,0.6010815124024355
1278.7,0.003112401315,0.6773952533648329,0.6012180435058864
1278.8,0.00311236442,0.6768697717280375,0.6013324169563515
1278.9,0.003112325465,0.6766239483860794,0.601398477110034
1279.0,0.00311228181,0.6766060098920275,0.601458039193472
1279.1,0.00311223442,0.6766839590889483,0.6015498610352326
1279.2,0.003112185345,0.6768922089827695,0.6016258316571003
1279.3,0.003112134105,0.6772242501935126,0.6016096888974091
1279.4,0.00311207874,0.6775124473371824,0.6014826322090828
1279.5,0.00311201897,0.6775586036164489,0.6012963866585259
1279.6,0.003111955435,0.6772726558531191,0.601113401452825
1279.7,0.003111888805,0.6767559769589392,0.6009654927574198
1279.8,0.003111819155,0.6762746032830003,0.6008407677591612
1279.9,0.00311174991,0.6760697148933185,0.6007139391504617
1280.0,0.003111685175,0.6761431087808916,0.6006029768412997
1280.1,0.00311162709,0.6762707768231481,0.6005221782198421
1280.2,0.00311157658,0.6762632181512236,0.600436388864295
1280.3,0.003111532545,0.676088954006729,0.6002987940175715
1280.4,0.003111493645,0.6757334450988635,0.6000952012207
1280.5,0.00311145883,0.6751654514302797,0.5998564169312416
1280.6,0.00311142893,0.6744797045858542,0.5995888537681207
1280.7,0.003111402955,0.6738682061422036,0.5992959103062699
1280.8,0.00311137915,0.6734816582989205,0.598997665092657
1280.9,0.003111357125,0.6732706061044523,0.5987113906036913
1281.0,0.003111335965,0.6731029267381596,0.5984762926590526
1281.1,0.003111315325,0.673001151702554,0.5982864845424264
1281.2,0.003111296535,0.6730479300171659,0.5981307677326401
1281.3,0.003111280375,0.6732378895585579,0.598029476502303
1281.4,0.00311126661,0.6735284177639765,0.5980060395927888
1281.5,0.003111256915,0.6738986041927196,0.5980220849631076
1281.6,0.003111251815,0.6743578610563773,0.5980081036191621
1281.7,0.003111249795,0.674959727376952,0.5979520117389693
1281.8,0.003111251755,0.6757477581949932,0.5978905345406498
1281.9,0.00311125999,0.6766641482056748,0.5978384921733875
1282.0,0.003111274915,0.6776057275062528,0.5977978217432126
1282.1,0.003111297045,0.6785019107929864,0.5978272012893905
1282.2,0.00311132671,0.6793223000153595,0.5979990973013428
1282.3,0.003111364285,0.6800716075623525,0.5982854924274664
1282.4,0.003111406875,0.6807795214845418,0.5986250376464219
1282.5,0.003111450775,0.6814624911610617,0.5989868404210097
1282.6,0.00311149472,0.6821613698627793,0.599319710383895
1282.7,0.00311153781,0.6829323983813792,0.5996005147317323
1282.8,0.003111580115,0.6837389708792618,0.599855527232202
1282.9,0.00311162304,0.684519474441305,0.6000965709550969
1283.0,0.00311166752,0.6852233671248977,0.600291574009335
1283.1,0.003111713325,0.6858066540665191,0.6004137518042703
1283.2,0.00311175993,0.6862710882748698,0.6004918681339203
1283.3,0.00311180834,0.6866092932903994,0.6005817981085849
1283.4,0.00311185863,0.6868494366328398,0.6007214664064596
1283.5,0.003111910435,0.6870518871466225,0.6008927529494372
1283.6,0.00311196515,0.6872317810251524,0.601014953992158
1283.7,0.00311202169,0.6873476618117726,0.6010465778921276
1283.8,0.003112077775,0.6873530025192837,0.601030088928926
1283.9,0.003112130805,0.6872556696956902,0.6009839295080667
1284.0,0.003112180535,0.6871141346634606,0.6008647563323455
1284.1,0.00311222477,0.686984173258567,0.600718253813812
1284.2,0.003112262875,0.6868832590193484,0.6006083615311081
1284.3,0.00311229619,0.6867920334518735,0.600514985857621
1284.4,0.003112325455,0.6866666336395127,0.6004063954509126
1284.5,0.003112349695,0.6864718800277314,0.6002592287996923
1284.6,0.003112368395,0.6862080113775711,0.6000837545137074
1284.7,0.00311238242,0.6858989352091256,0.5998855602296519
1284.8,0.00311239111,0.685551380813859,0.5996569792048138
1284.9,0.00311239083,0.6851387074860688,0.5994197330391184
1285.0,0.003112380055,0.684617328769279,0.5991773610508496
1285.1,0.003112357565,0.6839320594469367,0.5988954791367321
1285.2,0.003112321665,0.6830465889911519,0.5985739660312897
1285.3,0.00311227248,0.6819765939492657,0.5982435465106742
1285.4,0.00311221041,0.6807580581235325,0.597935180970487
1285.5,0.00311213506,0.6794008272653287,0.5976921712389095
1285.6,0.00311204657,0.6778979333221485,0.5975227131028563
1285.7,0.00311194767,0.676283783016734,0.5973683088504806
1285.8,0.003111841975,0.6746930061606623,0.5972160251731461
1285.9,0.003111733805,0.673298252119804,0.5970948074489258
1286.0,0.003111627615,0.6721704140739799,0.5970225212869223
1286.1,0.00311152479,0.6712748653889623,0.5969763612377446
1286.2,0.003111422915,0.6705434774864654,0.5969308653212538
1286.3,0.00311132004,0.6699382119626394,0.5969372389844294
1286.4,0.00311121891,0.669487940053971,0.5970367363653614
1286.5,0.003111123855,0.6692549658259661,0.5971840965386891
1286.6,0.00311103659,0.6692369268009492,0.5973264377035935
1286.7,0.003110955055,0.6693672463474054,0.5974665546208993
1286.8,0.003110877095,0.6695829857981127,0.5975930376544069
1286.9,0.00311080288,0.6698664956855434,0.5976897321063732
1287.0,0.003110735015,0.6702093376918296,0.5977810349570274
1287.1,0.003110678975,0.6705869068633086,0.5978817776652872
1287.2,0.00311063907,0.6709778340867507,0.597974063834442
1287.3,0.003110616365,0.67141667059816,0.598044652908094
1287.4,0.003110612345,0.6719583628530479,0.5981218983882605
1287.5,0.003110631235,0.6725648158988969,0.5982246856450192
1287.6,0.00311067657,0.6731031466496454,0.5983064424522361
1287.7,0.00311074971,0.6734470567974339,0.5983392746087403
1287.8,0.00311085211,0.6735664561678262,0.5983594103326941
1287.9,0.003110985885,0.6735332306839218,0.5983680365178025
1288.0,0.00311115176,0.6734517880359702,0.5983682960133556
1288.1,0.00311134662,0.6734011581287649,0.5983691184823123
1288.2,0.00311156556,0.6733811524667468,0.5983493145105426
1288.3,0.003111804965,0.6733363659218773,0.5983167726371997
1288.4,0.00311206374,0.6732432616819956,0.5982837532417734
1288.5,0.00311234053,0.673137421425496,0.5982421252541577
1288.6,0.00311263655,0.6731043970035215,0.598185398772249
1288.7,0.00311295389,0.6732046829242094,0.5981166136010986
1288.8,0.00311328972,0.6734135674197466,0.5980137679107165
1288.9,0.00311363837,0.6736620296995337,0.5978624644102899
1289.0,0.003113994045,0.673892924193202,0.5977115492107153
1289.1,0.003114352845,0.6740489231180086,0.5976008300608249
1289.2,0.003114714265,0.6740996284234375,0.5975164990325875
1289.3,0.003115076805,0.6740528626751962,0.5974632791963986
1289.4,0.00311543571,0.67393471365868,0.5974835449822884
1289.5,0.003115788115,0.6738041302184409,0.5975925148933893
1289.6,0.00311613299,0.6737440315509777,0.5977693966128829
1289.7,0.00311646979,0.6737911931398934,0.597975046524624
1289.8,0.00311679901,0.673968259585035,0.598180879905376
1289.9,0.00311712151,0.6743095936268476,0.598379666693806
1290.0,0.003117437815,0.6747949948245684,0.5985652324037126
1290.1,0.003117749075,0.6753368818582008,0.5987514440250689
1290.2,0.00311805666,0.6758423264170516,0.5989369299385221
1290.3,0.003118362195,0.6762711977965637,0.59909425398711
1290.4,0.003118667545,0.6766969275834224,0.5991893594215122
1290.5,0.00311897329,0.677232254971594,0.5992630636984395
1290.6,0.003119278455,0.6778466625300419,0.599364923557047
1290.7,0.00311958114,0.6784118350484227,0.5994891283075622
1290.8,0.00311987911,0.6789301915530797,0.5996411455778397
1290.9,0.003120170335,0.6795091996455069,0.599847896931965
1291.0,0.003120454165,0.6801846169332875,0.6000900320441478
1291.1,0.00312073179,0.6808880823602793,0.6003247335197938
1291.2,0.003121004095,0.681500768325953,0.6005337826347859
1291.3,0.00312126864,0.6819400572267045,0.6007224811408867
1291.4,0.003121521045,0.6822231712734607,0.6009015933911643
1291.5,0.00312175929,0.682469201960534,0.6010766441904595
1291.6,0.00312198386,0.6827925409596267,0.6012384161059263
1291.7,0.00312219383,0.683176990219017,0.601398475853397
1291.8,0.003122389205,0.6835357035513893,0.6016000197035398
1291.9,0.00312257332,0.6838607264441444,0.6018917819265529
1292.0,0.00312275015,0.6842026196894492,0.6023160439613237
1292.1,0.003122922305,0.6845966068241359,0.602825449440192
1292.2,0.003123093365,0.6850256792655779,0.6033385550868879
1292.3,0.00312326697,0.6853645251660088,0.6038237640191383
1292.4,0.00312344613,0.6854544626804957,0.6042837622986622
1292.5,0.00312363445,0.6853368288851748,0.6047079282006979
1292.6,0.00312383593,0.6851911155347159,0.6050993247780824
1292.7,0.003124052205,0.6851026671351467,0.6054296060686211
1292.8,0.003124284965,0.6850481542194217,0.6056579131465798
1292.9,0.00312453662,0.6849253242298516,0.6058211257964377
1293.0,0.003124809345,0.6846489834568565,0.605994936294953
1293.1,0.003125105975,0.6842910680890184,0.6061773610405247
1293.2,0.003125427685,0.6839826642214009,0.6063427677786917
1293.3,0.003125772805,0.6837928806091974,0.6065115737201101
1293.4,0.00312613976,0.6836671289384595,0.6066575402829367
1293.5,0.003126524505,0.6834547572750769,0.6067665208754527
1293.6,0.0031269245,0.6831539749112369,0.606870334176372
1293.7,0.00312734106,0.6829610371400093,0.60694389708163
1293.8,0.003127772595,0.6829011332512906,0.6069765507956714
1293.9,0.00312821629,0.6828252198064093,0.6069721029287924
1294.0,0.00312867022,0.6827136995503922,0.6069584671600389
1294.1,0.00312913347,0.6826152923021112,0.606903704801857
1294.2,0.003129602765,0.6824723686859288,0.6067627239465716
1294.3,0.00313007413,0.6821985349038712,0.6065461833897376
1294.4,0.00313054551,0.6817741999841508,0.6062652565197868
1294.5,0.003131015655,0.6811702727787954,0.6059153289654297
1294.6,0.003131484465,0.6803976923134245,0.6055358572454396
1294.7,0.003131950885,0.6795973213194401,0.6052086584856126
1294.8,0.003132414385,0.6788910598749867,0.6049309209605237
1294.9,0.00313287432,0.678316707622872,0.6046517445859996
1295.0,0.00313333343,0.6778306466906938,0.6043574602924042
1295.1,0.00313379177,0.6773023376205103,0.604091555261886
1295.2,0.00313425066,0.6766108542278992,0.6038479618223933
1295.3,0.003134711735,0.6757632336804048,0.6036078096834935
1295.4,0.0031351772,0.6749253395037659,0.6033405531398156
1295.5,0.003135646755,0.6742764749570934,0.6030337916968372
1295.6,0.0031361172,0.6738226907478383,0.6027420049694016
1295.7,0.00313658605,0.6734883938735698,0.6025139341392104
1295.8,0.003137051545,0.6732986542436635,0.6022854178311808
1295.9,0.003137509875,0.6733028639778195,0.6020114634119654
1296.0,0.003137957365,0.6734066307831674,0.6017056915706731
1296.1,0.00313839019,0.6734335667985794,0.6013786373241081
1296.2,0.003138805005,0.6733453320273106,0.6010366655389869
1296.3,0.003139199305,0.6732636883174291,0.6007374212989102
1296.4,0.00313957013,0.6731762263779532,0.6005321816791697
1296.5,0.003139914295,0.6729359322390654,0.6003828781166264
1296.6,0.0031402273,0.672572387137192,0.6002315067577985
1296.7,0.003140504845,0.672243581766882,0.6000451349152168
1296.8,0.00314074189,0.672035130811131,0.5998112232359641
1296.9,0.003140934085,0.6719412223235299,0.5995466898247983
1297.0,0.003141078705,0.6718572538350848,0.5992454575848903
1297.1,0.00314117558,0.6716830211065167,0.5989092129231766
1297.2,0.00314122501,0.6714559782054417,0.5986080466567143
1297.3,0.00314122921,0.6712531318509848,0.5983858348968221
1297.4,0.00314119322,0.671166983097238,0.5981807127726468
1297.5,0.003141122225,0.6712298086671246,0.5979336082892046
1297.6,0.003141020225,0.6712985718471263,0.5976512475963667
1297.7,0.0031408907,0.6711887983166245,0.5973457899143396
1297.8,0.00314073784,0.6709177354192875,0.5970625231861805
1297.9,0.00314056775,0.6706727163250488,0.5968244639763065
1298.0,0.003140385675,0.6705670142986261,0.5966188762681
1298.1,0.00314019517,0.6705102268698198,0.5964398601505576
1298.2,0.003139998235,0.6703932465257707,0.5962792009872085
1298.3,0.00313979517,0.6702024576039183,0.596118090062836
1298.4,0.00313958857,0.6698681732960203,0.5959276819020131
1298.5,0.00313938356,0.6693285607754691,0.5956791335425873
1298.6,0.003139182155,0.6686802114499919,0.5953986301593263
1298.7,0.003138984035,0.6680451196455128,0.5951046216975658
1298.8,0.003138789755,0.6674908044713428,0.5947528029044312
1298.9,0.00313860005,0.6670407838900866,0.5943559261328218
1299.0,0.00313841552,0.6666863556900939,0.5940054707908988
1299.1,0.00313823598,0.6664609778331254,0.5937251753810714
1299.2,0.00313805981,0.666432515003684,0.5935290149640998
1299.3,0.00313788802,0.6666189748108597,0.593446965988766
1299.4,0.003137723515,0.6668809145231307,0.5934880052419184
1299.5,0.00313756763,0.6670110644235837,0.5936086964352099
1299.6,0.003137420595,0.6670230904402616,0.5937550952811856
1299.7,0.003137282645,0.6670053718576954,0.5939348748057429
1299.8,0.003137156205,0.6670706227371104,0.5941242167100191
1299.9,0.003137045885,0.6675404793343813,0.5942761202546426
1300.0,0.003136956015,0.6683550251944188,0.5944335919580853
1300.1,0.003136890645,0.669140787782564,0.5946487187982252
1300.2,0.003136855185,0.6698669543580706,0.5949266328808211
1300.3,0.003136853815,0.670731263045741,0.5952825533373243
1300.4,0.00313688836,0.6718188384401167,0.5957348044493644
1300.5,0.00313695942,0.6730832855008894,0.5962582616438539
1300.6,0.00313706685,0.6744220877765873,0.5968418269305843
1300.7,0.00313721052,0.675710976428205,0.5974794527436978
1300.8,0.003137390885,0.6769164432284992,0.5981278843789026
1300.9,0.003137606065,0.6781165316221706,0.5987711725986149
1301.0,0.003137853245,0.6793669608965229,0.5994239440299114
1301.1,0.00313812989,0.6806411280449659,0.6000717228421627
1301.2,0.003138434505,0.6818949188234577,0.6006909854178974
1301.3,0.003138767585,0.6831083904018332,0.6012818699871922
1301.4,0.003139128,0.6842780116299501,0.6018285253301543
1301.5,0.003139512285,0.6854021991451107,0.6023209523856856
1301.6,0.00313991495,0.6864644407363277,0.602790594098019
1301.7,0.0031403309,0.6874504798561394,0.6032586461644697
1301.8,0.003140755235,0.6883778214588113,0.6037159024619255
1301.9,0.003141184035,0.6892734141261261,0.6041484890889098
1302.0,0.003141612,0.6901329727257041,0.6045732217342602
1302.1,0.003142034305,0.690929875401399,0.605023673970347
1302.2,0.00314244976,0.691672862063973,0.6054807524536585
1302.3,0.00314285762,0.6924183808502258,0.6059305895659037
1302.4,0.00314325578,0.6932037664472526,0.6063706205108399
1302.5,0.003143642535,0.6939719235501671,0.6067704478662697
1302.6,0.003144017405,0.6946204802207595,0.6071115230408476
1302.7,0.003144379425,0.695123279558596,0.6074036264408228
1302.8,0.003144729675,0.6955224189052346,0.6076615713038754
1302.9,0.003145069465,0.6958721284330616,0.6078892155057843
1303.0,0.00314540001,0.6961960203524614,0.6080814985691029
1303.1,0.003145724035,0.6964703442229728,0.6082402218830587
1303.2,0.003146040405,0.6966501501369085,0.6083729485178061
1303.3,0.003146347325,0.6966899289830881,0.6084953587905976
1303.4,0.003146645355,0.6965813681073507,0.6086221823727489
1303.5,0.003146937555,0.6963793762660955,0.6087479849372878
1303.6,0.003147225735,0.6961490409759196,0.6088327796646008
1303.7,0.00314751052,0.6959029348906226,0.6088748876875739
1303.8,0.003147793255,0.6955994130579888,0.6088864242441164
1303.9,0.003148077805,0.6952078637992013,0.6088636357593259
1304.0,0.003148367045,0.6947402000336026,0.6087838034917684
1304.1,0.00314866238,0.6942023342385668,0.6086133626655332
1304.2,0.00314896347,0.6935648485404856,0.6083427628389534
1304.3,0.00314926967,0.6927862425004052,0.6079660312160757
1304.4,0.00314958195,0.6918670627554473,0.6075080699452284
1304.5,0.00314989799,0.6908295203656727,0.6070285447824068
1304.6,0.003150214115,0.6896252285210309,0.6065391449655565
1304.7,0.003150526695,0.6880936518369234,0.6060136092933675
1304.8,0.00315083293,0.6861889921756463,0.6054462225804844
1304.9,0.003151131265,0.6841803960630177,0.6048330245352083
1305.0,0.00315141941,0.6821412636697962,0.6041634173088811
1305.1,0.00315169314,0.6798875604983347,0.6034392412464799
1305.2,0.00315194794,0.6781424874606745,0.6026791077712026
1305.3,0.003152180285,0.6774612142441876,0.6019360237192563
1305.4,0.003152385855,0.6768778958866397,0.6012606296792613
1305.5,0.003152558525,0.675603672189529,0.6006429862803804
1305.6,0.00315269368,0.6739010797677307,0.6000138308293794
1305.7,0.00315278879,0.672412410956086,0.5993321397810696
1305.8,0.00315284046,0.6714244617479409,0.5986069125417663
1305.9,0.003152843945,0.6708259192323937,0.5978694783300483
1306.0,0.003152795945,0.6704513157243797,0.5971388544628848
1306.1,0.00315269639,0.6701667879609293,0.5964327815139904
1306.2,0.003152546585,0.6699100193101661,0.5957833822682483
1306.3,0.00315234962,0.6695025987252927,0.5951864388233619
1306.4,0.003152106675,0.6686384157013285,0.5946309317289391
1306.5,0.003151817435,0.6676843202956186,0.5941110276757409
1306.6,0.00315148456,0.6671880177713898,0.5936213784164339
1306.7,0.00315110996,0.6669143850512621,0.5931848296127948
1306.8,0.003150697665,0.6667174888732911,0.5928166663697207
1306.9,0.003150253735,0.6667061665733675,0.5925253540227756
1307.0,0.003149784305,0.6668307935539354,0.5923180384386096
1307.1,0.00314929366,0.6670409975183871,0.5921857528834709
1307.2,0.003148785635,0.6673374570507358,0.5921041588107533
1307.3,0.003148264695,0.6676857779946099,0.5920723407603578
1307.4,0.0031477362,0.6680445667252057,0.5921156708628731
1307.5,0.00314720681,0.6684384658952981,0.5922477044622811
1307.6,0.00314668258,0.668951726736671,0.5924528253298192
1307.7,0.003146168245,0.6696573975617056,0.5927263499791596
1307.8,0.003145669865,0.6705558553615205,0.5930691643394306
1307.9,0.003145192495,0.6715723176645895,0.5934827173131638
1308.0,0.00314473887,0.6726593589882139,0.5939692658205218
1308.1,0.00314431102,0.6738433058788311,0.5944931194840041
1308.2,0.0031439108,0.6751366304592756,0.5950012381665215
1308.3,0.003143540415,0.6764961798128579,0.5954764185067032
1308.4,0.003143201445,0.6778553898744335,0.5959220898670896
1308.5,0.00314289523,0.6791525534811007,0.5963497611582081
1308.6,0.00314262222,0.6803488279812906,0.5967527030885946
1308.7,0.00314238206,0.6814593935507052,0.5971479500019354
1308.8,0.003142173975,0.6825485334582224,0.5975768716469301
1308.9,0.00314199707,0.6836676567260254,0.5980495751554636
1309.0,0.003141853265,0.6848034367180776,0.5985480453786234
1309.1,0.003141742695,0.6858959381297342,0.5990721063872209
1309.2,0.003141663415,0.6869031390176603,0.5996248212340931
1309.3,0.003141614285,0.6878191897363352,0.600160951613347
1309.4,0.00314159268,0.6886541370990652,0.6006272129719852
1309.5,0.00314159776,0.6893995679207235,0.6010282938228837
1309.6,0.00314162878,0.6900236327349886,0.601394518074972
1309.7,0.00314168347,0.6904492494245117,0.601732904674557
1309.8,0.003141759485,0.6905911802974155,0.6020569731514639
1309.9,0.00314185671,0.6904522590702737,0.6023768425756301
1310.0,0.003141978,0.6901458469723986,0.6026627771442706
1310.1,0.00314212575,0.6897370378035722,0.6029366109263282
1310.2,0.003142301105,0.6892589376671783,0.6032465309265604
1310.3,0.00314250432,0.6888533706219705,0.6035587631389857
1310.4,0.00314273313,0.6886289101100568,0.6038250891429197
1310.5,0.00314298604,0.6884961589708867,0.6040402115848298
1310.6,0.003143260905,0.6882919868643298,0.6041904054747311
1310.7,0.003143557885,0.687940788221585,0.6042712606448566
1310.8,0.00314387742,0.6874795835704821,0.6043281907019693
1310.9,0.00314422063,0.6869001356550835,0.6043642096900612
1311.0,0.00314458713,0.6860746067871291,0.6043289484541173
1311.1,0.00314497496,0.6850201186465811,0.6042230968878843
1311.2,0.00314538472,0.6839747159919872,0.6040577466983851
1311.3,0.003145814525,0.6831050854463617,0.6038804766780395
1311.4,0.00314626152,0.6823825694015185,0.603681476261309
1311.5,0.003146723635,0.6817626263568151,0.6034284448491665
1311.6,0.003147199595,0.6812121439256824,0.6031471535544679
1311.7,0.003147687065,0.6806467263630746,0.6028674556755632
1311.8,0.003148185215,0.6800163532307612,0.6025649221879781
1311.9,0.00314869293,0.6793614002775261,0.602194899122053
1312.0,0.003149211685,0.6787480734269511,0.6017539929294035
1312.1,0.003149742695,0.6782018258627155,0.6012628181127038
1312.2,0.0031502868,0.6776596372361884,0.6007283590607416
1312.3,0.003150844725,0.6769721059671355,0.600155171711183
1312.4,0.003151417435,0.675997728439254,0.5995926456704536
1312.5,0.003152003195,0.6748254494237523,0.599113775215541
1312.6,0.003152598935,0.6738067000412316,0.5987190498065806
1312.7,0.003153202595,0.6729973189595165,0.5983631569960929
1312.8,0.003153813225,0.6716228156249032,0.5980637544197464
1312.9,0.003154427275,0.6694168897945174,0.5978588679150202
1313.0,0.00315503988,0.6684550409381385,0.5977188735198279
1313.1,0.003155646175,0.6691437220301025,0.5976133976880763
1313.2,0.003156240315,0.6683405110363592,0.5975522183127402
1313.3,0.0031568153,0.6663480501435995,0.5975744689568686
1313.4,0.003157366585,0.666386452972197,0.5977075204322964
1313.5,0.003157892865,0.6676276208314066,0.5979295311302588
1313.6,0.00315839707,0.6687758478135525,0.5982113288496931
1313.7,0.00315887989,0.6696962716292012,0.5985721596155138
1313.8,0.003159340565,0.6700858731005435,0.5990189650908483
1313.9,0.003159776275,0.6709856880683847,0.599511490792389
1314.0,0.00316018396,0.6728620859621501,0.5999911623534282
1314.1,0.0031605609,0.675029495866603,0.6004288534401561
1314.2,0.003160904925,0.6768557539416172,0.6008399440335674
1314.3,0.00316121574,0.6779283313726646,0.6012217355055728
1314.4,0.003161496075,0.6780985240130801,0.6015625235385822
1314.5,0.00316174886,0.6783235562948569,0.6018433046386339
1314.6,0.00316197623,0.6791732565766879,0.6020115105358552
1314.7,0.003162178785,0.6798099694429762,0.6020880183700666
1314.8,0.00316235853,0.679931360583111,0.6021387287020439
1314.9,0.00316251987,0.6797907366127509,0.6021853901494091
1315.0,0.003162665705,0.6798411843075823,0.6022268629423477
1315.1,0.003162797725,0.6800945537550943,0.6022656949125016
1315.2,0.003162920125,0.6802398272825816,0.6022897042201975
1315.3,0.00316303703,0.6801908310035563,0.6022698210802928
1315.4,0.003163148005,0.6800367547334536,0.6022107000764635
1315.5,0.003163252305,0.6797788802420763,0.6021195027833224
1315.6,0.003163349275,0.6792196013515137,0.6020261742337252
1315.7,0.003163438165,0.6781226640110303,0.6019568141511192
1315.8,0.00316352267,0.6765432722867352,0.6018701080788357
1315.9,0.003163606825,0.6749868016224407,0.6017539037081722
1316.0,0.003163693475,0.6740978439988103,0.6016032379510542
1316.1,0.00316378338,0.6740863269201423,0.6014045516935891
1316.2,0.00316387586,0.6745763211263227,0.6011981201535959
1316.3,0.0031639705,0.6750424706442624,0.6010154283726487
1316.4,0.0031640677,0.6752244002748317,0.6008605183238558
1316.5,0.003164167325,0.6751658221382129,0.6007345888389737
1316.6,0.00316426619,0.6749334762287387,0.6006305141575455
1316.7,0.00316436221,0.6744978190090948,0.6005050213540424
1316.8,0.00316445297,0.6739445971091682,0.6003686127727049
1316.9,0.003164535935,0.6735207082956046,0.6002487647828817
1317.0,0.0031646095,0.6734391211343909,0.6001334683324949
1317.1,0.00316467431,0.6737245096942283,0.6000383396503072
1317.2,0.00316473229,0.6742351755800694,0.5999949253531086
1317.3,0.003164784125,0.67484779871389,0.5999757842573888
1317.4,0.00316482967,0.6755185036126902,0.5999468168881672
1317.5,0.003164868005,0.6761420469225746,0.5999348417652902
1317.6,0.00316489894,0.6765413873311431,0.5999758131600413
1317.7,0.00316492157,0.6766925167873367,0.6000576503920302
1317.8,0.00316493616,0.6767505985523162,0.6001511900566538
1317.9,0.00316494332,0.6768433635001915,0.6002483230749546
1318.0,0.003164944,0.6770374762270714,0.600350604535296
1318.1,0.00316493824,0.6773492981474961,0.6004574658094078
1318.2,0.00316492678,0.6777039274094188,0.6005474787221184
1318.3,0.00316491196,0.6780709471127669,0.6006148413801153
1318.4,0.00316489547,0.6784662788491094,0.6007008525321038
1318.5,0.00316488185,0.6788343101452922,0.6008376531842045
1318.6,0.003164877245,0.6790776893281657,0.6010262907434077
1318.7,0.003164886915,0.6791497637468243,0.6012543797948363
1318.8,0.00316491252,0.6790647773823595,0.6015245423117188
1318.9,0.00316495549,0.6788461476664108,0.6018020335359436
1319.0,0.003165018755,0.678513295924763,0.6020642748411095
1319.1,0.003165103455,0.6780730582630302,0.6023188073062217
1319.2,0.003165209255,0.677517266540313,0.6025646306481798
1319.3,0.003165335735,0.6768853980098966,0.6027875103106702
1319.4,0.00316548156,0.6762910526621344,0.6029680249679085
1319.5,0.00316564614,0.6758104581011736,0.6031048356731055
1319.6,0.00316583011,0.675415000701125,0.6032099948323177
1319.7,0.003166035385,0.6750539751565597,0.60330778570012
1319.8,0.00316626309,0.6747319179272696,0.6034013599222628
1319.9,0.00316651282,0.6744550870658206,0.603438702777499
1320.0,0.00316678395,0.6742032318659676,0.6033943749051569
1320.1,0.00316707311,0.6740260837394171,0.6033086050274841
1320.2,0.00316737863,0.6740006619716642,0.6031756346051468
1320.3,0.003167699635,0.6740991006358718,0.6029951205762271
1320.4,0.003168034285,0.6741922488580507,0.6027950250002977
1320.5,0.00316838346,0.6741602800112078,0.6025752624260381
1320.6,0.003168746875,0.6739859844507866,0.6023377963488571
1320.7,0.003169121565,0.6737561706649912,0.6021186909957807
1320.8,0.00316950498,0.6735602295311868,0.6019697216986958
1320.9,0.003169894325,0.6734319771526966,0.6019257174103969
1321.0,0.003170286825,0.6733662550343836,0.6019609767613852
1321.1,0.00317067934,0.6733607195481279,0.6020207794908204
1321.2,0.00317106724,0.6734357721966222,0.6021044507846005
1321.3,0.00317144814,0.6736376006750594,0.60222362898687
1321.4,0.00317182119,0.674016878872942,0.6023631169573265
1321.5,0.00317218782,0.67456941590567,0.602492972804707
1321.6,0.003172547625,0.6752326563803254,0.60261179035214
1321.7,0.00317290117,0.67593975977161,0.6027749338869594
1321.8,0.003173249245,0.6766776947531971,0.6030263103080921
1321.9,0.003173592645,0.6775048069838489,0.6033397514053703
1322.0,0.003173932515,0.678485662475782,0.6036702325012018
1322.1,0.003174269715,0.6795973338858107,0.6039959446593851
1322.2,0.0031746063,0.6807221308699462,0.6042864213426843
1322.3,0.00317494284,0.6817596481269794,0.6045181200840718
1322.4,0.0031752795,0.6827139383114338,0.6047268079159088
1322.5,0.003175618395,0.6836602928328454,0.6050039567065344
1322.6,0.00317596295,0.6846499636337645,0.6053785476481778
1322.7,0.003176316655,0.685680242661324,0.6057850238702996
1322.8,0.003176681125,0.6867303262889717,0.6061834934293845
1322.9,0.003177058475,0.6877953387649093,0.6065597563266382
1323.0,0.00317745036,0.6888945066361766,0.606899625129637
1323.1,0.003177856385,0.6900380966275658,0.6072286303052399
1323.2,0.00317827798,0.6912088802449643,0.6075526001361374
1323.3,0.0031787165,0.6923583701473569,0.6078373314747917
1323.4,0.00317917065,0.6933944988204374,0.6080655901722236
1323.5,0.00317963901,0.694241918306002,0.608239514396393
1323.6,0.00318011819,0.6948722914383154,0.6083727876682622
1323.7,0.003180604065,0.6952747106076843,0.6084413849721719
1323.8,0.003181092425,0.6954479003274915,0.6084159424699075
1323.9,0.00318157887,0.6954108546669203,0.6083329466185479
1324.0,0.003182058095,0.695202969197847,0.6082491609707952
1324.1,0.00318252521,0.6949183597529877,0.6081563941379644
1324.2,0.003182976395,0.6946700482696478,0.6080433577493326
1324.3,0.003183409615,0.6944946468686126,0.6079384097051469
1324.4,0.003183822745,0.6943518363497657,0.6078511928098979
1324.5,0.003184213995,0.694157585392809,0.607753370526169
1324.6,0.00318458295,0.6938272280757282,0.607616298440463
1324.7,0.003184930785,0.6933477896208637,0.607421519067622
1324.8,0.00318525743,0.6927687375461394,0.6071441070115321
1324.9,0.003185563665,0.6921118996373121,0.6067622841236
1325.0,0.00318584927,0.6913319301460201,0.6063024944458284
1325.1,0.00318611382,0.6903940453584028,0.6058184843453346
1325.2,0.00318635781,0.689313073591785,0.6053382516958473
1325.3,0.00318658314,0.688094091659895,0.6048531954449998
1325.4,0.00318679186,0.6867381237219379,0.6043590920356285
1325.5,0.00318698595,0.6853159624267696,0.6038548236890673
1325.6,0.003187167685,0.683948163250879,0.6033416891397191
1325.7,0.00318733921,0.6826469407065034,0.6028138833526786
1325.8,0.003187500035,0.6812979282546813,0.6022374783839242
1325.9,0.0031876505,0.6798419571393751,0.6016546934688088
1326.0,0.003187792175,0.6784276812417673,0.6011613811124676
1326.1,0.00318793069,0.6772582422260245,0.6007441700682485
1326.2,0.00318806791,0.6763580000015824,0.6003386074212705
1326.3,0.00318820222,0.6756345666116844,0.5999352269245496
1326.4,0.00318833347,0.6750067821517175,0.5995651303453563
1326.5,0.003188462305,0.6744887775054378,0.5992522314869699
1326.6,0.0031885886,0.6741733741693879,0.5990554251585488
1326.7,0.003188715285,0.6741072373608445,0.5990158165866909
1326.8,0.003188847805,0.6742516186760182,0.5990781960504206
1326.9,0.00318898863,0.6745584580304943,0.599198241960581
1327.0,0.003189137355,0.6749848349854396,0.5993529283279769
1327.1,0.00318929626,0.6754714802538513,0.5995017914392303
1327.2,0.00318946805,0.6759834027767537,0.5996372713657793
1327.3,0.00318965506,0.6765264773324091,0.5998177734566469
1327.4,0.003189858815,0.6771172663972873,0.6000845198056779
1327.5,0.003190081,0.6777851312963287,0.6003970033455154
1327.6,0.003190322845,0.6785311778701473,0.6007231440169366
1327.7,0.003190584505,0.6792827473638509,0.601055636360385
1327.8,0.003190866795,0.6799583531471907,0.6013659616260695
1327.9,0.003191167335,0.680556367875172,0.6016716706355087
1328.0,0.003191482595,0.6811466794179668,0.6019880032546655
1328.1,0.003191811525,0.6817945512213608,0.602298173325673
1328.2,0.003192152805,0.6825316882384138,0.6026151091306192
1328.3,0.00319250382,0.6833396179043227,0.6029555226857842
1328.4,0.003192862875,0.6842185726969442,0.6032945426304481
1328.5,0.003193228215,0.6850811220927284,0.6035891467381755
1328.6,0.00319359694,0.6857055638981119,0.6038323242308008
1328.7,0.003193965045,0.6860780436894921,0.6041081378445486
1328.8,0.00319432827,0.6864885367519807,0.6044820470605863
1328.9,0.003194685845,0.6871489246605065,0.6049062117059848
1329.0,0.00319503564,0.6879558867158783,0.6053056155747247
1329.1,0.003195374275,0.6887038056789183,0.6056442572716332
1329.2,0.003195699845,0.6893129856271907,0.6059014010285592
1329.3,0.003196012855,0.689819485761173,0.6060821085795863
1329.4,0.00319631339,0.6902621047501373,0.6062340586197811
1329.5,0.00319660298,0.690637600470465,0.6063758738820753
1329.6,0.00319688392,0.6909278961980273,0.6064875135186132
1329.7,0.003197157585,0.6910566826472685,0.6065563250791418
1329.8,0.00319742539,0.6908745268220281,0.6065883548728823
1329.9,0.003197689525,0.6903035926227206,0.6065660300871674
1330.0,0.00319795225,0.6896302236533501,0.6064971305620445
1330.1,0.00319821684,0.6892775170461317,0.6064122472418185
1330.2,0.003198486,0.6892587240388779,0.6063183293294395
1330.3,0.003198760605,0.6892360668726601,0.6062049630735791
1330.4,0.0031990409,0.6889875668937612,0.60606269228035
1330.5,0.003199325365,0.688602445333543,0.6058929268965354
1330.6,0.00319961101,0.6882238205869323,0.6056978365060216
1330.7,0.003199896525,0.6878544446890938,0.6054761801797106
1330.8,0.00320018052,0.6874743810930478,0.6052415855182149
1330.9,0.003200463975,0.6871262926270301,0.6049962208487842
1331.0,0.003200749495,0.6868550161013925,0.6047543200994134
1331.1,0.0032010374,0.6866177504578229,0.6045499978247277
1331.2,0.003201328215,0.6863245016331663,0.604374390963533
1331.3,0.00320162336,0.6859857248477738,0.6041967609166693
1331.4,0.003201924925,0.6857638844241332,0.6040070621274676
1331.5,0.00320223469,0.6857926111473576,0.6038095690468923
1331.6,0.003202553505,0.6860290788263933,0.6036363824686779
1331.7,0.00320288057,0.686331287473298,0.603546652299306
1331.8,0.00320321517,0.6865886844425919,0.6035638292712988
1331.9,0.003203555145,0.6867559742513955,0.60367004086405
1332.0,0.00320390008,0.686810964689204,0.6038536229723551
1332.1,0.003204252555,0.686803663627877,0.6040841090589784
1332.2,0.003204612575,0.6868381457488428,0.6043316062415023
1332.3,0.003204979615,0.6869440174212689,0.6045523571608106
1332.4,0.003205351145,0.6870724834280594,0.6047684767442291
1332.5,0.003205724135,0.6872075404962372,0.6050082129362615
1332.6,0.00320609837,0.6874180963190661,0.6052691844096766
1332.7,0.00320647413,0.6878233429218233,0.6055366809710334
1332.8,0.00320685275,0.688477654990157,0.6057853298614241
1332.9,0.00320723471,0.6893377853595981,0.6060145561693933
1333.0,0.003207619905,0.690256720060329,0.6062147032674423
1333.1,0.003208007925,0.6910346789323228,0.6063700412011547
1333.2,0.00320839794,0.6915729594175889,0.6065356584260295
1333.3,0.003208789635,0.6919491148723738,0.6067456035232466
1333.4,0.00320918461,0.6922908510380459,0.6069940431835666
1333.5,0.003209583465,0.6926187830455983,0.6072260340930709
1333.6,0.00320998498,0.6928970087741855,0.6074004760517097
1333.7,0.00321038668,0.6931206901711211,0.6075491600921817
1333.8,0.00321078979,0.6933350410378755,0.6076719090286613
1333.9,0.003211196675,0.6935760137607765,0.6077509087741656
1334.0,0.003211607495,0.6938433318796704,0.607803515999787
1334.1,0.003212021105,0.6940947158406253,0.6078954050716303
1334.2,0.00321243544,0.6942879552047477,0.6080608495089093
1334.3,0.003212849875,0.6944057146637748,0.6082548792977432
1334.4,0.003213262535,0.6944525558102398,0.6084326783622916
1334.5,0.003213670615,0.6944459019169995,0.6085949359679829
1334.6,0.0032140724,0.6944207566094002,0.6087425575218194
1334.7,0.003214467435,0.6944091641325084,0.6088413072036997
1334.8,0.003214854235,0.6944285351928104,0.6088666523165919
1334.9,0.003215231725,0.6944573121815174,0.6088324171248086
1335.0,0.00321560101,0.6944516510315557,0.6087894872611973
1335.1,0.003215962405,0.6943901889128808,0.6087772934834716
1335.2,0.00321631485,0.6943289655552476,0.6087970013225061
1335.3,0.00321665783,0.6943608150215697,0.6088301702577428
1335.4,0.003216989555,0.6945297824408504,0.6088848898902645
1335.5,0.00321730863,0.6947933997635984,0.608982806421773
1335.6,0.003217616575,0.6950594298295044,0.6090965678899892
1335.7,0.003217918115,0.6952587952993012,0.6091723236269193
1335.8,0.003218218065,0.6953974840485866,0.6091954985276063
1335.9,0.00321851783,0.6955071821808646,0.6091812407235073
1336.0,0.00321881821,0.6955903087224786,0.6091405734349251
1336.1,0.003219121395,0.6956374765945796,0.6090732132902024
1336.2,0.00321942899,0.6956499361510438,0.6089723329801845
1336.3,0.003219742425,0.6956250987195245,0.6088597213348794
1336.4,0.00322006303,0.6955415260717537,0.6087788454302425
1336.5,0.003220391535,0.6953961394469309,0.6087394266105809
1336.6,0.00322072762,0.6952428925572888,0.6087153796037732
1336.7,0.003221071965,0.6951553426532185,0.6086893188360747
1336.8,0.003221426565,0.6951585596440958,0.6086612939446491
1336.9,0.003221792555,0.6952016371625618,0.6086295632305293
1337.0,0.00322217043,0.695195812649782,0.6085669016517793
1337.1,0.00322255893,0.695067930979225,0.6084525363694551
1337.2,0.00322295475,0.6947998211789823,0.6082953411261659
1337.3,0.00322335478,0.6944133487339231,0.6081043699919395
1337.4,0.003223756265,0.6939423171809997,0.6078846947539557
1337.5,0.003224157015,0.6934277682866389,0.6076518845170873
1337.6,0.00322455235,0.6929188742590544,0.6074275917662214
1337.7,0.00322493824,0.6924602582802981,0.6072216314651262
1337.8,0.00322531444,0.69206419769446,0.607012696075788
1337.9,0.0032256798,0.691694136929423,0.6067691283973552
1338.0,0.003226031535,0.6912869425392207,0.6064679162636402
1338.1,0.003226367345,0.6907833263872943,0.6061382199376536
1338.2,0.003226686135,0.6901522118391148,0.6058206627256805
1338.3,0.00322698582,0.6894306194225117,0.6055323813873277
1338.4,0.00322726713,0.6887016254136168,0.6052443670843504
1338.5,0.003227530815,0.6879882765361367,0.6049216721117516
1338.6,0.003227774315,0.6872227897869777,0.6045338098261023
1338.7,0.003227995845,0.6863261603940873,0.6040895704036473
1338.8,0.0032281927,0.685276535438967,0.6036158772934279
1338.9,0.003228362755,0.6840700193467265,0.6031386266436874
1339.0,0.00322850423,0.6827103443294381,0.6026663962590076
1339.1,0.00322861571,0.6812274434819053,0.6021665299120725
1339.2,0.003228693805,0.6796654373313552,0.6016172192949998
1339.3,0.00322873368,0.6781145524187988,0.6010322886721019
1339.4,0.003228731185,0.676748242357826,0.6004459876864887
1339.5,0.00322868598,0.6756601580254404,0.5999056733341387
1339.6,0.0032286018,0.6747662743845293,0.5994239101007107
1339.7,0.00322848221,0.6739588159575183,0.5989695516083184
1339.8,0.00322833046,0.6732808225637619,0.598523339265677
1339.9,0.00322814752,0.6728852018008953,0.5980863292762365
1340.0,0.0032279332,0.672809206674605,0.5976838127174953
1340.1,0.003227691025,0.6729231459569653,0.5973552900905241
1340.2,0.003227425525,0.6730973032873098,0.597134145215497
1340.3,0.00322713845,0.6732716553963987,0.5970061674122048
1340.4,0.00322683149,0.6734261086576198,0.5969015574033885
1340.5,0.003226507875,0.6735744106804251,0.596787185837879
1340.6,0.003226170555,0.6737790540258799,0.5967197044276799
1340.7,0.00322582168,0.6741141174487559,0.596748007035896
1340.8,0.00322546426,0.6746115320967841,0.5968769298302585
1340.9,0.003225100675,0.6752388830169647,0.5971362909232795
1341.0,0.00322473349,0.6759072945531278,0.597538507145763
1341.1,0.003224365175,0.6764892871585759,0.5980078039112229
1341.2,0.003223996415,0.6768753009311078,0.5984549744396237
1341.3,0.00322362945,0.6770740443655592,0.5988423956456644
1341.4,0.00322327002,0.6772393047055086,0.599179023581682
1341.5,0.003222924505,0.6775515413161637,0.599497184607763
1341.6,0.00322259734,0.6780946095886338,0.59985719164799
1341.7,0.003222292075,0.6788608000545472,0.6002821247269516
1341.8,0.00322201279,0.6798290451935689,0.6007578806069074
1341.9,0.003221762175,0.6809615202301497,0.6012721203685512
1342.0,0.003221542465,0.6821705872956249,0.6017839153427919
1342.1,0.00322135339,0.6833532272836982,0.6022678946556776
1342.2,0.003221192705,0.6844430897575255,0.6027592510564327
1342.3,0.00322105906,0.6853914548982354,0.6032817745695854
1342.4,0.003220951895,0.6861323995255845,0.6038186425947945
1342.5,0.00322087349,0.686690610274645,0.6043713568133482
1342.6,0.003220825025,0.68719072040917,0.6049465208530045
1342.7,0.003220805825,0.6876915593931905,0.6055168989904123
1342.8,0.00322081376,0.6881467070536573,0.6060619112804164
1342.9,0.00322084835,0.688514185429533,0.6065718948123331
1343.0,0.003220908375,0.6888585039843664,0.6070292522690725
1343.1,0.00322099115,0.6892927537705016,0.6074241234479317
1343.2,0.00322109368,0.6898525415990742,0.6077693555779089
1343.3,0.003221211455,0.690405424206994,0.6080876353561924
1343.4,0.0032213397,0.6908381094799877,0.6084020051082591
1343.5,0.00322147408,0.691178538743116,0.6087149284710681
1343.6,0.003221612325,0.6915051135826419,0.6090147840650754
1343.7,0.003221752205,0.6918569154111762,0.6093004302355104
1343.8,0.003221891785,0.6922216983005551,0.6095937425203387
1343.9,0.00322202918,0.6925619516344949,0.6099072684406187
1344.0,0.003222164325,0.6928206178072208,0.6102266427497827
1344.1,0.00322229672,0.6929616564678112,0.6105359476261732
1344.2,0.003222425635,0.6930020510661509,0.6107945321174902
1344.3,0.00322255327,0.6929682852283102,0.610957723404518
1344.4,0.003222681775,0.6928351696643922,0.6110415002558113
1344.5,0.00322281158,0.6925517917238531,0.611065324837859
1344.6,0.00322294118,0.6921242021141436,0.6110270891419908
1344.7,0.003223069175,0.6916275477315376,0.6109423484500713
1344.8,0.00322319804,0.6911580115767174,0.6108130316999901
1344.9,0.003223332565,0.6907890315195533,0.6106143655487181
1345.0,0.00322347392,0.6905726134848328,0.6103784244006111
1345.1,0.00322362177,0.6904952486241455,0.6101672616220815
1345.2,0.003223776395,0.69046997765284,0.6099890447257101
1345.3,0.00322393715,0.6904021004019666,0.6098198925807814
1345.4,0.003224102465,0.6902554948391941,0.6096352863132712
1345.5,0.003224272025,0.6900334659199944,0.6094240299152806
1345.6,0.003224444815,0.6897624281553986,0.6092174953310483
1345.7,0.003224620315,0.6894189515473962,0.6090232889847071
1345.8,0.003224798295,0.688977356717637,0.6088448421237536
1345.9,0.003224980325,0.6885167175532118,0.608706650374426
1346.0,0.003225170545,0.6881191113037881,0.6086129768779553
1346.1,0.00322537129,0.6877624148738996,0.6085481450870003
1346.2,0.003225583795,0.6874847923311018,0.608467324474394
1346.3,0.003225808995,0.6873956025156664,0.6083490648738165
1346.4,0.00322604763,0.6874471560511118,0.608192151117229
1346.5,0.00322630002,0.6875300626812401,0.6080306839362495
1346.6,0.003226564535,0.6876058567456006,0.6079166793087619
1346.7,0.00322684021,0.6876742869167811,0.6078293147586583
1346.8,0.00322712876,0.6877922285881821,0.6077081391317796
1346.9,0.003227430305,0.6879472724688221,0.6075196109000006
1347.0,0.003227743865,0.6881080780303888,0.6072999790159955
1347.1,0.00322806824,0.6883078267744893,0.6071152923237133
1347.2,0.00322840273,0.688616519668631,0.6070396553389855
1347.3,0.003228747275,0.6891002935213574,0.6070802346629733
1347.4,0.003229098845,0.6897889369142095,0.6072130731384193
1347.5,0.0032294523,0.6906419861338093,0.607421398430464
1347.6,0.003229804915,0.6915206016344242,0.6076787068068452
1347.7,0.00323015595,0.6922825321006992,0.6079661838974787
1347.8,0.00323050354,0.6928912031109616,0.6082960008606232
1347.9,0.003230845265,0.6933688131589015,0.6086672912450247
1348.0,0.00323117958,0.6937059940152261,0.6090307785415933
1348.1,0.00323150737,0.6938630045328672,0.6093428008956293
1348.2,0.003231829535,0.6938612955064637,0.609604221616794
1348.3,0.003232144745,0.6938285789605692,0.6098491703393574
1348.4,0.00323245428,0.6938660393113706,0.6100934260265812
1348.5,0.0032327583,0.6939734126650849,0.610327083236829
1348.6,0.003233055935,0.6941160849538551,0.6105382296790768
1348.7,0.003233346465,0.6942397317575151,0.6107352527773912
1348.8,0.0032336286,0.6942624140564739,0.610933269875621
1348.9,0.003233900985,0.6941796645059785,0.6110936620035944
1349.0,0.00323416136,0.6940667430996378,0.6112029982243988
1349.1,0.003234408255,0.6939771197444162,0.6112822285628038
1349.2,0.003234642005,0.6939050139098311,0.6113521170612941
1349.3,0.00323486209,0.6937891079904694,0.6114291526830713
1349.4,0.003235068025,0.6935873486270706,0.6114862530145059
1349.5,0.00323526034,0.693288884758609,0.6114807545990436
1349.6,0.003235439665,0.6928839962974144,0.6113895943766958
1349.7,0.003235604775,0.6924019503206476,0.6112051005782025
1349.8,0.003235753955,0.6918981205404208,0.610940315211306
1349.9,0.00323588373,0.691391940848889,0.6106336744054855
1350.0,0.00323599321,0.6908590576198017,0.6103047578227956
1350.1,0.003236083875,0.690284127314639,0.6099525180562454
1350.2,0.00323615485,0.6896817269233131,0.6095924431576171
1350.3,0.00323620442,0.6890910698053264,0.6092748620695398
1350.4,0.003236233515,0.6885643755137668,0.6090591477515738
1350.5,0.0032362446,0.6881672656359824,0.6089486761591845
1350.6,0.003236239575,0.6879241189309652,0.6088723976612367
1350.7,0.003236220505,0.6877617739889983,0.6087638443253216
1350.8,0.00323619038,0.6875454564852427,0.6086381768492668
1350.9,0.003236152815,0.6871703943047012,0.6085151627623674
1351.0,0.00323611079,0.6866358334651369,0.6083790802783473
1351.1,0.003236064995,0.6860626436023042,0.6082303390608891
1351.2,0.003236016935,0.6856338099219039,0.6080652540218097
1351.3,0.003235967155,0.6854473689642839,0.6078793138340587
1351.4,0.0032359166,0.6854342433901772,0.607682927222416
1351.5,0.00323586479,0.6854844837398935,0.6074894233361923
1351.6,0.00323581197,0.685601250455642,0.6073015083432993
1351.7,0.003235758265,0.685868424061274,0.6071388473571114
1351.8,0.00323570392,0.6863457262331338,0.6069979689177465
1351.9,0.003235649455,0.6870833470554556,0.6068491064348117
1352.0,0.003235595705,0.6880747331659636,0.6066708744587956
1352.1,0.00323554469,0.6891437354645712,0.6064678433786906
1352.2,0.003235496595,0.6900999671532855,0.6062743671384822
1352.3,0.00323544931,0.6909545871692121,0.6061574069006261
1352.4,0.00323540312,0.6917837728510153,0.6061453519812958
1352.5,0.003235359615,0.692519942257531,0.6062268800805677
1352.6,0.003235320195,0.6930510033628792,0.6063931589248553
1352.7,0.003235286315,0.6934164271371595,0.6066667891317089
1352.8,0.003235260845,0.6938075302897901,0.6070578816029246
1352.9,0.00323524766,0.6943347712184714,0.6074823780005073
1353.0,0.003235247575,0.6949269740000438,0.6078587477119112
1353.1,0.00323525769,0.6954884897045759,0.6082145136020559
1353.2,0.00323527633,0.695970604796381,0.6086040164273888
1353.3,0.003235302815,0.6963757383018025,0.6090166288082816
1353.4,0.003235338475,0.6967625500388684,0.6094180514644608
1353.5,0.003235386225,0.6972015624794664,0.6098137507671436
1353.6,0.00323545022,0.6976910728803782,0.6102220660776049
1353.7,0.00323553317,0.6981577124867718,0.610621164583539
1353.8,0.003235637535,0.6985190584737877,0.6109966182065251
1353.9,0.003235764815,0.6987246191642974,0.6113637082815487
1354.0,0.0032359159,0.6987685260632239,0.6117280230736223
1354.1,0.003236091225,0.6986859712914729,0.6120554813290024
1354.2,0.003236290215,0.698503067767181,0.6123272096156636
1354.3,0.003236511315,0.698203799651,0.6125820958241087
1354.4,0.003236752505,0.6977782080942182,0.6128475214475881
1354.5,0.003237012035,0.6972717330929771,0.6130863007104984
1354.6,0.00323728755,0.6967634296848115,0.6132510313779264
1354.7,0.00323757686,0.6962892188401227,0.6133366190432252
1354.8,0.00323787804,0.695842886488642,0.6133773076946374
1354.9,0.00323818799,0.695419827055539,0.6133636298285422
1355.0,0.00323850445,0.6950359684155674,0.6132615833593312
1355.1,0.00323882583,0.6947045995056521,0.613074826985809
1355.2,0.00323915176,0.6944117716544109,0.6127993495224751
1355.3,0.00323947896,0.6941083817686685,0.6124712283910451
1355.4,0.00323980395,0.6937783825931502,0.6121303115527368
1355.5,0.00324012382,0.693539615268292,0.611776922591594
1355.6,0.00324043672,0.6934666046550226,0.6114087197644523
1355.7,0.00324074011,0.6934788191672597,0.6110568305996422
1355.8,0.003241032025,0.6934967576613117,0.610748024608165
1355.9,0.003241310935,0.6935327728794924,0.6104771043391344
1356.0,0.003241576205,0.6936263043759752,0.6102327053952855
1356.1,0.003241828665,0.6937853820615824,0.6100351444563089
1356.2,0.003242070225,0.6939745624879962,0.6098780403192067
1356.3,0.00324230249,0.6941363168105442,0.6097037309357779
1356.4,0.0032425268,0.694234962819867,0.6094741998933213
1356.5,0.003242742625,0.6942791838780589,0.6092274497815304
1356.6,0.00324295097,0.6942561999862052,0.6090011181370323
1356.7,0.003243154565,0.694101866105505,0.6087988133931487
1356.8,0.00324335588,0.6937507554273544,0.6086022414275395
1356.9,0.00324355346,0.6932089437919458,0.6083920462595472
1357.0,0.00324374459,0.6926051045511845,0.6081918570641567
1357.1,0.003243929935,0.6920610812345477,0.607996728974531
1357.2,0.003244111485,0.6914758465054811,0.60780294171665
1357.3,0.00324428859,0.6905980101198445,0.6076443101371996
1357.4,0.00324446028,0.6893965142926644,0.6075364768543207
1357.5,0.0032446262,0.6881895646606375,0.6074328539339161
1357.6,0.00324478802,0.6872353310248509,0.6072904744415814
1357.7,0.003244946195,0.6863709783548834,0.6070992142808308
1357.8,0.003245101745,0.6853154032232773,0.6068704089462772
1357.9,0.00324525436,0.6840499068705582,0.6066634345390733
1358.0,0.003245405385,0.6826239316819085,0.6065073331983462
1358.1,0.00324555741,0.6809665593447659,0.6063945789247347
1358.2,0.00324571227,0.6792724806390589,0.6063297088063493
1358.3,0.003245870525,0.678004634375035,0.606329375797528
1358.4,0.003246035525,0.6772049922305462,0.6063538418927956
1358.5,0.003246208905,0.6764978637065202,0.6063934435531498
1358.6,0.00324639094,0.6757500327080744,0.6064796193245933
1358.7,0.003246586795,0.6751573021389363,0.6065949553590475
1358.8,0.00324680079,0.6748224837602873,0.6066943427842364
1358.9,0.00324703513,0.674720532795493,0.6067690467159461
1359.0,0.003247290515,0.6749671729515411,0.6068327198875306
1359.1,0.003247567765,0.6755917844029278,0.6068740732999484
1359.2,0.00324786575,0.6763468661972182,0.6068916184666001
1359.3,0.003248182295,0.6770377464040396,0.6069190495970143
1359.4,0.00324851757,0.6776937926315182,0.6069915852014743
1359.5,0.003248871065,0.678434259736784,0.607117535420868
1359.6,0.00324924146,0.6793278229352445,0.60725490847115
1359.7,0.00324962592,0.6803057755955658,0.6073783692925249
1359.8,0.003250021695,0.6812362148085942,0.6075040977154772
1359.9,0.00325042626,0.6820484296068827,0.6076406947923738
1360.0,0.00325083688,0.6827527558302615,0.6077788337629448
1360.1,0.003251250695,0.6833616781679362,0.6079176349812472
1360.2,0.003251665125,0.683856076887017,0.6080841217989685
1360.3,0.003252078095,0.6842154939361436,0.608283927091737
1360.4,0.003252487425,0.6845288866528951,0.6084814861457579
1360.5,0.00325288981,0.6849573621917329,0.6086616125021441
1360.6,0.003253282805,0.6855071660388523,0.6088189440905545
1360.7,0.003253664795,0.6860552608595682,0.6089600826537911
1360.8,0.003254034545,0.6865466687824427,0.609087849342057
1360.9,0.00325439098,0.686983519807295,0.6091901980324812
1361.0,0.00325473542,0.6873660464119814,0.6092701163796773
1361.1,0.003255070185,0.6877181623997811,0.609344594116716
1361.2,0.003255398415,0.6881041636059424,0.6094343569586513
1361.3,0.003255722445,0.6885898224142608,0.6095766415748881
1361.4,0.00325604375,0.6891829613904439,0.6097809695044405
1361.5,0.003256361665,0.6898278423976316,0.6100022947068859
1361.6,0.003256674585,0.6904684696883663,0.6101977928761262
1361.7,0.00325698044,0.6910969075996051,0.6103886597094765
1361.8,0.00325727991,0.6917006274598454,0.6105793072596596
1361.9,0.00325757622,0.6921721930835198,0.6107434554758097
1362.0,0.0032578689,0.692381976074556,0.6108849779416685
1362.1,0.003258158065,0.692324949884708,0.6110116827716175
1362.2,0.003258446635,0.6920966063642745,0.611089458552624
1362.3,0.003258736595,0.6917581186054061,0.6110937179239436
1362.4,0.003259030765,0.6912972720958658,0.6110400130258491
1362.5,0.00325932948,0.6907585203717017,0.6109668340232134
1362.6,0.003259630735,0.6902957826233838,0.6108740684470197
1362.7,0.00325993486,0.6899798640661388,0.6107662873145789
1362.8,0.00326024346,0.689765035677301,0.6106819173305926
1362.9,0.003260556745,0.6896579890492226,0.6106444412718279
1363.0,0.00326087205,0.6896505811737454,0.6106493980767167
1363.1,0.003261187715,0.6897673227567528,0.6106852914011025
1363.2,0.00326150124,0.6900902847647271,0.6107452153960142
1363.3,0.003261809595,0.6905282164974522,0.6108296036012378
1363.4,0.00326211123,0.6909181069953186,0.6109364007868595
1363.5,0.00326240605,0.6912830343979597,0.6110665356076678
1363.6,0.00326269217,0.6917430515270395,0.6112391215133669
1363.7,0.003262970045,0.6923542672273513,0.6114050371895438
1363.8,0.003263240585,0.6931680716715226,0.6115323665681123
1363.9,0.003263499395,0.6942219000776133,0.6116679130964255
1364.0,0.00326374525,0.6954269584708626,0.611820981543605
1364.1,0.00326398029,0.6966255577496161,0.6119749151854011
1364.2,0.00326420211,0.6977105444716452,0.6121592217449723
1364.3,0.00326440867,0.6986471160735334,0.6123552049761182
1364.4,0.003264599165,0.6994593183054512,0.6125147513873493
1364.5,0.003264771145,0.7001904360309799,0.612645358075374
1364.6,0.00326492133,0.7008375350025811,0.6127688320914382
1364.7,0.00326504787,0.7013526493836195,0.6128418144303737
1364.8,0.003265148835,0.7017106338664961,0.6128386967138242
1364.9,0.00326522562,0.701923602432483,0.6127492222700943
1365.0,0.003265281885,0.7019789133127421,0.612583727567333
1365.1,0.003265319655,0.701837447395551,0.6123858461859057
1365.2,0.003265340105,0.7014703962762762,0.6121526137189847
1365.3,0.003265344,0.7008735313712059,0.611890249263387
1365.4,0.00326533276,0.7000815547127918,0.6116524363543769
1365.5,0.00326530933,0.6991571033753612,0.6114349489215172
1365.6,0.003265276315,0.6981529623986795,0.6111755262532802
1365.7,0.00326523448,0.6970790843482736,0.610814807328158
1365.8,0.00326518077,0.6958546800274635,0.6103702512331636
1365.9,0.003265112415,0.6943957935141748,0.6098879187431467
1366.0,0.003265031275,0.6927829689608602,0.6094555759037523
1366.1,0.00326494036,0.6911665252928086,0.6091086416588755
1366.2,0.003264838135,0.6896176698491064,0.6087683185815789
1366.3,0.003264723655,0.6881862220060542,0.6083810374905705
1366.4,0.003264601295,0.6869681637024043,0.6079605089245093
1366.5,0.003264476945,0.6859649149380364,0.6075308640848858
1366.6,0.003264353465,0.6850087963466576,0.6071132370937993
1366.7,0.003264232095,0.6839620993558904,0.6067098434023893
1366.8,0.00326411403,0.6828855509517289,0.6062998284903025
1366.9,0.003263998115,0.681936425545597,0.6058574011384902
1367.0,0.003263884235,0.6811571723374299,0.6053638116936769
1367.1,0.00326377118,0.680436849124259,0.6048481858613544
1367.2,0.00326366062,0.6796692072425395,0.6043538813900533
1367.3,0.003263556575,0.6788859830612584,0.6039159622236988
1367.4,0.00326346217,0.6782011849778141,0.6035793443407779
1367.5,0.00326337599,0.6776992401531795,0.6033470116259928
1367.6,0.003263295985,0.6773901200024369,0.6031850644096558
1367.7,0.00326322162,0.6772409132009474,0.6030761705250971
1367.8,0.00326315257,0.6771924384263024,0.6030014182128606
1367.9,0.003263089645,0.6771405644484063,0.6029439408903075
1368.0,0.003263034245,0.6769749271173384,0.602905863530709
1368.1,0.003262986255,0.6766506959059321,0.6028620804105329
1368.2,0.003262945755,0.6762117462971872,0.6027885608592536
1368.3,0.003262914325,0.675747670230399,0.6027282039528743
1368.4,0.00326289606,0.6752716686778976,0.6027271144485421
1368.5,0.0032628932,0.6747704212868321,0.6027606829943642
1368.6,0.003262907075,0.6744007437960988,0.6027908422838387
1368.7,0.0032629383,0.6743982493715319,0.6028519255264394
1368.8,0.003262987545,0.6748204480082478,0.6029763413919811
1368.9,0.00326305459,0.6755439944954814,0.6031297459895744
1369.0,0.003263136365,0.6764197008812989,0.6033127412483719
1369.1,0.003263229405,0.6773596716864383,0.603557441156797
1369.2,0.003263333365,0.6783022311639242,0.6038627172547687
1369.3,0.00326344633,0.6792307728549898,0.6042058841017354
1369.4,0.00326356382,0.6802064887013417,0.6045561182755355
1369.5,0.00326368181,0.6813042994045828,0.6049201182800251
1369.6,0.003263798175,0.6825772099159644,0.6053015026016227
1369.7,0.00326391261,0.6839094902453133,0.605685082896485
1369.8,0.003264025295,0.6850273820087961,0.6060709383327473
1369.9,0.00326413697,0.685818862295571,0.6064631404144882
1370.0,0.00326424837,0.6865296853325574,0.6068711264860392
1370.1,0.00326436064,0.6874375930430743,0.6073034605289742
1370.2,0.003264476125,0.6884473637537911,0.6077541012606201
1370.3,0.00326459575,0.6893353537668843,0.6081913952500365
1370.4,0.003264720285,0.6900751485713221,0.6086009785072928
1370.5,0.00326485041,0.6907599215220251,0.6090106308795873
1370.6,0.00326498815,0.6914854157967039,0.6094105983500494
1370.7,0.00326513476,0.6922990882939837,0.6097801514337134
1370.8,0.00326529182,0.6931486377793674,0.6101248972451478
1370.9,0.003265460555,0.6938904683358449,0.6104507639696898
1371.0,0.003265642675,0.6943845151965484,0.6107620461644965
1371.1,0.00326583786,0.6946141153540434,0.6110322017698752
1371.2,0.003266043905,0.6946991205680643,0.6112428304776536
1371.3,0.00326625781,0.6947932866662629,0.6114088033308169
1371.4,0.0032664793,0.6949409792200935,0.6115421042487014
1371.5,0.00326670936,0.6950726370850201,0.6116435010365516
1371.6,0.003266948,0.6951255163725654,0.6117147900570469
1371.7,0.00326719408,0.6950981719501085,0.6117476548861146
1371.8,0.00326744734,0.6949752477127588,0.6117340034093977
1371.9,0.003267705725,0.6947138420712389,0.6116934812623961
1372.0,0.00326796658,0.694341676439124,0.6116342722939725
1372.1,0.003268227935,0.6939926015130131,0.6115309515947812
1372.2,0.00326848887,0.6937644779040654,0.6113762363247327
1372.3,0.00326874828,0.6936489741085634,0.6111854360931467
1372.4,0.003269002965,0.6936138448195109,0.6109864180834974
1372.5,0.003269249395,0.6936318398622308,0.6107971572323115
1372.6,0.003269484695,0.6936493825156084,0.6106278907334103
1372.7,0.0032697075,0.6936019947320217,0.610472714905879
1372.8,0.003269917285,0.6934964120861199,0.610316117821831
1372.9,0.003270112295,0.6933974393511612,0.6101733286658141
1373.0,0.00327028946,0.6932935845812187,0.6100962013095315
1373.1,0.003270447675,0.6930953877838891,0.6100896190446037
1373.2,0.003270589025,0.6927577796709637,0.6101036638487208
1373.3,0.00327071299,0.6923132443104807,0.6100958425396503
1373.4,0.003270817455,0.69181802877731,0.6100497019683472
1373.5,0.003270900855,0.691315788642966,0.6099669687541334
1373.6,0.00327096423,0.690816495322531,0.6098249731644207
1373.7,0.00327100802,0.6903217070459612,0.6096486142059447
1373.8,0.003271031915,0.6898359100075659,0.6094908798653562
1373.9,0.003271038255,0.6893545740307389,0.6093444822760176
1374.0,0.003271029465,0.6888865207076511,0.6091750235116459
1374.1,0.003271006625,0.6884588871156445,0.6089899950140829
1374.2,0.00327097075,0.6881009277655091,0.6088088576931807
1374.3,0.003270924305,0.6878301224787697,0.6086402195128102
1374.4,0.003270869555,0.6876527795734746,0.608491163507768
1374.5,0.003270809455,0.6875434270163885,0.6083358456802486
1374.6,0.003270746085,0.6874411870250701,0.6081591109872913
1374.7,0.003270681165,0.6872841136755758,0.6079811435333766
1374.8,0.003270618685,0.6870395092715673,0.6078039181236466
1374.9,0.003270563595,0.6867410579694763,0.6076253009883712
1375.0,0.00327052017,0.6864380262252963,0.6074830301951422
1375.1,0.003270490825,0.6861340331537643,0.6073865657077582
1375.2,0.00327047777,0.6858040716773578,0.6072947878482947
1375.3,0.003270484485,0.685441682681581,0.607191090157985
1375.4,0.003270510775,0.6850786716504587,0.6070852461315744
1375.5,0.00327055509,0.6847634065444855,0.6069496091253928
1375.6,0.003270614675,0.6845205048836953,0.6067565752214299
1375.7,0.00327068595,0.6843318145457354,0.6065205065246613
1375.8,0.0032707651,0.6841642357104076,0.6062458483886914
1375.9,0.003270849105,0.6840153870504806,0.6059445526886118
1376.0,0.003270937645,0.6838898615744137,0.6056309161842705
1376.1,0.00327103208,0.6837571921166526,0.6052873666913186
1376.2,0.00327113151,0.6835609431067682,0.6049555673832098
1376.3,0.00327123448,0.68328004074124,0.6046848431495607
1376.4,0.003271340745,0.6829501923621691,0.6044429361170046
1376.5,0.003271450345,0.6826263444250664,0.6042136802780644
1376.6,0.003271563075,0.6823332338304865,0.6039881968635828
1376.7,0.003271677905,0.6820711935872505,0.6037320848056842
1376.8,0.003271794695,0.6818457591816143,0.6034411444233093
1376.9,0.00327191536,0.6816668957454749,0.603158017181864
1377.0,0.003272042845,0.6815318386772969,0.6029233615734709
1377.1,0.003272178785,0.6814700121338744,0.6027581546405966
1377.2,0.00327232313,0.6815765058416458,0.6026725845682167
1377.3,0.00327247496,0.6819257127146482,0.602687340000592
1377.4,0.003272634835,0.682453230103483,0.602806925981588
1377.5,0.0032728054,0.682976104218376,0.6030085420883619
1377.6,0.003272988275,0.683337883745178,0.6032625436243156
1377.7,0.003273184195,0.6834927014311469,0.6035592387761134
1377.8,0.003273393255,0.6834618070089915,0.6038982530659105
1377.9,0.00327361582,0.683355124805661,0.6042605371324927
1378.0,0.00327385172,0.6833982337400535,0.6046153674563451
1378.1,0.00327410079,0.6837309346852539,0.6049688538068603
1378.2,0.003274362865,0.6842370264121913,0.6053267409003646
1378.3,0.00327463825,0.6846766483217641,0.6056742180124519
1378.4,0.00327492761,0.684946605378487,0.6060272701948624
1378.5,0.003275230835,0.685165875979337,0.6064074380917844
1378.6,0.003275548245,0.6855176024096475,0.6067937936695971
1378.7,0.00327587806,0.6860382271442005,0.6071657136291664
1378.8,0.003276217335,0.6866063778924169,0.6074803479033346
1378.9,0.00327656199,0.6870994068771007,0.6076748539576148
1379.0,0.00327690793,0.6874751476416553,0.6077228631482284
1379.1,0.00327724964,0.6877151087717218,0.6076945467170046
1379.2,0.003277583305,0.6878276029214615,0.6076416014560136
1379.3,0.003277907065,0.6879264939750113,0.607572759107877
1379.4,0.00327821962,0.6881447215671003,0.6075160093781825
1379.5,0.003278519225,0.6884867781752231,0.6074677419486528
1379.6,0.00327880189,0.6888296641638064,0.6074169524485408
1379.7,0.003279064005,0.6890360919338885,0.6073899869021578
1379.8,0.00327930336,0.6890538105164548,0.6074101980243355
1379.9,0.00327951949,0.6889500185783656,0.6074360671548822
1380.0,0.00327971183,0.6888489158435877,0.6074326409339342
1380.1,0.003279880705,0.6888181973506209,0.6074028071134586
1380.2,0.00328002837,0.6888572913296022,0.60734969409142
1380.3,0.003280160145,0.688912677608085,0.6072678493196088
1380.4,0.003280282285,0.688910981148052,0.6071564327361492
1380.5,0.00328039906,0.6888047136349517,0.6070176277479356
1380.6,0.003280512915,0.6885945913519089,0.6068780536978404
1380.7,0.003280626375,0.688349917832862,0.6067720789811755
1380.8,0.00328074184,0.6881722293523751,0.6067197092599586
1380.9,0.003280861695,0.6881298304179222,0.606707341438
1381.0,0.003280987285,0.6882406532403703,0.6066975773680326
1381.1,0.00328112054,0.6884843214497679,0.6066727757506696
1381.2,0.003281262935,0.6888525223919539,0.606623356613273
1381.3,0.003281414265,0.6893528398715941,0.6065399957088471
1381.4,0.00328157397,0.6899330103533031,0.6064271987095755
1381.5,0.003281742185,0.6904826885367163,0.6062988407735722
1381.6,0.003281918715,0.6909750012382752,0.606167336218367
1381.7,0.003282103975,0.6914816019032224,0.6060594344487684
1381.8,0.00328230252,0.6920234072554459,0.6060199421158387
1381.9,0.00328251619,0.6925013000467246,0.6060644942978962
1382.0,0.00328274468,0.6928817783330009,0.6061450874591944
1382.1,0.003282988345,0.6932493823725827,0.6062202902758175
1382.2,0.00328324807,0.6936316199507451,0.6063157400287744
1382.3,0.00328352427,0.6939665514267296,0.606425570107944
1382.4,0.003283816645,0.6941559768973704,0.6065208891706464
1382.5,0.003284122225,0.6942107348573225,0.6066592543358885
1382.6,0.003284438645,0.6942735729935796,0.6068818104143356
1382.7,0.00328476725,0.6944423267845599,0.6071519628781217
1382.8,0.003285107685,0.6946989132229491,0.6074258569787581
1382.9,0.00328545916,0.6949749838189759,0.6076614117109687
1383.0,0.003285820705,0.6952181242408079,0.6078575086677687
1383.1,0.00328618965,0.6954265060815205,0.6080801577373582
1383.2,0.00328656478,0.6955834789000498,0.6083592228995025
1383.3,0.003286945005,0.6955972893413549,0.6086335360885989
1383.4,0.003287329495,0.6953391132570829,0.6088270418597783
1383.5,0.00328771734,0.6947659548101767,0.6089304304173709
1383.6,0.00328810738,0.6940230498290118,0.608994393243798
1383.7,0.003288501485,0.6933786463439073,0.6090631469990218
1383.8,0.003288898725,0.6929928776156025,0.6091439380806571
1383.9,0.003289297295,0.6927591494053607,0.6092203629768225
1384.0,0.003289697125,0.6924218051862182,0.6092704845743364
1384.1,0.00329009801,0.6917936940006153,0.6092681893267436
1384.2,0.00329049755,0.6908684949641332,0.6091743562373662
1384.3,0.00329089492,0.689793793816452,0.6089532245570283
1384.4,0.003291290225,0.6887420577110684,0.608628495089027
1384.5,0.003291681755,0.6878225638068453,0.608286648967612
1384.6,0.003292067325,0.6870643906853837,0.607995521346315
1384.7,0.00329244499,0.6864460687024896,0.6077574357470628
1384.8,0.003292813025,0.6859111308718069,0.6075512222335996
1384.9,0.00329317142,0.6853483585302135,0.6073755135848028
1385.0,0.00329352317,0.6846919353116164,0.6072239499605045
1385.1,0.003293869355,0.6840864812922313,0.6070900590515197
1385.2,0.003294208475,0.6837546285770473,0.6069738314330704
1385.3,0.003294537025,0.6837213402612898,0.6068595541153404
1385.4,0.00329485339,0.6838392316672085,0.6067135102693345
1385.5,0.00329515911,0.6839854351061212,0.6065264673825622
1385.6,0.00329545643,0.6841374379250725,0.6063284534259249
1385.7,0.003295745675,0.684323357378312,0.6061700932800799
1385.8,0.00329602809,0.6845585181548038,0.6060606967406965
1385.9,0.0032963063,0.6848254404330234,0.6059902452688027
1386.0,0.00329658351,0.6851022964272137,0.6059578391122624
1386.1,0.003296860275,0.6853841538369084,0.6059721000579542
1386.2,0.00329713549,0.6856766675288841,0.6060318877077445
1386.3,0.003297408555,0.6860006599792489,0.6061138996122851
1386.4,0.003297678715,0.6863927244592316,0.6062257139213746
1386.5,0.00329794627,0.6868620344193808,0.6063723446168883
1386.6,0.003298212025,0.6873588207488781,0.6065059245082003
1386.7,0.00329847351,0.6878176943382321,0.6065861658111213
1386.8,0.00329872967,0.6882425696118889,0.6066333940018012
1386.9,0.003298980235,0.688692935768337,0.6067208069324318
1387.0,0.0032992242,0.6891910855490461,0.6069007039525544
1387.1,0.003299460425,0.6896821039144315,0.6071684103723003
1387.2,0.00329968783,0.6901332680354135,0.6074774362752632
1387.3,0.003299906375,0.6905407137530283,0.6077835260457323
1387.4,0.0033001169,0.6908742566450599,0.6080839785423435
1387.5,0.003300320485,0.6911213177745236,0.6083794868004367
1387.6,0.003300516065,0.6912998167859151,0.6086487011846564
1387.7,0.003300700935,0.6914305070403045,0.608889931518155
1387.8,0.003300873465,0.6916001593267836,0.6091097236233854
1387.9,0.003301032355,0.691937459563629,0.6093278544544206
1388.0,0.00330117955,0.6924641350056326,0.6095254857650726
1388.1,0.00330131572,0.6930562121234988,0.6096686450007041
1388.2,0.003301440175,0.6935689640268619,0.609794507883822
1388.3,0.00330155349,0.6939418773580283,0.609927013978765
1388.4,0.003301658145,0.6941784644175848,0.6100489655790291
1388.5,0.003301756255,0.6942975182127852,0.6101495750837603
1388.6,0.00330185016,0.6943187993614206,0.6102132966358716
1388.7,0.00330193987,0.6942653294544565,0.6102226076881784
1388.8,0.00330202583,0.6941271622095516,0.610186490054077
1388.9,0.00330210729,0.6937298387034668,0.6101452685885508
1389.0,0.003302184325,0.6928979072696845,0.6101257643247203
1389.1,0.003302257105,0.6922012276828243,0.6101126312107912
1389.2,0.00330232728,0.6920694001718944,0.6100748799485101
1389.3,0.00330239644,0.6922291313087735,0.610007062387897
1389.4,0.00330246506,0.6927340103809466,0.609922860793277
1389.5,0.003302533575,0.6934836383703903,0.6098278634296621
1389.6,0.003302602095,0.694087056637736,0.609724574774716
1389.7,0.003302668905,0.6943853697097502,0.6096144437309702
1389.8,0.00330273136,0.6944265874053652,0.6095224201989613
1389.9,0.003302786225,0.6943257045820732,0.6094546767799348
1390.0,0.003302833265,0.694187713266357,0.6093871727502687
1390.1,0.00330287207,0.6940603279674392,0.6093096237922518
1390.2,0.00330290156,0.693956781073577,0.609220364861778
1390.3,0.00330292055,0.6938862334689478,0.6091353382849272
1390.4,0.003302929075,0.6938457069237165,0.6090925724124523
1390.5,0.00330292765,0.6938307340931296,0.6091138001540127
1390.6,0.003302916825,0.6938704815233828,0.6091894503334296
1390.7,0.003302897115,0.6940232069086444,0.609281431768097
1390.8,0.003302867695,0.6943067356456308,0.6093561891068818
1390.9,0.003302826055,0.6946602653501246,0.6094439827985421
1391.0,0.003302768695,0.6949961581534612,0.6095977254315048
1391.1,0.00330269414,0.6952402096371626,0.6097957375031865
1391.2,0.003302603745,0.6953556380344408,0.6099870422745527
1391.3,0.00330249825,0.6953627757329498,0.610200746601539
1391.4,0.00330237764,0.6953480793625163,0.6104656111365705
1391.5,0.0033022447,0.6953929601551655,0.6107210841945234
1391.6,0.003302102065,0.6955202512063036,0.6108897242598496
1391.7,0.003301951375,0.6957157399507659,0.610947146290372
1391.8,0.003301796225,0.6959560717887655,0.610972277146645
1391.9,0.003301638705,0.6962020961926534,0.6110462849014228
1392.0,0.00330148125,0.6963555441442253,0.6111425703180255
1392.1,0.003301327625,0.6962335435351158,0.6112327962307181
1392.2,0.003301181965,0.695578860758849,0.6113432690797446
1392.3,0.00330104913,0.6942342339703713,0.6114583129460819
1392.4,0.003300930475,0.6924771035001067,0.611546647619997
1392.5,0.003300828205,0.6909971871655948,0.6116046112610928
1392.6,0.003300746055,0.6902859368720075,0.6116427728153745
1392.7,0.00330068703,0.6901109690107584,0.6116636857693509
1392.8,0.00330065289,0.6899866561894558,0.6116630989198432
1392.9,0.00330064482,0.6897768543488638,0.6116509730005188
1393.0,0.003300663455,0.6896365131218427,0.6116362012318617
1393.1,0.003300706955,0.6896095268409483,0.6116159304194236
1393.2,0.003300775825,0.6895729649856458,0.611588157483729
1393.3,0.003300872665,0.689471064286334,0.61158716913868
1393.4,0.00330099777,0.6893873911075983,0.6116398762669479
1393.5,0.003301149615,0.6894152507512503,0.6117235620120542
1393.6,0.003301326325,0.6895827416219837,0.6117894556613261
1393.7,0.00330152469,0.6898862006227646,0.6118314794896162
1393.8,0.00330174129,0.6903028386404837,0.6118658623362542
1393.9,0.00330197396,0.690802301606922,0.6119048218550699
1394.0,0.00330222123,0.6913665819129893,0.6119520795767207
1394.1,0.003302482825,0.6919945297357741,0.6119961812543918
1394.2,0.003302755975,0.6926638460506214,0.6120638492751945
1394.3,0.00330303777,0.6932973419260324,0.6121716410890504
1394.4,0.003303328275,0.6938099555993187,0.6122939747069812
1394.5,0.00330362753,0.6942031259199155,0.6124404005706539
1394.6,0.00330393397,0.6945581510225124,0.6126602869236639
1394.7,0.00330424974,0.6949475262991835,0.612875673259357
1394.8,0.00330457568,0.6953725649356584,0.613030840290429
1394.9,0.00330491004,0.6957784524233168,0.6131558455187524
1395.0,0.00330525135,0.6961218159339836,0.6132641569520331
1395.1,0.003305596915,0.6964176722805427,0.6133283937253395
1395.2,0.00330594197,0.6966860145586418,0.6133737495267979
1395.3,0.00330628377,0.6969296262193717,0.6134451290251617
1395.4,0.00330662204,0.697151887616428,0.6135755692087758
1395.5,0.00330695579,0.6973575425547172,0.6137843852175932
1395.6,0.00330728249,0.6975348854600123,0.6140453881069348
1395.7,0.003307599055,0.6976807935892156,0.6143056992175743
1395.8,0.00330790293,0.6978057347290489,0.614545299692804
1395.9,0.00330819215,0.6979180089673029,0.6147713429390966
1396.0,0.003308462785,0.6980218888699865,0.615008918343702
1396.1,0.00330871294,0.6981396420458283,0.6152654897024465
1396.2,0.00330894283,0.6982991721207776,0.6155428690859729
1396.3,0.00330915318,0.6984931403343956,0.6158458090956473
1396.4,0.00330934505,0.6987009755379865,0.6161556599808412
1396.5,0.00330951827,0.6989346660491164,0.6164376405409681
1396.6,0.00330967247,0.6992115597424186,0.616652297398847
1396.7,0.003309811605,0.6994999453816474,0.6168092984917101
1396.8,0.00330994217,0.6997115127973108,0.6169558707536004
1396.9,0.003310070715,0.6997535284574599,0.6171053244842725
1397.0,0.00331020112,0.6996058987354824,0.6172504981091135
1397.1,0.00331033547,0.6993484766334472,0.6173758068152871
1397.2,0.00331047571,0.6990732040019544,0.6174799638064428
1397.3,0.003310623565,0.6988832633101184,0.617578536930816
1397.4,0.003310779235,0.6989013211846913,0.6176617935343658
1397.5,0.003310941715,0.699155482313552,0.6177325239796873
1397.6,0.003311108215,0.6995678163493356,0.617853026049101
1397.7,0.00331127851,0.6999745834829372,0.6180544662266862
1397.8,0.00331145074,0.7002557371758775,0.6183043045240556
1397.9,0.00331162365,0.7004748444139094,0.6185502635828163
1398.0,0.003311797715,0.7007538995229572,0.6187778348997756
1398.1,0.003311974265,0.7010252451636331,0.6190118194639779
1398.2,0.003312155335,0.701184052672272,0.6192587385934536
1398.3,0.00331234068,0.7015791644971286,0.6195241893496742
1398.4,0.00331252939,0.7023729821288377,0.6197924618844164
1398.5,0.00331272223,0.7030722629544149,0.6200260606610408
1398.6,0.00331292044,0.70339012301592,0.6201902132754206
1398.7,0.003313124295,0.7034204142522859,0.6202703798084364
1398.8,0.003313332605,0.703397078502055,0.6202736627727593
1398.9,0.00331354419,0.7033977068205857,0.6202100763091322
1399.0,0.00331375845,0.7033391663830787,0.6200709697280239
1399.1,0.003313974685,0.7032194151543092,0.6198491368442056
1399.2,0.003314192545,0.7030510697703739,0.6195697612927072
1399.3,0.00331441069,0.7027773239529107,0.6192437035593321
1399.4,0.003314625805,0.7023646317755645,0.6188488782477254
1399.5,0.00331483563,0.7018401742979743,0.6184060418605495
1399.6,0.003315036895,0.7012647727539134,0.6179771931005045
1399.7,0.0033152268,0.7007091632435701,0.6175852392045831
1399.8,0.00331540378,0.7001942122253495,0.6171995929983917
1399.9,0.00331556639,0.6997031498776669,0.6168006044482005
1400.0,0.003315713365,0.6992766598253862,0.616405005048164
1400.1,0.003315844415,0.69897656861193,0.6159950071006776
1400.2,0.003315960565,0.6987877588934492,0.6155469789174823
1400.3,0.0033160636,0.6986440058968063,0.6151055468222226
1400.4,0.003316156485,0.6984905076797518,0.6147091632806597
1400.5,0.00331624255,0.6982781171668133,0.6143500936916806
1400.6,0.003316324275,0.6979488782567171,0.614018115941109
1400.7,0.003316402565,0.6974723928989471,0.6136855557392594
1400.8,0.003316477995,0.6969040410888009,0.6133136263549122
1400.9,0.003316552115,0.6963224757399537,0.6129198585033927
1401.0,0.003316627435,0.6958165473758343,0.6125497279949987
1401.1,0.0033167077,0.6954970725357054,0.6122013297679454
1401.2,0.00331679706,0.6954180866132089,0.6118741146718366
1401.3,0.003316897825,0.6955161985517805,0.6116039106859311
1401.4,0.003317012395,0.6956480574786369,0.6113934101551328
1401.5,0.003317140665,0.6957074021638633,0.6112391742921234
1401.6,0.00331728155,0.6957129250837483,0.6111821644385572
1401.7,0.00331743689,0.6957555250801309,0.6112089270380546
1401.8,0.00331760709,0.6958332480823808,0.6112654417766186
1401.9,0.003317789895,0.6958604856906874,0.6113337092132997
1402.0,0.00331798486,0.6958529018860216,0.6114312770280236
1402.1,0.003318192305,0.6959107386067741,0.6115703691578057
1402.2,0.00331840985,0.6960274801897816,0.6117264453657917
1402.3,0.003318635015,0.6961099846960501,0.6118660451769466
1402.4,0.003318866095,0.6961877202646706,0.6119992015815691
1402.5,0.00331910221,0.6963584972413197,0.6121318559596853
1402.6,0.003319341675,0.6966107796977736,0.6122506131885393
1402.7,0.00331958198,0.6968486045448357,0.6123529964364827
1402.8,0.0033198232,0.6970225859459914,0.61244092395999
1402.9,0.003320066055,0.6971140942568052,0.6125056790960843
1403.0,0.00332031058,0.6971018734613827,0.6125365955093882
1403.1,0.003320556535,0.6970101640886391,0.6125290519171084
1403.2,0.003320803345,0.696916664008083,0.6125080817861458
1403.3,0.003321050335,0.696907276929234,0.61250067328235
1403.4,0.00332129684,0.6969595844469164,0.6124997088134054
1403.5,0.003321542185,0.6969389441831823,0.612496805353475
1403.6,0.00332178313,0.6967366507490323,0.6124868213720218
1403.7,0.003322017975,0.6963882481237492,0.6124349769250966
1403.8,0.003322245055,0.696040373286032,0.6123131547584499
1403.9,0.00332246348,0.6957796650780811,0.6121349334638488
1404.0,0.003322672305,0.6956212094278194,0.6119412429670215
1404.1,0.00332287215,0.6956003681021554,0.6117346304712913
1404.2,0.003323063155,0.6956951059702171,0.6114891495629325
1404.3,0.00332324444,0.6957878269357952,0.6112297966380524
1404.4,0.00332341462,0.6957583462303338,0.610976747632991
1404.5,0.00332357051,0.6956127522603959,0.6107186067345568
1404.6,0.00332370942,0.6954760489976676,0.6104643337649975
1404.7,0.003323829435,0.6954354910365098,0.6102200215291059
1404.8,0.00332392967,0.6954790586434297,0.6099556942064182
1404.9,0.003324008645,0.6955960578370347,0.6096880330256065
1405.0,0.003324062135,0.6958035914477309,0.6094739454243163
1405.1,0.00332408825,0.6960307474461414,0.6093209900744725
1405.2,0.00332408674,0.6961693545140177,0.6092215014900001
1405.3,0.00332405689,0.6961663574346262,0.6091675333264411
1405.4,0.003323997725,0.6959639823190672,0.6091238626752821
1405.5,0.003323909695,0.695537196957077,0.6090614467690776
1405.6,0.00332379387,0.6949884989505717,0.6089825085987894
1405.7,0.00332365235,0.6944594861636337,0.6088824118019792
1405.8,0.003323486715,0.6939951022207653,0.6087433052208711
1405.9,0.003323298335,0.6935330430564607,0.6085594322010861
1406.0,0.00332308732,0.693034679647451,0.6083305992205171
1406.1,0.00332285437,0.6925500387151524,0.6081004951515606
1406.2,0.003322603215,0.69216800219892,0.6079229449011503
1406.3,0.003322339245,0.6919766038080927,0.6078068052472952
1406.4,0.003322065935,0.6919757241621497,0.607705527839966
1406.5,0.00332178623,0.6920418672538783,0.607598714946381
1406.6,0.00332150362,0.6920536293767734,0.6075166923604254
1406.7,0.00332122206,0.6919678073486626,0.6074757599214233
1406.8,0.00332094423,0.6917999206372548,0.6075047285472821
1406.9,0.003320675145,0.6916331272000904,0.6076541420655682
1407.0,0.003320420885,0.6915871845491244,0.6079206295473646
1407.1,0.003320183965,0.6917324517934264,0.6082650517747555
1407.2,0.003319965445,0.6920548797306495,0.6086604004756984
1407.3,0.00331976765,0.6924367905831758,0.6090842402804165
1407.4,0.003319590805,0.6927132570198771,0.6094955865994699
1407.5,0.003319432975,0.6928712854135379,0.609867287275872
1407.6,0.00331929307,0.6930641540697271,0.6102269883249745
1407.7,0.00331917151,0.693422452711869,0.6106149253805289
1407.8,0.0033190687,0.6939503219590811,0.6110166207269505
1407.9,0.003318983405,0.6945478654481645,0.6113733366347135
1408.0,0.003318910695,0.695107427082066,0.6116206195606185
1408.1,0.00331884468,0.6956786440247122,0.6117450900898722
1408.2,0.00331878106,0.696424326173783,0.6118014747665003
1408.3,0.00331871955,0.6973281183979236,0.6118578211156981
1408.4,0.003318661965,0.6981773223081156,0.6119491874265238
1408.5,0.00331860879,0.6988194261473974,0.6120948253787589
1408.6,0.003318559005,0.6992624661097773,0.6122780103897527
1408.7,0.003318511605,0.6995951670549777,0.6124359948011164
1408.8,0.003318466605,0.6998903071184119,0.6125688100287766
1408.9,0.003318426255,0.7001823558546749,0.6127009391326014
1409.0,0.003318392555,0.7004558252119846,0.6128247405026198
1409.1,0.003318365005,0.7006420148421922,0.6129317481749494
1409.2,0.00331834271,0.7006750769632787,0.6130386295552543
1409.3,0.003318325995,0.7005722903348385,0.6131471891743546
1409.4,0.00331831625,0.7004102784016929,0.613244682847492
1409.5,0.0033183162,0.7002537768220617,0.6133492539005594
1409.6,0.00331832832,0.7000912873668327,0.6134910842424983
1409.7,0.003318352895,0.6998279088051262,0.6136855406596147
1409.8,0.003318389215,0.6992791228340266,0.6139302889485667
1409.9,0.00331843527,0.6982602477877997,0.6142201668443061
1410.0,0.003318490825,0.6968953325939652,0.6145506561082784
1410.1,0.00331855824,0.6957232106580961,0.614903311821696
1410.2,0.00331864089,0.6950261729296735,0.6152468255004916
1410.3,0.00331873864,0.6944615030661173,0.6155485490854906
1410.4,0.003318850695,0.6938754955052578,0.6157780757297174
1410.5,0.00331897615,0.6935659732306556,0.6159345980438602
1410.6,0.00331911404,0.6934134489073238,0.6160478354944218
1410.7,0.00331926482,0.6928972601015978,0.6161403723626704
1410.8,0.00331942981,0.6920746654811818,0.6162254391519071
1410.9,0.0033196132,0.6916190717145583,0.6163041831717694
1411.0,0.00331981682,0.6917473994912721,0.6163727609978046
1411.1,0.003320038695,0.6920123111501933,0.616435123496934
1411.2,0.00332027792,0.6921207589285954,0.6165025797743918
1411.3,0.003320535905,0.6921219464506184,0.6165585114333593
1411.4,0.0033208124,0.6921035932663361,0.6165797963519059
1411.5,0.0033211064,0.6921286003438587,0.6165507309649934
1411.6,0.00332141691,0.6922442675021785,0.616456999663218
1411.7,0.00332174107,0.6924316949198916,0.6163138253479418
1411.8,0.003322075515,0.6926206868507463,0.6161514094059809
1411.9,0.00332241802,0.6927814358636453,0.6159916085257449
1412.0,0.003322765105,0.6929666327505744,0.6158422634941785
1412.1,0.00332311419,0.6931824978649879,0.6156852089942403
1412.2,0.00332346397,0.6933261251979247,0.6155066377262175
1412.3,0.00332381413,0.693337504046516,0.6153120550170765
1412.4,0.00332416255,0.6932950171474688,0.6151355452621532
1412.5,0.00332450569,0.6932700603354286,0.6149954289731661
1412.6,0.00332484141,0.693246586355121,0.6148635757011762
1412.7,0.003325168905,0.6932479686558887,0.6147447807732105
1412.8,0.003325488795,0.6933395649312967,0.6146560094179166
1412.9,0.00332580055,0.6934493447449837,0.6145884664325014
1413.0,0.00332610283,0.6934563881957131,0.6144779408047185
1413.1,0.003326394105,0.6933566991776293,0.6142588002658044
1413.2,0.003326672895,0.6931880710503553,0.6139118528262384
1413.3,0.00332693825,0.692926495762832,0.6134918771804841
1413.4,0.00332718866,0.6925627684485848,0.6130905870995149
1413.5,0.00332742334,0.692147814324528,0.6127238922368471
1413.6,0.003327641425,0.6917081484326582,0.6123843156019649
1413.7,0.00332784213,0.6912323856411985,0.6121082682537237
1413.8,0.00332802534,0.6907342421436746,0.6118941668294259
1413.9,0.003328191445,0.6902060084717148,0.611693929881827
1414.0,0.003328341145,0.6895967091429216,0.6114726084492927
1414.1,0.00332847406,0.6888710703549807,0.6112224679307101
1414.2,0.00332858947,0.6880543065305299,0.6109727936244773
1414.3,0.003328689885,0.687210971115415,0.6107583880940106
1414.4,0.00332877765,0.6864228900318914,0.6105798419587292
1414.5,0.00332885443,0.6857731835383878,0.610439724413105
1414.6,0.003328923395,0.685319468444171,0.6103588240040454
1414.7,0.00332898858,0.6850730858987206,0.6103244380158148
1414.8,0.00332905252,0.6849475729890243,0.610297903495944
1414.9,0.00332911594,0.6847990887538451,0.6102716799937459
1415.0,0.00332917969,0.6845683764725508,0.6102638882156465
1415.1,0.003329244305,0.6843074420699289,0.6102546902606754
1415.2,0.00332930968,0.6840888563362775,0.6102206636706443
1415.3,0.00332937384,0.6839280507747107,0.610218120237232
1415.4,0.003329436615,0.683773622646231,0.6102910918947524
1415.5,0.00332949807,0.6835744331056227,0.6103587994996226
1415.6,0.00332955761,0.6833513109121794,0.6103545005442355
1415.7,0.003329614415,0.6831808983602782,0.6103117440965387
1415.8,0.003329666775,0.6831310664176069,0.6102373913948875
1415.9,0.00332971286,0.683230987913547,0.6101253100504226
1416.0,0.003329750525,0.6834436234707125,0.6099887418761784
1416.1,0.003329777465,0.6836628626556359,0.6098563344272445
1416.2,0.00332979385,0.6838215947660512,0.6097854506722016
1416.3,0.00332980135,0.683958920064125,0.6098028161397536
1416.4,0.00332980137,0.6841067948303294,0.6098789633191283
1416.5,0.00332979578,0.6842802421607341,0.6099702919308423
1416.6,0.00332978611,0.6845247020514805,0.6100729045150495
1416.7,0.003329774515,0.6848405577768725,0.6101828847623477
1416.8,0.00332976342,0.6852253463282695,0.6103017946726047
1416.9,0.00332975516,0.6857254501796091,0.6104282777061124
1417.0,0.00332975295,0.6863490374717908,0.6105371948384567
1417.1,0.003329759735,0.6869850214885834,0.6106209936808986
1417.2,0.003329777945,0.6875134687888438,0.6106946979578259
1417.3,0.00332980858,0.6879309047710969,0.6108044136830229
1417.4,0.00332985144,0.6882965547400482,0.610991820994543
1417.5,0.003329906395,0.6886086531206265,0.611269386988673
1417.6,0.0033299755,0.6888281122170357,0.6115951644919835
1417.7,0.00333006151,0.6889774321158607,0.6119079433415304
1417.8,0.003330165045,0.689104522105069,0.6121835031145918
1417.9,0.00333028386,0.6892400252794036,0.6123982108662717
1418.0,0.003330416415,0.689376709692576,0.612538227880931
1418.1,0.003330561965,0.6894806461439275,0.6126210163871755
1418.2,0.003330721715,0.6894916542845856,0.6126159251221212
1418.3,0.003330894695,0.6893389037665828,0.6125085944940668
1418.4,0.0033310779,0.6889764330893968,0.6123630306834184
1418.5,0.003331268645,0.688402709155813,0.6122265046065156
1418.6,0.00333146482,0.687711307444611,0.6120893024588739
1418.7,0.00333166496,0.6870697502424509,0.611922619605771
1418.8,0.00333186846,0.6865871136462651,0.6117174371630167
1418.9,0.00333207366,0.6862660868593653,0.6114814067936785
1419.0,0.0033322793,0.6860318685606696,0.6112272682842849
1419.1,0.00333248415,0.6858043858366232,0.6109781337036698
1419.2,0.00333268492,0.6855710471838705,0.6107584704037382
1419.3,0.003332879075,0.6853539505651368,0.6105611369160698
1419.4,0.003333063,0.6851717130584873,0.6103597620836118
1419.5,0.00333323334,0.6850059689132693,0.6101463404999642
1419.6,0.003333386505,0.6848300522910389,0.6099363212611606
1419.7,0.00333351995,0.6846452952270813,0.6097707467619456
1419.8,0.003333634505,0.6844695231181128,0.6096527523117882
1419.9,0.003333731515,0.6842975963185526,0.6095738499556561
1420.0,0.003333813375,0.684122904917457,0.6095415261088433
1420.1,0.003333883055,0.6839609181170526,0.6095775664597654
1420.2,0.0033339423,0.6838406202511613,0.6096886060521064
1420.3,0.00333399276,0.6838289083937488,0.6098489014190261
1420.4,0.00333403914,0.6839744520982043,0.6100178656967142
1420.5,0.0033340852,0.6842122895116369,0.6101972858230719
1420.6,0.00333413067,0.6844332063070374,0.6103922737976653
1420.7,0.003334173445,0.6846544058457766,0.6105867842501751
1420.8,0.00333421133,0.6849900724544421,0.6107972451969059
1420.9,0.003334243535,0.6855118658614622,0.6110565673341779
1421.0,0.00333427028,0.6861956209361454,0.6113969695796094
1421.1,0.003334293475,0.686993296443633,0.6118328222063164
1421.2,0.00333431523,0.687868644687888,0.6123372708802959
1421.3,0.00333433549,0.6887847770879719,0.6128757348345729
1421.4,0.003334352705,0.689727217184937,0.6134272948319858
1421.5,0.003334366855,0.6906915541826977,0.613979028245313
1421.6,0.00333437924,0.6916470318891752,0.6145176700137343
1421.7,0.003334391885,0.6925827364114909,0.6150240275194102
1421.8,0.003334406945,0.6935214380131983,0.6155056745139099
1421.9,0.00333442581,0.6944308662545594,0.6159549473961146
1422.0,0.003334448765,0.6952327577793883,0.6163504531766899
1422.1,0.00333447663,0.6959282749769665,0.6167140560838682
1422.2,0.003334510945,0.6965835923549494,0.6170968183080037
1422.3,0.00333455389,0.6972680008809046,0.6175177138120869
1422.4,0.003334605325,0.6979889398462357,0.6179269759985739
1422.5,0.003334663265,0.6986358000567952,0.6183007664624092
1422.6,0.00333472804,0.6991301673599493,0.6186395275398384
1422.7,0.003334799595,0.699443585209442,0.618903328959916
1422.8,0.00333487801,0.699511676088616,0.6190250644186055
1422.9,0.00333496244,0.6993208117685398,0.6190184865519074
1423.0,0.003335051475,0.698953251711255,0.6189417732575364
1423.1,0.0033351441,0.6984792544948667,0.6188153964098605
1423.2,0.00333523832,0.6979332268421169,0.6186499940699232
1423.3,0.003335332615,0.6973291865394259,0.6184366252650322
1423.4,0.003335425075,0.6966815974793709,0.61815031936014
1423.5,0.003335515555,0.6959927404582181,0.6178057431947089
1423.6,0.00333560508,0.6952349694606164,0.6174267433419354
1423.7,0.00333569559,0.6943722252860876,0.6170126399611693
1423.8,0.003335786985,0.6933944359885843,0.6165926391826738
1423.9,0.003335880035,0.6923232157255633,0.6161863388897405
1424.0,0.003335974995,0.6911806184774526,0.615750943678924
1424.1,0.003336071005,0.6899900491095218,0.6152457209165145
1424.2,0.00333616683,0.6888129069085922,0.6146763757347713
1424.3,0.003336260995,0.6877277505405599,0.6140925277047019
1424.4,0.003336351975,0.6867542023931389,0.613555121210512
1424.5,0.00333644011,0.6858799599894979,0.6130808921445859
1424.6,0.00333652559,0.6851083597010351,0.6126526767296199
1424.7,0.003336609635,0.6844420278992087,0.6122555536571463
1424.8,0.003336692175,0.6838566612232506,0.611874932114245
1424.9,0.00333676939,0.6832976148105443,0.6115231321706663
1425.0,0.00333684365,0.682722923266423,0.6111635115463357
1425.1,0.003336918245,0.6821560291552681,0.6108498938915503
1425.2,0.00333699414,0.6816601853035668,0.6106674025442145
1425.3,0.003337075265,0.6812234096769382,0.6105510046514434
1425.4,0.003337162635,0.6807899515721517,0.6103809672057049
1425.5,0.003337254405,0.6804864988545561,0.6101430166949366
1425.6,0.00333735088,0.680469986643569,0.6099043536709547
1425.7,0.00333745339,0.6806211852148009,0.6097009719891094
1425.8,0.003337562445,0.6807983710404634,0.60952235234056
1425.9,0.003337676785,0.6810521363286498,0.6093869591219682
1426.0,0.0033377954,0.6814590856746251,0.6093054831731344
1426.1,0.00333791719,0.6820194704058019,0.6092365208161584
1426.2,0.00333804006,0.6827026474274368,0.6091489017970497
1426.3,0.00333816391,0.6834723439107516,0.6090363743464279
1426.4,0.00333828883,0.6842803112757725,0.6089474748141537
1426.5,0.00333841526,0.6850715528015057,0.6089190955510767
1426.6,0.00333854277,0.6858140682251815,0.6089273968955046
1426.7,0.003338668805,0.6864829195843161,0.6089119465428342
1426.8,0.00333879083,0.6870310332545879,0.6088667861484389
1426.9,0.003338909615,0.6874226704779698,0.6087967298889009
1427.0,0.00333902454,0.6876877203669678,0.6086808145447614
1427.1,0.003339134255,0.6878773343331679,0.608540948954868
1427.2,0.003339237365,0.6880003528182972,0.6084180536201708
1427.3,0.003339331575,0.6880379953814725,0.6082983224975942
1427.4,0.00333941453,0.6879898033501664,0.608151660386154
1427.5,0.00333948577,0.687874023094511,0.607976600162081
1427.6,0.00333954692,0.6877145684177854,0.6077775984887134
1427.7,0.003339599065,0.6875366223267008,0.6075527207732954
1427.8,0.003339641695,0.6873724992432919,0.6072635566474068
1427.9,0.00333967347,0.6872371782813311,0.60691893587136
1428.0,0.00333969429,0.6870784084718041,0.6065738507679191
1428.1,0.00333970454,0.6867927246022572,0.6062224246738662
1428.2,0.00333970416,0.6864094502985193,0.6058816027116563
1428.3,0.00333969357,0.6861862024413699,0.605606803204017
1428.4,0.003339673255,0.6862760896903745,0.6054028968761989
1428.5,0.0033396443,0.6865644816127887,0.6052673773655823
1428.6,0.003339609485,0.686894807513943,0.6052202120067555
1428.7,0.003339569975,0.6872004279304694,0.6052327117756056
1428.8,0.003339526545,0.6874416268480414,0.6052683675955868
1428.9,0.003339481665,0.6876239397529147,0.605346591996024
1429.0,0.003339439525,0.6878157905330841,0.6055082093451324
1429.1,0.00333940334,0.6880665336091377,0.605741912422633
1429.2,0.003339374485,0.6884502728685884,0.6060160471692666
1429.3,0.003339354555,0.6890457931720029,0.6063168829401817
1429.4,0.003339345075,0.6897788586849768,0.606630486143641
1429.5,0.00333934869,0.6905429882661094,0.6069413951172407
1429.6,0.003339366665,0.6913943284593058,0.6072506440732821
1429.7,0.00333940073,0.6923838044814803,0.6075632312856772
1429.8,0.00333945152,0.6934309224456631,0.6078781313385838
1429.9,0.003339518055,0.6944877479311454,0.6081831441710912
1430.0,0.003339600185,0.6955727409363598,0.608463202076514
1430.1,0.003339697255,0.6966243639444077,0.6087562994764049
1430.2,0.003339808625,0.6975934510302606,0.6091163712334404
1430.3,0.003339934125,0.6984990276790284,0.6095262636234137
1430.4,0.00334007214,0.6992597643400953,0.6099647947720171
1430.5,0.0033402205,0.6998055909309152,0.6104377452097333
1430.6,0.00334037659,0.7002262878863428,0.6109283162123249
1430.7,0.00334053893,0.70060780918138,0.6114300404971552
1430.8,0.003340704605,0.7009463597721015,0.6119175528451393
1430.9,0.003340871295,0.7012253457661108,0.6123376007475245
1431.0,0.003341038405,0.7014824034433981,0.6127001487078897
1431.1,0.00334120325,0.7017761109405822,0.6130451609263811
1431.2,0.00334136372,0.7021019632137979,0.6133526750949592
1431.3,0.003341518595,0.7024205269920571,0.6135700726782691
1431.4,0.00334166763,0.7026839306865048,0.6136948020747575
1431.5,0.003341807725,0.7028068800565956,0.6137710001479332
1431.6,0.003341936905,0.7026696804222281,0.6138085007111206
1431.7,0.003342053435,0.7022330995743441,0.6138082933660055
1431.8,0.00334215488,0.7016046113976228,0.6138244348690596
1431.9,0.00334223868,0.7009449649049632,0.6138771319442309
1432.0,0.00334230374,0.7003972596417364,0.6139101073573601
1432.1,0.00334234766,0.7000203941870118,0.6139196917282277
1432.2,0.003342368985,0.6997330704060998,0.6139314431697077
1432.3,0.003342367895,0.6994026062748686,0.6139073741717515
1432.4,0.003342344055,0.6989413387919126,0.613800939525922
1432.5,0.0033422963,0.6983541499922155,0.6136001791889869
1432.6,0.003342223055,0.6977104753566068,0.613318901717296
1432.7,0.003342123645,0.6970660467387612,0.6129526077218507
1432.8,0.003341997875,0.6964375459956693,0.6125134375733016
1432.9,0.003341845575,0.6958192051632192,0.6120552727272502
1433.0,0.003341666745,0.6951936700835923,0.6116144067469867
1433.1,0.003341463295,0.6945367881924679,0.6111729495189858
1433.2,0.00334123664,0.6938346233848347,0.6107394185292497
1433.3,0.003340987275,0.6930971784917016,0.6103429765540636
1433.4,0.00334071741,0.6923331871406457,0.6099207414748729
1433.5,0.003340428645,0.6915364792436954,0.6094145460753779
1433.6,0.003340121275,0.6906986918812066,0.6088639913876142
1433.7,0.00333979578,0.689846421776585,0.6083336830078658
1433.8,0.003339456575,0.6890302422883676,0.6078505814559675
1433.9,0.003339108225,0.6883017635006679,0.6074130901745324
1434.0,0.003338755455,0.687678785677461,0.6070085165009217
1434.1,0.00333840181,0.6871544789963181,0.6066230669584304
1434.2,0.003338049795,0.6867273040768388,0.6062621243519112
1434.3,0.003337701905,0.686389337822351,0.6058964668431375
1434.4,0.00333735877,0.6861675225314516,0.6055528941024
1434.5,0.00333702224,0.6860931421837853,0.6053013241591599
1434.6,0.00333669798,0.6861971603165455,0.6051443243229339
1434.7,0.00333638956,0.6865445387826237,0.6050588038877178
1434.8,0.003336097745,0.6871551135980342,0.6050326017483498
1434.9,0.00333582214,0.6879090330030426,0.6050957188580346
1435.0,0.003335561525,0.6886325166584231,0.605251949632379
1435.1,0.003335313215,0.6892893796999916,0.6054631796409915
1435.2,0.003335074615,0.6900292750353944,0.6057445318825875
1435.3,0.003334844635,0.6910063920320698,0.6061393791853428
1435.4,0.003334623495,0.6921755483044739,0.6066250580998542
1435.5,0.003334411045,0.693365099796385,0.6071533257010148
1435.6,0.00333420671,0.6944928561608001,0.6076805207624434
1435.7,0.003334010015,0.6955695490782238,0.6081939738692866
1435.8,0.0033338209,0.6966121871312825,0.6086873697919923
1435.9,0.00333364109,0.6976476497867202,0.6091430527798473
1436.0,0.00333347271,0.6986650797003265,0.6095501755417372
1436.1,0.00333331725,0.6996149967878073,0.6099132324401123
1436.2,0.00333317319,0.7004705969806418,0.6102533890129982
1436.3,0.003333039825,0.7012404819595158,0.6105740802778026
1436.4,0.00333291779,0.7019019882750263,0.6108508759534138
1436.5,0.003332807025,0.7023453800957834,0.6110981997200232
1436.6,0.003332706325,0.7024702521205782,0.6113785328289625
1436.7,0.003332616025,0.7022817251454363,0.611713033278435
1436.8,0.00333253763,0.7018921299572793,0.6120643450185154
1436.9,0.003332472655,0.7014583514100422,0.612403832432166
1437.0,0.003332424245,0.7010948628568366,0.612729361749657
1437.1,0.00333239562,0.700885192963136,0.6130772409856039
1437.2,0.003332391445,0.7008534565941494,0.6134214985935399
1437.3,0.003332413235,0.7008392565953553,0.6137300645673385
1437.4,0.003332459865,0.7007091066949023,0.6140006254381694
1437.5,0.003332529005,0.700465488750987,0.614210264544262
1437.6,0.003332618,0.7001527243527663,0.6143082388810754
1437.7,0.003332726805,0.6998366801318151,0.6142837583344816
1437.8,0.00333285508,0.6995569464387541,0.6142013097485621
1437.9,0.00333300264,0.6992909917710719,0.6141054415354638
1438.0,0.003333169115,0.6989675208250876,0.613993467005149
1438.1,0.00333335326,0.6985161493589905,0.6138687363520234
1438.2,0.003333553365,0.6979265101170234,0.6137661620952467
1438.3,0.003333768445,0.6972617868106358,0.6136638008384518
1438.4,0.0033339991,0.6965864135051524,0.6135152393200933
1438.5,0.00333424415,0.6959096390493454,0.6133419679188772
1438.6,0.00333450189,0.6951924825615693,0.6131632684738741
1438.7,0.003334770735,0.6943903271429576,0.612958565438159
1438.8,0.003335049365,0.693496047661372,0.6127479568365736
1438.9,0.00333533993,0.6925908857028343,0.612564909427338
1439.0,0.003335644425,0.6918000086018491,0.6123866963008778
1439.1,0.00333596207,0.6911638989213502,0.6121609923465918
1439.2,0.003336290295,0.6906426144523401,0.6119035074127036
1439.3,0.00333662695,0.6902367835133494,0.6116992014742998
1439.4,0.00333697016,0.6900097343290892,0.6115886959527097
1439.5,0.00333731687,0.6900152069834917,0.6115663962997361
1439.6,0.00333766515,0.6902372170531356,0.6116371895769105
1439.7,0.003338014595,0.6906200326843461,0.6118137326327161
1439.8,0.003338362805,0.691141926622331,0.6120806743888102
1439.9,0.003338708375,0.6917843509040636,0.6123853454160367
1440.0,0.003339049985,0.6924592027051666,0.612700513760956
1440.1,0.00333938522,0.6930201592062062,0.6130631031903443
1440.2,0.00333971215,0.6934116456331406,0.6134777783409734
1440.3,0.00334003018,0.6937363229507039,0.6138676204583129
1440.4,0.003340339315,0.6941187301748694,0.6141762442374163
1440.5,0.003340641665,0.6945684491632308,0.6144311009148905
1440.6,0.003340937975,0.6950747168193568,0.6146690796999925
1440.7,0.003341226565,0.6956283031440312,0.6148883917698655
1440.8,0.00334150414,0.6961367196495323,0.6150997995926221
1440.9,0.00334176808,0.6965699452764622,0.6152852320990003
1441.0,0.003342017425,0.6969945880722627,0.6153998926910339
1441.1,0.003342253605,0.6973850314904361,0.6154251096269457
1441.2,0.003342477085,0.6976979969505868,0.615392175054521
1441.3,0.003342686915,0.6980183891357704,0.6153548083231808
1441.4,0.0033428831,0.6984356868879468,0.6153076360528501
1441.5,0.00334306671,0.6989222127758375,0.6152443681467179
1441.6,0.00334323605,0.6994361522012237,0.6151922528945061
1441.7,0.003343389155,0.6999922832159474,0.6151471704116085
1441.8,0.003343524225,0.7005775682104964,0.6150605667552456
1441.9,0.00334363938,0.7011442549765363,0.6149247569614679
1442.0,0.00334373133,0.7016463820135449,0.614798033281963
1442.1,0.00334379709,0.7020443903868282,0.6147160810676829
1442.2,0.00334383552,0.702342326467724,0.6146565246391118
1442.3,0.00334384709,0.7025524927330639,0.6145980300688575
1442.4,0.003343830805,0.7026700134310494,0.6145376467730999
1442.5,0.00334378454,0.7027110740470318,0.6144912033522648
1442.6,0.00334370918,0.7027217931611659,0.6144499586389529
1442.7,0.00334360747,0.7027022775876017,0.6143844627153109
1442.8,0.003343481545,0.7026016021094248,0.6143024721736005
1442.9,0.003343332645,0.7023904619503624,0.6142292096046001
1443.0,0.003343164135,0.7020768430389398,0.6141772394939689
1443.1,0.00334298066,0.7016913319212326,0.6141411463642904
1443.2,0.00334278632,0.7012785454961067,0.614087416961773
1443.3,0.003342583785,0.7009246953491622,0.613981582988459
1443.4,0.003342375025,0.7007113120929451,0.6138281853023694
1443.5,0.00334216091,0.7006437238685959,0.6136396181148416
1443.6,0.00334194257,0.7006898487319358,0.6134149546560425
1443.7,0.0033417222,0.7007944386345591,0.613188584684114
1443.8,0.003341501635,0.7009036152624567,0.6130078746198127
1443.9,0.003341282155,0.7010171335714015,0.6128672764105124
1444.0,0.003341065025,0.7011634878067616,0.612755657508486
1444.1,0.003340850525,0.7013322667304831,0.6126795995503426
1444.2,0.003340638055,0.7015150634406249,0.6126051852734755
1444.3,0.00334042601,0.7017638398796773,0.6124862860446337
1444.4,0.00334021142,0.7021063174612158,0.6123232009434376
1444.5,0.0033399912,0.702474153978654,0.6121495732856146
1444.6,0.00333976401,0.7027431936903221,0.6119918326618408
1444.7,0.00333952884,0.702832923859694,0.6118465415414346
1444.8,0.00333928618,0.7027604284676197,0.611726696693204
1444.9,0.00333903835,0.7025628348560795,0.6116551067081325
1445.0,0.003338790855,0.7022066033819037,0.6116296466129493
1445.1,0.00333854887,0.7016325275899427,0.6116109742428534
1445.2,0.00333831462,0.7008487442051691,0.6115568219819649
1445.3,0.003338089385,0.6999319709201838,0.6114719380334206
1445.4,0.003337874695,0.6990209279001987,0.6113995111280661
1445.5,0.00333767374,0.698251847169044,0.61132960378002
1445.6,0.00333748897,0.6976498112024659,0.6112075981443622
1445.7,0.00333732142,0.6971388060246184,0.6109788964823661
1445.8,0.003337170675,0.6966136008479765,0.6106314872286801
1445.9,0.00333703516,0.6959903905469133,0.610194463416232
1446.0,0.003336914635,0.6952461849463897,0.6097029386261107
1446.1,0.003336809385,0.6944064874955677,0.6091930374039215
1446.2,0.003336718865,0.6935123650936148,0.6087138044092167
1446.3,0.00333664098,0.6926060595953513,0.6083281073092243
1446.4,0.00333657595,0.6917462433851755,0.6080563997570748
1446.5,0.003336524725,0.6909900620334565,0.6078665514280627
1446.6,0.003336488155,0.6903413671327873,0.6077330130057736
1446.7,0.003336465865,0.6897901621353444,0.6076441706504857
1446.8,0.00333645802,0.689337640846336,0.6076027933619639
1446.9,0.003336465755,0.6889694964528177,0.607603747777812
1447.0,0.0033364882,0.6886463396660989,0.6076143977769076
1447.1,0.00333652403,0.6883309049141225,0.6076408330224505
1447.2,0.00333657403,0.6880108960032426,0.6077070037601946
1447.3,0.00333664065,0.6876416332027396,0.6077582098354926
1447.4,0.003336725635,0.6871765706758581,0.6077527937297577
1447.5,0.00333682763,0.6866437942609211,0.6077635530562777
1447.6,0.003336946435,0.6861067138640488,0.6078278608295782
1447.7,0.003337083,0.6856202445248257,0.6079126297958315
1447.8,0.00333723757,0.6852553673876671,0.6079910313820944
1447.9,0.003337411,0.6850818069599269,0.6080576808985589
1448.0,0.003337602925,0.6851186327090123,0.6081119443718274
1448.1,0.003337813105,0.6853239106561831,0.6081339813876552
1448.2,0.003338042665,0.6856419089477649,0.6081224052470453
1448.3,0.003338291775,0.6860794197070743,0.6081189865659196
1448.4,0.003338560355,0.6866991993889598,0.6081482228554724
1448.5,0.003338846835,0.6875188283459108,0.6082239653977134
1448.6,0.0033391486,0.6884680794157488,0.6083469895377095
1448.7,0.00333946438,0.6894185871226484,0.6084498408829583
1448.8,0.00333979407,0.6902396235131082,0.6084919074369083
1448.9,0.00334013644,0.6909374340733236,0.6085346230439007
1449.0,0.003340492115,0.6916416723321082,0.6086283801067359
1449.1,0.003340861075,0.6924307524420956,0.608757664812572
1449.2,0.003341242815,0.6933103544028035,0.6088852128459893
1449.3,0.003341637215,0.6942765323738592,0.6090298454885752
1449.4,0.003342044925,0.6952991710480851,0.6092538605226506
1449.5,0.003342467395,0.696285009105967,0.6095730714689965
1449.6,0.00334290742,0.6971498392980178,0.6099579668345438
1449.7,0.00334336745,0.6979600560433785,0.6103797306748364
1449.8,0.00334384847,0.6988309872083627,0.6108047203024658
1449.9,0.00334434966,0.6997298094329253,0.6111921364819582
1450.0,0.00334486823,0.7005492247615758,0.6115025440573704
1450.1,0.003345399425,0.7013031001842872,0.6117292300735199
1450.2,0.003345938345,0.7020551220673329,0.6118962233159769
1450.3,0.0033464825,0.7027577706802347,0.6120128926423534
1450.4,0.003347029355,0.7033849016889296,0.6121085535103366
1450.5,0.003347574585,0.7040123531400753,0.6122189735806065
1450.6,0.00334811339,0.7045186647784983,0.6123424463400334
1450.7,0.00334864117,0.7046512902539623,0.6124796114168818
1450.8,0.003349152495,0.704469015048201,0.612626271015048
1450.9,0.00334964308,0.7042740540913046,0.6127545623492869
1451.0,0.00335011227,0.7042251646264294,0.612841168518924
1451.1,0.0033505601,0.7042236126796585,0.6129150367869879
1451.2,0.003350981875,0.704084408709178,0.6129606407742659
1451.3,0.00335137294,0.7037018821044916,0.6129344512012685
1451.4,0.003351728325,0.7030597845483949,0.6128357517848707
1451.5,0.003352044885,0.7021799626762012,0.6127023786103553
1451.6,0.00335232156,0.7010863805566719,0.6125546609237834
1451.7,0.00335255701,0.6998124144701589,0.6124016810695169
1451.8,0.00335275045,0.6984197464468225,0.6122549712058684
1451.9,0.003352902275,0.6969710701096579,0.6121205657040069
1452.0,0.00335301471,0.6955159849234801,0.6119793573974134
1452.1,0.003353088205,0.6941237692894858,0.6118294569322658
1452.2,0.003353122905,0.6928827773594647,0.6117027847748805
1452.3,0.00335312333,0.6918379150588073,0.6116107273136708
1452.4,0.003353095115,0.6909531231870356,0.6115389777356925
1452.5,0.003353041415,0.6901448165300081,0.6114843925633364
1452.6,0.00335296465,0.6893571061544177,0.6114245207188628
1452.7,0.00335287029,0.6886202581638888,0.6113222392585215
1452.8,0.00335276423,0.6880130699853589,0.6111775569787715
1452.9,0.00335265081,0.6875636840058188,0.611049726830334
1453.0,0.00335253439,0.6872447872187382,0.6109677312620753
1453.1,0.003352419945,0.6870449630764139,0.6108822629772973
1453.2,0.003352309485,0.6869771235246523,0.6107309060697956
1453.3,0.003352201985,0.6870490408636784,0.6105033347528364
1453.4,0.00335209654,0.6872150426194941,0.6102354737667318
1453.5,0.00335199401,0.6873493394222496,0.6099583752415887
1453.6,0.003351894835,0.6873245459730276,0.6096982080158929
1453.7,0.003351795515,0.6871774817377277,0.6094844408570534
1453.8,0.003351694135,0.6870597097123299,0.6092885795197025
1453.9,0.003351590805,0.6870063780354426,0.6090518818760845
1454.0,0.003351484275,0.686962062729471,0.6088270613376527
1454.1,0.00335137396,0.6869621318445094,0.6086819788189988
1454.2,0.00335125896,0.6870714027201866,0.6086162887449308
1454.3,0.00335113962,0.6872581955361837,0.6086209445852434
1454.4,0.003351018395,0.6874268802121255,0.6086783138370091
1454.5,0.003350894675,0.6875009840996384,0.6087555599454941
1454.6,0.003350764265,0.6875235658676324,0.608820039878072
1454.7,0.003350624605,0.6875953261270257,0.6088456469997914
1454.8,0.00335047521,0.6877691692981048,0.6088214881522852
1454.9,0.003350316165,0.6880232550287418,0.6087745892005155
1455.0,0.003350147685,0.6882851256259744,0.6087432650084851
1455.1,0.00334997024,0.6885131801198838,0.6087116184890483
1455.2,0.003349784515,0.6887124639082717,0.6086389245483185
1455.3,0.003349591925,0.6888807150444273,0.6085381083267907
1455.4,0.00334939522,0.6889966837956419,0.6084380416892698
1455.5,0.003349197715,0.6890717992759893,0.60837116786309
1455.6,0.00334900177,0.689140725818809,0.6083609627135141
1455.7,0.00334880897,0.6892155208567057,0.6084007905685392
1455.8,0.00334861826,0.6892699709405777,0.6084443588037778
1455.9,0.003348429045,0.6892650449232969,0.6084325043180587
1456.0,0.00334824085,0.6891817110365678,0.6083515869443987
1456.1,0.00334805325,0.68905207635731,0.6082565286338865
1456.2,0.003347866555,0.6889403173402512,0.6082317119368786
1456.3,0.00334768267,0.6888738915051837,0.6083249066546288
1456.4,0.00334750379,0.6888160233685046,0.6084842274995074
1456.5,0.003347329675,0.6887472224893909,0.6086514287153982
1456.6,0.003347157345,0.6886947139097789,0.6088384634340297
1456.7,0.003346983505,0.6886833539107435,0.6090318102406207
1456.8,0.003346805235,0.6887031710772024,0.6091999759254563
1456.9,0.00334661988,0.6887251182434803,0.6093423987717697
1457.0,0.003346427015,0.6887458653213646,0.609469867637052
1457.1,0.003346226635,0.6888162872622875,0.6095897847419136
1457.2,0.00334601915,0.6889896152121714,0.6097388960389866
1457.3,0.003345805285,0.6892385487308564,0.6099584632061831
1457.4,0.003345587855,0.6894823928694428,0.6102034270083911
1457.5,0.00334536881,0.6896830966577101,0.6104223620871456
1457.6,0.0033451497,0.6898873315961199,0.6106207084242857
1457.7,0.00334493185,0.6901228190982477,0.6108126748150647
1457.8,0.00334471709,0.6903595381046957,0.6110244690537177
1457.9,0.00334450778,0.6906313801170109,0.6112983556145317
1458.0,0.003344307005,0.6910066559258528,0.6116141497647076
1458.1,0.003344116635,0.6914536731445321,0.6119080589521401
1458.2,0.00334393749,0.691861615233786,0.6121517353296787
1458.3,0.003343768095,0.6921437805195608,0.6123571967458606
1458.4,0.00334360799,0.6922267374151715,0.612541938101855
1458.5,0.0033434595,0.6920845363652994,0.6127126824059405
1458.6,0.00334332498,0.691882663904565,0.6128820469225326
1458.7,0.003343206275,0.691842696562826,0.613097708461742
1458.8,0.00334310447,0.6919784824804995,0.6133935761180348
1458.9,0.00334302121,0.6921416945020389,0.6137143886483155
1459.0,0.00334295778,0.6922318330784556,0.6139658297862567
1459.1,0.00334291481,0.6922490238734561,0.6141339866746328
1459.2,0.00334289211,0.6922191096282085,0.6142510706912394
1459.3,0.003342888975,0.6921840306046385,0.6143157856149478
1459.4,0.00334290473,0.6922149752922764,0.6143294791890063
1459.5,0.00334293877,0.6923435418300319,0.6143156115707148
1459.6,0.00334299132,0.6924820734996847,0.6142687452915085
1459.7,0.00334306024,0.692499917745957,0.6141860824489702
1459.8,0.00334314318,0.6923346511228223,0.6140755203787125
1459.9,0.003343238625,0.6920257446003801,0.6139334983996216
1460.0,0.00334334405,0.6916357535715488,0.613788810465005
1460.1,0.0033434562,0.6912034892719708,0.6136594918299683
1460.2,0.00334357279,0.6907726386890869,0.6135542597858065
1460.3,0.00334369608,0.6903957920839181,0.6134171273815217
1460.4,0.003343827635,0.6900900522868707,0.6132141723279588
1460.5,0.00334396387,0.6898328375299508,0.612964058827073
1460.6,0.003344104055,0.6896014780805698,0.6126647228524907
1460.7,0.003344246425,0.6893972494253452,0.6122952520785542
1460.8,0.003344388265,0.6892175817414865,0.6118521536825509
1460.9,0.00334452694,0.689022294058954,0.6113815418464061
1461.0,0.00334466246,0.6887396638174664,0.6109029220905874
1461.1,0.00334479425,0.6883114333228556,0.6104309323519047
1461.2,0.00334492049,0.6877565715115639,0.6099859848144655
1461.3,0.003345039585,0.6871550256334398,0.6095882428482393
1461.4,0.00334515205,0.6865292832086978,0.6092384635770554
1461.5,0.003345256785,0.6858707802557642,0.6089275476919519
1461.6,0.00334535247,0.6852377807519924,0.6086066333740693
1461.7,0.003345438955,0.6847063175227845,0.6082340147242937
1461.8,0.003345514675,0.6843103009192436,0.6078472532527103
1461.9,0.003345579065,0.6840485622689024,0.6074763769302204
1462.0,0.00334563126,0.6838640125500599,0.6071052298024439
1462.1,0.003345669765,0.6837366461006982,0.6067370722142365
1462.2,0.003345693215,0.6836841123883448,0.6064095894544337
1462.3,0.003345700145,0.6836840935387889,0.6061344965220405
1462.4,0.003345690045,0.6837438466310601,0.605880195906466
1462.5,0.00334566337,0.6839378776765311,0.6056376882013945
1462.6,0.00334562017,0.6842958998585196,0.6054563177743175
1462.7,0.00334556059,0.684756991412287,0.6053800254533621
1462.8,0.003345486615,0.6852475699547009,0.6053917385674118
1462.9,0.00334540027,0.685735471860174,0.6054513948986293
1463.0,0.00334530339,0.6862453397814811,0.6055299265468281
1463.1,0.003345197885,0.6868400872531027,0.605604204478574
1463.2,0.003345085475,0.6875514255112845,0.6056980451077738
1463.3,0.003344968085,0.6883298556221763,0.6058771799775186
1463.4,0.00334484836,0.6891091842285669,0.6061516207152767
1463.5,0.003344727205,0.6898775989420791,0.6064862304921735
1463.6,0.00334460589,0.6906706751579219,0.6068405298868674
1463.7,0.00334448532,0.691517591988662,0.6071749140974116
1463.8,0.00334436554,0.6923887556315024,0.6074987362734546
1463.9,0.003344247065,0.6932078253849611,0.607785199886298
1464.0,0.003344130295,0.6939286324034007,0.6080255945561508
1464.1,0.003344015965,0.6945833403124089,0.6082758808446326
1464.2,0.003343905825,0.6952363957436811,0.6085895833224196
1464.3,0.00334380033,0.6958732719727875,0.6089342914347421
1464.4,0.003343701675,0.6963980059105312,0.609228086268202
1464.5,0.003343612305,0.6967565181809736,0.6094724255217905
1464.6,0.00334353088,0.6969443665721023,0.6097237108367362
1464.7,0.00334345649,0.6969584471903758,0.6099749842136297
1464.8,0.003343390045,0.6968210276445224,0.610198862902584
1464.9,0.003343335025,0.6965889644783871,0.6103944213904032
1465.0,0.003343296975,0.6962825460973265,0.6105999889924166
1465.1,0.00334328013,0.6958551386999909,0.6108414417506751
1465.2,0.00334328626,0.6952579973347672,0.6111245922399061
1465.3,0.0033433171,0.6945127298759267,0.611437349726623
1465.4,0.00334337412,0.6937405641007862,0.6117610355575448
1465.5,0.00334345652,0.6930966004386534,0.6121151332619903
1465.6,0.00334356427,0.6926299105667773,0.6125048032200524
1465.7,0.00334369936,0.6922197505131099,0.6128841090639504
1465.8,0.003343860295,0.6916984597609144,0.6132061336206769
1465.9,0.00334404244,0.691071297336293,0.6134700142088894
1466.0,0.003344241385,0.6905378737532695,0.6136933054200173
1466.1,0.00334445346,0.6902125367012489,0.613861016830555
1466.2,0.003344674465,0.6899217885843445,0.6139818556787013
1466.3,0.003344901145,0.6894337484487947,0.6140834302806957
1466.4,0.003345131495,0.6886858986007929,0.6141543743543176
1466.5,0.003345363395,0.6877454251408289,0.6141680968310285
1466.6,0.0033455943,0.6867519027473165,0.6141225299145437
1466.7,0.00334582143,0.6859081903410831,0.6140338879928672
1466.8,0.003346043525,0.6853545977332234,0.613924064196883
1466.9,0.003346260085,0.6850643020056612,0.6137781265367086
1467.0,0.0033464688,0.6849280197163484,0.6135809959959256
1467.1,0.00334666651,0.6848594638814617,0.613330426964105
1467.2,0.003346851255,0.6848724323759358,0.6130461348201037
1467.3,0.00334702158,0.6850058746654897,0.6127454272261689
1467.4,0.003347176475,0.6851614086345836,0.612407858697311
1467.5,0.00334731421,0.685199095180056,0.6120254106324409
1467.6,0.003347432585,0.6851345919996925,0.6116505325492289
1467.7,0.003347531685,0.6850482044849041,0.611324963019352
1467.8,0.00334761249,0.6849965315689379,0.6110852984556321
1467.9,0.003347674915,0.6850178629830557,0.6109813123671167
1468.0,0.0033477196,0.6850990731531511,0.6109776894824687
1468.1,0.00334774717,0.6852393452651337,0.6109834492784397
1468.2,0.003347755685,0.6854749207318559,0.6109757793941353
1468.3,0.00334774257,0.6858267225603902,0.6109885172957085
1468.4,0.00334770634,0.6862307250924565,0.6110047524182237
1468.5,0.003347646785,0.6865685845327942,0.6110223616733655
1468.6,0.003347563455,0.6867959604426904,0.6111127013117122
1468.7,0.003347457905,0.6870201193617094,0.6112872186685747
1468.8,0.003347332745,0.6873982414534954,0.6114770783073203
1468.9,0.003347190285,0.6879697160067393,0.6116549464869072
1469.0,0.00334703232,0.6886447374538456,0.6118585587616531
1469.1,0.00334686094,0.689305998725129,0.6120972601130655
1469.2,0.00334667916,0.6898647938104231,0.6123585155864566
1469.3,0.00334648944,0.6902545272286568,0.6126545409507005
1469.4,0.003346293935,0.6904738983604717,0.61298761009056
1469.5,0.00334609473,0.6906613383445555,0.6133348214239088
1469.6,0.00334589552,0.6910097472530239,0.6136978268001644
1469.7,0.00334570058,0.69161961835168,0.6141196321094801
1469.8,0.003345514425,0.6924145983726708,0.6146105103598332
1469.9,0.00334533879,0.6931942034392151,0.6151063956805576
1470.0,0.00334517468,0.6938317896682611,0.6155500055278448
1470.1,0.00334502346,0.6943970375848656,0.6159556806438399
1470.2,0.0033448865,0.695045694786423,0.6163687472990304
1470.3,0.003344765955,0.6958447274619369,0.6167766887599657
1470.4,0.003344663925,0.6967020869466575,0.6171461300029314
1470.5,0.003344579915,0.6974724368812443,0.6174722191522332
1470.6,0.003344512425,0.6981026152348132,0.61775153124356
1470.7,0.00334446106,0.6986455515603919,0.6179760508174156
1470.8,0.003344426075,0.6991940045226703,0.6181763681897864
1470.9,0.003344406555,0.699800740311858,0.6183530840331879
1471.0,0.00334440093,0.7004634655653181,0.6184681278995253
1471.1,0.003344407295,0.7011358983400778,0.6185467820698377
1471.2,0.00334442193,0.7017235269627464,0.6186165788338225
1471.3,0.00334444033,0.7021310480785848,0.6186877220844186
1471.4,0.003344459205,0.7023042503647625,0.6187553599459319
1471.5,0.003344476065,0.7022345321405941,0.6188040891895816
1471.6,0.003344486675,0.7019582981817493,0.618779080855422
1471.7,0.003344488405,0.7015273156519738,0.6186729974396512
1471.8,0.003344480035,0.7009951675555676,0.6185380107431488
1471.9,0.003344461865,0.7004152861003827,0.618377090199291
1472.0,0.003344432515,0.6998302210173193,0.618175909517259
1472.1,0.003344391385,0.6992742784981548,0.61794039688239
1472.2,0.003344337955,0.6987925718133945,0.6177118786894049
1472.3,0.0033442745,0.6983982768026278,0.6174999085215633
1472.4,0.00334420234,0.6980572946191925,0.6172843946372086
1472.5,0.003344121515,0.6977217411078626,0.6170433308081207
1472.6,0.00334403466,0.6973775105176234,0.6167352863387027
1472.7,0.003343943555,0.6970600400136076,0.6163429900091821
1472.8,0.00334384817,0.6967917794169175,0.6159305899999528
1472.9,0.00334375025,0.6965486201455297,0.6155497265544172
1473.0,0.00334365167,0.6963108015816529,0.6152084471763167
1473.1,0.00334355286,0.6960899413349202,0.6149150576083092
1473.2,0.003343454195,0.695905253386001,0.614647652781458
1473.3,0.003343356065,0.6957457735765342,0.6143691015838719
1473.4,0.00334326072,0.6955637811141118,0.6141059064911766
1473.5,0.00334316958,0.6953150989228388,0.6138923479340893
1473.6,0.00334308283,0.6950336373538185,0.6137012737556239
1473.7,0.00334300078,0.6947746318890858,0.6135166065412161
1473.8,0.003342923265,0.6945110145663379,0.6133669580317994
1473.9,0.003342850525,0.6941677767193772,0.6132793201631349
1474.0,0.00334278252,0.6937535325952603,0.6132551983864222
1474.1,0.003342719485,0.6933931856347081,0.6132716465089192
1474.2,0.00334265978,0.6932233448526698,0.6133064471873801
1474.3,0.00334260194,0.6932868552897548,0.6133770909247444
1474.4,0.003342544145,0.6935390937639114,0.6135002388434909
1474.5,0.00334248629,0.6938836510797866,0.6136561586001626
1474.6,0.003342428355,0.6941950017613133,0.6138170244803083
1474.7,0.003342369425,0.6943816500640483,0.6139756937588705
1474.8,0.003342308115,0.6944409382006069,0.6141403044174593
1474.9,0.003342243375,0.6944596935087488,0.6143003541118334
1475.0,0.00334217502,0.6945007227088047,0.614442207701558
1475.1,0.00334210366,0.6945219787246989,0.614541750321424
1475.2,0.00334203146,0.6944270460778927,0.6145845344151363
1475.3,0.00334196041,0.69417049105543,0.6145808399021756
1475.4,0.00334189308,0.6938348432963204,0.6145410076489207
1475.5,0.003341832095,0.6935427505777603,0.6144853015563058
1475.6,0.003341780965,0.6932990069701388,0.6144422969227894
1475.7,0.003341741305,0.6930614962823421,0.6144453360995225
1475.8,0.00334171366,0.6928407868320569,0.614490725201863
1475.9,0.003341697125,0.6926231184434603,0.6145496947809265
1476.0,0.00334168958,0.6923706726241884,0.614586524299923
1476.1,0.00334168944,0.6920904991081559,0.6145827682117464
1476.2,0.003341697785,0.6917855258597161,0.614545923613105
1476.3,0.003341716395,0.6914331396949482,0.6145219991284109
1476.4,0.00334174656,0.6910212391989506,0.6145756977433202
1476.5,0.00334178905,0.6905654883526944,0.6147094818381548
1476.6,0.003341845715,0.6901129544973155,0.614883676867611
1476.7,0.0033419181,0.6898224765573793,0.6151193528652981
1476.8,0.00334200896,0.6898337485918203,0.6154368001215283
1476.9,0.0033421207,0.6900628712272319,0.6157734425088719
1477.0,0.00334225277,0.6903422781946569,0.616075729695593
1477.1,0.00334240432,0.6906058452519225,0.6163364894256633
1477.2,0.003342575125,0.6908463216031842,0.616566585326479
1477.3,0.003342766415,0.6909956666347505,0.6167688159287759
1477.4,0.00334297919,0.6909161403583175,0.6169061896073765
1477.5,0.00334321332,0.6906462524166329,0.6169499142939291
1477.6,0.003343466445,0.6907674362116525,0.616929548605393
1477.7,0.00334373698,0.6916531328621085,0.6168807081493632
1477.8,0.003344023485,0.6927371079913031,0.6167841638655257
1477.9,0.00334432427,0.6935460932323436,0.6166366057718607
1478.0,0.00334463807,0.6940783418597148,0.6165013815709538
1478.1,0.00334496316,0.6943779995333849,0.6163840939791432
1478.2,0.00334529577,0.6944442808551903,0.6162350254077303
1478.3,0.003345630475,0.694318950157868,0.6160552854672405
1478.4,0.003345961325,0.6940646759316718,0.6158598784041872
1478.5,0.003346282645,0.6937563034799806,0.6156220384774804
1478.6,0.003346588875,0.693464405540165,0.6153072157077529
1478.7,0.00334687533,0.6931528537967085,0.6148735075321914
1478.8,0.003347136825,0.6927080482592574,0.6143281917643368
1478.9,0.003347369505,0.6921325084851196,0.6137343855138742
1479.0,0.00334757238,0.6916027982646127,0.6131436636790788
1479.1,0.003347744615,0.6912749856375812,0.6125699730463771
1479.2,0.003347884555,0.6911171583058501,0.6120076926781932
1479.3,0.003347990835,0.6910021131828756,0.6114608218219751
1479.4,0.00334806339,0.6908653533714796,0.6109366829018799
1479.5,0.00334810351,0.6907048242700664,0.6104338025109529
1479.6,0.00334811217,0.6905294542849578,0.6099585159849396
1479.7,0.003348090445,0.6903651364228044,0.6095406942151087
1479.8,0.0033480394,0.6902310972306464,0.6091880460415134
1479.9,0.003347960585,0.690109322816208,0.6088768800856348
1480.0,0.003347858575,0.689956880174285,0.608594140516723
1480.1,0.003347739085,0.6897641685977286,0.6083289586808334
1480.2,0.00334760686,0.6895557804738307,0.6080700223311393
1480.3,0.003347466115,0.6893738382768907,0.6078414689523165
1480.4,0.00334732127,0.6892647244808462,0.6076722822498686
1480.5,0.003347176825,0.6892344835099627,0.6075423089069228
1480.6,0.003347034175,0.6892469305000563,0.6073954595565604
1480.7,0.00334689307,0.6892861815586703,0.6072147890763266
1480.8,0.00334675138,0.6893311817318402,0.6070235282872575
1480.9,0.00334660755,0.6892835112049147,0.6068089556240618
1481.0,0.003346458695,0.6890978242295316,0.60659657076599
1481.1,0.003346304205,0.6888350362872442,0.6064424486286346
1481.2,0.003346144025,0.68852148649086,0.6063629072725568
1481.3,0.003345976525,0.6881250489139035,0.6063379165313161
1481.4,0.00334580011,0.6876771583324665,0.6063769765810967
1481.5,0.00334561593,0.6872439138559805,0.6065047539507776
1481.6,0.003345424345,0.686823851502269,0.6066983885272558
1481.7,0.003345226615,0.6863888917161942,0.6069297498615923
1481.8,0.00334502373,0.6859445260017145,0.6072195498458339
1481.9,0.00334481724,0.6854921115268563,0.6075710280903249
1482.0,0.003344608985,0.6853363576462767,0.6079596493847592
1482.1,0.003344400375,0.6856090101894965,0.6083647791202698
1482.2,0.00334419248,0.6861045775810443,0.6087648867057641
1482.3,0.003343985075,0.686745776641642,0.609163246309106
1482.4,0.003343778515,0.6874426384408759,0.6095719511770563
1482.5,0.003343575195,0.6881539892654283,0.6099921831767711
1482.6,0.00334337768,0.6889317282259363,0.6104140437781175
1482.7,0.00334318809,0.689888682480961,0.6108647705894021
1482.8,0.003343008755,0.6910620799034474,0.6113594727863332
1482.9,0.003342841715,0.6923417071399223,0.6118687136457466
1483.0,0.00334268857,0.6935591245586707,0.6123637224621206
1483.1,0.003342551885,0.694593468807124,0.612822113502843
1483.2,0.003342433825,0.6954518964333468,0.6132279972205903
1483.3,0.00334233598,0.6962534737989102,0.6135718250586513
1483.4,0.003342258195,0.6970431445283165,0.6138522329374957
1483.5,0.003342198135,0.6977563740252757,0.6140856463601535
1483.6,0.00334215203,0.698329205746546,0.6142806921400517
1483.7,0.00334211415,0.6987142644749113,0.6144531215944365
1483.8,0.00334207934,0.6988593306572833,0.6146288899334937
1483.9,0.003342044465,0.6987337863316606,0.6147964197599761
1484.0,0.003342005145,0.6983427648604389,0.6149226068554557
1484.1,0.00334195637,0.6977676460597169,0.6149998642736744
1484.2,0.00334189544,0.697119673725358,0.6150292576428599
1484.3,0.00334182139,0.6964454942250828,0.6149721981521298
1484.4,0.003341730635,0.6957423995060242,0.6148198547845348
1484.5,0.00334161855,0.6949988033744755,0.6146148463860136
1484.6,0.003341482525,0.6942052370701787,0.6143786426007608
1484.7,0.0033413217,0.6933537083814232,0.6140988881731884
1484.8,0.00334113524,0.6924500795201005,0.6137560719279619
1484.9,0.00334092211,0.6915262942003124,0.6133465251131806
1485.0,0.00334068108,0.690616369587312,0.6128863948867651
1485.1,0.003340410785,0.6897342543524811,0.612401275175746
1485.2,0.00334011162,0.688892552565546,0.6118766800963976
1485.3,0.00333978536,0.6881113327203778,0.6112991837383552
1485.4,0.003339431085,0.6873942076485282,0.6106970158248858
1485.5,0.00333904893,0.6867349067310605,0.6101125715205308
1485.6,0.003338640945,0.6861283280215055,0.6095735257432943
1485.7,0.003338208285,0.685574433820751,0.6090514841504546
1485.8,0.00333775067,0.6850804560750858,0.6085221245316877
1485.9,0.00333726862,0.6846639185883318,0.6080340410421592
1486.0,0.00333676526,0.6843375259611797,0.6076395839252114
1486.1,0.00333624761,0.6840988654504717,0.6073297456063883
1486.2,0.00333572178,0.6839334291813337,0.6070742241679085
1486.3,0.003335192475,0.6838399667998893,0.6068508946293502
1486.4,0.003334664655,0.6838189998105194,0.6066338338247728
1486.5,0.00333414285,0.6838742352925548,0.6064179680820407
1486.6,0.003333631375,0.6840238505010893,0.606211996471212
1486.7,0.003333134235,0.6842554110124002,0.6060087228601541
1486.8,0.003332656395,0.6845183120520232,0.6058200890708619
1486.9,0.003332201025,0.684808720876921,0.6056753496141257
1487.0,0.003331769395,0.6851523734141118,0.6055848164536717
1487.1,0.00333136115,0.6855408187793576,0.605555349571218
1487.2,0.003330975555,0.6859797432553613,0.605597148461474
1487.3,0.003330612055,0.6864888446280608,0.6057218809995552
1487.4,0.00333026858,0.687075034401294,0.6059574074574318
1487.5,0.003329944925,0.6876797344384424,0.6063055072331831
1487.6,0.003329640465,0.6882183227997886,0.6067179298618797
1487.7,0.003329354635,0.688676901079433,0.6071500345685508
1487.8,0.003329087775,0.6890809915760936,0.6075869534518045
1487.9,0.003328840045,0.6894670179149961,0.6080543275625605
1488.0,0.00332861079,0.6898400883257952,0.6085857273315967
1488.1,0.00332840031,0.6902018552862267,0.6091371434440659
1488.2,0.003328209255,0.6905791982630347,0.6096551568868052
1488.3,0.00332803749,0.6909864240691637,0.6101455915442756
1488.4,0.00332788506,0.691431663146401,0.6106522374481571
1488.5,0.003327751375,0.6919324644313097,0.6112137669756967
1488.6,0.003327636775,0.6924799058007537,0.6117878056968645
1488.7,0.00332754197,0.6930179600913486,0.6122881489375644
1488.8,0.00332746719,0.6934746094331039,0.6126914113104016
1488.9,0.00332741139,0.6938076182543844,0.6130141113095486
1489.0,0.003327373475,0.6939984762912753,0.6132620822442447
1489.1,0.00332735414,0.6940334547838803,0.6134291854424447
1489.2,0.003327354595,0.6939027959454176,0.6135592963871487
1489.3,0.00332737221,0.6936190095978335,0.6137384683276867
1489.4,0.003327405165,0.6932180858265676,0.6139729429803431
1489.5,0.003327453395,0.6927443839198888,0.6142148110571503
1489.6,0.00332751692,0.6922274913974084,0.6144018627403821
1489.7,0.003327595445,0.6916631545426734,0.6144989404666521
1489.8,0.003327688285,0.6910323604369445,0.6145031118733776
1489.9,0.00332779479,0.6903140478430717,0.614452395258215
1490.0,0.003327912375,0.6895261112728102,0.6143845833524688
1490.1,0.00332803889,0.6888131393864486,0.6142866762457382
1490.2,0.00332817333,0.6884029227841134,0.6141389711255371
1490.3,0.003328315085,0.688326412436628,0.6139366626117423
1490.4,0.00332846223,0.688394076059201,0.6136708958113006
1490.5,0.003328614295,0.6884325794187633,0.613354298041724
1490.6,0.003328771155,0.688354680487325,0.6130184762383815
1490.7,0.003328932635,0.6881255767014692,0.6126681905424618
1490.8,0.0033290972,0.6877547305382689,0.612313137165531
1490.9,0.003329265125,0.6873046848242715,0.6119796834947308
1491.0,0.00332943676,0.6868625810565024,0.6116835456614698
1491.1,0.00332961033,0.6864823101153413,0.6114369915850605
1491.2,0.003329783365,0.6861538126211114,0.6112112731794483
1491.3,0.003329954585,0.6858262261887509,0.6109518423430705
1491.4,0.00333012245,0.6854777230325029,0.610651972297737
1491.5,0.003330286165,0.6851534164228729,0.610343496801807
1491.6,0.003330445035,0.6849099429922196,0.6100586862950179
1491.7,0.00333059977,0.6847554143327749,0.6098137595636031
1491.8,0.003330750575,0.6846707295612047,0.6095844704237808
1491.9,0.003330896405,0.6846374035463354,0.6093343845689104
1492.0,0.00333103767,0.684614526468632,0.6090628912733798
1492.1,0.00333117405,0.684531010369529,0.6087949492341849
1492.2,0.0033313039,0.6843425776421667,0.6085481928392087
1492.3,0.003331427295,0.6840673427097856,0.6083372820164098
1492.4,0.003331546705,0.6837523226480395,0.6081344513699162
1492.5,0.00333166287,0.6834240827644072,0.6079274361220078
1492.6,0.00333177456,0.6830775839442722,0.6077350826870138
1492.7,0.00333188071,0.6826883217649364,0.6075528835077948
1492.8,0.00333198132,0.682240217555199,0.6073973269192338
1492.9,0.00333207879,0.6817756262672156,0.6073155694836982
1493.0,0.00333217469,0.6813790504601823,0.6073020399007762
1493.1,0.00333226968,0.6810772376539519,0.607301595679575
1493.2,0.003332364,0.6807859303335552,0.6072637168686321
1493.3,0.00333245868,0.6803986347912206,0.6071806914863016
1493.4,0.00333255393,0.6799084332399251,0.6070777408667251
1493.5,0.00333265051,0.679417157263942,0.6069982529177224
1493.6,0.00333274992,0.6790329970310757,0.606992263157169
1493.7,0.00333285375,0.6787851253707076,0.607044012727996
1493.8,0.003332963415,0.6786450480374693,0.6071023483336621
1493.9,0.003333079645,0.67857265317636,0.6071701388765782
1494.0,0.00333320278,0.6785506683109701,0.607271067567123
1494.1,0.00333333424,0.6785925143251159,0.6073894798491036
1494.2,0.003333475895,0.678667522991313,0.6075087856000349
1494.3,0.00333362888,0.6786874972374046,0.6076442950575548
1494.4,0.003333794645,0.6785971827317991,0.6078273487499757
1494.5,0.00333397227,0.6784153473490094,0.6080597355001544
1494.6,0.00333415839,0.6781791686964977,0.6083168748588507
1494.7,0.0033343525,0.6778973427027296,0.6085582629003005
1494.8,0.00333455645,0.6775672241466904,0.6087555329277973
1494.9,0.003334770085,0.6771990860363574,0.6089274609839948
1495.0,0.003334991705,0.6767839308503708,0.609098046323492
1495.1,0.003335219895,0.6762625270008399,0.6092415580458191
1495.2,0.003335453245,0.675610156436766,0.6093095339427019
1495.3,0.00333569018,0.6748791329590169,0.6093121194734559
1495.4,0.00333593033,0.6741425802781975,0.6092812608654566
1495.5,0.003336173395,0.6734224392774004,0.6092020625712967
1495.6,0.00333641804,0.6726874134106106,0.6090374387180189
1495.7,0.00333666209,0.6718937402921635,0.6087884838365037
1495.8,0.003336905415,0.6710516300981835,0.6084659597665453
1495.9,0.003337148255,0.6702526916704491,0.6080576507392694
1496.0,0.00333738994,0.6695879934968025,0.6075790127622133
1496.1,0.003337631095,0.6691024666353756,0.6070961242102968
1496.2,0.00333787467,0.6688074082533504,0.6066622055480273
1496.3,0.00333811953,0.6686499453463672,0.6062828305890909
1496.4,0.003338364305,0.6685163208444393,0.6059646061028383
1496.5,0.00333860941,0.668342427407878,0.6057233035127086
1496.6,0.00333885429,0.668156539370565,0.6055404043866465
1496.7,0.003339096425,0.668006628852321,0.605349208314386
1496.8,0.00333933479,0.6679202413375326,0.6051196276347655
1496.9,0.00333956745,0.6679477742555486,0.604886793521793
1497.0,0.003339795035,0.6681209451257999,0.6046619560187607
1497.1,0.00334001873,0.6684029470487567,0.6044484703466232
1497.2,0.00334023922,0.6687473410018138,0.6042585629556693
1497.3,0.003340456595,0.6691426790213415,0.604100731854027
1497.4,0.003340668675,0.6695885715498509,0.6039711128827326
1497.5,0.003340873215,0.6700953041616896,0.603863388927278
1497.6,0.003341068425,0.6706999602165407,0.6037966043223295
1497.7,0.003341253245,0.6714359536938678,0.6038048396933116
1497.8,0.003341425835,0.6723041956555403,0.6038807399435038
1497.9,0.003341583645,0.6732519073449782,0.6040101151272084
1498.0,0.003341724565,0.6742030433704085,0.6042029900665828
1498.1,0.00334184714,0.6751357696628886,0.6044763230787713
1498.2,0.00334195009,0.6760741382557747,0.6048117609794916
1498.3,0.003342031305,0.6770138263175752,0.605150789720615
1498.4,0.00334208922,0.6778853983674606,0.6054781631529935
1498.5,0.00334212317,0.6786400843210766,0.6058181255754534
1498.6,0.003342133105,0.6793521702783099,0.6061552360601025
1498.7,0.00334211874,0.6801148107445247,0.6064544664771716
1498.8,0.003342082015,0.6808544421861447,0.6067373128602337
1498.9,0.003342025025,0.6814291400134511,0.6070440485421523
1499.0,0.003341949725,0.6818140353789983,0.6073716670187578
1499.1,0.003341857445,0.6821027728766045,0.6077019457960223
1499.2,0.00334174786,0.6824226624069636,0.6080206408928546
1499.3,0.003341622365,0.682817340692034,0.6082947285155984
1499.4,0.00334148301,0.6832287448163923,0.6085035526925566
1499.5,0.003341331375,0.6835743891233256,0.6086583100599466
1499.6,0.003341170375,0.683814532465766,0.6087874232348238
1499.7,0.00334100285,0.683940246437392,0.6089261490549025
1499.8,0.00334083059,0.6839491874100841,0.6090755544050479
1499.9,0.003340654475,0.6838429952952075,0.6091891166962898
1500.0,0.00334047631,0.6836410977017319,0.6092445620367145
1500.1,0.00334029909,0.6833854411747681,0.6092562292835114
1500.2,0.00334012475,0.6831053744728858,0.609225775312646
1500.3,0.003339953985,0.6827870934379654,0.6091666505389055
1500.4,0.00333978649,0.6824299194859934,0.6091060774909517
1500.5,0.003339622565,0.6820763018169054,0.6090542933626054
1500.6,0.00333946441,0.6817487530836568,0.6090227272679407
1500.7,0.003339314985,0.6813957637330994,0.6089994725708002
1500.8,0.00333917646,0.6809375435950175,0.6089201335332896
1500.9,0.00333904958,0.6803558148833522,0.6087631135908704
1501.0,0.00333893294,0.6797108710443114,0.6085963955519297
1501.1,0.003338825795,0.6791305874652668,0.6084490152724089
1501.2,0.00333873027,0.6787298521895602,0.6082761082959407
1501.3,0.00333864589,0.6785407157454436,0.6080739706847863
1501.4,0.003338570315,0.6785111093762761,0.6078835543558225
1501.5,0.00333850074,0.6785522956559648,0.6076817063995109
1501.6,0.00333843329,0.678574129724907,0.60742326893473
1501.7,0.00333836605,0.6785404518516607,0.6071374719678476
1501.8,0.0033383008,0.6784993912356782,0.6068475532314038
1501.9,0.003338239985,0.6784969030942966,0.6065551149376518
1502.0,0.003338185255,0.6785056744209854,0.6063041519501123
1502.1,0.00333813751,0.6784918702628655,0.6061217586204674
1502.2,0.00333809686,0.6784609444247836,0.6059651351470412
1502.3,0.003338062165,0.6785010562797846,0.6058136770802559
1502.4,0.003338033745,0.6787148039607496,0.6056827945603963
1502.5,0.003338012515,0.6790750629567073,0.6055815799849199
1502.6,0.00333799588,0.6795004660179299,0.6055187110610548
1502.7,0.00333798341,0.6799149740358298,0.6054966954080571
1502.8,0.003337975055,0.6802659653334595,0.6055303613432513
1502.9,0.003337969555,0.6805940355710886,0.6056373778120403
1503.0,0.00333796583,0.681012828721368,0.6057877181001593
1503.1,0.00333796116,0.6815517123924236,0.6059339529549986
1503.2,0.003337954195,0.6820790727016258,0.6060532693873449
1503.3,0.003337946965,0.6824571382447441,0.6061609650684656
1503.4,0.003337942475,0.6826699999965807,0.6062957984552464
1503.5,0.003337943305,0.6827782090139409,0.6064500242651595
1503.6,0.003337949985,0.6828182203379771,0.6066037976857303
1503.7,0.00333796166,0.6827816961817864,0.606753600133187
1503.8,0.003337980095,0.6826637105280883,0.6068679195482585
1503.9,0.003338006445,0.6824716209868771,0.6069352809496182
1504.0,0.003338039765,0.6822019592398637,0.6069711761589596
1504.1,0.003338079025,0.68183268387299,0.606977525946031
1504.2,0.003338123485,0.6814052450597279,0.6069460572407386
1504.3,0.003338171325,0.6810427492498008,0.6069044964832057
1504.4,0.003338219815,0.6808415679394503,0.6069016263241573
1504.5,0.003338267205,0.6807698956446513,0.6069620448057527
1504.6,0.00333831252,0.6807298591878739,0.6070511969220763
1504.7,0.00333835508,0.6806532106103117,0.6071293955614538
1504.8,0.00333839399,0.6805668545114497,0.6071959332372199
1504.9,0.003338429235,0.6805550798221841,0.6072450941357003
1505.0,0.00333845839,0.6806396075141217,0.6072621177979715
1505.1,0.003338477555,0.6807201265338331,0.6072557598427593
1505.2,0.003338483075,0.6807269940553738,0.6072599362760329
1505.3,0.003338474035,0.6807145093661685,0.607300069493864
1505.4,0.00333845639,0.680714559631651,0.6073552490555502
1505.5,0.00333843399,0.6807112106938822,0.6074132076700977
1505.6,0.003338407215,0.6806918710495067,0.6074417986765195
1505.7,0.003338375595,0.6806267584001684,0.6074105505110313
1505.8,0.003338337695,0.6804743848732839,0.607339066083473
1505.9,0.003338292955,0.6802432453353888,0.6072603358866183
1506.0,0.00333824077,0.6800267330528886,0.6071914112287542
1506.1,0.00333817938,0.6799079745673976,0.6071231111195096
1506.2,0.00333810984,0.6798587143945894,0.6070451085155136
1506.3,0.003338032385,0.6798041009478993,0.6069566450362998
1506.4,0.003337945595,0.6797346026352167,0.6068559155227291
1506.5,0.003337848935,0.6797137801591087,0.6067677234771205
1506.6,0.003337743615,0.6798197523624996,0.6067278817990877
1506.7,0.0033376321,0.680079593490878,0.6067353895772112
1506.8,0.00333751444,0.6804585575294952,0.6067413655147569
1506.9,0.00333738962,0.6808895149265294,0.6067072503318129
1507.0,0.00333725748,0.6813184931201918,0.6066645234150871
1507.1,0.00333711921,0.6817406414914252,0.6066347360901828
1507.2,0.00333697657,0.6822098572037947,0.6065980799871007
1507.3,0.00333683243,0.6827982712246268,0.6065604757513559
1507.4,0.003336688755,0.6835533593021024,0.6065566687693782
1507.5,0.00333654603,0.684487405063497,0.6065958607660502
1507.6,0.003336403895,0.6855611134678998,0.6066832429090728
1507.7,0.003336264775,0.6866904908941242,0.6068013071025874
1507.8,0.003336131685,0.687811228940551,0.6069407843916288
1507.9,0.00333600523,0.6889067211484137,0.6071006971125632
1508.0,0.003335886905,0.6899809196412704,0.6072519723386559
1508.1,0.0033357777,0.691025316986215,0.607394908521209
1508.2,0.00333567881,0.6919895660193814,0.6075988336985833
1508.3,0.003335591485,0.692825122851086,0.6079233350869578
1508.4,0.003335517035,0.6935251890748266,0.6083376495827504
1508.5,0.00333545689,0.6940711099134264,0.6087771282356981
1508.6,0.00333541205,0.694447076872652,0.6092219048704969
1508.7,0.00333538172,0.6947006662316498,0.609674401026764
1508.8,0.003335365165,0.6949080930281957,0.6101185964669218
1508.9,0.003335361615,0.6951148977893962,0.6105420354044174
1509.0,0.003335372665,0.6953452707786839,0.6109675063240413
1509.1,0.003335399785,0.6956358555327704,0.6114036680834654
1509.2,0.003335443815,0.6959972832011952,0.6118261890475876
1509.3,0.003335505655,0.6963792191864627,0.6122217262440895
1509.4,0.003335585125,0.6966997935840205,0.6125701238428244
1509.5,0.00333568088,0.696907848699097,0.6128332083514584
1509.6,0.00333578994,0.6969981694878877,0.6130406671922494
1509.7,0.00333590881,0.6969872870109357,0.61325359994408
1509.8,0.003336034825,0.6968853234797707,0.6134593855726237
1509.9,0.003336164575,0.6966998124335764,0.6136025510914404
1510.0,0.003336293305,0.6964430500659985,0.6136602709449462
1510.1,0.00333641571,0.6961402382333043,0.6136453722559458
1510.2,0.003336526725,0.6958181872871995,0.6135552116883805
1510.3,0.00333662158,0.695468879883232,0.6134062279399694
1510.4,0.00333669577,0.6950509098302279,0.6132587427312539
1510.5,0.00333674597,0.6945274576622867,0.6131359975646855
1510.6,0.003336769565,0.6939160032009333,0.6130029850450066
1510.7,0.003336764265,0.6933042157307585,0.6128403674127973
1510.8,0.003336727635,0.6927894343585412,0.612643617633044
1510.9,0.003336657475,0.6923848223575002,0.612369149877589
1511.0,0.003336553175,0.692011733097145,0.6119768573179796
1511.1,0.00333641582,0.691586443133258,0.611487830094018
1511.2,0.00333624824,0.6910972783075382,0.6109618502006278
1511.3,0.003336053665,0.6905611592380178,0.610433087484465
1511.4,0.003335833455,0.689980460968743,0.6098872363892223
1511.5,0.00333559019,0.6893545803139242,0.6092941816077224
1511.6,0.0033353267,0.6887132995719175,0.6087235207269758
1511.7,0.00333504693,0.6881063187385028,0.6082745682872218
1511.8,0.003334754465,0.6875835388713895,0.6079307473606647
1511.9,0.00333445014,0.6871813584630622,0.6076090156003735
1512.0,0.003334134685,0.6869070534421067,0.6072916255211296
1512.1,0.003333810205,0.6867306907137195,0.6070043476074704
1512.2,0.00333347727,0.6866012696627622,0.606760563787463
1512.3,0.00333313373,0.6864659863999133,0.6065862342978412
1512.4,0.0033327786,0.6862747953542011,0.6064733499622939
1512.5,0.00333241102,0.686028745817572,0.6064135698523258
1512.6,0.003332032775,0.6857608559288151,0.6063496459816475
1512.7,0.00333164346,0.6855088750652559,0.606261137891818
1512.8,0.00333124164,0.6853144733118518,0.6061898934819384
1512.9,0.003330827205,0.6852404385393773,0.6061525826709473
1513.0,0.003330401665,0.6853046212772901,0.6061699726429219
1513.1,0.003329967135,0.6854725771037363,0.606287269031192
1513.2,0.003329526585,0.6857231945160838,0.6065104138441023
1513.3,0.003329082835,0.6860848106800679,0.6068104705000394
1513.4,0.003328639465,0.6865811320538526,0.6071569950812342
1513.5,0.003328199625,0.6871880437722291,0.6075333327483929
1513.6,0.003327765705,0.6878460063712263,0.6079124500967318
1513.7,0.00332733918,0.688502812864127,0.6082682794470479
1513.8,0.00332692098,0.6891112828124596,0.6085929002159434
1513.9,0.00332651262,0.6896330510867384,0.608936527620393
1514.0,0.003326116275,0.6900596605195399,0.609335940913911
1514.1,0.003325735575,0.690435552080542,0.6097386692159971
1514.2,0.00332537423,0.6908039163855461,0.610094915141499
1514.3,0.003325034425,0.6911503523738279,0.6104112873447233
1514.4,0.003324718205,0.6914381096945261,0.6107237306721748
1514.5,0.003324426915,0.6916562430388355,0.6110763643944438
1514.6,0.003324161305,0.6918174570074471,0.6114577198133889
1514.7,0.003323921245,0.6919436610675271,0.6118180862518154
1514.8,0.003323705445,0.6920601701726782,0.6121421302242996
1514.9,0.00332351274,0.692180744498723,0.612441068473252
1515.0,0.003323343945,0.6922955194447291,0.6127139974766252
1515.1,0.003323200455,0.6923987898784381,0.6129439155632967
1515.2,0.003323082635,0.69250897809917,0.6130926511258883
1515.3,0.003322990505,0.6926401333092721,0.6131556752444306
1515.4,0.00332292386,0.6927719042715342,0.6131915710820904
1515.5,0.00332288276,0.6928493068313334,0.6132275153002772
1515.6,0.00332286801,0.6928281764791454,0.6132326071936501
1515.7,0.00332287807,0.6927207905590603,0.6132150915579694
1515.8,0.003322912775,0.6925556370332612,0.6132187923541152
1515.9,0.003322972595,0.6923277898844669,0.6132243542297492
1516.0,0.003323058205,0.6920099486725179,0.6131708284024359
1516.1,0.003323168985,0.6916118963169374,0.613085852719386
1516.2,0.003323303365,0.6911690448501169,0.613027005662436
1516.3,0.003323460915,0.6906894555988051,0.6129867882499217
1516.4,0.003323639425,0.6901856886504314,0.6129462792976094
1516.5,0.003323835785,0.6897092912572557,0.6128895270546407
1516.6,0.003324047235,0.6893225549184134,0.6127853298510991
1516.7,0.00332427102,0.6890555572419702,0.6126338642444916
1516.8,0.003324503005,0.6889045345999268,0.6124886378408941
1516.9,0.00332474136,0.6888606277010002,0.6123809792305668
1517.0,0.003324984695,0.6889434714992754,0.6122836294423729
1517.1,0.003325230725,0.6891628803302021,0.6122047289711966
1517.2,0.003325477515,0.6894845982674856,0.6121953161312879
1517.3,0.00332572368,0.6898555449616509,0.612258348417971
1517.4,0.003325970255,0.690241257141288,0.6123704373022585
1517.5,0.00332621715,0.6906382225058103,0.6125491819861956
1517.6,0.00332646429,0.6910317446847843,0.6127930971247759
1517.7,0.003326709955,0.6914092133252984,0.6130648379778076
1517.8,0.003326953095,0.6917750015243265,0.6133520304401467
1517.9,0.003327192745,0.6921227192824111,0.6136467501584838
1518.0,0.00332742782,0.6924326185481319,0.6139189572238652
1518.1,0.003327656665,0.6926740625099309,0.6141543529914875
1518.2,0.00332787694,0.6928183621436955,0.6143744027073156
1518.3,0.003328086795,0.6928862959432368,0.6145932447949276
1518.4,0.00332828656,0.6929496241679478,0.614810195643762
1518.5,0.00332847685,0.693078655661416,0.6150298645985606
1518.6,0.00332865845,0.6932830665290145,0.615266328507685
1518.7,0.003328830945,0.6935145327925457,0.615516658778464
1518.8,0.00332899484,0.6937674875498274,0.61574097289216
1518.9,0.003329149945,0.6940501115081297,0.6159139728597709
1519.0,0.00332929427,0.6942885332577959,0.6160433034328597
1519.1,0.003329426455,0.6944250920072621,0.616143025123507
1519.2,0.003329546505,0.6944652164286339,0.6162100723656014
1519.3,0.003329655575,0.6944113883801073,0.6162329349919786
1519.4,0.00332975522,0.6942484402523508,0.6162287541604753
1519.5,0.003329845055,0.6940128647856287,0.6162193771347229
1519.6,0.003329924785,0.6938015926796749,0.6162169053296229
1519.7,0.00332999286,0.6936607927801263,0.6162411640797755
1519.8,0.00333004723,0.6935184597833627,0.6162695559092229
1519.9,0.003330086045,0.6932895759089928,0.6162679687766144
1520.0,0.003330110575,0.6929754731923016,0.6162479857340635
1520.1,0.00333012371,0.6926241865849624,0.61622846136404
1520.2,0.00333012738,0.6922566705099749,0.6161672166435767
1520.3,0.003330122335,0.6918691990384518,0.6160185200367341
1520.4,0.00333011082,0.6914308400491258,0.6158171206998533
1520.5,0.003330093965,0.6908905300950055,0.6156207692740484
1520.6,0.003330074205,0.6902264853726309,0.6154505577840769
1520.7,0.00333005423,0.6894597168536691,0.61528375680709
1520.8,0.003330038265,0.6886205094913012,0.6150832320896041
1520.9,0.003330028595,0.6877508538129343,0.6148682711255564
1521.0,0.00333002866,0.686919129724267,0.614642702888073
1521.1,0.00333004024,0.6861926427063098,0.6143954846789768
1521.2,0.003330063275,0.6855848890411022,0.6141100194642786
1521.3,0.00333009733,0.6850495805024864,0.6137934983495626
1521.4,0.003330142235,0.6845123932914637,0.6135010619407663
1521.5,0.003330198045,0.6839161567049242,0.6132618579345293
1521.6,0.003330264745,0.6832418829568696,0.6130140729821182
1521.7,0.003330341545,0.6825012587719711,0.6127221197502719
1521.8,0.00333042495,0.6817198001657613,0.6124125296172683
1521.9,0.003330511485,0.6809164258092,0.6121081696077144
1522.0,0.00333059922,0.6801203650803362,0.6118151777653368
1522.1,0.003330686735,0.6793815630191768,0.6115215029407163
1522.2,0.003330772115,0.6787578814792156,0.611212687524461
1522.3,0.00333085226,0.6782913486869722,0.610888821366121
1522.4,0.003330923505,0.6779771517225014,0.6105559344386354
1522.5,0.003330981005,0.6777495307683782,0.6102089813442027
1522.6,0.00333102106,0.6775491788384881,0.609817807191578
1522.7,0.0033310408,0.6773982755769655,0.6093743801849832
1522.8,0.00333103789,0.6773166946989372,0.6089117838083348
1522.9,0.003331011545,0.6772694262958713,0.6084690580052203
1523.0,0.003330962625,0.6772403477142697,0.6080708466850515
1523.1,0.003330893155,0.6772302317859251,0.6077072280699101
1523.2,0.003330806895,0.6771879333824372,0.60732916755334
1523.3,0.003330705165,0.6770612643666444,0.6069411450464653
1523.4,0.00333058881,0.6768922466818813,0.6065773002366528
1523.5,0.00333045941,0.6767489335082099,0.6062547698835091
1523.6,0.00333031797,0.6766337313056027,0.6059861392072045
1523.7,0.003330166805,0.6766584179406746,0.6057651369604838
1523.8,0.0033300069,0.6769612611892953,0.6055679316497956
1523.9,0.00332983877,0.6775046938865134,0.6053714036664836
1524.0,0.00332966265,0.6782164908172225,0.6051817080188745
1524.1,0.003329479335,0.6790746168505506,0.6050257694126469
1524.2,0.003329288475,0.6800298997782834,0.6049118119090491
1524.3,0.0033290879,0.6809594342126276,0.6048300739513879
1524.4,0.003328873395,0.6817380528190786,0.6047758576020094
1524.5,0.00332864077,0.6823657807303777,0.604779379327374
1524.6,0.00332838878,0.682953032361928,0.6048599630638942
1524.7,0.003328118075,0.6835786868220757,0.6050080835026441
1524.8,0.003327831545,0.6842251888910726,0.6051890486642689
1524.9,0.00332753419,0.6848288459194599,0.6053729688079436
1525.0,0.003327227025,0.6853249976472413,0.6055719937290968
1525.1,0.00332690974,0.6856814741656441,0.6057928841351189
1525.2,0.003326586325,0.6859139394556392,0.6060349400791668
1525.3,0.003326262465,0.6860692283805061,0.6063245792138646
1525.4,0.003325941005,0.6862012632365512,0.6066670096715132
1525.5,0.003325620985,0.6863099937582919,0.6070184269691067
1525.6,0.003325301565,0.6863169869435388,0.6073710255055379
1525.7,0.0033249837,0.6861736926194233,0.6077898261956397
1525.8,0.003324669385,0.6859221515788356,0.6083061909305544
1525.9,0.003324360955,0.685645308151016,0.6088677983695918
1526.0,0.00332405947,0.6854231472849248,0.6094232445171172
1526.1,0.003323763535,0.6852929031366922,0.6099651585684464
1526.2,0.00332347537,0.6852844082701569,0.6104670034904346
1526.3,0.00332319926,0.6854353680803472,0.610896910967204
1526.4,0.00332293692,0.6857451102664353,0.6112526071139917
1526.5,0.00332268866,0.6861669381952181,0.6115475021331988
1526.6,0.00332245365,0.6867057213353087,0.6117977890499992
1526.7,0.003322232905,0.6873362326976988,0.6119963565552619
1526.8,0.00332202853,0.6881004565266111,0.6121488714538157
1526.9,0.003321842525,0.6890610927282258,0.612258214586124
1527.0,0.00332167497,0.6900781456507137,0.612314382492859
1527.1,0.003321525695,0.6910334599943732,0.6123205255631338
1527.2,0.00332139513,0.6919240826621099,0.6122923630699499
1527.3,0.003321283005,0.6928036469237061,0.6122630752582776
1527.4,0.003321190225,0.6937283181726225,0.6122678121516807
1527.5,0.00332111945,0.6947162108320998,0.6123072806085063
1527.6,0.003321070295,0.6957401689752402,0.6123663092495116
1527.7,0.00332104061,0.6967780883561332,0.6124265134744878
1527.8,0.003321027495,0.6977789180941579,0.6124780487886959
1527.9,0.003321028425,0.6986165169610874,0.6125294772887537
1528.0,0.00332104118,0.6991793207186073,0.612584830894673
1528.1,0.003321063785,0.6994655700748319,0.612632307899491
1528.2,0.003321092795,0.6995613635180251,0.6126563699859434
1528.3,0.003321125755,0.6995362873254642,0.612645929845237
1528.4,0.003321161545,0.6994090339734379,0.6126064236892996
1528.5,0.003321200505,0.6991924777086406,0.6125505743400597
1528.6,0.003321241445,0.698928929500931,0.6124928896723915
1528.7,0.003321281665,0.6986435032419818,0.6124457934286031
1528.8,0.003321320605,0.6983055935361616,0.6124307338900588
1528.9,0.003321359325,0.697892134810208,0.6124691235239671
1529.0,0.003321397855,0.6974548690951253,0.6125385539782485
1529.1,0.003321436065,0.6970781293041068,0.6126141589187313
1529.2,0.003321472915,0.6967768442854424,0.6126991760708042
1529.3,0.00332150904,0.6964913991769373,0.6127683193835171
1529.4,0.00332154633,0.6961760586727405,0.6127635617556024
1529.5,0.003321585035,0.6957928786167821,0.6127027141324506
1529.6,0.0033216246,0.6952669571570153,0.6126491964732782
1529.7,0.003321664465,0.6945924509311042,0.6126101822907503
1529.8,0.003321704595,0.6939029907241621,0.6125641340822711
1529.9,0.00332174542,0.6933377742234842,0.6125060139898612
1530.0,0.00332178664,0.6929246736390929,0.6124547545074881
1530.1,0.003321827365,0.6925967227819848,0.6124323568368236
1530.2,0.00332186823,0.692253296439465,0.6124357667214898
1530.3,0.00332191023,0.6918503369161596,0.6124169360151241
1530.4,0.003321954465,0.6914127381922558,0.6123416244993952
1530.5,0.003322000595,0.6909836469012578,0.6122156428640751
1530.6,0.00332204806,0.6905612409194268,0.6120563911342349
1530.7,0.00332209469,0.6901312636993006,0.6118987284219589
1530.8,0.003322137865,0.6897491769175857,0.6117878214048278
1530.9,0.003322177145,0.6894473829609112,0.6116961063772175
1531.0,0.003322212975,0.6891448036060733,0.6115555622033109
1531.1,0.00332224616,0.6887698733724233,0.6113982651724197
1531.2,0.0033222769,0.6883448221695779,0.611290750447036
1531.3,0.00332230493,0.6879328274258009,0.6112259086029843
1531.4,0.003322330695,0.6875820748892129,0.6111792113414629
1531.5,0.00332235217,0.6873237291589376,0.6111433425214998
1531.6,0.003322367835,0.6871548371378806,0.611093951658437
1531.7,0.003322376185,0.6870260758213805,0.6110324958229476
1531.8,0.003322377055,0.6868708685779227,0.6109740138190639
1531.9,0.00332237211,0.6866506994815738,0.6108708514561425
1532.0,0.003322361815,0.6863702432222025,0.6106966262673967
1532.1,0.003322346905,0.6860369579407685,0.6105134978050707
1532.2,0.00332232777,0.6856755616882702,0.6103842866125028
1532.3,0.003322306355,0.6853121862324,0.6102951338678606
1532.4,0.00332228496,0.6849330399814088,0.6101670435955514
1532.5,0.003322265335,0.6844901759482176,0.609979428938916
1532.6,0.003322247335,0.6839213277664321,0.6097911231318969
1532.7,0.00332223049,0.6831733334051683,0.6096096942711965
1532.8,0.00332221523,0.6822752274637307,0.6093795066358754
1532.9,0.00332220187,0.6813061592274338,0.6090944837574228
1533.0,0.00332219052,0.6803409928492126,0.6087915644822599
1533.1,0.003322179435,0.6794935859300186,0.6084861771719082
1533.2,0.003322165995,0.6788151464301052,0.6081544915894534
1533.3,0.00332214774,0.6782796619623008,0.6077732209935099
1533.4,0.00332212165,0.6778778522619067,0.6073862735396414
1533.5,0.003322085625,0.6775489275110759,0.6070438399404001
1533.6,0.003322037955,0.6772432065635844,0.6067327343031004
1533.7,0.003321974925,0.6770632938354986,0.6064327555586612
1533.8,0.00332189288,0.6771496813502871,0.606155695989267
1533.9,0.00332179146,0.6775005658337665,0.6059087705766061
1534.0,0.003321671715,0.6780162959669651,0.6056845444275043
1534.1,0.003321533855,0.6786201414909115,0.6054569247300181
1534.2,0.003321376445,0.6792721539134229,0.605223874475471
1534.3,0.00332120029,0.6799353189898545,0.6050303033591645
1534.4,0.003321007635,0.6805960336240162,0.6048699828595036
1534.5,0.00332080063,0.6812496545419663,0.6047067538733639
1534.6,0.00332058059,0.6818763394445043,0.6045578480364505
1534.7,0.00332035004,0.6824231587786029,0.6044316163303551
1534.8,0.00332011205,0.6828326025491452,0.6042899675724717
1534.9,0.0033198695,0.6831074165081107,0.6041191855692742
1535.0,0.00331962412,0.6832845709178467,0.6039580124413672
1535.1,0.003319379415,0.6833544839207596,0.6038232952935144
1535.2,0.00331913758,0.6832620456985203,0.6036840643053369
1535.3,0.003318900455,0.6829759471387432,0.6035028427897517
1535.4,0.00331866943,0.6824517912540478,0.6033120877970999
1535.5,0.00331844506,0.6816419514998053,0.6031588723233843
1535.6,0.00331822758,0.6809674327075236,0.6030267978832718
1535.7,0.003318017135,0.6809372420021227,0.6029066790881619
1535.8,0.00331781637,0.6812522997629806,0.6028175276001567
1535.9,0.00331762581,0.6815043308920221,0.6027353202885533
1536.0,0.00331744548,0.6818436354649805,0.6026041858129627
1536.1,0.003317273,0.6823138564869992,0.6024554690999271
1536.2,0.003317106,0.6826805620310822,0.602362717346741
1536.3,0.003316943675,0.6830123581975983,0.6023166063064087
1536.4,0.00331678666,0.6834069799340011,0.6022710525846131
1536.5,0.003316634475,0.683832942198716,0.6022361463486391
1536.6,0.00331648662,0.6842105742020481,0.6022222341197319
1536.7,0.003316341965,0.6844312522364068,0.602232350676395
1536.8,0.00331619842,0.6844928902842703,0.6022794965573474
1536.9,0.003316053935,0.6845209195739257,0.6023576103737233
1537.0,0.003315907935,0.6845787939937901,0.602478029505091
1537.1,0.00331575891,0.6845676727557963,0.6026616738169307
1537.2,0.00331560365,0.6843473402966295,0.6028656995252698
1537.3,0.00331544069,0.6839231498901711,0.6030130238844414
1537.4,0.003315270395,0.6834004579876521,0.603099281337294
1537.5,0.00331509384,0.6828500635211139,0.6032148071239444
1537.6,0.00331491306,0.6823028043640438,0.6033947229936228
1537.7,0.003314729805,0.6817937595400121,0.6035740771465348
1537.8,0.00331454394,0.6813464470116233,0.6037186991077058
1537.9,0.003314355975,0.6809545647440146,0.6039027593664128
1538.0,0.003314166875,0.6806031336234134,0.6041538769203108
1538.1,0.003313975375,0.6803257435584721,0.6043979667314426
1538.2,0.00331377994,0.6801706242796084,0.604631840083265
1538.3,0.003313579975,0.6801002274714267,0.6049044580689655
1538.4,0.003313373325,0.6800016882762543,0.6051964251238195
1538.5,0.00331315746,0.6798605742174403,0.6054262791220009
1538.6,0.003312932425,0.6797550606865769,0.6055457783950396
1538.7,0.003312698915,0.6797287090073986,0.6055468377400824
1538.8,0.003312458605,0.6797782582067309,0.6054754243125181
1538.9,0.003312213605,0.679886259878976,0.6054300295553108
1539.0,0.003311966795,0.6799965172147465,0.6054555292345614
1539.1,0.00331172189,0.6800560441123467,0.6055076501416401
1539.2,0.003311478995,0.680067749686574,0.6055861145597562
1539.3,0.003311238365,0.6800714630490905,0.6057470903956447
1539.4,0.00331100288,0.6801049398604071,0.6059757882877295
1539.5,0.003310775385,0.6801661318021137,0.6061986183130559
1539.6,0.00331055639,0.6802325576371813,0.6063710810683229
1539.7,0.003310344975,0.6803082386042062,0.6065025341014085
1539.8,0.00331014034,0.6803852076242192,0.6066154071272224
1539.9,0.00330994436,0.6804147323119776,0.6067062154911929
1540.0,0.00330976106,0.6803701028467407,0.6067904572981989
1540.1,0.0033095949,0.6802813214383503,0.6068459887182623
1540.2,0.00330944942,0.6801797725974157,0.6068701770967393
1540.3,0.00330932704,0.680108741187518,0.6069453321611541
1540.4,0.003309230565,0.6801075096831978,0.607143369365577
1540.5,0.00330916271,0.6801162998594426,0.607439006428969
1540.6,0.003309124805,0.6800382061492596,0.6077735338961382
1540.7,0.0033091174,0.6799244867783849,0.6081500814216864
1540.8,0.00330914061,0.6799326360697283,0.6085941907822053
1540.9,0.003309194275,0.6800628488020344,0.6090480353100395
1541.0,0.003309275525,0.6802195074612982,0.6094338436224118
1541.1,0.003309381395,0.6804408703628555,0.6097811925575188
1541.2,0.00330951011,0.6807657550255338,0.6101317779613777
1541.3,0.0033096611,0.6811004540236619,0.6104424431473874
1541.4,0.00330983335,0.6814067278914604,0.610663190925103
1541.5,0.003310025615,0.6817599999853566,0.6108463350953923
1541.6,0.003310236045,0.682204095522868,0.6110886976588833
1541.7,0.00331046252,0.6827031249495202,0.6113928471817294
1541.8,0.003310701795,0.6832318801258607,0.611739841745185
1541.9,0.00331095267,0.6838074890150366,0.6121184306776395
1542.0,0.00331121472,0.6844202692284899,0.6124792771514235
1542.1,0.00331148479,0.6850092298864436,0.6127732900114135
1542.2,0.003311758965,0.6855184003741817,0.6130055259651448
1542.3,0.00331203572,0.6859355284803547,0.6131329376534409
1542.4,0.00331231481,0.6862997772989825,0.6130971844440875
1542.5,0.003312595035,0.6866978422209336,0.6129378899885872
1542.6,0.003312875265,0.6872019358949432,0.6127515307123763
1542.7,0.003313153465,0.6878012638086538,0.6125951956371557
1542.8,0.00331342856,0.6884014650851221,0.612479698124839
1542.9,0.00331369984,0.6889080280509576,0.6124201555192755
1543.0,0.00331396792,0.6892929736819873,0.612423704262337
1543.1,0.003314232105,0.6895943843643579,0.6124831519918024
1543.2,0.003314492025,0.6898882489411747,0.6126000669907243
1543.3,0.003314748645,0.6902771341293921,0.6127614047380865
1543.4,0.003315003525,0.6908141265616702,0.6129414714042123
1543.5,0.003315256665,0.6914541569498007,0.6131375802990644
1543.6,0.003315507755,0.6921094743277836,0.6133244070442622
1543.7,0.00331575778,0.6927313211776351,0.613462378882104
1543.8,0.003316004755,0.6932989629878418,0.6135608602719717
1543.9,0.00331624668,0.6937742859563298,0.6136523227155327
1544.0,0.003316482445,0.6941491219422002,0.6137482763799512
1544.1,0.003316711815,0.6944910780193582,0.6138808729527627
1544.2,0.00331693379,0.6949146903727682,0.6140679246359946
1544.3,0.00331714784,0.695497411827712,0.6142849043874816
1544.4,0.003317350545,0.6962105470768916,0.6145176511641783
1544.5,0.003317539355,0.6969426386961428,0.6147372510039384
1544.6,0.003317711605,0.6976044151886216,0.6149234481739685
1544.7,0.00331786573,0.6981777432815311,0.6150563463396748
1544.8,0.003318000165,0.6986847083712262,0.6151033175480756
1544.9,0.003318113335,0.6991500724910025,0.6150363199431451
1545.0,0.003318202815,0.6995961220991445,0.6148867066195662
1545.1,0.00331826625,0.7000443959548852,0.6147552868873627
1545.2,0.00331830381,0.7004781368030104,0.6146750550092197
1545.3,0.00331831626,0.7008198164200149,0.6145970668565499
1545.4,0.00331830333,0.7010051012715383,0.6145357234900773
1545.5,0.003318264455,0.7010585271962052,0.6145366961271629
1545.6,0.00331819778,0.7010413489675754,0.6145720673188497
1545.7,0.00331810289,0.7009808418930672,0.6145640386646642
1545.8,0.003317977615,0.7008779673000328,0.614510330624977
1545.9,0.003317818905,0.7007145165174518,0.6144430320554702
1546.0,0.003317623515,0.7004581311409923,0.6143286265607601
1546.1,0.003317390785,0.7000833202878631,0.6141069633229452
1546.2,0.00331712103,0.699583185020597,0.6138372827263757
1546.3,0.003316815745,0.6989894051595126,0.613637685407041
1546.4,0.003316476945,0.6983695437962181,0.6134761315181043
1546.5,0.003316105215,0.697752635530018,0.6132271678401298
1546.6,0.003315701685,0.6971059072663499,0.6128984743105181
1546.7,0.003315269065,0.6964100821926917,0.612566431843138
1546.8,0.003314809175,0.695681276679356,0.6122273484383024
1546.9,0.00331432515,0.6949375486009157,0.6118509422844237
1547.0,0.003313820515,0.6941729037985879,0.6114872413595547
1547.1,0.00331329767,0.693364421212372,0.6111459443885355
1547.2,0.00331276074,0.6924940304013243,0.6107377597683287
1547.3,0.00331221355,0.6915707288868048,0.6102466502967563
1547.4,0.00331165966,0.6906345091432938,0.6097109930413559
1547.5,0.00331110173,0.6897299315209898,0.6091531787612884
1547.6,0.003310541235,0.6889021909718073,0.6086057574980375
1547.7,0.00330997915,0.688168239529705,0.6080837454361687
1547.8,0.00330941677,0.6875232140092552,0.6075823346822852
1547.9,0.003308854275,0.6869650912247891,0.6071505070640859
1548.0,0.00330829198,0.6865129971923816,0.6068337446750542
1548.1,0.00330773248,0.686166322443058,0.6065699168655984
1548.2,0.00330717786,0.6858411864529673,0.606329814992181
1548.3,0.003306627565,0.6854270365766298,0.6061871979954416
1548.4,0.003306079595,0.6849253556457782,0.6061311746019686
1548.5,0.003305532885,0.684411761795584,0.6060500630778827
1548.6,0.003304989,0.6839384431632088,0.6059106461074202
1548.7,0.003304448185,0.6835604718678702,0.6057485279884429
1548.8,0.003303909465,0.6832692022465853,0.6055636647386535
1548.9,0.00330337151,0.682986905013919,0.6053800769754816
1549.0,0.003302834955,0.6827148745060446,0.605250505128077
1549.1,0.00330230403,0.6825579896521097,0.6051941663187016
1549.2,0.00330178242,0.6825724849606133,0.6051911924870957
1549.3,0.003301272135,0.6826650802624852,0.6051996936368164
1549.4,0.00330077585,0.6827700283066711,0.6052342580675096
1549.5,0.003300295215,0.6829258638686597,0.605318026750662
1549.6,0.003299830315,0.6831341011961102,0.6053964151422359
1549.7,0.00329938049,0.6833027984384228,0.6054140507867561
1549.8,0.003298943535,0.6833986232975425,0.6053786657720616
1549.9,0.003298517745,0.6834837353257136,0.6053099333796679
1550.0,0.00329810293,0.6835511099217625,0.605231831501344
1550.1,0.003297698705,0.6835148433761694,0.6052098667421473
1550.2,0.003297304625,0.6833194111803749,0.6053041905482971
1550.3,0.00329691943,0.6830080416492923,0.6054673296848868
1550.4,0.003296540685,0.6826952709678862,0.60558402602896
1550.5,0.003296165825,0.682406244443756,0.6056685625173569
1550.6,0.003295793525,0.6820801785422398,0.6057707761192971
1550.7,0.0032954243,0.681746855561694,0.6058523959530744
1550.8,0.003295057595,0.6815125807143305,0.6059348256894378
1550.9,0.00329469303,0.6814004384229679,0.6060820218716292
1551.0,0.003294331585,0.681321465066842,0.606251820556326
1551.1,0.00329397547,0.6811385301266235,0.6063833892000212
1551.2,0.003293624935,0.6807817205993993,0.6064850555365211
1551.3,0.003293279285,0.680335846920446,0.6065902561647563
1551.4,0.003292937895,0.6799560472181828,0.606750990726329
1551.5,0.003292602,0.6797192465303259,0.6069885171220889
1551.6,0.00329227268,0.6795908810545003,0.6072776580001917
1551.7,0.003291953615,0.6794964447793334,0.6075491223930699
1551.8,0.003291646575,0.6794382122179063,0.6077587307115545
1551.9,0.00329135065,0.6794634894723972,0.6079020269206256
1552.0,0.003291066595,0.6795623868091322,0.6080161936542942
1552.1,0.00329079781,0.6797149488315758,0.6081476479440169
1552.2,0.003290549795,0.679901967842244,0.608288890179811
1552.3,0.00329032382,0.6800115403108159,0.6084617349527448
1552.4,0.003290121075,0.6799727730574706,0.6087115493740101
1552.5,0.003289945925,0.6799213703184726,0.609000345933558
1552.6,0.003289803595,0.6799583280144494,0.6092897959443779
1552.7,0.00328969658,0.6800638289789422,0.6096065690148248
1552.8,0.003289626265,0.6802296422391987,0.6099194238909139
1552.9,0.00328959301,0.6804115593033975,0.6101844197445183
1553.0,0.003289597905,0.6805705050421131,0.6104053038673551
1553.1,0.003289641385,0.6807817394489553,0.610610906026888
1553.2,0.003289722445,0.6811609171158729,0.6107950969758493
1553.3,0.003289839075,0.6817036963618189,0.6109234750180456
1553.4,0.003289990505,0.6823528373686449,0.6110157373110963
1553.5,0.003290175135,0.6831373496029141,0.6111382349201636
1553.6,0.003290388875,0.6840845900534539,0.6112997354020252
1553.7,0.003290626085,0.6851688856250991,0.6114389475406466
1553.8,0.0032908809,0.6863339452606829,0.611543659337065
1553.9,0.003291146175,0.6874877328618256,0.6116816481395071
1554.0,0.003291416125,0.6885834449811741,0.611863731079798
1554.1,0.00329168621,0.6896820599321344,0.6120407076753898
1554.2,0.00329195064,0.6908230738175476,0.6122186217222292
1554.3,0.00329220388,0.6919397277935249,0.6124029257685263
1554.4,0.003292440615,0.6929651185029153,0.6125423867212859
1554.5,0.003292655855,0.6939211931119971,0.612606921317576
1554.6,0.00329284578,0.6948488677234903,0.6126321464216287
1554.7,0.003293008785,0.6957165881807823,0.6126608216227335
1554.8,0.00329314388,0.6964774002400728,0.6127215209627122
1554.9,0.00329324912,0.6971249076187189,0.6128290972633119
1555.0,0.00329332222,0.6976789149168088,0.613012362070759
1555.1,0.00329336151,0.6981205348793093,0.6132532952095926
1555.2,0.003293368335,0.6983870801664105,0.6134614049883814
1555.3,0.003293343865,0.6984316656493502,0.6136143904975148
1555.4,0.0032932891,0.6982589911507382,0.6137478277605203
1555.5,0.003293205145,0.6979017229509867,0.6138875193061808
1555.6,0.00329309498,0.6974083735238523,0.6140499170269043
1555.7,0.003292960805,0.696863011888745,0.6142048829960465
1555.8,0.00329280367,0.6963423683046363,0.6143141815177389
1555.9,0.00329262544,0.6958527762223155,0.6143847146710417
1556.0,0.00329242946,0.6953384912217375,0.6144435334536579
1556.1,0.003292218475,0.6947246994154498,0.614488752909995
1556.2,0.0032919927,0.6939505104546403,0.6144854127686857
1556.3,0.003291750815,0.6930245888518477,0.614415104553417
1556.4,0.003291491235,0.6920586810577604,0.6142885366969076
1556.5,0.003291214985,0.6911989716617348,0.6141253435249243
1556.6,0.003290926785,0.6904956633143757,0.6139507765308978
1556.7,0.00329063048,0.6899164855759453,0.6137914877302643
1556.8,0.0032903276,0.6894255488919687,0.6136747298109752
1556.9,0.003290019165,0.6890058195470785,0.613577109845813
1557.0,0.003289706475,0.688653295152234,0.6134426792112104
1557.1,0.003289388665,0.6883600714603184,0.6132737218450262
1557.2,0.003289064405,0.6881150460828944,0.6130722477382403
1557.3,0.003288733645,0.6879078643305755,0.6127900755409617
1557.4,0.003288397135,0.6877175529308063,0.6124152885639367
1557.5,0.00328805578,0.6875055645417274,0.611966218000299
1557.6,0.00328770984,0.6872304678394232,0.6114685306620284
1557.7,0.00328735859,0.6868883232667059,0.6109736003854708
1557.8,0.003287003765,0.6865293460405508,0.6105401341125435
1557.9,0.00328664827,0.6862390817289151,0.6101658560735284
1558.0,0.00328629441,0.6860807957246566,0.6097959756359097
1558.1,0.003285941695,0.6860654459029512,0.6094416756128972
1558.2,0.003285590485,0.6861910719099829,0.609182614856134
1558.3,0.00328524262,0.6864495621535204,0.6090754538740829
1558.4,0.003284900035,0.686786868673551,0.609078502475594
1558.5,0.00328456491,0.6871177223622711,0.6090970422704799
1558.6,0.003284236895,0.6873927185336104,0.6090786746348714
1558.7,0.00328391412,0.6876151432934846,0.6090250822057938
1558.8,0.003283595795,0.687798423808895,0.6089844394216344
1558.9,0.003283282935,0.6879604043261142,0.6089885731292479
1559.0,0.00328297814,0.6881312441346163,0.6090310217008648
1559.1,0.003282682795,0.6883526258857295,0.6091359496388575
1559.2,0.003282398365,0.6886600432932538,0.6093321100558292
1559.3,0.0032821266,0.689065861665874,0.6096008915285812
1559.4,0.003281870205,0.6895408390591702,0.6099136929975952
1559.5,0.00328163185,0.6900289420265731,0.6102361994746348
1559.6,0.003281414715,0.6904829147313875,0.6105254666447624
1559.7,0.003281222575,0.6908462399217752,0.6107681351993777
1559.8,0.003281058325,0.6911009665373136,0.610985458641101
1559.9,0.00328092396,0.6912968511224501,0.6112066261355952
1560.0,0.003280819405,0.6914781335849328,0.6114301001874156
1560.1,0.00328074387,0.6916081955207916,0.6115898916428737
1560.2,0.003280696985,0.6916127822460657,0.6116611969996507
1560.3,0.003280678415,0.6914885762389134,0.6117261657640456
1560.4,0.003280689975,0.6913023866087058,0.6118694148492267
1560.5,0.003280733705,0.6910809043266277,0.6120609357621677
1560.6,0.0032808098,0.690797268775491,0.6122215773325977
1560.7,0.00328091523,0.6904184869492477,0.6123657902584052
1560.8,0.003281047765,0.6899507666349812,0.6125404420754332
1560.9,0.00328120519,0.6894612939331813,0.6127152421756347
1561.0,0.00328138572,0.6890188006079232,0.6128292493163964
1561.1,0.00328158663,0.6886415770116361,0.6128824980552376
1561.2,0.00328180598,0.6883158692516825,0.612901477673095
1561.3,0.003282043125,0.6880080497202985,0.6128319975816496
1561.4,0.003282295025,0.6876913269153342,0.6126325152446062
1561.5,0.003282556115,0.6873790400391967,0.612372280160509
1561.6,0.003282822335,0.6871495592622225,0.6121409257376763
1561.7,0.0032830906,0.6870998467000722,0.6119661941241947
1561.8,0.003283359715,0.6872077038590552,0.611835250029119
1561.9,0.003283630625,0.6873989326038793,0.6117372888869949
1562.0,0.003283902295,0.6876471686889952,0.6116629160791508
1562.1,0.003284173135,0.6878918861903393,0.6115743847415356
1562.2,0.003284441035,0.6880872052887983,0.6114576645213583
1562.3,0.00328470608,0.688227087843292,0.6113254952051476
1562.4,0.003284968695,0.6883424345591612,0.6111664941744012
1562.5,0.003285229165,0.688478880211292,0.6109829497652078
1562.6,0.003285487395,0.6886615386913569,0.6107695721638575
1562.7,0.00328574106,0.6888914969904144,0.6105331264759702
1562.8,0.003285987055,0.6891389539605524,0.610296430717308
1562.9,0.00328622364,0.6893454696952288,0.6100569445960506
1563.0,0.00328645058,0.6894795340201281,0.6098301040135427
1563.1,0.00328666898,0.6895525257838416,0.6096542389134317
1563.2,0.00328687996,0.6895473044568513,0.6094911896263919
1563.3,0.003287085105,0.6894422181825888,0.609316766517309
1563.4,0.00328728478,0.6892556515612627,0.609193209563199
1563.5,0.003287476735,0.6890094763609274,0.6091219538435858
1563.6,0.003287658815,0.6886898193084245,0.6090587198666544
1563.7,0.003287828255,0.688245415894833,0.6089964032347778
1563.8,0.00328798293,0.6876787228456079,0.6089378533724927
1563.9,0.00328812247,0.6870920429839207,0.608837454982788
1564.0,0.003288247325,0.6865575763921361,0.6086541424231324
1564.1,0.00328835811,0.6860942982898818,0.6084342026630473
1564.2,0.00328845548,0.6857055576149266,0.6082377306000843
1564.3,0.00328854182,0.6853695894133663,0.6080644805616984
1564.4,0.00328861982,0.6850559579355732,0.6079247707948006
1564.5,0.0032886919,0.6847389335377142,0.607864817268918
1564.6,0.00328876176,0.6843827711785767,0.6078686858261115
1564.7,0.003288833855,0.6839434885610105,0.6078836398071427
1564.8,0.00328891159,0.6834244032068579,0.6079009631773531
1564.9,0.00328899738,0.6828934614820306,0.6078950500716604
1565.0,0.0032890927,0.6824175793100501,0.6078123118308986
1565.1,0.003289199375,0.6820111326188993,0.6076443503495855
1565.2,0.00328931758,0.6816169884045798,0.6074597937192392
1565.3,0.003289448,0.6810942399533931,0.6073196774302521
1565.4,0.00328959152,0.6803904917830625,0.6071854685920907
1565.5,0.00328974812,0.6797141634334124,0.6069925069447589
1565.6,0.00328991732,0.6792706585153199,0.6067315536925811
1565.7,0.003290097605,0.6790342536681372,0.6064148509938099
1565.8,0.00329028645,0.678931303676879,0.6060677376781518
1565.9,0.003290480515,0.6788984614672784,0.6057341570870083
1566.0,0.003290675765,0.6788465686398264,0.6054304253959851
1566.1,0.003290868095,0.6787338105963038,0.6051331226601683
1566.2,0.003291054655,0.6786179235264982,0.6048192731558449
1566.3,0.00329123107,0.678588241759107,0.6045029285986361
1566.4,0.00329139393,0.6786775823709899,0.6042222128437117
1566.5,0.00329154027,0.6788733978410881,0.604022410692536
1566.6,0.00329166671,0.6791827756024282,0.603925387629978
1566.7,0.003291772095,0.6796351335286187,0.6038699234399976
1566.8,0.00329185568,0.6802727260408501,0.6038256571428714
1566.9,0.00329191338,0.681130770392769,0.6038384465665642
1567.0,0.00329194291,0.682169098180707,0.6039425080533032
1567.1,0.00329194415,0.6833086166680172,0.6041460392749586
1567.2,0.00329191776,0.6845251544408226,0.6044287851270558
1567.3,0.00329186515,0.6857874338026644,0.6047532305950811
1567.4,0.003291787435,0.6869934032577832,0.6051215295549579
1567.5,0.0032916855,0.6880841705102949,0.6055674698356756
1567.6,0.00329156302,0.6891148390953434,0.6061082095596709
1567.7,0.003291425035,0.6901761444919498,0.6067191575962887
1567.8,0.003291275535,0.6912948342199665,0.6073517059673554
1567.9,0.00329111732,0.6924706820847227,0.6079610938890614
1568.0,0.003290953725,0.6936865664062563,0.608484953835729
1568.1,0.003290787435,0.6948589522359082,0.6088824752621509
1568.2,0.00329061904,0.6958494712668439,0.6091979093858088
1568.3,0.003290449995,0.6965673377545598,0.6094861222374417
1568.4,0.003290284725,0.6970317531133546,0.6097533404536892
1568.5,0.00329012719,0.6973386867156104,0.6100113889892995
1568.6,0.00328997985,0.69759568784423,0.6102889292223698
1568.7,0.00328984376,0.6978591920696424,0.6105689808446072
1568.8,0.003289718625,0.6981071391282343,0.6108220499558615
1568.9,0.00328960175,0.6982916888470768,0.6110420443796589
1569.0,0.003289490185,0.698387582821235,0.6112489647514691
1569.1,0.00328938515,0.6983937529092067,0.6114223599314357
1569.2,0.003289287935,0.6982944471654267,0.6115476686376095
1569.3,0.003289197515,0.6980843500151251,0.6116539631684066
1569.4,0.00328911348,0.6977981886234951,0.6117888675551815
1569.5,0.00328903553,0.6974829423670779,0.611942696267783
1569.6,0.003288960675,0.6971626946951562,0.6120747813893106
1569.7,0.003288884935,0.6968583748979883,0.612166722611592
1569.8,0.003288806295,0.6966108550959973,0.612222207536084
1569.9,0.003288724875,0.6964521669678791,0.6122823401327478
1570.0,0.00328863921,0.6963733883904977,0.6123812946464692
1570.1,0.003288548165,0.6963176376872672,0.612494013734243
1570.2,0.00328845232,0.6962259408808942,0.6125993670438811
1570.3,0.00328835333,0.6960621005408242,0.612679107576933
1570.4,0.00328825204,0.6958411146303853,0.6127037816456343
1570.5,0.003288148535,0.6956177536759004,0.6127190497859308
1570.6,0.003288042755,0.6954333547535053,0.6127675302154425
1570.7,0.00328793389,0.6952759986606722,0.6128189115916104
1570.8,0.00328782166,0.695136021858399,0.6128078770615739
1570.9,0.00328770661,0.6950295030178864,0.6127166037418907
1571.0,0.003287588355,0.6949278662123574,0.6126288282714679
1571.1,0.00328746663,0.6947732118892065,0.6126198357766562
1571.2,0.003287341385,0.6946068896909401,0.6126759301701232
1571.3,0.003287213675,0.6944816909405093,0.6127661070739704
1571.4,0.00328708422,0.6943536961726167,0.6128846971700951
1571.5,0.003286951725,0.6942266250329643,0.6130132549113911
1571.6,0.00328681706,0.6941592818528419,0.6131102735757193
1571.7,0.00328668272,0.6941350601734828,0.6131787816583977
1571.8,0.003286548965,0.6941204266349024,0.6132256366278704
1571.9,0.00328641602,0.6941243599089046,0.6132266186897339
1572.0,0.003286282815,0.6941616003482203,0.6132057673109735
1572.1,0.003286150285,0.6942469385710625,0.6131973792585884
1572.2,0.00328602074,0.6943780937811646,0.6131928340023372
1572.3,0.003285894885,0.6945398858028243,0.6131963010639897
1572.4,0.00328577291,0.6947325533970836,0.6132333347865088
1572.5,0.00328565394,0.6949390942645013,0.6133406767242966
1572.6,0.00328554042,0.6951164748689083,0.6134738431820155
1572.7,0.00328543534,0.695248585123177,0.6135914951985739
1572.8,0.003285338455,0.6953318373284972,0.6137008854547719
1572.9,0.003285248105,0.6953668598033994,0.6137618568566742
1573.0,0.00328516371,0.695377874227243,0.6137272371339502
1573.1,0.003285086125,0.6953817132534655,0.6136134310551182
1573.2,0.00328501594,0.6953505800702685,0.6134945808351218
1573.3,0.003284952255,0.6952842673325366,0.6134083522849216
1573.4,0.003284894375,0.6952506774238844,0.6133142684964505
1573.5,0.00328484165,0.6952996611365392,0.6132012038334849
1573.6,0.00328479465,0.6953862559964427,0.6131184096723736
1573.7,0.003284756245,0.6955183662507114,0.6130627042080772
1573.8,0.003284728595,0.6958130099425064,0.6129902446301593
1573.9,0.003284711725,0.6962388088444033,0.6128887064706396
1574.0,0.00328470619,0.6966567034991837,0.6127769908075594
1574.1,0.003284713235,0.6970008712575698,0.612673081373905
1574.2,0.003284737025,0.6972429058387877,0.6125933376992603
1574.3,0.003284779435,0.6973460568919757,0.6125716625949061
1574.4,0.003284841005,0.6972860964545893,0.6125932346550212
1574.5,0.003284921365,0.6971197114244698,0.6126546974020146
1574.6,0.003285019075,0.696952968252788,0.61278917390387
1574.7,0.003285134425,0.6968648968443372,0.6129778359674961
1574.8,0.00328526678,0.696864199410768,0.6131837478880645
1574.9,0.003285416485,0.6968499554296766,0.6134222293279911
1575.0,0.003285582255,0.6967957692395876,0.6137409508142017
1575.1,0.00328576151,0.6967947890626797,0.6141408592227218
1575.2,0.003285950845,0.696849697819079,0.6145606005056642
1575.3,0.0032861485,0.6968911856916624,0.6149463943667102
1575.4,0.003286354295,0.6969111599377539,0.6153028149647638
1575.5,0.003286567315,0.696948632854926,0.6156794837557884
1575.6,0.00328678493,0.6970447404573846,0.6160711348021779
1575.7,0.00328700332,0.6972196894690776,0.6164497827965741
1575.8,0.003287219605,0.6974961496225937,0.6168351248965968
1575.9,0.003287432415,0.6978525444595874,0.6172426793133171
1576.0,0.00328764089,0.6981979688550349,0.6176626725519903
1576.1,0.00328784493,0.6985205538718908,0.6180971573292559
1576.2,0.003288042725,0.6989094767592199,0.6185270654343438
1576.3,0.00328823142,0.6994214244148635,0.6189028878803073
1576.4,0.00328840792,0.7000392311765627,0.6192109153851251
1576.5,0.003288569555,0.7006448611251365,0.6194857576184243
1576.6,0.00328871322,0.7011217611731366,0.6197512077463264
1576.7,0.003288837845,0.701429034067399,0.6199993433004776
1576.8,0.00328894264,0.7016086137866634,0.6202329489886058
1576.9,0.00328902692,0.7017029683804213,0.6204423430504715
1577.0,0.003289089715,0.701711142804506,0.6206093237265581
1577.1,0.003289130825,0.7016504158185122,0.6207205700356958
1577.2,0.00328914982,0.7015470385706531,0.6207591029262292
1577.3,0.003289148765,0.701384322920753,0.620725913256481
1577.4,0.00328913,0.7011366523223146,0.6206523849087423
1577.5,0.00328909711,0.7008068290759849,0.6205588584388079
1577.6,0.003289052565,0.7004059178710896,0.6204494618994245
1577.7,0.00328899647,0.6998835338446507,0.6203035851861477
1577.8,0.00328892794,0.6991388004565614,0.6200991906548311
1577.9,0.00328884723,0.6981698453176,0.6198351196861038
1578.0,0.00328875345,0.6971099850536143,0.619501052148099
1578.1,0.00328864441,0.6960819365568389,0.6190880822539624
1578.2,0.003288518845,0.6950836075265665,0.6186185096566673
1578.3,0.003288376935,0.6940635009760193,0.6181029403730126
1578.4,0.003288220815,0.6929973638099117,0.6175213467498314
1578.5,0.003288051845,0.6918894685942527,0.6169016368113028
1578.6,0.003287870175,0.6907377670106319,0.6162748155636436
1578.7,0.00328767503,0.689541203483918,0.6156306847687817
1578.8,0.00328746548,0.6883122689865014,0.6150221953425745
1578.9,0.00328724498,0.6870479224566937,0.6144464808958854
1579.0,0.00328701454,0.6857554586726362,0.6138230946656336
1579.1,0.00328677197,0.6844658286051523,0.61310380315149
1579.2,0.003286518665,0.6832290275597311,0.6123173965368508
1579.3,0.003286257655,0.6820812278341862,0.6115151374456815
1579.4,0.00328599118,0.6810142298716916,0.6107070507001399
1579.5,0.003285718755,0.6799954427900589,0.6098832019559366
1579.6,0.00328543905,0.6790139841123363,0.6090557560881449
1579.7,0.003285151615,0.6780958976416218,0.6082639886598016
1579.8,0.003284854725,0.6772935034619684,0.607513143617364
1579.9,0.003284547505,0.6766461028974725,0.6067748297597029
1580.0,0.0032842291,0.6761819639988311,0.6060979145605451
1580.1,0.003283900365,0.6759074956150577,0.6055718573839756
1580.2,0.003283563455,0.6757922305805975,0.6051988655129928
1580.3,0.00328322067,0.675804124650384,0.6049002389100318
1580.4,0.003282873445,0.6759305297723938,0.6046521844089711
1580.5,0.00328252359,0.6761478086035013,0.6044796575652138
1580.6,0.0032821737,0.6764177028283712,0.6043508604345577
1580.7,0.00328182718,0.6767341931554792,0.6042496414608516
1580.8,0.00328148714,0.6771136095834385,0.60423996472716
1580.9,0.00328115518,0.6775632720231322,0.6043492525674375
1581.0,0.003280831315,0.678130367196217,0.6045184581194414
1581.1,0.003280516025,0.6789608409310082,0.6047175188547507
1581.2,0.00328021084,0.6801638824217738,0.6049513356579054
1581.3,0.00327991703,0.6816394759247942,0.605206937521157
1581.4,0.00327963469,0.6831771787145763,0.6055103198670772
1581.5,0.003279362575,0.6846467654924431,0.6058940277106013
1581.6,0.003279100585,0.6860219913933667,0.6062902120751898
1581.7,0.003278849885,0.6873312187158238,0.6066606573711676
1581.8,0.00327861097,0.6886017416167886,0.6070490223116414
1581.9,0.003278383455,0.6897970170905146,0.6074943883092221
1582.0,0.003278166365,0.6908451780634582,0.6079864911523916
1582.1,0.003277957905,0.6917246355109041,0.6084687670937405
1582.2,0.0032777566,0.6924787496946572,0.6089064242512677
1582.3,0.003277561835,0.6931407649481776,0.6093402675153134
1582.4,0.003277372805,0.6936949230427149,0.6098111363337374
1582.5,0.00327718802,0.6940818667266723,0.6102970031154894
1582.6,0.003277006615,0.694208516892909,0.6107396547770173
1582.7,0.00327682821,0.6940397379691875,0.6111111858074162
1582.8,0.003276651405,0.693696317909853,0.6114389569654246
1582.9,0.003276474265,0.6934065248371153,0.6117453590102033
1583.0,0.003276297205,0.6933608900622293,0.612025865535057
1583.1,0.003276120455,0.6935896042905959,0.6122902751674724
1583.2,0.003275945065,0.6939859413365875,0.6125405181019755
1583.3,0.00327577352,0.6943837109488291,0.6127190604673457
1583.4,0.00327560758,0.6945763219944207,0.6127972679031828
1583.5,0.00327544759,0.6944513997041433,0.612804839141478
1583.6,0.00327529341,0.6942240803429149,0.6127567972783007
1583.7,0.003275144655,0.6941711319403312,0.6126704374095276
1583.8,0.0032750009,0.6941736640640102,0.6126008963711849
1583.9,0.00327486388,0.6940264678818188,0.6125795536473334
1584.0,0.00327473642,0.6937568752498436,0.6125801524348932
1584.1,0.003274621545,0.6934786243885152,0.6125744366212192
1584.2,0.003274520785,0.6932090568892812,0.612559765383527
1584.3,0.003274436365,0.6928874834652599,0.6125434366415508
1584.4,0.00327437078,0.6924996350026182,0.6125416559868346
1584.5,0.00327432451,0.6920940239751132,0.6125780067271107
1584.6,0.003274298955,0.6917365547134319,0.6126325472888512
1584.7,0.00327429519,0.6914678417273997,0.6126650483214897
1584.8,0.003274313005,0.6912686773195328,0.6126488251370266
1584.9,0.003274351035,0.6910789942382943,0.6125989925660368
1585.0,0.00327440774,0.6908228853219883,0.6125260353598425
1585.1,0.003274480565,0.69043428287711,0.6124194530591582
1585.2,0.00327456739,0.6899011420374251,0.612287596645576
1585.3,0.00327466691,0.689288877045167,0.6121190784740447
1585.4,0.003274777295,0.6886806144419495,0.6118955748912532
1585.5,0.003274895315,0.6880855842269891,0.6116460595496087
1585.6,0.003275018625,0.6874518495905363,0.6114013420482647
1585.7,0.00327514409,0.6867652419497235,0.6111604510067726
1585.8,0.003275268725,0.6860418022766402,0.6108974368698141
1585.9,0.0032753903,0.6852663189796575,0.6106072203103867
1586.0,0.00327550726,0.6844238066618179,0.6103310648913581
1586.1,0.00327561878,0.6835439659400682,0.6100706739842655
1586.2,0.003275724335,0.6826622905282088,0.6097537218430373
1586.3,0.003275822395,0.6818014124597163,0.6093283074720812
1586.4,0.003275910605,0.6809569335048754,0.6088298604967071
1586.5,0.00327598669,0.6800945034896119,0.6083027138158054
1586.6,0.003276048725,0.6791690091434203,0.6077564442604212
1586.7,0.00327609573,0.6781487203804992,0.6072056457850676
1586.8,0.003276129215,0.6770751313566173,0.6066252836662067
1586.9,0.003276150805,0.6760160879067216,0.6060081630283433
1587.0,0.003276160285,0.6749733241899568,0.6054190440341197
1587.1,0.003276159225,0.6739049879089918,0.6048950797865761
1587.2,0.003276149005,0.6728173182668366,0.6044395054978269
1587.3,0.00327612927,0.6717829803015686,0.6040497664247264
1587.4,0.003276101665,0.6708606086984746,0.6036858971104911
1587.5,0.00327606839,0.6700466094755589,0.6033387266178467
1587.6,0.00327603175,0.6692978548488729,0.6030165072823758
1587.7,0.003275994615,0.6685711416362445,0.6027051327247449
1587.8,0.00327595631,0.6678367692207267,0.602416563616505
1587.9,0.00327591368,0.6670921552131581,0.602154562329018
1588.0,0.003275864715,0.6664020855372412,0.6018772639985821
1588.1,0.003275810275,0.6658504218672708,0.6016016483051715
1588.2,0.003275752035,0.6654416629639269,0.601381496173423
1588.3,0.00327568993,0.6650843444986929,0.6012184984085026
1588.4,0.00327562485,0.6646715078080847,0.601075878898489
1588.5,0.00327555724,0.6641355395350117,0.6009663416157549
1588.6,0.003275486915,0.6634762700334705,0.6008990907984565
1588.7,0.003275414305,0.6628495348654501,0.60087412393332
1588.8,0.00327534009,0.6625362301132929,0.6009113549478575
1588.9,0.003275265575,0.6626518093070185,0.6010059495592942
1589.0,0.00327519364,0.6630776584743978,0.6011309441062026
1589.1,0.003275125175,0.6636752270962224,0.6012761918726302
1589.2,0.00327506127,0.6643682058869367,0.6014665818122157
1589.3,0.003275001635,0.6651018180370323,0.6017603131855039
1589.4,0.00327494712,0.6658290967363383,0.6021486555065106
1589.5,0.0032748995,0.6665114443775126,0.6025635656482703
1589.6,0.00327485724,0.6671388329968052,0.6029707273659091
1589.7,0.00327481696,0.6677551380772158,0.6033960066483811
1589.8,0.003274775405,0.6684167951891737,0.6038422824511942
1589.9,0.00327473356,0.6691198459259352,0.6042802964936468
1590.0,0.00327469243,0.6698122969290835,0.6047146933063181
1590.1,0.003274652445,0.6704465656362875,0.6051411280665681
1590.2,0.003274614675,0.6710028411642732,0.6055337976172959
1590.3,0.00327457868,0.6714523716570755,0.6058888742420123
1590.4,0.003274544525,0.6717493149946927,0.6062146140462109
1590.5,0.00327451285,0.6718624437461486,0.606547164194964
1590.6,0.003274484665,0.671803790211306,0.6069147380752564
1590.7,0.003274459645,0.6716207924392343,0.6073105391655413
1590.8,0.00327443761,0.671373674761103,0.6077066625832325
1590.9,0.003274420115,0.6710791253170877,0.6080861682324231
1591.0,0.0032744084,0.6706833537577738,0.608436682636288
1591.1,0.00327440324,0.6701636275187198,0.6087602993521714
1591.2,0.00327440365,0.6696308008383004,0.6090635554060668
1591.3,0.003274409455,0.6692367257390194,0.6093175399774203
1591.4,0.003274421865,0.6690469986754838,0.6095153622969057
1591.5,0.003274441945,0.6690597284089161,0.6096900492997716
1591.6,0.003274470725,0.6692888133452158,0.6098276717925103
1591.7,0.00327450857,0.6697448343684403,0.6099299601643555
1591.8,0.003274553345,0.6704022754630572,0.6100423902256051
1591.9,0.00327460265,0.6711855184938942,0.6101617003747661
1592.0,0.003274653485,0.671996797097572,0.6102420082794514
1592.1,0.00327470455,0.6727722301290722,0.6102704491177442
1592.2,0.0032747553,0.6734855036083285,0.6102971765314039
1592.3,0.00327480445,0.6741194455898963,0.6103629972957264
1592.4,0.003274849365,0.6746754823568406,0.6104485472619133
1592.5,0.00327488964,0.6751577293955372,0.6105337698741458
1592.6,0.003274924195,0.675578759359786,0.6106216728932302
1592.7,0.00327495137,0.6759517355228055,0.6107027504881156
1592.8,0.00327497114,0.6762952121308078,0.6107646128456945
1592.9,0.00327498321,0.6766272659079215,0.6108159452130172
1593.0,0.0032749897,0.676953030216543,0.6108596516783323
1593.1,0.00327499304,0.6772650406325268,0.6108953018434468
1593.2,0.003274995845,0.6775482740598039,0.6109289275662552
1593.3,0.003275001005,0.6778238734169327,0.6109645331207539
1593.4,0.0032750115,0.6781423303810419,0.6109907855256044
1593.5,0.003275029655,0.6784999881382824,0.6110043333297637
1593.6,0.00327505665,0.6788471278433187,0.6110162506473359
1593.7,0.0032750952,0.6791752106473185,0.610994632719968
1593.8,0.00327514696,0.6795266103519931,0.6109478449805781
1593.9,0.00327521123,0.6799077483727266,0.6109094107360541
1594.0,0.00327528533,0.680241655689506,0.6108781267564096
1594.1,0.0032753672,0.6804680011570119,0.6108255503183961
1594.2,0.003275456345,0.680628549107981,0.6107305303353142
1594.3,0.00327555243,0.680766515290956,0.610596120435223
1594.4,0.003275654465,0.680844282275503,0.610435450590459
1594.5,0.00327576161,0.6808575900619835,0.6102369258108563
1594.6,0.00327587208,0.6809066114737502,0.6099740096915887
1594.7,0.00327598361,0.6810610647349713,0.6096623662136266
1594.8,0.003276094405,0.6812462176396032,0.6093740660257179
1594.9,0.003276201745,0.6813195486953233,0.6091688747865043
1595.0,0.00327630427,0.6812177925092736,0.6090185175337849
1595.1,0.0032764005,0.6809709261585544,0.608877199899767
1595.2,0.003276487865,0.6805854904390708,0.608748327370887
1595.3,0.003276564755,0.6799973780111336,0.6086239127619825
1595.4,0.003276631485,0.6792559872776275,0.6084707902794094
1595.5,0.00327668849,0.6785360850378722,0.6082929905865425
1595.6,0.003276735815,0.6778291638589614,0.6081198203446099
1595.7,0.00327677305,0.6770260408298124,0.6079803330024719
1595.8,0.003276800585,0.676291391954141,0.607883932603578
1595.9,0.00327681994,0.6757459046553276,0.6077975689648937
1596.0,0.00327683029,0.675146802936288,0.6077071331938119
1596.1,0.003276830695,0.6743896728235875,0.6076434845266502
1596.2,0.00327682214,0.6741414430216568,0.6076239406787523
1596.3,0.003276807955,0.674493590425383,0.6076144185114192
1596.4,0.003276790805,0.6746217485560936,0.6075834700538701
1596.5,0.00327677085,0.6742578076135458,0.6075652287102864
1596.6,0.00327674984,0.6736206612074712,0.6075741728245712
1596.7,0.003276730595,0.673024613116491,0.6075934069114334
1596.8,0.003276715565,0.6727115219926342,0.6076485073049848
1596.9,0.00327670648,0.6726989116397227,0.607781047957447
1597.0,0.00327670465,0.6728787301200289,0.6079906820369914
1597.1,0.00327671005,0.6731807188554478,0.6082188621946069
1597.2,0.00327672308,0.6735351721881817,0.6084094990633749
1597.3,0.00327674378,0.6738234698628164,0.6085780316862325
1597.4,0.003276770835,0.6739839612651176,0.6087355769029431
1597.5,0.003276801465,0.6740756706378613,0.6088776843333541
1597.6,0.00327683408,0.6741864117789003,0.6090048000836222
1597.7,0.003276868345,0.674322876280587,0.6090852726077625
1597.8,0.0032769023,0.6744335545897729,0.609075658705924
1597.9,0.003276932695,0.674490561930065,0.6089834548464966
1598.0,0.00327695585,0.6745033921944622,0.6088356391422342
1598.1,0.00327697051,0.6744705060025644,0.6086569648299724
1598.2,0.003276975265,0.6743710117632253,0.6084925313572094
1598.3,0.003276969845,0.674215163634866,0.6083634904389631
1598.4,0.00327695457,0.6740581468340395,0.6082186969468334
1598.5,0.00327692854,0.673917654810571,0.6079968634346966
1598.6,0.0032768915,0.6737574524347939,0.6076943776993198
1598.7,0.003276843945,0.6735410783823705,0.6073474415694874
1598.8,0.003276785535,0.6732831473423255,0.6069622622039643
1598.9,0.00327671627,0.6730327435582785,0.6065430078678833
1599.0,0.003276638995,0.6728174439305427,0.606114664275937
1599.1,0.003276558015,0.672647722529025,0.6056662232874671
1599.2,0.0032764755,0.6725036365235608,0.6051855300804969
1599.3,0.003276391715,0.6723416937054536,0.6046776024068128
1599.4,0.00327630575,0.6721584069068578,0.6041099989240366
1599.5,0.00327621694,0.6719767914355539,0.6034630388108307
1599.6,0.00327612382,0.6718140129538008,0.6028002771148959
1599.7,0.003276025825,0.6716634238515437,0.6021770869200257
1599.8,0.003275918975,0.6715021156351524,0.601580191855666
1599.9,0.003275798435,0.6713047670678393,0.600981469641019
1600.0,0.003275662975,0.6710494247001407,0.6004331567937728
