   100.1000       4.86229355E-03       4.17364680E-03       1.55587117E-03       2.83331430E-03
   100.2000       4.87439820E-03       4.17344907E-03       1.55678601E-03       2.83607535E-03
   100.3000       4.88646966E-03       4.17318340E-03       1.55764851E-03       2.83882674E-03
   100.4000       4.89850017E-03       4.17284923E-03       1.55845958E-03       2.84156863E-03
   100.5000       4.91048257E-03       4.17244665E-03       1.55922084E-03       2.84430119E-03
   100.6000       4.92241020E-03       4.17197657E-03       1.55993514E-03       2.84702468E-03
   100.7000       4.93427681E-03       4.17144094E-03       1.56060609E-03       2.84973941E-03
   100.8000       4.94607650E-03       4.17084277E-03       1.56123717E-03       2.85244568E-03
   100.9000       4.95780368E-03       4.17018603E-03       1.56183045E-03       2.85514365E-03
   101.0000       4.96945295E-03       4.16947538E-03       1.56238643E-03       2.85783336E-03
   101.1000       4.98101903E-03       4.16871576E-03       1.56290494E-03       2.86051480E-03
   101.2000       4.99249667E-03       4.16791199E-03       1.56338621E-03       2.86318793E-03
   101.3000       5.00388059E-03       4.16706850E-03       1.56383099E-03       2.86585265E-03
   101.4000       5.01516549E-03       4.16618889E-03       1.56424047E-03       2.86850876E-03
   101.5000       5.02634611E-03       4.16527595E-03       1.56461705E-03       2.87115589E-03
   101.6000       5.03741725E-03       4.16433173E-03       1.56496391E-03       2.87379356E-03
   101.7000       5.04837395E-03       4.16335759E-03       1.56528398E-03       2.87642129E-03
   101.8000       5.05921158E-03       4.16235450E-03       1.56557924E-03       2.87903864E-03
   101.9000       5.06992591E-03       4.16132328E-03       1.56585053E-03       2.88164517E-03
   102.0000       5.08051319E-03       4.16026489E-03       1.56609731E-03       2.88424044E-03
   102.1000       5.09097016E-03       4.15918063E-03       1.56631847E-03       2.88682396E-03
   102.2000       5.10129408E-03       4.15807241E-03       1.56651307E-03       2.88939526E-03
   102.3000       5.11148272E-03       4.15694271E-03       1.56667943E-03       2.89195393E-03
   102.4000       5.12153437E-03       4.15579476E-03       1.56681471E-03       2.89449957E-03
   102.5000       5.13144791E-03       4.15463252E-03       1.56691500E-03       2.89703184E-03
   102.6000       5.14122283E-03       4.15346050E-03       1.56697546E-03       2.89955040E-03
   102.7000       5.15085931E-03       4.15228377E-03       1.56699120E-03       2.90205499E-03
   102.8000       5.16035827E-03       4.15110773E-03       1.56695807E-03       2.90454535E-03
   102.9000       5.16972143E-03       4.14993787E-03       1.56687300E-03       2.90702128E-03
   103.0000       5.17895133E-03       4.14877966E-03       1.56673392E-03       2.90948263E-03
   103.1000       5.18805133E-03       4.14763817E-03       1.56654044E-03       2.91192934E-03
   103.2000       5.19702555E-03       4.14651812E-03       1.56629401E-03       2.91436138E-03
   103.3000       5.20587879E-03       4.14542355E-03       1.56599682E-03       2.91677882E-03
   103.4000       5.21461636E-03       4.14435772E-03       1.56565187E-03       2.91918178E-03
   103.5000       5.22324395E-03       4.14332299E-03       1.56526305E-03       2.92157044E-03
   103.6000       5.23176743E-03       4.14232092E-03       1.56483407E-03       2.92394498E-03
   103.7000       5.24019264E-03       4.14135255E-03       1.56436881E-03       2.92630550E-03
   103.8000       5.24852532E-03       4.14041858E-03       1.56387145E-03       2.92865203E-03
   103.9000       5.25677093E-03       4.13951967E-03       1.56334688E-03       2.93098456E-03
   104.0000       5.26493474E-03       4.13865673E-03       1.56280007E-03       2.93330299E-03
   104.1000       5.27302186E-03       4.13783088E-03       1.56223558E-03       2.93560718E-03
   104.2000       5.28103743E-03       4.13704364E-03       1.56165590E-03       2.93789693E-03
   104.3000       5.28898690E-03       4.13629697E-03       1.56106126E-03       2.94017195E-03
   104.4000       5.29687624E-03       4.13559334E-03       1.56045091E-03       2.94243189E-03
   104.5000       5.30471229E-03       4.13493573E-03       1.55982324E-03       2.94467632E-03
   104.6000       5.31250288E-03       4.13432752E-03       1.55917711E-03       2.94690476E-03
   104.7000       5.32025699E-03       4.13377245E-03       1.55851316E-03       2.94911664E-03
   104.8000       5.32798478E-03       4.13327444E-03       1.55783378E-03       2.95131139E-03
   104.9000       5.33569753E-03       4.13283732E-03       1.55714210E-03       2.95348837E-03
   105.0000       5.34340760E-03       4.13246429E-03       1.55643995E-03       2.95564693E-03
   105.1000       5.35112823E-03       4.13215739E-03       1.55572570E-03       2.95778640E-03
   105.2000       5.35887347E-03       4.13191704E-03       1.55499447E-03       2.95990616E-03
   105.3000       5.36665800E-03       4.13174174E-03       1.55424143E-03       2.96200562E-03
   105.4000       5.37449698E-03       4.13162801E-03       1.55346442E-03       2.96408434E-03
   105.5000       5.38240590E-03       4.13157055E-03       1.55266336E-03       2.96614201E-03
   105.6000       5.39040040E-03       4.13156237E-03       1.55183786E-03       2.96817841E-03
   105.7000       5.39849609E-03       4.13159554E-03       1.55098544E-03       2.97019347E-03
   105.8000       5.40670844E-03       4.13166183E-03       1.55010121E-03       2.97218721E-03
   105.9000       5.41505249E-03       4.13175339E-03       1.54917853E-03       2.97415978E-03
   106.0000       5.42354278E-03       4.13186365E-03       1.54821006E-03       2.97611141E-03
   106.1000       5.43219304E-03       4.13198776E-03       1.54718828E-03       2.97804248E-03
   106.2000       5.44101603E-03       4.13212297E-03       1.54610551E-03       2.97995341E-03
   106.3000       5.45002327E-03       4.13226865E-03       1.54495382E-03       2.98184471E-03
   106.4000       5.45922473E-03       4.13242608E-03       1.54372684E-03       2.98371691E-03
   106.5000       5.46862858E-03       4.13259805E-03       1.54241972E-03       2.98557055E-03
   106.6000       5.47824088E-03       4.13278821E-03       1.54102858E-03       2.98740620E-03
   106.7000       5.48806532E-03       4.13300058E-03       1.53955011E-03       2.98922442E-03
   106.8000       5.49810294E-03       4.13323944E-03       1.53798324E-03       2.99102577E-03
   106.9000       5.50835205E-03       4.13350888E-03       1.53633198E-03       2.99281078E-03
   107.0000       5.51880801E-03       4.13381189E-03       1.53460569E-03       2.99458002E-03
   107.1000       5.52946326E-03       4.13414966E-03       1.53281625E-03       2.99633400E-03
   107.2000       5.54030731E-03       4.13452088E-03       1.53097488E-03       2.99807325E-03
   107.3000       5.55132686E-03       4.13492217E-03       1.52909115E-03       2.99979825E-03
   107.4000       5.56250595E-03       4.13534849E-03       1.52717329E-03       3.00150944E-03
   107.5000       5.57382620E-03       4.13579435E-03       1.52522823E-03       3.00320715E-03
   107.6000       5.58526719E-03       4.13625459E-03       1.52326193E-03       3.00489162E-03
   107.7000       5.59680680E-03       4.13672483E-03       1.52127984E-03       3.00656305E-03
   107.8000       5.60842177E-03       4.13720160E-03       1.51928726E-03       3.00822169E-03
   107.9000       5.62008819E-03       4.13768218E-03       1.51728925E-03       3.00986797E-03
   108.0000       5.63178211E-03       4.13816436E-03       1.51529005E-03       3.01150253E-03
   108.1000       5.64348012E-03       4.13864635E-03       1.51329369E-03       3.01312601E-03
   108.2000       5.65515990E-03       4.13912652E-03       1.51130449E-03       3.01473901E-03
   108.3000       5.66680068E-03       4.13960307E-03       1.50932706E-03       3.01634203E-03
   108.4000       5.67838360E-03       4.14007377E-03       1.50736525E-03       3.01793549E-03
   108.5000       5.68989191E-03       4.14053607E-03       1.50542320E-03       3.01951977E-03
   108.6000       5.70131102E-03       4.14098696E-03       1.50350552E-03       3.02109527E-03
   108.7000       5.71262848E-03       4.14142270E-03       1.50161643E-03       3.02266237E-03
   108.8000       5.72383372E-03       4.14183890E-03       1.49975955E-03       3.02422151E-03
   108.9000       5.73491781E-03       4.14223053E-03       1.49793832E-03       3.02577307E-03
   109.0000       5.74587311E-03       4.14259242E-03       1.49615530E-03       3.02731744E-03
   109.1000       5.75669300E-03       4.14291923E-03       1.49441112E-03       3.02885499E-03
   109.2000       5.76737156E-03       4.14320517E-03       1.49270390E-03       3.03038608E-03
   109.3000       5.77790342E-03       4.14344430E-03       1.49103105E-03       3.03191105E-03
   109.4000       5.78828361E-03       4.14363134E-03       1.48938979E-03       3.03343031E-03
   109.5000       5.79850760E-03       4.14376272E-03       1.48777794E-03       3.03494426E-03
   109.6000       5.80857134E-03       4.14383711E-03       1.48619461E-03       3.03645336E-03
   109.7000       5.81847141E-03       4.14385581E-03       1.48464005E-03       3.03795810E-03
   109.8000       5.82820517E-03       4.14382246E-03       1.48311664E-03       3.03945898E-03
   109.9000       5.83777096E-03       4.14374256E-03       1.48162721E-03       3.04095655E-03
   110.0000       5.84716824E-03       4.14362208E-03       1.48017374E-03       3.04245137E-03
   110.1000       5.85639772E-03       4.14346664E-03       1.47875755E-03       3.04394399E-03
   110.2000       5.86546149E-03       4.14328057E-03       1.47737961E-03       3.04543494E-03
   110.3000       5.87436308E-03       4.14306650E-03       1.47604169E-03       3.04692474E-03
   110.4000       5.88310752E-03       4.14282530E-03       1.47474668E-03       3.04841390E-03
   110.5000       5.89170141E-03       4.14255642E-03       1.47349790E-03       3.04990289E-03
   110.6000       5.90015301E-03       4.14225844E-03       1.47229754E-03       3.05139216E-03
   110.7000       5.90847227E-03       4.14192966E-03       1.47114662E-03       3.05288212E-03
   110.8000       5.91667088E-03       4.14156821E-03       1.47004502E-03       3.05437318E-03
   110.9000       5.92476228E-03       4.14117210E-03       1.46899150E-03       3.05586569E-03
   111.0000       5.93276156E-03       4.14073851E-03       1.46798464E-03       3.05735997E-03
   111.1000       5.94068533E-03       4.14026358E-03       1.46702304E-03       3.05885628E-03
   111.2000       5.94855145E-03       4.13974212E-03       1.46610646E-03       3.06035486E-03
   111.3000       5.95637871E-03       4.13916805E-03       1.46523630E-03       3.06185591E-03
   111.4000       5.96418640E-03       4.13853508E-03       1.46441519E-03       3.06335965E-03
   111.5000       5.97199382E-03       4.13783755E-03       1.46364432E-03       3.06486633E-03
   111.6000       5.97981977E-03       4.13707147E-03       1.46292369E-03       3.06637617E-03
   111.7000       5.98768203E-03       4.13623533E-03       1.46225266E-03       3.06788945E-03
   111.8000       5.99559681E-03       4.13533051E-03       1.46162976E-03       3.06940646E-03
   111.9000       6.00357836E-03       4.13436128E-03       1.46105186E-03       3.07092749E-03
   112.0000       6.01163859E-03       4.13333400E-03       1.46051422E-03       3.07245281E-03
   112.1000       6.01978685E-03       4.13225639E-03       1.46001056E-03       3.07398267E-03
   112.2000       6.02802978E-03       4.13113611E-03       1.45953350E-03       3.07551729E-03
   112.3000       6.03637136E-03       4.12997981E-03       1.45907706E-03       3.07705687E-03
   112.4000       6.04481302E-03       4.12879235E-03       1.45863786E-03       3.07860154E-03
   112.5000       6.05335388E-03       4.12757636E-03       1.45821365E-03       3.08015144E-03
   112.6000       6.06199108E-03       4.12633213E-03       1.45780155E-03       3.08170663E-03
   112.7000       6.07072012E-03       4.12505783E-03       1.45739478E-03       3.08326719E-03
   112.8000       6.07953522E-03       4.12374970E-03       1.45698202E-03       3.08483313E-03
   112.9000       6.08842972E-03       4.12240223E-03       1.45655028E-03       3.08640447E-03
   113.0000       6.09739645E-03       4.12100872E-03       1.45609188E-03       3.08798120E-03
   113.1000       6.10642804E-03       4.11956171E-03       1.45560921E-03       3.08956332E-03
   113.2000       6.11551726E-03       4.11805332E-03       1.45511282E-03       3.09115078E-03
   113.3000       6.12465725E-03       4.11647551E-03       1.45461493E-03       3.09274351E-03
   113.4000       6.13384181E-03       4.11482029E-03       1.45412255E-03       3.09434139E-03
   113.5000       6.14306557E-03       4.11308034E-03       1.45363669E-03       3.09594426E-03
   113.6000       6.15232421E-03       4.11124957E-03       1.45315604E-03       3.09755196E-03
   113.7000       6.16161460E-03       4.10932376E-03       1.45267816E-03       3.09916434E-03
   113.8000       6.17093486E-03       4.10730075E-03       1.45219658E-03       3.10078123E-03
   113.9000       6.18028449E-03       4.10518007E-03       1.45170303E-03       3.10240253E-03
   114.0000       6.18966428E-03       4.10296293E-03       1.45119467E-03       3.10402815E-03
   114.1000       6.19907633E-03       4.10065168E-03       1.45067377E-03       3.10565808E-03
   114.2000       6.20852382E-03       4.09824978E-03       1.45014565E-03       3.10729242E-03
   114.3000       6.21801087E-03       4.09576157E-03       1.44961807E-03       3.10893131E-03
   114.4000       6.22754213E-03       4.09319245E-03       1.44909736E-03       3.11057497E-03
   114.5000       6.23712243E-03       4.09054877E-03       1.44858326E-03       3.11222357E-03
   114.6000       6.24675635E-03       4.08783793E-03       1.44807469E-03       3.11387729E-03
   114.7000       6.25644782E-03       4.08506814E-03       1.44757913E-03       3.11553625E-03
   114.8000       6.26619982E-03       4.08224821E-03       1.44710359E-03       3.11720043E-03
   114.9000       6.27601419E-03       4.07938705E-03       1.44664186E-03       3.11886963E-03
   115.0000       6.28589162E-03       4.07649340E-03       1.44618129E-03       3.12054342E-03
   115.1000       6.29583185E-03       4.07357604E-03       1.44571839E-03       3.12222122E-03
   115.2000       6.30583393E-03       4.07064377E-03       1.44525763E-03       3.12390245E-03
   115.3000       6.31589659E-03       4.06770527E-03       1.44480586E-03       3.12558656E-03
   115.4000       6.32601857E-03       4.06476886E-03       1.44437108E-03       3.12727318E-03
   115.5000       6.33619888E-03       4.06184275E-03       1.44395659E-03       3.12896206E-03
   115.6000       6.34643694E-03       4.05893513E-03       1.44355738E-03       3.13065305E-03
   115.7000       6.35673253E-03       4.05605409E-03       1.44316660E-03       3.13234605E-03
   115.8000       6.36708568E-03       4.05320681E-03       1.44278013E-03       3.13404101E-03
   115.9000       6.37749642E-03       4.05039894E-03       1.44239738E-03       3.13573797E-03
   116.0000       6.38796458E-03       4.04763450E-03       1.44201921E-03       3.13743710E-03
   116.1000       6.39848957E-03       4.04491605E-03       1.44164796E-03       3.13913868E-03
   116.2000       6.40907012E-03       4.04224548E-03       1.44128554E-03       3.14084310E-03
   116.3000       6.41970422E-03       4.03962385E-03       1.44092979E-03       3.14255074E-03
   116.4000       6.43038906E-03       4.03705132E-03       1.44057499E-03       3.14426193E-03
   116.5000       6.44112096E-03       4.03452685E-03       1.44021384E-03       3.14597696E-03
   116.6000       6.45189550E-03       4.03204809E-03       1.43984014E-03       3.14769604E-03
   116.7000       6.46270752E-03       4.02961143E-03       1.43945179E-03       3.14941928E-03
   116.8000       6.47355120E-03       4.02721213E-03       1.43905313E-03       3.15114675E-03
   116.9000       6.48442005E-03       4.02484421E-03       1.43865402E-03       3.15287846E-03
   117.0000       6.49530705E-03       4.02250088E-03       1.43826402E-03       3.15461438E-03
   117.1000       6.50620470E-03       4.02017517E-03       1.43788540E-03       3.15635441E-03
   117.2000       6.51710521E-03       4.01786078E-03       1.43751407E-03       3.15809839E-03
   117.3000       6.52800069E-03       4.01555270E-03       1.43714940E-03       3.15984620E-03
   117.4000       6.53888332E-03       4.01324802E-03       1.43679824E-03       3.16159770E-03
   117.5000       6.54974550E-03       4.01094581E-03       1.43646617E-03       3.16335276E-03
   117.6000       6.56057992E-03       4.00864703E-03       1.43615207E-03       3.16511131E-03
   117.7000       6.57137968E-03       4.00635302E-03       1.43585287E-03       3.16687330E-03
   117.8000       6.58213842E-03       4.00406496E-03       1.43556743E-03       3.16863872E-03
   117.9000       6.59285065E-03       4.00178375E-03       1.43529765E-03       3.17040753E-03
   118.0000       6.60351191E-03       3.99951107E-03       1.43504554E-03       3.17217967E-03
   118.1000       6.61411905E-03       3.99724904E-03       1.43480914E-03       3.17395498E-03
   118.2000       6.62467044E-03       3.99499793E-03       1.43458358E-03       3.17573321E-03
   118.3000       6.63516602E-03       3.99275432E-03       1.43436588E-03       3.17751400E-03
   118.4000       6.64560734E-03       3.99051205E-03       1.43415671E-03       3.17929690E-03
   118.5000       6.65599750E-03       3.98826513E-03       1.43395745E-03       3.18108141E-03
   118.6000       6.66634104E-03       3.98600933E-03       1.43376746E-03       3.18286687E-03
   118.7000       6.67664383E-03       3.98374201E-03       1.43358856E-03       3.18465254E-03
   118.8000       6.68691278E-03       3.98146135E-03       1.43342342E-03       3.18643757E-03
   118.9000       6.69715547E-03       3.97916657E-03       1.43327368E-03       3.18822108E-03
   119.0000       6.70737969E-03       3.97685862E-03       1.43314147E-03       3.19000214E-03
   119.1000       6.71759279E-03       3.97453978E-03       1.43302557E-03       3.19177980E-03
   119.2000       6.72780120E-03       3.97221252E-03       1.43292156E-03       3.19355305E-03
   119.3000       6.73801015E-03       3.96987871E-03       1.43282512E-03       3.19532083E-03
   119.4000       6.74822387E-03       3.96753922E-03       1.43273088E-03       3.19708204E-03
   119.5000       6.75844601E-03       3.96519444E-03       1.43263201E-03       3.19883558E-03
   119.6000       6.76868033E-03       3.96284436E-03       1.43252267E-03       3.20058029E-03
   119.7000       6.77893100E-03       3.96048879E-03       1.43240019E-03       3.20231502E-03
   119.8000       6.78920270E-03       3.95812738E-03       1.43226317E-03       3.20403865E-03
   119.9000       6.79950046E-03       3.95575916E-03       1.43211217E-03       3.20575007E-03
   120.0000       6.80982928E-03       3.95338237E-03       1.43195083E-03       3.20744821E-03
   120.1000       6.82019390E-03       3.95099398E-03       1.43178357E-03       3.20913211E-03
   120.2000       6.83059857E-03       3.94859001E-03       1.43161458E-03       3.21080089E-03
   120.3000       6.84104710E-03       3.94616609E-03       1.43144797E-03       3.21245384E-03
   120.4000       6.85154288E-03       3.94371810E-03       1.43129252E-03       3.21409038E-03
   120.5000       6.86208890E-03       3.94124248E-03       1.43116197E-03       3.21571007E-03
   120.6000       6.87268760E-03       3.93873617E-03       1.43106935E-03       3.21731250E-03
   120.7000       6.88334035E-03       3.93619634E-03       1.43102390E-03       3.21889726E-03
   120.8000       6.89404689E-03       3.93362036E-03       1.43103431E-03       3.22046396E-03
   120.9000       6.90480481E-03       3.93100638E-03       1.43111090E-03       3.22201219E-03
   121.0000       6.91560939E-03       3.92835343E-03       1.43126598E-03       3.22354155E-03
   121.1000       6.92645388E-03       3.92566118E-03       1.43150863E-03       3.22505158E-03
   121.2000       6.93732988E-03       3.92293009E-03       1.43183703E-03       3.22654177E-03
   121.3000       6.94822773E-03       3.92016165E-03       1.43223457E-03       3.22801155E-03
   121.4000       6.95913678E-03       3.91735825E-03       1.43266872E-03       3.22946022E-03
   121.5000       6.97004525E-03       3.91452255E-03       1.43309531E-03       3.23088694E-03
   121.6000       6.98094012E-03       3.91165751E-03       1.43346715E-03       3.23229061E-03
   121.7000       6.99180684E-03       3.90876586E-03       1.43374377E-03       3.23366987E-03
   121.8000       7.00262917E-03       3.90584942E-03       1.43389885E-03       3.23502304E-03
   121.9000       7.01338918E-03       3.90290905E-03       1.43392060E-03       3.23634819E-03
   122.0000       7.02406738E-03       3.89994482E-03       1.43380668E-03       3.23764331E-03
   122.1000       7.03464299E-03       3.89695659E-03       1.43356227E-03       3.23890653E-03
   122.2000       7.04509436E-03       3.89394392E-03       1.43319858E-03       3.24013634E-03
   122.3000       7.05539927E-03       3.89090597E-03       1.43272348E-03       3.24133163E-03
   122.4000       7.06553536E-03       3.88784204E-03       1.43213653E-03       3.24249185E-03
   122.5000       7.07548039E-03       3.88475122E-03       1.43144278E-03       3.24361690E-03
   122.6000       7.08521263E-03       3.88163290E-03       1.43066987E-03       3.24470690E-03
   122.7000       7.09471104E-03       3.87848651E-03       1.42985248E-03       3.24576194E-03
   122.8000       7.10395560E-03       3.87531148E-03       1.42899847E-03       3.24678193E-03
   122.9000       7.11292754E-03       3.87210797E-03       1.42807572E-03       3.24776658E-03
   123.0000       7.12160968E-03       3.86887698E-03       1.42706392E-03       3.24871544E-03
   123.1000       7.12998666E-03       3.86562065E-03       1.42599230E-03       3.24962828E-03
   123.2000       7.13804530E-03       3.86234247E-03       1.42488324E-03       3.25050492E-03
   123.3000       7.14577482E-03       3.85904704E-03       1.42376930E-03       3.25134473E-03
   123.4000       7.15316705E-03       3.85573972E-03       1.42267200E-03       3.25214611E-03
   123.5000       7.16021656E-03       3.85242651E-03       1.42157060E-03       3.25290615E-03
   123.6000       7.16692073E-03       3.84911305E-03       1.42046935E-03       3.25362131E-03
   123.7000       7.17327966E-03       3.84580452E-03       1.41936886E-03       3.25428911E-03
   123.8000       7.17929605E-03       3.84250563E-03       1.41829475E-03       3.25490839E-03
   123.9000       7.18497489E-03       3.83922066E-03       1.41728128E-03       3.25547832E-03
   124.0000       7.19032308E-03       3.83595335E-03       1.41630321E-03       3.25599832E-03
   124.1000       7.19534903E-03       3.83270712E-03       1.41529062E-03       3.25646849E-03
   124.2000       7.20006220E-03       3.82948515E-03       1.41419874E-03       3.25688947E-03
   124.3000       7.20447277E-03       3.82629081E-03       1.41304808E-03       3.25726170E-03
   124.4000       7.20859129E-03       3.82312733E-03       1.41189055E-03       3.25758558E-03
   124.5000       7.21242847E-03       3.81999794E-03       1.41076960E-03       3.25786256E-03
   124.6000       7.21599505E-03       3.81690554E-03       1.40970442E-03       3.25809486E-03
   124.7000       7.21930167E-03       3.81385249E-03       1.40868321E-03       3.25828403E-03
   124.8000       7.22235883E-03       3.81084027E-03       1.40766370E-03       3.25843115E-03
   124.9000       7.22517677E-03       3.80786994E-03       1.40659754E-03       3.25853738E-03
   125.0000       7.22776536E-03       3.80494232E-03       1.40547032E-03       3.25860331E-03
   125.1000       7.23013401E-03       3.80205802E-03       1.40430895E-03       3.25862893E-03
   125.2000       7.23229156E-03       3.79921796E-03       1.40314282E-03       3.25861394E-03
   125.3000       7.23424620E-03       3.79642294E-03       1.40197989E-03       3.25855797E-03
   125.4000       7.23600546E-03       3.79367322E-03       1.40081291E-03       3.25846093E-03
   125.5000       7.23757626E-03       3.79096792E-03       1.39962567E-03       3.25832293E-03
   125.6000       7.23896503E-03       3.78830475E-03       1.39839775E-03       3.25814413E-03
   125.7000       7.24017785E-03       3.78568066E-03       1.39711437E-03       3.25792482E-03
   125.8000       7.24122061E-03       3.78309305E-03       1.39577832E-03       3.25766544E-03
   125.9000       7.24209919E-03       3.78054123E-03       1.39440782E-03       3.25736646E-03
   126.0000       7.24281959E-03       3.77802631E-03       1.39301956E-03       3.25702835E-03
   126.1000       7.24338803E-03       3.77555050E-03       1.39161680E-03       3.25665182E-03
   126.2000       7.24381105E-03       3.77311648E-03       1.39019317E-03       3.25623786E-03
   126.3000       7.24409547E-03       3.77072672E-03       1.38873825E-03       3.25578777E-03
   126.4000       7.24424847E-03       3.76838250E-03       1.38724526E-03       3.25530304E-03
   126.5000       7.24427757E-03       3.76608359E-03       1.38571513E-03       3.25478520E-03
   126.6000       7.24419065E-03       3.76382901E-03       1.38415358E-03       3.25423571E-03
   126.7000       7.24399588E-03       3.76161660E-03       1.38256581E-03       3.25365589E-03
   126.8000       7.24370178E-03       3.75944348E-03       1.38094784E-03       3.25304690E-03
   126.9000       7.24331707E-03       3.75730697E-03       1.37928849E-03       3.25240978E-03
   127.0000       7.24285058E-03       3.75520503E-03       1.37758721E-03       3.25174543E-03
   127.1000       7.24231114E-03       3.75313593E-03       1.37585465E-03       3.25105457E-03
   127.2000       7.24170738E-03       3.75109815E-03       1.37410365E-03       3.25033772E-03
   127.3000       7.24104764E-03       3.74909035E-03       1.37234416E-03       3.24959519E-03
   127.4000       7.24033975E-03       3.74711146E-03       1.37057982E-03       3.24882708E-03
   127.5000       7.23959094E-03       3.74516043E-03       1.36881224E-03       3.24803337E-03
   127.6000       7.23880776E-03       3.74323660E-03       1.36704815E-03       3.24721390E-03
   127.7000       7.23799604E-03       3.74133962E-03       1.36530058E-03       3.24636839E-03
   127.8000       7.23716082E-03       3.73946957E-03       1.36358237E-03       3.24549649E-03
   127.9000       7.23630638E-03       3.73762716E-03       1.36190434E-03       3.24459795E-03
   128.0000       7.23543618E-03       3.73581326E-03       1.36027439E-03       3.24367288E-03
   128.1000       7.23455293E-03       3.73402877E-03       1.35869719E-03       3.24272176E-03
   128.2000       7.23365857E-03       3.73227423E-03       1.35717922E-03       3.24174546E-03
   128.3000       7.23275429E-03       3.73055013E-03       1.35573116E-03       3.24074492E-03
   128.4000       7.23184058E-03       3.72885698E-03       1.35436328E-03       3.23972107E-03
   128.5000       7.23091721E-03       3.72719488E-03       1.35308154E-03       3.23867478E-03
   128.6000       7.22998328E-03       3.72556323E-03       1.35188894E-03       3.23760718E-03
   128.7000       7.22903726E-03       3.72396097E-03       1.35078377E-03       3.23651983E-03
   128.8000       7.22807709E-03       3.72238673E-03       1.34975566E-03       3.23541435E-03
   128.9000       7.22710026E-03       3.72083899E-03       1.34878950E-03       3.23429208E-03
   129.0000       7.22610395E-03       3.71931550E-03       1.34787489E-03       3.23315392E-03
   129.1000       7.22508520E-03       3.71781368E-03       1.34701005E-03       3.23200055E-03
   129.2000       7.22404104E-03       3.71633080E-03       1.34619639E-03       3.23083255E-03
   129.3000       7.22296865E-03       3.71486424E-03       1.34543131E-03       3.22965054E-03
   129.4000       7.22186550E-03       3.71341115E-03       1.34470560E-03       3.22845508E-03
   129.5000       7.22072939E-03       3.71196846E-03       1.34401015E-03       3.22724676E-03
   129.6000       7.21955856E-03       3.71053218E-03       1.34333497E-03       3.22602620E-03
   129.7000       7.21835169E-03       3.70909729E-03       1.34266415E-03       3.22479412E-03
   129.8000       7.21710783E-03       3.70765811E-03       1.34198350E-03       3.22355137E-03
   129.9000       7.21582638E-03       3.70620903E-03       1.34129261E-03       3.22229884E-03
   130.0000       7.21450703E-03       3.70474432E-03       1.34060137E-03       3.22103738E-03
   130.1000       7.21314970E-03       3.70325860E-03       1.33991786E-03       3.21976776E-03
   130.2000       7.21175443E-03       3.70174706E-03       1.33924508E-03       3.21849065E-03
   130.3000       7.21032138E-03       3.70020596E-03       1.33858442E-03       3.21720657E-03
   130.4000       7.20885072E-03       3.69863336E-03       1.33793895E-03       3.21591598E-03
   130.5000       7.20734261E-03       3.69702870E-03       1.33731077E-03       3.21461918E-03
   130.6000       7.20579722E-03       3.69539244E-03       1.33669819E-03       3.21331636E-03
   130.7000       7.20421461E-03       3.69372567E-03       1.33609575E-03       3.21200756E-03
   130.8000       7.20259487E-03       3.69202986E-03       1.33549695E-03       3.21069266E-03
   130.9000       7.20093797E-03       3.69030721E-03       1.33489438E-03       3.20937148E-03
   131.0000       7.19924384E-03       3.68856000E-03       1.33427847E-03       3.20804380E-03
   131.1000       7.19751237E-03       3.68679055E-03       1.33363951E-03       3.20670939E-03
   131.2000       7.19574341E-03       3.68500177E-03       1.33297504E-03       3.20536801E-03
   131.3000       7.19393677E-03       3.68319647E-03       1.33229380E-03       3.20401945E-03
   131.4000       7.19209222E-03       3.68137738E-03       1.33161025E-03       3.20266349E-03
   131.5000       7.19020950E-03       3.67954727E-03       1.33093441E-03       3.20129988E-03
   131.6000       7.18828829E-03       3.67770874E-03       1.33026494E-03       3.19992839E-03
   131.7000       7.18632810E-03       3.67586399E-03       1.32959057E-03       3.19854872E-03
   131.8000       7.18432826E-03       3.67401523E-03       1.32889471E-03       3.19716055E-03
   131.9000       7.18228782E-03       3.67216496E-03       1.32815357E-03       3.19576341E-03
   132.0000       7.18020541E-03       3.67031594E-03       1.32733859E-03       3.19435666E-03
   132.1000       7.17807924E-03       3.66847103E-03       1.32644036E-03       3.19293961E-03
   132.2000       7.17590693E-03       3.66663273E-03       1.32549111E-03       3.19151150E-03
   132.3000       7.17368554E-03       3.66480338E-03       1.32453199E-03       3.19007170E-03
   132.4000       7.17141150E-03       3.66298543E-03       1.32356762E-03       3.18861967E-03
   132.5000       7.16908061E-03       3.66118094E-03       1.32257849E-03       3.18715506E-03
   132.6000       7.16668811E-03       3.65939149E-03       1.32155170E-03       3.18567769E-03
   132.7000       7.16422876E-03       3.65761792E-03       1.32048609E-03       3.18418763E-03
   132.8000       7.16169690E-03       3.65586067E-03       1.31938391E-03       3.18268514E-03
   132.9000       7.15908669E-03       3.65411987E-03       1.31825138E-03       3.18117051E-03
   133.0000       7.15639222E-03       3.65239544E-03       1.31710330E-03       3.17964384E-03
   133.1000       7.15360776E-03       3.65068712E-03       1.31595692E-03       3.17810499E-03
   133.2000       7.15072794E-03       3.64899476E-03       1.31481647E-03       3.17655376E-03
   133.3000       7.14774793E-03       3.64731884E-03       1.31367983E-03       3.17499028E-03
   133.4000       7.14466366E-03       3.64566007E-03       1.31255777E-03       3.17341533E-03
   133.5000       7.14147203E-03       3.64401902E-03       1.31146215E-03       3.17183019E-03
   133.6000       7.13817097E-03       3.64239658E-03       1.31039244E-03       3.17023589E-03
   133.7000       7.13475964E-03       3.64079379E-03       1.30934487E-03       3.16863281E-03
   133.8000       7.13123856E-03       3.63921131E-03       1.30831735E-03       3.16702053E-03
   133.9000       7.12760966E-03       3.63764911E-03       1.30730953E-03       3.16539822E-03
   134.0000       7.12387636E-03       3.63610624E-03       1.30632493E-03       3.16376502E-03
   134.1000       7.12004357E-03       3.63458156E-03       1.30536251E-03       3.16212052E-03
   134.2000       7.11611767E-03       3.63307372E-03       1.30441665E-03       3.16046466E-03
   134.3000       7.11210640E-03       3.63158114E-03       1.30348792E-03       3.15879734E-03
   134.4000       7.10801869E-03       3.63010192E-03       1.30257963E-03       3.15711836E-03
   134.5000       7.10386443E-03       3.62863395E-03       1.30169295E-03       3.15542755E-03
   134.6000       7.09965412E-03       3.62717477E-03       1.30082786E-03       3.15372478E-03
   134.7000       7.09539850E-03       3.62572168E-03       1.29998207E-03       3.15200995E-03
   134.8000       7.09110811E-03       3.62427187E-03       1.29915438E-03       3.15028326E-03
   134.9000       7.08679288E-03       3.62282226E-03       1.29834543E-03       3.14854525E-03
   135.0000       7.08246172E-03       3.62136942E-03       1.29755308E-03       3.14679663E-03
   135.1000       7.07812213E-03       3.61990996E-03       1.29677594E-03       3.14503819E-03
   135.2000       7.07378008E-03       3.61844054E-03       1.29601733E-03       3.14327074E-03
   135.3000       7.06943984E-03       3.61695758E-03       1.29528692E-03       3.14149511E-03
   135.4000       7.06510413E-03       3.61545736E-03       1.29459657E-03       3.13971201E-03
   135.5000       7.06077427E-03       3.61393620E-03       1.29394204E-03       3.13792202E-03
   135.6000       7.05645045E-03       3.61239016E-03       1.29328654E-03       3.13612564E-03
   135.7000       7.05213208E-03       3.61081540E-03       1.29258479E-03       3.13432337E-03
   135.8000       7.04781813E-03       3.60920834E-03       1.29184293E-03       3.13251581E-03
   135.9000       7.04350739E-03       3.60756567E-03       1.29112395E-03       3.13070369E-03
   136.0000       7.03919872E-03       3.60588461E-03       1.29045344E-03       3.12888778E-03
   136.1000       7.03489126E-03       3.60416264E-03       1.28976595E-03       3.12706865E-03
   136.2000       7.03058447E-03       3.60239754E-03       1.28900226E-03       3.12524664E-03
   136.3000       7.02627825E-03       3.60058770E-03       1.28820559E-03       3.12342185E-03
   136.4000       7.02197289E-03       3.59873142E-03       1.28745864E-03       3.12159439E-03
   136.5000       7.01766911E-03       3.59682720E-03       1.28678148E-03       3.11976432E-03
   136.6000       7.01336807E-03       3.59487385E-03       1.28614115E-03       3.11793155E-03
   136.7000       7.00907128E-03       3.59287034E-03       1.28550773E-03       3.11609583E-03
   136.8000       7.00478056E-03       3.59081531E-03       1.28487028E-03       3.11425698E-03
   136.9000       7.00049798E-03       3.58870658E-03       1.28422086E-03       3.11241499E-03
   137.0000       6.99622573E-03       3.58654213E-03       1.28355145E-03       3.11056978E-03
   137.1000       6.99196596E-03       3.58431991E-03       1.28286822E-03       3.10872114E-03
   137.2000       6.98772065E-03       3.58203822E-03       1.28219646E-03       3.10686914E-03
   137.3000       6.98349134E-03       3.57969542E-03       1.28156674E-03       3.10501419E-03
   137.4000       6.97927897E-03       3.57729001E-03       1.28099700E-03       3.10315616E-03
   137.5000       6.97508369E-03       3.57482115E-03       1.28048828E-03       3.10129395E-03
   137.6000       6.97090479E-03       3.57228876E-03       1.28003374E-03       3.09942628E-03
   137.7000       6.96674060E-03       3.56969344E-03       1.27963001E-03       3.09755292E-03
   137.8000       6.96258857E-03       3.56703594E-03       1.27927839E-03       3.09567477E-03
   137.9000       6.95844532E-03       3.56431728E-03       1.27898156E-03       3.09379234E-03
   138.0000       6.95430687E-03       3.56153836E-03       1.27874106E-03       3.09190561E-03
   138.1000       6.95016881E-03       3.55870054E-03       1.27855461E-03       3.09001479E-03
   138.2000       6.94602658E-03       3.55580503E-03       1.27841482E-03       3.08812050E-03
   138.3000       6.94187564E-03       3.55285329E-03       1.27831217E-03       3.08622365E-03
   138.4000       6.93771171E-03       3.54984689E-03       1.27823876E-03       3.08432513E-03
   138.5000       6.93353084E-03       3.54678688E-03       1.27819036E-03       3.08242538E-03
   138.6000       6.92932955E-03       3.54367405E-03       1.27816599E-03       3.08052417E-03
   138.7000       6.92510473E-03       3.54050992E-03       1.27816934E-03       3.07862073E-03
   138.8000       6.92085374E-03       3.53729630E-03       1.27820849E-03       3.07671445E-03
   138.9000       6.91657428E-03       3.53403534E-03       1.27828539E-03       3.07480529E-03
   139.0000       6.91226438E-03       3.53072957E-03       1.27839243E-03       3.07289363E-03
   139.1000       6.90792232E-03       3.52738197E-03       1.27851860E-03       3.07097975E-03
   139.2000       6.90354657E-03       3.52399552E-03       1.27866218E-03       3.06906371E-03
   139.3000       6.89913576E-03       3.52057260E-03       1.27883330E-03       3.06714533E-03
   139.4000       6.89468864E-03       3.51711569E-03       1.27903877E-03       3.06522444E-03
   139.5000       6.89020398E-03       3.51362729E-03       1.27927302E-03       3.06330099E-03
   139.6000       6.88568063E-03       3.51010986E-03       1.27952439E-03       3.06137504E-03
   139.7000       6.88111743E-03       3.50656599E-03       1.27978334E-03       3.05944674E-03
   139.8000       6.87651325E-03       3.50299868E-03       1.28004746E-03       3.05751619E-03
   139.9000       6.87186693E-03       3.49941205E-03       1.28032131E-03       3.05558355E-03
   140.0000       6.86717735E-03       3.49581064E-03       1.28061176E-03       3.05364895E-03
   140.1000       6.86244335E-03       3.49219925E-03       1.28092573E-03       3.05171255E-03
   140.2000       6.85766383E-03       3.48858286E-03       1.28127001E-03       3.04977454E-03
   140.3000       6.85283774E-03       3.48496665E-03       1.28164722E-03       3.04783517E-03
   140.4000       6.84796400E-03       3.48135599E-03       1.28205097E-03       3.04589473E-03
   140.5000       6.84304151E-03       3.47775665E-03       1.28246348E-03       3.04395351E-03
   140.6000       6.83806907E-03       3.47417438E-03       1.28286046E-03       3.04201184E-03
   140.7000       6.83304536E-03       3.47061437E-03       1.28321722E-03       3.04007012E-03
   140.8000       6.82796885E-03       3.46708145E-03       1.28351180E-03       3.03812875E-03
   140.9000       6.82283780E-03       3.46357984E-03       1.28373159E-03       3.03618814E-03
   141.0000       6.81765026E-03       3.46011358E-03       1.28387966E-03       3.03424866E-03
   141.1000       6.81240407E-03       3.45668671E-03       1.28397364E-03       3.03231078E-03
   141.2000       6.80709702E-03       3.45330278E-03       1.28403311E-03       3.03037507E-03
   141.3000       6.80172685E-03       3.44996538E-03       1.28406969E-03       3.02844218E-03
   141.4000       6.79629141E-03       3.44667801E-03       1.28408617E-03       3.02651260E-03
   141.5000       6.79078874E-03       3.44344407E-03       1.28407877E-03       3.02458661E-03
   141.6000       6.78521721E-03       3.44026623E-03       1.28404446E-03       3.02266431E-03
   141.7000       6.77957552E-03       3.43714704E-03       1.28398266E-03       3.02074577E-03
   141.8000       6.77386284E-03       3.43408891E-03       1.28389045E-03       3.01883103E-03
   141.9000       6.76807878E-03       3.43109390E-03       1.28376427E-03       3.01692011E-03
   142.0000       6.76222341E-03       3.42816374E-03       1.28360383E-03       3.01501306E-03
   142.1000       6.75629728E-03       3.42529958E-03       1.28341171E-03       3.01310998E-03
   142.2000       6.75030142E-03       3.42250208E-03       1.28319154E-03       3.01121104E-03
   142.3000       6.74423728E-03       3.41977190E-03       1.28294966E-03       3.00931652E-03
   142.4000       6.73810680E-03       3.41710977E-03       1.28269441E-03       3.00742677E-03
   142.5000       6.73191231E-03       3.41451623E-03       1.28243310E-03       3.00554224E-03
   142.6000       6.72565653E-03       3.41199098E-03       1.28217163E-03       3.00366332E-03
   142.7000       6.71934255E-03       3.40953353E-03       1.28191521E-03       3.00179036E-03
   142.8000       6.71297370E-03       3.40714349E-03       1.28166603E-03       2.99992368E-03
   142.9000       6.70655355E-03       3.40482030E-03       1.28142594E-03       2.99806370E-03
   143.0000       6.70008588E-03       3.40256246E-03       1.28119885E-03       2.99621096E-03
   143.1000       6.69357465E-03       3.40036742E-03       1.28099011E-03       2.99436609E-03
   143.2000       6.68702399E-03       3.39823197E-03       1.28080330E-03       2.99252967E-03
   143.3000       6.68043810E-03       3.39615147E-03       1.28063860E-03       2.99070204E-03
   143.4000       6.67382119E-03       3.39412061E-03       1.28049417E-03       2.98888314E-03
   143.5000       6.66717739E-03       3.39213293E-03       1.28036655E-03       2.98707269E-03
   143.6000       6.66051064E-03       3.39018142E-03       1.28025065E-03       2.98527060E-03
   143.7000       6.65382465E-03       3.38825874E-03       1.28014474E-03       2.98347690E-03
   143.8000       6.64712279E-03       3.38635751E-03       1.28005209E-03       2.98169155E-03
   143.9000       6.64040805E-03       3.38447156E-03       1.27998024E-03       2.97991450E-03
   144.0000       6.63368295E-03       3.38259581E-03       1.27993702E-03       2.97814583E-03
   144.1000       6.62694959E-03       3.38072528E-03       1.27992447E-03       2.97638571E-03
   144.2000       6.62020963E-03       3.37885573E-03       1.27993616E-03       2.97463433E-03
   144.3000       6.61346433E-03       3.37698369E-03       1.27996056E-03       2.97289190E-03
   144.4000       6.60671456E-03       3.37510639E-03       1.27998097E-03       2.97115856E-03
   144.5000       6.59996095E-03       3.37322180E-03       1.27998538E-03       2.96943435E-03
   144.6000       6.59320386E-03       3.37132900E-03       1.27997315E-03       2.96771922E-03
   144.7000       6.58644354E-03       3.36942767E-03       1.27994884E-03       2.96601299E-03
   144.8000       6.57968013E-03       3.36751775E-03       1.27991809E-03       2.96431541E-03
   144.9000       6.57291374E-03       3.36559938E-03       1.27988809E-03       2.96262613E-03
   145.0000       6.56614449E-03       3.36367256E-03       1.27986465E-03       2.96094474E-03
   145.1000       6.55937254E-03       3.36173799E-03       1.27985406E-03       2.95927078E-03
   145.2000       6.55259813E-03       3.35979666E-03       1.27986125E-03       2.95760372E-03
   145.3000       6.54582166E-03       3.35784969E-03       1.27988964E-03       2.95594303E-03
   145.4000       6.53904364E-03       3.35589851E-03       1.27993792E-03       2.95428819E-03
   145.5000       6.53226483E-03       3.35394478E-03       1.27999936E-03       2.95263872E-03
   145.6000       6.52548614E-03       3.35199017E-03       1.28006768E-03       2.95099400E-03
   145.7000       6.51870880E-03       3.35003651E-03       1.28013608E-03       2.94935316E-03
   145.8000       6.51193438E-03       3.34808491E-03       1.28019275E-03       2.94771554E-03
   145.9000       6.50516474E-03       3.34613592E-03       1.28022123E-03       2.94608092E-03
   146.0000       6.49840210E-03       3.34419003E-03       1.28020415E-03       2.94444913E-03
   146.1000       6.49164900E-03       3.34224743E-03       1.28012372E-03       2.94281969E-03
   146.2000       6.48490832E-03       3.34030797E-03       1.27996356E-03       2.94119171E-03
   146.3000       6.47818330E-03       3.33837184E-03       1.27971278E-03       2.93956418E-03
   146.4000       6.47147748E-03       3.33643951E-03       1.27936819E-03       2.93793621E-03
   146.5000       6.46479462E-03       3.33451116E-03       1.27893151E-03       2.93630714E-03
   146.6000       6.45813877E-03       3.33258683E-03       1.27840733E-03       2.93467647E-03
   146.7000       6.45151415E-03       3.33066616E-03       1.27780340E-03       2.93304383E-03
   146.8000       6.44492516E-03       3.32874874E-03       1.27712937E-03       2.93140888E-03
   146.9000       6.43837625E-03       3.32683412E-03       1.27639834E-03       2.92977133E-03
   147.0000       6.43187197E-03       3.32492183E-03       1.27562488E-03       2.92813093E-03
   147.1000       6.42541679E-03       3.32301120E-03       1.27481908E-03       2.92648754E-03
   147.2000       6.41901503E-03       3.32110186E-03       1.27398498E-03       2.92484108E-03
   147.3000       6.41267083E-03       3.31919461E-03       1.27312567E-03       2.92319155E-03
   147.4000       6.40638797E-03       3.31729094E-03       1.27225087E-03       2.92153893E-03
   147.5000       6.40016984E-03       3.31539244E-03       1.27137212E-03       2.91988321E-03
   147.6000       6.39401934E-03       3.31350019E-03       1.27049727E-03       2.91822436E-03
   147.7000       6.38793878E-03       3.31161400E-03       1.26962506E-03       2.91656232E-03
   147.8000       6.38192981E-03       3.30973318E-03       1.26874882E-03       2.91489707E-03
   147.9000       6.37599342E-03       3.30785664E-03       1.26786581E-03       2.91322866E-03
   148.0000       6.37012988E-03       3.30598335E-03       1.26698242E-03       2.91155716E-03
   148.1000       6.36433876E-03       3.30411333E-03       1.26611253E-03       2.90988264E-03
   148.2000       6.35861895E-03       3.30224635E-03       1.26527392E-03       2.90820504E-03
   148.3000       6.35296861E-03       3.30038231E-03       1.26448160E-03       2.90652424E-03
   148.4000       6.34738517E-03       3.29852104E-03       1.26374380E-03       2.90484002E-03
   148.5000       6.34186539E-03       3.29666145E-03       1.26306354E-03       2.90315223E-03
   148.6000       6.33640532E-03       3.29480205E-03       1.26244441E-03       2.90146078E-03
   148.7000       6.33100033E-03       3.29294209E-03       1.26188948E-03       2.89976572E-03
   148.8000       6.32564535E-03       3.29108080E-03       1.26139569E-03       2.89806718E-03
   148.9000       6.32033503E-03       3.28921731E-03       1.26095571E-03       2.89636541E-03
   149.0000       6.31506390E-03       3.28735095E-03       1.26056173E-03       2.89466055E-03
   149.1000       6.30982648E-03       3.28548052E-03       1.26020618E-03       2.89295259E-03
   149.2000       6.30461748E-03       3.28360441E-03       1.25988412E-03       2.89124203E-03
   149.3000       6.29943181E-03       3.28172099E-03       1.25959840E-03       2.88953068E-03
   149.4000       6.29426471E-03       3.27982811E-03       1.25935022E-03       2.88782085E-03
   149.5000       6.28911183E-03       3.27792355E-03       1.25913243E-03       2.88611429E-03
   149.6000       6.28396936E-03       3.27600538E-03       1.25893113E-03       2.88441201E-03
   149.7000       6.27883413E-03       3.27407206E-03       1.25873046E-03       2.88271437E-03
   149.8000       6.27370379E-03       3.27212212E-03       1.25851791E-03       2.88102123E-03
   149.9000       6.26857687E-03       3.27015441E-03       1.25828923E-03       2.87933260E-03
   150.0000       6.26345280E-03       3.26816823E-03       1.25805156E-03       2.87764913E-03
   150.1000       6.25833191E-03       3.26616316E-03       1.25780486E-03       2.87597206E-03
   150.2000       6.25321536E-03       3.26413805E-03       1.25753618E-03       2.87430271E-03
   150.3000       6.24810513E-03       3.26209245E-03       1.25724909E-03       2.87264213E-03
   150.4000       6.24300401E-03       3.26002673E-03       1.25696315E-03       2.87099103E-03
   150.5000       6.23791553E-03       3.25794173E-03       1.25668857E-03       2.86934985E-03
   150.6000       6.23284401E-03       3.25583801E-03       1.25642469E-03       2.86771898E-03
   150.7000       6.22779452E-03       3.25371631E-03       1.25616815E-03       2.86609891E-03
   150.8000       6.22277275E-03       3.25157766E-03       1.25591862E-03       2.86449031E-03
   150.9000       6.21778487E-03       3.24942375E-03       1.25567901E-03       2.86289393E-03
   151.0000       6.21283738E-03       3.24725638E-03       1.25545188E-03       2.86131052E-03
   151.1000       6.20793699E-03       3.24507688E-03       1.25523544E-03       2.85974079E-03
   151.2000       6.20309050E-03       3.24288700E-03       1.25502845E-03       2.85818536E-03
   151.3000       6.19830471E-03       3.24068913E-03       1.25483365E-03       2.85664473E-03
   151.4000       6.19358636E-03       3.23848591E-03       1.25465713E-03       2.85511938E-03
   151.5000       6.18894210E-03       3.23627986E-03       1.25450354E-03       2.85361001E-03
   151.6000       6.18437843E-03       3.23407277E-03       1.25437821E-03       2.85211762E-03
   151.7000       6.17990159E-03       3.23186624E-03       1.25428783E-03       2.85064314E-03
   151.8000       6.17551749E-03       3.22966184E-03       1.25423642E-03       2.84918716E-03
   151.9000       6.17123168E-03       3.22746079E-03       1.25422394E-03       2.84774991E-03
   152.0000       6.16704928E-03       3.22526439E-03       1.25424825E-03       2.84633143E-03
   152.1000       6.16297507E-03       3.22307369E-03       1.25430885E-03       2.84493177E-03
   152.2000       6.15901346E-03       3.22088988E-03       1.25440838E-03       2.84355105E-03
   152.3000       6.15516857E-03       3.21871388E-03       1.25454782E-03       2.84218928E-03
   152.4000       6.15144415E-03       3.21654591E-03       1.25472563E-03       2.84084603E-03
   152.5000       6.14784365E-03       3.21438680E-03       1.25494098E-03       2.83952052E-03
   152.6000       6.14437010E-03       3.21223836E-03       1.25518947E-03       2.83821253E-03
   152.7000       6.14102607E-03       3.21010215E-03       1.25546025E-03       2.83692290E-03
   152.8000       6.13781372E-03       3.20797918E-03       1.25574098E-03       2.83565235E-03
   152.9000       6.13473484E-03       3.20587060E-03       1.25602543E-03       2.83440085E-03
   153.0000       6.13179089E-03       3.20377803E-03       1.25631830E-03       2.83316823E-03
   153.1000       6.12898305E-03       3.20170402E-03       1.25662956E-03       2.83195451E-03
   153.2000       6.12631221E-03       3.19965110E-03       1.25697068E-03       2.83075986E-03
   153.3000       6.12377887E-03       3.19762133E-03       1.25735060E-03       2.82958435E-03
   153.4000       6.12138323E-03       3.19561672E-03       1.25777536E-03       2.82842781E-03
   153.5000       6.11912508E-03       3.19364018E-03       1.25824537E-03       2.82728999E-03
   153.6000       6.11700377E-03       3.19169463E-03       1.25875011E-03       2.82617061E-03
   153.7000       6.11501832E-03       3.18978287E-03       1.25927209E-03       2.82506944E-03
   153.8000       6.11316747E-03       3.18790780E-03       1.25979626E-03       2.82398634E-03
   153.9000       6.11144971E-03       3.18607169E-03       1.26031583E-03       2.82292150E-03
   154.0000       6.10986329E-03       3.18427640E-03       1.26082711E-03       2.82187535E-03
   154.1000       6.10840615E-03       3.18252344E-03       1.26133345E-03       2.82084835E-03
   154.2000       6.10707592E-03       3.18081412E-03       1.26184370E-03       2.81984054E-03
   154.3000       6.10586981E-03       3.17914925E-03       1.26236639E-03       2.81885158E-03
   154.4000       6.10478455E-03       3.17753012E-03       1.26290720E-03       2.81788082E-03
   154.5000       6.10381640E-03       3.17595668E-03       1.26346754E-03       2.81692756E-03
   154.6000       6.10296110E-03       3.17442820E-03       1.26404294E-03       2.81599119E-03
   154.7000       6.10221393E-03       3.17294375E-03       1.26462604E-03       2.81507130E-03
   154.8000       6.10156969E-03       3.17150268E-03       1.26521118E-03       2.81416754E-03
   154.9000       6.10102273E-03       3.17010336E-03       1.26579408E-03       2.81327968E-03
   155.0000       6.10056704E-03       3.16874288E-03       1.26637208E-03       2.81240755E-03
   155.1000       6.10019613E-03       3.16741813E-03       1.26694800E-03       2.81155117E-03
   155.2000       6.09990310E-03       3.16612612E-03       1.26752530E-03       2.81071068E-03
   155.3000       6.09968066E-03       3.16486433E-03       1.26810166E-03       2.80988620E-03
   155.4000       6.09952123E-03       3.16363027E-03       1.26867013E-03       2.80907775E-03
   155.5000       6.09941697E-03       3.16242041E-03       1.26922801E-03       2.80828527E-03
   155.6000       6.09936002E-03       3.16123111E-03       1.26977213E-03       2.80750863E-03
   155.7000       6.09934247E-03       3.16005872E-03       1.27029975E-03       2.80674772E-03
   155.8000       6.09935655E-03       3.15890056E-03       1.27081931E-03       2.80600254E-03
   155.9000       6.09939459E-03       3.15775417E-03       1.27134788E-03       2.80527320E-03
   156.0000       6.09944916E-03       3.15661683E-03       1.27189837E-03       2.80455996E-03
   156.1000       6.09951309E-03       3.15548646E-03       1.27247340E-03       2.80386316E-03
   156.2000       6.09957940E-03       3.15436150E-03       1.27306885E-03       2.80318316E-03
   156.3000       6.09964128E-03       3.15324029E-03       1.27368228E-03       2.80252032E-03
   156.4000       6.09969211E-03       3.15212209E-03       1.27431469E-03       2.80187495E-03
   156.5000       6.09972541E-03       3.15100657E-03       1.27496545E-03       2.80124723E-03
   156.6000       6.09973487E-03       3.14989358E-03       1.27563384E-03       2.80063724E-03
   156.7000       6.09971435E-03       3.14878341E-03       1.27631710E-03       2.80004495E-03
   156.8000       6.09965779E-03       3.14767684E-03       1.27700960E-03       2.79947027E-03
   156.9000       6.09955931E-03       3.14657583E-03       1.27770803E-03       2.79891302E-03
   157.0000       6.09941325E-03       3.14548433E-03       1.27840994E-03       2.79837294E-03
   157.1000       6.09921416E-03       3.14440767E-03       1.27911385E-03       2.79784971E-03
   157.2000       6.09895677E-03       3.14335194E-03       1.27982391E-03       2.79734299E-03
   157.3000       6.09863598E-03       3.14232366E-03       1.28054560E-03       2.79685247E-03
   157.4000       6.09824688E-03       3.14132875E-03       1.28127831E-03       2.79637784E-03
   157.5000       6.09778484E-03       3.14037257E-03       1.28201672E-03       2.79591888E-03
   157.6000       6.09724541E-03       3.13945934E-03       1.28275684E-03       2.79547540E-03
   157.7000       6.09662449E-03       3.13859214E-03       1.28349199E-03       2.79504716E-03
   157.8000       6.09591836E-03       3.13777317E-03       1.28421685E-03       2.79463380E-03
   157.9000       6.09512370E-03       3.13700393E-03       1.28492954E-03       2.79423492E-03
   158.0000       6.09423774E-03       3.13628512E-03       1.28562533E-03       2.79385007E-03
   158.1000       6.09325833E-03       3.13561748E-03       1.28630336E-03       2.79347880E-03
   158.2000       6.09218396E-03       3.13500191E-03       1.28697279E-03       2.79312062E-03
   158.3000       6.09101383E-03       3.13443871E-03       1.28764391E-03       2.79277508E-03
   158.4000       6.08974794E-03       3.13392840E-03       1.28832392E-03       2.79244171E-03
   158.5000       6.08838704E-03       3.13347170E-03       1.28901686E-03       2.79212005E-03
   158.6000       6.08693271E-03       3.13306980E-03       1.28972700E-03       2.79180965E-03
   158.7000       6.08538735E-03       3.13272485E-03       1.29045556E-03       2.79150998E-03
   158.8000       6.08375412E-03       3.13243935E-03       1.29120015E-03       2.79122053E-03
   158.9000       6.08203685E-03       3.13221499E-03       1.29195877E-03       2.79094087E-03
   159.0000       6.08024001E-03       3.13205262E-03       1.29273482E-03       2.79067061E-03
   159.1000       6.07836861E-03       3.13195318E-03       1.29353208E-03       2.79040948E-03
   159.2000       6.07642807E-03       3.13191780E-03       1.29434582E-03       2.79015729E-03
   159.3000       6.07442408E-03       3.13194751E-03       1.29516373E-03       2.78991385E-03
   159.4000       6.07236252E-03       3.13204272E-03       1.29596553E-03       2.78967902E-03
   159.5000       6.07024936E-03       3.13220339E-03       1.29672869E-03       2.78945270E-03
   159.6000       6.06809053E-03       3.13242975E-03       1.29744124E-03       2.78923486E-03
   159.7000       6.06589177E-03       3.13272182E-03       1.29810581E-03       2.78902554E-03
   159.8000       6.06365858E-03       3.13307893E-03       1.29873240E-03       2.78882475E-03
   159.9000       6.06139610E-03       3.13349974E-03       1.29932582E-03       2.78863237E-03
   160.0000       6.05910904E-03       3.13398190E-03       1.29988026E-03       2.78844815E-03
   160.1000       6.05680161E-03       3.13452332E-03       1.30038027E-03       2.78827159E-03
   160.2000       6.05447753E-03       3.13512197E-03       1.30080425E-03       2.78810196E-03
   160.3000       6.05213999E-03       3.13577521E-03       1.30112989E-03       2.78793843E-03
   160.4000       6.04979157E-03       3.13647967E-03       1.30134097E-03       2.78778033E-03
   160.5000       6.04743427E-03       3.13723238E-03       1.30143208E-03       2.78762742E-03
   160.6000       6.04506948E-03       3.13803007E-03       1.30141548E-03       2.78747981E-03
   160.7000       6.04269809E-03       3.13886941E-03       1.30132438E-03       2.78733776E-03
   160.8000       6.04032042E-03       3.13974653E-03       1.30121043E-03       2.78720142E-03
   160.9000       6.03793638E-03       3.14065651E-03       1.30112277E-03       2.78707073E-03
   161.0000       6.03554534E-03       3.14159469E-03       1.30109793E-03       2.78694539E-03
   161.1000       6.03314626E-03       3.14255739E-03       1.30116003E-03       2.78682488E-03
   161.2000       6.03073777E-03       3.14354075E-03       1.30131848E-03       2.78670862E-03
   161.3000       6.02831820E-03       3.14454059E-03       1.30157253E-03       2.78659610E-03
   161.4000       6.02588570E-03       3.14555330E-03       1.30191857E-03       2.78648711E-03
   161.5000       6.02343830E-03       3.14657611E-03       1.30235165E-03       2.78638172E-03
   161.6000       6.02097397E-03       3.14760584E-03       1.30286163E-03       2.78628029E-03
   161.7000       6.01849071E-03       3.14863887E-03       1.30342952E-03       2.78618327E-03
   161.8000       6.01598661E-03       3.14967151E-03       1.30403521E-03       2.78609123E-03
   161.9000       6.01345990E-03       3.15069975E-03       1.30466509E-03       2.78600475E-03
   162.0000       6.01090909E-03       3.15171968E-03       1.30530560E-03       2.78592447E-03
   162.1000       6.00833292E-03       3.15272753E-03       1.30594241E-03       2.78585112E-03
   162.2000       6.00573046E-03       3.15372002E-03       1.30656526E-03       2.78578545E-03
   162.3000       6.00310117E-03       3.15469447E-03       1.30716644E-03       2.78572827E-03
   162.4000       6.00044483E-03       3.15564904E-03       1.30774744E-03       2.78568044E-03
   162.5000       5.99776160E-03       3.15658246E-03       1.30832456E-03       2.78564283E-03
   162.6000       5.99505202E-03       3.15749420E-03       1.30891728E-03       2.78561635E-03
   162.7000       5.99231708E-03       3.15838483E-03       1.30953000E-03       2.78560193E-03
   162.8000       5.98955813E-03       3.15925622E-03       1.31015866E-03       2.78560049E-03
   162.9000       5.98677687E-03       3.16011098E-03       1.31080211E-03       2.78561285E-03
   163.0000       5.98397532E-03       3.16095164E-03       1.31146336E-03       2.78563967E-03
   163.1000       5.98115585E-03       3.16178095E-03       1.31214693E-03       2.78568138E-03
   163.2000       5.97832127E-03       3.16260133E-03       1.31285477E-03       2.78573818E-03
   163.3000       5.97547466E-03       3.16341510E-03       1.31358125E-03       2.78581017E-03
   163.4000       5.97261953E-03       3.16422343E-03       1.31431705E-03       2.78589744E-03
   163.5000       5.96975974E-03       3.16502752E-03       1.31505361E-03       2.78600011E-03
   163.6000       5.96689957E-03       3.16582888E-03       1.31579085E-03       2.78611838E-03
   163.7000       5.96404371E-03       3.16662842E-03       1.31653902E-03       2.78625244E-03
   163.8000       5.96119728E-03       3.16742590E-03       1.31731351E-03       2.78640240E-03
   163.9000       5.95836586E-03       3.16821981E-03       1.31812378E-03       2.78656827E-03
   164.0000       5.95555550E-03       3.16900708E-03       1.31897233E-03       2.78675005E-03
   164.1000       5.95277274E-03       3.16978388E-03       1.31985279E-03       2.78694788E-03
   164.2000       5.95002458E-03       3.17054568E-03       1.32074607E-03       2.78716207E-03
   164.3000       5.94731845E-03       3.17128757E-03       1.32161520E-03       2.78739312E-03
   164.4000       5.94466222E-03       3.17200429E-03       1.32241153E-03       2.78764162E-03
   164.5000       5.94206418E-03       3.17269125E-03       1.32309760E-03       2.78790826E-03
   164.6000       5.93953288E-03       3.17334510E-03       1.32368373E-03       2.78819375E-03
   164.7000       5.93707717E-03       3.17396372E-03       1.32423127E-03       2.78849865E-03
   164.8000       5.93470609E-03       3.17454662E-03       1.32477974E-03       2.78882331E-03
   164.9000       5.93242875E-03       3.17509487E-03       1.32529221E-03       2.78916790E-03
   165.0000       5.93025428E-03       3.17561054E-03       1.32570560E-03       2.78953233E-03
   165.1000       5.92819172E-03       3.17609666E-03       1.32601080E-03       2.78991632E-03
   165.2000       5.92624983E-03       3.17655648E-03       1.32625266E-03       2.79031950E-03
   165.3000       5.92443711E-03       3.17699473E-03       1.32646230E-03       2.79074161E-03
   165.4000       5.92276167E-03       3.17741666E-03       1.32663634E-03       2.79118278E-03
   165.5000       5.92123113E-03       3.17782626E-03       1.32677172E-03       2.79164352E-03
   165.6000       5.91985253E-03       3.17822736E-03       1.32688289E-03       2.79212445E-03
   165.7000       5.91863230E-03       3.17862311E-03       1.32699879E-03       2.79262592E-03
   165.8000       5.91757621E-03       3.17901614E-03       1.32715463E-03       2.79314815E-03
   165.9000       5.91668927E-03       3.17940883E-03       1.32737752E-03       2.79369155E-03
   166.0000       5.91597587E-03       3.17980373E-03       1.32767453E-03       2.79425673E-03
   166.1000       5.91543971E-03       3.18020212E-03       1.32803597E-03       2.79484442E-03
   166.2000       5.91508389E-03       3.18060405E-03       1.32844981E-03       2.79545548E-03
   166.3000       5.91491083E-03       3.18100954E-03       1.32890127E-03       2.79609076E-03
   166.4000       5.91492244E-03       3.18141906E-03       1.32936373E-03       2.79675085E-03
   166.5000       5.91512023E-03       3.18183346E-03       1.32980224E-03       2.79743579E-03
   166.6000       5.91550538E-03       3.18225333E-03       1.33018721E-03       2.79814505E-03
   166.7000       5.91607871E-03       3.18267928E-03       1.33050992E-03       2.79887815E-03
   166.8000       5.91684090E-03       3.18311196E-03       1.33078752E-03       2.79963502E-03
   166.9000       5.91779256E-03       3.18355214E-03       1.33104465E-03       2.80041593E-03
   167.0000       5.91893441E-03       3.18400036E-03       1.33129245E-03       2.80122120E-03
   167.1000       5.92026727E-03       3.18445692E-03       1.33152423E-03       2.80205116E-03
   167.2000       5.92179206E-03       3.18492171E-03       1.33173422E-03       2.80290622E-03
   167.3000       5.92350974E-03       3.18539446E-03       1.33193347E-03       2.80378678E-03
   167.4000       5.92542142E-03       3.18587567E-03       1.33214006E-03       2.80469318E-03
   167.5000       5.92752823E-03       3.18636563E-03       1.33236292E-03       2.80562570E-03
   167.6000       5.92983109E-03       3.18686345E-03       1.33260297E-03       2.80658463E-03
   167.7000       5.93233048E-03       3.18736861E-03       1.33285852E-03       2.80757009E-03
   167.8000       5.93502612E-03       3.18788074E-03       1.33312587E-03       2.80858197E-03
   167.9000       5.93791672E-03       3.18840028E-03       1.33340017E-03       2.80961980E-03
   168.0000       5.94099957E-03       3.18892771E-03       1.33367740E-03       2.81068298E-03
   168.1000       5.94427019E-03       3.18946377E-03       1.33395397E-03       2.81177120E-03
   168.2000       5.94772223E-03       3.19000876E-03       1.33422935E-03       2.81288477E-03
   168.3000       5.95134725E-03       3.19056269E-03       1.33451013E-03       2.81402445E-03
   168.4000       5.95513467E-03       3.19112640E-03       1.33480247E-03       2.81519084E-03
   168.5000       5.95907216E-03       3.19170131E-03       1.33511427E-03       2.81638415E-03
   168.6000       5.96314588E-03       3.19228751E-03       1.33545616E-03       2.81760420E-03
   168.7000       5.96734100E-03       3.19288371E-03       1.33582959E-03       2.81885057E-03
   168.8000       5.97164227E-03       3.19348956E-03       1.33622809E-03       2.82012269E-03
   168.9000       5.97603459E-03       3.19410608E-03       1.33664620E-03       2.82141987E-03
   169.0000       5.98050357E-03       3.19473416E-03       1.33708136E-03       2.82274132E-03
   169.1000       5.98503596E-03       3.19537478E-03       1.33753453E-03       2.82408620E-03
   169.2000       5.98961996E-03       3.19602802E-03       1.33800834E-03       2.82545381E-03
   169.3000       5.99424530E-03       3.19669405E-03       1.33851044E-03       2.82684361E-03
   169.4000       5.99890326E-03       3.19737346E-03       1.33904388E-03       2.82825513E-03
   169.5000       6.00358641E-03       3.19806615E-03       1.33960117E-03       2.82968793E-03
   169.6000       6.00828850E-03       3.19877183E-03       1.34015925E-03       2.83114147E-03
   169.7000       6.01300416E-03       3.19949149E-03       1.34069273E-03       2.83261513E-03
   169.8000       6.01772869E-03       3.20022697E-03       1.34118956E-03       2.83410815E-03
   169.9000       6.02245780E-03       3.20097931E-03       1.34165169E-03       2.83561963E-03
   170.0000       6.02718751E-03       3.20174817E-03       1.34209687E-03       2.83714858E-03
   170.1000       6.03191412E-03       3.20253386E-03       1.34254923E-03       2.83869406E-03
   170.2000       6.03663407E-03       3.20333774E-03       1.34302261E-03       2.84025543E-03
   170.3000       6.04134400E-03       3.20416137E-03       1.34351236E-03       2.84183252E-03
   170.4000       6.04604080E-03       3.20500547E-03       1.34400847E-03       2.84342548E-03
   170.5000       6.05072159E-03       3.20587008E-03       1.34450314E-03       2.84503441E-03
   170.6000       6.05538369E-03       3.20675570E-03       1.34499011E-03       2.84665914E-03
   170.7000       6.06002472E-03       3.20766311E-03       1.34546533E-03       2.84829924E-03
   170.8000       6.06464263E-03       3.20859345E-03       1.34592662E-03       2.84995409E-03
   170.9000       6.06923563E-03       3.20954730E-03       1.34637496E-03       2.85162263E-03
   171.0000       6.07380230E-03       3.21052521E-03       1.34681671E-03       2.85330279E-03
   171.1000       6.07834143E-03       3.21152725E-03       1.34726029E-03       2.85499227E-03
   171.2000       6.08285223E-03       3.21255344E-03       1.34771053E-03       2.85669052E-03
   171.3000       6.08733422E-03       3.21360402E-03       1.34816686E-03       2.85839807E-03
   171.4000       6.09178721E-03       3.21467931E-03       1.34862388E-03       2.86011498E-03
   171.5000       6.09621118E-03       3.21577944E-03       1.34907894E-03       2.86184079E-03
   171.6000       6.10060636E-03       3.21690381E-03       1.34953319E-03       2.86357464E-03
   171.7000       6.10497305E-03       3.21805161E-03       1.34998853E-03       2.86531524E-03
   171.8000       6.10931181E-03       3.21922212E-03       1.35044668E-03       2.86706112E-03
   171.9000       6.11362317E-03       3.22041413E-03       1.35090800E-03       2.86881123E-03
   172.0000       6.11790765E-03       3.22162578E-03       1.35137185E-03       2.87056512E-03
   172.1000       6.12216574E-03       3.22285568E-03       1.35183668E-03       2.87232256E-03
   172.2000       6.12639795E-03       3.22410238E-03       1.35229777E-03       2.87408290E-03
   172.3000       6.13060459E-03       3.22536497E-03       1.35275298E-03       2.87584522E-03
   172.4000       6.13478601E-03       3.22664349E-03       1.35320595E-03       2.87760860E-03
   172.5000       6.13894243E-03       3.22793776E-03       1.35366390E-03       2.87937216E-03
   172.6000       6.14307408E-03       3.22924789E-03       1.35413053E-03       2.88113504E-03
   172.7000       6.14718106E-03       3.23057439E-03       1.35460457E-03       2.88289656E-03
   172.8000       6.15126344E-03       3.23191726E-03       1.35508579E-03       2.88465628E-03
   172.9000       6.15532123E-03       3.23327756E-03       1.35558095E-03       2.88641377E-03
   173.0000       6.15935438E-03       3.23465640E-03       1.35609429E-03       2.88816839E-03
   173.1000       6.16336287E-03       3.23605351E-03       1.35662499E-03       2.88991925E-03
   173.2000       6.16734662E-03       3.23746837E-03       1.35717355E-03       2.89166546E-03
   173.3000       6.17130546E-03       3.23889961E-03       1.35774406E-03       2.89340620E-03
   173.4000       6.17523920E-03       3.24034619E-03       1.35833530E-03       2.89514081E-03
   173.5000       6.17914744E-03       3.24180752E-03       1.35894426E-03       2.89686869E-03
   173.6000       6.18302969E-03       3.24328196E-03       1.35957076E-03       2.89858925E-03
   173.7000       6.18688533E-03       3.24476789E-03       1.36021659E-03       2.90030188E-03
   173.8000       6.19071366E-03       3.24626241E-03       1.36088491E-03       2.90200595E-03
   173.9000       6.19451381E-03       3.24776202E-03       1.36157518E-03       2.90370084E-03
   174.0000       6.19828490E-03       3.24926352E-03       1.36228351E-03       2.90538600E-03
   174.1000       6.20202592E-03       3.25076371E-03       1.36300710E-03       2.90706093E-03
   174.2000       6.20573585E-03       3.25225902E-03       1.36374848E-03       2.90872513E-03
   174.3000       6.20941360E-03       3.25374514E-03       1.36450748E-03       2.91037808E-03
   174.4000       6.21305818E-03       3.25521735E-03       1.36528667E-03       2.91201923E-03
   174.5000       6.21666850E-03       3.25667169E-03       1.36608803E-03       2.91364798E-03
   174.6000       6.22024344E-03       3.25810538E-03       1.36691114E-03       2.91526369E-03
   174.7000       6.22378184E-03       3.25951489E-03       1.36775884E-03       2.91686581E-03
   174.8000       6.22728258E-03       3.26089679E-03       1.36863603E-03       2.91845381E-03
   174.9000       6.23074459E-03       3.26224934E-03       1.36954667E-03       2.92002728E-03
   175.0000       6.23416679E-03       3.26357083E-03       1.37048903E-03       2.92158584E-03
   175.1000       6.23754817E-03       3.26485907E-03       1.37146074E-03       2.92312913E-03
   175.2000       6.24088797E-03       3.26611220E-03       1.37245828E-03       2.92465673E-03
   175.3000       6.24418554E-03       3.26733011E-03       1.37347634E-03       2.92616822E-03
   175.4000       6.24744039E-03       3.26851299E-03       1.37451030E-03       2.92766319E-03
   175.5000       6.25065226E-03       3.26966045E-03       1.37555100E-03       2.92914122E-03
   175.6000       6.25382103E-03       3.27077290E-03       1.37659320E-03       2.93060192E-03
   175.7000       6.25694680E-03       3.27184885E-03       1.37764628E-03       2.93204495E-03
   175.8000       6.26002994E-03       3.27288698E-03       1.37871818E-03       2.93346999E-03
   175.9000       6.26307084E-03       3.27388668E-03       1.37980847E-03       2.93487670E-03
   176.0000       6.26606997E-03       3.27484843E-03       1.38091756E-03       2.93626478E-03
   176.1000       6.26902784E-03       3.27577336E-03       1.38204764E-03       2.93763387E-03
   176.2000       6.27194494E-03       3.27666288E-03       1.38319675E-03       2.93898366E-03
   176.3000       6.27482166E-03       3.27751821E-03       1.38435150E-03       2.94031391E-03
   176.4000       6.27765808E-03       3.27834053E-03       1.38548856E-03       2.94162439E-03
   176.5000       6.28045408E-03       3.27913117E-03       1.38659517E-03       2.94291491E-03
   176.6000       6.28320918E-03       3.27989171E-03       1.38768193E-03       2.94418528E-03
   176.7000       6.28592256E-03       3.28062457E-03       1.38876590E-03       2.94543543E-03
   176.8000       6.28859292E-03       3.28133234E-03       1.38984948E-03       2.94666537E-03
   176.9000       6.29121850E-03       3.28201830E-03       1.39092712E-03       2.94787516E-03
   177.0000       6.29379708E-03       3.28268630E-03       1.39199244E-03       2.94906491E-03
   177.1000       6.29632614E-03       3.28333923E-03       1.39303869E-03       2.95023465E-03
   177.2000       6.29880265E-03       3.28397981E-03       1.39406737E-03       2.95138443E-03
   177.3000       6.30122325E-03       3.28461037E-03       1.39507972E-03       2.95251437E-03
   177.4000       6.30358427E-03       3.28523290E-03       1.39607268E-03       2.95362464E-03
   177.5000       6.30588200E-03       3.28584909E-03       1.39704749E-03       2.95471543E-03
   177.6000       6.30811277E-03       3.28645997E-03       1.39800875E-03       2.95578689E-03
   177.7000       6.31027298E-03       3.28706614E-03       1.39896463E-03       2.95683928E-03
   177.8000       6.31235925E-03       3.28766826E-03       1.39992336E-03       2.95787296E-03
   177.9000       6.31436859E-03       3.28826701E-03       1.40088034E-03       2.95888836E-03
   178.0000       6.31629857E-03       3.28886280E-03       1.40182905E-03       2.95988578E-03
   178.1000       6.31814739E-03       3.28945529E-03       1.40278054E-03       2.96086532E-03
   178.2000       6.31991386E-03       3.29004380E-03       1.40374755E-03       2.96182694E-03
   178.3000       6.32159755E-03       3.29062728E-03       1.40473049E-03       2.96277067E-03
   178.4000       6.32319863E-03       3.29120469E-03       1.40572576E-03       2.96369677E-03
   178.5000       6.32471798E-03       3.29177560E-03       1.40673225E-03       2.96460565E-03
   178.6000       6.32615685E-03       3.29233861E-03       1.40775765E-03       2.96549766E-03
   178.7000       6.32751691E-03       3.29289322E-03       1.40881941E-03       2.96637282E-03
   178.8000       6.32880015E-03       3.29343988E-03       1.40993457E-03       2.96723066E-03
   178.9000       6.33000864E-03       3.29397928E-03       1.41110848E-03       2.96807040E-03
   179.0000       6.33114455E-03       3.29451230E-03       1.41232952E-03       2.96889163E-03
   179.1000       6.33220978E-03       3.29504042E-03       1.41357907E-03       2.96969499E-03
   179.2000       6.33320596E-03       3.29556528E-03       1.41484929E-03       2.97048162E-03
   179.3000       6.33413448E-03       3.29608826E-03       1.41614345E-03       2.97125232E-03
   179.4000       6.33499635E-03       3.29661107E-03       1.41745681E-03       2.97200752E-03
   179.5000       6.33579205E-03       3.29713575E-03       1.41877167E-03       2.97274767E-03
   179.6000       6.33652163E-03       3.29766319E-03       1.42006597E-03       2.97347352E-03
   179.7000       6.33718477E-03       3.29819477E-03       1.42132012E-03       2.97418603E-03
   179.8000       6.33778070E-03       3.29873098E-03       1.42252813E-03       2.97488612E-03
   179.9000       6.33830808E-03       3.29927213E-03       1.42370248E-03       2.97557456E-03
   180.0000       6.33876517E-03       3.29981817E-03       1.42486202E-03       2.97625196E-03
   180.1000       6.33914986E-03       3.30036806E-03       1.42601276E-03       2.97691885E-03
   180.2000       6.33945982E-03       3.30091877E-03       1.42715174E-03       2.97757582E-03
   180.3000       6.33969237E-03       3.30146584E-03       1.42827401E-03       2.97822368E-03
   180.4000       6.33984480E-03       3.30200446E-03       1.42937630E-03       2.97886337E-03
   180.5000       6.33991432E-03       3.30252937E-03       1.43046541E-03       2.97949571E-03
   180.6000       6.33989812E-03       3.30303533E-03       1.43154769E-03       2.98012129E-03
   180.7000       6.33979373E-03       3.30351713E-03       1.43261330E-03       2.98074049E-03
   180.8000       6.33959894E-03       3.30397050E-03       1.43363716E-03       2.98135365E-03
   180.9000       6.33931208E-03       3.30439195E-03       1.43458124E-03       2.98196125E-03
   181.0000       6.33893197E-03       3.30477780E-03       1.43540306E-03       2.98256385E-03
   181.1000       6.33845817E-03       3.30512564E-03       1.43606908E-03       2.98316200E-03
   181.2000       6.33789094E-03       3.30543505E-03       1.43655588E-03       2.98375629E-03
   181.3000       6.33723137E-03       3.30570656E-03       1.43685255E-03       2.98434755E-03
   181.4000       6.33648141E-03       3.30594113E-03       1.43696697E-03       2.98493691E-03
   181.5000       6.33564380E-03       3.30614051E-03       1.43692529E-03       2.98552536E-03
   181.6000       6.33472209E-03       3.30630630E-03       1.43676520E-03       2.98611353E-03
   181.7000       6.33372071E-03       3.30643902E-03       1.43652544E-03       2.98670184E-03
   181.8000       6.33264507E-03       3.30653888E-03       1.43623741E-03       2.98729057E-03
   181.9000       6.33150118E-03       3.30660480E-03       1.43592539E-03       2.98788001E-03
   182.0000       6.33029569E-03       3.30663568E-03       1.43560764E-03       2.98847044E-03
   182.1000       6.32903613E-03       3.30662934E-03       1.43529665E-03       2.98906230E-03
   182.2000       6.32773048E-03       3.30658200E-03       1.43499611E-03       2.98965631E-03
   182.3000       6.32638732E-03       3.30648845E-03       1.43470077E-03       2.99025351E-03
   182.4000       6.32501565E-03       3.30634287E-03       1.43440635E-03       2.99085507E-03
   182.5000       6.32362488E-03       3.30614042E-03       1.43411560E-03       2.99146208E-03
   182.6000       6.32222447E-03       3.30587707E-03       1.43383680E-03       2.99207549E-03
   182.7000       6.32082401E-03       3.30554926E-03       1.43358456E-03       2.99269607E-03
   182.8000       6.31943276E-03       3.30515495E-03       1.43337161E-03       2.99332457E-03
   182.9000       6.31805976E-03       3.30469508E-03       1.43319832E-03       2.99396171E-03
   183.0000       6.31671356E-03       3.30417149E-03       1.43306273E-03       2.99460826E-03
   183.1000       6.31540193E-03       3.30358482E-03       1.43296195E-03       2.99526506E-03
   183.2000       6.31413149E-03       3.30293510E-03       1.43288762E-03       2.99593293E-03
   183.3000       6.31290769E-03       3.30222298E-03       1.43282394E-03       2.99661271E-03
   183.4000       6.31173471E-03       3.30144941E-03       1.43274697E-03       2.99730524E-03
   183.5000       6.31061530E-03       3.30061500E-03       1.43263421E-03       2.99801125E-03
   183.6000       6.30955091E-03       3.29971954E-03       1.43247928E-03       2.99873145E-03
   183.7000       6.30854197E-03       3.29876380E-03       1.43229762E-03       2.99946642E-03
   183.8000       6.30758790E-03       3.29775045E-03       1.43211011E-03       3.00021673E-03
   183.9000       6.30668779E-03       3.29668251E-03       1.43194828E-03       3.00098280E-03
   184.0000       6.30584060E-03       3.29556340E-03       1.43184421E-03       3.00176504E-03
   184.1000       6.30504579E-03       3.29439622E-03       1.43180852E-03       3.00256373E-03
   184.2000       6.30430353E-03       3.29318496E-03       1.43182916E-03       3.00337918E-03
   184.3000       6.30361516E-03       3.29193503E-03       1.43188587E-03       3.00421160E-03
   184.4000       6.30298342E-03       3.29065331E-03       1.43197772E-03       3.00506113E-03
   184.5000       6.30241261E-03       3.28934833E-03       1.43213062E-03       3.00592781E-03
   184.6000       6.30190843E-03       3.28802898E-03       1.43236688E-03       3.00681157E-03
   184.7000       6.30147797E-03       3.28670314E-03       1.43266459E-03       3.00771224E-03
   184.8000       6.30112946E-03       3.28537963E-03       1.43296726E-03       3.00862963E-03
   184.9000       6.30087190E-03       3.28406613E-03       1.43323136E-03       3.00956356E-03
   185.0000       6.30071462E-03       3.28276796E-03       1.43344981E-03       3.01051390E-03
   185.1000       6.30066715E-03       3.28148792E-03       1.43363005E-03       3.01148067E-03
   185.2000       6.30073880E-03       3.28022704E-03       1.43376598E-03       3.01246426E-03
   185.3000       6.30093863E-03       3.27898494E-03       1.43385194E-03       3.01346542E-03
   185.4000       6.30127501E-03       3.27776044E-03       1.43389729E-03       3.01448518E-03
   185.5000       6.30175560E-03       3.27655247E-03       1.43391978E-03       3.01552458E-03
   185.6000       6.30238703E-03       3.27536019E-03       1.43393700E-03       3.01658441E-03
   185.7000       6.30317488E-03       3.27418291E-03       1.43396707E-03       3.01766523E-03
   185.8000       6.30412379E-03       3.27302048E-03       1.43402175E-03       3.01876756E-03
   185.9000       6.30523750E-03       3.27187227E-03       1.43409765E-03       3.01989210E-03
   186.0000       6.30651859E-03       3.27073829E-03       1.43419057E-03       3.02103973E-03
   186.1000       6.30796877E-03       3.26961953E-03       1.43430694E-03       3.02221147E-03
   186.2000       6.30958863E-03       3.26851684E-03       1.43446106E-03       3.02340832E-03
   186.3000       6.31137764E-03       3.26743085E-03       1.43466449E-03       3.02463132E-03
   186.4000       6.31333448E-03       3.26636340E-03       1.43491090E-03       3.02588153E-03
   186.5000       6.31545692E-03       3.26531659E-03       1.43516896E-03       3.02716001E-03
   186.6000       6.31774172E-03       3.26429241E-03       1.43539970E-03       3.02846772E-03
   186.7000       6.32018472E-03       3.26329305E-03       1.43559515E-03       3.02980550E-03
   186.8000       6.32278096E-03       3.26232051E-03       1.43578269E-03       3.03117397E-03
   186.9000       6.32552491E-03       3.26137630E-03       1.43600897E-03       3.03257334E-03
   187.0000       6.32841065E-03       3.26046282E-03       1.43631115E-03       3.03400337E-03
   187.1000       6.33143159E-03       3.25958283E-03       1.43670136E-03       3.03546367E-03
   187.2000       6.33458074E-03       3.25873790E-03       1.43717195E-03       3.03695393E-03
   187.3000       6.33785084E-03       3.25792967E-03       1.43770667E-03       3.03847405E-03
   187.4000       6.34123467E-03       3.25715939E-03       1.43828438E-03       3.04002392E-03
   187.5000       6.34472510E-03       3.25642766E-03       1.43886970E-03       3.04160338E-03
   187.6000       6.34831495E-03       3.25573355E-03       1.43942805E-03       3.04321221E-03
   187.7000       6.35199728E-03       3.25507548E-03       1.43996238E-03       3.04485009E-03
   187.8000       6.35576548E-03       3.25445285E-03       1.44052205E-03       3.04651624E-03
   187.9000       6.35961319E-03       3.25386435E-03       1.44116906E-03       3.04820940E-03
   188.0000       6.36353427E-03       3.25330796E-03       1.44191442E-03       3.04992839E-03
   188.1000       6.36752299E-03       3.25278138E-03       1.44269655E-03       3.05167232E-03
   188.2000       6.37157397E-03       3.25228207E-03       1.44341179E-03       3.05344065E-03
   188.3000       6.37568228E-03       3.25180685E-03       1.44397584E-03       3.05523293E-03
   188.4000       6.37984317E-03       3.25135244E-03       1.44435377E-03       3.05704851E-03
   188.5000       6.38405238E-03       3.25091631E-03       1.44452693E-03       3.05888655E-03
   188.6000       6.38830589E-03       3.25049555E-03       1.44450151E-03       3.06074617E-03
   188.7000       6.39259987E-03       3.25008723E-03       1.44435171E-03       3.06262663E-03
   188.8000       6.39693066E-03       3.24968847E-03       1.44419295E-03       3.06452736E-03
   188.9000       6.40129482E-03       3.24929629E-03       1.44412195E-03       3.06644794E-03
   189.0000       6.40568904E-03       3.24890847E-03       1.44416316E-03       3.06838779E-03
   189.1000       6.41011006E-03       3.24852364E-03       1.44426036E-03       3.07034599E-03
   189.2000       6.41455474E-03       3.24813872E-03       1.44432376E-03       3.07232138E-03
   189.3000       6.41901947E-03       3.24775143E-03       1.44429405E-03       3.07431259E-03
   189.4000       6.42350060E-03       3.24736115E-03       1.44418615E-03       3.07631805E-03
   189.5000       6.42799454E-03       3.24696702E-03       1.44407084E-03       3.07833600E-03
   189.6000       6.43249743E-03       3.24656959E-03       1.44399787E-03       3.08036488E-03
   189.7000       6.43700508E-03       3.24616977E-03       1.44396500E-03       3.08240337E-03
   189.8000       6.44151287E-03       3.24576961E-03       1.44394913E-03       3.08445013E-03
   189.9000       6.44601618E-03       3.24537069E-03       1.44393283E-03       3.08650373E-03
   190.0000       6.45051011E-03       3.24497440E-03       1.44391952E-03       3.08856286E-03
   190.1000       6.45498955E-03       3.24458322E-03       1.44392934E-03       3.09062615E-03
   190.2000       6.45944933E-03       3.24419978E-03       1.44398786E-03       3.09269189E-03
   190.3000       6.46388436E-03       3.24382460E-03       1.44411311E-03       3.09475813E-03
   190.4000       6.46828960E-03       3.24345774E-03       1.44430151E-03       3.09682294E-03
   190.5000       6.47266006E-03       3.24309996E-03       1.44453377E-03       3.09888483E-03
   190.6000       6.47699106E-03       3.24275286E-03       1.44479030E-03       3.10094287E-03
   190.7000       6.48127818E-03       3.24241743E-03       1.44506421E-03       3.10299636E-03
   190.8000       6.48551719E-03       3.24209445E-03       1.44536587E-03       3.10504437E-03
   190.9000       6.48970440E-03       3.24178511E-03       1.44571125E-03       3.10708588E-03
   191.0000       6.49383631E-03       3.24148951E-03       1.44610829E-03       3.10912042E-03
   191.1000       6.49790968E-03       3.24120706E-03       1.44655043E-03       3.11114841E-03
   191.2000       6.50192191E-03       3.24093834E-03       1.44702683E-03       3.11317030E-03
   191.3000       6.50587043E-03       3.24068313E-03       1.44753246E-03       3.11518523E-03
   191.4000       6.50975277E-03       3.24044009E-03       1.44806958E-03       3.11719178E-03
   191.5000       6.51356666E-03       3.24020769E-03       1.44863564E-03       3.11918924E-03
   191.6000       6.51731030E-03       3.23998535E-03       1.44921807E-03       3.12117822E-03
   191.7000       6.52098186E-03       3.23977301E-03       1.44979866E-03       3.12315906E-03
   191.8000       6.52457919E-03       3.23957022E-03       1.45035731E-03       3.12512992E-03
   191.9000       6.52810054E-03       3.23937620E-03       1.45088148E-03       3.12708875E-03
   192.0000       6.53154407E-03       3.23919207E-03       1.45136581E-03       3.12903492E-03
   192.1000       6.53490779E-03       3.23901796E-03       1.45181258E-03       3.13096810E-03
   192.2000       6.53818991E-03       3.23885348E-03       1.45221906E-03       3.13288809E-03
   192.3000       6.54138861E-03       3.23870121E-03       1.45257730E-03       3.13479420E-03
   192.4000       6.54450205E-03       3.23856414E-03       1.45288306E-03       3.13668520E-03
   192.5000       6.54752871E-03       3.23844406E-03       1.45314019E-03       3.13855963E-03
   192.6000       6.55046704E-03       3.23834254E-03       1.45334884E-03       3.14041602E-03
   192.7000       6.55331587E-03       3.23826186E-03       1.45351113E-03       3.14225299E-03
   192.8000       6.55607462E-03       3.23820406E-03       1.45364718E-03       3.14406941E-03
   192.9000       6.55874282E-03       3.23817000E-03       1.45378628E-03       3.14586446E-03
   193.0000       6.56132035E-03       3.23816237E-03       1.45395125E-03       3.14763778E-03
   193.1000       6.56380798E-03       3.23818444E-03       1.45414836E-03       3.14938950E-03
   193.2000       6.56620681E-03       3.23823774E-03       1.45436657E-03       3.15112024E-03
   193.3000       6.56851869E-03       3.23832175E-03       1.45458808E-03       3.15283092E-03
   193.4000       6.57074660E-03       3.23843774E-03       1.45480319E-03       3.15452258E-03
   193.5000       6.57289358E-03       3.23858784E-03       1.45501711E-03       3.15619617E-03
   193.6000       6.57496333E-03       3.23877266E-03       1.45524199E-03       3.15785246E-03
   193.7000       6.57696059E-03       3.23899331E-03       1.45549695E-03       3.15949204E-03
   193.8000       6.57889033E-03       3.23924934E-03       1.45579578E-03       3.16111534E-03
   193.9000       6.58075841E-03       3.23954058E-03       1.45613737E-03       3.16272265E-03
   194.0000       6.58257090E-03       3.23986771E-03       1.45651391E-03       3.16431412E-03
   194.1000       6.58433375E-03       3.24023012E-03       1.45691667E-03       3.16588965E-03
   194.2000       6.58605343E-03       3.24062455E-03       1.45733385E-03       3.16744890E-03
   194.3000       6.58773618E-03       3.24104905E-03       1.45775846E-03       3.16899150E-03
   194.4000       6.58938805E-03       3.24150286E-03       1.45818943E-03       3.17051720E-03
   194.5000       6.59101515E-03       3.24198324E-03       1.45862939E-03       3.17202590E-03
   194.6000       6.59262294E-03       3.24248735E-03       1.45907969E-03       3.17351739E-03
   194.7000       6.59421608E-03       3.24301203E-03       1.45954084E-03       3.17499146E-03
   194.8000       6.59579910E-03       3.24355616E-03       1.46001045E-03       3.17644815E-03
   194.9000       6.59737585E-03       3.24411649E-03       1.46048491E-03       3.17788783E-03
   195.0000       6.59894931E-03       3.24468900E-03       1.46096390E-03       3.17931114E-03
   195.1000       6.60052196E-03       3.24527121E-03       1.46144668E-03       3.18071863E-03
   195.2000       6.60209571E-03       3.24586131E-03       1.46193619E-03       3.18211053E-03
   195.3000       6.60367188E-03       3.24645571E-03       1.46243780E-03       3.18348677E-03
   195.4000       6.60525118E-03       3.24705320E-03       1.46295242E-03       3.18484705E-03
   195.5000       6.60683410E-03       3.24765330E-03       1.46347776E-03       3.18619110E-03
   195.6000       6.60842097E-03       3.24825384E-03       1.46401401E-03       3.18751888E-03
   195.7000       6.61001180E-03       3.24885292E-03       1.46456101E-03       3.18883079E-03
   195.8000       6.61160653E-03       3.24944929E-03       1.46511696E-03       3.19012763E-03
   195.9000       6.61320519E-03       3.25004228E-03       1.46567542E-03       3.19141042E-03
   196.0000       6.61480776E-03       3.25063227E-03       1.46623498E-03       3.19268015E-03
   196.1000       6.61641446E-03       3.25121819E-03       1.46679593E-03       3.19393756E-03
   196.2000       6.61802585E-03       3.25179803E-03       1.46735459E-03       3.19518309E-03
   196.3000       6.61964276E-03       3.25237367E-03       1.46791025E-03       3.19641704E-03
   196.4000       6.62126636E-03       3.25294725E-03       1.46846110E-03       3.19764012E-03
   196.5000       6.62289777E-03       3.25351834E-03       1.46900576E-03       3.19885375E-03
   196.6000       6.62453842E-03       3.25408794E-03       1.46954863E-03       3.20005900E-03
   196.7000       6.62619047E-03       3.25465719E-03       1.47008946E-03       3.20125626E-03
   196.8000       6.62785575E-03       3.25522735E-03       1.47063407E-03       3.20244607E-03
   196.9000       6.62953610E-03       3.25579981E-03       1.47119124E-03       3.20363044E-03
   197.0000       6.63123374E-03       3.25637718E-03       1.47176278E-03       3.20481149E-03
   197.1000       6.63295046E-03       3.25696111E-03       1.47235152E-03       3.20598979E-03
   197.2000       6.63468780E-03       3.25755323E-03       1.47296212E-03       3.20716473E-03
   197.3000       6.63644702E-03       3.25815723E-03       1.47359755E-03       3.20833551E-03
   197.4000       6.63822885E-03       3.25877469E-03       1.47425859E-03       3.20950146E-03
   197.5000       6.64003339E-03       3.25940518E-03       1.47494473E-03       3.21066177E-03
   197.6000       6.64186042E-03       3.26004925E-03       1.47565803E-03       3.21181542E-03
   197.7000       6.64370878E-03       3.26070770E-03       1.47640173E-03       3.21296128E-03
   197.8000       6.64557665E-03       3.26137986E-03       1.47717554E-03       3.21409828E-03
   197.9000       6.64746158E-03       3.26206589E-03       1.47797721E-03       3.21522553E-03
   198.0000       6.64936045E-03       3.26276550E-03       1.47880528E-03       3.21634236E-03
   198.1000       6.65126951E-03       3.26347736E-03       1.47965919E-03       3.21744845E-03
   198.2000       6.65318414E-03       3.26420072E-03       1.48053583E-03       3.21854378E-03
   198.3000       6.65509951E-03       3.26493436E-03       1.48143152E-03       3.21962819E-03
   198.4000       6.65701073E-03       3.26567771E-03       1.48234456E-03       3.22070147E-03
   198.5000       6.65891200E-03       3.26642915E-03       1.48327861E-03       3.22176384E-03
   198.6000       6.66079774E-03       3.26718764E-03       1.48423796E-03       3.22281580E-03
   198.7000       6.66266194E-03       3.26795585E-03       1.48522789E-03       3.22385798E-03
   198.8000       6.66449893E-03       3.26873357E-03       1.48624178E-03       3.22489116E-03
   198.9000       6.66630330E-03       3.26951966E-03       1.48727033E-03       3.22591598E-03
   199.0000       6.66806999E-03       3.27031530E-03       1.48830984E-03       3.22693287E-03
   199.1000       6.66979421E-03       3.27112065E-03       1.48935616E-03       3.22794201E-03
   199.2000       6.67147189E-03       3.27193425E-03       1.49040336E-03       3.22894332E-03
   199.3000       6.67309993E-03       3.27275669E-03       1.49143790E-03       3.22993644E-03
   199.4000       6.67467605E-03       3.27358924E-03       1.49244454E-03       3.23092083E-03
   199.5000       6.67619907E-03       3.27443330E-03       1.49341861E-03       3.23189578E-03
   199.6000       6.67766842E-03       3.27528840E-03       1.49436051E-03       3.23286062E-03
   199.7000       6.67908520E-03       3.27615368E-03       1.49525789E-03       3.23381465E-03
   199.8000       6.68045185E-03       3.27702942E-03       1.49609478E-03       3.23475723E-03
   199.9000       6.68177106E-03       3.27791376E-03       1.49687051E-03       3.23568783E-03
   200.0000       6.68304677E-03       3.27880502E-03       1.49760473E-03       3.23660607E-03
   200.1000       6.68428376E-03       3.27970215E-03       1.49831596E-03       3.23751184E-03
   200.2000       6.68548686E-03       3.28060094E-03       1.49900047E-03       3.23840516E-03
   200.3000       6.68666137E-03       3.28149740E-03       1.49964635E-03       3.23928621E-03
   200.4000       6.68781233E-03       3.28238951E-03       1.50027596E-03       3.24015524E-03
   200.5000       6.68894389E-03       3.28327497E-03       1.50092241E-03       3.24101262E-03
   200.6000       6.69005991E-03       3.28414901E-03       1.50157264E-03       3.24185872E-03
   200.7000       6.69116332E-03       3.28500597E-03       1.50220522E-03       3.24269388E-03
   200.8000       6.69225539E-03       3.28584261E-03       1.50283389E-03       3.24351839E-03
   200.9000       6.69333675E-03       3.28665601E-03       1.50347450E-03       3.24433252E-03
   201.0000       6.69440656E-03       3.28744277E-03       1.50410116E-03       3.24513646E-03
   201.1000       6.69546277E-03       3.28820125E-03       1.50469046E-03       3.24593033E-03
   201.2000       6.69650306E-03       3.28893027E-03       1.50525093E-03       3.24671423E-03
   201.3000       6.69752392E-03       3.28962847E-03       1.50579072E-03       3.24748835E-03
   201.4000       6.69852155E-03       3.29029492E-03       1.50629417E-03       3.24825310E-03
   201.5000       6.69949220E-03       3.29092956E-03       1.50675201E-03       3.24900908E-03
   201.6000       6.70043169E-03       3.29153357E-03       1.50717417E-03       3.24975715E-03
   201.7000       6.70133625E-03       3.29210855E-03       1.50756930E-03       3.25049833E-03
   201.8000       6.70220265E-03       3.29265524E-03       1.50793792E-03       3.25123367E-03
   201.9000       6.70302787E-03       3.29317611E-03       1.50828805E-03       3.25196417E-03
   202.0000       6.70381033E-03       3.29367471E-03       1.50862451E-03       3.25269076E-03
   202.1000       6.70454978E-03       3.29415322E-03       1.50893663E-03       3.25341431E-03
   202.2000       6.70524659E-03       3.29461552E-03       1.50921375E-03       3.25413563E-03
   202.3000       6.70590213E-03       3.29506517E-03       1.50945299E-03       3.25485537E-03
   202.4000       6.70651918E-03       3.29550543E-03       1.50966719E-03       3.25557383E-03
   202.5000       6.70710062E-03       3.29593973E-03       1.50987713E-03       3.25629083E-03
   202.6000       6.70764978E-03       3.29637220E-03       1.51008792E-03       3.25700611E-03
   202.7000       6.70816961E-03       3.29680491E-03       1.51030351E-03       3.25772022E-03
   202.8000       6.70866346E-03       3.29723867E-03       1.51054227E-03       3.25843416E-03
   202.9000       6.70913479E-03       3.29767534E-03       1.51082799E-03       3.25914861E-03
   203.0000       6.70958625E-03       3.29811584E-03       1.51117645E-03       3.25986374E-03
   203.1000       6.71002042E-03       3.29855743E-03       1.51158697E-03       3.26057951E-03
   203.2000       6.71044051E-03       3.29899564E-03       1.51205116E-03       3.26129578E-03
   203.3000       6.71084981E-03       3.29942609E-03       1.51255100E-03       3.26201243E-03
   203.4000       6.71125109E-03       3.29984515E-03       1.51306690E-03       3.26272956E-03
   203.5000       6.71164776E-03       3.30024781E-03       1.51358109E-03       3.26344758E-03
   203.6000       6.71204303E-03       3.30062503E-03       1.51407797E-03       3.26416711E-03
   203.7000       6.71243999E-03       3.30096852E-03       1.51454964E-03       3.26488895E-03
   203.8000       6.71284181E-03       3.30127209E-03       1.51499214E-03       3.26561387E-03
   203.9000       6.71325115E-03       3.30152912E-03       1.51540872E-03       3.26634272E-03
   204.0000       6.71367137E-03       3.30173542E-03       1.51580092E-03       3.26707628E-03
   204.1000       6.71410521E-03       3.30188857E-03       1.51616656E-03       3.26781520E-03
   204.2000       6.71455558E-03       3.30198899E-03       1.51650627E-03       3.26855981E-03
   204.3000       6.71502550E-03       3.30203714E-03       1.51684170E-03       3.26931018E-03
   204.4000       6.71551787E-03       3.30203140E-03       1.51718410E-03       3.27006639E-03
   204.5000       6.71603588E-03       3.30197098E-03       1.51748530E-03       3.27082859E-03
   204.6000       6.71658308E-03       3.30185653E-03       1.51773835E-03       3.27159689E-03
   204.7000       6.71716381E-03       3.30168891E-03       1.51798746E-03       3.27237117E-03
   204.8000       6.71778175E-03       3.30146961E-03       1.51825542E-03       3.27315119E-03
   204.9000       6.71844129E-03       3.30119876E-03       1.51854350E-03       3.27393665E-03
   205.0000       6.71914735E-03       3.30087375E-03       1.51877922E-03       3.27472713E-03
   205.1000       6.71990477E-03       3.30049374E-03       1.51893577E-03       3.27552203E-03
   205.2000       6.72071859E-03       3.30006012E-03       1.51907150E-03       3.27632098E-03
   205.3000       6.72159377E-03       3.29957447E-03       1.51918133E-03       3.27712389E-03
   205.4000       6.72253545E-03       3.29903645E-03       1.51927428E-03       3.27793087E-03
   205.5000       6.72354853E-03       3.29844678E-03       1.51939124E-03       3.27874220E-03
   205.6000       6.72463775E-03       3.29781120E-03       1.51961282E-03       3.27955809E-03
   205.7000       6.72580674E-03       3.29713459E-03       1.51989167E-03       3.28037859E-03
   205.8000       6.72705961E-03       3.29642150E-03       1.52011813E-03       3.28120488E-03
   205.9000       6.72839966E-03       3.29567870E-03       1.52018978E-03       3.28203910E-03
   206.0000       6.72982876E-03       3.29491155E-03       1.52008322E-03       3.28288400E-03
   206.1000       6.73134875E-03       3.29412438E-03       1.51986158E-03       3.28374030E-03
   206.2000       6.73296017E-03       3.29332121E-03       1.51954427E-03       3.28460700E-03
   206.3000       6.73466348E-03       3.29250482E-03       1.51912519E-03       3.28548166E-03
   206.4000       6.73645730E-03       3.29167737E-03       1.51864452E-03       3.28636073E-03
   206.5000       6.73834022E-03       3.29083919E-03       1.51816325E-03       3.28724157E-03
   206.6000       6.74031030E-03       3.28999047E-03       1.51771335E-03       3.28812316E-03
   206.7000       6.74236436E-03       3.28913328E-03       1.51727322E-03       3.28900537E-03
   206.8000       6.74449916E-03       3.28827015E-03       1.51681068E-03       3.28988842E-03
   206.9000       6.74671102E-03       3.28740179E-03       1.51634147E-03       3.29077236E-03
   207.0000       6.74899717E-03       3.28652912E-03       1.51591693E-03       3.29165583E-03
   207.1000       6.75135375E-03       3.28565107E-03       1.51556535E-03       3.29253635E-03
   207.2000       6.75377706E-03       3.28476968E-03       1.51522982E-03       3.29341210E-03
   207.3000       6.75626426E-03       3.28388777E-03       1.51479198E-03       3.29428217E-03
   207.4000       6.75881270E-03       3.28300574E-03       1.51423930E-03       3.29514665E-03
   207.5000       6.76142002E-03       3.28212340E-03       1.51370682E-03       3.29600668E-03
   207.6000       6.76408404E-03       3.28123667E-03       1.51329292E-03       3.29686422E-03
   207.7000       6.76680318E-03       3.28034359E-03       1.51295610E-03       3.29772121E-03
   207.8000       6.76957592E-03       3.27944533E-03       1.51259027E-03       3.29857925E-03
   207.9000       6.77240067E-03       3.27854365E-03       1.51215355E-03       3.29943910E-03
   208.0000       6.77527576E-03       3.27763799E-03       1.51169825E-03       3.30029964E-03
   208.1000       6.77819962E-03       3.27672763E-03       1.51127684E-03       3.30115858E-03
   208.2000       6.78117029E-03       3.27581542E-03       1.51089165E-03       3.30201350E-03
   208.3000       6.78418547E-03       3.27490327E-03       1.51054778E-03       3.30286263E-03
   208.4000       6.78724256E-03       3.27399356E-03       1.51024734E-03       3.30370636E-03
   208.5000       6.79033835E-03       3.27309096E-03       1.50996912E-03       3.30454750E-03
   208.6000       6.79346977E-03       3.27219698E-03       1.50971234E-03       3.30538895E-03
   208.7000       6.79663239E-03       3.27131508E-03       1.50950839E-03       3.30623291E-03
   208.8000       6.79982218E-03       3.27044601E-03       1.50938095E-03       3.30708128E-03
   208.9000       6.80303464E-03       3.26959243E-03       1.50932839E-03       3.30793483E-03
   209.0000       6.80626436E-03       3.26875784E-03       1.50932918E-03       3.30879260E-03
   209.1000       6.80950659E-03       3.26794211E-03       1.50935764E-03       3.30965252E-03
   209.2000       6.81275598E-03       3.26714502E-03       1.50939696E-03       3.31051280E-03
   209.3000       6.81600798E-03       3.26636656E-03       1.50945732E-03       3.31137308E-03
   209.4000       6.81925815E-03       3.26560877E-03       1.50957068E-03       3.31223393E-03
   209.5000       6.82250194E-03       3.26487211E-03       1.50975887E-03       3.31309504E-03
   209.6000       6.82573542E-03       3.26415415E-03       1.51001435E-03       3.31395587E-03
   209.7000       6.82895612E-03       3.26345675E-03       1.51033025E-03       3.31481771E-03
   209.8000       6.83216032E-03       3.26278268E-03       1.51071542E-03       3.31568268E-03
   209.9000       6.83534451E-03       3.26213240E-03       1.51116132E-03       3.31655124E-03
   210.0000       6.83850685E-03       3.26150850E-03       1.51161936E-03       3.31742241E-03
   210.1000       6.84164368E-03       3.26091373E-03       1.51203657E-03       3.31829560E-03
   210.2000       6.84475161E-03       3.26034731E-03       1.51241711E-03       3.31917018E-03
   210.3000       6.84782714E-03       3.25981137E-03       1.51279676E-03       3.32004474E-03
   210.4000       6.85086665E-03       3.25930883E-03       1.51319580E-03       3.32091879E-03
   210.5000       6.85386665E-03       3.25884421E-03       1.51361808E-03       3.32179343E-03
   210.6000       6.85682254E-03       3.25842049E-03       1.51405173E-03       3.32266986E-03
   210.7000       6.85972968E-03       3.25803675E-03       1.51448604E-03       3.32354824E-03
   210.8000       6.86258423E-03       3.25769570E-03       1.51491626E-03       3.32442767E-03
   210.9000       6.86538083E-03       3.25740006E-03       1.51535788E-03       3.32530658E-03
   211.0000       6.86811453E-03       3.25714980E-03       1.51581542E-03       3.32618374E-03
   211.1000       6.87077986E-03       3.25694092E-03       1.51625393E-03       3.32705907E-03
   211.2000       6.87337153E-03       3.25677521E-03       1.51663463E-03       3.32793305E-03
   211.3000       6.87588359E-03       3.25665552E-03       1.51694989E-03       3.32880544E-03
   211.4000       6.87830983E-03       3.25658033E-03       1.51722628E-03       3.32967481E-03
   211.5000       6.88064303E-03       3.25654644E-03       1.51750502E-03       3.33053907E-03
   211.6000       6.88287597E-03       3.25654869E-03       1.51780355E-03       3.33139590E-03
   211.7000       6.88500147E-03       3.25658773E-03       1.51811217E-03       3.33224308E-03
   211.8000       6.88701123E-03       3.25666287E-03       1.51841599E-03       3.33307936E-03
   211.9000       6.88889739E-03       3.25676539E-03       1.51870441E-03       3.33390392E-03
   212.0000       6.89065102E-03       3.25689020E-03       1.51898151E-03       3.33471567E-03
   212.1000       6.89226349E-03       3.25703512E-03       1.51926183E-03       3.33551328E-03
   212.2000       6.89372628E-03       3.25719174E-03       1.51955469E-03       3.33629598E-03
   212.3000       6.89502971E-03       3.25735299E-03       1.51986518E-03       3.33706404E-03
   212.4000       6.89616655E-03       3.25751709E-03       1.52019353E-03       3.33781787E-03
   212.5000       6.89712779E-03       3.25767865E-03       1.52054231E-03       3.33855705E-03
   212.6000       6.89790570E-03       3.25782993E-03       1.52091490E-03       3.33928047E-03
   212.7000       6.89849336E-03       3.25796722E-03       1.52130726E-03       3.33998663E-03
   212.8000       6.89888469E-03       3.25808376E-03       1.52172402E-03       3.34067415E-03
   212.9000       6.89907380E-03       3.25817439E-03       1.52216886E-03       3.34134283E-03
   213.0000       6.89905678E-03       3.25823874E-03       1.52263992E-03       3.34199413E-03
   213.1000       6.89883070E-03       3.25827307E-03       1.52313221E-03       3.34262931E-03
   213.2000       6.89839424E-03       3.25827743E-03       1.52364299E-03       3.34324764E-03
   213.3000       6.89774729E-03       3.25825145E-03       1.52417119E-03       3.34384832E-03
   213.4000       6.89689141E-03       3.25819422E-03       1.52471495E-03       3.34443255E-03
   213.5000       6.89582960E-03       3.25810546E-03       1.52527829E-03       3.34500171E-03
   213.6000       6.89456723E-03       3.25798496E-03       1.52586514E-03       3.34555556E-03
   213.7000       6.89310948E-03       3.25783176E-03       1.52647400E-03       3.34609306E-03
   213.8000       6.89146302E-03       3.25764306E-03       1.52710181E-03       3.34661314E-03
   213.9000       6.88963661E-03       3.25741830E-03       1.52772805E-03       3.34711499E-03
   214.0000       6.88763875E-03       3.25715897E-03       1.52830546E-03       3.34759872E-03
   214.1000       6.88548011E-03       3.25686601E-03       1.52877349E-03       3.34806572E-03
   214.2000       6.88317058E-03       3.25653810E-03       1.52911772E-03       3.34851724E-03
   214.3000       6.88072175E-03       3.25617240E-03       1.52938684E-03       3.34895302E-03
   214.4000       6.87814485E-03       3.25576703E-03       1.52964738E-03       3.34937191E-03
   214.5000       6.87545212E-03       3.25532399E-03       1.52992595E-03       3.34977238E-03
   214.6000       6.87265497E-03       3.25484298E-03       1.53020959E-03       3.35015297E-03
   214.7000       6.86976592E-03       3.25432285E-03       1.53047816E-03       3.35051248E-03
   214.8000       6.86679579E-03       3.25376307E-03       1.53072033E-03       3.35084995E-03
   214.9000       6.86375611E-03       3.25316414E-03       1.53094320E-03       3.35116431E-03
   215.0000       6.86065671E-03       3.25252491E-03       1.53116240E-03       3.35145458E-03
   215.1000       6.85750704E-03       3.25184644E-03       1.53139500E-03       3.35171994E-03
   215.2000       6.85431612E-03       3.25113230E-03       1.53164802E-03       3.35195977E-03
   215.3000       6.85109088E-03       3.25038389E-03       1.53192273E-03       3.35217361E-03
   215.4000       6.84783774E-03       3.24960171E-03       1.53222538E-03       3.35236096E-03
   215.5000       6.84456139E-03       3.24878407E-03       1.53254950E-03       3.35252127E-03
   215.6000       6.84126670E-03       3.24793417E-03       1.53288887E-03       3.35265400E-03
   215.7000       6.83795624E-03       3.24705248E-03       1.53323492E-03       3.35275829E-03
   215.8000       6.83463299E-03       3.24614260E-03       1.53357628E-03       3.35283258E-03
   215.9000       6.83129873E-03       3.24520448E-03       1.53390694E-03       3.35287556E-03
   216.0000       6.82795479E-03       3.24423366E-03       1.53422391E-03       3.35288852E-03
   216.1000       6.82460197E-03       3.24323318E-03       1.53451964E-03       3.35287624E-03
   216.2000       6.82124305E-03       3.24219982E-03       1.53479500E-03       3.35284514E-03
   216.3000       6.81787799E-03       3.24113473E-03       1.53505509E-03       3.35280086E-03
   216.4000       6.81450944E-03       3.24004311E-03       1.53529660E-03       3.35274735E-03
   216.5000       6.81113898E-03       3.23892194E-03       1.53552577E-03       3.35268573E-03
   216.6000       6.80776964E-03       3.23777081E-03       1.53574994E-03       3.35261178E-03
   216.7000       6.80440399E-03       3.23659240E-03       1.53596065E-03       3.35251418E-03
   216.8000       6.80104663E-03       3.23538719E-03       1.53615112E-03       3.35238323E-03
   216.9000       6.79770172E-03       3.23415454E-03       1.53631628E-03       3.35222391E-03
   217.0000       6.79437459E-03       3.23289570E-03       1.53646007E-03       3.35204819E-03
   217.1000       6.79107065E-03       3.23161291E-03       1.53658578E-03       3.35186386E-03
   217.2000       6.78779619E-03       3.23030786E-03       1.53669565E-03       3.35167366E-03
   217.3000       6.78455773E-03       3.22897940E-03       1.53678993E-03       3.35147597E-03
   217.4000       6.78136227E-03       3.22763085E-03       1.53686147E-03       3.35126783E-03
   217.5000       6.77821610E-03       3.22626699E-03       1.53691006E-03       3.35104895E-03
   217.6000       6.77512585E-03       3.22489323E-03       1.53694360E-03       3.35082137E-03
   217.7000       6.77209864E-03       3.22350559E-03       1.53696125E-03       3.35058608E-03
   217.8000       6.76913984E-03       3.22210757E-03       1.53695284E-03       3.35034207E-03
   217.9000       6.76625445E-03       3.22069858E-03       1.53691111E-03       3.35008758E-03
   218.0000       6.76344640E-03       3.21927714E-03       1.53682765E-03       3.34982175E-03
   218.1000       6.76071914E-03       3.21784690E-03       1.53668700E-03       3.34954507E-03
   218.2000       6.75807405E-03       3.21640967E-03       1.53648061E-03       3.34925918E-03
   218.3000       6.75551185E-03       3.21496562E-03       1.53619848E-03       3.34896513E-03
   218.4000       6.75303169E-03       3.21351305E-03       1.53582473E-03       3.34866406E-03
   218.5000       6.75063144E-03       3.21205428E-03       1.53535535E-03       3.34835735E-03
   218.6000       6.74830910E-03       3.21058966E-03       1.53479710E-03       3.34804599E-03
   218.7000       6.74605949E-03       3.20911705E-03       1.53415851E-03       3.34772974E-03
   218.8000       6.74387837E-03       3.20763880E-03       1.53345285E-03       3.34740762E-03
   218.9000       6.74175809E-03       3.20615688E-03       1.53269937E-03       3.34707865E-03
   219.0000       6.73969294E-03       3.20467068E-03       1.53191717E-03       3.34674190E-03
   219.1000       6.73767537E-03       3.20318549E-03       1.53112074E-03       3.34639633E-03
   219.2000       6.73569767E-03       3.20170094E-03       1.53032337E-03       3.34604060E-03
   219.3000       6.73375163E-03       3.20022215E-03       1.52953613E-03       3.34567348E-03
   219.4000       6.73182938E-03       3.19875395E-03       1.52876627E-03       3.34529374E-03
   219.5000       6.72992172E-03       3.19729669E-03       1.52800687E-03       3.34489995E-03
   219.6000       6.72802129E-03       3.19585469E-03       1.52724547E-03       3.34449075E-03
