   100.1000       2.83822645E-01       1.33123032E+02       1.55065240E-03       2.82287983E-01       2.21672457E-01       1.09978728E-04       1.93174787E+00       1.36986653E+00       1.26091006E+00
   100.2000       2.83817859E-01       1.33324913E+02       1.55535910E-03       2.83232383E-01       2.21605921E-01       1.10240550E-04       1.93342069E+00       1.37013767E+00       1.26153185E+00
   100.3000       2.83813141E-01       1.33526307E+02       1.56006153E-03       2.84176214E-01       2.21539261E-01       1.10491439E-04       1.93509187E+00       1.37035926E+00       1.26212770E+00
   100.4000       2.83808434E-01       1.33727190E+02       1.56475912E-03       2.85119327E-01       2.21472481E-01       1.10741558E-04       1.93676126E+00       1.37053122E+00       1.26272170E+00
   100.5000       2.83803780E-01       1.33927530E+02       1.56945103E-03       2.86061535E-01       2.21405584E-01       1.10984846E-04       1.93842856E+00       1.37065329E+00       1.26329946E+00
   100.6000       2.83799153E-01       1.34127320E+02       1.57413707E-03       2.87002695E-01       2.21338573E-01       1.11226468E-04       1.94009320E+00       1.37072632E+00       1.26387323E+00
   100.7000       2.83794561E-01       1.34326540E+02       1.57881670E-03       2.87942653E-01       2.21271450E-01       1.11461505E-04       1.94175472E+00       1.37075237E+00       1.26443136E+00
   100.8000       2.83789995E-01       1.34525181E+02       1.58348963E-03       2.88881283E-01       2.21204218E-01       1.11689230E-04       1.94341241E+00       1.37073383E+00       1.26497212E+00
   100.9000       2.83785470E-01       1.34723232E+02       1.58815555E-03       2.89818459E-01       2.21136879E-01       1.11917288E-04       1.94506580E+00       1.37067374E+00       1.26551363E+00
   101.0000       2.83780967E-01       1.34920684E+02       1.59281421E-03       2.90754068E-01       2.21069436E-01       1.12143931E-04       1.94671411E+00       1.37057645E+00       1.26605176E+00
   101.1000       2.83776514E-01       1.35117519E+02       1.59746511E-03       2.91687993E-01       2.21001889E-01       1.12364681E-04       1.94835678E+00       1.37044867E+00       1.26657594E+00
   101.2000       2.83772092E-01       1.35313720E+02       1.60210774E-03       2.92620126E-01       2.20934241E-01       1.12578350E-04       1.94999337E+00       1.37029967E+00       1.26708336E+00
   101.3000       2.83767693E-01       1.35509285E+02       1.60674206E-03       2.93550400E-01       2.20866492E-01       1.12789470E-04       1.95162321E+00       1.37014005E+00       1.26758475E+00
   101.4000       2.83763362E-01       1.35704197E+02       1.61136753E-03       2.94478713E-01       2.20798644E-01       1.12991644E-04       1.95324571E+00       1.36998099E+00       1.26806494E+00
   101.5000       2.83759066E-01       1.35898419E+02       1.61598327E-03       2.95404966E-01       2.20730697E-01       1.13193216E-04       1.95486042E+00       1.36983319E+00       1.26854372E+00
   101.6000       2.83754800E-01       1.36091955E+02       1.62058926E-03       2.96329100E-01       2.20662652E-01       1.13390291E-04       1.95646692E+00       1.36970675E+00       1.26901187E+00
   101.7000       2.83750621E-01       1.36284757E+02       1.62518431E-03       2.97251010E-01       2.20594510E-01       1.13579196E-04       1.95806500E+00       1.36961069E+00       1.26946070E+00
   101.8000       2.83746481E-01       1.36476806E+02       1.62976786E-03       2.98170661E-01       2.20526272E-01       1.13760086E-04       1.95965456E+00       1.36955236E+00       1.26989055E+00
   101.9000       2.83742404E-01       1.36668089E+02       1.63433958E-03       2.99088064E-01       2.20457939E-01       1.13942056E-04       1.96123643E+00       1.36953633E+00       1.27032294E+00
   102.0000       2.83738380E-01       1.36858581E+02       1.63889873E-03       3.00003250E-01       2.20389511E-01       1.14112762E-04       1.96281203E+00       1.36956416E+00       1.27072864E+00
   102.1000       2.83734384E-01       1.37048258E+02       1.64344469E-03       3.00916264E-01       2.20320991E-01       1.14289567E-04       1.96438363E+00       1.36963475E+00       1.27114877E+00
   102.2000       2.83730494E-01       1.37237095E+02       1.64797676E-03       3.01827176E-01       2.20252380E-01       1.14459212E-04       1.96595465E+00       1.36974515E+00       1.27155196E+00
   102.3000       2.83726658E-01       1.37425070E+02       1.65249436E-03       3.02736085E-01       2.20183679E-01       1.14616246E-04       1.96752909E+00       1.36989114E+00       1.27192527E+00
   102.4000       2.83722904E-01       1.37612169E+02       1.65699705E-03       3.03643107E-01       2.20114891E-01       1.14769057E-04       1.96911157E+00       1.37006780E+00       1.27228857E+00
   102.5000       2.83719201E-01       1.37798375E+02       1.66148431E-03       3.04548358E-01       2.20046017E-01       1.14925005E-04       1.97070632E+00       1.37026983E+00       1.27265928E+00
   102.6000       2.83715568E-01       1.37983677E+02       1.66595582E-03       3.05451988E-01       2.19977059E-01       1.15071018E-04       1.97231688E+00       1.37049172E+00       1.27300645E+00
   102.7000       2.83712006E-01       1.38168070E+02       1.67041136E-03       3.06354140E-01       2.19908021E-01       1.15217694E-04       1.97394578E+00       1.37072833E+00       1.27335517E+00
   102.8000       2.83708502E-01       1.38351540E+02       1.67485050E-03       3.07254950E-01       2.19838905E-01       1.15360137E-04       1.97559356E+00       1.37097563E+00       1.27369385E+00
   102.9000       2.83705094E-01       1.38534074E+02       1.67927285E-03       3.08154550E-01       2.19769713E-01       1.15496054E-04       1.97725894E+00       1.37123147E+00       1.27401707E+00
   103.0000       2.83701763E-01       1.38715675E+02       1.68367838E-03       3.09053083E-01       2.19700450E-01       1.15626183E-04       1.97893821E+00       1.37149613E+00       1.27432658E+00
   103.1000       2.83698466E-01       1.38896326E+02       1.68806657E-03       3.09950629E-01       2.19631117E-01       1.15760244E-04       1.98062558E+00       1.37177231E+00       1.27464537E+00
   103.2000       2.83695264E-01       1.39076033E+02       1.69243750E-03       3.10847273E-01       2.19561720E-01       1.15887660E-04       1.98231347E+00       1.37206320E+00       1.27494838E+00
   103.3000       2.83692136E-01       1.39254786E+02       1.69679084E-03       3.11743068E-01       2.19492262E-01       1.16013715E-04       1.98399263E+00       1.37236890E+00       1.27524812E+00
   103.4000       2.83689058E-01       1.39432592E+02       1.70112668E-03       3.12638097E-01       2.19422746E-01       1.16133088E-04       1.98565328E+00       1.37268356E+00       1.27553195E+00
   103.5000       2.83686057E-01       1.39609458E+02       1.70544508E-03       3.13532450E-01       2.19353176E-01       1.16254961E-04       1.98728491E+00       1.37299457E+00       1.27582160E+00
   103.6000       2.83683106E-01       1.39785404E+02       1.70974642E-03       3.14426254E-01       2.19283558E-01       1.16373703E-04       1.98887691E+00       1.37328461E+00       1.27610376E+00
   103.7000       2.83680218E-01       1.39960419E+02       1.71403040E-03       3.15319581E-01       2.19213893E-01       1.16490981E-04       1.99041898E+00       1.37353702E+00       1.27638236E+00
   103.8000       2.83677385E-01       1.40134520E+02       1.71829732E-03       3.16212518E-01       2.19144186E-01       1.16608044E-04       1.99190073E+00       1.37374195E+00       1.27666041E+00
   103.9000       2.83674636E-01       1.40307703E+02       1.72254700E-03       3.17105119E-01       2.19074439E-01       1.16720803E-04       1.99331276E+00       1.37390147E+00       1.27692821E+00
   104.0000       2.83671903E-01       1.40479985E+02       1.72677980E-03       3.17997460E-01       2.19004656E-01       1.16835955E-04       1.99464739E+00       1.37402967E+00       1.27720164E+00
   104.1000       2.83669265E-01       1.40651356E+02       1.73099535E-03       3.18889549E-01       2.18934837E-01       1.16944656E-04       1.99589873E+00       1.37414766E+00       1.27745976E+00
   104.2000       2.83666648E-01       1.40821813E+02       1.73519351E-03       3.19781385E-01       2.18864985E-01       1.17049774E-04       1.99706353E+00       1.37427354E+00       1.27770938E+00
   104.3000       2.83664128E-01       1.40991353E+02       1.73937415E-03       3.20672963E-01       2.18795102E-01       1.17153447E-04       1.99813969E+00       1.37441436E+00       1.27795556E+00
   104.4000       2.83661644E-01       1.41159979E+02       1.74353723E-03       3.21564264E-01       2.18725188E-01       1.17253805E-04       1.99912644E+00       1.37456417E+00       1.27819390E+00
   104.5000       2.83659229E-01       1.41327667E+02       1.74768207E-03       3.22455195E-01       2.18655245E-01       1.17351920E-04       2.00002332E+00       1.37471015E+00       1.27842694E+00
   104.6000       2.83656874E-01       1.41494397E+02       1.75180814E-03       3.23345652E-01       2.18585273E-01       1.17444949E-04       2.00082949E+00       1.37484271E+00       1.27864796E+00
   104.7000       2.83654592E-01       1.41660164E+02       1.75591519E-03       3.24235547E-01       2.18515272E-01       1.17532442E-04       2.00154442E+00       1.37496263E+00       1.27885592E+00
   104.8000       2.83652376E-01       1.41824953E+02       1.76000277E-03       3.25124741E-01       2.18445242E-01       1.17617456E-04       2.00216849E+00       1.37508000E+00       1.27905803E+00
   104.9000       2.83650204E-01       1.41988722E+02       1.76406975E-03       3.26013043E-01       2.18375185E-01       1.17704219E-04       2.00270441E+00       1.37520666E+00       1.27926430E+00
   105.0000       2.83648133E-01       1.42151454E+02       1.76811564E-03       3.26900278E-01       2.18305098E-01       1.17772869E-04       2.00315901E+00       1.37534731E+00       1.27942774E+00
   105.1000       2.83646141E-01       1.42313113E+02       1.77213944E-03       3.27786233E-01       2.18234983E-01       1.17844846E-04       2.00354503E+00       1.37549662E+00       1.27959908E+00
   105.2000       2.83644237E-01       1.42473679E+02       1.77614055E-03       3.28670679E-01       2.18164838E-01       1.17908679E-04       2.00388113E+00       1.37564462E+00       1.27975121E+00
   105.3000       2.83642424E-01       1.42633099E+02       1.78011757E-03       3.29553325E-01       2.18094663E-01       1.17966523E-04       2.00419117E+00       1.37578558E+00       1.27988920E+00
   105.4000       2.83640682E-01       1.42791346E+02       1.78406973E-03       3.30433890E-01       2.18024459E-01       1.18022217E-04       2.00450165E+00       1.37592249E+00       1.28002218E+00
   105.5000       2.83639046E-01       1.42948382E+02       1.78799599E-03       3.31312055E-01       2.17954224E-01       1.18074162E-04       2.00483767E+00       1.37606392E+00       1.28014633E+00
   105.6000       2.83637510E-01       1.43104181E+02       1.79189558E-03       3.32187499E-01       2.17883958E-01       1.18115662E-04       2.00521814E+00       1.37621769E+00       1.28024580E+00
   105.7000       2.83636072E-01       1.43258703E+02       1.79576739E-03       3.33059866E-01       2.17813664E-01       1.18156237E-04       2.00565229E+00       1.37638557E+00       1.28034312E+00
   105.8000       2.83634733E-01       1.43411906E+02       1.79961030E-03       3.33928762E-01       2.17743341E-01       1.18189001E-04       2.00613744E+00       1.37656309E+00       1.28042201E+00
   105.9000       2.83633509E-01       1.43563766E+02       1.80342354E-03       3.34793822E-01       2.17672990E-01       1.18219628E-04       2.00666120E+00       1.37674399E+00       1.28049584E+00
   106.0000       2.83632393E-01       1.43714256E+02       1.80720639E-03       3.35654653E-01       2.17602614E-01       1.18247543E-04       2.00720432E+00       1.37692505E+00       1.28056327E+00
   106.1000       2.83631370E-01       1.43863345E+02       1.81095792E-03       3.36510873E-01       2.17532214E-01       1.18266541E-04       2.00774456E+00       1.37710799E+00       1.28060959E+00
   106.2000       2.83630474E-01       1.44011005E+02       1.81467734E-03       3.37362106E-01       2.17461793E-01       1.18281331E-04       2.00826029E+00       1.37729755E+00       1.28064592E+00
   106.3000       2.83629664E-01       1.44157224E+02       1.81836420E-03       3.38208017E-01       2.17391353E-01       1.18296933E-04       2.00873316E+00       1.37749845E+00       1.28068415E+00
   106.4000       2.83628998E-01       1.44301976E+02       1.82201777E-03       3.39048290E-01       2.17320897E-01       1.18300099E-04       2.00914924E+00       1.37771343E+00       1.28069289E+00
   106.5000       2.83628431E-01       1.44445240E+02       1.82563740E-03       3.39882636E-01       2.17250427E-01       1.18300307E-04       2.00949960E+00       1.37794286E+00       1.28069459E+00
   106.6000       2.83627941E-01       1.44587003E+02       1.82922263E-03       3.40710810E-01       2.17179946E-01       1.18301978E-04       2.00977827E+00       1.37818666E+00       1.28069969E+00
   106.7000       2.83627614E-01       1.44727265E+02       1.83277336E-03       3.41532628E-01       2.17109457E-01       1.18291218E-04       2.00998150E+00       1.37844687E+00       1.28067534E+00
   106.8000       2.83627371E-01       1.44865994E+02       1.83628866E-03       3.42347886E-01       2.17038962E-01       1.18277759E-04       2.01010567E+00       1.37872822E+00       1.28064454E+00
   106.9000       2.83627218E-01       1.45003194E+02       1.83976855E-03       3.43156460E-01       2.16968465E-01       1.18270256E-04       2.01014665E+00       1.37903679E+00       1.28062779E+00
   107.0000       2.83627193E-01       1.45138836E+02       1.84321216E-03       3.43958209E-01       2.16897967E-01       1.18251016E-04       2.01010071E+00       1.37937762E+00       1.28058322E+00
   107.1000       2.83627279E-01       1.45272922E+02       1.84661940E-03       3.44753056E-01       2.16827472E-01       1.18226689E-04       2.00996511E+00       1.37975239E+00       1.28052656E+00
   107.2000       2.83627464E-01       1.45405440E+02       1.84998992E-03       3.45540920E-01       2.16756981E-01       1.18200718E-04       2.00973856E+00       1.38015912E+00       1.28046595E+00
   107.3000       2.83627767E-01       1.45536368E+02       1.85332300E-03       3.46321716E-01       2.16686497E-01       1.18173363E-04       2.00942036E+00       1.38059327E+00       1.28040203E+00
   107.4000       2.83628175E-01       1.45665703E+02       1.85661849E-03       3.47095398E-01       2.16616022E-01       1.18132410E-04       2.00900902E+00       1.38104852E+00       1.28030589E+00
   107.5000       2.83628694E-01       1.45793432E+02       1.85987593E-03       3.47861887E-01       2.16545558E-01       1.18097173E-04       2.00850204E+00       1.38151738E+00       1.28022324E+00
   107.6000       2.83629313E-01       1.45919536E+02       1.86309470E-03       3.48621090E-01       2.16475108E-01       1.18055946E-04       2.00789594E+00       1.38199184E+00       1.28012642E+00
   107.7000       2.83630045E-01       1.46044009E+02       1.86627459E-03       3.49372940E-01       2.16404671E-01       1.18009768E-04       2.00718838E+00       1.38246411E+00       1.28001791E+00
   107.8000       2.83630900E-01       1.46166830E+02       1.86941495E-03       3.50117298E-01       2.16334251E-01       1.17957041E-04       2.00638037E+00       1.38292754E+00       1.27989393E+00
   107.9000       2.83631852E-01       1.46287991E+02       1.87251543E-03       3.50854034E-01       2.16263849E-01       1.17901479E-04       2.00547751E+00       1.38337636E+00       1.27976324E+00
   108.0000       2.83632941E-01       1.46407481E+02       1.87557566E-03       3.51583049E-01       2.16193468E-01       1.17839682E-04       2.00448949E+00       1.38380517E+00       1.27961775E+00
   108.1000       2.83634130E-01       1.46525281E+02       1.87859506E-03       3.52304217E-01       2.16123111E-01       1.17774509E-04       2.00342753E+00       1.38420868E+00       1.27946417E+00
   108.2000       2.83635439E-01       1.46641402E+02       1.88157383E-03       3.53017483E-01       2.16052781E-01       1.17709336E-04       2.00230253E+00       1.38458232E+00       1.27931053E+00
   108.3000       2.83636874E-01       1.46755841E+02       1.88451174E-03       3.53722760E-01       2.15982480E-01       1.17632687E-04       2.00112576E+00       1.38492255E+00       1.27912966E+00
   108.4000       2.83638388E-01       1.46868570E+02       1.88740798E-03       3.54419905E-01       2.15912210E-01       1.17552687E-04       1.99991013E+00       1.38522646E+00       1.27894082E+00
   108.5000       2.83640005E-01       1.46979596E+02       1.89026264E-03       3.55108833E-01       2.15841973E-01       1.17473395E-04       1.99866919E+00       1.38549146E+00       1.27875362E+00
   108.6000       2.83641760E-01       1.47088910E+02       1.89307539E-03       3.55789418E-01       2.15771772E-01       1.17389803E-04       1.99741422E+00       1.38571491E+00       1.27855622E+00
   108.7000       2.83643598E-01       1.47196516E+02       1.89584624E-03       3.56461565E-01       2.15701608E-01       1.17300738E-04       1.99615360E+00       1.38589457E+00       1.27834584E+00
   108.8000       2.83645550E-01       1.47302391E+02       1.89857450E-03       3.57125138E-01       2.15631483E-01       1.17206967E-04       1.99489499E+00       1.38602926E+00       1.27812430E+00
   108.9000       2.83647622E-01       1.47406540E+02       1.90126019E-03       3.57780033E-01       2.15561398E-01       1.17109620E-04       1.99364544E+00       1.38611877E+00       1.27789428E+00
   109.0000       2.83649791E-01       1.47508953E+02       1.90390297E-03       3.58426148E-01       2.15491356E-01       1.17007655E-04       1.99241178E+00       1.38616347E+00       1.27765330E+00
   109.1000       2.83652077E-01       1.47609630E+02       1.90650275E-03       3.59063393E-01       2.15421358E-01       1.16900764E-04       1.99119941E+00       1.38616446E+00       1.27740065E+00
   109.2000       2.83654448E-01       1.47708556E+02       1.90905903E-03       3.59691663E-01       2.15351406E-01       1.16794262E-04       1.99001125E+00       1.38612413E+00       1.27714892E+00
   109.3000       2.83656909E-01       1.47805732E+02       1.91157176E-03       3.60310873E-01       2.15281501E-01       1.16685604E-04       1.98884833E+00       1.38604632E+00       1.27689206E+00
   109.4000       2.83659499E-01       1.47901147E+02       1.91404056E-03       3.60920940E-01       2.15211645E-01       1.16569512E-04       1.98771116E+00       1.38593586E+00       1.27661760E+00
   109.5000       2.83662175E-01       1.47994809E+02       1.91646557E-03       3.61521812E-01       2.15141841E-01       1.16452192E-04       1.98660059E+00       1.38579717E+00       1.27634021E+00
   109.6000       2.83664938E-01       1.48086726E+02       1.91884686E-03       3.62113444E-01       2.15072090E-01       1.16332830E-04       1.98551868E+00       1.38563374E+00       1.27605797E+00
   109.7000       2.83667805E-01       1.48176882E+02       1.92118399E-03       3.62695750E-01       2.15002394E-01       1.16214819E-04       1.98446801E+00       1.38544875E+00       1.27577890E+00
   109.8000       2.83670775E-01       1.48265295E+02       1.92347730E-03       3.63268695E-01       2.14932755E-01       1.16091773E-04       1.98345211E+00       1.38524599E+00       1.27548788E+00
   109.9000       2.83673852E-01       1.48351974E+02       1.92572696E-03       3.63832243E-01       2.14863176E-01       1.15961014E-04       1.98247527E+00       1.38502973E+00       1.27517858E+00
   110.0000       2.83676989E-01       1.48436930E+02       1.92793318E-03       3.64386361E-01       2.14793659E-01       1.15839048E-04       1.98154212E+00       1.38480362E+00       1.27489006E+00
   110.1000       2.83680212E-01       1.48520173E+02       1.93009616E-03       3.64931022E-01       2.14724206E-01       1.15708241E-04       1.98065787E+00       1.38456953E+00       1.27458059E+00
   110.2000       2.83683552E-01       1.48601718E+02       1.93221616E-03       3.65466191E-01       2.14654820E-01       1.15574789E-04       1.97982732E+00       1.38432799E+00       1.27426482E+00
   110.3000       2.83686966E-01       1.48681581E+02       1.93429359E-03       3.65991822E-01       2.14585503E-01       1.15448896E-04       1.97905472E+00       1.38407956E+00       1.27396691E+00
   110.4000       2.83690449E-01       1.48759791E+02       1.93632909E-03       3.66507903E-01       2.14516257E-01       1.15317591E-04       1.97834330E+00       1.38382609E+00       1.27365616E+00
   110.5000       2.83694007E-01       1.48836383E+02       1.93832354E-03       3.67014434E-01       2.14447085E-01       1.15187203E-04       1.97769491E+00       1.38357061E+00       1.27334753E+00
   110.6000       2.83697634E-01       1.48911372E+02       1.94027721E-03       3.67511374E-01       2.14377989E-01       1.15063034E-04       1.97710984E+00       1.38331642E+00       1.27305360E+00
   110.7000       2.83701356E-01       1.48984791E+02       1.94219094E-03       3.67998716E-01       2.14308972E-01       1.14931411E-04       1.97658755E+00       1.38306746E+00       1.27274198E+00
   110.8000       2.83705140E-01       1.49056663E+02       1.94406527E-03       3.68476457E-01       2.14240037E-01       1.14799536E-04       1.97612714E+00       1.38282835E+00       1.27242973E+00
   110.9000       2.83708967E-01       1.49127013E+02       1.94590078E-03       3.68944604E-01       2.14171185E-01       1.14673378E-04       1.97572788E+00       1.38260398E+00       1.27213098E+00
   111.0000       2.83712886E-01       1.49195893E+02       1.94769876E-03       3.69403230E-01       2.14102419E-01       1.14547620E-04       1.97538844E+00       1.38239844E+00       1.27183314E+00
   111.1000       2.83716843E-01       1.49263313E+02       1.94945946E-03       3.69852360E-01       2.14033742E-01       1.14426645E-04       1.97510710E+00       1.38221439E+00       1.27154662E+00
   111.2000       2.83720871E-01       1.49329312E+02       1.95118381E-03       3.70292062E-01       2.13965156E-01       1.14300453E-04       1.97488079E+00       1.38205266E+00       1.27124773E+00
   111.3000       2.83724959E-01       1.49393920E+02       1.95287255E-03       3.70722434E-01       2.13896663E-01       1.14178051E-04       1.97470601E+00       1.38191297E+00       1.27095780E+00
   111.4000       2.83729070E-01       1.49457159E+02       1.95452621E-03       3.71143543E-01       2.13828264E-01       1.14056953E-04       1.97457890E+00       1.38179439E+00       1.27067097E+00
   111.5000       2.83733253E-01       1.49519061E+02       1.95614558E-03       3.71555500E-01       2.13759964E-01       1.13935568E-04       1.97449557E+00       1.38169567E+00       1.27038345E+00
   111.6000       2.83737482E-01       1.49579644E+02       1.95773112E-03       3.71958396E-01       2.13691762E-01       1.13816949E-04       1.97445254E+00       1.38161642E+00       1.27010246E+00
   111.7000       2.83741735E-01       1.49638944E+02       1.95928369E-03       3.72352378E-01       2.13623663E-01       1.13696659E-04       1.97444593E+00       1.38155935E+00       1.26981752E+00
   111.8000       2.83746049E-01       1.49696982E+02       1.96080382E-03       3.72737579E-01       2.13555667E-01       1.13579543E-04       1.97447176E+00       1.38153036E+00       1.26954008E+00
   111.9000       2.83750376E-01       1.49753784E+02       1.96229213E-03       3.73114121E-01       2.13487776E-01       1.13462942E-04       1.97452600E+00       1.38153717E+00       1.26926384E+00
   112.0000       2.83754741E-01       1.49809362E+02       1.96374893E-03       3.73482129E-01       2.13419993E-01       1.13351188E-04       1.97460519E+00       1.38158768E+00       1.26899905E+00
   112.1000       2.83759151E-01       1.49863760E+02       1.96517531E-03       3.73841780E-01       2.13352319E-01       1.13233073E-04       1.97470705E+00       1.38168822E+00       1.26871920E+00
   112.2000       2.83763554E-01       1.49916990E+02       1.96657159E-03       3.74193201E-01       2.13284755E-01       1.13125472E-04       1.97483086E+00       1.38184351E+00       1.26846421E+00
   112.3000       2.83768013E-01       1.49969071E+02       1.96793821E-03       3.74536517E-01       2.13217303E-01       1.13009763E-04       1.97497746E+00       1.38205795E+00       1.26819005E+00
   112.4000       2.83772466E-01       1.50020026E+02       1.96927572E-03       3.74871862E-01       2.13149964E-01       1.12896186E-04       1.97514836E+00       1.38233735E+00       1.26792090E+00
   112.5000       2.83776949E-01       1.50069889E+02       1.97058501E-03       3.75199396E-01       2.13082739E-01       1.12792561E-04       1.97534565E+00       1.38268950E+00       1.26767531E+00
   112.6000       2.83781462E-01       1.50118665E+02       1.97186619E-03       3.75519213E-01       2.13015629E-01       1.12682504E-04       1.97557193E+00       1.38312358E+00       1.26741450E+00
   112.7000       2.83785974E-01       1.50166385E+02       1.97312003E-03       3.75831450E-01       2.12948634E-01       1.12577209E-04       1.97583066E+00       1.38364727E+00       1.26716496E+00
   112.8000       2.83790524E-01       1.50213073E+02       1.97434713E-03       3.76136226E-01       2.12881756E-01       1.12469182E-04       1.97612601E+00       1.38426324E+00       1.26690896E+00
   112.9000       2.83795080E-01       1.50258740E+02       1.97554777E-03       3.76433641E-01       2.12814995E-01       1.12360927E-04       1.97646258E+00       1.38496711E+00       1.26665243E+00
   113.0000       2.83799649E-01       1.50303408E+02       1.97672251E-03       3.76723828E-01       2.12748353E-01       1.12256074E-04       1.97684443E+00       1.38575028E+00       1.26640392E+00
   113.1000       2.83804194E-01       1.50347093E+02       1.97787173E-03       3.77006894E-01       2.12681828E-01       1.12150459E-04       1.97727415E+00       1.38660519E+00       1.26615363E+00
   113.2000       2.83808788E-01       1.50389818E+02       1.97899602E-03       3.77282976E-01       2.12615423E-01       1.12052079E-04       1.97775209E+00       1.38752931E+00       1.26592043E+00
   113.3000       2.83813379E-01       1.50431598E+02       1.98009574E-03       3.77552194E-01       2.12549137E-01       1.11943965E-04       1.97827679E+00       1.38852387E+00       1.26566418E+00
   113.4000       2.83817961E-01       1.50472440E+02       1.98117108E-03       3.77814658E-01       2.12482970E-01       1.11842680E-04       1.97884523E+00       1.38958875E+00       1.26542410E+00
   113.5000       2.83822545E-01       1.50512376E+02       1.98222284E-03       3.78070499E-01       2.12416923E-01       1.11745130E-04       1.97945451E+00       1.39071700E+00       1.26519290E+00
   113.6000       2.83827144E-01       1.50551392E+02       1.98325065E-03       3.78319786E-01       2.12350993E-01       1.11649032E-04       1.98010241E+00       1.39189429E+00       1.26496513E+00
   113.7000       2.83831756E-01       1.50589517E+02       1.98425523E-03       3.78562636E-01       2.12285182E-01       1.11540205E-04       1.98078769E+00       1.39310453E+00       1.26470729E+00
   113.8000       2.83836340E-01       1.50626748E+02       1.98523651E-03       3.78799115E-01       2.12219487E-01       1.11447570E-04       1.98150935E+00       1.39433597E+00       1.26448780E+00
   113.9000       2.83840962E-01       1.50663099E+02       1.98619482E-03       3.79029321E-01       2.12153910E-01       1.11347837E-04       1.98226636E+00       1.39558137E+00       1.26425153E+00
   114.0000       2.83845574E-01       1.50698589E+02       1.98713067E-03       3.79253379E-01       2.12088448E-01       1.11250675E-04       1.98305692E+00       1.39683566E+00       1.26402137E+00
   114.1000       2.83850171E-01       1.50733206E+02       1.98804370E-03       3.79471372E-01       2.12023101E-01       1.11150727E-04       1.98387842E+00       1.39809667E+00       1.26378463E+00
   114.2000       2.83854811E-01       1.50766977E+02       1.98893461E-03       3.79683493E-01       2.11957869E-01       1.11051167E-04       1.98472770E+00       1.39936524E+00       1.26354880E+00
   114.3000       2.83859425E-01       1.50799909E+02       1.98980360E-03       3.79889932E-01       2.11892751E-01       1.10960407E-04       1.98560158E+00       1.40064295E+00       1.26333380E+00
   114.4000       2.83864052E-01       1.50832029E+02       1.99065134E-03       3.80090940E-01       2.11827747E-01       1.10860271E-04       1.98649670E+00       1.40192891E+00       1.26309662E+00
   114.5000       2.83868664E-01       1.50863334E+02       1.99147772E-03       3.80286747E-01       2.11762856E-01       1.10766120E-04       1.98740957E+00       1.40321686E+00       1.26287362E+00
   114.6000       2.83873303E-01       1.50893831E+02       1.99228298E-03       3.80477604E-01       2.11698077E-01       1.10671104E-04       1.98833673E+00       1.40449409E+00       1.26264857E+00
   114.7000       2.83877928E-01       1.50923533E+02       1.99306737E-03       3.80663772E-01       2.11633409E-01       1.10577006E-04       1.98927495E+00       1.40574248E+00       1.26242571E+00
   114.8000       2.83882550E-01       1.50952453E+02       1.99383126E-03       3.80845522E-01       2.11568851E-01       1.10479558E-04       1.99022268E+00       1.40694386E+00       1.26219487E+00
   114.9000       2.83887200E-01       1.50980603E+02       1.99457496E-03       3.81023088E-01       2.11504402E-01       1.10386755E-04       1.99117988E+00       1.40808900E+00       1.26197501E+00
   115.0000       2.83891867E-01       1.51007983E+02       1.99529845E-03       3.81196647E-01       2.11440058E-01       1.10287538E-04       1.99214878E+00       1.40918454E+00       1.26174000E+00
   115.1000       2.83896508E-01       1.51034578E+02       1.99600133E-03       3.81366287E-01       2.11375819E-01       1.10193612E-04       1.99313229E+00       1.41025404E+00       1.26151754E+00
   115.2000       2.83901231E-01       1.51060392E+02       1.99668368E-03       3.81532118E-01       2.11311681E-01       1.10090243E-04       1.99413275E+00       1.41132663E+00       1.26127285E+00
   115.3000       2.83905931E-01       1.51085430E+02       1.99734564E-03       3.81694201E-01       2.11247641E-01       1.09995568E-04       1.99515046E+00       1.41241613E+00       1.26104883E+00
   115.4000       2.83910687E-01       1.51109700E+02       1.99798738E-03       3.81852618E-01       2.11183698E-01       1.09892820E-04       1.99618346E+00       1.41350899E+00       1.26080581E+00
   115.5000       2.83915427E-01       1.51133189E+02       1.99860858E-03       3.82007428E-01       2.11119849E-01       1.09799494E-04       1.99722824E+00       1.41457613E+00       1.26058517E+00
   115.6000       2.83920228E-01       1.51155907E+02       1.99920948E-03       3.82158721E-01       2.11056094E-01       1.09692906E-04       1.99828142E+00       1.41559941E+00       1.26033319E+00
   115.7000       2.83925031E-01       1.51177857E+02       1.99979013E-03       3.82306543E-01       2.10992432E-01       1.09588955E-04       1.99934001E+00       1.41658416E+00       1.26008747E+00
   115.8000       2.83929872E-01       1.51199049E+02       2.00035085E-03       3.82450955E-01       2.10928863E-01       1.09493214E-04       2.00040259E+00       1.41754755E+00       1.25986116E+00
   115.9000       2.83934741E-01       1.51219483E+02       2.00089155E-03       3.82591995E-01       2.10865387E-01       1.09387244E-04       2.00146934E+00       1.41850236E+00       1.25961067E+00
   116.0000       2.83939636E-01       1.51239175E+02       2.00141270E-03       3.82729694E-01       2.10802004E-01       1.09295172E-04       2.00254132E+00       1.41945592E+00       1.25939306E+00
   116.1000       2.83944572E-01       1.51258130E+02       2.00191441E-03       3.82864074E-01       2.10738716E-01       1.09187345E-04       2.00361998E+00       1.42041695E+00       1.25913814E+00
   116.2000       2.83949519E-01       1.51276348E+02       2.00239667E-03       3.82995129E-01       2.10675524E-01       1.09091669E-04       2.00470449E+00       1.42139652E+00       1.25891195E+00
   116.3000       2.83954483E-01       1.51293857E+02       2.00286022E-03       3.83122926E-01       2.10612429E-01       1.08994695E-04       2.00579144E+00       1.42240519E+00       1.25868265E+00
   116.4000       2.83959488E-01       1.51310665E+02       2.00330526E-03       3.83247486E-01       2.10549432E-01       1.08895137E-04       2.00687584E+00       1.42344884E+00       1.25844719E+00
   116.5000       2.83964493E-01       1.51326788E+02       2.00373221E-03       3.83368834E-01       2.10486536E-01       1.08800309E-04       2.00795339E+00       1.42452130E+00       1.25822288E+00
   116.6000       2.83969526E-01       1.51342241E+02       2.00414148E-03       3.83487010E-01       2.10423742E-01       1.08700169E-04       2.00902200E+00       1.42560521E+00       1.25798599E+00
   116.7000       2.83974559E-01       1.51357037E+02       2.00453336E-03       3.83602015E-01       2.10361050E-01       1.08615511E-04       2.01008243E+00       1.42668407E+00       1.25778573E+00
   116.8000       2.83979604E-01       1.51371188E+02       2.00490819E-03       3.83713846E-01       2.10298463E-01       1.08523723E-04       2.01113719E+00       1.42775373E+00       1.25756859E+00
   116.9000       2.83984685E-01       1.51384700E+02       2.00526616E-03       3.83822495E-01       2.10235982E-01       1.08433200E-04       2.01218880E+00       1.42882272E+00       1.25735443E+00
   117.0000       2.83989765E-01       1.51397586E+02       2.00560754E-03       3.83927959E-01       2.10173608E-01       1.08343671E-04       2.01323827E+00       1.42990375E+00       1.25714260E+00
   117.1000       2.83994846E-01       1.51409865E+02       2.00593288E-03       3.84030231E-01       2.10111342E-01       1.08261022E-04       2.01428471E+00       1.43100330E+00       1.25694706E+00
   117.2000       2.83999926E-01       1.51421557E+02       2.00624270E-03       3.84129301E-01       2.10049185E-01       1.08180454E-04       2.01532646E+00       1.43211891E+00       1.25675642E+00
   117.3000       2.84005015E-01       1.51432669E+02       2.00653717E-03       3.84225129E-01       2.09987139E-01       1.08103592E-04       2.01636219E+00       1.43324453E+00       1.25657456E+00
   117.4000       2.84010094E-01       1.51443221E+02       2.00681680E-03       3.84317730E-01       2.09925204E-01       1.08026823E-04       2.01739109E+00       1.43437772E+00       1.25639294E+00
   117.5000       2.84015167E-01       1.51453241E+02       2.00708237E-03       3.84407120E-01       2.09863380E-01       1.07956857E-04       2.01841207E+00       1.43552077E+00       1.25622742E+00
   117.6000       2.84020234E-01       1.51462738E+02       2.00733408E-03       3.84493305E-01       2.09801670E-01       1.07886511E-04       2.01942290E+00       1.43667809E+00       1.25606099E+00
   117.7000       2.84025300E-01       1.51471746E+02       2.00757287E-03       3.84576357E-01       2.09740072E-01       1.07818926E-04       2.02041979E+00       1.43785470E+00       1.25590111E+00
   117.8000       2.84030367E-01       1.51480282E+02       2.00779914E-03       3.84656353E-01       2.09678588E-01       1.07750969E-04       2.02139842E+00       1.43905737E+00       1.25574033E+00
   117.9000       2.84035396E-01       1.51488383E+02       2.00801390E-03       3.84733430E-01       2.09617218E-01       1.07703100E-04       2.02235588E+00       1.44029586E+00       1.25562707E+00
   118.0000       2.84040426E-01       1.51496094E+02       2.00821831E-03       3.84807757E-01       2.09555963E-01       1.07644338E-04       2.02329181E+00       1.44157947E+00       1.25548802E+00
   118.1000       2.84045431E-01       1.51503431E+02       2.00841284E-03       3.84879498E-01       2.09494821E-01       1.07598715E-04       2.02420853E+00       1.44291144E+00       1.25538003E+00
   118.2000       2.84050435E-01       1.51510453E+02       2.00859902E-03       3.84948910E-01       2.09433793E-01       1.07549982E-04       2.02510820E+00       1.44428825E+00       1.25526469E+00
   118.3000       2.84055392E-01       1.51517182E+02       2.00877745E-03       3.85016223E-01       2.09372878E-01       1.07509224E-04       2.02599226E+00       1.44570502E+00       1.25516821E+00
   118.4000       2.84060328E-01       1.51523654E+02       2.00894905E-03       3.85081714E-01       2.09312075E-01       1.07470676E-04       2.02686152E+00       1.44715959E+00       1.25507698E+00
   118.5000       2.84065246E-01       1.51529899E+02       2.00911465E-03       3.85145691E-01       2.09251384E-01       1.07434730E-04       2.02771865E+00       1.44865063E+00       1.25499189E+00
   118.6000       2.84070114E-01       1.51535982E+02       2.00927597E-03       3.85208532E-01       2.09190804E-01       1.07403938E-04       2.02856817E+00       1.45017390E+00       1.25491899E+00
   118.7000       2.84074969E-01       1.51541904E+02       2.00943300E-03       3.85270543E-01       2.09130335E-01       1.07370205E-04       2.02941523E+00       1.45172329E+00       1.25483912E+00
   118.8000       2.84079769E-01       1.51547705E+02       2.00958684E-03       3.85332092E-01       2.09069974E-01       1.07347246E-04       2.03026393E+00       1.45329337E+00       1.25478477E+00
   118.9000       2.84084537E-01       1.51553424E+02       2.00973853E-03       3.85393525E-01       2.09009722E-01       1.07320244E-04       2.03111714E+00       1.45488004E+00       1.25472084E+00
   119.0000       2.84089252E-01       1.51559076E+02       2.00988843E-03       3.85455168E-01       2.08949577E-01       1.07307997E-04       2.03197758E+00       1.45648116E+00       1.25469178E+00
   119.1000       2.84093968E-01       1.51564678E+02       2.01003703E-03       3.85517311E-01       2.08889540E-01       1.07280178E-04       2.03284877E+00       1.45809432E+00       1.25462587E+00
   119.2000       2.84098604E-01       1.51570244E+02       2.01018464E-03       3.85580234E-01       2.08829609E-01       1.07264696E-04       2.03373464E+00       1.45971309E+00       1.25458910E+00
   119.3000       2.84103221E-01       1.51575791E+02       2.01033178E-03       3.85644207E-01       2.08769784E-01       1.07247378E-04       2.03463890E+00       1.46132828E+00       1.25454794E+00
   119.4000       2.84107793E-01       1.51581332E+02       2.01047877E-03       3.85709464E-01       2.08710064E-01       1.07234551E-04       2.03556464E+00       1.46293105E+00       1.25451737E+00
   119.5000       2.84112379E-01       1.51586866E+02       2.01062557E-03       3.85776172E-01       2.08650450E-01       1.07212734E-04       2.03651403E+00       1.46451316E+00       1.25446550E+00
   119.6000       2.84116878E-01       1.51592402E+02       2.01077243E-03       3.85844487E-01       2.08590940E-01       1.07204441E-04       2.03748765E+00       1.46606805E+00       1.25444560E+00
   119.7000       2.84121381E-01       1.51597928E+02       2.01091904E-03       3.85914483E-01       2.08531533E-01       1.07182934E-04       2.03848429E+00       1.46759196E+00       1.25439444E+00
   119.8000       2.84125817E-01       1.51603467E+02       2.01106597E-03       3.85986241E-01       2.08472230E-01       1.07168663E-04       2.03950137E+00       1.46908042E+00       1.25436040E+00
   119.9000       2.84130229E-01       1.51608993E+02       2.01121259E-03       3.86059734E-01       2.08413028E-01       1.07160899E-04       2.04053565E+00       1.47052674E+00       1.25434180E+00
   120.0000       2.84134645E-01       1.51614510E+02       2.01135898E-03       3.86134933E-01       2.08353927E-01       1.07142943E-04       2.04158445E+00       1.47192359E+00       1.25429911E+00
   120.1000       2.84138975E-01       1.51620029E+02       2.01150541E-03       3.86211777E-01       2.08294927E-01       1.07138885E-04       2.04264584E+00       1.47326387E+00       1.25428936E+00
   120.2000       2.84143328E-01       1.51625554E+02       2.01165199E-03       3.86290187E-01       2.08236027E-01       1.07126714E-04       2.04371879E+00       1.47454068E+00       1.25426047E+00
   120.3000       2.84147622E-01       1.51631097E+02       2.01179908E-03       3.86370091E-01       2.08177227E-01       1.07126259E-04       2.04480215E+00       1.47574669E+00       1.25425934E+00
   120.4000       2.84151896E-01       1.51636669E+02       2.01194696E-03       3.86451419E-01       2.08118526E-01       1.07122006E-04       2.04589419E+00       1.47687560E+00       1.25424922E+00
   120.5000       2.84156141E-01       1.51642275E+02       2.01209571E-03       3.86534101E-01       2.08059925E-01       1.07121748E-04       2.04699194E+00       1.47792497E+00       1.25424855E+00
   120.6000       2.84160348E-01       1.51647931E+02       2.01224580E-03       3.86618116E-01       2.08001425E-01       1.07132379E-04       2.04809135E+00       1.47889619E+00       1.25427363E+00
   120.7000       2.84164539E-01       1.51653674E+02       2.01239821E-03       3.86703497E-01       2.07943026E-01       1.07140820E-04       2.04918750E+00       1.47979160E+00       1.25429353E+00
   120.8000       2.84168698E-01       1.51659536E+02       2.01255379E-03       3.86790260E-01       2.07884730E-01       1.07151416E-04       2.05027559E+00       1.48061308E+00       1.25431850E+00
   120.9000       2.84172814E-01       1.51665523E+02       2.01271269E-03       3.86878399E-01       2.07826537E-01       1.07169117E-04       2.05135191E+00       1.48136387E+00       1.25436025E+00
   121.0000       2.84176904E-01       1.51671674E+02       2.01287597E-03       3.86967939E-01       2.07768447E-01       1.07191944E-04       2.05241306E+00       1.48204987E+00       1.25441414E+00
   121.1000       2.84180948E-01       1.51678023E+02       2.01304448E-03       3.87058880E-01       2.07710462E-01       1.07222754E-04       2.05345703E+00       1.48267885E+00       1.25448688E+00
   121.2000       2.84184971E-01       1.51684609E+02       2.01321931E-03       3.87151201E-01       2.07652580E-01       1.07252258E-04       2.05448199E+00       1.48325828E+00       1.25455651E+00
   121.3000       2.84188935E-01       1.51691464E+02       2.01340127E-03       3.87244906E-01       2.07594804E-01       1.07289843E-04       2.05548687E+00       1.48379504E+00       1.25464522E+00
   121.4000       2.84192836E-01       1.51698633E+02       2.01359158E-03       3.87340106E-01       2.07537132E-01       1.07331673E-04       2.05646972E+00       1.48429496E+00       1.25474397E+00
   121.5000       2.84196707E-01       1.51706133E+02       2.01379070E-03       3.87437017E-01       2.07479564E-01       1.07374329E-04       2.05742816E+00       1.48476212E+00       1.25484465E+00
   121.6000       2.84200517E-01       1.51713982E+02       2.01399907E-03       3.87535881E-01       2.07422099E-01       1.07422519E-04       2.05835960E+00       1.48519906E+00       1.25495843E+00
   121.7000       2.84204308E-01       1.51722217E+02       2.01421773E-03       3.87636975E-01       2.07364734E-01       1.07475012E-04       2.05926078E+00       1.48560644E+00       1.25508242E+00
   121.8000       2.84208029E-01       1.51730838E+02       2.01444662E-03       3.87740358E-01       2.07307468E-01       1.07530927E-04       2.06012782E+00       1.48598376E+00       1.25521456E+00
   121.9000       2.84211735E-01       1.51739844E+02       2.01468576E-03       3.87845995E-01       2.07250298E-01       1.07586596E-04       2.06095740E+00       1.48632927E+00       1.25534624E+00
   122.0000       2.84215392E-01       1.51749248E+02       2.01493550E-03       3.87953780E-01       2.07193220E-01       1.07650571E-04       2.06174669E+00       1.48663878E+00       1.25549774E+00
   122.1000       2.84219023E-01       1.51759049E+02       2.01519579E-03       3.88063696E-01       2.07136231E-01       1.07713308E-04       2.06249440E+00       1.48690717E+00       1.25564648E+00
   122.2000       2.84222589E-01       1.51769266E+02       2.01546713E-03       3.88175894E-01       2.07079329E-01       1.07781743E-04       2.06320086E+00       1.48713214E+00       1.25580883E+00
   122.3000       2.84226134E-01       1.51779927E+02       2.01575030E-03       3.88290360E-01       2.07022513E-01       1.07848666E-04       2.06386735E+00       1.48731307E+00       1.25596765E+00
   122.4000       2.84229654E-01       1.51791064E+02       2.01604611E-03       3.88406831E-01       2.06965783E-01       1.07911160E-04       2.06449686E+00       1.48744579E+00       1.25611603E+00
   122.5000       2.84233143E-01       1.51802732E+02       2.01635607E-03       3.88524944E-01       2.06909139E-01       1.07988309E-04       2.06509296E+00       1.48752329E+00       1.25629904E+00
   122.6000       2.84236575E-01       1.51815003E+02       2.01668207E-03       3.88644714E-01       2.06852583E-01       1.08065687E-04       2.06566040E+00       1.48754910E+00       1.25648254E+00
   122.7000       2.84239987E-01       1.51827938E+02       2.01702574E-03       3.88766609E-01       2.06796116E-01       1.08145801E-04       2.06620404E+00       1.48754380E+00       1.25667250E+00
   122.8000       2.84243320E-01       1.51841563E+02       2.01738778E-03       3.88891189E-01       2.06739739E-01       1.08228843E-04       2.06672949E+00       1.48752647E+00       1.25686932E+00
   122.9000       2.84246628E-01       1.51855913E+02       2.01776909E-03       3.89019019E-01       2.06683452E-01       1.08312920E-04       2.06724275E+00       1.48749229E+00       1.25706851E+00
   123.0000       2.84249882E-01       1.51871004E+02       2.01817017E-03       3.89150405E-01       2.06627256E-01       1.08401633E-04       2.06774972E+00       1.48743784E+00       1.25727857E+00
   123.1000       2.84253102E-01       1.51886851E+02       2.01859135E-03       3.89285612E-01       2.06571149E-01       1.08482657E-04       2.06825668E+00       1.48740352E+00       1.25747036E+00
   123.2000       2.84256257E-01       1.51903446E+02       2.01903247E-03       3.89425346E-01       2.06515129E-01       1.08566890E-04       2.06876899E+00       1.48740819E+00       1.25766971E+00
   123.3000       2.84259398E-01       1.51920752E+02       2.01949255E-03       3.89570358E-01       2.06459191E-01       1.08644666E-04       2.06929110E+00       1.48740411E+00       1.25785388E+00
   123.4000       2.84262481E-01       1.51938716E+02       2.01997018E-03       3.89720865E-01       2.06403326E-01       1.08716442E-04       2.06982606E+00       1.48735931E+00       1.25802413E+00
   123.5000       2.84265557E-01       1.51957305E+02       2.02046447E-03       3.89876613E-01       2.06347525E-01       1.08777503E-04       2.07037518E+00       1.48731068E+00       1.25816954E+00
   123.6000       2.84268622E-01       1.51976456E+02       2.02097377E-03       3.90037403E-01       2.06291778E-01       1.08834151E-04       2.07093819E+00       1.48734814E+00       1.25830502E+00
   123.7000       2.84271712E-01       1.51996094E+02       2.02149609E-03       3.90203470E-01       2.06236080E-01       1.08876003E-04       2.07151291E+00       1.48750666E+00       1.25840578E+00
   123.8000       2.84274816E-01       1.52016125E+02       2.02202894E-03       3.90374894E-01       2.06180426E-01       1.08906729E-04       2.07209625E+00       1.48770852E+00       1.25848019E+00
   123.9000       2.84277913E-01       1.52036484E+02       2.02257060E-03       3.90551412E-01       2.06124815E-01       1.08936514E-04       2.07268439E+00       1.48789794E+00       1.25855232E+00
   124.0000       2.84281073E-01       1.52057093E+02       2.02311896E-03       3.90732473E-01       2.06069249E-01       1.08944054E-04       2.07327322E+00       1.48809302E+00       1.25857172E+00
   124.1000       2.84284235E-01       1.52077878E+02       2.02367210E-03       3.90917459E-01       2.06013726E-01       1.08953510E-04       2.07385903E+00       1.48831175E+00       1.25859553E+00
   124.2000       2.84287455E-01       1.52098786E+02       2.02422855E-03       3.91105809E-01       2.05958249E-01       1.08949647E-04       2.07443855E+00       1.48855453E+00       1.25858763E+00
   124.3000       2.84290671E-01       1.52119779E+02       2.02478736E-03       3.91296980E-01       2.05902819E-01       1.08947335E-04       2.07500955E+00       1.48883258E+00       1.25858328E+00
   124.4000       2.84293962E-01       1.52140816E+02       2.02534743E-03       3.91490267E-01       2.05847438E-01       1.08936405E-04       2.07557018E+00       1.48916361E+00       1.25855851E+00
   124.5000       2.84297263E-01       1.52161884E+02       2.02590841E-03       3.91684935E-01       2.05792108E-01       1.08924103E-04       2.07611986E+00       1.48955547E+00       1.25853039E+00
   124.6000       2.84300591E-01       1.52182958E+02       2.02646961E-03       3.91880376E-01       2.05736834E-01       1.08901209E-04       2.07665803E+00       1.49000636E+00       1.25847681E+00
   124.7000       2.84303935E-01       1.52204058E+02       2.02703158E-03       3.92076196E-01       2.05681620E-01       1.08887743E-04       2.07718503E+00       1.49051275E+00       1.25844523E+00
   124.8000       2.84307307E-01       1.52225197E+02       2.02759467E-03       3.92271989E-01       2.05626469E-01       1.08867112E-04       2.07770129E+00       1.49107339E+00       1.25839652E+00
   124.9000       2.84310704E-01       1.52246373E+02       2.02815884E-03       3.92467371E-01       2.05571384E-01       1.08848517E-04       2.07820737E+00       1.49168686E+00       1.25835242E+00
   125.0000       2.84314101E-01       1.52267567E+02       2.02872354E-03       3.92662045E-01       2.05516367E-01       1.08831654E-04       2.07870347E+00       1.49235099E+00       1.25831226E+00
   125.1000       2.84317531E-01       1.52288774E+02       2.02928868E-03       3.92855814E-01       2.05461420E-01       1.08810400E-04       2.07918967E+00       1.49306389E+00       1.25826160E+00
   125.2000       2.84320986E-01       1.52309961E+02       2.02985336E-03       3.93048457E-01       2.05406543E-01       1.08785727E-04       2.07966674E+00       1.49382254E+00       1.25820283E+00
   125.3000       2.84324446E-01       1.52331063E+02       2.03041587E-03       3.93239711E-01       2.05351737E-01       1.08757760E-04       2.08013633E+00       1.49462241E+00       1.25813628E+00
   125.4000       2.84327902E-01       1.52352048E+02       2.03097532E-03       3.93429354E-01       2.05297001E-01       1.08736970E-04       2.08060129E+00       1.49545938E+00       1.25808680E+00
   125.5000       2.84331404E-01       1.52372862E+02       2.03153031E-03       3.93617155E-01       2.05242336E-01       1.08698669E-04       2.08106595E+00       1.49633150E+00       1.25799591E+00
   125.6000       2.84334903E-01       1.52393463E+02       2.03207967E-03       3.93802940E-01       2.05187742E-01       1.08670275E-04       2.08153458E+00       1.49724023E+00       1.25792849E+00
   125.7000       2.84338419E-01       1.52413817E+02       2.03262251E-03       3.93986590E-01       2.05133219E-01       1.08635259E-04       2.08201107E+00       1.49819030E+00       1.25784545E+00
   125.8000       2.84341959E-01       1.52433882E+02       2.03315774E-03       3.94168001E-01       2.05078769E-01       1.08598645E-04       2.08249764E+00       1.49918334E+00       1.25775863E+00
   125.9000       2.84345503E-01       1.52453636E+02       2.03368471E-03       3.94347066E-01       2.05024392E-01       1.08561308E-04       2.08299481E+00       1.50021062E+00       1.25767014E+00
   126.0000       2.84349074E-01       1.52473037E+02       2.03420237E-03       3.94523633E-01       2.04970089E-01       1.08518234E-04       2.08350173E+00       1.50125694E+00       1.25756818E+00
   126.1000       2.84352626E-01       1.52492066E+02       2.03471013E-03       3.94697537E-01       2.04915859E-01       1.08480871E-04       2.08401690E+00       1.50231167E+00       1.25747986E+00
   126.2000       2.84356226E-01       1.52510699E+02       2.03520740E-03       3.94868637E-01       2.04861705E-01       1.08444832E-04       2.08454030E+00       1.50337049E+00       1.25739472E+00
   126.3000       2.84359855E-01       1.52528889E+02       2.03569292E-03       3.95036813E-01       2.04807628E-01       1.08395165E-04       2.08507401E+00       1.50443011E+00       1.25727734E+00
   126.4000       2.84363454E-01       1.52546648E+02       2.03616699E-03       3.95202050E-01       2.04753631E-01       1.08355973E-04       2.08562215E+00       1.50548595E+00       1.25718468E+00
   126.5000       2.84367105E-01       1.52563958E+02       2.03662912E-03       3.95364363E-01       2.04699717E-01       1.08309011E-04       2.08619054E+00       1.50653155E+00       1.25707355E+00
   126.6000       2.84370731E-01       1.52580849E+02       2.03708011E-03       3.95523891E-01       2.04645888E-01       1.08274747E-04       2.08678574E+00       1.50755669E+00       1.25699235E+00
   126.7000       2.84374386E-01       1.52597302E+02       2.03751945E-03       3.95680764E-01       2.04592145E-01       1.08226531E-04       2.08741303E+00       1.50855170E+00       1.25687805E+00
   126.8000       2.84378051E-01       1.52613334E+02       2.03794759E-03       3.95835230E-01       2.04538492E-01       1.08188600E-04       2.08807645E+00       1.50951352E+00       1.25678800E+00
   126.9000       2.84381673E-01       1.52628962E+02       2.03836501E-03       3.95987539E-01       2.04484929E-01       1.08147182E-04       2.08877829E+00       1.51044946E+00       1.25668963E+00
   127.0000       2.84385344E-01       1.52644176E+02       2.03877139E-03       3.96137906E-01       2.04431457E-01       1.08103974E-04       2.08951937E+00       1.51137633E+00       1.25658697E+00
   127.1000       2.84389022E-01       1.52658982E+02       2.03916692E-03       3.96286522E-01       2.04378076E-01       1.08053652E-04       2.09029929E+00       1.51231136E+00       1.25646740E+00
   127.2000       2.84392677E-01       1.52673376E+02       2.03955148E-03       3.96433537E-01       2.04324785E-01       1.08007973E-04       2.09111751E+00       1.51326177E+00       1.25635875E+00
   127.3000       2.84396371E-01       1.52687345E+02       2.03992472E-03       3.96579087E-01       2.04271583E-01       1.07965094E-04       2.09197304E+00       1.51423352E+00       1.25625677E+00
   127.4000       2.84400054E-01       1.52700877E+02       2.04028631E-03       3.96723288E-01       2.04218467E-01       1.07923951E-04       2.09286503E+00       1.51523865E+00       1.25615896E+00
   127.5000       2.84403774E-01       1.52713978E+02       2.04063643E-03       3.96866294E-01       2.04165434E-01       1.07863382E-04       2.09379247E+00       1.51628624E+00       1.25601525E+00
   127.6000       2.84407528E-01       1.52726614E+02       2.04097412E-03       3.97008182E-01       2.04112481E-01       1.07811256E-04       2.09475414E+00       1.51737189E+00       1.25589163E+00
   127.7000       2.84411313E-01       1.52738755E+02       2.04129864E-03       3.97149003E-01       2.04059604E-01       1.07758524E-04       2.09574810E+00       1.51846907E+00       1.25576674E+00
   127.8000       2.84415104E-01       1.52750391E+02       2.04160967E-03       3.97288812E-01       2.04006798E-01       1.07687836E-04       2.09677198E+00       1.51953436E+00       1.25559954E+00
   127.9000       2.84418958E-01       1.52761506E+02       2.04190679E-03       3.97427656E-01       2.03954061E-01       1.07624177E-04       2.09782355E+00       1.52053626E+00       1.25544917E+00
   128.0000       2.84422864E-01       1.52772056E+02       2.04218885E-03       3.97565511E-01       2.03901389E-01       1.07559586E-04       2.09889983E+00       1.52147649E+00       1.25529668E+00
   128.1000       2.84426809E-01       1.52782054E+02       2.04245616E-03       3.97702448E-01       2.03848783E-01       1.07490598E-04       2.09999776E+00       1.52238066E+00       1.25513387E+00
   128.2000       2.84430821E-01       1.52791494E+02       2.04270855E-03       3.97838519E-01       2.03796241E-01       1.07416937E-04       2.10111394E+00       1.52328210E+00       1.25495990E+00
   128.3000       2.84434877E-01       1.52800353E+02       2.04294543E-03       3.97973746E-01       2.03743765E-01       1.07344197E-04       2.10224488E+00       1.52421292E+00       1.25478802E+00
   128.4000       2.84438999E-01       1.52808635E+02       2.04316691E-03       3.98108168E-01       2.03691355E-01       1.07262153E-04       2.10338695E+00       1.52518970E+00       1.25459407E+00
   128.5000       2.84443141E-01       1.52816322E+02       2.04337249E-03       3.98241746E-01       2.03639013E-01       1.07183965E-04       2.10453678E+00       1.52619855E+00       1.25440929E+00
   128.6000       2.84447366E-01       1.52823426E+02       2.04356247E-03       3.98374448E-01       2.03586739E-01       1.07107348E-04       2.10569098E+00       1.52719528E+00       1.25422823E+00
   128.7000       2.84451632E-01       1.52829952E+02       2.04373701E-03       3.98506234E-01       2.03534535E-01       1.07016147E-04       2.10684626E+00       1.52812682E+00       1.25401257E+00
   128.8000       2.84455986E-01       1.52835927E+02       2.04389679E-03       3.98637164E-01       2.03482406E-01       1.06938811E-04       2.10799953E+00       1.52896073E+00       1.25382955E+00
   128.9000       2.84460343E-01       1.52841366E+02       2.04404228E-03       3.98767346E-01       2.03430352E-01       1.06855101E-04       2.10914774E+00       1.52970193E+00       1.25363127E+00
   129.0000       2.84464786E-01       1.52846301E+02       2.04417429E-03       3.98896962E-01       2.03378378E-01       1.06781474E-04       2.11028720E+00       1.53038277E+00       1.25345674E+00
   129.1000       2.84469258E-01       1.52850799E+02       2.04429460E-03       3.99026213E-01       2.03326483E-01       1.06693583E-04       2.11141393E+00       1.53103640E+00       1.25324844E+00
   129.2000       2.84473811E-01       1.52854836E+02       2.04440259E-03       3.99155157E-01       2.03274669E-01       1.06626829E-04       2.11252372E+00       1.53167967E+00       1.25309015E+00
   129.3000       2.84478400E-01       1.52858470E+02       2.04449978E-03       3.99283959E-01       2.03222938E-01       1.06537018E-04       2.11361185E+00       1.53231434E+00       1.25287733E+00
   129.4000       2.84483024E-01       1.52861712E+02       2.04458651E-03       3.99412664E-01       2.03171289E-01       1.06464113E-04       2.11467370E+00       1.53293879E+00       1.25270452E+00
   129.5000       2.84487692E-01       1.52864615E+02       2.04466418E-03       3.99541316E-01       2.03119726E-01       1.06401155E-04       2.11570491E+00       1.53355774E+00       1.25255531E+00
   129.6000       2.84492392E-01       1.52867202E+02       2.04473337E-03       3.99669868E-01       2.03068247E-01       1.06334469E-04       2.11670172E+00       1.53418474E+00       1.25239725E+00
   129.7000       2.84497150E-01       1.52869522E+02       2.04479545E-03       3.99798263E-01       2.03016857E-01       1.06275191E-04       2.11766126E+00       1.53483682E+00       1.25225671E+00
   129.8000       2.84501944E-01       1.52871620E+02       2.04485157E-03       3.99926411E-01       2.02965555E-01       1.06222643E-04       2.11858174E+00       1.53552273E+00       1.25213208E+00
   129.9000       2.84506776E-01       1.52873538E+02       2.04490287E-03       4.00054208E-01       2.02914345E-01       1.06159431E-04       2.11946273E+00       1.53623494E+00       1.25198217E+00
   130.0000       2.84511643E-01       1.52875318E+02       2.04495051E-03       4.00181567E-01       2.02863227E-01       1.06113957E-04       2.12030464E+00       1.53695675E+00       1.25187414E+00
   130.1000       2.84516547E-01       1.52877026E+02       2.04499620E-03       4.00308410E-01       2.02812206E-01       1.06073681E-04       2.12110851E+00       1.53767520E+00       1.25177839E+00
   130.2000       2.84521433E-01       1.52878695E+02       2.04504085E-03       4.00434657E-01       2.02761281E-01       1.06039946E-04       2.12187605E+00       1.53838773E+00       1.25169805E+00
   130.3000       2.84526355E-01       1.52880400E+02       2.04508646E-03       4.00560290E-01       2.02710455E-01       1.06016077E-04       2.12260973E+00       1.53909847E+00       1.25164108E+00
   130.4000       2.84531299E-01       1.52882172E+02       2.04513388E-03       4.00685275E-01       2.02659729E-01       1.05983918E-04       2.12331286E+00       1.53981238E+00       1.25156443E+00
   130.5000       2.84536262E-01       1.52884045E+02       2.04518398E-03       4.00809597E-01       2.02609104E-01       1.05966260E-04       2.12398948E+00       1.54053008E+00       1.25152211E+00
   130.6000       2.84541227E-01       1.52886045E+02       2.04523748E-03       4.00933245E-01       2.02558582E-01       1.05948307E-04       2.12464425E+00       1.54124775E+00       1.25147912E+00
   130.7000       2.84546191E-01       1.52888220E+02       2.04529569E-03       4.01056284E-01       2.02508162E-01       1.05939391E-04       2.12528236E+00       1.54196154E+00       1.25145752E+00
   130.8000       2.84551147E-01       1.52890608E+02       2.04535958E-03       4.01178800E-01       2.02457845E-01       1.05928626E-04       2.12590899E+00       1.54267298E+00       1.25143157E+00
   130.9000       2.84556121E-01       1.52893214E+02       2.04542929E-03       4.01300848E-01       2.02407631E-01       1.05920595E-04       2.12653014E+00       1.54339074E+00       1.25141213E+00
   131.0000       2.84561063E-01       1.52896062E+02       2.04550549E-03       4.01422534E-01       2.02357519E-01       1.05925303E-04       2.12715117E+00       1.54412872E+00       1.25142285E+00
   131.1000       2.84566026E-01       1.52899176E+02       2.04558883E-03       4.01543964E-01       2.02307509E-01       1.05922094E-04       2.12777717E+00       1.54490053E+00       1.25141494E+00
   131.2000       2.84570997E-01       1.52902557E+02       2.04567930E-03       4.01665231E-01       2.02257600E-01       1.05923278E-04       2.12841273E+00       1.54571364E+00       1.25141754E+00
   131.3000       2.84575915E-01       1.52906202E+02       2.04577682E-03       4.01786416E-01       2.02207791E-01       1.05931932E-04       2.12906196E+00       1.54656627E+00       1.25143791E+00
   131.4000       2.84580856E-01       1.52910126E+02       2.04588183E-03       4.01907639E-01       2.02158080E-01       1.05940283E-04       2.12972799E+00       1.54745146E+00       1.25145767E+00
   131.5000       2.84585805E-01       1.52914323E+02       2.04599414E-03       4.02028978E-01       2.02108468E-01       1.05939753E-04       2.13041357E+00       1.54836357E+00       1.25145645E+00
   131.6000       2.84590731E-01       1.52918785E+02       2.04611355E-03       4.02150528E-01       2.02058952E-01       1.05947195E-04       2.13112062E+00       1.54930272E+00       1.25147412E+00
   131.7000       2.84595637E-01       1.52923519E+02       2.04624025E-03       4.02272407E-01       2.02009534E-01       1.05959378E-04       2.13184994E+00       1.55027463E+00       1.25150296E+00
   131.8000       2.84600532E-01       1.52928515E+02       2.04637395E-03       4.02394712E-01       2.01960211E-01       1.05963461E-04       2.13260200E+00       1.55128790E+00       1.25151265E+00
   131.9000       2.84605412E-01       1.52933764E+02       2.04651442E-03       4.02517513E-01       2.01910982E-01       1.05974267E-04       2.13337631E+00       1.55234982E+00       1.25153826E+00
   132.0000       2.84610290E-01       1.52939255E+02       2.04666136E-03       4.02640876E-01       2.01861845E-01       1.05974184E-04       2.13417172E+00       1.55346371E+00       1.25153812E+00
   132.1000       2.84615165E-01       1.52944970E+02       2.04681433E-03       4.02764814E-01       2.01812797E-01       1.05985026E-04       2.13498650E+00       1.55462975E+00       1.25156398E+00
   132.2000       2.84620035E-01       1.52950901E+02       2.04697307E-03       4.02889327E-01       2.01763837E-01       1.05994592E-04       2.13581848E+00       1.55584873E+00       1.25158684E+00
   132.3000       2.84624886E-01       1.52957007E+02       2.04713651E-03       4.03014352E-01       2.01714961E-01       1.06001749E-04       2.13666543E+00       1.55712095E+00       1.25160409E+00
   132.4000       2.84629801E-01       1.52963255E+02       2.04730376E-03       4.03139810E-01       2.01666167E-01       1.05997027E-04       2.13752521E+00       1.55844038E+00       1.25159335E+00
   132.5000       2.84634691E-01       1.52969640E+02       2.04747468E-03       4.03265679E-01       2.01617454E-01       1.06009116E-04       2.13839604E+00       1.55979342E+00       1.25162252E+00
   132.6000       2.84639607E-01       1.52976151E+02       2.04764900E-03       4.03391914E-01       2.01568821E-01       1.06003193E-04       2.13927657E+00       1.56116417E+00       1.25160909E+00
   132.7000       2.84644540E-01       1.52982738E+02       2.04782533E-03       4.03518398E-01       2.01520267E-01       1.06000083E-04       2.14016635E+00       1.56253788E+00       1.25160232E+00
   132.8000       2.84649474E-01       1.52989412E+02       2.04800403E-03       4.03645121E-01       2.01471793E-01       1.05999317E-04       2.14106452E+00       1.56389695E+00       1.25160096E+00
   132.9000       2.84654436E-01       1.52996166E+02       2.04818485E-03       4.03772045E-01       2.01423400E-01       1.05998204E-04       2.14197158E+00       1.56522386E+00       1.25159866E+00
   133.0000       2.84659406E-01       1.53002989E+02       2.04836754E-03       4.03899156E-01       2.01375087E-01       1.05991560E-04       2.14288822E+00       1.56651505E+00       1.25158318E+00
   133.1000       2.84664400E-01       1.53009862E+02       2.04855156E-03       4.04026426E-01       2.01326854E-01       1.05983482E-04       2.14381498E+00       1.56778951E+00       1.25156432E+00
   133.2000       2.84669393E-01       1.53016765E+02       2.04873640E-03       4.04153820E-01       2.01278699E-01       1.05973173E-04       2.14475226E+00       1.56907357E+00       1.25154037E+00
   133.3000       2.84674408E-01       1.53023678E+02       2.04892154E-03       4.04281285E-01       2.01230621E-01       1.05962855E-04       2.14570061E+00       1.57038418E+00       1.25151655E+00
   133.4000       2.84679439E-01       1.53030588E+02       2.04910657E-03       4.04408816E-01       2.01182619E-01       1.05953548E-04       2.14665962E+00       1.57172551E+00       1.25149513E+00
   133.5000       2.84684495E-01       1.53037477E+02       2.04929107E-03       4.04536506E-01       2.01134695E-01       1.05933310E-04       2.14762829E+00       1.57308752E+00       1.25144777E+00
   133.6000       2.84689575E-01       1.53044356E+02       2.04947531E-03       4.04664540E-01       2.01086849E-01       1.05921336E-04       2.14860576E+00       1.57445294E+00       1.25141981E+00
   133.7000       2.84694657E-01       1.53051210E+02       2.04965887E-03       4.04793057E-01       2.01039082E-01       1.05900564E-04       2.14959044E+00       1.57581745E+00       1.25137091E+00
   133.8000       2.84699795E-01       1.53058039E+02       2.04984180E-03       4.04922180E-01       2.00991393E-01       1.05874518E-04       2.15058096E+00       1.57720088E+00       1.25130945E+00
   133.9000       2.84704911E-01       1.53064807E+02       2.05002309E-03       4.05051906E-01       2.00943778E-01       1.05848912E-04       2.15157573E+00       1.57863786E+00       1.25124910E+00
   134.0000       2.84710051E-01       1.53071483E+02       2.05020191E-03       4.05182160E-01       2.00896235E-01       1.05819109E-04       2.15257300E+00       1.58015328E+00       1.25117897E+00
   134.1000       2.84715247E-01       1.53078033E+02       2.05037737E-03       4.05312821E-01       2.00848760E-01       1.05792805E-04       2.15357098E+00       1.58174123E+00       1.25111723E+00
   134.2000       2.84720480E-01       1.53084423E+02       2.05054856E-03       4.05443713E-01       2.00801350E-01       1.05752851E-04       2.15456829E+00       1.58337794E+00       1.25102322E+00
   134.3000       2.84725739E-01       1.53090601E+02       2.05071407E-03       4.05574635E-01       2.00754005E-01       1.05712358E-04       2.15556386E+00       1.58505314E+00       1.25092800E+00
   134.4000       2.84731065E-01       1.53096575E+02       2.05087410E-03       4.05705462E-01       2.00706721E-01       1.05673791E-04       2.15655694E+00       1.58677522E+00       1.25083740E+00
   134.5000       2.84736421E-01       1.53102290E+02       2.05102723E-03       4.05835986E-01       2.00659499E-01       1.05624553E-04       2.15754709E+00       1.58855846E+00       1.25072158E+00
   134.6000       2.84741821E-01       1.53107725E+02       2.05117284E-03       4.05966025E-01       2.00612336E-01       1.05578284E-04       2.15853413E+00       1.59041425E+00       1.25061281E+00
   134.7000       2.84747297E-01       1.53112852E+02       2.05131023E-03       4.06095333E-01       2.00565233E-01       1.05527588E-04       2.15951795E+00       1.59234503E+00       1.25049362E+00
   134.8000       2.84752807E-01       1.53117651E+02       2.05143882E-03       4.06223611E-01       2.00518190E-01       1.05474552E-04       2.16049899E+00       1.59434550E+00       1.25036888E+00
   134.9000       2.84758382E-01       1.53122091E+02       2.05155780E-03       4.06350541E-01       2.00471208E-01       1.05420290E-04       2.16147794E+00       1.59641022E+00       1.25024115E+00
   135.0000       2.84764001E-01       1.53126150E+02       2.05166657E-03       4.06475873E-01       2.00424290E-01       1.05367183E-04       2.16245529E+00       1.59853522E+00       1.25011601E+00
   135.1000       2.84769655E-01       1.53129823E+02       2.05176498E-03       4.06599394E-01       2.00377439E-01       1.05312985E-04       2.16343125E+00       1.60071449E+00       1.24998817E+00
   135.2000       2.84775397E-01       1.53133084E+02       2.05185236E-03       4.06720938E-01       2.00330656E-01       1.05259368E-04       2.16440587E+00       1.60293895E+00       1.24986157E+00
   135.3000       2.84781178E-01       1.53135938E+02       2.05192885E-03       4.06840434E-01       2.00283945E-01       1.05195198E-04       2.16537888E+00       1.60519991E+00       1.24970990E+00
   135.4000       2.84786984E-01       1.53138398E+02       2.05199477E-03       4.06957860E-01       2.00237308E-01       1.05141653E-04       2.16634990E+00       1.60749421E+00       1.24958330E+00
   135.5000       2.84792830E-01       1.53140453E+02       2.05204986E-03       4.07073178E-01       2.00190747E-01       1.05094894E-04       2.16731877E+00       1.60982441E+00       1.24947274E+00
   135.6000       2.84798730E-01       1.53142124E+02       2.05209464E-03       4.07186358E-01       2.00144264E-01       1.05031424E-04       2.16828474E+00       1.61219415E+00       1.24932267E+00
   135.7000       2.84804650E-01       1.53143385E+02       2.05212844E-03       4.07297355E-01       2.00097862E-01       1.04980193E-04       2.16924737E+00       1.61460735E+00       1.24920160E+00
   135.8000       2.84810621E-01       1.53144281E+02       2.05215244E-03       4.07406208E-01       2.00051542E-01       1.04932483E-04       2.17020559E+00       1.61707160E+00       1.24908886E+00
   135.9000       2.84816602E-01       1.53144839E+02       2.05216740E-03       4.07512970E-01       2.00005307E-01       1.04884914E-04       2.17115848E+00       1.61959832E+00       1.24897643E+00
   136.0000       2.84822604E-01       1.53145069E+02       2.05217356E-03       4.07617747E-01       1.99959160E-01       1.04842792E-04       2.17210505E+00       1.62219420E+00       1.24887677E+00
   136.1000       2.84828641E-01       1.53145015E+02       2.05217212E-03       4.07720691E-01       1.99913102E-01       1.04796946E-04       2.17304352E+00       1.62485107E+00       1.24876820E+00
   136.2000       2.84834700E-01       1.53144732E+02       2.05216452E-03       4.07821981E-01       1.99867137E-01       1.04752822E-04       2.17397198E+00       1.62754799E+00       1.24866367E+00
   136.3000       2.84840758E-01       1.53144248E+02       2.05215157E-03       4.07921753E-01       1.99821265E-01       1.04715475E-04       2.17488911E+00       1.63026242E+00       1.24857518E+00
   136.4000       2.84846846E-01       1.53143596E+02       2.05213408E-03       4.08020093E-01       1.99775487E-01       1.04682204E-04       2.17579303E+00       1.63297674E+00       1.24849639E+00
   136.5000       2.84852947E-01       1.53142799E+02       2.05211273E-03       4.08117076E-01       1.99729803E-01       1.04649500E-04       2.17668288E+00       1.63567794E+00       1.24841894E+00
   136.6000       2.84859054E-01       1.53141855E+02       2.05208743E-03       4.08212694E-01       1.99684215E-01       1.04620824E-04       2.17755844E+00       1.63835768E+00       1.24835102E+00
   136.7000       2.84865181E-01       1.53140788E+02       2.05205884E-03       4.08306910E-01       1.99638723E-01       1.04585909E-04       2.17842058E+00       1.64101207E+00       1.24826840E+00
   136.8000       2.84871286E-01       1.53139612E+02       2.05202731E-03       4.08399643E-01       1.99593327E-01       1.04566591E-04       2.17927065E+00       1.64363755E+00       1.24822275E+00
   136.9000       2.84877396E-01       1.53138382E+02       2.05199436E-03       4.08490914E-01       1.99548026E-01       1.04551214E-04       2.18011097E+00       1.64622720E+00       1.24818646E+00
   137.0000       2.84883525E-01       1.53137113E+02       2.05196034E-03       4.08580687E-01       1.99502821E-01       1.04538645E-04       2.18094399E+00       1.64877204E+00       1.24815688E+00
   137.1000       2.84889630E-01       1.53135821E+02       2.05192573E-03       4.08668966E-01       1.99457709E-01       1.04514668E-04       2.18177192E+00       1.65126504E+00       1.24810037E+00
   137.2000       2.84895737E-01       1.53134491E+02       2.05189009E-03       4.08755672E-01       1.99412691E-01       1.04506016E-04       2.18259641E+00       1.65370376E+00       1.24808013E+00
   137.3000       2.84901824E-01       1.53133161E+02       2.05185445E-03       4.08840837E-01       1.99367767E-01       1.04496780E-04       2.18341807E+00       1.65609008E+00       1.24805843E+00
   137.4000       2.84907928E-01       1.53131840E+02       2.05181904E-03       4.08924512E-01       1.99322937E-01       1.04481550E-04       2.18423711E+00       1.65843009E+00       1.24802242E+00
   137.5000       2.84914031E-01       1.53130513E+02       2.05178348E-03       4.09006711E-01       1.99278198E-01       1.04470130E-04       2.18505366E+00       1.66073315E+00       1.24799549E+00
   137.6000       2.84920097E-01       1.53129189E+02       2.05174800E-03       4.09087425E-01       1.99233550E-01       1.04468112E-04       2.18586788E+00       1.66300911E+00       1.24799097E+00
   137.7000       2.84926169E-01       1.53127872E+02       2.05171270E-03       4.09166549E-01       1.99188990E-01       1.04457128E-04       2.18667979E+00       1.66526450E+00       1.24796530E+00
   137.8000       2.84932230E-01       1.53126560E+02       2.05167753E-03       4.09243999E-01       1.99144518E-01       1.04462751E-04       2.18748982E+00       1.66749743E+00       1.24797884E+00
   137.9000       2.84938265E-01       1.53125287E+02       2.05164344E-03       4.09319856E-01       1.99100137E-01       1.04450142E-04       2.18829796E+00       1.66970045E+00       1.24794917E+00
   138.0000       2.84944308E-01       1.53124071E+02       2.05161085E-03       4.09394260E-01       1.99055844E-01       1.04457449E-04       2.18910458E+00       1.67186632E+00       1.24796668E+00
   138.1000       2.84950299E-01       1.53122953E+02       2.05158088E-03       4.09467383E-01       1.99011641E-01       1.04451987E-04       2.18991012E+00       1.67399244E+00       1.24795402E+00
   138.2000       2.84956284E-01       1.53121957E+02       2.05155421E-03       4.09539396E-01       1.98967528E-01       1.04460896E-04       2.19071518E+00       1.67608151E+00       1.24797538E+00
   138.3000       2.84962239E-01       1.53121114E+02       2.05153162E-03       4.09610497E-01       1.98923507E-01       1.04474270E-04       2.19152067E+00       1.67813858E+00       1.24800725E+00
   138.4000       2.84968200E-01       1.53120445E+02       2.05151369E-03       4.09680912E-01       1.98879577E-01       1.04482125E-04       2.19232724E+00       1.68016839E+00       1.24802593E+00
   138.5000       2.84974110E-01       1.53119989E+02       2.05150147E-03       4.09750925E-01       1.98835741E-01       1.04504564E-04       2.19313473E+00       1.68217453E+00       1.24807900E+00
   138.6000       2.84979999E-01       1.53119781E+02       2.05149590E-03       4.09820826E-01       1.98791998E-01       1.04523757E-04       2.19394237E+00       1.68415839E+00       1.24812433E+00
   138.7000       2.84985850E-01       1.53119823E+02       2.05149703E-03       4.09890804E-01       1.98748347E-01       1.04546053E-04       2.19474892E+00       1.68611993E+00       1.24817704E+00
   138.8000       2.84991686E-01       1.53120129E+02       2.05150521E-03       4.09961037E-01       1.98704787E-01       1.04561664E-04       2.19555273E+00       1.68806039E+00       1.24821401E+00
   138.9000       2.84997479E-01       1.53120717E+02       2.05152099E-03       4.10031705E-01       1.98661316E-01       1.04585902E-04       2.19635275E+00       1.68998003E+00       1.24827143E+00
   139.0000       2.85003254E-01       1.53121577E+02       2.05154402E-03       4.10102989E-01       1.98617934E-01       1.04614931E-04       2.19714852E+00       1.69187713E+00       1.24834016E+00
   139.1000       2.85009007E-01       1.53122742E+02       2.05157524E-03       4.10175174E-01       1.98574642E-01       1.04636632E-04       2.19794132E+00       1.69374749E+00       1.24839152E+00
   139.2000       2.85014693E-01       1.53124213E+02       2.05161465E-03       4.10248519E-01       1.98531438E-01       1.04668306E-04       2.19873364E+00       1.69558745E+00       1.24846652E+00
   139.3000       2.85020394E-01       1.53126004E+02       2.05166266E-03       4.10323268E-01       1.98488322E-01       1.04693630E-04       2.19952923E+00       1.69739567E+00       1.24852657E+00
   139.4000       2.85026063E-01       1.53128114E+02       2.05171920E-03       4.10399639E-01       1.98445291E-01       1.04725979E-04       2.20033370E+00       1.69917362E+00       1.24860334E+00
   139.5000       2.85031691E-01       1.53130530E+02       2.05178392E-03       4.10477747E-01       1.98402345E-01       1.04757183E-04       2.20115334E+00       1.70092566E+00       1.24867751E+00
   139.6000       2.85037311E-01       1.53133245E+02       2.05185669E-03       4.10557701E-01       1.98359481E-01       1.04786166E-04       2.20199498E+00       1.70265858E+00       1.24874646E+00
   139.7000       2.85042883E-01       1.53136279E+02       2.05193801E-03       4.10639577E-01       1.98316700E-01       1.04809481E-04       2.20286523E+00       1.70438172E+00       1.24880202E+00
   139.8000       2.85048463E-01       1.53139605E+02       2.05202712E-03       4.10723341E-01       1.98274000E-01       1.04839334E-04       2.20377015E+00       1.70610738E+00       1.24887304E+00
   139.9000       2.85053990E-01       1.53143214E+02       2.05212386E-03       4.10808920E-01       1.98231380E-01       1.04867925E-04       2.20471549E+00       1.70784979E+00       1.24894108E+00
   140.0000       2.85059509E-01       1.53147106E+02       2.05222817E-03       4.10896200E-01       1.98188842E-01       1.04899899E-04       2.20570597E+00       1.70962253E+00       1.24901713E+00
   140.1000       2.85064984E-01       1.53151264E+02       2.05233958E-03       4.10984984E-01       1.98146383E-01       1.04936467E-04       2.20674484E+00       1.71143682E+00       1.24910402E+00
   140.2000       2.85070441E-01       1.53155665E+02       2.05245754E-03       4.11075043E-01       1.98104003E-01       1.04966630E-04       2.20783417E+00       1.71330074E+00       1.24917582E+00
   140.3000       2.85075872E-01       1.53160307E+02       2.05258196E-03       4.11166145E-01       1.98061702E-01       1.05006093E-04       2.20897436E+00       1.71521889E+00       1.24926961E+00
   140.4000       2.85081265E-01       1.53165173E+02       2.05271240E-03       4.11258036E-01       1.98019480E-01       1.05029808E-04       2.21016442E+00       1.71719335E+00       1.24932614E+00
   140.5000       2.85086635E-01       1.53170273E+02       2.05284909E-03       4.11350494E-01       1.97977336E-01       1.05071440E-04       2.21140216E+00       1.71922485E+00       1.24942512E+00
   140.6000       2.85091974E-01       1.53175587E+02       2.05299154E-03       4.11443315E-01       1.97935269E-01       1.05114534E-04       2.21268396E+00       1.72131504E+00       1.24952761E+00
   140.7000       2.85097280E-01       1.53181117E+02       2.05313977E-03       4.11536336E-01       1.97893280E-01       1.05143257E-04       2.21400479E+00       1.72346664E+00       1.24959610E+00
   140.8000       2.85102545E-01       1.53186834E+02       2.05329304E-03       4.11629438E-01       1.97851369E-01       1.05186290E-04       2.21535895E+00       1.72568096E+00       1.24969846E+00
   140.9000       2.85107795E-01       1.53192766E+02       2.05345205E-03       4.11722594E-01       1.97809535E-01       1.05217144E-04       2.21673968E+00       1.72795395E+00       1.24977200E+00
   141.0000       2.85113007E-01       1.53198900E+02       2.05361651E-03       4.11815830E-01       1.97767779E-01       1.05264549E-04       2.21814033E+00       1.73027643E+00       1.24988470E+00
   141.1000       2.85118177E-01       1.53205235E+02       2.05378635E-03       4.11909209E-01       1.97726101E-01       1.05298806E-04       2.21955404E+00       1.73263675E+00       1.24996629E+00
   141.2000       2.85123325E-01       1.53211772E+02       2.05396162E-03       4.12002855E-01       1.97684502E-01       1.05331264E-04       2.22097452E+00       1.73502186E+00       1.25004355E+00
   141.3000       2.85128432E-01       1.53218521E+02       2.05414258E-03       4.12096932E-01       1.97642982E-01       1.05376134E-04       2.22239658E+00       1.73741841E+00       1.25015013E+00
   141.4000       2.85133509E-01       1.53225492E+02       2.05432951E-03       4.12191657E-01       1.97601542E-01       1.05407363E-04       2.22381682E+00       1.73981540E+00       1.25022432E+00
   141.5000       2.85138517E-01       1.53232676E+02       2.05452215E-03       4.12287200E-01       1.97560183E-01       1.05446998E-04       2.22523297E+00       1.74220579E+00       1.25031835E+00
   141.6000       2.85143501E-01       1.53240088E+02       2.05472089E-03       4.12383797E-01       1.97518905E-01       1.05491657E-04       2.22664374E+00       1.74458868E+00       1.25042427E+00
   141.7000       2.85148423E-01       1.53247706E+02       2.05492519E-03       4.12481606E-01       1.97477706E-01       1.05524072E-04       2.22804848E+00       1.74696867E+00       1.25050118E+00
   141.8000       2.85153333E-01       1.53255539E+02       2.05513527E-03       4.12580845E-01       1.97436588E-01       1.05556057E-04       2.22944702E+00       1.74935134E+00       1.25057710E+00
   141.9000       2.85158174E-01       1.53263585E+02       2.05535108E-03       4.12681684E-01       1.97395549E-01       1.05592187E-04       2.23083872E+00       1.75174074E+00       1.25066287E+00
   142.0000       2.85162985E-01       1.53271845E+02       2.05557263E-03       4.12784294E-01       1.97354589E-01       1.05622094E-04       2.23222246E+00       1.75413916E+00       1.25073395E+00
   142.1000       2.85167752E-01       1.53280304E+02       2.05579952E-03       4.12888799E-01       1.97313707E-01       1.05663860E-04       2.23359614E+00       1.75654697E+00       1.25083309E+00
   142.2000       2.85172479E-01       1.53288983E+02       2.05603232E-03       4.12995354E-01       1.97272904E-01       1.05702226E-04       2.23495682E+00       1.75896193E+00       1.25092421E+00
   142.3000       2.85177159E-01       1.53297870E+02       2.05627075E-03       4.13104063E-01       1.97232179E-01       1.05730501E-04       2.23630117E+00       1.76138112E+00       1.25099144E+00
   142.4000       2.85181784E-01       1.53306953E+02       2.05651441E-03       4.13214993E-01       1.97191533E-01       1.05762422E-04       2.23762600E+00       1.76380207E+00       1.25106728E+00
   142.5000       2.85186414E-01       1.53316259E+02       2.05676408E-03       4.13328266E-01       1.97150966E-01       1.05785564E-04       2.23892825E+00       1.76622187E+00       1.25112231E+00
   142.6000       2.85190962E-01       1.53325760E+02       2.05701902E-03       4.13443894E-01       1.97110479E-01       1.05823552E-04       2.24020505E+00       1.76863714E+00       1.25121242E+00
   142.7000       2.85195484E-01       1.53335485E+02       2.05727996E-03       4.13561987E-01       1.97070071E-01       1.05846099E-04       2.24145444E+00       1.77104342E+00       1.25126592E+00
   142.8000       2.85199970E-01       1.53345433E+02       2.05754690E-03       4.13682610E-01       1.97029744E-01       1.05875284E-04       2.24267600E+00       1.77343509E+00       1.25133512E+00
   142.9000       2.85204429E-01       1.53355612E+02       2.05782007E-03       4.13805831E-01       1.96989498E-01       1.05911026E-04       2.24387045E+00       1.77580809E+00       1.25141985E+00
   143.0000       2.85208856E-01       1.53366038E+02       2.05809989E-03       4.13931771E-01       1.96949331E-01       1.05946878E-04       2.24503993E+00       1.77816077E+00       1.25150480E+00
   143.1000       2.85213229E-01       1.53376730E+02       2.05838687E-03       4.14060516E-01       1.96909244E-01       1.05969884E-04       2.24618771E+00       1.78049289E+00       1.25155936E+00
   143.2000       2.85217555E-01       1.53387684E+02       2.05868088E-03       4.14192146E-01       1.96869237E-01       1.06000548E-04       2.24731886E+00       1.78280331E+00       1.25163200E+00
   143.3000       2.85221854E-01       1.53398911E+02       2.05898228E-03       4.14326706E-01       1.96829311E-01       1.06037768E-04       2.24843904E+00       1.78508894E+00       1.25172006E+00
   143.4000       2.85226114E-01       1.53410439E+02       2.05929176E-03       4.14464221E-01       1.96789464E-01       1.06070708E-04       2.24955526E+00       1.78734509E+00       1.25179796E+00
   143.5000       2.85230337E-01       1.53422262E+02       2.05960917E-03       4.14604615E-01       1.96749696E-01       1.06117853E-04       2.25067438E+00       1.78956766E+00       1.25190949E+00
   143.6000       2.85234542E-01       1.53434390E+02       2.05993481E-03       4.14747776E-01       1.96710005E-01       1.06151717E-04       2.25180281E+00       1.79175484E+00       1.25198967E+00
   143.7000       2.85238703E-01       1.53446836E+02       2.06026901E-03       4.14893574E-01       1.96670390E-01       1.06195064E-04       2.25294586E+00       1.79390782E+00       1.25209231E+00
   143.8000       2.85242843E-01       1.53459610E+02       2.06061204E-03       4.15041897E-01       1.96630850E-01       1.06229923E-04       2.25410854E+00       1.79603004E+00       1.25217491E+00
   143.9000       2.85246947E-01       1.53472738E+02       2.06096462E-03       4.15192667E-01       1.96591383E-01       1.06276491E-04       2.25529539E+00       1.79812642E+00       1.25228525E+00
   144.0000       2.85251028E-01       1.53486200E+02       2.06132620E-03       4.15345744E-01       1.96551990E-01       1.06321045E-04       2.25651030E+00       1.80020138E+00       1.25239085E+00
   144.1000       2.85255065E-01       1.53500046E+02       2.06169810E-03       4.15501089E-01       1.96512669E-01       1.06374824E-04       2.25775628E+00       1.80225752E+00       1.25251830E+00
   144.2000       2.85259083E-01       1.53514296E+02       2.06208093E-03       4.15658686E-01       1.96473419E-01       1.06425008E-04       2.25903566E+00       1.80429604E+00       1.25263725E+00
   144.3000       2.85263067E-01       1.53528971E+02       2.06247518E-03       4.15818518E-01       1.96434241E-01       1.06477939E-04       2.26034996E+00       1.80631807E+00       1.25276269E+00
   144.4000       2.85267002E-01       1.53544104E+02       2.06288178E-03       4.15980608E-01       1.96395132E-01       1.06545450E-04       2.26169865E+00       1.80832293E+00       1.25292262E+00
   144.5000       2.85270914E-01       1.53559708E+02       2.06330110E-03       4.16144940E-01       1.96356094E-01       1.06611405E-04       2.26308027E+00       1.81030943E+00       1.25307886E+00
   144.6000       2.85274782E-01       1.53575824E+02       2.06373420E-03       4.16311573E-01       1.96317125E-01       1.06671548E-04       2.26449146E+00       1.81227708E+00       1.25322130E+00
   144.7000       2.85278618E-01       1.53592481E+02       2.06418188E-03       4.16480572E-01       1.96278225E-01       1.06739829E-04       2.26592732E+00       1.81422387E+00       1.25338301E+00
   144.8000       2.85282411E-01       1.53609672E+02       2.06464400E-03       4.16651929E-01       1.96239393E-01       1.06812428E-04       2.26738234E+00       1.81614511E+00       1.25355491E+00
   144.9000       2.85286172E-01       1.53627450E+02       2.06512191E-03       4.16825777E-01       1.96200629E-01       1.06879721E-04       2.26885050E+00       1.81803519E+00       1.25371424E+00
   145.0000       2.85289889E-01       1.53645843E+02       2.06561643E-03       4.17002216E-01       1.96161930E-01       1.06970480E-04       2.27032603E+00       1.81988826E+00       1.25392904E+00
   145.1000       2.85293572E-01       1.53664846E+02       2.06612743E-03       4.17181290E-01       1.96123296E-01       1.07039273E-04       2.27180387E+00       1.82169771E+00       1.25409185E+00
   145.2000       2.85297207E-01       1.53684482E+02       2.06665550E-03       4.17363098E-01       1.96084726E-01       1.07124486E-04       2.27327945E+00       1.82345612E+00       1.25429351E+00
   145.3000       2.85300802E-01       1.53704748E+02       2.06720058E-03       4.17547677E-01       1.96046218E-01       1.07207554E-04       2.27474883E+00       1.82515690E+00       1.25449005E+00
   145.4000       2.85304349E-01       1.53725662E+02       2.06776317E-03       4.17735139E-01       1.96007772E-01       1.07290341E-04       2.27620877E+00       1.82679414E+00       1.25468595E+00
   145.5000       2.85307881E-01       1.53747233E+02       2.06834353E-03       4.17925544E-01       1.95969386E-01       1.07371369E-04       2.27765626E+00       1.82836237E+00       1.25487762E+00
   145.6000       2.85311374E-01       1.53769452E+02       2.06894137E-03       4.18118946E-01       1.95931059E-01       1.07457130E-04       2.27908912E+00       1.82985776E+00       1.25508052E+00
   145.7000       2.85314823E-01       1.53792333E+02       2.06955716E-03       4.18315433E-01       1.95892789E-01       1.07541181E-04       2.28050562E+00       1.83127994E+00       1.25527938E+00
   145.8000       2.85318227E-01       1.53815855E+02       2.07019025E-03       4.18515052E-01       1.95854575E-01       1.07619726E-04       2.28190406E+00       1.83263168E+00       1.25546522E+00
   145.9000       2.85321597E-01       1.53840022E+02       2.07084082E-03       4.18717952E-01       1.95816415E-01       1.07706156E-04       2.28328335E+00       1.83391775E+00       1.25566973E+00
   146.0000       2.85324953E-01       1.53864847E+02       2.07150924E-03       4.18924341E-01       1.95778310E-01       1.07790113E-04       2.28464336E+00       1.83514339E+00       1.25586830E+00
   146.1000       2.85328261E-01       1.53890336E+02       2.07219560E-03       4.19134470E-01       1.95740258E-01       1.07868012E-04       2.28598427E+00       1.83631131E+00       1.25605249E+00
   146.2000       2.85331535E-01       1.53916476E+02       2.07289963E-03       4.19348529E-01       1.95702257E-01       1.07943641E-04       2.28730757E+00       1.83742156E+00       1.25623129E+00
   146.3000       2.85334791E-01       1.53943240E+02       2.07362060E-03       4.19566661E-01       1.95664307E-01       1.08022999E-04       2.28861553E+00       1.83847665E+00       1.25641894E+00
   146.4000       2.85338018E-01       1.53970629E+02       2.07435853E-03       4.19788992E-01       1.95626404E-01       1.08088635E-04       2.28991199E+00       1.83948662E+00       1.25657419E+00
   146.5000       2.85341195E-01       1.53998630E+02       2.07511309E-03       4.20015577E-01       1.95588547E-01       1.08179508E-04       2.29120179E+00       1.84046605E+00       1.25678918E+00
   146.6000       2.85344370E-01       1.54027218E+02       2.07588359E-03       4.20246423E-01       1.95550735E-01       1.08244928E-04       2.29248998E+00       1.84142692E+00       1.25694401E+00
   146.7000       2.85347530E-01       1.54056392E+02       2.07667004E-03       4.20481539E-01       1.95512965E-01       1.08315019E-04       2.29378149E+00       1.84237211E+00       1.25710991E+00
   146.8000       2.85350686E-01       1.54086130E+02       2.07747184E-03       4.20720856E-01       1.95475235E-01       1.08391993E-04       2.29508070E+00       1.84329139E+00       1.25729209E+00
   146.9000       2.85353776E-01       1.54116395E+02       2.07828802E-03       4.20964237E-01       1.95437545E-01       1.08450028E-04       2.29639073E+00       1.84416960E+00       1.25742950E+00
   147.0000       2.85356903E-01       1.54147190E+02       2.07911867E-03       4.21211610E-01       1.95399893E-01       1.08512755E-04       2.29771313E+00       1.84499948E+00       1.25757805E+00
   147.1000       2.85360038E-01       1.54178499E+02       2.07996333E-03       4.21462824E-01       1.95362276E-01       1.08580296E-04       2.29904804E+00       1.84578857E+00       1.25773804E+00
   147.2000       2.85363148E-01       1.54210305E+02       2.08082158E-03       4.21717749E-01       1.95324694E-01       1.08633067E-04       2.30039406E+00       1.84655166E+00       1.25786310E+00
   147.3000       2.85366269E-01       1.54242565E+02       2.08169228E-03       4.21976193E-01       1.95287145E-01       1.08683390E-04       2.30175018E+00       1.84729553E+00       1.25798241E+00
   147.4000       2.85369378E-01       1.54275304E+02       2.08257608E-03       4.22238088E-01       1.95249628E-01       1.08756653E-04       2.30311515E+00       1.84801147E+00       1.25815606E+00
   147.5000       2.85372494E-01       1.54308492E+02       2.08347220E-03       4.22503288E-01       1.95212142E-01       1.08796604E-04       2.30448888E+00       1.84868304E+00       1.25825094E+00
   147.6000       2.85375655E-01       1.54342105E+02       2.08437998E-03       4.22771656E-01       1.95174684E-01       1.08843735E-04       2.30587061E+00       1.84929906E+00       1.25836289E+00
   147.7000       2.85378803E-01       1.54376120E+02       2.08529882E-03       4.23043041E-01       1.95137255E-01       1.08890003E-04       2.30725883E+00       1.84985662E+00       1.25847287E+00
   147.8000       2.85381962E-01       1.54410498E+02       2.08622768E-03       4.23317249E-01       1.95099854E-01       1.08938797E-04       2.30865117E+00       1.85035696E+00       1.25858887E+00
   147.9000       2.85385168E-01       1.54445237E+02       2.08716649E-03       4.23594150E-01       1.95062479E-01       1.08976332E-04       2.31004421E+00       1.85080315E+00       1.25867830E+00
   148.0000       2.85388382E-01       1.54480309E+02       2.08811452E-03       4.23873574E-01       1.95025130E-01       1.09015012E-04       2.31143440E+00       1.85119726E+00       1.25877044E+00
   148.1000       2.85391603E-01       1.54515673E+02       2.08907064E-03       4.24155338E-01       1.94987806E-01       1.09049843E-04       2.31281878E+00       1.85153880E+00       1.25885346E+00
   148.2000       2.85394896E-01       1.54551292E+02       2.09003391E-03       4.24439246E-01       1.94950508E-01       1.09075519E-04       2.31419463E+00       1.85182811E+00       1.25891477E+00
   148.3000       2.85398178E-01       1.54587158E+02       2.09100407E-03       4.24725212E-01       1.94913233E-01       1.09097472E-04       2.31555958E+00       1.85206948E+00       1.25896733E+00
   148.4000       2.85401500E-01       1.54623228E+02       2.09197999E-03       4.25013048E-01       1.94875982E-01       1.09118856E-04       2.31691123E+00       1.85226995E+00       1.25901853E+00
   148.5000       2.85404859E-01       1.54659477E+02       2.09296095E-03       4.25302603E-01       1.94838752E-01       1.09138670E-04       2.31824681E+00       1.85243198E+00       1.25906603E+00
   148.6000       2.85408235E-01       1.54695861E+02       2.09394581E-03       4.25593679E-01       1.94801543E-01       1.09144756E-04       2.31956358E+00       1.85255244E+00       1.25908106E+00
   148.7000       2.85411667E-01       1.54732352E+02       2.09493382E-03       4.25886087E-01       1.94764355E-01       1.09151466E-04       2.32085852E+00       1.85262436E+00       1.25909752E+00
   148.8000       2.85415142E-01       1.54768909E+02       2.09592383E-03       4.26179544E-01       1.94727186E-01       1.09158465E-04       2.32212896E+00       1.85263975E+00       1.25911466E+00
   148.9000       2.85418655E-01       1.54805468E+02       2.09691413E-03       4.26473662E-01       1.94690037E-01       1.09154884E-04       2.32337284E+00       1.85259311E+00       1.25910678E+00
   149.0000       2.85422205E-01       1.54841994E+02       2.09790378E-03       4.26767975E-01       1.94652908E-01       1.09146960E-04       2.32458932E+00       1.85248427E+00       1.25908853E+00
   149.1000       2.85425786E-01       1.54878459E+02       2.09889200E-03       4.27061943E-01       1.94615800E-01       1.09137312E-04       2.32577807E+00       1.85231968E+00       1.25906622E+00
   149.2000       2.85429419E-01       1.54914829E+02       2.09987788E-03       4.27355022E-01       1.94578713E-01       1.09125585E-04       2.32694069E+00       1.85211235E+00       1.25903894E+00
   149.3000       2.85433053E-01       1.54951085E+02       2.10086090E-03       4.27646793E-01       1.94541651E-01       1.09118392E-04       2.32807907E+00       1.85188170E+00       1.25902222E+00
   149.4000       2.85436770E-01       1.54987212E+02       2.10184063E-03       4.27937014E-01       1.94504617E-01       1.09098258E-04       2.32919586E+00       1.85164529E+00       1.25897462E+00
   149.5000       2.85440492E-01       1.55023207E+02       2.10281702E-03       4.28225575E-01       1.94467615E-01       1.09087707E-04       2.33029430E+00       1.85141041E+00       1.25894961E+00
   149.6000       2.85444276E-01       1.55059078E+02       2.10379030E-03       4.28512401E-01       1.94430649E-01       1.09078400E-04       2.33137792E+00       1.85117097E+00       1.25892741E+00
   149.7000       2.85448067E-01       1.55094789E+02       2.10475944E-03       4.28797396E-01       1.94393720E-01       1.09052995E-04       2.33245027E+00       1.85091204E+00       1.25886710E+00
   149.8000       2.85451877E-01       1.55130302E+02       2.10572344E-03       4.29080429E-01       1.94356831E-01       1.09038310E-04       2.33351527E+00       1.85061914E+00       1.25883215E+00
   149.9000       2.85455741E-01       1.55165594E+02       2.10668164E-03       4.29361307E-01       1.94319983E-01       1.09011713E-04       2.33457764E+00       1.85028101E+00       1.25876911E+00
   150.0000       2.85459653E-01       1.55200611E+02       2.10763261E-03       4.29639750E-01       1.94283178E-01       1.08974264E-04       2.33564226E+00       1.84989251E+00       1.25868041E+00
   150.1000       2.85463561E-01       1.55235332E+02       2.10857573E-03       4.29915531E-01       1.94246419E-01       1.08956341E-04       2.33671353E+00       1.84945242E+00       1.25863786E+00
   150.2000       2.85467507E-01       1.55269764E+02       2.10951121E-03       4.30188527E-01       1.94209709E-01       1.08911901E-04       2.33779440E+00       1.84895903E+00       1.25853244E+00
   150.3000       2.85471463E-01       1.55303913E+02       2.11043923E-03       4.30458674E-01       1.94173050E-01       1.08885444E-04       2.33888724E+00       1.84841321E+00       1.25846945E+00
   150.4000       2.85475446E-01       1.55337792E+02       2.11136009E-03       4.30726013E-01       1.94136446E-01       1.08831575E-04       2.33999399E+00       1.84781852E+00       1.25834153E+00
   150.5000       2.85479478E-01       1.55371401E+02       2.11227382E-03       4.30990575E-01       1.94099897E-01       1.08799537E-04       2.34111627E+00       1.84718151E+00       1.25826529E+00
   150.6000       2.85483512E-01       1.55404709E+02       2.11317956E-03       4.31252352E-01       1.94063406E-01       1.08753906E-04       2.34225501E+00       1.84651375E+00       1.25815692E+00
   150.7000       2.85487565E-01       1.55437720E+02       2.11407743E-03       4.31511388E-01       1.94026974E-01       1.08718991E-04       2.34341034E+00       1.84582750E+00       1.25807399E+00
   150.8000       2.85491639E-01       1.55470408E+02       2.11496669E-03       4.31767662E-01       1.93990603E-01       1.08677271E-04       2.34458276E+00       1.84513188E+00       1.25797497E+00
   150.9000       2.85495737E-01       1.55502786E+02       2.11584770E-03       4.32021178E-01       1.93954293E-01       1.08635463E-04       2.34577253E+00       1.84443262E+00       1.25787576E+00
   151.0000       2.85499843E-01       1.55534868E+02       2.11672084E-03       4.32271919E-01       1.93918048E-01       1.08592156E-04       2.34697944E+00       1.84373102E+00       1.25777300E+00
   151.1000       2.85503943E-01       1.55566669E+02       2.11758649E-03       4.32519921E-01       1.93881868E-01       1.08553665E-04       2.34820237E+00       1.84301184E+00       1.25768163E+00
   151.2000       2.85508094E-01       1.55598240E+02       2.11844607E-03       4.32765289E-01       1.93845756E-01       1.08520694E-04       2.34944027E+00       1.84224427E+00       1.25760336E+00
   151.3000       2.85512232E-01       1.55629542E+02       2.11929850E-03       4.33008092E-01       1.93809712E-01       1.08482468E-04       2.35069206E+00       1.84141097E+00       1.25751267E+00
   151.4000       2.85516359E-01       1.55660658E+02       2.12014603E-03       4.33248528E-01       1.93773738E-01       1.08452166E-04       2.35195696E+00       1.84053044E+00       1.25744074E+00
   151.5000       2.85520498E-01       1.55691584E+02       2.12098856E-03       4.33486691E-01       1.93737835E-01       1.08419138E-04       2.35323441E+00       1.83963534E+00       1.25736239E+00
   151.6000       2.85524642E-01       1.55722356E+02       2.12182706E-03       4.33722705E-01       1.93702004E-01       1.08394899E-04       2.35452327E+00       1.83874331E+00       1.25730472E+00
   151.7000       2.85528791E-01       1.55752996E+02       2.12266212E-03       4.33956732E-01       1.93666247E-01       1.08376937E-04       2.35582316E+00       1.83785586E+00       1.25726185E+00
   151.8000       2.85532933E-01       1.55783557E+02       2.12349520E-03       4.34189051E-01       1.93630565E-01       1.08345240E-04       2.35713343E+00       1.83697229E+00       1.25718642E+00
   151.9000       2.85537061E-01       1.55814053E+02       2.12432667E-03       4.34419863E-01       1.93594958E-01       1.08333427E-04       2.35845335E+00       1.83609387E+00       1.25715808E+00
   152.0000       2.85541180E-01       1.55844496E+02       2.12515686E-03       4.34649441E-01       1.93559425E-01       1.08316649E-04       2.35978200E+00       1.83522212E+00       1.25711804E+00
   152.1000       2.85545277E-01       1.55874905E+02       2.12598627E-03       4.34878028E-01       1.93523964E-01       1.08308041E-04       2.36111788E+00       1.83436244E+00       1.25709749E+00
   152.2000       2.85549400E-01       1.55905333E+02       2.12681638E-03       4.35105964E-01       1.93488572E-01       1.08296254E-04       2.36246050E+00       1.83352351E+00       1.25706953E+00
   152.3000       2.85553486E-01       1.55935750E+02       2.12764634E-03       4.35333473E-01       1.93453248E-01       1.08280654E-04       2.36380971E+00       1.83270996E+00       1.25703263E+00
   152.4000       2.85557582E-01       1.55966196E+02       2.12847725E-03       4.35560921E-01       1.93417988E-01       1.08277863E-04       2.36516490E+00       1.83192178E+00       1.25702621E+00
   152.5000       2.85561664E-01       1.55996669E+02       2.12930908E-03       4.35788547E-01       1.93382787E-01       1.08271282E-04       2.36652740E+00       1.83116249E+00       1.25701114E+00
   152.6000       2.85565768E-01       1.56027187E+02       2.13014228E-03       4.36016469E-01       1.93347644E-01       1.08260522E-04       2.36789976E+00       1.83044036E+00       1.25698634E+00
   152.7000       2.85569839E-01       1.56057739E+02       2.13097655E-03       4.36244751E-01       1.93312557E-01       1.08249628E-04       2.36928544E+00       1.82976232E+00       1.25696111E+00
   152.8000       2.85573950E-01       1.56088362E+02       2.13181296E-03       4.36473565E-01       1.93277528E-01       1.08248727E-04       2.37068738E+00       1.82913039E+00       1.25695937E+00
   152.9000       2.85578034E-01       1.56119085E+02       2.13265226E-03       4.36703107E-01       1.93242556E-01       1.08241424E-04       2.37210848E+00       1.82854147E+00       1.25694243E+00
   153.0000       2.85582121E-01       1.56149916E+02       2.13349468E-03       4.36933476E-01       1.93207641E-01       1.08232114E-04       2.37355173E+00       1.82799136E+00       1.25692073E+00
   153.1000       2.85586227E-01       1.56180845E+02       2.13433994E-03       4.37164709E-01       1.93172783E-01       1.08222676E-04       2.37502088E+00       1.82747510E+00       1.25689866E+00
   153.2000       2.85590319E-01       1.56211877E+02       2.13518818E-03       4.37396830E-01       1.93137981E-01       1.08216006E-04       2.37651913E+00       1.82698713E+00       1.25688311E+00
   153.3000       2.85594400E-01       1.56243010E+02       2.13603935E-03       4.37629861E-01       1.93103236E-01       1.08212786E-04       2.37804913E+00       1.82652013E+00       1.25687560E+00
   153.4000       2.85598492E-01       1.56274264E+02       2.13689398E-03       4.37863888E-01       1.93068547E-01       1.08203525E-04       2.37961315E+00       1.82606712E+00       1.25685380E+00
   153.5000       2.85602560E-01       1.56305608E+02       2.13775128E-03       4.38098887E-01       1.93033915E-01       1.08200260E-04       2.38121410E+00       1.82562733E+00       1.25684616E+00
   153.6000       2.85606623E-01       1.56337063E+02       2.13861177E-03       4.38334898E-01       1.92999339E-01       1.08193438E-04       2.38285330E+00       1.82520771E+00       1.25683011E+00
   153.7000       2.85610703E-01       1.56368610E+02       2.13947494E-03       4.38571875E-01       1.92964819E-01       1.08187687E-04       2.38453130E+00       1.82481795E+00       1.25681665E+00
   153.8000       2.85614753E-01       1.56400256E+02       2.14034100E-03       4.38809791E-01       1.92930353E-01       1.08193213E-04       2.38624764E+00       1.82446717E+00       1.25682990E+00
   153.9000       2.85618787E-01       1.56432042E+02       2.14121108E-03       4.39048634E-01       1.92895944E-01       1.08192095E-04       2.38800057E+00       1.82416398E+00       1.25682743E+00
   154.0000       2.85622858E-01       1.56463944E+02       2.14208452E-03       4.39288292E-01       1.92861591E-01       1.08190605E-04       2.38978820E+00       1.82391218E+00       1.25682397E+00
   154.1000       2.85626866E-01       1.56495971E+02       2.14296153E-03       4.39528720E-01       1.92827295E-01       1.08187674E-04       2.39160738E+00       1.82371243E+00       1.25681700E+00
   154.2000       2.85630914E-01       1.56528146E+02       2.14384279E-03       4.39769929E-01       1.92793057E-01       1.08194151E-04       2.39345427E+00       1.82356300E+00       1.25683216E+00
   154.3000       2.85634902E-01       1.56560479E+02       2.14472856E-03       4.40011883E-01       1.92758877E-01       1.08201894E-04       2.39532547E+00       1.82345999E+00       1.25685027E+00
   154.4000       2.85638911E-01       1.56593001E+02       2.14561969E-03       4.40254562E-01       1.92724754E-01       1.08202819E-04       2.39721847E+00       1.82339767E+00       1.25685227E+00
   154.5000       2.85642887E-01       1.56625682E+02       2.14651538E-03       4.40497861E-01       1.92690687E-01       1.08224021E-04       2.39913004E+00       1.82337030E+00       1.25690233E+00
   154.6000       2.85646833E-01       1.56658550E+02       2.14741637E-03       4.40741764E-01       1.92656674E-01       1.08235731E-04       2.40105702E+00       1.82337061E+00       1.25693001E+00
   154.7000       2.85650767E-01       1.56691592E+02       2.14832230E-03       4.40986186E-01       1.92622715E-01       1.08250904E-04       2.40299616E+00       1.82339258E+00       1.25696597E+00
   154.8000       2.85654683E-01       1.56724840E+02       2.14923410E-03       4.41231128E-01       1.92588807E-01       1.08272889E-04       2.40494557E+00       1.82343703E+00       1.25701808E+00
   154.9000       2.85658584E-01       1.56758286E+02       2.15015153E-03       4.41476523E-01       1.92554952E-01       1.08293505E-04       2.40690236E+00       1.82351157E+00       1.25706709E+00
   155.0000       2.85662414E-01       1.56791938E+02       2.15107478E-03       4.41722329E-01       1.92521148E-01       1.08333965E-04       2.40886192E+00       1.82362543E+00       1.25716309E+00
   155.1000       2.85666272E-01       1.56825816E+02       2.15200445E-03       4.41968566E-01       1.92487394E-01       1.08363778E-04       2.41082014E+00       1.82378708E+00       1.25723393E+00
   155.2000       2.85670116E-01       1.56859917E+02       2.15294042E-03       4.42215201E-01       1.92453690E-01       1.08403927E-04       2.41277223E+00       1.82400285E+00       1.25732923E+00
   155.3000       2.85673893E-01       1.56894245E+02       2.15388285E-03       4.42462301E-01       1.92420037E-01       1.08435264E-04       2.41471377E+00       1.82427582E+00       1.25740368E+00
   155.4000       2.85677675E-01       1.56928821E+02       2.15483230E-03       4.42709962E-01       1.92386434E-01       1.08476546E-04       2.41663971E+00       1.82460385E+00       1.25750166E+00
   155.5000       2.85681405E-01       1.56963649E+02       2.15578888E-03       4.42958285E-01       1.92352881E-01       1.08510792E-04       2.41854386E+00       1.82498064E+00       1.25758299E+00
   155.6000       2.85685115E-01       1.56998729E+02       2.15675259E-03       4.43207368E-01       1.92319377E-01       1.08562540E-04       2.42041937E+00       1.82540031E+00       1.25770580E+00
   155.7000       2.85688790E-01       1.57034081E+02       2.15772397E-03       4.43457338E-01       1.92285923E-01       1.08617259E-04       2.42225917E+00       1.82585769E+00       1.25783566E+00
   155.8000       2.85692437E-01       1.57069719E+02       2.15870345E-03       4.43708314E-01       1.92252516E-01       1.08654229E-04       2.42405586E+00       1.82634608E+00       1.25792360E+00
   155.9000       2.85696028E-01       1.57105651E+02       2.15969124E-03       4.43960381E-01       1.92219157E-01       1.08718138E-04       2.42580212E+00       1.82686461E+00       1.25807529E+00
   156.0000       2.85699618E-01       1.57141875E+02       2.16068729E-03       4.44213613E-01       1.92185847E-01       1.08780315E-04       2.42748953E+00       1.82742090E+00       1.25822291E+00
   156.1000       2.85703164E-01       1.57178422E+02       2.16169244E-03       4.44468119E-01       1.92152584E-01       1.08828803E-04       2.42911096E+00       1.82801974E+00       1.25833806E+00
   156.2000       2.85706679E-01       1.57215282E+02       2.16270642E-03       4.44723963E-01       1.92119370E-01       1.08890960E-04       2.43065969E+00       1.82865578E+00       1.25848555E+00
   156.3000       2.85710157E-01       1.57252498E+02       2.16373045E-03       4.44981235E-01       1.92086205E-01       1.08951654E-04       2.43213081E+00       1.82932250E+00       1.25862953E+00
   156.4000       2.85713575E-01       1.57290074E+02       2.16476465E-03       4.45240016E-01       1.92053089E-01       1.09004070E-04       2.43352243E+00       1.83001695E+00       1.25875385E+00
   156.5000       2.85716984E-01       1.57328012E+02       2.16580906E-03       4.45500340E-01       1.92020023E-01       1.09073976E-04       2.43483361E+00       1.83073404E+00       1.25891951E+00
   156.6000       2.85720338E-01       1.57366324E+02       2.16686398E-03       4.45762244E-01       1.91987007E-01       1.09138516E-04       2.43606421E+00       1.83146834E+00       1.25907236E+00
   156.7000       2.85723648E-01       1.57405008E+02       2.16792945E-03       4.46025751E-01       1.91954042E-01       1.09200972E-04       2.43721326E+00       1.83221609E+00       1.25922022E+00
   156.8000       2.85726895E-01       1.57444107E+02       2.16900659E-03       4.46290902E-01       1.91921127E-01       1.09274697E-04       2.43827857E+00       1.83297544E+00       1.25939471E+00
   156.9000       2.85730142E-01       1.57483621E+02       2.17009545E-03       4.46557658E-01       1.91888261E-01       1.09342629E-04       2.43925828E+00       1.83374848E+00       1.25955543E+00
   157.0000       2.85733305E-01       1.57523539E+02       2.17119571E-03       4.46825964E-01       1.91855445E-01       1.09423175E-04       2.44015099E+00       1.83453926E+00       1.25974595E+00
   157.1000       2.85736432E-01       1.57563871E+02       2.17230768E-03       4.47095776E-01       1.91822677E-01       1.09485198E-04       2.44095572E+00       1.83535275E+00       1.25989265E+00
   157.2000       2.85739520E-01       1.57604610E+02       2.17343115E-03       4.47367024E-01       1.91789956E-01       1.09572069E-04       2.44167450E+00       1.83619332E+00       1.26009820E+00
   157.3000       2.85742570E-01       1.57645773E+02       2.17456660E-03       4.47639700E-01       1.91757281E-01       1.09642504E-04       2.44231224E+00       1.83706178E+00       1.26026490E+00
   157.4000       2.85745571E-01       1.57687363E+02       2.17571415E-03       4.47913782E-01       1.91724650E-01       1.09718271E-04       2.44287609E+00       1.83795288E+00       1.26044424E+00
   157.5000       2.85748523E-01       1.57729376E+02       2.17687367E-03       4.48189234E-01       1.91692063E-01       1.09801979E-04       2.44337454E+00       1.83885696E+00       1.26064240E+00
   157.6000       2.85751429E-01       1.57771835E+02       2.17804579E-03       4.48466046E-01       1.91659518E-01       1.09879031E-04       2.44381590E+00       1.83976256E+00       1.26082484E+00
   157.7000       2.85754296E-01       1.57814700E+02       2.17922947E-03       4.48744130E-01       1.91627015E-01       1.09957665E-04       2.44420715E+00       1.84065712E+00       1.26101101E+00
   157.8000       2.85757137E-01       1.57858011E+02       2.18042577E-03       4.49023498E-01       1.91594553E-01       1.10054826E-04       2.44455469E+00       1.84153129E+00       1.26124103E+00
   157.9000       2.85759917E-01       1.57901759E+02       2.18163448E-03       4.49304070E-01       1.91562131E-01       1.10136054E-04       2.44486341E+00       1.84238447E+00       1.26143338E+00
   158.0000       2.85762666E-01       1.57945963E+02       2.18285612E-03       4.49585827E-01       1.91529748E-01       1.10228127E-04       2.44513699E+00       1.84322363E+00       1.26165143E+00
   158.1000       2.85765373E-01       1.57990602E+02       2.18409017E-03       4.49868711E-01       1.91497403E-01       1.10316303E-04       2.44537817E+00       1.84405830E+00       1.26186025E+00
   158.2000       2.85768034E-01       1.58035665E+02       2.18533623E-03       4.50152671E-01       1.91465096E-01       1.10401767E-04       2.44558947E+00       1.84489754E+00       1.26206268E+00
   158.3000       2.85770672E-01       1.58081176E+02       2.18659511E-03       4.50437729E-01       1.91432825E-01       1.10493621E-04       2.44577258E+00       1.84574501E+00       1.26228026E+00
   158.4000       2.85773260E-01       1.58127125E+02       2.18786642E-03       4.50723854E-01       1.91400589E-01       1.10581027E-04       2.44593022E+00       1.84659889E+00       1.26248736E+00
   158.5000       2.85775822E-01       1.58173498E+02       2.18914986E-03       4.51011035E-01       1.91368388E-01       1.10672552E-04       2.44606509E+00       1.84745504E+00       1.26270425E+00
   158.6000       2.85778322E-01       1.58220292E+02       2.19044533E-03       4.51299243E-01       1.91336220E-01       1.10764504E-04       2.44618095E+00       1.84831036E+00       1.26292214E+00
   158.7000       2.85780818E-01       1.58267500E+02       2.19175264E-03       4.51588475E-01       1.91304085E-01       1.10847246E-04       2.44628202E+00       1.84916495E+00       1.26311828E+00
   158.8000       2.85783263E-01       1.58315129E+02       2.19307201E-03       4.51878684E-01       1.91271981E-01       1.10940259E-04       2.44637314E+00       1.85002305E+00       1.26333876E+00
   158.9000       2.85785661E-01       1.58363156E+02       2.19440281E-03       4.52169772E-01       1.91239909E-01       1.11041430E-04       2.44645843E+00       1.85089091E+00       1.26357857E+00
   159.0000       2.85788034E-01       1.58411586E+02       2.19574518E-03       4.52461697E-01       1.91207867E-01       1.11122174E-04       2.44654064E+00       1.85177679E+00       1.26376998E+00
   159.1000       2.85790361E-01       1.58460435E+02       2.19709957E-03       4.52754418E-01       1.91175856E-01       1.11216570E-04       2.44662344E+00       1.85268905E+00       1.26399375E+00
   159.2000       2.85792665E-01       1.58509709E+02       2.19846619E-03       4.53047906E-01       1.91143874E-01       1.11316097E-04       2.44671072E+00       1.85363270E+00       1.26422959E+00
   159.3000       2.85794935E-01       1.58559416E+02       2.19984524E-03       4.53342137E-01       1.91111923E-01       1.11405720E-04       2.44680611E+00       1.85461142E+00       1.26444195E+00
   159.4000       2.85797145E-01       1.58609547E+02       2.20123649E-03       4.53637079E-01       1.91080001E-01       1.11500198E-04       2.44691253E+00       1.85562733E+00       1.26466576E+00
   159.5000       2.85799358E-01       1.58660125E+02       2.20264058E-03       4.53932743E-01       1.91048108E-01       1.11599373E-04       2.44703222E+00       1.85667953E+00       1.26490068E+00
   159.6000       2.85801496E-01       1.58711122E+02       2.20405677E-03       4.54229111E-01       1.91016245E-01       1.11685538E-04       2.44716653E+00       1.85776276E+00       1.26510477E+00
   159.7000       2.85803623E-01       1.58762578E+02       2.20548616E-03       4.54526261E-01       1.90984411E-01       1.11774854E-04       2.44731543E+00       1.85886864E+00       1.26531626E+00
   159.8000       2.85805703E-01       1.58814443E+02       2.20692739E-03       4.54824235E-01       1.90952607E-01       1.11872472E-04       2.44747725E+00       1.85998793E+00       1.26554732E+00
   159.9000       2.85807748E-01       1.58866744E+02       2.20838122E-03       4.55123159E-01       1.90920834E-01       1.11969866E-04       2.44764801E+00       1.86111495E+00       1.26577776E+00
   160.0000       2.85809743E-01       1.58919515E+02       2.20984858E-03       4.55423271E-01       1.90889090E-01       1.12060745E-04       2.44782264E+00       1.86224967E+00       1.26599269E+00
   160.1000       2.85811712E-01       1.58972707E+02       2.21132813E-03       4.55724630E-01       1.90857377E-01       1.12148467E-04       2.44799724E+00       1.86339667E+00       1.26620008E+00
   160.2000       2.85813625E-01       1.59026293E+02       2.21281917E-03       4.56027324E-01       1.90825693E-01       1.12240324E-04       2.44816913E+00       1.86455903E+00       1.26641723E+00
   160.3000       2.85815506E-01       1.59080259E+02       2.21432127E-03       4.56331431E-01       1.90794037E-01       1.12330659E-04       2.44833631E+00       1.86573380E+00       1.26663079E+00
   160.4000       2.85817347E-01       1.59134587E+02       2.21583395E-03       4.56637023E-01       1.90762408E-01       1.12404261E-04       2.44849871E+00       1.86691234E+00       1.26680480E+00
   160.5000       2.85819164E-01       1.59189220E+02       2.21735567E-03       4.56944089E-01       1.90730804E-01       1.12489999E-04       2.44865766E+00       1.86808292E+00       1.26700755E+00
   160.6000       2.85820959E-01       1.59244166E+02       2.21888664E-03       4.57252751E-01       1.90699226E-01       1.12560466E-04       2.44881517E+00       1.86923441E+00       1.26717420E+00
   160.7000       2.85822712E-01       1.59299355E+02       2.22042488E-03       4.57563042E-01       1.90667672E-01       1.12643689E-04       2.44897470E+00       1.87035920E+00       1.26737102E+00
   160.8000       2.85824423E-01       1.59354816E+02       2.22197128E-03       4.57875122E-01       1.90636141E-01       1.12720457E-04       2.44913871E+00       1.87145694E+00       1.26755254E+00
   160.9000       2.85826106E-01       1.59410503E+02       2.22352450E-03       4.58189052E-01       1.90604634E-01       1.12786375E-04       2.44930879E+00       1.87253148E+00       1.26770839E+00
   161.0000       2.85827780E-01       1.59466393E+02       2.22508391E-03       4.58504829E-01       1.90573148E-01       1.12855225E-04       2.44948623E+00       1.87358787E+00       1.26787116E+00
   161.1000       2.85829424E-01       1.59522441E+02       2.22664831E-03       4.58822396E-01       1.90541683E-01       1.12917437E-04       2.44967240E+00       1.87463291E+00       1.26801828E+00
   161.2000       2.85831060E-01       1.59578628E+02       2.22821711E-03       4.59141648E-01       1.90510236E-01       1.12975633E-04       2.44986824E+00       1.87567182E+00       1.26815594E+00
   161.3000       2.85832662E-01       1.59634921E+02       2.22978946E-03       4.59462413E-01       1.90478805E-01       1.13028214E-04       2.45007317E+00       1.87670457E+00       1.26828041E+00
   161.4000       2.85834296E-01       1.59691301E+02       2.23136478E-03       4.59784487E-01       1.90447390E-01       1.13086368E-04       2.45028707E+00       1.87772711E+00       1.26841809E+00
   161.5000       2.85835889E-01       1.59747739E+02       2.23294225E-03       4.60107666E-01       1.90415989E-01       1.13122638E-04       2.45051047E+00       1.87873662E+00       1.26850403E+00
   161.6000       2.85837507E-01       1.59804221E+02       2.23452153E-03       4.60431785E-01       1.90384601E-01       1.13182405E-04       2.45074424E+00       1.87973033E+00       1.26864561E+00
   161.7000       2.85839123E-01       1.59860779E+02       2.23610350E-03       4.60756746E-01       1.90353225E-01       1.13237795E-04       2.45098969E+00       1.88070335E+00       1.26877683E+00
   161.8000       2.85840716E-01       1.59917362E+02       2.23768673E-03       4.61082338E-01       1.90321861E-01       1.13275822E-04       2.45124838E+00       1.88165032E+00       1.26886702E+00
   161.9000       2.85842302E-01       1.59973990E+02       2.23927178E-03       4.61408475E-01       1.90290508E-01       1.13330869E-04       2.45152277E+00       1.88256810E+00       1.26899752E+00
   162.0000       2.85843904E-01       1.60030691E+02       2.24085942E-03       4.61735085E-01       1.90259166E-01       1.13377516E-04       2.45181557E+00       1.88345222E+00       1.26910812E+00
   162.1000       2.85845525E-01       1.60087439E+02       2.24244896E-03       4.62062034E-01       1.90227835E-01       1.13440250E-04       2.45212961E+00       1.88429550E+00       1.26925684E+00
   162.2000       2.85847153E-01       1.60144279E+02       2.24404165E-03       4.62389333E-01       1.90196514E-01       1.13481983E-04       2.45246726E+00       1.88509159E+00       1.26935588E+00
   162.3000       2.85848758E-01       1.60201229E+02       2.24563797E-03       4.62716982E-01       1.90165204E-01       1.13535760E-04       2.45283043E+00       1.88583556E+00       1.26948342E+00
   162.4000       2.85850367E-01       1.60258290E+02       2.24723796E-03       4.63044991E-01       1.90133904E-01       1.13599927E-04       2.45322117E+00       1.88652579E+00       1.26963552E+00
   162.5000       2.85851976E-01       1.60315490E+02       2.24884242E-03       4.63373476E-01       1.90102616E-01       1.13651733E-04       2.45364062E+00       1.88716375E+00       1.26975834E+00
   162.6000       2.85853570E-01       1.60372860E+02       2.25045224E-03       4.63702613E-01       1.90071340E-01       1.13718675E-04       2.45408840E+00       1.88775203E+00       1.26991694E+00
   162.7000       2.85855159E-01       1.60430414E+02       2.25206780E-03       4.64032587E-01       1.90040077E-01       1.13779898E-04       2.45456338E+00       1.88828856E+00       1.27006199E+00
   162.8000       2.85856740E-01       1.60488167E+02       2.25368953E-03       4.64363618E-01       1.90008827E-01       1.13845859E-04       2.45506563E+00       1.88877033E+00       1.27021814E+00
   162.9000       2.85858329E-01       1.60546173E+02       2.25531894E-03       4.64696030E-01       1.89977590E-01       1.13921667E-04       2.45559476E+00       1.88919458E+00       1.27039756E+00
   163.0000       2.85859905E-01       1.60604414E+02       2.25695555E-03       4.65030008E-01       1.89946369E-01       1.13984449E-04       2.45615055E+00       1.88956070E+00       1.27054612E+00
   163.1000       2.85861441E-01       1.60662893E+02       2.25859947E-03       4.65365792E-01       1.89915162E-01       1.14054669E-04       2.45673231E+00       1.88986856E+00       1.27071224E+00
   163.2000       2.85862962E-01       1.60721624E+02       2.26025105E-03       4.65703646E-01       1.89883970E-01       1.14113588E-04       2.45733994E+00       1.89011850E+00       1.27085165E+00
   163.3000       2.85864485E-01       1.60780651E+02       2.26191156E-03       4.66043851E-01       1.89852793E-01       1.14200304E-04       2.45797246E+00       1.89031106E+00       1.27105681E+00
   163.4000       2.85865970E-01       1.60839965E+02       2.26358075E-03       4.66386593E-01       1.89821630E-01       1.14265126E-04       2.45862912E+00       1.89044934E+00       1.27121017E+00
   163.5000       2.85867437E-01       1.60899546E+02       2.26525808E-03       4.66732033E-01       1.89790482E-01       1.14347658E-04       2.45930863E+00       1.89053473E+00       1.27140538E+00
   163.6000       2.85868879E-01       1.60959422E+02       2.26694436E-03       4.67080378E-01       1.89759348E-01       1.14422660E-04       2.46000920E+00       1.89056605E+00       1.27158279E+00
   163.7000       2.85870304E-01       1.61019599E+02       2.26863974E-03       4.67431777E-01       1.89728229E-01       1.14496345E-04       2.46072916E+00       1.89054066E+00       1.27175703E+00
   163.8000       2.85871678E-01       1.61080043E+02       2.27034326E-03       4.67786271E-01       1.89697124E-01       1.14567475E-04       2.46146627E+00       1.89045723E+00       1.27192525E+00
   163.9000       2.85873054E-01       1.61140777E+02       2.27205562E-03       4.68143953E-01       1.89666034E-01       1.14643388E-04       2.46221829E+00       1.89031481E+00       1.27210478E+00
   164.0000       2.85874404E-01       1.61201789E+02       2.27377646E-03       4.68504789E-01       1.89634958E-01       1.14716306E-04       2.46298318E+00       1.89011677E+00       1.27227726E+00
   164.1000       2.85875751E-01       1.61263069E+02       2.27550551E-03       4.68868752E-01       1.89603896E-01       1.14799617E-04       2.46375802E+00       1.88986915E+00       1.27247439E+00
   164.2000       2.85877050E-01       1.61324607E+02       2.27724252E-03       4.69235792E-01       1.89572848E-01       1.14870372E-04       2.46454241E+00       1.88958010E+00       1.27264189E+00
   164.3000       2.85878347E-01       1.61386422E+02       2.27898801E-03       4.69605909E-01       1.89541814E-01       1.14939887E-04       2.46533610E+00       1.88925658E+00       1.27280649E+00
   164.4000       2.85879602E-01       1.61448508E+02       2.28074182E-03       4.69979065E-01       1.89510794E-01       1.15016088E-04       2.46614002E+00       1.88890765E+00       1.27298694E+00
   164.5000       2.85880829E-01       1.61510867E+02       2.28250402E-03       4.70355224E-01       1.89479789E-01       1.15100095E-04       2.46695601E+00       1.88854525E+00       1.27318582E+00
   164.6000       2.85882050E-01       1.61573508E+02       2.28427487E-03       4.70734412E-01       1.89448798E-01       1.15176665E-04       2.46778599E+00       1.88818177E+00       1.27336711E+00
   164.7000       2.85883225E-01       1.61636427E+02       2.28605428E-03       4.71116644E-01       1.89417824E-01       1.15261062E-04       2.46863171E+00       1.88783055E+00       1.27356689E+00
   164.8000       2.85884368E-01       1.61699646E+02       2.28784285E-03       4.71501944E-01       1.89386864E-01       1.15345838E-04       2.46949417E+00       1.88750393E+00       1.27376756E+00
   164.9000       2.85885510E-01       1.61763106E+02       2.28963895E-03       4.71890239E-01       1.89355921E-01       1.15426397E-04       2.47037473E+00       1.88720717E+00       1.27395828E+00
   165.0000       2.85886598E-01       1.61826796E+02       2.29144228E-03       4.72281455E-01       1.89324992E-01       1.15503146E-04       2.47127463E+00       1.88693804E+00       1.27414002E+00
   165.1000       2.85887673E-01       1.61890712E+02       2.29325274E-03       4.72675534E-01       1.89294076E-01       1.15571333E-04       2.47219337E+00       1.88668892E+00       1.27430158E+00
   165.2000       2.85888736E-01       1.61954809E+02       2.29506902E-03       4.73072294E-01       1.89263174E-01       1.15655192E-04       2.47312974E+00       1.88645127E+00       1.27450034E+00
   165.3000       2.85889768E-01       1.62019035E+02       2.29688968E-03       4.73471538E-01       1.89232284E-01       1.15722562E-04       2.47408322E+00       1.88621660E+00       1.27466018E+00
   165.4000       2.85890772E-01       1.62083391E+02       2.29871473E-03       4.73873129E-01       1.89201404E-01       1.15789243E-04       2.47505269E+00       1.88597802E+00       1.27481844E+00
   165.5000       2.85891755E-01       1.62147826E+02       2.30054277E-03       4.74276896E-01       1.89170535E-01       1.15862560E-04       2.47603612E+00       1.88573617E+00       1.27499238E+00
   165.6000       2.85892694E-01       1.62212336E+02       2.30237368E-03       4.74682706E-01       1.89139678E-01       1.15933127E-04       2.47703108E+00       1.88549966E+00       1.27515977E+00
   165.7000       2.85893663E-01       1.62276880E+02       2.30420626E-03       4.75090367E-01       1.89108832E-01       1.16005385E-04       2.47803472E+00       1.88528003E+00       1.27533110E+00
   165.8000       2.85894580E-01       1.62341443E+02       2.30604011E-03       4.75499721E-01       1.89077998E-01       1.16068986E-04       2.47904328E+00       1.88508742E+00       1.27548191E+00
   165.9000       2.85895477E-01       1.62406020E+02       2.30787509E-03       4.75910607E-01       1.89047174E-01       1.16138727E-04       2.48005274E+00       1.88492837E+00       1.27564735E+00
   166.0000       2.85896368E-01       1.62470596E+02       2.30971078E-03       4.76322853E-01       1.89016360E-01       1.16194944E-04       2.48106063E+00       1.88480373E+00       1.27578092E+00
   166.1000       2.85897245E-01       1.62535153E+02       2.31154666E-03       4.76736286E-01       1.88985556E-01       1.16262522E-04       2.48206405E+00       1.88470921E+00       1.27594142E+00
   166.2000       2.85898096E-01       1.62599664E+02       2.31338194E-03       4.77150793E-01       1.88954762E-01       1.16323140E-04       2.48305947E+00       1.88464013E+00       1.27608540E+00
   166.3000       2.85898932E-01       1.62664131E+02       2.31521672E-03       4.77566365E-01       1.88923980E-01       1.16378993E-04       2.48404401E+00       1.88459292E+00       1.27621799E+00
   166.4000       2.85899776E-01       1.62728574E+02       2.31705151E-03       4.77983015E-01       1.88893211E-01       1.16448697E-04       2.48501609E+00       1.88456419E+00       1.27638323E+00
   166.5000       2.85900580E-01       1.62792965E+02       2.31888556E-03       4.78400663E-01       1.88862454E-01       1.16519564E-04       2.48597470E+00       1.88455308E+00       1.27655117E+00
   166.6000       2.85901368E-01       1.62857302E+02       2.32071881E-03       4.78819208E-01       1.88831709E-01       1.16575422E-04       2.48691957E+00       1.88456134E+00       1.27668360E+00
   166.7000       2.85902159E-01       1.62921586E+02       2.32255127E-03       4.79238524E-01       1.88800974E-01       1.16639702E-04       2.48785061E+00       1.88458903E+00       1.27683598E+00
   166.8000       2.85902949E-01       1.62985796E+02       2.32438236E-03       4.79658472E-01       1.88770249E-01       1.16694138E-04       2.48876786E+00       1.88463451E+00       1.27696513E+00
   166.9000       2.85903706E-01       1.63049953E+02       2.32621263E-03       4.80078963E-01       1.88739534E-01       1.16756430E-04       2.48967058E+00       1.88469798E+00       1.27711285E+00
   167.0000       2.85904461E-01       1.63114025E+02       2.32804121E-03       4.80499857E-01       1.88708827E-01       1.16816414E-04       2.49055944E+00       1.88478260E+00       1.27725514E+00
   167.1000       2.85905224E-01       1.63178038E+02       2.32986880E-03       4.80921104E-01       1.88678127E-01       1.16871517E-04       2.49143411E+00       1.88488760E+00       1.27738594E+00
   167.2000       2.85905943E-01       1.63242046E+02       2.33169699E-03       4.81342757E-01       1.88647436E-01       1.16945917E-04       2.49229415E+00       1.88500855E+00       1.27756248E+00
   167.3000       2.85906683E-01       1.63306028E+02       2.33352514E-03       4.81764798E-01       1.88616752E-01       1.17013534E-04       2.49313907E+00       1.88514560E+00       1.27772301E+00
   167.4000       2.85907385E-01       1.63370016E+02       2.33535420E-03       4.82187293E-01       1.88586075E-01       1.17077870E-04       2.49396975E+00       1.88530181E+00       1.27787583E+00
   167.5000       2.85908116E-01       1.63433996E+02       2.33718372E-03       4.82610253E-01       1.88555406E-01       1.17152019E-04       2.49478607E+00       1.88547829E+00       1.27805190E+00
   167.6000       2.85908803E-01       1.63498004E+02       2.33901475E-03       4.83033785E-01       1.88524744E-01       1.17216017E-04       2.49558838E+00       1.88567604E+00       1.27820391E+00
   167.7000       2.85909511E-01       1.63562038E+02       2.34084726E-03       4.83457955E-01       1.88494091E-01       1.17276443E-04       2.49637806E+00       1.88589683E+00       1.27834743E+00
   167.8000       2.85910204E-01       1.63626077E+02       2.34268063E-03       4.83882765E-01       1.88463445E-01       1.17345612E-04       2.49715685E+00       1.88614006E+00       1.27851161E+00
   167.9000       2.85910941E-01       1.63690133E+02       2.34451522E-03       4.84308282E-01       1.88432807E-01       1.17416759E-04       2.49792752E+00       1.88640370E+00       1.27868048E+00
   168.0000       2.85911625E-01       1.63754204E+02       2.34635095E-03       4.84734518E-01       1.88402177E-01       1.17490915E-04       2.49869198E+00       1.88668641E+00       1.27885656E+00
   168.1000       2.85912333E-01       1.63818261E+02       2.34818697E-03       4.85161385E-01       1.88371553E-01       1.17554039E-04       2.49945318E+00       1.88698593E+00       1.27900656E+00
   168.2000       2.85913022E-01       1.63882313E+02       2.35002360E-03       4.85588902E-01       1.88340936E-01       1.17622249E-04       2.50021338E+00       1.88729933E+00       1.27916857E+00
   168.3000       2.85913710E-01       1.63946376E+02       2.35186124E-03       4.86017099E-01       1.88310329E-01       1.17685307E-04       2.50097338E+00       1.88762389E+00       1.27931830E+00
   168.4000       2.85914448E-01       1.64010439E+02       2.35369960E-03       4.86445994E-01       1.88279733E-01       1.17750489E-04       2.50173488E+00       1.88795369E+00       1.27947288E+00
   168.5000       2.85915125E-01       1.64074492E+02       2.35553841E-03       4.86875641E-01       1.88249149E-01       1.17816437E-04       2.50250107E+00       1.88828299E+00       1.27962910E+00
   168.6000       2.85915833E-01       1.64138555E+02       2.35737821E-03       4.87306154E-01       1.88218579E-01       1.17875041E-04       2.50327238E+00       1.88860958E+00       1.27976784E+00
   168.7000       2.85916505E-01       1.64202585E+02       2.35921778E-03       4.87737480E-01       1.88188021E-01       1.17933733E-04       2.50404802E+00       1.88892982E+00       1.27990675E+00
   168.8000       2.85917225E-01       1.64266571E+02       2.36105681E-03       4.88169615E-01       1.88157475E-01       1.17994931E-04       2.50482852E+00       1.88924073E+00       1.28005157E+00
   168.9000       2.85917892E-01       1.64330543E+02       2.36289614E-03       4.88602623E-01       1.88126938E-01       1.18047403E-04       2.50561563E+00       1.88954182E+00       1.28017581E+00
   169.0000       2.85918625E-01       1.64394412E+02       2.36473323E-03       4.89036355E-01       1.88096409E-01       1.18103936E-04       2.50641072E+00       1.88983288E+00       1.28030976E+00
   169.1000       2.85919296E-01       1.64458200E+02       2.36656872E-03       4.89470833E-01       1.88065885E-01       1.18164945E-04       2.50721583E+00       1.89011318E+00       1.28045440E+00
   169.2000       2.85920007E-01       1.64521896E+02       2.36840224E-03       4.89906035E-01       1.88035365E-01       1.18215937E-04       2.50803080E+00       1.89037941E+00       1.28057545E+00
   169.3000       2.85920742E-01       1.64585488E+02       2.37023349E-03       4.90341937E-01       1.88004847E-01       1.18259892E-04       2.50885621E+00       1.89062970E+00       1.28067988E+00
   169.4000       2.85921474E-01       1.64648936E+02       2.37206131E-03       4.90778509E-01       1.87974332E-01       1.18307842E-04       2.50969394E+00       1.89086314E+00       1.28079374E+00
   169.5000       2.85922230E-01       1.64712284E+02       2.37388694E-03       4.91215826E-01       1.87943819E-01       1.18357932E-04       2.51054349E+00       1.89107820E+00       1.28091262E+00
   169.6000       2.85922990E-01       1.64775496E+02       2.37570937E-03       4.91653833E-01       1.87913308E-01       1.18399344E-04       2.51140415E+00       1.89127002E+00       1.28101090E+00
   169.7000       2.85923791E-01       1.64838597E+02       2.37752926E-03       4.92092570E-01       1.87882801E-01       1.18446343E-04       2.51227654E+00       1.89143340E+00       1.28112233E+00
   169.8000       2.85924586E-01       1.64901566E+02       2.37934607E-03       4.92531979E-01       1.87852298E-01       1.18482110E-04       2.51316214E+00       1.89156820E+00       1.28120716E+00
   169.9000       2.85925395E-01       1.64964417E+02       2.38116015E-03       4.92971985E-01       1.87821800E-01       1.18524384E-04       2.51406161E+00       1.89167413E+00       1.28130737E+00
   170.0000       2.85926227E-01       1.65027112E+02       2.38297043E-03       4.93412429E-01       1.87791305E-01       1.18556842E-04       2.51497340E+00       1.89175298E+00       1.28138446E+00
   170.1000       2.85927032E-01       1.65089635E+02       2.38477642E-03       4.93853109E-01       1.87760815E-01       1.18612971E-04       2.51589642E+00       1.89181003E+00       1.28151764E+00
   170.2000       2.85927914E-01       1.65151992E+02       2.38657829E-03       4.94293823E-01       1.87730331E-01       1.18647903E-04       2.51683144E+00       1.89184967E+00       1.28160068E+00
   170.3000       2.85928746E-01       1.65214144E+02       2.38837492E-03       4.94734316E-01       1.87699853E-01       1.18688408E-04       2.51777949E+00       1.89187083E+00       1.28169690E+00
   170.4000       2.85929619E-01       1.65276126E+02       2.39016730E-03       4.95174459E-01       1.87669383E-01       1.18736756E-04       2.51874108E+00       1.89187282E+00       1.28181159E+00
   170.5000       2.85930486E-01       1.65337935E+02       2.39195536E-03       4.95614187E-01       1.87638922E-01       1.18783511E-04       2.51971488E+00       1.89185791E+00       1.28192245E+00
   170.6000       2.85931372E-01       1.65399591E+02       2.39373966E-03       4.96053552E-01       1.87608473E-01       1.18817409E-04       2.52070105E+00       1.89182748E+00       1.28200283E+00
   170.7000       2.85932211E-01       1.65461105E+02       2.39552051E-03       4.96492692E-01       1.87578035E-01       1.18859612E-04       2.52169908E+00       1.89178003E+00       1.28210286E+00
   170.8000       2.85933098E-01       1.65522493E+02       2.39729837E-03       4.96931793E-01       1.87547609E-01       1.18908401E-04       2.52270919E+00       1.89171295E+00       1.28221844E+00
   170.9000       2.85933951E-01       1.65583770E+02       2.39907368E-03       4.97371051E-01       1.87517193E-01       1.18950370E-04       2.52372957E+00       1.89162504E+00       1.28231796E+00
   171.0000       2.85934834E-01       1.65644930E+02       2.40084623E-03       4.97810520E-01       1.87486785E-01       1.18990553E-04       2.52475803E+00       1.89152235E+00       1.28241360E+00
   171.1000       2.85935709E-01       1.65705956E+02       2.40261560E-03       4.98250098E-01       1.87456381E-01       1.19038473E-04       2.52579172E+00       1.89141521E+00       1.28252782E+00
   171.2000       2.85936572E-01       1.65766828E+02       2.40438112E-03       4.98689600E-01       1.87425983E-01       1.19094742E-04       2.52682703E+00       1.89131122E+00       1.28266174E+00
   171.3000       2.85937435E-01       1.65827582E+02       2.40614385E-03       4.99129019E-01       1.87395592E-01       1.19150651E-04       2.52785994E+00       1.89121037E+00       1.28279458E+00
   171.4000       2.85938319E-01       1.65888260E+02       2.40790504E-03       4.99568561E-01       1.87365212E-01       1.19191890E-04       2.52888647E+00       1.89110992E+00       1.28289258E+00
   171.5000       2.85939169E-01       1.65948883E+02       2.40966529E-03       5.00008557E-01       1.87334842E-01       1.19247211E-04       2.52990387E+00       1.89101129E+00       1.28302377E+00
   171.6000       2.85940069E-01       1.66009509E+02       2.41142623E-03       5.00449440E-01       1.87304483E-01       1.19303480E-04       2.53090782E+00       1.89091800E+00       1.28315722E+00
   171.7000       2.85940897E-01       1.66070099E+02       2.41318681E-03       5.00891350E-01       1.87274133E-01       1.19353748E-04       2.53189542E+00       1.89082988E+00       1.28327655E+00
   171.8000       2.85941779E-01       1.66130669E+02       2.41494742E-03       5.01334374E-01       1.87243789E-01       1.19406073E-04       2.53286502E+00       1.89074505E+00       1.28340111E+00
   171.9000       2.85942653E-01       1.66191223E+02       2.41670823E-03       5.01778522E-01       1.87213451E-01       1.19465877E-04       2.53381647E+00       1.89066415E+00       1.28354359E+00
   172.0000       2.85943524E-01       1.66251749E+02       2.41846887E-03       5.02223764E-01       1.87183117E-01       1.19530525E-04       2.53475045E+00       1.89058925E+00       1.28369753E+00
   172.1000       2.85944396E-01       1.66312261E+02       2.42022971E-03       5.02670154E-01       1.87152790E-01       1.19588613E-04       2.53567018E+00       1.89052532E+00       1.28383569E+00
   172.2000       2.85945292E-01       1.66372806E+02       2.42199218E-03       5.03117906E-01       1.87122470E-01       1.19646476E-04       2.53658001E+00       1.89047613E+00       1.28397318E+00
   172.3000       2.85946181E-01       1.66433385E+02       2.42375627E-03       5.03567092E-01       1.87092158E-01       1.19703877E-04       2.53748523E+00       1.89044299E+00       1.28410950E+00
   172.4000       2.85947061E-01       1.66494032E+02       2.42552300E-03       5.04017758E-01       1.87061855E-01       1.19774185E-04       2.53839093E+00       1.89042574E+00       1.28427629E+00
   172.5000       2.85947922E-01       1.66554749E+02       2.42729238E-03       5.04469892E-01       1.87031560E-01       1.19830351E-04       2.53930159E+00       1.89042367E+00       1.28440958E+00
   172.6000       2.85948820E-01       1.66615539E+02       2.42906456E-03       5.04923423E-01       1.87001274E-01       1.19911537E-04       2.54022066E+00       1.89043459E+00       1.28460213E+00
   172.7000       2.85949696E-01       1.66676417E+02       2.43083996E-03       5.05378287E-01       1.86970997E-01       1.19973307E-04       2.54114989E+00       1.89045417E+00       1.28474874E+00
   172.8000       2.85950578E-01       1.66737388E+02       2.43261870E-03       5.05834356E-01       1.86940729E-01       1.20050512E-04       2.54208786E+00       1.89047605E+00       1.28493186E+00
   172.9000       2.85951462E-01       1.66798468E+02       2.43440129E-03       5.06291524E-01       1.86910471E-01       1.20114018E-04       2.54303272E+00       1.89049610E+00       1.28508243E+00
   173.0000       2.85952332E-01       1.66859647E+02       2.43618741E-03       5.06749678E-01       1.86880224E-01       1.20173903E-04       2.54398167E+00       1.89051096E+00       1.28522443E+00
   173.1000       2.85953205E-01       1.66920960E+02       2.43797809E-03       5.07208701E-01       1.86849990E-01       1.20237744E-04       2.54492954E+00       1.89051780E+00       1.28537571E+00
   173.2000       2.85954095E-01       1.66982419E+02       2.43977373E-03       5.07668437E-01       1.86819768E-01       1.20323020E-04       2.54587042E+00       1.89051593E+00       1.28557772E+00
   173.3000       2.85954980E-01       1.67044043E+02       2.44157483E-03       5.08128733E-01       1.86789559E-01       1.20388382E-04       2.54679744E+00       1.89050883E+00       1.28573259E+00
   173.4000       2.85955856E-01       1.67105817E+02       2.44338100E-03       5.08589347E-01       1.86759365E-01       1.20460973E-04       2.54770708E+00       1.89049705E+00       1.28590463E+00
   173.5000       2.85956725E-01       1.67167744E+02       2.44519227E-03       5.09050121E-01       1.86729185E-01       1.20527695E-04       2.54859553E+00       1.89048060E+00       1.28606276E+00
   173.6000       2.85957610E-01       1.67229852E+02       2.44700953E-03       5.09510933E-01       1.86699021E-01       1.20610747E-04       2.54946036E+00       1.89046025E+00       1.28625949E+00
   173.7000       2.85958463E-01       1.67292149E+02       2.44883302E-03       5.09971672E-01       1.86668875E-01       1.20681598E-04       2.55030140E+00       1.89044219E+00       1.28642741E+00
   173.8000       2.85959326E-01       1.67354651E+02       2.45066319E-03       5.10432294E-01       1.86638745E-01       1.20748370E-04       2.55111873E+00       1.89043403E+00       1.28658560E+00
   173.9000       2.85960188E-01       1.67417339E+02       2.45249948E-03       5.10892723E-01       1.86608634E-01       1.20827604E-04       2.55191428E+00       1.89043797E+00       1.28677331E+00
   174.0000       2.85961046E-01       1.67480250E+02       2.45434297E-03       5.11353000E-01       1.86578543E-01       1.20892319E-04       2.55269132E+00       1.89045594E+00       1.28692664E+00
   174.1000       2.85961894E-01       1.67543390E+02       2.45619391E-03       5.11813216E-01       1.86548471E-01       1.20971391E-04       2.55345426E+00       1.89049012E+00       1.28711393E+00
   174.2000       2.85962733E-01       1.67606769E+02       2.45805253E-03       5.12273442E-01       1.86518419E-01       1.21045658E-04       2.55420669E+00       1.89053482E+00       1.28728983E+00
   174.3000       2.85963564E-01       1.67670391E+02       2.45991901E-03       5.12733778E-01       1.86488388E-01       1.21119638E-04       2.55495125E+00       1.89056903E+00       1.28746504E+00
   174.4000       2.85964420E-01       1.67734277E+02       2.46179391E-03       5.13194331E-01       1.86458378E-01       1.21201867E-04       2.55568987E+00       1.89057813E+00       1.28765981E+00
   174.5000       2.85965242E-01       1.67798424E+02       2.46367722E-03       5.13655157E-01       1.86428388E-01       1.21275002E-04       2.55642522E+00       1.89057158E+00       1.28783306E+00
   174.6000       2.85966070E-01       1.67862820E+02       2.46556856E-03       5.14116323E-01       1.86398419E-01       1.21352814E-04       2.55715991E+00       1.89057372E+00       1.28801738E+00
   174.7000       2.85966881E-01       1.67927499E+02       2.46746892E-03       5.14577945E-01       1.86368471E-01       1.21431866E-04       2.55789402E+00       1.89060688E+00       1.28820466E+00
   174.8000       2.85967699E-01       1.67992455E+02       2.46937819E-03       5.15040118E-01       1.86338544E-01       1.21513089E-04       2.55862781E+00       1.89067573E+00       1.28839712E+00
   174.9000       2.85968508E-01       1.68057710E+02       2.47129696E-03       5.15503025E-01       1.86308639E-01       1.21599221E-04       2.55936326E+00       1.89075946E+00       1.28860122E+00
   175.0000       2.85969323E-01       1.68123288E+02       2.47322599E-03       5.15966791E-01       1.86278755E-01       1.21674756E-04       2.56010154E+00       1.89081649E+00       1.28878024E+00
   175.1000       2.85970121E-01       1.68189152E+02       2.47516420E-03       5.16431503E-01       1.86248892E-01       1.21759977E-04       2.56084207E+00       1.89081301E+00       1.28898219E+00
   175.2000       2.85970911E-01       1.68255324E+02       2.47711223E-03       5.16897366E-01       1.86219052E-01       1.21851394E-04       2.56158382E+00       1.89074689E+00       1.28919881E+00
   175.3000       2.85971694E-01       1.68321789E+02       2.47906965E-03       5.17364476E-01       1.86189234E-01       1.21924651E-04       2.56232885E+00       1.89063999E+00       1.28937246E+00
   175.4000       2.85972437E-01       1.68388581E+02       2.48103749E-03       5.17833034E-01       1.86159439E-01       1.22013853E-04       2.56307759E+00       1.89052303E+00       1.28958387E+00
   175.5000       2.85973225E-01       1.68455700E+02       2.48301575E-03       5.18303155E-01       1.86129666E-01       1.22100671E-04       2.56383172E+00       1.89042308E+00       1.28978962E+00
   175.6000       2.85973955E-01       1.68523150E+02       2.48500456E-03       5.18774969E-01       1.86099915E-01       1.22179758E-04       2.56459275E+00       1.89035691E+00       1.28997709E+00
   175.7000       2.85974702E-01       1.68590949E+02       2.48700447E-03       5.19248654E-01       1.86070186E-01       1.22279455E-04       2.56535895E+00       1.89033423E+00       1.29021334E+00
   175.8000       2.85975404E-01       1.68659069E+02       2.48901463E-03       5.19724276E-01       1.86040480E-01       1.22365644E-04       2.56612812E+00       1.89035495E+00       1.29041754E+00
   175.9000       2.85976106E-01       1.68727570E+02       2.49103688E-03       5.20202087E-01       1.86010796E-01       1.22461839E-04       2.56689655E+00       1.89040865E+00       1.29064545E+00
   176.0000       2.85976770E-01       1.68796464E+02       2.49307156E-03       5.20682210E-01       1.85981133E-01       1.22554419E-04       2.56766125E+00       1.89048617E+00       1.29086478E+00
   176.1000       2.85977453E-01       1.68865726E+02       2.49511793E-03       5.21164724E-01       1.85951491E-01       1.22660089E-04       2.56841864E+00       1.89058006E+00       1.29111511E+00
   176.2000       2.85978076E-01       1.68935342E+02       2.49717560E-03       5.21649737E-01       1.85921869E-01       1.22760435E-04       2.56916508E+00       1.89068709E+00       1.29135287E+00
   176.3000       2.85978728E-01       1.69005349E+02       2.49924570E-03       5.22137389E-01       1.85892266E-01       1.22859709E-04       2.56989741E+00       1.89081406E+00       1.29158814E+00
   176.4000       2.85979315E-01       1.69075750E+02       2.50132830E-03       5.22627782E-01       1.85862682E-01       1.22957523E-04       2.57061347E+00       1.89097711E+00       1.29181997E+00
   176.5000       2.85979907E-01       1.69146527E+02       2.50342291E-03       5.23120971E-01       1.85833117E-01       1.23069787E-04       2.57131141E+00       1.89118993E+00       1.29208600E+00
   176.6000       2.85980454E-01       1.69217677E+02       2.50552945E-03       5.23617033E-01       1.85803570E-01       1.23174127E-04       2.57198950E+00       1.89144814E+00       1.29233331E+00
   176.7000       2.85980988E-01       1.69289211E+02       2.50764822E-03       5.24116025E-01       1.85774041E-01       1.23280717E-04       2.57264705E+00       1.89173473E+00       1.29258591E+00
   176.8000       2.85981518E-01       1.69361089E+02       2.50977812E-03       5.24617954E-01       1.85744529E-01       1.23398187E-04       2.57328346E+00       1.89203936E+00       1.29286427E+00
   176.9000       2.85981995E-01       1.69433370E+02       2.51192086E-03       5.25122913E-01       1.85715036E-01       1.23509756E-04       2.57389829E+00       1.89236404E+00       1.29312868E+00
   177.0000       2.85982444E-01       1.69506018E+02       2.51407539E-03       5.25630880E-01       1.85685560E-01       1.23616880E-04       2.57449257E+00       1.89271383E+00       1.29338257E+00
   177.1000       2.85982884E-01       1.69579044E+02       2.51624206E-03       5.26141851E-01       1.85656101E-01       1.23730668E-04       2.57506723E+00       1.89308894E+00       1.29365216E+00
   177.2000       2.85983260E-01       1.69652454E+02       2.51842109E-03       5.26655789E-01       1.85626659E-01       1.23860251E-04       2.57562245E+00       1.89349132E+00       1.29395914E+00
   177.3000       2.85983620E-01       1.69726262E+02       2.52061285E-03       5.27172636E-01       1.85597235E-01       1.23973205E-04       2.57615838E+00       1.89392582E+00       1.29422673E+00
   177.4000       2.85983948E-01       1.69800463E+02       2.52281727E-03       5.27692275E-01       1.85567828E-01       1.24107532E-04       2.57667625E+00       1.89440029E+00       1.29454488E+00
   177.5000       2.85984218E-01       1.69875065E+02       2.52503454E-03       5.28214644E-01       1.85538437E-01       1.24211403E-04       2.57718053E+00       1.89493573E+00       1.29479096E+00
   177.6000       2.85984469E-01       1.69950057E+02       2.52726440E-03       5.28739617E-01       1.85509063E-01       1.24346490E-04       2.57767645E+00       1.89556159E+00       1.29511096E+00
   177.7000       2.85984687E-01       1.70025477E+02       2.52950801E-03       5.29267171E-01       1.85479703E-01       1.24468770E-04       2.57817044E+00       1.89629825E+00       1.29540069E+00
   177.8000       2.85984856E-01       1.70101292E+02       2.53176434E-03       5.29797181E-01       1.85450359E-01       1.24595061E-04       2.57866901E+00       1.89713897E+00       1.29569993E+00
   177.9000       2.85985008E-01       1.70177548E+02       2.53403481E-03       5.30329710E-01       1.85421030E-01       1.24732616E-04       2.57917895E+00       1.89804688E+00       1.29602576E+00
   178.0000       2.85985119E-01       1.70254229E+02       2.53631898E-03       5.30864762E-01       1.85391715E-01       1.24865369E-04       2.57970772E+00       1.89898735E+00       1.29634021E+00
   178.1000       2.85985193E-01       1.70331358E+02       2.53861751E-03       5.31402391E-01       1.85362415E-01       1.25000374E-04       2.58026124E+00       1.89995599E+00       1.29665999E+00
   178.2000       2.85985234E-01       1.70408926E+02       2.54093017E-03       5.31942620E-01       1.85333126E-01       1.25151887E-04       2.58084441E+00       1.90096021E+00       1.29701891E+00
   178.3000       2.85985238E-01       1.70486956E+02       2.54325770E-03       5.32485467E-01       1.85303848E-01       1.25290628E-04       2.58146082E+00       1.90200596E+00       1.29734773E+00
   178.4000       2.85985199E-01       1.70565429E+02       2.54559949E-03       5.33030930E-01       1.85274581E-01       1.25433672E-04       2.58211378E+00       1.90310947E+00       1.29768677E+00
   178.5000       2.85985136E-01       1.70644360E+02       2.54795603E-03       5.33579081E-01       1.85245323E-01       1.25565307E-04       2.58280607E+00       1.90429143E+00       1.29799876E+00
   178.6000       2.85985028E-01       1.70723738E+02       2.55032704E-03       5.34129994E-01       1.85216075E-01       1.25699990E-04       2.58353775E+00       1.90555945E+00       1.29831791E+00
   178.7000       2.85984859E-01       1.70803573E+02       2.55271281E-03       5.34683798E-01       1.85186836E-01       1.25838122E-04       2.58430981E+00       1.90690607E+00       1.29864514E+00
   178.8000       2.85984706E-01       1.70883849E+02       2.55511286E-03       5.35240567E-01       1.85157606E-01       1.25984317E-04       2.58512499E+00       1.90832572E+00       1.29899148E+00
   178.9000       2.85984495E-01       1.70964550E+02       2.55752676E-03       5.35800156E-01       1.85128381E-01       1.26122420E-04       2.58598376E+00       1.90982331E+00       1.29931888E+00
   179.0000       2.85984279E-01       1.71045670E+02       2.55995435E-03       5.36362423E-01       1.85099159E-01       1.26269095E-04       2.58688605E+00       1.91139703E+00       1.29966678E+00
   179.1000       2.85984015E-01       1.71127179E+02       2.56239476E-03       5.36927089E-01       1.85069942E-01       1.26403610E-04       2.58783131E+00       1.91303762E+00       1.29998586E+00
   179.2000       2.85983734E-01       1.71209089E+02       2.56484830E-03       5.37494049E-01       1.85040730E-01       1.26555370E-04       2.58881822E+00       1.91474559E+00       1.30034554E+00
   179.3000       2.85983387E-01       1.71291381E+02       2.56731452E-03       5.38063207E-01       1.85011526E-01       1.26689578E-04       2.58984374E+00       1.91652831E+00       1.30066355E+00
   179.4000       2.85983051E-01       1.71374096E+02       2.56979455E-03       5.38634565E-01       1.84982328E-01       1.26834780E-04       2.59090444E+00       1.91837614E+00       1.30100755E+00
   179.5000       2.85982672E-01       1.71457225E+02       2.57228826E-03       5.39207977E-01       1.84953138E-01       1.26975395E-04       2.59199578E+00       1.92027392E+00       1.30134078E+00
   179.6000       2.85982264E-01       1.71540731E+02       2.57479445E-03       5.39783185E-01       1.84923955E-01       1.27115057E-04       2.59311215E+00       1.92221802E+00       1.30167173E+00
   179.7000       2.85981841E-01       1.71624649E+02       2.57731428E-03       5.40360142E-01       1.84894779E-01       1.27264206E-04       2.59424806E+00       1.92421409E+00       1.30202507E+00
   179.8000       2.85981381E-01       1.71708974E+02       2.57984752E-03       5.40938710E-01       1.84865611E-01       1.27410468E-04       2.59539756E+00       1.92627513E+00       1.30237155E+00
   179.9000       2.85980871E-01       1.71793699E+02       2.58239408E-03       5.41518821E-01       1.84836452E-01       1.27569432E-04       2.59655656E+00       1.92841773E+00       1.30274803E+00
   180.0000       2.85980366E-01       1.71878848E+02       2.58495461E-03       5.42100402E-01       1.84807302E-01       1.27707526E-04       2.59772126E+00       1.93065371E+00       1.30307510E+00
   180.1000       2.85979810E-01       1.71964361E+02       2.58752737E-03       5.42683293E-01       1.84778160E-01       1.27862174E-04       2.59888858E+00       1.93297875E+00       1.30344143E+00
   180.2000       2.85979249E-01       1.72050248E+02       2.59011270E-03       5.43267395E-01       1.84749026E-01       1.28007869E-04       2.60005496E+00       1.93538326E+00       1.30378663E+00
   180.3000       2.85978649E-01       1.72136520E+02       2.59271088E-03       5.43852656E-01       1.84719900E-01       1.28159530E-04       2.60121704E+00       1.93785643E+00       1.30414595E+00
   180.4000       2.85977996E-01       1.72223154E+02       2.59532129E-03       5.44439064E-01       1.84690782E-01       1.28307196E-04       2.60237353E+00       1.94038791E+00       1.30449581E+00
   180.5000       2.85977322E-01       1.72310160E+02       2.59794423E-03       5.45026681E-01       1.84661672E-01       1.28459316E-04       2.60352312E+00       1.94297160E+00       1.30485611E+00
   180.6000       2.85976620E-01       1.72397574E+02       2.60058080E-03       5.45615642E-01       1.84632571E-01       1.28608212E-04       2.60466478E+00       1.94560014E+00       1.30520878E+00
   180.7000       2.85975937E-01       1.72485345E+02       2.60322951E-03       5.46205879E-01       1.84603477E-01       1.28769634E-04       2.60579942E+00       1.94826397E+00       1.30559112E+00
   180.8000       2.85975162E-01       1.72573464E+02       2.60589005E-03       5.46797332E-01       1.84574389E-01       1.28924636E-04       2.60693044E+00       1.95096048E+00       1.30595836E+00
   180.9000       2.85974391E-01       1.72661944E+02       2.60856286E-03       5.47390030E-01       1.84545308E-01       1.29071465E-04       2.60806134E+00       1.95368637E+00       1.30630628E+00
   181.0000       2.85973580E-01       1.72750744E+02       2.61124672E-03       5.47983888E-01       1.84516231E-01       1.29218890E-04       2.60919354E+00       1.95643519E+00       1.30665561E+00
   181.1000       2.85972744E-01       1.72839891E+02       2.61394243E-03       5.48578963E-01       1.84487158E-01       1.29367252E-04       2.61032778E+00       1.95920216E+00       1.30700714E+00
   181.2000       2.85971898E-01       1.72929354E+02       2.61664913E-03       5.49175234E-01       1.84458088E-01       1.29519530E-04       2.61146661E+00       1.96197993E+00       1.30736801E+00
   181.3000       2.85971036E-01       1.73019138E+02       2.61936693E-03       5.49772752E-01       1.84429020E-01       1.29666749E-04       2.61261014E+00       1.96475658E+00       1.30771695E+00
   181.4000       2.85970143E-01       1.73109250E+02       2.62209608E-03       5.50371575E-01       1.84399953E-01       1.29823469E-04       2.61375648E+00       1.96752129E+00       1.30808836E+00
   181.5000       2.85969222E-01       1.73199672E+02       2.62483606E-03       5.50971773E-01       1.84370887E-01       1.29962892E-04       2.61490310E+00       1.97026540E+00       1.30841878E+00
   181.6000       2.85968261E-01       1.73290363E+02       2.62758563E-03       5.51573335E-01       1.84341821E-01       1.30108464E-04       2.61604709E+00       1.97297716E+00       1.30876376E+00
   181.7000       2.85967304E-01       1.73381341E+02       2.63034532E-03       5.52176360E-01       1.84312753E-01       1.30256632E-04       2.61718435E+00       1.97564362E+00       1.30911494E+00
   181.8000       2.85966328E-01       1.73472553E+02       2.63311359E-03       5.52780718E-01       1.84283682E-01       1.30395917E-04       2.61831223E+00       1.97825310E+00       1.30944512E+00
   181.9000       2.85965357E-01       1.73564018E+02       2.63589097E-03       5.53386373E-01       1.84254606E-01       1.30540867E-04       2.61942666E+00       1.98079897E+00       1.30978873E+00
   182.0000       2.85964370E-01       1.73655699E+02       2.63867640E-03       5.53993187E-01       1.84225523E-01       1.30680421E-04       2.62052527E+00       1.98327812E+00       1.31011957E+00
   182.1000       2.85963320E-01       1.73747579E+02       2.64146936E-03       5.54601007E-01       1.84196433E-01       1.30818974E-04       2.62160640E+00       1.98568854E+00       1.31044808E+00
   182.2000       2.85962304E-01       1.73839612E+02       2.64426844E-03       5.55209618E-01       1.84167334E-01       1.30950951E-04       2.62266914E+00       1.98802585E+00       1.31076102E+00
   182.3000       2.85961269E-01       1.73931792E+02       2.64707346E-03       5.55818894E-01       1.84138227E-01       1.31068896E-04       2.62371242E+00       1.99028517E+00       1.31104071E+00
   182.4000       2.85960210E-01       1.74024101E+02       2.64988392E-03       5.56428676E-01       1.84109111E-01       1.31198460E-04       2.62473387E+00       1.99246323E+00       1.31134781E+00
   182.5000       2.85959162E-01       1.74116573E+02       2.65270084E-03       5.57038976E-01       1.84079987E-01       1.31318407E-04       2.62573275E+00       1.99455854E+00       1.31163214E+00
   182.6000       2.85958106E-01       1.74209158E+02       2.65552269E-03       5.57649686E-01       1.84050855E-01       1.31433883E-04       2.62670986E+00       1.99657136E+00       1.31190582E+00
   182.7000       2.85957041E-01       1.74301859E+02       2.65834957E-03       5.58260770E-01       1.84021715E-01       1.31549901E-04       2.62766396E+00       1.99850334E+00       1.31218083E+00
   182.8000       2.85955982E-01       1.74394699E+02       2.66118222E-03       5.58872254E-01       1.83992565E-01       1.31661891E-04       2.62859234E+00       2.00035620E+00       1.31244629E+00
   182.9000       2.85954951E-01       1.74487642E+02       2.66401950E-03       5.59484083E-01       1.83963404E-01       1.31777674E-04       2.62949557E+00       2.00212899E+00       1.31272082E+00
   183.0000       2.85953904E-01       1.74580661E+02       2.66686063E-03       5.60096195E-01       1.83934233E-01       1.31877117E-04       2.63037501E+00       2.00381979E+00       1.31295664E+00
   183.1000       2.85952850E-01       1.74673765E+02       2.66970587E-03       5.60708622E-01       1.83905050E-01       1.31977394E-04       2.63122922E+00       2.00542750E+00       1.31319447E+00
   183.2000       2.85951846E-01       1.74766923E+02       2.67255428E-03       5.61321314E-01       1.83875855E-01       1.32085591E-04       2.63205576E+00       2.00694730E+00       1.31345108E+00
   183.3000       2.85950830E-01       1.74860168E+02       2.67540686E-03       5.61934354E-01       1.83846648E-01       1.32177431E-04       2.63285394E+00       2.00837367E+00       1.31366898E+00
   183.4000       2.85949850E-01       1.74953481E+02       2.67826305E-03       5.62547780E-01       1.83817430E-01       1.32267466E-04       2.63362429E+00       2.00970830E+00       1.31388258E+00
   183.5000       2.85948907E-01       1.75046842E+02       2.68112224E-03       5.63161638E-01       1.83788199E-01       1.32355432E-04       2.63436720E+00       2.01096315E+00       1.31409125E+00
   183.6000       2.85947950E-01       1.75140246E+02       2.68398424E-03       5.63776027E-01       1.83758957E-01       1.32463682E-04       2.63508292E+00       2.01215302E+00       1.31434789E+00
   183.7000       2.85947061E-01       1.75233666E+02       2.68684829E-03       5.64390991E-01       1.83729704E-01       1.32528655E-04       2.63577303E+00       2.01329270E+00       1.31450211E+00
   183.8000       2.85946178E-01       1.75327138E+02       2.68971548E-03       5.65006755E-01       1.83700439E-01       1.32608508E-04       2.63644011E+00       2.01438358E+00       1.31469150E+00
   183.9000       2.85945336E-01       1.75420618E+02       2.69258440E-03       5.65623337E-01       1.83671162E-01       1.32684429E-04       2.63708834E+00       2.01542183E+00       1.31487158E+00
   184.0000       2.85944525E-01       1.75514107E+02       2.69545516E-03       5.66240847E-01       1.83641872E-01       1.32760833E-04       2.63772169E+00       2.01640844E+00       1.31505280E+00
   184.1000       2.85943740E-01       1.75607588E+02       2.69832719E-03       5.66859374E-01       1.83612570E-01       1.32817225E-04       2.63834590E+00       2.01734973E+00       1.31518662E+00
   184.2000       2.85942999E-01       1.75701046E+02       2.70120003E-03       5.67478973E-01       1.83583254E-01       1.32893134E-04       2.63896526E+00       2.01825643E+00       1.31536664E+00
   184.3000       2.85942292E-01       1.75794467E+02       2.70407329E-03       5.68099713E-01       1.83553924E-01       1.32952693E-04       2.63958515E+00       2.01913829E+00       1.31550796E+00
   184.4000       2.85941642E-01       1.75887811E+02       2.70694567E-03       5.68721578E-01       1.83524580E-01       1.33011295E-04       2.64021157E+00       2.02000563E+00       1.31564703E+00
   184.5000       2.85941010E-01       1.75981043E+02       2.70981615E-03       5.69344491E-01       1.83495220E-01       1.33065461E-04       2.64085076E+00       2.02086483E+00       1.31577560E+00
   184.6000       2.85940430E-01       1.76074160E+02       2.71268462E-03       5.69968394E-01       1.83465844E-01       1.33108820E-04       2.64150671E+00       2.02172114E+00       1.31587860E+00
   184.7000       2.85939887E-01       1.76167086E+02       2.71554868E-03       5.70593133E-01       1.83436452E-01       1.33166206E-04       2.64218168E+00       2.02257756E+00       1.31601481E+00
   184.8000       2.85939425E-01       1.76259816E+02       2.71840825E-03       5.71218558E-01       1.83407044E-01       1.33207482E-04       2.64288033E+00       2.02342997E+00       1.31611291E+00
   184.9000       2.85938994E-01       1.76352276E+02       2.72126095E-03       5.71844369E-01       1.83377617E-01       1.33225409E-04       2.64360472E+00       2.02426855E+00       1.31615579E+00
   185.0000       2.85938650E-01       1.76444435E+02       2.72410588E-03       5.72470353E-01       1.83348174E-01       1.33259600E-04       2.64435405E+00       2.02508940E+00       1.31623716E+00
   185.1000       2.85938330E-01       1.76536250E+02       2.72694166E-03       5.73096273E-01       1.83318712E-01       1.33281714E-04       2.64512857E+00       2.02590562E+00       1.31629000E+00
   185.2000       2.85938076E-01       1.76627695E+02       2.72976749E-03       5.73721935E-01       1.83289232E-01       1.33305162E-04       2.64593008E+00       2.02672595E+00       1.31634604E+00
   185.3000       2.85937856E-01       1.76718718E+02       2.73258173E-03       5.74347149E-01       1.83259736E-01       1.33307588E-04       2.64675882E+00       2.02754047E+00       1.31635230E+00
   185.4000       2.85937737E-01       1.76809282E+02       2.73538320E-03       5.74971749E-01       1.83230224E-01       1.33344208E-04       2.64761521E+00       2.02833410E+00       1.31643946E+00
   185.5000       2.85937620E-01       1.76899418E+02       2.73817287E-03       5.75595739E-01       1.83200698E-01       1.33339365E-04       2.64849911E+00       2.02909861E+00       1.31642848E+00
   185.6000       2.85937608E-01       1.76989070E+02       2.74094897E-03       5.76218932E-01       1.83171159E-01       1.33348932E-04       2.64940881E+00       2.02983218E+00       1.31645161E+00
   185.7000       2.85937613E-01       1.77078249E+02       2.74371181E-03       5.76841261E-01       1.83141609E-01       1.33358965E-04       2.65034187E+00       2.03053837E+00       1.31647582E+00
   185.8000       2.85937694E-01       1.77166918E+02       2.74646021E-03       5.77462565E-01       1.83112049E-01       1.33377944E-04       2.65129664E+00       2.03123374E+00       1.31652121E+00
   185.9000       2.85937785E-01       1.77255096E+02       2.74919481E-03       5.78082764E-01       1.83082479E-01       1.33391550E-04       2.65227102E+00       2.03193518E+00       1.31655393E+00
   186.0000       2.85937940E-01       1.77342757E+02       2.75191467E-03       5.78701733E-01       1.83052902E-01       1.33414322E-04       2.65326214E+00       2.03264148E+00       1.31660834E+00
   186.1000       2.85938149E-01       1.77429947E+02       2.75462128E-03       5.79319444E-01       1.83023318E-01       1.33415126E-04       2.65426889E+00       2.03334178E+00       1.31661081E+00
   186.2000       2.85938373E-01       1.77516625E+02       2.75731331E-03       5.79935786E-01       1.82993728E-01       1.33443702E-04       2.65528710E+00       2.03403623E+00       1.31667898E+00
   186.3000       2.85938680E-01       1.77602820E+02       2.75999166E-03       5.80550774E-01       1.82964134E-01       1.33472392E-04       2.65631272E+00       2.03474006E+00       1.31674740E+00
   186.4000       2.85939009E-01       1.77688530E+02       2.76265621E-03       5.81164386E-01       1.82934537E-01       1.33500015E-04       2.65734526E+00       2.03546872E+00       1.31681328E+00
   186.5000       2.85939390E-01       1.77773742E+02       2.76530655E-03       5.81776639E-01       1.82904938E-01       1.33519741E-04       2.65838404E+00       2.03622122E+00       1.31686051E+00
   186.6000       2.85939817E-01       1.77858479E+02       2.76794337E-03       5.82387643E-01       1.82875338E-01       1.33548829E-04       2.65942801E+00       2.03698731E+00       1.31692987E+00
   186.7000       2.85940264E-01       1.77942784E+02       2.77056802E-03       5.82997544E-01       1.82845739E-01       1.33590536E-04       2.66047583E+00       2.03776137E+00       1.31702909E+00
   186.8000       2.85940764E-01       1.78026652E+02       2.77318028E-03       5.83606492E-01       1.82816142E-01       1.33627021E-04       2.66152581E+00       2.03853620E+00       1.31711585E+00
   186.9000       2.85941283E-01       1.78110110E+02       2.77578098E-03       5.84214657E-01       1.82786549E-01       1.33669872E-04       2.66257553E+00       2.03931351E+00       1.31721759E+00
   187.0000       2.85941813E-01       1.78193231E+02       2.77837240E-03       5.84822319E-01       1.82756960E-01       1.33706159E-04       2.66362393E+00       2.04010448E+00       1.31730379E+00
   187.1000       2.85942371E-01       1.78276036E+02       2.78095519E-03       5.85429636E-01       1.82727377E-01       1.33749597E-04       2.66467081E+00       2.04092381E+00       1.31740692E+00
   187.2000       2.85942991E-01       1.78358602E+02       2.78353172E-03       5.86036887E-01       1.82697801E-01       1.33810538E-04       2.66571366E+00       2.04178235E+00       1.31755148E+00
   187.3000       2.85943611E-01       1.78440970E+02       2.78610324E-03       5.86644226E-01       1.82668231E-01       1.33867106E-04       2.66674993E+00       2.04268429E+00       1.31768571E+00
   187.4000       2.85944233E-01       1.78523174E+02       2.78867081E-03       5.87251785E-01       1.82638669E-01       1.33917337E-04       2.66777920E+00       2.04363171E+00       1.31780498E+00
   187.5000       2.85944919E-01       1.78605272E+02       2.79123627E-03       5.87859596E-01       1.82609116E-01       1.33982278E-04       2.66880067E+00       2.04461780E+00       1.31795910E+00
   187.6000       2.85945606E-01       1.78687368E+02       2.79380284E-03       5.88467840E-01       1.82579572E-01       1.34063492E-04       2.66981039E+00       2.04563055E+00       1.31815175E+00
   187.7000       2.85946299E-01       1.78769484E+02       2.79637125E-03       5.89076599E-01       1.82550040E-01       1.34107225E-04       2.67080511E+00       2.04666607E+00       1.31825578E+00
   187.8000       2.85947001E-01       1.78851653E+02       2.79894246E-03       5.89685851E-01       1.82520520E-01       1.34184465E-04       2.67178377E+00       2.04773214E+00       1.31843911E+00
   187.9000       2.85947743E-01       1.78933886E+02       2.80151687E-03       5.90295438E-01       1.82491012E-01       1.34268431E-04       2.67274702E+00       2.04884742E+00       1.31863844E+00
   188.0000       2.85948479E-01       1.79016250E+02       2.80409656E-03       5.90905220E-01       1.82461517E-01       1.34353176E-04       2.67369277E+00       2.05002343E+00       1.31883965E+00
   188.1000       2.85949242E-01       1.79098772E+02       2.80668239E-03       5.91515011E-01       1.82432033E-01       1.34441169E-04       2.67462025E+00       2.05126662E+00       1.31904856E+00
   188.2000       2.85949973E-01       1.79181483E+02       2.80927535E-03       5.92124734E-01       1.82402559E-01       1.34528852E-04       2.67553139E+00       2.05259006E+00       1.31925666E+00
   188.3000       2.85950724E-01       1.79264456E+02       2.81187772E-03       5.92734544E-01       1.82373097E-01       1.34622615E-04       2.67642712E+00       2.05400066E+00       1.31947912E+00
   188.4000       2.85951461E-01       1.79347672E+02       2.81448889E-03       5.93344728E-01       1.82343645E-01       1.34724319E-04       2.67730764E+00       2.05547547E+00       1.31972025E+00
   188.5000       2.85952204E-01       1.79431210E+02       2.81711143E-03       5.93955989E-01       1.82314205E-01       1.34832501E-04       2.67817599E+00       2.05696146E+00       1.31997656E+00
   188.6000       2.85952926E-01       1.79515110E+02       2.81974652E-03       5.94568892E-01       1.82284775E-01       1.34937396E-04       2.67903349E+00       2.05841537E+00       1.32022499E+00
   188.7000       2.85953715E-01       1.79599339E+02       2.82239324E-03       5.95183635E-01       1.82255356E-01       1.35050691E-04       2.67988104E+00       2.05983159E+00       1.32049326E+00
   188.8000       2.85954427E-01       1.79683936E+02       2.82505274E-03       5.95800275E-01       1.82225949E-01       1.35168395E-04       2.68071984E+00       2.06122299E+00       1.32077199E+00
   188.9000       2.85955162E-01       1.79768857E+02       2.82772366E-03       5.96418680E-01       1.82196554E-01       1.35277822E-04       2.68154953E+00       2.06260631E+00       1.32103118E+00
   189.0000       2.85955895E-01       1.79854073E+02       2.83040515E-03       5.97038749E-01       1.82167172E-01       1.35385625E-04       2.68237288E+00       2.06398171E+00       1.32128643E+00
   189.1000       2.85956627E-01       1.79939623E+02       2.83309844E-03       5.97660564E-01       1.82137806E-01       1.35509037E-04       2.68319261E+00       2.06533099E+00       1.32157858E+00
   189.2000       2.85957357E-01       1.80025500E+02       2.83580332E-03       5.98284069E-01       1.82108457E-01       1.35620397E-04       2.68400718E+00       2.06662986E+00       1.32184215E+00
   189.3000       2.85958060E-01       1.80111727E+02       2.83852050E-03       5.98909051E-01       1.82079125E-01       1.35741841E-04       2.68481775E+00       2.06786104E+00       1.32212950E+00
   189.4000       2.85958753E-01       1.80198290E+02       2.84124958E-03       5.99535298E-01       1.82049810E-01       1.35858541E-04       2.68562558E+00       2.06901658E+00       1.32240560E+00
   189.5000       2.85959441E-01       1.80285273E+02       2.84399322E-03       6.00162860E-01       1.82020512E-01       1.35973052E-04       2.68642979E+00       2.07011569E+00       1.32267659E+00
   189.6000       2.85960108E-01       1.80372735E+02       2.84675330E-03       6.00792042E-01       1.81991229E-01       1.36107872E-04       2.68723016E+00       2.07119326E+00       1.32299570E+00
   189.7000       2.85960784E-01       1.80460726E+02       2.84953144E-03       6.01423367E-01       1.81961960E-01       1.36224869E-04       2.68802716E+00       2.07226542E+00       1.32327278E+00
   189.8000       2.85961424E-01       1.80549238E+02       2.85232741E-03       6.02057369E-01       1.81932705E-01       1.36345952E-04       2.68882134E+00       2.07333228E+00       1.32355960E+00
   189.9000       2.85962061E-01       1.80638243E+02       2.85514031E-03       6.02694357E-01       1.81903462E-01       1.36470493E-04       2.68961116E+00       2.07438491E+00       1.32385475E+00
   190.0000       2.85962700E-01       1.80727717E+02       2.85796942E-03       6.03334407E-01       1.81874231E-01       1.36593516E-04       2.69039363E+00       2.07541506E+00       1.32414640E+00
   190.1000       2.85963349E-01       1.80817594E+02       2.86081269E-03       6.03977397E-01       1.81845012E-01       1.36726063E-04       2.69117014E+00       2.07642084E+00       1.32446055E+00
   190.2000       2.85963981E-01       1.80907874E+02       2.86367014E-03       6.04623321E-01       1.81815806E-01       1.36831143E-04       2.69194270E+00       2.07740929E+00       1.32470965E+00
   190.3000       2.85964546E-01       1.80998509E+02       2.86654026E-03       6.05272195E-01       1.81786614E-01       1.36925683E-04       2.69270897E+00       2.07839314E+00       1.32493373E+00
   190.4000       2.85965176E-01       1.81089480E+02       2.86942248E-03       6.05924184E-01       1.81757434E-01       1.37045775E-04       2.69346734E+00       2.07938015E+00       1.32521828E+00
   190.5000       2.85965791E-01       1.81180768E+02       2.87231619E-03       6.06579262E-01       1.81728266E-01       1.37132799E-04       2.69421832E+00       2.08036336E+00       1.32542457E+00
   190.6000       2.85966389E-01       1.81272288E+02       2.87521872E-03       6.07236971E-01       1.81699110E-01       1.37248419E-04       2.69496302E+00       2.08132445E+00       1.32569857E+00
   190.7000       2.85966984E-01       1.81363996E+02       2.87812867E-03       6.07896760E-01       1.81669964E-01       1.37326085E-04       2.69570076E+00       2.08225269E+00       1.32588280E+00
   190.8000       2.85967593E-01       1.81455819E+02       2.88104376E-03       6.08558213E-01       1.81640829E-01       1.37410042E-04       2.69642909E+00       2.08315340E+00       1.32608200E+00
   190.9000       2.85968199E-01       1.81547746E+02       2.88396361E-03       6.09221397E-01       1.81611704E-01       1.37495998E-04       2.69714657E+00       2.08403837E+00       1.32628599E+00
   191.0000       2.85968824E-01       1.81639728E+02       2.88688671E-03       6.09886662E-01       1.81582587E-01       1.37587068E-04       2.69785302E+00       2.08492062E+00       1.32650229E+00
   191.1000       2.85969414E-01       1.81731770E+02       2.88981318E-03       6.10554514E-01       1.81553480E-01       1.37648418E-04       2.69854450E+00       2.08580860E+00       1.32664817E+00
   191.2000       2.85970046E-01       1.81823808E+02       2.89274100E-03       6.11225270E-01       1.81524384E-01       1.37710487E-04       2.69922142E+00       2.08669875E+00       1.32679555E+00
   191.3000       2.85970657E-01       1.81915957E+02       2.89567385E-03       6.11899649E-01       1.81495300E-01       1.37783896E-04       2.69988492E+00       2.08757672E+00       1.32696965E+00
   191.4000       2.85971308E-01       1.82008240E+02       2.89861246E-03       6.12577823E-01       1.81466227E-01       1.37848096E-04       2.70053544E+00       2.08843242E+00       1.32712193E+00
   191.5000       2.85971942E-01       1.82100658E+02       2.90155685E-03       6.13259299E-01       1.81437166E-01       1.37915421E-04       2.70117096E+00       2.08926310E+00       1.32728166E+00
   191.6000       2.85972604E-01       1.82193226E+02       2.90450752E-03       6.13943966E-01       1.81408116E-01       1.37990202E-04       2.70179052E+00       2.09006903E+00       1.32745909E+00
   191.7000       2.85973269E-01       1.82285936E+02       2.90746421E-03       6.14631912E-01       1.81379078E-01       1.38062580E-04       2.70239631E+00       2.09085189E+00       1.32763072E+00
   191.8000       2.85973912E-01       1.82378777E+02       2.91042662E-03       6.15322745E-01       1.81350053E-01       1.38128825E-04       2.70298826E+00       2.09161008E+00       1.32778789E+00
   191.9000       2.85974589E-01       1.82471731E+02       2.91339410E-03       6.16015967E-01       1.81321040E-01       1.38189895E-04       2.70356587E+00       2.09234941E+00       1.32793278E+00
   192.0000       2.85975262E-01       1.82564775E+02       2.91636600E-03       6.16711402E-01       1.81292037E-01       1.38257151E-04       2.70413085E+00       2.09307298E+00       1.32809219E+00
   192.1000       2.85975900E-01       1.82657860E+02       2.91934070E-03       6.17408968E-01       1.81263046E-01       1.38312382E-04       2.70468094E+00       2.09378239E+00       1.32822305E+00
   192.2000       2.85976572E-01       1.82750953E+02       2.92231719E-03       6.18108684E-01       1.81234066E-01       1.38391529E-04       2.70521366E+00       2.09447561E+00       1.32841044E+00
   192.3000       2.85977223E-01       1.82844020E+02       2.92529437E-03       6.18810523E-01       1.81205097E-01       1.38434548E-04       2.70573028E+00       2.09514443E+00       1.32851226E+00
   192.4000       2.85977887E-01       1.82937053E+02       2.92827197E-03       6.19514418E-01       1.81176139E-01       1.38496437E-04       2.70623280E+00       2.09578270E+00       1.32865878E+00
   192.5000       2.85978576E-01       1.83030002E+02       2.93124838E-03       6.20220163E-01       1.81147189E-01       1.38546880E-04       2.70672069E+00       2.09639579E+00       1.32877828E+00
   192.6000       2.85979251E-01       1.83122772E+02       2.93422060E-03       6.20927326E-01       1.81118248E-01       1.38614032E-04       2.70719399E+00       2.09699182E+00       1.32893744E+00
   192.7000       2.85979922E-01       1.83215358E+02       2.93718839E-03       6.21635559E-01       1.81089312E-01       1.38664636E-04       2.70765374E+00       2.09757624E+00       1.32905751E+00
   192.8000       2.85980628E-01       1.83307685E+02       2.94014939E-03       6.22344348E-01       1.81060381E-01       1.38724796E-04       2.70809919E+00       2.09816243E+00       1.32920038E+00
   192.9000       2.85981344E-01       1.83399734E+02       2.94310297E-03       6.23053250E-01       1.81031454E-01       1.38789809E-04       2.70852841E+00       2.09876068E+00       1.32935485E+00
   193.0000       2.85982036E-01       1.83491467E+02       2.94604786E-03       6.23761767E-01       1.81002531E-01       1.38818175E-04       2.70894322E+00       2.09936755E+00       1.32942274E+00
   193.1000       2.85982780E-01       1.83582866E+02       2.94898352E-03       6.24469395E-01       1.80973610E-01       1.38874414E-04       2.70934724E+00       2.09996850E+00       1.32955664E+00
   193.2000       2.85983533E-01       1.83673926E+02       2.95190973E-03       6.25175665E-01       1.80944692E-01       1.38933349E-04       2.70974220E+00       2.10055503E+00       1.32969692E+00
   193.3000       2.85984308E-01       1.83764586E+02       2.95482453E-03       6.25880058E-01       1.80915779E-01       1.38977907E-04       2.71012564E+00       2.10112645E+00       1.32980317E+00
   193.4000       2.85985073E-01       1.83854870E+02       2.95772865E-03       6.26582262E-01       1.80886871E-01       1.39022508E-04       2.71050131E+00       2.10168928E+00       1.32990937E+00
   193.5000       2.85985866E-01       1.83944777E+02       2.96062210E-03       6.27282022E-01       1.80857971E-01       1.39059964E-04       2.71087385E+00       2.10225788E+00       1.32999855E+00
   193.6000       2.85986695E-01       1.84034305E+02       2.96350472E-03       6.27979137E-01       1.80829079E-01       1.39099921E-04       2.71124436E+00       2.10284006E+00       1.33009355E+00
   193.7000       2.85987505E-01       1.84123465E+02       2.96637692E-03       6.28673627E-01       1.80800197E-01       1.39131231E-04       2.71161864E+00       2.10344191E+00       1.33016796E+00
   193.8000       2.85988331E-01       1.84212284E+02       2.96923950E-03       6.29365489E-01       1.80771326E-01       1.39197965E-04       2.71199978E+00       2.10406638E+00       1.33032609E+00
   193.9000       2.85989137E-01       1.84300759E+02       2.97209234E-03       6.30054738E-01       1.80742466E-01       1.39230853E-04       2.71238845E+00       2.10470785E+00       1.33040404E+00
   194.0000       2.85990017E-01       1.84388851E+02       2.97493425E-03       6.30741290E-01       1.80713620E-01       1.39277757E-04       2.71278736E+00       2.10535918E+00       1.33051513E+00
   194.1000       2.85990842E-01       1.84476636E+02       2.97776755E-03       6.31425153E-01       1.80684787E-01       1.39311630E-04       2.71319992E+00       2.10602126E+00       1.33059532E+00
   194.2000       2.85991725E-01       1.84564082E+02       2.98059129E-03       6.32106013E-01       1.80655969E-01       1.39349600E-04       2.71362194E+00       2.10669378E+00       1.33068520E+00
   194.3000       2.85992570E-01       1.84651166E+02       2.98340465E-03       6.32783430E-01       1.80627165E-01       1.39396982E-04       2.71405379E+00       2.10737205E+00       1.33079741E+00
   194.4000       2.85993410E-01       1.84737922E+02       2.98620872E-03       6.33457070E-01       1.80598377E-01       1.39425935E-04       2.71449776E+00       2.10804836E+00       1.33086600E+00
   194.5000       2.85994310E-01       1.84824321E+02       2.98900260E-03       6.34126592E-01       1.80569605E-01       1.39478402E-04       2.71495393E+00       2.10871734E+00       1.33099021E+00
   194.6000       2.85995152E-01       1.84910363E+02       2.99178620E-03       6.34791851E-01       1.80540850E-01       1.39525245E-04       2.71541992E+00       2.10937594E+00       1.33110108E+00
   194.7000       2.85996028E-01       1.84996038E+02       2.99455924E-03       6.35452720E-01       1.80512112E-01       1.39574947E-04       2.71589326E+00       2.11002271E+00       1.33121882E+00
   194.8000       2.85996898E-01       1.85081309E+02       2.99732046E-03       6.36109067E-01       1.80483391E-01       1.39599683E-04       2.71637805E+00       2.11066201E+00       1.33127757E+00
   194.9000       2.85997737E-01       1.85166205E+02       3.00007082E-03       6.36760959E-01       1.80454687E-01       1.39641758E-04       2.71687416E+00       2.11129965E+00       1.33137743E+00
   195.0000       2.85998558E-01       1.85250702E+02       3.00280947E-03       6.37408285E-01       1.80426000E-01       1.39694172E-04       2.71737903E+00       2.11194175E+00       1.33150178E+00
   195.1000       2.85999413E-01       1.85334799E+02       3.00553643E-03       6.38050954E-01       1.80397332E-01       1.39737906E-04       2.71789324E+00       2.11259019E+00       1.33160553E+00
   195.2000       2.86000220E-01       1.85418586E+02       3.00825454E-03       6.38688993E-01       1.80368682E-01       1.39793861E-04       2.71841903E+00       2.11324518E+00       1.33173819E+00
   195.3000       2.86001025E-01       1.85502060E+02       3.01096375E-03       6.39322112E-01       1.80340053E-01       1.39838291E-04       2.71895478E+00       2.11390758E+00       1.33184356E+00
   195.4000       2.86001799E-01       1.85585229E+02       3.01366427E-03       6.39949999E-01       1.80311443E-01       1.39907860E-04       2.71950073E+00       2.11457240E+00       1.33200845E+00
   195.5000       2.86002540E-01       1.85668093E+02       3.01635605E-03       6.40572462E-01       1.80282853E-01       1.39946226E-04       2.72006027E+00       2.11523690E+00       1.33209954E+00
   195.6000       2.86003324E-01       1.85750688E+02       3.01904033E-03       6.41189658E-01       1.80254283E-01       1.40016425E-04       2.72063339E+00       2.11590314E+00       1.33226600E+00
   195.7000       2.86004019E-01       1.85833023E+02       3.02171734E-03       6.41801871E-01       1.80225733E-01       1.40045381E-04       2.72121986E+00       2.11657555E+00       1.33233488E+00
   195.8000       2.86004769E-01       1.85915133E+02       3.02438821E-03       6.42409399E-01       1.80197204E-01       1.40114662E-04       2.72182111E+00       2.11726353E+00       1.33249916E+00
   195.9000       2.86005466E-01       1.85996974E+02       3.02705150E-03       6.43012147E-01       1.80168697E-01       1.40169161E-04       2.72243851E+00       2.11796690E+00       1.33262841E+00
   196.0000       2.86006139E-01       1.86078592E+02       3.02970872E-03       6.43609966E-01       1.80140214E-01       1.40228943E-04       2.72307506E+00       2.11868120E+00       1.33277009E+00
   196.1000       2.86006767E-01       1.86160045E+02       3.03236170E-03       6.44202881E-01       1.80111754E-01       1.40287085E-04       2.72373269E+00       2.11940747E+00       1.33290792E+00
   196.2000       2.86007408E-01       1.86241328E+02       3.03501033E-03       6.44791155E-01       1.80083319E-01       1.40361612E-04       2.72440596E+00       2.12014258E+00       1.33308464E+00
   196.3000       2.86007999E-01       1.86322487E+02       3.03765605E-03       6.45375379E-01       1.80054908E-01       1.40414596E-04       2.72509760E+00       2.12088919E+00       1.33321047E+00
   196.4000       2.86008588E-01       1.86403553E+02       3.04029989E-03       6.45955971E-01       1.80026521E-01       1.40488491E-04       2.72581247E+00       2.12164852E+00       1.33338595E+00
   196.5000       2.86009143E-01       1.86484592E+02       3.04294403E-03       6.46533025E-01       1.79998160E-01       1.40575088E-04       2.72654687E+00       2.12241391E+00       1.33359122E+00
   196.6000       2.86009653E-01       1.86565658E+02       3.04559016E-03       6.47106632E-01       1.79969829E-01       1.40625849E-04       2.72730162E+00       2.12318131E+00       1.33371139E+00
   196.7000       2.86010135E-01       1.86646757E+02       3.04823853E-03       6.47677038E-01       1.79941528E-01       1.40709875E-04       2.72807792E+00       2.12394450E+00       1.33391019E+00
   196.8000       2.86010596E-01       1.86727930E+02       3.05089048E-03       6.48244603E-01       1.79913259E-01       1.40780228E-04       2.72887482E+00       2.12469997E+00       1.33407679E+00
   196.9000       2.86011005E-01       1.86809213E+02       3.05354717E-03       6.48809663E-01       1.79885021E-01       1.40860207E-04       2.72968965E+00       2.12544779E+00       1.33426605E+00
   197.0000       2.86011387E-01       1.86890673E+02       3.05621082E-03       6.49372594E-01       1.79856819E-01       1.40926399E-04       2.73052403E+00       2.12618122E+00       1.33442237E+00
   197.1000       2.86011760E-01       1.86972295E+02       3.05888092E-03       6.49933730E-01       1.79828653E-01       1.41016410E-04       2.73137231E+00       2.12689238E+00       1.33463477E+00
   197.2000       2.86012058E-01       1.87054182E+02       3.06156088E-03       6.50493528E-01       1.79800526E-01       1.41100659E-04       2.73222557E+00       2.12758536E+00       1.33483343E+00
   197.3000       2.86012295E-01       1.87136373E+02       3.06425194E-03       6.51052318E-01       1.79772436E-01       1.41180947E-04       2.73308197E+00       2.12826942E+00       1.33502273E+00
   197.4000       2.86012528E-01       1.87218853E+02       3.06695367E-03       6.51610266E-01       1.79744381E-01       1.41265083E-04       2.73393908E+00       2.12895175E+00       1.33522120E+00
   197.5000       2.86012705E-01       1.87301630E+02       3.06966629E-03       6.52167617E-01       1.79716361E-01       1.41352631E-04       2.73478966E+00       2.12963168E+00       1.33542770E+00
   197.6000       2.86012817E-01       1.87384747E+02       3.07239131E-03       6.52724698E-01       1.79688374E-01       1.41455596E-04       2.73562935E+00       2.13030963E+00       1.33567076E+00
   197.7000       2.86012893E-01       1.87468152E+02       3.07512695E-03       6.53281699E-01       1.79660416E-01       1.41539339E-04       2.73645686E+00       2.13098593E+00       1.33586838E+00
   197.8000       2.86012952E-01       1.87551825E+02       3.07787261E-03       6.53838831E-01       1.79632486E-01       1.41627526E-04       2.73726554E+00       2.13166002E+00       1.33607659E+00
   197.9000       2.86012927E-01       1.87635769E+02       3.08062839E-03       6.54396304E-01       1.79604581E-01       1.41711571E-04       2.73805354E+00       2.13233382E+00       1.33627506E+00
   198.0000       2.86012929E-01       1.87720032E+02       3.08339591E-03       6.54954387E-01       1.79576697E-01       1.41822051E-04       2.73882164E+00       2.13300615E+00       1.33653619E+00
   198.1000       2.86012881E-01       1.87804579E+02       3.08617399E-03       6.55513168E-01       1.79548833E-01       1.41919824E-04       2.73956746E+00       2.13367286E+00       1.33676731E+00
   198.2000       2.86012779E-01       1.87889426E+02       3.08896319E-03       6.56072834E-01       1.79520987E-01       1.42015043E-04       2.74028470E+00       2.13433029E+00       1.33699241E+00
   198.3000       2.86012682E-01       1.87974577E+02       3.09176363E-03       6.56633492E-01       1.79493156E-01       1.42111140E-04       2.74096700E+00       2.13497453E+00       1.33721962E+00
   198.4000       2.86012538E-01       1.88060022E+02       3.09457503E-03       6.57195293E-01       1.79465339E-01       1.42205934E-04       2.74161331E+00       2.13560550E+00       1.33744388E+00
   198.5000       2.86012384E-01       1.88145853E+02       3.09740041E-03       6.57758523E-01       1.79437533E-01       1.42326544E-04       2.74221854E+00       2.13622962E+00       1.33772931E+00
   198.6000       2.86012217E-01       1.88232000E+02       3.10023751E-03       6.58323283E-01       1.79409737E-01       1.42438752E-04       2.74277476E+00       2.13684749E+00       1.33799494E+00
   198.7000       2.86012016E-01       1.88318527E+02       3.10308840E-03       6.58889861E-01       1.79381951E-01       1.42561757E-04       2.74328346E+00       2.13745873E+00       1.33828616E+00
   198.8000       2.86011797E-01       1.88405364E+02       3.10595086E-03       6.59458397E-01       1.79354174E-01       1.42657573E-04       2.74373944E+00       2.13805209E+00       1.33851299E+00
   198.9000       2.86011524E-01       1.88492567E+02       3.10882669E-03       6.60029196E-01       1.79326406E-01       1.42764983E-04       2.74413342E+00       2.13861538E+00       1.33876725E+00
   199.0000       2.86011257E-01       1.88580102E+02       3.11171482E-03       6.60602438E-01       1.79298646E-01       1.42881253E-04       2.74446529E+00       2.13915047E+00       1.33904245E+00
   199.1000       2.86010979E-01       1.88668024E+02       3.11461704E-03       6.61178437E-01       1.79270895E-01       1.43001363E-04       2.74473662E+00       2.13966314E+00       1.33932656E+00
   199.2000       2.86010657E-01       1.88756252E+02       3.11753073E-03       6.61757355E-01       1.79243152E-01       1.43113911E-04       2.74493886E+00       2.14016059E+00       1.33959273E+00
   199.3000       2.86010308E-01       1.88844844E+02       3.12045781E-03       6.62339541E-01       1.79215417E-01       1.43227164E-04       2.74506864E+00       2.14064554E+00       1.33986043E+00
   199.4000       2.86009937E-01       1.88933708E+02       3.12339527E-03       6.62925068E-01       1.79187690E-01       1.43329407E-04       2.74512612E+00       2.14111629E+00       1.34010199E+00
   199.5000       2.86009568E-01       1.89022854E+02       3.12634345E-03       6.63514004E-01       1.79159969E-01       1.43444812E-04       2.74511572E+00       2.14157421E+00       1.34037462E+00
   199.6000       2.86009112E-01       1.89112261E+02       3.12930165E-03       6.64106297E-01       1.79132253E-01       1.43544513E-04       2.74503692E+00       2.14202287E+00       1.34061004E+00
   199.7000       2.86008646E-01       1.89201879E+02       3.13226820E-03       6.64701765E-01       1.79104541E-01       1.43639603E-04       2.74489018E+00       2.14245570E+00       1.34083456E+00
   199.8000       2.86008210E-01       1.89291675E+02       3.13524209E-03       6.65300167E-01       1.79076832E-01       1.43748078E-04       2.74468282E+00       2.14287265E+00       1.34109080E+00
   199.9000       2.86007739E-01       1.89381610E+02       3.13822198E-03       6.65901231E-01       1.79049123E-01       1.43842378E-04       2.74441509E+00       2.14328699E+00       1.34131355E+00
   200.0000       2.86007209E-01       1.89471683E+02       3.14120787E-03       6.66504737E-01       1.79021414E-01       1.43942313E-04       2.74409090E+00       2.14370834E+00       1.34154973E+00
   200.1000       2.86006686E-01       1.89561848E+02       3.14419824E-03       6.67110459E-01       1.78993702E-01       1.44036125E-04       2.74372059E+00       2.14412919E+00       1.34177146E+00
   200.2000       2.86006182E-01       1.89652110E+02       3.14719326E-03       6.67718323E-01       1.78965987E-01       1.44138668E-04       2.74330456E+00       2.14453358E+00       1.34201393E+00
   200.3000       2.86005641E-01       1.89742388E+02       3.15019021E-03       6.68328069E-01       1.78938268E-01       1.44224880E-04       2.74284139E+00       2.14493074E+00       1.34221779E+00
   200.4000       2.86005100E-01       1.89832714E+02       3.15319019E-03       6.68939681E-01       1.78910544E-01       1.44297659E-04       2.74233496E+00       2.14535179E+00       1.34238985E+00
   200.5000       2.86004555E-01       1.89923075E+02       3.15619277E-03       6.69553106E-01       1.78882814E-01       1.44391063E-04       2.74179088E+00       2.14580592E+00       1.34261072E+00
   200.6000       2.86004001E-01       1.90013422E+02       3.15919630E-03       6.70168291E-01       1.78855079E-01       1.44472723E-04       2.74120980E+00       2.14626638E+00       1.34280380E+00
   200.7000       2.86003457E-01       1.90103750E+02       3.16220063E-03       6.70785165E-01       1.78827338E-01       1.44553125E-04       2.74058851E+00       2.14673812E+00       1.34299389E+00
   200.8000       2.86002928E-01       1.90194063E+02       3.16520589E-03       6.71403758E-01       1.78799589E-01       1.44630273E-04       2.73992941E+00       2.14724983E+00       1.34317626E+00
   200.9000       2.86002375E-01       1.90284294E+02       3.16820984E-03       6.72023966E-01       1.78771833E-01       1.44685351E-04       2.73923140E+00       2.14780626E+00       1.34330642E+00
   201.0000       2.86001839E-01       1.90374458E+02       3.17121301E-03       6.72645779E-01       1.78744069E-01       1.44752333E-04       2.73849317E+00       2.14838647E+00       1.34346472E+00
   201.1000       2.86001329E-01       1.90464547E+02       3.17421508E-03       6.73269202E-01       1.78716296E-01       1.44814514E-04       2.73771713E+00       2.14899382E+00       1.34361171E+00
   201.2000       2.86000811E-01       1.90554570E+02       3.17721637E-03       6.73894270E-01       1.78688514E-01       1.44878460E-04       2.73690323E+00       2.14964509E+00       1.34376291E+00
   201.3000       2.86000317E-01       1.90644490E+02       3.18021562E-03       6.74520998E-01       1.78660721E-01       1.44932422E-04       2.73605092E+00       2.15033205E+00       1.34389058E+00
   201.4000       2.85999801E-01       1.90734316E+02       3.18321320E-03       6.75149443E-01       1.78632916E-01       1.44972577E-04       2.73516343E+00       2.15102757E+00       1.34398564E+00
   201.5000       2.85999335E-01       1.90824018E+02       3.18620802E-03       6.75779646E-01       1.78605101E-01       1.45022136E-04       2.73424564E+00       2.15172200E+00       1.34410302E+00
   201.6000       2.85998867E-01       1.90913591E+02       3.18919993E-03       6.76411640E-01       1.78577275E-01       1.45078376E-04       2.73329837E+00       2.15242214E+00       1.34423622E+00
   201.7000       2.85998425E-01       1.91003051E+02       3.19218947E-03       6.77045499E-01       1.78549439E-01       1.45123562E-04       2.73232621E+00       2.15312547E+00       1.34434331E+00
   201.8000       2.85997974E-01       1.91092360E+02       3.19517537E-03       6.77681224E-01       1.78521594E-01       1.45156942E-04       2.73133172E+00       2.15382604E+00       1.34442244E+00
   201.9000       2.85997562E-01       1.91181550E+02       3.19815869E-03       6.78318898E-01       1.78493742E-01       1.45214649E-04       2.73032194E+00       2.15452659E+00       1.34455912E+00
   202.0000       2.85997177E-01       1.91270615E+02       3.20113923E-03       6.78958492E-01       1.78465884E-01       1.45266436E-04       2.72930420E+00       2.15522848E+00       1.34468175E+00
   202.1000       2.85996783E-01       1.91359530E+02       3.20411612E-03       6.79599911E-01       1.78438022E-01       1.45316219E-04       2.72828013E+00       2.15592154E+00       1.34479958E+00
   202.2000       2.85996388E-01       1.91448334E+02       3.20709065E-03       6.80243187E-01       1.78410158E-01       1.45341806E-04       2.72725823E+00       2.15660032E+00       1.34486006E+00
   202.3000       2.85996022E-01       1.91537011E+02       3.21006231E-03       6.80888283E-01       1.78382293E-01       1.45390571E-04       2.72624688E+00       2.15725822E+00       1.34497525E+00
   202.4000       2.85995675E-01       1.91625539E+02       3.21303037E-03       6.81535086E-01       1.78354429E-01       1.45429429E-04       2.72525306E+00       2.15788715E+00       1.34506687E+00
   202.5000       2.85995309E-01       1.91713876E+02       3.21599341E-03       6.82183465E-01       1.78326566E-01       1.45465525E-04       2.72427757E+00       2.15848706E+00       1.34515209E+00
   202.6000       2.85994985E-01       1.91802053E+02       3.21895240E-03       6.82833183E-01       1.78298704E-01       1.45485398E-04       2.72332754E+00       2.15905574E+00       1.34519916E+00
   202.7000       2.85994667E-01       1.91890027E+02       3.22190596E-03       6.83483822E-01       1.78270843E-01       1.45529526E-04       2.72241064E+00       2.15959609E+00       1.34530365E+00
   202.8000       2.85994347E-01       1.91977729E+02       3.22485173E-03       6.84135032E-01       1.78242985E-01       1.45587757E-04       2.72153301E+00       2.16011268E+00       1.34544136E+00
   202.9000       2.85994027E-01       1.92065235E+02       3.22779228E-03       6.84786770E-01       1.78215133E-01       1.45607107E-04       2.72070188E+00       2.16060579E+00       1.34548702E+00
   203.0000       2.85993714E-01       1.92152507E+02       3.23072629E-03       6.85438747E-01       1.78187288E-01       1.45642374E-04       2.71993213E+00       2.16107085E+00       1.34557024E+00
   203.1000       2.85993442E-01       1.92239540E+02       3.23365357E-03       6.86090695E-01       1.78159450E-01       1.45670794E-04       2.71923430E+00       2.16150341E+00       1.34563731E+00
   203.2000       2.85993096E-01       1.92326312E+02       3.23657340E-03       6.86742255E-01       1.78131620E-01       1.45699150E-04       2.71861314E+00       2.16191104E+00       1.34570422E+00
   203.3000       2.85992796E-01       1.92412823E+02       3.23948577E-03       6.87393043E-01       1.78103799E-01       1.45730036E-04       2.71807227E+00       2.16230027E+00       1.34577716E+00
   203.4000       2.85992489E-01       1.92499053E+02       3.24238998E-03       6.88042689E-01       1.78075987E-01       1.45773790E-04       2.71761981E+00       2.16267759E+00       1.34588065E+00
   203.5000       2.85992213E-01       1.92584993E+02       3.24528571E-03       6.88690851E-01       1.78048186E-01       1.45802056E-04       2.71726503E+00       2.16305291E+00       1.34594754E+00
   203.6000       2.85991865E-01       1.92670702E+02       3.24817495E-03       6.89337349E-01       1.78020395E-01       1.45841216E-04       2.71700419E+00       2.16342879E+00       1.34604022E+00
   203.7000       2.85991551E-01       1.92756130E+02       3.25105601E-03       6.89981940E-01       1.77992617E-01       1.45873702E-04       2.71683620E+00       2.16380816E+00       1.34611712E+00
   203.8000       2.85991196E-01       1.92841279E+02       3.25392890E-03       6.90624475E-01       1.77964853E-01       1.45907943E-04       2.71676440E+00       2.16418591E+00       1.34619816E+00
   203.9000       2.85990854E-01       1.92926188E+02       3.25679498E-03       6.91264941E-01       1.77937104E-01       1.45956737E-04       2.71677979E+00       2.16455965E+00       1.34631360E+00
   204.0000       2.85990507E-01       1.93010849E+02       3.25965394E-03       6.91903306E-01       1.77909372E-01       1.45990698E-04       2.71687566E+00       2.16492672E+00       1.34639383E+00
   204.1000       2.85990153E-01       1.93095316E+02       3.26250758E-03       6.92539744E-01       1.77881659E-01       1.46034270E-04       2.71704390E+00       2.16528426E+00       1.34649672E+00
   204.2000       2.85989758E-01       1.93179646E+02       3.26535785E-03       6.93174546E-01       1.77853964E-01       1.46068649E-04       2.71727778E+00       2.16563152E+00       1.34657789E+00
   204.3000       2.85989321E-01       1.93263745E+02       3.26820158E-03       6.93807748E-01       1.77826290E-01       1.46099121E-04       2.71757164E+00       2.16597557E+00       1.34664977E+00
   204.4000       2.85988956E-01       1.93347709E+02       3.27104196E-03       6.94439694E-01       1.77798635E-01       1.46149546E-04       2.71791289E+00       2.16632682E+00       1.34676892E+00
   204.5000       2.85988541E-01       1.93431542E+02       3.27387914E-03       6.95070481E-01       1.77771002E-01       1.46200236E-04       2.71829210E+00       2.16668166E+00       1.34688869E+00
   204.6000       2.85988098E-01       1.93515257E+02       3.27671352E-03       6.95700340E-01       1.77743388E-01       1.46229124E-04       2.71870037E+00       2.16702961E+00       1.34695680E+00
   204.7000       2.85987657E-01       1.93598833E+02       3.27954445E-03       6.96329441E-01       1.77715794E-01       1.46274357E-04       2.71913106E+00       2.16737374E+00       1.34706362E+00
   204.8000       2.85987229E-01       1.93682337E+02       3.28237417E-03       6.96958089E-01       1.77688219E-01       1.46308871E-04       2.71958025E+00       2.16770136E+00       1.34714503E+00
   204.9000       2.85986759E-01       1.93765739E+02       3.28520163E-03       6.97586457E-01       1.77660663E-01       1.46340892E-04       2.72004188E+00       2.16799723E+00       1.34722055E+00
   205.0000       2.85986306E-01       1.93849064E+02       3.28802773E-03       6.98214858E-01       1.77633123E-01       1.46374528E-04       2.72050600E+00       2.16827186E+00       1.34729993E+00
   205.1000       2.85985862E-01       1.93932369E+02       3.29085431E-03       6.98843505E-01       1.77605600E-01       1.46413503E-04       2.72096780E+00       2.16857034E+00       1.34739193E+00
   205.2000       2.85985389E-01       1.94015650E+02       3.29368135E-03       6.99472404E-01       1.77578090E-01       1.46451041E-04       2.72142398E+00       2.16895405E+00       1.34748063E+00
   205.3000       2.85984911E-01       1.94098888E+02       3.29650811E-03       7.00101608E-01       1.77550594E-01       1.46476407E-04       2.72187384E+00       2.16940117E+00       1.34754062E+00
   205.4000       2.85984468E-01       1.94182070E+02       3.29933416E-03       7.00730942E-01       1.77523109E-01       1.46521351E-04       2.72230768E+00       2.16984641E+00       1.34764700E+00
   205.5000       2.85984023E-01       1.94265152E+02       3.30215805E-03       7.01360154E-01       1.77495637E-01       1.46559298E-04       2.72271260E+00       2.17023865E+00       1.34773681E+00
   205.6000       2.85983601E-01       1.94348146E+02       3.30498016E-03       7.01989230E-01       1.77468177E-01       1.46576684E-04       2.72308802E+00       2.17057184E+00       1.34777797E+00
   205.7000       2.85983165E-01       1.94431042E+02       3.30780012E-03       7.02618066E-01       1.77440731E-01       1.46592574E-04       2.72342666E+00       2.17087984E+00       1.34781559E+00
   205.8000       2.85982728E-01       1.94513765E+02       3.31061543E-03       7.03246482E-01       1.77413298E-01       1.46632599E-04       2.72372168E+00       2.17118019E+00       1.34791033E+00
   205.9000       2.85982363E-01       1.94596392E+02       3.31342864E-03       7.03874831E-01       1.77385881E-01       1.46644580E-04       2.72397659E+00       2.17148454E+00       1.34793857E+00
   206.0000       2.85981984E-01       1.94678911E+02       3.31623936E-03       7.04503343E-01       1.77358482E-01       1.46689350E-04       2.72418930E+00       2.17180118E+00       1.34804407E+00
   206.1000       2.85981614E-01       1.94761380E+02       3.31904956E-03       7.05132189E-01       1.77331103E-01       1.46693260E-04       2.72435671E+00       2.17213484E+00       1.34805264E+00
   206.2000       2.85981240E-01       1.94843747E+02       3.32185749E-03       7.05761232E-01       1.77303742E-01       1.46700465E-04       2.72448422E+00       2.17246797E+00       1.34806890E+00
   206.3000       2.85980871E-01       1.94925995E+02       3.32466257E-03       7.06390302E-01       1.77276400E-01       1.46739570E-04       2.72457627E+00       2.17278704E+00       1.34816064E+00
   206.4000       2.85980554E-01       1.95008107E+02       3.32746414E-03       7.07019077E-01       1.77249072E-01       1.46745393E-04       2.72463630E+00       2.17309146E+00       1.34817390E+00
   206.5000       2.85980258E-01       1.95090000E+02       3.33025946E-03       7.07647135E-01       1.77221756E-01       1.46768316E-04       2.72466865E+00       2.17339330E+00       1.34822797E+00
   206.6000       2.85979983E-01       1.95171697E+02       3.33304924E-03       7.08274239E-01       1.77194449E-01       1.46781340E-04       2.72467684E+00       2.17371120E+00       1.34825878E+00
   206.7000       2.85979695E-01       1.95253131E+02       3.33583120E-03       7.08900152E-01       1.77167149E-01       1.46786606E-04       2.72466566E+00       2.17403796E+00       1.34827132E+00
   206.8000       2.85979470E-01       1.95334320E+02       3.33860595E-03       7.09524714E-01       1.77139858E-01       1.46802084E-04       2.72464379E+00       2.17436061E+00       1.34830807E+00
   206.9000       2.85979237E-01       1.95415190E+02       3.34137094E-03       7.10147644E-01       1.77112574E-01       1.46792143E-04       2.72461052E+00       2.17467070E+00       1.34828452E+00
   207.0000       2.85979035E-01       1.95495693E+02       3.34412452E-03       7.10768589E-01       1.77085298E-01       1.46806561E-04       2.72456574E+00       2.17497451E+00       1.34831871E+00
   207.1000       2.85978900E-01       1.95575792E+02       3.34686541E-03       7.11387179E-01       1.77058025E-01       1.46800576E-04       2.72450263E+00       2.17528501E+00       1.34830481E+00
   207.2000       2.85978787E-01       1.95655452E+02       3.34959240E-03       7.12003135E-01       1.77030752E-01       1.46791574E-04       2.72442521E+00       2.17559986E+00       1.34828411E+00
   207.3000       2.85978722E-01       1.95734599E+02       3.35230291E-03       7.12616309E-01       1.77003478E-01       1.46803020E-04       2.72433722E+00       2.17590758E+00       1.34831203E+00
   207.4000       2.85978678E-01       1.95813273E+02       3.35499830E-03       7.13226758E-01       1.76976200E-01       1.46797070E-04       2.72423787E+00       2.17621348E+00       1.34829892E+00
   207.5000       2.85978670E-01       1.95891461E+02       3.35767815E-03       7.13834427E-01       1.76948922E-01       1.46781746E-04       2.72413286E+00       2.17652221E+00       1.34826364E+00
   207.6000       2.85978715E-01       1.95969102E+02       3.36034028E-03       7.14438953E-01       1.76921645E-01       1.46754008E-04       2.72401573E+00       2.17682405E+00       1.34819868E+00
   207.7000       2.85978781E-01       1.96046197E+02       3.36298475E-03       7.15040113E-01       1.76894375E-01       1.46754606E-04       2.72388280E+00       2.17711468E+00       1.34820052E+00
   207.8000       2.85978916E-01       1.96122717E+02       3.36561051E-03       7.15637637E-01       1.76867113E-01       1.46722585E-04       2.72373968E+00       2.17738574E+00       1.34812487E+00
   207.9000       2.85979099E-01       1.96198638E+02       3.36821673E-03       7.16231228E-01       1.76839863E-01       1.46706717E-04       2.72359076E+00       2.17762558E+00       1.34808727E+00
   208.0000       2.85979281E-01       1.96274002E+02       3.37080482E-03       7.16820665E-01       1.76812626E-01       1.46680572E-04       2.72343008E+00       2.17782631E+00       1.34802520E+00
   208.1000       2.85979525E-01       1.96348754E+02       3.37337291E-03       7.17405372E-01       1.76785400E-01       1.46641487E-04       2.72325592E+00       2.17799058E+00       1.34793269E+00
   208.2000       2.85979808E-01       1.96422804E+02       3.37591782E-03       7.17984681E-01       1.76758183E-01       1.46608798E-04       2.72307105E+00       2.17812496E+00       1.34785551E+00
   208.3000       2.85980136E-01       1.96496161E+02       3.37843986E-03       7.18558122E-01       1.76730975E-01       1.46580042E-04       2.72286933E+00       2.17823857E+00       1.34778805E+00
   208.4000       2.85980514E-01       1.96568805E+02       3.38093832E-03       7.19125347E-01       1.76703773E-01       1.46552226E-04       2.72264648E+00       2.17834211E+00       1.34772296E+00
   208.5000       2.85980943E-01       1.96640771E+02       3.38341438E-03       7.19686191E-01       1.76676583E-01       1.46524605E-04       2.72241089E+00       2.17843828E+00       1.34765820E+00
   208.6000       2.85981435E-01       1.96711994E+02       3.38586575E-03       7.20240457E-01       1.76649408E-01       1.46494784E-04       2.72215348E+00       2.17853697E+00       1.34758806E+00
   208.7000       2.85981951E-01       1.96782551E+02       3.38829507E-03       7.20788188E-01       1.76622252E-01       1.46466762E-04       2.72187839E+00       2.17865258E+00       1.34752193E+00
   208.8000       2.85982509E-01       1.96852419E+02       3.39070155E-03       7.21329304E-01       1.76595121E-01       1.46428620E-04       2.72158130E+00       2.17878554E+00       1.34743152E+00
   208.9000       2.85983073E-01       1.96921590E+02       3.39308487E-03       7.21863832E-01       1.76568016E-01       1.46418129E-04       2.72125979E+00       2.17893509E+00       1.34740626E+00
   209.0000       2.85983712E-01       1.96990153E+02       3.39544802E-03       7.22392030E-01       1.76540940E-01       1.46366355E-04       2.72092216E+00       2.17909275E+00       1.34728329E+00
   209.1000       2.85984336E-01       1.97058022E+02       3.39778810E-03       7.22913777E-01       1.76513890E-01       1.46347234E-04       2.72056734E+00       2.17925055E+00       1.34723765E+00
   209.2000       2.85985031E-01       1.97125251E+02       3.40010690E-03       7.23429055E-01       1.76486865E-01       1.46307979E-04       2.72019533E+00       2.17939768E+00       1.34714455E+00
   209.3000       2.85985763E-01       1.97191792E+02       3.40240273E-03       7.23937760E-01       1.76459867E-01       1.46274837E-04       2.71980699E+00       2.17952455E+00       1.34706594E+00
   209.4000       2.85986527E-01       1.97257702E+02       3.40467760E-03       7.24440141E-01       1.76432896E-01       1.46245800E-04       2.71940741E+00       2.17962579E+00       1.34699699E+00
   209.5000       2.85987328E-01       1.97322981E+02       3.40693139E-03       7.24936534E-01       1.76405954E-01       1.46215702E-04       2.71899978E+00       2.17970899E+00       1.34692558E+00
   209.6000       2.85988129E-01       1.97387668E+02       3.40916552E-03       7.25427359E-01       1.76379042E-01       1.46174868E-04       2.71857574E+00       2.17977651E+00       1.34682896E+00
   209.7000       2.85988985E-01       1.97451769E+02       3.41138009E-03       7.25912974E-01       1.76352161E-01       1.46146276E-04       2.71813870E+00       2.17982568E+00       1.34676132E+00
   209.8000       2.85989888E-01       1.97515309E+02       3.41357601E-03       7.26393927E-01       1.76325315E-01       1.46114975E-04       2.71770107E+00       2.17985414E+00       1.34668703E+00
   209.9000       2.85990782E-01       1.97578276E+02       3.41575283E-03       7.26870859E-01       1.76298509E-01       1.46065051E-04       2.71726279E+00       2.17985408E+00       1.34656855E+00
   210.0000       2.85991685E-01       1.97640710E+02       3.41791189E-03       7.27344628E-01       1.76271743E-01       1.46019613E-04       2.71682761E+00       2.17982152E+00       1.34646063E+00
   210.1000       2.85992664E-01       1.97702628E+02       3.42005379E-03       7.27815934E-01       1.76245019E-01       1.45993416E-04       2.71640141E+00       2.17975955E+00       1.34639813E+00
   210.2000       2.85993629E-01       1.97764132E+02       3.42218205E-03       7.28285476E-01       1.76218339E-01       1.45957670E-04       2.71598221E+00       2.17969213E+00       1.34631307E+00
   210.3000       2.85994611E-01       1.97825173E+02       3.42429492E-03       7.28753642E-01       1.76191701E-01       1.45912354E-04       2.71557078E+00       2.17962901E+00       1.34620557E+00
   210.4000       2.85995617E-01       1.97885797E+02       3.42639402E-03       7.29220711E-01       1.76165108E-01       1.45885243E-04       2.71517044E+00       2.17955594E+00       1.34614132E+00
   210.5000       2.85996637E-01       1.97946017E+02       3.42847973E-03       7.29687036E-01       1.76138560E-01       1.45863064E-04       2.71479050E+00       2.17946012E+00       1.34608871E+00
   210.6000       2.85997664E-01       1.98005849E+02       3.43055267E-03       7.30152852E-01       1.76112060E-01       1.45823755E-04       2.71443287E+00       2.17933445E+00       1.34599551E+00
   210.7000       2.85998700E-01       1.98065356E+02       3.43261496E-03       7.30618331E-01       1.76085612E-01       1.45799306E-04       2.71408948E+00       2.17918671E+00       1.34593739E+00
   210.8000       2.85999736E-01       1.98124565E+02       3.43466754E-03       7.31083537E-01       1.76059216E-01       1.45784978E-04       2.71376935E+00       2.17902235E+00       1.34590317E+00
   210.9000       2.86000774E-01       1.98183457E+02       3.43670972E-03       7.31548445E-01       1.76032872E-01       1.45754179E-04       2.71347190E+00       2.17886104E+00       1.34583010E+00
   211.0000       2.86001796E-01       1.98242066E+02       3.43874271E-03       7.32013029E-01       1.76006580E-01       1.45754474E-04       2.71319944E+00       2.17871997E+00       1.34583068E+00
   211.1000       2.86002838E-01       1.98300385E+02       3.44076624E-03       7.32477276E-01       1.75980341E-01       1.45746678E-04       2.71293492E+00       2.17859703E+00       1.34581217E+00
   211.2000       2.86003829E-01       1.98358472E+02       3.44278228E-03       7.32941414E-01       1.75954156E-01       1.45724773E-04       2.71267709E+00       2.17848931E+00       1.34576010E+00
   211.3000       2.86004835E-01       1.98416348E+02       3.44479163E-03       7.33405679E-01       1.75928027E-01       1.45732823E-04       2.71242895E+00       2.17840138E+00       1.34577872E+00
   211.4000       2.86005817E-01       1.98474007E+02       3.44679399E-03       7.33870237E-01       1.75901955E-01       1.45718606E-04       2.71218216E+00       2.17833255E+00       1.34574451E+00
   211.5000       2.86006797E-01       1.98531486E+02       3.44879070E-03       7.34335283E-01       1.75875939E-01       1.45722712E-04       2.71193714E+00       2.17828327E+00       1.34575361E+00
   211.6000       2.86007742E-01       1.98588745E+02       3.45078036E-03       7.34800683E-01       1.75849978E-01       1.45710474E-04       2.71168339E+00       2.17824962E+00       1.34572413E+00
   211.7000       2.86008678E-01       1.98645803E+02       3.45276358E-03       7.35266192E-01       1.75824069E-01       1.45717233E-04       2.71142713E+00       2.17823694E+00       1.34573975E+00
   211.8000       2.86009582E-01       1.98702660E+02       3.45474036E-03       7.35731472E-01       1.75798212E-01       1.45707922E-04       2.71118071E+00       2.17825169E+00       1.34571728E+00
   211.9000       2.86010454E-01       1.98759354E+02       3.45671207E-03       7.36196472E-01       1.75772406E-01       1.45716849E-04       2.71093263E+00       2.17828587E+00       1.34573787E+00
   212.0000       2.86011370E-01       1.98815939E+02       3.45868055E-03       7.36661388E-01       1.75746650E-01       1.45731967E-04       2.71068341E+00       2.17833638E+00       1.34577322E+00
   212.1000       2.86012201E-01       1.98872412E+02       3.46064568E-03       7.37126325E-01       1.75720942E-01       1.45702692E-04       2.71044411E+00       2.17840426E+00       1.34570370E+00
   212.2000       2.86013075E-01       1.98928764E+02       3.46260715E-03       7.37591380E-01       1.75695281E-01       1.45739906E-04       2.71021110E+00       2.17849371E+00       1.34579168E+00
   212.3000       2.86013894E-01       1.98984992E+02       3.46456488E-03       7.38056578E-01       1.75669667E-01       1.45731800E-04       2.70997618E+00       2.17860205E+00       1.34577245E+00
   212.4000       2.86014746E-01       1.99041135E+02       3.46652016E-03       7.38522040E-01       1.75644099E-01       1.45741938E-04       2.70975018E+00       2.17872151E+00       1.34579627E+00
   212.5000       2.86015544E-01       1.99097178E+02       3.46847256E-03       7.38987821E-01       1.75618578E-01       1.45759952E-04       2.70953432E+00       2.17885009E+00       1.34583867E+00
   212.6000       2.86016303E-01       1.99153226E+02       3.47042566E-03       7.39454096E-01       1.75593105E-01       1.45737984E-04       2.70932278E+00       2.17898498E+00       1.34578643E+00
   212.7000       2.86017063E-01       1.99209111E+02       3.47237361E-03       7.39920602E-01       1.75567678E-01       1.45754304E-04       2.70912156E+00       2.17911380E+00       1.34582482E+00
