     0.1000       7.51487317E-03       7.59239863E-03
     0.2000       9.35171043E-03       9.48405698E-03
     0.3000       1.15284203E-02       1.17234340E-02
     0.4000       1.37850491E-02       1.40329612E-02
     0.5000       1.59095443E-02       1.61974180E-02
     0.6000       1.78137777E-02       1.81337879E-02
     0.7000       1.94982724E-02       1.98482324E-02
     0.8000       2.09964894E-02       2.13776258E-02
     0.9000       2.23443390E-02       2.27594598E-02
     1.0000       2.35708215E-02       2.40233432E-02
     1.1000       2.46975732E-02       2.51910698E-02
     1.2000       2.57406687E-02       2.62786311E-02
     1.3000       2.67123985E-02       2.72980409E-02
     1.4000       2.76225475E-02       2.82585940E-02
     1.5000       2.84792191E-02       2.91676567E-02
     1.6000       2.92893407E-02       3.00311507E-02
     1.7000       3.00589571E-02       3.08538532E-02
     1.8000       3.07933910E-02       3.16395927E-02
     1.9000       3.14973154E-02       3.23913896E-02
     2.0000       3.21747750E-02       3.31115719E-02
     2.1000       3.28291800E-02       3.38018788E-02
     2.2000       3.34632917E-02       3.44635637E-02
     2.3000       3.40792145E-02       3.50974963E-02
     2.4000       3.46784071E-02       3.57042648E-02
     2.5000       3.52617184E-02       3.62842738E-02
     2.6000       3.58294515E-02       3.68378363E-02
     2.7000       3.63814549E-02       3.73652537E-02
     2.8000       3.69172334E-02       3.78668828E-02
     2.9000       3.74360710E-02       3.83431856E-02
     3.0000       3.79371538E-02       3.87947621E-02
     3.1000       3.84196825E-02       3.92223645E-02
     3.2000       3.88829693E-02       3.96268994E-02
     3.3000       3.93366383E-02       4.00145725E-02
     3.4000       3.98005476E-02       4.03923328E-02
     3.5000       4.02616805E-02       4.07587960E-02
     3.6000       4.07164441E-02       4.11130709E-02
     3.7000       4.11663861E-02       4.14557762E-02
     3.8000       4.16127901E-02       4.17874428E-02
     3.9000       4.20571166E-02       4.21092300E-02
     4.0000       4.25055073E-02       4.24230538E-02
     4.1000       4.29677999E-02       4.27308402E-02
     4.2000       4.34302839E-02       4.30306739E-02
     4.3000       4.38906634E-02       4.33224237E-02
     4.4000       4.43458524E-02       4.36056393E-02
     4.5000       4.47914053E-02       4.38795279E-02
     4.6000       4.52231950E-02       4.41436096E-02
     4.7000       4.56363892E-02       4.43975094E-02
     4.8000       4.60260129E-02       4.46405820E-02
     4.9000       4.63883822E-02       4.48724875E-02
     5.0000       4.67190967E-02       4.50928735E-02
     5.1000       4.70156969E-02       4.53014729E-02
     5.2000       4.72762336E-02       4.54989693E-02
     5.3000       4.74992504E-02       4.56847172E-02
     5.4000       4.76847674E-02       4.58594994E-02
     5.5000       4.78335496E-02       4.60233539E-02
     5.6000       4.79470319E-02       4.61768395E-02
     5.7000       4.80272746E-02       4.63202602E-02
     5.8000       4.80767957E-02       4.64540495E-02
     5.9000       4.80981985E-02       4.65787693E-02
     6.0000       4.80954304E-02       4.66950758E-02
     6.1000       4.80709281E-02       4.68032934E-02
     6.2000       4.80277848E-02       4.69042448E-02
     6.3000       4.79698494E-02       4.69989276E-02
     6.4000       4.78996535E-02       4.70887590E-02
     6.5000       4.78213734E-02       4.71759258E-02
     6.6000       4.77369014E-02       4.72612443E-02
     6.7000       4.76485427E-02       4.73463502E-02
     6.8000       4.75582438E-02       4.74327525E-02
     6.9000       4.74673709E-02       4.75218344E-02
     7.0000       4.73776930E-02       4.76152429E-02
     7.1000       4.72902676E-02       4.77135139E-02
     7.2000       4.72062593E-02       4.78178891E-02
     7.3000       4.71261209E-02       4.79281041E-02
     7.4000       4.70504295E-02       4.80438325E-02
     7.5000       4.69796586E-02       4.81640240E-02
     7.6000       4.69134339E-02       4.82868521E-02
     7.7000       4.68518021E-02       4.84100912E-02
     7.8000       4.67944916E-02       4.85317749E-02
     7.9000       4.67414543E-02       4.86490694E-02
     8.0000       4.66922952E-02       4.87600749E-02
     8.1000       4.66466175E-02       4.88621209E-02
     8.2000       4.66046021E-02       4.89536209E-02
     8.3000       4.65657698E-02       4.90330999E-02
     8.4000       4.65295341E-02       4.90991801E-02
     8.5000       4.64958195E-02       4.91516477E-02
     8.6000       4.64644944E-02       4.91904193E-02
     8.7000       4.64349808E-02       4.92157207E-02
     8.8000       4.64071753E-02       4.92284002E-02
     8.9000       4.63805162E-02       4.92290353E-02
     9.0000       4.63547191E-02       4.92189992E-02
     9.1000       4.63290726E-02       4.91993543E-02
     9.2000       4.63032157E-02       4.91713542E-02
     9.3000       4.62770132E-02       4.91365717E-02
     9.4000       4.62498002E-02       4.90959142E-02
     9.5000       4.62209567E-02       4.90503267E-02
     9.6000       4.61902525E-02       4.90004409E-02
     9.7000       4.61573035E-02       4.89470030E-02
     9.8000       4.61214956E-02       4.88904711E-02
     9.9000       4.60828005E-02       4.88310993E-02
    10.0000       4.60409646E-02       4.87687399E-02
    10.1000       4.59964272E-02       4.87041469E-02
    10.2000       4.59486476E-02       4.86367706E-02
    10.3000       4.58976786E-02       4.85663312E-02
    10.4000       4.58440000E-02       4.84929469E-02
    10.5000       4.57874729E-02       4.84162824E-02
    10.6000       4.57287433E-02       4.83362913E-02
    10.7000       4.56681189E-02       4.82529807E-02
    10.8000       4.56060256E-02       4.81662807E-02
    10.9000       4.55428492E-02       4.80762721E-02
    11.0000       4.54791452E-02       4.79829759E-02
    11.1000       4.54151824E-02       4.78865967E-02
    11.2000       4.53512361E-02       4.77874681E-02
    11.3000       4.52877272E-02       4.76855806E-02
    11.4000       4.52254702E-02       4.75819694E-02
    11.5000       4.51643847E-02       4.74770491E-02
    11.6000       4.51048698E-02       4.73711062E-02
    11.7000       4.50469696E-02       4.72649349E-02
    11.8000       4.49905773E-02       4.71588847E-02
    11.9000       4.49361447E-02       4.70541405E-02
    12.0000       4.48835883E-02       4.69509595E-02
    12.1000       4.48324555E-02       4.68497139E-02
    12.2000       4.47829016E-02       4.67509673E-02
    12.3000       4.47345266E-02       4.66550729E-02
    12.4000       4.46871931E-02       4.65621947E-02
    12.5000       4.46402463E-02       4.64722023E-02
    12.6000       4.45937920E-02       4.63853888E-02
    12.7000       4.45474968E-02       4.63015534E-02
    12.8000       4.45012365E-02       4.62204642E-02
    12.9000       4.44546043E-02       4.61417698E-02
    13.0000       4.44078365E-02       4.60651161E-02
    13.1000       4.43609697E-02       4.59903445E-02
    13.2000       4.43138062E-02       4.59170556E-02
    13.3000       4.42664948E-02       4.58448471E-02
    13.4000       4.42192689E-02       4.57735298E-02
    13.5000       4.41725603E-02       4.57033168E-02
    13.6000       4.41264085E-02       4.56339520E-02
    13.7000       4.40812668E-02       4.55656140E-02
    13.8000       4.40372288E-02       4.54981486E-02
    13.9000       4.39947264E-02       4.54320515E-02
    14.0000       4.39536962E-02       4.53670759E-02
    14.1000       4.39145243E-02       4.53037654E-02
    14.2000       4.38771212E-02       4.52420542E-02
    14.3000       4.38415182E-02       4.51820804E-02
    14.4000       4.38075907E-02       4.51238999E-02
    14.5000       4.37753277E-02       4.50676349E-02
    14.6000       4.37445494E-02       4.50131523E-02
    14.7000       4.37149257E-02       4.49601940E-02
    14.8000       4.36862249E-02       4.49084429E-02
    14.9000       4.36582865E-02       4.48578344E-02
    15.0000       4.36308065E-02       4.48080799E-02
    15.1000       4.36034236E-02       4.47587346E-02
    15.2000       4.35760620E-02       4.47097362E-02
    15.3000       4.35485368E-02       4.46610423E-02
    15.4000       4.35208590E-02       4.46126585E-02
    15.5000       4.34926672E-02       4.45643735E-02
    15.6000       4.34644101E-02       4.45166673E-02
    15.7000       4.34355265E-02       4.44694061E-02
    15.8000       4.34065088E-02       4.44231997E-02
    15.9000       4.33773309E-02       4.43783650E-02
    16.0000       4.33478890E-02       4.43350749E-02
    16.1000       4.33184797E-02       4.42938297E-02
    16.2000       4.32892877E-02       4.42548424E-02
    16.3000       4.32600011E-02       4.42182602E-02
    16.4000       4.32308445E-02       4.41843049E-02
    16.5000       4.32018748E-02       4.41528935E-02
    16.6000       4.31730613E-02       4.41239246E-02
    16.7000       4.31449050E-02       4.40974982E-02
    16.8000       4.31169751E-02       4.40730779E-02
    16.9000       4.30893161E-02       4.40502659E-02
    17.0000       4.30621040E-02       4.40287648E-02
    17.1000       4.30352388E-02       4.40081295E-02
    17.2000       4.30087380E-02       4.39880382E-02
    17.3000       4.29826549E-02       4.39679849E-02
    17.4000       4.29568563E-02       4.39479044E-02
    17.5000       4.29316539E-02       4.39277689E-02
    17.6000       4.29068175E-02       4.39073467E-02
    17.7000       4.28821895E-02       4.38865133E-02
    17.8000       4.28580377E-02       4.38656641E-02
    17.9000       4.28343339E-02       4.38448745E-02
    18.0000       4.28110035E-02       4.38243119E-02
    18.1000       4.27880022E-02       4.38042538E-02
    18.2000       4.27655016E-02       4.37850744E-02
    18.3000       4.27434246E-02       4.37668367E-02
    18.4000       4.27216068E-02       4.37496593E-02
    18.5000       4.27001922E-02       4.37337049E-02
    18.6000       4.26795802E-02       4.37192874E-02
    18.7000       4.26592978E-02       4.37059350E-02
    18.8000       4.26395361E-02       4.36935291E-02
    18.9000       4.26203998E-02       4.36819911E-02
    19.0000       4.26020881E-02       4.36712166E-02
    19.1000       4.25845653E-02       4.36608084E-02
    19.2000       4.25678132E-02       4.36503986E-02
    19.3000       4.25518809E-02       4.36397331E-02
    19.4000       4.25371358E-02       4.36287519E-02
    19.5000       4.25233307E-02       4.36170799E-02
    19.6000       4.25104617E-02       4.36047497E-02
    19.7000       4.24987603E-02       4.35917726E-02
    19.8000       4.24882097E-02       4.35781333E-02
    19.9000       4.24786867E-02       4.35638378E-02
    20.0000       4.24700507E-02       4.35490597E-02
    20.1000       4.24622280E-02       4.35339192E-02
    20.2000       4.24550220E-02       4.35185083E-02
    20.3000       4.24484193E-02       4.35030215E-02
    20.4000       4.24422111E-02       4.34874278E-02
    20.5000       4.24360017E-02       4.34718166E-02
    20.6000       4.24299476E-02       4.34564231E-02
    20.7000       4.24237408E-02       4.34412331E-02
    20.8000       4.24170841E-02       4.34259359E-02
    20.9000       4.24098091E-02       4.34102380E-02
    21.0000       4.24018790E-02       4.33944399E-02
    21.1000       4.23931657E-02       4.33781410E-02
    21.2000       4.23835089E-02       4.33610236E-02
    21.3000       4.23729501E-02       4.33431281E-02
    21.4000       4.23613149E-02       4.33241617E-02
    21.5000       4.23488197E-02       4.33041279E-02
    21.6000       4.23353697E-02       4.32827758E-02
    21.7000       4.23210758E-02       4.32601606E-02
    21.8000       4.23059995E-02       4.32362487E-02
    21.9000       4.22904016E-02       4.32111534E-02
    22.0000       4.22745322E-02       4.31851375E-02
    22.1000       4.22583838E-02       4.31583300E-02
    22.2000       4.22422275E-02       4.31309758E-02
    22.3000       4.22261281E-02       4.31033790E-02
    22.4000       4.22103919E-02       4.30757919E-02
    22.5000       4.21950686E-02       4.30485074E-02
    22.6000       4.21804407E-02       4.30220351E-02
    22.7000       4.21666474E-02       4.29965308E-02
    22.8000       4.21535544E-02       4.29721406E-02
    22.9000       4.21414783E-02       4.29491304E-02
    23.0000       4.21304211E-02       4.29277381E-02
    23.1000       4.21203548E-02       4.29081043E-02
    23.2000       4.21111814E-02       4.28900279E-02
    23.3000       4.21028322E-02       4.28736237E-02
    23.4000       4.20953364E-02       4.28588329E-02
    23.5000       4.20885433E-02       4.28455961E-02
    23.6000       4.20822017E-02       4.28336450E-02
    23.7000       4.20762976E-02       4.28228462E-02
    23.8000       4.20703994E-02       4.28127572E-02
    23.9000       4.20646172E-02       4.28034795E-02
    24.0000       4.20584545E-02       4.27944713E-02
    24.1000       4.20520625E-02       4.27858320E-02
    24.2000       4.20451106E-02       4.27770860E-02
    24.3000       4.20375763E-02       4.27682184E-02
    24.4000       4.20291321E-02       4.27588625E-02
    24.5000       4.20198988E-02       4.27489453E-02
    24.6000       4.20095666E-02       4.27382182E-02
    24.7000       4.19982916E-02       4.27266830E-02
    24.8000       4.19859926E-02       4.27141957E-02
    24.9000       4.19726006E-02       4.27005429E-02
    25.0000       4.19581886E-02       4.26858063E-02
    25.1000       4.19427677E-02       4.26698703E-02
    25.2000       4.19265020E-02       4.26527696E-02
    25.3000       4.19095098E-02       4.26344589E-02
    25.4000       4.18918211E-02       4.26150211E-02
    25.5000       4.18738760E-02       4.25945840E-02
    25.6000       4.18555532E-02       4.25730785E-02
    25.7000       4.18372005E-02       4.25508311E-02
    25.8000       4.18190358E-02       4.25280355E-02
    25.9000       4.18010196E-02       4.25047115E-02
    26.0000       4.17835894E-02       4.24812880E-02
    26.1000       4.17667388E-02       4.24580338E-02
    26.2000       4.17507019E-02       4.24351975E-02
    26.3000       4.17354938E-02       4.24130575E-02
    26.4000       4.17214124E-02       4.23918879E-02
    26.5000       4.17083375E-02       4.23718196E-02
    26.6000       4.16963042E-02       4.23531720E-02
    26.7000       4.16853329E-02       4.23360119E-02
    26.8000       4.16753845E-02       4.23204709E-02
    26.9000       4.16663318E-02       4.23064945E-02
    27.0000       4.16580731E-02       4.22941000E-02
    27.1000       4.16505627E-02       4.22831826E-02
    27.2000       4.16436541E-02       4.22735993E-02
    27.3000       4.16370966E-02       4.22650206E-02
    27.4000       4.16307741E-02       4.22571182E-02
    27.5000       4.16246674E-02       4.22497653E-02
    27.6000       4.16185459E-02       4.22425779E-02
    27.7000       4.16123994E-02       4.22354625E-02
    27.8000       4.16061060E-02       4.22279757E-02
    27.9000       4.15995489E-02       4.22199983E-02
    28.0000       4.15928267E-02       4.22113885E-02
    28.1000       4.15858500E-02       4.22019613E-02
    28.2000       4.15785422E-02       4.21917086E-02
    28.3000       4.15711362E-02       4.21806438E-02
    28.4000       4.15635035E-02       4.21688174E-02
    28.5000       4.15558185E-02       4.21562327E-02
    28.6000       4.15478587E-02       4.21428814E-02
    28.7000       4.15398518E-02       4.21290166E-02
    28.8000       4.15317853E-02       4.21147505E-02
    28.9000       4.15237208E-02       4.21002489E-02
    29.0000       4.15156336E-02       4.20856587E-02
    29.1000       4.15074795E-02       4.20708995E-02
    29.2000       4.14993699E-02       4.20563664E-02
    29.3000       4.14912215E-02       4.20419194E-02
    29.4000       4.14829854E-02       4.20276737E-02
    29.5000       4.14746232E-02       4.20135963E-02
    29.6000       4.14662875E-02       4.19998853E-02
    29.7000       4.14579357E-02       4.19865275E-02
    29.8000       4.14493898E-02       4.19733884E-02
    29.9000       4.14408164E-02       4.19606264E-02
    30.0000       4.14322391E-02       4.19482644E-02
    30.1000       4.14236849E-02       4.19363337E-02
    30.2000       4.14150030E-02       4.19246521E-02
    30.3000       4.14064581E-02       4.19135218E-02
    30.4000       4.13980602E-02       4.19028249E-02
    30.5000       4.13898180E-02       4.18927191E-02
    30.6000       4.13816596E-02       4.18829643E-02
    30.7000       4.13737633E-02       4.18736192E-02
    30.8000       4.13661373E-02       4.18647106E-02
    30.9000       4.13588045E-02       4.18562137E-02
    31.0000       4.13516431E-02       4.18479644E-02
    31.1000       4.13448850E-02       4.18401242E-02
    31.2000       4.13384109E-02       4.18323826E-02
    31.3000       4.13321876E-02       4.18247545E-02
    31.4000       4.13261499E-02       4.18171719E-02
    31.5000       4.13203376E-02       4.18096359E-02
    31.6000       4.13147435E-02       4.18020738E-02
    31.7000       4.13091279E-02       4.17942948E-02
    31.8000       4.13036189E-02       4.17863966E-02
    31.9000       4.12979846E-02       4.17782835E-02
    32.0000       4.12922996E-02       4.17700094E-02
    32.1000       4.12865434E-02       4.17616121E-02
    32.2000       4.12806600E-02       4.17530891E-02
    32.3000       4.12745403E-02       4.17444295E-02
    32.4000       4.12682432E-02       4.17358374E-02
    32.5000       4.12618380E-02       4.17273605E-02
    32.6000       4.12553727E-02       4.17191344E-02
    32.7000       4.12487121E-02       4.17110550E-02
    32.8000       4.12420678E-02       4.17033478E-02
    32.9000       4.12355005E-02       4.16960719E-02
    33.0000       4.12289442E-02       4.16891724E-02
    33.1000       4.12225352E-02       4.16826964E-02
    33.2000       4.12162728E-02       4.16766619E-02
    33.3000       4.12104229E-02       4.16711149E-02
    33.4000       4.12047774E-02       4.16658499E-02
    33.5000       4.11993482E-02       4.16608290E-02
    33.6000       4.11942277E-02       4.16560504E-02
    33.7000       4.11893495E-02       4.16513026E-02
    33.8000       4.11846898E-02       4.16465614E-02
    33.9000       4.11801891E-02       4.16417233E-02
    34.0000       4.11758358E-02       4.16367317E-02
    34.1000       4.11714832E-02       4.16313971E-02
    34.2000       4.11670845E-02       4.16257793E-02
    34.3000       4.11625473E-02       4.16196936E-02
    34.4000       4.11578060E-02       4.16131008E-02
    34.5000       4.11528444E-02       4.16061578E-02
    34.6000       4.11475883E-02       4.15987083E-02
    34.7000       4.11419955E-02       4.15908013E-02
    34.8000       4.11360422E-02       4.15825041E-02
    34.9000       4.11298530E-02       4.15738050E-02
    35.0000       4.11233348E-02       4.15647111E-02
    35.1000       4.11165213E-02       4.15553595E-02
    35.2000       4.11096328E-02       4.15458859E-02
    35.3000       4.11025962E-02       4.15363115E-02
    35.4000       4.10954756E-02       4.15265395E-02
    35.5000       4.10884823E-02       4.15168452E-02
    35.6000       4.10816225E-02       4.15073012E-02
    35.7000       4.10749270E-02       4.14978838E-02
    35.8000       4.10685083E-02       4.14886313E-02
    35.9000       4.10623734E-02       4.14796680E-02
    36.0000       4.10566511E-02       4.14710266E-02
    36.1000       4.10513085E-02       4.14628042E-02
    36.2000       4.10462610E-02       4.14548279E-02
    36.3000       4.10416430E-02       4.14473254E-02
    36.4000       4.10372844E-02       4.14401773E-02
    36.5000       4.10332695E-02       4.14334951E-02
    36.6000       4.10295297E-02       4.14272077E-02
    36.7000       4.10259778E-02       4.14212348E-02
    36.8000       4.10225952E-02       4.14155993E-02
    36.9000       4.10193689E-02       4.14102642E-02
    37.0000       4.10162669E-02       4.14052882E-02
    37.1000       4.10131592E-02       4.14004006E-02
    37.2000       4.10099591E-02       4.13956079E-02
    37.3000       4.10067699E-02       4.13909423E-02
    37.4000       4.10035398E-02       4.13863281E-02
    37.5000       4.10002609E-02       4.13816545E-02
    37.6000       4.09968697E-02       4.13768364E-02
    37.7000       4.09934555E-02       4.13719202E-02
    37.8000       4.09899251E-02       4.13668528E-02
    37.9000       4.09863232E-02       4.13615555E-02
    38.0000       4.09826426E-02       4.13560779E-02
    38.1000       4.09788727E-02       4.13504026E-02
    38.2000       4.09750346E-02       4.13446037E-02
    38.3000       4.09710771E-02       4.13385743E-02
    38.4000       4.09671030E-02       4.13325030E-02
    38.5000       4.09630464E-02       4.13262903E-02
    38.6000       4.09588600E-02       4.13200014E-02
    38.7000       4.09546312E-02       4.13137202E-02
    38.8000       4.09502796E-02       4.13073639E-02
    38.9000       4.09458374E-02       4.13010500E-02
    39.0000       4.09412826E-02       4.12947265E-02
    39.1000       4.09366514E-02       4.12884778E-02
    39.2000       4.09319840E-02       4.12823000E-02
    39.3000       4.09271202E-02       4.12760619E-02
    39.4000       4.09221898E-02       4.12698621E-02
    39.5000       4.09172929E-02       4.12637577E-02
    39.6000       4.09123453E-02       4.12576380E-02
    39.7000       4.09074064E-02       4.12516252E-02
    39.8000       4.09024933E-02       4.12456255E-02
    39.9000       4.08976828E-02       4.12397298E-02
    40.0000       4.08929356E-02       4.12338927E-02
    40.1000       4.08884126E-02       4.12281951E-02
    40.2000       4.08841232E-02       4.12226724E-02
    40.3000       4.08800472E-02       4.12172886E-02
    40.4000       4.08761763E-02       4.12120688E-02
    40.5000       4.08725555E-02       4.12070370E-02
    40.6000       4.08692402E-02       4.12022906E-02
    40.7000       4.08661612E-02       4.11977187E-02
    40.8000       4.08633542E-02       4.11934736E-02
    40.9000       4.08607407E-02       4.11894366E-02
    41.0000       4.08583057E-02       4.11856303E-02
    41.1000       4.08560006E-02       4.11820281E-02
    41.2000       4.08537917E-02       4.11785890E-02
    41.3000       4.08516668E-02       4.11753423E-02
    41.4000       4.08495432E-02       4.11721882E-02
    41.5000       4.08473467E-02       4.11690633E-02
    41.6000       4.08450954E-02       4.11659792E-02
    41.7000       4.08426894E-02       4.11628383E-02
    41.8000       4.08401714E-02       4.11596415E-02
    41.9000       4.08374314E-02       4.11563139E-02
    42.0000       4.08344898E-02       4.11527898E-02
    42.1000       4.08314142E-02       4.11491119E-02
    42.2000       4.08281791E-02       4.11453072E-02
    42.3000       4.08247533E-02       4.11412746E-02
    42.4000       4.08212136E-02       4.11370829E-02
    42.5000       4.08176063E-02       4.11327121E-02
    42.6000       4.08139815E-02       4.11282692E-02
    42.7000       4.08102427E-02       4.11236505E-02
    42.8000       4.08065661E-02       4.11189687E-02
    42.9000       4.08029699E-02       4.11143201E-02
    43.0000       4.07994282E-02       4.11096758E-02
    43.1000       4.07959761E-02       4.11050355E-02
    43.2000       4.07925734E-02       4.11004876E-02
    43.3000       4.07892948E-02       4.10960359E-02
    43.4000       4.07861823E-02       4.10917164E-02
    43.5000       4.07831746E-02       4.10875169E-02
    43.6000       4.07802712E-02       4.10834590E-02
    43.7000       4.07773864E-02       4.10794612E-02
    43.8000       4.07745922E-02       4.10755763E-02
    43.9000       4.07718820E-02       4.10718169E-02
    44.0000       4.07691541E-02       4.10680925E-02
    44.1000       4.07665199E-02       4.10644748E-02
    44.2000       4.07638493E-02       4.10608473E-02
    44.3000       4.07611828E-02       4.10572599E-02
    44.4000       4.07585172E-02       4.10536519E-02
    44.5000       4.07558548E-02       4.10500403E-02
    44.6000       4.07532003E-02       4.10463901E-02
    44.7000       4.07505778E-02       4.10427346E-02
    44.8000       4.07479223E-02       4.10390224E-02
    44.9000       4.07453140E-02       4.10352991E-02
    45.0000       4.07427578E-02       4.10315744E-02
    45.1000       4.07402128E-02       4.10278412E-02
    45.2000       4.07377835E-02       4.10241859E-02
    45.3000       4.07353417E-02       4.10205103E-02
    45.4000       4.07329821E-02       4.10169072E-02
    45.5000       4.07306381E-02       4.10132945E-02
    45.6000       4.07283184E-02       4.10097724E-02
    45.7000       4.07260745E-02       4.10063527E-02
    45.8000       4.07238808E-02       4.10029819E-02
    45.9000       4.07217065E-02       4.09996904E-02
    46.0000       4.07195284E-02       4.09964743E-02
    46.1000       4.07173739E-02       4.09933333E-02
    46.2000       4.07152015E-02       4.09902137E-02
    46.3000       4.07129839E-02       4.09871089E-02
    46.4000       4.07107364E-02       4.09840711E-02
    46.5000       4.07084025E-02       4.09809777E-02
    46.6000       4.07060805E-02       4.09779440E-02
    46.7000       4.07037291E-02       4.09749133E-02
    46.8000       4.07013162E-02       4.09718601E-02
    46.9000       4.06988843E-02       4.09688225E-02
    47.0000       4.06964748E-02       4.09658500E-02
    47.1000       4.06939775E-02       4.09627658E-02
    47.2000       4.06915250E-02       4.09597465E-02
    47.3000       4.06890557E-02       4.09567145E-02
    47.4000       4.06866077E-02       4.09536785E-02
    47.5000       4.06841800E-02       4.09506426E-02
    47.6000       4.06817867E-02       4.09475990E-02
    47.7000       4.06794077E-02       4.09445950E-02
    47.8000       4.06770968E-02       4.09416062E-02
    47.9000       4.06748258E-02       4.09385521E-02
    48.0000       4.06725677E-02       4.09354688E-02
    48.1000       4.06703879E-02       4.09324057E-02
    48.2000       4.06681642E-02       4.09292915E-02
    48.3000       4.06659188E-02       4.09261252E-02
    48.4000       4.06637478E-02       4.09229996E-02
    48.5000       4.06615275E-02       4.09197823E-02
    48.6000       4.06592657E-02       4.09165583E-02
    48.7000       4.06570043E-02       4.09132871E-02
    48.8000       4.06547603E-02       4.09100349E-02
    48.9000       4.06525189E-02       4.09067948E-02
    49.0000       4.06502726E-02       4.09035588E-02
    49.1000       4.06480624E-02       4.09004379E-02
    49.2000       4.06458694E-02       4.08973201E-02
    49.3000       4.06437580E-02       4.08942951E-02
    49.4000       4.06416152E-02       4.08912929E-02
    49.5000       4.06395281E-02       4.08883841E-02
    49.6000       4.06374915E-02       4.08855245E-02
    49.7000       4.06355396E-02       4.08828084E-02
    49.8000       4.06336770E-02       4.08802001E-02
    49.9000       4.06319233E-02       4.08776580E-02
    50.0000       4.06301957E-02       4.08751869E-02
    50.1000       4.06285625E-02       4.08728049E-02
    50.2000       4.06270043E-02       4.08705197E-02
    50.3000       4.06254411E-02       4.08682599E-02
    50.4000       4.06239500E-02       4.08660429E-02
    50.5000       4.06224737E-02       4.08639045E-02
    50.6000       4.06210472E-02       4.08617912E-02
    50.7000       4.06195853E-02       4.08596415E-02
    50.8000       4.06180497E-02       4.08574569E-02
    50.9000       4.06164965E-02       4.08552362E-02
    51.0000       4.06148645E-02       4.08529794E-02
    51.1000       4.06132001E-02       4.08506740E-02
    51.2000       4.06114678E-02       4.08482782E-02
    51.3000       4.06096635E-02       4.08458009E-02
    51.4000       4.06078339E-02       4.08433156E-02
    51.5000       4.06059232E-02       4.08407535E-02
    51.6000       4.06039999E-02       4.08381481E-02
    51.7000       4.06019682E-02       4.08354398E-02
    51.8000       4.05999561E-02       4.08327061E-02
    51.9000       4.05979251E-02       4.08299370E-02
    52.0000       4.05958608E-02       4.08271643E-02
    52.1000       4.05938436E-02       4.08243889E-02
    52.2000       4.05918478E-02       4.08216148E-02
    52.3000       4.05898514E-02       4.08188715E-02
    52.4000       4.05879247E-02       4.08161778E-02
    52.5000       4.05860621E-02       4.08135551E-02
    52.6000       4.05842309E-02       4.08110126E-02
    52.7000       4.05824563E-02       4.08084785E-02
    52.8000       4.05807541E-02       4.08060782E-02
    52.9000       4.05790788E-02       4.08037286E-02
    53.0000       4.05774633E-02       4.08014552E-02
    53.1000       4.05758901E-02       4.07992433E-02
    53.2000       4.05743830E-02       4.07971330E-02
    53.3000       4.05729124E-02       4.07951048E-02
    53.4000       4.05714896E-02       4.07931178E-02
    53.5000       4.05700861E-02       4.07911877E-02
    53.6000       4.05687404E-02       4.07892762E-02
    53.7000       4.05673810E-02       4.07873904E-02
    53.8000       4.05660311E-02       4.07855185E-02
    53.9000       4.05647037E-02       4.07836686E-02
    54.0000       4.05633332E-02       4.07817738E-02
    54.1000       4.05619313E-02       4.07798501E-02
    54.2000       4.05605479E-02       4.07779521E-02
    54.3000       4.05591711E-02       4.07760662E-02
    54.4000       4.05577740E-02       4.07741684E-02
    54.5000       4.05563693E-02       4.07722390E-02
    54.6000       4.05549168E-02       4.07703031E-02
    54.7000       4.05534507E-02       4.07683066E-02
    54.8000       4.05519778E-02       4.07663196E-02
    54.9000       4.05505217E-02       4.07643363E-02
    55.0000       4.05490547E-02       4.07623436E-02
    55.1000       4.05475570E-02       4.07603473E-02
    55.2000       4.05460855E-02       4.07583382E-02
    55.3000       4.05446259E-02       4.07563200E-02
    55.4000       4.05431635E-02       4.07543438E-02
    55.5000       4.05416876E-02       4.07523544E-02
    55.6000       4.05402697E-02       4.07503825E-02
    55.7000       4.05388436E-02       4.07484171E-02
    55.8000       4.05373879E-02       4.07464645E-02
    55.9000       4.05359529E-02       4.07445124E-02
    56.0000       4.05345251E-02       4.07425850E-02
    56.1000       4.05330831E-02       4.07406284E-02
    56.2000       4.05316620E-02       4.07386887E-02
    56.3000       4.05302350E-02       4.07367553E-02
    56.4000       4.05288073E-02       4.07348039E-02
    56.5000       4.05273687E-02       4.07328632E-02
    56.6000       4.05259620E-02       4.07309594E-02
    56.7000       4.05245365E-02       4.07290280E-02
    56.8000       4.05231663E-02       4.07271196E-02
    56.9000       4.05218320E-02       4.07252756E-02
    57.0000       4.05205179E-02       4.07234340E-02
    57.1000       4.05192231E-02       4.07216082E-02
    57.2000       4.05179513E-02       4.07198054E-02
    57.3000       4.05167139E-02       4.07180330E-02
    57.4000       4.05154930E-02       4.07163077E-02
    57.5000       4.05143153E-02       4.07146409E-02
    57.6000       4.05131549E-02       4.07129841E-02
    57.7000       4.05120429E-02       4.07113934E-02
    57.8000       4.05109702E-02       4.07098389E-02
    57.9000       4.05098962E-02       4.07083285E-02
    58.0000       4.05088527E-02       4.07068418E-02
    58.1000       4.05077918E-02       4.07053854E-02
    58.2000       4.05067140E-02       4.07038813E-02
    58.3000       4.05056302E-02       4.07023946E-02
    58.4000       4.05045579E-02       4.07009229E-02
    58.5000       4.05034512E-02       4.06994197E-02
    58.6000       4.05023523E-02       4.06978975E-02
    58.7000       4.05011939E-02       4.06963280E-02
    58.8000       4.04999869E-02       4.06946546E-02
    58.9000       4.04988104E-02       4.06929883E-02
    59.0000       4.04975970E-02       4.06912703E-02
    59.1000       4.04963733E-02       4.06894892E-02
    59.2000       4.04951488E-02       4.06877087E-02
    59.3000       4.04938705E-02       4.06858434E-02
    59.4000       4.04926361E-02       4.06840200E-02
    59.5000       4.04913747E-02       4.06821522E-02
    59.6000       4.04901597E-02       4.06803084E-02
    59.7000       4.04889401E-02       4.06784751E-02
    59.8000       4.04877080E-02       4.06766517E-02
    59.9000       4.04865176E-02       4.06748650E-02
    60.0000       4.04853497E-02       4.06731274E-02
    60.1000       4.04842123E-02       4.06714775E-02
    60.2000       4.04830919E-02       4.06698555E-02
    60.3000       4.04820325E-02       4.06683245E-02
    60.4000       4.04809872E-02       4.06668531E-02
    60.5000       4.04799693E-02       4.06654381E-02
    60.6000       4.04789733E-02       4.06640515E-02
    60.7000       4.04780010E-02       4.06627314E-02
    60.8000       4.04770084E-02       4.06614019E-02
    60.9000       4.04760607E-02       4.06600912E-02
    61.0000       4.04751304E-02       4.06588111E-02
    61.1000       4.04742102E-02       4.06575196E-02
    61.2000       4.04732927E-02       4.06562434E-02
    61.3000       4.04723557E-02       4.06549325E-02
    61.4000       4.04714297E-02       4.06536014E-02
    61.5000       4.04704614E-02       4.06522493E-02
    61.6000       4.04695172E-02       4.06509085E-02
    61.7000       4.04685443E-02       4.06495084E-02
    61.8000       4.04675676E-02       4.06481025E-02
    61.9000       4.04665613E-02       4.06466818E-02
    62.0000       4.04655960E-02       4.06452870E-02
    62.1000       4.04645978E-02       4.06438656E-02
    62.2000       4.04635763E-02       4.06424654E-02
    62.3000       4.04625829E-02       4.06410748E-02
    62.4000       4.04615493E-02       4.06396278E-02
    62.5000       4.04605155E-02       4.06382143E-02
    62.6000       4.04594845E-02       4.06367507E-02
    62.7000       4.04584582E-02       4.06353245E-02
    62.8000       4.04574295E-02       4.06338827E-02
    62.9000       4.04564283E-02       4.06324649E-02
    63.0000       4.04554190E-02       4.06310291E-02
    63.1000       4.04544332E-02       4.06296003E-02
    63.2000       4.04534672E-02       4.06281751E-02
    63.3000       4.04524966E-02       4.06267411E-02
    63.4000       4.04515296E-02       4.06253236E-02
    63.5000       4.04505711E-02       4.06239056E-02
    63.6000       4.04496646E-02       4.06225282E-02
    63.7000       4.04487276E-02       4.06211417E-02
    63.8000       4.04478392E-02       4.06197963E-02
    63.9000       4.04469755E-02       4.06185120E-02
    64.0000       4.04461226E-02       4.06172345E-02
    64.1000       4.04453114E-02       4.06160247E-02
    64.2000       4.04444994E-02       4.06148416E-02
    64.3000       4.04437223E-02       4.06136964E-02
    64.4000       4.04429628E-02       4.06125874E-02
    64.5000       4.04421993E-02       4.06115035E-02
    64.6000       4.04414597E-02       4.06104515E-02
    64.7000       4.04407209E-02       4.06094060E-02
    64.8000       4.04399628E-02       4.06083477E-02
    64.9000       4.04392487E-02       4.06073172E-02
    65.0000       4.04385313E-02       4.06062661E-02
    65.1000       4.04377870E-02       4.06052112E-02
    65.2000       4.04370645E-02       4.06041552E-02
    65.3000       4.04363060E-02       4.06030731E-02
    65.4000       4.04355318E-02       4.06019390E-02
    65.5000       4.04347544E-02       4.06007914E-02
    65.6000       4.04339497E-02       4.05996283E-02
    65.7000       4.04331465E-02       4.05984533E-02
    65.8000       4.04323259E-02       4.05972508E-02
    65.9000       4.04315034E-02       4.05960376E-02
    66.0000       4.04306872E-02       4.05948209E-02
    66.1000       4.04298481E-02       4.05935766E-02
    66.2000       4.04290134E-02       4.05923324E-02
    66.3000       4.04281786E-02       4.05911231E-02
    66.4000       4.04273274E-02       4.05898947E-02
    66.5000       4.04265143E-02       4.05887136E-02
    66.6000       4.04257077E-02       4.05875515E-02
    66.7000       4.04249289E-02       4.05863952E-02
    66.8000       4.04241550E-02       4.05852787E-02
    66.9000       4.04234272E-02       4.05841948E-02
    67.0000       4.04226834E-02       4.05830962E-02
    67.1000       4.04219593E-02       4.05820202E-02
    67.2000       4.04212794E-02       4.05810105E-02
    67.3000       4.04206240E-02       4.05800163E-02
    67.4000       4.04199833E-02       4.05790394E-02
    67.5000       4.04193546E-02       4.05780952E-02
    67.6000       4.04187531E-02       4.05771675E-02
    67.7000       4.04181441E-02       4.05762370E-02
    67.8000       4.04175318E-02       4.05753204E-02
    67.9000       4.04169040E-02       4.05743856E-02
    68.0000       4.04162922E-02       4.05734288E-02
    68.1000       4.04156501E-02       4.05724834E-02
    68.2000       4.04150170E-02       4.05715421E-02
    68.3000       4.04143611E-02       4.05705605E-02
    68.4000       4.04137023E-02       4.05695904E-02
    68.5000       4.04130186E-02       4.05685884E-02
    68.6000       4.04123139E-02       4.05675680E-02
    68.7000       4.04116046E-02       4.05665425E-02
    68.8000       4.04108864E-02       4.05655145E-02
    68.9000       4.04101571E-02       4.05644793E-02
    69.0000       4.04094398E-02       4.05634557E-02
    69.1000       4.04087266E-02       4.05624296E-02
    69.2000       4.04080301E-02       4.05614159E-02
    69.3000       4.04073362E-02       4.05604194E-02
    69.4000       4.04066640E-02       4.05594445E-02
    69.5000       4.04059792E-02       4.05584528E-02
    69.6000       4.04053256E-02       4.05575195E-02
    69.7000       4.04047140E-02       4.05566085E-02
    69.8000       4.04041163E-02       4.05557060E-02
    69.9000       4.04035326E-02       4.05548472E-02
    70.0000       4.04029678E-02       4.05539958E-02
    70.1000       4.04023851E-02       4.05531321E-02
    70.2000       4.04018224E-02       4.05523035E-02
    70.3000       4.04012810E-02       4.05514849E-02
    70.4000       4.04007325E-02       4.05506700E-02
    70.5000       4.04001800E-02       4.05498563E-02
    70.6000       4.03996185E-02       4.05490625E-02
    70.7000       4.03990601E-02       4.05482708E-02
    70.8000       4.03984828E-02       4.05474648E-02
    70.9000       4.03979002E-02       4.05466371E-02
    71.0000       4.03973099E-02       4.05458136E-02
    71.1000       4.03967045E-02       4.05449616E-02
    71.2000       4.03960870E-02       4.05440797E-02
    71.3000       4.03954834E-02       4.05432160E-02
    71.4000       4.03948881E-02       4.05423416E-02
    71.5000       4.03942546E-02       4.05414233E-02
    71.6000       4.03936308E-02       4.05404790E-02
    71.7000       4.03930227E-02       4.05395511E-02
    71.8000       4.03924339E-02       4.05386361E-02
    71.9000       4.03918435E-02       4.05377288E-02
    72.0000       4.03912914E-02       4.05368120E-02
    72.1000       4.03907400E-02       4.05359149E-02
    72.2000       4.03901753E-02       4.05350398E-02
    72.3000       4.03896450E-02       4.05342019E-02
    72.4000       4.03891249E-02       4.05333573E-02
    72.5000       4.03886292E-02       4.05325541E-02
    72.6000       4.03881548E-02       4.05317851E-02
    72.7000       4.03876756E-02       4.05310313E-02
    72.8000       4.03872238E-02       4.05303013E-02
    72.9000       4.03867842E-02       4.05296141E-02
    73.0000       4.03863112E-02       4.05288859E-02
    73.1000       4.03858527E-02       4.05281853E-02
    73.2000       4.03853894E-02       4.05274940E-02
    73.3000       4.03849390E-02       4.05267997E-02
    73.4000       4.03844759E-02       4.05260769E-02
    73.5000       4.03840034E-02       4.05253508E-02
    73.6000       4.03835346E-02       4.05246211E-02
    73.7000       4.03830785E-02       4.05238871E-02
    73.8000       4.03825941E-02       4.05231316E-02
    73.9000       4.03821338E-02       4.05223757E-02
    74.0000       4.03816658E-02       4.05216259E-02
    74.1000       4.03812238E-02       4.05208931E-02
    74.2000       4.03807536E-02       4.05201363E-02
    74.3000       4.03802904E-02       4.05193875E-02
    74.4000       4.03798516E-02       4.05186752E-02
    74.5000       4.03793901E-02       4.05179572E-02
    74.6000       4.03789279E-02       4.05172252E-02
    74.7000       4.03784610E-02       4.05164909E-02
    74.8000       4.03779945E-02       4.05157923E-02
    74.9000       4.03775123E-02       4.05151009E-02
    75.0000       4.03770475E-02       4.05144129E-02
    75.1000       4.03765733E-02       4.05137281E-02
    75.2000       4.03761002E-02       4.05130598E-02
    75.3000       4.03756430E-02       4.05123858E-02
    75.4000       4.03751771E-02       4.05117232E-02
    75.5000       4.03746989E-02       4.05110407E-02
    75.6000       4.03742300E-02       4.05103508E-02
    75.7000       4.03737606E-02       4.05096574E-02
    75.8000       4.03732919E-02       4.05089499E-02
    75.9000       4.03728421E-02       4.05082719E-02
    76.0000       4.03723804E-02       4.05075696E-02
    76.1000       4.03719206E-02       4.05068806E-02
    76.2000       4.03714649E-02       4.05061835E-02
    76.3000       4.03710326E-02       4.05055081E-02
    76.4000       4.03705968E-02       4.05048397E-02
    76.5000       4.03701992E-02       4.05041891E-02
    76.6000       4.03697817E-02       4.05035375E-02
    76.7000       4.03693854E-02       4.05029018E-02
    76.8000       4.03689721E-02       4.05022763E-02
    76.9000       4.03685895E-02       4.05016623E-02
    77.0000       4.03682106E-02       4.05010651E-02
    77.1000       4.03678455E-02       4.05004843E-02
    77.2000       4.03674780E-02       4.04999071E-02
    77.3000       4.03670934E-02       4.04993122E-02
    77.4000       4.03666943E-02       4.04986993E-02
    77.5000       4.03663332E-02       4.04981179E-02
    77.6000       4.03659498E-02       4.04975297E-02
    77.7000       4.03655451E-02       4.04969143E-02
    77.8000       4.03651315E-02       4.04962867E-02
    77.9000       4.03647212E-02       4.04956784E-02
    78.0000       4.03643492E-02       4.04950729E-02
    78.1000       4.03639544E-02       4.04944768E-02
    78.2000       4.03635430E-02       4.04938659E-02
    78.3000       4.03631527E-02       4.04932748E-02
    78.4000       4.03627560E-02       4.04926863E-02
    78.5000       4.03623415E-02       4.04920860E-02
    78.6000       4.03619447E-02       4.04915079E-02
    78.7000       4.03615413E-02       4.04909272E-02
    78.8000       4.03611641E-02       4.04903660E-02
    78.9000       4.03607718E-02       4.04897953E-02
    79.0000       4.03603760E-02       4.04892281E-02
    79.1000       4.03599854E-02       4.04886597E-02
    79.2000       4.03595834E-02       4.04880788E-02
    79.3000       4.03591847E-02       4.04875044E-02
    79.4000       4.03588057E-02       4.04869420E-02
    79.5000       4.03584194E-02       4.04863671E-02
    79.6000       4.03580394E-02       4.04858010E-02
    79.7000       4.03576533E-02       4.04852309E-02
    79.8000       4.03572833E-02       4.04846582E-02
    79.9000       4.03569031E-02       4.04840851E-02
    80.0000       4.03565367E-02       4.04835226E-02
    80.1000       4.03561626E-02       4.04829491E-02
    80.2000       4.03557878E-02       4.04823670E-02
    80.3000       4.03554378E-02       4.04818232E-02
    80.4000       4.03550712E-02       4.04812427E-02
    80.5000       4.03547028E-02       4.04806633E-02
    80.6000       4.03543445E-02       4.04801121E-02
    80.7000       4.03539957E-02       4.04795576E-02
    80.8000       4.03536549E-02       4.04790133E-02
    80.9000       4.03532956E-02       4.04784516E-02
    81.0000       4.03529627E-02       4.04779244E-02
    81.1000       4.03526468E-02       4.04774098E-02
    81.2000       4.03523238E-02       4.04768885E-02
    81.3000       4.03519987E-02       4.04763695E-02
    81.4000       4.03516866E-02       4.04758645E-02
    81.5000       4.03513728E-02       4.04753495E-02
    81.6000       4.03510610E-02       4.04748446E-02
    81.7000       4.03507500E-02       4.04743497E-02
    81.8000       4.03504371E-02       4.04738492E-02
    81.9000       4.03501128E-02       4.04733386E-02
    82.0000       4.03498065E-02       4.04728571E-02
    82.1000       4.03495051E-02       4.04723774E-02
    82.2000       4.03491953E-02       4.04718982E-02
    82.3000       4.03488827E-02       4.04714102E-02
    82.4000       4.03485662E-02       4.04709302E-02
    82.5000       4.03482355E-02       4.04704222E-02
    82.6000       4.03479179E-02       4.04699244E-02
    82.7000       4.03475942E-02       4.04694314E-02
    82.8000       4.03472479E-02       4.04689014E-02
    82.9000       4.03469023E-02       4.04683784E-02
    83.0000       4.03465669E-02       4.04678605E-02
    83.1000       4.03462157E-02       4.04673340E-02
    83.2000       4.03458799E-02       4.04668239E-02
    83.3000       4.03455511E-02       4.04663167E-02
    83.4000       4.03452296E-02       4.04658230E-02
    83.5000       4.03448889E-02       4.04652975E-02
    83.6000       4.03445637E-02       4.04647867E-02
    83.7000       4.03442496E-02       4.04643031E-02
    83.8000       4.03439331E-02       4.04638200E-02
    83.9000       4.03436360E-02       4.04633497E-02
    84.0000       4.03433353E-02       4.04628766E-02
    84.1000       4.03430371E-02       4.04624138E-02
    84.2000       4.03427449E-02       4.04619424E-02
    84.3000       4.03424751E-02       4.04615085E-02
    84.4000       4.03421991E-02       4.04610530E-02
    84.5000       4.03419124E-02       4.04606046E-02
    84.6000       4.03416345E-02       4.04601611E-02
    84.7000       4.03413549E-02       4.04597140E-02
    84.8000       4.03410735E-02       4.04592794E-02
    84.9000       4.03407876E-02       4.04588380E-02
    85.0000       4.03404956E-02       4.04583945E-02
    85.1000       4.03402151E-02       4.04579643E-02
    85.2000       4.03399295E-02       4.04575211E-02
    85.3000       4.03396534E-02       4.04570865E-02
    85.4000       4.03393746E-02       4.04566470E-02
    85.5000       4.03390721E-02       4.04561830E-02
    85.6000       4.03387915E-02       4.04557449E-02
    85.7000       4.03385111E-02       4.04552976E-02
    85.8000       4.03382325E-02       4.04548710E-02
    85.9000       4.03379468E-02       4.04544098E-02
    86.0000       4.03376641E-02       4.04539723E-02
    86.1000       4.03373818E-02       4.04535302E-02
    86.2000       4.03371101E-02       4.04530895E-02
    86.3000       4.03368499E-02       4.04526553E-02
    86.4000       4.03365677E-02       4.04522107E-02
    86.5000       4.03362909E-02       4.04517648E-02
    86.6000       4.03360169E-02       4.04513371E-02
    86.7000       4.03357461E-02       4.04509061E-02
    86.8000       4.03354630E-02       4.04504781E-02
    86.9000       4.03352078E-02       4.04500690E-02
    87.0000       4.03349240E-02       4.04496422E-02
    87.1000       4.03346445E-02       4.04492344E-02
    87.2000       4.03343728E-02       4.04488244E-02
    87.3000       4.03341024E-02       4.04484265E-02
    87.4000       4.03338418E-02       4.04480269E-02
    87.5000       4.03335766E-02       4.04476308E-02
    87.6000       4.03332988E-02       4.04472169E-02
    87.7000       4.03330355E-02       4.04468268E-02
    87.8000       4.03327559E-02       4.04464137E-02
    87.9000       4.03324825E-02       4.04460015E-02
    88.0000       4.03322072E-02       4.04455908E-02
    88.1000       4.03319355E-02       4.04451770E-02
    88.2000       4.03316793E-02       4.04447792E-02
    88.3000       4.03314157E-02       4.04443641E-02
    88.4000       4.03311467E-02       4.04439564E-02
    88.5000       4.03308684E-02       4.04435441E-02
    88.6000       4.03306027E-02       4.04431324E-02
    88.7000       4.03303479E-02       4.04427264E-02
    88.8000       4.03300872E-02       4.04423274E-02
    88.9000       4.03298234E-02       4.04419210E-02
    89.0000       4.03295660E-02       4.04415207E-02
    89.1000       4.03293043E-02       4.04411151E-02
    89.2000       4.03290399E-02       4.04407221E-02
    89.3000       4.03287881E-02       4.04403248E-02
    89.4000       4.03285475E-02       4.04399569E-02
    89.5000       4.03282822E-02       4.04395682E-02
    89.6000       4.03280258E-02       4.04391806E-02
    89.7000       4.03277705E-02       4.04387883E-02
    89.8000       4.03275239E-02       4.04384088E-02
    89.9000       4.03272658E-02       4.04380188E-02
    90.0000       4.03270118E-02       4.04376352E-02
    90.1000       4.03267620E-02       4.04372555E-02
    90.2000       4.03265162E-02       4.04368651E-02
    90.3000       4.03262705E-02       4.04364800E-02
    90.4000       4.03260277E-02       4.04360932E-02
    90.5000       4.03257912E-02       4.04357174E-02
    90.6000       4.03255465E-02       4.04353247E-02
    90.7000       4.03253000E-02       4.04349381E-02
    90.8000       4.03250715E-02       4.04345698E-02
    90.9000       4.03248322E-02       4.04341868E-02
    91.0000       4.03245976E-02       4.04338138E-02
    91.1000       4.03243710E-02       4.04334453E-02
    91.2000       4.03241487E-02       4.04330768E-02
    91.3000       4.03239314E-02       4.04327224E-02
    91.4000       4.03236987E-02       4.04323552E-02
    91.5000       4.03234564E-02       4.04319821E-02
    91.6000       4.03232264E-02       4.04316249E-02
    91.7000       4.03229776E-02       4.04312490E-02
    91.8000       4.03227442E-02       4.04308945E-02
    91.9000       4.03225035E-02       4.04305413E-02
    92.0000       4.03222703E-02       4.04301796E-02
    92.1000       4.03220244E-02       4.04298164E-02
    92.2000       4.03217740E-02       4.04294522E-02
    92.3000       4.03215202E-02       4.04290773E-02
    92.4000       4.03212779E-02       4.04287127E-02
    92.5000       4.03210376E-02       4.04283353E-02
    92.6000       4.03207921E-02       4.04279718E-02
    92.7000       4.03205608E-02       4.04276157E-02
    92.8000       4.03203165E-02       4.04272667E-02
    92.9000       4.03200878E-02       4.04269080E-02
    93.0000       4.03198412E-02       4.04265469E-02
    93.1000       4.03196096E-02       4.04262008E-02
    93.2000       4.03193803E-02       4.04258581E-02
    93.3000       4.03191419E-02       4.04255043E-02
    93.4000       4.03189147E-02       4.04251647E-02
    93.5000       4.03186981E-02       4.04248260E-02
    93.6000       4.03184707E-02       4.04244864E-02
    93.7000       4.03182552E-02       4.04241519E-02
    93.8000       4.03180408E-02       4.04238206E-02
    93.9000       4.03178400E-02       4.04234934E-02
    94.0000       4.03176468E-02       4.04231731E-02
    94.1000       4.03174393E-02       4.04228386E-02
    94.2000       4.03172380E-02       4.04225093E-02
    94.3000       4.03170418E-02       4.04221814E-02
    94.4000       4.03168498E-02       4.04218708E-02
    94.5000       4.03166612E-02       4.04215455E-02
    94.6000       4.03164645E-02       4.04212207E-02
    94.7000       4.03162616E-02       4.04208883E-02
    94.8000       4.03160603E-02       4.04205493E-02
    94.9000       4.03158744E-02       4.04202303E-02
    95.0000       4.03156620E-02       4.04198805E-02
    95.1000       4.03154660E-02       4.04195466E-02
    95.2000       4.03152689E-02       4.04192053E-02
    95.3000       4.03150738E-02       4.04188635E-02
    95.4000       4.03148669E-02       4.04185325E-02
    95.5000       4.03146628E-02       4.04181945E-02
    95.6000       4.03144715E-02       4.04178656E-02
    95.7000       4.03142797E-02       4.04175394E-02
    95.8000       4.03140728E-02       4.04172021E-02
    95.9000       4.03138595E-02       4.04168733E-02
    96.0000       4.03136569E-02       4.04165500E-02
    96.1000       4.03134458E-02       4.04162171E-02
    96.2000       4.03132275E-02       4.04158927E-02
    96.3000       4.03130295E-02       4.04155802E-02
    96.4000       4.03128163E-02       4.04152495E-02
    96.5000       4.03126060E-02       4.04149357E-02
    96.6000       4.03123962E-02       4.04146400E-02
    96.7000       4.03121791E-02       4.04143291E-02
    96.8000       4.03119508E-02       4.04140022E-02
    96.9000       4.03117287E-02       4.04136896E-02
    97.0000       4.03115060E-02       4.04133777E-02
    97.1000       4.03112776E-02       4.04130609E-02
    97.2000       4.03110536E-02       4.04127524E-02
    97.3000       4.03108275E-02       4.04124481E-02
    97.4000       4.03106069E-02       4.04121372E-02
    97.5000       4.03103687E-02       4.04118257E-02
    97.6000       4.03101494E-02       4.04115220E-02
    97.7000       4.03099240E-02       4.04112085E-02
    97.8000       4.03097076E-02       4.04109048E-02
    97.9000       4.03094861E-02       4.04105943E-02
    98.0000       4.03092677E-02       4.04102798E-02
    98.1000       4.03090515E-02       4.04099686E-02
    98.2000       4.03088478E-02       4.04096744E-02
    98.3000       4.03086450E-02       4.04093711E-02
    98.4000       4.03084269E-02       4.04090547E-02
    98.5000       4.03082199E-02       4.04087422E-02
    98.6000       4.03080079E-02       4.04084302E-02
    98.7000       4.03078067E-02       4.04081247E-02
    98.8000       4.03076006E-02       4.04078146E-02
    98.9000       4.03073895E-02       4.04074988E-02
    99.0000       4.03072024E-02       4.04072029E-02
    99.1000       4.03070099E-02       4.04068968E-02
    99.2000       4.03068095E-02       4.04065943E-02
    99.3000       4.03066192E-02       4.04063014E-02
    99.4000       4.03064237E-02       4.04060010E-02
    99.5000       4.03062255E-02       4.04056921E-02
    99.6000       4.03060308E-02       4.04053905E-02
    99.7000       4.03058385E-02       4.04050914E-02
    99.8000       4.03056367E-02       4.04047871E-02
    99.9000       4.03054586E-02       4.04045005E-02
   100.0000       4.03052609E-02       4.04041908E-02
   100.1000       4.03050678E-02       4.04038928E-02
   100.2000       4.03048814E-02       4.04035979E-02
   100.3000       4.03046786E-02       4.04032922E-02
   100.4000       4.03044875E-02       4.04029949E-02
   100.5000       4.03042975E-02       4.04027063E-02
   100.6000       4.03041022E-02       4.04024054E-02
   100.7000       4.03039059E-02       4.04021030E-02
   100.8000       4.03037262E-02       4.04018206E-02
   100.9000       4.03035289E-02       4.04015201E-02
   101.0000       4.03033439E-02       4.04012207E-02
   101.1000       4.03031505E-02       4.04009253E-02
   101.2000       4.03029610E-02       4.04006345E-02
   101.3000       4.03027671E-02       4.04003352E-02
   101.4000       4.03025814E-02       4.04000548E-02
   101.5000       4.03023928E-02       4.03997729E-02
   101.6000       4.03021990E-02       4.03994802E-02
   101.7000       4.03019991E-02       4.03991813E-02
   101.8000       4.03018043E-02       4.03988883E-02
   101.9000       4.03016072E-02       4.03985999E-02
   102.0000       4.03014164E-02       4.03983078E-02
   102.1000       4.03012117E-02       4.03980111E-02
   102.2000       4.03010108E-02       4.03977167E-02
   102.3000       4.03008088E-02       4.03974281E-02
   102.4000       4.03006079E-02       4.03971391E-02
   102.5000       4.03004149E-02       4.03968565E-02
   102.6000       4.03002318E-02       4.03965667E-02
   102.7000       4.03000316E-02       4.03962714E-02
   102.8000       4.02998386E-02       4.03959836E-02
   102.9000       4.02996434E-02       4.03957027E-02
   103.0000       4.02994534E-02       4.03954173E-02
   103.1000       4.02992524E-02       4.03951204E-02
   103.2000       4.02990717E-02       4.03948513E-02
   103.3000       4.02988898E-02       4.03945821E-02
   103.4000       4.02987021E-02       4.03943006E-02
   103.5000       4.02985174E-02       4.03940277E-02
   103.6000       4.02983295E-02       4.03937542E-02
   103.7000       4.02981510E-02       4.03934768E-02
   103.8000       4.02979772E-02       4.03932050E-02
   103.9000       4.02977915E-02       4.03929173E-02
   104.0000       4.02976082E-02       4.03926386E-02
   104.1000       4.02974166E-02       4.03923486E-02
   104.2000       4.02972372E-02       4.03920804E-02
   104.3000       4.02970634E-02       4.03918135E-02
   104.4000       4.02968926E-02       4.03915477E-02
   104.5000       4.02967096E-02       4.03912804E-02
   104.6000       4.02965332E-02       4.03910103E-02
   104.7000       4.02963442E-02       4.03907235E-02
   104.8000       4.02961498E-02       4.03904356E-02
   104.9000       4.02959547E-02       4.03901516E-02
   105.0000       4.02957751E-02       4.03898829E-02
   105.1000       4.02955918E-02       4.03896097E-02
   105.2000       4.02954067E-02       4.03893478E-02
   105.3000       4.02952251E-02       4.03890812E-02
   105.4000       4.02950440E-02       4.03888165E-02
   105.5000       4.02948546E-02       4.03885427E-02
   105.6000       4.02946613E-02       4.03882665E-02
   105.7000       4.02944744E-02       4.03880000E-02
   105.8000       4.02942821E-02       4.03877322E-02
   105.9000       4.02941045E-02       4.03874745E-02
   106.0000       4.02939219E-02       4.03872116E-02
   106.1000       4.02937372E-02       4.03869444E-02
   106.2000       4.02935614E-02       4.03866884E-02
   106.3000       4.02933743E-02       4.03864263E-02
   106.4000       4.02932082E-02       4.03861818E-02
   106.5000       4.02930219E-02       4.03859113E-02
   106.6000       4.02928325E-02       4.03856495E-02
   106.7000       4.02926491E-02       4.03853843E-02
   106.8000       4.02924730E-02       4.03851245E-02
   106.9000       4.02923059E-02       4.03848767E-02
   107.0000       4.02921310E-02       4.03846186E-02
   107.1000       4.02919539E-02       4.03843504E-02
   107.2000       4.02917671E-02       4.03840836E-02
   107.3000       4.02915857E-02       4.03838073E-02
   107.4000       4.02914113E-02       4.03835407E-02
   107.5000       4.02912345E-02       4.03832745E-02
   107.6000       4.02910560E-02       4.03830024E-02
   107.7000       4.02908737E-02       4.03827397E-02
   107.8000       4.02907068E-02       4.03824877E-02
   107.9000       4.02905360E-02       4.03822329E-02
   108.0000       4.02903431E-02       4.03819701E-02
   108.1000       4.02901717E-02       4.03817163E-02
   108.2000       4.02899904E-02       4.03814529E-02
   108.3000       4.02898029E-02       4.03811792E-02
   108.4000       4.02896315E-02       4.03809315E-02
   108.5000       4.02894478E-02       4.03806733E-02
   108.6000       4.02892774E-02       4.03804261E-02
   108.7000       4.02891028E-02       4.03801735E-02
   108.8000       4.02889084E-02       4.03799051E-02
   108.9000       4.02887271E-02       4.03796478E-02
   109.0000       4.02885519E-02       4.03793940E-02
   109.1000       4.02883654E-02       4.03791328E-02
   109.2000       4.02881882E-02       4.03788836E-02
   109.3000       4.02880023E-02       4.03786300E-02
   109.4000       4.02878259E-02       4.03783732E-02
   109.5000       4.02876452E-02       4.03781077E-02
   109.6000       4.02874541E-02       4.03778428E-02
   109.7000       4.02872766E-02       4.03775886E-02
   109.8000       4.02871116E-02       4.03773445E-02
   109.9000       4.02869303E-02       4.03770879E-02
   110.0000       4.02867614E-02       4.03768475E-02
   110.1000       4.02865787E-02       4.03765885E-02
   110.2000       4.02864027E-02       4.03763447E-02
   110.3000       4.02862322E-02       4.03760996E-02
   110.4000       4.02860650E-02       4.03758546E-02
   110.5000       4.02858896E-02       4.03755988E-02
   110.6000       4.02857174E-02       4.03753459E-02
   110.7000       4.02855445E-02       4.03750994E-02
   110.8000       4.02853855E-02       4.03748620E-02
   110.9000       4.02852149E-02       4.03746042E-02
   111.0000       4.02850516E-02       4.03743641E-02
   111.1000       4.02848829E-02       4.03741133E-02
   111.2000       4.02847059E-02       4.03738540E-02
   111.3000       4.02845417E-02       4.03736048E-02
   111.4000       4.02843817E-02       4.03733581E-02
   111.5000       4.02842152E-02       4.03731132E-02
   111.6000       4.02840466E-02       4.03728605E-02
   111.7000       4.02838754E-02       4.03726131E-02
   111.8000       4.02836988E-02       4.03723589E-02
   111.9000       4.02835271E-02       4.03721150E-02
   112.0000       4.02833662E-02       4.03718761E-02
   112.1000       4.02832015E-02       4.03716334E-02
   112.2000       4.02830323E-02       4.03713839E-02
   112.3000       4.02828609E-02       4.03711312E-02
   112.4000       4.02826926E-02       4.03708883E-02
   112.5000       4.02825215E-02       4.03706445E-02
   112.6000       4.02823514E-02       4.03703984E-02
   112.7000       4.02821833E-02       4.03701582E-02
   112.8000       4.02820097E-02       4.03699145E-02
   112.9000       4.02818356E-02       4.03696673E-02
   113.0000       4.02816625E-02       4.03694181E-02
   113.1000       4.02814909E-02       4.03691647E-02
   113.2000       4.02813261E-02       4.03689277E-02
   113.3000       4.02811562E-02       4.03686947E-02
   113.4000       4.02809959E-02       4.03684606E-02
   113.5000       4.02808228E-02       4.03682206E-02
   113.6000       4.02806553E-02       4.03679864E-02
   113.7000       4.02804763E-02       4.03677433E-02
   113.8000       4.02803046E-02       4.03675036E-02
   113.9000       4.02801383E-02       4.03672751E-02
   114.0000       4.02799745E-02       4.03670448E-02
   114.1000       4.02798077E-02       4.03668114E-02
   114.2000       4.02796418E-02       4.03665725E-02
   114.3000       4.02794746E-02       4.03663341E-02
   114.4000       4.02793006E-02       4.03660876E-02
   114.5000       4.02791342E-02       4.03658467E-02
   114.6000       4.02789696E-02       4.03656091E-02
   114.7000       4.02788068E-02       4.03653736E-02
   114.8000       4.02786444E-02       4.03651403E-02
   114.9000       4.02784863E-02       4.03649096E-02
   115.0000       4.02783127E-02       4.03646657E-02
   115.1000       4.02781586E-02       4.03644355E-02
   115.2000       4.02779861E-02       4.03641978E-02
   115.3000       4.02778236E-02       4.03639653E-02
   115.4000       4.02776602E-02       4.03637329E-02
   115.5000       4.02774944E-02       4.03635013E-02
   115.6000       4.02773322E-02       4.03632724E-02
   115.7000       4.02771656E-02       4.03630348E-02
   115.8000       4.02770027E-02       4.03628029E-02
   115.9000       4.02768347E-02       4.03625687E-02
   116.0000       4.02766677E-02       4.03623368E-02
   116.1000       4.02764976E-02       4.03620991E-02
   116.2000       4.02763382E-02       4.03618758E-02
   116.3000       4.02761734E-02       4.03616451E-02
   116.4000       4.02760098E-02       4.03614129E-02
   116.5000       4.02758405E-02       4.03611810E-02
   116.6000       4.02756795E-02       4.03609576E-02
   116.7000       4.02755165E-02       4.03607324E-02
   116.8000       4.02753466E-02       4.03604991E-02
   116.9000       4.02751745E-02       4.03602677E-02
   117.0000       4.02750082E-02       4.03600363E-02
   117.1000       4.02748456E-02       4.03598094E-02
   117.2000       4.02746803E-02       4.03595754E-02
   117.3000       4.02745111E-02       4.03593526E-02
   117.4000       4.02743416E-02       4.03591269E-02
   117.5000       4.02741729E-02       4.03588917E-02
   117.6000       4.02740091E-02       4.03586692E-02
   117.7000       4.02738394E-02       4.03584429E-02
   117.8000       4.02736696E-02       4.03582110E-02
   117.9000       4.02735004E-02       4.03579840E-02
   118.0000       4.02733254E-02       4.03577522E-02
   118.1000       4.02731585E-02       4.03575225E-02
   118.2000       4.02729859E-02       4.03572925E-02
   118.3000       4.02728167E-02       4.03570616E-02
   118.4000       4.02726462E-02       4.03568392E-02
   118.5000       4.02724748E-02       4.03566115E-02
   118.6000       4.02723077E-02       4.03563921E-02
   118.7000       4.02721360E-02       4.03561635E-02
   118.8000       4.02719770E-02       4.03559389E-02
   118.9000       4.02717997E-02       4.03557000E-02
   119.0000       4.02716224E-02       4.03554625E-02
   119.1000       4.02714443E-02       4.03552340E-02
   119.2000       4.02712724E-02       4.03550017E-02
   119.3000       4.02711144E-02       4.03547841E-02
   119.4000       4.02709419E-02       4.03545519E-02
   119.5000       4.02707762E-02       4.03543189E-02
   119.6000       4.02706058E-02       4.03540922E-02
   119.7000       4.02704423E-02       4.03538677E-02
   119.8000       4.02702724E-02       4.03536347E-02
   119.9000       4.02701040E-02       4.03533961E-02
   120.0000       4.02699438E-02       4.03531727E-02
   120.1000       4.02697772E-02       4.03529442E-02
   120.2000       4.02696133E-02       4.03527227E-02
   120.3000       4.02694467E-02       4.03524913E-02
   120.4000       4.02692815E-02       4.03522626E-02
   120.5000       4.02691180E-02       4.03520335E-02
   120.6000       4.02689583E-02       4.03518087E-02
   120.7000       4.02687868E-02       4.03515715E-02
   120.8000       4.02686248E-02       4.03513405E-02
   120.9000       4.02684667E-02       4.03511102E-02
   121.0000       4.02683087E-02       4.03508848E-02
   121.1000       4.02681510E-02       4.03506593E-02
   121.2000       4.02679914E-02       4.03504280E-02
   121.3000       4.02678293E-02       4.03501977E-02
   121.4000       4.02676720E-02       4.03499775E-02
   121.5000       4.02674997E-02       4.03497402E-02
   121.6000       4.02673351E-02       4.03495115E-02
   121.7000       4.02671684E-02       4.03492857E-02
   121.8000       4.02670054E-02       4.03490615E-02
   121.9000       4.02668392E-02       4.03488357E-02
   122.0000       4.02666634E-02       4.03486008E-02
   122.1000       4.02665007E-02       4.03483727E-02
   122.2000       4.02663371E-02       4.03481557E-02
   122.3000       4.02661590E-02       4.03479230E-02
   122.4000       4.02659887E-02       4.03477040E-02
   122.5000       4.02658210E-02       4.03474767E-02
   122.6000       4.02656515E-02       4.03472575E-02
   122.7000       4.02654824E-02       4.03470348E-02
   122.8000       4.02653033E-02       4.03468070E-02
   122.9000       4.02651319E-02       4.03465871E-02
   123.0000       4.02649584E-02       4.03463647E-02
   123.1000       4.02647859E-02       4.03461429E-02
   123.2000       4.02646074E-02       4.03459160E-02
   123.3000       4.02644345E-02       4.03457007E-02
   123.4000       4.02642631E-02       4.03454814E-02
   123.5000       4.02640850E-02       4.03452526E-02
   123.6000       4.02639142E-02       4.03450335E-02
   123.7000       4.02637424E-02       4.03448139E-02
   123.8000       4.02635729E-02       4.03445907E-02
   123.9000       4.02634004E-02       4.03443689E-02
   124.0000       4.02632320E-02       4.03441528E-02
   124.1000       4.02630657E-02       4.03439356E-02
   124.2000       4.02628935E-02       4.03437107E-02
   124.3000       4.02627277E-02       4.03434907E-02
   124.4000       4.02625621E-02       4.03432689E-02
   124.5000       4.02623966E-02       4.03430484E-02
   124.6000       4.02622381E-02       4.03428327E-02
   124.7000       4.02620790E-02       4.03426167E-02
   124.8000       4.02619185E-02       4.03423975E-02
   124.9000       4.02617632E-02       4.03421859E-02
   125.0000       4.02616014E-02       4.03419582E-02
   125.1000       4.02614398E-02       4.03417333E-02
   125.2000       4.02612793E-02       4.03415109E-02
   125.3000       4.02611204E-02       4.03412913E-02
   125.4000       4.02609666E-02       4.03410764E-02
   125.5000       4.02608111E-02       4.03408588E-02
   125.6000       4.02606522E-02       4.03406409E-02
   125.7000       4.02604911E-02       4.03404224E-02
   125.8000       4.02603320E-02       4.03402002E-02
   125.9000       4.02601706E-02       4.03399780E-02
   126.0000       4.02600090E-02       4.03397517E-02
   126.1000       4.02598494E-02       4.03395379E-02
   126.2000       4.02596804E-02       4.03393135E-02
   126.3000       4.02595170E-02       4.03390957E-02
   126.4000       4.02593471E-02       4.03388705E-02
   126.5000       4.02591800E-02       4.03386480E-02
   126.6000       4.02590128E-02       4.03384280E-02
   126.7000       4.02588485E-02       4.03382167E-02
   126.8000       4.02586773E-02       4.03379957E-02
   126.9000       4.02585111E-02       4.03377814E-02
   127.0000       4.02583415E-02       4.03375643E-02
   127.1000       4.02581746E-02       4.03373500E-02
   127.2000       4.02579971E-02       4.03371349E-02
   127.3000       4.02578223E-02       4.03369186E-02
   127.4000       4.02576538E-02       4.03367004E-02
   127.5000       4.02574820E-02       4.03364770E-02
   127.6000       4.02573091E-02       4.03362593E-02
   127.7000       4.02571323E-02       4.03360318E-02
   127.8000       4.02569559E-02       4.03358094E-02
   127.9000       4.02567788E-02       4.03355891E-02
   128.0000       4.02566114E-02       4.03353697E-02
   128.1000       4.02564396E-02       4.03351542E-02
   128.2000       4.02562711E-02       4.03349414E-02
   128.3000       4.02560950E-02       4.03347113E-02
   128.4000       4.02559275E-02       4.03344925E-02
   128.5000       4.02557608E-02       4.03342743E-02
   128.6000       4.02555897E-02       4.03340502E-02
   128.7000       4.02554205E-02       4.03338325E-02
   128.8000       4.02552554E-02       4.03336185E-02
   128.9000       4.02550859E-02       4.03334000E-02
   129.0000       4.02549166E-02       4.03331788E-02
   129.1000       4.02547482E-02       4.03329639E-02
   129.2000       4.02545769E-02       4.03327412E-02
   129.3000       4.02544113E-02       4.03325170E-02
   129.4000       4.02542430E-02       4.03322993E-02
   129.5000       4.02540732E-02       4.03320839E-02
   129.6000       4.02539079E-02       4.03318687E-02
   129.7000       4.02537397E-02       4.03316543E-02
   129.8000       4.02535749E-02       4.03314418E-02
   129.9000       4.02533971E-02       4.03312147E-02
   130.0000       4.02532283E-02       4.03309974E-02
   130.1000       4.02530585E-02       4.03307806E-02
   130.2000       4.02528906E-02       4.03305606E-02
   130.3000       4.02527256E-02       4.03303477E-02
   130.4000       4.02525644E-02       4.03301352E-02
   130.5000       4.02524026E-02       4.03299249E-02
   130.6000       4.02522353E-02       4.03297115E-02
   130.7000       4.02520628E-02       4.03294894E-02
   130.8000       4.02518963E-02       4.03292759E-02
   130.9000       4.02517265E-02       4.03290596E-02
   131.0000       4.02515596E-02       4.03288480E-02
   131.1000       4.02513973E-02       4.03286378E-02
   131.2000       4.02512343E-02       4.03284236E-02
   131.3000       4.02510663E-02       4.03282102E-02
   131.4000       4.02508995E-02       4.03279976E-02
   131.5000       4.02507340E-02       4.03277820E-02
   131.6000       4.02505672E-02       4.03275627E-02
   131.7000       4.02504001E-02       4.03273504E-02
   131.8000       4.02502334E-02       4.03271354E-02
   131.9000       4.02500702E-02       4.03269237E-02
   132.0000       4.02499054E-02       4.03267091E-02
   132.1000       4.02497408E-02       4.03264992E-02
   132.2000       4.02495787E-02       4.03262856E-02
   132.3000       4.02494063E-02       4.03260684E-02
   132.4000       4.02492482E-02       4.03258636E-02
   132.5000       4.02490851E-02       4.03256545E-02
   132.6000       4.02489188E-02       4.03254417E-02
   132.7000       4.02487511E-02       4.03252282E-02
   132.8000       4.02485834E-02       4.03250105E-02
   132.9000       4.02484219E-02       4.03248037E-02
   133.0000       4.02482568E-02       4.03245919E-02
   133.1000       4.02480907E-02       4.03243837E-02
   133.2000       4.02479238E-02       4.03241686E-02
   133.3000       4.02477543E-02       4.03239578E-02
   133.4000       4.02475882E-02       4.03237457E-02
   133.5000       4.02474235E-02       4.03235361E-02
   133.6000       4.02472628E-02       4.03233352E-02
   133.7000       4.02471002E-02       4.03231226E-02
   133.8000       4.02469324E-02       4.03229068E-02
   133.9000       4.02467667E-02       4.03226925E-02
   134.0000       4.02466065E-02       4.03224839E-02
   134.1000       4.02464415E-02       4.03222706E-02
   134.2000       4.02462838E-02       4.03220686E-02
   134.3000       4.02461197E-02       4.03218585E-02
   134.4000       4.02459559E-02       4.03216465E-02
   134.5000       4.02457937E-02       4.03214318E-02
   134.6000       4.02456216E-02       4.03212160E-02
   134.7000       4.02454650E-02       4.03210150E-02
   134.8000       4.02452947E-02       4.03208024E-02
   134.9000       4.02451287E-02       4.03205941E-02
   135.0000       4.02449718E-02       4.03203915E-02
   135.1000       4.02448090E-02       4.03201869E-02
   135.2000       4.02446412E-02       4.03199787E-02
   135.3000       4.02444786E-02       4.03197684E-02
   135.4000       4.02443145E-02       4.03195562E-02
   135.5000       4.02441552E-02       4.03193504E-02
   135.6000       4.02439896E-02       4.03191358E-02
   135.7000       4.02438254E-02       4.03189263E-02
   135.8000       4.02436657E-02       4.03187240E-02
   135.9000       4.02434972E-02       4.03185141E-02
   136.0000       4.02433324E-02       4.03182985E-02
   136.1000       4.02431746E-02       4.03180948E-02
   136.2000       4.02430147E-02       4.03178899E-02
   136.3000       4.02428472E-02       4.03176760E-02
   136.4000       4.02426850E-02       4.03174702E-02
   136.5000       4.02425245E-02       4.03172609E-02
   136.6000       4.02423617E-02       4.03170491E-02
   136.7000       4.02421974E-02       4.03168414E-02
   136.8000       4.02420377E-02       4.03166334E-02
   136.9000       4.02418715E-02       4.03164245E-02
   137.0000       4.02417056E-02       4.03162151E-02
   137.1000       4.02415402E-02       4.03160075E-02
   137.2000       4.02413692E-02       4.03157971E-02
   137.3000       4.02411993E-02       4.03155947E-02
   137.4000       4.02410377E-02       4.03153952E-02
   137.5000       4.02408692E-02       4.03151856E-02
   137.6000       4.02407065E-02       4.03149827E-02
   137.7000       4.02405444E-02       4.03147804E-02
   137.8000       4.02403781E-02       4.03145732E-02
   137.9000       4.02402123E-02       4.03143700E-02
   138.0000       4.02400403E-02       4.03141599E-02
   138.1000       4.02398686E-02       4.03139496E-02
   138.2000       4.02397001E-02       4.03137398E-02
   138.3000       4.02395404E-02       4.03135384E-02
   138.4000       4.02393762E-02       4.03133320E-02
   138.5000       4.02392176E-02       4.03131298E-02
   138.6000       4.02390542E-02       4.03129310E-02
   138.7000       4.02388806E-02       4.03127200E-02
   138.8000       4.02387122E-02       4.03125133E-02
   138.9000       4.02385476E-02       4.03123090E-02
   139.0000       4.02383734E-02       4.03121010E-02
   139.1000       4.02382095E-02       4.03118990E-02
   139.2000       4.02380419E-02       4.03116927E-02
   139.3000       4.02378817E-02       4.03114924E-02
   139.4000       4.02377203E-02       4.03112924E-02
   139.5000       4.02375620E-02       4.03110925E-02
   139.6000       4.02374027E-02       4.03108949E-02
   139.7000       4.02372443E-02       4.03106943E-02
   139.8000       4.02370830E-02       4.03104930E-02
   139.9000       4.02369293E-02       4.03102965E-02
   140.0000       4.02367662E-02       4.03100938E-02
   140.1000       4.02366088E-02       4.03098890E-02
   140.2000       4.02364460E-02       4.03096816E-02
   140.3000       4.02362832E-02       4.03094787E-02
   140.4000       4.02361254E-02       4.03092771E-02
   140.5000       4.02359633E-02       4.03090736E-02
   140.6000       4.02358004E-02       4.03088705E-02
   140.7000       4.02356358E-02       4.03086603E-02
   140.8000       4.02354738E-02       4.03084554E-02
   140.9000       4.02353107E-02       4.03082553E-02
   141.0000       4.02351487E-02       4.03080542E-02
   141.1000       4.02349900E-02       4.03078551E-02
   141.2000       4.02348266E-02       4.03076542E-02
   141.3000       4.02346593E-02       4.03074483E-02
   141.4000       4.02344921E-02       4.03072421E-02
   141.5000       4.02343237E-02       4.03070331E-02
   141.6000       4.02341619E-02       4.03068306E-02
   141.7000       4.02339984E-02       4.03066295E-02
   141.8000       4.02338324E-02       4.03064230E-02
   141.9000       4.02336672E-02       4.03062202E-02
   142.0000       4.02334982E-02       4.03060154E-02
   142.1000       4.02333285E-02       4.03058135E-02
   142.2000       4.02331658E-02       4.03056144E-02
   142.3000       4.02329946E-02       4.03054050E-02
   142.4000       4.02328247E-02       4.03051969E-02
   142.5000       4.02326608E-02       4.03049997E-02
   142.6000       4.02324985E-02       4.03048018E-02
   142.7000       4.02323323E-02       4.03045990E-02
   142.8000       4.02321646E-02       4.03043943E-02
   142.9000       4.02320014E-02       4.03041951E-02
   143.0000       4.02318341E-02       4.03039901E-02
   143.1000       4.02316711E-02       4.03037860E-02
   143.2000       4.02315074E-02       4.03035844E-02
   143.3000       4.02313394E-02       4.03033770E-02
   143.4000       4.02311762E-02       4.03031734E-02
   143.5000       4.02310123E-02       4.03029713E-02
   143.6000       4.02308448E-02       4.03027653E-02
   143.7000       4.02306811E-02       4.03025587E-02
   143.8000       4.02305211E-02       4.03023582E-02
   143.9000       4.02303573E-02       4.03021529E-02
   144.0000       4.02301935E-02       4.03019493E-02
   144.1000       4.02300301E-02       4.03017504E-02
   144.2000       4.02298717E-02       4.03015518E-02
   144.3000       4.02297065E-02       4.03013511E-02
   144.4000       4.02295458E-02       4.03011527E-02
   144.5000       4.02293817E-02       4.03009522E-02
   144.6000       4.02292178E-02       4.03007524E-02
   144.7000       4.02290528E-02       4.03005497E-02
   144.8000       4.02288886E-02       4.03003491E-02
   144.9000       4.02287282E-02       4.03001510E-02
   145.0000       4.02285640E-02       4.02999486E-02
   145.1000       4.02284023E-02       4.02997494E-02
   145.2000       4.02282364E-02       4.02995448E-02
   145.3000       4.02280705E-02       4.02993463E-02
   145.4000       4.02279065E-02       4.02991423E-02
   145.5000       4.02277418E-02       4.02989455E-02
   145.6000       4.02275763E-02       4.02987422E-02
   145.7000       4.02274153E-02       4.02985460E-02
   145.8000       4.02272552E-02       4.02983496E-02
   145.9000       4.02270929E-02       4.02981499E-02
   146.0000       4.02269313E-02       4.02979465E-02
   146.1000       4.02267760E-02       4.02977541E-02
   146.2000       4.02266157E-02       4.02975575E-02
   146.3000       4.02264555E-02       4.02973629E-02
   146.4000       4.02262954E-02       4.02971678E-02
   146.5000       4.02261354E-02       4.02969730E-02
   146.6000       4.02259742E-02       4.02967745E-02
   146.7000       4.02258164E-02       4.02965777E-02
   146.8000       4.02256543E-02       4.02963779E-02
   146.9000       4.02254983E-02       4.02961831E-02
   147.0000       4.02253374E-02       4.02959854E-02
   147.1000       4.02251779E-02       4.02957856E-02
   147.2000       4.02250194E-02       4.02955905E-02
   147.3000       4.02248616E-02       4.02954014E-02
   147.4000       4.02247028E-02       4.02952036E-02
   147.5000       4.02245438E-02       4.02950098E-02
   147.6000       4.02243799E-02       4.02948132E-02
   147.7000       4.02242222E-02       4.02946183E-02
   147.8000       4.02240659E-02       4.02944272E-02
   147.9000       4.02239012E-02       4.02942281E-02
   148.0000       4.02237331E-02       4.02940283E-02
   148.1000       4.02235670E-02       4.02938311E-02
   148.2000       4.02234033E-02       4.02936342E-02
   148.3000       4.02232393E-02       4.02934389E-02
   148.4000       4.02230784E-02       4.02932450E-02
   148.5000       4.02229107E-02       4.02930457E-02
   148.6000       4.02227440E-02       4.02928483E-02
   148.7000       4.02225849E-02       4.02926534E-02
   148.8000       4.02224226E-02       4.02924588E-02
   148.9000       4.02222582E-02       4.02922643E-02
   149.0000       4.02220902E-02       4.02920647E-02
   149.1000       4.02219246E-02       4.02918671E-02
   149.2000       4.02217605E-02       4.02916701E-02
   149.3000       4.02215967E-02       4.02914731E-02
   149.4000       4.02214311E-02       4.02912749E-02
   149.5000       4.02212675E-02       4.02910803E-02
   149.6000       4.02211049E-02       4.02908849E-02
   149.7000       4.02209376E-02       4.02906859E-02
   149.8000       4.02207783E-02       4.02904950E-02
   149.9000       4.02206168E-02       4.02902976E-02
   150.0000       4.02204561E-02       4.02901026E-02
   150.1000       4.02202926E-02       4.02899090E-02
   150.2000       4.02201326E-02       4.02897157E-02
   150.3000       4.02199668E-02       4.02895210E-02
   150.4000       4.02197955E-02       4.02893213E-02
   150.5000       4.02196335E-02       4.02891238E-02
   150.6000       4.02194715E-02       4.02889298E-02
   150.7000       4.02193144E-02       4.02887399E-02
   150.8000       4.02191590E-02       4.02885508E-02
   150.9000       4.02189950E-02       4.02883548E-02
   151.0000       4.02188365E-02       4.02881660E-02
   151.1000       4.02186767E-02       4.02879725E-02
   151.2000       4.02185178E-02       4.02877836E-02
   151.3000       4.02183523E-02       4.02875843E-02
   151.4000       4.02181927E-02       4.02873899E-02
   151.5000       4.02180337E-02       4.02871957E-02
   151.6000       4.02178726E-02       4.02870009E-02
   151.7000       4.02177111E-02       4.02868038E-02
   151.8000       4.02175494E-02       4.02866088E-02
   151.9000       4.02173858E-02       4.02864126E-02
   152.0000       4.02172253E-02       4.02862155E-02
   152.1000       4.02170703E-02       4.02860256E-02
   152.2000       4.02169104E-02       4.02858346E-02
   152.3000       4.02167505E-02       4.02856386E-02
   152.4000       4.02165962E-02       4.02854507E-02
   152.5000       4.02164344E-02       4.02852602E-02
   152.6000       4.02162745E-02       4.02850656E-02
   152.7000       4.02161183E-02       4.02848708E-02
   152.8000       4.02159595E-02       4.02846781E-02
   152.9000       4.02158033E-02       4.02844883E-02
   153.0000       4.02156483E-02       4.02843024E-02
   153.1000       4.02154867E-02       4.02841067E-02
   153.2000       4.02153321E-02       4.02839150E-02
   153.3000       4.02151781E-02       4.02837263E-02
   153.4000       4.02150224E-02       4.02835390E-02
   153.5000       4.02148666E-02       4.02833440E-02
   153.6000       4.02147144E-02       4.02831557E-02
   153.7000       4.02145570E-02       4.02829665E-02
   153.8000       4.02144038E-02       4.02827776E-02
   153.9000       4.02142523E-02       4.02825903E-02
   154.0000       4.02140984E-02       4.02823992E-02
   154.1000       4.02139448E-02       4.02822125E-02
   154.2000       4.02137904E-02       4.02820218E-02
   154.3000       4.02136409E-02       4.02818361E-02
   154.4000       4.02134914E-02       4.02816476E-02
   154.5000       4.02133394E-02       4.02814605E-02
   154.6000       4.02131829E-02       4.02812671E-02
   154.7000       4.02130275E-02       4.02810810E-02
   154.8000       4.02128734E-02       4.02808931E-02
   154.9000       4.02127206E-02       4.02807037E-02
   155.0000       4.02125652E-02       4.02805141E-02
   155.1000       4.02124105E-02       4.02803275E-02
   155.2000       4.02122596E-02       4.02801445E-02
   155.3000       4.02121076E-02       4.02799598E-02
   155.4000       4.02119607E-02       4.02797763E-02
   155.5000       4.02118099E-02       4.02795931E-02
   155.6000       4.02116565E-02       4.02794075E-02
   155.7000       4.02114993E-02       4.02792174E-02
   155.8000       4.02113441E-02       4.02790296E-02
   155.9000       4.02111933E-02       4.02788437E-02
   156.0000       4.02110379E-02       4.02786539E-02
   156.1000       4.02108844E-02       4.02784702E-02
   156.2000       4.02107273E-02       4.02782847E-02
   156.3000       4.02105737E-02       4.02780990E-02
   156.4000       4.02104180E-02       4.02779136E-02
   156.5000       4.02102575E-02       4.02777228E-02
   156.6000       4.02101062E-02       4.02775408E-02
   156.7000       4.02099457E-02       4.02773547E-02
   156.8000       4.02097870E-02       4.02771681E-02
   156.9000       4.02096277E-02       4.02769857E-02
   157.0000       4.02094640E-02       4.02767954E-02
   157.1000       4.02093059E-02       4.02766076E-02
   157.2000       4.02091449E-02       4.02764199E-02
   157.3000       4.02089776E-02       4.02762313E-02
   157.4000       4.02088152E-02       4.02760482E-02
   157.5000       4.02086503E-02       4.02758583E-02
   157.6000       4.02084894E-02       4.02756755E-02
   157.7000       4.02083211E-02       4.02754905E-02
   157.8000       4.02081568E-02       4.02753054E-02
   157.9000       4.02079931E-02       4.02751210E-02
   158.0000       4.02078276E-02       4.02749396E-02
   158.1000       4.02076646E-02       4.02747564E-02
   158.2000       4.02075011E-02       4.02745701E-02
   158.3000       4.02073356E-02       4.02743825E-02
   158.4000       4.02071723E-02       4.02741955E-02
   158.5000       4.02070115E-02       4.02740116E-02
   158.6000       4.02068522E-02       4.02738288E-02
   158.7000       4.02066938E-02       4.02736479E-02
   158.8000       4.02065360E-02       4.02734626E-02
   158.9000       4.02063752E-02       4.02732730E-02
   159.0000       4.02062185E-02       4.02730907E-02
   159.1000       4.02060621E-02       4.02729079E-02
   159.2000       4.02059078E-02       4.02727256E-02
   159.3000       4.02057459E-02       4.02725334E-02
   159.4000       4.02055919E-02       4.02723465E-02
   159.5000       4.02054359E-02       4.02721622E-02
   159.6000       4.02052806E-02       4.02719770E-02
   159.7000       4.02051353E-02       4.02717992E-02
   159.8000       4.02049871E-02       4.02716168E-02
   159.9000       4.02048341E-02       4.02714300E-02
   160.0000       4.02046814E-02       4.02712415E-02
   160.1000       4.02045344E-02       4.02710607E-02
   160.2000       4.02043781E-02       4.02708699E-02
   160.3000       4.02042261E-02       4.02706827E-02
   160.4000       4.02040732E-02       4.02704969E-02
   160.5000       4.02039253E-02       4.02703099E-02
   160.6000       4.02037764E-02       4.02701278E-02
   160.7000       4.02036253E-02       4.02699442E-02
   160.8000       4.02034715E-02       4.02697573E-02
   160.9000       4.02033191E-02       4.02695720E-02
   161.0000       4.02031649E-02       4.02693862E-02
   161.1000       4.02030080E-02       4.02691955E-02
   161.2000       4.02028534E-02       4.02690083E-02
   161.3000       4.02027012E-02       4.02688249E-02
   161.4000       4.02025469E-02       4.02686434E-02
   161.5000       4.02023909E-02       4.02684591E-02
   161.6000       4.02022388E-02       4.02682777E-02
   161.7000       4.02020837E-02       4.02680905E-02
   161.8000       4.02019303E-02       4.02679067E-02
   161.9000       4.02017768E-02       4.02677213E-02
   162.0000       4.02016232E-02       4.02675376E-02
   162.1000       4.02014639E-02       4.02673510E-02
   162.2000       4.02013112E-02       4.02671675E-02
   162.3000       4.02011543E-02       4.02669806E-02
   162.4000       4.02009983E-02       4.02667976E-02
   162.5000       4.02008417E-02       4.02666104E-02
   162.6000       4.02006903E-02       4.02664276E-02
   162.7000       4.02005374E-02       4.02662456E-02
   162.8000       4.02003808E-02       4.02660622E-02
   162.9000       4.02002234E-02       4.02658782E-02
   163.0000       4.02000694E-02       4.02656940E-02
   163.1000       4.01999144E-02       4.02655126E-02
   163.2000       4.01997573E-02       4.02653259E-02
   163.3000       4.01996024E-02       4.02651419E-02
   163.4000       4.01994484E-02       4.02649607E-02
   163.5000       4.01992949E-02       4.02647762E-02
   163.6000       4.01991393E-02       4.02645909E-02
   163.7000       4.01989804E-02       4.02644053E-02
   163.8000       4.01988253E-02       4.02642242E-02
   163.9000       4.01986702E-02       4.02640392E-02
   164.0000       4.01985149E-02       4.02638598E-02
   164.1000       4.01983548E-02       4.02636712E-02
   164.2000       4.01982032E-02       4.02634912E-02
   164.3000       4.01980467E-02       4.02633100E-02
   164.4000       4.01978909E-02       4.02631319E-02
   164.5000       4.01977367E-02       4.02629545E-02
   164.6000       4.01975832E-02       4.02627778E-02
   164.7000       4.01974259E-02       4.02625956E-02
   164.8000       4.01972729E-02       4.02624196E-02
   164.9000       4.01971181E-02       4.02622412E-02
   165.0000       4.01969645E-02       4.02620602E-02
   165.1000       4.01968081E-02       4.02618804E-02
   165.2000       4.01966504E-02       4.02616955E-02
   165.3000       4.01964939E-02       4.02615134E-02
   165.4000       4.01963355E-02       4.02613290E-02
   165.5000       4.01961807E-02       4.02611508E-02
   165.6000       4.01960250E-02       4.02609706E-02
   165.7000       4.01958672E-02       4.02607881E-02
   165.8000       4.01957073E-02       4.02606071E-02
   165.9000       4.01955509E-02       4.02604258E-02
   166.0000       4.01953970E-02       4.02602465E-02
   166.1000       4.01952431E-02       4.02600665E-02
   166.2000       4.01950858E-02       4.02598864E-02
   166.3000       4.01949309E-02       4.02597075E-02
   166.4000       4.01947781E-02       4.02595318E-02
   166.5000       4.01946253E-02       4.02593547E-02
   166.6000       4.01944699E-02       4.02591744E-02
   166.7000       4.01943132E-02       4.02589934E-02
   166.8000       4.01941588E-02       4.02588155E-02
   166.9000       4.01940043E-02       4.02586377E-02
   167.0000       4.01938488E-02       4.02584569E-02
   167.1000       4.01936949E-02       4.02582756E-02
   167.2000       4.01935440E-02       4.02580999E-02
   167.3000       4.01933921E-02       4.02579224E-02
   167.4000       4.01932381E-02       4.02577425E-02
   167.5000       4.01930903E-02       4.02575635E-02
   167.6000       4.01929375E-02       4.02573825E-02
   167.7000       4.01927868E-02       4.02572037E-02
   167.8000       4.01926350E-02       4.02570237E-02
   167.9000       4.01924876E-02       4.02568464E-02
   168.0000       4.01923382E-02       4.02566703E-02
   168.1000       4.01921905E-02       4.02564931E-02
   168.2000       4.01920403E-02       4.02563153E-02
   168.3000       4.01918895E-02       4.02561352E-02
   168.4000       4.01917400E-02       4.02559569E-02
   168.5000       4.01915908E-02       4.02557792E-02
   168.6000       4.01914396E-02       4.02556026E-02
   168.7000       4.01912922E-02       4.02554272E-02
   168.8000       4.01911419E-02       4.02552518E-02
   168.9000       4.01909923E-02       4.02550756E-02
   169.0000       4.01908385E-02       4.02548939E-02
   169.1000       4.01906856E-02       4.02547157E-02
   169.2000       4.01905342E-02       4.02545373E-02
   169.3000       4.01903858E-02       4.02543615E-02
   169.4000       4.01902325E-02       4.02541793E-02
   169.5000       4.01900837E-02       4.02540025E-02
   169.6000       4.01899336E-02       4.02538261E-02
   169.7000       4.01897808E-02       4.02536463E-02
   169.8000       4.01896262E-02       4.02534678E-02
   169.9000       4.01894724E-02       4.02532858E-02
   170.0000       4.01893194E-02       4.02531079E-02
   170.1000       4.01891659E-02       4.02529310E-02
   170.2000       4.01890149E-02       4.02527565E-02
   170.3000       4.01888579E-02       4.02525767E-02
   170.4000       4.01887056E-02       4.02524044E-02
   170.5000       4.01885517E-02       4.02522267E-02
   170.6000       4.01883970E-02       4.02520513E-02
   170.7000       4.01882382E-02       4.02518696E-02
   170.8000       4.01880849E-02       4.02516924E-02
   170.9000       4.01879301E-02       4.02515193E-02
   171.0000       4.01877748E-02       4.02513422E-02
   171.1000       4.01876219E-02       4.02511699E-02
   171.2000       4.01874669E-02       4.02509951E-02
   171.3000       4.01873098E-02       4.02508197E-02
   171.4000       4.01871577E-02       4.02506493E-02
   171.5000       4.01870081E-02       4.02504746E-02
   171.6000       4.01868552E-02       4.02503000E-02
   171.7000       4.01867052E-02       4.02501266E-02
   171.8000       4.01865513E-02       4.02499515E-02
   171.9000       4.01863961E-02       4.02497714E-02
   172.0000       4.01862404E-02       4.02495954E-02
   172.1000       4.01860867E-02       4.02494171E-02
   172.2000       4.01859380E-02       4.02492435E-02
   172.3000       4.01857906E-02       4.02490705E-02
   172.4000       4.01856422E-02       4.02488936E-02
   172.5000       4.01854888E-02       4.02487166E-02
   172.6000       4.01853390E-02       4.02485420E-02
   172.7000       4.01851901E-02       4.02483679E-02
   172.8000       4.01850425E-02       4.02481938E-02
   172.9000       4.01848917E-02       4.02480178E-02
   173.0000       4.01847440E-02       4.02478421E-02
   173.1000       4.01845941E-02       4.02476663E-02
   173.2000       4.01844448E-02       4.02474885E-02
   173.3000       4.01842981E-02       4.02473149E-02
   173.4000       4.01841525E-02       4.02471438E-02
   173.5000       4.01840029E-02       4.02469704E-02
   173.6000       4.01838509E-02       4.02467972E-02
   173.7000       4.01837017E-02       4.02466244E-02
   173.8000       4.01835557E-02       4.02464537E-02
   173.9000       4.01834047E-02       4.02462777E-02
   174.0000       4.01832527E-02       4.02461019E-02
   174.1000       4.01831031E-02       4.02459272E-02
   174.2000       4.01829500E-02       4.02457503E-02
   174.3000       4.01828017E-02       4.02455808E-02
   174.4000       4.01826497E-02       4.02454076E-02
   174.5000       4.01824969E-02       4.02452348E-02
   174.6000       4.01823478E-02       4.02450634E-02
   174.7000       4.01821971E-02       4.02448926E-02
   174.8000       4.01820506E-02       4.02447218E-02
   174.9000       4.01819021E-02       4.02445523E-02
   175.0000       4.01817502E-02       4.02443784E-02
   175.1000       4.01815991E-02       4.02442032E-02
   175.2000       4.01814527E-02       4.02440332E-02
   175.3000       4.01813039E-02       4.02438601E-02
   175.4000       4.01811594E-02       4.02436915E-02
   175.5000       4.01810102E-02       4.02435196E-02
   175.6000       4.01808637E-02       4.02433463E-02
   175.7000       4.01807146E-02       4.02431728E-02
   175.8000       4.01805678E-02       4.02429980E-02
   175.9000       4.01804203E-02       4.02428246E-02
   176.0000       4.01802708E-02       4.02426507E-02
   176.1000       4.01801223E-02       4.02424769E-02
   176.2000       4.01799761E-02       4.02423072E-02
   176.3000       4.01798292E-02       4.02421342E-02
   176.4000       4.01796766E-02       4.02419562E-02
   176.5000       4.01795311E-02       4.02417837E-02
   176.6000       4.01793811E-02       4.02416115E-02
   176.7000       4.01792330E-02       4.02414411E-02
   176.8000       4.01790855E-02       4.02412711E-02
   176.9000       4.01789368E-02       4.02410980E-02
   177.0000       4.01787860E-02       4.02409240E-02
   177.1000       4.01786348E-02       4.02407520E-02
   177.2000       4.01784846E-02       4.02405796E-02
   177.3000       4.01783373E-02       4.02404085E-02
   177.4000       4.01781915E-02       4.02402402E-02
   177.5000       4.01780417E-02       4.02400677E-02
   177.6000       4.01778900E-02       4.02398966E-02
   177.7000       4.01777399E-02       4.02397240E-02
   177.8000       4.01775876E-02       4.02395510E-02
   177.9000       4.01774361E-02       4.02393805E-02
   178.0000       4.01772854E-02       4.02392103E-02
   178.1000       4.01771396E-02       4.02390439E-02
   178.2000       4.01769907E-02       4.02388751E-02
   178.3000       4.01768462E-02       4.02387064E-02
   178.4000       4.01766998E-02       4.02385357E-02
   178.5000       4.01765489E-02       4.02383620E-02
   178.6000       4.01764028E-02       4.02381944E-02
   178.7000       4.01762554E-02       4.02380232E-02
   178.8000       4.01761092E-02       4.02378528E-02
   178.9000       4.01759611E-02       4.02376793E-02
   179.0000       4.01758150E-02       4.02375086E-02
   179.1000       4.01756671E-02       4.02373397E-02
   179.2000       4.01755201E-02       4.02371704E-02
   179.3000       4.01753708E-02       4.02369984E-02
   179.4000       4.01752228E-02       4.02368287E-02
   179.5000       4.01750772E-02       4.02366587E-02
   179.6000       4.01749300E-02       4.02364882E-02
   179.7000       4.01747841E-02       4.02363194E-02
   179.8000       4.01746379E-02       4.02361490E-02
   179.9000       4.01744915E-02       4.02359790E-02
   180.0000       4.01743439E-02       4.02358107E-02
   180.1000       4.01741951E-02       4.02356387E-02
   180.2000       4.01740471E-02       4.02354658E-02
   180.3000       4.01738979E-02       4.02352944E-02
   180.4000       4.01737496E-02       4.02351267E-02
   180.5000       4.01736020E-02       4.02349580E-02
   180.6000       4.01734529E-02       4.02347875E-02
   180.7000       4.01733009E-02       4.02346162E-02
   180.8000       4.01731484E-02       4.02344472E-02
   180.9000       4.01729974E-02       4.02342766E-02
   181.0000       4.01728488E-02       4.02341090E-02
   181.1000       4.01726976E-02       4.02339389E-02
   181.2000       4.01725456E-02       4.02337677E-02
   181.3000       4.01723953E-02       4.02335994E-02
   181.4000       4.01722434E-02       4.02334295E-02
   181.5000       4.01720921E-02       4.02332623E-02
   181.6000       4.01719435E-02       4.02330953E-02
   181.7000       4.01717925E-02       4.02329268E-02
   181.8000       4.01716388E-02       4.02327576E-02
   181.9000       4.01714894E-02       4.02325913E-02
   182.0000       4.01713416E-02       4.02324235E-02
   182.1000       4.01711923E-02       4.02322551E-02
   182.2000       4.01710432E-02       4.02320875E-02
   182.3000       4.01708962E-02       4.02319229E-02
   182.4000       4.01707515E-02       4.02317580E-02
   182.5000       4.01706049E-02       4.02315930E-02
   182.6000       4.01704595E-02       4.02314267E-02
   182.7000       4.01703117E-02       4.02312591E-02
   182.8000       4.01701725E-02       4.02310983E-02
   182.9000       4.01700220E-02       4.02309284E-02
   183.0000       4.01698780E-02       4.02307640E-02
   183.1000       4.01697318E-02       4.02305968E-02
   183.2000       4.01695903E-02       4.02304312E-02
   183.3000       4.01694503E-02       4.02302674E-02
   183.4000       4.01693080E-02       4.02301016E-02
   183.5000       4.01691660E-02       4.02299359E-02
   183.6000       4.01690252E-02       4.02297691E-02
   183.7000       4.01688819E-02       4.02296002E-02
   183.8000       4.01687394E-02       4.02294326E-02
   183.9000       4.01685957E-02       4.02292626E-02
   184.0000       4.01684559E-02       4.02290977E-02
   184.1000       4.01683178E-02       4.02289336E-02
   184.2000       4.01681754E-02       4.02287672E-02
   184.3000       4.01680375E-02       4.02286054E-02
   184.4000       4.01678969E-02       4.02284427E-02
   184.5000       4.01677541E-02       4.02282769E-02
   184.6000       4.01676096E-02       4.02281076E-02
   184.7000       4.01674664E-02       4.02279402E-02
   184.8000       4.01673244E-02       4.02277735E-02
   184.9000       4.01671818E-02       4.02276060E-02
   185.0000       4.01670364E-02       4.02274380E-02
   185.1000       4.01668907E-02       4.02272711E-02
   185.2000       4.01667493E-02       4.02271044E-02
   185.3000       4.01666072E-02       4.02269383E-02
   185.4000       4.01664628E-02       4.02267703E-02
   185.5000       4.01663197E-02       4.02266073E-02
   185.6000       4.01661751E-02       4.02264391E-02
   185.7000       4.01660281E-02       4.02262706E-02
   185.8000       4.01658806E-02       4.02261023E-02
   185.9000       4.01657337E-02       4.02259383E-02
   186.0000       4.01655887E-02       4.02257730E-02
   186.1000       4.01654438E-02       4.02256079E-02
   186.2000       4.01653002E-02       4.02254440E-02
   186.3000       4.01651545E-02       4.02252805E-02
   186.4000       4.01650078E-02       4.02251183E-02
   186.5000       4.01648561E-02       4.02249495E-02
   186.6000       4.01647104E-02       4.02247870E-02
   186.7000       4.01645628E-02       4.02246239E-02
   186.8000       4.01644166E-02       4.02244607E-02
   186.9000       4.01642714E-02       4.02242963E-02
   187.0000       4.01641253E-02       4.02241340E-02
   187.1000       4.01639808E-02       4.02239721E-02
   187.2000       4.01638357E-02       4.02238066E-02
   187.3000       4.01636864E-02       4.02236397E-02
   187.4000       4.01635448E-02       4.02234777E-02
   187.5000       4.01633979E-02       4.02233104E-02
   187.6000       4.01632548E-02       4.02231485E-02
   187.7000       4.01631125E-02       4.02229886E-02
   187.8000       4.01629686E-02       4.02228279E-02
   187.9000       4.01628254E-02       4.02226678E-02
   188.0000       4.01626836E-02       4.02225046E-02
   188.1000       4.01625406E-02       4.02223436E-02
   188.2000       4.01623974E-02       4.02221802E-02
   188.3000       4.01622541E-02       4.02220208E-02
   188.4000       4.01621077E-02       4.02218542E-02
   188.5000       4.01619673E-02       4.02216947E-02
   188.6000       4.01618269E-02       4.02215328E-02
   188.7000       4.01616838E-02       4.02213711E-02
   188.8000       4.01615433E-02       4.02212099E-02
   188.9000       4.01614035E-02       4.02210476E-02
   189.0000       4.01612649E-02       4.02208881E-02
   189.1000       4.01611215E-02       4.02207264E-02
   189.2000       4.01609829E-02       4.02205689E-02
   189.3000       4.01608420E-02       4.02204094E-02
   189.4000       4.01606998E-02       4.02202479E-02
   189.5000       4.01605578E-02       4.02200863E-02
   189.6000       4.01604153E-02       4.02199254E-02
   189.7000       4.01602758E-02       4.02197654E-02
   189.8000       4.01601370E-02       4.02196073E-02
   189.9000       4.01599973E-02       4.02194469E-02
   190.0000       4.01598590E-02       4.02192866E-02
   190.1000       4.01597197E-02       4.02191271E-02
   190.2000       4.01595813E-02       4.02189672E-02
   190.3000       4.01594421E-02       4.02188090E-02
   190.4000       4.01593000E-02       4.02186495E-02
   190.5000       4.01591607E-02       4.02184915E-02
   190.6000       4.01590206E-02       4.02183298E-02
   190.7000       4.01588798E-02       4.02181679E-02
   190.8000       4.01587422E-02       4.02180105E-02
   190.9000       4.01586005E-02       4.02178501E-02
   191.0000       4.01584633E-02       4.02176921E-02
   191.1000       4.01583249E-02       4.02175317E-02
   191.2000       4.01581880E-02       4.02173729E-02
   191.3000       4.01580473E-02       4.02172096E-02
   191.4000       4.01579105E-02       4.02170519E-02
   191.5000       4.01577746E-02       4.02168930E-02
   191.6000       4.01576368E-02       4.02167335E-02
   191.7000       4.01574980E-02       4.02165719E-02
   191.8000       4.01573618E-02       4.02164162E-02
   191.9000       4.01572238E-02       4.02162587E-02
   192.0000       4.01570868E-02       4.02161001E-02
   192.1000       4.01569506E-02       4.02159434E-02
   192.2000       4.01568102E-02       4.02157813E-02
   192.3000       4.01566728E-02       4.02156213E-02
   192.4000       4.01565338E-02       4.02154608E-02
   192.5000       4.01563958E-02       4.02153042E-02
   192.6000       4.01562553E-02       4.02151469E-02
   192.7000       4.01561149E-02       4.02149876E-02
   192.8000       4.01559772E-02       4.02148319E-02
   192.9000       4.01558385E-02       4.02146706E-02
   193.0000       4.01556978E-02       4.02145126E-02
   193.1000       4.01555575E-02       4.02143563E-02
   193.2000       4.01554195E-02       4.02142000E-02
   193.3000       4.01552817E-02       4.02140431E-02
   193.4000       4.01551404E-02       4.02138833E-02
   193.5000       4.01549999E-02       4.02137249E-02
   193.6000       4.01548608E-02       4.02135673E-02
   193.7000       4.01547218E-02       4.02134098E-02
   193.8000       4.01545820E-02       4.02132550E-02
   193.9000       4.01544404E-02       4.02130965E-02
   194.0000       4.01543006E-02       4.02129394E-02
   194.1000       4.01541639E-02       4.02127862E-02
   194.2000       4.01540251E-02       4.02126279E-02
   194.3000       4.01538868E-02       4.02124719E-02
   194.4000       4.01537475E-02       4.02123142E-02
   194.5000       4.01536110E-02       4.02121586E-02
   194.6000       4.01534720E-02       4.02120014E-02
   194.7000       4.01533322E-02       4.02118412E-02
   194.8000       4.01531955E-02       4.02116869E-02
   194.9000       4.01530591E-02       4.02115308E-02
   195.0000       4.01529192E-02       4.02113734E-02
   195.1000       4.01527834E-02       4.02112183E-02
   195.2000       4.01526473E-02       4.02110615E-02
   195.3000       4.01525139E-02       4.02109092E-02
   195.4000       4.01523783E-02       4.02107562E-02
   195.5000       4.01522393E-02       4.02105997E-02
   195.6000       4.01521008E-02       4.02104437E-02
   195.7000       4.01519664E-02       4.02102918E-02
   195.8000       4.01518275E-02       4.02101356E-02
   195.9000       4.01516892E-02       4.02099815E-02
   196.0000       4.01515518E-02       4.02098272E-02
   196.1000       4.01514140E-02       4.02096709E-02
   196.2000       4.01512749E-02       4.02095149E-02
   196.3000       4.01511349E-02       4.02093578E-02
   196.4000       4.01509972E-02       4.02092032E-02
   196.5000       4.01508624E-02       4.02090518E-02
   196.6000       4.01507230E-02       4.02088972E-02
   196.7000       4.01505818E-02       4.02087392E-02
   196.8000       4.01504441E-02       4.02085855E-02
   196.9000       4.01503031E-02       4.02084279E-02
   197.0000       4.01501672E-02       4.02082765E-02
   197.1000       4.01500258E-02       4.02081202E-02
   197.2000       4.01498890E-02       4.02079665E-02
   197.3000       4.01497513E-02       4.02078138E-02
   197.4000       4.01496159E-02       4.02076589E-02
   197.5000       4.01494777E-02       4.02075019E-02
   197.6000       4.01493392E-02       4.02073478E-02
   197.7000       4.01492025E-02       4.02071910E-02
   197.8000       4.01490648E-02       4.02070355E-02
   197.9000       4.01489280E-02       4.02068803E-02
   198.0000       4.01487894E-02       4.02067258E-02
   198.1000       4.01486532E-02       4.02065718E-02
   198.2000       4.01485184E-02       4.02064171E-02
   198.3000       4.01483851E-02       4.02062650E-02
   198.4000       4.01482527E-02       4.02061137E-02
   198.5000       4.01481165E-02       4.02059602E-02
   198.6000       4.01479826E-02       4.02058058E-02
   198.7000       4.01478502E-02       4.02056530E-02
   198.8000       4.01477170E-02       4.02055022E-02
   198.9000       4.01475818E-02       4.02053486E-02
   199.0000       4.01474490E-02       4.02051974E-02
   199.1000       4.01473161E-02       4.02050464E-02
   199.2000       4.01471841E-02       4.02048939E-02
   199.3000       4.01470502E-02       4.02047405E-02
   199.4000       4.01469158E-02       4.02045847E-02
   199.5000       4.01467848E-02       4.02044314E-02
   199.6000       4.01466539E-02       4.02042782E-02
   199.7000       4.01465203E-02       4.02041246E-02
   199.8000       4.01463898E-02       4.02039732E-02
   199.9000       4.01462597E-02       4.02038247E-02
   200.0000       4.01461297E-02       4.02036737E-02
   200.1000       4.01459981E-02       4.02035244E-02
   200.2000       4.01458674E-02       4.02033737E-02
   200.3000       4.01457349E-02       4.02032220E-02
   200.4000       4.01456020E-02       4.02030672E-02
   200.5000       4.01454699E-02       4.02029151E-02
   200.6000       4.01453358E-02       4.02027616E-02
   200.7000       4.01452052E-02       4.02026137E-02
   200.8000       4.01450728E-02       4.02024619E-02
   200.9000       4.01449386E-02       4.02023107E-02
   201.0000       4.01448050E-02       4.02021577E-02
   201.1000       4.01446709E-02       4.02020066E-02
   201.2000       4.01445372E-02       4.02018556E-02
   201.3000       4.01444040E-02       4.02017054E-02
   201.4000       4.01442683E-02       4.02015530E-02
   201.5000       4.01441332E-02       4.02014013E-02
   201.6000       4.01439988E-02       4.02012498E-02
   201.7000       4.01438680E-02       4.02011030E-02
   201.8000       4.01437316E-02       4.02009505E-02
   201.9000       4.01435989E-02       4.02008015E-02
   202.0000       4.01434632E-02       4.02006521E-02
   202.1000       4.01433271E-02       4.02005021E-02
   202.2000       4.01431911E-02       4.02003507E-02
   202.3000       4.01430580E-02       4.02002035E-02
   202.4000       4.01429255E-02       4.02000551E-02
   202.5000       4.01427883E-02       4.01999050E-02
   202.6000       4.01426542E-02       4.01997553E-02
   202.7000       4.01425193E-02       4.01996080E-02
   202.8000       4.01423847E-02       4.01994588E-02
   202.9000       4.01422518E-02       4.01993098E-02
   203.0000       4.01421190E-02       4.01991614E-02
   203.1000       4.01419839E-02       4.01990094E-02
   203.2000       4.01418508E-02       4.01988607E-02
   203.3000       4.01417188E-02       4.01987119E-02
   203.4000       4.01415833E-02       4.01985628E-02
   203.5000       4.01414522E-02       4.01984141E-02
   203.6000       4.01413191E-02       4.01982660E-02
   203.7000       4.01411868E-02       4.01981177E-02
   203.8000       4.01410558E-02       4.01979697E-02
   203.9000       4.01409219E-02       4.01978201E-02
   204.0000       4.01407910E-02       4.01976723E-02
   204.1000       4.01406600E-02       4.01975222E-02
   204.2000       4.01405281E-02       4.01973727E-02
   204.3000       4.01403942E-02       4.01972210E-02
   204.4000       4.01402630E-02       4.01970740E-02
   204.5000       4.01401301E-02       4.01969266E-02
   204.6000       4.01399988E-02       4.01967773E-02
   204.7000       4.01398644E-02       4.01966263E-02
   204.8000       4.01397322E-02       4.01964794E-02
   204.9000       4.01395999E-02       4.01963304E-02
   205.0000       4.01394684E-02       4.01961820E-02
   205.1000       4.01393340E-02       4.01960319E-02
   205.2000       4.01392046E-02       4.01958851E-02
   205.3000       4.01390724E-02       4.01957353E-02
   205.4000       4.01389407E-02       4.01955841E-02
   205.5000       4.01388049E-02       4.01954334E-02
   205.6000       4.01386738E-02       4.01952869E-02
   205.7000       4.01385411E-02       4.01951371E-02
   205.8000       4.01384081E-02       4.01949874E-02
   205.9000       4.01382785E-02       4.01948406E-02
   206.0000       4.01381458E-02       4.01946895E-02
   206.1000       4.01380134E-02       4.01945417E-02
   206.2000       4.01378817E-02       4.01943932E-02
   206.3000       4.01377475E-02       4.01942449E-02
   206.4000       4.01376171E-02       4.01940985E-02
   206.5000       4.01374839E-02       4.01939502E-02
   206.6000       4.01373533E-02       4.01938040E-02
   206.7000       4.01372209E-02       4.01936560E-02
   206.8000       4.01370893E-02       4.01935073E-02
   206.9000       4.01369583E-02       4.01933588E-02
   207.0000       4.01368277E-02       4.01932128E-02
   207.1000       4.01366968E-02       4.01930653E-02
   207.2000       4.01365633E-02       4.01929145E-02
   207.3000       4.01364293E-02       4.01927656E-02
   207.4000       4.01362980E-02       4.01926184E-02
   207.5000       4.01361674E-02       4.01924709E-02
   207.6000       4.01360354E-02       4.01923230E-02
   207.7000       4.01359038E-02       4.01921747E-02
   207.8000       4.01357742E-02       4.01920297E-02
   207.9000       4.01356436E-02       4.01918848E-02
   208.0000       4.01355133E-02       4.01917388E-02
   208.1000       4.01353829E-02       4.01915940E-02
   208.2000       4.01352523E-02       4.01914477E-02
   208.3000       4.01351211E-02       4.01913020E-02
   208.4000       4.01349906E-02       4.01911548E-02
   208.5000       4.01348615E-02       4.01910090E-02
   208.6000       4.01347318E-02       4.01908629E-02
   208.7000       4.01346033E-02       4.01907196E-02
   208.8000       4.01344757E-02       4.01905767E-02
   208.9000       4.01343460E-02       4.01904293E-02
   209.0000       4.01342150E-02       4.01902817E-02
   209.1000       4.01340876E-02       4.01901375E-02
   209.2000       4.01339579E-02       4.01899906E-02
   209.3000       4.01338301E-02       4.01898476E-02
   209.4000       4.01337013E-02       4.01897032E-02
   209.5000       4.01335731E-02       4.01895565E-02
   209.6000       4.01334470E-02       4.01894151E-02
   209.7000       4.01333205E-02       4.01892710E-02
   209.8000       4.01331933E-02       4.01891243E-02
   209.9000       4.01330651E-02       4.01889795E-02
   210.0000       4.01329375E-02       4.01888353E-02
   210.1000       4.01328102E-02       4.01886890E-02
   210.2000       4.01326822E-02       4.01885450E-02
   210.3000       4.01325534E-02       4.01883991E-02
   210.4000       4.01324238E-02       4.01882518E-02
   210.5000       4.01322951E-02       4.01881086E-02
   210.6000       4.01321666E-02       4.01879636E-02
   210.7000       4.01320368E-02       4.01878177E-02
   210.8000       4.01319078E-02       4.01876713E-02
   210.9000       4.01317776E-02       4.01875268E-02
   211.0000       4.01316502E-02       4.01873835E-02
   211.1000       4.01315211E-02       4.01872380E-02
   211.2000       4.01313929E-02       4.01870957E-02
   211.3000       4.01312654E-02       4.01869523E-02
   211.4000       4.01311376E-02       4.01868079E-02
   211.5000       4.01310075E-02       4.01866635E-02
   211.6000       4.01308802E-02       4.01865195E-02
   211.7000       4.01307504E-02       4.01863736E-02
   211.8000       4.01306215E-02       4.01862291E-02
   211.9000       4.01304920E-02       4.01860848E-02
   212.0000       4.01303622E-02       4.01859416E-02
   212.1000       4.01302340E-02       4.01858008E-02
   212.2000       4.01301061E-02       4.01856593E-02
   212.3000       4.01299773E-02       4.01855155E-02
   212.4000       4.01298472E-02       4.01853702E-02
   212.5000       4.01297182E-02       4.01852270E-02
   212.6000       4.01295908E-02       4.01850858E-02
   212.7000       4.01294606E-02       4.01849406E-02
   212.8000       4.01293318E-02       4.01847982E-02
   212.9000       4.01292061E-02       4.01846567E-02
   213.0000       4.01290783E-02       4.01845140E-02
   213.1000       4.01289505E-02       4.01843701E-02
   213.2000       4.01288239E-02       4.01842285E-02
   213.3000       4.01286962E-02       4.01840864E-02
   213.4000       4.01285690E-02       4.01839438E-02
   213.5000       4.01284411E-02       4.01838027E-02
   213.6000       4.01283157E-02       4.01836614E-02
   213.7000       4.01281867E-02       4.01835176E-02
   213.8000       4.01280603E-02       4.01833740E-02
   213.9000       4.01279344E-02       4.01832312E-02
   214.0000       4.01278082E-02       4.01830889E-02
   214.1000       4.01276825E-02       4.01829473E-02
   214.2000       4.01275566E-02       4.01828050E-02
   214.3000       4.01274280E-02       4.01826617E-02
   214.4000       4.01273029E-02       4.01825184E-02
   214.5000       4.01271781E-02       4.01823762E-02
   214.6000       4.01270508E-02       4.01822335E-02
   214.7000       4.01269256E-02       4.01820945E-02
   214.8000       4.01268006E-02       4.01819515E-02
   214.9000       4.01266746E-02       4.01818094E-02
   215.0000       4.01265500E-02       4.01816702E-02
   215.1000       4.01264248E-02       4.01815285E-02
   215.2000       4.01263003E-02       4.01813864E-02
   215.3000       4.01261760E-02       4.01812459E-02
   215.4000       4.01260512E-02       4.01811063E-02
   215.5000       4.01259270E-02       4.01809668E-02
   215.6000       4.01258018E-02       4.01808246E-02
   215.7000       4.01256767E-02       4.01806836E-02
   215.8000       4.01255505E-02       4.01805427E-02
   215.9000       4.01254264E-02       4.01804042E-02
   216.0000       4.01253014E-02       4.01802653E-02
   216.1000       4.01251740E-02       4.01801249E-02
   216.2000       4.01250478E-02       4.01799849E-02
   216.3000       4.01249240E-02       4.01798461E-02
   216.4000       4.01247991E-02       4.01797055E-02
   216.5000       4.01246744E-02       4.01795671E-02
   216.6000       4.01245515E-02       4.01794286E-02
   216.7000       4.01244243E-02       4.01792882E-02
   216.8000       4.01243013E-02       4.01791506E-02
   216.9000       4.01241778E-02       4.01790118E-02
   217.0000       4.01240520E-02       4.01788734E-02
   217.1000       4.01239283E-02       4.01787346E-02
   217.2000       4.01238026E-02       4.01785951E-02
   217.3000       4.01236821E-02       4.01784596E-02
   217.4000       4.01235572E-02       4.01783175E-02
   217.5000       4.01234338E-02       4.01781790E-02
   217.6000       4.01233125E-02       4.01780416E-02
   217.7000       4.01231881E-02       4.01779001E-02
   217.8000       4.01230641E-02       4.01777628E-02
   217.9000       4.01229447E-02       4.01776255E-02
   218.0000       4.01228213E-02       4.01774862E-02
   218.1000       4.01226989E-02       4.01773467E-02
   218.2000       4.01225763E-02       4.01772108E-02
   218.3000       4.01224527E-02       4.01770720E-02
   218.4000       4.01223293E-02       4.01769332E-02
   218.5000       4.01222058E-02       4.01767953E-02
   218.6000       4.01220808E-02       4.01766571E-02
   218.7000       4.01219579E-02       4.01765202E-02
   218.8000       4.01218357E-02       4.01763855E-02
   218.9000       4.01217148E-02       4.01762513E-02
   219.0000       4.01215896E-02       4.01761127E-02
   219.1000       4.01214668E-02       4.01759757E-02
   219.2000       4.01213459E-02       4.01758405E-02
   219.3000       4.01212198E-02       4.01757013E-02
   219.4000       4.01210976E-02       4.01755658E-02
   219.5000       4.01209731E-02       4.01754274E-02
   219.6000       4.01208493E-02       4.01752897E-02
   219.7000       4.01207282E-02       4.01751531E-02
   219.8000       4.01206047E-02       4.01750160E-02
   219.9000       4.01204833E-02       4.01748788E-02
   220.0000       4.01203589E-02       4.01747396E-02
   220.1000       4.01202379E-02       4.01746048E-02
   220.2000       4.01201176E-02       4.01744706E-02
   220.3000       4.01199976E-02       4.01743347E-02
   220.4000       4.01198778E-02       4.01741988E-02
   220.5000       4.01197578E-02       4.01740630E-02
   220.6000       4.01196384E-02       4.01739249E-02
   220.7000       4.01195168E-02       4.01737867E-02
   220.8000       4.01193953E-02       4.01736490E-02
   220.9000       4.01192753E-02       4.01735131E-02
   221.0000       4.01191572E-02       4.01733790E-02
   221.1000       4.01190393E-02       4.01732441E-02
   221.2000       4.01189205E-02       4.01731088E-02
   221.3000       4.01188008E-02       4.01729728E-02
   221.4000       4.01186819E-02       4.01728377E-02
   221.5000       4.01185631E-02       4.01727013E-02
   221.6000       4.01184425E-02       4.01725654E-02
   221.7000       4.01183229E-02       4.01724315E-02
   221.8000       4.01182036E-02       4.01722956E-02
   221.9000       4.01180837E-02       4.01721618E-02
   222.0000       4.01179635E-02       4.01720263E-02
   222.1000       4.01178431E-02       4.01718931E-02
   222.2000       4.01177221E-02       4.01717556E-02
   222.3000       4.01176005E-02       4.01716209E-02
   222.4000       4.01174808E-02       4.01714876E-02
   222.5000       4.01173586E-02       4.01713513E-02
   222.6000       4.01172388E-02       4.01712185E-02
   222.7000       4.01171143E-02       4.01710809E-02
   222.8000       4.01169934E-02       4.01709471E-02
   222.9000       4.01168698E-02       4.01708126E-02
   223.0000       4.01167477E-02       4.01706772E-02
   223.1000       4.01166226E-02       4.01705427E-02
   223.2000       4.01165013E-02       4.01704104E-02
   223.3000       4.01163793E-02       4.01702760E-02
   223.4000       4.01162596E-02       4.01701437E-02
   223.5000       4.01161378E-02       4.01700112E-02
   223.6000       4.01160144E-02       4.01698767E-02
   223.7000       4.01158915E-02       4.01697407E-02
   223.8000       4.01157694E-02       4.01696058E-02
   223.9000       4.01156470E-02       4.01694721E-02
   224.0000       4.01155234E-02       4.01693386E-02
   224.1000       4.01154039E-02       4.01692069E-02
   224.2000       4.01152810E-02       4.01690715E-02
   224.3000       4.01151613E-02       4.01689384E-02
   224.4000       4.01150406E-02       4.01688039E-02
   224.5000       4.01149206E-02       4.01686712E-02
   224.6000       4.01148016E-02       4.01685408E-02
   224.7000       4.01146818E-02       4.01684082E-02
   224.8000       4.01145623E-02       4.01682748E-02
   224.9000       4.01144416E-02       4.01681401E-02
   225.0000       4.01143208E-02       4.01680058E-02
   225.1000       4.01142010E-02       4.01678732E-02
   225.2000       4.01140857E-02       4.01677435E-02
   225.3000       4.01139691E-02       4.01676133E-02
   225.4000       4.01138512E-02       4.01674803E-02
   225.5000       4.01137315E-02       4.01673461E-02
   225.6000       4.01136120E-02       4.01672139E-02
   225.7000       4.01134945E-02       4.01670812E-02
   225.8000       4.01133785E-02       4.01669491E-02
   225.9000       4.01132607E-02       4.01668178E-02
   226.0000       4.01131460E-02       4.01666900E-02
   226.1000       4.01130286E-02       4.01665569E-02
   226.2000       4.01129103E-02       4.01664234E-02
   226.3000       4.01127925E-02       4.01662909E-02
   226.4000       4.01126745E-02       4.01661582E-02
   226.5000       4.01125601E-02       4.01660300E-02
   226.6000       4.01124453E-02       4.01658987E-02
   226.7000       4.01123285E-02       4.01657685E-02
   226.8000       4.01122122E-02       4.01656365E-02
   226.9000       4.01120978E-02       4.01655070E-02
   227.0000       4.01119813E-02       4.01653735E-02
   227.1000       4.01118654E-02       4.01652444E-02
   227.2000       4.01117491E-02       4.01651130E-02
   227.3000       4.01116350E-02       4.01649834E-02
   227.4000       4.01115216E-02       4.01648539E-02
   227.5000       4.01114060E-02       4.01647222E-02
   227.6000       4.01112917E-02       4.01645922E-02
   227.7000       4.01111770E-02       4.01644610E-02
   227.8000       4.01110618E-02       4.01643309E-02
   227.9000       4.01109457E-02       4.01641988E-02
   228.0000       4.01108304E-02       4.01640661E-02
   228.1000       4.01107129E-02       4.01639353E-02
   228.2000       4.01105974E-02       4.01638037E-02
   228.3000       4.01104827E-02       4.01636754E-02
   228.4000       4.01103685E-02       4.01635474E-02
   228.5000       4.01102540E-02       4.01634213E-02
   228.6000       4.01101394E-02       4.01632920E-02
   228.7000       4.01100233E-02       4.01631610E-02
   228.8000       4.01099048E-02       4.01630291E-02
   228.9000       4.01097869E-02       4.01628972E-02
   229.0000       4.01096710E-02       4.01627674E-02
   229.1000       4.01095537E-02       4.01626367E-02
   229.2000       4.01094380E-02       4.01625092E-02
   229.3000       4.01093229E-02       4.01623815E-02
   229.4000       4.01092067E-02       4.01622534E-02
   229.5000       4.01090907E-02       4.01621246E-02
   229.6000       4.01089758E-02       4.01619951E-02
   229.7000       4.01088599E-02       4.01618667E-02
   229.8000       4.01087413E-02       4.01617351E-02
   229.9000       4.01086249E-02       4.01616057E-02
   230.0000       4.01085079E-02       4.01614759E-02
   230.1000       4.01083897E-02       4.01613463E-02
   230.2000       4.01082744E-02       4.01612189E-02
   230.3000       4.01081576E-02       4.01610877E-02
   230.4000       4.01080443E-02       4.01609622E-02
   230.5000       4.01079287E-02       4.01608335E-02
   230.6000       4.01078138E-02       4.01607049E-02
   230.7000       4.01076986E-02       4.01605770E-02
   230.8000       4.01075851E-02       4.01604489E-02
   230.9000       4.01074691E-02       4.01603214E-02
   231.0000       4.01073559E-02       4.01601945E-02
   231.1000       4.01072433E-02       4.01600673E-02
   231.2000       4.01071305E-02       4.01599419E-02
   231.3000       4.01070165E-02       4.01598146E-02
   231.4000       4.01069021E-02       4.01596861E-02
   231.5000       4.01067899E-02       4.01595587E-02
   231.6000       4.01066755E-02       4.01594305E-02
   231.7000       4.01065617E-02       4.01593013E-02
   231.8000       4.01064477E-02       4.01591733E-02
   231.9000       4.01063329E-02       4.01590451E-02
   232.0000       4.01062202E-02       4.01589177E-02
   232.1000       4.01061070E-02       4.01587917E-02
   232.2000       4.01059921E-02       4.01586634E-02
   232.3000       4.01058779E-02       4.01585365E-02
   232.4000       4.01057636E-02       4.01584097E-02
   232.5000       4.01056488E-02       4.01582820E-02
   232.6000       4.01055371E-02       4.01581584E-02
   232.7000       4.01054221E-02       4.01580301E-02
   232.8000       4.01053084E-02       4.01579039E-02
   232.9000       4.01051941E-02       4.01577764E-02
   233.0000       4.01050806E-02       4.01576529E-02
   233.1000       4.01049665E-02       4.01575269E-02
   233.2000       4.01048514E-02       4.01573999E-02
   233.3000       4.01047361E-02       4.01572730E-02
   233.4000       4.01046231E-02       4.01571486E-02
   233.5000       4.01045097E-02       4.01570211E-02
   233.6000       4.01043949E-02       4.01568951E-02
   233.7000       4.01042810E-02       4.01567677E-02
   233.8000       4.01041663E-02       4.01566410E-02
   233.9000       4.01040566E-02       4.01565185E-02
   234.0000       4.01039419E-02       4.01563916E-02
   234.1000       4.01038293E-02       4.01562666E-02
   234.2000       4.01037166E-02       4.01561422E-02
   234.3000       4.01036041E-02       4.01560165E-02
   234.4000       4.01034934E-02       4.01558926E-02
   234.5000       4.01033805E-02       4.01557668E-02
   234.6000       4.01032684E-02       4.01556422E-02
   234.7000       4.01031565E-02       4.01555173E-02
   234.8000       4.01030433E-02       4.01553913E-02
   234.9000       4.01029332E-02       4.01552666E-02
   235.0000       4.01028227E-02       4.01551432E-02
   235.1000       4.01027109E-02       4.01550171E-02
   235.2000       4.01026005E-02       4.01548947E-02
   235.3000       4.01024891E-02       4.01547687E-02
   235.4000       4.01023758E-02       4.01546430E-02
   235.5000       4.01022649E-02       4.01545191E-02
   235.6000       4.01021523E-02       4.01543944E-02
   235.7000       4.01020411E-02       4.01542700E-02
   235.8000       4.01019278E-02       4.01541452E-02
   235.9000       4.01018176E-02       4.01540234E-02
   236.0000       4.01017047E-02       4.01538988E-02
   236.1000       4.01015932E-02       4.01537741E-02
   236.2000       4.01014825E-02       4.01536521E-02
   236.3000       4.01013724E-02       4.01535296E-02
   236.4000       4.01012607E-02       4.01534056E-02
   236.5000       4.01011504E-02       4.01532807E-02
   236.6000       4.01010392E-02       4.01531569E-02
   236.7000       4.01009253E-02       4.01530302E-02
   236.8000       4.01008130E-02       4.01529063E-02
   236.9000       4.01007044E-02       4.01527833E-02
   237.0000       4.01005933E-02       4.01526580E-02
   237.1000       4.01004804E-02       4.01525314E-02
   237.2000       4.01003676E-02       4.01524053E-02
   237.3000       4.01002568E-02       4.01522817E-02
   237.4000       4.01001459E-02       4.01521581E-02
   237.5000       4.01000376E-02       4.01520367E-02
   237.6000       4.00999277E-02       4.01519122E-02
   237.7000       4.00998192E-02       4.01517888E-02
   237.8000       4.00997095E-02       4.01516656E-02
   237.9000       4.00995991E-02       4.01515419E-02
   238.0000       4.00994892E-02       4.01514169E-02
   238.1000       4.00993778E-02       4.01512921E-02
   238.2000       4.00992669E-02       4.01511682E-02
   238.3000       4.00991551E-02       4.01510433E-02
   238.4000       4.00990448E-02       4.01509204E-02
   238.5000       4.00989357E-02       4.01507977E-02
   238.6000       4.00988258E-02       4.01506752E-02
   238.7000       4.00987160E-02       4.01505530E-02
   238.8000       4.00986073E-02       4.01504329E-02
   238.9000       4.00984968E-02       4.01503105E-02
   239.0000       4.00983869E-02       4.01501886E-02
   239.1000       4.00982760E-02       4.01500657E-02
   239.2000       4.00981669E-02       4.01499437E-02
   239.3000       4.00980568E-02       4.01498205E-02
   239.4000       4.00979446E-02       4.01496972E-02
   239.5000       4.00978344E-02       4.01495756E-02
   239.6000       4.00977251E-02       4.01494547E-02
   239.7000       4.00976154E-02       4.01493331E-02
   239.8000       4.00975061E-02       4.01492111E-02
   239.9000       4.00973940E-02       4.01490875E-02
   240.0000       4.00972828E-02       4.01489646E-02
   240.1000       4.00971721E-02       4.01488440E-02
   240.2000       4.00970624E-02       4.01487216E-02
   240.3000       4.00969529E-02       4.01486007E-02
   240.4000       4.00968433E-02       4.01484793E-02
   240.5000       4.00967364E-02       4.01483609E-02
   240.6000       4.00966283E-02       4.01482399E-02
   240.7000       4.00965186E-02       4.01481170E-02
   240.8000       4.00964105E-02       4.01479957E-02
   240.9000       4.00963031E-02       4.01478764E-02
   241.0000       4.00961947E-02       4.01477549E-02
   241.1000       4.00960908E-02       4.01476372E-02
   241.2000       4.00959845E-02       4.01475176E-02
   241.3000       4.00958763E-02       4.01473964E-02
   241.4000       4.00957684E-02       4.01472755E-02
   241.5000       4.00956604E-02       4.01471544E-02
   241.6000       4.00955556E-02       4.01470341E-02
   241.7000       4.00954498E-02       4.01469132E-02
   241.8000       4.00953420E-02       4.01467931E-02
   241.9000       4.00952370E-02       4.01466726E-02
   242.0000       4.00951310E-02       4.01465544E-02
   242.1000       4.00950264E-02       4.01464370E-02
   242.2000       4.00949207E-02       4.01463167E-02
   242.3000       4.00948141E-02       4.01461962E-02
   242.4000       4.00947072E-02       4.01460760E-02
   242.5000       4.00946015E-02       4.01459585E-02
   242.6000       4.00944949E-02       4.01458397E-02
   242.7000       4.00943892E-02       4.01457214E-02
   242.8000       4.00942830E-02       4.01456012E-02
   242.9000       4.00941772E-02       4.01454831E-02
   243.0000       4.00940699E-02       4.01453636E-02
   243.1000       4.00939638E-02       4.01452447E-02
   243.2000       4.00938571E-02       4.01451255E-02
   243.3000       4.00937515E-02       4.01450081E-02
   243.4000       4.00936452E-02       4.01448905E-02
   243.5000       4.00935383E-02       4.01447709E-02
   243.6000       4.00934321E-02       4.01446537E-02
   243.7000       4.00933254E-02       4.01445369E-02
   243.8000       4.00932199E-02       4.01444205E-02
   243.9000       4.00931128E-02       4.01443008E-02
   244.0000       4.00930047E-02       4.01441800E-02
   244.1000       4.00928990E-02       4.01440609E-02
   244.2000       4.00927923E-02       4.01439427E-02
   244.3000       4.00926857E-02       4.01438234E-02
   244.4000       4.00925808E-02       4.01437062E-02
   244.5000       4.00924737E-02       4.01435862E-02
   244.6000       4.00923695E-02       4.01434706E-02
   244.7000       4.00922643E-02       4.01433539E-02
   244.8000       4.00921584E-02       4.01432364E-02
   244.9000       4.00920526E-02       4.01431206E-02
   245.0000       4.00919458E-02       4.01430021E-02
   245.1000       4.00918410E-02       4.01428843E-02
   245.2000       4.00917344E-02       4.01427663E-02
   245.3000       4.00916277E-02       4.01426486E-02
   245.4000       4.00915220E-02       4.01425315E-02
   245.5000       4.00914186E-02       4.01424162E-02
   245.6000       4.00913136E-02       4.01423001E-02
   245.7000       4.00912114E-02       4.01421872E-02
   245.8000       4.00911045E-02       4.01420686E-02
   245.9000       4.00909999E-02       4.01419523E-02
   246.0000       4.00908936E-02       4.01418342E-02
   246.1000       4.00907913E-02       4.01417193E-02
   246.2000       4.00906857E-02       4.01416035E-02
   246.3000       4.00905829E-02       4.01414886E-02
   246.4000       4.00904782E-02       4.01413694E-02
   246.5000       4.00903738E-02       4.01412540E-02
   246.6000       4.00902698E-02       4.01411390E-02
   246.7000       4.00901675E-02       4.01410228E-02
   246.8000       4.00900654E-02       4.01409075E-02
   246.9000       4.00899629E-02       4.01407910E-02
   247.0000       4.00898604E-02       4.01406749E-02
   247.1000       4.00897586E-02       4.01405592E-02
   247.2000       4.00896539E-02       4.01404427E-02
   247.3000       4.00895531E-02       4.01403283E-02
   247.4000       4.00894518E-02       4.01402136E-02
   247.5000       4.00893481E-02       4.01400970E-02
   247.6000       4.00892458E-02       4.01399803E-02
   247.7000       4.00891435E-02       4.01398636E-02
   247.8000       4.00890436E-02       4.01397508E-02
   247.9000       4.00889412E-02       4.01396358E-02
   248.0000       4.00888405E-02       4.01395236E-02
   248.1000       4.00887392E-02       4.01394093E-02
   248.2000       4.00886359E-02       4.01392932E-02
   248.3000       4.00885339E-02       4.01391795E-02
   248.4000       4.00884313E-02       4.01390640E-02
   248.5000       4.00883287E-02       4.01389493E-02
   248.6000       4.00882270E-02       4.01388351E-02
   248.7000       4.00881252E-02       4.01387222E-02
   248.8000       4.00880212E-02       4.01386063E-02
   248.9000       4.00879174E-02       4.01384907E-02
   249.0000       4.00878164E-02       4.01383772E-02
   249.1000       4.00877147E-02       4.01382633E-02
   249.2000       4.00876122E-02       4.01381492E-02
   249.3000       4.00875110E-02       4.01380346E-02
   249.4000       4.00874096E-02       4.01379208E-02
   249.5000       4.00873055E-02       4.01378065E-02
   249.6000       4.00872031E-02       4.01376928E-02
   249.7000       4.00870995E-02       4.01375777E-02
   249.8000       4.00869991E-02       4.01374671E-02
   249.9000       4.00868972E-02       4.01373531E-02
   250.0000       4.00867926E-02       4.01372393E-02
   250.1000       4.00866911E-02       4.01371283E-02
   250.2000       4.00865886E-02       4.01370147E-02
   250.3000       4.00864854E-02       4.01369007E-02
   250.4000       4.00863839E-02       4.01367884E-02
   250.5000       4.00862820E-02       4.01366747E-02
   250.6000       4.00861810E-02       4.01365627E-02
   250.7000       4.00860811E-02       4.01364511E-02
   250.8000       4.00859800E-02       4.01363381E-02
   250.9000       4.00858790E-02       4.01362252E-02
   251.0000       4.00857777E-02       4.01361126E-02
   251.1000       4.00856763E-02       4.01359988E-02
   251.2000       4.00855756E-02       4.01358862E-02
   251.3000       4.00854752E-02       4.01357735E-02
   251.4000       4.00853744E-02       4.01356609E-02
   251.5000       4.00852720E-02       4.01355471E-02
   251.6000       4.00851702E-02       4.01354334E-02
   251.7000       4.00850697E-02       4.01353208E-02
   251.8000       4.00849684E-02       4.01352071E-02
   251.9000       4.00848685E-02       4.01350968E-02
   252.0000       4.00847691E-02       4.01349858E-02
   252.1000       4.00846669E-02       4.01348721E-02
   252.2000       4.00845671E-02       4.01347599E-02
   252.3000       4.00844688E-02       4.01346507E-02
   252.4000       4.00843676E-02       4.01345385E-02
   252.5000       4.00842665E-02       4.01344266E-02
   252.6000       4.00841675E-02       4.01343164E-02
   252.7000       4.00840669E-02       4.01342049E-02
   252.8000       4.00839683E-02       4.01340933E-02
   252.9000       4.00838677E-02       4.01339825E-02
   253.0000       4.00837675E-02       4.01338717E-02
   253.1000       4.00836647E-02       4.01337583E-02
   253.2000       4.00835650E-02       4.01336463E-02
   253.3000       4.00834650E-02       4.01335341E-02
   253.4000       4.00833645E-02       4.01334242E-02
   253.5000       4.00832672E-02       4.01333148E-02
   253.6000       4.00831659E-02       4.01332041E-02
   253.7000       4.00830662E-02       4.01330916E-02
   253.8000       4.00829663E-02       4.01329806E-02
   253.9000       4.00828682E-02       4.01328720E-02
   254.0000       4.00827695E-02       4.01327614E-02
   254.1000       4.00826704E-02       4.01326512E-02
   254.2000       4.00825693E-02       4.01325383E-02
   254.3000       4.00824711E-02       4.01324281E-02
   254.4000       4.00823726E-02       4.01323175E-02
   254.5000       4.00822754E-02       4.01322080E-02
   254.6000       4.00821785E-02       4.01320982E-02
   254.7000       4.00820816E-02       4.01319890E-02
   254.8000       4.00819840E-02       4.01318792E-02
   254.9000       4.00818849E-02       4.01317683E-02
   255.0000       4.00817875E-02       4.01316583E-02
   255.1000       4.00816903E-02       4.01315488E-02
   255.2000       4.00815917E-02       4.01314376E-02
   255.3000       4.00814949E-02       4.01313287E-02
   255.4000       4.00813979E-02       4.01312187E-02
   255.5000       4.00813006E-02       4.01311098E-02
   255.6000       4.00812042E-02       4.01310003E-02
   255.7000       4.00811074E-02       4.01308918E-02
   255.8000       4.00810120E-02       4.01307839E-02
   255.9000       4.00809154E-02       4.01306750E-02
   256.0000       4.00808178E-02       4.01305648E-02
   256.1000       4.00807223E-02       4.01304572E-02
   256.2000       4.00806270E-02       4.01303493E-02
   256.3000       4.00805302E-02       4.01302399E-02
   256.4000       4.00804331E-02       4.01301320E-02
   256.5000       4.00803370E-02       4.01300236E-02
   256.6000       4.00802404E-02       4.01299159E-02
   256.7000       4.00801448E-02       4.01298082E-02
   256.8000       4.00800477E-02       4.01296989E-02
   256.9000       4.00799507E-02       4.01295891E-02
   257.0000       4.00798544E-02       4.01294800E-02
   257.1000       4.00797591E-02       4.01293725E-02
   257.2000       4.00796617E-02       4.01292649E-02
   257.3000       4.00795646E-02       4.01291561E-02
   257.4000       4.00794681E-02       4.01290481E-02
   257.5000       4.00793714E-02       4.01289399E-02
   257.6000       4.00792757E-02       4.01288339E-02
   257.7000       4.00791787E-02       4.01287266E-02
   257.8000       4.00790822E-02       4.01286195E-02
   257.9000       4.00789855E-02       4.01285123E-02
   258.0000       4.00788894E-02       4.01284060E-02
   258.1000       4.00787930E-02       4.01282991E-02
   258.2000       4.00786947E-02       4.01281912E-02
   258.3000       4.00785978E-02       4.01280836E-02
   258.4000       4.00785015E-02       4.01279774E-02
   258.5000       4.00784045E-02       4.01278707E-02
   258.6000       4.00783077E-02       4.01277631E-02
   258.7000       4.00782116E-02       4.01276570E-02
   258.8000       4.00781154E-02       4.01275514E-02
   258.9000       4.00780206E-02       4.01274453E-02
   259.0000       4.00779242E-02       4.01273389E-02
   259.1000       4.00778289E-02       4.01272328E-02
   259.2000       4.00777345E-02       4.01271282E-02
   259.3000       4.00776387E-02       4.01270207E-02
   259.4000       4.00775446E-02       4.01269146E-02
   259.5000       4.00774493E-02       4.01268076E-02
   259.6000       4.00773546E-02       4.01267016E-02
   259.7000       4.00772596E-02       4.01265958E-02
   259.8000       4.00771659E-02       4.01264910E-02
   259.9000       4.00770715E-02       4.01263856E-02
   260.0000       4.00769775E-02       4.01262800E-02
   260.1000       4.00768848E-02       4.01261749E-02
   260.2000       4.00767904E-02       4.01260688E-02
   260.3000       4.00766953E-02       4.01259624E-02
   260.4000       4.00766013E-02       4.01258566E-02
   260.5000       4.00765087E-02       4.01257535E-02
   260.6000       4.00764144E-02       4.01256478E-02
   260.7000       4.00763215E-02       4.01255438E-02
   260.8000       4.00762272E-02       4.01254375E-02
   260.9000       4.00761319E-02       4.01253323E-02
   261.0000       4.00760372E-02       4.01252277E-02
   261.1000       4.00759434E-02       4.01251238E-02
   261.2000       4.00758484E-02       4.01250177E-02
   261.3000       4.00757544E-02       4.01249121E-02
   261.4000       4.00756616E-02       4.01248072E-02
   261.5000       4.00755697E-02       4.01247034E-02
   261.6000       4.00754767E-02       4.01245990E-02
   261.7000       4.00753821E-02       4.01244928E-02
   261.8000       4.00752876E-02       4.01243880E-02
   261.9000       4.00751948E-02       4.01242832E-02
   262.0000       4.00751016E-02       4.01241778E-02
   262.1000       4.00750104E-02       4.01240757E-02
   262.2000       4.00749185E-02       4.01239716E-02
   262.3000       4.00748261E-02       4.01238678E-02
   262.4000       4.00747328E-02       4.01237637E-02
   262.5000       4.00746408E-02       4.01236602E-02
   262.6000       4.00745481E-02       4.01235556E-02
   262.7000       4.00744568E-02       4.01234528E-02
   262.8000       4.00743648E-02       4.01233491E-02
   262.9000       4.00742737E-02       4.01232456E-02
   263.0000       4.00741837E-02       4.01231430E-02
   263.1000       4.00740934E-02       4.01230409E-02
   263.2000       4.00740028E-02       4.01229389E-02
   263.3000       4.00739132E-02       4.01228374E-02
   263.4000       4.00738231E-02       4.01227341E-02
   263.5000       4.00737313E-02       4.01226300E-02
   263.6000       4.00736408E-02       4.01225279E-02
   263.7000       4.00735487E-02       4.01224248E-02
   263.8000       4.00734555E-02       4.01223190E-02
   263.9000       4.00733634E-02       4.01222146E-02
   264.0000       4.00732720E-02       4.01221120E-02
   264.1000       4.00731795E-02       4.01220085E-02
   264.2000       4.00730897E-02       4.01219085E-02
   264.3000       4.00729966E-02       4.01218045E-02
   264.4000       4.00729032E-02       4.01217024E-02
   264.5000       4.00728106E-02       4.01215998E-02
   264.6000       4.00727180E-02       4.01214979E-02
   264.7000       4.00726258E-02       4.01213963E-02
   264.8000       4.00725322E-02       4.01212937E-02
   264.9000       4.00724403E-02       4.01211922E-02
   265.0000       4.00723490E-02       4.01210905E-02
   265.1000       4.00722557E-02       4.01209869E-02
   265.2000       4.00721633E-02       4.01208868E-02
   265.3000       4.00720729E-02       4.01207862E-02
   265.4000       4.00719795E-02       4.01206827E-02
   265.5000       4.00718885E-02       4.01205796E-02
   265.6000       4.00717961E-02       4.01204785E-02
   265.7000       4.00717051E-02       4.01203771E-02
   265.8000       4.00716141E-02       4.01202755E-02
   265.9000       4.00715224E-02       4.01201739E-02
   266.0000       4.00714335E-02       4.01200758E-02
   266.1000       4.00713430E-02       4.01199752E-02
   266.2000       4.00712538E-02       4.01198752E-02
   266.3000       4.00711629E-02       4.01197735E-02
   266.4000       4.00710735E-02       4.01196736E-02
   266.5000       4.00709846E-02       4.01195740E-02
   266.6000       4.00708978E-02       4.01194756E-02
   266.7000       4.00708078E-02       4.01193743E-02
   266.8000       4.00707186E-02       4.01192719E-02
   266.9000       4.00706293E-02       4.01191707E-02
   267.0000       4.00705404E-02       4.01190702E-02
   267.1000       4.00704535E-02       4.01189709E-02
   267.2000       4.00703658E-02       4.01188709E-02
   267.3000       4.00702762E-02       4.01187691E-02
   267.4000       4.00701891E-02       4.01186702E-02
   267.5000       4.00701013E-02       4.01185696E-02
   267.6000       4.00700134E-02       4.01184692E-02
   267.7000       4.00699258E-02       4.01183703E-02
   267.8000       4.00698382E-02       4.01182703E-02
   267.9000       4.00697501E-02       4.01181696E-02
   268.0000       4.00696613E-02       4.01180701E-02
   268.1000       4.00695726E-02       4.01179697E-02
   268.2000       4.00694833E-02       4.01178698E-02
   268.3000       4.00693952E-02       4.01177713E-02
   268.4000       4.00693048E-02       4.01176704E-02
   268.5000       4.00692164E-02       4.01175710E-02
   268.6000       4.00691267E-02       4.01174706E-02
   268.7000       4.00690392E-02       4.01173726E-02
   268.8000       4.00689515E-02       4.01172737E-02
   268.9000       4.00688623E-02       4.01171745E-02
   269.0000       4.00687740E-02       4.01170764E-02
   269.1000       4.00686849E-02       4.01169760E-02
   269.2000       4.00685949E-02       4.01168758E-02
   269.3000       4.00685049E-02       4.01167765E-02
   269.4000       4.00684164E-02       4.01166765E-02
   269.5000       4.00683265E-02       4.01165770E-02
   269.6000       4.00682384E-02       4.01164783E-02
   269.7000       4.00681503E-02       4.01163805E-02
   269.8000       4.00680605E-02       4.01162801E-02
   269.9000       4.00679708E-02       4.01161810E-02
   270.0000       4.00678824E-02       4.01160826E-02
   270.1000       4.00677939E-02       4.01159839E-02
   270.2000       4.00677058E-02       4.01158862E-02
   270.3000       4.00676168E-02       4.01157870E-02
   270.4000       4.00675291E-02       4.01156898E-02
   270.5000       4.00674393E-02       4.01155905E-02
   270.6000       4.00673523E-02       4.01154923E-02
   270.7000       4.00672631E-02       4.01153930E-02
   270.8000       4.00671769E-02       4.01152973E-02
   270.9000       4.00670886E-02       4.01151996E-02
   271.0000       4.00670008E-02       4.01151017E-02
   271.1000       4.00669119E-02       4.01150028E-02
   271.2000       4.00668239E-02       4.01149060E-02
   271.3000       4.00667369E-02       4.01148077E-02
   271.4000       4.00666498E-02       4.01147105E-02
   271.5000       4.00665619E-02       4.01146117E-02
   271.6000       4.00664754E-02       4.01145142E-02
   271.7000       4.00663887E-02       4.01144169E-02
   271.8000       4.00663015E-02       4.01143188E-02
   271.9000       4.00662146E-02       4.01142205E-02
   272.0000       4.00661295E-02       4.01141259E-02
   272.1000       4.00660433E-02       4.01140285E-02
   272.2000       4.00659577E-02       4.01139326E-02
   272.3000       4.00658715E-02       4.01138360E-02
   272.4000       4.00657858E-02       4.01137382E-02
   272.5000       4.00656999E-02       4.01136416E-02
   272.6000       4.00656148E-02       4.01135459E-02
   272.7000       4.00655292E-02       4.01134498E-02
   272.8000       4.00654430E-02       4.01133533E-02
   272.9000       4.00653572E-02       4.01132564E-02
   273.0000       4.00652729E-02       4.01131598E-02
   273.1000       4.00651872E-02       4.01130634E-02
   273.2000       4.00651026E-02       4.01129678E-02
   273.3000       4.00650166E-02       4.01128709E-02
   273.4000       4.00649300E-02       4.01127734E-02
   273.5000       4.00648456E-02       4.01126776E-02
   273.6000       4.00647605E-02       4.01125812E-02
   273.7000       4.00646757E-02       4.01124868E-02
   273.8000       4.00645906E-02       4.01123911E-02
   273.9000       4.00645050E-02       4.01122963E-02
   274.0000       4.00644186E-02       4.01121992E-02
   274.1000       4.00643330E-02       4.01121042E-02
   274.2000       4.00642472E-02       4.01120084E-02
   274.3000       4.00641619E-02       4.01119129E-02
   274.4000       4.00640767E-02       4.01118176E-02
   274.5000       4.00639912E-02       4.01117231E-02
   274.6000       4.00639050E-02       4.01116264E-02
   274.7000       4.00638196E-02       4.01115314E-02
   274.8000       4.00637334E-02       4.01114364E-02
   274.9000       4.00636476E-02       4.01113424E-02
   275.0000       4.00635617E-02       4.01112466E-02
   275.1000       4.00634754E-02       4.01111508E-02
   275.2000       4.00633905E-02       4.01110563E-02
   275.3000       4.00633051E-02       4.01109604E-02
   275.4000       4.00632203E-02       4.01108662E-02
   275.5000       4.00631355E-02       4.01107718E-02
   275.6000       4.00630518E-02       4.01106790E-02
   275.7000       4.00629690E-02       4.01105869E-02
   275.8000       4.00628861E-02       4.01104935E-02
   275.9000       4.00628024E-02       4.01104000E-02
   276.0000       4.00627178E-02       4.01103045E-02
   276.1000       4.00626353E-02       4.01102100E-02
   276.2000       4.00625519E-02       4.01101164E-02
   276.3000       4.00624699E-02       4.01100232E-02
   276.4000       4.00623861E-02       4.01099278E-02
   276.5000       4.00623030E-02       4.01098336E-02
   276.6000       4.00622198E-02       4.01097393E-02
   276.7000       4.00621385E-02       4.01096458E-02
   276.8000       4.00620555E-02       4.01095502E-02
   276.9000       4.00619732E-02       4.01094567E-02
   277.0000       4.00618900E-02       4.01093618E-02
   277.1000       4.00618073E-02       4.01092678E-02
   277.2000       4.00617243E-02       4.01091720E-02
   277.3000       4.00616422E-02       4.01090777E-02
   277.4000       4.00615604E-02       4.01089852E-02
   277.5000       4.00614779E-02       4.01088915E-02
   277.6000       4.00613954E-02       4.01087985E-02
   277.7000       4.00613147E-02       4.01087063E-02
   277.8000       4.00612322E-02       4.01086134E-02
   277.9000       4.00611506E-02       4.01085221E-02
   278.0000       4.00610677E-02       4.01084288E-02
   278.1000       4.00609843E-02       4.01083364E-02
   278.2000       4.00609020E-02       4.01082431E-02
   278.3000       4.00608213E-02       4.01081526E-02
   278.4000       4.00607405E-02       4.01080624E-02
   278.5000       4.00606573E-02       4.01079702E-02
   278.6000       4.00605734E-02       4.01078777E-02
   278.7000       4.00604925E-02       4.01077869E-02
   278.8000       4.00604095E-02       4.01076940E-02
   278.9000       4.00603266E-02       4.01076024E-02
   279.0000       4.00602450E-02       4.01075113E-02
   279.1000       4.00601627E-02       4.01074191E-02
   279.2000       4.00600813E-02       4.01073274E-02
   279.3000       4.00600006E-02       4.01072366E-02
   279.4000       4.00599190E-02       4.01071457E-02
   279.5000       4.00598399E-02       4.01070572E-02
   279.6000       4.00597596E-02       4.01069668E-02
   279.7000       4.00596806E-02       4.01068778E-02
   279.8000       4.00595998E-02       4.01067879E-02
   279.9000       4.00595200E-02       4.01066986E-02
   280.0000       4.00594396E-02       4.01066081E-02
   280.1000       4.00593595E-02       4.01065177E-02
   280.2000       4.00592791E-02       4.01064285E-02
   280.3000       4.00591991E-02       4.01063388E-02
   280.4000       4.00591192E-02       4.01062481E-02
   280.5000       4.00590400E-02       4.01061594E-02
   280.6000       4.00589603E-02       4.01060693E-02
   280.7000       4.00588807E-02       4.01059789E-02
   280.8000       4.00588020E-02       4.01058896E-02
   280.9000       4.00587210E-02       4.01057979E-02
   281.0000       4.00586416E-02       4.01057079E-02
   281.1000       4.00585617E-02       4.01056178E-02
   281.2000       4.00584823E-02       4.01055280E-02
   281.3000       4.00584030E-02       4.01054392E-02
   281.4000       4.00583229E-02       4.01053495E-02
   281.5000       4.00582432E-02       4.01052593E-02
   281.6000       4.00581640E-02       4.01051701E-02
   281.7000       4.00580840E-02       4.01050806E-02
   281.8000       4.00580052E-02       4.01049923E-02
   281.9000       4.00579243E-02       4.01049015E-02
   282.0000       4.00578445E-02       4.01048121E-02
   282.1000       4.00577646E-02       4.01047222E-02
   282.2000       4.00576847E-02       4.01046329E-02
   282.3000       4.00576049E-02       4.01045440E-02
   282.4000       4.00575250E-02       4.01044545E-02
   282.5000       4.00574447E-02       4.01043648E-02
   282.6000       4.00573645E-02       4.01042759E-02
   282.7000       4.00572851E-02       4.01041872E-02
   282.8000       4.00572044E-02       4.01040970E-02
   282.9000       4.00571248E-02       4.01040073E-02
   283.0000       4.00570447E-02       4.01039177E-02
   283.1000       4.00569661E-02       4.01038296E-02
   283.2000       4.00568875E-02       4.01037403E-02
   283.3000       4.00568081E-02       4.01036512E-02
   283.4000       4.00567292E-02       4.01035627E-02
   283.5000       4.00566509E-02       4.01034743E-02
   283.6000       4.00565713E-02       4.01033851E-02
   283.7000       4.00564927E-02       4.01032968E-02
   283.8000       4.00564142E-02       4.01032095E-02
   283.9000       4.00563351E-02       4.01031210E-02
   284.0000       4.00562557E-02       4.01030310E-02
   284.1000       4.00561766E-02       4.01029418E-02
   284.2000       4.00560968E-02       4.01028523E-02
   284.3000       4.00560188E-02       4.01027644E-02
   284.4000       4.00559402E-02       4.01026761E-02
   284.5000       4.00558621E-02       4.01025878E-02
   284.6000       4.00557847E-02       4.01025000E-02
   284.7000       4.00557072E-02       4.01024124E-02
   284.8000       4.00556286E-02       4.01023242E-02
   284.9000       4.00555507E-02       4.01022358E-02
   285.0000       4.00554734E-02       4.01021491E-02
   285.1000       4.00553960E-02       4.01020619E-02
   285.2000       4.00553189E-02       4.01019745E-02
   285.3000       4.00552402E-02       4.01018846E-02
   285.4000       4.00551630E-02       4.01017970E-02
   285.5000       4.00550848E-02       4.01017082E-02
   285.6000       4.00550085E-02       4.01016218E-02
   285.7000       4.00549319E-02       4.01015351E-02
   285.8000       4.00548547E-02       4.01014476E-02
   285.9000       4.00547771E-02       4.01013596E-02
   286.0000       4.00547000E-02       4.01012721E-02
   286.1000       4.00546224E-02       4.01011840E-02
   286.2000       4.00545443E-02       4.01010970E-02
   286.3000       4.00544660E-02       4.01010097E-02
   286.4000       4.00543882E-02       4.01009215E-02
   286.5000       4.00543110E-02       4.01008341E-02
   286.6000       4.00542337E-02       4.01007479E-02
   286.7000       4.00541558E-02       4.01006602E-02
   286.8000       4.00540786E-02       4.01005732E-02
   286.9000       4.00540008E-02       4.01004856E-02
   287.0000       4.00539232E-02       4.01003989E-02
   287.1000       4.00538470E-02       4.01003137E-02
   287.2000       4.00537692E-02       4.01002273E-02
   287.3000       4.00536927E-02       4.01001412E-02
   287.4000       4.00536150E-02       4.01000545E-02
   287.5000       4.00535380E-02       4.00999686E-02
   287.6000       4.00534614E-02       4.00998832E-02
   287.7000       4.00533835E-02       4.00997958E-02
   287.8000       4.00533041E-02       4.00997078E-02
   287.9000       4.00532269E-02       4.00996217E-02
   288.0000       4.00531496E-02       4.00995358E-02
   288.1000       4.00530731E-02       4.00994504E-02
   288.2000       4.00529947E-02       4.00993634E-02
   288.3000       4.00529166E-02       4.00992763E-02
   288.4000       4.00528397E-02       4.00991896E-02
   288.5000       4.00527635E-02       4.00991044E-02
   288.6000       4.00526877E-02       4.00990200E-02
   288.7000       4.00526114E-02       4.00989348E-02
   288.8000       4.00525356E-02       4.00988493E-02
   288.9000       4.00524583E-02       4.00987631E-02
   289.0000       4.00523812E-02       4.00986768E-02
   289.1000       4.00523055E-02       4.00985917E-02
   289.2000       4.00522300E-02       4.00985065E-02
   289.3000       4.00521539E-02       4.00984210E-02
   289.4000       4.00520779E-02       4.00983351E-02
   289.5000       4.00520024E-02       4.00982499E-02
   289.6000       4.00519268E-02       4.00981656E-02
   289.7000       4.00518518E-02       4.00980807E-02
   289.8000       4.00517757E-02       4.00979951E-02
   289.9000       4.00516992E-02       4.00979095E-02
   290.0000       4.00516243E-02       4.00978244E-02
   290.1000       4.00515491E-02       4.00977394E-02
   290.2000       4.00514735E-02       4.00976540E-02
   290.3000       4.00513987E-02       4.00975699E-02
   290.4000       4.00513243E-02       4.00974861E-02
   290.5000       4.00512497E-02       4.00974013E-02
   290.6000       4.00511750E-02       4.00973173E-02
   290.7000       4.00511005E-02       4.00972329E-02
   290.8000       4.00510263E-02       4.00971488E-02
   290.9000       4.00509525E-02       4.00970650E-02
   291.0000       4.00508783E-02       4.00969802E-02
   291.1000       4.00508030E-02       4.00968952E-02
   291.2000       4.00507281E-02       4.00968107E-02
   291.3000       4.00506533E-02       4.00967256E-02
   291.4000       4.00505784E-02       4.00966403E-02
   291.5000       4.00505040E-02       4.00965560E-02
   291.6000       4.00504298E-02       4.00964723E-02
   291.7000       4.00503553E-02       4.00963886E-02
   291.8000       4.00502812E-02       4.00963057E-02
   291.9000       4.00502069E-02       4.00962232E-02
   292.0000       4.00501322E-02       4.00961392E-02
   292.1000       4.00500587E-02       4.00960559E-02
   292.2000       4.00499864E-02       4.00959744E-02
   292.3000       4.00499134E-02       4.00958918E-02
   292.4000       4.00498400E-02       4.00958093E-02
   292.5000       4.00497659E-02       4.00957265E-02
   292.6000       4.00496920E-02       4.00956425E-02
   292.7000       4.00496173E-02       4.00955584E-02
   292.8000       4.00495436E-02       4.00954746E-02
   292.9000       4.00494700E-02       4.00953909E-02
   293.0000       4.00493956E-02       4.00953068E-02
   293.1000       4.00493220E-02       4.00952239E-02
   293.2000       4.00492493E-02       4.00951416E-02
   293.3000       4.00491759E-02       4.00950582E-02
   293.4000       4.00491035E-02       4.00949754E-02
   293.5000       4.00490302E-02       4.00948929E-02
   293.6000       4.00489561E-02       4.00948096E-02
   293.7000       4.00488820E-02       4.00947266E-02
   293.8000       4.00488086E-02       4.00946438E-02
   293.9000       4.00487347E-02       4.00945602E-02
   294.0000       4.00486606E-02       4.00944775E-02
   294.1000       4.00485881E-02       4.00943957E-02
   294.2000       4.00485145E-02       4.00943134E-02
   294.3000       4.00484406E-02       4.00942314E-02
   294.4000       4.00483671E-02       4.00941491E-02
   294.5000       4.00482939E-02       4.00940668E-02
   294.6000       4.00482206E-02       4.00939845E-02
   294.7000       4.00481477E-02       4.00939036E-02
   294.8000       4.00480747E-02       4.00938222E-02
   294.9000       4.00480001E-02       4.00937383E-02
   295.0000       4.00479279E-02       4.00936580E-02
   295.1000       4.00478543E-02       4.00935759E-02
   295.2000       4.00477826E-02       4.00934951E-02
   295.3000       4.00477099E-02       4.00934140E-02
   295.4000       4.00476368E-02       4.00933309E-02
   295.5000       4.00475647E-02       4.00932502E-02
   295.6000       4.00474923E-02       4.00931684E-02
   295.7000       4.00474199E-02       4.00930869E-02
   295.8000       4.00473478E-02       4.00930065E-02
   295.9000       4.00472756E-02       4.00929248E-02
   296.0000       4.00472034E-02       4.00928433E-02
   296.1000       4.00471316E-02       4.00927630E-02
   296.2000       4.00470605E-02       4.00926823E-02
   296.3000       4.00469884E-02       4.00926003E-02
   296.4000       4.00469162E-02       4.00925180E-02
   296.5000       4.00468452E-02       4.00924363E-02
   296.6000       4.00467723E-02       4.00923533E-02
   296.7000       4.00467019E-02       4.00922728E-02
   296.8000       4.00466310E-02       4.00921923E-02
   296.9000       4.00465598E-02       4.00921123E-02
   297.0000       4.00464869E-02       4.00920303E-02
   297.1000       4.00464170E-02       4.00919498E-02
   297.2000       4.00463462E-02       4.00918691E-02
   297.3000       4.00462760E-02       4.00917891E-02
   297.4000       4.00462048E-02       4.00917087E-02
   297.5000       4.00461347E-02       4.00916294E-02
   297.6000       4.00460642E-02       4.00915495E-02
   297.7000       4.00459945E-02       4.00914709E-02
   297.8000       4.00459243E-02       4.00913914E-02
   297.9000       4.00458536E-02       4.00913110E-02
   298.0000       4.00457825E-02       4.00912302E-02
   298.1000       4.00457119E-02       4.00911502E-02
   298.2000       4.00456420E-02       4.00910701E-02
   298.3000       4.00455720E-02       4.00909910E-02
   298.4000       4.00455031E-02       4.00909130E-02
   298.5000       4.00454329E-02       4.00908336E-02
   298.6000       4.00453625E-02       4.00907536E-02
   298.7000       4.00452929E-02       4.00906748E-02
   298.8000       4.00452226E-02       4.00905959E-02
   298.9000       4.00451520E-02       4.00905163E-02
   299.0000       4.00450814E-02       4.00904373E-02
   299.1000       4.00450106E-02       4.00903575E-02
   299.2000       4.00449409E-02       4.00902781E-02
   299.3000       4.00448712E-02       4.00901988E-02
   299.4000       4.00448020E-02       4.00901210E-02
   299.5000       4.00447330E-02       4.00900431E-02
   299.6000       4.00446622E-02       4.00899631E-02
   299.7000       4.00445914E-02       4.00898838E-02
   299.8000       4.00445217E-02       4.00898051E-02
   299.9000       4.00444505E-02       4.00897248E-02
   300.0000       4.00443805E-02       4.00896456E-02
   300.1000       4.00443114E-02       4.00895678E-02
   300.2000       4.00442416E-02       4.00894899E-02
   300.3000       4.00441718E-02       4.00894120E-02
   300.4000       4.00441015E-02       4.00893335E-02
   300.5000       4.00440317E-02       4.00892551E-02
   300.6000       4.00439620E-02       4.00891773E-02
   300.7000       4.00438918E-02       4.00890997E-02
   300.8000       4.00438223E-02       4.00890219E-02
   300.9000       4.00437530E-02       4.00889440E-02
   301.0000       4.00436832E-02       4.00888658E-02
   301.1000       4.00436139E-02       4.00887884E-02
   301.2000       4.00435448E-02       4.00887107E-02
   301.3000       4.00434755E-02       4.00886325E-02
   301.4000       4.00434054E-02       4.00885534E-02
   301.5000       4.00433363E-02       4.00884756E-02
   301.6000       4.00432676E-02       4.00883983E-02
   301.7000       4.00431987E-02       4.00883205E-02
   301.8000       4.00431304E-02       4.00882434E-02
   301.9000       4.00430621E-02       4.00881658E-02
   302.0000       4.00429935E-02       4.00880880E-02
   302.1000       4.00429254E-02       4.00880106E-02
   302.2000       4.00428578E-02       4.00879343E-02
   302.3000       4.00427900E-02       4.00878556E-02
   302.4000       4.00427229E-02       4.00877782E-02
   302.5000       4.00426549E-02       4.00877009E-02
   302.6000       4.00425884E-02       4.00876257E-02
   302.7000       4.00425206E-02       4.00875479E-02
   302.8000       4.00424524E-02       4.00874710E-02
   302.9000       4.00423848E-02       4.00873940E-02
   303.0000       4.00423178E-02       4.00873192E-02
   303.1000       4.00422506E-02       4.00872433E-02
   303.2000       4.00421841E-02       4.00871673E-02
   303.3000       4.00421176E-02       4.00870920E-02
   303.4000       4.00420496E-02       4.00870145E-02
   303.5000       4.00419824E-02       4.00869380E-02
   303.6000       4.00419145E-02       4.00868605E-02
   303.7000       4.00418474E-02       4.00867845E-02
   303.8000       4.00417810E-02       4.00867098E-02
   303.9000       4.00417146E-02       4.00866345E-02
   304.0000       4.00416467E-02       4.00865578E-02
   304.1000       4.00415800E-02       4.00864815E-02
   304.2000       4.00415126E-02       4.00864054E-02
   304.3000       4.00414452E-02       4.00863297E-02
   304.4000       4.00413775E-02       4.00862547E-02
   304.5000       4.00413103E-02       4.00861784E-02
   304.6000       4.00412433E-02       4.00861040E-02
   304.7000       4.00411755E-02       4.00860285E-02
   304.8000       4.00411103E-02       4.00859552E-02
   304.9000       4.00410446E-02       4.00858804E-02
   305.0000       4.00409784E-02       4.00858054E-02
   305.1000       4.00409114E-02       4.00857298E-02
   305.2000       4.00408452E-02       4.00856554E-02
   305.3000       4.00407794E-02       4.00855814E-02
   305.4000       4.00407132E-02       4.00855061E-02
   305.5000       4.00406469E-02       4.00854303E-02
   305.6000       4.00405809E-02       4.00853552E-02
   305.7000       4.00405148E-02       4.00852800E-02
   305.8000       4.00404483E-02       4.00852051E-02
   305.9000       4.00403827E-02       4.00851296E-02
   306.0000       4.00403170E-02       4.00850546E-02
   306.1000       4.00402514E-02       4.00849797E-02
   306.2000       4.00401849E-02       4.00849040E-02
   306.3000       4.00401203E-02       4.00848310E-02
   306.4000       4.00400543E-02       4.00847557E-02
   306.5000       4.00399882E-02       4.00846805E-02
   306.6000       4.00399230E-02       4.00846056E-02
   306.7000       4.00398571E-02       4.00845305E-02
   306.8000       4.00397920E-02       4.00844568E-02
   306.9000       4.00397260E-02       4.00843820E-02
   307.0000       4.00396595E-02       4.00843079E-02
   307.1000       4.00395931E-02       4.00842325E-02
   307.2000       4.00395270E-02       4.00841576E-02
   307.3000       4.00394618E-02       4.00840840E-02
   307.4000       4.00393962E-02       4.00840098E-02
   307.5000       4.00393299E-02       4.00839352E-02
   307.6000       4.00392637E-02       4.00838610E-02
   307.7000       4.00391985E-02       4.00837893E-02
   307.8000       4.00391327E-02       4.00837156E-02
   307.9000       4.00390665E-02       4.00836418E-02
   308.0000       4.00390005E-02       4.00835677E-02
   308.1000       4.00389340E-02       4.00834938E-02
   308.2000       4.00388683E-02       4.00834208E-02
   308.3000       4.00388030E-02       4.00833480E-02
   308.4000       4.00387373E-02       4.00832753E-02
   308.5000       4.00386717E-02       4.00832022E-02
   308.6000       4.00386055E-02       4.00831282E-02
   308.7000       4.00385393E-02       4.00830535E-02
   308.8000       4.00384746E-02       4.00829807E-02
   308.9000       4.00384096E-02       4.00829079E-02
   309.0000       4.00383446E-02       4.00828353E-02
   309.1000       4.00382798E-02       4.00827624E-02
   309.2000       4.00382161E-02       4.00826899E-02
   309.3000       4.00381515E-02       4.00826163E-02
   309.4000       4.00380865E-02       4.00825437E-02
   309.5000       4.00380223E-02       4.00824710E-02
   309.6000       4.00379571E-02       4.00823978E-02
   309.7000       4.00378941E-02       4.00823249E-02
   309.8000       4.00378296E-02       4.00822520E-02
   309.9000       4.00377652E-02       4.00821785E-02
   310.0000       4.00377018E-02       4.00821063E-02
   310.1000       4.00376393E-02       4.00820346E-02
   310.2000       4.00375753E-02       4.00819630E-02
   310.3000       4.00375118E-02       4.00818900E-02
   310.4000       4.00374495E-02       4.00818187E-02
   310.5000       4.00373861E-02       4.00817460E-02
   310.6000       4.00373230E-02       4.00816736E-02
   310.7000       4.00372598E-02       4.00816006E-02
   310.8000       4.00371967E-02       4.00815284E-02
   310.9000       4.00371347E-02       4.00814573E-02
   311.0000       4.00370721E-02       4.00813858E-02
   311.1000       4.00370092E-02       4.00813141E-02
   311.2000       4.00369464E-02       4.00812421E-02
   311.3000       4.00368834E-02       4.00811692E-02
   311.4000       4.00368204E-02       4.00810981E-02
   311.5000       4.00367574E-02       4.00810262E-02
   311.6000       4.00366944E-02       4.00809543E-02
   311.7000       4.00366318E-02       4.00808828E-02
   311.8000       4.00365682E-02       4.00808113E-02
   311.9000       4.00365054E-02       4.00807406E-02
   312.0000       4.00364426E-02       4.00806696E-02
   312.1000       4.00363798E-02       4.00805984E-02
   312.2000       4.00363169E-02       4.00805276E-02
   312.3000       4.00362545E-02       4.00804567E-02
   312.4000       4.00361910E-02       4.00803853E-02
   312.5000       4.00361288E-02       4.00803146E-02
   312.6000       4.00360655E-02       4.00802422E-02
   312.7000       4.00360032E-02       4.00801720E-02
   312.8000       4.00359403E-02       4.00801006E-02
   312.9000       4.00358766E-02       4.00800294E-02
   313.0000       4.00358132E-02       4.00799578E-02
   313.1000       4.00357505E-02       4.00798878E-02
   313.2000       4.00356868E-02       4.00798163E-02
   313.3000       4.00356233E-02       4.00797441E-02
   313.4000       4.00355605E-02       4.00796742E-02
   313.5000       4.00354972E-02       4.00796030E-02
   313.6000       4.00354349E-02       4.00795327E-02
   313.7000       4.00353716E-02       4.00794615E-02
   313.8000       4.00353092E-02       4.00793905E-02
   313.9000       4.00352462E-02       4.00793195E-02
   314.0000       4.00351834E-02       4.00792479E-02
   314.1000       4.00351204E-02       4.00791768E-02
   314.2000       4.00350578E-02       4.00791069E-02
   314.3000       4.00349958E-02       4.00790366E-02
   314.4000       4.00349329E-02       4.00789660E-02
   314.5000       4.00348707E-02       4.00788959E-02
   314.6000       4.00348078E-02       4.00788253E-02
   314.7000       4.00347469E-02       4.00787564E-02
   314.8000       4.00346852E-02       4.00786865E-02
   314.9000       4.00346229E-02       4.00786166E-02
   315.0000       4.00345628E-02       4.00785475E-02
   315.1000       4.00345026E-02       4.00784781E-02
   315.2000       4.00344407E-02       4.00784076E-02
   315.3000       4.00343797E-02       4.00783384E-02
   315.4000       4.00343187E-02       4.00782683E-02
   315.5000       4.00342577E-02       4.00781985E-02
   315.6000       4.00341956E-02       4.00781279E-02
   315.7000       4.00341345E-02       4.00780576E-02
   315.8000       4.00340733E-02       4.00779880E-02
   315.9000       4.00340115E-02       4.00779174E-02
   316.0000       4.00339509E-02       4.00778487E-02
   316.1000       4.00338892E-02       4.00777785E-02
   316.2000       4.00338282E-02       4.00777090E-02
   316.3000       4.00337677E-02       4.00776408E-02
   316.4000       4.00337068E-02       4.00775716E-02
   316.5000       4.00336470E-02       4.00775033E-02
   316.6000       4.00335865E-02       4.00774346E-02
   316.7000       4.00335252E-02       4.00773656E-02
   316.8000       4.00334642E-02       4.00772964E-02
   316.9000       4.00334039E-02       4.00772280E-02
   317.0000       4.00333430E-02       4.00771585E-02
   317.1000       4.00332820E-02       4.00770893E-02
   317.2000       4.00332207E-02       4.00770199E-02
   317.3000       4.00331609E-02       4.00769521E-02
   317.4000       4.00330993E-02       4.00768822E-02
   317.5000       4.00330387E-02       4.00768142E-02
   317.6000       4.00329782E-02       4.00767459E-02
   317.7000       4.00329178E-02       4.00766780E-02
   317.8000       4.00328575E-02       4.00766105E-02
   317.9000       4.00327971E-02       4.00765426E-02
   318.0000       4.00327368E-02       4.00764747E-02
   318.1000       4.00326774E-02       4.00764066E-02
   318.2000       4.00326170E-02       4.00763385E-02
   318.3000       4.00325571E-02       4.00762703E-02
   318.4000       4.00324968E-02       4.00762017E-02
   318.5000       4.00324367E-02       4.00761332E-02
   318.6000       4.00323776E-02       4.00760656E-02
   318.7000       4.00323199E-02       4.00759998E-02
   318.8000       4.00322606E-02       4.00759323E-02
   318.9000       4.00322021E-02       4.00758661E-02
   319.0000       4.00321426E-02       4.00757975E-02
   319.1000       4.00320831E-02       4.00757306E-02
   319.2000       4.00320238E-02       4.00756632E-02
   319.3000       4.00319655E-02       4.00755967E-02
   319.4000       4.00319070E-02       4.00755295E-02
   319.5000       4.00318480E-02       4.00754617E-02
   319.6000       4.00317883E-02       4.00753935E-02
   319.7000       4.00317294E-02       4.00753268E-02
   319.8000       4.00316717E-02       4.00752611E-02
   319.9000       4.00316136E-02       4.00751945E-02
   320.0000       4.00315553E-02       4.00751282E-02
   320.1000       4.00314970E-02       4.00750611E-02
   320.2000       4.00314388E-02       4.00749948E-02
   320.3000       4.00313807E-02       4.00749277E-02
   320.4000       4.00313223E-02       4.00748612E-02
   320.5000       4.00312647E-02       4.00747950E-02
   320.6000       4.00312062E-02       4.00747283E-02
   320.7000       4.00311484E-02       4.00746627E-02
   320.8000       4.00310903E-02       4.00745964E-02
   320.9000       4.00310326E-02       4.00745313E-02
   321.0000       4.00309740E-02       4.00744649E-02
   321.1000       4.00309156E-02       4.00743986E-02
   321.2000       4.00308578E-02       4.00743319E-02
   321.3000       4.00308000E-02       4.00742661E-02
   321.4000       4.00307420E-02       4.00742005E-02
   321.5000       4.00306840E-02       4.00741352E-02
   321.6000       4.00306252E-02       4.00740683E-02
   321.7000       4.00305677E-02       4.00740030E-02
   321.8000       4.00305099E-02       4.00739370E-02
   321.9000       4.00304506E-02       4.00738698E-02
   322.0000       4.00303920E-02       4.00738036E-02
   322.1000       4.00303332E-02       4.00737374E-02
   322.2000       4.00302746E-02       4.00736711E-02
   322.3000       4.00302162E-02       4.00736057E-02
   322.4000       4.00301571E-02       4.00735394E-02
   322.5000       4.00300989E-02       4.00734738E-02
   322.6000       4.00300406E-02       4.00734078E-02
   322.7000       4.00299811E-02       4.00733410E-02
   322.8000       4.00299230E-02       4.00732762E-02
   322.9000       4.00298651E-02       4.00732115E-02
   323.0000       4.00298053E-02       4.00731448E-02
   323.1000       4.00297467E-02       4.00730783E-02
   323.2000       4.00296883E-02       4.00730129E-02
   323.3000       4.00296304E-02       4.00729473E-02
   323.4000       4.00295714E-02       4.00728818E-02
   323.5000       4.00295127E-02       4.00728157E-02
   323.6000       4.00294538E-02       4.00727495E-02
   323.7000       4.00293944E-02       4.00726826E-02
   323.8000       4.00293353E-02       4.00726169E-02
   323.9000       4.00292775E-02       4.00725519E-02
   324.0000       4.00292185E-02       4.00724861E-02
   324.1000       4.00291592E-02       4.00724195E-02
   324.2000       4.00290998E-02       4.00723532E-02
   324.3000       4.00290408E-02       4.00722876E-02
   324.4000       4.00289819E-02       4.00722215E-02
   324.5000       4.00289229E-02       4.00721553E-02
   324.6000       4.00288661E-02       4.00720910E-02
   324.7000       4.00288082E-02       4.00720260E-02
   324.8000       4.00287503E-02       4.00719615E-02
   324.9000       4.00286916E-02       4.00718961E-02
   325.0000       4.00286331E-02       4.00718305E-02
   325.1000       4.00285754E-02       4.00717656E-02
   325.2000       4.00285182E-02       4.00717008E-02
   325.3000       4.00284610E-02       4.00716365E-02
   325.4000       4.00284035E-02       4.00715718E-02
   325.5000       4.00283466E-02       4.00715072E-02
   325.6000       4.00282898E-02       4.00714431E-02
   325.7000       4.00282317E-02       4.00713771E-02
   325.8000       4.00281753E-02       4.00713132E-02
   325.9000       4.00281189E-02       4.00712489E-02
   326.0000       4.00280618E-02       4.00711832E-02
   326.1000       4.00280053E-02       4.00711188E-02
   326.2000       4.00279487E-02       4.00710537E-02
   326.3000       4.00278929E-02       4.00709895E-02
   326.4000       4.00278369E-02       4.00709258E-02
   326.5000       4.00277812E-02       4.00708613E-02
   326.6000       4.00277257E-02       4.00707972E-02
   326.7000       4.00276696E-02       4.00707330E-02
   326.8000       4.00276137E-02       4.00706686E-02
   326.9000       4.00275588E-02       4.00706048E-02
   327.0000       4.00275045E-02       4.00705417E-02
   327.1000       4.00274488E-02       4.00704776E-02
   327.2000       4.00273935E-02       4.00704140E-02
   327.3000       4.00273377E-02       4.00703502E-02
   327.4000       4.00272822E-02       4.00702855E-02
   327.5000       4.00272267E-02       4.00702219E-02
   327.6000       4.00271710E-02       4.00701583E-02
   327.7000       4.00271152E-02       4.00700945E-02
   327.8000       4.00270596E-02       4.00700317E-02
   327.9000       4.00270055E-02       4.00699692E-02
   328.0000       4.00269506E-02       4.00699067E-02
   328.1000       4.00268952E-02       4.00698430E-02
   328.2000       4.00268406E-02       4.00697800E-02
   328.3000       4.00267859E-02       4.00697178E-02
   328.4000       4.00267304E-02       4.00696541E-02
   328.5000       4.00266755E-02       4.00695912E-02
   328.6000       4.00266200E-02       4.00695277E-02
   328.7000       4.00265644E-02       4.00694645E-02
   328.8000       4.00265097E-02       4.00694023E-02
   328.9000       4.00264548E-02       4.00693395E-02
   329.0000       4.00264000E-02       4.00692766E-02
   329.1000       4.00263450E-02       4.00692137E-02
   329.2000       4.00262900E-02       4.00691510E-02
   329.3000       4.00262346E-02       4.00690878E-02
   329.4000       4.00261791E-02       4.00690249E-02
   329.5000       4.00261241E-02       4.00689621E-02
   329.6000       4.00260687E-02       4.00688994E-02
   329.7000       4.00260135E-02       4.00688365E-02
   329.8000       4.00259582E-02       4.00687742E-02
   329.9000       4.00259024E-02       4.00687109E-02
   330.0000       4.00258472E-02       4.00686484E-02
   330.1000       4.00257923E-02       4.00685863E-02
   330.2000       4.00257374E-02       4.00685247E-02
   330.3000       4.00256820E-02       4.00684624E-02
   330.4000       4.00256272E-02       4.00684001E-02
   330.5000       4.00255716E-02       4.00683382E-02
   330.6000       4.00255167E-02       4.00682770E-02
   330.7000       4.00254616E-02       4.00682155E-02
   330.8000       4.00254064E-02       4.00681540E-02
   330.9000       4.00253513E-02       4.00680928E-02
   331.0000       4.00252957E-02       4.00680316E-02
   331.1000       4.00252419E-02       4.00679708E-02
   331.2000       4.00251872E-02       4.00679099E-02
   331.3000       4.00251324E-02       4.00678487E-02
   331.4000       4.00250782E-02       4.00677886E-02
   331.5000       4.00250244E-02       4.00677280E-02
   331.6000       4.00249712E-02       4.00676678E-02
   331.7000       4.00249172E-02       4.00676065E-02
   331.8000       4.00248632E-02       4.00675455E-02
   331.9000       4.00248108E-02       4.00674858E-02
   332.0000       4.00247573E-02       4.00674250E-02
   332.1000       4.00247037E-02       4.00673633E-02
   332.2000       4.00246502E-02       4.00673019E-02
   332.3000       4.00245964E-02       4.00672413E-02
   332.4000       4.00245437E-02       4.00671800E-02
   332.5000       4.00244910E-02       4.00671192E-02
   332.6000       4.00244372E-02       4.00670581E-02
   332.7000       4.00243850E-02       4.00669970E-02
   332.8000       4.00243307E-02       4.00669354E-02
   332.9000       4.00242772E-02       4.00668743E-02
   333.0000       4.00242239E-02       4.00668130E-02
   333.1000       4.00241707E-02       4.00667526E-02
   333.2000       4.00241171E-02       4.00666910E-02
   333.3000       4.00240634E-02       4.00666305E-02
   333.4000       4.00240093E-02       4.00665692E-02
   333.5000       4.00239561E-02       4.00665086E-02
   333.6000       4.00239022E-02       4.00664474E-02
   333.7000       4.00238480E-02       4.00663869E-02
   333.8000       4.00237946E-02       4.00663270E-02
   333.9000       4.00237410E-02       4.00662670E-02
   334.0000       4.00236875E-02       4.00662080E-02
   334.1000       4.00236338E-02       4.00661476E-02
   334.2000       4.00235804E-02       4.00660871E-02
   334.3000       4.00235260E-02       4.00660265E-02
   334.4000       4.00234728E-02       4.00659667E-02
   334.5000       4.00234189E-02       4.00659058E-02
   334.6000       4.00233657E-02       4.00658462E-02
   334.7000       4.00233117E-02       4.00657852E-02
   334.8000       4.00232579E-02       4.00657240E-02
   334.9000       4.00232045E-02       4.00656635E-02
   335.0000       4.00231509E-02       4.00656024E-02
   335.1000       4.00230985E-02       4.00655430E-02
   335.2000       4.00230454E-02       4.00654827E-02
   335.3000       4.00229931E-02       4.00654230E-02
   335.4000       4.00229409E-02       4.00653632E-02
   335.5000       4.00228884E-02       4.00653026E-02
   335.6000       4.00228356E-02       4.00652426E-02
   335.7000       4.00227827E-02       4.00651819E-02
   335.8000       4.00227304E-02       4.00651218E-02
   335.9000       4.00226772E-02       4.00650614E-02
   336.0000       4.00226246E-02       4.00650016E-02
   336.1000       4.00225715E-02       4.00649412E-02
   336.2000       4.00225192E-02       4.00648819E-02
   336.3000       4.00224680E-02       4.00648232E-02
   336.4000       4.00224162E-02       4.00647638E-02
   336.5000       4.00223631E-02       4.00647041E-02
   336.6000       4.00223109E-02       4.00646450E-02
   336.7000       4.00222599E-02       4.00645865E-02
   336.8000       4.00222073E-02       4.00645264E-02
   336.9000       4.00221552E-02       4.00644674E-02
   337.0000       4.00221024E-02       4.00644076E-02
   337.1000       4.00220495E-02       4.00643470E-02
   337.2000       4.00219977E-02       4.00642881E-02
   337.3000       4.00219455E-02       4.00642281E-02
   337.4000       4.00218937E-02       4.00641688E-02
   337.5000       4.00218421E-02       4.00641104E-02
   337.6000       4.00217907E-02       4.00640528E-02
   337.7000       4.00217385E-02       4.00639941E-02
   337.8000       4.00216867E-02       4.00639349E-02
   337.9000       4.00216345E-02       4.00638757E-02
   338.0000       4.00215828E-02       4.00638169E-02
   338.1000       4.00215316E-02       4.00637589E-02
   338.2000       4.00214797E-02       4.00637004E-02
   338.3000       4.00214275E-02       4.00636411E-02
   338.4000       4.00213761E-02       4.00635819E-02
   338.5000       4.00213235E-02       4.00635218E-02
   338.6000       4.00212712E-02       4.00634627E-02
   338.7000       4.00212190E-02       4.00634044E-02
   338.8000       4.00211674E-02       4.00633462E-02
   338.9000       4.00211162E-02       4.00632888E-02
   339.0000       4.00210649E-02       4.00632302E-02
   339.1000       4.00210131E-02       4.00631718E-02
   339.2000       4.00209612E-02       4.00631136E-02
   339.3000       4.00209090E-02       4.00630545E-02
   339.4000       4.00208562E-02       4.00629953E-02
   339.5000       4.00208046E-02       4.00629372E-02
   339.6000       4.00207528E-02       4.00628784E-02
   339.7000       4.00207008E-02       4.00628190E-02
   339.8000       4.00206487E-02       4.00627618E-02
   339.9000       4.00205973E-02       4.00627041E-02
   340.0000       4.00205454E-02       4.00626458E-02
   340.1000       4.00204931E-02       4.00625875E-02
   340.2000       4.00204412E-02       4.00625292E-02
   340.3000       4.00203900E-02       4.00624719E-02
   340.4000       4.00203380E-02       4.00624137E-02
   340.5000       4.00202864E-02       4.00623553E-02
   340.6000       4.00202346E-02       4.00622974E-02
   340.7000       4.00201831E-02       4.00622395E-02
   340.8000       4.00201321E-02       4.00621822E-02
   340.9000       4.00200813E-02       4.00621253E-02
   341.0000       4.00200304E-02       4.00620676E-02
   341.1000       4.00199794E-02       4.00620092E-02
   341.2000       4.00199288E-02       4.00619527E-02
   341.3000       4.00198782E-02       4.00618953E-02
   341.4000       4.00198269E-02       4.00618375E-02
   341.5000       4.00197755E-02       4.00617793E-02
   341.6000       4.00197245E-02       4.00617218E-02
   341.7000       4.00196738E-02       4.00616644E-02
   341.8000       4.00196228E-02       4.00616067E-02
   341.9000       4.00195721E-02       4.00615493E-02
   342.0000       4.00195223E-02       4.00614923E-02
   342.1000       4.00194721E-02       4.00614355E-02
   342.2000       4.00194216E-02       4.00613784E-02
   342.3000       4.00193720E-02       4.00613223E-02
   342.4000       4.00193214E-02       4.00612651E-02
   342.5000       4.00192710E-02       4.00612082E-02
   342.6000       4.00192208E-02       4.00611514E-02
   342.7000       4.00191703E-02       4.00610941E-02
   342.8000       4.00191199E-02       4.00610371E-02
   342.9000       4.00190699E-02       4.00609803E-02
   343.0000       4.00190206E-02       4.00609245E-02
   343.1000       4.00189703E-02       4.00608673E-02
   343.2000       4.00189204E-02       4.00608107E-02
   343.3000       4.00188707E-02       4.00607538E-02
   343.4000       4.00188215E-02       4.00606975E-02
   343.5000       4.00187713E-02       4.00606406E-02
   343.6000       4.00187213E-02       4.00605840E-02
   343.7000       4.00186711E-02       4.00605270E-02
   343.8000       4.00186216E-02       4.00604712E-02
   343.9000       4.00185714E-02       4.00604143E-02
   344.0000       4.00185205E-02       4.00603571E-02
   344.1000       4.00184707E-02       4.00603010E-02
   344.2000       4.00184205E-02       4.00602441E-02
   344.3000       4.00183714E-02       4.00601888E-02
   344.4000       4.00183219E-02       4.00601334E-02
   344.5000       4.00182718E-02       4.00600774E-02
   344.6000       4.00182231E-02       4.00600224E-02
   344.7000       4.00181734E-02       4.00599662E-02
   344.8000       4.00181235E-02       4.00599104E-02
   344.9000       4.00180737E-02       4.00598535E-02
   345.0000       4.00180235E-02       4.00597976E-02
   345.1000       4.00179734E-02       4.00597415E-02
   345.2000       4.00179238E-02       4.00596856E-02
   345.3000       4.00178745E-02       4.00596301E-02
   345.4000       4.00178252E-02       4.00595746E-02
   345.5000       4.00177757E-02       4.00595193E-02
   345.6000       4.00177267E-02       4.00594639E-02
   345.7000       4.00176775E-02       4.00594087E-02
   345.8000       4.00176286E-02       4.00593531E-02
   345.9000       4.00175787E-02       4.00592973E-02
   346.0000       4.00175292E-02       4.00592421E-02
   346.1000       4.00174800E-02       4.00591866E-02
   346.2000       4.00174310E-02       4.00591312E-02
   346.3000       4.00173816E-02       4.00590757E-02
   346.4000       4.00173328E-02       4.00590211E-02
   346.5000       4.00172837E-02       4.00589656E-02
   346.6000       4.00172344E-02       4.00589108E-02
   346.7000       4.00171856E-02       4.00588560E-02
   346.8000       4.00171369E-02       4.00588015E-02
   346.9000       4.00170887E-02       4.00587474E-02
   347.0000       4.00170397E-02       4.00586919E-02
   347.1000       4.00169920E-02       4.00586374E-02
   347.2000       4.00169444E-02       4.00585829E-02
   347.3000       4.00168952E-02       4.00585272E-02
   347.4000       4.00168466E-02       4.00584724E-02
   347.5000       4.00167980E-02       4.00584176E-02
   347.6000       4.00167493E-02       4.00583623E-02
   347.7000       4.00167002E-02       4.00583069E-02
   347.8000       4.00166514E-02       4.00582523E-02
   347.9000       4.00166018E-02       4.00581971E-02
   348.0000       4.00165536E-02       4.00581426E-02
   348.1000       4.00165049E-02       4.00580875E-02
   348.2000       4.00164564E-02       4.00580335E-02
   348.3000       4.00164070E-02       4.00579789E-02
   348.4000       4.00163585E-02       4.00579247E-02
   348.5000       4.00163098E-02       4.00578702E-02
   348.6000       4.00162615E-02       4.00578152E-02
   348.7000       4.00162132E-02       4.00577607E-02
   348.8000       4.00161647E-02       4.00577067E-02
   348.9000       4.00161163E-02       4.00576527E-02
   349.0000       4.00160676E-02       4.00575983E-02
   349.1000       4.00160195E-02       4.00575444E-02
   349.2000       4.00159706E-02       4.00574899E-02
   349.3000       4.00159213E-02       4.00574345E-02
   349.4000       4.00158726E-02       4.00573793E-02
   349.5000       4.00158243E-02       4.00573255E-02
   349.6000       4.00157766E-02       4.00572713E-02
   349.7000       4.00157294E-02       4.00572181E-02
   349.8000       4.00156812E-02       4.00571637E-02
   349.9000       4.00156334E-02       4.00571097E-02
   350.0000       4.00155853E-02       4.00570555E-02
   350.1000       4.00155376E-02       4.00570015E-02
   350.2000       4.00154898E-02       4.00569480E-02
   350.3000       4.00154425E-02       4.00568945E-02
   350.4000       4.00153951E-02       4.00568406E-02
   350.5000       4.00153476E-02       4.00567870E-02
   350.6000       4.00152995E-02       4.00567325E-02
   350.7000       4.00152515E-02       4.00566778E-02
   350.8000       4.00152046E-02       4.00566239E-02
   350.9000       4.00151582E-02       4.00565711E-02
   351.0000       4.00151110E-02       4.00565179E-02
   351.1000       4.00150631E-02       4.00564640E-02
   351.2000       4.00150160E-02       4.00564102E-02
   351.3000       4.00149685E-02       4.00563557E-02
   351.4000       4.00149217E-02       4.00563022E-02
   351.5000       4.00148743E-02       4.00562483E-02
   351.6000       4.00148264E-02       4.00561938E-02
   351.7000       4.00147799E-02       4.00561418E-02
   351.8000       4.00147329E-02       4.00560886E-02
   351.9000       4.00146856E-02       4.00560352E-02
   352.0000       4.00146386E-02       4.00559823E-02
   352.1000       4.00145921E-02       4.00559297E-02
   352.2000       4.00145453E-02       4.00558772E-02
   352.3000       4.00144985E-02       4.00558249E-02
   352.4000       4.00144506E-02       4.00557716E-02
   352.5000       4.00144024E-02       4.00557180E-02
   352.6000       4.00143551E-02       4.00556656E-02
   352.7000       4.00143081E-02       4.00556129E-02
   352.8000       4.00142611E-02       4.00555603E-02
   352.9000       4.00142139E-02       4.00555082E-02
   353.0000       4.00141663E-02       4.00554555E-02
   353.1000       4.00141191E-02       4.00554032E-02
   353.2000       4.00140726E-02       4.00553514E-02
   353.3000       4.00140260E-02       4.00552997E-02
   353.4000       4.00139791E-02       4.00552478E-02
   353.5000       4.00139317E-02       4.00551958E-02
   353.6000       4.00138852E-02       4.00551439E-02
   353.7000       4.00138386E-02       4.00550918E-02
   353.8000       4.00137925E-02       4.00550403E-02
   353.9000       4.00137462E-02       4.00549883E-02
   354.0000       4.00136999E-02       4.00549365E-02
   354.1000       4.00136538E-02       4.00548846E-02
   354.2000       4.00136070E-02       4.00548326E-02
   354.3000       4.00135609E-02       4.00547809E-02
   354.4000       4.00135154E-02       4.00547296E-02
   354.5000       4.00134703E-02       4.00546778E-02
   354.6000       4.00134251E-02       4.00546264E-02
   354.7000       4.00133797E-02       4.00545753E-02
   354.8000       4.00133335E-02       4.00545225E-02
   354.9000       4.00132882E-02       4.00544708E-02
   355.0000       4.00132432E-02       4.00544198E-02
   355.1000       4.00131977E-02       4.00543678E-02
   355.2000       4.00131524E-02       4.00543161E-02
   355.3000       4.00131077E-02       4.00542652E-02
   355.4000       4.00130625E-02       4.00542139E-02
   355.5000       4.00130167E-02       4.00541623E-02
   355.6000       4.00129709E-02       4.00541102E-02
   355.7000       4.00129258E-02       4.00540590E-02
   355.8000       4.00128805E-02       4.00540080E-02
   355.9000       4.00128354E-02       4.00539568E-02
   356.0000       4.00127901E-02       4.00539053E-02
   356.1000       4.00127442E-02       4.00538538E-02
   356.2000       4.00126990E-02       4.00538028E-02
   356.3000       4.00126530E-02       4.00537516E-02
   356.4000       4.00126074E-02       4.00537008E-02
   356.5000       4.00125617E-02       4.00536502E-02
   356.6000       4.00125160E-02       4.00535997E-02
   356.7000       4.00124698E-02       4.00535485E-02
   356.8000       4.00124235E-02       4.00534970E-02
   356.9000       4.00123777E-02       4.00534458E-02
   357.0000       4.00123323E-02       4.00533954E-02
   357.1000       4.00122862E-02       4.00533444E-02
   357.2000       4.00122410E-02       4.00532933E-02
   357.3000       4.00121954E-02       4.00532424E-02
   357.4000       4.00121488E-02       4.00531913E-02
   357.5000       4.00121022E-02       4.00531400E-02
   357.6000       4.00120566E-02       4.00530894E-02
   357.7000       4.00120110E-02       4.00530392E-02
   357.8000       4.00119655E-02       4.00529890E-02
   357.9000       4.00119195E-02       4.00529384E-02
   358.0000       4.00118743E-02       4.00528883E-02
   358.1000       4.00118281E-02       4.00528375E-02
   358.2000       4.00117830E-02       4.00527874E-02
   358.3000       4.00117375E-02       4.00527369E-02
   358.4000       4.00116917E-02       4.00526861E-02
   358.5000       4.00116462E-02       4.00526358E-02
   358.6000       4.00116006E-02       4.00525847E-02
   358.7000       4.00115542E-02       4.00525336E-02
   358.8000       4.00115079E-02       4.00524825E-02
   358.9000       4.00114617E-02       4.00524313E-02
   359.0000       4.00114167E-02       4.00523811E-02
   359.1000       4.00113708E-02       4.00523308E-02
   359.2000       4.00113252E-02       4.00522804E-02
   359.3000       4.00112801E-02       4.00522304E-02
   359.4000       4.00112347E-02       4.00521807E-02
   359.5000       4.00111895E-02       4.00521308E-02
   359.6000       4.00111442E-02       4.00520813E-02
   359.7000       4.00110991E-02       4.00520314E-02
   359.8000       4.00110536E-02       4.00519816E-02
   359.9000       4.00110083E-02       4.00519315E-02
   360.0000       4.00109631E-02       4.00518816E-02
   360.1000       4.00109180E-02       4.00518317E-02
   360.2000       4.00108727E-02       4.00517819E-02
   360.3000       4.00108279E-02       4.00517321E-02
   360.4000       4.00107824E-02       4.00516820E-02
   360.5000       4.00107375E-02       4.00516321E-02
   360.6000       4.00106924E-02       4.00515827E-02
   360.7000       4.00106471E-02       4.00515322E-02
   360.8000       4.00106026E-02       4.00514834E-02
   360.9000       4.00105573E-02       4.00514332E-02
   361.0000       4.00105125E-02       4.00513837E-02
   361.1000       4.00104667E-02       4.00513330E-02
   361.2000       4.00104228E-02       4.00512837E-02
   361.3000       4.00103780E-02       4.00512343E-02
   361.4000       4.00103330E-02       4.00511848E-02
   361.5000       4.00102885E-02       4.00511354E-02
   361.6000       4.00102440E-02       4.00510858E-02
   361.7000       4.00101998E-02       4.00510362E-02
   361.8000       4.00101560E-02       4.00509878E-02
   361.9000       4.00101118E-02       4.00509387E-02
   362.0000       4.00100679E-02       4.00508893E-02
   362.1000       4.00100244E-02       4.00508406E-02
   362.2000       4.00099802E-02       4.00507917E-02
   362.3000       4.00099365E-02       4.00507426E-02
   362.4000       4.00098934E-02       4.00506934E-02
   362.5000       4.00098497E-02       4.00506445E-02
   362.6000       4.00098061E-02       4.00505951E-02
   362.7000       4.00097627E-02       4.00505463E-02
   362.8000       4.00097194E-02       4.00504975E-02
   362.9000       4.00096767E-02       4.00504496E-02
   363.0000       4.00096332E-02       4.00504006E-02
   363.1000       4.00095897E-02       4.00503515E-02
   363.2000       4.00095461E-02       4.00503030E-02
   363.3000       4.00095027E-02       4.00502546E-02
   363.4000       4.00094591E-02       4.00502059E-02
   363.5000       4.00094156E-02       4.00501576E-02
   363.6000       4.00093726E-02       4.00501098E-02
   363.7000       4.00093288E-02       4.00500611E-02
   363.8000       4.00092857E-02       4.00500127E-02
   363.9000       4.00092422E-02       4.00499642E-02
   364.0000       4.00091988E-02       4.00499159E-02
   364.1000       4.00091553E-02       4.00498672E-02
   364.2000       4.00091118E-02       4.00498188E-02
   364.3000       4.00090683E-02       4.00497709E-02
   364.4000       4.00090250E-02       4.00497231E-02
   364.5000       4.00089815E-02       4.00496757E-02
   364.6000       4.00089384E-02       4.00496283E-02
   364.7000       4.00088946E-02       4.00495807E-02
   364.8000       4.00088514E-02       4.00495332E-02
   364.9000       4.00088078E-02       4.00494853E-02
   365.0000       4.00087645E-02       4.00494381E-02
   365.1000       4.00087211E-02       4.00493905E-02
   365.2000       4.00086776E-02       4.00493430E-02
   365.3000       4.00086343E-02       4.00492949E-02
   365.4000       4.00085906E-02       4.00492469E-02
   365.5000       4.00085477E-02       4.00491999E-02
   365.6000       4.00085047E-02       4.00491529E-02
   365.7000       4.00084625E-02       4.00491064E-02
   365.8000       4.00084196E-02       4.00490595E-02
   365.9000       4.00083764E-02       4.00490122E-02
   366.0000       4.00083345E-02       4.00489658E-02
   366.1000       4.00082919E-02       4.00489183E-02
   366.2000       4.00082492E-02       4.00488710E-02
   366.3000       4.00082065E-02       4.00488235E-02
   366.4000       4.00081639E-02       4.00487763E-02
   366.5000       4.00081210E-02       4.00487286E-02
   366.6000       4.00080788E-02       4.00486821E-02
   366.7000       4.00080365E-02       4.00486351E-02
   366.8000       4.00079942E-02       4.00485882E-02
   366.9000       4.00079523E-02       4.00485421E-02
   367.0000       4.00079104E-02       4.00484965E-02
   367.1000       4.00078685E-02       4.00484503E-02
   367.2000       4.00078260E-02       4.00484036E-02
   367.3000       4.00077839E-02       4.00483572E-02
   367.4000       4.00077416E-02       4.00483104E-02
   367.5000       4.00076995E-02       4.00482647E-02
   367.6000       4.00076576E-02       4.00482184E-02
   367.7000       4.00076155E-02       4.00481722E-02
   367.8000       4.00075730E-02       4.00481255E-02
   367.9000       4.00075309E-02       4.00480785E-02
   368.0000       4.00074885E-02       4.00480320E-02
   368.1000       4.00074455E-02       4.00479851E-02
   368.2000       4.00074036E-02       4.00479389E-02
   368.3000       4.00073613E-02       4.00478929E-02
   368.4000       4.00073185E-02       4.00478464E-02
   368.5000       4.00072764E-02       4.00478008E-02
   368.6000       4.00072339E-02       4.00477551E-02
   368.7000       4.00071911E-02       4.00477089E-02
   368.8000       4.00071487E-02       4.00476632E-02
   368.9000       4.00071060E-02       4.00476174E-02
   369.0000       4.00070632E-02       4.00475716E-02
   369.1000       4.00070204E-02       4.00475255E-02
   369.2000       4.00069779E-02       4.00474799E-02
   369.3000       4.00069348E-02       4.00474335E-02
   369.4000       4.00068920E-02       4.00473878E-02
   369.5000       4.00068492E-02       4.00473417E-02
   369.6000       4.00068065E-02       4.00472955E-02
   369.7000       4.00067642E-02       4.00472493E-02
   369.8000       4.00067217E-02       4.00472038E-02
   369.9000       4.00066797E-02       4.00471592E-02
   370.0000       4.00066369E-02       4.00471133E-02
   370.1000       4.00065940E-02       4.00470672E-02
   370.2000       4.00065520E-02       4.00470220E-02
   370.3000       4.00065108E-02       4.00469770E-02
   370.4000       4.00064686E-02       4.00469309E-02
   370.5000       4.00064268E-02       4.00468856E-02
   370.6000       4.00063860E-02       4.00468411E-02
   370.7000       4.00063440E-02       4.00467954E-02
   370.8000       4.00063015E-02       4.00467491E-02
   370.9000       4.00062604E-02       4.00467040E-02
   371.0000       4.00062186E-02       4.00466580E-02
   371.1000       4.00061768E-02       4.00466123E-02
   371.2000       4.00061362E-02       4.00465674E-02
   371.3000       4.00060953E-02       4.00465222E-02
   371.4000       4.00060540E-02       4.00464767E-02
   371.5000       4.00060127E-02       4.00464311E-02
   371.6000       4.00059716E-02       4.00463855E-02
   371.7000       4.00059309E-02       4.00463406E-02
   371.8000       4.00058900E-02       4.00462953E-02
   371.9000       4.00058497E-02       4.00462509E-02
   372.0000       4.00058091E-02       4.00462064E-02
   372.1000       4.00057685E-02       4.00461615E-02
   372.2000       4.00057272E-02       4.00461160E-02
   372.3000       4.00056863E-02       4.00460711E-02
   372.4000       4.00056458E-02       4.00460263E-02
   372.5000       4.00056051E-02       4.00459817E-02
   372.6000       4.00055644E-02       4.00459371E-02
   372.7000       4.00055232E-02       4.00458915E-02
   372.8000       4.00054821E-02       4.00458466E-02
   372.9000       4.00054422E-02       4.00458025E-02
   373.0000       4.00054009E-02       4.00457572E-02
   373.1000       4.00053606E-02       4.00457131E-02
   373.2000       4.00053201E-02       4.00456687E-02
   373.3000       4.00052791E-02       4.00456240E-02
   373.4000       4.00052379E-02       4.00455793E-02
   373.5000       4.00051969E-02       4.00455350E-02
   373.6000       4.00051559E-02       4.00454906E-02
   373.7000       4.00051151E-02       4.00454463E-02
   373.8000       4.00050743E-02       4.00454026E-02
   373.9000       4.00050346E-02       4.00453597E-02
   374.0000       4.00049935E-02       4.00453153E-02
   374.1000       4.00049529E-02       4.00452711E-02
   374.2000       4.00049126E-02       4.00452270E-02
   374.3000       4.00048719E-02       4.00451827E-02
   374.4000       4.00048314E-02       4.00451390E-02
   374.5000       4.00047907E-02       4.00450953E-02
   374.6000       4.00047500E-02       4.00450510E-02
   374.7000       4.00047097E-02       4.00450076E-02
   374.8000       4.00046690E-02       4.00449640E-02
   374.9000       4.00046288E-02       4.00449206E-02
   375.0000       4.00045880E-02       4.00448763E-02
   375.1000       4.00045479E-02       4.00448333E-02
   375.2000       4.00045078E-02       4.00447901E-02
   375.3000       4.00044673E-02       4.00447461E-02
   375.4000       4.00044268E-02       4.00447021E-02
   375.5000       4.00043864E-02       4.00446589E-02
   375.6000       4.00043461E-02       4.00446158E-02
   375.7000       4.00043051E-02       4.00445720E-02
   375.8000       4.00042647E-02       4.00445286E-02
   375.9000       4.00042246E-02       4.00444856E-02
   376.0000       4.00041838E-02       4.00444416E-02
   376.1000       4.00041428E-02       4.00443985E-02
   376.2000       4.00041022E-02       4.00443553E-02
   376.3000       4.00040621E-02       4.00443124E-02
   376.4000       4.00040217E-02       4.00442698E-02
   376.5000       4.00039810E-02       4.00442268E-02
   376.6000       4.00039401E-02       4.00441839E-02
   376.7000       4.00038990E-02       4.00441411E-02
   376.8000       4.00038588E-02       4.00440985E-02
   376.9000       4.00038181E-02       4.00440556E-02
   377.0000       4.00037775E-02       4.00440127E-02
   377.1000       4.00037374E-02       4.00439700E-02
   377.2000       4.00036968E-02       4.00439266E-02
   377.3000       4.00036570E-02       4.00438846E-02
   377.4000       4.00036165E-02       4.00438418E-02
   377.5000       4.00035769E-02       4.00437997E-02
   377.6000       4.00035361E-02       4.00437562E-02
   377.7000       4.00034965E-02       4.00437140E-02
   377.8000       4.00034567E-02       4.00436716E-02
   377.9000       4.00034167E-02       4.00436287E-02
   378.0000       4.00033771E-02       4.00435865E-02
   378.1000       4.00033378E-02       4.00435446E-02
   378.2000       4.00032977E-02       4.00435018E-02
   378.3000       4.00032589E-02       4.00434595E-02
   378.4000       4.00032192E-02       4.00434165E-02
   378.5000       4.00031797E-02       4.00433737E-02
   378.6000       4.00031402E-02       4.00433315E-02
   378.7000       4.00031007E-02       4.00432892E-02
   378.8000       4.00030616E-02       4.00432473E-02
   378.9000       4.00030224E-02       4.00432055E-02
   379.0000       4.00029829E-02       4.00431632E-02
   379.1000       4.00029439E-02       4.00431208E-02
   379.2000       4.00029045E-02       4.00430786E-02
   379.3000       4.00028652E-02       4.00430369E-02
   379.4000       4.00028259E-02       4.00429948E-02
   379.5000       4.00027871E-02       4.00429531E-02
   379.6000       4.00027480E-02       4.00429113E-02
   379.7000       4.00027088E-02       4.00428695E-02
   379.8000       4.00026700E-02       4.00428274E-02
   379.9000       4.00026312E-02       4.00427858E-02
   380.0000       4.00025916E-02       4.00427437E-02
   380.1000       4.00025518E-02       4.00427015E-02
   380.2000       4.00025126E-02       4.00426597E-02
   380.3000       4.00024739E-02       4.00426181E-02
   380.4000       4.00024353E-02       4.00425769E-02
   380.5000       4.00023959E-02       4.00425349E-02
   380.6000       4.00023567E-02       4.00424930E-02
   380.7000       4.00023179E-02       4.00424514E-02
   380.8000       4.00022790E-02       4.00424105E-02
   380.9000       4.00022399E-02       4.00423699E-02
   381.0000       4.00022006E-02       4.00423290E-02
   381.1000       4.00021614E-02       4.00422875E-02
   381.2000       4.00021221E-02       4.00422461E-02
   381.3000       4.00020832E-02       4.00422047E-02
   381.4000       4.00020443E-02       4.00421638E-02
   381.5000       4.00020050E-02       4.00421228E-02
   381.6000       4.00019653E-02       4.00420812E-02
   381.7000       4.00019257E-02       4.00420396E-02
   381.8000       4.00018863E-02       4.00419984E-02
   381.9000       4.00018471E-02       4.00419574E-02
   382.0000       4.00018072E-02       4.00419159E-02
   382.1000       4.00017683E-02       4.00418752E-02
   382.2000       4.00017289E-02       4.00418344E-02
   382.3000       4.00016894E-02       4.00417935E-02
   382.4000       4.00016505E-02       4.00417534E-02
   382.5000       4.00016110E-02       4.00417124E-02
   382.6000       4.00015716E-02       4.00416713E-02
   382.7000       4.00015319E-02       4.00416302E-02
   382.8000       4.00014924E-02       4.00415891E-02
   382.9000       4.00014531E-02       4.00415478E-02
   383.0000       4.00014139E-02       4.00415076E-02
   383.1000       4.00013749E-02       4.00414673E-02
   383.2000       4.00013359E-02       4.00414269E-02
   383.3000       4.00012963E-02       4.00413863E-02
   383.4000       4.00012571E-02       4.00413458E-02
   383.5000       4.00012177E-02       4.00413050E-02
   383.6000       4.00011782E-02       4.00412643E-02
   383.7000       4.00011395E-02       4.00412236E-02
   383.8000       4.00011010E-02       4.00411840E-02
   383.9000       4.00010617E-02       4.00411437E-02
   384.0000       4.00010235E-02       4.00411040E-02
   384.1000       4.00009844E-02       4.00410634E-02
   384.2000       4.00009459E-02       4.00410238E-02
   384.3000       4.00009069E-02       4.00409835E-02
   384.4000       4.00008682E-02       4.00409431E-02
   384.5000       4.00008301E-02       4.00409032E-02
   384.6000       4.00007913E-02       4.00408628E-02
   384.7000       4.00007530E-02       4.00408224E-02
   384.8000       4.00007147E-02       4.00407823E-02
   384.9000       4.00006764E-02       4.00407421E-02
   385.0000       4.00006380E-02       4.00407018E-02
   385.1000       4.00005995E-02       4.00406616E-02
   385.2000       4.00005615E-02       4.00406218E-02
   385.3000       4.00005231E-02       4.00405817E-02
   385.4000       4.00004854E-02       4.00405421E-02
   385.5000       4.00004476E-02       4.00405024E-02
   385.6000       4.00004093E-02       4.00404620E-02
   385.7000       4.00003714E-02       4.00404226E-02
   385.8000       4.00003340E-02       4.00403830E-02
   385.9000       4.00002960E-02       4.00403429E-02
   386.0000       4.00002583E-02       4.00403034E-02
   386.1000       4.00002200E-02       4.00402633E-02
   386.2000       4.00001828E-02       4.00402243E-02
   386.3000       4.00001444E-02       4.00401843E-02
   386.4000       4.00001064E-02       4.00401451E-02
   386.5000       4.00000681E-02       4.00401058E-02
   386.6000       4.00000304E-02       4.00400666E-02
   386.7000       3.99999924E-02       4.00400279E-02
   386.8000       3.99999541E-02       4.00399887E-02
   386.9000       3.99999156E-02       4.00399492E-02
   387.0000       3.99998773E-02       4.00399098E-02
   387.1000       3.99998398E-02       4.00398714E-02
   387.2000       3.99998022E-02       4.00398324E-02
   387.3000       3.99997637E-02       4.00397933E-02
   387.4000       3.99997255E-02       4.00397542E-02
   387.5000       3.99996869E-02       4.00397149E-02
   387.6000       3.99996491E-02       4.00396764E-02
   387.7000       3.99996110E-02       4.00396372E-02
   387.8000       3.99995728E-02       4.00395981E-02
   387.9000       3.99995352E-02       4.00395593E-02
   388.0000       3.99994971E-02       4.00395204E-02
   388.1000       3.99994587E-02       4.00394817E-02
   388.2000       3.99994208E-02       4.00394432E-02
   388.3000       3.99993826E-02       4.00394046E-02
   388.4000       3.99993453E-02       4.00393659E-02
   388.5000       3.99993071E-02       4.00393271E-02
   388.6000       3.99992688E-02       4.00392886E-02
   388.7000       3.99992301E-02       4.00392494E-02
   388.8000       3.99991920E-02       4.00392107E-02
   388.9000       3.99991542E-02       4.00391722E-02
   389.0000       3.99991158E-02       4.00391337E-02
   389.1000       3.99990776E-02       4.00390947E-02
   389.2000       3.99990390E-02       4.00390563E-02
   389.3000       3.99990005E-02       4.00390178E-02
   389.4000       3.99989619E-02       4.00389793E-02
   389.5000       3.99989238E-02       4.00389413E-02
   389.6000       3.99988850E-02       4.00389030E-02
   389.7000       3.99988468E-02       4.00388643E-02
   389.8000       3.99988082E-02       4.00388254E-02
   389.9000       3.99987699E-02       4.00387866E-02
   390.0000       3.99987308E-02       4.00387478E-02
   390.1000       3.99986925E-02       4.00387099E-02
   390.2000       3.99986540E-02       4.00386721E-02
   390.3000       3.99986157E-02       4.00386342E-02
   390.4000       3.99985769E-02       4.00385956E-02
   390.5000       3.99985394E-02       4.00385585E-02
   390.6000       3.99985011E-02       4.00385201E-02
   390.7000       3.99984630E-02       4.00384819E-02
   390.8000       3.99984251E-02       4.00384435E-02
   390.9000       3.99983863E-02       4.00384051E-02
   391.0000       3.99983489E-02       4.00383676E-02
   391.1000       3.99983109E-02       4.00383297E-02
   391.2000       3.99982737E-02       4.00382924E-02
   391.3000       3.99982353E-02       4.00382536E-02
   391.4000       3.99981978E-02       4.00382163E-02
   391.5000       3.99981604E-02       4.00381786E-02
   391.6000       3.99981229E-02       4.00381412E-02
   391.7000       3.99980854E-02       4.00381035E-02
   391.8000       3.99980477E-02       4.00380655E-02
   391.9000       3.99980105E-02       4.00380281E-02
   392.0000       3.99979736E-02       4.00379909E-02
   392.1000       3.99979362E-02       4.00379533E-02
   392.2000       3.99978995E-02       4.00379164E-02
   392.3000       3.99978625E-02       4.00378788E-02
   392.4000       3.99978254E-02       4.00378413E-02
   392.5000       3.99977884E-02       4.00378040E-02
   392.6000       3.99977505E-02       4.00377661E-02
   392.7000       3.99977135E-02       4.00377281E-02
   392.8000       3.99976762E-02       4.00376906E-02
   392.9000       3.99976390E-02       4.00376531E-02
   393.0000       3.99976026E-02       4.00376165E-02
   393.1000       3.99975650E-02       4.00375790E-02
   393.2000       3.99975284E-02       4.00375421E-02
   393.3000       3.99974913E-02       4.00375047E-02
   393.4000       3.99974540E-02       4.00374677E-02
   393.5000       3.99974164E-02       4.00374298E-02
   393.6000       3.99973797E-02       4.00373927E-02
   393.7000       3.99973428E-02       4.00373556E-02
   393.8000       3.99973061E-02       4.00373184E-02
   393.9000       3.99972695E-02       4.00372821E-02
   394.0000       3.99972328E-02       4.00372455E-02
   394.1000       3.99971961E-02       4.00372090E-02
   394.2000       3.99971587E-02       4.00371715E-02
   394.3000       3.99971211E-02       4.00371342E-02
   394.4000       3.99970840E-02       4.00370974E-02
   394.5000       3.99970461E-02       4.00370596E-02
   394.6000       3.99970089E-02       4.00370224E-02
   394.7000       3.99969712E-02       4.00369855E-02
   394.8000       3.99969340E-02       4.00369490E-02
   394.9000       3.99968962E-02       4.00369119E-02
   395.0000       3.99968592E-02       4.00368754E-02
   395.1000       3.99968217E-02       4.00368387E-02
   395.2000       3.99967840E-02       4.00368021E-02
   395.3000       3.99967465E-02       4.00367659E-02
   395.4000       3.99967092E-02       4.00367295E-02
   395.5000       3.99966716E-02       4.00366930E-02
   395.6000       3.99966333E-02       4.00366562E-02
   395.7000       3.99965954E-02       4.00366189E-02
   395.8000       3.99965572E-02       4.00365821E-02
   395.9000       3.99965195E-02       4.00365454E-02
   396.0000       3.99964812E-02       4.00365085E-02
   396.1000       3.99964429E-02       4.00364714E-02
   396.2000       3.99964050E-02       4.00364344E-02
   396.3000       3.99963670E-02       4.00363979E-02
   396.4000       3.99963290E-02       4.00363613E-02
   396.5000       3.99962911E-02       4.00363245E-02
   396.6000       3.99962529E-02       4.00362878E-02
   396.7000       3.99962153E-02       4.00362515E-02
   396.8000       3.99961778E-02       4.00362154E-02
   396.9000       3.99961401E-02       4.00361790E-02
   397.0000       3.99961022E-02       4.00361427E-02
   397.1000       3.99960647E-02       4.00361059E-02
   397.2000       3.99960276E-02       4.00360702E-02
   397.3000       3.99959900E-02       4.00360340E-02
   397.4000       3.99959529E-02       4.00359980E-02
   397.5000       3.99959158E-02       4.00359622E-02
   397.6000       3.99958781E-02       4.00359258E-02
   397.7000       3.99958407E-02       4.00358899E-02
   397.8000       3.99958034E-02       4.00358537E-02
   397.9000       3.99957656E-02       4.00358175E-02
   398.0000       3.99957284E-02       4.00357816E-02
   398.1000       3.99956911E-02       4.00357460E-02
   398.2000       3.99956535E-02       4.00357100E-02
   398.3000       3.99956165E-02       4.00356744E-02
   398.4000       3.99955798E-02       4.00356391E-02
   398.5000       3.99955429E-02       4.00356041E-02
   398.6000       3.99955064E-02       4.00355690E-02
   398.7000       3.99954686E-02       4.00355329E-02
   398.8000       3.99954314E-02       4.00354969E-02
   398.9000       3.99953945E-02       4.00354613E-02
   399.0000       3.99953578E-02       4.00354256E-02
   399.1000       3.99953205E-02       4.00353898E-02
   399.2000       3.99952835E-02       4.00353541E-02
   399.3000       3.99952464E-02       4.00353190E-02
   399.4000       3.99952101E-02       4.00352842E-02
   399.5000       3.99951731E-02       4.00352491E-02
   399.6000       3.99951362E-02       4.00352137E-02
   399.7000       3.99950989E-02       4.00351778E-02
   399.8000       3.99950618E-02       4.00351423E-02
   399.9000       3.99950248E-02       4.00351067E-02
   400.0000       3.99949873E-02       4.00350711E-02
   400.1000       3.99949504E-02       4.00350359E-02
   400.2000       3.99949138E-02       4.00350010E-02
   400.3000       3.99948767E-02       4.00349661E-02
   400.4000       3.99948400E-02       4.00349312E-02
   400.5000       3.99948024E-02       4.00348954E-02
   400.6000       3.99947651E-02       4.00348600E-02
   400.7000       3.99947275E-02       4.00348242E-02
   400.8000       3.99946906E-02       4.00347895E-02
   400.9000       3.99946532E-02       4.00347544E-02
   401.0000       3.99946156E-02       4.00347190E-02
   401.1000       3.99945786E-02       4.00346844E-02
   401.2000       3.99945409E-02       4.00346488E-02
   401.3000       3.99945035E-02       4.00346140E-02
   401.4000       3.99944659E-02       4.00345790E-02
   401.5000       3.99944283E-02       4.00345444E-02
   401.6000       3.99943907E-02       4.00345097E-02
   401.7000       3.99943522E-02       4.00344739E-02
   401.8000       3.99943149E-02       4.00344397E-02
   401.9000       3.99942773E-02       4.00344049E-02
   402.0000       3.99942392E-02       4.00343699E-02
   402.1000       3.99942013E-02       4.00343349E-02
   402.2000       3.99941638E-02       4.00343006E-02
   402.3000       3.99941259E-02       4.00342659E-02
   402.4000       3.99940884E-02       4.00342312E-02
   402.5000       3.99940511E-02       4.00341967E-02
   402.6000       3.99940138E-02       4.00341623E-02
   402.7000       3.99939765E-02       4.00341278E-02
   402.8000       3.99939390E-02       4.00340932E-02
   402.9000       3.99939012E-02       4.00340582E-02
   403.0000       3.99938642E-02       4.00340239E-02
   403.1000       3.99938267E-02       4.00339887E-02
   403.2000       3.99937897E-02       4.00339548E-02
   403.3000       3.99937525E-02       4.00339204E-02
   403.4000       3.99937148E-02       4.00338853E-02
   403.5000       3.99936773E-02       4.00338507E-02
   403.6000       3.99936405E-02       4.00338165E-02
   403.7000       3.99936030E-02       4.00337821E-02
   403.8000       3.99935654E-02       4.00337478E-02
   403.9000       3.99935280E-02       4.00337134E-02
   404.0000       3.99934903E-02       4.00336791E-02
   404.1000       3.99934530E-02       4.00336453E-02
   404.2000       3.99934156E-02       4.00336109E-02
   404.3000       3.99933777E-02       4.00335762E-02
   404.4000       3.99933400E-02       4.00335417E-02
   404.5000       3.99933023E-02       4.00335069E-02
   404.6000       3.99932648E-02       4.00334725E-02
   404.7000       3.99932263E-02       4.00334381E-02
   404.8000       3.99931884E-02       4.00334035E-02
   404.9000       3.99931505E-02       4.00333689E-02
   405.0000       3.99931126E-02       4.00333345E-02
   405.1000       3.99930748E-02       4.00333004E-02
   405.2000       3.99930366E-02       4.00332662E-02
   405.3000       3.99929984E-02       4.00332316E-02
   405.4000       3.99929601E-02       4.00331972E-02
   405.5000       3.99929220E-02       4.00331627E-02
   405.6000       3.99928842E-02       4.00331283E-02
   405.7000       3.99928458E-02       4.00330939E-02
   405.8000       3.99928079E-02       4.00330604E-02
   405.9000       3.99927697E-02       4.00330258E-02
   406.0000       3.99927318E-02       4.00329921E-02
   406.1000       3.99926937E-02       4.00329576E-02
   406.2000       3.99926554E-02       4.00329224E-02
   406.3000       3.99926179E-02       4.00328887E-02
   406.4000       3.99925798E-02       4.00328544E-02
   406.5000       3.99925416E-02       4.00328203E-02
   406.6000       3.99925034E-02       4.00327863E-02
   406.7000       3.99924658E-02       4.00327523E-02
   406.8000       3.99924280E-02       4.00327180E-02
   406.9000       3.99923901E-02       4.00326840E-02
   407.0000       3.99923526E-02       4.00326502E-02
   407.1000       3.99923147E-02       4.00326162E-02
   407.2000       3.99922772E-02       4.00325825E-02
   407.3000       3.99922393E-02       4.00325484E-02
   407.4000       3.99922015E-02       4.00325149E-02
   407.5000       3.99921635E-02       4.00324808E-02
   407.6000       3.99921258E-02       4.00324468E-02
   407.7000       3.99920875E-02       4.00324126E-02
   407.8000       3.99920503E-02       4.00323796E-02
   407.9000       3.99920126E-02       4.00323459E-02
   408.0000       3.99919747E-02       4.00323119E-02
   408.1000       3.99919370E-02       4.00322785E-02
   408.2000       3.99918991E-02       4.00322449E-02
   408.3000       3.99918614E-02       4.00322115E-02
   408.4000       3.99918241E-02       4.00321784E-02
   408.5000       3.99917863E-02       4.00321450E-02
   408.6000       3.99917484E-02       4.00321118E-02
   408.7000       3.99917108E-02       4.00320788E-02
   408.8000       3.99916731E-02       4.00320455E-02
   408.9000       3.99916355E-02       4.00320124E-02
   409.0000       3.99915976E-02       4.00319786E-02
   409.1000       3.99915599E-02       4.00319453E-02
   409.2000       3.99915224E-02       4.00319124E-02
   409.3000       3.99914842E-02       4.00318792E-02
   409.4000       3.99914464E-02       4.00318459E-02
   409.5000       3.99914085E-02       4.00318126E-02
   409.6000       3.99913712E-02       4.00317800E-02
   409.7000       3.99913333E-02       4.00317467E-02
   409.8000       3.99912957E-02       4.00317137E-02
   409.9000       3.99912575E-02       4.00316802E-02
   410.0000       3.99912194E-02       4.00316468E-02
   410.1000       3.99911814E-02       4.00316137E-02
   410.2000       3.99911433E-02       4.00315807E-02
   410.3000       3.99911053E-02       4.00315478E-02
   410.4000       3.99910675E-02       4.00315155E-02
   410.5000       3.99910293E-02       4.00314828E-02
   410.6000       3.99909913E-02       4.00314501E-02
   410.7000       3.99909534E-02       4.00314172E-02
   410.8000       3.99909147E-02       4.00313837E-02
   410.9000       3.99908763E-02       4.00313508E-02
   411.0000       3.99908380E-02       4.00313178E-02
   411.1000       3.99907994E-02       4.00312850E-02
   411.2000       3.99907608E-02       4.00312520E-02
   411.3000       3.99907222E-02       4.00312190E-02
   411.4000       3.99906835E-02       4.00311866E-02
   411.5000       3.99906448E-02       4.00311536E-02
   411.6000       3.99906061E-02       4.00311210E-02
   411.7000       3.99905677E-02       4.00310887E-02
   411.8000       3.99905294E-02       4.00310561E-02
   411.9000       3.99904911E-02       4.00310236E-02
   412.0000       3.99904517E-02       4.00309905E-02
   412.1000       3.99904132E-02       4.00309586E-02
   412.2000       3.99903743E-02       4.00309258E-02
   412.3000       3.99903355E-02       4.00308929E-02
   412.4000       3.99902970E-02       4.00308604E-02
   412.5000       3.99902584E-02       4.00308277E-02
   412.6000       3.99902196E-02       4.00307952E-02
   412.7000       3.99901812E-02       4.00307625E-02
   412.8000       3.99901425E-02       4.00307295E-02
   412.9000       3.99901037E-02       4.00306972E-02
   413.0000       3.99900650E-02       4.00306644E-02
   413.1000       3.99900263E-02       4.00306317E-02
   413.2000       3.99899874E-02       4.00305988E-02
   413.3000       3.99899488E-02       4.00305659E-02
   413.4000       3.99899102E-02       4.00305332E-02
   413.5000       3.99898712E-02       4.00305006E-02
   413.6000       3.99898319E-02       4.00304675E-02
   413.7000       3.99897928E-02       4.00304348E-02
   413.8000       3.99897533E-02       4.00304015E-02
   413.9000       3.99897144E-02       4.00303689E-02
   414.0000       3.99896751E-02       4.00303360E-02
   414.1000       3.99896359E-02       4.00303033E-02
   414.2000       3.99895966E-02       4.00302704E-02
   414.3000       3.99895577E-02       4.00302379E-02
   414.4000       3.99895178E-02       4.00302042E-02
   414.5000       3.99894789E-02       4.00301717E-02
   414.6000       3.99894394E-02       4.00301393E-02
   414.7000       3.99894000E-02       4.00301069E-02
   414.8000       3.99893605E-02       4.00300739E-02
   414.9000       3.99893210E-02       4.00300412E-02
   415.0000       3.99892813E-02       4.00300082E-02
   415.1000       3.99892423E-02       4.00299761E-02
   415.2000       3.99892030E-02       4.00299434E-02
   415.3000       3.99891638E-02       4.00299111E-02
   415.4000       3.99891248E-02       4.00298792E-02
   415.5000       3.99890856E-02       4.00298467E-02
   415.6000       3.99890463E-02       4.00298142E-02
   415.7000       3.99890069E-02       4.00297819E-02
   415.8000       3.99889679E-02       4.00297500E-02
   415.9000       3.99889285E-02       4.00297176E-02
   416.0000       3.99888895E-02       4.00296853E-02
   416.1000       3.99888503E-02       4.00296535E-02
   416.2000       3.99888106E-02       4.00296211E-02
   416.3000       3.99887710E-02       4.00295888E-02
   416.4000       3.99887317E-02       4.00295565E-02
   416.5000       3.99886926E-02       4.00295241E-02
   416.6000       3.99886533E-02       4.00294924E-02
   416.7000       3.99886140E-02       4.00294597E-02
   416.8000       3.99885751E-02       4.00294276E-02
   416.9000       3.99885359E-02       4.00293954E-02
   417.0000       3.99884969E-02       4.00293635E-02
   417.1000       3.99884581E-02       4.00293313E-02
   417.2000       3.99884197E-02       4.00292998E-02
   417.3000       3.99883813E-02       4.00292683E-02
   417.4000       3.99883419E-02       4.00292353E-02
   417.5000       3.99883032E-02       4.00292035E-02
   417.6000       3.99882644E-02       4.00291717E-02
   417.7000       3.99882250E-02       4.00291395E-02
   417.8000       3.99881860E-02       4.00291071E-02
   417.9000       3.99881471E-02       4.00290756E-02
   418.0000       3.99881083E-02       4.00290441E-02
   418.1000       3.99880693E-02       4.00290122E-02
   418.2000       3.99880296E-02       4.00289798E-02
   418.3000       3.99879903E-02       4.00289484E-02
   418.4000       3.99879513E-02       4.00289170E-02
   418.5000       3.99879117E-02       4.00288852E-02
   418.6000       3.99878722E-02       4.00288531E-02
   418.7000       3.99878326E-02       4.00288218E-02
   418.8000       3.99877932E-02       4.00287906E-02
   418.9000       3.99877536E-02       4.00287592E-02
   419.0000       3.99877142E-02       4.00287281E-02
   419.1000       3.99876737E-02       4.00286965E-02
   419.2000       3.99876340E-02       4.00286653E-02
   419.3000       3.99875937E-02       4.00286339E-02
   419.4000       3.99875544E-02       4.00286028E-02
   419.5000       3.99875139E-02       4.00285709E-02
   419.6000       3.99874734E-02       4.00285397E-02
   419.7000       3.99874331E-02       4.00285083E-02
   419.8000       3.99873925E-02       4.00284770E-02
   419.9000       3.99873519E-02       4.00284452E-02
   420.0000       3.99873119E-02       4.00284144E-02
   420.1000       3.99872717E-02       4.00283833E-02
   420.2000       3.99872309E-02       4.00283520E-02
   420.3000       3.99871905E-02       4.00283209E-02
   420.4000       3.99871503E-02       4.00282899E-02
   420.5000       3.99871099E-02       4.00282588E-02
   420.6000       3.99870701E-02       4.00282279E-02
   420.7000       3.99870299E-02       4.00281967E-02
   420.8000       3.99869899E-02       4.00281657E-02
   420.9000       3.99869499E-02       4.00281344E-02
   421.0000       3.99869093E-02       4.00281027E-02
   421.1000       3.99868695E-02       4.00280717E-02
   421.2000       3.99868296E-02       4.00280408E-02
   421.3000       3.99867900E-02       4.00280104E-02
   421.4000       3.99867498E-02       4.00279793E-02
   421.5000       3.99867104E-02       4.00279485E-02
   421.6000       3.99866706E-02       4.00279176E-02
   421.7000       3.99866312E-02       4.00278873E-02
   421.8000       3.99865913E-02       4.00278562E-02
   421.9000       3.99865517E-02       4.00278253E-02
   422.0000       3.99865116E-02       4.00277945E-02
   422.1000       3.99864718E-02       4.00277637E-02
   422.2000       3.99864321E-02       4.00277329E-02
   422.3000       3.99863923E-02       4.00277023E-02
   422.4000       3.99863521E-02       4.00276711E-02
   422.5000       3.99863124E-02       4.00276407E-02
   422.6000       3.99862732E-02       4.00276107E-02
   422.7000       3.99862331E-02       4.00275802E-02
   422.8000       3.99861930E-02       4.00275496E-02
   422.9000       3.99861530E-02       4.00275190E-02
   423.0000       3.99861132E-02       4.00274888E-02
   423.1000       3.99860742E-02       4.00274589E-02
   423.2000       3.99860349E-02       4.00274288E-02
   423.3000       3.99859952E-02       4.00273986E-02
   423.4000       3.99859557E-02       4.00273686E-02
   423.5000       3.99859159E-02       4.00273383E-02
   423.6000       3.99858765E-02       4.00273078E-02
   423.7000       3.99858368E-02       4.00272776E-02
   423.8000       3.99857972E-02       4.00272477E-02
   423.9000       3.99857575E-02       4.00272174E-02
   424.0000       3.99857177E-02       4.00271875E-02
   424.1000       3.99856779E-02       4.00271572E-02
   424.2000       3.99856379E-02       4.00271268E-02
   424.3000       3.99855981E-02       4.00270968E-02
   424.4000       3.99855580E-02       4.00270665E-02
   424.5000       3.99855181E-02       4.00270362E-02
   424.6000       3.99854779E-02       4.00270057E-02
   424.7000       3.99854380E-02       4.00269760E-02
   424.8000       3.99853973E-02       4.00269458E-02
   424.9000       3.99853572E-02       4.00269160E-02
   425.0000       3.99853170E-02       4.00268865E-02
   425.1000       3.99852765E-02       4.00268565E-02
   425.2000       3.99852360E-02       4.00268260E-02
   425.3000       3.99851954E-02       4.00267958E-02
   425.4000       3.99851547E-02       4.00267658E-02
   425.5000       3.99851146E-02       4.00267369E-02
   425.6000       3.99850744E-02       4.00267077E-02
   425.7000       3.99850341E-02       4.00266785E-02
   425.8000       3.99849933E-02       4.00266486E-02
   425.9000       3.99849525E-02       4.00266191E-02
   426.0000       3.99849117E-02       4.00265893E-02
   426.1000       3.99848712E-02       4.00265599E-02
   426.2000       3.99848311E-02       4.00265311E-02
   426.3000       3.99847907E-02       4.00265014E-02
   426.4000       3.99847504E-02       4.00264721E-02
   426.5000       3.99847103E-02       4.00264429E-02
   426.6000       3.99846699E-02       4.00264135E-02
   426.7000       3.99846296E-02       4.00263845E-02
   426.8000       3.99845889E-02       4.00263553E-02
   426.9000       3.99845482E-02       4.00263256E-02
   427.0000       3.99845080E-02       4.00262963E-02
   427.1000       3.99844676E-02       4.00262672E-02
   427.2000       3.99844270E-02       4.00262382E-02
   427.3000       3.99843869E-02       4.00262096E-02
   427.4000       3.99843467E-02       4.00261804E-02
   427.5000       3.99843066E-02       4.00261517E-02
   427.6000       3.99842664E-02       4.00261230E-02
   427.7000       3.99842261E-02       4.00260939E-02
   427.8000       3.99841855E-02       4.00260648E-02
   427.9000       3.99841452E-02       4.00260359E-02
   428.0000       3.99841051E-02       4.00260073E-02
   428.1000       3.99840641E-02       4.00259784E-02
   428.2000       3.99840237E-02       4.00259495E-02
   428.3000       3.99839831E-02       4.00259211E-02
   428.4000       3.99839428E-02       4.00258925E-02
   428.5000       3.99839029E-02       4.00258644E-02
   428.6000       3.99838624E-02       4.00258359E-02
   428.7000       3.99838212E-02       4.00258070E-02
   428.8000       3.99837810E-02       4.00257785E-02
   428.9000       3.99837402E-02       4.00257498E-02
   429.0000       3.99836999E-02       4.00257214E-02
   429.1000       3.99836594E-02       4.00256930E-02
   429.2000       3.99836186E-02       4.00256641E-02
   429.3000       3.99835780E-02       4.00256361E-02
   429.4000       3.99835371E-02       4.00256072E-02
   429.5000       3.99834965E-02       4.00255790E-02
   429.6000       3.99834551E-02       4.00255509E-02
   429.7000       3.99834142E-02       4.00255231E-02
   429.8000       3.99833732E-02       4.00254950E-02
   429.9000       3.99833319E-02       4.00254661E-02
   430.0000       3.99832910E-02       4.00254377E-02
   430.1000       3.99832501E-02       4.00254090E-02
   430.2000       3.99832089E-02       4.00253810E-02
   430.3000       3.99831682E-02       4.00253532E-02
   430.4000       3.99831272E-02       4.00253251E-02
   430.5000       3.99830867E-02       4.00252979E-02
   430.6000       3.99830462E-02       4.00252701E-02
   430.7000       3.99830056E-02       4.00252427E-02
   430.8000       3.99829650E-02       4.00252147E-02
   430.9000       3.99829241E-02       4.00251866E-02
   431.0000       3.99828836E-02       4.00251587E-02
   431.1000       3.99828423E-02       4.00251305E-02
   431.2000       3.99828019E-02       4.00251033E-02
   431.3000       3.99827617E-02       4.00250759E-02
   431.4000       3.99827210E-02       4.00250486E-02
   431.5000       3.99826804E-02       4.00250208E-02
   431.6000       3.99826398E-02       4.00249930E-02
   431.7000       3.99825992E-02       4.00249656E-02
   431.8000       3.99825584E-02       4.00249378E-02
   431.9000       3.99825179E-02       4.00249101E-02
   432.0000       3.99824771E-02       4.00248831E-02
   432.1000       3.99824363E-02       4.00248557E-02
   432.2000       3.99823957E-02       4.00248288E-02
   432.3000       3.99823550E-02       4.00248016E-02
   432.4000       3.99823141E-02       4.00247743E-02
   432.5000       3.99822731E-02       4.00247470E-02
   432.6000       3.99822328E-02       4.00247205E-02
   432.7000       3.99821920E-02       4.00246933E-02
   432.8000       3.99821506E-02       4.00246660E-02
   432.9000       3.99821101E-02       4.00246394E-02
   433.0000       3.99820688E-02       4.00246130E-02
   433.1000       3.99820276E-02       4.00245866E-02
   433.2000       3.99819865E-02       4.00245596E-02
   433.3000       3.99819456E-02       4.00245330E-02
   433.4000       3.99819043E-02       4.00245059E-02
   433.5000       3.99818629E-02       4.00244785E-02
   433.6000       3.99818226E-02       4.00244524E-02
   433.7000       3.99817821E-02       4.00244259E-02
   433.8000       3.99817413E-02       4.00243994E-02
   433.9000       3.99817002E-02       4.00243726E-02
   434.0000       3.99816598E-02       4.00243464E-02
   434.1000       3.99816189E-02       4.00243199E-02
   434.2000       3.99815783E-02       4.00242934E-02
   434.3000       3.99815373E-02       4.00242669E-02
   434.4000       3.99814970E-02       4.00242409E-02
   434.5000       3.99814566E-02       4.00242150E-02
   434.6000       3.99814159E-02       4.00241889E-02
   434.7000       3.99813752E-02       4.00241628E-02
   434.8000       3.99813348E-02       4.00241369E-02
   434.9000       3.99812940E-02       4.00241107E-02
   435.0000       3.99812533E-02       4.00240845E-02
   435.1000       3.99812131E-02       4.00240591E-02
   435.2000       3.99811727E-02       4.00240332E-02
   435.3000       3.99811324E-02       4.00240074E-02
   435.4000       3.99810920E-02       4.00239819E-02
   435.5000       3.99810518E-02       4.00239565E-02
   435.6000       3.99810116E-02       4.00239308E-02
   435.7000       3.99809712E-02       4.00239049E-02
   435.8000       3.99809310E-02       4.00238795E-02
   435.9000       3.99808910E-02       4.00238542E-02
   436.0000       3.99808505E-02       4.00238284E-02
   436.1000       3.99808097E-02       4.00238028E-02
   436.2000       3.99807693E-02       4.00237775E-02
   436.3000       3.99807284E-02       4.00237518E-02
   436.4000       3.99806879E-02       4.00237265E-02
   436.5000       3.99806473E-02       4.00237014E-02
   436.6000       3.99806071E-02       4.00236765E-02
   436.7000       3.99805662E-02       4.00236512E-02
   436.8000       3.99805252E-02       4.00236263E-02
   436.9000       3.99804843E-02       4.00236014E-02
   437.0000       3.99804437E-02       4.00235762E-02
   437.1000       3.99804036E-02       4.00235518E-02
   437.2000       3.99803633E-02       4.00235273E-02
   437.3000       3.99803227E-02       4.00235026E-02
   437.4000       3.99802821E-02       4.00234784E-02
   437.5000       3.99802414E-02       4.00234535E-02
   437.6000       3.99802007E-02       4.00234283E-02
   437.7000       3.99801592E-02       4.00234035E-02
   437.8000       3.99801181E-02       4.00233791E-02
   437.9000       3.99800768E-02       4.00233541E-02
   438.0000       3.99800363E-02       4.00233302E-02
   438.1000       3.99799952E-02       4.00233060E-02
   438.2000       3.99799543E-02       4.00232821E-02
   438.3000       3.99799136E-02       4.00232581E-02
   438.4000       3.99798728E-02       4.00232342E-02
   438.5000       3.99798319E-02       4.00232102E-02
   438.6000       3.99797911E-02       4.00231860E-02
   438.7000       3.99797503E-02       4.00231618E-02
   438.8000       3.99797098E-02       4.00231385E-02
   438.9000       3.99796690E-02       4.00231147E-02
   439.0000       3.99796284E-02       4.00230912E-02
   439.1000       3.99795877E-02       4.00230674E-02
   439.2000       3.99795479E-02       4.00230442E-02
   439.3000       3.99795075E-02       4.00230208E-02
   439.4000       3.99794671E-02       4.00229974E-02
   439.5000       3.99794269E-02       4.00229742E-02
   439.6000       3.99793861E-02       4.00229508E-02
   439.7000       3.99793454E-02       4.00229273E-02
   439.8000       3.99793049E-02       4.00229038E-02
   439.9000       3.99792640E-02       4.00228799E-02
   440.0000       3.99792240E-02       4.00228569E-02
   440.1000       3.99791837E-02       4.00228340E-02
   440.2000       3.99791430E-02       4.00228105E-02
   440.3000       3.99791026E-02       4.00227876E-02
   440.4000       3.99790618E-02       4.00227644E-02
   440.5000       3.99790216E-02       4.00227416E-02
   440.6000       3.99789812E-02       4.00227185E-02
   440.7000       3.99789401E-02       4.00226953E-02
   440.8000       3.99788988E-02       4.00226719E-02
   440.9000       3.99788575E-02       4.00226485E-02
   441.0000       3.99788165E-02       4.00226258E-02
   441.1000       3.99787756E-02       4.00226029E-02
   441.2000       3.99787345E-02       4.00225800E-02
   441.3000       3.99786938E-02       4.00225574E-02
   441.4000       3.99786523E-02       4.00225347E-02
   441.5000       3.99786113E-02       4.00225119E-02
   441.6000       3.99785699E-02       4.00224890E-02
   441.7000       3.99785294E-02       4.00224671E-02
   441.8000       3.99784881E-02       4.00224445E-02
   441.9000       3.99784472E-02       4.00224223E-02
   442.0000       3.99784065E-02       4.00224006E-02
   442.1000       3.99783654E-02       4.00223787E-02
   442.2000       3.99783245E-02       4.00223567E-02
   442.3000       3.99782838E-02       4.00223344E-02
   442.4000       3.99782425E-02       4.00223123E-02
   442.5000       3.99782014E-02       4.00222904E-02
   442.6000       3.99781607E-02       4.00222684E-02
   442.7000       3.99781200E-02       4.00222464E-02
   442.8000       3.99780792E-02       4.00222241E-02
   442.9000       3.99780381E-02       4.00222018E-02
   443.0000       3.99779971E-02       4.00221799E-02
   443.1000       3.99779559E-02       4.00221582E-02
   443.2000       3.99779147E-02       4.00221364E-02
   443.3000       3.99778747E-02       4.00221151E-02
   443.4000       3.99778338E-02       4.00220936E-02
   443.5000       3.99777936E-02       4.00220726E-02
   443.6000       3.99777530E-02       4.00220513E-02
   443.7000       3.99777124E-02       4.00220303E-02
   443.8000       3.99776717E-02       4.00220093E-02
   443.9000       3.99776310E-02       4.00219881E-02
   444.0000       3.99775902E-02       4.00219670E-02
   444.1000       3.99775495E-02       4.00219462E-02
   444.2000       3.99775089E-02       4.00219250E-02
   444.3000       3.99774687E-02       4.00219045E-02
   444.4000       3.99774279E-02       4.00218830E-02
   444.5000       3.99773874E-02       4.00218620E-02
   444.6000       3.99773466E-02       4.00218408E-02
   444.7000       3.99773055E-02       4.00218197E-02
   444.8000       3.99772656E-02       4.00217998E-02
   444.9000       3.99772251E-02       4.00217793E-02
   445.0000       3.99771839E-02       4.00217587E-02
   445.1000       3.99771427E-02       4.00217382E-02
   445.2000       3.99771021E-02       4.00217179E-02
   445.3000       3.99770607E-02       4.00216970E-02
   445.4000       3.99770199E-02       4.00216764E-02
   445.5000       3.99769792E-02       4.00216563E-02
   445.6000       3.99769381E-02       4.00216359E-02
   445.7000       3.99768969E-02       4.00216154E-02
   445.8000       3.99768559E-02       4.00215956E-02
   445.9000       3.99768146E-02       4.00215753E-02
   446.0000       3.99767731E-02       4.00215549E-02
   446.1000       3.99767312E-02       4.00215340E-02
   446.2000       3.99766898E-02       4.00215137E-02
   446.3000       3.99766484E-02       4.00214936E-02
   446.4000       3.99766070E-02       4.00214738E-02
   446.5000       3.99765656E-02       4.00214539E-02
   446.6000       3.99765238E-02       4.00214337E-02
   446.7000       3.99764821E-02       4.00214136E-02
   446.8000       3.99764401E-02       4.00213936E-02
   446.9000       3.99763988E-02       4.00213741E-02
   447.0000       3.99763576E-02       4.00213548E-02
   447.1000       3.99763158E-02       4.00213348E-02
   447.2000       3.99762743E-02       4.00213156E-02
   447.3000       3.99762327E-02       4.00212959E-02
   447.4000       3.99761909E-02       4.00212763E-02
   447.5000       3.99761492E-02       4.00212568E-02
   447.6000       3.99761078E-02       4.00212374E-02
   447.7000       3.99760658E-02       4.00212180E-02
   447.8000       3.99760239E-02       4.00211985E-02
   447.9000       3.99759828E-02       4.00211798E-02
   448.0000       3.99759413E-02       4.00211608E-02
   448.1000       3.99758995E-02       4.00211416E-02
   448.2000       3.99758582E-02       4.00211226E-02
   448.3000       3.99758167E-02       4.00211035E-02
   448.4000       3.99757752E-02       4.00210844E-02
   448.5000       3.99757337E-02       4.00210652E-02
   448.6000       3.99756923E-02       4.00210464E-02
   448.7000       3.99756508E-02       4.00210272E-02
   448.8000       3.99756095E-02       4.00210083E-02
   448.9000       3.99755683E-02       4.00209895E-02
   449.0000       3.99755266E-02       4.00209711E-02
   449.1000       3.99754853E-02       4.00209524E-02
   449.2000       3.99754435E-02       4.00209337E-02
   449.3000       3.99754019E-02       4.00209151E-02
   449.4000       3.99753603E-02       4.00208965E-02
   449.5000       3.99753188E-02       4.00208782E-02
   449.6000       3.99752774E-02       4.00208597E-02
   449.7000       3.99752359E-02       4.00208412E-02
   449.8000       3.99751942E-02       4.00208225E-02
   449.9000       3.99751525E-02       4.00208038E-02
   450.0000       3.99751107E-02       4.00207858E-02
   450.1000       3.99750695E-02       4.00207679E-02
   450.2000       3.99750275E-02       4.00207494E-02
   450.3000       3.99749859E-02       4.00207314E-02
   450.4000       3.99749443E-02       4.00207135E-02
   450.5000       3.99749024E-02       4.00206954E-02
   450.6000       3.99748607E-02       4.00206776E-02
   450.7000       3.99748187E-02       4.00206596E-02
   450.8000       3.99747768E-02       4.00206414E-02
   450.9000       3.99747350E-02       4.00206237E-02
   451.0000       3.99746930E-02       4.00206059E-02
   451.1000       3.99746517E-02       4.00205888E-02
   451.2000       3.99746099E-02       4.00205713E-02
   451.3000       3.99745684E-02       4.00205540E-02
   451.4000       3.99745263E-02       4.00205362E-02
   451.5000       3.99744849E-02       4.00205190E-02
   451.6000       3.99744431E-02       4.00205018E-02
   451.7000       3.99744011E-02       4.00204841E-02
   451.8000       3.99743591E-02       4.00204665E-02
   451.9000       3.99743171E-02       4.00204497E-02
   452.0000       3.99742755E-02       4.00204327E-02
   452.1000       3.99742340E-02       4.00204160E-02
   452.2000       3.99741922E-02       4.00203989E-02
   452.3000       3.99741499E-02       4.00203817E-02
   452.4000       3.99741078E-02       4.00203643E-02
   452.5000       3.99740654E-02       4.00203468E-02
   452.6000       3.99740236E-02       4.00203298E-02
   452.7000       3.99739818E-02       4.00203134E-02
   452.8000       3.99739399E-02       4.00202968E-02
   452.9000       3.99738981E-02       4.00202801E-02
   453.0000       3.99738566E-02       4.00202638E-02
   453.1000       3.99738147E-02       4.00202467E-02
   453.2000       3.99737729E-02       4.00202305E-02
   453.3000       3.99737308E-02       4.00202139E-02
   453.4000       3.99736888E-02       4.00201975E-02
   453.5000       3.99736467E-02       4.00201809E-02
   453.6000       3.99736044E-02       4.00201641E-02
   453.7000       3.99735627E-02       4.00201483E-02
   453.8000       3.99735207E-02       4.00201322E-02
   453.9000       3.99734789E-02       4.00201160E-02
   454.0000       3.99734368E-02       4.00200996E-02
   454.1000       3.99733947E-02       4.00200829E-02
   454.2000       3.99733528E-02       4.00200672E-02
   454.3000       3.99733107E-02       4.00200511E-02
   454.4000       3.99732687E-02       4.00200347E-02
   454.5000       3.99732268E-02       4.00200187E-02
   454.6000       3.99731853E-02       4.00200032E-02
   454.7000       3.99731430E-02       4.00199873E-02
   454.8000       3.99731006E-02       4.00199713E-02
   454.9000       3.99730587E-02       4.00199554E-02
   455.0000       3.99730163E-02       4.00199394E-02
   455.1000       3.99729741E-02       4.00199237E-02
   455.2000       3.99729320E-02       4.00199082E-02
   455.3000       3.99728895E-02       4.00198927E-02
   455.4000       3.99728472E-02       4.00198773E-02
   455.5000       3.99728053E-02       4.00198621E-02
   455.6000       3.99727627E-02       4.00198463E-02
   455.7000       3.99727203E-02       4.00198312E-02
   455.8000       3.99726779E-02       4.00198157E-02
   455.9000       3.99726354E-02       4.00198001E-02
   456.0000       3.99725922E-02       4.00197842E-02
   456.1000       3.99725497E-02       4.00197686E-02
   456.2000       3.99725068E-02       4.00197531E-02
   456.3000       3.99724645E-02       4.00197380E-02
   456.4000       3.99724215E-02       4.00197226E-02
   456.5000       3.99723792E-02       4.00197078E-02
   456.6000       3.99723366E-02       4.00196926E-02
   456.7000       3.99722939E-02       4.00196775E-02
   456.8000       3.99722511E-02       4.00196626E-02
   456.9000       3.99722084E-02       4.00196477E-02
   457.0000       3.99721651E-02       4.00196324E-02
   457.1000       3.99721224E-02       4.00196180E-02
   457.2000       3.99720794E-02       4.00196030E-02
   457.3000       3.99720366E-02       4.00195886E-02
   457.4000       3.99719938E-02       4.00195741E-02
   457.5000       3.99719510E-02       4.00195596E-02
   457.6000       3.99719081E-02       4.00195450E-02
   457.7000       3.99718651E-02       4.00195303E-02
   457.8000       3.99718221E-02       4.00195159E-02
   457.9000       3.99717794E-02       4.00195018E-02
   458.0000       3.99717363E-02       4.00194873E-02
   458.1000       3.99716935E-02       4.00194730E-02
   458.2000       3.99716506E-02       4.00194586E-02
   458.3000       3.99716079E-02       4.00194449E-02
   458.4000       3.99715653E-02       4.00194309E-02
   458.5000       3.99715222E-02       4.00194169E-02
   458.6000       3.99714795E-02       4.00194030E-02
   458.7000       3.99714371E-02       4.00193895E-02
   458.8000       3.99713944E-02       4.00193757E-02
   458.9000       3.99713513E-02       4.00193615E-02
   459.0000       3.99713082E-02       4.00193473E-02
   459.1000       3.99712654E-02       4.00193335E-02
   459.2000       3.99712224E-02       4.00193198E-02
   459.3000       3.99711798E-02       4.00193062E-02
   459.4000       3.99711371E-02       4.00192930E-02
   459.5000       3.99710945E-02       4.00192794E-02
   459.6000       3.99710518E-02       4.00192661E-02
   459.7000       3.99710089E-02       4.00192526E-02
   459.8000       3.99709667E-02       4.00192400E-02
   459.9000       3.99709239E-02       4.00192269E-02
   460.0000       3.99708807E-02       4.00192135E-02
   460.1000       3.99708376E-02       4.00192001E-02
   460.2000       3.99707951E-02       4.00191876E-02
   460.3000       3.99707522E-02       4.00191745E-02
   460.4000       3.99707096E-02       4.00191616E-02
   460.5000       3.99706666E-02       4.00191485E-02
   460.6000       3.99706236E-02       4.00191359E-02
   460.7000       3.99705810E-02       4.00191237E-02
   460.8000       3.99705376E-02       4.00191106E-02
   460.9000       3.99704946E-02       4.00190983E-02
   461.0000       3.99704517E-02       4.00190853E-02
   461.1000       3.99704089E-02       4.00190729E-02
   461.2000       3.99703664E-02       4.00190605E-02
   461.3000       3.99703236E-02       4.00190482E-02
   461.4000       3.99702807E-02       4.00190360E-02
   461.5000       3.99702377E-02       4.00190236E-02
   461.6000       3.99701948E-02       4.00190111E-02
   461.7000       3.99701521E-02       4.00189992E-02
   461.8000       3.99701090E-02       4.00189865E-02
   461.9000       3.99700664E-02       4.00189745E-02
   462.0000       3.99700238E-02       4.00189627E-02
   462.1000       3.99699808E-02       4.00189502E-02
   462.2000       3.99699378E-02       4.00189380E-02
   462.3000       3.99698944E-02       4.00189259E-02
   462.4000       3.99698519E-02       4.00189148E-02
   462.5000       3.99698089E-02       4.00189030E-02
   462.6000       3.99697655E-02       4.00188909E-02
   462.7000       3.99697225E-02       4.00188793E-02
   462.8000       3.99696796E-02       4.00188677E-02
   462.9000       3.99696363E-02       4.00188562E-02
   463.0000       3.99695930E-02       4.00188444E-02
   463.1000       3.99695497E-02       4.00188328E-02
   463.2000       3.99695070E-02       4.00188220E-02
   463.3000       3.99694636E-02       4.00188101E-02
   463.4000       3.99694198E-02       4.00187984E-02
   463.5000       3.99693765E-02       4.00187868E-02
   463.6000       3.99693325E-02       4.00187750E-02
   463.7000       3.99692888E-02       4.00187633E-02
   463.8000       3.99692452E-02       4.00187522E-02
   463.9000       3.99692021E-02       4.00187412E-02
   464.0000       3.99691586E-02       4.00187302E-02
   464.1000       3.99691150E-02       4.00187189E-02
   464.2000       3.99690712E-02       4.00187080E-02
   464.3000       3.99690276E-02       4.00186971E-02
   464.4000       3.99689840E-02       4.00186863E-02
   464.5000       3.99689402E-02       4.00186753E-02
   464.6000       3.99688967E-02       4.00186646E-02
   464.7000       3.99688534E-02       4.00186539E-02
   464.8000       3.99688095E-02       4.00186433E-02
   464.9000       3.99687662E-02       4.00186333E-02
   465.0000       3.99687220E-02       4.00186226E-02
   465.1000       3.99686784E-02       4.00186123E-02
   465.2000       3.99686348E-02       4.00186018E-02
   465.3000       3.99685913E-02       4.00185915E-02
   465.4000       3.99685477E-02       4.00185812E-02
   465.5000       3.99685044E-02       4.00185712E-02
   465.6000       3.99684607E-02       4.00185610E-02
   465.7000       3.99684174E-02       4.00185507E-02
   465.8000       3.99683739E-02       4.00185409E-02
   465.9000       3.99683307E-02       4.00185313E-02
   466.0000       3.99682877E-02       4.00185216E-02
   466.1000       3.99682447E-02       4.00185119E-02
   466.2000       3.99682015E-02       4.00185018E-02
   466.3000       3.99681581E-02       4.00184919E-02
   466.4000       3.99681156E-02       4.00184824E-02
   466.5000       3.99680725E-02       4.00184724E-02
   466.6000       3.99680290E-02       4.00184621E-02
   466.7000       3.99679859E-02       4.00184528E-02
   466.8000       3.99679426E-02       4.00184432E-02
   466.9000       3.99678993E-02       4.00184336E-02
   467.0000       3.99678558E-02       4.00184239E-02
   467.1000       3.99678128E-02       4.00184150E-02
   467.2000       3.99677694E-02       4.00184059E-02
   467.3000       3.99677259E-02       4.00183968E-02
   467.4000       3.99676826E-02       4.00183879E-02
   467.5000       3.99676389E-02       4.00183789E-02
   467.6000       3.99675948E-02       4.00183694E-02
   467.7000       3.99675511E-02       4.00183599E-02
   467.8000       3.99675068E-02       4.00183504E-02
   467.9000       3.99674628E-02       4.00183414E-02
   468.0000       3.99674191E-02       4.00183324E-02
   468.1000       3.99673750E-02       4.00183233E-02
   468.2000       3.99673307E-02       4.00183144E-02
   468.3000       3.99672864E-02       4.00183055E-02
   468.4000       3.99672419E-02       4.00182962E-02
   468.5000       3.99671977E-02       4.00182872E-02
   468.6000       3.99671536E-02       4.00182788E-02
   468.7000       3.99671091E-02       4.00182701E-02
   468.8000       3.99670648E-02       4.00182613E-02
   468.9000       3.99670207E-02       4.00182529E-02
   469.0000       3.99669766E-02       4.00182447E-02
   469.1000       3.99669325E-02       4.00182363E-02
   469.2000       3.99668880E-02       4.00182275E-02
   469.3000       3.99668437E-02       4.00182189E-02
   469.4000       3.99667995E-02       4.00182107E-02
   469.5000       3.99667550E-02       4.00182023E-02
   469.6000       3.99667103E-02       4.00181936E-02
   469.7000       3.99666654E-02       4.00181849E-02
   469.8000       3.99666209E-02       4.00181768E-02
   469.9000       3.99665766E-02       4.00181690E-02
   470.0000       3.99665318E-02       4.00181609E-02
   470.1000       3.99664877E-02       4.00181530E-02
   470.2000       3.99664431E-02       4.00181447E-02
   470.3000       3.99663984E-02       4.00181362E-02
   470.4000       3.99663539E-02       4.00181282E-02
   470.5000       3.99663095E-02       4.00181209E-02
   470.6000       3.99662650E-02       4.00181131E-02
   470.7000       3.99662206E-02       4.00181053E-02
   470.8000       3.99661763E-02       4.00180978E-02
   470.9000       3.99661320E-02       4.00180897E-02
   471.0000       3.99660872E-02       4.00180817E-02
   471.1000       3.99660430E-02       4.00180741E-02
   471.2000       3.99659985E-02       4.00180665E-02
   471.3000       3.99659544E-02       4.00180592E-02
   471.4000       3.99659100E-02       4.00180520E-02
   471.5000       3.99658660E-02       4.00180452E-02
   471.6000       3.99658217E-02       4.00180378E-02
   471.7000       3.99657773E-02       4.00180303E-02
   471.8000       3.99657328E-02       4.00180232E-02
   471.9000       3.99656888E-02       4.00180165E-02
   472.0000       3.99656446E-02       4.00180098E-02
   472.1000       3.99655999E-02       4.00180021E-02
   472.2000       3.99655558E-02       4.00179953E-02
   472.3000       3.99655117E-02       4.00179887E-02
   472.4000       3.99654674E-02       4.00179818E-02
   472.5000       3.99654235E-02       4.00179753E-02
   472.6000       3.99653792E-02       4.00179687E-02
   472.7000       3.99653349E-02       4.00179623E-02
   472.8000       3.99652908E-02       4.00179558E-02
   472.9000       3.99652465E-02       4.00179492E-02
   473.0000       3.99652021E-02       4.00179429E-02
   473.1000       3.99651575E-02       4.00179364E-02
   473.2000       3.99651129E-02       4.00179302E-02
   473.3000       3.99650690E-02       4.00179245E-02
   473.4000       3.99650242E-02       4.00179181E-02
   473.5000       3.99649801E-02       4.00179123E-02
   473.6000       3.99649359E-02       4.00179068E-02
   473.7000       3.99648914E-02       4.00179007E-02
   473.8000       3.99648470E-02       4.00178950E-02
   473.9000       3.99648028E-02       4.00178895E-02
   474.0000       3.99647585E-02       4.00178837E-02
   474.1000       3.99647139E-02       4.00178780E-02
   474.2000       3.99646694E-02       4.00178726E-02
   474.3000       3.99646244E-02       4.00178669E-02
   474.4000       3.99645795E-02       4.00178613E-02
   474.5000       3.99645349E-02       4.00178559E-02
   474.6000       3.99644901E-02       4.00178508E-02
   474.7000       3.99644454E-02       4.00178455E-02
   474.8000       3.99644009E-02       4.00178406E-02
   474.9000       3.99643562E-02       4.00178349E-02
   475.0000       3.99643112E-02       4.00178296E-02
   475.1000       3.99642660E-02       4.00178242E-02
   475.2000       3.99642212E-02       4.00178196E-02
   475.3000       3.99641766E-02       4.00178145E-02
   475.4000       3.99641319E-02       4.00178096E-02
   475.5000       3.99640874E-02       4.00178048E-02
   475.6000       3.99640428E-02       4.00177997E-02
   475.7000       3.99639979E-02       4.00177947E-02
   475.8000       3.99639534E-02       4.00177901E-02
   475.9000       3.99639085E-02       4.00177850E-02
   476.0000       3.99638641E-02       4.00177802E-02
   476.1000       3.99638195E-02       4.00177758E-02
   476.2000       3.99637748E-02       4.00177714E-02
   476.3000       3.99637300E-02       4.00177668E-02
   476.4000       3.99636856E-02       4.00177623E-02
   476.5000       3.99636410E-02       4.00177579E-02
   476.6000       3.99635963E-02       4.00177537E-02
   476.7000       3.99635520E-02       4.00177496E-02
   476.8000       3.99635073E-02       4.00177454E-02
   476.9000       3.99634624E-02       4.00177407E-02
   477.0000       3.99634181E-02       4.00177370E-02
   477.1000       3.99633732E-02       4.00177327E-02
   477.2000       3.99633285E-02       4.00177289E-02
   477.3000       3.99632837E-02       4.00177248E-02
   477.4000       3.99632385E-02       4.00177204E-02
   477.5000       3.99631934E-02       4.00177164E-02
   477.6000       3.99631486E-02       4.00177129E-02
   477.7000       3.99631037E-02       4.00177094E-02
   477.8000       3.99630585E-02       4.00177058E-02
   477.9000       3.99630131E-02       4.00177023E-02
   478.0000       3.99629682E-02       4.00176988E-02
   478.1000       3.99629232E-02       4.00176955E-02
   478.2000       3.99628778E-02       4.00176919E-02
   478.3000       3.99628322E-02       4.00176885E-02
   478.4000       3.99627870E-02       4.00176851E-02
   478.5000       3.99627418E-02       4.00176824E-02
   478.6000       3.99626970E-02       4.00176792E-02
   478.7000       3.99626520E-02       4.00176762E-02
   478.8000       3.99626069E-02       4.00176730E-02
   478.9000       3.99625620E-02       4.00176702E-02
   479.0000       3.99625168E-02       4.00176671E-02
   479.1000       3.99624711E-02       4.00176640E-02
   479.2000       3.99624261E-02       4.00176611E-02
   479.3000       3.99623806E-02       4.00176582E-02
   479.4000       3.99623355E-02       4.00176555E-02
   479.5000       3.99622906E-02       4.00176524E-02
   479.6000       3.99622458E-02       4.00176502E-02
   479.7000       3.99622003E-02       4.00176472E-02
   479.8000       3.99621551E-02       4.00176447E-02
   479.9000       3.99621102E-02       4.00176421E-02
   480.0000       3.99620648E-02       4.00176395E-02
   480.1000       3.99620191E-02       4.00176366E-02
   480.2000       3.99619739E-02       4.00176345E-02
   480.3000       3.99619284E-02       4.00176325E-02
   480.4000       3.99618835E-02       4.00176307E-02
   480.5000       3.99618379E-02       4.00176282E-02
   480.6000       3.99617929E-02       4.00176258E-02
   480.7000       3.99617476E-02       4.00176242E-02
   480.8000       3.99617023E-02       4.00176220E-02
   480.9000       3.99616570E-02       4.00176198E-02
   481.0000       3.99616116E-02       4.00176179E-02
   481.1000       3.99615663E-02       4.00176157E-02
   481.2000       3.99615206E-02       4.00176137E-02
   481.3000       3.99614753E-02       4.00176120E-02
   481.4000       3.99614297E-02       4.00176102E-02
   481.5000       3.99613845E-02       4.00176088E-02
   481.6000       3.99613393E-02       4.00176076E-02
   481.7000       3.99612934E-02       4.00176054E-02
   481.8000       3.99612480E-02       4.00176040E-02
   481.9000       3.99612019E-02       4.00176021E-02
   482.0000       3.99611563E-02       4.00176003E-02
   482.1000       3.99611105E-02       4.00175986E-02
   482.2000       3.99610645E-02       4.00175971E-02
   482.3000       3.99610189E-02       4.00175955E-02
   482.4000       3.99609731E-02       4.00175941E-02
   482.5000       3.99609270E-02       4.00175923E-02
   482.6000       3.99608814E-02       4.00175910E-02
   482.7000       3.99608359E-02       4.00175898E-02
   482.8000       3.99607906E-02       4.00175887E-02
   482.9000       3.99607448E-02       4.00175872E-02
   483.0000       3.99606994E-02       4.00175862E-02
   483.1000       3.99606538E-02       4.00175849E-02
   483.2000       3.99606081E-02       4.00175838E-02
   483.3000       3.99605624E-02       4.00175824E-02
   483.4000       3.99605167E-02       4.00175813E-02
   483.5000       3.99604712E-02       4.00175804E-02
   483.6000       3.99604254E-02       4.00175796E-02
   483.7000       3.99603798E-02       4.00175790E-02
   483.8000       3.99603344E-02       4.00175784E-02
   483.9000       3.99602887E-02       4.00175776E-02
   484.0000       3.99602430E-02       4.00175770E-02
   484.1000       3.99601973E-02       4.00175765E-02
   484.2000       3.99601516E-02       4.00175759E-02
   484.3000       3.99601056E-02       4.00175755E-02
   484.4000       3.99600595E-02       4.00175749E-02
   484.5000       3.99600139E-02       4.00175747E-02
   484.6000       3.99599680E-02       4.00175740E-02
   484.7000       3.99599218E-02       4.00175737E-02
   484.8000       3.99598756E-02       4.00175731E-02
   484.9000       3.99598294E-02       4.00175725E-02
   485.0000       3.99597835E-02       4.00175727E-02
   485.1000       3.99597376E-02       4.00175727E-02
   485.2000       3.99596914E-02       4.00175728E-02
   485.3000       3.99596449E-02       4.00175726E-02
   485.4000       3.99595988E-02       4.00175728E-02
   485.5000       3.99595525E-02       4.00175730E-02
   485.6000       3.99595065E-02       4.00175734E-02
   485.7000       3.99594605E-02       4.00175737E-02
   485.8000       3.99594141E-02       4.00175740E-02
   485.9000       3.99593679E-02       4.00175741E-02
   486.0000       3.99593215E-02       4.00175745E-02
   486.1000       3.99592752E-02       4.00175749E-02
   486.2000       3.99592293E-02       4.00175757E-02
   486.3000       3.99591830E-02       4.00175763E-02
   486.4000       3.99591368E-02       4.00175764E-02
   486.5000       3.99590909E-02       4.00175771E-02
   486.6000       3.99590444E-02       4.00175774E-02
   486.7000       3.99589983E-02       4.00175783E-02
   486.8000       3.99589523E-02       4.00175794E-02
   486.9000       3.99589058E-02       4.00175797E-02
   487.0000       3.99588594E-02       4.00175804E-02
   487.1000       3.99588134E-02       4.00175815E-02
   487.2000       3.99587675E-02       4.00175826E-02
   487.3000       3.99587214E-02       4.00175837E-02
   487.4000       3.99586755E-02       4.00175848E-02
   487.5000       3.99586296E-02       4.00175859E-02
   487.6000       3.99585833E-02       4.00175867E-02
   487.7000       3.99585372E-02       4.00175877E-02
   487.8000       3.99584911E-02       4.00175890E-02
   487.9000       3.99584451E-02       4.00175903E-02
   488.0000       3.99583988E-02       4.00175914E-02
   488.1000       3.99583529E-02       4.00175933E-02
   488.2000       3.99583068E-02       4.00175950E-02
   488.3000       3.99582607E-02       4.00175963E-02
   488.4000       3.99582147E-02       4.00175977E-02
   488.5000       3.99581685E-02       4.00175994E-02
   488.6000       3.99581221E-02       4.00176006E-02
   488.7000       3.99580760E-02       4.00176023E-02
   488.8000       3.99580300E-02       4.00176043E-02
   488.9000       3.99579841E-02       4.00176063E-02
   489.0000       3.99579377E-02       4.00176076E-02
   489.1000       3.99578915E-02       4.00176095E-02
   489.2000       3.99578456E-02       4.00176117E-02
   489.3000       3.99577994E-02       4.00176137E-02
   489.4000       3.99577532E-02       4.00176157E-02
   489.5000       3.99577071E-02       4.00176180E-02
   489.6000       3.99576610E-02       4.00176201E-02
   489.7000       3.99576148E-02       4.00176225E-02
   489.8000       3.99575682E-02       4.00176248E-02
   489.9000       3.99575222E-02       4.00176275E-02
   490.0000       3.99574760E-02       4.00176298E-02
   490.1000       3.99574294E-02       4.00176320E-02
   490.2000       3.99573833E-02       4.00176349E-02
   490.3000       3.99573370E-02       4.00176377E-02
   490.4000       3.99572910E-02       4.00176407E-02
   490.5000       3.99572446E-02       4.00176429E-02
   490.6000       3.99571982E-02       4.00176455E-02
   490.7000       3.99571521E-02       4.00176483E-02
   490.8000       3.99571056E-02       4.00176514E-02
   490.9000       3.99570593E-02       4.00176541E-02
   491.0000       3.99570128E-02       4.00176569E-02
   491.1000       3.99569665E-02       4.00176600E-02
   491.2000       3.99569207E-02       4.00176636E-02
   491.3000       3.99568743E-02       4.00176661E-02
   491.4000       3.99568277E-02       4.00176692E-02
   491.5000       3.99567815E-02       4.00176726E-02
   491.6000       3.99567357E-02       4.00176766E-02
   491.7000       3.99566896E-02       4.00176804E-02
   491.8000       3.99566434E-02       4.00176842E-02
   491.9000       3.99565968E-02       4.00176873E-02
   492.0000       3.99565502E-02       4.00176907E-02
   492.1000       3.99565038E-02       4.00176945E-02
   492.2000       3.99564574E-02       4.00176979E-02
   492.3000       3.99564112E-02       4.00177021E-02
   492.4000       3.99563650E-02       4.00177062E-02
   492.5000       3.99563187E-02       4.00177100E-02
   492.6000       3.99562726E-02       4.00177142E-02
   492.7000       3.99562264E-02       4.00177182E-02
   492.8000       3.99561804E-02       4.00177226E-02
   492.9000       3.99561345E-02       4.00177271E-02
   493.0000       3.99560884E-02       4.00177314E-02
   493.1000       3.99560423E-02       4.00177359E-02
   493.2000       3.99559964E-02       4.00177404E-02
   493.3000       3.99559505E-02       4.00177449E-02
   493.4000       3.99559046E-02       4.00177495E-02
   493.5000       3.99558586E-02       4.00177540E-02
   493.6000       3.99558124E-02       4.00177584E-02
   493.7000       3.99557669E-02       4.00177637E-02
   493.8000       3.99557211E-02       4.00177688E-02
   493.9000       3.99556751E-02       4.00177737E-02
   494.0000       3.99556294E-02       4.00177787E-02
   494.1000       3.99555835E-02       4.00177834E-02
   494.2000       3.99555379E-02       4.00177886E-02
   494.3000       3.99554921E-02       4.00177934E-02
   494.4000       3.99554463E-02       4.00177987E-02
   494.5000       3.99553999E-02       4.00178034E-02
   494.6000       3.99553540E-02       4.00178081E-02
   494.7000       3.99553082E-02       4.00178134E-02
   494.8000       3.99552621E-02       4.00178185E-02
   494.9000       3.99552162E-02       4.00178239E-02
   495.0000       3.99551706E-02       4.00178296E-02
   495.1000       3.99551246E-02       4.00178353E-02
   495.2000       3.99550785E-02       4.00178404E-02
   495.3000       3.99550325E-02       4.00178461E-02
   495.4000       3.99549864E-02       4.00178515E-02
   495.5000       3.99549402E-02       4.00178573E-02
   495.6000       3.99548943E-02       4.00178631E-02
   495.7000       3.99548480E-02       4.00178690E-02
   495.8000       3.99548015E-02       4.00178745E-02
   495.9000       3.99547551E-02       4.00178799E-02
   496.0000       3.99547092E-02       4.00178863E-02
   496.1000       3.99546633E-02       4.00178926E-02
   496.2000       3.99546170E-02       4.00178988E-02
   496.3000       3.99545709E-02       4.00179047E-02
   496.4000       3.99545244E-02       4.00179109E-02
   496.5000       3.99544781E-02       4.00179170E-02
   496.6000       3.99544324E-02       4.00179239E-02
   496.7000       3.99543863E-02       4.00179301E-02
   496.8000       3.99543403E-02       4.00179365E-02
   496.9000       3.99542944E-02       4.00179432E-02
   497.0000       3.99542484E-02       4.00179498E-02
   497.1000       3.99542023E-02       4.00179564E-02
   497.2000       3.99541560E-02       4.00179626E-02
   497.3000       3.99541101E-02       4.00179696E-02
   497.4000       3.99540645E-02       4.00179766E-02
   497.5000       3.99540190E-02       4.00179840E-02
   497.6000       3.99539736E-02       4.00179912E-02
   497.7000       3.99539279E-02       4.00179981E-02
   497.8000       3.99538824E-02       4.00180052E-02
   497.9000       3.99538367E-02       4.00180121E-02
   498.0000       3.99537911E-02       4.00180195E-02
   498.1000       3.99537451E-02       4.00180263E-02
   498.2000       3.99536997E-02       4.00180338E-02
   498.3000       3.99536543E-02       4.00180413E-02
   498.4000       3.99536090E-02       4.00180490E-02
   498.5000       3.99535637E-02       4.00180565E-02
   498.6000       3.99535184E-02       4.00180640E-02
   498.7000       3.99534731E-02       4.00180715E-02
   498.8000       3.99534279E-02       4.00180798E-02
   498.9000       3.99533829E-02       4.00180877E-02
   499.0000       3.99533372E-02       4.00180952E-02
   499.1000       3.99532915E-02       4.00181031E-02
   499.2000       3.99532461E-02       4.00181113E-02
   499.3000       3.99532004E-02       4.00181193E-02
   499.4000       3.99531545E-02       4.00181272E-02
   499.5000       3.99531089E-02       4.00181352E-02
   499.6000       3.99530635E-02       4.00181430E-02
   499.7000       3.99530176E-02       4.00181509E-02
   499.8000       3.99529718E-02       4.00181589E-02
   499.9000       3.99529260E-02       4.00181674E-02
   500.0000       3.99528804E-02       4.00181762E-02
   500.1000       3.99528344E-02       4.00181845E-02
   500.2000       3.99527885E-02       4.00181928E-02
   500.3000       3.99527426E-02       4.00182012E-02
   500.4000       3.99526971E-02       4.00182100E-02
   500.5000       3.99526513E-02       4.00182187E-02
   500.6000       3.99526054E-02       4.00182274E-02
   500.7000       3.99525599E-02       4.00182365E-02
   500.8000       3.99525145E-02       4.00182453E-02
   500.9000       3.99524685E-02       4.00182539E-02
   501.0000       3.99524225E-02       4.00182623E-02
   501.1000       3.99523766E-02       4.00182709E-02
   501.2000       3.99523313E-02       4.00182799E-02
   501.3000       3.99522861E-02       4.00182895E-02
   501.4000       3.99522404E-02       4.00182984E-02
   501.5000       3.99521947E-02       4.00183077E-02
   501.6000       3.99521490E-02       4.00183168E-02
   501.7000       3.99521036E-02       4.00183263E-02
   501.8000       3.99520578E-02       4.00183353E-02
   501.9000       3.99520125E-02       4.00183448E-02
   502.0000       3.99519666E-02       4.00183538E-02
   502.1000       3.99519212E-02       4.00183631E-02
   502.2000       3.99518759E-02       4.00183726E-02
   502.3000       3.99518302E-02       4.00183818E-02
   502.4000       3.99517848E-02       4.00183913E-02
   502.5000       3.99517393E-02       4.00184011E-02
   502.6000       3.99516939E-02       4.00184107E-02
   502.7000       3.99516489E-02       4.00184209E-02
   502.8000       3.99516035E-02       4.00184309E-02
   502.9000       3.99515578E-02       4.00184407E-02
   503.0000       3.99515125E-02       4.00184505E-02
   503.1000       3.99514673E-02       4.00184606E-02
   503.2000       3.99514223E-02       4.00184708E-02
   503.3000       3.99513773E-02       4.00184811E-02
   503.4000       3.99513317E-02       4.00184913E-02
   503.5000       3.99512866E-02       4.00185015E-02
   503.6000       3.99512416E-02       4.00185124E-02
   503.7000       3.99511966E-02       4.00185231E-02
   503.8000       3.99511514E-02       4.00185333E-02
   503.9000       3.99511062E-02       4.00185438E-02
   504.0000       3.99510608E-02       4.00185541E-02
   504.1000       3.99510156E-02       4.00185648E-02
   504.2000       3.99509709E-02       4.00185759E-02
   504.3000       3.99509259E-02       4.00185865E-02
   504.4000       3.99508810E-02       4.00185976E-02
   504.5000       3.99508361E-02       4.00186087E-02
   504.6000       3.99507909E-02       4.00186198E-02
   504.7000       3.99507458E-02       4.00186307E-02
   504.8000       3.99507008E-02       4.00186418E-02
   504.9000       3.99506557E-02       4.00186529E-02
   505.0000       3.99506112E-02       4.00186644E-02
   505.1000       3.99505665E-02       4.00186757E-02
   505.2000       3.99505218E-02       4.00186873E-02
   505.3000       3.99504773E-02       4.00186987E-02
   505.4000       3.99504326E-02       4.00187100E-02
   505.5000       3.99503880E-02       4.00187217E-02
   505.6000       3.99503436E-02       4.00187336E-02
   505.7000       3.99502991E-02       4.00187458E-02
   505.8000       3.99502547E-02       4.00187573E-02
   505.9000       3.99502101E-02       4.00187693E-02
   506.0000       3.99501655E-02       4.00187813E-02
   506.1000       3.99501212E-02       4.00187939E-02
   506.2000       3.99500770E-02       4.00188062E-02
   506.3000       3.99500325E-02       4.00188180E-02
   506.4000       3.99499883E-02       4.00188304E-02
   506.5000       3.99499437E-02       4.00188426E-02
   506.6000       3.99498992E-02       4.00188551E-02
   506.7000       3.99498546E-02       4.00188675E-02
   506.8000       3.99498100E-02       4.00188800E-02
   506.9000       3.99497657E-02       4.00188926E-02
   507.0000       3.99497214E-02       4.00189052E-02
   507.1000       3.99496771E-02       4.00189184E-02
   507.2000       3.99496331E-02       4.00189313E-02
   507.3000       3.99495892E-02       4.00189443E-02
   507.4000       3.99495452E-02       4.00189573E-02
   507.5000       3.99495011E-02       4.00189699E-02
   507.6000       3.99494573E-02       4.00189829E-02
   507.7000       3.99494135E-02       4.00189965E-02
   507.8000       3.99493697E-02       4.00190098E-02
   507.9000       3.99493261E-02       4.00190233E-02
   508.0000       3.99492824E-02       4.00190371E-02
   508.1000       3.99492387E-02       4.00190505E-02
   508.2000       3.99491948E-02       4.00190633E-02
   508.3000       3.99491511E-02       4.00190763E-02
   508.4000       3.99491075E-02       4.00190899E-02
   508.5000       3.99490638E-02       4.00191032E-02
   508.6000       3.99490206E-02       4.00191176E-02
   508.7000       3.99489770E-02       4.00191312E-02
   508.8000       3.99489335E-02       4.00191452E-02
   508.9000       3.99488899E-02       4.00191588E-02
   509.0000       3.99488463E-02       4.00191725E-02
   509.1000       3.99488032E-02       4.00191870E-02
   509.2000       3.99487598E-02       4.00192013E-02
   509.3000       3.99487166E-02       4.00192155E-02
   509.4000       3.99486731E-02       4.00192298E-02
   509.5000       3.99486296E-02       4.00192440E-02
   509.6000       3.99485861E-02       4.00192584E-02
   509.7000       3.99485430E-02       4.00192730E-02
   509.8000       3.99484996E-02       4.00192874E-02
   509.9000       3.99484563E-02       4.00193021E-02
   510.0000       3.99484130E-02       4.00193172E-02
   510.1000       3.99483695E-02       4.00193319E-02
   510.2000       3.99483263E-02       4.00193470E-02
   510.3000       3.99482831E-02       4.00193622E-02
   510.4000       3.99482399E-02       4.00193772E-02
   510.5000       3.99481966E-02       4.00193923E-02
   510.6000       3.99481535E-02       4.00194077E-02
   510.7000       3.99481106E-02       4.00194231E-02
   510.8000       3.99480675E-02       4.00194384E-02
   510.9000       3.99480252E-02       4.00194538E-02
   511.0000       3.99479826E-02       4.00194693E-02
   511.1000       3.99479400E-02       4.00194850E-02
   511.2000       3.99478977E-02       4.00195011E-02
   511.3000       3.99478553E-02       4.00195166E-02
   511.4000       3.99478130E-02       4.00195324E-02
   511.5000       3.99477708E-02       4.00195481E-02
   511.6000       3.99477285E-02       4.00195640E-02
   511.7000       3.99476862E-02       4.00195799E-02
   511.8000       3.99476438E-02       4.00195959E-02
   511.9000       3.99476017E-02       4.00196124E-02
   512.0000       3.99475598E-02       4.00196288E-02
   512.1000       3.99475178E-02       4.00196451E-02
   512.2000       3.99474756E-02       4.00196612E-02
   512.3000       3.99474334E-02       4.00196775E-02
   512.4000       3.99473914E-02       4.00196941E-02
   512.5000       3.99473495E-02       4.00197109E-02
   512.6000       3.99473073E-02       4.00197274E-02
   512.7000       3.99472655E-02       4.00197442E-02
   512.8000       3.99472236E-02       4.00197616E-02
   512.9000       3.99471815E-02       4.00197782E-02
   513.0000       3.99471399E-02       4.00197955E-02
   513.1000       3.99470979E-02       4.00198125E-02
   513.2000       3.99470564E-02       4.00198296E-02
   513.3000       3.99470149E-02       4.00198468E-02
   513.4000       3.99469736E-02       4.00198641E-02
   513.5000       3.99469321E-02       4.00198817E-02
   513.6000       3.99468906E-02       4.00198993E-02
   513.7000       3.99468490E-02       4.00199165E-02
   513.8000       3.99468078E-02       4.00199342E-02
   513.9000       3.99467668E-02       4.00199523E-02
   514.0000       3.99467254E-02       4.00199701E-02
   514.1000       3.99466847E-02       4.00199882E-02
   514.2000       3.99466436E-02       4.00200063E-02
   514.3000       3.99466028E-02       4.00200246E-02
   514.4000       3.99465614E-02       4.00200423E-02
   514.5000       3.99465207E-02       4.00200603E-02
   514.6000       3.99464807E-02       4.00200792E-02
   514.7000       3.99464402E-02       4.00200976E-02
   514.8000       3.99463998E-02       4.00201164E-02
   514.9000       3.99463593E-02       4.00201349E-02
   515.0000       3.99463188E-02       4.00201533E-02
   515.1000       3.99462785E-02       4.00201724E-02
   515.2000       3.99462381E-02       4.00201912E-02
   515.3000       3.99461985E-02       4.00202108E-02
   515.4000       3.99461585E-02       4.00202302E-02
   515.5000       3.99461185E-02       4.00202492E-02
   515.6000       3.99460782E-02       4.00202684E-02
   515.7000       3.99460383E-02       4.00202879E-02
   515.8000       3.99459984E-02       4.00203074E-02
   515.9000       3.99459590E-02       4.00203274E-02
   516.0000       3.99459192E-02       4.00203472E-02
   516.1000       3.99458794E-02       4.00203671E-02
   516.2000       3.99458401E-02       4.00203873E-02
   516.3000       3.99458006E-02       4.00204073E-02
   516.4000       3.99457609E-02       4.00204276E-02
   516.5000       3.99457217E-02       4.00204483E-02
   516.6000       3.99456825E-02       4.00204689E-02
   516.7000       3.99456436E-02       4.00204894E-02
   516.8000       3.99456046E-02       4.00205099E-02
   516.9000       3.99455657E-02       4.00205306E-02
   517.0000       3.99455270E-02       4.00205517E-02
   517.1000       3.99454880E-02       4.00205725E-02
   517.2000       3.99454493E-02       4.00205940E-02
   517.3000       3.99454106E-02       4.00206152E-02
   517.4000       3.99453722E-02       4.00206368E-02
   517.5000       3.99453334E-02       4.00206582E-02
   517.6000       3.99452943E-02       4.00206796E-02
   517.7000       3.99452560E-02       4.00207012E-02
   517.8000       3.99452176E-02       4.00207231E-02
   517.9000       3.99451793E-02       4.00207449E-02
   518.0000       3.99451408E-02       4.00207661E-02
   518.1000       3.99451028E-02       4.00207884E-02
   518.2000       3.99450645E-02       4.00208099E-02
   518.3000       3.99450266E-02       4.00208324E-02
   518.4000       3.99449884E-02       4.00208548E-02
   518.5000       3.99449503E-02       4.00208766E-02
   518.6000       3.99449127E-02       4.00208991E-02
   518.7000       3.99448748E-02       4.00209214E-02
   518.8000       3.99448370E-02       4.00209437E-02
   518.9000       3.99447994E-02       4.00209664E-02
   519.0000       3.99447616E-02       4.00209893E-02
   519.1000       3.99447239E-02       4.00210117E-02
   519.2000       3.99446867E-02       4.00210348E-02
   519.3000       3.99446490E-02       4.00210579E-02
   519.4000       3.99446115E-02       4.00210812E-02
   519.5000       3.99445740E-02       4.00211043E-02
   519.6000       3.99445368E-02       4.00211276E-02
   519.7000       3.99444991E-02       4.00211510E-02
   519.8000       3.99444621E-02       4.00211746E-02
   519.9000       3.99444252E-02       4.00211985E-02
   520.0000       3.99443880E-02       4.00212221E-02
   520.1000       3.99443508E-02       4.00212462E-02
   520.2000       3.99443135E-02       4.00212698E-02
   520.3000       3.99442764E-02       4.00212939E-02
   520.4000       3.99442397E-02       4.00213182E-02
   520.5000       3.99442029E-02       4.00213422E-02
   520.6000       3.99441662E-02       4.00213667E-02
   520.7000       3.99441294E-02       4.00213912E-02
   520.8000       3.99440925E-02       4.00214157E-02
   520.9000       3.99440559E-02       4.00214401E-02
   521.0000       3.99440195E-02       4.00214647E-02
   521.1000       3.99439832E-02       4.00214898E-02
   521.2000       3.99439469E-02       4.00215149E-02
   521.3000       3.99439105E-02       4.00215395E-02
   521.4000       3.99438742E-02       4.00215651E-02
   521.5000       3.99438380E-02       4.00215904E-02
   521.6000       3.99438020E-02       4.00216159E-02
   521.7000       3.99437662E-02       4.00216412E-02
   521.8000       3.99437308E-02       4.00216671E-02
   521.9000       3.99436954E-02       4.00216931E-02
   522.0000       3.99436604E-02       4.00217194E-02
   522.1000       3.99436253E-02       4.00217456E-02
   522.2000       3.99435905E-02       4.00217721E-02
   522.3000       3.99435554E-02       4.00217978E-02
   522.4000       3.99435205E-02       4.00218240E-02
   522.5000       3.99434855E-02       4.00218500E-02
   522.6000       3.99434510E-02       4.00218765E-02
   522.7000       3.99434171E-02       4.00219035E-02
   522.8000       3.99433825E-02       4.00219300E-02
   522.9000       3.99433481E-02       4.00219569E-02
   523.0000       3.99433142E-02       4.00219842E-02
   523.1000       3.99432799E-02       4.00220111E-02
   523.2000       3.99432460E-02       4.00220383E-02
   523.3000       3.99432122E-02       4.00220660E-02
   523.4000       3.99431783E-02       4.00220930E-02
   523.5000       3.99431448E-02       4.00221209E-02
   523.6000       3.99431112E-02       4.00221484E-02
   523.7000       3.99430777E-02       4.00221759E-02
   523.8000       3.99430440E-02       4.00222037E-02
   523.9000       3.99430106E-02       4.00222315E-02
   524.0000       3.99429773E-02       4.00222596E-02
   524.1000       3.99429445E-02       4.00222884E-02
   524.2000       3.99429114E-02       4.00223171E-02
   524.3000       3.99428779E-02       4.00223456E-02
   524.4000       3.99428447E-02       4.00223739E-02
   524.5000       3.99428119E-02       4.00224026E-02
   524.6000       3.99427791E-02       4.00224318E-02
   524.7000       3.99427458E-02       4.00224607E-02
   524.8000       3.99427126E-02       4.00224894E-02
   524.9000       3.99426799E-02       4.00225185E-02
   525.0000       3.99426469E-02       4.00225476E-02
   525.1000       3.99426145E-02       4.00225772E-02
   525.2000       3.99425819E-02       4.00226068E-02
   525.3000       3.99425492E-02       4.00226368E-02
   525.4000       3.99425169E-02       4.00226668E-02
   525.5000       3.99424851E-02       4.00226973E-02
   525.6000       3.99424528E-02       4.00227270E-02
   525.7000       3.99424207E-02       4.00227572E-02
   525.8000       3.99423885E-02       4.00227872E-02
   525.9000       3.99423564E-02       4.00228174E-02
   526.0000       3.99423243E-02       4.00228477E-02
   526.1000       3.99422923E-02       4.00228781E-02
   526.2000       3.99422606E-02       4.00229087E-02
   526.3000       3.99422296E-02       4.00229400E-02
   526.4000       3.99421983E-02       4.00229712E-02
   526.5000       3.99421667E-02       4.00230026E-02
   526.6000       3.99421357E-02       4.00230338E-02
   526.7000       3.99421047E-02       4.00230654E-02
   526.8000       3.99420739E-02       4.00230972E-02
   526.9000       3.99420432E-02       4.00231287E-02
   527.0000       3.99420121E-02       4.00231602E-02
   527.1000       3.99419815E-02       4.00231920E-02
   527.2000       3.99419510E-02       4.00232239E-02
   527.3000       3.99419208E-02       4.00232566E-02
   527.4000       3.99418910E-02       4.00232891E-02
   527.5000       3.99418607E-02       4.00233212E-02
   527.6000       3.99418313E-02       4.00233539E-02
   527.7000       3.99418014E-02       4.00233866E-02
   527.8000       3.99417721E-02       4.00234192E-02
   527.9000       3.99417426E-02       4.00234520E-02
   528.0000       3.99417133E-02       4.00234850E-02
   528.1000       3.99416842E-02       4.00235187E-02
   528.2000       3.99416549E-02       4.00235519E-02
   528.3000       3.99416257E-02       4.00235852E-02
   528.4000       3.99415966E-02       4.00236188E-02
   528.5000       3.99415677E-02       4.00236523E-02
   528.6000       3.99415391E-02       4.00236859E-02
   528.7000       3.99415107E-02       4.00237202E-02
   528.8000       3.99414824E-02       4.00237544E-02
   528.9000       3.99414539E-02       4.00237884E-02
   529.0000       3.99414254E-02       4.00238226E-02
   529.1000       3.99413968E-02       4.00238568E-02
   529.2000       3.99413685E-02       4.00238911E-02
   529.3000       3.99413407E-02       4.00239262E-02
   529.4000       3.99413124E-02       4.00239609E-02
   529.5000       3.99412844E-02       4.00239959E-02
   529.6000       3.99412569E-02       4.00240311E-02
   529.7000       3.99412291E-02       4.00240662E-02
   529.8000       3.99412019E-02       4.00241018E-02
   529.9000       3.99411742E-02       4.00241374E-02
   530.0000       3.99411471E-02       4.00241733E-02
   530.1000       3.99411197E-02       4.00242091E-02
   530.2000       3.99410923E-02       4.00242452E-02
   530.3000       3.99410651E-02       4.00242812E-02
   530.4000       3.99410378E-02       4.00243174E-02
   530.5000       3.99410108E-02       4.00243538E-02
   530.6000       3.99409843E-02       4.00243907E-02
   530.7000       3.99409577E-02       4.00244272E-02
   530.8000       3.99409312E-02       4.00244642E-02
   530.9000       3.99409050E-02       4.00245010E-02
   531.0000       3.99408786E-02       4.00245382E-02
   531.1000       3.99408526E-02       4.00245755E-02
   531.2000       3.99408266E-02       4.00246130E-02
   531.3000       3.99408009E-02       4.00246505E-02
   531.4000       3.99407751E-02       4.00246879E-02
   531.5000       3.99407492E-02       4.00247254E-02
   531.6000       3.99407237E-02       4.00247632E-02
   531.7000       3.99406982E-02       4.00248011E-02
   531.8000       3.99406728E-02       4.00248391E-02
   531.9000       3.99406476E-02       4.00248775E-02
   532.0000       3.99406228E-02       4.00249157E-02
   532.1000       3.99405978E-02       4.00249540E-02
   532.2000       3.99405730E-02       4.00249925E-02
   532.3000       3.99405485E-02       4.00250313E-02
   532.4000       3.99405241E-02       4.00250703E-02
   532.5000       3.99404998E-02       4.00251091E-02
   532.6000       3.99404754E-02       4.00251480E-02
   532.7000       3.99404513E-02       4.00251875E-02
   532.8000       3.99404270E-02       4.00252266E-02
   532.9000       3.99404030E-02       4.00252662E-02
   533.0000       3.99403787E-02       4.00253056E-02
   533.1000       3.99403546E-02       4.00253454E-02
   533.2000       3.99403303E-02       4.00253852E-02
   533.3000       3.99403062E-02       4.00254255E-02
   533.4000       3.99402824E-02       4.00254658E-02
   533.5000       3.99402584E-02       4.00255060E-02
   533.6000       3.99402343E-02       4.00255461E-02
   533.7000       3.99402103E-02       4.00255867E-02
   533.8000       3.99401866E-02       4.00256279E-02
   533.9000       3.99401625E-02       4.00256686E-02
   534.0000       3.99401386E-02       4.00257096E-02
   534.1000       3.99401151E-02       4.00257509E-02
   534.2000       3.99400918E-02       4.00257920E-02
   534.3000       3.99400682E-02       4.00258332E-02
   534.4000       3.99400449E-02       4.00258748E-02
   534.5000       3.99400219E-02       4.00259169E-02
   534.6000       3.99399993E-02       4.00259592E-02
   534.7000       3.99399764E-02       4.00260011E-02
   534.8000       3.99399540E-02       4.00260432E-02
   534.9000       3.99399315E-02       4.00260855E-02
   535.0000       3.99399091E-02       4.00261277E-02
   535.1000       3.99398866E-02       4.00261703E-02
   535.2000       3.99398644E-02       4.00262129E-02
   535.3000       3.99398421E-02       4.00262557E-02
   535.4000       3.99398202E-02       4.00262984E-02
   535.5000       3.99397986E-02       4.00263419E-02
   535.6000       3.99397771E-02       4.00263853E-02
   535.7000       3.99397561E-02       4.00264290E-02
   535.8000       3.99397349E-02       4.00264728E-02
   535.9000       3.99397135E-02       4.00265166E-02
   536.0000       3.99396926E-02       4.00265605E-02
   536.1000       3.99396720E-02       4.00266047E-02
   536.2000       3.99396509E-02       4.00266486E-02
   536.3000       3.99396303E-02       4.00266930E-02
   536.4000       3.99396096E-02       4.00267377E-02
   536.5000       3.99395889E-02       4.00267821E-02
   536.6000       3.99395685E-02       4.00268274E-02
   536.7000       3.99395481E-02       4.00268727E-02
   536.8000       3.99395281E-02       4.00269180E-02
   536.9000       3.99395082E-02       4.00269636E-02
   537.0000       3.99394882E-02       4.00270091E-02
   537.1000       3.99394685E-02       4.00270549E-02
   537.2000       3.99394489E-02       4.00271012E-02
   537.3000       3.99394292E-02       4.00271471E-02
   537.4000       3.99394093E-02       4.00271929E-02
   537.5000       3.99393894E-02       4.00272388E-02
   537.6000       3.99393695E-02       4.00272850E-02
   537.7000       3.99393504E-02       4.00273321E-02
   537.8000       3.99393308E-02       4.00273786E-02
   537.9000       3.99393112E-02       4.00274253E-02
   538.0000       3.99392924E-02       4.00274729E-02
   538.1000       3.99392734E-02       4.00275201E-02
   538.2000       3.99392542E-02       4.00275672E-02
   538.3000       3.99392357E-02       4.00276154E-02
   538.4000       3.99392164E-02       4.00276628E-02
   538.5000       3.99391976E-02       4.00277103E-02
   538.6000       3.99391787E-02       4.00277582E-02
   538.7000       3.99391601E-02       4.00278064E-02
   538.8000       3.99391415E-02       4.00278546E-02
   538.9000       3.99391236E-02       4.00279031E-02
   539.0000       3.99391056E-02       4.00279517E-02
   539.1000       3.99390877E-02       4.00280000E-02
   539.2000       3.99390700E-02       4.00280491E-02
   539.3000       3.99390525E-02       4.00280979E-02
   539.4000       3.99390351E-02       4.00281470E-02
   539.5000       3.99390175E-02       4.00281957E-02
   539.6000       3.99390001E-02       4.00282450E-02
   539.7000       3.99389832E-02       4.00282947E-02
   539.8000       3.99389667E-02       4.00283449E-02
   539.9000       3.99389500E-02       4.00283950E-02
   540.0000       3.99389336E-02       4.00284452E-02
   540.1000       3.99389174E-02       4.00284956E-02
   540.2000       3.99389013E-02       4.00285457E-02
   540.3000       3.99388852E-02       4.00285964E-02
   540.4000       3.99388691E-02       4.00286470E-02
   540.5000       3.99388533E-02       4.00286979E-02
   540.6000       3.99388382E-02       4.00287493E-02
   540.7000       3.99388229E-02       4.00288004E-02
   540.8000       3.99388076E-02       4.00288516E-02
   540.9000       3.99387925E-02       4.00289035E-02
   541.0000       3.99387773E-02       4.00289549E-02
   541.1000       3.99387624E-02       4.00290061E-02
   541.2000       3.99387480E-02       4.00290579E-02
   541.3000       3.99387330E-02       4.00291096E-02
   541.4000       3.99387187E-02       4.00291617E-02
   541.5000       3.99387048E-02       4.00292144E-02
   541.6000       3.99386904E-02       4.00292666E-02
   541.7000       3.99386764E-02       4.00293196E-02
   541.8000       3.99386624E-02       4.00293722E-02
   541.9000       3.99386480E-02       4.00294244E-02
   542.0000       3.99386344E-02       4.00294775E-02
   542.1000       3.99386207E-02       4.00295307E-02
   542.2000       3.99386074E-02       4.00295840E-02
   542.3000       3.99385933E-02       4.00296366E-02
   542.4000       3.99385800E-02       4.00296903E-02
   542.5000       3.99385665E-02       4.00297439E-02
   542.6000       3.99385531E-02       4.00297976E-02
   542.7000       3.99385396E-02       4.00298512E-02
   542.8000       3.99385266E-02       4.00299053E-02
   542.9000       3.99385134E-02       4.00299593E-02
   543.0000       3.99385009E-02       4.00300138E-02
   543.1000       3.99384879E-02       4.00300685E-02
   543.2000       3.99384753E-02       4.00301234E-02
   543.3000       3.99384623E-02       4.00301781E-02
   543.4000       3.99384499E-02       4.00302334E-02
   543.5000       3.99384377E-02       4.00302884E-02
   543.6000       3.99384254E-02       4.00303436E-02
   543.7000       3.99384129E-02       4.00303987E-02
   543.8000       3.99384009E-02       4.00304544E-02
   543.9000       3.99383892E-02       4.00305102E-02
   544.0000       3.99383775E-02       4.00305660E-02
   544.1000       3.99383658E-02       4.00306218E-02
   544.2000       3.99383545E-02       4.00306783E-02
   544.3000       3.99383429E-02       4.00307344E-02
   544.4000       3.99383321E-02       4.00307912E-02
   544.5000       3.99383217E-02       4.00308483E-02
   544.6000       3.99383111E-02       4.00309055E-02
   544.7000       3.99383006E-02       4.00309626E-02
   544.8000       3.99382901E-02       4.00310195E-02
   544.9000       3.99382800E-02       4.00310769E-02
   545.0000       3.99382702E-02       4.00311345E-02
   545.1000       3.99382604E-02       4.00311926E-02
   545.2000       3.99382508E-02       4.00312505E-02
   545.3000       3.99382412E-02       4.00313086E-02
   545.4000       3.99382320E-02       4.00313671E-02
   545.5000       3.99382223E-02       4.00314254E-02
   545.6000       3.99382132E-02       4.00314840E-02
   545.7000       3.99382037E-02       4.00315424E-02
   545.8000       3.99381948E-02       4.00316012E-02
   545.9000       3.99381857E-02       4.00316598E-02
   546.0000       3.99381773E-02       4.00317188E-02
   546.1000       3.99381686E-02       4.00317782E-02
   546.2000       3.99381605E-02       4.00318378E-02
   546.3000       3.99381522E-02       4.00318974E-02
   546.4000       3.99381442E-02       4.00319571E-02
   546.5000       3.99381362E-02       4.00320171E-02
   546.6000       3.99381281E-02       4.00320764E-02
   546.7000       3.99381199E-02       4.00321363E-02
   546.8000       3.99381119E-02       4.00321966E-02
   546.9000       3.99381045E-02       4.00322570E-02
   547.0000       3.99380969E-02       4.00323172E-02
   547.1000       3.99380894E-02       4.00323777E-02
   547.2000       3.99380823E-02       4.00324385E-02
   547.3000       3.99380749E-02       4.00324996E-02
   547.4000       3.99380681E-02       4.00325610E-02
   547.5000       3.99380611E-02       4.00326220E-02
   547.6000       3.99380544E-02       4.00326835E-02
   547.7000       3.99380476E-02       4.00327454E-02
   547.8000       3.99380404E-02       4.00328069E-02
   547.9000       3.99380337E-02       4.00328689E-02
   548.0000       3.99380268E-02       4.00329308E-02
   548.1000       3.99380201E-02       4.00329927E-02
   548.2000       3.99380138E-02       4.00330553E-02
   548.3000       3.99380070E-02       4.00331171E-02
   548.4000       3.99380010E-02       4.00331800E-02
   548.5000       3.99379947E-02       4.00332427E-02
   548.6000       3.99379887E-02       4.00333054E-02
   548.7000       3.99379828E-02       4.00333687E-02
   548.8000       3.99379771E-02       4.00334318E-02
   548.9000       3.99379712E-02       4.00334950E-02
   549.0000       3.99379656E-02       4.00335587E-02
   549.1000       3.99379598E-02       4.00336218E-02
   549.2000       3.99379544E-02       4.00336854E-02
   549.3000       3.99379493E-02       4.00337493E-02
   549.4000       3.99379440E-02       4.00338131E-02
   549.5000       3.99379391E-02       4.00338770E-02
   549.6000       3.99379340E-02       4.00339419E-02
   549.7000       3.99379295E-02       4.00340064E-02
   549.8000       3.99379249E-02       4.00340715E-02
   549.9000       3.99379202E-02       4.00341363E-02
   550.0000       3.99379157E-02       4.00342013E-02
   550.1000       3.99379113E-02       4.00342666E-02
   550.2000       3.99379067E-02       4.00343317E-02
   550.3000       3.99379027E-02       4.00343979E-02
   550.4000       3.99378985E-02       4.00344632E-02
   550.5000       3.99378946E-02       4.00345289E-02
   550.6000       3.99378909E-02       4.00345954E-02
   550.7000       3.99378877E-02       4.00346621E-02
   550.8000       3.99378840E-02       4.00347284E-02
   550.9000       3.99378804E-02       4.00347951E-02
   551.0000       3.99378770E-02       4.00348615E-02
   551.1000       3.99378740E-02       4.00349288E-02
   551.2000       3.99378709E-02       4.00349957E-02
   551.3000       3.99378683E-02       4.00350632E-02
   551.4000       3.99378656E-02       4.00351307E-02
   551.5000       3.99378628E-02       4.00351978E-02
   551.6000       3.99378596E-02       4.00352653E-02
   551.7000       3.99378568E-02       4.00353330E-02
   551.8000       3.99378541E-02       4.00354010E-02
   551.9000       3.99378516E-02       4.00354692E-02
   552.0000       3.99378497E-02       4.00355377E-02
   552.1000       3.99378476E-02       4.00356063E-02
   552.2000       3.99378457E-02       4.00356747E-02
   552.3000       3.99378437E-02       4.00357432E-02
   552.4000       3.99378419E-02       4.00358124E-02
   552.5000       3.99378401E-02       4.00358815E-02
   552.6000       3.99378386E-02       4.00359507E-02
   552.7000       3.99378368E-02       4.00360197E-02
   552.8000       3.99378355E-02       4.00360897E-02
   552.9000       3.99378340E-02       4.00361593E-02
   553.0000       3.99378330E-02       4.00362295E-02
   553.1000       3.99378319E-02       4.00362998E-02
   553.2000       3.99378311E-02       4.00363705E-02
   553.3000       3.99378302E-02       4.00364409E-02
   553.4000       3.99378294E-02       4.00365119E-02
   553.5000       3.99378286E-02       4.00365824E-02
   553.6000       3.99378277E-02       4.00366531E-02
   553.7000       3.99378276E-02       4.00367247E-02
   553.8000       3.99378274E-02       4.00367961E-02
   553.9000       3.99378268E-02       4.00368673E-02
   554.0000       3.99378266E-02       4.00369393E-02
   554.1000       3.99378265E-02       4.00370110E-02
   554.2000       3.99378266E-02       4.00370835E-02
   554.3000       3.99378268E-02       4.00371559E-02
   554.4000       3.99378271E-02       4.00372282E-02
   554.5000       3.99378270E-02       4.00373004E-02
   554.6000       3.99378268E-02       4.00373725E-02
   554.7000       3.99378275E-02       4.00374454E-02
   554.8000       3.99378283E-02       4.00375185E-02
   554.9000       3.99378289E-02       4.00375912E-02
   555.0000       3.99378294E-02       4.00376642E-02
   555.1000       3.99378297E-02       4.00377371E-02
   555.2000       3.99378308E-02       4.00378107E-02
   555.3000       3.99378316E-02       4.00378844E-02
   555.4000       3.99378332E-02       4.00379588E-02
   555.5000       3.99378346E-02       4.00380327E-02
   555.6000       3.99378364E-02       4.00381071E-02
   555.7000       3.99378380E-02       4.00381813E-02
   555.8000       3.99378395E-02       4.00382556E-02
   555.9000       3.99378413E-02       4.00383301E-02
   556.0000       3.99378428E-02       4.00384042E-02
   556.1000       3.99378450E-02       4.00384792E-02
   556.2000       3.99378468E-02       4.00385539E-02
   556.3000       3.99378484E-02       4.00386287E-02
   556.4000       3.99378505E-02       4.00387039E-02
   556.5000       3.99378530E-02       4.00387796E-02
   556.6000       3.99378554E-02       4.00388556E-02
   556.7000       3.99378579E-02       4.00389313E-02
   556.8000       3.99378602E-02       4.00390069E-02
   556.9000       3.99378630E-02       4.00390827E-02
   557.0000       3.99378655E-02       4.00391588E-02
   557.1000       3.99378683E-02       4.00392354E-02
   557.2000       3.99378712E-02       4.00393120E-02
   557.3000       3.99378743E-02       4.00393884E-02
   557.4000       3.99378771E-02       4.00394647E-02
   557.5000       3.99378802E-02       4.00395413E-02
   557.6000       3.99378836E-02       4.00396179E-02
   557.7000       3.99378870E-02       4.00396949E-02
   557.8000       3.99378902E-02       4.00397715E-02
   557.9000       3.99378941E-02       4.00398490E-02
   558.0000       3.99378975E-02       4.00399264E-02
   558.1000       3.99379014E-02       4.00400041E-02
   558.2000       3.99379050E-02       4.00400815E-02
   558.3000       3.99379087E-02       4.00401592E-02
   558.4000       3.99379128E-02       4.00402372E-02
   558.5000       3.99379169E-02       4.00403153E-02
   558.6000       3.99379210E-02       4.00403938E-02
   558.7000       3.99379254E-02       4.00404721E-02
   558.8000       3.99379301E-02       4.00405508E-02
   558.9000       3.99379346E-02       4.00406294E-02
   559.0000       3.99379392E-02       4.00407080E-02
   559.1000       3.99379439E-02       4.00407872E-02
   559.2000       3.99379482E-02       4.00408657E-02
   559.3000       3.99379528E-02       4.00409444E-02
   559.4000       3.99379575E-02       4.00410235E-02
   559.5000       3.99379621E-02       4.00411026E-02
   559.6000       3.99379668E-02       4.00411822E-02
   559.7000       3.99379717E-02       4.00412619E-02
   559.8000       3.99379765E-02       4.00413415E-02
   559.9000       3.99379816E-02       4.00414214E-02
   560.0000       3.99379865E-02       4.00415011E-02
   560.1000       3.99379916E-02       4.00415816E-02
   560.2000       3.99379965E-02       4.00416615E-02
   560.3000       3.99380019E-02       4.00417422E-02
   560.4000       3.99380070E-02       4.00418231E-02
   560.5000       3.99380123E-02       4.00419039E-02
   560.6000       3.99380173E-02       4.00419843E-02
   560.7000       3.99380223E-02       4.00420651E-02
   560.8000       3.99380274E-02       4.00421464E-02
   560.9000       3.99380325E-02       4.00422279E-02
   561.0000       3.99380377E-02       4.00423093E-02
   561.1000       3.99380426E-02       4.00423906E-02
   561.2000       3.99380481E-02       4.00424727E-02
   561.3000       3.99380531E-02       4.00425542E-02
   561.4000       3.99380578E-02       4.00426353E-02
   561.5000       3.99380628E-02       4.00427173E-02
   561.6000       3.99380681E-02       4.00427995E-02
   561.7000       3.99380734E-02       4.00428819E-02
   561.8000       3.99380789E-02       4.00429642E-02
   561.9000       3.99380839E-02       4.00430466E-02
   562.0000       3.99380892E-02       4.00431291E-02
   562.1000       3.99380943E-02       4.00432118E-02
   562.2000       3.99380998E-02       4.00432948E-02
   562.3000       3.99381047E-02       4.00433772E-02
   562.4000       3.99381099E-02       4.00434604E-02
   562.5000       3.99381152E-02       4.00435438E-02
   562.6000       3.99381204E-02       4.00436268E-02
   562.7000       3.99381255E-02       4.00437104E-02
   562.8000       3.99381310E-02       4.00437939E-02
   562.9000       3.99381363E-02       4.00438774E-02
   563.0000       3.99381413E-02       4.00439611E-02
   563.1000       3.99381468E-02       4.00440449E-02
   563.2000       3.99381519E-02       4.00441288E-02
   563.3000       3.99381572E-02       4.00442130E-02
   563.4000       3.99381629E-02       4.00442972E-02
   563.5000       3.99381682E-02       4.00443816E-02
   563.6000       3.99381740E-02       4.00444668E-02
   563.7000       3.99381794E-02       4.00445515E-02
   563.8000       3.99381848E-02       4.00446361E-02
   563.9000       3.99381904E-02       4.00447210E-02
   564.0000       3.99381958E-02       4.00448057E-02
   564.1000       3.99382011E-02       4.00448908E-02
   564.2000       3.99382066E-02       4.00449757E-02
   564.3000       3.99382121E-02       4.00450613E-02
   564.4000       3.99382178E-02       4.00451470E-02
   564.5000       3.99382238E-02       4.00452329E-02
   564.6000       3.99382296E-02       4.00453190E-02
   564.7000       3.99382355E-02       4.00454052E-02
   564.8000       3.99382413E-02       4.00454908E-02
   564.9000       3.99382476E-02       4.00455773E-02
   565.0000       3.99382543E-02       4.00456638E-02
   565.1000       3.99382607E-02       4.00457505E-02
   565.2000       3.99382668E-02       4.00458371E-02
   565.3000       3.99382735E-02       4.00459240E-02
   565.4000       3.99382800E-02       4.00460106E-02
   565.5000       3.99382865E-02       4.00460974E-02
   565.6000       3.99382934E-02       4.00461844E-02
   565.7000       3.99383004E-02       4.00462719E-02
   565.8000       3.99383066E-02       4.00463591E-02
   565.9000       3.99383132E-02       4.00464461E-02
   566.0000       3.99383201E-02       4.00465338E-02
   566.1000       3.99383268E-02       4.00466212E-02
   566.2000       3.99383336E-02       4.00467089E-02
   566.3000       3.99383404E-02       4.00467969E-02
   566.4000       3.99383471E-02       4.00468850E-02
   566.5000       3.99383540E-02       4.00469732E-02
   566.6000       3.99383607E-02       4.00470615E-02
   566.7000       3.99383675E-02       4.00471498E-02
   566.8000       3.99383743E-02       4.00472384E-02
   566.9000       3.99383809E-02       4.00473269E-02
   567.0000       3.99383874E-02       4.00474153E-02
   567.1000       3.99383941E-02       4.00475043E-02
   567.2000       3.99384004E-02       4.00475926E-02
   567.3000       3.99384066E-02       4.00476818E-02
   567.4000       3.99384130E-02       4.00477712E-02
   567.5000       3.99384197E-02       4.00478607E-02
   567.6000       3.99384262E-02       4.00479504E-02
   567.7000       3.99384329E-02       4.00480399E-02
   567.8000       3.99384391E-02       4.00481293E-02
   567.9000       3.99384454E-02       4.00482191E-02
   568.0000       3.99384516E-02       4.00483087E-02
   568.1000       3.99384575E-02       4.00483985E-02
   568.2000       3.99384639E-02       4.00484886E-02
   568.3000       3.99384695E-02       4.00485784E-02
   568.4000       3.99384754E-02       4.00486689E-02
   568.5000       3.99384809E-02       4.00487588E-02
   568.6000       3.99384866E-02       4.00488492E-02
   568.7000       3.99384930E-02       4.00489402E-02
   568.8000       3.99384985E-02       4.00490306E-02
   568.9000       3.99385041E-02       4.00491213E-02
   569.0000       3.99385100E-02       4.00492118E-02
   569.1000       3.99385157E-02       4.00493029E-02
   569.2000       3.99385210E-02       4.00493938E-02
   569.3000       3.99385262E-02       4.00494846E-02
   569.4000       3.99385318E-02       4.00495760E-02
   569.5000       3.99385372E-02       4.00496673E-02
   569.6000       3.99385423E-02       4.00497584E-02
   569.7000       3.99385476E-02       4.00498499E-02
   569.8000       3.99385526E-02       4.00499414E-02
   569.9000       3.99385575E-02       4.00500328E-02
   570.0000       3.99385630E-02       4.00501248E-02
   570.1000       3.99385679E-02       4.00502165E-02
   570.2000       3.99385723E-02       4.00503082E-02
   570.3000       3.99385769E-02       4.00504000E-02
   570.4000       3.99385815E-02       4.00504921E-02
   570.5000       3.99385856E-02       4.00505840E-02
   570.6000       3.99385900E-02       4.00506763E-02
   570.7000       3.99385938E-02       4.00507686E-02
   570.8000       3.99385978E-02       4.00508608E-02
   570.9000       3.99386016E-02       4.00509533E-02
   571.0000       3.99386051E-02       4.00510452E-02
   571.1000       3.99386086E-02       4.00511375E-02
   571.2000       3.99386119E-02       4.00512301E-02
   571.3000       3.99386144E-02       4.00513221E-02
   571.4000       3.99386172E-02       4.00514152E-02
   571.5000       3.99386207E-02       4.00515083E-02
   571.6000       3.99386237E-02       4.00516016E-02
   571.7000       3.99386267E-02       4.00516948E-02
   571.8000       3.99386296E-02       4.00517880E-02
   571.9000       3.99386323E-02       4.00518816E-02
   572.0000       3.99386348E-02       4.00519750E-02
   572.1000       3.99386372E-02       4.00520682E-02
   572.2000       3.99386393E-02       4.00521617E-02
   572.3000       3.99386413E-02       4.00522553E-02
   572.4000       3.99386430E-02       4.00523493E-02
   572.5000       3.99386445E-02       4.00524428E-02
   572.6000       3.99386462E-02       4.00525367E-02
   572.7000       3.99386479E-02       4.00526309E-02
   572.8000       3.99386493E-02       4.00527250E-02
   572.9000       3.99386503E-02       4.00528188E-02
   573.0000       3.99386514E-02       4.00529131E-02
   573.1000       3.99386522E-02       4.00530076E-02
   573.2000       3.99386528E-02       4.00531025E-02
   573.3000       3.99386535E-02       4.00531973E-02
   573.4000       3.99386538E-02       4.00532919E-02
   573.5000       3.99386541E-02       4.00533870E-02
   573.6000       3.99386546E-02       4.00534820E-02
   573.7000       3.99386548E-02       4.00535778E-02
   573.8000       3.99386547E-02       4.00536731E-02
   573.9000       3.99386549E-02       4.00537689E-02
   574.0000       3.99386544E-02       4.00538644E-02
   574.1000       3.99386539E-02       4.00539598E-02
   574.2000       3.99386531E-02       4.00540552E-02
   574.3000       3.99386521E-02       4.00541510E-02
   574.4000       3.99386509E-02       4.00542465E-02
   574.5000       3.99386496E-02       4.00543419E-02
   574.6000       3.99386483E-02       4.00544380E-02
   574.7000       3.99386467E-02       4.00545343E-02
   574.8000       3.99386448E-02       4.00546304E-02
   574.9000       3.99386425E-02       4.00547264E-02
   575.0000       3.99386400E-02       4.00548224E-02
   575.1000       3.99386382E-02       4.00549194E-02
   575.2000       3.99386356E-02       4.00550158E-02
   575.3000       3.99386328E-02       4.00551121E-02
   575.4000       3.99386300E-02       4.00552087E-02
   575.5000       3.99386270E-02       4.00553052E-02
   575.6000       3.99386242E-02       4.00554021E-02
   575.7000       3.99386210E-02       4.00554990E-02
   575.8000       3.99386178E-02       4.00555959E-02
   575.9000       3.99386145E-02       4.00556930E-02
   576.0000       3.99386113E-02       4.00557904E-02
   576.1000       3.99386077E-02       4.00558879E-02
   576.2000       3.99386045E-02       4.00559854E-02
   576.3000       3.99386007E-02       4.00560829E-02
   576.4000       3.99385973E-02       4.00561809E-02
   576.5000       3.99385934E-02       4.00562785E-02
   576.6000       3.99385894E-02       4.00563764E-02
   576.7000       3.99385853E-02       4.00564745E-02
   576.8000       3.99385812E-02       4.00565727E-02
   576.9000       3.99385769E-02       4.00566709E-02
   577.0000       3.99385723E-02       4.00567687E-02
   577.1000       3.99385675E-02       4.00568668E-02
   577.2000       3.99385624E-02       4.00569653E-02
   577.3000       3.99385569E-02       4.00570637E-02
   577.4000       3.99385516E-02       4.00571624E-02
   577.5000       3.99385461E-02       4.00572609E-02
   577.6000       3.99385409E-02       4.00573599E-02
   577.7000       3.99385352E-02       4.00574588E-02
   577.8000       3.99385294E-02       4.00575580E-02
   577.9000       3.99385234E-02       4.00576569E-02
   578.0000       3.99385177E-02       4.00577562E-02
   578.1000       3.99385115E-02       4.00578556E-02
   578.2000       3.99385052E-02       4.00579545E-02
   578.3000       3.99384994E-02       4.00580540E-02
   578.4000       3.99384931E-02       4.00581538E-02
   578.5000       3.99384870E-02       4.00582538E-02
   578.6000       3.99384801E-02       4.00583532E-02
   578.7000       3.99384730E-02       4.00584527E-02
   578.8000       3.99384666E-02       4.00585531E-02
   578.9000       3.99384595E-02       4.00586527E-02
   579.0000       3.99384522E-02       4.00587522E-02
   579.1000       3.99384447E-02       4.00588520E-02
   579.2000       3.99384367E-02       4.00589520E-02
   579.3000       3.99384292E-02       4.00590524E-02
   579.4000       3.99384212E-02       4.00591525E-02
   579.5000       3.99384132E-02       4.00592527E-02
   579.6000       3.99384048E-02       4.00593529E-02
   579.7000       3.99383964E-02       4.00594532E-02
   579.8000       3.99383880E-02       4.00595538E-02
   579.9000       3.99383797E-02       4.00596546E-02
   580.0000       3.99383714E-02       4.00597553E-02
   580.1000       3.99383631E-02       4.00598562E-02
   580.2000       3.99383540E-02       4.00599567E-02
   580.3000       3.99383446E-02       4.00600578E-02
   580.4000       3.99383350E-02       4.00601583E-02
   580.5000       3.99383258E-02       4.00602593E-02
   580.6000       3.99383167E-02       4.00603610E-02
   580.7000       3.99383071E-02       4.00604618E-02
   580.8000       3.99382970E-02       4.00605630E-02
   580.9000       3.99382871E-02       4.00606643E-02
   581.0000       3.99382775E-02       4.00607656E-02
   581.1000       3.99382679E-02       4.00608672E-02
   581.2000       3.99382577E-02       4.00609688E-02
   581.3000       3.99382470E-02       4.00610703E-02
   581.4000       3.99382367E-02       4.00611719E-02
   581.5000       3.99382257E-02       4.00612732E-02
   581.6000       3.99382147E-02       4.00613746E-02
   581.7000       3.99382036E-02       4.00614761E-02
   581.8000       3.99381925E-02       4.00615779E-02
   581.9000       3.99381816E-02       4.00616803E-02
   582.0000       3.99381701E-02       4.00617823E-02
   582.1000       3.99381582E-02       4.00618838E-02
   582.2000       3.99381464E-02       4.00619858E-02
   582.3000       3.99381355E-02       4.00620884E-02
   582.4000       3.99381233E-02       4.00621906E-02
   582.5000       3.99381111E-02       4.00622928E-02
   582.6000       3.99380989E-02       4.00623949E-02
   582.7000       3.99380864E-02       4.00624971E-02
   582.8000       3.99380740E-02       4.00625998E-02
   582.9000       3.99380612E-02       4.00627027E-02
   583.0000       3.99380482E-02       4.00628054E-02
   583.1000       3.99380357E-02       4.00629088E-02
   583.2000       3.99380223E-02       4.00630115E-02
   583.3000       3.99380082E-02       4.00631139E-02
   583.4000       3.99379948E-02       4.00632172E-02
   583.5000       3.99379814E-02       4.00633203E-02
   583.6000       3.99379673E-02       4.00634235E-02
   583.7000       3.99379534E-02       4.00635267E-02
   583.8000       3.99379390E-02       4.00636299E-02
   583.9000       3.99379247E-02       4.00637335E-02
   584.0000       3.99379100E-02       4.00638372E-02
   584.1000       3.99378952E-02       4.00639408E-02
   584.2000       3.99378803E-02       4.00640448E-02
   584.3000       3.99378654E-02       4.00641488E-02
   584.4000       3.99378504E-02       4.00642525E-02
   584.5000       3.99378348E-02       4.00643563E-02
   584.6000       3.99378196E-02       4.00644606E-02
   584.7000       3.99378035E-02       4.00645644E-02
   584.8000       3.99377874E-02       4.00646681E-02
   584.9000       3.99377708E-02       4.00647719E-02
   585.0000       3.99377542E-02       4.00648763E-02
   585.1000       3.99377374E-02       4.00649805E-02
   585.2000       3.99377200E-02       4.00650846E-02
   585.3000       3.99377033E-02       4.00651891E-02
   585.4000       3.99376861E-02       4.00652934E-02
   585.5000       3.99376688E-02       4.00653978E-02
   585.6000       3.99376512E-02       4.00655019E-02
   585.7000       3.99376331E-02       4.00656061E-02
   585.8000       3.99376155E-02       4.00657106E-02
   585.9000       3.99375980E-02       4.00658154E-02
   586.0000       3.99375798E-02       4.00659202E-02
   586.1000       3.99375614E-02       4.00660248E-02
   586.2000       3.99375432E-02       4.00661293E-02
   586.3000       3.99375248E-02       4.00662345E-02
   586.4000       3.99375062E-02       4.00663391E-02
   586.5000       3.99374872E-02       4.00664442E-02
   586.6000       3.99374680E-02       4.00665491E-02
   586.7000       3.99374491E-02       4.00666541E-02
   586.8000       3.99374293E-02       4.00667589E-02
   586.9000       3.99374098E-02       4.00668640E-02
   587.0000       3.99373901E-02       4.00669686E-02
   587.1000       3.99373699E-02       4.00670736E-02
   587.2000       3.99373498E-02       4.00671787E-02
   587.3000       3.99373288E-02       4.00672835E-02
   587.4000       3.99373083E-02       4.00673891E-02
   587.5000       3.99372880E-02       4.00674945E-02
   587.6000       3.99372674E-02       4.00676000E-02
   587.7000       3.99372466E-02       4.00677054E-02
   587.8000       3.99372258E-02       4.00678110E-02
   587.9000       3.99372042E-02       4.00679161E-02
   588.0000       3.99371829E-02       4.00680215E-02
   588.1000       3.99371616E-02       4.00681270E-02
   588.2000       3.99371395E-02       4.00682323E-02
   588.3000       3.99371170E-02       4.00683373E-02
   588.4000       3.99370947E-02       4.00684424E-02
   588.5000       3.99370717E-02       4.00685480E-02
   588.6000       3.99370489E-02       4.00686532E-02
   588.7000       3.99370256E-02       4.00687584E-02
   588.8000       3.99370024E-02       4.00688638E-02
   588.9000       3.99369792E-02       4.00689695E-02
   589.0000       3.99369550E-02       4.00690748E-02
   589.1000       3.99369307E-02       4.00691798E-02
   589.2000       3.99369063E-02       4.00692852E-02
   589.3000       3.99368818E-02       4.00693909E-02
   589.4000       3.99368571E-02       4.00694967E-02
   589.5000       3.99368320E-02       4.00696023E-02
   589.6000       3.99368070E-02       4.00697081E-02
   589.7000       3.99367814E-02       4.00698138E-02
   589.8000       3.99367556E-02       4.00699189E-02
   589.9000       3.99367294E-02       4.00700246E-02
   590.0000       3.99367032E-02       4.00701302E-02
   590.1000       3.99366773E-02       4.00702359E-02
   590.2000       3.99366501E-02       4.00703413E-02
   590.3000       3.99366228E-02       4.00704470E-02
   590.4000       3.99365958E-02       4.00705526E-02
   590.5000       3.99365686E-02       4.00706585E-02
   590.6000       3.99365413E-02       4.00707646E-02
   590.7000       3.99365131E-02       4.00708703E-02
   590.8000       3.99364852E-02       4.00709760E-02
   590.9000       3.99364565E-02       4.00710815E-02
   591.0000       3.99364280E-02       4.00711871E-02
   591.1000       3.99363993E-02       4.00712926E-02
   591.2000       3.99363703E-02       4.00713984E-02
   591.3000       3.99363409E-02       4.00715039E-02
   591.4000       3.99363114E-02       4.00716092E-02
   591.5000       3.99362817E-02       4.00717149E-02
   591.6000       3.99362518E-02       4.00718208E-02
   591.7000       3.99362218E-02       4.00719265E-02
   591.8000       3.99361917E-02       4.00720321E-02
   591.9000       3.99361612E-02       4.00721379E-02
   592.0000       3.99361302E-02       4.00722435E-02
   592.1000       3.99360993E-02       4.00723491E-02
   592.2000       3.99360687E-02       4.00724550E-02
   592.3000       3.99360376E-02       4.00725607E-02
   592.4000       3.99360064E-02       4.00726668E-02
   592.5000       3.99359744E-02       4.00727723E-02
   592.6000       3.99359416E-02       4.00728778E-02
   592.7000       3.99359094E-02       4.00729840E-02
   592.8000       3.99358766E-02       4.00730891E-02
   592.9000       3.99358436E-02       4.00731946E-02
   593.0000       3.99358110E-02       4.00733003E-02
   593.1000       3.99357779E-02       4.00734056E-02
   593.2000       3.99357444E-02       4.00735114E-02
   593.3000       3.99357108E-02       4.00736171E-02
   593.4000       3.99356770E-02       4.00737225E-02
   593.5000       3.99356435E-02       4.00738282E-02
   593.6000       3.99356098E-02       4.00739340E-02
   593.7000       3.99355756E-02       4.00740394E-02
   593.8000       3.99355415E-02       4.00741451E-02
   593.9000       3.99355073E-02       4.00742504E-02
   594.0000       3.99354732E-02       4.00743559E-02
   594.1000       3.99354387E-02       4.00744612E-02
   594.2000       3.99354040E-02       4.00745665E-02
   594.3000       3.99353691E-02       4.00746721E-02
   594.4000       3.99353338E-02       4.00747776E-02
   594.5000       3.99352986E-02       4.00748831E-02
   594.6000       3.99352634E-02       4.00749886E-02
   594.7000       3.99352278E-02       4.00750937E-02
   594.8000       3.99351921E-02       4.00751993E-02
   594.9000       3.99351562E-02       4.00753044E-02
   595.0000       3.99351199E-02       4.00754093E-02
   595.1000       3.99350840E-02       4.00755146E-02
   595.2000       3.99350470E-02       4.00756192E-02
   595.3000       3.99350102E-02       4.00757243E-02
   595.4000       3.99349735E-02       4.00758294E-02
   595.5000       3.99349369E-02       4.00759351E-02
   595.6000       3.99348999E-02       4.00760400E-02
   595.7000       3.99348623E-02       4.00761451E-02
   595.8000       3.99348252E-02       4.00762501E-02
   595.9000       3.99347869E-02       4.00763549E-02
   596.0000       3.99347493E-02       4.00764597E-02
   596.1000       3.99347113E-02       4.00765644E-02
   596.2000       3.99346729E-02       4.00766689E-02
   596.3000       3.99346344E-02       4.00767737E-02
   596.4000       3.99345951E-02       4.00768783E-02
   596.5000       3.99345564E-02       4.00769825E-02
   596.6000       3.99345176E-02       4.00770867E-02
   596.7000       3.99344780E-02       4.00771905E-02
   596.8000       3.99344382E-02       4.00772945E-02
   596.9000       3.99343988E-02       4.00773987E-02
   597.0000       3.99343586E-02       4.00775028E-02
   597.1000       3.99343183E-02       4.00776070E-02
   597.2000       3.99342785E-02       4.00777111E-02
   597.3000       3.99342373E-02       4.00778150E-02
   597.4000       3.99341961E-02       4.00779186E-02
   597.5000       3.99341556E-02       4.00780228E-02
   597.6000       3.99341141E-02       4.00781262E-02
   597.7000       3.99340724E-02       4.00782300E-02
   597.8000       3.99340305E-02       4.00783337E-02
   597.9000       3.99339887E-02       4.00784373E-02
   598.0000       3.99339464E-02       4.00785411E-02
   598.1000       3.99339041E-02       4.00786445E-02
   598.2000       3.99338608E-02       4.00787472E-02
   598.3000       3.99338175E-02       4.00788502E-02
   598.4000       3.99337736E-02       4.00789533E-02
   598.5000       3.99337298E-02       4.00790559E-02
   598.6000       3.99336857E-02       4.00791589E-02
   598.7000       3.99336411E-02       4.00792616E-02
   598.8000       3.99335962E-02       4.00793640E-02
   598.9000       3.99335510E-02       4.00794666E-02
   599.0000       3.99335058E-02       4.00795688E-02
   599.1000       3.99334600E-02       4.00796707E-02
   599.2000       3.99334147E-02       4.00797731E-02
   599.3000       3.99333691E-02       4.00798754E-02
   599.4000       3.99333232E-02       4.00799775E-02
   599.5000       3.99332768E-02       4.00800794E-02
   599.6000       3.99332301E-02       4.00801810E-02
   599.7000       3.99331834E-02       4.00802825E-02
   599.8000       3.99331356E-02       4.00803839E-02
   599.9000       3.99330874E-02       4.00804852E-02
   600.0000       3.99330397E-02       4.00805867E-02
