time,K
0.1,5.0750775e-06
0.2,1.531781635e-05
0.3,2.67617177e-05
0.4,3.77997522e-05
0.5,4.78288088e-05
0.6,5.6694773e-05
0.7,6.4447731e-05
0.8,7.1223347e-05
0.9,7.718431e-05
1.0,8.24922875e-05
1.1,8.7295435e-05
1.2,9.172407e-05
1.3,9.58902485e-05
1.4,9.9889252e-05
1.5,0.000103801609
1.6,0.0001076955105
1.7,0.0001116291405
1.8,0.0001156524795
1.9,0.0001198092605
2.0,0.000124138284
2.1,0.00012867481
2.2,0.0001334515605
2.3,0.0001384996485
2.4,0.000143849111
2.5,0.000149529749
2.6,0.000155571524
2.7,0.000162005286
2.8,0.0001688627885
2.9,0.000176177517
3.0,0.0001839846115
3.1,0.0001923214395
3.2,0.000201227819
3.3,0.0002107465195
3.4,0.0002209234665
3.5,0.0002318076725
3.6,0.0002434521315
3.7,0.0002559138695
3.8,0.0002692543955
3.9,0.000283539686
4.0,0.000298841563
4.1,0.0003152363385
4.2,0.0003328070975
4.3,0.000351642795
4.4,0.0003718393945
4.5,0.000393500334
4.6,0.0004167364425
4.7,0.000441666519
4.8,0.000468418143
4.9,0.000497128234
5.0,0.00052794195
5.1,0.000561015005
5.2,0.000596513195
5.3,0.000634611515
5.4,0.000675494835
5.5,0.00071935808
5.6,0.000766402645
5.7,0.000816838455
5.8,0.00087087887
5.9,0.00092874041
6.0,0.000990641335
6.1,0.00105679726
6.2,0.001127421035
6.3,0.001202722785
6.4,0.00128290246
6.5,0.001368149385
6.6,0.00145862637
6.7,0.00155445483
6.8,0.001655713755
6.9,0.001762435505
7.0,0.00187459894
7.1,0.00199213463
7.2,0.002114899865
7.3,0.00224272152
7.4,0.00237541004
7.5,0.002512756715
7.6,0.002654507535
7.7,0.002800274655
7.8,0.00294956356
7.9,0.003101852795
8.0,0.003256499715
8.1,0.00341262864
8.2,0.003569462925
8.3,0.00372631815
8.4,0.003882651505
8.5,0.00403800707
8.6,0.004191883
8.7,0.004343756775
8.8,0.00449287908
8.9,0.00463865187
9.0,0.00478057468
9.1,0.00491805541
9.2,0.0050505759
9.3,0.00517779165
9.4,0.00529937575
9.5,0.00541502315
9.6,0.0055243644
9.7,0.00562696415
9.8,0.00572238165
9.9,0.00581034205
10.0,0.0058905482
10.1,0.005962848
10.2,0.0060271165
10.3,0.00608322935
10.4,0.00613105435
10.5,0.00617049195
10.6,0.00620149795
10.7,0.00622399875
10.8,0.00623814035
10.9,0.00624424085
11.0,0.00624248585
11.1,0.00623310065
11.2,0.0062163927
11.3,0.00619262525
11.4,0.0061620037
11.5,0.00612485515
11.6,0.0060815283
11.7,0.00603237105
11.8,0.0059777285
11.9,0.00591805295
12.0,0.0058538591
12.1,0.00578552825
12.2,0.00571341485
12.3,0.00563786005
12.4,0.00555920105
12.5,0.0054776937
12.6,0.00539361945
12.7,0.0053072371
12.8,0.0052187753
12.9,0.00512847145
13.0,0.005036564
13.1,0.00494325975
13.2,0.00484883509
13.3,0.00475357311
13.4,0.00465776077
13.5,0.004561652995
13.6,0.00446550479
13.7,0.004369574775
13.8,0.004274119865
13.9,0.00417936134
14.0,0.00408551704
14.1,0.003992779805
14.2,0.00390130004
14.3,0.003811232915
14.4,0.003722717805
14.5,0.003635861455
14.6,0.003550763065
14.7,0.003467523425
14.8,0.00338620748
14.9,0.0033068487
15.0,0.003229487395
15.1,0.00315412877
15.2,0.003080737685
15.3,0.00300930808
15.4,0.002939831835
15.5,0.002872282335
15.6,0.00280664426
15.7,0.0027429021
15.8,0.00268104626
15.9,0.002621067135
16.0,0.002562935035
16.1,0.00250661388
16.2,0.002452070635
16.3,0.00239927361
16.4,0.0023481973
16.5,0.002298806675
16.6,0.002251059545
16.7,0.002204908055
16.8,0.002160311645
16.9,0.00211722284
17.0,0.002075597005
17.1,0.002035401
17.2,0.001996598885
17.3,0.00195914479
17.4,0.00192299503
17.5,0.00188810681
17.6,0.00185443752
17.7,0.001821950955
17.8,0.00179061048
17.9,0.001760378525
18.0,0.00173121331
18.1,0.001703067405
18.2,0.00167589557
18.3,0.0016496542
18.4,0.001624297885
18.5,0.00159978262
18.6,0.00157606743
18.7,0.001553107755
18.8,0.00153085944
18.9,0.001509277245
19.0,0.00148831525
19.1,0.00146793089
19.2,0.001448088525
19.3,0.001428761435
19.4,0.001409925775
19.5,0.00139155854
19.6,0.00137363413
19.7,0.001356123625
19.8,0.00133899731
19.9,0.00132222977
20.0,0.001305802395
20.1,0.001289701615
20.2,0.00127391356
20.3,0.001258425705
20.4,0.001243226305
20.5,0.00122830711
20.6,0.001213660265
20.7,0.001199278025
20.8,0.001185153735
20.9,0.00117128128
21.0,0.00115765397
21.1,0.001144264285
21.2,0.001131104575
21.3,0.001118170195
21.4,0.00110545796
21.5,0.00109296493
21.6,0.0010806879
21.7,0.00106862395
21.8,0.001056770855
21.9,0.00104512719
22.0,0.001033691885
22.1,0.00102246385
22.2,0.001011442255
22.3,0.00100062618
22.4,0.000990015745
22.5,0.000979611555
22.6,0.00096941491
22.7,0.00095942738
22.8,0.000949650625
22.9,0.000940085595
23.0,0.000930732515
23.1,0.000921591105
23.2,0.00091266117
23.3,0.00090394208
23.4,0.000895432845
23.5,0.000887131915
23.6,0.00087903736
23.7,0.00087114704
23.8,0.00086345842
23.9,0.00085596873
24.0,0.000848675005
24.1,0.0008415742
24.2,0.00083466329
24.3,0.000827939175
24.4,0.000821398505
24.5,0.00081503755
24.6,0.00080885245
24.7,0.00080283919
24.8,0.00079699354
24.9,0.000791310895
25.0,0.000785786385
25.1,0.000780414875
25.2,0.00077519095
25.3,0.00077010876
25.4,0.000765162165
25.5,0.00076034524
25.6,0.000755652665
25.7,0.00075107946
25.8,0.000746620755
25.9,0.00074227217
26.0,0.000738030005
26.1,0.00073389141
26.2,0.000729853855
26.3,0.00072591451
26.4,0.000722069905
26.5,0.000718316205
26.6,0.00071464967
26.7,0.000711066775
26.8,0.00070756418
26.9,0.00070413869
27.0,0.000700787125
27.1,0.00069750622
27.2,0.00069429275
27.3,0.0006911435
27.4,0.00068805531
27.5,0.00068502512
27.6,0.00068204998
27.7,0.000679127065
27.8,0.00067625375
27.9,0.000673427565
28.0,0.00067064624
28.1,0.00066790768
28.2,0.000665210085
28.3,0.00066255186
28.4,0.000659931595
28.5,0.00065734804
28.6,0.000654800085
28.7,0.000652286785
28.8,0.00064980744
28.9,0.00064736152
29.0,0.000644948805
29.1,0.00064256927
29.2,0.000640223055
29.3,0.00063791044
29.4,0.000635631795
29.5,0.00063338756
29.6,0.000631178215
29.7,0.00062900423
29.8,0.00062686611
29.9,0.0006247644
30.0,0.00062269966
30.1,0.00062067247
30.2,0.000618683445
30.3,0.00061673317
30.4,0.00061482223
30.5,0.000612951205
30.6,0.000611120615
30.7,0.000609330935
30.8,0.0006075826
30.9,0.000605875935
31.0,0.000604211235
31.1,0.000602588655
31.2,0.000601008265
31.3,0.000599470025
31.4,0.000597973795
31.5,0.000596519285
31.6,0.000595106095
31.7,0.00059373373
31.8,0.000592401575
31.9,0.0005911089
32.0,0.000589854865
32.1,0.00058863853
32.2,0.000587458865
32.3,0.000586314735
32.4,0.000585204885
32.5,0.000584127955
32.6,0.00058308251
32.7,0.00058206699
32.8,0.000581079745
32.9,0.000580119055
33.0,0.00057918312
33.1,0.00057827008
33.2,0.00057737801
33.3,0.000576504975
33.4,0.000575649005
33.5,0.00057480814
33.6,0.0005739804
33.7,0.000573163845
33.8,0.000572356575
33.9,0.00057155672
34.0,0.00057076247
34.1,0.000569972085
34.2,0.00056918389
34.3,0.00056839626
34.4,0.000567607645
34.5,0.000566816575
34.6,0.000566021675
34.7,0.000565221625
34.8,0.00056441523
34.9,0.00056360138
35.0,0.0005627791
35.1,0.00056194746
35.2,0.000561105665
35.3,0.000560253015
35.4,0.000559388915
35.5,0.000558512865
35.6,0.000557624455
35.7,0.00055672337
35.8,0.000555809355
35.9,0.00055488224
36.0,0.000553941935
36.1,0.00055298841
36.2,0.00055202169
36.3,0.000551041905
36.4,0.000550049205
36.5,0.000549043775
36.6,0.000548025895
36.7,0.00054699584
36.8,0.000545953965
36.9,0.00054490067
37.0,0.000543836385
37.1,0.00054276157
37.2,0.000541676745
37.3,0.00054058245
37.4,0.000539479295
37.5,0.0005383679
37.6,0.000537248935
37.7,0.00053612309
37.8,0.000534991105
37.9,0.000533853755
38.0,0.00053271184
38.1,0.0005315662
38.2,0.000530417715
38.3,0.000529267275
38.4,0.000528115805
38.5,0.000526964245
38.6,0.000525813555
38.7,0.00052466471
38.8,0.000523518695
38.9,0.000522376505
39.0,0.00052123913
39.1,0.00052010754
39.2,0.000518982715
39.3,0.000517865605
39.4,0.000516757135
39.5,0.0005156582
39.6,0.000514569675
39.7,0.000513492375
39.8,0.000512427065
39.9,0.00051137448
40.0,0.000510335305
40.1,0.000509310175
40.2,0.00050829964
40.3,0.00050730421
40.4,0.0005063243
40.5,0.00050536027
40.6,0.000504412425
40.7,0.000503480995
40.8,0.000502566125
40.9,0.0005016679
41.0,0.000500786355
41.1,0.0004999214405
41.2,0.0004990730535
41.3,0.0004982410315
41.4,0.0004974251545
41.5,0.0004966251505
41.6,0.000495840698
41.7,0.0004950714045
41.8,0.0004943168595
41.9,0.000493576592
42.0,0.000492850096
42.1,0.000492136812
42.2,0.0004914361635
42.3,0.00049074753
42.4,0.0004900702635
42.5,0.0004894036985
42.6,0.000488747147
42.7,0.00048809991
42.8,0.000487461283
42.9,0.000486830529
43.0,0.000486206931
43.1,0.000485589771
43.2,0.000484978326
43.3,0.000484371877
43.4,0.000483769734
43.5,0.000483171205
43.6,0.0004825756315
43.7,0.000481982363
43.8,0.0004813907705
43.9,0.0004808002375
44.0,0.0004802101775
44.1,0.000479620039
44.2,0.0004790292745
44.3,0.000478437387
44.4,0.0004778438795
44.5,0.0004772483255
44.6,0.000476650297
44.7,0.000476049431
44.8,0.0004754453795
44.9,0.0004748378415
45.0,0.0004742265415
45.1,0.00047361125
45.2,0.0004729917705
45.3,0.0004723679495
45.4,0.0004717396805
45.5,0.000471106884
45.6,0.0004704695215
45.7,0.00046982759
45.8,0.000469181117
45.9,0.000468530164
46.0,0.00046787482
46.1,0.00046721522
46.2,0.0004665515125
46.3,0.000465883866
46.4,0.0004652124755
46.5,0.000464537569
46.6,0.0004638593965
46.7,0.000463178218
46.8,0.0004624943275
46.9,0.00046180802
47.0,0.0004611196185
47.1,0.0004604294495
47.2,0.000459737856
47.3,0.000459045188
47.4,0.0004583517975
47.5,0.000457658039
47.6,0.0004569642905
47.7,0.0004562709155
47.8,0.0004555782875
47.9,0.000454886759
48.0,0.000454196696
48.1,0.000453508463
48.2,0.000452822414
48.3,0.000452138899
48.4,0.000451458261
48.5,0.0004507808455
48.6,0.000450107
48.7,0.0004494370445
48.8,0.000448771307
48.9,0.0004481101065
49.0,0.0004474537565
49.1,0.000446802569
49.2,0.0004461568395
49.3,0.0004455168775
49.4,0.0004448829605
49.5,0.0004442553635
49.6,0.0004436343485
49.7,0.0004430201615
49.8,0.0004424130435
49.9,0.000441813214
50.0,0.0004412208835
50.1,0.000440636259
50.2,0.0004400595395
50.3,0.000439490921
50.4,0.000438930567
50.5,0.0004383786475
50.6,0.000437835309
50.7,0.0004373007
50.8,0.000436774951
50.9,0.00043625818
51.0,0.0004357504925
51.1,0.00043525198
51.2,0.0004347627195
51.3,0.0004342827965
51.4,0.0004338122795
51.5,0.000433351216
51.6,0.000432899653
51.7,0.000432457635
51.8,0.000432025187
51.9,0.000431602328
52.0,0.000431189062
52.1,0.000430785407
52.2,0.0004303913495
52.3,0.0004300068785
52.4,0.0004296319725
52.5,0.000429266602
52.6,0.000428910734
52.7,0.0004285643305
52.8,0.0004282273615
52.9,0.000427899758
53.0,0.0004275814675
53.1,0.00042727244
53.2,0.0004269725845
53.3,0.0004266818375
53.4,0.000426400128
53.5,0.0004261273715
53.6,0.0004258635145
53.7,0.000425608463
53.8,0.0004253621445
53.9,0.0004251244865
54.0,0.00042489541
54.1,0.000424674835
54.2,0.0004244626755
54.3,0.0004242588315
54.4,0.0004240632055
54.5,0.000423875691
54.6,0.0004236961935
54.7,0.0004235245985
54.8,0.0004233607975
54.9,0.00042320467
55.0,0.000423056106
55.1,0.000422914988
55.2,0.0004227811875
55.3,0.0004226545715
55.4,0.000422534999
55.5,0.0004224223285
55.6,0.000422316405
55.7,0.0004222170815
55.8,0.000422124204
55.9,0.0004220375975
56.0,0.0004219571205
56.1,0.000421882588
56.2,0.000421813819
56.3,0.000421750611
56.4,0.0004216927725
56.5,0.000421640091
56.6,0.000421592342
56.7,0.0004215492965
56.8,0.0004215107205
56.9,0.0004214763675
57.0,0.0004214459945
57.1,0.0004214193255
57.2,0.000421396118
57.3,0.000421376084
57.4,0.0004213589345
57.5,0.000421344365
57.6,0.000421332077
57.7,0.000421321766
57.8,0.0004213131285
57.9,0.0004213058335
58.0,0.0004212995645
58.1,0.0004212939995
58.2,0.0004212888005
58.3,0.0004212836475
58.4,0.000421278206
58.5,0.0004212721375
58.6,0.000421265111
58.7,0.000421256787
58.8,0.00042124685
58.9,0.0004212349605
59.0,0.000421220792
59.1,0.000421204025
59.2,0.000421184343
59.3,0.0004211614365
59.4,0.000421135007
59.5,0.0004211047825
59.6,0.0004210704915
59.7,0.0004210318615
59.8,0.0004209886605
59.9,0.0004209406405
60.0,0.0004208876165
60.1,0.000420829388
60.2,0.000420765762
60.3,0.0004206965735
60.4,0.0004206216825
60.5,0.0004205409225
60.6,0.0004204542015
60.7,0.0004203614025
60.8,0.0004202624375
60.9,0.000420157252
61.0,0.000420045777
61.1,0.000419927998
61.2,0.0004198038765
61.3,0.00041967342
61.4,0.000419536633
61.5,0.000419393546
61.6,0.000419244217
61.7,0.000419088687
61.8,0.000418927012
61.9,0.000418759293
62.0,0.000418585608
62.1,0.000418406076
62.2,0.000418220798
62.3,0.0004180299015
62.4,0.0004178335195
62.5,0.0004176317815
62.6,0.0004174248515
62.7,0.0004172128615
62.8,0.000416995975
62.9,0.0004167743695
63.0,0.000416548234
63.1,0.0004163177325
63.2,0.000416083064
63.3,0.0004158444255
63.4,0.000415602007
63.5,0.000415356006
63.6,0.000415106624
63.7,0.0004148540595
63.8,0.00041459849
63.9,0.00041434015
64.0,0.000414079212
64.1,0.000413815888
64.2,0.000413550373
64.3,0.0004132828555
64.4,0.00041301351
64.5,0.0004127425405
64.6,0.0004124701185
64.7,0.0004121964065
64.8,0.0004119215755
64.9,0.0004116458025
65.0,0.0004113692555
65.1,0.0004110920975
65.2,0.000410814478
65.3,0.0004105365605
65.4,0.000410258484
65.5,0.000409980387
65.6,0.000409702397
65.7,0.000409424663
65.8,0.000409147287
65.9,0.0004088703935
66.0,0.0004085941035
66.1,0.0004083185275
66.2,0.0004080437855
66.3,0.000407769962
66.4,0.0004074971645
66.5,0.00040722548
66.6,0.0004069550095
66.7,0.000406685831
66.8,0.000406418046
66.9,0.0004061517335
67.0,0.00040588697
67.1,0.0004056238215
67.2,0.000405362374
67.3,0.00040510268
67.4,0.000404844808
67.5,0.0004045888185
67.6,0.0004043347515
67.7,0.00040408267
67.8,0.000403832613
67.9,0.0004035846345
68.0,0.000403338777
68.1,0.0004030950755
68.2,0.0004028535745
68.3,0.000402614296
68.4,0.0004023772745
68.5,0.0004021425375
68.6,0.0004019101215
68.7,0.0004016800475
68.8,0.000401452345
68.9,0.000401227015
69.0,0.0004010041
69.1,0.0004007836135
69.2,0.000400565581
69.3,0.000400350026
69.4,0.000400136957
69.5,0.0003999263845
69.6,0.000399718318
69.7,0.000399512767
69.8,0.0003993097565
69.9,0.000399109276
70.0,0.000398911346
70.1,0.000398715952
70.2,0.000398523101
70.3,0.000398332797
70.4,0.00039814504
70.5,0.00039795983
70.6,0.000397777175
70.7,0.000397597095
70.8,0.0003974195725
70.9,0.0003972446075
71.0,0.0003970722075
71.1,0.0003969023565
71.2,0.0003967350295
71.3,0.00039657022
71.4,0.000396407921
71.5,0.000396248107
71.6,0.000396090752
71.7,0.000395935846
71.8,0.000395783353
71.9,0.000395633237
72.0,0.000395485481
72.1,0.0003953400395
72.2,0.000395196875
72.3,0.0003950559585
72.4,0.0003949172395
72.5,0.0003947806845
72.6,0.0003946462345
72.7,0.000394513854
72.8,0.0003943834945
72.9,0.000394255115
73.0,0.000394128678
73.1,0.0003940041085
73.2,0.0003938813915
73.3,0.0003937604665
73.4,0.000393641261
73.5,0.000393523735
73.6,0.000393407835
73.7,0.0003932935035
73.8,0.000393180703
73.9,0.0003930693705
74.0,0.000392959471
74.1,0.0003928509415
74.2,0.000392743738
74.3,0.000392637806
74.4,0.00039253311
74.5,0.0003924296015
74.6,0.000392327236
74.7,0.0003922259565
74.8,0.000392125717
74.9,0.000392026495
75.0,0.000391928245
75.1,0.00039183092
75.2,0.0003917345045
75.3,0.000391638977
75.4,0.0003915442825
75.5,0.000391450401
75.6,0.0003913572865
75.7,0.0003912649245
75.8,0.0003911733055
75.9,0.000391082392
76.0,0.000390992175
76.1,0.000390902642
76.2,0.0003908137975
76.3,0.000390725632
76.4,0.0003906381435
76.5,0.000390551349
76.6,0.000390465257
76.7,0.0003903798915
76.8,0.0003902952575
76.9,0.0003902113635
77.0,0.0003901282225
77.1,0.0003900458365
77.2,0.0003899642275
77.3,0.0003898833975
77.4,0.000389803341
77.5,0.00038972407
77.6,0.0003896455805
77.7,0.0003895678895
77.8,0.0003894909705
77.9,0.000389414838
78.0,0.00038933947
78.1,0.000389264862
78.2,0.0003891910165
78.3,0.000389117892
78.4,0.0003890454905
78.5,0.0003889737825
78.6,0.0003889027495
78.7,0.0003888323575
78.8,0.0003887625755
78.9,0.000388693391
79.0,0.000388624763
79.1,0.0003885566555
79.2,0.0003884890355
79.3,0.000388421867
79.4,0.000388355107
79.5,0.0003882887095
79.6,0.000388222645
79.7,0.0003881568665
79.8,0.0003880913265
79.9,0.0003880259795
80.0,0.00038796077
80.1,0.0003878956495
80.2,0.0003878305655
80.3,0.0003877654655
80.4,0.0003877002945
80.5,0.000387634995
80.6,0.0003875695345
80.7,0.0003875038445
80.8,0.0003874378775
80.9,0.0003873715925
81.0,0.0003873049365
81.1,0.0003872378725
81.2,0.00038717033
81.3,0.000387102255
81.4,0.0003870336195
81.5,0.0003869643645
81.6,0.0003868944545
81.7,0.000386823823
81.8,0.000386752435
81.9,0.000386680254
82.0,0.00038660724
82.1,0.000386533358
82.2,0.000386458552
82.3,0.000386382799
82.4,0.000386306071
82.5,0.0003862283515
82.6,0.000386149619
82.7,0.000386069843
82.8,0.0003859890335
82.9,0.0003859071445
83.0,0.0003858241665
83.1,0.000385740118
83.2,0.000385655
83.3,0.000385568804
83.4,0.000385481565
83.5,0.000385393301
83.6,0.0003853040475
83.7,0.0003852138365
83.8,0.0003851226845
83.9,0.0003850306335
84.0,0.0003849377655
84.1,0.0003848441295
84.2,0.0003847497855
84.3,0.0003846548135
84.4,0.0003845592985
84.5,0.000384463332
84.6,0.000384367009
84.7,0.0003842704435
84.8,0.0003841737445
84.9,0.0003840770685
85.0,0.000383980506
85.1,0.000383884216
85.2,0.0003837883405
85.3,0.000383693033
85.4,0.0003835984485
85.5,0.0003835047605
85.6,0.0003834121435
85.7,0.0003833207835
85.8,0.00038323084
85.9,0.000383142513
86.0,0.000383056006
86.1,0.0003829715025
86.2,0.000382889203
86.3,0.0003828093305
86.4,0.000382732054
86.5,0.000382657603
86.6,0.000382586186
86.7,0.0003825179965
86.8,0.0003824532565
86.9,0.0003823921625
87.0,0.000382334925
87.1,0.000382281749
87.2,0.000382232848
87.3,0.0003821884025
87.4,0.000382148593
87.5,0.000382113615
87.6,0.0003820836365
87.7,0.000382058822
87.8,0.000382039309
87.9,0.0003820252875
88.0,0.0003820168955
88.1,0.0003820142605
88.2,0.0003820175265
88.3,0.0003820268155
88.4,0.000382042242
88.5,0.000382063883
88.6,0.0003820918195
88.7,0.00038212613
88.8,0.0003821668595
88.9,0.0003822140545
89.0,0.0003822677285
89.1,0.0003823279015
89.2,0.0003823945735
89.3,0.0003824677495
89.4,0.000382547382
89.5,0.000382633427
89.6,0.0003827258325
89.7,0.0003828245365
89.8,0.000382929415
89.9,0.000383040383
90.0,0.0003831573145
90.1,0.0003832800305
90.2,0.000383408398
90.3,0.000383542221
90.4,0.000383681318
90.5,0.0003838254695
90.6,0.000383974472
90.7,0.00038412811
90.8,0.0003842861275
90.9,0.0003844482635
91.0,0.0003846142835
91.1,0.0003847838925
91.2,0.0003849568255
91.3,0.000385132812
91.4,0.000385311571
91.5,0.000385492815
91.6,0.0003856762935
91.7,0.000385861719
91.8,0.0003860488215
91.9,0.0003862373245
92.0,0.000386426985
92.1,0.0003866175225
92.2,0.0003868086865
92.3,0.0003870002275
92.4,0.0003871919155
92.5,0.0003873835155
92.6,0.000387574795
92.7,0.000387765579
92.8,0.000387955655
92.9,0.0003881448245
93.0,0.0003883328985
93.1,0.000388519723
93.2,0.000388705121
93.3,0.0003888889605
93.4,0.000389071084
93.5,0.000389251375
93.6,0.000389429729
93.7,0.0003896059985
93.8,0.0003897801335
93.9,0.0003899520235
94.0,0.0003901215695
94.1,0.0003902886985
94.2,0.000390453328
94.3,0.0003906153855
94.4,0.000390774832
94.5,0.000390931596
94.6,0.0003910856095
94.7,0.000391236843
94.8,0.000391385246
94.9,0.0003915307525
95.0,0.000391673357
95.1,0.000391813009
95.2,0.000391949685
95.3,0.000392083366
95.4,0.000392213998
95.5,0.0003923415625
95.6,0.000392466077
95.7,0.000392587505
95.8,0.0003927058065
95.9,0.0003928209885
96.0,0.0003929330005
96.1,0.000393041845
96.2,0.000393147476
96.3,0.000393249885
96.4,0.0003933490185
96.5,0.000393444866
96.6,0.0003935373555
96.7,0.000393626512
96.8,0.000393712269
96.9,0.000393794587
97.0,0.000393873437
97.1,0.0003939487665
97.2,0.0003940205355
97.3,0.000394088723
97.4,0.0003941532715
97.5,0.0003942141705
97.6,0.000394271365
97.7,0.000394324828
97.8,0.0003943745155
97.9,0.000394420402
98.0,0.00039446246
98.1,0.0003945006785
98.2,0.000394535013
98.3,0.000394565443
98.4,0.0003945919515
98.5,0.00039461452
98.6,0.0003946331105
98.7,0.000394647715
98.8,0.0003946583005
98.9,0.0003946648345
99.0,0.0003946673465
99.1,0.0003946657895
99.2,0.000394660132
99.3,0.0003946503915
99.4,0.0003946365575
99.5,0.0003946186135
99.6,0.000394596568
99.7,0.000394570404
99.8,0.0003945400915
99.9,0.0003945056605
100.0,0.0003944670955
100.1,0.000394424426
100.2,0.0003943776335
100.3,0.000394326719
100.4,0.000394271723
100.5,0.000394212618
100.6,0.0003941494465
100.7,0.0003940822005
100.8,0.0003940108865
100.9,0.000393935567
101.0,0.0003938562515
101.1,0.000393772967
101.2,0.0003936857305
101.3,0.000393594603
101.4,0.0003934995905
101.5,0.000393400707
101.6,0.0003932980025
101.7,0.0003931915195
101.8,0.000393081281
101.9,0.000392967345
102.0,0.0003928497655
102.1,0.0003927285905
102.2,0.0003926038805
102.3,0.0003924756755
102.4,0.000392344022
102.5,0.000392209023
102.6,0.00039207071
102.7,0.000391929148
102.8,0.0003917844405
102.9,0.0003916366015
103.0,0.0003914857195
103.1,0.000391331884
103.2,0.000391175173
103.3,0.00039101565
103.4,0.0003908533635
103.5,0.000390688417
103.6,0.000390520924
103.7,0.000390350918
103.8,0.0003901785455
103.9,0.000390003897
104.0,0.0003898270535
104.1,0.0003896481
104.2,0.0003894671385
104.3,0.0003892842485
104.4,0.000389099491
104.5,0.0003889129885
104.6,0.0003887247705
104.7,0.000388534972
104.8,0.0003883436615
104.9,0.0003881509295
105.0,0.0003879568625
105.1,0.000387761553
105.2,0.0003875650765
105.3,0.0003873675485
105.4,0.000387169045
105.5,0.000386969655
105.6,0.000386769438
105.7,0.0003865684995
105.8,0.000386366865
105.9,0.000386164607
106.0,0.00038596181
106.1,0.0003857585465
106.2,0.000385554871
106.3,0.0003853508435
106.4,0.000385146533
106.5,0.000384941989
106.6,0.000384737285
106.7,0.000384532485
106.8,0.000384327618
106.9,0.000384122782
107.0,0.000383918017
107.1,0.000383713392
107.2,0.000383508983
107.3,0.000383304879
107.4,0.000383101112
107.5,0.000382897757
107.6,0.000382694876
107.7,0.000382492572
107.8,0.000382290885
107.9,0.000382089884
108.0,0.0003818896365
108.1,0.000381690215
108.2,0.000381491685
108.3,0.00038129414
108.4,0.0003810976025
108.5,0.0003809021395
108.6,0.0003807078445
108.7,0.000380514739
108.8,0.0003803229025
108.9,0.0003801323665
109.0,0.000379943217
109.1,0.0003797555015
109.2,0.000379569284
109.3,0.0003793846305
109.4,0.00037920156
109.5,0.000379020137
109.6,0.0003788404355
109.7,0.0003786624815
109.8,0.0003784863415
109.9,0.000378312037
110.0,0.0003781395945
110.1,0.0003779691115
110.2,0.000377800612
110.3,0.000377634121
110.4,0.000377469717
110.5,0.00037730741
110.6,0.0003771472735
110.7,0.000376989318
110.8,0.000376833615
110.9,0.000376680197
111.0,0.000376529103
111.1,0.000376380399
111.2,0.00037623413
111.3,0.000376090364
111.4,0.000375949125
111.5,0.0003758104905
111.6,0.000375674502
111.7,0.000375541233
111.8,0.000375410708
111.9,0.0003752829815
112.0,0.0003751581515
112.1,0.000375036233
112.2,0.000374917291
112.3,0.000374801382
112.4,0.0003746885635
112.5,0.000374578885
112.6,0.0003744724035
112.7,0.0003743691745
112.8,0.000374269237
112.9,0.0003741726585
113.0,0.0003740794865
113.1,0.0003739897325
113.2,0.0003739034315
113.3,0.000373820632
113.4,0.000373741333
113.5,0.000373665562
113.6,0.0003735933235
113.7,0.000373524602
113.8,0.000373459444
113.9,0.000373397823
114.0,0.0003733397165
114.1,0.0003732851315
114.2,0.0003732340365
114.3,0.000373186404
114.4,0.000373142213
114.5,0.000373101397
114.6,0.000373063944
114.7,0.000373029816
114.8,0.000372998938
114.9,0.0003729712765
115.0,0.0003729467705
115.1,0.000372925357
115.2,0.000372907012
115.3,0.000372891654
115.4,0.0003728792315
115.5,0.000372869678
115.6,0.000372862925
115.7,0.0003728589035
115.8,0.0003728575905
115.9,0.000372858893
116.0,0.000372862775
116.1,0.0003728691565
116.2,0.0003728779745
116.3,0.000372889185
116.4,0.0003729027085
116.5,0.0003729185005
116.6,0.0003729364725
116.7,0.000372956579
116.8,0.000372978742
116.9,0.0003730028815
117.0,0.000373028919
117.1,0.0003730567975
117.2,0.0003730864515
117.3,0.000373117817
117.4,0.000373150805
117.5,0.0003731853355
117.6,0.0003732213355
117.7,0.0003732587045
117.8,0.000373297391
117.9,0.000373337282
118.0,0.000373378317
118.1,0.0003734204055
118.2,0.0003734634555
118.3,0.000373507371
118.4,0.0003735520325
118.5,0.0003735973755
118.6,0.0003736432445
118.7,0.0003736895495
118.8,0.0003737362065
118.9,0.0003737830595
119.0,0.0003738300465
119.1,0.0003738770255
119.2,0.000373923877
119.3,0.000373970488
119.4,0.0003740167585
119.5,0.0003740625235
119.6,0.0003741076715
119.7,0.00037415212
119.8,0.0003741956965
119.9,0.0003742383015
120.0,0.0003742797775
120.1,0.000374319997
120.2,0.000374358879
120.3,0.0003743962785
120.4,0.000374432061
120.5,0.0003744660975
120.6,0.000374498259
120.7,0.000374528421
120.8,0.0003745564415
120.9,0.000374582198
121.0,0.000374605549
121.1,0.0003746263625
121.2,0.0003746445325
121.3,0.0003746598785
121.4,0.000374672325
121.5,0.000374681692
121.6,0.0003746878875
121.7,0.000374690735
121.8,0.000374690124
121.9,0.0003746859295
122.0,0.0003746780065
122.1,0.000374666193
122.2,0.000374650403
122.3,0.000374630468
122.4,0.0003746062675
122.5,0.0003745776865
122.6,0.0003745445735
122.7,0.0003745068395
122.8,0.0003744643095
122.9,0.0003744169065
123.0,0.0003743644495
123.1,0.000374306868
123.2,0.0003742440295
123.3,0.000374175828
123.4,0.0003741021515
123.5,0.000374022913
123.6,0.0003739379975
123.7,0.0003738473165
123.8,0.000373750811
123.9,0.000373648364
124.0,0.0003735399365
124.1,0.000373425448
124.2,0.0003733048135
124.3,0.0003731780185
124.4,0.000373044978
124.5,0.000372905709
124.6,0.000372760153
124.7,0.0003726082865
124.8,0.0003724500885
124.9,0.000372285555
125.0,0.0003721146935
125.1,0.0003719375045
125.2,0.0003717540575
125.3,0.0003715643055
125.4,0.000371368311
125.5,0.0003711661195
125.6,0.0003709577525
125.7,0.000370743333
125.8,0.0003705229055
125.9,0.000370296559
126.0,0.000370064379
126.1,0.000369826476
126.2,0.0003695829335
126.3,0.0003693339245
126.4,0.000369079533
126.5,0.000368819865
126.6,0.000368555097
126.7,0.000368285317
126.8,0.0003680106945
126.9,0.000367731343
127.0,0.000367447424
127.1,0.0003671590805
127.2,0.000366866463
127.3,0.000366569732
127.4,0.0003662690795
127.5,0.000365964593
127.6,0.000365656502
127.7,0.0003653448915
127.8,0.0003650299885
127.9,0.000364711932
128.0,0.0003643908815
128.1,0.000364066997
128.2,0.00036374045
128.3,0.0003634114035
128.4,0.0003630800035
128.5,0.000362746439
128.6,0.000362410833
128.7,0.0003620733585
128.8,0.000361734197
128.9,0.000361393501
129.0,0.0003610514275
129.1,0.000360708154
129.2,0.0003603637985
129.3,0.0003600185465
129.4,0.0003596725495
129.5,0.000359325958
129.6,0.000358978879
129.7,0.000358631523
129.8,0.0003582839915
129.9,0.000357936429
130.0,0.0003575889915
130.1,0.0003572417905
130.2,0.0003568950005
130.3,0.000356548738
130.4,0.000356203154
130.5,0.0003558583805
130.6,0.0003555145605
130.7,0.0003551718585
130.8,0.0003548303845
130.9,0.0003544902735
131.0,0.0003541516285
131.1,0.0003538145815
131.2,0.000353479266
131.3,0.000353145782
131.4,0.0003528142365
131.5,0.0003524846905
131.6,0.000352157242
131.7,0.0003518319975
131.8,0.000351509004
131.9,0.000351188322
132.0,0.0003508700295
132.1,0.0003505541505
132.2,0.0003502407265
132.3,0.000349929842
132.4,0.000349621504
132.5,0.0003493157525
132.6,0.00034901264
132.7,0.0003487121895
132.8,0.000348414452
132.9,0.0003481194475
133.0,0.0003478272105
133.1,0.0003475377625
133.2,0.0003472511445
133.3,0.000346967386
133.4,0.0003466864695
133.5,0.000346408456
133.6,0.000346133342
133.7,0.0003458611445
133.8,0.000345591867
133.9,0.0003453255105
134.0,0.000345062077
134.1,0.0003448015615
134.2,0.000344543955
134.3,0.0003442893175
134.4,0.0003440376
134.5,0.0003437888295
134.6,0.000343542939
134.7,0.000343299955
134.8,0.000343059828
134.9,0.000342822534
135.0,0.0003425880135
135.1,0.000342356242
135.2,0.0003421271945
135.3,0.000341900791
135.4,0.0003416769865
135.5,0.00034145574
135.6,0.000341236975
135.7,0.0003410206625
135.8,0.0003408066855
135.9,0.000340595011
136.0,0.00034038555
136.1,0.000340178212
136.2,0.0003399729285
136.3,0.000339769619
136.4,0.000339568208
136.5,0.0003393685965
136.6,0.0003391707105
136.7,0.0003389744655
136.8,0.000338779794
136.9,0.0003385865885
137.0,0.0003383947715
137.1,0.0003382042615
137.2,0.000338015005
137.3,0.0003378268995
137.4,0.0003376398845
137.5,0.0003374538525
137.6,0.000337268775
137.7,0.000337084552
137.8,0.0003369011405
137.9,0.000336718476
138.0,0.0003365365195
138.1,0.0003363552445
138.2,0.000336174573
138.3,0.0003359945155
138.4,0.000335814982
138.5,0.0003356359935
138.6,0.000335457507
138.7,0.000335279468
138.8,0.000335101924
138.9,0.0003349248175
139.0,0.000334748192
139.1,0.0003345720255
139.2,0.0003343963455
139.3,0.0003342211485
139.4,0.000334046441
139.5,0.0003338722605
139.6,0.0003336986505
139.7,0.0003335255955
139.8,0.0003333531645
139.9,0.0003331813905
140.0,0.00033301031
140.1,0.000332839962
140.2,0.000332670376
140.3,0.000332501603
140.4,0.0003323337165
140.5,0.000332166753
140.6,0.000332000791
140.7,0.000331835859
140.8,0.0003316720145
140.9,0.000331509353
141.0,0.0003313479
141.1,0.0003311877565
141.2,0.0003310290175
141.3,0.0003308716835
141.4,0.000330715838
141.5,0.00033056156
141.6,0.0003304088565
141.7,0.0003302577905
141.8,0.000330108432
141.9,0.0003299607665
142.0,0.0003298148915
142.1,0.0003296708205
142.2,0.0003295285915
142.3,0.000329388217
142.4,0.0003292496965
142.5,0.0003291130505
142.6,0.0003289783225
142.7,0.0003288454855
142.8,0.000328714556
142.9,0.0003285855935
143.0,0.0003284585835
143.1,0.000328333551
143.2,0.0003282105125
143.3,0.0003280895145
143.4,0.0003279705795
143.5,0.000327853732
143.6,0.000327739018
143.7,0.000327626473
143.8,0.000327516132
143.9,0.000327408072
144.0,0.0003273023495
144.1,0.0003271989775
144.2,0.000327098094
144.3,0.0003269997075
144.4,0.000326903928
144.5,0.000326810777
144.6,0.000326720324
144.7,0.0003266326465
144.8,0.0003265478065
144.9,0.000326465789
145.0,0.0003263866675
145.1,0.00032631046
145.2,0.000326237187
145.3,0.0003261668555
145.4,0.0003260994895
145.5,0.000326035022
145.6,0.000325973488
145.7,0.0003259148555
145.8,0.0003258591665
145.9,0.00032580639
146.0,0.000325756485
146.1,0.0003257094485
146.2,0.0003256653265
146.3,0.0003256240765
146.4,0.0003255857575
146.5,0.0003255503835
146.6,0.0003255179745
146.7,0.000325488636
146.8,0.000325462389
146.9,0.000325439309
147.0,0.0003254194875
147.1,0.000325402995
147.2,0.000325389898
147.3,0.0003253803065
147.4,0.000325374243
147.5,0.0003253718095
147.6,0.000325373072
147.7,0.000325378071
147.8,0.000325386841
147.9,0.00032539941
148.0,0.0003254158015
148.1,0.0003254360365
148.2,0.0003254600845
148.3,0.0003254879975
148.4,0.000325519709
148.5,0.000325555224
148.6,0.00032559449
148.7,0.000325637481
148.8,0.0003256841475
148.9,0.0003257344415
149.0,0.0003257883365
149.1,0.0003258457575
149.2,0.000325906667
149.3,0.000325971024
149.4,0.0003260387565
149.5,0.000326109809
149.6,0.000326184166
149.7,0.000326261736
149.8,0.00032634248
149.9,0.0003264263375
150.0,0.000326513257
150.1,0.0003266031935
150.2,0.0003266961455
150.3,0.0003267920415
150.4,0.00032689083
150.5,0.000326992441
150.6,0.000327096834
150.7,0.0003272039795
150.8,0.0003273138325
150.9,0.000327426348
151.0,0.0003275414465
151.1,0.000327659101
151.2,0.0003277792525
151.3,0.0003279018375
151.4,0.000328026799
151.5,0.0003281540975
151.6,0.000328283681
151.7,0.0003284154955
151.8,0.000328549453
151.9,0.000328685488
152.0,0.0003288235875
152.1,0.0003289636465
152.2,0.0003291055825
152.3,0.000329249331
152.4,0.000329394782
152.5,0.0003295418575
152.6,0.000329690446
152.7,0.000329840476
152.8,0.000329991835
152.9,0.0003301444665
153.0,0.000330298209
153.1,0.000330452996
153.2,0.0003306086885
153.3,0.0003307651815
153.4,0.0003309223775
153.5,0.0003310801305
153.6,0.000331238348
153.7,0.0003313969315
153.8,0.0003315557015
153.9,0.0003317145785
154.0,0.000331873393
154.1,0.0003320320435
154.2,0.0003321904075
154.3,0.000332348338
154.4,0.00033250572
154.5,0.0003326624345
154.6,0.0003328183865
154.7,0.0003329733715
154.8,0.000333127339
154.9,0.000333280167
155.0,0.000333431678
155.1,0.000333581786
155.2,0.00033373036
155.3,0.000333877289
155.4,0.000334022434
155.5,0.0003341657065
155.6,0.000334306999
155.7,0.00033444622
155.8,0.00033458327
155.9,0.000334718072
156.0,0.000334850548
156.1,0.000334980658
156.2,0.0003351083825
156.3,0.0003352336265
156.4,0.0003353563685
156.5,0.000335476613
156.6,0.0003355943525
156.7,0.000335709515
156.8,0.0003358221425
156.9,0.000335932238
157.0,0.000336039836
157.1,0.0003361448815
157.2,0.000336247454
157.3,0.000336347554
157.4,0.0003364452295
157.5,0.0003365405385
157.6,0.000336633484
157.7,0.0003367241905
157.8,0.000336812668
157.9,0.000336898986
158.0,0.000336983249
158.1,0.0003370654525
158.2,0.000337145735
158.3,0.0003372241925
158.4,0.000337300876
158.5,0.0003373758875
158.6,0.000337449347
158.7,0.000337521324
158.8,0.000337591904
158.9,0.0003376611555
159.0,0.000337729153
159.1,0.0003377959865
159.2,0.0003378616765
159.3,0.0003379262755
159.4,0.00033798978
159.5,0.0003380521845
159.6,0.0003381135145
159.7,0.00033817376
159.8,0.0003382328765
159.9,0.0003382907895
160.0,0.0003383474045
160.1,0.0003384026675
160.2,0.00033845642
160.3,0.0003385085765
160.4,0.000338558997
160.5,0.0003386075805
160.6,0.000338654184
160.7,0.000338698743
160.8,0.0003387411655
160.9,0.0003387813825
161.0,0.0003388193805
161.1,0.0003388551455
161.2,0.0003388886615
161.3,0.000338919974
161.4,0.000338949052
161.5,0.0003389759665
161.6,0.000339000749
161.7,0.0003390234625
161.8,0.000339044182
161.9,0.000339062954
162.0,0.0003390797765
162.1,0.0003390947175
162.2,0.000339107816
162.3,0.0003391190885
162.4,0.0003391286205
162.5,0.000339136387
162.6,0.0003391424045
162.7,0.0003391466445
162.8,0.000339149098
162.9,0.000339149775
163.0,0.000339148639
163.1,0.000339145678
163.2,0.0003391408795
163.3,0.000339134169
163.4,0.000339125606
163.5,0.000339115136
163.6,0.00033910275
163.7,0.000339088469
163.8,0.000339072279
163.9,0.0003390542495
164.0,0.0003390343955
164.1,0.0003390127415
164.2,0.000338989372
164.3,0.0003389643375
164.4,0.0003389377125
164.5,0.0003389095855
164.6,0.0003388800695
164.7,0.0003388492475
164.8,0.000338817182
164.9,0.0003387839635
165.0,0.00033874966
165.1,0.0003387143105
165.2,0.000338678075
165.3,0.0003386410345
165.4,0.000338603356
165.5,0.000338565122
165.6,0.000338526423
165.7,0.0003384873845
165.8,0.0003384480375
165.9,0.0003384085075
166.0,0.0003383688535
166.1,0.000338329164
166.2,0.0003382895545
166.3,0.000338250092
166.4,0.0003382108065
166.5,0.0003381718225
166.6,0.000338133193
166.7,0.000338094973
166.8,0.000338057238
166.9,0.0003380199605
167.0,0.0003379831805
167.1,0.0003379469755
167.2,0.0003379113265
167.3,0.000337876282
167.4,0.0003378418485
167.5,0.000337808006
167.6,0.0003377747545
167.7,0.0003377420425
167.8,0.000337709841
167.9,0.000337678158
168.0,0.0003376469375
168.1,0.000337616137
168.2,0.0003375857185
168.3,0.0003375556215
168.4,0.000337525778
168.5,0.000337496135
168.6,0.000337466639
168.7,0.000337437261
168.8,0.0003374079235
168.9,0.000337378525
169.0,0.000337349017
169.1,0.0003373193385
169.2,0.000337289439
169.3,0.0003372591995
169.4,0.0003372285435
169.5,0.0003371974625
169.6,0.000337165852
169.7,0.0003371336495
169.8,0.000337100796
169.9,0.000337067207
170.0,0.000337032829
170.1,0.0003369975975
170.2,0.0003369614605
170.3,0.0003369243835
170.4,0.0003368863145
170.5,0.0003368471815
170.6,0.000336806944
170.7,0.000336765558
170.8,0.000336722981
170.9,0.0003366791865
171.0,0.000336634169
171.1,0.00033658787
171.2,0.000336540238
171.3,0.000336491297
171.4,0.0003364409895
171.5,0.00033638933
171.6,0.0003363362505
171.7,0.0003362817095
171.8,0.0003362257525
171.9,0.0003361683165
172.0,0.000336109347
172.1,0.0003360488225
172.2,0.000335986705
172.3,0.0003359229595
172.4,0.000335857511
172.5,0.000335790324
172.6,0.000335721402
172.7,0.000335650702
172.8,0.0003355782515
172.9,0.0003355039925
173.0,0.000335427909
173.1,0.0003353499815
173.2,0.000335270249
173.3,0.0003351886905
173.4,0.000335105224
173.5,0.0003350198535
173.6,0.0003349325965
173.7,0.0003348433555
173.8,0.000334752151
173.9,0.000334658957
174.0,0.0003345637195
174.1,0.0003344663935
174.2,0.0003343669425
174.3,0.0003342652955
174.4,0.0003341613655
174.5,0.000334055115
174.6,0.0003339465675
174.7,0.000333835611
174.8,0.0003337221975
174.9,0.0003336062415
175.0,0.000333487703
175.1,0.0003333664905
175.2,0.0003332425875
175.3,0.0003331159005
175.4,0.0003329863965
175.5,0.0003328540355
175.6,0.0003327187945
175.7,0.000332580629
175.8,0.000332439536
175.9,0.0003322955075
176.0,0.000332148523
176.1,0.0003319985785
176.2,0.0003318457565
176.3,0.000331690058
176.4,0.000331531453
176.5,0.000331370035
176.6,0.000331205787
176.7,0.0003310387935
176.8,0.000330869088
176.9,0.0003306966515
177.0,0.0003305216005
177.1,0.0003303439515
177.2,0.0003301637105
177.3,0.0003299809485
177.4,0.000329795758
177.5,0.0003296081265
177.6,0.000329418149
177.7,0.0003292258235
177.8,0.000329031197
177.9,0.0003288343255
178.0,0.0003286351985
178.1,0.0003284338295
178.2,0.0003282302795
178.3,0.000328024544
178.4,0.0003278166635
178.5,0.0003276066315
178.6,0.0003273944615
178.7,0.0003271801425
178.8,0.0003269636725
178.9,0.000326745039
179.0,0.000326524285
179.1,0.000326301392
179.2,0.000326076357
179.3,0.0003258491735
179.4,0.0003256198465
179.5,0.00032538838
179.6,0.000325154815
179.7,0.00032491915
179.8,0.000324681436
179.9,0.0003244417105
180.0,0.000324199993
180.1,0.000323956348
180.2,0.000323710825
180.3,0.0003234635075
180.4,0.0003232144685
180.5,0.0003229637755
180.6,0.000322711506
180.7,0.0003224577615
180.8,0.000322202647
180.9,0.0003219461855
181.0,0.000321688513
181.1,0.000321429728
181.2,0.0003211699355
181.3,0.000320909219
181.4,0.000320647671
181.5,0.000320385417
181.6,0.0003201225785
181.7,0.0003198592275
181.8,0.000319595489
181.9,0.0003193314185
182.0,0.00031906719
182.1,0.0003188028335
182.2,0.0003185384965
182.3,0.0003182742435
182.4,0.0003180102305
182.5,0.0003177464705
182.6,0.0003174830555
182.7,0.0003172201185
182.8,0.0003169577125
182.9,0.0003166959175
183.0,0.000316434815
183.1,0.000316174469
183.2,0.0003159149965
183.3,0.000315656452
183.4,0.000315398862
183.5,0.00031514232
183.6,0.000314886893
183.7,0.0003146326025
183.8,0.000314379505
183.9,0.000314127673
184.0,0.0003138771
184.1,0.000313627884
184.2,0.0003133800105
184.3,0.0003131335485
184.4,0.0003128885145
184.5,0.0003126449305
184.6,0.0003124027915
184.7,0.0003121621045
184.8,0.000311922913
184.9,0.0003116852255
185.0,0.000311449067
185.1,0.000311214399
185.2,0.0003109811855
185.3,0.000310749474
185.4,0.0003105192185
185.5,0.000310290416
185.6,0.000310063017
185.7,0.0003098370405
185.8,0.00030961245
185.9,0.00030938921
186.0,0.000309167299
186.1,0.000308946655
186.2,0.0003087272745
186.3,0.0003085091105
186.4,0.000308292158
186.5,0.0003080763395
186.6,0.0003078616585
186.7,0.000307648038
186.8,0.000307435491
186.9,0.0003072239825
187.0,0.0003070134785
187.1,0.0003068039565
187.2,0.0003065954315
187.3,0.0003063878225
187.4,0.000306181146
187.5,0.000305975326
187.6,0.0003057704045
187.7,0.000305566304
187.8,0.0003053630405
187.9,0.0003051605975
188.0,0.000304958918
188.1,0.000304758
188.2,0.000304557855
188.3,0.0003043583695
188.4,0.0003041595815
188.5,0.0003039614455
188.6,0.0003037639015
188.7,0.000303566912
188.8,0.000303370502
188.9,0.0003031745415
189.0,0.0003029790565
189.1,0.000302783965
189.2,0.000302589232
189.3,0.000302394768
189.4,0.0003022005465
189.5,0.0003020065095
189.6,0.0003018125935
189.7,0.0003016187675
189.8,0.000301424921
189.9,0.0003012310385
190.0,0.000301037039
190.1,0.0003008428965
190.2,0.0003006485615
190.3,0.0003004540165
190.4,0.0003002592725
190.5,0.000300064315
190.6,0.0002998691365
190.7,0.0002996737495
190.8,0.000299478168
190.9,0.000299282444
191.0,0.0002990866325
191.1,0.0002988907575
191.2,0.000298694865
191.3,0.0002984989825
191.4,0.000298303173
191.5,0.000298107487
191.6,0.000297911985
191.7,0.000297716745
191.8,0.000297521842
191.9,0.000297327287
192.0,0.000297133182
192.1,0.00029693959
192.2,0.000296746593
192.3,0.0002965542455
192.4,0.0002963626215
192.5,0.000296171763
192.6,0.0002959817585
192.7,0.0002957927105
192.8,0.000295604701
192.9,0.000295417806
193.0,0.0002952321015
193.1,0.000295047685
193.2,0.000294864651
193.3,0.000294683135
193.4,0.0002945032135
193.5,0.0002943250575
193.6,0.0002941487265
193.7,0.000293974385
193.8,0.0002938021465
193.9,0.0002936321415
194.0,0.0002934645375
194.1,0.000293299509
194.2,0.000293137146
194.3,0.000292977644
194.4,0.0002928211525
194.5,0.0002926677915
194.6,0.0002925177535
194.7,0.000292371104
194.8,0.000292228038
194.9,0.0002920886335
195.0,0.000291952983
195.1,0.0002918211965
195.2,0.000291693286
195.3,0.000291569264
195.4,0.0002914491095
195.5,0.0002913327555
195.6,0.0002912201115
195.7,0.000291110977
195.8,0.0002910051025
195.9,0.0002909021925
196.0,0.000290801812
196.1,0.0002907034845
196.2,0.00029060666
196.3,0.000290510697
196.4,0.000290414918
196.5,0.000290318528
196.6,0.0002902208105
196.7,0.000290120949
196.8,0.000290018171
196.9,0.000289911675
197.0,0.000289800763
197.1,0.000289684825
197.2,0.0002895632675
197.3,0.0002894356345
197.4,0.0002893015355
197.5,0.000289160686
197.6,0.0002890129505
197.7,0.000288858225
197.8,0.000288696472
197.9,0.0002885278235
198.0,0.000288352369
198.1,0.0002881703365
198.2,0.0002879819845
198.3,0.000287787576
198.4,0.000287587407
198.5,0.0002873817945
198.6,0.000287171091
198.7,0.0002869556795
198.8,0.00028673591
198.9,0.0002865121055
199.0,0.0002862845935
199.1,0.000286053714
199.2,0.000285819777
199.3,0.000285583063
199.4,0.0002853438795
199.5,0.0002851025065
199.6,0.000284859175
199.7,0.000284614115
199.8,0.0002843675965
199.9,0.0002841197815
200.0,0.000283870865
200.1,0.0002836210305
200.2,0.0002833704715
200.3,0.0002831193425
200.4,0.000282867785
200.5,0.000282615962
200.6,0.0002823640145
200.7,0.000282112057
200.8,0.000281860193
200.9,0.000281608536
201.0,0.0002813572355
201.1,0.000281106389
201.2,0.000280856127
201.3,0.000280606575
201.4,0.0002803578455
201.5,0.000280110068
201.6,0.000279863318
201.7,0.0002796177375
201.8,0.000279373418
201.9,0.000279130477
202.0,0.000278889001
202.1,0.0002786491275
202.2,0.0002784109145
202.3,0.0002781744665
202.4,0.000277939924
202.5,0.000277707346
202.6,0.0002774768275
202.7,0.0002772484785
202.8,0.0002770223325
202.9,0.0002767985105
203.0,0.000276577073
203.1,0.0002763580955
203.2,0.000276141584
203.3,0.000275927671
203.4,0.0002757163565
203.5,0.000275507714
203.6,0.0002753017615
203.7,0.000275098514
203.8,0.0002748980345
203.9,0.0002747003025
204.0,0.0002745053605
204.1,0.0002743131795
204.2,0.000274123762
204.3,0.000273937068
204.4,0.0002737530865
204.5,0.000273571754
204.6,0.000273393069
204.7,0.0002732169705
204.8,0.000273043399
204.9,0.0002728722685
205.0,0.000272703499
205.1,0.000272537034
205.2,0.0002723727805
205.3,0.000272210651
205.4,0.000272050529
205.5,0.0002718923075
205.6,0.0002717358905
205.7,0.000271581178
205.8,0.000271428063
205.9,0.000271276437
206.0,0.000271126155
206.1,0.0002709771485
206.2,0.00027082929
206.3,0.0002706825035
206.4,0.0002705366585
206.5,0.000270391692
206.6,0.000270247517
206.7,0.0002701040565
206.8,0.0002699612545
206.9,0.0002698190905
207.0,0.0002696774705
207.1,0.0002695363665
207.2,0.000269395764
207.3,0.00026925563
207.4,0.000269115974
207.5,0.0002689767675
207.6,0.000268838033
207.7,0.000268699793
207.8,0.0002685620025
207.9,0.000268424751
208.0,0.0002682880105
208.1,0.000268151801
208.2,0.000268016183
208.3,0.000267881187
208.4,0.0002677468765
208.5,0.0002676132425
208.6,0.000267480338
208.7,0.000267348174
208.8,0.0002672167935
208.9,0.000267086203
209.0,0.0002669564435
209.1,0.0002668275265
209.2,0.0002666995075
209.3,0.000266572399
209.4,0.000266446252
209.5,0.0002663211065
209.6,0.0002661970235
209.7,0.0002660740635
209.8,0.0002659522335
209.9,0.0002658316125
210.0,0.0002657121965
210.1,0.0002655940835
210.2,0.000265477283
210.3,0.000265361874
210.4,0.000265247868
210.5,0.0002651353215
210.6,0.000265024263
210.7,0.000264914754
210.8,0.000264806873
210.9,0.0002647006365
211.0,0.0002645961055
211.1,0.0002644933015
211.2,0.0002643922775
211.3,0.000264293138
211.4,0.00026419588
211.5,0.0002641005735
211.6,0.0002640072635
211.7,0.0002639160025
211.8,0.0002638268505
211.9,0.0002637398505
212.0,0.0002636550195
212.1,0.0002635724365
212.2,0.000263492089
212.3,0.000263414082
212.4,0.000263338389
212.5,0.000263265081
212.6,0.0002631941855
212.7,0.000263125721
212.8,0.00026305972
212.9,0.000262996169
213.0,0.000262935141
213.1,0.000262876615
213.2,0.0002628206265
213.3,0.0002627671715
213.4,0.0002627163075
213.5,0.000262668019
213.6,0.0002626222625
213.7,0.000262579058
213.8,0.000262538394
213.9,0.000262500234
214.0,0.0002624645895
214.1,0.000262431388
214.2,0.0002624005985
214.3,0.0002623721545
214.4,0.0002623460065
214.5,0.000262322158
214.6,0.0002623004705
214.7,0.000262280878
214.8,0.000262263316
214.9,0.000262247682
215.0,0.0002622339085
215.1,0.0002622218735
215.2,0.000262211476
215.3,0.000262202648
215.4,0.000262195226
215.5,0.0002621891295
215.6,0.000262184254
215.7,0.000262180468
215.8,0.000262177611
215.9,0.000262175592
216.0,0.000262174237
216.1,0.0002621734495
216.2,0.0002621731205
216.3,0.000262173118
216.4,0.000262173332
216.5,0.0002621736895
216.6,0.0002621740775
216.7,0.0002621744475
216.8,0.0002621747
216.9,0.0002621748165
217.0,0.000262174769
217.1,0.0002621744995
217.2,0.0002621740095
217.3,0.0002621732965
217.4,0.000262172412
217.5,0.000262171403
217.6,0.000262170248
217.7,0.000262169041
217.8,0.000262167818
217.9,0.000262166632
218.0,0.000262165577
218.1,0.000262164685
218.2,0.000262164062
218.3,0.000262163814
218.4,0.0002621640055
218.5,0.000262164724
218.6,0.0002621660745
218.7,0.0002621680935
218.8,0.000262170901
218.9,0.000262174582
219.0,0.000262179175
219.1,0.0002621847885
219.2,0.000262191482
219.3,0.0002621992635
219.4,0.0002622082235
219.5,0.0002622183865
219.6,0.0002622298185
219.7,0.000262242487
219.8,0.000262256416
219.9,0.000262271581
220.0,0.0002622879815
220.1,0.000262305543
220.2,0.0002623242755
220.3,0.0002623440605
220.4,0.000262364842
220.5,0.00026238652
220.6,0.000262408944
220.7,0.000262432075
220.8,0.000262455721
220.9,0.0002624797975
221.0,0.0002625041175
221.1,0.000262528574
221.2,0.000262552961
221.3,0.0002625771915
221.4,0.0002626010895
221.5,0.000262624526
221.6,0.0002626473985
221.7,0.0002626695365
221.8,0.000262690879
221.9,0.000262711343
222.0,0.000262730771
222.1,0.000262749187
222.2,0.000262766487
222.3,0.0002627826635
222.4,0.0002627976615
222.5,0.0002628115195
222.6,0.0002628242245
222.7,0.000262835816
222.8,0.00026284632
222.9,0.000262855789
223.0,0.000262864332
223.1,0.000262872008
223.2,0.0002628789445
223.3,0.0002628852325
223.4,0.000262891003
223.5,0.000262896376
223.6,0.000262901531
223.7,0.000262906583
223.8,0.000262911671
223.9,0.000262916981
224.0,0.0002629226905
224.1,0.000262928929
224.2,0.000262935933
224.3,0.000262943831
224.4,0.000262952862
224.5,0.0002629631685
224.6,0.000262974931
224.7,0.0002629883565
224.8,0.0002630036195
224.9,0.000263020909
225.0,0.00026304043
225.1,0.000263062327
225.2,0.000263086818
225.3,0.00026311402
225.4,0.000263144165
225.5,0.000263177379
225.6,0.0002632138255
225.7,0.0002632537135
225.8,0.000263297156
225.9,0.0002633442735
226.0,0.000263395222
226.1,0.000263450103
226.2,0.0002635090075
226.3,0.000263572036
226.4,0.0002636391695
226.5,0.0002637104585
226.6,0.0002637859305
226.7,0.00026386552
226.8,0.000263949162
226.9,0.0002640366765
227.0,0.000264127909
227.1,0.0002642226745
227.2,0.000264320675
227.3,0.0002644216825
227.4,0.0002645253895
227.5,0.0002646315095
227.6,0.0002647397905
227.7,0.000264849974
227.8,0.000264961837
227.9,0.0002650751285
228.0,0.0002651897345
228.1,0.0002653054475
228.2,0.000265422166
228.3,0.00026553976
228.4,0.0002656581805
228.5,0.000265777328
228.6,0.0002658970685
228.7,0.0002660174275
228.8,0.000266138343
228.9,0.000266259763
229.0,0.000266381648
229.1,0.0002665039495
229.2,0.0002666266675
229.3,0.0002667497745
229.4,0.0002668731725
229.5,0.000266996916
229.6,0.0002671209255
229.7,0.0002672451635
229.8,0.000267369565
229.9,0.000267494103
230.0,0.0002676187205
230.1,0.0002677433525
230.2,0.00026786798
230.3,0.0002679925385
230.4,0.0002681169235
230.5,0.0002682410855
230.6,0.0002683648965
230.7,0.0002684882865
230.8,0.0002686111305
230.9,0.0002687333535
231.0,0.000268854826
231.1,0.0002689754945
231.2,0.000269095246
231.3,0.000269213987
231.4,0.0002693316395
231.5,0.0002694481815
231.6,0.000269563523
231.7,0.000269677596
231.8,0.000269790307
231.9,0.000269901629
232.0,0.000270011499
232.1,0.0002701198775
232.2,0.0002702267145
232.3,0.0002703319255
232.4,0.0002704355075
232.5,0.0002705374275
232.6,0.0002706376435
232.7,0.0002707361295
232.8,0.0002708329095
232.9,0.0002709279595
233.0,0.000271021334
233.1,0.000271113037
233.2,0.000271203061
233.3,0.0002712914675
233.4,0.0002713782575
233.5,0.0002714634735
233.6,0.000271547134
233.7,0.000271629312
233.8,0.0002717100555
233.9,0.000271789426
234.0,0.000271867458
234.1,0.000271944238
234.2,0.0002720197645
234.3,0.0002720941165
234.4,0.000272167308
234.5,0.000272239386
234.6,0.000272310412
234.7,0.000272380433
234.8,0.0002724494775
234.9,0.0002725176155
235.0,0.0002725848305
235.1,0.0002726511775
235.2,0.000272716736
235.3,0.000272781481
235.4,0.0002728455
235.5,0.000272908822
235.6,0.0002729714875
235.7,0.000273033529
235.8,0.0002730949425
235.9,0.0002731557985
236.0,0.000273216144
236.1,0.0002732759975
236.2,0.000273335378
236.3,0.0002733943195
236.4,0.0002734528775
236.5,0.000273511107
236.6,0.0002735690215
236.7,0.000273626631
236.8,0.0002736839605
236.9,0.000273741059
237.0,0.000273797926
237.1,0.0002738545875
237.2,0.0002739110545
237.3,0.000273967378
237.4,0.0002740235205
237.5,0.0002740795455
237.6,0.0002741354785
237.7,0.00027419125
237.8,0.000274246972
237.9,0.000274302607
238.0,0.0002743581195
238.1,0.0002744135325
238.2,0.0002744688305
238.3,0.0002745240615
238.4,0.0002745791665
238.5,0.0002746341555
238.6,0.000274689008
238.7,0.0002747437415
238.8,0.0002747982675
238.9,0.0002748526045
239.0,0.000274906734
239.1,0.000274960636
239.2,0.0002750142345
239.3,0.000275067533
239.4,0.000275120512
239.5,0.0002751731355
239.6,0.000275225353
239.7,0.0002752771465
239.8,0.0002753284975
239.9,0.00027537931
240.0,0.000275429565
240.1,0.0002754792115
240.2,0.000275528234
240.3,0.0002755765955
240.4,0.000275624219
240.5,0.0002756710665
240.6,0.000275717115
240.7,0.0002757622925
240.8,0.0002758065765
240.9,0.0002758499235
241.0,0.000275892312
241.1,0.0002759336865
241.2,0.0002759740165
241.3,0.0002760132835
241.4,0.0002760514085
241.5,0.000276088388
241.6,0.000276124218
241.7,0.000276158822
241.8,0.0002761921765
241.9,0.000276224323
242.0,0.000276255154
242.1,0.000276284664
242.2,0.000276312833
242.3,0.0002763396345
242.4,0.0002763650635
242.5,0.0002763890885
242.6,0.000276411681
242.7,0.0002764328145
242.8,0.0002764524755
242.9,0.0002764706715
243.0,0.00027648737
243.1,0.0002765025625
243.2,0.000276516219
243.3,0.0002765283275
243.4,0.0002765389165
243.5,0.000276547921
243.6,0.0002765553875
243.7,0.0002765612265
243.8,0.000276565455
243.9,0.000276568071
244.0,0.0002765690785
244.1,0.000276568461
244.2,0.0002765661685
244.3,0.0002765622245
244.4,0.000276556534
244.5,0.0002765491275
244.6,0.0002765400375
244.7,0.0002765291945
244.8,0.000276516564
244.9,0.0002765021485
245.0,0.000276485915
245.1,0.000276467838
245.2,0.000276447958
245.3,0.000276426199
245.4,0.0002764025625
245.5,0.000276377021
245.6,0.0002763495685
245.7,0.0002763201835
245.8,0.0002762888675
245.9,0.000276255618
246.0,0.000276220438
246.1,0.000276183298
246.2,0.0002761442165
246.3,0.000276103196
246.4,0.0002760602025
246.5,0.0002760152875
246.6,0.0002759684155
246.7,0.000275919624
246.8,0.0002758689265
246.9,0.000275816291
247.0,0.000275761797
247.1,0.0002757054185
247.2,0.000275647217
247.3,0.0002755871555
247.4,0.000275525251
247.5,0.000275461552
247.6,0.0002753960445
247.7,0.0002753287035
247.8,0.000275259601
247.9,0.0002751887675
248.0,0.0002751162285
248.1,0.000275041982
248.2,0.0002749659955
248.3,0.0002748883765
248.4,0.0002748090715
248.5,0.000274728138
248.6,0.0002746455955
248.7,0.0002745614465
248.8,0.0002744756955
248.9,0.0002743883695
249.0,0.000274299494
249.1,0.0002742091215
249.2,0.0002741172275
249.3,0.0002740238285
249.4,0.0002739289305
249.5,0.000273832604
249.6,0.0002737348405
249.7,0.0002736356485
249.8,0.0002735350965
249.9,0.000273433174
250.0,0.0002733298775
250.1,0.0002732252535
250.2,0.000273119318
250.3,0.000273012128
250.4,0.000272903701
250.5,0.000272794009
250.6,0.000272683127
250.7,0.0002725710635
250.8,0.0002724578435
250.9,0.000272343481
251.0,0.0002722280425
251.1,0.0002721114755
251.2,0.000271993893
251.3,0.0002718752905
251.4,0.000271755714
251.5,0.00027163517
251.6,0.000271513709
251.7,0.000271391297
251.8,0.0002712680435
251.9,0.000271143947
252.0,0.000271019074
252.1,0.0002708934405
252.2,0.000270767085
252.3,0.000270640039
252.4,0.0002705123305
252.5,0.000270383966
252.6,0.000270254994
252.7,0.0002701254665
252.8,0.0002699953435
252.9,0.0002698647465
253.0,0.000269733697
253.1,0.000269602171
253.2,0.0002694702515
253.3,0.0002693379165
253.4,0.00026920524
253.5,0.000269072224
253.6,0.000268938942
253.7,0.0002688053505
253.8,0.000268671526
253.9,0.000268537464
254.0,0.000268403224
254.1,0.000268268856
254.2,0.0002681343345
254.3,0.000267999689
254.4,0.000267864989
254.5,0.0002677302035
254.6,0.000267595409
254.7,0.0002674605845
254.8,0.000267325738
254.9,0.000267190943
255.0,0.000267056201
255.1,0.0002669215275
255.2,0.000266786938
255.3,0.000266652468
255.4,0.00026651815
255.5,0.000266384013
255.6,0.0002662500705
255.7,0.0002661163675
255.8,0.000265982899
255.9,0.000265849701
256.0,0.00026571682
256.1,0.0002655842925
256.2,0.000265452106
256.3,0.0002653202985
256.4,0.000265188924
256.5,0.0002650580275
256.6,0.000264927593
256.7,0.0002647976505
256.8,0.0002646682685
256.9,0.00026453951
257.0,0.0002644113255
257.1,0.000264283804
257.2,0.0002641569515
257.3,0.0002640308135
257.4,0.0002639053835
257.5,0.000263780755
257.6,0.000263656913
257.7,0.0002635339165
257.8,0.0002634117805
257.9,0.0002632905345
258.0,0.0002631702275
258.1,0.000263050865
258.2,0.0002629324935
258.3,0.0002628151315
258.4,0.000262698779
258.5,0.0002625834605
258.6,0.0002624692255
258.7,0.0002623561105
258.8,0.0002622440965
258.9,0.0002621332435
259.0,0.0002620235365
259.1,0.0002619150205
259.2,0.0002618076915
259.3,0.000261701595
259.4,0.0002615966915
259.5,0.000261493062
259.6,0.000261390701
259.7,0.0002612896245
259.8,0.0002611898275
259.9,0.0002610913385
260.0,0.0002609941935
260.1,0.000260898326
260.2,0.0002608038355
260.3,0.0002607106915
260.4,0.000260618881
260.5,0.0002605284505
260.6,0.0002604393915
260.7,0.000260351679
260.8,0.0002602653245
260.9,0.000260180365
261.0,0.0002600967465
261.1,0.00026001452
261.2,0.000259933654
261.3,0.0002598541665
261.4,0.0002597759925
261.5,0.0002596992245
261.6,0.000259623807
261.7,0.000259549735
261.8,0.000259477022
261.9,0.0002594056535
262.0,0.0002593356155
262.1,0.0002592668855
262.2,0.0002591994265
262.3,0.000259133244
262.4,0.0002590683665
262.5,0.0002590047295
262.6,0.00025894232
262.7,0.000258881142
262.8,0.000258821153
262.9,0.000258762352
263.0,0.000258704665
263.1,0.00025864814
263.2,0.000258592692
263.3,0.0002585382925
263.4,0.000258484927
263.5,0.0002584325855
263.6,0.0002583811935
263.7,0.0002583307675
263.8,0.000258281228
263.9,0.00025823255
264.0,0.000258184707
264.1,0.00025813759
264.2,0.0002580911645
264.3,0.0002580454175
264.4,0.000258000236
264.5,0.000257955569
264.6,0.000257911307
264.7,0.0002578674205
264.8,0.0002578238055
264.9,0.0002577804385
265.0,0.0002577371975
265.1,0.0002576940245
265.2,0.000257650833
265.3,0.000257607533
265.4,0.000257564047
265.5,0.0002575203125
265.6,0.000257476288
265.7,0.000257431924
265.8,0.000257387153
265.9,0.000257342019
266.0,0.000257296419
266.1,0.0002572503425
266.2,0.0002572038385
266.3,0.0002571568695
266.4,0.0002571095
266.5,0.0002570616855
266.6,0.000257013441
266.7,0.0002569648145
266.8,0.0002569158195
266.9,0.0002568664645
267.0,0.0002568167935
267.1,0.0002567668235
267.2,0.0002567165795
267.3,0.0002566660565
267.4,0.000256615286
267.5,0.000256564291
267.6,0.000256513129
267.7,0.0002564617585
267.8,0.0002564101605
267.9,0.0002563584335
268.0,0.000256306538
268.1,0.000256254507
268.2,0.0002562023505
268.3,0.0002561500595
268.4,0.0002560976605
268.5,0.000256045112
268.6,0.000255992475
268.7,0.000255939754
268.8,0.000255886962
268.9,0.0002558340505
269.0,0.000255781071
269.1,0.00025572804
269.2,0.0002556749835
269.3,0.000255621884
269.4,0.000255568779
269.5,0.000255515656
269.6,0.0002554625055
269.7,0.000255409394
269.8,0.000255356315
269.9,0.0002553032545
270.0,0.000255250261
270.1,0.000255197281
270.2,0.0002551443615
270.3,0.000255091491
270.4,0.000255038689
270.5,0.0002549859435
270.6,0.0002549333295
270.7,0.0002548807535
270.8,0.000254828264
270.9,0.0002547758295
271.0,0.000254723411
271.1,0.0002546709775
271.2,0.000254618516
271.3,0.000254565899
271.4,0.0002545130515
271.5,0.0002544599185
271.6,0.000254406354
271.7,0.000254352281
271.8,0.0002542975395
271.9,0.000254242012
272.0,0.0002541855645
272.1,0.0002541279465
272.2,0.000254068976
272.3,0.000254008546
272.4,0.000253946376
272.5,0.0002538823215
272.6,0.0002538161065
272.7,0.0002537475935
272.8,0.000253676616
272.9,0.000253602954
273.0,0.000253526456
273.1,0.000253446986
273.2,0.000253364393
273.3,0.000253278545
273.4,0.000253189309
273.5,0.0002530966135
273.6,0.0002530003465
273.7,0.0002529004715
273.8,0.000252796962
273.9,0.0002526897845
274.0,0.0002525789855
274.1,0.0002524644955
274.2,0.0002523463785
274.3,0.0002522246375
274.4,0.0002520993485
274.5,0.000251970519
274.6,0.0002518382415
274.7,0.000251702581
274.8,0.0002515636235
274.9,0.000251421443
275.0,0.00025127615
275.1,0.000251127814
275.2,0.0002509765395
275.3,0.000250822443
275.4,0.000250665597
275.5,0.0002505061775
275.6,0.000250344261
275.7,0.0002501799375
275.8,0.0002500133745
275.9,0.000249844646
276.0,0.0002496738845
276.1,0.0002495011885
276.2,0.0002493266745
276.3,0.000249150448
276.4,0.000248972604
276.5,0.0002487932375
276.6,0.0002486124675
276.7,0.0002484304025
276.8,0.00024824712
276.9,0.0002480626965
277.0,0.0002478772275
277.1,0.000247690832
277.2,0.0002475035575
277.3,0.000247315472
277.4,0.000247126702
277.5,0.0002469372675
277.6,0.000246747283
277.7,0.000246556808
277.8,0.0002463659275
277.9,0.0002461746905
278.0,0.000245983195
278.1,0.000245791492
278.2,0.0002455996325
278.3,0.000245407691
278.4,0.000245215749
278.5,0.0002450238295
278.6,0.0002448320225
278.7,0.000244640363
278.8,0.000244448928
278.9,0.000244257747
279.0,0.0002440668675
279.1,0.000243876354
279.2,0.0002436862915
279.3,0.000243496676
279.4,0.000243307563
279.5,0.00024311905
279.6,0.000242931145
279.7,0.000242743883
279.8,0.0002425573475
279.9,0.00024237151
280.0,0.000242186466
280.1,0.0002420022435
280.2,0.0002418188765
280.3,0.0002416364305
280.4,0.0002414549465
280.5,0.000241274471
280.6,0.0002410949975
280.7,0.000240916593
280.8,0.0002407393005
280.9,0.000240563155
281.0,0.0002403882305
281.1,0.0002402145125
281.2,0.000240042009
281.3,0.000239870791
281.4,0.0002397008975
281.5,0.0002395323555
281.6,0.000239365193
281.7,0.0002391994125
281.8,0.000239035096
281.9,0.0002388722645
282.0,0.0002387109795
282.1,0.0002385511905
282.2,0.0002383929635
282.3,0.000238236411
282.4,0.0002380814615
282.5,0.0002379281835
282.6,0.0002377766245
282.7,0.0002376268235
282.8,0.0002374788265
282.9,0.0002373326445
283.0,0.000237188319
283.1,0.0002370459165
283.2,0.000236905465
283.3,0.0002367670235
283.4,0.0002366305895
283.5,0.0002364962255
283.6,0.0002363640005
283.7,0.0002362339485
283.8,0.0002361060995
283.9,0.000235980532
284.0,0.000235857275
284.1,0.000235736355
284.2,0.0002356178775
284.3,0.0002355018345
284.4,0.0002353882795
284.5,0.0002352772615
284.6,0.000235168812
284.7,0.000235062958
284.8,0.0002349597955
284.9,0.0002348592715
285.0,0.000234761434
285.1,0.0002346663535
285.2,0.0002345739915
285.3,0.000234484384
285.4,0.0002343975255
285.5,0.000234313411
285.6,0.000234232024
285.7,0.000234153362
285.8,0.000234077333
285.9,0.0002340038805
286.0,0.0002339329015
286.1,0.0002338643145
286.2,0.0002337979965
286.3,0.000233733731
286.4,0.000233671391
286.5,0.0002336107285
286.6,0.000233551603
286.7,0.000233493767
286.8,0.0002334369765
286.9,0.000233381047
287.0,0.0002333257035
287.1,0.0002332707125
287.2,0.0002332158975
287.3,0.0002331610935
287.4,0.0002331060655
287.5,0.0002330507235
287.6,0.0002329948835
287.7,0.0002329385395
287.8,0.0002328816165
287.9,0.000232824077
288.0,0.0002327658975
288.1,0.0002327071095
288.2,0.000232647744
288.3,0.0002325878585
288.4,0.000232527504
288.5,0.0002324667835
288.6,0.000232405772
288.7,0.0002323445545
288.8,0.0002322832645
288.9,0.0002322220015
289.0,0.0002321609125
289.1,0.000232100099
289.2,0.000232039622
289.3,0.000231979643
289.4,0.0002319202455
289.5,0.0002318615655
289.6,0.0002318036895
289.7,0.000231746707
289.8,0.000231690716
289.9,0.000231635762
290.0,0.0002315819755
290.1,0.000231529412
290.2,0.000231478179
290.3,0.0002314282955
290.4,0.00023137984
290.5,0.000231332861
290.6,0.0002312874135
290.7,0.0002312434935
290.8,0.000231201162
290.9,0.0002311604505
291.0,0.0002311213545
291.1,0.0002310839225
291.2,0.0002310481495
291.3,0.000231014071
291.4,0.0002309816685
291.5,0.000230950979
291.6,0.0002309219815
291.7,0.00023089468
291.8,0.0002308691075
291.9,0.00023084522
292.0,0.0002308230195
292.1,0.0002308024515
292.2,0.000230783533
292.3,0.000230766206
292.4,0.000230750455
292.5,0.000230736207
292.6,0.0002307234515
292.7,0.000230712124
292.8,0.0002307021775
292.9,0.00023069354
293.0,0.000230686167
293.1,0.000230680007
293.2,0.0002306750005
293.3,0.0002306710605
293.4,0.000230668186
293.5,0.000230666302
293.6,0.0002306653385
293.7,0.000230665276
293.8,0.000230666065
293.9,0.000230667683
294.0,0.0002306700455
294.1,0.000230673109
294.2,0.000230676903
294.3,0.0002306813775
294.4,0.000230686504
294.5,0.0002306922205
294.6,0.000230698494
294.7,0.00023070528
294.8,0.0002307125795
294.9,0.0002307203185
295.0,0.0002307284685
295.1,0.0002307369555
295.2,0.000230745777
295.3,0.00023075488
295.4,0.0002307642095
295.5,0.0002307737835
295.6,0.0002307835275
295.7,0.0002307934575
295.8,0.000230803552
295.9,0.000230813806
296.0,0.0002308241635
296.1,0.000230834658
296.2,0.000230845286
296.3,0.0002308560585
296.4,0.00023086695
296.5,0.0002308779905
296.6,0.0002308891705
296.7,0.0002309004975
296.8,0.000230911929
296.9,0.0002309235105
297.0,0.000230935202
297.1,0.0002309469645
297.2,0.000230958779
297.3,0.00023097061
297.4,0.000230982497
297.5,0.000230994329
297.6,0.000231006118
297.7,0.0002310178575
297.8,0.000231029477
297.9,0.0002310409775
298.0,0.000231052345
298.1,0.0002310635735
298.2,0.000231074632
298.3,0.000231085517
298.4,0.00023109622
298.5,0.0002311067485
298.6,0.0002311170175
298.7,0.0002311270955
298.8,0.00023113694
298.9,0.000231146553
299.0,0.000231155932
299.1,0.0002311651305
299.2,0.0002311740745
299.3,0.000231182817
299.4,0.000231191396
299.5,0.000231199804
299.6,0.0002312080895
299.7,0.0002312162205
299.8,0.0002312243115
299.9,0.000231232323
300.0,0.0002312402765
300.1,0.0002312482295
300.2,0.0002312562045
300.3,0.0002312642105
300.4,0.0002312722605
300.5,0.000231280374
300.6,0.000231288555
300.7,0.000231296806
300.8,0.0002313051675
300.9,0.0002313136345
301.0,0.0002313222365
301.1,0.0002313309505
301.2,0.0002313397675
301.3,0.000231348712
301.4,0.0002313577855
301.5,0.0002313669705
301.6,0.0002313762275
301.7,0.0002313856395
301.8,0.0002313951175
301.9,0.000231404676
302.0,0.0002314143125
302.1,0.0002314240365
302.2,0.0002314337925
302.3,0.000231443621
302.4,0.000231453451
302.5,0.0002314633405
302.6,0.000231473219
302.7,0.0002314831205
302.8,0.000231493016
302.9,0.0002315028195
303.0,0.0002315126025
303.1,0.000231522354
303.2,0.0002315320355
303.3,0.000231541623
303.4,0.000231551087
303.5,0.000231560405
303.6,0.000231569589
303.7,0.0002315786365
303.8,0.0002315874735
303.9,0.000231596099
304.0,0.0002316044235
304.1,0.000231612506
304.2,0.000231620293
304.3,0.000231627767
304.4,0.0002316348885
304.5,0.0002316416365
304.6,0.0002316480055
304.7,0.000231654016
304.8,0.000231659582
304.9,0.000231664685
305.0,0.0002316693085
305.1,0.0002316734265
305.2,0.000231677048
305.3,0.000231680104
305.4,0.0002316825995
305.5,0.0002316844765
305.6,0.0002316857675
305.7,0.000231686475
305.8,0.000231686559
305.9,0.000231686044
306.0,0.00023168487
306.1,0.000231683049
306.2,0.000231680577
306.3,0.000231677437
306.4,0.0002316736465
306.5,0.000231669149
306.6,0.0002316639815
306.7,0.000231658144
306.8,0.0002316516365
306.9,0.000231644496
307.0,0.000231636654
307.1,0.0002316281245
307.2,0.0002316189775
307.3,0.0002316091395
307.4,0.0002315986535
307.5,0.0002315874965
307.6,0.000231575745
307.7,0.000231563354
307.8,0.000231550313
307.9,0.0002315366425
308.0,0.000231522386
308.1,0.000231507475
308.2,0.000231491939
308.3,0.0002314757685
308.4,0.0002314590355
308.5,0.000231441719
308.6,0.0002314237935
308.7,0.000231405329
308.8,0.0002313862795
308.9,0.0002313666575
309.0,0.0002313465175
309.1,0.0002313257995
309.2,0.0002313045275
309.3,0.0002312827495
309.4,0.0002312604615
309.5,0.0002312376455
309.6,0.0002312143635
309.7,0.000231190551
309.8,0.0002311662495
309.9,0.000231141433
310.0,0.000231116228
310.1,0.000231090557
310.2,0.000231064488
310.3,0.0002310379745
310.4,0.000231011016
310.5,0.0002309836865
310.6,0.0002309559535
310.7,0.000230927892
310.8,0.000230899448
310.9,0.000230870681
311.0,0.0002308416055
311.1,0.0002308122515
311.2,0.000230782589
311.3,0.0002307526475
311.4,0.0002307224505
311.5,0.00023069207
311.6,0.000230661454
311.7,0.0002306306585
311.8,0.000230599727
311.9,0.000230568685
312.0,0.000230537574
312.1,0.0002305063655
312.2,0.000230475156
312.3,0.0002304439615
312.4,0.0002304128185
312.5,0.0002303817715
312.6,0.000230350894
312.7,0.000230320186
312.8,0.0002302897155
312.9,0.0002302595265
313.0,0.000230229659
313.1,0.000230200188
313.2,0.0002301711755
313.3,0.0002301426495
313.4,0.000230114722
313.5,0.00023008742
313.6,0.000230060817
313.7,0.0002300349565
313.8,0.0002300099195
313.9,0.0002299858015
314.0,0.0002299627145
314.1,0.000229940652
314.2,0.0002299197015
314.3,0.000229900003
314.4,0.0002298816075
314.5,0.000229864589
314.6,0.0002298490565
314.7,0.0002298350595
314.8,0.0002298227615
314.9,0.000229812213
315.0,0.0002298035285
315.1,0.0002297967415
315.2,0.000229791992
315.3,0.000229789335
315.4,0.000229788909
315.5,0.000229790802
315.6,0.000229795071
315.7,0.000229801806
315.8,0.000229811156
315.9,0.000229823136
316.0,0.000229837783
316.1,0.000229855223
316.2,0.0002298754825
316.3,0.0002298986085
316.4,0.000229924621
316.5,0.000229953581
316.6,0.0002299854235
316.7,0.0002300202115
316.8,0.000230057909
316.9,0.0002300984475
317.0,0.0002301417385
317.1,0.0002301877585
317.2,0.0002302363525
317.3,0.000230287375
317.4,0.0002303406625
317.5,0.000230396053
317.6,0.0002304533645
317.7,0.0002305123885
317.8,0.0002305728615
317.9,0.0002306346125
318.0,0.0002306973535
318.1,0.0002307608875
318.2,0.000230825025
318.3,0.000230889515
318.4,0.00023095416
318.5,0.0002310187885
318.6,0.000231083221
318.7,0.0002311473815
318.8,0.000231211086
318.9,0.0002312742785
319.0,0.0002313368735
319.1,0.0002313987745
319.2,0.0002314599425
319.3,0.0002315202795
319.4,0.0002315798505
319.5,0.000231638598
319.6,0.000231696439
319.7,0.000231753409
319.8,0.0002318094795
319.9,0.000231864635
320.0,0.0002319188085
320.1,0.0002319720255
320.2,0.0002320241415
320.3,0.000232075202
320.4,0.0002321250845
320.5,0.0002321737545
320.6,0.0002322211305
320.7,0.000232267106
320.8,0.000232311697
320.9,0.000232354791
321.0,0.0002323962765
321.1,0.000232436141
321.2,0.0002324743375
321.3,0.000232510793
321.4,0.000232545469
321.5,0.000232578422
321.6,0.0002326095765
321.7,0.0002326389535
321.8,0.000232666546
321.9,0.0002326924145
322.0,0.000232716583
322.1,0.0002327391505
322.2,0.0002327601555
322.3,0.0002327797025
322.4,0.0002327978435
322.5,0.000232814734
322.6,0.000232830484
322.7,0.0002328451785
322.8,0.000232859017
322.9,0.000232872033
323.0,0.0002328844085
323.1,0.0002328963
323.2,0.0002329078435
323.3,0.000232919209
323.4,0.000232930468
323.5,0.000232941791
323.6,0.000232953308
323.7,0.00023296513
323.8,0.0002329773885
323.9,0.0002329901975
324.0,0.000233003655
324.1,0.000233017973
324.2,0.0002330331675
324.3,0.000233049386
324.4,0.0002330666925
324.5,0.000233085182
324.6,0.000233104998
324.7,0.000233126203
324.8,0.0002331488325
324.9,0.0002331729735
325.0,0.000233198681
325.1,0.000233225956
325.2,0.000233254837
325.3,0.0002332854125
325.4,0.00023331764
325.5,0.0002333515955
325.6,0.000233387357
325.7,0.000233424911
325.8,0.000233464369
325.9,0.000233505771
326.0,0.000233549183
326.1,0.0002335946495
326.2,0.0002336422935
326.3,0.0002336921195
326.4,0.0002337442055
326.5,0.0002337985575
326.6,0.0002338551345
326.7,0.0002339139815
326.8,0.000233975057
326.9,0.0002340383395
327.0,0.000234103778
327.1,0.0002341712635
327.2,0.000234240702
327.3,0.000234312009
327.4,0.000234385133
327.5,0.000234459939
327.6,0.0002345363275
327.7,0.0002346142915
327.8,0.0002346937365
327.9,0.000234774582
328.0,0.0002348568075
328.1,0.000234940383
328.2,0.0002350253115
328.3,0.0002351115665
328.4,0.00023519913
328.5,0.000235287949
328.6,0.000235378038
328.7,0.000235469342
328.8,0.0002355618215
328.9,0.000235655426
329.0,0.00023575013
329.1,0.0002358458645
329.2,0.000235942522
329.3,0.000236040071
329.4,0.000236138399
329.5,0.000236237418
329.6,0.00023633697
329.7,0.0002364369785
329.8,0.000236537302
329.9,0.0002366378825
330.0,0.0002367386175
330.1,0.000236839506
330.2,0.000236940477
330.3,0.0002370414905
330.4,0.000237142579
330.5,0.000237243664
330.6,0.000237344804
330.7,0.0002374458865
330.8,0.0002375469505
330.9,0.0002376479855
331.0,0.0002377489575
331.1,0.000237849937
331.2,0.0002379508225
331.3,0.0002380517455
331.4,0.00023815259
331.5,0.0002382534065
331.6,0.0002383541865
331.7,0.0002384549265
331.8,0.000238555607
331.9,0.0002386562085
332.0,0.000238756736
332.1,0.000238857197
332.2,0.000238957548
332.3,0.000239057771
332.4,0.000239157883
332.5,0.00023925788
332.6,0.000239357704
332.7,0.0002394573185
332.8,0.000239556802
332.9,0.0002396560705
333.0,0.0002397551105
333.1,0.000239853955
333.2,0.0002399525295
333.3,0.0002400508195
333.4,0.000240148824
333.5,0.000240246484
333.6,0.0002403438
333.7,0.0002404407325
333.8,0.000240537266
333.9,0.0002406333595
334.0,0.0002407290735
334.1,0.0002408243745
334.2,0.000240919183
334.3,0.000241013548
334.4,0.0002411074725
334.5,0.0002412009325
334.6,0.000241293939
334.7,0.0002413865135
334.8,0.000241478657
334.9,0.000241570345
335.0,0.0002416616475
335.1,0.0002417525915
335.2,0.0002418431665
335.3,0.000241933356
335.4,0.000242023242
335.5,0.0002421127655
335.6,0.0002422019885
335.7,0.0002422908935
335.8,0.000242379488
335.9,0.000242467829
336.0,0.000242555928
336.1,0.000242643817
336.2,0.0002427315655
336.3,0.0002428191285
336.4,0.000242906611
336.5,0.000242994002
336.6,0.0002430813485
336.7,0.00024316867
336.8,0.0002432560485
336.9,0.0002433435125
337.0,0.0002434311365
337.1,0.0002435189165
337.2,0.000243606923
337.3,0.0002436952055
337.4,0.000243783823
337.5,0.000243872853
337.6,0.00024396233
337.7,0.000244052337
337.8,0.000244142916
337.9,0.000244234211
338.0,0.0002443262185
338.1,0.000244419045
338.2,0.000244512792
338.3,0.000244607523
338.4,0.0002447033405
338.5,0.000244800315
338.6,0.000244898568
338.7,0.000244998204
338.8,0.000245099339
338.9,0.000245202056
339.0,0.0002453064605
339.1,0.0002454127355
339.2,0.0002455209685
339.3,0.0002456313195
339.4,0.0002457438755
339.5,0.000245858718
339.6,0.000245976003
339.7,0.0002460959345
339.8,0.000246218545
339.9,0.000246344046
340.0,0.0002464725425
340.1,0.000246604175
340.2,0.000246739086
340.3,0.000246877414
340.4,0.0002470192525
340.5,0.0002471648245
340.6,0.000247314087
340.7,0.000247467252
340.8,0.0002476243155
340.9,0.0002477853405
341.0,0.000247950325
341.1,0.000248119273
341.2,0.0002482920825
341.3,0.000248468637
341.4,0.000248648836
341.5,0.0002488323455
341.6,0.0002490188465
341.7,0.0002492078935
341.8,0.000249398937
341.9,0.000249591484
342.0,0.0002497849935
342.1,0.0002499788865
342.2,0.0002501726645
342.3,0.0002503657225
342.4,0.000250557483
342.5,0.000250747398
342.6,0.0002509349115
342.7,0.0002511195425
342.8,0.000251300917
342.9,0.000251478806
343.0,0.000251652924
343.1,0.0002518230405
343.2,0.0002519889635
343.3,0.0002521504925
343.4,0.000252307484
343.5,0.000252459839
343.6,0.000252607373
343.7,0.000252750057
343.8,0.000252887835
343.9,0.000253020697
344.0,0.0002531485985
344.1,0.0002532715765
344.2,0.000253389726
344.3,0.0002535030905
344.4,0.000253611667
344.5,0.0002537156395
344.6,0.000253814986
344.7,0.0002539098705
344.8,0.0002540003345
344.9,0.000254086439
345.0,0.000254168303
345.1,0.0002542459775
345.2,0.000254319569
345.3,0.0002543891725
345.4,0.000254454871
345.5,0.0002545166725
345.6,0.0002545747105
345.7,0.0002546290205
345.8,0.000254679713
345.9,0.0002547268815
346.0,0.0002547706
346.1,0.00025481092
346.2,0.000254847962
346.3,0.000254881872
346.4,0.000254912806
346.5,0.000254940929
346.6,0.0002549663835
346.7,0.000254989326
346.8,0.00025500998
346.9,0.0002550285025
347.0,0.0002550450375
347.1,0.000255059776
347.2,0.0002550728085
347.3,0.0002550842985
347.4,0.000255094421
347.5,0.000255103261
347.6,0.000255110962
347.7,0.000255117625
347.8,0.0002551234045
347.9,0.000255128307
348.0,0.0002551324325
348.1,0.0002551357525
348.2,0.00025513821
348.3,0.000255139826
348.4,0.0002551405035
348.5,0.000255140221
348.6,0.0002551389165
348.7,0.0002551365425
348.8,0.000255133065
348.9,0.0002551284425
349.0,0.000255122568
349.1,0.0002551155415
349.2,0.0002551072945
349.3,0.000255097858
349.4,0.000255087222
349.5,0.0002550753995
349.6,0.000255062525
349.7,0.000255048527
349.8,0.0002550334765
349.9,0.0002550173645
350.0,0.000255000321
350.1,0.000254982337
350.2,0.000254963462
350.3,0.0002549437845
350.4,0.0002549232375
350.5,0.0002549018795
350.6,0.000254879806
350.7,0.0002548570315
350.8,0.000254833586
350.9,0.000254809489
351.0,0.0002547847805
351.1,0.000254759483
351.2,0.0002547336195
351.3,0.000254707281
351.4,0.0002546804475
351.5,0.0002546531665
351.6,0.0002546254705
351.7,0.0002545974095
351.8,0.0002545689565
351.9,0.000254540217
352.0,0.000254511185
352.1,0.000254481954
352.2,0.000254452541
352.3,0.0002544230005
352.4,0.0002543933855
352.5,0.000254363728
352.6,0.0002543341135
352.7,0.000254304553
352.8,0.0002542751875
352.9,0.0002542460265
353.0,0.0002542171585
353.1,0.0002541886845
353.2,0.000254160628
353.3,0.000254133141
353.4,0.0002541062135
353.5,0.0002540799485
353.6,0.000254054392
353.7,0.000254029688
353.8,0.000254005818
353.9,0.0002539828975
354.0,0.0002539609785
354.1,0.000253940166
354.2,0.000253920558
354.3,0.000253902165
354.4,0.000253885137
354.5,0.000253869445
354.6,0.000253855203
354.7,0.000253842529
354.8,0.0002538314795
354.9,0.00025382218
355.0,0.000253814719
355.1,0.0002538091485
355.2,0.000253805632
355.3,0.0002538041835
355.4,0.0002538049885
355.5,0.000253808079
355.6,0.0002538135775
355.7,0.000253821597
355.8,0.000253832204
355.9,0.0002538454915
356.0,0.0002538615835
356.1,0.0002538805225
356.2,0.0002539023815
356.3,0.0002539272295
356.4,0.000253955078
356.5,0.0002539860275
356.6,0.000254020092
356.7,0.000254057266
356.8,0.0002540974335
356.9,0.000254140648
357.0,0.0002541868145
357.1,0.0002542357895
357.2,0.0002542874905
357.3,0.00025434176
357.4,0.0002543983895
357.5,0.000254457222
357.6,0.0002545179755
357.7,0.0002545804435
357.8,0.0002546442985
357.9,0.000254709222
358.0,0.000254774966
358.1,0.000254841089
358.2,0.0002549072865
358.3,0.0002549732015
358.4,0.000255038508
358.5,0.0002551028125
358.6,0.000255165835
358.7,0.0002552272735
358.8,0.0002552867855
358.9,0.0002553441345
359.0,0.0002553991385
359.1,0.000255451569
359.2,0.00025550128
359.3,0.0002555481095
359.4,0.000255591973
359.5,0.000255632853
359.6,0.0002556707475
359.7,0.000255705626
359.8,0.0002557375775
359.9,0.0002557666755
360.0,0.0002557929995
360.1,0.000255816591
360.2,0.0002558376125
360.3,0.0002558561565
360.4,0.000255872408
360.5,0.00025588648
360.6,0.000255898503
360.7,0.0002559085355
360.8,0.0002559168135
360.9,0.0002559233605
361.0,0.0002559283745
361.1,0.00025593193
361.2,0.000255934142
361.3,0.000255935131
361.4,0.000255934946
361.5,0.000255933745
361.6,0.000255931639
361.7,0.0002559285785
361.8,0.000255924659
361.9,0.000255919973
362.0,0.0002559145415
362.1,0.0002559083125
362.2,0.0002559014025
362.3,0.0002558937735
362.4,0.0002558854145
362.5,0.000255876324
362.6,0.0002558664985
362.7,0.0002558558825
362.8,0.000255844532
362.9,0.000255832335
363.0,0.0002558193215
363.1,0.0002558054725
363.2,0.000255790787
363.3,0.0002557753
363.4,0.000255759017
363.5,0.000255742003
363.6,0.000255724275
363.7,0.000255705941
363.8,0.0002556870645
363.9,0.000255667735
364.0,0.00025564804
364.1,0.0002556280695
364.2,0.0002556079445
364.3,0.000255587762
364.4,0.000255567576
364.5,0.000255547488
364.6,0.000255527635
364.7,0.00025550814
364.8,0.0002554890685
364.9,0.0002554705065
365.0,0.0002554525865
365.1,0.0002554353865
365.2,0.0002554190115
365.3,0.0002554035755
365.4,0.0002553891475
365.5,0.000255375882
365.6,0.0002553638665
365.7,0.000255353122
365.8,0.000255343712
365.9,0.000255335746
366.0,0.0002553293595
366.1,0.0002553246065
366.2,0.0002553215795
366.3,0.0002553204215
366.4,0.0002553212575
366.5,0.00025532427
366.6,0.0002553296195
366.7,0.000255337537
366.8,0.000255348236
366.9,0.000255361986
367.0,0.0002553791085
367.1,0.000255399937
367.2,0.000255424772
367.3,0.000255454
367.4,0.000255488014
367.5,0.0002555271615
367.6,0.0002555718665
367.7,0.000255622515
367.8,0.000255679567
367.9,0.000255743425
368.0,0.0002558144945
368.1,0.0002558932365
368.2,0.0002559800765
368.3,0.0002560753875
368.4,0.0002561796085
368.5,0.0002562930885
368.6,0.0002564161125
368.7,0.000256549001
368.8,0.0002566918755
368.9,0.000256844859
369.0,0.0002570078195
369.1,0.000257180583
369.2,0.0002573624475
369.3,0.000257552641
369.4,0.0002577499465
369.5,0.000257952842
369.6,0.0002581595265
369.7,0.000258368086
369.8,0.0002585765485
369.9,0.0002587831395
370.0,0.000258986271
370.1,0.0002591845505
370.2,0.0002593768175
370.3,0.000259562106
370.4,0.0002597397275
370.5,0.000259909209
370.6,0.0002600703915
370.7,0.00026022314
370.8,0.000260367474
370.9,0.0002605035505
371.0,0.000260631608
371.1,0.0002607520105
371.2,0.00026086515
371.3,0.00026097158
371.4,0.000261071793
371.5,0.0002611663185
371.6,0.000261255741
371.7,0.00026134056
371.8,0.000261421433
371.9,0.000261498894
372.0,0.000261573566
372.1,0.0002616459765
372.2,0.0002617166475
372.3,0.0002617859875
372.4,0.0002618545245
372.5,0.0002619226155
372.6,0.000261990591
372.7,0.0002620588215
372.8,0.0002621275335
372.9,0.000262197017
373.0,0.00026226748
373.1,0.0002623389595
373.2,0.000262411537
373.3,0.000262485233
373.4,0.000262560061
373.5,0.00026263608
373.6,0.0002627133485
373.7,0.0002627919405
373.8,0.0002628719115
373.9,0.0002629533175
374.0,0.000263036047
374.1,0.000263120204
374.2,0.000263205709
374.3,0.000263292535
374.4,0.000263380616
374.5,0.0002634698535
374.6,0.00026356007
374.7,0.0002636510865
374.8,0.0002637427575
374.9,0.000263834958
375.0,0.0002639274675
375.1,0.000264020009
375.2,0.0002641123755
375.3,0.000264204333
375.4,0.000264295623
375.5,0.000264386001
375.6,0.000264475105
375.7,0.000264562774
375.8,0.0002646487
375.9,0.000264732866
376.0,0.000264815083
376.1,0.000264895322
376.2,0.000264973592
376.3,0.0002650499065
376.4,0.000265124309
376.5,0.0002651969015
376.6,0.00026526789
376.7,0.0002653373815
376.8,0.000265405524
376.9,0.0002654725515
377.0,0.000265538718
377.1,0.0002656041765
377.2,0.000265669225
377.3,0.0002657340005
377.4,0.000265798741
377.5,0.000265863573
377.6,0.0002659286595
377.7,0.0002659941605
377.8,0.000266060175
377.9,0.0002661268355
378.0,0.0002661942155
378.1,0.0002662624865
378.2,0.0002663317105
378.3,0.0002664020195
378.4,0.0002664735
378.5,0.0002665462685
378.6,0.00026662041
378.7,0.0002666959895
378.8,0.000266773116
378.9,0.000266851804
379.0,0.000266932144
379.1,0.0002670141615
379.2,0.0002670978965
379.3,0.0002671833145
379.4,0.000267270518
379.5,0.000267359379
379.6,0.0002674498945
379.7,0.000267542008
379.8,0.0002676357495
379.9,0.000267731055
380.0,0.0002678278445
380.1,0.000267926201
380.2,0.000268026088
380.3,0.0002681274905
380.4,0.0002682304535
380.5,0.0002683350715
380.6,0.000268441374
380.7,0.0002685494775
380.8,0.0002686593925
380.9,0.0002687712815
381.0,0.0002688850945
381.1,0.000269000968
381.2,0.000269118912
381.3,0.00026923892
381.4,0.000269361025
381.5,0.000269485291
381.6,0.0002696117405
381.7,0.0002697404195
381.8,0.000269871352
381.9,0.0002700045305
382.0,0.0002701399245
382.1,0.000270277592
382.2,0.000270417446
382.3,0.000270559377
382.4,0.0002707033485
382.5,0.0002708492685
382.6,0.000270997173
382.7,0.0002711470195
382.8,0.000271298845
382.9,0.0002714526385
383.0,0.000271608424
383.1,0.000271766252
383.2,0.0002719261285
383.3,0.00027208816
383.4,0.000272252397
383.5,0.000272418924
383.6,0.0002725878405
383.7,0.000272759118
383.8,0.0002729329685
383.9,0.000273109358
384.0,0.0002732883325
384.1,0.0002734699335
384.2,0.0002736541775
384.3,0.000273841103
384.4,0.0002740306485
384.5,0.0002742228555
384.6,0.0002744177355
384.7,0.000274615157
384.8,0.000274815107
384.9,0.000275017552
385.0,0.000275222392
385.1,0.000275429398
385.2,0.0002756385475
385.3,0.000275849774
385.4,0.0002760628685
385.5,0.0002762777285
385.6,0.0002764942335
385.7,0.000276712251
385.8,0.0002769315385
385.9,0.0002771519475
386.0,0.000277373325
386.1,0.0002775953195
386.2,0.0002778176295
386.3,0.0002780400545
386.4,0.0002782622455
386.5,0.000278483981
386.6,0.000278705011
386.7,0.0002789249615
386.8,0.000279143832
386.9,0.0002793615395
387.0,0.000279577886
387.1,0.0002797929945
387.2,0.000280006798
387.3,0.0002802193055
387.4,0.00028043064
387.5,0.0002806407275
387.6,0.000280849488
387.7,0.000281056969
387.8,0.000281263154
387.9,0.0002814680655
388.0,0.0002816717505
388.1,0.0002818741645
388.2,0.000282075407
388.3,0.0002822755075
388.4,0.000282474409
388.5,0.0002826721195
388.6,0.0002828685985
388.7,0.00028306384
388.8,0.0002832576805
388.9,0.0002834500915
389.0,0.000283640931
389.1,0.00028383021
389.2,0.0002840176815
389.3,0.0002842033025
389.4,0.0002843870885
389.5,0.000284568854
389.6,0.000284748576
389.7,0.000284926044
389.8,0.00028510113
389.9,0.0002852737135
390.0,0.0002854437825
390.1,0.00028561123
390.2,0.00028577605
390.3,0.0002859380975
390.4,0.0002860973485
390.5,0.0002862538335
390.6,0.000286407448
390.7,0.0002865581105
390.8,0.0002867058615
390.9,0.0002868505835
391.0,0.00028699231
391.1,0.000287131018
391.2,0.000287266858
391.3,0.000287399799
391.4,0.0002875298605
391.5,0.0002876571085
391.6,0.000287781512
391.7,0.0002879030865
391.8,0.000288021955
391.9,0.0002881381155
392.0,0.000288251542
392.1,0.0002883623995
392.2,0.000288470731
392.3,0.0002885765785
392.4,0.00028867997
392.5,0.0002887810055
392.6,0.0002888797135
392.7,0.0002889761355
392.8,0.000289070348
392.9,0.000289162325
393.0,0.0002892521915
393.1,0.0002893399155
393.2,0.0002894254905
393.3,0.00028950905
393.4,0.000289590636
393.5,0.000289670286
393.6,0.0002897479545
393.7,0.0002898237215
393.8,0.000289897662
393.9,0.000289969759
394.0,0.00029004007
394.1,0.0002901086245
394.2,0.0002901754955
394.3,0.0002902405925
394.4,0.0002903040425
394.5,0.000290365888
394.6,0.000290426117
394.7,0.0002904847745
394.8,0.000290541858
394.9,0.0002905974195
395.0,0.000290651461
395.1,0.000290703972
395.2,0.000290755101
395.3,0.000290804769
395.4,0.000290853059
395.5,0.0002908999805
395.6,0.0002909456045
395.7,0.0002909899435
395.8,0.0002910330365
395.9,0.0002910749625
396.0,0.0002911157445
396.1,0.0002911554775
396.2,0.0002911942155
396.3,0.000291232007
396.4,0.000291268974
396.5,0.0002913051515
396.6,0.0002913407045
396.7,0.00029137573
396.8,0.000291410216
396.9,0.0002914444135
397.0,0.000291478348
397.1,0.0002915123205
397.2,0.000291546447
397.3,0.0002915808735
397.4,0.0002916158365
397.5,0.000291651556
397.6,0.0002916882555
397.7,0.00029172625
397.8,0.0002917657175
397.9,0.000291807049
398.0,0.000291850519
398.1,0.000291896471
398.2,0.000291945309
398.3,0.000291997354
398.4,0.000292053088
398.5,0.0002921129415
398.6,0.0002921773355
398.7,0.0002922467725
398.8,0.0002923216695
398.9,0.000292402661
399.0,0.0002924903015
399.1,0.0002925851
399.2,0.0002926875835
399.3,0.000292798312
399.4,0.000292917863
399.5,0.000293046717
399.6,0.0002931854595
399.7,0.000293334626
399.8,0.000293494612
399.9,0.000293665884
400.0,0.0002938487555
400.1,0.0002940435045
400.2,0.000294250257
400.3,0.000294469123
400.4,0.0002946999285
400.5,0.00029494251
400.6,0.00029519638
400.7,0.0002954609585
400.8,0.000295735462
400.9,0.000296018925
401.0,0.0002963103005
401.1,0.000296608515
401.2,0.000296912414
401.3,0.0002972207875
401.4,0.0002975322815
401.5,0.000297845296
401.6,0.0002981582075
401.7,0.000298469398
401.8,0.0002987774725
401.9,0.0002990811105
402.0,0.0002993791005
402.1,0.0002996702465
402.2,0.000299953616
402.3,0.0003002282535
402.4,0.000300493418
402.5,0.0003007484865
402.6,0.0003009930905
402.7,0.000301226742
402.8,0.0003014493015
402.9,0.0003016605415
403.0,0.000301860491
403.1,0.000302049331
403.2,0.0003022272855
403.3,0.0003023947335
403.4,0.0003025520185
403.5,0.0003026997845
403.6,0.0003028385165
403.7,0.0003029689745
403.8,0.0003030917875
403.9,0.000303207787
404.0,0.000303317668
404.1,0.0003034221985
404.2,0.000303522123
404.3,0.0003036182175
404.4,0.0003037111845
404.5,0.0003038014945
404.6,0.0003038897245
404.7,0.00030397633
404.8,0.000304061609
404.9,0.0003041458625
405.0,0.000304229366
405.1,0.0003043126305
405.2,0.0003043960225
405.3,0.000304480091
405.4,0.0003045651465
405.5,0.000304651463
405.6,0.0003047391915
405.7,0.000304828395
405.8,0.000304919083
405.9,0.0003050110425
406.0,0.0003051038165
406.1,0.000305197093
406.2,0.0003052904675
406.3,0.0003053836955
406.4,0.000305476451
406.5,0.000305568085
406.6,0.00030565789
406.7,0.0003057448865
406.8,0.0003058278465
406.9,0.000305905509
407.0,0.0003059766675
407.1,0.000306040174
407.2,0.0003060948635
407.3,0.000306139302
407.4,0.0003061725415
407.5,0.000306194044
407.6,0.000306203788
407.7,0.000306202287
407.8,0.000306190426
407.9,0.000306169595
408.0,0.0003061411125
408.1,0.0003061067295
408.2,0.000306068261
408.3,0.0003060277135
408.4,0.000305986763
408.5,0.000305947022
408.6,0.000305910237
408.7,0.0003058781405
408.8,0.000305851994
408.9,0.000305832719
409.0,0.00030582125
409.1,0.0003058183705
409.2,0.0003058246025
409.3,0.0003058403545
409.4,0.0003058656855
409.5,0.00030590071
409.6,0.0003059452935
409.7,0.0003059991865
409.8,0.000306061985
409.9,0.0003061333335
410.0,0.0003062126585
410.1,0.000306299363
410.2,0.0003063926505
410.3,0.000306491718
410.4,0.0003065957535
410.5,0.00030670388
410.6,0.000306815234
410.7,0.0003069289465
410.8,0.00030704415
410.9,0.0003071599765
411.0,0.0003072757995
411.1,0.000307391001
411.2,0.0003075049675
411.3,0.0003076172105
411.4,0.0003077274565
411.5,0.000307835429
411.6,0.0003079410135
411.7,0.000308044273
411.8,0.0003081451795
411.9,0.000308243852
412.0,0.0003083405415
412.1,0.0003084354065
412.2,0.0003085287705
412.3,0.0003086210495
412.4,0.00030871248
412.5,0.0003088033855
412.6,0.0003088940955
412.7,0.0003089850695
412.8,0.000309076447
412.9,0.0003091686475
413.0,0.0003092617485
413.1,0.000309356073
413.2,0.000309451912
413.3,0.0003095493595
413.4,0.000309648679
413.5,0.0003097499815
413.6,0.0003098533945
413.7,0.0003099590525
413.8,0.0003100669925
413.9,0.000310177341
414.0,0.000310290199
414.1,0.000310405545
414.2,0.0003105234165
414.3,0.00031064388
414.4,0.0003107669535
414.5,0.0003108925585
414.6,0.0003110206835
414.7,0.0003111513575
414.8,0.0003112844825
414.9,0.000311420003
415.0,0.0003115579265
415.1,0.000311698169
415.2,0.0003118407265
415.3,0.0003119852045
415.4,0.000312131527
415.5,0.0003122794705
415.6,0.0003124286765
415.7,0.0003125785965
415.8,0.0003127286605
415.9,0.000312878084
416.0,0.0003130262515
416.1,0.000313172303
416.2,0.0003133151625
416.3,0.000313453992
416.4,0.000313588015
416.5,0.0003137163245
416.6,0.0003138378315
416.7,0.000313952013
416.8,0.000314058075
416.9,0.0003141554715
417.0,0.000314243891
417.1,0.000314323013
417.2,0.00031439279
417.3,0.0003144530955
417.4,0.000314504202
417.5,0.0003145463695
417.6,0.0003145799255
417.7,0.0003146052845
417.8,0.0003146228865
417.9,0.000314633289
418.0,0.000314637115
418.1,0.0003146348035
418.2,0.00031462709
418.3,0.000314614368
418.4,0.0003145973315
418.5,0.000314576411
418.6,0.000314552071
418.7,0.000314524814
418.8,0.0003144950035
418.9,0.0003144629795
419.0,0.0003144291675
419.1,0.0003143938195
419.2,0.000314357006
419.3,0.000314319131
419.4,0.000314280403
419.5,0.0003142409075
419.6,0.000314200732
419.7,0.000314160005
419.8,0.000314118847
419.9,0.0003140772975
420.0,0.000314035373
420.1,0.0003139931805
420.2,0.0003139507765
420.3,0.000313907937
420.4,0.0003138648215
420.5,0.000313821567
420.6,0.0003137780005
420.7,0.0003137340925
420.8,0.000313689915
420.9,0.000313645387
421.0,0.0003136004185
421.1,0.000313555186
421.2,0.0003135095115
421.3,0.0003134634175
421.4,0.000313416921
421.5,0.000313369896
421.6,0.000313322368
421.7,0.000313274298
421.8,0.0003132256765
421.9,0.00031317647
422.0,0.0003131265905
422.1,0.000313076063
422.2,0.000313024928
422.3,0.000312973107
422.4,0.000312920647
422.5,0.000312867513
422.6,0.000312813729
422.7,0.000312759165
422.8,0.000312703932
422.9,0.0003126480585
423.0,0.000312591423
423.1,0.000312534147
423.2,0.000312476149
423.3,0.000312417414
423.4,0.000312358
423.5,0.0003122979745
423.6,0.000312237243
423.7,0.0003121758545
423.8,0.0003121139445
423.9,0.000312051438
424.0,0.000311988336
424.1,0.000311924877
424.2,0.0003118609
424.3,0.000311796454
424.4,0.000311731725
424.5,0.000311666599
424.6,0.000311601276
424.7,0.0003115357305
424.8,0.0003114701005
424.9,0.0003114043695
425.0,0.000311338637
425.1,0.00031127299
425.2,0.00031120743
425.3,0.0003111421325
425.4,0.000311077166
425.5,0.0003110124605
425.6,0.0003109482645
425.7,0.0003108846075
425.8,0.0003108215485
425.9,0.000310759233
426.0,0.0003106976035
426.1,0.0003106367715
426.2,0.0003105769125
426.3,0.0003105180315
426.4,0.000310460183
426.5,0.0003104034395
426.6,0.000310347828
426.7,0.000310293407
426.8,0.0003102403135
426.9,0.000310188407
427.0,0.000310137842
427.1,0.000310088739
427.2,0.000310040924
427.3,0.0003099945625
427.4,0.000309949523
427.5,0.000309905924
427.6,0.000309863684
427.7,0.000309822791
427.8,0.000309783109
427.9,0.0003097446805
428.0,0.0003097074735
428.1,0.0003096714405
428.2,0.000309636593
428.3,0.000309602944
428.4,0.000309570404
428.5,0.000309538957
428.6,0.000309508667
428.7,0.0003094794875
428.8,0.0003094515135
428.9,0.000309424782
429.0,0.000309399366
429.1,0.00030937524
429.2,0.000309352469
429.3,0.000309331253
429.4,0.0003093115415
429.5,0.000309293428
429.6,0.0003092769475
429.7,0.0003092622465
429.8,0.0003092492205
429.9,0.0003092381685
430.0,0.0003092290155
430.1,0.0003092218135
430.2,0.0003092165565
430.3,0.000309213337
430.4,0.000309212119
430.5,0.0003092128885
430.6,0.0003092157415
430.7,0.000309220532
430.8,0.000309227332
430.9,0.0003092360705
431.0,0.0003092466615
431.1,0.0003092590375
431.2,0.0003092731445
431.3,0.0003092889305
431.4,0.000309306367
431.5,0.0003093252885
431.6,0.000309345659
431.7,0.0003093674265
431.8,0.0003093904375
431.9,0.0003094145745
432.0,0.000309439832
432.1,0.000309466176
432.2,0.000309493463
432.3,0.000309521655
432.4,0.000309550762
432.5,0.000309580701
432.6,0.0003096113235
432.7,0.000309642623
432.8,0.0003096745835
432.9,0.0003097072325
433.0,0.0003097403705
433.1,0.0003097741005
433.2,0.000309808374
433.3,0.000309842994
433.4,0.000309877971
433.5,0.0003099133345
433.6,0.0003099489515
433.7,0.0003099846905
433.8,0.000310020559
433.9,0.000310056366
434.0,0.0003100921865
434.1,0.0003101277205
434.2,0.0003101629425
434.3,0.000310197709
434.4,0.0003102318945
434.5,0.000310265324
434.6,0.00031029795
434.7,0.0003103295685
434.8,0.000310359999
434.9,0.000310389185
435.0,0.0003104169875
435.1,0.0003104432525
435.2,0.0003104678415
435.3,0.0003104906395
435.4,0.0003105114795
435.5,0.0003105302835
435.6,0.0003105469135
435.7,0.0003105612665
435.8,0.0003105732935
435.9,0.0003105828375
436.0,0.0003105898475
436.1,0.0003105942495
436.2,0.0003105960845
436.3,0.0003105951855
436.4,0.000310591639
436.5,0.000310585416
436.6,0.000310576571
436.7,0.0003105651525
436.8,0.0003105512655
436.9,0.0003105349565
437.0,0.0003105163695
437.1,0.0003104955855
437.2,0.000310472716
437.3,0.000310447926
437.4,0.0003104212335
437.5,0.0003103928935
437.6,0.0003103629265
437.7,0.000310331443
437.8,0.000310298595
437.9,0.000310264431
438.0,0.000310229122
438.1,0.0003101927805
438.2,0.000310155517
438.3,0.0003101173525
438.4,0.0003100783985
438.5,0.0003100387025
438.6,0.0003099984255
438.7,0.0003099574435
438.8,0.0003099159445
438.9,0.000309874026
439.0,0.0003098317365
439.1,0.000309789219
439.2,0.0003097464605
439.3,0.0003097035905
439.4,0.0003096606055
439.5,0.0003096175135
439.6,0.000309574374
439.7,0.000309531256
439.8,0.0003094880305
439.9,0.000309444765
440.0,0.0003094015155
440.1,0.0003093582495
440.2,0.0003093149635
440.3,0.000309271597
440.4,0.0003092280785
440.5,0.0003091845035
440.6,0.0003091408735
440.7,0.000309097096
440.8,0.000309053187
440.9,0.0003090092085
441.0,0.0003089650485
441.1,0.000308920765
441.2,0.0003088762755
441.3,0.000308831661
441.4,0.0003087868505
441.5,0.000308741833
441.6,0.000308696624
441.7,0.0003086512185
441.8,0.000308605472
441.9,0.000308559575
442.0,0.0003085133055
442.1,0.000308466765
442.2,0.0003084198355
442.3,0.0003083724465
442.4,0.000308324699
442.5,0.0003082766515
442.6,0.000308228274
442.7,0.0003081797045
442.8,0.000308130843
442.9,0.000308081888
443.0,0.000308032817
443.1,0.000307983668
443.2,0.0003079344135
443.3,0.000307885112
443.4,0.000307835851
443.5,0.000307786457
443.6,0.0003077371775
443.7,0.00030768798
443.8,0.000307638855
443.9,0.000307589862
444.0,0.000307541028
444.1,0.000307492336
444.2,0.0003074438455
444.3,0.000307395495
444.4,0.0003073473035
444.5,0.000307299239
444.6,0.00030725128
444.7,0.0003072034745
444.8,0.000307155729
444.9,0.000307108018
445.0,0.000307060174
445.1,0.0003070123285
445.2,0.000306964354
445.3,0.0003069161025
445.4,0.0003068676775
445.5,0.000306818967
445.6,0.0003067698895
445.7,0.000306720355
445.8,0.000306670265
445.9,0.0003066195315
446.0,0.000306568073
446.1,0.000306515885
446.2,0.000306462811
446.3,0.000306408895
446.4,0.000306354043
446.5,0.0003062982215
446.6,0.000306241327
446.7,0.000306183343
446.8,0.0003061242295
446.9,0.0003060639365
447.0,0.000306002448
447.1,0.000305939751
447.2,0.000305875874
447.3,0.0003058106855
447.4,0.000305744318
447.5,0.0003056767185
447.6,0.00030560789
447.7,0.000305537862
447.8,0.000305466631
447.9,0.000305394292
448.0,0.000305320797
448.1,0.0003052461685
448.2,0.0003051704575
448.3,0.000305093691
448.4,0.0003050159155
448.5,0.0003049371305
448.6,0.0003048574295
448.7,0.000304776764
448.8,0.000304695271
448.9,0.0003046128855
449.0,0.0003045297725
449.1,0.000304445899
449.2,0.0003043613985
449.3,0.0003042761295
449.4,0.0003041903085
449.5,0.000304103991
449.6,0.000304017237
449.7,0.0003039300395
449.8,0.0003038425285
449.9,0.000303754822
450.0,0.000303666886
450.1,0.000303578813
450.2,0.00030349075
450.3,0.000303402727
450.4,0.000303314794
450.5,0.000303227057
450.6,0.000303139608
450.7,0.0003030525
450.8,0.000302965771
450.9,0.0003028795545
451.0,0.0003027938945
451.1,0.000302708838
451.2,0.0003026244085
451.3,0.000302540756
451.4,0.0003024577585
451.5,0.0003023756165
451.6,0.000302294396
451.7,0.0003022141725
451.8,0.000302134954
451.9,0.0003020567185
452.0,0.0003019796125
452.1,0.0003019036315
452.2,0.0003018288695
452.3,0.000301755383
452.4,0.000301683033
452.5,0.0003016119955
452.6,0.0003015422265
452.7,0.000301473721
452.8,0.0003014065935
452.9,0.0003013408745
453.0,0.0003012765145
453.1,0.000301213582
453.2,0.0003011521575
453.3,0.000301092285
453.4,0.000301033923
453.5,0.0003009771775
453.6,0.0003009220125
453.7,0.000300868591
453.8,0.000300816863
453.9,0.0003007669095
454.0,0.000300718651
454.1,0.00030067217
454.2,0.000300627525
454.3,0.0003005847155
454.4,0.0003005438015
454.5,0.000300504846
454.6,0.000300467875
454.7,0.0003004329825
454.8,0.000300400176
454.9,0.000300369466
455.0,0.0003003410015
455.1,0.0003003146045
455.2,0.0003002904495
455.3,0.0003002685025
455.4,0.0003002487275
455.5,0.0003002312265
455.6,0.000300215982
455.7,0.0003002030225
455.8,0.000300192387
455.9,0.000300184128
456.0,0.000300178316
456.1,0.0003001748755
456.2,0.0003001737845
456.3,0.0003001750715
456.4,0.0003001787425
456.5,0.0003001847905
456.6,0.000300193214
456.7,0.00030020388
456.8,0.000300216927
456.9,0.000300232229
457.0,0.000300249852
457.1,0.000300269772
457.2,0.000300291833
457.3,0.000300316095
457.4,0.000300342355
457.5,0.0003003706715
457.6,0.0003004008705
457.7,0.000300433028
457.8,0.0003004669525
457.9,0.000300502694
458.0,0.0003005401875
458.1,0.000300579376
458.2,0.0003006201655
458.3,0.0003006626375
458.4,0.0003007066745
458.5,0.0003007521425
458.6,0.000300799144
458.7,0.000300847627
458.8,0.0003008975025
458.9,0.000300948756
459.0,0.000301001404
459.1,0.0003010553835
459.2,0.000301110769
459.3,0.0003011675815
459.4,0.0003012257945
459.5,0.0003012854795
459.6,0.0003013467045
459.7,0.000301409485
459.8,0.0003014737975
459.9,0.0003015398835
460.0,0.0003016077845
460.1,0.000301677498
460.2,0.000301749266
460.3,0.00030182303
460.4,0.000301899026
460.5,0.000301977388
460.6,0.0003020582045
460.7,0.0003021416725
460.8,0.0003022279215
460.9,0.0003023171705
461.0,0.0003024096045
461.1,0.0003025053875
461.2,0.000302604736
461.3,0.0003027079195
461.4,0.000302815076
461.5,0.000302926439
461.6,0.0003030422315
461.7,0.0003031626645
461.8,0.0003032879995
461.9,0.000303418418
462.0,0.0003035540975
462.1,0.00030369519
462.2,0.000303841874
462.3,0.0003039942525
462.4,0.000304152429
462.5,0.00030431639
462.6,0.000304486125
462.7,0.0003046614725
462.8,0.000304842221
462.9,0.000305027965
463.0,0.0003052183085
463.1,0.000305412596
463.2,0.0003056100045
463.3,0.0003058095855
463.4,0.00030601039
463.5,0.0003062111355
463.6,0.0003064107065
463.7,0.000306607968
463.8,0.0003068018165
463.9,0.0003069911605
464.0,0.0003071753465
464.1,0.0003073537365
464.2,0.000307525789
464.3,0.0003076911045
464.4,0.0003078494495
464.5,0.00030800086
464.6,0.000308145443
464.7,0.0003082834815
464.8,0.000308415236
464.9,0.0003085408375
465.0,0.000308660549
465.1,0.0003087746435
465.2,0.0003088835365
465.3,0.0003089876035
465.4,0.000309087182
465.5,0.0003091825825
465.6,0.000309274285
465.7,0.000309362693
465.8,0.0003094481915
465.9,0.000309531094
466.0,0.0003096119195
466.1,0.0003096908505
466.2,0.000309768221
466.3,0.000309844374
466.4,0.000309919499
466.5,0.0003099940235
466.6,0.000310068077
466.7,0.0003101418595
466.8,0.0003102156555
466.9,0.000310289699
467.0,0.0003103641515
467.1,0.000310439235
467.2,0.0003105149835
467.3,0.0003105915855
467.4,0.0003106690555
467.5,0.000310747481
467.6,0.000310827023
467.7,0.0003109075835
467.8,0.000310989323
467.9,0.0003110723185
468.0,0.0003111566685
468.1,0.000311242408
468.2,0.0003113296105
468.3,0.000311418438
468.4,0.000311508899
468.5,0.0003116011325
468.6,0.000311695179
468.7,0.000311791073
468.8,0.000311888928
468.9,0.0003119887765
469.0,0.000312090728
469.1,0.000312194764
469.2,0.0003123009605
469.3,0.0003124092675
469.4,0.0003125197675
469.5,0.000312632498
469.6,0.0003127473785
469.7,0.000312864457
469.8,0.000312983633
469.9,0.000313104843
470.0,0.0003132279955
470.1,0.0003133531615
470.2,0.0003134801635
470.3,0.00031360898
470.4,0.0003137394405
470.5,0.00031387163
470.6,0.000314005486
470.7,0.0003141408925
470.8,0.0003142778215
470.9,0.000314416311
471.0,0.0003145563385
471.1,0.000314697821
471.2,0.00031484069
471.3,0.0003149850175
471.4,0.000315130695
471.5,0.000315277606
471.6,0.00031542582
471.7,0.000315575264
471.8,0.0003157259495
471.9,0.000315877877
472.0,0.0003160311355
472.1,0.0003161856765
472.2,0.0003163416485
472.3,0.000316498971
472.4,0.000316657744
472.5,0.0003168181295
472.6,0.000316980219
472.7,0.0003171440465
472.8,0.000317309865
472.9,0.0003174778005
473.0,0.000317648049
473.1,0.0003178206945
473.2,0.000317996011
473.3,0.0003181741475
473.4,0.0003183552945
473.5,0.0003185396855
473.6,0.0003187275135
473.7,0.000318918903
473.8,0.000319114104
473.9,0.000319313251
474.0,0.000319516467
474.1,0.00031972387
474.2,0.000319935661
474.3,0.000320151903
474.4,0.00032037277
474.5,0.000320598264
474.6,0.000320828532
474.7,0.0003210636855
474.8,0.0003213038265
474.9,0.0003215489265
475.0,0.0003217990215
475.1,0.000322054214
475.2,0.0003223144655
475.3,0.0003225798505
475.4,0.00032285044
475.5,0.000323126205
475.6,0.0003234071255
475.7,0.0003236932025
475.8,0.0003239844695
475.9,0.000324280878
476.0,0.00032458241
476.1,0.0003248891155
476.2,0.0003252008585
476.3,0.000325517575
476.4,0.0003258391355
476.5,0.0003261654175
476.6,0.000326496358
476.7,0.0003268318455
476.8,0.000327171718
476.9,0.0003275158905
477.0,0.000327864266
477.1,0.0003282168415
477.2,0.0003285734375
477.3,0.0003289339345
477.4,0.000329298357
477.5,0.000329666679
477.6,0.000330038732
477.7,0.000330414478
477.8,0.00033079376
477.9,0.0003311765785
478.0,0.000331562877
478.1,0.00033195237
478.2,0.0003323451355
478.3,0.0003327410515
478.4,0.000333140021
478.5,0.0003335419625
478.6,0.0003339468115
478.7,0.000334354545
478.8,0.0003347651305
478.9,0.000335178336
479.0,0.000335594222
479.1,0.000336012721
479.2,0.0003364338075
479.3,0.000336857373
479.4,0.0003372834615
479.5,0.000337712062
479.6,0.0003381431975
479.7,0.000338576787
479.8,0.0003390128765
479.9,0.000339451459
480.0,0.000339892543
480.1,0.0003403361235
480.2,0.000340782253
480.3,0.0003412309865
480.4,0.0003416822905
480.5,0.00034213622
480.6,0.0003425928575
480.7,0.0003430520605
480.8,0.0003435139735
480.9,0.0003439785935
481.0,0.000344445818
481.1,0.000344915626
481.2,0.0003453881475
481.3,0.000345863293
481.4,0.000346341023
481.5,0.000346821402
481.6,0.0003473041865
481.7,0.000347789482
481.8,0.000348277156
481.9,0.000348767204
482.0,0.0003492594665
482.1,0.000349753927
482.2,0.0003502505375
482.3,0.0003507490865
482.4,0.000351249656
482.5,0.000351752161
482.6,0.0003522564235
482.7,0.0003527623815
482.8,0.0003532700395
482.9,0.000353779229
483.0,0.000354289973
483.1,0.0003548021115
483.2,0.0003553156305
483.3,0.000355830367
483.4,0.000356346309
483.5,0.000356863387
483.6,0.000357381393
483.7,0.000357900333
483.8,0.00035842012
483.9,0.0003589408175
484.0,0.000359462071
484.1,0.000359983951
484.2,0.000360506387
484.3,0.0003610291745
484.4,0.0003615522285
484.5,0.000362075589
484.6,0.0003625990035
484.7,0.0003631223565
484.8,0.0003636456415
484.9,0.0003641685935
485.0,0.0003646911855
485.1,0.000365213196
485.2,0.0003657345145
485.3,0.000366254959
485.4,0.0003667744855
485.5,0.0003672928155
485.6,0.00036780981
485.7,0.00036832526
485.8,0.0003688389985
485.9,0.0003693507745
486.0,0.000369860392
486.1,0.0003703676065
486.2,0.000370872172
486.3,0.0003713738945
486.4,0.0003718723865
486.5,0.0003723673865
486.6,0.0003728586555
486.7,0.000373345875
486.8,0.0003738286805
486.9,0.000374306787
487.0,0.000374779721
487.1,0.0003752471255
487.2,0.0003757085575
487.3,0.0003761635525
487.4,0.000376611698
487.5,0.0003770526125
487.6,0.00037748571
487.7,0.000377910757
487.8,0.000378327174
487.9,0.0003787344265
488.0,0.000379132422
488.1,0.0003795207865
488.2,0.0003798993225
488.3,0.0003802677075
488.4,0.000380625809
488.5,0.0003809733345
488.6,0.000381310375
488.7,0.0003816366275
488.8,0.0003819520775
488.9,0.0003822568195
489.0,0.0003825508165
489.1,0.000382833987
489.2,0.0003831065525
489.3,0.0003833686255
489.4,0.000383620172
489.5,0.0003838615455
489.6,0.000384092924
489.7,0.0003843145785
489.8,0.0003845266805
489.9,0.00038472953
490.0,0.000384923519
490.1,0.0003851088675
490.2,0.00038528596
490.3,0.000385455148
490.4,0.000385616761
490.5,0.000385771182
490.6,0.000385918794
490.7,0.0003860600315
490.8,0.0003861953855
490.9,0.0003863250715
491.0,0.000386449593
491.1,0.000386569426
491.2,0.0003866848515
491.3,0.000386796329
491.4,0.000386904337
491.5,0.0003870092655
491.6,0.000387111379
491.7,0.0003872112205
491.8,0.0003873090655
491.9,0.0003874051785
492.0,0.000387500088
492.1,0.0003875939985
492.2,0.0003876873015
492.3,0.000387780426
492.4,0.0003878734265
492.5,0.0003879667575
492.6,0.0003880606635
492.7,0.0003881554405
492.8,0.000388251338
492.9,0.00038834856
493.0,0.0003884474685
493.1,0.0003885480375
493.2,0.0003886506365
493.3,0.000388755333
493.4,0.0003888624965
493.5,0.000388972164
493.6,0.0003890844985
493.7,0.0003891996645
493.8,0.0003893178075
493.9,0.0003894389795
494.0,0.000389563351
494.1,0.0003896910665
494.2,0.000389822163
494.3,0.0003899567615
494.4,0.0003900949235
494.5,0.0003902366195
494.6,0.0003903820235
494.7,0.000390531175
494.8,0.0003906841215
494.9,0.000390840982
495.0,0.0003910018005
495.1,0.000391166415
495.2,0.0003913349635
495.3,0.000391507476
495.4,0.000391684018
495.5,0.000391864504
495.6,0.000392048967
495.7,0.0003922372925
495.8,0.0003924294075
495.9,0.000392625146
496.0,0.0003928244595
496.1,0.000393027048
496.2,0.000393232637
496.3,0.000393440917
496.4,0.0003936517175
496.5,0.0003938646015
496.6,0.0003940790425
496.7,0.000394294613
496.8,0.0003945108215
496.9,0.0003947270415
497.0,0.0003949428805
497.1,0.0003951577415
497.2,0.0003953712095
497.3,0.0003955828195
497.4,0.000395792272
497.5,0.0003959992515
497.6,0.000396203511
497.7,0.000396404772
497.8,0.0003966029365
497.9,0.000396797664
498.0,0.0003969889195
498.1,0.0003971762845
498.2,0.000397359748
498.3,0.000397539267
498.4,0.000397714626
498.5,0.000397885757
498.6,0.000398052815
498.7,0.00039821572
498.8,0.000398374621
498.9,0.000398529554
499.0,0.000398680818
499.1,0.0003988284745
499.2,0.0003989727895
499.3,0.000399114134
499.4,0.0003992525835
499.5,0.000399388574
499.6,0.0003995224095
499.7,0.0003996544705
499.8,0.000399785237
499.9,0.000399915302
500.0,0.000400045172
500.1,0.00040017549
500.2,0.0004003069885
500.3,0.0004004403525
500.4,0.000400576257
500.5,0.0004007157085
500.6,0.000400859451
500.7,0.0004010082935
500.8,0.0004011631445
500.9,0.0004013248265
501.0,0.0004014941725
501.1,0.000401671972
501.2,0.0004018590485
501.3,0.000402056153
501.4,0.00040226382
501.5,0.000402482765
501.6,0.0004027134675
501.7,0.0004029565085
501.8,0.000403212522
501.9,0.0004034818655
502.0,0.00040376499
502.1,0.0004040622595
502.2,0.000404373871
502.3,0.000404700151
502.4,0.000405041218
502.5,0.000405397103
502.6,0.0004057678125
502.7,0.0004061533985
502.8,0.0004065535425
502.9,0.000406967967
503.0,0.000407396244
503.1,0.0004078377195
503.2,0.0004082917125
503.3,0.000408757398
503.4,0.0004092338905
503.5,0.000409720331
503.6,0.0004102158825
503.7,0.0004107197215
503.8,0.00041123096
503.9,0.0004117490125
504.0,0.000412273077
504.1,0.0004128025305
504.2,0.0004133367875
504.3,0.0004138754625
504.4,0.000414418204
504.5,0.0004149645585
504.6,0.000415514333
504.7,0.000416067241
504.8,0.000416623122
504.9,0.0004171819265
505.0,0.000417743433
505.1,0.0004183077415
505.2,0.0004188745
505.3,0.0004194437355
505.4,0.000420015188
505.5,0.0004205888795
505.6,0.0004211645565
505.7,0.0004217422375
505.8,0.0004223215175
505.9,0.0004229024785
506.0,0.00042348494
506.1,0.0004240686725
506.2,0.0004246537815
506.3,0.0004252401225
506.4,0.000425827715
506.5,0.000426416418
506.6,0.0004270064725
506.7,0.000427597818
506.8,0.0004281905855
506.9,0.000428784745
507.0,0.0004293804795
507.1,0.000429977987
507.2,0.0004305771505
507.3,0.000431178237
507.4,0.0004317812845
507.5,0.000432386324
507.6,0.0004329934365
507.7,0.000433602641
507.8,0.000434213935
507.9,0.0004348272195
508.0,0.000435442606
508.1,0.000436060023
508.2,0.0004366793495
508.3,0.0004373005
508.4,0.000437923639
508.5,0.0004385486245
508.6,0.00043917545
508.7,0.0004398042205
508.8,0.000440434878
508.9,0.0004410675445
509.0,0.000441702207
509.1,0.0004423390785
509.2,0.000442978145
509.3,0.0004436193725
509.4,0.000444262977
509.5,0.0004449090565
509.6,0.000445557719
509.7,0.00044620905
509.8,0.000446863048
509.9,0.0004475200055
510.0,0.000448180026
510.1,0.0004488429415
510.2,0.000449509193
510.3,0.000450178569
510.4,0.0004508512495
510.5,0.000451527035
510.6,0.0004522060945
510.7,0.000452888364
510.8,0.000453573734
510.9,0.0004542620635
511.0,0.000454953478
511.1,0.0004556476635
511.2,0.0004563447985
511.3,0.0004570449685
511.4,0.000457748078
511.5,0.000458454348
511.6,0.0004591640745
511.7,0.000459877369
511.8,0.0004605943985
511.9,0.0004613153635
512.0,0.0004620406675
512.1,0.000462770506
512.2,0.00046350509
512.3,0.0004642447475
512.4,0.0004649896205
512.5,0.00046573982
512.6,0.0004664955245
512.7,0.000467256889
512.8,0.000468023769
512.9,0.000468796127
513.0,0.00046957387
513.1,0.000470356723
513.2,0.0004711443895
513.3,0.0004719366015
513.4,0.0004727329245
513.5,0.0004735328805
513.6,0.000474335949
513.7,0.000475141626
513.8,0.0004759493155
513.9,0.0004767581905
514.0,0.000477567742
514.1,0.000478377109
514.2,0.0004791857615
514.3,0.0004799927515
514.4,0.000480797515
514.5,0.0004815992425
514.6,0.000482397394
514.7,0.000483191263
514.8,0.000483980302
514.9,0.0004847639675
515.0,0.0004855420375
515.1,0.0004863139565
515.2,0.00048707953
515.3,0.0004878384605
515.4,0.0004885907085
515.5,0.000489336048
515.6,0.0004900745345
515.7,0.000490806156
515.8,0.000491531096
515.9,0.0004922494405
516.0,0.000492961293
516.1,0.0004936670165
516.2,0.000494366998
516.3,0.000495061214
516.4,0.0004957500595
516.5,0.000496433869
516.6,0.000497112911
516.7,0.000497787743
516.8,0.0004984584175
516.9,0.000499125352
517.0,0.000499788825
517.1,0.00050044917
517.2,0.00050110664
517.3,0.00050176133
517.4,0.000502413625
517.5,0.00050306364
517.6,0.000503711545
517.7,0.000504357365
517.8,0.000505001295
517.9,0.000505643445
518.0,0.000506284045
518.1,0.00050692315
518.2,0.00050756062
518.3,0.00050819676
518.4,0.00050883159
518.5,0.00050946506
518.6,0.0005100975
518.7,0.00051072888
518.8,0.000511359345
518.9,0.000511988975
519.0,0.00051261783
519.1,0.00051324609
519.2,0.00051387378
519.3,0.000514501045
519.4,0.00051512802
519.5,0.00051575489
519.6,0.00051638164
519.7,0.000517008355
519.8,0.000517635305
519.9,0.00051826267
520.0,0.00051889049
520.1,0.00051951886
520.2,0.000520147955
520.3,0.00052077784
520.4,0.000521408665
520.5,0.00052204076
520.6,0.00052267401
520.7,0.000523308425
520.8,0.000523944115
520.9,0.000524581285
521.0,0.00052521988
521.1,0.000525860055
521.2,0.00052650162
521.3,0.000527144635
521.4,0.00052778917
521.5,0.00052843505
521.6,0.000529082015
521.7,0.00052973012
521.8,0.000530379105
521.9,0.0005310288
522.0,0.000531679115
522.1,0.000532329785
522.2,0.000532980605
522.3,0.00053363156
522.4,0.00053428242
522.5,0.000534933105
522.6,0.000535583675
522.7,0.0005362341
522.8,0.00053688438
522.9,0.00053753457
523.0,0.00053818484
523.1,0.000538835375
523.2,0.000539486195
523.3,0.000540137435
523.4,0.000540789465
523.5,0.00054144253
523.6,0.000542096625
523.7,0.00054275211
523.8,0.000543409415
523.9,0.000544068785
524.0,0.000544730315
524.1,0.000545394575
524.2,0.000546061975
524.3,0.00054673264
524.4,0.000547406975
524.5,0.00054808524
524.6,0.00054876755
524.7,0.000549454015
524.8,0.00055014487
524.9,0.000550840215
525.0,0.00055154045
525.1,0.00055224593
525.2,0.00055295735
525.3,0.000553675235
525.4,0.00055440002
525.5,0.000555132385
525.6,0.000555873035
525.7,0.000556622515
525.8,0.000557381375
525.9,0.000558150295
526.0,0.00055892966
526.1,0.00055972027
526.2,0.000560522475
526.3,0.000561336965
526.4,0.00056216441
526.5,0.000563005405
526.6,0.00056386045
526.7,0.00056473024
526.8,0.00056561533
526.9,0.000566516375
527.0,0.000567433885
527.1,0.000568368435
527.2,0.000569320565
527.3,0.00057029046
527.4,0.00057127835
527.5,0.00057228449
527.6,0.000573309055
527.7,0.00057435225
527.8,0.00057541383
527.9,0.00057649408
528.0,0.000577592725
528.1,0.00057870945
528.2,0.000579843885
528.3,0.000580995475
528.4,0.00058216338
528.5,0.000583346435
528.6,0.000584543545
528.7,0.00058575319
528.8,0.00058697384
528.9,0.00058820348
529.0,0.000589440405
529.1,0.00059068262
529.2,0.00059192774
529.3,0.00059317374
529.4,0.000594418045
529.5,0.00059565827
529.6,0.00059689184
529.7,0.000598116145
529.8,0.00059932896
529.9,0.000600528075
530.0,0.00060171146
530.1,0.00060287707
530.2,0.000604023015
530.3,0.000605147495
530.4,0.000606248705
530.5,0.000607325135
530.6,0.00060837497
530.7,0.00060939674
530.8,0.0006103887
530.9,0.00061134955
531.0,0.00061227783
531.1,0.000613172415
531.2,0.000614032285
531.3,0.00061485705
531.4,0.000615646505
531.5,0.000616401295
531.6,0.000617122245
531.7,0.00061781077
531.8,0.000618468685
531.9,0.000619097855
532.0,0.0006197005
532.1,0.000620278855
532.2,0.00062083507
532.3,0.000621371525
532.4,0.000621890115
532.5,0.00062239302
532.6,0.000622882025
532.7,0.000623359025
532.8,0.00062382566
532.9,0.0006242838
533.0,0.00062473453
533.1,0.000625179345
533.2,0.000625618945
533.3,0.000626054405
533.4,0.000626486415
533.5,0.00062691571
533.6,0.000627342795
533.7,0.000627767965
533.8,0.00062819164
533.9,0.000628614005
534.0,0.00062903537
534.1,0.000629455915
534.2,0.000629875765
534.3,0.00063029494
534.4,0.000630713645
534.5,0.0006311318
534.6,0.000631549245
534.7,0.000631965845
534.8,0.000632381545
534.9,0.00063279635
535.0,0.00063321015
535.1,0.00063362305
535.2,0.000634035185
535.3,0.00063444648
535.4,0.00063485676
535.5,0.00063526587
535.6,0.00063567361
535.7,0.000636080025
535.8,0.000636484965
535.9,0.00063688882
536.0,0.000637291585
536.1,0.000637693415
536.2,0.00063809474
536.3,0.000638495785
536.4,0.00063889665
536.5,0.000639297835
536.6,0.000639699445
536.7,0.00064010196
536.8,0.00064050577
536.9,0.00064091116
537.0,0.00064131885
537.1,0.000641729155
537.2,0.000642142535
537.3,0.000642559605
537.4,0.00064298103
537.5,0.00064340734
537.6,0.00064383897
537.7,0.0006442769
537.8,0.0006447217
537.9,0.00064517411
538.0,0.000645634975
538.1,0.00064610512
538.2,0.000646585595
538.3,0.000647077305
538.4,0.000647581485
538.5,0.00064809897
538.6,0.000648631
538.7,0.000649178845
538.8,0.000649743585
538.9,0.000650326645
539.0,0.000650928985
539.1,0.000651552115
539.2,0.00065219726
539.3,0.00065286588
539.4,0.00065355917
539.5,0.00065427854
539.6,0.00065502506
539.7,0.00065579992
539.8,0.00065660442
539.9,0.000657439315
540.0,0.00065830551
540.1,0.000659203795
540.2,0.000660134435
540.3,0.000661097605
540.4,0.00066209303
540.5,0.00066312016
540.6,0.000664178095
540.7,0.000665265435
540.8,0.000666380375
540.9,0.00066752119
541.0,0.00066868574
541.1,0.000669871745
541.2,0.00067107681
541.3,0.0006722989
541.4,0.00067353559
541.5,0.00067478491
541.6,0.0006760448
541.7,0.00067731354
541.8,0.000678589235
541.9,0.00067987053
542.0,0.00068115592
542.1,0.000682443825
542.2,0.000683733075
542.3,0.000685022505
542.4,0.000686310965
542.5,0.00068759714
542.6,0.000688880065
542.7,0.000690158525
542.8,0.00069143158
542.9,0.000692698155
543.0,0.0006939568
543.1,0.000695206345
543.2,0.00069644585
543.3,0.000697674485
543.4,0.000698891685
543.5,0.000700097075
543.6,0.000701290435
543.7,0.000702472065
543.8,0.00070364217
543.9,0.00070480102
544.0,0.00070594845
544.1,0.000707085235
544.2,0.000708212375
544.3,0.000709330755
544.4,0.00071044102
544.5,0.00071154371
544.6,0.00071264004
544.7,0.000713730635
544.8,0.0007148161
544.9,0.000715896785
545.0,0.00071697318
545.1,0.000718045905
545.2,0.00071911595
545.3,0.000720184015
545.4,0.00072125036
545.5,0.000722314605
545.6,0.000723376415
545.7,0.000724434565
545.8,0.000725488475
545.9,0.00072653728
546.0,0.000727580125
546.1,0.000728616495
546.2,0.000729645665
546.3,0.000730667135
546.4,0.00073168064
546.5,0.000732686085
546.6,0.000733683205
546.7,0.00073467218
546.8,0.000735653285
546.9,0.00073662663
547.0,0.000737592655
547.1,0.000738551655
547.2,0.000739503845
547.3,0.000740449775
547.4,0.000741389555
547.5,0.000742323495
547.6,0.00074325193
547.7,0.000744174565
547.8,0.000745091695
547.9,0.00074600303
548.0,0.000746908345
548.1,0.000747807465
548.2,0.000748699915
548.3,0.000749585575
548.4,0.00075046363
548.5,0.000751333875
548.6,0.00075219582
548.7,0.000753049205
548.8,0.000753893555
548.9,0.0007547286
549.0,0.00075555378
549.1,0.00075636899
549.2,0.00075717381
549.3,0.00075796823
549.4,0.00075875203
549.5,0.00075952522
549.6,0.000760288025
549.7,0.00076104053
549.8,0.000761783085
549.9,0.000762516225
550.0,0.00076324015
550.1,0.00076395541
550.2,0.00076466271
550.3,0.00076536287
550.4,0.00076605666
550.5,0.000766744885
550.6,0.000767428525
550.7,0.000768108585
550.8,0.00076878616
550.9,0.00076946202
551.0,0.000770137455
551.1,0.00077081353
551.2,0.000771491555
551.3,0.00077217235
551.4,0.000772857365
551.5,0.00077354764
551.6,0.00077424451
551.7,0.00077494876
551.8,0.000775661875
551.9,0.000776384905
552.0,0.00077711849
552.1,0.000777863235
552.2,0.00077861981
552.3,0.000779388745
552.4,0.00078017087
552.5,0.000780966495
552.6,0.00078177571
552.7,0.00078259867
552.8,0.00078343561
552.9,0.000784286485
553.0,0.00078515154
553.1,0.00078603073
553.2,0.00078692358
553.3,0.000787829905
553.4,0.0007887494
553.5,0.000789681445
553.6,0.000790625035
553.7,0.000791579125
553.8,0.000792542465
553.9,0.00079351364
554.0,0.0007944911
554.1,0.000795473235
554.2,0.00079645809
554.3,0.00079744394
554.4,0.00079842884
554.5,0.00079941104
554.6,0.000800388525
554.7,0.000801359475
554.8,0.000802322475
554.9,0.000803275655
555.0,0.000804217555
555.1,0.000805146635
555.2,0.000806061745
555.3,0.00080696138
555.4,0.0008078445
555.5,0.00080870997
555.6,0.00080955721
555.7,0.00081038518
555.8,0.00081119326
555.9,0.000811981
556.0,0.00081274787
556.1,0.00081349364
556.2,0.000814218045
556.3,0.00081492109
556.4,0.00081560293
556.5,0.000816264055
556.6,0.000816904775
556.7,0.000817525645
556.8,0.000818127855
556.9,0.000818712235
557.0,0.000819279975
557.1,0.00081983233
557.2,0.000820370485
557.3,0.00082089596
557.4,0.00082141009
557.5,0.000821913955
557.6,0.000822409105
557.7,0.00082289687
557.8,0.0008233783
557.9,0.000823854895
558.0,0.000824327355
558.1,0.00082479648
558.2,0.00082526327
558.3,0.00082572848
558.4,0.00082619235
558.5,0.000826655635
558.6,0.000827119055
558.7,0.00082758304
558.8,0.00082804827
558.9,0.000828515175
559.0,0.000828984065
559.1,0.00082945503
559.2,0.000829928245
559.3,0.00083040361
559.4,0.00083088093
559.5,0.00083135957
559.6,0.000831839365
559.7,0.000832319905
559.8,0.000832800435
559.9,0.00083328045
560.0,0.000833759205
560.1,0.000834236305
560.2,0.00083471107
560.3,0.00083518299
560.4,0.000835651185
560.5,0.000836115455
560.6,0.000836575025
560.7,0.000837029685
560.8,0.000837478815
560.9,0.00083792197
561.0,0.000838358965
561.1,0.000838789555
561.2,0.00083921337
561.3,0.000839630535
561.4,0.00084004087
561.5,0.00084044413
561.6,0.000840840335
561.7,0.00084122972
561.8,0.00084161219
561.9,0.00084198784
562.0,0.00084235687
562.1,0.000842719505
562.2,0.00084307544
562.3,0.00084342527
562.4,0.00084376914
562.5,0.0008441069
562.6,0.00084443872
562.7,0.000844764825
562.8,0.000845085205
562.9,0.0008454002
563.0,0.00084570994
563.1,0.00084601458
563.2,0.00084631436
563.3,0.000846609385
563.4,0.00084689998
563.5,0.00084718613
563.6,0.000847468315
563.7,0.00084774673
563.8,0.00084802142
563.9,0.000848292625
564.0,0.000848560445
564.1,0.000848824975
564.2,0.000849086615
564.3,0.00084934519
564.4,0.00084960095
564.5,0.000849853665
564.6,0.00085010377
564.7,0.000850350835
564.8,0.000850594875
564.9,0.00085083576
565.0,0.00085107305
565.1,0.000851306665
565.2,0.00085153639
565.3,0.000851761865
565.4,0.00085198303
565.5,0.00085219939
565.6,0.000852410395
565.7,0.000852615745
565.8,0.0008528152
565.9,0.00085300833
566.0,0.00085319484
566.1,0.00085337445
566.2,0.00085354691
566.3,0.000853711675
566.4,0.000853868565
566.5,0.000854017295
566.6,0.00085415751
566.7,0.00085428905
566.8,0.000854411895
566.9,0.00085452564
567.0,0.0008546304
567.1,0.00085472615
567.2,0.000854812825
567.3,0.000854890215
567.4,0.0008549583
567.5,0.000855017145
567.6,0.00085506682
567.7,0.0008551073
567.8,0.00085513867
567.9,0.00085516101
568.0,0.000855174555
568.1,0.00085517945
568.2,0.00085517573
568.3,0.0008551637
568.4,0.000855143545
568.5,0.000855115645
568.6,0.000855079965
568.7,0.000855037225
568.8,0.000854987715
568.9,0.00085493174
569.0,0.00085486981
569.1,0.000854802365
569.2,0.000854729965
569.3,0.00085465311
569.4,0.00085457245
569.5,0.000854488315
569.6,0.0008544014
569.7,0.0008543121
569.8,0.00085422085
569.9,0.00085412814
570.0,0.000854034345
570.1,0.0008539397
570.2,0.0008538445
570.3,0.000853748865
570.4,0.00085365286
570.5,0.000853556655
570.6,0.000853460125
570.7,0.000853363095
570.8,0.00085326556
570.9,0.000853167445
571.0,0.000853068655
571.1,0.00085296918
571.2,0.00085286908
571.3,0.000852768305
571.4,0.000852666725
571.5,0.000852564365
571.6,0.00085246102
571.7,0.00085235638
571.8,0.000852250435
571.9,0.000852142945
572.0,0.00085203375
572.1,0.00085192263
572.2,0.00085180938
572.3,0.0008516936
572.4,0.00085157501
572.5,0.00085145347
572.6,0.00085132869
572.7,0.00085120054
572.8,0.00085106919
572.9,0.000850934405
573.0,0.000850796425
573.1,0.000850655235
573.2,0.000850511035
573.3,0.00085036365
573.4,0.00085021313
573.5,0.000850059615
573.6,0.00084990297
573.7,0.00084974381
573.8,0.0008495821
573.9,0.000849418425
574.0,0.000849253265
574.1,0.00084908702
574.2,0.000848920265
574.3,0.00084875367
574.4,0.00084858758
574.5,0.000848422545
574.6,0.000848258955
574.7,0.000848097185
574.8,0.00084793755
574.9,0.00084778026
575.0,0.00084762554
575.1,0.000847473605
575.2,0.000847324755
575.3,0.000847179035
575.4,0.000847036625
575.5,0.000846897445
575.6,0.00084676159
575.7,0.00084662899
575.8,0.00084649952
575.9,0.000846373135
576.0,0.000846249805
576.1,0.000846129495
576.2,0.00084601187
576.3,0.000845897075
576.4,0.000845784835
576.5,0.000845675025
576.6,0.00084556762
576.7,0.000845462445
576.8,0.00084535935
576.9,0.00084525837
577.0,0.000845159265
577.1,0.00084506219
577.2,0.0008449671
577.3,0.000844873705
577.4,0.00084478197
577.5,0.000844691815
577.6,0.000844603315
577.7,0.000844516355
577.8,0.000844430875
577.9,0.000844346975
578.0,0.000844264525
578.1,0.00084418371
578.2,0.00084410449
578.3,0.00084402701
578.4,0.00084395136
578.5,0.00084387754
578.6,0.000843805645
578.7,0.000843735815
578.8,0.00084366788
578.9,0.000843602255
579.0,0.000843538805
579.1,0.000843477765
579.2,0.00084341914
579.3,0.00084336296
579.4,0.00084330944
579.5,0.000843258705
579.6,0.00084321094
579.7,0.000843166195
579.8,0.000843124705
579.9,0.000843086695
580.0,0.000843052235
580.1,0.000843021925
580.2,0.000842995735
580.3,0.00084297397
580.4,0.000842956765
580.5,0.000842944505
580.6,0.000842937155
580.7,0.00084293481
580.8,0.000842937605
580.9,0.000842945515
581.0,0.00084295838
581.1,0.000842975975
581.2,0.000842998055
581.3,0.00084302425
581.4,0.00084305421
581.5,0.000843087395
581.6,0.00084312302
581.7,0.000843160725
581.8,0.00084319978
581.9,0.00084323973
582.0,0.00084327984
582.1,0.00084331967
582.2,0.00084335894
582.3,0.000843397285
582.4,0.00084343454
582.5,0.000843470795
582.6,0.000843505995
582.7,0.000843540335
582.8,0.00084357409
582.9,0.000843607605
583.0,0.00084364116
583.1,0.000843675235
583.2,0.00084371021
583.3,0.00084374656
583.4,0.000843784535
583.5,0.000843824785
583.6,0.000843867575
583.7,0.000843913385
583.8,0.000843962425
583.9,0.00084401514
584.0,0.00084407167
584.1,0.00084413231
584.2,0.00084419697
584.3,0.00084426573
584.4,0.0008443387
584.5,0.000844415925
584.6,0.00084449717
584.7,0.0008445827
584.8,0.00084467252
584.9,0.000844766635
585.0,0.000844865085
585.1,0.00084496812
585.2,0.000845075765
585.3,0.00084518783
585.4,0.000845304255
585.5,0.00084542538
585.6,0.000845551085
585.7,0.00084568151
585.8,0.00084581669
585.9,0.00084595659
586.0,0.00084610112
586.1,0.000846250425
586.2,0.000846404375
586.3,0.00084656304
586.4,0.000846726335
586.5,0.00084689419
586.6,0.0008470665
586.7,0.00084724334
586.8,0.00084742449
586.9,0.00084760984
587.0,0.000847799545
587.1,0.00084799345
587.2,0.0008481918
587.3,0.00084839467
587.4,0.00084860229
587.5,0.00084881469
587.6,0.000849031845
587.7,0.00084925394
587.8,0.00084948087
587.9,0.00084971282
588.0,0.00084994974
588.1,0.000850191675
588.2,0.000850438755
588.3,0.00085069104
588.4,0.00085094854
588.5,0.000851211485
588.6,0.00085147988
588.7,0.00085175416
588.8,0.00085203462
588.9,0.00085232161
589.0,0.000852615625
589.1,0.000852917185
589.2,0.000853226855
589.3,0.00085354522
589.4,0.000853872905
589.5,0.00085421059
589.6,0.00085455889
589.7,0.00085491833
589.8,0.00085528944
589.9,0.000855672935
590.0,0.00085606952
590.1,0.000856479525
590.2,0.000856903645
590.3,0.000857342615
590.4,0.000857796845
590.5,0.000858266955
590.6,0.000858753675
590.7,0.000859257355
590.8,0.00085977866
590.9,0.00086031816
591.0,0.00086087635
591.1,0.0008614539
591.2,0.000862051195
591.3,0.000862668555
591.4,0.000863306035
591.5,0.00086396373
591.6,0.00086464143
591.7,0.000865338495
591.8,0.00086605405
591.9,0.00086678769
592.0,0.00086753867
592.1,0.000868306145
592.2,0.00086908898
592.3,0.00086988571
592.4,0.00087069457
592.5,0.00087151437
592.6,0.000872343585
592.7,0.00087318027
592.8,0.00087402236
592.9,0.000874867725
593.0,0.00087571443
593.1,0.000876560525
593.2,0.000877404045
593.3,0.000878242365
593.4,0.000879073775
593.5,0.00087989622
593.6,0.00088070822
593.7,0.000881508145
593.8,0.00088229426
593.9,0.000883065255
594.0,0.00088382002
594.1,0.00088455774
594.2,0.000885277255
594.3,0.000885977985
594.4,0.00088665916
594.5,0.000887320125
594.6,0.000887960625
594.7,0.00088858007
594.8,0.000889178015
594.9,0.00088975386
595.0,0.000890307315
595.1,0.00089083814
595.2,0.00089134613
595.3,0.000891831285
595.4,0.00089229366
595.5,0.000892733485
595.6,0.000893151125
595.7,0.00089354729
595.8,0.00089392245
595.9,0.000894277255
596.0,0.00089461238
596.1,0.00089492879
596.2,0.000895227575
596.3,0.000895509645
596.4,0.00089577591
596.5,0.000896027605
596.6,0.0008962657
596.7,0.000896491815
596.8,0.000896707545
596.9,0.000896914015
597.0,0.000897112625
597.1,0.0008973045
597.2,0.000897490865
597.3,0.000897672695
597.4,0.000897851345
597.5,0.00089802767
597.6,0.00089820241
597.7,0.00089837678
597.8,0.00089855165
597.9,0.00089872747
598.0,0.00089890496
598.1,0.000899084085
598.2,0.00089926514
598.3,0.00089944816
598.4,0.000899633725
598.5,0.0008998221
598.6,0.000900013035
598.7,0.00090020672
598.8,0.00090040296
598.9,0.000900601565
599.0,0.00090080237
599.1,0.000901005095
599.2,0.00090120938
599.3,0.00090141508
599.4,0.000901621795
599.5,0.000901829335
599.6,0.00090203707
599.7,0.000902244835
599.8,0.000902452145
599.9,0.00090265878
600.0,0.00090286416
600.1,0.00090306816
600.2,0.00090327031
600.3,0.00090347036
600.4,0.00090366786
600.5,0.0009038623
600.6,0.0009040536
600.7,0.00090424118
600.8,0.00090442464
600.9,0.00090460377
601.0,0.000904778105
601.1,0.000904947615
601.2,0.00090511192
601.3,0.000905270715
601.4,0.00090542392
601.5,0.00090557136
601.6,0.00090571271
601.7,0.00090584798
601.8,0.00090597695
601.9,0.00090609951
602.0,0.000906215665
602.1,0.00090632511
602.2,0.00090642759
602.3,0.0009065232
602.4,0.00090661136
602.5,0.000906692035
602.6,0.000906765105
602.7,0.00090683014
602.8,0.00090688721
602.9,0.00090693589
603.0,0.000906976195
603.1,0.00090700802
603.2,0.000907031365
603.3,0.0009070463
603.4,0.00090705261
603.5,0.00090705053
603.6,0.00090704036
603.7,0.000907022275
603.8,0.00090699631
603.9,0.00090696288
604.0,0.000906922135
604.1,0.000906874675
604.2,0.000906820615
604.3,0.000906760515
604.4,0.000906694585
604.5,0.000906623215
604.6,0.00090654671
604.7,0.00090646535
604.8,0.000906379655
604.9,0.00090629005
605.0,0.00090619667
605.1,0.00090609994
605.2,0.000906000225
605.3,0.00090589763
605.4,0.000905792555
605.5,0.00090568532
605.6,0.000905575835
605.7,0.000905464345
605.8,0.000905350615
605.9,0.000905234645
606.0,0.000905116335
606.1,0.00090499541
606.2,0.000904871715
606.3,0.000904745185
606.4,0.00090461558
606.5,0.000904483065
606.6,0.0009043477
606.7,0.00090420949
606.8,0.00090406831
606.9,0.00090392432
607.0,0.00090377735
607.1,0.000903627445
607.2,0.00090347441
607.3,0.00090331831
607.4,0.00090315905
607.5,0.000902996475
607.6,0.000902830535
607.7,0.00090266101
607.8,0.000902487655
607.9,0.000902310285
608.0,0.000902128665
608.1,0.000901942575
608.2,0.00090175167
608.3,0.00090155561
608.4,0.00090135405
608.5,0.000901146505
608.6,0.000900932605
608.7,0.00090071196
608.8,0.00090048413
608.9,0.000900248725
609.0,0.00090000502
609.1,0.00089975277
609.2,0.00089949141
609.3,0.00089922061
609.4,0.00089893982
609.5,0.000898648805
609.6,0.000898347085
609.7,0.00089803444
609.8,0.00089771043
609.9,0.000897374955
610.0,0.00089702732
610.1,0.000896667305
610.2,0.0008962946
610.3,0.000895909035
610.4,0.000895510085
610.5,0.000895097315
610.6,0.00089467056
610.7,0.00089422923
610.8,0.000893773295
610.9,0.000893302475
611.0,0.00089281637
611.1,0.000892314815
611.2,0.00089179781
611.3,0.00089126522
611.4,0.0008907171
611.5,0.000890153875
611.6,0.000889575575
611.7,0.00088898255
611.8,0.000888375015
611.9,0.000887753305
612.0,0.000887117995
612.1,0.000886469815
612.2,0.00088580926
612.3,0.000885137095
612.4,0.00088445428
612.5,0.000883761735
612.6,0.00088306059
612.7,0.000882351945
612.8,0.000881637135
612.9,0.000880917155
613.0,0.000880193275
613.1,0.000879467035
613.2,0.00087873978
613.3,0.00087801288
613.4,0.00087728765
613.5,0.0008765655
613.6,0.000875847355
613.7,0.000875134515
613.8,0.000874427955
613.9,0.00087372876
614.0,0.00087303798
614.1,0.000872356555
614.2,0.00087168545
614.3,0.00087102549
614.4,0.000870377415
614.5,0.00086974196
614.6,0.00086911975
614.7,0.00086851136
614.8,0.000867917235
614.9,0.00086733799
615.0,0.000866773945
615.1,0.000866225545
615.2,0.00086569311
615.3,0.000865176985
615.4,0.00086467725
615.5,0.00086419432
615.6,0.00086372836
615.7,0.00086327949
615.8,0.00086284771
615.9,0.00086243313
616.0,0.00086203524
616.1,0.000861654155
616.2,0.00086128961
616.3,0.000860941275
616.4,0.00086060876
616.5,0.000860291875
616.6,0.00085999039
616.7,0.000859704065
616.8,0.000859432435
616.9,0.00085917549
617.0,0.00085893275
617.1,0.000858704085
617.2,0.000858489045
617.3,0.00085828734
617.4,0.00085809869
617.5,0.000857922665
617.6,0.000857758865
617.7,0.0008576069
617.8,0.000857466275
617.9,0.00085733635
618.0,0.000857216795
618.1,0.00085710691
618.2,0.000857006165
618.3,0.000856913955
618.4,0.000856829555
618.5,0.00085675247
618.6,0.00085668207
618.7,0.000856617585
618.8,0.000856558645
618.9,0.000856504415
619.0,0.00085645457
619.1,0.00085640826
619.2,0.00085636509
619.3,0.00085632462
619.4,0.00085628608
619.5,0.000856248985
619.6,0.000856212865
619.7,0.00085617705
619.8,0.00085614105
619.9,0.00085610407
620.0,0.000856065435
620.1,0.00085602443
620.2,0.000855980125
620.3,0.00085593189
620.4,0.00085587864
620.5,0.000855819815
620.6,0.00085575443
620.7,0.00085568149
620.8,0.000855600115
620.9,0.000855509235
621.0,0.00085540795
621.1,0.000855295265
621.2,0.000855170155
621.3,0.00085503143
621.4,0.000854878015
621.5,0.00085470862
621.6,0.00085452238
621.7,0.000854318475
621.8,0.00085409578
621.9,0.000853853505
622.0,0.000853591345
622.1,0.000853308705
622.2,0.00085300542
622.3,0.00085268198
622.4,0.000852338915
622.5,0.00085197737
622.6,0.000851598945
622.7,0.000851205295
622.8,0.00085079833
622.9,0.00085037969
623.0,0.000849951415
623.1,0.00084951502
623.2,0.000849072195
623.3,0.000848623825
623.4,0.00084817049
623.5,0.00084771266
623.6,0.00084725037
623.7,0.00084678342
623.8,0.00084631178
623.9,0.0008458357
624.0,0.00084535565
624.1,0.0008448721
624.2,0.00084438608
624.3,0.000843898575
624.4,0.00084341037
624.5,0.00084292226
624.6,0.000842434855
624.7,0.00084194817
624.8,0.000841462475
624.9,0.00084097731
625.0,0.00084049248
625.1,0.00084000753
625.2,0.000839521835
625.3,0.000839035095
625.4,0.000838546805
625.5,0.00083805667
625.6,0.0008375642
625.7,0.000837068995
625.8,0.00083657066
625.9,0.00083606888
626.0,0.000835563545
626.1,0.000835054095
626.2,0.000834540195
626.3,0.00083402137
626.4,0.00083349723
626.5,0.00083296744
626.6,0.000832431525
626.7,0.00083188906
626.8,0.00083133971
626.9,0.00083078329
627.0,0.000830219335
627.1,0.000829647465
627.2,0.00082906744
627.3,0.00082847885
627.4,0.00082788151
627.5,0.00082727494
627.6,0.000826659015
627.7,0.000826033295
627.8,0.00082539753
627.9,0.000824751365
628.0,0.00082409477
628.1,0.00082342746
628.2,0.00082274935
628.3,0.000822060335
628.4,0.00082136037
628.5,0.00082064946
628.6,0.000819927735
628.7,0.000819195215
628.8,0.00081845224
628.9,0.000817698975
629.0,0.000816935535
629.1,0.000816162175
629.2,0.000815379145
629.3,0.000814586715
629.4,0.00081378523
629.5,0.000812974795
629.6,0.00081215557
629.7,0.000811328055
629.8,0.000810492275
629.9,0.000809648635
630.0,0.00080879723
630.1,0.000807938695
630.2,0.00080707318
630.3,0.00080620098
630.4,0.00080532255
630.5,0.000804438005
630.6,0.000803547775
630.7,0.00080265211
630.8,0.00080175125
630.9,0.000800845565
631.0,0.00079993535
631.1,0.000799020855
631.2,0.000798102285
631.3,0.00079717993
631.4,0.000796254115
631.5,0.000795324995
631.6,0.000794392755
631.7,0.00079345758
631.8,0.00079251953
631.9,0.00079157881
632.0,0.000790635715
632.1,0.00078969022
632.2,0.000788742245
632.3,0.000787791795
632.4,0.000786838305
632.5,0.00078588148
632.6,0.000784920885
632.7,0.000783955675
632.8,0.00078298502
632.9,0.00078200832
633.0,0.000781025475
633.1,0.00078003624
633.2,0.000779040485
633.3,0.00077803815
633.4,0.00077702934
633.5,0.00077601415
633.6,0.00077499293
633.7,0.000773965845
633.8,0.000772933
633.9,0.000771894795
634.0,0.00077085124
634.1,0.00076980244
634.2,0.000768748665
634.3,0.000767690105
634.4,0.00076662683
634.5,0.00076555902
634.6,0.000764486815
634.7,0.000763410205
634.8,0.00076232914
634.9,0.000761243515
635.0,0.000760153515
635.1,0.000759058995
635.2,0.000757959925
635.3,0.000756856325
635.4,0.00075574813
635.5,0.000754635265
635.6,0.000753517635
635.7,0.00075239527
635.8,0.000751268095
635.9,0.00075013614
636.0,0.000748999305
636.1,0.000747857545
636.2,0.000746710935
636.3,0.000745559485
636.4,0.000744403015
636.5,0.00074324184
636.6,0.000742075715
636.7,0.00074090485
636.8,0.00073972938
636.9,0.00073854931
637.0,0.00073736486
637.1,0.00073617607
637.2,0.000734983055
637.3,0.00073378603
637.4,0.00073258519
637.5,0.000731380645
637.6,0.000730172485
637.7,0.000728961185
637.8,0.0007277468
637.9,0.00072652945
638.0,0.00072530959
638.1,0.000724087195
638.2,0.00072286255
638.3,0.00072163579
638.4,0.00072040736
638.5,0.00071917735
638.6,0.00071794612
638.7,0.00071671368
638.8,0.000715480465
638.9,0.0007142465
639.0,0.00071301214
639.1,0.0007117775
639.2,0.00071054289
639.3,0.00070930845
639.4,0.00070807438
639.5,0.00070684097
639.6,0.00070560848
639.7,0.00070437706
639.8,0.000703146845
639.9,0.00070191816
640.0,0.00070069121
640.1,0.000699466175
640.2,0.000698243225
640.3,0.00069702257
640.4,0.000695804405
640.5,0.000694589
640.6,0.00069337652
640.7,0.000692167245
640.8,0.00069096127
640.9,0.000689759015
641.0,0.000688560515
641.1,0.000687365945
641.2,0.000686175615
641.3,0.000684989675
641.4,0.00068380843
641.5,0.000682632025
641.6,0.000681460695
641.7,0.00068029467
641.8,0.000679134105
641.9,0.00067797923
642.0,0.00067683038
642.1,0.000675687685
642.2,0.000674551285
642.3,0.000673421505
642.4,0.000672298445
642.5,0.000671182465
642.6,0.000670073645
642.7,0.000668972245
642.8,0.000667878545
642.9,0.000666792705
643.0,0.000665714785
643.1,0.000664645175
643.2,0.00066358396
643.3,0.00066253129
643.4,0.00066148737
643.5,0.000660452215
643.6,0.00065942615
643.7,0.000658409205
643.8,0.000657401555
643.9,0.00065640327
644.0,0.00065541444
644.1,0.00065443498
644.2,0.00065346497
644.3,0.00065250453
644.4,0.000651553585
644.5,0.000650612055
644.6,0.00064967988
644.7,0.00064875697
644.8,0.000647843175
644.9,0.000646938355
645.0,0.000646042265
645.1,0.00064515463
645.2,0.0006442753
645.3,0.000643403965
645.4,0.000642540265
645.5,0.00064168394
645.6,0.000640834605
645.7,0.00063999185
645.8,0.00063915524
645.9,0.000638324385
646.0,0.000637498895
646.1,0.000636678235
646.2,0.000635862125
646.3,0.00063504989
646.4,0.00063424129
646.5,0.000633435695
646.6,0.000632632735
646.7,0.000631832075
646.8,0.00063103316
646.9,0.00063023561
647.0,0.00062943914
647.1,0.00062864319
647.2,0.00062784756
647.3,0.000627051915
647.4,0.000626255745
647.5,0.00062545898
647.6,0.000624661245
647.7,0.00062386234
647.8,0.000623062065
647.9,0.00062226013
648.0,0.000621456535
648.1,0.000620651075
648.2,0.000619843565
648.3,0.000619033995
648.4,0.00061822222
648.5,0.00061740839
648.6,0.000616592315
648.7,0.0006157741
648.8,0.000614953765
648.9,0.000614131255
649.0,0.00061330682
649.1,0.000612480355
649.2,0.000611652145
649.3,0.00061082221
649.4,0.000609990665
649.5,0.00060915763
649.6,0.00060832322
649.7,0.00060748762
649.8,0.000606651025
649.9,0.00060581353
650.0,0.000604975365
650.1,0.00060413659
650.2,0.00060329736
650.3,0.000602457965
650.4,0.000601618425
650.5,0.00060077901
650.6,0.000599939835
650.7,0.000599101235
650.8,0.00059826335
650.9,0.0005974263
651.0,0.00059659037
651.1,0.000595755785
651.2,0.00059492276
651.3,0.00059409142
651.4,0.000593262015
651.5,0.00059243475
651.6,0.00059160978
651.7,0.00059078743
651.8,0.000589967685
651.9,0.000589150905
652.0,0.00058833714
652.1,0.00058752658
652.2,0.000586719435
652.3,0.000585915745
652.4,0.000585115615
652.5,0.000584319155
652.6,0.0005835266
652.7,0.000582737935
652.8,0.00058195329
652.9,0.000581172775
653.0,0.0005803966
653.1,0.000579624765
653.2,0.000578857295
653.3,0.000578094315
653.4,0.00057733591
653.5,0.000576581885
653.6,0.00057583224
653.7,0.000575087145
653.8,0.000574346335
653.9,0.00057361003
654.0,0.00057287815
654.1,0.000572150775
654.2,0.00057142791
654.3,0.00057070953
654.4,0.00056999557
654.5,0.000569286015
654.6,0.00056858064
654.7,0.000567879495
654.8,0.000567182275
654.9,0.000566488955
655.0,0.000565799355
655.1,0.00056511335
655.2,0.000564430755
655.3,0.00056375148
655.4,0.000563075435
655.5,0.000562402485
655.6,0.00056173255
655.7,0.00056106562
655.8,0.0005604015
655.9,0.000559740275
656.0,0.00055908184
656.1,0.0005584261
656.2,0.00055777307
656.3,0.000557122675
656.4,0.00055647493
656.5,0.00055582986
656.6,0.00055518751
656.7,0.00055454789
656.8,0.000553910995
656.9,0.000553277
657.0,0.00055264587
657.1,0.000552017745
657.2,0.000551392605
657.3,0.000550770525
657.4,0.000550151465
657.5,0.00054953555
657.6,0.00054892276
657.7,0.000548313215
657.8,0.000547706955
657.9,0.00054710385
658.0,0.000546504035
658.1,0.000545907555
658.2,0.00054531438
658.3,0.0005447246
658.4,0.000544138245
658.5,0.0005435552
658.6,0.00054297572
658.7,0.00054239955
658.8,0.000541826705
658.9,0.00054125718
659.0,0.00054069079
659.1,0.00054012734
659.2,0.000539566545
659.3,0.00053900823
659.4,0.000538452065
659.5,0.000537897725
659.6,0.00053734478
659.7,0.00053679268
659.8,0.00053624096
659.9,0.000535689015
660.0,0.000535136535
660.1,0.00053458289
660.2,0.000534027815
660.3,0.00053347086
660.4,0.000532911765
660.5,0.000532350095
660.6,0.00053178557
660.7,0.000531217975
660.8,0.000530647065
660.9,0.000530072465
661.0,0.00052949398
661.1,0.00052891136
661.2,0.00052832442
661.3,0.000527732785
661.4,0.000527136325
661.5,0.0005265349
661.6,0.000525928365
661.7,0.000525316545
661.8,0.00052469934
661.9,0.00052407667
662.0,0.000523448345
662.1,0.000522814495
662.2,0.000522174945
662.3,0.000521529825
662.4,0.00052087907
662.5,0.000520222735
662.6,0.000519560855
662.7,0.00051889353
662.8,0.00051822098
662.9,0.000517543235
663.0,0.000516860415
663.1,0.000516172735
663.2,0.00051548053
663.3,0.000514783725
663.4,0.00051408268
663.5,0.00051337764
663.6,0.00051266875
663.7,0.00051195629
663.8,0.00051124041
663.9,0.00051052147
664.0,0.00050979951
664.1,0.000509074875
664.2,0.000508347695
664.3,0.00050761817
664.4,0.00050688647
664.5,0.000506152695
664.6,0.00050541721
664.7,0.000504679945
664.8,0.00050394112
664.9,0.00050320078
665.0,0.00050245918
665.1,0.000501716255
665.2,0.00050097228
665.3,0.000500227265
665.4,0.0004994813175
665.5,0.0004987346125
665.6,0.0004979870995
665.7,0.0004972389085
665.8,0.000496490178
665.9,0.0004957409085
666.0,0.000494991231
666.1,0.0004942412505
666.2,0.0004934909485
666.3,0.00049274055
666.4,0.000491990022
666.5,0.0004912394095
666.6,0.0004904889755
666.7,0.000489738695
666.8,0.0004889886535
666.9,0.000488238921
667.0,0.000487489515
667.1,0.0004867405555
667.2,0.0004859920525
667.3,0.000485244005
667.4,0.0004844965755
667.5,0.0004837498035
667.6,0.0004830037115
667.7,0.0004822583765
667.8,0.000481513882
667.9,0.0004807702265
668.0,0.000480027542
668.1,0.000479285779
668.2,0.0004785450825
668.3,0.000477805541
668.4,0.000477067137
668.5,0.0004763298575
668.6,0.0004755938855
668.7,0.000474859198
668.8,0.000474125905
668.9,0.0004733940295
669.0,0.0004726636385
669.1,0.000471934672
669.2,0.000471207262
669.3,0.000470481508
669.4,0.0004697573245
669.5,0.0004690349125
669.6,0.000468314126
669.7,0.000467595118
669.8,0.000466877906
669.9,0.000466162377
670.0,0.0004654487035
670.1,0.0004647369245
670.2,0.000464026999
670.3,0.000463318899
670.4,0.000462612684
670.5,0.0004619083515
670.6,0.000461205961
670.7,0.000460505485
670.8,0.000459806903
670.9,0.000459110171
671.0,0.0004584153
671.1,0.0004577223145
671.2,0.000457031226
671.3,0.0004563420005
671.4,0.0004556546265
671.5,0.000454969177
671.6,0.0004542855185
671.7,0.0004536037085
671.8,0.0004529237585
671.9,0.0004522456595
672.0,0.0004515694665
672.1,0.0004508951515
672.2,0.0004502227025
672.3,0.0004495521435
672.4,0.0004488834595
672.5,0.0004482166005
672.6,0.0004475515835
672.7,0.000446888419
672.8,0.000446227096
672.9,0.0004455675285
673.0,0.000444909651
673.1,0.0004442535045
673.2,0.000443598983
673.3,0.000442946039
673.4,0.000442294581
673.5,0.000441644548
673.6,0.0004409958705
673.7,0.0004403485305
673.8,0.0004397023715
673.9,0.000439057324
674.0,0.0004384133305
674.1,0.000437770302
674.2,0.0004371281455
674.3,0.000436486749
674.4,0.000435846061
674.5,0.000435205915
674.6,0.0004345663465
674.7,0.000433927177
674.8,0.00043328833
674.9,0.0004326498635
675.0,0.0004320116615
675.1,0.0004313736755
675.2,0.0004307358825
675.3,0.00043009831
675.4,0.000429460918
675.5,0.0004288237675
675.6,0.0004281867495
675.7,0.0004275499865
675.8,0.000426913417
675.9,0.000426277126
676.0,0.0004256409805
676.1,0.0004250050775
676.2,0.000424369416
676.3,0.0004237339945
676.4,0.0004230989
676.5,0.000422464103
676.6,0.000421829628
676.7,0.0004211954355
676.8,0.0004205616075
676.9,0.000419928211
677.0,0.0004192952485
677.1,0.000418662775
677.2,0.000418030849
677.3,0.000417399554
677.4,0.000416768946
677.5,0.000416139095
677.6,0.0004155101275
677.7,0.000414882066
677.8,0.000414255101
677.9,0.0004136291755
678.0,0.0004130043995
678.1,0.000412380864
678.2,0.0004117586215
678.3,0.00041113781
678.4,0.0004105184115
678.5,0.00040990051
678.6,0.0004092841355
678.7,0.000408669347
678.8,0.0004080562785
678.9,0.0004074448835
679.0,0.0004068352845
679.1,0.00040622749
679.2,0.0004056216155
679.3,0.0004050176835
679.4,0.000404415822
679.5,0.0004038159975
679.6,0.000403218353
679.7,0.000402622849
679.8,0.0004020296305
679.9,0.0004014386445
680.0,0.0004008500765
680.1,0.0004002638865
680.2,0.0003996800795
680.3,0.000399098805
680.4,0.0003985200095
680.5,0.000397943735
680.6,0.000397370087
680.7,0.000396799021
680.8,0.0003962306115
680.9,0.0003956648875
681.0,0.000395101781
681.1,0.000394541382
681.2,0.0003939836895
681.3,0.000393428749
681.4,0.000392876468
681.5,0.0003923270115
681.6,0.000391780287
681.7,0.0003912363655
681.8,0.000390695216
681.9,0.000390156852
682.0,0.0003896213765
682.1,0.000389088818
682.2,0.000388559111
682.3,0.000388032321
682.4,0.000387508507
682.5,0.000386987651
682.6,0.0003864697995
682.7,0.000385954996
682.8,0.0003854432805
682.9,0.00038493464
683.0,0.000384429103
683.1,0.000383926704
683.2,0.0003834274605
683.3,0.0003829313295
683.4,0.000382438357
683.5,0.0003819485675
683.6,0.0003814619525
683.7,0.0003809784655
683.8,0.000380498109
683.9,0.000380020892
684.0,0.000379546832
684.1,0.0003790758595
684.2,0.0003786079345
684.3,0.0003781430645
684.4,0.0003776812205
684.5,0.0003772223435
684.6,0.000376766487
684.7,0.000376313523
684.8,0.0003758634185
684.9,0.0003754161915
685.0,0.000374971765
685.1,0.0003745301315
685.2,0.000374091278
685.3,0.0003736552755
685.4,0.000373222107
685.5,0.0003727917865
685.6,0.000372364315
685.7,0.0003719397015
685.8,0.000371517874
685.9,0.0003710988005
686.0,0.0003706825095
686.1,0.000370268966
686.2,0.000369858122
686.3,0.0003694499635
686.4,0.000369044485
686.5,0.00036864166
686.6,0.000368241489
686.7,0.000367843925
686.8,0.0003674488475
686.9,0.000367056311
687.0,0.0003666661755
687.1,0.0003662784165
687.2,0.0003658929565
687.3,0.0003655097985
687.4,0.0003651288085
687.5,0.0003647499235
687.6,0.000364373127
687.7,0.0003639983705
687.8,0.000363625584
687.9,0.0003632547855
688.0,0.000362885876
688.1,0.000362518785
688.2,0.0003621534895
688.3,0.000361789916
688.4,0.0003614280595
688.5,0.000361067868
688.6,0.0003607092755
688.7,0.0003603522465
688.8,0.000359996765
688.9,0.000359642769
689.0,0.0003592902825
689.1,0.000358939292
689.2,0.000358589744
689.3,0.0003582416645
689.4,0.000357895033
689.5,0.0003575498415
689.6,0.000357206107
689.7,0.000356863882
689.8,0.000356523144
689.9,0.0003561839185
690.0,0.000355846225
690.1,0.0003555101565
690.2,0.0003551756975
690.3,0.0003548428835
690.4,0.0003545117465
690.5,0.000354182375
690.6,0.000353854789
690.7,0.0003535290545
690.8,0.0003532052785
690.9,0.000352883477
691.0,0.000352563728
691.1,0.000352246079
691.2,0.000351930671
691.3,0.000351617521
691.4,0.000351306736
691.5,0.0003509983885
691.6,0.000350692585
691.7,0.000350389333
691.8,0.0003500887035
691.9,0.0003497908
692.0,0.0003494956485
692.1,0.0003492033125
692.2,0.000348913792
692.3,0.0003486272195
692.4,0.000348343575
692.5,0.0003480629185
692.6,0.00034778522
692.7,0.000347510504
692.8,0.0003472388255
692.9,0.0003469701405
693.0,0.000346704485
693.1,0.000346441841
693.2,0.000346182207
693.3,0.0003459256425
693.4,0.0003456720825
693.5,0.00034542155
693.6,0.0003451740465
693.7,0.000344929579
693.8,0.00034468811
693.9,0.000344449655
694.0,0.00034421416
694.1,0.000343981671
694.2,0.0003437521385
694.3,0.000343525596
694.4,0.000343301955
694.5,0.000343081185
694.6,0.000342863274
694.7,0.000342648187
694.8,0.000342435843
694.9,0.000342226251
695.0,0.000342019344
695.1,0.000341815073
695.2,0.000341613341
695.3,0.000341414161
695.4,0.0003412174585
695.5,0.0003410231865
695.6,0.0003408313005
695.7,0.00034064176
695.8,0.000340454418
695.9,0.000340269308
696.0,0.000340086315
696.1,0.000339905416
696.2,0.000339726561
696.3,0.000339549629
696.4,0.00033937453
696.5,0.0003392012585
696.6,0.0003390297325
696.7,0.000338859868
696.8,0.0003386915605
696.9,0.0003385248255
697.0,0.000338359508
697.1,0.0003381955725
697.2,0.0003380329805
697.3,0.000337871659
697.4,0.0003377115315
697.5,0.0003375525405
697.6,0.000337394657
697.7,0.0003372377865
697.8,0.000337081987
697.9,0.000336927127
698.0,0.000336773205
698.1,0.0003366201545
698.2,0.000336468028
698.3,0.0003363167325
698.4,0.000336166261
698.5,0.0003360165965
698.6,0.0003358677915
698.7,0.0003357197715
698.8,0.000335572523
698.9,0.0003354260985
699.0,0.000335280489
699.1,0.0003351356965
699.2,0.000334991664
699.3,0.000334848439
699.4,0.000334706067
699.5,0.0003345645235
699.6,0.0003344238815
699.7,0.000334284098
699.8,0.0003341452485
699.9,0.0003340072955
700.0,0.000333870321
700.1,0.000333734282
700.2,0.000333599282
700.3,0.000333465294
700.4,0.000333332342
700.5,0.000333200464
700.6,0.000333069706
700.7,0.0003329400875
700.8,0.000332811592
700.9,0.000332684276
701.0,0.000332558147
701.1,0.0003324332275
701.2,0.000332309552
701.3,0.000332187122
701.4,0.00033206598
701.5,0.0003319461
701.6,0.000331827563
701.7,0.000331710392
701.8,0.000331594552
701.9,0.000331480151
702.0,0.000331367125
702.1,0.000331255534
702.2,0.000331145394
702.3,0.0003310366925
702.4,0.000330929505
702.5,0.000330823839
702.6,0.000330719696
702.7,0.00033061712
702.8,0.000330516094
702.9,0.000330416728
703.0,0.0003303189755
703.1,0.000330222817
703.2,0.0003301283475
703.3,0.00033003559
703.4,0.000329944515
703.5,0.0003298551675
703.6,0.0003297675515
703.7,0.0003296817245
703.8,0.0003295976335
703.9,0.000329515329
704.0,0.0003294348085
704.1,0.000329356118
704.2,0.000329279208
704.3,0.000329204146
704.4,0.00032913091
704.5,0.0003290595135
704.6,0.000328989993
704.7,0.0003289223125
704.8,0.0003288565255
704.9,0.000328792612
705.0,0.000328730558
705.1,0.000328670366
705.2,0.0003286120495
705.3,0.0003285556205
705.4,0.000328501077
705.5,0.00032844846
705.6,0.000328397663
705.7,0.0003283487865
705.8,0.0003283017705
705.9,0.0003282566635
706.0,0.0003282134425
706.1,0.000328172067
706.2,0.0003281325705
706.3,0.000328094949
706.4,0.00032805916
706.5,0.0003280252485
706.6,0.000327993181
706.7,0.0003279629305
706.8,0.000327934495
706.9,0.0003279078725
707.0,0.0003278830605
707.1,0.000327860034
707.2,0.0003278387725
707.3,0.000327819272
707.4,0.0003278014835
707.5,0.0003277853855
707.6,0.0003277710105
707.7,0.0003277582795
707.8,0.0003277472415
707.9,0.000327737777
708.0,0.0003277299305
708.1,0.0003277236575
708.2,0.0003277189805
708.3,0.000327715862
708.4,0.000327714187
708.5,0.0003277140655
708.6,0.0003277153355
708.7,0.000327718042
708.8,0.000327722124
708.9,0.000327727584
709.0,0.0003277343595
709.1,0.0003277423945
709.2,0.0003277517025
709.3,0.0003277622335
709.4,0.0003277739445
709.5,0.000327786765
709.6,0.0003278006735
709.7,0.000327815645
709.8,0.00032783163
709.9,0.0003278485935
710.0,0.000327866501
710.1,0.000327885363
710.2,0.0003279051055
710.3,0.000327925685
710.4,0.000327947016
710.5,0.00032796911
710.6,0.0003279919375
710.7,0.000328015436
710.8,0.000328039596
710.9,0.0003280643645
711.0,0.000328089717
711.1,0.0003281156585
711.2,0.00032814208
711.3,0.000328168981
711.4,0.0003281963595
711.5,0.000328224177
711.6,0.0003282523625
711.7,0.0003282808905
711.8,0.00032830975
711.9,0.00032833895
712.0,0.0003283684455
712.1,0.0003283981895
712.2,0.000328428198
712.3,0.0003284584365
712.4,0.000328488889
712.5,0.000328519531
712.6,0.000328550355
712.7,0.0003285812975
712.8,0.000328612434
712.9,0.0003286437335
713.0,0.0003286751825
713.1,0.000328706777
713.2,0.000328738523
713.3,0.000328770433
713.4,0.000328802459
713.5,0.0003288346035
713.6,0.0003288668955
713.7,0.0003288993935
713.8,0.0003289320415
713.9,0.000328964856
714.0,0.00032899786
714.1,0.0003290310825
714.2,0.0003290645495
714.3,0.000329098286
714.4,0.000329132314
714.5,0.00032916661
714.6,0.000329201229
714.7,0.0003292361835
714.8,0.0003292714875
714.9,0.000329307198
715.0,0.000329343314
715.1,0.0003293798665
715.2,0.000329416876
715.3,0.000329454351
715.4,0.0003294923465
715.5,0.000329530892
715.6,0.0003295700065
715.7,0.0003296096635
715.8,0.000329649948
715.9,0.0003296908295
716.0,0.0003297323205
716.1,0.0003297744815
716.2,0.000329817317
716.3,0.000329860817
716.4,0.0003299049805
716.5,0.000329949883
716.6,0.0003299954775
716.7,0.0003300417975
716.8,0.000330088856
716.9,0.0003301366645
717.0,0.0003301852175
717.1,0.0003302344685
717.2,0.00033028447
717.3,0.0003303351565
717.4,0.000330386539
717.5,0.0003304386235
717.6,0.000330491352
717.7,0.0003305447475
717.8,0.0003305987355
717.9,0.00033065331
718.0,0.0003307084655
718.1,0.0003307642175
718.2,0.000330820464
718.3,0.0003308772345
718.4,0.000330934445
718.5,0.0003309921125
718.6,0.000331050197
718.7,0.0003311086655
718.8,0.000331167409
718.9,0.0003312264455
719.0,0.0003312857285
719.1,0.0003313452525
719.2,0.000331404941
719.3,0.0003314647765
719.4,0.000331524736
719.5,0.000331584698
719.6,0.0003316446715
719.7,0.0003317046805
719.8,0.000331764628
719.9,0.000331824496
720.0,0.000331884284
720.1,0.000331943897
720.2,0.000332003313
720.3,0.0003320625235
720.4,0.0003321215475
720.5,0.000332180265
720.6,0.000332238716
720.7,0.000332296825
720.8,0.0003323545895
720.9,0.000332411993
721.0,0.000332468993
721.1,0.0003325255745
721.2,0.000332581717
721.3,0.0003326374605
721.4,0.00033269269
721.5,0.0003327474865
721.6,0.0003328017405
721.7,0.0003328554565
721.8,0.000332908621
721.9,0.000332961236
722.0,0.000333013277
722.1,0.000333064693
722.2,0.000333115519
722.3,0.0003331656595
722.4,0.0003332151645
722.5,0.000333263995
722.6,0.000333312133
722.7,0.000333359618
722.8,0.000333406385
722.9,0.000333452437
723.0,0.000333497725
723.1,0.000333542288
723.2,0.000333586128
723.3,0.000333629189
723.4,0.000333671529
723.5,0.0003337131155
723.6,0.000333753901
723.7,0.0003337939
723.8,0.0003338332285
723.9,0.0003338717945
724.0,0.0003339095405
724.1,0.0003339465785
724.2,0.000333982916
724.3,0.000334018523
724.4,0.000334053466
724.5,0.000334087728
724.6,0.0003341213055
724.7,0.0003341542215
724.8,0.0003341865175
724.9,0.000334218251
725.0,0.000334249374
725.1,0.0003342799295
725.2,0.000334309973
725.3,0.0003343395505
725.4,0.000334368646
725.5,0.000334397337
725.6,0.000334425579
725.7,0.000334453465
725.8,0.000334481038
725.9,0.0003345082865
726.0,0.000334535292
726.1,0.00033456204
726.2,0.000334588561
726.3,0.000334614961
726.4,0.0003346412365
726.5,0.0003346674145
726.6,0.0003346935625
726.7,0.0003347197105
726.8,0.000334745876
726.9,0.000334772104
727.0,0.000334798452
727.1,0.000334824977
727.2,0.000334851651
727.3,0.0003348785785
727.4,0.0003349056975
727.5,0.00033493313
727.6,0.0003349609
727.7,0.000334989049
727.8,0.000335017661
727.9,0.0003350466655
728.0,0.000335076141
728.1,0.000335106127
728.2,0.0003351366145
728.3,0.0003351677175
728.4,0.0003351994235
728.5,0.0003352317585
728.6,0.0003352647825
728.7,0.0003352984695
728.8,0.0003353328505
728.9,0.000335367964
729.0,0.000335403852
729.1,0.0003354405315
729.2,0.000335477957
729.3,0.0003355161605
729.4,0.000335555175
729.5,0.0003355950325
729.6,0.000335635772
729.7,0.000335677356
729.8,0.0003357198125
729.9,0.000335763112
730.0,0.0003358073375
730.1,0.00033585244
730.2,0.000335898495
730.3,0.000335945439
730.4,0.0003359932665
730.5,0.000336042021
730.6,0.0003360917255
730.7,0.0003361423425
730.8,0.0003361938895
730.9,0.000336246432
731.0,0.000336299873
731.1,0.0003363542365
731.2,0.000336409606
731.3,0.000336465955
731.4,0.000336523247
731.5,0.0003365815425
731.6,0.0003366407775
731.7,0.000336700981
731.8,0.000336762203
731.9,0.000336824409
732.0,0.000336887641
732.1,0.00033695189
732.2,0.0003370171755
732.3,0.000337083487
732.4,0.0003371508515
732.5,0.0003372192855
732.6,0.000337288765
732.7,0.000337359322
732.8,0.0003374309625
732.9,0.0003375036905
733.0,0.0003375775495
733.1,0.000337652519
733.2,0.00033772863
733.3,0.00033780584
733.4,0.000337884253
733.5,0.0003379637995
733.6,0.000338044524
733.7,0.00033812643
733.8,0.0003382094815
733.9,0.0003382937155
734.0,0.000338379153
734.1,0.0003384658095
734.2,0.0003385536475
734.3,0.0003386426295
734.4,0.000338732852
734.5,0.000338824285
734.6,0.000338916884
734.7,0.0003390106445
734.8,0.000339105651
734.9,0.0003392018715
735.0,0.0003392992705
735.1,0.00033939791
735.2,0.000339497765
735.3,0.0003395988095
735.4,0.000339701042
735.5,0.0003398044905
735.6,0.0003399091155
735.7,0.000340014978
735.8,0.00034012203
735.9,0.0003402303145
736.0,0.0003403398135
736.1,0.0003404505565
736.2,0.0003405625635
736.3,0.0003406757325
736.4,0.0003407902195
736.5,0.0003409059705
736.6,0.0003410230235
736.7,0.0003411413645
736.8,0.0003412610315
736.9,0.0003413821215
737.0,0.000341504557
737.1,0.000341628378
737.2,0.000341753696
737.3,0.0003418804275
737.4,0.000342008629
737.5,0.0003421383275
737.6,0.000342269511
737.7,0.000342402247
737.8,0.000342536521
737.9,0.000342672376
738.0,0.0003428098255
738.1,0.0003429489515
738.2,0.0003430897175
738.3,0.000343232163
738.4,0.0003433763025
738.5,0.000343522147
738.6,0.0003436696645
738.7,0.00034381892
738.8,0.000343969955
738.9,0.0003441226745
739.0,0.000344277078
739.1,0.0003444332555
739.2,0.000344591188
739.3,0.000344750756
739.4,0.000344912064
739.5,0.000345075046
739.6,0.0003452396735
739.7,0.000345405972
739.8,0.000345573899
739.9,0.0003457434565
740.0,0.0003459146045
740.1,0.0003460874395
740.2,0.000346261835
740.3,0.000346437818
740.4,0.00034661535
740.5,0.000346794547
740.6,0.0003469753635
740.7,0.000347157692
740.8,0.000347341655
740.9,0.000347527201
741.0,0.0003477142505
741.1,0.000347902864
741.2,0.0003480929545
741.3,0.000348284494
741.4,0.0003484775645
741.5,0.0003486721035
741.6,0.0003488680735
741.7,0.000349065474
741.8,0.000349264327
741.9,0.000349464537
742.0,0.0003496661265
742.1,0.0003498690085
742.2,0.0003500732335
742.3,0.000350278828
742.4,0.000350485767
742.5,0.000350694045
742.6,0.0003509037495
742.7,0.0003511148305
742.8,0.0003513272925
742.9,0.0003515412425
743.0,0.000351756587
743.1,0.0003519732765
743.2,0.0003521914345
743.3,0.000352410969
743.4,0.0003526318545
743.5,0.0003528541185
743.6,0.0003530777745
743.7,0.0003533028165
743.8,0.000353529325
743.9,0.000353757273
744.0,0.00035398666
744.1,0.000354217513
744.2,0.0003544498845
744.3,0.0003546837655
744.4,0.0003549190415
744.5,0.0003551557115
744.6,0.0003553937635
744.7,0.0003556331915
744.8,0.000355874058
744.9,0.0003561162645
745.0,0.000356359893
745.1,0.000356604954
745.2,0.0003568513465
745.3,0.0003570989755
745.4,0.000357347949
745.5,0.000357598062
745.6,0.000357849395
745.7,0.0003581019615
745.8,0.0003583556455
745.9,0.0003586105155
746.0,0.000358866499
746.1,0.0003591235555
746.2,0.0003593816525
746.3,0.0003596406925
746.4,0.0003599006725
746.5,0.000360161585
746.6,0.000360423372
746.7,0.00036068599
746.8,0.000360949381
746.9,0.000361213586
747.0,0.0003614785915
747.1,0.000361744315
747.2,0.000362010771
747.3,0.0003622780235
747.4,0.0003625460235
747.5,0.000362814756
747.6,0.000363084249
747.7,0.000363354533
747.8,0.0003636255775
747.9,0.000363897491
748.0,0.000364170208
748.1,0.000364443797
748.2,0.0003647181725
748.3,0.0003649935285
748.4,0.0003652697375
748.5,0.0003655469135
748.6,0.0003658249525
748.7,0.000366104028
748.8,0.0003663840455
748.9,0.000366664969
749.0,0.0003669468905
749.1,0.000367229743
749.2,0.000367513636
749.3,0.0003677984875
749.4,0.0003680843935
749.5,0.000368371284
749.6,0.0003686591875
749.7,0.0003689480935
749.8,0.0003692380165
749.9,0.0003695289365
750.0,0.000369820882
750.1,0.0003701138835
750.2,0.0003704078475
750.3,0.0003707028945
750.4,0.0003709989725
750.5,0.00037129617
750.6,0.0003715943985
750.7,0.0003718937595
750.8,0.0003721941695
750.9,0.0003724956605
751.0,0.000372798131
751.1,0.000373101697
751.2,0.0003734063645
751.3,0.0003737121005
751.4,0.000374018979
751.5,0.0003743268935
751.6,0.0003746358825
751.7,0.000374946025
751.8,0.000375257197
751.9,0.00037556948
752.0,0.0003758828465
752.1,0.0003761973225
752.2,0.000376512815
752.3,0.0003768294655
752.4,0.0003771472385
752.5,0.000377466104
752.6,0.000377786015
752.7,0.000378107085
752.8,0.0003784292305
752.9,0.000378752466
753.0,0.00037907687
753.1,0.0003794023755
753.2,0.0003797289745
753.3,0.000380056644
753.4,0.000380385423
753.5,0.000380715288
753.6,0.0003810463105
753.7,0.000381378339
753.8,0.0003817114355
753.9,0.0003820456855
754.0,0.000382381015
754.1,0.000382717487
754.2,0.000383055015
754.3,0.000383393647
754.4,0.0003837332915
754.5,0.000384074093
754.6,0.000384415948
754.7,0.0003847589325
754.8,0.000385103086
754.9,0.0003854483055
755.0,0.0003857946205
755.1,0.0003861420445
755.2,0.000386490644
755.3,0.000386840384
755.4,0.000387191247
755.5,0.000387543312
755.6,0.00038789654
755.7,0.0003882509225
755.8,0.0003886065245
755.9,0.000388963322
756.0,0.0003893212855
756.1,0.00038968051
756.2,0.0003900410665
756.3,0.000390402951
756.4,0.0003907661665
756.5,0.0003911307285
756.6,0.0003914967455
756.7,0.0003918641895
756.8,0.0003922331245
756.9,0.000392603569
757.0,0.000392975588
757.1,0.000393349186
757.2,0.0003937244445
757.3,0.00039410142
757.4,0.0003944801225
757.5,0.0003948605695
757.6,0.0003952428415
757.7,0.000395627028
757.8,0.0003960130935
757.9,0.00039640114
758.0,0.0003967912465
758.1,0.0003971833835
758.2,0.0003975776225
758.3,0.000397974087
758.4,0.000398372721
758.5,0.000398773573
758.6,0.000399176774
758.7,0.0003995822385
758.8,0.000399990015
758.9,0.000400400169
759.0,0.0004008127725
759.1,0.0004012277365
759.2,0.000401645093
759.3,0.000402064903
759.4,0.0004024871415
759.5,0.0004029117795
759.6,0.0004033387225
759.7,0.000403768037
759.8,0.0004041996365
759.9,0.000404633561
760.0,0.000405069716
760.1,0.00040550815
760.2,0.000405948843
760.3,0.000406391728
760.4,0.000406836856
760.5,0.0004072841985
760.6,0.00040773381
760.7,0.0004081856585
760.8,0.0004086398495
760.9,0.0004090963985
761.0,0.000409555384
761.1,0.0004100168625
761.2,0.000410480888
761.3,0.000410947586
761.4,0.0004114170855
761.5,0.0004118894865
761.6,0.000412364913
761.7,0.0004128435225
761.8,0.0004133253765
761.9,0.000413810598
762.0,0.000414299358
762.1,0.0004147917745
762.2,0.0004152880095
762.3,0.0004157881585
762.4,0.000416292419
762.5,0.000416800923
762.6,0.000417313728
762.7,0.000417831072
762.8,0.000418353002
762.9,0.0004188797475
763.0,0.000419411429
763.1,0.000419948161
763.2,0.0004204900305
763.3,0.0004210371645
763.4,0.000421589665
763.5,0.000422147649
763.6,0.0004227112035
763.7,0.000423280443
763.8,0.0004238554205
763.9,0.000424436282
764.0,0.000425023026
764.1,0.0004256157755
764.2,0.0004262146375
764.3,0.000426819562
764.4,0.000427430517
764.5,0.0004280476135
764.6,0.0004286709285
764.7,0.0004293003225
764.8,0.00042993593
764.9,0.0004305776655
765.0,0.000431225468
765.1,0.000431879411
765.2,0.0004325393275
765.3,0.0004332052015
765.4,0.000433876848
765.5,0.0004345542535
765.6,0.000435237134
765.7,0.000435925363
765.8,0.000436618594
765.9,0.00043731671
766.0,0.000438019298
766.1,0.000438726091
766.2,0.000439436662
766.3,0.00044015067
766.4,0.000440867658
766.5,0.000441587292
766.6,0.000442309194
766.7,0.000443032955
766.8,0.0004437582555
766.9,0.0004444847775
767.0,0.000445212204
767.1,0.0004459402405
767.2,0.000446668668
767.3,0.000447397191
767.4,0.000448125619
767.5,0.0004488538085
767.6,0.000449581704
767.7,0.000450309208
767.8,0.00045103612
767.9,0.000451762522
768.0,0.000452488434
768.1,0.000453213881
768.2,0.000453939038
768.3,0.0004546639705
768.4,0.000455388888
768.5,0.000456114001
768.6,0.000456839536
768.7,0.0004575658595
768.8,0.0004582932045
768.9,0.00045902188
769.0,0.000459752206
769.1,0.000460484618
769.2,0.0004612195725
769.3,0.0004619573445
769.4,0.000462698468
769.5,0.000463443437
769.6,0.000464192597
769.7,0.000464946477
769.8,0.0004657055735
769.9,0.0004664702695
770.0,0.000467240918
770.1,0.000468018106
770.2,0.000468802064
770.3,0.000469593136
770.4,0.000470391788
770.5,0.000471198083
770.6,0.0004720122285
770.7,0.000472834458
770.8,0.0004736649255
770.9,0.000474503759
771.0,0.000475350927
771.1,0.0004762063285
771.2,0.000477070026
771.3,0.0004779417915
771.4,0.000478821537
771.5,0.0004797091465
771.6,0.0004806045085
771.7,0.000481507162
771.8,0.0004824170185
771.9,0.0004833337665
772.0,0.0004842572145
772.1,0.000485187098
772.2,0.000486123031
772.3,0.000487064719
772.4,0.0004880119125
772.5,0.0004889644015
772.6,0.000489921753
772.7,0.0004908836995
772.8,0.0004918499135
772.9,0.000492820124
773.0,0.000493794098
773.1,0.000494771488
773.2,0.000495752097
773.3,0.0004967356285
773.4,0.0004977217815
773.5,0.000498710368
773.6,0.0004997009575
773.7,0.000500693325
773.8,0.000501687325
773.9,0.00050268266
774.0,0.000503679105
774.1,0.00050467636
774.2,0.000505674235
774.3,0.0005066725
774.4,0.000507671095
774.5,0.0005086697
774.6,0.000509668185
774.7,0.000510666425
774.8,0.00051166422
774.9,0.00051266155
775.0,0.00051365816
775.1,0.00051465404
775.2,0.00051564918
775.3,0.000516643575
775.4,0.000517637185
775.5,0.00051862994
775.6,0.000519622045
775.7,0.00052061346
775.8,0.000521604235
775.9,0.000522594435
776.0,0.000523584235
776.1,0.000524573605
776.2,0.000525562835
776.3,0.000526551785
776.4,0.000527540745
776.5,0.000528529745
776.6,0.000529519125
776.7,0.000530508975
776.8,0.0005314994
776.9,0.00053249038
777.0,0.000533482355
777.1,0.00053447528
777.2,0.00053546939
777.3,0.000536464875
777.4,0.00053746168
777.5,0.00053846017
777.6,0.000539460345
777.7,0.0005404624
777.8,0.00054146643
777.9,0.00054247238
778.0,0.00054348031
778.1,0.000544490435
778.2,0.00054550277
778.3,0.000546517405
778.4,0.000547534195
778.5,0.000548553135
778.6,0.000549574065
778.7,0.00055059689
778.8,0.00055162136
778.9,0.00055264742
779.0,0.00055367493
779.1,0.000554703435
779.2,0.00055573274
779.3,0.00055676266
779.4,0.000557792965
779.5,0.000558823485
779.6,0.00055985406
779.7,0.000560884635
779.8,0.00056191509
779.9,0.000562945365
780.0,0.00056397556
780.1,0.000565005515
780.2,0.00056603533
780.3,0.000567065095
780.4,0.00056809473
780.5,0.000569124305
780.6,0.000570153915
780.7,0.00057118354
780.8,0.00057221328
780.9,0.000573243055
781.0,0.00057427283
781.1,0.00057530246
781.2,0.00057633188
781.3,0.000577361215
781.4,0.00057839032
781.5,0.000579419115
781.6,0.00058044745
781.7,0.00058147514
781.8,0.000582502175
781.9,0.00058352839
782.0,0.00058455372
782.1,0.000585577945
782.2,0.000586601145
782.3,0.00058762294
782.4,0.00058864349
782.5,0.000589662465
782.6,0.000590680005
782.7,0.00059169599
782.8,0.00059271022
782.9,0.000593722845
783.0,0.00059473381
783.1,0.00059574296
783.2,0.000596750335
783.3,0.000597755875
783.4,0.0005987598
783.5,0.000599761975
783.6,0.00060076247
783.7,0.000601761305
783.8,0.000602758605
783.9,0.00060375431
784.0,0.00060474865
784.1,0.00060574165
784.2,0.000606733615
784.3,0.00060772474
784.4,0.00060871541
784.5,0.000609705885
784.6,0.00061069646
784.7,0.000611687445
784.8,0.00061267914
784.9,0.00061367198
785.0,0.000614666235
785.1,0.000615662345
785.2,0.00061666063
785.3,0.000617661365
785.4,0.000618664915
785.5,0.000619671625
785.6,0.000620681795
785.7,0.00062169549
785.8,0.00062271308
785.9,0.000623734685
786.0,0.00062476047
786.1,0.00062579035
786.2,0.00062682454
786.3,0.00062786293
786.4,0.00062890546
786.5,0.000629952105
786.6,0.000631002765
786.7,0.00063205734
786.8,0.00063311552
786.9,0.0006341773
787.0,0.000635242435
787.1,0.000636310855
787.2,0.000637382205
787.3,0.00063845628
787.4,0.000639532645
787.5,0.00064061129
787.6,0.00064169183
787.7,0.000642774075
787.8,0.0006438577
787.9,0.00064494238
788.0,0.000646027855
788.1,0.00064711379
788.2,0.000648199985
788.3,0.00064928605
788.4,0.000650371805
788.5,0.000651456665
788.6,0.00065254044
788.7,0.000653622775
788.8,0.000654703435
788.9,0.000655782255
789.0,0.00065685908
789.1,0.000657933635
789.2,0.000659005915
789.3,0.000660075855
789.4,0.0006611436
789.5,0.00066220902
789.6,0.000663272195
789.7,0.00066433287
789.8,0.00066539118
789.9,0.00066644695
790.0,0.000667500085
790.1,0.00066855029
790.2,0.000669597365
790.3,0.000670641225
790.4,0.00067168154
790.5,0.00067271794
790.6,0.00067375013
790.7,0.000674777795
790.8,0.000675800635
790.9,0.000676818165
791.0,0.000677830165
791.1,0.00067883624
791.2,0.000679836315
791.3,0.00068082996
791.4,0.00068181701
791.5,0.00068279734
791.6,0.00068377082
791.7,0.000684737115
791.8,0.00068569648
791.9,0.00068664865
792.0,0.000687593585
792.1,0.000688531245
792.2,0.000689461695
792.3,0.00069038494
792.4,0.000691301185
792.5,0.00069221041
792.6,0.000693112655
792.7,0.000694008155
792.8,0.000694897095
792.9,0.000695779465
793.0,0.00069665552
793.1,0.00069752543
793.2,0.00069838952
793.3,0.00069924805
793.4,0.00070010128
793.5,0.000700949335
793.6,0.00070179276
793.7,0.000702631875
793.8,0.00070346699
793.9,0.000704298565
794.0,0.000705126965
794.1,0.000705952475
794.2,0.00070677578
794.3,0.000707597265
794.4,0.000708417205
794.5,0.000709236135
794.6,0.000710054575
794.7,0.000710873025
794.8,0.000711691785
794.9,0.000712511435
795.0,0.0007133322
795.1,0.0007141543
795.2,0.00071497819
795.3,0.0007158039
795.4,0.000716631865
795.5,0.0007174624
795.6,0.000718295735
795.7,0.000719132285
795.8,0.000719972215
795.9,0.00072081572
796.0,0.000721662995
796.1,0.000722513985
796.2,0.00072336898
796.3,0.00072422796
796.4,0.000725090875
796.5,0.00072595764
796.6,0.00072682815
796.7,0.000727702285
796.8,0.000728579945
796.9,0.000729460615
797.0,0.00073034419
797.1,0.00073123041
797.2,0.000732119025
797.3,0.000733009365
797.4,0.000733901135
797.5,0.00073479395
797.6,0.000735687205
797.7,0.00073658027
797.8,0.00073747262
797.9,0.000738363605
798.0,0.000739252755
798.1,0.00074013945
798.2,0.00074102317
798.3,0.000741903515
798.4,0.00074278022
798.5,0.000743652785
798.6,0.00074452108
798.7,0.000745384505
798.8,0.00074624285
798.9,0.000747095865
799.0,0.000747943235
799.1,0.000748784495
799.2,0.000749619265
799.3,0.00075044731
799.4,0.0007512682
799.5,0.000752081635
799.6,0.000752887435
799.7,0.000753685285
799.8,0.00075447478
799.9,0.000755255855
800.0,0.000756028135
800.1,0.000756791865
800.2,0.00075754682
800.3,0.00075829307
800.4,0.00075903073
800.5,0.00075975981
800.6,0.00076048046
800.7,0.00076119316
800.8,0.000761897865
800.9,0.00076259488
801.0,0.000763284445
801.1,0.000763966865
801.2,0.00076464223
801.3,0.000765311
801.4,0.000765973275
801.5,0.00076662924
801.6,0.000767279045
801.7,0.000767922775
801.8,0.000768560465
801.9,0.000769192195
802.0,0.00076981816
802.1,0.00077043834
802.2,0.00077105281
802.3,0.000771661195
802.4,0.000772263585
802.5,0.00077285968
802.6,0.00077344963
802.7,0.000774033495
802.8,0.000774611205
802.9,0.000775182685
803.0,0.000775748085
803.1,0.000776306895
803.2,0.000776859135
803.3,0.00077740436
803.4,0.000777942435
803.5,0.000778473175
803.6,0.000778996225
803.7,0.000779511375
803.8,0.000780018365
803.9,0.00078051683
804.0,0.000781006405
804.1,0.000781486715
804.2,0.000781957355
804.3,0.000782418295
804.4,0.000782869245
804.5,0.000783310355
804.6,0.00078374167
804.7,0.00078416328
804.8,0.000784575785
804.9,0.00078497943
805.0,0.00078537432
805.1,0.00078576086
805.2,0.00078613927
805.3,0.00078650962
805.4,0.00078687226
805.5,0.000787227845
805.6,0.000787577115
805.7,0.00078792057
805.8,0.00078825862
805.9,0.00078859156
806.0,0.00078891967
806.1,0.00078924316
806.2,0.00078956267
806.3,0.000789878405
806.4,0.000790190725
806.5,0.000790499785
806.6,0.000790806
806.7,0.000791109635
806.8,0.000791411095
806.9,0.0007917106
807.0,0.000792008395
807.1,0.000792304855
807.2,0.000792600275
807.3,0.000792894985
807.4,0.00079318912
807.5,0.000793482945
807.6,0.000793776705
807.7,0.000794070595
807.8,0.000794364665
807.9,0.000794659265
808.0,0.00079495418
808.1,0.00079524975
808.2,0.00079554596
808.3,0.000795842895
808.4,0.000796140645
808.5,0.00079643927
808.6,0.000796738805
808.7,0.000797039315
808.8,0.000797340925
808.9,0.000797643735
809.0,0.000797947765
809.1,0.000798253265
809.2,0.000798560225
809.3,0.00079886883
809.4,0.000799179295
809.5,0.000799491755
809.6,0.000799806305
809.7,0.000800123265
809.8,0.000800442925
809.9,0.00080076538
810.0,0.000801091215
810.1,0.00080142069
810.2,0.000801754425
810.3,0.000802092795
810.4,0.00080243643
810.5,0.00080278582
810.6,0.00080314149
810.7,0.00080350406
810.8,0.000803873995
810.9,0.00080425189
811.0,0.000804638485
811.1,0.000805034655
811.2,0.00080544105
811.3,0.0008058583
811.4,0.000806286615
811.5,0.00080672645
811.6,0.000807178105
811.7,0.000807642075
811.8,0.00080811868
811.9,0.00080860853
812.0,0.000809112035
812.1,0.00080962984
812.2,0.000810162385
812.3,0.00081071079
812.4,0.00081127544
812.5,0.00081185677
812.6,0.000812455185
812.7,0.000813070795
812.8,0.00081370359
812.9,0.000814353465
813.0,0.000815019675
813.1,0.00081570131
813.2,0.000816397065
813.3,0.00081710513
813.4,0.00081782301
813.5,0.000818548485
813.6,0.0008192787
813.7,0.00082001117
813.8,0.000820743435
813.9,0.00082147361
814.0,0.000822200165
814.1,0.000822922535
814.2,0.00082363944
814.3,0.00082434998
814.4,0.000825053925
814.5,0.00082575163
814.6,0.00082644357
814.7,0.00082712986
814.8,0.00082781108
814.9,0.00082848724
815.0,0.00082915914
815.1,0.00082982712
815.2,0.00083049167
815.3,0.00083115298
815.4,0.00083181143
815.5,0.000832467425
815.6,0.00083312121
815.7,0.000833773295
815.8,0.000834424015
815.9,0.00083507362
816.0,0.0008357226
816.1,0.00083637124
816.2,0.00083702
816.3,0.00083766937
816.4,0.00083831946
816.5,0.00083897057
816.6,0.000839623015
816.7,0.00084027722
816.8,0.000840933315
816.9,0.0008415916
817.0,0.000842252155
817.1,0.000842915415
817.2,0.000843581575
817.3,0.000844250645
817.4,0.000844922895
817.5,0.00084559826
817.6,0.000846277135
817.7,0.00084695958
817.8,0.00084764563
817.9,0.00084833547
818.0,0.000849029175
818.1,0.000849726735
818.2,0.00085042831
818.3,0.000851133695
818.4,0.000851842975
818.5,0.00085255603
818.6,0.000853272855
818.7,0.000853993535
818.8,0.000854718005
818.9,0.000855446505
819.0,0.000856179175
819.1,0.000856916485
819.2,0.00085765875
819.3,0.00085840624
819.4,0.000859158945
819.5,0.00085991715
819.6,0.00086068099
819.7,0.00086145066
819.8,0.000862226755
819.9,0.00086300968
820.0,0.000863800025
820.1,0.000864598475
820.2,0.000865405375
820.3,0.00086622122
820.4,0.000867046265
820.5,0.0008678809
820.6,0.0008687255
820.7,0.000869580565
820.8,0.00087044653
820.9,0.000871323925
821.0,0.000872213205
821.1,0.000873114855
821.2,0.00087402972
821.3,0.000874958245
821.4,0.000875901025
821.5,0.00087685855
821.6,0.000877831285
821.7,0.00087881946
821.8,0.000879823395
821.9,0.000880843095
822.0,0.000881878895
822.1,0.000882930695
822.2,0.000883998365
822.3,0.000885081945
822.4,0.000886181325
822.5,0.000887296135
822.6,0.00088842594
822.7,0.000889570315
822.8,0.00089072856
822.9,0.00089190008
823.0,0.000893084015
823.1,0.0008942796
823.2,0.00089548588
823.3,0.00089670203
823.4,0.000897926995
823.5,0.00089915947
823.6,0.000900398425
823.7,0.00090164256
823.8,0.00090289047
823.9,0.00090414079
824.0,0.00090539219
824.1,0.00090664301
824.2,0.0009078918
824.3,0.000909136895
824.4,0.00091037657
824.5,0.000911609095
824.6,0.00091283292
824.7,0.00091404652
824.8,0.000915248055
824.9,0.00091643616
825.0,0.00091760908
825.1,0.000918765105
825.2,0.00091990288
825.3,0.000921020625
825.4,0.00092211689
825.5,0.00092319002
825.6,0.000924238285
825.7,0.00092526027
825.8,0.000926254245
825.9,0.00092721885
826.0,0.000928152645
826.1,0.000929054185
826.2,0.000929922705
826.3,0.000930757425
826.4,0.00093155764
826.5,0.0009323233
826.6,0.000933054755
826.7,0.000933751955
826.8,0.000934415455
826.9,0.00093504603
827.0,0.000935644615
827.1,0.00093621244
827.2,0.00093675078
827.3,0.00093726116
827.4,0.00093774515
827.5,0.000938204385
827.6,0.000938641175
827.7,0.00093905781
827.8,0.000939456455
827.9,0.00093983963
828.0,0.00094020998
828.1,0.000940570005
828.2,0.00094092214
828.3,0.000941268585
828.4,0.000941611965
828.5,0.000941954385
828.6,0.000942298215
828.7,0.00094264544
828.8,0.00094299791
828.9,0.000943357185
829.0,0.000943725105
829.1,0.000944102875
829.2,0.000944491525
829.3,0.00094489202
829.4,0.000945304905
829.5,0.000945730485
829.6,0.000946169145
829.7,0.00094662077
829.8,0.000947085345
829.9,0.0009475625
830.0,0.000948051725
830.1,0.000948552265
830.2,0.00094906348
830.3,0.000949584295
830.4,0.000950113785
830.5,0.0009506508
830.6,0.00095119432
830.7,0.000951743125
830.8,0.000952296115
830.9,0.00095285203
831.0,0.000953409695
831.1,0.00095396813
831.2,0.000954526515
831.3,0.000955084055
831.4,0.000955640105
831.5,0.00095619398
831.6,0.00095674524
831.7,0.00095729378
831.8,0.00095783918
831.9,0.00095838165
832.0,0.00095892098
832.1,0.00095945728
832.2,0.00095999051
832.3,0.00096052073
832.4,0.000961048075
832.5,0.00096157265
832.6,0.000962094755
832.7,0.00096261442
832.8,0.000963131885
832.9,0.00096364726
833.0,0.00096416087
833.1,0.00096467265
833.2,0.00096518298
833.3,0.00096569222
833.4,0.000966200705
833.5,0.000966708785
833.6,0.000967216775
833.7,0.00096772503
833.8,0.00096823398
833.9,0.00096874402
834.0,0.00096925563
834.1,0.00096976925
834.2,0.000970285435
834.3,0.00097080457
834.4,0.000971326905
834.5,0.00097185321
834.6,0.00097238399
834.7,0.000972919775
834.8,0.000973460995
834.9,0.000974007985
835.0,0.000974561045
835.1,0.000975120715
835.2,0.000975687205
835.3,0.000976260665
835.4,0.000976840905
835.5,0.000977428115
835.6,0.00097802191
835.7,0.00097862225
835.8,0.00097922877
835.9,0.00097984119
836.0,0.000980459195
836.1,0.00098108225
836.2,0.00098171019
836.3,0.00098234247
836.4,0.00098297869
836.5,0.000983618625
836.6,0.000984261895
836.7,0.000984908125
836.8,0.00098555704
836.9,0.00098620824
837.0,0.000986861105
837.1,0.00098751561
837.2,0.00098817171
837.3,0.000988828975
837.4,0.0009894874
837.5,0.00099014674
837.6,0.000990806395
837.7,0.00099146644
837.8,0.00099212626
837.9,0.000992785805
838.0,0.00099344468
838.1,0.00099410292
838.2,0.00099476023
838.3,0.00099541626
838.4,0.00099607077
838.5,0.000996723445
838.6,0.00099737376
838.7,0.000998021525
838.8,0.0009986667
838.9,0.00099930898
839.0,0.00099994774
839.1,0.00100058276
839.2,0.001001213585
839.3,0.001001840025
839.4,0.001002461575
839.5,0.001003077965
839.6,0.00100368868
839.7,0.001004293485
839.8,0.001004891825
839.9,0.0010054834
840.0,0.00100606803
840.1,0.001006645185
840.2,0.00100721476
840.3,0.001007776475
840.4,0.00100832992
840.5,0.001008875215
840.6,0.00100941207
840.7,0.0010099404
840.8,0.001010459975
840.9,0.00101097077
841.0,0.001011472815
841.1,0.001011965855
841.2,0.001012449975
841.3,0.00101292516
841.4,0.00101339169
841.5,0.00101384946
841.6,0.0010142986
841.7,0.00101473939
841.8,0.00101517193
841.9,0.001015596655
842.0,0.00101601366
842.1,0.00101642345
842.2,0.0010168264
842.3,0.001017222675
842.4,0.001017612775
842.5,0.00101799685
842.6,0.00101837546
842.7,0.00101874899
842.8,0.00101911781
842.9,0.001019482515
843.0,0.00101984343
843.1,0.001020201175
843.2,0.001020556235
843.3,0.00102090908
843.4,0.00102126024
843.5,0.001021610335
843.6,0.001021959635
843.7,0.001022309015
843.8,0.001022658655
843.9,0.001023009295
844.0,0.001023361555
844.1,0.001023715695
844.2,0.00102407251
844.3,0.001024432605
844.4,0.00102479649
844.5,0.001025164695
844.6,0.001025537685
844.7,0.001025916005
844.8,0.00102629996
844.9,0.001026690145
845.0,0.00102708698
845.1,0.00102749069
845.2,0.001027901635
845.3,0.00102831988
845.4,0.001028745905
845.5,0.00102917948
845.6,0.001029620815
845.7,0.001030069615
845.8,0.00103052567
845.9,0.00103098884
846.0,0.001031458735
846.1,0.00103193474
846.2,0.00103241628
846.3,0.00103290282
846.4,0.001033393615
846.5,0.001033888145
846.6,0.00103438543
846.7,0.001034885275
846.8,0.00103538673
846.9,0.001035889185
847.0,0.001036392025
847.1,0.00103689453
847.2,0.001037395835
847.3,0.00103789544
847.4,0.00103839232
847.5,0.001038885535
847.6,0.00103937441
847.7,0.001039858095
847.8,0.00104033579
847.9,0.001040806835
848.0,0.001041270315
848.1,0.001041725755
848.2,0.001042172185
848.3,0.00104260901
848.4,0.001043035745
848.5,0.001043451715
848.6,0.00104385631
848.7,0.00104424947
848.8,0.00104463038
848.9,0.00104499905
849.0,0.001045355085
849.1,0.00104569819
849.2,0.001046028045
849.3,0.00104634442
849.4,0.001046646965
849.5,0.001046935185
849.6,0.00104720854
849.7,0.00104746658
849.8,0.00104770865
849.9,0.00104793462
850.0,0.001048143675
850.1,0.001048335385
850.2,0.00104850961
850.3,0.001048665885
850.4,0.00104880391
850.5,0.00104892352
850.6,0.00104902449
850.7,0.001049106625
850.8,0.001049170675
850.9,0.00104921714
851.0,0.001049246775
851.1,0.00104926018
851.2,0.001049258105
851.3,0.001049241315
851.4,0.001049210775
851.5,0.00104916769
851.6,0.001049113175
851.7,0.001049048225
851.8,0.00104897382
851.9,0.00104889083
852.0,0.00104880011
852.1,0.001048702285
852.2,0.00104859837
852.3,0.00104848889
852.4,0.001048374765
852.5,0.00104825639
852.6,0.00104813459
852.7,0.0010480099
852.8,0.001047882915
852.9,0.00104775418
853.0,0.00104762428
853.1,0.00104749399
853.2,0.00104736345
853.3,0.001047233445
853.4,0.00104710428
853.5,0.00104697661
853.6,0.001046850655
853.7,0.00104672713
853.8,0.00104660619
853.9,0.00104648823
854.0,0.001046373545
854.1,0.001046262275
854.2,0.001046154605
854.3,0.001046050525
854.4,0.0010459502
854.5,0.001045853505
854.6,0.00104575994
854.7,0.00104566943
854.8,0.00104558152
854.9,0.00104549588
855.0,0.00104541211
855.1,0.001045329515
855.2,0.001045247365
855.3,0.001045165175
855.4,0.001045082045
855.5,0.00104499727
855.6,0.00104490988
855.7,0.00104481891
855.8,0.001044723565
855.9,0.001044622855
856.0,0.001044515835
856.1,0.001044401385
856.2,0.001044278735
856.3,0.001044146765
856.4,0.001044004525
856.5,0.00104385117
856.6,0.001043685445
856.7,0.00104350711
856.8,0.001043315035
856.9,0.001043108585
857.0,0.001042887205
857.1,0.001042650215
857.2,0.00104239703
857.3,0.00104212767
857.4,0.00104184177
857.5,0.001041539205
857.6,0.00104121994
857.7,0.001040884195
857.8,0.001040531975
857.9,0.001040163535
858.0,0.001039779155
858.1,0.00103937914
858.2,0.00103896384
858.3,0.00103853355
858.4,0.001038088585
858.5,0.001037629655
858.6,0.001037157185
858.7,0.001036671585
858.8,0.0010361732
858.9,0.001035662675
859.0,0.00103514037
859.1,0.001034606945
859.2,0.001034062605
859.3,0.00103350782
859.4,0.001032943115
859.5,0.00103236867
859.6,0.001031785065
859.7,0.001031192255
859.8,0.00103059052
859.9,0.00102998038
860.0,0.00102936178
860.1,0.001028735225
860.2,0.00102810085
860.3,0.001027459135
860.4,0.00102681027
860.5,0.00102615469
860.6,0.00102549265
860.7,0.00102482445
860.8,0.00102415054
860.9,0.00102347153
861.0,0.00102278773
861.1,0.001022099715
861.2,0.001021408135
861.3,0.001020713265
861.4,0.00102001575
861.5,0.001019316335
861.6,0.00101861547
861.7,0.001017913535
861.8,0.001017211305
861.9,0.001016508955
862.0,0.001015806965
862.1,0.001015105675
862.2,0.001014405085
862.3,0.00101370543
862.4,0.001013006665
862.5,0.00101230878
862.6,0.00101161169
862.7,0.001010915325
862.8,0.00101021928
862.9,0.00100952327
863.0,0.00100882695
863.1,0.001008130055
863.2,0.001007432195
863.3,0.00100673279
863.4,0.00100603136
863.5,0.001005327505
863.6,0.001004620495
863.7,0.001003910025
863.8,0.0010031953
863.9,0.001002476185
864.0,0.001001752645
864.1,0.00100102462
864.2,0.001000292135
864.3,0.000999554905
864.4,0.000998812655
864.5,0.00099806504
864.6,0.00099731197
864.7,0.00099655352
864.8,0.00099578971
864.9,0.00099502086
865.0,0.000994247285
865.1,0.000993469615
865.2,0.0009926884
865.3,0.00099190426
865.4,0.000991117695
865.5,0.00099032946
865.6,0.00098954016
865.7,0.000988750385
865.8,0.00098796054
865.9,0.000987171365
866.0,0.000986383215
866.1,0.000985596785
866.2,0.000984812235
866.3,0.000984030325
866.4,0.00098325146
866.5,0.000982476055
866.6,0.000981704615
866.7,0.000980937545
866.8,0.00098017508
866.9,0.00097941773
867.0,0.00097866575
867.1,0.00097791963
867.2,0.00097717946
867.3,0.00097644554
867.4,0.000975717975
867.5,0.000974997005
867.6,0.00097428268
867.7,0.00097357516
867.8,0.0009728744
867.9,0.000972180375
868.0,0.00097149338
868.1,0.00097081317
868.2,0.000970139915
868.3,0.00096947343
868.4,0.000968813575
868.5,0.00096816051
868.6,0.00096751389
868.7,0.000966873925
868.8,0.000966240315
868.9,0.000965613185
869.0,0.00096499253
869.1,0.000964378475
869.2,0.00096377081
869.3,0.00096316962
869.4,0.0009625748
869.5,0.00096198642
869.6,0.000961404515
869.7,0.00096082898
869.8,0.000960259835
869.9,0.00095969657
870.0,0.000959139185
870.1,0.000958587305
870.2,0.000958040765
870.3,0.000957499135
870.4,0.000956962305
870.5,0.00095642988
870.6,0.000955901925
870.7,0.00095537798
870.8,0.00095485802
870.9,0.000954341695
871.0,0.00095382871
871.1,0.000953318765
871.2,0.00095281139
871.3,0.0009523061
871.4,0.000951802335
871.5,0.0009512994
871.6,0.000950796685
871.7,0.00095029376
871.8,0.00094978992
871.9,0.000949284655
872.0,0.00094877711
872.1,0.000948266705
872.2,0.000947752745
872.3,0.00094723446
872.4,0.00094671097
872.5,0.000946181315
872.6,0.00094564449
872.7,0.00094509939
872.8,0.000944544905
872.9,0.000943980235
873.0,0.00094340427
873.1,0.00094281592
873.2,0.00094221446
873.3,0.0009415993
873.4,0.00094096984
873.5,0.00094032569
873.6,0.00093966658
873.7,0.000938992565
873.8,0.000938303345
873.9,0.000937599085
874.0,0.000936879935
874.1,0.000936145975
874.2,0.000935397165
874.3,0.00093463398
874.4,0.000933856485
874.5,0.00093306508
874.6,0.000932260055
874.7,0.00093144167
874.8,0.000930610085
874.9,0.000929765445
875.0,0.000928908475
875.1,0.00092803971
875.2,0.00092716005
875.3,0.000926270595
875.4,0.00092537218
875.5,0.000924465735
875.6,0.000923552005
875.7,0.00092263199
875.8,0.000921706605
875.9,0.000920776745
876.0,0.000919843055
876.1,0.00091890636
876.2,0.000917967615
876.3,0.000917027435
876.4,0.0009160866
876.5,0.000915145535
876.6,0.00091420511
876.7,0.000913265885
876.8,0.00091232838
876.9,0.000911393015
877.0,0.000910460435
877.1,0.00090953095
877.2,0.000908604815
877.3,0.00090768234
877.4,0.000906763545
877.5,0.000905848645
877.6,0.000904937245
877.7,0.000904029345
877.8,0.00090312408
877.9,0.000902220965
878.0,0.000901319445
878.1,0.000900418695
878.2,0.000899518115
878.3,0.00089861714
878.4,0.0008977153
878.5,0.000896811845
878.6,0.00089590613
878.7,0.00089499745
878.8,0.00089408526
878.9,0.000893169205
879.0,0.000892248815
879.1,0.000891323765
879.2,0.000890394015
879.3,0.00088945937
879.4,0.00088852009
879.5,0.0008875764
879.6,0.0008866287
879.7,0.000885677435
879.8,0.000884723305
879.9,0.0008837672
880.0,0.000882809565
880.1,0.000881850995
880.2,0.000880892245
880.3,0.00087993365
880.4,0.0008789757
880.5,0.00087801882
880.6,0.00087706319
880.7,0.000876109035
880.8,0.000875156525
880.9,0.000874205835
881.0,0.00087325698
881.1,0.00087231006
881.2,0.000871365075
881.3,0.00087042216
881.4,0.000869481195
881.5,0.000868542135
881.6,0.00086760484
881.7,0.000866668985
881.8,0.000865734635
881.9,0.00086480153
882.0,0.00086386922
882.1,0.000862937635
882.2,0.000862006335
882.3,0.000861074775
882.4,0.000860142875
882.5,0.000859210155
882.6,0.00085827612
882.7,0.000857340425
882.8,0.00085640262
882.9,0.000855462535
883.0,0.000854519435
883.1,0.00085357305
883.2,0.00085262299
883.3,0.000851668545
883.4,0.00085070948
883.5,0.00084974539
883.6,0.000848775945
883.7,0.00084780068
883.8,0.000846819325
883.9,0.00084583164
884.0,0.000844837185
884.1,0.00084383557
884.2,0.000842826885
884.3,0.00084181081
884.4,0.000840787085
884.5,0.000839756045
884.6,0.00083871763
884.7,0.000837672205
884.8,0.00083661997
884.9,0.00083556163
885.0,0.00083449759
885.1,0.00083342883
885.2,0.000832355845
885.3,0.000831279365
885.4,0.00083020043
885.5,0.000829119615
885.6,0.000828037945
885.7,0.000826956295
885.8,0.00082587559
885.9,0.000824796795
886.0,0.00082372082
886.1,0.00082264858
886.2,0.00082158067
886.3,0.000820517865
886.4,0.00081946103
886.5,0.00081841081
886.6,0.0008173676
886.7,0.000816332025
886.8,0.000815304565
886.9,0.000814285795
887.0,0.000813276005
887.1,0.000812275385
887.2,0.000811284315
887.3,0.000810302825
887.4,0.00080933109
887.5,0.000808369425
887.6,0.000807417995
887.7,0.00080647689
887.8,0.000805546455
887.9,0.00080462678
888.0,0.00080371832
888.1,0.00080282129
888.2,0.000801935895
888.3,0.0008010624
888.4,0.000800201265
888.5,0.00079935264
888.6,0.00079851697
888.7,0.000797694565
888.8,0.000796885685
888.9,0.00079609059
889.0,0.000795309395
889.1,0.000794542375
889.2,0.00079378985
889.3,0.00079305193
889.4,0.00079232897
889.5,0.000791621235
889.6,0.000790928875
889.7,0.000790252155
889.8,0.00078959122
889.9,0.000788946255
890.0,0.00078831757
890.1,0.000787705215
890.2,0.000787109465
890.3,0.000786530265
890.4,0.00078596778
890.5,0.00078542217
890.6,0.000784893455
890.7,0.00078438185
890.8,0.000783887375
890.9,0.00078341005
891.0,0.00078295007
891.1,0.000782507075
891.2,0.00078208067
891.3,0.000781669995
891.4,0.00078127341
891.5,0.00078088827
891.6,0.00078051122
891.7,0.000780138565
891.8,0.00077976692
891.9,0.000779394045
892.0,0.000779017965
892.1,0.00077863727
892.2,0.000778251075
892.3,0.000777859385
892.4,0.00077746269
892.5,0.00077706194
892.6,0.00077665857
892.7,0.000776254325
892.8,0.000775850455
892.9,0.000775447435
893.0,0.0007750453
893.1,0.00077464428
893.2,0.000774245175
893.3,0.00077384837
893.4,0.00077345424
893.5,0.000773063005
893.6,0.000772674875
893.7,0.000772289925
893.8,0.00077190823
893.9,0.00077152968
894.0,0.00077115422
894.1,0.000770781465
894.2,0.000770411315
894.3,0.00077004372
894.4,0.00076967806
894.5,0.000769314075
894.6,0.000768951475
894.7,0.000768589925
894.8,0.00076822902
894.9,0.000767868455
895.0,0.000767507775
895.1,0.000767146525
895.2,0.000766784595
895.3,0.00076642151
895.4,0.000766056855
895.5,0.00076569048
895.6,0.000765321755
895.7,0.000764950195
895.8,0.000764574905
895.9,0.000764194945
896.0,0.000763808515
896.1,0.000763412995
896.2,0.00076300469
896.3,0.000762578565
896.4,0.00076212934
896.5,0.00076165142
896.6,0.000761140145
896.7,0.00076059159
896.8,0.000760003215
896.9,0.000759373765
897.0,0.000758703795
897.1,0.00075799397
897.2,0.000757245995
897.3,0.00075646172
897.4,0.00075564248
897.5,0.000754789015
897.6,0.000753902825
897.7,0.000752986195
897.8,0.00075204104
897.9,0.00075106902
898.0,0.00075007162
898.1,0.000749050685
898.2,0.000748007755
898.3,0.00074694431
898.4,0.000745861785
898.5,0.000744761175
898.6,0.00074364355
898.7,0.000742509685
898.8,0.000741360495
898.9,0.0007401965
899.0,0.000739018225
899.1,0.000737826355
899.2,0.00073662142
899.3,0.000735404265
899.4,0.000734175525
899.5,0.00073293601
899.6,0.000731686095
899.7,0.000730425805
899.8,0.000729155075
899.9,0.00072787371
900.0,0.0007265819
900.1,0.000725279565
900.2,0.00072396661
900.3,0.00072264334
900.4,0.000721310025
900.5,0.0007199669
900.6,0.0007186145
900.7,0.00071725323
900.8,0.00071588366
900.9,0.00071450602
901.0,0.0007131207
901.1,0.00071172815
901.2,0.000710328795
901.3,0.00070892321
901.4,0.00070751217
901.5,0.00070609638
901.6,0.000704676605
901.7,0.0007032535
901.8,0.000701827545
901.9,0.000700399055
902.0,0.000698968265
902.1,0.000697535365
902.2,0.00069610033
902.3,0.00069466332
902.4,0.000693224425
902.5,0.00069178382
902.6,0.00069034164
902.7,0.000688898155
902.8,0.00068745336
902.9,0.000686007565
903.0,0.000684560835
903.1,0.000683113245
903.2,0.00068166476
903.3,0.000680215405
903.4,0.000678765155
903.5,0.0006773141
903.6,0.000675861965
903.7,0.000674408755
903.8,0.000672954225
903.9,0.0006714983
904.0,0.000670040865
904.1,0.000668581755
904.2,0.000667120665
904.3,0.00066565746
904.4,0.000664192095
904.5,0.000662724455
904.6,0.000661254415
904.7,0.00065978202
904.8,0.00065830716
904.9,0.0006568299
905.0,0.000655350215
905.1,0.00065386817
905.2,0.00065238384
905.3,0.000650897295
905.4,0.00064940884
905.5,0.00064791847
905.6,0.000646426365
905.7,0.00064493262
905.8,0.000643437495
905.9,0.000641941135
906.0,0.000640443735
906.1,0.00063894542
906.2,0.000637446495
906.3,0.000635947055
906.4,0.000634447315
906.5,0.00063294746
906.6,0.000631447785
906.7,0.000629948445
906.8,0.000628449525
906.9,0.000626951305
907.0,0.000625453815
907.1,0.000623957325
907.2,0.0006224619
907.3,0.000620967765
907.4,0.0006194749
907.5,0.000617983595
907.6,0.00061649372
907.7,0.0006150056
907.8,0.000613519305
907.9,0.000612034855
908.0,0.0006105524
908.1,0.000609072015
908.2,0.000607593735
908.3,0.0006061176
908.4,0.000604643695
908.5,0.00060317215
908.6,0.00060170293
908.7,0.00060023608
908.8,0.00059877176
908.9,0.00059730986
909.0,0.000595850595
909.1,0.000594394005
909.2,0.000592940105
909.3,0.000591488985
909.4,0.00059004071
909.5,0.00058859528
909.6,0.000587152805
909.7,0.000585713345
909.8,0.000584276905
909.9,0.000582843555
910.0,0.00058141341
910.1,0.000579986515
910.2,0.00057856282
910.3,0.000577142485
910.4,0.000575725625
910.5,0.000574312285
910.6,0.000572902515
910.7,0.000571496335
910.8,0.00057009384
910.9,0.00056869512
911.0,0.00056730018
911.1,0.000565909055
911.2,0.000564521815
911.3,0.00056313849
911.4,0.000561759195
911.5,0.00056038398
911.6,0.00055901296
911.7,0.000557646235
911.8,0.0005562839
911.9,0.00055492612
912.0,0.000553572915
912.1,0.000552224515
912.2,0.000550880925
912.3,0.00054954222
912.4,0.000548208485
912.5,0.00054687977
912.6,0.000545556135
912.7,0.00054423758
912.8,0.000542924145
912.9,0.000541615945
913.0,0.00054031309
913.1,0.00053901552
913.2,0.000537723405
913.3,0.000536436765
913.4,0.00053515567
913.5,0.000533880115
913.6,0.0005326102
913.7,0.00053134592
913.8,0.00053008731
913.9,0.00052883446
914.0,0.000527587515
914.1,0.000526346455
914.2,0.000525111435
914.3,0.000523882535
914.4,0.00052265988
914.5,0.000521443515
914.6,0.000520233495
914.7,0.000519029905
914.8,0.000517832785
914.9,0.000516642195
915.0,0.00051545816
915.1,0.000514280715
915.2,0.00051310992
915.3,0.00051194583
915.4,0.000510788395
915.5,0.000509637705
915.6,0.000508493795
915.7,0.00050735659
915.8,0.000506226125
915.9,0.00050510233
916.0,0.000503985125
916.1,0.00050287452
916.2,0.00050177042
916.3,0.0005006728
916.4,0.0004995816115
916.5,0.0004984968855
916.6,0.0004974185685
916.7,0.0004963466945
916.8,0.0004952811695
916.9,0.0004942220155
917.0,0.00049316924
917.1,0.000492122821
917.2,0.0004910827005
917.3,0.000490048845
917.4,0.0004890212815
917.5,0.000488000008
917.6,0.000486984992
917.7,0.0004859762225
917.8,0.000484973681
917.9,0.0004839773745
918.0,0.0004829872965
918.1,0.0004820034825
918.2,0.000481025839
918.3,0.000480054408
918.4,0.0004790891735
918.5,0.0004781301295
918.6,0.000477177263
918.7,0.0004762305915
918.8,0.0004752901075
918.9,0.0004743557945
919.0,0.0004734276345
919.1,0.0004725056325
919.2,0.0004715897385
919.3,0.0004706799695
919.4,0.00046977625
919.5,0.0004688786295
919.6,0.000467986988
919.7,0.00046710134
919.8,0.0004662216285
919.9,0.0004653478445
920.0,0.0004644798735
920.1,0.0004636177345
920.2,0.000462761365
920.3,0.0004619106805
920.4,0.0004610656505
920.5,0.000460226235
920.6,0.000459392351
920.7,0.0004585639695
920.8,0.0004577409995
920.9,0.0004569233545
921.0,0.000456110981
921.1,0.000455303825
921.2,0.0004545017885
921.3,0.0004537047535
921.4,0.000452912647
921.5,0.0004521253665
921.6,0.0004513428785
921.7,0.000450565034
921.8,0.0004497917495
921.9,0.000449022971
922.0,0.00044825853
922.1,0.000447498362
922.2,0.000446742312
922.3,0.000445990333
922.4,0.00044524228
922.5,0.0004444980555
922.6,0.0004437575805
922.7,0.000443020765
922.8,0.000442287433
922.9,0.0004415575025
923.0,0.0004408308405
923.1,0.000440107339
923.2,0.00043938687
923.3,0.0004386693485
923.4,0.000437954661
923.5,0.000437242676
923.6,0.0004365333425
923.7,0.000435826561
923.8,0.000435122213
923.9,0.0004344202515
924.0,0.0004337205575
924.1,0.000433023046
924.2,0.0004323276625
924.3,0.000431634356
924.4,0.0004309430745
924.5,0.0004302536905
924.6,0.0004295661825
924.7,0.0004288804705
924.8,0.0004281965535
924.9,0.000427514368
925.0,0.00042683389
925.1,0.0004261550375
925.2,0.0004254777825
925.3,0.0004248021315
925.4,0.0004241280125
925.5,0.000423455402
925.6,0.0004227842795
925.7,0.000422114579
925.8,0.000421446307
925.9,0.000420779394
926.0,0.000420113813
926.1,0.0004194495045
926.2,0.000418786481
926.3,0.000418124648
926.4,0.0004174639755
926.5,0.0004168043845
926.6,0.000416145828
926.7,0.0004154882995
926.8,0.000414831693
926.9,0.000414175984
927.0,0.000413521122
927.1,0.0004128670305
927.2,0.0004122136195
927.3,0.000411560906
927.4,0.000410908813
927.5,0.0004102572335
927.6,0.0004096062095
927.7,0.0004089556165
927.8,0.0004083053865
927.9,0.000407655534
928.0,0.0004070059805
928.1,0.0004063566945
928.2,0.0004057076335
928.3,0.000405058754
928.4,0.0004044100405
928.5,0.00040376147
928.6,0.0004031130445
928.7,0.000402464731
928.8,0.0004018165155
928.9,0.0004011684505
929.0,0.0004005204685
929.1,0.0003998726015
929.2,0.00039922489
929.3,0.000398577302
929.4,0.0003979298755
929.5,0.0003972826095
929.6,0.000396635524
929.7,0.0003959886505
929.8,0.0003953420195
929.9,0.000394695648
930.0,0.000394049567
930.1,0.000393403794
930.2,0.000392758362
930.3,0.0003921132865
930.4,0.0003914686655
930.5,0.000390824469
930.6,0.000390180697
930.7,0.0003895374505
930.8,0.000388894726
930.9,0.0003882525975
931.0,0.000387611093
931.1,0.000386970213
931.2,0.000386329993
931.3,0.00038569046
931.4,0.000385051654
931.5,0.0003844135735
931.6,0.0003837762805
931.7,0.000383139788
931.8,0.00038250413
931.9,0.000381869362
932.0,0.000381235498
932.1,0.000380602554
932.2,0.000379970605
932.3,0.000379339613
932.4,0.000378709649
932.5,0.0003780807855
932.6,0.000377453052
932.7,0.000376826447
932.8,0.000376201027
932.9,0.000375576796
933.0,0.0003749538245
933.1,0.0003743321365
933.2,0.0003737117205
933.3,0.0003730926185
933.4,0.0003724748415
933.5,0.0003718584395
933.6,0.000371243422
933.7,0.000370629785
933.8,0.000370017563
933.9,0.00036940675
934.0,0.000368797366
934.1,0.000368189451
934.2,0.0003675829765
934.3,0.000366978001
934.4,0.000366374509
934.5,0.000365772523
934.6,0.000365172052
934.7,0.0003645731205
934.8,0.0003639757425
934.9,0.000363379934
935.0,0.000362785702
935.1,0.0003621930245
935.2,0.0003616019565
935.3,0.000361012509
935.4,0.0003604246305
935.5,0.0003598384025
935.6,0.0003592537845
935.7,0.000358670812
935.8,0.000358089453
935.9,0.0003575097615
936.0,0.0003569316975
936.1,0.000356355268
936.2,0.0003557804515
936.3,0.0003552073085
936.4,0.000354635792
936.5,0.0003540659455
936.6,0.0003534977355
936.7,0.000352931207
936.8,0.000352366302
936.9,0.000351803042
937.0,0.000351241435
937.1,0.000350681464
937.2,0.0003501231365
937.3,0.0003495664625
937.4,0.0003490114435
937.5,0.0003484580485
937.6,0.000347906286
937.7,0.000347356099
937.8,0.0003468075475
937.9,0.0003462606
938.0,0.0003457152445
938.1,0.0003451715135
938.2,0.000344629373
938.3,0.0003440887935
938.4,0.0003435498035
938.5,0.0003430123775
938.6,0.000342476502
938.7,0.000341942171
938.8,0.000341409379
938.9,0.000340878117
939.0,0.000340348397
939.1,0.0003398201665
939.2,0.000339293436
939.3,0.0003387681895
939.4,0.000338244432
939.5,0.0003377221495
939.6,0.000337201313
939.7,0.0003366819485
939.8,0.0003361640165
939.9,0.000335647535
940.0,0.000335132486
940.1,0.000334618835
940.2,0.0003341066175
940.3,0.0003335958
940.4,0.0003330863845
940.5,0.0003325783955
940.6,0.0003320718075
940.7,0.000331566587
940.8,0.0003310627495
940.9,0.000330560292
941.0,0.0003300592195
941.1,0.000329559525
941.2,0.000329061208
941.3,0.0003285642685
941.4,0.0003280686595
941.5,0.000327574439
941.6,0.0003270816285
941.7,0.000326590136
941.8,0.0003261000295
941.9,0.0003256112655
942.0,0.0003251238915
942.1,0.000324637872
942.2,0.000324153243
942.3,0.0003236699795
942.4,0.000323188105
942.5,0.0003227075895
942.6,0.000322228422
942.7,0.0003217506635
942.8,0.000321274307
942.9,0.000320799292
943.0,0.0003203256815
943.1,0.0003198534455
943.2,0.0003193826135
943.3,0.0003189131845
943.4,0.0003184451355
943.5,0.000317978512
943.6,0.000317513282
943.7,0.000317049439
943.8,0.0003165869885
943.9,0.000316125986
944.0,0.0003156664175
944.1,0.0003152082685
944.2,0.0003147515435
944.3,0.000314296224
944.4,0.00031384234
944.5,0.00031338989
944.6,0.000312938855
944.7,0.000312489255
944.8,0.000312041072
944.9,0.000311594346
945.0,0.0003111490435
945.1,0.0003107051735
945.2,0.0003102627355
945.3,0.000309821731
945.4,0.0003093821845
945.5,0.0003089440565
945.6,0.0003085073605
945.7,0.0003080720915
945.8,0.0003076382925
945.9,0.0003072059155
946.0,0.0003067749685
946.1,0.000306345463
946.2,0.000305917382
946.3,0.000305490745
946.4,0.0003050655265
946.5,0.000304641747
946.6,0.0003042193915
946.7,0.0003037984955
946.8,0.000303379025
946.9,0.0003029609985
947.0,0.0003025444075
947.1,0.0003021292555
947.2,0.0003017155585
947.3,0.0003013032985
947.4,0.000300892469
947.5,0.0003004831005
947.6,0.000300075197
947.7,0.0002996687565
947.8,0.0002992637895
947.9,0.000298860309
948.0,0.0002984582985
948.1,0.000298057763
948.2,0.0002976587185
948.3,0.000297261185
948.4,0.0002968651675
948.5,0.000296470654
948.6,0.0002960776825
948.7,0.0002956862285
948.8,0.0002952963165
948.9,0.000294907955
949.0,0.0002945211705
949.1,0.000294135945
949.2,0.000293752296
949.3,0.000293370247
949.4,0.0002929897795
949.5,0.000292610918
949.6,0.00029223367
949.7,0.00029185806
949.8,0.0002914840695
949.9,0.0002911117115
950.0,0.0002907410175
950.1,0.0002903719905
950.2,0.000290004609
950.3,0.0002896388865
950.4,0.00028927484
950.5,0.0002889124805
950.6,0.000288551833
950.7,0.000288192854
950.8,0.000287835586
950.9,0.000287479981
951.0,0.000287126121
951.1,0.0002867739685
951.2,0.0002864235315
951.3,0.0002860748085
951.4,0.0002857278005
951.5,0.0002853825275
951.6,0.0002850389715
951.7,0.0002846971375
951.8,0.0002843570535
951.9,0.000284018683
952.0,0.000283682056
952.1,0.000283347155
952.2,0.000283013972
952.3,0.0002826825295
952.4,0.0002823528025
952.5,0.0002820248325
952.6,0.0002816985915
952.7,0.0002813741025
952.8,0.0002810513405
952.9,0.000280730304
953.0,0.000280411037
953.1,0.0002800935105
953.2,0.0002797777665
953.3,0.0002794637625
953.4,0.0002791515245
953.5,0.000278841057
953.6,0.000278532363
953.7,0.000278225424
953.8,0.0002779202735
953.9,0.000277616883
954.0,0.0002773152985
954.1,0.000277015486
954.2,0.000276717451
954.3,0.000276421221
954.4,0.00027612678
954.5,0.0002758341405
954.6,0.000275543316
954.7,0.0002752542935
954.8,0.0002749670925
954.9,0.0002746817415
955.0,0.0002743981985
955.1,0.000274116511
955.2,0.0002738366475
955.3,0.0002735586335
955.4,0.000273282457
955.5,0.0002730081165
955.6,0.0002727356515
955.7,0.000272465007
955.8,0.000272196237
955.9,0.0002719293225
956.0,0.000271664277
956.1,0.000271401097
956.2,0.000271139768
956.3,0.00027088031
956.4,0.000270622734
956.5,0.0002703670115
956.6,0.0002701131655
956.7,0.000269861201
956.8,0.000269611099
956.9,0.0002693628785
957.0,0.0002691164885
957.1,0.0002688719695
957.2,0.000268629304
957.3,0.0002683884935
957.4,0.000268149554
957.5,0.0002679124495
957.6,0.0002676772085
957.7,0.0002674437945
957.8,0.000267212227
957.9,0.0002669824765
958.0,0.000266754562
958.1,0.0002665284935
958.2,0.0002663042415
958.3,0.0002660818125
958.4,0.000265861199
958.5,0.000265642387
958.6,0.000265425387
958.7,0.000265210191
958.8,0.0002649967385
958.9,0.00026478509
959.0,0.000264575239
959.1,0.000264367172
959.2,0.000264160883
959.3,0.0002639563645
959.4,0.0002637536195
959.5,0.0002635526375
959.6,0.00026335343
959.7,0.000263155938
959.8,0.00026296021
959.9,0.0002627662155
960.0,0.000262574001
960.1,0.0002623835295
960.2,0.000262194799
960.3,0.0002620078265
960.4,0.000261822601
960.5,0.0002616391055
960.6,0.0002614573735
960.7,0.0002612773855
960.8,0.0002610991375
960.9,0.000260922655
961.0,0.00026074793
961.1,0.000260574942
961.2,0.0002604037215
961.3,0.000260234249
961.4,0.0002600665565
961.5,0.0002599006095
961.6,0.0002597364695
961.7,0.0002595741065
961.8,0.0002594135155
961.9,0.000259254703
962.0,0.0002590977105
962.1,0.000258942506
962.2,0.0002587891235
962.3,0.0002586375585
962.4,0.0002584878295
962.5,0.000258339917
962.6,0.0002581938855
962.7,0.0002580496935
962.8,0.000257907362
962.9,0.0002577669215
963.0,0.000257628361
963.1,0.0002574916945
963.2,0.0002573569595
963.3,0.0002572241185
963.4,0.000257093234
963.5,0.0002569642645
963.6,0.0002568372395
963.7,0.000256712164
963.8,0.0002565890605
963.9,0.000256467921
964.0,0.000256348764
964.1,0.0002562316165
964.2,0.000256116471
964.3,0.000256003346
964.4,0.000255892227
964.5,0.0002557831365
964.6,0.000255676083
964.7,0.0002555710615
964.8,0.0002554680495
964.9,0.0002553671055
965.0,0.0002552681825
965.1,0.0002551713025
965.2,0.0002550764535
965.3,0.000254983633
965.4,0.000254892843
965.5,0.0002548040705
965.6,0.0002547173145
965.7,0.000254632585
965.8,0.0002545498335
965.9,0.0002544690365
966.0,0.0002543902005
966.1,0.000254313302
966.2,0.000254238304
966.3,0.000254165177
966.4,0.0002540938855
966.5,0.000254024423
966.6,0.000253956746
966.7,0.000253890808
966.8,0.000253826537
966.9,0.0002537639015
967.0,0.0002537028655
967.1,0.00025364336
967.2,0.0002535853205
967.3,0.000253528697
967.4,0.0002534734015
967.5,0.000253419392
967.6,0.000253366553
967.7,0.000253314829
967.8,0.0002532641665
967.9,0.0002532144325
968.0,0.000253165553
968.1,0.000253117483
968.2,0.0002530700975
968.3,0.0002530233045
968.4,0.000252977023
968.5,0.0002529311655
968.6,0.000252885634
968.7,0.0002528403055
968.8,0.0002527951435
968.9,0.00025275003
969.0,0.00025270489
969.1,0.0002526596345
969.2,0.000252614189
969.3,0.0002525684855
969.4,0.00025252241
969.5,0.0002524759185
969.6,0.00025242897
969.7,0.0002523815145
969.8,0.000252333437
969.9,0.000252284745
970.0,0.0002522353745
970.1,0.00025218529
970.2,0.000252134477
970.3,0.0002520829145
970.4,0.000252030531
970.5,0.0002519773815
970.6,0.000251923405
970.7,0.0002518686195
970.8,0.000251813009
970.9,0.000251756616
971.0,0.000251699423
971.1,0.0002516414415
971.2,0.000251582716
971.3,0.0002515232585
971.4,0.000251463087
971.5,0.000251402199
971.6,0.00025134066
971.7,0.0002512785155
971.8,0.0002512157475
971.9,0.0002511524435
972.0,0.0002510886185
972.1,0.000251024313
972.2,0.000250959571
972.3,0.000250894416
972.4,0.000250828889
972.5,0.000250763045
972.6,0.0002506968965
972.7,0.000250630501
972.8,0.0002505638795
972.9,0.000250497094
973.0,0.0002504301585
973.1,0.0002503631155
973.2,0.000250296028
973.3,0.000250228852
973.4,0.0002501617195
973.5,0.0002500945795
973.6,0.0002500274915
973.7,0.000249960449
973.8,0.000249893552
973.9,0.0002498267685
974.0,0.0002497601475
974.1,0.000249693713
974.2,0.0002496274615
974.3,0.000249561447
974.4,0.000249495673
974.5,0.0002494301505
974.6,0.000249364902
974.7,0.000249299947
974.8,0.0002492353165
974.9,0.0002491709945
975.0,0.000249107024
975.1,0.000249043403
975.2,0.000248980129
975.3,0.0002489172295
975.4,0.0002488546895
975.5,0.000248792571
975.6,0.0002487308095
975.7,0.000248669412
975.8,0.0002486084265
975.9,0.000248547848
976.0,0.000248487669
976.1,0.0002484278825
976.2,0.0002483684715
976.3,0.0002483095185
976.4,0.000248250953
976.5,0.0002481927995
976.6,0.000248135027
976.7,0.000248077677
976.8,0.0002480207425
976.9,0.0002479642145
977.0,0.000247908072
977.1,0.0002478523335
977.2,0.000247796978
977.3,0.0002477419915
977.4,0.000247687397
977.5,0.0002476331785
977.6,0.0002475793355
977.7,0.000247525842
977.8,0.0002474727205
977.9,0.0002474199365
978.0,0.000247367513
978.1,0.0002473154245
978.2,0.0002472636765
978.3,0.000247212261
978.4,0.000247161207
978.5,0.000247110432
978.6,0.000247059996
978.7,0.0002470098605
978.8,0.0002469600015
978.9,0.0002469104355
979.0,0.0002468611865
979.1,0.0002468122125
979.2,0.0002467635215
979.3,0.0002467150645
979.4,0.000246666916
979.5,0.0002466190205
979.6,0.000246571399
979.7,0.000246524036
979.8,0.0002464769465
979.9,0.0002464300985
980.0,0.0002463834935
980.1,0.000246337194
980.2,0.0002462911145
980.3,0.0002462452645
980.4,0.000246199674
980.5,0.0002461543135
980.6,0.000246109214
980.7,0.000246064364
980.8,0.0002460197565
980.9,0.000245975401
981.0,0.00024593125
981.1,0.000245887368
981.2,0.000245843702
981.3,0.0002458002635
981.4,0.0002457570725
981.5,0.000245714147
981.6,0.000245671439
981.7,0.0002456289595
981.8,0.000245586708
981.9,0.0002455446895
982.0,0.000245502903
982.1,0.0002454613305
982.2,0.0002454199925
982.3,0.000245378906
982.4,0.0002453380265
982.5,0.000245297406
982.6,0.0002452570285
982.7,0.0002452168565
982.8,0.000245176938
982.9,0.0002451372845
983.0,0.000245097815
983.1,0.000245058606
983.2,0.000245019628
983.3,0.000244980864
983.4,0.0002449423455
983.5,0.000244904058
983.6,0.0002448660325
983.7,0.00024482827
983.8,0.0002447907695
983.9,0.0002447534905
984.0,0.0002447165125
984.1,0.000244679801
984.2,0.0002446433235
984.3,0.000244607159
984.4,0.000244571279
984.5,0.000244535648
984.6,0.0002445003335
984.7,0.000244465286
984.8,0.000244430556
984.9,0.0002443961755
985.0,0.0002443620825
985.1,0.0002443282955
985.2,0.000244294879
985.3,0.000244261807
985.4,0.000244229107
985.5,0.000244196757
985.6,0.0002441647775
985.7,0.0002441331975
985.8,0.0002441020015
985.9,0.000244071256
986.0,0.000244040879
986.1,0.0002440109345
986.2,0.000243981453
986.3,0.0002439524315
986.4,0.000243923886
986.5,0.000243895816
986.6,0.0002438682275
986.7,0.0002438411675
986.8,0.000243814643
986.9,0.000243788657
987.0,0.000243763224
987.1,0.000243738372
987.2,0.0002437141215
987.3,0.0002436904825
987.4,0.0002436674585
987.5,0.000243645119
987.6,0.0002436234385
987.7,0.000243602446
987.8,0.000243582128
987.9,0.0002435625435
988.0,0.000243543719
988.1,0.0002435256575
988.2,0.000243508405
988.3,0.0002434919545
988.4,0.000243476327
988.5,0.000243461543
988.6,0.0002434475955
988.7,0.000243434556
988.8,0.000243422426
988.9,0.000243411209
989.0,0.000243400934
989.1,0.0002433916075
989.2,0.000243383256
989.3,0.0002433759295
989.4,0.0002433696355
989.5,0.0002433643195
989.6,0.000243360083
989.7,0.0002433569135
989.8,0.000243354821
989.9,0.0002433538475
990.0,0.000243353973
990.1,0.00024335524
990.2,0.0002433576185
990.3,0.0002433611965
990.4,0.0002433659225
990.5,0.0002433718425
990.6,0.000243378965
990.7,0.0002433872935
990.8,0.0002433968835
990.9,0.0002434077425
991.0,0.0002434198385
991.1,0.000243433187
991.2,0.0002434478195
991.3,0.0002434637835
991.4,0.000243481052
991.5,0.0002434996465
991.6,0.000243519584
991.7,0.0002435408665
991.8,0.0002435634875
991.9,0.000243587495
992.0,0.000243612902
992.1,0.000243639672
992.2,0.000243667854
992.3,0.00024369743
992.4,0.0002437284385
992.5,0.0002437608685
992.6,0.0002437947425
992.7,0.0002438300725
992.8,0.0002438668465
992.9,0.0002439050905
993.0,0.000243944821
993.1,0.0002439860095
993.2,0.000244028689
993.3,0.000244072889
993.4,0.0002441186135
993.5,0.000244165844
993.6,0.0002442146105
993.7,0.000244264919
993.8,0.000244316775
993.9,0.000244370191
994.0,0.000244425203
994.1,0.000244481744
994.2,0.000244539914
994.3,0.0002445996755
994.4,0.000244661061
994.5,0.0002447240835
994.6,0.000244788746
994.7,0.000244855054
994.8,0.0002449230605
994.9,0.0002449927195
995.0,0.000245064075
995.1,0.0002451371335
995.2,0.000245211886
995.3,0.000245288387
995.4,0.0002453666215
995.5,0.0002454466155
995.6,0.0002455284025
995.7,0.0002456119865
995.8,0.0002456973375
995.9,0.000245784531
996.0,0.0002458735985
996.1,0.00024596454
996.2,0.0002460573655
996.3,0.000246152076
996.4,0.0002462487035
996.5,0.0002463472795
996.6,0.000246447804
996.7,0.00024655032
996.8,0.000246654817
996.9,0.000246761337
997.0,0.000246869904
997.1,0.0002469805085
997.2,0.000247093199
997.3,0.0002472079915
997.4,0.0002473249115
997.5,0.0002474439345
997.6,0.000247565109
997.7,0.000247688472
997.8,0.0002478140515
997.9,0.0002479418465
998.0,0.0002480718775
998.1,0.000248204155
998.2,0.0002483387005
998.3,0.000248475553
998.4,0.00024861472
998.5,0.000248756212
998.6,0.0002489000615
998.7,0.000249046272
998.8,0.0002491948165
998.9,0.0002493457295
999.0,0.000249499028
999.1,0.0002496547465
999.2,0.0002498129195
999.3,0.0002499735065
999.4,0.0002501365405
999.5,0.000250302051
999.6,0.00025046999
999.7,0.000250640418
999.8,0.00025081332
999.9,0.0002509887265
1000.0,0.000251166627
1000.1,0.000251347033
1000.2,0.0002515299525
1000.3,0.000251715382
1000.4,0.000251903346
1000.5,0.000252093865
1000.6,0.0002522869345
1000.7,0.000252482554
1000.8,0.0002526807235
1000.9,0.000252881463
1001.0,0.0002530847675
1001.1,0.000253290663
1001.2,0.000253499096
1001.3,0.000253710145
1001.4,0.0002539237665
1001.5,0.000254139972
1001.6,0.000254358798
1001.7,0.0002545802175
1001.8,0.000254804262
1001.9,0.0002550309585
1002.0,0.0002552602365
1002.1,0.0002554921645
1002.2,0.0002557267355
1002.3,0.000255963969
1002.4,0.0002562038475
1002.5,0.0002564463825
1002.6,0.000256691628
1002.7,0.0002569395655
1002.8,0.0002571902055
1002.9,0.000257443584
1003.0,0.000257699659
1003.1,0.000257958482
1003.2,0.0002582200285
1003.3,0.0002584843305
1003.4,0.000258751432
1003.5,0.0002590212675
1003.6,0.000259293881
1003.7,0.0002595693015
1003.8,0.0002598475555
1003.9,0.0002601285775
1004.0,0.000260412413
1004.1,0.0002606990745
1004.2,0.0002609885845
1004.3,0.000261280926
1004.4,0.000261576066
1004.5,0.000261874071
1004.6,0.000262174943
1004.7,0.000262478669
1004.8,0.0002627852375
1004.9,0.000263094677
1005.0,0.0002634070125
1005.1,0.0002637222375
1005.2,0.000264040353
1005.3,0.000264361399
1005.4,0.0002646853515
1005.5,0.0002650122205
1005.6,0.000265342016
1005.7,0.000265674714
1005.8,0.0002660104245
1005.9,0.000266349046
1006.0,0.000266690653
1006.1,0.0002670352045
1006.2,0.0002673827185
1006.3,0.0002677332545
1006.4,0.0002680867665
1006.5,0.000268443296
1006.6,0.000268802864
1006.7,0.000269165498
1006.8,0.0002695311775
1006.9,0.000269899957
1007.0,0.0002702718125
1007.1,0.000270646834
1007.2,0.000271024992
1007.3,0.000271406288
1007.4,0.0002717908135
1007.5,0.00027217856
1007.6,0.000272569597
1007.7,0.0002729639305
1007.8,0.0002733616545
1007.9,0.0002737626805
1008.0,0.000274167122
1008.1,0.000274575051
1008.2,0.000274986474
1008.3,0.0002754013965
1008.4,0.000275819971
1008.5,0.000276242127
1008.6,0.0002766679865
1008.7,0.0002770975215
1008.8,0.0002775308485
1008.9,0.000277967961
1009.0,0.0002784089215
1009.1,0.000278853738
1009.2,0.000279302464
1009.3,0.000279755161
1009.4,0.0002802118135
1009.5,0.000280672474
1009.6,0.0002811370985
1009.7,0.0002816057145
1009.8,0.000282078366
1009.9,0.000282555087
1010.0,0.0002830357415
1010.1,0.00028352042
1010.2,0.000284009059
1010.3,0.000284501609
1010.4,0.000284998123
1010.5,0.000285498468
1010.6,0.0002860026165
1010.7,0.0002865105505
1010.8,0.000287022219
1010.9,0.000287537567
1011.0,0.000288056485
1011.1,0.000288578895
1011.2,0.000289104722
1011.3,0.000289633886
1011.4,0.0002901662165
1011.5,0.000290701602
1011.6,0.0002912398855
1011.7,0.000291780887
1011.8,0.0002923243875
1011.9,0.0002928702065
1012.0,0.00029341798
1012.1,0.000293967486
1012.2,0.0002945183335
1012.3,0.000295070216
1012.4,0.00029562272
1012.5,0.0002961754275
1012.6,0.000296728033
1012.7,0.000297280237
1012.8,0.000297831796
1012.9,0.000298382514
1013.0,0.0002989323385
1013.1,0.0002994813575
1013.2,0.000300029606
1013.3,0.000300577158
1013.4,0.0003011243115
1013.5,0.0003016711865
1013.6,0.0003022180255
1013.7,0.0003027650295
1013.8,0.000303312391
1013.9,0.000303860334
1014.0,0.000304409062
1014.1,0.0003049587015
1014.2,0.000305509455
1014.3,0.000306061483
1014.4,0.000306614899
1014.5,0.000307169793
1014.6,0.0003077262305
1014.7,0.000308284313
1014.8,0.000308844177
1014.9,0.0003094057585
1015.0,0.000309969145
1015.1,0.0003105343265
1015.2,0.0003111013175
1015.3,0.000311670155
1015.4,0.0003122407805
1015.5,0.000312813225
1015.6,0.0003133874585
1015.7,0.00031396336
1015.8,0.000314540976
1015.9,0.000315120325
1016.0,0.0003157013235
1016.1,0.000316283954
1016.2,0.000316868196
1016.3,0.000317453991
1016.4,0.0003180413245
1016.5,0.0003186301435
1016.6,0.0003192204825
1016.7,0.0003198122225
1016.8,0.000320405407
1016.9,0.000321000078
1017.0,0.000321596101
1017.1,0.000322193523
1017.2,0.0003227923215
1017.3,0.0003233925395
1017.4,0.0003239940665
1017.5,0.000324597018
1017.6,0.0003252013145
1017.7,0.0003258069495
1017.8,0.000326413956
1017.9,0.0003270223755
1018.0,0.0003276322205
1018.1,0.0003282434865
1018.2,0.0003288561585
1018.3,0.0003294703305
1018.4,0.0003300859555
1018.5,0.000330703111
1018.6,0.0003313217625
1018.7,0.000331941987
1018.8,0.000332563828
1018.9,0.000333187215
1019.0,0.0003338122305
1019.1,0.0003344389095
1019.2,0.000335067229
1019.3,0.000335697235
1019.4,0.0003363289275
1019.5,0.000336962388
1019.6,0.000337597431
1019.7,0.000338234205
1019.8,0.000338872695
1019.9,0.0003395127735
1020.0,0.000340154453
1020.1,0.000340797625
1020.2,0.000341442255
1020.3,0.0003420882435
1020.4,0.0003427354895
1020.5,0.0003433839785
1020.6,0.000344033539
1020.7,0.000344684175
1020.8,0.0003453357515
1020.9,0.00034598823
1021.0,0.0003466415935
1021.1,0.0003472957395
1021.2,0.0003479507225
1021.3,0.0003486065515
1021.4,0.0003492633045
1021.5,0.00034992093
1021.6,0.000350579463
1021.7,0.000351239018
1021.8,0.000351899555
1021.9,0.00035256116
1022.0,0.000353223857
1022.1,0.0003538876705
1022.2,0.0003545526135
1022.3,0.00035521881
1022.4,0.0003558862645
1022.5,0.000356554924
1022.6,0.0003572249305
1022.7,0.0003578962595
1022.8,0.0003585689905
1022.9,0.000359243175
1023.0,0.0003599188635
1023.1,0.000360596107
1023.2,0.000361274913
1023.3,0.000361955391
1023.4,0.0003626375065
1023.5,0.000363321344
1023.6,0.0003640069115
1023.7,0.000364694243
1023.8,0.0003653834245
1023.9,0.00036607432
1024.0,0.00036676716
1024.1,0.0003674618035
1024.2,0.0003681583555
1024.3,0.0003688568025
1024.4,0.0003695571115
1024.5,0.0003702593615
1024.6,0.0003709635665
1024.7,0.0003716696655
1024.8,0.0003723775965
1024.9,0.000373087522
1025.0,0.000373799331
1025.1,0.0003745130155
1025.2,0.000375228553
1025.3,0.0003759458905
1025.4,0.000376665085
1025.5,0.0003773860665
1025.6,0.0003781087995
1025.7,0.000378833292
1025.8,0.000379559517
1025.9,0.0003802874175
1026.0,0.000381016932
1026.1,0.000381748144
1026.2,0.000382480928
1026.3,0.000383215222
1026.4,0.000383951002
1026.5,0.000384688232
1026.6,0.0003854269195
1026.7,0.0003861669885
1026.8,0.0003869083385
1026.9,0.000387650987
1027.0,0.000388394882
1027.1,0.000389139953
1027.2,0.0003898860755
1027.3,0.0003906331675
1027.4,0.0003913811325
1027.5,0.0003921298825
1027.6,0.000392879299
1027.7,0.000393629295
1027.8,0.000394379723
1027.9,0.00039513044
1028.0,0.000395881324
1028.1,0.0003966322695
1028.2,0.000397383113
1028.3,0.000398133672
1028.4,0.0003988840105
1028.5,0.000399633873
1028.6,0.0004003831855
1028.7,0.0004011319185
1028.8,0.0004018799715
1028.9,0.000402627333
1029.0,0.000403374032
1029.1,0.0004041200175
1029.2,0.000404865301
1029.3,0.0004056098415
1029.4,0.000406353722
1029.5,0.0004070969725
1029.6,0.0004078395805
1029.7,0.000408581662
1029.8,0.0004093232785
1029.9,0.000410064429
1030.0,0.000410805215
1030.1,0.000411545686
1030.2,0.0004122858505
1030.3,0.000413025818
1030.4,0.0004137656175
1030.5,0.000414505303
1030.6,0.0004152448665
1030.7,0.00041598452
1030.8,0.000416724146
1030.9,0.000417463876
1031.0,0.000418203769
1031.1,0.0004189437725
1031.2,0.000419683913
1031.3,0.000420424355
1031.4,0.000421164914
1031.5,0.0004219058365
1031.6,0.0004226470665
1031.7,0.000423388596
1031.8,0.000424130515
1031.9,0.0004248728705
1032.0,0.000425615603
1032.1,0.0004263588795
1032.2,0.0004271026265
1032.3,0.000427846977
1032.4,0.0004285918475
1032.5,0.000429337389
1032.6,0.0004300835985
1032.7,0.000430830569
1032.8,0.00043157836
1032.9,0.0004323269745
1033.0,0.000433076485
1033.1,0.00043382704
1033.2,0.0004345786575
1033.3,0.0004353314865
1033.4,0.0004360855435
1033.5,0.0004368409345
1033.6,0.0004375977785
1033.7,0.000438356176
1033.8,0.0004391161105
1033.9,0.000439877793
1034.0,0.0004406413215
1034.1,0.000441406738
1034.2,0.000442174238
1034.3,0.00044294375
1034.4,0.000443715491
1034.5,0.0004444894755
1034.6,0.0004452658255
1034.7,0.0004460446055
1034.8,0.0004468258725
1034.9,0.0004476097485
1035.0,0.000448396226
1035.1,0.000449185451
1035.2,0.0004499774545
1035.3,0.000450772309
1035.4,0.000451570176
1035.5,0.000452371094
1035.6,0.000453175227
1035.7,0.0004539826395
1035.8,0.0004547935195
1035.9,0.000455607905
1036.0,0.000456425933
1036.1,0.0004572476855
1036.2,0.000458073292
1036.3,0.0004589028095
1036.4,0.000459736355
1036.5,0.0004605741025
1036.6,0.0004614159925
1036.7,0.0004622622
1036.8,0.000463112793
1036.9,0.000463967807
1037.0,0.0004648273975
1037.1,0.000465691604
1037.2,0.000466560523
1037.3,0.000467434253
1037.4,0.000468312723
1037.5,0.000469195993
1037.6,0.000470084296
1037.7,0.0004709774585
1037.8,0.000471875636
1037.9,0.0004727788125
1038.0,0.0004736869565
1038.1,0.000474600145
1038.2,0.000475518251
1038.3,0.0004764413115
1038.4,0.0004773692635
1038.5,0.0004783021155
1038.6,0.0004792396115
1038.7,0.0004801819095
1038.8,0.0004811288235
1038.9,0.00048208024
1039.0,0.0004830362295
1039.1,0.000483996681
1039.2,0.0004849614975
1039.3,0.0004859305675
1039.4,0.000486903814
1039.5,0.0004878812675
1039.6,0.000488862867
1039.7,0.000489848452
1039.8,0.000490838032
1039.9,0.000491831612
1040.0,0.0004928292075
1040.1,0.0004938308155
1040.2,0.0004948365605
1040.3,0.0004958463855
1040.4,0.000496860408
1040.5,0.0004978787875
1040.6,0.000498901678
1040.7,0.0004999292915
1040.8,0.00050096187
1040.9,0.00050199974
1041.0,0.000503043145
1041.1,0.000504092495
1041.2,0.00050514804
1041.3,0.000506210345
1041.4,0.000507279835
1041.5,0.00050835705
1041.6,0.00050944243
1041.7,0.00051053648
1041.8,0.00051163961
1041.9,0.000512752205
1042.0,0.000513874695
1042.1,0.00051500732
1042.2,0.00051615034
1042.3,0.00051730402
1042.4,0.00051846856
1042.5,0.000519644025
1042.6,0.00052083051
1042.7,0.00052202786
1042.8,0.00052323598
1042.9,0.000524454525
1043.0,0.000525683155
1043.1,0.000526921155
1043.2,0.0005281679
1043.3,0.000529422615
1043.4,0.000530684
1043.5,0.00053195105
1043.6,0.00053322257
1043.7,0.000534497065
1043.8,0.000535773255
1043.9,0.00053704977
1044.0,0.0005383254
1044.1,0.000539598735
1044.2,0.00054086874
1044.3,0.000542133965
1044.4,0.00054339331
1044.5,0.000544645705
1044.6,0.000545889865
1044.7,0.00054712497
1044.8,0.000548350105
1044.9,0.000549564475
1045.0,0.000550767185
1045.1,0.00055195771
1045.2,0.000553135465
1045.3,0.000554300275
1045.4,0.00055545185
1045.5,0.00055659006
1045.6,0.000557715065
1045.7,0.00055882734
1045.8,0.000559927135
1045.9,0.00056101518
1046.0,0.000562092025
1046.1,0.000563158485
1046.2,0.00056421538
1046.3,0.000565263565
1046.4,0.000566303665
1046.5,0.00056733662
1046.6,0.00056836327
1046.7,0.000569384295
1046.8,0.0005704002
1046.9,0.000571411665
1047.0,0.00057241925
1047.1,0.00057342327
1047.2,0.00057442426
1047.3,0.000575422285
1047.4,0.00057641764
1047.5,0.000577410515
1047.6,0.000578401105
1047.7,0.000579389515
1047.8,0.000580375645
1047.9,0.00058135963
1048.0,0.000582341485
1048.1,0.00058332121
1048.2,0.000584298675
1048.3,0.000585273975
1048.4,0.000586247005
1048.5,0.0005872177
1048.6,0.00058818619
1048.7,0.00058915234
1048.8,0.00059011617
1048.9,0.000591077625
1049.0,0.00059203683
1049.1,0.00059299367
1049.2,0.000593948265
1049.3,0.00059490082
1049.4,0.00059585131
1049.5,0.00059679989
1049.6,0.000597746705
1049.7,0.000598692135
1049.8,0.00059963612
1049.9,0.000600578985
1050.0,0.000601520935
1050.1,0.00060246223
1050.2,0.00060340309
1050.3,0.00060434382
1050.4,0.00060528465
1050.5,0.000606225905
1050.6,0.00060716775
1050.7,0.000608110435
1050.8,0.000609054135
1050.9,0.000609999205
1051.0,0.00061094577
1051.1,0.00061189408
1051.2,0.00061284412
1051.3,0.00061379628
1051.4,0.000614750475
1051.5,0.000615706855
1051.6,0.000616665455
1051.7,0.00061762633
1051.8,0.000618589335
1051.9,0.00061955436
1052.0,0.000620521295
1052.1,0.000621489975
1052.2,0.00062246003
1052.3,0.00062343131
1052.4,0.000624403595
1052.5,0.00062537689
1052.6,0.000626351125
1052.7,0.000627326205
1052.8,0.000628302105
1052.9,0.000629278955
1053.0,0.000630256955
1053.1,0.000631236285
1053.2,0.00063221726
1053.3,0.00063319993
1053.4,0.00063418462
1053.5,0.00063517154
1053.6,0.0006361608
1053.7,0.00063715267
1053.8,0.00063814731
1053.9,0.00063914473
1054.0,0.000640145255
1054.1,0.00064114878
1054.2,0.000642155445
1054.3,0.000643165275
1054.4,0.00064417841
1054.5,0.00064519493
1054.6,0.00064621495
1054.7,0.000647238585
1054.8,0.0006482657
1054.9,0.00064929669
1055.0,0.00065033162
1055.1,0.00065137048
1055.2,0.00065241347
1055.3,0.000653460815
1055.4,0.0006545127
1055.5,0.000655569475
1055.6,0.0006566312
1055.7,0.000657698155
1055.8,0.00065877065
1055.9,0.00065984894
1056.0,0.00066093328
1056.1,0.00066202405
1056.2,0.000663121515
1056.3,0.00066422589
1056.4,0.00066533766
1056.5,0.000666456995
1056.6,0.000667584375
1056.7,0.000668719865
1056.8,0.000669863875
1056.9,0.00067101671
1057.0,0.00067217873
1057.1,0.000673349915
1057.2,0.00067453056
1057.3,0.00067572107
1057.4,0.0006769213
1057.5,0.00067813139
1057.6,0.000679351655
1057.7,0.00068058193
1057.8,0.000681822445
1057.9,0.00068307287
1058.0,0.00068433331
1058.1,0.00068560349
1058.2,0.0006868833
1058.3,0.000688172635
1058.4,0.000689471225
1058.5,0.00069077901
1058.6,0.000692095445
1058.7,0.0006934202
1058.8,0.0006947531
1058.9,0.000696093895
1059.0,0.000697442265
1059.1,0.00069879799
1059.2,0.00070016095
1059.3,0.00070153076
1059.4,0.00070290736
1059.5,0.00070429052
1059.6,0.000705680375
1059.7,0.00070707666
1059.8,0.00070847941
1059.9,0.00070988856
1060.0,0.000711304735
1060.1,0.00071272814
1060.2,0.000714159265
1060.3,0.00071559885
1060.4,0.00071704764
1060.5,0.0007185065
1060.6,0.00071997653
1060.7,0.000721458825
1060.8,0.000722954315
1060.9,0.000724463765
1061.0,0.000725988075
1061.1,0.00072752802
1061.2,0.00072908429
1061.3,0.000730657465
1061.4,0.000732248125
1061.5,0.000733856445
1061.6,0.00073548261
1061.7,0.000737126555
1061.8,0.000738788345
1061.9,0.00074046776
1062.0,0.00074216446
1062.1,0.00074387836
1062.2,0.000745608965
1062.3,0.00074735581
1062.4,0.000749118235
1062.5,0.000750895535
1062.6,0.00075268736
1062.7,0.0007544934
1062.8,0.00075631332
1062.9,0.00075814677
1063.0,0.000759993525
1063.1,0.00076185312
1063.2,0.00076372531
1063.3,0.000765610035
1063.4,0.00076750705
1063.5,0.000769416325
1063.6,0.00077133754
1063.7,0.000773270295
1063.8,0.000775214515
1063.9,0.000777169835
1064.0,0.0007791362
1064.1,0.000781113835
1064.2,0.00078310282
1064.3,0.00078510282
1064.4,0.000787113755
1064.5,0.000789135545
1064.6,0.00079116768
1064.7,0.000793209785
1064.8,0.000795261875
1064.9,0.000797323375
1065.0,0.00079939368
1065.1,0.0008014723
1065.2,0.00080355842
1065.3,0.000805651345
1065.4,0.000807750475
1065.5,0.00080985498
1065.6,0.00081196395
1065.7,0.00081407628
1065.8,0.00081619093
1065.9,0.000818306785
1066.0,0.000820422695
1066.1,0.000822537715
1066.2,0.00082465055
1066.3,0.00082676009
1066.4,0.00082886497
1066.5,0.000830963705
1066.6,0.00083305528
1066.7,0.00083513858
1066.8,0.000837212185
1066.9,0.000839274875
1067.0,0.000841325865
1067.1,0.00084336399
1067.2,0.000845388265
1067.3,0.000847397925
1067.4,0.000849392255
1067.5,0.00085137055
1067.6,0.000853332665
1067.7,0.00085527836
1067.8,0.000857207455
1067.9,0.00085912019
1068.0,0.000861016665
1068.1,0.000862897205
1068.2,0.00086476194
1068.3,0.000866611515
1068.4,0.00086844643
1068.5,0.00087026686
1068.6,0.00087207357
1068.7,0.000873867315
1068.8,0.000875648215
1068.9,0.00087741706
1069.0,0.000879174265
1069.1,0.000880920485
1069.2,0.00088265628
1069.3,0.00088438241
1069.4,0.000886099675
1069.5,0.00088780902
1069.6,0.000889510885
1069.7,0.00089120622
1069.8,0.000892895805
1069.9,0.00089458038
1070.0,0.0008962606
1070.1,0.00089793705
1070.2,0.000899610465
1070.3,0.000901281545
1070.4,0.00090295093
1070.5,0.000904619245
1070.6,0.00090628731
1070.7,0.00090795548
1070.8,0.000909624345
1070.9,0.00091129419
1071.0,0.0009129655
1071.1,0.00091463817
1071.2,0.000916312735
1071.3,0.000917988985
1071.4,0.000919666965
1071.5,0.000921346365
1071.6,0.000923026865
1071.7,0.00092470808
1071.8,0.000926389545
1071.9,0.00092807101
1072.0,0.000929751785
1072.1,0.0009314312
1072.2,0.00093310888
1072.3,0.000934784555
1072.4,0.00093645767
1072.5,0.000938127855
1072.6,0.00093979483
1072.7,0.00094145826
1072.8,0.0009431176
1072.9,0.00094477234
1073.0,0.0009464219
1073.1,0.000948065475
1073.2,0.00094970261
1073.3,0.00095133256
1073.4,0.000952954875
1073.5,0.000954568915
1073.6,0.000956174445
1073.7,0.000957771095
1073.8,0.000959358455
1073.9,0.000960936535
1074.0,0.000962505065
1074.1,0.000964064105
1074.2,0.000965613615
1074.3,0.000967153625
1074.4,0.00096868427
1074.5,0.00097020573
1074.6,0.000971718565
1074.7,0.000973222935
1074.8,0.000974719185
1074.9,0.000976207715
1075.0,0.000977688905
1075.1,0.00097916318
1075.2,0.000980631135
1075.3,0.00098209288
1075.4,0.000983549045
1075.5,0.000985000035
1075.6,0.000986446005
1075.7,0.000987887235
1075.8,0.000989324195
1075.9,0.000990756865
1076.0,0.00099218553
1076.1,0.000993610155
1076.2,0.00099503089
1076.3,0.000996447645
1076.4,0.00099786064
1076.5,0.00099926979
1076.6,0.001000675195
1076.7,0.00100207679
1076.8,0.001003474515
1076.9,0.001004868365
1077.0,0.001006258375
1077.1,0.001007644415
1077.2,0.00100902652
1077.3,0.001010404765
1077.4,0.001011779115
1077.5,0.00101314978
1077.6,0.00101451682
1077.7,0.001015880175
1077.8,0.001017239945
1077.9,0.001018596355
1078.0,0.00101994986
1078.1,0.001021300185
1078.2,0.00102264797
1078.3,0.00102399306
1078.4,0.001025336025
1078.5,0.001026676845
1078.6,0.00102801589
1078.7,0.00102935352
1078.8,0.001030689585
1078.9,0.0010320247
1079.0,0.00103335888
1079.1,0.00103469247
1079.2,0.00103602566
1079.3,0.001037358785
1079.4,0.001038691995
1079.5,0.00104002582
1079.6,0.001041360035
1079.7,0.001042695235
1079.8,0.001044031565
1079.9,0.001045369335
1080.0,0.0010467086
1080.1,0.00104804959
1080.2,0.001049392395
1080.3,0.00105073742
1080.4,0.001052084485
1080.5,0.00105343372
1080.6,0.001054785395
1080.7,0.00105613928
1080.8,0.001057495505
1080.9,0.00105885414
1081.0,0.00106021527
1081.1,0.0010615792
1081.2,0.00106294557
1081.3,0.001064314805
1081.4,0.001065686925
1081.5,0.00106706243
1081.6,0.00106844141
1081.7,0.001069824105
1081.8,0.001071210705
1081.9,0.00107260113
1082.0,0.00107399556
1082.1,0.00107539417
1082.2,0.001076796775
1082.3,0.00107820363
1082.4,0.001079614715
1082.5,0.001081029955
1082.6,0.00108244957
1082.7,0.0010838737
1082.8,0.00108530224
1082.9,0.001086735265
1083.0,0.001088172845
1083.1,0.001089615065
1083.2,0.001091061705
1083.3,0.00109251324
1083.4,0.0010939694
1083.5,0.001095430465
1083.6,0.001096896355
1083.7,0.001098366715
1083.8,0.001099841265
1083.9,0.001101319685
1084.0,0.00110280125
1084.1,0.00110428554
1084.2,0.001105771785
1084.3,0.001107258905
1084.4,0.001108746375
1084.5,0.001110233005
1084.6,0.001111717655
1084.7,0.00111319942
1084.8,0.001114677055
1084.9,0.001116149435
1085.0,0.001117615345
1085.1,0.00111907353
1085.2,0.00112052251
1085.3,0.001121961
1085.4,0.00112338768
1085.5,0.00112480093
1085.6,0.00112619965
1085.7,0.001127582135
1085.8,0.00112894734
1085.9,0.00113029394
1086.0,0.00113162093
1086.1,0.001132927255
1086.2,0.001134212235
1086.3,0.00113547545
1086.4,0.001136716385
1086.5,0.001137934975
1086.6,0.001139131245
1086.7,0.00114030543
1086.8,0.001141457845
1086.9,0.001142589255
1087.0,0.00114369997
1087.1,0.001144791015
1087.2,0.00114586284
1087.3,0.001146916105
1087.4,0.00114795167
1087.5,0.00114897034
1087.6,0.00114997285
1087.7,0.001150959675
1087.8,0.00115193157
1087.9,0.00115288897
1088.0,0.001153832525
1088.1,0.001154762845
1088.2,0.00115568022
1088.3,0.001156585115
1088.4,0.001157478065
1088.5,0.00115835968
1088.6,0.00115923044
1088.7,0.001160091065
1088.8,0.00116094198
1088.9,0.00116178401
1089.0,0.00116261781
1089.1,0.00116344404
1089.2,0.00116426339
1089.3,0.001165076355
1089.4,0.00116588367
1089.5,0.00116668568
1089.6,0.001167482865
1089.7,0.00116827562
1089.8,0.001169063905
1089.9,0.001169848395
1090.0,0.00117062898
1090.1,0.001171405415
1090.2,0.001172177905
1090.3,0.001172946265
1090.4,0.00117371025
1090.5,0.001174469245
1090.6,0.001175223095
1090.7,0.00117597143
1090.8,0.00117671355
1090.9,0.00117744878
1091.0,0.001178176135
1091.1,0.001178894795
1091.2,0.001179603965
1091.3,0.001180302545
1091.4,0.001180989565
1091.5,0.001181664365
1091.6,0.001182326385
1091.7,0.00118297541
1091.8,0.001183611135
1091.9,0.00118423376
1092.0,0.001184843435
1092.1,0.00118544041
1092.2,0.001186024785
1092.3,0.001186596825
1092.4,0.001187156925
1092.5,0.00118770495
1092.6,0.00118824109
1092.7,0.00118876558
1092.8,0.001189278505
1092.9,0.001189779775
1093.0,0.001190269525
1093.1,0.00119074785
1093.2,0.001191214475
1093.3,0.001191669325
1093.4,0.001192112455
1093.5,0.00119254385
1093.6,0.001192963535
1093.7,0.0011933714
1093.8,0.00119376737
1093.9,0.001194151705
1094.0,0.00119452404
1094.1,0.001194884455
1094.2,0.001195233055
1094.3,0.001195569895
1094.4,0.001195894965
1094.5,0.001196208295
1094.6,0.00119650996
1094.7,0.001196800055
1094.8,0.001197078415
1094.9,0.00119734516
1095.0,0.001197600175
1095.1,0.001197843535
1095.2,0.00119807504
1095.3,0.00119829476
1095.4,0.00119850259
1095.5,0.00119869863
1095.6,0.001198882715
1095.7,0.001199054635
1095.8,0.00119921446
1095.9,0.00119936215
1096.0,0.00119949775
1096.1,0.00119962113
1096.2,0.00119973247
1096.3,0.00119983188
1096.4,0.001199919415
1096.5,0.001199995105
1096.6,0.001200059165
1096.7,0.001200111955
1096.8,0.001200153745
1096.9,0.00120018474
1097.0,0.001200205195
1097.1,0.00120021542
1097.2,0.00120021602
1097.3,0.00120020748
1097.4,0.00120019013
1097.5,0.001200164475
1097.6,0.00120013141
1097.7,0.00120009122
1097.8,0.001200044375
1097.9,0.00119999193
1098.0,0.00119993441
1098.1,0.00119987225
1098.2,0.001199806245
1098.3,0.001199737185
1098.4,0.001199665355
1098.5,0.00119959115
1098.6,0.001199514585
1098.7,0.00119943654
1098.8,0.00119935736
1098.9,0.00119927688
1099.0,0.001199195755
1099.1,0.00119911377
1099.2,0.001199030815
1099.3,0.00119894681
1099.4,0.001198861535
1099.5,0.00119877497
1099.6,0.001198686945
1099.7,0.00119859691
1099.8,0.00119850479
1099.9,0.0011984098
1100.0,0.00119831146
1100.1,0.00119820957
1100.2,0.001198103805
1100.3,0.00119799351
1100.4,0.001197878265
1100.5,0.001197757755
1100.6,0.00119763158
1100.7,0.00119749928
1100.8,0.001197361135
1100.9,0.001197216745
1101.0,0.00119706628
1101.1,0.001196909865
1101.2,0.001196747865
1101.3,0.001196580535
1101.4,0.001196408445
1101.5,0.001196232
1101.6,0.001196052125
1101.7,0.001195869315
1101.8,0.001195684685
1101.9,0.001195498765
1102.0,0.00119531243
1102.1,0.00119512654
1102.2,0.001194941595
1102.3,0.00119475869
1102.4,0.001194578535
1102.5,0.001194401915
1102.6,0.00119422952
1102.7,0.00119406209
1102.8,0.001193900425
1102.9,0.001193745205
1103.0,0.0011935971
1103.1,0.00119345697
1103.2,0.001193325325
1103.3,0.0011932026
1103.4,0.001193089125
1103.5,0.00119298534
1103.6,0.00119289164
1103.7,0.001192808285
1103.8,0.001192735675
1103.9,0.001192673995
1104.0,0.001192623675
1104.1,0.00119258476
1104.2,0.00119255746
1104.3,0.001192541605
1104.4,0.00119253753
1104.5,0.001192545335
1104.6,0.001192565015
1104.7,0.001192596425
1104.8,0.001192639255
1104.9,0.00119269348
1105.0,0.0011927591
1105.1,0.001192836
1105.2,0.001192923875
1105.3,0.00119302233
1105.4,0.0011931312
1105.5,0.001193250025
1105.6,0.001193378765
1105.7,0.001193517085
1105.8,0.00119366459
1105.9,0.001193820515
1106.0,0.00119398479
1106.1,0.001194156635
1106.2,0.001194335725
1106.3,0.001194521365
1106.4,0.00119471311
1106.5,0.00119491017
1106.6,0.001195111995
1106.7,0.0011953177
1106.8,0.001195526605
1106.9,0.001195737985
1107.0,0.001195950945
1107.1,0.00119616451
1107.2,0.00119637786
1107.3,0.001196589945
1107.4,0.0011967998
1107.5,0.00119700618
1107.6,0.00119720804
1107.7,0.00119740458
1107.8,0.001197594455
1107.9,0.00119777683
1108.0,0.001197950415
1108.1,0.00119811448
1108.2,0.001198267835
1108.3,0.00119840969
1108.4,0.0011985394
1108.5,0.00119865602
1108.6,0.001198758895
1108.7,0.00119884777
1108.8,0.001198922095
1108.9,0.001198981495
1109.0,0.001199025905
1109.1,0.00119905512
1109.2,0.00119906918
1109.3,0.00119906811
1109.4,0.001199052115
1109.5,0.00119902124
1109.6,0.00119897567
1109.7,0.00119891551
1109.8,0.001198840985
1109.9,0.001198752385
1110.0,0.001198650155
1110.1,0.00119853427
1110.2,0.001198405045
1110.3,0.001198262515
1110.4,0.00119810718
1110.5,0.001197939195
1110.6,0.0011977588
1110.7,0.001197565935
1110.8,0.00119736094
1110.9,0.001197144215
1111.0,0.001196915665
1111.1,0.001196675665
1111.2,0.00119642443
1111.3,0.00119616212
1111.4,0.00119588853
1111.5,0.001195604085
1111.6,0.00119530867
1111.7,0.00119500239
1111.8,0.001194685185
1111.9,0.00119435728
1112.0,0.001194018465
1112.1,0.0011936689
1112.2,0.00119330872
1112.3,0.001192937775
1112.4,0.00119255619
1112.5,0.001192164275
1112.6,0.00119176215
1112.7,0.00119135013
1112.8,0.00119092809
1112.9,0.00119049639
1113.0,0.00119005538
1113.1,0.00118960535
1113.2,0.001189146505
1113.3,0.001188678995
1113.4,0.00118820342
1113.5,0.001187719945
1113.6,0.00118722874
1113.7,0.001186730235
1113.8,0.00118622459
1113.9,0.001185712265
1114.0,0.00118519359
1114.1,0.00118466942
1114.2,0.001184140525
1114.3,0.001183607505
1114.4,0.001183071155
1114.5,0.001182532455
1114.6,0.00118199222
1114.7,0.00118145119
1114.8,0.001180910615
1114.9,0.00118037115
1115.0,0.001179833785
1115.1,0.001179299255
1115.2,0.001178768725
1115.3,0.00117824267
1115.4,0.001177722145
1115.5,0.00117720778
1115.6,0.00117670065
1115.7,0.00117620137
1115.8,0.00117571053
1115.9,0.0011752288
1116.0,0.001174756795
1116.1,0.00117429495
1116.2,0.00117384367
1116.3,0.001173403365
1116.4,0.001172974375
1116.5,0.001172556925
1116.6,0.00117215125
1116.7,0.001171757685
1116.8,0.00117137603
1116.9,0.00117100624
1117.0,0.00117064803
1117.1,0.00117030088
1117.2,0.00116996377
1117.3,0.001169636205
1117.4,0.00116931819
1117.5,0.001169009965
1117.6,0.001168711945
1117.7,0.00116842343
1117.8,0.001168143965
1117.9,0.00116787435
1118.0,0.00116761544
1118.1,0.001167367655
1118.2,0.00116713114
1118.3,0.001166905675
1118.4,0.001166691125
1118.5,0.001166487465
1118.6,0.00116629502
1118.7,0.001166114045
1118.8,0.001165945065
1118.9,0.001165788315
1119.0,0.001165644275
1119.1,0.00116551319
1119.2,0.00116539524
1119.3,0.001165290505
1119.4,0.001165199325
1119.5,0.00116512166
1119.6,0.00116505718
1119.7,0.00116500596
1119.8,0.00116496775
1119.9,0.00116494247
1120.0,0.00116492997
1120.1,0.001164930145
1120.2,0.00116494273
1120.3,0.001164967455
1120.4,0.00116500386
1120.5,0.001165051815
1120.6,0.00116511076
1120.7,0.00116517997
1120.8,0.001165259225
1120.9,0.001165347995
1121.0,0.00116544589
1121.1,0.001165552605
1121.2,0.00116566804
1121.3,0.00116579214
1121.4,0.001165924595
1121.5,0.00116606479
1121.6,0.001166211945
1121.7,0.001166365245
1121.8,0.0011665238
1121.9,0.00116668621
1122.0,0.001166850995
1122.1,0.001167016415
1122.2,0.001167180735
1122.3,0.001167342465
1122.4,0.00116750025
1122.5,0.001167652285
1122.6,0.001167797265
1122.7,0.001167933845
1122.8,0.001168060625
1122.9,0.001168176355
1123.0,0.00116827972
1123.1,0.001168369705
1123.2,0.00116844482
1123.3,0.00116850439
1123.4,0.00116854696
1123.5,0.001168571215
1123.6,0.00116857596
1123.7,0.001168559935
1123.8,0.001168522085
1123.9,0.001168460925
1124.0,0.001168375455
1124.1,0.00116826475
1124.2,0.001168127595
1124.3,0.001167963655
1124.4,0.001167772655
1124.5,0.00116755444
1124.6,0.001167308925
1124.7,0.001167036325
1124.8,0.00116673703
1124.9,0.001166411085
1125.0,0.00116605931
1125.1,0.00116568228
1125.2,0.001165281045
1125.3,0.001164856375
1125.4,0.001164409385
1125.5,0.00116394125
1125.6,0.001163453305
1125.7,0.001162946975
1125.8,0.001162424055
1125.9,0.00116188676
1126.0,0.001161336925
1126.1,0.00116077628
1126.2,0.001160206485
1126.3,0.001159628645
1126.4,0.001159043155
1126.5,0.001158450365
1126.6,0.00115785067
1126.7,0.001157244435
1126.8,0.001156631805
1126.9,0.0011560131
1127.0,0.001155388065
1127.1,0.001154757045
1127.2,0.00115412028
1127.3,0.00115347784
1127.4,0.00115282944
1127.5,0.00115217475
1127.6,0.001151513555
1127.7,0.001150845665
1127.8,0.00115017086
1127.9,0.001149488705
1128.0,0.0011487988
1128.1,0.001148101015
1128.2,0.00114739453
1128.3,0.00114667894
1128.4,0.00114595368
1128.5,0.00114521816
1128.6,0.00114447186
1128.7,0.001143713915
1128.8,0.001142944245
1128.9,0.00114216229
1129.0,0.001141368055
1129.1,0.001140561245
1129.2,0.00113974176
1129.3,0.00113890988
1129.4,0.00113806593
1129.5,0.001137210055
1129.6,0.00113634254
1129.7,0.00113546336
1129.8,0.001134572945
1129.9,0.0011336715
1130.0,0.00113275894
1130.1,0.001131835425
1130.2,0.001130900685
1130.3,0.00112995473
1130.4,0.00112899759
1130.5,0.00112802917
1130.6,0.001127049255
1130.7,0.001126058045
1130.8,0.00112505519
1130.9,0.00112404089
1131.0,0.001123015185
1131.1,0.00112197832
1131.2,0.00112093055
1131.3,0.00111987236
1131.4,0.001118804475
1131.5,0.00111772741
1131.6,0.001116642385
1131.7,0.00111555012
1131.8,0.001114452
1131.9,0.00111334891
1132.0,0.001112242325
1132.1,0.001111133515
1132.2,0.001110023735
1132.3,0.001108914025
1132.4,0.001107805625
1132.5,0.001106699485
1132.6,0.00110559663
1132.7,0.001104497765
1132.8,0.001103403615
1132.9,0.00110231484
1133.0,0.001101231265
1133.1,0.001100153355
1133.2,0.00109908112
1133.3,0.001098014525
1133.4,0.0010969532
1133.5,0.00109589685
1133.6,0.00109484497
1133.7,0.00109379752
1133.8,0.001092753565
1133.9,0.001091712595
1134.0,0.001090673865
1134.1,0.001089636715
1134.2,0.00108860025
1134.3,0.001087563925
1134.4,0.00108652671
1134.5,0.00108548827
1134.6,0.00108444786
1134.7,0.001083404785
1134.8,0.001082358635
1134.9,0.00108130891
1135.0,0.0010802554
1135.1,0.00107919789
1135.2,0.001078136015
1135.3,0.001077069635
1135.4,0.001075998865
1135.5,0.001074923975
1135.6,0.00107384505
1135.7,0.00107276229
1135.8,0.00107167618
1135.9,0.00107058679
1136.0,0.001069494645
1136.1,0.0010683999
1136.2,0.00106730286
1136.3,0.00106620335
1136.4,0.00106510113
1136.5,0.001063995565
1136.6,0.001062886305
1136.7,0.00106177295
1136.8,0.001060654975
1136.9,0.00105953231
1137.0,0.00105840509
1137.1,0.001057273505
1137.2,0.00105613771
1137.3,0.001054998125
1137.4,0.00105385513
1137.5,0.001052709565
1137.6,0.001051561855
1137.7,0.001050412415
1137.8,0.001049262245
1137.9,0.00104811166
1138.0,0.00104696145
1138.1,0.00104581223
1138.2,0.00104466486
1138.3,0.00104351981
1138.4,0.001042377705
1138.5,0.00104123907
1138.6,0.001040104145
1138.7,0.001038973435
1138.8,0.001037847125
1138.9,0.001036725545
1139.0,0.00103560911
1139.1,0.00103449831
1139.2,0.00103339309
1139.3,0.001032293845
1139.4,0.00103120062
1139.5,0.001030113495
1139.6,0.00102903255
1139.7,0.00102795763
1139.8,0.001026888755
1139.9,0.001025825455
1140.0,0.0010247675
1140.1,0.001023714535
1140.2,0.001022666265
1140.3,0.001021622025
1140.4,0.00102058116
1140.5,0.001019543225
1140.6,0.001018507535
1140.7,0.001017473345
1140.8,0.00101643996
1140.9,0.00101540668
1141.0,0.00101437276
1141.1,0.001013337545
1141.2,0.001012300125
1141.3,0.001011260135
1141.4,0.00101021669
1141.5,0.001009169305
1141.6,0.001008117465
1141.7,0.00100706051
1141.8,0.001005997995
1141.9,0.00100492959
1142.0,0.0010038547
1142.1,0.001002773185
1142.2,0.0010016845
1142.3,0.00100058865
1142.4,0.0009994853
1142.5,0.00099837417
1142.6,0.00099725495
1142.7,0.00099612747
1142.8,0.000994991425
1142.9,0.00099384663
1143.0,0.000992692565
1143.1,0.000991529085
1143.2,0.000990355955
1143.3,0.00098917294
1143.4,0.0009879797
1143.5,0.00098677587
1143.6,0.000985561385
1143.7,0.000984335705
1143.8,0.00098309853
1143.9,0.00098184944
1144.0,0.00098058805
1144.1,0.000979314165
1144.2,0.00097802713
1144.3,0.00097672668
1144.4,0.000975412085
1144.5,0.000974083075
1144.6,0.00097273897
1144.7,0.000971379155
1144.8,0.000970002895
1144.9,0.000968609535
1145.0,0.000967198355
1145.1,0.00096576836
1145.2,0.000964318735
1145.3,0.00096284852
1145.4,0.000961356745
1145.5,0.00095984258
1145.6,0.000958305075
1145.7,0.000956743345
1145.8,0.00095515691
1145.9,0.0009535448
1146.0,0.000951906645
1146.1,0.0009502418
1146.2,0.00094854976
1146.3,0.00094683034
1146.4,0.000945083425
1146.5,0.00094330899
1146.6,0.000941507095
1146.7,0.000939678255
1146.8,0.000937822935
1146.9,0.00093594162
1147.0,0.000934035385
1147.1,0.00093210487
1147.2,0.00093015092
1147.3,0.000928174745
1147.4,0.00092617715
1147.5,0.0009241592
1147.6,0.00092212219
1147.7,0.00092006718
1147.8,0.00091799516
1147.9,0.000915907425
1148.0,0.00091380489
1148.1,0.000911688765
1148.2,0.000909560265
1148.3,0.00090742029
1148.4,0.000905269805
1148.5,0.000903109895
1148.6,0.00090094149
1148.7,0.000898765565
1148.8,0.000896582875
1148.9,0.000894394455
1149.0,0.000892200925
1149.1,0.000890003325
1149.2,0.00088780199
1149.3,0.00088559788
1149.4,0.000883391575
1149.5,0.000881183725
1149.6,0.00087897495
1149.7,0.00087676579
1149.8,0.000874556715
1149.9,0.000872348165
1150.0,0.000870140595
1150.1,0.00086793447
1150.2,0.00086573017
1150.3,0.000863527965
1150.4,0.000861328255
1150.5,0.000859131195
1150.6,0.00085693721
1150.7,0.000854746525
1150.8,0.000852559215
1150.9,0.000850375685
1151.0,0.000848195975
1151.1,0.000846020205
1151.2,0.00084384869
1151.3,0.000841681465
1151.4,0.000839518675
1151.5,0.000837360345
1151.6,0.000835206645
1151.7,0.000833057615
1151.8,0.000830913455
1151.9,0.000828773995
1152.0,0.00082663945
1152.1,0.000824509855
1152.2,0.00082238522
1152.3,0.000820265515
1152.4,0.000818150895
1152.5,0.00081604135
1152.6,0.000813936965
1152.7,0.00081183753
1152.8,0.00080974329
1152.9,0.00080765408
1153.0,0.000805570025
1153.1,0.000803491015
1153.2,0.000801417075
1153.3,0.000799348205
1153.4,0.000797284355
1153.5,0.000795225475
1153.6,0.00079317161
1153.7,0.000791122705
1153.8,0.000789078715
1153.9,0.000787039805
1154.0,0.00078500592
1154.1,0.00078297703
1154.2,0.00078095328
1154.3,0.00077893464
1154.4,0.0007769212
1154.5,0.000774913105
1154.6,0.000772910445
1154.7,0.00077091337
1154.8,0.000768922105
1154.9,0.000766936655
1155.0,0.00076495742
1155.1,0.000762984545
1155.2,0.000761018475
1155.3,0.00075905942
1155.4,0.000757107735
1155.5,0.00075516379
1155.6,0.00075322798
1155.7,0.000751300745
1155.8,0.00074938245
1155.9,0.00074747365
1156.0,0.0007455748
1156.1,0.000743686565
1156.2,0.00074180924
1156.3,0.00073994345
1156.4,0.00073808966
1156.5,0.00073624834
1156.6,0.00073441968
1156.7,0.000732604065
1156.8,0.00073080177
1156.9,0.00072901301
1157.0,0.000727237945
1157.1,0.00072547666
1157.2,0.00072372934
1157.3,0.000721996065
1157.4,0.00072027657
1157.5,0.00071857095
1157.6,0.00071687913
1157.7,0.000715201165
1157.8,0.0007135368
1157.9,0.00071188597
1158.0,0.000710248575
1158.1,0.000708624465
1158.2,0.000707013435
1158.3,0.00070541526
1158.4,0.00070382996
1158.5,0.00070225726
1158.6,0.00070069703
1158.7,0.00069914917
1158.8,0.00069761348
1158.9,0.000696089765
1159.0,0.000694577875
1159.1,0.00069307777
1159.2,0.0006915891
1159.3,0.00069011186
1159.4,0.00068864576
1159.5,0.000687190695
1159.6,0.000685746415
1159.7,0.00068431276
1159.8,0.00068288958
1159.9,0.000681476655
1160.0,0.00068007391
1160.1,0.000678681225
1160.2,0.000677298425
1160.3,0.00067592538
1160.4,0.000674561995
1160.5,0.000673208135
1160.6,0.000671863715
1160.7,0.00067052873
1160.8,0.000669203
1160.9,0.00066788663
1161.0,0.00066657941
1161.1,0.000665281375
1161.2,0.000663992435
1161.3,0.00066271258
1161.4,0.00066144166
1161.5,0.000660179615
1161.6,0.000658926405
1161.7,0.00065768186
1161.8,0.00065644584
1161.9,0.00065521828
1162.0,0.000653999035
1162.1,0.000652787885
1162.2,0.00065158471
1162.3,0.000650389315
1162.4,0.00064920134
1162.5,0.00064802051
1162.6,0.000646846575
1162.7,0.0006456792
1162.8,0.000644517975
1162.9,0.00064336251
1163.0,0.000642212515
1163.1,0.000641067545
1163.2,0.00063992721
1163.3,0.00063879108
1163.4,0.000637658675
1163.5,0.000636529505
1163.6,0.00063540315
1163.7,0.000634279305
1163.8,0.00063315728
1163.9,0.00063203658
1164.0,0.00063091679
1164.1,0.00062979719
1164.2,0.00062867726
1164.3,0.00062755622
1164.4,0.000626433545
1164.5,0.00062530869
1164.6,0.000624181025
1164.7,0.00062305007
1164.8,0.000621915185
1164.9,0.000620775985
1165.0,0.000619632
1165.1,0.00061848294
1165.2,0.00061732849
1165.3,0.000616168515
1165.4,0.000615002695
1165.5,0.000613830915
1165.6,0.000612653135
1165.7,0.000611469255
1165.8,0.00061027902
1165.9,0.00060908256
1166.0,0.000607879935
1166.1,0.000606671005
1166.2,0.0006054557
1166.3,0.0006042341
1166.4,0.00060300622
1166.5,0.00060177197
1166.6,0.000600531405
1166.7,0.00059928438
1166.8,0.000598031005
1166.9,0.000596771115
1167.0,0.00059550474
1167.1,0.000594231695
1167.2,0.000592952015
1167.3,0.00059166553
1167.4,0.000590372105
1167.5,0.000589071575
1167.6,0.000587763905
1167.7,0.00058644896
1167.8,0.000585126475
1167.9,0.000583796315
1168.0,0.000582458385
1168.1,0.00058111248
1168.2,0.000579758435
1168.3,0.000578396205
1168.4,0.00057702566
1168.5,0.000575646885
1168.6,0.00057425982
1168.7,0.000572864495
1168.8,0.000571460945
1168.9,0.000570049465
1169.0,0.00056863022
1169.1,0.000567203305
1169.2,0.0005657691
1169.3,0.00056432795
1169.4,0.000562879915
1169.5,0.00056142541
1169.6,0.000559964785
1169.7,0.0005584984
1169.8,0.000557026635
1169.9,0.0005555498
1170.0,0.00055406824
1170.1,0.000552582335
1170.2,0.00055109242
1170.3,0.00054959891
1170.4,0.000548102145
1170.5,0.000546602585
1170.6,0.000545100565
1170.7,0.000543596425
1170.8,0.000542090545
1170.9,0.00054058335
1171.0,0.000539075155
1171.1,0.000537566365
1171.2,0.000536057295
1171.3,0.000534548355
1171.4,0.00053303976
1171.5,0.00053153192
1171.6,0.000530025205
1171.7,0.00052851986
1171.8,0.000527016115
1171.9,0.0005255143
1172.0,0.000524014785
1172.1,0.00052251774
1172.2,0.00052102345
1172.3,0.000519532115
1172.4,0.00051804409
1172.5,0.000516559585
1172.6,0.000515078885
1172.7,0.0005136021
1172.8,0.00051212948
1172.9,0.0005106613
1173.0,0.000509197655
1173.1,0.000507738845
1173.2,0.000506284945
1173.3,0.00050483613
1173.4,0.00050339247
1173.5,0.000501954175
1173.6,0.000500521245
1173.7,0.000499093867
1173.8,0.0004976720765
1173.9,0.000496255885
1174.0,0.0004948454065
1174.1,0.000493440595
1174.2,0.000492041531
1174.3,0.00049064816
1174.4,0.000489260569
1174.5,0.000487878734
1174.6,0.0004865026645
1174.7,0.000485132348
1174.8,0.000483767708
1174.9,0.0004824086625
1175.0,0.0004810551755
1175.1,0.000479707112
1175.2,0.0004783644625
1175.3,0.0004770271585
1175.4,0.000475695038
1175.5,0.000474368029
1175.6,0.0004730460285
1175.7,0.0004717289635
1175.8,0.000470416709
1175.9,0.0004691091875
1176.0,0.0004678063035
1176.1,0.000466507986
1176.2,0.0004652141435
1176.3,0.0004639247395
1176.4,0.000462639705
1176.5,0.000461359018
1176.6,0.0004600825815
1176.7,0.000458810368
1176.8,0.000457542391
1176.9,0.000456278643
1177.0,0.0004550190865
1177.1,0.000453763835
1177.2,0.0004525129625
1177.3,0.000451266497
1177.4,0.000450024486
1177.5,0.0004487869945
1177.6,0.000447554078
1177.7,0.0004463258105
1177.8,0.00044510221
1177.9,0.000443883299
1178.0,0.000442669135
1178.1,0.00044145976
1178.2,0.000440255161
1178.3,0.0004390553695
1178.4,0.0004378604015
1178.5,0.0004366702665
1178.6,0.000435484951
1178.7,0.00043430443
1178.8,0.000433128766
1178.9,0.0004319579215
1179.0,0.0004307918965
1179.1,0.00042963068
1179.2,0.000428474255
1179.3,0.000427322643
1179.4,0.0004261758095
1179.5,0.0004250337505
1179.6,0.000423896444
1179.7,0.000422763885
1179.8,0.000421636082
1179.9,0.0004205130485
1180.0,0.0004193947455
1180.1,0.0004182811725
1180.2,0.0004171723055
1180.3,0.00041606813
1180.4,0.000414968635
1180.5,0.00041387382
1180.6,0.00041278368
1180.7,0.000411698197
1180.8,0.0004106173055
1180.9,0.0004095410675
1181.0,0.000408469417
1181.1,0.0004074024115
1181.2,0.0004063399315
1181.3,0.0004052820295
1181.4,0.0004042286275
1181.5,0.0004031797925
1181.6,0.000402135444
1181.7,0.000401095551
1181.8,0.0004000601185
1181.9,0.00039902911
1182.0,0.000398002516
1182.1,0.000396980287
1182.2,0.0003959624425
1182.3,0.000394948902
1182.4,0.0003939397015
1182.5,0.0003929347745
1182.6,0.0003919340825
1182.7,0.000390937619
1182.8,0.0003899453425
1182.9,0.000388957239
1183.0,0.000387973236
1183.1,0.0003869933705
1183.2,0.00038601755
1183.3,0.0003850457555
1183.4,0.000384077993
1183.5,0.000383114188
1183.6,0.0003821543265
1183.7,0.000381198358
1183.8,0.000380246278
1183.9,0.0003792980065
1184.0,0.0003783535435
1184.1,0.0003774128575
1184.2,0.00037647588
1184.3,0.0003755425995
1184.4,0.0003746129825
1184.5,0.000373686982
1184.6,0.000372764552
1184.7,0.0003718456685
1184.8,0.0003709303045
1184.9,0.000370018433
1185.0,0.00036911001
1185.1,0.000368204991
1185.2,0.0003673033295
1185.3,0.0003664050055
1185.4,0.0003655099945
1185.5,0.0003646182185
1185.6,0.0003637296725
1185.7,0.0003628443175
1185.8,0.0003619621185
1185.9,0.0003610830135
1186.0,0.000360206993
1186.1,0.000359334037
1186.2,0.000358464113
1186.3,0.000357597159
1186.4,0.000356733154
1186.5,0.0003558720845
1186.6,0.000355013907
1186.7,0.000354158565
1186.8,0.0003533060585
1186.9,0.0003524563375
1187.0,0.0003516093945
1187.1,0.0003507651855
1187.2,0.000349923701
1187.3,0.0003490848915
1187.4,0.000348248752
1187.5,0.000347415238
1187.6,0.000346584354
1187.7,0.000345756065
1187.8,0.0003449303395
1187.9,0.000344107165
1188.0,0.0003432865335
1188.1,0.000342468424
1188.2,0.0003416528175
1188.3,0.0003408396865
1188.4,0.000340029051
1188.5,0.0003392208485
1188.6,0.000338415095
1188.7,0.0003376117565
1188.8,0.0003368108675
1188.9,0.000336012397
1189.0,0.000335216352
1189.1,0.000334422699
1189.2,0.0003336314545
1189.3,0.0003328425975
1189.4,0.0003320561505
1189.5,0.000331272082
1189.6,0.0003304904
1189.7,0.000329711118
1189.8,0.000328934214
1189.9,0.0003281596875
1190.0,0.000327387562
1190.1,0.0003266178275
1190.2,0.000325850488
1190.3,0.0003250855335
1190.4,0.0003243229825
1190.5,0.000323562837
1190.6,0.0003228050795
1190.7,0.000322049757
1190.8,0.0003212968415
1190.9,0.00032054634
1191.0,0.0003197982635
1191.1,0.0003190526275
1191.2,0.000318309432
1191.3,0.0003175686815
1191.4,0.0003168303695
1191.5,0.0003160945135
1191.6,0.0003153611205
1191.7,0.0003146301905
1191.8,0.000313901735
1191.9,0.000313175756
1192.0,0.0003124522605
1192.1,0.0003117312305
1192.2,0.000311012675
1192.3,0.0003102966305
1192.4,0.0003095830605
1192.5,0.0003088719865
1192.6,0.0003081634125
1192.7,0.000307457348
1192.8,0.0003067537805
1192.9,0.0003060527045
1193.0,0.0003053541365
1193.1,0.000304658043
1193.2,0.000303964444
1193.3,0.0003032733565
1193.4,0.0003025847645
1193.5,0.000301898652
1193.6,0.000301215013
1193.7,0.000300533855
1193.8,0.0002998551735
1193.9,0.000299178959
1194.0,0.0002985052005
1194.1,0.000297833912
1194.2,0.00029716505
1194.3,0.0002964986355
1194.4,0.000295834641
1194.5,0.0002951730665
1194.6,0.000294513907
1194.7,0.000293857147
1194.8,0.0002932027915
1194.9,0.000292550792
1195.0,0.0002919011685
1195.1,0.000291253898
1195.2,0.0002906089545
1195.3,0.000289966337
1195.4,0.000289326024
1195.5,0.000288688002
1195.6,0.000288052272
1195.7,0.0002874188055
1195.8,0.00028678759
1195.9,0.000286158605
1196.0,0.000285531844
1196.1,0.0002849072875
1196.2,0.0002842849185
1196.3,0.0002836647225
1196.4,0.000283046679
1196.5,0.0002824307705
1196.6,0.0002818169985
1196.7,0.0002812053255
1196.8,0.000280595758
1196.9,0.0002799882745
1197.0,0.000279382848
1197.1,0.000278779472
1197.2,0.0002781781305
1197.3,0.0002775788085
1197.4,0.000276981481
1197.5,0.0002763861475
1197.6,0.0002757927915
1197.7,0.000275201405
1197.8,0.000274611965
1197.9,0.0002740244645
1198.0,0.0002734389085
1198.1,0.00027285528
1198.2,0.0002722735605
1198.3,0.00027169374
1198.4,0.0002711158195
1198.5,0.000270539783
1198.6,0.000269965624
1198.7,0.0002693933275
1198.8,0.000268822892
1198.9,0.000268254303
1199.0,0.000267687568
1199.1,0.0002671226845
1199.2,0.0002665596375
1199.3,0.000265998432
1199.4,0.0002654390625
1199.5,0.000264881526
1199.6,0.000264325825
1199.7,0.000263771952
1199.8,0.000263219906
1199.9,0.000262669684
1200.0,0.0002621212925
1200.1,0.000261574725
1200.2,0.0002610299715
1200.3,0.000260487057
1200.4,0.000259945972
1200.5,0.000259406711
1200.6,0.000258869275
1200.7,0.0002583336855
1200.8,0.000257799928
1200.9,0.000257268008
1201.0,0.0002567379305
1201.1,0.0002562097025
1201.2,0.000255683312
1201.3,0.0002551587745
1201.4,0.000254636082
1201.5,0.000254115256
1201.6,0.0002535962895
1201.7,0.0002530791915
1201.8,0.0002525639605
1201.9,0.000252050604
1202.0,0.0002515391285
1202.1,0.0002510295285
1202.2,0.000250521806
1202.3,0.0002500159765
1202.4,0.0002495120295
1202.5,0.000249009979
1202.6,0.0002485098235
1202.7,0.000248011559
1202.8,0.000247515197
1202.9,0.0002470207245
1203.0,0.0002465281575
1203.1,0.000246037487
1203.2,0.0002455487205
1203.3,0.0002450618665
1203.4,0.000244576918
1203.5,0.0002440938635
1203.6,0.0002436127205
1203.7,0.000243133492
1203.8,0.0002426561735
1203.9,0.000242180757
1204.0,0.0002417072315
1204.1,0.000241235616
1204.2,0.0002407659095
1204.3,0.0002402981025
1204.4,0.00023983219
1204.5,0.000239368182
1204.6,0.0002389060655
1204.7,0.0002384458385
1204.8,0.0002379874995
1204.9,0.000237531031
1205.0,0.000237076445
1205.1,0.000236623739
1205.2,0.00023617289
1205.3,0.0002357239095
1205.4,0.000235276788
1205.5,0.0002348315195
1205.6,0.000234388095
1205.7,0.000233946507
1205.8,0.000233506749
1205.9,0.000233068819
1206.0,0.000232632704
1206.1,0.000232198397
1206.2,0.0002317658865
1206.3,0.0002313351745
1206.4,0.000230906237
1206.5,0.0002304790795
1206.6,0.0002300536865
1206.7,0.0002296300505
1206.8,0.0002292081605
1206.9,0.000228788018
1207.0,0.0002283695905
1207.1,0.0002279528805
1207.2,0.000227537874
1207.3,0.0002271245555
1207.4,0.0002267129215
1207.5,0.000226302957
1207.6,0.0002258946515
1207.7,0.0002254880135
1207.8,0.0002250830035
1207.9,0.000224679611
1208.0,0.0002242778345
1208.1,0.0002238776675
1208.2,0.000223479092
1208.3,0.0002230820905
1208.4,0.0002226866515
1208.5,0.000222292761
1208.6,0.0002219004145
1208.7,0.00022150959
1208.8,0.0002211202705
1208.9,0.000220732472
1209.0,0.0002203461535
1209.1,0.000219961327
1209.2,0.000219577961
1209.3,0.000219196059
1209.4,0.0002188155975
1209.5,0.0002184365735
1209.6,0.0002180589655
1209.7,0.0002176827685
1209.8,0.0002173079715
1209.9,0.000216934557
1210.0,0.0002165625115
1210.1,0.000216191828
1210.2,0.0002158224975
1210.3,0.0002154545065
1210.4,0.0002150878455
1210.5,0.00021472251
1210.6,0.0002143584875
1210.7,0.000213995754
1210.8,0.00021363432
1210.9,0.000213274166
1211.0,0.000212915287
1211.1,0.0002125576695
1211.2,0.0002122013085
1211.3,0.000211846201
1211.4,0.000211492329
1211.5,0.000211139685
1211.6,0.0002107882715
1211.7,0.000210438071
1211.8,0.000210089092
1211.9,0.00020974131
1212.0,0.0002093947235
1212.1,0.000209049342
1212.2,0.0002087051465
1212.3,0.000208362142
1212.4,0.000208020309
1212.5,0.000207679654
1212.6,0.000207340167
1212.7,0.000207001849
1212.8,0.000206664693
1212.9,0.0002063286995
1213.0,0.0002059938655
1213.1,0.000205660197
1213.2,0.000205327678
1213.3,0.0002049963135
1213.4,0.0002046661115
1213.5,0.0002043370615
1213.6,0.000204009166
1213.7,0.000203682424
1213.8,0.000203356842
1213.9,0.0002030324135
1214.0,0.0002027091365
1214.1,0.000202387027
1214.2,0.0002020660815
1214.3,0.000201746287
1214.4,0.0002014276575
1214.5,0.0002011101965
1214.6,0.0002007939075
1214.7,0.000200478779
1214.8,0.000200164828
1214.9,0.000199852047
1215.0,0.000199540452
1215.1,0.0001992300305
1215.2,0.000198920792
1215.3,0.0001986127475
1215.4,0.0001983058885
1215.5,0.000198000223
1215.6,0.000197695764
1215.7,0.000197392504
1215.8,0.0001970904485
1215.9,0.000196789612
1216.0,0.0001964899885
1216.1,0.000196191586
1216.2,0.0001958944135
1216.3,0.0001955984725
1216.4,0.0001953037695
1216.5,0.0001950103035
1216.6,0.000194718082
1216.7,0.0001944271075
1216.8,0.0001941373795
1216.9,0.0001938489105
1217.0,0.000193561699
1217.1,0.0001932757555
1217.2,0.000192991075
1217.3,0.0001927076755
1217.4,0.000192425546
1217.5,0.0001921446945
1217.6,0.000191865133
1217.7,0.000191586853
1217.8,0.0001913098665
1217.9,0.0001910341715
1218.0,0.000190759773
1218.1,0.0001904866805
1218.2,0.0001902148975
1218.3,0.0001899444095
1218.4,0.00018967523
1218.5,0.0001894073535
1218.6,0.00018914079
1218.7,0.0001888755455
1218.8,0.000188611613
1218.9,0.000188348996
1219.0,0.0001880877005
1219.1,0.0001878277235
1219.2,0.000187569072
1219.3,0.000187311739
1219.4,0.0001870557235
1219.5,0.0001868010315
1219.6,0.000186547663
1219.7,0.0001862956095
1219.8,0.000186044883
1219.9,0.000185795473
1220.0,0.0001855473785
1220.1,0.0001853005985
1220.2,0.0001850551395
1220.3,0.000184810992
1220.4,0.000184568154
1220.5,0.0001843266225
1220.6,0.0001840863945
1220.7,0.0001838474775
1220.8,0.0001836098615
1220.9,0.0001833735315
1221.0,0.000183138496
1221.1,0.0001829047555
1221.2,0.000182672301
1221.3,0.0001824411275
1221.4,0.0001822112215
1221.5,0.000181982587
1221.6,0.0001817552215
1221.7,0.000181529108
1221.8,0.0001813042535
1221.9,0.000181080648
1222.0,0.000180858287
1222.1,0.00018063716
1222.2,0.0001804172715
1222.3,0.000180198604
1222.4,0.0001799811585
1222.5,0.0001797649255
1222.6,0.0001795498995
1222.7,0.0001793360755
1222.8,0.000179123444
1222.9,0.000178911997
1223.0,0.0001787017325
1223.1,0.0001784926335
1223.2,0.0001782846925
1223.3,0.000178077907
1223.4,0.0001778722705
1223.5,0.000177667767
1223.6,0.000177464393
1223.7,0.000177262143
1223.8,0.0001770610035
1223.9,0.0001768609615
1224.0,0.000176662015
1224.1,0.0001764641515
1224.2,0.0001762673665
1224.3,0.0001760716505
1224.4,0.000175876998
1224.5,0.0001756834025
1224.6,0.0001754908415
1224.7,0.0001752993095
1224.8,0.0001751088
1224.9,0.000174919311
1225.0,0.000174730819
1225.1,0.0001745433225
1225.2,0.0001743568125
1225.3,0.0001741712745
1225.4,0.0001739867
1225.5,0.000173803089
1225.6,0.000173620435
1225.7,0.0001734387135
1225.8,0.00017325792
1225.9,0.000173078041
1226.0,0.0001728990795
1226.1,0.000172721019
1226.2,0.0001725438435
1226.3,0.000172367551
1226.4,0.0001721921415
1226.5,0.00017201759
1226.6,0.000171843888
1226.7,0.0001716710385
1226.8,0.0001714990255
1226.9,0.000171327844
1227.0,0.0001711574855
1227.1,0.0001709879465
1227.2,0.000170819213
1227.3,0.0001706512725
1227.4,0.000170484132
1227.5,0.000170317782
1227.6,0.000170152197
1227.7,0.0001699873855
1227.8,0.0001698233275
1227.9,0.0001696600275
1228.0,0.0001694974805
1228.1,0.0001693356705
1228.2,0.0001691745855
1228.3,0.000169014228
1228.4,0.00016885459
1228.5,0.0001686956655
1228.6,0.0001685374515
1228.7,0.0001683799255
1228.8,0.0001682230965
1228.9,0.0001680669495
1229.0,0.000167911485
1229.1,0.0001677566955
1229.2,0.0001676025835
1229.3,0.000167449124
1229.4,0.0001672963275
1229.5,0.000167144189
1229.6,0.000166992694
1229.7,0.0001668418435
1229.8,0.000166691641
1229.9,0.000166542069
1230.0,0.0001663931325
1230.1,0.0001662448185
1230.2,0.0001660971285
1230.3,0.0001659500565
1230.4,0.0001658036
1230.5,0.000165657766
1230.6,0.0001655125365
1230.7,0.0001653679145
1230.8,0.0001652238955
1230.9,0.0001650804685
1231.0,0.0001649376425
1231.1,0.00016479542
1231.2,0.000164653786
1231.3,0.000164512739
1231.4,0.0001643722815
1231.5,0.0001642324145
1231.6,0.000164093129
1231.7,0.0001639544215
1231.8,0.0001638162995
1231.9,0.0001636787525
1232.0,0.00016354179
1232.1,0.000163405409
1232.2,0.0001632696
1232.3,0.000163134366
1232.4,0.0001629997015
1232.5,0.000162865621
1232.6,0.00016273211
1232.7,0.0001625991695
1232.8,0.000162466804
1232.9,0.000162334997
1233.0,0.000162203762
1233.1,0.000162073095
1233.2,0.000161942997
1233.3,0.000161813473
1233.4,0.0001616845095
1233.5,0.0001615561145
1233.6,0.000161428297
1233.7,0.0001613010405
1233.8,0.0001611743555
1233.9,0.00016104824
1234.0,0.0001609227
1234.1,0.000160797732
1234.2,0.0001606733435
1234.3,0.000160549522
1234.4,0.0001604262725
1234.5,0.000160303602
1234.6,0.0001601815035
1234.7,0.0001600599855
1234.8,0.0001599390415
1234.9,0.0001598186785
1235.0,0.000159698893
1235.1,0.0001595796835
1235.2,0.00015946106
1235.3,0.0001593430105
1235.4,0.0001592255405
1235.5,0.000159108653
1235.6,0.000158992352
1235.7,0.000158876632
1235.8,0.000158761508
1235.9,0.0001586469705
1236.0,0.0001585330245
1236.1,0.00015841967
1236.2,0.0001583068995
1236.3,0.0001581947325
1236.4,0.000158083159
1236.5,0.0001579721875
1236.6,0.0001578618215
1236.7,0.0001577520535
1236.8,0.000157642884
1236.9,0.0001575343195
1237.0,0.00015742636
1237.1,0.0001573190165
1237.2,0.0001572122875
1237.3,0.000157106169
1237.4,0.000157000656
1237.5,0.000156895761
1237.6,0.000156791487
1237.7,0.00015668782
1237.8,0.0001565847845
1237.9,0.0001564823615
1238.0,0.0001563805565
1238.1,0.000156279383
1238.2,0.0001561788415
1238.3,0.0001560789305
1238.4,0.0001559796435
1238.5,0.000155880994
1238.6,0.0001557829875
1238.7,0.0001556856075
1238.8,0.0001555888705
1238.9,0.000155492782
1239.0,0.000155397331
1239.1,0.0001553025175
1239.2,0.000155208351
1239.3,0.000155114832
1239.4,0.0001550219655
1239.5,0.000154929754
1239.6,0.0001548381935
1239.7,0.000154747289
1239.8,0.000154657037
1239.9,0.0001545674575
1240.0,0.00015447854
1240.1,0.000154390286
1240.2,0.0001543027065
1240.3,0.000154215797
1240.4,0.0001541295555
1240.5,0.000154043996
1240.6,0.0001539591155
1240.7,0.0001538749145
1240.8,0.000153791398
1240.9,0.000153708562
1241.0,0.0001536264135
1241.1,0.0001535449575
1241.2,0.000153464192
1241.3,0.0001533841215
1241.4,0.0001533047555
1241.5,0.000153226093
1241.6,0.000153148135
1241.7,0.000153070897
1241.8,0.0001529943685
1241.9,0.000152918555
1242.0,0.000152843461
1242.1,0.000152769088
1242.2,0.0001526954525
1242.3,0.0001526225455
1242.4,0.0001525503545
1242.5,0.000152478914
1242.6,0.0001524082175
1242.7,0.000152338266
1242.8,0.0001522690605
1242.9,0.0001522006005
1243.0,0.000152132895
1243.1,0.0001520659565
1243.2,0.0001519997815
1243.3,0.000151934367
1243.4,0.0001518697115
1243.5,0.000151805833
1243.6,0.000151742735
1243.7,0.0001516804135
1243.8,0.0001516188695
1243.9,0.000151558113
1244.0,0.0001514981435
1244.1,0.000151438963
1244.2,0.0001513805905
1244.3,0.0001513230105
1244.4,0.000151266242
1244.5,0.0001512102935
1244.6,0.000151155152
1244.7,0.0001511008385
1244.8,0.000151047345
1244.9,0.000150994671
1245.0,0.00015094283
1245.1,0.000150891828
1245.2,0.000150841673
1245.3,0.000150792352
1245.4,0.000150743882
1245.5,0.000150696274
1245.6,0.0001506495145
1245.7,0.0001506036315
1245.8,0.000150558607
1245.9,0.000150514458
1246.0,0.0001504711755
1246.1,0.0001504287875
1246.2,0.0001503872855
1246.3,0.0001503466775
1246.4,0.000150306976
1246.5,0.0001502681715
1246.6,0.000150230283
1246.7,0.0001501933
1246.8,0.000150157235
1246.9,0.0001501221005
1247.0,0.000150087899
1247.1,0.0001500546235
1247.2,0.0001500222905
1247.3,0.0001499909
1247.4,0.000149960469
1247.5,0.000149931
1247.6,0.000149902506
1247.7,0.0001498749795
1247.8,0.000149848415
1247.9,0.0001498228465
1248.0,0.000149798252
1248.1,0.000149774651
1248.2,0.000149752052
1248.3,0.0001497304615
1248.4,0.000149709892
1248.5,0.0001496903425
1248.6,0.000149671818
1248.7,0.0001496543285
1248.8,0.0001496378735
1248.9,0.000149622476
1249.0,0.0001496081265
1249.1,0.000149594841
1249.2,0.0001495826145
1249.3,0.000149571457
1249.4,0.000149561392
1249.5,0.0001495524125
1249.6,0.000149544534
1249.7,0.0001495377515
1249.8,0.000149532077
1249.9,0.000149527518
1250.0,0.000149524092
1250.1,0.0001495217885
1250.2,0.0001495206375
1250.3,0.0001495206245
1250.4,0.0001495217765
1250.5,0.0001495240885
1250.6,0.000149527563
1250.7,0.000149532229
1250.8,0.000149538075
1250.9,0.0001495451215
1251.0,0.0001495533535
1251.1,0.0001495627915
1251.2,0.0001495734565
1251.3,0.000149585352
1251.4,0.00014959847
1251.5,0.000149612838
1251.6,0.000149628462
1251.7,0.000149645342
1251.8,0.0001496634935
1251.9,0.000149682933
1252.0,0.000149703657
1252.1,0.00014972566
1252.2,0.0001497489755
1252.3,0.000149773604
1252.4,0.000149799563
1252.5,0.000149826844
1252.6,0.0001498554565
1252.7,0.0001498854205
1252.8,0.000149916723
1252.9,0.00014994941
1253.0,0.000149983475
1253.1,0.000150018913
1253.2,0.000150055741
1253.3,0.000150093967
1253.4,0.000150133602
1253.5,0.0001501746515
1253.6,0.0001502171305
1253.7,0.0001502610335
1253.8,0.000150306384
1253.9,0.000150353207
1254.0,0.0001504014805
1254.1,0.0001504512185
1254.2,0.000150502445
1254.3,0.000150555152
1254.4,0.0001506093605
1254.5,0.000150665085
1254.6,0.0001507223245
1254.7,0.000150781088
1254.8,0.0001508413865
1254.9,0.0001509032395
1255.0,0.0001509666465
1255.1,0.0001510316205
1255.2,0.0001510981615
1255.3,0.000151166277
1255.4,0.0001512359895
1255.5,0.0001513073095
1255.6,0.000151380235
1255.7,0.000151454778
1255.8,0.0001515309485
1255.9,0.0001516087265
1256.0,0.0001516881475
1256.1,0.0001517692345
1256.2,0.000151851962
1256.3,0.0001519363505
1256.4,0.000152022428
1256.5,0.0001521101845
1256.6,0.0001521996225
1256.7,0.000152290748
1256.8,0.0001523835975
1256.9,0.0001524781565
1257.0,0.000152574419
1257.1,0.000152672426
1257.2,0.0001527721725
1257.3,0.000152873648
1257.4,0.000152976892
1257.5,0.0001530818935
1257.6,0.0001531886715
1257.7,0.000153297222
1257.8,0.000153407567
1257.9,0.00015351972
1258.0,0.000153633668
1258.1,0.000153749453
1258.2,0.0001538670405
1258.3,0.0001539864585
1258.4,0.0001541077345
1258.5,0.000154230837
1258.6,0.000154355803
1258.7,0.0001544826075
1258.8,0.0001546113125
1258.9,0.0001547418735
1259.0,0.0001548743255
1259.1,0.000155008647
1259.2,0.000155144901
1259.3,0.0001552830235
1259.4,0.0001554230695
1259.5,0.0001555650465
1259.6,0.0001557089235
1259.7,0.000155854748
1259.8,0.000156002516
1259.9,0.000156152243
1260.0,0.00015630392
1260.1,0.0001564575755
1260.2,0.0001566131945
1260.3,0.0001567707785
1260.4,0.000156930354
1260.5,0.0001570919285
1260.6,0.000157255478
1260.7,0.0001574210085
1260.8,0.0001575885785
1260.9,0.0001577581545
1261.0,0.000157929763
1261.1,0.0001581033785
1261.2,0.0001582790395
1261.3,0.0001584567335
1261.4,0.0001586364595
1261.5,0.0001588182305
1261.6,0.0001590020535
1261.7,0.000159187946
1261.8,0.000159375899
1261.9,0.0001595659035
1262.0,0.0001597580055
1262.1,0.0001599521815
1262.2,0.0001601484465
1262.3,0.0001603467905
1262.4,0.0001605472285
1262.5,0.000160749762
1262.6,0.0001609543735
1262.7,0.0001611610795
1262.8,0.0001613699045
1262.9,0.0001615808325
1263.0,0.0001617938795
1263.1,0.0001620090345
1263.2,0.0001622262735
1263.3,0.0001624456475
1263.4,0.0001626671295
1263.5,0.000162890743
1263.6,0.000163116484
1263.7,0.0001633443205
1263.8,0.000163574292
1263.9,0.0001638063655
1264.0,0.000164040573
1264.1,0.000164276893
1264.2,0.000164515352
1264.3,0.000164755925
1264.4,0.0001649986285
1264.5,0.000165243432
1264.6,0.000165490365
1264.7,0.0001657394085
1264.8,0.0001659905675
1264.9,0.0001662438285
1265.0,0.000166499202
1265.1,0.0001667566845
1265.2,0.0001670162815
1265.3,0.0001672779745
1265.4,0.0001675417665
1265.5,0.000167807649
1265.6,0.0001680756175
1265.7,0.000168345664
1265.8,0.000168617806
1265.9,0.000168892012
1266.0,0.000169168312
1266.1,0.0001694466805
1266.2,0.000169727113
1266.3,0.0001700095925
1266.4,0.000170294151
1266.5,0.000170580741
1266.6,0.0001708693865
1266.7,0.00017116005
1266.8,0.0001714527695
1266.9,0.00017174752
1267.0,0.000172044298
1267.1,0.000172343067
1267.2,0.000172643877
1267.3,0.0001729466695
1267.4,0.000173251434
1267.5,0.0001735582145
1267.6,0.000173866984
1267.7,0.0001741777295
1267.8,0.0001744904585
1267.9,0.0001748051265
1268.0,0.0001751217835
1268.1,0.0001754403875
1268.2,0.000175760915
1268.3,0.000176083418
1268.4,0.0001764078205
1268.5,0.000176734153
1268.6,0.0001770624085
1268.7,0.000177392588
1268.8,0.0001777246545
1268.9,0.0001780586275
1269.0,0.000178394507
1269.1,0.000178732278
1269.2,0.000179071941
1269.3,0.0001794134975
1269.4,0.0001797569015
1269.5,0.000180102191
1269.6,0.000180449326
1269.7,0.000180798318
1269.8,0.0001811491705
1269.9,0.0001815018705
1270.0,0.000181856419
1270.1,0.0001822127915
1270.2,0.0001825710035
1270.3,0.0001829310685
1270.4,0.0001832929525
1270.5,0.0001836566725
1270.6,0.0001840222215
1270.7,0.000184389582
1270.8,0.000184758753
1270.9,0.0001851297545
1271.0,0.0001855025755
1271.1,0.000185877212
1271.2,0.000186253659
1271.3,0.000186631926
1271.4,0.0001870120075
1271.5,0.000187393907
1271.6,0.000187777623
1271.7,0.000188163157
1271.8,0.0001885505035
1271.9,0.0001889396755
1272.0,0.0001893306595
1272.1,0.000189723475
1272.2,0.0001901181145
1272.3,0.0001905146115
1272.4,0.00019091295
1272.5,0.0001913131075
1272.6,0.0001917151165
1272.7,0.000192118976
1272.8,0.0001925246765
1272.9,0.0001929322475
1273.0,0.0001933416745
1273.1,0.000193752961
1273.2,0.000194166139
1273.3,0.0001945811815
1273.4,0.000194998116
1273.5,0.0001954169395
1273.6,0.0001958376455
1273.7,0.000196260285
1273.8,0.0001966848035
1273.9,0.0001971112395
1274.0,0.000197539634
1274.1,0.000197969956
1274.2,0.0001984021865
1274.3,0.000198836391
1274.4,0.0001992725675
1274.5,0.0001997106965
1274.6,0.000200150791
1274.7,0.000200592842
1274.8,0.00020103688
1274.9,0.0002014829145
1275.0,0.0002019309715
1275.1,0.0002023810025
1275.2,0.000202833038
1275.3,0.000203287093
1275.4,0.0002037431665
1275.5,0.000204201272
1275.6,0.0002046614055
1275.7,0.0002051235855
1275.8,0.0002055877895
1275.9,0.000206054058
1276.0,0.0002065223515
1276.1,0.000206992774
1276.2,0.000207465238
1276.3,0.0002079397415
1276.4,0.000208416363
1276.5,0.0002088950375
1276.6,0.0002093757825
1276.7,0.000209858625
1276.8,0.000210343536
1276.9,0.000210830527
1277.0,0.0002113196075
1277.1,0.000211810796
1277.2,0.000212304056
1277.3,0.000212799394
1277.4,0.0002132968395
1277.5,0.0002137963395
1277.6,0.0002142979055
1277.7,0.0002148015775
1277.8,0.00021530731
1277.9,0.0002158151305
1278.0,0.0002163249675
1278.1,0.000216836926
1278.2,0.000217350952
1278.3,0.0002178670105
1278.4,0.000218385096
1278.5,0.000218905222
1278.6,0.0002194274115
1278.7,0.0002199515985
1278.8,0.0002204777975
1278.9,0.0002210060055
1279.0,0.0002215361885
1279.1,0.000222068423
1279.2,0.00022260267
1279.3,0.0002231388495
1279.4,0.000223677022
1279.5,0.0002242171965
1279.6,0.0002247593115
1279.7,0.0002253034045
1279.8,0.0002258494145
1279.9,0.0002263974315
1280.0,0.000226947385
1280.1,0.000227499252
1280.2,0.0002280530745
1280.3,0.0002286088145
1280.4,0.0002291665055
1280.5,0.000229726138
1280.6,0.000230287745
1280.7,0.0002308512565
1280.8,0.00023141675
1280.9,0.000231984126
1281.0,0.0002325534885
1281.1,0.0002331248
1281.2,0.000233698099
1281.3,0.000234273369
1281.4,0.0002348506115
1281.5,0.0002354299135
1281.6,0.000236011208
1281.7,0.000236594537
1281.8,0.000237179866
1281.9,0.000237767258
1282.0,0.0002383567855
1282.1,0.0002389483505
1282.2,0.0002395419965
1282.3,0.0002401377615
1282.4,0.0002407356245
1282.5,0.0002413356535
1282.6,0.000241937772
1282.7,0.0002425420745
1282.8,0.000243148534
1282.9,0.000243757185
1283.0,0.0002443679585
1283.1,0.0002449809115
1283.2,0.00024559598
1283.3,0.00024621316
1283.4,0.000246832423
1283.5,0.000247453798
1283.6,0.0002480771745
1283.7,0.0002487025385
1283.8,0.000249329824
1283.9,0.0002499589855
1284.0,0.0002505899835
1284.1,0.000251222743
1284.2,0.0002518571255
1284.3,0.000252493103
1284.4,0.0002531306615
1284.5,0.000253769629
1284.6,0.0002544100945
1284.7,0.000255051911
1284.8,0.0002556950165
1284.9,0.0002563394
1285.0,0.0002569850295
1285.1,0.0002576318925
1285.2,0.0002582799555
1285.3,0.000258929179
1285.4,0.0002595795035
1285.5,0.0002602309775
1285.6,0.000260883519
1285.7,0.0002615371755
1285.8,0.000262191964
1285.9,0.000262847817
1286.0,0.0002635047985
1286.1,0.000264162874
1286.2,0.0002648220135
1286.3,0.000265482281
1286.4,0.0002661436945
1286.5,0.000266806251
1286.6,0.0002674699235
1286.7,0.000268134795
1286.8,0.0002688008935
1286.9,0.000269468183
1287.0,0.000270136723
1287.1,0.000270806558
1287.2,0.0002714776885
1287.3,0.0002721501135
1287.4,0.0002728238805
1287.5,0.000273499059
1287.6,0.000274175616
1287.7,0.000274853662
1287.8,0.0002755331835
1287.9,0.0002762142185
1288.0,0.0002768967825
1288.1,0.0002775809655
1288.2,0.00027826681
1288.3,0.000278954298
1288.4,0.0002796434175
1288.5,0.0002803343575
1288.6,0.0002810269625
1288.7,0.000281721491
1288.8,0.000282417868
1288.9,0.0002831161565
1289.0,0.000283816425
1289.1,0.000284518662
1289.2,0.0002852229675
1289.3,0.0002859293355
1289.4,0.0002866377955
1289.5,0.0002873484875
1289.6,0.000288061394
1289.7,0.000288776544
1289.8,0.0002894940155
1289.9,0.0002902138675
1290.0,0.0002909361345
1290.1,0.0002916608505
1290.2,0.000292388078
1290.3,0.0002931178495
1290.4,0.000293850262
1290.5,0.000294585285
1290.6,0.000295323069
1290.7,0.0002960635825
1290.8,0.0002968068405
1290.9,0.0002975529955
1291.0,0.000298302085
1291.1,0.000299054135
1291.2,0.0002998091725
1291.3,0.0003005673335
1291.4,0.000301328543
1291.5,0.000302092914
1291.6,0.0003028604345
1291.7,0.00030363117
1291.8,0.0003044052585
1291.9,0.0003051826735
1292.0,0.00030596347
1292.1,0.0003067476265
1292.2,0.0003075352575
1292.3,0.0003083263355
1292.4,0.0003091210115
1292.5,0.000309919215
1292.6,0.0003107210135
1292.7,0.0003115264385
1292.8,0.000312335502
1292.9,0.0003131483295
1293.0,0.0003139649085
1293.1,0.00031478519
1293.2,0.0003156092425
1293.3,0.000316437108
1293.4,0.0003172688475
1293.5,0.0003181044015
1293.6,0.0003189438365
1293.7,0.0003197871695
1293.8,0.0003206343995
1293.9,0.0003214855765
1294.0,0.000322340695
1294.1,0.0003231998305
1294.2,0.000324062918
1294.3,0.000324929998
1294.4,0.0003258010705
1294.5,0.0003266761235
1294.6,0.000327555225
1294.7,0.0003284383005
1294.8,0.000329325429
1294.9,0.000330216564
1295.0,0.0003311117335
1295.1,0.000332010956
1295.2,0.000332914221
1295.3,0.0003338214855
1295.4,0.0003347328105
1295.5,0.000335648151
1295.6,0.0003365675505
1295.7,0.000337490926
1295.8,0.000338418344
1295.9,0.000339349801
1296.0,0.000340285299
1296.1,0.0003412248195
1296.2,0.0003421683615
1296.3,0.000343115891
1296.4,0.0003440674675
1296.5,0.0003450229885
1296.6,0.000345982556
1296.7,0.000346946082
1296.8,0.0003479135565
1296.9,0.000348885094
1297.0,0.0003498606215
1297.1,0.000350840092
1297.2,0.0003518236
1297.3,0.0003528109645
1297.4,0.0003538023035
1297.5,0.000354797534
1297.6,0.0003557966775
1297.7,0.000356799767
1297.8,0.00035780668
1297.9,0.000358817436
1298.0,0.0003598320325
1298.1,0.000360850464
1298.2,0.0003618725895
1298.3,0.000362898446
1298.4,0.000363927945
1298.5,0.0003649610415
1298.6,0.0003659976885
1298.7,0.0003670378695
1298.8,0.0003680814795
1298.9,0.000369128357
1299.0,0.000370178513
1299.1,0.0003712318325
1299.2,0.000372288232
1299.3,0.000373347568
1299.4,0.000374409834
1299.5,0.000375474883
1299.6,0.000376542613
1299.7,0.000377612874
1299.8,0.000378685649
1299.9,0.000379760764
1300.0,0.0003808381145
1300.1,0.0003819175515
1300.2,0.000382999049
1300.3,0.000384082534
1300.4,0.00038516789
1300.5,0.000386254959
1300.6,0.0003873437895
1300.7,0.000388434212
1300.8,0.000389526151
1300.9,0.000390619567
1301.0,0.00039171442
1301.1,0.000392810641
1301.2,0.0003939081445
1301.3,0.0003950069445
1301.4,0.000396107012
1301.5,0.00039720827
1301.6,0.0003983107585
1301.7,0.0003994142865
1301.8,0.000400518989
1301.9,0.000401624679
1302.0,0.0004027314435
1302.1,0.0004038391305
1302.2,0.0004049478
1302.3,0.000406057335
1302.4,0.0004071677065
1302.5,0.000408279001
1302.6,0.000409391057
1302.7,0.0004105039685
1302.8,0.0004116175955
1302.9,0.000412731964
1303.0,0.0004138471675
1303.1,0.00041496305
1303.2,0.000416079541
1303.3,0.0004171967065
1303.4,0.000418314619
1303.5,0.0004194330615
1303.6,0.0004205522535
1303.7,0.0004216719875
1303.8,0.0004227923195
1303.9,0.000423913279
1304.0,0.000425034881
1304.1,0.000426157074
1304.2,0.000427279909
1304.3,0.0004284034145
1304.4,0.0004295275925
1304.5,0.000430652415
1304.6,0.0004317779975
1304.7,0.0004329043765
1304.8,0.0004340314005
1304.9,0.000435159233
1305.0,0.0004362878965
1305.1,0.0004374174255
1305.2,0.0004385478785
1305.3,0.0004396792005
1305.4,0.000440811513
1305.5,0.000441944774
1305.6,0.0004430791525
1305.7,0.000444214623
1305.8,0.000445351242
1305.9,0.000446489013
1306.0,0.000447628082
1306.1,0.00044876845
1306.2,0.0004499102155
1306.3,0.0004510533925
1306.4,0.000452198053
1306.5,0.000453344271
1306.6,0.0004544921085
1306.7,0.000455641616
1306.8,0.000456792876
1306.9,0.0004579459375
1307.0,0.0004591009795
1307.1,0.0004602579495
1307.2,0.000461416845
1307.3,0.0004625778965
1307.4,0.000463741121
1307.5,0.000464906458
1307.6,0.000466074142
1307.7,0.000467244136
1307.8,0.0004684165455
1307.9,0.000469591363
1308.0,0.0004707686395
1308.1,0.0004719485185
1308.2,0.000473131109
1308.3,0.0004743164175
1308.4,0.000475504454
1308.5,0.000476695155
1308.6,0.000477888772
1308.7,0.000479085171
1308.8,0.0004802844925
1308.9,0.0004814868615
1309.0,0.0004826922075
1309.1,0.0004839005675
1309.2,0.0004851119035
1309.3,0.00048632637
1309.4,0.0004875439765
1309.5,0.000488764696
1309.6,0.000489988621
1309.7,0.000491215605
1309.8,0.0004924458885
1309.9,0.000493679325
1310.0,0.000494916066
1310.1,0.000496156071
1310.2,0.000497399351
1310.3,0.0004986458875
1310.4,0.0004998958365
1310.5,0.000501149185
1310.6,0.000502405915
1310.7,0.000503666135
1310.8,0.00050492988
1310.9,0.00050619735
1311.0,0.0005074684
1311.1,0.000508743185
1311.2,0.00051002177
1311.3,0.000511304315
1311.4,0.00051259079
1311.5,0.000513881285
1311.6,0.000515175965
1311.7,0.000516474865
1311.8,0.000517778195
1311.9,0.000519086045
1312.0,0.000520398565
1312.1,0.000521715915
1312.2,0.000523038125
1312.3,0.00052436539
1312.4,0.000525697845
1312.5,0.000527035645
1312.6,0.00052837901
1312.7,0.000529727945
1312.8,0.00053108276
1312.9,0.00053244353
1313.0,0.00053381039
1313.1,0.000535183435
1313.2,0.000536562915
1313.3,0.000537948995
1313.4,0.00053934188
1313.5,0.000540741585
1313.6,0.00054214833
1313.7,0.00054356238
1313.8,0.000544983685
1313.9,0.000546412565
1314.0,0.00054784914
1314.1,0.000549293715
1314.2,0.00055074615
1314.3,0.000552206785
1314.4,0.000553675885
1314.5,0.000555153615
1314.6,0.00055663999
1314.7,0.00055813521
1314.8,0.000559639555
1314.9,0.000561153155
1315.0,0.00056267617
1315.1,0.000564208595
1315.2,0.000565750805
1315.3,0.00056730296
1315.4,0.000568865115
1315.5,0.000570437365
1315.6,0.000572019855
1315.7,0.00057361258
1315.8,0.000575215635
1315.9,0.000576829175
1316.0,0.000578453095
1316.1,0.000580087225
1316.2,0.00058173149
1316.3,0.000583385725
1316.4,0.000585049605
1316.5,0.0005867227
1316.6,0.00058840457
1316.7,0.00059009441
1316.8,0.000591791205
1316.9,0.000593493805
1317.0,0.000595200755
1317.1,0.00059691044
1317.2,0.00059862113
1317.3,0.00060033109
1317.4,0.00060203868
1317.5,0.00060374246
1317.6,0.00060544121
1317.7,0.00060713406
1317.8,0.00060882013
1317.9,0.00061049882
1318.0,0.00061216936
1318.1,0.000613831955
1318.2,0.000615486415
1318.3,0.000617132545
1318.4,0.00061877021
1318.5,0.000620399285
1318.6,0.00062201993
1318.7,0.000623632195
1318.8,0.00062523628
1318.9,0.000626831965
1319.0,0.000628419155
1319.1,0.00062999799
1319.2,0.00063156819
1319.3,0.00063312957
1319.4,0.000634682085
1319.5,0.00063622588
1319.6,0.000637761025
1319.7,0.00063928777
1319.8,0.000640806115
1319.9,0.000642316385
1320.0,0.00064381864
1320.1,0.0006453131
1320.2,0.000646799745
1320.3,0.000648278835
1320.4,0.000649750545
1320.5,0.000651214995
1320.6,0.000652672495
1320.7,0.000654123165
1320.8,0.00065556736
1320.9,0.00065700505
1321.0,0.00065843634
1321.1,0.00065986145
1321.2,0.00066128059
1321.3,0.000662694135
1321.4,0.00066410218
1321.5,0.00066550534
1321.6,0.000666903775
1321.7,0.000668297875
1321.8,0.00066968794
1321.9,0.00067107445
1322.0,0.000672457825
1322.1,0.000673838275
1322.2,0.000675216315
1322.3,0.00067659257
1322.4,0.000677967385
1322.5,0.00067934134
1322.6,0.00068071501
1322.7,0.00068208874
1322.8,0.00068346337
1322.9,0.00068483931
1323.0,0.00068621707
1323.1,0.000687597045
1323.2,0.000688979965
1323.3,0.00069036639
1323.4,0.00069175674
1323.5,0.000693151425
1323.6,0.0006945509
1323.7,0.00069595531
1323.8,0.00069736524
1323.9,0.00069878086
1324.0,0.00070020268
1324.1,0.00070163115
1324.2,0.000703066705
1324.3,0.0007045097
1324.4,0.00070596046
1324.5,0.00070741948
1324.6,0.00070888715
1324.7,0.000710363805
1324.8,0.000711849435
1324.9,0.00071334447
1325.0,0.00071484925
1325.1,0.000716363975
1325.2,0.000717889065
1325.3,0.00071942485
1325.4,0.000720971275
1325.5,0.00072252852
1325.6,0.00072409656
1325.7,0.00072567533
1325.8,0.000727264735
1325.9,0.00072886466
1326.0,0.00073047477
1326.1,0.000732094685
1326.2,0.00073372402
1326.3,0.00073536221
1326.4,0.000737008935
1326.5,0.00073866351
1326.6,0.00074032503
1326.7,0.00074199325
1326.8,0.00074366733
1326.9,0.00074534673
1327.0,0.000747030805
1327.1,0.00074871932
1327.2,0.00075041166
1327.3,0.00075210761
1327.4,0.000753806815
1327.5,0.00075550905
1327.6,0.00075721432
1327.7,0.000758923
1327.8,0.000760635235
1327.9,0.000762351555
1328.0,0.00076407252
1328.1,0.000765798745
1328.2,0.00076753093
1328.3,0.00076926997
1328.4,0.000771016925
1328.5,0.000772772675
1328.6,0.000774538445
1328.7,0.000776315015
1328.8,0.000778103845
1328.9,0.00077990605
1329.0,0.000781722955
1329.1,0.00078355566
1329.2,0.000785405305
1329.3,0.00078727283
1329.4,0.000789159055
1329.5,0.00079106453
1329.6,0.00079298986
1329.7,0.00079493561
1329.8,0.000796901915
1329.9,0.00079888905
1330.0,0.00080089659
1330.1,0.00080292428
1330.2,0.000804971395
1330.3,0.00080703731
1330.4,0.00080912076
1330.5,0.000811220875
1330.6,0.000813336325
1330.7,0.00081546567
1330.8,0.00081760713
1330.9,0.000819759225
1331.0,0.00082192018
1331.1,0.000824088605
1331.2,0.000826262905
1331.3,0.000828441635
1331.4,0.0008306228
1331.5,0.00083280503
1331.6,0.00083498621
1331.7,0.000837165125
1331.8,0.00083934034
1331.9,0.00084151058
1332.0,0.000843674335
1332.1,0.00084583094
1332.2,0.000847979625
1332.3,0.000850119855
1332.4,0.000852251155
1332.5,0.000854373125
1332.6,0.000856485855
1332.7,0.00085858938
1332.8,0.00086068329
1332.9,0.000862767255
1333.0,0.00086484077
1333.1,0.000866903845
1333.2,0.00086895652
1333.3,0.000870998145
1333.4,0.000873028175
1333.5,0.0008750465
1333.6,0.000877053225
1333.7,0.00087904753
1333.8,0.00088102889
1333.9,0.00088299723
1334.0,0.00088495155
1334.1,0.00088689059
1334.2,0.00088881405
1334.3,0.00089072191
1334.4,0.000892613325
1334.5,0.000894487255
1334.6,0.00089634383
1334.7,0.000898183235
1334.8,0.00090000494
1334.9,0.000901808795
1335.0,0.000903595285
1335.1,0.00090536479
1335.2,0.000907117735
1335.3,0.000908854685
1335.4,0.000910576335
1335.5,0.00091228356
1335.6,0.00091397714
1335.7,0.000915657935
1335.8,0.00091732699
1335.9,0.00091898517
1336.0,0.0009206338
1336.1,0.000922273935
1336.2,0.00092390659
1336.3,0.000925532965
1336.4,0.00092715402
1336.5,0.000928770785
1336.6,0.000930384645
1336.7,0.00093199626
1336.8,0.000933606445
1336.9,0.00093521596
1337.0,0.00093682523
1337.1,0.00093843473
1337.2,0.00094004513
1337.3,0.00094165686
1337.4,0.00094327047
1337.5,0.00094488638
1337.6,0.00094650489
1337.7,0.000948126295
1337.8,0.000949750775
1337.9,0.000951378255
1338.0,0.00095300904
1338.1,0.0009546431
1338.2,0.00095628021
1338.3,0.000957920545
1338.4,0.00095956409
1338.5,0.000961210675
1338.6,0.0009628604
1338.7,0.000964513425
1338.8,0.00096616999
1338.9,0.0009678298
1339.0,0.00096949341
1339.1,0.00097116066
1339.2,0.00097283151
1339.3,0.0009745054
1339.4,0.0009761822
1339.5,0.00097786244
1339.6,0.000979545865
1339.7,0.000981232145
1339.8,0.00098292061
1339.9,0.0009846114
1340.0,0.000986304485
1340.1,0.000987999695
1340.2,0.00098969576
1340.3,0.00099139129
1340.4,0.00099308499
1340.5,0.000994775945
1340.6,0.000996462445
1340.7,0.000998142805
1340.8,0.00099981532
1340.9,0.00100147809
1341.0,0.001003129425
1341.1,0.001004767845
1341.2,0.00100639177
1341.3,0.00100800032
1341.4,0.00100959265
1341.5,0.001011168315
1341.6,0.001012726915
1341.7,0.001014268385
1341.8,0.001015793125
1341.9,0.001017301105
1342.0,0.001018792725
1342.1,0.001020268215
1342.2,0.00102172753
1342.3,0.00102317106
1342.4,0.001024599545
1342.5,0.001026013395
1342.6,0.00102741356
1342.7,0.001028800615
1342.8,0.00103017563
1342.9,0.00103153966
1343.0,0.00103289361
1343.1,0.00103423888
1343.2,0.001035576375
1343.3,0.001036907665
1343.4,0.001038234015
1343.5,0.001039556305
1343.6,0.00104087618
1343.7,0.00104219437
1343.8,0.001043511595
1343.9,0.001044829025
1344.0,0.001046147385
1344.1,0.00104746736
1344.2,0.001048789575
1344.3,0.00105011498
1344.4,0.001051443705
1344.5,0.0010527759
1344.6,0.00105411144
1344.7,0.001055450335
1344.8,0.00105679258
1344.9,0.001058138605
1345.0,0.00105948844
1345.1,0.00106084267
1345.2,0.001062201445
1345.3,0.00106356482
1345.4,0.001064933655
1345.5,0.00106630806
1345.6,0.00106768889
1345.7,0.00106907592
1345.8,0.00107046972
1345.9,0.00107187038
1346.0,0.001073278085
1346.1,0.001074692365
1346.2,0.00107611329
1346.3,0.00107754023
1346.4,0.001078973145
1346.5,0.001080411245
1346.6,0.00108185426
1346.7,0.001083301335
1346.8,0.00108475188
1346.9,0.001086205105
1347.0,0.00108766017
1347.1,0.00108911656
1347.2,0.00109057304
1347.3,0.001092029115
1347.4,0.00109348358
1347.5,0.001094935125
1347.6,0.00109638268
1347.7,0.00109782526
1347.8,0.0010992615
1347.9,0.00110069021
1348.0,0.001102110545
1348.1,0.001103521605
1348.2,0.00110492285
1348.3,0.00110631307
1348.4,0.00110769179
1348.5,0.00110905845
1348.6,0.00111041243
1348.7,0.00111175288
1348.8,0.001113079485
1348.9,0.001114392225
1349.0,0.001115690475
1349.1,0.001116974335
1349.2,0.00111824377
1349.3,0.00111949865
1349.4,0.0011207394
1349.5,0.00112196621
1349.6,0.0011231793
1349.7,0.00112437961
1349.8,0.001125567775
1349.9,0.001126744485
1350.0,0.001127910605
1350.1,0.001129067105
1350.2,0.00113021508
1350.3,0.00113135522
1350.4,0.001132488195
1350.5,0.0011336149
1350.6,0.001134736145
1350.7,0.001135852455
1350.8,0.00113696464
1350.9,0.00113807332
1351.0,0.0011391793
1351.1,0.00114028345
1351.2,0.001141386565
1351.3,0.001142489615
1351.4,0.00114359341
1351.5,0.00114469855
1351.6,0.00114580532
1351.7,0.00114691434
1351.8,0.00114802534
1351.9,0.0011491382
1352.0,0.001150252765
1352.1,0.00115136901
1352.2,0.00115248654
1352.3,0.00115360515
1352.4,0.001154724405
1352.5,0.001155843785
1352.6,0.00115696298
1352.7,0.001158081195
1352.8,0.001159197565
1352.9,0.00116031119
1353.0,0.001161421005
1353.1,0.001162525955
1353.2,0.001163624885
1353.3,0.00116471671
1353.4,0.001165800015
1353.5,0.001166873355
1353.6,0.001167935455
1353.7,0.00116898498
1353.8,0.001170020915
1353.9,0.00117104236
1354.0,0.001172048435
1354.1,0.001173038555
1354.2,0.00117401198
1354.3,0.00117496843
1354.4,0.001175907775
1354.5,0.00117683044
1354.6,0.00117773669
1354.7,0.00117862682
1354.8,0.001179501835
1354.9,0.00118036244
1355.0,0.0011812093
1355.1,0.00118204374
1355.2,0.00118286653
1355.3,0.00118367862
1355.4,0.001184480705
1355.5,0.00118527408
1355.6,0.001186059875
1355.7,0.001186839075
1355.8,0.001187612895
1355.9,0.001188382315
1356.0,0.00118914814
1356.1,0.001189911445
1356.2,0.001190672515
1356.3,0.00119143189
1356.4,0.001192189425
1356.5,0.001192945125
1356.6,0.001193699045
1356.7,0.00119445072
1356.8,0.00119519982
1356.9,0.00119594573
1357.0,0.00119668847
1357.1,0.00119742789
1357.2,0.001198163705
1357.3,0.00119889527
1357.4,0.00119962187
1357.5,0.00120034286
1357.6,0.001201057305
1357.7,0.001201764565
1357.8,0.001202463485
1357.9,0.001203153325
1358.0,0.00120383297
1358.1,0.001204501725
1358.2,0.00120515893
1358.3,0.00120580401
1358.4,0.001206436755
1358.5,0.001207056675
1358.6,0.001207663975
1358.7,0.001208258935
1358.8,0.001208841835
1358.9,0.00120941326
1359.0,0.001209973925
1359.1,0.001210524705
1359.2,0.00121106612
1359.3,0.001211598925
1359.4,0.00121212427
1359.5,0.00121264297
1359.6,0.00121315603
1359.7,0.001213664445
1359.8,0.001214168965
1359.9,0.001214670495
1360.0,0.001215169395
1360.1,0.001215666475
1360.2,0.001216162255
1360.3,0.001216657595
1360.4,0.00121715293
1360.5,0.001217649125
1360.6,0.001218146895
1360.7,0.001218646475
1360.8,0.001219148635
1360.9,0.00121965379
1361.0,0.00122016248
1361.1,0.001220675215
1361.2,0.001221192225
1361.3,0.001221714225
1361.4,0.00122224189
1361.5,0.001222776185
1361.6,0.001223317995
1361.7,0.00122386842
1361.8,0.00122442854
1361.9,0.001224998785
1362.0,0.001225579065
1362.1,0.00122616915
1362.2,0.00122676834
1362.3,0.001227376045
1362.4,0.001227991435
1362.5,0.00122861419
1362.6,0.00122924338
1362.7,0.00122987869
1362.8,0.001230519255
1362.9,0.00123116443
1363.0,0.00123181335
1363.1,0.001232465245
1363.2,0.0012331192
1363.3,0.00123377387
1363.4,0.001234428365
1363.5,0.001235081295
1363.6,0.00123573145
1363.7,0.001236377615
1363.8,0.00123701864
1363.9,0.001237653195
1364.0,0.001238280565
1364.1,0.001238899355
1364.2,0.001239508645
1364.3,0.00124010749
1364.4,0.001240694815
1364.5,0.00124126935
1364.6,0.001241830365
1364.7,0.001242377145
1364.8,0.00124290907
1364.9,0.001243425535
1365.0,0.00124392599
1365.1,0.001244409875
1365.2,0.00124487668
1365.3,0.00124532571
1365.4,0.00124575659
1365.5,0.00124616886
1365.6,0.001246561975
1365.7,0.00124693571
1365.8,0.00124728947
1365.9,0.001247622765
1366.0,0.00124793547
1366.1,0.001248226985
1366.2,0.00124849726
1366.3,0.001248745755
1366.4,0.00124897236
1366.5,0.001249176975
1366.6,0.00124935928
1366.7,0.001249518875
1366.8,0.00124965607
1366.9,0.001249770665
1367.0,0.00124986268
1367.1,0.001249932215
1367.2,0.001249979425
1367.3,0.001250004835
1367.4,0.001250008865
1367.5,0.001249991965
1367.6,0.001249954775
1367.7,0.001249897735
1367.8,0.001249821705
1367.9,0.00124972752
1368.0,0.001249615755
1368.1,0.00124948778
1368.2,0.001249344295
1368.3,0.001249186845
1368.4,0.00124901609
1368.5,0.00124883308
1368.6,0.001248638655
1368.7,0.0012484336
1368.8,0.00124821911
1368.9,0.00124799596
1369.0,0.00124776442
1369.1,0.00124752514
1369.2,0.001247278835
1369.3,0.001247025725
1369.4,0.00124676615
1369.5,0.00124650041
1369.6,0.001246228755
1369.7,0.001245951495
1369.8,0.0012456686
1369.9,0.00124538034
1370.0,0.001245086755
1370.1,0.001244787785
1370.2,0.001244483125
1370.3,0.001244172585
1370.4,0.001243856445
1370.5,0.00124353431
1370.6,0.00124320692
1370.7,0.00124287433
1370.8,0.001242536705
1370.9,0.001242193915
1371.0,0.00124184546
1371.1,0.00124149048
1371.2,0.001241128545
1371.3,0.00124075932
1371.4,0.00124038311
1371.5,0.001240000235
1371.6,0.001239611525
1371.7,0.00123921782
1371.8,0.001238820095
1371.9,0.001238419285
1372.0,0.00123801618
1372.1,0.001237611435
1372.2,0.001237206115
1372.3,0.001236800875
1372.4,0.00123639652
1372.5,0.001235993795
1372.6,0.001235593425
1372.7,0.001235196175
1372.8,0.001234802905
1372.9,0.00123441403
1373.0,0.00123403038
1373.1,0.00123365265
1373.2,0.001233281245
1373.3,0.00123291696
1373.4,0.00123256022
1373.5,0.00123221188
1373.6,0.00123187226
1373.7,0.00123154196
1373.8,0.00123122172
1373.9,0.00123091174
1374.0,0.00123061295
1374.1,0.001230325775
1374.2,0.001230050805
1374.3,0.001229788515
1374.4,0.00122953973
1374.5,0.00122930465
1374.6,0.00122908435
1374.7,0.001228879395
1374.8,0.00122869054
1374.9,0.00122851842
1375.0,0.001228363895
1375.1,0.00122822742
1375.2,0.001228109755
1375.3,0.00122801146
1375.4,0.001227932985
1375.5,0.00122787472
1375.6,0.00122783656
1375.7,0.00122781828
1375.8,0.001227819875
1375.9,0.00122784092
1376.0,0.00122788064
1376.1,0.00122793792
1376.2,0.0012280121
1376.3,0.001228101965
1376.4,0.00122820634
1376.5,0.0012283239
1376.6,0.00122845308
1376.7,0.001228592285
1376.8,0.00122874023
1376.9,0.001228894965
1377.0,0.00122905487
1377.1,0.001229218995
1377.2,0.00122938655
1377.3,0.00122955645
1377.4,0.001229727455
1377.5,0.001229898335
1377.6,0.001230068445
1377.7,0.001230236705
1377.8,0.00123040261
1377.9,0.001230565585
1378.0,0.001230724495
1378.1,0.00123087858
1378.2,0.001231027475
1378.3,0.001231170805
1378.4,0.00123130777
1378.5,0.001231438045
1378.6,0.00123156126
1378.7,0.00123167701
1378.8,0.001231785
1378.9,0.001231885225
1379.0,0.00123197754
1379.1,0.00123206231
1379.2,0.001232139325
1379.3,0.00123220849
1379.4,0.00123226954
1379.5,0.001232322815
1379.6,0.00123236823
1379.7,0.00123240558
1379.8,0.001232434565
1379.9,0.001232454985
1380.0,0.00123246685
1380.1,0.00123246987
1380.2,0.001232464415
1380.3,0.001232450185
1380.4,0.001232427455
1380.5,0.001232396275
1380.6,0.00123235665
1380.7,0.001232309165
1380.8,0.001232254185
1380.9,0.00123219214
1381.0,0.001232123115
1381.1,0.001232047605
1381.2,0.00123196554
1381.3,0.001231877035
1381.4,0.001231782445
1381.5,0.001231681725
1381.6,0.001231574945
1381.7,0.001231461835
1381.8,0.001231342505
1381.9,0.001231216725
1382.0,0.001231084875
1382.1,0.00123094684
1382.2,0.001230802305
1382.3,0.001230651535
1382.4,0.00123049531
1382.5,0.001230333555
1382.6,0.00123016606
1382.7,0.00122999287
1382.8,0.001229814215
1382.9,0.001229630095
1383.0,0.00122944047
1383.1,0.001229245005
1383.2,0.001229043625
1383.3,0.001228837035
1383.4,0.00122862541
1383.5,0.001228408865
1383.6,0.00122818773
1383.7,0.001227961865
1383.8,0.00122773139
1383.9,0.001227496385
1384.0,0.001227257025
1384.1,0.001227013365
1384.2,0.001226765445
1384.3,0.001226513105
1384.4,0.001226256725
1384.5,0.001225996465
1384.6,0.00122573252
1384.7,0.001225464785
1384.8,0.0012251937
1384.9,0.001224919345
1385.0,0.001224641865
1385.1,0.0012243614
1385.2,0.001224077925
1385.3,0.00122379185
1385.4,0.0012235031
1385.5,0.001223211945
1385.6,0.001222918
1385.7,0.001222621785
1385.8,0.001222323415
1385.9,0.001222022925
1386.0,0.001221719735
1386.1,0.001221413625
1386.2,0.001221104605
1386.3,0.00122079232
1386.4,0.001220476645
1386.5,0.00122015676
1386.6,0.001219831825
1386.7,0.001219501445
1386.8,0.00121916534
1386.9,0.001218822865
1387.0,0.00121847373
1387.1,0.00121811716
1387.2,0.001217752175
1387.3,0.001217378085
1387.4,0.001216993905
1387.5,0.00121659904
1387.6,0.001216193125
1387.7,0.001215775665
1387.8,0.001215345835
1387.9,0.001214903
1388.0,0.001214446175
1388.1,0.00121397444
1388.2,0.001213486455
1388.3,0.00121298134
1388.4,0.001212457955
1388.5,0.00121191523
1388.6,0.001211352195
1388.7,0.001210768075
1388.8,0.00121016178
1388.9,0.001209532415
1389.0,0.001208879075
1389.1,0.00120820115
1389.2,0.001207497845
1389.3,0.001206768825
1389.4,0.001206013065
1389.5,0.001205230465
1389.6,0.001204421065
1389.7,0.00120358478
1389.8,0.00120272197
1389.9,0.001201833025
1390.0,0.001200918415
1390.1,0.001199978965
1390.2,0.001199015685
1390.3,0.00119802948
1390.4,0.001197021405
1390.5,0.001195992185
1390.6,0.00119494285
1390.7,0.00119387419
1390.8,0.001192786915
1390.9,0.00119168241
1391.0,0.001190561675
1391.1,0.0011894252
1391.2,0.0011882738
1391.3,0.001187107885
1391.4,0.001185928025
1391.5,0.001184734375
1391.6,0.001183527645
1391.7,0.001182308575
1391.8,0.001181077725
1391.9,0.00117983518
1392.0,0.00117858156
1392.1,0.001177316665
1392.2,0.001176040685
1392.3,0.0011747538
1392.4,0.00117345618
1392.5,0.00117214828
1392.6,0.00117083022
1392.7,0.00116950179
1392.8,0.00116816291
1392.9,0.001166812975
1393.0,0.00116545164
1393.1,0.00116407829
1393.2,0.001162692685
1393.3,0.00116129466
1393.4,0.00115988364
1393.5,0.001158458815
1393.6,0.001157019975
1393.7,0.00115556656
1393.8,0.00115409837
1393.9,0.001152615275
1394.0,0.001151117
1394.1,0.001149603745
1394.2,0.00114807578
1394.3,0.001146533115
1394.4,0.001144975775
1394.5,0.001143404305
1394.6,0.001141818765
1394.7,0.00114021924
1394.8,0.0011386061
1394.9,0.001136979995
1395.0,0.00113534122
1395.1,0.001133690095
1395.2,0.001132026965
1395.3,0.001130352115
1395.4,0.00112866622
1395.5,0.00112696986
1395.6,0.00112526348
1395.7,0.00112354763
1395.8,0.00112182288
1395.9,0.001120089745
1396.0,0.001118349045
1396.1,0.00111660155
1396.2,0.001114847985
1396.3,0.001113089185
1396.4,0.0011113256
1396.5,0.00110955798
1396.6,0.00110778689
1396.7,0.0011060128
1396.8,0.00110423623
1396.9,0.001102457635
1397.0,0.001100677345
1397.1,0.001098895695
1397.2,0.001097113155
1397.3,0.00109533026
1397.4,0.00109354723
1397.5,0.001091764605
1397.6,0.001089982615
1397.7,0.001088201565
1397.8,0.001086421635
1397.9,0.001084643485
1398.0,0.001082867395
1398.1,0.001081093605
1398.2,0.001079322295
1398.3,0.001077553885
1398.4,0.001075788665
1398.5,0.001074026905
1398.6,0.00107226893
1398.7,0.00107051496
1398.8,0.00106876532
1398.9,0.001067020315
1399.0,0.00106528004
1399.1,0.00106354491
1399.2,0.001061815255
1399.3,0.001060091515
1399.4,0.0010583739
1399.5,0.001056662595
1399.6,0.001054958105
1399.7,0.001053260495
1399.8,0.001051570055
1399.9,0.00104988693
1400.0,0.00104821147
1400.1,0.001046543645
1400.2,0.00104488363
1400.3,0.00104323143
1400.4,0.00104158694
1400.5,0.001039950065
1400.6,0.00103832063
1400.7,0.00103669859
1400.8,0.001035083905
1400.9,0.00103347625
1401.0,0.001031875745
1401.1,0.001030282315
1401.2,0.001028695925
1401.3,0.001027116715
1401.4,0.00102554453
1401.5,0.00102397901
1401.6,0.00102242033
1401.7,0.001020868165
1401.8,0.001019322415
1401.9,0.001017782945
1402.0,0.0010162494
1402.1,0.001014721605
1402.2,0.00101319931
1402.3,0.00101168269
1402.4,0.00101017148
1402.5,0.0010086657
1402.6,0.00100716536
1402.7,0.00100567058
1402.8,0.001004181385
1402.9,0.00100269809
1403.0,0.00100122052
1403.1,0.00099974906
1403.2,0.00099828371
1403.3,0.00099682454
1403.4,0.00099537184
1403.5,0.000993925875
1403.6,0.00099248679
1403.7,0.000991054785
1403.8,0.000989630055
1403.9,0.00098821264
1404.0,0.000986802705
1404.1,0.00098540061
1404.2,0.000984006325
1404.3,0.000982619995
1404.4,0.000981241775
1404.5,0.00097987174
1404.6,0.000978510075
1404.7,0.00097715669
1404.8,0.00097581151
1404.9,0.000974474705
1405.0,0.000973145905
1405.1,0.00097182511
1405.2,0.00097051216
1405.3,0.000969206775
1405.4,0.000967908845
1405.5,0.000966618215
1405.6,0.000965334725
1405.7,0.000964057985
1405.8,0.000962787255
1405.9,0.000961522215
1406.0,0.00096026208
1406.1,0.000959006335
1406.2,0.000957754505
1406.3,0.000956505895
1406.4,0.00095525996
1406.5,0.00095401605
1406.6,0.00095277327
1406.7,0.00095153106
1406.8,0.000950288655
1406.9,0.00094904535
1407.0,0.000947800555
1407.1,0.000946553545
1407.2,0.00094530365
1407.3,0.000944050595
1407.4,0.000942793835
1407.5,0.00094153316
1407.6,0.000940268105
1407.7,0.000938998255
1407.8,0.00093772316
1407.9,0.00093644268
1408.0,0.00093515673
1408.1,0.00093386491
1408.2,0.000932567295
1408.3,0.00093126388
1408.4,0.00092995466
1408.5,0.00092863965
1408.6,0.000927318985
1408.7,0.000925992935
1408.8,0.0009246615
1408.9,0.000923324835
1409.0,0.00092198308
1409.1,0.000920636325
1409.2,0.00091928503
1409.3,0.00091792933
1409.4,0.000916569565
1409.5,0.000915206235
1409.6,0.00091383982
1409.7,0.000912470705
1409.8,0.000911099335
1409.9,0.000909726135
1410.0,0.000908351475
1410.1,0.0009069759
1410.2,0.00090559963
1410.3,0.00090422301
1410.4,0.00090284649
1410.5,0.00090147019
1410.6,0.0009000947
1410.7,0.00089872022
1410.8,0.000897347025
1410.9,0.00089597522
1411.0,0.00089460521
1411.1,0.000893237015
1411.2,0.00089187084
1411.3,0.00089050667
1411.4,0.000889144505
1411.5,0.00088778454
1411.6,0.0008864269
1411.7,0.000885071885
1411.8,0.000883719535
1411.9,0.00088237009
1412.0,0.000881023505
1412.1,0.000879679795
1412.2,0.000878339135
1412.3,0.000877001645
1412.4,0.000875667325
1412.5,0.000874336065
1412.6,0.00087300799
1412.7,0.000871683295
1412.8,0.00087036188
1412.9,0.00086904389
1413.0,0.000867729245
1413.1,0.000866418335
1413.2,0.000865110845
1413.3,0.00086380709
1413.4,0.00086250692
1413.5,0.000861210365
1413.6,0.000859917405
1413.7,0.000858628095
1413.8,0.000857342345
1413.9,0.000856060205
1414.0,0.000854781615
1414.1,0.00085350647
1414.2,0.00085223482
1414.3,0.00085096674
1414.4,0.00084970197
1414.5,0.000848440635
1414.6,0.000847182455
1414.7,0.00084592743
1414.8,0.000844675465
1414.9,0.000843426595
1415.0,0.00084218058
1415.1,0.000840937325
1415.2,0.00083969675
1415.3,0.000838458715
1415.4,0.000837223225
1415.5,0.000835990225
1415.6,0.00083475929
1415.7,0.000833530455
1415.8,0.000832303575
1415.9,0.000831078545
1416.0,0.000829855245
1416.1,0.000828633675
1416.2,0.000827413465
1416.3,0.00082619468
1416.4,0.0008249771
1416.5,0.000823760825
1416.6,0.000822545675
1416.7,0.00082133145
1416.8,0.00082011798
1416.9,0.000818905205
1417.0,0.00081769314
1417.1,0.00081648147
1417.2,0.00081527049
1417.3,0.000814059705
1417.4,0.000812849125
1417.5,0.000811638815
1417.6,0.0008104286
1417.7,0.000809218575
1417.8,0.00080800854
1417.9,0.000806798495
1418.0,0.00080558843
1418.1,0.00080437833
1418.2,0.00080316816
1418.3,0.000801957815
1418.4,0.000800747295
1418.5,0.000799536565
1418.6,0.000798325565
1418.7,0.00079711438
1418.8,0.00079590274
1418.9,0.0007946908
1419.0,0.00079347823
1419.1,0.000792265045
1419.2,0.000791051205
1419.3,0.000789836655
1419.4,0.000788621095
1419.5,0.000787404435
1419.6,0.000786186665
1419.7,0.00078496755
1419.8,0.000783746955
1419.9,0.00078252461
1420.0,0.00078130033
1420.1,0.000780073995
1420.2,0.00077884545
1420.3,0.000777614505
1420.4,0.000776380945
1420.5,0.00077514471
1420.6,0.000773905665
1420.7,0.000772663675
1420.8,0.00077141859
1420.9,0.000770170315
1421.0,0.000768918705
1421.1,0.0007676637
1421.2,0.00076640532
1421.3,0.00076514358
1421.4,0.0007638784
1421.5,0.000762609495
1421.6,0.00076133722
1421.7,0.000760061275
1421.8,0.000758781825
1421.9,0.00075749883
1422.0,0.000756212155
1422.1,0.00075492189
1422.2,0.000753628075
1422.3,0.000752330705
1422.4,0.000751029845
1422.5,0.000749725445
1422.6,0.000748417515
1422.7,0.000747106315
1422.8,0.000745792015
1422.9,0.000744474545
1423.0,0.000743153895
1423.1,0.00074183038
1423.2,0.000740504325
1423.3,0.000739175825
1423.4,0.000737845125
1423.5,0.00073651237
1423.6,0.00073517771
1423.7,0.000733841475
1423.8,0.000732503775
1423.9,0.000731164825
1424.0,0.0007298248
1424.1,0.000728483795
1424.2,0.00072714186
1424.3,0.00072579937
1424.4,0.00072445652
1424.5,0.000723113585
1424.6,0.000721770825
1424.7,0.000720428615
1424.8,0.000719087135
1424.9,0.000717746305
1425.0,0.00071640659
1425.1,0.00071506856
1425.2,0.000713732425
1425.3,0.0007123984
1425.4,0.000711067015
1425.5,0.00070973872
1425.6,0.000708414
1425.7,0.00070709328
1425.8,0.000705776815
1425.9,0.000704464745
1426.0,0.00070315716
1426.1,0.000701854225
1426.2,0.000700556
1426.3,0.000699262755
1426.4,0.00069797481
1426.5,0.00069669233
1426.6,0.00069541563
1426.7,0.00069414469
1426.8,0.000692879405
1426.9,0.00069161956
1427.0,0.00069036483
1427.1,0.00068911472
1427.2,0.0006878687
1427.3,0.000686626205
1427.4,0.00068538683
1427.5,0.00068415029
1427.6,0.00068291636
1427.7,0.00068168483
1427.8,0.000680455535
1427.9,0.0006792282
1428.0,0.000678002595
1428.1,0.000676778525
1428.2,0.000675555895
1428.3,0.000674334415
1428.4,0.000673113685
1428.5,0.000671893505
1428.6,0.000670673375
1428.7,0.00066945339
1428.8,0.000668233525
1428.9,0.00066701372
1429.0,0.00066579356
1429.1,0.00066457201
1429.2,0.00066334796
1429.3,0.00066212148
1429.4,0.000660894295
1429.5,0.00065966902
1429.6,0.000658447175
1429.7,0.00065722794
1429.8,0.000656009265
1429.9,0.00065478948
1430.0,0.00065356825
1430.1,0.00065234679
1430.2,0.000651126865
1430.3,0.000649910065
1430.4,0.00064869642
1430.5,0.00064748387
1430.6,0.000646269855
1430.7,0.00064505201
1430.8,0.000643829515
1430.9,0.000642602055
1431.0,0.000641369095
1431.1,0.000640129795
1431.2,0.00063888308
1431.3,0.00063762819
1431.4,0.00063636468
1431.5,0.00063509223
1431.6,0.00063381077
1431.7,0.00063252042
1431.8,0.00063122138
1431.9,0.000629913695
1432.0,0.000628597635
1432.1,0.0006272734
1432.2,0.000625941385
1432.3,0.000624601835
1432.4,0.00062325502
1432.5,0.000621901015
1432.6,0.000620540195
1432.7,0.000619172745
1432.8,0.000617798815
1432.9,0.00061641873
1433.0,0.0006150327
1433.1,0.00061364106
1433.2,0.00061224395
1433.3,0.00061084165
1433.4,0.000609434585
1433.5,0.00060802278
1433.6,0.000606606555
1433.7,0.00060518615
1433.8,0.00060376184
1433.9,0.000602333995
1434.0,0.000600902875
1434.1,0.00059946872
1434.2,0.00059803187
1434.3,0.000596592555
1434.4,0.00059515093
1434.5,0.000593707395
1434.6,0.000592262235
1434.7,0.00059081567
1434.8,0.000589367945
1434.9,0.00058791923
1435.0,0.000586469765
1435.1,0.000585019715
1435.2,0.00058356942
1435.3,0.000582119015
1435.4,0.000580668615
1435.5,0.000579218435
1435.6,0.000577768565
1435.7,0.000576319145
1435.8,0.000574870245
1435.9,0.00057342207
1436.0,0.000571974585
1436.1,0.000570528005
1436.2,0.00056908227
1436.3,0.00056763749
1436.4,0.000566193705
1436.5,0.000564750865
1436.6,0.000563309075
1436.7,0.000561868395
1436.8,0.000560428775
1436.9,0.00055899027
1437.0,0.000557552815
1437.1,0.0005561165
1437.2,0.00055468117
1437.3,0.00055324688
1437.4,0.00055181366
1437.5,0.000550381445
1437.6,0.00054895033
1437.7,0.00054752025
1437.8,0.000546091075
1437.9,0.00054466302
1438.0,0.000543235965
1438.1,0.00054180999
1438.2,0.000540385015
1438.3,0.00053896113
1438.4,0.00053753825
1438.5,0.00053611628
1438.6,0.00053469526
1438.7,0.000533275185
1438.8,0.000531855965
1438.9,0.000530437595
1439.0,0.0005290201
1439.1,0.000527603415
1439.2,0.00052618756
1439.3,0.000524772535
1439.4,0.000523358395
1439.5,0.00052194509
1439.6,0.00052053267
1439.7,0.00051912106
1439.8,0.000517710405
1439.9,0.000516300635
1440.0,0.00051489174
1440.1,0.00051348368
1440.2,0.0005120765
1440.3,0.000510670185
1440.4,0.000509264745
1440.5,0.0005078602
1440.6,0.00050645659
1440.7,0.00050505395
1440.8,0.000503652345
1440.9,0.000502251705
1441.0,0.00050085207
1441.1,0.0004994534255
1441.2,0.000498055792
1441.3,0.0004966591865
1441.4,0.000495263597
1441.5,0.000493869092
1441.6,0.000492475713
1441.7,0.000491083452
1441.8,0.0004896923955
1441.9,0.000488302551
1442.0,0.000486913973
1442.1,0.0004855267035
1442.2,0.000484140852
1442.3,0.0004827564365
1442.4,0.000481373567
1442.5,0.0004799923945
1442.6,0.000478612934
1442.7,0.000477235412
1442.8,0.0004758597925
1442.9,0.000474486255
1443.0,0.000473114885
1443.1,0.000471745778
1443.2,0.0004703790665
1443.3,0.000469014838
1443.4,0.000467653204
1443.5,0.0004662942545
1443.6,0.0004649381205
1443.7,0.0004635849815
1443.8,0.000462234863
1443.9,0.000460887881
1444.0,0.000459544083
1444.1,0.0004582036085
1444.2,0.000456866552
1444.3,0.000455532961
1444.4,0.000454202911
1444.5,0.000452876502
1444.6,0.0004515537205
1444.7,0.0004502346935
1444.8,0.0004489195185
1444.9,0.00044760816
1445.0,0.0004463007365
1445.1,0.0004449972685
1445.2,0.0004436977755
1445.3,0.0004424023685
1445.4,0.0004411110285
1445.5,0.000439823762
1445.6,0.000438540619
1445.7,0.0004372615835
1445.8,0.0004359866765
1445.9,0.000434715975
1446.0,0.00043344942
1446.1,0.0004321870545
1446.2,0.000430928843
1446.3,0.0004296748455
1446.4,0.000428425063
1446.5,0.0004271794435
1446.6,0.0004259379965
1446.7,0.0004247007255
1446.8,0.0004234676235
1446.9,0.0004222386485
1447.0,0.000421013793
1447.1,0.0004197930845
1447.2,0.0004185765335
1447.3,0.0004173640855
1447.4,0.000416155801
1447.5,0.000414951624
1447.6,0.0004137515435
1447.7,0.0004125556005
1447.8,0.0004113637915
1447.9,0.00041017609
1448.0,0.000408992457
1448.1,0.000407812874
1448.2,0.0004066373555
1448.3,0.000405465887
1448.4,0.0004042984625
1448.5,0.000403135057
1448.6,0.000401975658
1448.7,0.000400820342
1448.8,0.000399669012
1448.9,0.0003985217265
1449.0,0.000397378446
1449.1,0.000396239154
1449.2,0.0003951038145
1449.3,0.0003939724765
1449.4,0.0003928450855
1449.5,0.0003917216955
1449.6,0.000390602248
1449.7,0.000389486774
1449.8,0.000388375208
1449.9,0.000387267618
1450.0,0.000386163986
1450.1,0.0003850642875
1450.2,0.0003839685175
1450.3,0.0003828767015
1450.4,0.000381788838
1450.5,0.000380704924
1450.6,0.0003796249325
1450.7,0.0003785488835
1450.8,0.000377476767
1450.9,0.0003764086025
1451.0,0.000375344396
1451.1,0.000374284136
1451.2,0.0003732278005
1451.3,0.000372175428
1451.4,0.000371127019
1451.5,0.0003700825665
1451.6,0.000369042069
1451.7,0.000368005527
1451.8,0.0003669729375
1451.9,0.000365944313
1452.0,0.0003649196475
1452.1,0.000363898939
1452.2,0.0003628822175
1452.3,0.000361869451
1452.4,0.000360860639
1452.5,0.0003598558
1452.6,0.0003588549035
1452.7,0.000357857982
1452.8,0.0003568650315
1452.9,0.0003558760155
1453.0,0.000354890948
1453.1,0.0003539098285
1453.2,0.000352932671
1453.3,0.0003519594405
1453.4,0.0003509901555
1453.5,0.0003500248315
1453.6,0.0003490634405
1453.7,0.000348105973
1453.8,0.000347152437
1453.9,0.0003462028155
1454.0,0.0003452571
1454.1,0.000344315298
1454.2,0.0003433773885
1454.3,0.0003424433725
1454.4,0.000341513244
1454.5,0.0003405869865
1454.6,0.0003396646125
1454.7,0.0003387461125
1454.8,0.000337831422
1454.9,0.0003369206045
1455.0,0.0003360136195
1455.1,0.00033511048
1455.2,0.000334211131
1455.3,0.00033331556
1455.4,0.0003324237795
1455.5,0.0003315357825
1455.6,0.0003306515595
1455.7,0.000329771094
1455.8,0.000328894366
1455.9,0.0003280213625
1456.0,0.000327152079
1456.1,0.000326286506
1456.2,0.000325424635
1456.3,0.0003245664325
1456.4,0.0003237118725
1456.5,0.0003228609635
1456.6,0.0003220137035
1456.7,0.0003211700755
1456.8,0.0003203300525
1456.9,0.0003194936315
1457.0,0.0003186607775
1457.1,0.000317831498
1457.2,0.000317005776
1457.3,0.0003161835885
1457.4,0.000315364926
1457.5,0.0003145497825
1457.6,0.000313738134
1457.7,0.0003129299705
1457.8,0.0003121252755
1457.9,0.0003113240425
1458.0,0.0003105262585
1458.1,0.0003097319155
1458.2,0.0003089409775
1458.3,0.000308153452
1458.4,0.000307369314
1458.5,0.0003065885485
1458.6,0.0003058111645
1458.7,0.0003050371285
1458.8,0.0003042664505
1458.9,0.000303499093
1459.0,0.0003027350685
1459.1,0.0003019743505
1459.2,0.0003012169295
1459.3,0.000300462806
1459.4,0.000299711952
1459.5,0.000298964349
1459.6,0.000298220016
1459.7,0.000297478917
1459.8,0.000296741056
1459.9,0.000296006426
1460.0,0.000295275003
1460.1,0.000294546799
1460.2,0.000293821782
1460.3,0.0002930999665
1460.4,0.0002923813345
1460.5,0.0002916658715
1460.6,0.000290953586
1460.7,0.000290244436
1460.8,0.0002895384345
1460.9,0.000288835584
1461.0,0.000288135859
1461.1,0.000287439251
1461.2,0.0002867457915
1461.3,0.000286055443
1461.4,0.0002853682125
1461.5,0.0002846840685
1461.6,0.0002840030315
1461.7,0.000283325096
1461.8,0.000282650224
1461.9,0.0002819784585
1462.0,0.0002813097715
1462.1,0.0002806441535
1462.2,0.0002799816115
1462.3,0.000279322132
1462.4,0.0002786657135
1462.5,0.00027801236
1462.6,0.00027736206
1462.7,0.0002767148065
1462.8,0.0002760706105
1462.9,0.0002754294565
1463.0,0.000274791342
1463.1,0.0002741562685
1463.2,0.0002735242405
1463.3,0.0002728952335
1463.4,0.000272269255
1463.5,0.0002716463095
1463.6,0.000271026384
1463.7,0.000270409469
1463.8,0.000269795579
1463.9,0.0002691847055
1464.0,0.000268576836
1464.1,0.00026797197
1464.2,0.0002673701085
1464.3,0.0002667712565
1464.4,0.0002661753925
1464.5,0.000265582523
1464.6,0.000264992649
1464.7,0.000264405756
1464.8,0.0002638218535
1464.9,0.000263240919
1465.0,0.00026266296
1465.1,0.0002620879665
1465.2,0.000261515925
1465.3,0.000260946847
1465.4,0.0002603807055
1465.5,0.0002598175025
1465.6,0.0002592572445
1465.7,0.0002586999065
1465.8,0.000258145499
1465.9,0.000257594009
1466.0,0.0002570454155
1466.1,0.0002564997275
1466.2,0.0002559569245
1466.3,0.000255417013
1466.4,0.0002548799575
1466.5,0.0002543457585
1466.6,0.0002538144225
1466.7,0.0002532859225
1466.8,0.0002527602605
1466.9,0.0002522374155
1467.0,0.0002517173845
1467.1,0.0002512001485
1467.2,0.000250685674
1467.3,0.00025017399
1467.4,0.000249665073
1467.5,0.000249158908
1467.6,0.000248655487
1467.7,0.0002481547825
1467.8,0.0002476567865
1467.9,0.0002471614885
1468.0,0.0002466688735
1468.1,0.000246178926
1468.2,0.000245691633
1468.3,0.000245206989
1468.4,0.000244724969
1468.5,0.0002442455565
1468.6,0.000243768746
1468.7,0.0002432945225
1468.8,0.000242822867
1468.9,0.0002423537615
1469.0,0.000241887199
1469.1,0.0002414231535
1469.2,0.000240961628
1469.3,0.000240502593
1469.4,0.0002400460495
1469.5,0.000239591964
1469.6,0.000239140324
1469.7,0.0002386911245
1469.8,0.0002382443545
1469.9,0.000237799984
1470.0,0.000237358013
1470.1,0.000236918419
1470.2,0.0002364811895
1470.3,0.0002360463195
1470.4,0.000235613782
1470.5,0.000235183577
1470.6,0.0002347556845
1470.7,0.0002343300895
1470.8,0.000233906786
1470.9,0.000233485768
1471.0,0.000233067013
1471.1,0.000232650507
1471.2,0.0002322362465
1471.3,0.000231824225
1471.4,0.0002314144215
1471.5,0.0002310068175
1471.6,0.0002306014165
1471.7,0.000230198206
1471.8,0.000229797167
1471.9,0.0002293983025
1472.0,0.000229001595
1472.1,0.0002286070405
1472.2,0.0002282146405
1472.3,0.0002278243775
1472.4,0.0002274362255
1472.5,0.000227050201
1472.6,0.0002266662735
1472.7,0.000226284448
1472.8,0.0002259047245
1472.9,0.0002255270835
1473.0,0.0002251515305
1473.1,0.000224778048
1473.2,0.000224406626
1473.3,0.000224037276
1473.4,0.0002236699745
1473.5,0.0002233047315
1473.6,0.000222941524
1473.7,0.0002225803625
1473.8,0.0002222212175
1473.9,0.0002218641035
1474.0,0.0002215090025
1474.1,0.000221155916
1474.2,0.00022080485
1474.3,0.0002204557805
1474.4,0.0002201087265
1474.5,0.000219763669
1474.6,0.000219420596
1474.7,0.000219079515
1474.8,0.00021874042
1474.9,0.0002184033065
1475.0,0.000218068162
1475.1,0.0002177349985
1475.2,0.0002174038075
1475.3,0.000217074581
1475.4,0.00021674732
1475.5,0.0002164220145
1475.6,0.000216098676
1475.7,0.0002157772805
1475.8,0.0002154578325
1475.9,0.0002151403175
1476.0,0.000214824754
1476.1,0.000214511122
1476.2,0.000214199413
1476.3,0.0002138896215
1476.4,0.0002135817545
1476.5,0.0002132758045
1476.6,0.000212971763
1476.7,0.00021266963
1476.8,0.0002123694015
1476.9,0.000212071077
1477.0,0.000211774649
1477.1,0.0002114801
1477.2,0.000211187454
1477.3,0.0002108966895
1477.4,0.0002106077915
1477.5,0.000210320763
1477.6,0.000210035589
1477.7,0.000209752271
1477.8,0.000209470797
1477.9,0.0002091911625
1478.0,0.0002089133625
1478.1,0.000208637399
1478.2,0.0002083632465
1478.3,0.0002080909015
1478.4,0.000207820369
1478.5,0.000207551627
1478.6,0.000207284676
1478.7,0.0002070194995
1478.8,0.0002067560995
1478.9,0.000206494459
1479.0,0.000206234568
1479.1,0.0002059764125
1479.2,0.0002057199975
1479.3,0.000205465293
1479.4,0.0002052122895
1479.5,0.0002049609865
1479.6,0.0002047113735
1479.7,0.0002044634295
1479.8,0.000204217151
1479.9,0.000203972526
1480.0,0.0002037295305
1480.1,0.0002034881555
1480.2,0.0002032483895
1480.3,0.000203010221
1480.4,0.0002027736445
1480.5,0.000202538616
1480.6,0.000202305152
1480.7,0.000202073228
1480.8,0.000201842832
1480.9,0.000201613952
1481.0,0.0002013865625
1481.1,0.000201160657
1481.2,0.0002009362075
1481.3,0.000200713205
1481.4,0.0002004916355
1481.5,0.0002002714905
1481.6,0.0002000527415
1481.7,0.0001998353815
1481.8,0.000199619406
1481.9,0.0001994047785
1482.0,0.0001991914875
1482.1,0.00019897952
1482.2,0.00019876886
1482.3,0.0001985594895
1482.4,0.00019835141
1482.5,0.0001981445835
1482.6,0.0001979389875
1482.7,0.00019773462
1482.8,0.0001975314635
1482.9,0.000197329493
1483.0,0.000197128702
1483.1,0.000196929076
1483.2,0.000196730598
1483.3,0.0001965332475
1483.4,0.000196337012
1483.5,0.00019614187
1483.6,0.000195947809
1483.7,0.000195754818
1483.8,0.000195562877
1483.9,0.000195371974
1484.0,0.000195182095
1484.1,0.000194993227
1484.2,0.000194805359
1484.3,0.0001946184775
1484.4,0.000194432564
1484.5,0.000194247604
1484.6,0.000194063568
1484.7,0.00019388048
1484.8,0.000193698303
1484.9,0.0001935170265
1485.0,0.0001933366405
1485.1,0.000193157136
1485.2,0.0001929784935
1485.3,0.0001928007065
1485.4,0.000192623759
1485.5,0.000192447629
1485.6,0.0001922723135
1485.7,0.0001920978005
1485.8,0.00019192409
1485.9,0.00019175116
1486.0,0.000191579
1486.1,0.000191407602
1486.2,0.0001912369475
1486.3,0.0001910670215
1486.4,0.0001908978235
1486.5,0.0001907293445
1486.6,0.000190561578
1486.7,0.000190394505
1486.8,0.0001902281155
1486.9,0.0001900624095
1487.0,0.0001898973695
1487.1,0.0001897329885
1487.2,0.000189569256
1487.3,0.0001894061625
1487.4,0.000189243707
1487.5,0.0001890818675
1487.6,0.0001889206455
1487.7,0.000188760038
1487.8,0.0001886000355
1487.9,0.000188440609
1488.0,0.000188281779
1488.1,0.0001881235225
1488.2,0.0001879658395
1488.3,0.000187808716
1488.4,0.000187652149
1488.5,0.000187496129
1488.6,0.0001873406505
1488.7,0.0001871857005
1488.8,0.0001870312865
1488.9,0.0001868773835
1489.0,0.0001867240065
1489.1,0.0001865711375
1489.2,0.0001864187665
1489.3,0.0001862668905
1489.4,0.0001861155
1489.5,0.000185964608
1489.6,0.0001858141995
1489.7,0.0001856642675
1489.8,0.0001855148055
1489.9,0.000185365819
1490.0,0.000185217301
1490.1,0.0001850692465
1490.2,0.0001849216605
1490.3,0.0001847745305
1490.4,0.0001846278595
1490.5,0.000184481633
1490.6,0.000184335862
1490.7,0.000184190534
1490.8,0.0001840456565
1490.9,0.0001839012115
1491.0,0.000183757211
1491.1,0.0001836136545
1491.2,0.0001834705385
1491.3,0.000183327849
1491.4,0.0001831855865
1491.5,0.0001830437565
1491.6,0.000182902349
1491.7,0.000182761373
1491.8,0.000182620813
1491.9,0.0001824806875
1492.0,0.0001823409955
1492.1,0.000182201715
1492.2,0.000182062856
1492.3,0.000181924432
1492.4,0.000181786428
1492.5,0.0001816488595
1492.6,0.000181511719
1492.7,0.0001813750045
1492.8,0.0001812387105
1492.9,0.000181102849
1493.0,0.0001809674205
1493.1,0.0001808324265
1493.2,0.0001806978695
1493.3,0.0001805637445
1493.4,0.00018043005
1493.5,0.0001802967985
1493.6,0.000180163981
1493.7,0.000180031608
1493.8,0.000179899695
1493.9,0.0001797682205
1494.0,0.000179637183
1494.1,0.0001795065935
1494.2,0.000179376462
1494.3,0.0001792467725
1494.4,0.000179117545
1494.5,0.0001789887765
1494.6,0.000178860452
1494.7,0.00017873258
1494.8,0.0001786051745
1494.9,0.000178478219
1495.0,0.0001783517505
1495.1,0.0001782257405
1495.2,0.000178100199
1495.3,0.000177975135
1495.4,0.000177850538
1495.5,0.000177726419
1495.6,0.000177602776
1495.7,0.000177479621
1495.8,0.0001773569575
1495.9,0.000177234775
1496.0,0.000177113083
1496.1,0.00017699189
1496.2,0.0001768711855
1496.3,0.0001767509835
1496.4,0.000176631281
1496.5,0.0001765120845
1496.6,0.0001763933925
1496.7,0.0001762752085
1496.8,0.000176157528
1496.9,0.0001760403535
1497.0,0.0001759236925
1497.1,0.000175807538
1497.2,0.0001756919
1497.3,0.000175576788
1497.4,0.0001754621855
1497.5,0.000175348109
1497.6,0.0001752345615
1497.7,0.000175121547
1497.8,0.0001750090465
1497.9,0.000174897084
1498.0,0.000174785664
1498.1,0.00017467477
1498.2,0.0001745644265
1498.3,0.0001744546145
1498.4,0.000174345344
1498.5,0.0001742366125
1498.6,0.0001741284215
1498.7,0.0001740207905
1498.8,0.000173913703
1498.9,0.000173807169
1499.0,0.000173701192
1499.1,0.000173595769
1499.2,0.000173490905
1499.3,0.0001733866135
1499.4,0.000173282877
1499.5,0.0001731797045
1499.6,0.00017307711
1499.7,0.0001729750795
1499.8,0.0001728736205
1499.9,0.00017277274
1500.0,0.0001726724385
1500.1,0.0001725727075
1500.2,0.0001724735595
1500.3,0.000172375
1500.4,0.000172277028
1500.5,0.0001721796395
1500.6,0.0001720828375
1500.7,0.0001719866485
1500.8,0.000171891037
1500.9,0.000171796014
1501.0,0.0001717015845
1501.1,0.000171607766
1501.2,0.0001715145485
1501.3,0.0001714219275
1501.4,0.0001713299005
1501.5,0.0001712384845
1501.6,0.00017114768
1501.7,0.0001710574905
1501.8,0.000170967907
1501.9,0.000170878935
1502.0,0.000170790581
1502.1,0.000170702836
1502.2,0.0001706157315
1502.3,0.000170529243
1502.4,0.0001704433675
1502.5,0.0001703581135
1502.6,0.000170273498
1502.7,0.000170189503
1502.8,0.0001701061485
1502.9,0.0001700234345
1503.0,0.000169941354
1503.1,0.000169859912
1503.2,0.0001697791235
1503.3,0.0001696989735
1503.4,0.000169619475
1503.5,0.000169540632
1503.6,0.000169462449
1503.7,0.000169384922
1503.8,0.0001693080585
1503.9,0.0001692318535
1504.0,0.0001691563275
1504.1,0.000169081468
1504.2,0.0001690072825
1504.3,0.00016893377
1504.4,0.00016886094
1504.5,0.0001687888055
1504.6,0.0001687173655
1504.7,0.0001686466045
1504.8,0.000168576549
1504.9,0.0001685071985
1505.0,0.000168438546
1505.1,0.000168370608
1505.2,0.0001683033765
1505.3,0.000168236872
1505.4,0.0001681710875
1505.5,0.000168106041
1505.6,0.000168041714
1505.7,0.000167978115
1505.8,0.0001679152685
1505.9,0.000167853164
1506.0,0.000167791821
1506.1,0.000167731226
1506.2,0.0001676713865
1506.3,0.0001676123215
1506.4,0.0001675540355
1506.5,0.000167496521
1506.6,0.000167439798
1506.7,0.0001673838695
1506.8,0.000167328743
1506.9,0.000167274425
1507.0,0.000167220916
1507.1,0.000167168224
1507.2,0.0001671163665
1507.3,0.0001670653375
1507.4,0.000167015153
1507.5,0.0001669658085
1507.6,0.0001669173125
1507.7,0.00016686967
1507.8,0.0001668229065
1507.9,0.0001667770125
1508.0,0.0001667320015
1508.1,0.0001666878745
1508.2,0.0001666446565
1508.3,0.000166602348
1508.4,0.000166560956
1508.5,0.000166520475
1508.6,0.0001664809255
1508.7,0.000166442322
1508.8,0.0001664046535
1508.9,0.0001663679375
1509.0,0.0001663321825
1509.1,0.0001662974085
1509.2,0.0001662636125
1509.3,0.0001662308135
1509.4,0.0001661990075
1509.5,0.000166168219
1509.6,0.0001661384185
1509.7,0.000166109654
1509.8,0.00016608193
1509.9,0.000166055251
1510.0,0.0001660296125
1510.1,0.000166005039
1510.2,0.000165981533
1510.3,0.0001659591165
1510.4,0.000165937785
1510.5,0.0001659175635
1510.6,0.000165898455
1510.7,0.000165880474
1510.8,0.000165863639
1510.9,0.000165847945
1511.0,0.000165833414
1511.1,0.000165820057
1511.2,0.0001658078775
1511.3,0.0001657969015
1511.4,0.000165787124
1511.5,0.00016577855
1511.6,0.000165771208
1511.7,0.00016576511
1511.8,0.000165760243
1511.9,0.000165756634
1512.0,0.000165754307
1512.1,0.0001657532365
1512.2,0.00016575347
1512.3,0.0001657550105
1512.4,0.0001657578445
1512.5,0.0001657620225
1512.6,0.000165767544
1512.7,0.0001657744
1512.8,0.0001657826055
1512.9,0.0001657921985
1513.0,0.0001658031815
1513.1,0.000165815552
1513.2,0.000165829332
1513.3,0.000165844536
1513.4,0.000165861175
1513.5,0.000165879261
1513.6,0.000165898802
1513.7,0.0001659198275
1513.8,0.000165942332
1513.9,0.000165966329
1514.0,0.0001659918475
1514.1,0.0001660188875
1514.2,0.000166047462
1514.3,0.000166077597
1514.4,0.0001661092955
1514.5,0.0001661425605
1514.6,0.0001661774135
1514.7,0.000166213867
1514.8,0.000166251941
1514.9,0.0001662916305
1515.0,0.0001663329535
1515.1,0.000166375925
1515.2,0.0001664205685
1515.3,0.000166466877
1515.4,0.000166514876
1515.5,0.000166564586
1515.6,0.0001666160005
1515.7,0.000166669129
1515.8,0.0001667240055
1515.9,0.000166780638
1516.0,0.000166839038
1516.1,0.000166899202
1516.2,0.000166961154
1516.3,0.0001670249025
1516.4,0.000167090476
1516.5,0.00016715787
1516.6,0.0001672270935
1516.7,0.0001672981535
1516.8,0.0001673710745
1516.9,0.000167445855
1517.0,0.00016752252
1517.1,0.000167601084
1517.2,0.000167681543
1517.3,0.000167763919
1517.4,0.0001678482145
1517.5,0.000167934462
1517.6,0.0001680226545
1517.7,0.000168112791
1517.8,0.000168204914
1517.9,0.0001682990165
1518.0,0.000168395108
1518.1,0.0001684931975
1518.2,0.000168593311
1518.3,0.0001686954275
1518.4,0.000168799571
1518.5,0.0001689057555
1518.6,0.0001690139865
1518.7,0.000169124258
1518.8,0.0001692365715
1518.9,0.0001693509655
1519.0,0.0001694674285
1519.1,0.0001695859795
1519.2,0.000169706612
1519.3,0.0001698293485
1519.4,0.0001699541815
1519.5,0.0001700811265
1519.6,0.000170210169
1519.7,0.0001703413505
1519.8,0.000170474673
1519.9,0.000170610117
1520.0,0.000170747715
1520.1,0.000170887463
1520.2,0.0001710293745
1520.3,0.000171173435
1520.4,0.0001713196585
1520.5,0.000171468049
1520.6,0.000171618606
1520.7,0.0001717713415
1520.8,0.000171926252
1520.9,0.000172083346
1521.0,0.0001722426345
1521.1,0.0001724041195
1521.2,0.0001725678025
1521.3,0.0001727336745
1521.4,0.000172901755
1521.5,0.0001730720155
1521.6,0.0001732444965
1521.7,0.000173419154
1521.8,0.0001735960325
1521.9,0.0001737751305
1522.0,0.0001739564415
1522.1,0.0001741399655
1522.2,0.000174325723
1522.3,0.0001745137075
1522.4,0.0001747039115
1522.5,0.0001748963555
1522.6,0.0001750910195
1522.7,0.000175287957
1522.8,0.0001754871305
1522.9,0.0001756885765
1523.0,0.0001758923025
1523.1,0.0001760983305
1523.2,0.0001763066575
1523.3,0.000176517284
1523.4,0.00017673022
1523.5,0.0001769454815
1523.6,0.000177163069
1523.7,0.0001773829865
1523.8,0.0001776052555
1523.9,0.000177829878
1524.0,0.0001780568685
1524.1,0.0001782862595
1524.2,0.000178518058
1524.3,0.0001787522675
1524.4,0.000178988897
1524.5,0.0001792279695
1524.6,0.0001794695235
1524.7,0.000179713568
1524.8,0.0001799601195
1524.9,0.000180209177
1525.0,0.000180460777
1525.1,0.0001807149435
1525.2,0.0001809716975
1525.3,0.000181231006
1525.4,0.000181492948
1525.5,0.000181757511
1525.6,0.0001820247145
1525.7,0.000182294608
1525.8,0.00018256715
1525.9,0.0001828423905
1526.0,0.000183120312
1526.1,0.0001834009615
1526.2,0.000183684336
1526.3,0.000183970426
1526.4,0.000184259246
1526.5,0.000184550797
1526.6,0.000184845093
1526.7,0.000185142135
1526.8,0.0001854419075
1526.9,0.00018574444
1527.0,0.000186049701
1527.1,0.0001863577065
1527.2,0.0001866684605
1527.3,0.0001869819565
1527.4,0.000187298179
1527.5,0.000187617114
1527.6,0.0001879387895
1527.7,0.00018826318
1527.8,0.0001885902835
1527.9,0.000188920091
1528.0,0.000189252599
1528.1,0.00018958786
1528.2,0.000189925832
1528.3,0.0001902665005
1528.4,0.0001906098875
1528.5,0.000190955981
1528.6,0.0001913048225
1528.7,0.000191656393
1528.8,0.000192010714
1528.9,0.000192367781
1529.0,0.000192727589
1529.1,0.000193090166
1529.2,0.000193455526
1529.3,0.000193823655
1529.4,0.000194194625
1529.5,0.0001945684025
1529.6,0.0001949450005
1529.7,0.000195324428
1529.8,0.0001957067095
1529.9,0.0001960918755
1530.0,0.000196479877
1530.1,0.000196870767
1530.2,0.000197264544
1530.3,0.000197661204
1530.4,0.000198060782
1530.5,0.0001984632285
1530.6,0.000198868593
1530.7,0.0001992767805
1530.8,0.000199687887
1530.9,0.000200101892
1531.0,0.000200518811
1531.1,0.0002009386075
1531.2,0.0002013612975
1531.3,0.000201786876
1531.4,0.0002022153615
1531.5,0.000202646781
1531.6,0.0002030810585
1531.7,0.000203518237
1531.8,0.0002039582955
1531.9,0.000204401237
1532.0,0.000204847042
1532.1,0.000205295696
1532.2,0.0002057472095
1532.3,0.000206201558
1532.4,0.0002066587695
1532.5,0.0002071187555
1532.6,0.0002075816075
1532.7,0.0002080472495
1532.8,0.000208515713
1532.9,0.000208987023
1533.0,0.0002094611505
1533.1,0.000209938126
1533.2,0.000210417939
1533.3,0.000210900621
1533.4,0.0002113862235
1533.5,0.0002118746955
1533.6,0.000212366084
1533.7,0.0002128604335
1533.8,0.0002133577705
1533.9,0.0002138580945
1534.0,0.000214361462
1534.1,0.000214867856
1534.2,0.000215377323
1534.3,0.000215889895
1534.4,0.000216405597
1534.5,0.0002169244725
1534.6,0.0002174465015
1534.7,0.0002179717815
1534.8,0.0002185002725
1534.9,0.0002190320055
1535.0,0.000219567056
1535.1,0.0002201053655
1535.2,0.000220646979
1535.3,0.0002211919935
1535.4,0.00022174031
1535.5,0.0002222920145
1535.6,0.000222847095
1535.7,0.000223405597
1535.8,0.000223967466
1535.9,0.0002245327895
1536.0,0.0002251015475
1536.1,0.0002256738
1536.2,0.000226249541
1536.3,0.00022682877
1536.4,0.00022741153
1536.5,0.000227997849
1536.6,0.000228587719
1536.7,0.0002291811575
1536.8,0.0002297782575
1536.9,0.0002303789665
1537.0,0.000230983368
1537.1,0.000231591412
1537.2,0.0002322031815
1537.3,0.0002328186245
1537.4,0.0002334378295
1537.5,0.0002340608605
1537.6,0.0002346876915
1537.7,0.000235318387
1537.8,0.0002359529175
1537.9,0.000236591332
1538.0,0.0002372337055
1538.1,0.000237880009
1538.2,0.00023853027
1538.3,0.0002391845585
1538.4,0.0002398428265
1538.5,0.0002405051425
1538.6,0.0002411715325
1538.7,0.000241842005
1538.8,0.000242516586
1538.9,0.0002431952725
1539.0,0.000243878117
1539.1,0.000244565146
1539.2,0.00024525641
1539.3,0.000245951877
1539.4,0.0002466515825
1539.5,0.000247355572
1539.6,0.0002480637775
1539.7,0.0002487762725
1539.8,0.0002494931505
1539.9,0.000250214303
1540.0,0.0002509397905
1540.1,0.0002516695725
1540.2,0.0002524037545
1540.3,0.0002531423475
1540.4,0.000253885334
1540.5,0.000254632705
1540.6,0.000255384491
1540.7,0.000256140676
1540.8,0.000256901311
1540.9,0.000257666337
1541.0,0.000258435839
1541.1,0.000259209761
1541.2,0.000259988192
1541.3,0.0002607710385
1541.4,0.00026155838
1541.5,0.0002623502095
1541.6,0.0002631465235
1541.7,0.000263947328
1541.8,0.0002647526295
1541.9,0.000265562467
1542.0,0.00026637681
1542.1,0.000267195667
1542.2,0.0002680191045
1542.3,0.000268847118
1542.4,0.000269679701
1542.5,0.000270516874
1542.6,0.000271358674
1542.7,0.0002722050735
1542.8,0.0002730561275
1542.9,0.0002739117865
1543.0,0.0002747721225
1543.1,0.0002756371835
1543.2,0.000276506878
1543.3,0.000277381304
1543.4,0.0002782604315
1543.5,0.00027914427
1543.6,0.000280032874
1543.7,0.0002809262355
1543.8,0.0002818244005
1543.9,0.0002827273135
1544.0,0.0002836350205
1544.1,0.0002845475175
1544.2,0.0002854648235
1544.3,0.00028638696
1544.4,0.0002873139365
1544.5,0.000288245707
1544.6,0.000289182304
1544.7,0.000290123713
1544.8,0.000291069967
1544.9,0.0002920210765
1545.0,0.000292976959
1545.1,0.0002939377015
1545.2,0.000294903255
1545.3,0.0002958735495
1545.4,0.0002968486105
1545.5,0.00029782852
1545.6,0.000298813116
1545.7,0.0002998024
1545.8,0.0003007964235
1545.9,0.0003017951095
1546.0,0.0003027984175
1546.1,0.000303806314
1546.2,0.0003048187495
1546.3,0.000305835673
1546.4,0.000306857024
1546.5,0.000307882814
1546.6,0.0003089129165
1546.7,0.0003099473945
1546.8,0.000310986136
1546.9,0.0003120290545
1547.0,0.0003130760845
1547.1,0.0003141272575
1547.2,0.00031518254
1547.3,0.0003162417935
1547.4,0.00031730495
1547.5,0.0003183719955
1547.6,0.0003194428955
1547.7,0.000320517425
1547.8,0.00032159568
1547.9,0.0003226774995
1548.0,0.0003237629135
1548.1,0.0003248518255
1548.2,0.000325944177
1548.3,0.0003270399515
1548.4,0.0003281390605
1548.5,0.0003292413715
1548.6,0.000330346919
1548.7,0.000331455609
1548.8,0.000332567448
1548.9,0.000333682299
1549.0,0.0003348002175
1549.1,0.000335921057
1549.2,0.0003370448215
1549.3,0.0003381714525
1549.4,0.000339300966
1549.5,0.0003404332845
1549.6,0.000341568328
1549.7,0.0003427061915
1549.8,0.0003438466595
1549.9,0.00034498984
1550.0,0.000346135611
1550.1,0.0003472839925
1550.2,0.000348434978
1550.3,0.0003495885385
1550.4,0.000350744585
1550.5,0.0003519031385
1550.6,0.0003530641055
1550.7,0.000354227396
1550.8,0.000355393096
1550.9,0.000356561026
1551.0,0.000357731124
1551.1,0.000358903406
1551.2,0.0003600777765
1551.3,0.000361254167
1551.4,0.0003624324765
1551.5,0.0003636126405
1551.6,0.0003647945885
1551.7,0.0003659783355
1551.8,0.0003671636605
1551.9,0.00036835064
1552.0,0.0003695391935
1552.1,0.0003707292005
1552.2,0.000371920622
1552.3,0.000373113504
1552.4,0.000374307754
1552.5,0.000375503338
1552.6,0.000376700239
1552.7,0.0003778985285
1552.8,0.000379098048
1552.9,0.000380298924
1553.0,0.000381501218
1553.1,0.000382704887
1553.2,0.000383909904
1553.3,0.0003851163685
1553.4,0.00038632426
1553.5,0.000387533731
1553.6,0.00038874472
1553.7,0.0003899574135
1553.8,0.0003911718335
1553.9,0.0003923879915
1554.0,0.000393605979
1554.1,0.000394825816
1554.2,0.0003960476985
1554.3,0.00039727147
1554.4,0.000398497348
1554.5,0.0003997253325
1554.6,0.0004009554365
1554.7,0.0004021877025
1554.8,0.000403422182
1554.9,0.0004046590235
1555.0,0.0004058981635
1555.1,0.0004071396105
1555.2,0.0004083834155
1555.3,0.0004096295275
1555.4,0.0004108780065
1555.5,0.00041212878
1555.6,0.0004133818015
1555.7,0.00041463711
1555.8,0.000415894671
1555.9,0.0004171544025
1556.0,0.0004184162525
1556.1,0.000419680203
1556.2,0.000420946193
1556.3,0.000422214041
1556.4,0.0004234838855
1556.5,0.0004247556415
1556.6,0.000426029132
1556.7,0.0004273042355
1556.8,0.000428581066
1556.9,0.0004298595855
1557.0,0.000431139408
1557.1,0.000432420784
1557.2,0.0004337034835
1557.3,0.0004349875055
1557.4,0.0004362728675
1557.5,0.0004375594795
1557.6,0.0004388472925
1557.7,0.0004401362905
1557.8,0.0004414264075
1557.9,0.0004427176005
1558.0,0.0004440098875
1558.1,0.0004453032275
1558.2,0.0004465975535
1558.3,0.0004478928785
1558.4,0.0004491892395
1558.5,0.0004504864865
1558.6,0.000451784633
1558.7,0.0004530837565
1558.8,0.0004543837635
1558.9,0.0004556844895
1559.0,0.0004569860875
1559.1,0.000458288395
1559.2,0.000459591403
1559.3,0.000460894972
1559.4,0.000462199175
1559.5,0.0004635038515
1559.6,0.0004648089655
1559.7,0.0004661143435
1559.8,0.000467419963
1559.9,0.0004687257035
1560.0,0.0004700315905
1560.1,0.000471337346
1560.2,0.000472642966
1560.3,0.0004739482995
1560.4,0.00047525328
1560.5,0.0004765577365
1560.6,0.0004778617165
1560.7,0.0004791650395
1560.8,0.0004804674695
1560.9,0.0004817688775
1561.0,0.0004830694015
1561.1,0.0004843688005
1561.2,0.000485666843
1561.3,0.0004869635135
1561.4,0.00048825858
1561.5,0.0004895519365
1561.6,0.0004908435305
1561.7,0.000492133241
1561.8,0.000493420786
1561.9,0.0004947062045
1562.0,0.0004959892245
1562.1,0.0004972698545
1562.2,0.000498547824
1562.3,0.000499823127
1562.4,0.00050109563
1562.5,0.00050236513
1562.6,0.000503631525
1562.7,0.00050489464
1562.8,0.00050615449
1562.9,0.000507410875
1563.0,0.0005086638
1563.1,0.000509913175
1563.2,0.00051115898
1563.3,0.00051240097
1563.4,0.000513639115
1563.5,0.000514873345
1563.6,0.000516103735
1563.7,0.000517330155
1563.8,0.000518552645
1563.9,0.000519771085
1564.0,0.000520985655
1564.1,0.00052219617
1564.2,0.00052340271
1564.3,0.000524605325
1564.4,0.00052580415
1564.5,0.00052699902
1564.6,0.000528190225
1564.7,0.00052937779
1564.8,0.00053056169
1564.9,0.000531742075
1565.0,0.00053291906
1565.1,0.0005340927
1565.2,0.000535263075
1565.3,0.000536430345
1565.4,0.00053759457
1565.5,0.000538755815
1565.6,0.000539914255
1565.7,0.000541069815
1565.8,0.00054222256
1565.9,0.000543372405
1566.0,0.000544519425
1566.1,0.000545663685
1566.2,0.000546804915
1566.3,0.000547943245
1566.4,0.000549078465
1566.5,0.00055021044
1566.6,0.00055133897
1566.7,0.000552464005
1566.8,0.00055358519
1566.9,0.00055470263
1567.0,0.00055581596
1567.1,0.00055692497
1567.2,0.000558029495
1567.3,0.00055912932
1567.4,0.000560224265
1567.5,0.000561314085
1567.6,0.00056239881
1567.7,0.00056347811
1567.8,0.00056455191
1567.9,0.000565620055
1568.0,0.00056668246
1568.1,0.00056773885
1568.2,0.00056878921
1568.3,0.00056983328
1568.4,0.000570870825
1568.5,0.0005719016
1568.6,0.000572925535
1568.7,0.000573942395
1568.8,0.00057495195
1568.9,0.000575954095
1569.0,0.000576948765
1569.1,0.000577936005
1569.2,0.000578915845
1569.3,0.00057988857
1569.4,0.000580854345
1569.5,0.000581813435
1569.6,0.00058276637
1569.7,0.00058371335
1569.8,0.00058465491
1569.9,0.00058559149
1570.0,0.000586523725
1570.1,0.000587451955
1570.2,0.000588376785
1570.3,0.000589298815
1570.4,0.00059021845
1570.5,0.000591136155
1570.6,0.00059205237
1570.7,0.00059296766
1570.8,0.000593882335
1570.9,0.00059479679
1571.0,0.000595711335
1571.1,0.000596626485
1571.2,0.000597542445
1571.3,0.00059845941
1571.4,0.00059937765
1571.5,0.00060029754
1571.6,0.00060121904
1571.7,0.00060214248
1571.8,0.000603068075
1571.9,0.00060399591
1572.0,0.00060492612
1572.1,0.00060585869
1572.2,0.00060679379
1572.3,0.000607731455
1572.4,0.0006086718
1572.5,0.000609614585
1572.6,0.00061056012
1572.7,0.0006115083
1572.8,0.000612459085
1572.9,0.0006134125
1573.0,0.00061436852
1573.1,0.00061532707
1573.2,0.00061628808
1573.3,0.00061725148
1573.4,0.0006182173
1573.5,0.000619185365
1573.6,0.000620155675
1573.7,0.00062112821
1573.8,0.00062210284
1573.9,0.000623079465
1574.0,0.00062405796
1574.1,0.000625038325
1574.2,0.00062602056
1574.3,0.000627004485
1574.4,0.000627990155
1574.5,0.00062897747
1574.6,0.00062996649
1574.7,0.000630957125
1574.8,0.000631949365
1574.9,0.000632943365
1575.0,0.000633939145
1575.1,0.000634936595
1575.2,0.00063593587
1575.3,0.000636937135
1575.4,0.00063794042
1575.5,0.000638945685
1575.6,0.00063995331
1575.7,0.000640963405
1575.8,0.000641975975
1575.9,0.00064299142
1576.0,0.000644009705
1576.1,0.00064503118
1576.2,0.000646056095
1576.3,0.000647084575
1576.4,0.000648116935
1576.5,0.000649153415
1576.6,0.000650194255
1576.7,0.00065123985
1576.8,0.00065229015
1576.9,0.00065334576
1577.0,0.0006544068
1577.1,0.000655473525
1577.2,0.000656546275
1577.3,0.000657625245
1577.4,0.00065871059
1577.5,0.00065980248
1577.6,0.000660901215
1577.7,0.000662007025
1577.8,0.00066311977
1577.9,0.00066423969
1578.0,0.00066536709
1578.1,0.000666501935
1578.2,0.00066764425
1578.3,0.00066879411
1578.4,0.000669951435
1578.5,0.000671116135
1578.6,0.000672288285
1578.7,0.000673467695
1578.8,0.000674654375
1578.9,0.00067584803
1579.0,0.000677048535
1579.1,0.00067825571
1579.2,0.00067946942
1579.3,0.000680689105
1579.4,0.000681914725
1579.5,0.000683146025
1579.6,0.00068438251
1579.7,0.00068562392
1579.8,0.00068686986
1579.9,0.00068812012
1580.0,0.00068937431
1580.1,0.00069063204
1580.2,0.000691893175
1580.3,0.0006931574
1580.4,0.00069442436
1580.5,0.00069569402
1580.6,0.000696966145
1580.7,0.00069824068
1580.8,0.0006995176
1580.9,0.00070079686
1581.0,0.00070207849
1581.1,0.000703362535
1581.2,0.000704649025
1581.3,0.000705938165
1581.4,0.00070723024
1581.5,0.000708525435
1581.6,0.000709823795
1581.7,0.00071112557
1581.8,0.000712431125
1581.9,0.00071374063
1582.0,0.00071505438
1582.1,0.000716372465
1582.2,0.00071769525
1582.3,0.00071902297
1582.4,0.000720355755
1582.5,0.000721693855
1582.6,0.00072303735
1582.7,0.00072438645
1582.8,0.00072574113
1582.9,0.000727101515
1583.0,0.00072846764
1583.1,0.0007298396
1583.2,0.000731217145
1583.3,0.000732600195
1583.4,0.000733988595
1583.5,0.00073538204
1583.6,0.00073678031
1583.7,0.000738183095
1583.8,0.000739589955
1583.9,0.000741000455
1584.0,0.00074241417
1584.1,0.00074383049
1584.2,0.000745249195
1584.3,0.00074666964
1584.4,0.00074809123
1584.5,0.0007495137
1584.6,0.000750936455
1584.7,0.000752359085
1584.8,0.000753781305
1584.9,0.000755202925
1585.0,0.000756623615
1585.1,0.000758043105
1585.2,0.00075946128
1585.3,0.00076087824
1585.4,0.00076229372
1585.5,0.00076370778
1585.6,0.00076512039
1585.7,0.0007665317
1585.8,0.0007679419
1585.9,0.000769351155
1586.0,0.000770759675
1586.1,0.000772167485
1586.2,0.00077357516
1586.3,0.00077498308
1586.4,0.000776391665
1586.5,0.000777801345
1586.6,0.000779212745
1586.7,0.00078062644
1586.8,0.000782042675
1586.9,0.00078346252
1587.0,0.0007848862
1587.1,0.00078631458
1587.2,0.000787748435
1587.3,0.000789188295
1587.4,0.0007906349
1587.5,0.00079208874
1587.6,0.00079355059
1587.7,0.00079502106
1587.8,0.000796500815
1587.9,0.00079799038
1588.0,0.00079949018
1588.1,0.00080100071
1588.2,0.00080252264
1588.3,0.00080405625
1588.4,0.000805602125
1588.5,0.000807160265
1588.6,0.00080873106
1588.7,0.00081031479
1588.8,0.000811911485
1588.9,0.000813521245
1589.0,0.00081514406
1589.1,0.00081678
1589.2,0.000818428785
1589.3,0.000820090345
1589.4,0.00082176449
1589.5,0.00082345078
1589.6,0.000825148995
1589.7,0.000826858535
1589.8,0.000828579165
1589.9,0.000830310155
1590.0,0.000832051205
1590.1,0.00083380146
1590.2,0.00083556043
1590.3,0.000837327645
1590.4,0.000839102305
1590.5,0.000840883935
1590.6,0.00084267177
1590.7,0.00084446531
1590.8,0.00084626374
1590.9,0.00084806661
1591.0,0.00084987332
1591.1,0.000851683465
1591.2,0.00085349653
1591.3,0.000855312
1591.4,0.00085712939
1591.5,0.000858948285
1591.6,0.00086076848
1591.7,0.00086258949
1591.8,0.00086441069
1591.9,0.000866231725
1592.0,0.000868051975
1592.1,0.00086987087
1592.2,0.000871687985
1592.3,0.000873502755
1592.4,0.000875314535
1592.5,0.000877122985
1592.6,0.000878927285
1592.7,0.000880726925
1592.8,0.000882521115
1592.9,0.000884309335
1593.0,0.00088609084
1593.1,0.00088786492
1593.2,0.00088963093
1593.3,0.000891387905
1593.4,0.0008931352
1593.5,0.00089487205
1593.6,0.00089659816
1593.7,0.00089831325
1593.8,0.000900017275
1593.9,0.000901710445
1594.0,0.00090339306
1594.1,0.00090506541
1594.2,0.000906727705
1594.3,0.000908380265
1594.4,0.00091002345
1594.5,0.00091165768
1594.6,0.000913283295
1594.7,0.00091490032
1594.8,0.00091650922
1594.9,0.00091811022
1595.0,0.000919703405
1595.1,0.000921289095
1595.2,0.00092286727
1595.3,0.00092443805
1595.4,0.00092600148
1595.5,0.00092755762
1595.6,0.000929106565
1595.7,0.000930648245
1595.8,0.000932182375
1595.9,0.00093370895
1596.0,0.000935227855
1596.1,0.000936739075
1596.2,0.00093824237
1596.3,0.0009397374
1596.4,0.000941224055
1596.5,0.00094270223
1596.6,0.000944171585
1596.7,0.000945632025
1596.8,0.00094708302
1596.9,0.00094852452
1597.0,0.00094995621
1597.1,0.00095137783
1597.2,0.00095278937
1597.3,0.000954190455
1597.4,0.000955580945
1597.5,0.000956960685
1597.6,0.000958330045
1597.7,0.000959688705
1597.8,0.000961036685
1597.9,0.00096237416
1598.0,0.00096370098
1598.1,0.000965017405
1598.2,0.00096632356
1598.3,0.000967619255
1598.4,0.000968904745
1598.5,0.00097018008
1598.6,0.00097144542
1598.7,0.000972700665
1598.8,0.000973946055
1598.9,0.000975181565
1599.0,0.00097640734
1599.1,0.00097762334
1599.2,0.00097882965
1599.3,0.00098002648
1599.4,0.000981213755
1599.5,0.000982391505
1599.6,0.00098355981
1599.7,0.00098471881
1599.8,0.000985868485
1599.9,0.000987008755
1600.0,0.00098813978
1600.1,0.00098926174
1600.2,0.000990374145
1600.3,0.00099147762
1600.4,0.00099257191
1600.5,0.00099365714
1600.6,0.000994733295
1600.7,0.000995800805
1600.8,0.00099685934
1600.9,0.000997909235
1601.0,0.00099895029
1601.1,0.00099998266
1601.2,0.00100100642
1601.3,0.001002021575
1601.4,0.00100302803
1601.5,0.0010040256
1601.6,0.001005013915
1601.7,0.001005992965
1601.8,0.001006962395
1601.9,0.00100792186
1602.0,0.00100887108
1602.1,0.001009809705
1602.2,0.001010737445
1602.3,0.001011653695
1602.4,0.00101255794
1602.5,0.001013450035
1602.6,0.001014329415
1602.7,0.001015195615
1602.8,0.00101604811
1602.9,0.00101688634
1603.0,0.00101771019
1603.1,0.001018519165
1603.2,0.001019312935
1603.3,0.00102009148
1603.4,0.001020854755
1603.5,0.00102160307
1603.6,0.0010223368
1603.7,0.00102305628
1603.8,0.0010237624
1603.9,0.00102445591
1604.0,0.00102513784
1604.1,0.00102580899
1604.2,0.0010264702
1604.3,0.001027122535
1604.4,0.001027766885
1604.5,0.00102840414
1604.6,0.001029035215
1604.7,0.00102966095
1604.8,0.001030281845
1604.9,0.00103089841
1605.0,0.00103151144
1605.1,0.001032121285
1605.2,0.00103272833
1605.3,0.00103333249
1605.4,0.001033934135
1605.5,0.00103453332
1605.6,0.00103512969
1605.7,0.00103572347
1605.8,0.001036314505
1605.9,0.0010369026
1606.0,0.00103748745
1606.1,0.001038069085
1606.2,0.001038647245
1606.3,0.0010392221
1606.4,0.001039793465
1606.5,0.001040361505
1606.6,0.001040926465
1606.7,0.001041488665
1606.8,0.00104204835
1606.9,0.001042606015
1607.0,0.00104316201
1607.1,0.001043716425
1607.2,0.00104426992
1607.3,0.00104482273
1607.4,0.0010453754
1607.5,0.00104592881
1607.6,0.001046483485
1607.7,0.00104703974
1607.8,0.001047597995
1607.9,0.00104815876
1608.0,0.00104872262
1608.1,0.001049290185
1608.2,0.00104986215
1608.3,0.001050438925
1608.4,0.001051021085
1608.5,0.001051608925
1608.6,0.0010522029
1608.7,0.001052803175
1608.8,0.00105340992
1608.9,0.001054023285
1609.0,0.00105464344
1609.1,0.001055270315
1609.2,0.0010559039
1609.3,0.00105654416
1609.4,0.00105719079
1609.5,0.00105784399
1609.6,0.001058503265
1609.7,0.001059168675
1609.8,0.0010598401
1609.9,0.00106051732
1610.0,0.00106120021
1610.1,0.00106188893
1610.2,0.00106258338
1610.3,0.00106328369
1610.4,0.00106398983
1610.5,0.00106470211
1610.6,0.00106542079
1610.7,0.00106614584
1610.8,0.00106687772
1610.9,0.001067616685
1611.0,0.00106836293
1611.1,0.001069116785
1611.2,0.00106987836
1611.3,0.00107064804
1611.4,0.001071425755
1611.5,0.001072211985
1611.6,0.001073006565
1611.7,0.00107380952
1611.8,0.00107462089
1611.9,0.00107544048
1612.0,0.001076268145
1612.1,0.001077103565
1612.2,0.001077946625
1612.3,0.00107879694
1612.4,0.00107965432
1612.5,0.00108051814
1612.6,0.001081388125
1612.7,0.00108226373
1612.8,0.001083144525
1612.9,0.00108403017
1613.0,0.00108492009
1613.1,0.001085813775
1613.2,0.001086710995
1613.3,0.001087611065
1613.4,0.001088513705
1613.5,0.0010894182
1613.6,0.001090324215
1613.7,0.00109123106
1613.8,0.001092138345
1613.9,0.001093045615
1614.0,0.00109395236
1614.1,0.00109485788
1614.2,0.0010957617
1614.3,0.001096663705
1614.4,0.00109756324
1614.5,0.00109845973
1614.6,0.00109935271
1614.7,0.00110024187
1614.8,0.001101126765
1614.9,0.001102006965
1615.0,0.00110288237
1615.1,0.0011037522
1615.2,0.001104616395
1615.3,0.001105474815
1615.4,0.00110632715
1615.5,0.00110717337
1615.6,0.001108013405
1615.7,0.00110884731
1615.8,0.001109675055
1615.9,0.001110496995
1616.0,0.001111313095
1616.1,0.001112123835
1616.2,0.00111292926
1616.3,0.00111372972
1616.4,0.001114525415
1616.5,0.00111531657
1616.6,0.001116103785
1616.7,0.00111688703
1616.8,0.00111766651
1616.9,0.00111844283
1617.0,0.00111921581
1617.1,0.00111998612
1617.2,0.001120753745
1617.3,0.00112151916
1617.4,0.001122282745
1617.5,0.001123044675
1617.6,0.00112380527
1617.7,0.001124565045
1617.8,0.00112532411
1617.9,0.00112608268
1618.0,0.0011268408
1618.1,0.00112759845
1618.2,0.001128355395
1618.3,0.001129111425
1618.4,0.001129866285
1618.5,0.00113061974
1618.6,0.00113137129
1618.7,0.00113212021
1618.8,0.00113286575
1618.9,0.00113360686
1619.0,0.001134342805
1619.1,0.001135072555
1619.2,0.001135795695
1619.3,0.00113651165
1619.4,0.001137219905
1619.5,0.00113792063
1619.6,0.00113861405
1619.7,0.001139300185
1619.8,0.00113997941
1619.9,0.00114065187
1620.0,0.0011413174
1620.1,0.00114197632
1620.2,0.00114262857
1620.3,0.001143274245
1620.4,0.00114391372
1620.5,0.001144547375
1620.6,0.001145175765
1620.7,0.001145799145
1620.8,0.00114641786
1620.9,0.001147032395
1621.0,0.00114764276
1621.1,0.001148249245
1621.2,0.001148852365
1621.3,0.00114945274
1621.4,0.001150050565
1621.5,0.00115064632
1621.6,0.001151239995
1621.7,0.00115183189
1621.8,0.00115242249
1621.9,0.00115301194
1622.0,0.001153600375
1622.1,0.00115418813
1622.2,0.001154774985
1622.3,0.001155361295
1622.4,0.00115594726
1622.5,0.00115653298
1622.6,0.00115711855
1622.7,0.001157703785
1622.8,0.00115828894
1622.9,0.00115887417
1623.0,0.00115945933
1623.1,0.001160044565
1623.2,0.0011606299
1623.3,0.00116121532
1623.4,0.001161801015
1623.5,0.00116238694
1623.6,0.00116297352
1623.7,0.001163561
1623.8,0.00116414995
1623.9,0.00116474064
1624.0,0.00116533353
1624.1,0.00116592879
1624.2,0.00116652699
1624.3,0.001167128475
1624.4,0.00116773363
1624.5,0.00116834311
1624.6,0.001168957085
1624.7,0.001169575995
1624.8,0.001170199915
1624.9,0.001170829255
1625.0,0.00117146425
1625.1,0.00117210499
1625.2,0.001172751475
1625.3,0.00117340394
1625.4,0.00117406184
1625.5,0.00117472499
1625.6,0.001175393025
1625.7,0.001176065575
1625.8,0.00117674192
1625.9,0.00117742163
1626.0,0.001178103545
1626.1,0.001178786915
1626.2,0.00117947074
1626.3,0.00118015404
1626.4,0.001180835955
1626.5,0.001181515215
1626.6,0.00118219114
1626.7,0.00118286245
1626.8,0.00118352807
1626.9,0.001184187155
1627.0,0.001184838775
1627.1,0.00118548225
1627.2,0.00118611707
1627.3,0.001186742585
1627.4,0.00118735813
1627.5,0.00118796352
1627.6,0.0011885583
1627.7,0.001189142065
1627.8,0.00118971453
1627.9,0.00119027517
1628.0,0.00119082391
1628.1,0.0011913605
1628.2,0.001191884225
1628.3,0.001192394945
1628.4,0.0011928922
1628.5,0.001193375875
1628.6,0.001193845725
1628.7,0.00119430107
1628.8,0.00119474205
1628.9,0.001195168295
1629.0,0.001195579385
1629.1,0.0011959751
1629.2,0.00119635513
1629.3,0.001196719155
1629.4,0.00119706669
1629.5,0.001197397525
1629.6,0.00119771137
1629.7,0.001198007905
1629.8,0.001198287045
1629.9,0.001198548465
1630.0,0.00119879177
1630.1,0.00119901667
1630.2,0.00119922307
1630.3,0.001199410785
1630.4,0.00119957967
1630.5,0.00119972931
1630.6,0.00119985982
1630.7,0.001199970895
1630.8,0.00120006291
1630.9,0.00120013551
1631.0,0.001200188985
1631.1,0.001200223585
1631.2,0.00120023964
1631.3,0.001200237375
1631.4,0.00120021695
1631.5,0.00120017891
1631.6,0.001200123245
1631.7,0.001200050265
1631.8,0.001199960595
1631.9,0.00119985476
1632.0,0.00119973303
1632.1,0.001199596215
1632.2,0.00119944494
1632.3,0.00119927936
1632.4,0.00119909998
1632.5,0.00119890682
1632.6,0.001198700635
1632.7,0.00119848219
1632.8,0.001198252605
1632.9,0.00119801259
1633.0,0.001197762875
1633.1,0.00119750443
1633.2,0.00119723782
1633.3,0.001196963545
1633.4,0.001196681405
1633.5,0.001196391735
1633.6,0.00119609442
1633.7,0.001195790325
1633.8,0.001195480305
1633.9,0.001195165
1634.0,0.00119484462
1634.1,0.001194519515
1634.2,0.00119419027
1634.3,0.00119385713
1634.4,0.00119352016
1634.5,0.001193178955
1634.6,0.001192833055
1634.7,0.00119248244
1634.8,0.001192126655
1634.9,0.001191765675
1635.0,0.00119139902
1635.1,0.00119102635
1635.2,0.00119064718
1635.3,0.001190261225
1635.4,0.001189867765
1635.5,0.00118946624
1635.6,0.001189055985
1635.7,0.001188636205
1635.8,0.00118820584
1635.9,0.001187764315
1636.0,0.0011873109
1636.1,0.001186844855
1636.2,0.00118636548
1636.3,0.0011858723
1636.4,0.00118536496
1636.5,0.00118484332
1636.6,0.001184307235
1636.7,0.00118375658
1636.8,0.001183191635
1636.9,0.00118261264
1637.0,0.00118201993
1637.1,0.00118141388
1637.2,0.0011807952
1637.3,0.00118016443
1637.4,0.0011795226
1637.5,0.001178870915
1637.6,0.00117821009
1637.7,0.00117754125
1637.8,0.001176865355
1637.9,0.00117618344
1638.0,0.00117549636
1638.1,0.001174804805
1638.2,0.00117410952
1638.3,0.001173410805
1638.4,0.00117270935
1638.5,0.001172005555
1638.6,0.001171300175
1638.7,0.00117059412
1638.8,0.001169887975
1638.9,0.00116918279
1639.0,0.001168478925
1639.1,0.001167776655
1639.2,0.00116707631
1639.3,0.00116637817
1639.4,0.001165682215
1639.5,0.00116498865
1639.6,0.00116429735
1639.7,0.001163608085
1639.8,0.001162920815
1639.9,0.00116223541
1640.0,0.0011615514
1640.1,0.00116086875
1640.2,0.001160187135
1640.3,0.00115950611
1640.4,0.00115882523
1640.5,0.00115814384
1640.6,0.001157461385
1640.7,0.001156777375
1640.8,0.00115609136
1640.9,0.001155402905
1641.0,0.00115471169
1641.1,0.00115401769
1641.2,0.001153320515
1641.3,0.001152620195
1641.4,0.001151916415
1641.5,0.001151208925
1641.6,0.001150497385
1641.7,0.00114978096
1641.8,0.001149059755
1641.9,0.001148332685
1642.0,0.00114759875
1642.1,0.001146857125
1642.2,0.001146107185
1642.3,0.001145348365
1642.4,0.001144580425
1642.5,0.00114380383
1642.6,0.001143018525
1642.7,0.001142225205
1642.8,0.001141423995
1642.9,0.001140615505
1643.0,0.001139799895
1643.1,0.001138977315
1643.2,0.001138148205
1643.3,0.0011373128
1643.4,0.00113647119
1643.5,0.00113562377
1643.6,0.001134770905
1643.7,0.00113391283
1643.8,0.001133050095
1643.9,0.00113218289
1644.0,0.001131311865
1644.1,0.00113043755
1644.2,0.00112956033
1644.3,0.00112868083
1644.4,0.001127799725
1644.5,0.00112691742
1644.6,0.001126034515
1644.7,0.00112515173
1644.8,0.00112426952
1644.9,0.001123388335
1645.0,0.00112250846
1645.1,0.00112163054
1645.2,0.001120754945
1645.3,0.00111988205
1645.4,0.00111901221
1645.5,0.001118145765
1645.6,0.001117282825
1645.7,0.001116423985
1645.8,0.001115569445
1645.9,0.00111471963
1646.0,0.00111387497
1646.1,0.00111303591
1646.2,0.001112202815
1646.3,0.001111376465
1646.4,0.00111055734
1646.5,0.00110974593
1646.6,0.001108942885
1646.7,0.001108148495
1646.8,0.001107363025
1646.9,0.00110658692
1647.0,0.001105820255
1647.1,0.001105063235
1647.2,0.00110431587
1647.3,0.00110357807
1647.4,0.00110284962
1647.5,0.001102130535
1647.6,0.00110142058
1647.7,0.00110071977
1647.8,0.00110002802
1647.9,0.001099345025
1648.0,0.001098669995
1648.1,0.001098002795
1648.2,0.001097342825
1648.3,0.001096689975
1648.4,0.001096043925
1648.5,0.001095404895
1648.6,0.001094772815
1648.7,0.001094147975
1648.8,0.001093530375
1648.9,0.00109291953
1649.0,0.001092315305
1649.1,0.0010917174
1649.2,0.00109112516
1649.3,0.001090538415
1649.4,0.001089956985
1649.5,0.00108938097
1649.6,0.00108881022
1649.7,0.001088244825
1649.8,0.00108768487
1649.9,0.00108713031
1650.0,0.00108658121
1650.1,0.00108603736
1650.2,0.001085498855
1650.3,0.00108496558
1650.4,0.001084437315
1650.5,0.00108391396
1650.6,0.001083395275
1650.7,0.001082880995
1650.8,0.001082370875
1650.9,0.001081864755
1651.0,0.00108136204
1651.1,0.00108086248
1651.2,0.001080365875
1651.3,0.001079872175
1651.4,0.00107938117
1651.5,0.00107889243
1651.6,0.001078405615
1651.7,0.00107792024
1651.8,0.001077436115
1651.9,0.001076952705
1652.0,0.00107646921
1652.1,0.001075984865
1652.2,0.001075499175
1652.3,0.00107501139
1652.4,0.001074520445
1652.5,0.00107402581
1652.6,0.0010735264
1652.7,0.001073021735
1652.8,0.00107251106
1652.9,0.001071993665
1653.0,0.001071469085
1653.1,0.00107093651
1653.2,0.00107039574
1653.3,0.00106984658
1653.4,0.00106928847
1653.5,0.001068721535
1653.6,0.001068145555
1653.7,0.00106756073
1653.8,0.00106696689
1653.9,0.001066363845
1654.0,0.00106575111
1654.1,0.001065128815
1654.2,0.00106449636
1654.3,0.001063853685
1654.4,0.00106320082
1654.5,0.00106253763
1654.6,0.001061864325
1654.7,0.0010611811
1654.8,0.001060487765
1654.9,0.001059784325
1655.0,0.00105907088
1655.1,0.001058347365
1655.2,0.001057613375
1655.3,0.00105686905
1655.4,0.00105611453
1655.5,0.001055349585
1655.6,0.001054574545
1655.7,0.00105378908
1655.8,0.00105299354
1655.9,0.001052187995
1656.0,0.001051372385
1656.1,0.001050546825
1656.2,0.001049711225
1656.3,0.00104886556
1656.4,0.001048009765
1656.5,0.00104714402
1656.6,0.00104626784
1656.7,0.00104538138
1656.8,0.00104448438
1656.9,0.00104357679
1657.0,0.001042658535
1657.1,0.001041729595
1657.2,0.00104078961
1657.3,0.00103983869
1657.4,0.001038876455
1657.5,0.00103790272
1657.6,0.00103691748
1657.7,0.00103592065
1657.8,0.001034911925
1657.9,0.00103389138
1658.0,0.001032858825
1658.1,0.001031814455
1658.2,0.001030757925
1658.3,0.00102968933
1658.4,0.00102860875
1658.5,0.00102751615
1658.6,0.00102641161
1658.7,0.001025295275
1658.8,0.001024166935
1658.9,0.001023026715
1659.0,0.001021874695
1659.1,0.001020711165
1659.2,0.00101953612
1659.3,0.001018349825
1659.4,0.00101715217
1659.5,0.001015943315
1659.6,0.00101472331
1659.7,0.00101349242
1659.8,0.001012250565
1659.9,0.001010997735
1660.0,0.001009734235
1660.1,0.001008459805
1660.2,0.00100717493
1660.3,0.001005879545
1660.4,0.00100457393
1660.5,0.001003257925
1660.6,0.001001932015
1660.7,0.001000596325
1660.8,0.000999251045
1660.9,0.00099789645
1661.0,0.00099653263
1661.1,0.000995159625
1661.2,0.00099377771
1661.3,0.00099238712
1661.4,0.000990988
1661.5,0.000989580365
1661.6,0.000988164475
1661.7,0.000986740415
1661.8,0.000985308385
1661.9,0.000983868385
1662.0,0.00098242077
1662.1,0.00098096532
1662.2,0.000979502345
1662.3,0.000978031875
1662.4,0.00097655401
1662.5,0.000975068925
1662.6,0.000973576615
1662.7,0.00097207733
1662.8,0.000970571035
1662.9,0.00096905794
1663.0,0.00096753802
1663.1,0.000966011625
1663.2,0.00096447887
1663.3,0.00096293996
1663.4,0.00096139506
1663.5,0.000959844355
1663.6,0.00095828804
1663.7,0.000956726395
1663.8,0.00095515952
1663.9,0.00095358772
1664.0,0.000952011105
1664.1,0.000950429885
1664.2,0.000948844385
1664.3,0.00094725476
1664.4,0.000945661265
1664.5,0.000944064085
1664.6,0.00094246345
1664.7,0.000940859475
1664.8,0.000939252335
1664.9,0.000937642565
1665.0,0.00093603014
1665.1,0.000934415295
1665.2,0.00093279817
1665.3,0.000931179075
1665.4,0.000929558135
1665.5,0.000927935365
1665.6,0.00092631106
1665.7,0.00092468531
1665.8,0.000923058385
1665.9,0.0009214302
1666.0,0.00091980093
1666.1,0.00091817071
1666.2,0.000916539695
1666.3,0.00091490798
1666.4,0.000913275755
1666.5,0.00091164295
1666.6,0.000910009875
1666.7,0.00090837648
1666.8,0.00090674282
1666.9,0.000905109245
1667.0,0.000903475875
1667.1,0.00090184263
1667.2,0.00090020971
1667.3,0.00089857717
1667.4,0.00089694534
1667.5,0.000895314005
1667.6,0.00089368343
1667.7,0.00089205384
1667.8,0.00089042517
1667.9,0.00088879734
1668.0,0.00088717038
1668.1,0.000885544515
1668.2,0.00088391963
1668.3,0.0008822955
1668.4,0.000880672275
1668.5,0.00087904978
1668.6,0.000877427865
1668.7,0.000875806365
1668.8,0.000874185205
1668.9,0.00087256408
1669.0,0.00087094296
1669.1,0.000869321445
1669.2,0.00086769922
1669.3,0.000866076095
1669.4,0.00086445168
1669.5,0.00086282571
1669.6,0.0008611977
1669.7,0.000859567375
1669.8,0.00085793422
1669.9,0.000856298005
1670.0,0.00085465828
1670.1,0.000853014785
1670.2,0.000851367095
1670.3,0.000849715095
1670.4,0.000848058465
1670.5,0.00084639717
1670.6,0.000844730745
1670.7,0.00084305944
1670.8,0.000841383
1670.9,0.00083970148
1671.0,0.00083801495
1671.1,0.0008363237
1671.2,0.000834627585
1671.3,0.000832926885
1671.4,0.00083122192
1671.5,0.000829512805
1671.6,0.00082779966
1671.7,0.0008260828
1671.8,0.00082436237
1671.9,0.00082263881
1672.0,0.000820912305
1672.1,0.00081918301
1672.2,0.00081745119
1672.3,0.00081571717
1672.4,0.000813981145
1672.5,0.000812243345
1672.6,0.00081050422
1672.7,0.000808764075
1672.8,0.00080702301
1672.9,0.00080528142
1673.0,0.000803539485
1673.1,0.000801797445
1673.2,0.000800055575
1673.3,0.000798314015
1673.4,0.000796572925
1673.5,0.00079483261
1673.6,0.000793093205
1673.7,0.000791355025
1673.8,0.00078961797
1673.9,0.00078788233
1674.0,0.000786148135
1674.1,0.00078441552
1674.2,0.000782684405
1674.3,0.00078095489
1674.4,0.00077922684
1674.5,0.000777500495
1674.6,0.00077577572
1674.7,0.00077405253
1674.8,0.00077233112
1674.9,0.00077061114
1675.0,0.000768892815
1675.1,0.000767176205
1675.2,0.00076546098
1675.3,0.000763747265
1675.4,0.00076203511
1675.5,0.00076032438
1675.6,0.000758615005
1675.7,0.00075690698
1675.8,0.000755200205
1675.9,0.000753494355
1676.0,0.000751789715
1676.1,0.00075008583
1676.2,0.00074838283
1676.3,0.00074668063
1676.4,0.000744979135
1676.5,0.000743278245
1676.6,0.000741577945
1676.7,0.000739878175
1676.8,0.000738178965
1676.9,0.00073648008
1677.0,0.0007347816
1677.1,0.000733083465
1677.2,0.000731385645
1677.3,0.00072968818
1677.4,0.00072799114
1677.5,0.00072629447
1677.6,0.00072459823
1677.7,0.000722902465
1677.8,0.000721207385
1677.9,0.000719512955
1678.0,0.00071781944
1678.1,0.000716126865
1678.2,0.00071443541
1678.3,0.00071274528
1678.4,0.00071105677
1678.5,0.00070937001
1678.6,0.00070768534
1678.7,0.00070600301
1678.8,0.000704323195
1678.9,0.00070264617
1679.0,0.00070097232
1679.1,0.00069930204
1679.2,0.00069763542
1679.3,0.000695972875
1679.4,0.00069431475
1679.5,0.00069266117
1679.6,0.00069101258
1679.7,0.000689369035
1679.8,0.000687730875
1679.9,0.00068609831
1680.0,0.00068447159
1680.1,0.00068285088
1680.2,0.00068123651
1680.3,0.000679628595
1680.4,0.00067802724
1680.5,0.000676432825
1680.6,0.000674845555
1680.7,0.00067326563
1680.8,0.000671693285
1680.9,0.00067012871
1681.0,0.000668572185
1681.1,0.00066702391
1681.2,0.00066548413
1681.3,0.00066395311
1681.4,0.00066243109
1681.5,0.000660918245
1681.6,0.00065941481
1681.7,0.000657921005
1681.8,0.00065643705
1681.9,0.000654963095
1682.0,0.000653499325
1682.1,0.000652045865
1682.2,0.00065060301
1682.3,0.00064917088
1682.4,0.000647749645
1682.5,0.000646339645
1682.6,0.000644941
1682.7,0.000643553895
1682.8,0.000642178665
1682.9,0.00064081562
1683.0,0.000639464805
1683.1,0.000638126495
1683.2,0.000636800945
1683.3,0.000635488445
1683.4,0.00063418926
1683.5,0.00063290358
1683.6,0.00063163147
1683.7,0.00063037314
1683.8,0.00062912873
1683.9,0.000627898255
1684.0,0.000626681735
1684.1,0.00062547904
1684.2,0.000624290145
1684.3,0.000623114875
1684.4,0.0006219531
1684.5,0.000620804475
1684.6,0.00061966905
1684.7,0.000618546625
1684.8,0.00061743688
1684.9,0.000616339525
1685.0,0.00061525401
1685.1,0.00061417991
1685.2,0.00061311709
1685.3,0.000612065545
1685.4,0.000611024975
1685.5,0.000609994935
1685.6,0.00060897498
1685.7,0.00060796472
1685.8,0.00060696383
1685.9,0.000605972085
1686.0,0.000604989105
1686.1,0.000604014265
1686.2,0.00060304728
1686.3,0.00060208767
1686.4,0.000601135035
1686.5,0.00060018884
1686.6,0.00059924865
1686.7,0.00059831407
1686.8,0.000597384595
1686.9,0.00059645987
1687.0,0.00059553951
1687.1,0.000594623125
1687.2,0.000593710375
1687.3,0.00059280081
1687.4,0.00059189421
1687.5,0.0005909902
1687.6,0.000590088575
1687.7,0.00058918899
1687.8,0.00058829123
1687.9,0.00058739507
1688.0,0.00058650024
1688.1,0.00058560646
1688.2,0.00058471352
1688.3,0.000583821045
1688.4,0.00058292895
1688.5,0.00058203702
1688.6,0.000581145015
1688.7,0.000580252795
1688.8,0.0005793601
1688.9,0.00057846694
1689.0,0.000577573095
1689.1,0.00057667856
1689.2,0.000575783295
1689.3,0.000574887285
1689.4,0.000573990555
1689.5,0.000573093005
1689.6,0.000572194835
1689.7,0.000571296005
1689.8,0.0005703966
1689.9,0.000569496615
1690.0,0.00056859627
1690.1,0.00056769567
1690.2,0.00056679479
1690.3,0.00056589374
1690.4,0.00056499268
1690.5,0.00056409162
1690.6,0.000563190675
1690.7,0.000562289925
1690.8,0.000561389425
1690.9,0.00056048921
1691.0,0.00055958944
1691.1,0.00055869002
1691.2,0.00055779109
1691.3,0.000556892665
1691.4,0.00055599477
1691.5,0.00055509744
1691.6,0.000554200675
1691.7,0.000553304505
1691.8,0.000552408905
1691.9,0.000551513845
1692.0,0.00055061943
1692.1,0.000549725545
1692.2,0.00054883226
1692.3,0.00054793939
1692.4,0.00054704698
1692.5,0.000546155035
1692.6,0.00054526338
1692.7,0.00054437215
1692.8,0.000543481145
1692.9,0.000542590385
1693.0,0.00054169982
1693.1,0.00054080937
1693.2,0.000539918915
1693.3,0.000539028435
1693.4,0.00053813786
1693.5,0.000537247175
1693.6,0.00053635636
1693.7,0.000535465315
1693.8,0.000534573955
1693.9,0.000533682365
1694.0,0.00053279048
1694.1,0.000531898265
1694.2,0.000531005675
1694.3,0.000530112725
1694.4,0.00052921942
1694.5,0.00052832575
1694.6,0.000527431695
1694.7,0.00052653726
1694.8,0.000525642495
1694.9,0.000524747425
1695.0,0.00052385209
1695.1,0.000522956465
1695.2,0.00052206047
1695.3,0.000521164325
1695.4,0.000520267915
1695.5,0.000519371225
1695.6,0.000518474415
1695.7,0.00051757742
1695.8,0.000516680295
1695.9,0.000515783105
1696.0,0.00051488582
1696.1,0.00051398854
1696.2,0.000513091235
1696.3,0.00051219398
1696.4,0.000511296845
1696.5,0.000510399795
1696.6,0.000509502865
1696.7,0.00050860608
1696.8,0.00050770955
1696.9,0.000506813265
1697.0,0.000505917265
1697.1,0.000505021535
1697.2,0.00050412606
1697.3,0.000503231025
1697.4,0.000502336405
1697.5,0.000501442175
1697.6,0.00050054848
1697.7,0.00049965528
1697.8,0.0004987626265
1697.9,0.0004978705905
1698.0,0.00049697922
1698.1,0.000496088525
1698.2,0.000495198519
1698.3,0.0004943092965
1698.4,0.0004934207555
1698.5,0.0004925330965
1698.6,0.000491646353
1698.7,0.0004907605145
1698.8,0.000489875579
1698.9,0.000488991585
1699.0,0.000488108607
1699.1,0.000487226708
1699.2,0.0004863458925
1699.3,0.000485466227
1699.4,0.0004845877275
1699.5,0.0004837104245
1699.6,0.000482834301
1699.7,0.0004819594295
1699.8,0.000481085824
1699.9,0.000480213461
1700.0,0.0004793423405
1700.1,0.000478472572
1700.2,0.000477604115
1700.3,0.000476737019
1700.4,0.0004758711945
1700.5,0.000475006765
1700.6,0.0004741437095
1700.7,0.000473282083
1700.8,0.0004724218045
1700.9,0.0004715628815
1701.0,0.0004707053025
1701.1,0.0004698491105
1701.2,0.0004689942995
1701.3,0.000468140866
1701.4,0.000467288839
1701.5,0.0004664380975
1701.6,0.0004655888125
1701.7,0.000464740841
1701.8,0.0004638942935
1701.9,0.000463049116
1702.0,0.00046220524
1702.1,0.000461362689
1702.2,0.000460521506
1702.3,0.0004596816355
1702.4,0.0004588431055
1702.5,0.00045800589
1702.6,0.0004571699965
1702.7,0.000456335383
1702.8,0.0004555020525
1702.9,0.000454669996
1703.0,0.000453839148
1703.1,0.0004530096435
1703.2,0.000452181324
1703.3,0.0004513541945
1703.4,0.000450528275
1703.5,0.000449703506
1703.6,0.000448879939
1703.7,0.000448057485
1703.8,0.000447236227
1703.9,0.000446416022
1704.0,0.0004455969915
1704.1,0.0004447790785
1704.2,0.000443962221
1704.3,0.000443146487
1704.4,0.0004423318825
1704.5,0.000441518353
1704.6,0.0004407058995
1704.7,0.000439894623
1704.8,0.000439084482
1704.9,0.0004382754465
1705.0,0.00043746759
1705.1,0.000436660865
1705.2,0.0004358553135
1705.3,0.000435050953
1705.4,0.000434247798
1705.5,0.000433445902
1705.6,0.0004326451515
1705.7,0.0004318456825
1705.8,0.0004310474335
1705.9,0.000430250426
1706.0,0.000429454656
1706.1,0.0004286601325
1706.2,0.000427866807
1706.3,0.0004270747055
1706.4,0.0004262838135
1706.5,0.0004254940945
1706.6,0.000424705538
1706.7,0.000423918116
1706.8,0.0004231318095
1706.9,0.00042234661
1707.0,0.0004215624875
1707.1,0.0004207793845
1707.2,0.000419997291
1707.3,0.000419216215
1707.4,0.0004184361215
1707.5,0.000417656965
1707.6,0.0004168787715
1707.7,0.0004161015215
1707.8,0.0004153251815
1707.9,0.0004145496985
1708.0,0.000413775091
1708.1,0.0004130013605
1708.2,0.00041222844
1708.3,0.0004114564165
1708.4,0.000410685191
1708.5,0.0004099147915
1708.6,0.000409145211
1708.7,0.0004083764805
1708.8,0.0004076085815
1708.9,0.000406841527
1709.0,0.0004060753695
1709.1,0.000405310112
1709.2,0.000404545666
1709.3,0.000403782117
1709.4,0.000403019443
1709.5,0.0004022576815
1709.6,0.0004014968195
1709.7,0.0004007368385
1709.8,0.000399977774
1709.9,0.0003992196025
1710.0,0.0003984623535
1710.1,0.0003977060615
1710.2,0.000396950681
1710.3,0.0003961962275
1710.4,0.000395442722
1710.5,0.000394690133
1710.6,0.000393938525
1710.7,0.0003931878415
1710.8,0.000392438134
1710.9,0.000391689342
1711.0,0.000390941548
1711.1,0.000390194712
1711.2,0.0003894488155
1711.3,0.000388703852
1711.4,0.0003879598975
1711.5,0.0003872169035
1711.6,0.0003864748845
1711.7,0.000385733838
1711.8,0.000384993778
1711.9,0.000384254701
1712.0,0.000383516588
1712.1,0.0003827794755
1712.2,0.000382043334
1712.3,0.0003813081965
1712.4,0.0003805740605
1712.5,0.0003798409475
1712.6,0.0003791088495
1712.7,0.0003783777855
1712.8,0.00037764778
1712.9,0.000376918835
1713.0,0.0003761909655
1713.1,0.0003754641695
1713.2,0.000374738429
1713.3,0.0003740138365
1713.4,0.000373290321
1713.5,0.000372567953
1713.6,0.000371846715
1713.7,0.000371126643
1713.8,0.0003704077365
1713.9,0.0003696900405
1714.0,0.00036897357
1714.1,0.000368258346
1714.2,0.0003675443605
1714.3,0.00036683164
1714.4,0.000366120194
1714.5,0.000365410054
1714.6,0.0003647012185
1714.7,0.0003639937075
1714.8,0.0003632875645
1714.9,0.0003625827665
1715.0,0.000361879376
1715.1,0.000361177372
1715.2,0.0003604767705
1715.3,0.000359777555
1715.4,0.000359079813
1715.5,0.0003583834985
1715.6,0.00035768863
1715.7,0.000356995239
1715.8,0.0003563033465
1715.9,0.0003556129105
1716.0,0.0003549239845
1716.1,0.0003542365545
1716.2,0.000353550637
1716.3,0.0003528662485
1716.4,0.0003521833755
1716.5,0.000351501996
1716.6,0.000350822161
1716.7,0.000350143829
1716.8,0.0003494670385
1716.9,0.000348791788
1717.0,0.0003481180705
1717.1,0.0003474458975
1717.2,0.000346775252
1717.3,0.0003461061545
1717.4,0.0003454385845
1717.5,0.0003447725525
1717.6,0.0003441080545
1717.7,0.000343445092
1717.8,0.00034278365
1717.9,0.0003421237095
1718.0,0.0003414653295
1718.1,0.000340808448
1718.2,0.000340153075
1718.3,0.000339499192
1718.4,0.000338846834
1718.5,0.0003381960055
1718.6,0.0003375466545
1718.7,0.0003368987945
1718.8,0.000336252436
1718.9,0.000335607558
1719.0,0.0003349641455
1719.1,0.000334322237
1719.2,0.000333681809
1719.3,0.0003330428485
1719.4,0.000332405402
1719.5,0.000331769446
1719.6,0.000331134984
1719.7,0.000330501968
1719.8,0.00032987044
1719.9,0.000329240421
1720.0,0.0003286118855
1720.1,0.0003279848265
1720.2,0.000327359239
1720.3,0.0003267351355
1720.4,0.000326112568
1720.5,0.0003254914695
1720.6,0.0003248718665
1720.7,0.000324253752
1720.8,0.0003236371665
1720.9,0.0003230220835
1721.0,0.0003224085225
1721.1,0.000321796462
1721.2,0.000321185923
1721.3,0.000320576883
1721.4,0.000319969382
1721.5,0.0003193634105
1721.6,0.0003187589775
1721.7,0.0003181560635
1721.8,0.000317554684
1721.9,0.000316954846
1722.0,0.000316356567
1722.1,0.0003157598225
1722.2,0.0003151646215
1722.3,0.000314570954
1722.4,0.000313978837
1722.5,0.000313388279
1722.6,0.000312799265
1722.7,0.0003122118205
1722.8,0.00031162593
1722.9,0.000311041614
1723.0,0.000310458841
1723.1,0.000309877633
1723.2,0.000309297988
1723.3,0.000308719906
1723.4,0.0003081433875
1723.5,0.0003075684635
1723.6,0.000306995107
1723.7,0.0003064233025
1723.8,0.0003058530745
1723.9,0.000305284434
1724.0,0.000304717356
1724.1,0.000304151869
1724.2,0.0003035879655
1724.3,0.0003030256375
1724.4,0.000302464889
1724.5,0.0003019057075
1724.6,0.0003013481185
1724.7,0.000300792088
1724.8,0.000300237662
1724.9,0.000299684813
1725.0,0.0002991335555
1725.1,0.000298583882
1725.2,0.0002980358095
1725.3,0.0002974893
1725.4,0.000296944387
1725.5,0.0002964010525
1725.6,0.0002958593195
1725.7,0.000295319184
1725.8,0.00029478063
1725.9,0.000294243698
1726.0,0.00029370836
1726.1,0.000293174617
1726.2,0.000292642476
1726.3,0.0002921119335
1726.4,0.0002915829935
1726.5,0.000291055663
1726.6,0.0002905299505
1726.7,0.0002900058415
1726.8,0.0002894833465
1726.9,0.0002889624815
1727.0,0.0002884432325
1727.1,0.0002879255995
1727.2,0.0002874096065
1727.3,0.0002868952435
1727.4,0.000286382506
1727.5,0.000285871409
1727.6,0.000285361937
1727.7,0.0002848541035
1727.8,0.0002843479135
1727.9,0.000283843379
1728.0,0.000283340484
1728.1,0.000282839244
1728.2,0.0002823396635
1728.3,0.0002818417295
1728.4,0.000281345458
1728.5,0.0002808508595
1728.6,0.000280357932
1728.7,0.000279866681
1728.8,0.0002793771165
1728.9,0.000278889219
1729.0,0.000278403007
1729.1,0.000277918464
1729.2,0.0002774356065
1729.3,0.000276954432
1729.4,0.000276474933
1729.5,0.0002759971045
1729.6,0.000275520956
1729.7,0.000275046495
1729.8,0.0002745736895
1729.9,0.000274102546
1730.0,0.000273633069
1730.1,0.0002731652585
1730.2,0.0002726991065
1730.3,0.000272234593
1730.4,0.0002717717225
1730.5,0.000271310509
1730.6,0.000270850914
1730.7,0.000270392952
1730.8,0.0002699366185
1730.9,0.0002694819155
1731.0,0.000269028835
1731.1,0.0002685773775
1731.2,0.0002681275305
1731.3,0.0002676793
1731.4,0.0002672326845
1731.5,0.0002667876775
1731.6,0.000266344282
1731.7,0.0002659024895
1731.8,0.0002654623035
1731.9,0.0002650237225
1732.0,0.0002645867445
1732.1,0.0002641513815
1732.2,0.000263717614
1732.3,0.000263285454
1732.4,0.0002628549205
1732.5,0.0002624259855
1732.6,0.0002619986675
1732.7,0.0002615729585
1732.8,0.000261148869
1732.9,0.0002607263935
1733.0,0.0002603055155
1733.1,0.000259886265
1733.2,0.000259468637
1733.3,0.000259052625
1733.4,0.0002586382305
1733.5,0.000258225447
1733.6,0.000257814288
1733.7,0.0002574047575
1733.8,0.000256996841
1733.9,0.0002565905615
1734.0,0.0002561859165
1734.1,0.0002557828995
1734.2,0.0002553815075
1734.3,0.0002549817365
1734.4,0.000254583621
1734.5,0.0002541871375
1734.6,0.0002537922715
1734.7,0.0002533990515
1734.8,0.000253007458
1734.9,0.000252617504
1735.0,0.000252229203
1735.1,0.000251842534
1735.2,0.000251457507
1735.3,0.000251074123
1735.4,0.0002506923835
1735.5,0.0002503122755
1735.6,0.0002499338355
1735.7,0.000249557036
1735.8,0.00024918189
1735.9,0.000248808383
1736.0,0.00024843653
1736.1,0.0002480663205
1736.2,0.000247697765
1736.3,0.0002473308575
1736.4,0.000246965602
1736.5,0.0002466019895
1736.6,0.000246240027
1736.7,0.000245879723
1736.8,0.000245521065
1736.9,0.0002451640555
1737.0,0.000244808707
1737.1,0.0002444550135
1737.2,0.0002441029805
1737.3,0.0002437525975
1737.4,0.0002434038615
1737.5,0.00024305678
1737.6,0.0002427113555
1737.7,0.0002423675855
1737.8,0.0002420254655
1737.9,0.000241684993
1738.0,0.0002413461725
1738.1,0.000241009004
1738.2,0.0002406734915
1738.3,0.0002403396285
1738.4,0.0002400074065
1738.5,0.000239676841
1738.6,0.0002393479135
1738.7,0.000239020642
1738.8,0.0002386950235
1738.9,0.000238371061
1739.0,0.0002380487425
1739.1,0.00023772808
1739.2,0.0002374090545
1739.3,0.0002370916745
1739.4,0.000236775939
1739.5,0.0002364618455
1739.6,0.0002361493945
1739.7,0.0002358385925
1739.8,0.000235529423
1739.9,0.0002352218875
1740.0,0.000234915988
1740.1,0.0002346117175
1740.2,0.0002343090915
1740.3,0.000234008083
1740.4,0.0002337087175
1740.5,0.0002334109725
1740.6,0.0002331148545
1740.7,0.0002328203805
1740.8,0.000232527506
1740.9,0.000232236268
1741.0,0.000231946653
1741.1,0.0002316586435
1741.2,0.0002313722625
1741.3,0.000231087491
1741.4,0.0002308043405
1741.5,0.0002305227895
1741.6,0.0002302428485
1741.7,0.000229964515
1741.8,0.0002296877875
1741.9,0.000229412667
1742.0,0.0002291391345
1742.1,0.0002288672075
1742.2,0.000228596873
1742.3,0.000228328136
1742.4,0.000228061003
1742.5,0.0002277954385
1742.6,0.0002275314645
1742.7,0.0002272690815
1742.8,0.000227008283
1742.9,0.000226749069
1743.0,0.000226491437
1743.1,0.0002262353855
1743.2,0.000225980898
1743.3,0.0002257279825
1743.4,0.0002254766315
1743.5,0.000225226853
1743.6,0.000224978656
1743.7,0.0002247320195
1743.8,0.000224486932
1743.9,0.0002242434175
1744.0,0.0002240014725
1744.1,0.000223761078
1744.2,0.000223522238
1744.3,0.0002232849595
1744.4,0.000223049224
1744.5,0.000222815043
1744.6,0.00022258242
1744.7,0.0002223513395
1744.8,0.000222121816
1744.9,0.000221893826
1745.0,0.00022166738
1745.1,0.000221442493
1745.2,0.0002212191355
1745.3,0.0002209973265
1745.4,0.000220777057
1745.5,0.0002205583245
1745.6,0.0002203411285
1745.7,0.0002201254755
1745.8,0.0002199113575
1745.9,0.0002196987705
1746.0,0.000219487718
1746.1,0.0002192781985
1746.2,0.000219070216
1746.3,0.0002188637495
1746.4,0.000218658813
1746.5,0.000218455399
1746.6,0.000218253518
1746.7,0.00021805317
1746.8,0.000217854338
1746.9,0.000217657031
1747.0,0.0002174612505
1747.1,0.0002172670085
1747.2,0.000217074299
1747.3,0.0002168831075
1747.4,0.0002166934365
1747.5,0.0002165053015
1747.6,0.000216318694
1747.7,0.000216133627
1747.8,0.000215950088
1747.9,0.000215768066
1748.0,0.0002155875825
1748.1,0.0002154086525
1748.2,0.0002152312465
1748.3,0.000215055382
1748.4,0.0002148810485
1748.5,0.0002147082665
1748.6,0.0002145370195
1748.7,0.000214367331
1748.8,0.000214199194
1748.9,0.000214032606
1749.0,0.000213867569
1749.1,0.0002137040955
1749.2,0.000213542179
1749.3,0.0002133818255
1749.4,0.000213223041
1749.5,0.000213065828
1749.6,0.0002129101955
1749.7,0.000212756143
1749.8,0.000212603679
1749.9,0.0002124527895
1750.0,0.0002123034965
1750.1,0.0002121557965
1750.2,0.0002120097015
1750.3,0.0002118651865
1750.4,0.0002117222905
1750.5,0.000211581007
1750.6,0.0002114413295
1750.7,0.000211303273
1750.8,0.0002111668235
1750.9,0.000211032008
1751.0,0.0002108988275
1751.1,0.0002107672845
1751.2,0.000210637369
1751.3,0.000210509101
1751.4,0.000210382482
1751.5,0.000210257507
1751.6,0.0002101341815
1751.7,0.0002100125035
1751.8,0.0002098924995
1751.9,0.000209774138
1752.0,0.0002096574505
1752.1,0.0002095424295
1752.2,0.0002094290905
1752.3,0.0002093174195
1752.4,0.000209207418
1752.5,0.000209099103
1752.6,0.000208992462
1752.7,0.0002088875155
1752.8,0.000208784257
1752.9,0.0002086826755
1753.0,0.0002085827805
1753.1,0.000208484566
1753.2,0.0002083880605
1753.3,0.0002082932465
1753.4,0.000208200106
1753.5,0.00020810866
1753.6,0.0002080189075
1753.7,0.000207930852
1753.8,0.000207844474
1753.9,0.000207759778
1754.0,0.0002076767815
1754.1,0.000207595478
1754.2,0.000207515865
1754.3,0.0002074379375
1754.4,0.000207361677
1754.5,0.0002072871135
1754.6,0.000207214217
1754.7,0.000207142992
1754.8,0.0002070734485
1754.9,0.0002070055755
1755.0,0.00020693938
1755.1,0.000206874838
1755.2,0.0002068119535
1755.3,0.000206750723
1755.4,0.0002066911465
1755.5,0.000206633219
1755.6,0.00020657693
1755.7,0.000206522284
1755.8,0.000206469271
1755.9,0.000206417878
1756.0,0.000206368107
1756.1,0.0002063199425
1756.2,0.000206273392
1756.3,0.0002062284495
1756.4,0.0002061850995
1756.5,0.0002061433605
1756.6,0.000206103193
1756.7,0.0002060646045
1756.8,0.0002060276015
1756.9,0.00020599215
1757.0,0.0002059582685
1757.1,0.000205925948
1757.2,0.000205895185
1757.3,0.0002058659605
1757.4,0.0002058382725
1757.5,0.0002058121235
1757.6,0.000205787502
1757.7,0.000205764397
1757.8,0.000205742802
1757.9,0.00020572272
1758.0,0.000205704144
1758.1,0.000205687057
1758.2,0.000205671465
1758.3,0.0002056573645
1758.4,0.0002056447235
1758.5,0.0002056335755
1758.6,0.000205623896
1758.7,0.0002056156865
1758.8,0.000205608922
1758.9,0.000205603615
1759.0,0.000205599742
1759.1,0.0002055973255
1759.2,0.0002055963385
1759.3,0.000205596805
1759.4,0.0002055986985
1759.5,0.0002056020135
1759.6,0.0002056067575
1759.7,0.000205612937
1759.8,0.0002056205205
1759.9,0.0002056295405
1760.0,0.0002056399595
1760.1,0.0002056517745
1760.2,0.000205665009
1760.3,0.000205679635
1760.4,0.000205695657
1760.5,0.0002057130885
1760.6,0.000205731908
1760.7,0.000205752132
1760.8,0.000205773766
1760.9,0.000205796777
1761.0,0.000205821197
1761.1,0.0002058470095
1761.2,0.000205874204
1761.3,0.0002059027885
1761.4,0.0002059327635
1761.5,0.0002059641235
1761.6,0.0002059968925
1761.7,0.0002060310565
1761.8,0.000206066593
1761.9,0.000206103536
1762.0,0.000206141855
1762.1,0.0002061815835
1762.2,0.0002062227125
1762.3,0.00020626524
1762.4,0.0002063091775
1762.5,0.000206354519
1762.6,0.0002064012525
1762.7,0.000206449393
1762.8,0.000206498951
1762.9,0.0002065499165
1763.0,0.000206602316
1763.1,0.000206656123
1763.2,0.0002067113715
1763.3,0.000206768038
1763.4,0.000206826133
1763.5,0.000206885656
1763.6,0.000206946608
1763.7,0.000207009001
1763.8,0.000207072825
1763.9,0.000207138091
1764.0,0.0002072048045
1764.1,0.0002072729755
1764.2,0.000207342592
1764.3,0.0002074136795
1764.4,0.0002074862075
1764.5,0.000207560207
1764.6,0.0002076356625
1764.7,0.0002077125825
1764.8,0.0002077909885
1764.9,0.0002078708515
1765.0,0.000207952177
1765.1,0.000208034982
1765.2,0.0002081192755
1765.3,0.000208205035
1765.4,0.000208292276
1765.5,0.000208380998
1765.6,0.00020847119
1765.7,0.000208562865
1765.8,0.0002086560235
1765.9,0.0002087506455
1766.0,0.0002088467645
1766.1,0.000208944349
1766.2,0.00020904341
1766.3,0.000209143937
1766.4,0.0002092459465
1766.5,0.00020934943
1766.6,0.0002094543935
1766.7,0.0002095608085
1766.8,0.0002096686835
1766.9,0.000209778008
1767.0,0.0002098887525
1767.1,0.000210000944
1767.2,0.0002101145695
1767.3,0.0002102296115
1767.4,0.0002103461105
1767.5,0.0002104640015
1767.6,0.000210583308
1767.7,0.00021070402
1767.8,0.000210826126
1767.9,0.000210949609
1768.0,0.0002110744605
1768.1,0.0002112006855
1768.2,0.0002113282515
1768.3,0.000211457166
1768.4,0.0002115874165
1768.5,0.000211718991
1768.6,0.0002118518755
1768.7,0.0002119860475
1768.8,0.000212121518
1768.9,0.000212258244
1769.0,0.000212396254
1769.1,0.0002125355195
1769.2,0.0002126760265
1769.3,0.0002128177725
1769.4,0.000212960707
1769.5,0.000213104865
1769.6,0.0002132502145
1769.7,0.0002133967165
1769.8,0.0002135443835
1769.9,0.0002136931895
1770.0,0.0002138431255
1770.1,0.000213994195
1770.2,0.0002141463625
1770.3,0.0002142996165
1770.4,0.000214453951
1770.5,0.000214609356
1770.6,0.0002147658285
1770.7,0.000214923315
1770.8,0.0002150818505
1770.9,0.0002152413935
1771.0,0.000215401915
1771.1,0.0002155634465
1771.2,0.0002157259605
1771.3,0.000215889432
1771.4,0.0002160538585
1771.5,0.0002162192115
1771.6,0.000216385502
1771.7,0.000216552697
1771.8,0.000216720789
1771.9,0.00021688979
1772.0,0.000217059642
1772.1,0.000217230366
1772.2,0.000217401932
1772.3,0.000217574363
1772.4,0.0002177476155
1772.5,0.0002179216875
1772.6,0.0002180965685
1772.7,0.0002182722555
1772.8,0.000218448731
1772.9,0.0002186259735
1773.0,0.0002188039765
1773.1,0.0002189827505
1773.2,0.000219162284
1773.3,0.000219342543
1773.4,0.0002195235535
1773.5,0.000219705281
1773.6,0.0002198876985
1773.7,0.000220070848
1773.8,0.000220254686
1773.9,0.0002204392315
1774.0,0.0002206244475
1774.1,0.000220810346
1774.2,0.000220996923
1774.3,0.000221184159
1774.4,0.000221372051
1774.5,0.0002215605755
1774.6,0.0002217497575
1774.7,0.0002219395955
1774.8,0.0002221300705
1774.9,0.0002223211735
1775.0,0.0002225129015
1775.1,0.0002227052675
1775.2,0.000222898263
1775.3,0.0002230918665
1775.4,0.0002232860665
1775.5,0.000223480881
1775.6,0.000223676349
1775.7,0.000223872404
1775.8,0.00022406907
1775.9,0.0002242663255
1776.0,0.000224464183
1776.1,0.0002246626655
1776.2,0.0002248617635
1776.3,0.0002250614655
1776.4,0.0002252617805
1776.5,0.000225462696
1776.6,0.000225664252
1776.7,0.0002258664205
1776.8,0.0002260691745
1776.9,0.000226272586
1777.0,0.0002264766085
1777.1,0.0002266812695
1777.2,0.000226886568
1777.3,0.000227092508
1777.4,0.0002272990825
1777.5,0.0002275063035
1777.6,0.000227714199
1777.7,0.000227922731
1777.8,0.0002281319275
1777.9,0.0002283417985
1778.0,0.000228552355
1778.1,0.000228763581
1778.2,0.0002289754935
1778.3,0.000229188122
1778.4,0.00022940144
1778.5,0.0002296154805
1778.6,0.00022983023
1778.7,0.0002300457
1778.8,0.0002302618805
1778.9,0.000230478831
1779.0,0.000230696521
1779.1,0.0002309149615
1779.2,0.0002311341645
1779.3,0.0002313541145
1779.4,0.0002315748575
1779.5,0.000231796376
1779.6,0.000232018674
1779.7,0.000232241776
1779.8,0.000232465635
1779.9,0.00023269035
1780.0,0.000232915855
1780.1,0.0002331421855
1780.2,0.00023336935
1780.3,0.000233597332
1780.4,0.000233826176
1780.5,0.000234055834
1780.6,0.0002342863275
1780.7,0.0002345177005
1780.8,0.0002347499095
1780.9,0.0002349829825
1781.0,0.000235216905
1781.1,0.000235451713
1781.2,0.000235687382
1781.3,0.0002359239385
1781.4,0.0002361613745
1781.5,0.000236399659
1781.6,0.0002366388455
1781.7,0.000236878916
1781.8,0.00023711986
1781.9,0.00023736167
1782.0,0.0002376043615
1782.1,0.0002378479345
1782.2,0.000238092404
1782.3,0.0002383377515
1782.4,0.00023858397
1782.5,0.000238831069
1782.6,0.000239079052
1782.7,0.0002393278965
1782.8,0.0002395776405
1782.9,0.0002398282435
1783.0,0.000240079702
1783.1,0.0002403320065
1783.2,0.0002405851545
1783.3,0.0002408391865
1783.4,0.0002410940735
1783.5,0.000241349792
1783.6,0.000241606351
1783.7,0.000241863731
1783.8,0.000242121936
1783.9,0.0002423809715
1784.0,0.000242640826
1784.1,0.0002429014615
1784.2,0.0002431629095
1784.3,0.000243425123
1784.4,0.0002436881625
1784.5,0.0002439519915
1784.6,0.000244216574
1784.7,0.000244481952
1784.8,0.0002447481135
1784.9,0.0002450150055
1785.0,0.000245282679
1785.1,0.0002455510865
1785.2,0.0002458202635
1785.3,0.0002460901705
1785.4,0.0002463608145
1785.5,0.0002466321885
1785.6,0.000246904306
1785.7,0.0002471771305
1785.8,0.00024745067
1785.9,0.0002477249455
1786.0,0.000247999945
1786.1,0.0002482756695
1786.2,0.0002485520925
1786.3,0.000248829234
1786.4,0.0002491070975
1786.5,0.000249385674
1786.6,0.0002496649555
1786.7,0.000249944971
1786.8,0.000250225691
1786.9,0.000250507122
1787.0,0.000250789292
1787.1,0.000251072194
1787.2,0.0002513558085
1787.3,0.000251640181
1787.4,0.0002519252675
1787.5,0.0002522110575
1787.6,0.000252497626
1787.7,0.0002527849595
1787.8,0.000253073022
1787.9,0.0002533618855
1788.0,0.0002536515195
1788.1,0.000253941919
1788.2,0.0002542331585
1788.3,0.000254525144
1788.4,0.0002548179625
1788.5,0.000255111592
1788.6,0.0002554060645
1788.7,0.0002557013825
1788.8,0.0002559975725
1788.9,0.0002562946345
1789.0,0.0002565925985
1789.1,0.000256891469
1789.2,0.0002571912135
1789.3,0.00025749189
1789.4,0.0002577935315
1789.5,0.0002580961365
1789.6,0.0002583997165
1789.7,0.000258704255
1789.8,0.000259009821
1789.9,0.000259316408
1790.0,0.000259624042
1790.1,0.000259932746
1790.2,0.0002602424855
1790.3,0.00026055332
1790.4,0.0002608652575
1790.5,0.000261178341
1790.6,0.0002614925685
1790.7,0.00026180794
1790.8,0.0002621245175
1790.9,0.000262442301
1791.0,0.0002627612725
1791.1,0.000263081462
1791.2,0.000263402924
1791.3,0.00026372565
1791.4,0.0002640496975
1791.5,0.000264375036
1791.6,0.0002647017135
1791.7,0.0002650296785
1791.8,0.000265358987
1791.9,0.000265689692
1792.0,0.0002660217915
1792.1,0.000266355287
1792.2,0.0002666902315
1792.3,0.0002670266185
1792.4,0.00026736443
1792.5,0.000267703745
1792.6,0.0002680445335
1792.7,0.000268386798
1792.8,0.000268730623
1792.9,0.0002690759345
1793.0,0.000269422812
1793.1,0.0002697712325
1793.2,0.000270121244
1793.3,0.0002704728185
1793.4,0.000270825987
1793.5,0.0002711807795
1793.6,0.0002715371505
1793.7,0.0002718951855
1793.8,0.0002722548455
1793.9,0.000272616151
1794.0,0.000272979122
1794.1,0.0002733437725
1794.2,0.000273710141
1794.3,0.000274078164
1794.4,0.000274447871
1794.5,0.000274819285
1794.6,0.0002751924095
1794.7,0.0002755672715
1794.8,0.0002759438825
1794.9,0.000276322226
1795.0,0.000276702328
1795.1,0.000277084184
1795.2,0.000277467799
1795.3,0.000277853173
1795.4,0.0002782402955
1795.5,0.000278629252
1795.6,0.0002790199515
1795.7,0.0002794124165
1795.8,0.000279806702
1795.9,0.000280202767
1796.0,0.000280600618
1796.1,0.0002810002785
1796.2,0.0002814017405
1796.3,0.000281805015
1796.4,0.000282210077
1796.5,0.0002826169475
1796.6,0.000283025603
1796.7,0.0002834361185
1796.8,0.000283848438
1796.9,0.000284262567
1797.0,0.000284678496
1797.1,0.000285096252
1797.2,0.000285515844
1797.3,0.000285937249
1797.4,0.0002863604475
1797.5,0.000286785459
1797.6,0.0002872122985
1797.7,0.000287640958
1797.8,0.0002880714365
1797.9,0.0002885037375
1798.0,0.0002889378555
1798.1,0.0002893737405
1798.2,0.0002898114735
1798.3,0.000290251013
1798.4,0.00029069238
1798.5,0.0002911355375
1798.6,0.00029158048
1798.7,0.0002920272485
1798.8,0.0002924758465
1798.9,0.000292926232
1799.0,0.0002933784305
1799.1,0.000293832418
1799.2,0.0002942882455
1799.3,0.0002947459005
1799.4,0.000295205341
1799.5,0.0002956665895
1799.6,0.0002961296505
1799.7,0.0002965945595
1799.8,0.000297061285
1799.9,0.00029752977
1800.0,0.0002980001075
1800.1,0.0002984722705
1800.2,0.000298946253
1800.3,0.0002994220605
1800.4,0.000299899671
1800.5,0.0003003791285
1800.6,0.000300860424
1800.7,0.0003013435715
1800.8,0.0003018285515
1800.9,0.0003023153725
1801.0,0.0003028040475
1801.1,0.0003032946015
1801.2,0.000303786991
1801.3,0.0003042812545
1801.4,0.0003047774135
1801.5,0.000305275443
1801.6,0.0003057754115
1801.7,0.000306277235
1801.8,0.000306780973
1801.9,0.0003072866005
1802.0,0.0003077941935
1802.1,0.0003083037145
1802.2,0.000308815172
1802.3,0.0003093285785
1802.4,0.000309843917
1802.5,0.000310361205
1802.6,0.000310880523
1802.7,0.0003114018425
1802.8,0.000311925118
1802.9,0.000312450456
1803.0,0.0003129778085
1803.1,0.0003135071875
1803.2,0.000314038637
1803.3,0.0003145721345
1803.4,0.000315107714
1803.5,0.000315645359
1803.6,0.0003161850945
1803.7,0.000316726942
1803.8,0.000317270924
1803.9,0.00031781706
1804.0,0.0003183653185
1804.1,0.0003189157655
1804.2,0.0003194684345
1804.3,0.0003200232615
1804.4,0.000320580325
1804.5,0.0003211395815
1804.6,0.0003217011415
1804.7,0.0003222649175
1804.8,0.0003228309435
1804.9,0.0003233992545
1805.0,0.000323969916
1805.1,0.0003245429045
1805.2,0.0003251182905
1805.3,0.000325696033
1805.4,0.0003262761195
1805.5,0.000326858632
1805.6,0.0003274436025
1805.7,0.000328031025
1805.8,0.0003286209445
1805.9,0.000329213345
1806.0,0.0003298082695
1806.1,0.00033040577
1806.2,0.0003310058085
1806.3,0.0003316085135
1806.4,0.000332213862
1806.5,0.000332821855
1806.6,0.0003334325805
1806.7,0.0003340459205
1806.8,0.000334662113
1806.9,0.0003352810935
1807.0,0.0003359029285
1807.1,0.000336527642
1807.2,0.000337155246
1807.3,0.0003377857405
1807.4,0.0003384192775
1807.5,0.0003390558545
1807.6,0.000339695524
1807.7,0.000340338261
1807.8,0.000340984175
1807.9,0.0003416332615
1808.0,0.000342285609
1808.1,0.0003429411695
1808.2,0.000343600146
1808.3,0.000344262468
1808.4,0.000344928223
1808.5,0.0003455973885
1808.6,0.000346270078
1808.7,0.000346946297
1808.8,0.0003476261135
1808.9,0.000348309404
1809.0,0.0003489963335
1809.1,0.000349686868
1809.2,0.00035038104
1809.3,0.000351078779
1809.4,0.0003517801405
1809.5,0.0003524852225
1809.6,0.000353193819
1809.7,0.0003539059625
1809.8,0.0003546216265
1809.9,0.000355340669
1810.0,0.0003560631585
1810.1,0.0003567889035
1810.2,0.000357517832
1810.3,0.0003582498695
1810.4,0.0003589847735
1810.5,0.0003597224885
1810.6,0.000360462885
1810.7,0.000361205689
1810.8,0.000361950749
1810.9,0.000362697814
1811.0,0.0003634467155
1811.1,0.000364197232
1811.2,0.000364949198
1811.3,0.0003657022895
1811.4,0.0003664563475
1811.5,0.0003672110645
1811.6,0.000367966336
1811.7,0.000368721842
1811.8,0.000369477401
1811.9,0.0003702328625
1812.0,0.000370988028
1812.1,0.000371742751
1812.2,0.000372496781
1812.3,0.0003732501185
1812.4,0.0003740025495
1812.5,0.000374754032
1812.6,0.0003755044045
1812.7,0.0003762536915
1812.8,0.000377001811
1812.9,0.0003777486065
1813.0,0.0003784942135
1813.1,0.000379238578
1813.2,0.0003799816545
1813.3,0.0003807235775
1813.4,0.000381464267
1813.5,0.000382203762
1813.6,0.0003829422625
1813.7,0.0003836798145
1813.8,0.000384416459
1813.9,0.00038515224
1814.0,0.000385887233
1814.1,0.000386621674
1814.2,0.000387355547
1814.3,0.0003880891275
1814.4,0.0003888223705
1814.5,0.000389555551
1814.6,0.0003902887125
1814.7,0.000391022026
1814.8,0.0003917555665
1814.9,0.000392489615
1815.0,0.000393224245
1815.1,0.000393959626
1815.2,0.0003946960305
1815.3,0.0003954334375
1815.4,0.0003961722095
1815.5,0.0003969124185
1815.6,0.000397654153
1815.7,0.000398397755
1815.8,0.0003991432965
1815.9,0.0003998909655
1816.0,0.0004006408625
1816.1,0.0004013931825
1816.2,0.0004021481575
1816.3,0.00040290583
1816.4,0.0004036664675
1816.5,0.0004044300505
1816.6,0.0004051968155
1816.7,0.0004059668125
1816.8,0.0004067401795
1816.9,0.0004075171065
1817.0,0.000408297569
1817.1,0.0004090818005
1817.2,0.000409869854
1817.3,0.0004106616765
1817.4,0.000411457502
1817.5,0.000412257198
1817.6,0.0004130609415
1817.7,0.000413868707
1817.8,0.0004146805255
1817.9,0.000415496341
1818.0,0.000416316195
1818.1,0.0004171400255
1818.2,0.0004179677705
1818.3,0.0004187994295
1818.4,0.000419634863
1818.5,0.000420474062
1818.6,0.0004213168625
1818.7,0.0004221632085
1818.8,0.0004230130345
1818.9,0.000423866164
1819.0,0.0004247224135
1819.1,0.0004255817095
1819.2,0.0004264438485
1819.3,0.000427308646
1819.4,0.000428175935
1819.5,0.000429045459
1819.6,0.00042991723
1819.7,0.000430790919
1819.8,0.000431666322
1819.9,0.0004325432805
1820.0,0.000433421591
1820.1,0.000434301111
1820.2,0.0004351816085
1820.3,0.0004360628735
1820.4,0.0004369448845
1820.5,0.000437827338
1820.6,0.000438710139
1820.7,0.000439593155
1820.8,0.0004404762205
1820.9,0.000441359313
1821.0,0.000442242269
1821.1,0.000443124998
1821.2,0.0004440074565
1821.3,0.0004448895825
1821.4,0.0004457714525
1821.5,0.0004466528775
1821.6,0.0004475342075
1821.7,0.0004484152535
1821.8,0.0004492961425
1821.9,0.000450177015
1822.0,0.000451058048
1822.1,0.000451939387
1822.2,0.0004528211835
1822.3,0.0004537034875
1822.4,0.00045458671
1822.5,0.000455470978
1822.6,0.000456356656
1822.7,0.0004572438925
1822.8,0.000458132993
1822.9,0.0004590242955
1823.0,0.000459918031
1823.1,0.0004608145855
1823.2,0.000461714264
1823.3,0.0004626173145
1823.4,0.0004635240535
1823.5,0.000464434823
1823.6,0.0004653499615
1823.7,0.0004662697015
1823.8,0.000467194567
1823.9,0.0004681246475
1824.0,0.0004690604085
1824.1,0.000470002017
1824.2,0.0004709498075
1824.3,0.000471904168
1824.4,0.000472865313
1824.5,0.0004738334155
1824.6,0.000474808802
1824.7,0.00047579168
1824.8,0.0004767822885
1824.9,0.000477780761
1825.0,0.0004787873155
1825.1,0.0004798020935
1825.2,0.000480825233
1825.3,0.0004818568185
1825.4,0.0004828972275
1825.5,0.0004839463755
1825.6,0.000485004437
1825.7,0.0004860715095
1825.8,0.000487147769
1825.9,0.0004882334215
1826.0,0.0004893284645
1826.1,0.0004904328475
1826.2,0.0004915468345
1826.3,0.000492670453
1826.4,0.000493803798
1826.5,0.000494946872
1826.6,0.0004960997935
1826.7,0.0004972626535
1826.8,0.000498435349
1826.9,0.0004996179335
1827.0,0.00050081061
1827.1,0.00050201339
1827.2,0.00050322618
1827.3,0.00050444912
1827.4,0.000505682055
1827.5,0.000506924955
1827.6,0.00050817791
1827.7,0.00050944096
1827.8,0.00051071401
1827.9,0.000511996985
1828.0,0.00051328967
1828.1,0.000514592205
1828.2,0.000515904525
1828.3,0.000517226305
1828.4,0.00051855776
1828.5,0.000519898445
1828.6,0.000521248415
1828.7,0.00052260739
1828.8,0.00052397539
1828.9,0.000525352255
1829.0,0.000526737885
1829.1,0.00052813213
1829.2,0.000529534945
1829.3,0.000530946115
1829.4,0.000532365655
1829.5,0.00053379352
1829.6,0.000535229655
1829.7,0.000536674055
1829.8,0.000538126735
1829.9,0.000539587665
1830.0,0.00054105695
1830.1,0.000542534655
1830.2,0.000544020775
1830.3,0.00054551559
1830.4,0.00054701915
1830.5,0.000548531475
1830.6,0.00055005284
1830.7,0.00055158337
1830.8,0.00055312339
1830.9,0.000554673025
1831.0,0.000556232535
1831.1,0.000557802205
1831.2,0.000559382155
1831.3,0.0005609728
1831.4,0.00056257426
1831.5,0.00056418693
1831.6,0.000565810795
1831.7,0.000567446075
1831.8,0.000569092795
1831.9,0.00057075112
1832.0,0.00057242105
1832.1,0.00057410254
1832.2,0.000575795535
1832.3,0.00057749988
1832.4,0.000579215745
1832.5,0.00058094288
1832.6,0.00058268121
1832.7,0.00058443071
1832.8,0.000586191125
1832.9,0.000587962245
1833.0,0.000589744055
1833.1,0.0005915362
1833.2,0.00059333864
1833.3,0.000595150865
1833.4,0.00059697286
1833.5,0.000598804335
1833.6,0.000600644975
1833.7,0.0006024945
1833.8,0.000604352745
1833.9,0.00060621922
1834.0,0.000608093885
1834.1,0.00060997617
1834.2,0.0006118658
1834.3,0.000613762535
1834.4,0.00061566594
1834.5,0.000617575985
1834.6,0.000619492345
1834.7,0.000621414585
1834.8,0.00062334272
1834.9,0.000625276365
1835.0,0.000627215415
1835.1,0.000629159735
1835.2,0.000631109005
1835.3,0.000633063245
1835.4,0.000635022315
1835.5,0.000636986155
1835.6,0.00063895468
1835.7,0.0006409279
1835.8,0.00064290565
1835.9,0.000644887885
1836.0,0.000646874575
1836.1,0.0006488657
1836.2,0.00065086144
1836.3,0.00065286175
1836.4,0.00065486677
1836.5,0.000656876435
1836.6,0.000658891275
1836.7,0.00066091103
1836.8,0.000662935845
1836.9,0.000664965955
1837.0,0.000667001215
1837.1,0.000669041545
1837.2,0.000671086955
1837.3,0.00067313739
1837.4,0.00067519259
1837.5,0.000677252575
1837.6,0.0006793172
1837.7,0.00068138635
1837.8,0.00068345982
1837.9,0.000685537435
1838.0,0.00068761892
1838.1,0.00068970424
1838.2,0.00069179311
1838.3,0.000693885305
1838.4,0.00069598044
1838.5,0.000698078325
1838.6,0.00070017879
1838.7,0.00070228166
1838.8,0.000704386595
1838.9,0.000706493455
1839.0,0.000708602025
1839.1,0.000710712185
1839.2,0.000712823815
1839.3,0.00071493687
1839.4,0.00071705121
1839.5,0.00071916685
1839.6,0.00072128367
1839.7,0.00072340178
1839.8,0.000725521205
1839.9,0.000727641865
1840.0,0.000729763895
1840.1,0.000731887265
1840.2,0.000734012065
1840.3,0.00073613852
1840.4,0.000738266655
1840.5,0.00074039635
1840.6,0.00074252798
1840.7,0.000744661705
1840.8,0.000746797485
1840.9,0.000748935695
1841.0,0.00075107648
1841.1,0.000753219895
1841.2,0.0007553663
1841.3,0.00075751572
1841.4,0.000759668335
1841.5,0.00076182407
1841.6,0.00076398294
1841.7,0.000766145125
1841.8,0.00076831032
1841.9,0.000770478675
1842.0,0.000772650155
1842.1,0.000774824925
1842.2,0.000777003075
1842.3,0.00077918446
1842.4,0.000781369475
1842.5,0.000783557835
1842.6,0.00078574988
1842.7,0.00078794559
1842.8,0.00079014487
1842.9,0.000792347845
1843.0,0.00079455443
1843.1,0.00079676453
1843.2,0.000798978165
1843.3,0.000801195035
1843.4,0.000803415105
1843.5,0.000805638
1843.6,0.000807863325
1843.7,0.000810090825
1843.8,0.00081231992
1843.9,0.00081455014
1844.0,0.000816780945
1844.1,0.000819011945
1844.2,0.0008212424
1844.3,0.000823471965
1844.4,0.00082569969
1844.5,0.000827925155
1844.6,0.00083014756
1844.7,0.00083236627
1844.8,0.00083458069
1844.9,0.000836790065
1845.0,0.00083899394
1845.1,0.000841191545
1845.2,0.000843382655
1845.3,0.00084556645
1845.4,0.00084774285
1845.5,0.000849911205
1845.6,0.000852070535
1845.7,0.00085422037
1845.8,0.000856360315
1845.9,0.000858489875
1846.0,0.00086060917
1846.1,0.00086271844
1846.2,0.000864818005
1846.3,0.00086690799
1846.4,0.00086898855
1846.5,0.000871059705
1846.6,0.00087312172
1846.7,0.000875174755
1846.8,0.000877219645
1846.9,0.00087925656
1847.0,0.00088128655
1847.1,0.00088330999
1847.2,0.00088532743
1847.3,0.00088733895
1847.4,0.000889344845
1847.5,0.000891345365
1847.6,0.000893340995
1847.7,0.0008953324
1847.8,0.00089732012
1847.9,0.00089930449
1848.0,0.00090128621
1848.1,0.000903266095
1848.2,0.00090524475
1848.3,0.000907222625
1848.4,0.00090920059
1848.5,0.000911178995
1848.6,0.00091315821
1848.7,0.00091513877
1848.8,0.000917120895
1848.9,0.00091910488
1849.0,0.00092109041
1849.1,0.00092307731
1849.2,0.000925065485
1849.3,0.000927054715
1849.4,0.00092904443
1849.5,0.00093103458
1849.6,0.000933024655
1849.7,0.000935013995
1849.8,0.000937002085
1849.9,0.000938987835
1850.0,0.00094097049
1850.1,0.000942948975
1850.2,0.00094492265
1850.3,0.000946890425
1850.4,0.00094885133
1850.5,0.00095080448
1850.6,0.000952748785
1850.7,0.000954683295
1850.8,0.00095660701
1850.9,0.000958519015
1851.0,0.00096041805
1851.1,0.00096230323
1851.2,0.00096417414
1851.3,0.000966030265
1851.4,0.000967871175
1851.5,0.000969696435
1851.6,0.000971506155
1851.7,0.000973300985
1851.8,0.000975082595
1851.9,0.0009768519
1852.0,0.000978609375
1852.1,0.00098035521
1852.2,0.00098208969
1852.3,0.000983813905
1852.4,0.00098552885
1852.5,0.000987236065
1852.6,0.00098893737
1852.7,0.000990634275
1852.8,0.00099232853
1852.9,0.00099402185
1853.0,0.00099571566
1853.1,0.000997411215
1853.2,0.00099910986
1853.3,0.001000812675
1853.4,0.00100252062
1853.5,0.001004234955
1853.6,0.001005956535
1853.7,0.00100768627
1853.8,0.001009424905
1853.9,0.001011173155
1854.0,0.001012931765
1854.1,0.00101470138
1854.2,0.001016482685
1854.3,0.001018276175
1854.4,0.001020082605
1854.5,0.00102190251
1854.6,0.00102373612
1854.7,0.00102558412
1854.8,0.001027447125
1854.9,0.001029325325
1855.0,0.00103121897
1855.1,0.0010331279
1855.2,0.00103505224
1855.3,0.00103699138
1855.4,0.001038944875
1855.5,0.001040912205
1855.6,0.001042891975
1855.7,0.00104488375
1855.8,0.001046886265
1855.9,0.001048898685
1856.0,0.00105092013
1856.1,0.00105294996
1856.2,0.00105498747
1856.3,0.0010570319
1856.4,0.00105908239
1856.5,0.00106113773
1856.6,0.00106319703
1856.7,0.00106525942
1856.8,0.001067323725
1856.9,0.001069388955
1857.0,0.001071454045
1857.1,0.00107351785
1857.2,0.00107557965
1857.3,0.00107763901
1857.4,0.001079695
1857.5,0.00108174703
1857.6,0.001083794605
1857.7,0.00108583726
1857.8,0.001087874485
1857.9,0.001089905035
1858.0,0.00109192807
1858.1,0.001093943185
1858.2,0.001095949305
1858.3,0.00109794559
1858.4,0.00109993067
1858.5,0.001101903475
1858.6,0.00110386249
1858.7,0.001105806855
1858.8,0.00110773518
1858.9,0.00110964644
1859.0,0.001111539615
1859.1,0.001113413635
1859.2,0.001115267495
1859.3,0.0011171003
1859.4,0.00111891148
1859.5,0.00112070066
1859.6,0.001122467435
1859.7,0.00112421232
1859.8,0.00112593552
1859.9,0.00112763799
1860.0,0.00112932086
1860.1,0.001130985315
1860.2,0.00113263321
1860.3,0.001134266455
1860.4,0.00113588713
1860.5,0.001137497565
1860.6,0.001139099705
1860.7,0.00114069592
1860.8,0.00114228884
1860.9,0.001143880315
1861.0,0.00114547277
1861.1,0.00114706838
1861.2,0.00114866894
1861.3,0.0011502762
1861.4,0.00115189158
1861.5,0.001153516095
1861.6,0.001155150605
1861.7,0.00115679579
1861.8,0.00115845213
1861.9,0.001160119905
1862.0,0.001161799905
1862.1,0.001163492765
1862.2,0.001165198815
1862.3,0.001166918235
1862.4,0.00116865088
1862.5,0.00117039635
1862.6,0.00117215513
1862.7,0.001173927545
1862.8,0.00117571382
1862.9,0.001177513855
1863.0,0.001179326995
1863.1,0.00118115272
1863.2,0.00118298995
1863.3,0.001184837965
1863.4,0.00118669612
1863.5,0.00118856336
1863.6,0.00119043899
1863.7,0.001192321935
1863.8,0.001194211085
1863.9,0.001196105425
1864.0,0.00119800361
1864.1,0.001199904315
1864.2,0.00120180585
1864.3,0.001203706485
1864.4,0.001205604475
1864.5,0.001207497445
1864.6,0.001209383625
1864.7,0.00121126132
1864.8,0.001213128775
1864.9,0.0012149839
1865.0,0.001216824765
1865.1,0.00121864955
1865.2,0.001220456605
1865.3,0.00122224479
1865.4,0.00122401256
1865.5,0.001225759215
1865.6,0.001227484205
1865.7,0.00122918712
1865.8,0.0012308679
1865.9,0.001232526585
1866.0,0.001234163765
1866.1,0.00123578015
1866.2,0.00123737667
1866.3,0.001238954615
1866.4,0.00124051545
1866.5,0.00124206087
1866.6,0.001243592495
1866.7,0.00124511201
1866.8,0.00124662082
1866.9,0.00124812078
1867.0,0.00124961367
1867.1,0.001251100925
1867.2,0.00125258418
1867.3,0.0012540648
1867.4,0.00125554407
1867.5,0.00125702328
1867.6,0.001258503775
1867.7,0.001259986565
1867.8,0.001261472935
1867.9,0.00126296366
1868.0,0.00126445947
1868.1,0.00126596127
1868.2,0.00126746973
1868.3,0.001268985265
1868.4,0.00127050811
1868.5,0.00127203867
1868.6,0.001273576645
1868.7,0.001275122705
1868.8,0.00127667604
1868.9,0.00127823666
1869.0,0.001279803695
1869.1,0.001281376705
1869.2,0.001282955
1869.3,0.00128453767
1869.4,0.00128612385
1869.5,0.001287713035
1869.6,0.0012893042
1869.7,0.001290896315
1869.8,0.00129248836
1869.9,0.00129407946
1870.0,0.00129566873
1870.1,0.001297255395
1870.2,0.001298838405
1870.3,0.0013004169
1870.4,0.001301990105
1870.5,0.001303557105
1870.6,0.001305116795
1870.7,0.001306668405
1870.8,0.00130821082
1870.9,0.00130974297
1871.0,0.001311263895
1871.1,0.00131277289
1871.2,0.001314268545
1871.3,0.001315750055
1871.4,0.00131721634
1871.5,0.0013186661
1871.6,0.001320098275
1871.7,0.001321511875
1871.8,0.00132290576
1871.9,0.00132427903
1872.0,0.00132563082
1872.1,0.0013269602
1872.2,0.001328266415
1872.3,0.001329548145
1872.4,0.001330804405
1872.5,0.00133203375
1872.6,0.001333234995
1872.7,0.001334406815
1872.8,0.00133554852
1872.9,0.00133665839
1873.0,0.00133773606
1873.1,0.00133878052
1873.2,0.00133979094
1873.3,0.001340766475
1873.4,0.001341706715
1873.5,0.001342611965
1873.6,0.001343483395
1873.7,0.001344322545
1873.8,0.00134513189
1873.9,0.00134591397
1874.0,0.00134667104
1874.1,0.00134740479
1874.2,0.001348117215
1874.3,0.001348809855
1874.4,0.00134948452
1874.5,0.00135014253
1874.6,0.001350785305
1874.7,0.00135141468
1874.8,0.001352031685
1874.9,0.00135263742
1875.0,0.00135323315
1875.1,0.001353819695
1875.2,0.00135439744
1875.3,0.00135496684
1875.4,0.001355528405
1875.5,0.00135608174
1875.6,0.00135662675
1875.7,0.001357163135
1875.8,0.001357690395
1875.9,0.001358208055
1876.0,0.001358715715
1876.1,0.001359212855
1876.2,0.001359698855
1876.3,0.001360173715
1876.4,0.001360637595
1876.5,0.00136109118
1876.6,0.001361535075
1876.7,0.001361970975
1876.8,0.001362399855
1876.9,0.00136282348
1877.0,0.001363242995
1877.1,0.00136365928
1877.2,0.001364072635
1877.3,0.001364483775
1877.4,0.001364893655
1877.5,0.001365302605
1877.6,0.00136571142
1877.7,0.0013661196
1877.8,0.00136652637
1877.9,0.001366930775
1878.0,0.001367331305
1878.1,0.0013677266
1878.2,0.001368114835
1878.3,0.001368494945
1878.4,0.001368865185
1878.5,0.001369224535
1878.6,0.001369571805
1878.7,0.001369905775
1878.8,0.001370225475
1878.9,0.00137052933
1879.0,0.001370816765
1879.1,0.00137108669
1879.2,0.00137133822
1879.3,0.00137157075
1879.4,0.00137178363
1879.5,0.001371976245
1879.6,0.001372147725
1879.7,0.00137229771
1879.8,0.00137242525
1879.9,0.001372530005
1880.0,0.001372611565
1880.1,0.00137266966
1880.2,0.00137270414
1880.3,0.00137271487
1880.4,0.00137270226
1880.5,0.00137266627
1880.6,0.00137260737
1880.7,0.00137252587
1880.8,0.001372422375
1880.9,0.00137229736
1881.0,0.001372151395
1881.1,0.00137198532
1881.2,0.00137180004
1881.3,0.001371596325
1881.4,0.001371374395
1881.5,0.001371135525
1881.6,0.001370880505
1881.7,0.00137060913
1881.8,0.00137032171
1881.9,0.001370017985
1882.0,0.00136969811
1882.1,0.001369361095
1882.2,0.001369007305
1882.3,0.00136863582
1882.4,0.001368246715
1882.5,0.001367839645
1882.6,0.00136741495
1882.7,0.001366972775
1882.8,0.001366513315
1882.9,0.001366037285
1883.0,0.00136554528
1883.1,0.001365037795
1883.2,0.001364515215
1883.3,0.001363978765
1883.4,0.00136342856
1883.5,0.00136286564
1883.6,0.001362290655
1883.7,0.0013617043
1883.8,0.001361107345
1883.9,0.001360500555
1884.0,0.001359884415
1884.1,0.001359259775
1884.2,0.001358627505
1884.3,0.0013579881
1884.4,0.001357342105
1884.5,0.00135668983
1884.6,0.001356032
1884.7,0.001355368805
1884.8,0.001354700675
1884.9,0.001354027835
1885.0,0.001353350745
1885.1,0.001352669145
1885.2,0.00135198311
1885.3,0.001351292565
1885.4,0.00135059793
1885.5,0.001349898965
1885.6,0.001349195495
1885.7,0.001348487815
1885.8,0.001347776155
1885.9,0.001347060625
1886.0,0.001346341475
1886.1,0.00134561916
1886.2,0.001344893895
1886.3,0.001344166085
1886.4,0.00134343633
1886.5,0.00134270516
1886.6,0.001341973295
1886.7,0.0013412413
1886.8,0.00134051003
1886.9,0.00133978001
1887.0,0.001339051975
1887.1,0.001338326615
1887.2,0.00133760463
1887.3,0.001336886635
1887.4,0.00133617332
1887.5,0.00133546533
1887.6,0.00133476303
1887.7,0.001334066975
1887.8,0.00133337743
1887.9,0.00133269494
1888.0,0.00133201979
1888.1,0.00133135228
1888.2,0.00133069252
1888.3,0.0013300408
1888.4,0.001329396925
1888.5,0.00132876121
1888.6,0.001328133315
1888.7,0.00132751344
1888.8,0.001326901045
1888.9,0.001326295975
1889.0,0.001325697735
1889.1,0.00132510598
1889.2,0.001324520295
1889.3,0.00132393997
1889.4,0.001323364785
1889.5,0.001322794155
1889.6,0.00132222764
1889.7,0.001321664385
1889.8,0.001321103875
1889.9,0.00132054543
1890.0,0.001319988445
1890.1,0.00131943236
1890.2,0.00131887661
1890.3,0.00131832072
1890.4,0.001317764565
1890.5,0.00131720748
1890.6,0.00131664938
1890.7,0.001316089575
1890.8,0.001315527815
1890.9,0.00131496375
1891.0,0.00131439703
1891.1,0.001313827285
1891.2,0.00131325437
1891.3,0.00131267804
1891.4,0.00131209783
1891.5,0.001311513405
1891.6,0.00131092435
1891.7,0.00131033036
1891.8,0.00130973132
1891.9,0.001309126515
1892.0,0.00130851596
1892.1,0.001307898845
1892.2,0.00130727513
1892.3,0.001306644275
1892.4,0.00130600546
1892.5,0.0013053583
1892.6,0.001304702125
1892.7,0.00130403617
1892.8,0.00130335999
1892.9,0.001302672845
1893.0,0.00130197451
1893.1,0.00130126469
1893.2,0.00130054305
1893.3,0.00129980951
1893.4,0.00129906412
1893.5,0.00129830683
1893.6,0.001297538095
1893.7,0.001296757865
1893.8,0.001295966455
1893.9,0.001295164075
1894.0,0.001294350675
1894.1,0.00129352675
1894.2,0.001292692815
1894.3,0.00129184955
1894.4,0.00129099741
1894.5,0.001290137505
1894.6,0.00128927022
1894.7,0.00128839645
1894.8,0.00128751649
1894.9,0.00128663065
1895.0,0.001285739175
1895.1,0.001284842315
1895.2,0.00128394
1895.3,0.001283032875
1895.4,0.001282120565
1895.5,0.00128120371
1895.6,0.00128028197
1895.7,0.001279355365
1895.8,0.00127842364
1895.9,0.001277486385
1896.0,0.00127654324
1896.1,0.00127559349
1896.2,0.001274636745
1896.3,0.001273672245
1896.4,0.001272699465
1896.5,0.001271717725
1896.6,0.00127072646
1896.7,0.001269724845
1896.8,0.0012687122
1896.9,0.00126768819
1897.0,0.001266652365
1897.1,0.001265604115
1897.2,0.00126454316
1897.3,0.001263468885
1897.4,0.001262381205
1897.5,0.00126127993
1897.6,0.00126016497
1897.7,0.00125903616
1897.8,0.00125789359
1897.9,0.001256737265
1898.0,0.00125556719
1898.1,0.001254383495
1898.2,0.00125318635
1898.3,0.00125197609
1898.4,0.00125075275
1898.5,0.001249516745
1898.6,0.00124826799
1898.7,0.001247007045
1898.8,0.001245734355
1898.9,0.001244450015
1899.0,0.00124315463
1899.1,0.001241848405
1899.2,0.001240532105
1899.3,0.00123920603
1899.4,0.001237870605
1899.5,0.001236526275
1899.6,0.001235173395
1899.7,0.001233812385
1899.8,0.00123244382
1899.9,0.001231067885
1900.0,0.00122968502
1900.1,0.00122829559
1900.2,0.001226900025
1900.3,0.00122549851
1900.4,0.001224091165
1900.5,0.001222678615
1900.6,0.00122126083
1900.7,0.00121983793
1900.8,0.00121841024
1900.9,0.0012169779
1901.0,0.0012155408
1901.1,0.001214098925
1901.2,0.001212652505
1901.3,0.001211201415
1901.4,0.001209745895
1901.5,0.001208285715
1901.6,0.00120682112
1901.7,0.00120535214
1901.8,0.001203879
1901.9,0.00120240208
1902.0,0.001200921345
1902.1,0.001199437315
1902.2,0.001197950235
1902.3,0.00119646021
1902.4,0.00119496771
1902.5,0.00119347285
1902.6,0.001191975675
1902.7,0.001190476305
1902.8,0.00118897474
1902.9,0.00118747098
1903.0,0.001185965245
1903.1,0.001184457385
1903.2,0.0011829476
1903.3,0.001181435845
1903.4,0.001179922105
1903.5,0.00117840661
1903.6,0.001176889135
1903.7,0.001175369825
1903.8,0.001173848515
1903.9,0.00117232541
1904.0,0.001170800285
1904.1,0.001169273365
1904.2,0.00116774476
1904.3,0.00116621431
1904.4,0.001164682135
1904.5,0.001163148365
1904.6,0.001161612695
1904.7,0.00116007549
1904.8,0.00115853644
1904.9,0.001156996035
1905.0,0.001155454085
1905.1,0.001153910795
1905.2,0.001152366285
1905.3,0.001150820405
1905.4,0.0011492734
1905.5,0.001147725105
1905.6,0.00114617585
1905.7,0.00114462573
1905.8,0.001143074835
1905.9,0.001141523265
1906.0,0.001139971065
1906.1,0.001138418575
1906.2,0.001136865895
1906.3,0.001135313445
1906.4,0.001133761225
1906.5,0.0011322096
1906.6,0.00113065888
1906.7,0.001129109465
1906.8,0.00112756165
1906.9,0.001126015805
1907.0,0.00112447231
1907.1,0.001122931635
1907.2,0.001121394165
1907.3,0.00111986036
1907.4,0.001118330555
1907.5,0.00111680528
1907.6,0.00111528489
1907.7,0.001113769795
1907.8,0.001112260285
1907.9,0.001110756925
1908.0,0.00110925999
1908.1,0.00110776982
1908.2,0.001106286885
1908.3,0.001104811385
1908.4,0.001103343865
1908.5,0.001101884365
1908.6,0.00110043329
1908.7,0.00109899093
1908.8,0.0010975576
1908.9,0.00109613356
1909.0,0.00109471908
1909.1,0.001093314375
1909.2,0.00109191921
1909.3,0.001090534235
1909.4,0.00108915921
1909.5,0.00108779447
1909.6,0.001086440225
1909.7,0.0010850966
1909.8,0.001083763585
1909.9,0.00108244127
1910.0,0.001081129545
1910.1,0.0010798285
1910.2,0.001078538145
1910.3,0.00107725819
1910.4,0.00107598841
1910.5,0.00107472884
1910.6,0.00107347901
1910.7,0.00107223886
1910.8,0.0010710082
1910.9,0.001069787205
1911.0,0.00106857538
1911.1,0.001067372595
1911.2,0.001066178595
1911.3,0.00106499304
1911.4,0.00106381559
1911.5,0.001062645975
1911.6,0.001061483965
1911.7,0.001060329165
1911.8,0.001059181205
1911.9,0.00105803985
1912.0,0.001056904875
1912.1,0.00105577598
1912.2,0.001054652795
1912.3,0.00105353508
1912.4,0.001052422785
1912.5,0.00105131566
1912.6,0.001050213505
1912.7,0.00104911618
1912.8,0.001048023535
1912.9,0.00104693571
1913.0,0.001045852465
1913.1,0.001044773705
1913.2,0.001043699655
1913.3,0.00104263015
1913.4,0.00104156542
1913.5,0.00104050545
1913.6,0.00103945064
1913.7,0.001038401005
1913.8,0.00103735659
1913.9,0.001036317605
1914.0,0.00103528428
1914.1,0.00103425656
1914.2,0.001033234545
1914.3,0.00103221824
1914.4,0.001031207615
1914.5,0.00103020264
1914.6,0.00102920323
1914.7,0.00102820913
1914.8,0.00102722031
1914.9,0.001026236655
1915.0,0.001025258275
1915.1,0.001024284905
1915.2,0.001023316745
1915.3,0.00102235351
1915.4,0.00102139502
1915.5,0.00102044079
1915.6,0.00101949047
1915.7,0.00101854321
1915.8,0.00101759812
1915.9,0.00101665421
1916.0,0.001015711235
1916.1,0.001014769375
1916.2,0.00101382937
1916.3,0.00101289208
1916.4,0.001011957665
1916.5,0.001011025435
1916.6,0.001010094575
1916.7,0.00100916436
1916.8,0.001008234425
1916.9,0.00100730465
1917.0,0.001006375795
1917.1,0.00100544812
1917.2,0.00100452194
1917.3,0.001003597665
1917.4,0.00100267519
1917.5,0.001001754715
1917.6,0.001000836445
1917.7,0.00099992048
1917.8,0.000999006935
1917.9,0.000998095725
1918.0,0.00099718724
1918.1,0.00099628132
1918.2,0.00099537756
1918.3,0.00099447608
1918.4,0.000993576515
1918.5,0.00099267839
1918.6,0.000991781835
1918.7,0.000990886345
1918.8,0.00098999155
1918.9,0.000989096965
1919.0,0.000988202155
1919.1,0.00098730683
1919.2,0.00098641052
1919.3,0.000985512965
1919.4,0.00098461411
1919.5,0.00098371369
1919.6,0.00098281221
1919.7,0.00098190982
1919.8,0.0009810066
1919.9,0.000980102925
1920.0,0.000979199265
1920.1,0.000978296005
1920.2,0.00097739377
1920.3,0.00097649309
1920.4,0.00097559473
1920.5,0.00097469949
1920.6,0.00097380814
1920.7,0.000972921465
1920.8,0.000972040125
1920.9,0.000971164875
1921.0,0.000970296385
1921.1,0.000969435105
1921.2,0.0009685816
1921.3,0.00096773635
1921.4,0.000966899625
1921.5,0.000966071765
1921.6,0.00096525294
1921.7,0.000964443175
1921.8,0.000963642315
1921.9,0.00096285061
1922.0,0.00096206772
1922.1,0.00096129358
1922.2,0.0009605279
1922.3,0.00095977041
1922.4,0.0009590207
1922.5,0.00095827834
1922.6,0.00095754265
1922.7,0.000956813035
1922.8,0.00095608866
1922.9,0.00095536822
1923.0,0.000954650995
1923.1,0.00095393602
1923.2,0.000953222325
1923.3,0.00095250921
1923.4,0.0009517958
1923.5,0.00095108157
1923.6,0.00095036602
1923.7,0.000949648515
1923.8,0.00094892875
1923.9,0.00094820667
1924.0,0.00094748205
1924.1,0.000946755155
1924.2,0.000946026125
1924.3,0.00094529504
1924.4,0.00094456235
1924.5,0.0009438284
1924.6,0.000943093495
1924.7,0.000942357805
1924.8,0.000941621355
1924.9,0.000940884195
1925.0,0.000940146305
1925.1,0.00093940718
1925.2,0.000938666795
1925.3,0.00093792447
1925.4,0.000937179915
1925.5,0.000936432695
1925.6,0.00093568227
1925.7,0.000934928115
1925.8,0.000934169605
1925.9,0.00093340628
1926.0,0.00093263784
1926.1,0.00093186388
1926.2,0.000931084205
1926.3,0.00093029817
1926.4,0.000929505775
1926.5,0.00092870662
1926.6,0.000927900205
1926.7,0.00092708621
1926.8,0.00092626435
1926.9,0.000925433785
1927.0,0.000924594255
1927.1,0.0009237451
1927.2,0.000922885975
1927.3,0.000922016285
1927.4,0.000921135775
1927.5,0.000920243895
1927.6,0.00091934057
1927.7,0.000918425135
1927.8,0.00091749744
1927.9,0.000916556655
1928.0,0.00091560283
1928.1,0.000914635285
1928.2,0.000913653715
1928.3,0.00091265767
1928.4,0.000911647075
1928.5,0.00091062165
1928.6,0.000909581105
1928.7,0.00090852563
1928.8,0.000907454895
1928.9,0.00090636912
1929.0,0.00090526801
1929.1,0.00090415172
1929.2,0.00090302034
1929.3,0.00090187399
1929.4,0.00090071275
1929.5,0.00089953665
1929.6,0.00089834611
1929.7,0.00089714123
1929.8,0.00089592219
1929.9,0.00089468917
1930.0,0.000893442405
1930.1,0.00089218218
1930.2,0.000890908515
1930.3,0.000889621725
1930.4,0.00088832184
1930.5,0.00088700897
1930.6,0.000885683335
1930.7,0.000884344925
1930.8,0.00088299376
1930.9,0.00088162998
1931.0,0.000880253595
1931.1,0.00087886464
1931.2,0.000877463195
1931.3,0.00087604914
1931.4,0.00087462266
1931.5,0.000873183785
1931.6,0.000871732505
1931.7,0.00087026884
1931.8,0.000868792925
1931.9,0.00086730487
1932.0,0.000865804715
1932.1,0.000864292585
1932.2,0.000862768665
1932.3,0.000861233095
1932.4,0.00085968607
1932.5,0.00085812768
1932.6,0.00085655826
1932.7,0.000854977975
1932.8,0.00085338715
1932.9,0.00085178597
1933.0,0.000850174695
1933.1,0.000848553595
1933.2,0.00084692297
1933.3,0.000845283225
1933.4,0.00084363459
1933.5,0.00084197747
1933.6,0.000840312135
1933.7,0.000838638875
1933.8,0.00083695809
1933.9,0.00083526997
1934.0,0.000833575005
1934.1,0.00083187333
1934.2,0.000830165555
1934.3,0.00082845161
1934.4,0.000826731945
1934.5,0.00082500692
1934.6,0.00082327657
1934.7,0.0008215412
1934.8,0.00081980111
1934.9,0.000818056545
1935.0,0.000816307895
1935.1,0.00081455512
1935.2,0.00081279841
1935.3,0.00081103808
1935.4,0.000809274235
1935.5,0.00080750718
1935.6,0.00080573686
1935.7,0.0008039636
1935.8,0.00080218748
1935.9,0.00080040863
1936.0,0.000798627285
1936.1,0.000796843285
1936.2,0.00079505689
1936.3,0.000793268145
1936.4,0.00079147732
1936.5,0.000789684165
1936.6,0.000787889065
1936.7,0.000786091845
1936.8,0.00078429264
1936.9,0.00078249157
1937.0,0.00078068864
1937.1,0.00077888385
1937.2,0.000777077425
1937.3,0.00077526933
1937.4,0.000773459605
1937.5,0.000771648495
1937.6,0.000769836085
1937.7,0.00076802242
1937.8,0.000766207625
1937.9,0.00076439178
1938.0,0.00076257529
1938.1,0.00076075816
1938.2,0.0007589405
1938.3,0.00075712263
1938.4,0.00075530488
1938.5,0.000753487525
1938.6,0.0007516707
1938.7,0.000749854845
1938.8,0.00074804034
1938.9,0.00074622724
1939.0,0.00074441614
1939.1,0.00074260741
1939.2,0.00074080142
1939.3,0.00073899864
1939.4,0.000737199435
1939.5,0.000735404275
1939.6,0.00073361356
1939.7,0.000731827775
1939.8,0.0007300474
1939.9,0.000728272835
1940.0,0.00072650453
1940.1,0.00072474289
1940.2,0.000722988085
1940.3,0.000721240225
1940.4,0.00071949914
1940.5,0.00071776447
1940.6,0.00071603524
1940.7,0.00071430973
1940.8,0.000712585905
1940.9,0.00071086135
1941.0,0.000709133855
1941.1,0.00070740196
1941.2,0.00070566455
1941.3,0.00070392095
1941.4,0.000702171695
1941.5,0.00070041776
1941.6,0.000698659345
1941.7,0.00069689617
1941.8,0.0006951283
1941.9,0.0006933568
1942.0,0.000691583505
1942.1,0.000689809695
1942.2,0.00068803601
1942.3,0.00068626244
1942.4,0.00068448907
1942.5,0.000682716065
1942.6,0.000680944035
1942.7,0.00067917357
1942.8,0.00067740518
1942.9,0.000675639285
1943.0,0.000673876115
1943.1,0.000672115425
1943.2,0.000670357075
1943.3,0.000668600485
1943.4,0.000666845485
1943.5,0.00066509229
1943.6,0.000663341115
1943.7,0.000661591885
1943.8,0.00065984395
1943.9,0.000658096205
1944.0,0.000656348075
1944.1,0.0006545994
1944.2,0.00065285032
1944.3,0.000651100865
1944.4,0.000649350685
1944.5,0.000647599685
1944.6,0.000645847555
1944.7,0.00064409419
1944.8,0.00064233962
1944.9,0.00064058411
1945.0,0.00063882846
1945.1,0.00063707333
1945.2,0.000635319175
1945.3,0.00063356576
1945.4,0.000631812845
1945.5,0.000630060255
1945.6,0.000628308155
1945.7,0.000626556855
1945.8,0.000624806585
1945.9,0.000623057665
1946.0,0.000621310205
1946.1,0.000619564475
1946.2,0.00061782042
1946.3,0.000616078195
1946.4,0.00061433785
1946.5,0.000612599615
1946.6,0.00061086357
1946.7,0.00060913005
1946.8,0.00060739932
1946.9,0.00060567158
1947.0,0.000603947105
1947.1,0.00060222605
1947.2,0.00060050855
1947.3,0.00059879484
1947.4,0.00059708496
1947.5,0.000595378945
1947.6,0.000593676875
1947.7,0.000591978795
1947.8,0.000590284735
1947.9,0.000588594715
1948.0,0.00058690872
1948.1,0.000585226855
1948.2,0.00058354911
1948.3,0.000581875495
