time,ell_w_z075,lambda_w_z075
0.098,0.0239392872,0.150414978
0.203,0.0242700303,0.152493098
0.301,0.0245799688,0.154440499
0.399,0.024892754,0.156405786
0.497,0.0252095733,0.158396421
0.602,0.0255544438,0.160563306
0.7,0.025881929,0.162620956
0.798,0.0262150931,0.164714288
0.903,0.0265784293,0.166997196
1.001,0.0269234029,0.169164729
1.099,0.0272738319,0.17136654
1.197,0.0276294321,0.173600842
1.302,0.0280157672,0.176028257
1.4,0.0283808847,0.178322358
1.498,0.0287498939,0.180640911
1.603,0.0291489508,0.18314826
1.701,0.0295241666,0.18550581
1.799,0.0299013042,0.187875435
1.897,0.0302796049,0.190252368
2.002,0.0306854976,0.192802668
2.1,0.0310644945,0.195183975
2.198,0.0314434711,0.197565155
2.303,0.0318489713,0.200112989
2.401,0.032225973,0.20248176
2.499,0.0326008588,0.204837237
2.597,0.0329737705,0.207180311
2.702,0.0333720538,0.209682798
2.8,0.0337435966,0.21201727
2.898,0.0341151145,0.214351586
3.003,0.0345107419,0.216837387
3.101,0.0348735707,0.219117107
3.199,0.0352282704,0.221345751
3.297,0.0355780715,0.223543616
3.402,0.0359560019,0.225918223
3.5,0.0363206501,0.228209375
3.598,0.0367002536,0.230594494
3.703,0.0371190995,0.233226181
3.801,0.0375168336,0.235725218
3.899,0.0379221395,0.23827183
3.997,0.0383390853,0.240891577
4.102,0.0388020928,0.24380074
4.2,0.0392482894,0.246604275
4.298,0.0397016885,0.249453066
4.403,0.0401857646,0.252494606
4.501,0.0406269894,0.255266903
4.599,0.0410521803,0.257938456
4.697,0.0414609001,0.260506518
4.802,0.0418806224,0.263143711
4.9,0.0422642184,0.265553916
4.998,0.0426656058,0.268075908
5.103,0.0431287089,0.27098567
5.201,0.0435721729,0.273772036
5.299,0.0440103712,0.276525318
5.397,0.0444296566,0.279159766
5.502,0.0448676854,0.281911982
5.6,0.0453118589,0.284702806
5.698,0.045789182,0.287701916
5.803,0.0462755878,0.290758094
5.901,0.046706642,0.293466487
5.999,0.0471682154,0.296366638
6.097,0.0476605757,0.299460229
6.202,0.0481859628,0.302761333
6.3,0.048679604,0.305862973
6.398,0.049165006,0.308912843
6.503,0.049648652,0.311951681
6.601,0.0500909128,0.314730487
6.699,0.0505631087,0.317697382
6.797,0.0510863466,0.320984983
6.902,0.0516693271,0.324647957
7.0,0.0521767304,0.327836066
7.098,0.0526334395,0.330705654
7.203,0.0531074484,0.33368394
7.301,0.053601993,0.336791255
7.399,0.0541268243,0.340088867
7.497,0.0546030692,0.343081202
7.602,0.0550639244,0.345976841
7.7,0.0554650934,0.34849746
7.798,0.0558542925,0.35094287
7.903,0.0563007132,0.353747814
8.001,0.0567574197,0.356617385
8.099,0.0572200637,0.359524263
8.197,0.0576844608,0.362442156
8.302,0.0581655863,0.365465157
8.4,0.0585596146,0.36794091
8.498,0.0588950109,0.370048267
8.603,0.0592332874,0.372173721
8.701,0.0595916112,0.374425136
8.799,0.0599843523,0.376892801
8.897,0.0603512072,0.379197818
9.002,0.0607030711,0.381408645
9.1,0.0610071408,0.383319171
9.198,0.0612806824,0.385037883
9.303,0.061546742,0.386709585
9.401,0.0617927554,0.388255333
9.499,0.0620576643,0.389919805
9.597,0.0623223976,0.391583173
9.702,0.0625747628,0.393168831
9.8,0.0627709789,0.394401692
9.898,0.0629288965,0.395393918
10.003,0.063056569,0.396196108
10.101,0.0631368814,0.396700725
10.199,0.0632050346,0.397128945
10.297,0.0632773103,0.397583067
10.402,0.0633838737,0.398252624
10.5,0.0635094834,0.399041853
10.598,0.0636206514,0.399740342
10.703,0.0636963133,0.40021574
10.801,0.0637613658,0.400624477
10.899,0.063858851,0.401236994
10.997,0.0639726763,0.40195218
11.102,0.0641090335,0.402808938
11.2,0.0642330054,0.403587876
11.298,0.0643077583,0.404057562
11.403,0.0643337683,0.404220987
11.501,0.0643684184,0.404438701
11.599,0.06443496,0.404856794
11.697,0.0645084915,0.405318806
11.802,0.0645918251,0.405842407
11.9,0.0646650117,0.406302252
11.998,0.0647112532,0.406592795
12.103,0.0647218267,0.406659231
12.201,0.0646882001,0.406447948
12.299,0.0645896283,0.405828603
12.397,0.0644526935,0.404968217
12.502,0.0643097212,0.404069895
12.6,0.0641989761,0.403374064
12.698,0.0640795275,0.402623546
12.803,0.0639422363,0.40176092
12.901,0.0638416503,0.401128919
12.999,0.0637492988,0.400548658
13.097,0.063671038,0.400056931
13.202,0.0636381239,0.399850125
13.3,0.0636455913,0.399897044
13.398,0.063661341,0.399996002
13.503,0.0636622739,0.400001864
13.601,0.0636315577,0.399808868
13.699,0.0635620301,0.399372013
13.797,0.0634713891,0.3988025
13.902,0.063386159,0.398266983
14.0,0.0633423336,0.39799162
14.098,0.0633112531,0.397796335
14.203,0.0632445171,0.397377021
14.301,0.0631448755,0.396750954
14.399,0.0630333423,0.39605017
14.497,0.0629355387,0.395435652
14.602,0.0628664305,0.395001432
14.7,0.0628058453,0.394620764
14.798,0.0627254304,0.394115503
14.903,0.0626511287,0.393648651
15.001,0.0626088228,0.393382836
15.099,0.0625825016,0.393217454
15.197,0.0625576114,0.393061065
15.302,0.0625156846,0.392797631
15.4,0.0624656043,0.392482967
15.498,0.0624142027,0.392160001
15.603,0.0623569923,0.391800538
15.701,0.062294918,0.391410513
15.799,0.062220015,0.390939884
15.897,0.062144643,0.390466308
16.002,0.0620882902,0.390112233
16.1,0.0620595689,0.389931771
16.198,0.062044819,0.389839095
16.303,0.0620290972,0.389740312
16.401,0.0619928595,0.389512624
16.499,0.0619294861,0.389114437
16.597,0.0618538302,0.388639077
16.702,0.0617708283,0.388117561
16.8,0.0616988693,0.387665429
16.898,0.061636735,0.387275028
17.003,0.0615774883,0.38690277
17.101,0.0615309632,0.386610444
17.199,0.061488545,0.386343923
17.297,0.0614381538,0.386027306
17.402,0.0613714419,0.385608142
17.5,0.061311361,0.385230643
17.598,0.0612628296,0.384925711
17.703,0.0612167501,0.384636185
17.801,0.0611756255,0.384377791
17.899,0.0611342559,0.384117859
17.997,0.0610833276,0.383797866
18.102,0.0610156801,0.383372825
18.2,0.0609551868,0.382992734
18.298,0.0609137692,0.3827325
18.403,0.0608979964,0.382633396
18.501,0.0609010027,0.382652286
18.599,0.0608974556,0.382629998
18.697,0.0608664489,0.382435178
18.802,0.060801884,0.382029504
18.9,0.0607229521,0.38153356
18.998,0.0606306702,0.380953736
19.103,0.0605184847,0.380248854
19.201,0.0604065532,0.379545567
19.299,0.060299204,0.378871072
19.397,0.0602096614,0.37830846
19.502,0.060140012,0.37787084
19.6,0.0600924704,0.377572127
19.698,0.060050956,0.377311284
19.803,0.0600101088,0.377054634
19.901,0.0599804355,0.376868191
19.999,0.0599637886,0.376763596
20.097,0.0599615516,0.37674954
20.202,0.0599735228,0.376824757
20.3,0.0599950319,0.376959903
20.398,0.060025126,0.377148989
20.503,0.060068533,0.377421724
20.601,0.0601214084,0.37775395
20.699,0.0601852601,0.378155142
20.797,0.0602542226,0.378588446
20.902,0.0603247569,0.379031626
21.0,0.0603829026,0.379396966
21.098,0.0604339161,0.379717494
21.203,0.0604827292,0.380024196
21.301,0.0605239832,0.380283402
21.399,0.0605603519,0.380511913
21.497,0.0605904219,0.380700849
21.602,0.0606171094,0.380868531
21.7,0.0606420662,0.381025339
21.798,0.0606735419,0.381223107
21.903,0.0607202448,0.38151655
22.001,0.060777567,0.381876716
22.099,0.0608458682,0.382305865
22.197,0.0609206568,0.382775776
22.302,0.0610028256,0.383292058
22.4,0.0610797898,0.383775638
22.498,0.0611605561,0.384283107
22.603,0.0612590965,0.384902255
22.701,0.0613681809,0.385587653
22.799,0.0614944744,0.386381178
22.897,0.0616339948,0.387257811
23.002,0.0617918287,0.38824951
23.1,0.0619419616,0.389192823
23.198,0.0620915091,0.390132458
23.303,0.0622488661,0.391121161
23.401,0.0623921236,0.392021275
23.499,0.0625314383,0.392896614
23.597,0.0626656763,0.393740056
23.702,0.0628018416,0.394595609
23.8,0.0629208308,0.395343239
23.898,0.0630332977,0.39604989
24.003,0.0631501265,0.396783947
24.101,0.0632593499,0.397470218
24.199,0.0633708492,0.398170789
24.297,0.0634845955,0.398885477
24.402,0.0636070593,0.39965494
24.5,0.0637198506,0.400363629
24.598,0.0638308616,0.401061132
24.703,0.0639505783,0.401813334
24.801,0.0640666874,0.402542869
24.899,0.0641877656,0.403303626
24.997,0.0643095781,0.404068996
25.102,0.0644328565,0.404843578
25.2,0.0645359037,0.405491042
25.298,0.0646277913,0.406068389
25.403,0.0647193545,0.406643697
25.501,0.0648044158,0.407178153
25.599,0.0648931432,0.407735644
25.697,0.0649873643,0.408327652
25.802,0.0650953415,0.409006093
25.9,0.0652036799,0.409686804
25.998,0.0653206871,0.410421981
26.103,0.0654567729,0.411277034
26.201,0.0655929254,0.412132505
26.299,0.0657343861,0.413021329
26.397,0.0658757517,0.413909555
26.502,0.0660205263,0.414819201
26.6,0.0661446597,0.415599154
26.698,0.0662565458,0.416302155
26.803,0.0663649836,0.41698349
26.901,0.0664597451,0.417578894
26.999,0.0665518485,0.418157597
27.097,0.066642215,0.418725386
27.202,0.0667356637,0.419312542
27.3,0.0668188582,0.419835268
27.398,0.0668999148,0.420344562
27.503,0.0669887093,0.420902474
27.601,0.0670777343,0.421461834
27.699,0.067175825,0.422078156
27.797,0.0672840859,0.42275838
27.902,0.0674096063,0.423547048
28.0,0.0675316533,0.424313892
28.098,0.0676542656,0.425084288
28.203,0.0677837112,0.425897618
28.301,0.0679027076,0.426645295
28.399,0.0680208191,0.427387411
28.497,0.0681381321,0.428124511
28.602,0.0682616925,0.428900863
28.7,0.0683735129,0.429603452
28.798,0.0684812587,0.430280438
28.903,0.0685930147,0.430982622
29.001,0.0686961231,0.431630472
29.099,0.0688006886,0.432287476
29.197,0.0689080756,0.432962208
29.302,0.0690252658,0.433698536
29.4,0.06913376,0.434380225
29.498,0.0692381608,0.435036195
29.603,0.069343144,0.435695823
29.701,0.0694349699,0.436272783
29.799,0.0695235662,0.436829449
29.897,0.0696124966,0.437388216
30.002,0.0697106274,0.43800479
30.1,0.0698043047,0.438593382
30.198,0.0698969404,0.439175429
30.303,0.0699903525,0.439762354
30.401,0.0700682354,0.440251707
30.499,0.0701352037,0.440672482
30.597,0.070191546,0.441026491
30.702,0.0702425319,0.441346844
30.8,0.070284837,0.441612655
30.898,0.0703257213,0.441869539
31.003,0.0703713492,0.442156227
31.101,0.0704174623,0.442445965
31.199,0.0704672244,0.442758629
31.297,0.0705197269,0.443088512
31.402,0.0705775341,0.443451725
31.5,0.0706317603,0.443792439
31.598,0.0706853613,0.444129224
31.703,0.07074108,0.444479315
31.801,0.0707904171,0.444789308
31.899,0.0708363256,0.44507776
31.997,0.0708787118,0.44534408
32.102,0.0709215409,0.445613184
32.2,0.0709615848,0.445864787
32.298,0.0710044517,0.446134128
32.403,0.0710557079,0.44645618
32.501,0.0711090112,0.446791094
32.599,0.0711665771,0.447152792
32.697,0.0712267196,0.447530678
32.802,0.0712923757,0.447943207
32.9,0.0713538159,0.448329248
32.998,0.0714146428,0.448711434
33.103,0.0714783305,0.449111596
33.201,0.0715361598,0.449474948
33.299,0.0715929038,0.449831481
33.397,0.0716492106,0.450185267
33.502,0.0717094312,0.450563644
33.6,0.0717653847,0.450915211
33.698,0.0718203618,0.451260642
33.803,0.0718768682,0.451615682
33.901,0.0719263868,0.451926817
33.999,0.0719727181,0.452217925
34.097,0.0720164683,0.452492816
34.202,0.0720610767,0.452773098
34.3,0.0721006479,0.453021732
34.398,0.0721381004,0.453257053
34.503,0.0721761023,0.453495826
34.601,0.0722102805,0.453710573
34.699,0.0722440925,0.453923021
34.797,0.0722781308,0.454136889
34.902,0.0723146439,0.454366308
35.0,0.0723474215,0.454572256
35.098,0.072376641,0.454755847
35.203,0.0724010292,0.454909083
35.301,0.072415216,0.454998221
35.399,0.0724206607,0.455032431
35.497,0.0724189167,0.455021474
35.602,0.0724127754,0.454982886
35.7,0.0724072835,0.45494838
35.798,0.0724055573,0.454937533
35.903,0.0724100783,0.45496594
36.001,0.0724204939,0.455031383
36.099,0.0724359485,0.455128487
36.197,0.0724551789,0.455249316
36.302,0.0724788603,0.45539811
36.4,0.0725033012,0.455551677
36.498,0.0725297659,0.455717959
36.603,0.0725599256,0.455907458
36.701,0.0725887758,0.45608873
36.799,0.0726167148,0.456264275
36.897,0.0726418706,0.456422334
37.002,0.0726639731,0.456561208
37.1,0.0726794944,0.456658731
37.198,0.0726908603,0.456730145
37.303,0.0727003483,0.45678976
37.401,0.0727085536,0.456841315
37.499,0.0727173248,0.456896427
37.597,0.0727271554,0.456958194
37.702,0.0727389263,0.457032153
37.8,0.0727508844,0.457107288
37.898,0.0727635204,0.457186682
38.003,0.0727775511,0.45727484
38.101,0.0727908539,0.457358424
38.199,0.0728039438,0.45744067
38.297,0.0728161599,0.457517426
38.402,0.072827392,0.457587999
38.5,0.07283552,0.457639069
38.598,0.0728412665,0.457675175
38.703,0.0728453455,0.457700805
38.801,0.0728483203,0.457719496
38.899,0.0728520296,0.457742802
38.997,0.0728583365,0.457782429
39.102,0.0728702801,0.457857473
39.2,0.0728881803,0.457969944
39.298,0.0729137244,0.458130442
39.403,0.0729496528,0.458356187
39.501,0.0729902511,0.458611274
39.599,0.0730361554,0.458899699
39.697,0.07308562,0.459210494
39.802,0.0731405444,0.459555594
39.9,0.0731918597,0.459878017
39.998,0.0732418755,0.460192276
40.103,0.0732931142,0.460514218
40.201,0.0733384858,0.460799296
40.299,0.0733816306,0.461070383
40.397,0.0734227701,0.46132887
40.502,0.0734647437,0.461592598
40.6,0.0735019851,0.461826593
40.698,0.0735375057,0.462049775
40.803,0.0735740871,0.462279623
40.901,0.0736074101,0.462488998
40.999,0.0736404254,0.462696439
41.097,0.0736733799,0.462903498
41.202,0.0737085109,0.463124233
41.3,0.0737406064,0.463325895
41.398,0.073771207,0.463518164
41.503,0.0738014499,0.463708185
41.601,0.0738269905,0.463868662
41.699,0.0738504287,0.464015928
41.797,0.0738729096,0.46415718
41.902,0.0738974787,0.464311552
42.0,0.0739219936,0.464465584
42.098,0.0739485669,0.464632549
42.203,0.0739793901,0.464826217
42.301,0.0740102981,0.465020417
42.399,0.0740434049,0.465228434
42.497,0.0740790679,0.465452511
42.602,0.0741205143,0.465712927
42.7,0.074162279,0.465975342
42.798,0.0742066424,0.466254086
42.903,0.0742562289,0.466565646
43.001,0.0743034069,0.466862074
43.099,0.074350325,0.467156869
43.197,0.0743958529,0.46744293
43.302,0.0744419618,0.467732641
43.4,0.0744818199,0.467983077
43.498,0.074518471,0.468213362
43.603,0.0745546136,0.468440452
43.701,0.0745861713,0.468638736
43.799,0.0746163965,0.468828646
43.897,0.074645888,0.469013946
44.002,0.0746771436,0.469210332
44.1,0.0747063363,0.469393755
44.198,0.0747358915,0.469579456
44.303,0.0747684023,0.469783727
44.401,0.074799939,0.469981877
44.499,0.0748329037,0.470189001
44.597,0.0748673755,0.470405594
44.702,0.0749058585,0.470647389
44.8,0.0749429808,0.470880636
44.898,0.0749809778,0.471119378
45.003,0.0750223211,0.471379146
45.101,0.0750612337,0.471623641
45.199,0.0751003561,0.471869454
45.297,0.0751397943,0.472117251
45.402,0.0751826605,0.472386588
45.5,0.0752233783,0.472642425
45.598,0.0752646185,0.472901545
45.703,0.0753088855,0.473179683
45.801,0.0753497453,0.473436412
45.899,0.0753898353,0.473688306
45.997,0.0754291424,0.473935279
46.102,0.0754707122,0.47419647
46.2,0.0755095054,0.474440215
46.298,0.0755488003,0.474687112
46.403,0.0755918319,0.474957487
46.501,0.0756329319,0.475215726
46.599,0.0756748026,0.475478808
46.697,0.0757173092,0.475745885
46.802,0.0757635897,0.476036673
46.9,0.0758076862,0.47631374
46.998,0.0758529094,0.476597886
47.103,0.0759028302,0.476911547
47.201,0.0759509551,0.477213925
47.299,0.0760008106,0.477527177
47.397,0.076052825,0.477853993
47.502,0.0761115609,0.478223041
47.6,0.0761696301,0.478587901
47.698,0.0762308895,0.478972805
47.803,0.0762995633,0.479404295
47.901,0.0763655702,0.479819029
47.999,0.0764322624,0.480238068
48.097,0.0764984519,0.480653949
48.202,0.0765676108,0.481088487
48.3,0.0766296594,0.48147835
48.398,0.0766887621,0.481849703
48.503,0.0767485556,0.482225397
48.601,0.0768011176,0.482555654
48.699,0.0768508967,0.482868425
48.797,0.0768985475,0.483167824
48.902,0.0769482966,0.483480407
49.0,0.0769946378,0.483771577
49.098,0.0770418794,0.484068405
49.203,0.0770941921,0.484397095
49.301,0.0771447096,0.484714506
49.399,0.0771964214,0.485039421
49.497,0.0772484933,0.485366598
49.602,0.0773035459,0.485712504
49.7,0.0773533007,0.486025122
49.798,0.0774009486,0.486324503
49.903,0.0774495849,0.486630094
50.001,0.077493005,0.48690291
50.099,0.0775348801,0.48716602
50.197,0.0775754277,0.487420788
50.302,0.077617403,0.487684526
50.4,0.0776550759,0.487921232
50.498,0.0776911966,0.488148185
50.603,0.077728236,0.488380911
50.701,0.0777614802,0.48858979
50.799,0.0777937355,0.488792456
50.897,0.0778252549,0.488990498
51.002,0.0778584262,0.489198919
51.1,0.0778890134,0.489391105
51.198,0.0779194629,0.489582425
51.303,0.0779522258,0.48978828
51.401,0.0779831531,0.489982602
51.499,0.0780144629,0.490179327
51.597,0.078045966,0.490377267
51.702,0.0780794801,0.490587842
51.8,0.0781100005,0.490779608
51.898,0.0781392982,0.49096369
52.003,0.0781689542,0.491150025
52.101,0.0781948935,0.491313006
52.199,0.0782192864,0.491466271
52.297,0.0782424725,0.491611954
52.402,0.0782664847,0.491762827
52.5,0.0782885625,0.491901546
52.598,0.0783106054,0.492040046
52.703,0.0783343386,0.492189165
52.801,0.0783566776,0.492329526
52.899,0.078379326,0.492471829
52.997,0.0784025432,0.492617708
53.102,0.0784285439,0.492781075
53.2,0.0784544817,0.492944047
53.298,0.0784827116,0.493121421
53.403,0.078516203,0.493331853
53.501,0.0785509426,0.493550128
53.599,0.0785891625,0.493790271
53.697,0.0786306199,0.494050756
53.802,0.0786779735,0.494348287
53.9,0.078724025,0.494637637
53.998,0.0787708609,0.494931916
54.103,0.0788207663,0.49524548
54.201,0.0788661402,0.495530574
54.299,0.0789096871,0.495804186
54.397,0.0789511009,0.496064397
54.502,0.0789932051,0.496328946
54.6,0.0790308714,0.49656561
54.698,0.0790676981,0.496796999
54.803,0.0791071439,0.497044844
54.901,0.0791447165,0.49728092
54.999,0.0791835394,0.497524851
55.097,0.0792238554,0.497778165
55.202,0.0792687121,0.498060007
55.3,0.079311967,0.498331786
55.398,0.07935636,0.498610715
55.503,0.0794050252,0.498916488
55.601,0.0794514452,0.499208153
55.699,0.0794989199,0.499506445
55.797,0.0795475879,0.499812236
55.902,0.0796011519,0.500148788
56.0,0.0796523913,0.500470735
56.098,0.0797045484,0.500798448
56.203,0.0797609402,0.501152767
56.301,0.0798135122,0.501483087
56.399,0.0798655827,0.501810256
56.497,0.0799168757,0.502132539
56.602,0.0799708426,0.502471623
56.7,0.0800202927,0.502782328
56.798,0.0800689462,0.503088026
56.903,0.0801204219,0.503411458
57.001,0.0801682974,0.503712268
57.099,0.0802167191,0.504016511
57.197,0.0802665734,0.504329755
57.302,0.0803225013,0.50468116
57.4,0.0803774793,0.505026597
57.498,0.0804349601,0.50538776
57.603,0.0804985626,0.505787386
57.701,0.0805589265,0.506166663
57.799,0.0806196237,0.506548035
57.897,0.0806804861,0.506930445
58.002,0.0807462216,0.507343473
58.1,0.0808087035,0.507736059
58.198,0.0808729274,0.508139589
58.303,0.0809441517,0.508587105
58.401,0.0810129695,0.5090195
58.499,0.0810838063,0.50946458
58.597,0.0811562106,0.50991951
58.702,0.0812349261,0.510414094
58.8,0.0813089219,0.510879024
58.898,0.0813830068,0.511344513
59.003,0.0814621867,0.511842015
59.101,0.0815358314,0.512304738
59.199,0.0816093688,0.512766787
59.297,0.0816831043,0.513230081
59.402,0.081762764,0.513730597
59.5,0.0818380946,0.514203913
59.598,0.0819145565,0.514684338
59.703,0.0819976467,0.515206409
59.801,0.0820759073,0.515698135
59.899,0.0821542473,0.516190359
59.997,0.0822319479,0.516678567
60.102,0.0823136644,0.517192007
60.2,0.0823878277,0.517657988
60.298,0.082459458,0.518108055
60.403,0.0825330338,0.518570345
60.501,0.0825985993,0.518982306
60.599,0.082661211,0.519375706
60.697,0.0827210824,0.51975189
60.802,0.0827826032,0.520138436
60.9,0.0828380649,0.520486912
60.998,0.082892157,0.520826783
61.103,0.08294914,0.521184818
61.201,0.0830018296,0.521515876
61.299,0.0830542888,0.521845487
61.397,0.083106584,0.522174068
61.502,0.0831623117,0.522524215
61.6,0.0832137874,0.522847646
61.698,0.0832644386,0.523165897
61.803,0.0833174696,0.523499101
61.901,0.0833655766,0.523801366
61.999,0.0834122108,0.524094377
62.097,0.0834573422,0.524377946
62.202,0.0835041018,0.524671745
62.3,0.0835464294,0.524937698
62.398,0.0835877698,0.525197447
62.503,0.0836313953,0.525471554
62.601,0.0836719489,0.52572636
62.699,0.0837127607,0.525982788
62.797,0.0837541071,0.526242575
62.902,0.0837990841,0.526525174
63.0,0.08384155,0.526791995
63.098,0.0838842067,0.527060015
63.203,0.083929813,0.527346568
63.301,0.0839721474,0.527612563
63.399,0.0840143403,0.527877669
63.497,0.0840566428,0.528143463
63.602,0.0841024093,0.528431022
63.7,0.0841456727,0.528702854
63.798,0.0841892953,0.528976943
63.903,0.0842358734,0.529269602
64.001,0.0842784512,0.529537127
64.099,0.0843194253,0.529794574
64.197,0.0843582389,0.530038447
64.302,0.0843971369,0.53028285
64.4,0.0844310277,0.530495793
64.498,0.0844629902,0.530696619
64.603,0.0844957752,0.530902613
64.701,0.0845257335,0.531090847
64.799,0.0845557529,0.531279464
64.897,0.0845864198,0.53147215
65.002,0.0846205546,0.531686626
65.1,0.0846540455,0.531897055
65.198,0.0846894837,0.53211972
65.303,0.0847299838,0.53237419
65.401,0.0847704576,0.532628494
65.499,0.0848137679,0.53290062
65.597,0.0848600952,0.533191703
65.702,0.0849131784,0.533525235
65.8,0.0849659087,0.533856549
65.898,0.0850215596,0.534206214
66.003,0.0850841191,0.534599287
66.101,0.0851448519,0.534980882
66.199,0.085207392,0.535373833
66.297,0.0852712524,0.53577508
66.402,0.0853405728,0.536210633
66.5,0.0854056002,0.536619212
66.598,0.0854704939,0.537026951
66.703,0.085539453,0.537460234
66.801,0.0856029787,0.537859378
66.899,0.0856655042,0.538252238
66.997,0.0857269424,0.538638265
67.102,0.0857915624,0.539044285
67.2,0.0858508164,0.539416588
67.298,0.0859091442,0.539783073
67.403,0.085970703,0.540169858
67.501,0.0860273294,0.540525652
67.599,0.0860831672,0.540876491
67.697,0.086138228,0.541222448
67.802,0.0861964269,0.541588123
67.9,0.0862501585,0.541925729
67.998,0.0863035606,0.542261264
68.103,0.0863607269,0.54262045
68.201,0.0864142991,0.542957054
68.299,0.0864682199,0.543295849
68.397,0.0865224521,0.5436366
68.502,0.0865806889,0.544002513
68.6,0.0866348884,0.544343058
68.698,0.0866887111,0.544681236
68.803,0.0867458611,0.54504032
68.901,0.0867988013,0.545372953
68.999,0.0868515584,0.545704435
69.097,0.086904362,0.54603621
69.202,0.0869611697,0.546393144
69.3,0.0870144414,0.54672786
69.398,0.0870678784,0.547063614
69.503,0.0871252004,0.547423779
69.601,0.0871787258,0.547760089
69.699,0.0872323727,0.548097163
69.797,0.0872863376,0.548436234
69.902,0.0873447214,0.54880307
70.0,0.0873997967,0.549149118
70.098,0.0874552673,0.549497651
70.203,0.0875147089,0.549871133
70.301,0.0875696571,0.550216383
70.399,0.0876235542,0.550555029
70.497,0.0876759428,0.550884196
70.602,0.087730003,0.551223866
70.7,0.0877782654,0.551527108
70.798,0.0878242336,0.551815934
70.903,0.0878708125,0.552108598
71.001,0.0879117372,0.552365736
71.099,0.0879502251,0.552607562
71.197,0.0879863701,0.552834668
71.302,0.0880226989,0.553062928
71.4,0.0880546062,0.553263408
71.498,0.0880848214,0.553453256
71.603,0.0881155816,0.553646528
71.701,0.0881430528,0.553819135
71.799,0.0881696451,0.553986218
71.897,0.0881957557,0.554150276
72.002,0.0882237399,0.554326106
72.1,0.0882504071,0.554493661
72.198,0.0882780835,0.554667557
72.303,0.0883092658,0.554863481
72.401,0.0883400185,0.555056706
72.499,0.0883724173,0.555260274
72.597,0.0884063826,0.555473684
72.702,0.0884443421,0.555712191
72.8,0.0884810766,0.555943
72.898,0.0885189653,0.556181062
73.003,0.0885607985,0.556443908
73.101,0.0886009926,0.556696455
73.199,0.0886422789,0.556955864
73.297,0.0886845983,0.557221765
73.402,0.0887309941,0.557513279
73.5,0.0887752259,0.557791195
73.598,0.0888203821,0.55807492
73.703,0.0888699423,0.558386316
73.801,0.0889175307,0.558685322
73.899,0.0889666612,0.558994019
73.997,0.0890175481,0.55931375
74.102,0.0890741577,0.559669439
74.2,0.089128927,0.560013565
74.298,0.0891854032,0.560368415
74.403,0.0892474825,0.560758471
74.501,0.0893064969,0.561129269
74.599,0.0893661493,0.561504076
74.697,0.0894260862,0.561880671
74.802,0.0894903144,0.562284229
74.9,0.08955009,0.56265981
74.998,0.0896096089,0.563033778
75.103,0.0896730514,0.563432399
75.201,0.0897319306,0.563802348
75.299,0.0897904566,0.564170078
75.397,0.0898485994,0.5645354
75.502,0.0899104396,0.564923953
75.6,0.0899677341,0.565283945
75.698,0.0900246649,0.565641652
75.803,0.0900853135,0.566022718
75.901,0.0901416172,0.566376485
75.999,0.0901975836,0.566728132
76.097,0.0902530907,0.567076893
76.202,0.0903118529,0.567446107
76.3,0.0903658579,0.56778543
76.398,0.0904189548,0.568119048
76.503,0.0904748724,0.568470389
76.601,0.0905263228,0.568793662
76.699,0.0905773148,0.569114053
76.797,0.0906281202,0.569433273
76.902,0.0906826016,0.56977559
77.0,0.0907336319,0.570096223
77.098,0.0907848515,0.570418045
77.203,0.0908398574,0.570763657
77.301,0.0908912103,0.571086317
77.399,0.0909425126,0.571408659
77.497,0.090993786,0.571730819
77.602,0.091048794,0.572076445
77.7,0.0911003352,0.572400288
77.798,0.0911521559,0.572725887
77.903,0.0912079693,0.573076573
78.001,0.0912601747,0.573404589
78.099,0.0913122186,0.57373159
78.197,0.0913637586,0.574055425
78.302,0.0914180217,0.57439637
78.4,0.0914674562,0.574706977
78.498,0.0915155211,0.575008977
78.603,0.0915654438,0.575322651
78.701,0.0916106835,0.575606901
78.799,0.0916548874,0.575884642
78.897,0.091698438,0.576158278
79.002,0.0917448772,0.576450065
79.1,0.0917884797,0.576724027
79.198,0.0918327191,0.577001991
79.303,0.0918811433,0.57730625
79.401,0.0919274642,0.577597292
79.499,0.0919749119,0.577895415
79.597,0.0920234232,0.578200221
79.702,0.092076414,0.578533172
79.8,0.0921266036,0.578848522
79.898,0.0921772526,0.579166759
80.003,0.0922317136,0.579508948
80.101,0.0922823842,0.579827321
80.199,0.0923325236,0.580142356
80.297,0.0923817084,0.580451393
80.402,0.0924328259,0.580772573
80.5,0.0924785825,0.581060071
80.598,0.092522056,0.581333223
80.703,0.0925657974,0.581608058
80.801,0.0926038595,0.581847209
80.899,0.0926393283,0.582070066
80.997,0.0926724461,0.582278152
81.102,0.0927057734,0.582487553
81.2,0.0927354054,0.582673737
81.298,0.0927641915,0.582854605
81.403,0.0927947063,0.583046335
81.501,0.0928233388,0.583226238
81.599,0.0928523808,0.583408715
81.697,0.0928818712,0.583594008
81.802,0.09291376,0.583794371
81.9,0.0929434259,0.583980768
81.998,0.0929725461,0.584163736
82.103,0.0930026296,0.584352756
82.201,0.093029267,0.584520124
82.299,0.0930542564,0.584677137
82.397,0.0930775071,0.584823225
82.502,0.0931005755,0.584968168
82.6,0.0931206291,0.585094168
82.698,0.0931396012,0.585213374
82.803,0.0931591764,0.585336368
82.901,0.0931771632,0.585449383
82.999,0.0931952237,0.585562861
83.097,0.0932136,0.585678322
83.202,0.0932337677,0.58580504
83.3,0.0932530377,0.585926116
83.398,0.093272639,0.586049275
83.503,0.0932938337,0.586182445
83.601,0.0933136304,0.586306831
83.699,0.0933333306,0.586430612
83.797,0.0933529002,0.586553571
83.902,0.0933737734,0.586684721
84.0,0.0933932646,0.586807188
84.098,0.0934128652,0.586930342
84.203,0.0934340524,0.587063465
84.301,0.0934540008,0.587188805
84.399,0.0934740533,0.587314798
84.497,0.0934941245,0.587440909
84.602,0.0935155726,0.587575672
84.7,0.093535539,0.587701124
84.798,0.0935555435,0.587826816
84.903,0.0935772062,0.587962927
85.001,0.0935978648,0.588092729
85.099,0.0936191736,0.588226616
85.197,0.0936413229,0.588365784
85.302,0.0936661431,0.588521734
85.4,0.0936904166,0.588674249
85.498,0.0937157898,0.588833674
85.603,0.0937441803,0.589012056
85.701,0.0937717419,0.589185231
85.799,0.0938002323,0.589364242
85.897,0.0938295011,0.589548143
86.002,0.0938615073,0.589749244
86.1,0.0938917423,0.589939216
86.198,0.0939220513,0.590129652
86.303,0.0939542593,0.590332022
86.401,0.0939837076,0.590517051
86.499,0.094012178,0.590695936
86.597,0.0940392833,0.590866243
86.702,0.0940664093,0.591036681
86.8,0.0940896324,0.591182596
86.898,0.0941106475,0.591314638
87.003,0.0941306641,0.591440406
87.101,0.0941471349,0.591543895
87.199,0.0941617386,0.591635652
87.297,0.0941748328,0.591717926
87.402,0.0941876338,0.591798357
87.5,0.0941987895,0.59186845
87.598,0.0942094157,0.591935217
87.703,0.0942203419,0.592003868
87.801,0.0942301252,0.592065338
87.899,0.0942394779,0.592124103
87.997,0.0942483743,0.59218
88.102,0.0942573859,0.592236622
88.2,0.094265319,0.592286467
88.298,0.0942727995,0.592333469
88.403,0.0942803055,0.59238063
88.501,0.0942868088,0.592421492
88.599,0.094292787,0.592459054
88.697,0.0942981994,0.592493061
88.802,0.0943033587,0.592525478
88.9,0.0943076139,0.592552214
88.998,0.0943114336,0.592576214
89.103,0.0943152272,0.59260005
89.201,0.0943187097,0.592621931
89.299,0.0943223697,0.592644927
89.397,0.0943264395,0.592670499
89.502,0.0943314803,0.592702171
89.6,0.0943370021,0.592736865
89.698,0.0943434491,0.592777373
89.803,0.0943515001,0.592827959
89.901,0.0943601411,0.592882252
89.999,0.0943698615,0.592943327
90.097,0.0943806064,0.593010839
90.202,0.0943931302,0.593089529
90.3,0.0944056113,0.59316795
90.398,0.0944186907,0.59325013
90.503,0.0944331894,0.593341228
90.601,0.0944470284,0.593428181
90.699,0.0944610312,0.593516163
90.797,0.0944750662,0.593604348
90.902,0.0944899673,0.593697974
91.0,0.094503557,0.593783361
91.098,0.0945166637,0.593865713
91.203,0.0945300264,0.593949673
91.301,0.094541848,0.59402395
91.399,0.0945531752,0.594095121
91.497,0.0945642894,0.594164954
91.602,0.0945764207,0.594241177
91.7,0.0945884536,0.594316782
91.798,0.0946016521,0.594399711
91.903,0.0946175435,0.594499559
92.001,0.0946342968,0.594604823
92.099,0.0946530259,0.594722501
92.197,0.0946736933,0.594852359
92.302,0.0946977799,0.595003699
92.4,0.0947217874,0.595154543
92.498,0.0947469408,0.595312586
92.603,0.0947748112,0.595487701
92.701,0.0948013877,0.595654686
92.799,0.0948282853,0.595823689
92.897,0.0948553254,0.595993587
93.002,0.0948842728,0.596175469
93.1,0.0949111032,0.596344049
93.198,0.0949376097,0.596510594
93.303,0.0949655301,0.596686023
93.401,0.0949911228,0.596846827
93.499,0.0950163558,0.597005371
93.597,0.0950414458,0.597163016
93.702,0.0950685212,0.597333136
93.8,0.0950943664,0.597495526
93.898,0.0951211208,0.597663628
94.003,0.0951511181,0.597852107
94.101,0.0951805501,0.598037034
94.199,0.0952114191,0.598230989
94.297,0.0952436868,0.598433733
94.402,0.0952796526,0.598659714
94.5,0.0953143304,0.598877601
94.598,0.0953498437,0.599100737
94.703,0.0953885721,0.599344075
94.801,0.095425114,0.599573674
94.899,0.0954618369,0.599804411
94.997,0.0954986056,0.600035436
95.102,0.0955379629,0.600282725
95.2,0.0955746545,0.600513265
95.298,0.0956113618,0.600743904
95.403,0.0956508081,0.600991752
95.501,0.0956878044,0.601224207
95.599,0.095724981,0.601457794
95.697,0.095762244,0.601691924
95.802,0.095802063,0.601942115
95.9,0.0958388598,0.602173316
95.998,0.0958750219,0.602400529
96.103,0.0959127821,0.602637783
96.201,0.0959469192,0.602852273
96.299,0.0959799272,0.603059668
96.397,0.0960118733,0.603260392
96.502,0.09604515,0.603469476
96.6,0.0960756515,0.603661122
96.698,0.0961060067,0.603851849
96.803,0.0961388157,0.604057994
96.901,0.0961700716,0.604254381
96.999,0.096202198,0.604456237
97.097,0.0962353176,0.604664334
97.202,0.0962719114,0.604894259
97.3,0.0963070052,0.60511476
97.398,0.0963428984,0.605340283
97.503,0.0963821094,0.605586654
97.601,0.0964192947,0.605820296
97.699,0.0964569492,0.606056886
97.797,0.096494976,0.606295815
97.902,0.0965359988,0.606553569
98.0,0.0965743805,0.606794728
98.098,0.0966126452,0.607035153
98.203,0.0966532073,0.607290012
98.301,0.0966903428,0.607523342
98.399,0.0967264556,0.607750245
98.497,0.0967612431,0.607968821
98.602,0.0967967122,0.60819168
98.7,0.0968278543,0.608387351
98.798,0.0968568554,0.608569571
98.903,0.0968853143,0.608748383
99.001,0.0969092441,0.608898739
99.099,0.096930521,0.609032426
99.197,0.0969491314,0.609149358
99.302,0.0969662441,0.60925688
99.4,0.0969798578,0.609342417
99.498,0.0969916083,0.609416248
99.603,0.0970027319,0.60948614
99.701,0.0970123389,0.609546503
99.799,0.0970217682,0.609605748
99.897,0.0970315251,0.609667053
100.002,0.0970427143,0.609737357
100.1,0.0970539988,0.609808259
100.198,0.097066037,0.609883898
100.303,0.097079492,0.609968438
100.401,0.0970922268,0.610048453
100.499,0.0971047465,0.610127117
100.597,0.097116682,0.610202109
100.702,0.0971284517,0.610276061
100.8,0.0971382032,0.610337331
100.898,0.0971465478,0.610389762
101.003,0.0971537817,0.610435213
101.101,0.0971588628,0.610467139
101.199,0.0971622908,0.610488678
101.297,0.0971640789,0.610499913
101.402,0.0971642375,0.61050091
101.5,0.0971628382,0.610492117
101.598,0.0971600697,0.610474723
101.703,0.0971557486,0.610447572
101.801,0.0971506324,0.610415426
101.899,0.0971446334,0.610377733
101.997,0.0971379152,0.610335521
102.102,0.0971301229,0.610286561
102.2,0.0971224868,0.610238582
102.298,0.0971147345,0.610189873
102.403,0.0971066256,0.610138923
102.501,0.0970996029,0.610094798
102.599,0.0970935323,0.610056656
102.697,0.097088813,0.610027003
102.802,0.097085471,0.610006005
102.9,0.097083811,0.609995575
102.998,0.0970830158,0.609990578
103.103,0.0970821632,0.609985221
103.201,0.0970803038,0.609973538
103.299,0.0970764743,0.609949477
103.397,0.0970699896,0.609908732
103.502,0.0970597621,0.609844471
103.6,0.0970473366,0.609766399
103.698,0.0970328064,0.609675103
103.803,0.0970161708,0.609570579
103.901,0.0970010889,0.609475817
103.999,0.0969877964,0.609392298
104.097,0.0969773188,0.609326464
104.202,0.0969698472,0.609279519
104.3,0.0969664682,0.609258288
104.398,0.0969662869,0.609257149
104.503,0.0969691829,0.609275345
104.601,0.0969743917,0.609308073
104.699,0.0969818359,0.609354846
104.797,0.0969914785,0.609415433
104.902,0.0970043073,0.609496038
105.0,0.0970186963,0.609586447
105.098,0.097035434,0.609691613
105.203,0.0970558377,0.609819813
105.301,0.0970769045,0.60995218
105.399,0.0970995307,0.610094345
105.497,0.0971232405,0.610243317
105.602,0.0971492255,0.610406586
105.7,0.0971734327,0.610558685
105.798,0.0971971051,0.610707423
105.903,0.0972214325,0.610860276
106.001,0.0972428579,0.610994896
106.099,0.0972628119,0.611120271
106.197,0.0972811244,0.611235332
106.302,0.0972987908,0.611346333
106.4,0.0973134608,0.611438507
106.498,0.0973265046,0.611520464
106.603,0.097339014,0.611599063
106.701,0.0973497494,0.611666515
106.799,0.0973599907,0.611730863
106.897,0.0973700172,0.611793861
107.002,0.0973805852,0.611860262
107.1,0.0973901063,0.611920085
107.198,0.0973989768,0.61197582
107.303,0.0974073101,0.61202818
107.401,0.0974136104,0.612067766
107.499,0.0974181915,0.612096549
107.597,0.097420873,0.612113398
107.702,0.0974216072,0.612118011
107.8,0.0974203893,0.612110359
107.898,0.097417492,0.612092154
108.003,0.0974128251,0.612062831
108.101,0.0974072896,0.612028051
108.199,0.097400893,0.61198786
108.297,0.0973938593,0.611943666
108.402,0.0973858162,0.61189313
108.5,0.0973779933,0.611843977
108.598,0.0973699696,0.611793562
108.703,0.0973612584,0.611738828
108.801,0.0973531479,0.611687869
108.899,0.0973452236,0.611638079
108.997,0.0973377069,0.61159085
109.102,0.097330447,0.611545235
109.2,0.0973247253,0.611509284
109.298,0.097320282,0.611481366
109.403,0.0973170696,0.611461182
109.501,0.0973154189,0.61145081
109.599,0.0973147647,0.6114467
109.697,0.097314666,0.61144608
109.802,0.0973146115,0.611445737
109.9,0.0973141169,0.611442629
109.998,0.0973127854,0.611434264
110.103,0.0973101073,0.611417437
110.201,0.0973062265,0.611393053
110.299,0.0973009137,0.611359671
110.397,0.0972941883,0.611317414
110.502,0.0972855457,0.611263111
110.6,0.0972763604,0.611205399
110.698,0.0972663888,0.611142745
110.803,0.0972551953,0.611072414
110.901,0.0972446008,0.611005847
110.999,0.0972341366,0.610940099
111.097,0.0972239964,0.610876386
111.202,0.0972136163,0.610811166
111.3,0.0972044431,0.610753529
111.398,0.0971958101,0.610699286
111.503,0.0971873134,0.610645899
111.601,0.0971802691,0.610601639
111.699,0.0971743333,0.610564343
111.797,0.0971697684,0.610535661
111.902,0.0971666337,0.610515965
112.0,0.0971654008,0.610508218
112.098,0.0971656837,0.610509996
112.203,0.0971673037,0.610520175
112.301,0.0971695621,0.610534365
112.399,0.0971720666,0.610550101
112.497,0.0971743707,0.610564578
112.602,0.0971762947,0.610576667
112.7,0.0971774564,0.610583966
112.798,0.0971781299,0.610588198
112.903,0.0971786122,0.610591228
113.001,0.0971792427,0.61059519
113.099,0.0971804837,0.610602987
113.197,0.097182696,0.610616887
113.302,0.0971863662,0.610639948
113.4,0.0971910016,0.610669073
113.498,0.0971966287,0.610704429
113.603,0.0972033781,0.610746837
113.701,0.0972098848,0.61078772
113.799,0.0972161089,0.610826827
113.897,0.0972216147,0.610861421
114.002,0.0972262477,0.610890531
114.1,0.0972289743,0.610907663
114.198,0.0972297723,0.610912677
114.303,0.0972281107,0.610902236
114.401,0.0972240369,0.61087664
114.499,0.0972177742,0.610837291
114.597,0.0972101862,0.610789614
114.702,0.0972023468,0.610740357
114.8,0.0971972951,0.610708616
114.898,0.0971959511,0.610700172
115.003,0.0971991005,0.61071996
115.101,0.097205403,0.61075956
115.199,0.097213009,0.61080735
115.297,0.0972198881,0.610850572
115.402,0.097224731,0.610881001
115.5,0.0972263036,0.610890882
115.598,0.0972253225,0.610884718
115.703,0.0972223816,0.61086624
115.801,0.0972190311,0.610845188
115.899,0.0972163486,0.610828333
115.997,0.0972155095,0.610823061
116.102,0.0972175931,0.610836152
116.2,0.0972225967,0.610867591
116.298,0.0972302839,0.610915891
116.403,0.0972412024,0.610984494
116.501,0.0972540339,0.611065117
116.599,0.0972697483,0.611163853
116.697,0.0972884888,0.611281603
116.802,0.0973114945,0.611426152
116.9,0.0973348657,0.611572998
116.998,0.0973590801,0.611725142
117.103,0.0973850981,0.611888618
117.201,0.0974089775,0.612038656
117.299,0.0974323128,0.612185276
117.397,0.0974551705,0.612328895
117.502,0.0974793055,0.61248054
117.6,0.0975017155,0.612621346
117.698,0.0975242075,0.612762668
117.803,0.0975486222,0.61291607
117.901,0.097571796,0.613061675
117.999,0.0975953659,0.613209769
118.097,0.0976192996,0.613360149
118.202,0.0976451509,0.613522578
118.3,0.0976692784,0.613674175
118.398,0.0976931891,0.61382441
118.503,0.097718416,0.613982916
118.601,0.0977415787,0.614128451
118.699,0.0977643888,0.614271771
118.797,0.0977869391,0.614413459
118.902,0.0978109849,0.614564543
119.0,0.0978334081,0.614705433
119.098,0.0978558163,0.614846227
119.203,0.0978797684,0.614996723
119.301,0.0979019092,0.615135838
119.399,0.0979236446,0.615272405
119.497,0.0979446753,0.615404545
119.602,0.0979660041,0.615538557
119.7,0.0979842318,0.615653085
119.798,0.0980002792,0.615753914
119.903,0.0980144448,0.61584292
120.001,0.0980245256,0.615906259
120.099,0.0980317404,0.615951591
120.197,0.0980367148,0.615982846
120.302,0.0980407516,0.61600821
120.4,0.0980445136,0.616031847
120.498,0.0980492517,0.616061618
120.603,0.0980559418,0.616103653
120.701,0.0980636178,0.616151883
120.799,0.0980722043,0.616205833
120.897,0.0980810699,0.616261537
121.002,0.0980901251,0.616318433
121.1,0.0980976643,0.616365803
121.198,0.0981040131,0.616405694
121.303,0.0981093542,0.616439253
121.401,0.0981129211,0.616461664
121.499,0.0981150206,0.616474856
121.597,0.0981154588,0.616477609
121.702,0.0981137634,0.616466956
121.8,0.0981098613,0.616442439
121.898,0.0981034216,0.616401977
122.003,0.0980936063,0.616340306
122.101,0.0980818904,0.616266693
122.199,0.0980680884,0.616179972
122.297,0.0980528663,0.616084329
122.402,0.0980359214,0.615977861
122.5,0.0980203888,0.615880267
122.598,0.0980058776,0.61578909
122.703,0.0979922501,0.615703466
122.801,0.0979820042,0.615639089
122.899,0.0979746792,0.615593065
122.997,0.0979706442,0.615567712
123.102,0.0979702501,0.615565236
123.2,0.0979735662,0.615586072
123.298,0.0979803156,0.615628479
123.403,0.09799108,0.615696114
123.501,0.0980040432,0.615777564
123.599,0.0980194611,0.615874438
123.697,0.0980368892,0.615983942
123.802,0.0980572341,0.616111773
123.9,0.0980772498,0.616237535
123.998,0.0980977767,0.616366509
124.103,0.098119883,0.616505407
124.201,0.0981403304,0.616633882
124.299,0.098160396,0.616759958
124.397,0.0981799383,0.616882746
124.502,0.0982001309,0.61700962
124.6,0.0982180734,0.617122356
124.698,0.0982348737,0.617227915
124.803,0.0982512206,0.617330626
124.901,0.0982645785,0.617414556
124.999,0.0982757295,0.61748462
125.097,0.0982844146,0.61753919
125.202,0.0982907296,0.617578868
125.3,0.0982937621,0.617597922
125.398,0.0982941381,0.617600284
125.503,0.0982917862,0.617585507
125.601,0.0982873413,0.617557578
125.699,0.0982810586,0.617518103
125.797,0.0982733551,0.617469701
125.902,0.0982639097,0.617410354
126.0,0.0982543741,0.61735044
126.098,0.0982444177,0.617287882
126.203,0.0982334572,0.617219015
126.301,0.0982230493,0.61715362
126.399,0.0982123626,0.617086474
126.497,0.0982012437,0.617016612
126.602,0.0981885133,0.616936624
126.7,0.0981754942,0.616854822
126.798,0.0981610106,0.616763819
126.903,0.0981434611,0.616653553
127.001,0.0981250409,0.616537815
127.099,0.0981048253,0.616410797
127.197,0.0980834409,0.616276435
127.302,0.0980607612,0.616133934
127.4,0.0980415846,0.616013444
127.498,0.0980259933,0.615915481
127.603,0.0980142301,0.615841571
127.701,0.0980074136,0.615798741
127.799,0.0980029084,0.615770434
127.897,0.0979984433,0.615742379
128.002,0.0979911881,0.615696793
128.1,0.0979804768,0.615629492
128.198,0.0979653425,0.615534401
128.303,0.097944399,0.615402809
128.401,0.0979212833,0.615257568
128.499,0.0978958688,0.615097885
128.597,0.0978693633,0.614931346
128.702,0.0978411306,0.614753954
128.8,0.0978159544,0.614595768
128.898,0.0977925946,0.614448994
129.003,0.0977698133,0.614305855
129.101,0.097750458,0.614184241
129.199,0.0977324167,0.614070885
129.297,0.0977149562,0.613961177
129.402,0.0976960244,0.613842225
129.5,0.0976774415,0.613725465
129.598,0.0976575483,0.613600472
129.703,0.0976347926,0.613457494
129.801,0.0976125135,0.613317511
129.899,0.0975898761,0.613175276
129.997,0.0975676348,0.613035529
130.102,0.0975450872,0.612893859
130.2,0.0975256532,0.612771751
130.298,0.0975078618,0.612659965
130.403,0.0974900457,0.612548023
130.501,0.0974736418,0.612444954
130.599,0.0974561198,0.61233486
130.697,0.0974359513,0.612208137
130.802,0.0974098869,0.61204437
130.9,0.0973806587,0.611860724
130.998,0.0973471925,0.61165045
131.103,0.0973089559,0.611410202
131.201,0.0972745081,0.61119376
131.299,0.0972447295,0.611006656
131.397,0.0972220112,0.610863912
131.502,0.0972062693,0.610765003
131.6,0.0971986144,0.610716906
131.698,0.0971959463,0.610700142
131.803,0.0971965588,0.61070399
131.901,0.0971987729,0.610717902
131.999,0.0972014396,0.610734657
132.097,0.0972038049,0.610749519
132.202,0.0972053251,0.61075907
132.3,0.0972054601,0.610759918
132.398,0.0972041459,0.610751661
132.503,0.0972009219,0.610731404
132.601,0.0971960438,0.610700754
132.699,0.0971891582,0.610657491
132.797,0.0971799116,0.610599393
132.902,0.0971669307,0.610517831
133.0,0.0971515701,0.610421318
133.098,0.0971329112,0.61030408
133.203,0.0971094755,0.610156829
133.301,0.0970850013,0.610003053
133.399,0.0970589687,0.609839486
133.497,0.0970324948,0.609673146
133.602,0.0970050265,0.609500557
133.7,0.0969814508,0.609352427
133.798,0.0969607802,0.60922255
133.903,0.0969421517,0.609105503
134.001,0.0969274691,0.60901325
134.099,0.0969141638,0.60892965
134.197,0.0969005344,0.608844014
134.302,0.0968834748,0.608736825
134.4,0.096863516,0.608611421
134.498,0.0968383876,0.608453534
134.603,0.0968048294,0.608242682
134.701,0.0967672029,0.608006267
134.799,0.0967241846,0.607735975
134.897,0.0966773335,0.607441601
135.002,0.096625051,0.607113101
135.1,0.0965757592,0.606803391
135.198,0.0965258536,0.606489825
135.303,0.0964694948,0.606135712
135.401,0.0964110172,0.605768287
135.499,0.0963439381,0.605346816
135.597,0.0962669102,0.604862836
135.702,0.0961761274,0.60429243
135.8,0.0960924491,0.603766664
135.898,0.0960231827,0.603331451
136.003,0.0959779812,0.603047441
136.101,0.0959650346,0.602966095
136.199,0.0959716476,0.603007646
136.297,0.0959852769,0.603093281
136.402,0.0959957979,0.603159387
136.5,0.0959947565,0.603152844
136.598,0.0959803625,0.603062404
136.703,0.0959514316,0.602880625
136.801,0.095917104,0.602664939
136.899,0.0958834104,0.602453235
136.997,0.0958574117,0.602289881
137.102,0.0958424191,0.602195679
137.2,0.0958398922,0.602179802
137.298,0.0958446146,0.602209474
137.403,0.0958521831,0.602257029
137.501,0.0958573547,0.602289523
137.599,0.0958584331,0.602296298
137.697,0.0958551276,0.602275529
137.802,0.0958477185,0.602228976
137.9,0.0958385414,0.602171315
137.998,0.0958281776,0.602106197
138.103,0.0958153129,0.602025366
138.201,0.0957993648,0.601925162
138.299,0.0957752178,0.601773441
138.397,0.0957375117,0.601536527
138.502,0.0956782217,0.601163997
138.6,0.0956088685,0.600728238
138.698,0.0955399925,0.600295477
138.803,0.0954889674,0.599974877
138.901,0.0954753208,0.599889133
138.999,0.0954899194,0.599980859
139.097,0.0955179736,0.600157128
139.202,0.0955480535,0.600346126
139.3,0.09556947,0.60048069
139.398,0.0955832113,0.600567029
139.503,0.0955905996,0.600613451
139.601,0.0955922248,0.600623663
139.699,0.0955899424,0.600609322
139.797,0.095584323,0.600574014
139.902,0.0955751126,0.600516143
140.0,0.0955642173,0.600447686
140.098,0.0955522133,0.600372263
140.203,0.095539504,0.600292408
140.301,0.0955285586,0.600223636
140.399,0.0955185763,0.600160915
140.497,0.0955091314,0.600101571
140.602,0.0954997583,0.600042678
140.7,0.0954928493,0.599999268
140.798,0.0954892676,0.599976763
140.903,0.0954896673,0.599979275
141.001,0.0954930406,0.60000047
141.099,0.09549836,0.600033893
141.197,0.0955061227,0.600082667
141.302,0.0955189259,0.600163112
141.4,0.0955355998,0.600267877
141.498,0.0955545661,0.600387046
141.603,0.0955721226,0.600497357
141.701,0.0955806214,0.600550756
141.799,0.0955775898,0.600531708
141.897,0.0955613101,0.600429419
142.002,0.0955295486,0.600229856
142.1,0.0954886384,0.59997281
142.198,0.0954401735,0.599668296
142.303,0.0953841912,0.599316549
142.401,0.0953319274,0.598988165
142.499,0.0952819895,0.598674397
142.597,0.0952354256,0.598381827
142.702,0.095189239,0.598091628
142.8,0.0951490228,0.597838942
142.898,0.0951106191,0.597597644
143.003,0.0950709404,0.597348336
143.101,0.0950366868,0.597133114
143.199,0.0950095408,0.596962551
143.297,0.0949952743,0.596872912
143.402,0.0949982357,0.596891519
143.5,0.0950167361,0.59700776
143.598,0.0950457885,0.597190302
143.703,0.095082527,0.597421137
143.801,0.0951155196,0.597628435
143.899,0.0951405052,0.597785425
143.997,0.0951522297,0.597859092
144.102,0.0951477852,0.597831166
144.2,0.0951302324,0.597720879
144.298,0.0951073083,0.597576842
144.403,0.0950891352,0.597462657
144.501,0.0950868728,0.597448442
144.599,0.0950993801,0.597527028
144.697,0.0951199508,0.597656277
144.802,0.0951398521,0.597781321
144.9,0.0951468843,0.597825505
144.998,0.095137338,0.597765524
145.103,0.0951093892,0.597589917
145.201,0.0950742498,0.59736913
145.299,0.0950431564,0.597173764
145.397,0.095029105,0.597085476
145.502,0.0950407481,0.597158632
145.6,0.0950736054,0.597365081
145.698,0.0951179048,0.597643422
145.803,0.0951662623,0.597947261
145.901,0.0952053808,0.59819305
145.999,0.095236895,0.598391059
146.097,0.0952623254,0.598550843
146.202,0.0952862526,0.598701182
146.3,0.0953088027,0.598842869
146.398,0.0953340952,0.599001786
146.503,0.0953659151,0.599201717
146.601,0.0954002236,0.599417283
146.699,0.0954382317,0.599656095
146.797,0.0954789462,0.599911912
146.902,0.0955249223,0.600200789
147.0,0.0955695362,0.600481105
147.098,0.0956146734,0.600764711
147.203,0.0956615909,0.601059503
147.301,0.0957018622,0.601312535
147.399,0.0957369159,0.601532783
147.497,0.0957656391,0.601713256
147.602,0.0957889113,0.60185948
147.7,0.0958039589,0.601954027
147.798,0.0958136905,0.602015172
147.903,0.0958199793,0.602054686
148.001,0.0958232678,0.602075348
148.099,0.0958245544,0.602083432
148.197,0.0958233924,0.602076131
148.302,0.0958194813,0.602051557
148.4,0.0958149264,0.602022938
148.498,0.0958128473,0.602009875
148.603,0.0958178023,0.602041007
148.701,0.0958318331,0.602129165
148.799,0.0958549116,0.602274172
148.897,0.0958850777,0.602463711
149.002,0.0959221984,0.602696947
149.1,0.0959589587,0.602927919
149.198,0.0959965318,0.603163998
149.303,0.0960377071,0.60342271
149.401,0.0960779696,0.603675687
149.499,0.096121154,0.603947023
149.597,0.0961679562,0.604241089
149.702,0.0962220581,0.604581022
149.8,0.0962755515,0.604917131
149.898,0.0963312763,0.60526726
150.003,0.0963932853,0.605656874
150.101,0.0964537089,0.606036526
150.199,0.0965168653,0.60643335
150.297,0.096581791,0.60684129
150.402,0.0966504217,0.607272509
150.5,0.0967097375,0.607645202
150.598,0.0967608477,0.607966337
150.703,0.0968038762,0.608236693
150.801,0.096832076,0.608413877
150.899,0.0968492367,0.608521701
150.997,0.0968562183,0.608565568
151.102,0.0968527566,0.608543817
151.2,0.0968384857,0.608454151
151.298,0.0968113608,0.608283719
151.403,0.0967646816,0.607990425
151.501,0.096701926,0.60759612
151.599,0.0966206655,0.607085546
151.697,0.0965252572,0.606486078
151.802,0.09641736,0.605808139
151.9,0.0963235487,0.605218706
151.998,0.0962483477,0.604746204
152.103,0.0961980595,0.604430234
152.201,0.0961823177,0.604331325
152.299,0.0961939759,0.604404576
152.397,0.0962263055,0.604607709
152.502,0.0962725896,0.604898521
152.6,0.0963164156,0.605173887
152.698,0.0963542858,0.605411833
152.803,0.0963840792,0.60559903
152.901,0.0963993063,0.605694705
152.999,0.0964018768,0.605710856
153.097,0.0963952303,0.605669095
153.202,0.0963860146,0.605611191
153.3,0.0963819165,0.605585442
153.398,0.0963825235,0.605589255
153.503,0.0963844187,0.605601164
153.601,0.0963845324,0.605601878
153.699,0.0963820904,0.605586534
153.797,0.0963771673,0.605555602
153.902,0.0963692901,0.605506108
154.0,0.0963593161,0.605443439
154.098,0.0963467264,0.605364335
154.203,0.0963306161,0.605263112
154.301,0.0963139715,0.60515853
154.399,0.0962967072,0.605050056
154.497,0.0962797137,0.604943283
154.602,0.0962628921,0.604837589
154.7,0.0962494987,0.604753436
154.798,0.0962386219,0.604685095
154.903,0.0962287122,0.604622831
155.001,0.0962187095,0.604559982
155.099,0.0962051406,0.604474726
155.197,0.096185571,0.604351766
155.302,0.0961563909,0.604168423
155.4,0.0961206683,0.603943971
155.498,0.0960761774,0.603664426
155.603,0.0960183599,0.603301148
155.701,0.0959553925,0.602905512
155.799,0.0958860532,0.60246984
155.897,0.095814936,0.602022998
156.002,0.0957444297,0.601579994
156.1,0.0956909382,0.601243897
156.198,0.0956514043,0.600995498
156.303,0.0956209143,0.600803924
156.401,0.0956000455,0.600672801
156.499,0.0955877129,0.600595313
156.597,0.0955878417,0.600596123
156.702,0.0956007443,0.600677192
156.8,0.0956140414,0.60076074
156.898,0.0956186043,0.600789409
157.003,0.0956154797,0.600769777
157.101,0.0956101414,0.600736236
157.199,0.0956012585,0.600680423
157.297,0.0955844206,0.600574627
157.402,0.0955543081,0.600385425
157.5,0.0955133615,0.60012815
157.598,0.0954578485,0.599779351
157.703,0.0953815066,0.599299681
157.801,0.0952977039,0.598773133
157.899,0.0952073305,0.5982053
157.997,0.0951174874,0.597640799
158.102,0.0950309102,0.597096819
158.2,0.0949664282,0.596691666
158.298,0.0949210706,0.596406676
158.403,0.094891982,0.596223907
158.501,0.0948770773,0.596130258
158.599,0.094865915,0.596060124
158.697,0.094851656,0.595970531
158.802,0.0948299687,0.595834266
158.9,0.0948060892,0.595684227
158.998,0.0947837815,0.595544063
159.103,0.0947666407,0.595436364
159.201,0.0947594143,0.59539096
159.299,0.0947614759,0.595403913
159.397,0.0947726001,0.595473809
159.502,0.0947933101,0.595603933
159.6,0.0948186509,0.595763154
159.698,0.094846674,0.595939229
159.803,0.0948753825,0.596119609
159.901,0.0948974162,0.596258051
159.999,0.0949140759,0.596362727
160.097,0.0949276976,0.596448315
160.202,0.0949409603,0.596531646
160.3,0.0949505244,0.59659174
160.398,0.0949527967,0.596606017
160.503,0.0949422985,0.596540055
160.601,0.0949196984,0.596398054
160.699,0.0948893326,0.59620726
160.797,0.0948586388,0.596014406
160.902,0.094831237,0.595842235
161.0,0.0948097425,0.595707181
161.098,0.0947866891,0.595562333
161.203,0.0947548691,0.595362401
161.301,0.094717967,0.595130539
161.399,0.0946778285,0.594878341
161.497,0.0946400569,0.594641015
161.602,0.0946074033,0.594435846
161.7,0.0945858059,0.594300146
161.798,0.0945715179,0.594210372
161.903,0.0945607507,0.594142719
162.001,0.0945502476,0.594076726
162.099,0.0945343925,0.593977106
162.197,0.0945099271,0.593823386
162.302,0.0944750768,0.593604414
162.4,0.0944410216,0.593390439
162.498,0.0944153979,0.593229441
162.603,0.0944072537,0.593178269
162.701,0.094425873,0.593295258
162.799,0.0944764725,0.593613184
162.897,0.0945535724,0.594097617
163.002,0.0946420764,0.594653704
163.1,0.0947092241,0.595075605
163.198,0.094753211,0.595351983
163.303,0.0947765435,0.595498586
163.401,0.0947829013,0.595538533
163.499,0.0947819633,0.595532639
163.597,0.0947792633,0.595515674
163.702,0.0947755494,0.595492339
163.8,0.0947660721,0.595432792
163.898,0.0947417885,0.595280214
164.003,0.0946893265,0.594950585
164.101,0.0946091881,0.594447061
164.199,0.0944974556,0.593745024
164.297,0.0943600127,0.592881446
164.402,0.0942008444,0.591881361
164.5,0.0940609604,0.591002444
164.598,0.093942682,0.590259279
164.703,0.0938456369,0.589649527
164.801,0.0937863689,0.589277135
164.899,0.0937499356,0.589048218
164.997,0.0937141969,0.588823665
165.102,0.0936601606,0.588484145
165.2,0.0935967727,0.588085867
165.298,0.0935282275,0.587655185
165.403,0.0934561976,0.587202608
165.501,0.0933961545,0.586825346
165.599,0.0933481491,0.586523719
165.697,0.0933155873,0.586319127
165.802,0.0933000298,0.586221376
165.9,0.093305319,0.586254609
165.998,0.0933310973,0.586416579
166.103,0.0933791147,0.586718282
166.201,0.0934357526,0.587074148
166.299,0.0934952469,0.587447962
166.397,0.0935530998,0.587811462
166.502,0.0936151719,0.588201473
166.6,0.0936750459,0.588577672
166.698,0.0937316722,0.588933465
166.803,0.093776884,0.58921754
166.901,0.0937974762,0.589346924
166.999,0.0937983215,0.589352236
167.097,0.0937825245,0.58925298
167.202,0.0937469251,0.589029302
167.3,0.0936968912,0.58871493
167.398,0.0936371321,0.588339452
167.503,0.0935738137,0.587941611
167.601,0.0935261927,0.5876424
167.699,0.0934977965,0.587463981
167.797,0.0934880322,0.587402631
167.902,0.0934859303,0.587389423
168.0,0.0934790915,0.587346454
168.098,0.0934625682,0.587242636
168.203,0.0934357397,0.587074067
168.301,0.0934041408,0.586875525
168.399,0.0933661272,0.586636679
168.497,0.0933224464,0.586362224
168.602,0.0932729323,0.586051118
168.7,0.0932262005,0.585757493
168.798,0.0931773747,0.585450712
168.903,0.0931209103,0.585095936
169.001,0.0930656923,0.584748991
169.099,0.0930143263,0.584426248
169.197,0.0929766028,0.584189225
169.302,0.0929585757,0.584075957
169.4,0.0929591569,0.584079609
169.498,0.0929675486,0.584132336
169.603,0.0929757723,0.584184006
169.701,0.0929769946,0.584191686
169.799,0.0929705338,0.584151092
169.897,0.0929601858,0.584086074
170.002,0.0929524601,0.584037531
170.1,0.0929530649,0.584041332
170.198,0.0929586917,0.584076686
170.303,0.0929597146,0.584083113
170.401,0.0929456646,0.583994834
170.499,0.09291378,0.583794497
170.597,0.092871162,0.58352672
170.702,0.0928292381,0.583263305
170.8,0.0928059189,0.583116786
170.898,0.0928002446,0.583081133
171.003,0.0928077472,0.583128274
171.101,0.0928204994,0.583208398
171.199,0.0928335462,0.583290373
171.297,0.0928424272,0.583346174
171.402,0.0928435089,0.583352971
171.5,0.0928370043,0.583312101
171.598,0.0928276462,0.583253303
171.703,0.0928194008,0.583201495
171.801,0.0928129185,0.583160766
171.899,0.0928013454,0.58308805
171.997,0.0927764633,0.582931711
172.102,0.0927294081,0.582636054
172.2,0.0926671888,0.582245119
172.298,0.0925915025,0.581769568
172.403,0.0924988267,0.581187269
172.501,0.0924037054,0.580589604
172.599,0.0923091238,0.57999533
172.697,0.0922311394,0.57950534
172.802,0.0921741885,0.579147507
172.9,0.0921373687,0.578916161
172.998,0.092108286,0.578733429
173.103,0.0920846718,0.578585057
173.201,0.0920703109,0.578494825
173.299,0.0920631726,0.578449973
173.397,0.0920629258,0.578448423
173.502,0.0920698101,0.578491678
173.6,0.0920815951,0.578565726
173.698,0.0920950455,0.578650237
173.803,0.0921057786,0.578717675
173.901,0.0921084598,0.578734521
173.999,0.0921024046,0.578696475
174.097,0.0920861135,0.578594115
174.202,0.0920515377,0.578376869
174.3,0.0919940396,0.578015598
174.398,0.0919067368,0.577467058
174.503,0.0917926649,0.576750324
174.601,0.0916886544,0.576096806
174.699,0.0915780587,0.575401913
174.797,0.0914257457,0.574444902
174.902,0.0912761324,0.573504854
175.0,0.0912832769,0.573549744
175.098,0.091388816,0.574212866
175.203,0.0914560476,0.574635294
175.301,0.0914896864,0.574846654
175.399,0.0915648815,0.575319118
175.497,0.091652885,0.575872061
175.602,0.09170358,0.576190586
175.7,0.0917091413,0.576225529
175.798,0.0916927909,0.576122796
175.903,0.091665841,0.575953465
176.001,0.0916391191,0.575785567
176.099,0.0916120199,0.575615297
176.197,0.0915821917,0.575427881
176.302,0.0915486203,0.575216946
176.4,0.0915190749,0.575031307
176.498,0.0914875179,0.574833028
176.603,0.0914434168,0.574555933
176.701,0.0913924024,0.5742354
176.799,0.0913410424,0.573912696
176.897,0.0913016696,0.573665309
177.002,0.0912791268,0.573523668
177.1,0.0912707501,0.573471036
177.198,0.0912622561,0.573417666
177.303,0.0912383548,0.57326749
177.401,0.0911915582,0.572973458
177.499,0.0911155592,0.572495943
177.597,0.0910105832,0.571836359
177.702,0.090874618,0.570982065
177.8,0.0907425977,0.570152557
177.898,0.090627478,0.569429238
178.003,0.0905414232,0.56888854
178.101,0.0904988313,0.568620927
178.199,0.0904840731,0.568528199
178.297,0.0904851459,0.568534939
178.402,0.0904940613,0.568590956
178.5,0.0905043463,0.568655579
178.598,0.0905091727,0.568685904
178.703,0.0904968488,0.56860847
178.801,0.0904638458,0.568401107
178.899,0.0904147377,0.568092552
178.997,0.0903587211,0.567740589
179.102,0.090299011,0.567365419
179.2,0.0902476411,0.567042652
179.298,0.0902075843,0.566790968
179.403,0.0901901439,0.566681387
179.501,0.090200993,0.566749554
179.599,0.0902255961,0.56690414
179.697,0.0902464564,0.567035209
179.802,0.0902482775,0.567046651
179.9,0.0902217387,0.566879903
179.998,0.0901653594,0.566525661
180.103,0.0900779165,0.565976241
180.201,0.0899882119,0.565412611
180.299,0.0899103614,0.564923462
180.397,0.0898498507,0.564543262
180.502,0.0897991107,0.564224453
180.6,0.0897675873,0.564026385
180.698,0.0897612984,0.563986871
180.803,0.0897800357,0.564104601
180.901,0.0898029702,0.564248703
180.999,0.0898163991,0.564333079
181.097,0.0898140264,0.564318171
181.202,0.089812089,0.564305998
181.3,0.0898426815,0.564498216
181.398,0.0898975072,0.564842696
181.503,0.0899502642,0.565174179
181.601,0.0899935996,0.565446463
181.699,0.0900363159,0.565714857
181.797,0.0900700038,0.565926524
181.902,0.0900988215,0.566107591
182.0,0.0901349619,0.566334668
182.098,0.0901851662,0.566650111
182.203,0.090238533,0.566985425
182.301,0.0902759103,0.567220273
182.399,0.090304907,0.567402465
182.497,0.0903282801,0.567549322
182.602,0.0903413775,0.567631616
182.7,0.0903387309,0.567614986
182.798,0.0903232704,0.567517845
182.903,0.0902944049,0.567336478
183.001,0.0902530599,0.5670767
183.099,0.0901923468,0.566695228
183.197,0.0901121886,0.566191579
183.302,0.0900123329,0.565564168
183.4,0.0899159237,0.564958411
183.498,0.089827324,0.564401722
183.603,0.0897501617,0.563916897
183.701,0.0896964103,0.563579167
183.799,0.0896571823,0.56333269
183.897,0.089627881,0.563148585
184.002,0.0896061362,0.563011958
184.1,0.0895996291,0.562971073
184.198,0.0896076924,0.563021736
184.303,0.0896226586,0.563115772
184.401,0.0896314715,0.563171145
184.499,0.0896326385,0.563178477
184.597,0.0896312968,0.563170047
184.702,0.0896354462,0.563196119
184.8,0.0896487708,0.56327984
184.898,0.0896706786,0.56341749
185.003,0.0896972321,0.563584331
185.101,0.0897087954,0.563656985
185.199,0.0896871315,0.563520867
185.297,0.0896196417,0.563096816
185.402,0.089498347,0.562334699
185.5,0.0893580111,0.561452943
185.598,0.0892236652,0.560608822
185.703,0.0891171511,0.559939574
185.801,0.0890607802,0.559585386
185.899,0.0890405925,0.559458542
185.997,0.0890417528,0.559465833
186.102,0.0890472842,0.559500588
186.2,0.0890496354,0.559515361
186.298,0.0890477329,0.559503407
186.403,0.0890356632,0.559427571
186.501,0.0890148692,0.559296918
186.599,0.0889968045,0.559183414
186.697,0.088993551,0.559162972
186.802,0.0890017358,0.559214399
186.9,0.0890042139,0.559229969
186.998,0.0889946066,0.559169604
187.103,0.0889768365,0.559057951
187.201,0.0889537296,0.558912767
187.299,0.088912417,0.558653192
187.397,0.0888495868,0.558258418
187.502,0.0887825844,0.55783743
187.6,0.088751163,0.557640003
187.698,0.0887634763,0.55771737
187.803,0.0888059153,0.557984022
187.901,0.0888278415,0.558121789
187.999,0.0888003447,0.557949021
188.097,0.088721258,0.557452105
188.202,0.0886032056,0.556710359
188.3,0.088514733,0.55615447
188.398,0.0885046519,0.556091129
188.503,0.0885487241,0.556368042
188.601,0.0885684341,0.556491884
188.699,0.0885480166,0.556363597
188.797,0.0885058482,0.556098645
188.902,0.0884652211,0.555843377
189.0,0.0884523933,0.555762778
189.098,0.0884702677,0.555875086
189.203,0.0885083489,0.556114357
189.301,0.0885420322,0.556325996
189.399,0.0885643358,0.556466133
189.497,0.0885755801,0.556536784
189.602,0.0885791415,0.556559161
189.7,0.0885682381,0.556490652
189.798,0.0885329109,0.556268685
189.903,0.0884741196,0.555899288
190.001,0.0884224054,0.555574358
190.099,0.0884108805,0.555501946
190.197,0.0884606745,0.55581481
190.302,0.0885229229,0.556205928
190.4,0.0885157565,0.556160901
190.498,0.0884351628,0.555654515
190.603,0.0883255445,0.554965764
190.701,0.0882476945,0.554476617
190.799,0.0882131123,0.554259331
190.897,0.0882414996,0.554437694
191.002,0.0883000835,0.554805787
191.1,0.0883435463,0.555078872
191.198,0.0883758698,0.555281967
191.303,0.0884022874,0.555447953
191.401,0.0884191208,0.555553721
191.499,0.0884289884,0.555615721
191.597,0.0884278605,0.555608634
191.702,0.088404794,0.555463703
191.8,0.0883638684,0.555206559
191.898,0.0883164932,0.554908892
192.003,0.0882674424,0.554600697
192.101,0.0882223299,0.554317247
192.199,0.0881760398,0.554026397
192.297,0.0881310332,0.553743613
192.402,0.0880910819,0.553492592
192.5,0.0880722434,0.553374226
192.598,0.0880826724,0.553439753
192.703,0.0881203635,0.553676573
192.801,0.0881653879,0.55395947
192.899,0.088216961,0.554283513
192.997,0.0882721182,0.554630076
193.102,0.0883209679,0.554937008
193.2,0.0883457593,0.555092777
193.298,0.0883478761,0.555106077
193.403,0.0883285905,0.554984902
193.501,0.0883014229,0.554814203
193.599,0.0882734727,0.554638587
193.697,0.0882268925,0.554345915
193.802,0.0881176773,0.553659695
193.9,0.0879362957,0.552520041
193.998,0.0877293163,0.551219551
194.103,0.0876141992,0.550496249
194.201,0.0876234993,0.550554683
194.299,0.0876777749,0.550895707
194.397,0.0877514194,0.551358429
194.502,0.0878411438,0.551922184
194.6,0.0879122737,0.552369106
194.698,0.087958298,0.552658286
194.803,0.0879823063,0.552809134
194.901,0.0879868665,0.552837787
194.999,0.0879753018,0.552765123
195.097,0.0879456524,0.552578831
195.202,0.0878943608,0.552256556
195.3,0.0878338802,0.551876545
195.398,0.0877680738,0.551463072
195.503,0.0876972197,0.551017882
195.601,0.0876300536,0.550595865
195.699,0.087545489,0.55006453
195.797,0.0874301766,0.549340001
195.902,0.0873000226,0.548522219
196.0,0.0872104165,0.547959208
196.098,0.0871831027,0.54778759
196.203,0.0872578368,0.548257158
196.301,0.0873732907,0.548982576
196.399,0.0874736242,0.54961299
196.497,0.0875433369,0.550051008
196.602,0.0875585356,0.550146504
196.7,0.0874991465,0.549773352
196.798,0.0874109338,0.549219095
196.903,0.0873412938,0.548781534
197.001,0.0872684436,0.548323803
197.099,0.0871626692,0.547659202
197.197,0.0870437016,0.546911707
197.302,0.0869138096,0.546095572
197.4,0.0867983234,0.54536995
197.498,0.0867203327,0.54487992
197.603,0.0867181051,0.544865924
197.701,0.0867811509,0.545262053
197.799,0.0868578047,0.545743682
197.897,0.0869075443,0.546056206
198.002,0.0869145635,0.546100308
198.1,0.086882153,0.545896667
198.198,0.0868226915,0.54552306
198.303,0.0867437682,0.54502717
198.401,0.086667637,0.544548823
198.499,0.086595118,0.544093173
198.597,0.0865389833,0.543740468
198.702,0.086523062,0.543640432
198.8,0.0865562865,0.543849188
198.898,0.0866048812,0.544154517
199.003,0.0866226605,0.544266228
199.101,0.0865830004,0.544017036
199.199,0.0864981062,0.54348363
199.297,0.0863987321,0.542859244
199.402,0.0863041689,0.542265086
199.5,0.0862287295,0.541791086
199.598,0.0861720192,0.541434765
199.703,0.0861412087,0.541241177
199.801,0.0861357655,0.541206976
199.899,0.0861294495,0.541167292
199.997,0.0860921515,0.540932941
200.102,0.0860007326,0.540358539
200.2,0.0858715742,0.539547013
200.298,0.0857182084,0.538583387
200.403,0.0855896203,0.537775445
200.501,0.0855432342,0.537483992
200.599,0.085509801,0.537273925
200.697,0.085441747,0.536846329
200.802,0.0853463691,0.536247052
200.9,0.0852711728,0.53577458
200.998,0.085238644,0.535570196
201.103,0.0852633915,0.535725689
201.201,0.0853039019,0.535980223
201.299,0.0853353253,0.536177662
201.397,0.0853711032,0.536402462
201.502,0.0854125067,0.536662607
201.6,0.085420076,0.536710166
201.698,0.0854022065,0.536597889
201.803,0.0854355331,0.536807286
201.901,0.0855277135,0.537386473
201.999,0.0855751221,0.53768435
202.097,0.0855187193,0.537329961
202.202,0.0854560963,0.536936488
202.3,0.0855058434,0.537249059
202.398,0.0855854915,0.537749503
202.503,0.0856015388,0.537850331
202.601,0.0855806814,0.53771928
202.699,0.0855778642,0.537701579
202.797,0.0855881806,0.537766399
202.902,0.0855896035,0.537775339
203.0,0.0855844276,0.537742818
203.098,0.0855761424,0.53769076
203.203,0.0855727588,0.537669501
203.301,0.0855953046,0.537811161
203.399,0.0856464264,0.538132368
203.497,0.0857088052,0.538524306
203.602,0.0857626123,0.538862386
203.7,0.0857817244,0.53898247
203.798,0.0857635238,0.538868112
203.903,0.0857093727,0.538527871
204.001,0.085650555,0.538158309
204.099,0.0856101678,0.537904549
204.197,0.0855928453,0.537795708
204.302,0.0855812856,0.537723076
204.4,0.0855544778,0.537554638
204.498,0.085498415,0.537202385
204.603,0.0854066757,0.53662597
204.701,0.0853007684,0.535960534
204.799,0.0852251232,0.535485242
204.897,0.0852747946,0.535797336
205.002,0.0854502562,0.536899794
205.1,0.0856046806,0.537870071
205.198,0.0857017198,0.538479786
205.303,0.0857565988,0.538824602
205.401,0.0857906586,0.539038606
205.499,0.0858380461,0.53933635
205.597,0.0859013974,0.539734398
205.702,0.0859558804,0.540076725
205.8,0.0859692096,0.540160475
205.898,0.0859645357,0.540131108
206.003,0.0860147067,0.540446342
206.101,0.086147892,0.541283169
206.199,0.0862978602,0.542225447
206.297,0.0863896962,0.54280247
206.402,0.0864037767,0.54289094
206.5,0.0863604542,0.542618737
206.598,0.0862929813,0.542194792
206.703,0.0862204804,0.541739255
206.801,0.0861511327,0.541303531
206.899,0.0860454623,0.540639585
206.997,0.0858851362,0.539632226
207.102,0.0856952921,0.5384394
207.2,0.085584273,0.537741847
207.298,0.0855777374,0.537700782
207.403,0.0856312254,0.538036857
207.501,0.0856808489,0.538348651
207.599,0.0857115435,0.538541511
207.697,0.0857146184,0.538560831
207.802,0.0856799073,0.538342735
207.9,0.0856484465,0.538145061
207.998,0.0857541807,0.538809408
208.103,0.0859969057,0.540334494
208.201,0.0861838729,0.541509244
208.299,0.0863601668,0.542616931
208.397,0.0865870044,0.544042194
208.502,0.0868346483,0.545598187
208.6,0.0870336414,0.546848497
208.698,0.0871941491,0.547856997
208.803,0.0873144171,0.548612662
208.901,0.0873882254,0.549076414
208.999,0.0874496697,0.54946248
209.097,0.087528883,0.549960192
209.202,0.0876456657,0.550693959
209.3,0.0877602056,0.551413634
209.398,0.0878441633,0.551941156
209.503,0.0878677188,0.55208916
209.601,0.0878047518,0.551693527
209.699,0.0876271463,0.550577598
209.797,0.0873170155,0.548628989
209.902,0.0871210224,0.547397528
210.0,0.0872163716,0.547996625
210.098,0.0872189796,0.548013011
210.203,0.0870936368,0.547225459
210.301,0.0869947246,0.546603975
210.399,0.0869696203,0.54644624
210.497,0.0869917434,0.546585244
210.602,0.0869894502,0.546570836
210.7,0.0869416513,0.546270506
210.798,0.0868864588,0.545923721
210.903,0.0868686402,0.545811764
211.001,0.0869057181,0.546044731
211.099,0.0869641975,0.546412168
211.197,0.0869997845,0.546635768
211.302,0.0869976809,0.54662255
211.4,0.0869801481,0.546512389
211.498,0.0869702455,0.546450168
211.603,0.0869626108,0.546402198
211.701,0.0869306564,0.546201423
211.799,0.0868524178,0.545709835
211.897,0.0867295611,0.544937904
212.002,0.0865800185,0.5439983
212.1,0.0864612784,0.543252234
212.198,0.0863833517,0.542762606
212.303,0.086352534,0.542568973
212.401,0.0863516567,0.542563461
212.499,0.0863316653,0.542437851
212.597,0.0862711393,0.542057555
212.702,0.0861749016,0.541452875
212.8,0.0860764667,0.540834391
212.898,0.0859819365,0.54024044
213.003,0.0858923035,0.539677259
213.101,0.0858242231,0.539249498
213.199,0.0857752455,0.538941762
213.297,0.0857530208,0.53880212
213.402,0.0857692342,0.538903992
213.5,0.0858235893,0.539245515
213.598,0.0859122243,0.539802425
213.703,0.086036668,0.540584328
213.801,0.0861554618,0.541330732
213.899,0.0862465679,0.541903168
213.997,0.0863008076,0.542243966
214.102,0.0863344827,0.542455553
214.2,0.08636401,0.542641079
214.298,0.0864046023,0.542896128
214.403,0.0864573332,0.543227446
214.501,0.0864825601,0.543385951
214.599,0.0864663105,0.543283852
214.697,0.0864622711,0.543258471
214.802,0.0864889867,0.543426331
214.9,0.0864939208,0.543457332
214.998,0.0865038233,0.543519551
215.103,0.0865618003,0.543883832
215.201,0.0866431364,0.544394882
215.299,0.0867227219,0.544894932
215.397,0.0867862733,0.545294237
215.502,0.0868201399,0.545507027
215.6,0.0868163259,0.545483063
215.698,0.0867907596,0.545322426
215.803,0.0867485511,0.545057222
215.901,0.0866890721,0.544683504
215.999,0.0865962489,0.544100279
216.097,0.0864725467,0.543323035
216.202,0.0863669497,0.54265955
216.3,0.0863948812,0.542835048
216.398,0.0865286655,0.54367564
216.503,0.0866210754,0.544256268
216.601,0.0865592275,0.543867666
216.699,0.0863700061,0.542678753
216.797,0.0861455693,0.541268575
216.902,0.0859265815,0.539892634
217.0,0.0857730899,0.538928219
217.098,0.0858256877,0.5392587
217.203,0.0860298893,0.540541736
217.301,0.0861707832,0.541426999
217.399,0.0862555364,0.541959519
217.497,0.0862977881,0.542224994
217.602,0.0863178146,0.542350824
217.7,0.0863623401,0.542630586
217.798,0.0864684062,0.543297019
217.903,0.0866309428,0.544318267
218.001,0.0867974885,0.545364705
218.099,0.0869762035,0.546487604
218.197,0.0871672831,0.547688193
218.302,0.0873538861,0.548860653
218.4,0.0874615134,0.549536896
218.498,0.0874994073,0.549774991
218.603,0.0875567604,0.550135351
218.701,0.0876788755,0.550902623
218.799,0.0877892071,0.551595856
218.897,0.0878196929,0.551787404
219.002,0.0877948927,0.55163158
219.1,0.0877849286,0.551568974
219.198,0.0877984261,0.551653781
219.303,0.0877789337,0.551531306
219.401,0.0876861201,0.550948141
219.499,0.0876008139,0.550412147
219.597,0.0876263253,0.55057244
219.702,0.0876760964,0.550885161
219.8,0.0876848147,0.55093994
219.898,0.0876384263,0.550648473
220.003,0.087467736,0.549575994
220.101,0.0873393154,0.548769103
220.199,0.0874277951,0.549325038
220.297,0.0876091729,0.550464668
220.402,0.0876994177,0.551031693
220.5,0.0877025186,0.551051176
220.598,0.0877065207,0.551076322
220.703,0.0877425652,0.551302796
220.801,0.0878068096,0.551706456
220.899,0.0878757554,0.552139655
220.997,0.0879285937,0.552471648
221.102,0.0879914044,0.552866299
221.2,0.0880547037,0.553264021
221.298,0.0880768632,0.553403253
221.403,0.0880176445,0.553031171
221.501,0.0879005883,0.552295685
221.599,0.0877830555,0.551557204
221.697,0.0877240047,0.551186178
221.802,0.0877208589,0.551166411
221.9,0.0877303264,0.551225898
221.998,0.0877164758,0.551138872
222.103,0.0876394741,0.550655056
222.201,0.087526359,0.549944333
222.299,0.0874328797,0.549356985
222.397,0.0873644037,0.548926738
222.502,0.0872631616,0.548290615
222.6,0.0871675924,0.547690136
222.698,0.0871286158,0.547445238
222.803,0.087160567,0.547645994
222.901,0.0872539649,0.54823283
222.999,0.0873782725,0.549013878
223.097,0.0874985294,0.549769474
223.202,0.087616874,0.550513056
223.3,0.0877182412,0.551149965
223.398,0.0877925046,0.551616575
223.503,0.0878450954,0.551947013
223.601,0.0879111114,0.552361804
223.699,0.0879949149,0.552888356
223.797,0.0880457488,0.553207755
223.902,0.0880404171,0.553174255
224.0,0.08802495,0.553077072
224.098,0.0880545164,0.553262843
224.203,0.088136401,0.55377734
224.301,0.0882167958,0.554282475
224.399,0.0882729145,0.554635079
224.497,0.0883040787,0.55483089
224.602,0.0883178672,0.554917526
224.7,0.0883097073,0.554866255
224.798,0.088268341,0.554606344
224.903,0.0881690689,0.553982599
225.001,0.0880174664,0.553030051
225.099,0.0878510918,0.551984689
225.197,0.0877787915,0.551530413
225.302,0.0878577618,0.552026598
225.4,0.0879464888,0.552584086
225.498,0.0878991087,0.552286388
225.603,0.0877501584,0.551350506
225.701,0.0877764364,0.551515615
225.799,0.0879641016,0.552694751
225.897,0.0881051017,0.553580681
226.002,0.0881730978,0.554007912
226.1,0.0882148353,0.554270157
226.198,0.0882464611,0.554468868
226.303,0.0882535498,0.554513407
226.401,0.0882321286,0.554378814
226.499,0.0881855495,0.554086149
226.597,0.0880952219,0.553518604
226.702,0.0879110905,0.552361672
226.8,0.087673682,0.55086999
226.898,0.0875206764,0.549908628
227.003,0.0875095284,0.549838583
227.101,0.0874502603,0.549466191
227.199,0.087321709,0.548658479
227.297,0.087240111,0.548145783
227.402,0.0872233532,0.548040492
227.5,0.0872178348,0.548005818
227.598,0.0872075846,0.547941414
227.703,0.0872100661,0.547957006
227.801,0.087223815,0.548043393
227.899,0.087243135,0.548164784
227.997,0.0872819377,0.548408589
228.102,0.0873575429,0.54888363
228.2,0.087454244,0.549491221
228.298,0.0875484528,0.550083152
228.403,0.0875881866,0.550332807
228.501,0.0875245385,0.549932894
228.599,0.0873901695,0.549088629
228.697,0.0872930893,0.548478656
228.802,0.0873423457,0.548788143
228.9,0.0874965912,0.549757296
228.998,0.0876499848,0.550721097
229.103,0.0877556839,0.551385223
229.201,0.0877860934,0.551576292
229.299,0.0877622611,0.55142655
229.397,0.087718826,0.551153639
229.502,0.0876896641,0.550970409
229.6,0.0876874284,0.550956362
229.698,0.0876899813,0.550972402
229.803,0.0876829271,0.550928079
229.901,0.0876871848,0.550954831
229.999,0.0877388426,0.551279407
230.097,0.0878469587,0.55195872
230.202,0.0879785141,0.552785307
230.3,0.0880674902,0.553344361
230.398,0.0881173469,0.55365762
230.503,0.0881470081,0.553843986
230.601,0.0881753046,0.554021778
230.699,0.0882100586,0.554240144
230.797,0.0882189237,0.554295845
230.902,0.0881468319,0.553842879
231.0,0.0879948105,0.552887701
231.098,0.0878161098,0.551764891
231.203,0.0876796143,0.550907265
231.301,0.087603873,0.550431368
231.399,0.0875174455,0.549888328
231.497,0.0874183791,0.549265875
231.602,0.0873802753,0.549026462
231.7,0.087466311,0.54956704
231.798,0.0876322852,0.550609887
231.903,0.0878051717,0.551696165
232.001,0.0879202186,0.552419026
232.099,0.088002301,0.552934765
232.197,0.0880815753,0.55343286
232.302,0.0881792731,0.554046713
232.4,0.0882650065,0.554585392
232.498,0.0883209825,0.5549371
232.603,0.0883441567,0.555082707
232.701,0.0883474898,0.55510365
232.799,0.0883435825,0.555079099
232.897,0.0883234169,0.554952396
233.002,0.088261873,0.554565704
233.1,0.0881677994,0.553974622
233.198,0.0880777495,0.553408822
233.303,0.0880122799,0.552997464
233.401,0.0879131729,0.552374756
233.499,0.0877011067,0.551042305
233.597,0.0874375364,0.549386244
233.702,0.0872463998,0.548185297
233.8,0.0871646437,0.547671609
233.898,0.087097961,0.547252629
234.003,0.0870063352,0.546676927
234.101,0.0869232231,0.546154718
234.199,0.0868802163,0.545884498
234.297,0.0868983592,0.545998494
234.402,0.0869729753,0.54646732
234.5,0.0870807058,0.547144211
234.598,0.0872303288,0.54808432
234.703,0.0874259588,0.5493135
234.801,0.0876153397,0.550503415
234.899,0.0877900009,0.551600844
234.997,0.0879130626,0.552374063
235.102,0.0879306487,0.55248456
235.2,0.0878401355,0.551915849
235.298,0.087732543,0.551239825
235.403,0.0876763435,0.550886714
235.501,0.0876777955,0.550895836
235.599,0.0877110547,0.55110481
235.697,0.0877544193,0.551377278
235.802,0.087778877,0.55153095
235.9,0.0877657387,0.5514484
235.998,0.0877335756,0.551246313
236.103,0.0876864524,0.55095023
236.201,0.0876395377,0.550655456
236.299,0.0876266904,0.550574734
236.397,0.0876350069,0.550626988
236.502,0.08760959,0.550467288
236.6,0.0875734248,0.550240056
236.698,0.087585484,0.550315826
236.803,0.0876562171,0.550760255
236.901,0.0877400624,0.551287071
236.999,0.087828271,0.551841302
237.097,0.0879104254,0.552357493
237.202,0.0879667216,0.552711213
237.3,0.0879843254,0.552821821
237.398,0.0879978675,0.552906908
237.503,0.0880390543,0.553165693
237.601,0.0880877259,0.553471505
237.699,0.0881147555,0.553641337
237.797,0.0881081441,0.553599796
237.902,0.0880673706,0.553343609
238.0,0.0880164554,0.553023699
238.098,0.0879978993,0.552907108
238.203,0.0880316551,0.553119202
238.301,0.0880525615,0.553250561
238.399,0.0880226498,0.55306262
238.497,0.0879493895,0.552602312
238.602,0.087852888,0.551995975
238.7,0.0878017663,0.551674768
238.798,0.0878230792,0.551808681
238.903,0.087906368,0.552332
239.001,0.0880100544,0.55298348
239.099,0.0881304156,0.553739732
239.197,0.088267735,0.554602535
239.302,0.0884372466,0.555667609
239.4,0.0886217617,0.556826951
239.498,0.0888097019,0.558007814
239.603,0.0889607997,0.558957189
239.701,0.0890353878,0.559425841
239.799,0.089051644,0.559527981
239.897,0.0889997575,0.559201968
240.002,0.0889514454,0.558898415
240.1,0.0890129917,0.559285122
240.198,0.0891127065,0.559911648
240.303,0.0892087547,0.560515137
240.401,0.0893063185,0.561128148
240.499,0.0893689057,0.561521395
240.597,0.0893449975,0.561371176
240.702,0.0892290143,0.560642432
240.8,0.0891149946,0.559926025
240.898,0.0890638467,0.559604653
241.003,0.0890761292,0.559681826
241.101,0.0891192217,0.559952584
241.199,0.0891639027,0.560233323
241.297,0.0891773136,0.560317587
241.402,0.0891317502,0.560031304
241.5,0.0890462773,0.559494261
241.598,0.0889594427,0.558948663
241.703,0.0889020789,0.558588236
241.801,0.0888837854,0.558473295
241.899,0.0888853699,0.55848325
241.997,0.088927747,0.558749514
242.102,0.0890254627,0.559363479
242.2,0.0890821128,0.559719422
242.298,0.0890448463,0.55948527
242.403,0.0889455901,0.558861625
242.501,0.0888805975,0.558453265
242.599,0.0888740995,0.558412436
242.697,0.0888908442,0.558517646
242.802,0.0888886007,0.55850355
242.9,0.0888576895,0.558309329
242.998,0.0888052238,0.557979677
243.103,0.0887375646,0.557554562
243.201,0.0886747015,0.557159582
243.299,0.0886119602,0.556765366
243.397,0.088539376,0.556309306
243.502,0.0884397209,0.555683155
243.6,0.0883186967,0.554922737
243.698,0.0881669378,0.553969208
243.803,0.0880168202,0.553025992
243.901,0.0879306533,0.552484589
243.999,0.0878024335,0.55167896
244.097,0.0876110514,0.550476471
244.202,0.0874566019,0.549506036
244.3,0.0873709582,0.548967921
244.398,0.0873193989,0.548643964
244.503,0.0873129134,0.548603214
244.601,0.0873451436,0.548805723
244.699,0.087377129,0.549006693
244.797,0.0873626451,0.548915688
244.902,0.087288944,0.54845261
245.0,0.0872011038,0.547900694
245.098,0.0871161955,0.547367199
245.203,0.0870258537,0.546799565
245.301,0.0869342108,0.546223756
245.399,0.086824553,0.545534755
245.497,0.0867109613,0.544821038
245.602,0.0866277989,0.544298513
245.7,0.0865719569,0.543947647
245.798,0.0865081471,0.543546719
245.903,0.0865320208,0.543696722
246.001,0.0866547895,0.5444681
246.099,0.0867798107,0.545253632
246.197,0.0868796361,0.545880853
246.302,0.0869529754,0.546341657
246.4,0.0869918447,0.54658588
246.498,0.0870110033,0.546706258
246.603,0.0870148446,0.546730393
246.701,0.0870035955,0.546659713
246.799,0.0869805525,0.54651493
246.897,0.0869448575,0.546290651
247.002,0.0868847054,0.545912704
247.1,0.0868136152,0.545466031
247.198,0.0867482992,0.545055639
247.303,0.0866830681,0.54464578
247.401,0.0865893639,0.544057019
247.499,0.0864387319,0.54311057
247.597,0.0862675721,0.542035141
247.702,0.0861555237,0.541331121
247.8,0.0861171859,0.541090237
247.898,0.0860683852,0.540783614
248.003,0.0860363635,0.540582415
248.101,0.0860205721,0.540483195
248.199,0.0859183382,0.53984084
248.297,0.0857498898,0.538782448
248.402,0.085738528,0.538711059
248.5,0.0859785511,0.540219169
248.598,0.0862449996,0.541893314
248.703,0.0864380264,0.543106137
248.801,0.086569216,0.543930426
248.899,0.0866804106,0.544629082
248.997,0.0867660561,0.545167209
249.102,0.0868295525,0.545566168
249.2,0.0868660041,0.5457952
249.298,0.0868401826,0.54563296
249.403,0.0866962023,0.544728304
249.501,0.0865991765,0.544118673
249.599,0.0865577411,0.543858327
249.697,0.0864260462,0.543030864
249.802,0.0863567852,0.542595684
249.9,0.0863435299,0.542512398
249.998,0.086353394,0.542574377
250.103,0.0863656303,0.542651259
250.201,0.0863637587,0.5426395
250.299,0.0863729264,0.542697102
250.397,0.0864385568,0.54310947
250.502,0.0865797576,0.543996661
250.6,0.0867357735,0.544976937
250.698,0.0868765948,0.545861744
250.803,0.086985019,0.546542993
250.901,0.0870332705,0.546846167
250.999,0.0870280397,0.546813301
251.097,0.0869744407,0.546476528
251.202,0.0868538081,0.545718571
251.3,0.0866509648,0.544444069
251.398,0.0863531794,0.542573028
251.503,0.0859786538,0.540219815
251.601,0.0855723054,0.537666652
251.699,0.0852049174,0.535358285
251.797,0.0851384179,0.534940457
251.902,0.0852376535,0.535563972
252.0,0.0852683233,0.535756676
252.098,0.0852484004,0.535631497
252.203,0.0852133032,0.535410975
252.301,0.0852113218,0.535398525
252.399,0.0852767375,0.535809544
252.497,0.0853808678,0.536463814
252.602,0.085479734,0.537085009
252.7,0.0855194595,0.537334611
252.798,0.0854759081,0.53706097
252.903,0.0853910747,0.536527946
253.001,0.0853581634,0.536321158
253.099,0.0853469259,0.536250551
253.197,0.0853297929,0.536142901
253.302,0.0853489582,0.53626332
253.4,0.085404059,0.536609529
253.498,0.0854767557,0.537066296
253.603,0.0855990306,0.537834572
253.701,0.0857638797,0.538870349
253.799,0.0859326856,0.539930988
253.897,0.0860533131,0.540688913
254.002,0.0861012471,0.540990091
254.1,0.0860718882,0.540805623
254.198,0.0859939047,0.540315638
254.303,0.0858933189,0.539683639
254.401,0.0858160097,0.539197891
254.499,0.0857736737,0.538931886
254.597,0.0857550634,0.538814955
254.702,0.0857182215,0.53858347
254.8,0.08564868,0.538146528
254.898,0.0855577412,0.537575142
255.003,0.0854618345,0.536972543
255.101,0.0854023582,0.536598842
255.199,0.085378636,0.536449792
255.297,0.0853748183,0.536425804
255.402,0.0854068059,0.536626788
255.5,0.0854333436,0.536793529
255.598,0.0854134952,0.536668818
255.703,0.0854195766,0.536707029
255.801,0.0854911289,0.537156605
255.899,0.0855493187,0.537522223
255.997,0.0855684445,0.537642393
256.102,0.0856537256,0.53817823
256.2,0.0857925811,0.539050685
256.298,0.0858941857,0.539689085
256.403,0.0859877392,0.5402769
256.501,0.0860785895,0.540847729
256.599,0.0861251976,0.541140576
256.697,0.0861301121,0.541171455
256.802,0.08613765,0.541218817
256.9,0.0861751855,0.541454659
256.998,0.0862290396,0.541793035
257.103,0.0862494972,0.541921573
257.201,0.0861882429,0.541536701
257.299,0.0860500958,0.540668697
257.397,0.0858896399,0.539660523
257.502,0.0857800854,0.538972172
257.6,0.0857426667,0.538737064
257.698,0.0856961772,0.538444961
257.803,0.0856490731,0.538148997
257.901,0.085687403,0.538389832
257.999,0.0857966786,0.53907643
258.097,0.0859268206,0.539894137
258.202,0.0860501757,0.5406692
258.3,0.0861194439,0.541104425
258.398,0.0861148967,0.541075853
258.503,0.0860677788,0.540779803
258.601,0.0860574524,0.54071492
258.699,0.0860951885,0.540952023
258.797,0.0861600912,0.541359819
258.902,0.086241434,0.541870911
259.0,0.0863097119,0.542299914
259.098,0.0863419817,0.542502671
259.203,0.0863147461,0.542331545
259.301,0.0862330341,0.541818133
259.399,0.0861054449,0.541016466
259.497,0.0859408147,0.539982064
259.602,0.0857447137,0.538749925
259.7,0.0855747212,0.537681831
259.798,0.085454218,0.536924687
259.903,0.0854134008,0.536668225
260.001,0.0854567733,0.536940742
260.099,0.0855422339,0.537477707
260.197,0.0856069584,0.537884384
260.302,0.0856276488,0.538014385
260.4,0.0856684951,0.53827103
260.498,0.085747283,0.538766069
260.603,0.0858072642,0.539142942
260.701,0.0857993148,0.539092994
260.799,0.0857636056,0.538868626
260.897,0.0857546344,0.538812259
261.002,0.0857567657,0.53882565
261.1,0.0857298224,0.538656361
261.198,0.0856583783,0.538207464
261.303,0.0855446288,0.537492755
261.401,0.0854492293,0.536893342
261.499,0.0853056764,0.535991373
261.597,0.0851750522,0.535170636
261.702,0.0853248452,0.536111814
261.8,0.0854917989,0.537160815
261.898,0.0855678496,0.537638655
262.003,0.0855650823,0.537621268
262.101,0.0854925943,0.537165813
262.199,0.0853545915,0.536298715
262.297,0.0853328295,0.53616198
262.402,0.0855136236,0.537297944
262.5,0.085603969,0.537865601
262.598,0.0856477486,0.538140675
262.703,0.0856642317,0.538244242
262.801,0.0856332996,0.53804989
262.899,0.0855777169,0.537700653
262.997,0.0855295438,0.537397973
263.102,0.0855050052,0.537243793
263.2,0.0854988646,0.53720521
263.298,0.0854960938,0.537187801
263.403,0.0855006149,0.537216207
263.501,0.0855223933,0.537353045
263.599,0.0855596457,0.537587109
263.697,0.0855943733,0.537805309
263.802,0.0856263605,0.53800629
263.9,0.0856615726,0.538227535
263.998,0.0856750871,0.538312448
264.103,0.0856577229,0.538203346
264.201,0.0856676849,0.538265939
264.299,0.0857024476,0.538484359
264.397,0.0857044863,0.538497169
264.502,0.0856516758,0.538165351
264.6,0.0856139093,0.537928057
264.698,0.0856621758,0.538231324
264.803,0.0857921795,0.539048162
264.901,0.0859299808,0.539913993
264.999,0.0860628843,0.54074905
265.097,0.0861842112,0.54151137
265.202,0.0862990715,0.542233058
265.3,0.0863782171,0.542730345
265.398,0.0864158483,0.542966788
265.503,0.0864445075,0.543146859
265.601,0.0865071574,0.543540501
265.699,0.0865929921,0.544079816
265.797,0.0866610673,0.544507545
265.902,0.0867128125,0.544832669
266.0,0.086797834,0.545366875
266.098,0.0869492573,0.546318296
266.203,0.087128438,0.547444121
266.301,0.0872463085,0.548184724
266.399,0.0873143989,0.548612548
266.497,0.0873558667,0.548873098
266.602,0.0873621026,0.54891228
266.7,0.0873192815,0.548643227
266.798,0.0872470606,0.548189449
266.903,0.0871616463,0.547652776
267.001,0.0870732823,0.547097568
267.099,0.0869870983,0.546556058
267.197,0.0869397727,0.546258702
267.302,0.0869571519,0.546367899
267.4,0.0870202401,0.546764294
267.498,0.0870815398,0.547149451
267.603,0.0870721306,0.547090332
267.701,0.086973389,0.54646992
267.799,0.0868790732,0.545877316
267.897,0.0868436813,0.545654942
268.002,0.086814658,0.545472583
268.1,0.0867543795,0.545093843
268.198,0.0867096233,0.544812631
268.303,0.0867437914,0.545027316
268.401,0.0867857054,0.545290669
268.499,0.0867624119,0.545144312
268.597,0.0866777257,0.544612212
268.702,0.0865631522,0.543892326
268.8,0.0864002662,0.542868883
268.898,0.0862883675,0.542165803
269.003,0.0863333911,0.542448695
269.101,0.0863484886,0.542543555
269.199,0.0863203712,0.542366888
269.297,0.0862812456,0.542121055
269.402,0.0862238849,0.541760647
269.5,0.0861503032,0.541298319
269.598,0.0860735108,0.540815818
269.703,0.0860094486,0.540413303
269.801,0.0859564144,0.54008008
269.899,0.0858799581,0.539599691
269.997,0.0857705,0.538911945
270.102,0.0856451252,0.538124192
270.2,0.0855583197,0.537578777
270.298,0.0855182158,0.537326797
270.403,0.0855104866,0.537278233
270.501,0.0855038893,0.537236781
270.599,0.0854811101,0.537093655
270.697,0.0854348863,0.536803222
270.802,0.0853449006,0.536237826
270.9,0.0852311929,0.535523379
270.998,0.0850948809,0.534666905
271.103,0.0849481259,0.533744816
271.201,0.084878718,0.533308714
271.299,0.084829859,0.533001724
271.397,0.0847263683,0.532351472
271.502,0.0845573476,0.531289484
271.6,0.0844279532,0.530476475
271.698,0.0844007716,0.530305688
271.803,0.0844486109,0.530606271
271.901,0.0844875112,0.530850689
271.999,0.0845154216,0.531026055
272.097,0.0845829294,0.531450219
272.202,0.0847321244,0.532387639
272.3,0.0848774291,0.533300615
272.398,0.084966891,0.533862721
272.503,0.0849950296,0.534039521
272.601,0.0849633792,0.533840656
272.699,0.0848952741,0.533412739
272.797,0.0848531762,0.53314823
272.902,0.0849064331,0.533482853
273.0,0.0850368635,0.534302371
273.098,0.0851933849,0.535285824
273.203,0.0853642141,0.536359176
273.301,0.0855446396,0.537492823
273.399,0.0857722391,0.538922872
273.497,0.0860375473,0.540589853
273.602,0.0863148691,0.542332318
273.7,0.0865136611,0.543581364
273.798,0.0866291052,0.544306721
273.903,0.0866774424,0.544610432
274.001,0.0866415232,0.544384746
274.099,0.0865142622,0.543585141
274.197,0.0863249523,0.542395672
274.302,0.0860897334,0.540917748
274.4,0.0858627659,0.539491669
274.498,0.0856772187,0.538325842
274.603,0.0855707119,0.53765664
274.701,0.0854989023,0.537205446
274.799,0.0853988939,0.536577076
274.897,0.085303346,0.53597673
275.002,0.0852518671,0.535653279
275.1,0.0852962406,0.535932086
275.198,0.085440446,0.536838155
275.303,0.0856373788,0.538075521
275.401,0.0857918682,0.539046206
275.499,0.085885836,0.539636623
275.597,0.0859213707,0.539859894
275.702,0.0859198045,0.539850053
275.8,0.0859023721,0.539740522
275.898,0.0858867082,0.539642103
276.003,0.085908028,0.539776059
276.101,0.0859441366,0.540002936
276.199,0.0859185704,0.539842299
276.297,0.0857855755,0.539006668
276.402,0.0855426564,0.537480362
276.5,0.0853072781,0.536001436
276.598,0.0851615537,0.535085823
276.703,0.0851035726,0.534721517
276.801,0.0850548583,0.534415436
276.899,0.0849619084,0.533831415
276.997,0.084828019,0.532990163
277.102,0.0846968944,0.532166283
277.2,0.0846460651,0.531846913
277.298,0.0846594404,0.531930952
277.403,0.084656724,0.531913885
277.501,0.0845976504,0.531542714
277.599,0.0845428828,0.531198599
277.697,0.0845495363,0.531240404
277.802,0.0846096801,0.531618299
277.9,0.0846567069,0.531913777
277.998,0.0846688453,0.531990044
278.103,0.0846685203,0.531988003
278.201,0.0846923867,0.53213796
278.299,0.0847503656,0.532502252
278.397,0.084811758,0.532887992
278.502,0.0848359494,0.533039991
278.6,0.0848181029,0.532927858
278.698,0.0848189457,0.532933153
278.803,0.0848765769,0.533295261
278.901,0.0849268628,0.533611216
278.999,0.0849721893,0.533896011
279.097,0.0850423085,0.534336583
279.202,0.0850680263,0.534498173
279.3,0.0849748587,0.533912784
279.398,0.0847526887,0.532516848
279.503,0.0845584351,0.531296317
279.601,0.0846948355,0.532153346
279.699,0.0848871472,0.533361676
279.797,0.0849457694,0.533730011
279.902,0.0849665263,0.533860429
280.0,0.0850084018,0.534123541
280.098,0.0850638899,0.534472183
280.203,0.0851296425,0.534885319
280.301,0.0851954567,0.535298842
280.399,0.0852600659,0.535704794
280.497,0.0853267123,0.536123545
280.602,0.0854221707,0.536723328
280.7,0.0855409819,0.537469841
280.798,0.0856709578,0.538286503
280.903,0.0857961377,0.539073032
281.001,0.0858851806,0.539632505
281.099,0.0859471062,0.540021595
281.197,0.0859844785,0.540256412
281.302,0.0859778222,0.540214589
281.4,0.0858818921,0.539611843
281.498,0.0856471512,0.538136922
281.603,0.0852578131,0.535690639
281.701,0.084899232,0.533437607
281.799,0.084575962,0.531406442
281.897,0.0842377606,0.52928146
282.002,0.0841334322,0.528625945
282.1,0.0843014013,0.529681326
282.198,0.0844051748,0.530333354
282.303,0.0843730489,0.530131501
282.401,0.0843231235,0.529817811
282.499,0.0843119586,0.52974766
282.597,0.0843323347,0.529875686
282.702,0.0843312376,0.529868793
282.8,0.0842531264,0.529378006
282.898,0.0841292699,0.528599792
283.003,0.0841110672,0.528485422
283.101,0.0842912844,0.52961776
283.199,0.0845412486,0.531188331
283.297,0.0847377965,0.532423278
283.402,0.0848703418,0.533256084
283.5,0.0849410848,0.533700576
283.598,0.0849744567,0.533910258
283.703,0.0849512279,0.533764307
283.801,0.0848481346,0.533116553
283.899,0.0846989948,0.532179479
283.997,0.0846124137,0.531635475
284.102,0.084668695,0.5319891
284.2,0.0847701454,0.532626532
284.298,0.0848377846,0.533051522
284.403,0.0848788993,0.533309853
284.501,0.0849123181,0.533519829
284.599,0.0849590854,0.533813677
284.697,0.0850128307,0.534151369
284.802,0.0850328246,0.534276994
284.9,0.0849623747,0.533834345
284.998,0.084828289,0.532991859
285.103,0.084644162,0.531834955
285.201,0.0845209945,0.531061071
285.299,0.0847933964,0.532772622
285.397,0.0853176241,0.536066442
285.502,0.0856278398,0.538015585
285.6,0.085678363,0.538333032
285.698,0.0857251542,0.53862703
285.803,0.0858841776,0.539626203
285.901,0.0860511463,0.540675298
285.999,0.0861682388,0.541411012
286.097,0.0862409074,0.541867602
286.202,0.0862645132,0.542015922
286.3,0.0862186666,0.541727859
286.398,0.0861444792,0.541261726
286.503,0.0861008834,0.540987806
286.601,0.0861235035,0.541129932
286.699,0.0862018782,0.541622374
286.797,0.0863088086,0.542294238
286.902,0.0864354723,0.543090089
287.0,0.0865710041,0.543941661
287.098,0.0867411823,0.545010922
287.203,0.0869483287,0.546312461
287.301,0.0871115136,0.547337782
287.399,0.0872018375,0.547905304
287.497,0.0872202375,0.548020915
287.602,0.087177643,0.547753286
287.7,0.0870745641,0.547105622
287.798,0.0869060536,0.546046839
287.903,0.0866764641,0.544604286
288.001,0.0864441778,0.543144788
288.099,0.0862027368,0.541627769
288.197,0.0859532377,0.54006012
288.302,0.0857032016,0.538489097
288.4,0.0855316357,0.537411117
288.498,0.0854317996,0.536783828
288.603,0.0853984516,0.536574297
288.701,0.0854290051,0.536766269
288.799,0.0854763936,0.53706402
288.897,0.0855208716,0.537343484
289.002,0.0855715895,0.537662154
289.1,0.0856123788,0.537918441
289.198,0.0856209759,0.537972458
289.303,0.0855728332,0.537669969
289.401,0.0854879806,0.537136824
289.499,0.0854101968,0.536648094
289.597,0.085383196,0.536478443
289.702,0.0854167144,0.536689045
289.8,0.0854841889,0.537112999
289.898,0.0855762622,0.537691513
290.003,0.0857013791,0.538477646
290.101,0.0858327225,0.539302901
290.199,0.0859407519,0.53998167
290.297,0.0859752684,0.540198543
290.402,0.0859079978,0.539775869
290.5,0.0858229594,0.539241557
290.598,0.0858150216,0.539191683
290.703,0.0858506937,0.539415817
290.801,0.085876908,0.539580527
290.899,0.0859037133,0.539748949
290.997,0.0859109598,0.539794481
291.102,0.0858511502,0.539418685
291.2,0.0857081571,0.538520233
291.298,0.0854904107,0.537152093
291.403,0.0852424909,0.535594367
291.501,0.0851079976,0.53474932
291.599,0.0851310896,0.534894411
291.697,0.0852340891,0.535541576
291.802,0.0852916445,0.535903208
291.9,0.0852334303,0.535537437
291.998,0.0850960578,0.5346743
292.103,0.084987066,0.533989484
292.201,0.0849954098,0.53404191
292.299,0.0850435485,0.534344374
292.397,0.0850529659,0.534403546
292.502,0.0850302371,0.534260736
292.6,0.0850208395,0.53420169
292.698,0.0850247359,0.534226171
292.803,0.0850426969,0.534339023
292.901,0.0850742744,0.534537431
292.999,0.0850998202,0.53469794
293.097,0.0851017739,0.534710216
293.202,0.0850954491,0.534670475
293.3,0.0851143904,0.534789487
293.398,0.0851606282,0.535080008
293.503,0.0851990296,0.535321291
293.601,0.0851740743,0.535164492
293.699,0.0850461415,0.534360667
293.797,0.0848199755,0.532939624
293.902,0.084557785,0.531292232
294.0,0.0843814154,0.530184069
294.098,0.0843129238,0.529753724
294.203,0.0843348769,0.529891659
294.301,0.0843730531,0.530131527
294.399,0.0843739362,0.530137076
294.497,0.0843372872,0.529906804
294.602,0.0843252279,0.529831033
294.7,0.0844114819,0.530372983
294.798,0.0845688844,0.531361972
294.903,0.0847447627,0.532467048
295.001,0.0848911529,0.533386844
295.099,0.0850191052,0.534190793
295.197,0.0851292383,0.534882779
295.302,0.0852200492,0.535453361
295.4,0.0852861425,0.535868637
295.498,0.085340034,0.536207248
295.603,0.0853695557,0.536392738
295.701,0.0853902695,0.536522887
295.799,0.0854677165,0.537009501
295.897,0.0856210961,0.537973213
296.002,0.0858312732,0.539293795
296.1,0.0860006484,0.54035801
296.198,0.0861208681,0.541113373
296.303,0.0862241581,0.541762363
296.401,0.0862986583,0.542230462
296.499,0.0863590217,0.542609736
296.597,0.0864410474,0.543125119
296.702,0.0865375802,0.543731652
296.8,0.0865703754,0.543937711
296.898,0.0865293777,0.543680114
297.003,0.0864532534,0.543201812
297.101,0.086408029,0.542917658
297.199,0.0864057623,0.542903416
297.297,0.0864423606,0.54313337
297.402,0.0865089773,0.543551935
297.5,0.0865635373,0.543894745
297.598,0.0865995534,0.544121042
297.703,0.0866667184,0.544543051
297.801,0.0867970771,0.54536212
297.899,0.0869606837,0.54639009
297.997,0.0870827126,0.547156821
298.102,0.0871082677,0.547317387
298.2,0.0870352066,0.546858332
298.298,0.0869199612,0.546134223
298.403,0.0868170534,0.545487634
298.501,0.0867556348,0.54510173
298.599,0.0867081009,0.544803065
298.697,0.0866430796,0.544394525
298.802,0.0864979088,0.54348239
298.9,0.0862334355,0.541820655
298.998,0.0858811706,0.53960731
299.103,0.0856005564,0.537844158
299.201,0.0854398911,0.536834668
299.299,0.0852929153,0.535911192
299.397,0.0851622881,0.535090438
299.502,0.0851069381,0.534742663
299.6,0.0851662216,0.535115152
299.698,0.0852678491,0.535753697
299.803,0.0853331846,0.536164212
299.901,0.0853590548,0.536326759
299.999,0.0854073672,0.536630315
300.097,0.0854792367,0.537081884
300.202,0.0855323162,0.537415393
300.3,0.0855473558,0.537509889
300.398,0.0855444576,0.537491679
300.503,0.0855219651,0.537350354
300.601,0.0854780036,0.537074136
300.699,0.0854196065,0.536707217
300.797,0.0853368335,0.536187138
300.902,0.0851973607,0.535310805
301.0,0.0850384037,0.534312049
301.098,0.0848792712,0.53331219
301.203,0.084675244,0.532030249
301.301,0.0844338063,0.530513251
301.399,0.0842092092,0.529102066
301.497,0.0840915346,0.528362695
301.602,0.0840777533,0.528276104
301.7,0.0840962799,0.528392511
301.798,0.0841103115,0.528480673
301.903,0.084089159,0.528347769
302.001,0.0840134609,0.527872143
302.099,0.083914811,0.527252307
302.197,0.083856322,0.526884811
302.302,0.0838648693,0.526938514
302.4,0.0839427614,0.527427925
302.498,0.0840829146,0.528308534
302.603,0.0842630333,0.529440253
302.701,0.084416637,0.530405373
302.799,0.0845095802,0.530989353
302.897,0.084517986,0.531042168
303.002,0.0844812266,0.530811202
303.1,0.0844688687,0.530733555
303.198,0.0844855289,0.530838234
303.303,0.084499303,0.530924779
303.401,0.0844873246,0.530849516
303.499,0.0845021591,0.530942725
303.597,0.0846218573,0.531694811
303.702,0.0848240256,0.532965071
303.8,0.0849764577,0.53392283
303.898,0.0850416061,0.53433217
304.003,0.0849952035,0.534040614
304.101,0.0849042655,0.533469233
304.199,0.0848718663,0.533265663
304.297,0.0848644966,0.533219358
304.402,0.0848175039,0.532924094
304.5,0.0847672886,0.532608582
304.598,0.0847569726,0.532543765
304.703,0.0847367872,0.532416936
304.801,0.084661695,0.531945118
304.899,0.0846111567,0.531627577
304.997,0.0846025669,0.531573605
305.102,0.0845783373,0.531421366
305.2,0.0844958557,0.530903119
305.298,0.0843635748,0.530071973
305.403,0.0842583176,0.529410623
305.501,0.0842705355,0.529487391
305.599,0.084353625,0.530009457
305.697,0.0844613238,0.530686149
305.802,0.0846316636,0.531756425
305.9,0.0848465853,0.533106818
305.998,0.0850700381,0.534510813
306.103,0.085273485,0.535789108
306.201,0.0854174559,0.536693704
306.299,0.085524664,0.537367312
306.397,0.0855827212,0.537732096
306.502,0.0855359838,0.537438437
306.6,0.0854435404,0.536857597
306.698,0.0854227688,0.536727086
306.803,0.0854221554,0.536723231
306.901,0.0853899502,0.53652088
306.999,0.0853646874,0.536362149
307.097,0.0853500656,0.536270278
307.202,0.0853519909,0.536282375
307.3,0.0854415113,0.536844848
307.398,0.0856439375,0.53811673
307.503,0.0859279956,0.53990152
307.601,0.0862032198,0.541630804
307.699,0.086460246,0.543245747
307.797,0.0866697388,0.54456203
307.902,0.0868011557,0.545387746
308.0,0.0868229743,0.545524837
308.098,0.0867692763,0.545187442
308.203,0.0866676739,0.544549055
308.301,0.0865709866,0.543941551
308.399,0.086512982,0.543577098
308.497,0.0865183783,0.543611003
308.602,0.0865778967,0.543984969
308.7,0.0866260163,0.544287313
308.798,0.0866024967,0.544139535
308.903,0.086472423,0.543322257
309.001,0.0863017017,0.542249584
309.099,0.0861547163,0.541326047
309.197,0.0860795923,0.54085403
309.302,0.0860826128,0.540873008
309.4,0.0861275198,0.541155167
309.498,0.0861574563,0.541343263
309.603,0.0860968712,0.540962596
309.701,0.0859530758,0.540059103
309.799,0.0857933453,0.539055487
309.897,0.0857128534,0.538549741
310.002,0.0858034782,0.539119153
310.1,0.0860275822,0.54052724
310.198,0.0862665549,0.54202875
310.303,0.086422785,0.543010373
310.401,0.0864484926,0.543171899
310.499,0.0864416434,0.543128864
310.597,0.0864798787,0.543369103
310.702,0.0865498211,0.543808564
310.8,0.0866113952,0.544195446
310.898,0.0866684162,0.544553719
311.003,0.0867389514,0.544996905
311.101,0.0868228224,0.545523882
311.199,0.0868950244,0.54597754
311.297,0.0869366226,0.54623891
311.402,0.0869426911,0.546277039
311.5,0.0869083088,0.546061009
311.598,0.0868758976,0.545857363
311.703,0.0869199146,0.54613393
311.801,0.0870383083,0.54687782
311.899,0.0871928856,0.547849058
311.997,0.0873467142,0.548815591
312.102,0.087437191,0.549384074
312.2,0.0873952281,0.549120413
312.298,0.0872584514,0.54826102
312.403,0.0870965458,0.547243737
312.501,0.0870015446,0.546646827
312.599,0.0869796242,0.546509097
312.697,0.0869692532,0.546443934
312.802,0.0868486415,0.545686108
312.9,0.0866059805,0.544161424
312.998,0.086332323,0.542441984
313.103,0.0860737909,0.540817578
313.201,0.0858743263,0.539564305
313.299,0.085788688,0.539026224
313.397,0.085866119,0.539512737
313.502,0.0860418844,0.540617104
313.6,0.0861876111,0.541532731
313.698,0.0862858214,0.542149805
313.803,0.0863841176,0.542767419
313.901,0.0865091787,0.543553201
313.999,0.0866594685,0.544497499
314.097,0.0867996074,0.545378018
314.202,0.0868906133,0.545949825
314.3,0.0869131914,0.546091687
314.398,0.0869136509,0.546094574
314.503,0.0868932079,0.545966127
314.601,0.0868281459,0.54555733
314.699,0.0867262964,0.544917391
314.797,0.0865693664,0.543931371
314.902,0.0863481459,0.542541402
315.0,0.0861923065,0.541562234
315.098,0.0861259254,0.541145149
315.203,0.086110512,0.541048304
315.301,0.0861668115,0.541402044
315.399,0.0862834881,0.542135145
315.497,0.0864574592,0.543228237
315.602,0.0866987108,0.544744066
315.7,0.086898228,0.545997669
315.798,0.086984116,0.54653732
315.903,0.0869194689,0.54613113
316.001,0.0868494351,0.545691094
316.099,0.0868620011,0.545770049
316.197,0.0868357337,0.545605006
316.302,0.0867154517,0.544849252
316.4,0.0866485557,0.544428932
316.498,0.0866807919,0.544631478
316.603,0.0867435687,0.545025916
316.701,0.0867844277,0.545282641
316.799,0.0868123066,0.545457809
316.897,0.0868272043,0.545551414
317.002,0.086826175,0.545544947
317.1,0.0868232248,0.545526411
317.198,0.0868368637,0.545612106
317.303,0.0868854716,0.545917518
317.401,0.0869672306,0.546431225
317.499,0.0870633688,0.54703528
317.597,0.087144479,0.54754491
317.702,0.0871978614,0.547880322
317.8,0.0872342139,0.548108731
317.898,0.0872722374,0.54834764
318.003,0.0872758009,0.54837003
318.101,0.0872143959,0.547984211
318.199,0.0871279047,0.547440771
318.297,0.0870888497,0.547195381
318.402,0.0871321545,0.547467473
318.5,0.0872128995,0.547974809
318.598,0.0872917522,0.548470255
318.703,0.0873454935,0.548807922
318.801,0.0873431093,0.548792941
318.899,0.0872873796,0.548442781
318.997,0.0871822457,0.547782205
319.102,0.0870196533,0.546760607
319.2,0.0868491903,0.545689557
319.298,0.0867030849,0.544771549
319.403,0.0865806937,0.544002543
319.501,0.0864234194,0.543014359
319.599,0.0862463611,0.541901869
319.697,0.0861911702,0.541555094
319.802,0.0862897562,0.542174528
319.9,0.0864786091,0.543361126
319.998,0.0867013609,0.544760717
320.103,0.0868644012,0.545785129
320.201,0.086855499,0.545729195
320.299,0.0867054732,0.544786555
320.397,0.0865177073,0.543606787
320.502,0.0863825598,0.542757631
320.6,0.0863793256,0.542737309
320.698,0.0864497018,0.543179496
320.803,0.0864595194,0.543241182
320.901,0.0863294614,0.542424003
320.999,0.0861136794,0.541068205
321.097,0.0859358549,0.539950901
321.202,0.0859208548,0.539856653
321.3,0.0860682604,0.540782829
321.398,0.0862314454,0.54180815
321.503,0.086293852,0.542200263
321.601,0.0862237618,0.541759873
321.699,0.0860798243,0.540855487
321.797,0.0859200829,0.539851802
321.902,0.0857803035,0.538973542
322.0,0.0857228968,0.538612845
322.098,0.0857341625,0.53868363
322.203,0.0857590605,0.538840069
322.301,0.0857375782,0.538705092
322.399,0.0856625807,0.538233868
322.497,0.0855597577,0.537587813
322.602,0.0854558784,0.53693512
322.7,0.0853861012,0.536496697
322.798,0.08534153,0.536216647
322.903,0.085332903,0.536162442
323.001,0.0853487127,0.536261778
323.099,0.0853493034,0.536265489
323.197,0.0853166867,0.536060552
323.302,0.0852468266,0.535621609
323.4,0.0852122042,0.535404069
323.498,0.0852811935,0.535837542
323.603,0.0854252883,0.536742916
323.701,0.0855605534,0.537592812
323.799,0.0856860533,0.538381351
323.897,0.0858026524,0.539113965
324.002,0.0858973792,0.539709151
324.1,0.0859276276,0.539899207
324.198,0.0858871657,0.539644977
324.303,0.0858135837,0.539182648
324.401,0.0857948521,0.539064954
324.499,0.0858049017,0.539128098
324.597,0.0857841248,0.538997553
324.702,0.0857531093,0.538802676
324.8,0.0858296828,0.539283802
324.898,0.0860101864,0.540417939
325.003,0.0861151679,0.541077558
325.101,0.0860789754,0.540850153
325.199,0.0860018039,0.54036527
325.297,0.0859667702,0.540145147
325.402,0.0860562152,0.540707147
325.5,0.0862482306,0.541913615
325.598,0.086457294,0.543227199
325.703,0.0866112303,0.544194409
325.801,0.086651288,0.544446099
325.899,0.0866280396,0.544300026
325.997,0.0866244959,0.54427776
326.102,0.0866781021,0.544614578
326.2,0.0867482423,0.545055281
326.298,0.0868021479,0.54539398
326.403,0.0868124373,0.54545863
326.501,0.0867740252,0.54521728
326.599,0.0867008982,0.54475781
326.697,0.0866563136,0.544477676
326.802,0.0867302395,0.544942167
326.9,0.0868952519,0.54597897
326.998,0.0870751708,0.547109434
327.103,0.0872216903,0.548030043
327.201,0.0873083733,0.548574688
327.299,0.0873736711,0.548984967
327.397,0.0874491942,0.549459492
327.502,0.0875446732,0.550059405
327.6,0.0876351903,0.55062814
327.698,0.0877224121,0.551176171
327.803,0.0878170025,0.5517705
327.901,0.0878906604,0.552233306
327.999,0.0879010016,0.552298282
328.097,0.0878123577,0.551741316
328.202,0.0876348555,0.550626037
328.3,0.0874627406,0.549544607
328.398,0.087266592,0.548312168
328.503,0.0869754709,0.546483001
328.601,0.0868572999,0.54574051
328.699,0.086890812,0.545951074
328.797,0.0867657065,0.545165012
328.902,0.0865211955,0.543628704
329.0,0.0863470281,0.542534378
329.098,0.0862542309,0.541951317
329.203,0.08619656,0.541588959
329.301,0.0860757816,0.540830086
329.399,0.0858969926,0.539706722
329.497,0.0857215168,0.538604175
329.602,0.0856046996,0.537870191
329.7,0.0856125962,0.537919807
329.798,0.0857001043,0.538469636
329.903,0.0858054832,0.539131751
330.001,0.0859245032,0.539879576
330.099,0.0860627198,0.540748017
330.197,0.0861407182,0.541238095
330.302,0.08607607,0.540831898
330.4,0.0859057943,0.539762024
330.498,0.0857163859,0.538571936
330.603,0.085523683,0.537361149
330.701,0.0854104046,0.5366494
330.799,0.0854300756,0.536772996
330.897,0.0855306589,0.537404979
331.002,0.0856067156,0.537882858
331.1,0.0856052408,0.537873591
331.198,0.0855953486,0.537811437
331.303,0.0856345943,0.538058025
331.401,0.0857172645,0.538577457
331.499,0.0858462391,0.539387828
331.597,0.0858735989,0.539559735
331.702,0.08573732,0.538703469
331.8,0.0857179923,0.53858203
331.898,0.085875555,0.539572026
332.003,0.0861203215,0.541109939
332.101,0.0863607649,0.542620689
332.199,0.0865487491,0.543801829
332.297,0.0866237601,0.544273137
332.402,0.0866108828,0.544192226
332.5,0.0865528589,0.543827651
332.598,0.086434364,0.543083126
332.703,0.0862624634,0.542003043
332.801,0.0861287106,0.541162649
332.899,0.0860696404,0.5407915
332.997,0.0860274093,0.540526154
333.102,0.0859307479,0.539918812
333.2,0.0857962618,0.539073811
333.298,0.0856979034,0.538455808
333.403,0.0857431413,0.538740046
333.501,0.0859186014,0.539842494
333.599,0.0861085565,0.541036017
333.697,0.0862017229,0.541621399
333.802,0.0861620099,0.541371875
333.9,0.0860539107,0.540692667
333.998,0.085950846,0.540045093
334.103,0.0858926873,0.539679671
334.201,0.0858753387,0.539570666
334.299,0.0858466658,0.539390509
334.397,0.0858051808,0.539129851
334.502,0.0858051253,0.539129502
334.6,0.0858562498,0.539450728
334.698,0.0859181119,0.539839418
334.803,0.0859644669,0.540130675
334.901,0.0859857068,0.54026413
334.999,0.0860112734,0.540424769
335.097,0.0860531038,0.540687598
335.202,0.0860702538,0.540795354
335.3,0.0860246864,0.540509045
335.398,0.0859111796,0.539795862
335.503,0.0857454452,0.538754522
335.601,0.0856457811,0.538128314
335.699,0.0856284448,0.538019386
335.797,0.0856156228,0.537938823
335.902,0.0855894646,0.537774467
336.0,0.0856118851,0.537915338
336.098,0.0856487909,0.538147224
336.203,0.0856400418,0.538092252
336.301,0.0855756115,0.537687425
336.399,0.0854713586,0.537032384
336.497,0.0853816,0.536468415
336.602,0.0853670694,0.536377116
336.7,0.0854305311,0.536775858
336.798,0.0855128026,0.537292785
336.903,0.0855577806,0.53757539
337.001,0.0855525809,0.537542719
337.099,0.0855109018,0.537280842
337.197,0.0854494098,0.536894476
337.302,0.0853727111,0.536412564
337.4,0.0852562214,0.535680638
337.498,0.0850974538,0.534683071
337.603,0.084925151,0.533600461
337.701,0.0847713611,0.532634171
337.799,0.0846044272,0.531585294
337.897,0.0844402062,0.530553463
338.002,0.0843519201,0.529998745
338.1,0.0844227114,0.53044354
338.198,0.0846390081,0.531802572
338.303,0.0849599719,0.533819247
338.401,0.0852163644,0.535430209
338.499,0.0853186209,0.536072705
338.597,0.0852439812,0.53560373
338.702,0.0850104692,0.534136531
338.8,0.0847486787,0.532491653
338.898,0.0845435808,0.531202985
339.003,0.0843470376,0.529968068
339.101,0.0841856823,0.528954242
339.199,0.0842209551,0.529175868
339.297,0.0844197351,0.530424839
339.402,0.0845979382,0.531544523
339.5,0.0847061702,0.532224564
339.598,0.0847962435,0.532790511
339.703,0.0848963822,0.533419701
339.801,0.0850061502,0.534109394
339.899,0.0851152349,0.534794793
339.997,0.0851695193,0.535135872
340.102,0.0851537122,0.535036553
340.2,0.0851335679,0.534909983
340.298,0.0851238014,0.534848618
340.403,0.0850633238,0.534468626
340.501,0.0849360962,0.533669232
340.599,0.0847752993,0.532658915
340.697,0.0846400424,0.531809071
340.802,0.0845609633,0.531312202
340.9,0.084539063,0.531174598
340.998,0.0845177095,0.53104043
341.103,0.084466102,0.530716171
341.201,0.084426476,0.530467194
341.299,0.0844271421,0.530471379
341.397,0.0844664865,0.530718587
341.502,0.0845540988,0.531269071
341.6,0.0846895642,0.532120225
341.698,0.0848406193,0.533069333
341.803,0.0849487526,0.533748754
341.901,0.0849497729,0.533755165
341.999,0.0848014537,0.532823248
342.097,0.0844807645,0.530808299
342.202,0.0840040408,0.527812955
342.3,0.0836048284,0.52530463
342.398,0.083526175,0.524810436
342.503,0.0838563127,0.526884752
342.601,0.0842596648,0.529419088
342.699,0.0845297682,0.531116197
342.797,0.0846625327,0.531950382
342.902,0.0847492245,0.532495082
343.0,0.0848284727,0.532993013
343.098,0.0849249685,0.533599315
343.203,0.0850362572,0.534298562
343.301,0.0850956725,0.534671879
343.399,0.0850636755,0.534470836
343.497,0.0849371855,0.533676076
343.602,0.0847792564,0.532683778
343.7,0.0846970098,0.532167008
343.798,0.0846296199,0.531743584
343.903,0.0845549775,0.531274592
344.001,0.0845267113,0.531096991
344.099,0.0845204402,0.531057588
344.197,0.0845413741,0.531189119
344.302,0.0846503627,0.531873915
344.4,0.0848654288,0.533225215
344.498,0.0851508068,0.535018298
344.603,0.0854387325,0.536827389
344.701,0.0856399594,0.538091735
344.799,0.0858094252,0.53915652
344.897,0.085964924,0.540133548
345.002,0.086102552,0.54099829
345.1,0.0862042248,0.541637119
345.198,0.0862605816,0.541991219
345.303,0.0862796145,0.542110806
345.401,0.0863079664,0.542288946
345.499,0.0863621522,0.542629406
345.597,0.086365358,0.542649549
345.702,0.0862288161,0.541791631
345.8,0.0860762953,0.540833314
345.898,0.0860593656,0.540726941
346.003,0.0861643549,0.541386609
346.101,0.0862546109,0.541953704
346.199,0.0862704815,0.542053422
346.297,0.0861676906,0.541407567
346.402,0.0859491976,0.540034736
346.5,0.0858227264,0.539240094
346.598,0.0858165166,0.539201076
346.703,0.0857488145,0.538775691
346.801,0.0856005581,0.537844169
346.899,0.0855172409,0.537320671
346.997,0.0855548213,0.537556796
347.102,0.0856603024,0.538219553
347.2,0.0857687957,0.538901237
347.298,0.085859617,0.539471884
347.403,0.0859014663,0.539734831
347.501,0.0858683774,0.539526927
347.599,0.0857789303,0.538964915
347.697,0.0856663457,0.538257525
347.802,0.0855361153,0.537439263
347.9,0.085382395,0.53647341
347.998,0.0853784631,0.536448705
348.103,0.0857173666,0.538578099
348.201,0.0859470752,0.5400214
348.299,0.0859729883,0.540184217
348.397,0.0859632405,0.54012297
348.502,0.0859797601,0.540226765
348.6,0.085974937,0.540196461
348.698,0.0859597034,0.540100745
348.803,0.0859930281,0.54031013
348.901,0.0860459628,0.540642729
348.999,0.0860353829,0.540576254
349.097,0.0859272863,0.539897063
349.202,0.0857803734,0.538973982
349.3,0.0857358337,0.538694131
349.398,0.0858028894,0.539115454
349.503,0.0859002404,0.539727128
349.601,0.0859411634,0.539984255
349.699,0.0859123973,0.539803512
349.797,0.0858046648,0.539126609
349.902,0.0855616671,0.53759981
350.0,0.0852268879,0.53549633
350.098,0.0849496593,0.533754451
350.203,0.0847751727,0.532658119
350.301,0.0846549006,0.531902428
350.399,0.084588159,0.531483078
350.497,0.0846131066,0.531639828
350.602,0.0847284304,0.532364429
350.7,0.0848580856,0.533179077
350.798,0.0849513813,0.533765271
350.903,0.0849918244,0.534019382
351.001,0.0849759478,0.533919627
351.099,0.0848924036,0.533394703
351.197,0.0847858619,0.532725282
351.302,0.0847585016,0.532553372
351.4,0.0848191907,0.532934693
351.498,0.0849014097,0.53345129
351.603,0.0849868074,0.53398786
351.701,0.0850761509,0.534549221
351.799,0.0852041645,0.535353555
351.897,0.0853460731,0.536245192
352.002,0.0854411539,0.536842603
352.1,0.0854397194,0.536833589
352.198,0.0853326067,0.536160581
352.303,0.0851336162,0.534910286
352.401,0.0850029841,0.534089501
352.499,0.0850083043,0.534122929
352.597,0.0850880656,0.534624084
352.702,0.0851812445,0.535209544
352.8,0.0852327597,0.535533223
352.898,0.0852528016,0.535659151
353.003,0.0852935664,0.535915283
353.101,0.0853405566,0.536210531
353.199,0.0853522205,0.536283818
353.297,0.0853338906,0.536168647
353.402,0.0852856393,0.535865476
353.5,0.0851481799,0.535001793
353.598,0.084859302,0.533186719
353.703,0.0844515379,0.530624662
353.801,0.084148595,0.528721216
353.899,0.0840462696,0.528078286
353.997,0.0841616729,0.528803387
354.102,0.0843979181,0.530287759
354.2,0.0845553165,0.531276722
354.298,0.0845758167,0.531405529
354.403,0.0845347649,0.531147593
354.501,0.0846042974,0.531584479
354.599,0.0847405216,0.5324404
354.697,0.0847922489,0.532765413
354.802,0.0848155443,0.532911782
354.9,0.0849454347,0.533727907
354.998,0.0849846261,0.533974154
355.103,0.0847821416,0.532701906
355.201,0.0844851474,0.530835837
355.299,0.0842410475,0.529302112
355.397,0.0841823066,0.528933032
355.502,0.0842999104,0.529671958
355.6,0.0844266382,0.530468212
355.698,0.0844443296,0.530579371
355.803,0.084301652,0.529682901
355.901,0.0840561544,0.528140395
355.999,0.0837768282,0.526385336
356.097,0.0835331089,0.524854003
356.202,0.0833760222,0.523866997
356.3,0.0834114526,0.524089614
356.398,0.083600092,0.52527487
356.503,0.0838672287,0.526953339
356.601,0.0840937776,0.528376788
356.699,0.0842729305,0.529502439
356.797,0.0843904432,0.530240793
356.902,0.0844200241,0.530426655
357.0,0.084352841,0.530004531
357.098,0.0841317321,0.528615263
357.203,0.0838871778,0.527078683
357.301,0.0838839109,0.527058157
357.399,0.0841079807,0.528466029
357.497,0.0843592388,0.53004473
357.602,0.0844274179,0.530473112
357.7,0.0842593695,0.529417233
357.798,0.083947869,0.527460017
357.903,0.0835851401,0.525180924
358.001,0.0833660965,0.523804633
358.099,0.0833549213,0.523734417
358.197,0.0835001325,0.524646806
358.302,0.0837053281,0.525936088
358.4,0.0838664014,0.526948141
358.498,0.0839602896,0.527538058
358.603,0.0839695595,0.527596303
358.701,0.083890925,0.527102227
358.799,0.0837704142,0.526345036
358.897,0.0837057124,0.525938502
359.002,0.0837877101,0.526453709
359.1,0.0840384734,0.528029302
359.198,0.0843896539,0.530235834
359.303,0.0847280163,0.532361827
359.401,0.084962206,0.533833285
359.499,0.0851426077,0.534966782
359.597,0.0852800801,0.535830546
359.702,0.0853547994,0.536300021
359.8,0.0853554774,0.536304281
359.898,0.0853111148,0.536025543
360.003,0.0852547972,0.535671689
360.101,0.0852453278,0.535612191
360.199,0.0852684584,0.535757525
360.297,0.0852787905,0.535822444
360.402,0.0852762619,0.535806556
360.5,0.0852702402,0.53576872
360.598,0.0852545874,0.535670371
360.703,0.0852662817,0.535743848
360.801,0.0853236103,0.536104055
360.899,0.085401159,0.536591308
360.997,0.0855145008,0.537303455
361.102,0.0857036282,0.538491778
361.2,0.0859099388,0.539788065
361.298,0.086071362,0.540802317
361.403,0.0861609612,0.541365285
361.501,0.0861485087,0.541287044
361.599,0.0860398398,0.540604257
361.697,0.0859563326,0.540079566
361.802,0.0860187679,0.540471858
361.9,0.0861410066,0.541239907
361.998,0.0862498905,0.541924045
362.103,0.0863681157,0.542666876
362.201,0.086500966,0.543501599
362.299,0.0866193398,0.544245363
362.397,0.0866622323,0.544514865
362.502,0.0866114523,0.544195805
362.6,0.0865350735,0.543715902
362.698,0.0864998832,0.543494795
362.803,0.0865151178,0.543590517
362.901,0.0865159069,0.543595475
362.999,0.0864394684,0.543115198
363.097,0.0862806322,0.542117201
363.202,0.0860909427,0.540925346
363.3,0.0859862568,0.540267585
363.398,0.0859768909,0.540208737
363.503,0.0859844258,0.540256081
363.601,0.0859022208,0.539739572
363.699,0.0857297399,0.538655842
363.797,0.0855555432,0.537561332
363.902,0.0854632613,0.536981508
364.0,0.0854887332,0.537141552
364.098,0.0855757011,0.537687988
364.203,0.0856625313,0.538233558
364.301,0.0857026585,0.538485685
364.399,0.0857071192,0.538513712
364.497,0.0857022861,0.538483345
364.602,0.0857210634,0.538601326
364.7,0.0857677665,0.53889477
364.798,0.0858234612,0.53924471
364.903,0.0858640542,0.539499764
365.001,0.0858645186,0.539502682
365.099,0.0858518428,0.539423037
365.197,0.0858887032,0.539654638
365.302,0.0860013482,0.540362407
365.4,0.0861382954,0.541222872
365.498,0.0862932606,0.542196547
365.603,0.0864251246,0.543025073
365.701,0.0864713974,0.543315813
365.799,0.0865015339,0.543505167
365.897,0.0865310199,0.543690433
366.002,0.0865382208,0.543735678
366.1,0.0865853097,0.544031546
366.198,0.0867610689,0.545135873
366.303,0.0869782511,0.546500469
366.401,0.0870310562,0.546832254
366.499,0.086934461,0.546225328
366.597,0.0867824884,0.545270456
366.702,0.0866376381,0.544360335
366.8,0.0865632218,0.543892763
366.898,0.0865781706,0.543986689
367.003,0.0866443753,0.544402666
367.101,0.0866119762,0.544199096
367.199,0.0863571431,0.542597933
367.297,0.0859404409,0.539979715
367.402,0.0856308748,0.538034655
367.5,0.0855748645,0.537682731
367.598,0.0856070704,0.537885087
367.703,0.0856476448,0.538140023
367.801,0.0856734289,0.53830203
367.899,0.0856596194,0.538215262
367.997,0.0855538289,0.53755056
368.102,0.0854354295,0.536806635
368.2,0.0854479287,0.53688517
368.298,0.0855133883,0.537296465
368.403,0.0855161976,0.537314116
368.501,0.0854552983,0.536931475
368.599,0.0853963247,0.536560933
368.697,0.085349441,0.536266354
368.802,0.0852927715,0.535910289
368.9,0.085261119,0.53571141
368.998,0.0852719568,0.535779506
369.103,0.0853271445,0.536126261
369.201,0.0854141361,0.536672845
369.299,0.085541318,0.537471953
369.397,0.0857190632,0.538588758
369.502,0.0858887795,0.539655117
369.6,0.0859153646,0.539822156
369.698,0.0858172543,0.539205711
369.803,0.0856370362,0.538073368
369.901,0.0854068451,0.536627034
369.999,0.0851103976,0.5347644
370.097,0.0847759443,0.532662968
370.202,0.0844379958,0.530539574
370.3,0.0842195609,0.529167107
370.398,0.0841527544,0.52874735
370.503,0.0842358315,0.529269339
370.601,0.0843752966,0.530145624
370.699,0.0844717124,0.530751422
370.797,0.0844494678,0.530611655
370.902,0.0842827381,0.529564062
371.0,0.0840459593,0.528076337
371.098,0.0838472582,0.52682786
371.203,0.0837948897,0.52649882
371.301,0.0838665474,0.526949059
371.399,0.0839665906,0.527577648
371.497,0.0840639652,0.528189471
371.602,0.0842534472,0.529380022
371.7,0.0845328122,0.531135323
371.798,0.0847934515,0.532772968
371.903,0.0849294587,0.533627527
372.001,0.084885475,0.533351169
372.099,0.0847360324,0.532412194
372.197,0.084605733,0.531593498
372.302,0.0845622571,0.531320331
372.4,0.0845621256,0.531319505
372.498,0.0845290625,0.531111763
372.603,0.0844497403,0.530613368
372.701,0.0843855232,0.530209879
372.799,0.0843575424,0.530034071
372.897,0.0844402846,0.530553955
373.002,0.084691676,0.532133494
373.1,0.0849286882,0.533622686
373.198,0.0850510002,0.534391195
373.303,0.0850376468,0.534307293
373.401,0.0849202905,0.533569921
373.499,0.0848111489,0.532884165
373.597,0.0848252356,0.532972674
373.702,0.0848962995,0.533419182
373.8,0.0848741754,0.533280172
373.898,0.0848052424,0.532847053
374.003,0.0848187209,0.532931741
374.101,0.084934808,0.533661138
374.199,0.0850879513,0.534623365
374.297,0.085232765,0.535533257
374.402,0.0853757176,0.536431454
374.5,0.0855200333,0.537338217
374.598,0.0856878698,0.538392765
374.703,0.0858803613,0.539602224
374.801,0.0860507527,0.540672825
374.899,0.0862092799,0.541668881
374.997,0.0863601952,0.54261711
375.102,0.0864983558,0.543485198
375.2,0.0865707573,0.54394011
375.298,0.0865554675,0.543844042
375.403,0.0864336153,0.543078422
375.501,0.0862610857,0.541994386
375.599,0.0861114345,0.5410541
375.697,0.0860344493,0.540570388
375.802,0.0860133855,0.54043804
375.9,0.086027752,0.540528308
375.998,0.0860784117,0.540846612
376.103,0.0861476313,0.541281531
376.201,0.0861740474,0.541447509
376.299,0.086165733,0.541395267
376.397,0.0861430127,0.541252512
376.502,0.0860605261,0.540734233
376.6,0.085926421,0.539891626
376.698,0.085850006,0.539411496
376.803,0.0859787535,0.540220441
376.901,0.0863002727,0.542240605
376.999,0.0866812702,0.544634483
377.097,0.0869680166,0.546436164
377.202,0.08707103,0.547083416
377.3,0.0869787684,0.54650372
377.398,0.0868308163,0.545574109
377.503,0.0867653672,0.545162881
377.601,0.0867874831,0.545301839
377.699,0.0867737712,0.545215685
377.797,0.0866753624,0.544597364
377.902,0.086582489,0.544013823
378.0,0.0865790651,0.54399231
378.098,0.0865934811,0.544082888
378.203,0.0865206628,0.543625357
378.301,0.0863725224,0.542694563
378.399,0.0862064186,0.541650903
378.497,0.0860070179,0.540398031
378.602,0.0857235796,0.538617136
378.7,0.0854078661,0.53663345
378.798,0.0850901544,0.534637208
378.903,0.0848174492,0.532923751
379.001,0.0846451171,0.531840956
379.099,0.0845056573,0.530964704
379.197,0.0843673197,0.530095504
379.302,0.0842741132,0.52950987
379.4,0.0843189986,0.529791893
379.498,0.0844894105,0.530862623
379.603,0.0847124691,0.532264141
379.701,0.0848816081,0.533326873
379.799,0.0850112486,0.534141428
379.897,0.0851179833,0.534812062
380.002,0.0851977413,0.535313196
380.1,0.0852434186,0.535600195
380.198,0.085294053,0.53591834
380.303,0.0853682485,0.536384525
380.401,0.0854417392,0.53684628
380.499,0.085544009,0.537488861
380.597,0.0857596811,0.538843968
380.702,0.0861309575,0.541176767
380.8,0.0864860004,0.543407567
380.898,0.0867501429,0.545067223
381.003,0.0869175852,0.546119294
381.101,0.086963153,0.546405605
381.199,0.0869292558,0.546192623
381.297,0.0868729581,0.545838894
381.402,0.0868395881,0.545629224
381.5,0.0868530385,0.545713735
381.598,0.0869135158,0.546093725
381.703,0.0870502743,0.546953004
381.801,0.0872622739,0.548285037
381.899,0.0875133556,0.54986263
381.997,0.087697495,0.551019612
382.102,0.0877523421,0.551364227
382.2,0.0877489776,0.551343087
382.298,0.0878196745,0.551787289
382.403,0.0879806656,0.552798825
382.501,0.0881128468,0.553629344
382.599,0.0882098144,0.55423861
382.697,0.0883547604,0.555149333
382.802,0.0885449253,0.556344174
382.9,0.0886614072,0.557076051
382.998,0.0886445636,0.55697022
383.103,0.088494845,0.55602951
383.201,0.088389661,0.555368619
383.299,0.0883370681,0.555038169
383.397,0.0883055533,0.554840155
383.502,0.0882386603,0.554419854
383.6,0.0881286148,0.553728418
383.698,0.0880329146,0.553127116
383.803,0.088012833,0.553000939
383.901,0.0880528035,0.553252081
383.999,0.0880923627,0.553500639
384.097,0.0880898475,0.553484836
384.202,0.0880048029,0.552950484
384.3,0.0878328245,0.551869912
384.398,0.0875918296,0.550355697
384.503,0.0873042053,0.5485485
384.601,0.0870336426,0.546848505
384.699,0.0867777943,0.545240962
384.797,0.0865871672,0.544043217
384.902,0.0865039373,0.543520268
385.0,0.0865116443,0.543568692
385.098,0.0865150183,0.543589892
385.203,0.0864179047,0.542979709
385.301,0.0861986256,0.541601938
385.399,0.0858851919,0.539632576
385.497,0.0855654492,0.537623573
385.602,0.0853603873,0.536335131
385.7,0.0853457994,0.536243473
385.798,0.0854303767,0.536774887
385.903,0.0855018931,0.537224239
386.001,0.0854909085,0.53715522
386.099,0.0854468536,0.536878415
386.197,0.0854104595,0.536649744
386.302,0.0853725046,0.536411266
386.4,0.0853715742,0.536405421
386.498,0.0854299306,0.536772085
386.603,0.0855544186,0.537554266
386.701,0.085684414,0.538371051
386.799,0.0857691464,0.53890344
386.897,0.0857349917,0.53868884
387.002,0.0855103167,0.537277166
387.1,0.0852063218,0.535367109
387.198,0.084963734,0.533842885
387.303,0.0848310599,0.533009269
387.401,0.084792271,0.532765551
387.499,0.0847867071,0.532730592
387.597,0.0848018532,0.532825758
387.702,0.084842991,0.533084234
387.8,0.0848962388,0.5334188
387.898,0.0849624082,0.533834555
388.003,0.0850037648,0.534094406
388.101,0.0849339476,0.533655732
388.199,0.0847620633,0.532575751
388.297,0.0845983975,0.531547408
388.402,0.0845325962,0.531133967
388.5,0.0845545596,0.531271967
388.598,0.0845751668,0.531401445
388.703,0.0845609865,0.531312348
388.801,0.0845709082,0.531374688
388.899,0.0846341554,0.531772082
388.997,0.0847438643,0.532461403
389.102,0.0848788492,0.533309538
389.2,0.084989009,0.534001692
389.298,0.0850781955,0.534562068
389.403,0.0851319077,0.534899552
389.501,0.0850966855,0.534678244
389.599,0.084939787,0.533692422
389.697,0.0846858177,0.532096685
389.802,0.0844176458,0.530411712
389.9,0.0842529634,0.529376982
389.998,0.084206183,0.529083052
390.103,0.0843014,0.529681318
390.201,0.0844636458,0.530700739
390.299,0.0846216328,0.5316934
390.397,0.0847404001,0.532439637
390.502,0.0848246937,0.532969269
390.6,0.0848607143,0.533195593
390.698,0.0848251642,0.532972225
390.803,0.0846984283,0.53217592
390.901,0.0845475217,0.531227746
390.999,0.0844359926,0.530526988
391.097,0.0844093572,0.530359633
391.202,0.084477824,0.530789823
391.3,0.0845932688,0.531515183
391.398,0.0846997275,0.532184084
391.503,0.0847276808,0.532359719
391.601,0.0846602868,0.53193627
391.699,0.0845928361,0.531512465
391.797,0.084600873,0.531562962
391.902,0.084644914,0.53183968
392.0,0.084652682,0.531888488
392.098,0.0846382846,0.531798026
392.203,0.0846712218,0.532004977
392.301,0.0847303695,0.532376613
392.399,0.0847678218,0.532611932
392.497,0.0847732761,0.532646203
392.602,0.0847153505,0.532282245
392.7,0.0846179726,0.531670402
392.798,0.0845179712,0.531042075
392.903,0.0844009202,0.530306622
393.001,0.0842844762,0.529574983
393.099,0.0842042771,0.529071077
393.197,0.0841920964,0.528994543
393.302,0.084254042,0.529383759
393.4,0.0843776562,0.53016045
393.498,0.0845798108,0.531430624
393.603,0.0848989226,0.533435663
393.701,0.0852626126,0.535720795
393.799,0.0856442644,0.538118784
393.897,0.0859957456,0.540327205
394.002,0.08623453,0.541827532
394.1,0.0863009798,0.542245049
394.198,0.0862942612,0.542202834
394.303,0.0862439673,0.541886828
394.401,0.0861576262,0.541344331
394.499,0.0860156062,0.540451993
394.597,0.0857783105,0.53896102
394.702,0.0854056166,0.536619316
394.8,0.0850276443,0.534244445
394.898,0.0847785714,0.532679474
395.003,0.0847414977,0.532446533
395.101,0.0848480537,0.533116044
395.199,0.0849813688,0.533953688
395.297,0.0850673813,0.53449412
395.402,0.0850529666,0.53440355
395.5,0.0849157296,0.533541265
395.598,0.0847051108,0.532217908
395.703,0.0845105335,0.530995343
395.801,0.0843941894,0.530264331
395.899,0.0843046349,0.529701644
395.997,0.0842479821,0.529345683
396.102,0.0842620504,0.529434077
396.2,0.0843069531,0.529716209
396.298,0.0843417698,0.529934969
396.403,0.0843838387,0.530199296
396.501,0.0844191201,0.530420975
396.599,0.0844563219,0.530654721
396.697,0.0845439595,0.531205364
396.802,0.0846984713,0.53217619
396.9,0.0848807084,0.53332122
396.998,0.0851141504,0.534787979
397.103,0.085387086,0.536502884
397.201,0.0856021183,0.537853972
397.299,0.0857662301,0.538885117
397.397,0.0858372025,0.539331049
397.502,0.0857443423,0.538747592
397.6,0.0855734374,0.537673765
397.698,0.0854602504,0.53696259
397.803,0.0854544225,0.536925972
397.901,0.0855522885,0.537540882
397.999,0.0857002201,0.538470364
398.097,0.0858125522,0.539176167
398.202,0.0859836106,0.540250959
398.3,0.086246616,0.54190347
398.398,0.086429227,0.543050849
398.503,0.0865148471,0.543588816
398.601,0.0865934453,0.544082663
398.699,0.0866709011,0.544569332
398.797,0.0866649687,0.544532058
398.902,0.086540191,0.543748057
399.0,0.0863836379,0.542764404
399.098,0.0862780237,0.542100811
399.203,0.0862698106,0.542049206
399.301,0.0863604475,0.542618695
399.399,0.0865762964,0.543974913
399.497,0.0869143457,0.54609894
399.602,0.0872617666,0.54828185
399.7,0.0875225989,0.549920708
399.798,0.0877862604,0.551577342
399.903,0.0879858288,0.552831267
400.001,0.0880538602,0.553258721
400.099,0.0880653013,0.553330607
400.197,0.0880117583,0.552994187
400.302,0.0879213256,0.552425981
400.4,0.0877435974,0.551309282
400.498,0.0875404051,0.550032587
400.603,0.0873730198,0.548980874
400.701,0.0871615474,0.547652154
400.799,0.0869324937,0.546212967
400.897,0.0867643389,0.545156419
401.002,0.0866359364,0.544349643
401.1,0.0865166486,0.543600135
401.198,0.0864154785,0.542964465
401.303,0.0863595501,0.542613057
401.401,0.0863427129,0.542507265
401.499,0.0863261301,0.542403072
401.597,0.0863015831,0.542248839
401.702,0.0862982791,0.54222808
401.8,0.0863318005,0.5424387
401.898,0.0863899944,0.542804344
402.003,0.0864677327,0.543292788
402.101,0.0865421716,0.543760501
402.199,0.0865871496,0.544043106
402.297,0.0865686953,0.543927154
402.402,0.0864637755,0.543267924
402.5,0.0862997075,0.542237054
402.598,0.0861249022,0.54113872
402.703,0.0860203782,0.540481977
402.801,0.0860265022,0.540520455
402.899,0.086110811,0.541050182
402.997,0.0861827954,0.541502474
403.102,0.0861457631,0.541269793
403.2,0.0860394238,0.540601643
403.298,0.0858467258,0.539390886
403.403,0.0855848189,0.537745277
403.501,0.085438271,0.536824489
403.599,0.0854387367,0.536827415
403.697,0.0855623009,0.537603792
403.802,0.085753833,0.538807223
403.9,0.0859010673,0.539732324
403.998,0.0859825034,0.540244002
404.103,0.0860447327,0.540635
404.201,0.0861560064,0.541334153
404.299,0.0863383529,0.54247987
404.397,0.0865288338,0.543676697
404.502,0.0866341312,0.5443383
404.6,0.0866079273,0.544173656
404.698,0.0865439907,0.543771931
404.803,0.08651512,0.543590531
404.901,0.086553329,0.543830605
404.999,0.0866545079,0.544466331
405.097,0.0867698633,0.54519113
405.202,0.0868698445,0.54581933
405.3,0.0869291962,0.546192248
405.398,0.0869588801,0.546378758
405.503,0.0869724179,0.546463818
405.601,0.0869523985,0.546338032
405.699,0.0868907805,0.545950875
405.797,0.0868430509,0.545650981
405.902,0.0868842181,0.545909643
406.0,0.0869797145,0.546509664
406.098,0.0870286256,0.546816982
406.203,0.0869808396,0.546516733
406.301,0.0868820869,0.545896252
406.399,0.0867660832,0.545167379
406.497,0.0866165541,0.54422786
406.602,0.0864079978,0.542917462
406.7,0.0861964138,0.541588041
406.798,0.085973929,0.540190128
406.903,0.0857349163,0.538688366
407.001,0.0855323482,0.537415593
407.099,0.0853723103,0.536410045
407.197,0.0852996717,0.535953644
407.302,0.0853421851,0.536220764
407.4,0.0854516769,0.536908721
407.498,0.0855662853,0.537628827
407.603,0.0856393739,0.538088056
407.701,0.0856355023,0.53806373
407.799,0.0855929155,0.537796149
407.897,0.0855707113,0.537656636
408.002,0.0855586961,0.537581142
408.1,0.0855293174,0.537396551
408.198,0.0855543186,0.537553638
408.303,0.0856769764,0.538324319
408.401,0.085810878,0.539165648
408.499,0.085905692,0.539761382
408.597,0.0859345411,0.539942646
408.702,0.0858942422,0.539689441
408.8,0.0858172419,0.539205634
408.898,0.0857305778,0.538661107
409.003,0.0856141309,0.537929449
409.101,0.0854498258,0.53689709
409.199,0.0852432116,0.535598894
409.297,0.0850368225,0.534302113
409.402,0.0848436143,0.533088151
409.5,0.0847017556,0.532196827
409.598,0.0846006592,0.531561619
409.703,0.0845431878,0.531200515
409.801,0.0845547597,0.531273224
409.899,0.0845800657,0.531432226
409.997,0.0845688301,0.531361631
410.102,0.0845469477,0.53122414
410.2,0.0845241748,0.531081053
410.298,0.0844602712,0.530679535
410.403,0.0843052718,0.529705645
410.501,0.0840888229,0.528345657
410.599,0.0839197866,0.52728357
410.697,0.0838927384,0.527113621
410.802,0.0839703838,0.527601482
410.9,0.0840048896,0.527818288
410.998,0.0839191532,0.527279591
411.103,0.0837540129,0.526241983
411.201,0.0836255699,0.525434952
411.299,0.0835339757,0.524859449
411.397,0.083440615,0.524272846
411.502,0.0834204173,0.524145941
411.6,0.0835868314,0.525191551
411.698,0.0838233882,0.526677881
411.803,0.0839664082,0.527576502
411.901,0.084027267,0.527958889
411.999,0.0840956978,0.528388853
412.097,0.084184308,0.528945607
412.202,0.0842648066,0.529451394
412.3,0.0842875516,0.529594306
412.398,0.0842712517,0.52949189
412.503,0.0842651167,0.529453343
412.601,0.084225549,0.529204732
412.699,0.0841362238,0.528643485
412.797,0.0840575146,0.528148941
412.902,0.0840338199,0.528000062
413.0,0.0841086955,0.52847052
413.098,0.0841955504,0.529016245
413.203,0.0842027567,0.529061524
413.301,0.0841633304,0.528813801
413.399,0.0841417302,0.528678083
413.497,0.0841613578,0.528801407
413.602,0.0842070186,0.529088302
413.7,0.0842602027,0.529422468
413.798,0.0843586879,0.530041268
413.903,0.084561212,0.531313765
414.001,0.0848173013,0.532922821
414.099,0.0850575891,0.534432594
414.197,0.0852385706,0.535569734
414.302,0.0854022657,0.536598261
414.4,0.0855739784,0.537677164
414.498,0.08575525,0.538816127
414.603,0.0859043135,0.539752721
414.701,0.0859822314,0.540242293
414.799,0.0860704379,0.540796511
414.897,0.086197252,0.541593307
415.002,0.0862716812,0.54206096
415.1,0.0862348785,0.541829722
415.198,0.0861420053,0.541246182
415.303,0.0860658574,0.540767731
415.401,0.0860240195,0.540504855
415.499,0.0859448727,0.540007561
415.597,0.0858375938,0.539333508
415.702,0.08575057,0.538786722
415.8,0.0856726438,0.538297097
415.898,0.085587882,0.537764522
416.003,0.0855268883,0.537381288
416.101,0.085459036,0.536954959
416.199,0.0853567078,0.536312012
416.297,0.0852379373,0.535565755
416.402,0.0851154556,0.53479618
416.5,0.0849841441,0.533971125
416.598,0.0848282786,0.532991794
416.703,0.0846800918,0.532060708
416.801,0.0846031735,0.531577417
416.899,0.0846145077,0.531648632
416.997,0.0847056084,0.532221034
417.102,0.0848293924,0.532998792
417.2,0.0849407028,0.533698176
417.298,0.0850508759,0.534390414
417.403,0.0851499396,0.535012849
417.501,0.0851829059,0.535219983
417.599,0.0851456073,0.534985629
417.697,0.0850792313,0.534568576
417.802,0.0850258762,0.534233336
417.9,0.0849545587,0.533785235
417.998,0.0847876684,0.532736632
418.103,0.0845539699,0.531268261
418.201,0.084420957,0.530432516
418.299,0.084386985,0.530219064
418.397,0.0843909996,0.530244289
418.502,0.0844376429,0.530537357
418.6,0.0844924051,0.530881438
418.698,0.0845145119,0.531020339
418.803,0.0844796414,0.530801242
418.901,0.0844108508,0.530369017
418.999,0.0843799856,0.530175086
419.097,0.0844226742,0.530443306
419.202,0.0844823587,0.530818315
419.3,0.0845170357,0.531036197
419.398,0.0845793738,0.531427879
419.503,0.084735654,0.532409816
419.601,0.0849498392,0.533755582
419.699,0.0851723165,0.535153448
419.797,0.0853702364,0.536397015
419.902,0.0855348089,0.537431055
420.0,0.08561779,0.53795244
420.098,0.08564134,0.538100409
420.203,0.085695061,0.538437948
420.301,0.0858608233,0.539479463
420.399,0.0861199237,0.541107439
420.497,0.0863733071,0.542699494
420.602,0.0865522347,0.543823729
420.7,0.0865914838,0.544070339
420.798,0.0864872908,0.543415675
420.903,0.0862460727,0.541900057
421.001,0.0859563031,0.540079381
421.099,0.085655028,0.538186414
421.197,0.0854078594,0.536633407
421.302,0.0853186812,0.536073084
421.4,0.0853938674,0.536545493
421.498,0.0855014799,0.537221643
421.603,0.0855645634,0.537618008
421.701,0.0855766052,0.537693668
421.799,0.0855775885,0.537699846
421.897,0.0855448766,0.537494312
422.002,0.0854002244,0.536585435
422.1,0.0852235068,0.535475086
422.198,0.0851447609,0.534980311
422.303,0.0851670375,0.535120279
422.401,0.0851680424,0.535126593
422.499,0.085096151,0.534674886
422.597,0.0850074344,0.534117463
422.702,0.0849456627,0.53372934
422.8,0.0848940031,0.533404753
422.898,0.0848129028,0.532895185
423.003,0.0846989017,0.532178895
423.101,0.0845720738,0.531382011
423.199,0.0844858974,0.53084055
423.297,0.0845251771,0.531087351
423.402,0.0847332512,0.532394719
423.5,0.0850572926,0.534430731
423.598,0.0854325713,0.536788677
423.703,0.0857799241,0.538971159
423.801,0.0860116168,0.540426927
423.899,0.0861634353,0.54138083
423.997,0.0862267472,0.541778631
424.102,0.0862374891,0.541846124
424.2,0.0862424085,0.541877034
424.298,0.0861960034,0.541585462
424.403,0.0860489859,0.540661724
424.501,0.0858828446,0.539617827
424.599,0.0857868089,0.539014417
424.697,0.0858087231,0.539152108
424.802,0.0859231363,0.539870988
424.9,0.0860706757,0.540798005
424.998,0.0862549558,0.541955871
425.103,0.0864266415,0.543034604
425.201,0.0864466312,0.543160203
425.299,0.0863381848,0.542478814
425.397,0.0861353592,0.541204424
425.502,0.0858270339,0.539267158
425.6,0.0855670421,0.537633581
425.698,0.0854090623,0.536640965
425.803,0.0852790796,0.53582426
425.901,0.0851161804,0.534800734
425.999,0.0849677287,0.533867985
426.097,0.0848236192,0.532962518
426.202,0.0846617154,0.531945246
426.3,0.0845324933,0.53113332
426.398,0.0845188803,0.531047787
426.503,0.0846756064,0.532032526
426.601,0.0847922343,0.532765321
426.699,0.0847622734,0.532577071
426.797,0.0846828143,0.532077814
426.902,0.0846479415,0.531858703
427.0,0.0846212268,0.531690849
427.098,0.0845624231,0.531321374
427.203,0.0844281508,0.530477717
427.301,0.0842090692,0.529101186
427.399,0.0840334391,0.52799767
427.497,0.0840680821,0.528215338
427.602,0.0842342332,0.529259296
427.7,0.0843675409,0.530096893
427.798,0.0845764198,0.531409318
427.903,0.0849097082,0.533503431
428.001,0.0851616327,0.535086319
428.099,0.0852752185,0.5358
428.197,0.0852659208,0.535741581
428.302,0.0851754647,0.535173228
428.4,0.085092478,0.534651807
428.498,0.0850774273,0.534557241
428.603,0.0851405729,0.534953997
428.701,0.0852070748,0.53537184
428.799,0.0852264003,0.535493266
428.897,0.0851803333,0.535203819
429.002,0.0850853043,0.534606734
429.1,0.0850029873,0.534089521
429.198,0.0848873669,0.533363056
429.303,0.0846372222,0.531791351
429.401,0.0843668352,0.53009246
429.499,0.0842815527,0.529556614
429.597,0.084410953,0.530369659
429.702,0.0846347516,0.531775828
429.8,0.0848785247,0.533307499
429.898,0.0851219271,0.534836842
430.003,0.0853639159,0.536357302
430.101,0.0855457538,0.537499823
430.199,0.0856315351,0.538038803
430.297,0.0856742592,0.538307246
430.402,0.0857538509,0.538807336
430.5,0.0858776453,0.539585159
430.598,0.0859616466,0.540112955
430.703,0.0859316523,0.539924495
430.801,0.0858220258,0.539235692
430.899,0.085691973,0.538418546
430.997,0.0856370327,0.538073345
431.102,0.0857578901,0.538832715
431.2,0.0859692687,0.540160846
431.298,0.0861156658,0.541080686
431.403,0.0861210655,0.541114614
431.501,0.0860842587,0.54088335
431.599,0.0861494625,0.541293037
431.697,0.0863114403,0.542310773
431.802,0.0864642963,0.543271196
431.9,0.0864957408,0.543468768
431.998,0.0864331528,0.543075516
432.103,0.0863742694,0.542705541
432.201,0.0863923645,0.542819235
432.299,0.0864504353,0.543184105
432.397,0.086488806,0.543425195
432.502,0.0864968174,0.543475532
432.6,0.0865039987,0.543520653
432.698,0.0865266968,0.54366327
432.803,0.0865702835,0.543937133
432.901,0.0866384696,0.544365559
432.999,0.0867169631,0.544858749
433.097,0.0867913695,0.545326258
433.202,0.0869143309,0.546098847
433.3,0.0869932708,0.546594841
433.398,0.086976246,0.546487871
433.503,0.0869160361,0.546109561
433.601,0.086868816,0.545812868
433.699,0.0868301905,0.545570177
433.797,0.086770688,0.545196312
433.902,0.0866445385,0.544403692
434.0,0.086492556,0.543448757
434.098,0.086381937,0.542753717
434.203,0.0863413644,0.542498792
434.301,0.0863316521,0.542437768
434.399,0.0863077133,0.542287356
434.497,0.0862420763,0.541874947
434.602,0.0860745037,0.540822057
434.7,0.0858535855,0.539433987
434.798,0.0856921728,0.538419801
434.903,0.0856357586,0.53806534
435.001,0.0855922696,0.537792091
435.099,0.0854786764,0.537078363
435.197,0.0854161903,0.536685752
435.302,0.0855201923,0.537339216
435.4,0.0856583256,0.538207133
435.498,0.0857697041,0.538906944
435.603,0.0858788756,0.539592889
435.701,0.0860029196,0.540372281
435.799,0.086125435,0.541142068
435.897,0.0861803319,0.541486995
436.002,0.0861237295,0.541131352
436.1,0.0859684374,0.540155623
436.198,0.0857159589,0.538569253
436.303,0.0853403209,0.53620905
436.401,0.0849358723,0.533667825
436.499,0.0845630936,0.531325588
436.597,0.0843042713,0.529699359
436.702,0.084159959,0.528792618
436.8,0.0840939866,0.528378101
436.898,0.0840449326,0.528069886
437.003,0.084038412,0.528028916
437.101,0.0841190283,0.528535443
437.199,0.0842306451,0.529236752
437.297,0.0843239404,0.529822943
437.402,0.0844225093,0.53044227
437.5,0.0845064337,0.530969583
437.598,0.0845377836,0.53116656
437.703,0.0845094787,0.530988715
437.801,0.0844572883,0.530660793
437.899,0.0843969293,0.530281546
437.997,0.0843452268,0.52995669
438.102,0.0843442508,0.529950557
438.2,0.0844004653,0.530303764
438.298,0.0844335787,0.530511821
438.403,0.0843173793,0.529781719
438.501,0.0840591777,0.52815939
438.599,0.0837710836,0.526349242
438.697,0.0835547532,0.524989997
438.802,0.0835050322,0.524677592
438.9,0.0836671031,0.525695913
438.998,0.0839239318,0.527309615
439.103,0.0841336774,0.528627485
439.201,0.0842065352,0.529085265
439.299,0.0841936311,0.529004186
439.397,0.0841374902,0.528651442
439.502,0.0840183551,0.527902894
439.6,0.0838041933,0.526557276
439.698,0.083546468,0.52493794
439.803,0.0834812284,0.524528027
439.901,0.0837307719,0.526095956
439.999,0.0840860988,0.528328541
440.097,0.0843679245,0.530099303
440.202,0.08454591,0.53121762
440.3,0.084628423,0.531736064
440.398,0.0846690411,0.531991275
440.503,0.084692109,0.532136215
440.601,0.0846991287,0.532180321
440.699,0.0846679453,0.53198439
440.797,0.0845757018,0.531404807
440.902,0.0844199845,0.530426406
441.0,0.0842397952,0.529294244
441.098,0.0840533264,0.528122625
441.203,0.0839575507,0.527520849
441.301,0.0840313595,0.527984603
441.399,0.0841781809,0.528907109
441.497,0.0843510658,0.529993377
441.602,0.0845964659,0.531535272
441.7,0.0848908256,0.533384788
441.798,0.085198119,0.535315569
441.903,0.0854018636,0.536595735
442.001,0.0853641098,0.536358521
442.099,0.0851496975,0.535011328
442.197,0.0849641627,0.533845579
442.302,0.0849607787,0.533824317
442.4,0.0851098997,0.534761271
442.498,0.0852590346,0.535698313
442.603,0.0853451542,0.536239419
442.701,0.0854071516,0.53662896
442.799,0.0855070843,0.537256856
442.897,0.0856393179,0.538087704
443.002,0.0857217867,0.538605871
443.1,0.0856711671,0.538287818
443.198,0.0855324116,0.537415992
443.303,0.085413335,0.536667812
443.401,0.0853891122,0.536515615
443.499,0.0854623277,0.536975642
443.597,0.0856279395,0.538016211
443.702,0.0858482387,0.539400392
443.8,0.0860136345,0.540439604
443.898,0.0860853858,0.540890431
444.003,0.0860627542,0.540748233
444.101,0.0859744848,0.54019362
444.199,0.0857734408,0.538930423
444.297,0.0854135426,0.536669116
444.402,0.0849753536,0.533915893
444.5,0.0846746959,0.532026805
444.598,0.0845771675,0.531414016
444.703,0.0846454627,0.531843127
444.801,0.0846988615,0.532178642
444.899,0.084662841,0.531952319
444.997,0.0845995981,0.531554952
445.102,0.0846233445,0.531704155
445.2,0.0847685053,0.532616227
445.298,0.0850066981,0.534112837
445.403,0.0853063203,0.535995418
445.501,0.0855463302,0.537503445
445.599,0.0857002518,0.538470563
445.697,0.0857632772,0.538866563
445.802,0.0857515929,0.538793149
445.9,0.0857169991,0.53857579
445.998,0.0856928975,0.538424354
446.103,0.0856483405,0.538144395
446.201,0.0855410046,0.537469983
446.299,0.0853889924,0.536514862
446.397,0.0852941786,0.535919129
446.502,0.0853416138,0.536217174
446.6,0.0854442477,0.536862042
446.698,0.0854554737,0.536932577
446.803,0.0853351175,0.536176357
446.901,0.0851447215,0.534980063
446.999,0.0849249864,0.533599427
447.097,0.0847610065,0.532569111
447.202,0.0847020519,0.532198688
447.3,0.0846951084,0.532155061
447.398,0.0846881658,0.532111439
447.503,0.0846596969,0.531932564
447.601,0.0845878578,0.531481185
447.699,0.084519806,0.531053603
447.797,0.0845376396,0.531165655
447.902,0.0846386513,0.53180033
448.0,0.0846861283,0.532098637
448.098,0.0846399122,0.531808253
448.203,0.0846783994,0.532050075
448.301,0.0849334384,0.533652532
448.399,0.0852488182,0.535634122
448.497,0.0854492511,0.536893479
448.602,0.0855044005,0.537239993
448.7,0.0854267775,0.536752273
448.798,0.0851821374,0.535215154
448.903,0.0848161163,0.532915376
449.001,0.084554184,0.531269606
449.099,0.0844179827,0.530413829
449.197,0.084321315,0.529806448
449.302,0.084189671,0.528979304
449.4,0.0840622692,0.528178815
449.498,0.0839809863,0.527668099
449.603,0.0839808592,0.527667301
449.701,0.0840520186,0.528114408
449.799,0.0841390204,0.528661057
449.897,0.0842448161,0.529325791
450.002,0.0843939682,0.530262941
450.1,0.0845242131,0.531081294
450.198,0.0845930872,0.531514042
450.303,0.0845990838,0.53155172
450.401,0.0846002106,0.5315588
450.499,0.0846428554,0.531826745
450.597,0.0847164493,0.53228915
450.702,0.0847815127,0.532697955
450.8,0.0847848403,0.532718863
450.898,0.0847151736,0.532281134
451.003,0.0846435599,0.531831172
451.101,0.0847006687,0.532189997
451.199,0.0848603912,0.533193563
451.297,0.0850081544,0.534121987
451.402,0.0850641083,0.534473555
451.5,0.0850196772,0.534194386
451.598,0.0847639203,0.532587419
451.703,0.084253517,0.52938046
451.801,0.0838863283,0.527073346
451.899,0.083776319,0.526382137
451.997,0.0838158305,0.526630395
452.102,0.0839158075,0.527258569
452.2,0.0839971146,0.527769436
452.298,0.0841240833,0.528567204
452.403,0.0843881825,0.530226588
452.501,0.0846510817,0.531878433
452.599,0.0847983051,0.532803465
452.697,0.0848200278,0.532939953
452.802,0.0848996628,0.533440314
452.9,0.0850736264,0.534533359
452.998,0.0851758,0.535175335
453.103,0.0851401334,0.534951235
453.201,0.0850154719,0.534167964
453.299,0.0848800156,0.533316867
453.397,0.0847611913,0.532570272
453.502,0.0846309311,0.531751823
453.6,0.0845155613,0.531026933
453.698,0.0844411249,0.530559236
453.803,0.0844324085,0.530504469
453.901,0.0844533103,0.530635799
453.999,0.0844865819,0.53084485
454.097,0.0845697841,0.531367625
454.202,0.0847268238,0.532354334
454.3,0.084919111,0.533562511
454.398,0.0851253091,0.534858091
454.503,0.0852946037,0.535921801
454.601,0.0853776129,0.536443363
454.699,0.0854217447,0.536720651
454.797,0.0854719543,0.537036127
454.902,0.0855353271,0.53743431
455.0,0.0855581453,0.537577682
455.098,0.0855012546,0.537220227
455.203,0.085386936,0.536501942
455.301,0.0853611377,0.536339846
455.399,0.0854731881,0.53704388
455.497,0.0856132775,0.537924087
455.602,0.0856623054,0.538232139
455.7,0.085660661,0.538221807
455.798,0.0856672458,0.53826318
455.903,0.0856686701,0.538272129
456.001,0.0856517108,0.538165571
456.099,0.0856007163,0.537845163
456.197,0.085521831,0.537349512
456.302,0.0854593459,0.536956907
456.4,0.0854289058,0.536765646
456.498,0.0853874476,0.536505156
456.603,0.0852858085,0.535866539
456.701,0.0851393699,0.534946438
456.799,0.0850315597,0.534269046
456.897,0.0850602244,0.534449152
457.002,0.0852527648,0.535658919
457.1,0.0854873805,0.537133053
457.198,0.0856567945,0.538197513
457.303,0.085716798,0.538574526
457.401,0.0856931078,0.538425676
457.499,0.085642788,0.538109507
457.597,0.0855837846,0.537738778
457.702,0.0854847938,0.5371168
457.8,0.0853246416,0.536110534
457.898,0.0851247039,0.534854289
458.003,0.084964072,0.533845009
458.101,0.0849253821,0.533601913
458.199,0.0849348933,0.533661674
458.297,0.0848943254,0.533406778
458.402,0.0848234849,0.532961674
458.5,0.0848070257,0.532858258
458.598,0.0849085342,0.533496055
458.703,0.0851358225,0.534924149
458.801,0.0853261083,0.53611975
458.899,0.0853634768,0.536354543
458.997,0.0852615254,0.535713964
459.102,0.0851952792,0.535297726
459.2,0.0852845123,0.535858395
459.298,0.0854499647,0.536897963
459.403,0.0856460528,0.538130021
459.501,0.0858433301,0.53936955
459.599,0.0860273648,0.540525875
459.697,0.0861661857,0.541398112
459.802,0.0862317968,0.541810359
459.9,0.0862062638,0.54164993
459.998,0.0861288997,0.541163837
460.103,0.0860584827,0.540721394
460.201,0.0860838376,0.540880703
460.299,0.0862131408,0.541693139
460.397,0.0863470941,0.542534793
460.502,0.0863921559,0.542817925
460.6,0.0863921973,0.542818184
460.698,0.0864348702,0.543086307
460.803,0.0865275069,0.54366836
460.901,0.0866143319,0.544213898
460.999,0.0866416704,0.54438567
461.097,0.0865422546,0.543761023
461.202,0.0863118401,0.542313286
461.3,0.0861166831,0.541087078
461.398,0.0860534944,0.540690052
461.503,0.0861189987,0.541101627
461.601,0.0862249268,0.541767193
461.699,0.0863028363,0.542256713
461.797,0.0863261779,0.542403373
461.902,0.0862913254,0.542184388
462.0,0.0862060772,0.541648758
462.098,0.0860916139,0.540929564
462.203,0.0859627954,0.540120173
462.301,0.0858234686,0.539244757
462.399,0.0856619009,0.538229597
462.497,0.0854893276,0.537145287
462.602,0.0853079933,0.53600593
462.7,0.0851777215,0.535187408
462.798,0.0851179971,0.534812149
462.903,0.0851067573,0.534741527
463.001,0.0850710909,0.534517429
463.099,0.0849827364,0.533962281
463.197,0.0848885285,0.533370355
463.302,0.0848757648,0.533290158
463.4,0.0849813669,0.533953676
463.498,0.0851452109,0.534983138
463.603,0.0852944258,0.535920683
463.701,0.0853519526,0.536282134
463.799,0.0853280532,0.53613197
463.897,0.0853484587,0.536260181
464.002,0.0855120721,0.537288195
464.1,0.085692898,0.538424358
464.198,0.0858113479,0.539168601
464.303,0.0858357159,0.539321709
464.401,0.085746634,0.538761991
464.499,0.0855483267,0.537515989
464.597,0.0852903526,0.53589509
464.702,0.0850341535,0.534285344
464.8,0.0848530344,0.533147339
464.898,0.0847225073,0.532327213
465.003,0.0846257724,0.53171941
465.101,0.0845953647,0.531528353
465.199,0.0846385054,0.531799414
465.297,0.0847188755,0.532304394
465.402,0.0847744238,0.532653414
465.5,0.0847360716,0.53241244
465.598,0.0845792536,0.531427123
465.703,0.0843287598,0.529853224
465.801,0.08410582,0.528452453
465.899,0.0839287804,0.52734008
465.997,0.0838298894,0.52671873
466.102,0.0838539397,0.526869842
466.2,0.0839548751,0.527504038
466.298,0.0840372769,0.528021783
466.403,0.0840672231,0.528209941
466.501,0.0840599207,0.528164058
466.599,0.0840086533,0.527841936
466.697,0.0839066955,0.527201316
466.802,0.0838024027,0.526546025
466.9,0.0837791812,0.52640012
466.998,0.0838241534,0.526682689
467.103,0.0838774275,0.52701742
467.201,0.083910839,0.527227351
467.299,0.0839447515,0.527440429
467.397,0.083914548,0.527250655
467.502,0.0837905584,0.526471606
467.6,0.0836462005,0.525564578
467.698,0.0834815657,0.524530147
467.803,0.083345253,0.523673669
467.901,0.083447048,0.524313266
467.999,0.0837791738,0.526400074
468.097,0.0840906992,0.528357446
468.202,0.0842375681,0.52928025
468.3,0.0842436878,0.529318701
468.398,0.0842101515,0.529107986
468.503,0.0841977822,0.529030268
468.601,0.0842009366,0.529050088
468.699,0.0841613068,0.528801086
468.797,0.0840723064,0.52824188
468.902,0.0839389956,0.527404264
469.0,0.0837378187,0.526140232
469.098,0.0834652523,0.524427647
469.203,0.0832053484,0.522794623
469.301,0.0830820193,0.522019723
469.399,0.0831062745,0.522172123
469.497,0.0832491721,0.523069975
469.602,0.0834757897,0.524493856
469.7,0.0837644735,0.526307709
469.798,0.0841234295,0.528563096
469.903,0.0844957627,0.530902535
470.001,0.0847196458,0.532309234
470.099,0.0847335998,0.532396909
470.197,0.0845758403,0.531405677
470.302,0.084436158,0.530528027
470.4,0.084399259,0.530296184
470.498,0.0843715422,0.530122034
470.603,0.0842816786,0.529557404
470.701,0.0841231196,0.528561149
470.799,0.0839044917,0.527187469
470.897,0.0836769165,0.525757572
471.002,0.0835230758,0.524790963
471.1,0.0835216187,0.524781807
471.198,0.0836287435,0.525454893
471.303,0.0837930311,0.526487142
471.401,0.0839478995,0.527460208
471.499,0.0840367265,0.528018325
471.597,0.0840187121,0.527905137
471.702,0.083990613,0.527728586
471.8,0.0840588173,0.528157126
471.898,0.0841651674,0.528825343
472.003,0.0842428441,0.5293134
472.101,0.0842441627,0.529321685
472.199,0.0841244003,0.528569196
472.297,0.0839468026,0.527453317
472.402,0.083905388,0.527193101
472.5,0.0839809126,0.527667636
472.598,0.0840457141,0.528074796
472.703,0.0841172317,0.528524154
472.801,0.08419097,0.528987466
472.899,0.0842216388,0.529180163
472.997,0.0841967892,0.529024029
473.102,0.0841726755,0.528872518
473.2,0.0841848226,0.52894884
473.298,0.0841696215,0.528853329
473.403,0.084085196,0.528322868
473.501,0.0839985581,0.527778506
473.599,0.0839678836,0.527585773
473.697,0.0840191267,0.527907742
473.802,0.0840999388,0.5284155
473.9,0.0840696924,0.528225456
473.998,0.0839191574,0.527279617
474.103,0.0837219786,0.526040706
474.201,0.0835788103,0.525141153
474.299,0.0835274791,0.524818629
474.397,0.083589144,0.525206081
474.502,0.0837493682,0.526212799
474.6,0.0839060551,0.527197293
474.698,0.0839796033,0.52765941
474.803,0.0839391897,0.527405483
474.901,0.0838160774,0.526631946
474.999,0.0836330923,0.525482217
475.097,0.0834316368,0.524216434
475.202,0.0832744403,0.52322874
475.3,0.083226146,0.522925298
475.398,0.0832543165,0.523102298
475.503,0.0833283991,0.523567773
475.601,0.0834163603,0.524120449
475.699,0.083524177,0.524797882
475.797,0.0836271686,0.525444997
475.902,0.083686338,0.525816769
476.0,0.0837071128,0.525947301
476.098,0.0837102179,0.525966811
476.203,0.0837372827,0.526136864
476.301,0.0838090338,0.52658769
476.399,0.0838311147,0.526726428
476.497,0.0837839692,0.526430204
476.602,0.0837820882,0.526418386
476.7,0.0838762774,0.527010194
476.798,0.0840261244,0.52795171
476.903,0.0841292534,0.528599689
477.001,0.084131172,0.528611744
477.099,0.0841030989,0.528435355
477.197,0.0840651623,0.528196992
477.302,0.08401956,0.527910465
477.4,0.0840026557,0.527804252
477.498,0.0839725627,0.527615172
477.603,0.0839074019,0.527205755
477.701,0.0838914827,0.527105731
477.799,0.08394739,0.527457008
477.897,0.0840052446,0.527820518
478.002,0.0840112603,0.527858316
478.1,0.0839892274,0.527719879
478.198,0.0839798059,0.527660683
478.303,0.0839901593,0.527725735
478.401,0.0839956481,0.527760222
478.499,0.0839948224,0.527755034
478.597,0.0840200505,0.527913547
478.702,0.0840682046,0.528216108
478.8,0.0840758325,0.528264036
478.898,0.084044105,0.528064686
479.003,0.083945009,0.527442047
479.101,0.0837364336,0.526131529
479.199,0.0834688635,0.524450336
479.297,0.0832898938,0.523325837
479.402,0.083248829,0.523067819
479.5,0.0832612756,0.523146023
479.598,0.0832392397,0.523007568
479.703,0.0831386105,0.522375296
479.801,0.0829516237,0.521200423
479.899,0.0826798764,0.519492985
479.997,0.0823862495,0.517648072
480.102,0.0821544228,0.516191462
480.2,0.082115468,0.515946702
480.298,0.0823091936,0.517163916
480.403,0.0826988576,0.519612247
480.501,0.0830759413,0.521981534
480.599,0.0832839341,0.523288391
480.697,0.0832136466,0.522846762
480.802,0.0829227455,0.521018976
480.9,0.0826670091,0.519412137
480.998,0.0824626561,0.518128149
481.103,0.0823058387,0.517142836
481.201,0.0822988255,0.517098771
481.299,0.0823936865,0.5176948
481.397,0.0825450357,0.518645756
481.502,0.0827454796,0.519905182
481.6,0.082964107,0.521278858
481.698,0.0832179127,0.522873567
481.803,0.0834910946,0.524590019
481.901,0.0836858974,0.525814001
481.999,0.083769878,0.526341667
482.097,0.0837308703,0.526096574
482.202,0.0836185029,0.525390549
482.3,0.0835565384,0.525001214
482.398,0.0835899802,0.525211335
482.503,0.0836502787,0.525590202
482.601,0.0836483243,0.525577922
482.699,0.0836345546,0.525491405
482.797,0.0836899575,0.525839511
482.902,0.0838307135,0.526723907
483.0,0.08396631,0.527575886
483.098,0.0840443885,0.528066467
483.203,0.0840428748,0.528056956
483.301,0.0839761201,0.527637524
483.399,0.0838693714,0.526966802
483.497,0.0837296549,0.526088938
483.602,0.0835566831,0.525002124
483.7,0.0834219828,0.524155777
483.798,0.0833795757,0.523889325
483.903,0.0834811782,0.524527712
484.001,0.0836422578,0.525539805
484.099,0.0837075633,0.525950132
484.197,0.0836480066,0.525575926
484.302,0.0835863304,0.525188403
484.4,0.0836224255,0.525415195
484.498,0.0837131883,0.525985475
484.603,0.0837693134,0.526338119
484.701,0.0837521471,0.52623026
484.799,0.0837516509,0.526227142
484.897,0.0838629355,0.526926364
485.002,0.0840373253,0.528022087
485.1,0.0841361534,0.528643043
485.198,0.0841330117,0.528623303
485.303,0.0840374894,0.528023119
485.401,0.0839042283,0.527185814
485.499,0.083758958,0.526273054
485.597,0.0836278352,0.525449186
485.702,0.0835361721,0.524873249
485.8,0.0834614013,0.52440345
485.898,0.0833358089,0.52361433
486.003,0.0831550764,0.522478754
486.101,0.082916184,0.520977749
486.199,0.0826054452,0.51902532
486.297,0.0823037545,0.517129741
486.402,0.0820920298,0.515799436
486.5,0.0819903793,0.515160746
486.598,0.0819040507,0.514618328
486.703,0.0818328478,0.514170947
486.801,0.0818830381,0.514486302
486.899,0.0820400223,0.515472663
486.997,0.0821763408,0.516329177
487.102,0.0822130395,0.516559762
487.2,0.0821582712,0.516215642
487.298,0.0820750107,0.515692501
487.403,0.0820443308,0.515499734
487.501,0.0821354032,0.516071958
487.599,0.0823397395,0.517355842
487.697,0.0825589005,0.518732871
487.802,0.0826880554,0.519544375
487.9,0.0827359091,0.519845049
487.998,0.0827451919,0.519903374
488.103,0.0826243721,0.519144241
488.201,0.0823866431,0.517650545
488.299,0.0820734156,0.515682479
488.397,0.0817217216,0.51347272
488.502,0.0814655072,0.511862878
488.6,0.0815180325,0.512192904
488.698,0.0817675676,0.513760779
488.803,0.0820414566,0.515481675
488.901,0.0822098584,0.516539774
488.999,0.0822753922,0.516951535
489.097,0.0823439592,0.517382355
489.202,0.0824902431,0.518301484
489.3,0.0826917673,0.519567697
489.398,0.082959202,0.521248039
489.503,0.0832968652,0.52336964
489.601,0.0835852076,0.525181348
489.699,0.0837529499,0.526235304
489.797,0.0837912664,0.526476054
489.902,0.0838195879,0.526654003
490.0,0.0838901583,0.52709741
490.098,0.0839492434,0.527468652
490.203,0.0840210199,0.527919638
490.301,0.0841228343,0.528559356
490.399,0.0842094923,0.529103845
490.497,0.0842798704,0.529546043
490.602,0.0844003972,0.530303336
490.7,0.0845551025,0.531275378
490.798,0.084685697,0.532095927
490.903,0.0847638754,0.532587137
491.001,0.0847652947,0.532596054
491.099,0.0847284177,0.532364349
491.197,0.0847744249,0.532653421
491.302,0.0849363278,0.533670687
491.4,0.0851116833,0.534772478
491.498,0.085307398,0.53600219
491.603,0.0855375453,0.537448248
491.701,0.0857096296,0.538529485
491.799,0.0858018504,0.539108926
491.897,0.0858252279,0.539255811
492.002,0.0857771416,0.538953676
492.1,0.0856901584,0.538407144
492.198,0.085683178,0.538363285
492.303,0.0857983417,0.53908688
492.401,0.0858806278,0.539603899
492.499,0.0858425811,0.539364844
492.597,0.0857137791,0.538555557
492.702,0.0855548033,0.537556683
492.8,0.0854127924,0.536664402
492.898,0.0852449237,0.535609652
493.003,0.0850027428,0.534087984
493.101,0.0847308341,0.532379532
493.199,0.084445069,0.530584017
493.297,0.0842050716,0.529076069
493.402,0.0841316532,0.528614767
493.5,0.0842839894,0.529571924
493.598,0.0845509582,0.531249338
493.703,0.0848263701,0.532979802
493.801,0.0850005572,0.534074252
493.899,0.0850817586,0.534584455
493.997,0.0851211142,0.534831734
494.102,0.0851758442,0.535175613
494.2,0.0851993275,0.535323163
494.298,0.0851597023,0.535074191
494.403,0.0850114558,0.53414273
494.501,0.0847387271,0.532429125
494.599,0.0843601803,0.530050645
494.697,0.0839356594,0.527383302
494.802,0.0835539753,0.52498511
494.9,0.0833826903,0.523908894
494.998,0.0833923148,0.523969367
495.103,0.0835215855,0.524781599
495.201,0.08369675,0.52588219
495.299,0.0838944549,0.527124406
495.397,0.0840731031,0.528246886
495.502,0.0841734209,0.528877202
495.6,0.0841512304,0.528737774
495.698,0.0840599902,0.528164496
495.803,0.0839489623,0.527466886
495.901,0.0838596321,0.526905608
495.999,0.0837895463,0.526465246
496.097,0.0837434448,0.526175582
496.202,0.0837162757,0.526004874
496.3,0.0836939698,0.525864721
496.398,0.0836688129,0.525706656
496.503,0.0836491061,0.525582834
496.601,0.083677926,0.525763915
496.699,0.083778269,0.526394389
496.797,0.0838876568,0.527081693
496.902,0.083960058,0.527536603
497.0,0.0839770983,0.52764367
497.098,0.0839079219,0.527209022
497.203,0.0837770004,0.526386418
497.301,0.0836972641,0.52588542
497.399,0.0836687514,0.525706269
497.497,0.0836828616,0.525794926
497.602,0.083731669,0.526101592
497.7,0.0837826683,0.52642203
497.798,0.0838465056,0.526823132
497.903,0.0839503555,0.52747564
498.001,0.0840449369,0.528069913
498.099,0.0840977596,0.528401808
498.197,0.0841336713,0.528627447
498.302,0.0841968227,0.529024239
498.4,0.0842641224,0.529447096
498.498,0.0843118964,0.529747269
498.603,0.0843110891,0.529742196
498.701,0.0842037392,0.529067697
498.799,0.0839775699,0.527646633
498.897,0.0837046171,0.52593162
499.002,0.0834549712,0.524363049
499.1,0.0832552961,0.523108453
499.198,0.0830620424,0.521894205
499.303,0.0828671741,0.520669811
499.401,0.082699891,0.51961874
499.499,0.0825537169,0.518700301
499.597,0.082468396,0.518164214
499.702,0.082491929,0.518312076
499.8,0.0826006143,0.518994966
499.898,0.0827081199,0.519670444
500.003,0.0827618596,0.5200081
500.101,0.0828455656,0.52053404
500.199,0.083013872,0.521591541
500.297,0.0831804661,0.522638283
500.402,0.0833163863,0.523492294
500.5,0.083412848,0.524098381
500.598,0.0834584553,0.52438494
500.703,0.0834448029,0.52429916
500.801,0.0834560917,0.524370089
500.899,0.083580466,0.525151556
500.997,0.083751027,0.526223222
501.102,0.0838562118,0.526884118
501.2,0.0838811102,0.527040559
501.298,0.0838630611,0.526927154
501.403,0.083796417,0.526508416
501.501,0.0837441717,0.526180149
501.599,0.0837710372,0.52634895
501.697,0.0838615173,0.526917453
501.802,0.0839402535,0.527412168
501.9,0.0839410888,0.527417416
501.998,0.0839004864,0.527162304
502.103,0.0838683865,0.526960614
502.201,0.0838062763,0.526570364
502.299,0.0836758088,0.525750613
502.397,0.0835417768,0.524908465
502.502,0.0834801719,0.52452139
502.6,0.0834846354,0.524549435
502.698,0.0834718481,0.524469089
502.803,0.0834123807,0.524095445
502.901,0.0833589678,0.523759842
502.999,0.0833366613,0.523619686
503.097,0.0833500388,0.523703739
503.202,0.083409827,0.524079399
503.3,0.0835226331,0.524788181
503.398,0.0836969133,0.525883216
503.503,0.0838783277,0.527023076
503.601,0.0839360839,0.527385969
503.699,0.0838534247,0.526866606
503.797,0.083695145,0.525872105
503.902,0.0835626957,0.525039902
504.0,0.0835428253,0.524915052
504.098,0.083563032,0.525042015
504.203,0.0835329582,0.524853056
504.301,0.0834388216,0.524261578
504.399,0.0833326814,0.523594679
504.497,0.0833105888,0.523455868
504.602,0.0834509285,0.524337648
504.7,0.0836813149,0.525785208
504.798,0.0839440887,0.527436265
504.903,0.0842652522,0.529454195
505.001,0.0844398761,0.530551389
505.099,0.0843311838,0.529868455
505.197,0.0841131727,0.528498651
505.302,0.0840550078,0.52813319
505.4,0.0841281477,0.528592742
505.498,0.0841704883,0.528858775
505.603,0.0842260805,0.529208071
505.701,0.0842984196,0.529662592
505.799,0.0843244059,0.529825868
505.897,0.0843041689,0.529698715
506.002,0.0843257102,0.529834064
506.1,0.0844459658,0.530589652
506.198,0.084613495,0.531642269
506.303,0.0847330477,0.53239344
506.401,0.0847421418,0.53245058
506.499,0.0846549259,0.531902587
506.597,0.0845320881,0.531130774
506.702,0.0844712666,0.530748621
506.8,0.0844707189,0.53074518
506.898,0.0844330416,0.530508446
507.003,0.0843746942,0.530141839
507.101,0.0843519235,0.529998766
507.199,0.0843061941,0.52971144
507.297,0.0841945929,0.529010229
507.402,0.0840160331,0.527888305
507.5,0.0838083909,0.526583651
507.598,0.0835882187,0.525200267
507.703,0.0833932243,0.523975082
507.801,0.0833016129,0.52339947
507.899,0.0832855132,0.523298313
507.997,0.0832378746,0.52299899
508.102,0.0831192616,0.522253723
508.2,0.083065482,0.521915816
508.298,0.0831437154,0.522407371
508.403,0.0833080918,0.523440179
508.501,0.0833967064,0.52399696
508.599,0.0833823056,0.523906477
508.697,0.0833206995,0.523519395
508.802,0.0832580844,0.523125972
508.9,0.0832552983,0.523108467
508.998,0.0833465605,0.523681885
509.103,0.0835302538,0.524836063
509.201,0.0837201717,0.526029353
509.299,0.0838605617,0.526911449
509.397,0.0839066789,0.527201212
509.502,0.083845403,0.526816204
509.6,0.0836995256,0.525899629
509.698,0.0835348187,0.524864745
509.803,0.0833996646,0.524015547
509.901,0.0833108118,0.523457268
509.999,0.0832625663,0.523154133
510.097,0.0832208156,0.522891806
510.202,0.083096442,0.522110344
510.3,0.0829220672,0.521014715
510.398,0.0827344137,0.519835653
510.503,0.0825484407,0.51866715
510.601,0.0824895094,0.518296874
510.699,0.0825787736,0.518857737
510.797,0.0827338145,0.519831888
510.902,0.0828779065,0.520737244
511.0,0.0829498733,0.521189425
511.098,0.08301315,0.521587005
511.203,0.0831148508,0.522226009
511.301,0.0832036937,0.522784226
511.399,0.0832275731,0.522934265
511.497,0.0832235709,0.522909118
511.602,0.0832487437,0.523067283
511.7,0.0832452531,0.523045351
511.798,0.0832208105,0.522891774
511.903,0.0831845312,0.522663824
512.001,0.0831362134,0.522360234
512.099,0.0831379326,0.522371036
512.197,0.0832383425,0.523001931
512.302,0.0833921707,0.523968462
512.4,0.083496622,0.524624749
512.498,0.0835526862,0.52497701
512.603,0.0836029669,0.525292933
512.701,0.0836838013,0.525800831
512.799,0.0837973505,0.526514281
512.897,0.0838938022,0.527120305
513.002,0.0839762624,0.527638418
513.1,0.0841001643,0.528416916
513.198,0.0842850211,0.529578406
513.303,0.0844601027,0.530678476
513.401,0.0845125261,0.531007862
513.499,0.0844930668,0.530885596
513.597,0.0845099541,0.530991702
513.702,0.0845771222,0.531413731
513.8,0.0846293063,0.531741614
513.898,0.0846138109,0.531644253
514.003,0.0844960284,0.530904204
514.101,0.0843295,0.529857876
514.199,0.0841881209,0.528969564
514.297,0.084122429,0.52855681
514.402,0.0841390462,0.528661219
514.5,0.0842093507,0.529102955
514.598,0.0842783596,0.529536551
514.703,0.0843266612,0.529840039
514.801,0.0843941913,0.530264343
514.899,0.0844926183,0.530882778
514.997,0.0845728787,0.531387069
515.102,0.084627985,0.531733312
515.2,0.0846602619,0.531936114
515.298,0.0846643252,0.531961644
515.403,0.0846526858,0.531888511
515.501,0.0846928565,0.532140911
515.599,0.0847907908,0.532756251
515.697,0.0848635543,0.533213438
515.802,0.0848669026,0.533234476
515.9,0.0848193264,0.532935545
515.998,0.0846992088,0.532180824
516.103,0.0845145696,0.531020702
516.201,0.0844564912,0.530655785
516.299,0.0845446617,0.531209776
516.397,0.0845976623,0.531542789
516.502,0.0845254829,0.531089272
516.6,0.0844905306,0.53086966
516.698,0.0845585826,0.531297244
516.803,0.0846011465,0.531564681
516.901,0.0845556218,0.531278641
516.999,0.0844968772,0.530909537
517.097,0.0844876248,0.530851403
517.202,0.0845331561,0.531137484
517.3,0.0845747681,0.53139894
517.398,0.0845613715,0.531314767
517.503,0.0844968958,0.530909654
517.601,0.0844334972,0.530511309
517.699,0.0843581509,0.530037894
517.797,0.084254603,0.529387284
517.902,0.0841479559,0.5287172
518.0,0.0840754713,0.528261766
518.098,0.0840201746,0.527914326
518.203,0.0839771489,0.527643988
518.301,0.0839527115,0.527490444
518.399,0.083928902,0.527340844
518.497,0.0838909521,0.527102398
518.602,0.0838658571,0.526944721
518.7,0.0838790077,0.527027349
518.798,0.0839042014,0.527185646
518.903,0.0839318323,0.527359255
519.001,0.0839638422,0.52756038
519.099,0.0839774418,0.527645828
519.197,0.083964609,0.527565198
519.302,0.0839940762,0.527750345
519.4,0.0840879903,0.528340425
519.498,0.0841542785,0.528756926
519.603,0.0841141971,0.528505087
519.701,0.083981301,0.527670076
519.799,0.0837963287,0.526507862
519.897,0.0836088113,0.525329655
520.002,0.0834083532,0.524070139
520.1,0.0831950104,0.522729667
520.198,0.0829890564,0.52143562
520.303,0.0828452304,0.520531934
520.401,0.0827682461,0.520048228
520.499,0.0827031144,0.519638993
520.597,0.0826635024,0.519390104
520.702,0.0826655214,0.519402789
520.8,0.0827073323,0.519665495
520.898,0.0827949069,0.520215742
521.003,0.0828751155,0.520719708
521.101,0.0828312246,0.520443933
521.199,0.0826920029,0.519569178
521.297,0.0826005704,0.51899469
521.402,0.082648346,0.519294873
521.5,0.0828262411,0.520412621
521.598,0.0830604017,0.521883896
521.703,0.0832284564,0.522939815
521.801,0.0832941832,0.523352788
521.899,0.0833564002,0.523743709
521.997,0.0834684427,0.524447692
522.102,0.0836001907,0.52527549
522.2,0.0836352202,0.525495587
522.298,0.0835494758,0.524956839
522.403,0.0833816004,0.523902046
522.501,0.0832021992,0.522774835
522.599,0.0830454924,0.521790218
522.697,0.0829824821,0.521394312
522.802,0.0830486376,0.521809979
522.9,0.0831674463,0.522556477
522.998,0.0832792423,0.523258911
523.103,0.0833980029,0.524005107
523.201,0.0835104441,0.524711595
523.299,0.083556699,0.525002223
523.397,0.0835496153,0.524957715
523.502,0.0836127616,0.525354475
523.6,0.0837430905,0.526173356
523.698,0.0838723774,0.52698569
523.803,0.0840099327,0.527849975
523.901,0.0841882226,0.528970203
523.999,0.0844249036,0.530457314
524.097,0.0846576825,0.531919907
524.202,0.0848373451,0.53304876
524.3,0.0849635878,0.533841967
524.398,0.0850806102,0.53457724
524.503,0.085189703,0.53526269
524.601,0.085294787,0.535922952
524.699,0.0853803867,0.536460792
524.797,0.0853671666,0.536377727
524.902,0.0852122221,0.535404182
525.0,0.0849926404,0.53402451
525.098,0.0847684802,0.532616069
525.203,0.0845700486,0.531369287
525.301,0.0844198301,0.530425436
525.399,0.0842198462,0.5291689
525.497,0.0838986107,0.527150518
525.602,0.0835939573,0.525236324
525.7,0.0834914037,0.524591961
525.798,0.0834087842,0.524072848
525.903,0.0832715058,0.523210302
526.001,0.0831398951,0.522383367
526.099,0.0830678013,0.521930389
526.197,0.0830764,0.521984416
526.302,0.0830994285,0.522129108
526.4,0.083021032,0.521636528
526.498,0.0828558664,0.520598762
526.603,0.082714531,0.519710726
526.701,0.0826115681,0.519063791
526.799,0.0825449608,0.518645285
526.897,0.0825683556,0.518792279
527.002,0.0826393368,0.519238267
527.1,0.0826438679,0.519266737
527.198,0.0825932345,0.518948597
527.303,0.0825388881,0.518607129
527.401,0.0824508496,0.518053967
527.499,0.0822875109,0.517027679
527.597,0.0821246404,0.516004334
527.702,0.0820476518,0.5155206
527.8,0.0820438245,0.515496552
527.898,0.0820180257,0.515334454
528.003,0.0819323747,0.514796293
528.101,0.0819139585,0.51468058
528.199,0.0820650159,0.515629702
528.297,0.082316095,0.517207279
528.402,0.0825708769,0.51880812
528.5,0.082754799,0.519963737
528.598,0.0828768501,0.520730607
528.703,0.0829520375,0.521203023
528.801,0.0829969371,0.521485136
528.899,0.0830122177,0.521581146
528.997,0.0829738943,0.521340354
529.102,0.0828337748,0.520459957
529.2,0.0825712661,0.518810566
529.298,0.0822086563,0.516532221
529.403,0.0818643832,0.514369089
529.501,0.0817484255,0.513640506
529.599,0.0817711518,0.5137833
529.697,0.0817883658,0.513891458
529.802,0.0817823426,0.513853613
529.9,0.0818175475,0.514074812
529.998,0.081930226,0.514782792
530.103,0.0821026338,0.515866063
530.201,0.0822594103,0.516851118
530.299,0.0824291488,0.517917617
530.397,0.0826402411,0.519243949
530.502,0.0828812485,0.520758243
530.6,0.0831153932,0.522229417
530.698,0.0833569043,0.523746876
530.803,0.0835427682,0.524914694
530.901,0.0836208376,0.525405218
530.999,0.0836879141,0.525826672
531.097,0.0837102687,0.52596713
531.202,0.0836677843,0.525700193
531.3,0.0836556376,0.525623873
531.398,0.0836821828,0.525790662
531.503,0.0836824746,0.525792495
531.601,0.0836463376,0.52556544
531.699,0.0836181336,0.525388229
531.797,0.0835962117,0.525250489
531.902,0.0835412727,0.524905297
532.0,0.0834696115,0.524455036
532.098,0.0834091171,0.524074939
532.203,0.0833566852,0.5237455
532.301,0.0833236865,0.523538163
532.399,0.0833171044,0.523496806
532.497,0.0833501323,0.523704327
532.602,0.083420459,0.524146202
532.7,0.083476212,0.524496509
532.798,0.0834801279,0.524521113
532.903,0.0834082069,0.52406922
533.001,0.083288423,0.523316595
533.099,0.0831167219,0.522237766
533.197,0.0829121761,0.520952567
533.302,0.0828062607,0.520287081
533.4,0.0829038311,0.520900133
533.498,0.0831066097,0.522174229
533.603,0.0832924411,0.523341842
533.701,0.0833814568,0.523901144
533.799,0.0834359358,0.524243446
533.897,0.0835248496,0.524802108
534.002,0.0835999871,0.525274211
534.1,0.0835504228,0.524962789
534.198,0.0834104572,0.524083359
534.303,0.0832489214,0.5230684
534.401,0.0831346549,0.522350442
534.499,0.0830625107,0.521897147
534.597,0.0830249565,0.521661187
534.702,0.0830258911,0.521667059
534.8,0.0830952316,0.522102738
534.898,0.0832288762,0.522942452
535.003,0.0833659399,0.523803649
535.101,0.0834656007,0.524429836
535.199,0.083560919,0.525028739
535.297,0.0836459793,0.525563188
535.402,0.0837412627,0.526161872
535.5,0.0838613499,0.526916402
535.598,0.0839761589,0.527637768
535.703,0.084037312,0.528022004
535.801,0.0840563842,0.528141838
535.899,0.0840204659,0.527916157
535.997,0.0838992014,0.52715423
536.102,0.0837489189,0.526209977
536.2,0.0837231481,0.526048054
536.298,0.0838331918,0.526739479
536.403,0.0839442514,0.527437287
536.501,0.0839387409,0.527402664
536.599,0.083880842,0.527038874
536.697,0.08375544,0.52625095
536.802,0.0835190045,0.524765382
536.9,0.0832393409,0.523008204
536.998,0.0829305853,0.521068235
537.103,0.0826223494,0.519131532
537.201,0.0824193441,0.517856012
537.299,0.0822843258,0.517007667
537.397,0.0822111609,0.516547958
537.502,0.0822231839,0.516623501
537.6,0.0822566525,0.51683379
537.698,0.0822287018,0.516658171
537.803,0.0821178059,0.515961391
537.901,0.0819964927,0.515199158
537.999,0.0819511385,0.51491419
538.097,0.0820091745,0.51527884
538.202,0.082133969,0.516062947
538.3,0.0822705052,0.51692083
538.398,0.0824064395,0.51777493
538.503,0.0825146212,0.518454655
538.601,0.0825620393,0.518752592
538.699,0.0825912036,0.518935837
538.797,0.0826476654,0.519290597
538.902,0.0827259619,0.519782548
539.0,0.0827675313,0.520043736
539.098,0.0827591418,0.519991023
539.203,0.0826876949,0.51954211
539.301,0.0825510367,0.518683461
539.399,0.0824078728,0.517783935
539.497,0.0823128642,0.517186979
539.602,0.0822091563,0.516535363
539.7,0.0821129162,0.515930668
539.798,0.0820338743,0.515434034
539.903,0.0819671939,0.515015068
540.001,0.0819450875,0.51487617
540.099,0.0819775995,0.515080449
540.197,0.082074777,0.515691033
540.302,0.0822169923,0.516584598
540.4,0.0823001747,0.517107249
540.498,0.0822958926,0.517080343
540.603,0.0822377611,0.516715092
540.701,0.0822072335,0.516523282
540.799,0.0822204013,0.516606017
540.897,0.0822755666,0.516952631
541.002,0.0823893334,0.517667449
541.1,0.082537087,0.518595812
541.198,0.0827126167,0.519698698
541.303,0.0829518476,0.52120183
541.401,0.0832284235,0.522939607
541.499,0.0834686829,0.524449202
541.597,0.0835912441,0.525219277
541.702,0.0836239257,0.525424621
541.8,0.0836227168,0.525417025
541.898,0.0835761862,0.525124665
542.003,0.0834744121,0.524485199
542.101,0.0833799318,0.523891563
542.199,0.083317648,0.523500222
542.297,0.0832873417,0.523309802
542.402,0.0832538815,0.523099565
542.5,0.0832385699,0.523003359
542.598,0.0832576133,0.523123013
542.703,0.0832790727,0.523257846
542.801,0.083252444,0.523090533
542.899,0.0831785364,0.522626158
542.997,0.0831017934,0.522143967
543.102,0.0831365312,0.522362231
543.2,0.0832679922,0.523188225
543.298,0.0834332333,0.524226465
543.403,0.083631944,0.525475002
543.501,0.0837715356,0.526352082
543.599,0.0838551549,0.526877477
543.697,0.0839525973,0.527489726
543.802,0.0841093266,0.528474485
543.9,0.0843115079,0.529744828
543.998,0.084525845,0.531091548
544.103,0.0846904806,0.532125983
544.201,0.084766963,0.532606536
544.299,0.0847888475,0.532744041
544.397,0.0847749183,0.532656521
544.502,0.0847763031,0.532665222
544.6,0.0848046736,0.532843479
544.698,0.0848058487,0.532850862
544.803,0.0847336334,0.53239712
544.901,0.0846095417,0.531617429
544.999,0.084475672,0.530776301
545.097,0.0843937945,0.53026185
545.202,0.0844156163,0.53039896
545.3,0.0845031029,0.530948654
545.398,0.0845511312,0.531250425
545.503,0.0845140778,0.531017612
545.601,0.084437741,0.530537974
545.699,0.0843232663,0.529818708
545.797,0.08414224,0.528681286
545.902,0.0838742309,0.526997335
546.0,0.0835993248,0.525270049
546.098,0.083367496,0.523813426
546.203,0.0831767396,0.522614868
546.301,0.0830007021,0.521508792
546.399,0.0828248582,0.520403932
546.497,0.0826688165,0.519423493
546.602,0.0825130549,0.518444814
546.7,0.0824118444,0.51780889
546.798,0.082389458,0.517668232
546.903,0.0824648472,0.518141916
547.001,0.082635277,0.519212758
547.099,0.0828478148,0.520548173
547.197,0.0830064507,0.521544912
547.302,0.0830657205,0.521917315
547.4,0.083062692,0.521898286
547.498,0.0830653603,0.521915051
547.603,0.0830841873,0.522033345
547.701,0.0830887263,0.522061864
547.799,0.0830531614,0.521838404
547.897,0.0829522732,0.521204504
548.002,0.0827945349,0.520213405
548.1,0.082682874,0.519511819
548.198,0.0826595668,0.519365376
548.303,0.0827115744,0.519692149
548.401,0.0827600485,0.519996721
548.499,0.0827725837,0.520075482
548.597,0.0827928246,0.520202659
548.702,0.0828962844,0.520852716
548.8,0.0830817527,0.522018048
548.898,0.0832733054,0.523221609
549.003,0.0833609681,0.52377241
549.101,0.0832782431,0.523252633
549.199,0.0830426148,0.521772137
549.297,0.0827270993,0.519789695
549.402,0.0824380538,0.517973569
549.5,0.0822967844,0.517085947
549.598,0.0822924841,0.517058927
549.703,0.0823925204,0.517687474
549.801,0.0825345867,0.518580102
549.899,0.0826930287,0.519575623
549.997,0.0828093546,0.52030652
550.102,0.0828215224,0.520382973
550.2,0.0827495383,0.519930683
550.298,0.0826913133,0.519564845
550.403,0.0827229179,0.519763422
550.501,0.0828175849,0.520358233
550.599,0.0829265054,0.5210426
550.697,0.0830527063,0.521835544
550.802,0.0832049886,0.522792362
550.9,0.0832989613,0.523382809
550.998,0.0833163994,0.523492377
551.103,0.0832457286,0.523048339
551.201,0.0831145384,0.522224047
551.299,0.0829742088,0.521342329
551.397,0.0828462626,0.52053842
551.502,0.0826683305,0.519420439
551.6,0.0824481742,0.518037157
551.698,0.0822845255,0.517008922
551.803,0.0822436508,0.516752098
551.901,0.082276632,0.516959325
551.999,0.0823499776,0.51742017
552.097,0.0824672781,0.51815719
552.202,0.0825915799,0.518938201
552.3,0.0826553682,0.519338995
552.398,0.0826892771,0.519552051
552.503,0.0827762819,0.520098718
552.601,0.0829703691,0.521318204
552.699,0.0832867276,0.523305943
552.797,0.083681327,0.525785284
552.902,0.0841090592,0.528472805
553.0,0.0844170298,0.530407842
553.098,0.0845722518,0.53138313
553.203,0.0845963173,0.531534338
553.301,0.0845559402,0.531280641
553.399,0.0845199671,0.531054615
553.497,0.084532636,0.531134217
553.602,0.0845926902,0.531511548
553.7,0.0846124031,0.531635408
553.798,0.0845441903,0.531206814
553.903,0.084466371,0.530717861
554.001,0.084500151,0.530930107
554.099,0.0846137055,0.531643591
554.197,0.0847242192,0.532337969
554.302,0.084775853,0.532662394
554.4,0.0847295665,0.532371567
554.498,0.0845830835,0.531451187
554.603,0.0843273833,0.529844576
554.701,0.0840394963,0.528035729
554.799,0.0837843811,0.526432792
554.897,0.0836172134,0.525382447
555.002,0.0835019077,0.52465796
555.1,0.0833937582,0.523978436
555.198,0.0832809725,0.523269783
555.303,0.0831995612,0.522758261
555.401,0.0831667182,0.522551902
555.499,0.0831658671,0.522546554
555.597,0.0831846104,0.522664322
555.702,0.08317224,0.522586596
555.8,0.0830687954,0.521936635
555.898,0.0828702881,0.520689377
556.003,0.0827146457,0.519711446
556.101,0.0827479609,0.519920772
556.199,0.0828669053,0.520668122
556.297,0.0829919622,0.521453878
556.402,0.0831409574,0.522390042
556.5,0.0832891011,0.523320856
556.598,0.0834098295,0.524079415
556.703,0.0834952891,0.524616374
556.801,0.0835545816,0.524988919
556.899,0.0836110384,0.525343648
556.997,0.0836790739,0.525771128
557.102,0.0837790871,0.526399529
557.2,0.083881422,0.527042518
557.298,0.0839328606,0.527365717
557.403,0.0838870724,0.527078021
557.501,0.0838034951,0.526552889
557.599,0.083776582,0.526383789
557.697,0.0838270959,0.526701177
557.802,0.0838829211,0.527051937
557.9,0.083893776,0.52712014
557.998,0.0839434876,0.527432488
558.103,0.0840525989,0.528118054
558.201,0.0841053227,0.528449328
558.299,0.0840444684,0.528066969
558.397,0.0838833487,0.527054624
558.502,0.0836899721,0.525839603
558.6,0.0835433734,0.524918497
558.698,0.0834397601,0.524267475
558.803,0.0834434955,0.524290945
558.901,0.0835871449,0.525193521
558.999,0.0837440239,0.526179221
559.097,0.0838450288,0.526813853
559.202,0.0839755304,0.527633819
559.3,0.0841904502,0.5289842
559.398,0.0844847458,0.530833314
559.503,0.0847733236,0.532646501
559.601,0.0848889052,0.533372722
559.699,0.0848237711,0.532963472
559.797,0.0846038867,0.531581898
559.902,0.0842727799,0.529501493
560.0,0.0840503304,0.528103801
560.098,0.0839762812,0.527638536
560.203,0.0839244496,0.527312869
560.301,0.0838260789,0.526694787
560.399,0.0837335946,0.526113691
560.497,0.0836897407,0.525838149
560.602,0.0836578895,0.525638022
560.7,0.0835773015,0.525131673
560.798,0.0834223819,0.524158284
560.903,0.0832274512,0.522933499
561.001,0.0830995442,0.522129835
561.099,0.0830836642,0.522030058
561.197,0.0832019534,0.522773291
561.302,0.0834447427,0.524298781
561.4,0.0836482415,0.525577402
561.498,0.0837063106,0.525942261
561.603,0.0836187817,0.525392301
561.701,0.0834560923,0.524370093
561.799,0.0832667014,0.523180115
561.897,0.0831000488,0.522133006
562.002,0.0829450414,0.521159066
562.1,0.082833962,0.520461133
562.198,0.0827684999,0.520049823
562.303,0.0827408836,0.519876304
562.401,0.0828740086,0.520712753
562.499,0.0831768004,0.52261525
562.597,0.0834800361,0.524520536
562.702,0.0837157946,0.526001851
562.8,0.0838525089,0.526860852
562.898,0.0838929157,0.527114735
563.003,0.0839027588,0.527176581
563.101,0.0839319178,0.527359793
563.199,0.0839567568,0.527515861
563.297,0.0839348325,0.527378106
563.402,0.0838298751,0.52671864
563.5,0.0837582978,0.526268906
563.598,0.0837716571,0.526352845
563.703,0.0838469902,0.526826177
563.801,0.0839518981,0.527485333
563.899,0.0839792983,0.527657493
563.997,0.0838366803,0.526761398
564.102,0.0836038754,0.525298642
564.2,0.083494366,0.524610574
564.298,0.0835022701,0.524660237
564.403,0.0835883225,0.52520092
564.501,0.0836665875,0.525692673
564.599,0.083679085,0.525771198
564.697,0.0836112538,0.525345002
564.802,0.0834610679,0.524401356
564.9,0.083331024,0.523584266
564.998,0.0833383058,0.523630019
565.103,0.0835289556,0.524827907
565.201,0.0836994871,0.525899388
565.299,0.0837292641,0.526086482
565.397,0.0836919409,0.525851974
565.502,0.083703423,0.525924118
565.6,0.0837673983,0.526326086
565.698,0.0838647894,0.526938013
565.803,0.084045279,0.528072062
565.901,0.0842456284,0.529330895
565.999,0.0843402202,0.529925233
566.097,0.0842978446,0.529658978
566.202,0.0842883254,0.529599167
566.3,0.0844035074,0.530322878
566.398,0.0845317173,0.531128444
566.503,0.0845902099,0.531495964
566.601,0.0845783112,0.531421202
566.699,0.0845455994,0.531215668
566.797,0.0845413171,0.531188761
566.902,0.0846489223,0.531864865
567.0,0.0849269772,0.533611935
567.098,0.0853254138,0.536115386
567.203,0.0856905536,0.538409627
567.301,0.0858518577,0.539423131
567.399,0.0858533803,0.539432698
567.497,0.0857803191,0.538973641
567.602,0.0856461352,0.538130538
567.7,0.0854365179,0.536813474
567.798,0.0852107199,0.535394744
567.903,0.0851139227,0.534786548
568.001,0.0852221655,0.535466658
568.099,0.0854275457,0.5367571
568.197,0.0856348844,0.538059848
568.302,0.0858509041,0.53941714
568.4,0.0860448321,0.540635625
568.498,0.0861949036,0.541578552
568.603,0.0862384201,0.541851974
568.701,0.086114554,0.5410737
568.799,0.085909171,0.539783241
568.897,0.0857625683,0.538862109
569.002,0.0856577133,0.538203286
569.1,0.085551185,0.537533948
569.198,0.0854328132,0.536790196
569.303,0.085298097,0.53594375
569.401,0.085187415,0.535248314
569.499,0.0850695817,0.534507946
569.597,0.0848986172,0.533433745
569.702,0.0846724758,0.532012856
569.8,0.0844551602,0.530647422
569.898,0.0842721775,0.529497708
570.003,0.0841630146,0.528811817
570.101,0.0841361771,0.528643192
570.199,0.0841394367,0.528663672
570.297,0.0841533227,0.52875092
570.402,0.0842013112,0.529052441
570.5,0.0843132267,0.529755627
570.598,0.0844885953,0.530857501
570.703,0.0846515528,0.531881393
570.801,0.0846688141,0.531989849
570.899,0.0845419384,0.531192665
570.997,0.0844364632,0.530529945
571.102,0.0845335614,0.531140031
571.2,0.0847225417,0.532327429
571.298,0.0848556878,0.533164011
571.403,0.0849129973,0.533524097
571.501,0.0849337631,0.533654573
571.599,0.0849489958,0.533750282
571.697,0.0849440841,0.533719421
571.802,0.0849426781,0.533710587
571.9,0.0849569873,0.533800495
571.998,0.0849338683,0.533655233
572.103,0.0848855619,0.533351715
572.201,0.0848903187,0.533381603
572.299,0.0849071304,0.533487234
572.397,0.0848278627,0.53298918
572.502,0.0846651356,0.531966736
572.6,0.0845089723,0.530985533
572.698,0.0843456147,0.529959127
572.803,0.0841537717,0.528753742
572.901,0.0839787357,0.527653958
572.999,0.0838669566,0.526951629
573.097,0.0838680853,0.526958722
573.202,0.083991974,0.527737137
573.3,0.0841688319,0.528848368
573.398,0.084373455,0.530134053
573.503,0.0846146934,0.531649799
573.601,0.0847615396,0.53257246
573.699,0.0847455723,0.532472134
573.797,0.0846995429,0.532182924
573.902,0.0847833811,0.532709694
574.0,0.0849224465,0.533583468
574.098,0.0850370541,0.534303569
574.203,0.0851753955,0.535172794
574.301,0.0853252435,0.536114317
574.399,0.08545437,0.536925642
574.497,0.0855092933,0.537270735
574.602,0.0854188233,0.536702295
574.7,0.0852638929,0.535728839
574.798,0.0851266337,0.534866414
574.903,0.0850259753,0.534233959
575.001,0.0849566768,0.533798543
575.099,0.0848895677,0.533376884
575.197,0.0848453895,0.533099305
575.302,0.0848656659,0.533226705
575.4,0.0849001248,0.533443217
575.498,0.0848440081,0.533090625
575.603,0.0846686034,0.531988525
575.701,0.0844771892,0.530785834
575.799,0.0843352034,0.529893711
575.897,0.0842812461,0.529554687
576.002,0.0843134638,0.529757117
576.1,0.0843975275,0.530285305
576.198,0.0844861008,0.530841827
576.303,0.0845066635,0.530971027
576.401,0.0844070488,0.530345129
576.499,0.0841975859,0.529029035
576.597,0.083989004,0.527718476
576.702,0.083927622,0.527332801
576.8,0.0839537853,0.52749719
576.898,0.0839768228,0.527641939
577.003,0.0840775212,0.528274646
577.101,0.0842206262,0.529173801
577.199,0.0843221363,0.529811608
577.297,0.0843541168,0.530012547
577.402,0.0843028317,0.529690314
577.5,0.0842156961,0.529142825
577.598,0.0841413912,0.528675953
577.703,0.0841056933,0.528451656
577.801,0.0841366216,0.528645985
577.899,0.084260119,0.529421942
577.997,0.0844307917,0.53049431
578.102,0.0845443111,0.531207573
578.2,0.0845593805,0.531302257
578.298,0.084545731,0.531216495
578.403,0.0845768668,0.531412127
578.501,0.0846802323,0.532061591
578.599,0.0848121006,0.532890144
578.697,0.0849434768,0.533715606
578.802,0.0851145791,0.534790673
578.9,0.0853128475,0.53603643
578.998,0.0855118304,0.537286676
579.103,0.0857051269,0.538501194
579.201,0.0858982529,0.53971464
579.299,0.0860996026,0.540979758
579.397,0.0862554867,0.541959207
579.502,0.0862830044,0.542132106
579.6,0.0861313394,0.541179166
579.698,0.0858771717,0.539582183
579.803,0.085619576,0.537963662
579.901,0.0854534484,0.536919851
579.999,0.0853386103,0.536198302
580.097,0.0852224284,0.53546831
580.202,0.08512185,0.534836357
580.3,0.0851192214,0.534819841
580.398,0.0851946043,0.535293486
580.503,0.0852674931,0.53575146
580.601,0.0852855317,0.535864799
580.699,0.0852701156,0.535767937
580.797,0.0851912793,0.535272595
580.902,0.0849982137,0.534059527
581.0,0.0847222582,0.532325648
581.098,0.0844064375,0.530341288
581.203,0.0841615356,0.528802524
581.301,0.0841102285,0.528480152
581.399,0.0841793024,0.528914156
581.497,0.0842675988,0.529468939
581.602,0.0842613435,0.529429635
581.7,0.0841198334,0.528540501
581.798,0.0839619644,0.527548581
581.903,0.0838313167,0.526727697
582.001,0.0836652951,0.525684553
582.099,0.0834706879,0.5244618
582.197,0.0833124066,0.523467289
582.302,0.0831944021,0.522725845
582.4,0.0831453814,0.522417839
582.498,0.0831711377,0.52257967
582.603,0.083253986,0.523100221
582.701,0.0833400848,0.523641196
582.799,0.083392265,0.523969054
582.897,0.0833796146,0.523889569
583.002,0.0833073402,0.523435456
583.1,0.0832033781,0.522782243
583.198,0.0830616797,0.521891926
583.303,0.0829358859,0.52110154
583.401,0.0829543954,0.521217839
583.499,0.0830883329,0.522059393
583.597,0.0832009038,0.522766696
583.702,0.083205189,0.522793621
583.8,0.083125745,0.522294459
583.898,0.0830100299,0.5215674
584.003,0.08289472,0.520842887
584.101,0.0828171594,0.520355559
584.199,0.082763699,0.520019657
584.297,0.0827780453,0.520109798
584.402,0.0828390642,0.520493191
584.5,0.0828798869,0.520749687
584.598,0.0829383891,0.521117268
584.703,0.0830080272,0.521554817
584.801,0.0829750373,0.521347535
584.899,0.0828423122,0.520513599
584.997,0.0826910914,0.519563451
585.102,0.0826513668,0.519313853
585.2,0.0827447034,0.519900304
585.298,0.0828610221,0.520631157
585.403,0.0829625633,0.521269159
585.501,0.083049846,0.521817572
585.599,0.0831496542,0.522444685
585.697,0.0832289418,0.522942864
585.802,0.0832218946,0.522898585
585.9,0.0831152123,0.522228281
585.998,0.0829613706,0.521261665
586.103,0.0827863977,0.520162278
586.201,0.0826229305,0.519135183
586.299,0.082483539,0.518259361
586.397,0.0824012553,0.517742357
586.502,0.0823529019,0.517438543
586.6,0.0822875806,0.517028118
586.698,0.082229582,0.516663702
586.803,0.0822369786,0.516710175
586.901,0.082271797,0.516928946
586.999,0.0822640256,0.516880117
587.097,0.0822045284,0.516506285
587.202,0.0821824199,0.516367373
587.3,0.0823176067,0.517216777
587.398,0.0825967618,0.51897076
587.503,0.0829136449,0.520961796
587.601,0.0830823171,0.522021594
587.699,0.0831035236,0.522154838
587.797,0.0830937095,0.522093175
587.902,0.0831429443,0.522402526
588.0,0.0831786171,0.522626665
588.098,0.0831652957,0.522542964
588.203,0.0831962116,0.522737214
588.301,0.0833283708,0.523567595
588.399,0.0834799318,0.524519881
588.497,0.0835726661,0.525102548
588.602,0.0835806744,0.525152866
588.7,0.0835270935,0.524816206
588.798,0.083501575,0.524655869
588.903,0.0835864991,0.525189463
589.001,0.0837209877,0.52603448
589.099,0.0837967374,0.526510429
589.197,0.0838224102,0.526671736
589.302,0.083904956,0.527190387
589.4,0.0840003074,0.527789497
589.498,0.0839558381,0.527510088
589.603,0.0837478891,0.526203507
589.701,0.0835871354,0.525193461
589.799,0.0835361069,0.524872839
589.897,0.0835594794,0.525019693
590.002,0.0836367399,0.525505135
590.1,0.0837593801,0.526275706
590.198,0.0839133132,0.527242897
590.303,0.084051751,0.528112727
590.401,0.0841076591,0.528464008
590.499,0.0841205845,0.528545221
590.597,0.0841510884,0.528736882
590.702,0.0842104001,0.529109549
590.8,0.0842624916,0.529436849
590.898,0.0842710674,0.529490733
591.003,0.0841934101,0.529002797
591.101,0.0840999152,0.528415351
591.199,0.0840316183,0.52798623
591.297,0.0839208793,0.527290436
591.402,0.083665907,0.525688398
591.5,0.0833993243,0.524013409
591.598,0.0833170421,0.523496415
591.703,0.0833935498,0.523977127
591.801,0.0835211298,0.524778735
591.899,0.0837375189,0.526138349
591.997,0.0840142305,0.527876979
592.102,0.0843070785,0.529716997
592.2,0.084566043,0.531344119
592.298,0.084808333,0.532866472
592.403,0.0849993529,0.534066685
592.501,0.0850361597,0.534297949
592.599,0.0849940332,0.534033261
592.697,0.0850042449,0.534097423
592.802,0.0849903661,0.53401022
592.9,0.0849107056,0.533509698
592.998,0.084820866,0.532945219
593.103,0.0847932012,0.532771396
593.201,0.0848540724,0.533153861
593.299,0.0849491791,0.533751434
593.397,0.0850012216,0.534078427
593.502,0.0849381633,0.53368222
593.6,0.0847820307,0.532701209
593.698,0.0846809354,0.532066009
593.803,0.0847040309,0.532211122
593.901,0.0847343094,0.532401368
593.999,0.0846983149,0.532175208
594.097,0.0846060896,0.531595739
594.202,0.0844941171,0.530892195
594.3,0.0843996968,0.530298935
594.398,0.0843238304,0.529822252
594.503,0.0842977711,0.529658517
594.601,0.0843041974,0.529698894
594.699,0.0842742973,0.529511027
594.797,0.0842109851,0.529113224
594.902,0.0841876226,0.528966433
595.0,0.0842288463,0.52922545
595.098,0.084265685,0.529456914
595.203,0.0842191052,0.529164244
595.301,0.0841156707,0.528514346
595.399,0.0840363857,0.528016184
595.497,0.0839518172,0.527484824
595.602,0.0838148863,0.526624462
595.7,0.0837099114,0.525964885
595.798,0.0836710655,0.52572081
595.903,0.0836748812,0.525744784
596.001,0.0836704345,0.525716845
596.099,0.0836816741,0.525787465
596.197,0.0837604957,0.526282716
596.302,0.0839064695,0.527199896
596.4,0.0839964782,0.527765438
596.498,0.083943415,0.527432032
596.603,0.0838287234,0.526711403
596.701,0.0838498431,0.526844102
596.799,0.0839475398,0.527457949
596.897,0.0839805735,0.527665505
597.002,0.0838759227,0.527007965
597.1,0.0836866901,0.525818982
597.198,0.0835330828,0.524853839
597.303,0.083508233,0.524697703
597.401,0.0835425181,0.524913122
597.499,0.0835602768,0.525024704
597.597,0.0835358323,0.524871114
597.702,0.0834269694,0.524187108
597.8,0.0832460369,0.523050276
597.898,0.0830530049,0.52183742
598.003,0.0829287586,0.521056757
598.101,0.0828958052,0.520849705
598.199,0.0829095545,0.520936095
598.297,0.0829619718,0.521265443
598.402,0.0830377401,0.521741508
598.5,0.0830886158,0.52206117
598.598,0.0831194077,0.522254641
598.703,0.0831744321,0.52260037
598.801,0.0832808374,0.523268934
598.899,0.0834192176,0.524138402
598.997,0.0835013119,0.524654216
599.102,0.0834389096,0.524262131
599.2,0.083266631,0.523179672
599.298,0.0830712037,0.521951767
599.403,0.0829658046,0.521289524
599.501,0.0830634198,0.521902859
599.599,0.0832371512,0.522994445
599.697,0.0834115968,0.52409052
599.802,0.0836865385,0.525818029
599.9,0.0840131218,0.527870013
599.998,0.0843025472,0.529688526
600.103,0.0844690179,0.530734492
600.201,0.0844167035,0.530405791
600.299,0.0842166091,0.529148561
600.397,0.0840337098,0.527999371
600.502,0.0839326043,0.527364106
600.6,0.0838568566,0.526888169
600.698,0.0837451173,0.52618609
600.803,0.0835972086,0.525256753
600.901,0.0834822395,0.52453438
600.999,0.083422164,0.524156915
601.097,0.083357377,0.523749847
601.202,0.0832309858,0.522955707
601.3,0.0831142043,0.522221948
601.398,0.0830412074,0.521763294
601.503,0.0830219873,0.521642531
601.601,0.0830678011,0.521930388
601.699,0.0831445452,0.522412585
601.797,0.0831764533,0.522613069
601.902,0.0831128336,0.522213335
602.0,0.0829883383,0.521431108
602.098,0.0828673609,0.520670985
602.203,0.0828219998,0.520385972
602.301,0.0828919544,0.52082551
602.399,0.0830510966,0.52182543
602.497,0.0832390391,0.523006307
602.602,0.0833894139,0.52395114
602.7,0.0834757209,0.524493423
602.798,0.0835613091,0.525031189
602.903,0.0836575999,0.525636202
603.001,0.0837028586,0.525920572
603.099,0.0836568728,0.525631634
603.197,0.0835134617,0.524730556
603.302,0.0832964023,0.523366731
603.4,0.0831127662,0.522212912
603.498,0.0830067524,0.521546807
603.603,0.0829771732,0.521360955
603.701,0.0830154379,0.52160138
603.799,0.0831326311,0.522337726
603.897,0.0833148323,0.52348253
604.002,0.0834655217,0.524429339
604.1,0.0834646721,0.524424002
604.198,0.0833918993,0.523966756
604.303,0.0834366109,0.524247688
604.401,0.083633042,0.525481901
604.499,0.0838456725,0.526817898
604.597,0.0840070191,0.527831668
604.702,0.0841576194,0.528777917
604.8,0.0842831845,0.529566866
604.898,0.0843727977,0.530129923
605.003,0.0844308712,0.530494809
605.101,0.0844575221,0.530662262
605.199,0.0844711639,0.530747976
605.297,0.084500142,0.53093005
605.402,0.0845514299,0.531252302
605.5,0.0846099364,0.53161991
605.598,0.0846942583,0.532149719
605.703,0.0848003307,0.532816192
605.801,0.0848421639,0.533079038
605.899,0.0847841912,0.532714785
605.997,0.0847100672,0.53224905
606.102,0.0847353167,0.532407697
606.2,0.0847866585,0.532730287
606.298,0.084776479,0.532666327
606.403,0.0847642622,0.532589567
606.501,0.084819384,0.532935908
606.599,0.0849283806,0.533620753
606.697,0.0850952552,0.534669257
606.802,0.0853489227,0.536263097
606.9,0.0855793456,0.537710887
606.998,0.0856998185,0.53846784
607.103,0.0856520064,0.538167428
607.201,0.085517437,0.537321904
607.299,0.0854316739,0.536783038
607.397,0.0854070596,0.536628382
607.502,0.0853579785,0.536319996
607.6,0.0852682394,0.535756149
607.698,0.0851383328,0.534939922
607.803,0.0849810939,0.533951961
607.901,0.0848593931,0.533187292
607.999,0.084758461,0.532553117
608.097,0.0846367848,0.531788603
608.202,0.0844730469,0.530759807
608.3,0.0843611201,0.53005655
608.398,0.0843521785,0.530000369
608.503,0.0844019759,0.530313255
608.601,0.0843715598,0.530122145
608.699,0.0842448757,0.529326165
608.797,0.0841440212,0.528692477
608.902,0.0841371792,0.528649488
609.0,0.0841278648,0.528590964
609.098,0.0840181719,0.527901743
609.203,0.083788446,0.526458333
609.301,0.0835307357,0.524839091
609.399,0.0833293382,0.523573673
609.497,0.0832879595,0.523313683
609.602,0.0833769866,0.523873057
609.7,0.0834943816,0.524610671
609.798,0.0835674593,0.525069832
609.903,0.0835205915,0.524775353
610.001,0.0834035505,0.524039963
610.099,0.0833347899,0.523607928
610.197,0.0834147178,0.524110129
610.302,0.0835880625,0.525199286
610.4,0.0836899037,0.525839173
610.498,0.0836888145,0.52583233
610.603,0.0836153687,0.525370856
610.701,0.083572735,0.525102981
610.799,0.0836289655,0.525456287
610.897,0.0837431847,0.526173948
611.002,0.0838510913,0.526851945
611.1,0.0839090593,0.527216169
611.198,0.0839210755,0.527291668
611.303,0.0839350068,0.527379201
611.401,0.083980865,0.527667337
611.499,0.0840628824,0.528182668
611.597,0.0841513566,0.528738567
611.702,0.0842023265,0.529058821
611.8,0.0842184833,0.529160337
611.898,0.0842439058,0.529320071
612.003,0.0842882119,0.529598455
612.101,0.0843105754,0.529738969
612.199,0.084292437,0.529625002
612.297,0.0842632321,0.529441502
612.402,0.0842872648,0.529592504
612.5,0.0843442601,0.529950616
612.598,0.0843410468,0.529930426
612.703,0.0842456494,0.529331026
612.801,0.0841447174,0.528696852
612.899,0.0840562464,0.528140972
612.997,0.0839383735,0.527400355
613.102,0.0837772247,0.526387827
613.2,0.0836523923,0.525603482
613.298,0.0836255505,0.52543483
613.403,0.0837150712,0.525997305
613.501,0.0838365341,0.526760479
613.599,0.0839461938,0.527449492
613.697,0.0840562575,0.528141042
613.802,0.0841852677,0.528951637
613.9,0.0843125366,0.529751291
613.998,0.0844463153,0.530591848
614.103,0.0845198736,0.531054028
614.201,0.0844784901,0.530794008
614.299,0.0844143076,0.530390737
614.397,0.0843855381,0.530209973
614.502,0.0843790332,0.530169102
614.6,0.0843531162,0.53000626
614.698,0.0842774352,0.529530743
614.803,0.0841927572,0.528998695
614.901,0.0841389143,0.52866039
614.999,0.0840467927,0.528081573
615.097,0.0839390501,0.527404606
615.202,0.0839178007,0.527271092
615.3,0.0839800641,0.527662305
615.398,0.0840249012,0.527944025
615.503,0.0840050128,0.527819062
615.601,0.0839627065,0.527553244
615.699,0.0839616668,0.527546711
615.797,0.08400153,0.527797179
615.902,0.084006926,0.527831083
616.0,0.083969708,0.527597236
616.098,0.08395472,0.527503063
616.203,0.0839471325,0.527455389
616.301,0.0838898082,0.52709521
616.399,0.0837843198,0.526432407
616.497,0.0836843399,0.525804215
616.602,0.0836007323,0.525278893
616.7,0.0834781323,0.524508574
616.798,0.0832688859,0.523193841
616.903,0.0830108894,0.521572801
617.001,0.0827942941,0.520211892
617.099,0.0825918146,0.518939676
617.197,0.0824234759,0.517881972
617.302,0.0823302346,0.51729612
617.4,0.0823039852,0.517131191
617.498,0.0823272736,0.517277516
617.603,0.082480127,0.518237922
617.701,0.0827050594,0.519651214
617.799,0.0828735736,0.52071002
617.897,0.0829591755,0.521247873
618.002,0.0830473339,0.521801788
618.1,0.083159361,0.522505675
618.198,0.0832427929,0.523029893
618.303,0.0832881532,0.5233149
618.401,0.0833446002,0.523669568
618.499,0.0833809376,0.523897882
618.597,0.0833312486,0.523585677
618.702,0.0832561927,0.523114087
618.8,0.0832922931,0.523340912
618.898,0.0833039224,0.523413982
619.003,0.0831445002,0.522412302
619.101,0.0830002585,0.521506005
619.199,0.0830729558,0.521962775
619.297,0.0833675222,0.523813591
619.402,0.0837401335,0.526154776
619.5,0.0840594982,0.528161404
619.598,0.0843373091,0.529906941
619.703,0.0845267008,0.531096924
619.801,0.0845615832,0.531316097
619.899,0.0844461545,0.530590837
619.997,0.0842261438,0.529208469
620.102,0.0840010801,0.527794352
620.2,0.0839110389,0.527228607
620.298,0.0839408251,0.527415759
620.403,0.0840091334,0.527844952
620.501,0.084026374,0.527953279
620.599,0.0839954455,0.527758949
620.697,0.0839539559,0.527498262
620.802,0.0838528348,0.5268629
620.9,0.0836796032,0.525774453
620.998,0.0835101396,0.524709682
621.103,0.0834370761,0.524250611
621.201,0.0834418751,0.524280764
621.299,0.0834104992,0.524083623
621.397,0.0833815223,0.523901556
621.502,0.0834946258,0.524612206
621.6,0.0837051866,0.525935199
621.698,0.0838910076,0.527102746
621.803,0.0840198837,0.527912499
621.901,0.084089242,0.52834829
621.999,0.0840439947,0.528063993
622.097,0.0838441651,0.526808426
622.202,0.0835398554,0.524896392
622.3,0.0832899639,0.523326277
622.398,0.0831253227,0.522291806
622.503,0.0830314372,0.521701906
622.601,0.0830286563,0.521684433
622.699,0.0830990683,0.522126845
622.797,0.0832197686,0.522885227
622.902,0.0833990549,0.524011716
623.0,0.0835643239,0.525050132
623.098,0.0836669365,0.525694866
623.203,0.0836863925,0.525817112
623.301,0.0837130445,0.525984571
623.399,0.0838691383,0.526965337
623.497,0.0841438215,0.528691223
623.602,0.0844326558,0.530506023
623.7,0.0845765774,0.531410308
623.798,0.0845804918,0.531434903
623.903,0.0844943772,0.530893829
624.001,0.0843435435,0.529946113
624.099,0.0841129569,0.528497295
624.197,0.0838274808,0.526703596
624.302,0.0835357433,0.524870555
624.4,0.0833753259,0.523862622
624.498,0.0833537103,0.523726808
624.603,0.0833942374,0.523981447
624.701,0.083401745,0.524028619
624.799,0.0833749187,0.523860064
624.897,0.0833482379,0.523692424
625.002,0.0833687307,0.523821184
625.1,0.0834685189,0.524448172
625.198,0.0835884765,0.525201888
625.303,0.0836460796,0.525563819
625.401,0.0836369439,0.525506417
625.499,0.083602275,0.525288586
625.597,0.0835753128,0.525119177
625.702,0.083565787,0.525059325
625.8,0.0835746727,0.525115155
625.898,0.0836158881,0.525374119
626.003,0.0837211457,0.526035473
626.101,0.0838593511,0.526903843
626.199,0.0839282616,0.52733682
626.297,0.0838456334,0.526817652
626.402,0.083702003,0.525915196
626.5,0.0836763033,0.525753719
626.598,0.0837904624,0.526471002
626.703,0.0840112945,0.527858531
626.801,0.084212287,0.529121404
626.899,0.0843112668,0.529743313
626.997,0.0843053962,0.529706426
627.102,0.084290225,0.529611103
627.2,0.0843487316,0.529978711
627.298,0.0844632928,0.53069852
627.403,0.0845776679,0.53141716
627.501,0.084650197,0.531872874
627.599,0.0847114467,0.532257717
627.697,0.0847324386,0.532389613
627.802,0.0846467907,0.531851472
627.9,0.0844964409,0.530906796
627.998,0.0843638252,0.530073547
628.103,0.0843426248,0.529940341
628.201,0.0843843988,0.530202815
628.299,0.0843215969,0.529808219
628.397,0.0841306571,0.528608509
628.502,0.0839286912,0.527339519
628.6,0.0838578281,0.526894273
628.698,0.0839068666,0.527202392
628.803,0.0840078495,0.527836886
628.901,0.0840932264,0.528373324
628.999,0.0841747007,0.528885242
629.097,0.0842594106,0.52941749
629.202,0.0843246337,0.5298273
629.3,0.0843062142,0.529711566
629.398,0.0842001555,0.52904518
629.503,0.084067302,0.528210436
629.601,0.0840022822,0.527801906
629.699,0.0839588619,0.527529087
629.797,0.0838088282,0.526586398
629.902,0.083631129,0.525469881
630.0,0.0836960487,0.525877784
630.098,0.0838833112,0.527054388
630.203,0.0840876989,0.528338594
630.301,0.0842548867,0.529389066
630.399,0.0843801167,0.530175909
630.497,0.0844729159,0.530758984
630.602,0.0846241657,0.531709315
630.7,0.0848421381,0.533078875
630.798,0.085035878,0.534296179
630.903,0.0851509283,0.535019062
631.001,0.0852013421,0.535335821
631.099,0.0852218238,0.535464511
631.197,0.0851934306,0.535286111
631.302,0.0850918985,0.534648166
631.4,0.0849390607,0.533687858
631.498,0.0847945095,0.532779616
631.603,0.0846750239,0.532028866
631.701,0.084562203,0.531319991
631.799,0.0844730875,0.530760062
631.897,0.0844244475,0.530454448
632.002,0.0843870237,0.530219307
632.1,0.0843555876,0.530021789
632.198,0.0843488927,0.529979723
632.303,0.084424162,0.530452654
632.401,0.0845728447,0.531386855
632.499,0.0847095836,0.532246011
632.597,0.0848015355,0.532823762
632.702,0.0848978633,0.533429007
632.8,0.0849568209,0.533799449
632.898,0.0848940988,0.533405354
633.003,0.0846872212,0.532105504
633.101,0.0844733748,0.530761867
633.199,0.0843199621,0.529797947
633.297,0.0842491226,0.529352849
633.402,0.0842696844,0.529482043
633.5,0.0843941551,0.530264116
633.598,0.0846521683,0.53188526
633.703,0.0848929222,0.533397961
633.801,0.0849185568,0.533559029
633.899,0.0847849487,0.532719544
633.997,0.0845688864,0.531361984
634.102,0.0843396087,0.52992139
634.2,0.0842586015,0.529412407
634.298,0.0843122029,0.529749195
634.403,0.0843864621,0.530215779
634.501,0.0843386032,0.529915072
634.599,0.0841685887,0.52884684
634.697,0.0840032141,0.527807761
634.802,0.0839230646,0.527304166
634.9,0.0838817338,0.527044477
634.998,0.0838818308,0.527045087
635.103,0.0839710908,0.527605924
635.201,0.0841460549,0.528705256
635.299,0.0843860725,0.530213331
635.397,0.0846232265,0.531703413
635.502,0.0848165938,0.532918376
635.6,0.084947617,0.533741619
635.698,0.0850329668,0.534277888
635.803,0.0850981864,0.534687674
635.901,0.0852020153,0.535340051
635.999,0.0853505147,0.5362731
636.097,0.0854617714,0.536972147
636.202,0.0854499496,0.536897868
636.3,0.0853042374,0.535982331
636.398,0.0850813842,0.534582103
636.503,0.0848598571,0.533190207
636.601,0.084725977,0.532349014
636.699,0.0846135282,0.531642477
636.797,0.0844382112,0.530540928
636.902,0.0841608067,0.528797944
637.0,0.0838494496,0.52684163
637.098,0.0835197952,0.52477035
637.203,0.0832364602,0.522990104
637.301,0.083076588,0.521985597
637.399,0.0829314282,0.521073531
637.497,0.0827588265,0.519989043
637.602,0.0825819114,0.518877452
637.7,0.0824335149,0.51794505
637.798,0.0823176676,0.51721716
637.903,0.0822679232,0.516904606
638.001,0.0822736032,0.516940295
638.099,0.0822620972,0.516868
638.197,0.0822040495,0.516503276
638.302,0.0821215125,0.515984681
638.4,0.0821199479,0.51597485
638.498,0.082255489,0.51682648
638.603,0.0824622756,0.518125758
638.701,0.0826437983,0.519266299
638.799,0.082790311,0.520186866
638.897,0.082868257,0.520676615
639.002,0.0829030784,0.520895404
639.1,0.0829430706,0.521146683
639.198,0.0829685784,0.521306953
639.303,0.0829221225,0.521015062
639.401,0.0828045232,0.520276164
639.499,0.0826838168,0.519517743
639.597,0.0826303635,0.519181886
639.702,0.0827009064,0.51962512
639.8,0.0829040226,0.520901337
639.898,0.0831679685,0.522559758
640.003,0.0834521185,0.524345125
640.101,0.0837119202,0.525977507
640.199,0.0839441675,0.52743676
640.297,0.0841226477,0.528558184
640.402,0.0842667597,0.529463666
640.5,0.0843591985,0.530044476
640.598,0.0843762294,0.530151485
640.703,0.0842705638,0.529487568
640.801,0.0840779649,0.528277433
640.899,0.0839104908,0.527225163
640.997,0.0838007418,0.52653559
641.102,0.083700967,0.525908686
641.2,0.0836703655,0.525716411
641.298,0.083754435,0.526244636
641.403,0.083947071,0.527455003
641.501,0.0841380067,0.528654687
641.599,0.0842581773,0.529409741
641.697,0.0842963286,0.529649454
641.802,0.0842558272,0.529394976
641.9,0.0841515159,0.528739568
641.998,0.0839870995,0.52770651
642.103,0.0837491497,0.526211427
642.201,0.0835953271,0.525244931
642.299,0.083653483,0.525610335
642.397,0.0838785378,0.527024396
642.502,0.0841757803,0.528892026
642.6,0.0844857063,0.530839349
642.698,0.0848034501,0.532835792
642.803,0.0850296775,0.53425722
642.901,0.0850047928,0.534100865
642.999,0.0848116136,0.532887084
643.097,0.0846732752,0.532017879
643.202,0.0846901506,0.53212391
643.3,0.0847905395,0.532754672
643.398,0.0849247889,0.533598186
643.503,0.08507115,0.5345178
643.601,0.085147374,0.534996729
643.699,0.0851666567,0.535117886
643.797,0.0851646422,0.535105229
643.902,0.0851606042,0.535079857
644.0,0.0851764548,0.535179449
644.098,0.0852172647,0.535435865
644.203,0.0852658877,0.535741373
644.301,0.0852930017,0.535911735
644.399,0.0853133844,0.536039803
644.497,0.0853497867,0.536268526
644.602,0.0854019918,0.53659654
644.7,0.0854421333,0.536848757
644.798,0.0854563437,0.536938043
644.903,0.085441852,0.536846989
645.001,0.0854335008,0.536794517
645.099,0.0854653122,0.536994394
645.197,0.085515932,0.537312447
645.302,0.0854898643,0.53714866
645.4,0.0853190509,0.536075407
645.498,0.0850645558,0.534476367
645.603,0.0848651022,0.533223163
645.701,0.0847957049,0.532787127
645.799,0.0847328338,0.532392096
645.897,0.0846054259,0.531591569
646.002,0.084465238,0.530710742
646.1,0.0844096037,0.530361182
646.198,0.0844238046,0.530450409
646.303,0.0844771855,0.53078581
646.401,0.0845574893,0.531290375
646.499,0.0846704195,0.531999936
646.597,0.084801226,0.532821818
646.702,0.0849826277,0.533961598
646.8,0.0852017297,0.535338256
646.898,0.0853961447,0.536559802
647.003,0.085524044,0.537363417
647.101,0.0855934206,0.537799323
647.199,0.0856069928,0.537884599
647.297,0.0855025627,0.537228446
647.402,0.0852169547,0.535433918
647.5,0.0848734951,0.533275897
647.598,0.0846370438,0.53179023
647.703,0.0845898684,0.531493818
647.801,0.0846490668,0.531865773
647.899,0.0846993155,0.532181495
647.997,0.0847014624,0.532194984
648.102,0.0846770684,0.532041712
648.2,0.08467396,0.532022181
648.298,0.0846612652,0.531942418
648.403,0.0845620733,0.531319176
648.501,0.0844699244,0.530740188
648.599,0.0844924695,0.530881843
648.697,0.0845464162,0.5312208
648.802,0.084558261,0.531295223
648.9,0.0845144746,0.531020105
648.998,0.0843937722,0.53026171
649.103,0.0841918296,0.528992867
649.201,0.0840448321,0.528069254
649.299,0.0840058331,0.527824216
649.397,0.0840124343,0.527865693
649.502,0.0839759042,0.527636167
649.6,0.0838668195,0.526950768
649.698,0.0837364776,0.526131806
649.803,0.083694287,0.525866714
649.901,0.0837931629,0.52648797
649.999,0.0839142536,0.527248805
650.097,0.0839242671,0.527311722
650.202,0.0838180236,0.526644174
650.3,0.0837719205,0.5263545
650.398,0.0838287178,0.526711368
650.503,0.0839753494,0.527632682
650.601,0.0841577441,0.528778701
650.699,0.0843025114,0.529688301
650.797,0.0844007856,0.530305776
650.902,0.0845378936,0.531167251
651.0,0.0847292071,0.532369309
651.098,0.0849190927,0.533562395
651.203,0.085076265,0.534549938
651.301,0.0851923196,0.535279131
651.399,0.0852446734,0.535608079
651.497,0.0851975752,0.535312153
651.602,0.0850658339,0.534484398
651.7,0.084892824,0.533397345
651.798,0.0846932107,0.532143137
651.903,0.0845204411,0.531057594
652.001,0.0844367885,0.530531989
652.099,0.0844230758,0.530445829
652.197,0.0844545108,0.530643341
652.302,0.0844609092,0.530683544
652.4,0.0843582537,0.53003854
652.498,0.0841822779,0.528932851
652.603,0.0840688132,0.528219932
652.701,0.0840679125,0.528214273
652.799,0.0841044659,0.528443945
652.897,0.084136483,0.528645114
653.002,0.0841394191,0.528663562
653.1,0.0841325023,0.528620103
653.198,0.084172871,0.528873746
653.303,0.0842373097,0.529278627
653.401,0.0841854628,0.528952863
653.499,0.0839401367,0.527411433
653.597,0.0836289126,0.525455955
653.702,0.0835219569,0.524783932
653.8,0.0836458204,0.52556219
653.898,0.083851697,0.526855751
654.003,0.0840961473,0.528391677
654.101,0.0843157704,0.52977161
654.199,0.0844227319,0.530443668
654.297,0.0844739781,0.530765658
654.402,0.0846044135,0.531585208
654.5,0.0847909276,0.53275711
654.598,0.0850215261,0.534206004
654.703,0.0853183659,0.536071103
654.801,0.0855688309,0.537644821
654.899,0.0857229458,0.538613154
654.997,0.0857675053,0.538893129
655.102,0.0857256846,0.538630362
655.2,0.0856553828,0.538188643
655.298,0.0856031793,0.537860638
655.403,0.0855883802,0.537767653
655.501,0.085606062,0.537878751
655.599,0.0856701683,0.538281542
655.697,0.0858005711,0.539100888
655.802,0.0859960473,0.540329101
655.9,0.0861608974,0.541364884
655.998,0.086192365,0.541562601
656.103,0.0860244146,0.540507338
656.201,0.0857454636,0.538754637
656.299,0.0854393128,0.536831035
656.397,0.0851420884,0.534963519
656.502,0.0848444282,0.533093264
656.6,0.0845961703,0.531533415
656.698,0.0844258463,0.530463237
656.803,0.0843834348,0.530196758
656.901,0.0844780517,0.530791253
656.999,0.0846719122,0.532009315
657.097,0.0849119206,0.533517332
657.202,0.0851410915,0.534957255
657.3,0.0852805596,0.535833559
657.398,0.0853583735,0.536322478
657.503,0.0854277877,0.53675862
657.601,0.0855163887,0.537315317
657.699,0.0856345877,0.538057983
657.797,0.0857639981,0.538871092
657.902,0.0857607791,0.538850867
658.0,0.0856064343,0.53788109
658.098,0.0854902756,0.537151243
658.203,0.0853173065,0.536064447
658.301,0.0851781841,0.535190315
658.399,0.0850680214,0.534498142
658.497,0.0849079916,0.533492645
658.602,0.0847370689,0.532418706
658.7,0.0845869455,0.531475453
658.798,0.0843990544,0.530294898
658.903,0.0841763795,0.528895791
659.001,0.084060504,0.528167723
659.099,0.0841031628,0.528435757
659.197,0.0842420178,0.529308209
659.302,0.0843652919,0.530082762
659.4,0.0844092768,0.530359128
659.498,0.0844128096,0.530381325
659.603,0.0843643051,0.530076562
659.701,0.0842597958,0.529419911
659.799,0.0841452436,0.528700158
659.897,0.0840633807,0.528185798
660.002,0.0840137419,0.527873909
660.1,0.0839423015,0.527425036
660.198,0.0838009867,0.526537128
660.303,0.0836537905,0.525612267
660.401,0.0836275941,0.52544767
660.499,0.0836964652,0.5258804
660.597,0.0837832312,0.526425567
660.702,0.0838394073,0.526778532
660.8,0.0838121128,0.526607036
660.898,0.0837004014,0.525905132
661.003,0.083540687,0.524901617
661.101,0.0833955158,0.52398948
661.199,0.083282388,0.523278677
661.297,0.0832411794,0.523019756
661.402,0.0832748697,0.523231438
661.5,0.0833441022,0.523666439
661.598,0.0834317309,0.524217026
661.703,0.0835658266,0.525059574
661.801,0.0837301413,0.526091994
661.899,0.0838532461,0.526865484
661.997,0.0838702877,0.526972559
662.102,0.083846625,0.526823882
662.2,0.0839002445,0.527160783
662.298,0.0840348204,0.528006349
662.403,0.0842103824,0.529109437
662.501,0.0843739984,0.530137467
662.599,0.0844945936,0.530895189
662.697,0.0845433318,0.53120142
662.802,0.0845628478,0.531324043
662.9,0.08460921,0.531615345
662.998,0.0846630469,0.531953613
663.103,0.0846752864,0.532030516
663.201,0.0846566209,0.531913237
663.299,0.0846141069,0.531646113
663.397,0.0845406505,0.531184573
663.502,0.0844483475,0.530604616
663.6,0.0844018032,0.53031217
663.698,0.0844311866,0.530496791
663.803,0.0844745908,0.530769508
663.901,0.0844563566,0.530654939
663.999,0.0843502705,0.52998838
664.097,0.0841760346,0.528893624
664.202,0.0839935218,0.527746862
664.3,0.0838866801,0.527075556
664.398,0.0838847114,0.527063186
664.503,0.0839867662,0.527704416
664.601,0.0840987708,0.528408161
664.699,0.0841258418,0.528578253
664.797,0.0840440479,0.528064327
664.902,0.0839034524,0.52718094
665.0,0.0837627552,0.526296913
665.098,0.0836313905,0.525471524
665.203,0.0835484882,0.524950634
665.301,0.0835204131,0.524774232
665.399,0.0834833379,0.524541282
665.497,0.0833844523,0.523919966
665.602,0.0831839964,0.522660464
665.7,0.0829330773,0.521083892
665.798,0.0826532158,0.519325471
665.903,0.0823548112,0.51745054
666.001,0.0821580838,0.516214465
666.099,0.0821279044,0.516024842
666.197,0.0822529328,0.516810419
666.302,0.0824591614,0.518106191
666.4,0.0826281292,0.519167848
666.498,0.0827405431,0.519874165
666.603,0.0828536748,0.520584992
666.701,0.0830260387,0.521667987
666.799,0.0832226841,0.522903546
666.897,0.0833472943,0.523686495
667.002,0.0834135,0.524102478
667.1,0.083465373,0.524428405
667.198,0.0835030911,0.524665395
667.303,0.0835321631,0.52484806
667.401,0.0835438847,0.524921709
667.499,0.0835238399,0.524795764
667.597,0.0835219692,0.524784009
667.702,0.0835835585,0.525170987
667.8,0.0836507169,0.525592956
667.898,0.0836939061,0.525864321
668.003,0.0837471997,0.526199175
668.101,0.0838343316,0.526746641
668.199,0.0839256948,0.527320692
668.297,0.0839794233,0.527658279
668.402,0.08403816,0.528027332
668.5,0.0841678658,0.528842297
668.598,0.0843426221,0.529940324
668.703,0.0845014093,0.530938013
668.801,0.0846459669,0.531846296
668.899,0.0847830875,0.532707849
668.997,0.084854281,0.533155172
669.102,0.0848639986,0.533216229
669.2,0.0848185627,0.532930747
669.298,0.0846839685,0.532085067
669.403,0.0844800437,0.53080377
669.501,0.0843731067,0.530131864
669.599,0.0844132485,0.530384083
669.697,0.08455174,0.53125425
669.802,0.0847175187,0.532295869
669.9,0.084816126,0.532915437
669.998,0.084832529,0.5330185
670.103,0.0847958879,0.532788277
670.201,0.084794174,0.532777508
670.299,0.0848777185,0.533302434
670.397,0.0850141888,0.534159902
670.502,0.0851456155,0.53498568
670.6,0.0852227673,0.535470439
670.698,0.0852418958,0.535590628
670.803,0.0852149461,0.535421298
670.901,0.0851944018,0.535292214
670.999,0.0851941772,0.535290803
671.097,0.0852241196,0.535478936
671.202,0.0853260261,0.536119233
671.3,0.0854592514,0.536956313
671.398,0.0855361967,0.537439775
671.503,0.0855066301,0.537254002
671.601,0.0854350205,0.536804065
671.699,0.085417676,0.536695087
671.797,0.0855108645,0.537280608
671.902,0.0856888713,0.538399057
672.0,0.0858382101,0.539337381
672.098,0.085933678,0.539937223
672.203,0.0859526634,0.540056512
672.301,0.0858668728,0.539517474
672.399,0.0856835322,0.538365511
672.497,0.0854583286,0.536950514
672.602,0.0852894429,0.535889374
672.7,0.0852322616,0.535530094
672.798,0.0851830562,0.535220927
672.903,0.0850754016,0.534544513
673.001,0.0849536537,0.533779548
673.099,0.0847985668,0.532805109
673.197,0.0845826954,0.531448749
673.302,0.0843180651,0.529786027
673.4,0.0841204157,0.52854416
673.498,0.0840433881,0.528060181
673.603,0.084107869,0.528465327
673.701,0.0842432777,0.529316124
673.799,0.0844096691,0.530361593
673.897,0.0846163436,0.531660167
674.002,0.0848576662,0.533176441
674.1,0.0850370061,0.534303268
674.198,0.0851267281,0.534867007
674.303,0.0851370543,0.534931889
674.401,0.0851212634,0.534832672
674.499,0.085089339,0.534632085
674.597,0.085014049,0.534159023
674.702,0.0849458972,0.533730813
674.8,0.0849453427,0.533727329
674.898,0.0849536256,0.533779372
675.003,0.0849449922,0.533725127
675.101,0.0849270003,0.53361208
675.199,0.084904578,0.533471197
675.297,0.084893325,0.533400493
675.402,0.0848778411,0.533303204
675.5,0.0848818859,0.533328619
675.598,0.0849106827,0.533509554
675.703,0.0849280615,0.533618748
675.801,0.0849695362,0.533879341
675.899,0.0850500719,0.534385362
675.997,0.0851645179,0.535104448
676.102,0.0853117444,0.536029499
676.2,0.0854131194,0.536666457
676.298,0.0853911024,0.53652812
676.403,0.0851685716,0.535129918
676.501,0.0848076473,0.532862164
676.599,0.0844326514,0.530505995
676.697,0.0841491029,0.528724407
676.802,0.0839545728,0.527502138
676.9,0.0838473218,0.52682826
676.998,0.0837701291,0.526343245
677.103,0.0836268885,0.525443237
677.201,0.0833852101,0.523924727
677.299,0.0830807455,0.52201172
677.397,0.0827960535,0.520222947
677.502,0.0825777524,0.51885132
677.6,0.0824784417,0.518227333
677.698,0.082513992,0.518450702
677.803,0.0827010534,0.519626043
677.901,0.0829418543,0.521139041
677.999,0.0831693822,0.52256864
678.097,0.0833363169,0.523617522
678.202,0.0834287398,0.524198232
678.3,0.0834737221,0.524480864
678.398,0.0835364937,0.52487527
678.503,0.0835839057,0.525173168
678.601,0.0835750984,0.52511783
678.699,0.0835484343,0.524950295
678.797,0.083562912,0.525041261
678.902,0.0836153566,0.52537078
679.0,0.0836015085,0.52528377
679.098,0.0835100891,0.524709365
679.203,0.0834417466,0.524279956
679.301,0.083468059,0.524445282
679.399,0.0835210367,0.524778151
679.497,0.0835569021,0.5250035
679.602,0.0835966836,0.525253454
679.7,0.0836067597,0.525316764
679.798,0.0835565852,0.525001508
679.903,0.0835126751,0.524725613
680.001,0.0835459759,0.524934849
680.099,0.0835753423,0.525119363
680.197,0.0835267719,0.524814186
680.302,0.0834069256,0.524061169
680.4,0.0832717299,0.52321171
680.498,0.0831329629,0.522339811
680.603,0.083002773,0.521521804
680.701,0.0829229881,0.521020501
680.799,0.0828852705,0.520783514
680.897,0.0828922494,0.520827363
681.002,0.0829655764,0.521288091
681.1,0.0830884761,0.522060292
681.198,0.08323359,0.52297207
681.303,0.0833850751,0.523923879
681.401,0.0835223659,0.524786503
681.499,0.0836606272,0.525655224
681.597,0.0837726427,0.526359038
681.702,0.0838466352,0.526823946
681.8,0.083891847,0.527108021
681.898,0.0839537315,0.527496852
682.003,0.084034902,0.528006861
682.101,0.0840724568,0.528242826
682.199,0.0840564549,0.528142282
682.297,0.0840193209,0.527908963
682.402,0.08399907,0.527781722
682.5,0.0839787325,0.527653938
682.598,0.0839636527,0.527559189
682.703,0.0839953267,0.527758203
682.801,0.0840058006,0.527824012
682.899,0.0839133926,0.527243395
682.997,0.0837287629,0.526083333
683.102,0.0834813935,0.524529065
683.2,0.0832503094,0.523077121
683.298,0.0830721211,0.521957531
683.403,0.082937516,0.521111782
683.501,0.0827754756,0.520093652
683.599,0.0825879499,0.518915394
683.697,0.0825247212,0.518518116
683.802,0.0826225383,0.519132719
683.9,0.0827694113,0.520055549
683.998,0.0829463031,0.521166993
684.103,0.0831533048,0.522467623
684.201,0.0833120236,0.523464882
684.299,0.0834306423,0.524210186
684.397,0.0835195636,0.524768895
684.502,0.0835303297,0.52483654
684.6,0.0834291349,0.524200714
684.698,0.0833156432,0.523487625
684.803,0.0833281665,0.523566311
684.901,0.0834840333,0.524545651
684.999,0.0836931186,0.525859373
685.097,0.0838543562,0.526872459
685.202,0.0839153817,0.527255894
685.3,0.0839234953,0.527306873
685.398,0.0839924278,0.527739988
685.503,0.0841717098,0.52886645
685.601,0.0844035162,0.530322933
685.699,0.0846312749,0.531753983
685.797,0.0847996987,0.532812221
685.902,0.0848971926,0.533424793
686.0,0.0848820288,0.533329516
686.098,0.0847690562,0.532619689
686.203,0.0847163196,0.532288334
686.301,0.0848020675,0.532827105
686.399,0.0848672345,0.533236561
686.497,0.0848237198,0.53296315
686.602,0.0846877919,0.53210909
686.7,0.0845466195,0.531222077
686.798,0.0844409955,0.530558422
686.903,0.0843926305,0.530254536
687.001,0.0844326185,0.530505788
687.099,0.0845682803,0.531358176
687.197,0.0846824565,0.532075566
687.302,0.0845709935,0.531375224
687.4,0.0842828341,0.529564665
687.498,0.0840129265,0.527868786
687.603,0.0838547874,0.526875168
687.701,0.0838613658,0.526916501
687.799,0.0839709076,0.527604773
687.897,0.0840946199,0.52838208
688.002,0.0841903976,0.528983869
688.1,0.0842405765,0.529299153
688.198,0.0842594546,0.529417767
688.303,0.0842339296,0.529257389
688.401,0.0841900478,0.528981671
688.499,0.0841955685,0.529016359
688.597,0.0842361705,0.529271469
688.702,0.0842756346,0.529519429
688.8,0.0842916116,0.529619815
688.898,0.0842564371,0.529398807
689.003,0.0841597291,0.528791173
689.101,0.0840301305,0.527976881
689.199,0.0838944433,0.527124333
689.297,0.0838031795,0.526550906
689.402,0.0837753203,0.526375862
689.5,0.0837572812,0.526262519
689.598,0.0836716705,0.525724611
689.703,0.0835225928,0.524787928
689.801,0.0834673109,0.524440581
689.899,0.0835039939,0.524671067
689.997,0.0835602729,0.525024679
690.102,0.0836531963,0.525608534
690.2,0.0837632344,0.526299924
690.298,0.0838481316,0.526833349
690.403,0.0839312265,0.527355449
690.501,0.0840710976,0.528234285
690.599,0.0842336223,0.529255458
690.697,0.0843462849,0.529963338
690.802,0.0843904898,0.530241086
690.9,0.084379705,0.530173323
690.998,0.0844290186,0.530483169
691.103,0.0845735705,0.531391416
691.201,0.0847129268,0.532267017
691.299,0.084780905,0.532694136
691.397,0.0847311349,0.532381422
691.502,0.0845997336,0.531555803
691.6,0.0845036426,0.530952045
691.698,0.084416118,0.530402112
691.803,0.0843075173,0.529719754
691.901,0.0842044489,0.529072156
691.999,0.0840721958,0.528241186
692.097,0.0840106088,0.527854223
692.202,0.0840193626,0.527909224
692.3,0.0839971751,0.527769817
692.398,0.084024227,0.527939789
692.503,0.0841785398,0.528909364
692.601,0.0843789955,0.530168865
692.699,0.0845137466,0.531015531
692.797,0.0845183647,0.531044548
692.902,0.0844266335,0.530468183
693.0,0.0843421342,0.529937259
693.098,0.0842915384,0.529619355
693.203,0.0842471201,0.529340267
693.301,0.0841730703,0.528874998
693.399,0.0840554005,0.528135657
693.497,0.0839625525,0.527552276
693.602,0.0838929927,0.527115219
693.7,0.0837419451,0.526166159
693.798,0.0835164524,0.524749347
693.903,0.083337611,0.523625653
694.001,0.0833289104,0.523570985
694.099,0.083456238,0.524371009
694.197,0.0836481911,0.525577085
694.302,0.0838638143,0.526931886
694.4,0.0840460516,0.528076917
694.498,0.0841979973,0.52903162
694.603,0.0843147657,0.529765297
694.701,0.084403654,0.530323799
694.799,0.0844783238,0.530792963
694.897,0.0845337225,0.531141043
695.002,0.0846013664,0.531566062
695.1,0.0846626481,0.531951106
695.198,0.0846852303,0.532092995
695.303,0.0846342815,0.531772874
695.401,0.0845584571,0.531296455
695.499,0.0845739713,0.531393934
695.597,0.0846731604,0.532017157
695.702,0.0847411195,0.532444157
695.8,0.0847301632,0.532375317
695.898,0.0846514038,0.531880457
696.003,0.0844973739,0.530912658
696.101,0.0843346182,0.529890034
696.199,0.0842010604,0.529050865
696.297,0.0841313027,0.528612565
696.402,0.0841540468,0.52875547
696.5,0.0842401533,0.529296493
696.598,0.0843368324,0.529903946
696.703,0.0843668656,0.53009265
696.801,0.0842828657,0.529564863
696.899,0.084133996,0.528629488
696.997,0.0839727817,0.527616548
697.102,0.0838520267,0.526857822
697.2,0.0838603404,0.526910059
697.298,0.0840162223,0.527889493
697.403,0.0842925246,0.529625552
697.501,0.0845590878,0.531300418
697.599,0.0848250323,0.532971396
697.697,0.0850806185,0.534577292
697.802,0.0852922988,0.535907318
697.9,0.085428902,0.536765622
697.998,0.0855863619,0.537754972
698.103,0.0857745833,0.538937601
698.201,0.0858521308,0.539424847
698.299,0.0858316631,0.539296244
698.397,0.0857933737,0.539055665
698.502,0.0858083602,0.539149828
698.6,0.0858542449,0.53943813
698.698,0.0858538843,0.539435864
698.803,0.0857717944,0.538920078
698.901,0.0856822564,0.538357494
698.999,0.0856528824,0.538172932
699.097,0.0857055313,0.538503735
699.202,0.0858458913,0.539385643
699.3,0.0860353198,0.540575857
699.398,0.086221317,0.541744512
699.503,0.0863402096,0.542491536
699.601,0.0863656189,0.542651187
699.699,0.0863186469,0.542356054
699.797,0.0861922669,0.541561985
699.902,0.0859836554,0.54025124
700.0,0.0857711282,0.538915892
700.098,0.0856021699,0.537854296
700.203,0.0855002315,0.537213799
700.301,0.0854600224,0.536961157
700.399,0.0854301455,0.536773435
700.497,0.0854265286,0.536750709
700.602,0.0855189965,0.537331702
700.7,0.0856450344,0.538123622
700.798,0.0856935736,0.538428602
700.903,0.0856409903,0.538098212
701.001,0.0855659736,0.537626868
701.099,0.0854951805,0.537182062
701.197,0.0854452253,0.536868184
701.302,0.0854731027,0.537043343
701.4,0.085594563,0.5378065
701.498,0.0857296568,0.53865532
701.603,0.0857672531,0.538891545
701.701,0.085684411,0.538371032
701.799,0.0855635648,0.537611733
701.897,0.0854731005,0.537043329
702.002,0.085427173,0.536754758
702.1,0.0854749833,0.537055159
702.198,0.0856735143,0.538302566
702.303,0.0859538017,0.540063664
702.401,0.0860741077,0.540819569
702.499,0.0859835463,0.540250555
702.597,0.0857795878,0.538969045
702.702,0.085565975,0.537626877
702.8,0.0854132712,0.536667411
702.898,0.0852939342,0.535917594
703.003,0.0851167698,0.534804437
703.101,0.0849011194,0.533449466
703.199,0.0847201804,0.532312593
703.297,0.0845956544,0.531530173
703.402,0.0845191639,0.531049569
703.5,0.084546575,0.531221798
703.598,0.0846458894,0.531845809
703.703,0.0847111508,0.532255858
703.801,0.0846939006,0.532147472
703.899,0.0846837883,0.532083934
703.997,0.0847651021,0.532594844
704.102,0.084931195,0.533638436
704.2,0.0850947485,0.534666073
704.298,0.0852466556,0.535620534
704.403,0.0853867857,0.536500998
704.501,0.0854315032,0.536781966
704.599,0.0853312631,0.536152138
704.697,0.0851000469,0.534699364
704.802,0.0847967125,0.532793458
704.9,0.0845556399,0.531278754
704.998,0.0843742759,0.53013921
705.103,0.0842272945,0.529215699
705.201,0.0841307959,0.528609381
705.299,0.0840848777,0.528320868
705.397,0.0841123945,0.528493761
705.502,0.0842075334,0.529091537
705.6,0.0843260935,0.529836472
705.698,0.0844644604,0.530705856
705.803,0.0845796908,0.531429871
705.901,0.0845903234,0.531496677
705.999,0.0845323461,0.531132395
706.097,0.0844991991,0.530924127
706.202,0.0845770077,0.531413012
706.3,0.0847233658,0.532332607
706.398,0.0848422837,0.53307979
706.503,0.0849169367,0.533548849
706.601,0.0850031824,0.534090747
706.699,0.0850912079,0.534643827
706.797,0.0851369829,0.53493144
706.902,0.0851445145,0.534978763
707.0,0.0851208042,0.534829786
707.098,0.0850647779,0.534477763
707.203,0.084995289,0.534041151
707.301,0.0849975217,0.53405518
707.399,0.0850964598,0.534676826
707.497,0.0851998952,0.53532673
707.602,0.0851878342,0.535250948
707.7,0.0850469299,0.53436562
707.798,0.0848550541,0.533160029
707.903,0.0846604942,0.531937573
708.001,0.084511401,0.531000793
708.099,0.0844055105,0.530335464
708.197,0.0843412152,0.529931484
708.302,0.0843083295,0.529724857
708.4,0.0843013429,0.529680959
708.498,0.0842814779,0.529556143
708.603,0.0842534336,0.529379936
708.701,0.0842622979,0.529435632
708.799,0.0842644193,0.529448961
708.897,0.0842329286,0.529251099
709.002,0.084282644,0.52956347
709.1,0.08442951,0.530486257
709.198,0.0845750841,0.531400926
709.303,0.0846901464,0.532123884
709.401,0.0847737576,0.532649228
709.499,0.0848224573,0.532955218
709.597,0.0848110926,0.532883811
709.702,0.0847687991,0.532618073
709.8,0.0847751683,0.532658092
709.898,0.0848311639,0.533009923
710.003,0.0848845307,0.533345236
710.101,0.0849427948,0.53371132
710.199,0.0850916261,0.534646455
710.297,0.0853337012,0.536167457
710.402,0.0855825384,0.537730948
710.5,0.085720374,0.538596994
710.598,0.0857887666,0.539026718
710.703,0.0858307998,0.53929082
710.801,0.0858527173,0.539428532
710.899,0.0859011303,0.53973272
710.997,0.0859455029,0.540011521
711.102,0.0859312011,0.53992166
711.2,0.085870609,0.539540949
711.298,0.0857727873,0.538926317
711.403,0.0856441161,0.538117852
711.501,0.0855140805,0.537300814
711.599,0.0853636629,0.536355712
711.697,0.0851854264,0.535235819
711.802,0.0849561666,0.533795338
711.9,0.0846908489,0.532128297
711.998,0.0844410394,0.530558698
712.103,0.0843718211,0.530123787
712.201,0.0844909373,0.530872216
712.299,0.0846516553,0.531882037
712.397,0.0847858486,0.532725198
712.502,0.0849380249,0.53368135
712.6,0.0850865724,0.534614701
712.698,0.0851805384,0.535205107
712.803,0.0852705586,0.535770721
712.901,0.0853719421,0.536407733
712.999,0.0854017065,0.536594747
713.097,0.0853283973,0.536134132
713.202,0.0852136883,0.535413395
713.3,0.085186831,0.535244645
713.398,0.0851914548,0.535273697
713.503,0.0851445706,0.534979115
713.601,0.0851186998,0.534816564
713.699,0.0851682336,0.535127794
713.797,0.0852599289,0.535703932
713.902,0.0853327406,0.536161422
714.0,0.0853495908,0.536267295
714.098,0.085317485,0.536065568
714.203,0.0851910913,0.535271413
714.301,0.0849945406,0.534036449
714.399,0.0847967702,0.532793821
714.497,0.0846588735,0.53192739
714.602,0.0846336308,0.531768786
714.7,0.0847539418,0.532524722
714.798,0.0849538881,0.533781021
714.903,0.0851102092,0.534763216
715.001,0.085088677,0.534627925
715.099,0.0849084252,0.53349537
715.197,0.0846797912,0.53205882
715.302,0.084482814,0.530821175
715.4,0.0843449866,0.529955181
715.498,0.0842337854,0.529256483
715.603,0.0841283611,0.528594082
715.701,0.0841074075,0.528462427
715.799,0.084246616,0.5293371
715.897,0.0844798088,0.530802294
716.002,0.0846998685,0.532184969
716.1,0.0847689097,0.532618768
716.198,0.0846932489,0.532143377
716.303,0.0846525328,0.53188755
716.401,0.0847557924,0.532536349
716.499,0.0848968785,0.53342282
716.597,0.0849921267,0.534021282
716.702,0.0849703285,0.53388432
716.8,0.0848471518,0.533110377
716.898,0.0847283186,0.532363726
717.003,0.0846640886,0.531960158
717.101,0.0846641782,0.53196072
717.199,0.0846892219,0.532118075
717.297,0.0846857202,0.532096073
717.402,0.0846231,0.531702618
717.5,0.0845165234,0.531032978
717.598,0.0843896704,0.530235937
717.703,0.0843260884,0.52983644
717.801,0.0844298509,0.530488399
717.899,0.0846523799,0.53188659
717.997,0.0848719698,0.533266314
718.102,0.0850277723,0.53424525
718.2,0.0850643221,0.534474899
718.298,0.0850072187,0.534116107
718.403,0.0849471106,0.533738437
718.501,0.0849794907,0.533941887
718.599,0.0850550822,0.534416843
718.697,0.0850860314,0.534611302
718.802,0.0850216855,0.534207005
718.9,0.0848720581,0.533266868
718.998,0.0846689682,0.531990817
719.103,0.0844477104,0.530600613
719.201,0.0842357568,0.529268869
719.299,0.0840524445,0.528117084
719.397,0.084126074,0.528579712
719.502,0.0844062083,0.530339848
719.6,0.0845605755,0.531309766
719.698,0.0846277292,0.531731705
719.803,0.0847494115,0.532496257
719.901,0.0849233107,0.533588898
719.999,0.0851164131,0.534802196
720.097,0.0853085906,0.536009683
720.202,0.0854590452,0.536955017
720.3,0.0855100634,0.537275574
720.398,0.0854839874,0.537111734
720.503,0.0854194188,0.536706037
720.601,0.0854102992,0.536648737
720.699,0.0854848457,0.537117127
720.797,0.0855772158,0.537697505
720.902,0.0856192753,0.537961773
721.0,0.0856045645,0.537869342
721.098,0.085601564,0.537850489
721.203,0.0856592254,0.538212786
721.301,0.0857576086,0.538830946
721.399,0.0858595105,0.539471215
721.497,0.0858776905,0.539585443
721.602,0.0857474409,0.538767061
721.7,0.0856047897,0.537870757
721.798,0.0855704782,0.537655172
721.903,0.0856413294,0.538100342
722.001,0.0857588177,0.538838543
722.099,0.0858847609,0.539629868
722.197,0.0859845808,0.540257055
722.302,0.0860548015,0.540698264
722.4,0.0861029192,0.541000597
722.498,0.0862028927,0.541628749
722.603,0.0863967612,0.542846861
722.701,0.0865527014,0.543826661
722.799,0.086585766,0.544034413
722.897,0.0865880332,0.544048658
723.002,0.0866467797,0.544417773
723.1,0.0866568832,0.544481255
723.198,0.0865707266,0.543939917
723.303,0.0863578435,0.542602333
723.401,0.0860389457,0.540598639
723.499,0.085642516,0.538107798
723.597,0.0853018573,0.535967377
723.702,0.0850962494,0.534675504
723.8,0.0850094156,0.534129911
723.898,0.0850086111,0.534124856
724.003,0.0850654063,0.534481711
724.101,0.0851406508,0.534954486
724.199,0.085247244,0.535624231
724.297,0.0853691303,0.536390065
724.402,0.0855140408,0.537300565
724.5,0.0856698947,0.538279823
724.598,0.0858049637,0.539128487
724.703,0.0858782925,0.539589225
724.801,0.0858755738,0.539572144
724.899,0.0858105862,0.539163814
724.997,0.0856862726,0.538382729
725.102,0.0855024827,0.537227943
725.2,0.0853328184,0.536161911
725.298,0.0852553263,0.535675013
725.403,0.085255831,0.535678184
725.501,0.085237241,0.53556138
725.599,0.0851808973,0.535207362
725.697,0.0851387078,0.534942278
725.802,0.0851199768,0.534824588
725.9,0.0850707879,0.534515524
725.998,0.0849584778,0.53380986
726.103,0.0848345231,0.533031029
726.201,0.0848144748,0.532905062
726.299,0.0848951714,0.533412093
726.397,0.0850343852,0.5342868
726.502,0.0852620741,0.535717411
726.6,0.0855545631,0.537555174
726.698,0.085841296,0.53935677
726.803,0.086001603,0.540364008
726.901,0.0859497854,0.540038429
726.999,0.0857879881,0.539021826
727.097,0.085707547,0.5385164
727.202,0.0858432422,0.539368998
727.3,0.086085361,0.540890275
727.398,0.0863043926,0.542266492
727.503,0.0864746967,0.543336543
727.601,0.086593969,0.544085954
727.699,0.0866996965,0.544750259
727.797,0.0867505302,0.545069657
727.902,0.0867061056,0.544790529
728.0,0.086615685,0.544222399
728.098,0.0865128585,0.543576322
728.203,0.0863867457,0.542783931
728.301,0.0862264082,0.541776501
728.399,0.0860360374,0.540580366
728.497,0.085885571,0.539634958
728.602,0.0858167482,0.539202531
728.7,0.0858256168,0.539258254
728.798,0.0858846333,0.539629066
728.903,0.0859958857,0.540328086
729.001,0.0861189267,0.541101175
729.099,0.0861832457,0.541505303
729.197,0.086138,0.541221016
729.302,0.0860510929,0.540674962
729.4,0.0860453203,0.540638693
729.498,0.0861049733,0.541013503
729.603,0.0861582758,0.541348413
729.701,0.0861341225,0.541196653
729.799,0.0859935994,0.54031372
729.897,0.0857733157,0.538929637
730.002,0.0856235983,0.537988935
730.1,0.0856095474,0.53790065
730.198,0.0856408529,0.538097349
730.303,0.0856586384,0.538209098
730.401,0.0856802066,0.538344615
730.499,0.0857798373,0.538970613
730.597,0.0859742075,0.540191877
730.702,0.0861836499,0.541507843
730.8,0.0862756233,0.542085729
730.898,0.086287949,0.542163173
731.003,0.0863273283,0.542410601
731.101,0.0864217288,0.543003737
731.199,0.086517484,0.543605384
731.297,0.0865470297,0.543791025
731.402,0.0864345013,0.543083989
731.5,0.0861495362,0.5412935
731.598,0.0857849629,0.539002818
731.703,0.0855279556,0.537387994
731.801,0.0854348517,0.536803005
731.899,0.0853532645,0.536290377
731.997,0.0852264941,0.535493855
732.102,0.0851122368,0.534775956
732.2,0.0850696603,0.53450844
732.298,0.0850608872,0.534453317
732.403,0.0850441878,0.534348391
732.501,0.0850641857,0.534474041
732.599,0.0851752439,0.535171841
732.697,0.0853373474,0.536190367
732.802,0.085489121,0.537143989
732.9,0.0855507217,0.537531037
732.998,0.0855083235,0.537264642
733.103,0.0854927905,0.537167045
733.201,0.0855796628,0.53771288
733.299,0.0855767706,0.537694707
733.397,0.0853629595,0.536351293
733.502,0.085137707,0.53493599
733.6,0.0851058112,0.534735583
733.698,0.0851273141,0.534870689
733.803,0.0851212068,0.534832316
733.901,0.0851381292,0.534938643
733.999,0.0852265838,0.535494419
734.097,0.0853535523,0.536292186
734.202,0.0854751322,0.537056095
734.3,0.0855640599,0.537614844
734.398,0.0856200918,0.537966903
734.503,0.0856056517,0.537876173
734.601,0.0855290745,0.537395024
734.699,0.0854522822,0.536912524
734.797,0.0853995748,0.536581354
734.902,0.0853691706,0.536390318
735.0,0.0853948732,0.536551813
735.098,0.0854770613,0.537068216
735.203,0.0855324429,0.537416189
735.301,0.0854443034,0.536862392
735.399,0.0852935969,0.535915475
735.497,0.0852451639,0.535611161
735.602,0.0853138931,0.536042999
735.7,0.0853740084,0.536420715
735.798,0.0853753847,0.536429363
735.903,0.0853281105,0.53613233
736.001,0.0852597617,0.535702882
736.099,0.0852144465,0.535418158
736.197,0.0852199734,0.535452885
736.302,0.0852190062,0.535446808
736.4,0.0851312856,0.534895643
736.498,0.084938766,0.533686007
736.603,0.0846781301,0.532048383
736.701,0.0844705552,0.530744151
736.799,0.0843373501,0.529907199
736.897,0.0843457874,0.529960212
737.002,0.0845429237,0.531198856
737.1,0.0848264089,0.532980046
737.198,0.0850624659,0.534463236
737.303,0.0851241426,0.534850762
737.401,0.0850282838,0.534248463
737.499,0.084918077,0.533556014
737.597,0.0847642686,0.532589607
737.702,0.0845163184,0.53103169
737.8,0.0843704866,0.530115402
737.898,0.0843414057,0.529932681
738.003,0.0843995927,0.530298281
738.101,0.0844778719,0.530790123
738.199,0.0845280549,0.531105432
738.297,0.0845463869,0.531220616
738.402,0.0845936173,0.531517373
738.5,0.0847147839,0.532278686
738.598,0.0848851669,0.533349233
738.703,0.0850706721,0.534514797
738.801,0.0852352506,0.535548874
738.899,0.0853746546,0.536424775
738.997,0.0854659314,0.536998285
739.102,0.0855111188,0.537282205
739.2,0.0854722923,0.537038251
739.298,0.0853570821,0.536314364
739.403,0.0852403268,0.535580769
739.501,0.0851852524,0.535234726
739.599,0.0852032734,0.535347956
739.697,0.0852942312,0.53591946
739.802,0.0854120632,0.536659821
739.9,0.085482261,0.537100886
739.998,0.0854816657,0.537097146
740.103,0.0853928603,0.536539165
740.201,0.0852268196,0.535495901
740.299,0.0850487678,0.534377168
740.397,0.0849539386,0.533781339
740.502,0.0849461837,0.533732613
740.6,0.0849564992,0.533797428
740.698,0.0849362021,0.533669897
740.803,0.0848559976,0.533165957
740.901,0.084721976,0.532323875
740.999,0.0845742056,0.531395406
741.097,0.0844603144,0.530679806
741.202,0.0844157515,0.530399809
741.3,0.0844607384,0.530682471
741.398,0.0845487573,0.53123551
741.503,0.0846348973,0.531776743
741.601,0.0847167649,0.532291133
741.699,0.084816139,0.532915518
741.797,0.0848804748,0.533319752
741.902,0.0848742131,0.533280409
742.0,0.084825347,0.532973374
742.098,0.0847369328,0.532417851
742.203,0.0845821067,0.53144505
742.301,0.0844132574,0.530384139
742.399,0.0842956849,0.529645409
742.497,0.0842267682,0.529212392
742.602,0.084165226,0.528825711
742.7,0.084137566,0.528651919
742.798,0.0841356066,0.528639607
742.903,0.0841185358,0.528532348
743.001,0.0841064512,0.528456419
743.099,0.0841161579,0.528517408
743.197,0.0841340444,0.528629791
743.302,0.0841714495,0.528864815
743.4,0.0842193638,0.529165869
743.498,0.0842413905,0.529304267
743.603,0.0841822322,0.528932564
743.701,0.0840880436,0.52834076
743.799,0.0840721712,0.528241031
743.897,0.0841901277,0.528982173
744.002,0.0843500278,0.529986856
744.1,0.0844562075,0.530654002
744.198,0.0845753409,0.531402539
744.303,0.0847052478,0.532218768
744.401,0.0847931913,0.532771334
744.499,0.0848156356,0.532912356
744.597,0.0847922224,0.532765246
744.702,0.0848057713,0.532850376
744.8,0.0848957846,0.533415947
744.898,0.0850214947,0.534205806
745.003,0.0851105318,0.534765243
745.101,0.0851230298,0.53484377
745.199,0.0851430315,0.534969445
745.297,0.0852409471,0.535584666
745.402,0.085384597,0.536487246
745.5,0.0854676787,0.537009263
745.598,0.0854869157,0.537130133
745.703,0.0854344677,0.536800592
745.801,0.0852893587,0.535888846
745.899,0.0851299294,0.534887121
745.997,0.0850746337,0.534539688
746.102,0.0850742844,0.534537494
746.2,0.0850313775,0.534267901
746.298,0.084985625,0.533980431
746.403,0.0850167606,0.534176061
746.501,0.0851525459,0.535029225
746.599,0.0853741735,0.536421753
746.697,0.0856115293,0.537913103
746.802,0.0858176307,0.539208076
746.9,0.0859298726,0.539913313
746.998,0.0859160852,0.539826684
747.103,0.0857114184,0.538540725
747.201,0.085391342,0.536529626
747.299,0.0851186557,0.534816287
747.397,0.0850019186,0.534082806
747.502,0.0850012678,0.534078717
747.6,0.0850737593,0.534534194
747.698,0.0852180071,0.53544053
747.803,0.0854419214,0.536847425
747.901,0.0856653355,0.538251177
747.999,0.085832186,0.53929953
748.097,0.085894777,0.539692801
748.202,0.0858359955,0.539323466
748.3,0.0857264661,0.538635272
748.398,0.0856806219,0.538347225
