time,kinetic_energy,convective_wavelength_z05_2pi,convective_wavelength_z_weighted_2pi
0.1,3.7568784e-12,0.10237775329787879,0.10352443398812054
0.2,1.16075969e-11,0.10517669118410448,0.10637959255983781
0.3,2.059579885e-11,0.10811114606767248,0.10943349959255473
0.4,2.939897955e-11,0.1111925376378786,0.11265303327492449
0.5,3.744858355e-11,0.11442735014195984,0.11603610193455834
0.6,4.45415483e-11,0.11782004841139547,0.119583558828021
0.7,5.06544955e-11,0.12137349632204851,0.12329575832696378
0.8,5.5849591e-11,0.12508904601539708,0.12717178999783568
0.9,6.02253215e-11,0.12896655800472734,0.13120925366384933
1.0,6.3890629e-11,0.13300439740522238,0.13540419971472067
1.1,6.695165e-11,0.13719944147378452,0.13975113350489857
1.2,6.9505398e-11,0.14154709845859126,0.14424306624736583
1.3,7.16372685e-11,0.14604135346634808,0.14887159858000384
1.4,7.3420601e-11,0.15067483757732666,0.1536270412027504
1.5,7.491731e-11,0.15543893340287826,0.15849856253245442
1.6,7.61790065e-11,0.16032390012082112,0.16347436337542762
1.7,7.724829e-11,0.16531903746657717,0.1685418742194629
1.8,7.81600435e-11,0.17041286103404185,0.17368796823381655
1.9,7.8942639e-11,0.17559329893928458,0.17889917741078265
2.0,7.9619015e-11,0.18084790042230053,0.1841619168754085
2.1,8.02076165e-11,0.18616404319212623,0.18946269600052107
2.2,8.0723196e-11,0.19152913951531725,0.19478831884033826
2.3,8.1177494e-11,0.19693082659646313,0.20012606571452415
2.4,8.15798065e-11,0.2023571462772873,0.20546384965950337
2.5,8.19374555e-11,0.207796701487961,0.21079035026030796
2.6,8.22561795e-11,0.2132387825391282,0.21609511418154237
2.7,8.25404535e-11,0.21867347770596685,0.22136863119392564
2.8,8.27937505e-11,0.2240917442281828,0.22660238255481827
2.9,8.3018756e-11,0.22948546548699625,0.23178886048609676
3.0,8.32175405e-11,0.23484747299629025,0.236921568802472
3.1,8.33917005e-11,0.24017155205747745,0.24199500029202226
3.2,8.35428455e-11,0.2454527540338099,0.24700489307015364
3.3,8.37027685e-11,0.2507264293824629,0.2519648577728786
3.4,8.39481495e-11,0.2560778107687654,0.25687112323237576
3.5,8.425009e-11,0.2614304538186775,0.26169919382240653
3.6,8.45908305e-11,0.26675588439302433,0.26645059384372644
3.7,8.49717135e-11,0.2720520654831291,0.27112529188040896
3.8,8.539454e-11,0.2773179917793428,0.2757245257199596
3.9,8.58625745e-11,0.2825534301754904,0.28024927491096774
4.0,8.64080675e-11,0.2877732749623427,0.2846979793385216
4.1,8.70772345e-11,0.29299514419150097,0.28906907700275386
4.2,8.7831864e-11,0.29818784059127795,0.2933702415578801
4.3,8.86631945e-11,0.30334242633057423,0.29760514364075685
4.4,8.95749825e-11,0.30845677643611896,0.30177740173780254
4.5,9.05716785e-11,0.31352856738598556,0.3058886959727682
4.6,9.16588555e-11,0.31855717651650994,0.3099423545489111
4.7,9.2842695e-11,0.3235413377658528,0.3139411514925444
4.8,9.4129238e-11,0.32847998990401583,0.31788748258222566
4.9,9.55260795e-11,0.33337212824966833,0.3217845867999808
5.0,9.70407365e-11,0.338217418537352,0.3256355039508613
5.1,9.86824885e-11,0.34301460664327943,0.32944239168070183
5.2,1.00459478e-10,0.34776309503652797,0.3332080215025413
5.3,1.02382466e-10,0.35246205182336293,0.3369351410533145
5.4,1.04462127e-10,0.35711064008350146,0.34062571131515584
5.5,1.067105355e-10,0.36170824406478347,0.3442836159249037
5.6,1.091420805e-10,0.3662533369531792,0.3479099117143267
5.7,1.117713855e-10,0.37074550971332515,0.3515081235503822
5.8,1.1461635e-10,0.3751831595046496,0.3550795024152649
5.9,1.176961485e-10,0.37956552229181906,0.35862722508746603
6.0,1.21031018e-10,0.3838911466590277,0.3621537652570411
6.1,1.246429505e-10,0.38815912782759115,0.36566135471141115
6.2,1.28555057e-10,0.3923676128861624,0.3691523188574584
6.3,1.327910475e-10,0.3965150668525709,0.3726296899604121
6.4,1.373772205e-10,0.40059915740843066,0.3760953624006424
6.5,1.42339666e-10,0.4046180266158462,0.37955175960272225
6.6,1.47705945e-10,0.4085693760856323,0.3830009198319652
6.7,1.53507598e-10,0.41245150370288924,0.3864454820262005
6.8,1.59776168e-10,0.4162614199280479,0.38988704839768124
6.9,1.66545624e-10,0.41999604851358163,0.39332747688430286
7.0,1.738529005e-10,0.42365356859238873,0.3967692022203719
7.1,1.817373405e-10,0.42723124132399354,0.40021413637917724
7.2,1.90241474e-10,0.4307278000182383,0.40366466194458756
7.3,1.994103455e-10,0.4341409180116038,0.4071227958190862
7.4,2.092929175e-10,0.4374683383839275,0.41059072832107146
7.5,2.199410475e-10,0.44070843756012623,0.41407043928223364
7.6,2.314125405e-10,0.4438596623367919,0.4175642918085666
7.7,2.43767156e-10,0.4469208829972064,0.4210744931830689
7.8,2.570697735e-10,0.4498906060282221,0.4246033399099702
7.9,2.713911445e-10,0.4527678776423095,0.4281529890067865
8.0,2.868051655e-10,0.45555278140583305,0.43172615857948177
8.1,3.033933865e-10,0.45824451809762173,0.43532531666324453
8.2,3.21242615e-10,0.4608432718150052,0.43895298281538303
8.3,3.40445075e-10,0.463349243619913,0.4426117532480662
8.4,3.611023275e-10,0.46576250639729483,0.4463044880672458
8.5,3.833207515e-10,0.46808398628866504,0.4500339870602949
8.6,4.07216829e-10,0.4703151328248739,0.45380327683757576
8.7,4.32914088e-10,0.4724567232359439,0.4576153645315765
8.8,4.60547729e-10,0.474510176893436,0.4614733100535417
8.9,4.902598945e-10,0.47647723863790997,0.4653805201465448
9.0,5.22205445e-10,0.478359488062152,0.4693400779696163
9.1,5.5654935e-10,0.4801589131659934,0.47335567677907947
9.2,5.9347176e-10,0.48187738508201855,0.4774305442472268
9.3,6.3316288e-10,0.4835180340931475,0.4815690044621866
9.4,6.7582877e-10,0.48508250639393075,0.4857741223617517
9.5,7.2169145e-10,0.48657319147974054,0.49004953402525947
9.6,7.7099027e-10,0.4879926931025682,0.4943991124081331
9.7,8.239772e-10,0.48934398446570126,0.49882662867819416
9.8,8.80929265e-10,0.4906294255335409,0.5033354405696706
9.9,9.4214458e-10,0.4918514039165039,0.5079287744982178
10.0,1.007939345e-09,0.4930126339506429,0.5126097437821554
10.1,1.078653615e-09,0.49411602852066644,0.5173810552177138
10.2,1.154655695e-09,0.4951638332370032,0.5222445428666841
10.3,1.236344575e-09,0.49615843571006996,0.5272016267289457
10.4,1.324143705e-09,0.497102880143148,0.5322534610256395
10.5,1.4185075e-09,0.49799946052719307,0.5373993784824861
10.6,1.519929145e-09,0.4988501164815095,0.5426375456660126
10.7,1.6289353e-09,0.4996574209704804,0.5479647499835716
10.8,1.74609877e-09,0.500424055657595,0.5533767609664957
10.9,1.872029105e-09,0.5011515171975934,0.558865715208373
11.0,2.007381455e-09,0.5018424715460016,0.564423448966534
11.1,2.15286336e-09,0.502498646578779,0.5700376465694578
11.2,2.309236095e-09,0.5031220623400018,0.5756941111599431
11.3,2.4773134e-09,0.5037147577233021,0.5813758134208517
11.4,2.657972655e-09,0.5042783638435858,0.5870624907078864
11.5,2.852159275e-09,0.5048147549750301,0.5927309310495671
11.6,3.060890905e-09,0.5053256816130614,0.5983552891914512
11.7,3.285258515e-09,0.5058121980761743,0.6039066612244887
11.8,3.526433475e-09,0.5062764638951588,0.609354044027418
11.9,3.785677515e-09,0.5067195428132875,0.6146654241427808
12.0,4.06434031e-09,0.5071429126357446,0.6198072066353767
12.1,4.363891055e-09,0.5075477759641981,0.6247459838089273
12.2,4.68589063e-09,0.5079355465153419,0.6294498747811841
12.3,5.03201815e-09,0.508307153572283,0.6338880844043194
12.4,5.4040896e-09,0.5086637651791699,0.6380341636097826
12.5,5.8040441e-09,0.5090064136633486,0.6418655180632094
12.6,6.2339757e-09,0.5093362369096784,0.6453654030757557
12.7,6.69612825e-09,0.5096539147588095,0.6485223518342362
12.8,7.1929212e-09,0.5099605298035702,0.6513327012416169
12.9,7.7269423e-09,0.5102567851323963,0.653798097492448
13.0,8.30097935e-09,0.5105434611169032,0.6559275883735719
13.1,8.918032e-09,0.5108212369694223,0.6577358074235693
13.2,9.5813188e-09,0.5110907227872473,0.6592413403045785
13.3,1.02942891e-08,0.5113525613402349,0.6604690684304161
13.4,1.106067795e-08,0.5116072163274608,0.6614449727723273
13.5,1.18844663e-08,0.5118553349170115,0.6621975161597534
13.6,1.27699566e-08,0.512097155869929,0.662755199121248
13.7,1.37217617e-08,0.5123330819383912,0.6631465473181057
13.8,1.474482645e-08,0.5125635083347541,0.6633990748187866
13.9,1.58444814e-08,0.5127887630412905,0.6635385929485326
14.0,1.702643895e-08,0.5130090791641756,0.6635884123248331
14.1,1.829683365e-08,0.5132246697033911,0.663569895777733
14.2,1.966223965e-08,0.5134357181279481,0.6635011765800283
14.3,2.112974515e-08,0.513642460685614,0.663398264287882
14.4,2.270692135e-08,0.5138450575976143,0.6632748750948196
14.5,2.440191395e-08,0.5140435566161573,0.6631414453716363
14.6,2.62234428e-08,0.5142381185907867,0.6630070983033982
14.7,2.818086775e-08,0.5144287768223849,0.6628790721195791
14.8,3.028421235e-08,0.5146156475498799,0.6627620603596035
14.9,3.2544229e-08,0.5147988281626439,0.6626600465629561
15.0,3.49724179e-08,0.5149784550057982,0.6625751670126414
15.1,3.75810879e-08,0.5151545437873061,0.66250906790321
15.2,4.03834534e-08,0.5153270618346039,0.6624620382611857
15.3,4.339360435e-08,0.5154962510503258,0.6624341346352365
15.4,4.66266372e-08,0.5156619945672254,0.6624241757865247
15.5,5.0098649e-08,0.5158245060136029,0.6624310747239919
15.6,5.38268955e-08,0.5159837960708735,0.6624534240141295
15.7,5.78297655e-08,0.5161398691372667,0.6624896842765373
15.8,6.2126917e-08,0.5162928873189636,0.6625380648034025
15.9,6.6739302e-08,0.5164429869610855,0.6625966994886892
16.0,7.16892485e-08,0.5165902019928326,0.6626638416068816
16.1,7.70006665e-08,0.5167345738832284,0.6627377318660941
16.2,8.2698928e-08,0.5168762559419942,0.6628168246027409
16.3,8.88112365e-08,0.5170152607355004,0.6628996746842013
16.4,9.5366416e-08,0.5171517484849727,0.6629851762698614
16.5,1.023953005e-07,0.5172858134381905,0.6630722298022924
16.6,1.09930744e-07,0.5174175203119625,0.6631601127151839
16.7,1.180076765e-07,0.5175469620974313,0.6632481401413375
16.8,1.26663337e-07,0.5176742223609615,0.6633359350896347
16.9,1.35937558e-07,0.5177993293768869,0.6634234095954813
17.0,1.458726425e-07,0.5179223736230759,0.66351051967658
17.1,1.565137055e-07,0.5180433632676695,0.6635975103771579
17.2,1.67908855e-07,0.5181623806203951,0.6636847524051481
17.3,1.801094935e-07,0.5182793515396662,0.6637728740790814
17.4,1.931703825e-07,0.5183942961316758,0.6638623717705968
17.5,2.071498955e-07,0.5185071264318295,0.6639539554796342
17.6,2.221103905e-07,0.5186178524932238,0.6640485048521367
17.7,2.381184365e-07,0.518726451068073,0.6641471697110153
17.8,2.552449225e-07,0.51883279272276,0.6642505783748008
17.9,2.73565683e-07,0.5189368617493214,0.6643598869495898
18.0,2.93161707e-07,0.5190385928026299,0.6644761007450315
18.1,3.14119521e-07,0.5191378910065876,0.664600168522107
18.2,3.365316075e-07,0.519234733741727,0.6647332086878013
18.3,3.604966895e-07,0.5193290280169061,0.6648760883216865
18.4,3.86120567e-07,0.5194207530976129,0.6650297750343002
18.5,4.13516259e-07,0.5195098511785428,0.6651948971441728
18.6,4.428045305e-07,0.5195962575428872,0.6653724976600656
18.7,4.741146925e-07,0.5196799615092309,0.6655631672013972
18.8,5.0758496e-07,0.5197609775289002,0.665767584352181
18.9,5.43363815e-07,0.519839253451457,0.6659863208822798
19.0,5.816098e-07,0.5199147440379672,0.6662197977651094
19.1,6.22493035e-07,0.5199875284565655,0.6664684988059382
19.2,6.6619565e-07,0.5200575583267252,0.6667326313498814
19.3,7.1291307e-07,0.5201248298785351,0.6670124844234631
19.4,7.6285415e-07,0.5201893424836765,0.6673082213895015
19.5,8.16243825e-07,0.5202510465049858,0.6676196474692518
19.6,8.733229e-07,0.5203099450840551,0.6679468694768644
19.7,9.34349105e-07,0.5203661312120277,0.6682897051999653
19.8,9.99599315e-07,0.5204194760836041,0.668647815346548
19.9,1.06937064e-06,0.520470150601425,0.6690209234564589
20.0,1.143983135e-06,0.5205181648185869,0.6694085520076148
20.1,1.223779275e-06,0.5205635985315431,0.6698100601151142
20.2,1.309126345e-06,0.5206065780323184,0.6702250456550976
20.3,1.400420925e-06,0.5206472308695743,0.6706529682736283
20.4,1.4980878e-06,0.520685648149498,0.6710931054043963
20.5,1.60258389e-06,0.5207221082171986,0.6715446842156085
20.6,1.714400225e-06,0.5207567430195673,0.6720069381586578
20.7,1.83406426e-06,0.5207898051406536,0.6724790692690098
20.8,1.96214396e-06,0.5208215283149511,0.6729601727679805
20.9,2.099249685e-06,0.5208522053388949,0.6734494129919241
21.0,2.24603861e-06,0.5208820536106966,0.6739459982594918
21.1,2.403219395e-06,0.5209113477055543,0.6744489232610343
21.2,2.571551625e-06,0.5209403094199092,0.6749571952532732
21.3,2.751855815e-06,0.5209692315501967,0.6754699283070803
21.4,2.94501563e-06,0.5209983541140955,0.6759860919800652
21.5,3.151981385e-06,0.5210279504301664,0.6765047500776169
21.6,3.373777885e-06,0.5210583886930684,0.6770248910069012
21.7,3.611508165e-06,0.5210900477788758,0.677545597422863
21.8,3.86635995e-06,0.5211232475017203,0.6780658325999269
21.9,4.13961373e-06,0.5211584289412109,0.6785845912284436
22.0,4.43265219e-06,0.5211958610176785,0.6791010439279525
22.1,4.746965535e-06,0.521235952138168,0.6796141288401367
22.2,5.0841609e-06,0.521279174169896,0.680122916053571
22.3,5.44596885e-06,0.5213259041039812,0.6806262934444557
22.4,5.83425985e-06,0.5213766370554255,0.6811234756146275
22.5,6.25104945e-06,0.5214318021657853,0.6816134635376225
22.6,6.6985117e-06,0.5214917230191043,0.682095195355124
22.7,7.1789965e-06,0.5215569248896741,0.6825678605362272
22.8,7.69503565e-06,0.5216277143969373,0.6830303846562447
22.9,8.2493609e-06,0.521704572832889,0.6834816681577475
23.0,8.844926e-06,0.5217877351886591,0.6839207811293103
23.1,9.48491665e-06,0.5218776708181905,0.6843466051639486
23.2,1.01727741e-05,0.5219746542966809,0.6847581915006806
23.3,1.091221375e-05,0.5220791329869243,0.6851543840334102
23.4,1.1707242e-05,0.522191296641117,0.685534158602932
23.5,1.256218615e-05,0.5223114122946343,0.6858963591031496
23.6,1.348172435e-05,0.5224396923191398,0.6862397037642605
23.7,1.44709003e-05,0.5225762554668357,0.6865629170996471
23.8,1.553516665e-05,0.5227213065695632,0.6868646545076539
23.9,1.668040715e-05,0.5228748305476772,0.6871435399706983
24.0,1.79129658e-05,0.5230368537905564,0.6873981534889011
24.1,1.923970535e-05,0.5232074799707582,0.6876270185137151
24.2,2.066801075e-05,0.5233865337874125,0.687828759027558
24.3,2.22058658e-05,0.5235739272759251,0.6880018356500296
24.4,2.38618631e-05,0.5237695906929388,0.6881448912131035
24.5,2.56452926e-05,0.5239730785606157,0.688256417752306
24.6,2.756615e-05,0.5241842268878191,0.6883352591615405
24.7,2.96351904e-05,0.5244026655949344,0.6883805923435317
24.8,3.186403525e-05,0.5246279391510268,0.6883920088912349
24.9,3.426516415e-05,0.5248594814411002,0.6883697601320622
25.0,3.68519603e-05,0.5250969016510285,0.6883152409331518
25.1,3.963885935e-05,0.525339492294146,0.6882309897013678
25.2,4.26413237e-05,0.5255864937333492,0.688120845462933
25.3,4.58759409e-05,0.5258370897828666,0.6879909971553748
25.4,4.93604685e-05,0.5260905874073589,0.6878491982293624
25.5,5.311384e-05,0.526346003916644,0.6877047729318915
25.6,5.71562855e-05,0.5266023515939916,0.6875676738284888
25.7,6.15093115e-05,0.5268587715279702,0.6874479540156458
25.8,6.6195762e-05,0.527114161647877,0.6873548937580612
25.9,7.12398225e-05,0.5273675034493738,0.687297107302791
26.0,7.66669515e-05,0.5276178469148418,0.6872828193394026
26.1,8.25039725e-05,0.5278639718496946,0.6873204116370955
26.2,8.87788975e-05,0.5281047409973917,0.6874175496819444
26.3,9.5520868e-05,0.5283391528181949,0.6875810695795638
26.4,0.000102759946,0.5285662887104123,0.6878154261083362
26.5,0.0001105270965,0.5287851496475803,0.6881234718343913
26.6,0.000118853789,0.5289948892846378,0.6885064508284199
26.7,0.00012777172,0.5291947021172284,0.6889655631788154
26.8,0.0001373126235,0.5293838592958567,0.6895014246377382
26.9,0.000147507649,0.5295617727143778,0.6901145127272716
27.0,0.0001583872045,0.5297278655763803,0.6908045007217796
27.1,0.0001699802905,0.5298818670765778,0.691570201099239
27.2,0.0001823141915,0.530023270161916,0.6924092890810862
27.3,0.000195413902,0.5301519278058584,0.693320262986033
27.4,0.0002093017955,0.5302679022119398,0.6943033929910475
27.5,0.0002239971075,0.5303708528315164,0.6953603252906799
27.6,0.000239515715,0.5304610410450972,0.6964929008582257
27.7,0.0002558695995,0.5305385139765717,0.6977018988086625
27.8,0.000273066727,0.5306035198117598,0.6989874573720674
27.9,0.000291110578,0.5306563205594887,0.7003487785839062
28.0,0.0003100000215,0.5306970626179761,0.7017827397010813
28.1,0.000329729066,0.5307262228809867,0.7032839623169698
28.2,0.000350286739,0.530744124932564,0.7048442154588193
28.3,0.000371656969,0.5307511407372779,0.7064534334637677
28.4,0.000393818696,0.5307474757552882,0.7080998919080315
28.5,0.000416745754,0.530733552844966,0.7097705154829869
28.6,0.000440407081,0.5307098419885724,0.7114517702074821
28.7,0.000464767027,0.5306766963011214,0.7131296822773937
28.8,0.000489785337,0.5306345688002738,0.7147902653222282
28.9,0.000515418095,0.5305838810877638,0.7164191245644468
29.0,0.000541617125,0.5305251697476164,0.7180016830141367
29.1,0.00056833094,0.530458982045272,0.7195236652742801
29.2,0.000595504725,0.530385858334667,0.7209712671867571
29.3,0.00062308062,0.5303065488281272,0.7223324187525927
29.4,0.00065099832,0.5302218684547867,0.7235957662559367
29.5,0.000679195435,0.5301326283738689,0.7247515833259336
29.6,0.000707608075,0.5300399476206767,0.7257910986358946
29.7,0.000736170565,0.5299450570712122,0.7267083808588898
29.8,0.00076481712,0.5298495130704756,0.7274993961899519
29.9,0.000793481415,0.5297547098572868,0.7281631456026169
30.0,0.000822097,0.529662566944757,0.7287008731675759
30.1,0.00085059875,0.5295751703504082,0.7291171153446206
30.2,0.00087892234,0.5294947813926325,0.7294177783279399
30.3,0.000907005065,0.5294239353367015,0.7296109611433944
30.4,0.00093478647,0.5293654658991884,0.729706207949466
30.5,0.0009622088,0.5293220949559685,0.7297148787451898
30.6,0.000989217035,0.529297272604094,0.7296498603436311
30.7,0.001015759725,0.5292940669229503,0.7295248752215007
30.8,0.001041789045,0.529315926124634,0.7293540228466279
30.9,0.00106726072,0.5293666967751901,0.7291517168461074
31.0,0.0010921346,0.529450065847757,0.7289320252718419
31.1,0.00111637407,0.5295696348641525,0.7287083061757943
31.2,0.00113994647,0.5297290122576989,0.728493609733848
31.3,0.001162822705,0.5299319208156905,0.7282997546175656
31.4,0.001184977685,0.5301819752546344,0.7281373028614485
31.5,0.00120638948,0.5304826294414942,0.728015465615157
31.6,0.001227039615,0.5308371393228958,0.7279422413735871
31.7,0.001246912425,0.5312484485711558,0.7279241395167172
31.8,0.001265995225,0.5317196510267196,0.7279655708406327
31.9,0.001284277645,0.5322531807955749,0.7280706131325981
32.0,0.00130175094,0.5328512828598321,0.7282424331180082
32.1,0.001318409205,0.5335158390334906,0.7284831796462381
32.2,0.00133424866,0.5342485470332206,0.7287930789119589
32.3,0.001349267955,0.5350508563898723,0.7291702962250607
32.4,0.0013634681,0.5359231321565122,0.7296119476034876
32.5,0.00137685176,0.5368660705100722,0.7301147595076947
32.6,0.00138942431,0.537879635636396,0.7306738310531422
32.7,0.001401192655,0.5389630314559053,0.7312831994969736
32.8,0.001412165485,0.5401153362253155,0.731936091565428
32.9,0.00142235311,0.5413354359358715,0.7326255769051114
33.0,0.00143176804,0.542620728720538,0.733343990029949
33.1,0.001440423765,0.5439692743316917,0.7340829994362236
33.2,0.00144833577,0.545377618274051,0.7348331991955303
33.3,0.001455520775,0.5468421816452647,0.735585139397167
33.4,0.00146199572,0.548358701304102,0.7363297471215502
33.5,0.001467778525,0.5499221638970064,0.7370592123693431
33.6,0.001472887545,0.5515269987518844,0.7377649900085279
33.7,0.00147734157,0.5531661932056148,0.7384388804822789
33.8,0.00148115961,0.554832028993366,0.7390723700745047
33.9,0.001484361405,0.5565154262840509,0.7396582142725461
34.0,0.001486966575,0.5582057231405216,0.7401896335194567
34.1,0.00148899512,0.5598906302806358,0.7406603069308175
34.2,0.00149046752,0.5615559106348058,0.7410640141531745
34.3,0.001491404515,0.5631861050539022,0.7413946730631501
34.4,0.001491826875,0.5647641993004314,0.7416464779975206
34.5,0.001491755515,0.5662726507210158,0.7418140002841807
34.6,0.001491211,0.5676936678481396,0.7418928479766004
34.7,0.001490213885,0.5690095666567558,0.7418794585087108
34.8,0.00148878407,0.5702036458119993,0.7417710924117179
34.9,0.00148694162,0.5712589030144289,0.7415660343760327
35.0,0.00148470616,0.5721596303007768,0.7412628267026642
35.1,0.00148209723,0.5728902717608592,0.7408606525775222
35.2,0.001479134045,0.5734365595374807,0.7403586889033317
35.3,0.001475835515,0.5737861063308082,0.7397569922287602
35.4,0.001472219855,0.5739308809733822,0.7390561280404856
35.5,0.00146830478,0.5738696029520368,0.7382577236835023
35.6,0.001464107375,0.5736083682131573,0.7373633813700636
35.7,0.001459644,0.5731607917909857,0.7363747535779055
35.8,0.00145493049,0.5725459814803596,0.7352940017227734
35.9,0.001449981885,0.5717844807839595,0.7341239909371676
36.0,0.00144481271,0.5708944041250259,0.7328686293623491
36.1,0.001439437445,0.5698877479892658,0.7315321707147707
36.2,0.00143386972,0.5687721451901905,0.7301191765869657
36.3,0.00142812281,0.5675548980457638,0.7286350191023714
36.4,0.0014222092,0.5662490133778902,0.7270852148976878
36.5,0.001416141415,0.5648770867775714,0.7254748282202724
36.6,0.001409931435,0.5634715589588668,0.7238090929634861
36.7,0.001403591245,0.5620677125205504,0.7220936325781786
36.8,0.001397132365,0.5606942465398314,0.7203337060904523
36.9,0.001390566155,0.5593660930065921,0.7185339881901757
37.0,0.00138390352,0.5580864136196791,0.7166989587884726
37.1,0.001377154435,0.5568513630696846,0.7148328778849814
37.2,0.001370328275,0.555656487206544,0.712939873532449
37.3,0.001363433815,0.5544991847915406,0.7110233072350148
37.4,0.00135647998,0.5533790430193993,0.7090866347445975
37.5,0.001349475285,0.5522984476155814,0.7071331672998542
37.6,0.001342427825,0.5512641592874774,0.7051660841925502
37.7,0.001335345715,0.55028608096345,0.703187992944588
37.8,0.001328236645,0.5493741909700854,0.7012008476265982
37.9,0.00132110819,0.5485353210147683,0.6992066839906201
38.0,0.00131396715,0.5477717041415567,0.697207914779812
38.1,0.001306820095,0.5470813064833668,0.6952070281355555
38.2,0.00129967289,0.5464608061201266,0.6932061289249281
38.3,0.00129253134,0.5459078820431836,0.6912075859087911
38.4,0.00128540043,0.5454229885268356,0.6892143898833504
38.5,0.001278284675,0.5450069869957881,0.6872296824412597
38.6,0.001271188505,0.544659249759829,0.6852562658831661
38.7,0.00126411564,0.5443777919607198,0.6832968671114927
38.8,0.0012570695,0.544159833288962,0.681354929311788
38.9,0.00125005309,0.5439990767362407,0.6794340590324183
39.0,0.00124306939,0.5438840353831774,0.6775381141491622
39.1,0.001236121075,0.5438047076554002,0.6756708205909068
39.2,0.00122921066,0.543757740845229,0.6738358100387597
39.3,0.00122234026,0.5437453208728323,0.6720365131118986
39.4,0.001215511625,0.5437705063928175,0.6702769824648466
39.5,0.00120872614,0.5438379262278007,0.6685618676547311
39.6,0.00120198503,0.5439545107311754,0.6668958119554941
39.7,0.00119528958,0.5441239387079392,0.6652829622694382
39.8,0.001188640925,0.5443398823621689,0.6637266675343323
39.9,0.00118203991,0.5445865112084834,0.6622304903162455
40.0,0.001175487495,0.5448459332484018,0.66079887282719
40.1,0.00116898482,0.5451048727396887,0.659435647810203
40.2,0.00116253328,0.5453560399307504,0.6581429703978451
40.3,0.00115613422,0.5455965703174058,0.6569220406785099
40.4,0.001149788725,0.5458280837048268,0.655773995908738
40.5,0.001143497625,0.5460572446676688,0.6547004068848561
40.6,0.00113726162,0.5462938606298778,0.6537026873235584
40.7,0.001131081515,0.5465456398031885,0.6527807932425478
40.8,0.0011249584,0.546815228036934,0.651933348624242
40.9,0.001118893265,0.5471010231188608,0.6511582800174895
41.0,0.001112887345,0.5473999261819753,0.6504533191923946
41.1,0.00110694146,0.5477105373325915,0.6498157266801633
41.2,0.001101056825,0.548033319641466,0.6492423797376978
41.3,0.00109523443,0.5483701599491467,0.6487301367723447
41.4,0.00108947499,0.5487227038218658,0.6482755483153703
41.5,0.00108377906,0.5490911944188945,0.647874882154702
41.6,0.001078147125,0.5494744555279434,0.6475243558127851
41.7,0.001072579015,0.5498694624236053,0.647220689466889
41.8,0.00106707462,0.5502727869999771,0.6469611373650348
41.9,0.00106163371,0.550680955283902,0.6467426647287189
42.0,0.001056256035,0.5510899058243979,0.646561501646757
42.1,0.00105094132,0.5514938970467306,0.6464140101548562
42.2,0.00104568898,0.5518865446063098,0.6462975198992611
42.3,0.00104049838,0.5522636274592461,0.646209951145635
42.4,0.00103536894,0.5526251550303174,0.6461494754870534
42.5,0.00103030002,0.5529739019741553,0.6461142393838507
42.6,0.00102529108,0.5533116847596322,0.6461024772609556
42.7,0.001020341515,0.5536362364134892,0.646112630888412
42.8,0.001015450475,0.5539426579361425,0.646143720089312
42.9,0.0010106169,0.5542294438763922,0.6461957448636554
43.0,0.00100583954,0.5545002724109173,0.6462694277777528
43.1,0.00100111704,0.5547635498133402,0.6463654788315436
43.2,0.00099644827,0.5550274970033168,0.6464837535117659
43.3,0.000991832155,0.5552971706883825,0.6466240067741927
43.4,0.000987267635,0.5555731677711412,0.6467862700347508
43.5,0.000982753755,0.555853512189814,0.6469701411695801
43.6,0.00097828963,0.556137871563898,0.6471748724796291
43.7,0.000973874455,0.5564289074506895,0.6474000052923706
43.8,0.000969507115,0.5567283313898662,0.6476455019086927
43.9,0.00096518672,0.5570339310718811,0.6479106648950264
44.0,0.000960912265,0.5573386517362717,0.6481945077912782
44.1,0.000956682725,0.5576339865784504,0.6484966536063299
44.2,0.000952497185,0.5579132006520864,0.6488165054375772
44.3,0.00094835447,0.5581727232229697,0.6491526432851407
44.4,0.000944253415,0.5584107214859463,0.6495038105119589
44.5,0.000940192625,0.5586268963613954,0.6498695924278017
44.6,0.00093617066,0.5588215004333664,0.6502498633689628
44.7,0.000932186215,0.558995669701763,0.6506440201496528
44.8,0.00092823789,0.5591509385204368,0.6510512522389671
44.9,0.000924324265,0.5592903366413434,0.6514710883980075
45.0,0.00092044382,0.5594180417543934,0.6519035349099594
45.1,0.000916595115,0.559539095487477,0.6523486546066759
45.2,0.000912776465,0.5596585627162707,0.6528058568687382
45.3,0.000908986595,0.5597808730864159,0.6532733886874454
45.4,0.00090522417,0.5599093975268298,0.6537491200629785
45.5,0.00090148753,0.5600471978337127,0.6542320708184296
45.6,0.00089777491,0.5601969764050653,0.6547220398918687
45.7,0.00089408476,0.5603614997273781,0.655217513035637
45.8,0.00089041539,0.5605436542959816,0.6557161968870971
45.9,0.00088676554,0.560745129031086,0.6562169730392647
46.0,0.000883133775,0.5609660854105539,0.656719828925769
46.1,0.00087951903,0.5612046617265787,0.6572244755200857
46.2,0.00087592036,0.5614574110237008,0.6577301274240516
46.3,0.000872337155,0.5617198018686769,0.6582358295934999
46.4,0.000868768765,0.561986949713249,0.6587407212320436
46.5,0.00086521474,0.5622555998674281,0.6592437844636629
46.6,0.000861674435,0.5625241155614416,0.6597440956601177
46.7,0.00085814735,0.5627932074235478,0.6602415040249606
46.8,0.000854633135,0.5630649055509194,0.6607364116820512
46.9,0.00085113132,0.5633419167397867,0.6612294846490322
47.0,0.00084764164,0.56362631067139,0.6617211941648015
47.1,0.000844164115,0.5639180879740477,0.6622116533266946
47.2,0.00084069862,0.5642147667895636,0.6627008935506381
47.3,0.000837245185,0.5645118954811474,0.6631883179340279
47.4,0.00083380417,0.5648032279342855,0.6636714446186676
47.5,0.000830375925,0.5650826908220598,0.6641484577640033
47.6,0.00082696079,0.5653446148263674,0.6646197092284124
47.7,0.000823559145,0.5655848059210161,0.6650853560915275
47.8,0.00082017163,0.5658010505398222,0.6655443050791051
47.9,0.00081679913,0.5659934039748161,0.6659951424744511
48.0,0.00081344234,0.5661634558718809,0.6664367373042103
48.1,0.000810101895,0.5663136227440855,0.666868542931261
48.2,0.00080677858,0.5664461432903547,0.6672905090901206
48.3,0.00080347289,0.5665626404574536,0.6677029310904984
48.4,0.00080018548,0.5666640724311416,0.6681060351270659
48.5,0.00079691697,0.5667518359635123,0.6685001981909412
48.6,0.000793667985,0.5668275219570855,0.6688859669192461
48.7,0.00079043918,0.5668934206329057,0.6692641958251824
48.8,0.000787231125,0.5669524191146216,0.6696358776520286
48.9,0.000784044375,0.5670080102249454,0.6700020679749163
49.0,0.00078087952,0.5670636490874775,0.6703638223689772
49.1,0.00077773719,0.5671230478080975,0.6707223095066783
49.2,0.000774617855,0.5671895854838636,0.6710785723967807
49.3,0.00077152227,0.5672657050172228,0.6714332770569269
49.4,0.00076845099,0.5673531933460771,0.6717873094162452
49.5,0.0007654047,0.567452653027897,0.6721417690321645
49.6,0.000762384115,0.5675636128237848,0.6724973156391418
49.7,0.00075939012,0.5676846621586389,0.6728542508300721
49.8,0.000756423575,0.5678141479264047,0.6732129138969618
49.9,0.000753485195,0.5679497258706445,0.673573323689367
50.0,0.000750575765,0.5680890793809354,0.6739353356940254
50.1,0.00074769573,0.5682297888026157,0.6742997792913978
50.2,0.000744845495,0.5683692183394488,0.6746678545698777
50.3,0.000742025285,0.5685048823633272,0.6750398065736921
50.4,0.000739235105,0.568635440670825,0.6754155473382467
50.5,0.00073647466,0.5687603315451759,0.6757962643855646
50.6,0.000733743565,0.5688796957297305,0.6761841945296152
50.7,0.000731041435,0.5689942262598283,0.6765808960003545
50.8,0.000728367835,0.5691041241973992,0.6769863562314122
50.9,0.00072572225,0.5692098588963854,0.677400022302481
51.0,0.000723104335,0.5693112010205235,0.677821749700299
51.1,0.000720513395,0.5694082730919268,0.6782516138230896
51.2,0.000717948795,0.5695019321370711,0.6786877297152609
51.3,0.000715409595,0.5695938589080264,0.679128319235371
51.4,0.000712894735,0.5696867507762448,0.6795747458346314
51.5,0.000710403085,0.5697838611750784,0.6800276252652022
51.6,0.0007079335,0.5698885773697263,0.6804867061996714
51.7,0.00070548517,0.5700038373776384,0.6809549731510595
51.8,0.000703057515,0.5701321073490473,0.6814311694823054
51.9,0.00070065024,0.5702749423723169,0.6819103314770162
52.0,0.000698263045,0.5704332170668418,0.6823903291353729
52.1,0.00069589578,0.5706069232644813,0.6828709928113721
52.2,0.00069354829,0.570795201425485,0.6833530450713242
52.3,0.000691220545,0.5709966931251897,0.6838366995435298
52.4,0.00068891267,0.5712099896734496,0.6843215226882022
52.5,0.000686625065,0.5714335340969455,0.6848074391071183
52.6,0.000684358505,0.5716662350063896,0.6852939901277504
52.7,0.000682113915,0.57190763561421,0.6857793159272475
52.8,0.0006798926,0.5721579200177361,0.6862586287184057
52.9,0.00067769568,0.5724173426859731,0.6867272915104682
53.0,0.00067552431,0.5726862812383577,0.6871850341264669
53.1,0.00067337955,0.5729644554448254,0.687633395946802
53.2,0.000671262525,0.5732508757036903,0.6880726974139241
53.3,0.000669174495,0.5735437180062576,0.68850287569598
53.4,0.00066711667,0.5738410697509199,0.6889240250407497
53.5,0.00066509037,0.5741409303714753,0.6893358061562262
53.6,0.000663096915,0.5744423020980971,0.6897372137327608
53.7,0.00066113772,0.57474495622284,0.6901266455580998
53.8,0.00065921378,0.5750495179226424,0.6905017391545678
53.9,0.000657326095,0.5753570201531684,0.6908595414250704
54.0,0.00065547529,0.5756684185869034,0.691198318210463
54.1,0.000653661625,0.5759845049051961,0.6915188297761675
54.2,0.000651885135,0.5763057214442922,0.691823796741422
54.3,0.00065014546,0.5766323276997446,0.6921173911412707
54.4,0.00064844225,0.5769644279724297,0.6923999585509052
54.5,0.000646774805,0.5773022214393216,0.6926686087050843
54.6,0.00064514208,0.5776462541092235,0.6929278340813024
54.7,0.000643542705,0.5779970405750122,0.6931848666258487
54.8,0.000641975305,0.5783550784649639,0.6934403535068091
54.9,0.00064043876,0.5787207278055968,0.693692962688899
55.0,0.000638931715,0.5790943882074961,0.6939457352338069
55.1,0.000637452905,0.5794761803078202,0.6942046527339452
55.2,0.00063600137,0.5798658741419864,0.6944701738618413
55.3,0.000634576285,0.5802627125861656,0.6947359526003349
55.4,0.000633176935,0.5806657732687543,0.6949982504541684
55.5,0.00063180262,0.5810736141987248,0.6952583680427002
55.6,0.00063045279,0.58148469034081,0.695518887755092
55.7,0.00062912729,0.5818975672438041,0.695779847290455
55.8,0.00062782622,0.5823112886069037,0.6960402853214376
55.9,0.000626549905,0.5827255628903102,0.6962999253878862
56.0,0.00062529858,0.5831409530674273,0.696559998994121
56.1,0.00062407241,0.5835584801558673,0.696823126228415
56.2,0.000622871435,0.5839795729519692,0.6970912297454723
56.3,0.000621695305,0.5844059398538178,0.6973647368018939
56.4,0.00062054328,0.5848390046312041,0.6976436850967914
56.5,0.000619414195,0.5852801376468432,0.6979307826830324
56.6,0.00061830628,0.5857303561484365,0.6982335002679471
56.7,0.000617217255,0.5861909475606534,0.6985575304174236
56.8,0.00061614445,0.5866626941400647,0.6989049905649106
56.9,0.000615084785,0.5871462449397126,0.6992840362849368
57.0,0.000614035155,0.5876413348091771,0.6996926066927215
57.1,0.000612992335,0.5881478519077598,0.7001206235590318
57.2,0.000611953025,0.5886649725098669,0.7005681371493504
57.3,0.00061091396,0.5891920324828114,0.7010376230386882
57.4,0.00060987214,0.5897283406762095,0.7015272151210089
57.5,0.000608825115,0.5902728459131594,0.7020311579985713
57.6,0.000607770675,0.5908248840609741,0.7025419432649331
57.7,0.00060670708,0.591383072818886,0.7030522887083235
57.8,0.000605632835,0.5919460738684247,0.703558587780376
57.9,0.000604546645,0.5925124244840506,0.7040596969413648
58.0,0.000603447635,0.5930812475330948,0.7045548559258678
58.1,0.00060233528,0.593651460422729,0.7050440270347729
58.2,0.00060120931,0.5942224486574301,0.7055273233654158
58.3,0.00060006974,0.594793583290349,0.7060038150063711
58.4,0.000598916685,0.5953641788259684,0.706471730099382
58.5,0.000597750285,0.5959337326094639,0.706929887405611
58.6,0.000596570765,0.5965018456585685,0.7073770742702936
58.7,0.00059537832,0.5970684746193035,0.7078106266228595
58.8,0.000594173215,0.5976337671465236,0.7082287349059405
58.9,0.000592955485,0.5981984571162728,0.7086301864647722
59.0,0.00059172536,0.5987629296878104,0.7090114438660265
59.1,0.00059048291,0.5993283453654626,0.7093675748092375
59.2,0.00058922819,0.5998950698306142,0.7096960283211703
59.3,0.000587961045,0.6004636509770243,0.7100005994457506
59.4,0.000586681475,0.6010340416808027,0.7102883442000781
59.5,0.00058538951,0.6016062966056617,0.7105632021413407
59.6,0.000584085595,0.6021801518578186,0.7108223646857059
59.7,0.000582770325,0.6027552254196064,0.7110594481169017
59.8,0.00058144413,0.6033312634503389,0.7112752127003503
59.9,0.000580107235,0.6039075427553872,0.7114722156924715
60.0,0.000578759905,0.6044831792905785,0.7116484464739673
60.1,0.00057740246,0.6050571017728181,0.7118008765495195
60.2,0.000576035305,0.6056287484853395,0.7119210738844459
60.3,0.000574658925,0.6061981056051348,0.7120215168847664
60.4,0.00057327368,0.6067658027073721,0.7121222112124993
60.5,0.00057188055,0.6073332063848554,0.7122108669571836
60.6,0.000570480595,0.6079014256197918,0.7122764068631228
60.7,0.000569074475,0.6084717955890586,0.7123244041156843
60.8,0.00056766298,0.609045162637717,0.7123580694225602
60.9,0.00056624696,0.6096223379249902,0.7123736894212339
61.0,0.000564827135,0.610203957309231,0.7123772959696001
61.1,0.000563404315,0.6107898398347028,0.7123608654400219
61.2,0.00056197898,0.6113797071562964,0.7123225757087599
61.3,0.000560551265,0.6119730924333435,0.7122740066863354
61.4,0.00055912125,0.6125687459402865,0.7122224028854075
61.5,0.000557688905,0.6131653670577668,0.7121672239520399
61.6,0.000556254145,0.6137612272815064,0.7121118879390396
61.7,0.0005548169,0.6143542908594658,0.7120528762626346
61.8,0.00055337714,0.6149425924112809,0.7119851749409497
61.9,0.00055193482,0.6155242865654269,0.7119102102570497
62.0,0.00055049009,0.6160981411892652,0.7118328391131772
62.1,0.000549043325,0.6166627073802639,0.711752081332424
62.2,0.000547595185,0.6172168742712606,0.7116708146136609
62.3,0.000546146435,0.6177597703844533,0.7115915270982696
62.4,0.00054469778,0.61829054560487,0.7115074203797477
62.5,0.00054324978,0.61880878964051,0.7114308220676678
62.6,0.00054180336,0.6193137082967506,0.7113570134898645
62.7,0.00054035954,0.6198043735471217,0.7112738806650651
62.8,0.000538919005,0.6202802588606948,0.711180154389838
62.9,0.00053748221,0.6207399963880286,0.7110827084689089
63.0,0.000536049865,0.6211827787398108,0.7109892398042793
63.1,0.00053462295,0.6216075949515256,0.710905145652128
63.2,0.0005332028,0.6220133423241518,0.7108283902604156
63.3,0.000531790665,0.6223998147692111,0.7107536769039279
63.4,0.000530387735,0.6227668866229975,0.7106811249631858
63.5,0.000528995095,0.623115071850069,0.7106151326679044
63.6,0.00052761381,0.62344549325564,0.7105575284250083
63.7,0.00052624491,0.6237594106183646,0.7105065215266846
63.8,0.0005248894,0.6240581226726459,0.7104596363979224
63.9,0.000523548225,0.624343372374088,0.7104155158706954
64.0,0.00052222224,0.6246161675456142,0.7103738332193676
64.1,0.00052091229,0.6248774776827175,0.7103351727801724
64.2,0.000519619145,0.6251276584136861,0.7103005775618713
64.3,0.00051834341,0.6253667103668387,0.7102707198652914
64.4,0.00051708574,0.625594652391731,0.7102458007523632
64.5,0.00051584657,0.6258115944441061,0.7102273344707454
64.6,0.00051462621,0.6260180938425007,0.7102176897812988
64.7,0.00051342482,0.6262147430912892,0.7102187076573186
64.8,0.000512242525,0.6264021441196241,0.7102345224347368
64.9,0.00051107952,0.6265804885646572,0.7102654922551159
65.0,0.000509936155,0.6267494742051753,0.7103077089771949
65.1,0.00050881266,0.626907990174016,0.7103629130433037
65.2,0.000507709275,0.6270546510288191,0.7104299734800873
65.3,0.0005066262,0.6271881649466855,0.7105042407304181
65.4,0.000505563515,0.6273078256975866,0.7105839869183368
65.5,0.000504521125,0.6274134498125115,0.7106701356720835
65.6,0.00050349874,0.6275058710701504,0.7107633655756714
65.7,0.000502495835,0.6275865704172803,0.7108626147707837
65.8,0.00050151158,0.6276576011988594,0.7109664318416142
65.9,0.000500545015,0.6277211480784191,0.7110737486466608
66.0,0.0004995949095,0.62777969542743,0.7111893089908304
66.1,0.000498660068,0.6278357910775338,0.7113223051742276
66.2,0.000497739388,0.6278915556037722,0.7114709402058542
66.3,0.000496831674,0.6279495556873428,0.711638519041182
66.4,0.000495935665,0.6280121217616761,0.7118296912373383
66.5,0.000495050017,0.6280812682159815,0.712046687325107
66.6,0.000494173704,0.6281591300766267,0.7122892748266318
66.7,0.0004933058405,0.6282475307239875,0.7125506490522253
66.8,0.0004924458725,0.6283481496534966,0.7128231822149241
66.9,0.0004915931795,0.6284622271659338,0.7131027776779084
67.0,0.000490747154,0.6285912963585139,0.7133870792466876
67.1,0.0004899071925,0.6287363499745154,0.7136745224081205
67.2,0.000489072739,0.6288982739430667,0.7139641395516696
67.3,0.000488243399,0.6290777908304782,0.7142552709428778
67.4,0.0004874187935,0.6292755226720951,0.7145518812716738
67.5,0.0004865987955,0.6294918590254066,0.7148595060243133
67.6,0.00048578346,0.6297270889169369,0.7151789054662184
67.7,0.000484973054,0.6299811934971298,0.715508050128535
67.8,0.000484167901,0.6302545623234745,0.7158451932857477
67.9,0.0004833684025,0.6305469189358176,0.716189059451239
68.0,0.0004825748835,0.6308584266969769,0.716538153226906
68.1,0.000481787639,0.631188601801684,0.7168913059402813
68.2,0.0004810068845,0.6315370735420054,0.7172518916618751
68.3,0.000480232818,0.6319032450153372,0.7176280722494012
68.4,0.0004794657815,0.6322863371067013,0.7180234793839673
68.5,0.000478706366,0.6326858094621611,0.7184317293493013
68.6,0.000477955092,0.6331004242942113,0.7188452069248109
68.7,0.0004772125545,0.6335292139923144,0.7192611223762195
68.8,0.000476479262,0.6339707836893325,0.7196781436682423
68.9,0.0004757557695,0.6344240778101337,0.7200939020400184
69.0,0.0004750424915,0.634887726620321,0.7205066005005499
69.1,0.0004743398925,0.6353604420669067,0.7209151646251494
69.2,0.0004736482755,0.6358408418491229,0.7213193682191456
69.3,0.000472968002,0.636327556232573,0.721719487742692
69.4,0.000472299263,0.6368191840669333,0.7221168426647033
69.5,0.0004716423575,0.6373143304850656,0.7225140656398232
69.6,0.000470997544,0.637811707433982,0.7229145621544881
69.7,0.0004703651215,0.6383102656217361,0.7233191804387146
69.8,0.0004697454415,0.6388086855794134,0.7237251810237086
69.9,0.0004691388565,0.6393060939442562,0.7241291458566631
70.0,0.000468545707,0.6398013408933535,0.7245289575041296
70.1,0.00046796621,0.6402936033294298,0.724923409594529
70.2,0.0004674005905,0.6407821398366189,0.7253110632784261
70.3,0.000466849014,0.6412665168751347,0.7256891602374709
70.4,0.000466311554,0.641746118692817,0.7260529503835712
70.5,0.0004657882235,0.6422209138737393,0.7264001843363873
70.6,0.0004652790295,0.642690889851531,0.7267336204142686
70.7,0.000464783911,0.6431563796350135,0.727055149855993
70.8,0.0004643025995,0.6436179298613082,0.7273658282366918
70.9,0.0004638346885,0.6440759740702016,0.7276667488306086
71.0,0.0004633796245,0.6445313102262277,0.7279544370362684
71.1,0.0004629368535,0.6449846483293259,0.7282270581635616
71.2,0.000462505829,0.6454366292643979,0.728483236194906
71.3,0.000462085991,0.6458880321464215,0.7287216830773133
71.4,0.0004616767105,0.6463395041434837,0.7289623102250224
71.5,0.0004612776645,0.6467916924236707,0.7292116584339379
71.6,0.000460888744,0.6472448043320981,0.7294465553166468
71.7,0.0004605096875,0.6476994996032227,0.7296835068009511
71.8,0.00046014034,0.6481557154051917,0.7299368825316483
71.9,0.000459780841,0.6486134894371168,0.7301843897672688
72.0,0.000459431016,0.6490731295750783,0.7304198081543583
72.1,0.0004590904205,0.6495345290049257,0.7306572560103018
72.2,0.0004587587555,0.6499977002930297,0.7309164311210377
72.3,0.000458436201,0.6504626748553171,0.7312025485303708
72.4,0.00045812332,0.6509292264971163,0.7315017852306251
72.5,0.0004578207435,0.6513977573422873,0.7317985149399421
72.6,0.0004575290345,0.6518678778333411,0.7320874283667368
72.7,0.000457248688,0.6523401974392524,0.7323728420593154
72.8,0.0004569802215,0.6528144334166824,0.7326576148669928
72.9,0.000456724345,0.6532904726682957,0.7329376375865777
73.0,0.000456481774,0.6537683905923156,0.7332060803956417
73.1,0.000456253187,0.6542478604631066,0.733458903206032
73.2,0.0004560392125,0.6547284298913262,0.7336961311504899
73.3,0.0004558404365,0.6552097156026708,0.7339199884766141
73.4,0.0004556574805,0.6556909070662359,0.7341330135912687
73.5,0.000455490874,0.6561713759634905,0.7343369406535986
73.6,0.0004553412455,0.6566500667193034,0.7345317759467889
73.7,0.000455209133,0.6571258797762455,0.7347161623028133
73.8,0.0004550950145,0.6575976024795526,0.7348882713147475
73.9,0.000454999218,0.6580641729709078,0.7350473364339841
74.0,0.0004549219535,0.6585246864716269,0.7351947776604024
74.1,0.0004548633005,0.6589782759021375,0.7353330957017546
74.2,0.000454823216,0.65942433807665,0.7354636602924378
74.3,0.0004548015315,0.6598627284819026,0.735585591786509
74.4,0.0004547979685,0.6602936356134543,0.7356975204495712
74.5,0.0004548121155,0.6607171411527141,0.735800219113417
74.6,0.000454843456,0.6611341184624397,0.7358970744149271
74.7,0.0004548913505,0.6615454032062772,0.7359913975927586
74.8,0.0004549550095,0.6619524593664028,0.7360845772308641
74.9,0.00045503355,0.6623565749958046,0.7361775746565956
75.0,0.0004551259175,0.6627593774394773,0.7362706034982536
75.1,0.0004552308275,0.663162198732706,0.7363599943756189
75.2,0.0004553469165,0.6635663834771461,0.7364460802975126
75.3,0.0004554728115,0.6639727799028146,0.7365343841838197
75.4,0.000455607491,0.6643820854432801,0.7366248934681696
75.5,0.000455750025,0.6647947964701822,0.7367173505399647
75.6,0.0004558996755,0.6652108752844089,0.736816335841294
75.7,0.000456055774,0.6656304663992224,0.7369234201684843
75.8,0.0004562179605,0.6660533247703957,0.7370305798938983
75.9,0.000456385954,0.666479563495264,0.737134830504515
76.0,0.0004565595905,0.6669089312464155,0.7372295683725766
76.1,0.000456738673,0.66734173589993,0.737308673675594
76.2,0.0004569227595,0.6677779334735102,0.7373789825191813
76.3,0.000457111259,0.6682182214007256,0.737449951097226
76.4,0.000457303843,0.6686626562302437,0.7375227543653803
76.5,0.000457500361,0.6691117029177771,0.7375981274563251
76.6,0.0004577008425,0.6695652483659905,0.7376785145291452
76.7,0.0004579054425,0.6700229281501362,0.7377533095670419
76.8,0.00045811417,0.6704842835976864,0.7378132197389459
76.9,0.0004583271825,0.6709481648857302,0.7378561338945938
77.0,0.000458544517,0.6714136106869155,0.7378815996446438
77.1,0.0004587663315,0.6718793203818836,0.7378952969886136
77.2,0.00045899282,0.6723444080415063,0.7378980930060752
77.3,0.00045922448,0.6728077678251696,0.7378808330960365
77.4,0.000459461574,0.6732689284939753,0.7378418710639466
77.5,0.0004597042675,0.6737279465965914,0.7377933334574486
77.6,0.000459952718,0.6741850294781327,0.7377404353203475
77.7,0.000460207178,0.6746411635986928,0.7376765101930323
77.8,0.000460467725,0.67509764957763,0.737603562411616
77.9,0.0004607343245,0.6755555932555584,0.7375340766653038
78.0,0.0004610069735,0.6760162638359102,0.7374705599450335
78.1,0.000461285734,0.6764802959204014,0.7374072128707666
78.2,0.000461570635,0.676947796323182,0.7373462596901016
78.3,0.0004618616905,0.6774190163716647,0.7372915959779291
78.4,0.000462159128,0.6778933654464301,0.7372395523540297
78.5,0.0004624631645,0.678370259211245,0.7371858499692092
78.6,0.0004627738915,0.6788491321794318,0.737130005018199
78.7,0.000463091471,0.679329406297942,0.7370727275009388
78.8,0.000463415964,0.6798107925402515,0.7370134770634922
78.9,0.000463747465,0.6802931275435424,0.7369515122899928
79.0,0.000464086078,0.680776455290112,0.7368876374281599
79.1,0.000464431878,0.681261510912641,0.7368239761946276
79.2,0.0004647850685,0.6817485143226151,0.7367618292087543
79.3,0.000465145921,0.6822379807412297,0.7367015106298054
79.4,0.0004655147585,0.6827300295490055,0.7366427691303685
79.5,0.0004658919345,0.6832245602149777,0.7365852465688814
79.6,0.000466277757,0.6837213339781045,0.7365290686090499
79.7,0.0004666725965,0.6842197790685232,0.7364751902950407
79.8,0.000467076717,0.6847192797340733,0.7364253772019255
79.9,0.0004674904825,0.6852194589836366,0.7363814200375164
80.0,0.000467914149,0.6857200592066155,0.7363448330494727
80.1,0.000468348019,0.6862206657127797,0.7363168665916704
80.2,0.0004687923945,0.686721008325161,0.7362984128764232
80.3,0.000469247545,0.6872208545659032,0.7362903389833035
80.4,0.00046971391,0.6877200347890027,0.7362932795140272
80.5,0.0004701918025,0.6882187312068334,0.7363081329640935
80.6,0.0004706816745,0.6887166736424275,0.7363355276520327
80.7,0.000471183984,0.6892138055471169,0.7363757588875546
80.8,0.0004716991655,0.6897097750625244,0.7364288518034003
80.9,0.000472227784,0.6902042428966435,0.7364949320632759
81.0,0.000472770321,0.6906970268371002,0.7365741881627407
81.1,0.000473327226,0.6911879195387797,0.7366663310752705
81.2,0.000473899093,0.6916767387893075,0.7367708895619671
81.3,0.0004744864655,0.6921636982169845,0.7368881966316523
81.4,0.000475089875,0.6926490931315201,0.7370194146736074
81.5,0.00047570983,0.6931331183116587,0.737165636962076
81.6,0.0004763468495,0.6936162701290396,0.7373268509306876
81.7,0.000477001455,0.6940989758402637,0.7375021203848314
81.8,0.000477674173,0.6945815496045963,0.7376903646166346
81.9,0.000478365407,0.6950646637228652,0.7378911500863108
82.0,0.0004790755625,0.6955487391684864,0.7381043322805981
82.1,0.000479804989,0.6960340712511688,0.738329452526969
82.2,0.0004805539875,0.696520992979734,0.7385654803830332
82.3,0.00048132273,0.6970097682479648,0.7388113351409178
82.4,0.000482111336,0.6975003467903788,0.7390663947652775
82.5,0.000482919816,0.6979928102883849,0.7393309545658217
82.6,0.000483748167,0.6984868131667913,0.7396059256044197
82.7,0.000484596223,0.6989823491424126,0.739892457703983
82.8,0.000485463802,0.6994792674188015,0.7401909655547417
82.9,0.000486350596,0.6999773920667693,0.7405007580063123
83.0,0.0004872563105,0.7004764968916452,0.7408200694836232
83.1,0.0004881805695,0.7009763996810551,0.7411467637036699
83.2,0.000489122824,0.7014770753022577,0.741478861463081
83.3,0.000490082557,0.7019780776490961,0.7418143270098166
83.4,0.0004910590735,0.7024795198189063,0.7421512565387288
83.5,0.000492051646,0.7029812258824993,0.7424880666871202
83.6,0.0004930594315,0.7034829256629069,0.7428245878089874
83.7,0.0004940816045,0.7039844746468673,0.7431614670724171
83.8,0.000495117322,0.7044857974361565,0.74349902491986
83.9,0.0004961657985,0.704986736951142,0.7438361115284049
84.0,0.0004972262635,0.7054872303599707,0.7441704084026733
84.1,0.0004982980015,0.7059871519989365,0.7444991320915744
84.2,0.0004993803065,0.7064868537264164,0.7448197818873558
84.3,0.000500472505,0.7069863355424106,0.7451305922149459
84.4,0.000501574105,0.7074858110752196,0.7454303881186928
84.5,0.000502684505,0.7079858520947062,0.7457189748198515
84.6,0.000503803285,0.7084864711672411,0.7459968863891733
84.7,0.00050492991,0.7089882149299459,0.7462651909681606
84.8,0.00050606403,0.7094912404624534,0.7465242529815609
84.9,0.00050720536,0.7099957362603228,0.7467738902170005
85.0,0.00050835353,0.7105018217040748,0.7470145864797478
85.1,0.000509508315,0.7110095470591921,0.7472475355750116
85.2,0.000510669475,0.7115192516176811,0.7474740255557795
85.3,0.000511836795,0.7120310987423599,0.7476948732361415
85.4,0.00051301014,0.7125448245394456,0.7479112472885648
85.5,0.000514189405,0.7130605483894588,0.7481248881553796
85.6,0.000515374525,0.7135783833897353,0.7483373415001712
85.7,0.000516565385,0.7140979902482685,0.7485498576768159
85.8,0.00051776205,0.7146185144518564,0.748763423145407
85.9,0.00051896452,0.7151393716642658,0.7489788233041077
86.0,0.00052017277,0.7156596696731826,0.7491963723121835
86.1,0.000521386895,0.7161783654698461,0.7494157622935542
86.2,0.000522607035,0.7166949563994319,0.7496366162571017
86.3,0.00052383329,0.717208405736364,0.7498583373002214
86.4,0.000525065785,0.7177180537461854,0.7500802217061592
86.5,0.00052630474,0.7182231338802881,0.7503012830148217
86.6,0.00052755024,0.718723200032516,0.7505207232616748
86.7,0.000528802475,0.7192174542383347,0.7507375057211432
86.8,0.000530061595,0.7197055383561817,0.750950738180913
86.9,0.00053132763,0.7201869120321207,0.7511597106410444
87.0,0.00053260076,0.7206612171245891,0.75136354973878
87.1,0.00053388092,0.7211288243415199,0.7515618910493717
87.2,0.000535168295,0.7215893504086096,0.7517541502365861
87.3,0.0005364628,0.7220427890426728,0.7519402581853848
87.4,0.000537764415,0.7224890020136329,0.7521202463116943
87.5,0.000539073175,0.7229279956046749,0.7522942025801088
87.6,0.000540388915,0.7233599960104701,0.7524624914153764
87.7,0.00054171168,0.723785160310651,0.7526254081272061
87.8,0.000543041365,0.7242035827529972,0.752783292007605
87.9,0.000544377815,0.7246152319215825,0.7529365074813206
88.0,0.000545720895,0.7250201266659624,0.7530854378226566
88.1,0.00054707054,0.7254181350392457,0.7532302715271724
88.2,0.00054842653,0.725809577483883,0.753371316470948
88.3,0.00054978879,0.7261942906370563,0.75350871088406
88.4,0.000551157175,0.7265721865341713,0.7536427312266623
88.5,0.0005525315,0.7269435793344934,0.7537738236049112
88.6,0.00055391162,0.7273084753212078,0.7539024906736316
88.7,0.000555297515,0.7276669624589089,0.7540289963266064
88.8,0.00055668918,0.7280186009246252,0.7541533908293179
88.9,0.00055808656,0.7283636671785103,0.7542756804649516
89.0,0.00055948969,0.7287025005125705,0.7543957898352837
89.1,0.00056089854,0.7290351260595473,0.7545134864624576
89.2,0.000562313205,0.7293618705450765,0.7546287075146207
89.3,0.0005637338,0.7296831298098327,0.7547414906908846
89.4,0.00056516047,0.729999752083832,0.7548519113894729
89.5,0.000566593325,0.7303120829422666,0.7549600387254243
89.6,0.000568032625,0.7306201915001748,0.755065885265109
89.7,0.0005694786,0.7309249385539437,0.7551695452563069
89.8,0.000570931535,0.7312264120681674,0.755270980999906
89.9,0.000572391655,0.731524957618038,0.7553701610799798
90.0,0.000573859425,0.7318210778583801,0.7554667273549658
90.1,0.000575335015,0.7321155079218746,0.7555607300903465
90.2,0.000576818835,0.7324088070120137,0.755652005923304
90.3,0.00057831121,0.7327014589340662,0.7557401778627196
90.4,0.00057981242,0.7329942302366396,0.755824561041395
90.5,0.00058132281,0.7332880445479739,0.755904558556726
90.6,0.00058284275,0.733582958416737,0.7559803086387894
90.7,0.000584372465,0.7338789152942611,0.7560518866858088
90.8,0.00058591234,0.7341758649150637,0.756118777476589
90.9,0.00058746254,0.7344737381641064,0.7561811946394306
91.0,0.000589023365,0.7347718187582644,0.756240338262727
91.1,0.00059059503,0.7350698867860516,0.7562970377269389
91.2,0.00059217777,0.7353674584421996,0.7563504950675325
91.3,0.00059377191,0.735664282399296,0.7564002893110919
91.4,0.000595377535,0.7359600444980757,0.7564467157673266
91.5,0.000596994855,0.7362544808447554,0.7564896550557159
91.6,0.00059862403,0.7365478302003771,0.7565288558488474
91.7,0.000600265195,0.7368400422994581,0.7565641233679766
91.8,0.000601918545,0.7371307841331771,0.7565955581440683
91.9,0.000603584165,0.737420394993541,0.7566234806195735
92.0,0.00060526211,0.7377090193938115,0.7566478216794535
92.1,0.00060695262,0.7379965819357652,0.7566681729166636
92.2,0.00060865566,0.7382835664246707,0.7566844777825356
92.3,0.00061037141,0.7385704817985378,0.756696717427514
92.4,0.0006121,0.7388577867298939,0.7567048918515986
92.5,0.000613841505,0.7391460969708991,0.7567092146830899
92.6,0.000615596,0.7394365937603913,0.7567101068954036
92.7,0.00061736359,0.7397299117000863,0.7567078198159518
92.8,0.00061914459,0.7400270875155599,0.7567023471615493
92.9,0.000620939025,0.7403286929766753,0.7566936512330841
93.0,0.000622746985,0.7406356768444133,0.7566814430040323
93.1,0.000624568685,0.7409486046054522,0.7566653957487577
93.2,0.000626404165,0.74126816112699,0.7566453838035543
93.3,0.00062825343,0.7415947296833306,0.7566212940710866
93.4,0.00063011666,0.7419291270885641,0.7565929757549071
93.5,0.000631993835,0.7422717680329205,0.7565604979700543
93.6,0.00063388497,0.7426230169411477,0.7565237036368955
93.7,0.00063578998,0.7429833764680704,0.7564824042598713
93.8,0.00063770869,0.74335328643666,0.7564363862106817
93.9,0.000639640975,0.7437330358734406,0.7563851405513162
94.0,0.000641586465,0.7441228446898981,0.7563283217065834
94.1,0.000643544885,0.7445231841249303,0.7562652133933581
94.2,0.000645515815,0.744933758868828,0.7561949233993267
94.3,0.000647498785,0.7453548202490033,0.7561163898661722
94.4,0.00064949333,0.7457855954336635,0.7560282744754244
94.5,0.00065149884,0.7462259713254731,0.7559314882889526
94.6,0.00065351468,0.7466753447386426,0.7558283372357646
94.7,0.000655540315,0.7471328674431555,0.7557177783070995
94.8,0.000657575265,0.7475974461647683,0.7555934403530556
94.9,0.000659618825,0.7480681070097586,0.7554583016034688
95.0,0.000661670405,0.7485438132525505,0.7553255693138547
95.1,0.000663729605,0.7490225542738457,0.755195607908961
95.2,0.000665796165,0.7495033498967364,0.7550555682748346
95.3,0.000667869515,0.7499848303868255,0.7549152019150722
95.4,0.00066994932,0.7504650605230385,0.7547871505985119
95.5,0.00067203537,0.750942865349723,0.7546646976000603
95.6,0.00067412741,0.7514163976103987,0.7545437148669706
95.7,0.00067622523,0.7518847273936399,0.7544274759387877
95.8,0.000678328665,0.7523464221331968,0.7543231939122444
95.9,0.00068043766,0.7528006964309059,0.7542294048051641
96.0,0.00068255237,0.7532464507293384,0.7541388578217024
96.1,0.000684673055,0.7536828242321073,0.7540468091569522
96.2,0.000686799755,0.7541101436648485,0.7539520021738522
96.3,0.00068893256,0.7545280634523703,0.7538547824475942
96.4,0.000691071505,0.7549374129751331,0.7537575250222244
96.5,0.00069321689,0.7553390907286358,0.753663773614256
96.6,0.000695368915,0.7557345104295725,0.7535765881349336
96.7,0.000697527745,0.7561254690689412,0.7534961382302604
96.8,0.0006996937,0.7565130473546144,0.7534194896526981
96.9,0.00070186682,0.7568990799767024,0.7533440223139736
97.0,0.000704047575,0.7572843334838121,0.7532690073645911
97.1,0.000706236035,0.7576696561059602,0.7531945453355158
97.2,0.00070843249,0.7580555693475272,0.7531196811825808
97.3,0.00071063728,0.7584418595802125,0.7530432399501336
97.4,0.00071285065,0.7588284011403102,0.7529652404877303
97.5,0.00071507275,0.7592146285411425,0.7528867383705024
97.6,0.000717303795,0.759599530189875,0.7528094300584829
97.7,0.000719543835,0.7599817929007785,0.7527350434276311
97.8,0.000721792955,0.760361334992444,0.7526651932565712
97.9,0.000724051175,0.7607371951375195,0.7526009288372494
98.0,0.00072631839,0.7611090780262956,0.7525428030899727
98.1,0.00072859454,0.7614779072870123,0.7524907092005908
98.2,0.000730879445,0.7618446819461335,0.752444138231094
98.3,0.000733172855,0.7622099109416693,0.7524020974382036
98.4,0.00073547446,0.7625749891407577,0.7523637260255327
98.5,0.00073778389,0.7629417763662496,0.7523288354975219
98.6,0.000740100585,0.7633114538569828,0.7522975703674334
98.7,0.00074242417,0.7636850646217184,0.7522698992193406
98.8,0.00074475396,0.7640633877754343,0.7522453068320483
98.9,0.00074708943,0.7644468757074726,0.7522228381613899
99.0,0.000749430035,0.7648352331081242,0.7522018271897226
99.1,0.00075177507,0.7652283594464238,0.7521822927666026
99.2,0.000754123935,0.7656254818905787,0.7521639018832085
99.3,0.000756475895,0.7660264307945858,0.7521467425041346
99.4,0.00075883029,0.7664312501407421,0.75213151206295
99.5,0.00076118665,0.7668402666546835,0.7521193352498247
99.6,0.000763544165,0.7672536185664869,0.7521107398523245
99.7,0.00076590229,0.7676713749911906,0.7521054556934811
99.8,0.000768260405,0.7680941265482136,0.7521042933041993
99.9,0.000770618065,0.7685212135030985,0.7521082140118309
100.0,0.000772974735,0.7689523719620625,0.7521179278163159
100.1,0.0007753262,0.7693863767039706,0.7521330828592768
100.2,0.00077767955,0.7698231711801552,0.7521536979902695
100.3,0.000780030765,0.770261014948286,0.7521791386075785
100.4,0.00078237956,0.7706993613712414,0.7522093921448325
100.5,0.000784725515,0.7711389015994051,0.7522448984250033
100.6,0.000787068535,0.7715794031549208,0.7522855380675701
100.7,0.00078940835,0.7720216451527667,0.7523305508071109
100.8,0.000791744815,0.7724655207787924,0.7523786234578961
100.9,0.000794077775,0.7729104079976525,0.7524289706217625
101.0,0.000796407105,0.7733552638005862,0.752481856192493
101.1,0.000798732555,0.7737990765947588,0.752538310612478
101.2,0.00080105387,0.7742416830173524,0.7525988805188393
101.3,0.00080337103,0.774682366785242,0.752662510336445
101.4,0.000805683765,0.7751216745355495,0.7527276544017099
101.5,0.000807991635,0.7755607121088887,0.7527933702368377
101.6,0.00081029463,0.7759997622485985,0.7528590797887801
101.7,0.000812592155,0.7764391705298708,0.7529250909336174
101.8,0.00081488393,0.7768790626164117,0.7529913534058669
101.9,0.00081716979,0.7773184771808693,0.7530572891524805
102.0,0.000819449365,0.7777573262586492,0.7531227850761224
102.1,0.000821722345,0.7781951637435948,0.7531882558670233
102.2,0.00082398838,0.778631543529549,0.7532542670118605
102.3,0.00082624718,0.7790661263245053,0.7533214719619061
102.4,0.000828498525,0.7794993959337326,0.7533904990356908
102.5,0.000830742155,0.7799304664281023,0.7534621273481926
102.6,0.00083297791,0.7803591555952404,0.7535371360143898
102.7,0.00083520568,0.7807853377714411,0.7536160025563655
102.8,0.00083742525,0.781208171009873,0.75369914166435
102.9,0.000839636425,0.7816268636291877,0.7537867355507174
103.0,0.00084183919,0.782040215540991,0.7538792491711804
103.1,0.000844033285,0.7824470015241485,0.7539786491627399
103.2,0.00084621875,0.7828450161806171,0.7540881839322
103.3,0.00084839542,0.7832337694219429,0.7542113657801472
103.4,0.00085056334,0.783612199389809,0.7543486345295533
103.5,0.00085272254,0.7839789551993744,0.7544979355788224
103.6,0.00085487321,0.7843338609214504,0.7546567807865732
103.7,0.0008570152,0.7846758986800174,0.7548241711263418
103.8,0.00085914866,0.7850045281211387,0.7549998489875306
103.9,0.0008612735,0.7853169092450559,0.7551840279984399
104.0,0.0008633899,0.7856100826714889,0.7553767898404788
104.1,0.000865497675,0.78588205034751,0.7555783230092067
104.2,0.000867596755,0.7861309587334541,0.7557883636108403
104.3,0.000869687075,0.7863569774753238,0.7560065660701881
104.4,0.000871768615,0.7865630408206582,0.7562325722456873
104.5,0.000873841035,0.7867534716009482,0.7564660868276287
104.6,0.00087590407,0.7869337047714846,0.7567071160991974
104.7,0.000877957595,0.7871087605973279,0.7569554652816489
104.8,0.000880001385,0.7872818874852818,0.7572103992423025
104.9,0.000882034875,0.7874535629574301,0.7574710948838826
105.0,0.00088405782,0.7876218769254388,0.7577361573392514
105.1,0.00088606972,0.7877833359382773,0.7580045121837209
105.2,0.000888070275,0.7879343271643943,0.7582749970280097
105.3,0.000890058785,0.7880740400728845,0.7585470840845518
105.4,0.000892034865,0.7882022484690776,0.7588195732649536
105.5,0.000893997995,0.7883215347421344,0.7590912393480801
105.6,0.00089594779,0.7884352603961945,0.7593605743694577
105.7,0.000897883695,0.7885463282628694,0.7596260892141685
105.8,0.00089980515,0.7886577040056244,0.75988630105048
105.9,0.00090171177,0.7887725606330398,0.7601399469581456
106.0,0.000903603195,0.788895396905795,0.7603857577337331
106.1,0.00090547896,0.789032891849872,0.7606228725808554
106.2,0.00090733867,0.7891899463498102,0.7608502233580103
106.3,0.0009091821,0.7893716812016353,0.7610666790918427
106.4,0.000911008885,0.7895824569359499,0.761271291021371
106.5,0.0009128187,0.7898264644373543,0.7614631857838375
106.6,0.000914611315,0.7901059468030028,0.7616417601934529
106.7,0.00091638668,0.7904201689002148,0.7618066121263575
106.8,0.00091814433,0.7907667619681296,0.7619577667152923
106.9,0.000919884275,0.7911407937062805,0.762095135995663
107.0,0.00092160608,0.7915394743803917,0.7622190843922177
107.1,0.0009233097,0.7919560935485549,0.7623297312854772
107.2,0.00092499496,0.7923814400611098,0.7624274222506333
107.3,0.0009266615,0.792802765335068,0.7625125845442868
107.4,0.000928309245,0.7932089732651771,0.7625854192283676
107.5,0.000929937965,0.793595539958016,0.7626465169222947
107.6,0.00093154735,0.7939623209003226,0.7626968201038639
107.7,0.000933137295,0.7943104219327111,0.7627386535516392
107.8,0.000934707475,0.794635790400658,0.7627758877077694
107.9,0.000936257715,0.7949295921456218,0.7628122485011422
108.0,0.00093778783,0.7951847208850198,0.7628504188518832
108.1,0.00093929753,0.795399065468589,0.7628909516802999
108.2,0.000940786915,0.7955774011171626,0.7629338092872802
108.3,0.00094225587,0.7957237679188933,0.7629791927347539
108.4,0.00094370399,0.7958422122451189,0.7630281198987409
108.5,0.00094513132,0.7959367867503626,0.7630819165313409
108.6,0.000946537695,0.7960131588677714,0.763141952366951
108.7,0.00094792312,0.7960765939066327,0.7632094966090033
108.8,0.00094928725,0.7961310377073194,0.7632858750095973
108.9,0.000950630095,0.7961760567300453,0.7633718164182289
109.0,0.000951951485,0.796205851594772,0.7634682067640264
109.1,0.000953251375,0.7962131903552108,0.7635757120646323
109.2,0.000954529515,0.7961977400025403,0.7636951868332482
109.3,0.00095578588,0.7961643448726328,0.7638272279724786
109.4,0.00095702028,0.7961170701863816,0.7639724198185569
109.5,0.000958232785,0.7960559913420105,0.764131045114822
109.6,0.00095942343,0.7959824529411753,0.764302946781641
109.7,0.000960591995,0.795902801001036,0.7644878169429342
109.8,0.00096173865,0.7958244936625527,0.7646848576341674
109.9,0.00096286348,0.7957523878279674,0.7648927996519085
110.0,0.00096396659,0.7956867725238046,0.7651101978635368
110.1,0.00096504808,0.7956244433255574,0.7653355945700614
110.2,0.00096610808,0.795558224835605,0.7655672870282636
110.3,0.000967146795,0.7954793959927411,0.7658034091321074
110.4,0.000968164545,0.7953817804258089,0.766042145041039
110.5,0.00096916177,0.7952643037101205,0.7662813459056833
110.6,0.000970138605,0.7951329851372004,0.7665190576554098
110.7,0.00097109547,0.794996382405437,0.766752936662099
110.8,0.000972032635,0.7948629338326979,0.7669808529259315
110.9,0.00097295039,0.7947364595956496,0.7672003497214526
111.0,0.00097384938,0.7946149239422529,0.7674091651019515
111.1,0.00097472973,0.794490542005912,0.7676054203950212
111.2,0.000975591905,0.7943542031679314,0.7677874631229261
111.3,0.000976436275,0.7941968219423572,0.7679538670026015
111.4,0.000977263105,0.7940121151438821,0.7681034445120242
111.5,0.00097807279,0.7937969411798523,0.7682352029079157
111.6,0.00097886556,0.7935516456254601,0.768348218562036
111.7,0.000979641845,0.7932807837900528,0.7684417877576305
111.8,0.00098040191,0.7929917635491079,0.7685153764239482
111.9,0.000981146065,0.7926912576454215,0.7685687081008354
112.0,0.000981874465,0.7923846947510989,0.7686019398679252
112.1,0.000982587655,0.7920730361934921,0.7686153796012972
112.2,0.000983285795,0.7917565081672724,0.7686098189823004
112.3,0.000983969105,0.7914360405838651,0.7685862381878426
112.4,0.00098463786,0.7911144106111758,0.7685457242089819
112.5,0.000985292505,0.7907965254169296,0.7684894268686295
112.6,0.000985933095,0.7904871539387748,0.7684190300604479
112.7,0.000986560015,0.7901900158224129,0.7683359286515751
112.8,0.000987173565,0.7899067069969122,0.7682418191020441
112.9,0.000987773885,0.7896369133030071,0.768138316190479
113.0,0.000988361255,0.7893781340329455,0.7680266325716439
113.1,0.000988935865,0.7891276422843043,0.7679078426702264
113.2,0.00098949801,0.7888828996502192,0.7677829015303931
113.3,0.00099004787,0.7886436673696483,0.7676526950812724
113.4,0.00099058554,0.7884123016370819,0.7675182349156987
113.5,0.00099111142,0.7881920068770268,0.7673805954583597
113.6,0.000991625325,0.7879883248589241,0.7672412155586905
113.7,0.000992127615,0.7878036808923019,0.7671006795529248
113.8,0.000992618255,0.7876363910834983,0.7669593707153665
113.9,0.00099309741,0.787480869680775,0.766817163382309
114.0,0.000993565335,0.7873296962422843,0.7666740638369379
114.1,0.00099402185,0.7871757644854437,0.7665304679199277
114.2,0.000994467305,0.7870155432601107,0.7663865515604668
114.3,0.0009949018,0.7868480461061919,0.7662418246701012
114.4,0.00099532567,0.7866744982448222,0.7660954767179263
114.5,0.00099573886,0.7864969668439677,0.7659475391198688
114.6,0.00099614149,0.7863173117264797,0.7657987470086095
114.7,0.000996533685,0.786135765370214,0.765649213481484
114.8,0.00099691563,0.785951963350423,0.765497707034172
114.9,0.00099728748,0.7857660250476277,0.7653421479323367
115.0,0.000997649225,0.7855783211697611,0.765179846972667
115.1,0.000998000665,0.7853900832211432,0.7650077882262152
115.2,0.00099834184,0.7852036862458205,0.7648228426666984
115.3,0.00099867282,0.7850237860841053,0.7646222017102842
115.4,0.00099899369,0.7848579288415517,0.764404338542943
115.5,0.00099930429,0.7847144523050622,0.764168825908074
115.6,0.00099960474,0.7845949021382225,0.7639144511509128
115.7,0.000999895065,0.7844933721468438,0.7636389334751931
115.8,0.001000175425,0.784400575783042,0.763339439164341
115.9,0.001000445775,0.7843086276492568,0.7630133167141572
116.0,0.00100070635,0.7842136070378564,0.7626579083372566
116.1,0.001000957205,0.7841209803200578,0.7622712411134527
116.2,0.001001198335,0.7840396633358124,0.7618513421225592
116.3,0.00100143011,0.7839799605090235,0.7613958488869005
116.4,0.00100165263,0.7839523459095985,0.7609023675128747
116.5,0.001001866105,0.7839637938732282,0.7603682025139848
116.6,0.00100207074,0.7840175276739751,0.7597916888461246
116.7,0.00100226668,0.784109180498051,0.7591720411111305
116.8,0.001002454095,0.7842277316384269,0.7585097493974565
116.9,0.00100263308,0.7843591633086824,0.7578064598996533
117.0,0.00100280377,0.7844913992266573,0.7570647361573262
117.1,0.00100296644,0.7846151528444675,0.7562876192321636
117.2,0.00100312135,0.7847235880564989,0.7554782821327457
117.3,0.001003268585,0.7848137391992862,0.7546408968941166
117.4,0.0010034084,0.784888433706218,0.7537806848432667
117.5,0.001003541185,0.7849547527271353,0.7529036652717199
117.6,0.00100366704,0.7850248416592368,0.7520169947275414
117.7,0.001003786435,0.7851079430681096,0.7511276161304954
117.8,0.00100389957,0.7852106040328437,0.7502429562056151
117.9,0.00100400695,0.7853308453500671,0.749369712828438
118.0,0.001004109155,0.785461567020383,0.7485137859099674
118.1,0.00100420642,0.7855965172744107,0.7476809245647595
118.2,0.00100429951,0.7857313481479175,0.7468752694119318
118.3,0.001004388725,0.7858648972516216,0.7461005463803712
118.4,0.001004474525,0.7859934260902652,0.7453590236999738
118.5,0.001004557325,0.7861111981156629,0.7446530387156738
118.6,0.001004637985,0.7862108368682642,0.7439843507193572
118.7,0.0010047165,0.7862893138527509,0.7433552656400317
118.8,0.00100479342,0.7863449828745726,0.7427673668403949
118.9,0.001004869265,0.7863756385356862,0.7422218858247668
119.0,0.001004944215,0.7863807530485263,0.7417205881682187
119.1,0.001005018515,0.7863593839352965,0.7412646048441061
119.2,0.00100509232,0.7863141701338261,0.7408550542594136
119.3,0.00100516589,0.7862475495200141,0.7404922757061476
119.4,0.001005239385,0.7861636124474953,0.7401760618391932
119.5,0.001005312785,0.7860666943141322,0.7399056272603869
119.6,0.001005386215,0.7859622175088443,0.7396791938282867
119.7,0.00100545952,0.785856440084198,0.7394943425165494
119.8,0.001005532985,0.7857555069954236,0.7393481830599339
119.9,0.001005606295,0.7856665873569563,0.7392384597949146
120.0,0.00100567949,0.7855930112570092,0.7391626154650717
120.1,0.001005752705,0.7855356017928575,0.7391189033448896
120.2,0.001005825995,0.7854937871946384,0.7391062615760516
120.3,0.00100589954,0.7854663422412165,0.7391244639638865
120.4,0.00100597348,0.7854528585255472,0.739173585906618
120.5,0.001006047855,0.7854543602068358,0.7392531310326068
120.6,0.0010061229,0.7854729081698626,0.7393617735897533
120.7,0.001006199105,0.7855079117952087,0.7394978171180243
120.8,0.001006276895,0.7855570714370522,0.7396597285202051
120.9,0.001006356345,0.7856160956798278,0.739846414522052
121.0,0.001006437985,0.7856765713384094,0.7400558393715256
121.1,0.00100652224,0.7857322843425281,0.7402852761662027
121.2,0.001006609655,0.7857773599139218,0.7405308293311925
121.3,0.001006700635,0.785809806282848,0.7407883331146365
121.4,0.00100679579,0.7858308800863685,0.7410543254814308
121.5,0.00100689535,0.7858438737135837,0.7413270220069477
121.6,0.001006999535,0.785853166544653,0.7416060142841423
121.7,0.001007108865,0.7858627421190612,0.7418908499236727
121.8,0.00100722331,0.785872700967773,0.7421801529079565
121.9,0.00100734288,0.7858843751260737,0.7424719440336219
122.0,0.00100746775,0.7858941454792264,0.7427639613539584
122.1,0.001007597895,0.7858975383992922,0.7430564624795636
122.2,0.001007733565,0.7858887482230477,0.7433527083836118
122.3,0.00100787515,0.7858623776943133,0.7436554071189704
122.4,0.001008023055,0.7858147699992407,0.7439629250574598
122.5,0.001008178035,0.7857433490318542,0.7442690544119961
122.6,0.001008341035,0.7856472414293956,0.7445693592537528
122.7,0.00100851287,0.785527144625434,0.744865360113574
122.8,0.00100869389,0.7853860054338789,0.7451613421238393
122.9,0.001008884545,0.7852273487216873,0.7454585744879807
123.0,0.001009085085,0.7850546993558166,0.7457517353480432
123.1,0.001009295675,0.7848726000792439,0.7460356536425187
123.2,0.001009516235,0.7846849213341185,0.7463140176011827
123.3,0.001009746275,0.7844948109962792,0.7465949827985638
123.4,0.00100998509,0.7843046943752545,0.7468775502081982
123.5,0.001010232235,0.7841161485505567,0.7471508310699487
123.6,0.001010486885,0.7839297641416044,0.7474128964459259
123.7,0.001010748045,0.7837451641572796,0.7476736423529885
123.8,0.00101101447,0.7835618459427572,0.7479367947200238
123.9,0.0010112853,0.7833787225069796,0.7482009084144111
124.0,0.00101155948,0.7831937580979067,0.7484664735246044
124.1,0.00101183605,0.7830067390872385,0.7487375050060149
124.2,0.001012114275,0.7828167921122172,0.7490141159559782
124.3,0.00101239368,0.7826232385888295,0.7492911038970599
124.4,0.001012673715,0.7824257329418837,0.7495699767937337
124.5,0.001012954205,0.7822242688881943,0.7498590473001611
124.6,0.001013234805,0.7820196192595542,0.7501547528502729
124.7,0.00101351579,0.7818129087461332,0.7504437919407738
124.8,0.001013797335,0.7816064244273834,0.7507237329789499
124.9,0.00101407942,0.7814013789580689,0.7509992066723726
125.0,0.00101436177,0.78120043640876,0.7512698360299234
125.1,0.00101464434,0.7810023024432834,0.7515313359192229
125.2,0.00101492668,0.7808049852918968,0.7517806338626559
125.3,0.001015207935,0.7806053307955757,0.7520179686212639
125.4,0.00101548766,0.7803994056803182,0.7522476441769826
125.5,0.001015765155,0.7801851867604552,0.7524733299100311
125.6,0.001016039835,0.7799618006732292,0.7526939325461662
125.7,0.001016311255,0.7797325775068525,0.7529066183688142
125.8,0.00101657887,0.7795029333670606,0.7531090625994116
125.9,0.001016842355,0.7792779199348399,0.7533003353265327
126.0,0.001017101185,0.7790598242896423,0.7534825602668116
126.1,0.001017355065,0.7788494004137049,0.7536602236145574
126.2,0.0010176037,0.7786430229091051,0.7538365926261299
126.3,0.00101784646,0.7784358725727129,0.7540130998677792
126.4,0.001018083495,0.7782218232988531,0.7541909140119724
126.5,0.00101831456,0.7779980790700645,0.7543711848816207
126.6,0.001018540055,0.7777626481166044,0.7545530265475958
126.7,0.001018759725,0.7775161147747066,0.7547350881250566
126.8,0.001018973795,0.7772612373627209,0.7549164648353189
126.9,0.001019182505,0.7770006359689203,0.755096138802363
127.0,0.001019385695,0.7767356677613313,0.7552729916192042
127.1,0.00101958346,0.7764665338018835,0.7554448870028381
127.2,0.00101977574,0.7761930141790914,0.7556097577852985
127.3,0.00101996236,0.7759141161496762,0.7557667997188662
127.4,0.001020143155,0.7756283317491645,0.7559163269628063
127.5,0.001020318215,0.7753343854909388,0.7560594139418068
127.6,0.00102048706,0.775032648082932,0.7561976126026382
127.7,0.00102064932,0.7747234274012246,0.7563329398477842
127.8,0.001020804835,0.7744081497288808,0.7564675193938787
127.9,0.001020953395,0.7740885178091192,0.7566038645150446
128.0,0.001021094425,0.7737666490753884,0.7567445827331841
128.1,0.00102122808,0.7734439635275676,0.7568915527207043
128.2,0.001021354275,0.7731233451477129,0.7570438948316622
128.3,0.001021472715,0.7728063961480776,0.7571965322523295
128.4,0.001021583455,0.77249554183819,0.7573427042753158
128.5,0.001021686245,0.7721924849612689,0.7574805636441406
128.6,0.001021781235,0.7718980297650333,0.7576145462876308
128.7,0.001021868505,0.7716121825326684,0.757748221055041
128.8,0.001021948395,0.7713355527331491,0.7578793511324019
128.9,0.00102202114,0.7710662993931806,0.7580033058121419
129.0,0.001022087145,0.7708042591499447,0.7581170063334608
129.1,0.0010221473,0.7705469564284304,0.7582193531389293
129.2,0.001022201295,0.7702945545914557,0.7583118918921335
129.3,0.00102224989,0.7700453634621729,0.7583966017964449
129.4,0.001022293255,0.7697986102087895,0.7584768192232617
129.5,0.00102233209,0.7695558404948906,0.7585558302784994
129.6,0.001022366685,0.7693163631700928,0.7586356204487154
129.7,0.001022397725,0.7690817050484255,0.7587167489374016
129.8,0.001022425785,0.7688518221475917,0.7587988827357371
129.9,0.001022451435,0.768627770042723,0.7588815254720823
130.0,0.001022475255,0.7684103781142799,0.7589639294473861
130.1,0.0010224981,0.7681991374242525,0.7590451584670372
130.2,0.001022520425,0.7679937589461168,0.7591245716461348
130.3,0.00102254323,0.7677927849808813,0.7592011008431762
130.4,0.00102256694,0.7675951159711174,0.7592738915449598
130.5,0.00102259199,0.7673996963416936,0.7593420829550988
130.6,0.00102261874,0.7672052380396216,0.7594047451621672
130.7,0.001022647845,0.7670108928348853,0.759460665511401
130.8,0.00102267979,0.7668163025859219,0.759508895241819
130.9,0.001022714645,0.766621291363543,0.7595486112561456
131.0,0.001022752745,0.7664268393446564,0.7595794365632627
131.1,0.001022794415,0.7662342974141032,0.7596014905436909
131.2,0.00102283965,0.7660458458371849,0.7596159041707855
131.3,0.00102288841,0.7658636774455739,0.7596241162939821
131.4,0.001022940915,0.7656898279913095,0.7596280118688725
131.5,0.00102299707,0.7655250451734434,0.7596293690368988
131.6,0.001023056775,0.7653715720891302,0.7596298779749088
131.7,0.001023120125,0.7652298925436387,0.7596303052315095
131.8,0.001023186975,0.7651001950325279,0.7596308204527048
131.9,0.00102325721,0.7649822659274974,0.7596309775323374
132.0,0.00102333068,0.7648774812461296,0.759630701072184
132.1,0.001023407165,0.7647856336433092,0.7596300539040973
132.2,0.001023486535,0.7647073074552699,0.7596293878864547
132.3,0.001023568255,0.7646426911775709,0.7596294632846784
132.4,0.00102365188,0.7645919293234742,0.7596317566473155
132.5,0.00102373734,0.7645538532205127,0.7596377822220252
132.6,0.0010238245,0.7645275643731874,0.7596492364688402
132.7,0.001023912665,0.7645128365868273,0.7596671561133362
132.8,0.001024002015,0.7645078603040641,0.7596900771733368
132.9,0.001024092425,0.764511334905539,0.759713990976616
133.0,0.00102418377,0.7645220603028583,0.7597340657536724
133.1,0.00102427578,0.7645396909208303,0.7597480898232779
133.2,0.0010243682,0.7645633345471412,0.7597581994684373
133.3,0.00102446077,0.7645932676419446,0.759770753272681
133.4,0.001024553285,0.7646294964884258,0.759793008315039
133.5,0.001024645535,0.7646730515289752,0.7598286716748426
133.6,0.001024737655,0.764723549489289,0.7598760845911705
133.7,0.001024829435,0.7647818134666424,0.7599320175067751
133.8,0.0010249209,0.7648461532841879,0.7599934859086352
133.9,0.001025011545,0.7649169647825999,0.760060081389706
134.0,0.001025100955,0.7649936761920153,0.7601336386400972
134.1,0.001025188685,0.7650752319373024,0.7602172804029064
134.2,0.00102527428,0.7651622289210657,0.7603131429611379
134.3,0.001025357035,0.7652545226300429,0.760421018969677
134.4,0.00102543705,0.7653512082855497,0.7605385019685506
134.5,0.001025513615,0.7654526314627782,0.7606632546128247
134.6,0.00102558642,0.7655582769405331,0.7607948307963422
134.7,0.001025655115,0.7656662346304811,0.7609364977754632
134.8,0.00102571941,0.7657752667451165,0.7610926851958292
134.9,0.0010257789,0.7658829542580963,0.7612650455351756
135.0,0.001025833285,0.7659898877888393,0.7614526928643746
135.1,0.00102588249,0.7660941007003441,0.7616535600154598
135.2,0.00102592618,0.7661958631695792,0.7618649263691933
135.3,0.001025964425,0.7662937426302944,0.7620831602444677
135.4,0.001025997385,0.7663867777551377,0.762304667659287
135.5,0.00102602493,0.7664758042077553,0.7625278401182126
135.6,0.00102604732,0.7665608471208879,0.7627535949662996
135.7,0.00102606422,0.7666447841934065,0.7629872666278735
135.8,0.00102607622,0.7667285202039953,0.7632352136864655
135.9,0.0010260837,0.7668127400198528,0.7635012877346686
136.0,0.00102608678,0.7668974436409788,0.7637854385070005
136.1,0.00102608606,0.7669825808018911,0.7640848951187407
136.2,0.00102608226,0.7670681954848868,0.7643975024373288
136.3,0.001026075785,0.767154457335969,0.7647224562150455
136.4,0.00102606704,0.7672407003374954,0.7650587825581683
136.5,0.001026056365,0.7673271632505074,0.7654042195199864
136.6,0.001026043715,0.767414392712127,0.7657587922332412
136.7,0.00102602942,0.7675015027932257,0.7661256799896979
136.8,0.001026013655,0.767587827476161,0.7665060828777505
136.9,0.00102599718,0.767672895522035,0.7668963566499206
137.0,0.00102598017,0.7677557895857926,0.767292360687091
137.1,0.001025962865,0.7678378731186456,0.7676945913609007
137.2,0.001025945045,0.7679204907222497,0.7681064227418598
137.3,0.001025927225,0.7680042078832826,0.7685265416442391
137.4,0.00102590952,0.7680895775220512,0.7689475464757466
137.5,0.00102589174,0.7681762163642519,0.7693649384757025
137.6,0.001025874,0.7682636029055042,0.7697802821572484
137.7,0.00102585635,0.7683509517476446,0.7702006084047427
137.8,0.001025838765,0.7684382943065997,0.7706299824390794
137.9,0.00102582172,0.7685246504054616,0.7710641002783232
138.0,0.001025805425,0.7686101834070482,0.7715027545773585
138.1,0.00102579044,0.7686913935771436,0.7719470386104292
138.2,0.001025777105,0.7687669488804624,0.7723979199880724
138.3,0.00102576581,0.7688351591401571,0.7728567056128322
138.4,0.001025756845,0.7688942713475271,0.7733228048652893
138.5,0.001025750735,0.7689448258565086,0.7737934468607236
138.6,0.00102574795,0.7689878908086041,0.774265483723296
138.7,0.001025748515,0.769024484079833,0.7747357487276119
138.8,0.001025752605,0.7690576969973668,0.7752035758560285
138.9,0.001025760495,0.769087994516918,0.7756701274978279
139.0,0.00102577201,0.7691183674346929,0.7761369053342982
139.1,0.00102578762,0.7691493812373692,0.7766032873300942
139.2,0.001025807325,0.7691808662789434,0.7770691164055832
139.3,0.00102583133,0.7692123199045912,0.7775344176935064
139.4,0.0010258596,0.7692447537071468,0.7779998006628386
139.5,0.00102589196,0.7692777655627507,0.7784649825702409
139.6,0.001025928345,0.769311971223563,0.7789293350971828
139.7,0.001025969005,0.7693484325479005,0.7793914193942287
139.8,0.00102601356,0.7693887077657195,0.7798500856384675
139.9,0.00102606193,0.7694318606824093,0.7803031975468948
140.0,0.001026114085,0.7694784756342032,0.7807480407834577
140.1,0.00102616979,0.7695270446566278,0.7811820203926246
140.2,0.00102622877,0.7695783154487343,0.7816023152241925
140.3,0.00102629098,0.7696309245593114,0.7820059721810669
140.4,0.0010263562,0.7696851610148829,0.7823903460422337
140.5,0.001026424545,0.7697391901253394,0.7827539979582573
140.6,0.00102649577,0.7697931124216456,0.7830975436812979
140.7,0.001026569885,0.7698479646293772,0.7834222963970848
140.8,0.00102664652,0.7699048965714457,0.7837291483179315
140.9,0.001026726025,0.7699654036459538,0.7840180680279116
141.0,0.001026808255,0.7700317603659829,0.7842898409251884
141.1,0.001026893175,0.7701060087667578,0.7845460943547564
141.2,0.00102698081,0.7701899018569793,0.7847884745111662
141.3,0.00102707129,0.7702838103445804,0.7850166044032992
141.4,0.001027164755,0.7703876902472641,0.7852291331463146
141.5,0.001027261075,0.7704999079368503,0.7854257905632439
141.6,0.001027360445,0.7706186915550824,0.7856073369195096
141.7,0.001027462595,0.7707418042879913,0.7857747084097222
141.8,0.001027567635,0.7708666825959716,0.7859280181312174
141.9,0.00102767554,0.770990951434977,0.7860672221016979
142.0,0.001027786315,0.771111205318571,0.7861932062502923
142.1,0.00102789976,0.7712267782291113,0.7863077424352568
142.2,0.00102801616,0.7713348804323213,0.7864113772937135
142.3,0.001028135375,0.77143416104336,0.7865049527724933
142.4,0.001028257205,0.7715251855489051,0.7865903098448913
142.5,0.00102838204,0.7716049443031945,0.7866689501921961
142.6,0.00102850951,0.7716743609344682,0.7867417220444237
142.7,0.00102863998,0.771732631195007,0.7868082484104562
142.8,0.00102877345,0.7717781340230017,0.7868683533611046
142.9,0.001028910035,0.7718097572946527,0.7869227657458648
143.0,0.001029049945,0.77182719313388,0.7869731254761019
143.1,0.001029193435,0.7718273187975863,0.7870197969765635
143.2,0.00102934044,0.7718095750822788,0.7870617560880449
143.3,0.00102949114,0.7717725357048929,0.7870957795364834
143.4,0.00102964588,0.7717159556212018,0.7871201959945869
143.5,0.001029804585,0.7716403563355858,0.7871360736038582
143.6,0.001029967405,0.7715466614762851,0.7871441789129046
143.7,0.001030134505,0.7714351349370827,0.7871433683819998
143.8,0.00103030602,0.7713094209654566,0.787133202188173
143.9,0.00103048231,0.7711698023047459,0.7871136928977941
144.0,0.0010306631,0.7710179000167594,0.787086159979778
144.1,0.00103084905,0.7708536387032738,0.7870512945845084
144.2,0.001031040465,0.7706767607536914,0.7870090527296882
144.3,0.00103123759,0.7704881458139552,0.786960119282516
144.4,0.00103144089,0.7702887175123053,0.7869056817650145
144.5,0.00103165055,0.7700807377954524,0.7868469088496512
144.6,0.0010318671,0.7698671409109348,0.7867851262885257
144.7,0.00103209094,0.7696522496902439,0.7867209561169834
144.8,0.001032322,0.769439444487075,0.7866543794854687
144.9,0.001032560955,0.7692324260975741,0.7865850445356039
145.0,0.001032808215,0.7690345497426951,0.7865123983470823
145.1,0.001033063715,0.7688472479886881,0.7864367173800574
145.2,0.00103332775,0.7686717774726145,0.7863593085370728
145.3,0.00103360029,0.7685091560704941,0.786282810755958
145.4,0.001033881585,0.7683591136053586,0.7862085372224418
145.5,0.001034171765,0.7682219453869176,0.7861349988216065
145.6,0.001034470685,0.7680975131850942,0.7860598519253327
145.7,0.00103477858,0.7679844346991208,0.7859843720202375
145.8,0.001035095125,0.7678826031148475,0.7859126180440296
145.9,0.00103542041,0.7677930928569613,0.7858447847754532
146.0,0.00103575462,0.7677154766688618,0.7857769263741357
146.1,0.0010360978,0.7676498110992165,0.7857058698314968
146.2,0.001036449815,0.7675962595108433,0.7856311250590825
146.3,0.0010368103,0.7675565686292579,0.7855554566584283
146.4,0.001037179265,0.7675297457111816,0.7854813339213594
146.5,0.001037556545,0.7675133780134563,0.7854106795025803
146.6,0.001037941795,0.7675071576600022,0.7853454097736092
146.7,0.00103833502,0.7675096960668664,0.7852859205751208
146.8,0.00103873592,0.7675199690748435,0.7852310620842038
146.9,0.00103914401,0.7675393652678868,0.78517943943372
147.0,0.001039559335,0.7675686763273448,0.7851301855440971
147.1,0.001039981665,0.7676112009255037,0.7850821254596825
147.2,0.00104041079,0.7676698293276051,0.7850348319238754
147.3,0.00104084614,0.7677444987017956,0.7849874127243621
147.4,0.00104128804,0.7678340529419789,0.784939446887727
147.5,0.0010417361,0.7679373359420583,0.7848911417590854
147.6,0.00104218999,0.768052305666809,0.7848428617631851
147.7,0.00104264941,0.7681780007888792,0.7847948707938088
147.8,0.00104311384,0.7683144590073805,0.7847478348685992
147.9,0.001043583245,0.7684616237736452,0.7847029603591353
148.0,0.00104405726,0.7686190992469991,0.7846612588582517
148.1,0.00104453532,0.7687845229497665,0.7846234215163318
148.2,0.001045016955,0.7689541438203191,0.7845887508998068
148.3,0.001045502035,0.7691250150447478,0.784556662672443
148.4,0.001045989995,0.7692940264463257,0.7845270060377931
148.5,0.001046480475,0.7694597580251732,0.784499491969333
148.6,0.001046972905,0.7696233344714604,0.7844727004671832
148.7,0.00104746691,0.76978501967897,0.784444470115598
148.8,0.001047961915,0.769944851346814,0.7844142102951586
148.9,0.001048457065,0.7701046515987315,0.7843816633952675
149.0,0.00104895189,0.7702611657447334,0.7843472629557107
149.1,0.001049446,0.7704126973247866,0.7843127934011155
149.2,0.00104993894,0.7705578451885677,0.7842811575630938
149.3,0.00105043045,0.7706952521680505,0.7842482776543813
149.4,0.001050920315,0.7708256973782127,0.7842063499588265
149.5,0.00105140851,0.7709514930312479,0.7841493237689785
149.6,0.00105189515,0.7710724883307082,0.784072015456959
149.7,0.00105237972,0.7711897011526136,0.783972156792872
149.8,0.00105286172,0.7713049850366298,0.7838560937938778
149.9,0.00105334082,0.7714171901598453,0.7837360409722135
150.0,0.001053816305,0.7715277490885105,0.7836228933712018
150.1,0.001054287865,0.7716371142119673,0.7835213696630084
150.2,0.001054755605,0.7717464730522388,0.7834313441839271
150.3,0.001055219615,0.7718580687064795,0.7833497507395282
150.4,0.001055680045,0.7719746217939277,0.7832706768524373
150.5,0.00105613691,0.7720969365623026,0.7831877262400119
150.6,0.00105658978,0.7722259115071031,0.7830980777520491
150.7,0.001057038715,0.7723610439735046,0.7830041881140039
150.8,0.001057483345,0.7725020763509096,0.7829108953785628
150.9,0.00105792385,0.7726476828872182,0.7828214165366033
151.0,0.00105836042,0.7727984667682198,0.7827365369862886
151.1,0.001058793245,0.7729567590556635,0.7826541392941703
151.2,0.001059223035,0.773121711519533,0.7825697812482361
151.3,0.00105964925,0.7732972071683478,0.7824835131139685
151.4,0.001060073015,0.7734793692767735,0.7824020453332756
151.5,0.00106049428,0.7736686188182259,0.7823381893209987
151.6,0.00106091353,0.7738641578281705,0.7822948479087498
151.7,0.00106133106,0.7740648616164377,0.7822638026901471
151.8,0.0010617476,0.7742692850504068,0.7822342780023885
151.9,0.001062163335,0.7744758950328628,0.7821997895982374
152.0,0.00106257843,0.7746844088204669,0.7821588797787025
152.1,0.001062993135,0.7748928095107355,0.7821144199594688
152.2,0.00106340819,0.775099777634754,0.7820754076618965
152.3,0.00106382317,0.7753040000067932,0.7820480381066984
152.4,0.001064238625,0.7755040314942326,0.7820293770463362
152.5,0.00106465454,0.7756991118316499,0.7820298482852341
152.6,0.00106507114,0.7758882105766548,0.7820747479274393
152.7,0.001065488275,0.7760719497645926,0.7821706167688562
152.8,0.00106590648,0.7762525473598769,0.7822988063154933
152.9,0.00106632613,0.7764318192030613,0.7824407623211385
153.0,0.00106674734,0.7766127372407963,0.782590478060638
153.1,0.00106716997,0.7767981603223965,0.7827497505249896
153.2,0.00106759409,0.776989238270773,0.7829182152894457
153.3,0.001068019675,0.7771853490505808,0.7830943141240501
153.4,0.00106844699,0.7773877744316222,0.7832807613648552
153.5,0.00106887564,0.7775957227325486,0.7834818044451292
153.6,0.001069305885,0.7778106202364247,0.7836992215063134
153.7,0.00106973747,0.7780316689787167,0.7839340429907987
153.8,0.0010701705,0.7782604711716776,0.784191879783064
153.9,0.00107060554,0.7784976865497648,0.7844803345373315
154.0,0.00107104226,0.7787436858209116,0.7848024985807717
154.1,0.001071480765,0.7789990219054247,0.7851529432412797
154.2,0.001071921395,0.7792644173696146,0.7855240155991511
154.3,0.00107236428,0.7795388983197588,0.7859086659204714
154.4,0.001072809845,0.779821622809026,0.7863024457100428
154.5,0.00107325769,0.780113734377142,0.7867045255874052
154.6,0.001073708185,0.7804151387763274,0.7871132279420813
154.7,0.00107416115,0.7807273691037971,0.7875277925086491
154.8,0.00107461705,0.781049809607391,0.7879465479598167
154.9,0.001075075765,0.7813842886940334,0.7883708263308692
155.0,0.00107553739,0.7817319436202649,0.7888033985065274
155.1,0.001076002225,0.7820938362444025,0.7892457284689675
155.2,0.00107647021,0.7824716630264791,0.7896983440057554
155.3,0.001076941425,0.7828656187452394,0.790159379010855
155.4,0.00107741615,0.7832757976484627,0.7906262071128078
155.5,0.00107789444,0.78370006973633,0.7910971946834341
155.6,0.001078376295,0.784138573238918,0.7915725050855515
155.7,0.001078861985,0.784591025412888,0.7920523205315344
155.8,0.001079351725,0.7850549569664141,0.7925373007558396
155.9,0.00107984562,0.7855312349790691,0.7930276531035825
156.0,0.001080343645,0.7860183137872669,0.793524338902115
156.1,0.00108084622,0.7865164321520495,0.7940275717797377
156.2,0.00108135321,0.7870248298079947,0.7945383821788408
156.3,0.001081865225,0.7875394666669497,0.7950560098340022
156.4,0.001082382325,0.7880601102510585,0.7955805112938895
156.5,0.00108290453,0.788584693392355,0.7961111514258221
156.6,0.00108343199,0.7891093519318751,0.7966472642121573
156.7,0.001083964725,0.7896339225068009,0.7971878380600605
156.8,0.001084503295,0.7901555148518912,0.7977310508457927
156.9,0.001085047725,0.790673701710545,0.7982743201801926
157.0,0.001085597855,0.7911894695428553,0.7988151767714345
157.1,0.00108615384,0.7917012035701986,0.7993509376993925
157.2,0.001086715575,0.7922062648547455,0.7998804531411552
157.3,0.0010872833,0.7927006510074556,0.800405067698378
157.4,0.001087857075,0.7931811010551546,0.8009281114592743
157.5,0.001088436835,0.7936467856173814,0.8014514945121769
157.6,0.001089022895,0.794096385225222,0.801973941370469
157.7,0.001089614735,0.7945318476661213,0.8024934351316666
157.8,0.001090212885,0.7949494470111924,0.8030066519907423
157.9,0.00109081724,0.7953439493670742,0.803510783363864
158.0,0.00109142806,0.7957146761497538,0.8040039694281803
158.1,0.001092045085,0.7960624316069503,0.8044847964669974
158.2,0.001092668115,0.7963883781279456,0.8049518821795479
158.3,0.001093297555,0.7966961096947354,0.8054043657694445
158.4,0.00109393321,0.7969855697586516,0.8058424797145435
158.5,0.00109457493,0.7972546471694316,0.8062671287935292
158.6,0.001095222665,0.7975002129007923,0.8066798775195433
158.7,0.00109587632,0.7977198165104633,0.8070828307596633
158.8,0.001096536005,0.7979077717157425,0.80747661683242
158.9,0.001097201405,0.7980618354194745,0.8078619708704946
159.0,0.00109787259,0.7981814107190555,0.8082389682721107
159.1,0.001098549785,0.798266761508268,0.8086056047011554
159.2,0.001099233095,0.7983208848665041,0.80896068635242
159.3,0.00109992262,0.7983474690235388,0.8093026172968367
159.4,0.001100618245,0.7983509373418284,0.8096310205432871
159.5,0.00110132029,0.7983388233605562,0.8099462982156307
159.6,0.001102028385,0.7983177055747387,0.8102489529686923
159.7,0.00110274308,0.7982941561962075,0.8105383627671262
159.8,0.001103463695,0.7982768523038715,0.8108151810622046
159.9,0.00110419061,0.798267597171914,0.8110766746683188
160.0,0.00110492429,0.7982686338974897,0.8113206570369821
160.1,0.001105664065,0.7982809049583945,0.8115448096728156
160.2,0.001106409585,0.798300326284179,0.8117477816909787
160.3,0.001107160635,0.7983229080521731,0.8119295919410272
160.4,0.001107916975,0.7983405198205892,0.8120916667060261
160.5,0.001108677835,0.798348373802223,0.8122377256316766
160.6,0.00110944332,0.7983410978736373,0.8123699489832809
160.7,0.00111021244,0.7983160970793001,0.8124915788844574
160.8,0.00111098564,0.7982720833662232,0.8126022194945315
160.9,0.00111176225,0.7982106903625868,0.8127025116984046
161.0,0.001112541955,0.7981360775370642,0.8127923486819266
161.1,0.001113324155,0.7980533091370127,0.8128748343386393
161.2,0.001114108555,0.7979673048965279,0.8129528275178575
161.3,0.00111489473,0.7978816148153086,0.8130291996352661
161.4,0.00111568239,0.7977979479197582,0.81310577909779
161.5,0.001116471125,0.7977168885461102,0.8131830057284005
161.6,0.001117260765,0.7976382921811027,0.813259453244033
161.7,0.00111805175,0.7975595764355745,0.813332331910411
161.8,0.001118843365,0.7974791516636426,0.8134017045593877
161.9,0.00111963589,0.7973964272458881,0.8134677848192632
162.0,0.00112042971,0.7973085757489232,0.8135305098581848
162.1,0.00112122448,0.7972179722167937,0.8135904514460153
162.2,0.001122020825,0.797125175852992,0.8136470943615595
162.3,0.001122818985,0.7970303940026332,0.8137001872774051
162.4,0.00112361898,0.7969349587010023,0.8137497616094788
162.5,0.00112442121,0.7968417727797116,0.813795377534809
162.6,0.00112522612,0.7967522750881961,0.8138372675312519
162.7,0.0011260339,0.7966696889005186,0.8138753938996958
162.8,0.001126844765,0.7965967222695464,0.8139078214190661
162.9,0.00112765947,0.7965350402393856,0.8139322881426524
163.0,0.001128477775,0.7964859308630248,0.8139460923007723
163.1,0.001129299735,0.7964496329015053,0.8139480463714028
163.2,0.001130125525,0.7964270008680288,0.8139385336288477
163.3,0.00113095578,0.7964155026389167,0.8139196715065555
163.4,0.001131790375,0.7964152136123925,0.8138942937210998
163.5,0.00113262904,0.7964249713991745,0.8138640213342899
163.6,0.00113347218,0.7964438775037638,0.8138289548770905
163.7,0.00113431987,0.7964710082979202,0.8137883529336356
163.8,0.00113517163,0.7965053710383653,0.8137404373624829
163.9,0.00113602781,0.7965442262563048,0.8136847997565879
164.0,0.00113688823,0.7965845328900504,0.8136224642751554
164.1,0.001137752755,0.7966237273999965,0.8135565976435801
164.2,0.00113862126,0.7966569277511596,0.8134900901271036
164.3,0.001139494005,0.7966812185455573,0.8134259262387469
164.4,0.00114037091,0.7966967317300806,0.8133669962437508
164.5,0.00114125201,0.7967021415526302,0.8133125524430639
164.6,0.001142137435,0.7966979129689185,0.8132602951908643
164.7,0.00114302714,0.7966873635007876,0.8132044565230393
164.8,0.001143921425,0.7966699653606721,0.8131392307763654
164.9,0.001144819475,0.7966507513800027,0.8130606469777285
165.0,0.00114572114,0.7966301048330833,0.8129640492868161
165.1,0.00114662637,0.796611588285983,0.8128486648718349
165.2,0.00114753451,0.7965974071367449,0.8127166237326046
165.3,0.00114844484,0.7965898296152644,0.8125749630366689
165.4,0.001149357365,0.7965886106773147,0.812430085349856
165.5,0.001150271385,0.796596408110281,0.8122857731497206
165.6,0.00115118684,0.7966124930646673,0.8121391738701336
165.7,0.00115210313,0.79663555863793,0.8119858327327117
165.8,0.001153020055,0.7966650581929472,0.8118210310652898
165.9,0.001153937545,0.7967001749156291,0.8116434556821384
166.0,0.00115485539,0.7967385588946706,0.8114610108303737
166.1,0.00115577333,0.7967785325195947,0.8112857665089711
166.2,0.00115669097,0.7968199324275838,0.8111198024522673
166.3,0.00115760836,0.7968610307426781,0.8109556793688585
166.4,0.001158525755,0.796901733217098,0.8107867433655044
166.5,0.00115944278,0.796942599054336,0.8106104497521556
166.6,0.001160359405,0.7969844450684818,0.8104279986172056
166.7,0.001161275635,0.7970272712595354,0.8102440897832645
166.8,0.00116219118,0.7970712347071298,0.8100676076743565
166.9,0.001163106315,0.797115462048507,0.8099035851219124
167.0,0.001164020605,0.7971615806286617,0.8097530400019525
167.1,0.0011649344,0.7972084343414974,0.8096108955007482
167.2,0.001165848495,0.7972546848685435,0.8094704788755033
167.3,0.00116676257,0.7973012181389285,0.8093251487993484
167.4,0.0011676771,0.7973463502589899,0.8091700546532259
167.5,0.00116859186,0.7973892895473793,0.8090042036938575
167.6,0.001169507375,0.7974298349421665,0.808828940522899
167.7,0.00117042363,0.7974682063548374,0.8086460935472748
167.8,0.001171340315,0.7975044666172451,0.8084561591386241
167.9,0.00117225761,0.797537742366632,0.8082597718986628
168.0,0.001173175475,0.7975692085586503,0.8080608085527258
168.1,0.001174093485,0.7975990976711566,0.8078666141444366
168.2,0.0011750118,0.797627434836892,0.8076810025672773
168.3,0.00117593062,0.7976549489053522,0.807500015414504
168.4,0.0011768498,0.797682274478253,0.8073181611821583
168.5,0.001177769205,0.797709091113144,0.8071293137645658
168.6,0.001178689105,0.7977359957126294,0.8069300739584752
168.7,0.00117960889,0.7977641318164349,0.8067175012331625
168.8,0.001180528405,0.7977958681854216,0.8064899368277071
168.9,0.00118144807,0.7978305262355758,0.8062470351669169
169.0,0.001182366615,0.7978707260551713,0.8059939044804465
169.1,0.00118328436,0.7979139543700846,0.8057397496347711
169.2,0.00118420112,0.7979630574632601,0.8054972249650992
169.3,0.001185116745,0.798016684449857,0.8052743352495123
169.4,0.001186030655,0.7980767831173202,0.8050727957975993
169.5,0.00118694347,0.7981413428463515,0.8048872156363664
169.6,0.001187854685,0.7982097353184201,0.8047102120230779
169.7,0.00118876463,0.798281916551229,0.8045336042504637
169.8,0.001189673035,0.7983575661023274,0.8043488283369502
169.9,0.001190580075,0.7984325999012658,0.8041479674690503
170.0,0.001191485215,0.7985049947623751,0.8039281313815226
170.1,0.00119238821,0.7985759193581226,0.803693096268737
170.2,0.001193289145,0.798642200679928,0.8034498553159402
170.3,0.00119418746,0.7987054597896006,0.8032066960445523
170.4,0.00119508365,0.798763227395315,0.8029635807554616
170.5,0.00119597768,0.798816634470426,0.8027172296259377
170.6,0.00119686983,0.7988672895103724,0.8024620003555747
170.7,0.001197760255,0.7989153244620458,0.802191760555513
170.8,0.001198649185,0.7989623101217728,0.8019002898722982
170.9,0.00119953684,0.7990093900292796,0.8015832466248832
171.0,0.001200423115,0.7990559924147029,0.8012500178921169
171.1,0.0012013078,0.7991052463043259,0.8009294749104859
171.2,0.00120219056,0.7991551724947769,0.8006521288278418
171.3,0.001203071925,0.7992040682428372,0.8004197200865144
171.4,0.00120395252,0.7992497344336498,0.8002061923170353
171.5,0.001204832645,0.799289890270948,0.7999801610087949
171.6,0.001205713115,0.7993233922150058,0.7997206340396816
171.7,0.001206593405,0.7993487448677203,0.799424155657777
171.8,0.00120747371,0.7993654958397493,0.7991084632952032
171.9,0.001208354115,0.7993723884940312,0.7987996447373552
172.0,0.001209234435,0.7993716407949797,0.798526470689755
172.1,0.001210114855,0.799364427698247,0.7982951049571888
172.2,0.00121099609,0.7993529483186907,0.7980908197532964
172.3,0.001211878135,0.799342172655889,0.7979047243708683
172.4,0.0012127615,0.7993328546920785,0.7977309314652719
172.5,0.00121364619,0.7993290093826705,0.7975618886477676
172.6,0.00121453228,0.7993324274354777,0.7973934678656085
172.7,0.00121541998,0.7993430774345733,0.7972276357557961
172.8,0.00121630935,0.7993620149550892,0.797068558070189
172.9,0.001217200645,0.7993879456608518,0.7969161908264899
173.0,0.001218093705,0.7994200150386597,0.7967686616354773
173.1,0.001218989045,0.7994555841506836,0.7966264480192345
173.2,0.001219886865,0.7994925983953283,0.7964900651989569
173.3,0.001220787415,0.7995299959142765,0.7963598084843538
173.4,0.0012216905,0.7995658289200834,0.7962342390259899
173.5,0.001222596135,0.7995989538730228,0.7961125462929604
173.6,0.001223504765,0.7996279507732154,0.7959938380729518
173.7,0.00122441651,0.799651299089817,0.7958787112685682
173.8,0.001225331595,0.7996690428051245,0.7957686172956159
173.9,0.00122624974,0.7996822500606401,0.7956635373045386
174.0,0.001227171485,0.799689997228124,0.7955625916493935
174.1,0.001228096955,0.7996929377588478,0.7954652839585413
174.2,0.001229026265,0.7996924539535789,0.7953709607807099
174.3,0.001229959505,0.7996883824494999,0.7952797666291616
174.4,0.001230896955,0.7996826898836117,0.7951914690260397
174.5,0.00123183861,0.7996765386451958,0.7951054773519256
174.6,0.00123278428,0.7996714241323559,0.7950215151466657
174.7,0.00123373446,0.799667277230053,0.7949402986933851
174.8,0.001234689095,0.7996643555488853,0.7948634804698195
174.9,0.00123564848,0.7996637900622077,0.7947924741926632
175.0,0.001236612995,0.7996630360799707,0.7947280275609673
175.1,0.0012375821,0.7996636392657602,0.794671504025944
175.2,0.001238556115,0.7996665106814457,0.794622759074331
175.3,0.001239534825,0.7996720336013308,0.7945813654495273
175.4,0.001240518745,0.799680836343946,0.7945462550100307
175.5,0.001241507875,0.7996938990861997,0.7945162213842624
175.6,0.00124250228,0.7997114480227625,0.7944912331562958
175.7,0.001243502235,0.7997363294365791,0.7944699017421778
175.8,0.001244507315,0.7997716409380053,0.7944502416553517
175.9,0.00124551844,0.7998186642968443,0.7944299909491066
176.0,0.00124653578,0.799875357477871,0.7944073777651861
176.1,0.001247558965,0.7999439761446107,0.7943817360859474
176.2,0.0012485878,0.8000227861379187,0.7943531538759852
176.3,0.00124962285,0.8001088092279592,0.7943200791885281
176.4,0.00125066415,0.8002000410786194,0.7942809789263615
176.5,0.001251711455,0.8002962554952284,0.7942336916737397
176.6,0.001252764725,0.8003962398230214,0.7941777776076911
176.7,0.00125382411,0.8004975938852116,0.7941128660202827
176.8,0.00125488906,0.800601857062199,0.7940406659379179
176.9,0.00125596043,0.8007048761684955,0.7939614915198622
177.0,0.001257037695,0.8008091958941506,0.7938773094031165
177.1,0.00125812103,0.8009132391596522,0.7937876232160418
177.2,0.001259210545,0.8010182814516176,0.7936909878260173
177.3,0.001260306425,0.8011237510001838,0.7935862973924293
177.4,0.001261408635,0.8012274109913817,0.7934708627119657
177.5,0.00126251727,0.8013301222215982,0.7933437098909042
177.6,0.0012636322,0.8014339769915405,0.7932063280441629
177.7,0.001264754005,0.8015400937081936,0.7930598732778378
177.8,0.00126588217,0.8016521606013324,0.7929059917864796
177.9,0.001267017405,0.80177156625491,0.7927425033047869
178.0,0.00126815949,0.801897833146843,0.7925662348241792
178.1,0.001269308755,0.8020309675603169,0.792375697229739
178.2,0.001270465085,0.8021700458670913,0.7921742834415321
178.3,0.00127162885,0.8023132647929831,0.7919671205387689
178.4,0.001272799745,0.8024644759305858,0.7917604602908306
178.5,0.001273978015,0.8026232206073717,0.7915544220782376
178.6,0.00127516352,0.80279132094708,0.7913451794411378
178.7,0.001276356405,0.8029716232326547,0.7911264994597067
178.8,0.00127755643,0.803165616579014,0.7908948886829135
178.9,0.00127876338,0.8033710327562616,0.7906572774641518
179.0,0.001279977175,0.8035884184015194,0.7904298889878851
179.1,0.00128119738,0.8038162404175725,0.7902199866163281
179.2,0.00128242415,0.8040530159726881,0.7900197163678471
179.3,0.00128365726,0.8043006614383854,0.7898190439955064
179.4,0.001284897275,0.8045589506199928,0.7896137911810768
179.5,0.00128614413,0.8048287568802686,0.789407533056998
179.6,0.001287397225,0.8051090497768219,0.789205566348484
179.7,0.00128865714,0.8053977495753161,0.7890075957458254
179.8,0.00128992376,0.8056904957451483,0.7888115792137972
179.9,0.00129119704,0.8059834618264661,0.7886153050711716
180.0,0.001292477305,0.806275058173387,0.7884184277427565
180.1,0.001293763685,0.8065654984142112,0.7882242082017262
180.2,0.00129505635,0.8068556244957703,0.788036328394671
180.3,0.00129635544,0.8071469820816495,0.787856780091333
180.4,0.001297660645,0.807444358959053,0.7876838479821235
180.5,0.001298972115,0.8077463916767692,0.7875114939259621
180.6,0.0013002904,0.8080504852792659,0.7873369219053876
180.7,0.001301614755,0.8083546040145041,0.7871614513893139
180.8,0.001302945025,0.8086539789448354,0.7869881799880979
180.9,0.00130428143,0.8089463858226608,0.7868190743387404
181.0,0.00130562336,0.8092285322588797,0.7866527458572888
181.1,0.001306971215,0.8095026802002026,0.786488767287142
181.2,0.001308324565,0.8097725178764048,0.7863296267696817
181.3,0.001309683465,0.8100397920130016,0.7861799487292942
181.4,0.00131104804,0.8103083165034745,0.7860410966171908
181.5,0.00131241803,0.8105792474539201,0.7859137615837554
181.6,0.001313792815,0.8108539671651059,0.7857990997350847
181.7,0.00131517266,0.8111332233360835,0.7856996494780427
181.8,0.001316556795,0.8114138366750875,0.7856153668303323
181.9,0.001317945485,0.8116957946157471,0.7855453847123808
182.0,0.0013193382,0.8119767472467577,0.7854884841862391
182.1,0.00132073468,0.8122562358955916,0.7854440871988585
182.2,0.00132213422,0.8125361706505824,0.7854150714491099
182.3,0.00132353673,0.8128144529278374,0.78540382454741
182.4,0.00132494196,0.8130918681255199,0.7854093726000363
182.5,0.00132635042,0.813367329252572,0.7854282410055138
182.6,0.001327761345,0.8136415463089332,0.7854588212684038
182.7,0.001329174785,0.8139134071708043,0.7854987383446603
182.8,0.00133059111,0.8141816363515679,0.785547659225462
182.9,0.00133200975,0.8144454798689869,0.7856075882469219
183.0,0.001333430315,0.8147024181657533,0.785677934789621
183.1,0.001334852935,0.8149524386754967,0.7857580454022876
183.2,0.00133627714,0.8151972881237322,0.7858475996424708
183.3,0.00133770343,0.8154335861567645,0.7859458560943045
183.4,0.001339131525,0.8156635695885632,0.7860522052888138
183.5,0.00134056112,0.815886987091716,0.786166590677331
183.6,0.00134199212,0.8161035873388103,0.7862888865961499
183.7,0.001343424145,0.8163126791794626,0.7864183076471073
183.8,0.00134485774,0.8165134960650655,0.7865551240071711
183.9,0.0013462922,0.8167060568451746,0.786698833021517
184.0,0.00134772758,0.8168876346173668,0.7868484796459779
184.1,0.001349163595,0.8170607300893942,0.7870042523761137
184.2,0.001350600015,0.817227020871734,0.7871665784685246
184.3,0.001352036645,0.8173887437783555,0.7873349050029038
184.4,0.001353472835,0.8175494488089572,0.7875103378198657
184.5,0.001354908075,0.8177114104766204,0.7876911113443387
184.6,0.00135634231,0.8178762498431543,0.7878748819482029
184.7,0.00135777434,0.818049389297479,0.7880611909589315
184.8,0.001359204125,0.8182315074236076,0.7882463689963045
184.9,0.001360630475,0.8184217120092265,0.7884283928746536
185.0,0.00136205294,0.8186220073904489,0.788605597549872
185.1,0.00136347083,0.8188312751602896,0.7887793464731714
185.2,0.001364883745,0.8190478377082723,0.7889508962816134
185.3,0.001366290865,0.8192720280432176,0.7891223204263491
185.4,0.0013676916,0.8195021371387226,0.7892940712967209
185.5,0.001369086435,0.8197386550832407,0.7894637047336442
185.6,0.001370474485,0.8199822541776001,0.789629832153166
185.7,0.001371855905,0.8202332988465485,0.7897922399269859
185.8,0.001373230105,0.8204938876739784,0.7899512233648135
185.9,0.001374597405,0.8207632415449119,0.7901061290153768
186.0,0.001375957335,0.821045023556383,0.790256372542442
186.1,0.00137731064,0.8213378828235507,0.7903988500524676
186.2,0.001378656655,0.8216483852750608,0.7905345417223615
186.3,0.00137999583,0.8219762481675746,0.7906644968440698
186.4,0.001381328105,0.8223222694656265,0.7907903490457727
186.5,0.001382653275,0.8226870460718201,0.7909159436368779
186.6,0.001383971685,0.8230732923222083,0.7910467281390469
186.7,0.00138528401,0.823479123261199,0.791187502905854
186.8,0.00138659014,0.8239098984458592,0.7913412775830622
186.9,0.00138789049,0.8243623569030145,0.7915066447371618
187.0,0.0013891862,0.8248349529690793,0.7916816565807079
187.1,0.001390477595,0.8253220694763892,0.7918650313438979
187.2,0.00139176586,0.8258227450975917,0.792054092389791
187.3,0.00139305162,0.8263334298329886,0.7922434361790227
187.4,0.001394335405,0.8268537089923498,0.7924279858978652
187.5,0.001395618135,0.8273798754963435,0.7925999189806109
187.6,0.00139690142,0.8279111313804361,0.7927549628612509
187.7,0.001398185625,0.8284509512461024,0.792897471787203
187.8,0.00139947123,0.8289995424384576,0.7930447999162858
187.9,0.001400758435,0.8295593302670302,0.7932135851231926
188.0,0.00140204828,0.8301293848203947,0.7934054421865474
188.1,0.001403341195,0.8307052576033536,0.7936186180976493
188.2,0.001404637675,0.8312829022445691,0.7938447499368548
188.3,0.00140593886,0.8318561423728844,0.7940710954043606
188.4,0.001407244445,0.8324266053332938,0.7942901963592072
188.5,0.001408555715,0.8329950828071461,0.7945018643058355
188.6,0.00140987326,0.8335623727589756,0.7947050750850403
188.7,0.00141119662,0.8341330242149442,0.7948957634759279
188.8,0.00141252637,0.8347070685909788,0.7950650827535858
188.9,0.00141386183,0.8352838461526219,0.795210475661594
189.0,0.001415202575,0.8358553269890511,0.7953368179517507
189.1,0.00141654922,0.8364105846410171,0.7954565503309642
189.2,0.00141790166,0.8369449318522809,0.7955860090810334
189.3,0.00141926025,0.837455698269087,0.7957315653518594
189.4,0.00142062479,0.8379430221215116,0.795889706842856
189.5,0.00142199661,0.838412294382549,0.7960508077141321
189.6,0.00142337665,0.8388731031929777,0.7962070830990923
189.7,0.00142476572,0.8393287912073808,0.796352450874359
189.8,0.001426163705,0.8397855850623981,0.7964863015709579
189.9,0.001427570155,0.8402447225455348,0.7966097096135762
190.0,0.00142898471,0.8407023332146422,0.7967250940285573
190.1,0.001430406345,0.8411560797247853,0.7968344277360875
190.2,0.00143183507,0.8415982023421104,0.7969381819750649
190.3,0.00143327013,0.84202640770398,0.7970392847098428
190.4,0.00143471124,0.8424406204121705,0.7971442139044727
190.5,0.001436158095,0.8428453140946207,0.7972555582313012
190.6,0.00143760936,0.8432434983970925,0.7973616183992864
190.7,0.001439064335,0.8436398605758254,0.7974376700742446
190.8,0.00144052188,0.8440369453208685,0.7974723595403254
190.9,0.001441981805,0.8444338855526495,0.7974802889201831
191.0,0.001443443355,0.8448290790589152,0.7974805276812248
191.1,0.00144490659,0.8452228776980427,0.7974987552018009
191.2,0.0014463705,0.8456115304084036,0.7975792302392153
191.3,0.001447836925,0.845991355243408,0.7977021544765649
191.4,0.00144930623,0.8463628108755831,0.7978322666779061
191.5,0.001450778425,0.8467241191634872,0.797977270028425
191.6,0.00145225376,0.8470754120540115,0.7981233352372611
191.7,0.001453732105,0.8474173178656871,0.7982495204477852
191.8,0.00145521331,0.8477485234127843,0.7983723755700965
191.9,0.00145669705,0.8480712152437904,0.7985012437007467
192.0,0.001458183,0.8483832319429597,0.798620435726024
192.1,0.00145967035,0.8486868668729293,0.7987255345666572
192.2,0.001461158595,0.8489842625998886,0.7988064745597842
192.3,0.001462647185,0.8492711968233115,0.7988572175643249
192.4,0.001464135985,0.8495452065345577,0.798878492429775
192.5,0.00146562419,0.8498047272204853,0.79887460313807
192.6,0.0014671103,0.8500512228632713,0.7988517574762931
192.7,0.001468594195,0.8502829718701413,0.7988139264175586
192.8,0.001470074695,0.8505012183117864,0.7987628755369376
192.9,0.001471551485,0.8507053715687872,0.7987019223562728
193.0,0.00147302393,0.8508970966852504,0.7986365897954486
193.1,0.00147449176,0.8510746280861047,0.7985714080310721
193.2,0.001475954865,0.8512356786918983,0.7985128361776385
193.3,0.001477412265,0.8513807888565676,0.7984649268896712
193.4,0.001478864325,0.8515066850405676,0.7984260905212875
193.5,0.00148031105,0.8516090129964804,0.7983957490194391
193.6,0.00148175236,0.8516857369722665,0.7983715587560065
193.7,0.00148318846,0.8517360338706504,0.7983522065452604
193.8,0.00148461975,0.8517575789130687,0.7983360524758356
193.9,0.00148604617,0.8517544687363415,0.7983200366364877
194.0,0.001487467125,0.8517328482956996,0.7983040773458074
194.1,0.001488883775,0.8516945962635496,0.7982857932765636
194.2,0.001490295645,0.851642081400752,0.7982677102692495
194.3,0.001491702325,0.851574926716189,0.7982486910673248
194.4,0.00149310436,0.8514938610593558,0.7982218492996924
194.5,0.0014945013,0.851405236730598,0.7981770941707492
194.6,0.0014958931,0.851314073994976,0.7981068167430885
194.7,0.00149727962,0.8512271775421778,0.7980129773705258
194.8,0.00149866023,0.8511381887886722,0.7979082241050846
194.9,0.00150003541,0.8510406800358902,0.7978036467688318
195.0,0.001501404735,0.8509291032312052,0.797704692883429
195.1,0.001502768215,0.8508039924453685,0.7976137751920341
195.2,0.00150412727,0.8506668179437422,0.7975317105087372
195.3,0.001505481875,0.8505218460091497,0.7974549614002099
195.4,0.001506832135,0.8503719669068324,0.7973778541501201
195.5,0.001508178025,0.8502165460350738,0.7973011176079636
195.6,0.001509520165,0.8500537549869501,0.7972259267293926
195.7,0.00151085867,0.8498833424350489,0.7971604433721211
195.8,0.001512194105,0.8497082049277965,0.7971033355008642
195.9,0.00151352575,0.8495322694560101,0.797044587718242
196.0,0.00151485436,0.849354229117146,0.796967637547785
196.1,0.00151618085,0.8491746431146961,0.7968608799462308
196.2,0.001517505165,0.8489992605632167,0.7967355052666112
196.3,0.001518828025,0.8488302931439361,0.7966234195239165
196.4,0.001520149945,0.8486691859894747,0.7965641753696551
196.5,0.001521472015,0.8485189864447067,0.7965813410319142
196.6,0.00152279508,0.8483778661027074,0.7966449394335936
196.7,0.001524119265,0.8482485769986416,0.7967171709318849
196.8,0.00152544524,0.8481315589554808,0.796788478801936
196.9,0.001526773585,0.8480267805572981,0.7968895564039726
197.0,0.00152810541,0.8479325327776904,0.7970277739143601
197.1,0.00152944046,0.847854225439207,0.7971870715114528
197.2,0.00153078044,0.8477927067718645,0.7973410346842201
197.3,0.00153212597,0.8477506471294182,0.7974769776815261
197.4,0.001533476835,0.8477303335913201,0.7975887743976969
197.5,0.001534833145,0.8477324258920274,0.7976743765143218
197.6,0.001536195655,0.8477565784563482,0.7977359894294441
197.7,0.001537563475,0.8478052040274405,0.7977823404874551
197.8,0.001538936305,0.8478778125168502,0.797822571722977
197.9,0.001540314195,0.8479750636590346,0.7978653350821778
198.0,0.001541697955,0.8480920628526396,0.7979184279980234
198.1,0.001543086995,0.8482297023099789,0.7979893651601414
198.2,0.001544481595,0.8483865620311725,0.7980795728515966
198.3,0.001545881815,0.8485642379452889,0.7981855827540993
198.4,0.001547287515,0.848761787574532,0.7983079415047712
198.5,0.001548700205,0.8489756106537206,0.7984441358294897
198.6,0.001550118755,0.8492103378904261,0.7985950265246418
198.7,0.0015515442,0.8494582032676092,0.7987558949180613
198.8,0.00155297543,0.8497200235993594,0.7989263577354452
198.9,0.001554413345,0.8499942972043883,0.799101055419726
199.0,0.00155585741,0.8502837321355635,0.7992792151391112
199.1,0.00155730852,0.8505802105174681,0.7994561370709907
199.2,0.001558765365,0.8508868865091264,0.7996365210379744
199.3,0.001560228905,0.8511982686065794,0.7998139707574199
199.4,0.001561697635,0.8515176114998169,0.7999887438399242
199.5,0.001563171725,0.8518358925347373,0.8001576547105372
199.6,0.001564650825,0.8521499826850579,0.8003187241658868
199.7,0.0015661341,0.8524598191189255,0.800468923710655
199.8,0.001567621045,0.8527613994472996,0.8006041504248361
199.9,0.00156911099,0.8530537057941603,0.800724379175689
200.0,0.001570603935,0.8533337285137453,0.8008310299630931
200.1,0.00157209912,0.8536006822078913,0.8009272695124431
200.2,0.00157359663,0.8538548684694934,0.8010141282661295
200.3,0.001575095105,0.854097449687833,0.8010944336575406
200.4,0.001576595095,0.8543284572788368,0.8011685124123122
200.5,0.001578096385,0.8545438511543522,0.8012380484241067
200.6,0.00157959815,0.8547457613141984,0.8013058628431272
200.7,0.001581100315,0.8549357271387756,0.8013702403597845
200.8,0.001582602945,0.8551152126102606,0.8014272414168913
200.9,0.00158410492,0.8552877111796838,0.801476369642808
201.0,0.001585606505,0.8554520227586518,0.8015127869848485
201.1,0.00158710754,0.8556062121260901,0.8015355195492899
201.2,0.001588608185,0.8557468737955619,0.8015445359202057
201.3,0.00159010781,0.8558774760853569,0.8015428897256552
201.4,0.0015916066,0.855996360234554,0.801530857425792
201.5,0.00159310401,0.8561016915530436,0.8015121272503912
201.6,0.001594599965,0.8561892477402991,0.8014908775176823
201.7,0.001596094735,0.8562584193273459,0.8014695900858617
201.8,0.001597587685,0.8563103058716127,0.8014538318571112
201.9,0.001599079345,0.8563436947183349,0.8014473538930595
202.0,0.001600569615,0.85635770622157,0.8014541648659325
202.1,0.00160205806,0.8563590131241139,0.801475446014568
202.2,0.001603545325,0.856349852239936,0.8015052785784065
202.3,0.001605031155,0.8563336667545847,0.8015277158331383
202.4,0.001606515185,0.8563110221547376,0.8015169150375954
202.5,0.001607996705,0.8562824964934431,0.8014658453074186
202.6,0.0016094762,0.8562442381781076,0.8013979931892864
202.7,0.00161095298,0.8561927034922182,0.8013390631942903
202.8,0.001612425865,0.8561307764178306,0.8012906701010545
202.9,0.00161389614,0.8560580862470117,0.801238463114337
203.0,0.001615363145,0.855974306254126,0.8011744248896863
203.1,0.001616826785,0.855883633606958,0.8010957342768993
203.2,0.0016182867,0.8557864767125531,0.8010027996830207
203.3,0.001619742885,0.8556806930047213,0.8008941885418007
203.4,0.00162119499,0.8555624371740549,0.8007720936849118
203.5,0.001622642855,0.8554300693091886,0.8006391037846998
203.6,0.001624087475,0.8552835265782693,0.8004943266288518
203.7,0.001625528005,0.8551290167683804,0.8003420599161177
203.8,0.00162696445,0.8549657921804705,0.8001877951504558
203.9,0.00162839749,0.8547936203366832,0.8000405235700409
204.0,0.00162982697,0.8546150961925503,0.7999048695992588
204.1,0.00163125379,0.8544286740844863,0.799773965716569
204.2,0.001632678925,0.8542319035702214,0.7996426534268343
204.3,0.00163410079,0.8540260350036315,0.7995107379513101
204.4,0.00163552098,0.8538084734291852,0.7993817253073977
204.5,0.00163693957,0.8535804126520904,0.7992607614238638
204.6,0.00163835676,0.8533415008139702,0.799152885415325
204.7,0.001639772225,0.85309379251642,0.7990607739187218
204.8,0.001641187085,0.8528347619189462,0.7989750335720199
204.9,0.001642600815,0.8525640131808746,0.7988918379153676
205.0,0.001644013865,0.8522868807265308,0.7988106340284576
205.1,0.001645427155,0.8520101001305642,0.7987243784605605
205.2,0.001646840675,0.8517352170565604,0.7986304636897742
205.3,0.001648254055,0.8514682884951554,0.798546269006658
205.4,0.00164966708,0.8512140142689593,0.7984816967112561
205.5,0.001651079025,0.8509797708375223,0.7984457506081136
205.6,0.00165249008,0.8507652126256526,0.7984397061838482
205.7,0.00165390006,0.8505703773324623,0.7984642294561021
205.8,0.001655307715,0.8503921610644095,0.7985227384776826
205.9,0.00165671432,0.8502286662995314,0.7986192419208156
206.0,0.00165811968,0.850081262772225,0.7987485373080667
206.1,0.00165952478,0.8499526648185429,0.7988936600391066
206.2,0.001660928745,0.8498432934119009,0.7990284594966869
206.3,0.001662331285,0.849754461738028,0.7991246613469251
206.4,0.00166373207,0.8496780330719514,0.799182359837601
206.5,0.00166512973,0.8496193167052559,0.7992352265587755
206.6,0.00166652462,0.8495724944083468,0.799288256642768
206.7,0.0016679156,0.849539444853631,0.7993259683209818
206.8,0.001669302975,0.8495177364483947,0.7993235430114533
206.9,0.00167068547,0.849512835563855,0.7992720083255638
207.0,0.00167206226,0.8495242960938554,0.799163604529459
207.1,0.001673432705,0.8495562335247717,0.7990127703829749
207.2,0.0016747962,0.8496057010426953,0.798848955175646
207.3,0.001676151455,0.8496713289132287,0.7986958465160806
207.4,0.00167749915,0.8497487691721397,0.7985650871466531
207.5,0.001678839075,0.8498296651829697,0.7984689858273796
207.6,0.00168017014,0.849920287564655,0.7984004928243461
207.7,0.001681492375,0.8500210133083144,0.7983537961911432
207.8,0.001682805255,0.8501301459539149,0.7983334261043772
207.9,0.001684108365,0.8502474404572293,0.7983283555738344
208.0,0.00168540241,0.8503766101807744,0.7983145137166027
208.1,0.001686686455,0.850517598575882,0.7982783414187892
208.2,0.00168795891,0.8506677478551677,0.7982143283268797
208.3,0.00168921993,0.8508293513812684,0.7981259867414607
208.4,0.00169046916,0.8510084410120791,0.798017582945356
208.5,0.00169170719,0.8511964276332845,0.7978898897703582
208.6,0.001692932875,0.8513974455808171,0.7977547510207714
208.7,0.001694147535,0.8516073165364475,0.7976227915629499
208.8,0.001695350775,0.8518247021817053,0.7975025439625413
208.9,0.001696542435,0.8520537431357078,0.7973811591055917
209.0,0.00169772401,0.8522840532931426,0.7972395298255827
209.1,0.00169889405,0.8525144137160597,0.797081281520436
209.2,0.00170005345,0.8527446987407531,0.7969176736582223
209.3,0.001701201365,0.8529737836770528,0.7967474684514362
209.4,0.0017023388,0.8531941349857756,0.7965488129815791
209.5,0.001703465695,0.8534043766493392,0.7963131369838922
209.6,0.00170458276,0.8536049233579737,0.7960641343501685
209.7,0.001705690045,0.853793519448154,0.7958311035734958
209.8,0.001706788005,0.8539691721766016,0.7956173056270486
209.9,0.001707876415,0.8541262141101693,0.7954236138735841
210.0,0.001708955945,0.8542654809125029,0.7952612375156907
210.1,0.001710026895,0.8543890586011245,0.7951317850488068
210.2,0.001711091025,0.854499297087339,0.7950228848810627
210.3,0.00171214746,0.8546008899105707,0.7949342354195638
210.4,0.00171319701,0.8546845128238241,0.7948723334779174
210.5,0.001714239865,0.8547451141461118,0.7948458624182182
210.6,0.001715276335,0.8547819650279384,0.7948415584362828
210.7,0.00171630748,0.8547997275928017,0.7948361360473628
210.8,0.00171733377,0.8547942486552139,0.794821577907006
210.9,0.00171835486,0.8547751226391388,0.7948121782617864
211.0,0.001719371355,0.8547428584825865,0.7948214333937439
211.1,0.00172038312,0.8547083072465823,0.7948447000289365
211.2,0.00172139114,0.8546725307894433,0.7948666409120291
211.3,0.001722395815,0.8546265567225506,0.7948785663977421
211.4,0.001723396995,0.8545698698247093,0.7948833479017609
211.5,0.00172439535,0.8545003149633588,0.7948718559558341
211.6,0.00172539018,0.8544202043506922,0.7948401321532181
211.7,0.00172638179,0.854326930464807,0.7948341945431028
211.8,0.00172737018,0.8542208514472659,0.794883900822068
211.9,0.001728356035,0.8541073142887653,0.7949459849760881
212.0,0.001729340275,0.8539959134132689,0.7949871649725915
212.1,0.00173032284,0.853878323600245,0.7950092566521314
212.2,0.001731303575,0.8537586037874021,0.795025448420668
212.3,0.00173228244,0.8536408317620043,0.7950479108081412
212.4,0.00173326008,0.8535130883215241,0.7950773412481201
212.5,0.00173423628,0.8533700453248207,0.7951156435457526
212.6,0.00173521283,0.8532116839223386,0.7951598080552769
212.7,0.001736186805,0.8530439480073781,0.7952170730061665
212.8,0.0017371594,0.852866115013629,0.7952745264526153
212.9,0.00173813072,0.852687628568608,0.7953362336155171
213.0,0.001739101365,0.8525066225662787,0.7953941520176787
213.1,0.001740071,0.8523273255903531,0.795424411838118
213.2,0.00174104041,0.8521480788799098,0.7954058701582765
213.3,0.00174200926,0.8519727842930248,0.7953542035254956
213.4,0.00174297774,0.8518022272278615,0.7952901778672155
213.5,0.001743947185,0.851637928215264,0.7952195045988804
213.6,0.00174491683,0.8514867861926998,0.7951463243396075
213.7,0.00174588847,0.8513425556739735,0.7950660629304938
213.8,0.001746862375,0.851212763915083,0.7949786512565002
213.9,0.001747838535,0.8510992204733971,0.7948931245380989
214.0,0.001748818285,0.8509966097741456,0.7948268557826641
214.1,0.001749801245,0.8508985920833535,0.7947964200330361
214.2,0.001750788105,0.8508133732410323,0.794797664103727
214.3,0.00175177911,0.850743208910707,0.7948216030397472
214.4,0.00175277463,0.8506872634287318,0.7948637694963436
214.5,0.00175377483,0.8506460897154139,0.7949156497574251
214.6,0.00175478032,0.8506188583902926,0.7949656324965437
214.7,0.00175579091,0.8506047023737955,0.7950080879796644
214.8,0.00175680633,0.8506091445858076,0.7950339998358711
214.9,0.00175782693,0.8506259583896897,0.7950436947908001
215.0,0.001758853225,0.8506596362629362,0.7950498460292159
215.1,0.0017598834,0.8507231529832063,0.7950655225765573
215.2,0.00176091842,0.8508025598791186,0.7950810797433778
215.3,0.00176195834,0.8508955384552943,0.7950823552299952
215.4,0.00176300264,0.8510062733131479,0.7950518000998464
215.5,0.001764051275,0.8511303536565943,0.7949830809021416
215.6,0.00176510481,0.8512636451497007,0.7948692798498581
215.7,0.00176616308,0.8514133420396442,0.7947174906592073
215.8,0.00176722414,0.8515793123795334,0.7945538702306231
215.9,0.0017682892,0.8517493102412045,0.7944164067024725
216.0,0.001769358155,0.8519352234112586,0.7943338079484245
216.1,0.001770429635,0.8521216895016198,0.7943335314882709
216.2,0.00177150438,0.8523120386005008,0.7944195231623848
216.3,0.001772584255,0.8525110459287351,0.794572317662685
216.4,0.001773669515,0.8527040276822597,0.7947504271165875
216.5,0.001774760925,0.8528969214711901,0.7948774605571282
216.6,0.001775858715,0.8530881125169022,0.7948814315302422
216.7,0.00177696286,0.8532687540944838,0.794772443397904
216.8,0.00177807156,0.8534379854075472,0.7946734203974628
216.9,0.00177918343,0.8535994884026831,0.7946991060589984
217.0,0.00178029888,0.8537504042305761,0.794860992328438
217.1,0.001781418525,0.8538948735103441,0.7950773475313054
217.2,0.00178254377,0.8540349131444706,0.7952570717638319
217.3,0.001783673865,0.8541710320709653,0.7953866498944219
217.4,0.001784809055,0.8542968591399269,0.7955086630699021
217.5,0.001785949095,0.8544144363865802,0.7956472073059253
217.6,0.001787094135,0.8545128876171584,0.7957746365871402
217.7,0.001788243595,0.8546051750429502,0.7958590637481128
217.8,0.001789396525,0.8546778400810279,0.79589817657665
217.9,0.00179055241,0.8547382968900534,0.7959053645406414
218.0,0.001791713175,0.8547887006025876,0.7958969199395884
218.1,0.001792877295,0.8548322116608398,0.7958896691437441
218.2,0.001794045615,0.8548556102429238,0.7958948276388812
218.3,0.001795217845,0.8548659774986805,0.7959223856896385
218.4,0.00179639439,0.8548647962598429,0.7959736878976716
218.5,0.001797574375,0.854854328473121,0.7960451779800968
218.6,0.001798757935,0.8548300502450942,0.7961154302750163
218.7,0.00179994341,0.8548017130793587,0.7961713569074356
218.8,0.00180113145,0.8547718679491496,0.7962114122137689
218.9,0.00180232253,0.8547350107841377,0.796228251150392
219.0,0.001803514605,0.8546853170715433,0.7962285527432867
219.1,0.00180470582,0.8546224977848422,0.796211990266817
219.2,0.00180589671,0.8545608157546815,0.7961745047832745
219.3,0.001807085525,0.8545062400071034,0.7961114530187169
219.4,0.001808272255,0.8544400780658188,0.7960167151506552
219.5,0.00180945586,0.8543699011691228,0.7958909383471761
219.6,0.00181063606,0.8542943772817305,0.7957469088903797
219.7,0.00181181174,0.8542315202959174,0.7955836780192844
219.8,0.00181298204,0.8541678464960145,0.7953789592756059
219.9,0.00181414612,0.8541026333157113,0.7951073748738883
220.0,0.001815302995,0.8540376588964498,0.7947661602125967
220.1,0.001816451975,0.853983315626728,0.7943668135208429
220.2,0.00181759343,0.8539231918265237,0.7939216498418293
220.3,0.00181872473,0.8538689679373227,0.7934593016510004
220.4,0.001819845635,0.8538217309501833,0.793042613367799
220.5,0.00182095723,0.8537770952017611,0.7927093029536237
220.6,0.00182205972,0.8537408789216506,0.7923685909471565
220.7,0.0018231523,0.8537172164457837,0.7918643841758113
220.8,0.00182423452,0.8536866298997083,0.7912291101589584
220.9,0.00182530265,0.8536606552116484,0.7906977788766419
221.0,0.001826356385,0.8536364900809571,0.7903945146546056
221.1,0.00182739747,0.8536152843305453,0.7902130374133783
221.2,0.001828427795,0.8535923569873594,0.789981137610061
221.3,0.001829445595,0.8535731995553579,0.7896787216180412
221.4,0.00183045034,0.853557698937205,0.789392296332628
221.5,0.001831438885,0.8535573784947543,0.7891667299801003
221.6,0.001832412745,0.8535601116803629,0.7890277019388083
221.7,0.001833372875,0.8535643842463718,0.7889128955768755
221.8,0.001834318025,0.8535834222978526,0.7888113278863851
221.9,0.00183524896,0.8536137889324422,0.7887665162087741
222.0,0.00183616646,0.8536426727352993,0.7887534974488177
222.1,0.00183707349,0.8536681196357934,0.7887360490432196
222.2,0.00183797248,0.853690814501123,0.7886697488718583
222.3,0.00183886482,0.8537136790124559,0.7885786364017189
222.4,0.001839748945,0.8537344826390078,0.7885053995937784
222.5,0.00184062337,0.8537505047615411,0.7884073253543186
222.6,0.00184148703,0.8537701334324408,0.7882319365196541
222.7,0.001842339265,0.8537981564389107,0.7880134890160794
222.8,0.001843179965,0.8538280581177877,0.7877969641672086
222.9,0.00184401267,0.853860774663682,0.7875085282624973
223.0,0.001844836425,0.853907245102214,0.7871590260797854
223.1,0.0018456508,0.8539522515585695,0.7867774168201538
223.2,0.00184645897,0.853998841377622,0.7863544327852744
223.3,0.001847257975,0.8540453432320806,0.7860537446692142
223.4,0.00184804674,0.8540954265021641,0.7858068594689391
223.5,0.001848827105,0.8541327360565181,0.7854683025950324
223.6,0.00184959719,0.8541719808319468,0.7850398647553064
223.7,0.001850358735,0.8542135755186802,0.7845848113426191
223.8,0.001851107005,0.8542437285249693,0.7842521795124571
223.9,0.001851842475,0.8542658139213242,0.7839280739647568
224.0,0.00185256636,0.854285530556818,0.7835022310805627
224.1,0.00185327901,0.8543142132977454,0.7829799538682741
224.2,0.00185397872,0.8543406466583326,0.7824951055908602
224.3,0.001854663865,0.854335048340224,0.7821923251740925
224.4,0.001855337775,0.8543199121468189,0.7819368194435762
224.5,0.001855998225,0.8543254162171481,0.781696066632161
224.6,0.001856647825,0.8543334021456734,0.7814869370923967
224.7,0.001857288955,0.854310688430788,0.7812985106482198
224.8,0.00185792046,0.8542933719720814,0.7811254340257482
224.9,0.00185854263,0.8542772618849539,0.7809693031540501
225.0,0.001859159825,0.8542677868415106,0.7808006875931466
225.1,0.001859768855,0.854255666577053,0.7806304384040632
225.2,0.00186037079,0.8542296416235108,0.7804721900989167
225.3,0.001860967525,0.8542281776413341,0.7803257918812594
225.4,0.00186156145,0.8542163275538449,0.7801604435767157
225.5,0.001862151625,0.8541763162298087,0.7799587030628726
225.6,0.00186274034,0.8541438321617706,0.7797120252077128
225.7,0.001863326485,0.8540985995107441,0.7794545842561218
225.8,0.00186391327,0.8540443819047285,0.7791927953402982
225.9,0.00186449802,0.8539772586360919,0.7789668394302813
226.0,0.001865082345,0.8539038961644454,0.7787865182951506
226.1,0.001865667095,0.853831664666154,0.7785973818510339
226.2,0.001866248995,0.8537264150290734,0.7783931531958093
226.3,0.00186682414,0.8535944618544373,0.778185638434669
226.4,0.00186739538,0.8534775883245385,0.7779067906707364
226.5,0.00186796378,0.8533476394860154,0.7774565501779945
226.6,0.001868525985,0.8531870035704521,0.7768831404036761
226.7,0.00186907994,0.8529990672147291,0.7764109715942121
226.8,0.001869624815,0.8527692722784895,0.7760671933933151
226.9,0.001870161405,0.8525323773428529,0.7757120489101974
227.0,0.00187068744,0.8522738305506478,0.7753216557575064
227.1,0.001871203585,0.8519999716358491,0.77487234517619
227.2,0.001871710585,0.8517078098022505,0.7743286800011157
227.3,0.001872206335,0.851415220712051,0.7736801673128204
227.4,0.00187269282,0.8510858121559516,0.7731212591301908
227.5,0.0018731646,0.85074746262716,0.7726354243926838
227.6,0.0018736253,0.8503978033648155,0.7721458762926603
227.7,0.001874074305,0.8500433625984521,0.7717514242022608
227.8,0.001874511225,0.8497150096174843,0.7715013534270351
227.9,0.00187493918,0.8494014975202118,0.7713545845014447
228.0,0.00187535937,0.8490527179038103,0.771219960973053
228.1,0.001875774025,0.8487117231540044,0.7710773452329507
228.2,0.001876187045,0.8483628241570821,0.7709412828551236
228.3,0.001876602025,0.8480207110002914,0.7708367118020563
228.4,0.00187701735,0.8476937277537204,0.77084108489903
228.5,0.001877437075,0.8473857322931477,0.7708832702051825
228.6,0.001877863305,0.8470838252391378,0.7708729217989816
228.7,0.00187829769,0.846799636767694,0.7707592526935894
228.8,0.001878743115,0.8465164975881967,0.7706077839453892
228.9,0.001879197705,0.8462360287624547,0.7705544899676137
229.0,0.001879661035,0.8459204746299576,0.7705293320936438
229.1,0.00188013313,0.8456087218245713,0.7705096971395589
229.2,0.00188061258,0.8453085991951885,0.770557072356775
229.3,0.001881101395,0.8450543689512895,0.7706861478325403
229.4,0.001881600565,0.8448280297669689,0.7708258984401427
229.5,0.00188211385,0.8445959289017216,0.7708641190563662
229.6,0.001882640885,0.8443753388319571,0.770779434284796
229.7,0.00188317618,0.8441557854877685,0.7706036433262717
229.8,0.001883720155,0.8439478309036567,0.7703815829911455
229.9,0.001884269665,0.8437552826899182,0.7702021917674402
230.0,0.001884822335,0.8435823442975234,0.7701569151341165
230.1,0.001885380885,0.8434106562590048,0.7702139036248526
230.2,0.00188594065,0.843257315121583,0.7703097222007872
230.3,0.001886505345,0.8430979986749342,0.7703741311333712
230.4,0.00188707198,0.8429282458574902,0.770402845290225
230.5,0.001887639865,0.8427556530402872,0.7703811934336564
230.6,0.001888210125,0.8425619110213403,0.7703132722004857
230.7,0.00188878062,0.8423419052878094,0.7702397463660211
230.8,0.00188935097,0.8420844643362183,0.7701621050451803
230.9,0.001889920935,0.8418324960390299,0.7700732985040487
231.0,0.00189048895,0.8415830410159643,0.7699873633786024
231.1,0.001891052485,0.8413241737813083,0.769896087545645
231.2,0.001891608595,0.841048442477288,0.7697549043717927
231.3,0.00189215558,0.8407758150668095,0.7695574992558116
231.4,0.00189269077,0.8405150880093027,0.769372497147627
231.5,0.001893214315,0.8402465886515711,0.7692004384011752
231.6,0.00189372299,0.8399814382316082,0.7690434907153872
231.7,0.00189421927,0.8397276415274953,0.7688731284289684
231.8,0.0018947115,0.8394825030527356,0.7686086691593892
231.9,0.00189519146,0.839279254574419,0.7682895901599346
232.0,0.001895661425,0.839064156008613,0.7679629147894439
232.1,0.001896125125,0.8388250745244896,0.7676559057889644
232.2,0.001896581035,0.8386971048893381,0.7673932686431243
232.3,0.00189703362,0.8385394220708692,0.7671503921150753
232.4,0.0018974845,0.8383298904072454,0.7669019486848441
232.5,0.00189793383,0.8381619282976138,0.7666260414516353
232.6,0.00189838174,0.8380110313192767,0.7663269869637547
232.7,0.001898832495,0.8378488308905718,0.7660557104381173
232.8,0.00189928425,0.8376896840899263,0.7658998685929432
232.9,0.00189974133,0.8375496193230586,0.7657571900209879
233.0,0.001900203585,0.8374119924320902,0.7655700704793547
233.1,0.001900674385,0.8372561128878043,0.7654226355361217
233.2,0.001901146125,0.8371148794484695,0.7652309167028437
233.3,0.00190162438,0.83700105954663,0.7649286703568272
233.4,0.00190210766,0.8369310585791226,0.7645388992394816
233.5,0.00190259509,0.8368423839848824,0.7641560270596033
233.6,0.00190308579,0.8367649374427862,0.7637159464775032
233.7,0.001903578505,0.8366983922271979,0.7632759224440707
233.8,0.00190406921,0.8366698477163473,0.7628927486712977
233.9,0.001904560115,0.8366221143575687,0.7625471232139204
234.0,0.001905053185,0.8365698068398865,0.7622636573087869
234.1,0.00190554883,0.8365233426845398,0.76200507281747
234.2,0.001906045955,0.8364666243707719,0.7617326276193653
234.3,0.00190654617,0.8364119920745259,0.7614205543715283
234.4,0.00190704728,0.8363332197803299,0.7611646276675963
234.5,0.001907543225,0.8362331663374984,0.7609956225492038
234.6,0.00190802853,0.836149932981734,0.7608745078692226
234.7,0.00190850633,0.8360681573249612,0.7607766912403604
234.8,0.0019089725,0.8360132862676736,0.7607383072613189
234.9,0.001909429235,0.8359147030902039,0.7607498494727282
235.0,0.001909877055,0.8358140024792858,0.7607991599110189
235.1,0.00191031737,0.8357142569125342,0.7608775489309113
235.2,0.001910749055,0.8356321419637548,0.7610059835217754
235.3,0.001911176475,0.8355613870140106,0.7612725979239149
235.4,0.001911599285,0.8354767022424405,0.7616308211678331
235.5,0.001912021935,0.8354045147264463,0.7619323135316128
235.6,0.00191244823,0.8353058498675676,0.7621530543978247
235.7,0.001912877665,0.8351967046555966,0.76224612722178
235.8,0.001913308695,0.8350866295322001,0.7622318769575033
235.9,0.001913741905,0.8349626497197189,0.7621373778504832
236.0,0.00191417911,0.8348708649487516,0.7619050005250825
236.1,0.001914615425,0.8347685181432829,0.7615389421490862
236.2,0.00191504491,0.8346508592152208,0.7611482411203152
236.3,0.00191546653,0.8345625553289135,0.7607817303549768
236.4,0.001915874355,0.8344865413530673,0.7604490105602204
236.5,0.00191626748,0.8344124814478515,0.7601873598744735
236.6,0.001916642575,0.8343421223387818,0.7600212575876929
236.7,0.001917001405,0.8342766892469929,0.7598578884865209
236.8,0.00191735327,0.8342281202245684,0.7595644951486022
236.9,0.00191768898,0.8341779615562612,0.7591520165995564
237.0,0.0019180061,0.8340951554570979,0.7586818584093908
237.1,0.00191830753,0.8340192797113284,0.7582575737551529
237.2,0.00191859458,0.8340447768773049,0.7578566813998137
237.3,0.001918868325,0.83410502005803,0.7573877295812269
237.4,0.001919121245,0.8341090287302562,0.7568868466149092
237.5,0.00191935404,0.8341586596109974,0.7564371527592891
237.6,0.0019195614,0.8342164774821942,0.7560371023507809
237.7,0.001919746705,0.8342822687155456,0.7556458798176294
237.8,0.001919908775,0.8343761583535908,0.7552571579922301
237.9,0.001920046135,0.8344840280789444,0.7548939270496221
238.0,0.001920160555,0.8345857465658824,0.7546060126492913
238.1,0.001920248125,0.8346692815145415,0.7543495958569052
238.2,0.00192031545,0.8347244730142795,0.7539573931468457
238.3,0.001920357175,0.8347714712403773,0.75342914062533
238.4,0.00192037471,0.834808793361102,0.7528113464300015
238.5,0.001920371755,0.8347786340716276,0.7521314617974675
238.6,0.001920346085,0.8347479030122901,0.7515345214941737
238.7,0.001920300605,0.8347203763774593,0.751005414459456
238.8,0.001920237055,0.8346610379754184,0.7504040570768912
238.9,0.00192015567,0.834582567274117,0.7497108583746912
239.0,0.00192005347,0.8344816404685277,0.7490354033877988
239.1,0.001919931665,0.8343652758766388,0.7484352021113305
239.2,0.001919792325,0.8342439287188013,0.7479408410913616
239.3,0.00191963426,0.8341391943029159,0.7475055294469096
239.4,0.0019194588,0.834037991037173,0.7470660080683018
239.5,0.001919262575,0.8339531114868584,0.7467786717210192
239.6,0.00191905105,0.833880716625749,0.7466114698768098
239.7,0.001918824675,0.8338338189306163,0.7464906567897234
239.8,0.001918584915,0.8337875746867554,0.7463686373310578
239.9,0.00191833118,0.833752608760521,0.7462260467236969
240.0,0.001918067055,0.8337236181435136,0.7460996730176135
240.1,0.00191779727,0.8336944201813912,0.7460169297503032
240.2,0.001917524225,0.8336602270869495,0.7459815051515414
240.3,0.001917254355,0.8336260339925079,0.7458829533899983
240.4,0.001916992555,0.8335903894822602,0.7456919319902894
240.5,0.00191673757,0.8335563409010806,0.7455557376655709
240.6,0.00191649627,0.8335397721414255,0.7456046145640755
240.7,0.001916281095,0.8335309254165131,0.7456460207552498
240.8,0.00191607764,0.8335254464789252,0.7456481256223277
240.9,0.00191588623,0.8334844926770931,0.7455880206716792
241.0,0.00191570816,0.8334473967510395,0.745485334574204
241.1,0.001915544655,0.833544383999441,0.745331823790779
241.2,0.00191539608,0.8337107376136339,0.7450753630160959
241.3,0.00191526064,0.8338251984003748,0.7447234983557085
241.4,0.001915136935,0.833941650956858,0.7443499818387526
241.5,0.00191502151,0.8340607173184292,0.7440018179745111
241.6,0.001914917025,0.8342260907557142,0.7436641910120299
241.7,0.001914826505,0.8343729413627134,0.743246164410358
241.8,0.001914747245,0.8345250572790003,0.7426858299446636
241.9,0.00191467388,0.8346527064717011,0.742103887604698
242.0,0.00191460572,0.8347650686745494,0.741646201537367
242.1,0.001914542685,0.8348763501695249,0.7412950908592165
242.2,0.00191448561,0.834993437327724,0.7409839726555463
242.3,0.001914437415,0.8350857750189984,0.7407052002898373
242.4,0.00191439772,0.8351605763400802,0.7404094381910578
242.5,0.001914361085,0.8352210205827354,0.7401855180330805
242.6,0.00191433011,0.8352571174823252,0.7400080808800057
242.7,0.001914301625,0.835274295710955,0.7398087216933943
242.8,0.001914271615,0.8352840409313664,0.7395879242785146
242.9,0.00191423932,0.8353051084517015,0.7393702998722153
243.0,0.001914206575,0.8353790741091375,0.7391965823648423
243.1,0.001914169985,0.8354384753430315,0.7390964849397136
243.2,0.001914131055,0.8351722127992691,0.7390080239737739
243.3,0.001914090795,0.8339250319317205,0.7388424997400416
243.4,0.00191404871,0.8304735462955954,0.7386252397584898
243.5,0.001914001745,0.8254515093769023,0.7384246302180022
243.6,0.001913954065,0.8207548597757122,0.7382482235073178
243.7,0.00191390432,0.8178895262137085,0.7380955421043534
243.8,0.00191385128,0.8172029437056368,0.7380229713140555
243.9,0.001913797125,0.8187675259621631,0.7381143979434601
244.0,0.00191374524,0.8202493335354524,0.7381973297063297
244.1,0.00191369329,0.8203584975969793,0.7381306211279233
244.2,0.00191364193,0.8196913678306189,0.7379431057456158
244.3,0.00191359005,0.8176211211037563,0.7376693410785967
244.4,0.001913553325,0.8132176072298872,0.737325588010441
244.5,0.00191351895,0.8099720655585754,0.7371664789089072
244.6,0.001913487095,0.810752556554248,0.7371119345772557
244.7,0.001913458705,0.8112507314676982,0.7370016395423734
244.8,0.00191343652,0.8084760642696772,0.736733944432361
244.9,0.001913427845,0.8054160587773012,0.7364016581773909
245.0,0.001913432325,0.8040348450007797,0.7361580025343637
245.1,0.001913450045,0.8028366415627006,0.7359920321944745
245.2,0.001913475925,0.8013395532827442,0.735970688213986
245.3,0.00191351249,0.8000288054294429,0.7360735125415381
245.4,0.001913563485,0.7991849233772061,0.7361936344782407
245.5,0.001913631565,0.7990107911796032,0.7362598089858959
245.6,0.001913716265,0.7989079919847922,0.7361857365143095
245.7,0.001913819335,0.7979371141911269,0.7359893304247925
245.8,0.00191393848,0.7955925938592353,0.735680109743085
245.9,0.001914067965,0.7926215268548824,0.735311707738969
246.0,0.00191420372,0.7915664229621743,0.7349032818444465
246.1,0.00191434141,0.7929267765634758,0.734462868253525
246.2,0.0019144775,0.7944001269693417,0.7340990969569805
246.3,0.001914609025,0.7952655100816995,0.7338537637034763
246.4,0.001914737925,0.7962536980508861,0.7337629276934905
246.5,0.001914866595,0.7977537896934194,0.7338386714923686
246.6,0.00191499747,0.7995745122821779,0.7340534747484652
246.7,0.00191513036,0.8012729263857469,0.7343682120668724
246.8,0.00191526973,0.8026118417587803,0.7347052798258613
246.9,0.001915416615,0.8039136297898337,0.7349520016633183
247.0,0.001915571495,0.8056338779623452,0.7350482977613362
247.1,0.001915733685,0.8075368285972188,0.7350230707723279
247.2,0.00191589998,0.8091507150088503,0.7349665158213778
247.3,0.001916068965,0.8104209551664763,0.7349459698054234
247.4,0.00191623731,0.8111129537802826,0.7349785669707971
247.5,0.001916406185,0.8111204056380568,0.7349833421916305
247.6,0.00191657171,0.8110788046681381,0.7348889121996489
247.7,0.00191673156,0.8110391577688497,0.7347004229236188
247.8,0.001916881255,0.8102662568610282,0.7345060965684383
247.9,0.00191702135,0.8094089476417902,0.7343984467545704
248.0,0.00191715134,0.8097759107964706,0.7343788306500415
248.1,0.001917271065,0.8104014647256533,0.7343793144553101
248.2,0.00191738226,0.8104000635753299,0.7343118833105935
248.3,0.00191748666,0.810316346414297,0.7341583788103537
248.4,0.001917584445,0.8104723893214009,0.7340698864284875
248.5,0.00191767795,0.8101966077518982,0.734025533423404
248.6,0.00191776723,0.8098304551281222,0.7338052826456463
248.7,0.001917847875,0.8103240056171864,0.733383611796496
248.8,0.001917919205,0.8110626317491574,0.7329445490904157
248.9,0.0019179782,0.8117031773584831,0.7325739291218865
249.0,0.001918026865,0.8124198563241758,0.7321515985382789
249.1,0.001918062565,0.8124196112799488,0.7318077512223436
249.2,0.001918084145,0.8122595659838043,0.7316762818529762
249.3,0.001918088095,0.8129005765488428,0.7317303486625445
249.4,0.00191807423,0.8139382006200264,0.7316946413204437
249.5,0.00191804155,0.8149684859307711,0.7316916442410523
249.6,0.001917993425,0.815845587183727,0.7319257305928565
249.7,0.001917933665,0.8163295935143097,0.732070865890267
249.8,0.001917863445,0.8163891895269482,0.732293246667844
249.9,0.001917784235,0.8163653951041899,0.7326816292012368
250.0,0.00191769875,0.8164310606738353,0.7329751859019735
250.1,0.00191760755,0.8166208819851505,0.7332534995951551
250.2,0.001917509415,0.8170432000023872,0.7336411972613492
250.3,0.001917403555,0.8177047879993067,0.7340872594358618
250.4,0.00191728847,0.8184171378503229,0.7344533869268964
250.5,0.001917162115,0.8189101919677478,0.7347387629203633
250.6,0.001917025805,0.8190723672637115,0.734934628655944
250.7,0.001916882185,0.8190529019556299,0.7349640528127376
250.8,0.00191673205,0.8191119387647761,0.7348595068924114
250.9,0.001916579785,0.8193358903386798,0.7346819943411129
251.0,0.001916423,0.8196336379240166,0.7345030052412673
251.1,0.001916265915,0.8198462671979968,0.7343421996797006
251.2,0.001916110965,0.8199230917047475,0.7341837817285507
251.3,0.001915957995,0.819907572237039,0.7340223855475652
251.4,0.00191580635,0.8198517021532875,0.7338780859138004
251.5,0.001915657515,0.8197414762334436,0.7337525227386218
251.6,0.00191551546,0.8194187278537697,0.7335654220465446
251.7,0.00191537894,0.8187184857008406,0.7333213894123991
251.8,0.001915248235,0.8178012474601425,0.7331839761497311
251.9,0.00191512651,0.8171037384928219,0.7329562483814577
252.0,0.00191501248,0.8167562846285201,0.7326582997341912
252.1,0.001914904425,0.8164201153650301,0.7323690595817605
252.2,0.001914800325,0.8160741631820169,0.7321598797765139
252.3,0.001914702655,0.8161558885733072,0.731928727672248
252.4,0.00191461102,0.8166639972027283,0.7316101136285063
252.5,0.00191452345,0.8173389558179814,0.7312159568478164
252.6,0.001914435905,0.8176464611901001,0.7308962495298311
252.7,0.00191435089,0.8171393138880311,0.7306425470734977
252.8,0.001914268285,0.816611237295704,0.7301900132181188
252.9,0.001914185745,0.815929737884546,0.7297753229878449
253.0,0.00191410034,0.8148684576206809,0.7295301091148616
253.1,0.0019140131,0.8150362500843091,0.7293269863002512
253.2,0.001913929015,0.8159978287637198,0.7289337531478013
253.3,0.001913845335,0.8173526217460245,0.7281491843648643
253.4,0.00191376107,0.8184065004175978,0.7272273593988922
253.5,0.001913675515,0.8191785091131056,0.7264536793760925
253.6,0.001913591965,0.8198263620669437,0.7260984406451952
253.7,0.001913513725,0.8204008022836525,0.7263878064613322
253.8,0.001913445135,0.8208904886137528,0.726999719595213
253.9,0.001913389965,0.821283646367979,0.7275581188398327
254.0,0.0019133563,0.8215586048402066,0.7278145796145158
254.1,0.001913344135,0.8216664996983013,0.7278052616507052
254.2,0.001913353,0.8215486334251241,0.7276608803355317
254.3,0.001913387535,0.8214150152063815,0.7277735881135718
254.4,0.00191344658,0.8215096148443665,0.7280805279990128
254.5,0.001913528675,0.8217493183638352,0.7284583484979041
254.6,0.001913635035,0.8219780011762755,0.729052649863369
254.7,0.00191376789,0.8222118990325206,0.7300023847384758
254.8,0.001913932615,0.8225110603345511,0.7309710257181719
254.9,0.001914133045,0.8228083429641752,0.7317857537905832
255.0,0.00191436847,0.8229700470212408,0.7325625377069245
255.1,0.00191463873,0.8229611940131429,0.7336496858446993
255.2,0.00191494295,0.8229283203876158,0.7349278428158122
255.3,0.00191528069,0.8230045731245037,0.7360996568756013
255.4,0.001915650085,0.8230994429394567,0.7371390967873386
255.5,0.001916045125,0.8231103819650765,0.7380582702491112
255.6,0.001916460715,0.8230723309948563,0.7388684241626189
255.7,0.0019168947,0.8229940236563729,0.7395536997681464
255.8,0.001917341385,0.8229361618028792,0.7401092150307101
255.9,0.0019177986,0.8230253453351293,0.7405322870301838
256.0,0.001918261565,0.823367464775105,0.7408491292156688
256.1,0.00191872902,0.8238756236700086,0.7411137141489542
256.2,0.00191919903,0.8244372022063937,0.7413700743926724
256.3,0.00191966954,0.8249927237521427,0.7415949558780017
256.4,0.00192014337,0.8254750650386188,0.7416941799403727
256.5,0.00192061909,0.8258620024393909,0.741716359584507
256.6,0.00192109794,0.8261658635640314,0.7417095548948194
256.7,0.00192158193,0.8264193146929524,0.74160433039048
256.8,0.001922070965,0.8266020171553147,0.7414612936769621
256.9,0.001922564925,0.826673205644845,0.7413188412996777
257.0,0.00192306296,0.8266624174156726,0.7410716733560639
257.1,0.00192356426,0.8266823162635404,0.7407978647067476
257.2,0.00192407004,0.8268001825367178,0.7405395880915107
257.3,0.001924582375,0.8269490500462008,0.740213591305033
257.4,0.00192510364,0.8270295753490976,0.7398480355838613
257.5,0.00192563442,0.8269721156194635,0.7394715471202551
257.6,0.00192617429,0.8268287521803095,0.7391636898897591
257.7,0.00192672733,0.8267293898878617,0.7389749618526874
257.8,0.00192729468,0.826682165467093,0.7388484499165273
257.9,0.00192787721,0.8266314098961817,0.7387289248824289
258.0,0.00192847309,0.8265771168919424,0.7386371212619057
258.1,0.00192908179,0.8265348561875662,0.7385971853360933
258.2,0.00192970441,0.8264972324739469,0.738631359580979
258.3,0.00193034086,0.8264871668110847,0.7386992242654818
258.4,0.001930991555,0.8265273666306802,0.738795055407787
258.5,0.001931653425,0.826613458835759,0.7389561876949896
258.6,0.00193232754,0.8267549059033942,0.7392255289995525
258.7,0.00193301525,0.8269586633197207,0.7395992654279941
258.8,0.00193372005,0.8272071570154343,0.7400038020308116
258.9,0.0019344416,0.8274610856664388,0.7403590093457824
259.0,0.001935182985,0.8276482366239986,0.7406479290557624
259.1,0.001935942315,0.8277308667939731,0.7409527892068667
259.2,0.00193672008,0.8277652546671593,0.7412893668774018
259.3,0.00193751968,0.8278550476683842,0.7416031365852717
259.4,0.00193833907,0.8280604952615584,0.741865798863853
259.5,0.00193917931,0.8283316209907485,0.7420445931849541
259.6,0.00194003992,0.8285744158373886,0.7421828923767505
259.7,0.00194091834,0.828772713165683,0.74240512235788
259.8,0.00194181427,0.8289842994309023,0.7427717399373687
259.9,0.001942727965,0.8292486016208489,0.7431736690182836
260.0,0.00194365798,0.8295471094716077,0.7435489573934962
260.1,0.001944604345,0.8298768761692698,0.743856833473548
260.2,0.001945564325,0.8302510524206828,0.7441010357536968
260.3,0.00194653664,0.8306418728299748,0.7442574053864366
260.4,0.001947522055,0.8310500096979733,0.7443348707780888
260.5,0.001948517295,0.8315084434643556,0.744379669889329
260.6,0.00194952257,0.8319761700618074,0.7443926509501737
260.7,0.001950542005,0.832378909673627,0.744352934935847
260.8,0.001951572665,0.832685931240477,0.7443436609543336
260.9,0.001952616635,0.8328756583040127,0.7443328852915317
261.0,0.00195367681,0.832993750771861,0.7442530385726481
261.1,0.0019547513,0.8330889724451914,0.7441226561943388
261.2,0.00195583889,0.8331785392517452,0.7440386877058937
261.3,0.00195694145,0.8332520211039127,0.744002798151419
261.4,0.00195805872,0.8332922272066933,0.7439155749729849
261.5,0.00195919082,0.8332946273834807,0.7437653879945872
261.6,0.00196033871,0.8332413019897787,0.7435992228759536
261.7,0.001961502725,0.8331188741240683,0.7434436512077478
261.8,0.00196268119,0.8329361653785208,0.7431987389276593
261.9,0.00196387017,0.8327141615920622,0.7429112957662264
262.0,0.00196506644,0.8324554765697804,0.7427092096771917
262.1,0.00196626836,0.8321738642043125,0.7425897349085756
262.2,0.001967476205,0.8319274879420473,0.7424437576643339
262.3,0.001968688155,0.831762246451654,0.7422022383043112
262.4,0.001969904195,0.8316388446922208,0.7419758174385818
262.5,0.001971119845,0.8314867099263782,0.7418360731141648
262.6,0.00197233241,0.8313114279058638,0.7417271101145676
262.7,0.001973541295,0.831186028093503,0.7416315679987867
262.8,0.00197474788,0.8311018145608309,0.7415913367632648
262.9,0.00197595593,0.8310039916487835,0.7416238396808589
263.0,0.00197716629,0.8308793521018449,0.7416235695038906
263.1,0.001978382215,0.8307616366251148,0.7414901963293751
263.2,0.00197960192,0.8306573734481276,0.7413005069649513
263.3,0.00198082456,0.8305479643423738,0.7412182412197245
263.4,0.00198205106,0.830425285149251,0.7411937242306559
263.5,0.00198327715,0.8303203182555091,0.7412069754684686
263.6,0.0019844989,0.8302416339259074,0.7411943274164453
263.7,0.00198571711,0.8301654377376873,0.7411306159174306
263.8,0.00198692655,0.830142585792725,0.7410537662779384
263.9,0.0019881269,0.830213315609728,0.7409475113312087
264.0,0.00198931192,0.8303580613496494,0.7408679850547757
264.1,0.001990480785,0.8305249804505199,0.7408092749712655
264.2,0.001991630555,0.8307157630891872,0.7409600274363406
264.3,0.001992763515,0.8309533617415782,0.7413315584667395
264.4,0.001993882655,0.8312118331355596,0.7418075663024261
264.5,0.001994989355,0.8314409934700832,0.742346990327418
264.6,0.001996083685,0.8316601258408562,0.7429088767398832
264.7,0.001997168455,0.8318641408677804,0.7434421495264595
264.8,0.001998241135,0.8320499535068696,0.7439139287784343
264.9,0.001999301445,0.8322208687135956,0.7443527150243612
265.0,0.00200034992,0.8323867887880023,0.7448586685212218
265.1,0.0020013856,0.8325862736383199,0.7454262537827606
265.2,0.0020024145,0.8328345222898066,0.7459671229403733
265.3,0.002003435025,0.8331292350966397,0.7464305392727043
265.4,0.002004448125,0.8334367341855731,0.746806650745192
265.5,0.002005452845,0.8337190439846102,0.7471002891273377
265.6,0.0020064459,0.8339446731689909,0.7473370269833417
265.7,0.00200742693,0.8341455151873349,0.7475196728970361
265.8,0.00200839663,0.8343553233111122,0.7476204740389192
265.9,0.00200935361,0.8345683672753227,0.7476024161643463
266.0,0.00201029464,0.8347977475213318,0.7475465020982978
266.1,0.0020112201,0.835045694579924,0.747523292011773
266.2,0.00201213066,0.8353175868577214,0.7475223369676064
266.3,0.002013027145,0.8356205243541218,0.747530429710282
266.4,0.00201390876,0.8359667529972887,0.7474902675897985
266.5,0.002014775765,0.8363405585407687,0.7473753732632714
266.6,0.002015628895,0.8367297830209925,0.7472792970767393
266.7,0.002016470555,0.8371048829006459,0.7472112438966773
266.8,0.00201729878,0.8374200726083951,0.7470920455882147
266.9,0.00201811211,0.8376689370120419,0.7469004398522724
267.0,0.002018912965,0.837846788855347,0.7466366214675945
267.1,0.002019697145,0.8379732693755806,0.7464337499803962
267.2,0.00202046471,0.8380664741464272,0.7463154187515061
267.3,0.002021218145,0.8381240344070263,0.7462073039819255
267.4,0.002021958085,0.8381333460876516,0.7459946181592775
267.5,0.002022687325,0.8381414765294389,0.7457297065003562
267.6,0.002023407975,0.8381734516594672,0.7454493130728379
267.7,0.002024118975,0.8382179491778127,0.7451480029214321
267.8,0.002024816125,0.8382627294394969,0.7449107247114919
267.9,0.002025504805,0.8382534680243541,0.7446467303976253
268.0,0.002026184055,0.8382129163463816,0.7443751397127225
268.1,0.002026855295,0.8381569143157388,0.7441804552159796
268.2,0.002027521445,0.8380503766256702,0.7440141204513426
268.3,0.002028184475,0.8379199628314344,0.7438370225902745
268.4,0.00202884483,0.8377976543462449,0.7435876241158765
268.5,0.002029503535,0.8376877048865545,0.7433348955532659
268.6,0.00203016153,0.8375569518003121,0.7431538204358983
268.7,0.002030819845,0.8374068904856207,0.7430255052255551
268.8,0.00203148193,0.8372226674924141,0.742903146474883
268.9,0.00203214986,0.8369811544155767,0.7427367865775049
269.0,0.002032822645,0.8367069373592156,0.74250074615507
269.1,0.00203349909,0.8364355980017251,0.7421784941470354
269.2,0.002034177605,0.8361880216510662,0.7418454790425696
269.3,0.002034855895,0.8359688201652548,0.7415423593337953
269.4,0.002035534025,0.8357502972634563,0.7412437635184422
269.5,0.002036212505,0.8355114859563009,0.7409993476099929
269.6,0.00203688889,0.8352166474857616,0.740970589470842
269.7,0.00203756494,0.8349122271576288,0.7410254165458324
269.8,0.00203824014,0.8346218685982133,0.7411065764504452
269.9,0.002038911365,0.8343146082703217,0.7412755501529112
270.0,0.002039581195,0.8339546697168146,0.7415083673012834
270.1,0.00204024993,0.8335238631162277,0.7417705834737081
270.2,0.002040920355,0.8330371487327777,0.7420392587606284
270.3,0.00204159358,0.8325860851427607,0.7422284831693393
270.4,0.002042269725,0.8322635001259047,0.7423115343127297
270.5,0.00204295033,0.8319928582019833,0.7422545395388082
270.6,0.0020436357,0.8316835998211639,0.7421341788410638
270.7,0.00204432144,0.8313385210009083,0.7420555447769446
270.8,0.002045009605,0.830998544127122,0.7419978462862687
270.9,0.002045700315,0.8307182260978275,0.7419756163766519
271.0,0.002046394595,0.8305438488559974,0.7419291710708612
271.1,0.00204709715,0.8304582090402607,0.7418048833822999
271.2,0.002047809145,0.8303999953283896,0.7417538576344204
271.3,0.002048525975,0.8302858361345433,0.7419526953166513
271.4,0.00204925065,0.8301582623400664,0.7422246881254138
271.5,0.002049987375,0.8300392462439778,0.7425202240295223
271.6,0.002050734355,0.8298710139573781,0.7427610333896052
271.7,0.00205149138,0.8296555760995655,0.7429337393041437
271.8,0.00205225988,0.82939293267054,0.7430123733682631
271.9,0.00205303978,0.8291040003941894,0.7430279305350836
272.0,0.00205382871,0.8288315866120114,0.743021144694952
272.1,0.002054626465,0.8285197772579573,0.743028389207611
272.2,0.00205542963,0.8281689870222574,0.7430520265507367
272.3,0.00205623696,0.8278486325361856,0.7430417912418712
272.4,0.002057043635,0.8275603851270333,0.7429478324887877
272.5,0.002057845265,0.8272581136482756,0.742799543032353
272.6,0.00205863846,0.8269073359789464,0.7425427115497367
272.7,0.00205941747,0.8264631336272849,0.7421559123790414
272.8,0.00206017983,0.8259290126106921,0.7416840765783987
272.9,0.002060923355,0.8253486222174973,0.7411212476881375
273.0,0.00206164118,0.8247921456275815,0.740492036945106
273.1,0.002062329895,0.824267725849103,0.7398265596564814
273.2,0.00206298798,0.8237806281913493,0.7391035409568135
273.3,0.002063608065,0.8233619669879614,0.7383134178380651
273.4,0.00206419037,0.8230219021495808,0.7374337593286894
273.5,0.00206473403,0.8227500287213393,0.7365129585219221
273.6,0.00206523456,0.8225272081207906,0.7356363536406058
273.7,0.002065692735,0.8223238339787678,0.7347680865461919
273.8,0.002066105595,0.8221311663845086,0.733982455904938
273.9,0.002066476355,0.8219263533930504,0.7332414233129946
274.0,0.00206680755,0.8217252788968501,0.7325726662016396
274.1,0.00206710064,0.8216025180223183,0.731924084398306
274.2,0.002067364245,0.8215999607658985,0.7311656725158029
274.3,0.002067599655,0.8217227530563566,0.7302551133010864
274.4,0.0020678051,0.8219589191424975,0.7293484999267429
274.5,0.00206798691,0.8222742030980266,0.7284355908007215
274.6,0.002068147335,0.8226613478439136,0.7274457817697256
274.7,0.002068294735,0.8230889437368085,0.7264313175195843
274.8,0.00206843554,0.8235180664437329,0.7255304909589088
274.9,0.00206856982,0.8239269887098948,0.7249330354344196
275.0,0.0020686958,0.824316772393611,0.7245589722803419
275.1,0.00206881706,0.8247052805907098,0.7242500783242705
275.2,0.002068937685,0.8250943605576715,0.7240354761301037
275.3,0.002069057155,0.8254845526484328,0.7238790625150667
275.4,0.00206917773,0.8258989098698853,0.7236758203199354
275.5,0.00206929689,0.8263324245233394,0.7235977203265672
275.6,0.002069418825,0.8267840598832195,0.7237570807555131
275.7,0.00206954618,0.8272487956844651,0.723990318877301
275.8,0.002069681135,0.8277169432553324,0.7243471284045251
275.9,0.002069828925,0.8281688299426249,0.7247781235006711
276.0,0.002069989845,0.8285916380483155,0.7251861158554075
276.1,0.002070165455,0.8289788204933146,0.7255315088349285
276.2,0.00207035422,0.8292966994043753,0.7257769426193975
276.3,0.002070558765,0.8295886350433028,0.7259100393337595
276.4,0.0020707751,0.8298690975858595,0.7259513826930807
276.5,0.002071001445,0.8301352407491009,0.725974950921168
276.6,0.002071233555,0.8303898542673037,0.7259540090645391
276.7,0.002071471145,0.8306438708829025,0.7259257410138422
276.8,0.002071716925,0.8308674894479849,0.7259708291516065
276.9,0.002071975345,0.8310416907606266,0.7260313048101881
277.0,0.002072244265,0.8311742408378668,0.7260644046303864
277.1,0.00207252751,0.8312875203857699,0.725986304637018
277.2,0.00207282376,0.8314171550650277,0.7257104916515887
277.3,0.00207312863,0.8315392436387313,0.7254340503476289
277.4,0.00207344433,0.8316338432767163,0.7252709954057222
277.5,0.002073757965,0.8316996722091797,0.7252111606320419
277.6,0.002074071385,0.8317725131764457,0.7251906397488286
277.7,0.002074389265,0.8318278554726315,0.7249965333051339
277.8,0.00207470591,0.8318971464401991,0.7246762353677298
277.9,0.00207502031,0.8319754726282383,0.7244162497260894
278.0,0.00207532947,0.8320024777586886,0.724306319115955
278.1,0.00207563603,0.8320330705879493,0.724233666644248
278.2,0.002075942805,0.8320704555405269,0.7241557111641419
278.3,0.002076248815,0.8320985350956647,0.7241293909008901
278.4,0.002076553625,0.8321224614653145,0.7241311376264056
278.5,0.00207686291,0.8321230332351773,0.7241657956765599
278.6,0.00207717632,0.832090153326465,0.7241592485974698
278.7,0.002077496315,0.8319761386458808,0.7241055273630934
278.8,0.00207782051,0.8318158797214359,0.7241995238152888
278.9,0.00207815052,0.8316456242491674,0.7243405499095085
279.0,0.00207849009,0.8315292219581665,0.7244178268056015
279.1,0.002078830895,0.831518370897141,0.72436021627952
279.2,0.002079170295,0.8316068130135248,0.72422409106984
279.3,0.002079504415,0.8317469029131337,0.7240649317028237
279.4,0.00207983408,0.8318919376795794,0.7238818585325285
279.5,0.0020801587,0.8320208874916386,0.7236934132387955
279.6,0.002080480595,0.8321243904032039,0.7235453562602172
279.7,0.00208079984,0.832216929156408,0.7235061114847885
279.8,0.00208112039,0.8322820857880433,0.7235052883875133
279.9,0.002081446205,0.8323558252508084,0.7234975412200295
280.0,0.00208177889,0.832458008693459,0.7235265569697781
280.1,0.00208210666,0.8325628876226066,0.7236202141299668
280.2,0.002082432795,0.8326383046958487,0.7237114459806271
280.3,0.002082760715,0.832730786900385,0.7237726881878163
280.4,0.002083093075,0.8328737733484204,0.723843700748158
280.5,0.00208343088,0.833037563423008,0.7238908120715912
280.6,0.002083774055,0.8331648984564434,0.7239374772888676
280.7,0.00208412711,0.8332641979170381,0.724022740113486
280.8,0.002084488065,0.8333548894137618,0.7241687487736543
280.9,0.002084862445,0.8334916994906403,0.7242871239848415
281.0,0.00208524961,0.8336534223972618,0.7243903630026237
281.1,0.002085644415,0.8337742731834601,0.7245356365301111
281.2,0.002086054275,0.83381517671981,0.7246898510302905
281.3,0.00208648062,0.833805751941849,0.7247967971274041
281.4,0.002086920925,0.8337696424758887,0.7248367958850696
281.5,0.00208737369,0.8337158835424006,0.7248600436707061
281.6,0.00208783933,0.8335996948797001,0.7248268496027283
281.7,0.002088323755,0.8334351696724317,0.7246951980209869
281.8,0.00208882421,0.8332145042044435,0.7244162685756453
281.9,0.00208933411,0.8329745367911916,0.7240637127648741
282.0,0.002089854015,0.8326871941607238,0.7237699801349488
282.1,0.002090394015,0.8323848158678159,0.7234808342302977
282.2,0.002090943655,0.8320395674015569,0.7231462169135785
282.3,0.00209150644,0.8315989527487057,0.7226522831502106
282.4,0.00209208168,0.8311522057069944,0.722075580986791
282.5,0.002092668885,0.8307291148579649,0.7215150894414641
282.6,0.00209326712,0.8303457714391885,0.7208649368418036
282.7,0.00209387186,0.8299879817350565,0.7199710783336337
282.8,0.002094484815,0.8296257812348389,0.7190709429233418
282.9,0.00209509389,0.8291575833984891,0.7183860820080447
283.0,0.00209570115,0.8284122154086836,0.7176113526932987
283.1,0.002096312015,0.8269665487172813,0.7168531984213933
283.2,0.002096916675,0.8242562527527323,0.7162682338692948
283.3,0.00209751845,0.8199928916103251,0.7156453125947557
283.4,0.002098115575,0.8147370762159077,0.714992577605934
283.5,0.0020987003,0.8083906569317967,0.7144289696006947
283.6,0.002099274285,0.8018426667798461,0.7138965450441349
283.7,0.0020998342,0.7953077016710371,0.71338794632626
283.8,0.002100376135,0.7848534803463542,0.7128522922124524
283.9,0.00210089476,0.7816752818551648,0.7122900853575365
284.0,0.00210138846,0.7814150260365561,0.7117344821303785
284.1,0.002101853425,0.7830052939546179,0.7112544844720219
284.2,0.002102289455,0.779123472956804,0.7108002038911274
284.3,0.00210269636,0.7779972873887158,0.7102983470310871
284.4,0.002103069345,0.7777663614791209,0.7098876906057805
284.5,0.00210341131,0.7766768885627826,0.7099035682150517
284.6,0.002103728005,0.7782686330293915,0.710175127484028
284.7,0.002104019265,0.7812457947234925,0.7103194459673486
284.8,0.002104295735,0.783518353734061,0.7101577481934683
284.9,0.002104555405,0.7863618972094194,0.7100389268761242
285.0,0.002104802415,0.7889597367233406,0.7102636261490796
285.1,0.00210504709,0.7910605888458344,0.7106814328392659
285.2,0.002105292025,0.7939064256838301,0.711297851017012
285.3,0.002105544635,0.7971456716034638,0.7120987749313035
285.4,0.002105808375,0.7978866916290368,0.713070676884174
285.5,0.002106089805,0.7963459352111956,0.7139580951274042
285.6,0.00210639235,0.7993387357535261,0.7148396008932602
285.7,0.00210671681,0.8049750671333314,0.7156696976369329
285.8,0.00210706181,0.8078912065317291,0.7163860247442485
285.9,0.002107422825,0.8087834942435722,0.7170324388486512
286.0,0.002107798405,0.8101081719186995,0.7174770873064696
286.1,0.00210818713,0.813073665737685,0.717671840918251
286.2,0.00210857931,0.816326269709282,0.7177167028613441
286.3,0.00210896807,0.8188447211768471,0.7176545747250268
286.4,0.00210934982,0.8207961088872536,0.717482742173246
286.5,0.00210972349,0.8223233941557964,0.7172859716589811
286.6,0.002110081675,0.8235590705110476,0.7170552593776869
286.7,0.00211042646,0.8245988120156797,0.7167941176299498
286.8,0.002110757105,0.8255518895453697,0.7164584321717284
286.9,0.002111070945,0.8264834345990123,0.716034832384689
287.0,0.002111365355,0.8274037830164374,0.7156993605547681
287.1,0.00211163703,0.8281435149890221,0.7155965739263279
287.2,0.00211188935,0.8286346590181138,0.7156662104690874
287.3,0.00211212455,0.8290299530553444,0.7155850254317334
287.4,0.002112342505,0.8293432452411309,0.7154340593383577
287.5,0.002112544525,0.8297285050314259,0.7153564996989259
287.6,0.00211272944,0.8300648062418075,0.7151693613077369
287.7,0.00211289741,0.8300311849172288,0.7147965924898325
287.8,0.002113053635,0.8301165985382946,0.7143496758021182
287.9,0.00211320429,0.8305566854035801,0.7136920713446834
288.0,0.00211335182,0.831001384126881,0.7130480699834387
288.1,0.002113496015,0.831214704551245,0.7125313910892588
288.2,0.00211363828,0.8313346442755738,0.7119398983076262
288.3,0.002113780035,0.8314224769229829,0.7112215417314564
288.4,0.00211391892,0.8313658528569945,0.7104983848017118
288.5,0.0021140538,0.8310764493417458,0.709807806187785
288.6,0.002114180045,0.8306217163715093,0.7093635221547143
288.7,0.002114304525,0.8302648879947293,0.709284152957914
288.8,0.002114436895,0.830190061540906,0.7091477701376364
288.9,0.00211458311,0.8304004163018052,0.7089192821039407
289.0,0.002114741935,0.8307377982200596,0.709074187754504
289.1,0.002114921895,0.8310115251879668,0.7095001374528483
289.2,0.002115127345,0.8312169602147703,0.7100049474099831
289.3,0.002115362735,0.8314928862975351,0.7107031977931699
289.4,0.00211562464,0.8320878725301984,0.7115490213496666
289.5,0.002115913335,0.8329607514826278,0.7124481074680121
289.6,0.00211622833,0.8338428730006439,0.7135886061322301
289.7,0.00211656453,0.8346299676240744,0.7147601123159391
289.8,0.00211692217,0.8353655275616152,0.7156048237486362
289.9,0.002117295595,0.8361347276732908,0.7163144718299703
290.0,0.00211768271,0.8369884491937184,0.7170159831863316
290.1,0.00211808049,0.8378491890321342,0.7179782781488674
290.2,0.002118487335,0.8386010538355473,0.7190613610657484
290.3,0.00211889905,0.8391593085669049,0.7200357888591123
290.4,0.002119313705,0.8395369280038664,0.7209350760393878
290.5,0.0021197282,0.8398046231138788,0.7217702118976769
290.6,0.00212014592,0.8400179435382429,0.7225220327187927
290.7,0.002120567785,0.8401155088396927,0.7230770767424584
290.8,0.002120996355,0.8400784631791217,0.7233653807002782
290.9,0.002121427285,0.8400043215924969,0.7235878117433377
291.0,0.00212186256,0.8399185561130539,0.7238297332272201
291.1,0.00212230274,0.8397593841796672,0.7240252910867208
291.2,0.002122750065,0.8394573263292098,0.7242391644313919
291.3,0.0021232041,0.8390936492804448,0.7243441313251335
291.4,0.00212366143,0.8387113237376883,0.7242726223931526
291.5,0.002124121325,0.8382829738625566,0.7240977613460537
291.6,0.00212458307,0.8377194224059852,0.7239163846357913
291.7,0.00212504971,0.8369428521179443,0.7237656950025694
291.8,0.002125518795,0.8359495182199911,0.7236668919136139
291.9,0.00212598607,0.8347073450511322,0.723487733167765
292.0,0.002126452425,0.8328964744969354,0.7231922977946214
292.1,0.002126916195,0.8303826600201272,0.7228201384456918
292.2,0.002127379015,0.8282872805520357,0.7223167107893247
292.3,0.00212784084,0.82757851839983,0.7216983448241333
292.4,0.00212829954,0.8274632722149257,0.7209731144432374
292.5,0.00212875614,0.827282687186012,0.7201560427427065
292.6,0.002129208185,0.8272833971859517,0.719304677416769
292.7,0.002129652885,0.8274520692955228,0.7183614519216405
292.8,0.00213008818,0.8274846790272673,0.7172849412165908
292.9,0.00213051127,0.8273617108076204,0.7161430665347904
293.0,0.002130914735,0.8270453461442187,0.714989856986696
293.1,0.002131298535,0.8266071128185988,0.7139177445113614
293.2,0.002131660775,0.8261510163971507,0.7130223152068647
293.3,0.002132003805,0.8257572994394321,0.7122973298701957
293.4,0.00213232947,0.8254939020281697,0.7116267820510281
293.5,0.00213263502,0.8252692467375116,0.7109955732550689
293.6,0.002132918065,0.8249301306601126,0.7105126539155444
293.7,0.00213318141,0.8246066094486458,0.7101886991642915
293.8,0.002133426085,0.8245854036982341,0.7100779203241406
293.9,0.002133658995,0.8249343655270096,0.7101195212940595
294.0,0.00213389355,0.8254569945976755,0.7102005492517809
294.1,0.00213411636,0.8259838585352384,0.7104733463082626
294.2,0.00213433002,0.8263569415124081,0.7110923280256142
294.3,0.00213454232,0.8267095915709589,0.7120383683877604
294.4,0.002134771195,0.8275271659263144,0.7131591064341872
294.5,0.002135021795,0.8281217374687475,0.7143008743018373
294.6,0.00213529706,0.8285926622075206,0.7153153574015345
294.7,0.00213559882,0.8291297049052812,0.7161175882183698
294.8,0.00213592634,0.8296867406986891,0.7168301328481306
294.9,0.002136278085,0.8302454164034623,0.7175530133177216
295.0,0.00213665584,0.8308769393586869,0.7182157197216258
295.1,0.00213706139,0.8316296335425605,0.7188136464850129
295.2,0.002137492135,0.8323877124162423,0.7194057173196937
295.3,0.002137943495,0.8330479872274327,0.7199718071831294
295.4,0.00213841605,0.8335965155879348,0.720511162093083
295.5,0.00213891422,0.834025939887754,0.7210124785991869
295.6,0.002139431085,0.8343158649073831,0.7214679027198072
295.7,0.00213996937,0.8345268417036277,0.7218314038393834
295.8,0.00214052421,0.8347383337210672,0.7220609348818401
295.9,0.00214109419,0.8349269423776181,0.7222070000906761
296.0,0.002141678435,0.8350642990916185,0.7223559241488269
296.1,0.00214227404,0.835145678907717,0.7225388213899335
296.2,0.002142881745,0.8351477083765713,0.7227353468599714
296.3,0.00214349693,0.8350764947542997,0.7228560028674252
296.4,0.002144118275,0.8349850052930418,0.7229149517119772
296.5,0.002144743695,0.8349157331750301,0.7228655533090922
296.6,0.002145371975,0.8349129183080125,0.7227470084519015
296.7,0.00214599843,0.8349729792763638,0.7226203897015913
296.8,0.002146622065,0.8350923535140149,0.722424674762458
296.9,0.00214724399,0.835266177835538,0.7222163934527103
297.0,0.00214786162,0.8354776447202364,0.7219553836518647
297.1,0.002148474785,0.8356396189542703,0.7216336719977665
297.2,0.002149088525,0.8356250231148017,0.7213183943254229
297.3,0.00214970283,0.8352789892503795,0.7210287394827619
297.4,0.00215031963,0.8339999777660646,0.7206502278334868
297.5,0.002150940435,0.8281091899476891,0.720290132200347
297.6,0.002151565595,0.8135284803893306,0.7198550844496779
297.7,0.00215219931,0.7939098186038959,0.7192971250280297
297.8,0.00215283542,0.7888295051414788,0.7186559322506174
297.9,0.002153469895,0.8004906132663353,0.7179599249645852
298.0,0.002154101925,0.8138674016879851,0.7173365136015921
298.1,0.002154730595,0.8206656636770914,0.716645765341662
298.2,0.002155355815,0.8198717203816761,0.7160456771625292
298.3,0.002155974765,0.8132563242177501,0.7154611210174757
298.4,0.002156579765,0.8053942938233972,0.715018143886949
298.5,0.002157172565,0.8044018081554604,0.7146608568376415
298.6,0.002157755595,0.8080522257215962,0.7143036012042605
298.7,0.00215832625,0.8081241681933633,0.7140437475095116
298.8,0.00215888225,0.8035729366329224,0.7137429777120422
298.9,0.00215942297,0.7990942884291502,0.7134727441951657
299.0,0.00215994676,0.797794957123552,0.7132886782815919
299.1,0.00216045401,0.7989815241024422,0.7130961803333358
299.2,0.00216094291,0.7998718137613579,0.7130699166187517
299.3,0.00216141586,0.7982179160256901,0.7132147251905264
299.4,0.00216187353,0.7954748595329495,0.7132351015604776
299.5,0.00216231377,0.7948235696767484,0.7133227457123275
299.6,0.002162732405,0.7968255495952484,0.7133847607513093
299.7,0.00216313106,0.7998924791578331,0.7134950118038943
299.8,0.002163508305,0.80217165436253,0.7136897402829344
299.9,0.002163867355,0.8033557457664092,0.7138151338121098
300.0,0.0021642087,0.8039997471276538,0.7141076475040856
300.1,0.002164532745,0.8044644326634169,0.7143921187188682
300.2,0.00216483647,0.8046048304391059,0.7146294346279203
300.3,0.002165124415,0.8041375876469229,0.7147789995709724
300.4,0.00216539965,0.8030459470316534,0.7147748652350403
300.5,0.00216566402,0.8018062745705469,0.714684902587812
300.6,0.00216591644,0.8015079552153473,0.7145970259581059
300.7,0.002166160125,0.8027372792702528,0.7144651418985082
300.8,0.002166395355,0.8047607602488741,0.7143864073034238
300.9,0.00216662113,0.8067388954791336,0.714341551643516
301.0,0.00216683651,0.8083744463137041,0.7141396163509286
301.1,0.002167041525,0.809592360104092,0.7137855274429424
301.2,0.00216723255,0.8103991839293868,0.713416704465411
301.3,0.002167401785,0.8109186462746579,0.7130868058208575
301.4,0.002167551355,0.8112930738534834,0.7127091675343401
301.5,0.00216767879,0.8115229064888347,0.7122353902294375
301.6,0.00216778252,0.8113873279162764,0.7116352894839341
301.7,0.00216785953,0.8105938370102034,0.7109551032585054
301.8,0.00216790846,0.8093391226034714,0.7102116516402187
301.9,0.002167929185,0.8084033615324879,0.7093711185257507
302.0,0.002167921625,0.808119744830907,0.7084656109920212
302.1,0.002167881465,0.8080573151016949,0.7075159326655822
302.2,0.00216781296,0.8077925228232945,0.7065674795602782
302.3,0.002167714245,0.8073665165762823,0.7057126521992364
302.4,0.0021675874,0.807006508907737,0.7047998875864772
302.5,0.002167434945,0.8067750614937617,0.7039108608478084
302.6,0.00216725681,0.8064885356773837,0.7031123748094161
302.7,0.00216705574,0.8061199137617822,0.7023332661145111
302.8,0.002166834915,0.8060286504951952,0.7016147021932261
302.9,0.002166595805,0.8062135772051561,0.701057785780339
303.0,0.0021663474,0.8063163324176698,0.7005904424571909
303.1,0.00216609653,0.8062484049013138,0.7002102469142535
303.2,0.00216584739,0.8062710118020492,0.6998271359733335
303.3,0.00216559979,0.8064722308115115,0.699444402023532
303.4,0.00216535475,0.8067245132679653,0.6992096810700117
303.5,0.002165116575,0.8069785173171934,0.6990913121420097
303.6,0.00216489333,0.8073370295876358,0.6990481843580612
303.7,0.00216468711,0.8078229711392931,0.699054191083215
303.8,0.00216449897,0.8083681756947676,0.6990542790478091
303.9,0.00216433076,0.8089143101616677,0.6989975167517442
304.0,0.00216418648,0.8094268861358421,0.6989225709174001
304.1,0.002164068565,0.8098983072462546,0.6989533082599229
304.2,0.002163980945,0.8103445830490676,0.6991045633798226
304.3,0.00216392469,0.810834985662293,0.6992618000921348
304.4,0.00216390213,0.8113720849087213,0.6993803135333987
304.5,0.00216390975,0.8119318224718113,0.6996673859868985
304.6,0.002163946475,0.8125063255203733,0.7001698837318401
304.7,0.002164014525,0.8131552466157135,0.7007684011146461
304.8,0.00216411224,0.8140288607008237,0.7014078785824697
304.9,0.00216423216,0.8151864936113743,0.7019593851728074
305.0,0.002164370505,0.8164595863351298,0.702407269471059
305.1,0.002164518915,0.8175894664161787,0.7028438754516844
305.2,0.00216467254,0.8185030038607307,0.703372800274028
305.3,0.002164827605,0.8193278038791896,0.7040252085372137
305.4,0.00216498463,0.8201069691227622,0.7048202953723548
305.5,0.00216514504,0.8207468549976308,0.7057146753849053
305.6,0.00216531311,0.8211635809799442,0.7065935045138205
305.7,0.002165491565,0.8213895180404049,0.7074471443528393
305.8,0.002165685205,0.8214648282994969,0.7082251911894273
305.9,0.00216589964,0.8214132496313102,0.7088639900732376
306.0,0.002166139585,0.8212530472555332,0.709382026135444
306.1,0.0021664054,0.8210272044428518,0.7098286726461901
306.2,0.002166693755,0.8207780070303838,0.7102225718162826
306.3,0.00216700474,0.8205449574041551,0.7105552664782977
306.4,0.002167339945,0.8203279424668304,0.7107795070787256
306.5,0.002167700905,0.8200798131958645,0.7109046744132299
306.6,0.00216808439,0.8197680603904784,0.7110094402450419
306.7,0.002168488485,0.8193898440509126,0.7110998552816121
306.8,0.00216890852,0.8190133744368624,0.711232292261517
306.9,0.002169341295,0.8186917256146172,0.7114483710042309
307.0,0.00216978681,0.8184506837766778,0.711643426208907
307.1,0.002170245525,0.818281854587474,0.7117142125745776
307.2,0.002170716615,0.8181557259256176,0.7116265307236159
307.3,0.00217120466,0.8180183692116174,0.7114241933071688
307.4,0.00217170764,0.8178720401089985,0.7112645564180693
307.5,0.002172223095,0.8177773210904927,0.7111185163419745
307.6,0.00217275338,0.8177581510921205,0.7109983818389013
307.7,0.00217329488,0.8177837236563207,0.7110326754643078
307.8,0.002173848705,0.8177728788784806,0.7111625300550514
307.9,0.002174414435,0.8176586631359667,0.7112656685418687
308.0,0.002174989375,0.8173880400616012,0.7113167005729335
308.1,0.00217557315,0.8169883917769527,0.711327080395061
308.2,0.002176165255,0.8166957147221591,0.7113113661486078
308.3,0.00217676292,0.8165644338483506,0.7112887655310579
308.4,0.0021773624,0.8164191226217516,0.7113998271145475
308.5,0.00217796508,0.8162380663539398,0.7116202161223821
308.6,0.00217857168,0.816094212826332,0.7119076655670004
308.7,0.002179182365,0.8159965030116201,0.7121175742217426
308.8,0.002179794025,0.8159173914254173,0.712291876065349
308.9,0.00218040799,0.8158240798404205,0.7125818073681636
309.0,0.00218101758,0.8156958086123745,0.7128888477845695
309.1,0.00218162671,0.8154623003136184,0.7130429177714868
309.2,0.00218223464,0.8151717406922732,0.7131007167931276
309.3,0.002182839305,0.8149044665556763,0.7131860298832284
309.4,0.002183437475,0.8146517505594362,0.7132479820903572
309.5,0.002184028725,0.8143562712039956,0.7132303137732735
309.6,0.00218461147,0.8139879131821769,0.7130745096272113
309.7,0.002185182025,0.8135679702089861,0.712846027876701
309.8,0.002185735705,0.8130710205166707,0.7125746256873575
309.9,0.002186270105,0.8124943183532513,0.7121955988168872
310.0,0.00218678436,0.8118393654000161,0.7116310860329635
310.1,0.0021872754,0.8111304147522511,0.7110160124568732
310.2,0.00218774219,0.81034064349188,0.7104361184353176
310.3,0.002188181845,0.8094666838315778,0.709852969723773
310.4,0.00218859927,0.8085329459462632,0.7091827046479443
310.5,0.002188990735,0.8076169643426265,0.7083136961376643
310.6,0.002189352905,0.8068814986528652,0.7072416904764798
310.7,0.002189681965,0.8063940365703637,0.7061114585370537
310.8,0.002189974165,0.8059838639503257,0.7050081563298541
310.9,0.002190231835,0.8054749950554825,0.7038621158961952
311.0,0.00219045701,0.8047869297156786,0.7025238665408043
311.1,0.002190655455,0.8039661006703339,0.7010794502032781
311.2,0.002190828405,0.8030999824252952,0.6995792643129652
311.3,0.00219097534,0.8021954425021031,0.6981658177958181
311.4,0.00219109982,0.8011770826770712,0.6968243263168087
311.5,0.00219120532,0.8000363703845528,0.695474748378309
311.6,0.00219129116,0.7989405326014982,0.6941441393762517
311.7,0.002191359445,0.7979097949014113,0.6927519928572958
311.8,0.00219141346,0.7967747814579664,0.6914898077432337
311.9,0.00219145347,0.7954443232523564,0.6906557148937056
312.0,0.002191485315,0.7939195826738632,0.6898233436369516
312.1,0.00219150945,0.7922898814848136,0.6889673664529986
312.2,0.002191523785,0.7907015927701234,0.6883870326084716
312.3,0.002191531925,0.7892259929839176,0.6879110059232291
312.4,0.002191535995,0.787882308673236,0.6875791846239716
312.5,0.00219153843,0.7866579734674642,0.6873184889823915
312.6,0.00219153765,0.7855244931212344,0.686926022378549
312.7,0.0021915331,0.7844938245361859,0.6865718455059686
312.8,0.002191528725,0.783715023717361,0.6865571114364233
312.9,0.00219152934,0.7832698914542738,0.6867338637222996
313.0,0.002191534845,0.7831287459795334,0.6869239237946564
313.1,0.00219154719,0.7833122087073177,0.6871503572267565
313.2,0.002191563035,0.7836976004445042,0.6874502410950977
313.3,0.002191581805,0.7842062117287498,0.687874802209489
313.4,0.002191600485,0.7848647963630924,0.6885116344562983
313.5,0.002191618045,0.7855488278979292,0.689328128103781
313.6,0.002191639975,0.7860934544003555,0.6901222913106819
313.7,0.00219166584,0.7864757736599266,0.6907727455032371
313.8,0.002191693505,0.7867824370852142,0.6913534689052532
313.9,0.002191722995,0.7871697012116223,0.6919329859356902
314.0,0.002191755515,0.7877326117832925,0.6924843417295805
314.1,0.00219179524,0.7884075264162484,0.6930264172587721
314.2,0.002191843015,0.7889828902611975,0.6935337404900298
314.3,0.002191900765,0.7892455399734082,0.6939740347004304
314.4,0.002191966055,0.7893583796983399,0.6943831203294102
314.5,0.00219204513,0.7896744364856617,0.6947214384422753
314.6,0.002192135415,0.7901944329016838,0.6948922531180363
314.7,0.002192237625,0.7907055574600523,0.6948057713554683
314.8,0.002192352795,0.7912181271510413,0.6944739563393961
314.9,0.00219248044,0.7918377623196647,0.6940012283264398
315.0,0.002192616245,0.792670956673694,0.6935071688993657
315.1,0.00219276187,0.7937237546373943,0.6930363635411134
315.2,0.00219291596,0.7948716109116071,0.6926623066702211
315.3,0.00219307896,0.7960250906366697,0.6924096158067222
315.4,0.002193247765,0.7970565948853642,0.6922057201603189
315.5,0.00219342183,0.7978373309252635,0.6919990536291952
315.6,0.002193605155,0.7983495550410608,0.6918439657662582
315.7,0.002193796255,0.7986029370549435,0.6915785765852535
315.8,0.00219399904,0.7988238350007879,0.6911911239632863
315.9,0.002194211255,0.7990884576331851,0.6909962823869106
316.0,0.002194428175,0.7994229807021247,0.6910903353877738
316.1,0.00219465181,0.8000411456053863,0.6913750579299686
316.2,0.00219488717,0.8009242975657928,0.6916558974636435
316.3,0.002195132195,0.8017393335142842,0.6918644866494714
316.4,0.002195379475,0.8024686291160738,0.6920666167208034
316.5,0.00219562176,0.8033173366546265,0.6923551908555915
316.6,0.002195857875,0.8041345591516047,0.692697812950392
316.7,0.002196081525,0.804711562907919,0.6930115700918913
316.8,0.002196292785,0.8051328630491359,0.6932755518393872
316.9,0.00219648937,0.8056556491994344,0.6935455968607044
317.0,0.002196673255,0.8064963268271647,0.693795296927997
317.1,0.00219685306,0.8074914325833744,0.6941072696448691
317.2,0.00219703113,0.8083675222434956,0.694429936343134
317.3,0.00219720117,0.8091849960678864,0.6947133771155263
317.4,0.00219735693,0.8099945216628633,0.6948490562190495
317.5,0.00219749942,0.8106085899293045,0.6948303448932047
317.6,0.002197629765,0.8109889802509864,0.694855716395475
317.7,0.002197749,0.8112910632341851,0.6948069023288236
317.8,0.002197861085,0.8116328433821545,0.6945290598745401
317.9,0.00219796301,0.8120551990985032,0.6941352046867448
318.0,0.002198056305,0.8125470279947932,0.6936647134877579
318.1,0.00219813937,0.8130164510522779,0.6931431588417796
318.2,0.00219821604,0.8133026627093906,0.6926112872055269
318.3,0.00219828694,0.8132727673136989,0.6919180947865122
318.4,0.00219835132,0.8129033160176368,0.6910972908739088
318.5,0.002198409905,0.8123063945638989,0.6902904796149845
318.6,0.00219846285,0.8118688649550333,0.6894503486243763
318.7,0.002198509925,0.8118586233629826,0.6886571844439391
318.8,0.00219855152,0.8122764174867982,0.6879760557407143
318.9,0.00219858325,0.8129144435388158,0.687439980653491
319.0,0.002198610385,0.8133947427900673,0.686943508483259
319.1,0.00219863743,0.813606750028702,0.686481505867622
319.2,0.002198670015,0.8135225427792152,0.685978386087335
319.3,0.00219870456,0.8132435442188353,0.685411617639886
319.4,0.002198749055,0.81306752706564,0.6849075113995058
319.5,0.00219881235,0.8130539302526352,0.6845394675369524
319.6,0.002198899335,0.8131935112142341,0.6841600008435106
319.7,0.002199011065,0.8133472544755156,0.6837820421145425
319.8,0.00219914363,0.8134057257979842,0.6835113687746945
319.9,0.002199299625,0.8134151191600184,0.6834167125880418
320.0,0.00219947785,0.813533726849062,0.6833932700236608
320.1,0.00219967751,0.8136846740928818,0.6833511601157322
320.2,0.00219989893,0.813753650901184,0.6834546504609266
320.3,0.00220014533,0.8138496265567511,0.6837118966337732
320.4,0.002200414725,0.8139961253053734,0.683941679003642
320.5,0.00220070795,0.8139699809713102,0.6841579336755446
320.6,0.002201020985,0.8136563243607757,0.6844124906450796
320.7,0.002201357755,0.813163992809661,0.684689227258749
320.8,0.00220171741,0.8127167870954225,0.6850060128955664
320.9,0.00220209521,0.8123104472184219,0.6853288995053171
321.0,0.002202486635,0.8117765398301295,0.6856714650514498
321.1,0.00220289358,0.8109619751205364,0.6859838775912934
321.2,0.00220331605,0.8098327799066859,0.6862938334056818
321.3,0.0022037564,0.8085204989561696,0.6865926491325207
321.4,0.002204215875,0.8072663940184125,0.6868186113257229
321.5,0.002204690805,0.806151493051136,0.6870388432539247
321.6,0.00220517882,0.804960678638978,0.6872068933281505
321.7,0.0022056802,0.8033309460340018,0.6872944997808885
321.8,0.002206191195,0.8013063026660987,0.6874131954345265
321.9,0.00220670685,0.7998053879262902,0.6875197268414097
322.0,0.00220722777,0.79975803155863,0.687538488432737
322.1,0.002207751895,0.8002536115165485,0.6873223217254287
322.2,0.002208281075,0.7994514309651957,0.6869619370657649
322.3,0.002208809925,0.7968914225100089,0.6867739567277447
322.4,0.002209340365,0.7944152820123026,0.6868241656615344
322.5,0.00220987039,0.793894091791072,0.6869602594552879
322.6,0.00221040425,0.794108863631242,0.6869743652063025
322.7,0.002210941825,0.7927386579953788,0.686888467779968
322.8,0.00221147938,0.789685344095355,0.6867238923072171
322.9,0.002212015345,0.7871651647518304,0.6867322049613784
323.0,0.00221255015,0.7867443484158821,0.6868535207032895
323.1,0.00221308511,0.7870584888316852,0.6866848737264595
323.2,0.002213621675,0.7863142266824938,0.6863236722527056
323.3,0.00221415981,0.784710173455868,0.6861823319992206
323.4,0.002214699535,0.7836521792979186,0.6863483903037041
323.5,0.00221523903,0.7838455506089324,0.6866586162950609
323.6,0.002215772335,0.7844450481686464,0.6869075058314488
323.7,0.002216294015,0.7855879281600957,0.686946065739679
323.8,0.002216801925,0.7860113645843172,0.6868048511499001
323.9,0.002217294715,0.7847226769946293,0.6867170939007148
324.0,0.002217779925,0.7839006290113351,0.6867832307092581
324.1,0.00221825389,0.785411760210453,0.6867828851340662
324.2,0.002218707695,0.7882804050111136,0.6866650754095566
324.3,0.0022191403,0.7900410729147062,0.6865053505558628
324.4,0.00221955106,0.7905960980888158,0.6862132075718201
324.5,0.00221994012,0.7911749239688691,0.6858113853050555
324.6,0.00222030972,0.7921094346859766,0.6853176588868025
324.7,0.00222065665,0.7930134531047884,0.6847365145113709
324.8,0.00222098044,0.793434992007047,0.6842149221662807
324.9,0.00222128402,0.7934942550108643,0.6836939581397212
325.0,0.00222156691,0.7936037583643978,0.6833853909092855
325.1,0.002221835,0.7939949243488816,0.6831410189831334
325.2,0.00222208989,0.794572261114017,0.6827836439692317
325.3,0.002222328495,0.7952336668985628,0.682429869220511
325.4,0.00222254939,0.7958404089709358,0.6820567673937853
325.5,0.002222750135,0.7964059144981379,0.6815429222161788
325.6,0.002222926905,0.797144773107965,0.6811162499515242
325.7,0.0022230786,0.7980393164833336,0.6808886415637716
325.8,0.00222320572,0.798829646947197,0.6806483411416985
325.9,0.002223309465,0.7992882315100269,0.6803585920512579
326.0,0.002223386035,0.7993742608832528,0.6800873029592499
326.1,0.002223432,0.7991873989522174,0.679811621920712
326.2,0.0022234507,0.798915512957605,0.6794717330115202
326.3,0.002223447995,0.7987290845663557,0.6791085523343946
326.4,0.002223417685,0.798662181209205,0.6787309140478772
326.5,0.002223364855,0.7986590898820336,0.6783027338187488
326.6,0.00222329043,0.7987979294277664,0.677768713333121
326.7,0.00222319919,0.7991936067393008,0.6771642834729409
326.8,0.002223089345,0.7997791116453357,0.6766154786522853
326.9,0.00222296549,0.8003861176114917,0.6761071626777492
327.0,0.00222282968,0.8010172133101154,0.6755606072374336
327.1,0.00222268084,0.8016479634335472,0.6749665446330104
327.2,0.00222251826,0.8022160199339841,0.6743372019430873
327.3,0.00222234816,0.8027449950218101,0.6737758119022614
327.4,0.002222175285,0.8031864076391955,0.673420937596112
327.5,0.00222199776,0.803183209497874,0.6731132688611753
327.6,0.00222181935,0.8026722922846208,0.6729835022350261
327.7,0.002221641785,0.8022038933863411,0.6730841777132031
327.8,0.002221466285,0.8013067299226995,0.6733387158331822
327.9,0.00222129866,0.7987355373976661,0.6736961285461958
328.0,0.002221140845,0.7960536225811495,0.6742563310649986
328.1,0.002220994915,0.7966225210284175,0.6749556056073905
328.2,0.002220865425,0.7956091500525198,0.6756729568739113
328.3,0.002220758175,0.7964206988331656,0.6765102415815754
328.4,0.002220679895,0.7994781093700098,0.6775220480443318
328.5,0.00222063269,0.8024419821271861,0.6784579976108744
328.6,0.0022206154,0.805371975949186,0.6792086120604114
328.7,0.002220622145,0.8079296156435118,0.6800077264173344
328.8,0.002220654915,0.8099924607780826,0.6808941205013596
328.9,0.00222070994,0.8117141729327706,0.6817333906955807
329.0,0.002220784335,0.8129742720293107,0.6825535851392093
329.1,0.002220878635,0.8140442105225292,0.6834218962159203
329.2,0.002220994445,0.8151333567132316,0.6842519238445547
329.3,0.00222113595,0.8161493477774027,0.6849150952041715
329.4,0.002221305795,0.8173444975874224,0.6855127455074052
329.5,0.00222150471,0.8189220106393107,0.685898658748972
329.6,0.002221728065,0.820707955797394,0.6860795202380393
329.7,0.00222197179,0.8225554510387464,0.6860988535992295
329.8,0.002222236345,0.8244491339752921,0.6861315638619386
329.9,0.00222251552,0.8263609816005606,0.6862903022555392
330.0,0.00222281169,0.8282079741870886,0.6864894163979237
330.1,0.00222312987,0.829824210510025,0.6865862779826192
330.2,0.002223475115,0.8311167308427502,0.6865227047136812
330.3,0.002223847875,0.8321104919973044,0.686309421988429
330.4,0.002224248865,0.8328290747681452,0.686063969354404
330.5,0.00222467497,0.8333541479978955,0.6858029972526704
330.6,0.00222511513,0.8337151232769784,0.6856200371797105
330.7,0.00222556523,0.8339079165349439,0.6856506362921565
330.8,0.00222602076,0.8339689639633885,0.6857599888492426
330.9,0.00222648293,0.8339200744985132,0.6858924069795915
331.0,0.002226948495,0.8338016238891023,0.6861437909405464
331.1,0.002227422355,0.8336896952260402,0.6865658324976297
331.2,0.00222791013,0.8336010206318,0.6870720310387173
331.3,0.00222841546,0.8335193894882891,0.6875594051566246
331.4,0.002228935855,0.8334793216155852,0.688082555731671
331.5,0.002229470455,0.8335106055952296,0.6886164505535927
331.6,0.00223001736,0.8336587442552171,0.6891531099770495
331.7,0.00223057325,0.8338751308740111,0.6896508890498254
331.8,0.002231132645,0.8340605916547229,0.6900768764472817
331.9,0.00223169527,0.8344117400319854,0.6904485896900544
332.0,0.002232257835,0.8349145770689337,0.6907804612547943
332.1,0.002232816975,0.8353880464977561,0.6910624757441217
332.2,0.00223337242,0.8357735199163515,0.6912812059910353
332.3,0.00223392387,0.8360380797168957,0.6914510907553708
332.4,0.00223446832,0.8361728037762521,0.6915529914546826
332.5,0.00223500389,0.8362813395192484,0.6915596013656258
332.6,0.00223552716,0.8366829732904539,0.6914520709322787
332.7,0.002236038395,0.837097726352581,0.6912447949321802
332.8,0.00223653524,0.8365034501198572,0.6909633459295303
332.9,0.00223701927,0.835427869326233,0.6906737287859812
333.0,0.002237489205,0.8339198671533982,0.6904658119009813
333.1,0.002237945935,0.8290642718134921,0.6902465664328726
333.2,0.00223839651,0.8261127266658886,0.6901036616662461
333.3,0.00223884259,0.8229644424199467,0.6900138560986506
333.4,0.002239278115,0.8255505826428259,0.689782239038672
333.5,0.00223969366,0.8286261578683931,0.6893836463291552
333.6,0.00224008696,0.8294386239940938,0.6889962816717823
333.7,0.002240458075,0.8302131962292071,0.6885209272873676
333.8,0.002240815965,0.8299742718247163,0.6879435214071937
333.9,0.00224116249,0.8296061902630512,0.6874915153393805
334.0,0.002241500885,0.8302126244593441,0.6873044774791564
334.1,0.00224183362,0.8313291527716152,0.6873968528695426
334.2,0.002242165015,0.8322947401232521,0.6875463172816297
334.3,0.002242496365,0.8328476541470985,0.6876144081608037
334.4,0.002242832115,0.8337282362847144,0.6876454093971093
334.5,0.002243175425,0.8345512644449166,0.6877614912456594
334.6,0.00224353355,0.835198024124511,0.6882826374845928
334.7,0.002243906895,0.8363745317237246,0.6892426579340474
334.8,0.002244295095,0.8380057974259157,0.6904244245593629
334.9,0.0022447104,0.8395573483561148,0.6916932635666654
335.0,0.002245157665,0.8406583320679359,0.6928843732885328
335.1,0.00224563396,0.8406920979057768,0.69382982303126
335.2,0.002246138555,0.8387971520489844,0.6946873710115398
335.3,0.00224667381,0.8345254279869334,0.6955357015589739
335.4,0.002247242525,0.8285231136293554,0.6963512904277724
335.5,0.00224783543,0.8208797883491747,0.6971101798323589
335.6,0.002248456455,0.8108769384905888,0.6977526166804621
335.7,0.00224910428,0.8042895967490593,0.6982294350470533
335.8,0.002249773965,0.8034111383280773,0.6984787958223393
335.9,0.00225046379,0.7976143281123412,0.6985440844008661
336.0,0.00225116062,0.7907162200255186,0.6985551553733774
336.1,0.0022518614,0.7915087307546838,0.6985053988289299
336.2,0.002252558015,0.7866583693081387,0.698304682474292
336.3,0.002253250225,0.7889863837122283,0.6979431102926051
336.4,0.002253929685,0.7927493268440303,0.6975450516538394
336.5,0.002254584655,0.7921591535313123,0.6971958070817251
336.6,0.002255210085,0.7925233332349018,0.6969941670988471
336.7,0.002255805485,0.793893865596401,0.6969961211694776
336.8,0.002256366195,0.7945233276668449,0.6971414198297061
336.9,0.002256891645,0.7926734322487049,0.6972239620350866
337.0,0.002257385145,0.7894772324316104,0.6971520635456165
337.1,0.00225784468,0.7873642600446591,0.6970649848804443
337.2,0.00225827717,0.7862065517358847,0.6970938561169308
337.3,0.00225867844,0.7859471315809219,0.6971269308043878
337.4,0.002259053575,0.7888009292147016,0.697095741072523
337.5,0.00225940581,0.7926602564091159,0.6970137266547084
337.6,0.002259736855,0.7974634562667453,0.6968655440124238
337.7,0.002260050515,0.8021382717989929,0.696652066508427
337.8,0.00226035082,0.8056827360112938,0.6963415012250638
337.9,0.002260644485,0.8085514624933635,0.6961729987614959
338.0,0.00226093854,0.8114372666730978,0.6962813522921182
338.1,0.00226123915,0.8142842533340046,0.6963540675956782
338.2,0.00226155254,0.8168940434663801,0.6963614566215994
338.3,0.00226187758,0.8191372977006759,0.6965340557219877
338.4,0.002262221645,0.8209447753348069,0.6967285014576889
338.5,0.00226258598,0.8221583914264445,0.6967675577375584
338.6,0.002262969705,0.8227155214676323,0.696668899161865
338.7,0.002263367875,0.8226464504115504,0.6965328870495205
338.8,0.002263779235,0.8216771748301384,0.6963660873291708
338.9,0.002264202255,0.8202314138909562,0.696109042218254
339.0,0.00226463457,0.8193493803375345,0.6958779026803589
339.1,0.00226507755,0.8194225228976953,0.6958259344546832
339.2,0.00226553279,0.8197402761450501,0.695834071179656
339.3,0.00226599895,0.8194957282897093,0.6958952819709185
339.4,0.002266474475,0.8190272477100207,0.6960445390378905
339.5,0.002266961835,0.8191838121215049,0.6962458083128354
339.6,0.002267457685,0.8202554156588296,0.6963855966195496
339.7,0.002267962435,0.8216709670430549,0.69635298060462
339.8,0.002268476745,0.8227462776597108,0.6961045183248329
339.9,0.00226899727,0.8232768926589021,0.695792099501804
340.0,0.00226952126,0.8232436420422566,0.695757001628678
340.1,0.00227005402,0.8228060810174646,0.6958751946274915
340.2,0.00227059365,0.8222378046055421,0.6959788734682453
340.3,0.00227114265,0.8215045066147116,0.6961273765529804
340.4,0.0022717038,0.820396290956602,0.6964844374076169
340.5,0.00227227888,0.8194182377653159,0.6968825337454945
340.6,0.002272865365,0.8188327391424663,0.6971836177022291
340.7,0.00227346004,0.818435874308909,0.6972672406154824
340.8,0.002274063405,0.8191971953062093,0.6970635020487118
340.9,0.002274675035,0.8207520072095826,0.6966397074829279
341.0,0.00227529772,0.8219250841896184,0.6958820998481441
341.1,0.0022759328,0.8228406825189511,0.6951977478708568
341.2,0.002276579755,0.8238049189857469,0.6946548995098724
341.3,0.00227723507,0.8250033863176089,0.6944387453689347
341.4,0.00227789882,0.8264170841621685,0.6946204111057211
341.5,0.002278573695,0.8279363583694445,0.6951183284085739
341.6,0.00227926398,0.8294155772703873,0.6956761370337747
341.7,0.00227996886,0.8306397176974143,0.6959785907249064
341.8,0.00228068239,0.831460094353417,0.696164736372817
341.9,0.002281401885,0.8320422440384978,0.6963825304251197
342.0,0.002282125695,0.832761241499569,0.69659485182302
342.1,0.002282860845,0.833744673097478,0.6967592011010998
342.2,0.00228360947,0.8345238760401626,0.6970829924895348
342.3,0.002284369135,0.8348466684021336,0.6977550545563612
342.4,0.00228513798,0.8349215891037365,0.6986875797869117
342.5,0.0022859108,0.8350953568765919,0.6996035739569187
342.6,0.002286687025,0.8354924353384496,0.7004535506989035
342.7,0.002287457835,0.8361479726279184,0.7012794879739027
342.8,0.00228821918,0.8370230004297228,0.7020494169350739
342.9,0.00228896724,0.83802961069823,0.7027817661649229
343.0,0.002289700575,0.8390761317598084,0.7035915619368681
343.1,0.002290423235,0.8400536131812318,0.7044594457569782
343.2,0.002291140345,0.8409053052328052,0.7053789647939428
343.3,0.00229185419,0.8416994118910385,0.7063234029438356
343.4,0.002292568505,0.8424772388161408,0.7072530190595886
343.5,0.00229328528,0.8431100435411681,0.7081129797830263
343.6,0.0022940031,0.8434698061654864,0.7088551747642516
343.7,0.00229471603,0.8436337030542242,0.7093369002985678
343.8,0.0022954142,0.8437473910091724,0.7094922394889172
343.9,0.002296090785,0.8439615345308118,0.7095278274504971
344.0,0.002296746605,0.8443914803350113,0.7096218804513603
344.1,0.00229738759,0.844975181966863,0.7098415845919964
344.2,0.00229801938,0.8455260413891141,0.7101813918197792
344.3,0.002298649995,0.8458720626871659,0.710689431334162
344.4,0.00229928451,0.845919111178746,0.7111885487254084
344.5,0.00229992668,0.845708102966575,0.7114742200285845
344.6,0.002300572815,0.8453699544997131,0.7115909364788507
344.7,0.0023012217,0.8449987816108768,0.7116050610794212
344.8,0.00230187011,0.8447031954412859,0.7114349249876735
344.9,0.002302515595,0.8445433009415887,0.7109871914858691
345.0,0.002303151665,0.844513298731747,0.7103541103006884
345.1,0.00230377112,0.8445317084646969,0.7096052362934815
345.2,0.002304370565,0.8445445450122796,0.7088170923781049
345.3,0.0023049424,0.8445178728906506,0.7080105889952606
345.4,0.00230548227,0.8444444664367068,0.7071028572139324
345.5,0.00230599531,0.8444161606868981,0.70594611023251
345.6,0.002306480245,0.8444187556424297,0.7047811762606323
345.7,0.002306940905,0.8443884204237668,0.7036417143219901
345.8,0.00230738268,0.8443211212259416,0.702504162471681
345.9,0.002307804775,0.8442258807030553,0.7013884698230558
346.0,0.002308206015,0.8441947475198582,0.7001887835532442
346.1,0.00230858133,0.8442079233594474,0.6988728457888791
346.2,0.002308922615,0.8442380198170688,0.6975963287291312
346.3,0.00230922715,0.8443613524614634,0.6964810067884392
346.4,0.002309497385,0.844590493946431,0.6953626312196877
346.5,0.0023097344,0.8448193338385038,0.6942978575047918
346.6,0.0023099395,0.8449024352473765,0.6932371238780484
346.7,0.002310116275,0.8448127804762284,0.692038995838193
346.8,0.002310265945,0.844731752518507,0.6907183142689209
346.9,0.00231038219,0.8448142067592931,0.6893354165987373
347.0,0.002310468535,0.8448944430356657,0.6880700144937979
347.1,0.002310526475,0.8448528169330058,0.6869748804274977
347.2,0.00231056052,0.8447255698641648,0.6858480602576934
347.3,0.00231057594,0.8445028812105076,0.6848229397252711
347.4,0.002310577275,0.8442566808774311,0.6838621527272091
347.5,0.002310569125,0.8440812480604694,0.6829118837813513
347.6,0.00231055453,0.8439769283348143,0.6821902034001539
347.7,0.002310538785,0.8437927430407196,0.6818554164374314
347.8,0.00231052667,0.8433748798018657,0.6818280657317893
347.9,0.0023105219,0.8426745936666392,0.6820223543878579
348.0,0.00231053025,0.8417899525913148,0.6823994209045123
348.1,0.00231056119,0.8410532742467893,0.6829880359872743
348.2,0.00231061795,0.8406942844542635,0.6837375948616795
348.3,0.00231070396,0.8405803514550885,0.6845880931080447
348.4,0.002310822835,0.8404923051793791,0.6854549464857644
348.5,0.002310973205,0.8404018210277704,0.6863795234869012
348.6,0.002311156785,0.8404222979286864,0.687353907297968
348.7,0.00231137059,0.840627324548445,0.6882944184570438
348.8,0.00231161229,0.8410616371664331,0.689148026880136
348.9,0.00231188125,0.8417128327748545,0.6900298719379986
349.0,0.0023121795,0.8425474911110604,0.6910047772534459
349.1,0.00231250596,0.8435272156296383,0.6918044068315641
349.2,0.00231286294,0.8445454686405197,0.6924645057135659
349.3,0.0023132498,0.8455596501473223,0.6935084695187242
349.4,0.002313667865,0.8465988073157207,0.6949048446213918
349.5,0.00231411806,0.8476566066949256,0.6963503228172351
349.6,0.00231459974,0.8486893235983843,0.6977646238475841
349.7,0.002315112415,0.8496551308615068,0.6990084117950668
349.8,0.00231565577,0.8505043724708105,0.6999330767607979
349.9,0.00231622497,0.8511477517967098,0.7006338592676635
350.0,0.002316819985,0.8514529512398207,0.7013830034518386
350.1,0.00231743869,0.8513217897465333,0.7021373249807067
350.2,0.002318081855,0.8507714643950333,0.7029480569472627
350.3,0.00231874984,0.8499345692448582,0.7038355945710136
350.4,0.002319446715,0.848849576239644,0.7045677615884887
350.5,0.00232017252,0.8476675834196572,0.7049914870392343
350.6,0.002320925655,0.8465804289986972,0.7052293684349641
350.7,0.002321703705,0.8455393680251506,0.7054248823121676
350.8,0.00232250732,0.8443988190954501,0.7056127935351494
350.9,0.00232333402,0.8430404635470764,0.7057956970594413
351.0,0.00232417853,0.8416783066715916,0.7059308797913253
351.1,0.00232503487,0.8407287037433763,0.7060266732345186
351.2,0.00232589543,0.8400446470757985,0.7060972773878155
351.3,0.002326748155,0.8393821291674535,0.7061136325191699
351.4,0.002327588705,0.8389187191183077,0.7060249830576709
351.5,0.00232841107,0.8388190552329652,0.7059162776686715
351.6,0.002329202075,0.8389420925676505,0.7058984899710669
351.7,0.002329961485,0.8391250840565367,0.7058189071459661
351.8,0.002330683685,0.8393340565166683,0.7056480861870198
351.9,0.00233136728,0.8395149619880325,0.7054494558499039
352.0,0.002332011115,0.8395192785363386,0.7052025769328143
352.1,0.002332615045,0.8394824967695503,0.7048845597916766
352.2,0.002333177695,0.8397632860377429,0.7045994225592516
352.3,0.002333695125,0.8404441194312582,0.7044370399181729
352.4,0.002334173025,0.8414264137726268,0.7043593483318495
352.5,0.00233461658,0.8426782567636733,0.7042846475417325
352.6,0.00233503156,0.8441809433617384,0.704125155165895
352.7,0.00233541965,0.8457780159694879,0.7040074962378328
352.8,0.0023357819,0.8472463209775521,0.703993754911566
352.9,0.00233612042,0.848343126371144,0.7039483651809069
353.0,0.00233643673,0.8489917018912924,0.7038549216490185
353.1,0.00233673172,0.8494833674247645,0.7037583616572178
353.2,0.002337005355,0.8502340886884514,0.7036571081259926
353.3,0.00233726121,0.8513243470029533,0.7034886433615365
353.4,0.00233749737,0.8525394710590648,0.7032617386905383
353.5,0.002337715135,0.8537492041421826,0.7029299865063193
353.6,0.00233791263,0.854909739884345,0.7025020513214179
353.7,0.00233809122,0.8555515295643618,0.7020539219789391
353.8,0.0023382531,0.8546210903513333,0.7015976244955612
353.9,0.002338402025,0.8521556187022785,0.7011721020538177
354.0,0.002338540905,0.8502233570079468,0.7007691802296243
354.1,0.002338674525,0.849827340404406,0.7003028108001988
354.2,0.00233881313,0.8499626425168108,0.6996652936861912
354.3,0.002338958985,0.8492486401880588,0.6988117229622108
354.4,0.002339112995,0.8465085870578949,0.6977473702207305
354.5,0.00233927683,0.8420923685833348,0.696640712792577
354.6,0.002339449495,0.8389355643381162,0.6955803121746549
354.7,0.00233963162,0.8391794901581116,0.6945676951809939
354.8,0.00233982657,0.8408564157679301,0.6936535859665789
354.9,0.00234004039,0.8413205295338302,0.6928363697527858
355.0,0.002340272925,0.8402569684736986,0.69208679831201
355.1,0.0023405243,0.8389831280508917,0.6911111075983993
355.2,0.00234079622,0.8385334341952714,0.6898821354018708
355.3,0.00234108687,0.8387107771005667,0.6887536124888484
355.4,0.0023413952,0.8385579637507107,0.6876856029335193
355.5,0.00234172042,0.8374386331377925,0.6867301189438565
355.6,0.002342061375,0.8358122934528821,0.686205718014934
355.7,0.002342415595,0.8350133927242597,0.6861343724457709
355.8,0.00234277905,0.835269225180412,0.6863392168531557
355.9,0.002343150555,0.8353966921607389,0.6866948891238391
356.0,0.00234352519,0.8343987464047701,0.6871657510307592
356.1,0.00234390468,0.8325001374509438,0.6877756158462299
356.2,0.0023442886,0.8312283579129175,0.6885375588788757
356.3,0.00234467496,0.8311881895092488,0.6893751011971375
356.4,0.002345063495,0.8309497112109147,0.6901985817466817
356.5,0.00234545344,0.8297421646762837,0.6910147235357872
356.6,0.002345845865,0.8290436692488699,0.6918594349684843
356.7,0.002346238725,0.8291535181775954,0.6927409972830083
356.8,0.002346630095,0.8288405527174447,0.6936755268496716
356.9,0.002347026025,0.8288295885590837,0.6946577269432606
357.0,0.00234742751,0.8300834798685405,0.6956660022558743
357.1,0.00234783582,0.8322701791518864,0.6967359470322779
357.2,0.002348248655,0.8342239356231537,0.6978529842825589
357.3,0.002348662755,0.8352847320817501,0.6988859399470593
357.4,0.00234907471,0.8356858192158341,0.6998890944636476
357.5,0.00234948233,0.83594704264498,0.7007843415557705
357.6,0.002349884495,0.8361799477579466,0.7015615841446392
357.7,0.002350283045,0.8360397698937434,0.7023246770001962
357.8,0.002350677425,0.835400173045399,0.7030670416274247
357.9,0.00235106652,0.8347487575254918,0.7037433008620365
358.0,0.00235145672,0.8345438125871423,0.7043600394822334
358.1,0.00235184687,0.8348452484022543,0.7049531533256751
358.2,0.00235223838,0.8354260974679765,0.7055671901761899
358.3,0.00235263137,0.8359142821167883,0.7061355105704096
358.4,0.002353027645,0.8359912008713188,0.7065228815109679
358.5,0.00235343123,0.8355839436492634,0.7066756760112678
358.6,0.00235384402,0.8349344507840603,0.7066125425653013
358.7,0.002354271145,0.8344536740107255,0.7063698231168849
358.8,0.00235470972,0.8343453581792151,0.7060040851833393
358.9,0.002355164005,0.8344475102059391,0.7055087062873506
359.0,0.002355636355,0.8345963400163102,0.7049842865088722
359.1,0.002356130465,0.8346611196568273,0.7044722760213754
359.2,0.00235664758,0.8344384749854674,0.7037743586470099
359.3,0.00235718364,0.8339325780372745,0.7029512676549546
359.4,0.00235773446,0.8334797677217419,0.7022671041732265
359.5,0.0023582951,0.8334567775467031,0.7017200397949009
359.6,0.00235886334,0.8338646253881774,0.7010541917983432
359.7,0.00235943527,0.8339395209570389,0.7001799619610729
359.8,0.00236000585,0.8330437774932767,0.6993706562775817
359.9,0.002360574345,0.8311174973913578,0.6986827919997075
360.0,0.00236113882,0.8283144239125627,0.6980137835609402
360.1,0.00236169841,0.8258977977460858,0.6973220676904729
360.2,0.002362251395,0.8242823216885717,0.6965103429806383
360.3,0.00236279774,0.8236748067844059,0.6957058941993896
360.4,0.00236334214,0.8245076555632431,0.6950820681461661
360.5,0.00236388339,0.8247589829755302,0.6944759041268413
360.6,0.00236441835,0.8225100047594196,0.6937736199386872
360.7,0.00236494616,0.8202154483170907,0.6930615465478247
360.8,0.002365465735,0.8201007927516053,0.6923604435985082
360.9,0.002365976225,0.8202745793740165,0.6914624696039621
361.0,0.002366474935,0.8195204400575223,0.6904099857995271
361.1,0.002366963625,0.8191004970843317,0.6894892352582424
361.2,0.002367446255,0.8191427577887077,0.6889255895538912
361.3,0.002367928145,0.8183893410385239,0.688552801886431
361.4,0.002368415265,0.8170994910595542,0.6882742808481342
361.5,0.002368910015,0.8160777320312712,0.6882798289007604
361.6,0.002369416045,0.81580709010735,0.6884288786226175
361.7,0.00236993615,0.8157687940929026,0.6884871111840444
361.8,0.002370474645,0.8163735820946451,0.6888712839832812
361.9,0.002371035195,0.8174486225343329,0.6896757641804566
362.0,0.00237162117,0.8184039871434748,0.6906226841885458
362.1,0.002372231855,0.8193291610472159,0.6916474654289614
362.2,0.00237286529,0.8195989610243062,0.6927171274620262
362.3,0.002373520945,0.8198803534782881,0.6937558322410827
362.4,0.002374195425,0.8211788868193525,0.6947691466683127
362.5,0.002374884775,0.8230353607325088,0.6957407910105856
362.6,0.00237558927,0.8249319527838516,0.6966444010223523
362.7,0.002376304065,0.8264165375250467,0.6974778655533497
362.8,0.002377027425,0.8274326982352209,0.6982440057537806
362.9,0.002377756,0.8282587486075558,0.6989970140969196
363.0,0.00237848865,0.8290593206634702,0.6996942466040866
363.1,0.002379221625,0.829691522202708,0.7002447101856634
363.2,0.00237995743,0.8298541875871256,0.7006307867900483
363.3,0.002380692265,0.8294248009864182,0.7008277897821696
363.4,0.00238142736,0.8285290009739883,0.7008624226995828
363.5,0.00238216095,0.8276287524663609,0.7007360741262407
363.6,0.002382895835,0.826913072527132,0.7004338403465948
363.7,0.00238362919,0.8263372123105436,0.6999722461380028
363.8,0.00238435993,0.8259743080935714,0.69935773804859
363.9,0.002385087045,0.8256864125427964,0.6985540997982459
364.0,0.002385805695,0.8252663941713823,0.6974904382071493
364.1,0.002386512645,0.8247505572240333,0.696080466291477
364.2,0.00238720108,0.8242093299248582,0.6945369012898034
364.3,0.002387868975,0.8235925850214761,0.693078919555199
364.4,0.00238851491,0.8229188327778019,0.6915514897733942
364.5,0.002389132485,0.8223306449516409,0.6902516306802302
364.6,0.00238971853,0.8218831690604341,0.6893315273070322
364.7,0.002390271525,0.8214621328130002,0.6886199251550675
364.8,0.00239078892,0.8209898132070887,0.687801942392667
364.9,0.002391273645,0.8205689905879551,0.6869715566224702
365.0,0.00239172229,0.8202561884906225,0.6860252021010587
365.1,0.00239213307,0.8200354413412254,0.6850158083814603
365.2,0.002392504065,0.8199212947137497,0.6841102128831366
365.3,0.002392835345,0.8199532949765194,0.6830849164215256
365.4,0.002393128405,0.8200289319612472,0.6820506161553695
365.5,0.00239338411,0.8199310901996437,0.6810448289841375
365.6,0.002393596225,0.8195129693501922,0.6801128566738942
365.7,0.002393768705,0.8188823888727635,0.6793432858542855
365.8,0.002393905145,0.8182593733504449,0.6789737528768144
365.9,0.00239400483,0.8177811726830861,0.6787382465251306
366.0,0.00239407199,0.8174567718256764,0.6785965355637126
366.1,0.002394115235,0.8172346549418822,0.6783309139048515
366.2,0.002394134795,0.8169664006283777,0.678263608423841
366.3,0.00239413448,0.8165173602240293,0.6784510232751835
366.4,0.00239412451,0.8159379625741132,0.6786811826361708
366.5,0.00239410974,0.8152423197128287,0.6789351050039899
366.6,0.00239409064,0.81446456818595,0.679181971354709
366.7,0.002394065865,0.8137266583371042,0.6793850816029489
366.8,0.00239403884,0.8132003284702926,0.6796189857423792
366.9,0.00239401634,0.812919583184397,0.6799442976616584
367.0,0.002394004365,0.8127075382466503,0.6804436161148347
367.1,0.002394004605,0.812416381722701,0.6808933602359373
367.2,0.002394023785,0.8121346436935271,0.6810738384507008
367.3,0.00239405942,0.8120353693656737,0.6810410465065826
367.4,0.0023941078,0.8121522491787577,0.6809940042981878
367.5,0.002394169575,0.8124998475563217,0.6810506409305467
367.6,0.00239424626,0.8130527113146856,0.6811124109253016
367.7,0.002394338305,0.8137474179813592,0.6812128225096956
367.8,0.00239444671,0.8144633869471124,0.681329218517511
367.9,0.002394570735,0.8150187137141168,0.6813518442678023
368.0,0.00239470669,0.8152790260813932,0.6813689345318378
368.1,0.002394851775,0.81534195846543,0.6812762763981128
368.2,0.00239500223,0.8153904835055573,0.6809450897005713
368.3,0.002395154155,0.8155050196905219,0.6806273553027726
368.4,0.00239530282,0.8156452792361341,0.6803841708986436
368.5,0.00239544518,0.8157555994037575,0.6802954900212179
368.6,0.002395579535,0.815846510811967,0.6804250053199549
368.7,0.00239570574,0.8159048690371002,0.6806115091094279
368.8,0.00239582174,0.8158655865625597,0.6807689280341139
368.9,0.002395923685,0.8156946525062778,0.6809056438632128
369.0,0.002396014135,0.8152639024543589,0.6810448352673228
369.1,0.002396093155,0.8145441510110509,0.6810879316353448
369.2,0.0023961649,0.8135423599456741,0.6809156718269631
369.3,0.0023962226,0.8125724371961754,0.6807148172422486
369.4,0.00239626709,0.8120493494529821,0.6806558746808818
369.5,0.00239630349,0.8121975320952666,0.6807397552047327
369.6,0.002396335725,0.8130154771585553,0.6809800493436206
369.7,0.00239636873,0.814223287586969,0.6812003629532314
369.8,0.00239640599,0.8153172781135434,0.6812844382558269
369.9,0.00239645379,0.8160008823917791,0.6814036177147333
370.0,0.002396514735,0.8161708425543384,0.6816447663668229
370.1,0.002396590445,0.8160333287607054,0.6818719663475306
370.2,0.002396686075,0.8159239385045074,0.6820045729734385
370.3,0.002396809575,0.8160189842486492,0.6820031843894857
370.4,0.00239696053,0.8162244318418233,0.6818427432526668
370.5,0.00239713603,0.8164245387274863,0.6816023485828142
370.6,0.002397333735,0.8165578742028902,0.6814002373610382
370.7,0.002397551165,0.8166480818943452,0.6813112674570885
370.8,0.002397790145,0.8167440387003564,0.68121046003202
370.9,0.00239805132,0.8167966163950069,0.6810079781023108
371.0,0.002398333065,0.8167443654259924,0.6807187693658067
371.1,0.002398629235,0.8165829880945628,0.6804471786809039
371.2,0.00239893347,0.8162501426361004,0.6802818366595454
371.3,0.00239924095,0.8156999680810477,0.6800979529583455
371.4,0.002399548595,0.8150983907869972,0.6799147289916029
371.5,0.00239985301,0.8146269131279169,0.6797913209489845
371.6,0.0024001542,0.8142692805034176,0.6796150901674888
371.7,0.00240044791,0.8139798015899452,0.6796420575988272
371.8,0.002400735505,0.8137853307215027,0.6800738380931366
371.9,0.00240101288,0.8137388351502296,0.6806983050312613
372.0,0.002401280435,0.8138377576197059,0.6812606878153656
372.1,0.002401535455,0.8139804801739584,0.6817154899006406
372.2,0.002401775835,0.8140609991936699,0.682187545612769
372.3,0.002402001735,0.8140415527351442,0.6826528280511363
372.4,0.002402210405,0.8139797261917215,0.6828326088323305
372.5,0.00240239886,0.8138763426606772,0.6828410157342716
372.6,0.002402564515,0.8136894870128271,0.6830222604976425
372.7,0.002402707375,0.8135354358754656,0.6834453576298573
372.8,0.002402826185,0.8136294009117345,0.6838679835231741
372.9,0.00240291994,0.8139900180492547,0.6841042438570948
373.0,0.00240298618,0.8144330517284493,0.6841434949157086
373.1,0.002403025485,0.8147671412576026,0.683985837229981
373.2,0.002403037285,0.8149636855771966,0.683791234414647
373.3,0.00240302312,0.8150998924682855,0.6837184311464927
373.4,0.002402983405,0.8152083653794286,0.6837249530928415
373.5,0.002402918945,0.8152796481167387,0.6836785831852745
373.6,0.002402829295,0.8154067255395764,0.6834256158616221
373.7,0.002402712235,0.8157040395851267,0.6829966942166276
373.8,0.002402566585,0.8161564477767996,0.6823529253332392
373.9,0.00240239867,0.8166612263180077,0.6817211070683051
374.0,0.00240221293,0.8171317489329214,0.6812591044526682
374.1,0.002402018135,0.8175272188993404,0.6809654660705226
374.2,0.00240182048,0.8178329586963878,0.6806100011449542
374.3,0.002401626835,0.817992978859791,0.6803817958545973
374.4,0.002401438995,0.8178869312581766,0.6802788018810422
374.5,0.002401256395,0.8175166631480244,0.680006388098864
374.6,0.00240108247,0.8170835254856886,0.6795484884032327
374.7,0.002400910925,0.8168039488722604,0.6788263053672108
374.8,0.00240074256,0.8168270647110055,0.6778986307557175
374.9,0.002400578795,0.8171539097274996,0.6771898371875852
375.0,0.00240042265,0.817679655258078,0.6763841066365338
375.1,0.002400273645,0.8180990641605175,0.6756611256359778
375.2,0.002400133645,0.8184277124511948,0.6750816714373937
375.3,0.00240000007,0.8188354157794072,0.6746587062520704
375.4,0.00239987351,0.8192215929147569,0.6744418232616372
375.5,0.00239975318,0.8195761153625293,0.6742121916882157
375.6,0.0023996384,0.8198260667572342,0.6739176862264975
375.7,0.002399527075,0.8200053511667893,0.6738177521641868
375.8,0.00239942325,0.8202964322925149,0.6738207241108372
375.9,0.002399326195,0.8207478917232065,0.6737433780997057
376.0,0.002399234215,0.8212595000868436,0.6736781397866614
376.1,0.00239914856,0.8217022824386258,0.6736360675778444
376.2,0.002399063525,0.8219403963122119,0.673624091826649
376.3,0.00239897687,0.8218072053500703,0.6736746400524453
376.4,0.00239888213,0.8212218575236682,0.6738461772945166
376.5,0.0023987789,0.8205080248409196,0.6741056854140737
376.6,0.00239866937,0.8201928351331702,0.6745156569721819
376.7,0.002398549445,0.8202091902645248,0.675065517367969
376.8,0.00239842277,0.8197026461482453,0.6756086107731804
376.9,0.002398290285,0.8182691751195241,0.6762111745273243
377.0,0.00239814906,0.817054874160688,0.6769931860538411
377.1,0.002398002765,0.816567141901218,0.6779202637627302
377.2,0.00239785529,0.8154286538562984,0.6789827315486183
377.3,0.002397709455,0.8143402616478328,0.6801088103025563
377.4,0.00239757228,0.8151570443218398,0.681125429685258
377.5,0.002397445705,0.8165258362410087,0.6819913782842935
377.6,0.002397330875,0.8173335711281733,0.6827933766232726
377.7,0.00239723028,0.8187835669342522,0.6835786051406667
377.8,0.00239714846,0.82140577892398,0.6843663720649249
377.9,0.002397086595,0.824159705327302,0.6851541201396273
378.0,0.002397046255,0.8262269612579585,0.6857650530966003
378.1,0.002397027185,0.8277984801510637,0.6861923096974885
378.2,0.002397029545,0.8293149520576927,0.6865413155085611
378.3,0.002397048215,0.8306755255704801,0.6868150110605418
378.4,0.00239708224,0.8316704930966132,0.6869377656518881
378.5,0.002397131295,0.832347141888714,0.6869486355624695
378.6,0.002397195895,0.8329090031684379,0.6868792943294195
378.7,0.002397273885,0.8333766480844805,0.6867296728376997
378.8,0.002397360545,0.8336306961160058,0.6865231194039115
378.9,0.0023974562,0.8336757339882876,0.6861771860704541
379.0,0.00239756005,0.8336442175307869,0.6857017248718892
379.1,0.00239767073,0.8336010520477264,0.6850846281101299
379.2,0.002397788685,0.8334598123252064,0.6843936725050846
379.3,0.002397911225,0.8332083215501013,0.6836878697331585
379.4,0.00239803466,0.8329831259055066,0.6829158924535772
379.5,0.00239815476,0.8328422380413637,0.6820732796047726
379.6,0.002398263915,0.832735882563669,0.681073700220624
379.7,0.00239835404,0.8326096345212919,0.6799926593389678
379.8,0.0023984219,0.8323797893195699,0.6791045562285392
379.9,0.00239846407,0.8320228541286397,0.6783145776230529
380.0,0.002398478545,0.8316140449598134,0.6774579532710132
380.1,0.00239846388,0.8312633112727814,0.6766977820966241
380.2,0.00239842106,0.8309719034214197,0.6762127201909098
380.3,0.00239835257,0.8305373708919458,0.6758678612821399
380.4,0.002398257105,0.8299415489956364,0.6754782912267242
380.5,0.002398136305,0.8294850441671433,0.6753014132771418
380.6,0.00239798825,0.8293165605531314,0.6752355843446786
380.7,0.002397816345,0.8292774351582236,0.6750731514381173
380.8,0.00239762362,0.8292728170170228,0.6747110137697526
380.9,0.002397406125,0.8293352216134936,0.6742223578820427
381.0,0.002397162665,0.8294174685091645,0.6737323573926769
381.1,0.00239689717,0.8293996619620042,0.6732624442467383
381.2,0.002396611875,0.8290431540276748,0.6729954340039245
381.3,0.00239631078,0.8284675388553133,0.6729052263124693
381.4,0.00239599984,0.8280074086288981,0.6729817617926961
381.5,0.002395685705,0.8279054199649919,0.6733485427350027
381.6,0.00239537061,0.8280629834029399,0.6737377923479677
381.7,0.002395058235,0.8282120268416117,0.673994787193402
381.8,0.00239475259,0.8282853704637024,0.6740843037344734
381.9,0.00239445861,0.8282396540074074,0.6740160746252227
382.0,0.002394178825,0.8280834854365974,0.6738200015445269
382.1,0.002393919485,0.8278813490820801,0.6739176045450886
382.2,0.002393680705,0.8276841387448437,0.6741891575308796
382.3,0.002393462875,0.8273425031101365,0.6743904833544921
382.4,0.002393267835,0.8266394398070043,0.6746276987325794
382.5,0.00239309368,0.8258059878423774,0.6750366649810385
382.6,0.00239294046,0.8251415409961432,0.6754580656532204
382.7,0.002392807105,0.8244561020277976,0.6757664946535792
382.8,0.00239269128,0.8237038036845984,0.6759670727781403
382.9,0.002392594115,0.8231696198361527,0.6762407431973798
383.0,0.002392515645,0.8229981831250464,0.6768029877514075
383.1,0.002392459945,0.8232653818634194,0.6775420976886469
383.2,0.0023924239,0.824171486299753,0.678411533455528
383.3,0.00239240198,0.8256594262619021,0.6793216779800141
383.4,0.00239239346,0.8272592320552602,0.6802441061317759
383.5,0.002392401345,0.8285969724726413,0.6810172520838242
383.6,0.002392423615,0.8295985059274205,0.6815020500957557
383.7,0.00239245864,0.8303284235645555,0.6818470660841581
383.8,0.00239250424,0.8308671061736813,0.6822756735698874
383.9,0.00239255432,0.8313084182601016,0.6827451029105575
384.0,0.002392605995,0.8316657995571886,0.68316958234354
384.1,0.002392654655,0.8318833736980057,0.6834177618799883
384.2,0.0023927026,0.8319284869685112,0.683512543730347
384.3,0.002392746775,0.831849262284973,0.6834709301940576
384.4,0.002392785805,0.8316868482279677,0.6832319052586018
384.5,0.00239281225,0.8314983778014935,0.6829082521002436
384.6,0.002392824505,0.8312890911820966,0.682527767530782
384.7,0.00239281395,0.8309749005008111,0.6821319394228004
384.8,0.002392774195,0.8305239185922031,0.6816488315877167
384.9,0.00239270796,0.8300215527941529,0.6809739358043166
385.0,0.002392614935,0.8295981100867461,0.680335664708072
385.1,0.00239249786,0.8292770518839199,0.6798374835114365
385.2,0.00239236155,0.8289524059822831,0.679396906557697
385.3,0.002392203665,0.828498376728801,0.6789366946498726
385.4,0.00239202724,0.827830763157172,0.6784058157568984
385.5,0.002391834585,0.8269829792468596,0.6778168362493887
385.6,0.002391628505,0.826069781094314,0.6771601994024913
385.7,0.002391411965,0.8251946087792477,0.6765004586620521
385.8,0.002391191525,0.8243908574315679,0.6757995504914803
385.9,0.00239096362,0.8236960628002999,0.6750744520574758
386.0,0.002390732595,0.8231529316959768,0.6743481158359659
386.1,0.00239049877,0.8228642695965944,0.673601817934735
386.2,0.00239026168,0.8229926790547172,0.6728952674637574
386.3,0.002390024725,0.8235184874171485,0.6723717147648514
386.4,0.002389791985,0.8242990852269713,0.671989496036245
386.5,0.002389564435,0.8254316796440729,0.6716878088937208
386.6,0.0023893432,0.8269076501382118,0.6715271792613426
386.7,0.002389127515,0.8286300157441718,0.671554492267873
386.8,0.00238891933,0.8306097783194256,0.6716632353559844
386.9,0.002388722105,0.83274459734169,0.6717971237516951
387.0,0.002388535135,0.8348685338870027,0.6720158916977205
387.1,0.002388361745,0.8368777269022354,0.6722700402602105
387.2,0.002388198565,0.8387693866531121,0.6724743694464
387.3,0.002388045175,0.8405567078287776,0.6726690665095136
387.4,0.002387900885,0.8421955824683757,0.6729308365757813
387.5,0.002387762175,0.8436992429601635,0.6730553881581255
387.6,0.00238762681,0.8450674945253962,0.6731143370026775
387.7,0.00238749066,0.846278905218991,0.6731939889428167
387.8,0.00238735034,0.8473944659207249,0.6733889373333425
387.9,0.00238720479,0.8483379490264508,0.6736982711123856
388.0,0.002387048475,0.8490586869298522,0.6739329606499793
388.1,0.002386880835,0.8494586682233218,0.6740014725025688
388.2,0.00238669545,0.8494819976903674,0.6739499252503087
388.3,0.00238649,0.8493783502655403,0.6738978502104828
388.4,0.002386265735,0.8494247390226631,0.6739097128643428
388.5,0.002386020025,0.8495657776832534,0.6739889249815103
388.6,0.002385755295,0.8497082363437231,0.6739912434768887
388.7,0.002385475995,0.8497816490808522,0.6738547664088315
388.8,0.00238518454,0.8497146640422923,0.6736910580156529
388.9,0.00238488181,0.8495187794571556,0.6736400197014026
389.0,0.002384575235,0.8493192443413555,0.6736318892596151
389.1,0.002384268255,0.8492843223974182,0.6736409119137162
389.2,0.00238396409,0.8494406103487492,0.673670197840433
389.3,0.002383665105,0.8496286660849929,0.6737171269514924
389.4,0.00238337377,0.8495424356498372,0.6737195271282798
389.5,0.00238308921,0.8488724847332739,0.6736930309358393
389.6,0.00238281301,0.8476742561624534,0.673699345537073
389.7,0.002382551135,0.8462621856628885,0.6737303090742668
389.8,0.00238230739,0.8448600677288501,0.673999738343424
389.9,0.00238208471,0.8435407684603459,0.6744381852973443
390.0,0.002381885445,0.8422377614913429,0.6749542421561788
390.1,0.002381711815,0.840848825680079,0.6754794410496354
390.2,0.002381563545,0.8394537449135847,0.6758835064135549
390.3,0.00238144121,0.8383398618223279,0.6761594450626902
390.4,0.002381345225,0.8376647586938127,0.67648589423851
390.5,0.00238127851,0.837337165978267,0.6768162578387762
390.6,0.00238124378,0.8372041195293873,0.6769526280926833
390.7,0.0023812411,0.8371654025415245,0.6769496435796624
390.8,0.00238126987,0.83710179785666,0.6769328234925951
390.9,0.002381329755,0.8371189258198074,0.6768648205780154
391.0,0.002381419435,0.8374000983623037,0.6766796488238276
391.1,0.002381534235,0.8378110877964315,0.6763617887623227
391.2,0.002381668915,0.8380858954722118,0.6759436804792417
391.3,0.002381819815,0.8381682428988476,0.6754310668059554
391.4,0.002381982125,0.8382130043109759,0.6749276077336617
391.5,0.002382148165,0.8385062657020032,0.6745024308671103
391.6,0.00238231989,0.8392219330748615,0.6741135896611902
391.7,0.0023824942,0.8401955691868769,0.6738982774670836
391.8,0.002382672335,0.8410715143337361,0.6737280471275562
391.9,0.0023828564,0.841730331445935,0.6736921575730817
392.0,0.002383049245,0.8422689198072812,0.673869236584594
392.1,0.002383249875,0.8426855829577414,0.6739712378148706
392.2,0.002383457045,0.8428917531172261,0.6739200549873583
392.3,0.002383670295,0.842931557096147,0.6740134671033202
392.4,0.002383887845,0.8428108571063961,0.6743729218515586
392.5,0.00238411146,0.8424746375774236,0.6748823373835235
392.6,0.00238434033,0.8419133732003039,0.675491950871582
392.7,0.002384577015,0.8413481441332553,0.676164861168425
392.8,0.002384822215,0.8411215033560401,0.6768833371251157
392.9,0.00238507249,0.8413766823609204,0.6775632594567615
393.0,0.00238532596,0.8417233948093559,0.6781756815286523
393.1,0.002385582245,0.841809631527697,0.6788000039535149
393.2,0.00238584008,0.8416870591487245,0.6794315520414808
393.3,0.00238610039,0.8411808166253398,0.6800366479193034
393.4,0.00238636356,0.8407871687826597,0.6806453377791217
393.5,0.002386630615,0.8407024463119777,0.6812120371115322
393.6,0.00238690049,0.8407254427702019,0.6816536884899591
393.7,0.002387174225,0.8406174222484009,0.6819604461630263
393.8,0.00238744973,0.8402469153772071,0.6822138972919473
393.9,0.002387725835,0.83995027991567,0.6824711560311645
394.0,0.00238800139,0.8399917929209944,0.6826751019430501
394.1,0.00238827703,0.8402688876762263,0.6829019249326393
394.2,0.002388552665,0.8405922518080603,0.6832679581758944
394.3,0.002388824185,0.840864188068155,0.6836759065483337
394.4,0.002389085355,0.8411079505253324,0.6839600824534068
394.5,0.00238933378,0.8413874580237222,0.6841537176582034
394.6,0.002389567165,0.8416019408373682,0.6842738270285355
394.7,0.00238978316,0.8416785831317452,0.6842838675586563
394.8,0.002389978775,0.8416492155236193,0.6842036878309514
394.9,0.0023901525,0.8415497715497626,0.6840982559814969
395.0,0.002390301855,0.8413590517429486,0.6839803959915048
395.1,0.00239042779,0.8410665254846021,0.6837803079553978
395.2,0.00239053275,0.8406075136651714,0.6834518795762062
395.3,0.00239061733,0.839889307885449,0.6831023836766796
395.4,0.002390684005,0.8389492051334181,0.6827860190132778
395.5,0.00239072893,0.8379827255694677,0.6824489261215476
395.6,0.0023907562,0.8371148480325431,0.682138762962044
395.7,0.00239076699,0.8364206314543232,0.681812678210972
395.8,0.002390761665,0.8358622573424449,0.6814111826698432
395.9,0.00239073715,0.8352668501363659,0.6809506566027534
396.0,0.002390694285,0.834572181168804,0.6803608477147832
396.1,0.002390634075,0.8339529167081138,0.6796187721140787
396.2,0.00239056095,0.8334818788720053,0.6787886628040354
396.3,0.00239047965,0.8330867167816661,0.6777695175808403
396.4,0.0023903963,0.8326928804434267,0.6767309133327488
396.5,0.002390313395,0.832178865619817,0.6753985450388055
396.6,0.002390234635,0.8315593875308263,0.6742883878764359
396.7,0.002390158025,0.8309685670500215,0.6736893175733228
396.8,0.002390082965,0.8302318007409016,0.6732119211536833
396.9,0.002390010145,0.8291429624262793,0.672492961391724
397.0,0.002389944725,0.8276098275122157,0.6717001616360346
397.1,0.002389890665,0.8256920422768317,0.6711124953142542
397.2,0.00238984548,0.8242010738193645,0.6705104844804174
397.3,0.00238981154,0.8234526961837971,0.6695040124419868
397.4,0.002389791765,0.8228892829573022,0.6685272912859858
397.5,0.00238978687,0.82242839874865,0.6680069869938835
397.6,0.0023897913,0.8221565378867789,0.6682123340560927
397.7,0.00238980997,0.8220678193102416,0.6688617389567015
397.8,0.002389845665,0.8221371793928475,0.6694962778408737
397.9,0.002389904725,0.8223731695497998,0.6699329780692785
398.0,0.00238998222,0.8228320180064126,0.6703735801557592
398.1,0.00239007338,0.8233030872584478,0.6707669075559887
398.2,0.00239017447,0.8236006274986692,0.6712003593775897
398.3,0.00239028632,0.8236882151018513,0.671654269250551
398.4,0.00239041949,0.8235974167909772,0.6719879692222154
398.5,0.00239057438,0.8235057451173456,0.6723488314039626
398.6,0.002390752815,0.8236477262557318,0.6726641530586034
398.7,0.00239095421,0.8240431585230393,0.6731087701004953
398.8,0.002391175695,0.824419477340642,0.6737963076527335
398.9,0.0023914146,0.8245367969766979,0.674500746973448
399.0,0.00239166943,0.824508981315343,0.675282639119444
399.1,0.00239194395,0.8243844485825547,0.6762225156768037
399.2,0.002392232915,0.8240748571929138,0.6771746318791418
399.3,0.00239253746,0.8235970272334883,0.6780554213618729
399.4,0.002392864215,0.8231048276292651,0.6789028785465494
399.5,0.0023932207,0.8230483732092799,0.6799077043904294
399.6,0.002393608395,0.8234502960070096,0.6811021693332509
399.7,0.002394025315,0.8239319649926581,0.6823283706450588
399.8,0.002394470785,0.8245406171533646,0.6834646658583063
399.9,0.00239493969,0.8254381701744952,0.6844587348889404
400.0,0.002395431465,0.8267285919233278,0.6853921963141015
400.1,0.002395939415,0.8281887727727898,0.6862542681878026
400.2,0.00239646204,0.8294664710713753,0.6872786535875439
400.3,0.00239699604,0.8305587023060637,0.6885106165802785
400.4,0.002397536365,0.831505257889405,0.68953510879417
400.5,0.00239807911,0.8322411131366553,0.6903527585477492
400.6,0.00239861968,0.832719967255286,0.6911054527316228
400.7,0.00239915436,0.8328608676857995,0.6917463376329551
400.8,0.00239968097,0.8327213495560536,0.6921502584836126
400.9,0.00240019497,0.8325460172700567,0.6923329295300481
401.0,0.002400690635,0.8326005490353379,0.6924727366863181
401.1,0.00240117006,0.832952759270917,0.6926751934832861
401.2,0.00240162904,0.8335443965658116,0.6929428069118896
401.3,0.00240206912,0.8342116457126929,0.6931722688393077
401.4,0.0024024848,0.8348079074319736,0.6933505353728431
401.5,0.00240287284,0.8352664103133945,0.6935351919058358
401.6,0.002403235665,0.8355848798438742,0.6937293486150129
401.7,0.002403572075,0.83592413415135,0.6939169268291734
401.8,0.00240387824,0.8363864383598816,0.6940766139837554
401.9,0.002404154585,0.8369563232672428,0.6942268260948942
402.0,0.00240440185,0.8375871487888984,0.6943730483833628
402.1,0.00240462008,0.8382256209470726,0.6944811568697582
402.2,0.002404809965,0.8388136014281187,0.6944923095236784
402.3,0.002404968665,0.8393607286382971,0.694378125197091
402.4,0.002405094335,0.8398775583289245,0.6941151550424297
402.5,0.00240518592,0.8403259641315568,0.6936773238406695
402.6,0.002405239905,0.8407182359566546,0.6930912408815864
402.7,0.0024052567,0.8410483042472113,0.692371382624128
402.8,0.002405238755,0.8412216384802805,0.6915348895978126
402.9,0.00240519068,0.8411226468957659,0.6907563778055119
403.0,0.002405111565,0.8407795975443645,0.6901748564389618
403.1,0.002405006015,0.8402396080326949,0.6895321808298169
403.2,0.00240487769,0.8393192344825285,0.6889102083162592
403.3,0.00240473031,0.8385760530412101,0.6883340088076643
403.4,0.002404565625,0.83921300466854,0.6876522203699823
403.5,0.00240438638,0.8411199953915662,0.6867669509761272
403.6,0.002404194565,0.8430498694754812,0.6857288305333044
403.7,0.00240399375,0.8439143038268576,0.6845780023124414
403.8,0.00240378859,0.843838691974871,0.6832624226896388
403.9,0.00240358395,0.8438658416185834,0.6821983903906091
404.0,0.00240338357,0.8442479346834836,0.6815815072571503
404.1,0.002403190705,0.844297238838589,0.6812797509995877
404.2,0.00240300854,0.8431008072587666,0.6811259449064532
404.3,0.002402839185,0.8401066181324832,0.6810230451806775
404.4,0.00240268704,0.8364382683554806,0.6809974600501068
404.5,0.002402552765,0.8338368725586756,0.6810165232343287
404.6,0.002402442025,0.8328172372470265,0.6809801058922883
404.7,0.002402355845,0.8319557622759298,0.6808880572275381
404.8,0.00240230053,0.8299710925329508,0.6808785005026858
404.9,0.00240227041,0.8281583684390883,0.6809518441247765
405.0,0.00240226344,0.8284372350525769,0.6812377604721798
405.1,0.00240227794,0.8296208175184462,0.6817983274157304
405.2,0.00240231197,0.8305651237214475,0.6824906841710991
405.3,0.002402367785,0.8309520171399224,0.6832354615414856
405.4,0.00240244835,0.8291713184415707,0.68399533112298
405.5,0.002402555565,0.82726648913429,0.6846253963792134
405.6,0.002402687655,0.8280803438439438,0.6850615248377554
405.7,0.00240284106,0.8293894643522506,0.6855412648855145
405.8,0.00240301373,0.8293305406404399,0.6861886026181573
405.9,0.00240320475,0.8292254983484744,0.6869045527343544
406.0,0.00240341468,0.8297996495386591,0.6875519784315914
406.1,0.00240364187,0.8300446497833419,0.6881305844001591
406.2,0.002403885575,0.8294671245226473,0.6886941735558424
406.3,0.002404146965,0.8285434334506387,0.6891886602395175
406.4,0.002404426355,0.8276824422848107,0.6895894143647799
406.5,0.00240472322,0.8270074082713338,0.6897851041711721
406.6,0.002405039485,0.8264690649542148,0.6897374524938025
406.7,0.002405372905,0.8259819170309785,0.6896452530326049
406.8,0.002405719335,0.8255779459148387,0.6896189893180209
406.9,0.00240607804,0.8257508591744923,0.6896154895838048
407.0,0.00240644542,0.8270478405687856,0.6896082136552191
407.1,0.002406819935,0.8289948363326626,0.6895978024171651
407.2,0.00240719792,0.8305813280563548,0.6895611400308977
407.3,0.00240757304,0.8313379806469718,0.6894863072938892
407.4,0.00240794287,0.831525181870014,0.6895179682646521
407.5,0.00240830595,0.8316146481456029,0.6897793676229866
407.6,0.00240865819,0.8318374436134102,0.6901447851140816
407.7,0.0024089982,0.8319683097969881,0.6905047425171447
407.8,0.002409322635,0.8316703925656481,0.6908420741699165
407.9,0.00240962846,0.8313590418841216,0.6912847685571044
408.0,0.00240991445,0.8315183583307704,0.6918550241723987
408.1,0.00241018067,0.8319555360812586,0.6923980924448689
408.2,0.00241042473,0.8326628719503997,0.6927641005553827
408.3,0.0024106454,0.8337554990257624,0.6930939803503803
408.4,0.00241084189,0.8350255444046437,0.6935804245568621
408.5,0.002411016675,0.8362884018195337,0.6941888819388241
408.6,0.002411170865,0.8380993037896572,0.6947726778184554
408.7,0.002411300645,0.8408586337323435,0.6952883828189128
408.8,0.00241140635,0.8431923972509892,0.6957784461401315
408.9,0.002411486125,0.8445446141273178,0.6962382559240962
409.0,0.00241153974,0.8457809439338411,0.6965895927969178
409.1,0.00241156703,0.8472207861124638,0.6967515858805075
409.2,0.00241156462,0.8485700813076246,0.6967408227840762
409.3,0.002411532735,0.84948010645159,0.6966512936766344
409.4,0.00241147162,0.849921902343279,0.6964835263457473
409.5,0.002411382475,0.8504023649573483,0.6960343854104342
409.6,0.00241126104,0.850996597207775,0.6954201600643602
409.7,0.00241111148,0.8513384024884855,0.694848044626215
409.8,0.002410935485,0.8514393607100013,0.6942201030866154
409.9,0.002410734895,0.8514327005335757,0.6934506642138982
410.0,0.00241051059,0.8513120005438247,0.6925015827900635
410.1,0.002410264005,0.8513007222261983,0.6914082708475023
410.2,0.002409998385,0.8516075741470451,0.6902226651959641
410.3,0.002409718755,0.8521766171075751,0.6890047514055764
410.4,0.0024094285,0.8528366971400209,0.6879035352158989
410.5,0.00240913398,0.8536630114061388,0.6868885997268595
410.6,0.00240884367,0.8540221896942236,0.6859538565318958
410.7,0.00240856521,0.8530083851785396,0.6853123558784032
410.8,0.00240830477,0.852247880995329,0.6850120259039054
410.9,0.002408069665,0.8525072571679948,0.6848770316675806
411.0,0.002407863775,0.8527828690914943,0.6849046274174497
411.1,0.002407689695,0.8526948542317112,0.6850965661622135
411.2,0.002407550815,0.8523145644409943,0.6853147120728934
411.3,0.002407450525,0.8520197950854932,0.6854484559553421
411.4,0.002407391335,0.8520039928744456,0.6855622318748845
411.5,0.002407373045,0.8520890232212077,0.6857564953982118
411.6,0.00240739502,0.851807392006184,0.6860169082964532
411.7,0.00240745672,0.850797250587534,0.686296943582409
411.8,0.002407555465,0.849753644923938,0.6865832306377453
411.9,0.00240768879,0.8487751267769391,0.6868635549502251
412.0,0.002407851705,0.8474463210490649,0.6872270812025425
412.1,0.0024080387,0.8461980971727554,0.687725953549562
412.2,0.00240824705,0.8455495970508308,0.6881517398850884
412.3,0.002408471925,0.845477089092386,0.6882979621735571
412.4,0.00240870855,0.8456891465965032,0.6884722765835342
412.5,0.0024089494,0.8458266980892479,0.6890142264490196
412.6,0.00240918879,0.8457350703979133,0.689518395521253
412.7,0.002409426945,0.8456703787219906,0.6899416874322124
412.8,0.0024096565,0.845768836235754,0.6904731192454936
412.9,0.00240987192,0.8457626598645972,0.6910798990169785
413.0,0.002410068985,0.8451286990334733,0.6917718724980436
413.1,0.00241024241,0.8435926801373537,0.6925833333140952
413.2,0.00241039356,0.8417656555137321,0.6933942160770986
413.3,0.00241052421,0.8408065398429617,0.6940422323937545
413.4,0.002410633965,0.8410755607050738,0.6945294305824732
413.5,0.002410721525,0.8420287638984701,0.6947535078200832
413.6,0.00241078471,0.8428232915301189,0.6946544282709742
413.7,0.002410824345,0.8430665324829157,0.6941739091082371
413.8,0.002410841575,0.8430749142521157,0.6933578678500965
413.9,0.00241083402,0.8428628001993305,0.6925643832272087
414.0,0.00241080205,0.8420801226551711,0.6918503306329743
414.1,0.002410749,0.8410766916784291,0.6911651995407088
414.2,0.00241067675,0.8403986543023755,0.6905604995035606
414.3,0.002410586315,0.839882251868349,0.6899726698189621
414.4,0.002410478995,0.8392137021021093,0.6894798481793935
414.5,0.002410352095,0.8384656700417336,0.6889400722960243
414.6,0.00241020421,0.8378923984974919,0.6883257087198735
414.7,0.002410030065,0.8377878588603509,0.68771619576278
414.8,0.002409829675,0.8382551393516459,0.6870263836974606
414.9,0.0024096014,0.8389112484109775,0.6862738465932198
415.0,0.002409349445,0.8391349109583572,0.685544997097587
415.1,0.002409076575,0.8385358343720589,0.6848163486638839
415.2,0.00240878463,0.8372648339490106,0.6839386944906211
415.3,0.002408475105,0.8361068931623801,0.6829625074053712
415.4,0.002408150535,0.835382215701791,0.682160710128322
415.5,0.002407814955,0.8354236407425213,0.681492053547932
415.6,0.002407470715,0.8362775696080642,0.680985377484761
415.7,0.002407117375,0.8364081718978592,0.6806857449438322
415.8,0.00240675448,0.8353559708367629,0.6803850568277718
415.9,0.00240637679,0.8341615624426094,0.6799860619943953
416.0,0.00240598485,0.8334653101123503,0.6793633229322301
416.1,0.00240558258,0.8333850298536803,0.678599796536887
416.2,0.00240517221,0.8342807858838132,0.6777522513876162
416.3,0.002404758665,0.8354895764891348,0.67684752925205
416.4,0.0024043449,0.8363584153534117,0.6762286669152194
416.5,0.00240393391,0.8378015687706911,0.675871298184503
416.6,0.002403528055,0.8391011199877751,0.6758117335877909
416.7,0.002403133175,0.84007035158689,0.6760820173701498
416.8,0.00240275359,0.8406530290595368,0.6765622726391042
416.9,0.002402390835,0.8398055090430072,0.6774361380516267
417.0,0.00240205074,0.8409277236379813,0.6787341498883104
417.1,0.00240173893,0.844250397692124,0.6799818271274982
417.2,0.002401460155,0.8464202517556612,0.681092336148245
417.3,0.00240121765,0.847630983865243,0.6823268689637704
417.4,0.002401012275,0.8490666665751923,0.6836442958430532
417.5,0.00240084479,0.8507344124512769,0.6850609467847071
417.6,0.00240071166,0.8519397850037916,0.6864625746302915
417.7,0.00240060962,0.8521018409192344,0.6878806078727129
417.8,0.002400538785,0.8515538968949659,0.6894292999535971
417.9,0.00240049282,0.8507822463410205,0.6908718564682725
418.0,0.00240046708,0.8503877439851386,0.6920915923823994
418.1,0.00240045862,0.8505260243273791,0.6931622345923721
418.2,0.002400467935,0.8507987962511196,0.6943722818347554
418.3,0.00240049686,0.8507629066966449,0.6957757255208935
418.4,0.00240054703,0.8498658437639683,0.6972019708865115
418.5,0.002400620485,0.8480559219707527,0.6985678536908833
418.6,0.00240071859,0.8463383001696997,0.6997678918190722
418.7,0.00240083937,0.8461162963832412,0.7007856358919438
418.8,0.002400978965,0.8473536252162281,0.7017173443084043
418.9,0.002401138165,0.8486342954614641,0.7024882785792245
419.0,0.002401315755,0.8490363125069732,0.7030024065001699
419.1,0.00240151062,0.8488302680111949,0.7032868965645083
419.2,0.002401720485,0.8483819376067864,0.7035579406122894
419.3,0.002401941975,0.8474165261843383,0.7038889702301981
419.4,0.002402170925,0.8459357553366247,0.704168703923259
419.5,0.00240240507,0.8451812830113091,0.7044143764687698
419.6,0.00240264025,0.8462406469036555,0.7046488209621365
419.7,0.002402872555,0.8471652364711629,0.7047352650255928
419.8,0.002403097855,0.8460728293072861,0.7046379447683699
419.9,0.002403313175,0.8446292360670351,0.7044694485879872
420.0,0.002403519805,0.8439831235555272,0.7041583618002435
420.1,0.002403716625,0.8424046931585841,0.7038091926263529
420.2,0.00240390077,0.839610391006478,0.7034959695556047
420.3,0.0024040718,0.837858777172913,0.7032293425870946
420.4,0.002404227895,0.8374239116346179,0.7029286481878487
420.5,0.00240437081,0.836858839647202,0.7026795261736045
420.6,0.00240450183,0.8362052061628813,0.7025236906116158
420.7,0.00240462395,0.8359003145958505,0.7022983064714619
420.8,0.002404741815,0.8358758667218202,0.7019159306632229
420.9,0.00240485875,0.8356750372698468,0.7014848036201855
421.0,0.00240497819,0.8348893060976282,0.7010748823275598
421.1,0.00240510585,0.8337938138897655,0.7004671663614641
421.2,0.00240524401,0.8329904458163894,0.6998921857908187
421.3,0.002405394105,0.832485805505258,0.6995381282987592
421.4,0.00240555287,0.8319082802445633,0.699241065580621
421.5,0.002405717295,0.8316528561954558,0.6988855189736436
421.6,0.00240588531,0.8323548450739005,0.6983281690209703
421.7,0.00240605863,0.8335068922327131,0.6976152159841646
421.8,0.002406236055,0.8344114887045729,0.6969387368380672
421.9,0.002406416365,0.8350145488303562,0.6963654213115282
422.0,0.00240659909,0.8359907233492355,0.6956121993400888
422.1,0.002406782685,0.8377112039996034,0.6947368259630926
422.2,0.0024069611,0.8395207676512563,0.6939244226692449
422.3,0.002407134475,0.84051032535484,0.6932718510432412
422.4,0.002407303745,0.8404006335057472,0.6931078787562798
422.5,0.00240746609,0.8399505626590088,0.6931837545020493
422.6,0.00240761831,0.839538473667452,0.6929982246062988
422.7,0.002407756735,0.8386910541818874,0.6923101906824215
422.8,0.00240787643,0.8371693420987122,0.6911662990981375
422.9,0.00240797482,0.8351323459884952,0.689880338410873
423.0,0.002408050965,0.8335707670945459,0.6886389066578805
423.1,0.002408108,0.8330144601506335,0.6870942232492222
423.2,0.00240814464,0.8324996033801926,0.685674474697212
423.3,0.00240816193,0.8324646060380315,0.6849234581238154
423.4,0.00240816072,0.8331575596960046,0.6849936350205112
423.5,0.0024081439,0.83382315636515,0.6853044516312868
423.6,0.002408108175,0.8339104926409198,0.6855432503720715
423.7,0.00240805389,0.8337837545100887,0.685684458678665
423.8,0.002407984645,0.8335218210810029,0.6855390155051744
423.9,0.002407903005,0.8324348363060463,0.6853487355213319
424.0,0.00240781394,0.8312017297735858,0.6854726650683307
424.1,0.00240772613,0.8311336263280411,0.6859376144978767
424.2,0.00240765178,0.8314880922271457,0.6870072011327178
424.3,0.002407605635,0.8312385995049683,0.6880441466198881
424.4,0.002407598775,0.8306169788497877,0.6887161709876028
424.5,0.002407624565,0.8298093444935881,0.6892486520928304
424.6,0.00240768032,0.8280201446455157,0.6891754655503725
424.7,0.00240776478,0.8261723478112685,0.6896146790529002
424.8,0.002407875825,0.8261940750660608,0.6909120939869797
424.9,0.00240801493,0.8270138799522003,0.6924443492551003
425.0,0.00240818132,0.8266933872360517,0.6934028994391931
425.1,0.002408371915,0.8258503345642755,0.6940572303570828
425.2,0.002408583015,0.8259476485383132,0.6948250984334732
425.3,0.00240881388,0.827196186573888,0.6959394967459251
425.4,0.002409060755,0.828955654389087,0.6972970668961356
425.5,0.002409321505,0.8305777592071002,0.6986929958926463
425.6,0.002409591175,0.8319751270530464,0.6998161906645284
425.7,0.00240987048,0.833443827901785,0.7007906498738189
425.8,0.00241015956,0.8351051837784123,0.7019513929610967
425.9,0.00241045482,0.8368937553079538,0.7032738401054399
426.0,0.00241075286,0.8387466540886707,0.7045679877831598
426.1,0.002411053035,0.8406754160487862,0.7058323908616354
426.2,0.002411351115,0.8427428981741135,0.7069996621784472
426.3,0.00241164739,0.8448493925970133,0.7079208148435916
426.4,0.00241194148,0.8467861907511367,0.7085834835483839
426.5,0.00241223644,0.8484666475110979,0.709027246077074
426.6,0.00241253014,0.8498846493375928,0.7093109004777667
426.7,0.002412818445,0.8510101060561854,0.7095330550606727
426.8,0.002413097335,0.8519899499552841,0.7097688944211776
426.9,0.00241336728,0.8532652794930088,0.7100135553738539
427.0,0.0024136257,0.8550648340304676,0.7101916711109418
427.1,0.002413872195,0.8569971836893935,0.7102530326986518
427.2,0.002414102385,0.8584445594071994,0.7103181830471019
427.3,0.00241431581,0.8590855448394967,0.7103931602973724
427.4,0.00241451159,0.858974564937416,0.7103437053458197
427.5,0.002414690915,0.8583676092367424,0.7100659508561304
427.6,0.0024148539,0.8576380811570964,0.7096093894789696
427.7,0.002415000005,0.8572396769431389,0.7090451908543114
427.8,0.00241513173,0.8573267618914964,0.708308248616003
427.9,0.002415248415,0.8574175350696291,0.7073466887861481
428.0,0.0024153488,0.8569043433432947,0.7063185397584077
428.1,0.00241543019,0.8560323943022907,0.7053897216071886
428.2,0.00241549259,0.8555367326629633,0.7045978140638129
428.3,0.002415537535,0.8553000136565152,0.7038488081097146
428.4,0.002415565515,0.8545683995593473,0.7030586912741514
428.5,0.00241557729,0.8538657760791867,0.7022457853254792
428.6,0.002415575345,0.8541430781795338,0.7013334605356915
428.7,0.00241556182,0.8548936109476617,0.7001552439100744
428.8,0.002415538185,0.8557311846818499,0.698941960827258
428.9,0.002415506515,0.8565610615140369,0.6976725500500927
429.0,0.00241546641,0.8572260549973929,0.6962514506132413
429.1,0.00241541944,0.8575854469137781,0.694727853574474
429.2,0.002415369185,0.857487240727427,0.6931552037080134
429.3,0.002415320305,0.8567898762733683,0.6918224332902104
429.4,0.00241527327,0.8556251433634207,0.6908639396547855
429.5,0.00241523632,0.8543450574544182,0.6899445776974537
429.6,0.00241521431,0.8531755241908958,0.6889622959224557
429.7,0.002415205505,0.8521052024233737,0.6881349889130595
429.8,0.00241520764,0.8510720079978317,0.6875488054230113
429.9,0.00241522281,0.8500973979920938,0.6869847513116152
430.0,0.00241525214,0.8492931628391454,0.6862434045604064
430.1,0.00241529658,0.848707827579114,0.6854158839227097
430.2,0.002415355485,0.8482832287656106,0.6845405922271224
430.3,0.00241542918,0.8478236765922434,0.6836797769904829
430.4,0.002415517745,0.8471038057684147,0.6830270482848465
430.5,0.00241562445,0.8461303393024027,0.6824467081571342
430.6,0.002415748315,0.8452201696451752,0.6820780736751619
430.7,0.00241588835,0.8445612959843085,0.6823302304679097
430.8,0.002416042955,0.8439565645312338,0.6831250219933415
430.9,0.00241620993,0.8433035656486292,0.6840150226257328
431.0,0.00241638963,0.8428129556902887,0.684695014072417
431.1,0.002416584975,0.8427694383488512,0.6851766830580653
431.2,0.002416794295,0.8432286386638409,0.6857133361983369
431.3,0.002417013705,0.8439396753291281,0.6866522954106418
431.4,0.002417246955,0.8445142035104313,0.6878097398256332
431.5,0.00241749603,0.8447355789783592,0.6890436757385543
431.6,0.002417760085,0.8445321294381126,0.6903065331534444
431.7,0.00241803752,0.8438674940963192,0.691450789162476
431.8,0.002418327795,0.8428985955060254,0.6924680368637084
431.9,0.002418633,0.8419575062939014,0.6935231658891577
432.0,0.002418946195,0.8412440380359006,0.6947808648089107
432.1,0.00241926558,0.8407234761332008,0.6961268927477118
432.2,0.002419588575,0.8402464755542357,0.6972846764547098
432.3,0.00241991306,0.8396762764876091,0.6982092534558466
432.4,0.002420235095,0.8388857261122598,0.6989981010879777
432.5,0.00242055035,0.8377936896563161,0.6995649889159473
432.6,0.002420857655,0.8366707964773288,0.6999554449004914
432.7,0.002421157445,0.8358262672570055,0.7004031407031839
432.8,0.00242144887,0.8352663600479121,0.7008897294229278
432.9,0.002421728915,0.8348959474244979,0.7011974044410498
433.0,0.00242199521,0.8346054757677469,0.7013990569902984
433.1,0.002422248525,0.8343050703950253,0.7015965312213177
433.2,0.00242248863,0.8339683984767108,0.7017163641314963
433.3,0.002422712285,0.8336509279726949,0.7016299954662638
433.4,0.002422914555,0.8334012530381435,0.7012286193056558
433.5,0.002423090615,0.8334202973728096,0.7004918718460919
433.6,0.00242323777,0.8336684015110343,0.6997150439474534
433.7,0.002423355545,0.8339625425480044,0.6990597517022117
433.8,0.00242344382,0.8342224213754947,0.6983881985733951
433.9,0.002423502035,0.8344564825945577,0.6975774603236538
434.0,0.00242353142,0.8347397851368732,0.6967468986242683
434.1,0.002423530815,0.8351357137758197,0.6960594741693658
434.2,0.002423503135,0.8356895451447212,0.6954271218336806
434.3,0.00242344613,0.8364238484452006,0.6946063179210771
434.4,0.00242335933,0.83729672739763,0.6935238821722828
434.5,0.002423238345,0.8382752204118876,0.6923793622694683
434.6,0.002423084335,0.8393037527139317,0.6912679736027784
434.7,0.00242290346,0.8403186630702298,0.690171199625113
434.8,0.002422698815,0.8412277520195843,0.6890079809628242
434.9,0.002422472925,0.8419600761166921,0.6879526320258891
435.0,0.002422231975,0.8425401649169922,0.6871472910323267
435.1,0.002421980265,0.8430146962041316,0.6864920302030115
435.2,0.002421724575,0.8434104740466307,0.6860189943139753
435.3,0.00242146764,0.8437200780026421,0.6856275078870409
435.4,0.002421210465,0.843954930903054,0.6851845433228847
435.5,0.00242095074,0.8441289877024334,0.684588017709821
435.6,0.00242069227,0.8442741292830291,0.683742596277184
435.7,0.002420434765,0.8443626028153396,0.6825981831885196
435.8,0.002420175065,0.8443204489251137,0.681424371075803
435.9,0.00241991477,0.8440969748732932,0.6804282977090558
436.0,0.0024196531,0.8436292042935443,0.6796033720268909
436.1,0.002419392965,0.8428728784285633,0.6793729613384913
436.2,0.002419135695,0.8418908605473482,0.6796410397228074
436.3,0.00241887783,0.840743444096107,0.6800214426108601
436.4,0.002418616845,0.8394567545593468,0.6804398273540945
436.5,0.00241835303,0.8381002085683414,0.6806783496347256
436.6,0.002418082265,0.8369219165445007,0.6804198593911883
436.7,0.00241780665,0.8361133020113933,0.6798694900573912
436.8,0.00241752761,0.8356162078058158,0.6792888734695254
436.9,0.00241724072,0.8352409068642327,0.6784964758376957
437.0,0.00241694479,0.8347756935409038,0.6775582391917011
437.1,0.002416638685,0.8340885455461547,0.6770541706504326
437.2,0.002416325405,0.8330761358976088,0.6771996263902937
437.3,0.00241600809,0.8316836500866464,0.6773733753135932
437.4,0.002415684485,0.830031844651686,0.6774284160168841
437.5,0.002415355065,0.8282228779026372,0.6772764131979329
437.6,0.00241502032,0.8262887563854545,0.6764962112287844
437.7,0.002414678725,0.8243087864650854,0.6752502744319266
437.8,0.002414329795,0.8223986541494057,0.673985827371154
437.9,0.00241396988,0.8206864735868289,0.673009332409824
438.0,0.00241360022,0.819301546447791,0.6721212481489512
438.1,0.00241321956,0.8182069464522418,0.6712427960111544
438.2,0.00241283182,0.8172527442323817,0.6705877865092517
438.3,0.00241243768,0.8163303600629171,0.6702904033486627
438.4,0.00241203607,0.8154004674870103,0.6703355794510214
438.5,0.00241162843,0.8145360394188192,0.6705451236810158
438.6,0.002411212255,0.8138939355795373,0.6706728419887549
438.7,0.00241078924,0.8135676372001648,0.670710113843997
438.8,0.002410357015,0.8135278583539851,0.6706015152691478
438.9,0.002409916285,0.8137205385146151,0.6702053918514567
439.0,0.002409465535,0.8140793021124698,0.669788659585958
439.1,0.002409007365,0.8145477261434906,0.6697050680886313
439.2,0.002408540605,0.8150496772513105,0.6698873244448366
439.3,0.00240806474,0.815500828805922,0.6702114048597957
439.4,0.002407580695,0.8158221446193459,0.6706976417211623
439.5,0.002407087275,0.8160318019466759,0.6712891282196096
439.6,0.00240658424,0.8163736197937569,0.6718590382597119
439.7,0.002406070575,0.817143749816858,0.6724308206890359
439.8,0.002405543765,0.8183307943178316,0.6730077364807558
439.9,0.00240500385,0.8195304177557902,0.6734608106900712
440.0,0.00240444761,0.8203031301680523,0.6737696606638457
440.1,0.002403878365,0.8204859959932325,0.6739286755175998
440.2,0.00240329325,0.8201896369918489,0.6740449144457826
440.3,0.00240269425,0.8196225732346905,0.6742411885884083
440.4,0.00240208155,0.8191341435416516,0.6744367087487971
440.5,0.002401458765,0.818953558512738,0.674581341391383
440.6,0.002400827535,0.8189192523209609,0.6748294706623489
440.7,0.00240019084,0.818762819856368,0.6751890008088111
440.8,0.002399550405,0.818460586076722,0.6755837042266227
440.9,0.00239890938,0.8182796868885429,0.6759169455257596
441.0,0.002398265615,0.8185259877525844,0.6761107315270036
441.1,0.00239762082,0.8191651196452161,0.676173820990673
441.2,0.002396974845,0.8198941639195934,0.6761435988693456
441.3,0.002396330955,0.8205104187345216,0.6760470954262126
441.4,0.00239568948,0.8210596570949634,0.6757716405823457
441.5,0.00239505124,0.8217206104901669,0.675191187357298
441.6,0.002394416285,0.8225781710368172,0.6745709490028851
441.7,0.002393787665,0.8234661610499103,0.6742308841645046
441.8,0.002393168675,0.8241333347985679,0.6741027700160911
441.9,0.00239256071,0.8245011650328208,0.6738175196863305
442.0,0.00239196545,0.8246580059044585,0.6733042211458458
442.1,0.002391385495,0.8247601202320709,0.6726394098748637
442.2,0.00239081805,0.8249042565030177,0.671646823675962
442.3,0.002390264815,0.8250503656941508,0.6706395788057387
442.4,0.002389728935,0.8251251984311593,0.6698143326811231
442.5,0.002389208895,0.8250682602059056,0.6692452771542224
442.6,0.00238870565,0.8248737893374631,0.6688248503757632
442.7,0.002388219195,0.8246598154618271,0.6685999060585808
442.8,0.00238775316,0.8244926261839882,0.6685792783612173
442.9,0.002387303675,0.8245681563545659,0.6684937390764454
443.0,0.0023868674,0.8248883914601169,0.6682593888308582
443.1,0.00238644004,0.8253000280623315,0.6676373472022621
443.2,0.002386018875,0.8256377869717043,0.6669923216818124
443.3,0.00238560381,0.8258659608461344,0.6669827712401455
443.4,0.002385193685,0.8262294368329695,0.6672379439618406
443.5,0.002384785025,0.8267981719174196,0.66738990908168
443.6,0.00238437298,0.8274752793820478,0.6673235335120951
443.7,0.002383954285,0.8282623865718487,0.6673460147491241
443.8,0.00238352514,0.8291989707401075,0.6677046024177902
443.9,0.002383083445,0.8301450550845507,0.6681934970665419
444.0,0.002382626305,0.8310600376617234,0.6686286641977317
444.1,0.002382151785,0.8319728776727064,0.6690589304443821
444.2,0.00238165962,0.8326978441598194,0.6694371028016507
444.3,0.002381143555,0.833107313063103,0.6698254476359315
444.4,0.00238060431,0.8330788502336615,0.670211737868617
444.5,0.00238004233,0.832757113446822,0.6705930392521684
444.6,0.00237945761,0.832410080555936,0.6710016473590649
444.7,0.002378847455,0.8321410973929356,0.6715552022678127
444.8,0.002378211575,0.8319162473235328,0.6723374588385566
444.9,0.002377550125,0.8315899992096429,0.6731363407176233
445.0,0.0023768606,0.830939859176353,0.6738604652579051
445.1,0.002376145225,0.829824047147207,0.6744399885715274
445.2,0.002375405175,0.828406780453393,0.6746686148352998
445.3,0.00237464332,0.8274146026615362,0.6745067536986016
445.4,0.00237386267,0.8271939434767334,0.6739795630354027
445.5,0.00237306464,0.8272899128491152,0.6731996689423343
445.6,0.00237225004,0.827854595279042,0.6727306165927828
445.7,0.002371421155,0.829113318358,0.6726811239421181
445.8,0.002370578375,0.8304933634620543,0.6726432991665688
445.9,0.002369717035,0.8315482034609794,0.672741034114022
446.0,0.00236883848,0.8323132315376109,0.6731111577109121
446.1,0.00236794632,0.832887652904764,0.6735464819217346
446.2,0.002367043805,0.8332956326931299,0.6739834334775519
446.3,0.00236613512,0.8336263230190321,0.6742953559289415
446.4,0.00236522471,0.8339690456447973,0.6743825351250786
446.5,0.002364312405,0.8342753760612637,0.6742814261071155
446.6,0.002363401305,0.8344758222389334,0.6737755480084785
446.7,0.002362492515,0.8346654550546893,0.6729608010865112
446.8,0.002361592535,0.8349991361767977,0.6721472102706405
446.9,0.002360701845,0.8353901387984634,0.6714515485598003
447.0,0.00235982332,0.8357497066440374,0.6708199439231666
447.1,0.002358961925,0.8361561219192617,0.6707907773769707
447.2,0.00235812304,0.8366572059475094,0.6714414640473821
447.3,0.002357311435,0.8373130950953551,0.6721000989472072
447.4,0.00235653159,0.8381870359061014,0.672707488187667
447.5,0.002355788005,0.839245626966655,0.6733902945013689
447.6,0.002355086655,0.8402889624532828,0.6740276922348556
447.7,0.00235443022,0.8410647724759014,0.6746503810315384
447.8,0.002353818425,0.8416317734012067,0.6755575536093743
447.9,0.00235325233,0.8423323359965865,0.6767581886401673
448.0,0.00235273361,0.843252816360903,0.677879699518387
448.1,0.00235226203,0.8441811884059653,0.6787625813018253
448.2,0.00235184051,0.8450424623151324,0.6798177920086838
448.3,0.0023514704,0.8453984801610078,0.6814502829320098
448.4,0.002351151625,0.8444738151952768,0.683327227462897
448.5,0.002350882885,0.8424364546603117,0.6851227858945004
448.6,0.00235066213,0.8393545899662521,0.6868410045981577
448.7,0.00235049127,0.8330055254611267,0.6885592861336679
448.8,0.00235037058,0.8259867990659622,0.6902834989961082
448.9,0.00235030048,0.8251528632960667,0.6920100869025946
449.0,0.00235027854,0.8199597289582738,0.6935978038474218
449.1,0.002350302485,0.8087466622113015,0.694867560199779
449.2,0.002350368955,0.8077824885763589,0.6959718614334424
449.3,0.002350478355,0.8099181369790839,0.6973003404356807
449.4,0.00235062965,0.8067024781370932,0.6987786796906804
449.5,0.00235082073,0.8088575604319732,0.7001972407206677
449.6,0.002351050565,0.8112409422649898,0.7014654074271423
449.7,0.002351316835,0.8123527896042071,0.7027578209457171
449.8,0.002351616605,0.8117382940811648,0.7041595304727106
449.9,0.002351946105,0.8073384935698125,0.7054209804540919
450.0,0.002352303075,0.8127444456771448,0.7063868316995116
450.1,0.002352681035,0.8233342330080154,0.7070595158016834
450.2,0.002353076785,0.8298632290907826,0.707666634865175
450.3,0.002353482605,0.8336369478853864,0.7083393817992
450.4,0.002353892955,0.8374412532260657,0.7089049375918846
450.5,0.00235430224,0.8404466201390105,0.7093045104783093
450.6,0.00235470591,0.8425728751797013,0.7095822084193307
450.7,0.00235510021,0.8445400336852291,0.7098096597274506
450.8,0.002355483195,0.8462526163716656,0.7099430077692249
450.9,0.002355852335,0.8466267172248553,0.7099575659095816
451.0,0.002356204545,0.845195885133963,0.7097628562800975
451.1,0.00235653877,0.8432789732613368,0.7092996095937697
451.2,0.00235685535,0.8409613575289305,0.7086711653993456
451.3,0.00235715749,0.8373482558003341,0.707948825283691
451.4,0.00235744594,0.8334246076379304,0.7071024173909608
451.5,0.00235772417,0.8313178116221358,0.7060993634053374
451.6,0.00235799288,0.8303567607302907,0.7050375302211653
451.7,0.002358251835,0.8276927655582704,0.7040575606583603
451.8,0.002358502775,0.8238741722542027,0.7032483617890193
451.9,0.00235874607,0.8222321308892097,0.7025696835280644
452.0,0.002358982465,0.8214127909587828,0.7017574875793318
452.1,0.00235921204,0.8187434425128806,0.7006384020106406
452.2,0.002359434165,0.8159951961090761,0.6993172931847678
452.3,0.00235965013,0.8133182198762112,0.6979123226845999
452.4,0.00235985848,0.8106436878024305,0.6964492264371553
452.5,0.002360057785,0.8071758030526535,0.6948835634727565
452.6,0.00236024539,0.80484617386994,0.6931969931734915
452.7,0.002360423055,0.8047523470637479,0.6913519797903354
452.8,0.002360591125,0.8034353788569923,0.6895958420633492
452.9,0.002360749185,0.8023938592109184,0.6881380676738599
453.0,0.002360896435,0.8026123569799756,0.6868766930907023
453.1,0.002361030975,0.803087705081205,0.6857845184046819
453.2,0.00236115333,0.803588104242254,0.68473383787443
453.3,0.00236126237,0.804687184148927,0.6835317200119045
453.4,0.00236136132,0.8065993333670906,0.6824035615236297
453.5,0.002361453225,0.8086982502685098,0.6812543292318348
453.6,0.002361542525,0.8102038019990749,0.680196247109291
453.7,0.00236163434,0.8112909501368496,0.6794970856642347
453.8,0.002361731405,0.8123741273015102,0.6789504171265835
453.9,0.002361835175,0.813086797594977,0.678682414140491
454.0,0.002361949535,0.813216765283056,0.678967199514539
454.1,0.00236208021,0.8134962099495929,0.679729375025041
454.2,0.00236223212,0.8143177552780625,0.6807036457387723
454.3,0.002362409805,0.815387919965952,0.6818152480337626
454.4,0.002362617265,0.8167814487856754,0.6829651651927562
454.5,0.00236285713,0.8184350449284483,0.6838497371530421
454.6,0.002363132065,0.8197238707482128,0.6844803993118797
454.7,0.002363442955,0.820279373444406,0.6852347585398596
454.8,0.002363789525,0.8203391705189743,0.6862243288098139
454.9,0.00236417545,0.8202709288433531,0.687229361998809
455.0,0.002364594885,0.8201518750481527,0.6881412092665135
455.1,0.002365045285,0.8199410678979115,0.6891813403286347
455.2,0.00236552296,0.8197544258783617,0.6904208808428497
455.3,0.002366026735,0.8197564616304014,0.6916228541921131
455.4,0.002366550495,0.8199092624138866,0.6926775559609617
455.5,0.00236709216,0.8199739038243269,0.6935910054409195
455.6,0.002367651465,0.8197852386191081,0.6942853539660305
455.7,0.002368225955,0.8195028031563651,0.6947847415342451
455.8,0.00236881201,0.8193603319295248,0.6952795423771855
455.9,0.00236940842,0.8191425881427046,0.6959350859498394
456.0,0.002370015035,0.8185664012004803,0.6966545546498086
456.1,0.002370632735,0.8176556660565751,0.6973405528216465
456.2,0.002371261625,0.8169102855003991,0.6979714600247111
456.3,0.00237189912,0.8167239262241882,0.698497136440251
456.4,0.002372541215,0.8173208602442967,0.6989984529463549
456.5,0.002373184215,0.818695583490396,0.6994727140565261
456.6,0.002373825685,0.820403083079919,0.6996600723592009
456.7,0.002374461165,0.8221783216902389,0.6996763646587024
456.8,0.002375088395,0.8239312172936065,0.6996952519137358
456.9,0.002375705655,0.8255173571589215,0.6997497836790169
457.0,0.002376309285,0.8270827499463523,0.6997967693387439
457.1,0.00237689624,0.8284568700066618,0.6996470284665032
457.2,0.00237746358,0.8292856095823081,0.699255077083856
457.3,0.002378007315,0.8295548566390915,0.6989588877284756
457.4,0.00237852635,0.8293282095786909,0.6988847649914068
457.5,0.00237902077,0.8289823767761983,0.6988736186206719
457.6,0.002379488345,0.828889360500911,0.6989143148119065
457.7,0.002379926985,0.829011065800311,0.6989512348087714
457.8,0.00238033613,0.8292428713558488,0.6987928922558452
457.9,0.002380718055,0.8292512028595661,0.6982605430975092
458.0,0.002381075085,0.8285158565503256,0.6972716262788268
458.1,0.002381408195,0.8270307377383794,0.6960266445261357
458.2,0.002381719325,0.8256410416616933,0.6948721720577945
458.3,0.00238201037,0.8253681189415054,0.6938343532078665
458.4,0.00238228302,0.8262542679813034,0.6929265837274264
458.5,0.00238253957,0.8269827970344856,0.692219587150292
458.6,0.00238277963,0.8264462884074762,0.6917468402877797
458.7,0.002383004685,0.8251092014413671,0.6914426210215767
458.8,0.002383214355,0.8239062667647518,0.6911772255573868
458.9,0.002383407855,0.8229527117129781,0.6909645711506652
459.0,0.00238358514,0.8218989084396287,0.6905720165822287
459.1,0.00238374543,0.8208577595014876,0.6897791288619449
459.2,0.00238388686,0.8203679852067931,0.6886743124070864
459.3,0.002384006665,0.8203856409575064,0.687376734110189
459.4,0.002384104765,0.8206078960713771,0.6861026486431551
459.5,0.002384183035,0.8209907494016996,0.6851449843881906
459.6,0.002384245025,0.821366138307877,0.6846681157561169
459.7,0.002384293085,0.8214752269711803,0.6844921425852187
459.8,0.002384330425,0.8212580172551112,0.6845105774509099
459.9,0.002384362655,0.8208205064958015,0.684802789549991
460.0,0.00238439105,0.8203502917569682,0.6853981590569581
460.1,0.002384416735,0.819990698778653,0.6860987405018939
460.2,0.00238444052,0.8195714532390314,0.6865757536472298
460.3,0.00238446376,0.8189959134648938,0.6867277815989222
460.4,0.00238448881,0.8185497004939337,0.6866361162084758
460.5,0.002384519075,0.8183058437889768,0.686418322156173
460.6,0.002384557485,0.8181515476073885,0.686499054804185
460.7,0.002384607635,0.8182295596361623,0.686850523623898
460.8,0.00238467206,0.8186979648176272,0.68717660837497
460.9,0.002384751665,0.8192934348555593,0.6875896209947668
461.0,0.00238484836,0.8192124885792469,0.6882909375723836
461.1,0.002384964785,0.8190776011570724,0.6892884246558248
461.2,0.00238510246,0.8198387085260723,0.6903619508478537
461.3,0.002385258895,0.8210358375394639,0.6913500634188167
461.4,0.002385432755,0.8222277640754211,0.6920830786663081
461.5,0.002385623535,0.8233503556615137,0.6925354051765721
461.6,0.002385831765,0.8242697427515868,0.6927364168409192
461.7,0.002386056025,0.8248474627910259,0.6928142026750221
461.8,0.00238629369,0.8253154092999635,0.692921890188002
461.9,0.00238654289,0.8259838082697559,0.6931972382177185
462.0,0.00238680328,0.8265845938824578,0.693810678165629
462.1,0.00238707246,0.8266274577726235,0.6946632121640337
462.2,0.00238734965,0.8260873111813211,0.6955219916486337
462.3,0.002387633045,0.8255250414945522,0.6964784746647603
462.4,0.00238792046,0.8253728627464123,0.6975203461692115
462.5,0.00238821006,0.8256802801539367,0.6984032028199086
462.6,0.00238849899,0.8263855237223704,0.6990326837399085
462.7,0.00238878753,0.8272907296632053,0.6994333875996885
462.8,0.002389076785,0.8281204494157596,0.699636365901037
462.9,0.00238936708,0.8287450483007757,0.6997192411152386
463.0,0.00238966074,0.8291365284445248,0.6998401861492165
463.1,0.00238995844,0.82930630639471,0.6999045008340208
463.2,0.00239025846,0.8294318381539623,0.699803479780652
463.3,0.002390559715,0.8296212636246031,0.6997732890752509
463.4,0.002390864885,0.8297346060043593,0.7000811525889322
463.5,0.002391176725,0.8297825592746236,0.7004650803439421
463.6,0.002391496465,0.830082795001342,0.7006132064375589
463.7,0.002391822615,0.8307850289240135,0.7005922457313741
463.8,0.002392154205,0.8316978940677376,0.7005208121976167
463.9,0.00239249224,0.832634710713853,0.7003157792946728
464.0,0.002392838145,0.8335836099253138,0.6999215533989445
464.1,0.00239319219,0.8344534855151662,0.6994314837945405
464.2,0.002393556285,0.8349911502482722,0.6989737223289859
464.3,0.00239393156,0.8352062613804487,0.6987091311125152
464.4,0.0023943205,0.835444846492933,0.6985703983809327
464.5,0.002394726685,0.8357650062002604,0.6988252192442507
464.6,0.00239515243,0.8359248127353632,0.6994106801679884
464.7,0.00239559839,0.8357456539895143,0.7000371891413378
464.8,0.00239606398,0.8356085737356677,0.7007155406766569
464.9,0.00239654625,0.8363436435847544,0.7013827144253144
465.0,0.002397041315,0.8377190202821254,0.7019486660586733
465.1,0.00239754749,0.8390245907907338,0.7025261850361827
465.2,0.002398061985,0.8400614545964951,0.7030309384446497
465.3,0.002398586075,0.840881165234855,0.7032784205475289
465.4,0.002399117755,0.841496207395019,0.7034626184079942
465.5,0.00239965454,0.8419737608942911,0.7036733061777145
465.6,0.00240019599,0.8424438248366772,0.7038759640366123
465.7,0.00240074174,0.8426473686247032,0.7041088879991347
465.8,0.002401291,0.84215823521491,0.7046772712252075
465.9,0.00240184506,0.8411848441471217,0.7055013863764679
466.0,0.00240239994,0.8403255117422146,0.7063474801099326
466.1,0.002402954395,0.8398134258564942,0.7071679447305295
466.2,0.002403507955,0.8394959365029223,0.7078837691830205
466.3,0.00240406146,0.8391190270659007,0.7083199793229714
466.4,0.00240461434,0.8385958576412984,0.7084029739176939
466.5,0.002405165495,0.8381054864439995,0.7081725946452209
466.6,0.002405716745,0.8377882484178399,0.7079234789141619
466.7,0.0024062681,0.8376228938301109,0.7077413230889215
466.8,0.002406817755,0.8375599802956301,0.7076662955731684
466.9,0.002407363825,0.837609007990582,0.7077471161857747
467.0,0.00240790497,0.8378829297372339,0.7078227091882053
467.1,0.00240844343,0.8382586139531207,0.7078179025514453
467.2,0.00240897718,0.8383365380173003,0.707818694232794
467.3,0.00240950277,0.8378963946033472,0.7077711556527599
467.4,0.00241001762,0.8371022439628168,0.7075511122201171
467.5,0.002410519315,0.8363627507512736,0.7070262212027406
467.6,0.00241100698,0.8361532190876497,0.7060906988927987
467.7,0.00241147797,0.8366306971886984,0.7048937332422252
467.8,0.00241193355,0.8373641145600494,0.7040134087152069
467.9,0.00241237432,0.8376451614388395,0.7036154380410353
468.0,0.002412802355,0.8372748242136492,0.7031941064838918
468.1,0.00241322008,0.8367733380615419,0.7026321258236471
468.2,0.00241362573,0.8366685408138035,0.7022820518710723
468.3,0.002414021895,0.8369442469850825,0.7021244256012711
468.4,0.00241441246,0.8373001580168077,0.7021648076332403
468.5,0.00241479813,0.8375931680804226,0.7023745277924234
468.6,0.002415178735,0.8379455668115612,0.7023245513364901
468.7,0.002415555135,0.838449603936903,0.7018665196939673
468.8,0.002415929705,0.8389161430123317,0.7012304288630243
468.9,0.002416306685,0.8391162875971068,0.7003113559322166
469.0,0.002416689075,0.8389805205289892,0.699504192814915
469.1,0.002417079365,0.8385691980860399,0.699332699555141
469.2,0.002417479285,0.8380737563581983,0.6995863705955477
469.3,0.00241788983,0.8377561350577349,0.7000358256901261
469.4,0.002418314155,0.8375803126832843,0.7009618855229954
469.5,0.00241875424,0.8376732221444214,0.7023411326625156
469.6,0.002419211805,0.838237879441607,0.7039699730551783
469.7,0.002419686565,0.8393363498793054,0.7056025142439869
469.8,0.002420179065,0.8410052141623747,0.706989288639505
469.9,0.002420689085,0.8424847660721387,0.7081028324387553
470.0,0.002421217815,0.8428653888716771,0.709103090406917
470.1,0.00242176627,0.8429510161210434,0.7100238974968694
470.2,0.002422336655,0.8438161604723595,0.7110366715701631
470.3,0.00242293,0.8445112566965222,0.7121922687286744
470.4,0.002423545675,0.8450436498371554,0.71335399199286
470.5,0.00242418335,0.8462802435374615,0.7144550259701636
470.6,0.002424840745,0.8480338365743981,0.7154395445591308
470.7,0.002425516245,0.849983552957513,0.7162517405078634
470.8,0.00242620853,0.8523180013433572,0.7168306229365846
470.9,0.00242691719,0.854552766994303,0.7171706123767413
471.0,0.002427642125,0.8560309428864848,0.717250785821261
471.1,0.002428382605,0.8573347666695776,0.717069622739299
471.2,0.0024291381,0.8588396900816121,0.7166536570224078
471.3,0.002429908585,0.8600448050235291,0.716229598562841
471.4,0.002430692185,0.8605858249775891,0.7159436947818084
471.5,0.002431488175,0.861179881298827,0.7156446151611866
471.6,0.00243229456,0.8625937299398339,0.7151898193590971
471.7,0.002433111115,0.8643737437709873,0.7146571371919397
471.8,0.00243393643,0.865823896656699,0.7141673063485773
471.9,0.002434767255,0.8666298345528656,0.7137933437254645
472.0,0.00243560284,0.8668286156864288,0.7135413628619054
472.1,0.00243644174,0.8669483857647544,0.7135344136589556
472.2,0.00243728352,0.8672693622861715,0.7137288782442128
472.3,0.002438127505,0.8678060782582961,0.7140408760938263
472.4,0.00243897629,0.8684615212999853,0.7142389786433763
472.5,0.00243983148,0.8689474691348278,0.7142109807696474
472.6,0.00244069213,0.8692116770769948,0.713887484690922
472.7,0.0024415558,0.8692881057430711,0.7131749714770879
472.8,0.002442418435,0.8688259209150603,0.7122759104914835
472.9,0.00244327687,0.8673205262641279,0.7112780338505532
473.0,0.002444127805,0.8647721417017595,0.7102617788925993
473.1,0.00244497042,0.862381967745426,0.7091248490776357
473.2,0.00244580343,0.8611987371379338,0.7082778191495602
473.3,0.00244662834,0.8606050640909997,0.7079408016560538
473.4,0.0024474452,0.8596725011613374,0.7078912713062773
473.5,0.002448251425,0.8583425581769226,0.7074555638211509
473.6,0.00244904714,0.8569777058149413,0.7070365004939032
473.7,0.002449834175,0.8558005384812705,0.7065727134536391
473.8,0.00245061151,0.854883513868873,0.7058078424566402
473.9,0.00245137864,0.8541471810995394,0.7053923668282029
474.0,0.00245213341,0.8534609316002892,0.7051886596773589
474.1,0.00245287577,0.8526579530844022,0.7050910692431678
474.2,0.00245360573,0.8517932548392428,0.7049788515535815
474.3,0.00245432556,0.8514361877014212,0.7047134812221327
474.4,0.00245503651,0.8518597874884606,0.7043980276206006
474.5,0.002455738005,0.8524705696489863,0.704167905958725
474.6,0.002456431135,0.8528192424512375,0.7039535550919707
474.7,0.002457117535,0.8525754862772454,0.7038361789072473
474.8,0.002457801145,0.8510941687924101,0.7037206059967069
474.9,0.00245848616,0.8481337266544116,0.7034229212432234
475.0,0.002459174705,0.8451508598280517,0.7030027520753617
475.1,0.002459867975,0.8444214448457413,0.7024971001713958
475.2,0.002460568925,0.8454255983887935,0.7019905811878575
475.3,0.00246127662,0.8468246249956608,0.7015996036989329
475.4,0.002461992165,0.8485444898938685,0.7014491716763085
475.5,0.00246271711,0.8504236523891692,0.7018768304010563
475.6,0.00246345499,0.852056916144288,0.7027840658107454
475.7,0.00246420884,0.8534016434637306,0.7038539728880372
475.8,0.002464978385,0.8545332828366654,0.7051293778239857
475.9,0.002465765795,0.8544576395687523,0.7063728641785736
476.0,0.002466570275,0.853887013245525,0.707418072054423
476.1,0.00246739199,0.8548940382042625,0.7083224988802795
476.2,0.0024682314,0.8569913214775019,0.7090531893492075
476.3,0.00246908712,0.8588155061013647,0.7096731198275403
476.4,0.00246996179,0.859935125740807,0.7102305326120668
476.5,0.00247085339,0.8612898056257762,0.7107588039831385
476.6,0.00247176137,0.862849700626063,0.7113283370321225
476.7,0.002472682565,0.8631506149367945,0.7119642268011356
476.8,0.002473615625,0.8632518496184638,0.7125895545356473
476.9,0.002474558765,0.8644050717329288,0.7131317431621745
477.0,0.00247550911,0.8665448858875126,0.7136672967450172
477.1,0.002476465755,0.8694934151061686,0.7141458304211973
477.2,0.00247742382,0.8725975411257717,0.7144295790696695
477.3,0.002478381445,0.8750890440115542,0.7145926151620202
477.4,0.002479337595,0.8767893116547889,0.714681629048267
477.5,0.002480289905,0.8780437621677378,0.7146431194055194
477.6,0.002481236345,0.8794307690411124,0.7146265003803819
477.7,0.002482177265,0.8807427609651046,0.7146573571034255
477.8,0.002483112425,0.8814182913502207,0.7146300880791923
477.9,0.002484043415,0.8816017854939316,0.7146764894026858
478.0,0.002484969235,0.8812881540161384,0.7147358843533945
478.1,0.00248588787,0.8805120738165515,0.7146520163959144
478.2,0.00248679798,0.8793696587808149,0.714367425800611
478.3,0.00248769775,0.8778778546597017,0.7138672779669741
478.4,0.002488585945,0.8759377515501067,0.7132902302283627
478.5,0.002489465245,0.873346383717052,0.712523480558957
478.6,0.0024903357,0.8701303164680161,0.7114929313544294
478.7,0.002491195675,0.866648904020273,0.7102413899562775
478.8,0.00249204218,0.8631697535192402,0.7086983841580963
478.9,0.00249287192,0.8594571387017486,0.7070254609373186
479.0,0.00249368498,0.8551140125218668,0.7054868345192964
479.1,0.002494480275,0.850439850440891,0.704104678264979
479.2,0.002495260515,0.8463245965425449,0.7028196474891399
479.3,0.00249602631,0.8432147653906829,0.701685186966002
479.4,0.00249677856,0.8405866095076544,0.7007730066894763
479.5,0.002497516845,0.8376265883430715,0.7001082833830886
479.6,0.002498244035,0.8341924317320235,0.6995615331640284
479.7,0.00249896281,0.8304867032856287,0.6991495886857338
479.8,0.002499675475,0.8270074082713338,0.6990183015287403
479.9,0.00250037996,0.8244601107000237,0.6989641216218365
480.0,0.002501074335,0.8228240446442577,0.6988051256176383
480.1,0.00250175953,0.82187040162789,0.6987651834086406
480.2,0.002502436905,0.8218877180865966,0.6990096935648694
480.3,0.00250310866,0.8227976175668558,0.6994104916724291
480.4,0.0025037747,0.8236823780227011,0.6997250719112037
480.5,0.002504435885,0.8244967416703646,0.6999081073823871
480.6,0.002505094005,0.8253471142530234,0.70016865222752
480.7,0.00250574927,0.8268512459837092,0.7007793087243395
480.8,0.002506404005,0.8290912832271278,0.7017761989051766
480.9,0.00250705954,0.8313395011778163,0.7031055072878754
481.0,0.002507719975,0.8333796388806868,0.7047804536943221
481.1,0.00250838956,0.8353655589775417,0.7066228532723904
481.2,0.0025090728,0.8373569894279111,0.7083047300322309
481.3,0.00250977205,0.8394031024400088,0.7097536451304371
481.4,0.002510485565,0.8413720642197197,0.7111190818286521
481.5,0.00251121189,0.8433315886550992,0.7124307030447112
481.6,0.002511951585,0.8458177445501852,0.7136580604626157
481.7,0.002512700825,0.8490837065737453,0.7147960898350079
481.8,0.002513458565,0.8520440041984817,0.7158246661193491
481.9,0.00251422407,0.8532666303778499,0.7167011641865154
482.0,0.002514995565,0.8536086430036757,0.7173514801489939
482.1,0.002515771875,0.8546449413227594,0.7177494822390917
482.2,0.002516552785,0.8559458748406109,0.7179287603654615
482.3,0.00251733852,0.8569107144931961,0.7178115098444443
482.4,0.002518126595,0.8574998133812266,0.7172194892752459
482.5,0.002518913605,0.857463904977196,0.7163094327153541
482.6,0.002519696625,0.8568345308713465,0.7153492363367108
482.7,0.002520474665,0.856206099243293,0.714323594299908
482.8,0.00252124779,0.8556415927425547,0.713132962100124
482.9,0.00252201647,0.8546576396402652,0.711834265396242
483.0,0.0025227789,0.8530035471258529,0.7104838392277257
483.1,0.00252353511,0.8509230776564957,0.70912943580291
483.2,0.002524282775,0.848875431547183,0.7077658463611753
483.3,0.00252502103,0.847021338961258,0.7062125361390903
483.4,0.00252574982,0.8454841262599299,0.7046577179525316
483.5,0.00252646818,0.8443088438818513,0.7032183532959922
483.6,0.00252717354,0.8432485752108207,0.7017468941289039
483.7,0.00252786358,0.8420589797366124,0.7002808573507355
483.8,0.00252853855,0.8406788969334463,0.6989275660497193
483.9,0.002529195065,0.8393524348336917,0.6978110565870042
484.0,0.00252983154,0.8383084710285331,0.6967723769406889
484.1,0.00253044488,0.8372566909408526,0.6954991145709303
484.2,0.00253103116,0.8356832493930434,0.6939836982394328
484.3,0.002531592225,0.833620636736329,0.6924059338601323
484.4,0.002532127705,0.8317548511425473,0.6911368372422322
484.5,0.0025326398,0.830707148842131,0.6902296835139522
484.6,0.002533131025,0.8304329820512524,0.6893740958874883
484.7,0.00253360094,0.8303843439137895,0.6883655880970182
484.8,0.00253404766,0.8298948712119895,0.6872551670408656
484.9,0.00253447044,0.8287522990966202,0.6860870537772227
485.0,0.002534865455,0.8277186774144772,0.6848934936130855
485.1,0.002535230675,0.8276427388368547,0.6837724853896903
485.2,0.00253556498,0.828143081449236,0.6824881646137909
485.3,0.00253586716,0.8285941010569559,0.6810402862411604
485.4,0.00253613598,0.8290098845614732,0.6794060234595777
485.5,0.00253637153,0.8293939379801892,0.6777357328934437
485.6,0.002536576795,0.8296258440666919,0.6760850835645799
485.7,0.00253675658,0.8297141605193697,0.6744181607857703
485.8,0.00253691488,0.8299774888155936,0.6735388604179571
485.9,0.002537057655,0.8307392433526801,0.6735986700588961
486.0,0.002537186945,0.8317116730931164,0.67388122490216
486.1,0.002537305825,0.8327778291087798,0.6738949662284268
486.2,0.002537419285,0.834140425807236,0.6741607072678086
486.3,0.002537529925,0.8355553677224864,0.6744717186573288
486.4,0.002537641435,0.8364940693241937,0.6748332657062744
486.5,0.002537759085,0.8366837272726909,0.6752063109843324
486.6,0.00253789025,0.8363365750012839,0.6754348806994369
486.7,0.00253804147,0.8359252085760375,0.6762851024856485
486.8,0.00253821417,0.8356340834680148,0.6780248725149094
486.9,0.00253841003,0.8351670480209468,0.6799927473035622
487.0,0.002538630835,0.8341791993437666,0.6819066432472409
487.1,0.00253887756,0.8326386062887434,0.6839197381205494
487.2,0.00253915289,0.8307841241453292,0.6859792280341661
487.3,0.002539457005,0.8289431445671404,0.6879492202562673
487.4,0.00253978855,0.827435971774766,0.6898294257603289
487.5,0.002540145105,0.8264381579656886,0.6917002441855417
487.6,0.00254052507,0.8258051647451022,0.693488784299157
487.7,0.0025409287,0.8254778861888219,0.6950645694750858
487.8,0.002541355675,0.8254442585810577,0.6964664674976383
487.9,0.00254180261,0.8255557348547778,0.6979344080809546
488.0,0.0025422696,0.8256876126311902,0.699537776440382
488.1,0.002542759455,0.8259661022535604,0.7011480814363884
488.2,0.00254326891,0.8264994253056189,0.7025798874210032
488.3,0.002543792865,0.8272211496691136,0.7037704065234517
488.4,0.00254433028,0.8278717483749307,0.7048218221863845
488.5,0.002544880955,0.8285462734503977,0.7058514791785986
488.6,0.00254544656,0.8295003374401811,0.7069041703281487
488.7,0.002546029555,0.8305307861137439,0.7079179245783503
488.8,0.00254663099,0.8315346631966426,0.7087930654774902
488.9,0.002547252025,0.8322934520702641,0.709510542407717
489.0,0.00254789357,0.8321290399603312,0.7102081581891879
489.1,0.002548556915,0.8312389387969747,0.7109000437056585
489.2,0.002549241005,0.8312457749025891,0.711511454184715
489.3,0.0025499452,0.8330940492589195,0.7122071033291846
489.4,0.00255066979,0.8354805538350337,0.7129059254822344
489.5,0.002551412755,0.8372763510276787,0.713394675617724
489.6,0.00255217116,0.8386897409961581,0.7138266571739632
489.7,0.002552942825,0.84085928090043,0.7142345489977348
489.8,0.00255372771,0.843656768627487,0.7145555820678198
489.9,0.00255452413,0.8459137264889378,0.7147741929342124
490.0,0.002555329885,0.8479267899463195,0.7151046507822583
490.1,0.00255613931,0.8501255592286406,0.715713799314604
490.2,0.00255694777,0.8521830636557003,0.716512750308709
490.3,0.002557751665,0.8540183129688891,0.7174217764262105
490.4,0.00255854591,0.8558095360026303,0.7184094240414608
490.5,0.00255932756,0.8572950569384363,0.7193999179396552
490.6,0.002560094675,0.8583709707408818,0.7202742734406317
490.7,0.002560844975,0.8591720643011765,0.7209801767435227
490.8,0.002561577745,0.8596668714273024,0.7215526880223423
490.9,0.00256229215,0.859952718659667,0.7219721534734496
491.0,0.002562989625,0.8603369228748305,0.7222333831857809
491.1,0.002563670755,0.8610002450308948,0.7224413440530779
491.2,0.002564336415,0.8618970880520856,0.7225988006768759
491.3,0.00256498691,0.8628487958473788,0.7226156584630551
491.4,0.002565620315,0.8636909186077295,0.7224441337873543
491.5,0.002566238965,0.8643608004092544,0.7220473192192794
491.6,0.002566844325,0.8647872904615352,0.7214849113024338
491.7,0.002567437385,0.8649740078793087,0.7208913890519469
491.8,0.00256802082,0.865061620615232,0.720247236894255
491.9,0.002568597845,0.865209055558465,0.7194775278445694
492.0,0.0025691712,0.8655580236704257,0.7186213621650572
492.1,0.00256974595,0.8660759026529993,0.7176716461395064
492.2,0.002570328445,0.8665225365973749,0.7167089867522228
492.3,0.002570920705,0.8667855758670746,0.7158729712479908
492.4,0.002571524475,0.8671144754851643,0.7151874568814216
492.5,0.002572139935,0.8678222574604622,0.7146086310013683
492.6,0.00257276552,0.8687121010132208,0.7141707432509402
492.7,0.00257340173,0.8693463194549422,0.7139373354831492
492.8,0.00257404686,0.8697552354379188,0.7137291295716252
492.9,0.00257470151,0.8702519086700806,0.713398275882905
493.0,0.002575367465,0.8709220292326474,0.7130992339613951
493.1,0.00257604743,0.8716228305890689,0.7129155136230131
493.2,0.00257674319,0.872201958062017,0.7128286108870295
493.3,0.002577453565,0.8725213512207368,0.7128376461075012
493.4,0.002578179695,0.8724952257362295,0.7130554024606922
493.5,0.00257892229,0.8721042796632316,0.7133841261495932
493.6,0.002579681665,0.871488527503128,0.7138640107106144
493.7,0.00258045804,0.8709008297654209,0.7145670048987082
493.8,0.002581252135,0.8703509442368924,0.7152896214745164
493.9,0.00258206265,0.8697920674701894,0.7161694998953778
494.0,0.002582890695,0.869348788746768,0.7173048840467557
494.1,0.002583738745,0.869136800357689,0.7183696828943928
494.2,0.002584607755,0.8691252958453916,0.7191387950414742
494.3,0.00258550122,0.8692901666278521,0.7196787657035878
494.4,0.002586421645,0.8696211899625754,0.7200676257590639
494.5,0.002587372125,0.8699538971909612,0.7204708240434108
494.6,0.0025883565,0.8702563885812048,0.7209576955064936
494.7,0.002589374275,0.8708676168478873,0.7215517392613608
494.8,0.002590425385,0.8718670517187737,0.7222110653115698
494.9,0.0025915081,0.8729452840165977,0.7229833630336018
495.0,0.002592621525,0.8738748310173123,0.7238622047288876
495.1,0.002593764485,0.874450923711757,0.724727537575763
495.2,0.00259493353,0.8745377070672198,0.7254234003485331
495.3,0.002596121925,0.8742544924894986,0.725856644825019
495.4,0.00259732376,0.8738286433221193,0.7261346317925647
495.5,0.002598533805,0.8733245056658123,0.7263398343415117
495.6,0.00259974674,0.8727137612043987,0.7264380656606042
495.7,0.00260095708,0.8720003934773627,0.7264327312362785
495.8,0.0026021587,0.8711795392992767,0.7264716807019976
495.9,0.002603346285,0.8701703152256817,0.7266249213084545
496.0,0.00260451521,0.8688194618005646,0.7266760790032255
496.1,0.002605661485,0.8670422565532435,0.7265362844133261
496.2,0.00260678013,0.8649761692950543,0.7263086885919441
496.3,0.00260786751,0.8630512400779761,0.7259446722511727
496.4,0.00260892371,0.8614675569381162,0.7252449076203268
496.5,0.002609946595,0.859791617788391,0.7241347378915864
496.6,0.002610933485,0.8576350212458518,0.7226346022667561
496.7,0.002611882675,0.8553532071033259,0.7207986492368129
496.8,0.002612794265,0.8535163053124013,0.718685482071117
496.9,0.002613666465,0.852141085694663,0.7165051288049314
497.0,0.00261450079,0.8512438656823537,0.7142936549219193
497.1,0.002615301285,0.8506889787383206,0.7122507526175136
497.2,0.00261607163,0.8502785296581293,0.7101901254473563
497.3,0.00261681333,0.85062473945174,0.7077915634386376
497.4,0.002617532085,0.8518937606714165,0.7058086467043595
497.5,0.00261823348,0.8528001541342742,0.7044002016027168
497.6,0.00261891965,0.8529522009355227,0.7031025102084838
497.7,0.002619597545,0.8527653515708578,0.7016524264378105
497.8,0.00262026846,0.8529206090797983,0.7006094930750423
497.9,0.00262093166,0.854475634611472,0.7001791514301682
498.0,0.00262158781,0.8554757857654837,0.7000839800223204
498.1,0.002622240965,0.8554331543531744,0.7001808541733865
498.2,0.00262289205,0.8597051485921936,0.7003840523862207
498.3,0.0026235363,0.865456964917945,0.7004361776915291
498.4,0.002624167675,0.8646651516223488,0.7002005393929539
498.5,0.00262478169,0.8648536094824525,0.7000190810012825
498.6,0.00262537453,0.8673168066184261,0.6999336485306608
498.7,0.002625941325,0.8687603998586771,0.6999343522474153
498.8,0.002626480035,0.8681189369042966,0.7000575340953624
498.9,0.002626991645,0.8683085634368672,0.699995896047499
499.0,0.00262747845,0.8703733249429567,0.6998784067654401
499.1,0.002627943235,0.8716916503177385,0.7000168064882013
499.2,0.00262838978,0.8717962339371764,0.700448838309923
499.3,0.002628821695,0.8723246309719543,0.7009695070267731
499.4,0.002629241195,0.8734213735336931,0.7013582916840254
499.5,0.00262965029,0.8744373268987523,0.7015243814044354
499.6,0.00263005205,0.8753414521317142,0.7016157954674695
499.7,0.00263045515,0.8773625015176216,0.702284439481489
499.8,0.0026308634,0.8794637054984925,0.7035067452184065
499.9,0.002631279845,0.8806733757497575,0.7048330565217137
500.0,0.002631708605,0.8816735583196954,0.7060668416381874
500.1,0.00263215304,0.882841866362083,0.7070033755409637
500.2,0.00263261475,0.8839671848505989,0.7076597107949665
500.3,0.002633096115,0.8849164610531782,0.7084454294008146
500.4,0.002633599925,0.8855558128572957,0.7093264513614019
500.5,0.0026341275,0.8855357946289069,0.7101848664212541
500.6,0.002634681835,0.8847365860242042,0.7111586030642343
500.7,0.002635266675,0.8833832821568175,0.7123803621640301
500.8,0.002635885965,0.8821879312848677,0.71408032821437
500.9,0.00263654013,0.8816515546047498,0.7158211224028359
501.0,0.00263722825,0.8812454346392349,0.7172809011284382
501.1,0.002637948105,0.880396701967941,0.7184915389902403
501.2,0.00263869812,0.8794307124924446,0.7193970842230817
501.3,0.002639478065,0.8787369357371965,0.71994635399945
501.4,0.0026402867,0.8779975430566181,0.7202105619416168
501.5,0.002641121875,0.8766441135255251,0.720281788130259
501.6,0.002641983565,0.8746512882080177,0.7201026545171514
501.7,0.0026428692,0.8726387651045721,0.71972565083235
501.8,0.00264377682,0.8711733880608611,0.7195339194327014
501.9,0.00264470495,0.8703023375153562,0.7195742700487441
502.0,0.00264565498,0.8698155477336823,0.7195877537644133
502.1,0.002646626225,0.8695335583770961,0.7196530737588668
502.2,0.002647616555,0.8694976185571391,0.7197046587102387
502.3,0.002648625885,0.8698425779968739,0.7195624388108107
502.4,0.002649654785,0.8704326507786271,0.7192765978616312
502.5,0.002650703775,0.8710071035617066,0.7188919412571256
502.6,0.002651773495,0.8717675134971374,0.7184008663430724
502.7,0.00265286434,0.8730647273692871,0.7179478989479072
502.8,0.00265397753,0.8744256778731928,0.7178923493066065
502.9,0.002655114435,0.8752996186839389,0.7182891827242373
503.0,0.00265627531,0.8758783754489539,0.7189521341723685
503.1,0.002657457485,0.8763053807224298,0.7199824131999278
503.2,0.002658662685,0.8763283708974687,0.7213046090168589
503.3,0.002659889195,0.8757807535988363,0.7226679596975519
503.4,0.0026611373,0.8748905644708856,0.7240704294899675
503.5,0.00266240731,0.8740337013578044,0.7255622084783393
503.6,0.002663697095,0.8735794961751336,0.7270044759664905
503.7,0.002665003675,0.8736031649341858,0.7283785080622058
503.8,0.00266632327,0.8737359160733559,0.7297391067077343
503.9,0.00266765181,0.8735562986549796,0.7310562948259756
504.0,0.00266898684,0.8729776989695972,0.7323531379901921
504.1,0.0026703245,0.8721502097478271,0.7335572727552012
504.2,0.00267166035,0.8712311807993165,0.7346440439018576
504.3,0.0026729918,0.8702354718573172,0.7356855949638581
504.4,0.0026743185,0.8690245072698791,0.7366355120513387
504.5,0.002675638205,0.8674259392640264,0.737335100752996
504.6,0.002676945825,0.8653646020939294,0.7378860544230267
504.7,0.002678239745,0.8629835261899207,0.7382704785496759
504.8,0.00267951793,0.8606031100203692,0.7384437625172626
504.9,0.002680777815,0.8583256438420757,0.7383863656194815
505.0,0.00268201348,0.855722740080797,0.738128773871443
505.1,0.00268321836,0.8527651442257428,0.7376477143547694
505.2,0.00268438742,0.8504675467217251,0.736821488053246
505.3,0.00268551477,0.8490812561314756,0.7357772226551926
505.4,0.002686594725,0.8477203747426081,0.7346994615962669
505.5,0.002687622935,0.8463182630917552,0.7334099823252304
505.6,0.00268859136,0.8452540422971664,0.7318688237835295
505.7,0.00268949405,0.844689435265463,0.730254899672786
505.8,0.002690327225,0.8447045400429416,0.7286686090110236
505.9,0.002691088715,0.8441549498241225,0.7270465858744193
506.0,0.00269177562,0.842244453083695,0.7253774514143817
506.1,0.00269238702,0.8413213086488084,0.7238044685391
506.2,0.0026929249,0.8429890922240048,0.7220960641708924
506.3,0.00269339295,0.8449351392269003,0.7200299454967767
506.4,0.002693792785,0.8461577779726391,0.7177450651598208
506.5,0.00269412756,0.8470960586009308,0.7153718683701873
506.6,0.00269440098,0.8476547594384453,0.7132102955448848
506.7,0.002694619055,0.8478906050821355,0.7116633439063307
506.8,0.00269478764,0.8477218073088583,0.710641201603744
506.9,0.00269491039,0.8476123667871777,0.7097050321257155
507.0,0.00269499298,0.8481515834670547,0.7084123358638016
507.1,0.002695042065,0.8493447540737027,0.707128480043615
507.2,0.00269506514,0.8507171776739793,0.7063121434757651
507.3,0.00269506809,0.8519415819947894,0.7057443948514083
507.4,0.0026950578,0.8530846127826862,0.7053459843542653
507.5,0.002695040565,0.8542754774603266,0.7052948329426796
507.6,0.00269502456,0.855450960900335,0.7054584470880785
507.7,0.002695015815,0.856521012490889,0.7055595875219682
507.8,0.002695017125,0.8575449832004,0.7057849213966396
507.9,0.002695030845,0.8585951799253831,0.7059415612063475
508.0,0.002695060935,0.8595750175412965,0.7058902464319439
508.1,0.00269511093,0.860406948975079,0.7057920653783338
508.2,0.00269518713,0.8611446514788097,0.7055179677024934
508.3,0.00269529269,0.8618111089443422,0.7050792003061225
508.4,0.00269542818,0.8623537813761379,0.70501093349776
508.5,0.002695595995,0.8627841984192357,0.7056542939741034
508.6,0.002695798575,0.8631985116583912,0.706734486625743
508.7,0.002696038065,0.8636851694931735,0.7074737787753564
508.8,0.00269631557,0.8642346403314716,0.7078025841456664
508.9,0.002696632475,0.8646949716198168,0.7081292029674895
509.0,0.002696988895,0.8648311722277204,0.7082669366726082
509.1,0.002697380655,0.8644945380085177,0.708344125604107
509.2,0.00269780469,0.8637964321385929,0.7087022608834308
509.3,0.00269825765,0.8630625058292319,0.7092404345545467
509.4,0.002698737335,0.8625676233048826,0.7099022675956931
509.5,0.002699239725,0.8623237477503698,0.7106714991232953
509.6,0.002699760425,0.8620200437053619,0.7113840940185384
509.7,0.002700296025,0.8612834973077278,0.711998313081427
509.8,0.00270084198,0.8602390748300419,0.7124954387029311
509.9,0.00270139608,0.8596510252339576,0.7128113258442494
510.0,0.00270195814,0.8599200021137727,0.7131158090042354
510.1,0.002702526675,0.860336074644814,0.7135489278170153
510.2,0.00270309946,0.8601669689954566,0.7141132898044915
510.3,0.002703674,0.859304884555385,0.7148019708964555
510.4,0.0027042471,0.85825076712277,0.7154116849154788
510.5,0.002704817595,0.8579887834282021,0.7157771778047975
510.6,0.00270538472,0.8585990440843472,0.7162956222740487
510.7,0.002705946795,0.859376556850184,0.7170663554829393
510.8,0.00270650379,0.8599664914018604,0.7177307897628029
510.9,0.00270705418,0.8605658067492005,0.7181245381364479
511.0,0.002707597905,0.861393610130236,0.7183108031648793
511.1,0.00270813249,0.8623874027007168,0.7183244376769958
511.2,0.002708656365,0.8633735297851226,0.7182544241431179
511.3,0.00270916857,0.8641840544065634,0.7181844608747225
511.4,0.00270966989,0.8648561604556873,0.7182124650316366
511.5,0.00271016031,0.8657913246240665,0.718214701845606
511.6,0.00271064075,0.8669654320464927,0.7181096155713433
511.7,0.002711111885,0.8676532460588843,0.7181025721206141
511.8,0.002711574705,0.8674262282905506,0.7181929808739991
511.9,0.002712029445,0.8671852178685377,0.7182364793658806
512.0,0.0027124759,0.8677784448093152,0.7183665413017393
512.1,0.00271291218,0.8685857273071375,0.7186006088039877
512.2,0.002713335045,0.8690090883331353,0.7188493475439283
512.3,0.00271374247,0.8691033926614108,0.7189913223991293
512.4,0.002714133055,0.8689987776260462,0.7190154498307089
512.5,0.002714504875,0.8687653510086992,0.7189741881527966
512.6,0.002714856895,0.8684579838666573,0.718652897472114
512.7,0.002715187115,0.8679003637370157,0.7180831130957177
512.8,0.002715492035,0.8669425549687892,0.717585258624718
512.9,0.002715768985,0.8659339843464661,0.7172197468858436
513.0,0.002716015765,0.8655049747368772,0.7167659312606618
513.1,0.002716230495,0.8658111669232665,0.7161151440592854
513.2,0.00271640985,0.8657784503773722,0.7152033973225459
513.3,0.002716550615,0.8649761253127571,0.7141452398017785
513.4,0.00271665242,0.8642235128102925,0.713244620586218
513.5,0.002716716875,0.8635678498571177,0.7124938804729749
513.6,0.00271674875,0.8632386863452453,0.7116454619609465
513.7,0.00271675401,0.8626689459511461,0.7106792839898909
513.8,0.002716734075,0.862151978030442,0.7096204101859984
513.9,0.002716692035,0.8627109113458128,0.7083841934768107
514.0,0.002716631995,0.8636602063979479,0.7070407353608003
514.1,0.002716558975,0.864381164212835,0.7060817830528479
514.2,0.002716480535,0.8648855217806275,0.7056511900805615
514.3,0.002716401845,0.8653274056369109,0.7053063814372741
514.4,0.002716325665,0.8657411659557593,0.7049750627928413
514.5,0.002716255395,0.8659225866483189,0.7046236065394988
514.6,0.0027161935,0.8658067121448839,0.7039791904880239
514.7,0.00271614334,0.8655533426973718,0.703075065255062
514.8,0.002716109,0.8649723428352023,0.7018789604008755
514.9,0.00271609473,0.863776860016361,0.7007081642171062
515.0,0.00271610328,0.8621234649355181,0.6995945701523736
515.1,0.002716134865,0.8601202786454389,0.6983126118541497
515.2,0.0027161915,0.8577751174286461,0.6971478538114607
515.3,0.002716275095,0.8558087883035789,0.6962636085768107
515.4,0.00271638846,0.8549694741270605,0.6958404800286693
515.5,0.002716535225,0.8549699516491438,0.6959071823238904
515.6,0.002716718275,0.8551316557062094,0.6963637814001631
515.7,0.002716939825,0.8551205407514011,0.6972367294676308
515.8,0.0027172018,0.8549055615661159,0.6983091686686014
515.9,0.00271750682,0.8543712771867051,0.6993339247762759
516.0,0.00271785188,0.8536928251204213,0.7001623816085834
516.1,0.00271823698,0.8532804722350816,0.7007329388167725
516.2,0.00271866053,0.8532657570150923,0.7011880110790155
516.3,0.002719118475,0.8534243760281719,0.7016201497148874
516.4,0.002719608065,0.8536286800816202,0.7020053215405881
516.5,0.00272012399,0.8538855366969776,0.7023169863813802
516.6,0.00272066051,0.8541484063206742,0.702487920437662
516.7,0.002721214635,0.8543915655920621,0.7030553109204563
516.8,0.00272178194,0.8545463769948457,0.7041626657821789
516.9,0.002722358365,0.8545527104456353,0.7053435087792543
517.0,0.002722937375,0.8546067207065358,0.7063788394878007
517.1,0.002723514645,0.8548717266132367,0.707230097999588
517.2,0.002724089005,0.8552622831287457,0.7078329319307001
517.3,0.00272465986,0.8555750726597078,0.7080192597909846
517.4,0.002725226455,0.8557095705243932,0.7079112706851101
517.5,0.00272578747,0.8557678219353759,0.7078102684812971
517.6,0.00272634417,0.8556901743313499,0.7079620576719479
517.7,0.00272689996,0.8551879718961176,0.708373744539645
517.8,0.002727455355,0.8542761874602662,0.7086160178819045
517.9,0.002728006315,0.8532259216202446,0.7087151037141987
518.0,0.00272854838,0.852281609134058,0.7088714105150854
518.1,0.00272907757,0.8515906535290129,0.7089828930719907
518.2,0.00272959104,0.8511661238305479,0.7088922267080081
518.3,0.00273008784,0.8510333601250073,0.7085337961189748
518.4,0.00273056696,0.851308569924647,0.7080219238615547
518.5,0.00273102541,0.8520379032255485,0.7077325329126767
518.6,0.002731461555,0.8530718579165126,0.7075911235441532
518.7,0.00273187388,0.8541458741969954,0.7073571754224257
518.8,0.0027322609,0.8551081503099752,0.7071274307516687
518.9,0.002732621815,0.8559262273201552,0.707238605432494
519.0,0.00273295641,0.8566432644274108,0.7076898826508115
519.1,0.002733262595,0.8573680047198526,0.7081563526112018
519.2,0.0027335375,0.8581799996066554,0.7087130742453445
519.3,0.00273378085,0.8590342489146489,0.709340462864637
519.4,0.0027339931,0.8596268098377837,0.7098220250361351
519.5,0.002734174225,0.8594102158738746,0.7101818127931949
519.6,0.002734324145,0.8586381946119962,0.7105542360359074
519.7,0.00273444437,0.8589608738766317,0.7109489143209778
519.8,0.002734537755,0.8603111241159592,0.7113630893300564
519.9,0.002734608505,0.8610299016655446,0.7117879646037133
520.0,0.002734657365,0.8608388174339827,0.7122030632410321
520.1,0.002734684805,0.8603623697753247,0.7125473001144565
520.2,0.00273469305,0.8599721085695251,0.7127327923110951
520.3,0.002734686205,0.8596936063807843,0.7127811979707016
520.4,0.00273467052,0.8594732048065791,0.7126776008113568
520.5,0.002734649905,0.8593333034025294,0.7123666648200604
520.6,0.00273462753,0.8593671823377057,0.7118490937135669
520.7,0.002734606425,0.8596607893039249,0.7112731957978666
520.8,0.002734589345,0.8601667553671561,0.710547073204657
520.9,0.0027345791,0.8607448900968256,0.7097621965456402
521.0,0.00273457752,0.8612651755393721,0.7089143058211775
521.1,0.002734585695,0.8616248753318374,0.7084108593152544
521.2,0.002734602355,0.8617874904507725,0.7081666067696232
521.3,0.00273462428,0.8617856557606628,0.707861363344215
521.4,0.0027346499,0.8616307752428408,0.7077017515878568
521.5,0.002734675885,0.8613269455341269,0.7076503048665616
521.6,0.00273470001,0.8609515629111347,0.7073689312621355
521.7,0.00273472573,0.8605874397562131,0.7065253508027936
521.8,0.00273475481,0.8602102852749643,0.7052638442727446
521.9,0.00273478937,0.8597134172640578,0.703577261407109
522.0,0.002734831255,0.8590096628105419,0.7016016771500843
522.1,0.00273488283,0.8580695977576229,0.6997748724379484
522.2,0.00273494594,0.8569009755559699,0.6980584758580303
522.3,0.002735021105,0.8555919618618134,0.6961631781428607
522.4,0.002735105655,0.8542665427708197,0.6941711193739607
522.5,0.002735197555,0.8529452140334611,0.6923317105920985
522.6,0.00273529602,0.851675011574947,0.6907096309068265
522.7,0.00273540389,0.8505305859199119,0.6894670430477374
522.8,0.002735521945,0.8495847591860665,0.6883589530533338
522.9,0.002735651205,0.8488431108419627,0.6871497414745964
523.0,0.002735793245,0.8482939667293007,0.686024737145346
523.1,0.002735947525,0.8477959551786683,0.6850296502386921
523.2,0.002736113685,0.8470779064785784,0.6843715242768769
523.3,0.002736292655,0.8461750378826779,0.6844577672784032
523.4,0.00273648494,0.8454584720143208,0.6846082118673983
523.5,0.002736688265,0.8450980936378422,0.6846451130147073
523.6,0.002736902265,0.8450125543530702,0.6847194682296325
523.7,0.00273712656,0.8451202921315324,0.6846474566428269
523.8,0.00273735919,0.8453156991945857,0.6844590239154645
523.9,0.00273759932,0.8454848802421667,0.6841464919951002
524.0,0.00273784994,0.8455702750136767,0.6840625235066551
524.1,0.002738115935,0.8455061676739876,0.6847141338053067
524.2,0.002738396175,0.8452822537991955,0.685848072824064
524.3,0.002738690315,0.8450099782470942,0.6872542622621813
524.4,0.00273899884,0.8447116149095975,0.6891213359089511
524.5,0.00273932182,0.844342791932066,0.6913041082014799
524.6,0.00273966013,0.8440310014275678,0.6933358264360389
524.7,0.002740015345,0.8439614214334761,0.6947476518913769
524.8,0.00274039119,0.844178134777906,0.6956586572122502
524.9,0.002740787775,0.8445004684673497,0.6966439926153074
525.0,0.00274120129,0.844847319145862,0.6977336603103902
525.1,0.002741627975,0.8453264497246462,0.6987198690762052
525.2,0.002742068045,0.8460409421418522,0.6997988113739687
525.3,0.002742520195,0.8469894203798974,0.7010137720672621
525.4,0.00274298389,0.847947782068431,0.702523081142641
525.5,0.002743454835,0.848696580677414,0.7039977007519389
525.6,0.002743929055,0.8490818404677092,0.7050795647308703
525.7,0.00274440423,0.8490133725974167,0.7056475269835275
525.8,0.002744878185,0.8485747371479372,0.7055505585846817
525.9,0.002745346355,0.8479956410909156,0.7048058000638512
526.0,0.00274580546,0.8474466603410714,0.7037749743991699
526.1,0.002746249885,0.8469727573724628,0.7025812006067323
526.2,0.002746674285,0.8465871708565318,0.7015226472452906
526.3,0.00274707446,0.8462915092887172,0.7008843070340077
526.4,0.00274744727,0.8460466975395935,0.7003055691185487
526.5,0.002747789425,0.8457505710160661,0.6994715202513178
526.6,0.00274809671,0.8452697502604343,0.6984087885716468
526.7,0.002748365355,0.8445249289077505,0.6970836585071772
526.8,0.0027485923,0.8435928811992836,0.6953917600667718
526.9,0.00274877722,0.8426498756156409,0.6933351981175082
527.0,0.002748917905,0.8418067915279381,0.691278479088612
527.1,0.00274901415,0.8409941683226047,0.6892930239474697
527.2,0.002749066265,0.8401250781309155,0.6876511333789241
527.3,0.00274907138,0.8392734991766776,0.6863740759652398
527.4,0.00274902815,0.8385410808317902,0.6846587726595651
527.5,0.002748935995,0.8377936016917217,0.6830751837674849
527.6,0.002748796055,0.8370278950310769,0.6821901719842273
527.7,0.00274861215,0.8365468732135153,0.6817721139666288
527.8,0.00274838721,0.8362809373953889,0.6813236390489583
527.9,0.00274812523,0.8359918920217025,0.6807523467080883
528.0,0.002747831785,0.8357526597411317,0.6799262335039002
528.1,0.00274751039,0.8356787443491781,0.6790707589747719
528.2,0.002747164115,0.8357004087721174,0.6787774724510034
528.3,0.00274679676,0.8356045839129974,0.6789117818201297
528.4,0.00274641335,0.8348815526469591,0.6791287339256012
528.5,0.002746015705,0.8333310258759651,0.6791746388774554
528.6,0.0027456129,0.8315777846974057,0.6792182504666727
528.7,0.00274521198,0.8303989963019257,0.6791700961344784
528.8,0.002744820285,0.8301064072117263,0.6786811386538737
528.9,0.002744446795,0.8304327684229519,0.6782991712526797
529.0,0.0027440977,0.8307751329071547,0.6786944904226515
529.1,0.002743776655,0.8306860876049813,0.6795824364534474
529.2,0.002743487605,0.830310271442203,0.6807794398031329
529.3,0.00274323299,0.830026321731801,0.681859682720255
529.4,0.00274301288,0.8299379738631967,0.6827330517611383
529.5,0.002742831965,0.8300864141160788,0.6837317891984557
529.6,0.002742694915,0.8303382567495613,0.6849320346717597
529.7,0.00274260304,0.8304951478866814,0.6860312276757683
529.8,0.0027425587,0.8307988205157628,0.687011272636797
529.9,0.00274256484,0.8315869015992864,0.6880052097205396
530.0,0.002742622615,0.8326775934535744,0.6891092156444936
530.1,0.002742732875,0.8337207027455312,0.6903337770449363
530.2,0.00274289537,0.8345710564786342,0.6914243558018888
530.3,0.00274310939,0.8351481481995428,0.692690631269586
530.4,0.00274337376,0.8354166538404597,0.6941512330924634
530.5,0.002743685435,0.8356383120517263,0.6953291167092592
530.6,0.002744040275,0.836212620321544,0.6962831241503747
530.7,0.002744435695,0.8371968687335428,0.697286398047484
530.8,0.00274487222,0.8383015155423981,0.6983826002552864
530.9,0.002745350675,0.8392053014833535,0.6991778316036896
531.0,0.0027458716,0.8397378705531754,0.6996172398849618
531.1,0.002746435265,0.8399067437246763,0.6998534939356972
531.2,0.00274703849,0.839788261699339,0.7000926068357471
531.3,0.002747677115,0.8394194764209194,0.7005250219317726
531.4,0.00274834665,0.8388723052284436,0.701004422687525
531.5,0.00274904572,0.83829469828634,0.7014172907940598
531.6,0.002749774295,0.837784811515477,0.7019465172092982
531.7,0.00275052989,0.8373742996034323,0.7025446638841711
531.8,0.00275130794,0.8370893006010841,0.7031730703794834
531.9,0.00275210269,0.8369354128265405,0.7037775253724047
532.0,0.00275290915,0.8368792097339679,0.7041389090585324
532.1,0.002753723365,0.8370511993653813,0.7041446833058297
532.2,0.00275454256,0.8377859739047587,0.7039823886293453
532.3,0.00275536292,0.8391690914864283,0.703885878903027
532.4,0.002756183515,0.8411207556569883,0.7039952440264838
532.5,0.00275700531,0.8433718952888447,0.704036442872543
532.6,0.002757827545,0.8455722793497896,0.7040692662325877
532.7,0.00275864704,0.847449575739054,0.7046886626401695
532.8,0.002759460165,0.8489260551712028,0.7054236319582914
532.9,0.00276026745,0.8500163009193341,0.7057574073281795
533.0,0.002761071095,0.8506683070586601,0.7058939849272017
533.1,0.002761873785,0.8508673332364504,0.706070146593659
533.2,0.00276267784,0.85084052916793,0.7060830773890212
533.3,0.002763484475,0.8508736415544987,0.7059726189913209
533.4,0.002764292055,0.8509483234950599,0.7055947984924296
533.5,0.0027650966,0.8508280570450951,0.704842820591681
533.6,0.002765891665,0.8503252514240734,0.7044278916003656
533.7,0.002766671675,0.8496920634247423,0.7042139428574707
533.8,0.00276743342,0.8490318263126639,0.7040391760581516
533.9,0.00276817537,0.848255582750259,0.7038895357168758
534.0,0.002768895295,0.8472243549617181,0.7039704003117792
534.1,0.002769591895,0.8456774221727199,0.7040548588886784
534.2,0.002770266185,0.8439321606395006,0.7038635610288159
534.3,0.002770919525,0.8423642043124645,0.7037420190922338
534.4,0.00277155303,0.8410504656629569,0.7038179325371152
534.5,0.00277216722,0.8400514831814125,0.7040465839336287
534.6,0.002772765365,0.8392911549273907,0.7046612491026741
534.7,0.002773348055,0.8385725030415114,0.7054070694818217
534.8,0.002773916385,0.8378398145196561,0.7059241253671201
534.9,0.0027744712,0.8371918044861854,0.7062322716241402
535.0,0.00277501488,0.8367494431078187,0.7063220960412916
535.1,0.002775549825,0.8365266602063821,0.706034904207271
535.2,0.002776078475,0.8363977857925465,0.7054217847018112
535.3,0.00277660394,0.8362222273118786,0.7047858195345743
535.4,0.002777129815,0.8359110839754671,0.7042802304624615
535.5,0.002777658825,0.8354613587039202,0.7038222616517918
535.6,0.002778191685,0.8349607270650148,0.703325814614301
535.7,0.002778728665,0.8345158209965987,0.7030134460567545
535.8,0.0027792691,0.8341991044748197,0.7028859162445747
535.9,0.0027798154,0.8339878323688659,0.7027921082879385
536.0,0.002780368255,0.8339005652081344,0.7025417045038915
536.1,0.002780929455,0.833929128568541,0.7020134771151169
536.2,0.002781503,0.8339012940576301,0.7013604279670299
536.3,0.00278209144,0.83361175859549,0.7004266712321593
536.4,0.00278269862,0.833020441743046,0.6993417599083539
536.5,0.002783330035,0.832219612076534,0.6985796660792608
536.6,0.002783987595,0.8312379963191787,0.6981186813396437
536.7,0.00278467107,0.8300148235026887,0.697925599055154
536.8,0.00278538302,0.8285922726500315,0.6981229287729113
536.9,0.002786127575,0.8271887975479668,0.698561526523279
537.0,0.00278690427,0.826084590562083,0.6988298625181927
537.1,0.002787712845,0.8254707484903128,0.6988973502115771
537.2,0.002788556595,0.825397298054072,0.6991591014282889
537.3,0.002789438475,0.8257382613879514,0.6997650078370161
537.4,0.002790360545,0.8261161195859544,0.7004684292817108
537.5,0.002791321765,0.8262680532898674,0.7009014412803404
537.6,0.00279232192,0.8257752819157813,0.7011722591334504
537.7,0.00279336003,0.8235852274114814,0.7019182428754159
537.8,0.00279443457,0.8229948530368335,0.703515447430057
537.9,0.002795543995,0.8243145607123828,0.7056075470754178
538.0,0.0027966886,0.8255574627307373,0.7078765372367319
538.1,0.00279786646,0.8266725459103877,0.7101979354466931
538.2,0.0027990748,0.8274449630129406,0.7122945024368075
538.3,0.002800311945,0.8277871767006961,0.7138917886728575
538.4,0.00280157874,0.8279954454440732,0.7151005541454379
538.5,0.00280287679,0.8283542467410396,0.7162421900661966
538.6,0.00280420711,0.8289471783721076,0.7173543578478645
538.7,0.002805569045,0.8297320801638658,0.7184924437689245
538.8,0.002806961505,0.8306014530988937,0.7197952936582948
538.9,0.00280838299,0.8314421558593649,0.7211787191160443
539.0,0.002809829795,0.8322199890676525,0.7225008332515662
539.1,0.00281129714,0.8329822776754902,0.7237584567730955
539.2,0.00281278221,0.8337547387603401,0.7249167494181034
539.3,0.00281428447,0.8345165875452063,0.7257545996124452
539.4,0.00281580107,0.8352098553624445,0.7262953682390929
539.5,0.002817326195,0.8357474635468828,0.7268896444718166
539.6,0.002818854415,0.8360543343172854,0.7276086042337758
539.7,0.00282038056,0.8361247751077643,0.7282856614329216
539.8,0.00282190137,0.8359892342343176,0.7287756493559168
539.9,0.002823416795,0.8356682200137887,0.728935342793684
540.0,0.002824923035,0.8351370835102166,0.7288412835096355
540.1,0.002826415365,0.8343931229539202,0.7285300082263325
540.2,0.00282789102,0.833578602226624,0.7279476763288778
540.3,0.002829347795,0.8329269730784163,0.7271545938298497
540.4,0.00283078254,0.8325808952316969,0.7261490517028446
540.5,0.002832194045,0.8325295804572931,0.7250146288788186
540.6,0.002833581075,0.8326612571717757,0.7238318003951861
540.7,0.00283494276,0.8328346291039567,0.7226089543043323
540.8,0.002836279685,0.8329195777693099,0.7214231413076788
540.9,0.00283759114,0.8328082334424813,0.7202103043310193
541.0,0.002838876915,0.8323957171943236,0.7189653225783282
541.1,0.002840137235,0.8316707946895078,0.7177288922408401
541.2,0.00284137064,0.8308667605984894,0.7164443955357522
541.3,0.002842576055,0.830328863387527,0.7151284577713871
541.4,0.00284375307,0.8301347129615351,0.7137313098369268
541.5,0.002844898495,0.8300825436739296,0.7121807893491181
541.6,0.00284601005,0.8299470090836685,0.710608679836594
541.7,0.0028470874,0.8296394031805848,0.7089103348480633
541.8,0.002848133025,0.829154429239465,0.7070084774874332
541.9,0.00284914953,0.8284898630127099,0.7054212129319483
542.0,0.00285014079,0.8276650504278804,0.7042645539151201
542.1,0.00285110962,0.8267862212989653,0.7034116617751529
542.2,0.002852059255,0.8258968804010312,0.7028596650963613
542.3,0.00285299319,0.8249302186247068,0.702480248668402
542.4,0.002853912295,0.823922226055432,0.7020559074654963
542.5,0.002854819355,0.8230112458672999,0.7016030091853694
542.6,0.002855717415,0.8224277201646368,0.7011796230266305
542.7,0.00285660737,0.8222447726580477,0.7006003196244939
542.8,0.00285748953,0.8221678664698878,0.6998909668528692
542.9,0.002858366335,0.8221273147919153,0.6995609362614242
543.0,0.002859241,0.8223566322060714,0.6993752115869293
543.1,0.002860113295,0.8228908411872584,0.6989040920694117
543.2,0.00286098515,0.8237319523547746,0.6982059987658575
543.3,0.00286185964,0.8249301683592244,0.6975655222715701
543.4,0.002862742335,0.8265001981374119,0.6963266414918123
543.5,0.00286363771,0.8282928977197003,0.6947712201194641
543.6,0.002864548565,0.8297856631681655,0.6936002354401356
543.7,0.00286547737,0.8305984874354286,0.692859114883598
543.8,0.0028664275,0.8310761477488512,0.692692308880063
543.9,0.002867402975,0.8317372645068725,0.6926345915398311
544.0,0.002868409075,0.8331813855346895,0.6930350315058282
544.1,0.002869449175,0.8354957528602919,0.6943011938761899
544.2,0.002870526135,0.837588694452484,0.6960636462044096
544.3,0.002871641915,0.8392190867919175,0.6980881262094948
544.4,0.00287279652,0.8410832638902604,0.7004017835351575
544.5,0.002873989515,0.8430376486800587,0.7028380069566074
544.6,0.002875217295,0.8447054573879965,0.7053239115242812
544.7,0.002876479265,0.8461445267348263,0.707908531216316
544.8,0.002877774725,0.8472455984112419,0.7105777854144386
544.9,0.00287910133,0.8479458782632828,0.7133520002231176
545.0,0.00288045359,0.8484535847688441,0.715962607169583
545.1,0.002881828405,0.8487834896965829,0.7181886203433959
545.2,0.002883222335,0.848879258007035,0.7203707077687262
545.3,0.002884628775,0.8489479960542956,0.7225828162534543
545.4,0.002886040985,0.8491576219656989,0.7245293470616185
545.5,0.002887452245,0.8495396584819314,0.7262674583299583
545.6,0.002888856395,0.8501290401133007,0.7278171871364183
545.7,0.002890246225,0.8509637864141009,0.7290323049093443
545.8,0.00289161551,0.8519242969520094,0.7299695927943576
545.9,0.0028929612,0.8529165752748311,0.7306255699067978
546.0,0.00289428237,0.8539939279267118,0.731140904199322
546.1,0.0028955762,0.8551570963235182,0.7317350799010808
546.2,0.00289684129,0.8563935957760446,0.7324401852394378
546.3,0.002898077285,0.8576403368206217,0.7332746236641577
546.4,0.002899283775,0.8588826670691132,0.734172497127739
546.5,0.002900461055,0.8602387543875912,0.7350328222759246
546.6,0.00290160932,0.8616971005469434,0.7357627524794302
546.7,0.002902726665,0.8630516799009478,0.7362482667744866
546.8,0.00290381035,0.864142340339309,0.7364817562236867
546.9,0.002904855595,0.8649930396476041,0.7363389142889133
547.0,0.00290585807,0.8656800494122765,0.7357136054039575
547.1,0.002906813345,0.8661585328229741,0.7347893991107538
547.2,0.00290771802,0.8663708039553918,0.7336558496494856
547.3,0.002908568805,0.8663912871394932,0.7324273675414111
547.4,0.00290936523,0.8662950413069579,0.7312569860478721
547.5,0.00291010734,0.8660553880529713,0.730190917996803
547.6,0.00291079595,0.8656961343666628,0.72911086357524
547.7,0.00291143116,0.865402841559709,0.7279654074778147
547.8,0.002912013635,0.865321003071083,0.726972595084242
547.9,0.002912545295,0.8655142927006877,0.725863700842119
548.0,0.00291302566,0.8658917299252752,0.724531093787134
548.1,0.002913456715,0.8662248329943355,0.7226615319989826
548.2,0.00291383872,0.8664450649225375,0.7203686091848337
548.3,0.00291417699,0.8665724816373817,0.7178808573606796
548.4,0.00291447317,0.8665006899620618,0.7150049743305451
548.5,0.00291473287,0.8661161590212625,0.7117123276189854
548.6,0.00291496059,0.8654428842996716,0.7084993014316383
548.7,0.002915159575,0.8646368395893548,0.7073454761313838
548.8,0.002915332415,0.8638014084213562,0.7068101738759534
548.9,0.00291548361,0.8630203330894501,0.7058521703289823
549.0,0.002915617135,0.8622653643924953,0.7062110281746166
549.1,0.002915737115,0.8612904842097893,0.7064520825789264
549.2,0.002915847685,0.8600832455512384,0.7057005445011495
549.3,0.002915952775,0.8589613074164179,0.7044399615993406
549.4,0.00291605719,0.8581002471355513,0.7031274230382267
549.5,0.0029161659,0.8572953459649605,0.7019394109267159
549.6,0.002916280565,0.8563550358678145,0.7010596141872633
549.7,0.002916400525,0.8554898224014599,0.7008680838495446
549.8,0.00291652678,0.8549279548385506,0.7011918501052382
549.9,0.002916656675,0.8546173958383727,0.7011871063003313
550.0,0.002916789655,0.8544884271767575,0.700701101916821
550.1,0.00291692932,0.8544678811608031,0.7006290651972742
550.2,0.00291707685,0.8544275116952044,0.7009081517222485
550.3,0.00291723231,0.8543245240048344,0.7013783538947113
550.4,0.002917398705,0.8542915686978984,0.7021623634741558
550.5,0.0029175781,0.8544521480647937,0.7032021112619732
550.6,0.00291777288,0.8547681168875213,0.7045358681398693
550.7,0.00291798283,0.8552282031316396,0.7058432419226608
550.8,0.00291820883,0.8558717269708008,0.7069674294378214
550.9,0.00291845308,0.8566373896491485,0.7076690727410742
551.0,0.00291871729,0.8574610901101785,0.7083606817973913
551.1,0.00291900352,0.8582274942043923,0.7089277644041055
551.2,0.00291931353,0.8587337492941477,0.709309964283156
551.3,0.002919649435,0.8591306895259287,0.7104313683472254
551.4,0.00292001427,0.8597734405332973,0.7119741479507357
551.5,0.002920411895,0.86062276382401,0.7137604261176402
551.6,0.002920838965,0.8615727500265291,0.71572486400393
551.7,0.00292128951,0.8627639162970642,0.7173790381997511
551.8,0.0029217598,0.8642054612189051,0.7188104294941356
551.9,0.002922249955,0.8657460040084459,0.7201907259256022
552.0,0.002922761145,0.8673066027254872,0.7211055388567715
552.1,0.002923292995,0.868948110019729,0.7214769693562054
552.2,0.002923845425,0.8707319565939198,0.7217948419840811
552.3,0.002924418945,0.8725354946708633,0.7224934819247569
552.4,0.00292501475,0.8741779570092719,0.7237302766869927
552.5,0.00292563062,0.8754624285816186,0.7250434121507108
552.6,0.002926263505,0.8760281226043799,0.7264628025611586
552.7,0.002926910305,0.8758482664249618,0.7281502650727373
552.8,0.002927568055,0.8756952771459174,0.7298265372312837
552.9,0.002928233115,0.8756919659072606,0.731088621814381
553.0,0.00292890178,0.8754797890226224,0.7316893194624886
553.1,0.00292957367,0.8749916420729222,0.7319103367888539
553.2,0.002930248285,0.8742908281501302,0.7322041636665589
553.3,0.002930927025,0.8736707154594233,0.7324939064738142
553.4,0.00293160769,0.8730889678982021,0.7324792289529366
553.5,0.002932286875,0.872165327091676,0.7321438953530924
553.6,0.002932961145,0.8709723889628844,0.7317054107000602
553.7,0.002933630955,0.8695725141260008,0.7313228840953738
553.8,0.00293429708,0.8675330361575874,0.7308384567913756
553.9,0.00293496405,0.865341580502964,0.7304163586856246
554.0,0.002935636455,0.8639879247771998,0.7301497882657823
554.1,0.00293631466,0.8634513973006345,0.7300274860637779
554.2,0.002936997665,0.8632133022766042,0.729936342177712
554.3,0.00293768298,0.862923949026838,0.7296546355644646
554.4,0.00293836476,0.8624176813707121,0.7289818257985865
554.5,0.002939039885,0.861841375047967,0.728056928354999
554.6,0.00293970535,0.8614674375575954,0.7270928552510214
554.7,0.002940358695,0.8613523798682504,0.7261539965696813
554.8,0.002940999535,0.8614774026894926,0.7252399250543782
554.9,0.00294162954,0.8618066792987007,0.724217751335865
555.0,0.002942249595,0.8621088251137523,0.7230997024927495
555.1,0.002942859775,0.8620432349423307,0.7223423524685634
555.2,0.002943460625,0.8616014327674563,0.7219939184273536
555.3,0.00294405425,0.8611682134237116,0.7216560652702013
555.4,0.00294464392,0.860994213173,0.7214226889183367
555.5,0.002945233595,0.860987100607232,0.7215722475782035
555.6,0.002945828065,0.8611756966974123,0.7220217152391526
555.7,0.00294643152,0.8615851970166225,0.722323754240054
555.8,0.002947048425,0.8621305146694326,0.7225021527204808
555.9,0.00294768228,0.862887437437018,0.7229950874573849
556.0,0.002948334805,0.8638071386863565,0.7236245809437554
556.1,0.00294900477,0.8646417781730062,0.7239999384340063
556.2,0.002949688965,0.8652745766148482,0.7242014339036222
556.3,0.002950385245,0.8657635278122675,0.7239775137456449
556.4,0.00295109086,0.8662886513075003,0.7237632194275583
556.5,0.00295180475,0.8669615490379727,0.7240247821487109
556.6,0.002952526045,0.8677094365850865,0.7242918175242661
556.7,0.002953252375,0.868282664147031,0.7242532764655918
556.8,0.002953980275,0.868601284473958,0.7242461513334534
556.9,0.002954705795,0.8688368599406802,0.7245139909567279
557.0,0.00295542635,0.8691776347790003,0.7249589284410705
557.1,0.00295613783,0.8696793282762227,0.7251661667420571
557.2,0.002956836655,0.8703185669830047,0.7249923235709781
557.3,0.00295751927,0.8710473096644872,0.7248478542912101
557.4,0.002958182595,0.8718728259660711,0.7249445336635317
557.5,0.002958822185,0.8728815725175827,0.7250799237405309
557.6,0.002959433155,0.8740133564037796,0.7253754847773806
557.7,0.002960010445,0.8750899173743117,0.7257652056292437
557.8,0.002960550785,0.876008160924659,0.7256466607720531
557.9,0.002961051795,0.8767574433389107,0.7255419766216502
558.0,0.00296151465,0.8774290027509127,0.7246939853662226
558.1,0.00296194123,0.8782325718862186,0.7232345899149241
558.2,0.002962332645,0.8794074081581403,0.7224137483032088
558.3,0.002962688695,0.8808697692729038,0.7220487455023441
558.4,0.00296301391,0.88223911411238,0.722107794877861
558.5,0.002963312495,0.8833399156118273,0.7221393616008442
558.6,0.002963589305,0.8842527493396249,0.7221124947004708
558.7,0.002963851085,0.8849581876868032,0.7220096201074363
558.8,0.002964102045,0.8853160276564177,0.7219773748004399
558.9,0.00296434366,0.8853018150912528,0.7221860079685648
559.0,0.002964577905,0.8850031438776761,0.722179284960286
559.1,0.002964807115,0.8845197532992536,0.7221813772609934
559.2,0.002965034215,0.8839746681242998,0.722630160054744
559.3,0.002965260415,0.8834936086076263,0.7233305341545647
559.4,0.002965484515,0.8831233530638447,0.7237695088960509
559.5,0.00296570849,0.882832560964643,0.7237310683683414
559.6,0.00296593546,0.8826677404476652,0.7231761877074938
559.7,0.00296616638,0.8826967813301551,0.7227814654401261
559.8,0.002966399825,0.8828083769843957,0.7223640734401703
559.9,0.00296663362,0.882864856537122,0.7217733283575892
560.0,0.002966864055,0.882776860526895,0.7215316644843045
560.1,0.00296708589,0.8824542440941125,0.7214833530724775
560.2,0.00296729417,0.8819956155489855,0.7208565613557892
560.3,0.002967485525,0.8817278324743789,0.7195765634113812
560.4,0.00296765808,0.8817961872473357,0.7182183335267135
560.5,0.002967810215,0.8819965768763375,0.7164418948279999
560.6,0.002967941785,0.8820392522709439,0.7147459814321832
560.7,0.00296805314,0.8818332077751656,0.7131957751036399
560.8,0.00296814433,0.8814784339999809,0.7117687506230439
560.9,0.002968215065,0.8808720060868732,0.7102502492475606
561.0,0.00296826641,0.8798443974130693,0.7084911270075537
561.1,0.002968301745,0.8785603593805088,0.7063944406369185
561.2,0.0029683255,0.8772641696675643,0.7042986841777087
561.3,0.002968342015,0.8759240353565811,0.7021083657796259
561.4,0.00296835935,0.8744171453075457,0.700537550603275
561.5,0.002968382615,0.8728628172094409,0.7004027260129536
561.6,0.0029684155,0.8715246746682002,0.7013862581418276
561.7,0.00296846069,0.8705437940435257,0.7028899060672448
561.8,0.00296851951,0.8698980773726921,0.7040273322538476
561.9,0.00296859567,0.8694946340441183,0.7049338325308556
562.0,0.002968695145,0.8692388141543365,0.7060253977479013
562.1,0.00296881977,0.8690664600981751,0.7072340312735904
562.2,0.002968971215,0.8689964151483707,0.7085094676254654
562.3,0.00296914861,0.8690603277093154,0.7099359266193837
562.4,0.0029693522,0.8693270614919757,0.711518472502703
562.5,0.00296958183,0.869807869681237,0.713294326865183
562.6,0.00296983665,0.8702451730954314,0.71545210464656
562.7,0.00297011638,0.8705020045780477,0.7179687968222389
562.8,0.00297042016,0.8708098995076553,0.7204815117416183
562.9,0.002970745035,0.8711998465541895,0.7227114079239512
563.0,0.002971088165,0.8717106066878102,0.7246926156318256
563.1,0.002971445935,0.8722458775273142,0.7264564376944425
563.2,0.00297181591,0.8727230100531709,0.7279720048223872
563.3,0.002972196935,0.8734565530882281,0.7293140178057771
563.4,0.00297258746,0.8739519194178461,0.7307609537006116
563.5,0.00297298627,0.8742110945285819,0.7325154892153443
563.6,0.00297339231,0.8748244904941953,0.7345651270943994
563.7,0.002973806235,0.8760265329584971,0.7366527782445628
563.8,0.002974229605,0.877625779548363,0.7385501179949572
563.9,0.002974664405,0.8787949106880258,0.7402150615703948
564.0,0.002975113315,0.8794785400990028,0.7416500845458869
564.1,0.002975576415,0.8805528768219363,0.7428100296686306
564.2,0.00297605025,0.8818920121064555,0.7436480620753463
564.3,0.002976530725,0.8821917451783491,0.7442806154729613
564.4,0.00297701526,0.8816031489451432,0.7447987834820591
564.5,0.00297749874,0.8819390040493678,0.7452161440660886
564.6,0.002977978455,0.8823132117167076,0.7455700633280713
564.7,0.00297845671,0.8815398270036175,0.7457790420713881
564.8,0.002978934155,0.8808377250278373,0.7458194429529132
564.9,0.00297941041,0.8808778054669119,0.7456414968618287
565.0,0.00297988347,0.8817303394653165,0.7452543521159415
565.1,0.002980354865,0.8830730435990901,0.7448107341005133
565.2,0.002980824955,0.8838499343295816,0.7441785702603874
565.3,0.00298129473,0.884630419042069,0.743018160181931
565.4,0.002981766795,0.8857355810721192,0.7417209463097812
565.5,0.002982241375,0.8860496398065133,0.7406181844565182
565.6,0.00298271481,0.8861734248402502,0.7393140402309747
565.7,0.002983185345,0.8868737109754764,0.7378840438037284
565.8,0.002983652105,0.8879448998225711,0.736277238541938
565.9,0.002984113325,0.8894027810262106,0.7343616775541528
566.0,0.00298457047,0.8900568103512055,0.7323674573695071
566.1,0.0029850262,0.8898405745288589,0.7305038143419152
566.2,0.002985485535,0.8901608284839659,0.7287712385598311
566.3,0.00298595144,0.8904395631505629,0.7269438369450909
566.4,0.002986425395,0.8900612337136617,0.7254395041524754
566.5,0.00298690851,0.8899175812479837,0.7246035012146139
566.6,0.00298740309,0.8902112384796854,0.7238795400371502
566.7,0.002987912,0.8904560690783649,0.7233181060140271
566.8,0.002988437825,0.8903794016512466,0.7230686447077761
566.9,0.00298898078,0.8904907962435578,0.7229028440138903
567.0,0.00298954046,0.8911945569802591,0.7227764451750657
567.1,0.00299011643,0.8916789403019602,0.7225620189100876
567.2,0.002990709375,0.8915439586320059,0.7224464962650298
567.3,0.00299131849,0.8918452499338558,0.7227205248258318
567.4,0.002991942385,0.8925724155358262,0.723310107519131
567.5,0.00299257794,0.8933698962645694,0.7238770079134713
567.6,0.00299322314,0.8938799149823239,0.724212636823025
567.7,0.002993875,0.8940427437295594,0.7244440276883324
567.8,0.00299453076,0.8938165176425744,0.724845334733902
567.9,0.002995185735,0.8932708732641282,0.7253456459303568
568.0,0.00299583375,0.8931929931822458,0.7257557431521711
568.1,0.002996472195,0.8932351345061011,0.7262298032004124
568.2,0.00299709809,0.8929677786880954,0.7267622151906017
568.3,0.002997708245,0.8922924556480942,0.7272102125861888
568.4,0.002998300085,0.8907611805568817,0.7278819793433059
568.5,0.00299887238,0.888701816306971,0.7287302847579988
568.6,0.002999423285,0.8873954352674581,0.7292585121467735
568.7,0.00299994958,0.8864304008361283,0.7294401841667453
568.8,0.00300045214,0.8848610810578807,0.7295419717687216
568.9,0.003000932115,0.8826845919506591,0.7295354498223727
569.0,0.00300139028,0.8806950653054377,0.7292762747116369
569.1,0.003001827555,0.8790517358874568,0.7285233731826481
569.2,0.0030022446,0.8776305296364553,0.7272695258554887
569.3,0.003002643185,0.8768092419185832,0.7263039510702225
569.4,0.003003026615,0.8761703425038079,0.7256266236941086
569.5,0.00300339374,0.8754986260121732,0.7245876675876398
569.6,0.0030037444,0.8750427746349521,0.7235662227186224
569.7,0.003004079395,0.874858702438193,0.7230822917862633
569.8,0.003004401115,0.8749370537589735,0.7225507280260907
569.9,0.003004712,0.8750250560523859,0.7218210303004413
570.0,0.003005011455,0.8750468524222166,0.7214172036975636
570.1,0.003005304545,0.8753916736318744,0.7212044738926184
570.2,0.003005594385,0.876138229143703,0.7210580002767374
570.3,0.003005880915,0.8772075644511318,0.7208330873754816
570.4,0.003006166135,0.8782922998457486,0.7205815337685234
570.5,0.003006454555,0.8790493859761519,0.7207195188010543
570.6,0.00300674599,0.8795415855803752,0.720968628248928
570.7,0.003007036495,0.8797384377760491,0.7210635923116608
570.8,0.003007327835,0.8795069463797767,0.7213782605150296
570.9,0.003007619195,0.8788679275844805,0.7220809028447464
571.0,0.0030079082,0.8778758063412916,0.7228388120724248
571.1,0.003008192115,0.876850371649604,0.7233394688440715
571.2,0.00300846906,0.8763557341694815,0.7237720410197296
571.3,0.003008734715,0.8763527496564607,0.7244465283960846
571.4,0.003008990635,0.8765478991089164,0.7252180658526945
571.5,0.003009234385,0.8768647098784749,0.7259107493336991
571.6,0.003009466775,0.8770652000384417,0.7266018431688211
571.7,0.003009689615,0.8767551436930883,0.727277103376969
571.8,0.00300990591,0.8759486088943175,0.727911453765582
571.9,0.003010114345,0.8749854028699122,0.7286140206970748
572.0,0.003010316725,0.8742287314297391,0.7292744463047125
572.1,0.003010511395,0.8740798325043297,0.7297787473238373
572.2,0.003010697145,0.8741870362120407,0.730251934009321
572.3,0.003010872575,0.8743999356629892,0.7305733754864511
572.4,0.003011037005,0.8750745926853476,0.7304648397434548
572.5,0.00301118889,0.8755944131721812,0.7298611889982529
572.6,0.003011328445,0.8757083775872828,0.7290936539306837
572.7,0.00301145802,0.8757017236940425,0.7283790295665864
572.8,0.003011575805,0.8758998827922604,0.7276550369731959
572.9,0.00301168461,0.8765519706129954,0.7268192979291174
573.0,0.003011783655,0.8776379814942296,0.7259158638465393
573.1,0.003011874625,0.8788555936917225,0.7251921037310052
573.2,0.003011958555,0.8801658891556818,0.7248570465913146
573.3,0.003012036625,0.8814844218755786,0.7247177546562398
573.4,0.00301210937,0.8828637192805814,0.7244651329077793
573.5,0.00301217876,0.8847865813296935,0.7240700336492932
573.6,0.003012250205,0.8861831135119937,0.7235531599763687
573.7,0.00301232504,0.8871873738691962,0.7230527105498371
573.8,0.003012408205,0.8889823793804925,0.7226715285468065
573.9,0.00301250344,0.8908058288716744,0.7222320008850134
574.0,0.003012615985,0.8921727798175485,0.7219203423274065
574.1,0.003012752525,0.8933962228110066,0.7221124444349883
574.2,0.00301291457,0.8946603054470315,0.7229009276423716
574.3,0.00301310324,0.8958256792418805,0.723898131982474
574.4,0.00301332062,0.8965434200658904,0.724814019338331
574.5,0.003013568045,0.8967193618208621,0.7256511846654743
574.6,0.00301384543,0.8963684584878268,0.7263303404485126
574.7,0.0030141526,0.8955134551975963,0.7268174004071546
574.8,0.003014485895,0.8941547289412892,0.7272738675365359
574.9,0.00301484005,0.8924169255490295,0.7279480910191081
575.0,0.00301521512,0.8908415173642191,0.728861992888408
575.1,0.003015612925,0.8892468574996276,0.7300351075675555
575.2,0.00301602948,0.8875939148081267,0.7312831994969736
575.3,0.0030164653,0.8864499038433219,0.7324376782485001
575.4,0.003016917945,0.885661119043044,0.7334916637342237
575.5,0.00301738814,0.88500445078022,0.7344779290487063
575.6,0.00301786948,0.8843996502121068,0.7354640938322241
575.7,0.00301835624,0.8838360107909409,0.7364090346369414
575.8,0.00301884983,0.883318043843773,0.7371781656335786
575.9,0.00301935199,0.8828639894575496,0.737796858324406
576.0,0.003019860295,0.8825201672743556,0.7383003173966997
576.1,0.003020373225,0.8821992535847912,0.7384046936710226
576.2,0.003020888305,0.8818659368874306,0.7379687222921132
576.3,0.00302140587,0.8814986470071141,0.7371756272267145
576.4,0.00302192446,0.8809749497949462,0.7361980264247704
576.5,0.00302244033,0.8803115585238434,0.7351067690838048
576.6,0.003022957095,0.8796503223853013,0.7339733767021691
576.7,0.003023473075,0.8790663317269254,0.7329202520128328
576.8,0.003023988945,0.8785130030128486,0.7322089765865042
576.9,0.00302449715,0.8780037257109605,0.7317627133500617
577.0,0.003024999395,0.8775722468095459,0.7312460972877348
577.1,0.00302549662,0.8771407302090193,0.7305990108825042
577.2,0.003025984345,0.8766065086614617,0.7297770697133603
577.3,0.00302646787,0.8758726326175832,0.7289676634989042
577.4,0.00302694739,0.8749471822536887,0.7284358295617632
577.5,0.003027423315,0.8738667634073779,0.7280436959667421
577.6,0.003027894555,0.8727075659836857,0.7276814891833392
577.7,0.00302836281,0.8715117250232821,0.7275063705256428
577.8,0.00302883069,0.8703088657448903,0.7276442173280969
577.9,0.00302930032,0.8690757466460591,0.7279788660607427
578.0,0.003029775435,0.8677730035708392,0.7283913885920855
578.1,0.00303025579,0.8664973661570343,0.7288498977566916
578.2,0.003030739235,0.8654454038569798,0.7290532530491586
578.3,0.003031224855,0.8646919368413134,0.7288578334197346
578.4,0.00303170964,0.8641943399809113,0.728342656206843
578.5,0.003032194985,0.8638226204549532,0.727537076452239
578.6,0.0030326782,0.8633735737674197,0.7266272523702034
578.7,0.00303314889,0.8628457547856901,0.7256912148390664
578.8,0.0030336062,0.862437705882286,0.7247363214688224
578.9,0.003034043805,0.8622802429753027,0.723883975965977
579.0,0.00303446014,0.8623092335923102,0.7232333898265303
579.1,0.003034857315,0.8624111657075484,0.7226709127946463
579.2,0.00303523232,0.8625015807441188,0.7223751632622374
579.3,0.00303558375,0.8625029253457744,0.7223651415816724
579.4,0.00303591515,0.8624356072983934,0.7223614093696
579.5,0.003036228625,0.8624063653539739,0.722394628570319
579.6,0.003036520155,0.8624890583558015,0.7224487770612963
579.7,0.00303679187,0.862620508875613,0.722269712563227
579.8,0.003037045235,0.8627078514345682,0.7216509633237319
579.9,0.00303727954,0.8626491978997257,0.7209864473624593
580.0,0.003037495385,0.8623374639438953,0.7204108761723951
580.1,0.00303769481,0.8616519118782142,0.7200144511618092
580.2,0.003037880265,0.8608604253082541,0.7197118341078595
580.3,0.00303805081,0.8603200399559101,0.7193429859975868
580.4,0.00303820777,0.859821337254894,0.7187461336588872
580.5,0.00303835179,0.8592691646469137,0.7180054403589503
580.6,0.00303848707,0.8590888372285976,0.717076578225434
580.7,0.0030386145,0.8594422664021266,0.7155885942809878
580.8,0.00303873826,0.8600699251983872,0.7138469204465789
580.9,0.00303886451,0.8606521565648769,0.7129467096380634
581.0,0.003038989155,0.8609937545004723,0.7126333734699796
581.1,0.0030391167,0.860992334500593,0.7124541016267951
581.2,0.003039249885,0.8606122520549911,0.7126084292243101
581.3,0.003039391355,0.85995073317311,0.7132287115610202
581.4,0.00303954194,0.8593503119851559,0.7142396006787216
581.5,0.00303970324,0.8592626552669353,0.7153061588182448
581.6,0.00303987715,0.8596736321346928,0.7164243647409929
581.7,0.00304006027,0.8602583390761936,0.7176321437534802
581.8,0.00304025349,0.8609154848611009,0.7187272338374832
581.9,0.003040458605,0.8616116932090628,0.7197683073774005
582.0,0.003040671725,0.8623016497876443,0.7208233107391436
582.1,0.00304089454,0.8629466815912794,0.7218056113636975
582.2,0.00304112645,0.863547259858866,0.7226764985463845
582.3,0.00304136744,0.8643144367848729,0.723511602988747
582.4,0.003041618295,0.8651501067139129,0.7243808628264393
582.5,0.00304187811,0.8659029265614927,0.7252368588599483
582.6,0.0030421511,0.8666904044592268,0.7261192694044886
582.7,0.003042435525,0.8675961381876274,0.7270732768456042
582.8,0.003042732805,0.8684983156331441,0.7279568057971292
582.9,0.003043045135,0.8691825545130959,0.7288281642187141
583.0,0.00304337094,0.8696073732380849,0.7299271247448664
583.1,0.00304370906,0.8698772737461402,0.73104482801279
583.2,0.003044058945,0.8699958814351838,0.7317038336205482
583.3,0.00304442089,0.8698653985259096,0.7319424627153295
583.4,0.003044788355,0.8695329049258242,0.731967425810555
583.5,0.003045153145,0.8692345730042541,0.7317601309609004
583.6,0.003045512435,0.8691354808887746,0.7313205216176983
583.7,0.003045864135,0.8691686875231229,0.7306373822951753
583.8,0.003046203425,0.8692291757480752,0.7297326475932386
583.9,0.003046523985,0.8692987683085376,0.7286453486590164
584.0,0.003046822595,0.8693400174200792,0.7276255060022522
584.1,0.003047103795,0.8693006092818325,0.7267398407677228
584.2,0.003047366575,0.8691688446027556,0.726140142146079
584.3,0.003047604045,0.8688398695864424,0.7256179780311258
584.4,0.00304781476,0.8681197411520158,0.7248840831376914
584.5,0.00304799262,0.8668983150610414,0.7241308485998814
584.6,0.00304813379,0.8650130830087339,0.7233993790159754
584.7,0.00304824246,0.8621072794501667,0.7225852352797977
584.8,0.003048310745,0.8578322629990147,0.7215109928046438
584.9,0.003048337395,0.8523547391278483,0.7198456910876436
585.0,0.003048325805,0.8472536157556938,0.7178298504623559
585.1,0.00304827827,0.8447653298607887,0.7159663896471379
585.2,0.00304819601,0.8438277717988072,0.7145767815350462
585.3,0.003048081605,0.8403803827995022,0.7138792034526872
585.4,0.00304793626,0.8380408764494858,0.7136048544494344
585.5,0.00304776362,0.8386112137461891,0.7132127836862665
585.6,0.00304756664,0.8380306411406204,0.7128435900008019
585.7,0.003047350995,0.8362621883704322,0.7126839970939995
585.8,0.00304711743,0.8355412556882864,0.712585558429792
585.9,0.003046869955,0.8354048665848235,0.712479133837059
586.0,0.003046611545,0.8352352394310856,0.7123630834044353
586.1,0.003046343555,0.8353846095953932,0.7121573279351812
586.2,0.003046069555,0.8357948261977283,0.7119342937063321
586.3,0.003045789065,0.8361612489984724,0.7117158022204603
586.4,0.00304550278,0.8363053915526044,0.7115539662165034
586.5,0.003045212555,0.8358763191111624,0.7116784989492916
586.6,0.003044920305,0.8349080111402876,0.7120036663553088
586.7,0.003044626045,0.8344274354288828,0.7123618016346327
586.8,0.003044333825,0.8350914361689602,0.7127102922245101
586.9,0.00304404878,0.8364054010131389,0.7130022404298082
587.0,0.003043773195,0.8378217629282684,0.7133661562396147
587.1,0.00304350851,0.839073869813098,0.7138724238957407
587.2,0.003043253195,0.839993992035852,0.7144664676506081
587.3,0.00304300625,0.8406573016255456,0.7151161050290732
587.4,0.003042766155,0.8412855761739664,0.7157625505494024
587.5,0.003042532925,0.8420818065488334,0.7162439367917119
587.6,0.00304230572,0.8426927080898798,0.716464658808368
587.7,0.00304208255,0.8426190063262265,0.7164884155320144
587.8,0.00304186432,0.8425177590781867,0.7163979250972203
587.9,0.00304165135,0.842925770282479,0.7162182888292881
588.0,0.003041442075,0.8435508341232079,0.7159852140703182
588.1,0.00304123452,0.8439523862130045,0.7157221810838038
588.2,0.00304102826,0.8441078259343188,0.7152930897928058
588.3,0.003040824205,0.844270095478062,0.7146630873684255
588.4,0.00304062212,0.8446027084586681,0.7140502443231191
588.5,0.003040422315,0.8450941163815426,0.7136222463063647
588.6,0.00304022472,0.8456774473054611,0.7132030887313374
588.7,0.003040029445,0.8462650947776857,0.7128756405290538
588.8,0.003039834615,0.8467942709274418,0.7126202793117994
588.9,0.00303963967,0.847281192656007,0.712422025965802
589.0,0.003039442635,0.8478259008398423,0.7123552985378397
589.1,0.00303924092,0.8485429630798388,0.71215341979392
589.2,0.003039031655,0.8494617218513811,0.7115861801075732
589.3,0.00303880941,0.8504746153051956,0.7106593285933552
589.4,0.00303856818,0.8514092956683064,0.7095472487762815
589.5,0.0030383036,0.8521352046332155,0.7084959273611283
589.6,0.003038013835,0.8526435080413811,0.7077640053878803
589.7,0.003037695115,0.8530488426087325,0.7073150215321998
589.8,0.003037345675,0.8533837929342729,0.7070500030591284
589.9,0.00303696338,0.8535628637155275,0.7067451114920974
590.0,0.0030365461,0.853604068844772,0.7063317658634793
590.1,0.00303609544,0.8535777548647054,0.7059530845682009
590.2,0.003035609355,0.8534016246141747,0.7054950403593075
590.3,0.00303508441,0.8530210206641923,0.7048733317395327
590.4,0.003034522965,0.8526247338836832,0.7043495654123263
590.5,0.00303392874,0.8524177217773675,0.7037878989113469
590.6,0.00303330172,0.8523707172680844,0.7029894505720664
590.7,0.003032640095,0.8523590054106719,0.7019609999514312
590.8,0.003031945335,0.8522473720573193,0.7012123835548221
590.9,0.00303122006,0.8518927553617675,0.7012131375370589
591.0,0.003030467425,0.8512224777195682,0.7017695701446774
591.1,0.003029694115,0.8503146328409041,0.702250485148089
591.2,0.003028907765,0.8492134166512267,0.7023180293901412
591.3,0.003028111055,0.8480801750660385,0.7021772546233338
591.4,0.00302730478,0.8471497170034542,0.7019427472981139
591.5,0.00302648997,0.8464357272410729,0.7015688160909278
591.6,0.0030256683,0.8459949492254036,0.7012249373590659
591.7,0.00302484172,0.8459034283482193,0.7008950952631802
591.8,0.003024011505,0.8459882639162368,0.7002538333707293
591.9,0.00302318061,0.8460134971884304,0.6991893989478402
592.0,0.00302235125,0.8458767248106637,0.698350254417325
592.1,0.00302152608,0.8456395031493912,0.6979594277248479
592.2,0.003020708645,0.8454837555519968,0.6974373264417478
592.3,0.003019904075,0.8454619089166837,0.6971174746105004
592.4,0.00301911734,0.8455094035144206,0.6974282975044613
592.5,0.003018350255,0.845640376512149,0.6978295982668455
592.6,0.00301760206,0.845932714274936,0.6977570777420301
592.7,0.003016871705,0.8464407035238362,0.6972703445090241
592.8,0.00301615828,0.8470857855929537,0.6968438293240022
592.9,0.003015459945,0.8477230953618462,0.6965571778439181
593.0,0.0030147742,0.848282682128489,0.6963695807802016
593.1,0.003014100215,0.8486934139520192,0.6962657699925564
593.2,0.00301343697,0.8488203531447801,0.6963644474178056
593.3,0.003012783175,0.848560518299587,0.6966206631482618
593.4,0.00301213748,0.8481194889565056,0.697147941776055
593.5,0.00301149776,0.8478535531383791,0.6977804449081876
593.6,0.0030108633,0.8478265228751877,0.6982911045108432
593.7,0.00301023201,0.8478895997724865,0.6986988643877233
593.8,0.003009603205,0.8479466259623344,0.6989475340126255
593.9,0.003008977045,0.8480675521467563,0.6991882616912996
594.0,0.00300835395,0.8483973251276038,0.6995761415698676
594.1,0.003007737185,0.8488685451760862,0.6999018116307093
594.2,0.00300713035,0.8491606567442024,0.7003482382299697
594.3,0.003006537875,0.849080137724491,0.7014599284895544
594.4,0.003005963325,0.8487278960729849,0.7025667744132671
594.5,0.003005410125,0.8482066618694574,0.7034336277909868
594.6,0.00300487794,0.8474939098945815,0.7046341434412591
594.7,0.00300436667,0.846717408721579,0.7062928226809454
594.8,0.003003877515,0.8461986940753595,0.7080838006704598
594.9,0.00300341122,0.8459840855980075,0.7096632489434227
595.0,0.003002967655,0.8459042514454944,0.7110396183840723
595.1,0.003002547115,0.8459849086952826,0.7123841383583998
595.2,0.0030021505,0.8462815755727465,0.7136043769273511
595.3,0.003001776575,0.8467071042976753,0.7147186118769852
595.4,0.00300142605,0.8471682209841839,0.7159008748739399
595.5,0.003001098705,0.8476399374043058,0.7171639522003157
595.6,0.003000794045,0.8481312887785125,0.7184472111178981
595.7,0.003000511315,0.8486479425399511,0.7196802736680615
595.8,0.00300025212,0.8491860156801021,0.7208277026856734
595.9,0.00300001542,0.8497330989079835,0.7218989292318797
596.0,0.00299979982,0.8502560170051736,0.7227150773041705
596.1,0.00299960451,0.8507739085541179,0.7232379137199516
596.2,0.002999428765,0.8513348524887869,0.7238207545554162
596.3,0.00299927003,0.8519250383678756,0.7244051599040222
596.4,0.00299912514,0.8525038642479289,0.7246828641282289
596.5,0.002998988945,0.8530233203100147,0.7244840767114804
596.6,0.002998857365,0.853446920097054,0.7239356865810551
596.7,0.002998728955,0.8538491821867903,0.7232441403565909
596.8,0.002998604825,0.8544405995701994,0.7227406687179266
596.9,0.00299848612,0.8553528992272458,0.72239423901283
597.0,0.00299837128,0.8564048740936709,0.7218669101195544
597.1,0.002998258405,0.8573943878149575,0.7211689613292622
597.2,0.002998146075,0.8583161876481885,0.7207397066754463
597.3,0.002998031895,0.859178027044033,0.7203019445887245
597.4,0.00299791225,0.8599871693647063,0.7196477267681703
597.5,0.002997785855,0.8607831421289759,0.7192074702568816
597.6,0.002997651015,0.8614757187958303,0.7190310069975294
597.7,0.00299750875,0.8619409949510122,0.7187742257803956
597.8,0.002997359265,0.8619188907051016,0.7180894339801367
597.9,0.00299720113,0.8612896234134022,0.7169888586753606
598.0,0.002997032775,0.8600961512138594,0.7154516585404032
598.1,0.002996853865,0.8587413205324429,0.7135571525065824
598.2,0.002996662945,0.8576154616899906,0.7119340800780317
598.3,0.002996458345,0.8565152256772209,0.7106826580604008
598.4,0.00299623776,0.8552245023354937,0.7098304005221496
598.5,0.00299600222,0.8537387929041285,0.7093399602098124
598.6,0.00299575287,0.8519588481880135,0.7089130114850043
598.7,0.00299548843,0.849724679439672,0.7085955095650619
598.8,0.002995207835,0.8473927945934331,0.7082908881749992
598.9,0.00299490963,0.8465171510394687,0.7076895056596931
599.0,0.00299459451,0.846165525140123,0.7069569616510997
599.1,0.002994264265,0.845538086255348,0.7064799170898373
599.2,0.00299391987,0.8453721284818294,0.7060461573921561
599.3,0.00299356202,0.8457178607533569,0.7054632725743945
599.4,0.00299319145,0.8461695463787196,0.7047883453750678
599.5,0.00299281139,0.8469271917126151,0.7041580162250516
599.6,0.002992424515,0.8479175159648061,0.7033668626639128
599.7,0.002992032095,0.8493420962863177,0.7021899026753572
599.8,0.00299163522,0.8509447546458053,0.7006643641323299
599.9,0.00299123579,0.8523334265632865,0.6996325771402967
600.0,0.002990838065,0.8535634229190199,0.6993535094648783
600.1,0.00299044488,0.8546610639762576,0.6992169695649679
600.2,0.002990061015,0.8555013960287957,0.6994436794572216
600.3,0.00298969129,0.8560505778405698,0.6999729687043131
600.4,0.00298933917,0.8563255740119091,0.700086549845111
600.5,0.00298900783,0.8564089644473059,0.7001893678894777
600.6,0.002988698565,0.856448441700591,0.7006627556368913
600.7,0.002988410935,0.8564961562098138,0.7012386221366649
600.8,0.002988143085,0.8564972557672424,0.7014727964530635
600.9,0.002987896005,0.8564880320512115,0.70113185196874
601.0,0.002987672965,0.8565672944338615,0.7004583950347752
601.1,0.002987474525,0.8567405909678188,0.6999507387946964
601.2,0.00298730593,0.8569616522764815,0.6991134980693294
601.3,0.002987167465,0.8571978183626223,0.6981258316045232
601.4,0.00298705967,0.8574186597597991,0.6982935926522249
601.5,0.00298698282,0.8576243586803856,0.699466820428708
601.6,0.00298693688,0.8578141925580715,0.7005714483880073
601.7,0.0029869213,0.8580072308602638,0.701761766428526
601.8,0.002986936885,0.8582621019890644,0.7037850903275145
601.9,0.0029869822,0.8585096217910554,0.7064031993972366
602.0,0.00298705426,0.8587035271728202,0.7088190652982913
602.1,0.00298715284,0.8590261310392321,0.7107867641577554
602.2,0.002987279875,0.859576538072141,0.7124058216308948
602.3,0.00298743653,0.8602891518169401,0.7137064912549634
602.4,0.002987619705,0.861002601225385,0.7148278010712533
602.5,0.002987823955,0.8615453364890338,0.71597471486767
602.6,0.002988041785,0.8620281301648521,0.71725935608602
602.7,0.002988266425,0.8625893065773776,0.7186405258802442
602.8,0.002988491325,0.8631550759983627,0.7199771730233817
602.9,0.002988712435,0.8636177760475686,0.7210605386836015
603.0,0.00298892697,0.863851353461363,0.7218879964894452
603.1,0.002989130395,0.8637706396629071,0.7225183696217586
603.2,0.00298931932,0.8634839065014138,0.7228136541984549
603.3,0.002989491285,0.8631241752930219,0.7230254792247157
603.4,0.0029896434,0.8626987722317992,0.7234341815793919
603.5,0.00298977572,0.8621733282941159,0.7238252595992813
603.6,0.00298988769,0.8615240553403984,0.7239374144570145
603.7,0.002989977295,0.8607626652280597,0.7238802249043486
603.8,0.00299004277,0.8599207812287507,0.7238814815414101
603.9,0.00299008419,0.85902660227813,0.7239693895870427
604.0,0.002990099755,0.8581411318223452,0.723917930299377
604.1,0.002990087865,0.8573468869340352,0.7236212005900601
604.2,0.002990046015,0.856713510439145,0.7231165162966315
604.3,0.00298997365,0.8562416369393904,0.7223553775117051
604.4,0.00298987178,0.85588009617363,0.72130197007903
604.5,0.002989739655,0.8556177292047581,0.7202994941464547
604.6,0.002989576875,0.8554742589514539,0.7195776566856247
604.7,0.00298938615,0.8554316338223301,0.7188536138267518
604.8,0.002989170125,0.8554543601035861,0.717907108508893
604.9,0.00298893045,0.8555567320417959,0.7172892954640087
605.0,0.002988669015,0.8557047073389654,0.7174799712885256
605.1,0.00298838698,0.8557681360946413,0.7179371986833291
605.2,0.002988085465,0.8555972208879155,0.7181511537094092
605.3,0.00298776733,0.8550766778347715,0.7181402523829012
605.4,0.00298743569,0.8544210337311526,0.7180168631898388
605.5,0.00298709641,0.8543435432067593,0.7176121946401299
605.6,0.00298675292,0.8550601844733403,0.7166711179943765
605.7,0.002986411015,0.8559509202384126,0.7153377192580428
605.8,0.002986076115,0.8566707973454268,0.7142574449249941
605.9,0.002985751135,0.8572694089760122,0.7138670329227471
606.0,0.002985438315,0.85788483441048,0.7141324535196782
606.1,0.00298513945,0.8586453448768756,0.7145933188787746
606.2,0.00298485566,0.8595006811759274,0.714918530267089
606.3,0.002984588385,0.8602244287250908,0.7152824335105249
606.4,0.00298433841,0.8606258740007371,0.7157061338285292
606.5,0.002984104565,0.8606397535570807,0.7157612813459704
606.6,0.002983887245,0.8603306082735969,0.7153277855420721
606.7,0.002983686645,0.8599014667171165,0.7145801618887414
606.8,0.002983502835,0.8595278936514927,0.7136166354218855
606.9,0.002983336685,0.859185717662849,0.7125844840051044
607.0,0.00298318854,0.8588555928236246,0.711605771079361
607.1,0.00298305693,0.858684910094755,0.7108291882249494
607.2,0.00298294218,0.8587944637137709,0.710675972751234
607.3,0.00298284275,0.8591129081115095,0.7110872574950713
607.4,0.002982757775,0.859430516845602,0.7117095693006356
607.5,0.002982689,0.8595661645331989,0.7124201912756922
607.6,0.002982637005,0.8594688317096053,0.713375204026457
607.7,0.002982603895,0.8591986798741377,0.7143628076594102
607.8,0.00298259283,0.8588985006960872,0.7149347157524403
607.9,0.00298260548,0.8586898926607036,0.7148432514239237
608.0,0.00298264266,0.858582720368919,0.7144523870323346
608.1,0.002982703855,0.8585231934713189,0.7140848521077912
608.2,0.002982791635,0.858496094093089,0.7135807772833374
608.3,0.00298290626,0.8584828428552761,0.7131806640429762
608.4,0.002983047395,0.8584239442762066,0.7135676894083425
608.5,0.00298321127,0.8582705654396731,0.7148941200921706
608.6,0.002983392335,0.8580598399708408,0.7162930524512582
608.7,0.00298358581,0.8578864743218452,0.7175862890671084
608.8,0.00298378655,0.85781723361976,0.7189012717873068
608.9,0.002983988105,0.8578600472444431,0.7199811125805693
609.0,0.00298418644,0.8579957514807077,0.7206210989864027
609.1,0.00298437925,0.8582371388938388,0.7208171971998397
609.2,0.00298456422,0.8586657526627535,0.7206567057975385
609.3,0.00298474123,0.859325380305857,0.7203496842306885
609.4,0.002984910055,0.8601664035087789,0.7201026922162632
609.5,0.00298507001,0.8611085608624053,0.7200573904501985
609.6,0.002985222125,0.8620523895433231,0.7203678677689674
609.7,0.002985365525,0.8628876384989478,0.7208510384359043
609.8,0.002985500585,0.8635640359636363,0.7212312968106948
609.9,0.002985626245,0.8640769260970761,0.7215248095291343
610.0,0.002985741055,0.8644070320867446,0.7218589933060673
610.1,0.00298584694,0.8645433332256134,0.7221539323075715
610.2,0.002985946265,0.864507613317142,0.7223174207892644
610.3,0.00298604154,0.8643707655411517,0.7225010657294226
610.4,0.00298613823,0.8642329250218828,0.7228052033142167
610.5,0.002986239545,0.8641405936137937,0.7232301854020237
610.6,0.002986345915,0.8640765051236605,0.7236364247480593
610.7,0.002986457135,0.8640362047731003,0.7239354289704575
610.8,0.002986575845,0.8640216403495582,0.7242347222193797
610.9,0.002986704435,0.8640184547746074,0.7246113237803213
611.0,0.002986844305,0.8640277853047886,0.7251434404608011
611.1,0.00298699665,0.8640808342383371,0.7256871119190608
611.2,0.00298716237,0.864200265024656,0.7261141109093514
611.3,0.002987343345,0.8642926278486716,0.7264615961895796
611.4,0.00298754157,0.8641761438762616,0.7265961317533769
611.5,0.00298775582,0.863805944881148,0.7263921292928235
611.6,0.002987987355,0.8634046504019491,0.7260349616240368
611.7,0.002988238315,0.8632018731625305,0.7259950131318538
611.8,0.002988510575,0.8632365877613527,0.72629847841582
611.9,0.00298880506,0.8634819272980421,0.7264915230011978
612.0,0.00298912049,0.863938281330088,0.7264731886664714
612.1,0.002989455195,0.864578958886305,0.7263513262874387
612.2,0.00298980691,0.8653620071383976,0.72610324099877
612.3,0.002990171795,0.8662282698966984,0.7255932725464981
612.4,0.002990546925,0.8670102500072887,0.724846277211698
612.5,0.00299092812,0.8675887365953354,0.7241143929375619
612.6,0.00299131355,0.8680745147841749,0.723532488296708
612.7,0.00299170378,0.8685744804054377,0.7230982762096848
612.8,0.00299210042,0.8690615906295621,0.722689743501012
612.9,0.002992500515,0.8694538059059922,0.7224839691822018
613.0,0.00299290272,0.8695979798760508,0.7226640012908084
613.1,0.002993310465,0.8695228895284446,0.7229476179923892
613.2,0.00299372345,0.8694437465263153,0.7231095859432377
613.3,0.002994139795,0.869416659714456,0.7230637375400512
613.4,0.002994557095,0.869380148124636,0.7228127117206588
613.5,0.002994973265,0.8693410729952107,0.7223708467139314
613.6,0.002995386395,0.8693364297212687,0.7217192615480209
613.7,0.00299579409,0.8693423233490869,0.7208584463113814
613.8,0.002996193515,0.8692833807877202,0.7198241271956695
613.9,0.00299658294,0.8690488734625003,0.7187201087053449
614.0,0.002996961455,0.8685723252728773,0.7178168882510672
614.1,0.00299732754,0.8680187954968707,0.717223252903245
614.2,0.00299768101,0.8676745272075197,0.7168232339106633
614.3,0.002998020985,0.8676246826984779,0.7168581495714154
614.4,0.002998348515,0.867715851717285,0.7173505753703096
614.5,0.00299866312,0.8677335514502953,0.7177579331233299
614.6,0.002998963555,0.8675516532356524,0.7179817401839717
614.7,0.00299925218,0.8672249715819763,0.7182496237895433
614.8,0.002999531325,0.8669257662976484,0.7185648197804779
614.9,0.00299980313,0.8667802477259341,0.7187773673730492
615.0,0.003000067565,0.8667863109997556,0.7185422128797427
615.1,0.00300032582,0.8668376069246033,0.7180339094715772
615.2,0.00300058106,0.8669751898332748,0.717830240019845
615.3,0.00300083589,0.8674007876732418,0.7179654227517289
615.4,0.00300109035,0.868112176196906,0.718577606062578
615.5,0.003001342505,0.86885996949624,0.7195970780114092
615.6,0.003001592105,0.8694113252901302,0.7208460181708438
615.7,0.00300183831,0.8696918820804664,0.7220948326665723
615.8,0.003002080755,0.869730140395802,0.7233105096429907
615.9,0.00300231884,0.8695786842139723,0.7243669769869104
616.0,0.003002551185,0.8693124153870248,0.7250563115301464
616.1,0.00300277741,0.8690614272667441,0.7252966810672579
616.2,0.003002996985,0.8689349844456224,0.7251663740871723
616.3,0.0030032097,0.8689368442684733,0.7249722048116246
616.4,0.00300341774,0.868953180550272,0.7251490827612069
616.5,0.0030036219,0.8688581285229451,0.7257263189953775
616.6,0.0030038217,0.8685855702275048,0.7264077115923853
616.7,0.003004015545,0.8681422349554155,0.72699883994927
616.8,0.003004202495,0.8676546849083195,0.7276688285649452
616.9,0.003004382335,0.8673170390962824,0.7283559137278411
617.0,0.003004554445,0.8671948939739109,0.7288239356350024
617.1,0.00300471792,0.8672231871573491,0.7288965127084855
617.2,0.003004872785,0.8673632707737727,0.7285244224745945
617.3,0.003005018755,0.8676074667707362,0.7278142466056945
617.4,0.003005154905,0.8679192761247903,0.727003583754177
617.5,0.003005280485,0.8682113499937947,0.726232083996679
617.6,0.00300539406,0.8683931225447312,0.725668563956034
617.7,0.00300549606,0.868441144930034,0.7253040198276968
617.8,0.003005587315,0.8683498628138914,0.7250238463116643
617.9,0.003005667475,0.8681275888504646,0.7247995554457538
618.0,0.00300573799,0.8678482007325954,0.7245631191826447
618.1,0.00300580237,0.8675916645596886,0.7245045724619524
618.2,0.003005864515,0.8673689821892169,0.7247338835929232
618.3,0.00300592682,0.8671756297277592,0.7248972841100217
618.4,0.003005990655,0.8670448200928489,0.7248360419028327
618.5,0.00300605772,0.8669558690384551,0.7246142140455627
618.6,0.003006131375,0.8667743729476719,0.7244070825587262
618.7,0.003006214295,0.8664462901436722,0.7241953203643183
618.8,0.003006308865,0.8661546498144542,0.7238114491579762
618.9,0.003006418115,0.8660183109764736,0.7234691349392557
619.0,0.00300654399,0.8659218577988231,0.7235006890958684
619.1,0.00300668558,0.8658331517886565,0.723787309160026
619.2,0.00300684147,0.8658474271856744,0.7241445962093335
619.3,0.003007010175,0.8659567106277222,0.7246693741293745
619.4,0.003007190205,0.8660862887583122,0.7253813972547547
619.5,0.003007380285,0.8661790976884844,0.7262243368291952
619.6,0.003007579005,0.8662147484819174,0.7271414494061871
619.7,0.00300778514,0.8662285023745548,0.7280969899445177
619.8,0.00300799909,0.8662852772369904,0.7290014733190421
619.9,0.003008222315,0.866487111998613,0.729672416978884
620.0,0.003008453915,0.8669283863859215,0.7300694828743711
620.1,0.00300869304,0.8675821518171335,0.7302255948965133
620.2,0.00300893863,0.8683436110445107,0.7301902205632339
620.3,0.00300919132,0.8691510820378923,0.7301081370303809
620.4,0.00300945249,0.8699677578977488,0.7303224250652823
620.5,0.00300972031,0.8707554242910421,0.7310510232335028
620.6,0.003009993055,0.8714720027257701,0.7319634799701821
620.7,0.003010269045,0.8720877800186149,0.7326385391164001
620.8,0.00301054691,0.8726168430710353,0.7330977519977606
620.9,0.00301082416,0.8731686009887855,0.7334479516140416
621.0,0.0030110983,0.8738815414592204,0.7333555071086171
621.1,0.00301136712,0.8748546183677433,0.7326842430063246
621.2,0.00301162743,0.8760793179982629,0.7319959200559231
621.3,0.003011877535,0.8773959154970851,0.7314681387733053
621.4,0.00301211598,0.8786742232646456,0.73080520617473
621.5,0.00301234417,0.879974848906417,0.7300563007515967
621.6,0.00301256187,0.8813080717135621,0.7294285791234829
621.7,0.0030127698,0.8825409771840927,0.7289101032383051
621.8,0.003012969595,0.8836494127536884,0.7282766010797086
621.9,0.003013163175,0.8846129769196561,0.7275073255698095
622.0,0.003013351955,0.8853075767721796,0.7266969454616307
622.1,0.003013537335,0.8856683949716297,0.7260057322459877
622.2,0.003013721065,0.8857383708063957,0.7257677440361078
622.3,0.00301390443,0.885619536922681,0.7259237806600263
622.4,0.003014089655,0.8854135238428291,0.7260171990591735
622.5,0.003014277695,0.8851746497038208,0.725982088619677
622.6,0.00301446882,0.8849166495487375,0.7259543860556575
622.7,0.00301466321,0.8846958521338578,0.7258161622620849
622.8,0.00301485789,0.8845769051528076,0.725452893620365
622.9,0.003015050365,0.8845181510870002,0.7251025432076367
623.0,0.003015237795,0.8843862230451054,0.7245675111291744
623.1,0.003015415685,0.8840419484725691,0.7235998126272745
623.2,0.00301558052,0.8834758209100215,0.7222616449532926
623.3,0.00301573177,0.8828592645021986,0.7214666586491164
623.4,0.003015870085,0.8823666753404863,0.7210856023097918
623.5,0.00301599105,0.881978154577017,0.721040708950772
623.6,0.0030160909,0.8816025771752802,0.7214115362644165
623.7,0.003016169105,0.8811514193374834,0.722012987894761
623.8,0.00301622393,0.8804633665640502,0.72262373863936
623.9,0.00301625223,0.87937610532894,0.7231138962083584
624.0,0.003016251075,0.8779949669506424,0.7232039719529222
624.1,0.00301621858,0.8766699122843964,0.7228986405629197
624.2,0.003016154825,0.8755353700798497,0.7224037517553851
624.3,0.00301605985,0.8744288885808846,0.721948660643586
624.4,0.00301593373,0.8731750978023929,0.7216048447435772
624.5,0.003015777435,0.871662678550287,0.7214211306883805
624.6,0.003015592645,0.8701197544335147,0.7213907012219378
624.7,0.003015381465,0.8689685555047187,0.7212686943296431
624.8,0.00301514805,0.8684329767891346,0.7213444067125946
624.9,0.00301489126,0.8682847061822558,0.7214454968810018
625.0,0.0030146113,0.8675175858049171,0.7212197797320267
625.1,0.003014308055,0.8655046919935383,0.7207522039310224
625.2,0.00301398239,0.8640391578701946,0.720020439037407
625.3,0.003013636525,0.8644553749144981,0.7191620553934813
625.4,0.003013275955,0.865362402979072,0.7183318958179555
625.5,0.003012903815,0.8660970330051874,0.7174801032354171
625.6,0.003012521465,0.8671429068986793,0.7165078180082429
625.7,0.00301213013,0.8681248242489293,0.715551083664704
625.8,0.003011732455,0.8685122328885995,0.714786784437568
625.9,0.003011328415,0.8683330364436387,0.7141151747600836
626.0,0.003010916305,0.8678472959539113,0.7134510232235588
626.1,0.00301049415,0.8675687309333174,0.7128594801764437
626.2,0.00301006328,0.867785827552051,0.7121615753684487
626.3,0.003009624985,0.8680998360209627,0.7112482327026413
626.4,0.003009180215,0.8680913285880567,0.7103437556113021
626.5,0.00300872892,0.867841565688911,0.7094561111734009
626.6,0.003008270665,0.8674817653654807,0.7084030304663617
626.7,0.003007806655,0.8669968542562139,0.707020767397894
626.8,0.003007339875,0.866393247493309,0.7056430282228476
626.9,0.003006875365,0.8656521143704007,0.7048632095280029
627.0,0.00300641699,0.8646973340974922,0.7045697093759339
627.1,0.003005970185,0.8635559809200726,0.7046389375116484
627.2,0.003005538445,0.8624014707526195,0.7052619467507818
627.3,0.00300512671,0.8614397287103907,0.7061809631329218
627.4,0.003004740225,0.8607889163762731,0.7072249583540068
627.5,0.003004380535,0.860475737287822,0.7087985067159662
627.6,0.00300405037,0.8604853819772685,0.7108356033571481
627.7,0.00300375137,0.8608404322126068,0.7128421888504785
627.8,0.003003482705,0.8614940971128537,0.7146661221469289
627.9,0.003003243715,0.862185216080717,0.7164005514686788
628.0,0.003003034925,0.8627196009910926,0.7180961004397477
628.1,0.003002857855,0.8633220579310863,0.7196726961465811
628.2,0.003002714305,0.8642114239617615,0.7210160348820708
628.3,0.003002606395,0.8653221214780675,0.7220229027611756
628.4,0.0030025366,0.8666392844635676,0.7228602503006929
628.5,0.003002507325,0.8682154466306149,0.7243099005315801
628.6,0.00300252072,0.8699590808188397,0.7267348016531063
628.7,0.00300257632,0.8717523521709911,0.7295125978774105
628.8,0.00300267331,0.873513189720587,0.7321505995118152
628.9,0.00300281249,0.8751488850684197,0.7346737570851751
629.0,0.003002992845,0.87660995184701,0.7370316103362886
629.1,0.003003212525,0.8779361312034258,0.7391160005132776
629.2,0.0030034695,0.8792509945431033,0.7408741677091181
629.3,0.003003759985,0.8806417776108475,0.7422267427270092
629.4,0.003004079865,0.8820837309397334,0.7431194388458974
629.5,0.003004423895,0.8835118738273142,0.7436192662370835
629.6,0.003004785385,0.8848299290251278,0.7438591959512234
629.7,0.00300515792,0.8859272433567296,0.7439417130238627
629.8,0.00300553511,0.8867670162057752,0.743910812318522
629.9,0.003005910505,0.8873783324370519,0.7438882494000839
630.0,0.0030062785,0.8877823412523037,0.7439121192210659
630.1,0.00300663419,0.8879796081382079,0.7438886578071289
630.2,0.003006972665,0.8880088689321834,0.7437100708311428
630.3,0.00300728952,0.8879448935393857,0.7432142144130709
630.4,0.00300758172,0.8878758727487863,0.7424091875787738
630.5,0.003007848675,0.8878546104497068,0.7415198341144691
630.6,0.00300809079,0.8879039271711829,0.7405571495944443
630.7,0.00300830792,0.8880050864546285,0.7393936419056313
630.8,0.00300850105,0.8880986870661496,0.7379314692864269
630.9,0.00300867256,0.8881201190112322,0.7369577075107056
631.0,0.00300882435,0.8880112565426002,0.7365049034783584
631.1,0.003008959335,0.8877485691312775,0.7364436172888722
631.2,0.00300908044,0.887364320933817,0.7368438813256807
631.3,0.003009188895,0.8869027267252251,0.7371933960747632
631.4,0.003009286025,0.8865305233939984,0.7370903204197989
631.5,0.003009373105,0.8863413555339551,0.7366785832866194
631.6,0.003009451185,0.886326238190106,0.7362523696944921
631.7,0.003009522235,0.8865170396783292,0.735595450104256
631.8,0.003009587875,0.8868391094739899,0.7345496578921731
631.9,0.00300964714,0.8872142596191256,0.7337001084067893
632.0,0.003009698125,0.8875188056109645,0.733339020030371
632.1,0.003009739815,0.8876347994949205,0.7330595439479076
632.2,0.00300977029,0.8875200245489142,0.7329619283809754
632.3,0.003009791525,0.8871458608638717,0.733364240736194
632.4,0.00300980364,0.8865069488827257,0.7338737882150503
632.5,0.0030098057,0.8858301367278071,0.7339716299766538
632.6,0.003009796725,0.8853654700415998,0.7335939351414686
632.7,0.003009776085,0.8852188393460863,0.7332297868538057
632.8,0.0030097417,0.8851725448367429,0.7332722234873704
632.9,0.003009693215,0.8848435698204297,0.7333969070166061
633.0,0.00300962876,0.8840795093543353,0.7334709417890806
633.1,0.00300954672,0.8832803133160034,0.7334388409953462
633.2,0.00300944316,0.882555277713852,0.7332500564096066
633.3,0.003009320745,0.8819776079398952,0.7330088386424788
633.4,0.00300918101,0.8816231106248641,0.7326680889368997
633.5,0.0030090234,0.8809273609494295,0.7321529180071935
633.6,0.00300884685,0.8798928470549731,0.7315884931878642
633.7,0.003008650555,0.8787085860050904,0.7309817448323058
633.8,0.003008432065,0.8774719106233755,0.730221353746431
633.9,0.0030081904,0.8763405728433353,0.7292873959496305
634.0,0.003007923455,0.8752840803666744,0.7282810747076474
634.1,0.0030076278,0.8742310122260057,0.7271438056006773
634.2,0.003007301485,0.8731387244426496,0.7260411819774909
634.3,0.003006942845,0.8719303233948169,0.7251373520542385
634.4,0.003006550345,0.8706222396120858,0.7243290202644698
634.5,0.00300612115,0.86941285210416,0.7236870295225234
634.6,0.003005654445,0.868570641379215,0.7231728764688369
634.7,0.003005149345,0.8682221193734111,0.7225648777594024
634.8,0.003004607445,0.8681936062784871,0.7217347370334325
634.9,0.00300403162,0.8681592875203392,0.7206180453583434
635.0,0.00300342563,0.8678852463931666,0.7193726112163101
635.1,0.00300279801,0.8672031312298487,0.7184124713863347
635.2,0.003002156415,0.8658690287767604,0.7176508927784369
635.3,0.003001506595,0.8639983674311804,0.7168243020521655
635.4,0.003000854785,0.8622505423583559,0.7161238462709358
635.5,0.0030002054,0.861599585510976,0.7156560945407429
635.6,0.002999561705,0.8619757032666491,0.715105769189243
635.7,0.00299892746,0.8621466687388575,0.7148213859390546
635.8,0.00299830564,0.8622044677604981,0.7147382970965525
635.9,0.002997697895,0.8623256829714442,0.714358283765989
636.0,0.00299710682,0.8625812703833697,0.7137407283317022
636.1,0.002996536095,0.8627679186861048,0.7131499706827507
636.2,0.00299598802,0.8627096170096394,0.7129445607886883
636.3,0.0029954699,0.862301008902743,0.7131850308567647
636.4,0.00299498704,0.8614512897713559,0.7137199561210766
636.5,0.00299454207,0.8602252204064396,0.7143433423513285
636.6,0.002994134895,0.8587970523861175,0.7150335565405075
636.7,0.00299376697,0.8573808224178793,0.7155367140199064
636.8,0.00299343736,0.8562634961410741,0.7163408235091486
636.9,0.00299314514,0.8556797002614428,0.7175446880971895
637.0,0.002992889255,0.8556843561017554,0.7191676474284047
637.1,0.00299266944,0.8560672219984484,0.7212031418573333
637.2,0.00299248576,0.8564997062095122,0.723045937276076
637.3,0.00299233793,0.8569412067914919,0.724436984237603
637.4,0.00299222766,0.8575128321411831,0.7256765247518181
637.5,0.00299215761,0.8581478045651414,0.7266549486510374
637.6,0.002992127685,0.8587551184073775,0.7271437490520095
637.7,0.0029921388,0.859358228798643,0.7273716904485834
637.8,0.00299219102,0.8600199361760833,0.7276248839669067
637.9,0.00299228287,0.8607421380616611,0.7279348460644806
638.0,0.00299241138,0.861452804019015,0.7283381448797925
638.1,0.00299257402,0.8621654366133701,0.7285966414065151
638.2,0.00299276892,0.8628036637273173,0.72859326105282
638.3,0.00299299429,0.863174189448067,0.7283908608045198
638.4,0.00299324608,0.8633698855376445,0.7280211267651188
638.5,0.002993519255,0.8634869915453997,0.7276831793601868
638.6,0.00299380911,0.8634189195157816,0.72755714494611
638.7,0.002994114365,0.8631352336991626,0.7275726518474482
638.8,0.00299443096,0.86275084098844,0.7277312331614161
638.9,0.002994754335,0.8623694956225914,0.7281416319761251
639.0,0.00299507968,0.8620128431749998,0.7286309978637748
639.1,0.002995402825,0.8616511076304948,0.7288500611195097
639.2,0.002995719835,0.8612420471342563,0.7285860102569754
639.3,0.0029960267,0.8608131443388175,0.7278740876625601
639.4,0.00299632073,0.8604313842827387,0.7269271173889885
639.5,0.002996600595,0.8601145735131801,0.7261373335622467
639.6,0.00299686747,0.8598923309656797,0.7257262184644127
639.7,0.002997123215,0.8597675092063674,0.7256188765266247
639.8,0.002997369595,0.8596627496577407,0.7255253827292539
639.9,0.00299760924,0.8594832202039586,0.7253613036281422
640.0,0.00299784709,0.8592130181030088,0.7256274467913838
640.1,0.002998088245,0.858870025300275,0.7267506289968952
640.2,0.002998334605,0.858427023037007,0.7282710278943413
640.3,0.002998586175,0.8578975264448004,0.7298491755479455
640.4,0.00299884378,0.8573910954258566,0.7315044870003072
640.5,0.00299910738,0.8569490796226817,0.7331479734979209
640.6,0.002999376345,0.8564687992209862,0.7346065709846855
640.7,0.00299964925,0.8558684031657734,0.7357660071694194
640.8,0.00299992613,0.8551732566761283,0.7365227540078161
640.9,0.003000208255,0.8544950810699978,0.7370489896268483
641.0,0.003000495445,0.8539789927952367,0.7376116174551797
641.1,0.00300078609,0.8536562883978599,0.7382477020029373
641.2,0.003001079455,0.8534523110700477,0.738927398139912
641.3,0.003001373155,0.8533653643517669,0.7393306843888534
641.4,0.003001664595,0.8534819237224004,0.7394538348208741
641.5,0.00300195265,0.8538213853749915,0.739314781646841
641.6,0.00300223743,0.8542961994054697,0.7387402471823524
641.7,0.003002519185,0.8548030953801264,0.7379757154773601
641.8,0.003002796585,0.8553010817980176,0.7371331151949261
641.9,0.00300306733,0.8558115152060022,0.7363140328750969
642.0,0.003003329335,0.8563259824189541,0.7356546125771084
642.1,0.00300358037,0.8568680642313309,0.7351600253624685
642.2,0.00300381772,0.8574823021437755,0.7346478640785243
642.3,0.00300404192,0.8580859466057922,0.7341584165094656
642.4,0.003004254645,0.858626614701475,0.7338592552074349
642.5,0.00300445677,0.8591898708483371,0.7334074941838488
642.6,0.003004648925,0.8597817217715321,0.7325525788582126
642.7,0.003004831645,0.8603138950006797,0.731494704080784
642.8,0.003005006575,0.8607866607127478,0.7303588801064346
642.9,0.003005174655,0.8612368509400072,0.7293520122273296
643.0,0.003005334495,0.8615589081692973,0.7283981555826614
643.1,0.003005484995,0.8616696618767069,0.7274086544277455
643.2,0.00300562506,0.8618338100928571,0.7265620894553827
643.3,0.003005753865,0.8619892686637273,0.7255950255551987
643.4,0.00300586863,0.861597681705828,0.7244241225572793
643.5,0.003005970165,0.8608613175205678,0.7229788014410687
643.6,0.003006059275,0.8603230873007841,0.7214724831618962
643.7,0.00300613845,0.8599639027295138,0.7202079230037878
643.8,0.00300620945,0.8597114883261685,0.7191417481385686
643.9,0.003006276005,0.8596147524051791,0.7182231527298442
644.0,0.003006340435,0.8596046993086878,0.7178208780737373
644.1,0.003006406895,0.8594847407348031,0.7180402806214787
644.2,0.003006476315,0.8591578077537145,0.7186417259686378
644.3,0.00300654924,0.8587356405329252,0.7191233132728772
644.4,0.003006628025,0.8583408554337044,0.7193651153762387
644.5,0.00300671606,0.8579532520152898,0.71972964065502
644.6,0.00300681498,0.85750847161058,0.7202547327343264
644.7,0.0030069258,0.8570045727153147,0.7206093180139517
644.8,0.00300705144,0.8565047453241287,0.7207182810135488
644.9,0.003007193045,0.8560166674894668,0.7208506740111564
645.0,0.00300735135,0.8554890747024083,0.7211921085839338
645.1,0.003007528145,0.8549052976723329,0.7217407123426597
645.2,0.00300772423,0.8543225008191655,0.7224234746740643
645.3,0.00300794304,0.8537973270584502,0.7230971452363295
645.4,0.003008186305,0.8532866486062386,0.7237505650923496
645.5,0.003008456325,0.8526915052939424,0.7245361957336035
645.6,0.003008754445,0.8520435455259544,0.7254935144133758
645.7,0.00300908136,0.8514749172556545,0.7263374592974657
645.8,0.00300943659,0.8510061225167007,0.7269239192476672
645.9,0.003009818675,0.8506272590090482,0.7273780741648554
646.0,0.003010226085,0.8505339097249395,0.7277012121020184
646.1,0.00301065666,0.8510162510114158,0.7278242243039624
646.2,0.003011109125,0.8520544091533504,0.7278648702297145
646.3,0.003011580965,0.8532826587835686,0.7280533155234474
646.4,0.00301206891,0.8543820905486188,0.7286258142358963
646.5,0.00301257078,0.8553063031250077,0.7294896831005953
646.6,0.003013084595,0.8560755409357952,0.7303565804606121
646.7,0.0030136069,0.856651859824911,0.7310667186304002
646.8,0.00301413526,0.8570745485500807,0.7319016597099447
646.9,0.003014666185,0.8574784379848115,0.733037358020588
647.0,0.003015196215,0.857875485030743,0.7342097375670547
647.1,0.00301572015,0.8581835747390952,0.735153861557682
647.2,0.003016234765,0.858339906672723,0.735918242466227
647.3,0.0030167397,0.8582780801293004,0.73659452683358
647.4,0.003017234115,0.8579396426359145,0.7371834623587925
647.5,0.0030177165,0.8573269315374996,0.7376406394881135
647.6,0.00301818462,0.8565592331071125,0.7378306367286174
647.7,0.00301863914,0.8558297552929489,0.7377074046151877
647.8,0.003019080625,0.8552421832189481,0.7375249346306818
647.9,0.003019509435,0.8547628013127514,0.7375862082537975
648.0,0.003019925995,0.8543305872786557,0.7378322138081295
648.1,0.003020330645,0.8538845062545873,0.7380054663597896
648.2,0.0030207243,0.8533688075373154,0.7378385535421044
648.3,0.003021107835,0.8528258900612925,0.737382859244516
648.4,0.00302148132,0.8523930351422957,0.7369552696348064
648.5,0.003021843215,0.8521719047185947,0.736368627472231
648.6,0.003022192265,0.8521312587928425,0.7354696230352944
648.7,0.0030225278,0.852188724805662,0.7346124206302065
648.8,0.003022850655,0.8522941063896341,0.7340654316501046
648.9,0.003023160075,0.852321595325353,0.7338135073352132
649.0,0.00302345572,0.8520757782665802,0.7336258851387556
649.1,0.003023738275,0.8517161664387091,0.7334026058656797
649.2,0.00302400987,0.8515923122899339,0.733209869156382
649.3,0.00302427055,0.8516222579511079,0.7330381497019367
649.4,0.0030245189,0.851644984232364,0.7328669580350573
649.5,0.003024754055,0.851766381655684,0.7326515830090978
649.6,0.00302497523,0.8520530017198416,0.7324358309920199
649.7,0.003025182795,0.8524078697428058,0.7323460317076097
649.8,0.003025378615,0.8527303165295851,0.7324292022315207
649.9,0.003025563815,0.8529087527091236,0.7326435593814605
650.0,0.00302573824,0.8528004243112425,0.7328211410477974
650.1,0.00302590393,0.8523301970060385,0.7328254827288446
650.2,0.00302606209,0.8514604596462628,0.732701741677405
650.3,0.00302621248,0.8503832263749028,0.7325663201844794
650.4,0.003026356135,0.8494981266270509,0.7323047260474003
650.5,0.00302649342,0.8489557055226674,0.731770881490961
650.6,0.003026625785,0.8484953868006929,0.7310610826131796
650.7,0.003026753965,0.8477523561558218,0.7303649936457385
650.8,0.00302687977,0.8466727227076742,0.7297462255566874
650.9,0.003027002275,0.8453731652074051,0.7290968206560785
651.0,0.003027122995,0.8439953192182084,0.72835220664851
651.1,0.003027245995,0.8430363166447735,0.7275694537061269
651.2,0.00302737451,0.8426081615483865,0.7268854410208461
651.3,0.00302751224,0.8421677793733916,0.7261606755956629
651.4,0.003027660155,0.8414163229770235,0.7252276539934733
651.5,0.00302782065,0.8405908946400339,0.7242383664668578
651.6,0.003027996245,0.8400813597275482,0.7236167835107892
651.7,0.003028189685,0.8399270635459599,0.7234639701609332
651.8,0.00302840274,0.8399726103562516,0.7233975003435685
651.9,0.0030286347,0.8401614766234,0.7231367921356178
652.0,0.003028885745,0.8404777973045048,0.7227790464137829
652.1,0.003029153895,0.8408833580665273,0.7225351331601582
652.2,0.003029436135,0.8413664407688698,0.7224651824581333
652.3,0.003029727635,0.8419417292155951,0.7225442123629271
652.4,0.00303002546,0.8425855169485393,0.7226979493410232
652.5,0.003030329805,0.8432265212303925,0.7228683807424804
652.6,0.003030638825,0.8438394082579961,0.7229648464865015
652.7,0.003030951245,0.8444721187352437,0.7228985400319549
652.8,0.003031264625,0.845124376201982,0.7228066610132079
652.9,0.003031578225,0.8456543063339749,0.7228149548178134
653.0,0.00303189044,0.8459503386097226,0.7230258624990196
653.1,0.003032200355,0.8461196076218981,0.7234736336999357
653.2,0.00303250783,0.8463221775162014,0.7239376909171681
653.3,0.003032812885,0.8465689433359557,0.7243791914991476
653.4,0.003033114295,0.8467610454435374,0.7249281659658066
653.5,0.003033411135,0.8469208331290843,0.7254957386609747
653.6,0.003033702425,0.8472050467332692,0.725912075085799
653.7,0.003033984275,0.8476680483753701,0.7261906212568369
653.8,0.003034252295,0.8481325579819445,0.7264284398207136
653.9,0.00303450476,0.8484103501707455,0.726674124932595
654.0,0.003034741125,0.8485940579427568,0.7269470916350801
654.1,0.003034960635,0.8489083805709338,0.7271868454200314
654.2,0.003035163675,0.8494333784024606,0.7273589230160392
654.3,0.003035351025,0.8500385496785068,0.727499729198773
654.4,0.003035520885,0.8505637108728514,0.7277262568786528
654.5,0.003035672465,0.8509749704839477,0.7280851712729548
654.6,0.00303580489,0.8513616377077515,0.7285223553066285
654.7,0.00303591738,0.851869570407984,0.7289317990771708
654.8,0.003036009005,0.8526005561866211,0.7291840878168099
654.9,0.00303607744,0.8535546138932191,0.729242282679125
655.0,0.003036122195,0.8546166984048036,0.72918726082539
655.1,0.0030361422,0.85564016645949,0.7289612860658173
655.2,0.00303613662,0.8564758803708273,0.72851267291807
655.3,0.003036105965,0.8567824935306325,0.7279503027003362
655.4,0.003036051335,0.8564086314384846,0.727500608844716
655.5,0.00303597491,0.8562736057862333,0.727333903372146
655.6,0.003035877955,0.8571467549156309,0.72723508771682
655.7,0.00303576204,0.8586057356766993,0.7270982525072002
655.8,0.003035630145,0.8600196722823004,0.7270303626899561
655.9,0.003035481895,0.8611561999734043,0.7270665412709549
656.0,0.003035316985,0.8620479096321992,0.7271348646279852
656.1,0.00303513463,0.8628138362043297,0.7271285374603808
656.2,0.003034934185,0.8635383188861739,0.727083951977441
656.3,0.00303471653,0.8642865143093678,0.7271253833013566
656.4,0.00303448346,0.8650630280487407,0.7270633619791895
656.5,0.003034237575,0.8657621455115,0.7268138566906414
656.6,0.00303398076,0.8662159108711992,0.7266027353811347
656.7,0.00303371558,0.8663268028086857,0.7264727048612027
656.8,0.003033446355,0.8661250245957309,0.7264813505241854
656.9,0.00303317846,0.8657165861348377,0.7266182799815848
657.0,0.003032915515,0.8651912552944896,0.7266637765263941
657.1,0.003032659745,0.8646419226862683,0.7265906465326037
657.2,0.003032411765,0.8641320547649612,0.7264188705294908
657.3,0.00303217306,0.863649160558178,0.7260434816233133
657.4,0.003031941795,0.8631752638727547,0.7254971837935954
657.5,0.003031716585,0.8626936891348858,0.724827069514214
657.6,0.003031496815,0.8621837583817257,0.7240626006410747
657.7,0.00303128298,0.8616327355966567,0.7233972301666003
657.8,0.00303107657,0.8610474443189222,0.7231468577984799
657.9,0.00303087733,0.8604592187936494,0.7233677117620272
658.0,0.00303068581,0.859947032376964,0.723953706756516
658.1,0.003030502395,0.8595481946232202,0.7248145157099702
658.2,0.003030326295,0.8592699563282625,0.7257494034181962
658.3,0.00303015526,0.8590387602416995,0.7264677222952541
658.4,0.00302998834,0.8587710274325753,0.7268736788979511
658.5,0.00302982537,0.858527390639104,0.727066214545319
658.6,0.003029665895,0.8584801410855941,0.7270992641000347
658.7,0.00302951002,0.8587231746932756,0.7269164988058194
658.8,0.00302935814,0.8591573176652607,0.7264745458344977
658.9,0.00302921168,0.8595486658621183,0.7258873130525034
659.0,0.00302907149,0.8597832800014884,0.72541628149958
659.1,0.003028941515,0.8600028270624918,0.725115744179967
659.2,0.00302882467,0.8602679460665283,0.7247850098717677
659.3,0.003028722485,0.8604409535739616,0.7243364030072058
659.4,0.00302863658,0.860478721800843,0.7240629399330814
659.5,0.003028566825,0.8604688571999106,0.7241403487760658
659.6,0.003028512395,0.8604540728648827,0.7243729962784348
659.7,0.00302847255,0.8604235491506605,0.7244925904275715
659.8,0.003028448135,0.8604665010054204,0.7244945884804993
659.9,0.00302844032,0.860697810189319,0.7245531729003034
660.0,0.00302844919,0.8611518080268745,0.7245867313930291
660.1,0.00302847485,0.8617742203634038,0.7244253980438966
660.2,0.00302851601,0.8624308760598571,0.7242803507110803
660.3,0.003028571565,0.8630747454742103,0.7242935077011137
660.4,0.003028640275,0.8635418751690579,0.7241573259427658
660.5,0.00302872145,0.8640206601726502,0.723835520040888
660.6,0.003028816445,0.8647567416145717,0.723679269788669
660.7,0.003028923645,0.8656395479997863,0.7236612621795787
660.8,0.00302904162,0.8664035958995099,0.7236203712095995
660.9,0.003029169675,0.8669520677113444,0.7236698701434495
661.0,0.003029307505,0.8673201304234537,0.723698395804744
661.1,0.00302945527,0.8676143594250182,0.7235712367004974
661.2,0.003029613085,0.8678953874542524,0.7232694490270083
661.3,0.00302978091,0.8681355056639517,0.7228300658784772
661.4,0.003029958075,0.8683043160035996,0.7224463329022118
661.5,0.00303014416,0.8684135491801649,0.7222545323875249
661.6,0.00303033813,0.8685061947475192,0.7223451422028397
661.7,0.00303053929,0.8685714958924169,0.7227784997766612
661.8,0.00303074393,0.8685682851847248,0.7234490978613112
661.9,0.003030947535,0.8684545281147382,0.7240413823242925
662.0,0.00303114553,0.8681866005268696,0.7246595158116275
662.1,0.00303133316,0.8677589543684923,0.7253251250471435
662.2,0.003031508045,0.8672158546800957,0.7257613289039091
662.3,0.00303166784,0.8666491176485732,0.7259746807441998
662.4,0.003031810025,0.8661350651258518,0.7259579172058002
662.5,0.003031933325,0.8656482627778075,0.7256062975896398
662.6,0.003032037955,0.8651335065383314,0.725121367630817
662.7,0.003032123155,0.8645693958782674,0.7251760376261748
662.8,0.00303218873,0.8639833506182963,0.7256747843094881
662.9,0.00303223464,0.8633944150930837,0.7261649984271542
663.0,0.003032260035,0.8627681197480347,0.7267025814788513
663.1,0.003032262745,0.8620253529969464,0.7274068951358594
663.2,0.003032242795,0.8611564387344459,0.7278528630625924
663.3,0.00303220132,0.8603013286300653,0.7279643204867565
663.4,0.003032138925,0.8595088179009001,0.7279720739374256
663.5,0.003032058765,0.8587181104459182,0.7277045547566018
663.6,0.00303196256,0.8580415747511528,0.7270029994179433
663.7,0.003031850845,0.8576992605324325,0.7261098823256397
663.8,0.00303172688,0.8576600157570037,0.7252723777064898
663.9,0.00303159405,0.8577736597296547,0.7247876865087086
664.0,0.00303145352,0.8579837820126975,0.7245046981256585
664.1,0.00303130315,0.858201060843805,0.7241467513418939
664.2,0.003031143635,0.8584378740980326,0.7237215870417129
664.3,0.003030980005,0.8586898109792946,0.7232844532735219
664.4,0.003030817685,0.8588781620252479,0.7227049927917525
664.5,0.003030659325,0.8589525863552115,0.7219185390532233
664.6,0.003030504375,0.8588869270687514,0.7208163301202674
664.7,0.003030356415,0.8587067630132534,0.7193024217532437
664.8,0.00303021978,0.8585307332936873,0.71770874206556
664.9,0.00303009978,0.8584083117111624,0.716431891996991
665.0,0.00302999985,0.8582259108416949,0.7154148830568002
665.1,0.003029924215,0.8580250059914979,0.7145390258745353
665.2,0.003029874855,0.8579963483833118,0.7139723202589395
665.3,0.00302985365,0.8579345469726304,0.7136872081592557
665.4,0.00302986262,0.8574152354238067,0.7134036857054544
665.5,0.00302990236,0.8565246190392553,0.7130125951191943
665.6,0.003029971455,0.8558216813998292,0.7126091957729175
665.7,0.00303007125,0.8555447625737859,0.7122631304925687
665.8,0.00303020117,0.85555497274991,0.7119318621136184
665.9,0.003030357975,0.8556116973468633,0.7116099996630727
666.0,0.003030538095,0.8555438954942134,0.7114017372028809
666.1,0.00303073876,0.855468754881125,0.7113703652586422
666.2,0.003030959995,0.8554885846139545,0.711386192602431
666.3,0.00303119549,0.8554399527596769,0.7113165874755981
666.4,0.003031440785,0.8552097242836512,0.7113873047262304
666.5,0.003031692855,0.8549229722726019,0.7117728032775671
666.6,0.003031949765,0.8547083198129529,0.7122654175720206
666.7,0.003032207535,0.8546071102640248,0.7127126924012974
666.8,0.003032465205,0.8545416897386066,0.7131356638698061
666.9,0.003032720125,0.8544638473558359,0.7136118664842372
667.0,0.0030329671,0.8544111942629617,0.7140314764486067
667.1,0.00303320215,0.8544114518735594,0.7142774757197533
667.2,0.00303342317,0.8544715568242077,0.7144111442039783
667.3,0.003033630165,0.8545739538951589,0.7146926497552959
667.4,0.00303381979,0.8546967147696906,0.7151481555573251
667.5,0.003033990375,0.8549139747512421,0.7156124578187845
667.6,0.003034137925,0.8552838595870906,0.7160695092843993
667.7,0.003034260825,0.8557721447668674,0.7167242737420753
667.8,0.00303435807,0.8563317440998807,0.7177058015348363
667.9,0.00303442629,0.856930267765872,0.7188145701132531
668.0,0.00303446409,0.8575097093980855,0.7198613362190585
668.1,0.00303447209,0.85796972024398,0.7207067953508073
668.2,0.003034450955,0.8583121601264067,0.721139687968916
668.3,0.003034399525,0.8587453669037807,0.7212117875203159
668.4,0.00303431482,0.8593618227806388,0.7209800887789284
668.5,0.003034197975,0.8600393449354972,0.7204925952805002
668.6,0.003034048135,0.8606517544410174,0.719923037098775
668.7,0.00303386602,0.8611462725406189,0.7192541731732698
668.8,0.003033653975,0.8615782163977462,0.7185719260630604
668.9,0.00303341114,0.8620532377733396,0.7179494948769752
669.0,0.00303314215,0.8625726561363136,0.7173588566085444
669.1,0.003032850455,0.863042091760169,0.7166872971965424
669.2,0.00303253975,0.8633927688985332,0.7157903976266837
669.3,0.00303221342,0.8635776013607145,0.7148490068216651
669.4,0.003031876135,0.8634900577398297,0.7140470336154272
669.5,0.003031530935,0.8630812737037445,0.7132700737698974
669.6,0.00303118065,0.8625850214449982,0.7123995321624023
669.7,0.00303082857,0.862401112611057,0.7113785271163562
669.8,0.00303047683,0.8626250956008873,0.7101315535939227
669.9,0.003030129275,0.8630067048605189,0.7088687841436271
670.0,0.00302978788,0.8633873402264278,0.7079554854601167
670.1,0.003029455165,0.8638105693055341,0.7074133596654425
670.2,0.00302913278,0.8641373012246927,0.7073445462199583
670.3,0.00302882295,0.8641866870612072,0.7078169537904639
670.4,0.00302852823,0.8638737907160949,0.7086152890324088
670.5,0.00302825001,0.8631587705113233,0.7096704557569701
670.6,0.003027988765,0.8622906353638009,0.7110902545744627
670.7,0.00302774487,0.8612948510235777,0.7126985740839122
670.8,0.003027518535,0.8604183843723381,0.7142448220057119
670.9,0.003027308355,0.8598040961944111,0.7156921851571473
671.0,0.003027114975,0.8595202847140857,0.7170611341559491
671.1,0.003026940575,0.8596032855919936,0.718400960590852
671.2,0.00302678497,0.8597404286776935,0.7197198326027555
671.3,0.00302664817,0.8596301210764407,0.7209168799347382
671.4,0.00302652978,0.859380791717081,0.7219471903782242
671.5,0.00302643024,0.8592946492465197,0.7229104278185561
671.6,0.003026348375,0.8594050762282932,0.7238967559648918
671.7,0.00302628676,0.8595776376295696,0.7247411658046943
671.8,0.00302624866,0.8598096442470372,0.7252603077075147
671.9,0.003026231585,0.8601616471375014,0.7255343865337991
672.0,0.003026233095,0.8605711600230822,0.7256271891807862
672.1,0.003026251095,0.8609182557458213,0.7254881925554207
672.2,0.003026283375,0.8612261443922439,0.7250835177225265
672.3,0.00302632632,0.8616082500235146,0.7245240503364047
672.4,0.003026376805,0.862081348744404,0.7239226866706545
672.5,0.003026432695,0.8625889358694445,0.7233192998192355
672.6,0.003026491105,0.8631278572396118,0.7227266320819504
672.7,0.00302654938,0.8637102896680314,0.7222079425684721
672.8,0.003026606245,0.8643006640426794,0.7217593985357632
672.9,0.003026658585,0.8648709133747884,0.72131056547653
673.0,0.00302670264,0.8654026279314084,0.7207956584406068
673.1,0.003026735985,0.8658522401056197,0.7201643805296092
673.2,0.00302675507,0.8661657773356333,0.7194013505059053
673.3,0.00302675598,0.8663303967906812,0.718527962615466
673.4,0.003026735265,0.8663689127166144,0.7175201711081209
673.5,0.003026692505,0.8662743633441119,0.7163771026211123
673.6,0.003026625655,0.8660208996488202,0.7150940636150156
673.7,0.003026535565,0.86560955207313,0.7135891213534253
673.8,0.003026420495,0.8650555196422988,0.7119055104344401
673.9,0.00302628144,0.8643425289063812,0.7104465296733716
674.0,0.00302611744,0.8635241000378238,0.7093272556091212
674.1,0.00302592963,0.8627176155045355,0.7084853904593682
674.2,0.003025718395,0.861979058487603,0.7078596103355144
674.3,0.00302548639,0.8613068770402557,0.7076063854012644
674.4,0.003025235705,0.8607200840812329,0.7076245877890993
674.5,0.00302496779,0.8603241742918422,0.7077612973350129
674.6,0.00302468386,0.8602052587267185,0.7081291589851924
674.7,0.003024383955,0.8603039927006355,0.7084224832080728
674.8,0.00302406674,0.860411020479158,0.7085004449713642
674.9,0.003023732085,0.8603615466780493,0.7084019748912301
675.0,0.00302337944,0.8602988719046102,0.7080328943031011
675.1,0.00302300922,0.8603203415488049,0.7076931624735419
675.2,0.0030226219,0.8604134080895749,0.707780096625452
675.3,0.00302221842,0.8606204013463344,0.7080270697903214
675.4,0.003021799885,0.8609009078711882,0.7082676403893626
675.5,0.003021366445,0.8612009488191621,0.7087419077827192
675.6,0.003020919415,0.8614643525136096,0.7096105895673632
675.7,0.00302046041,0.8616401748880603,0.7108155851287594
675.8,0.003019990745,0.8617588391257717,0.7118603531816373
675.9,0.003019513195,0.8618569196484169,0.7125813989611186
676.0,0.00301903043,0.8618874684953804,0.7129432350365885
676.1,0.00301854766,0.8617812700973184,0.7128528011504622
676.2,0.00301806959,0.8615286734815992,0.7127811100061073
676.3,0.00301760134,0.8611835569622317,0.712694684792207
676.4,0.00301715068,0.8608388614162799,0.7127258431081454
676.5,0.00301672436,0.8605820362168489,0.7132513184617554
676.6,0.00301632731,0.8604668842797242,0.7138217311566823
676.7,0.00301596492,0.86048858011859,0.7142962498774512
676.8,0.00301564077,0.8605530204671004,0.714830270363079
676.9,0.003015357325,0.860543545423657,0.7156174780838449
677.0,0.00301511714,0.8604561965815167,0.7165296897762972
677.1,0.00301492036,0.8603987808341798,0.7172818310398636
677.2,0.003014769035,0.860418158177667,0.7178281540023229
677.3,0.003014663165,0.8604758378187869,0.7182404943212919
677.4,0.00301460282,0.8606211993108686,0.7186193829616855
677.5,0.003014586495,0.8609791083955214,0.7191236148657719
677.6,0.00301461203,0.8614566367620523,0.7196846530482207
677.7,0.003014676975,0.8618201253152579,0.7201493511503544
677.8,0.003014777825,0.8620099968920557,0.7205684207607873
677.9,0.003014908305,0.8621182373253424,0.7210194843508044
678.0,0.00301506141,0.8622160728037607,0.7214895105940786
678.1,0.003015230075,0.8622894101426659,0.721915604805685
678.2,0.0030154087,0.862310295450627,0.7221973616844148
678.3,0.003015592415,0.8623420443859843,0.7223126769843575
678.4,0.00301577713,0.8624268925203724,0.7223977638797873
678.5,0.003015957395,0.862538280829498,0.7224866144032162
678.6,0.00301612891,0.8626795959502419,0.7225128718346149
678.7,0.003016287325,0.862882077879951,0.7224173422852045
678.8,0.00301642928,0.8630978298970289,0.7221213728413098
678.9,0.0030165508,0.8632625687325979,0.7217090199559703
679.0,0.00301664956,0.8633724176613233,0.7213334299878629
679.1,0.00301672195,0.8634173298698989,0.7210220918727068
679.2,0.00301676595,0.8633683084581323,0.7207172694207143
679.3,0.00301678041,0.8632625750157832,0.7204232100651531
679.4,0.003016762945,0.8631413283889104,0.7200521754063934
679.5,0.00301671174,0.8629705137131496,0.7193962674089918
679.6,0.003016624085,0.8627297169194372,0.7186190122537524
679.7,0.003016499895,0.8624406715457509,0.7179762172640867
679.8,0.00301634105,0.8620995762649801,0.7173566135113898
679.9,0.003016148625,0.8616703907262027,0.7165880668509861
680.0,0.0030159234,0.8611496403279436,0.7157746645306746
680.1,0.003015665445,0.8605539315289699,0.7150342979563737
680.2,0.003015373415,0.859835983359845,0.7141655407735059
680.3,0.00301504571,0.8590372020117433,0.7130570360888722
680.4,0.00301468164,0.8582768172090537,0.7118924476921864
680.5,0.003014282205,0.8575655983313927,0.7108287107028662
680.6,0.00301384775,0.856925379447703,0.7098707322886364
680.7,0.00301338115,0.8564195453313632,0.7089457217477134
680.8,0.003012884355,0.8560550891676202,0.7080220243925196
680.9,0.00301236322,0.8557868914027833,0.7071979343740006
681.0,0.00301182259,0.8555824114201466,0.7065279520415106
681.1,0.00301126687,0.8554174966553889,0.705999825183701
681.2,0.003010699405,0.8552423591481365,0.7056376246834833
681.3,0.003010121415,0.8550314703164864,0.7053957785978248
681.4,0.003009537395,0.8548097115742549,0.7050934128712874
681.5,0.0030089503,0.8546375397304675,0.7046842518440838
681.6,0.00300836294,0.8545307444298015,0.7042952912576428
681.7,0.00300777611,0.8544410142604296,0.7039974305749707
681.8,0.00300719226,0.8543204210848289,0.7037486227199916
681.9,0.00300661571,0.8541549157006524,0.7035471963654141
682.0,0.00300604996,0.8539480041253017,0.7034431970822097
682.1,0.00300549749,0.8537230849408606,0.7033525495677829
682.2,0.003004958555,0.8535132454011568,0.7032721059462952
682.3,0.00300443551,0.8533176749752854,0.7032298389587338
682.4,0.003003930435,0.8530915368528947,0.7031873646260572
682.5,0.003003445575,0.8528033020101132,0.7031342654270263
682.6,0.00300298245,0.8524953316822818,0.7030544689736251
682.7,0.00300254563,0.8522634067462231,0.7029122427910117
682.8,0.00300213601,0.8521601614452556,0.702889032704487
682.9,0.003001755685,0.8521270176427603,0.7030807452545798
683.0,0.0030014069,0.85210574277731,0.7034318999150273
683.1,0.003001089555,0.8521356507393724,0.7038902645663714
683.2,0.003000802055,0.8522815840013168,0.7042924763906252
683.3,0.00300054313,0.852527533006981,0.7045288498218814
683.4,0.003000312445,0.8527964847540549,0.7044656535440618
683.5,0.00300010801,0.853044557476353,0.7042471369254486
683.6,0.002999930945,0.8532366595839347,0.7044516734567532
683.7,0.002999780355,0.8533074208168641,0.7046104055671685
683.8,0.002999655295,0.853308520374293,0.704546945395566
683.9,0.002999555505,0.8534168550553594,0.7046045119393504
684.0,0.00299947763,0.8536742268919119,0.7048761026242532
684.1,0.00299942044,0.8539307316488923,0.7052916033854316
684.2,0.00299938244,0.8540563073904416,0.705592373182901
684.3,0.002999362295,0.8540751255304365,0.7056251588438339
684.4,0.002999359695,0.8540793541141483,0.70565044238151
684.5,0.002999374745,0.8541172857038478,0.7058867529809131
684.6,0.002999406865,0.854196899944875,0.7061581426038861
684.7,0.002999455655,0.8543050209976409,0.7063339901110781
684.8,0.00299952183,0.8544025109008673,0.7064517495701053
684.9,0.00299960211,0.8544874469998496,0.7065645327463691
685.0,0.00299969654,0.8545432731013038,0.7067405561827498
685.1,0.00299980188,0.8545708814175437,0.7069515769612914
685.2,0.00299991692,0.8545992562823908,0.707086200489683
685.3,0.003000038005,0.8546703819400682,0.7071166111065698
685.4,0.00300016286,0.8548224664404284,0.7072071832227728
685.5,0.003000289275,0.855043490049979,0.7074247573635898
685.6,0.003000412865,0.8552170818936458,0.7075843502703921
685.7,0.003000529945,0.8552342349895344,0.7075902815973221
685.8,0.00300063767,0.855027964299085,0.7075572571753476
685.9,0.003000736055,0.8545546645162658,0.7076461579642588
686.0,0.003000823205,0.8537997586511641,0.7077551963620797
686.1,0.003000899985,0.8527623419250956,0.7077756669798104
686.2,0.003000966375,0.8515113974295482,0.7077862918461648
686.3,0.003001023565,0.8501678387825725,0.7078402832575095
686.4,0.003001072055,0.8487819063338855,0.7078158228171086
686.5,0.00300111525,0.8473569238885145,0.7075981921276239
686.6,0.00300115665,0.8458911007386465,0.7070865900471721
686.7,0.003001199285,0.8444322833403961,0.7057714942296381
686.8,0.00300124716,0.8431067197361405,0.704649116271846
686.9,0.003001302375,0.8419657749657657,0.7047987440467512
687.0,0.00300136538,0.8409202906297628,0.7055992784035537
687.1,0.00300143644,0.8398570248793407,0.7061847141945501
687.2,0.00300151568,0.8388110881539956,0.7066379266339423
687.3,0.003001603285,0.8379200068137316,0.7071893075605739
687.4,0.00300169906,0.8372074119184884,0.7076598113259314
687.5,0.00300180241,0.8364925990588319,0.7076590636268798
687.6,0.003001910625,0.8355878078082274,0.7073425104679187
687.7,0.003002024335,0.8345239388720157,0.706656474596969
687.8,0.003002147305,0.8333826548096342,0.705809004845922
687.9,0.00300228213,0.8321613920814778,0.7055333049578283
688.0,0.00300242891,0.8309530475823128,0.7055793607061299
688.1,0.003002588935,0.8299836463371946,0.7055222716844289
688.2,0.00300276071,0.8293531852402868,0.7055101765527125
688.3,0.00300294269,0.8289011603229178,0.7056018482263443
688.4,0.003003132945,0.8285053636308627,0.7057040505185509
688.5,0.00300333234,0.8282045938333933,0.7058362361710433
688.6,0.003003541095,0.8280348598655051,0.7056989234393403
688.7,0.003003761365,0.8279462606694885,0.7049788327040256
688.8,0.003003995025,0.8279234778395647,0.7039781034969658
688.9,0.003004242175,0.8279825649141935,0.7031851466616438
689.0,0.00300450147,0.8280779876494536,0.7028295686387399
689.1,0.00300477131,0.8281808685256733,0.7027306650188195
689.2,0.00300504922,0.8283367920522564,0.7025325184869723
689.3,0.003005334665,0.8285985998176358,0.7023161255849931
689.4,0.00300562663,0.8289931210230738,0.70232148514206
689.5,0.003005925885,0.8294314297469173,0.7023755079693313
689.6,0.003006231695,0.8296728045936778,0.7022297820525019
689.7,0.00300654601,0.8297455261804232,0.7019702990656859
689.8,0.00300687035,0.8297324068895018,0.7015495078624788
689.9,0.003007206305,0.8295073871740958,0.7010003449002606
690.0,0.00300755426,0.8294057629349374,0.7010135521557764
690.1,0.003007914005,0.8289405684611644,0.7019013473901249
690.2,0.003008285895,0.8273961552294744,0.7030739028657802
690.3,0.003008671525,0.8258649806692265,0.7042900824970232
690.4,0.0030090707,0.825284697090182,0.7057379231705418
690.5,0.003009484315,0.8252152804589082,0.7072115940188584
690.6,0.0030099121,0.8270894666714457,0.7085034671834969
690.7,0.00301035296,0.8278670045700238,0.7097302276987972
690.8,0.0030108057,0.8275308353065337,0.7108657060979549
690.9,0.00301126772,0.8264138734544765,0.711698328682121
691.0,0.00301173634,0.8247607045683044,0.7121447615645667
691.1,0.003012208175,0.8236145133381981,0.7121763848362178
691.2,0.00301268118,0.8232154870888951,0.7121714211198251
691.3,0.003013155405,0.8227870618155398,0.7124221641958787
691.4,0.003013631895,0.8227127505829117,0.7128304958426217
691.5,0.00301411109,0.8228304283605298,0.713342600577898
691.6,0.003014594135,0.8230604557746258,0.7139279295547444
691.7,0.003015080435,0.8234277707876834,0.7144367419009198
691.8,0.00301556896,0.8235297217524777,0.7149617271660758
691.9,0.003016058965,0.8232276010701672,0.7156742780790217
692.0,0.0030165507,0.8230769868351689,0.7163539804991819
692.1,0.003017045495,0.8232941462857557,0.7168483917846332
692.2,0.003017545485,0.8235051356483708,0.7171047520283514
692.3,0.00301805353,0.8233922268084007,0.7170555861033229
692.4,0.00301857029,0.8232771125703879,0.7170285118578341
692.5,0.003019099155,0.8236977843930742,0.7170921542418105
692.6,0.00301963891,0.824555558568025,0.7170002123912106
692.7,0.00302018696,0.825686154932199,0.7167063038320967
692.8,0.00302074244,0.8268538786383529,0.7163797604084973
692.9,0.003021305095,0.8277351456431674,0.7162120433430927
693.0,0.00302187277,0.8282446994052091,0.7161072963608367
693.1,0.003022442695,0.8284858040750015,0.7157761787783337
693.2,0.003023014305,0.8288807211211134,0.7152737124493185
693.3,0.003023588355,0.8297249361821715,0.7147513849715473
693.4,0.003024164255,0.8306637571643997,0.7140442375979655
693.5,0.00302474024,0.8314285213472483,0.7130887787410439
693.6,0.003025313515,0.8322991383529671,0.7119255914946817
693.7,0.00302588348,0.833322392779353,0.7109830445835664
693.8,0.003026451245,0.8342549054435329,0.7106261973572304
693.9,0.003027017,0.8349953097169457,0.7102436456198028
694.0,0.00302757866,0.8355785652426404,0.7094295144499956
694.1,0.003028137065,0.836086278031387,0.7086806781419006
694.2,0.003028694595,0.8365556759561306,0.7081398969488824
694.3,0.003029252275,0.8369203645977299,0.7079926505012086
694.4,0.003029809205,0.8371130007760627,0.7083203437477192
694.5,0.003030365635,0.8371077605995164,0.7088673390110064
694.6,0.00303092439,0.8369690027351928,0.7094350813521778
694.7,0.003031487005,0.836818646110792,0.7099466834326296
694.8,0.00303205554,0.8367560530187619,0.7105336837367676
694.9,0.003032630355,0.8367596909830547,0.7113111839362338
695.0,0.00303320929,0.8367779750522986,0.7120465805109567
695.1,0.00303379168,0.8368831053088582,0.712524931974763
695.2,0.003034376885,0.8372454126232263,0.7129245237107437
695.3,0.003034960605,0.8379163311503268,0.7134128528728177
695.4,0.003035540525,0.8387142517020415,0.7139011569021504
695.5,0.00303611367,0.8393950536796303,0.7142542090845608
695.6,0.003036677425,0.8398447538184357,0.7144152031416867
695.7,0.00303722951,0.840145416801755,0.7143923260639833
695.8,0.0030377676,0.8404151539469922,0.7143049143899898
695.9,0.00303829139,0.8407905868354668,0.7142687232426205
696.0,0.00303879954,0.8413798490863152,0.714233449440306
696.1,0.003039290555,0.8421019378745576,0.7141190577686034
696.2,0.003039762515,0.8427771729499642,0.7141076852031975
696.3,0.003040214475,0.8433181929040243,0.7144159571239236
696.4,0.00304064385,0.8438769251574652,0.7149545769011962
696.5,0.003041048155,0.8446177127051817,0.7156121059604073
696.6,0.00304142753,0.8454313286537938,0.7163271889970321
696.7,0.00304178031,0.8461379859389214,0.7169722145174818
696.8,0.00304210684,0.8466907491663207,0.717520705178872
696.9,0.00304240761,0.8471732475324296,0.7179666668224197
697.0,0.003042682,0.8476739420031881,0.718178498131866
697.1,0.00304293057,0.8481697355894071,0.7180816993790237
697.2,0.003043152205,0.8485213426391969,0.7177232122413225
697.3,0.003043347035,0.848590828385509,0.7171977494540831
697.4,0.00304351641,0.848373869996852,0.716814657362719
697.5,0.00304365946,0.8480126685230982,0.7166330607409709
697.6,0.00304377649,0.8476576559868719,0.7164709545600457
697.7,0.003043866865,0.8474097717601331,0.7162506158176934
697.8,0.003043929185,0.8473343609700762,0.7159453598259148
697.9,0.003043961445,0.8474032058314871,0.7155505747266941
698.0,0.003043962575,0.8474923139655135,0.715063778661835
698.1,0.003043933115,0.847475041489104,0.7143704291631877
698.2,0.003043874565,0.8473277259263918,0.713641497986146
698.3,0.00304378932,0.8470927159463475,0.7130362701614318
698.4,0.003043682415,0.8467071105808606,0.7126106911710206
698.5,0.00304355535,0.8460795271828235,0.7123454967687606
698.6,0.003043409405,0.8452595526506806,0.7119554303417055
698.7,0.003043246445,0.8444229339606592,0.7114508717119831
698.8,0.003043069215,0.8436936509252401,0.7106659008051865
698.9,0.00304288187,0.8431432941578136,0.7097293669024102
699.0,0.00304268679,0.8428940904621604,0.7084117263948269
699.1,0.00304248289,0.8429722532873817,0.7070542693419519
699.2,0.00304226986,0.8432215449476292,0.70611793021792
699.3,0.003042047495,0.8434411234245592,0.7052291610898489
699.4,0.00304181671,0.8435337627087283,0.704561528668664
699.5,0.00304157919,0.8434610913874654,0.7041650031271132
699.6,0.00304133412,0.8431602650413282,0.7039152967766352
699.7,0.003041079905,0.8425830979221961,0.7036539979492655
699.8,0.00304081501,0.8418388420561901,0.7031929692273512
699.9,0.00304054183,0.8410864368988407,0.7025088622942908
700.0,0.0030402625,0.8403577884651376,0.7019547481820507
700.1,0.003039976895,0.8396493090562706,0.701473010081364
700.2,0.00303968642,0.83898513867019,0.7010925883437554
700.3,0.003039396915,0.83839400403012,0.7009436203033075
700.4,0.003039110985,0.837937442652959,0.7009560044615479
700.5,0.003038833125,0.8375844030369192,0.7011712852397278
700.6,0.00303856728,0.8373013455388307,0.7015206994578455
700.7,0.003038318615,0.837197094928214,0.7017977942130773
700.8,0.003038091605,0.8373197364222248,0.7017412329789421
700.9,0.00303789008,0.8375545202075982,0.7013143345196164
701.0,0.003037718555,0.8379058947795316,0.7009534786210545
701.1,0.003037581885,0.8384013239410028,0.7008685111061455
701.2,0.00303748426,0.8389367455769541,0.7008230082781509
701.3,0.0030374304,0.839423070402915,0.7009248838447215
701.4,0.00303742477,0.8397106957767219,0.7012268851465111
701.5,0.00303747153,0.8397098915290024,0.701518726537659
701.6,0.003037575205,0.839497972254962,0.7018669532337535
701.7,0.003037737755,0.8391547909566691,0.7024567558385384
701.8,0.003037957665,0.8387501098405895,0.7031547611774982
701.9,0.003038236135,0.8383973529678886,0.7038352175798952
702.0,0.003038572745,0.8380823643220691,0.7045524620322657
702.1,0.003038965745,0.8376821631171135,0.7053012229421369
702.2,0.003039412065,0.837106994050909,0.7058801116540434
702.3,0.00303990892,0.8365037768454932,0.7063607501973014
702.4,0.00304045793,0.8362269020017471,0.7069683530660615
702.5,0.003041057635,0.8364602783536116,0.7075903946946577
702.6,0.00304170394,0.836972954858751,0.7081247858882186
702.7,0.00304239301,0.8374354349964712,0.7088306326424418
702.8,0.00304311991,0.8377513598369015,0.7097006527455564
702.9,0.00304387969,0.8380691759161093,0.7105625424068834
703.0,0.00304466473,0.8385644982634302,0.7113367188013222
703.1,0.00304546909,0.8392256652869341,0.7118617166328489
703.2,0.003046285565,0.8399789123911147,0.7121923315605274
703.3,0.003047107885,0.8407444368393856,0.7124333608320962
703.4,0.003047929305,0.841408192535236,0.7125991363932408
703.5,0.00304874357,0.8419892175301469,0.7126389278057912
703.6,0.003049547255,0.8425570918182097,0.712509387374313
703.7,0.003050336065,0.8428748010832673,0.7123959381804066
703.8,0.003051106445,0.8426666077381137,0.712575945156272
703.9,0.003051855365,0.842187200699176,0.7130577649383677
704.0,0.00305258163,0.8416277584457954,0.7136242694920336
704.1,0.003053282275,0.8407686836514859,0.7140807303382296
704.2,0.003053952195,0.8398933291240456,0.7143822541179359
704.3,0.003054589035,0.8390178426497137,0.7145002272052634
704.4,0.00305518964,0.8380681014914217,0.7143275904057634
704.5,0.00305574899,0.8377705298352738,0.7140471027304656
704.6,0.00305626536,0.8375600619770392,0.7136813585137346
704.7,0.00305673677,0.836954199550609,0.7130343223739867
704.8,0.00305716072,0.836520421003372,0.7121670982883338
704.9,0.00305753415,0.8362231823560453,0.7111937826187692
705.0,0.003057855995,0.8358861334466121,0.7101155880200573
705.1,0.003058127105,0.8356235591326252,0.7090750988163735
705.2,0.00305834774,0.8354454308291666,0.7080931814661234
705.3,0.00305851911,0.8353378438471517,0.7069476059881773
705.4,0.003058641275,0.8353236249988015,0.7056481238861316
705.5,0.00305871596,0.8353637305706174,0.7044809342507288
705.6,0.00305874384,0.8354171376457284,0.7034935945115586
705.7,0.003058726725,0.8355290914415318,0.7026115860908779
705.8,0.003058664815,0.8358010716839237,0.7017692182863003
705.9,0.00305855891,0.8362670955381571,0.700861486504972
706.0,0.003058408715,0.8368549315059408,0.6999490486178487
706.1,0.003058215085,0.837462327029586,0.6990706970110169
706.2,0.00305797922,0.8380406502548147,0.698118260366228
706.3,0.003057703855,0.838505197560501,0.6972442253077022
706.4,0.00305739209,0.8387582528487477,0.6964707337804619
706.5,0.00305704688,0.8387718056794553,0.6957024635802118
706.6,0.003056672675,0.8385211694175518,0.6950863972608428
706.7,0.003056273305,0.8380873783039442,0.6947191576460089
706.8,0.003055855045,0.8375896306470948,0.6945940782760989
706.9,0.003055423995,0.8370554467986489,0.6945379065994526
707.0,0.0030549871,0.8365357017100391,0.6945695424374742
707.1,0.00305455165,0.8361203014798255,0.6946698911900152
707.2,0.00305412334,0.8358373193799608,0.6951034938080637
707.3,0.00305370882,0.835630960724917,0.6959639132040288
707.4,0.003053312995,0.8354605795889423,0.6967392645541202
707.5,0.003052938445,0.8353934374707497,0.6974243139649766
707.6,0.00305258519,0.835489331444908,0.6980981604564304
707.7,0.003052253215,0.8356345986892099,0.6985516996214585
707.8,0.003051943225,0.8356535676256522,0.6985894301492281
707.9,0.003051654615,0.8355083129477209,0.6983449074266286
708.0,0.003051387945,0.835295916151597,0.6982498616824869
708.1,0.00305114342,0.8351094374948652,0.6982574392039673
708.2,0.003050920665,0.8349621847640062,0.6986725881067687
708.3,0.003050717245,0.8348264114127033,0.6995254802467359
708.4,0.00305053348,0.8346605855860761,0.7005174192775508
708.5,0.003050368445,0.8344369984369201,0.7015170363608113
708.6,0.003050219765,0.8341511449213701,0.7023589643424175
708.7,0.00305008429,0.8338219814094975,0.7028101661625114
708.8,0.00304995916,0.8335032479852349,0.7030016022524505
708.9,0.003049843495,0.8333121134881905,0.703042788532139
709.0,0.003049736985,0.8333471296799074,0.7027915742171874
709.1,0.003049639015,0.8336212524884891,0.7029063240304524
709.2,0.00304954676,0.8340448899746403,0.7034917346887076
709.3,0.003049457855,0.8345145894922786,0.7040120892462923
709.4,0.003049371695,0.834929945740195,0.7044160666456174
709.5,0.003049286845,0.835229377219194,0.7048820653671097
709.6,0.003049201055,0.8354333042815238,0.7055056023938089
709.7,0.003049112395,0.83559133895837,0.7063044025914665
709.8,0.00304902194,0.8357387801847883,0.7071463871217405
709.9,0.003048930005,0.8359058814980327,0.707913645729156
710.0,0.003048836335,0.8360669006878998,0.7085668331073199
710.1,0.00304873805,0.8361949959867572,0.7089925691773638
710.2,0.0030486337,0.8362525939464681,0.7091813223471767
710.3,0.0030485249,0.8361816128020529,0.709254288978149
710.4,0.00304841202,0.8359649245903642,0.7091555927033438
710.5,0.003048295245,0.8356733408098139,0.708763792117144
710.6,0.00304817414,0.8353977477358704,0.7082275536671028
710.7,0.00304804794,0.8350686973213334,0.7077852237046627
710.8,0.00304791491,0.8345986647948739,0.7073781801109077
710.9,0.00304777392,0.8340349939577816,0.7067104785746843
711.0,0.003047627685,0.8334796546244065,0.7060000513783721
711.1,0.00304747927,0.8330259520965604,0.7054010564734827
711.2,0.00304733156,0.832705974601607,0.7047401219278352
711.3,0.00304718341,0.8324991007253679,0.7041315451653525
711.4,0.003047034855,0.8323033732198641,0.7036421729945175
711.5,0.00304688732,0.8318845926359553,0.7030275141086573
711.6,0.003046741945,0.8311854060581576,0.7021836948882737
711.7,0.00304660203,0.8305820254899238,0.7014697428250042
711.8,0.00304647159,0.8303058417965615,0.700857578363711
711.9,0.00304635212,0.8302282381748326,0.7001672259444552
712.0,0.003046244265,0.8299203997938924,0.6996858836844428
712.1,0.00304614712,0.828819447497998,0.6995669367033927
712.2,0.003046059375,0.827343803729495,0.6996047614789418
712.3,0.003045978705,0.826542276629414,0.6996904138610492
712.4,0.00304590418,0.8265580599909056,0.6999837506503003
712.5,0.003045836205,0.8267885900598261,0.7004363913198295
712.6,0.00304577644,0.826828312357338,0.7009016863245674
712.7,0.00304572304,0.8268653203187974,0.7013724539837078
712.8,0.00304567361,0.8272241593148757,0.7018296876616966
712.9,0.003045627095,0.8278525406774466,0.7022989787722899
713.0,0.003045581645,0.828487839827041,0.7027728943072691
713.1,0.003045535675,0.8288512341324669,0.703128019940831
713.2,0.003045485835,0.8288568136010197,0.703347007798342
713.3,0.003045429705,0.8287460096281276,0.7034321072601425
713.4,0.00304536386,0.8288604389989419,0.7033416985067575
713.5,0.003045286625,0.8292973591388326,0.703055122424897
713.6,0.00304519592,0.8298417343138467,0.7025472337069618
713.7,0.003045089215,0.8303909349751767,0.7019033831421645
713.8,0.00304496424,0.8310655228824967,0.7012343747033972
713.9,0.003044819625,0.8318970396260488,0.7005034203406865
714.0,0.003044653995,0.8327759441531877,0.6996129610357678
714.1,0.00304446673,0.8336590081489998,0.6985441220999781
714.2,0.00304425849,0.8346580471792122,0.6974274555576302
714.3,0.00304403158,0.8357978609762317,0.6964248853772754
714.4,0.003043787265,0.836904493271644,0.695377446970642
714.5,0.00304352738,0.8378272984145241,0.6940499167293852
714.6,0.003043251775,0.8386368679917984,0.6925529038476524
714.7,0.00304295791,0.8394285430573176,0.6911132313150331
714.8,0.003042642285,0.8400687179587102,0.6898568455810096
714.9,0.003042305195,0.8404227566012139,0.6887597951431906
715.0,0.003041949445,0.8405951609228576,0.6877757289435654
715.1,0.003041574855,0.8406066088864873,0.6867670829230187
715.2,0.003041177065,0.8401035079557561,0.685616160454376
715.3,0.00304075172,0.8390070795532826,0.6845998300981985
715.4,0.00304029779,0.8381969947548132,0.6839282958189377
715.5,0.003039814525,0.8376329280770464,0.6832763713610207
715.6,0.003039299025,0.8371470556404276,0.6826128795589531
715.7,0.003038752315,0.8370398142336046,0.6820400604040535
715.8,0.003038174315,0.837219532182946,0.6812751705574988
715.9,0.003037565525,0.8374104467685046,0.6801991813568296
716.0,0.003036930625,0.8374207637587789,0.6791523398528003
716.1,0.00303627426,0.8372814969564454,0.6783375175326093
716.2,0.0030355991,0.8371576365244849,0.6775775599865207
716.3,0.003034906545,0.8371037707768464,0.6769914079123992
716.4,0.00303419614,0.83710179785666,0.6769424304829298
716.5,0.003033469915,0.8369793699909496,0.6772726244371926
716.6,0.003032730115,0.8365617580795078,0.6776335117516811
716.7,0.00303197896,0.8358080397364294,0.6778751316426687
716.8,0.00303121741,0.8348279759258449,0.6779390253540575
716.9,0.003030444765,0.8338686340604033,0.6779564360605437
717.0,0.003029658865,0.833006266876993,0.6779723388025561
717.1,0.003028857995,0.8322239726071372,0.6779044364189414
717.2,0.00302804318,0.8316091566416444,0.6777209422752305
717.3,0.003027217845,0.8311318544697845,0.6774520219440833
717.4,0.003026386485,0.8307120937089678,0.6776475546708426
717.5,0.003025551935,0.8303826411705713,0.6782330281609509
717.6,0.003024717385,0.8301104849989906,0.6789224820847077
717.7,0.00302388344,0.8297988515741253,0.6796893951169315
717.8,0.00302305171,0.8294093003682653,0.6803975729329037
717.9,0.003022223965,0.8289590535923381,0.6809367267809274
718.0,0.003021404645,0.828468123191547,0.6812209592346684
718.1,0.00302059949,0.8279436845635125,0.6814398151452881
718.2,0.003019813455,0.8273877608939039,0.6818297119263397
718.3,0.00301905028,0.8268525843021797,0.6819528246592487
718.4,0.003018313025,0.8264098710654358,0.6823519451563314
718.5,0.003017604305,0.8260700449880969,0.6832596329553624
718.6,0.003016926785,0.8258293424421643,0.6843094212733006
718.7,0.00301628272,0.8256960886481697,0.6850465708567243
718.8,0.003015676805,0.8256183028140667,0.6854635670160059
718.9,0.00301511219,0.8254846657457682,0.6857292892058318
719.0,0.00301458918,0.8252615561186957,0.6859328015779312
719.1,0.00301410745,0.8250490650747921,0.6859836890957343
719.2,0.00301366496,0.8248519489853353,0.6862033932363704
719.3,0.003013258085,0.8245575063554702,0.6865729953288798
719.4,0.00301288438,0.8242029399254008,0.6871808809409788
719.5,0.003012540375,0.8239446947260903,0.6879337950363382
719.6,0.003012224285,0.8237636950069465,0.6885208079068468
719.7,0.0030119333,0.8235563059095123,0.689015238041854
719.8,0.00301166322,0.8233114313285357,0.6895121814509841
719.9,0.00301140806,0.8231129140887553,0.6899442886709295
720.0,0.003011161695,0.8230156315306443,0.690268991121234
720.1,0.00301091942,0.8230014001159235,0.6905496233097939
720.2,0.00301067736,0.8231672008098094,0.6908049970934188
720.3,0.00301043057,0.8236606633342793,0.6909819881403367
720.4,0.003010177325,0.8243422946923288,0.6911092352091778
720.5,0.00300991559,0.8249231626076069,0.6912842407695386
720.6,0.00300964314,0.8251533471013354,0.6914033071311098
720.7,0.003009358485,0.8248769120805607,0.6913457154545841
720.8,0.00300906047,0.8241258578080523,0.6911759940530666
720.9,0.0030087495,0.8231192286899891,0.6909199416854284
721.0,0.00300842664,0.8220105920584638,0.6905895403860502
721.1,0.003008093135,0.8210187724081695,0.6901520170603701
721.2,0.003007751415,0.8204381306875624,0.6895475809170049
721.3,0.003007402955,0.8200118291308409,0.6888877522119714
721.4,0.00300704782,0.8196221711108309,0.6883706900434876
721.5,0.00300668641,0.8189925582439397,0.6880241409578701
721.6,0.00300631926,0.8187242348153966,0.6878079868169326
721.7,0.00300594616,0.8198550510910562,0.6878135034536322
721.8,0.0030055682,0.82144791396465,0.688043731929658
721.9,0.00300518616,0.8224382507832116,0.6884264281803476
722.0,0.00300479982,0.8229039290622532,0.6889063692900365
722.1,0.003004409465,0.8230931597541495,0.6892733198783464
722.2,0.003004015745,0.8230774329413257,0.6893440182794228
722.3,0.003003617645,0.8228912684438593,0.6891705332499063
722.4,0.00300321335,0.8227167906710642,0.6888476215074144
722.5,0.00300280218,0.8227234822634164,0.6883886725198367
722.6,0.003002384825,0.8228779795069346,0.6878878146862603
722.7,0.003001960935,0.8230552344476355,0.6874134404787535
722.8,0.00300153216,0.8232129612484016,0.6869593232606771
722.9,0.00300109965,0.8234307301679631,0.6866848988592007
723.0,0.003000665785,0.8237870684562892,0.6868112851316546
723.1,0.003000232235,0.8242990161119329,0.6871718582868778
723.2,0.002999797345,0.8249656934889512,0.6874499646349441
723.3,0.002999360275,0.825733548998971,0.6876777678014413
723.4,0.002998923685,0.8265164967200986,0.6880671242285565
723.5,0.00299849057,0.8273315766508872,0.6886284891366412
723.6,0.00299806356,0.8282645794035209,0.6891454947564571
723.7,0.00299764278,0.8292846356885857,0.6896200197604113
723.8,0.00299722892,0.8302867723291542,0.690196891569834
723.9,0.00299682287,0.831181058093925,0.6907777343523709
724.0,0.002996425515,0.8319426429850083,0.6912950541314523
724.1,0.002996039175,0.8324454988715125,0.6918389015189005
724.2,0.00299566687,0.8327160653972102,0.6924750991639936
724.3,0.002995307715,0.8327884916742462,0.6931463569831009
724.4,0.002994960185,0.8326361181473617,0.6939009047066401
724.5,0.00299462413,0.8328633369776253,0.6948571112626132
724.6,0.002994301285,0.8334129460460002,0.6959442845331292
724.7,0.0029939924,0.833799694951213,0.6970214675390067
724.8,0.002993697265,0.8339357259131135,0.6981761536356483
724.9,0.00299341521,0.8340036974117666,0.6994459665366735
725.0,0.002993144005,0.8342004302269195,0.7005890036077556
725.1,0.00299288295,0.8345511513475811,0.7015309536162667
725.2,0.00299262947,0.8349471553847513,0.7023633562889472
725.3,0.002992381065,0.8353945747272904,0.7029962866776807
725.4,0.00299213569,0.8359660492805341,0.7033591846114673
725.5,0.00299189388,0.8365413817095567,0.7035689550361329
725.6,0.002991655125,0.8369272572520119,0.7036879020171831
725.7,0.002991419775,0.8370875161764567,0.7037278693589221
725.8,0.002991187845,0.8371186744923951,0.7036849740528299
725.9,0.002990957395,0.8371439957291831,0.7036114105192535
726.0,0.00299072768,0.837247473508007,0.7037240868813671
726.1,0.002990497415,0.8374410270313946,0.7040184101307114
726.2,0.002990265935,0.8376805106393778,0.7043470835541299
726.3,0.00299003321,0.8379295321226573,0.7045587200848317
726.4,0.002989799305,0.8382031334268583,0.7045727127385107
726.5,0.002989564665,0.8385230983554411,0.704461468942647
726.6,0.002989328345,0.8388402923993036,0.7041933654255897
726.7,0.00298908817,0.8391023954743926,0.7036772080357903
726.8,0.00298884235,0.8393553816476007,0.7030065534024725
726.9,0.00298858984,0.8396627299400868,0.702429298318746
727.0,0.002988329555,0.840004956194213,0.7020123210090203
727.1,0.00298806082,0.8403539117398031,0.7016482418363958
727.2,0.00298778307,0.8407654478110527,0.7013262600053294
727.3,0.00298749425,0.8413257382944498,0.7011291376326872
727.4,0.002987193415,0.842073248850445,0.7010572517095879
727.5,0.00298687934,0.8429610755007201,0.7008890759716558
727.6,0.00298655014,0.8438687130342687,0.7006335765243247
727.7,0.002986205665,0.8447046028747947,0.700444666274879
727.8,0.00298584635,0.8454842770563772,0.7001549548835503
727.9,0.00298547244,0.846274978228174,0.6996569621824739
728.0,0.002985085365,0.8470560598432654,0.6990326083416847
728.1,0.00298468863,0.8477592613764744,0.6982900677852676
728.2,0.00298428428,0.8483820444209368,0.6974949621005705
728.3,0.002983876605,0.8489382445506988,0.696752741986604
728.4,0.002983470045,0.8494074351303271,0.6962604544177865
728.5,0.00298306902,0.8497197408560205,0.6961336094728051
728.6,0.002982675735,0.8498301804041647,0.6960415168257579
728.7,0.002982292065,0.8497644708522223,0.6958829669277165
728.8,0.002981920005,0.8495950573267849,0.695645852080594
728.9,0.002981560025,0.8493131245188664,0.6951034309762106
729.0,0.00298121246,0.8488624504863382,0.6945680156234446
729.1,0.00298087637,0.8483071048697779,0.6939143884223093
729.2,0.00298055099,0.8477899107544027,0.69284259010624
729.3,0.002980235695,0.8474136296359117,0.6915463878269248
729.4,0.002979931985,0.8472015909813504,0.6901895402430247
729.5,0.002979642255,0.8470458308175854,0.6886684501951948
729.6,0.002979368215,0.8468104375632372,0.6875011537456418
729.7,0.002979110655,0.8464542186554319,0.6871821627107815
729.8,0.00297887105,0.8458950025967222,0.687680890544539
729.9,0.002978649785,0.845039817094118,0.6887628927535471
730.0,0.002978445535,0.8438914518818954,0.6904718500420616
730.1,0.00297825594,0.8424905466026213,0.6922340636092397
730.2,0.00297807992,0.8409916801812231,0.6938632055947971
730.3,0.002977915775,0.8396271168457656,0.695331711664791
730.4,0.00297776139,0.8384100701349503,0.6962635771608842
730.5,0.002977614635,0.8371902399730438,0.6968223848125489
730.6,0.00297747459,0.8359854203408362,0.6971991434531232
730.7,0.00297733966,0.834968172639604,0.6971271255831323
730.8,0.00297720939,0.8341237565166161,0.6971233431055773
730.9,0.002977082885,0.8332103384525849,0.6974582368824501
731.0,0.002976960365,0.8321564597810116,0.6978215495064671
731.1,0.002976841515,0.8311543608395549,0.698281547785991
731.2,0.00297672673,0.8303383070150437,0.6990483288713233
731.3,0.002976615525,0.8296894613179271,0.7000663305547925
731.4,0.00297650897,0.8291963129527226,0.7008775463266171
731.5,0.002976407075,0.8288551674064691,0.7012730916912601
731.6,0.00297630929,0.828626585124994,0.701550186446492
731.7,0.00297621347,0.8284967933661037,0.7019378715463156
731.8,0.00297611866,0.8285193877004683,0.7024816875178372
731.9,0.002976024505,0.8288179395335242,0.7032358017015903
732.0,0.00297593157,0.8293424598429675,0.7040396724297908
732.1,0.00297584015,0.8298528304190991,0.7049284352746767
732.2,0.00297575118,0.8302207109188345,0.7061160389791427
732.3,0.00297566511,0.8304677908978542,0.70741013639138
732.4,0.0029755822,0.830751533263141,0.7085653565587727
732.5,0.002975500865,0.8311441318138748,0.709501727098731
732.6,0.002975420735,0.8316148240747916,0.7101621904054806
732.7,0.002975343035,0.832113614740402,0.7104678171051924
732.8,0.002975267245,0.8326102628398226,0.7105153933843383
732.9,0.002975191535,0.8331337652732462,0.7106948788558233
733.0,0.00297511608,0.8337325339834645,0.7112163455372074
733.1,0.0029750425,0.8344202600312619,0.7118831925602289
733.2,0.002974970465,0.8352535486330707,0.7126084355074954
733.3,0.00297489863,0.8362614658041219,0.7133693166818242
733.4,0.00297482755,0.8373994323446612,0.7140097429106291
733.5,0.002974758715,0.838585685164286,0.7144860083569133
733.6,0.002974691125,0.8397831786024254,0.7147826689511918
733.7,0.00297462329,0.8409935588536299,0.7148641681478112
733.8,0.002974554435,0.842167729107909,0.7147802750575898
733.9,0.002974484735,0.8432456221137263,0.714423779689631
734.0,0.00297441495,0.844232685392743,0.7137620785953761
734.1,0.002974344815,0.8451247343435445,0.7131695993536502
734.2,0.002974273575,0.8458759582620563,0.7128044080572263
734.3,0.00297419901,0.8464019551200468,0.7125510511760849
734.4,0.00297411788,0.8467693769472547,0.7122142661604347
734.5,0.0029740256,0.8472131080600183,0.7117048192125434
734.6,0.002973921415,0.8477679321721983,0.7111187488198308
734.7,0.00297380537,0.8482475591226218,0.7105125722341354
734.8,0.002973676125,0.8485480147608258,0.709815723001272
734.9,0.00297353235,0.8487970550936611,0.7089764590902362
735.0,0.00297337218,0.8491154932082143,0.7079634211231596
735.1,0.00297319478,0.8494849507874618,0.7068274149364362
735.2,0.002973003345,0.8498319962447186,0.7058129444031096
735.3,0.002972800795,0.8500502426863635,0.7049067017366992
735.4,0.002972590915,0.8501277834762394,0.7040963467612615
735.5,0.00297237618,0.8500058519821683,0.7035077756607968
735.6,0.00297215812,0.8496103066175255,0.7031028118013786
735.7,0.00297193899,0.8490320022418525,0.7027528697956951
735.8,0.00297172272,0.8484403712301433,0.7025245891071147
735.9,0.002971511945,0.8480000770197427,0.702518211674028
736.0,0.00297130633,0.8476551050136372,0.7024684739791364
736.1,0.00297110535,0.8472983457518956,0.7023146176205194
736.2,0.002970909725,0.8469891502029292,0.7022818319595865
736.3,0.00297072058,0.8467741584512736,0.7023687975274232
736.4,0.00297053658,0.8466851382818413,0.7025247461867473
736.5,0.002970359355,0.8467866619900347,0.7027108038700636
736.6,0.002970189345,0.8470277540934565,0.7029372750012756
736.7,0.0029700253,0.847230814076214,0.7032253276316832
736.8,0.002969866965,0.8472748152229203,0.7035987310513035
736.9,0.0029697149,0.8471574516045672,0.7040384157927294
737.0,0.002969571135,0.8469426797643973,0.7045563073416737
737.1,0.002969438865,0.8467959171219922,0.7052238517982643
737.2,0.00296932273,0.8468145970319105,0.7059809253622971
737.3,0.002969226065,0.847044637012377,0.7067370690149043
737.4,0.002969152075,0.8475346060858162,0.7074691417845997
737.5,0.002969102845,0.8482810547834944,0.7081809387153088
737.6,0.00296907936,0.8492150377130361,0.7088441540572229
737.7,0.00296908368,0.8502451408114069,0.7093897858692984
737.8,0.00296911784,0.851303047004762,0.7100693249266404
737.9,0.00296918477,0.852337655146998,0.7110223521908481
738.0,0.002969284185,0.8533117373651701,0.7120682763498225
738.1,0.002969415145,0.8541861494148145,0.713014222464189
738.2,0.00296957826,0.8549455289078549,0.7137478848797671
738.3,0.00296977153,0.855617603541052,0.714362292438215
738.4,0.00296999298,0.8561797287145589,0.7150209713203373
738.5,0.002970239575,0.8566397081445268,0.715603837288543
738.6,0.002970509285,0.8570195832450135,0.7160045725642497
738.7,0.00297080128,0.8573794966657795,0.7161033819363903
738.8,0.00297111419,0.8578007528246993,0.7159052228381726
738.9,0.00297144636,0.8582747186251611,0.7158820693003156
739.0,0.002971795425,0.8587016359340427,0.7160847145928427
739.1,0.002972159425,0.8589496018421906,0.7163107333347125
739.2,0.00297253459,0.8589547980364395,0.7165484262348831
739.3,0.002972918265,0.8587944825633268,0.7166992603813673
739.4,0.002973307735,0.858615097622807,0.7169163507169157
739.5,0.002973699765,0.8585039166587963,0.7173446817424914
739.6,0.002974090165,0.8585032443579684,0.7177902852444766
739.7,0.00297447541,0.8586044413405259,0.7182149029075359
739.8,0.002974853005,0.8587529444252612,0.7184606445680849
739.9,0.002975222025,0.8589463785681279,0.71826724812433
740.0,0.00297558058,0.8592205265094508,0.717942024169645
740.1,0.00297592584,0.8595163891391953,0.7173568459892461
740.2,0.00297625577,0.8597091761139755,0.7163431294381564
740.3,0.0029765687,0.8597016174420509,0.7152901178461555
740.4,0.00297686349,0.8594621087013264,0.7142362580241383
740.5,0.002977139985,0.8590980860773698,0.7128785370774804
740.6,0.002977396585,0.858769877609664,0.7116042945308138
740.7,0.00297763459,0.8585608737336059,0.7107824853085613
740.8,0.00297785397,0.8584615805561967,0.710729442658198
740.9,0.002978054255,0.8583798614480914,0.7108431997281845
741.0,0.00297823551,0.8582764527843059,0.7107240391188339
741.1,0.00297839818,0.8580945105873659,0.7107172344291462
741.2,0.00297854255,0.8577401515024116,0.7107968549533588
741.3,0.00297866634,0.8571987482740477,0.7106820737241671
741.4,0.00297876867,0.8565997533691584,0.7103519677344986
741.5,0.00297884977,0.8561145532333675,0.70982437494744
741.6,0.0029789091,0.8557712274218126,0.7090792582850469
741.7,0.002978947725,0.8554752579779178,0.7081632012831867
741.8,0.00297896695,0.8551782392420769,0.7070901840291678
741.9,0.002978968025,0.8548943335139719,0.7060395223484718
742.0,0.00297895262,0.8546438731812571,0.7052398173721299
742.1,0.00297892222,0.854379947982429,0.7046954547634865
742.2,0.00297887875,0.854005671200051,0.7042539290487656
742.3,0.002978821885,0.8535189882325275,0.7037834001506669
742.4,0.002978752985,0.8529882161537035,0.7034448872590573
742.5,0.0029786728,0.8525489775184344,0.7033142598365211
742.6,0.00297858197,0.8523581320479142,0.7033215860305891
742.7,0.002978480485,0.8524681506226429,0.7034620780540577
742.8,0.002978369025,0.8528526878466276,0.7035793034423338
742.9,0.002978248525,0.8535182154007348,0.703390330361035
743.0,0.00297812028,0.8545139871745872,0.7030585341945189
743.1,0.002977985645,0.855834052991699,0.7031732086095602
743.2,0.002977845435,0.8573454418014146,0.7036535078608116
743.3,0.002977700125,0.8588386596392217,0.7041646826846625
743.4,0.002977550095,0.8601073541332621,0.7047503069712182
743.5,0.002977396345,0.8610355690986918,0.7054563422210006
743.6,0.0029772402,0.8617305522255189,0.7061281906595267
743.7,0.00297708132,0.8624909244618378,0.7067567353849157
743.8,0.002976918975,0.8634756755286614,0.7071673415447399
743.9,0.00297675089,0.864538130748179,0.707324515425199
744.0,0.002976577695,0.8654067182850436,0.707269267376793
744.1,0.002976399245,0.8658984026680716,0.7070758772162233
744.2,0.002976214705,0.8659258727542344,0.7064166077146822
744.3,0.00297602285,0.8654901338531815,0.705613704597019
744.4,0.00297582426,0.8647438736510625,0.7052485886988188
744.5,0.00297561865,0.8638990805369563,0.7049049927102956
744.6,0.00297540537,0.8630720499877136,0.7046904282152407
744.7,0.00297518465,0.8623510670400854,0.7050322774782485
744.8,0.002974958785,0.8617928939901366,0.7060041291656365
744.9,0.00297472789,0.8613496592490124,0.706907387319026
745.0,0.0029744898,0.8608976406148284,0.7073880698445811
745.1,0.002974243525,0.8603230621680429,0.7079351844883891
745.2,0.002973990705,0.8596174604580465,0.7087369377831412
745.3,0.002973730905,0.8588606507877968,0.7094782656847941
745.4,0.002973461925,0.8580586335992619,0.7100910710309886
745.5,0.00297318319,0.8571103187240345,0.710614202756479
745.6,0.00297289435,0.8559742622718287,0.7109596522846677
745.7,0.002972594975,0.8546809502577548,0.7111853757168283
745.8,0.002972284775,0.8532983101981687,0.7113675566748099
745.9,0.00297196232,0.8519118876610277,0.7114172378210337
746.0,0.002971627265,0.8505674493681094,0.7113871225138564
746.1,0.00297128021,0.8492676342572423,0.7113916778232041
746.2,0.00297092092,0.8480520012631211,0.7113332190671061
746.3,0.00297054973,0.8470866715220821,0.7112389838538691
746.4,0.002970168295,0.846321674861377,0.711236426597449
746.5,0.002969777135,0.845501844842496,0.7112394299600259
746.6,0.00296937763,0.8445776825315896,0.7110889728046602
746.7,0.002968971065,0.8438383087005673,0.710869677071069
746.8,0.002968558015,0.8433207313108882,0.7105810401044278
746.9,0.002968139665,0.8428708740924503,0.7100788753683073
747.0,0.00296771708,0.8422669154711683,0.7093895471082566
747.1,0.00296729164,0.8416008224303834,0.708533268331409
747.2,0.00296686459,0.8412938825449424,0.7073669394923932
747.3,0.002966438085,0.8414859343870418,0.7058823359016421
747.4,0.002966014335,0.8421358230929192,0.7044143136369168
747.5,0.002965595615,0.8432190756558036,0.7032224750655538
747.6,0.002965186145,0.8445276872261004,0.702236002405956
747.7,0.002964789135,0.8459182817982853,0.7013056008920394
747.8,0.002964408865,0.8473434213232893,0.7003390522130507
747.9,0.00296404821,0.8487747183698942,0.6993759027373131
748.0,0.00296370958,0.8501721176317667,0.6983756070700394
748.1,0.00296339527,0.851486811325441,0.6972456264580257
748.2,0.00296310845,0.852677833082714,0.6961411241624326
748.3,0.002962849315,0.8537281554714035,0.6951413939818365
748.4,0.002962618245,0.8546315078725727,0.6939170336433237
748.5,0.00296241323,0.8553958008165233,0.6926293387969144
748.6,0.00296223525,0.8560112765164734,0.6916158044581985
748.7,0.00296208717,0.8564331609939239,0.6909016953152963
748.8,0.00296196916,0.8566211287655735,0.69055312304401
748.9,0.00296188139,0.856580413724783,0.690520890303384
749.0,0.002961822225,0.8563794020604356,0.6906868794928291
749.1,0.002961790825,0.856136041727118,0.6911181698986846
749.2,0.00296178541,0.8559523151055507,0.6921438747673404
749.3,0.00296180572,0.855878481395006,0.6936133672974277
749.4,0.002961848595,0.8558930772344746,0.6951334331860524
749.5,0.00296191422,0.8559269875855775,0.6965587046579477
749.6,0.002962002825,0.8559305250189054,0.6980158947112035
749.7,0.00296211596,0.8559314800630721,0.6996071805052851
749.8,0.00296225458,0.8560108429766872,0.7012321755885397
749.9,0.00296242161,0.8561451020803309,0.7030945305631436
750.0,0.002962616685,0.8562231266754756,0.7052557201141424
750.1,0.002962837405,0.8562271730468134,0.7073810201106665
750.2,0.002963078765,0.8562511433987602,0.7093057985312973
750.3,0.002963340065,0.8563331892325015,0.7109767048495914
750.4,0.002963622315,0.856423610552257,0.712290116773463
750.5,0.002963925805,0.856445557718535,0.7130943519264115
750.6,0.002964247755,0.856324958259749,0.7135047758738616
750.7,0.00296458584,0.8560422903191496,0.7139141505293657
750.8,0.00296493706,0.8557140944178143,0.7145256238402751
750.9,0.00296530006,0.855491889569426,0.7153599366012889
751.0,0.002965673625,0.855418765858821,0.7162944347520258
751.1,0.002966057415,0.8554203492215184,0.7171640464480953
751.2,0.002966451765,0.8553761093137705,0.7180033354918725
751.3,0.00296685517,0.8552197396810307,0.7187663717987617
751.4,0.00296726495,0.8549651575787545,0.719163789552626
751.5,0.002967676205,0.8547311780411004,0.7191337433604871
751.6,0.002968084185,0.8546474922959941,0.7188565480742903
751.7,0.00296848856,0.8545394843405637,0.7186636291526186
751.8,0.002968887825,0.8542951124144115,0.7184955727952075
751.9,0.002969278365,0.8541679533101649,0.7182674868853716
752.0,0.002969656865,0.8541935635734769,0.7180476696473999
752.1,0.00297002318,0.8541634733990408,0.7179086290397374
752.2,0.00297037863,0.8540641048234078,0.717941062842293
752.3,0.002970721515,0.8539426508514201,0.7179503808061035
752.4,0.00297105043,0.8537264652945559,0.7177861320589886
752.5,0.00297136893,0.853334746389765,0.7173550804141747
752.6,0.00297168103,0.8527686690927,0.7166209718924399
752.7,0.00297198926,0.8521168011834508,0.7158563208069267
752.8,0.00297229636,0.8514189466409383,0.7153498646552415
752.9,0.002972605895,0.850636520424191,0.715006036188862
753.0,0.002972920275,0.8498298411121582,0.7143658361547282
753.1,0.00297324183,0.8491755039110832,0.713625299934424
753.2,0.002973574745,0.8487209720027764,0.7133221927920204
753.3,0.002973921825,0.8483593558387924,0.7131544191779481
753.4,0.002974284285,0.8480482690510487,0.712902991234696
753.5,0.00297466465,0.8478305629633401,0.7127136285959083
753.6,0.0029750648,0.8477244776626138,0.7123692974747041
753.7,0.002975486085,0.8476626008537087,0.711942983351612
753.8,0.002975928755,0.8475318791833929,0.711637086474932
753.9,0.00297639323,0.8472747838069937,0.711386745522738
754.0,0.002976878625,0.8469471910914479,0.7112237157135726
754.1,0.00297738511,0.8466420356306341,0.7114509031279096
754.2,0.00297791321,0.8464173363576788,0.7122887973045485
754.3,0.002978461765,0.8462959389343587,0.7132426288164756
754.4,0.002979026915,0.8462873498200437,0.7139760964533092
754.5,0.002979603665,0.846386680696565,0.7147239086021991
754.6,0.002980188235,0.846506174314737,0.7155000956159362
754.7,0.002980778305,0.8465188286499457,0.7161187694572076
754.8,0.002981370015,0.8464019865359732,0.7165342011033476
754.9,0.002981959745,0.8462532823893082,0.716598760832379
755.0,0.0029825433,0.8461827473510499,0.7162282539611852
755.1,0.002983118235,0.8462119264636165,0.7156115530401003
755.2,0.002983683815,0.84629034061625,0.7147881981542622
755.3,0.002984237935,0.8463538007878526,0.7138896838057796
755.4,0.00298477901,0.8463566282212407,0.7130277878612672
755.5,0.00298530741,0.8463247536221774,0.7124419562295964
755.6,0.00298582359,0.8463735362729023,0.7120651661730953
755.7,0.002986328955,0.8466320893482929,0.7117798530114817
755.8,0.00298682357,0.8471433458535528,0.7116372498377499
755.9,0.00298730591,0.8478665341992239,0.7114050861406497
756.0,0.002987773395,0.8487024994379735,0.7109761519292844
756.1,0.00298822165,0.8495647032585658,0.7104636325037778
756.2,0.00298864583,0.8503764091188445,0.7097557625638856
756.3,0.002989041315,0.8511015264024048,0.7087927890173367
756.4,0.002989405975,0.8518189216512227,0.7077818433509674
756.5,0.002989738825,0.8526314317592206,0.7069472855457266
756.6,0.002990037485,0.8534924229250488,0.7063549822331894
756.7,0.00299030106,0.8542958726798338,0.7058694239558359
756.8,0.00299052993,0.8550845695155174,0.7055868439798307
756.9,0.002990725915,0.8559053482953796,0.7057073743235783
757.0,0.002990891505,0.8565933696528863,0.7059922476622206
757.1,0.00299102886,0.8570623277546583,0.7063013803793339
757.2,0.002991138755,0.8573909257798532,0.7068436883863818
757.3,0.00299122188,0.857592949037035,0.7074803572703731
757.4,0.00299127975,0.8575380214310796,0.7079588281147
757.5,0.00299131555,0.8572332869436813,0.7084022136522717
757.6,0.00299133387,0.8568757234342204,0.7088281445010601
757.7,0.002991342375,0.8564502512579594,0.7091783566837118
757.8,0.002991350485,0.8558829864388714,0.7096816146940755
757.9,0.002991365985,0.8554340528486734,0.7105164238267286
758.0,0.002991392985,0.8553938027635954,0.7115529923227807
758.1,0.002991434035,0.8557229474259122,0.712557026485312
758.2,0.00299149263,0.8562072553493896,0.7137315862970803
758.3,0.00299157139,0.85671616822653,0.715330770055093
758.4,0.00299167275,0.8572862479126355,0.7169602199167304
758.5,0.00299179781,0.8580206454608947,0.7181654291064271
758.6,0.002991947765,0.8589211704286756,0.7191301305289355
758.7,0.00299212476,0.8598913193728454,0.7200987652254462
758.8,0.002992329695,0.8608204328337739,0.7206576671248904
758.9,0.00299256363,0.8616982880689665,0.720642807391639
759.0,0.002992827215,0.8625237226891412,0.7209736422308033
759.1,0.00299311754,0.8632151872321964,0.7218586665804313
759.2,0.002993431325,0.863702831527072,0.7226867024393232
759.3,0.002993764815,0.8640013016787189,0.7230606085137682
759.4,0.00299411759,0.86415156405534,0.7232726471683296
759.5,0.002994488465,0.864272245195535,0.7235509922774377
759.6,0.00299487613,0.8644797788062313,0.723812039777395
759.7,0.00299527901,0.864672534365085,0.7240879532937893
759.8,0.002995694905,0.8646535340127159,0.7244288726453715
759.9,0.00299612031,0.8644788300452498,0.7247187348331476
760.0,0.002996551435,0.8643924111145348,0.7248764113684313
760.1,0.00299698543,0.8645141792457881,0.7249423408318595
760.2,0.002997417015,0.8648538922257912,0.7248658367675593
760.3,0.002997842375,0.8653255520972454,0.7246085780283422
760.4,0.00299825849,0.865773210200826,0.7243538953951009
760.5,0.002998662725,0.8661802098122838,0.7241989897445377
760.6,0.00299905122,0.8666701537529818,0.7239653306493343
760.7,0.002999420485,0.8672837570637103,0.7236581834187782
760.8,0.0029997692,0.8679395456805913,0.7235512373216647
760.9,0.003000094995,0.8685563282830853,0.7237566974812094
761.0,0.003000396085,0.8690608303641398,0.7241513694830947
761.1,0.00300067194,0.8693902389202395,0.7246208051069499
761.2,0.0030009208,0.8695611164278534,0.7250366011778379
761.3,0.003001143405,0.8695693348342353,0.7254927415815832
761.4,0.00300134097,0.8694101629008485,0.7261384205533048
761.5,0.00300151554,0.8691019726615314,0.7267118303276234
761.6,0.00300166923,0.8686753946446563,0.726930541724981
761.7,0.003001802725,0.8682252107005821,0.7267859719142481
761.8,0.00300191855,0.8679049190463635,0.7264028169910309
761.9,0.003002020685,0.8678130965762844,0.7258857673889179
762.0,0.00300211352,0.867860792235951,0.725233805231889
762.1,0.003002199965,0.8678888592247183,0.7244334719370163
762.2,0.003002281285,0.8678500354227052,0.7235372509511709
762.3,0.003002358985,0.8677631515362776,0.7227092402250201
762.4,0.003002434675,0.8676110419031761,0.7220162991334179
762.5,0.00300251162,0.8673521369694083,0.7212309198195763
762.6,0.003002592475,0.8670089368215596,0.7204481291780813
762.7,0.00300267749,0.8666426019854099,0.7196030281878951
762.8,0.00300276744,0.8663571128946075,0.7184711123548067
762.9,0.00300286169,0.8662699713975822,0.7172420459104987
763.0,0.003002963095,0.8663560636026612,0.7163113993523551
763.1,0.003003073975,0.8665103220851377,0.7155591575578237
763.2,0.00300319622,0.8666185373856833,0.7145837056052546
763.3,0.003003331525,0.8665863737600958,0.713527118880814
763.4,0.003003482985,0.8663632013011701,0.7125655087854768
763.5,0.00300365443,0.8659550581499864,0.7119180830882396
763.6,0.00300385118,0.8653654880230578,0.7113475070304947
763.7,0.00300407914,0.8646035324240413,0.7106107470045601
763.8,0.00300434297,0.863800648155934,0.7099372712210394
763.9,0.00300464444,0.8631705954660712,0.7094282640961195
764.0,0.00300498614,0.8627590154125245,0.7093401989708541
764.1,0.003005369335,0.862482297648411,0.7096505003604344
764.2,0.00300579513,0.86234993606673,0.7097336331852337
764.3,0.003006262575,0.8623997805757718,0.7093938133910802
764.4,0.00300677121,0.862545418528007,0.7090071210345352
764.5,0.003007321945,0.8625770794987698,0.7088216099883408
764.6,0.003007913575,0.8625051118942614,0.7088047961844587
764.7,0.003008544765,0.8626739473666506,0.7092613198625077
764.8,0.003009213525,0.8632315989122188,0.7106553010715734
764.9,0.003009915425,0.8638684939908811,0.712564962148355
765.0,0.00301064373,0.8642350738712578,0.7145450388828742
765.1,0.003011394075,0.8642845099732548,0.7165153641137968
765.2,0.003012162085,0.8641991905999685,0.7182000557406549
765.3,0.003012943105,0.8641422209587882,0.7195035088158146
765.4,0.00301373158,0.8641998440512404,0.7202723947682249
765.5,0.003014523805,0.8644405717299145,0.7201617038926682
765.6,0.003015314795,0.8648183482465086,0.7191346104400594
765.7,0.0030161003,0.8652131144961733,0.7180956857495174
765.8,0.00301687691,0.8656292372926973,0.7181534282224904
765.9,0.003017639965,0.8660941113240195,0.7195839524373024
766.0,0.00301838538,0.8665017329708229,0.7215523801462622
766.1,0.003019109775,0.8666540248162982,0.7231896023081246
766.2,0.003019809275,0.866364300858599,0.7244197368939349
766.3,0.003020479755,0.8656301797704933,0.7252405031074264
766.4,0.003021116205,0.8645780289748795,0.7255503206917381
766.5,0.003021715735,0.8632446428049164,0.7255007903419616
766.6,0.003022277405,0.8617350509861988,0.7251551271854725
766.7,0.003022801865,0.8601422823603846,0.724612071479373
766.8,0.003023289065,0.8584495231235921,0.7240359033867046
766.9,0.003023739155,0.8567616082226714,0.7234756443192341
767.0,0.00302415203,0.8552133182656468,0.7229689745392484
767.1,0.00302452716,0.8538144801543389,0.7225004059949655
767.2,0.003024863585,0.8525411423863565,0.7219982789579569
767.3,0.00302516108,0.8513557880622304,0.7215104084684103
767.4,0.0030254181,0.8502197630259511,0.7210835791241229
767.5,0.003025633005,0.8491196024114053,0.7206685935841396
767.6,0.003025805385,0.8480181788766126,0.720346197062843
767.7,0.00302593681,0.8468422116313356,0.7201727245996971
767.8,0.003026028375,0.8455986435953387,0.7200382644341233
767.9,0.00302608192,0.844417021483285,0.719787873216447
768.0,0.003026098655,0.8434948195261944,0.7193626523675983
768.1,0.003026079595,0.8429191163892387,0.7188747818780518
768.2,0.003026025955,0.8425689167729578,0.7181427530906535
768.3,0.00302594032,0.8422653006925442,0.717106542736164
768.4,0.00302582567,0.8419250033763075,0.7159765495577796
768.5,0.003025686185,0.8415558976554371,0.7147948960297996
768.6,0.003025528415,0.8411376951245767,0.7135885495835623
768.7,0.003025355135,0.8405777439331862,0.712352584201787
768.8,0.003025171485,0.8397968193977274,0.7108373500826636
768.9,0.00302498015,0.8389080188537296,0.7092379338467945
769.0,0.00302478445,0.8380984429932701,0.7079874794397008
769.1,0.003024586605,0.83744021650049,0.7069045913015642
769.2,0.003024388875,0.8368927122991929,0.7058773533356935
769.3,0.003024192535,0.8364141283575305,0.7052080244544756
769.4,0.00302399781,0.8360838715714144,0.7052897498457661
769.5,0.00302380756,0.8360768218374999,0.7059936236798029
769.6,0.00302362292,0.8364640356984253,0.7068070574160409
769.7,0.00302344536,0.8371648873203295,0.7076928357479059
769.8,0.003023276515,0.8379473135370765,0.7086424826584183
769.9,0.00302311801,0.8386722925905601,0.7094561865716246
770.0,0.00302297049,0.8393337800565147,0.7100092262591773
770.1,0.00302283519,0.8399885382310053,0.7102694066795622
770.2,0.00302271543,0.8407833548891782,0.7102960034029675
770.3,0.003022614875,0.8416994558733356,0.7101670410245376
770.4,0.003022535265,0.8426295180952456,0.7099798586510515
770.5,0.003022478185,0.8435162577544626,0.7099971751097581
770.6,0.003022448115,0.8443111749436003,0.7103260056128093
770.7,0.003022448135,0.8450051841767048,0.7111275327128903
770.8,0.00302247982,0.8456520883695614,0.7121527349267216
770.9,0.003022545365,0.8464003340582374,0.712957522999977
771.0,0.003022649035,0.84736982326795,0.7135767246288143
771.1,0.003022796055,0.8484446689288934,0.7138791029217222
771.2,0.00302298905,0.8493627553996078,0.7141931679393017
771.3,0.003023228115,0.8499974450802272,0.7145718241018388
771.4,0.00302351209,0.8504255436279465,0.714905279029276
771.5,0.00302383947,0.8506436581227002,0.7154365726124806
771.6,0.003024208145,0.8506344281234839,0.7162568675870741
771.7,0.003024617025,0.850521808310038,0.7175736912805675
771.8,0.00302506242,0.8504720957478875,0.7190911747800309
771.9,0.00302554041,0.8505539405196989,0.7202044609686836
772.0,0.00302604683,0.8507698558995946,0.7207754705662147
772.1,0.003026579455,0.8511648734766719,0.7210961831938492
772.2,0.00302713732,0.8516316387467715,0.7213115393702527
772.3,0.003027720775,0.8518782223541519,0.7217379163251979
772.4,0.003028326305,0.8517612608596588,0.722626968196608
772.5,0.00302895034,0.8513923373511623,0.723982709939894
772.6,0.003029591775,0.8509942472964701,0.7255951009534224
772.7,0.003030247935,0.850713081037159,0.7272350814336347
772.8,0.003030911505,0.8505594006077307,0.7287617949323144
772.9,0.00303157798,0.8504540190237587,0.7300802836699142
773.0,0.003032244125,0.8502671319599819,0.7312251365815501
773.1,0.00303290483,0.8498861573020664,0.7321047950909259
773.2,0.003033555735,0.8493667703550192,0.7325683747860748
773.3,0.003034193535,0.8489202243752378,0.732551850008717
773.4,0.003034814165,0.8486195236928068,0.7321472191581199
773.5,0.003035414945,0.8483084306218777,0.7316674162785077
773.6,0.003035992745,0.8478918742855677,0.7312719086129766
773.7,0.003036543675,0.847450474234553,0.7309094567853467
773.8,0.00303706309,0.8470597794889673,0.7305496564619164
773.9,0.003037547085,0.8466462139488633,0.730189240386326
774.0,0.0030379934,0.8461090832865085,0.7297775472354436
774.1,0.003038402595,0.8454334523704274,0.7293931105424238
774.2,0.003038774535,0.8446102231482955,0.7291338286175378
774.3,0.00303910806,0.8436139047373213,0.7289088968667261
774.4,0.003039401665,0.8425321475725401,0.7285639876924738
774.5,0.003039654215,0.8415489924347845,0.7280214095084576
774.6,0.00303986651,0.8408211419656155,0.7272664722274294
774.7,0.003040039505,0.8403758023574133,0.7263653817729707
774.8,0.00304017272,0.8401031246814523,0.7254092694647772
774.9,0.00304026788,0.8398871087705915,0.7244223444158373
775.0,0.00304032858,0.8397019181668477,0.7235129978558852
775.1,0.00304035792,0.8395675836649802,0.7228840887057484
775.2,0.003040359045,0.8395462773836034,0.722285257163677
775.3,0.00304033531,0.8396898481678726,0.7216623358891379
775.4,0.00304029238,0.8399532707118761,0.7212132892016043
775.5,0.003040234515,0.8402236110429029,0.7206942855288607
775.6,0.00304016396,0.8404248363355505,0.7199512800167308
775.7,0.003040082985,0.8406024808337403,0.7191416664571595
775.8,0.003039992575,0.8410131812413443,0.7179735469103311
775.9,0.003039894815,0.841888831078494,0.7162477318356375
776.0,0.003039792685,0.8430079794790382,0.7145245933978847
776.1,0.003039690705,0.844092369298463,0.7127874497400822
776.2,0.003039591965,0.8451791090291928,0.710974260690507
776.3,0.003039499685,0.8463522488410816,0.709225920396487
776.4,0.00303941872,0.847543339713393,0.7082542697710289
776.5,0.00303935326,0.8485632137860838,0.7082553064966046
776.6,0.00303930864,0.8491857329367632,0.7085638548774843
776.7,0.003039289755,0.8492930874409217,0.7089805431606858
776.8,0.003039298445,0.8489496548152167,0.7094841404630562
776.9,0.00303934422,0.8483816988457447,0.7098515057415965
777.0,0.003039432675,0.8478268998663061,0.7104056324202073
777.1,0.003039564715,0.8473286055723349,0.7112832740270995
777.2,0.003039740195,0.8468865834859749,0.7122304830617125
777.3,0.003039959025,0.8466247443046688,0.71317092510575
777.4,0.003040219965,0.846516912278427,0.7137001326714325
777.5,0.00304052106,0.8466557518241596,0.7142206317422793
777.6,0.003040860455,0.8469987006445961,0.7149528050429396
777.7,0.0030412378,0.8474103875122933,0.7155475902136732
777.8,0.003041650775,0.8479535186166164,0.716040129109903
777.9,0.003042097595,0.8486145536932288,0.716690702682979
778.0,0.003042575865,0.8494864147696384,0.7176200486217639
778.1,0.003043082925,0.8506567711304361,0.7190134643441518
778.2,0.00304361558,0.8520295465890898,0.720884333034847
778.3,0.003044170485,0.853464406201764,0.722857265787672
778.4,0.00304474544,0.8548503889159335,0.7247587147412572
778.5,0.003045335735,0.8561044184554669,0.7265698177733104
778.6,0.003045936655,0.8572160333168278,0.7282355593132822
778.7,0.00304654254,0.8582082550909818,0.7296602338825734
778.8,0.00304714791,0.8590214751989195,0.7308429806847968
778.9,0.00304774857,0.8596000309020045,0.7318947859052186
779.0,0.003048341945,0.8600149221942082,0.7327744004322972
779.1,0.003048925325,0.8604160218946627,0.7333951979902025
779.2,0.003049497195,0.8608961200839842,0.7338468270668973
779.3,0.0030500552,0.861465954725863,0.7341884375688633
779.4,0.00305059563,0.8620450068005873,0.7345312230264819
779.5,0.0030511193,0.8624934565855167,0.7350597268754099
779.6,0.0030516269,0.8627447588650625,0.7357326434554382
779.7,0.003052117245,0.8628257239909309,0.7364906720636376
779.8,0.003052586845,0.8627942892148391,0.7373229365062414
779.9,0.00305303319,0.8626925832942718,0.7380826615744737
780.0,0.00305345537,0.8625646262254911,0.7386587794016596
780.1,0.00305385257,0.8624469358815022,0.7390341368919104
780.2,0.003054222725,0.862341918722278,0.739157180509781
780.3,0.003054564845,0.862199309265361,0.7390439323778043
780.4,0.00305488047,0.8619573061000697,0.7387582485082576
780.5,0.00305516877,0.8615820554239689,0.738315214829063
780.6,0.003055434265,0.861071659715096,0.7377607237257043
780.7,0.003055681995,0.8604521250774377,0.7372856332350727
780.8,0.00305591634,0.8596888311599509,0.7369643676871311
780.9,0.00305613961,0.8587238909764007,0.7367353581490551
781.0,0.00305635208,0.8575867098340249,0.736577958073925
781.1,0.00305655273,0.8564104221462973,0.73629711854025
781.2,0.003056740535,0.855322036221017,0.7357170988549883
781.3,0.003056915185,0.8543690403727359,0.7350758809448347
781.4,0.003057077225,0.8534839846071811,0.7345625447052381
781.5,0.003057224755,0.8526070090179315,0.733891085824201
781.6,0.003057359635,0.8518162324479113,0.732657947875814
781.7,0.00305747979,0.8512754575380781,0.7308920837779723
781.8,0.00305758356,0.8511160154277231,0.7289433098726535
781.9,0.00305767352,0.8513289965600807,0.7272856485089869
782.0,0.003057748635,0.851763968912526,0.72608114931923
782.1,0.003057811565,0.8522961547080442,0.7249432581769144
782.2,0.003057864045,0.8529832210213842,0.7237597134101569
782.3,0.00305790544,0.8539101353674552,0.7225837650144358
782.4,0.003057936135,0.8549897813819732,0.7215374387316018
782.5,0.003057953815,0.8560380994345497,0.7206086645626797
782.6,0.00305795628,0.8569105511303781,0.7195318522647353
782.7,0.003057942215,0.857520579308667,0.7181686146813778
782.8,0.00305791205,0.8578873916669001,0.7165976487085796
782.9,0.003057867105,0.8581250154520322,0.714909162037796
783.0,0.003057809535,0.8582942970305782,0.7133557198688195
783.1,0.00305774008,0.8583484329551849,0.712398382339491
783.2,0.00305765865,0.8582399663272271,0.7117101410704985
783.3,0.00305756176,0.8579966876753184,0.7110816403274066
783.4,0.003057450005,0.8576665502697233,0.7107577232752657
783.5,0.003057325725,0.8572758806568788,0.7108939050336135
783.6,0.003057190545,0.8568004760069816,0.7112693504884586
783.7,0.003057046135,0.8562570056106519,0.7116552008981726
783.8,0.00305689494,0.8557258565407094,0.7119781126406645
783.9,0.003056738735,0.8552714188801823,0.7121317302382396
784.0,0.003056578965,0.8549594147473837,0.7120120921068057
784.1,0.00305641598,0.8548174084762562,0.711701847265893
784.2,0.003056250535,0.8548065511320453,0.7117020420446375
784.3,0.003056083815,0.8549325101478983,0.7118569162792743
784.4,0.00305591772,0.8552007079127354,0.7119753731718704
784.5,0.00305575466,0.8554317783355921,0.7124200781783567
784.6,0.003055596615,0.8554666374476764,0.7135393648089777
784.7,0.003055443075,0.8555365190346628,0.7152407194432705
784.8,0.003055294045,0.8559681612988954,0.7170695096419636
784.9,0.003055153625,0.8566716644249991,0.7187872508235374
785.0,0.003055024065,0.8573639834812561,0.7201518895572184
785.1,0.00305490825,0.8579510466172471,0.7209542020554628
785.2,0.00305480782,0.8584279592316179,0.7216593199601905
785.3,0.00305472425,0.8587107214199969,0.7227061551810343
785.4,0.003054658935,0.8588819633523587,0.7239393433949038
785.5,0.00305461587,0.8592395457113757,0.7249068157021328
785.6,0.003054596915,0.8598969930891777,0.7253852174314214
785.7,0.0030546035,0.8606921804552837,0.7255054021999771
785.8,0.00305463572,0.8614600862307861,0.7256688969648553
785.9,0.003054693275,0.8621407122791862,0.7258100927050781
786.0,0.003054775345,0.8627435901925955,0.7258653533198548
786.1,0.003054880945,0.8632974215614967,0.7260571287018006
786.2,0.003055008295,0.8638066862970142,0.7265463123770763
786.3,0.00305515417,0.8642576744888077,0.7273076459407473
786.4,0.00305531813,0.864671635869586,0.7281333130387784
786.5,0.003055500895,0.8650641715884667,0.7291121202123015
786.6,0.00305570133,0.8654066617363757,0.7303194028531496
786.7,0.003055918245,0.865633981097604,0.7313596470126061
786.8,0.003056148835,0.8658601883350332,0.7320946100475428
786.9,0.00305639171,0.8663511752844921,0.7328451302493002
787.0,0.00305664457,0.8671407203501923,0.7335793078860735
787.1,0.003056903815,0.8681040520383039,0.7340458406783169
787.2,0.003057165215,0.8691370077028041,0.7342951700376764
787.3,0.003057424815,0.870137227971854,0.734357241625326
787.4,0.003057679405,0.8710640732028868,0.73415737978389
787.5,0.003057926775,0.8718599077370794,0.733863043968175
787.6,0.003058163185,0.8724202547691443,0.7337595913220925
787.7,0.00305838528,0.8727295382827048,0.7339049025486916
787.8,0.003058590005,0.8728626349970668,0.7341564750052058
787.9,0.00305877456,0.8728743280049235,0.7344785448008665
788.0,0.003058936495,0.8728617930502358,0.7347591455734998
788.1,0.00305907188,0.8729024075600613,0.7348435978672135
788.2,0.003059178515,0.8729846984380294,0.7347464472559939
788.3,0.003059256215,0.8730744914392545,0.7343760974644328
788.4,0.003059303375,0.8730858325887338,0.7336033787689853
788.5,0.003059318715,0.8729094887099025,0.732458130016675
788.6,0.003059301535,0.8725352370602657,0.7310249103153662
788.7,0.00305925214,0.872019236750099,0.7294470139891741
788.8,0.003059171325,0.8714384002507473,0.727962429247979
788.9,0.00305906225,0.8708193117192456,0.7266850765245854
789.0,0.00305892996,0.8701221671766728,0.725525872817708
789.1,0.003058780005,0.8693457728178204,0.7244506313160902
789.2,0.00305861549,0.8684830663424036,0.7237641179230572
789.3,0.003058441025,0.8677223673804486,0.72336654308956
789.4,0.003058260665,0.8672377327313352,0.7226555692561262
789.5,0.00305807879,0.8670411381462589,0.7216746949146371
789.6,0.00305789827,0.8671256532718258,0.7208499577280314
789.7,0.003057722195,0.8673993048415094,0.7203288617545804
789.8,0.00305755291,0.8676790511009409,0.7201460776108093
789.9,0.003057392585,0.8678533969268445,0.7201649397331015
790.0,0.003057241685,0.8679343557695275,0.7201598943352998
790.1,0.003057100945,0.8680283773544641,0.7202567684863659
790.2,0.003056972085,0.8682188144179395,0.7205722974861218
790.3,0.003056855765,0.8684331213023968,0.7211460716851881
790.4,0.00305675171,0.86854077739945,0.7220147409034616
790.5,0.00305665942,0.8684758532456709,0.723074839928489
790.6,0.003056577965,0.8683310886561935,0.7242140819556455
790.7,0.00305650634,0.8682317577796722,0.7252960653150978
790.8,0.003056446115,0.8681063768168675,0.7260721894969819
790.9,0.003056398335,0.8678268818848482,0.7266165898047372
791.0,0.00305636274,0.8674119591767181,0.727002848621496
791.1,0.003056337855,0.8669270732001922,0.7271984253305526
791.2,0.003056321325,0.8663630693542786,0.7272269761245884
791.3,0.00305631225,0.8657322061335113,0.7274678169005979
791.4,0.003056310195,0.8651565029965557,0.7276300487452292
791.5,0.00305631633,0.8647418253326524,0.727599116623962
791.6,0.00305633139,0.8644867091596251,0.7277963081116425
791.7,0.00305635471,0.8643077200597795,0.7281788221499583
791.8,0.00305638762,0.8641607123731473,0.7285909362742563
791.9,0.00305643078,0.8640811483976025,0.7287813356386197
792.0,0.0030564865,0.8640760841502448,0.7285560960117279
792.1,0.003056554815,0.8640602630896415,0.7283825858494701
792.2,0.003056634455,0.8639340338968202,0.7282951364763648
792.3,0.00305672416,0.8636620725039843,0.7281233730396225
792.4,0.00305682694,0.8632250329835728,0.7281846089636262
792.5,0.003056939725,0.8626290163085191,0.7288536928006172
792.6,0.00305705748,0.8619802397264409,0.7299170339492631
792.7,0.003057178045,0.861496371625935,0.7310852980093535
792.8,0.00305729847,0.861327705799549,0.7323414072832236
792.9,0.003057415585,0.8614576169389602,0.733608097441151
793.0,0.003057524905,0.8618068929270012,0.734689257703328
793.1,0.003057620585,0.8622577428887177,0.7355336486935745
793.2,0.0030576975,0.8626449190505315,0.7360616373213075
793.3,0.003057752265,0.8629351896453525,0.7361947340356695
793.4,0.00305778216,0.8633250361609219,0.7361377706776746
793.5,0.003057786255,0.8638035195716195,0.7360891828056941
793.6,0.00305776348,0.8643079148385239,0.7359272965362547
793.7,0.00305771369,0.865183715472121,0.7355244375439142
793.8,0.00305763714,0.8662091438806233,0.735022253958238
793.9,0.003057533885,0.8669636413386802,0.7347061280558778
794.0,0.00305740502,0.8674984472224714,0.7347166712408232
794.1,0.00305725143,0.8678693939166365,0.7349097032598304
794.2,0.00305707493,0.8680646439000572,0.7350708920957009
794.3,0.003056874625,0.8681150538957767,0.7351398563376325
794.4,0.00305664985,0.8680608300065757,0.7350141612155623
794.5,0.00305640277,0.8679110388688526,0.73455890045776
794.6,0.003056136475,0.8676779452603269,0.7338703764454286
794.7,0.00305585403,0.8674043251065698,0.7330986504932595
794.8,0.00305555838,0.8671153802638486,0.7322062811000074
794.9,0.00305525084,0.8668097221482102,0.7312633886137002
795.0,0.003054932285,0.8664578763373787,0.7305316174368995
795.1,0.003054605025,0.866054030884945,0.7301926144568359
795.2,0.00305427111,0.8656264475584209,0.7302382806476485
795.3,0.003053931215,0.8652336919280543,0.730294376926071
795.4,0.003053586275,0.8649567291197138,0.7299351672220595
795.5,0.003053238305,0.8647979278942602,0.7293556501916225
795.6,0.00305288896,0.8647141541845595,0.7290387703070255
795.7,0.003052538695,0.8646935516199373,0.7289382707580371
795.8,0.003052187175,0.8647761315244296,0.7286875842306513
795.9,0.003051833115,0.8649846515952191,0.7282536863028934
796.0,0.00305147583,0.8652634616600398,0.7279160090749297
796.1,0.003051115095,0.8655305284515215,0.7276737420158554
796.2,0.00305074873,0.865737006487086,0.7272979949681154
796.3,0.00305037387,0.8658742375373801,0.7269237181857374
796.4,0.003049989555,0.8659701377947235,0.7267275759900031
796.5,0.00304959376,0.8660673135386844,0.7265973569745119
796.6,0.00304918413,0.86614699689475,0.7264766255688344
796.7,0.003048757295,0.8661464565408136,0.726490404594213
796.8,0.003048307975,0.8660311726567975,0.7266025657351315
796.9,0.003047832945,0.8658220494002187,0.7267118114780675
797.0,0.00304733226,0.8655334689822451,0.7267591992616542
797.1,0.00304680556,0.8651617745890283,0.7266234133439807
797.2,0.003046252475,0.864711483830804,0.7261876367438159
797.3,0.00304567365,0.8641646330807791,0.7254027412352432
797.4,0.003045071225,0.8634671680957556,0.7243249047780936
797.5,0.00304444698,0.8626055737441379,0.7232280742517605
797.6,0.00304380285,0.861653300462167,0.722329786097949
797.7,0.00304314166,0.8606941219595436,0.7217751379149577
797.8,0.003042466115,0.8597293514219968,0.7215550379336472
797.9,0.00304177851,0.8586897230147003,0.7215724926224305
798.0,0.003041080265,0.8575096779821589,0.7215936606737303
798.1,0.003040370595,0.8561857228733419,0.7214883921870939
798.2,0.003039649905,0.8548084423708229,0.721201602476933
798.3,0.0030389182,0.8535046562868419,0.7206275266849719
798.4,0.003038178015,0.8523288775371239,0.7199378025842469
798.5,0.003037431235,0.8512746470071736,0.719405252363981
798.6,0.003036678135,0.8503278149636787,0.7188763966566757
798.7,0.003035920675,0.84948696140676,0.718235115914669
798.8,0.00303516255,0.8487891382801741,0.7176757930418092
798.9,0.003034409145,0.8482581777057909,0.7174130993473014
799.0,0.003033663545,0.8478627265889276,0.7172225114873786
799.1,0.003032928515,0.84754440157171,0.7169136489472336
799.2,0.00303220599,0.8472631473478046,0.7166803102944809
799.3,0.003031498635,0.8469805987877262,0.7167260958658144
799.4,0.003030808065,0.8466626193457004,0.7169396676175906
799.5,0.00303013623,0.8462862188466885,0.7170792611455603
799.6,0.003029485615,0.8458419348136179,0.7170071867269016
799.7,0.003028857685,0.8453772429946694,0.7168552027575062
799.8,0.00302825331,0.8449860581606298,0.7167579201993952
799.9,0.00302767234,0.8447257080942415,0.7164895088062578
800.0,0.003027113755,0.8445955958929003,0.7159545269932779
800.1,0.003026577255,0.8445417866939298,0.7153904226163994
800.2,0.00302606169,0.8444696243106767,0.7150765272448233
800.3,0.003025566985,0.8442873239721743,0.7150856127307774
800.4,0.00302509003,0.8440158715173482,0.7152423405050797
800.5,0.00302462812,0.8437500739292985,0.7154705646449925
800.6,0.003024179145,0.843546643238608,0.7159848559287557
800.7,0.003023741785,0.8433799063501114,0.7168586710757958
800.8,0.00302331444,0.8432032922943119,0.7177321846299412
800.9,0.00302289553,0.8430262761146528,0.7183918059898595
801.0,0.00302248351,0.84291259444289,0.7189906186823749
801.1,0.003022076595,0.8429289558574298,0.7195792211987662
801.2,0.003021674845,0.8430750461990071,0.7200024565610578
801.3,0.00302127549,0.8433023906929767,0.72021174946364
801.4,0.00302087984,0.8434644277588635,0.720340491930584
801.5,0.003020489425,0.8433188966207786,0.7207082718993545
801.6,0.003020104445,0.8429386068300616,0.7212790804349558
801.7,0.003019723705,0.8428510380764355,0.7217357800421935
801.8,0.003019346955,0.843238352468326,0.7221322490350764
801.9,0.00301897412,0.8437841476432194,0.722541981832143
802.0,0.003018603845,0.8442911190160998,0.7229306659584305
802.1,0.003018235185,0.8447971793271107,0.723156659567559
802.2,0.003017866545,0.8454254790082727,0.7230329059497489
802.3,0.003017495885,0.8462360224792694,0.7225776451919466
802.4,0.003017121625,0.84719207195561,0.7219502879885806
802.5,0.00301674161,0.8482412193886467,0.7212899063632401
802.6,0.0030163536,0.8492936152284876,0.7207721781771138
802.7,0.00301595377,0.8502463534661711,0.7203192798969871
802.8,0.003015537725,0.8510432121595688,0.7196696299521512
802.9,0.003015101075,0.8517037257318009,0.7191136497338748
803.0,0.003014643875,0.8522797304616513,0.7188491904642956
803.1,0.003014166285,0.8527556691822994,0.7185539812858232
803.2,0.00301366819,0.8530333105746531,0.7180844137150763
803.3,0.003013149025,0.8529989541173933,0.7175193857099575
803.4,0.00301260936,0.8526188968045327,0.7167707881629042
803.5,0.00301204937,0.8519733937619997,0.7157723020529991
803.6,0.00301146997,0.851201102323153,0.7147791063851227
803.7,0.003010874425,0.8504366648659404,0.7139397545094924
803.8,0.00301026334,0.8497588159854459,0.7131560465229426
803.9,0.00300963652,0.8491568114347944,0.7121647986425114
804.0,0.00300899272,0.8485653752018296,0.7110054064400746
804.1,0.003008334335,0.8479250557871748,0.7104204921534587
804.2,0.003007663785,0.8472478352252111,0.7105287577194868
804.3,0.00300698206,0.8466314861625034,0.7108163642437375
804.4,0.003006292875,0.8461947231022454,0.7110939867865352
804.5,0.00300560003,0.8460219920549656,0.7113810529568497
804.6,0.003004905625,0.8461285423114049,0.7115629700210485
804.7,0.00300421076,0.846445547859708,0.7115392698460699
804.8,0.00300352016,0.8468733448145326,0.7113053908393806
804.9,0.00300283733,0.8473221967233217,0.710780945928161
805.0,0.00300216497,0.8477065140358206,0.709867081757973
805.1,0.003001504275,0.8479911423302359,0.7088824877707819
805.2,0.003000857295,0.8482025966485637,0.7082684823361938
805.3,0.00300022624,0.8483820946864191,0.7080067751017791
805.4,0.002999611575,0.8485686173254481,0.7079800338651118
805.5,0.002999014295,0.8487666444767744,0.708344986400494
805.6,0.002998434585,0.8489313895955287,0.708856205206642
805.7,0.002997870715,0.8490343270204161,0.7090005613890745
805.8,0.002997322475,0.8490638579913599,0.7087059616795768
805.9,0.002996789735,0.8490020188815667,0.708111522084035
806.0,0.00299627293,0.8488787804849517,0.7071751138449649
806.1,0.00299577154,0.8487920976604538,0.7059944530602634
806.2,0.00299528388,0.848843582080861,0.7046329182201241
806.3,0.00299480898,0.8490596231244629,0.7034304484992214
806.4,0.00299434639,0.8493895531849428,0.7027108290028049
806.5,0.00299389563,0.84979530872571,0.7024776411464995
806.6,0.00299345604,0.8502613577126847,0.7026963965261542
806.7,0.00299302676,0.8507833961639316,0.7033294462954085
806.8,0.00299260583,0.8513761141666991,0.7041734288786101
806.9,0.00299219074,0.8520446011010859,0.7051077196842317
807.0,0.002991779405,0.8527459805105558,0.7060571466832584
807.1,0.002991369475,0.8534130977105455,0.7068531759961957
807.2,0.002990958655,0.8539576048324511,0.7073395133885272
807.3,0.00299054453,0.8542878553353818,0.7076502169019673
807.4,0.002990124745,0.8543870542650115,0.7078278614001572
807.5,0.002989697075,0.8543152374569504,0.7076369782305251
807.6,0.00298925829,0.8541295316320114,0.7072009628693187
807.7,0.00298880788,0.853810333252036,0.7070360166886346
807.8,0.0029883434,0.8533099278078017,0.707274237376371
807.9,0.00298786175,0.8526696209595176,0.7075472417779679
808.0,0.00298736055,0.8520596933121937,0.7077221593737345
808.1,0.002986837195,0.8516432375068486,0.7080260393479308
808.2,0.00298629116,0.8514323926574956,0.7083667890535099
808.3,0.00298572028,0.8513030218720208,0.7084957011664573
808.4,0.00298512308,0.8511241333031401,0.7085554291259873
808.5,0.00298449902,0.8508445504065265,0.708665303187454
808.6,0.00298384724,0.8504248524775628,0.7087073251307884
808.7,0.00298316748,0.8498216415553325,0.7085905269991133
808.8,0.00298246136,0.849042916134731,0.7083545745412728
808.9,0.00298173239,0.8481459160339075,0.7081589287171778
809.0,0.002980983455,0.8472303428373159,0.7079465067883126
809.1,0.002980218135,0.8464125422872893,0.7074965239061684
809.2,0.002979440055,0.8457489688038128,0.7068973656384611
809.3,0.00297865216,0.8452450510589916,0.7063906141770664
809.4,0.00297785791,0.8449239363074976,0.7059294912073725
809.5,0.00297706152,0.8448154194140575,0.7054017350574959
809.6,0.002976264635,0.8449262233869494,0.7051170753471542
809.7,0.002975468035,0.8452002770804927,0.705129365257615
809.8,0.002974671195,0.8455586197049318,0.7050324848233636
809.9,0.0029738746,0.8459241628597329,0.7047357111317496
810.0,0.00297308076,0.8462324096477177,0.7043534609872166
810.1,0.002972290915,0.8464895804223408,0.7039322048282968
810.2,0.002971507125,0.8467941892460328,0.7034807328312348
810.3,0.002970731085,0.8471927379732525,0.7030268418078294
810.4,0.00296996449,0.8476322530686751,0.7025433946807391
810.5,0.002969208075,0.8480678160405393,0.7017800190818433
810.6,0.002968459815,0.8484887643233792,0.7007041681112509
810.7,0.002967718765,0.848891755262611,0.699706322886247
810.8,0.002966987525,0.8493008911570733,0.6989897444515192
810.9,0.0029662678,0.8497530668708898,0.6985668483812342
811.0,0.002965560095,0.8501929086919483,0.6980992348811179
811.1,0.002964864895,0.8505101844172197,0.6975883365174205
811.2,0.0029641844,0.8506621306875031,0.6972759993758006
811.3,0.00296352025,0.8506407364415323,0.6973840198976017
811.4,0.00296287195,0.8504257823889882,0.697628680850278
811.5,0.00296223845,0.849989402603034,0.6975584474049142
811.6,0.00296161813,0.849380781858254,0.6968901992315691
811.7,0.002961011165,0.8487365103200412,0.6959489403734418
811.8,0.002960420085,0.8481582939089627,0.6951983196407197
811.9,0.002959847275,0.8476746205872012,0.6948908896668247
812.0,0.002959291895,0.8472641589406392,0.6952812199876626
812.1,0.00295875269,0.8468744129560348,0.6963610042322572
812.2,0.00295822868,0.8464681736099992,0.6980178299322781
812.3,0.00295772007,0.8460330127619946,0.6998940456136696
812.4,0.002957226235,0.8455814967826353,0.7016961511243631
812.5,0.002956747585,0.8451509666422019,0.7034074583241825
812.6,0.002956283565,0.8447909526904712,0.7049229877530153
812.7,0.00295583114,0.8445233392618678,0.7060992000425194
812.8,0.00295538917,0.8443314319330306,0.7068587617479337
812.9,0.002954957735,0.8442011375193157,0.707391399932794
813.0,0.002954534925,0.8441235527471427,0.7078814318380863
813.1,0.00295411811,0.8440632278850083,0.7083807565744478
813.2,0.002953704015,0.8439997551470353,0.7088458819331823
813.3,0.002953291525,0.8439074677212434,0.7091566922607726
813.4,0.002952877875,0.8437302379132837,0.7093708671983384
813.5,0.00295245985,0.8434594514761002,0.7096377140783343
813.6,0.002952035615,0.843148905042293,0.7098695196338721
813.7,0.002951601015,0.8429107848855214,0.709905987241395
813.8,0.002951154785,0.8428136908229695,0.7097147019479032
813.9,0.00295069948,0.8428403880773399,0.7093686618002956
814.0,0.00295023746,0.8429688289513891,0.7089349523680969
814.1,0.002949767505,0.8431991391088237,0.7083345060474017
814.2,0.00294928946,0.843479570235454,0.7075478198310162
814.3,0.00294880576,0.8437140775606738,0.7066589313224242
814.4,0.00294831793,0.8438646855124868,0.7059090897046801
814.5,0.00294782718,0.843954585327862,0.7054095136409062
814.6,0.00294733277,0.843992711696306,0.7050720374748723
814.7,0.00294683213,0.8439734223174128,0.7047844812161039
814.8,0.00294632319,0.8439302694007231,0.7044525719522522
814.9,0.002945806385,0.8438861928557932,0.7040280108378607
815.0,0.002945281945,0.8437864661385978,0.7035306904376122
815.1,0.002944750295,0.8434994251010246,0.7029593478312597
815.2,0.00294421188,0.8428742670125161,0.7020877192327065
815.3,0.002943667365,0.8418697616110866,0.7007374438606376
815.4,0.00294311675,0.8404731665969334,0.6991769770904879
815.5,0.002942561635,0.838893441863817,0.6976765775718745
815.6,0.00294200447,0.8378150336368044,0.6965261954571684
815.7,0.00294144498,0.8370148699879352,0.6958432383470191
815.8,0.00294088159,0.83599623370275,0.6953301031693524
815.9,0.00294031659,0.834985438832828,0.6947597156071667
816.0,0.00293975103,0.8341896985464149,0.6945387736790251
816.1,0.00293918273,0.8336885956686115,0.6948128399389388
816.2,0.00293861033,0.8335395585131252,0.6950807486772517
816.3,0.002938035475,0.8336412770000631,0.6949762278896667
816.4,0.00293745786,0.8338030313226111,0.694501445275115
816.5,0.002936875975,0.8338525553892022,0.6937326095881873
816.6,0.002936287165,0.8337729976968428,0.6926596300332802
816.7,0.00293569122,0.8336931949602564,0.6916089432198431
816.8,0.002935087785,0.8336985796500646,0.6910857235297583
816.9,0.002934477915,0.8337206273473073,0.6910382729143184
817.0,0.0029338625,0.8336742574397404,0.691288419087768
817.1,0.002933242985,0.8335665447940195,0.691939300536924
817.2,0.002932621975,0.8334075362234507,0.6928057894898959
817.3,0.002932000575,0.8331779360659557,0.69358334623803
817.4,0.002931379995,0.8328983468861567,0.6941575916759943
817.5,0.002930761375,0.8326683069056904,0.6945002451867214
817.6,0.00293014562,0.8325607953218993,0.6947553613597488
817.7,0.00292953314,0.8325697614273326,0.6950761054033097
817.8,0.002928925885,0.8325973446108311,0.6955902207578843
817.9,0.00292832506,0.8325777913381551,0.6964322995359379
818.0,0.00292773242,0.8325975582391316,0.6974287373274328
818.1,0.00292714885,0.8327837478693393,0.6983517937977253
818.2,0.002926576745,0.8330956012056905,0.6993001840711763
818.3,0.00292601745,0.8333924565787135,0.7004048497295875
818.4,0.00292546982,0.8337039706230581,0.701659740065508
818.5,0.00292493271,0.834128274126852,0.7029391222577559
818.6,0.002924405345,0.8347086582368614,0.7040320320764574
818.7,0.0029238864,0.8355129310889217,0.704901995630904
818.8,0.002923374765,0.8364684527776963,0.7056432481343333
818.9,0.002922869285,0.8373832154433833,0.706226151801651
819.0,0.00292236971,0.8381253978582379,0.7065367862000527
819.1,0.002921874745,0.8387291491344048,0.706671529108965
819.2,0.002921384525,0.8393229604114157,0.7068370784754386
819.3,0.002920901065,0.8400253074314229,0.7069246283795089
819.4,0.00292042661,0.8406919596756999,0.7067744728170379
819.5,0.002919961965,0.8410076708878298,0.7065673601797573
819.6,0.002919507415,0.8410204069044476,0.7065382564654146
819.7,0.002919063175,0.8409865782347535,0.7065973749559697
819.8,0.00291862794,0.8409106019580191,0.7065384638105296
819.9,0.002918201905,0.840678519942328,0.7064046759457838
820.0,0.002917785575,0.8402826415688638,0.70632758754525
820.1,0.002917378715,0.8397824937352268,0.7062288158722212
820.2,0.002916981135,0.8391982203335123,0.7060121088109766
820.3,0.00291659353,0.8385185493292787,0.7056110342432633
820.4,0.00291621483,0.83778937310801,0.7049673784572106
820.5,0.002915844265,0.8371034503343957,0.7040265845547959
820.6,0.002915481075,0.8365354503826268,0.7027013162602498
820.7,0.002915123795,0.8360853104208498,0.7008973949090026
820.8,0.00291477061,0.8356827844373307,0.6985118328106845
820.9,0.002914420955,0.8352738181888716,0.6961940537154603
821.0,0.002914075105,0.8348605039761801,0.6947720118008128
821.1,0.00291372982,0.8345231409074816,0.6943946688240048
821.2,0.00291338356,0.8343582387090948,0.6947947129493277
821.3,0.002913034745,0.8344329897646942,0.6955363487270605
821.4,0.002912682485,0.8347463384991486,0.6962997117595857
821.5,0.002912325315,0.8352646761542497,0.6968415108286239
821.6,0.00291196188,0.8360031452065877,0.6969805891353983
821.7,0.002911591205,0.8369659805230599,0.6968871518866951
821.8,0.00291121267,0.8380569676870574,0.6966826530545024
821.9,0.00291082537,0.8391760595389339,0.6962920085743991
822.0,0.002910428975,0.8402682090922131,0.6956219822596121
822.1,0.00291002218,0.8413146673219386,0.695004602754514
822.2,0.00290960444,0.8423089625472439,0.6948039115326173
822.3,0.00290917556,0.8432221544166041,0.6950447523086268
822.4,0.00290873567,0.8440183282428033,0.6955918795188054
822.5,0.002908284905,0.8446565804894919,0.6962344483138001
822.6,0.00290782244,0.8451309923961104,0.6969041793188776
822.7,0.002907349695,0.8454470931657293,0.6976327586375423
822.8,0.002906868395,0.8455729705001734,0.6983645046816017
822.9,0.002906377815,0.8454319381227684,0.6990622775427052
823.0,0.00290587688,0.8449732907280856,0.6996996815593773
823.1,0.00290536355,0.8442902582197128,0.7000920224995135
823.2,0.002904836335,0.8435690113783016,0.7002052015164518
823.3,0.00290429413,0.8429037288684215,0.7003888276070541
823.4,0.00290373735,0.8422911936991951,0.7008800972998519
823.5,0.00290316886,0.8418122264832287,0.7015383614917439
823.6,0.00290259021,0.8415053682791968,0.7021836571891618
823.7,0.002902001285,0.8412357505144805,0.7028387483724737
823.8,0.00290140379,0.8407725917927471,0.7036334393669404
823.9,0.00290080134,0.8399651836312185,0.704544469820555
824.0,0.00290019592,0.8391961782982875,0.7052935763056182
824.1,0.002899589485,0.8392070042265717,0.7056556448589444
824.2,0.002898984565,0.8399526172606042,0.7057049238813086
824.3,0.002898383565,0.8407150252489627,0.7056447875147336
824.4,0.002897788935,0.8411144976044226,0.7054700835472675
824.5,0.00289720201,0.8411934081286954,0.7051905948984335
824.6,0.00289662574,0.8411823874216665,0.7050098716394431
824.7,0.002896062175,0.8412465136109116,0.7051300061425163
824.8,0.00289551582,0.841447895983192,0.7054804068207271
824.9,0.00289498989,0.8419815897431839,0.7058732629820585
825.0,0.00289448639,0.8426166815476629,0.7063578473656895
825.1,0.00289400807,0.8430696426596429,0.7069040886467397
825.2,0.002893556415,0.8433290816641617,0.7072460824230095
825.3,0.002893132725,0.8433020514009701,0.7072812054288766
825.4,0.002892738805,0.843036567972186,0.7071664807483529
825.5,0.00289237693,0.8426488388900653,0.7071546872095313
825.6,0.002892049395,0.8421173002626337,0.707217475080306
825.7,0.002891756135,0.841478985184092,0.7073007964006645
825.8,0.0028914977,0.8408958804548445,0.7073759118810118
825.9,0.002891274975,0.8404968353559854,0.7072123542842805
826.0,0.002891090225,0.840296206965942,0.7071963572944885
826.1,0.002890945085,0.8402545054650582,0.7077859776868994
826.2,0.002890841185,0.8403167592650818,0.708941989535641
826.3,0.002890777805,0.840426237485874,0.7104115763135078
826.4,0.002890754985,0.8405583603065134,0.7118898338870986
826.5,0.00289077352,0.8406556428646246,0.71325949288584
826.6,0.002890833805,0.8406152859653965,0.7146054202936762
826.7,0.00289093622,0.8403762170476435,0.7158438863832038
826.8,0.00289107819,0.8400173780515652,0.7168650045265854
826.9,0.00289125567,0.8397386873672653,0.7176505849023568
827.0,0.00289146511,0.8397591517018108,0.718187885210715
827.1,0.00289170453,0.8401935020189109,0.7185053117324337
827.2,0.002891973735,0.8409896381459983,0.7189698590381199
827.3,0.002892272975,0.8420131564661671,0.7197406990611607
827.4,0.0028926021,0.8431120227445399,0.7209332853315752
827.5,0.002892958685,0.8442212437122986,0.7224794201560394
827.6,0.002893339195,0.8453781540565389,0.7241692765612201
827.7,0.002893741915,0.8466696753628004,0.7258510339405398
827.8,0.00289416606,0.8481234159473225,0.7274617473435913
827.9,0.002894609365,0.8496246197136551,0.7289811157986468
828.0,0.00289506792,0.8510272842848151,0.7302430495852967
828.1,0.002895535315,0.852276431789365,0.7311913141950416
828.2,0.002896007765,0.853395372844794,0.7318731591813914
828.3,0.002896482945,0.8544058158563388,0.7323261014438153
828.4,0.00289696046,0.8553087033017952,0.7325700586797371
828.5,0.002897439975,0.8561651517246462,0.7326411403551173
828.6,0.00289791944,0.856977517319382,0.7324731719623004
828.7,0.00289839705,0.8576517722178808,0.7320437790784078
828.8,0.002898874375,0.8581769019962988,0.7315431411563171
828.9,0.002899353875,0.8586134451450711,0.7311430530486971
829.0,0.002899836865,0.8589578076822016,0.730781518566122
829.1,0.00290032359,0.8591612949215601,0.7303224313484676
829.2,0.002900812825,0.8592146203152622,0.7296931766231388
829.3,0.002901303585,0.8592139417312489,0.7288184692637851
829.4,0.00290179518,0.8592539719048409,0.7276889536074841
829.5,0.002902286695,0.8592544808428508,0.7263638926580529
829.6,0.002902777985,0.8590770499729613,0.7248896123407617
829.7,0.00290327005,0.8587141897382864,0.723296994511395
829.8,0.002903762945,0.8582356120798093,0.7216979615498296
829.9,0.002904256215,0.8576750388530733,0.7200040650564964
830.0,0.00290475021,0.8570209529794106,0.718261687505333
830.1,0.00290524408,0.8562470844610518,0.7168566478901269
830.2,0.00290573638,0.8553300095831717,0.7157986788649187
830.3,0.002906224815,0.8543031863075313,0.7148223723991479
830.4,0.00290670912,0.8532310989649378,0.7138211593868194
830.5,0.00290719023,0.852137014190584,0.7129945623773628
830.6,0.00290766876,0.85099711242897,0.7123738276513106
830.7,0.0029081446,0.8497920728852767,0.7115837736476005
830.8,0.00290861771,0.8485929081198456,0.7106641477964858
830.9,0.00290908961,0.8474827509574759,0.7099527152905245
831.0,0.00290956141,0.8464627009555966,0.7093560765801253
831.1,0.002910034705,0.8454737527209878,0.7085779480621283
831.2,0.002910508675,0.8445679184616224,0.7078008499865216
831.3,0.00291098374,0.8439293771884094,0.7072112170277399
831.4,0.002911459435,0.8435319468681746,0.7065511118625529
831.5,0.00291193483,0.8431984668079959,0.7059395757197905
831.6,0.00291240857,0.8430044420457102,0.7056699768046301
831.7,0.00291287886,0.8430555243422576,0.7060507504006157
831.8,0.002913344765,0.8431746032701992,0.7070302801404491
831.9,0.002913805005,0.8431512298208567,0.7081607005754343
832.0,0.00291425822,0.8429774054993334,0.7091790227013542
832.1,0.00291470369,0.8427438720678362,0.7101432089026676
832.2,0.002915140775,0.8425306458912518,0.7109828875039337
832.3,0.00291556778,0.8423656243123441,0.711652467712564
832.4,0.002915982465,0.8421732583109793,0.7124455753443333
832.5,0.002916382495,0.841813131261913,0.7134771801239926
832.6,0.002916765135,0.8412773766171404,0.71457778056151
832.7,0.002917128565,0.840742055512154,0.7157747085129718
832.8,0.002917470815,0.8404130993453968,0.7170001621257281
832.9,0.002917791015,0.840399910939437,0.7181191974289368
833.0,0.002918086185,0.8406799148094661,0.719115025751457
833.1,0.002918355325,0.8410971057474922,0.7198716406429623
833.2,0.002918598195,0.8413852274929383,0.7203749866179204
833.3,0.00291881614,0.8413713290870388,0.72073947419759
833.4,0.00291901029,0.8411571164503611,0.7208486696750434
833.5,0.002919181015,0.8408802667393562,0.720550639346368
833.6,0.002919331005,0.8404957672144833,0.7199915112522527
833.7,0.002919462315,0.8399823115943658,0.7194521500591138
833.8,0.002919577345,0.8394665877443526,0.7188891515228493
833.9,0.00291967801,0.8391404652941687,0.7181246323842275
834.0,0.0029197648,0.8391219990125509,0.717569833404789
834.1,0.00291983791,0.8393419544805995,0.7172467268835525
834.2,0.00291989815,0.8396600658695166,0.7168576155006642
834.3,0.002919945705,0.8399849002667124,0.7165991315403121
834.4,0.00291997854,0.8402871591790996,0.7168363971838818
834.5,0.002919998145,0.8405655859696167,0.7173265673192508
834.6,0.002920007805,0.8408139854175508,0.7176706973785251
834.7,0.00292000891,0.8411108973392415,0.7177505755133352
834.8,0.00292000124,0.8415049158898547,0.7177074854284986
834.9,0.002919984375,0.8419341265613733,0.7176637607419459
835.0,0.00291995861,0.8423936787347405,0.7174116290819395
835.1,0.002919922885,0.8429237408136248,0.7169629091200419
835.2,0.0029198781,0.8434349030711051,0.716545253226303
835.3,0.00291982444,0.8438357137450354,0.7163065675828539
835.4,0.002919761835,0.8441526250455589,0.7162939635131277
835.5,0.002919690025,0.8443996798918373,0.716302232184992
835.6,0.00291960774,0.8445498480206788,0.7161296833500862
835.7,0.00291951518,0.8445869690794736,0.7158674043458085
835.8,0.002919411925,0.844446043516219,0.7155684001234105
835.9,0.0029192967,0.8440166820482529,0.7151070572422308
836.0,0.0029191672,0.8432671608729594,0.7144780475611292
836.1,0.00291902253,0.8422716718424457,0.7137089479804185
836.2,0.00291886006,0.8410973570749045,0.7127847668199561
836.3,0.002918680665,0.8397845734695637,0.7118014546025677
836.4,0.00291848613,0.8384853238453743,0.7108019757493841
836.5,0.00291827908,0.8372839788146417,0.7096448957591405
836.6,0.00291806118,0.8360799382974121,0.7084208684294488
836.7,0.00291783343,0.834971345648184,0.7071876864987646
836.8,0.002917599525,0.8344384938350233,0.7059792980173024
836.9,0.00291736167,0.8348454306146281,0.7049381616455322
837.0,0.00291712148,0.8359409291056762,0.7041539887032696
837.1,0.00291687987,0.8371054483873234,0.7038251958993302
837.2,0.0029166367,0.8379757700833327,0.7037510291799643
837.3,0.00291639147,0.8387453283365708,0.7037521036046518
837.4,0.002916144265,0.8397562740029401,0.7039979646457217
837.5,0.002915895545,0.8409734840765735,0.7044136916015713
837.6,0.00291564485,0.8420904961941131,0.7047062681254002
837.7,0.002915393345,0.8429741382429736,0.7049207258063048
837.8,0.00291514089,0.8436306431429798,0.7052872177220872
837.9,0.002914888395,0.844058169920836,0.705693293705305
838.0,0.00291463793,0.844321680429434,0.7059327081982497
838.1,0.00291439302,0.8445186457224434,0.7061759051687494
838.2,0.00291415633,0.8446606896926828,0.7066439270759106
838.3,0.002913929345,0.8447534860564846,0.7073045600286634
838.4,0.002913712195,0.8447454310129207,0.7079124959062448
838.5,0.002913504535,0.8444009930775664,0.7084175886067184
838.6,0.00291330483,0.8444887440435666,0.7088876085668073
838.7,0.0029131118,0.8454816821008455,0.7092385056166574
838.8,0.0029129238,0.8462409736292915,0.7096301114241126
838.9,0.00291273932,0.8466350047462754,0.7101598027950639
839.0,0.002912557895,0.8469846263095081,0.7105625424068834
839.1,0.00291237834,0.8471606497458887,0.7108674905225821
839.2,0.0029122004,0.8472774164616375,0.711442791535678
839.3,0.002912024165,0.8476667917383086,0.7125606581664196
839.4,0.002911850995,0.8484027223837826,0.7142684090833551
839.5,0.00291168175,0.8494052988473227,0.7163299410321966
839.6,0.00291151639,0.8506660325455789,0.7184963833261122
839.7,0.00291135538,0.8520811692395737,0.720694926413762
839.8,0.0029112007,0.8534886844297909,0.7228643155215867
839.9,0.00291105486,0.8548443319252974,0.7249324825141126
840.0,0.0029109194,0.8562097686235124,0.7268541696075722
840.1,0.00291079531,0.8576720731896083,0.7286358170669055
840.2,0.00291068348,0.8592329358004326,0.730253485956092
840.3,0.00291058481,0.8607671954046663,0.7315932809750684
840.4,0.00291050307,0.8621159816618171,0.7325136105429375
840.5,0.00291044151,0.8632085647548826,0.7330375151002207
840.6,0.002910400365,0.8640437445954688,0.7332505716308019
840.7,0.002910379075,0.8646377946335215,0.7331738790709424
840.8,0.00291037486,0.8650140003537888,0.7329269624547409
840.9,0.002910384895,0.8652380713082135,0.7324962940842309
841.0,0.002910404965,0.8654318761590133,0.7317856846755448
841.1,0.002910430885,0.8656462395921384,0.7309222493506322
841.2,0.002910460175,0.8658499090438707,0.7300785180948428
841.3,0.002910489755,0.8660230547813806,0.7290992271160511
841.4,0.002910517245,0.8661744355649866,0.727739105992606
841.5,0.002910540195,0.8662946266167275,0.7262849758505948
841.6,0.002910556385,0.8663516465233903,0.7250200072854416
841.7,0.00291056264,0.8663333310382197,0.7238400565006798
841.8,0.00291055575,0.8662589946728506,0.7226701211132976
841.9,0.002910534655,0.8661827545023333,0.7215901609395143
842.0,0.00291049984,0.8661506537085989,0.7206459427011073
842.1,0.002910452035,0.8661420331783575,0.7199225909926182
842.2,0.00291039274,0.866070147255258,0.7195242684600696
842.3,0.00291032426,0.8658860247930164,0.7193075048501572
842.4,0.002910248125,0.8655919088887873,0.7190814295596195
842.5,0.0029101658,0.8652174184781087,0.7189095278928005
842.6,0.002910079565,0.8648235570071281,0.7186871345488528
842.7,0.002909991295,0.86443332093407,0.7183729501507526
842.8,0.002909901885,0.8639661975224077,0.7183246890044082
842.9,0.0029098134,0.8633167800554282,0.7184501265158807
843.0,0.00290972936,0.8625010969388501,0.7184845646545494
843.1,0.002909653035,0.861610549669337,0.7183270766148249
843.2,0.002909586555,0.8606378560351179,0.7177707508213567
843.3,0.00290953125,0.859460826931524,0.7168839671798425
843.4,0.002909489005,0.8580930843043011,0.7161097719358477
843.5,0.00290946084,0.8567952421136207,0.7156710233890328
843.6,0.00290944745,0.8557084960997056,0.7154169690743222
843.7,0.002909448665,0.8546387523852319,0.7151342948505375
843.8,0.00290946411,0.8534127018698712,0.715147558654721
843.9,0.002909493015,0.8520408060571604,0.7155687331322318
844.0,0.002909534655,0.8505185347704929,0.7160328908804291
844.1,0.002909588175,0.8489239063218278,0.7163304122710946
844.2,0.00290965288,0.8474114368042395,0.7163779571343141
844.3,0.00290972799,0.8460781825811678,0.7163984968670832
844.4,0.00290981311,0.8450422235540906,0.7166974445408136
844.5,0.002909908335,0.8443977383875774,0.7168953208956925
844.6,0.002910012765,0.8441094218633868,0.7165635310123616
844.7,0.00291012642,0.8439894884222433,0.71601859035067
844.8,0.00291024796,0.8438539098496851,0.7156207453402046
844.9,0.002910376385,0.8436418649119384,0.7153749534141731
845.0,0.00291051018,0.8434475574063137,0.7154362521700299
845.1,0.00291065049,0.8433937921896403,0.715715721969308
845.2,0.00291079775,0.843541736070883,0.7159363183222577
845.3,0.002910951335,0.8438825423251298,0.7162367928100177
845.4,0.002911111435,0.8444060636081093,0.716908012930013
845.5,0.00291127965,0.845100833106636,0.7177219995865581
845.6,0.00291145744,0.8459359689649252,0.7183133604212993
845.7,0.002911646175,0.8468819402120329,0.7187079633081461
845.8,0.002911846365,0.8479456709181676,0.7188711501969441
845.9,0.002912060265,0.8492015477141814,0.7186089465908903
846.0,0.00291228866,0.8507002067904647,0.7180339220379478
846.1,0.00291253228,0.8523763344357491,0.7171804644113029
846.2,0.002912791015,0.8541013201299823,0.7161761600718034
846.3,0.002913064025,0.8557723521119825,0.7151795966166022
846.4,0.002913349525,0.8573414205628179,0.7141712144898383
846.5,0.00291364514,0.8587969141560409,0.7135293305620422
846.6,0.002913949075,0.8601452103247378,0.7134595180900941
846.7,0.00291425968,0.8613464296917644,0.7136675229396883
846.8,0.00291457621,0.8622922061601276,0.7139258246876664
846.9,0.002914898675,0.8628631906249177,0.7143536907575294
847.0,0.00291522595,0.8629815218538077,0.7149228907976921
847.1,0.00291555743,0.8626416517941717,0.7152924614742752
847.2,0.002915892665,0.8619516952155905,0.7155435187095941
847.3,0.002916230285,0.8610791681215382,0.7158398023127542
847.4,0.0029165708,0.8602073447442405,0.7159150874391048
847.5,0.00291691422,0.8595212397582525,0.7158061621386196
847.6,0.00291725949,0.859101340767359,0.7155371852588045
847.7,0.00291760496,0.8589049283946566,0.7150062435339772
847.8,0.002917950815,0.8588743669813225,0.714123958653143
847.9,0.00291829847,0.8589833048481782,0.7127774092099614
848.0,0.002918649545,0.8591554327096684,0.7112242058020266
848.1,0.002919005045,0.8593011774760538,0.709886741844799
848.2,0.00291936767,0.8593913788843237,0.7091104605832823
848.3,0.0029197416,0.8594400924200102,0.7088110228210981
848.4,0.002920128855,0.8594592310024559,0.7088259139702762
848.5,0.00292052949,0.8594674556920231,0.708939759004857
848.6,0.00292094659,0.8595025535651489,0.7095102596643782
848.7,0.0029213848,0.8595526556847883,0.7105919665636768
848.8,0.002921847175,0.8595973542650637,0.7118880620288419
848.9,0.00292233625,0.8596697239934317,0.713182090326041
849.0,0.00292285386,0.8598223991132109,0.7141418657312685
849.1,0.00292340424,0.8599908324617404,0.714545195962507
849.2,0.002923987725,0.8601538497045351,0.714966803979804
849.3,0.002924605975,0.8604787532167695,0.7161294697217857
849.4,0.002925260675,0.8611747793523576,0.718180175742343
849.5,0.00292595119,0.8621192803341033,0.7209042318827148
849.6,0.002926676615,0.8629683774301451,0.7240943055941348
849.7,0.00292743433,0.8635671964058458,0.7274636385823686
849.8,0.002928221985,0.8639841988483127,0.7306728131771224
849.9,0.0029290357,0.8643386144819348,0.7335544641713689
850.0,0.002929870645,0.86470782073377,0.7360674869668284
850.1,0.00293072162,0.8651109310535228,0.738199547670743
850.2,0.002931583495,0.8655527646443235,0.7399723986706462
850.3,0.002932451945,0.8660248517723784,0.7413928132402992
850.4,0.00293332365,0.8664877905826261,0.7425286560642046
850.5,0.002934195095,0.8668942686897035,0.7435421150046967
850.6,0.002935065405,0.8672240668032921,0.7444766822704719
850.7,0.002935934155,0.867472013861884,0.7453348648524677
850.8,0.002936801815,0.8676188644688834,0.7460702551440053
850.9,0.00293766918,0.8676117204871893,0.7467928528702574
851.0,0.00293853637,0.8673386658201099,0.7477195535880281
851.1,0.002939402635,0.8666514801262489,0.7487313223516726
851.2,0.00294026679,0.8655017765955557,0.7494558238830729
851.3,0.00294112918,0.864019447517886,0.7499317877364623
851.4,0.002941988175,0.8623690306668785,0.7503830084061122
851.5,0.002942840715,0.8606642077142962,0.7506780479385814
851.6,0.00294368293,0.8590696483806696,0.7507094135996348
851.7,0.00294450974,0.8577925846838,0.7505804386548344
851.8,0.002945316975,0.8569046637857454,0.7502949746967732
851.9,0.00294610061,0.8563695374595033,0.7496972427121306
852.0,0.002946857235,0.8562075946413962,0.7487245302283556
852.1,0.00294758534,0.8563500658682365,0.7474943265275069
852.2,0.002948283,0.8564955781567655,0.7463000437970594
852.3,0.002948948645,0.856454580372636,0.7453818630785654
852.4,0.00294958167,0.8563924962186159,0.7445930782782874
852.5,0.00295018061,0.8564853868301971,0.7436758274712189
852.6,0.002950745075,0.8566179808897345,0.7427533302044187
852.7,0.00295127477,0.8568113836166749,0.741835708689417
852.8,0.00295176803,0.8571619413745183,0.740780303203814
852.9,0.002952224765,0.8573833105592609,0.739755697892587
853.0,0.002952644695,0.8573351750766226,0.7387859636386475
853.1,0.002953029415,0.8571313234125165,0.7377109043494038
853.2,0.002953379105,0.8567359162779503,0.7366265333795348
853.3,0.0029536946,0.8561121530565802,0.735569739309979
853.4,0.002953976215,0.8552934288783135,0.7344278960441052
853.5,0.00295422649,0.8541457548164746,0.7332887482647283
853.6,0.00295444813,0.8525521128279028,0.7322603416263904
853.7,0.002954643605,0.85081854430254,0.731198093751988
853.8,0.002954816415,0.8494945200786846,0.7300046906674835
853.9,0.002954970875,0.8486551116543868,0.7288993904073563
854.0,0.00295511383,0.848067973120172,0.7279495173021728
854.1,0.002955250815,0.8475791098873469,0.7270076489750706
854.2,0.002955386645,0.8470950909903936,0.7260693746299642
854.3,0.00295552666,0.8466492864264786,0.7250556517956892
854.4,0.00295567523,0.8462880849527249,0.7239098249903307
854.5,0.0029558366,0.8459748430324207,0.7227604167693471
854.6,0.002956015245,0.8457049676571067,0.721712205530921
854.7,0.002956213385,0.8456256550089741,0.7208618455146326
854.8,0.00295643438,0.8459134688783402,0.7199974865614798
854.9,0.002956680325,0.8465783492643606,0.7189712978875553
855.0,0.00295695524,0.8474827006919935,0.7180652123007776
855.1,0.00295726335,0.848469801670122,0.7177150880827203
855.2,0.0029576086,0.8493514833651667,0.7180428818601958
855.3,0.002957993735,0.8500507139252615,0.7186700254352614
855.4,0.002958421445,0.8506800314824432,0.7197389963179425
855.5,0.0029588937,0.8514051676155596,0.7214809717452462
855.6,0.002959411665,0.8522744211700667,0.7234167143242379
855.7,0.00295997833,0.8532645632098839,0.725277699564445
855.8,0.002960595,0.8543471937374228,0.7272395110792762
855.9,0.00296126022,0.8554918832862407,0.729336473910065
856.0,0.002961974395,0.8566569680545656,0.731408856919932
856.1,0.002962737325,0.8577683441548848,0.7334189170147372
856.2,0.002963548325,0.8586862484132255,0.735349199505697
856.3,0.00296440882,0.8592797895132681,0.7370627435194856
856.4,0.00296531824,0.8595468500215645,0.7386035250700682
856.5,0.002966275065,0.8595591964806932,0.7400817575109178
856.6,0.0029672772,0.8593392095967183,0.7414339681040611
856.7,0.00296832192,0.8587949915013368,0.7425744542019086
856.8,0.002969406125,0.8579238655576082,0.743706533397815
856.9,0.00297052587,0.8568606814885951,0.7449848914308578
857.0,0.00297167649,0.8557027092860378,0.7461894094701707
857.1,0.002972851485,0.8545113356703875,0.7472156546927629
857.2,0.002974043485,0.8533402190441676,0.7482084670863356
857.3,0.00297524672,0.8521088780867784,0.7489192210082838
857.4,0.00297645298,0.8507240074964082,0.7490301443616967
857.5,0.002977656815,0.8493183584122274,0.7487775791619041
857.6,0.00297885217,0.8481676809878117,0.7484159127324376
857.7,0.00298002873,0.8474159983967725,0.7479261949864107
857.8,0.00298117898,0.8470168841828751,0.7472873269875618
857.9,0.0029822955,0.8469417247202305,0.7465374853698178
858.0,0.002983373765,0.8472107141664162,0.7460544529329577
858.1,0.00298441041,0.8478074282750391,0.7459968675396174
858.2,0.002985402945,0.8486616336007354,0.7460419493941964
858.3,0.00298634599,0.8496734903289743,0.746061841958879
858.4,0.00298723457,0.8507545940424835,0.7462033581415526
858.5,0.002988065305,0.8518812257167286,0.7464668812165209
858.6,0.002988835415,0.853044048538343,0.7465020042223882
858.7,0.002989543875,0.854193789768148,0.7460637206312858
858.8,0.002990188555,0.8553008304706052,0.7453043160055042
858.9,0.002990767855,0.8563965740058802,0.7443962512153547
859.0,0.002991281285,0.8574586585174646,0.7433021852905567
859.1,0.00299172935,0.8583461710084743,0.7419431323086138
859.2,0.002992113485,0.8589389644094656,0.7403258215609898
859.3,0.002992434755,0.859210404297921,0.7385338005627144
859.4,0.00299269532,0.8592024435021368,0.7368004142497256
859.5,0.00299289799,0.8589982148469122,0.7351952865984123
859.6,0.002993045295,0.8586359012493591,0.7337873127356677
859.7,0.002993138955,0.8581053553652062,0.7326274869934448
859.8,0.00299318308,0.857466581614137,0.7315711515964165
859.9,0.00299318215,0.8569210943153235,0.7305916909716215
860.0,0.002993140185,0.8565998790328646,0.7296972355608473
860.1,0.00299306203,0.8564059736510996,0.7288821242141322
860.2,0.00299295341,0.8561862757936488,0.7281978350686978
860.3,0.002992820055,0.8559726412100196,0.7273867072614676
860.4,0.00299266606,0.8559802564306118,0.7263986449559869
860.5,0.00299249672,0.8564003062179526,0.7253854876083896
860.6,0.002992314815,0.8572299505722832,0.7242855029230323
860.7,0.002992123615,0.8583218550813355,0.7232209302700662
860.8,0.002991926145,0.8595345161288065,0.7223913801635152
860.9,0.00299172719,0.8607665105374676,0.7217705449064982
861.0,0.002991529115,0.8619528513216869,0.721374911577261
861.1,0.002991335185,0.8630686382180918,0.721400339628199
861.2,0.00299114722,0.8640941420248177,0.7215913735942786
861.3,0.00299096684,0.8649972493817599,0.7220408538215983
861.4,0.00299079727,0.8658835806339319,0.7226758199623713
861.5,0.002990642145,0.8669276512532406,0.7232753866371235
861.6,0.002990501795,0.8680466865564493,0.7240057943627126
861.7,0.00299037829,0.8690552194796607,0.7247811331464332
861.8,0.0029902732,0.8700337690425861,0.7253838351306537
861.9,0.002990188095,0.8711673876188927,0.7256646306820316
862.0,0.00299012561,0.8725090927262026,0.725707532271309
862.1,0.00299008607,0.8739531446389809,0.725614340066833
862.2,0.00299006997,0.8753689222178772,0.7253616303537782
862.3,0.002990080525,0.8766442643219726,0.7255017265365724
862.4,0.002990120505,0.8776781561810836,0.7262065302820347
862.5,0.002990192105,0.8784229524010261,0.7272320089560195
862.6,0.00299029649,0.8789304578446576,0.7287841819215638
862.7,0.002990435275,0.8793061923260269,0.7306436340645559
862.8,0.00299060773,0.87966359247267,0.7324296671872336
862.9,0.002990812945,0.8800428832369233,0.7340672726233997
863.0,0.002991052555,0.8804488963882878,0.7356317794817021
863.1,0.00299132975,0.8809064756414684,0.7368059057536841
863.2,0.002991648185,0.8814326232959063,0.7371806914740721
863.3,0.002992010865,0.882009369441623,0.7370426813087999
863.4,0.00299241986,0.8825211851503753,0.7367164897435776
863.5,0.00299287655,0.8827868256587921,0.7365037473722619
863.6,0.00299338157,0.8826829520392939,0.7369268319381062
863.7,0.00299393276,0.8821895649130477,0.7380237315794775
863.8,0.00299452775,0.8813275872871262,0.7392837804105353
863.9,0.002995163895,0.880133348538976,0.7401225982154144
864.0,0.00299583578,0.8788685621861966,0.7415441249088667
864.1,0.002996537035,0.8779673837671437,0.7439605437302282
864.2,0.002997262395,0.8774756805345597,0.7463116299907658
864.3,0.002998007305,0.8771022017167157,0.7484153660953158
864.4,0.00299876712,0.8766683352048843,0.7502218132870565
864.5,0.00299953948,0.8762494917891224,0.7514169379643351
864.6,0.003000321655,0.8760065964115175,0.7519384486280163
864.7,0.003001110825,0.8759007058895357,0.7520819251645057
864.8,0.003001905025,0.8757717623606616,0.7522093041802381
864.9,0.003002703455,0.8756383703365903,0.7525180850389742
865.0,0.00300350375,0.8756734933424574,0.7531735532134045
865.1,0.00300430296,0.8759412575675082,0.7541296592384127
865.2,0.003005097525,0.8763754445217901,0.7549946276605403
865.3,0.003005882995,0.8768707857186671,0.7556455719415494
865.4,0.0030066558,0.877284929311819,0.7560739343830517
865.5,0.00300741253,0.8774762271716815,0.7561908770279889
865.6,0.00300814937,0.877348131872824,0.7561126073886173
865.7,0.003008863435,0.8768736634175377,0.7559804154529396
865.8,0.00300955383,0.8761087672877976,0.7556509503481723
865.9,0.0030102201,0.8752009035595778,0.7550673806632121
866.0,0.003010861685,0.8743213392979817,0.7543565387766696
866.1,0.00301147852,0.8735816136085821,0.7535258262808368
866.2,0.00301207041,0.8730389411767864,0.7525109661900211
866.3,0.00301264021,0.8726984365154343,0.7512659027559211
866.4,0.003013190215,0.8725206223712413,0.7498174086311304
866.5,0.003013721105,0.8724604671551103,0.7482241059345652
866.6,0.00301423352,0.8724473415810037,0.7465682792610083
866.7,0.00301472786,0.8723789051266377,0.7448865218816886
866.8,0.003015206825,0.8720874030274964,0.7431603298158765
866.9,0.00301567025,0.8713189506148725,0.7414167710258754
867.0,0.003016119075,0.8700719268269566,0.7396513341846347
867.1,0.00301655323,0.8687273314544055,0.7377668498313789
867.2,0.003016972865,0.8676955067632605,0.7357601826566396
867.3,0.003017378535,0.86697182204595,0.7338031023803446
867.4,0.003017770335,0.8662924400682407,0.7317695808716025
867.5,0.003018149175,0.865837254708662,0.7294555025725242
867.6,0.003018518015,0.8658029233841436,0.7270393225122043
867.7,0.00301887843,0.8659314522227872,0.7247729901382751
867.8,0.003019232605,0.8658745454134602,0.722864937556932
867.9,0.003019582185,0.8654750353588885,0.7212058687597566
868.0,0.003019926755,0.8649422023952837,0.7194473434223537
868.1,0.003020267025,0.8646443417126116,0.7178581310794235
868.2,0.0030206035,0.8646812365767353,0.7169742816854479
868.3,0.003020936675,0.8648662512512905,0.7163282634217196
868.4,0.00302126593,0.8650365821217828,0.7158008654134056
868.5,0.003021593555,0.8651746865348346,0.7155722831319304
868.6,0.00302192233,0.865326607672377,0.7155107204822906
868.7,0.003022253595,0.8655354293360611,0.715754338426206
868.8,0.003022588865,0.865840075858865,0.7158499936393224
868.9,0.003022929005,0.8661919907847349,0.7155827006531698
869.0,0.00302327462,0.8664692112036728,0.7151210938782071
869.1,0.003023627705,0.866606442253967,0.7144155550000639
869.2,0.00302399003,0.866543503586745,0.7137104370953363
869.3,0.003024363255,0.8661991284832438,0.7134524369402528
869.4,0.003024748195,0.8655683657934412,0.7140799889223635
869.5,0.003025144645,0.8648058447077472,0.715716827809922
869.6,0.00302555182,0.8641807620174624,0.7179737856713728
869.7,0.00302596824,0.8639118291199447,0.7204437372315516
869.8,0.00302639244,0.8640015027406487,0.7225722039534705
869.9,0.00302682293,0.8643256334210903,0.7243864045958802
870.0,0.003027259555,0.8647970922306144,0.7260623563119761
870.1,0.00302770374,0.8653849281983982,0.7275943476863139
870.2,0.003028156345,0.8660846614133176,0.7288219061661482
870.3,0.00302861856,0.8668839516994291,0.7299703719093357
870.4,0.00302909098,0.8677723124204553,0.7312626283482779
870.5,0.003029572725,0.8687680402120107,0.7323113548078993
870.6,0.0030300661,0.8698855487011897,0.7331865648220777
870.7,0.003030571325,0.8710104524994753,0.7341648630575908
870.8,0.00303108695,0.8719142824227278,0.7353062979164197
870.9,0.003031614415,0.8724480201650168,0.7364939770191092
871.0,0.00303215776,0.872559810598002,0.7375787375464672
871.1,0.003032717635,0.8721953293015179,0.7386173732104853
871.2,0.003033292925,0.871424219101509,0.7397963940838216
871.3,0.00303388139,0.8704052937897996,0.7411449604294869
871.4,0.003034482215,0.8689791301055907,0.7425159828794399
871.5,0.00303509375,0.8671044789373406,0.743904880991592
871.6,0.00303571456,0.8650775296404297,0.7452194427383747
871.7,0.00303634328,0.8640402637108087,0.7463134081322078
871.8,0.00303697888,0.8639635837173198,0.7470590085998696
871.9,0.003037622925,0.8646341943683404,0.747411099454928
872.0,0.003038275695,0.8656133910993525,0.7475098899775129
872.1,0.003038937825,0.86648766491892,0.747513025286981
872.2,0.00303960915,0.8673005394516659,0.7475907671387868
872.3,0.00304029112,0.8682636386619208,0.7477947067674873
872.4,0.00304098562,0.869395177503891,0.7481142758553957
872.5,0.00304169343,0.8706634824404423,0.74871756217585
872.6,0.00304241244,0.8720878051513561,0.7495539735207563
872.7,0.003043138045,0.8737136296150714,0.750385584512088
872.8,0.003043866155,0.8754952833575899,0.7511638449769765
872.9,0.003044594275,0.8772878384266163,0.7519254926999129
873.0,0.003045318935,0.8789068456342732,0.7524660853973719
873.1,0.00304603538,0.8802150173815986,0.7525444995500057
873.2,0.00304673866,0.8812212506589875,0.7522467770974102
873.3,0.003047423205,0.8820520951017118,0.751698248736908
873.4,0.00304808583,0.8827232963721513,0.7508462865083664
873.5,0.003048723425,0.8831317725321562,0.7497375556290615
873.6,0.003049333375,0.8831394066023046,0.7485845471428969
873.7,0.003049915895,0.8827786952170047,0.7476293144806463
873.8,0.00305047235,0.8819901805936948,0.7469740725008871
873.9,0.003051001535,0.880698954597143,0.7464426721035324
874.0,0.00305150432,0.8793350509961428,0.7458840906465389
874.1,0.003051981935,0.8780468849108355,0.7455423104985694
874.2,0.00305243356,0.8765521968076665,0.7453590362663444
874.3,0.003052858475,0.8748686550037196,0.7449454770094259
874.4,0.003053256365,0.87301467551513,0.7443023741436802
874.5,0.003053629375,0.871291204068556,0.743608924114068
874.6,0.00305398015,0.8700357670955138,0.7429508484177352
874.7,0.003054311835,0.8689029590501117,0.7424380588152603
874.8,0.003054627225,0.8678553698470309,0.7421741587491735
874.9,0.00305492926,0.8670805651340615,0.7420397865481941
875.0,0.003055220845,0.8664710584601532,0.7420476468130134
875.1,0.00305550559,0.8659179182416356,0.7423777276699408
875.2,0.003055785355,0.8653726885534199,0.7428169851547657
875.3,0.00305605997,0.8648222815205109,0.7431247669870379
875.4,0.003056331145,0.8643606621791776,0.7434017800608608
875.5,0.003056600335,0.8641321615791115,0.7435195018207761
875.6,0.0030568686,0.8641499304271602,0.7433045540514175
875.7,0.003057136345,0.8642610925416149,0.7429789216896876
875.8,0.003057403625,0.8642955432466541,0.7427457024174557
875.9,0.003057669045,0.8642225891820525,0.7425389416385524
876.0,0.0030579316,0.8641876358221886,0.7422071140561096
876.1,0.00305819093,0.8643205817401032,0.7419316215131311
876.2,0.00305844841,0.8647185524142748,0.7420543258389949
876.3,0.00305870508,0.8654490606708285,0.7424345653642296
876.4,0.003058962195,0.8663189990925341,0.7428018301118048
876.5,0.003059220135,0.8669979789463839,0.7432615393648045
876.6,0.00305948064,0.8673341482098739,0.7436628275608183
876.7,0.0030597433,0.8674213462555669,0.7437853999397906
876.8,0.00306000758,0.8674346477588621,0.7436149748215187
876.9,0.00306027215,0.867413517406674,0.7432214589257301
877.0,0.00306053524,0.867198820964728,0.7427297682595168
877.1,0.00306079559,0.8667707224170084,0.7422502167073168
877.2,0.003061052855,0.8664224140395049,0.7418315806366701
877.3,0.0030613057,0.8664227847474381,0.7414316684582387
877.4,0.0030615532,0.8667407327735374,0.7411627292775355
877.5,0.00306179479,0.8672118145919432,0.7413867374001071
877.6,0.00306202699,0.867762303306261,0.741907198771842
877.7,0.00306224697,0.8684519268760212,0.7424026970483515
877.8,0.00306245181,0.869372331842114,0.7429619947884701
877.9,0.00306263999,0.8705500206801652,0.7434716679310326
878.0,0.00306280985,0.8719382841906012,0.7436046326985031
878.1,0.00306295857,0.8734326330017635,0.743430255456673
878.2,0.003063084365,0.8749063415491919,0.7430969387593124
878.3,0.003063186115,0.8763156474472218,0.7425479203103563
878.4,0.003063263825,0.8776372149456221,0.7418612686872466
878.5,0.003063318415,0.8787865980338645,0.7412242479448782
878.6,0.00306335138,0.8796666712334704,0.7407446838263076
878.7,0.003063365235,0.8802452960515939,0.7404986154401226
878.8,0.003063362965,0.880627345134197,0.7405494464092576
878.9,0.003063348345,0.8809522926287283,0.7409180117761914
879.0,0.00306332486,0.8812952917146474,0.7415577028723155
879.1,0.00306329388,0.8816438074372659,0.7422583911314015
879.2,0.00306325599,0.8819646645781624,0.7427897475464591
879.3,0.00306321054,0.8822313606617109,0.7431916326450769
879.4,0.00306315705,0.8824424694048468,0.7435653250912213
879.5,0.00306309517,0.8826086345234806,0.7437580241014073
879.6,0.00306302414,0.8827210532749966,0.7436658560561362
879.7,0.003062943535,0.8827527896439832,0.7433886230708276
879.8,0.0030628521,0.8826971457549029,0.7428456427629517
879.9,0.003062749685,0.882557363731374,0.7418378826715332
880.0,0.003062638325,0.8823377349889615,0.7401524559119941
880.1,0.003062520085,0.8820339869616565,0.7386247999355183
880.2,0.00306239582,0.8816321961108182,0.7377964436341756
880.3,0.00306226544,0.8811448848247642,0.7369601265370489
880.4,0.00306213074,0.880593064075161,0.7363475159695989
880.5,0.003061992605,0.8800020802315383,0.736145385898267
880.6,0.0030618502,0.8793684021437533,0.7360334698015754
880.7,0.003061702265,0.878631912294787,0.735918977598908
880.8,0.00306154789,0.8777762555532845,0.7356210101020856
880.9,0.00306138778,0.876932027925856,0.7351438587266731
881.0,0.00306122114,0.8761031815360595,0.7347876021197559
881.1,0.003061048005,0.8751360673703932,0.7342779918090465
881.2,0.003060868565,0.8741110285193798,0.7335144339977768
881.3,0.003060683935,0.8732830303595996,0.7326441751336207
881.4,0.003060494905,0.8724539326423909,0.7318232581236817
881.5,0.003060302125,0.8713771706099289,0.7310093719981015
881.6,0.003060107175,0.8703499640599845,0.7303365810817793
881.7,0.003059911925,0.8697265275642504,0.730030206683016
881.8,0.00305971669,0.8695303476694043,0.7297664322806353
881.9,0.003059522285,0.8694501553753285,0.7290846438429532
882.0,0.00305932915,0.8693316796331765,0.7283492284186743
882.1,0.00305913915,0.8694647574979827,0.7276349559129541
882.2,0.00305895462,0.8697895730456225,0.7265094803448057
882.3,0.003058777355,0.8698675473752846,0.7255961628117393
882.4,0.00305860882,0.869447277676458,0.7249599840162021
882.5,0.003058448385,0.8682847187486264,0.7241993855852121
882.6,0.003058294835,0.8664108341289838,0.7236835360714926
882.7,0.00305814574,0.8646288913599413,0.7234469427287509
882.8,0.003058000785,0.8635591099463554,0.7230192148889646
882.9,0.003057859965,0.8631212410454835,0.7223468637956139
883.0,0.00305772393,0.8629874154816259,0.7218047254345692
883.1,0.003057593045,0.8628798787650934,0.7211400712432198
883.2,0.00305746888,0.8628167704518682,0.7202279537985471
883.3,0.00305735232,0.862336741377585,0.7195117649213083
883.4,0.00305724471,0.861039112815205,0.7188512387827057
883.5,0.003057147345,0.8596852246115846,0.7180821329188097
883.6,0.003057061865,0.8587223390296299,0.7171159675141248
883.7,0.003056988765,0.8577082769033483,0.7158339338176772
883.8,0.00305692754,0.8565663582392509,0.7148062120465378
883.9,0.00305687887,0.8555651703596636,0.7142311372281129
884.0,0.003056842915,0.8549067616545094,0.7140682079499124
884.1,0.00305681959,0.8545949020349729,0.7140254634402677
884.2,0.00305680787,0.8547724145862714,0.7146294597606615
884.3,0.003056807585,0.8554643755009658,0.7162798074966307
884.4,0.003056818995,0.8564016822355348,0.7185085727056081
884.5,0.00305684307,0.8575899079753463,0.720624479340098
884.6,0.00305687894,0.8591099989967123,0.7226867212888791
884.7,0.003056925425,0.8607435706279112,0.7247351653627259
884.8,0.00305698121,0.8621488113050473,0.7263860723021873
884.9,0.003057044485,0.8632012322776291,0.7276139952067695
885.0,0.00305711469,0.8640185238896458,0.7284816276994672
885.1,0.003057189835,0.8647008401148937,0.7290347867675407
885.2,0.00305726755,0.8653122380275794,0.7294961987637587
885.3,0.003057345375,0.8659515081502879,0.7298675287322278
885.4,0.003057421225,0.8666773731328998,0.7300241371260092
885.5,0.0030574938,0.8673927137801222,0.7301595837516761
885.6,0.003057562805,0.8679790103675056,0.7306076125631898
885.7,0.00305762751,0.8684270203294634,0.7313235940953136
885.8,0.003057681925,0.8687947563159367,0.7321347219025439
885.9,0.003057723105,0.8691437495606388,0.7330767347429081
886.0,0.00305775062,0.8695213564312296,0.7341604208455786
886.1,0.0030577623,0.8699204266628299,0.7352553601331343
886.2,0.00305775502,0.8702188842481062,0.7362989218144331
886.3,0.00305772682,0.8703192455670178,0.7371471078486052
886.4,0.0030576757,0.8703041973382071,0.7376235994895605
886.5,0.003057602335,0.8702353776095374,0.7377405798336095
886.6,0.00305750666,0.8700728378888262,0.7375196127727267
886.7,0.0030573905,0.8697724325161045,0.7369496147680299
886.8,0.003057259925,0.8693283935272609,0.735878130611226
886.9,0.003057117755,0.8687603810091212,0.7344449423258437
887.0,0.003056966245,0.8681194332759358,0.7332846076456109
887.1,0.00305680925,0.8674691298798279,0.7327003279607109
887.2,0.00305664841,0.8668861319647309,0.7324646519630239
887.3,0.00305648649,0.866426278198469,0.7325567571764419
887.4,0.00305632547,0.8660899832712727,0.7329632792658164
887.5,0.003056166555,0.865852409751623,0.7332976892374204
887.6,0.00305600826,0.8656799363149409,0.7332974064940816
887.7,0.003055848865,0.8655130423468115,0.7330051755454446
887.8,0.003055686945,0.8652885881180832,0.732260109148534
887.9,0.00305552284,0.8649521738103663,0.7309996079281342
888.0,0.00305535596,0.8644590882770146,0.7295929472511187
888.1,0.003055184645,0.8638361293033637,0.7281541669308129
888.2,0.00305500607,0.8631836330755838,0.7265438116693241
888.3,0.003054816485,0.8625934220637538,0.7249372451685755
888.4,0.003054613975,0.862100185733955,0.7236351995269245
888.5,0.003054397405,0.8616975655026562,0.7225814339526868
888.6,0.003054166755,0.861354396770734,0.7216697311982445
888.7,0.00305392168,0.8610310891875677,0.720922603916553
888.8,0.00305366125,0.860674776031983,0.7202135967201203
888.9,0.00305338432,0.860221161468731,0.7193730636056523
889.0,0.00305308891,0.8596415753232555,0.718437082623183
889.1,0.0030527716,0.8590383958169516,0.7173220748417561
889.2,0.003052428435,0.8586320685063216,0.7158718968233032
889.3,0.003052053945,0.8585578578046584,0.7140941637884164
889.4,0.00305164465,0.8587744643349382,0.7120113569741248
889.5,0.003051199305,0.8591933957152943,0.7096868862865483
889.6,0.003050715125,0.8597477108894643,0.7073027002058125
889.7,0.003050190715,0.8603739119867337,0.7052278856032316
889.8,0.00304962623,0.8609914737042058,0.7037690744881666
889.9,0.003049023165,0.8615164966684739,0.7029441927882988
890.0,0.003048380405,0.8618600046924026,0.7023225721331183
890.1,0.0030476979,0.8619653171613364,0.7020720741012917
890.2,0.0030469767,0.8618764540715368,0.7021294332999609
890.3,0.00304621829,0.8617415477998064,0.7020963146302067
890.4,0.00304542377,0.8617458831976683,0.7020656526859077
890.5,0.003044595195,0.8620181838825108,0.7019873704801656
890.6,0.00304373691,0.8625947792317803,0.7020798966669991
890.7,0.00304285296,0.8634155517284571,0.7022948067372459
890.8,0.00304194744,0.8643346120928942,0.702406961594979
890.9,0.003041026795,0.8651271039725035,0.7025791837042488
891.0,0.00304009618,0.8655698172092473,0.7029829349089028
891.1,0.00303915995,0.8656052041088974,0.7032211744461951
891.2,0.003038223395,0.8653985501441441,0.7028687945646126
891.3,0.003037293095,0.8650527801735047,0.7020163548139876
891.4,0.00303637548,0.8645315334036064,0.7015342083062558
891.5,0.00303547678,0.863753580814798,0.7020175172032694
891.6,0.00303460234,0.8626626313499124,0.7029285413736986
891.7,0.003033755505,0.861289434917843,0.7039011470433235
891.8,0.003032937685,0.8597824066387306,0.7051539764944633
891.9,0.003032149725,0.8584190622412229,0.7070182038582887
892.0,0.00303139254,0.8574109565746125,0.7091350843865012
892.1,0.00303066573,0.8564902437324396,0.7110894377603728
892.2,0.00302996806,0.855477714703373,0.7127627631050103
892.3,0.003029299645,0.8545224946074931,0.7139517051279467
892.4,0.003028659885,0.8535455095577091,0.7146281277253764
892.5,0.003028049365,0.8524210769983215,0.7151118513126202
892.6,0.003027469015,0.8512030563937836,0.7157616017884211
892.7,0.00302691963,0.8500255811840327,0.7165564938448176
892.8,0.00302640158,0.8490246571982284,0.7172519733432839
892.9,0.00302591623,0.8482806903587466,0.717836868780344
893.0,0.003025464665,0.8477752206671546,0.7185423448266341
893.1,0.003025048205,0.8474314298998868,0.7192776408703921
893.2,0.003024668115,0.847191173460111,0.7197888094110577
893.3,0.00302432285,0.8471036549719673,0.7199159433825633
893.4,0.00302400948,0.8472721385859794,0.7196179758857408
893.5,0.00302372501,0.847694783328852,0.7191885201699951
893.6,0.003023466805,0.8482775173501664,0.718986591160593
893.7,0.003023233205,0.848948580390529,0.7188743483382655
893.8,0.00302302058,0.8496819914786949,0.718396970768182
893.9,0.0030228254,0.8504677917659521,0.7179994085010555
894.0,0.003022642005,0.851337717621287,0.7183781274954457
894.1,0.003022467335,0.8523935880626026,0.7191383740680585
894.2,0.003022299915,0.8537478532573416,0.7198630201127209
894.3,0.003022136845,0.8554228185133441,0.7207386322507587
894.4,0.003021974475,0.8573236202988427,0.7216022623544159
894.5,0.003021811225,0.8593348930484122,0.7221175212487165
894.6,0.003021642865,0.861371417919731,0.7222196732754406
894.7,0.00302146554,0.8633106351001978,0.7217997365854353
894.8,0.00302127723,0.8650812869852433,0.720889303034425
894.9,0.003021076045,0.8667042211837174,0.7196171150893538
895.0,0.003020860095,0.8682088367196716,0.7183033387407344
895.1,0.003020627545,0.8696301435016383,0.7170915636223917
895.2,0.00302037707,0.8710612394863132,0.7156479201166581
895.3,0.003020107175,0.8725211061765098,0.7142482149257778
895.4,0.00301981619,0.8739231864114364,0.7138298930143964
895.5,0.003019502685,0.8752665188637408,0.7147028347986788
895.6,0.003019166085,0.8765856799021684,0.7159033441657656
895.7,0.003018806385,0.8778166878507363,0.7171800622874434
895.8,0.00301842632,0.878840935020401,0.7188850988683261
895.9,0.003018027945,0.8795664732773769,0.7206009488111226
896.0,0.00301761286,0.8798569700668689,0.7218873430381733
896.1,0.00301718529,0.8796037325662485,0.7227313758868573
896.2,0.00301675061,0.8788157017482073,0.7233525001703985
896.3,0.00301631424,0.8777437526356906,0.7239641808264231
896.4,0.00301588116,0.8768143438650525,0.7245087507801817
896.5,0.00301545509,0.8761754130343509,0.7248105070377443
896.6,0.00301503947,0.8757614830694991,0.7251740835555442
896.7,0.003014637275,0.8754896284908134,0.7259905269375445
896.8,0.00301425305,0.8752959053214224,0.727201705153283
896.9,0.003013889415,0.8751849882511947,0.7286348368899975
897.0,0.003013546805,0.8751729685177021,0.7300198708431856
897.1,0.00301322638,0.87522201506221,0.7311258559705114
897.2,0.003012928955,0.8752906965608027,0.7319811482872659
897.3,0.00301265511,0.8753725099166875,0.7325823674397539
897.4,0.003012404075,0.8754832133586148,0.7329269310388143
897.5,0.003012176095,0.8755880860045769,0.733100560581593
897.6,0.00301197292,0.8756743415724738,0.7331023952717026
897.7,0.0030117953,0.8757665410336715,0.7328958229883585
897.8,0.00301164213,0.8758415999653509,0.7325502729292048
897.9,0.003011512005,0.8758489575753456,0.7322196705678969
898.0,0.00301140266,0.8757867351912487,0.7320048798781711
898.1,0.0030113139,0.8756027823750103,0.731799394585885
898.2,0.003011245065,0.8752413986888827,0.7314741957639413
898.3,0.00301119439,0.8747176323616762,0.7310378411107283
898.4,0.003011160235,0.874193482760166,0.7304235089505042
898.5,0.00301114041,0.8738054081028533,0.7294838962869273
898.6,0.00301113285,0.8736044969694708,0.7280640534871374
898.7,0.00301113708,0.8735297333475008,0.7263095368219605
898.8,0.00301115136,0.8735106638800935,0.7244724842345887
898.9,0.0030111743,0.8735315491880545,0.7227131106671694
899.0,0.003011204595,0.8734728265381737,0.721347831048587
899.1,0.003011239785,0.8732521485038149,0.72062063403069
899.2,0.00301127778,0.8729142136652536,0.7203328390108799
899.3,0.003011314905,0.8725040347620303,0.720083176642699
899.4,0.003011349835,0.8720330786073306,0.7198567871928961
899.5,0.00301138185,0.8715363990919833,0.719438063157655
899.6,0.00301140923,0.8710810001041044,0.7183102690941281
899.7,0.003011430525,0.8707857406601494,0.7164613412865256
899.8,0.00301144527,0.8707642835823254,0.713738636030995
899.9,0.003011455085,0.8709361098509206,0.7111351039511854
900.0,0.00301145955,0.871060315858073,0.7094917619668338
900.1,0.003011457235,0.8710555720531662,0.7088853906023939
900.2,0.003011446365,0.8710264871883792,0.7090886327975252
900.3,0.003011424375,0.8710362512583466,0.7093973948067054
900.4,0.003011389075,0.8710454121425244,0.7098997103392731
900.5,0.003011339125,0.8711234493040396,0.7109218212259333
900.6,0.00301127327,0.8713912260954609,0.7120057649392013
900.7,0.00301119101,0.8717134592539397,0.7127301345237101
900.8,0.00301109262,0.8719121147237967,0.7128480007968876
900.9,0.003010977715,0.8720687733830607,0.712475043483424
901.0,0.00301084761,0.8723987788417644,0.7120708147566865
901.1,0.003010704075,0.8729186935763775,0.7119458045018149
901.2,0.003010548955,0.8734923546781084,0.7122378909371898
901.3,0.003010382355,0.8740343610922616,0.7129510953014078
901.4,0.00301020541,0.8745017232649656,0.7141533451108246
901.5,0.00301002111,0.8748740899590102,0.7159756824782072
901.6,0.00300983217,0.8751899708171433,0.7180907094667541
901.7,0.00300964063,0.8755022514100955,0.7202389430896494
901.8,0.003009448295,0.8758213052768088,0.7223945343225394
901.9,0.00300925775,0.8760917398556151,0.7243150778762731
902.0,0.003009071005,0.8762242899328553,0.7258454042065046
902.1,0.00300889064,0.8761321595866961,0.7270400010962174
902.2,0.00300871871,0.8758182453655642,0.7279344502238062
902.3,0.00300855554,0.8754195521250824,0.7285124404402137
902.4,0.003008402645,0.8749970707450276,0.7289728471267826
902.5,0.00300826065,0.8744634146841478,0.7295757376065624
902.6,0.00300813004,0.8739139501290348,0.7302374010017055
902.7,0.00300801062,0.8736142610394383,0.7309803876642795
902.8,0.003007902195,0.8735589187432528,0.7319799167829456
902.9,0.00300780428,0.8734167742420483,0.7330834828839281
903.0,0.00300771698,0.8728744725181856,0.7340995430631374
903.1,0.003007641455,0.8718842236642182,0.7349711528121345
903.2,0.00300757893,0.8706584433258258,0.7355238217917541
903.3,0.00300753047,0.8695206652808458,0.7357886517692664
903.4,0.003007496625,0.8687183339330456,0.7360662617456936
903.5,0.00300747705,0.8682975804289503,0.7364918156033635
903.6,0.00300747203,0.8681313336289076,0.7366759506319757
903.7,0.003007482115,0.8680240608061581,0.7362928271246851
903.8,0.003007508965,0.867737673219857,0.7359948282119363
903.9,0.003007552475,0.8671140796444899,0.7361621117375546
904.0,0.003007611135,0.8662572605137058,0.7364286256087292
904.1,0.003007682965,0.8653622144835127,0.7366525269171506
904.2,0.00300776511,0.8644736841164832,0.7367548862889899
904.3,0.00300785452,0.8636692102024931,0.7365914355064088
904.4,0.00300794791,0.8631359436991023,0.7363007627877282
904.5,0.00300804193,0.8630506745912986,0.7360073882993653
904.6,0.003008132515,0.8632658611216988,0.7355583793109436
904.7,0.003008216075,0.8634547148224767,0.7349728618385382
904.8,0.00300828929,0.8635965702971569,0.7344773258629169
904.9,0.003008350445,0.8638142638184947,0.7340187161673458
905.0,0.00300839736,0.8640914842374329,0.7334495915254068
905.1,0.003008428835,0.8643528584630262,0.7328146316678191
905.2,0.00300844405,0.8645719154355757,0.7320530404935506
905.3,0.003008443285,0.8647288505549932,0.7311442154379789
905.4,0.00300842695,0.8647953706378402,0.7303098901105944
905.5,0.0030083949,0.8647768917898518,0.7296949359150249
905.6,0.003008348125,0.8647609262159862,0.7290845998606561
905.7,0.00300828676,0.8648741869143335,0.728195013918495
905.8,0.00300821156,0.865134951670952,0.7271233852484289
905.9,0.00300812375,0.8654556642985863,0.7260458818001008
906.0,0.003008026085,0.8657915759514788,0.7248686956168741
906.1,0.003007923095,0.8661175099061035,0.7233296230926951
906.2,0.003007818755,0.8662971210412945,0.7216306058033366
906.3,0.0030077156,0.8662231302511172,0.7203993842264682
906.4,0.003007615415,0.8661063195530714,0.719684087561543
906.5,0.003007519415,0.8661723244147232,0.7189025661234801
906.6,0.00300742749,0.8661581118495584,0.71790653673903
906.7,0.00300733973,0.8656129575595664,0.7167706248000862
906.8,0.00300725681,0.8646169595910429,0.7151167521971599
906.9,0.00300718075,0.8636776548035461,0.7131035253769599
907.0,0.003007114115,0.8628771769954113,0.7112975368577467
907.1,0.003007058965,0.8623344982804303,0.7099113342320914
907.2,0.00300701601,0.8621848265232279,0.7086382917738184
907.3,0.00300698539,0.8621321420144272,0.7071657707484131
907.4,0.003006968,0.8620079674232014,0.7061030076528155
907.5,0.00300696246,0.8618655276122877,0.7067100827340099
907.6,0.00300696788,0.8617609000105526,0.7085649607180984
907.7,0.00300698613,0.8616619335587792,0.7106300112507119
907.8,0.00300701832,0.8616032925903072,0.7129358648602231
907.9,0.003007065805,0.8616518427631759,0.7150174904356771
908.0,0.003007129265,0.8617370239063853,0.7166663553399136
908.1,0.00300720853,0.8616468224981153,0.7177879855986542
908.2,0.00300730321,0.8613109359779643,0.7183766006814161
908.3,0.003007414485,0.8607299738149063,0.7187681499402035
908.4,0.00300754275,0.8599095908757186,0.7195954946487118
908.5,0.003007687405,0.8590151166153884,0.7210406712516602
908.6,0.003007848095,0.8583721205637931,0.7227316209310843
908.7,0.003008024525,0.8581897385438815,0.7246105760812699
908.8,0.00300821776,0.8584471794954726,0.7267781681980966
908.9,0.003008427935,0.8588702263622049,0.7288641040386712
909.0,0.0030086546,0.8590816806805327,0.7306711041507189
909.1,0.00300889805,0.8591545216477989,0.7321786288014706
909.2,0.003009158415,0.8594280664033324,0.7330880884587582
909.3,0.003009435155,0.860035392811939,0.7333726916204322
909.4,0.00300972875,0.8609584869813433,0.7333485704720379
909.5,0.00301003924,0.8619716883112378,0.7332716705670634
909.6,0.00301036419,0.8628905790296715,0.7332412348174354
909.7,0.00301070275,0.8635868879085985,0.7332962441047998
909.8,0.003011053615,0.863984613538543,0.7334531038259935
909.9,0.00301141488,0.8641412721978069,0.7335371602790329
910.0,0.00301178728,0.8642754810359682,0.7335126244404084
910.1,0.003012172355,0.8643722295233282,0.7336674798254892
910.2,0.00301257182,0.8640204025620526,0.734078343595911
910.3,0.003012988775,0.8632772085543635,0.7344877371009708
910.4,0.00301342663,0.8627241814331815,0.734800099375332
910.5,0.00301388759,0.8624266034938483,0.7351664342114818
910.6,0.00301437223,0.8620380450312669,0.7354539402047677
910.7,0.00301488004,0.8614986335726456,0.7354983560417041
910.8,0.003015410615,0.860872325661226,0.7355139509076366
910.9,0.00301596351,0.860169614216471,0.7356569373556721
911.0,0.00301653811,0.8595232126784389,0.7359090815820492
911.1,0.0030171343,0.8589567521070701,0.7362207338564706
911.2,0.00301775131,0.8583092007461269,0.7366771444371841
911.3,0.003018385425,0.8575422751475326,0.7372244350101806
911.4,0.00301903416,0.8566826223001748,0.7376179194900427
911.5,0.00301969357,0.855753665918879,0.7380773334333331
911.6,0.00302036333,0.855132610750376,0.7387003866547637
911.7,0.00302104146,0.8548627290918769,0.7392399489098325
911.8,0.00302172469,0.8549274270509849,0.7394525781838127
911.9,0.003022409205,0.8550559935887404,0.7393814211102089
912.0,0.00302309378,0.8555514039006555,0.7392919297018787
912.1,0.003023777765,0.8562425857003718,0.7392649936864668
912.2,0.003024460595,0.8568362147650088,0.7390002014080663
912.3,0.00302514054,0.8571182795198187,0.7386233987851948
912.4,0.003025816265,0.8571731128779946,0.7381084854660862
912.5,0.003026486055,0.8572539460569715,0.7373473341147891
912.6,0.003027149765,0.8573225395909699,0.736683565852568
912.7,0.00302780655,0.8572368620761212,0.7359667926390956
912.8,0.00302845554,0.8569518190914757,0.7350441508590334
912.9,0.003029097475,0.8566132810671248,0.7343492494136152
913.0,0.003029733985,0.8563378639223699,0.7340863672235483
913.1,0.00303036662,0.8560966147393155,0.7338188606090951
913.2,0.00303099797,0.8558346436111179,0.7333892163977901
913.3,0.00303162988,0.8555334402738624,0.7331826566808165
913.4,0.00303226366,0.8552017257887551,0.7331502982764846
913.5,0.00303290011,0.8548903122753754,0.7329908812988708
913.6,0.003033538995,0.8546889613190214,0.7326213043391026
913.7,0.00303417979,0.8545934694687229,0.7320185458062142
913.8,0.00303481837,0.8545392832786338,0.7311226766787459
913.9,0.00303545242,0.8544851599203978,0.729896293154564
914.0,0.003036080505,0.854414555767101,0.7282348367469719
914.1,0.00303669966,0.8543663134703124,0.7266953118334508
914.2,0.00303730829,0.8543999033789648,0.7260346286152156
914.3,0.003037904915,0.8545138175285839,0.7259264007482994
914.4,0.003038487825,0.8546102330071226,0.726056073126669
914.5,0.003039054695,0.8546294846869038,0.7264837946832698
914.6,0.00303960372,0.8546146061040963,0.7268960784535711
914.7,0.003040132475,0.8545922693803292,0.7270132033108823
914.8,0.003040638865,0.8544928882383256,0.7269016893380504
914.9,0.00304112144,0.8543455475428723,0.7264896129128643
915.0,0.003041578695,0.8543160542710404,0.725744552799139
915.1,0.003042010375,0.8543975471844746,0.7246481872285186
915.2,0.00304241703,0.8544663417804027,0.7231990647851972
915.3,0.003042800215,0.8545872491152688,0.7219942451529896
915.4,0.00304316096,0.8549701966933708,0.7216568632347353
915.5,0.00304350095,0.8556879563669364,0.7220203894870528
915.6,0.0030438223,0.8565969762012527,0.7227935982709544
915.7,0.003044125685,0.8575844290377583,0.7237214111125243
915.8,0.003044411185,0.8587096595616799,0.7251052889596159
915.9,0.00304467892,0.8599349183956919,0.7263179877061987
916.0,0.003044928515,0.8611688668749835,0.7267219148400414
916.1,0.003045160845,0.8624919486210428,0.7266458003332302
916.2,0.0030453773,0.8640090551293879,0.7264597489330993
916.3,0.003045578755,0.865666930121355,0.7264123737158832
916.4,0.003045767505,0.8673068100706023,0.7267636037745545
916.5,0.00304594365,0.8688618670182028,0.7274901850402914
916.6,0.003046107805,0.8703236123808062,0.7283339916943045
916.7,0.003046260515,0.871693811733484,0.7293194401946972
916.8,0.003046402625,0.8730459469284039,0.7305549531871304
916.9,0.003046533325,0.8744470721191636,0.7319024262585522
917.0,0.003046651295,0.8757988617388915,0.7332065956168369
917.1,0.003046757405,0.8768029964323878,0.7344439809984916
917.2,0.00304685297,0.8771603463135483,0.735645275763742
917.3,0.003046939435,0.8768364355445927,0.7367645686775481
917.4,0.003047018955,0.8760409654351478,0.7377635448759073
917.5,0.003047093345,0.8749022763282982,0.7387428421378843
917.6,0.003047163455,0.8734566976014901,0.7397570801933545
917.7,0.003047230125,0.8718649594180664,0.7407373199331276
917.8,0.003047295825,0.8702305898223335,0.7414728421715566
917.9,0.0030473642,0.8685781749183984,0.7419353097429063
918.0,0.003047439435,0.8671715707900506,0.742267074493496
918.1,0.00304752629,0.8660671941581636,0.7423250368779548
918.2,0.00304762678,0.8650909065419486,0.7419087758513542
918.3,0.00304774339,0.8643161332449057,0.7412350298908652
918.4,0.003047880075,0.8637868125818876,0.740582282335673
918.5,0.003048041355,0.863517351896804,0.7398509886809557
918.6,0.003048232945,0.8635117787114365,0.7390094691063944
918.7,0.003048459625,0.8637105912609262,0.738297521379238
918.8,0.003048725305,0.8640873310519447,0.7377628285927823
918.9,0.003049033835,0.8646650071090869,0.738046300781101
919.0,0.003049386905,0.8654370597868918,0.7391490375016229
919.1,0.00304978388,0.8663684854600134,0.7403808748306513
919.2,0.00305022454,0.8674326936882316,0.7415473544661145
919.3,0.003050706725,0.8686200083661735,0.742398085190336
919.4,0.00305122599,0.8699152053358395,0.7427490702047803
919.5,0.003051777955,0.8712992968112317,0.7426937656077065
919.6,0.003052359705,0.8727662320848988,0.7424171420913728
919.7,0.003052967055,0.8743250400941277,0.7420635621213965
919.8,0.00305359667,0.8759972533149657,0.741425580051676
919.9,0.00305424351,0.8777685963503952,0.7406973023259062
920.0,0.003054903875,0.8795385822177982,0.740177858830191
920.1,0.003055572545,0.8811651166814533,0.7400863568025626
920.2,0.003056246605,0.88251361391208,0.7402338482944633
920.3,0.003056922915,0.8835078965710147,0.7401892439619676
920.4,0.003057599735,0.884192983680983,0.7398865389434237
920.5,0.003058275215,0.8847248301844947,0.7391172068848567
920.6,0.00305894779,0.8852102188158448,0.7380144136156671
920.7,0.00305961667,0.8855760007316876,0.7368631958373151
920.8,0.003060279075,0.8858418234524784,0.7359490929060853
920.9,0.003060933225,0.8861199298005448,0.7353569466731807
921.0,0.00306157632,0.8862288928001418,0.7350677128039353
921.1,0.003062207175,0.8860901852013007,0.7352005142085879
921.2,0.00306282445,0.8856762301037077,0.7357388826584483
921.3,0.00306342576,0.8850571729881326,0.7367263794772512
921.4,0.00306400867,0.884500413654878,0.7376850050595675
921.5,0.003064570905,0.8841928643004622,0.7381522478517507
921.6,0.00306511067,0.8839978090957861,0.738214457669477
921.7,0.00306562739,0.883620792844614,0.7383776634078311
921.8,0.00306612221,0.8830759841298138,0.7385215546345507
921.9,0.0030665975,0.882580969658573,0.7381855173179522
922.0,0.003067054645,0.8821732411976194,0.7375631426805348
922.1,0.003067495575,0.8816820343366749,0.7372049822684696
922.2,0.00306792191,0.8809839912986032,0.7360351474120523
922.3,0.003068335995,0.8801952127815104,0.7347872628277493
922.4,0.00306874092,0.8795299616875568,0.7344116163109744
922.5,0.003069138515,0.8793945024955194,0.7348027822954581
922.6,0.00306953216,0.879450787269501,0.735077954395986
922.7,0.00306992394,0.8794312402800105,0.7350615238664078
922.8,0.0030703167,0.8795868245145868,0.736848958139409
922.9,0.003070712885,0.8798245299811281,0.7398139932858669
923.0,0.00307111331,0.8798933434266122,0.7421491076893537
923.1,0.003071519035,0.8800646544740125,0.7437963075494839
923.2,0.003071931215,0.8803068587012336,0.7449529163008296
923.3,0.00307235057,0.8805689806258785,0.7452816337065453
923.4,0.00307277692,0.8809085365262491,0.7452287481358147
923.5,0.003073209915,0.8811762693353734,0.7448253550727232
923.6,0.003073648815,0.8811666309291122,0.7439306294849809
923.7,0.0030740928,0.8808254539669325,0.7431304469865555
923.8,0.003074543735,0.8801888353484236,0.7428325234720303
923.9,0.003074999355,0.8793508406408198,0.743097051856648
924.0,0.00307545723,0.8784801985023598,0.7436329133155707
924.1,0.003075916665,0.8777246266196156,0.7439025247971018
924.2,0.00307637995,0.8771490365799954,0.7439142743536262
924.3,0.00307684962,0.8767671885593222,0.7439670845261331
924.4,0.003077329005,0.8765145982267882,0.7438760977196998
924.5,0.003077817585,0.876239583205893,0.7433827482925653
924.6,0.003078315185,0.8758672353614043,0.7427725756010145
924.7,0.0030788214,0.8755087168077766,0.7426882803869334
924.8,0.003079334315,0.8752695662086147,0.743338476968891
924.9,0.00307985199,0.8750803794990156,0.7444277865224114
925.0,0.003080374335,0.8747883307627525,0.7456140393420363
925.1,0.00308090072,0.8743429471722531,0.7467205962392249
925.2,0.00308143058,0.8738626667705576,0.7476423395237881
925.3,0.00308196273,0.8734703069808655,0.7481678902756218
925.4,0.003082495965,0.8731266355941187,0.7482435775258321
925.5,0.003083029235,0.8728460788037825,0.7483783518506711
925.6,0.003083563405,0.8728182254433158,0.7491165444428558
925.7,0.003084098245,0.8731096521442334,0.750561878125437
925.8,0.00308463426,0.8736157564375413,0.752377454785429
925.9,0.003085172555,0.874290928681095,0.7541442110955842
926.0,0.003085713925,0.8751110728592411,0.7557373315797754
926.1,0.003086256425,0.8760699183530433,0.7571350198681722
926.2,0.00308679717,0.8772051894070857,0.7582753740191281
926.3,0.003087333655,0.8784574470883625,0.7590811862515887
926.4,0.00308786624,0.8796092806188747,0.7595010035610732
926.5,0.003088391475,0.8804883862079433,0.759564633378679
926.6,0.00308890503,0.8811487741164692,0.7592250837614937
926.7,0.00308940346,0.8817779785763153,0.7586050213362693
926.8,0.003089884645,0.8824810544458181,0.7577448784004577
926.9,0.00309034668,0.8832447881862766,0.7565250608049219
927.0,0.003090787375,0.8839930904236204,0.7551595110093713
927.1,0.00309120478,0.8846713037288627,0.7539825070385185
927.2,0.003091596745,0.8852715929699253,0.7530805746372289
927.3,0.00309196241,0.8857366115145096,0.7525751489279341
927.4,0.00309230138,0.8859949823775262,0.7520776777312381
927.5,0.00309261219,0.8861125596241795,0.7513254045207801
927.6,0.00309289461,0.8862721085486848,0.7506140034307452
927.7,0.00309314963,0.8865193644568928,0.7495256049390944
927.8,0.00309337703,0.8867714395682316,0.7479664010891912
927.9,0.00309357711,0.8870068265393943,0.745914262502384
928.0,0.003093749385,0.887146112191284,0.7433018962640325
928.1,0.003093893775,0.8870128709636599,0.7406972646267944
928.2,0.003094011805,0.8865263953412515,0.7382521881972466
928.3,0.003094104935,0.8857146140827492,0.7349736472367016
928.4,0.0030941742,0.8846343083337739,0.7318589591825971
928.5,0.00309422018,0.8834350807364898,0.7310628858873628
928.6,0.00309424465,0.8822575803939978,0.7316569547749713
928.7,0.003094249435,0.8810879214667692,0.7321283319030866
928.8,0.003094235155,0.8798017157352778,0.7324608066536159
928.9,0.00309420215,0.8783488108144014,0.7324436535577273
929.0,0.003094150825,0.8768042844853758,0.7319723518278357
929.1,0.0030940834,0.8752438177152259,0.7314659082425211
929.2,0.003094001195,0.8737026403239689,0.7307711764431064
929.3,0.00309390377,0.8722284793871986,0.7296565079536862
929.4,0.00309379034,0.8708806795901408,0.7282332596674598
929.5,0.003093660765,0.8696923658857353,0.7269135896910223
929.6,0.00309351378,0.86863589225863,0.7262791890369269
929.7,0.00309335039,0.8676869176489456,0.7261416186946262
929.8,0.00309317162,0.8668465730300366,0.7260019623348035
929.9,0.003092977145,0.8661220840650071,0.7262417789516079
930.0,0.003092766665,0.8656486900344083,0.7269141803104411
930.1,0.003092541935,0.8656439022472041,0.7277125595346832
930.2,0.00309230287,0.8659750261128926,0.7288186200602325
930.3,0.003092049675,0.8661663365391256,0.7301725396797795
930.4,0.003091782905,0.8659744354934736,0.7314859390372804
930.5,0.003091503495,0.8655725126957441,0.7327678030877247
930.6,0.00309121381,0.8653215497082047,0.7341862321708205
930.7,0.003090916,0.8653931026224827,0.7357742695580983
930.8,0.003090613205,0.8656125240197802,0.7372586092550665
930.9,0.00309030808,0.8657291902045638,0.738317671554518
931.0,0.003090002205,0.8657721043602118,0.738997003266745
931.1,0.00308969609,0.8660258005333599,0.7395913863136189
931.2,0.0030893918,0.8666937471138102,0.7400650253884447
931.3,0.00308909296,0.8675880203122105,0.7404711076548477
931.4,0.00308880138,0.8683204449402832,0.7410217408824277
931.5,0.003088517275,0.868796949147609,0.7414973842933665
931.6,0.003088241625,0.8691706541601242,0.7418131960364613
931.7,0.00308797572,0.8695556500566363,0.7422109405159617
931.8,0.00308772132,0.8701686690311312,0.742666364636582
931.9,0.00308748129,0.8710106409950344,0.743189508928443
932.0,0.00308725816,0.8719534643663033,0.743810300203163
932.1,0.003087053425,0.8727533641213897,0.7443248553807091
932.2,0.003086868665,0.8732287624881016,0.7446272085408759
932.3,0.00308670482,0.8734662480431571,0.7446844860581362
932.4,0.003086561545,0.8736264378525636,0.7444539434228452
932.5,0.003086438605,0.8737500092579998,0.7439961882404759
932.6,0.00308633611,0.8737329001444085,0.7434174251922757
932.7,0.00308625288,0.8735212007818537,0.7428809856803047
932.8,0.00308618881,0.8731817139965214,0.7425863608380656
932.9,0.003086142845,0.8728062182761938,0.7424775674844718
933.0,0.003086111855,0.8723952791075482,0.7424361675764828
933.1,0.00308609232,0.8718828664961918,0.7426182857026115
933.2,0.00308608035,0.8711891965550939,0.7429443704536834
933.3,0.003086073085,0.8702872013219511,0.7430908440695644
933.4,0.00308606809,0.8692237345095991,0.7429942777945784
933.5,0.003086061825,0.868091988322514,0.7426250589763727
933.6,0.00308605195,0.8669314148812395,0.7418816262076418
933.7,0.003086036065,0.8656957636587297,0.740813541254089
933.8,0.003086011405,0.8642911575833098,0.739661607192612
933.9,0.003085975395,0.8627793101010667,0.7387348624925442
934.0,0.003085926005,0.8614698063184562,0.7379780968045916
934.1,0.00308586267,0.8605082213558601,0.7372622723521005
934.2,0.003085782995,0.859679425231546,0.7366712822252924
934.3,0.003085684195,0.8587845111482444,0.7361866978416616
934.4,0.003085561815,0.8578337332643767,0.7357590391169136
934.5,0.00308541322,0.8568769298057994,0.7352398846477227
934.6,0.00308523657,0.855922865816016,0.7343716426860502
934.7,0.00308503081,0.8549853203204053,0.7331454727901687
934.8,0.00308479467,0.8540872772108207,0.7316816099941166
934.9,0.00308452861,0.853228340646588,0.7302591094069418
935.0,0.003084231845,0.8524263611571649,0.7290470138461486
935.1,0.003083904875,0.8517779364334639,0.7278047087303983
935.2,0.00308355026,0.8513862049623026,0.7263750641615292
935.3,0.003083171135,0.8512242621441953,0.7251148205517269
935.4,0.003082769215,0.8511968109075881,0.7240894047095953
935.5,0.003082347165,0.8512920451472892,0.7228950591472947
935.6,0.003081908895,0.851497260262607,0.7215151208573907
935.7,0.003081456935,0.8516998113073544,0.7199987180658001
935.8,0.00308099352,0.8517884670520388,0.7183794720971014
935.9,0.003080521655,0.8517459361706944,0.7169992007983761
936.0,0.00308004499,0.8516346923748309,0.7158547939928971
936.1,0.003079565915,0.8515398916749162,0.7147962720473818
936.2,0.00307908622,0.8514659448670359,0.7137976100082881
936.3,0.003078607815,0.8513529103633597,0.7129067548626951
936.4,0.003078133575,0.8511683355117761,0.7125382146285023
936.5,0.003077667275,0.8509605631400382,0.7125529486980478
936.6,0.00307721241,0.8507827741285862,0.7125408849822579
936.7,0.00307677154,0.8506748729873062,0.7128462352218162
936.8,0.003076345705,0.8506692558196415,0.7136951061231868
936.9,0.003075936125,0.8507395646632289,0.7147397924946557
937.0,0.003075543915,0.8507084817455142,0.7155533707441558
937.1,0.003075171165,0.8503176550530371,0.7158329599239546
937.2,0.003074820065,0.8495475061803801,0.7155548095935911
937.3,0.00307449335,0.8487321120903262,0.7151720065287512
937.4,0.003074192965,0.848243186025648,0.7151042486583986
937.5,0.00307392006,0.8481712121379542,0.7151143206044459
937.6,0.003073674335,0.848430242735428,0.7149125738074177
937.7,0.00307345611,0.8489731602114509,0.7149190329219135
937.8,0.00307326684,0.8497816553640375,0.7157883241755324
937.9,0.003073107605,0.8507774648370017,0.7173254740450075
938.0,0.003072978085,0.8518437527995567,0.718786302062556
938.1,0.00307287799,0.8528499609442044,0.7198416007340087
938.2,0.00307280742,0.853630967161072,0.720645465179024
938.3,0.003072764625,0.8540321296933796,0.7211343409782197
938.4,0.00307274939,0.8538932210326083,0.7213914991864719
938.5,0.00307276159,0.8530935977376755,0.7216853197809916
938.6,0.003072799055,0.8517807261677403,0.7219319536538542
938.7,0.003072860385,0.8503933862855444,0.7219059475498678
938.8,0.003072944105,0.8492748850530868,0.7216860109313753
938.9,0.003073049065,0.8485169695422231,0.721704005974095
939.0,0.00307317445,0.8480234190531587,0.7222215205319209
939.1,0.00307331945,0.8475433836956902,0.7230153130308887
939.2,0.003073482315,0.8469203807397422,0.7238879595054617
939.3,0.00307366178,0.8462529368141163,0.7248536976535458
939.4,0.003073854525,0.8457775195978487,0.7257302082870827
939.5,0.003074057835,0.8456945187199408,0.7264098290258338
939.6,0.003074268325,0.8459707966610829,0.7268626204918104
939.7,0.00307448418,0.8463205753039482,0.7269815737560459
939.8,0.00307470359,0.8464960960855041,0.7268586558018816
939.9,0.003074926035,0.8464693862647634,0.7267636477568518
940.0,0.003075150515,0.8463838909622887,0.7268360740338875
940.1,0.00307537505,0.8463189479589537,0.7270161501247914
940.2,0.003075597355,0.8461860146074095,0.7272106335596045
940.3,0.00307581563,0.8458919112695512,0.7273192007185272
940.4,0.00307602857,0.8452710697293487,0.7273067662948043
940.5,0.0030762352,0.8444461817462956,0.727355605494197
940.6,0.00307643397,0.8437360372933224,0.7274719386701594
940.7,0.003076622575,0.8430655523060079,0.7274797172535697
940.8,0.003076798255,0.8424104045740283,0.7273070930204403
940.9,0.00307695812,0.8419817908051137,0.7269062195146568
941.0,0.003077102195,0.8417266934816422,0.7264151194678624
941.1,0.003077230185,0.8415885702190344,0.7258428595164551
941.2,0.003077342285,0.8416089403058004,0.7250176887900632
941.3,0.00307743864,0.84181654931472,0.7240475084299669
941.4,0.00307752144,0.8421999681317203,0.7230774034680943
941.5,0.00307759269,0.842741126315857,0.7221453117773301
941.6,0.003077653815,0.8434467657249651,0.7213895199831001
941.7,0.003077705975,0.8442608843284016,0.7210425624904377
941.8,0.003077749845,0.8450953667354189,0.7212137981396142
941.9,0.003077789085,0.8459263682577758,0.7215381864306533
942.0,0.003077824125,0.8467667254430551,0.7218197673801946
942.1,0.00307785433,0.8476562799692896,0.7220189192216909
942.2,0.00307787907,0.848640371301656,0.7221158436382394
942.3,0.003077898865,0.8497494666057088,0.7222148226563835
942.4,0.00307791572,0.850994146765505,0.7223111690198838
942.5,0.003077931935,0.852368989392125,0.7221924545166899
942.6,0.00307794939,0.8538406684706992,0.7217666179156811
942.7,0.003077969725,0.855387840020739,0.7212008736274373
942.8,0.0030779953,0.8569988927157971,0.7206756747339809
942.9,0.003078026925,0.8586373086828678,0.7202082434462385
943.0,0.003078066305,0.8602735381014518,0.7198400487872378
943.1,0.003078114665,0.8618999029191032,0.7193709336058332
943.2,0.003078169715,0.8634545891587706,0.7185938606629677
943.3,0.003078234115,0.8649054771771633,0.7176513011854818
943.4,0.00307831163,0.8663309245782471,0.7171566511389889
943.5,0.003078400565,0.867835244804492,0.7169413766439942
943.6,0.00307850098,0.8694108603344176,0.7167133598491967
943.7,0.00307861246,0.870879209324779,0.7170307361054329
943.8,0.003078732815,0.8720351269257407,0.7177888652445972
943.9,0.00307886051,0.8729817767568617,0.7186164989796295
944.0,0.003078993665,0.87397245286743,0.719627369247775
944.1,0.0030791314,0.8748911990726017,0.7208018850772462
944.2,0.00307927243,0.8755013780473377,0.721976520287238
944.3,0.00307941631,0.8758072937735738,0.7229164973755628
944.4,0.003079562695,0.8758508739468643,0.7234289351196604
944.5,0.00307971125,0.8756664750244694,0.7235651608603053
944.6,0.00307986154,0.8754250938945233,0.7235875038672577
944.7,0.003080014505,0.8753074852319436,0.7237767848246365
944.8,0.00308017152,0.8753426647864784,0.7245065642316948
944.9,0.00308033305,0.8753015350554576,0.7256716364336492
945.0,0.003080497445,0.8748301390777864,0.726940952963035
945.1,0.003080664915,0.8738812587158815,0.7282912032023625
945.2,0.003080835855,0.8728778026063985,0.7295354812382993
945.3,0.00308100987,0.872132742492673,0.7304896583254181
945.4,0.00308118785,0.8714811384772067,0.7311194345551274
945.5,0.003081370585,0.8707268609306358,0.7313381899347822
945.6,0.003081557845,0.8699275392285976,0.7312260979089021
945.7,0.003081751095,0.8691998081399495,0.7309606207633031
945.8,0.003081950435,0.868602264650866,0.7305750845128546
945.9,0.00308215572,0.8681600477857615,0.7301991049872583
946.0,0.003082365505,0.8679315157697687,0.7300904561469266
946.1,0.00308257892,0.8679623976255535,0.730217056047681
946.2,0.003082794815,0.8681936942430813,0.7304128338186673
946.3,0.003083012995,0.8684938231556494,0.7307378378618664
946.4,0.00308323255,0.8687717472913419,0.7311198366789871
946.5,0.003083453115,0.8690514558516615,0.731406444176774
946.6,0.003083676535,0.8694327949343249,0.7316827975161397
946.7,0.00308390347,0.8699635670131489,0.7319058505945446
946.8,0.003084134685,0.8705429458135093,0.7319111221870174
946.9,0.00308436953,0.8710239487815152,0.7315786662860438
947.0,0.0030846074,0.8712792785828429,0.7308115207759637
947.1,0.00308484874,0.8713085393768184,0.7297977036939091
947.2,0.00308509407,0.8712793539810666,0.7288484840399975
947.3,0.00308534425,0.8712455064618169,0.7281154185270236
947.4,0.003085598615,0.8711866958473418,0.7276533028140512
947.5,0.00308585605,0.871343957692395,0.7273801413328215
947.6,0.00308611735,0.8719185110064396,0.7271938009061665
947.7,0.0030863833,0.872708678107485,0.7273130683296674
947.8,0.00308665529,0.8735103622871987,0.7277767234230401
947.9,0.003086935335,0.8743862948676874,0.7283403062955381
948.0,0.0030872254,0.8754001873479657,0.7291510445452795
948.1,0.00308752561,0.8765193545980658,0.7299830136781738
948.2,0.00308783583,0.8776442458299808,0.7303871858562434
948.3,0.003088155525,0.8786254217643646,0.7305213632784782
948.4,0.0030884838,0.8793864286023996,0.7302550504692333
948.5,0.003088818845,0.8799214732472325,0.7293846219590739
948.6,0.0030891588,0.8802782199426036,0.7280988811832951
948.7,0.00308950059,0.8805181370903729,0.7264942938859182
948.8,0.00308984214,0.8806660118565773,0.7249899422437468
948.9,0.003090180425,0.8808129944104682,0.7242733072603511
949.0,0.00309051404,0.881009620411471,0.7239655945431172
949.1,0.003090839825,0.881311137907992,0.7243486552185547
949.2,0.003091156785,0.8818001079549673,0.7256071960851388
949.3,0.00309146408,0.882418008964446,0.7260799680803922
949.4,0.003091761175,0.8830718623602524,0.7253814915025342
949.5,0.003092047655,0.8837810831849855,0.7264466547749192
949.6,0.00309232446,0.8844635690562367,0.7285983629992894
949.7,0.003092592365,0.8850933892682431,0.7303209359503645
949.8,0.003092851825,0.8857482102745866,0.7312377218017203
949.9,0.00309310346,0.8864898649018756,0.7316552834476795
950.0,0.00309335046,0.8871153999815025,0.7318076318418227
950.1,0.00309359431,0.8876204549828641,0.7318933784717099
950.2,0.00309383681,0.8880601145915488,0.7322771554302724
950.3,0.00309407813,0.8885070878279309,0.7330656323544703
950.4,0.00309431809,0.8890421890214315,0.7339835428959962
950.5,0.00309455583,0.8897602628542626,0.7348614169807447
950.6,0.00309479046,0.8905955746417403,0.7357765315048089
950.7,0.003095019635,0.891340848383766,0.7366934493030562
950.8,0.003095240405,0.891763926666425,0.7373365019033196
950.9,0.003095451545,0.8916722989750905,0.737576563564351
951.0,0.003095651495,0.8911350112331029,0.7375902357755794
951.1,0.00309583944,0.8905068497820176,0.73748787640374
951.2,0.00309601646,0.8900296041588255,0.7371603025377502
951.3,0.003096184295,0.8896471529523626,0.7365898332941555
951.4,0.003096345335,0.8892215551123956,0.7359627462677578
951.5,0.00309650227,0.8886055327753237,0.7354318610915982
951.6,0.00309665661,0.8877033427634364,0.7350607950169122
951.7,0.003096809955,0.886709430812435,0.7348109881354693
951.8,0.00309696454,0.886050940425872,0.7346679074396543
951.9,0.00309712326,0.8857646722200915,0.734683734783443
952.0,0.003097288585,0.8854882497656875,0.7348265264527339
952.1,0.00309746234,0.8848877845954362,0.7347216035412893
952.2,0.00309764455,0.8837245282340357,0.7340749883749569
952.3,0.003097836105,0.8819541339595875,0.7334467389592773
952.4,0.00309803626,0.8799384692634884,0.7336644953124682
952.5,0.003098244265,0.8782661555116854,0.7341669616414834
952.6,0.003098458285,0.8773604531992113,0.734116451114799
952.7,0.003098677735,0.8769986234069268,0.7337824746829812
952.8,0.0030989012,0.8767793465228917,0.7335368524029529
952.9,0.003099126675,0.8765230114119146,0.7331731942037439
953.0,0.00309935099,0.8763470885064989,0.7327427960102021
953.1,0.00309957403,0.876225835596441,0.7322249610099256
953.2,0.00309979755,0.8758536134156583,0.7315128436367658
953.3,0.003100023715,0.8747633174020447,0.7305976914135898
953.4,0.003100254425,0.8733794395549531,0.7289234235911562
953.5,0.003100492995,0.8728458463259261,0.7272763116956203
953.6,0.003100741475,0.8726086812133214,0.7267306924499155
953.7,0.0031010013,0.8728289005751526,0.7271985321447029
953.8,0.003101274485,0.8730561822372692,0.72795630942549
953.9,0.003101562035,0.8731311909034665,0.7285605696396666
954.0,0.003101865765,0.8732900046952906,0.7293244793093135
954.1,0.00310218766,0.8735845729888618,0.7301824733957502
954.2,0.003102528415,0.8738386273035724,0.7308089132540613
954.3,0.003102886715,0.8738684221682991,0.7310916063274019
954.4,0.00310326261,0.8737640710267174,0.731021573943968
954.5,0.00310365652,0.8737343201442879,0.7306813583091402
954.6,0.003104069415,0.8737931056260217,0.7302157051628398
954.7,0.00310450241,0.8736645202387103,0.7298576389985543
954.8,0.003104956645,0.8732635964674446,0.7296982785696082
954.9,0.003105433205,0.8728303834068852,0.7296084164533451
955.0,0.00310593291,0.8724725120213442,0.7296759795449531
955.1,0.003106455435,0.8719708687896043,0.7302091643669351
955.2,0.003107000385,0.8713276088442258,0.7311521511010218
955.3,0.003107567295,0.8706165219134564,0.7320131359836647
955.4,0.003108154095,0.8697393138463504,0.7325368646117594
955.5,0.00310875931,0.8686842539359394,0.7328814219276345
955.6,0.003109383075,0.8675103727081844,0.7331471001351633
955.7,0.003110023615,0.8663753341319983,0.7331525036745273
955.8,0.003110679845,0.8652886383835656,0.7328923232541424
955.9,0.00311134854,0.8640325919415486,0.7327006923854588
956.0,0.00311202787,0.8627823888618673,0.7327502604343471
956.1,0.00311271491,0.8618270493854665,0.7329303616579921
956.2,0.0031134072,0.8610383399834122,0.7331620101338971
956.3,0.003114100345,0.8603147872129933,0.7334790031158297
956.4,0.003114789295,0.8598442331821533,0.7340380369621654
956.5,0.003115470175,0.8597662462861205,0.7348794748553176
956.6,0.003116137715,0.8598912628241776,0.73592280405876
956.7,0.00311678828,0.859984832019772,0.736996210870268
956.8,0.003117417425,0.859959466800687,0.7379453488427705
956.9,0.00311802237,0.8598458228280361,0.7385890548943058
957.0,0.00311860139,0.8596848287709102,0.7388783767281455
957.1,0.003119153855,0.859509264007057,0.7388647673487702
957.2,0.0031196796,0.8593002789805548,0.7385265874659819
957.3,0.00312017905,0.8589246952956329,0.738001627333567
957.4,0.00312065431,0.8581490046535349,0.737458012423975
957.5,0.003121106615,0.8570380746593725,0.7368460867237235
957.6,0.00312153757,0.8560398147441385,0.7362950450890986
957.7,0.00312194882,0.855302809673977,0.7362244786349137
957.8,0.003122341245,0.8547645794541933,0.7365463725013858
957.9,0.003122715235,0.8544404047914548,0.7368256475219193
958.0,0.003123070605,0.8543587862143146,0.7369846623756734
958.1,0.00312340763,0.8547517240570549,0.7370468721933997
958.2,0.003123725705,0.8557728987491043,0.7368054470811567
958.3,0.0031240244,0.8573979943633239,0.7361127196178548
958.4,0.00312430442,0.8592365926142813,0.7351216916489093
958.5,0.00312456598,0.8607473279727249,0.7339832224535455
958.6,0.00312481036,0.8615155164915659,0.7328276127286637
958.7,0.003125039685,0.8615325439237483,0.7318903499763918
958.8,0.00312525699,0.861476654990441,0.7312523239243742
958.9,0.003125463865,0.862139399093457,0.7305281993840924
959.0,0.003125662145,0.8633097240383282,0.7298300558150558
959.1,0.0031258534,0.8641756726373637,0.7300676733170026
959.2,0.00312603873,0.8645381747304761,0.7308923288221993
959.3,0.003126220395,0.8645878558767,0.7316643563672631
959.4,0.003126399315,0.8644262209346728,0.7323803441825721
959.5,0.00312657456,0.8644505305786263,0.7327272953920494
959.6,0.00312674527,0.8648268116971173,0.732452217539301
959.7,0.00312690933,0.8650626196416958,0.7317879906045526
959.8,0.003127064465,0.8647766593119954,0.7308634450193423
959.9,0.00312720868,0.864071566540009,0.7296770288368994
960.0,0.003127338675,0.8633036042158391,0.7283779865578253
960.1,0.003127453775,0.8626729860392988,0.7271026821528418
960.2,0.00312755397,0.862059420427682,0.7258361050922498
960.3,0.00312764053,0.861589010910104,0.7245313136986198
960.4,0.00312771577,0.8613495524348621,0.7236378573143094
960.5,0.003127783985,0.8611499859031355,0.7233826657430584
960.6,0.00312784924,0.8608985768094393,0.7232271443403351
960.7,0.003127915115,0.8605875591367338,0.7231377094806727
960.8,0.00312798677,0.8602157767789227,0.7235493649324432
960.9,0.003128067525,0.8599040051239805,0.7242783903572645
961.0,0.00312815877,0.8596937446108611,0.7252444866469112
961.1,0.003128262985,0.8596093928481122,0.7263883405320832
961.2,0.00312838198,0.8595677918781932,0.7273810900938029
961.3,0.003128516525,0.8594646282586348,0.7279329988080002
961.4,0.00312866645,0.8592530671261568,0.7281122266688875
961.5,0.00312883114,0.8589144662699528,0.7280443934003112
961.6,0.003129009325,0.8584469533008016,0.7278089121813688
961.7,0.00312920184,0.8578344809634283,0.7276746216617984
961.8,0.00312940995,0.8571161872191114,0.7277303158163613
961.9,0.003129634995,0.856411685066544,0.7277989533326569
962.0,0.003129877285,0.8557586422016423,0.7279942033160776
962.1,0.003130134755,0.8550677934107473,0.7285489331804778
962.2,0.003130404885,0.8542913487864126,0.7293795262957897
962.3,0.00313068629,0.8535276841609926,0.7302164465787061
962.4,0.00313097755,0.8528584495275543,0.7307315044110768
962.5,0.00313127656,0.8523118815208681,0.7305843710607386
962.6,0.003131582045,0.8519431779238574,0.7300314193377803
962.7,0.003131893315,0.8518458513834493,0.7294912036314396
962.8,0.00313221009,0.8521012879989274,0.7288424144829908
962.9,0.003132530965,0.8526291949452511,0.7282666108150703
963.0,0.00313285792,0.8533418086900503,0.7283951270873433
963.1,0.003133192065,0.8543150803773178,0.728798074044278
963.2,0.003133534495,0.8555744003588799,0.7292772423221742
963.3,0.003133884615,0.8569602197102313,0.7304774563795516
963.4,0.003134240455,0.8582810395095801,0.7319647428904288
963.5,0.003134599355,0.8594972317071936,0.732867894229668
963.6,0.003134958945,0.8607311801864854,0.7337787299045381
963.7,0.00313531704,0.8620707867099027,0.7349420867969036
963.8,0.003135672855,0.8635132678263544,0.7357956638040692
963.9,0.00313602596,0.8650714600834231,0.735892958928551
964.0,0.003136374515,0.8666521712766327,0.735198082615874
964.1,0.00313671723,0.8681340479649603,0.7338283042366117
964.2,0.003137054395,0.8694804214789534,0.732157203139573
964.3,0.0031373866,0.870643577309389,0.7308164279436886
964.4,0.00313771377,0.8714621695407643,0.7297159217539508
964.5,0.00313803579,0.8718257837576762,0.7282189402881447
964.6,0.003138350715,0.8718578154363721,0.727331572310397
964.7,0.003138654625,0.8718633823385543,0.7283422666493541
964.8,0.00313894547,0.8720771991345575,0.7299711321747578
964.9,0.00313922305,0.8724568606067439,0.7313054419729612
965.0,0.00313948824,0.872776523942432,0.7325941232794637
965.1,0.00313974114,0.8729838627743837,0.7337977428232776
965.2,0.003139983535,0.8731851006334019,0.7347383670796889
965.3,0.003140217835,0.8734783934403559,0.7354095180846459
965.4,0.00314044621,0.8739456802148361,0.7360044100695298
965.5,0.003140671315,0.874606866087896,0.736695491338281
965.6,0.0031408935,0.8753551180597573,0.737384681368255
965.7,0.003141113965,0.8760533370270176,0.7378377430111998
965.8,0.003141334305,0.876599804502739,0.7380835349372313
965.9,0.00314155557,0.8769436392523037,0.738383412522387
966.0,0.00314177867,0.8770813101255693,0.7386655966577179
966.1,0.003142004695,0.8770192385379199,0.7387673842596941
966.2,0.003142234555,0.8767489736051167,0.7389815780468159
966.3,0.00314246754,0.876288447538027,0.739472998536061
966.4,0.003142703655,0.8756583194499405,0.7400059697297425
966.5,0.0031429435,0.8747874385504391,0.7403065698812086
966.6,0.003143187435,0.8736526136025532,0.7402886879358244
966.7,0.00314343583,0.8723745508792199,0.7400320198160261
966.8,0.00314368766,0.8710672022291697,0.7396753862179906
966.9,0.00314394185,0.8697539096858189,0.7392471243074532
967.0,0.003144198695,0.8684187705071552,0.7387115267423133
967.1,0.003144459195,0.8670879855759093,0.738144789710791
967.2,0.003144724165,0.8658121910824716,0.7375109922424852
967.3,0.00314499348,0.8645980157873417,0.7368720802613393
967.4,0.003145267325,0.8634683933168904,0.7367211581502608
967.5,0.003145545525,0.8626167138316876,0.7369908638795716
967.6,0.00314582649,0.8622980181065368,0.7371831670490832
967.7,0.0031461088,0.8625558171996903,0.7372744428820405
967.8,0.00314639261,0.8631249229920736,0.7372941218184226
967.9,0.003146677335,0.8637470525852637,0.7370453202466289
968.0,0.00314696324,0.8644272765098043,0.7364956986118834
968.1,0.00314724758,0.8653145942220697,0.7357042434578498
968.2,0.003147530345,0.8665008658912504,0.7346391178845767
968.3,0.00314781025,0.8679867952341013,0.7333753745405585
968.4,0.00314808578,0.8696772736746273,0.7319219418321162
968.5,0.003148354495,0.8714294718444257,0.7302910154219316
968.6,0.00314861421,0.87309557152596,0.7286699473294941
968.7,0.003148862585,0.8745859619303789,0.727393405137005
968.8,0.003149098765,0.8758924058017449,0.7266716996230663
968.9,0.0031493202,0.8770156759718506,0.7262615207198431
969.0,0.00314952607,0.8778855452785177,0.7260820980802113
969.1,0.003149716525,0.878389607536601,0.7263020032827773
969.2,0.00314989141,0.8784517419561035,0.7266123235219135
969.3,0.003150048565,0.8780541922553476,0.7266860755510492
969.4,0.00315018679,0.87743733425463,0.7265829496306025
969.5,0.003150305395,0.8769882373016141,0.7262654539938453
969.6,0.00315040331,0.8767216103331039,0.7256697389116864
969.7,0.003150481435,0.8764846714151702,0.7248190521697621
969.8,0.00315054249,0.8762411728517757,0.7236604013831915
969.9,0.00315059034,0.8758996817303306,0.7226175182859059
970.0,0.00315062872,0.8753998669055151,0.7219453745376704
970.1,0.00315066027,0.8748885727011433,0.7213398388368762
970.2,0.003150687775,0.8745742814888928,0.7208776917079772
970.3,0.003150713275,0.8743444488535416,0.7208456600292813
970.4,0.00315073861,0.8741167273684534,0.7211032077950226
970.5,0.003150764825,0.8740751201153494,0.7215638658090037
970.6,0.003150792685,0.8742808378854917,0.7219676484295844
970.7,0.00315082227,0.8745829522846167,0.7221220262925818
970.8,0.00315085498,0.8748331989890312,0.7222451013263788
970.9,0.003150892555,0.8749901906571163,0.7224499143178369
971.0,0.003150936075,0.8750442386171288,0.7228548907436259
971.1,0.00315098669,0.8749785290651861,0.7231894766444185
971.2,0.003151045585,0.8748358504932308,0.7234633229928465
971.3,0.0031511148,0.87468805112525,0.7239509170222397
971.4,0.00315119488,0.8745722834359652,0.7249149524271056
971.5,0.003151284835,0.874480787691522,0.726501569814504
971.6,0.003151384975,0.8744050753085705,0.7286451727298278
971.7,0.003151494785,0.8743974035393104,0.7310528202245007
971.8,0.003151613505,0.8745408109607615,0.7334508167465417
971.9,0.00315174139,0.8748283672195298,0.7356170202794156
972.0,0.00315187933,0.8750791794106219,0.7373780023422735
972.1,0.00315202851,0.8750444019799466,0.738555351888318
972.2,0.003152190715,0.8745985534337344,0.739390198720083
972.3,0.00315236705,0.8737996652714825,0.7402146154642381
972.4,0.00315255864,0.8728186275671754,0.7410797660987396
972.5,0.00315276691,0.8719089794143285,0.742137578044315
972.6,0.003152993175,0.8712423711523486,0.7432924212205894
972.7,0.003153239295,0.8707278411075436,0.7443637105986488
972.8,0.003153506785,0.8701696743407803,0.7452739368045439
972.9,0.00315379754,0.8694718009487119,0.7460790516034354
973.0,0.003154113725,0.86876946021189,0.7468012409226426
973.1,0.00315445628,0.8683797016609152,0.7473794447673504
973.2,0.00315482469,0.8685749830602623,0.7478526377360194
973.3,0.0031552179,0.8693394205174749,0.7482820997349505
973.4,0.003155634475,0.8703158589301371,0.7486750941263587
973.5,0.00315607409,0.871224828498971,0.7490554530321141
973.6,0.00315653548,0.8720878051513561,0.7494101576922603
973.7,0.00315701756,0.8730972679859929,0.7497599237687551
973.8,0.003157515725,0.8744109061045355,0.7501232866582546
973.9,0.003158025005,0.8760131309242369,0.7504170695536623
974.0,0.003158541165,0.8777618167934488,0.75077159828462
974.1,0.00315905963,0.879436694084857,0.7512826600111354
974.2,0.00315957768,0.8807927499874085,0.7517857169595693
974.3,0.00316009404,0.8816644979664825,0.7522138720559565
974.4,0.003160608465,0.8820298966080216,0.7525299351264636
974.5,0.003161120765,0.8819645074985296,0.7526070172438121
974.6,0.003161630345,0.8815594619577024,0.7524493469917136
974.7,0.00316213754,0.8809073427210409,0.7520344368499541
974.8,0.00316264158,0.880080538366469,0.7513178081497437
974.9,0.003163142665,0.8791203796869377,0.7504755848584281
975.0,0.003163639885,0.8780920170308969,0.7496821944833199
975.1,0.00316413278,0.877045772429472,0.7488790840205416
975.2,0.0031646201,0.8759820857056342,0.7480238231197136
975.3,0.00316510155,0.8748678256232589,0.7473836419351356
975.4,0.003165573895,0.8737019868726971,0.7472222457541501
975.5,0.0031660326,0.8725080497174416,0.7472584871670019
975.6,0.00316647415,0.8712940315019443,0.7472770853955112
975.7,0.00316689164,0.8700420188648944,0.7473489147699429
975.8,0.003167281375,0.8687553167617635,0.7473059943311096
975.9,0.003167639255,0.8676274975654954,0.7470940059420306
976.0,0.003167962595,0.8669066528479441,0.7468069586212721
976.1,0.00316825008,0.8666761856108767,0.7462243753964052
976.2,0.00316850069,0.8669145319623192,0.7452355151263905
976.3,0.003168716085,0.8675019092575755,0.743874137365884
976.4,0.003168897265,0.868279327775633,0.7422733388292473
976.5,0.003169046625,0.869260773886985,0.7406243922436017
976.6,0.003169166885,0.8704139206032263,0.7390981751165613
976.7,0.0031692622,0.8715058879441316,0.7376582763892708
976.8,0.003169335425,0.8723710322954478,0.736528214095848
976.9,0.003169390705,0.8729275026021782,0.735658878859932
977.0,0.003169431105,0.8730986754195016,0.7349591707777539
977.1,0.0031694604,0.8729339303007474,0.7345443297510326
977.2,0.00316948082,0.8724709914904998,0.734312712691054
977.3,0.003169494965,0.8704566148473886,0.7341784158882984
977.4,0.003169505165,0.8657898166595929,0.7343856102069879
977.5,0.00316951196,0.8641348947647202,0.7346698426607289
977.6,0.00316951779,0.8642056559976496,0.7349647125471948
977.7,0.00316952455,0.8634087784546959,0.7355471701083557
977.8,0.00316953276,0.8620491914020019,0.7362906782753101
977.9,0.003169542505,0.861103502898233,0.7369034836215046
978.0,0.003169553715,0.8620504920213605,0.7374386790627848
978.1,0.00316956513,0.8633395314694254,0.7380056297226076
978.2,0.003169577335,0.8645023228751134,0.7387475985091618
978.3,0.00316959162,0.8654062910284426,0.7396612930333466
978.4,0.00316960664,0.8661182450387844,0.7405039498644483
978.5,0.00316962222,0.8671204130952795,0.741318439175818
978.6,0.0031696393,0.8684469505932579,0.742175377687123
978.7,0.00316965952,0.8697233545556702,0.7429815040788489
978.8,0.00316968329,0.8707239141167267,0.7436830342847661
978.9,0.00316971181,0.8715584782051529,0.7442669683944741
979.0,0.003169746075,0.8722878743379073,0.7447099203922597
979.1,0.003169787335,0.8728308986280803,0.7450437900099273
979.2,0.003169836545,0.8731855216068176,0.745236199993589
979.3,0.003169894135,0.8733695561044649,0.745168781415243
979.4,0.00316995999,0.8734020778716147,0.7449179126754832
979.5,0.003170033775,0.8733843907049751,0.7445906718183147
979.6,0.00317011369,0.8734044906147729,0.7442466297236348
979.7,0.003170199445,0.8735225202507682,0.7440099484162986
979.8,0.003170291455,0.8737586046555,0.7438568523231038
979.9,0.00317038956,0.8739196175621818,0.7435949314603888
980.0,0.00317049309,0.8738905892460628,0.7432775049386701
980.1,0.00317060259,0.8739878843705443,0.7430451150468987
980.2,0.003170718855,0.8742277386864606,0.7430251784999191
980.3,0.00317084217,0.8746453568810877,0.7433583632503882
980.4,0.00317097143,0.8752032597540681,0.7438177897600491
980.5,0.00317110543,0.8758655451845565,0.7442479240598081
980.6,0.003171243505,0.8765026601747046,0.7447593690606271
980.7,0.003171384425,0.8770551720746915,0.7451316540732629
980.8,0.00317152698,0.8775322229191391,0.7452345223831119
980.9,0.00317167072,0.8778783133322291,0.7453180950308829
981.0,0.00317181453,0.8780301590715478,0.7454994843075158
981.1,0.003171956495,0.8779524486356686,0.7457166751740291
981.2,0.00317209501,0.8776137158325732,0.7459275325897528
981.3,0.003172228905,0.876983305001148,0.7461175046975154
981.4,0.00317235867,0.8761052298544696,0.7463682666231248
981.5,0.00317248484,0.8750567358727046,0.7467583958820329
981.6,0.003172608245,0.8739145595980096,0.7472035092955641
981.7,0.00317272681,0.8727026525327755,0.7477478090723545
981.8,0.00317283879,0.8713979805196661,0.7483817259211811
981.9,0.00317294313,0.8700804405430478,0.7489789678173697
982.0,0.00317304014,0.8690271399245229,0.7495937460837508
982.1,0.00317312928,0.8684638083794369,0.7502994734574532
982.2,0.003173210985,0.8681979668090902,0.7510163849010023
982.3,0.00317328621,0.867877360995606,0.7516626607753282
982.4,0.003173354065,0.8674308715644926,0.75217763692629
982.5,0.00317341603,0.8671196528298575,0.7526418763558962
982.6,0.00317347292,0.8672164892818117,0.7531832921506306
982.7,0.003173525005,0.8676312737598652,0.7537762991799222
982.8,0.003173572785,0.8681100210643458,0.7543072786038614
982.9,0.00317361736,0.8685565419113856,0.7547679303346573
983.0,0.00317366055,0.8689470355950416,0.755203216846368
983.1,0.00317370316,0.8692639468955651,0.7554970877063701
983.2,0.003173745415,0.8695307120941521,0.7555552951350558
983.3,0.00317378776,0.8697898495057761,0.7554895101848896
983.4,0.003173830475,0.8701223619554173,0.755492010892642
983.5,0.00317387473,0.8705959004992783,0.7555584115949682
983.6,0.0031739206,0.8711986841649078,0.7556067481395363
983.7,0.003173969685,0.8719028533086539,0.7556570953034027
983.8,0.00317402338,0.8726922475779069,0.7557428230837339
983.9,0.003174081145,0.8735142264461627,0.7557190349441609
984.0,0.00317414233,0.874275528593907,0.7555220759343367
984.1,0.00317420692,0.8748325392545739,0.7552397535689293
984.2,0.00317427467,0.875056823837299,0.754872570502763
984.3,0.00317434566,0.8749620734028667,0.7543388139109182
984.4,0.003174419145,0.8747408989968686,0.7537169167955841
984.5,0.00317449548,0.8745146917594395,0.7531470193218524
984.6,0.003174573995,0.8741767883368047,0.7528570817358524
984.7,0.003174656165,0.8736041765270202,0.7527914978476161
984.8,0.00317474372,0.8727814813756394,0.7527332778525598
984.9,0.00317483731,0.8717318627037044,0.752708000598069
985.0,0.0031749385,0.8705027459939139,0.7528443582856055
985.1,0.003175048115,0.8692097230063642,0.75307998401781
985.2,0.003175165005,0.8679856139952634,0.7533063671844276
985.3,0.003175290125,0.866907042405433,0.75350921982207
985.4,0.00317542584,0.8659677627506774,0.7536703269765314
985.5,0.003175573705,0.8651203746810393,0.753751995819154
985.6,0.003175736135,0.8643566472237664,0.7537931129838042
985.7,0.00317591632,0.8637167550657127,0.7538465828907683
985.8,0.00317611619,0.8631739695365813,0.7539440853603652
985.9,0.00317633778,0.8627175212567559,0.7539131092568008
986.0,0.0031765838,0.8623719146489346,0.7536283175995675
986.1,0.00317685779,0.8622134527154875,0.7533176769179806
986.2,0.003177162125,0.8623785119935071,0.7532949632030952
986.3,0.00317750009,0.8628453275290893,0.7534340792089813
986.4,0.003177873375,0.8634832844660684,0.7535955445050053
986.5,0.00317828183,0.8642072582099029,0.7538627181106372
986.6,0.00317872655,0.8649970860189419,0.7543186825851939
986.7,0.003179209515,0.8659010290395298,0.7548761456352028
986.8,0.003179730275,0.8669605814274355,0.7553373125871938
986.9,0.00318028773,0.868077216553857,0.7558612799763301
987.0,0.00318087853,0.869114953722376,0.7566228585842281
987.1,0.003181500295,0.8701025196562171,0.7577267137117347
987.2,0.003182150965,0.8711176562071863,0.7592238334076176
987.3,0.003182825145,0.8721375931117302,0.7609003883095029
987.4,0.003183517935,0.8731178391346885,0.7626333787818173
987.5,0.00318422543,0.8739938722461421,0.7643727278376626
987.6,0.00318494202,0.8748048429737398,0.7659489025710804
987.7,0.003185663815,0.8756662174138717,0.7672362644086684
987.8,0.00318638834,0.8765328320305497,0.7682473860042264
987.9,0.00318711171,0.8773076367435193,0.7689863200122772
988.0,0.0031878284,0.8778523700600958,0.7693956821014105
988.1,0.003188536195,0.8780728784484514,0.7694727265196472
988.2,0.003189233935,0.8780768431383802,0.7693815323680988
988.3,0.00318991891,0.8781636013611017,0.7691924713222058
988.4,0.003190588575,0.8785373880550258,0.7687291366712837
988.5,0.003191238485,0.8790975717242726,0.7680451616851148
988.6,0.00319186484,0.8796020298230302,0.7673322903297182
988.7,0.003192464575,0.8798964536033393,0.766539025618316
988.8,0.00319303305,0.8799608751022938,0.7655534577374025
988.9,0.003193566305,0.8798320006884582,0.7644115893387875
989.0,0.003194060175,0.8795199211574359,0.763220454484179
989.1,0.003194511695,0.8789891490786119,0.7620231118424868
989.2,0.00319491871,0.8782269861344805,0.7607949376104925
989.3,0.003195276585,0.8772323830330951,0.759485333296917
989.4,0.003195581975,0.8759694250872402,0.7580222307662872
989.5,0.00319583235,0.8744880761864784,0.7564943360287697
989.6,0.00319602746,0.8729687265809786,0.7549451538594315
989.7,0.00319616802,0.8715151996247569,0.7533579961180967
989.8,0.00319625432,0.8700821181535249,0.7518213049211492
989.9,0.00319628595,0.8686480188062728,0.7502896151397062
990.0,0.003196263665,0.8672432368016644,0.7487543250930822
990.1,0.00319618793,0.8659312385944868,0.7473978796330417
990.2,0.003196060285,0.8648085716101706,0.7461673177906306
990.3,0.00319588303,0.863899891067861,0.7449619263885601
990.4,0.00319565962,0.8631570552017345,0.7441576661028705
990.5,0.003195393555,0.8624825929581205,0.7438810740024631
990.6,0.003195088425,0.8618325597389809,0.7438404029439697
990.7,0.00319474975,0.8612248626224411,0.7440174254068143
990.8,0.00319438433,0.8607055699231734,0.744491617401947
990.9,0.00319399976,0.8603170365933333,0.7451679269020411
991.0,0.003193604145,0.8600507237840884,0.7459694728516781
991.1,0.00319320447,0.8598452824740996,0.7468467688833784
991.2,0.003192805365,0.8596565355874719,0.7477293742066632
991.3,0.003192412005,0.8594834840977416,0.748625745988956
991.4,0.003192029195,0.8592759630534161,0.7495142009577619
991.5,0.00319166161,0.8590318047555644,0.7503625189388254
991.6,0.003191313075,0.8587408681431008,0.7511644544459514
991.7,0.00319098579,0.8584461427698968,0.7518605245638367
991.8,0.00319068111,0.8581982019944903,0.752548313443487
991.9,0.00319039983,0.8580765343942021,0.7533017678927828
992.0,0.00319014243,0.8581448389016765,0.753922992707289
992.1,0.003189910035,0.8583440284422846,0.7543152645323868
992.2,0.003189703535,0.8586297123118314,0.7548104109505192
992.3,0.00318952442,0.8591412641268007,0.7554666331071862
992.4,0.00318937399,0.8599246265381586,0.756076742966884
992.5,0.003189253,0.8607060160293302,0.7566526660153253
992.6,0.00318916217,0.8612830260688296,0.7571396945580408
992.7,0.003189101535,0.861809016643635,0.7574373604619684
992.8,0.003189070625,0.862464114110132,0.7576397230111567
992.9,0.00318906862,0.8631723798906986,0.7579556164356605
993.0,0.0031890951,0.8638479479749266,0.7584722450643581
993.1,0.003189147975,0.8645566472952793,0.758844391846917
993.2,0.003189226425,0.865328530327081,0.7587389411479066
993.3,0.003189330535,0.8661103093757414,0.7583060422466126
993.4,0.00318946111,0.8669143497499453,0.7581496034988343
993.5,0.003189616165,0.8678049033026437,0.7585405370054618
993.6,0.003189794345,0.8688219310923903,0.7591991404893603
993.7,0.00318999567,0.869986764533303,0.7599777967949232
993.8,0.00319021807,0.8713130381374984,0.761099515018258
993.9,0.00319046014,0.8727295131499636,0.762525395959128
994.0,0.00319072117,0.8741160676339962,0.7639336274324704
994.1,0.003191000625,0.8753891666409369,0.7652371307731126
994.2,0.003191297195,0.8765226407039816,0.7663638189960253
994.3,0.00319160884,0.8775038606206624,0.7670809754838016
994.4,0.003191932085,0.8782979358629691,0.7675496131431229
994.5,0.00319226289,0.8788736892654073,0.7681352814119756
994.6,0.003192597355,0.8792341681728508,0.7688448980773832
994.7,0.003192930285,0.8794203138207614,0.7694114089142344
994.8,0.003193258175,0.8794763032850336,0.7698580051594982
994.9,0.003193576665,0.8794364176247035,0.7704120501567
995.0,0.003193881645,0.8793320916158631,0.7711014223990478
995.1,0.00319417027,0.8791997111846263,0.77173606809737
995.2,0.003194439355,0.8790430525253623,0.7721612826630335
995.3,0.00319468527,0.8788151425447149,0.7723414969840139
995.4,0.003194904855,0.8784635543444811,0.7722686937158597
995.5,0.00319509414,0.8779688037670232,0.7719406046286748
995.6,0.003195249345,0.8773194051495997,0.7714140108680799
995.7,0.00319536631,0.8764963958389534,0.7707785106565559
995.8,0.003195442655,0.8755048149497009,0.7701185877037429
995.9,0.00319547658,0.8744096243347329,0.7694606313879309
996.0,0.00319546747,0.8733015657562558,0.7687491046341899
996.1,0.00319541594,0.872249616022572,0.7680302705359368
996.2,0.0031953234,0.8712831301754363,0.7673746264323178
996.3,0.00319518996,0.8704386575037807,0.7667363176369615
996.4,0.00319501736,0.8697081995127092,0.7659844591167339
996.5,0.00319480738,0.8689975712544673,0.7651812418398052
996.6,0.00319456241,0.8682855732618283,0.7643796079255739
996.7,0.00319428507,0.867816853921098,0.7634004803096003
996.8,0.00319397759,0.8678762928541038,0.7620719007763972
996.9,0.003193642165,0.8684221257281093,0.7604561671082853
997.0,0.00319328318,0.8693286134387467,0.7589200288316448
997.1,0.0031929049,0.8705757754567394,0.7577586951249482
997.2,0.00319250964,0.8721165444409511,0.7566632406161974
997.3,0.00319209885,0.8738440559756777,0.7553969714316855
997.4,0.00319167335,0.8755905113141054,0.7542526588739861
997.5,0.00319123531,0.8771602394993981,0.7532451878090917
997.6,0.003190787285,0.878466620538911,0.7523181415161291
997.7,0.003190331985,0.879556351065847,0.7516093793639234
997.8,0.00318987047,0.8805043894809207,0.7508772940278574
997.9,0.003189404455,0.8812915909185013,0.7500214362244252
998.0,0.003188934975,0.8818476025527044,0.7493725528281968
998.1,0.0031884636,0.8821562640309195,0.7490253251585661
998.2,0.003187991485,0.8822239276534924,0.7488379542895207
998.3,0.003187519105,0.8822132211057291,0.7487375301387561
998.4,0.00318704761,0.8823915756038586,0.7485986654602821
998.5,0.003186577805,0.8827279270797227,0.7484160195465877
998.6,0.003186111405,0.8829491643175736,0.7483633287546017
998.7,0.00318565009,0.8828653780415024,0.7484962306902191
998.8,0.003185195525,0.8827651926517796,0.7487517678366622
998.9,0.00318475059,0.8826534650506473,0.749001800912776
999.0,0.003184317735,0.8821447783681781,0.7491923070912897
999.1,0.00318389912,0.881476511345277,0.749352591148476
999.2,0.003183498135,0.8808041665351116,0.749422403620424
999.3,0.00318311641,0.8799148067876216,0.7494329719381106
999.4,0.00318275517,0.878880519087836,0.7496847140406281
999.5,0.003182414545,0.8778716468726182,0.750322727526275
999.6,0.00318209469,0.8770163734054197,0.75114346232384
999.7,0.00318179578,0.8764356751361447,0.7518566352721314
999.8,0.0031815172,0.8761812815294276,0.7523541944334218
999.9,0.00318125722,0.876142853568089,0.7527759469639809
1000.0,0.00318101389,0.8762561079832508,0.753209009228093
1000.1,0.003180782225,0.8765673078683303,0.7535439218545215
1000.2,0.00318056922,0.8770419208368786,0.7536709301623208
1000.3,0.003180368785,0.8774788535431399,0.7538250189987941
1000.4,0.003180179365,0.8776836979505246,0.7544377929290621
1000.5,0.003179997375,0.8777315255570828,0.7555569727455328
1000.6,0.00317982081,0.8778349216544977,0.7568752478548322
1000.7,0.00317964925,0.8780595832283413,0.758159863940441
1000.8,0.00317948299,0.8782895603769547,0.7593566662281966
1000.9,0.00317932079,0.8783870942624781,0.7605344618803981
1001.0,0.00317916183,0.8783974049695671,0.7617257161155274
1001.1,0.003179006345,0.8783397881603002,0.7628198825712903
1001.2,0.003178853365,0.8781466430439575,0.7636831231174585
1001.3,0.003178702155,0.8778852751015495,0.7643317677526451
1001.4,0.003178552985,0.8776559011387256,0.7649107192964045
1001.5,0.00317840571,0.8774205267339334,0.7654955896007234
1001.6,0.00317825957,0.8771640785256208,0.7659187369984207
1001.7,0.00317811397,0.8770698810114955,0.7661697502514425
1001.8,0.00317796633,0.8772531301109796,0.7662988759926904
1001.9,0.003177814925,0.8775046585851966,0.7661960893642502
1002.0,0.00317765822,0.8776508934400358,0.7660993471600756
1002.1,0.003177494235,0.8777976812151821,0.7660613276057818
1002.2,0.003177321075,0.8781090884453766,0.7659681856667883
1002.3,0.003177135895,0.8786031667220066,0.7657315106426373
1002.4,0.00317693629,0.8792580191442768,0.765294822980603
1002.5,0.003176721055,0.8801418371223259,0.7647293237365863
1002.6,0.00317649001,0.8812456482675354,0.7641474002461766
1002.7,0.003176243575,0.8824191776369132,0.7636134740083284
1002.8,0.003175982975,0.8835248800209,0.7631187611299822
1002.9,0.00317570983,0.8845335825901145,0.7627565669129499
1003.0,0.003175425635,0.8854515999457907,0.7625701448048859
1003.1,0.003175131705,0.886302041643488,0.7625891200245135
1003.2,0.003174830055,0.887133489272002,0.7628792335397019
1003.3,0.00317452133,0.8879703153071385,0.7633165872193788
1003.4,0.003174206575,0.8887554118776413,0.763764195057477
1003.5,0.00317388771,0.8894640357997704,0.7641768998011937
1003.6,0.003173566445,0.8901731560935386,0.7645092740207583
1003.7,0.003173244425,0.8909888706260432,0.7647518615222831
1003.8,0.00317292471,0.891973728507017,0.7649218907998807
1003.9,0.003172609535,0.8931159110648974,0.7650316140649001
1004.0,0.003172301805,0.8943460770666342,0.76510801131505
1004.1,0.00317200375,0.8956021297918365,0.7650953946789532
1004.2,0.00317171763,0.8968427824298509,0.765038732913853
1004.3,0.003171441915,0.8980250768427324,0.7651678837878422
1004.4,0.0031711739,0.8991267894040491,0.765477236416441
1004.5,0.00317091038,0.9001325702920958,0.7656512178175969
1004.6,0.00317064817,0.901061143399088,0.7656205495901126
1004.7,0.003170383935,0.9019048118230242,0.7654303764204201
1004.8,0.003170114715,0.9025467711490441,0.764903242305889
1004.9,0.003169838125,0.9029378428857482,0.7638671136328086
1005.0,0.00316955256,0.9031732487064671,0.7628892049547845
1005.1,0.00316925674,0.9033146580749905,0.7621133383834979
1005.2,0.003168949095,0.903336435595265,0.7610578574996715
1005.3,0.0031686308,0.9031818064048555,0.7605246538281335
1005.4,0.003168302975,0.9027982493577786,0.7611070674069973
1005.5,0.003167966085,0.9021092415401786,0.7621115036933883
1005.6,0.0031676211,0.9010991566701965,0.7631757873198302
1005.7,0.003167269635,0.8999174151776221,0.7642860261636089
1005.8,0.003166913255,0.8987507784625263,0.7654309481902831
1005.9,0.003166553185,0.8977109489932997,0.7666995672860998
1006.0,0.00316619133,0.8968282934045325,0.7678606810813107
1006.1,0.003165828845,0.8961183939957862,0.7687328060515032
1006.2,0.00316546687,0.8955708269626361,0.7692716583066321
1006.3,0.003165106825,0.8952059749582189,0.769553170141135
1006.4,0.003164750185,0.8949939740027693,0.7702897542378809
1006.5,0.003164397785,0.8947154529644725,0.7713833489237809
1006.6,0.00316404952,0.8940595512502562,0.7722647227427455
1006.7,0.00316370811,0.8930393881510412,0.7731336747043578
1006.8,0.003163376565,0.8921825690202572,0.7742080302768473
1006.9,0.00316305662,0.8919769831970061,0.7753988321226345
1007.0,0.00316275096,0.8923108590978591,0.7765505399894405
1007.1,0.003162461475,0.8927631604753816,0.7775466447721142
1007.2,0.00316218914,0.8930369377087714,0.7783662800122505
1007.3,0.00316193398,0.8931232372589656,0.7790854596856955
1007.4,0.00316169579,0.8933493376822443,0.7797174538798183
1007.5,0.00316147506,0.8938662490542807,0.7802406798530883
1007.6,0.00316127142,0.8942605691977888,0.7807328983068674
1007.7,0.00316108527,0.8942428631815931,0.7812691493232793
1007.8,0.003160915805,0.894036579924773,0.781819531223447
1007.9,0.003160761565,0.8937855478221953,0.7822977947226589
1008.0,0.00316062158,0.893439042718875,0.7826366720390163
1008.1,0.003160496725,0.8930610839899069,0.7827596591082191
1008.2,0.003160384945,0.8927441161407157,0.7826260911549591
1008.3,0.0031602827,0.892502986338182,0.7822900475551752
1008.4,0.003160186495,0.8922716897206542,0.7818978259955597
1008.5,0.003160095465,0.8918930524076729,0.7814656119614641
1008.6,0.00316000988,0.8912962314848999,0.780918164308835
1008.7,0.003159928155,0.8906339334880407,0.7802682504702162
1008.8,0.00315984918,0.8901239776021392,0.7795778729182192
1008.9,0.003159770495,0.8897959262140661,0.7788126626292138
1009.0,0.00315969008,0.8895630650833967,0.7779141105816193
1009.1,0.00315960696,0.8893834853641321,0.7769734297765403
1009.2,0.00315952006,0.8892059602464633,0.7760808781709141
1009.3,0.00315942759,0.8889310583229034,0.7751425158612134
1009.4,0.0031593281,0.8884974117225578,0.7740644092270957
1009.5,0.00315921929,0.8879624047768367,0.7728868774686772
1009.6,0.00315909985,0.8874159373011155,0.7717149942938498
1009.7,0.003158968075,0.8868251356698668,0.7707179595997505
1009.8,0.003158821865,0.8861299577642952,0.7699784978041339
1009.9,0.003158659125,0.8854145857011461,0.7693979943136036
1010.0,0.00315847639,0.8848386375199635,0.7688741337386176
1010.1,0.00315827169,0.8844370288814992,0.7684222282017692
1010.2,0.00315804367,0.884082958823069,0.7679689026650416
1010.3,0.0031577906,0.8836408299225587,0.7674284104985474
1010.4,0.00315751252,0.8831596196094378,0.7667444417955637
1010.5,0.00315721006,0.8829118296304785,0.7658291513423109
1010.6,0.003156882455,0.8831070481979726,0.7647959883326955
1010.7,0.00315653037,0.8836704739908379,0.7638491751387565
1010.8,0.003156155335,0.8844404155183797,0.7629600792850494
1010.9,0.00315575758,0.8853509244676137,0.7619933295441309
1011.0,0.00315533693,0.8863739464161434,0.761046434668783
1011.1,0.00315489294,0.887487948887921,0.7603837471144348
1011.2,0.003154424435,0.8886781098488069,0.7601110820048445
1011.3,0.00315393275,0.8899191331947546,0.7601249929771146
1011.4,0.00315341917,0.8911992128205717,0.7602993827853152
1011.5,0.003152884365,0.8925248078407538,0.7605291714383694
1011.6,0.00315233036,0.8938540533915996,0.7608554635345566
1011.7,0.003151759505,0.8951157421340225,0.7613269034945249
1011.8,0.00315117273,0.8962489962855812,0.7618077745156393
1011.9,0.003150572265,0.8972056866468231,0.7622087297028316
1012.0,0.003149960235,0.8979869064919911,0.7625900562191243
1012.1,0.003149339405,0.8987258719159686,0.7629088776079812
1012.2,0.00314871188,0.8995986566206182,0.7630937729020155
1012.3,0.00314807892,0.9006410559126352,0.7633178941219226
1012.4,0.003147443165,0.9017191939626795,0.7637335770954751
1012.5,0.003146807345,0.9026317637966944,0.7641815179423945
1012.6,0.00314617252,0.9032641663978619,0.7645188747279076
1012.7,0.0031455396,0.9036406988437653,0.7647565173625958
1012.8,0.003144910185,0.9038153713953049,0.7648766644320397
1012.9,0.003144286345,0.9038115198027116,0.7648738244322808
1013.0,0.003143669135,0.9036499916748346,0.7648103328447518
1013.1,0.00314306002,0.9033737514328044,0.764654271088092
1013.2,0.003142459865,0.9030147993393907,0.7643082058077432
1013.3,0.003141868225,0.9025798207037599,0.7638455748735756
1013.4,0.003141285035,0.9020598431372935,0.7632981272209464
1013.5,0.00314070783,0.9014484200918667,0.7625325964894901
1013.6,0.003140134585,0.9007132685613707,0.7616231368322024
1013.7,0.003139565795,0.8998060268684964,0.7606774294788776
1013.8,0.00313900245,0.8986892597951835,0.7595263876297141
1013.9,0.00313844342,0.8973478876966952,0.7583084298570293
1014.0,0.0031378874,0.8957685273883266,0.7571398516376735
1014.1,0.00313733275,0.8939679486916627,0.7559044014770934
1014.2,0.003136777645,0.8920081729288709,0.7544772199168647
1014.3,0.00313622026,0.8899632725715375,0.75291839305808
1014.4,0.00313565989,0.8878659830151128,0.7513080315134057
1014.5,0.003135096165,0.8857008664732973,0.7498701685381548
1014.6,0.003134528955,0.8834389888777509,0.7487298018208283
1014.7,0.00313395826,0.881075072352816,0.7477504228774422
1014.8,0.003133383575,0.8786743049460545,0.7469848732964302
1014.9,0.00313280552,0.8763476100108794,0.7465447047497357
1015.0,0.003132223225,0.8742303210756219,0.7463097827342856
1015.1,0.003131634655,0.8724226675123022,0.7461109576184252
1015.2,0.003131037455,0.8708783799443184,0.7459190628559587
1015.3,0.00313043031,0.8694738429839367,0.7457694664969801
1015.4,0.00312981371,0.8681767861914197,0.7456070524399747
1015.5,0.003129190945,0.8670282890323058,0.7453792429902922
1015.6,0.00312856263,0.8660016731017802,0.7451274317727364
1015.7,0.003127929815,0.8650200447780543,0.7448376324168134
1015.8,0.003127292465,0.8640669609651789,0.7445366741237848
1015.9,0.003126649995,0.8631655752010109,0.7443545182985444
1016.0,0.00312600116,0.8623268893430233,0.7443714012174647
1016.1,0.003125345395,0.8615359179942584,0.7445337398762464
1016.2,0.003124684435,0.8607640098297155,0.7446994463223526
1016.3,0.00312401827,0.860016065733934,0.7449000495796549
1016.4,0.003123346335,0.8593403280037029,0.7451159209772538
1016.5,0.00312266727,0.8587992515009751,0.7451795382284889
1016.6,0.003121979825,0.858407815339523,0.7450977688549013
1016.7,0.00312128267,0.8581492182818355,0.7451453451340472
1016.8,0.003120575845,0.8580059428072758,0.7454391845781227
1016.9,0.00311985857,0.8579492056439519,0.746017438688313
1017.0,0.003119134205,0.8579416909543247,0.7467836040214852
1017.1,0.00311840634,0.8579801251988487,0.7475983006779702
1017.2,0.00311767567,0.8581225461602064,0.7483831584874312
1017.3,0.00311694479,0.8584675055999413,0.7490759990480685
1017.4,0.00311621921,0.8590930218300123,0.7496089325426382
1017.5,0.003115502205,0.8600083876814887,0.7500308610023859
1017.6,0.003114796675,0.8611361817450156,0.750338190445316
1017.7,0.003114108895,0.862376853232586,0.7506026497148952
1017.8,0.003113442525,0.8636788611751252,0.7512051443540007
1017.9,0.003112799875,0.8650512219435487,0.7522679891310072
1018.0,0.003112182445,0.8665254582785427,0.7534510375261255
1018.1,0.00311159276,0.8680970777026129,0.7543539563875084
1018.2,0.003111032615,0.8697211303080714,0.755067072787132
1018.3,0.00311050337,0.8713183097299712,0.7559459521815297
1018.4,0.003110005375,0.8728260103099115,0.7570333704962726
1018.5,0.00310953715,0.8742100326702651,0.7581429621719646
1018.6,0.0031090974,0.8754370193802363,0.7591575332362562
1018.7,0.00310868365,0.8764462246042756,0.7600571471421675
1018.8,0.00310829205,0.8771560925970955,0.7608004605303775
1018.9,0.003107918475,0.8774978915946207,0.7614089681778219
1019.0,0.00310755932,0.8774159902741415,0.762109882631579
1019.1,0.00310721109,0.8768280600585783,0.7630626585683745
1019.2,0.00310687091,0.8757889782884033,0.7640424710515467
1019.3,0.00310653589,0.8745537103401971,0.7647669160342792
1019.4,0.00310620386,0.873094547366755,0.7653234240401213
1019.5,0.003105873685,0.8716178040408232,0.765904260539473
1019.6,0.003105543125,0.8707746696876381,0.7665616325190513
1019.7,0.00310521099,0.8708036414550895,0.7672013864470284
1019.8,0.003104876805,0.8709953225892556,0.7676687172038058
1019.9,0.00310454138,0.8708956021552453,0.7679280305446183
1020.0,0.003104206595,0.8707745817230438,0.7680977016806534
1020.1,0.003103874615,0.8708439292392791,0.7682422212259039
1020.2,0.00310354768,0.8710876854132712,0.7683477096240261
1020.3,0.00310322825,0.8714633947618993,0.7685826504890322
1020.4,0.00310291919,0.8719760649838533,0.7690758805356458
1020.5,0.00310262381,0.8726306660787112,0.769671947476182
1020.6,0.003102345585,0.8733960020314228,0.7702183772527914
1020.7,0.00310208876,0.8742150780680668,0.770679267744629
1020.8,0.00310185765,0.8750413232191462,0.7709880360369944
1020.9,0.003101655575,0.8758281099664965,0.7710603492166948
1021.0,0.003101484905,0.8765608236210932,0.7710030968321757
1021.1,0.0031013462,0.8773294268301646,0.7709711782508153
1021.2,0.00310124062,0.8782038828621059,0.7709204352462744
1021.3,0.00310116918,0.8791352080042627,0.7708473241020402
1021.4,0.003101131,0.8800273700523997,0.7708590610921939
1021.5,0.00310112568,0.8808396476825412,0.7709429227664889
1021.6,0.003101152565,0.8815713246115624,0.7709296149800082
1021.7,0.00310120938,0.88220884172557,0.7707290180058912
1021.8,0.0031012929,0.8827079528336311,0.7704795315668991
1021.9,0.00310140104,0.8830249395323784,0.7703027101659844
1022.0,0.003101534385,0.8831484732387028,0.7701681494694458
1022.1,0.003101692385,0.8831011608533397,0.770095170272103
1022.2,0.003101872815,0.8829095990996945,0.7701355962863694
1022.3,0.003102073475,0.8825746110750422,0.7702717026464935
1022.4,0.00310229217,0.8820703351886586,0.7704896412120583
1022.5,0.003102526505,0.8813744724158885,0.7708231212722368
1022.6,0.003102775185,0.8805046722242595,0.7712335892019844
1022.7,0.00310303743,0.8795083789460266,0.7716091100550533
1022.8,0.003103311625,0.878417919569595,0.772006678605365
1022.9,0.003103595085,0.8772266527680951,0.7726533691699211
1023.0,0.00310388823,0.8758897417311746,0.7736087023631366
1023.1,0.00310419191,0.8743922450441733,0.774664076432813
1023.2,0.00310450343,0.8727920559765113,0.7755786191870141
1023.3,0.00310481728,0.8712059412439376,0.7763051501872686
1023.4,0.003105129875,0.8697286575640694,0.7768677842987853
1023.5,0.003105437855,0.8684147555517437,0.7772195232954665
1023.6,0.00310573553,0.8672416094566698,0.7773493841693953
1023.7,0.003106018785,0.8661335068958955,0.7773233906317795
1023.8,0.00310628456,0.8651208961854199,0.7771995804653016
1023.9,0.003106532985,0.8643683213820671,0.776934153585185
1024.0,0.00310676307,0.8639863225649467,0.7765093474265666
1024.1,0.00310697323,0.8639064318637657,0.7760025708324307
1024.2,0.0031071638,0.8639964070773646,0.7754818204341717
1024.3,0.003107336855,0.8641673851159435,0.7749390223386697
1024.4,0.003107493475,0.8643823957171552,0.7743673844226079
1024.5,0.003107634385,0.8646217787941733,0.7737731207562548
1024.6,0.00310775954,0.8648889021343229,0.7732071377069694
1024.7,0.00310787009,0.8652093508681744,0.7727410761536241
1024.8,0.00310796763,0.8655344994246356,0.772372630167211
1024.9,0.00310805545,0.8657513509991424,0.7720188240025638
1025.0,0.00310813535,0.8657863734740444,0.7717308153544532
1025.1,0.003108205655,0.8656283010980864,0.7715447639543224
1025.2,0.003108264615,0.8653026687363566,0.7714179818411941
1025.3,0.003108310915,0.8648543320487627,0.7713072281337844
1025.4,0.00310834219,0.8643702251872152,0.7712091099120275
1025.5,0.00310835679,0.8639667630090853,0.7710913001875179
1025.6,0.003108353215,0.8637505083371828,0.770929281971187
1025.7,0.003108330065,0.8637493647974568,0.770709131724394
1025.8,0.003108286065,0.8638783585918134,0.7704079975021768
1025.9,0.003108220735,0.8639972741569371,0.7700415935509886
1026.0,0.00310813513,0.8640521514974099,0.7696343049130067
1026.1,0.003108030275,0.8641708345846771,0.7692009787551117
1026.2,0.00310790713,0.864512011546857,0.7687611243676826
1026.3,0.00310776558,0.8650711899064548,0.7683359663506869
1026.4,0.003107604755,0.8657422592300027,0.7679350111634946
1026.5,0.00310742377,0.8664681807612824,0.7675437572144165
1026.6,0.0031072212,0.8671978910533025,0.767135720877383
1026.7,0.00310699465,0.8678539561303369,0.7667280866642091
1026.8,0.003106741575,0.8684080388266505,0.7663426635110961
1026.9,0.00310646111,0.8688444374621606,0.7659348596519189
1027.0,0.00310615294,0.8690432939939476,0.7655806764961531
1027.1,0.003105818255,0.8688175202963047,0.7652636960805913
1027.2,0.003105457815,0.8681197097360893,0.7648974052267387
1027.3,0.00310507003,0.8671310630943753,0.7644915868541186
1027.4,0.003104655765,0.8660871558378844,0.7640611760942061
1027.5,0.003104216305,0.865088192205896,0.7635449621557389
1027.6,0.003103753145,0.8641254574203886,0.7629474814985086
1027.7,0.00310326768,0.863220088116736,0.7622835875725813
1027.8,0.00310276151,0.86238164101979,0.761476468437577
1027.9,0.003102235255,0.8615257266676901,0.7605448354193403
1028.0,0.003101689685,0.8605823755088555,0.7595587711667874
1028.1,0.00310112604,0.8596288393066379,0.7585266888650448
1028.2,0.00310054543,0.8587900843336118,0.7574332638251481
1028.3,0.0030999486,0.8580026818341016,0.7563023281689676
1028.4,0.00309933648,0.8570857640358541,0.7551511041074302
1028.5,0.00309871016,0.8559688524492792,0.7540515529618592
1028.6,0.0030980704,0.8547231983957602,0.753169758169479
1028.7,0.003097419235,0.8534341589476953,0.7525598933540082
1028.8,0.003096759215,0.8521210234839772,0.7521051289678451
1028.9,0.003096092915,0.8508094462502153,0.7517225709472322
1029.0,0.0030954207,0.8495921293624317,0.7513526672618279
1029.1,0.0030947416,0.8484673826437787,0.7508203558026036
1029.2,0.003094056095,0.8473233653957887,0.7499475585315833
1029.3,0.00309336617,0.8460977861193262,0.7486996362481685
1029.4,0.003092674875,0.8447342595094446,0.7474469198943642
1029.5,0.003091985395,0.843182777694284,0.7467503157057278
1029.6,0.0030913013,0.8414438181959277,0.746903009675063
1029.7,0.00309062623,0.8395489288878031,0.7475366877628479
1029.8,0.003089963885,0.8376347753335268,0.7481640826653257
1029.9,0.00308931623,0.8359030100823472,0.7486127837776674
1030.0,0.003088684275,0.8343428888873892,0.7488993033108601
1030.1,0.00308806871,0.8329104545842437,0.7491765739952806
1030.2,0.003087469365,0.8316233063749562,0.7496582052818171
1030.3,0.003086885835,0.8305601474386842,0.75036701141632
1030.4,0.003086319225,0.8298417154642908,0.7511828516125307
1030.5,0.003085770305,0.829471843194813,0.7521172743650439
1030.6,0.003085240305,0.8293814470077987,0.7532261497576108
1030.7,0.003084731255,0.829501625493169,0.7545781530056392
1030.8,0.003084245485,0.8298288789167081,0.7562518113590979
1030.9,0.00308378686,0.8304523279788131,0.7581825273898439
1031.0,0.0030833588,0.8314439465671775,0.7602316751804451
1031.1,0.00308296455,0.8327292035376875,0.7622700033259472
1031.2,0.003082608315,0.8341552415581903,0.764159168652257
1031.3,0.003082293465,0.8356517957673957,0.7658231194844161
1031.4,0.003082022,0.8372429684641416,0.7672676991847603
1031.5,0.00308179522,0.8389400882315375,0.7685674703133301
1031.6,0.00308161509,0.8406807504731119,0.769798132686706
1031.7,0.00308148186,0.842420790679341,0.7709728181621804
1031.8,0.003081395475,0.8441868872550391,0.7720606134680418
1031.9,0.00308135503,0.846069185059808,0.7730556563923986
1032.0,0.00308135995,0.8480570466609229,0.7739880559592428
1032.1,0.003081409495,0.8499791547277981,0.7748609537612281
1032.2,0.00308150162,0.8517053719263513,0.7756554876760622
1032.3,0.003081633735,0.8531989164897945,0.7763240500086726
1032.4,0.00308180207,0.854428322226109,0.7768226333291679
1032.5,0.00308200205,0.8553746139156675,0.7771736246267975
1032.6,0.00308223043,0.856042277752779,0.7773757107158323
1032.7,0.00308248433,0.8564121688718126,0.7774064731910963
1032.8,0.00308276061,0.8564785884236948,0.7772811047946622
1032.9,0.00308305543,0.8562808314493366,0.7770120587998087
1033.0,0.0030833647,0.8558738569706199,0.7766209179480662
1033.1,0.003083684645,0.8553190768407373,0.7761350015291502
1033.2,0.003084012135,0.8546607184010657,0.7755806926381655
1033.3,0.003084343745,0.8539431346566886,0.7749771110080019
1033.4,0.00308467843,0.8531866517120749,0.7743286548683744
1033.5,0.00308501488,0.8522933775401385,0.7736352676706153
1033.6,0.00308535209,0.8510628471136539,0.7728919542824053
1033.7,0.003085688705,0.8494093515018458,0.7721033014290188
1033.8,0.003086024255,0.8476266924496781,0.7712670471637451
1033.9,0.003086358165,0.8463385137980002,0.7703663839658874
1034.0,0.003086690585,0.8458660685283828,0.7694055152864163
1034.1,0.00308702121,0.8459053572861085,0.7684085434241702
1034.2,0.003087350085,0.8459996993134958,0.7673656603268845
1034.3,0.003087677665,0.84593719418606,0.7662601841375687
1034.4,0.00308800395,0.8456444040339308,0.76507231653932
1034.5,0.003088328485,0.845038918598619,0.7638156731946987
1034.6,0.00308865141,0.844325242995503,0.7625525330364699
1034.7,0.00308897246,0.8442886497242741,0.7612654853581472
1034.8,0.003089293895,0.8451686915079536,0.7599095614024872
1034.9,0.00308961517,0.8462862125635032,0.7585193061223088
1035.0,0.00308993505,0.8472841269035455,0.7571040311982372
1035.1,0.003090252365,0.8482911769950242,0.7556502654809738
1035.2,0.00309056616,0.8495260176866295,0.7541713041906287
1035.3,0.00309087556,0.8510637770250794,0.7526774580342908
1035.4,0.00309117959,0.8526666678624232,0.7511852140902062
1035.5,0.003091476945,0.8541901957861523,0.7496752641299261
1035.6,0.00309176576,0.855802040162559,0.7481319253229236
1035.7,0.00309204458,0.8572659092417962,0.7466175457170019
1035.8,0.00309231182,0.8583045637553702,0.7452038792883688
1035.9,0.003092567475,0.8591595544792299,0.7439232216095036
1036.0,0.00309281046,0.8600077907788845,0.7428195486943711
1036.1,0.003093040595,0.8607833494740909,0.7419772374384611
1036.2,0.003093258925,0.8614155195974021,0.7414230039457002
1036.3,0.003093466155,0.861848701242035,0.7410763229131913
1036.4,0.003093663545,0.8621071977687578,0.7408754683284765
1036.5,0.00309385206,0.8623133239459451,0.7408246813416387
1036.6,0.0030940337,0.8625744845432379,0.7408783900096444
1036.7,0.003094211635,0.8629079771697872,0.7409486800036759
1036.8,0.003094387595,0.8632126111262204,0.741043857694709
1036.9,0.00309456261,0.8634715600422853,0.7412064225481616
1037.0,0.003094740435,0.8638295822242735,0.7413657389948105
1037.1,0.003094921595,0.864329108022565,0.7415621388011423
1037.2,0.003095103855,0.864782885948635,0.741904107444671
1037.3,0.003095286075,0.8649334247854096,0.7424105887290973
1037.4,0.00309547165,0.8646433238365917,0.7430332461098536
1037.5,0.003095663945,0.863944030444644,0.7437912181693851
1037.6,0.003095864095,0.8630162427358152,0.7446458067693853
1037.7,0.00309607419,0.8622655591712399,0.7454974611218469
1037.8,0.003096297045,0.8619221202623494,0.746321758485481
1037.9,0.003096536235,0.8618023753167653,0.7470891301902323
1038.0,0.00309679498,0.8617336435526899,0.7477538220806934
1038.1,0.00309707556,0.8618350038980653,0.748380004328407
1038.2,0.00309738127,0.8622701584628848,0.7490110811774747
1038.3,0.003097714765,0.8629733285801671,0.7496434837786424
1038.4,0.00309807697,0.8638057689519595,0.7502423278870844
1038.5,0.003098467755,0.8646496133050842,0.7508167555374227
1038.6,0.00309888545,0.8654067811168966,0.7513685762870257
1038.7,0.00309932715,0.8660884061917606,0.7518693398728226
1038.8,0.003099789465,0.8667865623271679,0.752361193901854
1038.9,0.003100270065,0.8675624980134927,0.7528332056316852
1039.0,0.003100765775,0.8683625925473236,0.7532199231209715
1039.1,0.003101275045,0.8690140457663427,0.7535184686708422
1039.2,0.00310179667,0.8693594450290489,0.7536875680370143
1039.3,0.003102328105,0.869371596709433,0.7537175953795973
1039.4,0.00310286791,0.8691195844299474,0.7537610498891817
1039.5,0.003103415005,0.8686840403076389,0.7538797329764491
1039.6,0.00310396913,0.868097385578693,0.753960773500541
1039.7,0.00310453194,0.8673666574106532,0.7540130119031849
1039.8,0.003105103565,0.8665191688100502,0.7541143596821898
1039.9,0.003105683875,0.8656128193294896,0.754241060113909
1040.0,0.00310627321,0.8647284421479481,0.754382482048803
1040.1,0.003106871495,0.8639309488528343,0.7545529008838896
1040.2,0.003107479665,0.8632104057281776,0.7547027485702806
1040.3,0.00310809882,0.8625416925991197,0.7548834906788269
1040.4,0.003108728825,0.8619343599073278,0.755211950473945
1040.5,0.003109368775,0.8614171218096555,0.7556523389321252
1040.6,0.003110018925,0.8610038201633345,0.7560862745589949
1040.7,0.00311067816,0.8606806382438744,0.7565682200047968
1040.8,0.003111344495,0.8604382706538354,0.757157739866243
1040.9,0.003112015545,0.8602858531446538,0.7578462136130919
1041.0,0.00311269119,0.8602460554489182,0.7586625564641272
1041.1,0.003113372225,0.8603753508361692,0.7596400818678476
1041.2,0.003114059255,0.8607448272649726,0.7606370788628349
1041.3,0.003114750555,0.8614245799506152,0.7616143026736606
1041.4,0.00311544439,0.862449612518443,0.7625701385217005
1041.5,0.00311613947,0.8638291235517462,0.7634258141127588
1041.6,0.00311683471,0.8655128412848818,0.7642059155509423
1041.7,0.00311753098,0.8673873039575726,0.7648973172621443
1041.8,0.003118229205,0.8692975493705879,0.765280604132253
1041.9,0.003118928765,0.8710934533773831,0.7655586350820955
1042.0,0.00311962916,0.8727013581966022,0.7659634418618813
1042.1,0.003120331115,0.874194707981301,0.766312592186216
1042.2,0.003121032955,0.8757231116568283,0.7664404864231437
1042.3,0.003121731935,0.8773036657704051,0.7662621507745699
1042.4,0.003122424885,0.8787874211311396,0.7658046783355394
1042.5,0.003123109665,0.8800061705851734,0.765212085996478
1042.6,0.003123784425,0.8809057530751582,0.7643918287209964
1042.7,0.00312444694,0.881535032933228,0.7634197068566403
1042.8,0.003125095795,0.881941850332312,0.7625952272806321
1042.9,0.00312573011,0.8821451553592965,0.7618803201731958
1043.0,0.003126347995,0.8821251371309077,0.7611537389074591
1043.1,0.00312694688,0.8818854838769213,0.7603958548125217
1043.2,0.00312752437,0.8814729110800961,0.7594783526780408
1043.3,0.003128079345,0.8809704636006367,0.7584020995835886
1043.4,0.003128610815,0.8804683554131841,0.75746357391107
1043.5,0.003129118595,0.8799910658076948,0.7567536682191383
1043.6,0.003129603505,0.8794597470917492,0.7562085264955167
1043.7,0.00313006517,0.8787853288304324,0.7559237474046542
1043.8,0.00313050514,0.8779664978380155,0.7557966699818165
1043.9,0.00313092427,0.8771031693272531,0.7555450284102639
1044.0,0.003131323805,0.8762870526708888,0.755259652416797
1044.1,0.00313170483,0.8755325489296466,0.7550715275655149
1044.2,0.00313206884,0.8747877966920015,0.7550996762356911
1044.3,0.003132417855,0.8740059171123761,0.7554510508076244
1044.4,0.003132751805,0.873186552049208,0.7560713394275198
1044.5,0.00313306934,0.8722958288505062,0.756800829808054
1044.6,0.003133369605,0.8712915245110067,0.7575613716903762
1044.7,0.00313365259,0.8701820961981327,0.7582908432213544
1044.8,0.003133919345,0.8690218557656795,0.7589865237817507
1044.9,0.003134171915,0.8678531832985442,0.7597818242451922
1045.0,0.003134413125,0.8667230393237122,0.7607251565544709
1045.1,0.003134645315,0.8656717933067829,0.7616410690430692
1045.2,0.0031348704,0.8646815507360007,0.7623759566797822
1045.3,0.00313508953,0.8636506496730957,0.7629445912332673
1045.4,0.003135303955,0.8624701773839534,0.7632989691677775
1045.5,0.003135514775,0.8611137884725809,0.763369447657368
1045.6,0.003135721595,0.8596324144390778,0.7633185098740828
1045.7,0.003135924825,0.8580661671384452,0.7632693062499423
1045.8,0.003136124685,0.856444985948672,0.7632095845735974
1045.9,0.00313632168,0.8547739665330424,0.7630944326364728
1046.0,0.003136517575,0.8530647767666715,0.7629676630897152
1046.1,0.00313671353,0.8513851745199122,0.7629019409714021
1046.2,0.003136910555,0.8497918969560881,0.76291509167825
1046.3,0.003137108455,0.8483490953971858,0.7630168981297822
1046.4,0.003137309805,0.8471472602779991,0.7631116862633264
1046.5,0.00313751848,0.8462554123891275,0.763138333252214
1046.6,0.00313773603,0.84569532296766,0.7631020478570651
1046.7,0.00313796417,0.8455032711255609,0.7629392442425709
1046.8,0.003138206495,0.8455382496181659,0.762683914441243
1046.9,0.003138465405,0.8455070975854129,0.7623935558818277
1047.0,0.003138743265,0.8453640294559686,0.7620765000680421
1047.1,0.003139040565,0.8453526820233036,0.7617744861998819
1047.2,0.00313935752,0.8456964162419036,0.761398864815848
1047.3,0.003139693955,0.8465653682035158,0.7609559002516918
1047.4,0.003140050105,0.8478304121668929,0.7605638232053386
1047.5,0.00314042669,0.84900648622632,0.760108926872284
1047.6,0.00314082311,0.8498289803157711,0.7595463241766938
1047.7,0.00314123771,0.8505407144146272,0.7591395319103511
1047.8,0.003141669685,0.851457783009322,0.7589386961751925
1047.9,0.00314211982,0.8525598474290159,0.7588329627328432
1048.0,0.003142588655,0.8535279731875167,0.7587228247775936
1048.1,0.003143075745,0.8541431033122749,0.7584846669217103
1048.2,0.003143580245,0.8545104560244444,0.7581348757124743
1048.3,0.00314410109,0.8549296512985837,0.7577709850354091
1048.4,0.003144637645,0.8556081850462766,0.7573036794113729
1048.5,0.00314518905,0.8564579607263313,0.7567504449450757
1048.6,0.003145755715,0.8572637918083478,0.7562435175544924
1048.7,0.00314633648,0.8579771783849397,0.7557918821946124
1048.8,0.003146928775,0.8585971214296432,0.7555478621268374
1048.9,0.003147530795,0.8590894027152753,0.7556050265467621
1049.0,0.003148140505,0.8594016016268184,0.7556948635302841
1049.1,0.00314875452,0.8594901631237231,0.7555918130080611
1049.2,0.003149369665,0.8593324740220688,0.7556384279598551
1049.3,0.00314998322,0.8589787746715718,0.7560605763310886
1049.4,0.00315059161,0.8585807662982884,0.7566548965461094
1049.5,0.003151189735,0.8582550145560377,0.7574159096673296
1049.6,0.003151774515,0.858003819090642,0.7584275904663799
1049.7,0.003152342315,0.8578134951245023,0.7595945664734824
1049.8,0.00315288984,0.8577417285819237,0.7607456900040548
1049.9,0.003153414115,0.8578974196306502,0.7618137121257544
1050.0,0.00315391254,0.8583609867594286,0.7627789287694582
1050.1,0.00315438175,0.8591508648339501,0.7636433882535758
1050.2,0.00315481977,0.8602273881053704,0.7644022776581623
1050.3,0.00315522591,0.8615243820660344,0.7650355661884582
1050.4,0.003155598515,0.8629551513250734,0.76556925994845
1050.5,0.003155937315,0.864406937838965,0.7660042385840807
1050.6,0.003156243285,0.8657689313516318,0.7663081059919066
1050.7,0.00315651835,0.8669609898344806,0.7664927373921581
1050.8,0.00315676407,0.867928166832,0.7665442155293798
1050.9,0.003156982455,0.868648552877024,0.7664368107597388
1051.0,0.003157174985,0.8692088684931624,0.7661088599026307
1051.1,0.003157343465,0.8696222392545218,0.7655170278289914
1051.2,0.00315748948,0.8698199208306563,0.7648544910710906
1051.3,0.00315761377,0.8699212874592168,0.7641875937825866
1051.4,0.003157716735,0.8700243442646254,0.7634471266773207
1051.5,0.003157798905,0.8700525683330252,0.7626851459455632
1051.6,0.003157859745,0.8699088216195675,0.7619731102538124
1051.7,0.003157899155,0.8695166754581758,0.7613644266771793
1051.8,0.00315791748,0.8688628911774078,0.7607590417728326
1051.9,0.00315791554,0.8679759567394464,0.7600889589093778
1052.0,0.00315789308,0.8668852711683437,0.7594122975509063
1052.1,0.003157849945,0.8656247385320174,0.7587609385796671
1052.2,0.00315778628,0.8642948960785675,0.7581588711971624
1052.3,0.00315770174,0.8630050460995978,0.7576457108867545
1052.4,0.003157596565,0.861756307002093,0.7572453714517222
1052.5,0.00315747169,0.8604513648120155,0.7568902269686045
1052.6,0.00315732786,0.858907228040479,0.7565095476203983
1052.7,0.00315716487,0.8569845544869261,0.756085313231643
1052.8,0.003156982955,0.8549594021810131,0.7556218089347176
1052.9,0.00315678261,0.8532952817028507,0.7551508276472767
1053.0,0.00315656387,0.8520318588012828,0.7547355216648428
1053.1,0.003156328015,0.851041660212798,0.7544941782340088
1053.2,0.003156076565,0.8501618383406042,0.7544988026583949
1053.3,0.003155812125,0.8490667671061571,0.7546386349474061
1053.4,0.003155537955,0.8475500187393745,0.7547757968826618
1053.5,0.003155257895,0.8459470713533629,0.7548397031604211
1053.6,0.00315497492,0.8448670420645412,0.7548310449310679
1053.7,0.00315469083,0.8439796552372376,0.7549362380194806
1053.8,0.003154406745,0.8429335551490746,0.7553569349749082
1053.9,0.00315412351,0.8424296311210683,0.7560266219976886
1054.0,0.00315384289,0.8424728028873139,0.7567039745065438
1054.1,0.00315356619,0.8426170585387814,0.757393189669259
1054.2,0.003153294545,0.8429481509885433,0.7582537661448567
1054.3,0.00315303064,0.8434876566949442,0.7592679036693621
1054.4,0.00315277703,0.8441082469077342,0.7603132937575853
1054.5,0.00315253572,0.8447673341969016,0.7612616274823686
1054.6,0.003152308435,0.8455122812132914,0.7620548733442146
1054.7,0.00315209841,0.846422802728896,0.7627964777060211
1054.8,0.003151908545,0.8475239623699058,0.7636358421480219
1054.9,0.00315174089,0.8486814696167503,0.7644823882708288
1055.0,0.00315159669,0.8498112303172783,0.7653351547470898
1055.1,0.003151477155,0.8509999461455436,0.7663411115643253
1055.2,0.003151382825,0.8522661147990904,0.7674788079278962
1055.3,0.00315131412,0.8535715973431045,0.768668761543667
1055.4,0.003151270195,0.8549321897054476,0.7699083334738087
1055.5,0.00315125163,0.8563135040129339,0.7711277300959289
1055.6,0.00315125821,0.8575966435499955,0.7723010709697475
1055.7,0.00315128813,0.8586605250525778,0.7734691025519816
1055.8,0.00315133915,0.8594727775499782,0.7745990517480689
1055.9,0.00315140832,0.860162231473735,0.7757075187335909
1056.0,0.00315149196,0.8608352862838401,0.7768592328835822
1056.1,0.00315158737,0.8614303353483566,0.7780313359698954
1056.2,0.003151692445,0.86191620150179,0.7791760380850838
1056.3,0.003151805295,0.8623944084523343,0.7803424737382499
1056.4,0.00315192531,0.8629628796430013,0.7815603561127111
1056.5,0.00315205244,0.8636049018008741,0.7827235684918146
1056.6,0.00315218735,0.8642274775002213,0.7837843084017433
1056.7,0.0031523313,0.8647915001956911,0.7848417370730151
1056.8,0.00315248428,0.8653013806833687,0.7859413950327365
1056.9,0.00315264856,0.8658289986031684,0.7870095742340688
1057.0,0.003152826125,0.8664729245661895,0.7879432053052331
1057.1,0.00315301721,0.8672163950340321,0.7886484865727788
1057.2,0.00315322259,0.8679935370919358,0.7890646722011557
1057.3,0.00315344288,0.8686944829616196,0.7891738236963122
1057.4,0.00315367793,0.8692376329154986,0.78898917972969
1057.5,0.003153927035,0.8695316168728362,0.7885799433042627
1057.6,0.003154189115,0.869430935111474,0.788031647421617
1057.7,0.00315446319,0.8688789070167557,0.7873778631408491
1057.8,0.00315474784,0.8680031189495293,0.7865926471898256
1057.9,0.00315504152,0.866996816557102,0.7855860557708741
1058.0,0.00315534206,0.8660500724782014,0.7842903310136423
1058.1,0.00315564593,0.8652382912196992,0.7828080459182697
1058.2,0.00315594945,0.864530666324034,0.7813902891360017
1058.3,0.003156249425,0.8639167300044841,0.7800188896949302
1058.4,0.00315654184,0.8634123787198769,0.7786030430009956
1058.5,0.00315682268,0.863011410966314,0.7774569648682249
1058.6,0.003157088065,0.8626889641795348,0.7768061022686248
1058.7,0.00315733662,0.8623558234113627,0.7764307761943003
1058.8,0.00315756901,0.8618746005318713,0.7761284041845776
1058.9,0.00315778646,0.8612164054550177,0.775858597924302
1059.0,0.003157991745,0.8604951523304212,0.7756677273210405
1059.1,0.003158188775,0.8597825134528809,0.7756199374135941
1059.2,0.00315837824,0.8590770562561466,0.7756803251075814
1059.3,0.00315855919,0.8583964176413759,0.7757588209416241
1059.4,0.003158732425,0.8577910201706586,0.7757805356300457
1059.5,0.003158897765,0.8572830623376849,0.775766919967485
1059.6,0.00315905406,0.8568782555578992,0.7757896902310382
1059.7,0.003159200365,0.8565792010700186,0.7758930674788972
1059.8,0.003159335575,0.8563474709127046,0.7760990428596373
1059.9,0.003159458545,0.8561290045595739,0.7763960930114048
1060.0,0.003159568715,0.8559704106792355,0.7766884873228597
1060.1,0.003159665085,0.8559529874063786,0.7768908561552332
1060.2,0.003159746245,0.8560158820913035,0.7769955717215626
1060.3,0.003159811245,0.8560939632351159,0.7770286338426491
1060.4,0.003159860025,0.8561872119882596,0.7769891126070669
1060.5,0.003159893255,0.8563261583481427,0.7768837373062802
1060.6,0.00315991184,0.8565455985949959,0.7767292337795767
1060.7,0.003159916975,0.8568782681242698,0.7765230636200922
1060.8,0.003159908775,0.8574685168352115,0.7762788173576463
1060.9,0.00315988797,0.8584740526790313,0.7760183541939224
1061.0,0.003159856385,0.859727698944261,0.7757703820025893
1061.1,0.00315981558,0.8610113914016297,0.775537891579853
1061.2,0.00315976667,0.8623203108480066,0.7752653144348569
1061.3,0.00315970876,0.8635567034863829,0.774920311012825
1061.4,0.003159641105,0.8646379768458953,0.7745447210447177
1061.5,0.003159565555,0.8655699114570269,0.7741466372732108
1061.6,0.003159483195,0.8662095837035949,0.7737207252739783
1061.7,0.003159396115,0.8663195959951383,0.773294511681851
1061.8,0.00315930678,0.8660365573466059,0.7728712951691153
1061.9,0.003159217135,0.8661171768972822,0.7723639593714872
1062.0,0.003159128575,0.8667750578148704,0.7717508587155831
1062.1,0.003159041855,0.8677378679986013,0.7711702798268292
1062.2,0.003158957965,0.8684010582077742,0.7706638111087734
1062.3,0.00315887718,0.8687784577332499,0.7701636192928394
1062.4,0.003158799125,0.8692576385775166,0.7697065112785568
1062.5,0.003158723365,0.8700846377108329,0.7693161683913482
1062.6,0.003158649785,0.871099139660086,0.7689494000154122
1062.7,0.003158577795,0.8719615131266818,0.7686295356177943
1062.8,0.00315850655,0.8727588933244601,0.7684432957221042
1062.9,0.003158434705,0.8735176444989697,0.768385936523435
1063.0,0.003158360185,0.8743272140762438,0.7683632228085495
1063.1,0.00315828132,0.875197447807659,0.7685198249191456
1063.2,0.00315819486,0.8761135173758898,0.7688841994014797
1063.3,0.003158097675,0.877022047121752,0.7692782305184634
1063.4,0.00315798762,0.8778576228030126,0.7696955911024929
1063.5,0.003157862845,0.8786165310571551,0.7701507827452567
1063.6,0.003157722205,0.8792915525042613,0.7705276167840549
1063.7,0.003157565375,0.8798398672364629,0.7707084405740102
1063.8,0.003157392195,0.8802891087027409,0.7706897166817949
1063.9,0.003157202615,0.8807615414059878,0.7703958144058662
1064.0,0.00315699694,0.8812689463186543,0.7697696007422261
1064.1,0.003156775425,0.8816676332759508,0.7689101866559102
1064.2,0.003156538455,0.8819076258219438,0.7677924959543572
1064.3,0.003156286525,0.8821161898750303,0.7667152061343294
1064.4,0.003156019945,0.8824301040961624,0.7656218690590271
1064.5,0.003155738595,0.8828075790198617,0.7641265903364391
1064.6,0.003155442955,0.8830965301457683,0.762569717548285
1064.7,0.00315513559,0.8833255459670297,0.76134408800634
1064.8,0.00315481899,0.8837302836317771,0.7597436413280806
1064.9,0.003154493655,0.884431298616499,0.7578830582117332
1065.0,0.00315416018,0.8852700975718222,0.7564217149729894
1065.1,0.003153820225,0.885989723351424,0.7556271056599315
1065.2,0.00315347688,0.8864345980039137,0.7554723131067039
1065.3,0.0031531328,0.8865952464858476,0.7557045773347691
1065.4,0.003152789765,0.8865707797622614,0.7560596652692191
1065.5,0.003152449955,0.8865480283482641,0.7565264368225041
1065.6,0.00315211633,0.8867189121390635,0.7571703188032279
1065.7,0.00315179054,0.8871727466138011,0.757928667853878
1065.8,0.003151473655,0.888014712294519,0.7587891060993991
1065.9,0.00315116633,0.8893196670509672,0.7598021315001051
1066.0,0.00315086916,0.8909143834642266,0.7609329226430235
1066.1,0.003150583745,0.89242368625642,0.7620531706009964
1066.2,0.003150311415,0.8935169919157958,0.7631834842218315
1066.3,0.003150052295,0.8941699154001768,0.7644689234047155
1066.4,0.00314980574,0.8945936848332194,0.7660015053984722
1066.5,0.003149570975,0.8949951803743483,0.7677034632185544
1066.6,0.003149346475,0.8954385533455493,0.7694111073213397
1066.7,0.003149128895,0.8956959565980286,0.7710657904551708
1066.8,0.003148914295,0.8956032042165241,0.7726425243920809
1066.9,0.003148699655,0.8952694665457479,0.7740672492268545
1067.0,0.00314848165,0.8951895569950111,0.7753803344250901
1067.1,0.0031482574,0.8954819136073543,0.7766226772399522
1067.2,0.00314802377,0.8957995349078174,0.7777844382032497
1067.3,0.003147778775,0.8960853758569969,0.7788618536869837
1067.4,0.003147521085,0.8961260908977875,0.7798777944856722
1067.5,0.003147247805,0.8960866827595408,0.7808043255574395
1067.6,0.0031469546,0.8959479877270703,0.7815904651367032
1067.7,0.003146639475,0.8954055163572042,0.7822098992433967
1067.8,0.003146301765,0.894347610163849,0.7826481577017579
1067.9,0.00314593978,0.8928532173703895,0.7829288401558001
1068.0,0.003145553285,0.8910800584944062,0.7830659078432763
1068.1,0.00314514174,0.8891780000718462,0.7830704380198827
1068.2,0.00314470389,0.8873099462481686,0.7829189315725708
1068.3,0.00314423968,0.8855983751545664,0.7825035564750984
1068.4,0.0031437494,0.8840834551947083,0.7818007256498226
1068.5,0.00314323241,0.8827965645960183,0.7809462124480462
1068.6,0.00314269032,0.881761849639632,0.7800525424354354
1068.7,0.00314212633,0.8809284982059702,0.7791168190635637
1068.8,0.003141541615,0.8802220796818838,0.7780842026910699
1068.9,0.003140936035,0.8796383089349937,0.7768541560698541
1069.0,0.00314031036,0.8792132200330365,0.7753901424773546
1069.1,0.00313966586,0.8789699350979426,0.7736926394356552
1069.2,0.00313900374,0.8788956615644264,0.7719351508238281
1069.3,0.003138324675,0.878951022710168,0.7701266867296038
1069.4,0.003137628885,0.8791015552637573,0.7681880790181119
1069.5,0.00313691602,0.8793199336522939,0.7662036983016572
1069.6,0.003136186475,0.8795235716880994,0.7643781313770268
1069.7,0.00313544091,0.8795451167305177,0.7626012025898593
1069.8,0.003134679155,0.8791699163198996,0.760714971511088
1069.9,0.003133901665,0.878465005760287,0.7587710168088997
1070.0,0.00313310879,0.877973114032144,0.756815802638641
1070.1,0.00313230173,0.8778201561690259,0.755027740047109
1070.2,0.00313147949,0.8775664222967661,0.7534107434587506
1070.3,0.003130642455,0.8772411292270427,0.7520218893288957
1070.4,0.003129793245,0.8770656712773398,0.7509491736677715
1070.5,0.003128932115,0.8771133983529331,0.7499899448996655
1070.6,0.00312805976,0.8774568623945647,0.7489607088808671
1070.7,0.00312717875,0.8780113220819968,0.7477472812847887
1070.8,0.003126293225,0.8785495271690392,0.7463878890108392
1070.9,0.00312540728,0.8791043324316632,0.745246774594461
1071.0,0.003124526345,0.8800531562449004,0.7444636258114036
1071.1,0.00312365464,0.8816378698271508,0.7440658938982737
1071.2,0.003122793625,0.8834873065727632,0.7440473333688764
1071.3,0.003121944075,0.8850489420153801,0.7442807599862233
1071.4,0.003121109075,0.8861777288221856,0.7443464381222393
1071.5,0.003120290705,0.8867362600136968,0.7443354676806929
1071.6,0.003119491385,0.8866892932035255,0.7448908321468093
1071.7,0.00311871354,0.8867375543498698,0.7462839022940053
1071.8,0.00311795934,0.8874696585354919,0.7483499267203415
1071.9,0.003117230295,0.8886634071951882,0.7506817298851713
1072.0,0.00311652698,0.8897175057782473,0.7529520395153999
1072.1,0.00311585026,0.8902829484735962,0.7550048441198497
1072.2,0.003115200515,0.8903250332487836,0.7568808524561262
1072.3,0.00311457823,0.889973143455655,0.758621828856966
1072.4,0.003113984135,0.8894119356272031,0.7602695062391797
1072.5,0.00311341797,0.8889611547805248,0.7619506541495245
1072.6,0.003112877725,0.8888058658556579,0.7637295495736932
1072.7,0.003112361025,0.8887882729367979,0.7655385100395568
1072.8,0.00311186617,0.888895294432135,0.7673071136061923
1072.9,0.003111392175,0.8891078043255943,0.7690300761147564
1073.0,0.003110938555,0.8894117534148293,0.7706210603159432
1073.1,0.00311050192,0.8897294815294428,0.7719700979005066
1073.2,0.00311007893,0.8899892472595975,0.7730346391375461
1073.3,0.003109667515,0.8902902181189966,0.7738688953498922
1073.4,0.00310926478,0.8906614978219832,0.7745898657311499
1073.5,0.003108867615,0.890983938325577,0.7752724332838099
1073.6,0.00310847285,0.8911470749488926,0.7758698699587431
1073.7,0.00310807748,0.8910769671672352,0.7762826626670541
1073.8,0.00310767948,0.8907378259570947,0.7764139498240478
1073.9,0.00310727722,0.8901938654723109,0.7762955117810074
1074.0,0.003106869595,0.889568060215716,0.7761448095814147
1074.1,0.003106456205,0.8889259249605074,0.7760957881696481
1074.2,0.003106038165,0.8882673089102384,0.7759727822508894
1074.3,0.003105616805,0.887585068083214,0.775834891466138
1074.4,0.00310519189,0.8869015077872754,0.7758204464231169
1074.5,0.00310476158,0.8862537302316611,0.7758297581037421
1074.6,0.00310432265,0.8856866224922059,0.7757320231562889
1074.7,0.003103872545,0.8851851112073573,0.7755106225556199
1074.8,0.00310340941,0.8846568398362855,0.7751126958637455
1074.9,0.0031029305,0.8840567642235233,0.7744945372436692
1075.0,0.00310243157,0.8834236767551573,0.7737030569568945
1075.1,0.003101907185,0.8827786449515223,0.7730113725023536
1075.2,0.00310135263,0.8820785284622992,0.7725339572331582
1075.3,0.00310076429,0.8813322305610682,0.772264320618886
1075.4,0.00310013701,0.8806194031879688,0.7720614428485023
1075.5,0.003099466135,0.8800021304970208,0.771738172964448
1075.6,0.00309874908,0.8795321608024144,0.7712881461000065
1075.7,0.003097983495,0.8792893848053301,0.7707063859724147
1075.8,0.00309716893,0.879234274987001,0.7700415432855062
1075.9,0.003096305565,0.8791642300371966,0.7692967910478609
1076.0,0.00309539099,0.8789837204065066,0.7684800774888925
1076.1,0.00309442136,0.8788324213043097,0.7676455385332076
1076.2,0.00309339674,0.8787887971487218,0.7667709756871158
1076.3,0.003092318745,0.8787220068889067,0.765863168507564
1076.4,0.0030911882,0.8784978542530729,0.7649210300034937
1076.5,0.003090005245,0.8781922966683995,0.7639405892017908
1076.6,0.00308877301,0.8779847756240741,0.7629329610572637
1076.7,0.003087495465,0.8779150448335349,0.7618509399986996
1076.8,0.00308617589,0.8778391942205066,0.7606382726680433
1076.9,0.00308481739,0.8775896009673643,0.7592710326956451
1077.0,0.003083426305,0.8770912312751694,0.7577492263646902
1077.1,0.003082008775,0.8763788751409679,0.7561105590702072
1077.2,0.00308057124,0.8755101933563239,0.7543514996620533
1077.3,0.003079121175,0.87448800707144,0.7525071020310573
1077.4,0.003077664215,0.8732880254919189,0.7508072365116824
1077.5,0.003076205885,0.8718669700373647,0.7491528801034871
1077.6,0.0030747508,0.8701846974368499,0.7475138672338123
1077.7,0.00307330069,0.8682119343300281,0.7459171527676253
1077.8,0.00307185642,0.8657306604699256,0.7442474088386128
1077.9,0.00307041985,0.8629434457508462,0.7424309462494926
1078.0,0.003068992645,0.8613189973047133,0.7404584658860097
1078.1,0.00306757638,0.8607524676183061,0.7385368102084765
1078.2,0.003066171335,0.859921051405719,0.7368886741537356
1078.3,0.0030647779,0.8586230961177029,0.7354287383485006
1078.4,0.003063397265,0.8571299725276755,0.7341716111986107
1078.5,0.003062030625,0.8555842712429973,0.7331882047334428
1078.6,0.003060678015,0.8540229688092017,0.732276778439154
1078.7,0.00305933871,0.8524503880577796,0.7311961585309134
1078.8,0.003058013095,0.8508504503175299,0.7300102198705538
1078.9,0.003056705855,0.8491882901931833,0.7289959189832305
1079.0,0.0030554183,0.8474359035278256,0.728240466481007
1079.1,0.00305414989,0.845605033594796,0.7276479306906135
1079.2,0.003052899385,0.8437683956976544,0.7272900341723313
1079.3,0.003051666145,0.8420083309798512,0.727208233382817
1079.4,0.003050450855,0.8403927292586308,0.7273643265554033
1079.5,0.00304925469,0.838960125309482,0.7277021294470732
1079.6,0.003048078415,0.8377004911686545,0.7280728687961234
1079.7,0.003046923115,0.8365764481667561,0.7282182805536874
1079.8,0.003045789245,0.8355878329409685,0.728355253993384
1079.9,0.00304467852,0.8347136345196247,0.728816031387886
1080.0,0.00304359383,0.8339330806920991,0.7294126135496174
1080.1,0.003042537195,0.8332890290653721,0.7298379537789869
1080.2,0.003041509,0.8328118525572181,0.7299175868695701
1080.3,0.00304050958,0.8324323104655528,0.7296568598120633
1080.4,0.003039540585,0.8320729625314645,0.729218023300654
1080.5,0.003038606425,0.8317460169840055,0.7289906159748312
1080.6,0.003037711525,0.831574825317126,0.7292594860404961
1080.7,0.00303685837,0.8316701789373478,0.7296660018466853
1080.8,0.00303604742,0.8319953400601796,0.7300752257057419
1080.9,0.003035279725,0.8324680178076534,0.7304839783259005
1081.0,0.003034555075,0.8330972536834262,0.7305117123058463
1081.1,0.00303387322,0.8339565295396655,0.7304531090364863
1081.2,0.003033234535,0.835115569883725,0.7309762470451621
1081.3,0.003032639175,0.8365062712700602,0.7320013298784724
1081.4,0.00303208701,0.8378939630106332,0.7334716517890203
1081.5,0.00303157721,0.8389773286708531,0.735427274366324
1081.6,0.0030311071,0.839580137469224,0.7376372842671595
1081.7,0.003030672405,0.8398492023136334,0.7397998435525551
1081.8,0.003030269825,0.840105286097198,0.7417755786060273
1081.9,0.00302989759,0.840314698380301,0.7436416846422595
1082.0,0.00302955526,0.8402848720996479,0.7455533751878954
1082.1,0.003029241075,0.8402236550252,0.7475812858121583
1082.2,0.00302895314,0.8403052421864137,0.7496577780252163
1082.3,0.00302869011,0.8403247514767924,0.7517153641336849
1082.4,0.003028451115,0.8401553882168374,0.7537519078545598
1082.5,0.00302823509,0.8399432678808672,0.7557604097194087
1082.6,0.003028039855,0.839817227183605,0.7576871987593378
1082.7,0.003027863535,0.8397302301998419,0.759447923211598
1082.8,0.00302770406,0.8396456899415337,0.7610160366182668
1082.9,0.00302755886,0.8396624094976362,0.7624031628721623
1083.0,0.00302742472,0.8398878187705312,0.7636057708231417
1083.1,0.003027298245,0.840324782892719,0.7646440609119679
1083.2,0.00302717649,0.8408772947927059,0.7655332949957517
1083.3,0.003027056605,0.8414268473124129,0.7662708655525909
1083.4,0.003026936195,0.841895051431948,0.766842955857995
1083.5,0.003026812645,0.8422652567102471,0.7672550448495516
1083.6,0.003026683825,0.842572724383254,0.7675318128791476
1083.7,0.003026547865,0.8428371585200919,0.7676746925130329
1083.8,0.003026402385,0.843038880184379,0.7676860964943655
1083.9,0.00302624491,0.8431135998240519,0.7675799860608977
1084.0,0.00302607209,0.8429727936413179,0.7673652205039131
1084.1,0.003025881825,0.8425314878380828,0.7670264688512618
1084.2,0.003025673225,0.8417764186101632,0.766560602076661
1084.3,0.003025444465,0.8407849445350609,0.7660398453952165
1084.4,0.00302519397,0.839674127638234,0.7654923223443636
1084.5,0.003024920895,0.8385436003890985,0.7649017846068977
1084.6,0.003024624135,0.8374343291558571,0.7642785177571668
1084.7,0.00302430269,0.8363621789814106,0.7635783510024612
1084.8,0.00302395467,0.8353714588885452,0.7627763023979998
1084.9,0.003023579655,0.834514168518863,0.7618936719419737
1085.0,0.00302317896,0.833815503445446,0.7608975734424852
1085.1,0.00302275394,0.833305227117094,0.7597450047792922
1085.2,0.003022305,0.833011155195162,0.7584336223242748
1085.3,0.003021833535,0.8328836190997968,0.7569373068761112
1085.4,0.00302134179,0.8328364763604371,0.7554089597492516
1085.5,0.003020831535,0.8328368470683702,0.7539731011101137
1085.6,0.00302030487,0.8328878853826204,0.7524929899968573
1085.7,0.00301976394,0.8330055066115708,0.7510383634832069
1085.8,0.003019210725,0.8331652628811911,0.7498452305756707
1085.9,0.003018647215,0.8332914669412712,0.748784943055084
1086.0,0.00301807457,0.8333180196823793,0.7476290380204929
1086.1,0.00301749364,0.8332741567657499,0.7464568532527708
1086.2,0.0030169064,0.8332544526966265,0.7453754793622933
1086.3,0.003016315075,0.8333223236643147,0.744370465022854
1086.4,0.00301572201,0.8334456437423386,0.7433887675840897
1086.5,0.003015128955,0.8335333758587828,0.7424680924410286
1086.6,0.00301453824,0.8335034993126472,0.7418351432027392
1086.7,0.003013952285,0.833327997380647,0.7415660532255887
1086.8,0.00301337364,0.8330187641325689,0.7415152788051214
1086.9,0.003012805945,0.8326119530166702,0.7416011950810117
1087.0,0.00301225265,0.8321522437636706,0.7417818429417785
1087.1,0.00301171691,0.8316543453103737,0.7419409771760533
1087.2,0.003011200515,0.8311323948237209,0.7419831624822059
1087.3,0.003010704965,0.8305893579671773,0.7420690222094284
1087.4,0.00301023192,0.8300293062448219,0.7425097813755418
1087.5,0.003009782605,0.829492973547001,0.7432603895418933
1087.6,0.00300935963,0.8290238646487816,0.7439765281536498
1087.7,0.00300896564,0.8286356706109482,0.7446333723456623
1087.8,0.00300860109,0.8283325823181005,0.7453738583004841
1087.9,0.003008266985,0.8281186775575028,0.7460914106289346
1088.0,0.00300796322,0.8279982037624231,0.7467026137628757
1088.1,0.003007687875,0.8279791845604981,0.7472542837160315
1088.2,0.00300743916,0.8280681104821508,0.7477507747358195
1088.3,0.00300721488,0.8282529932098145,0.7482077822191372
1088.4,0.00300701395,0.8285219826560002,0.7486882448332066
1088.5,0.00300683488,0.8288756191746441,0.749209372222584
1088.6,0.00300667545,0.8293095045360315,0.749750084300564
1088.7,0.00300653399,0.8298023073260441,0.7502946416879519
1088.8,0.00300640763,0.8303133502030035,0.7508364533233607
1088.9,0.00300629394,0.8308067059133232,0.751340886289377
1089.0,0.003006190635,0.831262425343653,0.751827537840974
1089.1,0.003006094805,0.8316738357511966,0.7523437203635147
1089.2,0.003006004195,0.8320727928854612,0.752859117487892
1089.3,0.003005917225,0.8324810240012394,0.7533583982419565
1089.4,0.00300583242,0.8328548106951634,0.7538820137727155
1089.5,0.00300574819,0.8331238755395727,0.7543718320497074
1089.6,0.00300566279,0.8332392159722566,0.7547619047599476
1089.7,0.00300557252,0.8332007251790648,0.7550402058867586
1089.8,0.003005474705,0.8330128453720096,0.755190820121757
1089.9,0.00300536725,0.8326653915077078,0.7551627342834338
1090.0,0.00300524879,0.8321448610209345,0.7549516758057804
1090.1,0.00300511745,0.8314296648869743,0.7546214881347028
1090.2,0.003004971355,0.8305398590333274,0.7542411355121327
1090.3,0.00300480802,0.8294737721327022,0.7538699312073698
1090.4,0.0030046261,0.8282146720626259,0.7535318078732492
1090.5,0.003004425525,0.8267690430703354,0.7532301144475397
1090.6,0.00300420614,0.8250920420622931,0.7530255841994205
1090.7,0.003003968545,0.8232902192949386,0.7529499095155807
1090.8,0.003003712105,0.8214964264384066,0.7529809924332953
1090.9,0.00300343618,0.8198540080822952,0.7531436892336394
1091.0,0.003003142,0.8184435963436514,0.7534945611507483
1091.1,0.00300283107,0.8170451289402765,0.7540041211959753
1091.2,0.00300250535,0.815661313925038,0.7546038763662868
1091.3,0.003002166335,0.8145595196823122,0.7552774966630695
1091.4,0.0030018153,0.8138220370900673,0.7560023940351441
1091.5,0.003001453455,0.8133784944728628,0.7567347495481784
1091.6,0.00300108227,0.8130823805157061,0.7574648619640579
1091.7,0.00300070303,0.8128884625675705,0.7581739005764172
1091.8,0.00300031626,0.8128579262869777,0.7587774570738396
1091.9,0.00299992291,0.813061514057301,0.7592167334082205
1092.0,0.00299952485,0.8133865620827974,0.7595217757716987
1092.1,0.002999123525,0.8138040671800888,0.7597043274376135
1092.2,0.00299871921,0.8143101966061381,0.7598229728257689
1092.3,0.00299831254,0.8149968984947302,0.7598772218477111
1092.4,0.00299790541,0.8157471925018166,0.7597353161075485
1092.5,0.0029974971,0.816506653676266,0.75933167800023
1092.6,0.00299708907,0.8174657819134069,0.7586516551376192
1092.7,0.00299668487,0.8184771736859329,0.7577802841496637
1092.8,0.0029962865,0.8195008239529934,0.7566689394652709
1092.9,0.00299589489,0.8206407319977924,0.7552566364878497
1093.0,0.0029955101,0.8216079592607944,0.7539779957114681
1093.1,0.00299513273,0.8224491206937932,0.7529906496891126
1093.2,0.002994761265,0.8231502424926653,0.752268127361084
1093.3,0.002994393955,0.8236267906822884,0.7518747622617428
1093.4,0.0029940299,0.8239066060567584,0.751512235035889
1093.5,0.00299366885,0.8240685488748655,0.7510031462295601
1093.6,0.00299331114,0.8241747472729275,0.7505894424593795
1093.7,0.002992957005,0.8242182897471062,0.7503996462808055
1093.8,0.00299260616,0.8241462593107448,0.7502594432838612
1093.9,0.002992257145,0.8238922175624048,0.7499520195931514
1094.0,0.00299190856,0.8234091034441359,0.7494971106937264
1094.1,0.00299155898,0.8226487814732993,0.7492826969951188
1094.2,0.00299120847,0.8216040197036069,0.7495308011333435
1094.3,0.002990857905,0.8205756130652689,0.7501108522345317
1094.4,0.00299050649,0.8197672812755001,0.7508269028816937
1094.5,0.00299015305,0.8189556005479628,0.7516519542275648
1094.6,0.00298979886,0.8182335683083882,0.7526350967989498
1094.7,0.002989446505,0.8179499893059193,0.753752159181972
1094.8,0.002989098805,0.817927175060069,0.7547365018417507
1094.9,0.002988758425,0.8181837112329758,0.7555222204475988
1095.0,0.002988428485,0.8187689208293012,0.7563464424130094
1095.1,0.002988110785,0.8194286364369991,0.7572412119830488
1095.2,0.002987807945,0.8200527075344495,0.7580585224446215
1095.3,0.00298752226,0.8205039282040993,0.7587543852173916
1095.4,0.002987256235,0.8207881669410254,0.7593793799430821
1095.5,0.002987012515,0.820957643298316,0.7600018802442056
1095.6,0.002986793255,0.8212207328334983,0.7606298469165463
1095.7,0.002986600755,0.8217800305736168,0.7611677189947674
1095.8,0.00298643586,0.822578717673939,0.7615901375429691
1095.9,0.002986299075,0.8233793462785209,0.7619675622011861
1096.0,0.002986192085,0.8240671288749861,0.7622949287220607
1096.1,0.00298611737,0.8247213592619109,0.7625630259559328
1096.2,0.00298607663,0.8254518863680208,0.7628046898292176
1096.3,0.00298606968,0.8262335083370487,0.7629997764498202
1096.4,0.002986096415,0.8268958628825755,0.7631067979451573
1096.5,0.00298615626,0.8273335432878883,0.7631248055542478
1096.6,0.00298624804,0.8276423492793656,0.7631032542286441
1096.7,0.00298637089,0.8280219353533281,0.7630871692742578
1096.8,0.00298652484,0.8285544730072236,0.7630528128169981
1096.9,0.00298670954,0.8291352152587956,0.7629925822026435
1097.0,0.002986924015,0.8296366322958644,0.7629447734456412
1097.1,0.002987166165,0.8299863292573207,0.7629497874275163
1097.2,0.00298743444,0.8301281533160744,0.7630057329094914
1097.3,0.00298772603,0.830085415089615,0.7630866854689892
1097.4,0.00298803838,0.8300555134107381,0.76314315873853
1097.5,0.00298836972,0.830309228433442,0.7631345947569563
1097.6,0.00298871633,0.8309888114730812,0.763041113525956
1097.7,0.002989074465,0.8319906716534964,0.7628131721293823
1097.8,0.002989439525,0.8331137407616723,0.7624274536665598
1097.9,0.002989806505,0.8341575789031246,0.7619701948558298
1098.0,0.00299017052,0.8348777199039218,0.7615247986989597
1098.1,0.00299052723,0.8353683738445594,0.7610729874098912
1098.2,0.00299087243,0.835751415670441,0.7606445118710533
1098.3,0.00299120225,0.8358598131833604,0.7603065895988625
1098.4,0.002991514915,0.8358541457502134,0.760081312272859
1098.5,0.00299180708,0.8359322834426935,0.7599139847649434
1098.6,0.0029920762,0.8359720685720585,0.7597350961960627
1098.7,0.00299232008,0.8359570203432478,0.7595890435535974
1098.8,0.002992536885,0.8359076847722158,0.7595013742690063
1098.9,0.002992725965,0.8357377874415097,0.7593586956970508
1099.0,0.002992887765,0.8354264995918361,0.7590681360757057
1099.1,0.00299302247,0.8350315259970562,0.7586663138089409
1099.2,0.002993129195,0.8345482799318956,0.7582375995090613
1099.3,0.00299320842,0.833904749809549,0.7579608503290214
1099.4,0.002993262175,0.8330591084654264,0.7577652107881118
1099.5,0.002993292365,0.83201416448336,0.7574431912579335
1099.6,0.002993301595,0.8307363342378828,0.7571384065050528
1099.7,0.00299329248,0.8292895617058663,0.7568615756436038
1099.8,0.002993267015,0.8279574258897795,0.756436719219503
1099.9,0.002993225725,0.826964293053756,0.7558711948427449
1100.0,0.002993168285,0.8262742799265069,0.7552560207356895
1100.1,0.00299309409,0.8257600137754849,0.7546137158344778
1100.2,0.002993002465,0.825414909822488,0.7539056825317677
1100.3,0.00299289366,0.82544276946614,0.7531382417119782
1100.4,0.002992767605,0.8259505262371839,0.7524051950485602
1100.5,0.00299262482,0.8267137573228175,0.7519653343779457
1100.6,0.00299246663,0.827519362210163,0.751929790398663
1100.7,0.002992294085,0.8283453309010889,0.7521099167550492
1100.8,0.0029921074,0.8294236197475804,0.7523975358456706
1100.9,0.00299190721,0.8307817616676537,0.75274269006415
1101.0,0.002991696255,0.8320394794369625,0.7530101212803795
1101.1,0.002991477655,0.8330170802389066,0.7530879699463354
1101.2,0.002991253165,0.8339985828989264,0.752996694113378
1101.3,0.002991024595,0.8352690995167059,0.7528400857195966
1101.4,0.00299079352,0.836647504709395,0.752748765904342
1101.5,0.00299056084,0.8378403297408511,0.7527392657281575
1101.6,0.00299032707,0.8389076607121672,0.7527518195324013
1101.7,0.002990092815,0.8399677848699357,0.752785930945434
1101.8,0.002989859015,0.8408989717820156,0.7528532050105179
1101.9,0.002989626255,0.8416386283563767,0.7529385181006188
1102.0,0.00298939568,0.8423377018368388,0.7529709958854717
1102.1,0.00298916913,0.8431104645145836,0.7528744735927827
1102.2,0.00298894728,0.8439469575408991,0.7526821641400859
1102.3,0.002988728675,0.8447679687986175,0.7524813284049272
1102.4,0.002988511805,0.8455043455502484,0.7523252917810087
1102.5,0.0029882955,0.8461351019568656,0.7522294920546302
1102.6,0.00298807877,0.8465702628048701,0.7521771845369478
1102.7,0.00298786007,0.8467212163318752,0.7521470755129559
1102.8,0.002987636515,0.8466496697007824,0.752067612068376
1102.9,0.00298740494,0.8465544982929345,0.751888761198607
1103.0,0.00298716315,0.846662569080218,0.7516248234334084
1103.1,0.00298690921,0.8469802406461637,0.7512949373552256
1103.2,0.00298664184,0.8473565406142106,0.7508695091612618
1103.3,0.002986360525,0.847618876167156,0.7503263780569385
1103.4,0.00298606619,0.8475577533404879,0.7496623459009346
1103.5,0.002985760905,0.8470893293094669,0.7489902335686255
1103.6,0.00298544566,0.846349389991767,0.7483349978720516
1103.7,0.002985119825,0.8454862122774518,0.7475560965222617
1103.8,0.00298478246,0.8445178289083536,0.7466490181922055
1103.9,0.00298443283,0.8434849486420768,0.7457295305711676
1104.0,0.00298407033,0.8424984822656644,0.7447206520727644
1104.1,0.00298369483,0.8416223611896164,0.7436380403947813
1104.2,0.0029833068,0.8408564471838567,0.7426691857867849
1104.3,0.002982906715,0.8401862323735104,0.7416165386195319
1104.4,0.00298249551,0.8396040889716149,0.7407433769237638
1104.5,0.00298207383,0.839160106531439,0.7402520004168158
1104.6,0.002981642635,0.8389046259336638,0.7398816317756988
1104.7,0.002981203445,0.8387917610759908,0.7395445137512273
1104.8,0.00298075763,0.8387492553273879,0.7391706328095236
1104.9,0.00298030603,0.8387604959459024,0.738455329861413
1105.0,0.00297984988,0.8388175032861944,0.7376533315224341
1105.1,0.002979391585,0.8388850789441732,0.7370836853761146
1105.2,0.002978931585,0.838911543720687,0.7364468028638229
1105.3,0.00297846962,0.8388428810716501,0.735645910365458
1105.4,0.002978005495,0.8386194007366443,0.7347329069916569
1105.5,0.002977539485,0.8381694429872413,0.7338692706048145
1105.6,0.00297707204,0.8374117096887513,0.7332475619850397
1105.7,0.002976604615,0.8362882761558276,0.7323768318819854
1105.8,0.00297614,0.8348486350391348,0.7312403481731787
1105.9,0.00297568074,0.8333563533959384,0.7301184414542846
1106.0,0.00297522901,0.8321154808464383,0.729070833401648
1106.1,0.002974785975,0.8312076234014039,0.7283897486807204
1106.2,0.002974353075,0.830523529034714,0.727731396524234
1106.3,0.002973931825,0.8299828735054019,0.726945904113057
1106.4,0.002973524785,0.8295953203524696,0.7263704774362549
1106.5,0.002973134195,0.8293384637371122,0.7258429788969759
1106.6,0.00297276214,0.8291484350806818,0.7256512726300686
1106.7,0.002972409185,0.8290032683673447,0.7259690761429057
1106.8,0.002972074115,0.8289021970484934,0.7263862607977465
1106.9,0.00297175525,0.8288026274109307,0.7267910361616057
1107.0,0.00297145272,0.8286252907888209,0.7272267499299173
1107.1,0.00297116792,0.8282789804642449,0.727723988648757
1107.2,0.00297090073,0.827730005997586,0.7283949385917842
1107.3,0.00297065052,0.8270287962341195,0.7293514153247254
1107.4,0.00297041654,0.8263050235522148,0.7306585440632899
1107.5,0.002970199095,0.825669240597352,0.7323414449823354
1107.6,0.002969997255,0.8252343185103891,0.7343204598585378
1107.7,0.00296981033,0.8250947312656048,0.7363145795122186
1107.8,0.00296963825,0.8252441768281361,0.7380342056493846
1107.9,0.002969480395,0.8256631144916775,0.7394065224355111
1108.0,0.0029693358,0.8263467250530986,0.7405992783519288
1108.1,0.00296920335,0.8273039809010181,0.7419011669139471
1108.2,0.002969082705,0.828487349738587,0.7434248456341235
1108.3,0.002968973885,0.8297884277697005,0.7450724727508545
1108.4,0.002968876795,0.8311026313749209,0.746660013766493
1108.5,0.00296879101,0.8323053838391624,0.7480829604598248
1108.6,0.00296871619,0.8332798681811941,0.7493195101778336
1108.7,0.00296865192,0.8340341080286532,0.7502489817803247
1108.8,0.00296859735,0.8346618547895083,0.7508838662396886
1108.9,0.00296855089,0.835198677575783,0.751314911601317
1109.0,0.00296851207,0.8355976849755302,0.7515143524693376
1109.1,0.00296848033,0.8358198458416214,0.7514606123854053
1109.2,0.002968456055,0.8358716821204057,0.751209957273946
1109.3,0.00296843936,0.8357884864637534,0.7508458341190243
1109.4,0.00296842964,0.8355968618782549,0.7503944500865565
1109.5,0.00296842682,0.8352955957091464,0.7498368676560268
1109.6,0.00296842995,0.834846819198581,0.7491545891298907
1109.7,0.00296843682,0.8341729727071273,0.7484256076873664
1109.8,0.00296844356,0.8332046835858083,0.7477831205737808
1109.9,0.002968446795,0.831960738558693,0.7471903585887162
1110.0,0.002968443845,0.8305140162921589,0.7465875183744188
1110.1,0.00296843222,0.828992165978907,0.7460364076247555
1110.2,0.00296840995,0.8274116621308126,0.7456540380997018
1110.3,0.002968375865,0.8257403159895468,0.7454369540473387
1110.4,0.002968329985,0.8241078690485178,0.7451318111528955
1110.5,0.00296827208,0.8225868983812088,0.7445094804977753
1110.6,0.002968200965,0.8211624185906623,0.743757119322723
1110.7,0.002968115075,0.8202099379635763,0.7430788557519983
1110.8,0.00296801493,0.8198119672894049,0.7423344742222862
1110.9,0.002967902685,0.8195945313786647,0.7415137394247211
1111.0,0.00296778061,0.8193714343179626,0.7410058318572299
1111.1,0.002967651145,0.8191766304406988,0.7411604610476397
1111.2,0.00296751682,0.8190198712504699,0.7416593019787325
1111.3,0.00296738021,0.818873171439918,0.7419927506229845
1111.4,0.002967243635,0.8188267387004978,0.7420381089377172
1111.5,0.002967110145,0.8190566404508876,0.7418891283308985
1111.6,0.002966983355,0.8196219700489011,0.7416619220670057
1111.7,0.00296686558,0.8204346560860876,0.741383809435754
1111.8,0.00296675853,0.8213929863586946,0.7415084238499512
1111.9,0.00296666434,0.8224241010498998,0.7419987824808795
1112.0,0.002966584195,0.8234279404336867,0.7425885662361085
1112.1,0.002966519805,0.8242898049622726,0.7432558907812135
1112.2,0.002966472095,0.8250208912718748,0.7439457782447564
1112.3,0.002966440585,0.8258376739458816,0.7447309879125946
1112.4,0.002966425725,0.8269028435014518,0.7455809709377647
1112.5,0.0029664303,0.8281213290617024,0.7463806633477359
1112.6,0.002966456005,0.8293013615278733,0.747376447687959
1112.7,0.002966501905,0.830344062412785,0.7486544664289952
1112.8,0.00296656771,0.8312407986198258,0.7500235222419471
1112.9,0.002966652625,0.832035313685104,0.7513860875244768
1113.0,0.00296675646,0.832768894419273,0.7526839485647131
1113.1,0.00296687676,0.8334662463069611,0.7539537174834411
1113.2,0.0029670128,0.8341262760739243,0.7551343594185866
1113.3,0.00296716528,0.8347098017765874,0.7561562629601317
1113.4,0.0029673348,0.835170654569313,0.7570091676664694
1113.5,0.002967522195,0.8354467377317105,0.7576333015957728
1113.6,0.002967728175,0.8355844965695705,0.7580595277542707
1113.7,0.002967952705,0.8359166885767609,0.7583501879065807
1113.8,0.002968195395,0.8367266225787829,0.758427489935415
1113.9,0.00296845474,0.837812671159129,0.7582164126082056
1114.0,0.00296872975,0.838839588682549,0.7576472439839694
1114.1,0.00296902042,0.8397989933798435,0.7566315356631373
1114.2,0.002969325655,0.8408039134715033,0.7554742043454813
1114.3,0.00296964375,0.8418489831172757,0.7546824224658119
1114.4,0.002969974255,0.8429170115221608,0.7542955164809663
1114.5,0.00297031844,0.8439765387773253,0.7539804335873671
1114.6,0.002970676155,0.8449772302852732,0.7537251289187805
1114.7,0.0029710472,0.8458991746317663,0.753638860784513
1114.8,0.00297143061,0.846737778808345,0.7536798397190864
1114.9,0.00297182525,0.847480193701056,0.7537657057294943
1115.0,0.002972229715,0.8481050439134843,0.7539329012905184
1115.1,0.00297264275,0.8486444930712176,0.7540740027829617
1115.2,0.002973063835,0.8491649670093232,0.7540653257040525
1115.3,0.002973492205,0.8496951233359871,0.7540327850873466
1115.4,0.00297392719,0.8502179220526562,0.7542190124166661
1115.5,0.00297436836,0.8506907443133921,0.7547719452900685
1115.6,0.00297481445,0.8510696266706003,0.7555779837172001
1115.7,0.002975264735,0.8513183905432821,0.7563852410822812
1115.8,0.002975719635,0.8514232694724296,0.7570615757151166
1115.9,0.0029761789,0.8514015610671932,0.7576463077893586
1116.0,0.002976639815,0.8512584803713781,0.7582216967670489
1116.1,0.00297710265,0.8509449117254381,0.7586959892931467
1116.2,0.00297756579,0.8503841185872163,0.7591420074853622
1116.3,0.002978026355,0.8496028924588628,0.7595765965635038
1116.4,0.00297848214,0.8487204819143226,0.7599180814017638
1116.5,0.00297893187,0.8477969416387615,0.7601567858947688
1116.6,0.002979374405,0.8468683496822135,0.7603887799458658
1116.7,0.00297981001,0.8459760933862968,0.7606989933708518
1116.8,0.0029802384,0.8451013169119047,0.7610671943130379
1116.9,0.002980659935,0.844240212648741,0.7614416533077898
1117.0,0.00298107502,0.8434372278496688,0.7618235892930574
1117.1,0.00298148362,0.842700750567073,0.7622298600550196
1117.2,0.002981886275,0.8419980139895769,0.7625970368380006
1117.3,0.002982282925,0.8413365013908811,0.7628126820409283
1117.4,0.002982673305,0.8407790886063545,0.7628406924810277
1117.5,0.00298305684,0.8403895939491626,0.7626774301940059
1117.6,0.00298343412,0.8401666602512785,0.762321380932204
1117.7,0.00298380533,0.8400093732734839,0.7618651399974938
1117.8,0.00298417126,0.8397519888705606,0.7614153770268353
1117.9,0.002984531095,0.8393082577577969,0.7608787113201931
1118.0,0.002984883605,0.838685707191191,0.7603233405708916
1118.1,0.00298522973,0.8379379076086717,0.759954065204018
1118.2,0.00298556867,0.837140785021491,0.7596680294760939
1118.3,0.00298589976,0.8363037830571658,0.7594457429462965
1118.4,0.002986222305,0.8354667936592111,0.7593992159590968
1118.5,0.00298653671,0.8348299802619579,0.7594689907319331
1118.6,0.002986843965,0.8344907636535938,0.7595519287779878
1118.7,0.00298714664,0.8342183624377864,0.7595292904613261
1118.8,0.002987446955,0.8337425116817323,0.7593049744626745
1118.9,0.00298774541,0.832870531224802,0.7588824553835078
1119.0,0.002988041115,0.8318911962637132,0.7582746451696325
1119.1,0.00298833327,0.8308741936067077,0.7576219164639962
1119.2,0.00298862223,0.8297692640545136,0.7569695710326636
1119.3,0.002988910125,0.8291610454335935,0.7564645977127109
1119.4,0.002989198825,0.8290571026990567,0.7561958595939375
1119.5,0.002989489405,0.8288164881177184,0.7562096009202043
1119.6,0.00298978272,0.8285143988513344,0.7564286264768273
1119.7,0.002990077915,0.8285653366346197,0.7567325064510236
1119.8,0.00299037591,0.8288943996155274,0.7571422706640167
1119.9,0.00299068161,0.8292749030345448,0.7574184040918966
1120.0,0.002990999335,0.8295969602638348,0.757577996998699
1120.1,0.002991330785,0.8298527801536166,0.7578665648503019
1120.2,0.002991676375,0.8300640208436441,0.7582296638460185
1120.3,0.002992035985,0.8302625883489069,0.7586234876178871
1120.4,0.00299241101,0.8304819783302776,0.7591867563311199
1120.5,0.0029928019,0.8307433462726856,0.7599318164448452
1120.6,0.002993207215,0.83102304854982,0.7608003976985245
1120.7,0.00299362569,0.83126379507805,0.76168956266727
1120.8,0.002994055825,0.8314653093972219,0.7624571856994334
1120.9,0.002994496165,0.8317029771646514,0.7630043003432413
1121.0,0.002994944635,0.8320465731531744,0.7633497938537273
1121.1,0.0029953993,0.832478705505861,0.763569121003245
1121.2,0.00299585843,0.8329418265284826,0.7636661459507584
1121.3,0.002996320215,0.8334336554247727,0.7636066756018259
1121.4,0.00299678172,0.834016571658461,0.7634208818122927
1121.5,0.00299724107,0.8347218592091917,0.7632482764287192
1121.6,0.002997697785,0.835496167550522,0.7633388736776634
1121.7,0.002998151145,0.8362510796988092,0.7637481101030905
1121.8,0.00299859874,0.8369313601720174,0.7640768463583623
1121.9,0.002999038655,0.837531278705147,0.7641117683022995
1122.0,0.00299947031,0.8380815286584231,0.7640730890135485
1122.1,0.00299989274,0.8386162968431025,0.7640784862697274
1122.2,0.003000303865,0.8391310279498373,0.7639053782313293
1122.3,0.00300070019,0.8396038439273878,0.7634242810155438
1122.4,0.00300107849,0.8400092413265925,0.7627735566460204
1122.5,0.003001435145,0.8403450273157788,0.761922807072243
1122.6,0.003001767275,0.8406270543714768,0.7610289171481466
1122.7,0.00300207143,0.8408453573617894,0.7605539774539621
1122.8,0.003002343165,0.8409790195628292,0.7606286719608939
1122.9,0.003002579395,0.8410511568133408,0.7610991380271396
1123.0,0.003002777915,0.8411295458332332,0.7616994963832406
1123.1,0.00300293663,0.8412878255543064,0.7622534911149599
1123.2,0.00300305399,0.8415427029662921,0.7626563689568563
1123.3,0.00300312916,0.8418693092217446,0.7628279690307807
1123.4,0.003003160265,0.8423317642267237,0.7628025472630278
1123.5,0.003003145505,0.8430132887706229,0.7627267594818526
1123.6,0.00300308394,0.8438790928563963,0.762681727892756
1123.7,0.00300297552,0.8448953980798325,0.7626268505522832
1123.8,0.00300282091,0.8461421579739655,0.7625674179024625
1123.9,0.00300262135,0.8476315305023646,0.7626100116156599
1124.0,0.00300237662,0.8492324735522634,0.7627077968285955
1124.1,0.00300208709,0.8508340574870634,0.7627397782418092
1124.2,0.00300175462,0.8523378122266309,0.7627269102783
1124.3,0.00300138482,0.8536992779517317,0.7626688159469498
1124.4,0.00300098327,0.8549796403208875,0.7624853783519068
1124.5,0.003000555275,0.856242139594215,0.7621333000632189
1124.6,0.0030001042,0.8575024711686116,0.7616413078041109
1124.7,0.00299963311,0.8587915168998618,0.7611012114782909
1124.8,0.00299914547,0.8601066315669518,0.7606672318691241
1124.9,0.002998642865,0.861361477920575,0.7604898889638289
1125.0,0.002998127565,0.8624671928709325,0.7604083080858005
1125.1,0.00299760115,0.8634424123456452,0.7603284802164728
1125.2,0.002997064465,0.8643744160718151,0.7603762512743633
1125.3,0.002996519365,0.8653326960789396,0.7605528024983097
1125.4,0.002995968915,0.8662914473249622,0.7606809920449468
1125.5,0.002995416455,0.8671860409658131,0.7607004259371019
1125.6,0.00299486423,0.8680037472680601,0.7606687147008566
1125.7,0.00299431395,0.8687656023361114,0.7605003002018829
1125.8,0.002993768505,0.8694877288234656,0.760055193071537
1125.9,0.002993230715,0.8701543810677427,0.7594595156884898
1126.0,0.002992703445,0.8707482300438654,0.7591988640292068
1126.1,0.002992189475,0.8712640104425465,0.7594498772822286
1126.2,0.00299169225,0.8717028532371413,0.7596440842568883
1126.3,0.00299121528,0.8720678874539323,0.7596980316859356
1126.4,0.002990762195,0.8723550604383971,0.7600676400616305
1126.5,0.002990336025,0.8725635490932598,0.7606925782386532
1126.6,0.002989940085,0.8727197867791082,0.7612404845638099
1126.7,0.002989578315,0.8728832878271715,0.7616099861253546
1126.8,0.002989253975,0.8730839225004005,0.761807278144
1126.9,0.002988970535,0.8732656259362988,0.7619185470726048
1127.0,0.00298873091,0.8733880098197121,0.7619052204365683
1127.1,0.002988536055,0.8735611241412954,0.7616225210800424
1127.2,0.002988386035,0.8739271196854387,0.7611034294427044
1127.3,0.002988281485,0.8743710330105763,0.7607866375227017
1127.4,0.002988224025,0.8746582059950407,0.761415515256912
1127.5,0.00298821407,0.8749100863276351,0.7627588665587723
1127.6,0.002988250295,0.875513510878166,0.7640018439753504
1127.7,0.002988330605,0.8765011710597869,0.7649730045123546
1127.8,0.002988453995,0.87748059398547,0.765898963814259
1127.9,0.0029886191,0.8781244885325644,0.7667276908235348
1128.0,0.002988824095,0.8784724324853203,0.7671406908769609
1128.1,0.00298906847,0.8787945713960192,0.7669595403613697
1128.2,0.002989350425,0.8792662249842879,0.766788631437829
1128.3,0.00298966957,0.8798281553790502,0.7672649597159663
1128.4,0.00299002439,0.8802993691443476,0.7682717333472917
1128.5,0.002990414365,0.8804987911628122,0.7694368181156167
1128.6,0.00299083812,0.8803189789656912,0.7705848314694621
1128.7,0.00299129306,0.8797605483051449,0.7717358670354403
1128.8,0.002991777625,0.8789315071366038,0.7728759133103161
1128.9,0.002992290575,0.8779608806703508,0.7739210269383858
1129.0,0.002992830465,0.8769458446503465,0.7748208670389682
1129.1,0.002993395905,0.8759534092478923,0.7755491384815528
1129.2,0.002993985175,0.8750155747257573,0.7760567444561493
1129.3,0.002994595825,0.8741025336528444,0.7763145875316
1129.4,0.00299522477,0.8731492110789274,0.7764248511505556
1129.5,0.002995870045,0.8721199687769436,0.7765960930829175
1129.6,0.002996531785,0.8710582235573657,0.7769036110214068
1129.7,0.00299720822,0.8700486350590229,0.7773610897436226
1129.8,0.002997898635,0.8691213374386481,0.7779304782793445
1129.9,0.00299860092,0.8682482008756212,0.778486973718816
1130.0,0.002999312935,0.8674245569632589,0.7789068224442272
1130.1,0.00300003241,0.866696115874671,0.7792252731251509
1130.2,0.00300075705,0.8660698456623632,0.7793965464734394
1130.3,0.003001484675,0.8654765181906209,0.7793224991345943
1130.4,0.00300221306,0.864823839750467,0.778971149695402
1130.5,0.003002940735,0.8640615762753707,0.7783534685974092
1130.6,0.0030036679,0.8631746418374092,0.7776003157410082
1130.7,0.00300439482,0.8621618928968567,0.7769584129636561
1130.8,0.00300512288,0.8610321573290699,0.7764652457488955
1130.9,0.003005853505,0.859751443101537,0.7758732314628825
1131.0,0.003006586895,0.8583337617174926,0.7752403953219286
1131.1,0.003007325175,0.8570595380203819,0.774806503677356
1131.2,0.00300806911,0.8563484448064272,0.7744407029119573
1131.3,0.00300881977,0.8563189201186688,0.7738855960564386
1131.4,0.003009579085,0.8566447975246256,0.773112833378694
1131.5,0.003010349585,0.8569339245797208,0.772093141518377
1131.6,0.003011133425,0.8570646965155192,0.7708255277322095
1131.7,0.0030119323,0.8571341257131635,0.769399596525857
1131.8,0.003012748695,0.8572593433131502,0.767541394736741
1131.9,0.00301358477,0.8574451433858689,0.7654640291609254
1132.0,0.003014442855,0.8576086821330441,0.764219122806458
1132.1,0.003015324315,0.8576813785870482,0.7636998426735608
1132.2,0.003016229655,0.8576341101839823,0.7631449808622691
1132.3,0.003017158,0.8574634211719274,0.7626303754192405
1132.4,0.003018108595,0.8571914786286473,0.7622687278393299
1132.5,0.003019080975,0.856894309096359,0.7616352947957719
1132.6,0.003020074745,0.8567148676071713,0.7599027755623554
1132.7,0.00302109103,0.8567922324678585,0.7564866328435832
1132.8,0.00302213041,0.8571879663280607,0.7534752843382259
1132.9,0.00302319416,0.8578779731721246,0.7528848157157984
1133.0,0.00302428162,0.858790291678727,0.754311463205276
1133.1,0.00302539207,0.8598475318544396,0.7565404420425539
1133.2,0.0030265252,0.8609744588383941,0.7592811486239897
1133.3,0.00302768134,0.8620849175936586,0.7625227507381138
1133.4,0.003028860385,0.8631288436997051,0.7658527258535835
1133.5,0.003030061905,0.8641277633493964,0.7690108118686045
1133.6,0.00303128395,0.8651443450329863,0.7719448646283129
1133.7,0.00303252441,0.8661843629977719,0.7745015304289161
1133.8,0.003033780735,0.8671672291090033,0.7767150212144118
1133.9,0.003035050395,0.8680069454093815,0.7785530791114329
1134.0,0.00303632935,0.8686570037612622,0.7801035304842031
1134.1,0.003037614805,0.8691215699165045,0.7817193018514269
1134.2,0.00303890483,0.8694552447554276,0.7835784209855976
1134.3,0.00304019868,0.8697481291553364,0.7854418441017038
1134.4,0.00304149583,0.8700664101902568,0.7871912211212994
1134.5,0.003042796195,0.8704067891879027,0.789001532472004
1134.6,0.00304409921,0.8706898718187324,0.7908758380650621
1134.7,0.003045406135,0.870817231984909,0.7925967019897338
1134.8,0.00304671778,0.8707618834055381,0.7940953484996462
1134.9,0.003048036095,0.8705576170512015,0.7954011640524814
1135.0,0.00304936285,0.8702354781405025,0.796463700953408
1135.1,0.003050697925,0.8698159121584301,0.79728243141486
1135.2,0.00305203983,0.869281169106492,0.7980173567506849
1135.3,0.00305338842,0.8685560706724876,0.7987696927929959
1135.4,0.003054744125,0.8676007626120135,0.7995031981289414
1135.5,0.003056107875,0.8664399881088092,0.7999685245496058
1135.6,0.00305747892,0.8651052322044491,0.8001818009916727
1135.7,0.003058856,0.8636900326786011,0.8003228710681896
1135.8,0.003060238985,0.8623431879257101,0.8002657506305619
1135.9,0.003061629105,0.8611537683806904,0.7999774403895566
1136.0,0.003063028125,0.8601369793519854,0.7995359209580213
1136.1,0.00306443677,0.8592587534088597,0.798915839683241
1136.2,0.003065853575,0.8583981518005206,0.7980695951533288
1136.3,0.0030672812,0.8573302364929711,0.7969598463980042
1136.4,0.003068722665,0.8559070070563006,0.7955245469623586
1136.5,0.00307018265,0.8542965575470323,0.7941515955745162
1136.6,0.00307166432,0.8527643148452821,0.7934074967881428
1136.7,0.003073170665,0.8512253428520681,0.7931831933558618
1136.8,0.003074704375,0.8494019687591099,0.7929479634643316
1136.9,0.00307626751,0.8473175471661943,0.7924617768684472
1137.0,0.003077861065,0.845152235845634,0.7920261259319888
1137.1,0.00307948498,0.843014111867898,0.7917638280781553
1137.2,0.003081137115,0.8410746873423162,0.7912611983863221
1137.3,0.00308281447,0.8392475307718031,0.7903480944815562
1137.4,0.00308451429,0.8371654967893043,0.7893430173102638
1137.5,0.00308623168,0.8350842356385981,0.7883392407583301
1137.6,0.003087965375,0.8336989252252565,0.7870465884787133
1137.7,0.003089713215,0.8329878759935989,0.7856479765620764
1137.8,0.003091473915,0.8326088554063139,0.7845423935586104
1137.9,0.003093244775,0.8325261372717448,0.7838437033524521
1138.0,0.00309502284,0.8327731607020966,0.7833894353379283
1138.1,0.00309680602,0.8331960127900845,0.7830405112082647
1138.2,0.003098590185,0.8336921896506071,0.7827630143291731
1138.3,0.00310037087,0.8343599288859423,0.7824186517920425
1138.4,0.00310214329,0.8352777074805768,0.7818632496268144
1138.5,0.003103903165,0.8364377342847295,0.7809121387341253
1138.6,0.00310564548,0.8378410711567175,0.7794303185944654
1138.7,0.003107369185,0.8392901182018151,0.7779817804873776
1138.8,0.003109072675,0.8403100488231737,0.7770833603866746
1138.9,0.0031107539,0.8409277236379813,0.7763702565534216
1139.0,0.00311241196,0.841797932236655,0.7757317278465794
1139.1,0.00311404396,0.8429193425839098,0.7755636212236859
1139.2,0.003115648755,0.8436295938510334,0.7758829264178114
1139.3,0.00311722326,0.8436741165021201,0.7763660908015629
1139.4,0.00311876617,0.8434394269645263,0.7766005290117445
1139.5,0.003120275435,0.8433026985690567,0.776481148490908
1139.6,0.00312175189,0.8431187834519304,0.775966637295659
1139.7,0.003123195595,0.8425200524408238,0.775032321357296
1139.8,0.003124606585,0.8415244503129747,0.7741666743511554
1139.9,0.0031259861,0.8404083304077485,0.7735913796212446
1140.0,0.003127335065,0.8393476281969318,0.7730983883356727
1140.1,0.003128654865,0.8383612435019283,0.7727740377437454
1140.2,0.003129949065,0.8371708437800006,0.7726972697856623
1140.3,0.003131219445,0.8353213756184618,0.7727974865913119
1140.4,0.003132468745,0.8329725513046345,0.7729446010920942
1140.5,0.00313369969,0.8309794243942324,0.7728991736623233
1140.6,0.003134914765,0.829886476876419,0.7724575348502669
1140.7,0.003136115405,0.8297297176861903,0.7718374410091161
1140.8,0.003137303185,0.8299193190860197,0.7713508837052987
1140.9,0.003138480035,0.8294961151396547,0.7712355181398736
1141.0,0.00313964912,0.8285874597300862,0.7716421030611013
1141.1,0.00314081334,0.8281022595942953,0.7722333319489509
1141.2,0.00314197352,0.8284720627487345,0.7727626903110807
1141.3,0.0031431315,0.8287223660018168,0.7734059565396445
1141.4,0.00314429142,0.8280989295060824,0.7742487641671937
1141.5,0.00314545692,0.827767535463426,0.7750686318851863
1141.6,0.003146630255,0.8286745258288878,0.7757184891751372
1141.7,0.00314781114,0.8306140948677317,0.776270774880453
1141.8,0.00314899998,0.8326994212393315,0.7767508730697745
1141.9,0.003150199345,0.8341722187248903,0.7770985405623768
1142.0,0.003151408,0.835305510575561,0.7772500470096888
1142.1,0.003152620305,0.8365149294994135,0.7770759210952709
1142.2,0.0031538373,0.8378048297438656,0.7764023070816735
1142.3,0.00315505854,0.8389765872549869,0.775814087839586
1142.4,0.003156284925,0.8401135359195062,0.7760506748991426
1142.5,0.0031575171,0.841571278893069,0.776634885469004
1142.6,0.00315875418,0.8433481888306806,0.7768338739476824
1142.7,0.003159993905,0.8450599107207304,0.7769581176539466
1142.8,0.00316123474,0.846422865560749,0.7772862381570581
1142.9,0.003162475355,0.8473528523844353,0.7772302172768594
1143.0,0.0031637124,0.8481914691273845,0.7767559938658
1143.1,0.003164945615,0.8493780361062749,0.776452616546428
1143.2,0.003166173,0.8508330584605996,0.7761741332072433
1143.3,0.00316739436,0.8523430335536211,0.7758707244719448
1143.4,0.003168607085,0.8536459462748444,0.7760769386137265
1143.5,0.00316980992,0.8545912075220123,0.776788760677177
1143.6,0.00317099823,0.8552010911870391,0.7776734268852424
1143.7,0.00317217227,0.8555038213383244,0.7785491144215041
1143.8,0.003173329905,0.8555416461138735,0.7792345094075526
1143.9,0.00317446893,0.8552236415391066,0.7796428159215542
1144.0,0.003175586005,0.8543158280763693,0.7799423919138153
1144.1,0.003176681775,0.8526952375060151,0.7801601608333768
1144.2,0.003177753325,0.8506749358191592,0.7801692463193309
1144.3,0.003178799335,0.8486094454635741,0.7798388450199529
1144.4,0.00317981402,0.8459072171089594,0.7793638613434714
1144.5,0.003180793695,0.8425479435004024,0.7789675368638505
1144.6,0.003181739815,0.8394162719964127,0.7786400006969725
1144.7,0.00318265232,0.8362927435005809,0.7782746083386187
1144.8,0.003183527105,0.8327482667219096,0.7778515991709982
1144.9,0.003184362785,0.8294173491286438,0.7774944692013234
1145.0,0.003185158195,0.8266145583931879,0.7771056091458474
1145.1,0.003185912145,0.824365781239007,0.7765017133564184
1145.2,0.00318662487,0.8218800023350394,0.7756536592691378
1145.3,0.00318729817,0.8182743587474025,0.7744539353002142
1145.4,0.003187933675,0.8150410692874397,0.772952737817067
1145.5,0.003188532715,0.8128833669042865,0.7713795915789672
1145.6,0.00318909606,0.8110528613960046,0.769651024469109
1145.7,0.003189627765,0.8091030193491835,0.7680245842532338
1145.8,0.00319012692,0.8080049824512714,0.766838394265462
1145.9,0.003190596655,0.807390072237999,0.7658286863865982
1146.0,0.00319103467,0.8065052489503008,0.764909500358455
1146.1,0.003191443935,0.8050180566872032,0.764162423342246
1146.2,0.00319182462,0.8042655384325182,0.763565357375246
1146.3,0.003192178,0.8052247420678829,0.7628453231885991
1146.4,0.00319250535,0.80715599216938,0.7619224175147541
1146.5,0.003192809805,0.8092249257105134,0.7610651962601102
1146.6,0.00319309168,0.8112118385506469,0.7602569775676771
1146.7,0.00319335494,0.8130426330854529,0.7593038120733927
1146.8,0.00319360296,0.8148412074460036,0.758445510110876
1146.9,0.00319383964,0.8169468850548135,0.7581143799620024
1147.0,0.003194069205,0.8195289097913165,0.7584271757761496
1147.1,0.00319429335,0.8225557777643824,0.7589750506853797
1147.2,0.00319451613,0.8260116239311108,0.7595578286889912
1147.3,0.003194741175,0.8298484259061988,0.760237543675522
1147.4,0.003194969405,0.8337309506207671,0.7608958958320082
1147.5,0.003195203385,0.8371702782933229,0.7613798204811819
1147.6,0.003195446975,0.8397535156845902,0.7616706188635688
1147.7,0.003195701545,0.841171636891606,0.7620477167961498
1147.8,0.00319596892,0.841460820495369,0.7626509905502333
1147.9,0.00319625131,0.841399603420921,0.7631598657282618
1148.0,0.0031965483,0.841996154166726,0.7632378589074799
1148.1,0.003196860405,0.8432992491003232,0.7632218682008731
1148.2,0.003197189305,0.8446873366815705,0.7637799155871156
1148.3,0.00319753616,0.8455199341329955,0.7646013289686938
1148.4,0.00319789773,0.8457852353494059,0.7652402221002836
1148.5,0.003198272275,0.8460341814344616,0.7660078451324471
1148.6,0.00319865747,0.8464396228159633,0.7668350264781373
1148.7,0.00319905171,0.8465064444917052,0.7674579728854176
1148.8,0.00319945308,0.8456897183663662,0.7680088197412981
1148.9,0.00319985884,0.8439213221448457,0.7683723899759126
1149.0,0.00320026784,0.8416375602148746,0.768494673328361
1149.1,0.00320067894,0.8398060682464994,0.768736280652978
1149.2,0.003201089335,0.8384733669437349,0.7691655353067939
1149.3,0.003201495295,0.8374788455237585,0.7695170166928775
1149.4,0.00320189453,0.8373336411113096,0.7697626515392765
1149.5,0.00320228317,0.8378594620401115,0.770080668680414
1149.6,0.00320266001,0.8384118985418748,0.7704402616587291
1149.7,0.003203022675,0.8388773443430599,0.7708124461404
1149.8,0.00320337028,0.8393370347465039,0.771160993278945
1149.9,0.00320370246,0.839580036938259,0.7713552065367901
1150.0,0.00320402016,0.8393903475738353,0.7713821488353872
1150.1,0.003204323035,0.8390709606983008,0.7712232282294127
1150.2,0.00320461099,0.8390893452985094,0.7709496394915822
1150.3,0.00320488602,0.8394165987220487,0.7706530731450834
1150.4,0.003205150485,0.8398764839042371,0.7703554575066381
1150.5,0.00320540556,0.8406271172033299,0.7700784632823712
1150.6,0.00320565338,0.8418301398445397,0.7697686959635419
1150.7,0.00320589322,0.843248355299335,0.769687209333293
1150.8,0.003206125275,0.8446512397819808,0.7699734147072205
1150.9,0.0032063504,0.8461873780586213,0.7703532960908925
1151.0,0.003206568555,0.8477887420819357,0.7707711530465612
1151.1,0.00320677815,0.8490950100241129,0.7711736915964509
1151.2,0.003206978815,0.8500825131261012,0.7713658439695151
1151.3,0.003207170725,0.8509928335797758,0.7712030780541327
1151.4,0.003207355155,0.8519376738535284,0.770686204381208
1151.5,0.003207532975,0.8529224626194638,0.7699251724104319
1151.6,0.0032077069,0.8539724394329614,0.7691304814159651
1151.7,0.0032078798,0.8550693956230005,0.7682999951148033
1151.8,0.003208054515,0.8561681425208525,0.7673272826310283
1151.9,0.003208232745,0.8572505782696468,0.7665740732259595
1152.0,0.00320841675,0.8582849602172119,0.7662123942301223
1152.1,0.00320860897,0.859254851550784,0.765930298059386
1152.2,0.003208810915,0.8601984854529574,0.765438349782575
1152.3,0.00320902331,0.8610969306864017,0.7645237253469648
1152.4,0.0032092472,0.8618882978758409,0.7631525583837495
1152.5,0.003209483,0.8625468636606276,0.7615362969280719
1152.6,0.003209730545,0.8630095197275365,0.7596914092086219
1152.7,0.003209989,0.8634547713711445,0.7577837964502504
1152.8,0.00321026061,0.8640721508762427,0.7565350196536337
1152.9,0.00321054703,0.8647436286068355,0.7561373631387277
1153.0,0.00321085189,0.8654102054528889,0.7561451103062113
1153.1,0.003211178065,0.8659622523971631,0.7565166350534249
1153.2,0.00321152732,0.8663120373232137,0.7570874750049528
1153.3,0.00321189735,0.866216520340174,0.7576937835375397
1153.4,0.003212287315,0.8655976014546757,0.7583023414504666
1153.5,0.003212697475,0.8662785605118971,0.7589149771506578
1153.6,0.00321312816,0.8676468560594269,0.7595387969206958
1153.7,0.0032135792,0.8684850455457753,0.760006818827857
1153.8,0.003214050075,0.8691223992969649,0.7603074503952497
1153.9,0.003214539625,0.8694791522755213,0.7609681775957821
1154.0,0.0032150463,0.8696144418215555,0.7621625671403797
1154.1,0.0032155682,0.8697568879156545,0.7636921834706714
1154.2,0.003216103185,0.8701046245232952,0.765347922179634
1154.3,0.003216648235,0.8707565803971388,0.767014713011552
1154.4,0.00321720185,0.8716845691678972,0.7686138339377117
1154.5,0.00321776144,0.8727776611989727,0.7701193228364238
1154.6,0.003218325235,0.8739082010144787,0.7715411008572883
1154.7,0.003218889295,0.874968337738618,0.7728877508314349
1154.8,0.003219448705,0.8758923743858182,0.7740905284284176
1154.9,0.00321999966,0.8766414494549549,0.7750941918830159
1155.0,0.003220539955,0.8771865346299088,0.7760135915394596
1155.1,0.003221067505,0.8775305578750328,0.7770221244626709
1155.2,0.0032215822,0.8777188209563918,0.7779822265935344
1155.3,0.0032220838,0.877810976435292,0.7787714135176721
1155.4,0.003222573205,0.8778424677600517,0.7794797923955741
1155.5,0.00322305074,0.8778073824532964,0.7800773924333253
1155.6,0.00322351491,0.87767133264184,0.7803751525850325
1155.7,0.00322396405,0.8773959971784941,0.7802851522386925
1155.8,0.003224396045,0.8769643486310762,0.7798295521888836
1155.9,0.00322480993,0.8763615209831493,0.7791177489749892
1156.0,0.00322520476,0.875578962819511,0.7785721485788402
1156.1,0.00322558005,0.874645589358944,0.7783822895684132
1156.2,0.003225935815,0.873619859357547,0.7781699618873277
1156.3,0.003226271815,0.8725539044038133,0.7778337989070229
1156.4,0.003226589285,0.8714671898058247,0.7776658242310207
1156.5,0.00322688948,0.8703926583041468,0.7776071015811399
1156.6,0.00322717314,0.8693941156455739,0.7772983332887745
1156.7,0.00322744056,0.8684727305025731,0.7766789871466752
1156.8,0.00322769247,0.8675607764207186,0.7758531629690113
1156.9,0.00322793121,0.8666487657901961,0.7749121994205934
1157.0,0.00322816026,0.8658270382493526,0.7737445008471807
1157.1,0.00322838183,0.865171482110328,0.7722720929191109
1157.2,0.003228596815,0.8646888957796247,0.770708704467793
1157.3,0.003228806235,0.8643150713865888,0.7692190366296845
1157.4,0.0032290117,0.8639559684967276,0.7678069849796755
1157.5,0.003229214405,0.8635766274669919,0.7665693357042379
1157.6,0.00322941603,0.8631531470604733,0.7655637118958238
1157.7,0.003229617485,0.8626466217937497,0.7645932802083152
1157.8,0.00322981847,0.8620590999852313,0.7635269545466484
1157.9,0.00323002005,0.861445440125835,0.7626021073685434
1158.0,0.003230224535,0.8608019979680827,0.7619301835317936
1158.1,0.003230434515,0.860085507497949,0.7611707474900855
1158.2,0.00323065124,0.8592729408412834,0.7603274937563795
1158.3,0.003230877665,0.8584850042710217,0.759656393016905
1158.4,0.00323111522,0.8578648098989061,0.7587656384022767
1158.5,0.00323136433,0.8573495510046054,0.757761717337081
1158.6,0.003231624395,0.8567757705223539,0.7574058754203942
1158.7,0.003231893835,0.8561118263309442,0.7573195193215323
1158.8,0.003232172435,0.8555083766476719,0.7570815311116522
1158.9,0.003232460895,0.8551269370340437,0.7569610824493136
1159.0,0.003232758195,0.8549154889989012,0.757067576157085
1159.1,0.003233064655,0.8547076600784957,0.7571765328734967
1159.2,0.00323337905,0.8544664988600356,0.7573096672869706
1159.3,0.00323370015,0.854218639766038,0.7576565556645947
1159.4,0.00323402654,0.853960262619836,0.7582802874700384
1159.5,0.00323435695,0.8537197548526478,0.7592412755300303
1159.6,0.003234689985,0.8535720937147437,0.7602439273917941
1159.7,0.003235022305,0.853537121505324,0.7610437894477686
1159.8,0.003235350385,0.8536154539765486,0.7617896538092133
1159.9,0.00323567229,0.8538228242244268,0.7624718632203109
1160.0,0.00323598499,0.8541339172953558,0.7629685301692876
1160.1,0.00323628269,0.8544733475320202,0.7633755172143748
1160.2,0.00323656111,0.8547450764469998,0.7637068232924371
1160.3,0.003236817295,0.8548884901516361,0.7638995285858082
1160.4,0.00323704832,0.8548605739593165,0.7639743361900756
1160.5,0.00323725104,0.854585904513613,0.7639411232725418
1160.6,0.003237421995,0.8539773905829833,0.7637380570065991
1160.7,0.003237560065,0.8530216929650202,0.7634573054375184
1160.8,0.00323766483,0.8517417892683917,0.7633366242973234
1160.9,0.00323773752,0.8501862924978197,0.7632300300585871
1161.0,0.003237779465,0.8484842152972167,0.763007115210259
1161.1,0.00323779291,0.8467731782743656,0.7627350030209756
1161.2,0.003237779135,0.8451845879667808,0.7622751932370109
1161.3,0.00323773765,0.8439153028533215,0.7617034799227254
1161.4,0.0032376686,0.8430909426578342,0.7611475562531167
1161.5,0.00323757334,0.842529854209903,0.7605714635586721
1161.6,0.003237451555,0.8418050133864963,0.7597777024756307
1161.7,0.003237304115,0.8407289299380474,0.7586272135467743
1161.8,0.003237132165,0.8395360106588116,0.7576057058459037
1161.9,0.00323693859,0.8384043084540237,0.7569480699725424
1162.0,0.003236725765,0.8373120897857059,0.7563842734717439
1162.1,0.00323649324,0.8363387112842883,0.7558239390060496
1162.2,0.003236241775,0.8355627316156663,0.7554835223092919
1162.3,0.00323597393,0.8349611731711718,0.7552786841850926
1162.4,0.003235690615,0.8345202506422404,0.7552116865801621
1162.5,0.00323539261,0.8341930600505543,0.7552817880786343
1162.6,0.003235079015,0.8340092328980221,0.7553612138241024
1162.7,0.00323474982,0.8340767645737036,0.7552417264891157
1162.8,0.003234407245,0.8345628192226965,0.7546291410544069
1162.9,0.003234053015,0.8355323461315207,0.7536886927271842
1163.0,0.003233687615,0.8369039466345222,0.752652978744334
1163.1,0.003233312165,0.8385127059669432,0.7513992947799926
1163.2,0.003232927565,0.8402299005113953,0.7500194256051269
1163.3,0.00323253525,0.8420154875279161,0.7487000006729163
1163.4,0.003232135445,0.8438586033891095,0.7475014139605334
1163.5,0.003231729295,0.8457017506662294,0.7464054316642168
1163.6,0.003231318965,0.8474653402509899,0.74501142532241
1163.7,0.0032309066,0.8491701192212749,0.7432450460033732
1163.8,0.003230493885,0.8509116988079044,0.7417322057778517
1163.9,0.0032300826,0.8527078038766295,0.7410109086709582
1164.0,0.003229675135,0.8545059572637645,0.7408833034605546
1164.1,0.003229272065,0.8562357370283871,0.740892659123477
1164.2,0.00322887283,0.857851822554876,0.7408638067365465
1164.3,0.00322847695,0.8593634941079304,0.7407149894925459
1164.4,0.00322808616,0.8607540761137448,0.7406558081701375
1164.5,0.00322770039,0.8619709594617422,0.741068443798816
1164.6,0.003227319685,0.8629887663664669,0.7419516271751491
1164.7,0.00322694787,0.8637831243521124,0.7430816643358307
1164.8,0.00322658632,0.8643574451883005,0.7444569844845339
1164.9,0.00322623471,0.8647644133838318,0.745856029940957
1165.0,0.003225890895,0.8650836620292897,0.7470616978031811
1165.1,0.00322554975,0.8653799833315614,0.7482212533684358
1165.2,0.00322520708,0.8656739107402313,0.7493418657511566
1165.3,0.00322486102,0.8660454229210741,0.7502469397450999
1165.4,0.0032245106,0.8666647313640617,0.7511427334743445
1165.5,0.00322415689,0.8676293385387905,0.7522560510789236
1165.6,0.003223798595,0.8688614900270843,0.7534652689408462
1165.7,0.00322343489,0.8701834407997885,0.7544969428355438
1165.8,0.00322306523,0.8714259092783566,0.755327724446415
1165.9,0.00322268882,0.8724795491888881,0.7561450160584318
1166.0,0.003222305115,0.8732929012437173,0.757094801199021
1166.1,0.00322191469,0.8738329284544988,0.7581200348287788
1166.2,0.003221518355,0.8740586518866592,0.7591355546540517
1166.3,0.003221115805,0.8739553626033945,0.7601797069547694
1166.4,0.00322070617,0.8735694430786421,0.7612565066863433
1166.5,0.00322029032,0.8729518310956876,0.7622916991648129
1166.6,0.00321986748,0.8721582710745761,0.7631986329816071
1166.7,0.0032194352,0.8712770480520589,0.7639241461058418
1166.8,0.0032189918,0.8703653264480606,0.764534570124805
1166.9,0.00321853713,0.86940742971524,0.7650916059182129
1167.0,0.00321807095,0.8683725136969237,0.7655653141080772
1167.1,0.00321759249,0.8672746652945708,0.7659335590325603
1167.2,0.003217098955,0.8661507542395638,0.7661138299022087
1167.3,0.00321658962,0.8650095707081473,0.7661855775952313
1167.4,0.00321606445,0.8638314608966805,0.7662107480355719
1167.5,0.003215523725,0.8626058941865885,0.7660514818544054
1167.6,0.00321496656,0.8613242751803714,0.765593148618988
1167.7,0.003214393275,0.8599708707820195,0.764967261680984
1167.8,0.00321380538,0.8585506886902231,0.764144729892421
1167.9,0.003213204615,0.8570752836827618,0.7633713765952574
1168.0,0.00321259326,0.8555542187676732,0.7627571512491834
1168.1,0.003211973175,0.8540180679246621,0.7621108062598192
1168.2,0.003211346235,0.8525257737150951,0.7615412606444646
1168.3,0.00321071368,0.8511843953334213,0.7609617813131394
1168.4,0.00321007648,0.8501017459563264,0.7602795530524858
1168.5,0.00320943698,0.8492750107167931,0.7594664837409956
1168.6,0.00320879716,0.8485409398941699,0.7585776643474419
1168.7,0.00320816068,0.8476933193466755,0.7577885151224161
1168.8,0.003207531545,0.8466674259824604,0.7569366471416539
1168.9,0.00320691262,0.8456875946497323,0.7559702115600008
1169.0,0.00320630728,0.8450676390386582,0.7551224025169471
1169.1,0.003205719115,0.8449644440031729,0.7543538181574316
1169.2,0.00320515246,0.845425648654276,0.7535145793791369
1169.3,0.003204611155,0.8461392300096123,0.7525806467150779
1169.4,0.003204098065,0.846814465085019,0.7515406350334776
1169.5,0.003203616135,0.847511308034697,0.7503430096484466
1169.6,0.00320316682,0.8477619317302298,0.7489629582612071
1169.7,0.003202750525,0.8473861721161193,0.7475262828079792
1169.8,0.00320236917,0.8472434935441638,0.7462650150389719
1169.9,0.00320202521,0.8476774668701454,0.7451645905306431
1170.0,0.003201720225,0.8486355520985255,0.74386260143766
1170.1,0.00320145474,0.8501834147989491,0.7423467578495617
1170.2,0.003201229875,0.8519436303131995,0.7411452117568992
1170.3,0.003201047015,0.8534553709812923,0.7404620158857083
1170.4,0.003200908275,0.8545979368134763,0.740153762814538
1170.5,0.00320081393,0.8554544040858832,0.7401538507791323
1170.6,0.00320076224,0.8560899922620018,0.7403633196109031
1170.7,0.003200750245,0.856572723105967,0.7407711548860069
1170.8,0.003200774925,0.8569423314816618,0.7413944343021084
1170.9,0.00320083465,0.8572072054414713,0.7422636313079477
1171.0,0.003200927545,0.8573790128605108,0.7433330734295268
1171.1,0.0032010506,0.8574281850687249,0.744410658559264
1171.2,0.00320120222,0.8573253858739139,0.7454926796178282
1171.3,0.003201380055,0.857128326333125,0.7467157204874266
1171.4,0.00320158165,0.8569414015702362,0.7479743304690489
1171.5,0.003201802055,0.8568105102539171,0.7490910284273233
1171.6,0.00320203774,0.8566586707977839,0.7501120020574429
1171.7,0.003202285575,0.8563582717082475,0.7510887923284822
1171.8,0.00320254415,0.8558771870588328,0.7520519166714786
1171.9,0.003202813065,0.8553419225025142,0.7530129989792501
1172.0,0.00320309332,0.8548699421886093,0.7538469912978133
1172.1,0.003203384,0.8544402728445634,0.754484671774639
1172.2,0.003203682595,0.8539255543041991,0.7551279003040908
1172.3,0.003203987485,0.8532525371932059,0.7558627816576186
1172.4,0.003204298895,0.8524701800914971,0.7565933904451374
1172.5,0.003204617635,0.8516869621934012,0.7572398610982078
1172.6,0.00320494498,0.8510351948151169,0.7576731244242497
1172.7,0.003205282835,0.8506248965313729,0.7582026649987536
1172.8,0.003205633305,0.8504484458383912,0.7592996714542752
1172.9,0.00320599907,0.8502935087719016,0.7608625069852859
1173.0,0.003206381825,0.849960744994848,0.7624897891479923
1173.1,0.00320678487,0.849573443169328,0.7640528571568594
1173.2,0.003207209165,0.8493731163721794,0.765609308971598
1173.3,0.003207653415,0.8493916580520209,0.7670298743376982
1173.4,0.003208116135,0.8496324862616598,0.7682407069782448
1173.5,0.003208595575,0.8501125153359428,0.7691630031831151
1173.6,0.00320909236,0.8507848350133671,0.7697972027752805
1173.7,0.003209606615,0.8516125378634377,0.7704585205952318
1173.8,0.00321013766,0.852578992294647,0.7714336332557943
1173.9,0.003210684805,0.8536122558352272,0.7726394142153539
1174.0,0.003211247865,0.8545900639822865,0.7737955328782455
1174.1,0.00321182649,0.8553193470177055,0.7747298299670525
1174.2,0.003212420555,0.8557582652105239,0.7754080935377773
1174.3,0.00321302981,0.8561028413759549,0.7758327363335776
1174.4,0.003213654905,0.8565570277090696,0.7760206664061154
1174.5,0.00321429585,0.8572600093307928,0.7759414605721331
1174.6,0.00321495217,0.8582586839362571,0.7756105880338571
1174.7,0.00321562423,0.8593012968565746,0.7749993911831011
1174.8,0.003216311635,0.8600215760874484,0.7743567092907709
1174.9,0.00321701314,0.8605599194045677,0.7741107100196243
1175.0,0.003217726985,0.861340347568387,0.7741364208139012
1175.1,0.00321845046,0.8624182908396868,0.7741300936462969
1175.2,0.00321918024,0.8635283663206474,0.7740055294975821
1175.3,0.00321991051,0.8644864452658422,0.7738694105710874
1175.4,0.00322063686,0.8652481746701874,0.7737504698732225
1175.5,0.003221355875,0.8658330575408768,0.773452929633001
1175.6,0.00322206563,0.8662832477681363,0.7728496621621027
1175.7,0.003222764665,0.8666001339359186,0.772089088863854
1175.8,0.0032234542,0.866732156225593,0.7712610592881474
1175.9,0.00322413686,0.8666307141988087,0.7705324234208148
1176.0,0.00322481573,0.866288601042018,0.7698176419770848
1176.1,0.003225493385,0.8657339717085826,0.7690024992144432
1176.2,0.003226170315,0.8650511402621395,0.768269634763399
1176.3,0.003226846715,0.8643935609374461,0.7675560848239893
1176.4,0.003227523635,0.8638364120467026,0.7667502600251581
1176.5,0.003228201375,0.863358889963357,0.7658963123100594
1176.6,0.00322888086,0.8629669888461922,0.7649645913272283
1176.7,0.003229562455,0.8626611171022535,0.763904247257974
1176.8,0.00323024466,0.862400314646523,0.7628295586766634
1176.9,0.003230927455,0.8621764510372135,0.7618333219470983
1177.0,0.003231610715,0.8620191577762335,0.7610149998926912
1177.1,0.003232294245,0.8619493453042854,0.7606002845296761
1177.2,0.0032329779,0.8619572369850312,0.7605699870101249
1177.3,0.003233659575,0.8619089884050575,0.7607470660216371
1177.4,0.003234337885,0.8614948950773877,0.7612333908475981
1177.5,0.003235011705,0.8604741916242364,0.7621490394424134
1177.6,0.00323568012,0.8593227162352869,0.7632794912933252
1177.7,0.003236342645,0.8591580527979416,0.764405563764078
1177.8,0.00323699979,0.8597811814175959,0.7655542745514924
1177.9,0.00323765201,0.8596799090368147,0.7667733004656796
1178.0,0.003238298755,0.8586879008909613,0.7679524909850193
1178.1,0.003238940445,0.8579189144075862,0.7689796598358516
1178.2,0.003239576625,0.8575817461176323,0.7698522309122008
1178.3,0.003240208575,0.8571726981877643,0.7706745679220192
1178.4,0.00324083689,0.8565472636391023,0.7715326436898648
1178.5,0.00324146224,0.8560460036816662,0.7724056545891856
1178.6,0.003242084935,0.8562344803913257,0.7732336276162245
1178.7,0.00324270488,0.8571361049165352,0.773982577021655
1178.8,0.00324332068,0.858258231546915,0.7746921811206919
1178.9,0.003243931215,0.8593792649030514,0.7753249921289045
1179.0,0.003244537355,0.860461380209395,0.7757796308513615
1179.1,0.003245138795,0.8614643462304243,0.7760776297641103
1179.2,0.003245736065,0.8624443786250823,0.7763658080582241
1179.3,0.003246330315,0.8634042042957923,0.7766924708623444
1179.4,0.00324692168,0.8641813275041401,0.7769383319034143
1179.5,0.003247510855,0.8647482781639628,0.7769985059691011
1179.6,0.003248096765,0.8652329505121881,0.7768919117303649
1179.7,0.003248677495,0.8656323663189803,0.7766496069721788
1179.8,0.003249250435,0.86585153010568,0.7762767941719774
1179.9,0.0032498156,0.8658863389522817,0.7758067239464059
1180.0,0.003250371315,0.8658599118748797,0.7752735956730917
1180.1,0.003250915955,0.8659991786772134,0.7746847355461028
1180.2,0.00325144839,0.8664314869590887,0.7740594517938884
1180.3,0.003251969835,0.8670025719548434,0.7734147027335921
1180.4,0.003252480765,0.8675180696101856,0.7727749173896885
1180.5,0.003252980365,0.8679943099237286,0.7721342272671007
1180.6,0.003253465235,0.8685485811156014,0.7714987773210591
1180.7,0.0032539331,0.8691467152241038,0.770914064096373
1180.8,0.003254386605,0.869662294560855,0.7703142021119113
1180.9,0.00325482448,0.8701362729276874,0.769767879149452
1181.0,0.003255243825,0.8707483180084599,0.7693494504239203
1181.1,0.003255647315,0.871587424839863,0.7689934702771567
1181.2,0.003256036715,0.8725583843149374,0.7686738257910246
1181.3,0.00325641122,0.8735310590996007,0.7683529686501281
1181.4,0.00325676905,0.8744749254796303,0.76796897178008
1181.5,0.00325711028,0.8753568333693461,0.7674961683689
1181.6,0.003257435605,0.876046205611694,0.7669359658500972
1181.7,0.003257745325,0.8763600004523051,0.7662761497114343
1181.8,0.00325803963,0.8761882872810453,0.765462772523864
1181.9,0.003258319325,0.8756108562681302,0.7644816719877038
1182.0,0.00325858429,0.8748470345630774,0.7633822527890242
1182.1,0.00325883421,0.8740064072008299,0.7622544838582385
1182.2,0.003259068615,0.8731178705506151,0.7612828709318922
1182.3,0.00325928903,0.8724430250326977,0.7605058671040651
1182.4,0.003259498435,0.872135563642876,0.7597524503538812
1182.5,0.00325969635,0.8718156489797756,0.7589211535218148
1182.6,0.003259880055,0.8711796335470563,0.7580234308546809
1182.7,0.003260049205,0.8705379255484489,0.7572858791473975
1182.8,0.003260207105,0.8702706576950373,0.7567364711409525
1182.9,0.003260357225,0.8703836230836751,0.7562734255165546
1183.0,0.003260500575,0.8707647045557408,0.7560048947428963
1183.1,0.003260641035,0.8712577900890923,0.7556760014079921
1183.2,0.003260781005,0.8717716729658106,0.7554554364709688
1183.3,0.003260921085,0.8722556792963934,0.755597147432387
1183.4,0.003261061595,0.8727235252743659,0.755804146972332
1183.5,0.003261202415,0.8732566472644948,0.7560272628825899
1183.6,0.003261345835,0.8738712621680578,0.7564426128473211
1183.7,0.003261493165,0.8744968600795379,0.7568069370641725
1183.8,0.003261646685,0.8750782118000846,0.7572183726044572
1183.9,0.00326180895,0.8756379996286572,0.7578667784786023
1184.0,0.003261984025,0.8761836565734739,0.7585399024037457
1184.1,0.003262176205,0.8766554986573019,0.7593465942821492
1184.2,0.003262389715,0.8769859313726064,0.7602333465077368
1184.3,0.0032626291,0.8771458949873419,0.7611456964302658
1184.4,0.003262897715,0.8771065936632454,0.7621501389998421
1184.5,0.00326319876,0.8768464446587869,0.7629929277778355
1184.6,0.00326353349,0.8764157385891651,0.7632770345678701
1184.7,0.00326390263,0.875921044560375,0.7631650933384374
1184.8,0.003264306475,0.8754294104428294,0.7632541323574255
1184.9,0.00326474761,0.8749106895134247,0.7636185948043537
1185.0,0.003265227855,0.8743052983258924,0.7641423171492631
1185.1,0.003265747545,0.8735659496276114,0.7649490341604077
1185.2,0.003266305495,0.8727118636824358,0.7659952159299797
1185.3,0.003266901455,0.8717816695136343,0.7668445580702483
1185.4,0.003267533575,0.8707553865919303,0.7674153854554056
1185.5,0.00326820138,0.8696307027051304,0.7675421550021633
1185.6,0.00326890348,0.8684645120961915,0.7670246969930051
1185.7,0.00326963913,0.8672154965385331,0.766172992375061
1185.8,0.003270407115,0.8657833386955411,0.7651881219277166
1185.9,0.003271205795,0.8642085022805938,0.7648288556750373
1186.0,0.003272032675,0.8626645414382458,0.7654206123504528
1186.1,0.00327288649,0.8612059628010371,0.7665108266826575
1186.2,0.003273767275,0.8597474281461257,0.767806073917806
1186.3,0.003274673855,0.8582573581841573,0.7688855125872088
1186.4,0.003275605365,0.8567857482206217,0.7695808475724132
1186.5,0.003276559495,0.8554583436430708,0.7700318483305771
1186.6,0.003277534725,0.8544162019616515,0.7700969421303595
1186.7,0.003278529015,0.8537114296321158,0.7697018742878001
1186.8,0.00327954083,0.8532261792308423,0.7692725191030193
1186.9,0.00328056808,0.8527730736056004,0.7692120183116964
1187.0,0.00328160971,0.8522821243552533,0.7694884030669886
1187.1,0.003282663675,0.8518210013855594,0.7699449455945936
1187.2,0.0032837281,0.851456105398845,0.7703752432571704
1187.3,0.00328480129,0.8512159180741073,0.77065883482601
1187.4,0.00328588146,0.851137899762148,0.7708204383521107
1187.5,0.00328696581,0.8512465863015917,0.7708661610915911
1187.6,0.00328805134,0.8515597402573014,0.7708428379077308
1187.7,0.003289136435,0.8520252991558224,0.7707816145500976
1187.8,0.003290219405,0.8525719739766588,0.770711789511779
1187.9,0.003291299345,0.8532195818862697,0.7708065273798407
1188.0,0.00329237538,0.8539698821765414,0.7711857930113526
1188.1,0.003293445715,0.8547365752972793,0.7716403751851417
1188.2,0.00329450815,0.8554827538179893,0.7719566644503197
1188.3,0.003295558755,0.8562251121620327,0.7721727808921456
1188.4,0.00329659279,0.8569422058179557,0.772339147072709
1188.5,0.003297605015,0.8576224988575346,0.7723722091937955
1188.6,0.003298591305,0.8583359671155355,0.7722886742451366
1188.7,0.003299545015,0.859129363773829,0.7721321538159494
1188.8,0.00330046099,0.8599309348562072,0.7718481664064355
1188.9,0.00330133269,0.8606250069211646,0.7714247236990287
1189.0,0.003302153785,0.8611376268776363,0.7709365955988845
1189.1,0.003302919735,0.8614259873841239,0.7703723592751145
1189.2,0.00330362575,0.8614794824238292,0.7696760692457435
1189.3,0.003304269345,0.8613277811977726,0.768835404184384
1189.4,0.00330484847,0.8610114667998534,0.7679585668252112
1189.5,0.00330536168,0.8605727433857796,0.7670233900904613
1189.6,0.003305807985,0.8600600857301961,0.7659151492996102
1189.7,0.003306185405,0.8594972379903791,0.7648015929339894
1189.8,0.00330649225,0.8588754665387511,0.7637668654112325
1189.9,0.00330672789,0.8581601384578994,0.7627380503658496
1190.0,0.00330689255,0.8573816266655986,0.7617146388598309
1190.1,0.003306986095,0.8566150089430842,0.7607247607137966
1190.2,0.00330700886,0.855856490246431,0.7597172582329756
1190.3,0.00330696155,0.8550790717283737,0.75869022761222
1190.4,0.003306845755,0.8543302919689465,0.7577505207008636
1190.5,0.00330666599,0.8536634763618514,0.7569140276745481
1190.6,0.003306426055,0.8531375737516405,0.7561088751765449
1190.7,0.003306129235,0.8527518741383739,0.7553232194025499
1190.8,0.00330578018,0.8524706199144687,0.7546734375108226
1190.9,0.003305383455,0.8523177562991302,0.7541850643664514
1191.0,0.00330494447,0.8523052087780717,0.7537508334298721
1191.1,0.003304468185,0.8523784644355683,0.7533110293079256
1191.2,0.00330395944,0.8524705382330595,0.7528384772241579
1191.3,0.003303421445,0.8525581823849095,0.7522954655003555
1191.4,0.00330285942,0.8526664479509376,0.7516469088297631
1191.5,0.00330227753,0.8528310799723563,0.7509584036669877
1191.6,0.003301678025,0.8530654742002406,0.7501745700167318
1191.7,0.003301066275,0.8533672304578032,0.7491133400183492
1191.8,0.003300449065,0.8537035882168524,0.747982636840025
1191.9,0.00329983209,0.8540287367733136,0.7472075619500873
1192.0,0.003299222855,0.8543249889605472,0.7467264961502283
1192.1,0.00329862851,0.8545964476985586,0.7465010680277774
1192.2,0.0032980553,0.8548276563514922,0.7465952843914586
1192.3,0.00329751019,0.8550379922628354,0.7467786780042045
1192.4,0.003296997145,0.8552617113588827,0.7469127046299919
1192.5,0.003296518365,0.8555178328415594,0.7470125067454112
1192.6,0.0032960761,0.8557788363592196,0.7469215764876457
1192.7,0.003295672465,0.8559836116515659,0.7468909648088291
1192.8,0.003295309825,0.85604874315046,0.7470178725856635
1192.9,0.003294988315,0.855933295903626,0.7470471145300831
1193.0,0.003294707305,0.8556518154850495,0.7471805442532663
1193.1,0.003294466555,0.8551808907462765,0.7476935412008564
1193.2,0.003294268265,0.8545810601777412,0.7489790809147053
1193.3,0.003294111155,0.8541080996869287,0.7507548158966645
1193.4,0.003293995525,0.8540006383686201,0.7524022545178364
1193.5,0.003293921455,0.8542243323319262,0.7539254682823
1193.6,0.003293891595,0.8546095167239974,0.7554970060249612
1193.7,0.003293908515,0.8551331888034244,0.7570880153588893
1193.8,0.003293974115,0.8558930206858069,0.7585590472693767
1193.9,0.00329408739,0.8569494000651324,0.7598530881329463
1194.0,0.003294246725,0.858233237035763,0.7610083962649333
1194.1,0.00329445051,0.859628204704922,0.7619728652095854
1194.2,0.003294696965,0.8610294492762025,0.7628354900035933
1194.3,0.003294984,0.8623279826172666,0.7637203258576623
1194.4,0.003295308625,0.8634707495113806,0.7646240364003939
1194.5,0.003295667765,0.8644671433205785,0.765497707034172
1194.6,0.00329605748,0.8653782868715285,0.7663032679392201
1194.7,0.00329647398,0.8662265985694068,0.7669771018643032
1194.8,0.00329691287,0.8669615364716021,0.7674669012917391
1194.9,0.003297370985,0.8674939421786061,0.7678053513514956
1195.0,0.00329784447,0.8677924688789208,0.7680677560194794
1195.1,0.00329832774,0.867924302673036,0.7682743345860088
1195.2,0.00329881506,0.8679447293084697,0.7683778626303153
1195.3,0.00329930176,0.8678682943592079,0.7683112797156151
1195.4,0.003299782725,0.8677400042816059,0.7681178644223041
1195.5,0.00330025338,0.8676019501340365,0.7679275153234232
1195.6,0.003300709945,0.867450349438945,0.7677961841841324
1195.7,0.00330114983,0.8672670814899052,0.7676218760573407
1195.8,0.003301568785,0.8670793210633706,0.7673384290017632
1195.9,0.003301965685,0.8669160147940517,0.7669411871770874
1196.0,0.00330234012,0.8667370131278356,0.7664004122672544
1196.1,0.003302692925,0.8664354202330907,0.7657498261278077
1196.2,0.0033030252,0.8659965711553109,0.7651303229060759
1196.3,0.00330333909,0.8655130926122941,0.7645405705667733
1196.4,0.00330363709,0.8650585230048756,0.7638418175287619
1196.5,0.003303923515,0.864634533660347,0.7630675657360994
1196.6,0.00330420204,0.8641848335215416,0.7622609743886608
1196.7,0.00330447634,0.8636313288782762,0.7613453697761426
1196.8,0.00330474947,0.8629188282308127,0.7603094044658802
1196.9,0.003305020835,0.8620782699836036,0.7592375433179579
1197.0,0.003305291075,0.8612014074916894,0.758125111642507
1197.1,0.00330556007,0.8603327759725277,0.7569320918323063
1197.2,0.00330582596,0.8594323829516384,0.755823763076861
1197.3,0.003306087335,0.8584485429466842,0.7548697933348573
1197.4,0.00330634324,0.8573593716232406,0.7539889535866438
1197.5,0.003306592135,0.8561536974778312,0.7531907502915903
1197.6,0.003306831705,0.8548374204214595,0.7524236613301779
1197.7,0.003307060535,0.853452399034642,0.7517096213023141
1197.8,0.003307276905,0.8520923156103086,0.7510141606534037
1197.9,0.00330748067,0.8508491371318008,0.7501840073610632
1198.0,0.00330767257,0.8497898297881221,0.749315834514429
1198.1,0.003307853745,0.8489710741939288,0.7486005315663183
1198.2,0.0033080245,0.8484331644165959,0.7480185326776849
1198.3,0.00330818719,0.8481540967411776,0.747483978121306
1198.4,0.00330834284,0.8480936399321518,0.7469690145367149
1198.5,0.003308492905,0.8482686831916244,0.7466536112006651
1198.6,0.00330863857,0.8487297433294654,0.7466145235048691
1198.7,0.00330877998,0.8494907753002415,0.7466851150917952
1198.8,0.003308917905,0.8504844924724986,0.7467630140232336
1198.9,0.00330905161,0.8516133860934542,0.7468085357007842
1199.0,0.003309181755,0.8527977162583751,0.7466976060641859
1199.1,0.003309308995,0.8540041443860213,0.7463325781305801
1199.2,0.003309433105,0.855244533130253,0.745753859064677
1199.3,0.003309555495,0.8565273647912345,0.7453165179513707
1199.4,0.003309674715,0.8578376225560818,0.7452390965420157
1199.5,0.00330978862,0.8591259143050953,0.7450388388599052
1199.6,0.0033099004,0.8603373249986902,0.7448915735626755
1199.7,0.003310010755,0.8614554178241028,0.7453193768006855
1199.8,0.00331011845,0.8624775789762454,0.7463622850307123
1199.9,0.003310223795,0.8633703944756544,0.7477207536764218
1200.0,0.00331032795,0.8641437226400768,0.7490568478992523
1200.1,0.00331043281,0.864808213468608,0.7502580044344258
1200.2,0.00331053709,0.8653578979352067,0.7512999513371007
1200.3,0.003310640085,0.8658260706388152,0.7521322471956309
1200.4,0.00331074082,0.8663038566159438,0.7529576378335086
1200.5,0.00331083935,0.8668520331180687,0.7539524419968237
1200.6,0.003310937105,0.8674200770521349,0.7549073856325501
1200.7,0.00331103557,0.8678795663936489,0.7557899469735377
1200.8,0.003311137205,0.8681554170781901,0.7567002045953595
1200.9,0.00331124202,0.8682200396390745,0.7575760303616978
1201.0,0.003311352225,0.8680470446980119,0.7582796528683223
1201.1,0.003311468945,0.867651153758177,0.7587370059268319
1201.2,0.0033115937,0.8670884442484366,0.7589834387377649
1201.3,0.00331172607,0.8664390519141983,0.7591483220865959
1201.4,0.003311869815,0.8657605998479145,0.759255607475716
1201.5,0.003312026575,0.8651624406066709,0.7592629211034135
1201.6,0.003312197385,0.8647626101096487,0.7592174873904572
1201.7,0.00331238181,0.8645857447264368,0.7592190896027106
1201.8,0.003312579795,0.8645554095077737,0.7592725406601188
1201.9,0.003312791795,0.8645501944639687,0.7593599460509269
1202.0,0.003313018855,0.864499614822246,0.7594901022345651
1202.1,0.003313261525,0.8644150494311965,0.7596566317779466
1202.2,0.00331352083,0.8643693266917162,0.7598177200828522
1202.3,0.00331379629,0.8644469742957425,0.7600208554638332
1202.4,0.003314088295,0.8647004505574046,0.760294714378632
1202.5,0.003314398165,0.8650645422963998,0.7605522370116321
1202.6,0.0033147246,0.8654146036826039,0.7607928453097852
1202.7,0.003315067215,0.8656863514471396,0.7610547661725002
1202.8,0.00331542527,0.8657802096692582,0.7612843537636247
1202.9,0.003315798725,0.8656994644548756,0.7614720890574178
1203.0,0.003316185695,0.8655702821649599,0.7616837067385637
1203.1,0.003316584485,0.8654203339476042,0.7619104417635585
1203.2,0.003316994315,0.8652763547562901,0.7620713164401636
1203.3,0.00331741285,0.8653043274972778,0.7621734559005171
1203.4,0.003317836365,0.8656443672029169,0.7622395927090604
1203.5,0.00331826332,0.8661684288398329,0.7622466738589017
1203.6,0.00331869286,0.8667717779921401,0.7621342739569414
1203.7,0.003319122855,0.8675532491647205,0.761923542204924
1203.8,0.00331955146,0.8685872855370936,0.7616305195749384
1203.9,0.003319975955,0.8698197700342089,0.7612480306693639
1204.0,0.00332039435,0.8711609473539529,0.7607814413284527
1204.1,0.003320804265,0.8725505366164886,0.7602865965032152
1204.2,0.003321203855,0.8739096272975434,0.7598290612323316
1204.3,0.00332159271,0.8751651648015507,0.7594072647194754
1204.4,0.003321970445,0.8763038916075121,0.7589474549355106
1204.5,0.003322335715,0.8773190218752958,0.7584387305539295
1204.6,0.003322687935,0.8782207720642117,0.7579214359075894
1204.7,0.003323027985,0.8790321574820397,0.7574014897570497
1204.8,0.003323353925,0.8797592665353424,0.756829079009195
1204.9,0.003323664125,0.8803912732958357,0.7561980335760538
1205.0,0.00332395686,0.8809137515700541,0.7555358738092713
1205.1,0.00332422817,0.8813066202977562,0.7547867736073934
1205.2,0.00332447746,0.8815969725739862,0.7539253866008909
1205.3,0.00332470112,0.8818404083055277,0.7529874641141617
1205.4,0.003324898225,0.882048212093192,0.7520083490645586
1205.5,0.003325068185,0.8822105130528617,0.7509415270312526
1205.6,0.003325210645,0.8823001049921567,0.7496588210339772
1205.7,0.00332532497,0.8822800113655445,0.7484421890133921
1205.8,0.003325411445,0.882140135094236,0.7473188999937305
1205.9,0.003325475155,0.8818793137889496,0.7459905529383837
1206.0,0.003325517885,0.881529428331934,0.744555127839032
1206.1,0.003325540595,0.8810510894344986,0.7430101239879231
1206.2,0.00332554411,0.8803641299353085,0.741600076674027
1206.3,0.003325530835,0.8794056174503277,0.7401390727272898
1206.4,0.003325500555,0.8782342683462515,0.7384258680055077
1206.5,0.00332545561,0.8769371047395843,0.7369325496367356
1206.6,0.00332539869,0.8754973882246677,0.7358306422966744
1206.7,0.003325332545,0.8739253038448848,0.7347537797332474
1206.8,0.003325259335,0.8724236602555808,0.7335761662934199
1206.9,0.00332518128,0.871204885668806,0.7329773536009044
1207.0,0.00332510322,0.8703154568062775,0.7330344677553468
1207.1,0.00332503015,0.8696749865951755,0.7333259258721908
1207.2,0.003324966175,0.8691199551378805,0.733724543714449
1207.3,0.00332491493,0.8685082367827441,0.7341885632325694
1207.4,0.003324878765,0.86779071587022,0.7347775490232645
1207.5,0.00332485881,0.8670187071747123,0.7357368343400381
1207.6,0.003324854855,0.8662502798948296,0.7368552727406427
1207.7,0.003324867365,0.8654897568620631,0.7375830855106997
1207.8,0.00332489837,0.8647269153339185,0.7376763154142877
1207.9,0.00332495115,0.8639473354001155,0.7378609656640951
1208.0,0.003325029245,0.8632890837745941,0.7387941254963616
1208.1,0.003325134785,0.8626689522343314,0.7401034282170422
1208.2,0.003325267305,0.8618950397336755,0.7413873657186377
1208.3,0.003325426635,0.8613027992529914,0.7426084902167176
1208.4,0.003325612575,0.861208702269831,0.7437053772917185
1208.5,0.003325822255,0.861559454806419,0.7444457250164634
1208.6,0.0033260552,0.8623107918222662,0.7445901942962314
1208.7,0.00332631333,0.8633333299655274,0.7446458947339795
1208.8,0.003326595875,0.8643963758044637,0.7447239884441624
1208.9,0.003326902155,0.8654291932388872,0.7443160275053526
1209.0,0.00332723123,0.8665465949139161,0.7443022044976768
1209.1,0.00332758137,0.8677824534815411,0.74490250630511
1209.2,0.00332795074,0.8689145703765594,0.7458588196752334
1209.3,0.003328338555,0.8696573559772036,0.74680937136443
1209.4,0.003328744135,0.8700134680708587,0.7475605450174593
1209.5,0.003329164835,0.8702131414167353,0.7482842548675108
1209.6,0.003329599985,0.870241830440848,0.7490346368391915
1209.7,0.003330046115,0.8698978134789094,0.749932497736402
1209.8,0.00333050255,0.8693689703379746,0.7510813844530052
1209.9,0.00333096586,0.8691951397332662,0.752358944521514
1210.0,0.003331433725,0.8693300145890701,0.7536383455633178
1210.1,0.00333190445,0.8693336902524748,0.7549228674011469
1210.2,0.00333237488,0.868441063248625,0.756202620301328
1210.3,0.003332842155,0.8665314587205111,0.757396136483168
1210.4,0.003333302915,0.8651669330841656,0.7584090676360944
1210.5,0.003333754055,0.8648081003712726,0.7592030674801773
1210.6,0.003334193385,0.864355308905296,0.7598207674277261
1210.7,0.00333461824,0.8632862877571325,0.7603871211849447
1210.8,0.003335027755,0.8620693792763938,0.7609368182179139
1210.9,0.00333542224,0.8612007477572321,0.7613791670299099
1211.0,0.003335801005,0.860648964706741,0.7616450023170714
1211.1,0.00333616322,0.8602244915569439,0.7617371703623425
1211.2,0.00333650761,0.8598352230944228,0.761725276292556
1211.3,0.0033368328,0.8595078000248804,0.7616817840838597
1211.4,0.00333713918,0.8593103572097875,0.7615770810839009
1211.5,0.003337428625,0.859259086417681,0.7613687872077826
1211.6,0.00333770152,0.8593410380036425,0.7611101336014271
1211.7,0.00333795869,0.8594684044530043,0.7608398875181801
1211.8,0.003338200275,0.8595670567455124,0.7605219583416368
1211.9,0.003338427415,0.859645307535328,0.7601383321795216
1212.0,0.003338641315,0.8597032510702308,0.7597759494669301
1212.1,0.003338844485,0.8596367686864956,0.7594194101166741
1212.2,0.003339040635,0.8594129804754097,0.7589989079399911
1212.3,0.00333923222,0.8591304570480723,0.7585229063874899
1212.4,0.00333942005,0.8587768896444667,0.7579931082023885
1212.5,0.003339605445,0.8582700879175897,0.7573913486959639
1212.6,0.00333978949,0.8576855946043894,0.7567048918515986
1212.7,0.0033399719,0.8571611999586521,0.7559374573149944
1212.8,0.003340152745,0.8566584383199275,0.7551420688869586
1212.9,0.003340331905,0.8560889178373141,0.7543595170065053
1213.0,0.00334050873,0.8555605522184628,0.7535690168966384
1213.1,0.00334068315,0.8552066895051478,0.7527406794448517
1213.2,0.0033408556,0.8550050118231579,0.7518763581908107
1213.3,0.00334102583,0.8549052536900358,0.7509499339331936
1213.4,0.00334119501,0.8548826216565594,0.7499316683559415
1213.5,0.00334136258,0.8549461006777177,0.7488794861444013
1213.6,0.003341531175,0.8551598860577945,0.7477293365075514
1213.7,0.00334170283,0.8555938656669614,0.7465110268764893
1213.8,0.00334188013,0.8562581617167483,0.7454170551994709
1213.9,0.003342064815,0.8570112140421844,0.7443689193592684
1214.0,0.00334225766,0.8576122509822985,0.743189527777999
1214.1,0.00334246079,0.8579632988285961,0.7420431857514452
1214.2,0.003342675805,0.8582185720812561,0.741024486634407
1214.3,0.003342902965,0.8586612727516293,0.7399796934487879
1214.4,0.003343139805,0.8594530232153724,0.7389837708784881
1214.5,0.0033433851,0.8604878387027236,0.7380867833440352
1214.6,0.00334363797,0.8614641577348651,0.736784404693563
1214.7,0.003343897595,0.8621577397113686,0.7353489356119141
1214.8,0.003344162895,0.8626406653340785,0.7338473485712778
1214.9,0.003344433375,0.8630130822936056,0.732359477724167
1215.0,0.003344713345,0.8631989137822508,0.7311359467661147
1215.1,0.003345006165,0.8631742082976229,0.7303662816987264
1215.2,0.00334530908,0.8629648651295584,0.7295520060156572
1215.3,0.003345617245,0.8625172258755336,0.7276728309539859
1215.4,0.003345930915,0.8617788573541605,0.7249779979084778
1215.5,0.00334625382,0.8608798215012973,0.7241167051497549
1215.6,0.00334659225,0.8600587159957992,0.7244507004311287
1215.7,0.003346950935,0.8593592466746628,0.7251054963047311
1215.8,0.003347328315,0.8586934112444755,0.7262082770075501
1215.9,0.00334772009,0.8581084529755625,0.7276274977719945
1216.0,0.003348122655,0.8576837787638355,0.7290846501261385
1216.1,0.003348531535,0.8574151223264711,0.7307226765357202
1216.2,0.003348947835,0.8572114717242949,0.7325722200954828
1216.3,0.003349371905,0.8570137398826779,0.7348246980458095
1216.4,0.00334980127,0.8568447850297679,0.7374643395915793
1216.5,0.00335023587,0.8566762071679762,0.7401975000674613
1216.6,0.003350673035,0.8564029263062257,0.7429869453173249
1216.7,0.00335111339,0.8561064165083946,0.7458088432193001
1216.8,0.003351559105,0.8560117037730741,0.7484165284845976
1216.9,0.003352010825,0.8559640897948164,0.7506065201570444
1217.0,0.00335246759,0.8555369588576344,0.7525760537066183
1217.1,0.00335292773,0.8547768819310247,0.7546106873391598
1217.2,0.00335338931,0.8539956809354127,0.7568376995394365
1217.3,0.00335385231,0.853332515858981,0.7591802092520298
1217.4,0.003354315445,0.8527004399834492,0.7614149372038638
1217.5,0.003354776865,0.8518975305826008,0.7633511635881242
1217.6,0.00335523503,0.8509200491611776,0.7649935191123826
1217.7,0.003355690625,0.8501446726783451,0.766467453854482
1217.8,0.003356143455,0.8499422849964156,0.7678885784240745
1217.9,0.00335659299,0.8502692745261718,0.769366113431355
1218.0,0.003357040685,0.850909543675344,0.7708645023306699
1218.1,0.00335748368,0.8517375418351241,0.7722935814128614
1218.2,0.00335792047,0.8526197450345493,0.7735958029837009
1218.3,0.003358347045,0.8533694232894753,0.774771569167048
1218.4,0.00335875995,0.8539154195262986,0.7758258436792956
1218.5,0.003359156135,0.8543816255929062,0.7767906519159543
1218.6,0.00335953511,0.8548958037793337,0.7776686202484825
1218.7,0.00335989779,0.8554878243485321,0.7784342577940888
1218.8,0.00336024527,0.8561685383615267,0.7790682940234364
1218.9,0.003360579745,0.8568929205124062,0.7795345503555262
1219.0,0.00336090293,0.8576145569113063,0.7798555520096847
1219.1,0.003361218295,0.8582604306617726,0.7800887335828047
1219.2,0.00336152901,0.8587708954856837,0.7802811624160225
1219.3,0.003361836545,0.8591154402351883,0.7804546788614655
1219.4,0.00336214489,0.8591364763395968,0.7805868770803286
1219.5,0.003362454045,0.8587205734545584,0.7806552067205442
1219.6,0.00336276684,0.8580413611228523,0.7806163012371221
1219.7,0.00336308631,0.8575127630261448,0.7804611631087025
1219.8,0.003363411255,0.8572635970296032,0.7801708799475109
1219.9,0.00336374196,0.8573603957824456,0.7797868202456095
1220.0,0.003364082055,0.8578120248591403,0.7792737793157224
1220.1,0.0033644354,0.8583214215415494,0.7785393566347221
1220.2,0.003364804165,0.8586988461997663,0.7776562926389098
1220.3,0.003365189755,0.8589869113965446,0.7767540397951694
1220.4,0.003365590325,0.8591492751880674,0.775789972974377
1220.5,0.003366004825,0.8590958115642886,0.7746149167909695
1220.6,0.003366435845,0.8592033357144503,0.7732156639894312
1220.7,0.00336688286,0.8597639780562247,0.7718501518929926
1220.8,0.003367344035,0.8605024973740454,0.7708577856055766
1220.9,0.00336781968,0.8608178001791301,0.7701797922118201
1221.0,0.00336830687,0.8607774935453847,0.7695634619986682
1221.1,0.003368804475,0.8608870722971418,0.7691087667275435
1221.2,0.003369310745,0.8613698157074777,0.7689980255865045
1221.3,0.003369822405,0.8619909148582777,0.769112235045833
1221.4,0.0033703363,0.8624718675608012,0.7692824025535074
1221.5,0.00337084818,0.8627455819623379,0.7694620325382544
1221.6,0.00337135416,0.8628407470870003,0.7696376789835165
1221.7,0.003371850685,0.8627740762077059,0.7697928422446774
1221.8,0.00337233439,0.862626949140553,0.7699171424996093
1221.9,0.00337280212,0.862517785079026,0.7700394635511695
1222.0,0.003373251405,0.8624840443739263,0.7701573423907175
1222.1,0.003373680585,0.8624292864139743,0.7701396112417807
1222.2,0.00337409151,0.862248971562029,0.7699902662102143
1222.3,0.003374483315,0.8619214228287804,0.7698199604724631
1222.4,0.0033748571,0.8614894035734293,0.7695297966917923
1222.5,0.00337521241,0.8610072193665858,0.7690196774430731
1222.6,0.00337554916,0.8605383617957787,0.7683516240484725
1222.7,0.003375868235,0.8601282834235203,0.7675552554435288
1222.8,0.003376168865,0.8596944106285037,0.7665288971236008
1222.9,0.00337645057,0.8590531361696823,0.7652396817463473
1223.0,0.00337671469,0.8582563968568053,0.7636289746264812
1223.1,0.003376960725,0.8576389670862248,0.7618340068142967
1223.2,0.003377188215,0.8573405157841337,0.7603839670259205
1223.3,0.003377400515,0.8570418068714452,0.7593621451657845
1223.4,0.00337759971,0.8563883179003865,0.758554202933505
1223.5,0.00337778732,0.8553011760457971,0.7579078579441406
1223.6,0.00337796697,0.8539402758073737,0.7574942107226278
1223.7,0.003378139575,0.8525891396389179,0.7572667405649519
1223.8,0.003378308375,0.8515458355682168,0.7569815028015618
1223.9,0.003378476375,0.8510079195076985,0.7564433165640754
1224.0,0.003378645275,0.8509723126965627,0.7557052119364851
1224.1,0.00337881862,0.8512536171859505,0.7548998206774402
1224.2,0.00337900018,0.8515281107024651,0.7538422412097211
1224.3,0.003379193345,0.8515055980495095,0.7532669527629957
1224.4,0.003379399805,0.8511073006497021,0.7533900780622752
1224.5,0.00337962107,0.8505021607895823,0.753726404405398
1224.6,0.003379859035,0.8498948532305317,0.7540640753501764
1224.7,0.003380113565,0.8493571633646845,0.7542863304640472
1224.8,0.003380383395,0.8488296773917762,0.7542418894943695
1224.9,0.00338066646,0.8482868101812358,0.7539087487261976
1225.0,0.00338096147,0.847751338279802,0.753295635503923
1225.1,0.003381266155,0.8471400597476371,0.7523598618665688
1225.2,0.00338157964,0.8464251652065714,0.7514164353095105
1225.3,0.00338190213,0.8458670801212173,0.7507688902317525
1225.4,0.00338223634,0.8453921090111062,0.7502919524846404
1225.5,0.00338258453,0.8449758605508763,0.750191653997582
1225.6,0.00338294722,0.8451262548743889,0.750527496535436
1225.7,0.00338332315,0.8458371721591551,0.7508543604014861
1225.8,0.003383711535,0.8466134031551892,0.7508654502235533
1225.9,0.00338410938,0.8474794962674868,0.7506651234264045
1226.0,0.003384516335,0.848739532532174,0.750195436475137
1226.1,0.003384934115,0.8503605629254998,0.7492785752255573
1226.2,0.0033853629,0.8521438377298275,0.7485124915737942
1226.3,0.00338580105,0.8538103269688507,0.7484461222873944
1226.4,0.00338624598,0.8551260950872125,0.7489484001208504
1226.5,0.00338669714,0.8560632950076315,0.7497700648298409
1226.6,0.00338715317,0.8566694024782886,0.7508849155316349
1226.7,0.00338761352,0.8570677124444667,0.7521932820577049
1226.8,0.003388074845,0.8574779855954695,0.7533771849660249
1226.9,0.003388536625,0.8581558281927787,0.7542493727680704
1227.0,0.003388998535,0.8593956451671473,0.7548820958116886
1227.1,0.003389461645,0.8609440356551367,0.7554493229316649
1227.2,0.003389925685,0.8623344291653919,0.7561027365044998
1227.3,0.00339039184,0.8635715255205225,0.7569428109464403
1227.4,0.003390861195,0.864678509674312,0.7580603634179165
1227.5,0.003391336175,0.865464636687205,0.7594041356931923
1227.6,0.003391816765,0.8658461454158717,0.7607716458425587
1227.7,0.003392302625,0.865869694794403,0.7620141206043123
1227.8,0.00339279488,0.8655414800435118,0.763105666971802
1227.9,0.00339329579,0.864870781427897,0.7640696583943708
1228.0,0.003393807945,0.864023864597157,0.7649086081461413
1228.1,0.003394330585,0.8631917760837418,0.7655993941051833
1228.2,0.003394862495,0.8624023880976743,0.7661014771598947
1228.3,0.003395402485,0.8615881501137169,0.7664183758940476
1228.4,0.0033959495,0.8607380414248409,0.7665957125161574
1228.5,0.00339650055,0.8598747317636344,0.7666615351654354
1228.6,0.003397054935,0.8589581155582817,0.7666295600354073
1228.7,0.00339761032,0.8579456556442535,0.7665578186255698
1228.8,0.00339816463,0.8568343863580844,0.7665614314571215
1228.9,0.003398715055,0.8556188476117429,0.7666200284432962
1229.0,0.003399260745,0.8543617644441501,0.7666402602999853
1229.1,0.00339980026,0.8531228522484656,0.7666707588814664
1229.2,0.00340033504,0.8518582606744308,0.766729148522526
1229.3,0.00340086477,0.8505625170676432,0.7667204965763581
1229.4,0.003401389375,0.8492203721373618,0.7665605392448078
1229.5,0.003401907285,0.8478813876492899,0.7662954076744009
1229.6,0.00340241813,0.8465826720958519,0.7659525719512998
1229.7,0.003402920005,0.8453711922872187,0.7655227078285092
1229.8,0.003403412565,0.8443925044942164,0.765032512560399
1229.9,0.00340389512,0.8436784895990939,0.7646039553401521
1230.0,0.00340436884,0.8431465865469147,0.7642374885571108
1230.1,0.00340483452,0.8427797741886814,0.7639557882270488
1230.2,0.00340529045,0.8425813951789779,0.763817357088361
1230.3,0.00340573701,0.8423292886517125,0.763787719303267
1230.4,0.00340617368,0.8419821929289732,0.7638051991247916
1230.5,0.003406602045,0.8417806471938749,0.7637359018740387
1230.6,0.00340702248,0.8417215726856169,0.7636108162209434
1230.7,0.00340743875,0.8415167345614176,0.7635286510066813
1230.8,0.00340785289,0.8410684292897503,0.7635742480824557
1230.9,0.003408265195,0.840629900654421,0.7638198012474455
1231.0,0.00340867797,0.8404515335899208,0.7641952467022907
1231.1,0.00340909258,0.8406047741963775,0.7646989256860701
1231.2,0.003409510125,0.8411236082231178,0.765261603779884
1231.3,0.00340992995,0.8420540285865903,0.7657013513531629
1231.4,0.00341035219,0.8432431151227887,0.7659149105385686
1231.5,0.003410777905,0.8443893314856363,0.7659221801839691
1231.6,0.00341120622,0.845302736983297,0.7657880781599579
1231.7,0.00341163811,0.8460188378959416,0.7655450068531643
1231.8,0.003412074575,0.846704295713843,0.7650864097239639
1231.9,0.003412515465,0.8473847646826106,0.7644936980043817
1232.0,0.003412964575,0.8479559502093302,0.7639018973466691
1232.1,0.003413425935,0.8484022699944406,0.7631428571456353
1232.2,0.003413901345,0.8488287977458331,0.7621151667904223
1232.3,0.00341439247,0.8493613730988402,0.760879691497101
1232.4,0.003414899915,0.8500767891442863,0.7592764739341211
1232.5,0.00341542692,0.8509058177464568,0.7573924419702074
1232.6,0.003415977155,0.8517277589156008,0.7556769376026028
1232.7,0.003416555085,0.8525575917654906,0.7544227007179543
1232.8,0.00341716363,0.853585558580857,0.753221569315522
1232.9,0.00341780397,0.854908388999504,0.7520690383514407
1233.0,0.003418472485,0.8563769579013512,0.7513371729268604
1233.1,0.00341917049,0.857850408838182,0.7505329817562092
1233.2,0.003419899965,0.8592931287156752,0.7488837838431514
1233.3,0.003420661035,0.8606925071809197,0.7473178569849694
1233.4,0.00342145617,0.8619583176929042,0.7468446702994858
1233.5,0.00342228484,0.862994886188956,0.746921400558457
1233.6,0.00342314607,0.8636989171026255,0.7475454779390927
1233.7,0.00342403788,0.8639384761088323,0.7485341811294746
1233.8,0.003424957615,0.8636203961358417,0.7498729268565046
1233.9,0.003425902545,0.8627482523160934,0.7515158667169966
1234.0,0.003426868345,0.8614656154338562,0.7532400167475839
1234.1,0.003427851735,0.8600743359944728,0.7546856331735038
1234.2,0.003428848895,0.858871822291273,0.755838836438413
1234.3,0.003429855795,0.8580240823632577,0.7570551480165474
1234.4,0.003430870435,0.8575311916086508,0.7583469457829622
1234.5,0.00343189123,0.8572724311881452,0.7595549195741941
1234.6,0.003432913985,0.8570939698758653,0.7604165641912942
1234.7,0.003433936675,0.8568568613119282,0.7611594566060885
1234.8,0.003434956025,0.8565185997477308,0.7616113432933809
1234.9,0.003435969485,0.856095929872117,0.7616713665626204
1235.0,0.003436973225,0.8556392428312499,0.7617191250541402
1235.1,0.003437965005,0.85521962030051,0.7617147519571664
1235.2,0.00343894136,0.8548737623652762,0.7613339783611808
1235.3,0.003439897985,0.8546231198201875,0.7611591675795644
1235.4,0.003440831295,0.8544630305417459,0.7613710742872343
1235.5,0.00344173778,0.8543499520557726,0.7617002315159215
1235.6,0.00344261553,0.8542625466649644,0.7622492688144336
1235.7,0.003443463715,0.854245971622124,0.7629583891082018
1235.8,0.003444281495,0.8543747769209212,0.7636635070129294
1235.9,0.003445067335,0.8545844782305484,0.7643301843899477
1236.0,0.00344581962,0.8547387367130249,0.7649915964576786
1236.1,0.00344654133,0.8547690153830203,0.7655897368493662
1236.2,0.00344723579,0.8545986091143042,0.766035579112393
1236.3,0.00344790737,0.8540548811073767,0.7663683617390025
1236.4,0.003448557665,0.853348512848773,0.7668750817844706
1236.5,0.00344918899,0.8531391948134498,0.7678874286011633
1236.6,0.00344980511,0.853398237977294,0.7693612753786685
1236.7,0.00345040737,0.8536236786661158,0.7710394199264365
1236.8,0.0034510009,0.8537111468887769,0.77266326518678
1236.9,0.00345158714,0.8537921182978305,0.7741061358607207
1237.0,0.00345216758,0.853939377311875,0.7753855934511923
1237.1,0.00345274436,0.8542276372873978,0.7765329533537657
1237.2,0.00345331771,0.8547069186626294,0.7775714068054098
1237.3,0.00345388927,0.8553739667475808,0.7784934391164972
1237.4,0.003454459135,0.8561806963250961,0.7793324140010089
1237.5,0.00345502756,0.8569925341322662,0.7800948596884792
1237.6,0.00345559419,0.8577047960186881,0.780733708837772
1237.7,0.00345615926,0.8582750076516853,0.7813093805588012
1237.8,0.00345672487,0.8586123330212718,0.7819040840481257
1237.9,0.00345729456,0.8585704995734965,0.7824681444427072
1238.0,0.003457871825,0.857923922106276,0.7829250953773571
1238.1,0.00345845921,0.8566197715975472,0.7832717889762366
1238.2,0.00345905677,0.8552504707403682,0.7835851000115792
1238.3,0.00345966478,0.8542806673713903,0.7838847702516198
1238.4,0.00346028528,0.8536457452129145,0.7841421672209137
1238.5,0.003460917555,0.8531192708328406,0.7843139934895091
1238.6,0.003461562325,0.8522981464777866,0.7843847987047358
1238.7,0.00346221837,0.85115021480535,0.7844210652503288
1238.8,0.00346288498,0.850141298607835,0.7843931427748236
1238.9,0.003463561625,0.8495790603369927,0.7842394057967276
1239.0,0.00346424688,0.8494125119440554,0.7838996425512419
1239.1,0.00346493744,0.8494304190221809,0.7834161388754838
1239.2,0.00346563107,0.8493680395584511,0.7828321042348109
1239.3,0.00346632509,0.8491147266596069,0.7820856932362444
1239.4,0.003467019895,0.8489173152604406,0.7811816936669886
1239.5,0.003467711525,0.8489320744627272,0.7801309000394013
1239.6,0.003468398255,0.8490113431285625,0.7789291654511794
1239.7,0.00346907928,0.8489925689708646,0.7775435157458312
1239.8,0.003469753725,0.8488361050903453,0.7758531252698995
1239.9,0.00347042024,0.8485675868830578,0.7737072855406062
1240.0,0.00347107597,0.8482113993911788,0.7713237591943276
1240.1,0.003471719705,0.8478205915482577,0.7693199822848297
1240.2,0.00347234865,0.8474433114033028,0.7677079305633078
1240.3,0.00347296162,0.8472799548685014,0.7665013076569172
1240.4,0.003473556555,0.8475898227182955,0.7655653141080772
1240.5,0.00347413505,0.8482243301865412,0.765036257338842
1240.6,0.003474698145,0.8487423034168944,0.7647207346222713
1240.7,0.003475244105,0.8493568492054191,0.7644890170313279
1240.8,0.00347577274,0.8504100744257204,0.7643047374894536
1240.9,0.00347628603,0.8516193299867547,0.7643116238605503
1241.0,0.003476781735,0.8526150766278661,0.7645090352597165
1241.1,0.003477260035,0.8532471964856949,0.764760450636598
1241.2,0.00347772247,0.8535132516843421,0.7649223808883348
1241.3,0.0034781694,0.8535128558436677,0.7649398544266739
1241.4,0.00347860192,0.8534122620468998,0.7648212844367421
1241.5,0.003479020695,0.8533002391360581,0.7645346141071021
1241.6,0.00347942949,0.8531800606506876,0.7640928621977102
1241.7,0.003479830015,0.8531266598587619,0.7638210578845069
1241.8,0.003480227175,0.8531627881742782,0.7638174639025113
1241.9,0.003480625205,0.8532230816204859,0.7638317832818262
1242.0,0.00348102405,0.8532635453338641,0.763766218243146
1242.1,0.003481425295,0.8533312592219195,0.763681476922908
1242.2,0.0034818294,0.8534410641683479,0.7637178754153925
1242.3,0.003482237055,0.8536512053009465,0.7638302124854995
1242.4,0.00348264755,0.8540620942041094,0.7637011495761048
1242.5,0.003483059025,0.854621574156602,0.7633005902295867
1242.6,0.003483470635,0.8551776423394727,0.7630248652087517
1242.7,0.00348388495,0.8556354666368803,0.7629104546874933
1242.8,0.003484303265,0.8559411310357039,0.7630984413086989
1242.9,0.003484725985,0.8560847520854555,0.7637650809866053
1243.0,0.00348515273,0.8561527612832204,0.7643670729708862
1243.1,0.00348558111,0.856378490998566,0.7645290786208464
1243.2,0.003486011255,0.8568304593672675,0.7648328203649661
1243.3,0.003486441915,0.8572613790651897,0.7655845218055612
1243.4,0.003486875435,0.8579096090101462,0.7662912607720981
1243.5,0.00348731034,0.858991705466934,0.7665914839324457
1243.6,0.00348774716,0.8601115890001592,0.766884192403166
1243.7,0.00348818523,0.8610098708707854,0.7672919397136754
1243.8,0.00348862599,0.8617010024050192,0.7673487899743348
1243.9,0.003489071715,0.8623390787225192,0.7677148357839604
1244.0,0.003489524435,0.8630135598156891,0.7692017767196457
1244.1,0.003489982405,0.8638067742616087,0.7719210576391841
1244.2,0.003490445865,0.8646629399411209,0.7751815155924151
1244.3,0.00349091514,0.8655074377455176,0.7781771184353925
1244.4,0.00349138809,0.8663373145777045,0.7807431273325475
1244.5,0.00349186672,0.8670920130976911,0.7830117028036312
1244.6,0.003492350145,0.8677191064072742,0.7850189166154923
1244.7,0.003492837245,0.8682023336228787,0.7868194199139323
1244.8,0.003493328275,0.8684895882887523,0.7885383863166411
1244.9,0.00349382425,0.8686230619942328,0.7900827304332928
1245.0,0.003494326765,0.8686960600411315,0.7914260314696706
1245.1,0.003494835305,0.8688699032122106,0.7926485131357767
1245.2,0.003495353015,0.8692856301680602,0.7936331573884502
1245.3,0.003495881735,0.8699072696727966,0.794375936705909
1245.4,0.00349642068,0.870559979528877,0.7949643130276293
1245.5,0.00349697146,0.8710166979856707,0.7954043936097294
1245.6,0.003497533095,0.8712328961089053,0.7957521427837404
1245.7,0.003498109155,0.8712527384081055,0.796083310631726
1245.8,0.00349869818,0.8710838966525308,0.7964644360860889
1245.9,0.00349930079,0.8706896267745053,0.7967747751747811
1246.0,0.003499915505,0.8700902485953123,0.7970171050657084
1246.1,0.00350054207,0.8694429988272638,0.7972074290318483
1246.2,0.00350117812,0.8688520526827529,0.7972617283192729
1246.3,0.003501822835,0.8683254275062318,0.797085271343106
1246.4,0.003502473155,0.8678358794062081,0.7967304598688095
1246.5,0.00350312742,0.8673497053766945,0.7962828206147848
1246.6,0.003503781295,0.8668417224109797,0.7957603486237517
1246.7,0.0035044327,0.8662703106895888,0.7951205884125894
1246.8,0.00350507631,0.8656080943741385,0.794342679806078
1246.9,0.00350571075,0.8647555855084751,0.7934403578472993
1247.0,0.003506330555,0.8636006857835332,0.7924580320900042
1247.1,0.003506934415,0.8620065411401368,0.7913603344840987
1247.2,0.003507518915,0.8599204168040029,0.7901053687499545
1247.3,0.00350808282,0.8574961063018954,0.7886948941794576
1247.4,0.00350862305,0.8546920337966366,0.7871519951954266
1247.5,0.003509136115,0.8527617890047887,0.7855270378112839
1247.6,0.00350961887,0.8520820300359608,0.7838532286613777
1247.7,0.00351006677,0.851517184243216,0.7821448054436143
1247.8,0.00351047689,0.8510703932192079,0.7804246640852531
1247.9,0.00351084477,0.8508734719084954,0.7787133254695073
1248.0,0.003511167135,0.8508762616427719,0.7770134599501323
1248.1,0.003511440445,0.851131761090103,0.7753034156705596
1248.2,0.003511660535,0.8517643836027563,0.7736218090876873
1248.3,0.003511825325,0.8527254659105279,0.7720924817839198
1248.4,0.00351193178,0.8537635612206095,0.770653066861898
1248.5,0.003511979015,0.8547945376817381,0.7693463213976374
1248.6,0.0035119663,0.8558765084748196,0.7682404430844619
1248.7,0.003511893815,0.8568867064421373,0.7673178515698822
1248.8,0.00351176222,0.8576002877974738,0.7664742773937256
1248.9,0.00351157248,0.8579606473243965,0.7656339579075581
1249.0,0.00351132824,0.8580830940396627,0.7649364489402375
1249.1,0.00351103454,0.8581148806741317,0.7644442870351261
1249.2,0.003510697945,0.8581571916439903,0.7640653606956207
1249.3,0.00351032577,0.8583136492413244,0.7637392759445487
1249.4,0.00350992327,0.8584492592298092,0.7634818601256989
1249.5,0.003509496725,0.8585002032962799,0.7632857367795205
1249.6,0.00350904856,0.8589144599867675,0.7631129303340172
1249.7,0.003508580885,0.8598800599047749,0.7628649895586106
1249.8,0.00350809545,0.8609840846782847,0.7623501767704668
1249.9,0.00350759503,0.8620215139707237,0.7617133068245457
1250.0,0.00350708436,0.8630059634446527,0.7610481625447424
1250.1,0.003506568795,0.8639311247820229,0.7600326552858402
1250.2,0.003506051545,0.8648113173621499,0.7591649599612892
1250.3,0.003505536135,0.8656261271159702,0.7586845350463317
1250.4,0.00350502297,0.8663777782910828,0.7582902400355649
1250.5,0.0035045156,0.8671420900845893,0.7573346680813079
1250.6,0.003504017525,0.8680505004499307,0.756123075175339
1250.7,0.003503532295,0.8691954853084581,0.7549405734173426
1250.8,0.003503063125,0.8705590496174516,0.7528500885506055
1250.9,0.003502613255,0.8720302134748306,0.7515149305223858
1251.0,0.003502187235,0.8734366542403603,0.7502300379766235
1251.1,0.003501789115,0.8746397648461643,0.7484559617555854
1251.2,0.00350142289,0.8755171928247559,0.7475949266074602
1251.3,0.003501088965,0.876013847207362,0.7477157585441025
1251.4,0.003500788865,0.8761798112640659,0.7485330941384164
1251.5,0.003500524845,0.8761321093212138,0.7500587080796673
1251.6,0.003500295475,0.8760392752583002,0.7519187759748195
1251.7,0.00350010134,0.8759721582728488,0.7534954093807648
1251.8,0.00349994327,0.8757958835090559,0.7547401775051554
1251.9,0.00349981793,0.8753704867310186,0.755815764581965
1252.0,0.00349972614,0.8747312480242369,0.7567565145020824
1252.1,0.003499668825,0.8739368397731089,0.7578236632610245
1252.2,0.003499646805,0.8729384981764657,0.7590659872263306
1252.3,0.00349965839,0.8717246684565276,0.7603326082692197
1252.4,0.00349970023,0.8703778802523044,0.7615251065750398
1252.5,0.00349977054,0.8689957491307282,0.7625382827721932
1252.6,0.003499867835,0.8676371862372393,0.7633628503127956
1252.7,0.003499989305,0.8663976394398387,0.7642175582933165
1252.8,0.003500132355,0.8653545364310673,0.7653685247442563
1252.9,0.003500296585,0.8645558744634866,0.7666576018914332
1253.0,0.003500482595,0.8639799137159332,0.767899039927611
1253.1,0.003500689185,0.8635381618065414,0.7691582342454669
1253.2,0.003500916795,0.863179341660019,0.7704825663454024
1253.3,0.00350116226,0.8629004750465303,0.7717857995090763
1253.4,0.00350142415,0.8626502974571544,0.7728892525127232
1253.5,0.00350170182,0.8623297733250793,0.7737503819086281
1253.6,0.00350198883,0.8619169303512858,0.7744386985758444
1253.7,0.003502280215,0.8614308128704398,0.7750122779961661
1253.8,0.003502571605,0.8608740032717029,0.7755282406072211
1253.9,0.003502858485,0.8602722940307609,0.7759251180071491
1254.0,0.003503135305,0.8596168195731452,0.7761425225019628
1254.1,0.003503398405,0.8590335137819679,0.7762344329366363
1254.2,0.00350364507,0.8587484707973225,0.7762100604608297
1254.3,0.00350387335,0.8586837414222879,0.7759984993283517
1254.4,0.003504081595,0.8587092008891526,0.7756498076765445
1254.5,0.003504269655,0.8587737920341104,0.775345374782041
1254.6,0.00350443685,0.8587704619458976,0.775143408073527
1254.7,0.003504584315,0.8586655264680824,0.7749068210139705
1254.8,0.003504708685,0.8585924970052571,0.7745204867989879
1254.9,0.003504807275,0.8587029554029572,0.7740058436568474
1255.0,0.003504880675,0.8590553981163929,0.7734374541475894
1255.1,0.00350492664,0.8595678421436759,0.7728380194197285
1255.2,0.00350494299,0.8600431211298668,0.7721848131920088
1255.3,0.003504926445,0.860330897300121,0.7715043567896118
1255.4,0.003504876705,0.860395124020331,0.7708559069331697
1255.5,0.00350479319,0.8603292888046823,0.7702364791096614
1255.6,0.003504675375,0.8602750020836283,0.7696134196050456
1255.7,0.003504525645,0.8604211866729851,0.769026896822991
1255.8,0.00350434416,0.8609085042422246,0.76864161818314
1255.9,0.003504133215,0.8617286107212588,0.7683707374981769
1256.0,0.00350389842,0.8626780628530268,0.7680716013288874
1256.1,0.00350364024,0.8635113137557238,0.7676940887060761
1256.2,0.003503356605,0.8642086028115585,0.76722964821454
1256.3,0.003503051885,0.8647721479849448,0.7667353186104976
1256.4,0.003502727205,0.8652628584742502,0.7662691376766315
1256.5,0.0035023843,0.8657662609978762,0.7657075088747639
1256.6,0.00350202251,0.8662972027227035,0.764934004781153
1256.7,0.003501644915,0.8668712470987381,0.7640915427287956
1256.8,0.00350125431,0.8675144881945606,0.7633476889866493
1256.9,0.00350085287,0.8682106902593374,0.7626648449738357
1257.0,0.003500441125,0.8689200116150353,0.7620940364382344
1257.1,0.003500027225,0.8696316451829266,0.7617330360264103
1257.2,0.003499618405,0.8703926457377762,0.7615793618801674
1257.3,0.003499217145,0.8711880027498856,0.7615087011782028
1257.4,0.003498827675,0.8719375427747349,0.761396307559428
1257.5,0.003498452905,0.8726281653709588,0.7612743006671331
1257.6,0.003498093005,0.8733222248695458,0.7613259296008023
1257.7,0.003497743905,0.8740628302048885,0.7615540155106382
1257.8,0.003497406815,0.8748217133262896,0.761843400176331
1257.9,0.003497085855,0.8756076267108822,0.7620912529871433
1258.0,0.003496776185,0.8764513579666716,0.7623618634951381
1258.1,0.003496478575,0.8773623695707301,0.7627030530236887
1258.2,0.003496194445,0.8783706825824558,0.7630075613164158
1258.3,0.0034959214,0.8794610665606637,0.7632849136822453
1258.4,0.00349565644,0.880580566819585,0.7635791866661071
1258.5,0.003495397275,0.8816669798246788,0.7637406645285015
1258.6,0.003495142075,0.8826702097394908,0.7636920829397065
1258.7,0.003494888755,0.8835529030273701,0.7634837953467735
1258.8,0.00349463531,0.8843023739371811,0.7631113658208757
1258.9,0.00349437903,0.8848832355692738,0.7628582853998879
1259.0,0.00349411794,0.8851263445751794,0.7625605440977365
1259.1,0.00349384895,0.8848899397279966,0.7621959057216195
1259.2,0.003493570385,0.8842782590719721,0.7618779891114469
1259.3,0.00349328273,0.8834473140982829,0.7613848470294277
1259.4,0.003492984935,0.8824197619731466,0.7605567609050532
1259.5,0.00349267698,0.8812690908319165,0.7594373925930232
1259.6,0.003492356195,0.8801154603104064,0.757742082382996
1259.7,0.003492026265,0.8789298797916093,0.7560413686336045
1259.8,0.00349168712,0.877588859551498,0.7545662777854086
1259.9,0.00349134164,0.8760299635776749,0.7531448390565506
1260.0,0.003490994465,0.8743314112440291,0.7521347102042714
1260.1,0.003490647035,0.8725177321059999,0.7513845795600032
1260.2,0.00349030417,0.8704965130740893,0.7508456142075385
1260.3,0.003489967485,0.8682937979513953,0.7501840576265456
1260.4,0.00348964127,0.8661283923830556,0.7492215490357094
1260.5,0.003489327815,0.8641554344974893,0.7486459275801627
1260.6,0.003489029825,0.8624028907524989,0.748536625288559
1260.7,0.0034887509,0.8608245294705943,0.7486457390846035
1260.8,0.00348849326,0.8593413081806107,0.7489716541896722
1260.9,0.003488259275,0.8578531231742346,0.7491526224928896
1261.0,0.00348804908,0.8563393279045465,0.7490506212626129
1261.1,0.00348786173,0.8548648967908078,0.7488704634903002
1261.2,0.003487697385,0.8533814493061533,0.7487190261580264
1261.3,0.00348756024,0.8517620148418955,0.7485233112188932
1261.4,0.003487452305,0.8501031533898352,0.7482120170860342
1261.5,0.00348737343,0.8486042178533985,0.7476892120861797
1261.6,0.00348732638,0.84737207264829,0.7471091044363237
1261.7,0.003487311565,0.8465089828985692,0.7467202757967742
1261.8,0.00348733164,0.8459683085197011,0.7462494955712632
1261.9,0.003487389675,0.8456299778404655,0.7454506702408643
1262.0,0.003487484475,0.845472797676821,0.7448537990526087
1262.1,0.003487614965,0.8455056524527923,0.7445421404950021
1262.2,0.00348777947,0.8456110151872084,0.744053503456848
1262.3,0.003487975575,0.8456497573078124,0.7435413421729039
1262.4,0.00348819963,0.8456743936774018,0.7433435035171366
1262.5,0.00348844812,0.845982684447684,0.7433821828058877
1262.6,0.003488714535,0.8466634424429756,0.7434222758113328
1262.7,0.003488992945,0.8474668984809459,0.7432698897180778
1262.8,0.00348927697,0.8481331737341045,0.7430892544236817
1262.9,0.00348956448,0.8486073782956081,0.7431282290221422
1263.0,0.00348985452,0.8489955911829974,0.7431929144148796
1263.1,0.003490138235,0.8493685924787582,0.7434422940397215
1263.2,0.00349041438,0.8496784603285522,0.7441308871670912
1263.3,0.00349068415,0.8499273435817551,0.7451661927428964
1263.4,0.003490945055,0.8502293951490271,0.7464861140467464
1263.5,0.00349119521,0.8505140045938864,0.7479060950766129
1263.6,0.003491433475,0.8507725074037943,0.7491963283298864
1263.7,0.00349165715,0.8511641697599175,0.7504184141553181
1263.8,0.003491864795,0.8517570699750587,0.7516863232511951
1263.9,0.003492057615,0.852421290626622,0.7528773450084681
1264.0,0.003492232945,0.8530092019926294,0.7539894311087271
1264.1,0.003492389905,0.853510958321705,0.7551483332227098
1264.2,0.00349252716,0.8539588174872152,0.7563452171918744
1264.3,0.003492643255,0.8543522140024832,0.7574688078044308
1264.4,0.003492736415,0.8546554593749636,0.7585066957693973
1264.5,0.00349280486,0.8548174524585533,0.7594900079867857
1264.6,0.003492848825,0.8547568134371537,0.7603570121609526
1264.7,0.00349286803,0.8544615854091253,0.7610821545772543
1264.8,0.00349286441,0.8540440111967955,0.7616825946147643
1264.9,0.003492836995,0.8535442654870182,0.7621714955467013
1265.0,0.00349278732,0.8530161386292086,0.76256869338908
1265.1,0.00349271698,0.8525397915015153,0.762879459734373
1265.2,0.003492628015,0.8521192893248323,0.7629679269834981
1265.3,0.00349252165,0.851808761740581,0.7627808074418649
1265.4,0.00349239983,0.8517317550214563,0.76232344810017
1265.5,0.003492263855,0.851943925622909,0.7617274188587456
1265.6,0.00349211435,0.8523499324910883,0.7611075072299687
1265.7,0.003491951075,0.852804382717986,0.7603902753439689
1265.8,0.003491774215,0.853243558521402,0.7595616865647699
1265.9,0.003491583535,0.8536659079545652,0.7586186244324593
1266.0,0.00349138033,0.854109519686808,0.7574703786007576
1266.1,0.00349116056,0.8545690781433605,0.7559929378412569
1266.2,0.003490923275,0.8549669734193082,0.7544477077954768
1266.3,0.0034906703,0.8552215115392873,0.7528977590775312
1266.4,0.003490404075,0.8555068184177159,0.7509664964096634
1266.5,0.003490119515,0.8561458372130119,0.7489830267550782
1266.6,0.003489820025,0.8571199131479986,0.7472076247819404
1266.7,0.00348950681,0.8581437142115064,0.7458001221580938
1266.8,0.003489182725,0.859005208032159,0.7446299668592258
1266.9,0.003488850375,0.8596117239098612,0.7435030147425301
1267.0,0.003488513565,0.8600033548500576,0.7424474207613679
1267.1,0.003488174645,0.8602320942111654,0.7413944217357378
1267.2,0.00348783614,0.8604740471109744,0.7402286960825114
1267.3,0.003487500445,0.8608560522112804,0.7391457576788925
1267.4,0.003487168805,0.8612291163388941,0.7384900633097912
1267.5,0.003486842875,0.8614495556122111,0.7382693727090618
1267.6,0.00348652505,0.8614759826896132,0.7382885992561018
1267.7,0.00348621799,0.8612661996985771,0.7384684868514463
1267.8,0.00348592134,0.8607815524830931,0.7387693634630659
1267.9,0.00348563405,0.8600329046705573,0.7390263834412414
1268.0,0.003485353455,0.8590618195317767,0.739198643249623
1268.1,0.003485076165,0.8579548605107284,0.7394778491551182
1268.2,0.00348480018,0.8568320552963354,0.7399251051348392
1268.3,0.00348452157,0.8557543884851894,0.7403865422637984
1268.4,0.00348423936,0.8547589560033434,0.7408467793043639
1268.5,0.003483952385,0.8538837774050917,0.7415491388907418
1268.6,0.003483661155,0.852977936862541,0.7425515457082786
1268.7,0.0034833677,0.8517793689997138,0.7436337741119579
1268.8,0.00348306974,0.8502408996613245,0.7446808480938434
1268.9,0.00348276744,0.848617726701809,0.7458234139260274
1269.0,0.003482458665,0.8472863700007002,0.7470271340008062
1269.1,0.003482142655,0.8465618810356704,0.7481609662054134
1269.2,0.003481818445,0.8464147602517028,0.7492075438156597
1269.3,0.003481485555,0.8463485229121945,0.7501229410830627
1269.4,0.003481141975,0.8459247409127812,0.7509166519006215
1269.5,0.003480787705,0.8450892092138177,0.7515852205164173
1269.6,0.00348042094,0.843954340283635,0.7521052546315513
1269.7,0.003480040125,0.84271060888482,0.7524865999974
1269.8,0.003479645525,0.8417492061345978,0.7527424073208111
1269.9,0.00347923634,0.841475629963138,0.7528754914688025
1270.0,0.00347881263,0.8419457001887092,0.7529314118180364
1270.1,0.003478373105,0.8429371428478851,0.7528492843028862
1270.2,0.003477917085,0.8442578181339718,0.7524850229178879
1270.3,0.00347744312,0.8457771991553981,0.7519495949987511
1270.4,0.003476950075,0.847408483707145,0.7513639455794543
1270.5,0.003476437145,0.849127801968231,0.7506001427239577
1270.6,0.003475903725,0.8509511760611894,0.7496780161650907
1270.7,0.00347535094,0.8528738998802247,0.7488846132236119
1270.8,0.003474782175,0.8548154669719962,0.748371986983955
1270.9,0.00347420069,0.8566701438941549,0.7478853479987286
1271.0,0.00347360832,0.858376210917428,0.7473660301667197
1271.1,0.003473006485,0.8599415785721175,0.7468891112691635
1271.2,0.003472396845,0.8614108574739042,0.7464536048459669
1271.3,0.00347178084,0.8628094191250587,0.7460442176240923
1271.4,0.00347115942,0.8641501252059047,0.745643017392673
1271.5,0.003470534555,0.8654574235904725,0.7455315913844355
1271.6,0.00346991193,0.8667477636578961,0.745842244632393
1271.7,0.003469297195,0.8679980044366893,0.7461943354874514
1271.8,0.003468695875,0.8691368443399862,0.7467722628720058
1271.9,0.003468112955,0.8700972794796711,0.7473487891062367
1272.0,0.003467551465,0.8708940564916597,0.7481070376259218
1272.1,0.003467014115,0.8715853639550822,0.7489351740157787
1272.2,0.003466502495,0.8722024167345444,0.7500152975523801
1272.3,0.00346601661,0.872809127390991,0.7511152005563284
1272.4,0.003465558115,0.873503538747955,0.7522213239137309
1272.5,0.003465125905,0.8743000078838638,0.7533315627575095
1272.6,0.003464717645,0.8750908347193667,0.754219112947631
1272.7,0.00346433423,0.8757350748416531,0.7544885736327147
1272.8,0.003463977055,0.8761334413564988,0.7539147366017953
1272.9,0.00346364385,0.876271960459781,0.7530207147308073
1273.0,0.00346333536,0.8762111455091928,0.7524296177898491
1273.1,0.003463055,0.8760236301268853,0.7521536540079725
1273.2,0.003462801895,0.8757616338659465,0.7522729905465118
1273.3,0.003462573685,0.8754713192888284,0.7523052295703229
1273.4,0.003462368635,0.8751767509952572,0.7524484484962147
1273.5,0.00346218503,0.8749156783625586,0.7527869676710096
1273.6,0.00346202212,0.8747810485509815,0.7527416344890184
1273.7,0.00346188021,0.874850785624706,0.7525297717636455
1273.8,0.003461759995,0.8751072526825744,0.752716080774374
1273.9,0.003461661165,0.8754538771664155,0.7527076990051743
1274.0,0.00346158325,0.8757781272273779,0.7529300797827513
1274.1,0.0034615256,0.8759954626071532,0.7537363569709244
1274.2,0.003461487725,0.876043711187127,0.7549438972223701
1274.3,0.003461467985,0.8759117454461204,0.7562500834831385
1274.4,0.003461462865,0.8756726576788115,0.7572580572028574
1274.5,0.003461469735,0.8753771720401854,0.7578095763595657
1274.6,0.00346148685,0.8750096622483832,0.7582586293302845
1274.7,0.00346151317,0.8745642912242544,0.7588513913153492
1274.8,0.00346154843,0.8740695783459084,0.7596025649683784
1274.9,0.003461592175,0.873608587323106,0.760311465350661
1275.0,0.00346164271,0.8732978775264806,0.7606454794815906
1275.1,0.00346169812,0.873171805413292,0.7608219113250162
1275.2,0.003461756995,0.8731538983351665,0.7613562522530947
1275.3,0.00346181822,0.873095307632177,0.7621457659028683
1275.4,0.003461881465,0.8728436597774393,0.7628803330971307
1275.5,0.003461947215,0.8724269149455699,0.7635175863173556
1275.6,0.003462015675,0.8720626221446449,0.7640977442326939
1275.7,0.003462084845,0.8718178857937451,0.7644879237570844
1275.8,0.003462151605,0.8717362986325313,0.7646847508200172
1275.9,0.003462214225,0.8718855933986152,0.7647820019622017
1276.0,0.00346227139,0.8720788013468109,0.7647886998377391
1276.1,0.003462321315,0.8722142416892925,0.7648133173577727
1276.2,0.00346236307,0.8723013077880941,0.7649467030986588
1276.3,0.003462394665,0.8723267861045148,0.7650928374225332
1276.4,0.00346241498,0.8723264342461375,0.7652737554602681
1276.5,0.003462421665,0.8723697253929039,0.7654912542028615
1276.6,0.00346241254,0.8725220486543059,0.7656131291482647
1276.7,0.003462384375,0.8727794393404146,0.7655949958754683
1276.8,0.003462335175,0.8731517746185328,0.7655012193347587
1276.9,0.003462263705,0.8735831781217237,0.7654487987197408
1277.0,0.00346216942,0.8739435816309435,0.7654348814642854
1277.1,0.003462050805,0.8742465568264557,0.7654370240304751
1277.2,0.00346190777,0.8746047046721502,0.7654408442071419
1277.3,0.0034617397,0.8750111450801158,0.7654836892477516
1277.4,0.003461545545,0.8753599498292585,0.7655977479106327
1277.5,0.003461324865,0.8755451529993729,0.7658076942644869
1277.6,0.003461080495,0.8755098603475026,0.7660655876054201
1277.7,0.00346081445,0.8752563212539872,0.7663287965211231
1277.8,0.00346052723,0.8748000049210533,0.7665350546452019
1277.9,0.00346021998,0.8741915349727207,0.7666264058763831
1278.0,0.00345989366,0.8734902498110304,0.7666067457895568
1278.1,0.003459549,0.8726883394366457,0.7665483624316826
1278.2,0.00345918801,0.8719383910047515,0.7664898031446196
1278.3,0.003458812585,0.8715889013884102,0.7664451862457533
1278.4,0.00345842546,0.8716381364284772,0.7664896963304695
1278.5,0.003458028545,0.8718930452563896,0.766679033836516
1278.6,0.00345762371,0.8723531629164342,0.7669753174396761
1278.7,0.00345721305,0.8730341282568411,0.767314860773676
1278.8,0.003456799245,0.8738746488049385,0.7676770864066349
1278.9,0.00345638418,0.8748654191632863,0.7679461952333414
1279.0,0.00345597044,0.8759948971204755,0.7679761660272567
1279.1,0.003455562155,0.8771555585263443,0.7678119612624388
1279.2,0.00345516099,0.8782183090555713,0.7675086279253641
1279.3,0.003454767005,0.8791702870278326,0.7671248823827281
1279.4,0.00345438069,0.8801349884503412,0.7668235156826546
1279.5,0.00345400353,0.8812440083561701,0.7667786348900054
1279.6,0.0034536369,0.8825211223185221,0.7670385388502369
1279.7,0.00345328262,0.8838312292869223,0.7672900547580832
1279.8,0.003452942295,0.8849727206944187,0.7675560722576187
1279.9,0.003452617015,0.8858357224795452,0.7679269624031162
1280.0,0.0034523075,0.8864694382664419,0.7682854306912613
1280.1,0.00345201554,0.8870102445922016,0.7685627327916084
1280.2,0.00345174288,0.8875091986206298,0.7687862194097994
1280.3,0.0034514896,0.887883494252564,0.768784020294942
1280.4,0.003451255565,0.8881480289203669,0.7688689626771097
1280.5,0.00345103962,0.8883597094333656,0.7695601821759378
1280.6,0.00345084234,0.888495042961697,0.7707301489792465
1280.7,0.003450663085,0.888535990480344,0.7717248149124849
1280.8,0.00345050162,0.8884395058867668,0.7724842446710077
1280.9,0.00345035589,0.8882024287387564,0.7729686217095235
1281.0,0.003450223165,0.8878610821305734,0.7730840501068018
1281.1,0.003450102785,0.8874011466829024,0.7730810216114837
1281.2,0.003449996255,0.8867519428442234,0.773374446365329
1281.3,0.00344990481,0.8858977375185271,0.773665125367195
1281.4,0.00344982744,0.8848505818552324,0.7736595144827157
1281.5,0.003449762325,0.8835575023190148,0.7737189031502392
1281.6,0.00344970993,0.8820633608529677,0.7742186677095723
1281.7,0.0034496717,0.8805686601834278,0.7750488021523568
1281.8,0.003449649345,0.8792216772004601,0.775830248192196
1281.9,0.00344964207,0.8780390623451281,0.7763139843458104
1282.0,0.003449648195,0.87701914429014,0.7763053323996425
1282.1,0.003449666545,0.8761342330378474,0.7757854553641412
1282.2,0.003449698265,0.8752648663860051,0.7750522139219786
1282.3,0.00344974263,0.8743985910613336,0.7746568633360803
1282.4,0.00344979809,0.8736735805919235,0.7746338857274119
1282.5,0.00344986276,0.8731077671886412,0.7746337600637058
1282.6,0.00344993545,0.8726407128920173,0.7745439921952221
1282.7,0.003450016495,0.872301081593423,0.7746693040429885
1282.8,0.003450105725,0.8720988572743115,0.7750539669306793
1282.9,0.003450202135,0.8719693419755746,0.775305507971267
1283.0,0.00345030436,0.8718416676501327,0.7750020112713742
1283.1,0.00345040933,0.8717371280129919,0.7741262986023714
1283.2,0.00345051394,0.8717839628762715,0.7731516823134482
1283.3,0.003450617085,0.8721211123166694,0.7724600544075751
1283.4,0.003450719275,0.8728266951771099,0.7722860730064194
1283.5,0.00345082022,0.8738161900488404,0.7722893088468525
1283.6,0.00345091956,0.874961262871962,0.7722445977002067
1283.7,0.00345101482,0.8762716211677744,0.7725525051961849
1283.8,0.003451102115,0.877734045114391,0.7731011529372079
1283.9,0.003451177405,0.8793405110841748,0.7735104333449323
1284.0,0.00345123878,0.8811248477468194,0.7738880150827819
1284.1,0.003451285075,0.8831165358077863,0.774482278749135
1284.2,0.0034513141,0.885317956594307,0.7752803123981851
1284.3,0.00345132199,0.8876308850704742,0.776109183920723
1284.4,0.00345130466,0.8898082978059361,0.7768482938579624
1284.5,0.00345125829,0.8916927067609681,0.7774889022991412
1284.6,0.00345118056,0.8933012398987179,0.77804350021665
1284.7,0.003451069765,0.8946264265118552,0.7784830404448138
1284.8,0.003450924975,0.8957376643820977,0.7788274469642416
1284.9,0.00345074722,0.8967870003106938,0.7791795503856705
1285.0,0.00345053904,0.8977333548321053,0.7795313522142048
1285.1,0.00345030317,0.898527310693891,0.7797808512195677
1285.2,0.003450043095,0.8992154891310307,0.7799819822644358
1285.3,0.003449762035,0.8996638509513656,0.7801945612729336
1285.4,0.00344946354,0.8997668135089945,0.7804344909870735
1285.5,0.00344915207,0.8995270408744871,0.7806399574298036
1285.6,0.003448832065,0.8989931460525653,0.7806963427347503
1285.7,0.003448507815,0.8982649562913899,0.7805413302700368
1285.8,0.00344818292,0.8974417961842962,0.7802028613607244
1285.9,0.003447860845,0.896489064229798,0.779655577070913
1286.0,0.003447543535,0.8953203729131066,0.7787507669707527
1286.1,0.00344723236,0.8940653317807387,0.7775731660972958
1286.2,0.00344692655,0.8930529975304166,0.776288405498425
1286.3,0.003446626165,0.8924399848391069,0.7749578718945913
1286.4,0.003446330725,0.8920457903593051,0.7735244762640938
1286.5,0.003446038925,0.8916387279159941,0.7719325370187403
1286.6,0.003445747755,0.8911604958327088,0.7703645115766659
1286.7,0.00344545394,0.8906509295042965,0.7688900804629272
1286.8,0.003445152815,0.8901544384845084,0.7674559496997487
1286.9,0.00344484008,0.8896007076465721,0.7659663258439372
1287.0,0.003444512845,0.8888931644323159,0.7641952655518466
1287.1,0.00344416925,0.8879923881371227,0.7623323576569356
1287.2,0.003443808005,0.8868869056646216,0.760441187994513
1287.3,0.003443428555,0.8855924501108217,0.7591195953633715
1287.4,0.003443029885,0.8841531922684326,0.7578160417572468
1287.5,0.00344261378,0.8826816514199353,0.7565752069068585
1287.6,0.003442182495,0.8812874628657545,0.7554370581539454
1287.7,0.00344174094,0.8797905442318015,0.7542408213528673
1287.8,0.00344129407,0.8780091920821776,0.7531997163970237
1287.9,0.00344084221,0.8762263256848948,0.752249862141396
1288.0,0.003440386405,0.8745611873307128,0.7512318918738533
1288.1,0.00343993197,0.8730253820628935,0.7505132776870859
1288.2,0.003439485535,0.8717008112019162,0.7501145404643069
1288.3,0.00343905203,0.8704637148467859,0.749770045980285
1288.4,0.00343863506,0.8692443119414801,0.7495463645833493
1288.5,0.003438237425,0.8680729502710334,0.7497406595226032
1288.6,0.00343786054,0.8670004293886537,0.7503709635398782
1288.7,0.003437506855,0.8660636881407621,0.7513012959387564
1288.8,0.003437180885,0.8652917862594046,0.752677665379406
1288.9,0.003436886505,0.8647296359531566,0.7543936724018351
1289.0,0.00343662496,0.8644329125270249,0.7562522763148106
1289.1,0.003436395645,0.8644595783654686,0.7582098592459302
1289.2,0.003436197985,0.8648196488658673,0.7602735211945909
1289.3,0.003436031945,0.8654173745673245,0.7624180163222284
1289.4,0.003435897775,0.8661684162734623,0.7645792938378215
1289.5,0.00343579469,0.8670787807094341,0.7667835483409156
1289.6,0.00343571892,0.8681333379650206,0.7690217885933363
1289.7,0.0034356658,0.8692808926463387,0.7711031439918219
1289.8,0.00343563168,0.8704783672349221,0.7729502936579825
1289.9,0.003435613565,0.8717055361572674,0.7746552108583444
1290.0,0.003435608185,0.872980124279126,0.7762737719598445
1290.1,0.003435610955,0.8743213581475376,0.7778313296151972
1290.2,0.003435615845,0.8757264920105234,0.7793499943534985
1290.3,0.003435619545,0.8771629915345626,0.7807681783923672
1290.4,0.00343561879,0.878564148141249,0.7819936697042355
1290.5,0.003435610105,0.8798308257328059,0.7830299177578367
1290.6,0.00343558943,0.8808662192732054,0.7839487707771587
1290.7,0.00343555368,0.8816052035467387,0.7847688269907106
1290.8,0.003435500505,0.882077812179174,0.7854981037429444
1290.9,0.00343542765,0.882399291355416,0.7860524377666702
1291.0,0.003435335875,0.8826417092109374,0.786322514203914
1291.1,0.00343522627,0.8827977395516706,0.7862895903129045
1291.2,0.00343509842,0.8828348606104655,0.7860204060879742
1291.3,0.00343495406,0.8827305157520692,0.7855200257764811
1291.4,0.00343479513,0.8824668355974682,0.7847613876993068
1291.5,0.003434624115,0.8820478288188882,0.7838995357370917
1291.6,0.003434442275,0.8815062370949652,0.7833398233067428
1291.7,0.003434250275,0.8808968121024661,0.7833306184402677
1291.8,0.00343404934,0.8802398171140061,0.7836346743436529
1291.9,0.0034338383,0.8795119792112077,0.7838917006050136
1292.0,0.00343361605,0.8786746756539876,0.7838421639720518
1292.1,0.00343338124,0.877698450869626,0.783411520734283
1292.2,0.003433130885,0.8766439438795219,0.7826465366399485
1292.3,0.003432860825,0.875641392548723,0.7815409033710001
1292.4,0.003432567495,0.8746938944875856,0.7799740654509487
1292.5,0.00343224583,0.8736954774927189,0.777944357835688
1292.6,0.00343189231,0.8726647963412998,0.775709504220148
1292.7,0.00343150307,0.8716995734144108,0.7733631491981467
1292.8,0.003431077445,0.8707868904830606,0.7706315783681476
1292.9,0.00343061632,0.8698503000316163,0.7679366259421185
1293.0,0.003430122655,0.8689326345343176,0.7657470615262727
1293.1,0.003429600125,0.8681833269873246,0.76363324719249
1293.2,0.00342904981,0.8676083087175673,0.7610290365286674
1293.3,0.003428474395,0.86709771822995,0.7585285738206369
1293.4,0.003427878855,0.8665853810168173,0.7567415479546807
1293.5,0.00342726728,0.8660495069915239,0.7552129809163354
1293.6,0.003426642825,0.8655453756184023,0.7535788563648294
1293.7,0.003426006795,0.8651383822901298,0.7525172368089578
1293.8,0.003425360555,0.8648594528447882,0.752143908787561
1293.9,0.003424706685,0.8647531664821319,0.7515372169806704
1294.0,0.00342404769,0.8648325168293763,0.7511885190456778
1294.1,0.003423383035,0.864988496904627,0.7515404779538448
1294.2,0.003422709365,0.8650716799949086,0.7520287442840657
1294.3,0.003422024055,0.8649276316885565,0.7525132218535465
1294.4,0.003421326725,0.8644930174776735,0.753007432077068
1294.5,0.003420617485,0.864057592735886,0.7534681906220141
1294.6,0.00341989533,0.8638115997479244,0.7539967635859806
1294.7,0.00341916053,0.8636788046264572,0.7546603119367158
1294.8,0.003418414035,0.8637135255084647,0.7553539693114432
1294.9,0.00341765628,0.8640234813228532,0.7559391537750273
1295.0,0.003416888435,0.8646415394119645,0.756473004614652
1295.1,0.003416112365,0.8654847240306321,0.757061707662008
1295.2,0.00341533041,0.8664472828869507,0.7575543659387587
1295.3,0.00341454364,0.8673957485586256,0.7578187812260407
1295.4,0.003413751465,0.8681813603503233,0.757825761844917
1295.5,0.00341295286,0.8687342618077993,0.7576791060166621
1295.6,0.00341214633,0.8690766702742992,0.7575177852339002
1295.7,0.00341133249,0.8691984823878496,0.7573744846265994
1295.8,0.003410512145,0.8690400016048467,0.7572384096824019
1295.9,0.00340968541,0.8685563911149383,0.7570483935923421
1296.0,0.00340885143,0.8676357599541744,0.7568027210468314
1296.1,0.00340800924,0.8661234475162188,0.7566559269884998
1296.2,0.003407161425,0.8640205973407972,0.756568446199468
1296.3,0.003406309075,0.8617333859420925,0.756266193570266
1296.4,0.00340545564,0.8599229300781257,0.7556061072546351
1296.5,0.003404602815,0.8588372961880101,0.7554525650552835
1296.6,0.003403751625,0.8581211889921802,0.7561546733142489
1296.7,0.003402903175,0.8573115942821647,0.757089485624251
1296.8,0.003402059075,0.8562531414516878,0.7576596595581364
1296.9,0.003401223365,0.8550179237689641,0.757741837338769
1297.0,0.003400399755,0.8536882132624058,0.7575550193900307
1297.1,0.003399591255,0.8522589268350992,0.7574830140864103
1297.2,0.003398797945,0.850852335273122,0.7576320323923408
1297.3,0.00339802077,0.8497147080245895,0.7578468230820667
1297.4,0.003397260035,0.8489096874734776,0.7581672089840651
1297.5,0.00339651679,0.8484465287517442,0.758643977085174
1297.6,0.003395793545,0.8484067310560086,0.7591627168641346
1297.7,0.00339508962,0.8485840551117477,0.7596347474435218
1297.8,0.003394402875,0.8486358788241615,0.7601234661630848
1297.9,0.003393732325,0.8485950946683326,0.7606819847882254
1298.0,0.00339307724,0.8487200735072776,0.761262167836305
1298.1,0.003392437065,0.8490763426805653,0.7618100930110177
1298.2,0.00339181192,0.8495006901666563,0.7623056604025654
1298.3,0.003391201065,0.8498486843848944,0.7627494103648851
1298.4,0.003390604505,0.8501656271013446,0.763092001043759
1298.5,0.003390021895,0.8506019566218164,0.7633381259786117
1298.6,0.003389453095,0.8512175642686579,0.7634965564961324
1298.7,0.003388896235,0.8519938329638039,0.7635401555189789
1298.8,0.00338834863,0.8528908393478128,0.7635237312725859
1298.9,0.003387806985,0.8538641550173774,0.7634776755242842
1299.0,0.00338726667,0.8549142951936928,0.7633787467716228
1299.1,0.00338672473,0.8561340122582638,0.7631348649339245
1299.2,0.003386179855,0.8576224297424963,0.7626342647109456
1299.3,0.00338562894,0.8593838013628432,0.7618942688445779
1299.4,0.003385070515,0.8613174390747571,0.7609264446789717
1299.5,0.00338450371,0.8633374517350888,0.7597520670795774
1299.6,0.00338392815,0.8653763642168245,0.7585210214318976
1299.7,0.003383344685,0.8673736443127148,0.7572380264080981
1299.8,0.00338275493,0.8692525680469738,0.7559288116520118
1299.9,0.00338216176,0.8709357202934317,0.7547323675058185
1300.0,0.003381566135,0.8724007894610627,0.7536283615818646
1300.1,0.003380970185,0.8736522114786937,0.7525696762735316
1300.2,0.003380372865,0.8747148928928823,0.7515331266270354
1300.3,0.00337977574,0.8756464882120071,0.750540710074137
1300.4,0.00337917902,0.8765120598199242,0.7498193564185757
1300.5,0.003378584345,0.8773809866487952,0.7493254163720223
1300.6,0.003377995895,0.8783030566589944,0.7490612963944497
1300.7,0.003377418075,0.8792763409126325,0.7492634704480788
1300.8,0.00337685327,0.8802740290580037,0.7500526887881431
1300.9,0.00337630649,0.8812557453463239,0.7510909034787455
1301.0,0.003375780495,0.8821528334117419,0.7522869769170055
1301.1,0.003375275275,0.8829463306010003,0.7537018685667733
1301.2,0.00337479128,0.88368810460881,0.755200659589948
1301.3,0.003374327735,0.8844061847248262,0.7565441993873675
1301.4,0.003373884055,0.8850036213997594,0.7578229658274553
1301.5,0.00337345931,0.8854127070287393,0.7591565090770511
1301.6,0.00337305152,0.8856660199275834,0.7604639833908075
1301.7,0.003372658385,0.8858044887653831,0.7617414931938338
1301.8,0.003372278225,0.8858352763733883,0.7629998078657467
1301.9,0.00337190955,0.8857247237279086,0.7641671671471529
1302.0,0.00337155252,0.8854176267628349,0.7652342719237978
1302.1,0.003371207555,0.8849127351242911,0.7662834005072787
1302.2,0.003370875345,0.8842625573918893,0.7672908967049145
1302.3,0.003370556235,0.8835407639133566,0.7681214521211146
1302.4,0.00337025237,0.8828172111429377,0.7687800367554573
1302.5,0.00336996548,0.8821724369499002,0.7692518599897292
1302.6,0.003369697435,0.8816742746028204,0.7695235323560411
1302.7,0.003369449085,0.8813336442777623,0.7697026973850754
1302.8,0.00336922359,0.8811155486325648,0.7697706437509871
1302.9,0.00336902173,0.8809910850148148,0.7696797511923335
1303.0,0.003368844665,0.8808713400692307,0.7694701001481888
1303.1,0.00336869147,0.8806773404396862,0.7692389794598495
1303.2,0.00336856094,0.8803893317915756,0.7690185276201619
1303.3,0.00336845275,0.8800045243906228,0.7687218167604009
1303.4,0.003368368325,0.8795161072639546,0.7683507129866028
1303.5,0.00336831023,0.8788766989111694,0.7680014872640445
1303.6,0.00336828039,0.8781297098595547,0.7676199219867101
1303.7,0.00336827809,0.8773442551474896,0.7671874943243142
1303.8,0.00336830241,0.8764738957523684,0.7668528455916684
1303.9,0.00336835476,0.8755477039726076,0.7666422457865424
1304.0,0.003368436625,0.8746078336984331,0.7665290793359748
1304.1,0.00336854935,0.873568092193801,0.7663352933347308
1304.2,0.00336869297,0.8724069406994784,0.7660487172528704
1304.3,0.00336886814,0.8711582895665679,0.7658675290381671
1304.4,0.00336907716,0.8698448399435845,0.765680447195646
1304.5,0.00336931785,0.86854302677979,0.7653668031514821
1304.6,0.00336958734,0.8673376479440901,0.765143643258927
1304.7,0.003369888285,0.8662505940540949,0.7648315385951635
1304.8,0.003370216375,0.8653116411249753,0.7642175331605753
1304.9,0.003370563505,0.8644650698694271,0.76331323828161
1305.0,0.00337092566,0.863532550922062,0.7623321000463381
1305.1,0.0033713017,0.8624920365856371,0.761130912095238
1305.2,0.00337168997,0.8614265905699134,0.7601448604090557
1305.3,0.003372086355,0.8603042691607891,0.7596107708083897
1305.4,0.003372489115,0.8590326718351368,0.7591731092526327
1305.5,0.003372895215,0.8576907216835999,0.7589849592686092
1305.6,0.003373299205,0.8563869418828043,0.7588930048516387
1305.7,0.003373698145,0.8551511712797735,0.7589720221900618
1305.8,0.00337408938,0.8539305305869624,0.7581821943810227
1305.9,0.003374472755,0.8526561812261456,0.7565823634549234
1306.0,0.00337484863,0.8514159055792495,0.7547332157358351
1306.1,0.00337522076,0.8503791988531207,0.7523409369124237
1306.2,0.003375593185,0.84959045803514,0.7514935237100443
1306.3,0.003375969255,0.84893571242702,0.7515151944161688
1306.4,0.00337635148,0.8483200105323988,0.7512739766490408
1306.5,0.003376742715,0.8476692107646518,0.7510821761343538
1306.6,0.003377143915,0.8467593301339486,0.7514369750422797
1306.7,0.00337755745,0.8455275493535878,0.7519909257917019
1306.8,0.003377984655,0.8444394713043876,0.7516487058207609
1306.9,0.00337842731,0.8437854796785045,0.7504705143278853
1307.0,0.00337888702,0.8434852879340834,0.7496047856403355
1307.1,0.00337936436,0.8434713015635896,0.7500561822391739
1307.2,0.003379858825,0.8437099369415563,0.7518953585431797
1307.3,0.003380369835,0.8441695896458883,0.75457602300582
1307.4,0.00338089621,0.8447499423399712,0.7575297798346518
1307.5,0.00338143725,0.8452446238023908,0.7603177234032269
1307.6,0.003381991855,0.8454648620137781,0.7627785015128572
1307.7,0.00338255849,0.845374717154176,0.7650123812346747
1307.8,0.00338313737,0.8450219477151044,0.7671093000831664
1307.9,0.00338372811,0.844761019595668,0.7690364095655461
1308.0,0.003384330705,0.8448543688797766,0.7707430986241647
1308.1,0.003384943475,0.8450414695718538,0.7722732176092808
1308.2,0.00338556583,0.8453289504323985,0.773768911022099
1308.3,0.00338619425,0.8458668727761021,0.775290943547725
1308.4,0.003386826115,0.84656565723004,0.7767190110370819
1308.5,0.003387455765,0.8474080250346178,0.7778696130632738
1308.6,0.00338808079,0.8483450930081451,0.7786413452986282
1308.7,0.0033886986,0.8492173750579703,0.7790606725196587
1308.8,0.00338930736,0.8499248365908174,0.7791914507386424
1308.9,0.003389904145,0.8504966253033267,0.7791213429569849
1309.0,0.00339048677,0.8510015420746118,0.778902524745477
1309.1,0.003391053245,0.8514929122983744,0.7785481216782255
1309.2,0.0033916021,0.8519729665053989,0.7780993703004014
1309.3,0.00339213144,0.8524199020426692,0.7776166834387334
1309.4,0.003392638925,0.8528532156341934,0.7771338394974325
1309.5,0.0033931232,0.8532802271908546,0.776633289539936
1309.6,0.003393582415,0.8536967646776087,0.7761561318813383
1309.7,0.00339401403,0.854138277825959,0.775799052177146
1309.8,0.00339441617,0.8546036922112178,0.7755224789262944
1309.9,0.003394787365,0.85505895296902,0.7752426761181951
1310.0,0.003395126965,0.8554275371855098,0.7750454217986615
1310.1,0.00339543408,0.8556132995591166,0.7749902114493673
1310.2,0.003395709045,0.8556441437157895,0.7749622764074917
1310.3,0.003395952185,0.8555208864696185,0.7749131607479454
1310.4,0.00339616404,0.8553373923259077,0.7748532505760414
1310.5,0.00339634372,0.8550363963337673,0.7747362513824364
1310.6,0.003396489235,0.8547804570634646,0.7744519937959543
1310.7,0.003396599825,0.8545513344280531,0.7741740193947794
1310.8,0.00339667346,0.8542143169345465,0.7741797810757061
1310.9,0.00339671138,0.8539602500534654,0.774444315743509
1311.0,0.003396714625,0.8536128967201285,0.7748795708392932
1311.1,0.003396686405,0.8529654584565208,0.7754615822942973
1311.2,0.00339662631,0.8524697591180815,0.7761273234767048
1311.3,0.00339653516,0.8521819955141982,0.776794735986404
1311.4,0.00339641322,0.8519314535000742,0.7774214146057569
1311.5,0.003396259985,0.8517595078509579,0.7779243396072995
1311.6,0.003396077065,0.851649137417852,0.7783212107240421
1311.7,0.0033958659,0.8515514401695107,0.7784992259301651
1311.8,0.003395629695,0.8515059687574427,0.7782820790459489
1311.9,0.003395369865,0.8515883915823023,0.77768186520311
1312.0,0.00339508729,0.8517621907710842,0.776713959356095
1312.1,0.003394782405,0.8520156042008933,0.77567763590427
1312.2,0.00339445419,0.8524562125705593,0.774875537034326
1312.3,0.00339410325,0.8530086113732105,0.7740459303791073
1312.4,0.003393732655,0.8534717826613145,0.7732275140769206
1312.5,0.003393347425,0.8536772365376741,0.7723950548555724
1312.6,0.003392948775,0.8535972892878255,0.7715054374974848
1312.7,0.00339253553,0.8533513214326054,0.7703594975947907
1312.8,0.003392106505,0.8530296349112484,0.7689799174464492
1312.9,0.00339166336,0.8526091327345654,0.7674753333264214
1313.0,0.003391207205,0.8520334672967216,0.765688282327724
1313.1,0.00339073798,0.8512597495748102,0.7643893091636883
1313.2,0.00339025831,0.8502269635563132,0.7635293484402506
1313.3,0.00338976747,0.8489641564069056,0.7627367811624175
1313.4,0.0033892661,0.8476785287284624,0.7622965937661672
1313.5,0.003388753215,0.846672490229818,0.7620656050247193
1313.6,0.00338822788,0.8462140753129914,0.7616459887771647
1313.7,0.003387690565,0.8461986940753595,0.7608440344204828
1313.8,0.003387140495,0.8463961368904523,0.7599456834348182
1313.9,0.00338657813,0.8467631377442446,0.7592576997764232
1314.0,0.00338600495,0.8472609482329473,0.7587718650389162
1314.1,0.00338542218,0.8477885347368205,0.7583752640991417
1314.2,0.00338483086,0.8482255742572319,0.7580943177513165
1314.3,0.003384232985,0.8485527083002503,0.7582514853485902
1314.4,0.00338363064,0.8488221878348899,0.7587498110584879
1314.5,0.003383025275,0.8491034923242776,0.7591458213788436
1314.6,0.00338241797,0.8493057480593157,0.7595094795780525
1314.7,0.003381808515,0.8491652623190324,0.7599138591012373
1314.8,0.00338119694,0.8486918682884338,0.7601876803169242
1314.9,0.00338058348,0.8482305442568099,0.7603582939307554
1315.0,0.00337996883,0.8479978213562174,0.7606060399274174
1315.1,0.003379354515,0.847910064107032,0.7609605812247457
1315.2,0.003378739965,0.8477773820829003,0.7613475940237414
1315.3,0.00337812464,0.8474966556465607,0.7616595918733547
1315.4,0.00337750898,0.8471261864744788,0.761819530355349
1315.5,0.003376893535,0.8468016850861043,0.7617972753129909
1315.6,0.00337627751,0.8466757260702513,0.7616144534701079
1315.7,0.003375660915,0.846698056510833,0.761315021991109
1315.8,0.003375042225,0.8465926874932316,0.7609449926419986
1315.9,0.00337441893,0.8461298806298753,0.7604911079017785
1316.0,0.00337379284,0.845326261229087,0.7599474552930748
1316.1,0.00337316483,0.8444946439545701,0.7594146663117672
1316.2,0.0033725372,0.844016443287211,0.7589327585650771
1316.3,0.003371912665,0.8438931986074107,0.7586067554954141
1316.4,0.003371295265,0.8438451133902549,0.7585266009004504
1316.5,0.00337068694,0.8436435488056007,0.7586594400042148
1316.6,0.00337009332,0.8431351260169142,0.7589353472374236
1316.7,0.00336951926,0.8424569441275985,0.7593578097679226
1316.8,0.00336896787,0.8419679175319554,0.7597818116788216
1316.9,0.00336844184,0.8418788659465969,0.7601516462491875
1317.0,0.003367944775,0.8420963584060048,0.760461520382167
1317.1,0.0033674786,0.8424346702356845,0.7606740554083676
1317.2,0.003367045265,0.8428036063105516,0.7607669397367637
1317.3,0.003366646785,0.8431584052184773,0.7607467392960011
1317.4,0.00336628483,0.8434333448411488,0.7606632043473421
1317.5,0.0033659612,0.8435761867759223,0.7605479455960673
1317.6,0.003365678665,0.843569633413647,0.7603889370254985
1317.7,0.003365438405,0.8434836480227182,0.760269801548889
1317.8,0.00336524105,0.8434179133380345,0.7601190804997404
1317.9,0.003365085055,0.8433310985666452,0.7597185777018901
1318.0,0.003364968415,0.8430645218636175,0.7592311470353151
1318.1,0.003364889395,0.8424194963431677,0.7588002964524312
1318.2,0.00336484634,0.8413964869610088,0.7580546017369898
1318.3,0.003364835635,0.8401113807869459,0.7563919075418921
1318.4,0.003364853315,0.8386721292277421,0.7547619864413566
1318.5,0.003364897705,0.83730184191047,0.7535332969881671
1318.6,0.00336496901,0.8360181431699161,0.7520570060515774
1318.7,0.003365065485,0.8346978637245037,0.7506936302381432
1318.8,0.003365185585,0.8334482261314999,0.7495733822801702
1318.9,0.003365327315,0.8323318486156763,0.7489381522456143
1319.0,0.003365487195,0.8311778096871213,0.7487933311074692
1319.1,0.003365661625,0.829876574576375,0.7488190984504138
1319.2,0.003365846445,0.8285918328270602,0.7483820966291143
1319.3,0.00336604001,0.8275764135327521,0.7474746978566073
1319.4,0.00336624003,0.8269202604911232,0.746729618893326
1319.5,0.00336644843,0.8265243004362501,0.7464174074154123
1319.6,0.003366667615,0.8262127675423495,0.7466157550091893
1319.7,0.00336689989,0.8259581351745907,0.7475063211282583
1319.8,0.00336714619,0.8259343533182032,0.7490856123215885
1319.9,0.003367407225,0.8261739437403365,0.7510181127769618
1320.0,0.0033676835,0.826569011582896,0.7529631733197643
1320.1,0.003367971235,0.8270862182646418,0.7548989535978679
1320.2,0.003368267435,0.8276195413167006,0.7567647957403173
1320.3,0.003368568015,0.8280369081839153,0.7584584534726088
1320.4,0.00336886862,0.8283263619646464,0.7600728990877327
1320.5,0.00336916608,0.8285674226521417,0.7616700847928176
1320.6,0.00336945834,0.8287827034303216,0.7631779801515024
1320.7,0.00336974167,0.8288198433386723,0.7645404197703259
1320.8,0.00337001204,0.8285472284945644,0.7657734320550068
1320.9,0.00337026465,0.8279945469485743,0.7668934161191969
1321.0,0.00337049817,0.8272940723177887,0.7678494467459814
1321.1,0.00337070914,0.826606402818659,0.7686647842873676
1321.2,0.003370895435,0.8260634916258215,0.7693738417492828
1321.3,0.003371053135,0.82577413209287,0.7699745331142052
1321.4,0.003371178185,0.8258043981964946,0.7704441321008784
1321.5,0.00337126718,0.8260816374649886,0.7707582913662374
1321.6,0.00337131822,0.8264686753967256,0.770915352149361
1321.7,0.003371329395,0.8268862433258702,0.7709045450706326
1321.8,0.0033713006,0.8273416108978228,0.7707552377381781
1321.9,0.00337122999,0.8278446050144037,0.7704727143108407
1322.0,0.00337111541,0.8283538885994771,0.7699923647941068
1322.1,0.003370955305,0.8287908715712208,0.7692670401654313
1322.2,0.003370748965,0.8291525819829846,0.7682946355577364
1322.3,0.00337049528,0.8295271540750722,0.7670660466355117
1322.4,0.00337019423,0.8299122442193638,0.7655287396864041
1322.5,0.003369844285,0.8302133470256545,0.7637259744412535
1322.6,0.00336944527,0.8304628711637586,0.7617087829311247
1322.7,0.0033689961,0.830777778128169,0.7593948302957524
1322.8,0.00336849797,0.831203947737999,0.757051604300034
1322.9,0.003367952115,0.8317116542435605,0.754786434315387
1323.0,0.00336736045,0.8322630037542655,0.7522655198391814
1323.1,0.00336672425,0.8328483641470383,0.7493325854864579
1323.2,0.00336604421,0.8334110045417403,0.7463656276852958
1323.3,0.00336532674,0.833828779816,0.7439159016986208
1323.4,0.00336457656,0.83405715475236,0.7416545079083432
1323.5,0.0033637978,0.8341665450085579,0.7394886185347347
1323.6,0.003362992205,0.8342883885380348,0.7379130218543651
1323.7,0.00336216435,0.8345377744460621,0.7369835565350593
1323.8,0.00336131961,0.8349546826407493,0.7364037881772099
1323.9,0.003360461905,0.83550901038129,0.7360418704203311
1324.0,0.003359596395,0.8360922344910583,0.7358689445943069
1324.1,0.003358727435,0.8365689209107581,0.7359527497199341
1324.2,0.003357857275,0.8368608879656121,0.7364652251631435
1324.3,0.00335698794,0.8369482305245672,0.7371826581110732
1324.4,0.00335612375,0.8368409891177443,0.7379250227383017
1324.5,0.00335526889,0.8364819993252186,0.7388639505346802
1324.6,0.003354428085,0.8357483243432697,0.7399749999093634
1324.7,0.003353606885,0.8348257265455049,0.7410750348602032
1324.8,0.00335280671,0.8341873926174072,0.7420623620330028
1324.9,0.003352030235,0.8339205645869673,0.7429131241731509
1325.0,0.00335127985,0.8338124686669426,0.74365243517232
1325.1,0.003350558545,0.833738616106842,0.7442647378636901
1325.2,0.003349868025,0.8336468753181718,0.7447244973821724
1325.3,0.003349209865,0.833510775241233,0.745060597530624
1325.4,0.003348585965,0.8333960317111533,0.74539453626333
1325.5,0.00334799636,0.8334138948069816,0.7458491749857868
1325.6,0.00334744273,0.8337006279684747,0.7464610755532971
1325.7,0.003346925105,0.8343004145547127,0.7472150892060853
1325.8,0.00334644397,0.8350992021859998,0.7480086932094939
1325.9,0.003346000665,0.8359604069801283,0.7487450322620128
1326.0,0.003345594165,0.8368546676121579,0.7493571841569355
1326.1,0.003345224925,0.837783341250115,0.7497718932367652
1326.2,0.003344893175,0.8387379141779084,0.7500998629434295
1326.3,0.003344598375,0.8396896408227574,0.7506181440498627
1326.4,0.003344337855,0.840600162338362,0.7513955185856229
1326.5,0.0033441079,0.8414564285488393,0.7523132154988483
1326.6,0.00334390405,0.8422888500710756,0.7532325711729948
1326.7,0.0033437219,0.8431038546036405,0.754050076413312
1326.8,0.003343556665,0.8438860797584579,0.7546721306082786
1326.9,0.003343404855,0.8446007104057405,0.7550792621666279
1327.0,0.003343261905,0.845186535754226,0.7554086078908744
1327.1,0.00334312365,0.8455230757256492,0.7556907229111668
1327.2,0.003342987385,0.8454847608616459,0.7558476454642136
1327.3,0.003342850755,0.8450266286881583,0.755942213686272
1327.4,0.003342710765,0.8442284128267341,0.7560812480107493
1327.5,0.003342566105,0.843264679014763,0.7562259057860764
1327.6,0.00334241477,0.84234979068537,0.7563302883435846
1327.7,0.0033422545,0.841668272424656,0.7563230312645548
1327.8,0.00334208349,0.8412095684813053,0.7561605732252524
1327.9,0.00334189979,0.84077827807545,0.7558742421876189
1328.0,0.003341701945,0.8403430669619628,0.7555325248715027
1328.1,0.00334148697,0.8401434627311245,0.7551776191494266
1328.2,0.00334125307,0.8402823336927837,0.7548544623627077
1328.3,0.003340998935,0.8405421811043474,0.7545300363725568
1328.4,0.003340723315,0.8406822961366975,0.7540737388891788
1328.5,0.00334042353,0.8406705968456556,0.753392773548772
1328.6,0.00334009805,0.8406139476469261,0.7526213931717949
1328.7,0.003339748,0.8406058234883238,0.7518453506713197
1328.8,0.003339374,0.8406643199435337,0.7509513916321849
1328.9,0.003338976285,0.8407902349770896,0.75001642224255
1329.0,0.003338556235,0.84099080053528,0.7490524685190931
1329.1,0.003338113555,0.8412440568854566,0.7480478940026254
1329.2,0.00333765021,0.8414970807577766,0.7471050329322447
1329.3,0.003337167305,0.8417281888797453,0.7461998521241512
1329.4,0.003336667335,0.8419725608058974,0.7452081518543777
1329.5,0.00333615109,0.8422792807798527,0.7441144880534395
1329.6,0.003335619715,0.842651597208415,0.7429529470016277
1329.7,0.00333507437,0.8430492097410239,0.741849085590936
1329.8,0.00333451495,0.843406490507146,0.7408650696567932
1329.9,0.00333394242,0.8436757438471146,0.7399280770814894
1330.0,0.00333335894,0.8438599417075799,0.7390304109630234
1330.1,0.003332767665,0.8440084887746122,0.7383164023510861
1330.2,0.00333217113,0.844179359999041,0.7379539630898266
1330.3,0.003331573315,0.8443872831672262,0.7378373220377842
1330.4,0.00333097806,0.8445881880174233,0.7380656215759206
1330.5,0.00333038823,0.8447002926096739,0.7387335618731856
1330.6,0.003329807585,0.844703094910321,0.7396071696751105
1330.7,0.00332923844,0.8446402002253961,0.7405662539299543
1330.8,0.003328680795,0.8445128589087756,0.7416207734864289
1330.9,0.00332813547,0.8443227234381949,0.7428259261274578
1331.0,0.003327605275,0.8441053943416049,0.7444072405064569
1331.1,0.00332709131,0.8439311616130368,0.7462004678763112
1331.2,0.003326595135,0.8439242061269018,0.7480161073681564
1331.3,0.003326115285,0.8441810124767768,0.7498864482712857
1331.4,0.00332565106,0.8446934879199863,0.7517637509437355
1331.5,0.00332520114,0.8454024322845659,0.7535370920320926
1331.6,0.003324766045,0.8462662006182998,0.7550490965939682
1331.7,0.00332434522,0.8473289699970827,0.7563643369247642
1331.8,0.003323938655,0.8486652464322871,0.7576786159282082
1331.9,0.00332354525,0.8502208060347121,0.7588127560088953
1332.0,0.00332316434,0.851821466341272,0.7596752739887531
1332.1,0.003322795375,0.8534041630210387,0.7603197968543782
1332.2,0.00332243841,0.8550492894300177,0.7606040544408603
1332.3,0.003322096475,0.8566923109719186,0.76091935096276
1332.4,0.003321771655,0.8581625386346867,0.7613734995967629
1332.5,0.00332146624,0.8594418328623402,0.7617018902768427
1332.6,0.003321181585,0.8605425463971932,0.7621594695300233
1332.7,0.0033209184,0.8613740380080042,0.7628947969897079
1332.8,0.00332067789,0.8619421887562206,0.7635070808315219
1332.9,0.00332046089,0.8625037484430498,0.7638114383278016
1333.0,0.003320266605,0.8632325476732,0.7637421410770487
1333.1,0.003320095675,0.8639507911520344,0.76326537297594
1333.2,0.003319948085,0.8644948898668949,0.7625923621481321
1333.3,0.003319824785,0.8648736528435824,0.761803577347854
1333.4,0.003319726225,0.8650743063663671,0.7610125368840507
1333.5,0.00331965396,0.8650480552181538,0.760293464024756
1333.6,0.00331960924,0.8648201452375064,0.7597262117720384
1333.7,0.003319592885,0.8643717897003568,0.7593956659593983
1333.8,0.00331960445,0.8635872774660875,0.7592134284527489
1333.9,0.003319643625,0.8623397196074206,0.7590366950164285
1334.0,0.00331970878,0.8607165592142757,0.7588146346813022
1334.1,0.00331979758,0.8588932416699853,0.7585260102810315
1334.2,0.0033199076,0.8569310091817383,0.7581258593415585
1334.3,0.00332003729,0.8549399745720433,0.7575562885934627
1334.4,0.003320186415,0.8531261069384548,0.7568426695390145
1334.5,0.003320353885,0.8514373438075177,0.7562346959623212
1334.6,0.00332053869,0.849770333064114,0.756008733769119
1334.7,0.003320737955,0.8485209090994107,0.7561206247330694
1334.8,0.003320948425,0.8479373331312651,0.7563201033002017
1334.9,0.00332116873,0.8477044028855573,0.7566047190282463
1335.0,0.0033213979,0.8475688368793696,0.7569639287322577
1335.1,0.0033216326,0.8474619913132211,0.7572055988887277
1335.2,0.00332187049,0.8473925998146885,0.7572171787992489
1335.3,0.003322110115,0.8474217726440697,0.7570755369528692
1335.4,0.00332235067,0.8474991940534249,0.7569399520971255
1335.5,0.003322593865,0.847459905295699,0.7568848485619816
1335.6,0.00332283952,0.8472454727475356,0.7568355883891732
1335.7,0.003323087765,0.846959914541695,0.756707128665568
1335.8,0.003323339245,0.8468127937577273,0.7565194436372572
1335.9,0.00332359371,0.8469914121496398,0.75632354648575
1336.0,0.00332385305,0.8474822294530955,0.756043178190973
1336.1,0.00332411718,0.8481370316098832,0.7556407590216041
1336.2,0.00332438766,0.8488311225243967,0.7551416353471724
1336.3,0.00332466527,0.8494980072465301,0.7545359802658574
1336.4,0.0033249517,0.8499566860571395,0.7539596550935563
1336.5,0.00332524801,0.8500513233942363,0.7534563908000071
1336.6,0.003325553855,0.8498795599574939,0.7528522813822778
1336.7,0.0033258692,0.8496418733405087,0.7522116038260606
1336.8,0.003326192705,0.8495845141418394,0.751627085380119
1336.9,0.003326524515,0.8498702105777568,0.7510435533942706
1337.0,0.003326863855,0.850391985135221,0.7504137771645614
1337.1,0.0033272114,0.850890379960157,0.7498118040298365
1337.2,0.003327567245,0.8512770409007755,0.7493779186684492
1337.3,0.0033279311,0.8517001003338786,0.7492082098333022
1337.4,0.003328302895,0.8523252898383136,0.749281760800508
1337.5,0.003328682335,0.8531093119841286,0.7495336097171758
1337.6,0.003329069025,0.853857928380738,0.749883036501664
1337.7,0.003329463775,0.8544090831126984,0.7502088699253237
1337.8,0.0033298642,0.8547641396312219,0.7504890434413561
1337.9,0.00333026705,0.8549916286384537,0.7507141574045417
1338.0,0.003330671075,0.8551270061490821,0.7508810136735592
1338.1,0.00333107665,0.8552100258765459,0.7509565187113956
1338.2,0.003331484745,0.8552426418914754,0.7509182289801336
1338.3,0.00333189526,0.8551640895087651,0.7507569773124101
1338.4,0.00333231117,0.854918963600376,0.7506128850237607
1338.5,0.00333273591,0.8544779405404798,0.750883464115829
1338.6,0.003333173215,0.8539090672259531,0.7513552308014333
1338.7,0.00333362566,0.853421372665595,0.7519653029620191
1338.8,0.003334093695,0.8531711259611808,0.7527928927147544
1338.9,0.003334573275,0.8531139741076266,0.7535585491099166
1339.0,0.003335059395,0.8531328048139922,0.7541173567615812
1339.1,0.00333554793,0.8531647485280941,0.7542524201129444
1339.2,0.00333603453,0.8531971132156112,0.7539431742984957
1339.3,0.003336514335,0.8532301062216593,0.7531158044572462
1339.4,0.003336984685,0.8532625588737709,0.7520404687078489
1339.5,0.003337442465,0.8533788103683243,0.7508058981932119
1339.6,0.00333788569,0.8537360345857787,0.7495426700703887
1339.7,0.00333831294,0.8543810161239314,0.7484219445903324
1339.8,0.003338723735,0.8552113076463486,0.7474722348479669
1339.9,0.003339117685,0.8561155396934607,0.7468416041050558
1340.0,0.00333949627,0.8570323381111872,0.7461987085844253
1340.1,0.00333986063,0.8578882964455842,0.7454871252820165
1340.2,0.00334021312,0.8586411854082023,0.7447815424215762
1340.3,0.003340557935,0.859300385794705,0.743924968335019
1340.4,0.003340900095,0.8598670851271155,0.7432840771505015
1340.5,0.003341242395,0.8604079794174694,0.7432243680405273
1340.6,0.00334158842,0.8610237755598702,0.7433634651968576
1340.7,0.00334194185,0.8616938458569543,0.743474621028127
1340.8,0.003342307265,0.8622870413818052,0.7438243556886952
1340.9,0.00334268733,0.8627162646196944,0.7447120441088936
1341.0,0.003343080925,0.8630278540622629,0.7459605570117273
1341.1,0.00334348736,0.8633159632413382,0.7470328831153623
1341.2,0.003343906805,0.8636578250707165,0.74797967117656
1341.3,0.003344338885,0.864090956449867,0.7492880000035181
1341.4,0.003344783535,0.8645775011873138,0.7508885220800012
1341.5,0.00334523954,0.8650190206188492,0.7524983307043684
1341.6,0.003345705335,0.8653314331586928,0.754245131617988
1341.7,0.00334617954,0.8655262935846243,0.7562885114444772
1341.8,0.003346660645,0.8655923487117588,0.7584530122341328
1341.9,0.003347146495,0.8654665656250944,0.7605398842693182
1342.0,0.00334763409,0.8652626008636528,0.7624353264977497
1342.1,0.00334812134,0.8651572506956073,0.7641267474160719
1342.2,0.003348605235,0.8652865209501172,0.7657157775466282
1342.3,0.00334908225,0.865760976839033,0.7672312378604228
1342.4,0.003349549825,0.8663767729814336,0.7685963603993724
1342.5,0.003350005385,0.8668511660384963,0.7697619855216338
1342.6,0.00335044516,0.8670870116821866,0.7707696953475699
1342.7,0.003350866445,0.8670446441636602,0.7717083027014976
1342.8,0.00335126712,0.8666968761400933,0.7725578082045842
1342.9,0.003351645185,0.8660800369889315,0.7732519745173215
1343.0,0.00335199917,0.8651089581333362,0.7738128367705815
1343.1,0.003352327565,0.8637447278067001,0.7742423113358832
1343.2,0.00335263072,0.8619947413181297,0.7745816410415827
1343.3,0.00335290777,0.8599229175117551,0.7748693669463544
1343.4,0.00335315869,0.8575058263895656,0.7750439640996704
1343.5,0.00335338286,0.8548621761715698,0.7750624806467705
1343.6,0.00335358032,0.852240001880954,0.7749258213663395
1343.7,0.003353752775,0.8497150347502255,0.7746589116544904
1343.8,0.00335390017,0.847462010162777,0.7743186331878095
1343.9,0.003354020805,0.8454553367048524,0.7739550064045271
1344.0,0.003354114015,0.8434824605006952,0.7735458453773235
1344.1,0.00335417994,0.8416879325114822,0.7730783135586162
1344.2,0.00335421743,0.8402460105985229,0.7726253775793777
1344.3,0.003354226125,0.8391826317507652,0.7721447830184168
1344.4,0.00335420669,0.8381885124546485,0.771633488814045
1344.5,0.003354160345,0.8370806109558041,0.7710872600993653
1344.6,0.00335408851,0.8360001795431228,0.7704089274136023
1344.7,0.003353993545,0.8351056487341251,0.7695545273091614
1344.8,0.003353878235,0.8344876974591637,0.7685636250039221
1344.9,0.00335374611,0.8341065845711715,0.7674861906706322
1345.0,0.003353600845,0.8339351290105093,0.7663488461654383
1345.1,0.00335344644,0.8340252361709996,0.7651176434381258
1345.2,0.003353288795,0.8344118782620622,0.7637672863846481
1345.3,0.00335313425,0.8350107475032453,0.7623697174767722
1345.4,0.003352988475,0.8357392639900568,0.7609963388323288
1345.5,0.003352854495,0.8364480638413745,0.7596373926645361
1345.6,0.00335273727,0.8370724616644608,0.7583238173778465
1345.7,0.003352641505,0.8377426513420658,0.7570491412913937
1345.8,0.00335257125,0.838474617297611,0.7556568879582876
1345.9,0.003352529935,0.8391406098074308,0.7541190972039113
1346.0,0.00335251949,0.8397092946263982,0.7524793177856289
1346.1,0.003352542125,0.8402557935180462,0.7506787767880769
1346.2,0.00335259954,0.8408412670081545,0.7488307726087147
1346.3,0.003352694235,0.841434230055149,0.7472244071698958
1346.4,0.003352828265,0.8419626019571855,0.7460355845274803
1346.5,0.003353002365,0.8423920199738194,0.7450042185088627
1346.6,0.00335321788,0.8426684675609648,0.7443038758249685
1346.7,0.003353473705,0.8428832268347641,0.7440044883282667
1346.8,0.003353769805,0.8432993936135852,0.7437491899428653
1346.9,0.00335410575,0.843889623474971,0.7433479017468517
1347.0,0.00335448047,0.8450633916053906,0.7429836403618533
1347.1,0.003354892305,0.8466936519979327,0.7428385113476281
1347.2,0.003355339155,0.8479763328624668,0.7430390957553745
1347.3,0.0033558195,0.8488250906665019,0.7435886985405641
1347.4,0.00335633139,0.84899145056388,0.7442486089270065
1347.5,0.003356873845,0.8478597734918333,0.7449933485982813
1347.6,0.00335744493,0.8455935227993132,0.7458375950752657
1347.7,0.003358042765,0.8434404762564727,0.7467362350874545
1347.8,0.00335866489,0.8427386758735872,0.7476192111186724
1347.9,0.003359308585,0.843668775794609,0.7484699544092646
1348.0,0.00335997303,0.8452933624708185,0.7494891121988303
1348.1,0.003360657665,0.8466303300564068,0.7509060396006376
1348.2,0.003361362335,0.8472923641594832,0.7523778003606207
1348.3,0.003362085395,0.847409916273395,0.7535528879599549
1348.4,0.003362825615,0.8472805203551791,0.7548504097081846
1348.5,0.00336358215,0.8470869605486062,0.7566838494640049
1348.6,0.003364351285,0.8468410555252391,0.7588081818499918
1348.7,0.00336512934,0.8465012859965679,0.7606997787690153
1348.8,0.003365911115,0.8460530624063097,0.762163635281882
1348.9,0.003366693905,0.8455469958121136,0.7633585777467867
1349.0,0.003367474605,0.8450950337265976,0.7645701141040876
1349.1,0.003368249685,0.8448555815345409,0.7658907768238037
1349.2,0.003369014985,0.8448732749843658,0.7672043772432345
1349.3,0.003369766655,0.8451129156719818,0.768812677903128
1349.4,0.00337050095,0.8456929856227258,0.7708331366696165
1349.5,0.003371215945,0.8468520322499707,0.7730205208201608
1349.6,0.003371908485,0.84872462253344,0.7752371280655689
1349.7,0.003372576755,0.851235345683077,0.7773499245233317
1349.8,0.003373218135,0.8541292677382285,0.7792428471944551
1349.9,0.003373831785,0.857058413330212,0.7809952778421099
1350.0,0.00337441888,0.8597232441658783,0.7826740130092968
1350.1,0.003374980515,0.8619698787538692,0.7843069437555945
1350.2,0.003375516785,0.8638430596567576,0.7858994610539963
1350.3,0.003376029375,0.8655520923434956,0.787396002696831
1350.4,0.00337651977,0.8672249150333086,0.7888154936382437
1350.5,0.00337698986,0.8687613423364733,0.7903180105903054
1350.6,0.003377442515,0.8700271465652722,0.7919046656768156
1350.7,0.003377879455,0.8709912133860648,0.7935013110279643
1350.8,0.003378302365,0.8716261355445405,0.795064064877566
1350.9,0.003378711835,0.8718160071213381,0.7965647785554446
1351.0,0.003379109155,0.8714845502468286,0.7979655141887154
1351.1,0.003379494085,0.8707173104889688,0.7991577611671232
1351.2,0.00337986512,0.869661597127286,0.8000424839238567
1351.3,0.003380221025,0.8684441671421668,0.8006321922808619
1351.4,0.003380561255,0.8671979476019702,0.800948355882334
1351.5,0.00338088503,0.8660725160161188,0.8010508283515088
1351.6,0.00338119225,0.8652382095382902,0.8010138895050879
1351.7,0.003381484975,0.8648563489512463,0.8008754897823266
1351.8,0.00338176619,0.864968817968245,0.8007151931587698
1351.9,0.00338203871,0.8654774355356758,0.800502532468863
1352.0,0.003382306345,0.8662012521998776,0.8001340801992647
1352.1,0.003382571755,0.8668491240032715,0.799798017749925
1352.2,0.003382834815,0.8670378771730844,0.7995466903376377
1352.3,0.003383094655,0.8667086696789148,0.799243828239461
1352.4,0.003383352975,0.8667862921501996,0.7988243313724273
1352.5,0.00338361088,0.8683729409535246,0.7981904270899712
1352.6,0.0033838693,0.8711412055857176,0.7973360584014568
1352.7,0.00338412848,0.8740854182560678,0.796539790327478
1352.8,0.00338438862,0.8765799559203536,0.7958621864912105
1352.9,0.003384649135,0.8783871131120339,0.7952223822977511
1353.0,0.003384911315,0.8798124662653383,0.7947667382656449
1353.1,0.00338517595,0.8815378289506899,0.7944592203271557
1353.2,0.003385443345,0.8839010417588702,0.7941062121270425
1353.3,0.003385714105,0.8868309664658317,0.7937101892403161
1353.4,0.003385990235,0.8901374613178085,0.7932095199022988
1353.5,0.00338627353,0.8935307332420627,0.7924730112037766
1353.6,0.00338656557,0.8966188622718736,0.7914132137716441
1353.7,0.003386865845,0.8991029509989936,0.7906168891489973
1353.8,0.0033871743,0.9009804170342612,0.7903904871328238
1353.9,0.00338749149,0.902387938507664,0.7905113630517633
1354.0,0.00338781836,0.9034225969153824,0.7907446577222189
1354.1,0.003388155025,0.9042058273798489,0.7913008390024252
1354.2,0.003388499565,0.9048140083016574,0.7918798031125551
1354.3,0.00338884971,0.9052726619795255,0.7923571492667122
1354.4,0.00338920295,0.9056444192045954,0.7925394747379559
1354.5,0.00338955628,0.9059825174059748,0.7926365122518401
1354.6,0.003389907425,0.9063233739257041,0.7927016500339195
1354.7,0.003390254235,0.9066460343407835,0.7928301788725631
1354.8,0.003390595505,0.9068684779502136,0.7929906577084939
1354.9,0.003390930455,0.9069035192746718,0.7932103555659448
1355.0,0.00339125612,0.9067495372523487,0.7935581550054384
1355.1,0.003391569965,0.9064342281640785,0.7935640863323682
1355.2,0.00339187276,0.9059836923616271,0.7931704573392441
1355.3,0.00339216276,0.9054418241775508,0.7924110401470918
1355.4,0.003392439075,0.9048341019282699,0.7913287866106714
1355.5,0.00339270345,0.9041357824300444,0.7900043037142885
1355.6,0.003392957265,0.9032927863069362,0.7886699750665294
1355.7,0.003393202625,0.9022829841802928,0.7874939324230286
1355.8,0.00339344339,0.9010771215393241,0.7865274968413755
1355.9,0.00339368296,0.8996063095403224,0.7855919493986924
1356.0,0.00339392232,0.8978189443823595,0.7844362014437337
1356.1,0.00339416281,0.8957308785419659,0.7833841763118262
1356.2,0.00339440684,0.8934365859934199,0.7826060666433851
1356.3,0.00339465497,0.8911657171596991,0.7818557914858547
1356.4,0.003394909015,0.8891623172413196,0.780344785950443
1356.5,0.003395170425,0.8875563602095456,0.7786632736153503
1356.6,0.003395439665,0.8863156824387899,0.7776097719348954
1356.7,0.003395717405,0.8851455334231073,0.7763467888562993
1356.8,0.00339600383,0.8837554980544147,0.7752780504514746
1356.9,0.0033963002,0.8821602035881071,0.7750695052479439
1357.0,0.00339660735,0.8804922754996486,0.7755928380353643
1357.1,0.0033969262,0.8789017562541743,0.7766164254705716
1357.2,0.00339725802,0.877576299464069,0.7780396360576861
1357.3,0.00339760426,0.8766192760940058,0.7796172999060218
1357.4,0.003397966095,0.87602761366637,0.7811266215477712
1357.5,0.003398344365,0.8756665001572106,0.7828319408719928
1357.6,0.00339874162,0.8754401923888165,0.784626493993947
1357.7,0.003399160545,0.8753561862012594,0.7863700904830598
1357.8,0.00339960329,0.8753357344330845,0.7881244689181601
1357.9,0.00340007094,0.8752332493975392,0.789783895856898
1358.0,0.003400563355,0.8750126781773306,0.791296685816937
1358.1,0.003401081475,0.8747659877558003,0.7926681606562322
1358.2,0.003401627165,0.8745679417549179,0.7938253348942556
1358.3,0.003402201475,0.8743786419479832,0.794679684733214
1358.4,0.003402803595,0.8741031682545605,0.7952621234448188
1358.5,0.00340343126,0.8737007176692652,0.7957127095127526
1358.6,0.00340408198,0.873226990629845,0.7961075260278999
1358.7,0.00340475337,0.8728083796919394,0.7965358884694022
1358.8,0.003405443075,0.872582021658063,0.7969853372807955
1358.9,0.003406150075,0.8725896494450258,0.7971219714284853
1359.0,0.00340687036,0.8727805388978432,0.7969212173747355
1359.1,0.003407602245,0.873076652855,0.7966736724400033
1359.2,0.00340834481,0.8733631284058957,0.7963051950376638
1359.3,0.003409096465,0.8735283824626596,0.795529956784908
1359.4,0.00340985614,0.8735278483919087,0.7942317815854064
1359.5,0.00341062422,0.8734094229152388,0.7930327990323491
1359.6,0.0034114004,0.8732434337257937,0.7925715252662079
1359.7,0.003412182865,0.87302827861132,0.7920679656629492
1359.8,0.003412968625,0.8727422931488785,0.7913712672265333
1359.9,0.00341375618,0.8724621636151432,0.7909780089413422
1360.0,0.00341454349,0.8722085616897748,0.7909197952294711
1360.1,0.00341532762,0.8717804819916114,0.7909883887634696
1360.2,0.003416105615,0.8710259782503694,0.7910519243332959
1360.3,0.003416874875,0.8700494078908156,0.7910467155726763
1360.4,0.00341763097,0.8690809302739375,0.7909884892944345
1360.5,0.00341836889,0.8681936314112283,0.7908862178871896
1360.6,0.003419084405,0.8672999551154322,0.790758612676786
1360.7,0.00341977381,0.8664515743025156,0.7906720429496238
1360.8,0.003420433745,0.8657488754241313,0.7907635512604375
1360.9,0.003421061965,0.8651124830002935,0.7911041815854957
1361.0,0.00342165652,0.8644339618189714,0.7916104932239187
1361.1,0.00342221686,0.8636872303779543,0.7921501622931377
1361.2,0.00342274323,0.8630061833561383,0.7926452898617141
1361.3,0.00342323658,0.8625922533912868,0.7930754995596967
1361.4,0.00342369916,0.8624713963219031,0.7933994417445791
1361.5,0.003424134235,0.8626066041865282,0.7935358622639684
1361.6,0.00342454364,0.8629988697284408,0.7934304869631817
1361.7,0.00342492887,0.8635977201200682,0.7931638097291891
1361.8,0.003425289585,0.8643196518286778,0.7928875443544179
1361.9,0.003425625465,0.8651116913189448,0.7926803437525428
1362.0,0.003425937345,0.8659569368223932,0.7925467004010592
1362.1,0.003426225975,0.866884397805586,0.7923498482053853
1362.2,0.003426492415,0.8679151669215994,0.7918996077126434
1362.3,0.003426737405,0.8690275985970503,0.7913291447522339
1362.4,0.003426959955,0.8701543308022602,0.7908405265636358
1362.5,0.003427160275,0.8711827688565247,0.7903370172258596
1362.6,0.00342733768,0.871978678788941,0.7896670914420376
1362.7,0.00342749288,0.8724543850317329,0.7888535508916492
1362.8,0.00342762739,0.872654554749249,0.7880069859192864
1362.9,0.003427741915,0.8727214581063999,0.7872481907624795
1363.0,0.003427837385,0.8728073366831784,0.7866464375392405
1363.1,0.003427913245,0.8729675956076234,0.7861593587310424
1363.2,0.00342796838,0.8731504174505064,0.7856328466518567
1363.3,0.00342800247,0.8733805265460112,0.7850988324494143
1363.4,0.00342801537,0.8737791318218986,0.784824206986008
1363.5,0.003428006855,0.8743398307123408,0.7848947106083399
1363.6,0.00342797693,0.8749106078320155,0.7850988701485261
1363.7,0.003427926715,0.8753655921296645,0.7852133937671201
1363.8,0.003427857895,0.8756807755542284,0.7851920560698169
1363.9,0.003427771805,0.8759137246494921,0.7851549098782808
1364.0,0.003427669965,0.8760858902100942,0.7851526667811262
1364.1,0.003427552895,0.876060788884792,0.7851020431571062
1364.2,0.003427421925,0.8756778287403194,0.7849824238752281
1364.3,0.00342727886,0.8751043184350359,0.7850308169684641
1364.4,0.003427126585,0.8747040795309686,0.78538653950463
1364.5,0.00342696722,0.8744793237093456,0.7858664994638749
1364.6,0.00342680533,0.8741205035628231,0.7863150246470278
1364.7,0.003426644995,0.8735012516685035,0.786814688675396
1364.8,0.003426490385,0.872959917555178,0.7874002501300986
1364.9,0.003426344485,0.8729277979118877,0.7879361618545039
1365.0,0.00342620848,0.8730833381641668,0.7884370762367481
1365.1,0.0034260833,0.8729732190584732,0.7886935747105431
1365.2,0.003425969065,0.8727310273976228,0.7885500793244977
1365.3,0.00342586697,0.8725732817473008,0.7879876399917256
1365.4,0.003425778315,0.8725088979474579,0.787345705798447
1365.5,0.003425704065,0.872504889275232,0.7867667102723904
1365.6,0.003425644255,0.8725435497144272,0.7863080754440781
1365.7,0.003425598825,0.8726043269659034,0.7863548851746167
1365.8,0.00342556817,0.8726608065186297,0.7870607382120252
1365.9,0.003425553915,0.8727292681057368,0.7882874421786575
1366.0,0.00342555723,0.872815347744445,0.7898206085086479
1366.1,0.003425576195,0.8728484538478286,0.7911259214066586
1366.2,0.00342560828,0.8727642465983417,0.7921168488446391
1366.3,0.003425652155,0.8726538761652358,0.7929762503645844
1366.4,0.003425707205,0.8726283538665182,0.7938184610895295
1366.5,0.00342577226,0.872687177047364,0.7946322278345888
1366.6,0.00342584621,0.8727069062492284,0.7953309745894149
1366.7,0.00342592743,0.8725568889168343,0.7958885570199447
1366.8,0.00342601422,0.8722440051380926,0.796403790781504
1366.9,0.00342610474,0.8718635457013724,0.7969296494094178
1367.0,0.003426195865,0.8714597819303477,0.7973948815823027
1367.1,0.003426286675,0.8709897242711468,0.7977030529720639
1367.2,0.003426375955,0.870418821487766,0.7978608300383124
1367.3,0.00342646296,0.869775448445052,0.7979240702984293
1367.4,0.003426548115,0.8691076086787519,0.7979131752551066
1367.5,0.00342663264,0.8684254306835808,0.7978288549082841
1367.6,0.003426717145,0.8677199986195879,0.7976277804120839
1367.7,0.00342680369,0.8669897856727434,0.797398142555477
1367.8,0.00342689406,0.8662915729886682,0.7972600381424253
1367.9,0.00342699088,0.8657208775504025,0.7970873070951455
1368.0,0.003427096345,0.8653689123590501,0.7968689098570533
1368.1,0.003427213885,0.8651947361791499,0.7967925817219418
1368.2,0.00342734618,0.8649791600912605,0.7968272649048372
1368.3,0.00342749624,0.8645578850827849,0.7967877688019963
1368.4,0.00342766745,0.8640243107033138,0.7966194045685052
1368.5,0.003427861095,0.8635585381764924,0.7963583005198801
1368.6,0.00342807782,0.8631809124563458,0.7960235512562696
1368.7,0.003428317275,0.8628659426600821,0.795690178010241
1368.8,0.003428577595,0.8626562476336403,0.7953713377718282
1368.9,0.003428856505,0.8625863723298391,0.7951078398296011
1369.0,0.0034291504,0.8626452960416499,0.7951158006253853
1369.1,0.00342945506,0.8628173924872135,0.7953240819351329
1369.2,0.003429766855,0.863126324142397,0.7955371824480113
1369.3,0.00343008134,0.8636721193172904,0.7957981859656714
1369.4,0.003430393805,0.8645267267668465,0.7961402300074238
1369.5,0.003430701425,0.8655234284521244,0.7964542761754473
1369.6,0.003431000355,0.8664101366954148,0.7966602389898165
1369.7,0.00343128718,0.8671867886648645,0.7967512572121764
1369.8,0.003431558895,0.8680300298321999,0.7967573204859978
1369.9,0.003431814035,0.868985130547559,0.7966610997862037
1370.0,0.0034320519,0.8699235054236303,0.796493420419911
1370.1,0.00343227043,0.8707702023428847,0.7963504842373579
1370.2,0.00343246696,0.8715835543977138,0.7962736911465337
1370.3,0.00343263976,0.8724063752128007,0.796209470709509
1370.4,0.00343278974,0.8732396009827564,0.796100388329391
1370.5,0.003432917695,0.8739938156974744,0.7961387346093206
1370.6,0.00343302246,0.8745404339696431,0.796312766275959
1370.7,0.003433103725,0.8749606094206901,0.7964106708694154
1370.8,0.00343316171,0.87545570557334,0.7963389922914311
1370.9,0.003433196405,0.875965862521171,0.796210639381976
1371.0,0.00343320895,0.8763340885960984,0.7961117985939088
1371.1,0.00343319958,0.876585447424312,0.795984513825956
1371.2,0.00343316946,0.8767847814781823,0.7957825659669978
1371.3,0.0034331188,0.8769126631487394,0.7955453128897988
1371.4,0.00343304822,0.8768571574897357,0.7952969134418647
1371.5,0.003432957205,0.8763625828414664,0.7950030425818627
1371.6,0.00343284518,0.875651803786777,0.7946694682739045
1371.7,0.00343271253,0.8758320243909428,0.7942968942347446
1371.8,0.003432558725,0.876599314414285,0.793975069483311
1371.9,0.00343238421,0.8773667489508892,0.7937171321600806
1372.0,0.003432187295,0.8785091577034405,0.7931712615869635
1372.1,0.003431967105,0.879730602643971,0.7922258998088306
1372.2,0.00343172202,0.8807008709686617,0.7910872295515369
1372.3,0.00343145092,0.881562911426436,0.7900164114123756
1372.4,0.00343115365,0.8824426202012942,0.7892365613016042
1372.5,0.003430831005,0.8833397145498975,0.7883833361528159
1372.6,0.003430481915,0.8842404091636817,0.7872110697036848
1372.7,0.00343010589,0.8850240857343049,0.78617311262368
1372.8,0.00342970472,0.8854183807450716,0.7853624686217182
1372.9,0.00342927993,0.8852868799597777,0.7843791438379593
1373.0,0.00342883167,0.8848618790224146,0.7834624962166802
1373.1,0.00342836042,0.8843983872918599,0.7823806950696018
1373.2,0.00342786909,0.8838900776005092,0.7812258141942157
1373.3,0.003427360515,0.8832039223490387,0.7801080103953272
1373.4,0.00342683827,0.8822352562366015,0.7792030557819047
1373.5,0.003426307805,0.8809912483776329,0.7788055249307048
1373.6,0.003425771105,0.8796266850421754,0.7784956884968371
1373.7,0.00342523038,0.8783671262995718,0.7775768668934417
1373.8,0.003424689085,0.8773208628485909,0.7764128377002484
1373.9,0.00342415129,0.8764357442511831,0.775631039802032
1374.0,0.003423619305,0.8756353858235694,0.7750067299435399
1374.1,0.003423095565,0.8749760409238045,0.7746205339586342
1374.2,0.00342258287,0.8746629937822449,0.7745193055601503
1374.3,0.003422083895,0.8745920566201268,0.7744050332689685
1374.4,0.0034216003,0.87454037113779,0.7739358175565989
1374.5,0.00342113231,0.8744217634487464,0.7728187174744648
1374.6,0.00342067982,0.8741664147978626,0.7710215819633495
1374.7,0.003420244765,0.8738692326992036,0.7696175727905337
1374.8,0.00341982919,0.8738065516425791,0.7699143716148888
1374.9,0.00341943301,0.8741418286937556,0.7708245601216722
1375.0,0.00341905494,0.87474890377495,0.772056711609966
1375.1,0.003418695695,0.8755269757442793,0.7740457795826599
1375.2,0.00341835576,0.8765417541536858,0.776328372840164
1375.3,0.003418034815,0.877802098294453,0.7783610712516308
1375.4,0.00341773088,0.8792167072008821,0.7799940585465962
1375.5,0.003417441585,0.8806016280567347,0.7810233385476918
1375.6,0.00341716569,0.8816986219458858,0.7806794598158299
1375.7,0.003416903215,0.8824074657795005,0.7790875331368469
1375.8,0.003416653805,0.8830428780264303,0.7794432619561983
1375.9,0.003416418405,0.8840313361725853,0.7815556562901014
1376.0,0.003416197175,0.8853369443803053,0.7839266413985068
1376.1,0.003415990685,0.8865480597641908,0.7864501256975028
1376.2,0.00341579956,0.8873548458903738,0.7890493600785622
1376.3,0.00341562253,0.8877515096620013,0.7911748548538308
1376.4,0.003415458225,0.887962919998032,0.7927164343689473
1376.5,0.003415303915,0.8882254754624631,0.7939503702818683
1376.6,0.00341515764,0.8885582266731461,0.7951670588511214
1376.7,0.003415016155,0.8888105154127852,0.796388491225281
1376.8,0.003414876495,0.8888451106310866,0.7973351536227725
1376.9,0.003414736055,0.8885960200327688,0.7979775213558373
1377.0,0.00341459262,0.888065028042459,0.7985925760823718
1377.1,0.003414445195,0.887330058724337,0.7991966917832867
1377.2,0.00341429314,0.8865445663131599,0.799782718193702
1377.3,0.00341413573,0.8858753945115746,0.8003898372571935
1377.4,0.0034139717,0.8853966723398352,0.800830231998559
1377.5,0.00341379803,0.8851314151057221,0.8009872739321267
1377.6,0.00341361225,0.885044707148483,0.800893434559564
1377.7,0.003413412755,0.8848760287557265,0.8005814995418036
1377.8,0.0034131983,0.884451813216527,0.800001724900769
1377.9,0.003412967725,0.8838923206976639,0.7991132950647044
1378.0,0.003412719385,0.883198732437975,0.7980475411729006
1378.1,0.003412452045,0.882269487030155,0.7970467114348759
1378.2,0.003412164105,0.8811527890718804,0.7960685325798835
1378.3,0.0034118544,0.8800744499599065,0.7948726350708122
1378.4,0.003411520875,0.8791775189741212,0.7934515733330727
1378.5,0.003411162235,0.8783616347956134,0.7918833028467713
1378.6,0.003410777735,0.8775266497337716,0.790131638747724
1378.7,0.00341036528,0.8767173440502803,0.7880926571509499
1378.8,0.00340992246,0.8760635660526976,0.7856410524918679
1378.9,0.00340944943,0.8754675807935705,0.7829622478520785
1379.0,0.003408946405,0.8746524128981876,0.7807529291016266
1379.1,0.003408415175,0.873546245558488,0.7790225524344001
1379.2,0.003407857785,0.8723353312365325,0.7772593524071287
1379.3,0.003407277025,0.8711472311604274,0.7756215773249593
1379.4,0.00340667658,0.8699637052432257,0.77440066645518
1379.5,0.003406056375,0.8687768806537378,0.7732212685907253
1379.6,0.003405416105,0.8676096030537406,0.7722263136309627
1379.7,0.00340476092,0.8665288260658673,0.7710247109896324
1379.8,0.003404095515,0.8655820694205962,0.7695400005847312
1379.9,0.00340342372,0.8647542409068194,0.7677906172819503
1380.0,0.003402748095,0.8640548344175359,0.7659233425732509
1380.1,0.003402071765,0.8635221459671935,0.7640011025594842
1380.2,0.00340139777,0.8631053131707297,0.7627828683266458
1380.3,0.00340072906,0.8626709000217766,0.7621024810392872
1380.4,0.003400068025,0.8621774689132332,0.7614543767580368
1380.5,0.00339941608,0.8617003112546354,0.7611637040393562
1380.6,0.00339877335,0.8613163897828108,0.7606882302744207
1380.7,0.0033981404,0.8610428701600188,0.7597710234496492
1380.8,0.003397518545,0.8608443340706824,0.7590457490864562
1380.9,0.003396911,0.8606800224917143,0.7587386646877531
1381.0,0.00339631936,0.8605534225909599,0.7582847233988652
1381.1,0.00339574396,0.8605318712653564,0.75744209798369
1381.2,0.003395186955,0.8606312084250629,0.7568270683898968
1381.3,0.003394650855,0.8607338254074998,0.7562885428604037
1381.4,0.003394136505,0.860633357274438,0.7554423234632327
1381.5,0.00339364462,0.860103182098218,0.7548558823625872
1381.6,0.00339317564,0.8593915233975856,0.7541978506485515
1381.7,0.003392731335,0.8590545184704498,0.7532682722319103
1381.8,0.003392314885,0.859059676965587,0.7526385839667953
1381.9,0.00339193072,0.8590131248456461,0.7523672006270076
1382.0,0.003391581275,0.8589034769788505,0.7528048496163938
1382.1,0.00339126691,0.8589410127278757,0.7538731796141737
1382.2,0.00339098801,0.8589735973268786,0.7551343280026601
1382.3,0.003390746815,0.858686361510561,0.7561592286235966
1382.4,0.00339054538,0.8582275570362453,0.756887003694542
1382.5,0.00339038604,0.8579881425433007,0.7576178198271759
1382.6,0.00339026989,0.8580198914786579,0.758102203148877
1382.7,0.00339019876,0.8581027604096743,0.7582412374733543
1382.8,0.003390173965,0.8582067973919906,0.7584680855956847
1382.9,0.0033901953,0.858353302423798,0.7588626696329756
1383.0,0.003390259255,0.8584795567493605,0.7592744193325256
1383.1,0.003390362165,0.8585188894893835,0.7596999166415279
1383.2,0.00339050323,0.8583190339311325,0.7603842937515565
1383.3,0.00339068054,0.8577996846831971,0.7611898546566047
1383.4,0.003390890065,0.8570106045732095,0.7619653693695139
1383.5,0.00339112802,0.8559983959865936,0.7630169232625235
1383.6,0.003391389565,0.8548645449324306,0.7645775533954914
1383.7,0.0033916704,0.8537949645807748,0.766154909367747
1383.8,0.00339196557,0.8528074049301188,0.7672855057319208
1383.9,0.00339227071,0.8518545850110262,0.7678851917871939
1384.0,0.003392579335,0.8511140362243513,0.768346685464821
1384.1,0.00339288602,0.8505360397247587,0.7691126748688046
1384.2,0.003393185775,0.8500080259642845,0.7702472673388339
1384.3,0.003393473135,0.8496604401530914,0.7715296089113615
1384.4,0.003393742575,0.8494556711439304,0.7727985861487406
1384.5,0.00339398855,0.8492446000999063,0.7739282840174156
1384.6,0.003394207195,0.848994742952981,0.7748090483674055
1384.7,0.00339439683,0.8487840928823724,0.7754146971655351
1384.8,0.00339455464,0.8487206327107699,0.7757652674897492
1384.9,0.00339468025,0.8488228098702353,0.7759520226066344
1385.0,0.003394775095,0.8490711590526868,0.7758874817271592
1385.1,0.003394841585,0.8494482632684532,0.7755841421068991
1385.2,0.003394881995,0.849913313228964,0.7752554624002952
1385.3,0.00339489974,0.8504702484914072,0.7748833030513657
1385.4,0.003394897395,0.8511481916196811,0.7745336689217623
1385.5,0.00339487866,0.8519524833212974,0.7740905472779736
1385.6,0.00339484692,0.8528074551956012,0.773300543539746
1385.7,0.00339480571,0.8535343757533447,0.7720648357685682
1385.8,0.003394755915,0.8540375646486702,0.7704497115694312
1385.9,0.003394701085,0.8544394685968439,0.7684544546592098
1386.0,0.003394644,0.8548079585655541,0.7662541082973766
1386.1,0.003394588355,0.8551003026115267,0.7639761583138147
1386.2,0.00339453765,0.8553110846290266,0.7619877186596515
1386.3,0.00339449483,0.8554509797498909,0.7601168939512536
1386.4,0.003394462585,0.8555128879747226,0.7583682897634507
1386.5,0.00339444324,0.8554653179787618,0.7573303578161872
1386.6,0.00339443861,0.8552801587909445,0.7566065097360588
1386.7,0.00339444933,0.8549524027125809,0.7557193114043145
1386.8,0.003394477785,0.8545674382319952,0.7546886553856366
1386.9,0.00339452552,0.8541429273830863,0.7539696202254536
1387.0,0.003394594025,0.8535854329171508,0.7537650082959252
1387.1,0.003394686345,0.8528004305944278,0.7541778826856452
1387.2,0.003394804175,0.8517921678481847,0.755378857008445
1387.3,0.00339494981,0.8506213590980448,0.7568562475024633
1387.4,0.00339512507,0.8493380624813506,0.7584614379856297
1387.5,0.003395330475,0.8479052449039013,0.7599389729929101
1387.6,0.00339556431,0.8462773281394789,0.7609705337902722
1387.7,0.00339582526,0.8445522921797635,0.7615196339206373
1387.8,0.003396113645,0.8428515847135571,0.7618805652174229
1387.9,0.003396430085,0.8412895659966364,0.7628111489437133
1388.0,0.0033967739,0.8400303339796685,0.7642160189129162
1388.1,0.00339714287,0.8391751547602496,0.7656326133059024
1388.2,0.003397534215,0.8386292402048354,0.7667715348906082
1388.3,0.00339794504,0.8382505023608892,0.7680341912435684
1388.4,0.00339837306,0.837996843886853,0.7695011579331622
1388.5,0.00339881472,0.8379097023898278,0.7707064111051559
1388.6,0.003399267385,0.8380490383071997,0.7715071151079618
1388.7,0.0033997281,0.838435347389441,0.7720784262983876
1388.8,0.003400194135,0.8390267396401088,0.7722411356651024
1388.9,0.003400663355,0.8397273399346006,0.7714569501564692
1389.0,0.00340113089,0.8404825159766705,0.7703753060890236
1389.1,0.003401593195,0.84131080944616,0.770250440347414
1389.2,0.003402047545,0.8422583452064092,0.7711781023925366
1389.3,0.00340249115,0.8433042316662718,0.7723918252983244
1389.4,0.003402921625,0.8443353337911065,0.7734354058291792
1389.5,0.00340333511,0.8452980685766136,0.7743198207098325
1389.6,0.0034037286,0.8462926276957018,0.775174333911609
1389.7,0.003404100015,0.8474579449418832,0.7760830333034745
1389.8,0.00340444691,0.8488158355345443,0.7767710106786841
1389.9,0.003404765765,0.8502665539069336,0.7769705772104109
1390.0,0.003405054805,0.8516968079447776,0.7769005950924593
1390.1,0.003405313745,0.8530718076510302,0.7770383413639487
1390.2,0.003405541695,0.8543770514340026,0.7773794617774608
1390.3,0.00340573669,0.8557080814094754,0.7773889054049775
1390.4,0.003405896155,0.8571277482800767,0.7772194353308722
1390.5,0.00340602017,0.8585429038236274,0.7774964986701776
1390.6,0.00340610997,0.8598438687574056,0.7781115471135268
1390.7,0.00340616721,0.8609709025555101,0.7785492400852102
1390.8,0.003406195245,0.861856329028998,0.7786863706045395
1390.9,0.00340619835,0.8624587608362504,0.778642752732137
1391.0,0.003406179145,0.8627929131972568,0.7783324827584832
1391.1,0.00340613884,0.8629275555752043,0.7776882677689381
1391.2,0.00340607997,0.8629786378717517,0.7770208678256094
1391.3,0.00340600492,0.8630212944168022,0.7765651986607622
1391.4,0.003405915675,0.8629796368982156,0.7760546333058861
1391.5,0.00340581365,0.8626927780730163,0.7755169999887066
1391.6,0.003405700875,0.8620882665314272,0.7752656977091607
1391.7,0.003405577675,0.8612368006745248,0.775014219500426
1391.8,0.003405444415,0.8602329801402938,0.7747597504954853
1391.9,0.00340530101,0.8591984473962815,0.774522861843034
1392.0,0.00340514804,0.858295641632234,0.7741450539105134
1392.1,0.0034049858,0.8575645616058171,0.7735788697992981
1392.2,0.0034048149,0.8568280214913683,0.7732687883212035
1392.3,0.00340463605,0.8559564180255564,0.7733809683116778
1392.4,0.0034044487,0.8550604986326057,0.7734166693705933
1392.5,0.00340425302,0.8542746355134955,0.7733414470760958
1392.6,0.00340404911,0.8536202354805673,0.7734054664511906
1392.7,0.00340383566,0.8531950271980893,0.7735286985646203
1392.8,0.00340361216,0.853079435437993,0.7736183533357683
1392.9,0.00340337667,0.8531798093232753,0.7735730390033331
1393.0,0.003403126415,0.8534116462947396,0.7734878390105676
1393.1,0.003402858755,0.8537590687431149,0.7733644686670612
1393.2,0.003402573375,0.8541889454322761,0.7733159122110073
1393.3,0.003402268885,0.8546705453028862,0.7734845214887255
1393.4,0.003401944975,0.8552283853440134,0.77373088518462
1393.5,0.003401601355,0.8559265163466794,0.7741000411709728
1393.6,0.003401236525,0.8567701659210598,0.7746577429820233
1393.7,0.00340085082,0.8576811775251183,0.7752948202730594
1393.8,0.003400443125,0.8585779828471974,0.775809526247053
1393.9,0.00340001172,0.8593658691519765,0.7760751981713965
1394.0,0.003399555615,0.8599257826442552,0.7762184485132148
1394.1,0.003399073075,0.8601725107648976,0.776173781348866
1394.2,0.00339856404,0.8601230243974182,0.7757814278423593
1394.3,0.00339802843,0.8598807322056027,0.7751268455970572
1394.4,0.00339746697,0.8594994748043483,0.7741355474511435
1394.5,0.00339688112,0.8589611252040439,0.7728143003951939
1394.6,0.00339627263,0.8582187165945182,0.7719416036551385
1394.7,0.00339564284,0.8571824119922492,0.7714892897112453
1394.8,0.003394993975,0.8557613314049538,0.7710876308072986
1394.9,0.00339432734,0.8539073644827349,0.770496753777826
1395.0,0.003393644715,0.8515746879551473,0.7698539713545309
1395.1,0.003392948535,0.8488890786256702,0.769262246095042
1395.2,0.00339224006,0.8462055867296415,0.7683803193557703
1395.3,0.00339151954,0.8439040119693245,0.7671663576889408
1395.4,0.003390788585,0.8421487790210226,0.7656622008255138
1395.5,0.003390048085,0.8408813285976731,0.7636758346225021
1395.6,0.003389297475,0.8401016732656464,0.7610941051957086
1395.7,0.00338853627,0.8398018773618996,0.7581733413729249
1395.8,0.0033877647,0.8396551901177182,0.7553990700155782
1395.9,0.00338698387,0.8393253731545738,0.7537822242236669
1396.0,0.00338619367,0.8390062690223778,0.75231539576415
1396.1,0.00338539288,0.839047587248958,0.7508616363300719
1396.2,0.003384582015,0.8393395543038119,0.7498286241169038
1396.3,0.00338376273,0.8395948401228427,0.7494272542394812
1396.4,0.00338293661,0.8397917488671843,0.7487936578331051
1396.5,0.003382102905,0.8401288920243971,0.7473053534462082
1396.6,0.003381260955,0.8407555706437498,0.7460044199283566
1396.7,0.003380411695,0.8416175796855977,0.7458489048088186
1396.8,0.00337955658,0.8426041088938634,0.7467068172138462
1396.9,0.003378695015,0.8436706481838305,0.7477465775680342
1397.0,0.003377825955,0.8448043924238432,0.7491998154977318
1397.1,0.003376949505,0.8460538666540292,0.7510898981690963
1397.2,0.00337606642,0.84742668609498,0.7528551213820367
1397.3,0.00337517759,0.8486777059887514,0.754411711426852
1397.4,0.003374282525,0.8496476036055087,0.7555631428335045
1397.5,0.003373382325,0.8504300298222559,0.7560626686317959
1397.6,0.00337247627,0.8511935185184872,0.7559995414690147
1397.7,0.00337156572,0.8519917909285791,0.755775407682737
1397.8,0.00337065524,0.8526538941466938,0.7556328610576729
1397.9,0.003369748275,0.8529848986318613,0.7562907042761493
1398.0,0.00336884537,0.8529759513759839,0.7577485100815652
1398.1,0.00336794625,0.8528081651955408,0.7589685161726604
1398.2,0.003367050185,0.8527352928123484,0.7597887168994742
1398.3,0.00336615618,0.8527758507735061,0.7602158478366563
1398.4,0.00336526361,0.8529334204946396,0.7603407261446365
1398.5,0.003364372895,0.8532466749813143,0.7600174122782849
1398.6,0.003363486175,0.8535649434498642,0.7592714850849872
1398.7,0.003362605205,0.8536594048577724,0.7602345403129451
1398.8,0.003361730025,0.8534803780588148,0.7627559700103457
1398.9,0.003360859295,0.853166325607606,0.7649753984059567
1399.0,0.00335999149,0.852869589615104,0.7664920336754037
1399.1,0.00335912734,0.8526924666212945,0.7680008526623285
1399.2,0.003358267125,0.8526896454710916,0.7697744136621715
1399.3,0.003357412185,0.8528268639550152,0.7714385592730751
1399.4,0.003356562855,0.8530289123449382,0.77269814314842
1399.5,0.00335572025,0.8532785684299335,0.773498419894625
1399.6,0.003354885245,0.8535911443325952,0.773953102599379
1399.7,0.00335406131,0.8539863629716021,0.7742614876174406
1399.8,0.00335325148,0.8545003715120265,0.7746767873166893
1399.9,0.00335245698,0.8551707811011171,0.7752380454106237
1400.0,0.003351678735,0.8559960209425475,0.7756966676725654
1400.1,0.00335091685,0.856904412458333,0.7760663765792252
1400.2,0.003350171435,0.857787595834666,0.7764188192926608
1400.3,0.003349442025,0.8585817276256404,0.7766061336130384
1400.4,0.003348729355,0.8592429826137387,0.776594384056514
1400.5,0.00334803324,0.8597078315123198,0.7764241600001719
1400.6,0.003347352255,0.8599259145911466,0.7760012639298868
1400.7,0.003346685455,0.8600056796286213,0.7753096297408284
1400.8,0.00334603267,0.8601593286421231,0.7745283156478807
1400.9,0.00334539495,0.8604938517110627,0.7738227579201815
1401.0,0.00334477221,0.8609674279540354,0.773108805856912
1401.1,0.003344163925,0.8614391946396397,0.7723934023778366
1401.2,0.003343570995,0.8617365840834137,0.7716935560655817
1401.3,0.003342995685,0.8618277468190355,0.7707548984461715
1401.4,0.003342439175,0.8618393769950393,0.7695383229742542
1401.5,0.003341904465,0.8618896424774966,0.7683990683807269
1401.6,0.00334139329,0.8619724988421423,0.767576228716084
1401.7,0.003340906325,0.8620291794567984,0.766905096560683
1401.8,0.00334044347,0.8620725648513445,0.7662152970617342
1401.9,0.00334000512,0.862138519447514,0.7657228147141721
1402.0,0.003339592225,0.8621879743990669,0.7656106158741419
1402.1,0.00333920557,0.8621922343987052,0.7655352804823088
1402.2,0.003338845185,0.8622020675837108,0.7651941914847232
1402.3,0.003338511425,0.8621990830706899,0.7646062298532333
1402.4,0.003338204875,0.8621963247523401,0.7637610534648234
1402.5,0.003337924975,0.8622904405850563,0.7627471358518038
1402.6,0.0033376704,0.8624866330462729,0.7615943975426075
1402.7,0.00333744022,0.862728284353187,0.7606202022270998
1402.8,0.00333723273,0.8630751350316993,0.7600661886458246
1402.9,0.00333704437,0.8636913332979598,0.7595492207251204
1403.0,0.00333687075,0.8645070603968349,0.7589560063507137
1403.1,0.00333670635,0.865214006708487,0.7580357081987711
1403.2,0.003336545525,0.8658045884282499,0.7570982695173105
1403.3,0.00333638347,0.8665329604017995,0.7553345668352146
1403.4,0.00333621652,0.8674389014753152,0.7536299763604887
1403.5,0.00333603934,0.8684418046644913,0.7529024777496968
1403.6,0.003335847045,0.8694945837786359,0.752109709409934
1403.7,0.003335639385,0.8704895513047689,0.7514463872538698
1403.8,0.003335413925,0.8712711607074262,0.7512817866483776
1403.9,0.003335168895,0.8717225573062645,0.7517236390887344
1404.0,0.00333490252,0.8718507782688281,0.7522552279816483
1404.1,0.00333461285,0.8717750281867647,0.7524168063750079
1404.2,0.00333430033,0.8715702717439743,0.7527818971404668
1404.3,0.00333396563,0.8712707460171958,0.7533495389506732
1404.4,0.003333608465,0.870948204982637,0.7537852464357996
1404.5,0.00333322876,0.8706536241226953,0.754244006927818
1404.6,0.00333282834,0.8703793065353691,0.7550615184513205
1404.7,0.003332409475,0.8700642487745112,0.7564743115171958
1404.8,0.003331973545,0.8695878827972621,0.7583014995036355
1404.9,0.003331522,0.8687793562287489,0.7601542851870166
1405.0,0.003331057975,0.8674906309399492,0.7619062697285146
1405.1,0.003330584245,0.865709636931888,0.7634492252612134
1405.2,0.003330103835,0.8635750252547385,0.764655722503898
1405.3,0.00332961764,0.861349345089747,0.7655929601234288
1405.4,0.003329127355,0.8593936785301461,0.7662510735188733
1405.5,0.003328634635,0.8580085503291783,0.7665922567642385
1405.6,0.00332814076,0.8572066148220524,0.7666360442826442
1405.7,0.003327648045,0.8568513006929315,0.7664205687257198
1405.8,0.003327158,0.8567467673389758,0.7660099060172278
1405.9,0.00332667113,0.8566219392964781,0.7653963027064993
1406.0,0.003326188535,0.8564457524972794,0.7646012095881729
1406.1,0.00332571094,0.856408600022558,0.7638284092113163
1406.2,0.003325240085,0.8564500690455856,0.7633115543879477
1406.3,0.003324777515,0.8563590948055229,0.7630474532599311
1406.4,0.00332432326,0.856266725698322,0.7628099425721344
1406.5,0.00332387755,0.8564641559470442,0.7624877031304703
1406.6,0.00332344019,0.8570138466968281,0.7621498185573915
1406.7,0.003323010915,0.857741470971326,0.7618648635373403
1406.8,0.003322589665,0.8585060278090596,0.7615600599349036
1406.9,0.003322176095,0.8592596707539145,0.761096059266339
1407.0,0.00332177038,0.8599680873309286,0.7605584573650862
1407.1,0.003321372445,0.8605767709075615,0.7600795906800848
1407.2,0.00332098167,0.8610230215776333,0.7594826817927174
1407.3,0.00332059765,0.8612977664215603,0.758835802732602
1407.4,0.00332021937,0.8614729039288126,0.7586102175305184
1407.5,0.00331984707,0.8616683109918659,0.7588908999845607
1407.6,0.00331948014,0.8619575134451848,0.7592879910127891
1407.7,0.00331911856,0.8623139899635877,0.7595166612588586
1407.8,0.0033187621,0.8626252212645934,0.7595633201929498
1407.9,0.00331841156,0.8627616355007977,0.7594704295813683
1408.0,0.003318067585,0.862668229668021,0.7592565625198826
1408.1,0.003317731175,0.8623586005792686,0.7589076509565896
1408.2,0.00331740332,0.8619211903509241,0.7584393651556455
1408.3,0.00331708524,0.8614394271174959,0.7580867465130213
1408.4,0.00331677855,0.8608966415883647,0.758087946601415
1408.5,0.00331648438,0.8602395649184957,0.758331250386065
1408.6,0.00331620336,0.8594707669306799,0.7585700302772936
1408.7,0.003315935185,0.8586062257651531,0.7588216844152168
1408.8,0.003315680195,0.8577152009735568,0.7590464779359518
1408.9,0.0033154363,0.8568941582999117,0.7590856912954539
1409.0,0.00331520102,0.8561221119052921,0.7588176443270643
1409.1,0.003314970625,0.8552597887041787,0.7582869162305375
1409.2,0.003314743275,0.8541802809197375,0.7575831492106508
1409.3,0.003314516515,0.8528936102325332,0.7567322237076848
1409.4,0.003314288625,0.8515036628284349,0.7557332537925111
1409.5,0.00331405681,0.8501934993113671,0.7545830978724759
1409.6,0.00331381955,0.8490402646305315,0.753445464340758
1409.7,0.003313576925,0.8479489381745274,0.7526144062697333
1409.8,0.00331332684,0.8468938782641164,0.7519209311073798
1409.9,0.00331306716,0.845936540734788,0.7511607787825467
1410.0,0.00331279661,0.8451055769115429,0.7504495096394033
1410.1,0.00331251404,0.8443933715737889,0.7496769354572178
1410.2,0.00331221748,0.8437941944565255,0.7485797844884341
1410.3,0.00331190495,0.8433091828162939,0.747153495140519
1410.4,0.003311575945,0.8429401713432031,0.7451055411551263
1410.5,0.00331123117,0.842641983934895,0.7428950285994661
1410.6,0.003310872805,0.8423574184723328,0.7417074877268534
1410.7,0.00331050245,0.8420644084087179,0.7415972806565654
1410.8,0.003310123045,0.8418101907311892,0.7417373391402478
1410.9,0.0033097367,0.8416474750812892,0.7417100763991998
1411.0,0.00330934569,0.8416028518992378,0.7419882769950459
1411.1,0.003308950605,0.8417574936560179,0.7426347664976721
1411.2,0.003308552365,0.8421541071621631,0.7431219144209085
1411.3,0.003308149865,0.8427037916287616,0.7432697829039275
1411.4,0.00330774201,0.8432853758271649,0.7430681177883084
1411.5,0.00330733033,0.8438339104708522,0.7425264066838645
1411.6,0.003306915635,0.844306035298019,0.7418924709854819
1411.7,0.003306496955,0.8446552735869479,0.7413640425347776
1411.8,0.003306074935,0.8448504670217007,0.7412303175018848
1411.9,0.00330565179,0.8449515823228494,0.7418311219641427
1412.0,0.00330522905,0.845054708243296,0.7427691826809487
1412.1,0.00330480845,0.8452170469020777,0.7437809200286667
1412.2,0.00330439036,0.8454363614852247,0.7448858307313049
1412.3,0.00330397491,0.8456267859823295,0.7459099019717808
1412.4,0.00330356251,0.8456503227944902,0.7466491878382088
1412.5,0.003303152765,0.8454149672392537,0.7471805882355635
1412.6,0.00330274418,0.844965260817263,0.7476853793431424
1412.7,0.003302337645,0.8444156140497763,0.7481351800129127
1412.8,0.00330193395,0.8438525338321028,0.7485203329890575
1412.9,0.00330153225,0.8433208067091121,0.7490219950703533
1413.0,0.00330113352,0.8428005652488628,0.7497246185505141
1413.1,0.003300738295,0.8421919822031948,0.7503734579644452
1413.2,0.003300346615,0.8414289710290469,0.7509347160583796
1413.3,0.00329995861,0.8405942372946174,0.7515644734385329
1413.4,0.003299574245,0.839806979308369,0.7520518538396256
1413.5,0.003299192145,0.8391636753806935,0.7522250812585445
1413.6,0.003298811605,0.8387225203739057,0.7521770588732418
1413.7,0.003298432495,0.8384307103986843,0.7519952926054904
1413.8,0.003298055475,0.8381847299770936,0.7518401356275148
1413.9,0.003297681545,0.8379486455723616,0.7516963826308719
1414.0,0.00329731144,0.8377891029310418,0.7513414957583517
1414.1,0.00329694511,0.8377779942594186,0.7509224952629572
1414.2,0.00329658498,0.8379422115906071,0.7507454665169274
1414.3,0.0032962341,0.8382619000590364,0.750643289357462
1414.4,0.003295893045,0.8387115185164329,0.7504757859203579
1414.5,0.003295561485,0.8392571880276202,0.7501538229388474
1414.6,0.00329523847,0.8398654506308377,0.7494651732628099
1414.7,0.003294923515,0.8405595855276483,0.7484306279524269
1414.8,0.003294617265,0.8413709709454763,0.7473278409664226
1414.9,0.00329431997,0.8422173788382064,0.746390955205269
1415.0,0.003294032185,0.8429355406356317,0.7451943037139608
1415.1,0.00329375395,0.8434826929785515,0.7435372706688248
1415.2,0.003293486205,0.8439599197521878,0.7422675897146912
1415.3,0.00329322938,0.8444393016583844,0.7417597826781649
1415.4,0.0032929826,0.8448592006492779,0.7416998662230757
1415.5,0.00329274524,0.845110754256236,0.7417572945367833
1415.6,0.00329251583,0.8451644440746859,0.7417114712663381
1415.7,0.00329229292,0.8451028248763783,0.7416329754322954
1415.8,0.003292075435,0.8450628701010101,0.7416484069354099
1415.9,0.00329186354,0.8451997555761123,0.7417841111716743
1416.0,0.00329165528,0.845657642705373,0.7421098126484426
1416.1,0.00329144874,0.8464357963561112,0.7425902626961415
1416.2,0.003291243945,0.8473733858340191,0.7428825376270755
1416.3,0.00329104331,0.8483122759312858,0.7430425138081816
1416.4,0.003290847945,0.8492381472685957,0.7434176074046496
1416.5,0.003290659485,0.8501839551528855,0.7438667797558892
1416.6,0.003290477615,0.8510724603871739,0.7441477386700851
1416.7,0.00329030368,0.8518921270432367,0.7443685989168177
1416.8,0.00329013806,0.8528025794438029,0.7447386848145959
1416.9,0.003289979775,0.8538668379375036,0.7450705061138534
1417.0,0.003289829045,0.8549823106746431,0.7450782721308931
1417.1,0.00328968587,0.8560748183694848,0.7448694881663208
1417.2,0.00328955182,0.857144568367144,0.7446631609272036
1417.3,0.00328942926,0.8582045982771329,0.7449495610798755
1417.4,0.003289320075,0.8591982589007222,0.7457861232212293
1417.5,0.003289224775,0.859993810691576,0.7467734189781023
1417.6,0.003289144135,0.8605253807349341,0.7478394116309479
1417.7,0.00328907915,0.8608496370790816,0.7490321109986979
1417.8,0.003289030275,0.8610511702478095,0.7501414576301629
1417.9,0.00328899726,0.8612094688184385,0.7509205600418826
1418.0,0.00328897729,0.8613928247320727,0.7514269596449
1418.1,0.003288968025,0.861625522499924,0.7517822360749091
1418.2,0.003288969605,0.8619099183164828,0.7519808915447662
1418.3,0.003288980815,0.8622529488183284,0.7520043152595914
1418.4,0.003288998745,0.8626277094059751,0.7518475246534361
1418.5,0.0032890204,0.8630027715865166,0.7515714163582974
1418.6,0.003289047155,0.8633911101376122,0.751465086013344
1418.7,0.003289081195,0.8638576240802995,0.7516377102464734
1418.8,0.00328912338,0.8643654625327524,0.7516638168814247
1418.9,0.003289174725,0.8647776269225328,0.7515481183071784
1419.0,0.003289238055,0.8648919871783087,0.7518133881076622
1419.1,0.00328931724,0.8647519789601088,0.7521271515323468
1419.2,0.003289414375,0.8646712337457263,0.7515253668931811
1419.3,0.00328953093,0.8646567824195197,0.7506818052833951
1419.4,0.003289669555,0.8646049084416237,0.7507915976634527
1419.5,0.003289832675,0.8644682742939337,0.7516553911299279
1419.6,0.00329002007,0.8643132429796644,0.7525202150387933
1419.7,0.003290230765,0.8641544794533226,0.753453462835654
1419.8,0.00329046402,0.8639379985867491,0.7546022427381069
1419.9,0.003290720245,0.8636389315324979,0.7557330464473959
1420.0,0.003290999185,0.8633160386395619,0.7572342753464697
1420.1,0.0032912985,0.8630168019393074,0.7588910319314521
1420.2,0.00329161634,0.8628250265573617,0.760310648536571
1420.3,0.00329195026,0.8628242285928277,0.7611705589945263
1420.4,0.003292296885,0.8629619685811318,0.7615752338274205
1420.5,0.003292653385,0.8631308166198915,0.7620643986531404
1420.6,0.003293017155,0.8633145306750882,0.7625344311795998
1420.7,0.003293384905,0.8634398990715223,0.762853912302914
1420.8,0.00329375433,0.8634085082777277,0.7631982308577475
1420.9,0.003294123515,0.8631849776772395,0.763593707107352
1421.0,0.00329449168,0.8627189412566353,0.7639926139761342
1421.1,0.003294858065,0.8619742518508432,0.7643718984572021
1421.2,0.003295222075,0.8609477867167652,0.7646515756015952
1421.3,0.003295580985,0.8596940839028677,0.7647273194004733
1421.4,0.003295933915,0.8582986826939226,0.7645159090644427
1421.5,0.003296280455,0.8568042019358687,0.7639910745957339
1421.6,0.00329661986,0.8551931492408108,0.7632462343934944
1421.7,0.00329694997,0.8534987061103559,0.7624236209235224
1421.8,0.003297270395,0.851805450501924,0.76159680400258
1421.9,0.00329758089,0.85015387754482,0.760747901685283
1422.0,0.003297880405,0.8485643133435127,0.759859176539509
1422.1,0.0032981686,0.8471428054996163,0.7589161521063102
1422.2,0.003298443485,0.8459886283409846,0.7578751979469139
1422.3,0.003298702385,0.8450554936414594,0.7566656407929846
1422.4,0.003298944,0.8442190445974412,0.7552891456886289
1422.5,0.00329916597,0.8433904432518715,0.7537928742227625
1422.6,0.003299367715,0.842512261291043,0.7521651333875288
1422.7,0.00329954932,0.8415711406629924,0.7503669046021698
1422.8,0.003299710685,0.8406316033976392,0.7484307033506507
1422.9,0.00329985193,0.8398299129347402,0.7464534666158902
1423.0,0.00329997334,0.8393136864299023,0.7444713227134048
1423.1,0.00330007487,0.8391347727282803,0.7424134350120415
1423.2,0.003300156735,0.8392040636958479,0.7403996552715345
1423.3,0.00330021804,0.8393946515557708,0.7386276148025359
1423.4,0.00330025983,0.839666682063645,0.7366656839071838
1423.5,0.00330028303,0.8400337834484023,0.7349604965298536
1423.6,0.00330028862,0.8405086854434748,0.7341295327066085
1423.7,0.003300278255,0.8411027857470098,0.7338673353837399
1423.8,0.00330025272,0.8417574622400914,0.7338652242334768
1423.9,0.0033002115,0.8423904805934193,0.7339064167963506
1424.0,0.003300154225,0.8429935281528317,0.7341531135010664
1424.1,0.003300081025,0.8435985172165041,0.7345680550587524
1424.2,0.003299991165,0.8442250638889655,0.7347195175237673
1424.3,0.003299882565,0.8448807771076227,0.7347096969051322
1424.4,0.00329975444,0.845551444307311,0.7347396739822328
1424.5,0.003299604355,0.8461745854933359,0.7348033414989504
1424.6,0.003299430475,0.8466608035051466,0.7348639051221264
1424.7,0.003299231965,0.8469356300304827,0.7350071868798713
1424.8,0.00329900794,0.8469709101159825,0.7351664216451111
1424.9,0.003298758315,0.8468037711036263,0.7351485648324682
1425.0,0.003298482275,0.8465114019249126,0.7348500444153387
1425.1,0.003298179135,0.8461481018672661,0.7342250873887601
1425.2,0.00329784786,0.8457174334967561,0.7333808032126637
1425.3,0.00329748773,0.8452678276057303,0.7326478696465812
1425.4,0.003297099315,0.8448764354265754,0.7321284387172368
1425.5,0.003296684285,0.8444416390033187,0.7318545735192526
1425.6,0.0032962437,0.8437945525980882,0.7319231167877687
1425.7,0.003295777345,0.8429314439988114,0.7321832846417832
1425.8,0.00329528344,0.8419376137292189,0.732454322406379
1425.9,0.003294761145,0.8408703707224974,0.7325800929266727
1426.0,0.003294210635,0.8397519071891516,0.7326302641613506
1426.1,0.003293632465,0.8385668041924379,0.7328117665353191
1426.2,0.00329302763,0.8372535681977549,0.7330668512924199
1426.3,0.00329239738,0.8357617640766419,0.7332216689783888
1426.4,0.00329174136,0.8341732428840953,0.7334171074573687
1426.5,0.003291059375,0.8327122452205435,0.7337597484017251
1426.6,0.0032903521,0.8316180661984099,0.7340603988186737
1426.7,0.00328961976,0.8309569934226857,0.7342146007524825
1426.8,0.003288862495,0.8305748500923031,0.7342497803070174
1426.9,0.00328808102,0.8302449891468614,0.7342324952642373
1427.0,0.003287274205,0.8298360794470702,0.73426609773926
1427.1,0.00328644415,0.8293100637395237,0.734323676849415
1427.2,0.003285595055,0.8287014115788172,0.7343270949022223
1427.3,0.00328473117,0.8281908902062383,0.7343259199465698
1427.4,0.00328385601,0.8280373417237015,0.734392546843567
1427.5,0.003282973335,0.8283022910817347,0.7345314555043382
1427.6,0.00328208582,0.8287124951176992,0.7346848846063542
1427.7,0.00328119649,0.828807195286649,0.7347844353943611
1427.8,0.00328030815,0.8281432950775365,0.7348346317617802
1427.9,0.003279423835,0.8270924449012812,0.7348431391946861
1428.0,0.003278545055,0.8266891146700428,0.7347589822106818
1428.1,0.003277673875,0.8268914269537486,0.7345859432873221
1428.2,0.00327681077,0.8270946314497682,0.7343943815336768
1428.3,0.00327595734,0.8270028026965038,0.7341427022630124
1428.4,0.00327511488,0.8265309166303786,0.7337655854808754
1428.5,0.00327428525,0.8257808488179633,0.7333711522400319
1428.6,0.003273469375,0.8250680968430876,0.7330726381060878
1428.7,0.003272669455,0.8247569472234907,0.7327533077792211
1428.8,0.00327188494,0.8246814924511368,0.7323016033043026
1428.9,0.003271114605,0.824409267164518,0.7317416772456533
1429.0,0.00327035797,0.8237364825313811,0.7311555251715318
1429.1,0.003269614795,0.8229116448138105,0.7305417584979853
1429.2,0.00326888515,0.8221761162921962,0.7298342027173585
1429.3,0.003268168535,0.8215431544875361,0.7290810184450309
1429.4,0.003267464945,0.8210633076256268,0.7283110894838598
1429.5,0.00326677621,0.820640273325265,0.727467716369633
1429.6,0.00326610375,0.820275691497816,0.7265798645866166
1429.7,0.00326544823,0.82004535620764,0.725696015192641
1429.8,0.00326481048,0.8200372508985938,0.7248122349137037
1429.9,0.003264190095,0.8202748432677994,0.7238932310979344
1430.0,0.003263586035,0.8206373767768383,0.7229837337415349
1430.1,0.003262998765,0.8209384481672026,0.7222985523837869
1430.2,0.003262429755,0.8210612970063286,0.7217353779183339
1430.3,0.00326187943,0.8210444203705934,0.7213036979549894
1430.4,0.003261348635,0.8209867532958443,0.721163884515534
1430.5,0.00326083883,0.8209722517041552,0.721175338762349
1430.6,0.003260351345,0.8210906520480836,0.7211760299127328
1430.7,0.003259887215,0.8214380179477911,0.7211128336349132
1430.8,0.00325944825,0.8220458784271488,0.7210301971817531
1430.9,0.003259036435,0.8228753468522909,0.7210733877975547
1431.0,0.003258654195,0.8239016988890334,0.7211571866399966
1431.1,0.0032583049,0.8250620587020074,0.7212170591127887
1431.2,0.00325799053,0.8262721499266876,0.7214451010403274
1431.3,0.003257712005,0.8274256987667887,0.7219653676333179
1431.4,0.00325747129,0.8283950371800539,0.7226792380151783
1431.5,0.00325727079,0.8290906611917823,0.7234221932618258
1431.6,0.00325711449,0.8294777493890017,0.7241475807223544
1431.7,0.003257005975,0.8296320078714783,0.7248664085374222
1431.8,0.00325694839,0.8296761472482612,0.7254961030857224
1431.9,0.003256942715,0.829632900083792,0.7260402960483626
1432.0,0.003256989045,0.8294924646089912,0.7265499691909252
1432.1,0.00325708871,0.8291410586211312,0.7270258890620175
1432.2,0.00325724361,0.8285154167273542,0.7275347830896017
1432.3,0.00325745401,0.8278036700621275,0.7282317391366154
1432.4,0.003257720975,0.8271557417100658,0.729141889944287
1432.5,0.00325804474,0.8265709091048588,0.7300729449094754
1432.6,0.003258424285,0.8259366341144697,0.7308903119197158
1432.7,0.00325885672,0.8253109105392835,0.7317285516715466
1432.8,0.00325933965,0.8249323737572672,0.7326158882333678
1432.9,0.00325987002,0.8249180983602492,0.7335395793053762
1433.0,0.00326044391,0.8252410289522971,0.7346613729269347
1433.1,0.00326105671,0.8257931827107214,0.7358978095476081
1433.2,0.00326170324,0.8264106501804138,0.7370778357305935
1433.3,0.003262378635,0.8270049892449906,0.7383801955315098
1433.4,0.003263077915,0.8275574068971978,0.7399173391177994
1433.5,0.00326379736,0.8280328052639097,0.7415106543807353
1433.6,0.00326453174,0.8284603508913221,0.7429722363805208
1433.7,0.003265275,0.8289586703180345,0.7442669683944741
1433.8,0.003266021435,0.82960790557264,0.7453655016640255
1433.9,0.003266764995,0.8303436665721107,0.7463352107852238
1434.0,0.0032674992,0.8310658181922062,0.7473133519411043
1434.1,0.003268217695,0.8317410469844275,0.7482122872630024
1434.2,0.003268913955,0.8323091286176054,0.7489196482648847
1434.3,0.00326958156,0.8326740308875051,0.7495425758226091
1434.4,0.003270216885,0.8328722653839468,0.7501956186875108
1434.5,0.003270818375,0.8330828840386286,0.750908521458834
1434.6,0.003271384595,0.8333832391458679,0.7516287944065225
1434.7,0.00327191375,0.8336565891226567,0.7521922264825732
1434.8,0.003272405445,0.8337785331830984,0.7524413610631883
1434.9,0.00327285907,0.8337095689411668,0.7524282920377493
1435.0,0.003273274145,0.8334492188747785,0.752309445587664
1435.1,0.00327365217,0.8330222198844879,0.7522723496616105
1435.2,0.00327399404,0.8324894309031803,0.7524955786692039
1435.3,0.003274300295,0.831898007236586,0.7528827988133148
1435.4,0.003274572845,0.8312893613590648,0.7531193041914622
1435.5,0.00327481268,0.8307100265410018,0.7532397842697275
1435.6,0.003275018955,0.8302159042820745,0.7534180885023746
1435.7,0.003275189995,0.8298317817483201,0.7535770342410903
1435.8,0.003275326155,0.8295525318605278,0.7535149375206995
1435.9,0.003275429745,0.8294121780671361,0.7532139226790031
1436.0,0.003275499815,0.829455808505909,0.7528111705008129
1436.1,0.003275534735,0.8296204153945865,0.7521888084297661
1436.2,0.003275533545,0.8298356082081723,0.7510985312657085
1436.3,0.003275496,0.8302772030379313,0.749827851285111
1436.4,0.003275424175,0.8311635845555858,0.7487413628817935
1436.5,0.003275320875,0.8323648353385389,0.7476480069569352
1436.6,0.003275190105,0.8334613202896802,0.7462702300827768
1436.7,0.0032750336,0.8342534163286149,0.745407178032168
1436.8,0.00327485363,0.8348353398190248,0.745271586893239
1436.9,0.00327465238,0.8353069557081817,0.7455666578416348
1437.0,0.003274432705,0.8359325159205497,0.7461099208928496
1437.1,0.003274195855,0.8371066673252731,0.746603169789019
1437.2,0.00327394202,0.8387308707271789,0.7469488329455082
1437.3,0.003273671335,0.8403069637791878,0.7474105402514357
1437.4,0.003273387515,0.8415166717295643,0.7479763473715325
1437.5,0.00327309127,0.8424251135108324,0.7478137196862268
1437.6,0.00327278514,0.843298143259709,0.747261433980911
1437.7,0.003272476425,0.8442357390208023,0.7475307061704355
1437.8,0.003272170525,0.8450862435503528,0.7489804694986583
1437.9,0.003271870325,0.8457057593384554,0.7511145031227593
1438.0,0.00327157954,0.8460842270054333,0.7533124241750637
1438.1,0.003271300425,0.8462025393847674,0.7553222517920125
1438.2,0.003271034625,0.8460387116110681,0.7570070627993915
1438.3,0.003270783825,0.8456502850953783,0.7583698354270363
1438.4,0.003270548045,0.845173648941161,0.759603048773647
1438.5,0.003270328705,0.8446078229715082,0.7606999923973158
1438.6,0.00327012635,0.8440517108063403,0.7615870147998715
1438.7,0.003269941795,0.8436410732305896,0.7623519234959822
1438.8,0.003269776655,0.8433345040530817,0.7629840684865522
1438.9,0.003269632495,0.8430770631014907,0.7632112433345186
1439.0,0.00326950977,0.8427419996786147,0.7632063864322761
1439.1,0.0032694103,0.8422607328168259,0.7635086956101458
1439.2,0.003269335985,0.841670848530632,0.7638273096538876
1439.3,0.00326928788,0.8410371453101058,0.7637427316964677
1439.4,0.003269267485,0.8404597582794877,0.763553884278875
1439.5,0.0032692753,0.8400233407944218,0.7633673993389579
1439.6,0.003269310225,0.8397436699332138,0.7629169954833981
1439.7,0.003269370645,0.8395575305684886,0.7621567614771559
1439.8,0.00326945493,0.8393717870444379,0.7612553065979496
1439.9,0.003269561735,0.8391554192751999,0.7604963040960275
1440.0,0.003269690075,0.8389040290310595,0.7599249363569339
1440.1,0.00326983917,0.8386122127726529,0.7592621294220648
1440.2,0.00327000859,0.8382954145694649,0.7586861812408822
1440.3,0.003270198765,0.8380044402578894,0.7588274272465876
1440.4,0.00327041008,0.8377834103651535,0.7598055181369856
1440.5,0.003270643115,0.8377028347967741,0.7611206139545196
1440.6,0.003270896815,0.8378360948739542,0.7623763336709006
1440.7,0.0032711696,0.8382572002364267,0.7633173914670981
1440.8,0.00327145862,0.8390755411403897,0.7641063082142675
1440.9,0.003271761,0.8402890818338036,0.7648939369084491
1441.0,0.00327207631,0.841676679326597,0.7654091581036379
1441.1,0.00327240427,0.8430674246952294,0.7655546829585373
1441.2,0.00327274372,0.8444213254652204,0.7656740006475208
1441.3,0.003273089745,0.8457575390685718,0.7660974559212981
1441.4,0.003273438825,0.8471118608119785,0.7667361794068848
1441.5,0.00327379408,0.8485079971536045,0.7673499774963578
1441.6,0.003274154945,0.8499257727854282,0.7680515579677575
1441.7,0.00327451879,0.8512765696618776,0.76871739968113
1441.8,0.003274883055,0.8524479187659537,0.7692583693697075
1441.9,0.003275247935,0.8533654146172494,0.7696269787189385
1442.0,0.00327561349,0.8540406936749533,0.7697454921602025
1442.1,0.00327598013,0.8545121210685508,0.7696533932299698
1442.2,0.0032763497,0.8547615823748018,0.7693236013995666
1442.3,0.00327672474,0.8547393398988143,0.7687909380819652
1442.4,0.00327710753,0.85449420770724,0.7681589627373985
1442.5,0.003277499425,0.8541724709204006,0.7676342979146931
1442.6,0.003277901415,0.8538381991788734,0.7673225451093066
1442.7,0.00327831417,0.853372564882129,0.7671242163650855
1442.8,0.003278737855,0.8526797243214916,0.7670838531826722
1442.9,0.003279171895,0.8518640412049135,0.7672208768878511
1443.0,0.003279612645,0.8510984979070867,0.7673492486468622
1443.1,0.003280055165,0.8504495768117466,0.7673969443065289
1443.2,0.00328049603,0.8498989435841666,0.7672206821091067
1443.3,0.00328093503,0.8494637387538647,0.7666826089689557
1443.4,0.003281370655,0.8492507764710633,0.7658418873589286
1443.5,0.003281798795,0.8492809671764643,0.7648305835509968
1443.6,0.003282218615,0.8493573141611318,0.7637548582441105
1443.7,0.003282631285,0.8493744107083526,0.7627711124869361
1443.8,0.003283037625,0.849486119459929,0.7620014976850302
1443.9,0.00328343841,0.8498527370394175,0.7614866220650334
1444.0,0.0032838311,0.8504115761070087,0.7612381158029491
1444.1,0.00328421445,0.8510353016292672,0.7610806591791511
1444.2,0.003284590335,0.8517027078557811,0.7608610430031093
1444.3,0.00328495644,0.8523812353202888,0.7602929990690431
1444.4,0.003285307295,0.8529925138524536,0.7592582401303596
1444.5,0.00328564211,0.8536773559181949,0.7579962058127448
1444.6,0.0032859637,0.8546139715023803,0.7564775096585171
1444.7,0.003286269875,0.8555944437200097,0.7546495865393965
1444.8,0.003286556545,0.856427826569598,0.7528935556265607
1444.9,0.00328681968,0.8571770650015528,0.7518630755370713
1445.0,0.003287059065,0.8578576596340265,0.7518877433225873
1445.1,0.00328727727,0.8584966093142841,0.7520096559671026
1445.2,0.003287476675,0.8591880550077833,0.7520217322492629
1445.3,0.003287661455,0.860012811043945,0.7520784568462161
1445.4,0.003287834145,0.861073946794548,0.7517918619147997
1445.5,0.0032879972,0.8623038300529459,0.7508692452674789
1445.6,0.00328815398,0.8636058882609674,0.7491989735509007
1445.7,0.00328830914,0.864934065670311,0.7476634258936791
1445.8,0.003288465445,0.8661384768954735,0.7464525052885382
1445.9,0.003288623395,0.8669955222209288,0.745622666155463
1446.0,0.003288784335,0.8674285719186702,0.7457270864120831
1446.1,0.0032889484,0.8676142651772385,0.7468746662261423
1446.2,0.00328911518,0.8678291940970413,0.7484709094534313
1446.3,0.003289282165,0.8680464603617782,0.7500445709127262
1446.4,0.00328944769,0.8680943256674483,0.7512940954083944
1446.5,0.00328961193,0.8678670188725904,0.7522050441805999
1446.6,0.003289775555,0.8673771880292281,0.7524810645111444
1446.7,0.00328993999,0.8666223010136822,0.752288704792965
1446.8,0.00329010605,0.865650688087336,0.753366327621814
1446.9,0.00329027179,0.8647080532116264,0.7555739310626769
1447.0,0.00329043596,0.8639651733632027,0.7580665335058882
1447.1,0.003290598895,0.8633001107648082,0.7605220965717135
1447.2,0.003290760805,0.8625360377323433,0.7628376074370419
1447.3,0.003290920435,0.8616619901074469,0.7647595647074698
1447.4,0.003291076105,0.8607597309805213,0.7662030574167559
1447.5,0.003291227715,0.8598311704398997,0.7673534458146474
1447.6,0.003291376655,0.8587924970767697,0.7682355233503664
1447.7,0.003291523075,0.8575454418729275,0.7687422245462786
1447.8,0.003291665595,0.8560155679320381,0.7689625318727042
1447.9,0.00329180345,0.8543107135635292,0.7689798797473373
1448.0,0.00329193668,0.8526307154760956,0.7688631255979593
1448.1,0.003292063545,0.8510842036605129,0.7687658933053307
1448.2,0.003292182175,0.8496849194430481,0.7687162372918481
1448.3,0.00329229036,0.8484552309633946,0.7687465348113993
1448.4,0.003292386705,0.8473870454788769,0.7689294760348031
1448.5,0.00329247105,0.8463650916718496,0.7691705744214102
1448.6,0.003292543605,0.8453455317584242,0.7693402267078895
1448.7,0.00329260481,0.8443628290100107,0.7694133567016797
1448.8,0.00329265479,0.8434415443979748,0.7693502044061572
1448.9,0.003292693755,0.8427815020646409,0.7691185496470667
1449.0,0.00329272211,0.8427284154319806,0.7687409741924024
1449.1,0.00329274042,0.8432204893724976,0.7681607660115816
1449.2,0.00329274803,0.8439078447123618,0.7673635491766214
1449.3,0.00329274515,0.8447814022488043,0.7664278572206761
1449.4,0.00329273206,0.8459365784339,0.7653180205007571
1449.5,0.003292709035,0.847238485845474,0.7639589172533318
1449.6,0.00329267658,0.8485877307751525,0.762408289951373
1449.7,0.003292635745,0.8500105329552221,0.7607374213321906
1449.8,0.003292588745,0.8514229678795349,0.7590465093518783
1449.9,0.003292538035,0.8526009897264073,0.7577232642430011
1450.0,0.003292486795,0.8534110179762089,0.7568566496263229
1450.1,0.003292437705,0.8539318500558769,0.7561941505675339
1450.2,0.00329239388,0.8542881569282764,0.755949659260861
1450.3,0.00329235781,0.8546228433600341,0.7559873709390746
1450.4,0.003292331385,0.8550688615522495,0.7560545130572671
1450.5,0.003292315825,0.8555743563765826,0.7562434358730834
1450.6,0.003292313775,0.8560005008536716,0.7564081684254671
1450.7,0.003292327915,0.8563734393175791,0.7570512147425451
1450.8,0.00329235997,0.8567754437967179,0.7578874690078188
1450.9,0.0032924122,0.8571176260685468,0.7589819370564764
1451.0,0.00329248441,0.8572481403937475,0.7602722017256763
1451.1,0.003292575315,0.8571918179206539,0.7611195646625732
1451.2,0.003292686355,0.8570888427966545,0.7614721393229004
1451.3,0.003292819635,0.8569162185635251,0.7616579770947307
1451.4,0.003292978055,0.8566877745121267,0.7614785418887283
1451.5,0.00329316396,0.8566956724760579,0.7605911739109807
1451.6,0.003293378945,0.8568834957344454,0.7599869262631745
1451.7,0.003293625245,0.8572244716346954,0.7603148519875416
1451.8,0.003293906,0.8577919940643811,0.761059139269474
1451.9,0.003294224225,0.8583919188806959,0.7616587624928941
1452.0,0.00329458063,0.858939033524504,0.7619744799882093
1452.1,0.00329497493,0.8593828903009736,0.7620913598012934
1452.2,0.003295406645,0.8596441702787874,0.7620152327281117
1452.3,0.00329587534,0.8596723880640019,0.7621289709485423
1452.4,0.003296381045,0.8596519865613096,0.7627374785959867
1452.5,0.003296922635,0.8598133324768127,0.7633489456237108
1452.6,0.003297498375,0.8601579400581703,0.7641162230806823
1452.7,0.003298106625,0.8604695232175532,0.7656013607421844
1452.8,0.003298744985,0.8605029560465727,0.7675766308399438
1452.9,0.003299411495,0.860115126433487,0.7695609110254336
1453.0,0.00330010335,0.8593294015444537,0.7713379843258631
1453.1,0.003300818935,0.8582866566772448,0.7728951147246148
1453.2,0.003301554725,0.8571849943814105,0.7742461377957353
1453.3,0.003302306665,0.8562424851694069,0.7754341436240608
1453.4,0.003303071575,0.8556085243382832,0.7766407790968223
1453.5,0.003303847365,0.855303199231466,0.7779239688993663
1453.6,0.00330462967,0.8552673599424739,0.7791608893253082
1453.7,0.003305415375,0.8553844408174878,0.7802971845385557
1453.8,0.003306201305,0.8555455793878759,0.7812283086187827
1453.9,0.00330698554,0.8557163437981543,0.7818512298933217
1454.0,0.003307765915,0.8559949276683041,0.7822315322504094
1454.1,0.003308538795,0.8565229665615195,0.7824204927653375
1454.2,0.003309300325,0.8573083521585463,0.7824352645339947
1454.3,0.003310048255,0.8582403998670133,0.7824096102883855
1454.4,0.003310780715,0.8593131092449522,0.7823967925903588
1454.5,0.003311494975,0.8607003171802566,0.7823039459610747
1454.6,0.003312188215,0.8624565177390956,0.7822577017172138
1454.7,0.003312857645,0.8644410618183683,0.7824638970094395
1454.8,0.00331350266,0.8665849914593283,0.7827227830936512
1454.9,0.003314123045,0.8688354587903566,0.7828223150321022
1455.0,0.00331471473,0.8709937517929287,0.7828463356495315
1455.1,0.00331527504,0.8729258501244425,0.7828545100736162
1455.2,0.003315804255,0.8746498556417676,0.7827560211439262
1455.3,0.00331630222,0.8761531705583635,0.7826328895614614
1455.4,0.0033167691,0.8773675531986086,0.7825684994784334
1455.5,0.003317205155,0.8783013727653322,0.7824777954153389
1455.6,0.00331761157,0.879126499509427,0.7824203356857049
1455.7,0.0033179884,0.8800540673067698,0.782711303714095
1455.8,0.0033183367,0.8811902305731261,0.7831472625266337
1455.9,0.00331865695,0.8825400535558527,0.7832598132250411
1456.0,0.00331894789,0.884035074667843,0.7830449534202768
1456.1,0.003319208825,0.8855808513507446,0.7826500489405352
1456.2,0.00331943978,0.8870292386613852,0.7819999277568015
1456.3,0.003319641495,0.8882605670524036,0.780881633869459
1456.4,0.00331981523,0.8892407251107679,0.7796435322046793
1456.5,0.00331996262,0.8899704982346408,0.7788501543959416
1456.6,0.0033200839,0.8904243704084902,0.7783123702823148
1456.7,0.00332017863,0.8905273078333777,0.7776202020225054
1456.8,0.003320247015,0.8901804445884949,0.7767766906782018
1456.9,0.003320289785,0.889331404041121,0.7761431005550111
1457.0,0.003320306085,0.8880577332643174,0.7756395786508644
1457.1,0.00332029401,0.8865493101180668,0.774752443150973
1457.2,0.00332025321,0.8848897260996961,0.7734163175122161
1457.3,0.00332018406,0.882973612191604,0.7720117994013903
1457.4,0.003320087855,0.8806306061073713,0.7707400324297347
1457.5,0.003319965885,0.8778497876709345,0.7692738008728219
1457.6,0.00331981873,0.8748193005831317,0.7676439803032513
1457.7,0.003319646905,0.8718269775628844,0.7661706047646443
1457.8,0.003319455075,0.8690055697493634,0.7652770604157397
1457.9,0.003319248895,0.86625724166415,0.7648762748745506
1458.0,0.00331903046,0.8633293024437453,0.7645885741025202
1458.1,0.00331880229,0.8599971156470476,0.764336838283188
1458.2,0.00331856768,0.8563667414420417,0.7641265589205126
1458.3,0.003318326565,0.8527890454626512,0.7636088370175717
1458.4,0.00331808276,0.8495187417580438,0.7626603273635998
1458.5,0.00331783592,0.8467320548265301,0.761597520285705
1458.6,0.0033175897,0.8445565081971044,0.7601572320009256
1458.7,0.00331734516,0.8429343782463499,0.7586204151402719
1458.8,0.00331710537,0.8417132725978261,0.7576092244296757
1458.9,0.003316871845,0.8408044726749957,0.7572268674709925
1459.0,0.003316645315,0.8401310974224397,0.7572578624241129
1459.1,0.00331642583,0.8395667605677049,0.7574317118783772
1459.2,0.003316212815,0.8390046479605688,0.7576554246912394
1459.3,0.00331600715,0.8384992411008297,0.7579900859902556
1459.4,0.00331580644,0.8382701624477154,0.7582830332220176
1459.5,0.00331560721,0.8383779567748453,0.7581082224404012
1459.6,0.00331540762,0.8385229538421791,0.7576944684047382
1459.7,0.003315207885,0.8384570180955656,0.7577601465407541
1459.8,0.003315004275,0.8383822356240395,0.7584011382562367
1459.9,0.003314793515,0.8387682242638301,0.7591415613792053
1460.0,0.0033145737,0.8395721201247719,0.7596125426666462
1460.1,0.00331434174,0.8403554762529446,0.7600847303256661
1460.2,0.003314096405,0.8409941054907516,0.7610266740509919
1460.3,0.003313837165,0.8416349966752693,0.7623376480989643
1460.4,0.003313563665,0.8424237437764354,0.7634148688039537
1460.5,0.00331327474,0.8433891991811807,0.7639374413259519
1460.6,0.00331296957,0.8444103675900447,0.7640879864459119
1460.7,0.00331264783,0.8453388213165159,0.7640213218498026
1460.8,0.003312308435,0.8461359250541407,0.7635187047243401
1460.9,0.003311949085,0.8468319574729142,0.7626792334681891
1461.0,0.003311570125,0.8474323598113124,0.7624266934011377
1461.1,0.00331117153,0.8478723524288182,0.762938427428481
1461.2,0.003310753185,0.8480778565706601,0.7636709651538891
1461.3,0.00331031433,0.8480029610017985,0.7645514341941694
1461.4,0.003309854075,0.8476579450133961,0.7656067768479192
1461.5,0.00330937108,0.8471839038147105,0.7665635803064965
1461.6,0.003308865435,0.8467758800440477,0.7674014556335795
1461.7,0.00330833724,0.8465139403317766,0.7679196236426773
1461.8,0.003307787425,0.8465314013037453,0.7683107079457521
1461.9,0.003307218485,0.8469783871064981,0.7688737253315726
1462.0,0.00330663292,0.8477474866872086,0.7693592082107024
1462.1,0.00330603209,0.8485871401557337,0.7696993170313801
1462.2,0.00330541753,0.8492858052291508,0.7696495542037471
1462.3,0.003304791305,0.8497351912086909,0.7693951920129566
1462.4,0.003304154885,0.8499910110984727,0.7694655071397293
1462.5,0.003303509035,0.850163918074941,0.7697166711891985
1462.6,0.003302854595,0.8502365265643508,0.7698444397624199
1462.7,0.003302192805,0.8501648542695517,0.769946346744917
1462.8,0.003301524965,0.8501218207333829,0.7699150313493461
1462.9,0.003300851975,0.8502477671828653,0.7695982268629729
1463.0,0.00330017481,0.850455621236012,0.7691068566392102
1463.1,0.00329949449,0.8506578769710501,0.768568840047727
1463.2,0.003298813525,0.8507965720035209,0.7680089642545601
1463.3,0.003298134685,0.850857713679745,0.7674158566943036
1463.4,0.003297460405,0.8509366933190563,0.7670034598266668
1463.5,0.003296792495,0.8510999933051899,0.7668451172737406
1463.6,0.00329613062,0.8512236401088499,0.766624646584497
1463.7,0.003295474505,0.8511417953370385,0.7661885432586963
1463.8,0.003294825805,0.8507843323585424,0.7655250451734434
1463.9,0.003294185315,0.8500580526857002,0.7646231379048949
1464.0,0.00329355362,0.8488702730520458,0.7635258487060345
1464.1,0.003292930825,0.8473716579580597,0.7622962733237165
1464.2,0.00329231831,0.8458896870219524,0.7610189206003228
1464.3,0.003291716345,0.8445979395210199,0.7598754688390105
1464.4,0.00329112536,0.843395708561159,0.7590008180283245
1464.5,0.003290545755,0.8420538275246606,0.7582987411852856
1464.6,0.00328997717,0.8408388479818113,0.7578044052980579
1464.7,0.00328941936,0.8400419515893015,0.7576158531901748
1464.8,0.003288872605,0.8393578760721678,0.7576128812435244
1464.9,0.00328833626,0.8386968095796287,0.7576247941628669
1465.0,0.003287808985,0.8381998787368693,0.7576392140731468
1465.1,0.0032872905,0.8379695748626199,0.7576817261049352
1465.2,0.003286778995,0.8380840733484726,0.7577500054796683
1465.3,0.00328627391,0.8383938343841165,0.7577502756566366
1465.4,0.00328577501,0.8386444266637227,0.7578495437013046
1465.5,0.003285280785,0.8388363277093748,0.7581277882794478
1465.6,0.003284789825,0.839114126181361,0.7583297549879618
1465.7,0.003284301185,0.839407871377657,0.7584046882559352
1465.8,0.00328381431,0.8396315967568897,0.7584145654232382
1465.9,0.003283329525,0.8399585485875342,0.7583342537486417
1466.0,0.003282848325,0.8404987705770601,0.758192856946489
1466.1,0.003282371875,0.841113178135508,0.7580588554534428
1466.2,0.00328190258,0.841786641352658,0.7578932244055603
1466.3,0.003281441835,0.8426598847298352,0.7576970884930113
1466.4,0.00328099013,0.8437132544633985,0.757613402747905
1466.5,0.003280546995,0.84480279021159,0.7577208954821402
1466.6,0.003280112755,0.8457984677376629,0.7580364558978226
1466.7,0.00327968703,0.8466526542138033,0.7587478192887456
1466.8,0.00327927042,0.847405084503894,0.7597513382300818
1466.9,0.00327886105,0.8480043935680487,0.7607465570836273
1467.0,0.003278456295,0.8483099008872397,0.761640044883864
1467.1,0.003278056205,0.8483848278720277,0.7624740686183539
1467.2,0.003277660435,0.8483685041565997,0.7632809489923165
1467.3,0.00327726925,0.8482030427547204,0.7640239482212611
1467.4,0.003276883,0.8479143303898555,0.7645475951679467
1467.5,0.00327650157,0.8474670995428758,0.764814530012537
1467.6,0.003276125955,0.8467796185393054,0.7650079578722184
1467.7,0.003275754565,0.8459762818818559,0.7652705824516879
1467.8,0.00327538496,0.8451787634540009,0.7656273165806884
1467.9,0.003275015745,0.844444491569448,0.7661218409634752
1468.0,0.003274646015,0.8438060005617177,0.7667772965715349
1468.1,0.003274272735,0.8433914862606325,0.7676223598626094
1468.2,0.003273893385,0.8434539788216978,0.7686798764984755
1468.3,0.00327350494,0.8440669600970809,0.76981447525169
1468.4,0.003273105635,0.8450267103695671,0.7709161563970803
1468.5,0.003272695045,0.8460717674489693,0.7720168133832654
1468.6,0.00327227095,0.8470946260346809,0.7730813043548225
1468.7,0.003271832315,0.8481900554106905,0.7740238386995673
1468.8,0.00327137926,0.8494565068075761,0.7748062774826849
1468.9,0.00327091316,0.8508226535057309,0.7755152783959325
1469.0,0.00327043604,0.8522433005532403,0.7762591635540054
1469.1,0.003269948995,0.8538075812168715,0.7769016318180351
1469.2,0.003269451635,0.8555040600993659,0.7774271511539423
1469.3,0.003268944505,0.8572097312819646,0.7781051256981428
1469.4,0.00326842773,0.8588884287500399,0.7789396395210866
1469.5,0.003267903225,0.8605680309967991,0.7796599250351457
1469.6,0.00326737251,0.8621753137806729,0.7801489202148623
1469.7,0.00326683718,0.8635082601276646,0.7804632302766686
1469.8,0.00326629906,0.8645622833124998,0.7805593378791272
1469.9,0.003265761185,0.8655379551765546,0.7804505885078306
1470.0,0.003265227575,0.8663899676705786,0.7801503402147417
1470.1,0.003264700625,0.8668662017009364,0.7794467868231555
1470.2,0.00326418124,0.8668279056864892,0.7782633928528454
1470.3,0.00326367099,0.8663149841371228,0.776894205093002
1470.4,0.003263173505,0.8656170856123131,0.775571663700879
1470.5,0.00326269304,0.8651281909635615,0.7742479599194744
1470.6,0.00326223243,0.8649100513360669,0.7727942696004346
1470.7,0.00326179341,0.8647461293145879,0.771563022890825
1470.8,0.003261375825,0.8645350080050814,0.7707984095044238
1470.9,0.003260978565,0.8643553654539636,0.7701830783177357
1471.0,0.003260601305,0.8642583090905237,0.7694522936010283
1471.1,0.00326024199,0.8642368457295144,0.7685431920853031
1471.2,0.00325989965,0.8643393935969128,0.7672327458248964
1471.3,0.00325957357,0.8645939756991893,0.7659021116900979
1471.4,0.00325926101,0.8649491327486775,0.7654788072127678
1471.5,0.00325895936,0.865340091388046,0.7657100724143692
1471.6,0.00325866662,0.8657334564873875,0.7660358681389171
1471.7,0.00325838251,0.8661287253918768,0.7664950935866482
1471.8,0.00325810556,0.866551973320539,0.7669364685049217
1471.9,0.00325783449,0.8670133915999424,0.7674113390840678
1472.0,0.00325757053,0.8674330643961647,0.7680984682292609
1472.1,0.003257315245,0.8676627211023276,0.7687958201169488
1472.2,0.003257069875,0.867641703847475,0.7691936776937848
1472.3,0.003256835555,0.8675778604015688,0.7691837062787023
1472.4,0.00325661358,0.867780750738323,0.7692669333512812
1472.5,0.003256405815,0.8682101122062891,0.7697969200319418
1472.6,0.00325621475,0.8687404570285121,0.7706853247352651
1472.7,0.003256041325,0.8693852752038468,0.771656133413892
1472.8,0.00325588665,0.8700962113381687,0.7724387544093838
1472.9,0.00325575344,0.8708250294178751,0.7729106656082501
1473.0,0.00325564413,0.8714374640561365,0.7731029939105029
1473.1,0.00325555879,0.8718219635810094,0.7730869089561165
1473.2,0.003255497185,0.8719497698533427,0.7729866858672817
1473.3,0.003255457655,0.8717795772129271,0.7728949450786116
1473.4,0.003255440155,0.8712308038081981,0.7726859977512213
1473.5,0.00325544376,0.8702119413283418,0.7722650683179374
1473.6,0.00325546791,0.8686877662365261,0.7718088776487096
1473.7,0.003255512155,0.8667562145421343,0.7715516754581603
1473.8,0.003255577615,0.8646505809156215,0.771447311750208
1473.9,0.003255664665,0.8625781916225691,0.7713047462755881
1474.0,0.003255773235,0.860554220555494,0.7711271206269541
1474.1,0.00325590405,0.8585070268355235,0.7710787149673476
1474.2,0.003256058775,0.8563937402893067,0.7711555143413572
1474.3,0.0032562384,0.8542573504707153,0.7712184215926527
1474.4,0.003256443545,0.8522276491386399,0.7712375727414691
1474.5,0.00325667349,0.8503845081447053,0.7712173471679653
1474.6,0.003256927775,0.8486876648374632,0.7710350656790186
1474.7,0.00325720426,0.847047194268797,0.7706624853566735
1474.8,0.00325750268,0.8454107009564301,0.770393294848558
1474.9,0.0032578208,0.8437870881739432,0.7703085912274319
1475.0,0.00325815674,0.842195770963935,0.7702778538849092
1475.1,0.00325850831,0.8406667138371356,0.7703359168003329
1475.2,0.003258871265,0.8392796692646494,0.7704217136957024
1475.3,0.003259241575,0.8381052916652549,0.7702739206109069
1475.4,0.00325961491,0.8371319257302079,0.7700817996537693
1475.5,0.003259986965,0.8362944211110581,0.7700492778866194
1475.6,0.003260354645,0.8355210929466356,0.7700415495686915
1475.7,0.00326071495,0.8347606390289077,0.7702416627375398
1475.8,0.00326106509,0.8339954350230876,0.7706729908425072
1475.9,0.00326140063,0.8332394358837424,0.7710668208975612
1476.0,0.00326171803,0.8324873197529171,0.7712234607072691
1476.1,0.00326201546,0.8317144376946515,0.7708572138357136
1476.2,0.003262290405,0.8309387910348508,0.7700481531964494
1476.3,0.003262544005,0.83024679870423,0.7690387846095922
1476.4,0.003262776305,0.8297789087439601,0.7675396040289285
1476.5,0.003262987645,0.8296707499920823,0.7660815845952121
1476.6,0.00326317891,0.8299346312086132,0.7651357767109225
1476.7,0.00326335169,0.8304109155044535,0.7643486318220095
1476.8,0.003263505505,0.8308805584734238,0.7634920640186378
1476.9,0.003263641195,0.8312265106564373,0.7626497087804307
1477.0,0.003263760625,0.8314751739981542,0.7618056570821907
1477.1,0.0032638656,0.8317191752163733,0.7607935678760955
1477.2,0.003263955825,0.8319121695362685,0.759726324869374
1477.3,0.00326403348,0.8318852712199685,0.7586129821320535
1477.4,0.003264099895,0.8315953964658217,0.7574269366575438
1477.5,0.003264155735,0.8311652747324335,0.7565334111581951
1477.6,0.00326420254,0.8307032595504259,0.756287116577339
1477.7,0.00326424055,0.8302291366703314,0.7566440957505663
1477.8,0.003264271285,0.8297036424671654,0.7573127209150299
1477.9,0.00326429557,0.8291269214541902,0.758078986779167
1478.0,0.003264314485,0.8285101954003639,0.7587630937122274
1478.1,0.003264329535,0.8278185046626376,0.7592688398639729
1478.2,0.003264342195,0.8269806607514812,0.7596928983235397
1478.3,0.003264352365,0.8259323803980168,0.7601055213858475
1478.4,0.00326436093,0.8247024908564334,0.7604025212721326
1478.5,0.00326436859,0.8233881490211364,0.7605053644492406
1478.6,0.00326437519,0.8220468774536127,0.7604267680842329
1478.7,0.00326438029,0.8207029355323335,0.7602979376526946
1478.8,0.003264382185,0.8193949082982702,0.760231040578729
1478.9,0.003264379225,0.8181445732716975,0.7601900365114144
1479.0,0.003264370665,0.8169917407147214,0.760095179262832
1479.1,0.003264355185,0.8160035024800523,0.7599937435192328
1479.2,0.0032643319,0.8151993867076247,0.7599107803404368
1479.3,0.00326430028,0.8145149970312255,0.7598274276041517
1479.4,0.00326425983,0.8139344181424715,0.7596953424826243
1479.5,0.00326420943,0.8135504589715351,0.7595244461254542
1479.6,0.00326415073,0.8135559693250495,0.7593935296763938
1479.7,0.00326408278,0.8140416909652209,0.7592791882701738
1479.8,0.003264006655,0.8147927075386175,0.7590748339512431
1479.9,0.003263922275,0.8155201621671121,0.7587537066333785
1480.0,0.003263829475,0.8161756366247278,0.7583404741020958
1480.1,0.003263729225,0.8168630045309625,0.7578746513097923
1480.2,0.00326362233,0.8175321323502507,0.7574039401993194
1480.3,0.00326350747,0.8180497285894854,0.7569745535986121
1480.4,0.003263383865,0.8184360942203945,0.7566076784085259
1480.5,0.00326325082,0.8187255857002376,0.7563290505560791
1480.6,0.003263109735,0.8188131230379372,0.756175087383312
1480.7,0.003262963445,0.8186583681838213,0.7561469889786183
1480.8,0.003262814725,0.8182867366224578,0.7561555592433772
1480.9,0.00326266373,0.8177088280874591,0.7560883794260729
1481.0,0.00326251167,0.8169223931984861,0.7558686878518074
1481.1,0.003262359415,0.8159242023982903,0.7555422009768756
1481.2,0.00326220637,0.8147884789549058,0.7552303727732657
1481.3,0.003262051415,0.8136126939220026,0.7550311769494721
1481.4,0.00326189367,0.8125232712711467,0.7549860134134841
1481.5,0.00326173299,0.8115741647145708,0.7550816120779329
1481.6,0.00326156717,0.810803896461393,0.7552721433891878
1481.7,0.003261395685,0.8102977230530466,0.7554798277963313
1481.8,0.003261217215,0.8100921686457222,0.7556558575158973
1481.9,0.003261031405,0.8100556884718287,0.755815582369591
1482.0,0.00326083816,0.8101639226219302,0.7559950364251494
1482.1,0.003260636305,0.8105255199363585,0.7561727877374895
1482.2,0.00326042566,0.8111636779352674,0.7562926017981122
1482.3,0.003260204615,0.812082260777621,0.7563628980753289
1482.4,0.003259972425,0.8132473455459461,0.7563908268340193
1482.5,0.003259730055,0.8145353042861383,0.7563398199356957
1482.6,0.003259477885,0.8157303975474904,0.7561636582692381
1482.7,0.003259215735,0.8165549525217223,0.7558584085606448
1482.8,0.00325894476,0.8168577455048606,0.755483830185372
1482.9,0.003258666095,0.8168106027655007,0.7550726334061288
1483.0,0.003258380125,0.8167861925905824,0.7545647195554523
1483.1,0.003258087495,0.8170440168164772,0.7539549364213907
1483.2,0.00325778817,0.8174843864251015,0.7533114628477118
1483.3,0.00325748294,0.8178414975452203,0.7526417569753755
1483.4,0.00325717212,0.8180928752229899,0.7518910168621324
1483.5,0.003256853605,0.8184433827153509,0.7510536818889858
1483.6,0.00325652464,0.8190393616912929,0.7501257622332655
1483.7,0.003256182835,0.8198360444555021,0.7491018229396811
1483.8,0.003255825965,0.8207292809283266,0.7480090073687592
1483.9,0.003255451915,0.8216511875757078,0.7468560994135596
1484.0,0.00325505863,0.8225159235199789,0.7456504378345208
1484.1,0.003254642885,0.8232310316893451,0.7444020568785784
1484.2,0.00325420343,0.8239058457913361,0.7430884941582595
1484.3,0.00325373888,0.8247271146596522,0.7417812900214714
1484.4,0.00325324931,0.8255323048567673,0.7405252435794544
1484.5,0.00325273477,0.8261779838284891,0.739296579259006
1484.6,0.003252193605,0.8267975750148153,0.7380921868833993
1484.7,0.00325162837,0.8274683176127274,0.736990851313201
1484.8,0.003251040935,0.8282136102043091,0.7359916049378736
1484.9,0.003250433595,0.8289971988103381,0.7350296178514178
1485.0,0.003249808215,0.8297619504268161,0.7342860657021663
1485.1,0.00324916725,0.8305104097437926,0.7336166739890952
1485.2,0.0032485121,0.8312241921610589,0.7329305941358485
1485.3,0.003247844985,0.831801340430635,0.7321646549973473
1485.4,0.003247167935,0.8321044727057799,0.7311168270332249
1485.5,0.00324648217,0.8320286346591225,0.7298808113859672
1485.6,0.003245788735,0.8313933606422693,0.7287167130777353
1485.7,0.003245090635,0.8301538389776102,0.727843953505827
1485.8,0.003244390335,0.8288396039564633,0.7271749199343184
1485.9,0.003243688155,0.8278483372264762,0.7264872253024476
1486.0,0.00324298574,0.8274478784109232,0.7259551840201915
1486.1,0.003242284215,0.827136785339994,0.7254059896420469
1486.2,0.00324158395,0.8267119289158932,0.7247381058934497
1486.3,0.003240886275,0.8261971538268612,0.7239349263156328
1486.4,0.00324019259,0.8256281925477402,0.7226825052715381
1486.5,0.003239503425,0.825106744715912,0.7210059943519499
1486.6,0.003238820395,0.8246695669654237,0.7191955761870951
1486.7,0.00323814553,0.8243308215959578,0.7173602703252385
1486.8,0.00323748058,0.8240674053351397,0.7148036547901178
1486.9,0.003236827865,0.8238607325208306,0.7116351261211161
1487.0,0.003236189215,0.8236842943942198,0.7097476069893569
1487.1,0.003235565305,0.8234755104296473,0.7101226063380452
1487.2,0.00323495576,0.8232012996564715,0.7116889290369015
1487.3,0.00323435876,0.8228570502166764,0.7134310364110966
1487.4,0.00323377202,0.8223712657446519,0.7153215966045445
1487.5,0.003233193605,0.821656182708027,0.717137613087508
1487.6,0.00323262298,0.8207922949937723,0.718654757294965
1487.7,0.003232058855,0.8199956562118602,0.719844327636432
1487.8,0.0032314996,0.8194762755479982,0.7209104208202424
1487.9,0.003230944225,0.8192642180438809,0.7218165566725027
1488.0,0.003230391775,0.8192749874234974,0.7225227050196206
1488.1,0.003229841405,0.8195404834186524,0.7233837150350046
1488.2,0.00322929308,0.8201913146023259,0.724811914471253
1488.3,0.003228747445,0.8212633391130663,0.7267120502391091
1488.4,0.00322820508,0.822659186428168,0.7286743078600972
1488.5,0.00322766586,0.8242742226627108,0.7305157272612577
1488.6,0.003227130115,0.8260936823312227,0.7322289319830397
1488.7,0.003226598565,0.8281611079078823,0.7338472606066835
1488.8,0.003226071965,0.83045001576662,0.7354432210906336
1488.9,0.0032255526,0.8328478175099165,0.7369928305165727
1489.0,0.003225041365,0.8352421383685529,0.7384739532226635
1489.1,0.003224539395,0.8375887887002635,0.7399011159333363
1489.2,0.00322404724,0.8398846017796538,0.7412997906818264
1489.3,0.00322356655,0.8420822903541021,0.7426814317149486
1489.4,0.00322309901,0.8440426127540155,0.7441293729194322
1489.5,0.0032226457,0.8455884397023997,0.7456318270396409
1489.6,0.00322220784,0.846658459877027,0.7470063932061073
1489.7,0.00322178618,0.8473755158338384,0.7482337443408265
1489.8,0.00322138374,0.8479680516242319,0.7493613373424235
1489.9,0.00322100351,0.8486334660810034,0.7503330382333641
1490.0,0.00322064736,0.8494593593737056,0.751127955422502
1490.1,0.00322031563,0.8503868894719369,0.7517786672256548
1490.2,0.0032200087,0.8512529009028253,0.7523291873558992
1490.3,0.003219726245,0.8519426564194769,0.7527930937766841
1490.4,0.003219469095,0.8524019886813584,0.7531209692355687
1490.5,0.00321923888,0.8526138765394723,0.7533488478002895
1490.6,0.00321903749,0.8526182622028167,0.7535865030013483
1490.7,0.003218866255,0.8524838648690962,0.7537915296211068
1490.8,0.003218725325,0.8522609374543975,0.753841870501788
1490.9,0.00321861503,0.8519692719924382,0.7537907693556847
1491.0,0.003218534775,0.8516502055593543,0.7537671068798178
1491.1,0.003218484125,0.8513822591219297,0.7537365014841866
1491.2,0.003218461915,0.851240497895029,0.7535152076976677
1491.3,0.00321846553,0.8512062671014756,0.753095918175749
1491.4,0.00321849246,0.8511774461304715,0.7527193228979926
1491.5,0.003218539805,0.8510854037489066,0.7523383985055595
1491.6,0.00321860418,0.8509903265888383,0.7517739045711919
1491.7,0.003218682365,0.851001485525944,0.7511370534748267
1491.8,0.003218770185,0.8511491780797744,0.7503847991139247
1491.9,0.003218863405,0.8513615497431571,0.7494254635316686
1492.0,0.003218957555,0.8515289275165551,0.7482292707128877
1492.1,0.00321904926,0.8515615812305966,0.7467119380098717
1492.2,0.00321913511,0.8514089186771879,0.744812650472032
1492.3,0.00321921335,0.8510801007405073,0.7428081509962238
1492.4,0.00321928249,0.850632675114783,0.7411205439713832
1492.5,0.00321934144,0.8500817402943084,0.7396543752463234
1492.6,0.00321938878,0.849357012568237,0.7382717351867373
1492.7,0.00321942397,0.8482877338094759,0.7373961167655141
1492.8,0.003219448305,0.8469602161345896,0.7371650714753984
1492.9,0.003219462405,0.8459605425026615,0.7371792840405633
1493.0,0.003219466435,0.8454180648496102,0.7374399356998463
1493.1,0.00321945999,0.8451437723950254,0.7376848354135642
1493.2,0.003219443215,0.8451084483272283,0.7375320157805231
1493.3,0.003219416735,0.8453244076894214,0.7370012311353284
1493.4,0.00321938099,0.8458193467624386,0.7363142088042856
1493.5,0.00321933842,0.8464825809539086,0.7350645900608377
1493.6,0.00321929181,0.8471507725785857,0.733280416761011
1493.7,0.00321924294,0.8478114809295623,0.7321534395115741
1493.8,0.00321919335,0.8484596040603686,0.7320585445638798
1493.9,0.003219144015,0.8489905143692692,0.7322640612720922
1494.0,0.003219096555,0.8492616652312005,0.7332637160544645
1494.1,0.003219052975,0.849225304437828,0.7350195898876677
1494.2,0.003219014395,0.8489831756088305,0.7367453484136935
1494.3,0.00321898301,0.8486663208569748,0.7384301908369991
1494.4,0.003218960855,0.848391048225482,0.7399581861054814
1494.5,0.00321895123,0.8482405345214483,0.7410191459268959
1494.6,0.00321895781,0.8482566571749466,0.7417047733908005
1494.7,0.003218985125,0.8484204849486461,0.742520770666644
1494.8,0.003219036635,0.8486285651964639,0.7437096875568392
1494.9,0.003219114555,0.8487796820862868,0.7452638020266434
1495.0,0.003219221665,0.8488265609318637,0.7464486474127595
1495.1,0.003219360035,0.8487444459830841,0.7472860577841298
1495.2,0.00321953137,0.8485307234348604,0.7496037174988333
1495.3,0.0032197376,0.848184582756288,0.7533130085112973
1495.4,0.003219979285,0.8477021660715881,0.7571603599545161
1495.5,0.003220256715,0.8471860652304563,0.7606937217783791
1495.6,0.00322056963,0.8468200319872012,0.7641495239628103
1495.7,0.003220918575,0.8468017102188455,0.767499504740298
1495.8,0.003221304665,0.8472441344290652,0.7704897543093939
1495.9,0.00322172782,0.8480578948909392,0.772993013034886
1496.0,0.003222187445,0.8490483385236512,0.7752506369139793
1496.1,0.00322268198,0.8501289018832241,0.7776216408719407
1496.2,0.003223210085,0.8513575724868576,0.7800760226989283
1496.3,0.00322377023,0.852791414223512,0.7824225976324154
1496.4,0.003224361325,0.854381481079644,0.7847479165500083
1496.5,0.00322498228,0.8559709573163571,0.78708262254645
1496.6,0.00322563227,0.8573529062255594,0.7893213151882128
1496.7,0.003226310115,0.858390322951628,0.791348597493945
1496.8,0.00322701486,0.8591016486434391,0.7931560437121494
1496.9,0.0032277463,0.8596484302784257,0.7947924993254044
1497.0,0.003228504335,0.8601368536882793,0.796284561057115
1497.1,0.00322928855,0.86056416055465,0.7977368062435342
1497.2,0.00323009836,0.8609488737078232,0.7991992050574094
1497.3,0.00323093331,0.8613392291614024,0.8006277814847763
1497.4,0.00323179256,0.8616326601984331,0.8019506684520912
1497.5,0.00323267451,0.8617058216081497,0.8031065420707559
1497.6,0.0032335772,0.8615022589705678,0.8040573827864765
1497.7,0.00323449822,0.8610511451150683,0.804735043171412
1497.8,0.003235435,0.8604769310930304,0.8050554479229662
1497.9,0.003236383675,0.8598625046850266,0.8050581748253895
1498.0,0.00323734131,0.8591989186351794,0.8048938632464214
1498.1,0.003238303945,0.8584273937449401,0.8045393659313904
1498.2,0.003239268595,0.8575245816977076,0.803874385014405
1498.3,0.00324023246,0.8565256369152751,0.803193721266893
1498.4,0.003241191955,0.8555092939927268,0.8025862314954683
1498.5,0.003242144635,0.8545555567285793,0.8017225071440315
1498.6,0.003243088775,0.8536519027345155,0.8007176624505955
1498.7,0.00324402324,0.8527032485672816,0.7998265182784783
1498.8,0.00324494627,0.8517773143981185,0.7988068515509026
1498.9,0.003245857925,0.8511454018854049,0.7975413928972954
1499.0,0.0032467578,0.8509925382700666,0.7961700311553358
1499.1,0.00324764613,0.8512314501081868,0.7944991374034123
1499.2,0.00324852452,0.8516529638777042,0.7929666936397323
1499.3,0.00324939403,0.8521138418031711,0.7921370304358457
1499.4,0.0032502548,0.8525388176077928,0.7913948291714351
1499.5,0.003251107225,0.852889840321349,0.7903713359840074
1499.6,0.00325195221,0.8531918918886211,0.789481944820591
1499.7,0.003252789965,0.8535100284102795,0.7881463218366584
1499.8,0.003253618635,0.8539056805890726,0.7861865209411253
1499.9,0.00325443729,0.8543665836472807,0.7838080525590191
1500.0,0.003255245745,0.8548149706003568,0.7807205455645535
1500.1,0.00325604455,0.8552338202993042,0.7777018959978693
1500.2,0.003256833945,0.8556772058368759,0.7737114387260943
1500.3,0.00325761616,0.8561536472123488,0.770529602270612
1500.4,0.00325839095,0.8566423659319118,0.7692086756571129
1500.5,0.00325915636,0.8570953647430034,0.7684823708515296
1500.6,0.00325990988,0.8575325299271211,0.7681816199036161
1500.7,0.00326064988,0.8580642130678146,0.7688843941802241
1500.8,0.00326137592,0.8586631200081097,0.7691369405304609
1500.9,0.00326208694,0.8591518387276728,0.7677817705570378
1501.0,0.00326278347,0.859385108265387,0.7660896019396641
1501.1,0.003263466475,0.8592392755344075,0.7648016369162867
1501.2,0.0032641372,0.8586087327560907,0.7637188241763738
1501.3,0.00326479733,0.8575941805413552,0.7623674178309497
1501.4,0.003265448015,0.8564524252400758,0.76168168983608
1501.5,0.003266089295,0.8553088038327601,0.7617847717742297
1501.6,0.00326672112,0.8541105312796424,0.7619530229103852
1501.7,0.00326734577,0.8528113319209357,0.7623388796032845
1501.8,0.003267963175,0.8514104140752912,0.762785695760034
1501.9,0.003268574275,0.8499344875634492,0.7623990348194155
1502.0,0.003269181595,0.848360103537844,0.7612178965126306
1502.1,0.003269787775,0.8467139341201042,0.7601882520867871
1502.2,0.00327039533,0.8451869001789738,0.7594752802004257
1502.3,0.00327100446,0.8437155289764797,0.7587550512350342
1502.4,0.003271615235,0.8422244285721211,0.7586332831037811
1502.5,0.00327222806,0.8409904361105321,0.7587971862757041
1502.6,0.00327284444,0.840316457672187,0.759800309376366
1502.7,0.00327346721,0.8400744293741543,0.7617229954962895
1502.8,0.003274097195,0.8397407168361195,0.763857079385873
1502.9,0.003274736015,0.8389327243383575,0.765865951958655
1503.0,0.003275385815,0.8378544480582364,0.7677622675498443
1503.1,0.003276048705,0.8369248130929273,0.7697632861409924
1503.2,0.00327672526,0.8360824829874616,0.7716757935007182
1503.3,0.00327741528,0.8350880935143767,0.7733875091075826
1503.4,0.003278118155,0.8339740659098578,0.7751506588693715
1503.5,0.003278833055,0.8329139291857187,0.7769474927875921
1503.6,0.00327955833,0.8320042998824276,0.7786933009579333
1503.7,0.003280292455,0.8314116384283279,0.7804116390421113
1503.8,0.00328103309,0.8314449644431973,0.782120458100549
1503.9,0.00328177843,0.8320158546602076,0.7838042512319082
1504.0,0.0032825263,0.8326817592054331,0.785355632516104
1504.1,0.003283273295,0.8336447704510938,0.7866855755005188
1504.2,0.003284017445,0.8347753039834148,0.7878802603548258
1504.3,0.003284756385,0.8358257206198837,0.7889925035347174
1504.4,0.00328548853,0.8369074840678502,0.7899560362847589
1504.5,0.003286213225,0.8379155457521633,0.7908260626710587
1504.6,0.003286929485,0.8386254388777244,0.7917704317059131
1504.7,0.00328763616,0.838981419024488,0.7930163559364002
1504.8,0.00328833366,0.83916145741628,0.794608502526869
1504.9,0.00328902285,0.8394504525244837,0.7965441382917106
1505.0,0.003289704385,0.8400269536259733,0.7988523229629706
1505.1,0.003290378295,0.840884884880557,0.8014600396441948
1505.2,0.003291043745,0.8419633622226078,0.8041966621551809
1505.3,0.00329169916,0.8432479406091047,0.8071118150934852
1505.4,0.00329234389,0.8447622887990999,0.8100799792662263
1505.5,0.00329297646,0.8464772590959533,0.8127624909853469
1505.6,0.003293596935,0.8483260235407377,0.8150367338895778
1505.7,0.00329420327,0.8502831101002181,0.816954424877182
1505.8,0.00329479458,0.8523569256763353,0.8185577681038683
1505.9,0.00329537,0.8545888764602634,0.8198808498499275
1506.0,0.003295929585,0.8569599055509659,0.8209585292274444
1506.1,0.003296474005,0.8593898143711821,0.8218070231376965
1506.2,0.003297003,0.8618050016882236,0.8224695033469296
1506.3,0.003297517305,0.864138206003377,0.8231478046167661
1506.4,0.00329801759,0.8662869297147262,0.8238233475682528
1506.5,0.003298504625,0.8681341547791106,0.8245119344124373
1506.6,0.003298979625,0.8695970750973665,0.8253713547819386
1506.7,0.00329944216,0.870687553323354,0.826259759485262
1506.8,0.00329989159,0.8714620187443171,0.8269726371238438
1506.9,0.00330032839,0.871919912156763,0.8274795770807979
1507.0,0.003300752795,0.872074956037403,0.8277350388290172
1507.1,0.003301165255,0.8720716259491902,0.8276998152921851
1507.2,0.003301567555,0.8720286301121332,0.8274080430160756
1507.3,0.00330195994,0.8719645541883704,0.8268315293482154
1507.4,0.003302341585,0.8718703880901718,0.8258609217315181
1507.5,0.00330271113,0.8717297641198118,0.824548175825289
1507.6,0.003303066635,0.8715349162602509,0.8230392877233259
1507.7,0.003303407755,0.871293698493123,0.8214279083026318
1507.8,0.00330373439,0.8710502313456551,0.8197593518956425
1507.9,0.003304047505,0.8708663664940111,0.8179668470920985
1508.0,0.003304346665,0.8707501841144959,0.815973468854284
1508.1,0.003304631875,0.870644394123479,0.8139019340744333
1508.2,0.003304903685,0.8704363452915876,0.8119419446833412
1508.3,0.003305162955,0.8700386196616433,0.809811812917316
1508.4,0.00330540982,0.8695591183749257,0.8073322418004317
1508.5,0.00330564419,0.8692690865411464,0.8048776463451436
1508.6,0.00330586501,0.8693537964454578,0.8023204464737893
1508.7,0.003306071195,0.8697650309238127,0.7994033520312251
1508.8,0.003306261285,0.8702826522957887,0.7963450618484378
1508.9,0.003306434255,0.8707707678295622,0.7932494369785554
1509.0,0.003306589825,0.8711927591211631,0.7900699630007485
1509.1,0.00330672746,0.8714545920192839,0.7872215123576652
1509.2,0.0033068483,0.8714379352950345,0.7850076697137924
1509.3,0.00330695388,0.8711336720465345,0.7829618017459217
1509.4,0.003307044305,0.8706525999634902,0.7811561022532325
1509.5,0.00330711903,0.8700568346158488,0.77986292218605
1509.6,0.00330717867,0.8692868616723805,0.778596527337832
1509.7,0.003307224065,0.8682694443251447,0.7770700400338234
1509.8,0.003307255505,0.8669256155012011,0.7751788578050302
1509.9,0.003307274,0.8652035200722092,0.7727140081913207
1510.0,0.003307280235,0.8631305150269969,0.7697735214498578
1510.1,0.0033072757,0.860778480005478,0.766426198459755
1510.2,0.003307260985,0.8582507922555113,0.7625026571115014
1510.3,0.003307237995,0.8556498048657513,0.7582800926912938
1510.4,0.00330721056,0.8530301815483702,0.7551591654341794
1510.5,0.003307181365,0.8504117520361975,0.7532670909930724
1510.6,0.00330715281,0.8478143397788771,0.7521466231236138
1510.7,0.0033071277,0.84542225573421,0.7519725788906049
1510.8,0.003307107595,0.8433309603365684,0.7525623186635367
1510.9,0.00330709404,0.8415295522594441,0.7529459573920225
1511.0,0.003307087745,0.8402146260879136,0.7531013845469662
1511.1,0.00330708863,0.8393164321818817,0.7534852243373819
1511.2,0.00330709782,0.8384908279157035,0.7539116704073654
1511.3,0.00330711582,0.8374868880009518,0.7542414119722862
1511.4,0.003307142815,0.8364362263202558,0.7548023119246582
1511.5,0.003307177555,0.8357955613304092,0.7554195280669382
1511.6,0.00330721932,0.8358673467225438,0.756105545088332
1511.7,0.00330726756,0.8365066105620668,0.7571178479227277
1511.8,0.00330732075,0.8374302890677047,0.7583582052510327
1511.9,0.003307376045,0.838497444109832,0.7598109279595351
1512.0,0.00330743173,0.8397104758652361,0.7616954877110147
1512.1,0.00330748522,0.8411523726454542,0.7637304920514892
1512.2,0.003307534185,0.8429527439970028,0.7655009240250492
1512.3,0.003307578415,0.8450883484174306,0.766937743991539
1512.4,0.00330761655,0.8472872747793843,0.7682872716645562
1512.5,0.00330764849,0.8493406197377706,0.7697198441977786
1512.6,0.00330767348,0.8512234327637347,0.7709777693122024
1512.7,0.003307690805,0.8528237600614734,0.7720112087819715
1512.8,0.00330770044,0.8541374735782398,0.7733698156577576
1512.9,0.0033077032,0.8554398522287118,0.7745741577678819
1513.0,0.00330769894,0.8567545584887568,0.7764110846915476
1513.1,0.00330768742,0.858168294032428,0.7795765911484166
1513.2,0.00330766664,0.8598563660129814,0.783080139257997
1513.3,0.003307635875,0.8616538973647713,0.7858514386686936
1513.4,0.00330759643,0.8634717045555472,0.7869281127365613
1513.5,0.003307549485,0.8653086440455838,0.7866410528494321
1513.6,0.00330749754,0.8671347136250387,0.786406275347244
1513.7,0.00330744165,0.8688860635648207,0.7876411851538877
1513.8,0.00330738308,0.8705378375838545,0.7903767897888542
1513.9,0.003307322335,0.8720675544451111,0.793073520356325
1514.0,0.00330725881,0.8734303584886826,0.7956442981911281
1514.1,0.00330719286,0.8746378044923484,0.7994551443277121
1514.2,0.003307123615,0.8757668928920487,0.8042621517956375
1514.3,0.003307049585,0.8767708328068005,0.8088381516725595
1514.4,0.00330696998,0.8775405732724123,0.8124423752603168
1514.5,0.003306884455,0.878026031018801,0.8150265048638978
1514.6,0.003306790705,0.8782774903779795,0.8168108603760983
1514.7,0.00330668837,0.8783809367408769,0.8181126044248545
1514.8,0.003306576705,0.8783539127608708,0.8191849745107868
1514.9,0.003306454545,0.8781873141024509,0.8200865047882169
1515.0,0.00330632038,0.8779024533301792,0.8207626069431958
1515.1,0.00330617343,0.8775771414109,0.8211955435436018
1515.2,0.003306013105,0.8773151765658879,0.8214380744964589
1515.3,0.00330583901,0.8771289115374566,0.8215409553726787
1515.4,0.003305649615,0.8769058835917928,0.8214890059965589
1515.5,0.00330544268,0.8764966848654775,0.8212739639794208
1515.6,0.00330521735,0.8758814479265691,0.8208713563144926
1515.7,0.00330497237,0.8751941868344845,0.820286737337586
1515.8,0.00330470769,0.8745639959145449,0.8194875789983658
1515.9,0.003304421115,0.87399791861748,0.8184326698844022
1516.0,0.00330411218,0.8733846357492021,0.8171238384026196
1516.1,0.00330378009,0.8727415014675297,0.8156550244565456
1516.2,0.003303422995,0.8722533733673856,0.8141204129939347
1516.3,0.003303040235,0.8720289756873251,0.812455858975986
1516.4,0.00330263199,0.8720043141849942,0.810583337807555
1516.5,0.003302199025,0.8720628546225013,0.8085499670952603
1516.6,0.00330174191,0.8721290228469712,0.806494963375953
1516.7,0.003301260835,0.8721134091314829,0.8044196963840299
1516.8,0.003300756255,0.87190911136122,0.8022259850658812
1516.9,0.00330022837,0.8714094787487783,0.7999020358826853
1517.0,0.00329967826,0.8705880653672001,0.7976463158087399
1517.1,0.00329910595,0.869464625551091,0.795704698451486
1517.2,0.00329851167,0.8679363224065286,0.7939833632879164
1517.3,0.003297896515,0.8659460606286264,0.7923036982093039
1517.4,0.003297261445,0.8636676205566105,0.7906798466657753
1517.5,0.003296609155,0.8614018411029885,0.7892071057288842
1517.6,0.00329594098,0.8592514837634594,0.7878169698292266
1517.7,0.003295259695,0.8572031465037627,0.7863287031414417
1517.8,0.003294568875,0.8554009907275869,0.7847862314140114
1517.9,0.00329387101,0.853968078902358,0.7834622511724532
1518.0,0.003293169725,0.8528199210352507,0.7824929441751146
1518.1,0.003292467,0.8518607111167007,0.7816828405270894
1518.2,0.00329176592,0.8510211267632142,0.7809934557183709
1518.3,0.00329106989,0.8502721836409689,0.780746715031358
1518.4,0.00329038301,0.8495813536996298,0.7806739431791302
1518.5,0.003289708165,0.848968887645442,0.7802163576427642
1518.6,0.00328904695,0.8485249680371191,0.7795743983167444
1518.7,0.003288400835,0.848195936472138,0.778978224562058
1518.8,0.00328777137,0.8480022195859324,0.7781032910080332
1518.9,0.00328715981,0.8480312667516074,0.7769536565923785
1519.0,0.00328656905,0.8483092348695971,0.7757594932424519
1519.1,0.003285999315,0.848829514028958,0.7743521539814233
1519.2,0.00328545142,0.8495164735281479,0.7725911153698976
1519.3,0.00328492538,0.8502638961195488,0.7706216383689916
1519.4,0.00328442215,0.851037280832639,0.7686365979180796
1519.5,0.003283943295,0.8518973609365974,0.7670312440720952
1519.6,0.00328348812,0.8529392701401605,0.7660327579621901
1519.7,0.003283056435,0.8541757381767604,0.7651544817535819
1519.8,0.00328264695,0.8555255548763018,0.763992896719473
1519.9,0.00328225856,0.8569497016580272,0.7633707922590238
1520.0,0.003281889815,0.858427349762643,0.7644029813749167
1520.1,0.003281541275,0.8598769560112332,0.7667326608231128
1520.2,0.00328121165,0.8612402752759996,0.7693415021945067
1520.3,0.003280900325,0.8625157053446894,0.7714548704221325
1520.4,0.00328060768,0.8637337133828566,0.7726816058046916
1520.5,0.003280333545,0.8649438171739076,0.7740888948002378
1520.6,0.003280077335,0.8662097407832275,0.7769342666825205
1520.7,0.003279838075,0.8675540973947371,0.7805278277048118
1520.8,0.0032796145,0.8689483676303267,0.7840048733387666
1520.9,0.00327940485,0.8703318182208175,0.7874245534908667
1521.0,0.003279207735,0.8715974465204278,0.7907322609976077
1521.1,0.00327902142,0.8725945503295655,0.7939457081583704
1521.2,0.00327884363,0.8732100951445539,0.7969068979954206
1521.3,0.00327867219,0.8734534491946863,0.79954438440863
1521.4,0.003278505165,0.8733983770754689,0.8020004249965387
1521.5,0.00327834266,0.8730383191414409,0.8042619067514107
1521.6,0.003278183935,0.8723553368985506,0.8062575972014182
1521.7,0.00327802929,0.8713702968052028,0.8079918317444235
1521.8,0.003277879305,0.8701066791248906,0.8094341117989454
1521.9,0.003277732735,0.8687709933091051,0.8105944339128076
1522.0,0.003277589525,0.8676352887152764,0.8115711173696967
1522.1,0.003277449045,0.8667522938345026,0.812443424552263
1522.2,0.003277310695,0.866115046897463,0.8131664558183016
1522.3,0.003277174485,0.8656650640153187,0.8137525827596818
1522.4,0.003277040075,0.8652866968793057,0.8143299949230408
1522.5,0.003276906275,0.8648845353205344,0.8148855039024193
1522.6,0.00327677213,0.8643666060724783,0.8152924972306917
1522.7,0.003276636545,0.8637429056829611,0.8155415249971566
1522.8,0.00327649728,0.8631213918419308,0.8156610625976257
1522.9,0.00327635264,0.8625654995882487,0.8155655958800685
1523.0,0.003276200875,0.8620956492741632,0.815237745553925
1523.1,0.003276040215,0.8617901356717869,0.8147671852398998
1523.2,0.00327587141,0.861669435682036,0.8141787460863266
1523.3,0.003275693895,0.8616115549789862,0.8136154836562791
1523.4,0.003275507685,0.8615042633066807,0.8132291305917406
1523.5,0.00327531228,0.8613729949992432,0.8129776460998208
1523.6,0.003275107315,0.861305632969565,0.8127569115167941
1523.7,0.00327489415,0.8613434137628171,0.8125821572838456
1523.8,0.003274673225,0.8614775409195693,0.8124695249040291
1523.9,0.003274445545,0.8616696241775951,0.8123347317296341
1524.0,0.003274211275,0.861901718759657,0.8120931683873144
1524.1,0.003273969375,0.8621806419218134,0.8117285865598654
1524.2,0.0032737207,0.8625165095924086,0.8112666593424521
1524.3,0.00327346411,0.862934768671937,0.8107226171762594
1524.4,0.00327320082,0.8634597099547959,0.8100408915704304
1524.5,0.003272930215,0.8640987978651303,0.8092334582761606
1524.6,0.00327265199,0.8648379706342229,0.8084557695811351
1524.7,0.00327236741,0.8656405407430648,0.8077457822077944
1524.8,0.00327207779,0.8664373554541654,0.8069697459905046
1524.9,0.003271785255,0.8671438179605487,0.806046029785755
1525.0,0.00327149135,0.8676743575615165,0.805098399777726
1525.1,0.00327119849,0.8679268599294561,0.8041334972932878
1525.2,0.00327090911,0.8678402273704406,0.8029606150919966
1525.3,0.003270624705,0.8674063608586093,0.8016271598069952
1525.4,0.003270347365,0.866654389241046,0.8004500553051775
1525.5,0.003270079185,0.865602439507362,0.7996253997999808
1525.6,0.003269822915,0.8642480989143997,0.7990790705543362
1525.7,0.003269579655,0.8627013546209605,0.7986070274085784
1525.8,0.00326935024,0.861121749268365,0.7981164928484616
1525.9,0.003269134615,0.8595990570082819,0.7977226942093341
1526.0,0.00326893261,0.8581127569574979,0.7975306360840495
1526.1,0.003268744095,0.8566617935408817,0.7974910708661702
1526.2,0.003268569295,0.8552649660488719,0.7975476195339349
1526.3,0.003268408405,0.8538392044885225,0.7978136495998409
1526.4,0.00326826101,0.8522632622329611,0.7983872227369774
1526.5,0.003268126695,0.85059016936618,0.7991732303693496
1526.6,0.003268004545,0.8490859936531971,0.7999742925137179
1526.7,0.00326789351,0.8478885127814283,0.8007849679316061
1526.8,0.00326779267,0.8468938217154488,0.8018085302340722
1526.9,0.00326770112,0.8459959608182381,0.8029998724337959
1527.0,0.00326761888,0.8451690559327014,0.8040433838496123
1527.1,0.003267545425,0.8444773086463074,0.8048343740479331
1527.2,0.003267481725,0.8440081746153468,0.8054470348808657
1527.3,0.003267428285,0.8437469072039038,0.8058407204226575
1527.4,0.0032673854,0.8435744337672216,0.8059499912983347
1527.5,0.00326735283,0.843443247141193,0.8058326528127232
1527.6,0.00326732985,0.8434154943116912,0.8056208277864622
1527.7,0.00326731451,0.8434220036916694,0.8054434094829434
1527.8,0.003267304265,0.8433634192718653,0.805440274173475
1527.9,0.003267298075,0.8431964687550683,0.8055637324815759
1528.0,0.003267297245,0.842917608424765,0.8057300735293981
1528.1,0.00326730278,0.8425662778351287,0.8060010421789555
1528.2,0.003267314515,0.8421844989294939,0.8063386691414368
1528.3,0.00326733205,0.8418416129409105,0.8066374597355345
1528.4,0.00326735718,0.8416760510080663,0.8068311640553694
1528.5,0.003267391675,0.8417901662196153,0.8067848632628409
1528.6,0.00326743697,0.8421792587529477,0.8064068731179462
1528.7,0.003267492125,0.8427533282617236,0.8057486591915367
1528.8,0.00326755741,0.8433770223680553,0.8048740272304067
1528.9,0.00326763132,0.8439306840909534,0.8038717397933907
1529.0,0.003267711945,0.8443941381223963,0.802888559522894
1529.1,0.00326779743,0.8448315483507408,0.8018422646559864
1529.2,0.003267886345,0.8452778115871833,0.8007322771396201
1529.3,0.00326797824,0.8457903875613577,0.8001455093133385
1529.4,0.00326806995,0.8465159572342602,0.8001997834680218
1529.5,0.003268158165,0.8475720098879498,0.800475508488857
1529.6,0.003268240385,0.8488064233229541,0.8009578372089624
1529.7,0.00326831516,0.8500304506526459,0.8017155705074523
1529.8,0.003268380205,0.8513094244378487,0.8024728828325268
1529.9,0.00326843545,0.852747293696285,0.8029475837656695
1530.0,0.00326848136,0.8543353687826747,0.8029963789827651
1530.1,0.003268518895,0.8560230951880362,0.8024991905294079
1530.2,0.0032685494,0.8576673545174427,0.8014241312401643
1530.3,0.003268572355,0.85914994120571,0.8001670480725716
1530.4,0.003268587685,0.860472074190788,0.7992932894741991
1530.5,0.00326859409,0.8616756748850458,0.798810131373633
1530.6,0.00326859185,0.8627410517857313,0.7984249909638589
1530.7,0.003268582715,0.863612875163029,0.7984752627295014
1530.8,0.003268565635,0.8642158159082912,0.7991667398389272
1530.9,0.00326853928,0.8644865583631776,0.8000601019754581
1531.0,0.00326850324,0.8643848147434985,0.8008431690771064
1531.1,0.003268456305,0.8639199972608439,0.8014379228319134
1531.2,0.003268399715,0.8631779467928808,0.8017606523620314
1531.3,0.003268333385,0.8622708181973421,0.8018158941272522
1531.4,0.003268257735,0.8612589426195473,0.8016033968001633
1531.5,0.003268174545,0.8601666799689325,0.8011336218843015
1531.6,0.00326808708,0.859041248383081,0.8004762122056113
1531.7,0.00326799699,0.8579342956452181,0.7996936728915286
1531.8,0.00326790627,0.8568632261786445,0.7987141745676218
1531.9,0.003267815945,0.8558141667102017,0.7976337368717551
1532.0,0.00326772743,0.8547883047619133,0.7968473773810056
1532.1,0.00326764228,0.8538027620137408,0.7964776684743459
1532.2,0.00326756195,0.8528832492599617,0.7961594062889813
1532.3,0.00326748694,0.8520418302163656,0.7957189675653186
1532.4,0.003267417055,0.8512837073603864,0.7953934922832214
1532.5,0.00326735305,0.8506361811321845,0.7951633454886047
1532.6,0.003267294315,0.8501516344476655,0.7948073590586558
1532.7,0.003267241405,0.8498799683645389,0.7943248544093616
1532.8,0.003267194775,0.8498336989879368,0.7937045532230955
1532.9,0.00326715583,0.8499809957010931,0.7928708750637977
1533.0,0.003267126325,0.8503105676200104,0.7918582894860633
1533.1,0.00326710662,0.850864279608391,0.7907457572796476
1533.2,0.003267096915,0.8516537241431262,0.7896069173763507
1533.3,0.003267096675,0.852588567869055,0.7885442359621622
1533.4,0.00326710554,0.8535243666391504,0.7875478924184467
1533.5,0.003267122215,0.8543442217907725,0.7866391553274694
1533.6,0.003267145565,0.8549506748366215,0.7860332991842245
1533.7,0.00326717478,0.8552783178176496,0.7858467702620103
1533.8,0.00326720806,0.8553105945405726,0.7857820094710493
1533.9,0.003267243905,0.8551472380057712,0.7856909912486895
1534.0,0.003267279775,0.854989222178481,0.7856635902775647
1534.1,0.00326731379,0.8550461729701052,0.7855806208155836
1534.2,0.00326734314,0.8553947389582063,0.7852683967712991
1534.3,0.003267365125,0.8559866150141427,0.7845953670939353
1534.4,0.00326737736,0.8567159168991176,0.7834532725006492
1534.5,0.003267376525,0.8574768986044113,0.7819550469641523
1534.6,0.003267359265,0.8581826762435962,0.7804533028438833
1534.7,0.00326732462,0.8587591647787153,0.7793839298373425
1534.8,0.003267270535,0.8591530011169547,0.7787037373287286
1534.9,0.003267195845,0.8593599629577877,0.7781698739227334
1535.0,0.003267098965,0.8594711753377249,0.7779894334070818
1535.1,0.00326698007,0.8596495675349662,0.7783721233745862
1535.2,0.003266838845,0.8600677826321975,0.779216294453347
1535.3,0.00326667556,0.8607823944299241,0.7802734152485387
1535.4,0.003266491055,0.8616982315202988,0.781287898348236
1535.5,0.00326628631,0.8626441776346653,0.7821290911971611
1535.6,0.003266062655,0.8635100257027358,0.7827254408810361
1535.7,0.003265821085,0.8642840324511714,0.7830362323590705
1535.8,0.003265562665,0.864964627083645,0.7832597189772615
1535.9,0.00326528947,0.8655199852665759,0.7836274549637349
1536.0,0.003265003115,0.8658952924913444,0.7840664359884062
1536.1,0.003264705365,0.8660741810602252,0.7843713715377343
1536.2,0.00326439862,0.8661005327394036,0.7847246813307424
1536.3,0.00326408502,0.866035966727187,0.7853912267608691
1536.4,0.00326376603,0.8658996781546888,0.7862171514694979
1536.5,0.00326344213,0.8656643477321937,0.7869681554765239
1536.6,0.003263113875,0.8652845731626719,0.787693392140605
1536.7,0.00326278349,0.8647419761290998,0.7883419865103093
1536.8,0.003262451315,0.8640648058326185,0.788686556392555
1536.9,0.00326211756,0.8632693420063591,0.7887278809023204
1537.0,0.00326178264,0.8623887661519284,0.7885341200338175
1537.1,0.003261447635,0.861516785694998,0.7879977307873289
1537.2,0.003261112815,0.8607332347880808,0.7870602544067565
1537.3,0.0032607787,0.8600507049345325,0.7860086879473763
1537.4,0.003260444775,0.8594351789690999,0.7852048486351023
1537.5,0.003260110155,0.8588861291042175,0.7847296199143937
1537.6,0.003259772815,0.8584131183479222,0.7844055394994347
1537.7,0.00325943232,0.8579623500676147,0.7841362924426515
1537.8,0.00325908825,0.857516369574511,0.784097562888418
1537.9,0.00325873954,0.8571109784584918,0.7842458020793703
1538.0,0.003258385435,0.8567755129117562,0.7843683556087869
1538.1,0.0032580253,0.8564753965655588,0.7843045749947337
1538.2,0.0032576595,0.856127063055314,0.7838472219362241
1538.3,0.003257287205,0.8557943872428548,0.7829118629891002
1538.4,0.00325691055,0.8555857917738418,0.78157536664241
1538.5,0.00325653274,0.855467510810434,0.7797608015752525
1538.6,0.003256156385,0.8554150776290457,0.7773649539025865
1538.7,0.003255783465,0.8555178391247447,0.7749913235731667
1538.8,0.003255416675,0.855785352022383,0.773355383181107
1538.9,0.003255058155,0.8559648249274974,0.7725851463438558
1539.0,0.003254709865,0.8560346750985574,0.7723653165395135
1539.1,0.003254372225,0.8560118859854481,0.7722968172532946
1539.2,0.00325404575,0.855647140795181,0.7725295652866285
1539.3,0.00325373008,0.8548414793591679,0.7734888191874756
1539.4,0.003253424345,0.8538631308581723,0.775143835330128
1539.5,0.0032531289,0.8530330655304261,0.7770654972908464
1539.6,0.00325284254,0.8524685087642053,0.7789194704962505
1539.7,0.00325256422,0.8520760547267338,0.7805230210680517
1539.8,0.00325229175,0.8517065028997065,0.7817502465390648
1539.9,0.00325202483,0.8512589201943498,0.7825849991230501
1540.0,0.00325176331,0.850791256428751,0.7830646826221414
1540.1,0.003251507265,0.8504257949553589,0.7832926114523446
1540.2,0.00325125692,0.8502382795730514,0.783554048509791
1540.3,0.003251012625,0.850306075142516,0.7840311559029064
1540.4,0.003250775225,0.8506825007742691,0.7846268898346214
1540.5,0.00325054617,0.8512789195731825,0.7852837340266339
1540.6,0.00325032814,0.8518952309367783,0.786021606176368
1540.7,0.003250124705,0.8524222142548622,0.786764699653092
1540.8,0.003249938345,0.852877261384364,0.7874610210983897
1540.9,0.0032497708,0.8532832996684699,0.7880625167110313
1541.0,0.003249623975,0.8535962462790645,0.788500115434935
1541.1,0.003249498815,0.8538026740491466,0.7888237497437373
1541.2,0.003249396825,0.8539607087259928,0.7890052961000029
1541.3,0.003249317875,0.8540754773888138,0.7890113907897508
1541.4,0.00324926058,0.8540406308431001,0.7889372931854234
1541.5,0.00324922289,0.8538080713053254,0.7888853563756741
1541.6,0.003249202045,0.8534457954068841,0.7887809486854248
1541.7,0.003249194315,0.8530007950906885,0.7885918185244933
1541.8,0.00324919624,0.8524852911521609,0.7886161218852614
1541.9,0.0032492036,0.8519762086290172,0.7889192918595184
1542.0,0.003249212585,0.8515601046820493,0.7892068983837691
1542.1,0.003249219205,0.8512791583342242,0.7894103856231275
1542.2,0.003249219095,0.851087866757547,0.7895624952562289
1542.3,0.00324920908,0.8508922586325639,0.7895241552594845
1542.4,0.0032491846,0.8507367874953231,0.7891313870627474
1542.5,0.00324914244,0.8507020917460568,0.788383562347487
1542.6,0.003249080795,0.8507005083833593,0.7872877496971735
1542.7,0.003248998065,0.850584483083477,0.7857717238967012
1542.8,0.00324889207,0.8504018623025239,0.7837425880513036
1542.9,0.00324876234,0.8502982651431791,0.7813688069254364
1543.0,0.00324860962,0.8501980043552323,0.7794741123960565
1543.1,0.003248434615,0.8500138316275084,0.7785377984047659
1543.2,0.00324823909,0.8498953244694296,0.7781390800315429
1543.3,0.00324802407,0.8499159270340518,0.7779977649107991
1543.4,0.0032477921,0.849939350748877,0.7781936180800092
1543.5,0.003247543985,0.8498980827877795,0.7788008502408362
1543.6,0.003247280275,0.8497996189908307,0.7797433531696544
1543.7,0.003247001915,0.849627051306369,0.7807924503372089
1543.8,0.003246709665,0.8493720230979358,0.7816594670777466
1543.9,0.003246404715,0.8490093702083761,0.7822052496862695
1544.0,0.003246087005,0.8484771655633021,0.7823859666620745
1544.1,0.003245757055,0.8477483223508545,0.7821843266791966
1544.2,0.00324541469,0.8468365190654473,0.7818831924569793
1544.3,0.003245062755,0.8456870103134987,0.7818632433436291
1544.4,0.003244702745,0.8442675633543831,0.7820730514674064
1544.5,0.00324433703,0.842600973584395,0.7822019949962804
1544.6,0.00324396623,0.8407358288755148,0.7824932457680094
1544.7,0.00324359232,0.8388861722184165,0.7831846663287673
1544.8,0.00324321673,0.8372327708543882,0.7840110245771823
1544.9,0.0032428411,0.8355893471886274,0.7848476244176479
1545.0,0.0032424654,0.8338801762718127,0.785687076824243
1545.1,0.003242090805,0.8323457533047611,0.7864219833105119
1545.2,0.003241718425,0.8310785981911208,0.7869933070673084
1545.3,0.003241349495,0.8299911798763779,0.787333579250804
1545.4,0.00324098478,0.8290695748218914,0.7874149088014203
1545.5,0.00324062563,0.8282991369227104,0.7873395231441046
1545.6,0.00324027258,0.8275991460971933,0.78726732306174
1545.7,0.00323992548,0.8269012287228279,0.7872065520934488
1545.8,0.00323958482,0.8261740379881161,0.7870782620158469
1545.9,0.003239249765,0.8254010051334032,0.7869544392829982
1546.0,0.00323891884,0.8245501675950315,0.7869019118538303
1546.1,0.003238589575,0.8235873951104123,0.7868100705341952
1546.2,0.003238259425,0.8224798894522423,0.7866389040000571
1546.3,0.003237925615,0.8211925653137662,0.7863496512812558
1546.4,0.003237585165,0.8197348537561299,0.7858806806131131
1546.5,0.003237234555,0.8181886749493685,0.7852865111945397
1546.6,0.0032368708,0.8165701515469803,0.7844876732977702
1546.7,0.003236490425,0.8148403654991726,0.7833715471093586
1546.8,0.00323609111,0.8131692267030219,0.7820033709423498
1546.9,0.00323567042,0.8118313669051201,0.7804203161210206
1547.0,0.003235225995,0.8108528299085653,0.778604400169022
1547.1,0.003234754905,0.8101966894333071,0.7767440746632722
1547.2,0.003234255125,0.8099144424661233,0.7750094505627779
1547.3,0.003233724935,0.8098936828218685,0.7732494486768279
1547.4,0.003233162855,0.8099521981266341,0.7715493318300407
1547.5,0.003232567675,0.8100550978524099,0.7704038254671328
1547.6,0.00323193869,0.8102325412886698,0.7698168628621068
1547.7,0.00323127525,0.8105100758668733,0.7693717557317609
1547.8,0.003230577015,0.8109273359199377,0.7689873818705941
1547.9,0.003229845415,0.8114642655203629,0.768730921095911
1548.0,0.00322908205,0.8120771588311517,0.768363254224476
1548.1,0.00322828824,0.8127578539945902,0.7677577436564231
1548.2,0.00322746656,0.8134931688879042,0.7669082255869659
1548.3,0.003226620645,0.8142293508607906,0.7657395468366452
1548.4,0.00322575339,0.8149208091206604,0.764350114653742
1548.5,0.0032248674,0.8155270296886529,0.7628980014142145
1548.6,0.0032239647,0.8160296342477448,0.7614239849907061
1548.7,0.0032230481,0.8164851651825153,0.7600187191808289
1548.8,0.00322211934,0.8169831704499624,0.7591928573040532
1548.9,0.00322117998,0.8175582766843139,0.7592598297762424
1549.0,0.003220230495,0.8181891650378225,0.7598427083108189
1549.1,0.003219270375,0.8188016248088251,0.7606630032854124
1549.2,0.00321829843,0.8192839095466335,0.7617990220385064
1549.3,0.00321731318,0.8195522455415473,0.7630758532575195
1549.4,0.00321631273,0.8196047541211595,0.7641849925438694
1549.5,0.00321529507,0.8195009998821818,0.7650693697254108
1549.6,0.003214258735,0.8192950936164803,0.7657242535636075
1549.7,0.00321320181,0.8189935572704036,0.7661075341505309
1549.8,0.003212122865,0.8185812797832877,0.7662070786553525
1549.9,0.00321102161,0.8181165251324862,0.7662273042288563
1550.0,0.003209898225,0.8177141122463025,0.7664746795175853
1550.1,0.003208753915,0.8173390374993904,0.7668395378051879
1550.2,0.003207588075,0.8167977662179182,0.7670533357516353
1550.3,0.00320640125,0.816078442031211,0.767296922279624
1550.4,0.00320519502,0.815350528730189,0.7675500780988356
1550.5,0.00320397093,0.8145863237508326,0.7675800174768243
1550.6,0.00320273155,0.8136781458633476,0.7674241442157237
1550.7,0.003201480075,0.8126522336495765,0.7670188284979282
1550.8,0.00320021857,0.811591864447581,0.7662256580343059
1550.9,0.00319894977,0.8105506463944017,0.7651678272391743
1551.0,0.00319767788,0.809590211254717,0.7638967388515319
1551.1,0.00319640702,0.8087531087594266,0.7622980703147143
1551.2,0.00319514067,0.8080066914776749,0.7603712938411559
1551.3,0.00319388315,0.8072750962300629,0.7584849370986786
1551.4,0.00319263921,0.8065098859410575,0.757297873748149
1551.5,0.003191413765,0.8057007310540135,0.756602218320494
1551.6,0.003190210545,0.8048565976743647,0.7558700198870925
1551.7,0.003189032415,0.8039421931502402,0.7554842134596758
1551.8,0.00318788242,0.8029421299608228,0.7555235776156252
1551.9,0.00318676433,0.8020345301263861,0.7555162200056305
1552.0,0.003185681305,0.8014112130111727,0.7554605070015117
1552.1,0.0031846354,0.8010656252529073,0.7551251608352969
1552.2,0.00318362962,0.8008299366888495,0.7543015546220465
1552.3,0.003182665935,0.8005658041449063,0.7530745993280017
1552.4,0.003181747205,0.8003193085021203,0.7514840675161569
1552.5,0.003180875735,0.8001947192206643,0.7496657890864828
1552.6,0.00318005441,0.8001525590472531,0.7474265435244131
1552.7,0.00317928574,0.8000866547165661,0.744254980076908
1552.8,0.003178572025,0.7999085075635516,0.741310666875593
1552.9,0.00317791521,0.7996047909521733,0.740426522171908
1553.0,0.00317731702,0.7992586628399714,0.7418205976287532
1553.1,0.003176777625,0.7989501521582035,0.744517001470588
1553.2,0.003176295555,0.7986474597060301,0.7474898905986801
1553.3,0.003175869055,0.7982767454897212,0.750272141601367
1553.4,0.00317549645,0.7978803016295795,0.7527317321889743
1553.5,0.00317517611,0.7976298601464206,0.7547130529941843
1553.6,0.00317490654,0.7976498406756973,0.7561155102202293
1553.7,0.003174686395,0.7978912280888286,0.7569213664349869
1553.8,0.003174515035,0.7982259270869567,0.7572512273804285
1553.9,0.003174391925,0.7985628943149808,0.7572565115392719
1554.0,0.003174315795,0.798845336060909,0.7570172604091451
1554.1,0.0031742848,0.7990515627690614,0.7566452644230335
1554.2,0.00317429622,0.7992231000111327,0.7563188969286226
1554.3,0.003174347935,0.7994401212316428,0.7561549183584759
1554.4,0.00317443844,0.7997355566047862,0.7561085358845383
1554.5,0.00317456562,0.8000725740982927,0.7561878548158562
1554.6,0.00317472693,0.8003989792918155,0.7565237099200808
1554.7,0.003174919495,0.8005775474182455,0.7571290319925745
1554.8,0.003175140315,0.8003804564615299,0.7577765707871471
1554.9,0.003175385825,0.8001478278087168,0.7582534331360355
1555.0,0.003175652185,0.8005821969753728,0.7585778025775186
1555.1,0.003175936155,0.8011039275505397,0.7587733792865753
1555.2,0.003176235185,0.8012379855922538,0.7587397830947378
1555.3,0.003176546865,0.8014902806150781,0.7584433172792038
1555.4,0.00317686824,0.801890142528027,0.7578227898982668
1555.5,0.003177195515,0.8021748336542955,0.7567623892803446
1555.6,0.003177524305,0.80240565274974,0.755466853018672
1555.7,0.003177851375,0.8026886034336782,0.754549985485907
1555.8,0.00317817409,0.8029678533214705,0.7541144287972281
1555.9,0.00317848837,0.8031266985292213,0.7535970587526643
1556.0,0.00317878843,0.8030966523370824,0.7529569466831247
1556.1,0.00317906994,0.8029225452722204,0.7525854722013937
1556.2,0.003179328965,0.8027083326355428,0.7521533712646337
1556.3,0.003179562795,0.8024733163723129,0.7513627203583194
1556.4,0.003179770105,0.8021657481683412,0.7504758738849522
1556.5,0.003179950285,0.801770705458523,0.7495546144056576
1556.6,0.003180102195,0.8012931896583627,0.7483854015845858
1556.7,0.003180224555,0.800680974931587,0.7469472370164402
1556.8,0.00318031831,0.7998295216410551,0.7454199391815269
1556.9,0.003180385675,0.7986157296202288,0.7443697550229142
1557.0,0.003180427415,0.7969498498501804,0.7441775775171089
1557.1,0.00318044416,0.7950101614308157,0.7447148149936139
1557.2,0.003180436525,0.7932135222913395,0.7454933142195441
1557.3,0.00318040647,0.7915432694243173,0.7460844865587261
1557.4,0.003180356785,0.78975969931028,0.7468473720691678
1557.5,0.00318029008,0.788250773509205,0.747992394626807
1557.6,0.00318020887,0.7874195080930652,0.7490577778106777
1557.7,0.00318011643,0.7869718625558552,0.7498355293375564
1557.8,0.00318001589,0.7864768920669114,0.7504679633546505
1557.9,0.003179909715,0.7859893043207036,0.7508063442993687
1558.0,0.00317980181,0.7857618215966573,0.750551611400645
1558.1,0.003179696275,0.7857041168227961,0.7496162775862624
1558.2,0.00317959655,0.7855256994928134,0.7481300780664433
1558.3,0.00317950608,0.7852820941152687,0.7470060664804713
1558.4,0.003179429105,0.7854109999450309,0.7467853507470007
1558.5,0.003179368275,0.7861580895276105,0.7471343628412587
1558.6,0.00317932514,0.7872939135019599,0.747349838398183
1558.7,0.00317930125,0.7884087516373834,0.7473889198107937
1558.8,0.0031792964,0.7892374912130298,0.7478869187950554
1558.9,0.00317930893,0.7897080138279432,0.7487900387183682
1559.0,0.003179336765,0.7898543492137474,0.7496773501474481
1559.1,0.00317937672,0.7898101721378525,0.7504321429152142
1559.2,0.003179425385,0.7898090474476827,0.7510397960494569
1559.3,0.00317947947,0.7900247554824634,0.7514941268958337
1559.4,0.003179536605,0.7904307309347162,0.7516717148453559
1559.5,0.003179594445,0.7909002293904246,0.7515448699003745
1559.6,0.003179651915,0.7914026831530692,0.7512697417821438
1559.7,0.00317970713,0.7920246619498121,0.7512028509913635
1559.8,0.003179758265,0.7928351425889558,0.751492719462325
1559.9,0.003179802925,0.7938152440986522,0.7518323821768458
1560.0,0.003179838555,0.7948943497592337,0.752223617276368
1560.1,0.003179862755,0.7960110477175082,0.7530305667653691
1560.2,0.00317987304,0.7971482351430693,0.7542083058689026
1560.3,0.003179865375,0.7983464322979632,0.7555057899180205
1560.4,0.00317983735,0.7996387578519438,0.7568371968846119
1560.5,0.003179787555,0.8009555626958812,0.7581203552712295
1560.6,0.00317971546,0.8022175530311989,0.759218360753215
1560.7,0.003179622265,0.8034998317718736,0.7600897945730236
1560.8,0.003179508695,0.8048697923635095,0.7607981483181845
1560.9,0.00317937606,0.806225640920946,0.7613973003027065
1561.0,0.003179227035,0.807480870548873,0.7618599940687272
1561.1,0.00317906375,0.8086823349601268,0.7621290651963218
1561.2,0.00317888696,0.8098958379544288,0.7622469691686111
1561.3,0.00317869707,0.8111238676731611,0.7622997290756355
1561.4,0.00317849482,0.8122944502286299,0.7622901660675979
1561.5,0.00317827983,0.8133157505843853,0.7621794500593001
1561.6,0.003178052005,0.8141579675925156,0.7619718536167509
1561.7,0.003177811235,0.8148627901875337,0.7617000555867329
1561.8,0.003177556475,0.8154848255329447,0.7613255400433132
1561.9,0.00317728722,0.8160408434503329,0.7608112173436234
1562.0,0.00317700348,0.8164772546522135,0.7602221184555928
1562.1,0.00317670452,0.8167881152452863,0.7595771620501816
1562.2,0.003176389585,0.8169856962904559,0.7588376562722677
1562.3,0.00317605758,0.8171177311465009,0.7580012009450641
1562.4,0.003175707475,0.8171219785797686,0.7570578309366736
1562.5,0.00317533943,0.817084637609488,0.7559416544827796
1562.6,0.00317495356,0.8171687631775658,0.7549031193497265
1562.7,0.003174549195,0.8171814175127746,0.7543509027594492
1562.8,0.00317412561,0.8171710753897589,0.7540677070312839
1562.9,0.003173683725,0.8172117904305494,0.7538723188177866
1563.0,0.00317322486,0.8171611856560853,0.7540955541085653
1563.1,0.003172751005,0.8169895290334932,0.7546836162710202
1563.2,0.00317226427,0.8167686625035754,0.7552948633872586
1563.3,0.003171767425,0.8165594575655873,0.7559505012076921
1563.4,0.003171263155,0.8164215604976508,0.7565330907157444
1563.5,0.003170754945,0.8164058399680123,0.7568110525505487
1563.6,0.00317024584,0.8164985546504049,0.7568462258218984
1563.7,0.00316973848,0.8165917217221399,0.7567911851186074
1563.8,0.00316923588,0.8165666392463936,0.7568436057336253
1563.9,0.00316874202,0.8163455465218046,0.7570842014654078
1564.0,0.00316825998,0.8159556685903088,0.7573731274585731
1564.1,0.003167791285,0.8156223707425041,0.7577825083972624
1564.2,0.00316733842,0.8153838170459464,0.7585846261167623
1564.3,0.00316690375,0.8148604716921554,0.7596762604488463
1564.4,0.00316648938,0.8138927669070702,0.760912376627069
1564.5,0.003166096575,0.8127755725771566,0.7623189242067488
1564.6,0.00316572756,0.8118092438096535,0.7636863778074476
1564.7,0.00316538372,0.8112794142086256,0.7648395119573183
1564.8,0.003165066495,0.811221885363953,0.765776504532622
1564.9,0.003164777435,0.81126252500652,0.7664232704954019
1565.0,0.00316451754,0.8111038117456606,0.7667783835625931
1565.1,0.003164288615,0.8107345238124163,0.7669392896551247
1565.2,0.00316409311,0.8102444793407535,0.7669074024896907
1565.3,0.00316393325,0.8097463735423416,0.7666387209195851
1565.4,0.00316381041,0.8093506773812513,0.7661892658250066
1565.5,0.003163725555,0.8091376334170408,0.7657263584306855
1565.6,0.003163678805,0.8093097298626044,0.7654235277484354
1565.7,0.00316366808,0.8101035851934253,0.7652752508583712
1565.8,0.003163690725,0.8113521483617416,0.7651263582161469
1565.9,0.00316374627,0.812632014359258,0.7650032015009409
1566.0,0.0031638354,0.8137249618770713,0.7650247088442473
1566.1,0.00316395845,0.8146431865778626,0.765033455038195
1566.2,0.003164114995,0.8154594728802301,0.7649437060192672
1566.3,0.00316430384,0.8162441296277614,0.7647945180673336
1566.4,0.003164522915,0.817041026020271,0.7645480349909183
1566.5,0.003164769945,0.8178137258661625,0.7641766861728932
1566.6,0.00316504279,0.8185016529758897,0.7637842132858657
1566.7,0.0031653406,0.8191213258436251,0.763382290488136
1566.8,0.003165663465,0.8196749373010406,0.762957534595
1566.9,0.00316601084,0.8200661661173774,0.7626423700199919
1567.0,0.00316638079,0.820224615484454,0.7625080669340509
1567.1,0.00316677262,0.8202118166359832,0.7624825195025919
1567.2,0.003167186435,0.82021400318447,0.7625604875490687
1567.3,0.003167621805,0.8204341031657806,0.7628688348680186
1567.4,0.00316807823,0.8209350740966926,0.7634736480025023
1567.5,0.003168555585,0.8216082168713921,0.7642806226242447
1567.6,0.00316905297,0.8223366453936093,0.7651559331693878
1567.7,0.003169568255,0.8230850984274005,0.7660605107916919
1567.8,0.003170099925,0.8238631829631002,0.7669949963760581
1567.9,0.00317064709,0.8246871096188014,0.7679193220497825
1568.0,0.003171209195,0.8255467059174915,0.7687389698562894
1568.1,0.003171784655,0.8264205084981608,0.7693907372345737
1568.2,0.003172371995,0.8273341087745659,0.7699090246241924
1568.3,0.0031729702,0.8283542970065222,0.7703680992754762
1568.4,0.00317357832,0.8294943307150273,0.7708263633958554
1568.5,0.00317419467,0.8306636440670642,0.7713653664474318
1568.6,0.00317481764,0.8317124333585385,0.7720261690461878
1568.7,0.00317544626,0.8325289709883185,0.7727359679239694
1568.8,0.00317607824,0.8331563784571667,0.7734094122915635
1568.9,0.00317671096,0.8337099019499881,0.7740713709964161
1569.0,0.0031773426,0.83414316527603,0.7747528138589062
1569.1,0.00317797138,0.8343593068505969,0.7753955271671629
1569.2,0.003178594015,0.8344632621515042,0.7759626726057302
1569.3,0.00317920762,0.8348262480498853,0.7764401255740375
1569.4,0.003179810515,0.835459410916475,0.7767754780234375
1569.5,0.003180401225,0.8362484596105361,0.7769458968585242
1569.6,0.00318097925,0.8369710950359001,0.7769847395100932
1569.7,0.003181543575,0.8376451865715807,0.7769564965921374
1569.8,0.003182093315,0.8385470310082761,0.7769047357115768
1569.9,0.003182627955,0.8395479361445246,0.7768586799632752
1570.0,0.003183146765,0.8406483103873711,0.7768555635033628
1570.1,0.00318364813,0.8415057766862418,0.7769294537625753
1570.2,0.00318413107,0.8420741096468322,0.7771063442785283
1570.3,0.003184593995,0.8424388736866552,0.7774249457558994
1570.4,0.00318503583,0.842584078099104,0.7778897129730715
1570.5,0.003185456385,0.842615230131857,0.7784261273523013
1570.6,0.003185856365,0.8425371741207859,0.7789718785448977
1570.7,0.0031862363,0.8423458385618117,0.7795110889415892
1570.8,0.003186596355,0.8418600352402312,0.7799841248306256
1570.9,0.003186936285,0.8410549958395634,0.7803270233855795
1571.0,0.003187255515,0.8402583884735781,0.7805611411533104
1571.1,0.003187553455,0.8397665470109172,0.780766946888047
1571.2,0.00318783093,0.839509589864595,0.7809863305862325
1571.3,0.00318809044,0.8391317316665917,0.781141343050946
1571.4,0.003188335745,0.8384279897794463,0.7811507678289067
1571.5,0.003188570905,0.8374697474714338,0.7810129273096378
1571.6,0.003188799035,0.8364497163191102,0.7806988057433907
1571.7,0.00318902165,0.8354924918871174,0.7801617379128889
1571.8,0.003189239495,0.8344825012649149,0.7793999582430611
1571.9,0.00318945414,0.8333504409185644,0.7783898796562643
1572.0,0.003189664745,0.8321641692493836,0.7771543917965723
1572.1,0.003189870405,0.8309724060762443,0.7757548185525833
1572.2,0.003190069995,0.8297168937049783,0.7742213254969572
1572.3,0.0031902618,0.8284310649646052,0.7725807292645849
1572.4,0.00319044551,0.8274032363793156,0.7708707855159772
1572.5,0.00319062153,0.8268900697857222,0.7692003001710985
1572.6,0.00319079053,0.826807427049377,0.76757655544172
1572.7,0.003190953765,0.8268851186357001,0.7658918826644178
1572.8,0.003191112885,0.8268623106730351,0.764120369982985
1572.9,0.003191269035,0.8268114797039001,0.762585406661997
1573.0,0.003191423975,0.8268488206741808,0.7615892453306555
1573.1,0.00319158099,0.8269451796040517,0.7609350526428426
1573.2,0.0031917418,0.8271711920627361,0.7603065518997508
1573.3,0.00319190755,0.8274671489402602,0.7597510429203723
1573.4,0.003192080275,0.8278195036891014,0.7592059388958627
1573.5,0.00319226179,0.8283206505492021,0.7585117788663108
1573.6,0.003192452805,0.8289368927977597,0.758186781106297
1573.7,0.00319265475,0.8296005102635334,0.7582193594221146
1573.8,0.0031928678,0.8302218858744869,0.7579386832512577
1573.9,0.00319309076,0.8307759685708006,0.7579311371457038
1574.0,0.00319332391,0.8313451560445927,0.7586242667328653
1574.1,0.003193567205,0.8319149906864715,0.7593841865798421
1574.2,0.0031938216,0.8323601229495585,0.7601190679333698
1574.3,0.00319408797,0.8326552253138809,0.7608791699927205
1574.4,0.00319436584,0.8329346008653793,0.7616989246133776
1574.5,0.003194654695,0.8333197161424122,0.7628931947774545
1574.6,0.00319495348,0.8337802359263167,0.7647541360353644
1574.7,0.003195261445,0.8342216485437018,0.7673368393558805
1574.8,0.003195578325,0.8345808582477134,0.7702937754764776
1574.9,0.00319590426,0.8348344161907847,0.7733647891095119
1575.0,0.00319623842,0.8350492005973252,0.7763787954022541
1575.1,0.00319657911,0.8353771451712482,0.779230858876889
1575.2,0.00319692463,0.8359355946813504,0.7818838207755101
1575.3,0.00319727403,0.8367349289497591,0.7843332765852169
1575.4,0.00319762694,0.83772289700746,0.7865851387833835
1575.5,0.003197983195,0.8388033221369561,0.7886044477269607
1575.6,0.00319834309,0.8398447035529533,0.7902618137809181
1575.7,0.003198706985,0.8407471825913647,0.7916207222495989
1575.8,0.00319907658,0.8414687498752266,0.7928026899368442
1575.9,0.00319945202,0.8420496366400606,0.7938094635681696
1576.0,0.003199834605,0.8426505290669128,0.7946333713743148
1576.1,0.003200224055,0.8435080896135632,0.7953497801630394
1576.2,0.003200619785,0.8446805068591418,0.7959829367464438
1576.3,0.003201021195,0.8459243073729951,0.7965113463475924
1576.4,0.00320142784,0.8469940887865807,0.7969862734754061
1576.5,0.003201839565,0.847958419501156,0.7974531769755827
1576.6,0.0032022562,0.8489895907410291,0.797858674905752
1576.7,0.003202675685,0.8500926290544456,0.7982130088579652
1576.8,0.003203097425,0.8511534317962274,0.79868591280011
1576.9,0.003203521675,0.8520536928702254,0.7994708711405359
1577.0,0.0032039493,0.8526993529923912,0.8005767683032673
1577.1,0.003204382365,0.853057852696463,0.8018299558959697
1577.2,0.003204822805,0.8531804753409178,0.8030873280900865
1577.3,0.00320527161,0.8532228742753707,0.8043303180730352
1577.4,0.003205729665,0.8532987563043255,0.8055447761115041
1577.5,0.003206198135,0.8534364271775912,0.8066404379653701
1577.6,0.00320667793,0.8536664168925752,0.8075279127572679
1577.7,0.003207170575,0.853932955896491,0.8081529765979968
1577.8,0.00320767624,0.8541900449897049,0.8084757124113
1577.9,0.003208195265,0.8545249701825041,0.8084765355085752
1578.0,0.003208728255,0.8550192935033611,0.8081912160637762
1578.1,0.003209275675,0.8556482592021656,0.8076997892913458
1578.2,0.003209838855,0.8563232743660867,0.8071023023509303
1578.3,0.00321041891,0.856912800510718,0.806451559131851
1578.4,0.00321101693,0.8572206200421021,0.8057228604326654
1578.5,0.003211633165,0.8571960402211805,0.8049499658080292
1578.6,0.00321226765,0.857117443856173,0.8042378610012401
1578.7,0.003212920255,0.8573013212741876,0.8035673948634816
1578.8,0.00321359057,0.8576826980559628,0.8028295729792301
1578.9,0.003214276715,0.8580538646616137,0.802054083399062
1579.0,0.00321497691,0.8585387003726569,0.8013804254031676
1579.1,0.00321569041,0.8593300926948374,0.8007649748359585
1579.2,0.003216416095,0.8603133420803727,0.8000027804759007
1579.3,0.00321715313,0.8612984827046853,0.7990108979937532
1579.4,0.003217900565,0.8622379320054443,0.7979558255169718
1579.5,0.00321865819,0.8631484912201607,0.7970857300156335
1579.6,0.003219425205,0.8641553025505979,0.7965019844014847
1579.7,0.003220200485,0.8653014623647777,0.7960586679789513
1579.8,0.003220981335,0.8665419830559006,0.7956490419960349
1579.9,0.00322176561,0.8677778353403404,0.7953291964479731
1580.0,0.0032225517,0.8689005148910273,0.7951493088526285
1580.1,0.00322333775,0.8698234519807988,0.7950206229343522
1580.2,0.00322412338,0.8704925358177898,0.7947968410064516
1580.3,0.003224907655,0.8709248378164796,0.7943933976778775
1580.4,0.003225690195,0.8712050490316239,0.793775578349808
1580.5,0.003226471145,0.8714271721986034,0.7930110843439274
1580.6,0.003227251795,0.8716510860733953,0.792071396282127
1580.7,0.003228032655,0.8718958349906659,0.79076902391484
1580.8,0.00322881489,0.8721588428444391,0.7891282329037231
1580.9,0.003229599965,0.8724571119341562,0.787595229936551
1581.0,0.003230389955,0.8728264187169563,0.7866450175393609
1581.1,0.0032311878,0.873265424874369,0.7862348763352494
1581.2,0.003231995035,0.8737137678451481,0.7859237644147644
1581.3,0.00323281361,0.8741042238296921,0.7855209368383507
1581.4,0.00323364637,0.8744215623868165,0.7852150399616705
1581.5,0.003234493965,0.8746834518336052,0.7850264061723784
1581.6,0.003235356575,0.8749152950882546,0.7847130197388121
1581.7,0.00323623489,0.8751215280795923,0.7842273860632349
1581.8,0.00323712909,0.8752716082438395,0.7837260632739458
1581.9,0.00323804012,0.8753542321306289,0.7831445858896927
1582.0,0.003238967905,0.8754310000887121,0.7823501839217502
1582.1,0.00323991179,0.8755613070687976,0.7815190944347988
1582.2,0.003240871465,0.875741948646379,0.7807410036159137
1582.3,0.003241846135,0.8759408742932044,0.7799043095276684
1582.4,0.003242835,0.8761192790568164,0.7793417068320783
1582.5,0.003243838845,0.8762307553305365,0.7793623973612949
1582.6,0.0032448588,0.8762490770988922,0.7794900277044395
1582.7,0.003245895795,0.8761948217937646,0.7793168819669296
1582.8,0.003246950805,0.8761441667538181,0.7789792612876336
1582.9,0.003248025325,0.8762432211701858,0.778797878294186
1583.0,0.003249119655,0.8765898393708419,0.7796036025620522
1583.1,0.00325023264,0.8770776533117206,0.7817003266317991
1583.2,0.003251362765,0.8775460019445177,0.784724329472365
1583.3,0.00325250882,0.8779359489910519,0.787809021599813
1583.4,0.00325366935,0.8782395839210214,0.7902870470531117
1583.5,0.003254842545,0.8784554490354348,0.7926551733122023
1583.6,0.00325602776,0.87858728282955,0.7952016666357932
1583.7,0.003257223205,0.8786420910549847,0.7974176204299293
1583.8,0.00325842759,0.8786191197295015,0.7990634882547745
1583.9,0.0032596406,0.878504156287936,0.8003454402698129
1584.0,0.003260861435,0.8782974457745151,0.8013576237236877
1584.1,0.00326208962,0.8780407839379022,0.8020620190621051
1584.2,0.003263324575,0.8778240077616193,0.8024866681410908
1584.3,0.003264566125,0.8777431431667158,0.8027605710381865
1584.4,0.003265813375,0.8778364798844539,0.8031009563190178
1584.5,0.003267064785,0.8780657847322394,0.8035811864552308
1584.6,0.003268318635,0.8783866230235801,0.8040577723439658
1584.7,0.0032695721,0.8787834061757284,0.8043991880671872
1584.8,0.00327082201,0.8792243601205862,0.8046939322899471
1584.9,0.003272064705,0.8797000475138222,0.8049705118239837
1585.0,0.003273297035,0.8801903872951945,0.8051168974752704
1585.1,0.00327451581,0.8806895235359968,0.8051061406620246
1585.2,0.00327571793,0.8812469740196351,0.8048896723618215
1585.3,0.00327690004,0.8818933441417407,0.8044435285059
1585.4,0.00327805952,0.8825578224039013,0.8039380336815667
1585.5,0.00327919412,0.8831594562466197,0.8036744226420042
1585.6,0.003280302,0.8836374495688635,0.8037444173263261
1585.7,0.00328138182,0.8838836436187547,0.8039436822651579
1585.8,0.003282432305,0.8838241732698221,0.8041837690589306
1585.9,0.0032834526,0.8834355079930907,0.8047632798061823
1586.0,0.003284440415,0.8827608007052499,0.8056888809665242
1586.1,0.00328539466,0.8819546491807828,0.8066433847792792
1586.2,0.003286314735,0.8812200065882967,0.8076093114229225
1586.3,0.003287199995,0.8806650882283373,0.8084691213499128
1586.4,0.003288050165,0.8803011095866776,0.8089583867065976
1586.5,0.00328886575,0.8800809153575875,0.8090457920974057
1586.6,0.003289646765,0.879968282977771,0.8087238605318218
1586.7,0.003290393155,0.8800046123552171,0.8078912379476556
1586.8,0.003291105635,0.8802046878249536,0.8067206930912987
1586.9,0.003291785285,0.8805318281511572,0.8056195774325859
1587.0,0.003292433115,0.8808579694508971,0.8047883434323727
1587.1,0.00329305076,0.8810983515543791,0.8039624061573734
1587.2,0.003293639505,0.8812746200349867,0.8030119110168444
1587.3,0.0032942002,0.8814259945354073,0.8022908715205485
1587.4,0.003294736125,0.8815586200108712,0.8017007359069422
1587.5,0.003295247995,0.8816684877891525,0.8009684620753169
1587.6,0.003295736145,0.8817674102586289,0.8001369955972473
1587.7,0.003296201895,0.8818900894517515,0.7990956016148795
1587.8,0.003296645975,0.8820704985514765,0.7976888089909725
1587.9,0.00329706876,0.8823104722479137,0.7959928830287851
1588.0,0.003297470245,0.8825946355866161,0.7940007928439586
1588.1,0.003297851225,0.8829059297194751,0.7918570705481137
1588.2,0.003298211495,0.8832355456206897,0.7900809837077775
1588.3,0.00329855066,0.8835920221390926,0.7889996161004853
1588.4,0.0032988678,0.8840021570600186,0.788208965194171
1588.5,0.00329916269,0.8844602138352827,0.787080637059893
1588.6,0.003299435475,0.8848957328248498,0.7863761474736961
1588.7,0.00329968614,0.8851835843933276,0.7870957669701127
1588.8,0.00329991466,0.885252378989256,0.788756959483922
1588.9,0.003300122755,0.8851599344838315,0.7907148125920098
1589.0,0.003300312975,0.8849916079494521,0.7929514569153623
1589.1,0.003300488795,0.884770351862045,0.7952465914107396
1589.2,0.003300653775,0.8844571790567793,0.7973265016766046
1589.3,0.00330081007,0.8840289485621684,0.7992628788573125
1589.4,0.00330095889,0.8834678789637933,0.8011166824167133
1589.5,0.003301101515,0.8827641936253157,0.8028258721830841
1589.6,0.00330123778,0.8820582400569421,0.8043547533806948
1589.7,0.003301366905,0.8814164817928521,0.8057024966290849
1589.8,0.003301486275,0.8809330409489472,0.8069237028085736
1589.9,0.0033015943,0.8806197236304194,0.8081152460702271
1590.0,0.003301688855,0.8803693638286695,0.8093661026011804
1590.1,0.00330177,0.8800757882783768,0.8105729831181688
1590.2,0.00330183857,0.8796963530008617,0.8116554125837779
1590.3,0.003301895055,0.8791260345537142,0.8126873566554437
1590.4,0.003301939745,0.8782711694935605,0.8137068286042748
1590.5,0.003301972745,0.8772336522365273,0.8147399287820373
1590.6,0.003301994705,0.8761991446252559,0.8159166185936246
1590.7,0.003302005125,0.8751934642681741,0.8172031636171226
1590.8,0.00330200367,0.8742189296606601,0.8183586916605955
1590.9,0.003301990925,0.8734239056573719,0.8193815816622337
1591.0,0.003301966835,0.8728589279177357,0.820494000771314
1591.1,0.00330193123,0.8725209051145801,0.8216344303204937
1591.2,0.003301883495,0.8724741833486359,0.8226874356293091
1591.3,0.00330182314,0.8726626663414807,0.8237321911158163
1591.4,0.00330174958,0.8729594965817623,0.8246963333348324
1591.5,0.00330166247,0.8733196361971992,0.8254497123859045
1591.6,0.003301559915,0.8737826755384119,0.8260088216304637
1591.7,0.00330144163,0.87444494840253,0.8263463920442773
1591.8,0.003301308305,0.875336538680804,0.8264013384997886
1591.9,0.00330116041,0.8763234951456704,0.8262194402851457
1592.0,0.00330099759,0.8771891672845523,0.8258382457157446
1592.1,0.00330081843,0.8777720583854995,0.8251968330268464
1592.2,0.003300621965,0.8780289841158953,0.824275435317475
1592.3,0.00330040915,0.8779625142985308,0.823167477269963
1592.4,0.00330018169,0.8775981900816792,0.8219440468428754
1592.5,0.003299940815,0.8770056291585444,0.8205773974898961
1592.6,0.003299688055,0.8762961507232135,0.8190526946105147
1592.7,0.00329942473,0.8755724283067914,0.8174232950143598
1592.8,0.003299151385,0.8748664307561208,0.8156712413578232
1592.9,0.00329886881,0.8742059109007034,0.8137256278947139
1593.0,0.00329857827,0.8736484541338799,0.8116673632022321
1593.1,0.003298280885,0.8733216342501269,0.809566033557655
1593.2,0.003297977655,0.8733389946911307,0.8073333476410458
1593.3,0.00329766901,0.8736773819190342,0.8050211291648184
1593.4,0.00329735628,0.8742599462943452,0.803002819247705
1593.5,0.003297040015,0.8749623310134642,0.8014533920341398
1593.6,0.00329672058,0.8757116197109014,0.8002096166530276
1593.7,0.003296398095,0.8764856578752634,0.799163441166641
1593.8,0.003296071915,0.8772329610861435,0.7983388987587798
1593.9,0.003295742235,0.8778328859024582,0.7976994401405123
1594.0,0.003295408605,0.8780797208372507,0.7970535475404901
1594.1,0.003295071045,0.8779462471317703,0.7962319519465381
1594.2,0.00329472994,0.8775729756590415,0.7952291241555856
1594.3,0.00329438673,0.8769676033210654,0.7941933661904383
1594.4,0.003294042705,0.8760647347251649,0.7932875256478875
1594.5,0.00329369951,0.8748955596032049,0.7925138016427907
1594.6,0.00329335871,0.8734049053050031,0.7917378973723925
1594.7,0.003293020055,0.8714286613135211,0.7910182338936789
1594.8,0.003292684095,0.8689553545323883,0.7905819357891336
1594.9,0.00329235256,0.8663409902411092,0.7905084225210395
1595.0,0.003292025495,0.8639276564637334,0.7907631365702074
1595.1,0.00329170298,0.8614907795910115,0.7912146274168252
1595.2,0.00329138447,0.8587689414150531,0.7916846599432847
1595.3,0.00329107023,0.8561020245618649,0.7920539290269729
1595.4,0.00329075984,0.8538351895331112,0.7921008769875882
1595.5,0.00329045431,0.8518239858985802,0.7918059694020104
1595.6,0.003290154305,0.8498030370436377,0.7913132294438509
1595.7,0.003289860495,0.8477664681900218,0.7904815053551836
1595.8,0.00328957471,0.8459285862221891,0.7892757746611063
1595.9,0.00328929859,0.8444087213954943,0.787843893278268
1596.0,0.00328903369,0.8431037666390462,0.7863275910176422
1596.1,0.003288779995,0.8419217298367624,0.7849593583019655
1596.2,0.00328853854,0.8409313301863476,0.7838462417593162
1596.3,0.00328831122,0.8402524068811656,0.7828697405148008
1596.4,0.003288101295,0.8399459759337345,0.7821296629670241
1596.5,0.003287909125,0.8399876774346182,0.7818806980324123
1596.6,0.00328773625,0.8402488882973935,0.7821813735821022
1596.7,0.00328758431,0.8405580147313215,0.7829993060790201
1596.8,0.003287453595,0.8408657211653701,0.7844787951569311
1596.9,0.003287344725,0.8411851268904605,0.786385452871136
1597.0,0.003287257445,0.8414705657157803,0.7880647409586299
1597.1,0.003287189895,0.8417148873764501,0.7894977533148236
1597.2,0.00328714016,0.8419503308962806,0.7904168953606698
1597.3,0.003287105965,0.8421059779627101,0.7905427224296313
1597.4,0.00328708364,0.8421591337104087,0.7903725612051424
1597.5,0.00328706946,0.842293009539749,0.7902324964382748
1597.6,0.003287059705,0.8426418394216328,0.7900564792850794
1597.7,0.003287050945,0.8430822530125545,0.7898857839898393
1597.8,0.00328704075,0.8434806383769561,0.7900674748593669
1597.9,0.00328702548,0.8438426817975411,0.7906091545478843
1598.0,0.00328700108,0.8441506898244843,0.7911849142335077
1598.1,0.003286964035,0.8443400336137162,0.7918393079832504
1598.2,0.003286912,0.844348804940405,0.7925726625227484
1598.3,0.00328684264,0.8441042759346201,0.7931279578738263
1598.4,0.00328675463,0.8435931513762518,0.7934531881116966
1598.5,0.003286647,0.8428732742692376,0.7934904850996799
1598.6,0.00328651878,0.8420321379689801,0.7932019486640036
1598.7,0.003286369105,0.8413887020944131,0.7926698005675974
1598.8,0.003286197985,0.8411648510514743,0.7919791842545588
1598.9,0.00328600578,0.8410836157486377,0.7913531025378101
1599.0,0.00328579256,0.8410776655721517,0.7908649995704072
1599.1,0.003285557935,0.8412962513058032,0.7903020450164399
1599.2,0.00328530251,0.8417179724204359,0.7898063519611859
1599.3,0.0032850281,0.8422921236106207,0.7897806097509823
1599.4,0.003284735755,0.8430421977062211,0.7900230213233187
1599.5,0.00328442622,0.8440344446131163,0.7902079731660208
1599.6,0.003284101965,0.8452960579573153,0.7905776003912716
1599.7,0.00328376524,0.8467475114623857,0.7912979361708132
1599.8,0.003283417185,0.8481345057693896,0.792039980355591
1599.9,0.0032830582,0.8489929773779096,0.7926577431349929
1600.0,0.00328268808,0.8489737068485724,0.7932989359124053
