time,kinetic_energy,convective_wavelength_z05_2pi,convective_wavelength_z_weighted_2pi
0.1,2.22194218e-12,0.047222790345006406,0.04770386343336026
0.2,3.59463408e-12,0.05879408536244519,0.05961050606214645
0.3,4.199768655e-12,0.0725458642734921,0.0737374885882361
0.4,4.597173455e-12,0.08685117302337748,0.08834268057814403
0.5,4.9403669e-12,0.10037347687514891,0.10206799289055336
0.6,5.2594112e-12,0.11255589648671256,0.11438822600368909
0.7,5.5571092e-12,0.12340189200821705,0.1253414830382095
0.8,5.8323855e-12,0.13312214555451599,0.13515876844352573
0.9,6.08469135e-12,0.14194093165523794,0.1440734020228346
1.0,6.3142691e-12,0.15003688692353281,0.15226762442437816
1.1,6.52180965e-12,0.15754039373770987,0.1598735069466763
1.2,6.7081848e-12,0.16454524497476058,0.16698610098873745
1.3,6.8743066e-12,0.17112015229256722,0.17367536039417916
1.4,7.0210673e-12,0.17731711470441344,0.17999446353016724
1.5,7.14932055e-12,0.18317698171125535,0.1859851784993497
1.6,7.25988015e-12,0.18873305733681367,0.19168125920151527
1.7,7.353526e-12,0.19401343558755238,0.19711061240420572
1.8,7.4310115e-12,0.19904253417821224,0.2022967177425955
1.9,7.49307035e-12,0.2038420910450005,0.20725958025038413
2.0,7.5404224e-12,0.20843181716854428,0.21201638066947553
2.1,7.57377775e-12,0.21282980498093568,0.21658194291896501
2.2,7.59383955e-12,0.21705277026836584,0.2209690696172344
2.3,7.6013058e-12,0.22111617406492018,0.22518879403768313
2.4,7.59686995e-12,0.22503426286496422,0.22925058179897648
2.5,7.58122095e-12,0.22882004977358764,0.23316249359954502
2.6,7.5550426e-12,0.23248526109952922,0.2369313341290764
2.7,7.51901275e-12,0.2360402622135902,0.2405627859003625
2.8,7.47380155e-12,0.2394939840353662,0.24406154308114628
2.9,7.4200703e-12,0.24285385894475714,0.24743144344101334
3.0,7.3584696e-12,0.24612577742798844,0.25067560281155754
3.1,7.2896377e-12,0.24931407990947035,0.2537965539447762
3.2,7.2141994e-12,0.2524215950792281,0.25679638599978394
3.3,7.1406426e-12,0.25550008570277793,0.25970181885041804
3.4,7.08136035e-12,0.2586543377181246,0.26254001093685037
3.5,7.0255676e-12,0.26180834154765165,0.2653042882596475
3.6,6.9711152e-12,0.26493823553851803,0.2679833913507391
3.7,6.91844965e-12,0.26804803024790524,0.2705787955020352
3.8,6.86795215e-12,0.2711362258794805,0.27308944827999687
3.9,6.82032225e-12,0.2742080594681973,0.2755163820119701
4.0,6.77801045e-12,0.2772917186399808,0.27787259472339987
4.1,6.74602425e-12,0.2804407254522331,0.2801684976523401
4.2,6.7192763e-12,0.28358777191066953,0.2823987400381832
4.3,6.69802855e-12,0.2867308543074956,0.2845666978363948
4.4,6.6826954e-12,0.2898686751649455,0.2866796149313156
4.5,6.67348065e-12,0.29299212763423493,0.28873992228734074
4.6,6.6708466e-12,0.2960959237866094,0.29075396403667503
4.7,6.67498235e-12,0.29917181317144204,0.2927270620372736
4.8,6.6859069e-12,0.302202894648575,0.29466219389065357
4.9,6.7040388e-12,0.30518251432476806,0.2965679945783825
5.0,6.7296549e-12,0.308089896847803,0.29844169635733275
5.1,6.7628633e-12,0.3109114604843199,0.3002943758548821
5.2,6.80377905e-12,0.31362453801500445,0.30212175108024397
5.3,6.85231705e-12,0.31620980550344446,0.30392417577675096
5.4,6.9085458e-12,0.3186490530219827,0.30570269169652714
5.5,6.9728203e-12,0.3209317493237258,0.30745861830848686
5.6,7.04496835e-12,0.3230366949414473,0.30918417640090146
5.7,7.125116e-12,0.3249568935483077,0.31087904364636454
5.8,7.2132391e-12,0.32668336772914003,0.3125371127887577
5.9,7.3092093e-12,0.3282124405639026,0.31415509143897974
6.0,7.4133141e-12,0.32954234082265726,0.3157274221196267
6.1,7.5251248e-12,0.33067788833685324,0.3172478323268062
6.2,7.64504585e-12,0.33162193127439016,0.31871123959192343
6.3,7.77362945e-12,0.33238759269610074,0.32011528520721405
6.4,7.91204075e-12,0.3329882683530597,0.3214573836419241
6.5,8.0611773e-12,0.33343502796114144,0.32273529494049163
6.6,8.2214184e-12,0.3337402745281422,0.3239448395280502
6.7,8.3922843e-12,0.3339183205218732,0.32508330306854727
6.8,8.5731526e-12,0.33397936732199923,0.32614889611080716
6.9,8.7637254e-12,0.3339362238300875,0.32714035699122035
7.0,8.9636184e-12,0.33380189498308677,0.3280585333114847
7.1,9.1729711e-12,0.33359099107179185,0.32890574733688976
7.2,9.39148575e-12,0.3333140691041559,0.3296851230671703
7.3,9.6194339e-12,0.3329802510086078,0.3304002042188395
7.4,9.8568834e-12,0.3326047427219095,0.3310592682602211
7.5,1.010348535e-11,0.3321911382260567,0.33166476374862924
7.6,1.03595377e-11,0.3317529601924676,0.3322281851432649
7.7,1.06249644e-11,0.33129745564707536,0.33275690010721937
7.8,1.090005185e-11,0.3308277203152809,0.33325702532138907
7.9,1.11847103e-11,0.33035382048826484,0.33374186103243225
8.0,1.14789223e-11,0.3298785182542882,0.3342174422398365
8.1,1.17826767e-11,0.3294075137190617,0.3346947890223121
8.2,1.20964543e-11,0.3289423852187345,0.33518188919334
8.3,1.24202376e-11,0.3284875140184212,0.335687757867199
8.4,1.275373925e-11,0.32804358435700187,0.3362176729195471
8.5,1.30976347e-11,0.327613952083749,0.3367775989781964
8.6,1.34513973e-11,0.3272009627117378,0.3373723621577814
8.7,1.38157134e-11,0.32680516790463826,0.3380022112724402
8.8,1.4190397e-11,0.32642908407816584,0.3386683193928696
8.9,1.45758597e-11,0.3260706786218737,0.3393648444133711
9.0,1.497207645e-11,0.3257331936593803,0.3400881992634528
9.1,1.537913945e-11,0.3254125325538655,0.3408276327847356
9.2,1.579728125e-11,0.32511132356174316,0.34157546755309265
9.3,1.622654275e-11,0.32482797075394526,0.34231927102975657
9.4,1.666720555e-11,0.32456260544904475,0.3430470127998197
9.5,1.711931855e-11,0.32431492856742106,0.3437470991297534
9.6,1.758332675e-11,0.3240827202597051,0.34440676949851706
9.7,1.80593564e-11,0.3238669116939594,0.3450162573228694
9.8,1.85474956e-11,0.32366385799438724,0.3455649025506182
9.9,1.904807285e-11,0.3234742961786252,0.3460449919434804
10.0,1.956130745e-11,0.3232960861937577,0.34645100195325235
10.1,2.008712875e-11,0.32312738078330433,0.3467780021644236
10.2,2.062607345e-11,0.32296722867300964,0.34702403473645244
10.3,2.11782105e-11,0.3228146408895063,0.3471884726074452
10.4,2.17437803e-11,0.32266878616737804,0.3472719861932741
10.5,2.23235523e-11,0.3225292385066612,0.3472778534317139
10.6,2.29173761e-11,0.3223937328190524,0.34720812264117484
10.7,2.352568235e-11,0.32226135301613396,0.3470669237593592
10.8,2.414845985e-11,0.32213205323065314,0.3468592022814224
10.9,2.47862915e-11,0.3220047785157968,0.34659059548122195
11.0,2.54396108e-11,0.32187797692479403,0.34626564358846085
11.1,2.610867095e-11,0.32175306971416145,0.34589114940787113
11.2,2.67939407e-11,0.3216291898043266,0.34547267795667946
11.3,2.749555055e-11,0.3215047192750728,0.34501541349108267
11.4,2.821418035e-11,0.32137943004677355,0.34452450759471415
11.5,2.895003975e-11,0.32125419234059377,0.3440064156121586
11.6,2.970413505e-11,0.3211290966344019,0.3434666177376408
11.7,3.047589365e-11,0.32100367860080387,0.34290990489995765
11.8,3.126672315e-11,0.3208763542487836,0.34233939418733983
11.9,3.20765749e-11,0.320748880356953,0.34176098299751684
12.0,3.29062138e-11,0.32062080642092555,0.3411783865779607
12.1,3.37561514e-11,0.3204921362106125,0.3405944480700229
12.2,3.462675275e-11,0.32036229481455814,0.34001254908403583
12.3,3.55187618e-11,0.32023244462204437,0.33943530782331705
12.4,3.64328641e-11,0.3201023098012362,0.33886478140273596
12.5,3.736933525e-11,0.31997200721938035,0.3383033077955455
12.6,3.83288912e-11,0.3198404630801077,0.3377514920724907
12.7,3.931189075e-11,0.31970912502931326,0.3372112933307504
12.8,4.031951745e-11,0.3195782965448471,0.3366839468445558
12.9,4.13524286e-11,0.3194471821754496,0.3361694419324921
13.0,4.24110808e-11,0.31931578129280197,0.33566794698392544
13.1,4.349628845e-11,0.3191844262774072,0.33517973029086845
13.2,4.46085326e-11,0.31905346898764225,0.33470518203912875
13.3,4.57490483e-11,0.31892328767126277,0.3342443367862254
13.4,4.69187308e-11,0.3187933633371624,0.33379643615169186
13.5,4.811756225e-11,0.31866342769332845,0.33336129603819875
13.6,4.934704635e-11,0.31853489319981804,0.33293905530414125
13.7,5.06072475e-11,0.31840646426382074,0.33252871806464823
13.8,5.1899775e-11,0.31827870511537726,0.3321302013816736
13.9,5.32249075e-11,0.31815203107303625,0.33174308491012033
14.0,5.4584321e-11,0.31802634914565525,0.3313670808801013
14.1,5.5978626e-11,0.3179014519881191,0.33100154840671525
14.2,5.7408678e-11,0.3177775613968692,0.33064620034839354
14.3,5.88755135e-11,0.3176550505931128,0.33030114477592354
14.4,6.0380423e-11,0.3175335143113975,0.3299657879282938
14.5,6.19240955e-11,0.31741331571983405,0.3296400745134734
14.6,6.350804e-11,0.3172937115176007,0.3293231663545425
14.7,6.51323815e-11,0.3171766513770982,0.329016247203613
14.8,6.6799137e-11,0.3170608064046342,0.3287181647244995
14.9,6.8509302e-11,0.3169465297152228,0.32842871659863515
15.0,7.02637385e-11,0.3168340751495505,0.3281482056755517
15.1,7.2063907e-11,0.3167232535837395,0.3278764673357941
15.2,7.3911793e-11,0.3166144426372268,0.3276134362342353
15.3,7.5807187e-11,0.3165070089649335,0.32735881077798035
15.4,7.7752197e-11,0.3164017718942235,0.32711291894930244
15.5,7.97484035e-11,0.3162987358233267,0.32687530207567406
15.6,8.17968745e-11,0.31619748920360535,0.32664579239604746
15.7,8.3899554e-11,0.316097921450998,0.326424158060885
15.8,8.6056588e-11,0.31600021666283434,0.32621028031798416
15.9,8.82702435e-11,0.3159047468036844,0.3260042942558292
16.0,9.0542219e-11,0.31581132589126315,0.32580577701604885
16.1,9.287355e-11,0.3157196184034752,0.32561433275796886
16.2,9.52672035e-11,0.3156297675969454,0.3254295838621521
16.3,9.77238165e-11,0.31554175399379947,0.3252515309569172
16.4,1.00244943e-10,0.31545584211613886,0.32507998554670503
16.5,1.02832308e-10,0.3153715443887836,0.3249143683218302
16.6,1.05487841e-10,0.3152888413338593,0.32475443046815444
16.7,1.082141115e-10,0.3152081357035442,0.32460003626887524
16.8,1.11012063e-10,0.31512932194032506,0.3244506648479306
16.9,1.138838195e-10,0.31505168941594364,0.3243056049487437
17.0,1.16831903e-10,0.31497597514803655,0.32416492191644186
17.1,1.198575005e-10,0.31490184612778244,0.32402831227317463
17.2,1.229631155e-10,0.31482948645251085,0.3238955416561301
17.3,1.26151354e-10,0.31475842551164224,0.3237660389237638
17.4,1.294239615e-10,0.31468907548213276,0.32363976072209716
17.5,1.32782629e-10,0.31462150485070234,0.32351662034317297
17.6,1.362298105e-10,0.31455570984743964,0.3233964380878913
17.7,1.397685255e-10,0.3144917382245531,0.3232789764518477
17.8,1.43400884e-10,0.31442926074313265,0.3231639319571918
17.9,1.47129735e-10,0.3143689107482572,0.32305165269238956
18.0,1.50955871e-10,0.3143102415054514,0.32294183203799803
18.1,1.5488392e-10,0.3142533830766511,0.32283441784357914
18.2,1.589157375e-10,0.314198613178647,0.32272962687902595
18.3,1.63054402e-10,0.31414601789107766,0.322627446577968
18.4,1.67302028e-10,0.31409533583343435,0.32252775504661013
18.5,1.71662614e-10,0.3140465933950954,0.3224305780460123
18.6,1.76137792e-10,0.3139997962309275,0.32233595955847144
18.7,1.80731387e-10,0.31395488590730736,0.3222438449202755
18.8,1.854462695e-10,0.31391182849503435,0.32215411600754074
18.9,1.90285745e-10,0.31387061708260455,0.3220669053954771
19.0,1.95252425e-10,0.3138311718735646,0.32198215779205386
19.1,2.003497295e-10,0.3137936442926804,0.32190000388752543
19.2,2.055819445e-10,0.3137576265612255,0.32182009056687755
19.3,2.109524395e-10,0.31372331848449275,0.32174252087434924
19.4,2.16463605e-10,0.3136903135403927,0.3216670937480106
19.5,2.22120156e-10,0.3136587267112164,0.32159377902857234
19.6,2.279253905e-10,0.31362879424473156,0.3215226276098353
19.7,2.33882521e-10,0.3136000015480614,0.3214533931909355
19.8,2.39996099e-10,0.3135724334442076,0.3213860349311684
19.9,2.46270601e-10,0.31354592782698926,0.3213202996181662
20.0,2.52709731e-10,0.31352040238667883,0.3212561652607802
20.1,2.593172825e-10,0.3134957088401031,0.3211934157174359
20.2,2.66098048e-10,0.3134720501341474,0.32113222000581815
20.3,2.730570595e-10,0.313449111481228,0.3210723896303676
20.4,2.801972515e-10,0.31342699466894675,0.3210138334848973
20.5,2.875251325e-10,0.3134054942371441,0.3209563812950855
20.6,2.95044765e-10,0.3133844449380465,0.32089989671581104
20.7,3.02761403e-10,0.31336416721410465,0.32084467568510183
20.8,3.106785235e-10,0.313344221242347,0.3207903506366174
20.9,3.18803294e-10,0.31332472326170174,0.320736996340263
21.0,3.27141067e-10,0.3133057323341108,0.3206846498668318
21.1,3.356961885e-10,0.3132870587073779,0.3206333639950805
21.2,3.444748305e-10,0.3132685974523083,0.32058286603476666
21.3,3.534821235e-10,0.3132505546573802,0.32053332060534545
21.4,3.627242465e-10,0.3132327179509302,0.32048466047673396
21.5,3.722081005e-10,0.3132151658727746,0.3204368341268128
21.6,3.819383535e-10,0.3131978148565488,0.3203897328564761
21.7,3.919225275e-10,0.31318056939783623,0.3203433340462567
21.8,4.02166767e-10,0.31316339305416196,0.3202975641828865
21.9,4.12676826e-10,0.31314640269277283,0.32025238116902405
22.0,4.234617495e-10,0.3131295706676534,0.32020780636749935
22.1,4.34525877e-10,0.31311273298766723,0.3201636029022263
22.2,4.45877535e-10,0.3130959826439568,0.3201198411448803
22.3,4.57525009e-10,0.31307924235334295,0.32007634202468016
22.4,4.69475658e-10,0.3130625429034335,0.32003308417879583
22.5,4.81735084e-10,0.3130457316128256,0.3199899155541428
22.6,4.94313674e-10,0.3130289310036327,0.31994683489408415
22.7,5.0721877e-10,0.31301205688117173,0.3199036901455354
22.8,5.20458715e-10,0.31299517898879964,0.3198605567067201
22.9,5.3404321e-10,0.31297822758315935,0.31981725425022006
23.0,5.4798133e-10,0.3129613101067198,0.3197738550326663
23.1,5.6228135e-10,0.31294438069222813,0.3197302641779607
23.2,5.76951005e-10,0.312927297968015,0.31968647163300673
23.3,5.9200057e-10,0.31291020519070534,0.3196424560349743
23.4,6.07441615e-10,0.3128930049709269,0.3195982230387303
23.5,6.2328166e-10,0.31287579721132613,0.3195537550513558
23.6,6.3953327e-10,0.3128584204340406,0.3195090501878952
23.7,6.5620739e-10,0.31284112470984554,0.3194641869881649
23.8,6.7331398e-10,0.31282372028654465,0.3194190982220821
23.9,6.9086254e-10,0.312806228526968,0.3193738705976039
24.0,7.088654e-10,0.3127887531036731,0.31932852861915323
24.1,7.27335035e-10,0.31277120668038433,0.31928305280885544
24.2,7.4628272e-10,0.31275359428364974,0.31923750599856365
24.3,7.657215e-10,0.31273596555063343,0.3191919340555307
24.4,7.85663505e-10,0.31271820235745146,0.31914626597976253
24.5,8.06122155e-10,0.3127004240846248,0.3191006330898321
24.6,8.2711145e-10,0.3126826257056051,0.3190550303591911
24.7,8.48642785e-10,0.31266480533543695,0.3190094577878396
24.8,8.70734455e-10,0.3126469328148307,0.31896392982710375
24.9,8.93396135e-10,0.31262901505529017,0.3189184621849469
25.0,9.16644745e-10,0.3126111048355721,0.31887304920650217
25.1,9.4049497e-10,0.3125933227928342,0.3188277914227346
25.2,9.64963645e-10,0.31257552629877017,0.31878267626727347
25.3,9.9006524e-10,0.31255777001709206,0.3187376528463178
25.4,1.015816895e-09,0.31254000054072484,0.31869270105367464
25.5,1.042233765e-09,0.31252236112629345,0.31864791576544216
25.6,1.069335455e-09,0.31250472171186205,0.31860328064533844
25.7,1.097138915e-09,0.31248711434167575,0.3185587360031032
25.8,1.1256623e-09,0.31246960498918025,0.3185143804847457
25.9,1.15492409e-09,0.31245210945969243,0.3184700846566486
26.0,1.18494085e-09,0.31243474273550337,0.31842599177543696
26.1,1.21573545e-09,0.31241750293165754,0.3183821357703113
26.2,1.24732833e-09,0.3124003435525836,0.3183384707740191
26.3,1.279738695e-09,0.31238333371332005,0.31829502254762
26.4,1.312986395e-09,0.31236634963511617,0.3182517357990832
26.5,1.34709765e-09,0.31234948116752204,0.3182086871832696
26.6,1.38209074e-09,0.31233275281496015,0.3181658823550459
26.7,1.417990445e-09,0.31231611305531115,0.31812334016396804
26.8,1.454818895e-09,0.3122996291186578,0.318081049928621
26.9,1.49260249e-09,0.31228324257137663,0.3180390562596205
27.0,1.53136493e-09,0.31226701373204674,0.3179973440773217
27.1,1.57112784e-09,0.3122508665741258,0.317955918408273
27.2,1.61192176e-09,0.31223482057548835,0.3179147811374298
27.3,1.653769205e-09,0.3122189184617944,0.317873978132045
27.4,1.69670247e-09,0.31220314515339925,0.3178334754629178
27.5,1.74074782e-09,0.31218745603968723,0.31779329323624134
27.6,1.785933585e-09,0.31217191897905966,0.31775345407148264
27.7,1.832291785e-09,0.3121565622458503,0.31771396990669376
27.8,1.879849215e-09,0.3121412413267973,0.31767477728170324
27.9,1.92863789e-09,0.31212612586790384,0.3176359547363272
28.0,1.97868849e-09,0.31211108078068583,0.31759742247411243
28.1,2.030037465e-09,0.3120961959146931,0.31755927976938664
28.2,2.082713025e-09,0.3120814354557695,0.3175214543655189
28.3,2.136756565e-09,0.312066780554359,0.31748395317401296
28.4,2.192194415e-09,0.3120522437768323,0.31744679755769895
28.5,2.24907226e-09,0.31203786722053095,0.3174099887732139
28.6,2.307422235e-09,0.31202357925714247,0.317373469015253
28.7,2.36728398e-09,0.31200948670081696,0.3173373155669955
28.8,2.42869877e-09,0.3119955198081977,0.317301500782426
28.9,2.49169956e-09,0.31198160506601635,0.31726596371464716
29.0,2.556333275e-09,0.3119678668813422,0.3172307929565717
29.1,2.62264127e-09,0.3119542970860343,0.3171959841099699
29.2,2.690665215e-09,0.3119408586092993,0.31716148251112963
29.3,2.7604569e-09,0.3119275470529075,0.31712729884146595
29.4,2.83205401e-09,0.3119143617885404,0.3170934425257567
29.5,2.90550656e-09,0.31190134177194684,0.3170599223604615
29.6,2.980861725e-09,0.31188840469339935,0.3170266830535494
29.7,3.05816872e-09,0.3118756278360772,0.3169937836669625
29.8,3.13748028e-09,0.3118629904654689,0.31696120849273746
29.9,3.21884359e-09,0.31185049572316703,0.31692893930963684
30.0,3.302315475e-09,0.3118381498923569,0.31689700439199453
30.1,3.38795179e-09,0.31182586249517025,0.31686531326194217
30.2,3.475806355e-09,0.31181374977053505,0.31683397022035586
30.3,3.565935015e-09,0.3118017664795172,0.3168029413380349
30.4,3.658400335e-09,0.31178989879910896,0.3167721995972824
30.5,3.75326162e-09,0.3117781586673625,0.31674176950252125
30.6,3.85058234e-09,0.3117665573940113,0.3167116278059657
30.7,3.95042021e-09,0.3117550798994107,0.3166817776492083
30.8,4.05284329e-09,0.3117436966525897,0.31665222217384187
30.9,4.15791872e-09,0.31173241016682246,0.316622933733851
31.0,4.265717395e-09,0.3117212719642284,0.3165939443734807
31.1,4.3763091e-09,0.3117102682217999,0.3165652591192793
31.2,4.489763715e-09,0.31169934364750634,0.31653681576771225
31.3,4.606155255e-09,0.311688516462585,0.3165086451063875
31.4,4.725560735e-09,0.31167781117145865,0.3164807427370754
31.5,4.84806084e-09,0.3116672315440384,0.31645311180136854
31.6,4.973727205e-09,0.31165677192545754,0.3164257522992669
31.7,5.10264565e-09,0.31164638644846326,0.31639864035466647
31.8,5.23490265e-09,0.31163614108650145,0.3163717916755303
31.9,5.37058445e-09,0.31162597426435584,0.31634517233265796
32.0,5.50977525e-09,0.31161589226521197,0.31631879237914573
32.1,5.6525701e-09,0.31160589446075115,0.3162926398769417
32.2,5.79905915e-09,0.3115960154084927,0.3162667324189646
32.3,5.9493372e-09,0.31158620609959115,0.3162410279078729
32.4,6.1035004e-09,0.3115764659057279,0.3162155376534002
32.5,6.2616518e-09,0.3115667985968143,0.31619026291218355
32.6,6.4238919e-09,0.31155723307550265,0.31616520619749705
32.7,6.5903277e-09,0.3115477360409109,0.3161403480314663
32.8,6.7610625e-09,0.3115383049797648,0.31611568087426883
32.9,6.9362051e-09,0.3115289160159603,0.31609118084980053
33.0,7.11587935e-09,0.3115195961671941,0.31606686743593587
33.1,7.3001938e-09,0.3115103674246149,0.3160427663937346
33.2,7.48927305e-09,0.31150116821300666,0.31601880860815834
33.3,7.6832309e-09,0.3114920180102439,0.31599503366327447
33.4,7.8821987e-09,0.311482909276504,0.3159714139130677
33.5,8.0863035e-09,0.31147382756046105,0.31594795061417513
33.6,8.2956805e-09,0.3114648507736127,0.31592467392588613
33.7,8.5104545e-09,0.3114558802699496,0.3159015304411256
33.8,8.7307778e-09,0.31144696694327284,0.31587854969086465
33.9,8.95678375e-09,0.311438113935175,0.3158557191087325
34.0,9.18861135e-09,0.3114293023961002,0.31583304749118857
34.1,9.42642535e-09,0.3114205430074635,0.315810505307262
34.2,9.67036895e-09,0.3114118232028942,0.3157881044950049
34.3,9.92059865e-09,0.3114031467523035,0.31576584568273564
34.4,1.017727665e-08,0.31139451491232856,0.3157437244722247
34.5,1.044056335e-08,0.3113859264263321,0.31572173960683486
34.6,1.071064105e-08,0.3113773775244032,0.31569987789187703
34.7,1.098767505e-08,0.311368854383534,0.31567812864593625
34.8,1.127184015e-08,0.3113603884196511,0.31565652391325755
34.9,1.15633301e-08,0.3113519450752353,0.31563502033986224
35.0,1.18623112e-08,0.3113435400582499,0.31561364620008425
35.1,1.216898395e-08,0.31133514320940536,0.31559238075941215
35.2,1.248354545e-08,0.3113267959977248,0.3155712466373129
35.3,1.28061999e-08,0.31131845821082216,0.31555020990458593
35.4,1.31371442e-08,0.3113101549814387,0.31552929632229093
35.5,1.347659955e-08,0.3113018668317,0.31550849143910187
35.6,1.382477775e-08,0.31129361638107317,0.31548781284793737
35.7,1.418189515e-08,0.31128536027557957,0.3154672285045525
35.8,1.45481832e-08,0.31127711108158973,0.31544675411691053
35.9,1.49238795e-08,0.311268872569015,0.3154263871717373
36.0,1.530922005e-08,0.31126063468475873,0.31540612766903287
36.1,1.57044469e-08,0.31125239365890983,0.31538596995393037
36.2,1.610981405e-08,0.3112441438366015,0.3153659089998816
36.3,1.65255749e-08,0.3112358770496928,0.31534594417856804
36.4,1.6952e-08,0.31122759078490975,0.315326072348397
36.5,1.73893598e-08,0.31121929069711896,0.31530629225273143
36.6,1.78379177e-08,0.31121097113145374,0.3152866038915714
36.7,1.829796165e-08,0.3112026220348175,0.3152670116631466
36.8,1.876978705e-08,0.3111942434072104,0.31524750802763457
36.9,1.92536963e-08,0.3111858283371285,0.3152280816753018
37.0,1.97499872e-08,0.31117737996616446,0.3152087439158819
37.1,2.025897985e-08,0.3111688989226369,0.3151894897228266
37.2,2.078099815e-08,0.3111603713835379,0.31517032160941
37.3,2.13163674e-08,0.311151802375416,0.3151512414605877
37.4,2.18654276e-08,0.3111431912699525,0.315132235453352
37.5,2.242853325e-08,0.3111345449786513,0.3151133205523033
37.6,2.300602875e-08,0.31112584151036377,0.31509448104947824
37.7,2.35982851e-08,0.311117079608453,0.3150757188298325
37.8,2.420567255e-08,0.3111082586446002,0.3150570326367289
37.9,2.482857905e-08,0.3110993943267688,0.3150384306383085
38.0,2.546739775e-08,0.3110904652921288,0.3150199002682005
38.1,2.61225324e-08,0.311081460859265,0.3150014383848124
38.2,2.679439335e-08,0.3110723942228668,0.31498305127132953
38.3,2.74834104e-08,0.31106326663957107,0.31496474269766295
38.4,2.819001245e-08,0.31105405423327365,0.3149464944425753
38.5,2.891465995e-08,0.3110447947030865,0.3149283310104893
38.6,2.96578049e-08,0.3110354465799865,0.3149102297819378
38.7,3.041990025e-08,0.3110260343683963,0.3148922077215212
38.8,3.12014449e-08,0.31101653356389336,0.3148742472363207
38.9,3.200292195e-08,0.31100695924612226,0.3148563571227955
39.0,3.282484725e-08,0.3109973045035792,0.3148385285844864
39.1,3.36677369e-08,0.31098756807962724,0.3148207653913045
39.2,3.453211715e-08,0.3109777612839998,0.31480307131316093
39.3,3.54185282e-08,0.31096786966537066,0.3147854457217372
39.4,3.632755615e-08,0.3109579045334735,0.3147678861037592
39.5,3.72597328e-08,0.3109478508086635,0.31475039245922704
39.6,3.82156797e-08,0.31093772545554094,0.31473296164654785
39.7,3.91959745e-08,0.31092751465109825,0.3147155886391735
39.8,4.0201248e-08,0.3109172278201134,0.3146982828618819
39.9,4.123212905e-08,0.31090685930771944,0.3146810455713102
40.0,4.228926585e-08,0.3108964059723239,0.31466386922763595
40.1,4.3373321e-08,0.3108858747254305,0.314646759485726
40.2,4.44849737e-08,0.31087526116880965,0.3146297056641652
40.3,4.562493455e-08,0.3108645671874168,0.314612712789502
40.4,4.679389245e-08,0.31085379340957064,0.3145957833750103
40.5,4.79926023e-08,0.3108429360653598,0.31457890925254933
40.6,4.92218078e-08,0.31083199075655465,0.31456209167875615
40.7,5.0482266e-08,0.31082098512917067,0.3145453507598237
40.8,5.1774774e-08,0.31080988336905135,0.31452866199132934
40.9,5.310015e-08,0.31079869552929346,0.31451203102813974
41.0,5.4459196e-08,0.31078742977803764,0.31449546541007734
41.1,5.5852772e-08,0.31077607417723196,0.3144789575973198
41.2,5.72817405e-08,0.310764621187054,0.31446250067836323
41.3,5.874697e-08,0.310753074577415,0.3144460984231188
41.4,6.0249394e-08,0.3107414337199964,0.31442975145990515
41.5,6.17899405e-08,0.31072970364134644,0.3144134673285445
41.6,6.33695275e-08,0.3107178717750945,0.31439722592284397
41.7,6.4989158e-08,0.31070593372301086,0.3143810341543074
41.8,6.6649849e-08,0.3106938963965994,0.31436489516452737
41.9,6.8352587e-08,0.31068175351267474,0.3143488152366892
42.0,7.0098447e-08,0.3106695019296442,0.31433278054778535
42.1,7.18884835e-08,0.31065713662095973,0.3143167973810009
42.2,7.3723794e-08,0.31064465193175433,0.31430085819651365
42.3,7.56054955e-08,0.3106320528885764,0.31428496299432357
42.4,7.7534735e-08,0.3106193294383294,0.31426910863283797
42.5,7.9512678e-08,0.3106064784394206,0.31425329699701243
42.6,8.1540527e-08,0.31059350177680567,0.31423752683020995
42.7,8.36195445e-08,0.31058039630889195,0.31422178996428957
42.8,8.5750962e-08,0.3105671689471833,0.3142060964523478
42.9,8.79360675e-08,0.3105538002138052,0.3141904318430585
43.0,9.01761915e-08,0.31054029073707623,0.314174794251466
43.1,9.24726775e-08,0.31052664617186315,0.3141591887041186
43.2,9.482688e-08,0.31051285206683976,0.3141436070328753
43.3,9.7240246e-08,0.31049890716536904,0.31412804609614353
43.4,9.97142175e-08,0.31048481335240646,0.3141125065222418
43.5,1.0225025e-07,0.31047056057485567,0.31409698077134773
43.6,1.048498695e-07,0.3104561500893537,0.31408147135673553
43.7,1.075146205e-07,0.31044156870121126,0.3140659688536271
43.8,1.102460635e-07,0.31042682457856946,0.3140504808018449
43.9,1.130458455e-07,0.310411893845324,0.31403498709519595
44.0,1.159156015e-07,0.31039679346607524,0.31401949967173226
44.1,1.188570155e-07,0.31038151213108967,0.31400401161995006
44.2,1.21871838e-07,0.31036602784921863,0.31398851037347875
44.3,1.249618355e-07,0.3103503525585143,0.3139730047287777
44.4,1.28128779e-07,0.3103344705510133,0.3139574852610689
44.5,1.313745695e-07,0.3103183862249455,0.31394195322698965
44.6,1.34701095e-07,0.3103020870139402,0.3139263979451246
44.7,1.38110244e-07,0.31028555783835254,0.31391081627388134
44.8,1.41603981e-07,0.31026880121145683,0.3138952088415783
44.9,1.45184339e-07,0.31025180833679356,0.3138795681083931
45.0,1.488533785e-07,0.31023457418781447,0.3138638959592815
45.1,1.52613172e-07,0.31021708619814903,0.31384818485442084
45.2,1.564658895e-07,0.31019934625275275,0.31383243542212985
45.3,1.604136725e-07,0.31018133487375116,0.3138166413792232
45.4,1.644588395e-07,0.31016305960096674,0.31380080146906386
45.5,1.68603683e-07,0.31014449781493225,0.3137849006120069
45.6,1.7285048e-07,0.310125643860781,0.31376894446291936
45.7,1.7720164e-07,0.31010651030488356,0.3137529355350752
45.8,1.816595695e-07,0.31008706196140223,0.3137368606337853
45.9,1.862268125e-07,0.31006728814892204,0.3137207203873682
46.0,1.909058675e-07,0.31004718949576143,0.3137045122825498
46.1,1.956993755e-07,0.3100267352143124,0.3136882262662336
46.2,2.006100045e-07,0.3100059309594418,0.31367186987824197
46.3,2.05640472e-07,0.3099847541116825,0.3136554318088413
46.4,2.107935085e-07,0.30996318896307123,0.3136389101730761
46.5,2.16071958e-07,0.3099412223189188,0.3136222993160795
46.6,2.214787245e-07,0.3099188541792252,0.3136056067776739
46.7,2.270167785e-07,0.30989605187142694,0.31358881370830344
46.8,2.32689097e-07,0.3098728009441977,0.3135719232495607
46.9,2.384987825e-07,0.3098490750081593,0.3135549316315345
47.0,2.44449026e-07,0.3098248809748155,0.31353783634095067
47.1,2.505430035e-07,0.30980017611850613,0.3135206248114387
47.2,2.567840005e-07,0.30977497803215026,0.31350330458282094
47.3,2.631754055e-07,0.3097492433617691,0.31348586685863794
47.4,2.69720591e-07,0.30972297713391095,0.31346831163888966
47.5,2.764230985e-07,0.3096961787202573,0.3134506370386206
47.6,2.832864175e-07,0.30966881481992603,0.31343283488968976
47.7,2.903143445e-07,0.30964087035327237,0.31341490079386747
47.8,2.97510463e-07,0.3096123340105627,0.3133968347511537
47.9,3.04878719e-07,0.3095832101900269,0.31337863613323
48.0,3.124228635e-07,0.30955346621910124,0.31336029740027393
48.1,3.20147015e-07,0.30952311277920075,0.31334181855228554
48.2,3.28055193e-07,0.30949212222431016,0.3133231983326277
48.3,3.3615158e-07,0.3094604914128367,0.3133044354846634
48.4,3.444404845e-07,0.3094282058934543,0.3132855268668
48.5,3.5292612e-07,0.3093952474449255,0.31326647310735595
48.6,3.616129545e-07,0.3093616198371615,0.31324727483464987
48.7,3.70505485e-07,0.30932729102591716,0.31322792890708906
48.8,3.796085825e-07,0.30929227609083737,0.31320843155476236
48.9,3.88926848e-07,0.30925655869564017,0.3131887871758995
49.0,3.984651755e-07,0.30922009171643583,0.3131689894873151
49.1,4.082285715e-07,0.3091829172505659,0.31314904351555745
49.2,4.18222127e-07,0.3091449900590961,0.3131289461190339
49.3,4.28450948e-07,0.30910632082344164,0.31310869792606294
49.4,4.38920404e-07,0.3090669032604171,0.3130883014499188
49.5,4.4963596e-07,0.30902671475055526,0.31306775229237166
49.6,4.6060314e-07,0.3089857754000493,0.3130470649047478
49.7,4.718277075e-07,0.3089440085540383,0.3130262229507653
49.8,4.83315513e-07,0.30890143871694514,0.3130052383684764
49.9,4.95072449e-07,0.3088580325878875,0.3129841048746957
50.0,5.0710476e-07,0.3088137719456282,0.31296282435437883
50.1,5.19418625e-07,0.30876866118839674,0.31294139932079984
50.2,5.3202064e-07,0.3087226701569038,0.3129198247474106
50.3,5.4491727e-07,0.3086757674352228,0.3128981037758037
50.4,5.58115205e-07,0.3086279291472495,0.31287623891925326
50.5,5.7162148e-07,0.30857912953192423,0.31285422452289247
50.6,5.85443345e-07,0.3085293842972102,0.31283206749822523
50.7,5.99587825e-07,0.30847866768204774,0.3128097722434812
50.8,6.14062585e-07,0.3084269363324581,0.3127873324754752
50.9,6.28875215e-07,0.3083742304608274,0.31276475699066647
51.0,6.44033425e-07,0.30832053750078486,0.31274204955896634
51.1,6.5954562e-07,0.3082658687620642,0.3127192064104636
51.2,6.7541963e-07,0.3082102550322733,0.3126962394832102
51.3,6.9166436e-07,0.30815363096628495,0.3126731418657025
51.4,7.08288195e-07,0.3080960185552478,0.3126499280092666
51.5,7.25300115e-07,0.30803740711774685,0.31262659728558395
51.6,7.42709115e-07,0.3079777922555524,0.31260315597783994
51.7,7.60524875e-07,0.30791714632264894,0.31257960220107894
51.8,7.7875685e-07,0.3078554598942586,0.31255594475176035
51.9,7.9741516e-07,0.3077928008287828,0.3125321873997953
52.0,8.16509675e-07,0.3077291546748952,0.3125083420832361
52.1,8.36051135e-07,0.3076644705387948,0.31248440566048985
52.2,8.5604984e-07,0.30759881188065336,0.31246039635279405
52.3,8.76516905e-07,0.30753217430224095,0.31243630976191894
52.4,8.9746385e-07,0.30746451067966796,0.3124121509144129
52.5,9.1890232e-07,0.3073958379775346,0.3123879229518684
52.6,9.4084415e-07,0.30732614677106296,0.31236363718401905
52.7,9.6330153e-07,0.30725544334343835,0.31233929800909466
52.8,9.86287415e-07,0.30718379241146937,0.31231490228550246
52.9,1.009814535e-06,0.3071110997273765,0.3122904512698796
53.0,1.03389634e-06,0.3070374205831904,0.31226595438700394
53.1,1.05854672e-06,0.3069626927753765,0.31224140472537176
53.2,1.08377991e-06,0.3068869521180911,0.31221680165666443
53.3,1.109610015e-06,0.3068102400803572,0.3121921583755711
53.4,1.13605285e-06,0.30673245487457285,0.31216746545731394
53.5,1.163123395e-06,0.3066536429963093,0.3121427260434854
53.6,1.190837395e-06,0.3065737711446844,0.3121179457889524
53.7,1.21921155e-06,0.30649274758519274,0.31209311401229994
53.8,1.248262415e-06,0.3064106546275618,0.3120682439082171
53.9,1.278007895e-06,0.3063274633691392,0.312043329821837
54.0,1.30846544e-06,0.306243268686023,0.3120183805496193
54.1,1.33965311e-06,0.30615803602069397,0.31199339671988235
54.2,1.371589905e-06,0.30607181689527185,0.31196838838572266
54.3,1.404295545e-06,0.30598461947789735,0.3119433524055477
54.4,1.43778969e-06,0.3058965040871494,0.3119182994607724
54.5,1.472093185e-06,0.30580744810356103,0.31189322955139676
54.6,1.507227535e-06,0.3057174640935028,0.3118681445623764
54.7,1.543214125e-06,0.30562664064988754,0.31184305831671894
54.8,1.58007581e-06,0.3055349859408561,0.3118179708144244
54.9,1.617835085e-06,0.3054425533734837,0.31179288959531526
55.0,1.65651621e-06,0.3053493850451117,0.31176781780098395
55.1,1.696144025e-06,0.3052554501681324,0.31174274914824535
55.2,1.73674401e-06,0.3051608593266069,0.3117176943185145
55.3,1.77834123e-06,0.30506569608689993,0.31169266147993213
55.4,1.820963955e-06,0.304969868714506,0.3116676349245351
55.5,1.864639205e-06,0.30487344946605616,0.31164262533373843
55.6,1.909396445e-06,0.30477640378403115,0.31161762202612703
55.7,1.955264225e-06,0.30467890319939,0.3115926520193978
55.8,2.00227437e-06,0.30458082644665607,0.31156769018080943
55.9,2.050457465e-06,0.3044822407559123,0.31154275159000666
56.0,2.09984648e-06,0.3043832146138785,0.31151782493725605
56.1,2.150474035e-06,0.3042837411090508,0.31149293158538754
56.2,2.20237511e-06,0.304183783170636,0.311468048914934
56.3,2.255585815e-06,0.3040833294889004,0.311443185722355
56.4,2.310141975e-06,0.30398256604612917,0.31141834514924305
56.5,2.366082675e-06,0.30388143189542477,0.3113935190274573
56.6,2.423446215e-06,0.30377992389519465,0.3113687073569978
56.7,2.482273245e-06,0.30367803827552753,0.31134390699627185
56.8,2.542605435e-06,0.30357579514261646,0.31131911983023497
56.9,2.60448563e-06,0.3034732334522103,0.31129434271729467
57.0,2.66795855e-06,0.3033703682839538,0.3112695630910802
57.1,2.73307038e-06,0.30326726246970004,0.3112447878630955
57.2,2.79986883e-06,0.30316394679705705,0.31122000949351813
57.3,2.868402235e-06,0.30306043697398805,0.3111952304956222
57.4,2.93872076e-06,0.3029567688146493,0.3111704445862224
57.5,3.01087605e-06,0.3028530862039843,0.3111456618184153
57.6,3.084922785e-06,0.3027493351065995,0.3111208746523785
57.7,3.160916585e-06,0.3026455777260294,0.3110960717783784
57.8,3.23891264e-06,0.3025418819206753,0.3110712682760598
57.9,3.318972435e-06,0.30243833251353885,0.31104644466754816
58.0,3.401156615e-06,0.30233490060196766,0.3110215946696583
58.1,3.4855276e-06,0.3022316823186969,0.3109967101142492
58.2,3.572151855e-06,0.30212875054867616,0.31097178346149856
58.3,3.661097575e-06,0.30202598088483634,0.31094679272025777
58.4,3.752433255e-06,0.3019236849731687,0.31092173789052685
58.5,3.846231015e-06,0.3018218559021693,0.3108966108041649
58.6,3.942566555e-06,0.3017204886452901,0.31087137627533423
58.7,4.04151619e-06,0.301619625928191,0.31084603807394595
58.8,4.1431592e-06,0.30151931236148777,0.31082057672212565
58.9,4.247579205e-06,0.3014194869982829,0.3107949721136804
59.0,4.354859235e-06,0.30132031948457966,0.3107692242486101
59.1,4.46508839e-06,0.3012218054221484,0.31074331364904034
59.2,4.578356485e-06,0.30112396240390793,0.3107172145539114
59.3,4.69475878e-06,0.30102676404048,0.3106908880074743
59.4,4.814393315e-06,0.3009303278274298,0.31066432207167705
59.5,4.937359295e-06,0.3008345601452963,0.3106374834456374
59.6,5.0637609e-06,0.3007397148347659,0.3106103482532513
59.7,5.19370675e-06,0.300645636072843,0.3105828769104512
59.8,5.32730615e-06,0.3005524608329672,0.31055505810750367
59.9,5.4646736e-06,0.30046022430097635,0.3105268516320227
60.0,5.6059304e-06,0.3003688837512103,0.310498221669852
60.1,5.7511973e-06,0.3002784624314547,0.3104691594245322
60.2,5.9005991e-06,0.30018906841249676,0.310439629081907
60.3,6.0542728e-06,0.30010059488018637,0.31040955901366385
60.4,6.2123499e-06,0.3000133365159144,0.3103789385383879
60.5,6.3749693e-06,0.2999270866028842,0.31034772430210034
60.6,6.5422801e-06,0.29984205437116657,0.31031583462339224
60.7,6.7144304e-06,0.2997580758296249,0.3102832324314703
60.8,6.89157815e-06,0.29967532062426255,0.3102498567794371
60.9,7.07388135e-06,0.2995937648789754,0.3102156574018102
61.0,7.26150935e-06,0.29951341047871893,0.3101805589003657
61.1,7.4546315e-06,0.299434273759775,0.31014454242554795
61.2,7.65342645e-06,0.29935641127081136,0.3101075344640886
61.3,7.8580744e-06,0.29927990720651115,0.31006948286554986
61.4,8.068767e-06,0.2992046805137839,0.31003030092197426
61.5,8.28570075e-06,0.29913080847580886,0.30998991574841234
61.6,8.50908035e-06,0.29905823768551093,0.30994824566345514
61.7,8.73911445e-06,0.29898707181544765,0.3099052121272863
61.8,8.97601985e-06,0.29891725620190696,0.309860729060267
61.9,9.2200224e-06,0.29884871795993917,0.3098147411703667
62.0,9.4713508e-06,0.2987817473727055,0.30976718374077666
62.1,9.7302449e-06,0.2987161735375657,0.3097179826299103
62.2,9.9969489e-06,0.2986519958262011,0.30966705552804
62.3,1.0271719e-05,0.29858912878729155,0.3096143220103939
62.4,1.05548182e-05,0.29852777536772257,0.3095597242716671
62.5,1.0846516e-05,0.29846772696574186,0.30950316303753195
62.6,1.11470985e-05,0.29840911238664825,0.30944455976817187
62.7,1.145684885e-05,0.2983519228339823,0.3093838805343863
62.8,1.17760669e-05,0.29829616459092934,0.30932106878750754
62.9,1.210506335e-05,0.2982418370291708,0.3092560610673638
63.0,1.24441489e-05,0.2981889935557818,0.3091888498341329
63.1,1.279365395e-05,0.2981375053654636,0.30911938293737673
63.2,1.31539137e-05,0.2980873705732605,0.3090476465540876
63.3,1.352528045e-05,0.29803855650660904,0.3089736375426729
63.4,1.39081039e-05,0.29799125982920927,0.308897407425252
63.5,1.430275425e-05,0.2979452135056856,0.30881902217527085
63.6,1.47096089e-05,0.2979005425714257,0.3087385628458198
63.7,1.51290549e-05,0.29785709497334506,0.3086561400209602
63.8,1.55614959e-05,0.29781496747249747,0.3085719189484657
63.9,1.60073333e-05,0.29777410352021516,0.30848610320354025
64.0,1.64669873e-05,0.29773446101915657,0.30839895667996675
64.1,1.694088975e-05,0.29769596268614246,0.3083107715458619
64.2,1.742948755e-05,0.29765859281320944,0.30822192793393693
64.3,1.793321445e-05,0.29762237339150627,0.30813284870256297
64.4,1.845253365e-05,0.2975872434741353,0.3080440006924082
64.5,1.89879176e-05,0.29755311886641345,0.3079558721069712
64.6,1.95398349e-05,0.29752003035594876,0.3078690497957595
64.7,2.01087782e-05,0.2974879056861102,0.30778412123659943
64.8,2.069523935e-05,0.2974566876799115,0.3077017606152744
64.9,2.129972165e-05,0.29742625444355764,0.3076226289228787
65.0,2.19227263e-05,0.2973968290301271,0.30754735824785434
65.1,2.25647731e-05,0.2973681877582228,0.30747657816536894
65.2,2.32263825e-05,0.29734023198183557,0.3074108635868782
65.3,2.39080709e-05,0.2973129711257433,0.3073507617778224
65.4,2.46103769e-05,0.29728632036694436,0.30729672764081767
65.5,2.533381195e-05,0.2972603368824251,0.30724916581299794
65.6,2.607892735e-05,0.2972349546987397,0.3072083320200051
65.7,2.68462552e-05,0.2972100745415603,0.3071743475273156
65.8,2.76363352e-05,0.29718566813655306,0.3071472286712113
65.9,2.844970235e-05,0.2971616362093902,0.30712683470834123
66.0,2.92868931e-05,0.29713804096360613,0.30711291933784146
66.1,3.014843975e-05,0.2971149106735348,0.3071051457809794
66.2,3.10348992e-05,0.29709199464008246,0.30710304656876825
66.3,3.19468082e-05,0.29706933244731654,0.3071060951702793
66.4,3.288470355e-05,0.2970469196970073,0.30711372484219784
66.5,3.38491492e-05,0.2970244629644009,0.30712528778811865
66.6,3.484066975e-05,0.29700212749727095,0.3071401921319858
66.7,3.58598209e-05,0.29697979203014097,0.3071577605464232
66.8,3.69071391e-05,0.2969574012709803,0.30717739738546374
66.9,3.7983192e-05,0.2969350061135899,0.307198480613762
67.0,3.908852345e-05,0.29691236716860964,0.307220418355262
67.1,4.022367615e-05,0.2968895271616995,0.30724269853036124
67.2,4.13892199e-05,0.2968664176061397,0.307264834820517
67.3,4.25856841e-05,0.29684304918334525,0.30728642196027683
67.4,4.381364745e-05,0.29681926041545376,0.30730708295852244
67.5,4.507364575e-05,0.2967949520281373,0.30732654009846316
67.6,4.636622925e-05,0.29677025659660594,0.3073445112650788
67.7,4.769194825e-05,0.2967452394659869,0.3073608104760841
67.8,4.905132735e-05,0.2967194771495904,0.3073752567757424
67.9,5.0444914e-05,0.2966932379394291,0.30738775214636277
68.0,5.18732255e-05,0.29666632580012137,0.3073982350127293
68.1,5.3336747e-05,0.2966387752891865,0.3074066953217454
68.2,5.4835986e-05,0.29661047016769615,0.3074130947459808
68.3,5.6371418e-05,0.2965814135772431,0.3074174697279102
68.4,5.79435365e-05,0.2965515464558854,0.30741982529408185
68.5,5.95527805e-05,0.2965209649363583,0.30742017149759227
68.6,6.11995605e-05,0.2964895263903553,0.30741857179861304
68.7,6.2884323e-05,0.2964572496674323,0.3074150343652851
68.8,6.46074435e-05,0.2964240631392769,0.30740958433034965
68.9,6.63692845e-05,0.2963898499386422,0.30740222734867345
69.0,6.81702355e-05,0.29635476714516107,0.3073929583937083
69.1,7.00105935e-05,0.29631858353761403,0.3073817730672245
69.2,7.1890687e-05,0.29628151777084993,0.3073686242453321
69.3,7.3810804e-05,0.29624334553515325,0.30735347799883067
69.4,7.577119e-05,0.29620409824645044,0.3073363016551564
69.5,7.77721115e-05,0.29616369045342145,0.3073170518603308
69.6,7.981378e-05,0.29612207817376907,0.30729569971170145
69.7,8.1896356e-05,0.29607925261103385,0.3072722049968823
69.8,8.4020033e-05,0.2960352395262756,0.30724651745039094
69.9,8.61849355e-05,0.29598998111418945,0.30721864084213857
70.0,8.83911325e-05,0.29594365393228256,0.3071885770570808
70.1,9.0638758e-05,0.2958959551310231,0.3071562607500904
70.2,9.29278035e-05,0.2958469915245613,0.3071217610362057
70.3,9.5258294e-05,0.29579676185626014,0.3070850747738342
70.4,9.7630199e-05,0.2957453773384995,0.3070462233258058
70.5,0.0001000434315,0.2956926783783726,0.3070052136036243
70.6,0.0001024979305,0.2956387058165839,0.3069621065541873
70.7,0.000104993527,0.295583367918628,0.30691692039873225
70.8,0.000107530025,0.29552683558714515,0.30686970603105995
70.9,0.0001101072235,0.29546895802568807,0.30682049046886734
71.0,0.0001127248475,0.2954098269687622,0.3067693327740963
71.1,0.0001153825785,0.2953494537261011,0.30671624865471003
71.2,0.0001180800535,0.29528762655435997,0.30666126701336105
71.3,0.000120816929,0.29522445289600746,0.3066044079562423
71.4,0.0001235927345,0.2951601231315584,0.30654571797892494
71.5,0.0001264070165,0.2950943249867031,0.3064851845150385
71.6,0.0001292592155,0.29502717030214,0.30642284777696893
71.7,0.0001321488,0.29495872065308504,0.30635870525144204
71.8,0.0001350751485,0.29488897792449387,0.30629278081456207
71.9,0.0001380376325,0.29481787425796513,0.30622507006809924
72.0,0.000141035565,0.294745319803949,0.30615557992355746
72.1,0.000144068234,0.2946714609606631,0.30608434556677433
72.2,0.000147134864,0.2945961136307779,0.3060113412366902
72.3,0.000150234653,0.2945194462036598,0.3059365801279942
72.4,0.000153366708,0.2944415724049626,0.30586010119643525
72.5,0.0001565302145,0.2943621730488728,0.30578186485794584
72.6,0.000159724266,0.29428163706456095,0.3057019169797787
72.7,0.0001629478985,0.2941995906025013,0.30562021106636267
72.8,0.0001662000725,0.29411633022904027,0.30553678670176515
72.9,0.000169479836,0.29403173530702,0.30545162943465987
73.0,0.0001727861535,0.2939457945267069,0.30536473109690604
73.1,0.0001761179475,0.29385850474650843,0.3052760998566444
73.2,0.00017947413,0.29376986219651324,0.3051857068112227
73.3,0.000182853626,0.2936800585138733,0.3050935601287817
73.4,0.0001862552765,0.2935888957782514,0.3049996208535726
73.5,0.000189677913,0.2934964600692863,0.3049039210298404
73.6,0.0001931204145,0.29340263766132396,0.3048063990823691
73.7,0.0001965816155,0.29330754981984064,0.30470704244478813
73.8,0.0002000602865,0.29321133100500213,0.3046058869312538
73.9,0.0002035552155,0.2931137625619596,0.3045028929576985
74.0,0.0002070652675,0.29301489538451403,0.30439801465686955
74.1,0.0002105892695,0.2929148859239797,0.30429125454204115
74.2,0.0002141259035,0.2928136770033702,0.3041826302061321
74.3,0.0002176740485,0.2927111932244618,0.3040720995518008
74.4,0.0002212324385,0.2926076570120145,0.30395968205692186
74.5,0.0002247998885,0.2925027297023402,0.3038453437922945
74.6,0.0002283751805,0.2923967631538161,0.3037291080057043
74.7,0.0002319571275,0.2922896291894619,0.30361097469715137
74.8,0.0002355444825,0.2921813303225518,0.3034909551763692
74.9,0.0002391360105,0.29207210091589764,0.30336906263804697
75.0,0.0002427305695,0.29196156711997373,0.30324527194944345
75.1,0.0002463269155,0.29185003241263036,0.303119612013211
75.2,0.000249923846,0.29173752695315713,0.30299210293554274
75.3,0.0002535202085,0.29162392696280326,0.3028627541412165
75.4,0.000257114836,0.2915092412380284,0.3027315863647438
75.5,0.000260706504,0.2913935571151082,0.3025986448450589
75.6,0.0002642940275,0.2912768764789983,0.3024639157591541
75.7,0.000267876331,0.29115905418811805,0.30232744874419337
75.8,0.000271452165,0.29104044084420766,0.3021893053753927
75.9,0.000275020426,0.2909208077393219,0.3020494818828408
76.0,0.000278579874,0.290800395519458,0.3019080624612209
76.1,0.000282129584,0.2906789798749006,0.3017650420839848
76.2,0.0002856682555,0.2905567882569578,0.30162049614935604
76.3,0.00028919481,0.29043360075414376,0.3014744642414022
76.4,0.0002927081525,0.290309754145191,0.301327014846843
76.5,0.000296207187,0.29018504422657704,0.3011781762400124
76.6,0.0002996908415,0.2900596217947492,0.30102801627931175
76.7,0.0003031580285,0.2899333530178606,0.3008765833452678
76.8,0.000306607658,0.28980654137376133,0.3007239547210599
76.9,0.0003100386925,0.28967889280937925,0.30057017187571106
77.0,0.000313450051,0.2895507170857498,0.3004153070658524
77.1,0.000316840786,0.28942198341526515,0.30025940427378095
77.2,0.0003202099475,0.2892925095855513,0.30010250685347534
77.3,0.0003235563515,0.2891624218886329,0.29994467826510723
77.4,0.000326879108,0.28903192327139543,0.29978598825203356
77.5,0.0003301772395,0.28890092137101486,0.299626485194781
77.6,0.0003334497395,0.288769392311387,0.29946623443847703
77.7,0.0003366957385,0.28863725692437703,0.29930526488577386
77.8,0.0003399142705,0.2885048997409257,0.29914366198799175
77.9,0.000343104423,0.2883720229380495,0.29898145904601275
78.0,0.0003462651875,0.2882388778431606,0.2988187364846089
78.1,0.0003493957765,0.2881053903146725,0.29865552823298075
78.2,0.000352495291,0.28797155972426663,0.29849188267165533
78.3,0.0003555628055,0.2878375249303383,0.2983278846236341
78.4,0.000358597569,0.28770314204794395,0.29816354854024335
78.5,0.0003615987955,0.2875684299266395,0.2979989535896179
78.6,0.000364565476,0.287433554442517,0.29783416323192946
78.7,0.000367496974,0.2872983943301001,0.29766921453797124
78.8,0.000370392322,0.2871631066690216,0.2975042074103897
78.9,0.0003732509025,0.28702762611415406,0.29733916132705923
79.0,0.0003760718915,0.2868919137097487,0.29717416236761857
79.1,0.0003788546415,0.28675593426996776,0.29700922812498654
79.2,0.000381598275,0.28661986435231845,0.29684447546640996
79.3,0.000384302197,0.28648354813380505,0.29667990564852575
79.4,0.0003869655835,0.2863471822781277,0.2965156317686696
79.5,0.0003895878455,0.28621066122777333,0.29635167895958253
79.6,0.0003921682265,0.28607408300043263,0.2961881100531178
79.7,0.000394706154,0.2859372138616122,0.2960249778280319
79.8,0.0003972009305,0.28580039687322983,0.29586234825777064
79.9,0.0003996518505,0.28566346427423783,0.29570028103259427
80.0,0.000402058571,0.2855261879850095,0.29553878683391793
80.1,0.000404420243,0.2853889952621458,0.29537796870598065
80.2,0.0004067363485,0.28525165991097556,0.2952178681178055
80.3,0.000409006461,0.28511395699346487,0.2950584856977109
80.4,0.000411229842,0.28497613658038895,0.2948999144368395
80.5,0.0004134060265,0.28483820181334046,0.2947421951758958
80.6,0.0004155345075,0.2847000106923314,0.2945853718971768
80.7,0.000417614836,0.284561699562483,0.29442950429094306
80.8,0.0004196464935,0.2844230566804503,0.2942746005253355
80.9,0.000421629016,0.2842842724267483,0.29412071526406613
81.0,0.0004235619985,0.28414524375713784,0.29396788997615814
81.1,0.000425444862,0.2840060209371013,0.293816145396123
81.2,0.0004272774465,0.2838665191436372,0.2936654840372348
81.3,0.0004290590845,0.2837269890758392,0.29351598632426545
81.4,0.000430789622,0.2835871951142583,0.29336761832801433
81.5,0.000432468504,0.28344716930313957,0.293220440995379
81.6,0.0004340955115,0.28330697510265457,0.29307445746795197
81.7,0.0004356702355,0.28316674131810216,0.29292969287847453
81.8,0.0004371924985,0.28302617955127674,0.2927861095278349
81.9,0.0004386619005,0.28288552604994577,0.2926437790443455
82.0,0.000440078264,0.2827447355751752,0.29250266624216864
82.1,0.000441441289,0.28260396394996046,0.2923627843159934
82.2,0.000442750767,0.2824631395459892,0.29222412886759014
82.3,0.000444006445,0.28232217314202995,0.29208671811819625
82.4,0.000445208206,0.2821812620301014,0.2919505684040935
82.5,0.000446355846,0.28204038987392177,0.29181565019431094
82.6,0.0004474492205,0.2818997407708206,0.2916819873649528
82.7,0.0004484882675,0.28175893333144963,0.29154954221690715
82.8,0.00044947284,0.28161827920180016,0.2914183342280485
82.9,0.0004504028515,0.2814777576473607,0.2912883476904136
83.0,0.000451278209,0.28133735233184937,0.29115959077214326
83.1,0.000452098871,0.28119722284817306,0.2910320471369558
83.2,0.0004528649605,0.28105715870962394,0.2909056947937025
83.3,0.0004535762975,0.28091740496042905,0.2907805858928215
83.4,0.0004542330315,0.28077793646784704,0.29065666639891924
83.5,0.000454835099,0.28063882046196076,0.29053397086951477
83.6,0.000455382541,0.28049993190738265,0.2904124785700966
83.7,0.0004558754315,0.2803614932288725,0.2902921989254427
83.8,0.000456313857,0.2802233982405986,0.29017313382050874
83.9,0.000456697994,0.28008570977441416,0.2900552662906943
84.0,0.000457027846,0.27994862575065627,0.28993861581387387
84.1,0.0004573035695,0.27981193882420974,0.2898231861599586
84.2,0.0004575252395,0.2796757834552402,0.2897089836121338
84.3,0.000457693118,0.27954025263489024,0.28959598806420656
84.4,0.000457807254,0.2794052364074169,0.2894842089409548
84.5,0.000457867748,0.2792709641090839,0.28937367640166795
84.6,0.000457874943,0.27913721394345,0.2892643464640489
84.7,0.00045782895,0.27900420142377114,0.28915624991570565
84.8,0.000457730039,0.2788716519748494,0.2890493666504452
84.9,0.000457578452,0.2787398081276377,0.28894369164171935
85.0,0.000457374239,0.2786086673688618,0.2888392493939508
85.1,0.0004571178255,0.27847809712331184,0.2887360147743982
85.2,0.0004568094305,0.27834829593964344,0.28863399092465436
85.3,0.000456449383,0.27821917962317355,0.2885331778447192
85.4,0.000456037979,0.2780905621916171,0.28843354537530325
85.5,0.000455575375,0.2779627565476023,0.2883351349854295
85.6,0.000455062024,0.2778355729389329,0.2882378964096156
85.7,0.0004544982415,0.27770900633906065,0.2881418095416685
85.8,0.00045388429,0.2775831434559428,0.28804686684176584
85.9,0.000453220508,0.27745799182940173,0.28795306830990763
86.0,0.000452507245,0.2773334251674128,0.287860397609812
86.1,0.000451744914,0.27720947048767275,0.2877688101308634
86.2,0.000450933821,0.2770861705158417,0.2876782863951873
86.3,0.00045007448,0.27696340398644326,0.28758875414615265
86.4,0.0004491669695,0.2768413260941545,0.28750026113596777
86.5,0.000448211981,0.2767198658389814,0.28741271877171987
86.6,0.0004472099075,0.27659888184925463,0.2873260906109342
86.7,0.0004461609655,0.2764784865939911,0.28724036283060306
86.8,0.0004450656515,0.2763586599669978,0.2871554763687845
86.9,0.0004439245155,0.2762392763045688,0.2870713853582259
87.0,0.0004427378275,0.2761203846155493,0.2869880288520297
87.1,0.000441506076,0.2760019905548061,0.2869053678944469
87.2,0.0004402297375,0.2758838245736896,0.2868233321138023
87.3,0.000438909245,0.27576607642439593,0.2867418756428429
87.4,0.000437544952,0.2756486738502943,0.2866609463311309
87.5,0.000436137433,0.27553148993104126,0.28658046312557567
87.6,0.000434686955,0.2754148250028946,0.28650039649520626
87.7,0.00043319414,0.2752982863667726,0.2864206540771987
87.8,0.000431659441,0.27518180679259246,0.28634118309279644
87.9,0.0004300833505,0.2750654968644157,0.28626190500218307
88.0,0.0004284663245,0.27494919887429103,0.2861827305841273
88.1,0.000426808794,0.2748330491673395,0.2861036284227026
88.2,0.0004251112815,0.2747169648055153,0.28602451746481844
88.3,0.0004233743205,0.2746008163552009,0.28594531163083614
88.4,0.000421598438,0.27448459564825545,0.2858659405490802
88.5,0.000419784141,0.27436820152539554,0.2857863420160162
88.6,0.000417931905,0.2742517653051941,0.28570644754492425
88.7,0.000416042402,0.27413489428856935,0.28562614152519467
88.8,0.000414115985,0.27401779896222916,0.2855453881426712
88.9,0.0004121532055,0.2739005654058122,0.2854641245655008
89.0,0.0004101547015,0.27378291338925376,0.28538226785563736
89.1,0.0004081209415,0.27366489569131053,0.2852997488980426
89.2,0.000406052461,0.2735465870818875,0.28521651491395983
89.3,0.0004039499345,0.2734277978087885,0.28513248170870603
89.4,0.000401813913,0.27330857373926626,0.2850475807955613
89.5,0.000399644814,0.2731891737405554,0.28496181405948123
89.6,0.0003974434005,0.27306907567995686,0.28487506086330794
89.7,0.00039521023,0.2729485956016917,0.2847872835079296
89.8,0.0003929458025,0.2728275117093185,0.2846984499491011
89.9,0.000390650789,0.27270599867538886,0.284608499239925
90.0,0.000388325601,0.27258414383617846,0.2845174426901348
90.1,0.00038597103,0.27246170654569013,0.28442518416699536
90.2,0.000383587626,0.2723387056534797,0.2843317054492693
90.3,0.0003811759115,0.2722152957259058,0.284236984545808
90.4,0.000378736544,0.272091325966521,0.28414098187254394
90.5,0.0003762700835,0.2719669798443364,0.28404367543832876
90.6,0.000373777137,0.27184217944785394,0.2839450570750214
90.7,0.0003712582655,0.271717008971757,0.2838450972516509
90.8,0.0003687140515,0.2715914030709182,0.28374378528680233
90.9,0.000366145185,0.27146543211701313,0.2836410922778233
91.0,0.0003635522315,0.2713390747472116,0.283537035189314
91.1,0.000360935737,0.271212398819915,0.2834316353841046
91.2,0.000358296433,0.2710852560519501,0.2833248268887493
91.3,0.0003556349035,0.2709578286556908,0.283216656827138
91.4,0.000352951833,0.27082987284354715,0.28310710634971464
91.5,0.0003502477525,0.2707017140845181,0.2829962144122282
91.6,0.000347523316,0.2705732191750751,0.2828839728465379
91.7,0.0003447792035,0.2704444082214111,0.28277039296237705
91.8,0.000342016006,0.2703151907456578,0.28265549423762026
91.9,0.0003392343525,0.27018570686284743,0.28253928484040836
92.0,0.000336434894,0.27005591636059406,0.28242179681498647
92.1,0.0003336183145,0.2699257633185485,0.2823030125684357
92.2,0.0003307852015,0.2697952785243187,0.2821829773396903
92.3,0.0003279362405,0.2696645744469217,0.28206168798715753
92.4,0.000325072097,0.26953336394478894,0.281939165245349
92.5,0.000322193343,0.26940205479664686,0.28181544869833214
92.6,0.000319300686,0.26927045159543234,0.28169053394787713
92.7,0.0003163947255,0.26913854240309343,0.28156443984354
92.8,0.000313476153,0.2690065471311158,0.28143718020832836
92.9,0.0003105455815,0.2688742860803997,0.2813087789183465
93.0,0.0003076036665,0.26874176741908595,0.2811792315753645
93.1,0.000304651048,0.2686088284126752,0.2810485381793825
93.2,0.0003016883425,0.2684756701230972,0.28091674459765326
93.3,0.0002987162135,0.26834232019636733,0.2807838131310649
93.4,0.000295735256,0.26820877737584853,0.2806497802220921
93.5,0.000292746178,0.2680749065730567,0.28051462513622344
93.6,0.000289749575,0.2679407725048005,0.28037838557257083
93.7,0.0002867461385,0.26780646313567424,0.2802410521063562
93.8,0.0002837364375,0.267671816359497,0.2801026341623576
93.9,0.000280721186,0.26753680641520894,0.27996310346624104
94.0,0.000277700983,0.26740149864793733,0.27982247509765135
94.1,0.0002746764885,0.2672657705355687,0.2796807377468549
94.2,0.0002716483955,0.26712966543208166,0.27953789706871857
94.3,0.0002686172925,0.26699323234632155,0.2793939499216496
94.4,0.000265583818,0.2668562029862758,0.2792488617481289
94.5,0.000262548653,0.2667186646882202,0.27910261621187454
94.6,0.00025951241,0.2665806721158669,0.27895521896775344
94.7,0.0002564757235,0.2664420738444499,0.27880662037860154
94.8,0.0002534392345,0.26630273164389257,0.27865680347981864
94.9,0.000250403581,0.2661626040451719,0.2785057601032638
95.0,0.0002473693525,0.26602174571199994,0.27835350532858166
95.1,0.0002443372285,0.2658799857417364,0.2781999518194966
95.2,0.0002413078245,0.26573733984234454,0.27804512219547556
95.3,0.0002382818015,0.26559348568641816,0.2778889617928065
95.4,0.0002352597945,0.2654484867341288,0.27773143919556287
95.5,0.0002322423785,0.2653022028704441,0.27757253618250727
95.6,0.000229230275,0.2651543884228186,0.27741214782444495
95.7,0.000226223966,0.2650053010018498,0.2772503294134068
95.8,0.000223224092,0.2648547439438377,0.27708704450691796
95.9,0.0002202313005,0.2647024200541172,0.27692221079525087
96.0,0.000217246168,0.2645485222264773,0.2767558119421238
96.1,0.0002142692955,0.26439286887686253,0.2765878077351507
96.2,0.0002113012505,0.2642353820937751,0.27641815544867154
96.3,0.0002083426495,0.26407568425777816,0.27624677654286994
96.4,0.000205394031,0.26391399213876465,0.2760736980354428
96.5,0.000202456032,0.26375014802878344,0.2758988244219734
96.6,0.0001995291815,0.26358411799863385,0.27572216575555825
96.7,0.0001966140685,0.2634155640129464,0.27554367177071476
96.8,0.000193711258,0.2632446180186125,0.2753633141931092
96.9,0.0001908213045,0.2630712925820028,0.2751810842262822
97.0,0.0001879447925,0.2628953401456161,0.27499698375518916
97.1,0.0001850822655,0.26271677516077874,0.27481100398337077
97.2,0.0001822342755,0.2625356818221737,0.2746231317161379
97.3,0.000179401335,0.2623521204483801,0.2744334027676467
97.4,0.0001765840025,0.2621659446411801,0.27424179766002277
97.5,0.0001737827455,0.2619774164094011,0.27404841064104574
97.6,0.0001709981205,0.26178661931940767,0.2738532479939009
97.7,0.000168230621,0.2615934101145749,0.27365635935575217
97.8,0.0001654807465,0.2613980514320484,0.27345783206287533
97.9,0.000162748999,0.2612006023337703,0.2732577195223455
98.0,0.0001600358755,0.261001308492286,0.2730561367164538
98.1,0.000157341814,0.2608001818456476,0.27285320553899517
98.2,0.000154667313,0.2605975931017882,0.2726490485120831
98.3,0.000152012808,0.2603936339952133,0.272443867325966
98.4,0.000149378765,0.260188734295798,0.2722378190602765
98.5,0.0001467656485,0.2599827928442587,0.2720310890689811
98.6,0.000144173905,0.25977631355205705,0.27182386144940945
98.7,0.0001416039805,0.25956928133954843,0.27161637182101045
98.8,0.000139056266,0.25936252307391916,0.2714089167501306
98.9,0.0001365312195,0.2591560400118064,0.27120171866152987
99.0,0.0001340292285,0.25895033543635315,0.2709951067941183
99.1,0.0001315506965,0.2587456895776242,0.2707893532098197
99.2,0.000129096022,0.2585427207010537,0.2705848160501965
99.3,0.000126665564,0.25834201628446796,0.27038186853645607
99.4,0.000124259684,0.2581439727968598,0.2701808612703385
99.5,0.0001218787385,0.2579496822558356,0.2699822453845489
99.6,0.0001195230375,0.2577597465905478,0.26978644625073245
99.7,0.000117192925,0.25757482742040927,0.2695938942670827
99.8,0.000114888692,0.25739575915242874,0.269405034911438
99.9,0.0001126106275,0.2572234383971496,0.2692203965996827
100.0,0.000110358996,0.2570593504995785,0.2690405404202647
100.1,0.000108134039,0.25690444987556355,0.2688660060988019
100.2,0.0001059360105,0.25675996174623966,0.2686973452989642
100.3,0.0001037651395,0.2566271207575197,0.26853516686140794
100.4,0.000101621607,0.2565072049092951,0.26838010601616763
100.5,9.9505618e-05,0.25640166498905337,0.2682327873118629
100.6,9.7417334e-05,0.25631198697011953,0.2680938629431285
100.7,9.5356903e-05,0.25623969326829366,0.2679640517063636
100.8,9.3324449e-05,0.25618661291881867,0.26784404977850035
100.9,9.13200945e-05,0.2561542444613902,0.26773456401788565
101.0,8.93439285e-05,0.25614410465694143,0.26763635845985295
101.1,8.7396023e-05,0.25615829460263917,0.26755018645832057
101.2,8.54764565e-05,0.256198116174479,0.2674767850309251
101.3,8.35852705e-05,0.2562654832307056,0.26741696785016367
101.4,8.17225e-05,0.25636236052336425,0.26737152722570356
101.5,7.98881725e-05,0.25649027360984783,0.26734122216633
101.6,7.80823055e-05,0.2566507782068383,0.2673268261321542
101.7,7.63048955e-05,0.25684591760619746,0.26732916284876995
101.8,7.4555941e-05,0.25707743853344084,0.26734902713911857
101.9,7.28354205e-05,0.257346570607933,0.2673871912066744
102.0,7.1143287e-05,0.25765520129854014,0.2674444781487126
102.1,6.94795015e-05,0.2580046412777175,0.26752163943419593
102.2,6.7843994e-05,0.25839613021792607,0.26761948999225876
102.3,6.62366805e-05,0.25883110822523825,0.2677388189909757
102.4,6.4657483e-05,0.2593107571668104,0.26788037852762786
102.5,6.31063055e-05,0.2598360044407938,0.26804486980569575
102.6,6.15830325e-05,0.2604073816046654,0.2682329927720224
102.7,6.0087538e-05,0.26102580851675433,0.268445505178756
102.8,5.86196985e-05,0.2616915151416426,0.2686829467515143
102.9,5.71793635e-05,0.2624051901164401,0.26894601303891086
103.0,5.57663805e-05,0.2631665155119701,0.26923522240373354
103.1,5.43805845e-05,0.26397579983263136,0.2695510888105405
103.2,5.3021791e-05,0.2648325636713848,0.2698941444451272
103.3,5.16898165e-05,0.2657363521256143,0.2702647568738341
103.4,5.0384461e-05,0.26668686674401765,0.2706633194240615
103.5,4.910551895e-05,0.26768306388951535,0.27109011044091846
103.6,4.78527834e-05,0.26872372902238756,0.2715452681544817
103.7,4.662602805e-05,0.26980779462945065,0.272028918856776
103.8,4.54250252e-05,0.2709335692772198,0.2725410455832009
103.9,4.4249535e-05,0.27209900904551465,0.2730815528293399
104.0,4.309931345e-05,0.27330260219995034,0.2736502470730854
104.1,4.1974104e-05,0.27454200322745154,0.2742468587657877
104.2,4.08736471e-05,0.2758151122874888,0.27487103542075114
104.3,3.97976735e-05,0.27711987729174065,0.2755223730291605
104.4,3.87459058e-05,0.2784538220368775,0.2762003136441604
104.5,3.77180639e-05,0.2798146198593803,0.276904234602087
104.6,3.671385205e-05,0.2812001099718217,0.2776334981596316
104.7,3.573297415e-05,0.2826074379231168,0.27838730823721575
104.8,3.477512695e-05,0.28403458618246336,0.27916483042783063
104.9,3.38400034e-05,0.2854785457324178,0.2799651354483694
105.0,3.29272887e-05,0.2869369540953047,0.2807872927590879
105.1,3.20366708e-05,0.28840658674042424,0.281630179554772
105.2,3.116783735e-05,0.2898841776680539,0.2824926064284428
105.3,3.032046795e-05,0.29136709359523144,0.2833734317253301
105.4,2.949424205e-05,0.2928523575487582,0.2842714189145654
105.5,2.868883585e-05,0.29433728283859695,0.28518531387236146
105.6,2.790392185e-05,0.29581890065968997,0.2861138385988267
105.7,2.71391709e-05,0.29729461291491277,0.2870557018993806
105.8,2.63942498e-05,0.29876178255139196,0.2880096351989096
105.9,2.56688253e-05,0.30021800939234017,0.28897434667451455
106.0,2.496256625e-05,0.301660566535334,0.28994850177763615
106.1,2.427513945e-05,0.30308712857349146,0.29093083004820536
106.2,2.36062123e-05,0.3044953525070113,0.29192005976951596
106.3,2.295545085e-05,0.30588322394668416,0.2929149688620257
106.4,2.232251995e-05,0.3072488868395703,0.2939143905382231
106.5,2.17070844e-05,0.30859068116811145,0.2949171931964343
106.6,2.110880785e-05,0.3099070750917299,0.29592232817303143
106.7,2.052735635e-05,0.3111965939468338,0.2969287599990761
106.8,1.99623961e-05,0.31245789878663444,0.2979355254622605
106.9,1.941359475e-05,0.3136897958059234,0.2989416959077963
107.0,1.88806209e-05,0.3148912696419549,0.2999464073977038
107.1,1.83631446e-05,0.3160614827461276,0.3009488475161227
107.2,1.786083775e-05,0.3171998042866367,0.30194825851090507
107.3,1.73733739e-05,0.3183057881573253,0.3029439486033485
107.4,1.690042835e-05,0.3193791509865361,0.30393528821828525
107.5,1.644167735e-05,0.32041975265923667,0.30492172506372683
107.6,1.59967986e-05,0.3214275711842786,0.30590277784767866
107.7,1.55654717e-05,0.3224026913846634,0.30687802748168075
107.8,1.514737825e-05,0.3233452866763056,0.3078471151958522
107.9,1.47422022e-05,0.32425560838661743,0.3088097362557054
108.0,1.43496299e-05,0.3251339744447755,0.30976564059046524
108.1,1.39693504e-05,0.32598076058526115,0.31071462462492777
108.2,1.360105575e-05,0.3267963921797197,0.31165652311131936
108.3,1.32444413e-05,0.32758133921041205,0.3125912078726598
108.4,1.28992059e-05,0.3283361074737556,0.3135185808912583
108.5,1.256505205e-05,0.32906123543873095,0.3144385661405726
108.6,1.224168615e-05,0.32975729173360857,0.3153511108418461
108.7,1.19288186e-05,0.3304248707477184,0.3162561741543744
108.8,1.162616395e-05,0.3310645926314504,0.317153727175505
108.9,1.133344105e-05,0.33167709952634283,0.31804374602913377
109.0,1.10503731e-05,0.33226305996331246,0.31892620872411215
109.1,1.077668785e-05,0.332823165092743,0.3198010876144247
109.2,1.05121176e-05,0.3333581337110337,0.3206683493991894
109.3,1.025639915e-05,0.33386871288891745,0.3215279475828349
109.4,1.000927415e-05,0.33435568236969093,0.32237981870518967
109.5,9.7704888e-06,0.33481985896744415,0.3232238817131632
109.6,9.5397941e-06,0.3352620990803344,0.32406003167756087
109.7,9.3169459e-06,0.3356833074870459,0.3248881404214024
109.8,9.1017047e-06,0.3360844392317454,0.3257080527500107
109.9,8.89383575e-06,0.33646650904886,0.3265195895926045
110.0,8.6931092e-06,0.3368305963896254,0.3273225454890244
110.1,8.4992998e-06,0.3371778517052714,0.3281166955012362
110.2,8.31218725e-06,0.3375095027302071,0.32890179521333157
110.3,8.1315557e-06,0.33782686139352447,0.329677589527987
110.4,7.95719415e-06,0.3381313269605915,0.3304438189496493
110.5,7.7888963e-06,0.3384243923162372,0.3312002290093135
110.6,7.62646035e-06,0.33870764396475167,0.33194658031761953
110.7,7.4696891e-06,0.3389827670564342,0.3326826573613112
110.8,7.31838995e-06,0.33925154036104527,0.3334082848395185
110.9,7.17237475e-06,0.33951583375453237,0.33412333394694266
111.0,7.03145985e-06,0.33977760507743715,0.3348277355685452
111.1,6.89546585e-06,0.340038886311888,0.33552149096096334
111.2,6.76421795e-06,0.3403017760417774,0.33620467677905774
111.3,6.63754545e-06,0.3405684199748879,0.33687745198741664
111.4,6.51528195e-06,0.3408409933499728,0.33754006288690414
111.5,6.39726535e-06,0.34112167831728923,0.33819283997306737
111.6,6.28333765e-06,0.34141263817753853,0.33883619793613656
111.7,6.17334495e-06,0.3417159884792136,0.33947062874952133
111.8,6.06713735e-06,0.3420337693725836,0.3400966947583067
111.9,5.9645691e-06,0.342367909795538,0.3407150173695194
112.0,5.8654983e-06,0.3427201973142965,0.34132626762735047
112.1,5.76978705e-06,0.3430922460791646,0.3419311498768726
112.2,5.6773012e-06,0.3434854660369253,0.34253039171094457
112.3,5.58791055e-06,0.3439010352848237,0.34312473014720274
112.4,5.50148855e-06,0.3443398755661442,0.34371489780505404
112.5,5.41791245e-06,0.34480263279233647,0.3443016122242605
112.6,5.3370632e-06,0.345289662591689,0.3448855651835245
112.7,5.2588253e-06,0.34580102214118785,0.3454674145323476
112.8,5.1830869e-06,0.34633646953819897,0.3460477766512085
112.9,5.1097396e-06,0.34689546631374135,0.346627219540059
113.0,5.03867855e-06,0.34747719251213244,0.3472062596767313
113.1,4.96980235e-06,0.34808055862903997,0.3477853563620713
113.2,4.903012965e-06,0.34870423200086037,0.34836490920666463
113.3,4.838215685e-06,0.3493466631940968,0.34894525875915494
113.4,4.77531909e-06,0.35000611239473767,0.3495266777097845
113.5,4.71423501e-06,0.35068068585073153,0.3501093765452612
113.6,4.65487844e-06,0.35136836665959464,0.3506934953806173
113.7,4.59716751e-06,0.35206704869761213,0.3512791052158467
113.8,4.541023425e-06,0.35277456866408263,0.35186620605094954
113.9,4.486370405e-06,0.35348873686892673,0.35245472437265774
114.0,4.43313562e-06,0.35420736676365744,0.3530445144110721
114.1,4.38124915e-06,0.35492829881748467,0.35363535499806975
114.2,4.33064392e-06,0.3556494243934194,0.35422695396553405
114.3,4.281255625e-06,0.35636870334119236,0.35481894626039856
114.4,4.23302268e-06,0.3570841847317656,0.3554108995995141
114.5,4.18588617e-06,0.35779401502547364,0.35600231949619715
114.6,4.13978976e-06,0.35849645377998623,0.3565926536584591
114.7,4.094679645e-06,0.3591898786768572,0.3571812989005104
114.8,4.050504495e-06,0.359872796202939,0.35776761245249433
114.9,4.007215365e-06,0.3605438441636569,0.35835092012862724
115.0,3.964765655e-06,0.36120179733787616,0.35893052952188836
115.1,3.92311103e-06,0.36184557124781275,0.3595057388004788
115.2,3.882209355e-06,0.3624742246723076,0.3600758530441037
115.3,3.842020635e-06,0.3630869640450564,0.36064019555370547
115.4,3.80250693e-06,0.36368314282629105,0.36119812230279
115.5,3.763632315e-06,0.36426226841428355,0.36174903387547913
115.6,3.725362805e-06,0.3648240027736642,0.36229239054615486
115.7,3.687666275e-06,0.3653681655770149,0.36282772296087484
115.8,3.650512415e-06,0.3658947386030981,0.36335464407542406
115.9,3.61387266e-06,0.366403867621813,0.36387286172168576
116.0,3.577720115e-06,0.3668958642791508,0.3643821861474637
116.1,3.54202951e-06,0.3673712130086987,0.3648825406978971
116.2,3.506777135e-06,0.36783056789004714,0.365373966842009
116.3,3.47194076e-06,0.3682747570470197,0.36585663359748416
116.4,3.43749961e-06,0.36870478390430983,0.36633083878730616
116.5,3.40343427e-06,0.3691218246742071,0.3667970159512612
116.6,3.369726665e-06,0.3695272277282784,0.3672557324609824
116.7,3.336359965e-06,0.36992251045577546,0.367707695174817
116.8,3.303318575e-06,0.37030935486540495,0.36815374603959605
116.9,3.270588035e-06,0.37068960004550633,0.36859486209063486
117.0,3.238155015e-06,0.37106523462422925,0.3690321523101401
117.1,3.20600723e-06,0.37143838734475587,0.36946685448561734
117.2,3.174133405e-06,0.3718113138706114,0.36990032704172987
117.3,3.14252323e-06,0.3721863817060197,0.37033404589870655
117.4,3.11116731e-06,0.3725660576295322,0.3707695944192446
117.5,3.08005713e-06,0.37295288507456137,0.3712086564970065
117.6,3.049185e-06,0.373349468421417,0.3716530052468858
117.7,3.01854401e-06,0.3737584497495207,0.3721044929519112
117.8,2.988128015e-06,0.37418248684625754,0.37256503912519395
117.9,2.957931565e-06,0.37462422870255296,0.37303661668692045
118.0,2.92794989e-06,0.3750862922650874,0.3735212368847076
118.1,2.89817885e-06,0.37557123353364374,0.3740209379838691
118.2,2.86861492e-06,0.376081526826596,0.3745377626479482
118.3,2.83925512e-06,0.3766195339933012,0.37507374600066595
118.4,2.810097025e-06,0.37718748242295075,0.37563089426309093
118.5,2.78113869e-06,0.3777874367702365,0.3762111671607205
118.6,2.752378655e-06,0.378421278849158,0.3768164565606506
118.7,2.7238159e-06,0.379090681243644,0.37744856573706437
118.8,2.69544981e-06,0.37979708845799665,0.37810918989335773
118.9,2.667280155e-06,0.38054169618237993,0.37879989165771655
119.0,2.639307055e-06,0.38132543369990063,0.3795220828618794
119.1,2.61153097e-06,0.38214895069191973,0.3802770006650331
119.2,2.58395265e-06,0.3830126021584069,0.38106568807593894
119.3,2.55657312e-06,0.3839164396214817,0.38188897321842014
119.4,2.529393665e-06,0.3848602042139096,0.38274745048180686
119.5,2.502415795e-06,0.38584332102423485,0.3836414629280168
119.6,2.475641215e-06,0.3868648984684624,0.3845710890968665
119.7,2.449071815e-06,0.38792372891837623,0.3855361272981074
119.8,2.422709645e-06,0.38901829372808755,0.3865360880716041
119.9,2.396556885e-06,0.39014676888890176,0.3875701860191933
120.0,2.370615835e-06,0.39130703759568874,0.38863733854804644
120.1,2.34488888e-06,0.3924967002999799,0.3897361633573961
120.2,2.31937849e-06,0.39371309418784184,0.3908649878633133
120.3,2.294087185e-06,0.3949533076312033,0.39202185422525654
120.4,2.269017515e-06,0.39621420532059604,0.39320453756730844
120.5,2.24417205e-06,0.3974924508846219,0.39441056042950234
120.6,2.21955337e-06,0.39878453516428675,0.3956372172722451
120.7,2.19516402e-06,0.400086801345742,0.39688160275065054
120.8,2.171006535e-06,0.4013954826593958,0.3981406387322367
120.9,2.147083385e-06,0.40270672939761054,0.399411111367719
121.0,2.12339699e-06,0.4040166491270884,0.40068970502021095
121.1,2.09994969e-06,0.405321338104798,0.40197304310592824
121.2,2.07674374e-06,0.4066169214903605,0.4032577264216198
121.3,2.0537813e-06,0.407899588531887,0.4045403739852719
121.4,2.03106442e-06,0.409165627123498,0.40581766324849394
121.5,2.00859503e-06,0.41041146338939094,0.40708636842394935
121.6,1.98637493e-06,0.41163368870153644,0.40834339818446697
121.7,1.964405795e-06,0.4128290961221539,0.4095858295922419
121.8,1.94268915e-06,0.413994703023178,0.41081093888644343
121.9,1.921226375e-06,0.4151277755906814,0.412016228500912
122.0,1.900018705e-06,0.4162258501877053,0.41319944905530764
122.1,1.87906721e-06,0.417286744035674,0.41435861820466596
122.2,1.8583728e-06,0.41830856840908415,0.4154920306924946
122.3,1.83793623e-06,0.4192897305204603,0.41659826840386954
122.4,1.81775809e-06,0.4202289328920366,0.41767620099375424
122.5,1.79783881e-06,0.42112517084248247,0.41872498463036195
122.6,1.778178645e-06,0.4219777205488504,0.4197440525703778
122.7,1.7587777e-06,0.4227861283651613,0.42073310384922563
122.8,1.73963592e-06,0.4235501913445297,0.42169208882974163
122.9,1.72075308e-06,0.4242699409028821,0.4226211872110254
123.0,1.702128815e-06,0.4249456227127641,0.4235207866656106
123.1,1.683762595e-06,0.4255776715705989,0.4243914583350415
123.2,1.66565375e-06,0.4261666938037687,0.42523393044049523
123.3,1.647801465e-06,0.42671344339451034,0.42604905812349214
123.4,1.63020479e-06,0.42721880124540385,0.42683779642819886
123.5,1.61286263e-06,0.4276837575864537,0.4276011726554132
123.6,1.595773775e-06,0.42810939312553264,0.4283402568315929
123.7,1.578936885e-06,0.428496868366967,0.4290561365761146
123.8,1.56235051e-06,0.42884740853189157,0.42974989259685126
123.9,1.54601308e-06,0.4291622972750647,0.43042257795566025
124.0,1.52992293e-06,0.4294428704016827,0.43107519859050936
124.1,1.514078295e-06,0.4296905158673799,0.43170869886415014
124.2,1.498477305e-06,0.42990667252159165,0.43232395213934033
124.3,1.483118025e-06,0.43009283639073953,0.4329217557522954
124.4,1.467998425e-06,0.4302505688463724,0.4335028272427776
124.5,1.453116405e-06,0.4303815047733072,0.4340678144071918
124.6,1.438469795e-06,0.4304873670209553,0.43461730032513474
124.7,1.424056365e-06,0.4305699789696926,0.43515182220895005
124.8,1.409873825e-06,0.4306312840087348,0.43567188962496617
124.9,1.395919825e-06,0.4306733593591443,0.4361780121395116
125.0,1.382191985e-06,0.4306984368083423,0.4366707275932485
125.1,1.368687865e-06,0.4307089196747088,0.43715063728701087
125.2,1.35540499e-06,0.4307073978872274,0.4376184399110049
125.3,1.342340855e-06,0.43069666809167834,0.4380749711288763
125.4,1.329492915e-06,0.4306797449603719,0.43852124316177815
125.5,1.31685861e-06,0.43065986998860833,0.43895848248748237
125.6,1.304435335e-06,0.4306405240610475,0.4393881631412621
125.7,1.29222048e-06,0.4306254249384358,0.43981204315836625
125.8,1.280211405e-06,0.4306185297708797,0.4402321878218053
125.9,1.268405445e-06,0.43062402441643083,0.44065099165349975
126.0,1.256799935e-06,0.43064630836144124,0.4410711890956953
126.1,1.24539218e-06,0.43068997838428175,0.4414958557675999
126.2,1.234179465e-06,0.43075979462614106,0.4419283977839686
126.3,1.223159065e-06,0.4308606485467807,0.4423725316489103
126.4,1.21232825e-06,0.4309975189422382,0.44283224718509545
126.5,1.201684255e-06,0.4311754197943886,0.44331175852490934
126.6,1.191224315e-06,0.43139934309395855,0.44381544630514824
126.7,1.18094563e-06,0.43167419663699136,0.4443477797555211
126.8,1.1708454e-06,0.43200473051157945,0.4449132356455592
126.9,1.16092079e-06,0.4323954660978696,0.44551620529347385
127.0,1.151168955e-06,0.4328506150149734,0.44616089277855414
127.1,1.141587025e-06,0.43337400372274293,0.4468512137818833
127.2,1.132172095e-06,0.43396899058372485,0.44759069379873734
127.3,1.12292125e-06,0.43463838983661823,0.44838236509434554
127.4,1.113831535e-06,0.43538439933964357,0.4492286799959331
127.5,1.104899975e-06,0.43620852894223006,0.45013142292812747
127.6,1.09612355e-06,0.437111541423074,0.45109164758110454
127.7,1.08749922e-06,0.4380934047379305,0.4521096203619213
127.8,1.079023905e-06,0.4391532448957232,0.4531847902352265
127.9,1.070694485e-06,0.4402893258523517,0.4543157723869783
128.0,1.06250781e-06,0.44149902877618,0.45550035199435585
128.1,1.05446068e-06,0.4427788564462662,0.45673550998681917
128.2,1.04654987e-06,0.44412444707536997,0.45801746325849474
128.3,1.03877211e-06,0.4455306006993312,0.4593417224734807
128.4,1.03112408e-06,0.44699132818591486,0.4607031611808848
128.5,1.02360243e-06,0.4484999027569313,0.4620960962395967
128.6,1.01620377e-06,0.45004893412982216,0.4635143764112007
128.7,1.008924665e-06,0.451630447057477,0.46495147220952554
128.8,1.00176165e-06,0.4532359711777832,0.46640057077674274
128.9,9.9471122e-07,0.4548566409162723,0.4678546682461904
129.0,9.8776984e-07,0.4564832985303593,0.46930665456537474
129.1,9.8093393e-07,0.4581066021801292,0.47074940460215753
129.2,9.74199895e-07,0.45971713651239937,0.47217584914474975
129.3,9.67564115e-07,0.4613055232447802,0.47357905344152773
129.4,9.6102294e-07,0.4628625304931,0.47495227626297537
129.5,9.54572705e-07,0.46437918147051027,0.47628903461849287
129.6,9.48209745e-07,0.465846855018451,0.4775831521369231
129.7,9.41930365e-07,0.4672573873942528,0.4788288093320348
129.8,9.3573089e-07,0.46860316337732316,0.4800205856998632
129.9,9.29607635e-07,0.4698772023487858,0.4811534993027784
130.0,9.2355693e-07,0.47107323934457107,0.48222304384027803
130.1,9.1757513e-07,0.4721857973120466,0.48322522383482525
130.2,9.116586e-07,0.47321025245514475,0.4841565885610494
130.3,9.05803745e-07,0.47414289203966775,0.48501426283335386
130.4,9.00007015e-07,0.4749809615171767,0.4857959815634354
130.5,8.94264895e-07,0.4757227116488823,0.4865001211762107
130.6,8.8857394e-07,0.47636742363838525,0.4871257259991945
130.7,8.82930755e-07,0.47691543991928476,0.48767254030674473
130.8,8.7733202e-07,0.47736817169500095,0.48814103345280396
130.9,8.71774505e-07,0.4777281077352339,0.4885324180921365
131.0,8.6625506e-07,0.477998802437912,0.4888486709148398
131.1,8.6077064e-07,0.47818485697963553,0.4890925383012118
131.2,8.5531829e-07,0.4782918860147951,0.4892675394633429
131.3,8.49895185e-07,0.4783264699233628,0.4893779557637016
131.4,8.4449861e-07,0.4782960919790397,0.4894288074673482
131.5,8.39125985e-07,0.47820906169439437,0.48942582169769017
131.6,8.3377486e-07,0.47807442057308386,0.48937538217099974
131.7,8.28442935e-07,0.47790183215411064,0.48928446322296776
131.8,8.23128045e-07,0.47770146011802767,0.4891605506405693
131.9,8.1782819e-07,0.47748382880022433,0.48901154678596515
132.0,8.1254152e-07,0.477259671766161,0.48884565875580355
132.1,8.07266355e-07,0.47703977536005443,0.4886712815139733
132.2,8.0200118e-07,0.4768348084305563,0.4884968596615275
132.3,7.9674464e-07,0.47665515268474956,0.48833075297651724
132.4,7.91495565e-07,0.47651073178550846,0.4881810925290484
132.5,7.8625295e-07,0.47641084736036166,0.4880556355397015
132.6,7.81015965e-07,0.4763640181519487,0.4879616290344096
132.7,7.7578395e-07,0.47637783676139484,0.4879056791542047
132.8,7.70556435e-07,0.47645884084301204,0.4878936305180597
132.9,7.65333095e-07,0.47661240503351215,0.487930465691923
133.0,7.601138e-07,0.4768426567573234,0.4880202191090805
133.1,7.54898565e-07,0.4771524133947377,0.4881659148666204
133.2,7.49687585e-07,0.47754315275093917,0.48836952588472926
133.3,7.44481205e-07,0.478015003002908,0.4886319538004987
133.4,7.3927992e-07,0.4785667640622506,0.4889530383927032
133.5,7.34084375e-07,0.4791959546990892,0.48933158145790484
133.6,7.28895365e-07,0.47989887788718905,0.48976539833257227
133.7,7.23713805e-07,0.4806707137951009,0.49025138260988965
133.8,7.18540755e-07,0.481505624715356,0.49078558970612113
133.9,7.13377375e-07,0.48239687570162354,0.4913633323650275
134.0,7.0822496e-07,0.48333696840055784,0.49197928747201647
134.1,7.0308489e-07,0.48431777865355685,0.49262760349661155
134.2,6.97958655e-07,0.4853306972401125,0.4933020211296098
134.3,6.92847815e-07,0.486366775019392,0.4939959882653727
134.4,6.8775403e-07,0.48741685801872114,0.4947027730991624
134.5,6.8267901e-07,0.4884717269202988,0.4954155765961577
134.6,6.77624535e-07,0.48952222083994706,0.49612763679233124
134.7,6.72592435e-07,0.4905593560793137,0.4968323299537321
134.8,6.6758458e-07,0.4915744341966595,0.4975232560278064
134.9,6.6260287e-07,0.4925591393962304,0.49819432409471737
135.0,6.57649235e-07,0.4935056258645334,0.49883982336733923
135.1,6.52725615e-07,0.49440659065528575,0.4994544847664735
135.2,6.4783396e-07,0.4952553390345429,0.5000335380978349
135.3,6.4297621e-07,0.49604583977272826,0.5005727541493932
135.4,6.38154305e-07,0.4967727672419756,0.5010684842754405
135.5,6.33370155e-07,0.49743153785860333,0.5015176874142883
135.6,6.2862565e-07,0.4980183396140856,0.5019179558493265
135.7,6.2392264e-07,0.4985301521812452,0.5022675265187582
135.8,6.1926293e-07,0.4989647632505354,0.5025652960952435
135.9,6.1464828e-07,0.49932077921145523,0.5028108253841291
136.0,6.1008039e-07,0.4995976339490084,0.5030043405800865
136.1,6.05560895e-07,0.499795592613615,0.503146732638792
136.2,6.01091365e-07,0.4999157566476592,0.5032395522503793
136.3,5.9667328e-07,0.49996006064389714,0.5032850041845729
136.4,5.9230805e-07,0.49993127862864206,0.5032859403791836
136.5,5.8799699e-07,0.4998330190352157,0.50324584674542
136.6,5.8374132e-07,0.4996697234473118,0.503168834999747
136.7,5.7954216e-07,0.4994466640857217,0.5030596294691969
136.8,5.7540053e-07,0.4991699350118746,0.5029235513834067
136.9,5.71317345e-07,0.4988464471012901,0.5027665044232908
137.0,5.67293395e-07,0.4984839060524287,0.5025949539865304
137.1,5.6332937e-07,0.49809079605041096,0.5024159039397873
137.2,5.59425835e-07,0.49767634395286015,0.5022368677160518
137.3,5.55583225e-07,0.4972504778208805,0.502065831872168
137.4,5.51801865e-07,0.4968237672287955,0.501911215248129
137.5,5.4808195e-07,0.49640734723760654,0.5017818105334535
137.6,5.44423545e-07,0.49601282414721315,0.5016867195503776
137.7,5.4082659e-07,0.49565215485925485,0.5016352722007639
137.8,5.372909e-07,0.4953375092753531,0.5016369284484109
137.9,5.33816155e-07,0.4950810975095153,0.5017011664783544
138.0,5.30401925e-07,0.49489498579080543,0.5018373501216578
138.1,5.2704763e-07,0.4947908790651323,0.5020545818288755
138.2,5.23752585e-07,0.4947798904023486,0.5023615349090057
138.3,5.2051598e-07,0.4948722984652983,0.5027662813702124
138.4,5.1733688e-07,0.4950772917841748,0.5032761002826741
138.5,5.14214245e-07,0.4954027230839748,0.5038972899113425
138.6,5.11146915e-07,0.4958548724084131,0.5046349785920654
138.7,5.0813364e-07,0.4964382290933913,0.5054929425192126
138.8,5.05173045e-07,0.49715531395285495,0.5064734486660426
138.9,5.02263675e-07,0.49800653853544163,0.50757711529799
139.0,4.99403993e-07,0.49899011967316115,0.5088028101850622
139.1,4.96592364e-07,0.5001020499504244,0.5101475858850316
139.2,4.938270875e-07,0.5013361291199705,0.511606659008924
139.3,4.911063925e-07,0.5026840570940085,0.5131734416369447
139.4,4.8842845e-07,0.5041355885105767,0.5148396129467914
139.5,4.857913785e-07,0.5056787344237903,0.5165952436207231
139.6,4.83193254e-07,0.5073000142595728,0.5184289585800599
139.7,4.8063212e-07,0.5089847398156315,0.5203281393037492
139.8,4.781059935e-07,0.5107173181109899,0.5222791487664004
139.9,4.75612876e-07,0.5124815718284372,0.5242675859072894
140.0,4.731507625e-07,0.5142610528454765,0.5262785407276822
140.1,4.707176515e-07,0.5160393482254484,0.5282968581846181
140.2,4.68311551e-07,0.5178003635891884,0.5303073983147808
140.3,4.65930491e-07,0.5195285826105805,0.5322952762521774
140.4,4.635725305e-07,0.5212092944678651,0.53424608842281
140.5,4.61235767e-07,0.5228287854807907,0.5361461198897899
140.6,4.58918342e-07,0.5243745005884763,0.5379825183975713
140.7,4.566184535e-07,0.5258351671281627,0.5397434501949467
140.8,4.543343595e-07,0.5272008897113092,0.5414182213005234
140.9,4.52064386e-07,0.5284632130554481,0.5429973824319178
141.0,4.49806934e-07,0.529615163453207,0.5444728018907052
141.1,4.475604845e-07,0.5306512669935461,0.5458377189694954
141.2,4.45323605e-07,0.5315675457918477,0.547086782279362
141.3,4.43094951e-07,0.5323615060518633,0.5482160635728511
141.4,4.40873274e-07,0.5330321091630615,0.5492230608855734
141.5,4.386574215e-07,0.5335797327448794,0.5501066903680633
141.6,4.36446339e-07,0.5340061310626546,0.5508672598964008
141.7,4.34239075e-07,0.5343143791072766,0.551506443311152
141.8,4.320347785e-07,0.5345088217013853,0.5520272370633896
141.9,4.298327e-07,0.5345950112958365,0.5524339130908041
142.0,4.276321925e-07,0.5345796451378492,0.5527319635256727
142.1,4.254327085e-07,0.5344704980409226,0.5529280378630056
142.2,4.232337985e-07,0.5342763488715678,0.5530298700755976
142.3,4.210351095e-07,0.5340069038944474,0.5530462038441221
142.4,4.1883638e-07,0.5336727132060106,0.5529867014509445
142.5,4.166374375e-07,0.5332850815132621,0.5528618501606613
142.6,4.14438196e-07,0.5328559701160712,0.5526828522643562
142.7,4.122386475e-07,0.5323978944912513,0.5524615151238587
142.8,4.100388605e-07,0.5319238080536316,0.5522101198531701
142.9,4.078389735e-07,0.5314469802622624,0.5519412899998912
143.0,4.056391895e-07,0.5309808684434346,0.5516678426337301
143.1,4.034397705e-07,0.5305389732774177,0.551402638806692
143.2,4.012410315e-07,0.5301346924002422,0.5511584195619429
143.3,3.99043335e-07,0.5297811614391115,0.5509476419426727
143.4,3.96847086e-07,0.5294910937911758,0.5507823099744107
143.5,3.946527235e-07,0.5292766109775299,0.5506738018774299
143.6,3.92460719e-07,0.5291490711122535,0.5506327079605653
143.7,3.90271567e-07,0.52911889862809,0.5506686653734413
143.8,3.880857835e-07,0.5291954165153979,0.5507902110799345
143.9,3.85903898e-07,0.5293866835876523,0.5510046429997794
144.0,3.837264505e-07,0.5296993436849969,0.5513179006280468
144.1,3.81553988e-07,0.5301384849308937,0.5517344663891349
144.2,3.793870585e-07,0.5307075203516013,0.5522572902385453
144.3,3.772262095e-07,0.5314080886018481,0.5528877393974009
144.4,3.75071983e-07,0.5322399779382889,0.5536255769896156
144.5,3.729249145e-07,0.5332010784672978,0.5544689683250799
144.6,3.7078553e-07,0.5342873702069152,0.5554145110589496
144.7,3.68654344e-07,0.5354929343965816,0.5564573011650927
144.8,3.66531858e-07,0.5368100081608502,0.5575910108475863
144.9,3.644185585e-07,0.5382290649341582,0.5588080010097339
145.0,3.623149175e-07,0.5397389332130295,0.5600994425195419
145.1,3.602213915e-07,0.5413269435826105,0.561455460094663
145.2,3.58138421e-07,0.5429791084157704,0.5628652812138879
145.3,3.5606643e-07,0.5446803216783938,0.5643174013649194
145.4,3.540058265e-07,0.5464145851240514,0.565799748035508
145.5,3.519570035e-07,0.5481652489399979,0.5672998503594563
145.6,3.49920338e-07,0.5499152693577688,0.5688050075059841
145.7,3.478961935e-07,0.5516474681487347,0.5703024589540512
145.8,3.458849185e-07,0.5533448034293864,0.571779549111812
145.9,3.43886848e-07,0.5549906335551197,0.5732238913077515
146.0,3.419023055e-07,0.5565689803856981,0.5746235298968677
146.1,3.399316005e-07,0.5580647856392147,0.575967096711984
146.2,3.37975032e-07,0.5594641502814516,0.577243964373472
146.3,3.360328875e-07,0.5607545670037359,0.5784444008556093
146.4,3.34105442e-07,0.5619251307096488,0.579559712743205
146.5,3.321929615e-07,0.5629667320371318,0.5805823884882242
146.6,3.302957e-07,0.5638722270044907,0.5815062341265912
146.7,3.284139e-07,0.5646365834086129,0.5823264951719841
146.8,3.265477925e-07,0.565257000833807,0.583039972854763
146.9,3.24697598e-07,0.5657329954748045,0.5836451152281569
147.0,3.22863523e-07,0.5660664579420642,0.5841420969647173
147.1,3.210457605e-07,0.5662616651998248,0.5845328633386155
147.2,3.19244491e-07,0.5663252623448669,0.5848211553583834
147.3,3.17459877e-07,0.5662661884649274,0.5850124915456761
147.4,3.15692068e-07,0.5660955660546367,0.585114113899879
147.5,3.139411935e-07,0.5658265332544725,0.5851348974202379
147.6,3.122073655e-07,0.5654740321074135,0.5850852093625103
147.7,3.10490676e-07,0.5650545415235649,0.5849767295398633
147.8,3.08791197e-07,0.5645857675191226,0.584822228526434
147.9,3.071089775e-07,0.5640862857031284,0.5846353050201823
148.0,3.054440435e-07,0.5635751504633448,0.5844300930464572
148.1,3.037963985e-07,0.5630714727362025,0.5842209390022703
148.2,3.021660205e-07,0.5625939858386946,0.5840220686474757
148.3,3.005528625e-07,0.5621605999905391,0.5838472402729405
148.4,2.98956852e-07,0.5617879738009413,0.5837094079218126
148.5,2.973778915e-07,0.5614911052332291,0.583620400318751
148.6,2.95815857e-07,0.5612829671801065,0.583590627445173
148.7,2.94270601e-07,0.5611741939327056,0.5836288266985665
148.8,2.92741949e-07,0.5611728355080422,0.5837418605739242
148.9,2.912297055e-07,0.5612841867463745,0.583934569008888
149.0,2.897336495e-07,0.5615106974616539,0.5842096801625185
149.1,2.882535405e-07,0.5618519730698431,0.5845677903091011
149.2,2.867891185e-07,0.5623048543853696,0.5850074034222145
149.3,2.853401035e-07,0.5628635803556253,0.5855250317056944
149.4,2.83906201e-07,0.5635200205388226,0.5861153514166301
149.5,2.82487102e-07,0.5642639722986598,0.5867714045556125
149.6,2.810824865e-07,0.5650835063795125,0.5874848420260054
149.7,2.79692024e-07,0.56596534515419,0.5882461894126839
149.8,2.78315379e-07,0.566895266632749,0.5890451372651963
149.9,2.7695221e-07,0.5678585116129032,0.5898708376641096
150.0,2.75602175e-07,0.5688401845472448,0.5907121970174454
150.1,2.74264932e-07,0.5698256437290526,0.5915581625739299
150.2,2.72940143e-07,0.5708008525223502,0.5923979894583694
150.3,2.716274745e-07,0.5717527079724981,0.5932214894857881
150.4,2.70326601e-07,0.572669318522984,0.5940192466746848
150.5,2.69037207e-07,0.5735402402631901,0.5947828044859546
150.6,2.67758987e-07,0.5743566673089086,0.5955048247874769
150.7,2.6649165e-07,0.575111570660736,0.5961792059780004
150.8,2.65234917e-07,0.5757997880536244,0.5968011722083728
150.9,2.63988525e-07,0.5764180729657253,0.5973673293018912
151.0,2.62752226e-07,0.576965088963524,0.5978756861171318
151.1,2.615257875e-07,0.5774413720027272,0.5983256488930832
151.2,2.603089925e-07,0.577849243091987,0.5987179841783525
151.3,2.5910164e-07,0.578192692053974,0.5990547572559506
151.4,2.579035415e-07,0.578477224215654,0.5993392429220594
151.5,2.56714524e-07,0.578709677567597,0.5995758193002009
151.6,2.55534425e-07,0.5788980179321352,0.5997698358943457
151.7,2.543630935e-07,0.5790511052288706,0.5999274697039693
151.8,2.53200387e-07,0.5791784540853135,0.6000555631178711
151.9,2.52046169e-07,0.5792899705714195,0.6001614536398531
152.0,2.50900308e-07,0.5793956952173093,0.6002527967028932
152.1,2.49762675e-07,0.5795055353495753,0.6003373809434984
152.2,2.4863314e-07,0.5796290093656393,0.6004229497592414
152.3,2.47511571e-07,0.579775006716074,0.600517022237979
152.4,2.4639783e-07,0.5799515629665687,0.6006267304233536
152.5,2.452917735e-07,0.5801656656475035,0.6007586653767523
152.6,2.441932465e-07,0.5804230952893611,0.600918746487053
152.7,2.431020835e-07,0.58072830415725,0.6011121146564741
152.8,2.420181045e-07,0.5810843458792295,0.6013430487342097
152.9,2.409411155e-07,0.5814928478002943,0.6016149221624514
153.0,2.398709045e-07,0.5819540467965304,0.6019301822418762
153.1,2.38807243e-07,0.5824668684432504,0.6022903727511142
153.2,2.377498835e-07,0.5830290652450697,0.6026961867255045
153.3,2.366985605e-07,0.5836374019898738,0.603147555050009
153.4,2.356529895e-07,0.5842878794302145,0.6036437601848657
153.5,2.34612868e-07,0.5849759994337307,0.6041835819354875
153.6,2.33577876e-07,0.5856970502397602,0.6047654564170519
153.7,2.325476775e-07,0.5864464005124133,0.6053876538686436
153.8,2.31521922e-07,0.5872197959069184,0.6060484520691699
153.9,2.30500247e-07,0.5880136361580947,0.6067463135231863
154.0,2.2948228e-07,0.5888252194962598,0.6074800412838915
154.1,2.2846764e-07,0.589652944337479,0.6082489171832053
154.2,2.274559435e-07,0.5904964500269158,0.6090527998494579
154.3,2.264468055e-07,0.5913566878388256,0.6098921944507483
154.4,2.254398425e-07,0.5922359159500078,0.6107682652613136
154.5,2.244346795e-07,0.5931376152451225,0.6116828073871963
154.6,2.23430949e-07,0.5940663215556432,0.6126381638281974
154.7,2.224283005e-07,0.5950273868988144,0.6136370966725778
154.8,2.21426399e-07,0.5960266690882979,0.614682608654596
154.9,2.204249325e-07,0.5970701748492475,0.6157777326677997
155.0,2.19423616e-07,0.5981636627209973,0.6169252886057547
155.1,2.184221925e-07,0.5993122302517867,0.6181276257514474
155.2,2.17420439e-07,0.6005199099899462,0.6193863588835018
155.3,2.16418168e-07,0.601789286837911,0.6207021156921301
155.4,2.15415232e-07,0.6031211644150818,0.6220743049295947
155.5,2.14411526e-07,0.6045142929959012,0.6235009210031458
155.6,2.13406988e-07,0.6059651785010197,0.6249783925502546
155.7,2.12401604e-07,0.6074679693999608,0.6265014844209233
155.8,2.113954055e-07,0.6090144447730688,0.6280632631201652
155.9,2.10388474e-07,0.6105940865681392,0.6296551150292431
156.0,2.09380939e-07,0.6121942366800521,0.631266840025129
156.1,2.0837298e-07,0.6138003350834954,0.6328867959937673
156.2,2.073648235e-07,0.6153962182842663,0.6345020709893516
156.3,2.06356744e-07,0.6169644718059674,0.6360987603227974
156.4,2.053490605e-07,0.618486815349266,0.6376622178891536
156.5,2.043421365e-07,0.6199445105706204,0.6391773766100534
156.6,2.033363755e-07,0.6213187776574661,0.6406290311770535
156.7,2.02332219e-07,0.6225912056202161,0.6420022024763817
156.8,2.013301425e-07,0.6237441431063867,0.6432824140490901
156.9,2.00330652e-07,0.624761072250124,0.6444560376662476
157.0,1.9933428e-07,0.6256269498491654,0.6455105383731663
157.1,1.983415795e-07,0.6263285114710092,0.6464347697991112
157.2,1.97353121e-07,0.6268545466564301,0.6472191877856007
157.3,1.96369486e-07,0.6271961326539736,0.6478560702978923
157.4,1.953912645e-07,0.6273468335969291,0.6483396807878007
157.5,1.94419046e-07,0.627302864494468,0.6486664001405886
157.6,1.93453417e-07,0.627063221293578,0.6488348523386742
157.7,1.92494955e-07,0.6266297751268438,0.6488459547271119
157.8,1.915442235e-07,0.6260073364009363,0.6487029934118177
157.9,1.90601766e-07,0.6252036818143103,0.648411585560456
158.0,1.896681035e-07,0.6242295487023373,0.6479796856856258
158.1,1.88743727e-07,0.6230985841435044,0.6474175165298218
158.2,1.878290965e-07,0.6218272632780055,0.6467374873840257
158.3,1.869246335e-07,0.6204347504493463,0.6459540495744441
158.4,1.86030721e-07,0.618942715107014,0.6450835330996904
158.5,1.851476975e-07,0.6173750930454363,0.6441439769847813
158.6,1.842758555e-07,0.6157577841827679,0.6431548339714279
158.7,1.834154405e-07,0.6141182937910096,0.6421367568897349
158.8,1.82566647e-07,0.6124853052394071,0.6411112405166384
158.9,1.817296185e-07,0.6108882005874126,0.6401002760007131
159.0,1.809044455e-07,0.6093565221157031,0.6391260178533524
159.1,1.80091168e-07,0.6079193917598591,0.6382103252762401
159.2,1.79289773e-07,0.6066049010130702,0.6373743788870463
159.3,1.78500195e-07,0.6054394895191092,0.6366382660291984
159.4,1.777223205e-07,0.6044473349750382,0.6360205283825378
159.5,1.769559855e-07,0.6036497731932046,0.635537810104943
159.6,1.762009795e-07,0.6030647809950908,0.6352044619916559
159.7,1.754570485e-07,0.602706537016661,0.635032258731942
159.8,1.747238955e-07,0.6025850868145844,0.6350301350153083
159.9,1.74001186e-07,0.6027061304945717,0.6352039907527579
160.0,1.732885495e-07,0.6030709366317363,0.6355566408113087
160.1,1.725855825e-07,0.6036763887661658,0.6360877584653246
160.2,1.718918555e-07,0.6045151682436144,0.6367939947770368
160.3,1.712069115e-07,0.6055760495252125,0.637669097977065
160.4,1.705302755e-07,0.6068443004263703,0.6387041836413844
160.5,1.69861453e-07,0.6083021627804539,0.6398879985851101
160.6,1.691999385e-07,0.6099293902794483,0.6412072790040585
160.7,1.685452165e-07,0.6117038145889523,0.6426471148994959
160.8,1.67896766e-07,0.6136019202596356,0.6441913396356268
160.9,1.67254065e-07,0.6155994026740927,0.645822913213898
161.0,1.666165925e-07,0.6176716920644988,0.6475242929809321
161.1,1.65983833e-07,0.6197944272647805,0.6492777603541625
161.2,1.653552795e-07,0.6219438773123512,0.6510657726802119
161.3,1.64730436e-07,0.6240972914215324,0.6528711831463769
161.4,1.641088205e-07,0.6262331949215809,0.6546775298071527
161.5,1.63489968e-07,0.6283316185929535,0.6564691612479391
161.6,1.62873431e-07,0.6303742570035763,0.6582314502133408
161.7,1.622587835e-07,0.632344626216796,0.6599508815717624
161.8,1.616456215e-07,0.6342281052604026,0.6616151402800016
161.9,1.61033565e-07,0.6360120083832612,0.6632132119142149
162.0,1.604222575e-07,0.6376855913384962,0.6647353763867322
162.1,1.59811371e-07,0.6392400765162337,0.6661733084770215
162.2,1.59200601e-07,0.6406686089613035,0.6675200464157623
162.3,1.58589672e-07,0.6419662626564246,0.6687700672830699
162.4,1.579783355e-07,0.6431300216726499,0.6699192430261971
162.5,1.573663705e-07,0.6441587299038826,0.6709649032913885
162.6,1.567535835e-07,0.6450531036332476,0.6719058417070652
162.7,1.56139807e-07,0.6458156812676095,0.6727422781847129
162.8,1.555249025e-07,0.6464507982048298,0.6734759343171057
162.9,1.54908756e-07,0.6469645617010272,0.6741099642632679
163.0,1.542912815e-07,0.6473647943219093,0.6746489673148444
163.1,1.53672416e-07,0.6476609836772897,0.6750989564801738
163.2,1.530521235e-07,0.6478641881733092,0.6754673019356219
163.3,1.52430391e-07,0.6479869176319143,0.6757626430609859
163.4,1.518072285e-07,0.6480429887775956,0.6759947941917156
163.5,1.511826695e-07,0.6480473241754575,0.6761746063888364
163.6,1.50556768e-07,0.6480157197533625,0.6763137789433905
163.7,1.499296e-07,0.647964555775406,0.6764246394649504
163.8,1.49301262e-07,0.6479104387003554,0.6765199176869484
163.9,1.48671869e-07,0.647869849323271,0.6766124375905966
164.0,1.48041555e-07,0.6478587155189066,0.6767148095288066
164.1,1.474104725e-07,0.6478919661355522,0.6768390909341826
164.2,1.4677879e-07,0.6479830911720622,0.6769964533102009
164.3,1.461466935e-07,0.6481437145212551,0.6771968366560175
164.4,1.45514383e-07,0.6483831981292382,0.6774486353072026
164.5,1.448820745e-07,0.6487083089865876,0.6777584214755878
164.6,1.442499965e-07,0.6491229803673054,0.6781307190545942
164.7,1.436183905e-07,0.6496281358996321,0.6785678653891559
164.8,1.4298751e-07,0.6502216958492307,0.679069923311126
164.9,1.42357619e-07,0.6508986273846704,0.6796347125552031
165.0,1.41728991e-07,0.6516511833384672,0.680257916573081
165.1,1.411019075e-07,0.6524692037999795,0.6809332647458232
165.2,1.40476657e-07,0.6533405496551938,0.681652827693572
165.3,1.39853534e-07,0.654251592675179,0.6824073440011846
165.4,1.39232837e-07,0.6551877558700221,0.6831865846429811
165.5,1.386148675e-07,0.6561340601259512,0.6839797865225301
165.6,1.37999928e-07,0.657075695975197,0.6847760420301383
165.7,1.373883195e-07,0.657998519967633,0.6855646948835249
165.8,1.36780342e-07,0.6588895196264882,0.6863356919861983
165.9,1.361762905e-07,0.6597371841562799,0.6870799164362779
166.0,1.355764545e-07,0.6605318311684495,0.6877894011547939
166.1,1.34981115e-07,0.6612657763273665,0.6884575236644329
166.2,1.343905435e-07,0.6619334652972192,0.6890791506027987
166.3,1.338050005e-07,0.6625315177243125,0.6896506440055985
166.4,1.332247315e-07,0.663058639272473,0.6901698927225691
166.5,1.32649968e-07,0.663515508525714,0.690636211886512
166.6,1.320809235e-07,0.663904613625417,0.691050248665514
166.7,1.31517792e-07,0.6642299569606227,0.6914138503160551
166.8,1.30960749e-07,0.6644968603892863,0.6917298505547091
166.9,1.304099455e-07,0.664711581963974,0.6920018873457687
167.0,1.29865511e-07,0.6648810771708203,0.6922342018393164
167.1,1.29327549e-07,0.6650126345047822,0.6924314247429235
167.2,1.28796138e-07,0.6651135675935567,0.6925983438437939
167.3,1.2827133e-07,0.6651909575869852,0.6927397155132056
167.4,1.277531505e-07,0.665251313865046,0.6928600824941351
167.5,1.27241596e-07,0.6653003918254804,0.6929635916888857
167.6,1.26736637e-07,0.6653429352731952,0.6930538496458233
167.7,1.26238216e-07,0.6653825193406305,0.6931337968956719
167.8,1.257462475e-07,0.6654214248240525,0.6932056137037329
167.9,1.25260621e-07,0.6654605565021456,0.6932706509548475
168.0,1.24781198e-07,0.6654993928705294,0.6933293987374697
168.1,1.24307818e-07,0.6655360426904261,0.6933814989100369
168.2,1.23840295e-07,0.6655672764045881,0.6934257576673406
168.3,1.23378422e-07,0.6655886957833003,0.6934602460714917
168.4,1.229219715e-07,0.6655948784376425,0.6934823754501436
168.5,1.22470698e-07,0.6655796228637167,0.693489073325681
168.6,1.220243405e-07,0.6655362374691707,0.6934769342116676
168.7,1.21582623e-07,0.6654578735820195,0.6934424583738871
168.8,1.21145259e-07,0.6653378647426524,0.6933822717418296
168.9,1.207119525e-07,0.6651701728099891,0.6932933960856595
169.0,1.202824015e-07,0.6649498026517103,0.6931735631754811
169.1,1.19856299e-07,0.6646732545336002,0.6930214912414914
169.2,1.19433338e-07,0.6643389765088876,0.6928372054164317
169.3,1.190132125e-07,0.663947835657145,0.6926223141957409
169.4,1.185956205e-07,0.6635034950754066,0.6923803361631907
169.5,1.18180265e-07,0.6630127908692866,0.692116888486446
169.6,1.17766859e-07,0.6624860023299473,0.6918399193949203
169.7,1.173551265e-07,0.6619370341464736,0.6915597772948143
169.8,1.169448035e-07,0.6613834038395021,0.6912892610345991
169.9,1.165356415e-07,0.6608461349470706,0.69104351937405
170.0,1.16127408e-07,0.660349367467129,0.6908398122232059
170.1,1.15719889e-07,0.6599198426363448,0.6906971399344358
170.2,1.1531289e-07,0.6595860923991982,0.6906357532139846
170.3,1.14906236e-07,0.6593774403815172,0.6906764619715898
170.4,1.144997735e-07,0.6593228583507539,0.6908398876214297
170.5,1.140933705e-07,0.6594496027647703,0.6911455520202533
170.6,1.13686917e-07,0.6597818638869992,0.6916109726886973
170.7,1.13280325e-07,0.6603393834856759,0.6922506763511919
170.8,1.128735275e-07,0.6611361919135912,0.6930753632723151
170.9,1.1246648e-07,0.6621795839488868,0.6940911030090737
171.0,1.120591575e-07,0.6634693271137062,0.6952987500746696
171.1,1.11651555e-07,0.6649972972494473,0.6966935732305664
171.2,1.11243686e-07,0.6667474910831328,0.6982651549555247
171.3,1.10835582e-07,0.6686964597671963,0.6999975359588643
171.4,1.1042729e-07,0.6708141005608309,0.7018696864193621
171.5,1.10018872e-07,0.6730648129360863,0.703856159436524
171.6,1.09610403e-07,0.6754088871618211,0.7059279958092693
171.7,1.09201969e-07,0.677804037400918,0.708053754478321
171.8,1.087936655e-07,0.6802069913561664,0.7102006246500046
171.9,1.083855975e-07,0.682575035933848,0.712335544203234
172.0,1.079778735e-07,0.6848674749427285,0.7144263243796805
172.1,1.075706095e-07,0.687046866881562,0.7164426613766075
172.2,1.071639215e-07,0.6890800805142241,0.7183569908600723
172.3,1.067579295e-07,0.6909391179669859,0.7201452482303488
172.4,1.063527515e-07,0.6926016990647481,0.7217874466749744
172.5,1.059485045e-07,0.6940516069062328,0.7232680792926113
172.6,1.05545302e-07,0.6952788637931724,0.7245763641372722
172.7,1.05143255e-07,0.6962797060975677,0.7257063698820272
172.8,1.047424685e-07,0.6970563957661294,0.7266569467039651
172.9,1.043430415e-07,0.6976169124441977,0.7274315943373021
173.0,1.03945067e-07,0.6979745450686969,0.7280381981795984
173.1,1.03548631e-07,0.6981473515142004,0.7284886460174553
173.2,1.03153812e-07,0.6981575679735097,0.7287984259026552
173.3,1.027606815e-07,0.6980309555063848,0.7289860857982248
173.4,1.02369302e-07,0.6977960649068612,0.7290727057908696
173.5,1.019797295e-07,0.6974834638714584,0.729081244639702
173.6,1.015920125e-07,0.6971249453178308,0.7290359303072667
173.7,1.01206193e-07,0.6967526665883803,0.7289615499596003
173.8,1.008223045e-07,0.6963983263529819,0.7288828090813307
173.9,1.00440377e-07,0.696092328945337,0.7288236151925517
174.0,1.00060433e-07,0.6958629424161424,0.7288064243975513
174.1,9.96824905e-08,0.6957355445508541,0.7288516381990218
174.2,9.93065645e-08,0.6957319128697466,0.7289770065954558
174.3,9.8932665e-08,0.6958696151589386,0.7291971317095076
174.4,9.85608e-08,0.6961614942491984,0.7295230656641323
174.5,9.81909755e-08,0.6966152973080094,0.7299619964233212
174.6,9.7823196e-08,0.6972334496449004,0.7305170341638015
174.7,9.74574655e-08,0.6980129855964062,0.7311871358768123
174.8,9.70937875e-08,0.6989456113579215,0.7319671681999573
174.9,9.6732166e-08,0.7000179940102245,0.7328480582136534
175.0,9.6372606e-08,0.7012121385105952,0.7338170761844678
175.1,9.6015114e-08,0.7025059091971965,0.7348582376889793
175.2,9.5659697e-08,0.7038737272226429,0.7359527811358606
175.3,9.5306365e-08,0.7052872868371256,0.7370797395357417
175.4,9.49551285e-08,0.7067164036184289,0.7382165499701843
175.5,9.4606001e-08,0.7081298815515027,0.7393397321756957
175.6,9.42589965e-08,0.7094963926744052,0.7404255545613707
175.7,9.3914132e-08,0.7107853630074319,0.7414507065097196
175.8,9.3571424e-08,0.7119678333495019,0.7423929958102372
175.9,9.32308915e-08,0.7130172509595071,0.743231970694749
176.0,9.2892553e-08,0.7139102046889928,0.7439494853240877
176.1,9.25564275e-08,0.7146270721502448,0.7445302778411421
176.2,9.22225325e-08,0.7151525977693373,0.7449623913442728
176.3,9.1890886e-08,0.7154763137595485,0.7452375760111714
176.4,9.1561503e-08,0.7155929108292938,0.7453515969749407
176.5,9.12343965e-08,0.7155024078281292,0.7453044228196544
176.6,9.0909578e-08,0.715210271127272,0.7451003072617653
176.7,9.05870535e-08,0.7147273329381915,0.7447477954332913
176.8,9.0266826e-08,0.7140696028170506,0.744259560518997
176.9,8.9948895e-08,0.7132579158063279,0.7436521649953519
177.0,8.9633254e-08,0.7123174109304374,0.7429456208075595
177.1,8.9319891e-08,0.7112769154435685,0.7421629181306589
177.2,8.9008789e-08,0.7101681468651517,0.7413293593518819
177.3,8.8699925e-08,0.7090248082011749,0.7404718239379727
177.4,8.839327e-08,0.7078815952009042,0.7396179453379124
177.5,8.80887895e-08,0.7067731219321969,0.7387952564697168
177.6,8.77864425e-08,0.7057328400736284,0.7380302912249384
177.7,8.7486182e-08,0.7047919644898047,0.7373477299554634
177.8,8.71879555e-08,0.7039784867712695,0.7367696203585352
177.9,8.68917055e-08,0.70331628302219,0.7363146863263689
178.0,8.65973695e-08,0.7028244227099733,0.7359977875922159
178.1,8.6304881e-08,0.7025166283113304,0.7358295553056162
178.2,8.60141685e-08,0.7024010114184931,0.7358162161032091
178.3,8.5725159e-08,0.7024800099073603,0.7359595795423629
178.4,8.54377755e-08,0.7027505701498727,0.736257214030364
178.5,8.51519405e-08,0.703204542854687,0.7367028489482758
178.6,8.48675745e-08,0.7038292862529653,0.7372867767747986
178.7,8.45845985e-08,0.7046083446823878,0.7379965191039122
178.8,8.43029345e-08,0.705522315666726,0.7388174172642952
178.9,8.40225045e-08,0.7065497232786001,0.7397333486024493
179.0,8.37432345e-08,0.7076678726526804,0.7407273736507863
179.1,8.34650515e-08,0.7088537107820752,0.7417824021452708
179.2,8.31878885e-08,0.7100846244828635,0.7428817773616533
179.3,8.2911681e-08,0.7113391126949243,0.7440097410711835
179.4,8.26363705e-08,0.7125973645349841,0.7451519173458786
179.5,8.2361903e-08,0.7138417242523298,0.7462955890186767
179.6,8.20882315e-08,0.7150570493703711,0.7474299490108496
179.7,8.1815315e-08,0.7162308991821995,0.7485462511284496
179.8,8.1543118e-08,0.7173536981134072,0.7496378414782365
179.9,8.12716135e-08,0.7184187105893448,0.750700152184492
180.0,8.100078e-08,0.7194219907696393,0.7517306134244254
180.1,8.0730603e-08,0.7203622191853762,0.7527284837821704
180.2,8.04610745e-08,0.7212405142435404,0.75369464290367
180.3,8.0192194e-08,0.7220601243509354,0.7546313778683763
180.4,7.99239655e-08,0.7228261514540308,0.7555420753131695
180.5,7.96564005e-08,0.7235451928973992,0.7564309449722056
180.6,7.93895145e-08,0.7242249895653389,0.7573026992344649
180.7,7.91233285e-08,0.7248740049084587,0.7581622389844871
180.8,7.88578675e-08,0.725501085651671,0.7590143582926615
180.9,7.85931595e-08,0.7261150533871474,0.7598634428223325
181.0,7.83292375e-08,0.7267243464327552,0.760713212219202
181.1,7.8066134e-08,0.7273366679736812,0.7615664625007317
181.2,7.7803885e-08,0.7279586907527212,0.7624249089765104
181.3,7.7542527e-08,0.7285957806101281,0.7632890103190656
181.4,7.72820965e-08,0.7292517891384948,0.7641579120151955
181.5,7.70226295e-08,0.729928896603123,0.7650293898173013
181.6,7.6764162e-08,0.7306275553933549,0.7658999314247963
181.7,7.65067265e-08,0.7313464586066464,0.7667648181655149
181.8,7.62503545e-08,0.7320826342963473,0.7676183009249009
181.9,7.59950755e-08,0.7328315962681485,0.7684538766061615
182.0,7.5740915e-08,0.7335875702747525,0.7692645206081232
182.1,7.54878955e-08,0.734343783042398,0.7700430638163505
182.2,7.52360355e-08,0.7350928392619788,0.7707825444615231
182.3,7.498535e-08,0.7358270671642345,0.771476541128257
182.4,7.473585e-08,0.7365389646259085,0.7721195560294085
182.5,7.44875435e-08,0.7372215824440512,0.772707304032598
182.6,7.42404325e-08,0.7378688824775821,0.7732369765539931
182.7,7.39945175e-08,0.738476089505668,0.7737074300538683
182.8,7.37497935e-08,0.7390398734400959,0.7741192425852714
182.9,7.35062535e-08,0.7395585503872036,0.7744747075108398
183.0,7.3263886e-08,0.7400320826478791,0.7747777329718345
183.1,7.3022678e-08,0.740462009602523,0.7750335779943575
183.2,7.2782613e-08,0.7408512717818586,0.7752485885955692
183.3,7.2543673e-08,0.7412039155572241,0.7754297830934577
183.4,7.2305839e-08,0.74152476013175,0.7755844751157204
183.5,7.2069089e-08,0.7418189702837586,0.7757198526263489
183.6,7.1833402e-08,0.7420916479597196,0.7758425569522128
183.7,7.1598756e-08,0.7423474552831307,0.7759583560574241
183.8,7.13651285e-08,0.7425902375634001,0.7760718806495542
183.9,7.1132498e-08,0.7428227719684336,0.7761864168345188
184.0,7.0900844e-08,0.7430466167281872,0.77630384956791
184.1,7.06701465e-08,0.7432620357364439,0.7764246815045523
184.2,7.04403875e-08,0.7434680550994809,0.7765481398126531
184.3,7.02115495e-08,0.7436626579148149,0.7766723960852879
184.4,6.99836185e-08,0.7438430544481693,0.7767948428005542
184.5,6.9756581e-08,0.7440059962927404,0.7769123949144663
184.6,6.95304265e-08,0.7441481784930566,0.7770218731352585
184.7,6.9305146e-08,0.74426667936795,0.7771203369322074
184.8,6.90807325e-08,0.7443593312184896,0.7772054489603784
184.9,6.8857182e-08,0.7444251224518412,0.777275782936707
185.0,6.86344915e-08,0.7444645180237172,0.7773311001001514
185.1,6.84126595e-08,0.744479691916234,0.7773725502736228
185.2,6.81916875e-08,0.7444747030671001,0.7774027975276917
185.3,6.7971577e-08,0.7444555519182838,0.7774261269947371
185.4,6.7752332e-08,0.7444301490000869,0.777448356904354
185.5,6.75339565e-08,0.7444081327187705,0.7774768008842395
185.6,6.7316456e-08,0.7444006682946256,0.7775200480487089
185.7,6.7099836e-08,0.7444200770540395,0.777587692821726
185.8,6.6884102e-08,0.744479428022451,0.77769004591038
185.9,6.6669261e-08,0.7445920352695263,0.77783772589784
186.0,6.6455318e-08,0.744770942687963,0.7780412319867541
186.1,6.6242279e-08,0.7450283270908863,0.7783104853267228
186.2,6.60301485e-08,0.7453749515747274,0.7786543640585847
186.3,6.58189315e-08,0.7458195811829901,0.7790802383587052
186.4,6.56086315e-08,0.7463684425523134,0.7795935306160048
186.5,6.53992515e-08,0.747024796655872,0.7801973321576541
186.6,6.51907925e-08,0.7477884989804038,0.7808920639570689
186.7,6.4983257e-08,0.7486557544819831,0.7816752504392382
186.8,6.4776645e-08,0.7496189039577207,0.7825413498347211
186.9,6.4570957e-08,0.7506664177625778,0.7834817541796467
187.0,6.4366191e-08,0.7517829649244049,0.784484827014826
187.1,6.41623475e-08,0.7529496770377243,0.7855361735627205
187.2,6.39594245e-08,0.7541445378212202,0.7866188983380389
187.3,6.3757421e-08,0.755342898338932,0.7877141140857481
187.4,6.3556336e-08,0.7565181995665664,0.7888014758518234
187.5,6.33561695e-08,0.7576427263737336,0.789859803018594
187.6,6.3156922e-08,0.7586885185858164,0.7908678395701662
187.7,6.29585935e-08,0.7596283762936203,0.7918049703755466
187.8,6.27611875e-08,0.760436871446207,0.7926520317195488
187.9,6.2564707e-08,0.761091434841953,0.7933920841345842
188.0,6.23691575e-08,0.7615733740045696,0.7940111224006036
188.1,6.2174545e-08,0.7618688847759368,0.7944987729786644
188.2,6.19808785e-08,0.761969912112491,0.7948488155153126
188.3,6.17881675e-08,0.7618749103506465,0.7950596540814803
188.4,6.1596424e-08,0.7615893395784351,0.7951345684998979
188.5,6.1405661e-08,0.7611259986443277,0.7950818651415411
188.6,6.12158935e-08,0.760504987458122,0.7949147449787408
188.7,6.1027138e-08,0.7597533865484919,0.7946510648241397
188.8,6.0839411e-08,0.7589046413108275,0.7943128472422395
188.9,6.06527315e-08,0.7579975252816593,0.7939256208149434
189.0,6.0467117e-08,0.7570748520856707,0.793517565628354
189.1,6.0282587e-08,0.7561819046393702,0.7931185330958657
189.2,6.00991595e-08,0.755364663292836,0.7927589589671062
189.3,5.9916851e-08,0.7546679020245669,0.7924686946554704
189.4,5.9735679e-08,0.7541333474681879,0.7922758322824667
189.5,5.95556565e-08,0.7537978505055258,0.792205579987547
189.6,5.93767965e-08,0.7536918217534672,0.7922792314857179
189.7,5.91991065e-08,0.7538379937764534,0.7925133304038927
189.8,5.90225935e-08,0.7542504723254992,0.7929189414313976
189.9,5.88472575e-08,0.7549342902320354,0.7935012670456671
190.0,5.8673097e-08,0.7558852943105742,0.7942594338839433
190.1,5.8500103e-08,0.7570905223498268,0.7951865430087588
190.2,5.83282635e-08,0.7585288502807904,0.7962700029167582
190.3,5.8157559e-08,0.7601719974863974,0.7974919882112251
190.4,5.7987965e-08,0.761985664058056,0.7988301747347629
190.5,5.7819452e-08,0.7639308628309351,0.8002584747019763
190.6,5.7651982e-08,0.7659652577024351,0.8017479728940815
190.7,5.7485513e-08,0.7680445082338428,0.8032678188712205
190.8,5.7319996e-08,0.7701235262873942,0.8047861317511446
190.9,5.71553765e-08,0.7721576384155553,0.8062708798551576
191.0,5.69915935e-08,0.7741035974538565,0.8076906975222063
191.1,5.6828582e-08,0.7759205061491337,0.8090156202415606
191.2,5.66662715e-08,0.7775705460090228,0.8102177695200128
191.3,5.65045885e-08,0.7790196307532323,0.8112718932358128
191.4,5.6343454e-08,0.7802379152515532,0.8121559248421626
191.5,5.61827885e-08,0.7812002856123126,0.8128513980574437
191.6,5.6022509e-08,0.7818867173239367,0.8133438301395232
191.7,5.58625325e-08,0.7822826585292539,0.8136230988768715
191.8,5.57027755e-08,0.7823793127688342,0.8136836939159738
191.9,5.55431555e-08,0.7821739845561809,0.8135250057878557
192.0,5.5383592e-08,0.7816703684042545,0.8131515206868263
192.1,5.5224008e-08,0.7808788127192561,0.8125729838332971
192.2,5.50643285e-08,0.7798165459952977,0.8118044937215614
192.3,5.49044865e-08,0.7785078715931477,0.810866508402979
192.4,5.47444185e-08,0.776984205439342,0.8097847198222713
192.5,5.4584069e-08,0.7752839377961074,0.808589764790996
192.6,5.44233905e-08,0.7734521442348375,0.8073168291468732
192.7,5.42623435e-08,0.7715399133352653,0.8060049063379193
192.8,5.4100898e-08,0.76960338535811,0.8046959366260601
192.9,5.39390335e-08,0.7677023950770522,0.803433632131477
193.0,5.3776741e-08,0.7658986496549937,0.8022620568327298
193.1,5.36140205e-08,0.7642535986442385,0.8012240494872425
193.2,5.34508855e-08,0.7628259395619265,0.800359495755345
193.3,5.3287358e-08,0.7616689915185743,0.7997035437756462
193.4,5.31234735e-08,0.7608280751298026,0.7992850082359643
193.5,5.2959276e-08,0.7603381437554753,0.7991249063911521
193.6,5.27948225e-08,0.7602218985441072,0.7992354967357438
193.7,5.2630179e-08,0.7604886134772116,0.7996197072340925
193.8,5.24654215e-08,0.7611338086436646,0.8002712170017793
193.9,5.23006345e-08,0.7621398408591237,0.8011750594914023
194.0,5.2135911e-08,0.7634773487986483,0.8023087848818592
194.1,5.1971351e-08,0.7651074395451871,0.8036440057419321
194.2,5.18070615e-08,0.7669843903592596,0.8051482568531386
194.3,5.1643153e-08,0.769058538944198,0.8067869178644363
194.4,5.1479741e-08,0.7712791674282026,0.8085250982478145
194.5,5.13169435e-08,0.7735971287358008,0.8103292834928445
194.6,5.1154879e-08,0.7759669514549243,0.8121687236906332
194.7,5.09936665e-08,0.7783485111642018,0.8140164262771008
194.8,5.08334235e-08,0.7807080043266804,0.8158498220506238
194.9,5.0674265e-08,0.7830184760773924,0.8176510353490037
195.0,5.05163015e-08,0.7852597636746871,0.8194068589167244
195.1,5.0359639e-08,0.7874181509250388,0.8211084837279854
195.2,5.0204376e-08,0.789485689599034,0.8227510340309884
195.3,5.0050604e-08,0.7914593009358721,0.8243329767285181
195.4,4.9898406e-08,0.793339858298311,0.8258554553603009
195.5,4.97478551e-08,0.7951311630134613,0.827321567536693
195.6,4.959901425e-08,0.7968389767622499,0.8287356800714827
195.7,4.94519353e-08,0.7984700791016232,0.8301027629642481
195.8,4.930665845e-08,0.8000314632168278,0.8314277673650114
195.9,4.916321195e-08,0.8015295379568775,0.8327150538043757
196.0,4.902161185e-08,0.8029695057992062,0.8339679209546275
196.1,4.888186175e-08,0.8043548099293626,0.8351881658067642
196.2,4.874395295e-08,0.8056866692852961,0.8363757569448594
196.3,4.860786465e-08,0.806963720415795,0.8375285455195383
196.4,4.84735641e-08,0.8081817535867037,0.8386420704692326
196.5,4.834100735e-08,0.8093335431349187,0.8397094328564751
196.6,4.82101396e-08,0.8104087406542391,0.8407212393192315
196.7,4.808089605e-08,0.8113938938449226,0.8416656020709006
196.8,4.79532026e-08,0.8122725407614636,0.8425282645640204
196.9,4.782697695e-08,0.8130253983081553,0.8432927711362714
197.0,4.77021294e-08,0.8136307392302049,0.8439407623201862
197.1,4.757856415e-08,0.8140647879544102,0.8444523267015261
197.2,4.745618015e-08,0.8143023991731718,0.8448065664059596
197.3,4.733487255e-08,0.8143178306762863,0.8449822065680365
197.4,4.721453355e-08,0.8140857800765214,0.8449584624107606
197.5,4.70950539e-08,0.8135826163139372,0.8447160131393125
197.6,4.697632385e-08,0.812787875053988,0.8442381894630722
197.7,4.68582345e-08,0.811686036828965,0.8435124124450545
197.8,4.674067855e-08,0.8102684559758858,0.8425317328823099
197.9,4.66235517e-08,0.808535559751351,0.8412965717482539
198.0,4.650675345e-08,0.8064990223136613,0.8398164669181829
198.1,4.6390188e-08,0.8041838758730807,0.8381117821956773
198.2,4.6273765e-08,0.8016302699837222,0.8362151210292961
198.3,4.615740035e-08,0.798894608800088,0.834172231291261
198.4,4.604101675e-08,0.7960496578912207,0.8320421435075327
198.5,4.592454415e-08,0.7931834446832742,0.8298962409463866
198.6,4.580792005e-08,0.7903965252739039,0.8278160479371826
198.7,4.56910899e-08,0.7877976804503336,0.8258897050034103
198.8,4.55740072e-08,0.7854980534774617,0.8242070993940741
198.9,4.545663345e-08,0.7836042134612836,0.822854178800991
199.0,4.5338938e-08,0.7822107788893398,0.8219068629522276
199.1,4.52208981e-08,0.7813934684277671,0.8214253196302852
199.2,4.51024985e-08,0.7812034020722249,0.8214494030795677
199.3,4.498373105e-08,0.7816634883163432,0.8219957825906947
199.4,4.486459415e-08,0.7827671926474024,0.8230572325005632
199.5,4.47450927e-08,0.7844799072807305,0.8246039013957784
199.6,4.462523695e-08,0.786742444610734,0.8265864914044206
199.7,4.450504235e-08,0.789476158006923,0.8289405558947938
199.8,4.438452885e-08,0.7925888794240262,0.83159147575819
199.9,4.426372005e-08,0.7959810203749251,0.8344593414438726
200.0,4.41426428e-08,0.799551113700094,0.8374634140206442
200.1,4.40213265e-08,0.8032005699388777,0.840525725442028
200.2,4.38998025e-08,0.8068372336123762,0.8435738180150615
200.3,4.37781034e-08,0.810377934196678,0.846542560240851
200.4,4.365626275e-08,0.813749968954594,0.8493751646905895
200.5,4.353431435e-08,0.8168917438205576,0.8520236026957895
200.6,4.341229195e-08,0.8197528362324791,0.8544485226668715
200.7,4.32902288e-08,0.8222935678751432,0.8566188605356776
200.8,4.316815735e-08,0.824484294680271,0.8585113056847177
200.9,4.30461091e-08,0.8263046339947258,0.8601096286463433
201.0,4.292411435e-08,0.8277425535186445,0.861404040217846
201.1,4.28022021e-08,0.8287935733409029,0.8623905631429262
201.2,4.268039995e-08,0.8294600056736943,0.863070485474572
201.3,4.255873435e-08,0.8297502762685154,0.8634498704866048
201.4,4.243723055e-08,0.8296783903454159,0.8635391671161905
201.5,4.23159126e-08,0.8292634236549886,0.863352858105462
201.6,4.21948038e-08,0.8285291957527327,0.8629092275236634
201.7,4.207392675e-08,0.8275038867247513,0.8622300905901809
201.8,4.195330385e-08,0.8262197984267082,0.861340655444467
201.9,4.18329571e-08,0.8247130843068614,0.860269290668184
202.0,4.171290895e-08,0.8230234289636106,0.8590473493560145
202.1,4.159318215e-08,0.8211937339862334,0.8577089052218789
202.2,4.14738004e-08,0.8192696781319128,0.8562904447228566
202.3,4.135478825e-08,0.8172991581222459,0.8548304335193979
202.4,4.123617165e-08,0.8153315786433024,0.8533687447054621
202.5,4.11179779e-08,0.8134169098678309,0.8519459173926514
202.6,4.10002361e-08,0.811604569048272,0.8506022267987846
202.7,4.08829769e-08,0.8099420382159925,0.8493765407081717
202.8,4.0766233e-08,0.8084732996681422,0.8483049874363294
202.9,4.06500386e-08,0.8072370829589544,0.8474194541486914
203.0,4.05344299e-08,0.8062650239264514,0.8467459783651708
203.1,4.041944455e-08,0.805579955666039,0.8463032085797592
203.2,4.030512165e-08,0.8051943063182548,0.8461009968270182
203.3,4.01915014e-08,0.8051090120777098,0.8461393619565039
203.4,4.00786249e-08,0.8053130082550781,0.8464080058274975
203.5,3.99665336e-08,0.8057834554717679,0.8468864703886394
203.6,3.9855269e-08,0.8064869523146861,0.8475450990052791
203.7,3.97448721e-08,0.8073814579909429,0.8483467643354369
203.8,3.963538295e-08,0.808419094628497,0.8492492685065895
203.9,3.952684e-08,0.8095493642670348,0.8502081391331329
204.0,3.941927955e-08,0.810722529211665,0.8511796389621437
204.1,3.931273525e-08,0.8118928730060921,0.8521235493244707
204.2,3.920723755e-08,0.8130213268040761,0.853005551461966
204.3,3.910281285e-08,0.8140774171568776,0.8537988915715917
204.4,3.89994833e-08,0.8150402650397204,0.8544853358495864
204.5,3.889726605e-08,0.815898667533202,0.8550553024383566
204.6,3.879617295e-08,0.8166504318056501,0.8555073022229844
204.7,3.86962099e-08,0.817301043077838,0.8558469083888375
204.8,3.859737675e-08,0.8178619995788777,0.8560853238553185
204.9,3.84996668e-08,0.8183489338738134,0.8562378167627237
205.0,3.84030667e-08,0.8187798221558092,0.856322137109546
205.1,3.83075563e-08,0.8191732877861153,0.8563570276375568
205.2,3.821310865e-08,0.8195472001437456,0.856360998610671
205.3,3.811969e-08,0.8199176253335304,0.85635126595663
205.4,3.802726e-08,0.8202979905224711,0.8563429972847658
205.5,3.793577195e-08,0.8206986315503981,0.8563487778152485
205.6,3.78451731e-08,0.8211265604521143,0.8563783402021188
205.7,3.77554051e-08,0.8215854591742094,0.8564384388695818
205.8,3.76664046e-08,0.8220758366546935,0.8565329505429726
205.9,3.75781037e-08,0.8225953429822618,0.8566630313283871
206.0,3.74904308e-08,0.8231391338210422,0.8568274308719493
206.1,3.74033112e-08,0.8237003416494942,0.8570228567845586
206.2,3.73166681e-08,0.8242705218665648,0.8572443704825633
206.3,3.72304231e-08,0.8248402057119961,0.857485808161177
206.4,3.71444974e-08,0.8253993463724821,0.8577402457501913
206.5,3.705881265e-08,0.8259378593356045,0.8580004387369468
206.6,3.697329155e-08,0.8264460684959904,0.8582592368565642
206.7,3.68878592e-08,0.8269151836773951,0.8585100113485443
206.8,3.680244355e-08,0.827337753022044,0.8587470570806283
206.9,3.67169766e-08,0.827708077680864,0.8589659381239892
207.0,3.663139485e-08,0.8280226139373416,0.8591638647443506
207.1,3.65456403e-08,0.8282803627650125,0.859339963578955
207.2,3.645966105e-08,0.8284832091194696,0.8594955917958286
207.3,3.63734118e-08,0.8286362423808112,0.8596345507220822
207.4,3.62868543e-08,0.8287480328137965,0.8597632554899143
207.5,3.6199958e-08,0.8288307760811068,0.8598908921162445
207.6,3.611270005e-08,0.8289004440397928,0.8600294112195266
207.7,3.60250657e-08,0.8289767093430513,0.8601934966038235
207.8,3.593704815e-08,0.8290827380951099,0.860400364196877
207.9,3.58486488e-08,0.8292448065769233,0.8606694227581011
208.0,3.575987675e-08,0.8294915912462334,0.8610217649405719
208.1,3.56707488e-08,0.8298532388261441,0.8614794510079027
208.2,3.558128905e-08,0.8303601096680596,0.8620646166219309
208.3,3.549152825e-08,0.8310412509376549,0.8627983670021034
208.4,3.540150335e-08,0.8319226121902491,0.8636995391379709
208.5,3.53112569e-08,0.8330251541320263,0.8647833571875329
208.6,3.522083625e-08,0.8343629825140016,0.8660601192915077
208.7,3.513029285e-08,0.8359416265392452,0.8675340100513099
208.8,3.50396812e-08,0.8377567508098951,0.8692021329185131
208.9,3.494905825e-08,0.839793457893588,0.8710539886904687
209.0,3.48584823e-08,0.8420262946066446,0.8730713875457127
209.1,3.476801225e-08,0.8444200751113443,0.8752289014333067
209.2,3.467770655e-08,0.8469314517122534,0.8774948756656732
209.3,3.458762235e-08,0.8495111202542661,0.8798328363521042
209.4,3.44978148e-08,0.8521064590604351,0.8822032622570172
209.5,3.440833605e-08,0.8546642935335055,0.8845654886051045
209.6,3.431923455e-08,0.8571335853592271,0.8868795983201093
209.7,3.423055455e-08,0.8594677510017326,0.8891081687503422
209.8,3.41423352e-08,0.8616265340927585,0.8912177230844867
209.9,3.40546103e-08,0.8635772495023374,0.8931797984931008
210.0,3.396740785e-08,0.8652954807723652,0.8949716812612994
210.1,3.388074965e-08,0.8667652560457912,0.8965767397975742
210.2,3.379465105e-08,0.8679787653232788,0.8979844686160919
210.3,3.370912115e-08,0.8689357698437858,0.8991902432924662
210.4,3.36241625e-08,0.8696428041200321,0.9001949246230844
210.5,3.353977135e-08,0.8701122648766286,0.90100431827117
210.6,3.3455938e-08,0.8703614371563555,0.9016285401650677
210.7,3.33726469e-08,0.8704115392759949,0.9020813693301559
210.8,3.32898773e-08,0.870286830614018,0.9023796007207612
210.9,3.32076036e-08,0.8700137445310122,0.9025423854856998
211.0,3.3125796e-08,0.8696201218210731,0.9025906026497469
211.1,3.304442135e-08,0.8691344692959401,0.9025462747774049
211.2,3.29634434e-08,0.8685853126169072,0.9024319522207406
211.3,3.2882824e-08,0.8680005554099239,0.9022701601990808
211.4,3.28025238e-08,0.8674068697966191,0.9020828835778151
211.5,3.272250285e-08,0.86682914975718,0.9018909762489778
211.6,3.26427215e-08,0.866289951926859,0.90171367732598
211.7,3.25631414e-08,0.8658089301092974,0.9015680896392272
211.8,3.248372595e-08,0.8654023703208108,0.9014686833644823
211.9,3.240444125e-08,0.8650826315868991,0.9014268373503365
212.0,3.23252566e-08,0.86485775010157,0.9014503804456825
212.1,3.224614535e-08,0.8647309868379975,0.9015432270749667
212.2,3.216708525e-08,0.8647004945397018,0.9017050190966265
212.3,3.2088059e-08,0.8647590601099501,0.901930905891605
212.4,3.200905455e-08,0.8648939726648658,0.9022113747173469
212.5,3.19300655e-08,0.8650869858343171,0.9025322507077992
212.6,3.18510912e-08,0.865314562806143,0.9028748288203026
212.7,3.17721368e-08,0.8655482219013465,0.9032162131275976
212.8,3.169321335e-08,0.8657552528572181,0.90352983203902
212.9,3.161433755e-08,0.8658996593051329,0.9037862802473327
213.0,3.15355315e-08,0.8659434908058359,0.9039543617374849
213.1,3.145682245e-08,0.8658485581590296,0.9040024783705675
213.2,3.13782424e-08,0.8655784565890446,0.9039002509456195
213.3,3.129982755e-08,0.8651010099039227,0.9036204544207056
213.4,3.122161765e-08,0.8643909722650995,0.9031411164968062
213.5,3.114365545e-08,0.86343279278894,0.902447729299047
213.6,3.10659861e-08,0.8622233989978287,0.9015353416774061
213.7,3.098865605e-08,0.8607744713332518,0.9004104190295646
213.8,3.09117127e-08,0.8591141396158296,0.8990921062211534
213.9,3.08352033e-08,0.8572874291514734,0.897612730240578
214.0,3.075917435e-08,0.8553554125013687,0.8960172535618967
214.1,3.06836706e-08,0.8533926836414826,0.8943615462688603
214.2,3.060873455e-08,0.8514832299098161,0.8927094643737465
214.3,3.053440545e-08,0.8497149216528899,0.8911289165433549
214.4,3.046071875e-08,0.8481731850581407,0.8896872019755107
214.5,3.038770545e-08,0.8469344990571275,0.8884462037623044
214.6,3.031539165e-08,0.8460604954145282,0.8874579152621528
214.7,3.02437978e-08,0.8455934913833867,0.8867607958523213
214.8,3.017293845e-08,0.8455538067849865,0.8863774901326568
214.9,3.010282205e-08,0.8459391545398758,0.8863138791646068
215.0,3.00334506e-08,0.8467260229686351,0.8865596962233796
215.1,2.99648195e-08,0.8478726037562305,0.887090273523459
215.2,2.989691765e-08,0.8493228131906101,0.8878692314219166
215.3,2.982972745e-08,0.8510107783570133,0.8888515948783235
215.4,2.976322515e-08,0.852865398730504,0.8899871486757047
215.5,2.969738095e-08,0.8548144428127912,0.8912234784822279
215.6,2.96321594e-08,0.8567880981319265,0.8925087668686645
215.7,2.956752e-08,0.8587217107110992,0.893794011272804
215.8,2.950341765e-08,0.860557858519787,0.8950347707249687
215.9,2.94398032e-08,0.8622477149249675,0.8961923910691488
216.0,2.93766243e-08,0.8637518466556533,0.8972347903611658
216.1,2.931382585e-08,0.8650405782276381,0.8981369301075707
216.2,2.92513511e-08,0.8660940233594252,0.8988809472125351
216.3,2.918914205e-08,0.8669018839102958,0.899456122561925
216.4,2.912714065e-08,0.867463054039636,0.8998586988109265
216.5,2.906528915e-08,0.8677851552512232,0.9000915725079666
216.6,2.900353125e-08,0.8678839583401786,0.9001639233867786
216.7,2.894181265e-08,0.8677827864903624,0.9000908248089149
216.8,2.888008175e-08,0.8675118115576197,0.8998927536752915
216.9,2.881829045e-08,0.867107312653914,0.8995950877713638
217.0,2.875639475e-08,0.8666108530500526,0.8992275528468203
217.1,2.869435505e-08,0.8660682999987775,0.8988235942970512
217.2,2.8632137e-08,0.8655288131419326,0.8984196294640966
217.3,2.85697115e-08,0.8650436130061416,0.8980542810880401
217.4,2.85070553e-08,0.8646646364011538,0.8977674222628408
217.5,2.84441511e-08,0.8644430347385548,0.8975991397107586
217.6,2.838098755e-08,0.8644275592531432,0.8975885588267013
217.7,2.83175594e-08,0.8646628582597117,0.897772561908422
217.8,2.825386755e-08,0.8651876613124939,0.898184412138937
217.9,2.81899186e-08,0.8660330953115015,0.8988523398698314
218.0,2.81257248e-08,0.8672209943256768,0.89979812262138
218.1,2.806130365e-08,0.8687625172921256,0.901035740480891
218.2,2.799667755e-08,0.8706569667772787,0.9025702074302399
218.3,2.793187335e-08,0.872891047561026,0.9043966037353308
218.4,2.78669217e-08,0.8754386278756751,0.9064995355921613
218.5,2.78018566e-08,0.8782609467510657,0.9088529026489655
218.6,2.773671475e-08,0.8813074308286608,0.9114201744663672
218.7,2.76715349e-08,0.8845170389632009,0.9141551821987295
218.8,2.76063571e-08,0.887820046647332,0.9170033061161769
218.9,2.75412222e-08,0.8911403016751315,0.9199031532150728
219.0,2.74761711e-08,0.8943977185666737,0.9227885238550212
219.1,2.741124415e-08,0.8975109489217871,0.925590636006464
219.2,2.73464804e-08,0.9004000894729197,0.9282404563124315
219.3,2.72819172e-08,0.9029892958902288,0.9306709934511784
219.4,2.721758945e-08,0.9052091829583672,0.9328195035342272
219.5,2.71535294e-08,0.9069989482931173,0.9346294755929252
219.6,2.708976595e-08,0.9083081441996477,0.9360523280384773
219.7,2.70263244e-08,0.9090980285573544,0.9370487972458987
219.8,2.696322615e-08,0.9093425826958805,0.9375899931291475
219.9,2.690048855e-08,0.9090290580322375,0.9376581342738037
220.0,2.683812465e-08,0.908158202265477,0.9372469563441166
220.1,2.677614325e-08,0.9067440897306873,0.9363618063307825
220.2,2.67145488e-08,0.9048136501600949,0.935019498037683
220.3,2.66533416e-08,0.9024058770017159,0.9332478596925441
220.4,2.659251795e-08,0.8995707529946692,0.9310850616461069
220.5,2.65320702e-08,0.8963679244170756,0.928578680177517
220.6,2.647198745e-08,0.8928651428561025,0.925784503689117
220.7,2.64122554e-08,0.8891364682169658,0.9227651315561225
220.8,2.635285715e-08,0.8852603146522989,0.919588321648886
220.9,2.629377345e-08,0.8813173519782608,0.9163251682091582
221.0,2.62349832e-08,0.8773882814269368,0.9130480221157513
221.1,2.617646395e-08,0.8735516113987405,0.9098284488493141
221.2,2.611819255e-08,0.8698815023298518,0.9067350042447332
221.3,2.606014535e-08,0.8664456492587709,0.9038311610399818
221.4,2.6002299e-08,0.8633035036848742,0.9011733736550449
221.5,2.59446308e-08,0.8605046462234204,0.8988094194309981
221.6,2.588711925e-08,0.8580876870481222,0.8967770665947231
221.7,2.58297445e-08,0.8560794616434269,0.8951032323120758
221.8,2.577248855e-08,0.8544947920434737,0.8938036056967681
221.9,2.571533595e-08,0.8533367004603957,0.8928827986068156
222.0,2.56582738e-08,0.8525971130010727,0.8923350053789946
222.1,2.56012921e-08,0.8522579969236737,0.8921450269880465
222.2,2.55443841e-08,0.8522928686021285,0.8922897790111534
222.3,2.54875461e-08,0.8526686659153508,0.8927399755215982
222.4,2.54307778e-08,0.8533477525833509,0.8934620266107286
222.5,2.537408215e-08,0.8542901172820923,0.8944199673258466
222.6,2.531746525e-08,0.8554555539087946,0.8955773740417262
222.7,2.52609364e-08,0.8568057475994544,0.8968991677347975
222.8,2.520450765e-08,0.8583062664985884,0.898353241328141
222.9,2.51481938e-08,0.8599282079537838,0.8999118419922546
223.0,2.509201185e-08,0.8616496122323918,0.9015527084015953
223.1,2.5035981e-08,0.8634564049993243,0.9032598749822971
223.2,2.49801218e-08,0.8653429816532874,0.9050242248324796
223.3,2.492445625e-08,0.8673122324595225,0.9068436342355091
223.4,2.486900695e-08,0.8693751278595756,0.9087228281467363
223.5,2.48137969e-08,0.8715497759935025,0.9106728524059312
223.6,2.47588489e-08,0.8738599775672461,0.9127102255072667
223.7,2.470418525e-08,0.8763334351448264,0.9148556882454416
223.8,2.46498271e-08,0.8789995351839248,0.9171327146007634
223.9,2.459579425e-08,0.8818869541422831,0.9195657461640774
224.0,2.454210455e-08,0.8850212143186195,0.9221782192165789
224.1,2.448877365e-08,0.8884222962422105,0.924990541544146
224.2,2.44358147e-08,0.8921025149562583,0.928018106950781
224.3,2.438323795e-08,0.8960648235578571,0.9312695108339843
224.4,2.43310506e-08,0.9003016445255267,0.934745061069836
224.5,2.42792566e-08,0.9047943105157195,0.9384357727033469
224.6,2.42278565e-08,0.909513183743341,0.9423228590104483
224.7,2.41768474e-08,0.9144183345657647,0.9463778508785132
224.8,2.41262231e-08,0.9194608106862621,0.9505632628239996
224.9,2.40759738e-08,0.9245842833485544,0.9548337805144714
225.0,2.40260866e-08,0.9297269762747012,0.9591379006799663
225.1,2.397654535e-08,0.9348237265498821,0.9634197595199177
225.2,2.39273311e-08,0.9398079952416936,0.9676211558888254
225.3,2.38784223e-08,0.9446137963380401,0.971683480234144
225.4,2.382979505e-08,0.949177361791239,0.9755495430032076
225.5,2.378142355e-08,0.9534385489515298,0.9791651077404444
225.6,2.37332803e-08,0.9573419526908739,0.9824801665739948
225.7,2.368533685e-08,0.9608377787657117,0.9854498889766921
225.8,2.36375639e-08,0.9638823778877148,0.9880352563677784
225.9,2.35899318e-08,0.9664386478476436,0.9902034893695064
226.0,2.35424112e-08,0.9684762220109089,0.991928217453142
226.1,2.34949732e-08,0.9699715447157939,0.9931895417708171
226.2,2.344759e-08,0.9709079152557523,0.9939739471909359
226.3,2.34002351e-08,0.9712754376139252,0.9942742457495074
226.4,2.33528839e-08,0.9710709953304001,0.994089432136882
226.5,2.330551385e-08,0.9702982892013231,0.9934245894499732
226.6,2.32581049e-08,0.9689677995797867,0.9922908137940339
226.7,2.32106397e-08,0.9670968743404238,0.9907051263180611
226.8,2.316310375e-08,0.9647097351625935,0.9886904543652405
226.9,2.31154858e-08,0.9618375152294931,0.986275512092426
227.0,2.306777775e-08,0.9585182026794898,0.9834947187887304
227.1,2.301997465e-08,0.9547965337919706,0.9803879538312983
227.2,2.29720751e-08,0.95072363484578,0.9770002048269292
227.3,2.29240807e-08,0.9463565508803219,0.973381033541326
227.4,2.287599635e-08,0.9417574665805816,0.9695838407664145
227.5,2.282782995e-08,0.9369926381356233,0.9656648358779527
227.6,2.27795922e-08,0.9321310297873783,0.9616818116143959
227.7,2.273129635e-08,0.927242617370613,0.9576926361124236
227.8,2.268295795e-08,0.9223964845077798,0.953753612995573
227.9,2.263459465e-08,0.9176586988923834,0.9499176404009455
228.0,2.25862257e-08,0.9130901383068654,0.9462324705368759
228.1,2.253787175e-08,0.9087444108882664,0.9427390572051958
228.2,2.248955425e-08,0.9046660267213026,0.9394701420845412
228.3,2.244129535e-08,0.9008889841216712,0.9364492996861848
228.4,2.23931174e-08,0.8974359088396633,0.9336904723983231
228.5,2.234504255e-08,0.8943178215823077,0.9311980710170419
228.6,2.22970924e-08,0.8915346658009365,0.9289676784630698
228.7,2.224928765e-08,0.8890764637972822,0.9269873189852117
228.8,2.220164795e-08,0.8869250885817334,0.9252390980717126
228.9,2.215419125e-08,0.8850564504218222,0.9237012633350393
229.0,2.210693395e-08,0.8834430038331622,0.9223503030957719
229.1,2.205989035e-08,0.8820562922694969,0.9211630763824245
229.2,2.201307265e-08,0.8808693671490442,0.9201187607188888
229.3,2.19664908e-08,0.8798589492702407,0.9192004543366884
229.4,2.19201524e-08,0.8790071629708878,0.9183964642279672
229.5,2.18740625e-08,0.8783027362165438,0.9177010287117979
229.6,2.182822385e-08,0.8777417043172805,0.9171146818589319
229.7,2.178263675e-08,0.8773274978922753,0.9166441026953507
229.8,2.17372992e-08,0.8770705533123234,0.916301581131515
229.9,2.16922071e-08,0.8769874456202654,0.9161040880509398
230.0,2.16473543e-08,0.8770996067611838,0.9160721569032086
230.1,2.160273275e-08,0.8774317610692627,0.9162284260049836
230.2,2.15583329e-08,0.8780101471263444,0.9165961871241981
230.3,2.15141439e-08,0.8788606139567829,0.9171977581350634
230.4,2.14701537e-08,0.8800066795231831,0.9180529687704089
230.5,2.142634955e-08,0.8814676897531057,0.9191776903563207
230.6,2.138271815e-08,0.8832571032294787,0.9205825037768558
230.7,2.13392461e-08,0.885380976942938,0.9222716313325408
230.8,2.12959199e-08,0.8878368290352875,0.9242420570944282
230.9,2.125272665e-08,0.8906127340208142,0.9264829425678631
231.0,2.12096539e-08,0.8936868138482783,0.9289752811172916
231.1,2.11666901e-08,0.8970267729452012,0.9316907795592749
231.2,2.11238247e-08,0.9005899987488292,0.9345908905519539
231.3,2.108104815e-08,0.9043242340069628,0.937626718347268
231.4,2.103835235e-08,0.9081684187247866,0.940738924543176
231.5,2.09957304e-08,0.9120540347665261,0.9438584443667816
231.6,2.095317695e-08,0.9159068085986649,0.9469077244618385
231.7,2.09106882e-08,0.9196484642986462,0.9498025952779712
231.8,2.08682619e-08,0.9231988912538036,0.9524525538140154
231.9,2.08258972e-08,0.926478355842589,0.9547653880424029
232.0,2.078359505e-08,0.9294096440007621,0.9566489801833451
232.1,2.07413575e-08,0.9319204425486229,0.9580161007752225
232.2,2.069918825e-08,0.9339440868900623,0.958781436727934
232.3,2.06570919e-08,0.9354209747292559,0.9588699919416535
232.4,2.061507425e-08,0.9363007903182644,0.9582226479258252
232.5,2.05731418e-08,0.9365417441916094,0.9568009390199992
232.6,2.05313016e-08,0.9361134822810719,0.9545966028354961
232.7,2.04895613e-08,0.9349952700751385,0.9516324724677223
232.8,2.04479285e-08,0.9331762942118954,0.9479581662310486
232.9,2.04064109e-08,0.9306543304437438,0.9436505463313377
233.0,2.036501595e-08,0.9274357939028822,0.9388081959460594
233.1,2.03237506e-08,0.9235335776855613,0.9335407692251942
233.2,2.028262105e-08,0.9189649354186341,0.927962469344886
233.3,2.024163265e-08,0.9137547673654735,0.9221907101889696
233.4,2.020078975e-08,0.9079277852938923,0.9163239806871353
233.5,2.01600954e-08,0.9015148333605635,0.9104527964069179
233.6,2.01195513e-08,0.8945501549254113,0.9046499166341752
233.7,2.00791577e-08,0.8870715496312438,0.8989678813644452
233.8,2.003891315e-08,0.8791210896868774,0.8934408397098728
233.9,1.999881475e-08,0.8707442402211953,0.8880848200761766
234.0,1.995885795e-08,0.8619920395484477,0.8829037180382469
234.1,1.99190365e-08,0.8529184476640524,0.8778860479333424
234.2,1.987934275e-08,0.843582539076268,0.8730165981698341
234.3,1.983976735e-08,0.8340505134254903,0.868276343262612
234.4,1.98002996e-08,0.824393477519841,0.8636474138326626
234.5,1.97609276e-08,0.8146845362203691,0.8591112682001444
234.6,1.97216384e-08,0.8049993830604704,0.8546516391982968
234.7,1.96824181e-08,0.7954131900691593,0.8502536985097953
234.8,1.96432523e-08,0.7859985217535493,0.8459070286134002
234.9,1.96041263e-08,0.77682134527618,0.8415998799525874
235.0,1.956502525e-08,0.7679433363840266,0.8373261012889409
235.1,1.952593415e-08,0.759421351620934,0.8330816525343085
235.2,1.9486839e-08,0.7512997439919856,0.8288621668749013
235.3,1.94477261e-08,0.7436159612816119,0.8246658159037954
235.4,1.94085828e-08,0.7364004832217383,0.8204932279395211
235.5,1.93693975e-08,0.7296745281291471,0.8163463507695238
235.6,1.933016025e-08,0.7234518687460316,0.8122291742164737
235.7,1.92908628e-08,0.7177345722403579,0.8081432565103265
235.8,1.925149825e-08,0.7125235245412541,0.8040955531372178
235.9,1.92120621e-08,0.7078117827289561,0.8000929002027615
236.0,1.917255175e-08,0.7035873082204152,0.796142850095697
236.1,1.913296675e-08,0.6998330861498194,0.7922534578595879
236.2,1.909330895e-08,0.6965294375807868,0.7884335073874936
236.3,1.90535826e-08,0.6936531021613103,0.7846913678822436
236.4,1.9013794e-08,0.6911784884776335,0.7810355970422261
236.5,1.89739514e-08,0.6890802564434128,0.777475682477255
236.6,1.89340655e-08,0.6873298301318709,0.7740186173725769
236.7,1.88941488e-08,0.6858980618463679,0.7706706095152757
236.8,1.88542154e-08,0.6847576762794855,0.7674386018251156
236.9,1.881428105e-08,0.6838791298939091,0.7643262762486867
237.0,1.877436285e-08,0.6832357317184539,0.7613374278299143
237.1,1.873447925e-08,0.6827995278616883,0.7584738032943141
237.2,1.8694649e-08,0.682543739387833,0.7557355785710748
237.3,1.86548917e-08,0.6824434911662569,0.7531220059611444
237.4,1.86152273e-08,0.6824744295707095,0.750630955464704
237.5,1.857567555e-08,0.6826146828331363,0.7482600771704488
237.6,1.85362562e-08,0.6828441636101105,0.746005613733565
237.7,1.849698795e-08,0.6831419551777442,0.7438616526766786
237.8,1.84578888e-08,0.6834909421392609,0.7418226836462751
237.9,1.841897555e-08,0.6838746876818969,0.7398826622180891
238.0,1.8380264e-08,0.684278275523733,0.7380345952068738
238.1,1.83417677e-08,0.684688448143771,0.7362715082769379
238.2,1.83034995e-08,0.6850942602332057,0.7345864836412584
238.3,1.826546925e-08,0.6854861927662971,0.7329721008579876
238.4,1.822768545e-08,0.6858552168057582,0.7314204242640825
238.5,1.81901541e-08,0.6861950177503559,0.7299248313822293
238.6,1.815287905e-08,0.6865004622376938,0.7284785489386667
238.7,1.8115862e-08,0.6867668944274594,0.7270743324207358
238.8,1.80791029e-08,0.6869920209570156,0.7257061876696533
238.9,1.804259905e-08,0.6871741704990708,0.7243678566328535
239.0,1.80063457e-08,0.687313223673104,0.7230539734700838
239.1,1.797033655e-08,0.6874098213640165,0.7217595116330987
239.2,1.79345631e-08,0.6874656286159149,0.7204801420072214
239.3,1.78990152e-08,0.687483730472785,0.7192123837077918
239.4,1.78636813e-08,0.687466671624676,0.7179524731068109
239.5,1.782854865e-08,0.6874181465845486,0.7166982802044595
239.6,1.77936035e-08,0.6873423336706321,0.7154481462398163
239.7,1.775883105e-08,0.6872435368648621,0.7142015559916867
239.8,1.772421585e-08,0.6871262737774742,0.7129583523804375
239.9,1.768974305e-08,0.6869944965320267,0.7117198485917982
240.0,1.765539685e-08,0.686852446278602,0.7104876971035042
240.1,1.76211617e-08,0.6867041631053525,0.7092651588887304
240.2,1.758702275e-08,0.6865522796669221,0.7080555326197628
240.3,1.75529658e-08,0.6863997427772197,0.7068630971457956
240.4,1.751897715e-08,0.6862482551794636,0.7056923826434355
240.5,1.7485044e-08,0.686098495457667,0.7045479695547711
240.6,1.74511554e-08,0.6859516825497793,0.7034357138085088
240.7,1.741730105e-08,0.6858067168983721,0.7023604974396325
240.8,1.73834722e-08,0.6856619020434123,0.7013266118637066
240.9,1.73496616e-08,0.6855157300204261,0.7003393286732041
241.0,1.73158632e-08,0.685365348263284,0.6994023612306416
241.1,1.72820728e-08,0.6852074141174028,0.6985190396242318
241.2,1.724828735e-08,0.6850371460787635,0.6976911042963047
241.3,1.72145054e-08,0.6848510129972236,0.6969211502023924
241.4,1.718072705e-08,0.684644943368704,0.6962099941565846
241.5,1.714695315e-08,0.6844145452466751,0.6955576173093254
241.6,1.711318575e-08,0.6841560927022495,0.6949638625809822
241.7,1.70794281e-08,0.6838650869747476,0.6944259842195758
241.8,1.70456841e-08,0.6835387131971514,0.6939417705438781
241.9,1.701195865e-08,0.6831744957944501,0.6935082747399798
242.0,1.697825655e-08,0.6827713540587709,0.6931220222064063
242.1,1.69445832e-08,0.6823292942732989,0.6927790482532284
242.2,1.691094425e-08,0.681848555199076,0.6924741881021241
242.3,1.687734505e-08,0.6813307390483554,0.6922026351163332
242.4,1.684379085e-08,0.6807788554668993,0.6919589731901208
242.5,1.681028625e-08,0.6801958512686167,0.6917370950673684
242.6,1.677683555e-08,0.6795862880460407,0.6915310694211458
242.7,1.674344265e-08,0.6789545828784421,0.6913345565174785
242.8,1.671011025e-08,0.6783061141724441,0.6911414993657301
242.9,1.667684065e-08,0.677645311573688,0.6909450618602865
243.0,1.664363495e-08,0.6769778613648769,0.6907399535591189
243.1,1.66104933e-08,0.6763085450500296,0.6905199855246998
243.2,1.657741515e-08,0.6756421127172383,0.690280445368049
243.3,1.6544399e-08,0.6749814357821883,0.6900157536206134
243.4,1.65114421e-08,0.6743306611471825,0.6897219770083909
243.5,1.64785408e-08,0.6736913721749183,0.6893953330538266
243.6,1.644569125e-08,0.6730649825820896,0.6890322277749247
243.7,1.64128887e-08,0.6724530191827263,0.688631002410764
243.8,1.63801281e-08,0.6718558464015759,0.6881904694393218
243.9,1.634740355e-08,0.6712733699908592,0.6877100382411789
244.0,1.631470935e-08,0.6707053197736077,0.6871901926216042
244.1,1.62820401e-08,0.6701510234489936,0.6866321640849176
244.2,1.624939015e-08,0.669611197300142,0.686039056524661
244.3,1.62167541e-08,0.6690850433625187,0.6854133894981427
244.4,1.618412725e-08,0.6685730265918367,0.684759630350116
244.5,1.61515057e-08,0.6680754360146199,0.6840822338589637
244.6,1.61188864e-08,0.6675931575599967,0.6833866286967911
244.7,1.60862673e-08,0.667126065564261,0.6826774078720579
244.8,1.605364715e-08,0.6666772450713986,0.6819620860743915
244.9,1.602102635e-08,0.666247977851212,0.6812465380820538
245.0,1.598840695e-08,0.6658395142575776,0.6805366638060487
245.1,1.59557914e-08,0.6654539026089054,0.679838702449386
245.2,1.592318425e-08,0.6650933545864235,0.6791588241000374
245.3,1.58905917e-08,0.6647598431103184,0.6785028532707824
245.4,1.58580205e-08,0.6644554604812973,0.6778759735894998
245.5,1.582547975e-08,0.6641824497965151,0.6772835257637007
245.6,1.579297915e-08,0.6639423190204453,0.6767298074921347
245.7,1.576052945e-08,0.6637355896574685,0.6762180608984208
245.8,1.57281431e-08,0.6635638576366527,0.6757516223539571
245.9,1.569583275e-08,0.6634275753473399,0.6753330114160516
246.0,1.56636127e-08,0.6633261584532968,0.6749634156067275
246.1,1.563149645e-08,0.663259380759852,0.6746436077577772
246.2,1.55994979e-08,0.663225753152088,0.6743734119400125
246.3,1.55676322e-08,0.6632239561610902,0.6741521747021615
246.4,1.55359134e-08,0.6632515330614034,0.6739786017080507
246.5,1.550435545e-08,0.6633059957116461,0.6738506572056406
246.6,1.54729713e-08,0.6633832788909243,0.6737646592483412
246.7,1.54417729e-08,0.663480410652588,0.6737178872169145
246.8,1.541077095e-08,0.6635936210854528,0.6737066088992881
246.9,1.53799752e-08,0.6637177893934932,0.6737257726144751
247.0,1.534939355e-08,0.6638487749575921,0.6737709612832042
247.1,1.53190323e-08,0.6639814758312796,0.6738369849944121
247.2,1.528889565e-08,0.6641111921919464,0.673918735518444
247.3,1.52589858e-08,0.6642335006771359,0.6740112994043892
247.4,1.5229303e-08,0.6643430542961519,0.6741086510775387
247.5,1.51998449e-08,0.6644360957041806,0.6742062352285445
247.6,1.517060655e-08,0.6645086225121815,0.6742988053976752
247.7,1.51415816e-08,0.6645571664018647,0.6743822837976664
247.8,1.511276175e-08,0.6645789627716954,0.6744522533492471
247.9,1.508413525e-08,0.6645720764005987,0.6745058300703614
248.0,1.50556891e-08,0.6645347040143915,0.6745395142267933
248.1,1.50274087e-08,0.6644672100378218,0.6745521182965194
248.2,1.49992771e-08,0.6643694499576274,0.6745421594478075
248.3,1.49712766e-08,0.6642427432427228,0.674508990512571
248.4,1.494338785e-08,0.6640894398044129,0.674453623083644
248.5,1.491559025e-08,0.6639127691999457,0.674377470877721
248.6,1.488786235e-08,0.6637170354112565,0.6742831791158161
248.7,1.48601831e-08,0.663506756048581,0.6741735626649472
248.8,1.483253055e-08,0.6632884656246391,0.674053717188398
248.9,1.48048831e-08,0.6630669644930051,0.6739273560486854
249.0,1.477721945e-08,0.6628490510601813,0.6737998199533202
249.1,1.47495193e-08,0.6626413163875554,0.6736771973088652
249.2,1.4721763e-08,0.6624502384391788,0.6735648036900904
249.3,1.46939322e-08,0.6622817422587962,0.6734684510434048
249.4,1.46660113e-08,0.6621420293503056,0.6733938382178821
249.5,1.463798455e-08,0.6620366603327043,0.673346362469701
249.6,1.46098392e-08,0.6619694239667321,0.6733298691082696
249.7,1.458156485e-08,0.6619442912255035,0.6733491459207921
249.8,1.455315315e-08,0.6619635743212112,0.6734069449424328
249.9,1.4524598e-08,0.6620290576784825,0.6735058359959826
250.0,1.44958961e-08,0.6621405716513145,0.6736467301433108
250.1,1.446704625e-08,0.6622976701335499,0.6738302242870216
250.2,1.443805045e-08,0.6624988137447886,0.6740558534714024
250.3,1.44089126e-08,0.6627412190339396,0.6743221914133884
250.4,1.437963895e-08,0.663022291045471,0.6746274348387966
250.5,1.43502389e-08,0.6633377886293003,0.6749685678186793
250.6,1.432072285e-08,0.6636843942635856,0.6753432592912877
250.7,1.42911041e-08,0.6640585579486281,0.6757488137701249
250.8,1.4261397e-08,0.664456352693611,0.6761817692200867
250.9,1.42316179e-08,0.6648734431006722,0.6766385128096214
251.0,1.420178405e-08,0.6653063859842634,0.6771156893177752
251.1,1.417191385e-08,0.6657533403710897,0.6776111624615435
251.2,1.414202705e-08,0.6662117490047308,0.6781224001172474
251.3,1.411214295e-08,0.6666799845401924,0.6786473288337357
251.4,1.40822807e-08,0.667157462641241,0.679184918168618
251.5,1.405246025e-08,0.6676442712724706,0.6797341502458746
251.6,1.40227004e-08,0.6681408565400383,0.6802947674549077
251.7,1.399301945e-08,0.6686480603907751,0.6808664870523785
251.8,1.396343435e-08,0.6691676232670111,0.6814500567373387
251.9,1.39339611e-08,0.6697015306553034,0.6820463561557313
252.0,1.39046143e-08,0.6702519942368801,0.6826568430065475
252.1,1.38754067e-08,0.6708215084363081,0.6832824157852863
252.2,1.38463502e-08,0.6714119393596237,0.6839244819254563
252.3,1.381745425e-08,0.672026152139327,0.6845849703649469
252.4,1.37887258e-08,0.6726656610230771,0.6852649932275577
252.5,1.376017095e-08,0.6733324829133575,0.6859657757344234
252.6,1.37317931e-08,0.6740285216153162,0.6866888572659442
252.7,1.37035937e-08,0.6747553479252801,0.6874354190609581
252.8,1.36755726e-08,0.6755137283918567,0.6882059135088069
252.9,1.364772735e-08,0.6763044923955065,0.6890012956536574
253.0,1.36200539e-08,0.677128695511361,0.689822470274194
253.1,1.359254625e-08,0.6779858036686693,0.6906685765740294
253.2,1.356519765e-08,0.67887579173469,0.691539601986793
253.3,1.35379992e-08,0.6797985151961613,0.6924352826187021
253.4,1.35109404e-08,0.6807522084780115,0.6933537083814232
253.5,1.348401005e-08,0.681736280960822,0.6942938048502687
253.6,1.34571966e-08,0.6827487597244062,0.6952533917599371
253.7,1.343048695e-08,0.6837887148573387,0.6962311496415139
253.8,1.340386805e-08,0.6848535262713464,0.6972239369023453
253.9,1.337732625e-08,0.6859411267984634,0.6982290706223054
254.0,1.33508481e-08,0.6870501090051805,0.6992442888546836
254.1,1.332441985e-08,0.6881779721837458,0.7002660541661518
254.2,1.329802765e-08,0.6893227371307874,0.7012918155834754
254.3,1.32716585e-08,0.6904815449969905,0.7023180419565118
254.4,1.32452991e-08,0.6916521966674977,0.7033412524006006
254.5,1.321893725e-08,0.692832178868186,0.7043585440841302
254.6,1.31925604e-08,0.6940185510683317,0.7053661847950279
254.7,1.316615685e-08,0.6952082596398755,0.7063608507282663
254.8,1.313971515e-08,0.6963982509547583,0.7073391301142236
254.9,1.31132244e-08,0.6975847551017955,0.7082973724222361
255.0,1.30866747e-08,0.6987642095149179,0.7092325365906155
255.1,1.30600563e-08,0.6999320651679635,0.7101406327966916
255.2,1.303336015e-08,0.7010843259550764,0.7110187833415936
255.3,1.300657895e-08,0.7022167444429894,0.7118645754821636
255.4,1.29797054e-08,0.7033243066498273,0.7126748362098217
255.5,1.295273285e-08,0.7044030039033637,0.7134479821618701
255.6,1.292565595e-08,0.7054480358500246,0.7141822289136818
255.7,1.289846975e-08,0.7064553812512128,0.7148765711556075
255.8,1.28711702e-08,0.707421326744412,0.7155306381797144
255.9,1.28437539e-08,0.7083421966662176,0.7161446247647467
256.0,1.281621805e-08,0.7092153583619858,0.7167196681672451
256.1,1.27885608e-08,0.7100393038672427,0.7172582439622206
256.2,1.27607809e-08,0.7108122110582495,0.7177627397600899
256.3,1.273287685e-08,0.7115341930323416,0.7182369066224816
256.4,1.270484875e-08,0.7122059095239762,0.7186852998587431
256.5,1.26766971e-08,0.712830093718762,0.7191138256630634
256.6,1.264842255e-08,0.7134099814571323,0.7195284656278548
256.7,1.26200254e-08,0.7139491604378972,0.7199353332924212
256.8,1.25915082e-08,0.7144528268553061,0.7203412144968944
256.9,1.25628722e-08,0.714927653452155,0.720753649063643
257.0,1.25341201e-08,0.7153797663341184,0.7211794542487252
257.1,1.250525485e-08,0.7158175786863227,0.7216265971311107
257.2,1.24762801e-08,0.7162501257292395,0.7221028374446536
257.3,1.244719965e-08,0.7166863170196346,0.7226153945692722
257.4,1.24180185e-08,0.7171359480434016,0.7231712239911011
257.5,1.238874225e-08,0.7176076707467087,0.7237765272140388
257.6,1.235937645e-08,0.7181112994650057,0.7244373737950921
257.7,1.232992765e-08,0.718655228533863,0.7251584447073147
257.8,1.23004029e-08,0.7192473873331381,0.7259440125167154
257.9,1.227081025e-08,0.7198942538268829,0.726796772709791
258.0,1.22411588e-08,0.7206012252712761,0.7277183400651658
258.1,1.22114569e-08,0.7213720464447609,0.7287087648483218
258.2,1.2181714e-08,0.7222088724798976,0.7297669035195332
258.3,1.21519404e-08,0.723112576739444,0.7308904250170513
258.4,1.212214675e-08,0.7240829016128022,0.7320762128809635
258.5,1.209234415e-08,0.7251177673656359,0.7333192468462093
258.6,1.206254535e-08,0.7262139507238824,0.7346142678866868
258.7,1.20327615e-08,0.7273670723073826,0.7359544147640404
258.8,1.200300605e-08,0.7285718039749959,0.7373325057974642
258.9,1.197329165e-08,0.729822145284754,0.7387405990407296
259.0,1.194363125e-08,0.7311112161487455,0.7401704698042698
259.1,1.19140386e-08,0.7324318537357204,0.7416134158764343
259.2,1.188452625e-08,0.7337764868073834,0.7430610743375791
259.3,1.185510695e-08,0.7351379525324843,0.7445047052769419
259.4,1.182579285e-08,0.7365087236550252,0.7459362599341444
259.5,1.179659615e-08,0.7378810153084103,0.7473472874249483
259.6,1.17675271e-08,0.7392486762542241,0.7487311841215959
259.7,1.17385961e-08,0.7406048389709258,0.7500809568388401
259.8,1.170981305e-08,0.7419435532820293,0.7513907370816041
259.9,1.1681186e-08,0.7432592837012792,0.7526553412220096
260.0,1.16527231e-08,0.7445474435034013,0.7538705909418271
260.1,1.16244306e-08,0.7458038543701662,0.7550331121705468
260.2,1.15963141e-08,0.7470258019655212,0.7561407497756082
260.3,1.156837765e-08,0.7482104337233367,0.7571919643766112
260.4,1.15406241e-08,0.7493566500861844,0.7581866554425908
260.5,1.15130554e-08,0.7504635148594531,0.7591251057168859
260.6,1.148567205e-08,0.7515303620255003,0.7600079937835095
260.7,1.14584724e-08,0.752558988575324,0.7608379711466613
260.8,1.143145515e-08,0.753549639553151,0.7616170861247515
260.9,1.14046163e-08,0.7545048219499191,0.7623484174785808
261.0,1.13779522e-08,0.7554281297476237,0.7630366210484615
261.1,1.13514572e-08,0.7563214164859309,0.7636847881615648
261.2,1.1325125e-08,0.7571886782706956,0.7642973924458295
261.3,1.129894915e-08,0.7580337729776965,0.7648791965557185
261.4,1.12729219e-08,0.7588601312261114,0.7654337944732272
261.5,1.124703515e-08,0.7596714977943835,0.7659653456670293
261.6,1.12212799e-08,0.7604700466646288,0.7664764765085831
261.7,1.11956476e-08,0.7612586743852742,0.7669701715109094
261.8,1.117012945e-08,0.7620384176818952,0.7674477878420347
261.9,1.11447167e-08,0.7628110232800073,0.7679113989531102
262.0,1.11194005e-08,0.7635772325954766,0.7683616331626668
262.1,1.10941734e-08,0.7643361220000631,0.7687985093202604
262.2,1.106902735e-08,0.7650875846796164,0.7692226808771627
262.3,1.10439562e-08,0.7658295534661707,0.7696330105768334
262.4,1.10189545e-08,0.7665596595988649,0.7700292910741572
262.5,1.099401755e-08,0.7672745164408186,0.7704096625462832
262.6,1.09691417e-08,0.7679701090366206,0.7707726798605908
262.7,1.09443252e-08,0.7686399091567364,0.7711154716013946
262.8,1.0919567e-08,0.769277156093776,0.7714348207778173
262.9,1.08948678e-08,0.769874159228923,0.771727108275122
263.0,1.087022915e-08,0.770422115819562,0.7719887275449424
263.1,1.084565455e-08,0.7709120220611482,0.7722156070831994
263.2,1.082114895e-08,0.7713336740607424,0.7724033360938073
263.3,1.07967173e-08,0.7716765663325111,0.7725464042232517
263.4,1.077236755e-08,0.771930363036624,0.7726401556312201
263.5,1.074810765e-08,0.7720853566517815,0.7726801418225151
263.6,1.072394745e-08,0.7721313370018594,0.772661160319702
263.7,1.06998969e-08,0.7720602113441822,0.7725796422735267
263.8,1.06759675e-08,0.7718640565820772,0.7724312271533857
263.9,1.06521708e-08,0.7715385247513123,0.772214168233764
264.0,1.06285194e-08,0.7710798962061853,0.7719263480812126
264.1,1.060502545e-08,0.7704879887343226,0.7715683887310774
264.2,1.05817017e-08,0.7697632610082512,0.7711397058471244
264.3,1.055856085e-08,0.7689109594877028,0.7706435101370459
264.4,1.05356152e-08,0.7679376249685824,0.7700829620430512
264.5,1.051287685e-08,0.7668539765650237,0.7694648159893455
264.6,1.049035715e-08,0.7656724612671204,0.7687959771965814
264.7,1.04680672e-08,0.7644068078347688,0.768084029469425
264.8,1.04460168e-08,0.7630738740541477,0.7673394343114124
264.9,1.0424214e-08,0.7616905868264751,0.7665711075624946
265.0,1.04026675e-08,0.7602743945573486,0.7657896238235434
265.1,1.03813836e-08,0.7588437195460891,0.7650058907042524
265.2,1.03603683e-08,0.7574180333839635,0.7642317582921108
265.3,1.033962595e-08,0.7560150860694645,0.7634783101260003
265.4,1.031915985e-08,0.7546517416719569,0.7627562339041286
265.5,1.029897215e-08,0.753343928066194,0.7620756706875814
265.6,1.02790636e-08,0.7521059709146762,0.7614463217144731
265.7,1.02594343e-08,0.7509517811896739,0.7608780327361799
265.8,1.024008355e-08,0.7498926057928867,0.7603794745484259
265.9,1.022100905e-08,0.7489377249890135,0.7599575963541606
266.0,1.02022078e-08,0.7480954765649566,0.7596194730200401
266.1,1.01836761e-08,0.7473711572459303,0.7593696975545237
266.2,1.01654096e-08,0.7467691338457229,0.7592130263288892
266.3,1.014740305e-08,0.7462915803464507,0.7591517150066617
266.4,1.01296503e-08,0.7459395963055425,0.7591883648265585
266.5,1.011214525e-08,0.7457123146434259,0.7593230826027297
266.6,1.00948811e-08,0.745608020050512,0.7595552400166448
266.7,1.0077851e-08,0.7456233070403644,0.7598832851215326
266.8,1.00610474e-08,0.7457543428699456,0.7603048805724589
266.9,1.00444637e-08,0.7459970874511033,0.7608176764581192
267.0,1.002809335e-08,0.7463486316690399,0.761420774283014
267.1,1.001192915e-08,0.7468039552586953,0.76211061776426
267.2,9.99596495e-09,0.7473590432646581,0.7628850894684083
267.3,9.9801953e-09,0.7480089256873502,0.7637403755019775
267.4,9.9646151e-09,0.7487490535006095,0.764673868343065
267.5,9.9492202e-09,0.7495750536074619,0.7656821499388642
267.6,9.9340063e-09,0.7504813402561694,0.7667607215286947
267.7,9.9189704e-09,0.7514635403497584,0.7679057252367778
267.8,9.9041104e-09,0.7525158356586343,0.7691117135414526
267.9,9.8894246e-09,0.7536332750327749,0.770374495558119
268.0,9.87491185e-09,0.7548109701540114,0.7716891578358667
268.1,9.86057245e-09,0.7560454464208689,0.7730524456847067
268.2,9.84640725e-09,0.7573345926830842,0.774462725476459
268.3,9.83241755e-09,0.7586749594719236,0.7759173080078123
268.4,9.81860565e-09,0.7600652650175844,0.7774144025709541
268.5,9.8049739e-09,0.7615018776389592,0.7789515210245024
268.6,9.79152505e-09,0.7629829814954942,0.7805275386782876
268.7,9.77826215e-09,0.7645057177378743,0.7821406585413117
268.8,9.7651885e-09,0.7660689868086713,0.783790604153421
268.9,9.75230745e-09,0.7676690690621829,0.7854753900280588
269.0,9.7396217e-09,0.7693040669764466,0.7871944004130647
269.1,9.7271346e-09,0.7709711782508153,0.7889464226536745
269.2,9.7148484e-09,0.7726669345669993,0.7907308158649871
269.3,9.70276475e-09,0.7743884079606458,0.7925469517284716
269.4,9.69088515e-09,0.7761332548036348,0.7943950941379107
269.5,9.67921015e-09,0.7778980821759006,0.7962746336243296
269.6,9.6677393e-09,0.7796797610511604,0.7981861859398889
269.7,9.6564709e-09,0.7814742513412616,0.8001273320582448
269.8,9.64540295e-09,0.7832775003916809,0.8020960927760259
269.9,9.6345311e-09,0.7850854115655981,0.8040911988897999
270.0,9.62385075e-09,0.7868927132705406,0.8061093203113542
270.1,9.61335535e-09,0.7886952209050936,0.8081479437665657
270.2,9.603038e-09,0.7904871225228483,0.8102026019106812
270.3,9.59288965e-09,0.7922635360888205,0.8122681739476751
270.4,9.5828999e-09,0.7940170662939042,0.8143378426214896
270.5,9.5730576e-09,0.7957429756163774,0.8164069269590704
270.6,9.56335055e-09,0.7974364197203684,0.8184701679343154
270.7,9.55376515e-09,0.799090091261365,0.8205198372292971
270.8,9.54428725e-09,0.8006990139566038,0.8225493814817397
270.9,9.53490125e-09,0.8022574261251584,0.8245527562673781
271.0,9.52559155e-09,0.8037599870595172,0.8265237161000166
271.1,9.51634215e-09,0.8051998732204371,0.8284551672634436
271.2,9.5071363e-09,0.8065719700950776,0.8303414109085854
271.3,9.49795715e-09,0.8078730732589325,0.832178865619817
271.4,9.4887883e-09,0.8090957371374125,0.8339597779464692
271.5,9.47961305e-09,0.8102362043857039,0.8356803968269139
271.6,9.47041525e-09,0.8112904726147662,0.8373377314649445
271.7,9.46117925e-09,0.8122537791701365,0.8389269375246895
271.8,9.4518897e-09,0.8131245281227467,0.8404470285460555
271.9,9.4425329e-09,0.8138993265525308,0.8418950702815039
272.0,9.4330955e-09,0.8145740966722248,0.8432673870676304
272.1,9.4235655e-09,0.8151483232606332,0.8445640605858437
272.2,9.4139321e-09,0.8156204669373559,0.8457843871193893
272.3,9.4041859e-09,0.8159912754014444,0.8469287813584978
272.4,9.394319e-09,0.8162588511309361,0.84799511330335
272.5,9.38432455e-09,0.8164246392584512,0.8489845453432274
272.6,9.3741975e-09,0.8164897016423072,0.8498966565047148
272.7,9.36393415e-09,0.8164563693442525,0.8507328228053943
272.8,9.3535316e-09,0.8163259367004607,0.8514914671657536
272.9,9.34298975e-09,0.8161029024716118,0.8521757940102999
273.0,9.33230865e-09,0.8157905213476947,0.8527864693566752
273.1,9.32149025e-09,0.8153918846558807,0.8533238513464424
273.2,9.3105375e-09,0.8149128923071733,0.8537903715723152
273.3,9.2994543e-09,0.8143591363364956,0.854187531715582
273.4,9.2882461e-09,0.8137359574513588,0.8545166889442691
273.5,9.27691855e-09,0.81305054989894,0.8547813681253341
273.6,9.26547865e-09,0.8123101896078243,0.8549842396125323
273.7,9.253934e-09,0.8115210843650956,0.8551293623435723
273.8,9.24229195e-09,0.8106924390372289,0.8552200475571108
273.9,9.23056105e-09,0.8098322207031935,0.8552605049873038
274.0,9.21874965e-09,0.8089513495390535,0.8552599269342555
274.1,9.20686665e-09,0.808056743331832,0.855221297910987
274.2,9.1949208e-09,0.8071593913726313,0.855153841633529
274.3,9.18292045e-09,0.8062681718022903,0.8550651544729183
274.4,9.1708742e-09,0.8053941807260615,0.8549653837734255
274.5,9.15878965e-09,0.8045473832758423,0.8548667314809175
274.6,9.14667485e-09,0.8037383729020606,0.8547793637892211
274.7,9.1345372e-09,0.8029784719046396,0.8547189006970101
274.8,9.1223837e-09,0.8022773438225821,0.8546990269818836
274.9,9.1102204e-09,0.8016453056461622,0.8547334085718844
275.0,9.0980537e-09,0.8010908019764331,0.8548363774126985
275.1,9.0858889e-09,0.8006247655558288,0.8550240058923414
275.2,9.07373125e-09,0.8002514186848763,0.8553075283461427
275.3,9.06158525e-09,0.7999822407431314,0.8557045314097768
275.4,9.0494562e-09,0.7998201785445034,0.8562206762332056
275.5,9.03734805e-09,0.7997679401418595,0.8568646147625973
275.6,9.02526595e-09,0.7998272911102711,0.8576394885906051
275.7,9.01321355e-09,0.7999963904764432,0.8585433876288961
275.8,9.00119515e-09,0.8002726118689174,0.8595733587803754
275.9,8.9892157e-09,0.8006505328987736,0.8607177278867427
276.0,8.9772797e-09,0.8011222367525249,0.8619630991969228
276.1,8.96539235e-09,0.8016819680324296,0.8632927343052575
276.2,8.953559e-09,0.8023177509872925,0.8646856662223769
276.3,8.94178575e-09,0.8030188225206824,0.8661168061893492
276.4,8.9300792e-09,0.8037748342263982,0.8675627430577197
276.5,8.9184465e-09,0.8045733705302729,0.8689966162103006
276.6,8.90689525e-09,0.8054041395747734,0.8703954983039057
276.7,8.89543405e-09,0.8062573521571912,0.8717371468625478
276.8,8.8840713e-09,0.8071233761544504,0.8730025112683752
276.9,8.8728166e-09,0.8079969022749665,0.8741766689562839
277.0,8.8616803e-09,0.8088688575991555,0.8752446659452424
277.1,8.85067275e-09,0.8097333987646823,0.8761980262182714
277.2,8.83980455e-09,0.8105872585151868,0.8770324646429912
277.3,8.8290872e-09,0.811425730744874,0.8777429609543419
277.4,8.8185318e-09,0.812243173153338,0.8783285349754151
277.5,8.80814985e-09,0.8130405219351896,0.8787934969713318
277.6,8.79795265e-09,0.8138117703652753,0.8791397067649427
277.7,8.78795165e-09,0.8145564786206235,0.8793736548866702
277.8,8.77815755e-09,0.8152703929847812,0.879499814964453
277.9,8.76858095e-09,0.8159523447852812,0.8795233266438723
278.0,8.75923115e-09,0.8165968299517945,0.8794499013403728
278.1,8.75011685e-09,0.8171996073342388,0.8792835602925505
278.2,8.74124545e-09,0.8177589302070988,0.8790329617297589
278.3,8.73262395e-09,0.8182686033496611,0.8786977098113239
278.4,8.72425715e-09,0.8187232295057474,0.8782823158642955
278.5,8.7161486e-09,0.8191208608879122,0.877794200330522
278.6,8.70830055e-09,0.8194542152843847,0.877231968342865
278.7,8.70071385e-09,0.8197179394212829,0.8765992704319878
278.8,8.6933864e-09,0.8199073334759973,0.8758988963321671
278.9,8.68631595e-09,0.8200145874491909,0.8751279432117909
279.0,8.6794969e-09,0.8200360570933853,0.8742907401855357
279.1,8.6729222e-09,0.8199673190461249,0.8733919619432703
279.2,8.6665829e-09,0.8197987537507039,0.8724275998127684
279.3,8.6604683e-09,0.8195322273131587,0.8714055580411466
279.4,8.65456555e-09,0.8191583526546402,0.8703247622037175
279.5,8.64886075e-09,0.8186730394215137,0.8691860982296092
279.6,8.64333785e-09,0.8180735041626879,0.8679949382422593
279.7,8.6379794e-09,0.81735805041813,0.8667559506483513
279.8,8.6327666e-09,0.8165222862413102,0.8654712277485922
279.9,8.62767925e-09,0.8155654388004356,0.864146795117692
280.0,8.6226966e-09,0.8144849634054572,0.8627865043482434
280.1,8.6177967e-09,0.8132795908529425,0.8613937169443862
280.2,8.61295705e-09,0.8119514008772284,0.8599755077727762
280.3,8.60815495e-09,0.8105003117969061,0.8585387632045101
280.4,8.60336755e-09,0.8089252868863994,0.8570850100536173
280.5,8.59857225e-09,0.8072287640216077,0.855619136638267
280.6,8.59374615e-09,0.8054131370961333,0.8541448311882345
280.7,8.5888672e-09,0.8034812963752174,0.8526673087473245
280.8,8.5839143e-09,0.8014336879650165,0.8511848854218752
280.9,8.5788668e-09,0.7992724418653498,0.8496953181147314
281.0,8.5737054e-09,0.7970028673678023,0.8482027223122697
281.1,8.5684117e-09,0.7946263404899561,0.8467007205814032
281.2,8.56296935e-09,0.7921483338862133,0.8451866991170439
281.3,8.55736315e-09,0.789572743131465,0.8436584211052228
281.4,8.5515797e-09,0.7869011955707051,0.8421039296443
281.5,8.5456076e-09,0.7841390884601132,0.8405199009292481
281.6,8.5394372e-09,0.7812923405602481,0.8388977144298259
281.7,8.53306075e-09,0.7783622839063951,0.8372272793504296
281.8,8.5264723e-09,0.7753540707105061,0.8355010181695792
281.9,8.51966825e-09,0.7722718604412545,0.8337097134544288
282.0,8.51264665e-09,0.7691169034525164,0.8318428660023304
282.1,8.5054075e-09,0.7658966013365834,0.8298952859022198
282.2,8.4979525e-09,0.7626153586063563,0.8278650128002815
282.3,8.49028525e-09,0.7592793579161771,0.8257471583783463
282.4,8.4824112e-09,0.7558954605044012,0.8235437081229715
282.5,8.4743371e-09,0.7524642255745211,0.8212514638928357
282.6,8.466071e-09,0.7489976917095852,0.8188812767489642
282.7,8.4576228e-09,0.7454999115641167,0.8164368789034296
282.8,8.44900265e-09,0.7419726004477044,0.8139247860193956
282.9,8.440222e-09,0.7384265717222621,0.8113586388921639
283.0,8.43129335e-09,0.7348668079537383,0.8087497221225461
283.1,8.42222955e-09,0.7312974497612503,0.8061093454440954
283.2,8.41304365e-09,0.7277256411264927,0.8034541592978756
283.3,8.40374935e-09,0.7241559813411101,0.8007956807625548
283.4,8.39436045e-09,0.7205939116435784,0.7981477454121795
283.5,8.3848906e-09,0.7170449612369684,0.7955259292631262
283.6,8.3753534e-09,0.713511919855556,0.7929411022259761
283.7,8.36576205e-09,0.7099990412157943,0.7904052086359984
283.8,8.3561292e-09,0.7065074437246681,0.7879272522977382
283.9,8.34646735e-09,0.703037447824628,0.7855111162197155
284.0,8.33678815e-09,0.6995972279397585,0.7831752227012506
284.1,8.3271028e-09,0.6961808213272033,0.7809160971408688
284.2,8.31742155e-09,0.6927880269250324,0.7787384896266625
284.3,8.30775385e-09,0.6894206165915026,0.7766468486538289
284.4,8.2981084e-09,0.6860719301501882,0.774637712187264
284.5,8.28849335e-09,0.6827446819371419,0.7727156669522418
284.6,8.2789161e-09,0.6794313195636245,0.7708738077281099
284.7,8.2693827e-09,0.6761298261271522,0.769111600444117
284.8,8.25989905e-09,0.6728373930438929,0.7674254071359705
284.9,8.25047005e-09,0.6695476742966864,0.7658083351493883
285.0,8.2411006e-09,0.6662558129832901,0.7642549683786355
285.1,8.2317947e-09,0.6629560537059627,0.7627559008953073
285.2,8.22255565e-09,0.6596429615094134,0.7613048809300232
285.3,8.2133864e-09,0.6563151101105776,0.7598966871557927
285.4,8.20428975e-09,0.6529641051738848,0.7585189856798581
285.5,8.19526825e-09,0.6495875590889183,0.7571648649983813
285.6,8.18632455e-09,0.6461840644221694,0.7558255914837855
285.7,8.1774605e-09,0.6427440455992298,0.7544876437212893
285.8,8.16867855e-09,0.6392717123542554,0.7531465794988808
285.9,8.159981e-09,0.6357643252184523,0.7517935206757208
286.0,8.1513702e-09,0.6322226821563542,0.7504184455712446
286.1,8.1428484e-09,0.6286473109555274,0.7490154228585221
286.2,8.13441815e-09,0.6250463464559888,0.7475797715644993
286.3,8.126082e-09,0.6214149857908897,0.7461005212476299
286.4,8.1178422e-09,0.6177690663571153,0.7445816617305843
286.5,8.10970165e-09,0.6141121519773718,0.7430170103590198
286.6,8.10166295e-09,0.6104526175093553,0.7414065796993071
286.7,8.0937292e-09,0.6068046937394679,0.7397531594857228
286.8,8.0859034e-09,0.6031797155340038,0.738059187594166
286.9,8.07818865e-09,0.5995893689893158,0.7363289365906456
287.0,8.0705869e-09,0.5960463291751241,0.7345673199260716
287.1,8.06310115e-09,0.5925587252765792,0.7327768571577524
287.2,8.0557333e-09,0.5891423858941067,0.7309675322671411
287.3,8.04848575e-09,0.5858082167524445,0.7291450943687936
287.4,8.04135985e-09,0.5825659511339519,0.7273173785947881
287.5,8.03435645e-09,0.5794229962857875,0.7254876773342256
287.6,8.0274765e-09,0.5763888674637806,0.7236645985509768
287.7,8.02072e-09,0.5734644367740517,0.721851359235919
287.8,8.01408605e-09,0.570647439756616,0.7200474755837838
287.9,8.00757335e-09,0.5679442230569526,0.7182589543197245
288.0,8.00117965e-09,0.5653444835077945,0.7164830119926501
288.1,7.99490135e-09,0.5628442262599235,0.7147184422309818
288.2,7.988735e-09,0.5604365825351618,0.71296351715876
288.3,7.9826757e-09,0.5581144605022533,0.7112172754486328
288.4,7.9767181e-09,0.5558676650647184,0.7094743072780505
288.5,7.97085595e-09,0.5536784016134487,0.7077259607008454
288.6,7.96508185e-09,0.5515369494324555,0.7059679254518965
288.7,7.95938805e-09,0.5494304097706214,0.7041939560450086
288.8,7.953766e-09,0.5473466328325184,0.7023991767283834
288.9,7.9482065e-09,0.5452669845754806,0.7005724725472124
289.0,7.94269995e-09,0.5431824662215113,0.6987097028823781
289.1,7.93723635e-09,0.5410790090903891,0.6968042892388641
289.2,7.93180535e-09,0.5389483652447612,0.6948525056877831
289.3,7.9263964e-09,0.5367775127830786,0.6928473716102588
289.4,7.9209987e-09,0.5345569948831354,0.6907852364756277
289.5,7.9156018e-09,0.5322810900763908,0.6886639137354031
289.6,7.91019545e-09,0.5299427084165443,0.6864805131243435
289.7,7.9047693e-09,0.5275361975500935,0.6842337842885727
289.8,7.89931375e-09,0.5250529966370575,0.6819197436886063
289.9,7.8938199e-09,0.5224929485978034,0.6795410365454584
290.0,7.88827945e-09,0.5198548803616345,0.6770996357793154
290.1,7.88268485e-09,0.517133682442259,0.6745941402398539
290.2,7.87702945e-09,0.5143294195564855,0.6720264537322218
290.3,7.87130755e-09,0.5114448826952274,0.6694014959905149
290.4,7.8655149e-09,0.5084784363453493,0.6667202660411968
290.5,7.85964755e-09,0.5054339151348443,0.6639878972466636
290.6,7.85370365e-09,0.5023143563554897,0.6612085239428473
290.7,7.8476826e-09,0.4991222110778739,0.6583858657754501
290.8,7.8415846e-09,0.49586388626605465,0.6555251943369442
290.9,7.83541125e-09,0.4925471039547746,0.6526345144054114
291.0,7.82916515e-09,0.48917454266592986,0.6497171686354348
291.1,7.82285035e-09,0.4857552495580445,0.6467802193272999
291.2,7.81647245e-09,0.48229604000222126,0.6438297611707545
291.3,7.8100373e-09,0.4788066969179832,0.640874043988107
291.4,7.8035521e-09,0.4752951515701438,0.6379185655665012
291.5,7.79702465e-09,0.4717720074622272,0.6349716448432837
291.6,7.79046365e-09,0.4682469337881029,0.6320406205788934
291.7,7.78387885e-09,0.4647317309980961,0.62913356666645
291.8,7.7772802e-09,0.46123581507370826,0.6262570892469854
291.9,7.7706779e-09,0.4577713885891244,0.6234198415233049
292.0,7.7640828e-09,0.4543491524372412,0.620629083087712
292.1,7.75750525e-09,0.45098077763476674,0.617892052169681
292.2,7.7509555e-09,0.4476747728712439,0.615214321954579
292.3,7.74444405e-09,0.4444435593757067,0.612603342415225
292.4,7.73798085e-09,0.4412942107581737,0.6100638686662592
292.5,7.7315748e-09,0.43823627871694903,0.6076009492470762
292.6,7.72523485e-09,0.43527717741069505,0.605218106511359
292.7,7.718969e-09,0.43242200250269597,0.6029176639810343
292.8,7.71278455e-09,0.42967623481549516,0.6007014971869163
292.9,7.7066872e-09,0.4270442568708445,0.5985702155979798
293.0,7.70068245e-09,0.4245271870757287,0.5965219989754412
293.1,7.6947745e-09,0.42212709071315796,0.594555689956567
293.2,7.68896615e-09,0.41984211989833375,0.5926671711700255
293.3,7.68325875e-09,0.417672820640059,0.5908537018903854
293.4,7.67765285e-09,0.4156149027794061,0.5891089436403093
293.5,7.6721485e-09,0.4136641628654046,0.5874267941902264
293.6,7.6667439e-09,0.4118162541904589,0.5858009263725326
293.7,7.6614361e-09,0.4100634779676122,0.5842225851968208
293.8,7.65622095e-09,0.40839863492313944,0.5826836452478519
293.9,7.651094e-09,0.40681552543809807,0.5811765805262648
294.0,7.6460499e-09,0.405304780026558,0.5796919122187051
294.1,7.6410819e-09,0.4038591428661265,0.5782224071222473
294.2,7.63618345e-09,0.40246880653285766,0.5767591801845483
294.3,7.63134665e-09,0.4011245491956761,0.5752938201054376
294.4,7.6265641e-09,0.39981878516496044,0.5738197772925508
294.5,7.6218274e-09,0.39854253388395106,0.5723299749942767
294.6,7.6171285e-09,0.39728863817626464,0.5708188488217071
294.7,7.6124592e-09,0.39604759975067233,0.5692797869789431
294.8,7.6078116e-09,0.3948130543687765,0.5677089447848955
294.9,7.6031784e-09,0.39358006344692553,0.5661037970273892
295.0,7.5985523e-09,0.3923408314371091,0.5644601854943879
295.1,7.5939261e-09,0.39109090921581097,0.5627767618143248
295.2,7.58929465e-09,0.3898272877655876,0.5610535687128598
295.3,7.58465245e-09,0.38854437316656,0.5592885352521159
295.4,7.57999495e-09,0.3872399499675888,0.5574830003788818
295.5,7.57531935e-09,0.3859119685936269,0.5556378940045831
295.6,7.57062235e-09,0.38456023363761127,0.5537557099254682
295.7,7.5659028e-09,0.38318308131207246,0.5518381458582071
295.8,7.56115955e-09,0.381780061112624,0.549887424165443
295.9,7.5563931e-09,0.3803532207293575,0.5479075799087801
296.0,7.55160495e-09,0.37890167360482613,0.5459005231765518
296.1,7.54679745e-09,0.37742888680068226,0.5438709751541979
296.2,7.54197365e-09,0.37593692936984774,0.5418219919830518
296.3,7.537137e-09,0.37442714591397824,0.539756678184974
296.4,7.53229275e-09,0.37290452465388907,0.5376801495294413
296.5,7.5274462e-09,0.371370869492082,0.5355947307950174
296.6,7.522603e-09,0.3698307589856903,0.5335042346185468
296.7,7.51776945e-09,0.368285032568271,0.5314099151238169
296.8,7.51295195e-09,0.3667399225313304,0.5293162918060189
296.9,7.50815705e-09,0.36519874074184383,0.5272255487003658
297.0,7.50339125e-09,0.3636643611287708,0.5251394834261738
297.1,7.4986615e-09,0.3621421187447557,0.5230608932575417
297.2,7.49397425e-09,0.36063434465154737,0.5209908915749061
297.3,7.48933535e-09,0.3591433956719547,0.5189298886702675
297.4,7.48475005e-09,0.35767298265521996,0.5168791248444053
297.5,7.48022345e-09,0.35622629368956804,0.5148397681414684
297.6,7.47575995e-09,0.35480576099603145,0.5128119913490526
297.7,7.4713626e-09,0.353413797317768,0.5107960194051919
297.8,7.46703475e-09,0.3520528518404105,0.5087924919381508
297.9,7.4627782e-09,0.35072456698859833,0.5068009578152238
298.0,7.4585935e-09,0.34943037470026284,0.5048214515939304
298.1,7.45448075e-09,0.34817165539121614,0.5028539676194038
298.2,7.45043795e-09,0.34694994278699165,0.5008986296703944
298.3,7.44646445e-09,0.3457662070114008,0.49895571546369316
298.4,7.44255635e-09,0.34462123911747383,0.49702528531787854
298.5,7.43870965e-09,0.34351512958307906,0.4951075402948806
298.6,7.43491965e-09,0.3424495710983383,0.49320391170431227
298.7,7.43118075e-09,0.3414235168845794,0.4913140294665591
298.8,7.427487e-09,0.3404372144993034,0.48943900570542026
298.9,7.42383105e-09,0.33949135572121264,0.4875803634650143
299.0,7.42020605e-09,0.33858564524059775,0.48573912250631657
299.1,7.4166043e-09,0.3377192266593013,0.4839161549354478
299.2,7.41301775e-09,0.3368916834021374,0.4821129027434358
299.3,7.40943835e-09,0.3361025957523276,0.4803306363903498
299.4,7.40585765e-09,0.33535121538250173,0.47857062633625896
299.5,7.402268e-09,0.3346371464519855,0.4768347122978211
299.6,7.3986617e-09,0.33395878235029586,0.4751234924342775
299.7,7.3950318e-09,0.3333145485111948,0.47343748510841605
299.8,7.3913713e-09,0.3327040283594965,0.4717783409130169
299.9,7.3876739e-09,0.33212540228473597,0.4701462244675351
300.0,7.38393475e-09,0.3315774306144521,0.4685417999046576
300.1,7.38014835e-09,0.3310584696673685,0.46696503706509507
300.2,7.37631175e-09,0.33056662254984104,0.46541596233822563
300.3,7.3724217e-09,0.3301004196248263,0.4638943206267258
300.4,7.36847815e-09,0.32965831271546453,0.4623998781961023
300.5,7.3644801e-09,0.3292383483794439,0.46093179812607216
300.6,7.36042915e-09,0.32883915311245604,0.4594894169122668
300.7,7.356326e-09,0.32845867419786123,0.45807154514770776
300.8,7.35217515e-09,0.3280956317508124,0.4566775984961614
300.9,7.34798025e-09,0.3277484650280792,0.4553061795772154
301.0,7.343747e-09,0.3274148844369358,0.45395554103703584
301.1,7.3394821e-09,0.3270938771279105,0.4526249408314379
301.2,7.33519345e-09,0.3267841028975774,0.451312923146386
301.3,7.3308887e-09,0.3264838194186508,0.4500177079554825
301.4,7.3265774e-09,0.32619219416907747,0.44873858337383227
301.5,7.3222704e-09,0.32590789951180205,0.4474740709679323
301.6,7.3179771e-09,0.3256301066946825,0.44622300269363413
301.7,7.31370915e-09,0.3253575044169452,0.4449837964448774
301.8,7.3094779e-09,0.3250891099884081,0.4437552420801719
301.9,7.30529435e-09,0.3248246664267922,0.4425366603871859
302.0,7.3011712e-09,0.32456338896225256,0.4413268657288521
302.1,7.2971194e-09,0.32430464676298437,0.4401246925742959
302.2,7.2931506e-09,0.3240477059529438,0.43892895905636103
302.3,7.2892761e-09,0.32379238117816417,0.43773889925475856
302.4,7.2855061e-09,0.3235380001378177,0.436553380939496
302.5,7.2818512e-09,0.3232843284690924,0.43537149744693376
302.6,7.2783203e-09,0.3230308490658375,0.4341923182373277
302.7,7.27492275e-09,0.32277736652099,0.4330150428328697
302.8,7.2716653e-09,0.3225240008433891,0.4318391509858164
302.9,7.26855655e-09,0.3222703907498798,0.4306637649351802
303.0,7.26560185e-09,0.3220161554794325,0.4294880892297014
303.1,7.26280545e-09,0.32176124476656465,0.42831146162164857
303.2,7.2601717e-09,0.32150580752276803,0.4271336050225497
303.3,7.2577034e-09,0.32124960435868244,0.4259540262023581
303.4,7.2554031e-09,0.3209925699291808,0.42477221747970095
303.5,7.25327075e-09,0.3207343398095151,0.42358761650949334
303.6,7.25130675e-09,0.320475210566032,0.42240038414127906
303.7,7.24950985e-09,0.32021504208369905,0.4212102307202154
303.8,7.24787795e-09,0.3199537256634105,0.42001701738790725
303.9,7.2464083e-09,0.3196913580662201,0.41882093640982493
304.0,7.2450975e-09,0.3194275666992391,0.417621684308118
304.1,7.24394105e-09,0.3191624495801582,0.41641954508276247
304.2,7.24293365e-09,0.31889609216029774,0.4152150251584939
304.3,7.2420703e-09,0.3186284341210787,0.4140082024468104
304.4,7.24134465e-09,0.31835940257755146,0.4127994426290967
304.5,7.240751e-09,0.31808893972441127,0.41158904729824747
304.6,7.24028275e-09,0.31781756203949035,0.41037800479931164
304.7,7.2399334e-09,0.31754470089451836,0.4091661693623901
304.8,7.23969665e-09,0.3172710499531533,0.4079548504033007
304.9,7.23956615e-09,0.31699643956939183,0.4067442590370699
305.0,7.23953575e-09,0.31672130076974603,0.4055352824494631
305.1,7.239599e-09,0.3164459345187921,0.4043286972421841
305.2,7.2397494e-09,0.3161704495156359,0.4031250073266948
305.3,7.23998175e-09,0.31589536475138374,0.4019251495259243
305.4,7.2402915e-09,0.3156209918720269,0.40072989164511713
305.5,7.2406737e-09,0.3153477229483285,0.39953992357802004
305.6,7.241123e-09,0.3150760857678544,0.3983560118732406
305.7,7.2416367e-09,0.31480663513586715,0.39717896769000194
305.8,7.2422112e-09,0.3145398466894946,0.3960094287716127
305.9,7.24284355e-09,0.314276319844615,0.39484822072862225
306.0,7.24353115e-09,0.31401636499058255,0.39369561562295435
306.1,7.24427145e-09,0.3137607090919372,0.3925523165430449
306.2,7.24506345e-09,0.313509790086695,0.3914188255154
306.3,7.245907e-09,0.3132640490544644,0.39029543596477345
306.4,7.24680065e-09,0.3130237052784127,0.38918225219204133
306.5,7.24774375e-09,0.3127892802629204,0.3880796782060189
306.6,7.24873735e-09,0.31256124838847815,0.3869879376881032
306.7,7.24978125e-09,0.3123397874692301,0.38590690811618056
306.8,7.250876e-09,0.31212492766446576,0.38483650403893094
306.9,7.2520235e-09,0.31191708366441545,0.383776864943068
307.0,7.25322375e-09,0.31171613546023974,0.38272757865163587
307.1,7.2544793e-09,0.31152221248555606,0.38168850127969073
307.2,7.25579115e-09,0.311335422182833,0.38065957062369815
307.3,7.25716065e-09,0.3111555119680214,0.37964025135627005
307.4,7.25859015e-09,0.3109824359738683,0.37863035435352854
307.5,7.26008165e-09,0.3108160082180888,0.3776295585447045
307.6,7.26163745e-09,0.31065601255910824,0.3766374718590347
307.7,7.2632593e-09,0.31050219829783293,0.3756539403584792
307.8,7.26495065e-09,0.31035437065551824,0.37467868758288436
307.9,7.26671185e-09,0.3102122110746692,0.3737114175942224
308.0,7.2685485e-09,0.31007541733407246,0.37275205185267685
308.1,7.27046155e-09,0.30994360741606136,0.3718003478272948
308.2,7.2724554e-09,0.3098167191171014,0.3708565530755775
308.3,7.2745329e-09,0.3096943647646591,0.3699205601550561
308.4,7.27669725e-09,0.309576340155212,0.3689924639418288
308.5,7.27895295e-09,0.309462275837464,0.36807236245358627
308.6,7.28130455e-09,0.30935193933355876,0.36716040334518335
308.7,7.2837555e-09,0.30924522068775334,0.36625702266968035
308.8,7.28631245e-09,0.3091417529620259,0.3653623504890131
308.9,7.28897935e-09,0.3090415550059323,0.3644769818208302
309.0,7.29176245e-09,0.3089442680495915,0.36360103227574125
309.1,7.29466845e-09,0.3088497909337201,0.36273493225193987
309.2,7.29770355e-09,0.3087580620831021,0.3618792321564589
309.3,7.3008756e-09,0.308668847763244,0.36103427630785323
309.4,7.3041912e-09,0.30858218944316884,0.3602004907060867
309.5,7.3076613e-09,0.3084980965476546,0.3593785005280972
309.6,7.31129215e-09,0.30841635858999344,0.35856843080927264
309.7,7.315094e-09,0.30833691713656214,0.3577707012663913
309.8,7.31907535e-09,0.3082597043289593,0.3569855713950065
309.9,7.32324505e-09,0.3081848144149645,0.35621352814197943
310.0,7.32761485e-09,0.3081121003680416,0.3554546349674818
310.1,7.3321947e-09,0.3080416375864142,0.3547092946236917
310.2,7.33699265e-09,0.3079732526541679,0.35397746312831213
310.3,7.3420232e-09,0.3079070266243932,0.35325934279990984
310.4,7.3472941e-09,0.307842868390903,0.35255480420486757
310.5,7.35281615e-09,0.3077808740864327,0.3518640509183892
310.6,7.35859965e-09,0.30772095134815813,0.3511869641882725
310.7,7.3646542e-09,0.3076630247778556,0.3505233253596688
310.8,7.37098935e-09,0.30760707049942104,0.34987297106976
310.9,7.37761495e-09,0.3075529603358742,0.34923555008848756
311.0,7.3845395e-09,0.3075007426677418,0.34861090596453725
311.1,7.39177115e-09,0.30745037916759355,0.3479986755297983
311.2,7.399319e-09,0.307401727207123,0.347398454147137
311.3,7.40718825e-09,0.30735469128191345,0.34680971528562454
311.4,7.4153859e-09,0.3073091281353399,0.34623194686565845
311.5,7.4239165e-09,0.3072650974576628,0.34566480268372823
311.6,7.4327863e-09,0.3072224358860641,0.34510763243015463
311.7,7.44200035e-09,0.3071810686506387,0.3445599497863949
311.8,7.45155945e-09,0.307140821078835,0.34402110255781415
311.9,7.46146495e-09,0.307101659869771,0.34349054913383886
312.0,7.471722e-09,0.3070634599880589,0.3429676907269092
312.1,7.48232945e-09,0.3070261070797263,0.34245197316008125
312.2,7.493289e-09,0.30698951443681577,0.3419427995307507
312.3,7.5045988e-09,0.3069536047761482,0.34143966969736705
312.4,7.51625745e-09,0.30691827505348446,0.34094201565997867
312.5,7.5282662e-09,0.3068834888263498,0.34044940073720664
312.6,7.5406211e-09,0.306849099068208,0.3399612236282171
312.7,7.5533183e-09,0.30681504169056895,0.3394770998020692
312.8,7.5663579e-09,0.30678129847219526,0.3389967213826829
312.9,7.57973585e-09,0.306747829200701,0.3385197296001772
313.0,7.5934522e-09,0.3067145239203432,0.3380457920740493
313.1,7.60750345e-09,0.30668135247183254,0.3375746197777751
313.2,7.6218865e-09,0.30664832176667267,0.3371060920741967
313.3,7.6366037e-09,0.3066153048845205,0.33663994506953115
313.4,7.6516496e-09,0.3065823791085553,0.3361761938434232
313.5,7.66702715e-09,0.3065494288281674,0.33571461722775015
313.6,7.68273485e-09,0.3065164917424686,0.3352553063286988
313.7,7.698776e-09,0.3064835383204881,0.334798234756891
313.8,7.71515295e-09,0.30645048059763136,0.3343433736096742
313.9,7.73186725e-09,0.3064173933438038,0.3338909088693336
314.0,7.7489262e-09,0.306384200532463,0.3334408870314404
314.1,7.76633115e-09,0.30635097944678835,0.33299353743225835
314.2,7.7840909e-09,0.3063177049540386,0.3325489543195671
314.3,7.80221395e-09,0.30628432993032395,0.33210737959600084
314.4,7.8207087e-09,0.3062509781543949,0.3316690966332171
314.5,7.83958345e-09,0.3062175911926281,0.3312342769621746
314.6,7.8588538e-09,0.30618424758484,0.3308032529633762
314.7,7.87853015e-09,0.3061509850301423,0.33037622695538876
314.8,7.89862425e-09,0.3061178418559654,0.3299535118408406
314.9,7.91915225e-09,0.30608484068177655,0.3295353325577657
315.0,7.94012935e-09,0.3060520694721699,0.329122027769852
315.1,7.96156995e-09,0.30601950749263396,0.328713735078858
315.2,7.98349365e-09,0.30598731245112,0.328310855352006
315.3,8.00591495e-09,0.3059554786927612,0.32791353875742507
315.4,8.02885305e-09,0.3059240414033952,0.3275219599676666
315.5,8.05232485e-09,0.30589303199894874,0.3271362672659039
315.6,8.0763489e-09,0.30586254912543087,0.32675673271406075
315.7,8.10094225e-09,0.3058325368624926,0.32638336448027816
315.8,8.1261252e-09,0.3058031328118921,0.32601634037870014
315.9,8.15191475e-09,0.30577431121256954,0.32565569685180157
316.0,8.178328e-09,0.3057460940556735,0.32530140499693005
316.1,8.20538005e-09,0.30571849327925615,0.3249535213627533
316.2,8.23309165e-09,0.3056914755824353,0.32461191902892816
316.3,8.2614742e-09,0.3056650365669812,0.32427653076537183
316.4,8.29054835e-09,0.30563918879926455,0.32394728243049764
316.5,8.3203234e-09,0.3056138820138028,0.32362404521900684
316.6,8.350816e-09,0.3055890860513065,0.3233066293787032
316.7,8.38203615e-09,0.30556472802682616,0.32299486086535356
316.8,8.41399945e-09,0.3055408267899177,0.32268857631614006
316.9,8.44671685e-09,0.30551730128749055,0.3223875200054207
317.0,8.4801961e-09,0.3054941314133518,0.32209154553497776
317.1,8.51444975e-09,0.30547125056573715,0.32180041728536224
317.2,8.54948585e-09,0.3054486562313726,0.321513948017652
317.3,8.58531475e-09,0.3054262830651307,0.32123189834248683
317.4,8.62194375e-09,0.3054041543147974,0.32095416018907946
317.5,8.65938115e-09,0.3053822153166603,0.32068053563709265
317.6,8.6976332e-09,0.3053604704689492,0.3204108983945018
317.7,8.73670805e-09,0.3053388877274191,0.32014505242592534
317.8,8.7766144e-09,0.3053174689770254,0.31988293364287307
317.9,8.81735655e-09,0.3052962167310424,0.3196244327179207
318.0,8.85894575e-09,0.3052751504673445,0.3193695157218675
318.1,8.9013917e-09,0.30525429469035437,0.3191181166812678
318.2,8.94470015e-09,0.3052336569398944,0.3188701897288689
318.3,8.98888365e-09,0.3052132522956093,0.3186257436611301
318.4,9.03395005e-09,0.30519313919112256,0.3183847973276075
318.5,9.0799155e-09,0.3051733063167004,0.3181473274805153
318.6,9.1267934e-09,0.3051538234156999,0.31791341580126253
318.7,9.1745972e-09,0.3051346622137871,0.31768302647569296
318.8,9.2233446e-09,0.3051158698348519,0.31745627385777925
318.9,9.2730563e-09,0.30509746764172424,0.3172331868501737
319.0,9.32374545e-09,0.30507948579369365,0.31701379749712144
319.1,9.37543375e-09,0.30506192680403416,0.31679816046233467
319.2,9.4281461e-09,0.30504479318602,0.3165862920820951
319.3,9.4819032e-09,0.30502809687770327,0.3163782533033002
319.4,9.5367337e-09,0.3050118265693503,0.3161740460109057
319.5,9.59266285e-09,0.30499599859724297,0.31597369408101567
319.6,9.64972775e-09,0.3049806054215589,0.315777245894157
319.7,9.70795015e-09,0.3049656237945125,0.31558466626449194
319.8,9.7673599e-09,0.3049510757072522,0.31539597718316914
319.9,9.82799255e-09,0.30493691717748106,0.3152111290130245
320.0,9.8898846e-09,0.3049230935414867,0.3150300595505237
320.1,9.9530691e-09,0.30490962553378076,0.3148527951850449
320.2,1.00175821e-08,0.3048964741986143,0.31467925800509033
320.3,1.008346335e-08,0.30488361063333497,0.31450936884252506
320.4,1.015074435e-08,0.30487100467865313,0.3143430862283262
320.5,1.02194614e-08,0.3048586594761616,0.31418037309170027
320.6,1.02896594e-08,0.3048465279019705,0.3140210968574374
320.7,1.03613776e-08,0.3048345647171456,0.3138651802423582
320.8,1.04346481e-08,0.3048227416473531,0.31371252837036473
320.9,1.05095151e-08,0.3048110360731258,0.31356305579013666
321.0,1.0586018e-08,0.30479942537499666,0.3134166625990276
321.1,1.066419395e-08,0.3047878932166839,0.31327327025722124
321.2,1.074408165e-08,0.3047764031557127,0.3131327493311003
321.3,1.08257168e-08,0.3047649394841197,0.31299503007730783
321.4,1.090913995e-08,0.3047534852373047,0.31286000002682685
321.5,1.099437905e-08,0.3047420228223488,0.31272759257789307
321.6,1.10814781e-08,0.3047305252215552,0.312597675783615
321.7,1.11704728e-08,0.30471898426678296,0.3124701780156803
321.8,1.126139275e-08,0.3047073817367948,0.3123449924599385
321.9,1.135427945e-08,0.3046957257997314,0.31222207262081864
322.0,1.14491638e-08,0.3046840089157706,0.3121013317903632
322.1,1.154608085e-08,0.3046721965273931,0.31198266126946644
322.2,1.16450668e-08,0.3046603125107031,0.31186600702273487
322.3,1.174614975e-08,0.30464834429932997,0.3117513112448635
322.4,1.184936815e-08,0.3046362900083181,0.3116384878562136
322.5,1.19547596e-08,0.30462414398280085,0.31152747967979905
322.6,1.206234715e-08,0.3046119099926892,0.31141823393686313
322.7,1.21721767e-08,0.30459956730347176,0.3113106852822786
322.8,1.22842732e-08,0.3045871146585115,0.3112047828222447
322.9,1.23986807e-08,0.3045745910135572,0.31110051587534615
323.0,1.251543425e-08,0.30456196495268245,0.31099780653008524
323.1,1.263457515e-08,0.30454923584756866,0.310896632166995
323.2,1.27561423e-08,0.3045364244327273,0.3107969506887336
323.3,1.28801696e-08,0.304523511230284,0.3106987388475156
323.4,1.30067021e-08,0.30451050503669813,0.3106019702539627
323.5,1.31357891e-08,0.30449739642719176,0.31050659904082206
323.6,1.32674694e-08,0.304484209277869,0.31041262709304934
323.7,1.34017948e-08,0.3044709373055447,0.31032004058763685
323.8,1.353880595e-08,0.3044575886783596,0.3102288219316658
323.9,1.367856295e-08,0.3044441545998543,0.3101389409658466
324.0,1.382112295e-08,0.30443066522931833,0.31005040774327575
324.1,1.396652735e-08,0.30441711491188483,0.30996321912236063
324.2,1.411484095e-08,0.30440349673605005,0.309877348713723
324.3,1.426612405e-08,0.3043898377195108,0.30979278834922197
324.4,1.44204406e-08,0.3043761529419118,0.3097095518518651
324.5,1.457784345e-08,0.30436239527936315,0.30962761094731855
324.6,1.47384124e-08,0.304348615625666,0.3095469775736345
324.7,1.49022018e-08,0.30433481335250173,0.309467644819309
324.8,1.506928495e-08,0.3043209884598703,0.3093895982330158
324.9,1.523974665e-08,0.3043071572840536,0.30931284723953306
325.0,1.54136483e-08,0.3042933229666443,0.309237380529127
325.1,1.559107405e-08,0.30427947294127167,0.30916316982746395
325.2,1.577208865e-08,0.3042656090928914,0.3090902239310032
325.3,1.5956778e-08,0.3042517383330072,0.3090185352999224
325.4,1.61452271e-08,0.3042378656881675,0.3089481108457254
325.5,1.6337521e-08,0.30422396539731245,0.3088789015595668
325.6,1.65337423e-08,0.30421007076132417,0.30881093068923227
325.7,1.67339803e-08,0.3041961522492317,0.308744161792247
325.8,1.69383164e-08,0.3041821859849309,0.3086786030367519
325.9,1.714684525e-08,0.30416814243745083,0.3086142041572645
326.0,1.73596521e-08,0.3041539876775908,0.30855094567591035
326.1,1.75768237e-08,0.3041397173071211,0.30848883764578594
326.2,1.779845535e-08,0.3041252860871076,0.30842783294300147
326.3,1.802464165e-08,0.30411069527418727,0.3083679252843716
326.4,1.82554795e-08,0.3040959128241151,0.3083090826256513
326.5,1.84910671e-08,0.30408090543600885,0.30825128611728475
326.6,1.873151025e-08,0.3040656756231428,0.308194520679627
326.7,1.897689445e-08,0.30405019071295325,0.30813876243657407
326.8,1.9227326e-08,0.3040344437939364,0.30808398499874756
326.9,1.94828995e-08,0.30401842544131424,0.30803017956968803
327.0,1.97437052e-08,0.3040021080090715,0.30797731410515045
327.1,2.00098509e-08,0.3039855109750826,0.3079253785520384
327.2,2.02814543e-08,0.30396858595882065,0.30787431887495814
327.3,2.055861805e-08,0.3039513461549748,0.30782415895001386
327.4,2.08414421e-08,0.3039338041299157,0.3077748623347308
327.5,2.113004755e-08,0.30391594668895416,0.30772640075477503
327.6,2.142454015e-08,0.3038977612657196,0.3076787591305019
327.7,2.172504055e-08,0.30387925477171585,0.3076319117008515
327.8,2.20316697e-08,0.30386043663172085,0.3075858352180384
327.9,2.234454515e-08,0.30384129365104545,0.30754052591215125
328.0,2.26637899e-08,0.30382183902437887,0.30749595739381186
328.1,2.298951805e-08,0.3038020626986245,0.30745211332673833
328.2,2.3321875e-08,0.303781966558738,0.30740897423305635
328.3,2.3660987e-08,0.3037615625427714,0.30736652754639515
328.4,2.400700455e-08,0.3037408588188658,0.30732474813401356
328.5,2.436006185e-08,0.3037198478471986,0.30728361526140013
328.6,2.472026865e-08,0.3036985497339628,0.30724314337988096
328.7,2.508781995e-08,0.303676973275618,0.30720327656910695
328.8,2.54628441e-08,0.30365511784384547,0.30716402111226326
328.9,2.58455019e-08,0.3036329614474968,0.30712535627483845
329.0,2.623592655e-08,0.3036105763432029,0.3070872789152399
329.1,2.663430525e-08,0.3035879198053037,0.30704975196267426
329.2,2.7040768e-08,0.30356499686034755,0.30701277855873416
329.3,2.745552435e-08,0.3035418496056759,0.3069763329423599
329.4,2.78787159e-08,0.3035184667315552,0.30694041260027727
329.5,2.83105402e-08,0.3034948231052443,0.30690496286877417
329.6,2.87511726e-08,0.30347097150549973,0.3068699981991767
329.7,2.920077275e-08,0.30344690690577325,0.3068355072817515
329.8,2.96595515e-08,0.3034225614476635,0.30680145493066074
329.9,3.01276899e-08,0.30339800738780154,0.3067678461724526
330.0,3.060539365e-08,0.30337321770849063,0.3067346609009342
330.1,3.10928405e-08,0.30334823325043514,0.30670188906300905
330.2,3.15902473e-08,0.30332298992514506,0.3066694967294764
330.3,3.20978112e-08,0.30329752354677647,0.3066374857852919
330.4,3.26157438e-08,0.3032718328586925,0.3066058574870926
330.5,3.31442496e-08,0.3032458883299221,0.30657458670213733
330.6,3.36835507e-08,0.3032197282878956,0.3065436570941442
330.7,3.423386915e-08,0.3031933225733237,0.3065130774595727
330.8,3.47954354e-08,0.30316657002692277,0.30648281072762945
330.9,3.536847735e-08,0.30313944865754433,0.3064528386770772
331.0,3.59532163e-08,0.3031119352174027,0.30642319021056813
331.1,3.654990925e-08,0.30308398949411197,0.3063938144343015
331.2,3.71587826e-08,0.3030555869832494,0.3063647314544702
331.3,3.77800852e-08,0.3030266654812805,0.3063359129967403
331.4,3.841404665e-08,0.3029971879174118,0.30630736848588974
331.5,3.90609702e-08,0.30296714172527295,0.3062790564528956
331.6,3.97210875e-08,0.30293650868362626,0.3062510045437732
331.7,4.039470885e-08,0.3029052743411458,0.3062231882540997
331.8,4.108206755e-08,0.302873461945617,0.3061955987874159
331.9,4.178348715e-08,0.3028410645855361,0.3061682411702699
332.0,4.24992547e-08,0.30280810173877754,0.3061410934115132
332.1,4.322959595e-08,0.30277453382127395,0.30611417247574607
332.2,4.39748621e-08,0.3027404337179748,0.3060874526019088
332.3,4.47353567e-08,0.30270577755277606,0.30606095389619425
332.4,4.55113724e-08,0.30267057349381843,0.30603468829665464
332.5,4.63032848e-08,0.30263478321367165,0.3060086206174522
332.6,4.711138925e-08,0.3025984538362255,0.30598276907982436
332.7,4.793604155e-08,0.3025616117508584,0.30595712488731164
332.8,4.877751355e-08,0.30252436565667595,0.30593174144698915
332.9,4.96362435e-08,0.3024865974297945,0.3059065747765598
333.0,5.05125905e-08,0.30244836299056327,0.3058816305308903
333.1,5.14068525e-08,0.3024096698788046,0.30585694389581836
333.2,5.2319466e-08,0.30237055013876357,0.3058324966501067
333.3,5.3250799e-08,0.302330990575751,0.30580829067871074
333.4,5.42012765e-08,0.3022909937030411,0.3057843555126016
333.5,5.51713385e-08,0.30225055826399677,0.3057606496827561
333.6,5.61613255e-08,0.30220978101967166,0.30573723162279776
333.7,5.71716705e-08,0.30216865820015476,0.30571410007608935
333.8,5.82028045e-08,0.30212719357535706,0.3056912468744901
333.9,5.9255166e-08,0.3020854411806723,0.3056687122303859
334.0,6.0329276e-08,0.3020434449983977,0.3056464521614796
334.1,6.14255335e-08,0.3020011704710139,0.3056245100217499
334.2,6.254443e-08,0.3019586760321444,0.3056028361740328
334.3,6.36864535e-08,0.30191598115966356,0.3055815028749593
334.4,6.4852116e-08,0.3018732184287814,0.30556047431037325
334.5,6.60419085e-08,0.30183023578641355,0.30553975550682283
334.6,6.7256331e-08,0.3017871695776811,0.30551937411032337
334.7,6.8495887e-08,0.3017440688114294,0.30549930812972637
334.8,6.9761215e-08,0.3017007933726262,0.3054795581933503
334.9,7.10527875e-08,0.30165741426126547,0.3054601356109287
335.0,7.2371213e-08,0.3016137618313438,0.3054410196479502
335.1,7.3717048e-08,0.3015696513572133,0.30542214495928743
335.2,7.5090872e-08,0.30152515949373465,0.30540358128829737
335.3,7.64933345e-08,0.30148015429401637,0.3053852796261346
335.4,7.7925092e-08,0.30143444977577344,0.30536720541527995
335.5,7.9386756e-08,0.30138810751422174,0.30534936305396315
335.6,8.0879013e-08,0.30134106656246396,0.30533174311740624
335.7,8.2402538e-08,0.3012933765576639,0.3053143374374683
335.8,8.39578815e-08,0.3012450337299105,0.3052971717752091
335.9,8.55458945e-08,0.3011959683358467,0.3052801870686867
336.0,8.71672315e-08,0.30114609995070074,0.30526340028250154
336.1,8.8822639e-08,0.30109570000807767,0.3052468239830241
336.2,9.05128095e-08,0.30104459132215206,0.305230446860521
336.3,9.22385715e-08,0.30099284991946595,0.30521424252561374
336.4,9.4000758e-08,0.30094065675575626,0.30519821223493954
336.5,9.5800136e-08,0.30088773222927684,0.305182359130091
336.6,9.76375365e-08,0.3008343163577064,0.30516666750310484
336.7,9.9513756e-08,0.30078039594635575,0.3051511700265447
336.8,1.014295915e-07,0.3007260595881378,0.3051358579039511
336.9,1.033860645e-07,0.30067124696447356,0.3051207016043531
337.0,1.053840765e-07,0.30061598760633396,0.30510573568526994
337.1,1.07424369e-07,0.3005605328411313,0.30509096831484245
337.2,1.095081615e-07,0.3005046124918974,0.3050763416877659
337.3,1.116361855e-07,0.30044838552322056,0.30506192680403416
337.4,1.138095575e-07,0.3003921459881731,0.30504770858400254
337.5,1.1602932e-07,0.30033555585138544,0.30503367885953014
337.6,1.182963985e-07,0.30027891482079677,0.30501985396689874
337.7,1.20611883e-07,0.3002223096043644,0.30500623579106395
337.8,1.22976932e-07,0.3001654090782226,0.30499279354441783
337.9,1.253927785e-07,0.3001083828883746,0.3049795467048347
338.0,1.278604115e-07,0.30005147482241046,0.30496648082098843
338.1,1.303811345e-07,0.29999462770334373,0.30495362165393874
338.2,1.32956147e-07,0.29993782142498154,0.30494094721253706
338.3,1.355865745e-07,0.2998809146156544,0.30492846063837614
338.4,1.382739015e-07,0.29982378475324883,0.3049161562765891
338.5,1.410193265e-07,0.2997666951032293,0.3049040171625756
338.6,1.438244185e-07,0.29970928438244054,0.3048920219335057
338.7,1.466904415e-07,0.29965168265281844,0.30488018566902403
338.8,1.496189665e-07,0.2995938094895911,0.30486849328948584
338.9,1.526114215e-07,0.2995355461405561,0.304856938511706
339.0,1.556692225e-07,0.2994770289508347,0.30484553327373637
339.1,1.58793948e-07,0.29941801790274825,0.3048342901419477
339.2,1.619873105e-07,0.29935882715556195,0.30482314691280543
339.3,1.652507325e-07,0.29929918590398913,0.30481215385179194
339.4,1.68586205e-07,0.299238810148054,0.30480127011820285
339.5,1.71995533e-07,0.2991782314452333,0.30479049194212693
339.6,1.754802285e-07,0.29911717899024054,0.30477986896072806
339.7,1.79042338e-07,0.2990557105883804,0.3047693282890568
339.8,1.826836275e-07,0.2989937904254966,0.3047589095111804
339.9,1.864062455e-07,0.29893143546618967,0.30474857932621685
340.0,1.90212272e-07,0.298868361082165,0.30473830883151376
340.1,1.941036005e-07,0.2988052420875247,0.3047281306996346
340.2,1.980826455e-07,0.2987417134292023,0.3047179946650971
340.3,2.021513375e-07,0.2986780157531952,0.3047079202057756
340.4,2.063118845e-07,0.29861394988252904,0.3046979136048554
340.5,2.1056685e-07,0.29854970682603726,0.3046879308800393
340.6,2.14918475e-07,0.2984855492208657,0.30467800470389106
340.7,2.193689275e-07,0.2984216404298322,0.3046681652357
340.8,2.2392103e-07,0.2983576285945597,0.3046583747763543
340.9,2.28577502e-07,0.2982936770778662,0.3046486188745279
341.0,2.33340675e-07,0.29822968911869785,0.30463890821163564
341.1,2.38213479e-07,0.2981659392922527,0.30462923336289965
341.2,2.43198584e-07,0.2981030665984764,0.30461965087698767
341.3,2.482990105e-07,0.2980401744268256,0.30461008409903895
341.4,2.535173775e-07,0.2979781147772281,0.30460062539187754
341.5,2.5885697e-07,0.2979158980479979,0.30459118616259057
341.6,2.64321056e-07,0.2978538905488384,0.30458176892445216
341.7,2.69912391e-07,0.2977923875894591,0.3045723793323291
341.8,2.75634792e-07,0.2977310831787355,0.30456299853666546
341.9,2.814913885e-07,0.2976698968918956,0.3045536032896757
342.0,2.87485738e-07,0.2976091215253749,0.30454418793649285
342.1,2.936218325e-07,0.2975488777163311,0.30453472294614614
342.2,2.99903057e-07,0.2974886948541848,0.30452520203545014
342.3,3.06333579e-07,0.2974292703725051,0.30451562457608644
342.4,3.129168325e-07,0.2973700570058517,0.30450599119637345
342.5,3.196575915e-07,0.29731105726749874,0.30449623403790993
342.6,3.265597385e-07,0.29725261610431963,0.3044863870298965
342.7,3.33627165e-07,0.2971948692331169,0.3044764947829489
342.8,3.40865171e-07,0.2971375515034707,0.30446647310238395
342.9,3.482780865e-07,0.2970803236233744,0.3044563395811205
343.0,3.558706285e-07,0.2970232013007912,0.3044460382988094
343.1,3.63647637e-07,0.2969668995622092,0.30443562768907395
343.2,3.71614271e-07,0.29691075867317096,0.3044250951855435
343.3,3.79775817e-07,0.29685527374867887,0.3044144200537066
343.4,3.88137478e-07,0.2968002676029072,0.30440355956790316
343.5,3.96705215e-07,0.29674564975798745,0.3043925231529111
343.6,4.05484676e-07,0.296691405134275,0.30438123352555113
343.7,4.144814375e-07,0.2966378196167012,0.3043697616858173
343.8,4.23701522e-07,0.296585083585781,0.30435804605849354
343.9,4.331515495e-07,0.2965325888291766,0.3043460671657054
344.0,4.42837368e-07,0.29648088575392084,0.3043338426003718
344.1,4.52766483e-07,0.2964294434308554,0.30432129382267625
344.2,4.629455975e-07,0.296378493709518,0.30430842397421154
344.3,4.7338203e-07,0.2963282181739641,0.304295208550555
344.4,4.8408243e-07,0.2962788072047084,0.3042816890207295
344.5,4.9505472e-07,0.29623045369553996,0.3042678264289863
344.6,5.06307085e-07,0.296182540009343,0.3042535535452425
344.7,5.17846665e-07,0.2961358999248078,0.3042388961305579
344.8,5.29682315e-07,0.29608989444198863,0.30422379575130915
344.9,5.41822705e-07,0.2960448867289962,0.3042081820358208
345.0,5.54277115e-07,0.296000546918602,0.30419201414338837
345.1,5.67053495e-07,0.29595708801078785,0.30417528390587095
345.2,5.80161325e-07,0.29591501328869685,0.3041580252524692
345.3,5.93611535e-07,0.2958736008143372,0.30414009806815073
345.4,6.0741273e-07,0.295833556189419,0.30412155010512393
345.5,6.2157517e-07,0.29579437990071017,0.3041023411510028
345.6,6.3610996e-07,0.29575584512522124,0.30408238135623755
345.7,6.51027925e-07,0.2957190752964851,0.30406172726949576
345.8,6.6633954e-07,0.2956831888836032,0.3040403757491849
345.9,6.8205857e-07,0.29564816138215266,0.30401816217584987
346.0,6.98195115e-07,0.29561406316380917,0.3039951525229365
346.1,7.1476097e-07,0.2955814597152502,0.30397131223292545
346.2,7.31770705e-07,0.2955493457268267,0.30394651564211067
346.3,7.49236765e-07,0.2955188980391466,0.3039207005469576
346.4,7.6717235e-07,0.29548920056379224,0.30389387260233297
346.5,7.8558984e-07,0.295461531300655,0.30386607516221553
346.6,8.0450614e-07,0.29543368359505506,0.30383710779299383
346.7,8.2393451e-07,0.29540772335832133,0.30380702201678744
346.8,8.43890355e-07,0.29538278288256303,0.3037758134353667
346.9,8.6438972e-07,0.2953587943093788,0.30374336329652923
347.0,8.85448585e-07,0.29533655811657666,0.30370962007815555
347.1,9.0708538e-07,0.29531414662290445,0.30367443298379826
347.2,9.2931535e-07,0.29529333734148566,0.3036378887214147
347.3,9.52155895e-07,0.2952730501927658,0.3035998892733139
347.4,9.7562429e-07,0.29525441112355205,0.30356049307311933
347.5,9.99742035e-07,0.2952367333816903,0.30351956754562104
347.6,1.0245278e-06,0.2952195884539426,0.3034770837881665
347.7,1.049998305e-06,0.2952035726145946,0.3034331209688907
347.8,1.07617436e-06,0.29518890766008765,0.3033876803444307
347.9,1.103078515e-06,0.29517464859935155,0.3033406783484218
348.0,1.130729405e-06,0.2951616241845283,0.30329214891006473
348.1,1.15915037e-06,0.29514978792004665,0.3032420700382109
348.2,1.18836326e-06,0.2951386208148002,0.30319042225498594
348.3,1.21839234e-06,0.2951279079838514,0.3031372124718935
348.4,1.24925874e-06,0.29511845367491973,0.30308255944113605
348.5,1.28098887e-06,0.295109418454448,0.30302644242820204
348.6,1.313605755e-06,0.29510144195070054,0.3029689933799829
348.7,1.347133255e-06,0.29509460081853806,0.3029103555531037
348.8,1.381597995e-06,0.2950884345004776,0.30285054025729785
348.9,1.417025335e-06,0.29508323202304326,0.3027896260323818
349.0,1.45344267e-06,0.29507839271371966,0.302727704612861
349.1,1.49087626e-06,0.29507448897068833,0.30266503046774046
349.2,1.529356655e-06,0.29507076681171235,0.3026016268448057
349.3,1.56890814e-06,0.29506780428984003,0.30253780224845533
349.4,1.60956074e-06,0.29506498628122974,0.3024737577406193
349.5,1.651340575e-06,0.2950630975557264,0.3024097320823391
349.6,1.694277645e-06,0.29506173033460353,0.3023459583797898
349.7,1.73840255e-06,0.2950607225116803,0.30228275142055516
349.8,1.78374376e-06,0.29506032667100596,0.30222037321346257
349.9,1.830332915e-06,0.29505980390998837,0.302159203891223
350.0,1.878196165e-06,0.2950597084055717,0.30209973102901644
350.1,1.92736302e-06,0.2950594338303738,0.30204233727282803
350.2,1.97786595e-06,0.29505945393656674,0.30198741846333205
350.3,2.02972988e-06,0.29505941875072905,0.30193543452969307
350.4,2.08298448e-06,0.29505935843215014,0.301886749896659
350.5,2.13765866e-06,0.29505917056490943,0.30184183957303884
350.6,2.193779055e-06,0.2950593314144533,0.3018012300897615
350.7,2.251374085e-06,0.2950589116976748,0.30176522995122546
350.8,2.310470465e-06,0.2950580044057164,0.30173432484765506
350.9,2.37108933e-06,0.29505676347661824,0.3017089539737032
351.0,2.433253945e-06,0.29505514367144603,0.30168940132934574
351.1,2.496989035e-06,0.29505363884856495,0.3016759220119063
351.2,2.562314105e-06,0.29505121793726613,0.30166870137535123
351.3,2.629252655e-06,0.2950481014773538,0.3016678374373715
351.4,2.697815365e-06,0.295044700389147,0.3016735048705186
351.5,2.768018785e-06,0.2950405805045411,0.30168573132080784
351.6,2.839886205e-06,0.2950355080890426,0.3017043427440062
351.7,2.913418005e-06,0.2950303087532009,0.3017294107684263
351.8,2.9886271e-06,0.2950241801342523,0.30176056719940897
351.9,3.06552383e-06,0.29501763242684365,0.3017974897095481
352.0,3.14411285e-06,0.29501013595845366,0.30183981073250316
352.1,3.22440264e-06,0.29500189618924183,0.30188709170193967
352.2,3.30639184e-06,0.2949931003581303,0.3019388946798418
352.3,3.390091625e-06,0.2949830020227046,0.30199464224147976
352.4,3.47550206e-06,0.29497219431565774,0.30205382859043634
352.5,3.56261674e-06,0.29495983843175116,0.30211604154975535
352.6,3.651436205e-06,0.29494695664523435,0.30218080673894615
352.7,3.741966045e-06,0.29493328694728005,0.30224749206956686
352.8,3.83420067e-06,0.2949182638512106,0.3023156087098005
352.9,3.928138335e-06,0.29490220465788397,0.3023847501375578
353.0,4.023786925e-06,0.2948849994115573,0.3024544162112882
353.1,4.12114133e-06,0.29486648914764235,0.30252410364784865
353.2,4.22020054e-06,0.29484693775992205,0.3025934568189508
353.3,4.320970885e-06,0.29482619005371924,0.3026621006184317
353.4,4.42346217e-06,0.29480406947152676,0.3027295380463337
353.5,4.527662115e-06,0.2947805640752926,0.30279558060709744
353.6,4.63358591e-06,0.29475561543139334,0.30285985947774546
353.7,4.74123222e-06,0.29472983740703357,0.302922144065377
353.8,4.850623365e-06,0.2947026117367791,0.3029820712018813
353.9,4.961756485e-06,0.2946743248365261,0.30303943417046175
354.0,5.07464295e-06,0.29464451740542885,0.3030939621658315
354.1,5.18929405e-06,0.2946135884257543,0.30314543024995677
354.2,5.3057258e-06,0.29458116530461365,0.30319359526356604
354.3,5.42395585e-06,0.2945482495817449,0.30323827499428535
354.4,5.5439905e-06,0.2945134401068246,0.30327930230938566
354.5,5.6658442e-06,0.29447816504787305,0.30331654526197543
354.6,5.7895272e-06,0.29444148192709413,0.3033498580821556
354.7,5.915066e-06,0.2944033587002428,0.3033790353097665
354.8,6.042465e-06,0.294364723393789,0.30340399777667343
354.9,6.1717428e-06,0.29432444126446616,0.30342464997845964
355.0,6.3029112e-06,0.294283069630811,0.3034409485611464
355.1,6.4359874e-06,0.2942409257936816,0.3034527590645683
355.2,6.5709895e-06,0.29419689825759715,0.30346007583385853
355.3,6.70793245e-06,0.29415175419948364,0.303462805249556
355.4,6.8468217e-06,0.29410548796447417,0.3034610842851003
355.5,6.987655e-06,0.2940588887206435,0.3034549562944703
355.6,7.130454e-06,0.294010912830912,0.303444447667044
355.7,7.2752227e-06,0.2939617311979201,0.303429751924929
355.8,7.421967e-06,0.2939116623791627,0.3034109601743123
355.9,7.5706703e-06,0.29386051473748814,0.30338827473376073
356.0,7.72134425e-06,0.2938080495118547,0.3033619494439607
356.1,7.87398255e-06,0.2937547844367316,0.30333223123409486
356.2,8.0285729e-06,0.2937011448837642,0.3032994681926291
356.3,8.1851158e-06,0.29364579379111916,0.30326379352309196
356.4,8.34358395e-06,0.29358926020299925,0.3032257142785378
356.5,8.5039542e-06,0.2935324652343706,0.3031856112199962
356.6,8.66621755e-06,0.29347504948703357,0.30314374949788714
356.7,8.830348e-06,0.2934168439433035,0.30310047154580977
356.8,8.9963026e-06,0.29335813762970436,0.3030561964522242
356.9,9.16405925e-06,0.2932985196259172,0.303011203190558
357.0,9.33357955e-06,0.29323817905581967,0.3029657487430903
357.1,9.5048227e-06,0.2931775500875166,0.3029200863221889
357.2,9.6777602e-06,0.29311619855290316,0.30287440442341307
357.3,9.85234005e-06,0.29305436069974694,0.3028289512325824
357.4,1.002852205e-05,0.29299276726249923,0.30278379272314265
357.5,1.020626115e-05,0.2929308590376676,0.3027389948685395
357.6,1.038552515e-05,0.2928679266536309,0.30269454196080975
357.7,1.056625675e-05,0.2928050451633952,0.3026505464689703
357.8,1.074841455e-05,0.29274186396522023,0.3026068971806414
357.9,1.093195345e-05,0.29267781882906563,0.30256347220202784
358.0,1.11168322e-05,0.29261387548051304,0.3025203613826797
358.1,1.130301465e-05,0.2925497367248973,0.3024773228199626
358.2,1.149044955e-05,0.2924854886418573,0.3024342993368902
358.3,1.1679111e-05,0.29242074293054093,0.3023910603405618
358.4,1.18689457e-05,0.2923556868298704,0.3023475455123984
358.5,1.205995e-05,0.2922902348885255,0.3023035550471072
358.6,1.225206915e-05,0.2922246943542678,0.30225905061725794
358.7,1.244528045e-05,0.29215911486426116,0.3022138625768472
358.8,1.263957025e-05,0.29209329661321287,0.30216783007633125
358.9,1.28349047e-05,0.29202723268961905,0.3021208789741234
359.0,1.303126965e-05,0.2919613805093701,0.3020729326153628
359.1,1.322863745e-05,0.2918954592140828,0.3020238684779361
359.2,1.342699295e-05,0.29182967552055367,0.3019735948273377
359.3,1.36263437e-05,0.29176356447307006,0.3019219979379137
359.4,1.38266559e-05,0.2916980666644724,0.30186910796895344
359.5,1.402794455e-05,0.29163298543106064,0.30181479234524705
359.6,1.423019275e-05,0.29156775717111266,0.30175894425264416
359.7,1.44333979e-05,0.2915027475660134,0.30170164097432417
359.8,1.46375664e-05,0.2914378944122283,0.30164279957224094
359.9,1.48426699e-05,0.29137380592209505,0.30158249041807
360.0,1.50487388e-05,0.2913098110514229,0.30152063622863196
360.1,1.525578025e-05,0.29124569491527436,0.30145720495968187
360.2,1.54637824e-05,0.2911823145401252,0.3013923191333332
360.3,1.56727613e-05,0.29111958196138127,0.3013259492186149
360.4,1.5882729e-05,0.29105683932954085,0.30125814233941683
360.5,1.60936801e-05,0.2909941815207021,0.3011888658231755
360.6,1.63056417e-05,0.2909326352073441,0.30111829497076087
360.7,1.651861545e-05,0.2908712667081304,0.30104641847243935
360.8,1.673259585e-05,0.29081045301417924,0.30097329539015294
360.9,1.694761325e-05,0.29075065091306257,0.3008989577681466
361.0,1.71636849e-05,0.290690595599578,0.3008233842435904
361.1,1.73808105e-05,0.29063185661341534,0.30074679472797
361.2,1.75990175e-05,0.2905734676006742,0.30066914586730686
361.3,1.78183082e-05,0.2905155278356826,0.30059053756424725
361.4,1.803869135e-05,0.2904585104422941,0.300510975473658
361.5,1.82601827e-05,0.2904017274117175,0.30043057709110443
361.6,1.848280215e-05,0.29034595157574566,0.3003494065050766
361.7,1.87065653e-05,0.2902908813414838,0.300267547281939
361.8,1.893147965e-05,0.2902369226027028,0.30018497303231356
361.9,1.915755995e-05,0.2901830731913462,0.3001017622960164
362.0,1.93848181e-05,0.2901304276382944,0.3000179804181749
362.1,1.96132665e-05,0.2900787622621505,0.29993374552267277
362.2,1.984292325e-05,0.29002731302758117,0.29984911604313325
362.3,2.007378785e-05,0.28997634885491763,0.29976409512114915
362.4,2.03058636e-05,0.2899263617175693,0.2996788611991832
362.5,2.05391576e-05,0.28987776442081087,0.2995934551179397
362.6,2.07736829e-05,0.28982951772579263,0.29950799437298414
362.7,2.100943545e-05,0.2897827884200261,0.29942259960147427
362.8,2.124643515e-05,0.2897360157602809,0.2993371545644819
362.9,2.14846713e-05,0.28969016170222767,0.2992519715363169
363.0,2.172417895e-05,0.2896451043520713,0.29916691857008776
363.1,2.196494455e-05,0.28960088643547205,0.2990821728516201
363.2,2.220696655e-05,0.28955791196124503,0.2989978606729386
363.3,2.24502431e-05,0.2895153213896403,0.2989139989986437
363.4,2.269477795e-05,0.2894738674462577,0.2988307122358044
363.5,2.29405593e-05,0.2894329563700856,0.29874803494193986
363.6,2.31875962e-05,0.28939283257703247,0.2986660318338588
363.7,2.34359199e-05,0.28935335155383624,0.2985846513894417
363.8,2.368549385e-05,0.28931455037129034,0.2985039752900975
363.9,2.393632605e-05,0.2892763680824971,0.29842408396059816
364.0,2.41884083e-05,0.2892387581918854,0.2983449472416543
364.1,2.444174835e-05,0.2892019657436821,0.29826663550494115
364.2,2.46963327e-05,0.28916540514501676,0.2981891801663854
364.3,2.49521965e-05,0.2891296192630997,0.29811248257997774
364.4,2.52093131e-05,0.2890942392749535,0.2980366690377428
364.5,2.546769175e-05,0.28905955043719106,0.2979616082211076
364.6,2.57273288e-05,0.28902488296225876,0.29788727499733103
364.7,2.598823275e-05,0.2889909179474437,0.2978137340832217
364.8,2.625039215e-05,0.2889575724547,0.2977409760540016
364.9,2.651380175e-05,0.28892479559022655,0.2976689946264855
365.0,2.677845155e-05,0.2888920325487608,0.29759775901306534
365.1,2.704434835e-05,0.28885950261346993,0.29752721831994017
365.2,2.73114875e-05,0.28882753188167143,0.2974574799895787
365.3,2.75798953e-05,0.28879509870743425,0.29738837877420743
365.4,2.784951925e-05,0.2887636614180683,0.2973200579304513
365.5,2.812037355e-05,0.2887321298809228,0.29725245713973136
365.6,2.83924618e-05,0.2887007868393365,0.29718558331355144
365.7,2.86657589e-05,0.28866900837300835,0.2971193824165179
365.8,2.894027125e-05,0.2886373706500311,0.29705390282915767
365.9,2.921598195e-05,0.288605624227948,0.29698915963111544
366.0,2.949285345e-05,0.2885737816731298,0.29692526968963795
366.1,2.97709137e-05,0.28854213138378193,0.29686217394278325
366.2,3.005012145e-05,0.2885099677581945,0.2967998478861286
366.3,3.03304547e-05,0.2884777482122578,0.29673839896214294
366.4,3.06119219e-05,0.2884452754539532,0.29667774674605424
366.5,3.08944751e-05,0.2884121925983553,0.29661798737059764
366.6,3.117813035e-05,0.28837883014101123,0.29655908879152815
366.7,3.14628275e-05,0.2883451874536025,0.2965011182389285
366.8,3.17485555e-05,0.28831071412909615,0.29644405434996873
366.9,3.20352929e-05,0.28827567657454917,0.296387954301635
367.0,3.232299345e-05,0.28824076405538984,0.2963328941204697
367.1,3.261163535e-05,0.2882053363150353,0.29627883610736083
367.2,3.29011869e-05,0.2881696786100985,0.29622576518266375
367.3,3.319159595e-05,0.28813295025038543,0.296173693912749
367.4,3.348285325e-05,0.2880956608022244,0.29612271214716657
367.5,3.377488555e-05,0.28805809615054684,0.2960727539124706
367.6,3.406771765e-05,0.2880195695431988,0.2960236941732736
367.7,3.4361257e-05,0.28798058489164186,0.29597577483220994
367.8,3.465547625e-05,0.28794098260296924,0.29592883880964677
367.9,3.495033195e-05,0.2879009907568076,0.2958829847515935
368.0,3.5245781e-05,0.2878605641142227,0.2958380788262031
368.1,3.55417589e-05,0.28781995337430827,0.29579417067063946
368.2,3.583826445e-05,0.28777872499727813,0.295751216930924
368.3,3.613524065e-05,0.2877368098680939,0.2957091195893659
368.4,3.643263505e-05,0.28769444234956765,0.29566789498224694
368.5,3.673039575e-05,0.2876516023355062,0.29562753619806337
368.6,3.702849695e-05,0.28760843685244586,0.2955880099359329
368.7,3.732688775e-05,0.2875650564844481,0.29554923011621703
368.8,3.7625532e-05,0.28752081532006313,0.29551114270352197
368.9,3.79243463e-05,0.2874765766689523,0.2954738381757162
369.0,3.82233337e-05,0.28743179829222365,0.2954371537983002
369.1,3.852243755e-05,0.28738649087129214,0.29540104056242866
369.2,3.88216046e-05,0.28734077378667855,0.29536546202562675
369.3,3.912079595e-05,0.28729471364014725,0.29533039179851617
369.4,3.941997505e-05,0.2872483393343505,0.2952957255802209
369.5,3.97190817e-05,0.28720153840027146,0.29526153939728306
369.6,4.001810825e-05,0.2871545923246118,0.29522764601078055
369.7,4.031701135e-05,0.28710718631978766,0.2951940636419507
369.8,4.06157212e-05,0.2870596012441823,0.2951608136536236
369.9,4.09142401e-05,0.2870112307704135,0.29512773268298137
370.0,4.121254295e-05,0.28696322220811843,0.2950948779070101
370.1,4.15105733e-05,0.2869146242830415,0.2950621362283744
370.2,4.18083e-05,0.28686595221637795,0.2950295007355704
370.3,4.210570785e-05,0.28681687991081034,0.29499685456135133
370.4,4.240274755e-05,0.286767618481365,0.29496421969686587
370.5,4.269939565e-05,0.28671793607850404,0.2949314786465487
370.6,4.299561855e-05,0.2866684245782835,0.29489868167588223
370.7,4.329138355e-05,0.2866181088303436,0.29486562520966264
370.8,4.35866834e-05,0.286568207772634,0.29483236014169084
370.9,4.38814778e-05,0.2865183173963394,0.2947988305516176
371.0,4.41757352e-05,0.28646797086079145,0.2947649629261749
371.1,4.446945245e-05,0.2864178593163741,0.2947306718140424
371.2,4.47625903e-05,0.28636739654189797,0.29469592579929366
371.3,4.505516135e-05,0.2863166510240831,0.29466065890848303
371.4,4.534712465e-05,0.2862664018779075,0.2946248849646181
371.5,4.56384234e-05,0.2862161703246507,0.2945885763216835
371.6,4.592908565e-05,0.286166104647486,0.29455168836906354
371.7,4.621909905e-05,0.286115847961488,0.2945141457085346
371.8,4.650840075e-05,0.28606665439044393,0.2944760105436312
371.9,4.67970324e-05,0.2860171560849125,0.2944371754318846
372.0,4.70849524e-05,0.2859682546819853,0.294397696293644
372.1,4.737215715e-05,0.2859195976949665,0.29435754736784964
372.2,4.765859705e-05,0.2858712234512865,0.29431674059255364
372.3,4.794429805e-05,0.28582357428719096,0.294275297330586
372.4,4.82292185e-05,0.2857766250699387,0.294233221351858
372.5,4.85133438e-05,0.2857303889942187,0.294190544072296
372.6,4.87966709e-05,0.28568476490074773,0.2941472943945526
372.7,4.90791951e-05,0.2856399532231369,0.2941035031062357
372.8,4.936086255e-05,0.28559588735962205,0.29405926822503603
372.9,4.964169595e-05,0.28555234237216914,0.2940145419987454
373.0,4.992169e-05,0.28550944706607706,0.2939693621264756
373.1,5.0200826e-05,0.2854673164236368,0.29392380526308737
373.2,5.04790865e-05,0.2854258568253874,0.29387794994839705
373.3,5.0756479e-05,0.2853852806429922,0.29383172329745505
373.4,5.10329925e-05,0.285345728619802,0.29378530123945
373.5,5.13086335e-05,0.2853069286938931,0.29373860397792856
373.6,5.1583401e-05,0.2852690096705643,0.29369177476951563
373.7,5.18572965e-05,0.2852321468506856,0.29364485508323424
373.8,5.21303285e-05,0.2851956314909544,0.2935978373792621
373.9,5.24025135e-05,0.28516042743199677,0.29355081402042316
374.0,5.2673841e-05,0.2851261137003972,0.29350384783857053
374.1,5.29443385e-05,0.2850927399333196,0.293456987214231
374.2,5.3214003e-05,0.2850600152192842,0.2934102817845686
374.3,5.3482868e-05,0.28502860306265954,0.2933638107177182
374.4,5.37509195e-05,0.28499842178203644,0.29331763998712546
374.5,5.401821e-05,0.28496912517390466,0.29327171115916706
374.6,5.4284725e-05,0.28494081062763643,0.2932261542957788
374.7,5.45504825e-05,0.28491347688659463,0.29318101966244325
374.8,5.48154715e-05,0.28488717358794313,0.2931363845423396
374.9,5.5079731e-05,0.2848615538998531,0.29309222317440803
375.0,5.534328e-05,0.28483728760987825,0.2930486511692583
375.1,5.5606102e-05,0.28481414915166603,0.29300573010210645
375.2,5.5868222e-05,0.2847921045960158,0.2929635699286953
375.3,5.61296845e-05,0.28477086931463313,0.2929220870826602
375.4,5.63904315e-05,0.28475092711278666,0.29288147320115315
375.5,5.6650499e-05,0.2847317288400806,0.2928417232576258
375.6,5.6909896e-05,0.28471357860268376,0.2928028699246418
375.7,5.71686385e-05,0.28469649462183355,0.2927650376092702
375.8,5.7426702e-05,0.2846804310302772,0.29272830422300883
375.9,5.76841175e-05,0.2846652766156348,0.29269266976585767
376.0,5.7940887e-05,0.28465102132480985,0.2926581763351584
376.1,5.8196952e-05,0.28463767898081005,0.29262499294859556
376.2,5.84523765e-05,0.2846250472650685,0.2925930743672351
376.3,5.87070945e-05,0.2846130746554657,0.292562534316731
376.4,5.8961117e-05,0.28460179131129104,0.2925334469386699
376.5,5.92144435e-05,0.2845914385068604,0.292505834852519
376.6,5.9467042e-05,0.28458129870241167,0.2924797269609306
376.7,5.97189075e-05,0.284571753287293,0.2924552131134547
376.8,5.9970037e-05,0.2845628977659211,0.2924323228410621
376.9,6.0220357e-05,0.28455465862502777,0.29241112714374684
377.0,6.04698885e-05,0.2845471420504448,0.29239162162327925
377.1,6.07186145e-05,0.28453980643159865,0.2923738157044372
377.2,6.09664495e-05,0.28453319337906285,0.2923577596527032
377.3,6.1213442e-05,0.2845268291406652,0.2923434415300252
377.4,6.14595495e-05,0.2845207614686141,0.29233086007976616
377.5,6.1704756e-05,0.28451473777886005,0.2923199794877697
377.6,6.19490295e-05,0.28450872477052114,0.2923108173469548
377.7,6.21923315e-05,0.2845029630895944,0.2923034025599738
377.8,6.24346535e-05,0.2844971021343399,0.29229765407373626
377.9,6.2675972e-05,0.2844910696481264,0.2922935524103677
378.0,6.29162445e-05,0.2844848486663538,0.29229106238403046
378.1,6.3155452e-05,0.28447840023327303,0.2922901280743753
378.2,6.3393602e-05,0.2844718085435673,0.29229071806547563
378.3,6.36306645e-05,0.2844648555707064,0.29229281476441266
378.4,6.3866618e-05,0.28445712662446,0.2922962874809319
378.5,6.41014685e-05,0.2844492839525596,0.29230111799379604
378.6,6.43351895e-05,0.28444116984705387,0.2923072208516849
378.7,6.45678055e-05,0.28443216918410136,0.2923144747891221
378.8,6.4799316e-05,0.2844228845211729,0.2923228458769068
378.9,6.50296995e-05,0.2844130538494413,0.292332217876111
379.0,6.525899e-05,0.28440225808044656,0.29234246323807295
379.1,6.54871625e-05,0.2843910916035186,0.29235362154685995
379.2,6.57142685e-05,0.2843792069585101,0.2923655156166464
379.3,6.59403005e-05,0.28436672478257885,0.29237806565097896
379.4,6.61652905e-05,0.2843535885270571,0.2923912144728713
379.5,6.63892405e-05,0.2843398698202574,0.2924048364186173
379.6,6.6612175e-05,0.2843256170427066,0.29241893651476514
379.7,6.68341615e-05,0.28431111105278795,0.2924333488852227
379.8,6.7055201e-05,0.28429596354964937,0.2924480113264556
379.9,6.72753815e-05,0.28428016825010566,0.29246284215705465
380.0,6.74946715e-05,0.2842640487382001,0.292477831952242
380.1,6.7713173e-05,0.2842473725360763,0.29249285567662997
380.2,6.79308935e-05,0.28423026782071453,0.2925079026488036
380.3,6.81478785e-05,0.284212746530167,0.2925229182050507
380.4,6.83642055e-05,0.28419505496529757,0.2925378269471476
380.5,6.8579956e-05,0.28417679477215785,0.29255254656536667
380.6,6.87951175e-05,0.28415812240206195,0.2925670732897969
380.7,6.90098215e-05,0.2841394142178098,0.2925813744478746
380.8,6.9224062e-05,0.284120518166317,0.2925954663758815
380.9,6.94379275e-05,0.28410101955735323,0.29260923283488954
381.0,6.9651441e-05,0.2840812878422146,0.29262272471869966
381.1,6.98647135e-05,0.28406128406515213,0.2926358861069626
381.2,7.00777755e-05,0.2840409497925425,0.2926487138580857
381.3,7.0290676e-05,0.28402066704205237,0.29266123687472145
381.4,7.05034655e-05,0.2840003459641319,0.29267344698872894
381.5,7.0716252e-05,0.28398000540833696,0.2926852951912627
381.6,7.0929032e-05,0.28395975470209195,0.2926968449424943
381.7,7.11419275e-05,0.2839392759162202,0.2927080547734009
381.8,7.1354939e-05,0.2839188945197208,0.29271896363973116
381.9,7.15681275e-05,0.2838990503355652,0.29272964882466457
382.0,7.17815745e-05,0.28387926961158105,0.29274002927511056
382.1,7.1995311e-05,0.2838600945866606,0.29275021871672324
382.2,7.2209446e-05,0.2838410923493361,0.29276012918490824
382.3,7.24240255e-05,0.2838221812181986,0.2927698178566519
382.4,7.26390715e-05,0.2838038349454201,0.2927793833779636
382.5,7.2854676e-05,0.2837858675487157,0.29278872835947095
382.6,7.30709345e-05,0.283768436107718,0.29279787856223377
382.7,7.32878425e-05,0.28375154062242697,0.2928069206942094
382.8,7.3505478e-05,0.28373547263264093,0.2928159150739766
382.9,7.37239185e-05,0.2837201573684547,0.2928248503918019
383.0,7.3943199e-05,0.2837059284670081,0.2928337448689228
383.1,7.4163403e-05,0.28369214567171824,0.29284261546993945
383.2,7.4384576e-05,0.2836791451329992,0.2928514797877708
383.3,7.46067865e-05,0.28366693187739905,0.29286040756577375
383.4,7.48300645e-05,0.2836556058075643,0.29286943084819345
383.5,7.50544955e-05,0.28364499413589905,0.2928785433518444
383.6,7.5280108e-05,0.28363537834910496,0.2928878035103501
383.7,7.5506956e-05,0.28362658314631195,0.2928972955183937
383.8,7.5735092e-05,0.28361869460715877,0.29290702691579745
383.9,7.59645665e-05,0.28361152674936035,0.29291707372910364
384.0,7.61954035e-05,0.28360492249328395,0.29292739888751895
384.1,7.64276295e-05,0.2835992984141155,0.2929381638689057
384.2,7.6661329e-05,0.28359455586584564,0.29294932469096685
384.3,7.68965355e-05,0.2835904510608845,0.29296092282272534
384.4,7.7133234e-05,0.2835871800346136,0.29297303429072347
384.5,7.7371527e-05,0.2835845486366069,0.29298563333390143
384.6,7.761138e-05,0.28358257194650927,0.29299878969561616
384.7,7.7852849e-05,0.2835812355129944,0.2930125171988753
384.8,7.80959995e-05,0.2835803137697099,0.2930268277817309
384.9,7.8340827e-05,0.28358042246881565,0.2930417786211693
385.0,7.8587427e-05,0.2835808993625805,0.2930572993455151
385.1,7.88357395e-05,0.2835822062651244,0.293073485459185
385.2,7.90858505e-05,0.28358375758357673,0.2930902879533334
385.3,7.9337778e-05,0.2835856155214721,0.2931077049430049
385.4,7.9591523e-05,0.2835880257513559,0.2931257898352746
385.5,7.9847148e-05,0.28359047933521836,0.29314446157705193
385.6,8.0104666e-05,0.2835934135827568,0.29316373587630024
385.7,8.0364111e-05,0.28359659601611487,0.2931836699100058
385.8,8.0625526e-05,0.283600157325547,0.29320419958967847
385.9,8.088885e-05,0.28360385937833,0.2932253525613336
386.0,8.11541755e-05,0.2836075073957194,0.29324705531170314
386.1,8.14214695e-05,0.28361157827147987,0.29326938638060335
386.2,8.1690776e-05,0.28361567490830014,0.29329228042290717
386.3,8.19620875e-05,0.2836200819344746,0.29331577513772633
386.4,8.2235454e-05,0.283624191765984,0.29333979261356297
386.5,8.2510816e-05,0.28362831667713817,0.29336439128404057
386.6,8.2788215e-05,0.2836326571015484,0.29338951334385427
386.7,8.30676315e-05,0.2836368486144668,0.29341516444787086
386.8,8.33490535e-05,0.2836407397911276,0.29344130061379314
386.9,8.36324505e-05,0.2836448866934303,0.29346798530179274
387.0,8.3917842e-05,0.28364892552494575,0.29349511483931207
387.1,8.42052e-05,0.2836526772148927,0.2935226860847585
387.2,8.44945e-05,0.283656530064123,0.2935506946399023
387.3,8.4785701e-05,0.2836598859133956,0.2935790789295275
387.4,8.5078773e-05,0.2836631707626742,0.293607837696997
387.5,8.5373707e-05,0.2836661904615328,0.293636893030813
387.6,8.5670456e-05,0.28366879170024994,0.2936662329929234
387.7,8.59690085e-05,0.2836708331071563,0.2936957746452822
387.8,8.62693275e-05,0.28367227007163603,0.2937255205011634
387.9,8.65714075e-05,0.28367343371755493,0.293755366259691
388.0,8.6875209e-05,0.2836738502927408,0.29378527170847907
388.1,8.7180678e-05,0.28367395773520954,0.29381528145814323
388.2,8.7487812e-05,0.28367353110692717,0.29384527298657004
388.3,8.7796558e-05,0.28367236620437125,0.29387523121411463
388.4,8.81068615e-05,0.2836706986469907,0.2939051435744065
388.5,8.84187865e-05,0.28366820799233494,0.29393490513825105
388.6,8.8732249e-05,0.2836652002315284,0.29396453224193
388.7,8.90472315e-05,0.2836613467539795,0.29399395137217527
388.8,8.93637125e-05,0.2836568574180775,0.29402322033429173
388.9,8.9681641e-05,0.28365147021499515,0.2940522618451
389.0,9.0001028e-05,0.2836455797287697,0.29408103317894013
389.1,9.03218525e-05,0.28363875493288904,0.29410954753050117
389.2,9.06440835e-05,0.2836312038007868,0.29413779673164225
389.3,9.09676925e-05,0.2836228584740619,0.2941657619328074
389.4,9.12926725e-05,0.2836135637580369,0.2941933991516996
389.5,9.16189925e-05,0.2836037305730312,0.2942207410608823
389.6,9.1946611e-05,0.2835931251845512,0.294247775093985
389.7,9.22755265e-05,0.2835820322208914,0.29427448679968143
389.8,9.2605713e-05,0.2835701953280912,0.2943008497885933
389.9,9.2937155e-05,0.2835573945946649,0.29432686091912796
390.0,9.32698195e-05,0.28354398627721933,0.2943525409257969
390.1,9.36037325e-05,0.28352980449966253,0.2943777955608206
390.2,9.39388635e-05,0.2835148806779209,0.29440264995694015
390.3,9.42752085e-05,0.28349932351110035,0.294427067671681
390.4,9.4612761e-05,0.2834828590523214,0.29445103613867224
390.5,9.49515245e-05,0.28346592335464443,0.29447453399508405
390.6,9.52915235e-05,0.2834481626747366,0.29449748835596673
390.7,9.56327445e-05,0.2834295688444571,0.29451990236291303
390.8,9.597518e-05,0.2834106269257115,0.29454179800707153
390.9,9.6318894e-05,0.2833905728831666,0.29456304145659506
391.0,9.6663881e-05,0.28337004383181247,0.294583679207055
391.1,9.7010151e-05,0.28334914407252515,0.2946036609929689
391.2,9.73577665e-05,0.28332756572922474,0.29462292272584667
391.3,9.77067125e-05,0.28330541750101695,0.29464146126409546
391.4,9.80570425e-05,0.28328273017550976,0.29465926089975214
391.5,9.84088025e-05,0.283259518832348,0.2946762468629116
391.6,9.876197e-05,0.28323605427681836,0.2946924266933961
391.7,9.9116582e-05,0.2832121423584948,0.2947077381876712
391.8,9.94726845e-05,0.2831877654844585,0.2947221480448547
391.9,9.9830328e-05,0.2831628287786114,0.2947356480968057
392.0,0.000100189517,0.2831372681524632,0.29474818367981204
392.1,0.0001005503365,0.28311152154403,0.29475974536909577
392.2,0.0001009127905,0.28308550727190274,0.2947703023770489
392.3,0.0001012769045,0.28305938807058073,0.29477983271252284
392.4,0.000101642737,0.28303312624095234,0.2947882993047243
392.5,0.000102010304,0.28300659172108156,0.29479566696781545
392.6,0.0001023796825,0.2829798542543254,0.29480190114427723
392.7,0.0001027509225,0.2829529006459947,0.29480697481641277
392.8,0.000103124045,0.2829259162500559,0.2948108634797994
392.9,0.000103499069,0.282898826296604,0.2948136186565566
393.0,0.0001038760415,0.28287150198034017,0.2948151460989048
393.1,0.00010425501,0.2828442147348696,0.29481546968294814
393.2,0.0001046359815,0.282817202064597,0.2948146051166498
393.3,0.00010501906,0.28279006624389236,0.2948124977362978
393.4,0.0001054042955,0.2827631641576811,0.2948091739312703
393.5,0.000105791605,0.28273648763782244,0.29480472669270985
393.6,0.0001061811595,0.28270979101177074,0.29479900333921355
393.7,0.000106572865,0.282683737155576,0.2947922275521783
393.8,0.000106966841,0.28265773230822666,0.29478428623426856
393.9,0.0001073631215,0.28263204287677973,0.2947752340491965
394.0,0.000107761727,0.2826066443568125,0.29476513068722254
394.1,0.000108162675,0.2825817667129073,0.29475401824568825
394.2,0.000108566006,0.2825573929804637,0.2947419143175125
394.3,0.000108971792,0.28253313234535554,0.294728843407118
394.4,0.000109380039,0.28250950065709673,0.29471487965609133
394.5,0.000109790778,0.2824865079687836,0.2947000488254923
394.6,0.000110204063,0.2824638960415002,0.2946844137471739
394.7,0.000110619905,0.2824419670964596,0.2946680573591822
394.8,0.000111038342,0.2824203956646629,0.294651013590718
394.9,0.000111459423,0.2823994135956482,0.2946333433886786
395.0,0.000111883161,0.28237916980090694,0.29461512403624335
395.1,0.000112309604,0.2823596938114103,0.2945964127103986
395.2,0.000112738746,0.2823407908484136,0.29457726533149353
395.3,0.000113170672,0.28232231200042524,0.2945577296517364
395.4,0.000113605399,0.2823043477453135,0.29453783457377974
395.5,0.0001140429425,0.28228714878217215,0.2945177396905303
395.6,0.000114483317,0.2822705014827008,0.29449746824977374
395.7,0.0001149265755,0.2822545666964432,0.2944770447559328
395.8,0.000115372765,0.2822390736181128,0.29445654523554954
395.9,0.0001158218665,0.2822242509556546,0.2944360607948111
396.0,0.0001162739745,0.2822099208949245,0.2944156083983177
396.1,0.000116729101,0.2821963234536013,0.2943952741257081
396.2,0.0001171873025,0.28218321295913934,0.29437506740176017
396.3,0.00011764857,0.28217060386286485,0.29435503849195654
396.4,0.0001181130125,0.28215849113822966,0.2943352263520459
396.5,0.000118580668,0.2821467283870161,0.2943156762209626
396.6,0.0001190515635,0.2821352961313497,0.2942963736473804
396.7,0.0001195257945,0.2821240033623971,0.2942773437640406
396.8,0.00012000341,0.2821131353367713,0.294258626783329
396.9,0.000120484425,0.28210264995713064,0.29424023087338663
397.0,0.000120968946,0.28209240585180584,0.2942221409545688
397.1,0.000121457023,0.2820825927729931,0.29420440603572073
397.2,0.0001219487405,0.2820728814817823,0.2941869582584412
397.3,0.000122444142,0.2820635785976165,0.2941698460032571
397.4,0.0001229433575,0.2820544503860022,0.2941529775356629
397.5,0.000123446428,0.28204573372302555,0.29413640626273374
397.6,0.000123953469,0.28203717916622983,0.29412007312252775
397.7,0.0001244645545,0.28202874022004376,0.2941039825132746
397.8,0.00012497973,0.28202057899064825,0.29408812186860367
397.9,0.0001254991015,0.28201270490282127,0.29407247799382585
398.0,0.0001260227865,0.28200497846984907,0.29405699119868073
398.1,0.000126550877,0.28199756179791247,0.29404166148316824
398.2,0.000127083375,0.28199038011710637,0.2940264743959623
398.3,0.0001276204795,0.28198330839204316,0.2940113790432618
398.4,0.0001281621805,0.28197660611827596,0.2939963967878968
398.5,0.0001287086135,0.2819700232250296,0.2939814641696958
398.6,0.0001292598175,0.28196357039371917,0.2939666050647628
398.7,0.0001298158715,0.28195746250928205,0.2939518037651347
398.8,0.0001303768365,0.28195156134164157,0.29393702696992924
398.9,0.000130942801,0.28194584427133057,0.29392228096233186
399.0,0.0001315137725,0.28194038292666157,0.2939075500343792
399.1,0.00013208985,0.2819349856704827,0.2938927895754555
399.2,0.0001326710465,0.28192985733463494,0.29387806053245846
399.3,0.000133257453,0.2819247811492253,0.29386330070185335
399.4,0.0001338490415,0.2819201133708606,0.29384856286239686
399.5,0.000134445817,0.2819155348137272,0.29383389916452696
399.6,0.000135047846,0.2819111365840122,0.29381927002417624
399.7,0.000135655119,0.28190699533657626,0.29380469240594503
399.8,0.000136267617,0.2819031324342494,0.2937902266284123
399.9,0.0001368854035,0.28189930408944175,0.29377588085971895
400.0,0.000137508398,0.28189587032867136,0.2937616902857027
400.1,0.00013813661,0.2818925923908966,0.29374768632229004
400.2,0.0001387700145,0.2818894514265615,0.2937339022703632
400.3,0.0001394086065,0.28188642544451764,0.29372037645735244
400.4,0.0001400523385,0.28188348302883826,0.29370715286555493
400.5,0.00014070116,0.2818807963388009,0.2936942767339049
400.6,0.00014135505,0.28187844579917753,0.2936817863898328
400.7,0.000142013921,0.28187609777282824,0.29366969314307206
400.8,0.0001426777165,0.2818741983659098,0.2936581000378618
400.9,0.0001433463805,0.2818724503837574,0.2936469674901345
401.0,0.000144019868,0.2818708506847782,0.2936363049246682
401.1,0.000144698094,0.28186937162295683,0.29362616889013066
401.2,0.0001453810175,0.28186823625137186,0.29361659080244845
401.3,0.000146068584,0.2818672014107518,0.29360749526339774
401.4,0.0001467606805,0.2818662777825116,0.29359895767120237
401.5,0.000147457305,0.28186556087106807,0.2935909667161287
401.6,0.0001481583845,0.2818649275259891,0.2935834941238428
401.7,0.0001488638555,0.28186463284459823,0.29357654303593755
401.8,0.000149573653,0.28186462781804994,0.29357011470904976
401.9,0.000150287718,0.28186476541980815,0.29356415887769705
402.0,0.000151006044,0.28186488103041785,0.29355864161267886
402.1,0.0001517285385,0.2818652190657874,0.2935535899316919
402.2,0.000152455238,0.28186574434007905,0.2935488637197038
402.3,0.0001531860065,0.2818664964373603,0.2935445126138786
402.4,0.000153920882,0.2818672994284426,0.29354040969387296
402.5,0.00015465981,0.2818684153221531,0.29353659642871005
402.6,0.0001554027265,0.28186964996806596,0.29353296034937276
402.7,0.000156149658,0.28187089341043825,0.2935294844912609
402.8,0.00015690056,0.28187229958731,0.29352608654464674
402.9,0.0001576554605,0.28187367937480345,0.2935227401201521
403.0,0.0001584142845,0.2818751747729066,0.29351943453636203
403.1,0.0001591770565,0.28187670787012153,0.2935160812003636
403.2,0.0001599437355,0.2818782284009659,0.29351265183782294
403.3,0.000160714319,0.2818798306132192,0.2935091213159988
403.4,0.000161488783,0.2818814799493623,0.2935054249180826
403.5,0.000162267099,0.28188306394037826,0.2935015356263775
403.6,0.000163049207,0.28188487538270235,0.29349743144973484
403.7,0.000163835114,0.28188635444452365,0.2934930212819677
403.8,0.0001646247695,0.2818878900550127,0.2934883371673212
403.9,0.0001654181315,0.2818894344619612,0.2934833194155349
404.0,0.00016621517,0.28189053716098267,0.293477911477941
404.1,0.000167015733,0.28189163169186315,0.2934721516819699
404.2,0.0001678198235,0.2818923291254322,0.29346598347895386
404.3,0.000168627333,0.2818930353554608,0.2934594338865897
404.4,0.0001694381645,0.2818933696209191,0.293452455152669
404.5,0.0001702522485,0.28189345632887636,0.2934450378524139
404.6,0.0001710694695,0.28189329296605836,0.2934371901539652
404.7,0.000171889678,0.28189285251476837,0.29342892022546385
404.8,0.0001727127955,0.28189195087767677,0.29342017968638306
404.9,0.0001735387285,0.28189071623176387,0.2934109767048636
405.0,0.000174367282,0.28188886709032795,0.2934013012278091
405.1,0.000175198302,0.2818865611613202,0.2933911394322118
405.2,0.000176031684,0.2818838480819046,0.29338048629152347
405.3,0.0001768672535,0.2818804840644911,0.2933693436906997
405.4,0.0001777048055,0.28187658723296366,0.29335765445275425
405.5,0.000178544231,0.2818721066935211,0.29334545125025063
405.6,0.000179385337,0.28186671195061636,0.29333266685310616
405.7,0.0001802278855,0.28186091319889633,0.29331933519052134
405.8,0.0001810717925,0.2818543680047618,0.2933053733244503
405.9,0.000181916835,0.2818468991823872,0.29329077936993725
406.0,0.000182762839,0.28183875868750324,0.29327548546858107
406.1,0.0001836096155,0.2818298541572859,0.29325949978852256
406.2,0.0001844569885,0.28182020946783937,0.2932427594979086
406.3,0.000185304766,0.28180960030944824,0.2932252206144422
406.4,0.000186152787,0.28179824910687223,0.29320685612042635
406.5,0.0001870008785,0.28178606412560603,0.29318760821055634
406.6,0.0001878488135,0.28177281288779316,0.2931674146812976
406.7,0.0001886964565,0.28175865812793316,0.2931462686211463
406.8,0.0001895436005,0.28174346161594926,0.29312411787966436
406.9,0.0001903900895,0.28172735529873283,0.2931009052798655
407.0,0.0001912357045,0.28171042274264846,0.29307661385714945
407.1,0.0001920802785,0.2816926161954879,0.2930512027708116
407.2,0.0001929235965,0.2816740141970675,0.2930246940120006
407.3,0.000193765546,0.28165447474739924,0.2929969901913442
407.4,0.000194605917,0.2816339450677266,0.2929681114150353
407.5,0.0001954445215,0.2816125721845857,0.2929380319220143
407.6,0.00019628115,0.28159027630152317,0.292906782499889
407.7,0.0001971156015,0.28156713909994796,0.29287432230795507
407.8,0.0001979476725,0.28154306947367325,0.29284064380639
407.9,0.000198777223,0.28151814659083374,0.2928057746412093
408.0,0.000199603983,0.2814924119204526,0.2927697324053317
408.1,0.0002004276885,0.2814658447280183,0.29273252212530554
408.2,0.000201248124,0.2814385870135187,0.2926941827568797
408.3,0.000202065046,0.2814104835822767,0.2926547105301429
408.4,0.0002028781995,0.2813818888059438,0.29261416890526687
408.5,0.0002036873315,0.28135257146330045,0.2925725547406589
408.6,0.000204492211,0.28132258119151077,0.29252990196551965
408.7,0.000205292465,0.28129194752154557,0.2924862985444434
408.8,0.000206087851,0.2812607835507405,0.29244174384911165
408.9,0.0002068780675,0.2812289523056558,0.2923962843750957
409.0,0.000207662796,0.28119685402519556,0.29234998169761145
409.1,0.00020844177,0.28116394521383065,0.2923028414715258
409.2,0.000209214674,0.2811306556414362,0.29225495291807013
409.3,0.000209981092,0.2810969582903152,0.29220635059476346
409.4,0.000210740797,0.28106306364717565,0.2921571011033702
409.5,0.0002114933955,0.28102899495980305,0.2921072126120312
409.6,0.0002122386125,0.2809944694848587,0.2920567353862289
409.7,0.0002129760155,0.28095986044354965,0.29200574356755
409.8,0.000213705422,0.28092486875625544,0.29195419443033427
409.9,0.00021442644,0.2808898563344497,0.291902184107317
410.0,0.000215138721,0.2808546013816911,0.2918497088285871
410.1,0.0002158419385,0.2808191202342615,0.29179679247024853
410.2,0.0002165356985,0.28078378234345686,0.2917434834128283
410.3,0.0002172196985,0.2807483319836352,0.29168978793951167
410.4,0.0002178936175,0.28071259762383766,0.2916357129618025
410.5,0.0002185571365,0.28067685698085487,0.29158130120536085
410.6,0.000219209872,0.2806411219927388,0.2915265595816906
410.7,0.0002198516135,0.28060522929667153,0.2914714880907917
410.8,0.000220481973,0.2805693171227298,0.2914161369981466
410.9,0.0002211006345,0.28053356642665045,0.2913605132152592
411.0,0.000221707352,0.2804976460845679,0.2913046004058477
411.1,0.0002223017805,0.2804615240522369,0.29124842370265325
411.2,0.00022288364,0.2804254284092842,0.29119199944195767
411.3,0.000223452686,0.28038928627076026,0.2911353225972128
411.4,0.0002240086015,0.2803528042119112,0.2910783988232854
411.5,0.0002245511155,0.2803162668610314,0.2910212551378722
411.6,0.0002250798985,0.280279573687156,0.29096388588610644
411.7,0.000225594743,0.2802426166194977,0.290906297979492
411.8,0.0002260953935,0.2802051908262155,0.2908484675419247
411.9,0.000226581596,0.2801677681745259,0.2907904460955241
412.0,0.000227053075,0.28012997732817735,0.29073222735710486
412.1,0.000227509633,0.28009191944645323,0.2906737654594142
412.2,0.000227951108,0.2800532169099166,0.290615057889178
412.3,0.0002283770755,0.2800144245238301,0.29055618255789417
412.4,0.0002287874765,0.27997481155374243,0.29049705715583507
412.5,0.000229182096,0.2799349491411981,0.2904377118422902
412.6,0.000229560721,0.2798942095959849,0.2903781038915995
412.7,0.0002299230985,0.27985294666143556,0.2903182490117263
412.8,0.000230269065,0.27981115405436485,0.2902581955831974
412.9,0.000230598476,0.27976862065974645,0.29019785626973693
413.0,0.0002309111865,0.27972538166341804,0.29013725243417504
413.1,0.000231207011,0.27968123411849416,0.290076370253504
413.2,0.0002314857575,0.2796364639099064,0.29001525999320643
413.3,0.0002317473575,0.27959077824121936,0.2899538739010738
413.4,0.0002319915495,0.27954440707701533,0.2898922364815289
413.5,0.0002322182765,0.279497212815536,0.2898303251151046
413.6,0.0002324273555,0.2794489981647629,0.2897681573947198
413.7,0.0002326187875,0.2794000157087452,0.2897056899663958
413.8,0.0002327923415,0.279350175597933,0.2896429724672966
413.9,0.000232947981,0.2792993264075605,0.2895799540036212
414.0,0.0002330855455,0.2792475359960291,0.2895166760443926
414.1,0.0002332049285,0.2791947358766187,0.2894531122002325
414.2,0.0002333061865,0.2791409247926924,0.2893892461348591
414.3,0.0002333891865,0.2790859469212546,0.2893250860164134
414.4,0.000233453866,0.27902997442158267,0.2892605991723317
414.5,0.000233500132,0.2789729325237714,0.28919580131057726
414.6,0.0002335279265,0.27891483630746566,0.289130700599291
414.7,0.0002335372325,0.27885531443641365,0.2890652643659094
414.8,0.0002335280595,0.2787946842114735,0.28899946307946145
414.9,0.0002335003425,0.2787328821724736,0.28893332564259955
415.0,0.000233453984,0.2786697700893371,0.2888668627367387
415.1,0.000233389014,0.2786053825195832,0.2888000372910857
415.2,0.00023330545,0.2785396604012701,0.28873283108440306
415.3,0.000233203266,0.2784726370352799,0.2886652485149205
415.4,0.000233082414,0.27840433064285,0.2885973222552017
415.5,0.000232943,0.27833463063991887,0.2885289875884378
415.6,0.0002327849675,0.27826349807073775,0.28846025519604407
415.7,0.00023260828,0.2781911635282074,0.2883911451842133
415.8,0.0002324129625,0.2781174303486277,0.2883216424733009
415.9,0.000232199086,0.27804227151430166,0.28825171816065437
416.0,0.000231966644,0.2779657963526539,0.288181378529459
416.1,0.0002317156395,0.2778880488459814,0.2881106499690932
416.2,0.0002314461175,0.2778090333925139,0.2880395079751341
416.3,0.0002311581595,0.27772869281526513,0.28796792113165526
416.4,0.000230851719,0.277647118220422,0.2878959346775909
416.5,0.0002305268095,0.2775643108646216,0.2878235341616148
416.6,0.000230183533,0.27748037065051034,0.28775071769877136
416.7,0.0002298219225,0.27739518573738975,0.28767746958109736
416.8,0.0002294420535,0.2773087253376517,0.2876037822687703
416.9,0.000229043936,0.2772214676016983,0.2875297053989542
417.0,0.000228627643,0.27713316120211706,0.2874552132105894
417.1,0.0002281932945,0.277043743307055,0.28738029565057926
417.2,0.0002277408425,0.2769534388545461,0.2873049879047615
417.3,0.000227270401,0.2768623282693623,0.28722928368995093
417.4,0.0002267821005,0.2767702777196565,0.2871531396521688
417.5,0.000226275926,0.276677578745227,0.28707662239317944
417.6,0.0002257520485,0.2765843023460678,0.286999695470508
417.7,0.0002252104475,0.2764901783452107,0.28692237019388817
417.8,0.000224651285,0.27639559818510023,0.28684468300579463
417.9,0.0002240746705,0.27630045190999364,0.2867665798708337
418.0,0.0002234807055,0.27620480989156626,0.2866881079128953
418.1,0.000222869495,0.27610865076698815,0.2866092482824234
418.2,0.000222241161,0.2760122742441984,0.28653000914755894
418.3,0.0002215957715,0.2759155665975429,0.2864504231808656
418.4,0.000220933542,0.27581859317214896,0.2863704627363279
418.5,0.0002202545695,0.2757215305255236,0.28629015797323537
418.6,0.0002195589895,0.2756244232682827,0.28620952334291416
418.7,0.000218846955,0.2755270489756661,0.2861285381108529
418.8,0.0002181186575,0.2754296413821674,0.2860472487726227
418.9,0.000217374177,0.27533226269132116,0.28596568171760195
419.0,0.0002166136505,0.27523525408008953,0.2858838702466728
419.1,0.0002158373305,0.27513829447770327,0.2858017590678045
419.2,0.0002150453965,0.27504176653014756,0.285719431119043
419.3,0.000214237988,0.2749453007861264,0.2856368876570255
419.4,0.0002134153565,0.2748491705642007,0.28555414438971527
419.5,0.000212577597,0.27475346320064614,0.2854712603790542
419.6,0.00021172494,0.27465818812024073,0.28538826452769456
419.7,0.0002108575365,0.27456360230526355,0.28530519264979276
419.8,0.000209975671,0.2744695543309486,0.28522206610817874
419.9,0.0002090794675,0.27437616860436503,0.2851389313984239
420.0,0.0002081691185,0.27428334647950353,0.28505583690105496
420.1,0.0002072448555,0.274191250062545,0.28497281340368
420.2,0.000206306918,0.27409972478713096,0.2848899092868259
420.3,0.0002053555015,0.27400894972404255,0.2848071390018188
420.4,0.0002043908195,0.2739189412095616,0.2847245930265272
420.5,0.000203413123,0.2738297356861629,0.28464228958218846
420.6,0.000202422604,0.2737413557733136,0.28456029338561123
420.7,0.000201419601,0.2736536475329736,0.28447860883502524
420.8,0.000200404322,0.2735665958854982,0.2843972849392759
420.9,0.0001993769375,0.27348043770697356,0.2843163832735792
421.0,0.000198337755,0.2733949870151144,0.2842359383954543
421.1,0.0001972870055,0.2733102651727509,0.2841559672695016
421.2,0.000196224938,0.2732259976046852,0.28407650445324023
421.3,0.0001951517645,0.2731426982754752,0.2839976347696718
421.4,0.000194067747,0.2730601045479753,0.2839193550772038
421.5,0.000192973201,0.2729780982983016,0.2838416622342435
421.6,0.000191868299,0.2728965984733636,0.2837646253558292
421.7,0.0001907533155,0.2728157169138599,0.28368824507027957
421.8,0.000189628487,0.27273542974368625,0.28361255907670635
421.9,0.0001884940015,0.2726555277327719,0.2835376220388217
422.0,0.0001873501235,0.27257625027047705,0.28346342955839604
422.1,0.0001861971555,0.2724973504276192,0.28338996655578447
422.2,0.0001850352825,0.27241892496525205,0.2833172663318692
422.3,0.0001838647245,0.2723408551311733,0.2832453621875324
422.4,0.000182685703,0.27226307683689277,0.28317422899003275
422.5,0.000181498448,0.27218534315322795,0.2831038730225556
422.6,0.0001803032355,0.2721078230978636,0.2830342792054562
422.7,0.0001791002485,0.27203030869736594,0.28296547078652023
422.8,0.0001778897415,0.27195286404022523,0.2828974188630952
422.9,0.000176671931,0.27187529309105984,0.28283009327589176
423.0,0.0001754471095,0.2717975738587212,0.2827634764319909
423.1,0.000174215506,0.27171938778571425,0.2826975350305106
423.2,0.0001729773095,0.2716410672525418,0.2826322860360511
423.3,0.000171732783,0.2715623923477179,0.28256765153711466
423.4,0.0001704821755,0.2714834133367252,0.28250360891423415
423.5,0.0001692257505,0.27140370296296273,0.28244012423820897
423.6,0.0001679637875,0.27132306581936744,0.2823771151993115
423.7,0.000166696502,0.2712418254899827,0.2823145893373642
423.8,0.000165424118,0.27115997066507486,0.282252495758566
423.9,0.000164146902,0.2710773360968704,0.28219078042752327
424.0,0.0001628651335,0.2709936930774242,0.28212938239733854
424.1,0.000161579063,0.2709091729253091,0.2820682444910256
424.2,0.000160288895,0.270823692702479,0.28200734283248013
424.3,0.0001589949235,0.2707369106036533,0.2819465505013591
424.4,0.000157697377,0.2706492853013594,0.2818858687542994
424.5,0.000156396451,0.2705606477779125,0.281825274971834
424.6,0.000155092421,0.27047085226341344,0.281764678047776
424.7,0.0001537855225,0.2703798063950383,0.2817040170352278
424.8,0.0001524760275,0.27028754975685443,0.2816432360138403
424.9,0.0001511641495,0.2701941678001821,0.28158228534644947
425.0,0.0001498501025,0.2700996617816583,0.2815211706879221
425.1,0.000148534205,0.27000396572783725,0.281459753179863
425.2,0.0001472166115,0.2699073278245387,0.2813980686364283
425.3,0.0001458975865,0.2698096802133613,0.2813360674204541
425.4,0.000144577377,0.26971086518635384,0.28127370743459884
425.5,0.000143256229,0.26961140173462267,0.2812109528647064
425.6,0.000141934353,0.26951099266350276,0.28114777669307967
425.7,0.0001406120115,0.26940957639777807,0.28108414624715533
425.8,0.0001392894515,0.26930734268964496,0.2810200734649854
425.9,0.000137966865,0.26920448129129965,0.28095557154125894
426.0,0.000136644547,0.2691010770257438,0.2808905688476635
426.1,0.0001353227255,0.26899727566287657,0.28082511502136304
426.2,0.0001340016195,0.26889286608767154,0.2807591855579348
426.3,0.0001326814755,0.2687880160611765,0.28069276474941557
426.4,0.000131362486,0.26868299513204114,0.2806259267373919
426.5,0.0001300449255,0.26857788623831147,0.28055862251301844
426.6,0.0001287290015,0.26847263157468265,0.2804908834922218
426.7,0.0001274149445,0.2683677991411065,0.28042276810862515
426.8,0.0001261029875,0.26826313446857797,0.28035429018523633
426.9,0.0001247933535,0.26815859797302977,0.2802854076247137
427.0,0.000123486201,0.26805469356592354,0.28021625928545263
427.1,0.000122181819,0.2679510894950749,0.28014677730905174
427.2,0.000120880387,0.2678480565657707,0.2800770396070088
427.3,0.0001195820825,0.2677458699815274,0.28000703549790884
427.4,0.0001182871345,0.26764432365386687,0.2799367863445819
427.5,0.000116995743,0.2675434025031444,0.279866312253221
427.6,0.0001157080805,0.26744360227268077,0.2797956993034648
427.7,0.000114424348,0.26734493992707625,0.2797249474953133
427.8,0.000113144686,0.267247796855679,0.27965414981990905
427.9,0.0001118692995,0.26715212656291776,0.2795833244984895
428.0,0.0001105983695,0.26705768149129144,0.2795124753009657
428.1,0.0001093320195,0.2669652250478148,0.27944170527157686
428.2,0.0001080704275,0.2668745781617067,0.2793710615342126
428.3,0.0001068137475,0.26678578104535294,0.2793005610534734
428.4,0.0001055620945,0.2666991019907663,0.2792302698028049
428.5,0.000104315649,0.2666147112722685,0.27916024370255643
428.6,0.000103074528,0.2665326911995871,0.2790905129120173
428.7,0.0001018388815,0.26645315110014645,0.27902110130729185
428.8,0.000100608868,0.2663760092925376,0.2789520340211212
428.9,9.9384581e-05,0.2663017263342434,0.2788834298057077
429.0,9.816619e-05,0.2662301225261643,0.2788152559884878
429.1,9.69537875e-05,0.26616131536386534,0.27874757225972174
429.2,9.5747529e-05,0.266095690006606,0.27868044710612955
429.3,9.45475685e-05,0.2660328663216751,0.27861385539496997
429.4,9.33540455e-05,0.2659728713267695,0.2785478147191618
429.5,9.21670495e-05,0.2659156685794144,0.27848238665392105
429.6,9.0986721e-05,0.26586170732735925,0.278417627119597
429.7,8.98131945e-05,0.26581083237592706,0.2783535166383152
429.8,8.86465895e-05,0.26576320771625417,0.2782900564667127
429.9,8.7487032e-05,0.2657182766581226,0.2782272717375307
430.0,8.6334598e-05,0.2656766650067887,0.2781652221410296
430.1,8.51894645e-05,0.2656379379658294,0.27810381594270406
430.2,8.4051685e-05,0.2656022350219584,0.2780431901159936
430.3,8.2921416e-05,0.2655693934406763,0.27798326360780784
430.4,8.1798755e-05,0.26553958852285314,0.27792403955973943
430.5,8.0683801e-05,0.26551258087912877,0.2778655569275373
430.6,7.9576653e-05,0.26548829699623505,0.277807829534209
430.7,7.847742e-05,0.2654669768918507,0.27775084669833966
430.8,7.7386206e-05,0.2654486639199544,0.27769463732258165
430.9,7.6303115e-05,0.2654330332398658,0.2776391712476454
431.0,7.52282145e-05,0.2654199830639828,0.2775845119337027
431.1,7.4161622e-05,0.2654095542330099,0.2775306323630566
431.2,7.3103405e-05,0.265401558251388,0.27747756646490773
431.3,7.2053657e-05,0.26539621691555837,0.2774253575932348
431.4,7.1012463e-05,0.26539317334059553,0.2773740038630822
431.5,6.9979883e-05,0.2653923690928762,0.2773235410886061
431.6,6.89560205e-05,0.2653939273228324,0.2772740170220149
431.7,6.79409105e-05,0.2653975596322585,0.2772254662208278
431.8,6.69346395e-05,0.2654033923131791,0.27717796848149817
431.9,6.593726e-05,0.2654110163302309,0.2771315150075666
432.0,6.49488665e-05,0.26542088281611875,0.2770862452857469
432.1,6.39695095e-05,0.26543246649655106,0.2770421555461279
432.2,6.29992555e-05,0.2654458320883365,0.2769993739656898
432.3,6.2038169e-05,0.2654611297596039,0.27695797468601935
432.4,6.1086312e-05,0.2654784694660961,0.27691805760976285
432.5,6.01437675e-05,0.26549740510165637,0.2768796547811654
432.6,5.9210548e-05,0.26551805604680545,0.276842932076319
432.7,5.8286737e-05,0.2655408596112408,0.276808047203175
432.8,5.73723605e-05,0.26556570018435277,0.27677512142720984
432.9,5.6467498e-05,0.2655919858900853,0.27674423203160264
433.0,5.55721585e-05,0.2656206918787982,0.2767156548481885
433.1,5.46863935e-05,0.26565131863725955,0.27668945333713907
433.2,5.38102545e-05,0.2656836889796436,0.2766658084541911
433.3,5.29437945e-05,0.26571776583515705,0.2766448125621686
433.4,5.2087012e-05,0.2657543320886893,0.27662676222741817
433.5,5.12399735e-05,0.2657927204659606,0.27661172656497807
433.6,5.04026865e-05,0.265833586931517,0.2766000096810172
433.7,4.957516665e-05,0.26587705714906473,0.2765917617436645
433.8,4.87574435e-05,0.26592295141950395,0.27658719826617595
433.9,4.79495292e-05,0.2659712634596494,0.2765865209387998
434.0,4.715145025e-05,0.26602274411014526,0.2765899697792149
434.1,4.636318255e-05,0.26607717345950577,0.27659778229182586
434.2,4.558474675e-05,0.26613534004748696,0.2766102211137785
434.3,4.481614445e-05,0.2661972627236448,0.27662750992646973
434.4,4.405736855e-05,0.2662630363640774,0.27664989880067475
434.5,4.33084212e-05,0.2663333112784641,0.27667761016115355
434.6,4.256929315e-05,0.26640843367031525,0.27671089345036276
434.7,4.183997235e-05,0.26648844249537984,0.2767499805178402
434.8,4.112044985e-05,0.2665733157625092,0.27679508562020483
434.9,4.0410704e-05,0.266664149259221,0.27684647956274344
435.0,3.971071845e-05,0.2667608192067646,0.2769043747171194
435.1,3.902046935e-05,0.26686310695029136,0.2769689639771216
435.2,3.83399563e-05,0.2669713951357865,0.2770403943692863
435.3,3.76691302e-05,0.26708604755967924,0.2771188663272247
435.4,3.700796785e-05,0.26720718988567577,0.2772045538951699
435.5,3.63564592e-05,0.2673348252553688,0.2772974872324113
435.6,3.571455945e-05,0.2674688003590367,0.27739783535663376
435.7,3.50822369e-05,0.26760962853291914,0.27750570822358006
435.8,3.44594572e-05,0.2677580606176604,0.27762116112528096
435.9,3.384617075e-05,0.2679135185602121,0.2777442751148269
436.0,3.324233675e-05,0.2680760142986263,0.27787501626301725
436.1,3.26479047e-05,0.26824563202758633,0.278013416614097
436.2,3.206284185e-05,0.2684220274285371,0.27815935427427124
436.3,3.14870809e-05,0.268605347528015,0.2783127764647835
436.4,3.09205708e-05,0.2687949168835994,0.2784734770971555
436.5,3.03632535e-05,0.2689903930616911,0.27864134558732595
436.6,2.981507895e-05,0.269192501770193,0.2788161079884154
436.7,2.927598445e-05,0.2693991431685755,0.27899738982257966
436.8,2.874591775e-05,0.2696100219471292,0.27918483671816724
436.9,2.822479555e-05,0.2698256212828042,0.2793781539937874
437.0,2.771255945e-05,0.270044849157994,0.27957690748133524
437.1,2.720913205e-05,0.2702677112275656,0.27978065672952085
437.2,2.671443325e-05,0.27049322982788493,0.27998890473838645
437.3,2.62283833e-05,0.2707211328970284,0.2802011683309818
437.4,2.57508959e-05,0.27095047858551846,0.2804168386666508
437.5,2.52818863e-05,0.27118073156596684,0.28063530376314433
437.6,2.48212598e-05,0.27141156951096734,0.2808559478683024
437.7,2.436891765e-05,0.2716429452966301,0.2810781508317352
437.8,2.39247725e-05,0.27187346845404664,0.2813011542729762
437.9,2.3488707e-05,0.2721026545496299,0.281524349351369
438.0,2.306062535e-05,0.27233028555684957,0.2817469261643276
438.1,2.264041645e-05,0.27255533920145625,0.28196824194199505
438.2,2.222796535e-05,0.2727774629967542,0.2821874955782447
438.3,2.182315185e-05,0.27299719415508716,0.28240414671914005
438.4,2.14258711e-05,0.27321195782711627,0.2826170882674301
438.5,2.103599745e-05,0.27342249794198187,0.28282581819660874
438.6,2.065341765e-05,0.27362799894223117,0.2830295064978969
438.7,2.02780132e-05,0.2738273813766283,0.28322735332180493
438.8,1.990966265e-05,0.2740211661212353,0.2834187228099798
438.9,1.95482515e-05,0.2742073651762209,0.2836028245377099
439.0,1.919365015e-05,0.2743867607981559,0.2837791250625626
439.1,1.88457401e-05,0.2745575591376351,0.283946870402301
439.2,1.850440925e-05,0.27471999392915186,0.2841053367339778
439.3,1.8169535e-05,0.2748736806417655,0.284254013862946
439.4,1.784099345e-05,0.27501875436396,0.2843924003910181
439.5,1.751866745e-05,0.2751537831578039,0.2845199251766497
439.6,1.720243995e-05,0.27527900264274635,0.28463604535263015
439.7,1.689219885e-05,0.27539410934093683,0.28474031858271404
439.8,1.658781975e-05,0.27549807783653324,0.28483240243330193
439.9,1.62891982e-05,0.2755908710587423,0.284911931223009
440.0,1.59962146e-05,0.2756721629102466,0.28497856880142136
440.1,1.57087551e-05,0.27574203947068476,0.28503212604466127
440.2,1.54267156e-05,0.27579986236842974,0.28507239372265786
440.3,1.51499888e-05,0.27584558887782124,0.2850991776849853
440.4,1.48784601e-05,0.2758801168660398,0.2851124440024429
440.5,1.46120307e-05,0.27590234677565656,0.28511213801131846
440.6,1.435059325e-05,0.2759116559430077,0.28509835395939154
440.7,1.409404155e-05,0.27590965474848733,0.2850711892360345
440.8,1.384227845e-05,0.2758956840859569,0.28503078772619084
440.9,1.359520945e-05,0.2758707096809979,0.28497740641213953
441.0,1.335273015e-05,0.27583485217076836,0.2849113160991674
441.1,1.31147553e-05,0.2757877245110533,0.2848327134509746
441.2,1.28811866e-05,0.275729504515997,0.28474212876840105
441.3,1.2651935e-05,0.275661423061601,0.2846398931753123
441.4,1.24269078e-05,0.2755838200681906,0.2845267656804936
441.5,1.22060193e-05,0.27549686706672455,0.28440305101843233
441.6,1.198918445e-05,0.27540165733144634,0.28426946295897926
441.7,1.17763192e-05,0.27529864576497215,0.28412660405960555
441.8,1.156734325e-05,0.2751891329866607,0.2839752345857332
441.9,1.13621787e-05,0.27507297196997565,0.283816023068279
442.0,1.116074815e-05,0.2749516826174429,0.2836498189938964
442.1,1.09629753e-05,0.27482755263683284,0.2834776308138273
442.2,1.076878945e-05,0.2747012719218921,0.28330020371384906
442.3,1.057812095e-05,0.2745736327822879,0.28311848833989867
442.4,1.039089265e-05,0.27444762852750065,0.28293378782460876
442.5,1.02070403e-05,0.27432334083893933,0.28274688882277993
442.6,1.00264983e-05,0.2742025428314976,0.2825589304759083
442.7,9.84920235e-06,0.27408744367312954,0.28237107831486835
442.8,9.6750892e-06,0.27397942000973585,0.28218447210947484
442.9,9.504098e-06,0.27388104606233693,0.2820004702843912
443.0,9.3361705e-06,0.27379412824670857,0.28182028800765574
443.1,9.1712489e-06,0.2737201399698054,0.28164527176587983
443.2,9.0092779e-06,0.2736614587889475,0.2814768252226611
443.3,8.85020605e-06,0.2736196624119656,0.28131622574957255
443.4,8.69398125e-06,0.2735973325997024,0.28116500770046615
443.5,8.54055385e-06,0.27359729804218325,0.2810247022876012
443.6,8.38987265e-06,0.2736231948187453,0.28089700094446246
443.7,8.24189365e-06,0.2736767055664139,0.28078335194526327
443.8,8.09657035e-06,0.273760898992893,0.2806855409712679
443.9,7.9538573e-06,0.2738796738146658,0.28060541779223075
444.0,7.813712e-06,0.2740361332969555,0.28054480327525383
444.1,7.67609055e-06,0.27423348437754286,0.2805056910750352
444.2,7.54095305e-06,0.2744749591269498,0.28048995295247775
444.3,7.4082604e-06,0.2747636608103997,0.28049955240299007
444.4,7.27797435e-06,0.2751023879586283,0.28053653334675255
444.5,7.1500589e-06,0.27549489728813076,0.28060294661544943
444.6,7.02448005e-06,0.27594391570133037,0.2807006444921093
444.7,6.90120225e-06,0.27645258290592517,0.2808318066137152
444.8,6.78019325e-06,0.2770223421495802,0.28099822934294644
444.9,6.6614203e-06,0.27765663724616235,0.2812020514760817
445.0,6.5448529e-06,0.278358154885709,0.2814451843580912
445.1,6.4304611e-06,0.2791288661034509,0.2817294293782027
445.2,6.318215e-06,0.2799714701557961,0.28205660991679227
445.3,6.2080854e-06,0.2808865350426963,0.28242839730115166
445.4,6.1000426e-06,0.2818758269675415,0.2828464433806981
445.5,5.994057e-06,0.28294075776207,0.28331231832343984
445.6,5.89009975e-06,0.28408189228464115,0.2838273403416543
445.7,5.7881425e-06,0.28529881081847625,0.2843925995679923
445.8,5.68815715e-06,0.2865923722750069,0.28500909314396217
445.9,5.59011615e-06,0.2879615487251167,0.2856774399633166
446.0,5.4939917e-06,0.28940484037247305,0.28639815147733955
446.1,5.39975565e-06,0.29092027492520783,0.28717151105768846
446.2,5.3073798e-06,0.29250601517993735,0.28799761546541697
446.3,5.2168359e-06,0.2941588994378149,0.2888762403908097
446.4,5.12809545e-06,0.29587591302653027,0.2898069535507175
446.5,5.04113045e-06,0.29765247676063145,0.2907888916354791
446.6,4.955913375e-06,0.29948339570250654,0.29182092744165045
446.7,4.8724177e-06,0.30136237472879623,0.29290142608441466
446.8,4.790617105e-06,0.30328300624712423,0.2940285227143724
446.9,4.71048582e-06,0.30523859992177554,0.2952000879600232
447.0,4.631998055e-06,0.30722218016042213,0.29641379704280346
447.1,4.5551278e-06,0.30922656842385043,0.2976671153257601
447.2,4.479849765e-06,0.31124451265957903,0.29895715442860754
447.3,4.406139165e-06,0.31326881359388287,0.3002807451126768
447.4,4.33397085e-06,0.31529239887338023,0.30163461572337835
447.5,4.26331929e-06,0.3173083569942332,0.3030154141813509
447.6,4.194158665e-06,0.3193099687180743,0.3044197180355576
447.7,4.126462955e-06,0.3212907504259851,0.3058440558261163
447.8,4.060206005e-06,0.32324448930433364,0.30728492656217377
447.9,3.9953616e-06,0.32516527790229444,0.3087388191997803
448.0,3.931903505e-06,0.32704754743272946,0.310202235261357
448.1,3.869805545e-06,0.3288860954182045,0.3116717032870215
448.2,3.809041625e-06,0.3306761057971816,0.3131438008257371
448.3,3.749585795e-06,0.3324131702868492,0.3146151638600903
448.4,3.69141227e-06,0.3340932971795817,0.3160825037708913
448.5,3.634495465e-06,0.3357129226526728,0.31754261424867786
448.6,3.57881003e-06,0.33726891390992836,0.31899238009017467
448.7,3.52433087e-06,0.33875856855334785,0.3204287815965231
448.8,3.47103317e-06,0.3401796108132129,0.321848898971511
448.9,3.41889242e-06,0.3415301865215393,0.32324991546316495
449.0,3.367884415e-06,0.34280885431561786,0.32462911422215834
449.1,3.317985275e-06,0.34401457244332434,0.3259838833283588
449.2,3.269171465e-06,0.34514668996666115,0.32731171202091774
449.3,3.22141979e-06,0.3462049304254746,0.3286101919549068
449.4,3.174707415e-06,0.34718937801444794,0.329877020342911
449.5,3.12901184e-06,0.3481004643884117,0.33111000121166534
449.6,3.084310945e-06,0.34893895232606215,0.33230705294187773
449.7,3.04058296e-06,0.34970591876536095,0.3334662151797322
449.8,2.997806465e-06,0.3504027441221202,0.33458566203157847
449.9,2.955960405e-06,0.35103109344044614,0.3356637146303026
450.0,2.915024065e-06,0.35159290194141346,0.33669886249815656
450.1,2.87497709e-06,0.3520903618283759,0.3376897836529518
450.2,2.835799455e-06,0.3525259072073213,0.3386353703691187
450.3,2.797471475e-06,0.3529021996355459,0.3395347524254923
450.4,2.759973785e-06,0.3532221124136907,0.3403873297778756
450.5,2.723287355e-06,0.3534887180193708,0.34119279203691444
450.6,2.68739346e-06,0.35370527239921246,0.341951151140661
450.7,2.65227368e-06,0.35387520051752663,0.3426627576908553
450.8,2.6179099e-06,0.35400208064834565,0.34332832168743715
450.9,2.58428429e-06,0.3540896280391418,0.34394892383827935
451.0,2.551379315e-06,0.35414168171613764,0.34452602058573617
451.1,2.51917771e-06,0.35416218312147646,0.3450614434783245
451.2,2.487662485e-06,0.35415516166189565,0.3455573891176279
451.3,2.45681692e-06,0.35412471397421563,0.34601640659192534
451.4,2.426624555e-06,0.35407498758905753,0.34644137171513206
451.5,2.397069195e-06,0.3540101583113766,0.34683546000910215
451.6,2.368134895e-06,0.3539344107425873,0.34720211340274704
451.7,2.339805965e-06,0.3538519156610967,0.3475450025329231
451.8,2.31206698e-06,0.3537668086594739,0.3478679833904534
451.9,2.284902745e-06,0.35368316752498324,0.3481750583643785
452.0,2.258298345e-06,0.35360498773516164,0.3484703284897485
452.1,2.232239095e-06,0.35353615983835124,0.34875794946532557
452.2,2.206710585e-06,0.3534804449492769,0.34904208641464973
452.3,2.18169866e-06,0.3534414515012605,0.34932686990374207
452.4,2.15718943e-06,0.35342261199843544,0.3496163532154442
452.5,2.133169265e-06,0.3534271603962793,0.3499144689954398
452.6,2.109624815e-06,0.3534581107387839,0.35022499343809854
452.7,2.086543015e-06,0.3535182351673069,0.35055150481745295
452.8,2.063911075e-06,0.353610046955971,0.3508973520712716
452.9,2.041716495e-06,0.3537357835470641,0.35126562150017754
453.0,2.01994708e-06,0.3538973895864389,0.3516591110065879
453.1,1.99859093e-06,0.3540965081270531,0.3520803030770176
453.2,1.977636455e-06,0.35433446806259933,0.3525313459325232
453.3,1.957072385e-06,0.3546122822425489,0.35301404096233224
453.4,1.93688776e-06,0.35493064056064866,0.3535298295291542
453.5,1.91707195e-06,0.35528991435315027,0.35407978857095074
453.6,1.897614655e-06,0.35569016079703997,0.35466463437084683
453.7,1.87850591e-06,0.35613112793658697,0.3552847282119977
453.8,1.85973608e-06,0.3566122735328993,0.35594008894395923
453.9,1.841295865e-06,0.35713277323206455,0.3566304112039255
454.0,1.823176315e-06,0.35769154758284705,0.35735509054947
454.1,1.80536881e-06,0.3582872790012879,0.35811325236119784
454.2,1.787865065e-06,0.35891843941672025,0.3589037826303542
454.3,1.77065714e-06,0.35958331854610365,0.35972536502961716
454.4,1.753737415e-06,0.36028005216835735,0.36057652049716543
454.5,1.73709861e-06,0.3610066541686058,0.361455642422516
454.6,1.720733755e-06,0.36176104858242353,0.36236104000050257
454.7,1.704636205e-06,0.3625411010117616,0.36329097530206933
454.8,1.688799605e-06,0.3633446512975115,0.3642436984601082
454.9,1.67321792e-06,0.3641695417938387,0.36521748285529665
455.0,1.657885385e-06,0.36501364878410936,0.366210654647069
455.1,1.64279652e-06,0.36587490949858714,0.36722161539308296
455.2,1.627946105e-06,0.36675134410558186,0.36824886781027993
455.3,1.613329165e-06,0.36764107833091614,0.3692910258279812
455.4,1.59894098e-06,0.36854236356411924,0.37034682715425843
455.5,1.584777035e-06,0.36945358879647827,0.37141513830248224
455.6,1.570833035e-06,0.3703732913024537,0.3724949552196406
455.7,1.557104875e-06,0.37130016606445737,0.3735853957465163
455.8,1.543588625e-06,0.3722330689144447,0.3746856939628204
455.9,1.530280525e-06,0.373171014020641,0.375795185735866
456.0,1.51717696e-06,0.37411317514417847,0.3769132948975605
456.1,1.504274445e-06,0.37505887307272534,0.37803951250989376
456.2,1.491569615e-06,0.3760075737355305,0.37917338178529414
456.3,1.479059205e-06,0.376958868725549,0.38031447483884223
456.4,1.466740045e-06,0.3779124683879382,0.3814623713254409
456.5,1.45460903e-06,0.3788681823421832,0.3826166433601708
456.6,1.442663125e-06,0.37982590377413394,0.3837768310138674
456.7,1.430899355e-06,0.3807855943563599,0.38494242849011345
456.8,1.41931476e-06,0.3817472641419576,0.3861128671606387
456.9,1.40790644e-06,0.3827109539716316,0.3872875055122233
457.0,1.39667149e-06,0.3836767229073237,0.38846561532369006
457.1,1.385607035e-06,0.38464462749770173,0.38964638040926763
457.2,1.3747102e-06,0.3856147098401072,0.3908288897070865
457.3,1.363978115e-06,0.3865869843858664,0.39201213790749756
457.4,1.3534079e-06,0.3875614272588751,0.3931950304796202
457.5,1.34299667e-06,0.3885379668308208,0.39437638995452784
457.6,1.33274154e-06,0.3895164786946344,0.39555496597834444
457.7,1.322639605e-06,0.39049677938130495,0.39672944913525193
457.8,1.31268795e-06,0.3914786282448352,0.3978984828855424
457.9,1.30288365e-06,0.39246172494896747,0.39906068744172263
458.0,1.293223785e-06,0.3934457163786874,0.4002146735915211
458.1,1.28370541e-06,0.3944302029234097,0.4013590678306295
458.2,1.27432559e-06,0.39541474476016264,0.4024925312122591
458.3,1.26508139e-06,0.39639887630491494,0.40361378322324415
458.4,1.255969885e-06,0.3973821168939908,0.4047216256601466
458.5,1.24698816e-06,0.39836398649203253,0.40581496273544887
458.6,1.2381333e-06,0.3993440213999646,0.4068928236970211
458.7,1.22940244e-06,0.4003217931045491,0.4079543816776768
458.8,1.220792725e-06,0.4012969252429859,0.4089989744296845
458.9,1.212301335e-06,0.40226911182415076,0.41002611940441275
459.0,1.203925495e-06,0.40323813607815057,0.4110355282036559
459.1,1.19566246e-06,0.40420388742092384,0.41202712040264206
459.2,1.18750955e-06,0.40516637716220416,0.41300102857658105
459.3,1.179464135e-06,0.4061257548418018,0.4139576096103985
459.4,1.171523635e-06,0.40708231828270036,0.414897440928824
459.5,1.16368554e-06,0.4080365255291087,0.41582132677957706
459.6,1.1559474e-06,0.40898899861637233,0.4167302881802699
459.7,1.148306835e-06,0.40994052734088426,0.41762555663522277
459.8,1.14076153e-06,0.4108920705167224,0.4185085647106858
459.9,1.133309255e-06,0.4118447465508714,0.41938092655696435
460.0,1.12594784e-06,0.4127998240184448,0.42024442157213737
460.1,1.11867519e-06,0.41375870783967733,0.42110097115427186
460.2,1.11148928e-06,0.41472291854541327,0.4219526123120444
460.3,1.10438816e-06,0.41569406840100254,0.4228014693904073
460.4,1.09736995e-06,0.41667383061869223,0.4236497207697066
460.5,1.09043283e-06,0.4176639060567452,0.42449956682143686
460.6,1.083575055e-06,0.4186659874052831,0.4253531928374479
460.7,1.076794935e-06,0.41968171960221934,0.4262127319591515
460.8,1.07009084e-06,0.4207126527093693,0.4270802281067282
460.9,1.0634612e-06,0.42176020484165677,0.42795759765169655
461.0,1.056904485e-06,0.4228256137865871,0.4288465942310758
461.1,1.05041922e-06,0.42390989302195065,0.4297487729332295
461.2,1.04400398e-06,0.42501379590166555,0.4306654582536205
461.3,1.037657365e-06,0.42613777167348127,0.4315977151921583
461.4,1.031378025e-06,0.427281936576326,0.43254632412045796
461.5,1.02516463e-06,0.4284460436810172,0.43351175816237314
461.6,1.019015885e-06,0.42962946215575004,0.43449417188426254
461.7,1.012930525e-06,0.4308311621864527,0.4354933874719819
461.8,1.006907295e-06,0.43204970932191933,0.43650889284592853
461.9,1.00094498e-06,0.43328326698708497,0.43753984354599734
462.0,9.9504236e-07,0.4345296040228468,0.43858506838644695
462.1,9.89198255e-07,0.4357861154205766,0.43964308327890794
462.2,9.8341148e-07,0.4370498461982243,0.4407121125952124
462.3,9.7768088e-07,0.43831752595783763,0.4417901080169502
462.4,9.72005315e-07,0.43958560658467344,0.44287477932307684
462.5,9.66383645e-07,0.4408503074861326,0.4439636245492031
462.6,9.6081477e-07,0.4421076627156491,0.4450539620318397
462.7,9.55297585e-07,0.44335357500808426,0.44614296999246544
462.8,9.49831025e-07,0.44458386478857154,0.4472277192100898
462.9,9.4441403e-07,0.4457943279778221,0.44830521449027716
463.0,9.39045575e-07,0.4469807868859251,0.4493724311076205
463.1,9.33724655e-07,0.4481391404778305,0.4504263531331723
463.2,9.28450295e-07,0.4492654165237871,0.45146400799196396
463.3,9.23221555e-07,0.45035581495332133,0.4524825041621169
463.4,9.18037535e-07,0.4514067530941707,0.45347906384740677
463.5,9.1289736e-07,0.45241490148644126,0.45445105313655304
463.6,9.078002e-07,0.4533772203250812,0.45539601467578184
463.7,9.02745285e-07,0.45429098961917114,0.4563116928015681
463.8,8.9773187e-07,0.45515383495298345,0.4571960611866501
463.9,8.9275927e-07,0.4559637488488124,0.4580473423179045
464.0,8.8782685e-07,0.45671910961653034,0.4588640326290873
464.1,8.8293402e-07,0.45741869768986915,0.4596449188371157
464.2,8.7808025e-07,0.4580617019096056,0.46038909176507564
464.3,8.7326507e-07,0.45864773146161353,0.461095962678504
464.4,8.68488045e-07,0.45917681901845664,0.461765272710166
464.5,8.63748805e-07,0.45964942325266234,0.4623970985149224
464.6,8.59047035e-07,0.4600664250668107,0.4629918591812333
464.7,8.54382465e-07,0.460429126965216,0.4635503156028392
464.8,8.49754875e-07,0.4607392448857853,0.4640735698504432
464.9,8.45164085e-07,0.4609988981469231,0.4645630588885249
465.0,8.40609965e-07,0.4612105993944335,0.4650205438939259
465.1,8.3609241e-07,0.4613772370086023,0.4654480989461162
465.2,8.31611365e-07,0.4615020575112776,0.46584809531923066
465.3,8.2716679e-07,0.46158864545967737,0.46622317697764665
465.4,8.22758675e-07,0.4616408964286918,0.46657624046979057
465.5,8.1838702e-07,0.4616629899931875,0.4669104028838935
465.6,8.1405184e-07,0.46165935705544286,0.4672289735736566
465.7,8.0975316e-07,0.46163464528762976,0.46753541897241396
465.8,8.05491e-07,0.4615936789194269,0.46783332175242776
465.9,8.0126537e-07,0.46154141789731595,0.4681263450107319
466.0,7.9707627e-07,0.4614829107606911,0.46841818703019833
466.1,7.9292368e-07,0.46142324877460666,0.46871253855387646
466.2,7.88807555e-07,0.46136751315102087,0.46901303691774054
466.3,7.8472782e-07,0.46132072289835685,0.46932322395334825
466.4,7.80684365e-07,0.4612877820427469,0.469646500120588
466.5,7.76677035e-07,0.4612734268492755,0.46998608178201834
466.6,7.7270564e-07,0.4612821705299491,0.4703449609904826
466.7,7.68769925e-07,0.4613182536065311,0.4707258696749524
466.8,7.64869605e-07,0.4613855930167423,0.4711312438263714
466.9,7.6100433e-07,0.46148774064523673,0.47156319899323224
467.0,7.57173695e-07,0.4616278399696235,0.47202350577715474
467.1,7.53377245e-07,0.4618085915029478,0.47251357223996615
467.2,7.49614465e-07,0.4620322295459048,0.4730344382488349
467.3,7.4588479e-07,0.4623004976824172,0.47358677044972197
467.4,7.421876e-07,0.4626146399831758,0.47417087106384065
467.5,7.3852222e-07,0.4629753997490026,0.4747866873124344
467.6,7.3488794e-07,0.46338302390908,0.4754338352928809
467.7,7.31283985e-07,0.4638372812421887,0.4761116244831149
467.8,7.27709565e-07,0.4643374856244933,0.47681909229914743
467.9,7.2416384e-07,0.46488253121537965,0.47755504242249586
468.0,7.20645945e-07,0.4654709320415225,0.4783180881541631
468.1,7.1715499e-07,0.46610087037741266,0.4791066945119783
468.2,7.1369007e-07,0.4667702488957945,0.47991922849608043
468.3,7.1025027e-07,0.46747674595969707,0.48075400181457734
468.4,7.06834675e-07,0.46821787405605714,0.48160931675079893
468.5,7.03442365e-07,0.4689910388576616,0.48248350637568327
468.6,7.00072435e-07,0.46979359702845147,0.48337497287520687
468.7,6.96724005e-07,0.4706229083739608,0.4842822139397626
468.8,6.9339621e-07,0.47147638422184296,0.48520385103849417
468.9,6.90088215e-07,0.4723515358023979,0.4861386419856663
469.0,6.86799235e-07,0.4732460037795426,0.4870854884804873
469.1,6.8352852e-07,0.47415759155169396,0.48804343924870175
469.2,6.80275365e-07,0.4750842815880495,0.48901167810453805
469.3,6.77039135e-07,0.4760242461100036,0.48998950824274584
469.4,6.73819235e-07,0.4769758502327392,0.4909763315040838
469.5,6.70615155e-07,0.47793764128381333,0.4919716201009861
469.6,6.6742644e-07,0.47890833623678625,0.4929748814317247
469.7,6.642527e-07,0.4798867953218433,0.4939856247795271
469.8,6.61093625e-07,0.4808719968930535,0.4950033223568275
469.9,6.57948975e-07,0.4818629984726207,0.496027374119429
470.0,6.54818595e-07,0.48285890470663867,0.49705707195234755
470.1,6.51702385e-07,0.48385882338279385,0.4980915663689296
470.2,6.4860033e-07,0.48486182584629783,0.49912983886483686
470.3,6.4551249e-07,0.4858669118140496,0.5001706811835348
470.4,6.4243899e-07,0.4868729691622499,0.5012126764667365
470.5,6.39380015e-07,0.4878787437671114,0.5022541910862622
470.6,6.3633583e-07,0.4888828143721175,0.5032933727590835
470.7,6.33306755e-07,0.48988356745528144,0.5043281555738711
470.8,6.3029316e-07,0.4908791915742792,0.5053562738140035
470.9,6.27295475e-07,0.49186766605671595,0.5063752795504848
471.0,6.2431418e-07,0.4928467672833113,0.5073825702879609
471.1,6.2134978e-07,0.493814081882589,0.5083754241505567
471.2,6.1840284e-07,0.4947670255804321,0.5093510331827583
471.3,6.1547394e-07,0.4957028721027359,0.5103065492166662
471.4,6.12563695e-07,0.4966187896178823,0.5112391297392473
471.5,6.0967273e-07,0.49751188597567453,0.5121459869011807
471.6,6.06801695e-07,0.498379255202908,0.5130244409239331
471.7,6.0395124e-07,0.4992180334237196,0.5138719697369221
471.8,6.01122025e-07,0.5000254566648928,0.5146862655261843
471.9,5.983147e-07,0.5007989211744364,0.5154652862564949
472.0,5.95529915e-07,0.5015360443684816,0.5162073046802131
472.1,5.92768295e-07,0.5022347264064991,0.5169109592310827
472.2,5.90030465e-07,0.5028932105098769,0.5175752986348482
472.3,5.87317015e-07,0.50351013888227,0.5181998196083665
472.4,5.84628515e-07,0.5040846048600386,0.5187845039304002
472.5,5.81965495e-07,0.5046161981511823,0.5193298454593145
472.6,5.79328465e-07,0.5051050463043627,0.5198368683543144
472.7,5.7671789e-07,0.5055518467531488,0.5203071408984526
472.8,5.74134195e-07,0.5059578856655733,0.5207427767552665
472.9,5.7157777e-07,0.5063250542804133,0.521146424287363
473.0,5.6904895e-07,0.5066558495355101,0.5215212508484555
473.1,5.6654803e-07,0.5069533621297163,0.5218709088541629
473.2,5.6407526e-07,0.5072212570450214,0.5221994968262613
473.3,5.6163083e-07,0.5074637408739887,0.5225115066139268
473.4,5.59214895e-07,0.5076855109259539,0.5228117586769268
473.5,5.56827545e-07,0.5078917011916313,0.5231053317139454
473.6,5.5446882e-07,0.5080878100864835,0.5233974816094917
473.7,5.5213872e-07,0.5082796187693114,0.5236935534693069
473.8,5.4983718e-07,0.5084731006643864,0.5239988923991317
473.9,5.4756409e-07,0.5086743221871229,0.5243187473719717
474.0,5.45319285e-07,0.5088893334166533,0.5246581776086361
474.1,5.4310255e-07,0.5091240575117661,0.5250219589582771
474.2,5.4091362e-07,0.5093841776135722,0.525414499703706
474.3,5.3875218e-07,0.5096750206065748,0.5258397544817555
474.4,5.3661787e-07,0.5100014459062905,0.5263011551682399
474.5,5.34510275e-07,0.5103677405300543,0.526801546161148
474.6,5.32428935e-07,0.5107775204510107,0.5273431347434784
474.7,5.3037336e-07,0.5112336464034297,0.5279274514991716
474.8,5.2834299e-07,0.5117381528827141,0.5285553245520513
474.9,5.2633725e-07,0.5122921890834564,0.5292268669994529
475.0,5.24355505e-07,0.5128959868551946,0.5299414775405427
475.1,5.2239709e-07,0.5135488393395815,0.530697849901095
475.2,5.20461315e-07,0.5142491047402964,0.5314940017361458
475.3,5.18547435e-07,0.5149942270575563,0.5323273035326437
475.4,5.16654695e-07,0.5157807788137762,0.533194526989978
475.5,5.147823e-07,0.5166045207438291,0.534091893400505
475.6,5.1292943e-07,0.5174604765649522,0.5350151383663566
475.7,5.11095245e-07,0.5183430240829321,0.5359595733746567
475.8,5.0927889e-07,0.5192459963513901,0.5369201574258333
475.9,5.07479495e-07,0.5201627903708869,0.5378915743167981
476.0,5.05696165e-07,0.5210864870977622,0.5388683061542142
476.1,5.0392801e-07,0.5220099657981073,0.5398447156642241
476.2,5.02174135e-07,0.5229260271981973,0.5408151247322656
476.3,5.00433635e-07,0.5238275103517375,0.541773894827844
476.4,4.98705621e-07,0.5247074063655178,0.5427155024027558
476.5,4.969891985e-07,0.5255589658418813,0.5436346199441793
476.6,4.95283494e-07,0.5263758025512818,0.544526183833075
476.7,4.93587647e-07,0.5271519839101522,0.5453854684857737
476.8,4.919008175e-07,0.5278821164322247,0.5462081473008727
476.9,4.902221895e-07,0.5285614198701178,0.5469903554910898
477.0,4.885509765e-07,0.5291857975870111,0.5477287403487449
477.1,4.868864235e-07,0.5297518868221283,0.5484205146528356
477.2,4.852278115e-07,0.5302571133544488,0.5490634912265566
477.3,4.835744625e-07,0.5306997248035907,0.5496561206364113
477.4,4.819257415e-07,0.5310788245590106,0.5501975188382268
477.5,4.8028106e-07,0.5313943925145154,0.5506874828851177
477.6,4.78639878e-07,0.5316472976346333,0.5511265047504936
477.7,4.770017085e-07,0.5318393023528427,0.5515157732130146
477.8,4.753661195e-07,0.5319730600582989,0.5518571707149987
477.9,4.737327325e-07,0.5320521012728263,0.5521532601677328
478.0,4.721012285e-07,0.5320808085181763,0.5524072629603237
478.1,4.704713465e-07,0.5320643886700129,0.5526230300570464
478.2,4.68842884e-07,0.5320088252057045,0.5528050061831872
478.3,4.67215698e-07,0.5319208260538848,0.5529581827011537
478.4,4.65589703e-07,0.5318077569926895,0.5530880454600382
478.5,4.63964873e-07,0.5316775662515321,0.5532005119637626
478.6,4.62341237e-07,0.5315386915199616,0.553301864140997
478.7,4.607188795e-07,0.5313999600450161,0.5533986723186175
478.8,4.590979375e-07,0.5312704761622058,0.5534977122836588
478.9,4.574785975e-07,0.5311594943751694,0.5536058798319962
479.0,4.55861094e-07,0.5310762899220577,0.5537300940072893
479.1,4.54245704e-07,0.5310300161472259,0.5538772078797531
479.2,4.526327445e-07,0.531029558103017,0.5540539036169616
479.3,4.510225695e-07,0.5310833855232251,0.5542666007493432
479.4,4.494155645e-07,0.5311994051682406,0.5545213524976228
479.5,4.47812141e-07,0.5313848181967443,0.5548237590648648
479.6,4.46212735e-07,0.531645984448904,0.5551788727603745
479.7,4.446178005e-07,0.5319883018092172,0.5555911194598824
479.8,4.43027804e-07,0.5324160987640418,0.5560642276055496
479.9,4.414432215e-07,0.5329325464370025,0.556601162232523
480.0,4.39864533e-07,0.5335395963854557,0.5572040834999108
480.1,4.382922175e-07,0.5342379391314666,0.5578743058500794
480.2,4.3672675e-07,0.5350269884538459,0.558612282929008
480.3,4.351685945e-07,0.5359049002377063,0.5594176038163774
480.4,4.336182035e-07,0.5368686051470251,0.5602890043353039
480.5,4.320760115e-07,0.5379138796246387,0.5612243997249026
480.6,4.30542432e-07,0.5390354307152443,0.5622209223393992
480.7,4.290178555e-07,0.5402270047645058,0.5632749844799835
480.8,4.27502645e-07,0.5414815086845299,0.5643823449965729
480.9,4.259971345e-07,0.5427911506972172,0.5655381890842666
481.0,4.245016275e-07,0.5441475779360203,0.5667372149913025
481.1,4.23016393e-07,0.5455420234724802,0.5679737270101995
481.2,4.21541667e-07,0.5469654520861248,0.5692417272122634
481.3,4.200776495e-07,0.5484086953529542,0.5705350122086406
481.4,4.18624505e-07,0.5498625823356941,0.5718472636281858
481.5,4.171823615e-07,0.5513180558227239,0.5731721354537392
481.6,4.15751312e-07,0.5527662747439981,0.5745033331902599
481.7,4.143314135e-07,0.5541987021356397,0.5758346880064131
481.8,4.12922689e-07,0.5556071780248905,0.5771602176814682
481.9,4.11525127e-07,0.5569839740938223,0.5784741806406912
482.0,4.10138685e-07,0.5583218370333168,0.57977112119428
482.1,4.087632905e-07,0.5596140174457169,0.581045901581609
482.2,4.073988415e-07,0.5608542905793388,0.5822937283606071
482.3,4.0604521e-07,0.5620369657532498,0.5835101712573145
482.4,4.047022425e-07,0.563156892012135,0.5846911744756152
482.5,4.033697645e-07,0.5642094612678902,0.5858330623521046
482.6,4.02047581e-07,0.5651906120695329,0.5869325468959116
482.7,4.007354785e-07,0.5660968321164762,0.5879867296736536
482.8,3.99433229e-07,0.566925172081537,0.5889931062076675
482.9,3.981405915e-07,0.5676732575489878,0.5899495710025568
483.0,3.96857313e-07,0.5683393160322533,0.5908544294832441
483.1,3.955831325e-07,0.5689222052482448,0.5917064080480675
483.2,3.943177825e-07,0.5694214570996569,0.5925046766882482
483.3,3.930609895e-07,0.569837318515672,0.5932488684657642
483.4,3.918124785e-07,0.570170808628947,0.59393910967264
483.5,3.905719725e-07,0.5704237702977325,0.5945760499902364
483.6,3.893391955e-07,0.5705989272828593,0.5951608939051769
483.7,3.881138725e-07,0.5706999326282649,0.5956954371518224
483.8,3.86895732e-07,0.5707314145282465,0.5961820918450119
483.9,3.856845065e-07,0.5706990046017949,0.5966239160110348
484.0,3.84479934e-07,0.5706093517156025,0.5970246286672743
484.1,3.83281759e-07,0.5704701113026471,0.5973886123354822
484.2,3.820897325e-07,0.5702899089197186,0.5977209055019562
484.3,3.809036135e-07,0.570078273645654,0.5980271705732952
484.4,3.79723169e-07,0.5698455369220536,0.598313649894102
484.5,3.78548175e-07,0.569602697464798,0.5985870890921222
484.6,3.77378417e-07,0.5693612503614063,0.5988546447154208
484.7,3.762136895e-07,0.5691329841241521,0.5991237654801794
484.8,3.75053798e-07,0.5689297475838875,0.5994020502707085
484.9,3.738985585e-07,0.5687631941644019,0.5996970879182221
485.0,3.72747797e-07,0.5686445085638604,0.600016278758375
485.1,3.71601351e-07,0.568584129038014,0.6003666524188891
485.2,3.7045907e-07,0.5685914696834083,0.6007546692708968
485.3,3.69320815e-07,0.5686746584285569,0.6011860369599317
485.4,3.68186459e-07,0.5688402989012175,0.6016655288218711
485.5,3.670558875e-07,0.5690932718797366,0.6021968230333941
485.6,3.65929e-07,0.5694365744435058,0.6027823668951778
485.7,3.648057085e-07,0.5698712156720857,0.6034232719027031
485.8,3.636859385e-07,0.5703961676363595,0.6041192471444902
485.9,3.62569631e-07,0.5710083760799499,0.6048685691428095
486.0,3.614567395e-07,0.5717028295342557,0.6056681000749183
486.1,3.603472335e-07,0.5724726849821588,0.6065133405518184
486.2,3.592410985e-07,0.5733094475571239,0.6073985326624942
486.3,3.581383335e-07,0.5742031854281359,0.6083167887792119
486.4,3.57038954e-07,0.575142792436846,0.6092602637167971
486.5,3.559429915e-07,0.5761162664426803,0.6102203444848306
486.6,3.548504915e-07,0.5771110065175054,0.6111878651725864
486.7,3.537615175e-07,0.5781141183084336,0.6121533325153838
486.8,3.526761455e-07,0.579112711232489,0.6131071539742143
486.9,3.51594468e-07,0.5800941887597676,0.6140398714702351
487.0,3.50516592e-07,0.5810465173337691,0.6149423781546619
487.1,3.49442636e-07,0.5819584701589867,0.6158061320370696
487.2,3.483727345e-07,0.5828198458557556,0.616623346365907
487.3,3.473070305e-07,0.5836216531859013,0.617387158017863
487.4,3.4624568e-07,0.5843562637341423,0.6180917795509515
487.5,3.45188848e-07,0.585017530031974,0.6187326141868014
487.6,3.44136706e-07,0.5856008716373077,0.6193063575982597
487.7,3.430894335e-07,0.5861033329397745,0.6198110601129256
487.8,3.42047214e-07,0.5865236026386011,0.6202461713237664
487.9,3.410102335e-07,0.5868620137426087,0.6206125513988503
488.0,3.399786795e-07,0.5871205121542871,0.6209124616565697
488.1,3.38952738e-07,0.5873026038910373,0.621149524353254
488.2,3.37932593e-07,0.5874132803152677,0.621328665506184
488.3,3.36918422e-07,0.5874589251432503,0.6214560306989088
488.4,3.35910396e-07,0.587447200719467,0.6215388795237322
488.5,3.349086775e-07,0.5873869254944968,0.6215854618029626
488.6,3.339134175e-07,0.587287930140071,0.6216048787305174
488.7,3.32924754e-07,0.5871609054959899,0.6216069201374237
488.8,3.319428115e-07,0.5870172404639412,0.6216018967307706
488.9,3.30967697e-07,0.5868688479632673,0.6216004553680612
489.0,3.299995005e-07,0.5867279839752286,0.6216133880483788
489.1,3.29038294e-07,0.5866070590474437,0.6216514327354139
489.2,3.28084129e-07,0.5865184472850565,0.6217250754371252
489.3,3.27137036e-07,0.5864742896870363,0.6218443497721299
489.4,3.26197026e-07,0.5864862955975213,0.622018642819277
489.5,3.25264087e-07,0.5865655460421193,0.6222565135335918
489.6,3.24338186e-07,0.5867223020907554,0.6225655193303617
489.7,3.234192695e-07,0.5869658157337946,0.6229520634037335
489.8,3.22507263e-07,0.5873041539528526,0.6234212615231842
489.9,3.21602072e-07,0.5877440297031118,0.6239768352193713
490.0,3.207035825e-07,0.5882906561434214,0.6246210332443162
490.1,3.19811663e-07,0.5889476165743621,0.6253545794209661
490.2,3.18926167e-07,0.5897167551108217,0.6261766588201868
490.3,3.18046931e-07,0.5905981012837709,0.6270849296988144
490.4,3.1717378e-07,0.5915898172615076,0.628075570623545
490.5,3.163065285e-07,0.5926881840266482,0.629143362152344
490.6,3.154449815e-07,0.593887615827455,0.6302817810822253
490.7,3.145889365e-07,0.5951807135849099,0.631483144962514
490.8,3.137381875e-07,0.5965583566272212,0.6327387578647448
490.9,3.12892526e-07,0.5980098226986622,0.6340390819136215
491.0,3.12051743e-07,0.5995229488091152,0.6353739006498347
491.1,3.11215632e-07,0.6010843178446751,0.6367325200919914
491.2,3.103839895e-07,0.6026794728242688,0.6381039509489894
491.3,3.095566195e-07,0.6042931569173335,0.6394770782660205
491.4,3.087333315e-07,0.60590956854114,0.6408408624864999
491.5,3.07913947e-07,0.6075126283961688,0.642184458832587
491.6,3.070982965e-07,0.6090862584395372,0.6434974120839313
491.7,3.062862225e-07,0.6106146583451533,0.644769757108635
491.8,3.05477582e-07,0.6120825794505953,0.6459921570933321
491.9,3.04672244e-07,0.6134755961907162,0.6471560229237077
492.0,3.03870092e-07,0.6147803555401012,0.6482535885827216
492.1,3.03071025e-07,0.6159848233139317,0.6492779865488336
492.2,3.022749555e-07,0.6170784996812405,0.6502233546101518
492.3,3.0148181e-07,0.6180526170852504,0.6510849049794724
492.4,3.006915285e-07,0.6189003155442425,0.6518589494270196
492.5,2.99904064e-07,0.6196167840232276,0.6525429998114124
492.6,2.991193815e-07,0.6201993754162355,0.6531357869292181
492.7,2.983374565e-07,0.6206476863427696,0.6536373359131785
492.8,2.975582735e-07,0.6209636055283331,0.6540489787985783
492.9,2.96781826e-07,0.6211513163177036,0.6543733859391734
493.0,2.96008112e-07,0.6212172690289175,0.6546145848567454
493.1,2.952371355e-07,0.6211701068116833,0.6547779225419909
493.2,2.944689035e-07,0.6210205468951794,0.6548700843040766
493.3,2.937034245e-07,0.6207812235084216,0.6548989869564895
493.4,2.929407055e-07,0.6204664849333773,0.6548737222683694
493.5,2.92180754e-07,0.6200921484607388,0.654804456433543
493.6,2.914235715e-07,0.619675220788177,0.6547022541413364
493.7,2.906691575e-07,0.6192335782062095,0.654578946629683
493.8,2.899175035e-07,0.6187856247929195,0.6544469117736379
493.9,2.89168596e-07,0.6183499261042525,0.6543188478907069
494.0,2.884224125e-07,0.6179448290413057,0.654207553829361
494.1,2.876789235e-07,0.6175880829742532,0.6541256399425113
494.2,2.8693809e-07,0.6172964658928207,0.6540853018928392
494.3,2.86199865e-07,0.6170854300346343,0.6540980316262714
494.4,2.85464193e-07,0.6169687764162213,0.654174378610939
494.5,2.847310105e-07,0.6169583676914414,0.6543236922265789
494.6,2.84000246e-07,0.6170638906470828,0.6545539521185311
494.7,2.832718225e-07,0.6172926714772138,0.6548715420030677
494.8,2.825456565e-07,0.617649554517706,0.6552811617027987
494.9,2.81821661e-07,0.6181368375294263,0.6557856889165946
495.0,2.81099747e-07,0.6187542798663775,0.6563861666532165
495.1,2.803798225e-07,0.6194991634225958,0.6570817843817597
495.2,2.79661798e-07,0.6203664170392196,0.6578699345803216
495.3,2.78945586e-07,0.6213487892920859,0.658746313266967
495.4,2.782311025e-07,0.622437069659853,0.6597050456634337
495.5,2.775182715e-07,0.6236203436213238,0.6607388684075063
495.6,2.76807023e-07,0.6248862728855105,0.6618393117653911
495.7,2.76097299e-07,0.6262213976128481,0.6629969383927565
495.8,2.753890515e-07,0.6276114449195929,0.6642015758125902
495.9,2.746822465e-07,0.6290416373822207,0.6654425551762406
496.0,2.739768645e-07,0.6304969927453669,0.6667089625908291
496.1,2.73272902e-07,0.6319626085501195,0.6679898653139213
496.2,2.725703715e-07,0.6334239392224927,0.6692745505145685
496.3,2.718693035e-07,0.6348670235247339,0.6705527200520522
496.4,2.711697465e-07,0.6362787233163657,0.6718146789714433
496.5,2.70471767e-07,0.6376468617842628,0.6730515114327911
496.6,2.69775449e-07,0.6389604433541377,0.6742551749589021
496.7,2.69080895e-07,0.640209703956023,0.6754186637981591
496.8,2.683882235e-07,0.6413862492543483,0.6765360277740761
496.9,2.67697568e-07,0.6424830986302373,0.677602460249893
497.0,2.670090775e-07,0.6434947103142491,0.6786142729958348
497.1,2.663229135e-07,0.6444169625368222,0.679568927605037
497.2,2.656392475e-07,0.6452471535282747,0.6804649663785085
497.3,2.6495826e-07,0.6459839261205798,0.6813019557764632
497.4,2.64280138e-07,0.6466272049155141,0.6820803921705403
497.5,2.63605072e-07,0.6471780706209506,0.6828016075960249
497.6,2.629332545e-07,0.647638653236708,0.6834676378049566
497.7,2.62264875e-07,0.64801198754129,0.6840810777528672
497.8,2.616001205e-07,0.6483018811449925,0.684644943368704
497.9,2.60939169e-07,0.6485127259943456,0.6851625144751977
498.0,2.6028219e-07,0.648649347575665,0.6856371777092285
498.1,2.5962934e-07,0.6487168352690493,0.6860722882917507
498.2,2.58980761e-07,0.6487203915519333,0.6864710066649737
498.3,2.583365765e-07,0.6486651560698978,0.6868361979613976
498.4,2.57696892e-07,0.6485560925393358,0.6871703314728481
498.5,2.5706179e-07,0.6483978756501158,0.6874753612699558
498.6,2.56431331e-07,0.648194809384173,0.6877527199189706
498.7,2.55805551e-07,0.6479507767500274,0.6880032682162797
498.8,2.551844595e-07,0.647669233499598,0.6882273454538896
498.9,2.545680415e-07,0.6473532583936853,0.6884247882689825
499.0,2.53956254e-07,0.6470055971842684,0.688595062590807
499.1,2.533490295e-07,0.6466288071277675,0.6887373578884587
499.2,2.527462735e-07,0.6462253763655641,0.6888507568168827
499.3,2.521478665e-07,0.6457978935700048,0.6889344174292478
499.4,2.51553666e-07,0.6453492427231456,0.688987749106135
499.5,2.509635065e-07,0.64488276647957,0.6890106199006532
499.6,2.503772035e-07,0.6444024169628362,0.6890035387508121
499.7,2.49794553e-07,0.6439129065619245,0.6889677999927848
499.8,2.492153365e-07,0.6434197456303492,0.6889056090246144
499.9,2.48639321e-07,0.6429293178843826,0.6888201702708073
500.0,2.480662655e-07,0.642448811288016,0.6887156871823342
500.1,2.47495921e-07,0.6419861175219953,0.6885973559534442
500.2,2.46928034e-07,0.6415496623378174,0.6884712210084024
500.3,2.46362352e-07,0.6411481982126152,0.6883440556209705
500.4,2.45798624e-07,0.6407905216058186,0.6882231420029191
500.5,2.45236605e-07,0.6404851776494457,0.6881160388261729
500.6,2.446760595e-07,0.6402401836879481,0.6880303110458418
500.7,2.44116764e-07,0.6400627088357614,0.6879732848559938
500.8,2.435585095e-07,0.6399588289330779,0.6879517649463167
500.9,2.430011045e-07,0.6399332752184336,0.687971814590632
501.0,2.424443785e-07,0.6399892960986324,0.6880385734345208
501.1,2.41888181e-07,0.6401285440514102,0.6881561004156915
501.2,2.41332387e-07,0.6403510065103961,0.6883272920825709
501.3,2.407768955e-07,0.6406550938297076,0.688553826045636
501.4,2.402216325e-07,0.6410376706998766,0.6888362300924525
501.5,2.396665505e-07,0.641494263492964,0.6891738947540457
501.6,2.39111629e-07,0.6420192299085642,0.6895652492340886
501.7,2.38556875e-07,0.6426060165844016,0.6900078619398675
501.8,2.380023215e-07,0.6432474355564851,0.6904986729601379
501.9,2.374480285e-07,0.6439359532856311,0.6910341637111276
502.0,2.368940795e-07,0.6446639859671741,0.691610576848023
502.1,2.363405805e-07,0.6454242011238603,0.6922241361764544
502.2,2.357876595e-07,0.6462098066323729,0.6928712477144261
502.3,2.35235463e-07,0.6470147894843729,0.6935486819046902
502.4,2.34684154e-07,0.6478341733970968,0.6942537558271207
502.5,2.34133909e-07,0.6486642010257312,0.6949844651456044
502.6,2.33584916e-07,0.6495024973262298,0.6957396223381185
502.7,2.33037371e-07,0.650348170086279,0.6965189006790268
502.8,2.32491474e-07,0.6512018853235214,0.6973229159204893
502.9,2.319474285e-07,0.6520658610023704,0.6981532200092772
503.0,2.314054355e-07,0.6529438293348985,0.6990122571044748
503.1,2.308656925e-07,0.6538409613826136,0.6999033321615536
503.2,2.3032839e-07,0.6547636722777141,0.7008304915518517
503.3,2.297937085e-07,0.6557194578602716,0.7017983659829403
503.4,2.29261816e-07,0.6567166182180769,0.7028120197021769
503.5,2.28732866e-07,0.657763987509672,0.7038767368684051
503.6,2.28206995e-07,0.6588705695396018,0.704997801640468
503.7,2.27684321e-07,0.6600451796168525,0.706180234283426
503.8,2.27164941e-07,0.661296080130103,0.7074285335579594
503.9,2.266489315e-07,0.6626305470079389,0.708746425392955
504.0,2.26136346e-07,0.6640545115772903,0.7101365612926125
504.1,2.25627216e-07,0.665572164722757,0.711600310991329
504.2,2.25121549e-07,0.6671855924618612,0.7131374985599158
504.3,2.246193305e-07,0.6688945309008197,0.7147462264764102
504.4,2.24120523e-07,0.6706960772080208,0.7164227311128131
504.5,2.236250685e-07,0.6725845639503174,0.7181612696377537
504.6,2.23132888e-07,0.6745514711284327,0.719954107450119
504.7,2.226438845e-07,0.6765854575928877,0.72179154959498
504.8,2.221579425e-07,0.6786724804245204,0.7236620161618156
504.9,2.216749325e-07,0.6807960588282703,0.7255522747623686
505.0,2.211947115e-07,0.6829375443101457,0.7274476415925765
505.1,2.207171265e-07,0.6850765981993072,0.7293323270077622
505.2,2.202420145e-07,0.6871916691701513,0.7311897936641972
505.3,2.197692085e-07,0.6892605461626169,0.7330031649261464
505.4,2.19298537e-07,0.6912609992670874,0.7347556898215808
505.5,2.18829828e-07,0.6931713640606234,0.7364312017147052
505.6,2.183629115e-07,0.6949711887750504,0.7380145581289291
505.7,2.178976205e-07,0.696641799783635,0.7394921119857655
505.8,2.17433795e-07,0.6981668733709496,0.7408520823127632
505.9,2.169712845e-07,0.6995328629894717,0.7420849061018849
506.0,2.16509947e-07,0.7007294076666298,0.7431835022032894
506.1,2.160496535e-07,0.7017495644826595,0.7441434723872615
506.2,2.155902895e-07,0.7025899719334212,0.7449631578928803
506.3,2.151317545e-07,0.7032508939126981,0.7456436457112037
506.4,2.146739635e-07,0.7037361066148597,0.7461886869038603
506.5,2.14216849e-07,0.7040527226056739,0.7466044515588217
506.6,2.1376036e-07,0.7042108766630409,0.7468992837461759
506.7,2.133044625e-07,0.7042233173699491,0.7470833622261203
506.8,2.128491405e-07,0.704104986141059,0.7471682920419174
506.9,2.12394393e-07,0.703872458019211,0.747166689829664
507.0,2.119402355e-07,0.7035434453037858,0.747091762844876
507.1,2.114866995e-07,0.7031361943649156,0.7469569005554426
507.2,2.110338285e-07,0.7026690081214002,0.7467752411018415
507.3,2.1058168e-07,0.7021596931204003,0.7465593697042427
507.4,2.10130321e-07,0.7016251385640213,0.7463209919368736
507.5,2.09679829e-07,0.7010808764863429,0.7460706886837914
507.6,2.09230288e-07,0.7005407990100788,0.745817740209695
507.7,2.08781789e-07,0.7000168944527957,0.7455700004962184
507.8,2.083344245e-07,0.6995190651145372,0.745333828126892
507.9,2.078882915e-07,0.6990550581627873,0.7451140988535147
508.0,2.07443485e-07,0.6986304090838016,0.7449141930297815
508.1,2.070000995e-07,0.6982485296472017,0.744736127558176
508.2,2.06558224e-07,0.697910770737829,0.7445806187218232
508.3,2.06117945e-07,0.6976165982849323,0.744447251830493
508.4,2.056793405e-07,0.6973637440586153,0.7443346006011206
508.5,2.052424805e-07,0.6971484569972501,0.7442404030869955
508.6,2.048074265e-07,0.6969656854198497,0.7441617187573936
508.7,2.043742305e-07,0.6968093220702952,0.7440950855772109
508.8,2.03942933e-07,0.696672436595193,0.7440366833697807
508.9,2.03513563e-07,0.696547501738545,0.7439824594805797
509.0,2.030861385e-07,0.6964265881204936,0.7439282670073053
509.1,2.026606665e-07,0.6963015715824367,0.7438699716140252
509.2,2.022371415e-07,0.6961643091162161,0.7438035646285137
509.3,2.01815548e-07,0.6960068022269357,0.7437252384404744
509.4,2.013958605e-07,0.6958213665789649,0.7436314618997648
509.5,2.00978042e-07,0.6956007388100885,0.743519049431434
509.6,2.0056205e-07,0.6953382336111399,0.743385217584391
509.7,2.00147832e-07,0.6950278756728917,0.7432276415800724
509.8,1.997353305e-07,0.6946644813674657,0.7430444930115534
509.9,1.99324483e-07,0.6942438283943353,0.742834521524958
510.0,1.989152235e-07,0.6937627751608471,0.7425970988017556
510.1,1.985074845e-07,0.6932193864459263,0.7423322751074286
510.2,1.98101197e-07,0.69261309047971,0.7420408986719934
510.3,1.976962945e-07,0.6919448485895502,0.7417246596722978
510.4,1.972927115e-07,0.6912173059964613,0.7413862033293559
510.5,1.96890387e-07,0.6904349677443083,0.7410292053065726
510.6,1.964892655e-07,0.6896043871953671,0.7406585036566344
510.7,1.96089297e-07,0.6887342979772141,0.7402801490869919
510.8,1.956904395e-07,0.6878357459296196,0.7399014803580841
510.9,1.952926585e-07,0.686922195918697,0.7395311808320055
511.0,1.94895929e-07,0.6860095569696438,0.7391792784725063
511.1,1.94500234e-07,0.6851161194348895,0.7388570892963248
511.2,1.94105568e-07,0.6842624041976471,0.7385771356917781
511.3,1.93711934e-07,0.6834709239108723,0.7383529579232031
511.4,1.933193455e-07,0.6827657368911062,0.7381989067858418
511.5,1.929278245e-07,0.6821719758795778,0.738129816880204
511.6,1.92537403e-07,0.6817151757413752,0.7381606484705063
511.7,1.9214812e-07,0.6814205069168391,0.7383060602280703
511.8,1.91760023e-07,0.6813119837402134,0.7385799631251663
511.9,1.91373165e-07,0.6814115785105176,0.7389950366297439
512.0,1.90987605e-07,0.6817384109606411,0.7395622888824613
512.1,1.90603406e-07,0.6823080005582929,0.7402906294400843
512.2,1.902206325e-07,0.6831316319042845,0.7411865048507379
512.3,1.898393515e-07,0.6842159023431886,0.7422536661760505
512.4,1.89459629e-07,0.6855624706359261,0.7434929679292239
512.5,1.89081529e-07,0.6871680506765816,0.7449023680750333
512.6,1.88705113e-07,0.6890245434392939,0.7464769405961977
512.7,1.883304375e-07,0.6911194391021166,0.748209089121681
512.8,1.87957552e-07,0.6934363197018419,0.7500887794045475
512.9,1.87586499e-07,0.6959554560366054,0.7521038911803396
513.0,1.87217313e-07,0.6986545490817517,0.7542405574590845
513.1,1.868500175e-07,0.7015093771579218,0.7564835854987092
513.2,1.86484626e-07,0.7044945247805482,0.758816840079345
513.3,1.86121141e-07,0.707583979562459,0.7612236142112601
513.4,1.857595515e-07,0.710751716550112,0.7636869747100518
513.5,1.85399836e-07,0.7139721317633804,0.7661900763559113
513.6,1.850419595e-07,0.7172204694521538,0.7687163692387395
513.7,1.84685874e-07,0.7204730797069362,0.7712498752183005
513.8,1.8433152e-07,0.7237076572198868,0.7737752821720004
513.9,1.83978826e-07,0.7269033543821568,0.7762780885081505
514.0,1.8362771e-07,0.730040906947594,0.7787447099801166
514.1,1.832780785e-07,0.7331026151831884,0.78116249225269
514.2,1.8292983e-07,0.7360724129841093,0.7835197737339404
514.3,1.825828545e-07,0.7389357987586678,0.7858058918584019
514.4,1.822370355e-07,0.7416797977292046,0.7880111642375157
514.5,1.818922515e-07,0.7442929367993487,0.7901269263587434
514.6,1.815483775e-07,0.74676518800535,0.7921454750368987
514.7,1.812052865e-07,0.7490878994010404,0.7940600872637023
514.8,1.80862852e-07,0.751253751075537,0.7958649950750427
514.9,1.805209485e-07,0.7532567488700569,0.7975553729846039
515.0,1.80179454e-07,0.755092148979693,0.799127337983866
515.1,1.79838253e-07,0.7567564516702294,0.8005779432589198
515.2,1.79497235e-07,0.7582473824285847,0.8019051593409113
515.3,1.791562995e-07,0.7595638919628127,0.8031079118051528
515.4,1.788153555e-07,0.7607061499189167,0.8041860247224559
515.5,1.78474323e-07,0.761675532314479,0.8051402897741691
515.6,1.781331355e-07,0.7624746466714021,0.80597239713714
515.7,1.7779174e-07,0.7631073320159085,0.8066849983155685
515.8,1.774500975e-07,0.7635786337458,0.8072816244595971
515.9,1.771081845e-07,0.7638948224800133,0.8077667366307938
516.0,1.767659935e-07,0.764063362642693,0.8081456252711874
516.1,1.764235335e-07,0.7640928244985984,0.8084244039200816
516.2,1.76080828e-07,0.7639928590203612,0.8086099086830908
516.3,1.757379175e-07,0.7637740408088534,0.808709585134804
516.4,1.75394858e-07,0.763447723579925,0.8087313877878198
516.5,1.75051719e-07,0.7630258139697331,0.8086835538980762
516.6,1.747085855e-07,0.7625205327737004,0.808574446385217
516.7,1.743655545e-07,0.7619440693713225,0.8084122899388093
516.8,1.740227355e-07,0.7613082487173478,0.8082048819918193
516.9,1.73680247e-07,0.7606241166515462,0.8079593476763853
517.0,1.73338218e-07,0.7599015503412205,0.8076818005318114
517.1,1.72996784e-07,0.7591488687237176,0.8073771163098956
517.2,1.72656086e-07,0.7583725057807919,0.8070486753643334
517.3,1.72316269e-07,0.7575767717775641,0.8066982307038254
517.4,1.7197748e-07,0.7567637087492591,0.806325807461113
517.5,1.71639866e-07,0.7559331344835031,0.8059297720080162
517.6,1.713035725e-07,0.755082799599956,0.8055069764686961
517.7,1.709687415e-07,0.7542087394086889,0.8050530351798083
517.8,1.7063551e-07,0.7533057325827116,0.8045626953984361
517.9,1.703040075e-07,0.7523678603614649,0.8040302896914322
518.0,1.699743555e-07,0.7513890908870536,0.8034502008911321
518.1,1.696466665e-07,0.7503638949564077,0.8028173459006224
518.2,1.693210405e-07,0.7492877675256617,0.802127615516712
518.3,1.68997567e-07,0.748157642400386,0.8013782388546805
518.4,1.6867632e-07,0.7469722440939628,0.8005680346756904
518.5,1.683573625e-07,0.745732219774479,0.7996975747496045
518.6,1.68040741e-07,0.7444401958133932,0.7987692718195805
518.7,1.67726488e-07,0.7431007023873114,0.7977872727879213
518.8,1.67414621e-07,0.7417200226815411,0.7967574021674069
518.9,1.671051425e-07,0.7403059352794925,0.795686923320252
519.0,1.6679804e-07,0.7388674565520815,0.7945843248298069
519.1,1.66493288e-07,0.7374145579143906,0.7934590880227002
519.2,1.66190846e-07,0.7359578893655153,0.7923214042254997
519.3,1.658906615e-07,0.7345085093115964,0.791181936003672
519.4,1.655926685e-07,0.7330776646543337,0.7900515972500957
519.5,1.65296792e-07,0.7316765771626856,0.7889413332735759
519.6,1.650029465e-07,0.7303162926764225,0.7878619637192114
519.7,1.64711037e-07,0.7290075805751607,0.7868240380551331
519.8,1.64420962e-07,0.7277608206810277,0.7858377287583533
519.9,1.64132615e-07,0.7265859655595499,0.7849127307838009
520.0,1.63845884e-07,0.7254925405196534,0.7840582615643217
520.1,1.635606545e-07,0.7244896247641066,0.7832829981788246
520.2,1.632768095e-07,0.7235859267877456,0.7825951087682094
520.3,1.629942335e-07,0.7227897969438435,0.7820022651017356
520.4,1.62712811e-07,0.7221093405414465,0.7815116865593218
520.5,1.62432429e-07,0.7215524869604125,0.7811302218129522
520.6,1.62152978e-07,0.7211270901823752,0.7808644053753466
520.7,1.618743545e-07,0.7208410418880805,0.7807205392813682
520.8,1.615964585e-07,0.7207023594219805,0.7807047936189885
520.9,1.61319199e-07,0.7207192800400126,0.7808232756443259
521.0,1.610424895e-07,0.7209003551573803,0.7810821428789817
521.1,1.60766254e-07,0.7212544880476636,0.7814876156764099
521.2,1.604904225e-07,0.721790977825117,0.7820460966024386
521.3,1.60214935e-07,0.7225194754623727,0.7827641453025284
521.4,1.59939739e-07,0.7234499398081423,0.7836484722185874
521.5,1.596647915e-07,0.7245924679412145,0.7847059134562298
521.6,1.593900575e-07,0.7259571255244515,0.7859432799883285
521.7,1.591155105e-07,0.7275536012295968,0.7873672131417534
521.8,1.58841131e-07,0.7293908862948252,0.788983920703588
521.9,1.585669085e-07,0.7314767341708055,0.7907988690450491
522.0,1.582928375e-07,0.7338171767154328,0.7928163935639992
522.1,1.5801892e-07,0.736415877025741,0.7950392400124173
522.2,1.57745162e-07,0.7392734759866315,0.797468036708834
522.3,1.57471575e-07,0.7423870456337514,0.8001007981666927
522.4,1.571981735e-07,0.7457493917199235,0.8029322590767054
522.5,1.56924976e-07,0.7493485384939528,0.8059533402361034
522.6,1.56652001e-07,0.7531673014440239,0.809150627044256
522.7,1.563792695e-07,0.7571831365012546,0.8125060867593316
522.8,1.56106802e-07,0.761368184021993,0.8159970182328153
522.9,1.558346195e-07,0.7656895640975266,0.8195957691661703
523.0,1.55562741e-07,0.7701099985894279,0.8232699937214348
523.1,1.55291184e-07,0.7745885776781618,0.8269835321671666
523.2,1.55019964e-07,0.7790818657036999,0.8306970391969717
523.3,1.54749093e-07,0.7835449127583545,0.8343689201241169
523.4,1.54478581e-07,0.787932586722064,0.8379566189345165
523.5,1.542084335e-07,0.7922007796339724,0.8414177806760147
523.6,1.539386545e-07,0.7963074381348184,0.8447116588918947
523.7,1.53669243e-07,0.8002135436438447,0.8477996119925171
523.8,1.53400195e-07,0.8038837972259952,0.8506463221932703
523.9,1.531315045e-07,0.8072870971139996,0.8532203861339891
524.0,1.528631615e-07,0.8103967272039319,0.8554950688611913
524.1,1.52595154e-07,0.8131903633383953,0.8574481278988898
524.2,1.52327469e-07,0.8156498910941495,0.8590616310362176
524.3,1.520600905e-07,0.8177610727732884,0.8603213091593422
524.4,1.517930025e-07,0.8195130573147864,0.8612191637733676
524.5,1.51526189e-07,0.8208978525069328,0.861748961958469
524.6,1.512596345e-07,0.8219096464033185,0.8619076438034018
524.7,1.50993324e-07,0.8225443989157911,0.8616961329364061
524.8,1.507272445e-07,0.8227992009295532,0.8611167415696752
524.9,1.504613855e-07,0.8226718784624886,0.8601737297028471
525.0,1.50195739e-07,0.8221605842581168,0.8588733930875998
525.1,1.499303015e-07,0.8212633076971397,0.8572230956171132
525.2,1.496650725e-07,0.8199777365673642,0.855230911184507
525.3,1.49400058e-07,0.8183008675062134,0.8529059189925501
525.4,1.49135266e-07,0.8162292761776953,0.8502587878898941
525.5,1.488707125e-07,0.8137586020512061,0.8472993699111007
525.6,1.48606417e-07,0.8108841327377656,0.8440401497453751
525.7,1.483424065e-07,0.807600426998898,0.8404917208431455
525.8,1.480787115e-07,0.8039021441270922,0.8366681763890557
525.9,1.4781537e-07,0.7997840062466898,0.8325829372669218
526.0,1.475524235e-07,0.7952415774288644,0.8282524025903956
526.1,1.4728992e-07,0.7902714647535499,0.8236925756324546
526.2,1.47027912e-07,0.7848719843270838,0.8189208670995848
526.3,1.467664555e-07,0.7790442042909687,0.8139567611494238
526.4,1.465056105e-07,0.7727922149988392,0.8088189314087048
526.5,1.462454405e-07,0.7661242411402627,0.8035286715924335
526.6,1.459860105e-07,0.759053659616758,0.7981094996632146
526.7,1.45727388e-07,0.7515987293648276,0.7925844811943112
526.8,1.45469641e-07,0.7437852679928992,0.7869827073336952
526.9,1.452128365e-07,0.7356439311620863,0.7813306805569925
527.0,1.449570425e-07,0.7272129709045387,0.7756584910386389
527.1,1.44702323e-07,0.7185372114642382,0.7699962101035148
527.2,1.44448741e-07,0.7096670439873483,0.7643736074836056
527.3,1.44196356e-07,0.7006571761683384,0.7588184297252277
527.4,1.43945223e-07,0.6915669966747323,0.7533597114276855
527.5,1.43695392e-07,0.6824572639084503,0.7480227989605085
527.6,1.434469085e-07,0.6733899363598063,0.7428317380738669
527.7,1.431998105e-07,0.6644254771210115,0.7378072255801628
527.8,1.4295413e-07,0.6556222946826815,0.732967055460186
527.9,1.427098925e-07,0.6470325394828655,0.7283229521377197
528.0,1.424671145e-07,0.6387040454113077,0.723883567558932
528.1,1.422258065e-07,0.6306760572434361,0.7196515218120959
528.2,1.41985971e-07,0.6229808297110254,0.7156257153397826
528.3,1.417476015e-07,0.615642463856277,0.7118013415052322
528.4,1.415106855e-07,0.6086781555007393,0.7081706908400729
528.5,1.412752015e-07,0.6020970108648783,0.7047232075929882
528.6,1.41041121e-07,0.5959019038776533,0.7014461934464729
528.7,1.408084095e-07,0.5900895622561564,0.6983255929149944
528.8,1.405770255e-07,0.584649995735749,0.695344699008821
528.9,1.403469205e-07,0.5795710997599371,0.6924881681894326
529.0,1.40118042e-07,0.5748358695160053,0.6897389227591644
529.1,1.39890332e-07,0.5704252462179612,0.6870803185601374
529.2,1.396637295e-07,0.566318420584386,0.6844961386910741
529.3,1.39438169e-07,0.5624942823692846,0.6819711087284925
529.4,1.392135835e-07,0.5589309277603577,0.6794911983196018
529.5,1.389899035e-07,0.5556068531842101,0.6770431562265892
529.6,1.38767059e-07,0.5525007064922122,0.6746147302381055
529.7,1.3854498e-07,0.5495928941993022,0.6721956473461735
529.8,1.383235965e-07,0.5468635482452203,0.6697759487020816
529.9,1.38102841e-07,0.5442947734898931,0.6673471897047766
530.0,1.378826475e-07,0.5418698742533223,0.6649022703548615
530.1,1.376629535e-07,0.5395734517049572,0.6624351650776269
530.2,1.374436985e-07,0.5373914503592655,0.6599412494486865
530.3,1.37224828e-07,0.5353118963500073,0.657417306477163
530.4,1.370062895e-07,0.5333243608462099,0.6548616020039119
530.5,1.36788038e-07,0.5314195164592848,0.6522735956749963
530.6,1.36570031e-07,0.5295900344818893,0.6496539409416887
530.7,1.36352234e-07,0.5278301318702673,0.6470048306356609
530.8,1.361346155e-07,0.52613556998761,0.6443298713052795
530.9,1.35917152e-07,0.5245029992678306,0.6416331658705497
531.0,1.35699823e-07,0.5229307955075269,0.6389201807026893
531.1,1.35482615e-07,0.5214181783350837,0.6361972241197462
531.2,1.3526552e-07,0.519965192361117,0.6334709939972581
531.3,1.35048535e-07,0.5185729182934994,0.6307491244053733
531.4,1.34831661e-07,0.5172430174064262,0.6280395648301422
531.5,1.346149035e-07,0.5159773627174374,0.6253502314567335
531.6,1.343982735e-07,0.5147785969342733,0.6226896109835415
531.7,1.341817845e-07,0.5136494117735194,0.6200660028700385
531.8,1.33965453e-07,0.5125924612526496,0.617487391788113
531.9,1.337492985e-07,0.5116102284864971,0.6149614231176466
532.0,1.33533344e-07,0.5107051174217603,0.6124955474597764
532.1,1.333176125e-07,0.50987924046534,0.6100965393449009
532.2,1.331021285e-07,0.5091343298914249,0.6077704997459533
532.3,1.32886918e-07,0.5084709423902335,0.6055222981315468
532.4,1.32672007e-07,0.5078894719174843,0.6033562567048538
532.5,1.32457422e-07,0.5073893881723377,0.6012757652443478
532.6,1.322431885e-07,0.5069700496415736,0.5992836178825349
532.7,1.32029331e-07,0.5066298723341761,0.5973814407077725
532.8,1.31815875e-07,0.5063667696043047,0.5955702377730729
532.9,1.316028415e-07,0.5061775137796671,0.5938497678041201
533.0,1.313902545e-07,0.5060594508427897,0.5922196739159887
533.1,1.311781325e-07,0.5060086091922396,0.5906784783034945
533.2,1.30966494e-07,0.5060215977929066,0.5892247339490612
533.3,1.30755355e-07,0.5060939832292379,0.587855856578572
533.4,1.305447315e-07,0.506221415023727,0.5865691588736708
533.5,1.303346365e-07,0.5063996419731949,0.5853615752682466
533.6,1.301250825e-07,0.5066243714054397,0.5842298843731922
533.7,1.2991608e-07,0.5068909788960754,0.5831702440206923
533.8,1.29707637e-07,0.5071957102418809,0.5821794856003965
533.9,1.29499762e-07,0.5075343852396715,0.5812538492542169
534.0,1.29292463e-07,0.5079034394384222,0.5803897567081211
534.1,1.29085746e-07,0.5082996049534549,0.5795839884579578
534.2,1.288796165e-07,0.5087200311035956,0.5788334915039861
534.3,1.286740805e-07,0.5091620041811104,0.5781352021650504
534.4,1.284691445e-07,0.509623459531307,0.577486562556412
534.5,1.282648125e-07,0.5101024864375338,0.5768851750145576
534.6,1.2806109e-07,0.5105978822981228,0.5763291797166364
534.7,1.278579835e-07,0.5111085450423711,0.5758168343353628
534.8,1.27655499e-07,0.5116339186083791,0.5753465404283945
534.9,1.27453643e-07,0.5121735883059166,0.5749172323675036
535.0,1.272524245e-07,0.512727663462408,0.5745280154271021
535.1,1.270518495e-07,0.513295960608842,0.5741778484833847
535.2,1.26851928e-07,0.5138790389487112,0.5738664519346053
535.3,1.26652667e-07,0.5144771630041169,0.5735932866834645
535.4,1.264540775e-07,0.5150910559696882,0.5733581742874995
535.5,1.26256168e-07,0.515721478110847,0.573161034950257
535.6,1.26058949e-07,0.516369116808066,0.5730017932735134
535.7,1.25862429e-07,0.5170346531586325,0.572880468735143
535.8,1.256666175e-07,0.517718528242155,0.5727968401670228
535.9,1.25471522e-07,0.5184218554390702,0.5727513674983178
536.0,1.252771515e-07,0.5191447616697209,0.5727433935078444
536.1,1.25083513e-07,0.5198878023676885,0.5727729062575507
536.2,1.24890612e-07,0.5206514179842631,0.5728396412253354
536.3,1.24698452e-07,0.5214356323955486,0.5729430982696478
536.4,1.24507035e-07,0.5222404575395974,0.5730827533728334
536.5,1.24316362e-07,0.5230660995048872,0.5732582270304998
536.6,1.2412643e-07,0.5239124200613416,0.5734688670480117
536.7,1.23937235e-07,0.5247791578284517,0.5737139452041924
536.8,1.2374877e-07,0.5256657573726363,0.5739922362779067
536.9,1.23561026e-07,0.5265723870832616,0.5743035919859817
537.0,1.233739925e-07,0.5274986504913349,0.5746471157178737
537.1,1.23187654e-07,0.5284440612783133,0.5750217927391559
537.2,1.230019925e-07,0.5294079352053167,0.5754267434038851
537.3,1.228169895e-07,0.5303898827148563,0.5758611452431046
537.4,1.226326235e-07,0.5313896920635871,0.5763244290002257
537.5,1.2244887e-07,0.5324071244904676,0.5768160474098081
537.6,1.222657035e-07,0.5334417483406669,0.5773355147816274
537.7,1.220830955e-07,0.5344935673840965,0.5778824390449205
537.8,1.219010175e-07,0.5355622272491048,0.5784562968103514
537.9,1.21719439e-07,0.536647644997646,0.5790569787504957
538.0,1.21538328e-07,0.5377497527713186,0.5796844188919078
538.1,1.21357654e-07,0.5388683243754516,0.5803384689514142
538.2,1.21177384e-07,0.5400030688985653,0.5810188656635508
538.3,1.209974875e-07,0.541154186774271,0.581726020576955
538.4,1.20817933e-07,0.5423211678079217,0.582459506435026
538.5,1.20638691e-07,0.5435037374243196,0.5832193100430746
538.6,1.204597335e-07,0.5447016813668455,0.584005413808182
538.7,1.202810315e-07,0.5459139446886865,0.5848172359073888
538.8,1.201025625e-07,0.5471397262837159,0.585654225933662
538.9,1.19924303e-07,0.5483781263997978,0.5865159484622599
539.0,1.19746233e-07,0.5496272154707241,0.5874007767765065
539.1,1.19568336e-07,0.5508856438682911,0.5883078236906362
539.2,1.193905955e-07,0.5521514939643429,0.589236093319778
539.3,1.192130005e-07,0.5534223461042178,0.5901835473986182
539.4,1.19035542e-07,0.5546957994828099,0.5911484159538558
539.5,1.188582155e-07,0.5559687778525927,0.5921281291627002
539.6,1.186810175e-07,0.5572384939925641,0.593120380467825
539.7,1.18503949e-07,0.5585016718499047,0.59412250579866
539.8,1.183270125e-07,0.5597542204426613,0.5951311920315928
539.9,1.181502145e-07,0.5609928033994356,0.5961436425208433
540.0,1.17973562e-07,0.562213532056841,0.597156491364042
540.1,1.17797065e-07,0.5634131152824136,0.5981672365968
540.2,1.17620735e-07,0.5645868846694702,0.5991717388566368
540.3,1.17444585e-07,0.5657314077138774,0.6001670199137167
540.4,1.172686295e-07,0.5668429899026748,0.6011495643258604
540.5,1.17092883e-07,0.5679183872272879,0.6021167406950614
540.6,1.169173605e-07,0.5689543079269347,0.6030654979065343
540.7,1.16742078e-07,0.569946914860348,0.6039922394650095
540.8,1.16567049e-07,0.5708942577268082,0.6048952978131061
540.9,1.16392287e-07,0.5717934531725782,0.6057717958802724
541.0,1.162178055e-07,0.5726422279412136,0.6066198198082636
541.1,1.160436145e-07,0.5734383112895444,0.6074371918450522
541.2,1.15869724e-07,0.5741802254123864,0.6082225699022566
541.3,1.156961435e-07,0.5748663831771311,0.6089740061924318
541.4,1.155228765e-07,0.5754951138848052,0.6096899638484513
541.5,1.15349926e-07,0.5760647242169684,0.6103687457819639
541.6,1.15177294e-07,0.5765733486959032,0.6110088082143394
541.7,1.15004978e-07,0.5770198827376324,0.61160891021648
541.8,1.148329755e-07,0.5774027241299026,0.6121679201867115
541.9,1.146612785e-07,0.5777197592091767,0.612683831275647
542.0,1.14489879e-07,0.5779687630995374,0.6131549677577649
542.1,1.143187665e-07,0.5781469843941384,0.613578854686373
542.2,1.141479285e-07,0.5782518532701894,0.6139537685837411
542.3,1.139773505e-07,0.5782807339314538,0.6142778848128564
542.4,1.13807017e-07,0.5782305287675753,0.6145487610995898
542.5,1.13636912e-07,0.5780968426904315,0.6147623479310109
542.6,1.13467018e-07,0.5778765818595771,0.614916730192238
542.7,1.132973165e-07,0.5775668459566744,0.6150096339985085
542.8,1.131277915e-07,0.57716429232714,0.6150382118102411
542.9,1.129584245e-07,0.576665083201388,0.614999140450727
543.0,1.12789199e-07,0.5760670288893391,0.6148903496104072
543.1,1.126201e-07,0.5753682526035421,0.6147103740504684
543.2,1.12451113e-07,0.5745691193970631,0.6144588204435102
543.3,1.12282226e-07,0.5736688375885536,0.6141344057630929
543.4,1.12113428e-07,0.5726685984699478,0.6137366637968666
543.5,1.11944711e-07,0.5715708707047529,0.613266526969531
543.6,1.117760675e-07,0.5703798213014644,0.6127261849711656
543.7,1.116074945e-07,0.5691000489234089,0.6121169346512179
543.8,1.11438991e-07,0.5677378964461539,0.6114423310359345
543.9,1.112705585e-07,0.5663015816477627,0.6107071292399562
544.0,1.111022005e-07,0.5647999613062443,0.6099159562009429
544.1,1.10933923e-07,0.5632426914207788,0.6090746747591048
544.2,1.10765734e-07,0.5616407895568021,0.6081896441262915
544.3,1.105976445e-07,0.5600061629787901,0.6072685649744152
544.4,1.10429667e-07,0.5583505888892825,0.6063182847188238
544.5,1.102618135e-07,0.5566860354996523,0.6053469130667932
544.6,1.100940995e-07,0.5550245897734752,0.6043624258937526
544.7,1.099265405e-07,0.5533787012141186,0.603373209367131
544.8,1.09759152e-07,0.5517590380419156,0.6023862748934132
544.9,1.09591949e-07,0.550176444406388,0.6014096303922728
545.0,1.09424948e-07,0.5486406385102502,0.600450381517974
545.1,1.09258162e-07,0.5471590451935799,0.5995143986505491
545.2,1.09091604e-07,0.545738886349569,0.5986071230284742
545.3,1.08925286e-07,0.5443870772519667,0.5977348070494484
545.4,1.087592155e-07,0.5431067739447528,0.5969004578459598
545.5,1.085933995e-07,0.5419002873834833,0.5961066351877025
545.6,1.084278415e-07,0.5407707007271882,0.5953562840036299
545.7,1.082625415e-07,0.5397172983210612,0.5946502192228765
545.8,1.08097497e-07,0.5387390861651867,0.593988662013565
545.9,1.07932702e-07,0.5378339116402785,0.5933704726058808
546.0,1.077681465e-07,0.5369979998086041,0.5927939344335978
546.1,1.07603817e-07,0.5362284164226248,0.5922572699835927
546.2,1.07439697e-07,0.5355204183057524,0.5917581915480952
546.3,1.07275765e-07,0.5348686050602152,0.5912930379150267
546.4,1.071119995e-07,0.5342682064917282,0.5908585160669678
546.5,1.069483735e-07,0.5337141357334667,0.5904509321192765
546.6,1.06784859e-07,0.5332006034584885,0.5900661146652271
546.7,1.066214245e-07,0.5327222677026456,0.5897004075192894
546.8,1.06458038e-07,0.5322742577406878,0.589349931442855
546.9,1.062946655e-07,0.5318516601217048,0.5890107003831647
547.0,1.061312725e-07,0.531449539403638,0.5886788313316988
547.1,1.05967825e-07,0.5310641621177777,0.5883516715276209
547.2,1.05804289e-07,0.5306923483440401,0.5880263533251563
547.3,1.056406315e-07,0.5303310205782616,0.5877003270077077
547.4,1.05476824e-07,0.5299769605729279,0.5873708198055989
547.5,1.053128365e-07,0.5296285767972008,0.5870366511083106
547.6,1.051486435e-07,0.5292829821274314,0.5866950783054564
547.7,1.049842245e-07,0.5289396443778244,0.5863455786360187
547.8,1.04819561e-07,0.5285968061414493,0.5859868332594014
547.9,1.04654641e-07,0.528253420639634,0.585617642087211
548.0,1.044894565e-07,0.5279087313768673,0.585237352296494
548.1,1.04324005e-07,0.5275623776983129,0.5848456157987844
548.2,1.041582915e-07,0.5272143087101696,0.5844421762401215
548.3,1.039923235e-07,0.5268643063859073,0.5840269192665328
548.4,1.03826116e-07,0.5265124241326011,0.5835998272850997
548.5,1.036596905e-07,0.5261587065608667,0.5831611943488944
548.6,1.03493075e-07,0.5258037706795011,0.5827110587853471
548.7,1.03326302e-07,0.5254476158601861,0.5822497642846943
548.8,1.03159409e-07,0.5250907761736725,0.5817775803955857
548.9,1.02992439e-07,0.5247338284163716,0.5812952190029164
549.0,1.02825437e-07,0.524377869632438,0.5808037834340265
549.1,1.026584525e-07,0.5240233716890885,0.5803037499543623
549.2,1.024915345e-07,0.5236717225419572,0.5797963582363849
549.3,1.02324736e-07,0.5233237327219488,0.5792828278463623
549.4,1.02158107e-07,0.5229803315121702,0.5787641006337721
549.5,1.01991701e-07,0.522643597390321,0.5782423065984336
549.6,1.01825565e-07,0.5223143898961513,0.5777184032977873
549.7,1.01659747e-07,0.5219947152507297,0.5771949102891417
549.8,1.01494291e-07,0.5216864401884108,0.5766736899086218
549.9,1.01329238e-07,0.5213916387886649,0.5761574897931622
550.0,1.011646245e-07,0.5211123794760946,0.5756486058186743
550.1,1.01000482e-07,0.5208510894451843,0.5751503372857628
550.2,1.008368375e-07,0.5206102536957231,0.574665774264962
550.3,1.00673712e-07,0.5203923522009516,0.574198041384325
550.4,1.00511123e-07,0.5202003807836242,0.5737508884488429
550.5,1.003490795e-07,0.5200362715232231,0.5733276047060245
550.6,1.00187585e-07,0.5199035342070607,0.5729321667838504
550.7,1.00026639e-07,0.519804664516341,0.5725683929740317
550.8,9.98662315e-08,0.5197422347871289,0.5722396831081384
550.9,9.97063475e-08,0.5197187438422208,0.571949814637177
551.0,9.95469675e-08,0.519736623274331,0.57170198947238
551.1,9.93880645e-08,0.5197980407823901,0.5714995012594857
551.2,9.9229608e-08,0.5199050032157855,0.5713452339805496
551.3,9.90715585e-08,0.5200591473442895,0.5712419955910859
551.4,9.8913876e-08,0.5202616248757689,0.5711916471705824
551.5,9.8756514e-08,0.5205134593411104,0.5711961120020617
551.6,9.8599422e-08,0.5208153488022015,0.5712569074747754
551.7,9.84425485e-08,0.5211674164094743,0.5713750225620909
551.8,9.8285836e-08,0.5215693913576419,0.5715507456622139
551.9,9.81292285e-08,0.5220207929830286,0.5717839580229419
552.0,9.7972668e-08,0.5225204211972405,0.5720740388655667
552.1,9.7816096e-08,0.5230669665844596,0.5724199860220318
552.2,9.76594545e-08,0.5236588307023439,0.5728209129348902
552.3,9.7502688e-08,0.5242939382147862,0.5732746255158329
552.4,9.7345741e-08,0.5249695490246743,0.5737784270217258
552.5,9.7188561e-08,0.5256829726720595,0.5743301516385937
552.6,9.70310995e-08,0.5264316211129138,0.5749268293047417
552.7,9.68733105e-08,0.5272120461351405,0.5755649584009983
552.8,9.67151535e-08,0.5280211105443161,0.5762414783878004
552.9,9.6556592e-08,0.5288553001548979,0.5769522147168297
553.0,9.63975955e-08,0.5297113784981343,0.5776937323706788
553.1,9.6238137e-08,0.5305857245743328,0.5784621728452507
553.2,9.6078197e-08,0.5314744874192188,0.5792529142294334
553.3,9.59177605e-08,0.5323743941215654,0.5800623267270748
553.4,9.5756819e-08,0.5332819059914078,0.5808865241880626
553.5,9.559537e-08,0.5341927253299961,0.5817201966924938
553.6,9.54334155e-08,0.5351039826066001,0.5825601002317938
553.7,9.52709635e-08,0.5360115642197996,0.5834010599745442
553.8,9.5108028e-08,0.536911590302667,0.5842387650273053
553.9,9.49446275e-08,0.5378009318289196,0.5850691401160872
554.0,9.47807835e-08,0.5386750711883216,0.5858870939758353
554.1,9.46165245e-08,0.5395315503987806,0.5866891551466674
554.2,9.4451882e-08,0.5403659253633291,0.587470241788307
554.3,9.4286889e-08,0.5411745744539558,0.5882262390426966
554.4,9.4121582e-08,0.5419544119983563,0.5889532016977816
554.5,9.3955999e-08,0.5427010466783196,0.5896460428867376
554.6,9.379018e-08,0.5434119934940568,0.5903019100434349
554.7,9.3624166e-08,0.5440833964547446,0.5909162158142808
554.8,9.34579955e-08,0.5447122930385108,0.5914854931376228
554.9,9.3291708e-08,0.5452956101394216,0.5920062605004821
555.0,9.3125342e-08,0.545830245748891,0.5924750615226214
555.1,9.29589335e-08,0.5463142684157555,0.5928895098502609
555.2,9.27925155e-08,0.5467444435562189,0.5932463432535892
555.3,9.26261195e-08,0.5471195867898508,0.5935438150070909
555.4,9.2459772e-08,0.5474373877894138,0.5937798302967844
555.5,9.22934965e-08,0.547696640183329,0.5939529150873969
555.6,9.21273115e-08,0.5478961602194843,0.5940617511666508
555.7,9.1961233e-08,0.5480354358182774,0.5941059420655533
555.8,9.1795272e-08,0.5481143023602532,0.59408555375755
555.9,9.16294345e-08,0.5481332738099696,0.5940010380036645
556.0,9.1463722e-08,0.5480922333001802,0.5938523872640746
556.1,9.12981325e-08,0.547993466025381,0.5936422367066981
556.2,9.11326595e-08,0.5478379628438951,0.593371633110207
556.3,9.09672925e-08,0.5476285040652208,0.5930435817221339
556.4,9.08020175e-08,0.5473674798130491,0.5926609596130308
556.5,9.0636816e-08,0.547057539706624,0.5922266187207087
556.6,9.0471668e-08,0.5467009563740708,0.5917433450095329
556.7,9.030655e-08,0.5463021757973132,0.591215857151669
556.8,9.0141437e-08,0.5458641630114978,0.5906479652706873
556.9,8.99763015e-08,0.5453900596092777,0.5900434794901579
557.0,8.9811117e-08,0.5448834620859231,0.5894068376238635
557.1,8.96458555e-08,0.5443476904765502,0.5887419685475767
557.2,8.9480489e-08,0.5437862464003307,0.5880534954290463
557.3,8.93149925e-08,0.5432022676800069,0.5873456657015401
557.4,8.914934e-08,0.5425992986604107,0.5866227682673488
557.5,8.89835095e-08,0.5419794442086201,0.585888306002281
557.6,8.881748e-08,0.5413461870942508,0.5851471219855717
557.7,8.8651233e-08,0.5407015668392532,0.5844021554913074
557.8,8.84847555e-08,0.5400481934788044,0.5836574026253435
557.9,8.8318036e-08,0.5393881197295439,0.5829161406971364
558.0,8.81510675e-08,0.5387235327682773,0.5821816162285341
558.1,8.7983847e-08,0.5380559669488566,0.5814561835290714
558.2,8.78163755e-08,0.5373872500498876,0.5807423615277377
558.3,8.7648658e-08,0.5367189390446895,0.5800427169057312
558.4,8.74807035e-08,0.5360527706056811,0.5793593074062399
558.5,8.73125245e-08,0.5353903324937895,0.5786937641441695
558.6,8.71441365e-08,0.534733017062879,0.5780477923760124
558.7,8.6975561e-08,0.5340828449853441,0.5774228849865978
558.8,8.6806821e-08,0.5334409610575479,0.5768197249581682
558.9,8.66379415e-08,0.5328094582085163,0.5762398906268732
559.0,8.64689515e-08,0.5321904174292229,0.5756841322050382
559.1,8.6299881e-08,0.5315856803212813,0.5751531885952552
559.2,8.613076e-08,0.5309971450349729,0.5746474286205021
559.3,8.5961621e-08,0.530427614499263,0.5741682345815462
559.4,8.57924955e-08,0.5298786318644632,0.5737154783014073
559.5,8.56234155e-08,0.5293532067763356,0.5732899112490483
559.6,8.54544125e-08,0.5288528685621839,0.5728912154952923
559.7,8.52855145e-08,0.5283801022217973,0.5725200451197301
559.8,8.51167485e-08,0.5279362862860321,0.5721759948569093
559.9,8.494814e-08,0.5275244046395905,0.5718597351227022
560.0,8.4779709e-08,0.527144902760311,0.5715701889791469
560.1,8.4611475e-08,0.5267998308515592,0.5713078245235491
560.2,8.4443453e-08,0.5264898084354065,0.5710716904816533
560.3,8.42756525e-08,0.5262158452197316,0.5708614720658753
560.4,8.410808e-08,0.525977383885998,0.5706757040374019
560.5,8.3940738e-08,0.5257747806908124,0.570514065953782
560.6,8.37736245e-08,0.5256066633865037,0.570374517036428
560.7,8.36067315e-08,0.5254723772651632,0.5702564773473362
560.8,8.3440049e-08,0.525370194450831,0.5701579670548161
560.9,8.32735615e-08,0.5252985347224026,0.57007791613241
561.0,8.3107249e-08,0.5252548119208056,0.570014294482945
561.1,8.294109e-08,0.5252365253382876,0.56996546910656
561.2,8.2775057e-08,0.5252403109574352,0.5699289688264736
561.3,8.2609122e-08,0.5252632282475245,0.5699032473507816
561.4,8.24432525e-08,0.5253016637486856,0.5698862538477998
561.5,8.22774145e-08,0.5253524168063228,0.5698761718486559
561.6,8.2111574e-08,0.5254118061021649,0.5698708022384924
561.7,8.1945694e-08,0.5254760259108711,0.5698683423714446
561.8,8.1779738e-08,0.5255412906132938,0.5698667728317549
561.9,8.1613671e-08,0.5256038925017833,0.5698642212302016
562.0,8.14474575e-08,0.5256605291341422,0.5698589999032113
562.1,8.1281063e-08,0.525707844661098,0.5698499395499985
562.2,8.1114456e-08,0.5257418366936097,0.5698345815601521
562.3,8.0947607e-08,0.5257597148690829,0.5698119042877414
562.4,8.07804905e-08,0.5257587598249162,0.5697810431664682
562.5,8.06130825e-08,0.5257359367826064,0.5697404619575247
562.6,8.04453635e-08,0.5256886419901621,0.5696890711565786
562.7,8.0277318e-08,0.5256143521203641,0.569625544383212
562.8,8.01089345e-08,0.52551076752739,0.569549035920682
562.9,7.9940206e-08,0.5253756897247007,0.5694584298752783
563.0,7.9771129e-08,0.5252075246681837,0.5693528654506139
563.1,7.9601705e-08,0.5250039174199861,0.5692310476821968
563.2,7.94319385e-08,0.5247634693430582,0.5690923381983999
563.3,7.926184e-08,0.52448514999501,0.5689364837868554
563.4,7.90914225e-08,0.5241672289866076,0.5687619921910526
563.5,7.8920703e-08,0.5238087676099662,0.5685685856942012
563.6,7.87497015e-08,0.5234086474581012,0.5683549548804828
563.7,7.8578443e-08,0.522966163557621,0.5681207780508102
563.8,7.8406952e-08,0.5224803696608185,0.5678651422583578
563.9,7.82352565e-08,0.5219509365287834,0.5675874110164544
564.0,7.8063386e-08,0.5213771987721919,0.5672867800773802
564.1,7.7891369e-08,0.5207592198512154,0.5669630835650435
564.2,7.7719237e-08,0.5200965731375717,0.5666152935503278
564.3,7.7547022e-08,0.519390502073633,0.5662441652721072
564.4,7.73747555e-08,0.5186416707920862,0.5658495473056157
564.5,7.7202466e-08,0.5178516142751021,0.5654321980313198
564.6,7.70301855e-08,0.5170216896907067,0.564992348670439
564.7,7.6857942e-08,0.5161529877998696,0.5645305823025696
564.8,7.66857625e-08,0.5152482914253632,0.564047980263903
564.9,7.6513672e-08,0.514310236363424,0.5635461240321812
565.0,7.6341695e-08,0.513341891321756,0.5630264939258625
565.1,7.6169853e-08,0.5123467089106853,0.5624909503961162
565.2,7.5998163e-08,0.5113281084396564,0.5619414726463142
565.3,7.582664e-08,0.5102899622357737,0.5613801454373414
565.4,7.56552995e-08,0.5092356198651249,0.5608082549372302
565.5,7.54841505e-08,0.5081696536016577,0.560228665650162
565.6,7.53131985e-08,0.507095964046811,0.5596435955405504
565.7,7.5142448e-08,0.5060185020675058,0.5590544746613713
565.8,7.49718995e-08,0.5049410784156309,0.5584635253752678
565.9,7.48015505e-08,0.5038677664802211,0.5578729134962154
566.0,7.46313975e-08,0.5028025479158055,0.5572841224842647
566.1,7.4461432e-08,0.5017489494742969,0.5566990146755414
566.2,7.4291646e-08,0.5007098570227071,0.5561181649815007
566.3,7.41220275e-08,0.4996892823748546,0.5555437769152298
566.4,7.39525635e-08,0.498689753884507,0.5549764511492442
566.5,7.37832395e-08,0.4977140594009851,0.5544172413737198
566.6,7.3614041e-08,0.49676463365859547,0.5538669455531909
566.7,7.34449545e-08,0.4958433075775366,0.5533255674575683
566.8,7.3275963e-08,0.49495191710455533,0.5527936468124702
566.9,7.31070545e-08,0.49409196643421405,0.5522708625471273
567.0,7.29382145e-08,0.4932644847522662,0.5517575049447007
567.1,7.27694285e-08,0.49247034542146934,0.5512533980760018
567.2,7.2600685e-08,0.49170977463649473,0.5507580694454957
567.3,7.2431978e-08,0.4909826988840741,0.5502703535223076
567.4,7.2263297e-08,0.4902891634031417,0.5497900787754789
567.5,7.209464e-08,0.48962869129993286,0.5493160771608608
567.6,7.1926003e-08,0.4890006573975093,0.5488478007846948
567.7,7.1757388e-08,0.4884038559526107,0.5483841262134476
567.8,7.15887965e-08,0.48783711703613275,0.5479239055091638
567.9,7.1420237e-08,0.4872987787455619,0.5474662181851958
568.0,7.12517175e-08,0.4867869510987576,0.5470098553566907
568.1,7.1083252e-08,0.4863001091666458,0.5465539317228384
568.2,7.0914852e-08,0.4858363560555823,0.5460975242837176
568.3,7.0746538e-08,0.48539349579230223,0.5456393707473999
568.4,7.0578328e-08,0.48496969682828855,0.545179006786491
568.5,7.04102455e-08,0.48456238305756527,0.5447153824807264
568.6,7.0242313e-08,0.4841695890997685,0.5442479153788278
568.7,7.00745565e-08,0.48378879916750095,0.5437758678348402
568.8,6.9907005e-08,0.48341828161489214,0.5432989746983439
568.9,6.9739687e-08,0.4830554125837578,0.5428165278543544
569.0,6.95726315e-08,0.48269828324240155,0.5423284940019898
569.1,6.9405869e-08,0.4823444946706732,0.5418341009377758
569.2,6.92394295e-08,0.4819918722581378,0.5413329848652833
569.3,6.90733445e-08,0.4816384091554082,0.5408252557402549
569.4,6.8907641e-08,0.4812819715927543,0.5403104071379548
569.5,6.8742348e-08,0.48092082603934966,0.5397885502707632
569.6,6.85774915e-08,0.4805524868670869,0.5392589613157325
569.7,6.84130975e-08,0.4801749384301194,0.5387212676799742
569.8,6.8249186e-08,0.4797865873126533,0.5381753883103976
569.9,6.8085779e-08,0.47938502705471575,0.5376204504725637
570.0,6.7922893e-08,0.47896819362993365,0.5370559747594333
570.1,6.77605415e-08,0.4785345294366692,0.5364816394719191
570.2,6.75987365e-08,0.478081563298141,0.5358963192915323
570.3,6.7437485e-08,0.47760781678084646,0.5352996039262724
570.4,6.7276791e-08,0.4771115444159072,0.5346906420045302
570.5,6.7116655e-08,0.47659078459287013,0.5340685312608958
570.6,6.69570755e-08,0.47604371330304074,0.5334321306689173
570.7,6.6798044e-08,0.47546876414832207,0.5327808219631603
570.8,6.66395525e-08,0.47486445806689254,0.5321134169932834
570.9,6.64815895e-08,0.4742291061385417,0.5314287621664643
571.0,6.63241385e-08,0.47356164964654535,0.530726085907547
571.1,6.61671835e-08,0.4728609337414439,0.5300044928626254
571.2,6.6010704e-08,0.47212567791007193,0.5292631077839862
571.3,6.5854677e-08,0.4713554561524654,0.5285011075743542
571.4,6.5699083e-08,0.4705494089288745,0.5277176144727419
571.5,6.5543897e-08,0.46970653218628694,0.5269116677801158
571.6,6.53890935e-08,0.4688268466592143,0.526083022452249
571.7,6.52346515e-08,0.4679103071087225,0.5252311098608713
571.8,6.5080545e-08,0.4669564422959134,0.5243552174927687
571.9,6.49267505e-08,0.46596505430044977,0.5234551204099072
572.0,6.47732465e-08,0.4649366583435268,0.522530535868948
572.1,6.4620013e-08,0.4638713053189456,0.5215811811265524
572.2,6.4467031e-08,0.4627693954656102,0.5206068218199082
572.3,6.43142825e-08,0.461631675225935,0.5196077739932367
572.4,6.4161752e-08,0.4604584097503401,0.5185838064253183
572.5,6.4009427e-08,0.4592502694546976,0.5175350787090598
572.6,6.3857297e-08,0.45800837525926646,0.5164621544461835
572.7,6.3705355e-08,0.4567328666507604,0.5153648690172342
572.8,6.3553594e-08,0.4554250605848199,0.5142440807053248
572.9,6.34020125e-08,0.45408585744189933,0.5131004203422602
573.0,6.3250612e-08,0.45271634295642005,0.5119344289102954
573.1,6.30993945e-08,0.45131800687161805,0.5107473730995882
573.2,6.2948366e-08,0.4498916207626492,0.5095398139985867
573.3,6.2797534e-08,0.44843905324882394,0.5083133293151214
573.4,6.264691e-08,0.4469612543477606,0.5070687811022164
573.5,6.24965055e-08,0.4454600744575322,0.5058078268641559
573.6,6.2346335e-08,0.44393722951604614,0.504532124105224
573.7,6.2196414e-08,0.4423944970364257,0.5032435954801244
573.8,6.2046761e-08,0.44083379778841947,0.5019438796435854
573.9,6.1897394e-08,0.4392568740993131,0.5006349551706601
574.0,6.1748331e-08,0.43766612111934544,0.4993191901938911
574.1,6.15995935e-08,0.43606395473326737,0.49799901253608064
574.2,6.14512025e-08,0.43445221842764803,0.49667625123247205
574.3,6.1303177e-08,0.43283313142353774,0.4953533831147131
574.4,6.1155537e-08,0.43120943004813783,0.4940331451383238
574.5,6.10083025e-08,0.42958311800924276,0.49271773641816163
574.6,6.0861491e-08,0.4279565075190457,0.49140941073279615
574.7,6.071512e-08,0.4263318837720427,0.49011061663954175
574.8,6.05692045e-08,0.424711509343263,0.4888236449877613
574.9,6.0423759e-08,0.4230977278608261,0.4875508526002636
575.0,6.0278797e-08,0.42149234008564107,0.48629418098130844
575.1,6.01343275e-08,0.4198975646104398,0.48505564075019425
575.2,5.9990359e-08,0.41831488363863645,0.4838369648094288
575.3,5.98468995e-08,0.41674578251523736,0.4826395197518161
575.4,5.97039535e-08,0.4151920111073508,0.4814648543825347
575.5,5.95615235e-08,0.41365471169806556,0.48031403684308677
575.6,5.9419611e-08,0.4121346596324485,0.479187799752879
575.7,5.9278214e-08,0.41063263842370745,0.47808674504106385
575.8,5.913733e-08,0.40914954028415607,0.47701132132707236
575.9,5.8996955e-08,0.4076852439483179,0.47596126974366976
576.0,5.88570865e-08,0.4062403123895964,0.47493653625546234
576.1,5.8717719e-08,0.40481437992660674,0.47393631095986416
576.2,5.8578844e-08,0.4034068867275381,0.472959730547214
576.3,5.8440454e-08,0.40201774734107026,0.4720058537963528
576.4,5.8302542e-08,0.40064581257261056,0.47107291701716475
576.5,5.81651025e-08,0.39929023544877956,0.4701593399885453
576.6,5.80281285e-08,0.39794984478383594,0.469263102666418
576.7,5.78916085e-08,0.3966235994539745,0.46838214919255045
576.8,5.77555425e-08,0.395310046786752,0.4675140027352945
576.9,5.7619921e-08,0.39400774918937026,0.4666562819674188
577.0,5.7484741e-08,0.39271514906019167,0.46580618835818743
577.1,5.7349999e-08,0.39143097154091727,0.4649613336688652
577.2,5.72156905e-08,0.39015368856088056,0.46411879935987693
577.3,5.70818215e-08,0.38888162879278965,0.46327583402437655
577.4,5.6948383e-08,0.3876138547853967,0.4624300356006212
577.5,5.6815383e-08,0.3863486053618602,0.4615783938145301
577.6,5.6682822e-08,0.3850851070620689,0.46071861530346625
577.7,5.6550708e-08,0.3838217633286361,0.4598479128464274
577.8,5.64190455e-08,0.38255765995809965,0.45896403203652525
577.9,5.6287843e-08,0.38129179289744747,0.4580647329181977
578.0,5.61571075e-08,0.3800235407396527,0.45714812173939345
578.1,5.6026855e-08,0.37875205336974327,0.4562121407569241
578.2,5.58970925e-08,0.37747721580542803,0.4552554202363928
578.3,5.5767834e-08,0.3761987861440727,0.4542765307531423
578.4,5.5639096e-08,0.37491657714675514,0.4532743413338171
578.5,5.55108885e-08,0.3736303946630492,0.45224775116435145
578.6,5.5383229e-08,0.37234095686103574,0.45119646367839894
578.7,5.52561335e-08,0.37104813242214163,0.45011957849550494
578.8,5.51296175e-08,0.3697531302312201,0.44901745627050604
578.9,5.5003696e-08,0.36845619910240923,0.44788987395032404
579.0,5.4878383e-08,0.3671584630975605,0.44673736623402843
579.1,5.4753697e-08,0.3658612209510769,0.4455605765197947
579.2,5.46296495e-08,0.3645653686451833,0.44436021166596984
579.3,5.4506259e-08,0.36327209935676946,0.44313729080521075
579.4,5.43835375e-08,0.36198287581137495,0.4418931378046617
579.5,5.42614975e-08,0.3606992424159482,0.44062907527482975
579.6,5.4140152e-08,0.35942241810843883,0.4393467110828351
579.7,5.4019513e-08,0.3581540729595016,0.438047802635608
579.8,5.3899591e-08,0.35689570362387646,0.43673422295068876
579.9,5.3780394e-08,0.3556491586146809,0.4354081422402823
580.0,5.3661931e-08,0.3544156267105751,0.43407140713255044
580.1,5.35442105e-08,0.3531966007963879,0.43272618406978713
580.2,5.3427239e-08,0.3519935819250894,0.4313747607597627
580.3,5.3311025e-08,0.3508075766629656,0.4300190768217815
580.4,5.3195568e-08,0.3496400885762606,0.42866153431758636
580.5,5.30808795e-08,0.3484920934436526,0.427304251937263
580.6,5.29669635e-08,0.3473646480969102,0.42594946963637337
580.7,5.2853817e-08,0.3462586083058724,0.42459919363598597
580.8,5.27414505e-08,0.34517489958373476,0.4232555463960977
580.9,5.26298685e-08,0.34411386562073376,0.42192025327939386
581.0,5.25190715e-08,0.3430760354610721,0.4205950974538646
581.1,5.240906e-08,0.34206183196312107,0.4192818049105139
581.2,5.22998465e-08,0.34107126392334003,0.41798167941029285
581.3,5.2191432e-08,0.34010450287268795,0.4166962113247564
581.4,5.2083818e-08,0.33916137351029463,0.41542653665380813
581.5,5.1977017e-08,0.33824164901317055,0.4141735840522363
581.6,5.1871035e-08,0.33734464639907286,0.41293798686512
581.7,5.17658745e-08,0.33646999810166106,0.4117204789685031
581.8,5.1661555e-08,0.33561680248384357,0.4105211954508696
581.9,5.15580765e-08,0.334784571342122,0.4093406370820887
582.0,5.1455453e-08,0.33397212595093273,0.40817855127811076
582.1,5.1353701e-08,0.3331784873900049,0.40703473195045786
582.2,5.125283e-08,0.33240262898685935,0.4059088536301312
582.3,5.115286e-08,0.33164327022833046,0.4048002295649765
582.4,5.10538065e-08,0.3308991557339938,0.40370810451611994
582.5,5.0955684e-08,0.3301691243712047,0.4026315711916031
582.6,5.08585105e-08,0.3294518466179521,0.4015696701490297
582.7,5.07623085e-08,0.32874610793451614,0.400521264131859
582.8,5.06671e-08,0.32805045941836497,0.39948503932604335
582.9,5.05729075e-08,0.32736385491914494,0.3984598647582274
583.0,5.04797565e-08,0.3266851031449219,0.3974443216851689
583.1,5.03876675e-08,0.32601309699844455,0.39643710320432385
583.2,5.0296668e-08,0.32534683117006385,0.3954368062804132
583.3,5.0206783e-08,0.3246853135448199,0.3944420398162099
583.4,5.0118039e-08,0.32402760541482756,0.39345137375873807
583.5,5.003046e-08,0.32337303824917035,0.39246349932049823
583.6,4.994407145e-08,0.3227210918001047,0.3914772101299114
583.7,4.985889905e-08,0.32207096684645964,0.390491105036654
583.8,4.977497295e-08,0.32142212743252846,0.3895039468815392
583.9,4.96923151e-08,0.32077432914240267,0.38851468323102795
584.0,4.961094845e-08,0.32012735332123354,0.3875223684657315
584.1,4.95308962e-08,0.3194810083318693,0.3865259840813116
584.2,4.945218245e-08,0.31883524013891623,0.38552479494508735
584.3,4.93748277e-08,0.3181900041317587,0.3845180389066809
584.4,4.92988556e-08,0.31754556985904636,0.3835052252493198
584.5,4.92242885e-08,0.31690197062166137,0.38248581927393444
584.6,4.915113765e-08,0.3162596939947835,0.3814596456796547
584.7,4.90794213e-08,0.3156191289075833,0.3804265436169367
584.8,4.900915305e-08,0.3149807641918777,0.37938653444861054
584.9,4.894035465e-08,0.3143450484670976,0.3783396841481219
585.0,4.88730414e-08,0.31371265968893763,0.3772863640517225
585.1,4.880722685e-08,0.31308421486619503,0.376226957433716
585.2,4.874291265e-08,0.31246037561828255,0.3751620335506913
585.3,4.868011085e-08,0.31184186639646616,0.3740922590486094
585.4,4.86188353e-08,0.3112294317582047,0.3730184827858054
585.5,4.85590932e-08,0.3106238212875055,0.37194154796574747
585.6,4.85008907e-08,0.3100257336745745,0.37086242785383966
585.7,4.844423095e-08,0.3094360045830576,0.36978227164467475
585.8,4.838912785e-08,0.308855331446524,0.3687022027717856
585.9,4.83355847e-08,0.3082844280348245,0.36762337859790584
586.0,4.828360455e-08,0.3077239685337426,0.3665470469636374
586.1,4.82331852e-08,0.30717463089897296,0.3654744890104645
586.2,4.81843368e-08,0.30663698752869706,0.3644068847205877
586.3,4.813706485e-08,0.3061117056971945,0.3633455774390258
586.4,4.809137135e-08,0.30559914166107216,0.3622917138470973
586.5,4.80472712e-08,0.305099856508778,0.36124653236062626
586.6,4.800476715e-08,0.3046142196916081,0.36021108981138134
586.7,4.796386585e-08,0.30414256296174674,0.3591865278541329
586.8,4.792456795e-08,0.30368523063774866,0.35817381786932934
586.9,4.788688925e-08,0.30324229623288196,0.35717382505158757
587.0,4.785083585e-08,0.3028140161011072,0.3561874076840204
587.1,4.781642255e-08,0.30240038270260206,0.3552152261294038
587.2,4.77836638e-08,0.3020014569842639,0.3542578942549422
587.3,4.77525808e-08,0.3016172263797222,0.35331597503403905
587.4,4.77231826e-08,0.3012475413491666,0.35238979833392303
587.5,4.76954838e-08,0.3008922517244683,0.351479748685535
587.6,4.766951245e-08,0.30055112000122264,0.35058598002691493
587.7,4.764529285e-08,0.300223856524587,0.349708526915582
587.8,4.76228453e-08,0.2999101772945855,0.3488474484134781
587.9,4.76021874e-08,0.2996097053200997,0.34800268797193545
588.0,4.75833524e-08,0.29932195114099414,0.3471739729007118
588.1,4.756637325e-08,0.299046263819271,0.3463609946954085
588.2,4.75512823e-08,0.29878224060275216,0.34556351019675413
588.3,4.753810985e-08,0.2985291928543279,0.3447810456525766
588.4,4.752688815e-08,0.29828672598996087,0.34401318448769
588.5,4.7517664e-08,0.29805428583270704,0.34325951012690853
588.6,4.75104712e-08,0.29783137475429017,0.34251958149062356
588.7,4.75053461e-08,0.29761742538307684,0.3417929053487885
588.8,4.750234345e-08,0.29741197339167297,0.34107903182533533
588.9,4.750148485e-08,0.29721460283321116,0.34037751418578865
589.0,4.750283765e-08,0.29702479660154074,0.33968783658063495
589.1,4.75064446e-08,0.29684211550200856,0.3390095070364645
589.2,4.751234135e-08,0.29666609080899087,0.338342098924995
589.3,4.752058035e-08,0.2964963235402206,0.3376852006975888
589.4,4.75312281e-08,0.2963325234125365,0.33703848060206165
589.5,4.7544324e-08,0.29617435490384336,0.3364015698154362
589.6,4.755992185e-08,0.29602149128850497,0.3357741510368542
589.7,4.75780778e-08,0.29587377108865903,0.3351559101070504
589.8,4.759883685e-08,0.29573086883530664,0.33454655674286365
589.9,4.76222675e-08,0.2955926632629714,0.3339459219266091
590.0,4.764840905e-08,0.2954590217964433,0.3333538429237874
590.1,4.76773133e-08,0.295329702533088,0.3327701236990168
590.2,4.77090408e-08,0.2952046564640601,0.3321947083319483
590.3,4.77436495e-08,0.29508375541237936,0.3316274931500241
590.4,4.77811962e-08,0.2949668284754054,0.33106840652493186
590.5,4.78217353e-08,0.29485388507791616,0.33051744154516766
590.6,4.78653145e-08,0.2947448982022149,0.32997465538771775
590.7,4.791199985e-08,0.29463984774210855,0.32944008386673856
590.8,4.796183325e-08,0.29453871798963394,0.3289138048937277
590.9,4.801485955e-08,0.2944414046439149,0.32839586245098246
591.0,4.80711525e-08,0.29434806227130994,0.3278863928836239
591.1,4.813075275e-08,0.2942585193408602,0.3273854640500534
591.2,4.819371515e-08,0.29417284936583393,0.32689316894141357
591.3,4.8260098e-08,0.2940910705674683,0.3264096627523813
591.4,4.832996225e-08,0.2940131848307191,0.3259350183679064
591.5,4.840335275e-08,0.29393908471311736,0.32546930176143435
591.6,4.848031595e-08,0.29386888582527293,0.32501268886215395
591.7,4.856089785e-08,0.2938024744415316,0.3245651859532504
591.8,4.86451593e-08,0.2937398078362334,0.3241268357603838
591.9,4.873316545e-08,0.2936810179562697,0.323697694832222
592.0,4.882495685e-08,0.29362593138572607,0.32327771792983073
592.1,4.892057915e-08,0.29357454309805425,0.3228669590886035
592.2,4.902009205e-08,0.29352674753574104,0.3224652593439523
592.3,4.912354805e-08,0.2934825082563118,0.32207259921800246
592.4,4.92310352e-08,0.2934417957287953,0.32168884048067736
592.5,4.934257255e-08,0.29340441328949174,0.3213138719195969
592.6,4.94582324e-08,0.29337033643397825,0.32094755027813626
592.7,4.957809895e-08,0.2933394017994369,0.3205896317687055
592.8,4.97021951e-08,0.2933115339876439,0.32023994863025673
592.9,4.983059145e-08,0.2932865306800326,0.3198982357123702
593.0,4.996337115e-08,0.29326434098280174,0.3195642643071006
593.1,5.0100588e-08,0.2932447688605698,0.31923776675075394
593.2,5.02423275e-08,0.29322766477352663,0.3189184521318504
593.3,5.03886295e-08,0.2932127472349704,0.31860607980439276
593.4,5.05396185e-08,0.29319973601483623,0.3183003538303531
593.5,5.0695342e-08,0.2931883314051852,0.3180010197407264
593.6,5.0855928e-08,0.2931784825122162,0.3177077589780176
593.7,5.10214045e-08,0.2931699109908201,0.31742036042720045
593.8,5.11919025e-08,0.2931625357879066,0.3171384797697201
593.9,5.13675175e-08,0.29315623123976936,0.31686194296134346
594.0,5.154834e-08,0.29315087482429497,0.316590555223326
594.1,5.1734495e-08,0.2931461957361967,0.31632400239640246
594.2,5.19260675e-08,0.2931423975506785,0.3160622291885421
594.3,5.2123165e-08,0.2931392270553725,0.31580502636967417
594.4,5.23259185e-08,0.29313659188745467,0.31555225633804046
594.5,5.25344465e-08,0.29313424386110537,0.315303848093647
594.6,5.2748869e-08,0.2931321628701316,0.3150596502117278
594.7,5.29693435e-08,0.2931304331092166,0.3148196363029048
594.8,5.3195989e-08,0.2931288183305927,0.3145837630131992
594.9,5.3428924e-08,0.29312755415370884,0.31435201777624033
595.0,5.3668322e-08,0.29312669838387,0.31412441944158426
595.1,5.39143255e-08,0.2931262943750548,0.31390096549595675
595.2,5.4167064e-08,0.2931263125962921,0.313681718771211
595.3,5.442674e-08,0.2931269924369424,0.31346674209919995
595.4,5.46934385e-08,0.2931280850828673,0.3132560637542575
595.5,5.49673435e-08,0.2931295540915921,0.31304974782487394
595.6,5.5248675e-08,0.2931316545604403,0.3128478910721028
595.7,5.55376105e-08,0.2931342645956169,0.31265053873487847
595.8,5.58342405e-08,0.29313753248029517,0.31245781082204016
595.9,5.6138782e-08,0.29314129485165713,0.3122697356079218
596.0,5.6451427e-08,0.29314584890436773,0.312086458234104
596.1,5.67723675e-08,0.2931511066738328,0.31190802456783956
596.2,5.71018035e-08,0.29315710271757145,0.31173448487461086
596.3,5.7439998e-08,0.29316398469043836,0.3115659132960045
596.4,5.7787041e-08,0.2931714704774134,0.31140238460192576
596.5,5.8143165e-08,0.2931797290961811,0.31124390004901153
596.6,5.85085965e-08,0.2931888868387663,0.3110905130443371
596.7,5.8883538e-08,0.29319892862552427,0.31094228013657016
596.8,5.92682165e-08,0.29320971559805964,0.3107991692814656
596.9,5.9662848e-08,0.29322127351743216,0.3106612313728244
597.0,6.0067719e-08,0.2932337626048673,0.31052842368498657
597.1,6.04829925e-08,0.29324721867452114,0.31040068338609894
597.2,6.09089e-08,0.2932618842573466,0.31027803749385835
597.3,6.13456765e-08,0.2932777273090987,0.31016043825605655
597.4,6.17936175e-08,0.29329404662629704,0.3100477279647423
597.5,6.22529815e-08,0.2933105676337437,0.30993987331903333
597.6,6.2724067e-08,0.2933270006765961,0.3098367530534534
597.7,6.32070475e-08,0.29334354933005813,0.309738277946771
597.8,6.3702242e-08,0.2933598164968184,0.30964441783969676
597.9,6.42100305e-08,0.29337580343351405,0.3095550131393238
598.0,6.4730577e-08,0.29339212400734943,0.30947002991645156
598.1,6.5264212e-08,0.2934080104130801,0.3093892966401211
598.2,6.58112895e-08,0.2934237579604155,0.30931273288556044
598.3,6.6372172e-08,0.2934388991803687,0.3092401884846408
598.4,6.69471165e-08,0.29345376645344257,0.3091716043754203
598.5,6.7536496e-08,0.2934679237265767,0.3091068555225113
598.6,6.81407125e-08,0.2934817360528375,0.30904586589937155
598.7,6.8759975e-08,0.29349512363577146,0.308988509842295
598.8,6.9394868e-08,0.29350773650195716,0.30893466985571627
598.9,7.0045565e-08,0.29351973298766415,0.30888432960335366
599.0,7.0712561e-08,0.2935318111547801,0.3088374708639698
599.1,7.1396223e-08,0.2935439062864964,0.3087939811685476
599.2,7.2096914e-08,0.293556149701386,0.3087537379949737
599.3,7.281513e-08,0.293567859673843,0.3087167099273214
599.4,7.3551298e-08,0.29357950932772103,0.30868283036382654
599.5,7.43058165e-08,0.29359184761870877,0.30865210684431155
599.6,7.5079117e-08,0.2936039779362628,0.3086245054395756
599.7,7.5871826e-08,0.2936165411652845,0.30859991493723893
599.8,7.66843775e-08,0.2936291332969586,0.308578347903672
599.9,7.7517282e-08,0.29364264905687293,0.30855985586099444
600.0,7.83711125e-08,0.29365635708225757,0.30854430623399626
