
-------------------------------------------------------------------------------
   ROBOCOPY     ::     Robust File Copy for Windows                              
-------------------------------------------------------------------------------

  Started : 2026811 15:02:35
   Source : G:\moist convection\Ek1e-1\
     Dest : H:\rotating_case\Pr0p7\Ra8e6\Ek1e-1\

    Files : *.*
	    
  Options : *.* /S /E /DCOPY:DAT /COPY:DAT /MOVE /Z /J /NP /XJ /MT:8 /R:2 /W:2 

------------------------------------------------------------------------------

	  *   		    2051	H:\rotating_case\Pr0p7\Ra8e6\Ek1e-1\AR16\Beta1p02\qbot0p5_qtop0p004978\N385x385x65\case_info.json
	  *   		     316	H:\rotating_case\Pr0p7\Ra8e6\Ek1e-1\AR16\Beta1p02\qbot0p5_qtop0p004978\N385x385x65\submit_after_check.sh
	    New File  		    1308	G:\moist convection\Ek1e-1\AR16\Beta1p02\qbot0p5_qtop0p004978\N385x385x65\run\bou.in
	    New File  		    5390	G:\moist convection\Ek1e-1\AR16\Beta1p02\qbot0p5_qtop0p004978\N385x385x65\run\check_drizzle_before_submit.py
	    New File  		  72.3 m	G:\moist convection\Ek1e-1\AR16\Beta1p02\qbot0p5_qtop0p004978\N385x385x65\run\continua_dsal.h5
	*         -1	H:\rotating_case\Pr0p7\Ra8e6\Ek1e-1\AR16\Beta1p02\qbot0p5_qtop0p004978\N385x385x65\conti1\conti_strict_force_500\run\contstr\
	*         -1	H:\rotating_case\Pr0p7\Ra8e6\Ek1e-1\AR16\Beta1p02\qbot0p5_qtop0p004978\N385x385x65\conti1\conti_strict_force_500\run\data\
	*         -1	H:\rotating_case\Pr0p7\Ra8e6\Ek1e-1\AR16\Beta1p02\qbot0p5_qtop0p004978\N385x385x65\conti1\conti_strict_force_500\run\diagnostics\
	*         -1	H:\rotating_case\Pr0p7\Ra8e6\Ek1e-1\AR16\Beta1p02\qbot0p5_qtop0p004978\N385x385x65\conti1\conti_strict_force_500\run\fact\
	*         -1	H:\rotating_case\Pr0p7\Ra8e6\Ek1e-1\AR16\Beta1p02\qbot0p5_qtop0p004978\N385x385x65\conti1\conti_strict_force_500\run\flowmov\
	  *   		      29	H:\rotating_case\Pr0p7\Ra8e6\Ek1e-1\AR16\Beta1p02\qbot0p5_qtop0p004978\N385x385x65\conti1\conti_strict_force_500\run\74644387.err
	  *   		   1.2 m	H:\rotating_case\Pr0p7\Ra8e6\Ek1e-1\AR16\Beta1p02\qbot0p5_qtop0p004978\N385x385x65\conti1\conti_strict_force_500\run\74644387.out
	  *   		    1309	H:\rotating_case\Pr0p7\Ra8e6\Ek1e-1\AR16\Beta1p02\qbot0p5_qtop0p004978\N385x385x65\conti1\conti_strict_force_500\run\bou.in
	  *   		    5390	H:\rotating_case\Pr0p7\Ra8e6\Ek1e-1\AR16\Beta1p02\qbot0p5_qtop0p004978\N385x385x65\conti1\conti_strict_force_500\run\check_drizzle_before_submit.py
	  *   		     468	H:\rotating_case\Pr0p7\Ra8e6\Ek1e-1\AR16\Beta1p02\qbot0p5_qtop0p004978\N385x385x65\conti1\conti_strict_force_500\run\CONTINUATION_INFO.txt
	  *   		  72.3 m	H:\rotating_case\Pr0p7\Ra8e6\Ek1e-1\AR16\Beta1p02\qbot0p5_qtop0p004978\N385x385x65\conti1\conti_strict_force_500\run\continua_dsal.h5
	  *   		     160	H:\rotating_case\Pr0p7\Ra8e6\Ek1e-1\AR16\Beta1p02\qbot0p5_qtop0p004978\N385x385x65\conti1\conti_strict_force_500\run\continua_grid.dat
	  *   		  72.3 m	H:\rotating_case\Pr0p7\Ra8e6\Ek1e-1\AR16\Beta1p02\qbot0p5_qtop0p004978\N385x385x65\conti1\conti_strict_force_500\run\continua_q1.h5
	  *   		  72.3 m	H:\rotating_case\Pr0p7\Ra8e6\Ek1e-1\AR16\Beta1p02\qbot0p5_qtop0p004978\N385x385x65\conti1\conti_strict_force_500\run\continua_q2.h5
	  *   		  72.3 m	H:\rotating_case\Pr0p7\Ra8e6\Ek1e-1\AR16\Beta1p02\qbot0p5_qtop0p004978\N385x385x65\conti1\conti_strict_force_500\run\continua_q3.h5
	  *   		  72.3 m	H:\rotating_case\Pr0p7\Ra8e6\Ek1e-1\AR16\Beta1p02\qbot0p5_qtop0p004978\N385x385x65\conti1\conti_strict_force_500\run\continua_qvap.h5
	  *   		   29212	H:\rotating_case\Pr0p7\Ra8e6\Ek1e-1\AR16\Beta1p02\qbot0p5_qtop0p004978\N385x385x65\conti1\conti_strict_force_500\run\drizzle_init.dat
	  *   		    1515	H:\rotating_case\Pr0p7\Ra8e6\Ek1e-1\AR16\Beta1p02\qbot0p5_qtop0p004978\N385x385x65\conti1\conti_strict_force_500\run\drizzle_init_last_generation.json
	  *   		    1661	H:\rotating_case\Pr0p7\Ra8e6\Ek1e-1\AR16\Beta1p02\qbot0p5_qtop0p004978\N385x385x65\conti1\conti_strict_force_500\run\drizzle_init_meta.json
	  *   		   17440	H:\rotating_case\Pr0p7\Ra8e6\Ek1e-1\AR16\Beta1p02\qbot0p5_qtop0p004978\N385x385x65\conti1\conti_strict_force_500\run\field_gridc.h5
	  *   		   17440	H:\rotating_case\Pr0p7\Ra8e6\Ek1e-1\AR16\Beta1p02\qbot0p5_qtop0p004978\N385x385x65\conti1\conti_strict_force_500\run\field_gridd.h5
	  *   		    2913	H:\rotating_case\Pr0p7\Ra8e6\Ek1e-1\AR16\Beta1p02\qbot0p5_qtop0p004978\N385x385x65\conti1\conti_strict_force_500\run\field_ms.xmf
	  *   		  644814	H:\rotating_case\Pr0p7\Ra8e6\Ek1e-1\AR16\Beta1p02\qbot0p5_qtop0p004978\N385x385x65\conti1\conti_strict_force_500\run\fort.97
	  *   		   13158	H:\rotating_case\Pr0p7\Ra8e6\Ek1e-1\AR16\Beta1p02\qbot0p5_qtop0p004978\N385x385x65\conti1\conti_strict_force_500\run\generate_drizzle_initial_condition.py
	  *   		    1186	H:\rotating_case\Pr0p7\Ra8e6\Ek1e-1\AR16\Beta1p02\qbot0p5_qtop0p004978\N385x385x65\conti1\conti_strict_force_500\run\prepare_drizzle_initial_condition.sh
	  *   		     173	H:\rotating_case\Pr0p7\Ra8e6\Ek1e-1\AR16\Beta1p02\qbot0p5_qtop0p004978\N385x385x65\conti1\conti_strict_force_500\run\runsim.sh
	  *   		   2.7 m	H:\rotating_case\Pr0p7\Ra8e6\Ek1e-1\AR16\Beta1p02\qbot0p5_qtop0p004978\N385x385x65\conti1\conti_strict_force_500\run\simexec
	  *   		   17750	H:\rotating_case\Pr0p7\Ra8e6\Ek1e-1\AR16\Beta1p02\qbot0p5_qtop0p004978\N385x385x65\conti1\conti_strict_force_500\run\stability_solver.py
	  *   		    1598	H:\rotating_case\Pr0p7\Ra8e6\Ek1e-1\AR16\Beta1p02\qbot0p5_qtop0p004978\N385x385x65\conti1\conti_strict_force_500\run\subjob.sh
	    New File  		     160	G:\moist convection\Ek1e-1\AR16\Beta1p02\qbot0p5_qtop0p004978\N385x385x65\run\continua_grid.dat
	    New File  		  72.3 m	G:\moist convection\Ek1e-1\AR16\Beta1p02\qbot0p5_qtop0p004978\N385x385x65\run\continua_q1.h5
	    New File  		  72.3 m	G:\moist convection\Ek1e-1\AR16\Beta1p02\qbot0p5_qtop0p004978\N385x385x65\run\continua_q2.h5
	    New File  		  72.3 m	G:\moist convection\Ek1e-1\AR16\Beta1p02\qbot0p5_qtop0p004978\N385x385x65\run\continua_q3.h5
	    New File  		  72.3 m	G:\moist convection\Ek1e-1\AR16\Beta1p02\qbot0p5_qtop0p004978\N385x385x65\run\continua_qvap.h5
	    New File  		   29212	G:\moist convection\Ek1e-1\AR16\Beta1p02\qbot0p5_qtop0p004978\N385x385x65\run\drizzle_init.dat
	    New File  		    1515	G:\moist convection\Ek1e-1\AR16\Beta1p02\qbot0p5_qtop0p004978\N385x385x65\run\drizzle_init_last_generation.json
	    New File  		    1661	G:\moist convection\Ek1e-1\AR16\Beta1p02\qbot0p5_qtop0p004978\N385x385x65\run\drizzle_init_meta.json
	    New File  		   17440	G:\moist convection\Ek1e-1\AR16\Beta1p02\qbot0p5_qtop0p004978\N385x385x65\run\field_gridc.h5
	    New File  		   17440	G:\moist convection\Ek1e-1\AR16\Beta1p02\qbot0p5_qtop0p004978\N385x385x65\run\field_gridd.h5
	    New File  		    2913	G:\moist convection\Ek1e-1\AR16\Beta1p02\qbot0p5_qtop0p004978\N385x385x65\run\field_ms.xmf
	    New File  		  644814	G:\moist convection\Ek1e-1\AR16\Beta1p02\qbot0p5_qtop0p004978\N385x385x65\run\fort.97
	    New File  		   13158	G:\moist convection\Ek1e-1\AR16\Beta1p02\qbot0p5_qtop0p004978\N385x385x65\run\generate_drizzle_initial_condition.py
	    New File  		    1186	G:\moist convection\Ek1e-1\AR16\Beta1p02\qbot0p5_qtop0p004978\N385x385x65\run\prepare_drizzle_initial_condition.sh
	    New File  		     173	G:\moist convection\Ek1e-1\AR16\Beta1p02\qbot0p5_qtop0p004978\N385x385x65\run\runsim.sh
	    New File  		   2.9 m	G:\moist convection\Ek1e-1\AR16\Beta1p02\qbot0p5_qtop0p004978\N385x385x65\run\simexec
	    New File  		   17750	G:\moist convection\Ek1e-1\AR16\Beta1p02\qbot0p5_qtop0p004978\N385x385x65\run\stability_solver.py
	    New File  		    1876	G:\moist convection\Ek1e-1\AR16\Beta1p02\qbot0p5_qtop0p004978\N385x385x65\run\subjob.sh
	    New File  		     477	G:\moist convection\Ek1e-1\AR16\Beta1p02\qbot0p5_qtop0p004978\N385x385x65\conti1\run\74479938.err
	    New File  		   1.9 m	G:\moist convection\Ek1e-1\AR16\Beta1p02\qbot0p5_qtop0p004978\N385x385x65\conti1\run\74479938.out
	    New File  		    1307	G:\moist convection\Ek1e-1\AR16\Beta1p02\qbot0p5_qtop0p004978\N385x385x65\conti1\run\bou.in
	    New File  		    5390	G:\moist convection\Ek1e-1\AR16\Beta1p02\qbot0p5_qtop0p004978\N385x385x65\conti1\run\check_drizzle_before_submit.py
	    New File  		  72.3 m	G:\moist convection\Ek1e-1\AR16\Beta1p02\qbot0p5_qtop0p004978\N385x385x65\conti1\run\continua_dsal.h5
	    New File  		     160	G:\moist convection\Ek1e-1\AR16\Beta1p02\qbot0p5_qtop0p004978\N385x385x65\conti1\run\continua_grid.dat
	    New File  		  72.3 m	G:\moist convection\Ek1e-1\AR16\Beta1p02\qbot0p5_qtop0p004978\N385x385x65\conti1\run\continua_q1.h5
	    New File  		  72.3 m	G:\moist convection\Ek1e-1\AR16\Beta1p02\qbot0p5_qtop0p004978\N385x385x65\conti1\run\continua_q2.h5
	    New File  		  72.3 m	G:\moist convection\Ek1e-1\AR16\Beta1p02\qbot0p5_qtop0p004978\N385x385x65\conti1\run\continua_q3.h5
	    New File  		  72.3 m	G:\moist convection\Ek1e-1\AR16\Beta1p02\qbot0p5_qtop0p004978\N385x385x65\conti1\run\continua_qvap.h5
	    New File  		   29212	G:\moist convection\Ek1e-1\AR16\Beta1p02\qbot0p5_qtop0p004978\N385x385x65\conti1\run\drizzle_init.dat
	    New File  		    1515	G:\moist convection\Ek1e-1\AR16\Beta1p02\qbot0p5_qtop0p004978\N385x385x65\conti1\run\drizzle_init_last_generation.json
	    New File  		    1661	G:\moist convection\Ek1e-1\AR16\Beta1p02\qbot0p5_qtop0p004978\N385x385x65\conti1\run\drizzle_init_meta.json
	    New File  		   17440	G:\moist convection\Ek1e-1\AR16\Beta1p02\qbot0p5_qtop0p004978\N385x385x65\conti1\run\field_gridc.h5
	    New File  		   17440	G:\moist convection\Ek1e-1\AR16\Beta1p02\qbot0p5_qtop0p004978\N385x385x65\conti1\run\field_gridd.h5
	    New File  		    2913	G:\moist convection\Ek1e-1\AR16\Beta1p02\qbot0p5_qtop0p004978\N385x385x65\conti1\run\field_ms.xmf
	    New File  		  644814	G:\moist convection\Ek1e-1\AR16\Beta1p02\qbot0p5_qtop0p004978\N385x385x65\conti1\run\fort.97
	    New File  		   13158	G:\moist convection\Ek1e-1\AR16\Beta1p02\qbot0p5_qtop0p004978\N385x385x65\conti1\run\generate_drizzle_initial_condition.py
	    New File  		    1186	G:\moist convection\Ek1e-1\AR16\Beta1p02\qbot0p5_qtop0p004978\N385x385x65\conti1\run\prepare_drizzle_initial_condition.sh
	    New File  		     173	G:\moist convection\Ek1e-1\AR16\Beta1p02\qbot0p5_qtop0p004978\N385x385x65\conti1\run\runsim.sh
	    New File  		   2.9 m	G:\moist convection\Ek1e-1\AR16\Beta1p02\qbot0p5_qtop0p004978\N385x385x65\conti1\run\simexec
	    New File  		   17750	G:\moist convection\Ek1e-1\AR16\Beta1p02\qbot0p5_qtop0p004978\N385x385x65\conti1\run\stability_solver.py
	    New File  		    1876	G:\moist convection\Ek1e-1\AR16\Beta1p02\qbot0p5_qtop0p004978\N385x385x65\conti1\run\subjob.sh
	    New File  		   2.2 m	G:\moist convection\Ek1e-1\AR16\Beta1p02\qbot0p5_qtop0p004978\N385x385x65\run\data\avgvar.out
	    New File  		   3.0 m	G:\moist convection\Ek1e-1\AR16\Beta1p02\qbot0p5_qtop0p004978\N385x385x65\run\data\kh_energy.out
	    New File  		       0	G:\moist convection\Ek1e-1\AR16\Beta1p02\qbot0p5_qtop0p004978\N385x385x65\run\data\layer.out
	    New File  		       0	G:\moist convection\Ek1e-1\AR16\Beta1p02\qbot0p5_qtop0p004978\N385x385x65\run\data\nusse_walls.out
	    New File  		  71.0 m	G:\moist convection\Ek1e-1\AR16\Beta1p02\qbot0p5_qtop0p004978\N385x385x65\run\data\nu_profiles.out
	    New File  		  895575	G:\moist convection\Ek1e-1\AR16\Beta1p02\qbot0p5_qtop0p004978\N385x385x65\run\data\vmax.out
	    New File  		    2730	G:\moist convection\Ek1e-1\AR16\Beta1p02\qbot0p5_qtop0p004978\N385x385x65\run\fact\udx3.out
	    New File  		    2730	G:\moist convection\Ek1e-1\AR16\Beta1p02\qbot0p5_qtop0p004978\N385x385x65\run\fact\udx3r.out
	    New File  		   16170	G:\moist convection\Ek1e-1\AR16\Beta1p02\qbot0p5_qtop0p004978\N385x385x65\run\fact\xcorbase.out
	    New File  		   16170	G:\moist convection\Ek1e-1\AR16\Beta1p02\qbot0p5_qtop0p004978\N385x385x65\run\fact\xcorrefi.out
	    New File  		   16170	G:\moist convection\Ek1e-1\AR16\Beta1p02\qbot0p5_qtop0p004978\N385x385x65\run\fact\ycorbase.out
	    New File  		   16170	G:\moist convection\Ek1e-1\AR16\Beta1p02\qbot0p5_qtop0p004978\N385x385x65\run\fact\ycorrefi.out
	    New File  		    5070	G:\moist convection\Ek1e-1\AR16\Beta1p02\qbot0p5_qtop0p004978\N385x385x65\run\fact\zcorbase.out
	    New File  		    5070	G:\moist convection\Ek1e-1\AR16\Beta1p02\qbot0p5_qtop0p004978\N385x385x65\run\fact\zcorrefi.out
	    New File  		  395264	G:\moist convection\Ek1e-1\AR16\Beta1p02\qbot0p5_qtop0p004978\N385x385x65\run\flowmov\cordin_xcut_info.h5
	    New File  		   2.2 m	G:\moist convection\Ek1e-1\AR16\Beta1p02\qbot0p5_qtop0p004978\N385x385x65\run\flowmov\cordin_zcut_info.h5
	    New File  		  397312	G:\moist convection\Ek1e-1\AR16\Beta1p02\qbot0p5_qtop0p004978\N385x385x65\run\flowmov\frame_00001_xcut.h5
	    New File  		    1303	G:\moist convection\Ek1e-1\AR16\Beta1p02\qbot0p5_qtop0p004978\N385x385x65\run\flowmov\frame_00001_xcut.xmf
	    New File  		   5.6 m	G:\moist convection\Ek1e-1\AR16\Beta1p02\qbot0p5_qtop0p004978\N385x385x65\run\flowmov\frame_00001_zcut.h5
	    New File  		    1497	G:\moist convection\Ek1e-1\AR16\Beta1p02\qbot0p5_qtop0p004978\N385x385x65\run\flowmov\frame_00001_zcut.xmf
	    New File  		  397312	G:\moist convection\Ek1e-1\AR16\Beta1p02\qbot0p5_qtop0p004978\N385x385x65\run\flowmov\frame_00002_xcut.h5
	    New File  		    1303	G:\moist convection\Ek1e-1\AR16\Beta1p02\qbot0p5_qtop0p004978\N385x385x65\run\flowmov\frame_00002_xcut.xmf
	    New File  		  397312	G:\moist convection\Ek1e-1\AR16\Beta1p02\qbot0p5_qtop0p004978\N385x385x65\run\flowmov\frame_00003_xcut.h5
	    New File  		    1303	G:\moist convection\Ek1e-1\AR16\Beta1p02\qbot0p5_qtop0p004978\N385x385x65\run\flowmov\frame_00003_xcut.xmf
	    New File  		   5.6 m	G:\moist convection\Ek1e-1\AR16\Beta1p02\qbot0p5_qtop0p004978\N385x385x65\run\flowmov\frame_00003_zcut.h5
	    New File  		    1497	G:\moist convection\Ek1e-1\AR16\Beta1p02\qbot0p5_qtop0p004978\N385x385x65\run\flowmov\frame_00003_zcut.xmf
	    New File  		  397312	G:\moist convection\Ek1e-1\AR16\Beta1p02\qbot0p5_qtop0p004978\N385x385x65\run\flowmov\frame_00004_xcut.h5
	    New File  		    1303	G:\moist convection\Ek1e-1\AR16\Beta1p02\qbot0p5_qtop0p004978\N385x385x65\run\flowmov\frame_00004_xcut.xmf
	    New File  		  397312	G:\moist convection\Ek1e-1\AR16\Beta1p02\qbot0p5_qtop0p004978\N385x385x65\run\flowmov\frame_00005_xcut.h5
	    New File  		    1303	G:\moist convection\Ek1e-1\AR16\Beta1p02\qbot0p5_qtop0p004978\N385x385x65\run\flowmov\frame_00005_xcut.xmf
	    New File  		   5.6 m	G:\moist convection\Ek1e-1\AR16\Beta1p02\qbot0p5_qtop0p004978\N385x385x65\run\flowmov\frame_00005_zcut.h5
	    New File  		    1497	G:\moist convection\Ek1e-1\AR16\Beta1p02\qbot0p5_qtop0p004978\N385x385x65\run\flowmov\frame_00005_zcut.xmf
	    New File  		  397312	G:\moist convection\Ek1e-1\AR16\Beta1p02\qbot0p5_qtop0p004978\N385x385x65\run\flowmov\frame_00006_xcut.h5
	    New File  		    1303	G:\moist convection\Ek1e-1\AR16\Beta1p02\qbot0p5_qtop0p004978\N385x385x65\run\flowmov\frame_00006_xcut.xmf
	    New File  		   5.6 m	G:\moist convection\Ek1e-1\AR16\Beta1p02\qbot0p5_qtop0p004978\N385x385x65\run\flowmov\frame_00006_zcut.h5
	    New File  		    1497	G:\moist convection\Ek1e-1\AR16\Beta1p02\qbot0p5_qtop0p004978\N385x385x65\run\flowmov\frame_00006_zcut.xmf
	    New File  		  397312	G:\moist convection\Ek1e-1\AR16\Beta1p02\qbot0p5_qtop0p004978\N385x385x65\run\flowmov\frame_00007_xcut.h5
	    New File  		    1303	G:\moist convection\Ek1e-1\AR16\Beta1p02\qbot0p5_qtop0p004978\N385x385x65\run\flowmov\frame_00007_xcut.xmf
	    New File  		  397312	G:\moist convection\Ek1e-1\AR16\Beta1p02\qbot0p5_qtop0p004978\N385x385x65\run\flowmov\frame_00008_xcut.h5
	    New File  		    1303	G:\moist convection\Ek1e-1\AR16\Beta1p02\qbot0p5_qtop0p004978\N385x385x65\run\flowmov\frame_00008_xcut.xmf
	    New File  		   5.6 m	G:\moist convection\Ek1e-1\AR16\Beta1p02\qbot0p5_qtop0p004978\N385x385x65\run\flowmov\frame_00008_zcut.h5
	    New File  		    1497	G:\moist convection\Ek1e-1\AR16\Beta1p02\qbot0p5_qtop0p004978\N385x385x65\run\flowmov\frame_00008_zcut.xmf
	    New File  		  397312	G:\moist convection\Ek1e-1\AR16\Beta1p02\qbot0p5_qtop0p004978\N385x385x65\run\flowmov\frame_00009_xcut.h5
	    New File  		    1303	G:\moist convection\Ek1e-1\AR16\Beta1p02\qbot0p5_qtop0p004978\N385x385x65\run\flowmov\frame_00009_xcut.xmf
	    New File  		  397312	G:\moist convection\Ek1e-1\AR16\Beta1p02\qbot0p5_qtop0p004978\N385x385x65\run\flowmov\frame_00010_xcut.h5
	    New File  		    1303	G:\moist convection\Ek1e-1\AR16\Beta1p02\qbot0p5_qtop0p004978\N385x385x65\run\flowmov\frame_00010_xcut.xmf
	    New File  		   5.6 m	G:\moist convection\Ek1e-1\AR16\Beta1p02\qbot0p5_qtop0p004978\N385x385x65\run\flowmov\frame_00010_zcut.h5
	    New File  		    1497	G:\moist convection\Ek1e-1\AR16\Beta1p02\qbot0p5_qtop0p004978\N385x385x65\run\flowmov\frame_00010_zcut.xmf
	    New File  		  397312	G:\moist convection\Ek1e-1\AR16\Beta1p02\qbot0p5_qtop0p004978\N385x385x65\run\flowmov\frame_00011_xcut.h5
	    New File  		    1303	G:\moist convection\Ek1e-1\AR16\Beta1p02\qbot0p5_qtop0p004978\N385x385x65\run\flowmov\frame_00011_xcut.xmf
	    New File  		  397312	G:\moist convection\Ek1e-1\AR16\Beta1p02\qbot0p5_qtop0p004978\N385x385x65\run\flowmov\frame_00012_xcut.h5
	    New File  		    1303	G:\moist convection\Ek1e-1\AR16\Beta1p02\qbot0p5_qtop0p004978\N385x385x65\run\flowmov\frame_00012_xcut.xmf
	    New File  		   5.6 m	G:\moist convection\Ek1e-1\AR16\Beta1p02\qbot0p5_qtop0p004978\N385x385x65\run\flowmov\frame_00012_zcut.h5
	    New File  		    1497	G:\moist convection\Ek1e-1\AR16\Beta1p02\qbot0p5_qtop0p004978\N385x385x65\run\flowmov\frame_00012_zcut.xmf
	    New File  		  397312	G:\moist convection\Ek1e-1\AR16\Beta1p02\qbot0p5_qtop0p004978\N385x385x65\run\flowmov\frame_00013_xcut.h5
	    New File  		    1303	G:\moist convection\Ek1e-1\AR16\Beta1p02\qbot0p5_qtop0p004978\N385x385x65\run\flowmov\frame_00013_xcut.xmf
	    New File  		  397312	G:\moist convection\Ek1e-1\AR16\Beta1p02\qbot0p5_qtop0p004978\N385x385x65\run\flowmov\frame_00014_xcut.h5
	    New File  		    1303	G:\moist convection\Ek1e-1\AR16\Beta1p02\qbot0p5_qtop0p004978\N385x385x65\run\flowmov\frame_00014_xcut.xmf
	    New File  		   5.6 m	G:\moist convection\Ek1e-1\AR16\Beta1p02\qbot0p5_qtop0p004978\N385x385x65\run\flowmov\frame_00014_zcut.h5
	    New File  		    1497	G:\moist convection\Ek1e-1\AR16\Beta1p02\qbot0p5_qtop0p004978\N385x385x65\run\flowmov\frame_00014_zcut.xmf
	    New File  		  397312	G:\moist convection\Ek1e-1\AR16\Beta1p02\qbot0p5_qtop0p004978\N385x385x65\run\flowmov\frame_00015_xcut.h5
	    New File  		    1303	G:\moist convection\Ek1e-1\AR16\Beta1p02\qbot0p5_qtop0p004978\N385x385x65\run\flowmov\frame_00015_xcut.xmf
	    New File  		   5.6 m	G:\moist convection\Ek1e-1\AR16\Beta1p02\qbot0p5_qtop0p004978\N385x385x65\run\flowmov\frame_00015_zcut.h5
	    New File  		    1497	G:\moist convection\Ek1e-1\AR16\Beta1p02\qbot0p5_qtop0p004978\N385x385x65\run\flowmov\frame_00015_zcut.xmf
	    New File  		  397312	G:\moist convection\Ek1e-1\AR16\Beta1p02\qbot0p5_qtop0p004978\N385x385x65\run\flowmov\frame_00016_xcut.h5
	    New File  		    1303	G:\moist convection\Ek1e-1\AR16\Beta1p02\qbot0p5_qtop0p004978\N385x385x65\run\flowmov\frame_00016_xcut.xmf
	    New File  		  397312	G:\moist convection\Ek1e-1\AR16\Beta1p02\qbot0p5_qtop0p004978\N385x385x65\run\flowmov\frame_00017_xcut.h5
	    New File  		    1303	G:\moist convection\Ek1e-1\AR16\Beta1p02\qbot0p5_qtop0p004978\N385x385x65\run\flowmov\frame_00017_xcut.xmf
	    New File  		   5.6 m	G:\moist convection\Ek1e-1\AR16\Beta1p02\qbot0p5_qtop0p004978\N385x385x65\run\flowmov\frame_00017_zcut.h5
	    New File  		    1497	G:\moist convection\Ek1e-1\AR16\Beta1p02\qbot0p5_qtop0p004978\N385x385x65\run\flowmov\frame_00017_zcut.xmf
	    New File  		  397312	G:\moist convection\Ek1e-1\AR16\Beta1p02\qbot0p5_qtop0p004978\N385x385x65\run\flowmov\frame_00018_xcut.h5
	    New File  		    1303	G:\moist convection\Ek1e-1\AR16\Beta1p02\qbot0p5_qtop0p004978\N385x385x65\run\flowmov\frame_00018_xcut.xmf
	    New File  		  397312	G:\moist convection\Ek1e-1\AR16\Beta1p02\qbot0p5_qtop0p004978\N385x385x65\run\flowmov\frame_00019_xcut.h5
	    New File  		    1303	G:\moist convection\Ek1e-1\AR16\Beta1p02\qbot0p5_qtop0p004978\N385x385x65\run\flowmov\frame_00019_xcut.xmf
	    New File  		   5.6 m	G:\moist convection\Ek1e-1\AR16\Beta1p02\qbot0p5_qtop0p004978\N385x385x65\run\flowmov\frame_00019_zcut.h5
	    New File  		    1497	G:\moist convection\Ek1e-1\AR16\Beta1p02\qbot0p5_qtop0p004978\N385x385x65\run\flowmov\frame_00019_zcut.xmf
	    New File  		  397312	G:\moist convection\Ek1e-1\AR16\Beta1p02\qbot0p5_qtop0p004978\N385x385x65\run\flowmov\frame_00020_xcut.h5
	    New File  		    1303	G:\moist convection\Ek1e-1\AR16\Beta1p02\qbot0p5_qtop0p004978\N385x385x65\run\flowmov\frame_00020_xcut.xmf
	    New File  		  397312	G:\moist convection\Ek1e-1\AR16\Beta1p02\qbot0p5_qtop0p004978\N385x385x65\run\flowmov\frame_00021_xcut.h5
	    New File  		    1303	G:\moist convection\Ek1e-1\AR16\Beta1p02\qbot0p5_qtop0p004978\N385x385x65\run\flowmov\frame_00021_xcut.xmf
	    New File  		   5.6 m	G:\moist convection\Ek1e-1\AR16\Beta1p02\qbot0p5_qtop0p004978\N385x385x65\run\flowmov\frame_00021_zcut.h5
	    New File  		    1497	G:\moist convection\Ek1e-1\AR16\Beta1p02\qbot0p5_qtop0p004978\N385x385x65\run\flowmov\frame_00021_zcut.xmf
	    New File  		  397312	G:\moist convection\Ek1e-1\AR16\Beta1p02\qbot0p5_qtop0p004978\N385x385x65\run\flowmov\frame_00022_xcut.h5
	    New File  		    1303	G:\moist convection\Ek1e-1\AR16\Beta1p02\qbot0p5_qtop0p004978\N385x385x65\run\flowmov\frame_00022_xcut.xmf
	    New File  		   5.6 m	G:\moist convection\Ek1e-1\AR16\Beta1p02\qbot0p5_qtop0p004978\N385x385x65\run\flowmov\frame_00022_zcut.h5
	    New File  		    1497	G:\moist convection\Ek1e-1\AR16\Beta1p02\qbot0p5_qtop0p004978\N385x385x65\run\flowmov\frame_00022_zcut.xmf
	    New File  		  397312	G:\moist convection\Ek1e-1\AR16\Beta1p02\qbot0p5_qtop0p004978\N385x385x65\run\flowmov\frame_00023_xcut.h5
	    New File  		    1303	G:\moist convection\Ek1e-1\AR16\Beta1p02\qbot0p5_qtop0p004978\N385x385x65\run\flowmov\frame_00023_xcut.xmf
	    New File  		  397312	G:\moist convection\Ek1e-1\AR16\Beta1p02\qbot0p5_qtop0p004978\N385x385x65\run\flowmov\frame_00024_xcut.h5
	    New File  		    1303	G:\moist convection\Ek1e-1\AR16\Beta1p02\qbot0p5_qtop0p004978\N385x385x65\run\flowmov\frame_00024_xcut.xmf
	    New File  		   5.6 m	G:\moist convection\Ek1e-1\AR16\Beta1p02\qbot0p5_qtop0p004978\N385x385x65\run\flowmov\frame_00024_zcut.h5
	    New File  		    1497	G:\moist convection\Ek1e-1\AR16\Beta1p02\qbot0p5_qtop0p004978\N385x385x65\run\flowmov\frame_00024_zcut.xmf
	    New File  		  397312	G:\moist convection\Ek1e-1\AR16\Beta1p02\qbot0p5_qtop0p004978\N385x385x65\run\flowmov\frame_00025_xcut.h5
	    New File  		    1303	G:\moist convection\Ek1e-1\AR16\Beta1p02\qbot0p5_qtop0p004978\N385x385x65\run\flowmov\frame_00025_xcut.xmf
	    New File  		  397312	G:\moist convection\Ek1e-1\AR16\Beta1p02\qbot0p5_qtop0p004978\N385x385x65\run\flowmov\frame_00026_xcut.h5
	    New File  		    1303	G:\moist convection\Ek1e-1\AR16\Beta1p02\qbot0p5_qtop0p004978\N385x385x65\run\flowmov\frame_00026_xcut.xmf
	    New File  		   5.6 m	G:\moist convection\Ek1e-1\AR16\Beta1p02\qbot0p5_qtop0p004978\N385x385x65\run\flowmov\frame_00026_zcut.h5
	    New File  		    1497	G:\moist convection\Ek1e-1\AR16\Beta1p02\qbot0p5_qtop0p004978\N385x385x65\run\flowmov\frame_00026_zcut.xmf
	    New File  		  397312	G:\moist convection\Ek1e-1\AR16\Beta1p02\qbot0p5_qtop0p004978\N385x385x65\run\flowmov\frame_00027_xcut.h5
	    New File  		    1303	G:\moist convection\Ek1e-1\AR16\Beta1p02\qbot0p5_qtop0p004978\N385x385x65\run\flowmov\frame_00027_xcut.xmf
	    New File  		  397312	G:\moist convection\Ek1e-1\AR16\Beta1p02\qbot0p5_qtop0p004978\N385x385x65\run\flowmov\frame_00028_xcut.h5
	    New File  		    1303	G:\moist convection\Ek1e-1\AR16\Beta1p02\qbot0p5_qtop0p004978\N385x385x65\run\flowmov\frame_00028_xcut.xmf
	    New File  		   5.6 m	G:\moist convection\Ek1e-1\AR16\Beta1p02\qbot0p5_qtop0p004978\N385x385x65\run\flowmov\frame_00028_zcut.h5
	    New File  		    1497	G:\moist convection\Ek1e-1\AR16\Beta1p02\qbot0p5_qtop0p004978\N385x385x65\run\flowmov\frame_00028_zcut.xmf
	    New File  		  397312	G:\moist convection\Ek1e-1\AR16\Beta1p02\qbot0p5_qtop0p004978\N385x385x65\run\flowmov\frame_00029_xcut.h5
	    New File  		    1303	G:\moist convection\Ek1e-1\AR16\Beta1p02\qbot0p5_qtop0p004978\N385x385x65\run\flowmov\frame_00029_xcut.xmf
	    New File  		   5.6 m	G:\moist convection\Ek1e-1\AR16\Beta1p02\qbot0p5_qtop0p004978\N385x385x65\run\flowmov\frame_00029_zcut.h5
	    New File  		    1497	G:\moist convection\Ek1e-1\AR16\Beta1p02\qbot0p5_qtop0p004978\N385x385x65\run\flowmov\frame_00029_zcut.xmf
	    New File  		  397312	G:\moist convection\Ek1e-1\AR16\Beta1p02\qbot0p5_qtop0p004978\N385x385x65\run\flowmov\frame_00030_xcut.h5
	    New File  		    1303	G:\moist convection\Ek1e-1\AR16\Beta1p02\qbot0p5_qtop0p004978\N385x385x65\run\flowmov\frame_00030_xcut.xmf
	    New File  		  397312	G:\moist convection\Ek1e-1\AR16\Beta1p02\qbot0p5_qtop0p004978\N385x385x65\run\flowmov\frame_00031_xcut.h5
	    New File  		    1303	G:\moist convection\Ek1e-1\AR16\Beta1p02\qbot0p5_qtop0p004978\N385x385x65\run\flowmov\frame_00031_xcut.xmf
	    New File  		   5.6 m	G:\moist convection\Ek1e-1\AR16\Beta1p02\qbot0p5_qtop0p004978\N385x385x65\run\flowmov\frame_00031_zcut.h5
	    New File  		    1497	G:\moist convection\Ek1e-1\AR16\Beta1p02\qbot0p5_qtop0p004978\N385x385x65\run\flowmov\frame_00031_zcut.xmf
	    New File  		  397312	G:\moist convection\Ek1e-1\AR16\Beta1p02\qbot0p5_qtop0p004978\N385x385x65\run\flowmov\frame_00032_xcut.h5
	    New File  		    1303	G:\moist convection\Ek1e-1\AR16\Beta1p02\qbot0p5_qtop0p004978\N385x385x65\run\flowmov\frame_00032_xcut.xmf
	    New File  		  397312	G:\moist convection\Ek1e-1\AR16\Beta1p02\qbot0p5_qtop0p004978\N385x385x65\run\flowmov\frame_00033_xcut.h5
	    New File  		    1303	G:\moist convection\Ek1e-1\AR16\Beta1p02\qbot0p5_qtop0p004978\N385x385x65\run\flowmov\frame_00033_xcut.xmf
	    New File  		   5.6 m	G:\moist convection\Ek1e-1\AR16\Beta1p02\qbot0p5_qtop0p004978\N385x385x65\run\flowmov\frame_00033_zcut.h5
	    New File  		    1497	G:\moist convection\Ek1e-1\AR16\Beta1p02\qbot0p5_qtop0p004978\N385x385x65\run\flowmov\frame_00033_zcut.xmf
	    New File  		  397312	G:\moist convection\Ek1e-1\AR16\Beta1p02\qbot0p5_qtop0p004978\N385x385x65\run\flowmov\frame_00034_xcut.h5
	    New File  		    1303	G:\moist convection\Ek1e-1\AR16\Beta1p02\qbot0p5_qtop0p004978\N385x385x65\run\flowmov\frame_00034_xcut.xmf
	    New File  		  397312	G:\moist convection\Ek1e-1\AR16\Beta1p02\qbot0p5_qtop0p004978\N385x385x65\run\flowmov\frame_00035_xcut.h5
	    New File  		    1303	G:\moist convection\Ek1e-1\AR16\Beta1p02\qbot0p5_qtop0p004978\N385x385x65\run\flowmov\frame_00035_xcut.xmf
	    New File  		   5.6 m	G:\moist convection\Ek1e-1\AR16\Beta1p02\qbot0p5_qtop0p004978\N385x385x65\run\flowmov\frame_00035_zcut.h5
	    New File  		    1497	G:\moist convection\Ek1e-1\AR16\Beta1p02\qbot0p5_qtop0p004978\N385x385x65\run\flowmov\frame_00035_zcut.xmf
	    New File  		  397312	G:\moist convection\Ek1e-1\AR16\Beta1p02\qbot0p5_qtop0p004978\N385x385x65\run\flowmov\frame_00036_xcut.h5
	    New File  		    1303	G:\moist convection\Ek1e-1\AR16\Beta1p02\qbot0p5_qtop0p004978\N385x385x65\run\flowmov\frame_00036_xcut.xmf
	    New File  		   5.6 m	G:\moist convection\Ek1e-1\AR16\Beta1p02\qbot0p5_qtop0p004978\N385x385x65\run\flowmov\frame_00036_zcut.h5
	    New File  		    1497	G:\moist convection\Ek1e-1\AR16\Beta1p02\qbot0p5_qtop0p004978\N385x385x65\run\flowmov\frame_00036_zcut.xmf
	    New File  		  397312	G:\moist convection\Ek1e-1\AR16\Beta1p02\qbot0p5_qtop0p004978\N385x385x65\run\flowmov\frame_00037_xcut.h5
	    New File  		    1303	G:\moist convection\Ek1e-1\AR16\Beta1p02\qbot0p5_qtop0p004978\N385x385x65\run\flowmov\frame_00037_xcut.xmf
	    New File  		  397312	G:\moist convection\Ek1e-1\AR16\Beta1p02\qbot0p5_qtop0p004978\N385x385x65\run\flowmov\frame_00038_xcut.h5
	    New File  		    1303	G:\moist convection\Ek1e-1\AR16\Beta1p02\qbot0p5_qtop0p004978\N385x385x65\run\flowmov\frame_00038_xcut.xmf
	    New File  		   5.6 m	G:\moist convection\Ek1e-1\AR16\Beta1p02\qbot0p5_qtop0p004978\N385x385x65\run\flowmov\frame_00038_zcut.h5
	    New File  		    1497	G:\moist convection\Ek1e-1\AR16\Beta1p02\qbot0p5_qtop0p004978\N385x385x65\run\flowmov\frame_00038_zcut.xmf
	    New File  		  397312	G:\moist convection\Ek1e-1\AR16\Beta1p02\qbot0p5_qtop0p004978\N385x385x65\run\flowmov\frame_00039_xcut.h5
	    New File  		    1303	G:\moist convection\Ek1e-1\AR16\Beta1p02\qbot0p5_qtop0p004978\N385x385x65\run\flowmov\frame_00039_xcut.xmf
	    New File  		  397312	G:\moist convection\Ek1e-1\AR16\Beta1p02\qbot0p5_qtop0p004978\N385x385x65\run\flowmov\frame_00040_xcut.h5
	    New File  		    1303	G:\moist convection\Ek1e-1\AR16\Beta1p02\qbot0p5_qtop0p004978\N385x385x65\run\flowmov\frame_00040_xcut.xmf
	    New File  		   5.6 m	G:\moist convection\Ek1e-1\AR16\Beta1p02\qbot0p5_qtop0p004978\N385x385x65\run\flowmov\frame_00040_zcut.h5
	    New File  		    1497	G:\moist convection\Ek1e-1\AR16\Beta1p02\qbot0p5_qtop0p004978\N385x385x65\run\flowmov\frame_00040_zcut.xmf
	    New File  		  397312	G:\moist convection\Ek1e-1\AR16\Beta1p02\qbot0p5_qtop0p004978\N385x385x65\run\flowmov\frame_00041_xcut.h5
	    New File  		    1303	G:\moist convection\Ek1e-1\AR16\Beta1p02\qbot0p5_qtop0p004978\N385x385x65\run\flowmov\frame_00041_xcut.xmf
	    New File  		  397312	G:\moist convection\Ek1e-1\AR16\Beta1p02\qbot0p5_qtop0p004978\N385x385x65\run\flowmov\frame_00042_xcut.h5
	    New File  		    1303	G:\moist convection\Ek1e-1\AR16\Beta1p02\qbot0p5_qtop0p004978\N385x385x65\run\flowmov\frame_00042_xcut.xmf
	    New File  		   5.6 m	G:\moist convection\Ek1e-1\AR16\Beta1p02\qbot0p5_qtop0p004978\N385x385x65\run\flowmov\frame_00042_zcut.h5
	    New File  		    1497	G:\moist convection\Ek1e-1\AR16\Beta1p02\qbot0p5_qtop0p004978\N385x385x65\run\flowmov\frame_00042_zcut.xmf
	    New File  		  397312	G:\moist convection\Ek1e-1\AR16\Beta1p02\qbot0p5_qtop0p004978\N385x385x65\run\flowmov\frame_00043_xcut.h5
	    New File  		    1303	G:\moist convection\Ek1e-1\AR16\Beta1p02\qbot0p5_qtop0p004978\N385x385x65\run\flowmov\frame_00043_xcut.xmf
	    New File  		   5.6 m	G:\moist convection\Ek1e-1\AR16\Beta1p02\qbot0p5_qtop0p004978\N385x385x65\run\flowmov\frame_00043_zcut.h5
	    New File  		    1497	G:\moist convection\Ek1e-1\AR16\Beta1p02\qbot0p5_qtop0p004978\N385x385x65\run\flowmov\frame_00043_zcut.xmf
	    New File  		  397312	G:\moist convection\Ek1e-1\AR16\Beta1p02\qbot0p5_qtop0p004978\N385x385x65\run\flowmov\frame_00044_xcut.h5
	    New File  		    1303	G:\moist convection\Ek1e-1\AR16\Beta1p02\qbot0p5_qtop0p004978\N385x385x65\run\flowmov\frame_00044_xcut.xmf
	    New File  		  397312	G:\moist convection\Ek1e-1\AR16\Beta1p02\qbot0p5_qtop0p004978\N385x385x65\run\flowmov\frame_00045_xcut.h5
	    New File  		    1303	G:\moist convection\Ek1e-1\AR16\Beta1p02\qbot0p5_qtop0p004978\N385x385x65\run\flowmov\frame_00045_xcut.xmf
	    New File  		   5.6 m	G:\moist convection\Ek1e-1\AR16\Beta1p02\qbot0p5_qtop0p004978\N385x385x65\run\flowmov\frame_00045_zcut.h5
	    New File  		    1497	G:\moist convection\Ek1e-1\AR16\Beta1p02\qbot0p5_qtop0p004978\N385x385x65\run\flowmov\frame_00045_zcut.xmf
	    New File  		  397312	G:\moist convection\Ek1e-1\AR16\Beta1p02\qbot0p5_qtop0p004978\N385x385x65\run\flowmov\frame_00046_xcut.h5
	    New File  		    1303	G:\moist convection\Ek1e-1\AR16\Beta1p02\qbot0p5_qtop0p004978\N385x385x65\run\flowmov\frame_00046_xcut.xmf
	    New File  		  397312	G:\moist convection\Ek1e-1\AR16\Beta1p02\qbot0p5_qtop0p004978\N385x385x65\run\flowmov\frame_00047_xcut.h5
	    New File  		    1303	G:\moist convection\Ek1e-1\AR16\Beta1p02\qbot0p5_qtop0p004978\N385x385x65\run\flowmov\frame_00047_xcut.xmf
	    New File  		   5.6 m	G:\moist convection\Ek1e-1\AR16\Beta1p02\qbot0p5_qtop0p004978\N385x385x65\run\flowmov\frame_00047_zcut.h5
	    New File  		    1497	G:\moist convection\Ek1e-1\AR16\Beta1p02\qbot0p5_qtop0p004978\N385x385x65\run\flowmov\frame_00047_zcut.xmf
	    New File  		  397312	G:\moist convection\Ek1e-1\AR16\Beta1p02\qbot0p5_qtop0p004978\N385x385x65\run\flowmov\frame_00048_xcut.h5
	    New File  		    1303	G:\moist convection\Ek1e-1\AR16\Beta1p02\qbot0p5_qtop0p004978\N385x385x65\run\flowmov\frame_00048_xcut.xmf
	    New File  		  397312	G:\moist convection\Ek1e-1\AR16\Beta1p02\qbot0p5_qtop0p004978\N385x385x65\run\flowmov\frame_00049_xcut.h5
	    New File  		    1303	G:\moist convection\Ek1e-1\AR16\Beta1p02\qbot0p5_qtop0p004978\N385x385x65\run\flowmov\frame_00049_xcut.xmf
	    New File  		   5.6 m	G:\moist convection\Ek1e-1\AR16\Beta1p02\qbot0p5_qtop0p004978\N385x385x65\run\flowmov\frame_00049_zcut.h5
	    New File  		    1497	G:\moist convection\Ek1e-1\AR16\Beta1p02\qbot0p5_qtop0p004978\N385x385x65\run\flowmov\frame_00049_zcut.xmf
	    New File  		  397312	G:\moist convection\Ek1e-1\AR16\Beta1p02\qbot0p5_qtop0p004978\N385x385x65\run\flowmov\frame_00050_xcut.h5
	    New File  		    1303	G:\moist convection\Ek1e-1\AR16\Beta1p02\qbot0p5_qtop0p004978\N385x385x65\run\flowmov\frame_00050_xcut.xmf
	    New File  		   5.6 m	G:\moist convection\Ek1e-1\AR16\Beta1p02\qbot0p5_qtop0p004978\N385x385x65\run\flowmov\frame_00050_zcut.h5
	    New File  		    1497	G:\moist convection\Ek1e-1\AR16\Beta1p02\qbot0p5_qtop0p004978\N385x385x65\run\flowmov\frame_00050_zcut.xmf
	    New File  		  397312	G:\moist convection\Ek1e-1\AR16\Beta1p02\qbot0p5_qtop0p004978\N385x385x65\run\flowmov\frame_00051_xcut.h5
	    New File  		    1303	G:\moist convection\Ek1e-1\AR16\Beta1p02\qbot0p5_qtop0p004978\N385x385x65\run\flowmov\frame_00051_xcut.xmf
	    New File  		  397312	G:\moist convection\Ek1e-1\AR16\Beta1p02\qbot0p5_qtop0p004978\N385x385x65\run\flowmov\frame_00052_xcut.h5
	    New File  		    1303	G:\moist convection\Ek1e-1\AR16\Beta1p02\qbot0p5_qtop0p004978\N385x385x65\run\flowmov\frame_00052_xcut.xmf
	    New File  		   5.6 m	G:\moist convection\Ek1e-1\AR16\Beta1p02\qbot0p5_qtop0p004978\N385x385x65\run\flowmov\frame_00052_zcut.h5
	    New File  		    1497	G:\moist convection\Ek1e-1\AR16\Beta1p02\qbot0p5_qtop0p004978\N385x385x65\run\flowmov\frame_00052_zcut.xmf
	    New File  		  397312	G:\moist convection\Ek1e-1\AR16\Beta1p02\qbot0p5_qtop0p004978\N385x385x65\run\flowmov\frame_00053_xcut.h5
	    New File  		    1303	G:\moist convection\Ek1e-1\AR16\Beta1p02\qbot0p5_qtop0p004978\N385x385x65\run\flowmov\frame_00053_xcut.xmf
	    New File  		  397312	G:\moist convection\Ek1e-1\AR16\Beta1p02\qbot0p5_qtop0p004978\N385x385x65\run\flowmov\frame_00054_xcut.h5
	    New File  		    1303	G:\moist convection\Ek1e-1\AR16\Beta1p02\qbot0p5_qtop0p004978\N385x385x65\run\flowmov\frame_00054_xcut.xmf
	    New File  		   5.6 m	G:\moist convection\Ek1e-1\AR16\Beta1p02\qbot0p5_qtop0p004978\N385x385x65\run\flowmov\frame_00054_zcut.h5
	    New File  		    1497	G:\moist convection\Ek1e-1\AR16\Beta1p02\qbot0p5_qtop0p004978\N385x385x65\run\flowmov\frame_00054_zcut.xmf
	    New File  		  397312	G:\moist convection\Ek1e-1\AR16\Beta1p02\qbot0p5_qtop0p004978\N385x385x65\run\flowmov\frame_00055_xcut.h5
	    New File  		    1303	G:\moist convection\Ek1e-1\AR16\Beta1p02\qbot0p5_qtop0p004978\N385x385x65\run\flowmov\frame_00055_xcut.xmf
	    New File  		   5.6 m	G:\moist convection\Ek1e-1\AR16\Beta1p02\qbot0p5_qtop0p004978\N385x385x65\run\flowmov\frame_00055_zcut.h5
	    New File  		    1497	G:\moist convection\Ek1e-1\AR16\Beta1p02\qbot0p5_qtop0p004978\N385x385x65\run\flowmov\frame_00055_zcut.xmf
	    New File  		  397312	G:\moist convection\Ek1e-1\AR16\Beta1p02\qbot0p5_qtop0p004978\N385x385x65\run\flowmov\frame_00056_xcut.h5
	    New File  		    1303	G:\moist convection\Ek1e-1\AR16\Beta1p02\qbot0p5_qtop0p004978\N385x385x65\run\flowmov\frame_00056_xcut.xmf
	    New File  		  397312	G:\moist convection\Ek1e-1\AR16\Beta1p02\qbot0p5_qtop0p004978\N385x385x65\run\flowmov\frame_00057_xcut.h5
	    New File  		    1303	G:\moist convection\Ek1e-1\AR16\Beta1p02\qbot0p5_qtop0p004978\N385x385x65\run\flowmov\frame_00057_xcut.xmf
	    New File  		   5.6 m	G:\moist convection\Ek1e-1\AR16\Beta1p02\qbot0p5_qtop0p004978\N385x385x65\run\flowmov\frame_00057_zcut.h5
	    New File  		    1497	G:\moist convection\Ek1e-1\AR16\Beta1p02\qbot0p5_qtop0p004978\N385x385x65\run\flowmov\frame_00057_zcut.xmf
	    New File  		  397312	G:\moist convection\Ek1e-1\AR16\Beta1p02\qbot0p5_qtop0p004978\N385x385x65\run\flowmov\frame_00058_xcut.h5
	    New File  		    1303	G:\moist convection\Ek1e-1\AR16\Beta1p02\qbot0p5_qtop0p004978\N385x385x65\run\flowmov\frame_00058_xcut.xmf
	    New File  		  397312	G:\moist convection\Ek1e-1\AR16\Beta1p02\qbot0p5_qtop0p004978\N385x385x65\run\flowmov\frame_00059_xcut.h5
	    New File  		    1303	G:\moist convection\Ek1e-1\AR16\Beta1p02\qbot0p5_qtop0p004978\N385x385x65\run\flowmov\frame_00059_xcut.xmf
	    New File  		   5.6 m	G:\moist convection\Ek1e-1\AR16\Beta1p02\qbot0p5_qtop0p004978\N385x385x65\run\flowmov\frame_00059_zcut.h5
	    New File  		    1497	G:\moist convection\Ek1e-1\AR16\Beta1p02\qbot0p5_qtop0p004978\N385x385x65\run\flowmov\frame_00059_zcut.xmf
	    New File  		  397312	G:\moist convection\Ek1e-1\AR16\Beta1p02\qbot0p5_qtop0p004978\N385x385x65\run\flowmov\frame_00060_xcut.h5
	    New File  		    1303	G:\moist convection\Ek1e-1\AR16\Beta1p02\qbot0p5_qtop0p004978\N385x385x65\run\flowmov\frame_00060_xcut.xmf
	    New File  		  397312	G:\moist convection\Ek1e-1\AR16\Beta1p02\qbot0p5_qtop0p004978\N385x385x65\run\flowmov\frame_00061_xcut.h5
	    New File  		    1303	G:\moist convection\Ek1e-1\AR16\Beta1p02\qbot0p5_qtop0p004978\N385x385x65\run\flowmov\frame_00061_xcut.xmf
	    New File  		   5.6 m	G:\moist convection\Ek1e-1\AR16\Beta1p02\qbot0p5_qtop0p004978\N385x385x65\run\flowmov\frame_00061_zcut.h5
	    New File  		    1497	G:\moist convection\Ek1e-1\AR16\Beta1p02\qbot0p5_qtop0p004978\N385x385x65\run\flowmov\frame_00061_zcut.xmf
	    New File  		  397312	G:\moist convection\Ek1e-1\AR16\Beta1p02\qbot0p5_qtop0p004978\N385x385x65\run\flowmov\frame_00062_xcut.h5
	    New File  		    1303	G:\moist convection\Ek1e-1\AR16\Beta1p02\qbot0p5_qtop0p004978\N385x385x65\run\flowmov\frame_00062_xcut.xmf
	    New File  		   5.6 m	G:\moist convection\Ek1e-1\AR16\Beta1p02\qbot0p5_qtop0p004978\N385x385x65\run\flowmov\frame_00062_zcut.h5
	    New File  		    1497	G:\moist convection\Ek1e-1\AR16\Beta1p02\qbot0p5_qtop0p004978\N385x385x65\run\flowmov\frame_00062_zcut.xmf
	    New File  		  397312	G:\moist convection\Ek1e-1\AR16\Beta1p02\qbot0p5_qtop0p004978\N385x385x65\run\flowmov\frame_00063_xcut.h5
	    New File  		    1303	G:\moist convection\Ek1e-1\AR16\Beta1p02\qbot0p5_qtop0p004978\N385x385x65\run\flowmov\frame_00063_xcut.xmf
	    New File  		  397312	G:\moist convection\Ek1e-1\AR16\Beta1p02\qbot0p5_qtop0p004978\N385x385x65\run\flowmov\frame_00064_xcut.h5
	    New File  		    1303	G:\moist convection\Ek1e-1\AR16\Beta1p02\qbot0p5_qtop0p004978\N385x385x65\run\flowmov\frame_00064_xcut.xmf
	    New File  		   5.6 m	G:\moist convection\Ek1e-1\AR16\Beta1p02\qbot0p5_qtop0p004978\N385x385x65\run\flowmov\frame_00064_zcut.h5
	    New File  		    1497	G:\moist convection\Ek1e-1\AR16\Beta1p02\qbot0p5_qtop0p004978\N385x385x65\run\flowmov\frame_00064_zcut.xmf
	    New File  		  397312	G:\moist convection\Ek1e-1\AR16\Beta1p02\qbot0p5_qtop0p004978\N385x385x65\run\flowmov\frame_00065_xcut.h5
	    New File  		    1303	G:\moist convection\Ek1e-1\AR16\Beta1p02\qbot0p5_qtop0p004978\N385x385x65\run\flowmov\frame_00065_xcut.xmf
	    New File  		  397312	G:\moist convection\Ek1e-1\AR16\Beta1p02\qbot0p5_qtop0p004978\N385x385x65\run\flowmov\frame_00066_xcut.h5
	    New File  		    1303	G:\moist convection\Ek1e-1\AR16\Beta1p02\qbot0p5_qtop0p004978\N385x385x65\run\flowmov\frame_00066_xcut.xmf
	    New File  		   5.6 m	G:\moist convection\Ek1e-1\AR16\Beta1p02\qbot0p5_qtop0p004978\N385x385x65\run\flowmov\frame_00066_zcut.h5
	    New File  		    1497	G:\moist convection\Ek1e-1\AR16\Beta1p02\qbot0p5_qtop0p004978\N385x385x65\run\flowmov\frame_00066_zcut.xmf
	    New File  		  397312	G:\moist convection\Ek1e-1\AR16\Beta1p02\qbot0p5_qtop0p004978\N385x385x65\run\flowmov\frame_00067_xcut.h5
	    New File  		    1303	G:\moist convection\Ek1e-1\AR16\Beta1p02\qbot0p5_qtop0p004978\N385x385x65\run\flowmov\frame_00067_xcut.xmf
	    New File  		  397312	G:\moist convection\Ek1e-1\AR16\Beta1p02\qbot0p5_qtop0p004978\N385x385x65\run\flowmov\frame_00068_xcut.h5
	    New File  		    1303	G:\moist convection\Ek1e-1\AR16\Beta1p02\qbot0p5_qtop0p004978\N385x385x65\run\flowmov\frame_00068_xcut.xmf
	    New File  		   5.6 m	G:\moist convection\Ek1e-1\AR16\Beta1p02\qbot0p5_qtop0p004978\N385x385x65\run\flowmov\frame_00068_zcut.h5
	    New File  		    1497	G:\moist convection\Ek1e-1\AR16\Beta1p02\qbot0p5_qtop0p004978\N385x385x65\run\flowmov\frame_00068_zcut.xmf
	    New File  		  397312	G:\moist convection\Ek1e-1\AR16\Beta1p02\qbot0p5_qtop0p004978\N385x385x65\run\flowmov\frame_00069_xcut.h5
	    New File  		    1303	G:\moist convection\Ek1e-1\AR16\Beta1p02\qbot0p5_qtop0p004978\N385x385x65\run\flowmov\frame_00069_xcut.xmf
	    New File  		   5.6 m	G:\moist convection\Ek1e-1\AR16\Beta1p02\qbot0p5_qtop0p004978\N385x385x65\run\flowmov\frame_00069_zcut.h5
	    New File  		    1497	G:\moist convection\Ek1e-1\AR16\Beta1p02\qbot0p5_qtop0p004978\N385x385x65\run\flowmov\frame_00069_zcut.xmf
	    New File  		  397312	G:\moist convection\Ek1e-1\AR16\Beta1p02\qbot0p5_qtop0p004978\N385x385x65\run\flowmov\frame_00070_xcut.h5
	    New File  		    1303	G:\moist convection\Ek1e-1\AR16\Beta1p02\qbot0p5_qtop0p004978\N385x385x65\run\flowmov\frame_00070_xcut.xmf
	    New File  		  397312	G:\moist convection\Ek1e-1\AR16\Beta1p02\qbot0p5_qtop0p004978\N385x385x65\run\flowmov\frame_00071_xcut.h5
	    New File  		    1303	G:\moist convection\Ek1e-1\AR16\Beta1p02\qbot0p5_qtop0p004978\N385x385x65\run\flowmov\frame_00071_xcut.xmf
	    New File  		   5.6 m	G:\moist convection\Ek1e-1\AR16\Beta1p02\qbot0p5_qtop0p004978\N385x385x65\run\flowmov\frame_00071_zcut.h5
	    New File  		    1497	G:\moist convection\Ek1e-1\AR16\Beta1p02\qbot0p5_qtop0p004978\N385x385x65\run\flowmov\frame_00071_zcut.xmf
	    New File  		  397312	G:\moist convection\Ek1e-1\AR16\Beta1p02\qbot0p5_qtop0p004978\N385x385x65\run\flowmov\frame_00072_xcut.h5
	    New File  		    1303	G:\moist convection\Ek1e-1\AR16\Beta1p02\qbot0p5_qtop0p004978\N385x385x65\run\flowmov\frame_00072_xcut.xmf
	    New File  		  397312	G:\moist convection\Ek1e-1\AR16\Beta1p02\qbot0p5_qtop0p004978\N385x385x65\run\flowmov\frame_00073_xcut.h5
	    New File  		    1303	G:\moist convection\Ek1e-1\AR16\Beta1p02\qbot0p5_qtop0p004978\N385x385x65\run\flowmov\frame_00073_xcut.xmf
	    New File  		   5.6 m	G:\moist convection\Ek1e-1\AR16\Beta1p02\qbot0p5_qtop0p004978\N385x385x65\run\flowmov\frame_00073_zcut.h5
	    New File  		    1497	G:\moist convection\Ek1e-1\AR16\Beta1p02\qbot0p5_qtop0p004978\N385x385x65\run\flowmov\frame_00073_zcut.xmf
	    New File  		  397312	G:\moist convection\Ek1e-1\AR16\Beta1p02\qbot0p5_qtop0p004978\N385x385x65\run\flowmov\frame_00074_xcut.h5
	    New File  		    1303	G:\moist convection\Ek1e-1\AR16\Beta1p02\qbot0p5_qtop0p004978\N385x385x65\run\flowmov\frame_00074_xcut.xmf
	    New File  		  397312	G:\moist convection\Ek1e-1\AR16\Beta1p02\qbot0p5_qtop0p004978\N385x385x65\run\flowmov\frame_00075_xcut.h5
	    New File  		    1303	G:\moist convection\Ek1e-1\AR16\Beta1p02\qbot0p5_qtop0p004978\N385x385x65\run\flowmov\frame_00075_xcut.xmf
	    New File  		   5.6 m	G:\moist convection\Ek1e-1\AR16\Beta1p02\qbot0p5_qtop0p004978\N385x385x65\run\flowmov\frame_00075_zcut.h5
	    New File  		    1497	G:\moist convection\Ek1e-1\AR16\Beta1p02\qbot0p5_qtop0p004978\N385x385x65\run\flowmov\frame_00075_zcut.xmf
	    New File  		  397312	G:\moist convection\Ek1e-1\AR16\Beta1p02\qbot0p5_qtop0p004978\N385x385x65\run\flowmov\frame_00076_xcut.h5
	    New File  		    1303	G:\moist convection\Ek1e-1\AR16\Beta1p02\qbot0p5_qtop0p004978\N385x385x65\run\flowmov\frame_00076_xcut.xmf
	    New File  		   5.6 m	G:\moist convection\Ek1e-1\AR16\Beta1p02\qbot0p5_qtop0p004978\N385x385x65\run\flowmov\frame_00076_zcut.h5
	    New File  		    1497	G:\moist convection\Ek1e-1\AR16\Beta1p02\qbot0p5_qtop0p004978\N385x385x65\run\flowmov\frame_00076_zcut.xmf
	    New File  		  397312	G:\moist convection\Ek1e-1\AR16\Beta1p02\qbot0p5_qtop0p004978\N385x385x65\run\flowmov\frame_00077_xcut.h5
	    New File  		    1303	G:\moist convection\Ek1e-1\AR16\Beta1p02\qbot0p5_qtop0p004978\N385x385x65\run\flowmov\frame_00077_xcut.xmf
	    New File  		  397312	G:\moist convection\Ek1e-1\AR16\Beta1p02\qbot0p5_qtop0p004978\N385x385x65\run\flowmov\frame_00078_xcut.h5
	    New File  		    1303	G:\moist convection\Ek1e-1\AR16\Beta1p02\qbot0p5_qtop0p004978\N385x385x65\run\flowmov\frame_00078_xcut.xmf
	    New File  		   5.6 m	G:\moist convection\Ek1e-1\AR16\Beta1p02\qbot0p5_qtop0p004978\N385x385x65\run\flowmov\frame_00078_zcut.h5
	    New File  		    1497	G:\moist convection\Ek1e-1\AR16\Beta1p02\qbot0p5_qtop0p004978\N385x385x65\run\flowmov\frame_00078_zcut.xmf
	    New File  		  397312	G:\moist convection\Ek1e-1\AR16\Beta1p02\qbot0p5_qtop0p004978\N385x385x65\run\flowmov\frame_00079_xcut.h5
	    New File  		    1303	G:\moist convection\Ek1e-1\AR16\Beta1p02\qbot0p5_qtop0p004978\N385x385x65\run\flowmov\frame_00079_xcut.xmf
	    New File  		  397312	G:\moist convection\Ek1e-1\AR16\Beta1p02\qbot0p5_qtop0p004978\N385x385x65\run\flowmov\frame_00080_xcut.h5
	    New File  		    1303	G:\moist convection\Ek1e-1\AR16\Beta1p02\qbot0p5_qtop0p004978\N385x385x65\run\flowmov\frame_00080_xcut.xmf
	    New File  		   5.6 m	G:\moist convection\Ek1e-1\AR16\Beta1p02\qbot0p5_qtop0p004978\N385x385x65\run\flowmov\frame_00080_zcut.h5
	    New File  		    1497	G:\moist convection\Ek1e-1\AR16\Beta1p02\qbot0p5_qtop0p004978\N385x385x65\run\flowmov\frame_00080_zcut.xmf
	    New File  		  397312	G:\moist convection\Ek1e-1\AR16\Beta1p02\qbot0p5_qtop0p004978\N385x385x65\run\flowmov\frame_00081_xcut.h5
	    New File  		    1303	G:\moist convection\Ek1e-1\AR16\Beta1p02\qbot0p5_qtop0p004978\N385x385x65\run\flowmov\frame_00081_xcut.xmf
	    New File  		  397312	G:\moist convection\Ek1e-1\AR16\Beta1p02\qbot0p5_qtop0p004978\N385x385x65\run\flowmov\frame_00082_xcut.h5
	    New File  		    1303	G:\moist convection\Ek1e-1\AR16\Beta1p02\qbot0p5_qtop0p004978\N385x385x65\run\flowmov\frame_00082_xcut.xmf
	    New File  		   5.6 m	G:\moist convection\Ek1e-1\AR16\Beta1p02\qbot0p5_qtop0p004978\N385x385x65\run\flowmov\frame_00082_zcut.h5
	    New File  		    1497	G:\moist convection\Ek1e-1\AR16\Beta1p02\qbot0p5_qtop0p004978\N385x385x65\run\flowmov\frame_00082_zcut.xmf
	    New File  		  397312	G:\moist convection\Ek1e-1\AR16\Beta1p02\qbot0p5_qtop0p004978\N385x385x65\run\flowmov\frame_00083_xcut.h5
	    New File  		    1303	G:\moist convection\Ek1e-1\AR16\Beta1p02\qbot0p5_qtop0p004978\N385x385x65\run\flowmov\frame_00083_xcut.xmf
	    New File  		   5.6 m	G:\moist convection\Ek1e-1\AR16\Beta1p02\qbot0p5_qtop0p004978\N385x385x65\run\flowmov\frame_00083_zcut.h5
	    New File  		    1497	G:\moist convection\Ek1e-1\AR16\Beta1p02\qbot0p5_qtop0p004978\N385x385x65\run\flowmov\frame_00083_zcut.xmf
	    New File  		  397312	G:\moist convection\Ek1e-1\AR16\Beta1p02\qbot0p5_qtop0p004978\N385x385x65\run\flowmov\frame_00084_xcut.h5
	    New File  		    1303	G:\moist convection\Ek1e-1\AR16\Beta1p02\qbot0p5_qtop0p004978\N385x385x65\run\flowmov\frame_00084_xcut.xmf
	    New File  		  397312	G:\moist convection\Ek1e-1\AR16\Beta1p02\qbot0p5_qtop0p004978\N385x385x65\run\flowmov\frame_00085_xcut.h5
	    New File  		    1303	G:\moist convection\Ek1e-1\AR16\Beta1p02\qbot0p5_qtop0p004978\N385x385x65\run\flowmov\frame_00085_xcut.xmf
	    New File  		   5.6 m	G:\moist convection\Ek1e-1\AR16\Beta1p02\qbot0p5_qtop0p004978\N385x385x65\run\flowmov\frame_00085_zcut.h5
	    New File  		    1497	G:\moist convection\Ek1e-1\AR16\Beta1p02\qbot0p5_qtop0p004978\N385x385x65\run\flowmov\frame_00085_zcut.xmf
	    New File  		  397312	G:\moist convection\Ek1e-1\AR16\Beta1p02\qbot0p5_qtop0p004978\N385x385x65\run\flowmov\frame_00086_xcut.h5
	    New File  		    1303	G:\moist convection\Ek1e-1\AR16\Beta1p02\qbot0p5_qtop0p004978\N385x385x65\run\flowmov\frame_00086_xcut.xmf
	    New File  		  397312	G:\moist convection\Ek1e-1\AR16\Beta1p02\qbot0p5_qtop0p004978\N385x385x65\run\flowmov\frame_00087_xcut.h5
	    New File  		    1303	G:\moist convection\Ek1e-1\AR16\Beta1p02\qbot0p5_qtop0p004978\N385x385x65\run\flowmov\frame_00087_xcut.xmf
	    New File  		   5.6 m	G:\moist convection\Ek1e-1\AR16\Beta1p02\qbot0p5_qtop0p004978\N385x385x65\run\flowmov\frame_00087_zcut.h5
	    New File  		    1497	G:\moist convection\Ek1e-1\AR16\Beta1p02\qbot0p5_qtop0p004978\N385x385x65\run\flowmov\frame_00087_zcut.xmf
	    New File  		  397312	G:\moist convection\Ek1e-1\AR16\Beta1p02\qbot0p5_qtop0p004978\N385x385x65\run\flowmov\frame_00088_xcut.h5
	    New File  		    1303	G:\moist convection\Ek1e-1\AR16\Beta1p02\qbot0p5_qtop0p004978\N385x385x65\run\flowmov\frame_00088_xcut.xmf
	    New File  		  397312	G:\moist convection\Ek1e-1\AR16\Beta1p02\qbot0p5_qtop0p004978\N385x385x65\run\flowmov\frame_00089_xcut.h5
	    New File  		    1303	G:\moist convection\Ek1e-1\AR16\Beta1p02\qbot0p5_qtop0p004978\N385x385x65\run\flowmov\frame_00089_xcut.xmf
	    New File  		   5.6 m	G:\moist convection\Ek1e-1\AR16\Beta1p02\qbot0p5_qtop0p004978\N385x385x65\run\flowmov\frame_00089_zcut.h5
	    New File  		    1497	G:\moist convection\Ek1e-1\AR16\Beta1p02\qbot0p5_qtop0p004978\N385x385x65\run\flowmov\frame_00089_zcut.xmf
	    New File  		  397312	G:\moist convection\Ek1e-1\AR16\Beta1p02\qbot0p5_qtop0p004978\N385x385x65\run\flowmov\frame_00090_xcut.h5
	    New File  		    1303	G:\moist convection\Ek1e-1\AR16\Beta1p02\qbot0p5_qtop0p004978\N385x385x65\run\flowmov\frame_00090_xcut.xmf
	    New File  		   5.6 m	G:\moist convection\Ek1e-1\AR16\Beta1p02\qbot0p5_qtop0p004978\N385x385x65\run\flowmov\frame_00090_zcut.h5
	    New File  		    1497	G:\moist convection\Ek1e-1\AR16\Beta1p02\qbot0p5_qtop0p004978\N385x385x65\run\flowmov\frame_00090_zcut.xmf
	    New File  		  397312	G:\moist convection\Ek1e-1\AR16\Beta1p02\qbot0p5_qtop0p004978\N385x385x65\run\flowmov\frame_00091_xcut.h5
	    New File  		    1303	G:\moist convection\Ek1e-1\AR16\Beta1p02\qbot0p5_qtop0p004978\N385x385x65\run\flowmov\frame_00091_xcut.xmf
	    New File  		  397312	G:\moist convection\Ek1e-1\AR16\Beta1p02\qbot0p5_qtop0p004978\N385x385x65\run\flowmov\frame_00092_xcut.h5
	    New File  		    1303	G:\moist convection\Ek1e-1\AR16\Beta1p02\qbot0p5_qtop0p004978\N385x385x65\run\flowmov\frame_00092_xcut.xmf
	    New File  		   5.6 m	G:\moist convection\Ek1e-1\AR16\Beta1p02\qbot0p5_qtop0p004978\N385x385x65\run\flowmov\frame_00092_zcut.h5
	    New File  		    1497	G:\moist convection\Ek1e-1\AR16\Beta1p02\qbot0p5_qtop0p004978\N385x385x65\run\flowmov\frame_00092_zcut.xmf
	    New File  		  397312	G:\moist convection\Ek1e-1\AR16\Beta1p02\qbot0p5_qtop0p004978\N385x385x65\run\flowmov\frame_00093_xcut.h5
	    New File  		    1303	G:\moist convection\Ek1e-1\AR16\Beta1p02\qbot0p5_qtop0p004978\N385x385x65\run\flowmov\frame_00093_xcut.xmf
	    New File  		  397312	G:\moist convection\Ek1e-1\AR16\Beta1p02\qbot0p5_qtop0p004978\N385x385x65\run\flowmov\frame_00094_xcut.h5
	    New File  		    1303	G:\moist convection\Ek1e-1\AR16\Beta1p02\qbot0p5_qtop0p004978\N385x385x65\run\flowmov\frame_00094_xcut.xmf
	    New File  		   5.6 m	G:\moist convection\Ek1e-1\AR16\Beta1p02\qbot0p5_qtop0p004978\N385x385x65\run\flowmov\frame_00094_zcut.h5
	    New File  		    1497	G:\moist convection\Ek1e-1\AR16\Beta1p02\qbot0p5_qtop0p004978\N385x385x65\run\flowmov\frame_00094_zcut.xmf
	    New File  		  397312	G:\moist convection\Ek1e-1\AR16\Beta1p02\qbot0p5_qtop0p004978\N385x385x65\run\flowmov\frame_00095_xcut.h5
	    New File  		    1303	G:\moist convection\Ek1e-1\AR16\Beta1p02\qbot0p5_qtop0p004978\N385x385x65\run\flowmov\frame_00095_xcut.xmf
	    New File  		  397312	G:\moist convection\Ek1e-1\AR16\Beta1p02\qbot0p5_qtop0p004978\N385x385x65\run\flowmov\frame_00096_xcut.h5
	    New File  		    1303	G:\moist convection\Ek1e-1\AR16\Beta1p02\qbot0p5_qtop0p004978\N385x385x65\run\flowmov\frame_00096_xcut.xmf
	    New File  		   5.6 m	G:\moist convection\Ek1e-1\AR16\Beta1p02\qbot0p5_qtop0p004978\N385x385x65\run\flowmov\frame_00096_zcut.h5
	    New File  		    1497	G:\moist convection\Ek1e-1\AR16\Beta1p02\qbot0p5_qtop0p004978\N385x385x65\run\flowmov\frame_00096_zcut.xmf
	    New File  		  397312	G:\moist convection\Ek1e-1\AR16\Beta1p02\qbot0p5_qtop0p004978\N385x385x65\run\flowmov\frame_00097_xcut.h5
	    New File  		    1303	G:\moist convection\Ek1e-1\AR16\Beta1p02\qbot0p5_qtop0p004978\N385x385x65\run\flowmov\frame_00097_xcut.xmf
	    New File  		   5.6 m	G:\moist convection\Ek1e-1\AR16\Beta1p02\qbot0p5_qtop0p004978\N385x385x65\run\flowmov\frame_00097_zcut.h5
	    New File  		    1497	G:\moist convection\Ek1e-1\AR16\Beta1p02\qbot0p5_qtop0p004978\N385x385x65\run\flowmov\frame_00097_zcut.xmf
	    New File  		  397312	G:\moist convection\Ek1e-1\AR16\Beta1p02\qbot0p5_qtop0p004978\N385x385x65\run\flowmov\frame_00098_xcut.h5
	    New File  		    1303	G:\moist convection\Ek1e-1\AR16\Beta1p02\qbot0p5_qtop0p004978\N385x385x65\run\flowmov\frame_00098_xcut.xmf
	    New File  		  397312	G:\moist convection\Ek1e-1\AR16\Beta1p02\qbot0p5_qtop0p004978\N385x385x65\run\flowmov\frame_00099_xcut.h5
	    New File  		    1303	G:\moist convection\Ek1e-1\AR16\Beta1p02\qbot0p5_qtop0p004978\N385x385x65\run\flowmov\frame_00099_xcut.xmf
	    New File  		   5.6 m	G:\moist convection\Ek1e-1\AR16\Beta1p02\qbot0p5_qtop0p004978\N385x385x65\run\flowmov\frame_00099_zcut.h5
	    New File  		    1497	G:\moist convection\Ek1e-1\AR16\Beta1p02\qbot0p5_qtop0p004978\N385x385x65\run\flowmov\frame_00099_zcut.xmf
	    New File  		  397312	G:\moist convection\Ek1e-1\AR16\Beta1p02\qbot0p5_qtop0p004978\N385x385x65\run\flowmov\frame_00100_xcut.h5
	    New File  		    1303	G:\moist convection\Ek1e-1\AR16\Beta1p02\qbot0p5_qtop0p004978\N385x385x65\run\flowmov\frame_00100_xcut.xmf
	    New File  		  397312	G:\moist convection\Ek1e-1\AR16\Beta1p02\qbot0p5_qtop0p004978\N385x385x65\run\flowmov\frame_00101_xcut.h5
	    New File  		    1303	G:\moist convection\Ek1e-1\AR16\Beta1p02\qbot0p5_qtop0p004978\N385x385x65\run\flowmov\frame_00101_xcut.xmf
	    New File  		   5.6 m	G:\moist convection\Ek1e-1\AR16\Beta1p02\qbot0p5_qtop0p004978\N385x385x65\run\flowmov\frame_00101_zcut.h5
	    New File  		    1497	G:\moist convection\Ek1e-1\AR16\Beta1p02\qbot0p5_qtop0p004978\N385x385x65\run\flowmov\frame_00101_zcut.xmf
	    New File  		  397312	G:\moist convection\Ek1e-1\AR16\Beta1p02\qbot0p5_qtop0p004978\N385x385x65\run\flowmov\frame_00102_xcut.h5
	    New File  		    1303	G:\moist convection\Ek1e-1\AR16\Beta1p02\qbot0p5_qtop0p004978\N385x385x65\run\flowmov\frame_00102_xcut.xmf
	    New File  		  397312	G:\moist convection\Ek1e-1\AR16\Beta1p02\qbot0p5_qtop0p004978\N385x385x65\run\flowmov\frame_00103_xcut.h5
	    New File  		    1303	G:\moist convection\Ek1e-1\AR16\Beta1p02\qbot0p5_qtop0p004978\N385x385x65\run\flowmov\frame_00103_xcut.xmf
	    New File  		   5.6 m	G:\moist convection\Ek1e-1\AR16\Beta1p02\qbot0p5_qtop0p004978\N385x385x65\run\flowmov\frame_00103_zcut.h5
	    New File  		    1497	G:\moist convection\Ek1e-1\AR16\Beta1p02\qbot0p5_qtop0p004978\N385x385x65\run\flowmov\frame_00103_zcut.xmf
	    New File  		  397312	G:\moist convection\Ek1e-1\AR16\Beta1p02\qbot0p5_qtop0p004978\N385x385x65\run\flowmov\frame_00104_xcut.h5
	    New File  		    1303	G:\moist convection\Ek1e-1\AR16\Beta1p02\qbot0p5_qtop0p004978\N385x385x65\run\flowmov\frame_00104_xcut.xmf
	    New File  		   5.6 m	G:\moist convection\Ek1e-1\AR16\Beta1p02\qbot0p5_qtop0p004978\N385x385x65\run\flowmov\frame_00104_zcut.h5
	    New File  		    1497	G:\moist convection\Ek1e-1\AR16\Beta1p02\qbot0p5_qtop0p004978\N385x385x65\run\flowmov\frame_00104_zcut.xmf
	    New File  		  397312	G:\moist convection\Ek1e-1\AR16\Beta1p02\qbot0p5_qtop0p004978\N385x385x65\run\flowmov\frame_00105_xcut.h5
	    New File  		    1303	G:\moist convection\Ek1e-1\AR16\Beta1p02\qbot0p5_qtop0p004978\N385x385x65\run\flowmov\frame_00105_xcut.xmf
	    New File  		  397312	G:\moist convection\Ek1e-1\AR16\Beta1p02\qbot0p5_qtop0p004978\N385x385x65\run\flowmov\frame_00106_xcut.h5
	    New File  		    1303	G:\moist convection\Ek1e-1\AR16\Beta1p02\qbot0p5_qtop0p004978\N385x385x65\run\flowmov\frame_00106_xcut.xmf
	    New File  		   5.6 m	G:\moist convection\Ek1e-1\AR16\Beta1p02\qbot0p5_qtop0p004978\N385x385x65\run\flowmov\frame_00106_zcut.h5
	    New File  		    1497	G:\moist convection\Ek1e-1\AR16\Beta1p02\qbot0p5_qtop0p004978\N385x385x65\run\flowmov\frame_00106_zcut.xmf
	    New File  		  397312	G:\moist convection\Ek1e-1\AR16\Beta1p02\qbot0p5_qtop0p004978\N385x385x65\run\flowmov\frame_00107_xcut.h5
	    New File  		    1303	G:\moist convection\Ek1e-1\AR16\Beta1p02\qbot0p5_qtop0p004978\N385x385x65\run\flowmov\frame_00107_xcut.xmf
	    New File  		  397312	G:\moist convection\Ek1e-1\AR16\Beta1p02\qbot0p5_qtop0p004978\N385x385x65\run\flowmov\frame_00108_xcut.h5
	    New File  		    1303	G:\moist convection\Ek1e-1\AR16\Beta1p02\qbot0p5_qtop0p004978\N385x385x65\run\flowmov\frame_00108_xcut.xmf
	    New File  		   5.6 m	G:\moist convection\Ek1e-1\AR16\Beta1p02\qbot0p5_qtop0p004978\N385x385x65\run\flowmov\frame_00108_zcut.h5
	    New File  		    1497	G:\moist convection\Ek1e-1\AR16\Beta1p02\qbot0p5_qtop0p004978\N385x385x65\run\flowmov\frame_00108_zcut.xmf
	    New File  		  397312	G:\moist convection\Ek1e-1\AR16\Beta1p02\qbot0p5_qtop0p004978\N385x385x65\run\flowmov\frame_00109_xcut.h5
	    New File  		    1303	G:\moist convection\Ek1e-1\AR16\Beta1p02\qbot0p5_qtop0p004978\N385x385x65\run\flowmov\frame_00109_xcut.xmf
	    New File  		  397312	G:\moist convection\Ek1e-1\AR16\Beta1p02\qbot0p5_qtop0p004978\N385x385x65\run\flowmov\frame_00110_xcut.h5
	    New File  		    1303	G:\moist convection\Ek1e-1\AR16\Beta1p02\qbot0p5_qtop0p004978\N385x385x65\run\flowmov\frame_00110_xcut.xmf
	    New File  		   5.6 m	G:\moist convection\Ek1e-1\AR16\Beta1p02\qbot0p5_qtop0p004978\N385x385x65\run\flowmov\frame_00110_zcut.h5
	    New File  		    1497	G:\moist convection\Ek1e-1\AR16\Beta1p02\qbot0p5_qtop0p004978\N385x385x65\run\flowmov\frame_00110_zcut.xmf
	    New File  		  397312	G:\moist convection\Ek1e-1\AR16\Beta1p02\qbot0p5_qtop0p004978\N385x385x65\run\flowmov\frame_00111_xcut.h5
	    New File  		    1303	G:\moist convection\Ek1e-1\AR16\Beta1p02\qbot0p5_qtop0p004978\N385x385x65\run\flowmov\frame_00111_xcut.xmf
	    New File  		   5.6 m	G:\moist convection\Ek1e-1\AR16\Beta1p02\qbot0p5_qtop0p004978\N385x385x65\run\flowmov\frame_00111_zcut.h5
	    New File  		    1497	G:\moist convection\Ek1e-1\AR16\Beta1p02\qbot0p5_qtop0p004978\N385x385x65\run\flowmov\frame_00111_zcut.xmf
	    New File  		  397312	G:\moist convection\Ek1e-1\AR16\Beta1p02\qbot0p5_qtop0p004978\N385x385x65\run\flowmov\frame_00112_xcut.h5
	    New File  		    1303	G:\moist convection\Ek1e-1\AR16\Beta1p02\qbot0p5_qtop0p004978\N385x385x65\run\flowmov\frame_00112_xcut.xmf
	    New File  		  397312	G:\moist convection\Ek1e-1\AR16\Beta1p02\qbot0p5_qtop0p004978\N385x385x65\run\flowmov\frame_00113_xcut.h5
	    New File  		    1303	G:\moist convection\Ek1e-1\AR16\Beta1p02\qbot0p5_qtop0p004978\N385x385x65\run\flowmov\frame_00113_xcut.xmf
	    New File  		   5.6 m	G:\moist convection\Ek1e-1\AR16\Beta1p02\qbot0p5_qtop0p004978\N385x385x65\run\flowmov\frame_00113_zcut.h5
	    New File  		    1497	G:\moist convection\Ek1e-1\AR16\Beta1p02\qbot0p5_qtop0p004978\N385x385x65\run\flowmov\frame_00113_zcut.xmf
	    New File  		  397312	G:\moist convection\Ek1e-1\AR16\Beta1p02\qbot0p5_qtop0p004978\N385x385x65\run\flowmov\frame_00114_xcut.h5
	    New File  		    1303	G:\moist convection\Ek1e-1\AR16\Beta1p02\qbot0p5_qtop0p004978\N385x385x65\run\flowmov\frame_00114_xcut.xmf
	    New File  		  397312	G:\moist convection\Ek1e-1\AR16\Beta1p02\qbot0p5_qtop0p004978\N385x385x65\run\flowmov\frame_00115_xcut.h5
	    New File  		    1303	G:\moist convection\Ek1e-1\AR16\Beta1p02\qbot0p5_qtop0p004978\N385x385x65\run\flowmov\frame_00115_xcut.xmf
	    New File  		   5.6 m	G:\moist convection\Ek1e-1\AR16\Beta1p02\qbot0p5_qtop0p004978\N385x385x65\run\flowmov\frame_00115_zcut.h5
	    New File  		    1497	G:\moist convection\Ek1e-1\AR16\Beta1p02\qbot0p5_qtop0p004978\N385x385x65\run\flowmov\frame_00115_zcut.xmf
	    New File  		  397312	G:\moist convection\Ek1e-1\AR16\Beta1p02\qbot0p5_qtop0p004978\N385x385x65\run\flowmov\frame_00116_xcut.h5
	    New File  		    1303	G:\moist convection\Ek1e-1\AR16\Beta1p02\qbot0p5_qtop0p004978\N385x385x65\run\flowmov\frame_00116_xcut.xmf
	    New File  		  397312	G:\moist convection\Ek1e-1\AR16\Beta1p02\qbot0p5_qtop0p004978\N385x385x65\run\flowmov\frame_00117_xcut.h5
	    New File  		    1303	G:\moist convection\Ek1e-1\AR16\Beta1p02\qbot0p5_qtop0p004978\N385x385x65\run\flowmov\frame_00117_xcut.xmf
	    New File  		   5.6 m	G:\moist convection\Ek1e-1\AR16\Beta1p02\qbot0p5_qtop0p004978\N385x385x65\run\flowmov\frame_00117_zcut.h5
	    New File  		    1497	G:\moist convection\Ek1e-1\AR16\Beta1p02\qbot0p5_qtop0p004978\N385x385x65\run\flowmov\frame_00117_zcut.xmf
	    New File  		  397312	G:\moist convection\Ek1e-1\AR16\Beta1p02\qbot0p5_qtop0p004978\N385x385x65\run\flowmov\frame_00118_xcut.h5
	    New File  		    1303	G:\moist convection\Ek1e-1\AR16\Beta1p02\qbot0p5_qtop0p004978\N385x385x65\run\flowmov\frame_00118_xcut.xmf
	    New File  		   5.6 m	G:\moist convection\Ek1e-1\AR16\Beta1p02\qbot0p5_qtop0p004978\N385x385x65\run\flowmov\frame_00118_zcut.h5
	    New File  		    1497	G:\moist convection\Ek1e-1\AR16\Beta1p02\qbot0p5_qtop0p004978\N385x385x65\run\flowmov\frame_00118_zcut.xmf
	    New File  		  397312	G:\moist convection\Ek1e-1\AR16\Beta1p02\qbot0p5_qtop0p004978\N385x385x65\run\flowmov\frame_00119_xcut.h5
	    New File  		    1303	G:\moist convection\Ek1e-1\AR16\Beta1p02\qbot0p5_qtop0p004978\N385x385x65\run\flowmov\frame_00119_xcut.xmf
	    New File  		  72.0 m	G:\moist convection\Ek1e-1\AR16\Beta1p02\qbot0p5_qtop0p004978\N385x385x65\run\movie\condensation00001.h5
	    New File  		     817	G:\moist convection\Ek1e-1\AR16\Beta1p02\qbot0p5_qtop0p004978\N385x385x65\run\movie\condensation00001.xmf
	    New File  		  72.0 m	G:\moist convection\Ek1e-1\AR16\Beta1p02\qbot0p5_qtop0p004978\N385x385x65\run\movie\condensation00002.h5
	    New File  		     817	G:\moist convection\Ek1e-1\AR16\Beta1p02\qbot0p5_qtop0p004978\N385x385x65\run\movie\condensation00002.xmf
	    New File  		  72.0 m	G:\moist convection\Ek1e-1\AR16\Beta1p02\qbot0p5_qtop0p004978\N385x385x65\run\movie\condensation00003.h5
	    New File  		     817	G:\moist convection\Ek1e-1\AR16\Beta1p02\qbot0p5_qtop0p004978\N385x385x65\run\movie\condensation00003.xmf
	    New File  		  72.0 m	G:\moist convection\Ek1e-1\AR16\Beta1p02\qbot0p5_qtop0p004978\N385x385x65\run\movie\condensation00004.h5
	    New File  		     817	G:\moist convection\Ek1e-1\AR16\Beta1p02\qbot0p5_qtop0p004978\N385x385x65\run\movie\condensation00004.xmf
	    New File  		  72.0 m	G:\moist convection\Ek1e-1\AR16\Beta1p02\qbot0p5_qtop0p004978\N385x385x65\run\movie\condensation00005.h5
	    New File  		     817	G:\moist convection\Ek1e-1\AR16\Beta1p02\qbot0p5_qtop0p004978\N385x385x65\run\movie\condensation00005.xmf
	    New File  		  72.0 m	G:\moist convection\Ek1e-1\AR16\Beta1p02\qbot0p5_qtop0p004978\N385x385x65\run\movie\condensation00006.h5
	    New File  		     817	G:\moist convection\Ek1e-1\AR16\Beta1p02\qbot0p5_qtop0p004978\N385x385x65\run\movie\condensation00006.xmf
	    New File  		  72.0 m	G:\moist convection\Ek1e-1\AR16\Beta1p02\qbot0p5_qtop0p004978\N385x385x65\run\movie\condensation00007.h5
	    New File  		     817	G:\moist convection\Ek1e-1\AR16\Beta1p02\qbot0p5_qtop0p004978\N385x385x65\run\movie\condensation00007.xmf
	    New File  		  72.0 m	G:\moist convection\Ek1e-1\AR16\Beta1p02\qbot0p5_qtop0p004978\N385x385x65\run\movie\condensation00008.h5
	    New File  		     817	G:\moist convection\Ek1e-1\AR16\Beta1p02\qbot0p5_qtop0p004978\N385x385x65\run\movie\condensation00008.xmf
	    New File  		  72.0 m	G:\moist convection\Ek1e-1\AR16\Beta1p02\qbot0p5_qtop0p004978\N385x385x65\run\movie\condensation00009.h5
	    New File  		     817	G:\moist convection\Ek1e-1\AR16\Beta1p02\qbot0p5_qtop0p004978\N385x385x65\run\movie\condensation00009.xmf
	    New File  		  72.0 m	G:\moist convection\Ek1e-1\AR16\Beta1p02\qbot0p5_qtop0p004978\N385x385x65\run\movie\condensation00010.h5
	    New File  		     817	G:\moist convection\Ek1e-1\AR16\Beta1p02\qbot0p5_qtop0p004978\N385x385x65\run\movie\condensation00010.xmf
	    New File  		  72.0 m	G:\moist convection\Ek1e-1\AR16\Beta1p02\qbot0p5_qtop0p004978\N385x385x65\run\movie\condensation00011.h5
	    New File  		     817	G:\moist convection\Ek1e-1\AR16\Beta1p02\qbot0p5_qtop0p004978\N385x385x65\run\movie\condensation00011.xmf
	    New File  		  72.0 m	G:\moist convection\Ek1e-1\AR16\Beta1p02\qbot0p5_qtop0p004978\N385x385x65\run\movie\condensation00012.h5
	    New File  		     817	G:\moist convection\Ek1e-1\AR16\Beta1p02\qbot0p5_qtop0p004978\N385x385x65\run\movie\condensation00012.xmf
	    New File  		  72.0 m	G:\moist convection\Ek1e-1\AR16\Beta1p02\qbot0p5_qtop0p004978\N385x385x65\run\movie\condensation00013.h5
	    New File  		     817	G:\moist convection\Ek1e-1\AR16\Beta1p02\qbot0p5_qtop0p004978\N385x385x65\run\movie\condensation00013.xmf
	    New File  		  72.0 m	G:\moist convection\Ek1e-1\AR16\Beta1p02\qbot0p5_qtop0p004978\N385x385x65\run\movie\condensation00014.h5
	    New File  		     817	G:\moist convection\Ek1e-1\AR16\Beta1p02\qbot0p5_qtop0p004978\N385x385x65\run\movie\condensation00014.xmf
	    New File  		  72.0 m	G:\moist convection\Ek1e-1\AR16\Beta1p02\qbot0p5_qtop0p004978\N385x385x65\run\movie\condensation00015.h5
	    New File  		     817	G:\moist convection\Ek1e-1\AR16\Beta1p02\qbot0p5_qtop0p004978\N385x385x65\run\movie\condensation00015.xmf
	    New File  		  72.0 m	G:\moist convection\Ek1e-1\AR16\Beta1p02\qbot0p5_qtop0p004978\N385x385x65\run\movie\condensation00016.h5
	    New File  		     817	G:\moist convection\Ek1e-1\AR16\Beta1p02\qbot0p5_qtop0p004978\N385x385x65\run\movie\condensation00016.xmf
	    New File  		  72.0 m	G:\moist convection\Ek1e-1\AR16\Beta1p02\qbot0p5_qtop0p004978\N385x385x65\run\movie\condensation00017.h5
	    New File  		     817	G:\moist convection\Ek1e-1\AR16\Beta1p02\qbot0p5_qtop0p004978\N385x385x65\run\movie\condensation00017.xmf
	    New File  		  72.0 m	G:\moist convection\Ek1e-1\AR16\Beta1p02\qbot0p5_qtop0p004978\N385x385x65\run\movie\condensation00018.h5
	    New File  		     817	G:\moist convection\Ek1e-1\AR16\Beta1p02\qbot0p5_qtop0p004978\N385x385x65\run\movie\condensation00018.xmf
	    New File  		  72.0 m	G:\moist convection\Ek1e-1\AR16\Beta1p02\qbot0p5_qtop0p004978\N385x385x65\run\movie\condensation00019.h5
	    New File  		     817	G:\moist convection\Ek1e-1\AR16\Beta1p02\qbot0p5_qtop0p004978\N385x385x65\run\movie\condensation00019.xmf
	    New File  		  72.0 m	G:\moist convection\Ek1e-1\AR16\Beta1p02\qbot0p5_qtop0p004978\N385x385x65\run\movie\condensation00020.h5
	    New File  		     817	G:\moist convection\Ek1e-1\AR16\Beta1p02\qbot0p5_qtop0p004978\N385x385x65\run\movie\condensation00020.xmf
	    New File  		  72.0 m	G:\moist convection\Ek1e-1\AR16\Beta1p02\qbot0p5_qtop0p004978\N385x385x65\run\movie\condensation00021.h5
	    New File  		     817	G:\moist convection\Ek1e-1\AR16\Beta1p02\qbot0p5_qtop0p004978\N385x385x65\run\movie\condensation00021.xmf
	    New File  		  72.0 m	G:\moist convection\Ek1e-1\AR16\Beta1p02\qbot0p5_qtop0p004978\N385x385x65\run\movie\condensation00022.h5
	    New File  		     817	G:\moist convection\Ek1e-1\AR16\Beta1p02\qbot0p5_qtop0p004978\N385x385x65\run\movie\condensation00022.xmf
	    New File  		  72.0 m	G:\moist convection\Ek1e-1\AR16\Beta1p02\qbot0p5_qtop0p004978\N385x385x65\run\movie\condensation00023.h5
	    New File  		     817	G:\moist convection\Ek1e-1\AR16\Beta1p02\qbot0p5_qtop0p004978\N385x385x65\run\movie\condensation00023.xmf
	    New File  		  72.0 m	G:\moist convection\Ek1e-1\AR16\Beta1p02\qbot0p5_qtop0p004978\N385x385x65\run\movie\condensation00024.h5
	    New File  		     817	G:\moist convection\Ek1e-1\AR16\Beta1p02\qbot0p5_qtop0p004978\N385x385x65\run\movie\condensation00024.xmf
	    New File  		  72.0 m	G:\moist convection\Ek1e-1\AR16\Beta1p02\qbot0p5_qtop0p004978\N385x385x65\run\movie\condensation00025.h5
	    New File  		     817	G:\moist convection\Ek1e-1\AR16\Beta1p02\qbot0p5_qtop0p004978\N385x385x65\run\movie\condensation00025.xmf
	    New File  		  72.0 m	G:\moist convection\Ek1e-1\AR16\Beta1p02\qbot0p5_qtop0p004978\N385x385x65\run\movie\condensation00026.h5
-------------------------------------------------------------------------------
   ROBOCOPY     ::     Robust File Copy for Windows                              
-------------------------------------------------------------------------------

  Started : 2026811 15:07:04
   Source : G:\moist convection\Ek1e-1\
     Dest : H:\rotating_case\Pr0p7\Ra8e6\Ek1e-1\

    Files : *.*
	    
  Options : *.* /S /E /DCOPY:DAT /COPY:DAT /MOVE /Z /J /NP /XJ /R:2 /W:2 

------------------------------------------------------------------------------

	                   0	G:\moist convection\Ek1e-1\
	                   0	G:\moist convection\Ek1e-1\AR16\
	                   0	G:\moist convection\Ek1e-1\AR16\Beta1p02\
	                   0	G:\moist convection\Ek1e-1\AR16\Beta1p02\qbot0p5_qtop0p004978\
	                   0	G:\moist convection\Ek1e-1\AR16\Beta1p02\qbot0p5_qtop0p004978\N385x385x65\
	  *EXTRA File 		    2051	case_info.json
	  *EXTRA File 		     316	submit_after_check.sh
	                   0	G:\moist convection\Ek1e-1\AR16\Beta1p02\qbot0p5_qtop0p004978\N385x385x65\conti1\
	                   0	G:\moist convection\Ek1e-1\AR16\Beta1p02\qbot0p5_qtop0p004978\N385x385x65\conti1\conti_strict_force_500\
	                   0	G:\moist convection\Ek1e-1\AR16\Beta1p02\qbot0p5_qtop0p004978\N385x385x65\conti1\conti_strict_force_500\run\
	*EXTRA Dir        -1	H:\rotating_case\Pr0p7\Ra8e6\Ek1e-1\AR16\Beta1p02\qbot0p5_qtop0p004978\N385x385x65\conti1\conti_strict_force_500\run\contstr\
	*EXTRA Dir        -1	H:\rotating_case\Pr0p7\Ra8e6\Ek1e-1\AR16\Beta1p02\qbot0p5_qtop0p004978\N385x385x65\conti1\conti_strict_force_500\run\data\
	*EXTRA Dir        -1	H:\rotating_case\Pr0p7\Ra8e6\Ek1e-1\AR16\Beta1p02\qbot0p5_qtop0p004978\N385x385x65\conti1\conti_strict_force_500\run\diagnostics\
	*EXTRA Dir        -1	H:\rotating_case\Pr0p7\Ra8e6\Ek1e-1\AR16\Beta1p02\qbot0p5_qtop0p004978\N385x385x65\conti1\conti_strict_force_500\run\fact\
	*EXTRA Dir        -1	H:\rotating_case\Pr0p7\Ra8e6\Ek1e-1\AR16\Beta1p02\qbot0p5_qtop0p004978\N385x385x65\conti1\conti_strict_force_500\run\flowmov\
	  *EXTRA File 		      29	74644387.err
	  *EXTRA File 		   1.2 m	74644387.out
	  *EXTRA File 		    1309	bou.in
	  *EXTRA File 		    5390	check_drizzle_before_submit.py
	  *EXTRA File 		     468	CONTINUATION_INFO.txt
	  *EXTRA File 		  72.3 m	continua_dsal.h5
	  *EXTRA File 		     160	continua_grid.dat
	  *EXTRA File 		  72.3 m	continua_q1.h5
	  *EXTRA File 		  72.3 m	continua_q2.h5
	  *EXTRA File 		  72.3 m	continua_q3.h5
	  *EXTRA File 		  72.3 m	continua_qvap.h5
	  *EXTRA File 		   29212	drizzle_init.dat
	  *EXTRA File 		    1515	drizzle_init_last_generation.json
	  *EXTRA File 		    1661	drizzle_init_meta.json
	  *EXTRA File 		   17440	field_gridc.h5
	  *EXTRA File 		   17440	field_gridd.h5
	  *EXTRA File 		    2913	field_ms.xmf
	  *EXTRA File 		  644814	fort.97
	  *EXTRA File 		   13158	generate_drizzle_initial_condition.py
	  *EXTRA File 		    1186	prepare_drizzle_initial_condition.sh
	  *EXTRA File 		     173	runsim.sh
	  *EXTRA File 		   2.7 m	simexec
	  *EXTRA File 		   17750	stability_solver.py
	  *EXTRA File 		    1598	subjob.sh
	                 328	G:\moist convection\Ek1e-1\AR16\Beta1p02\qbot0p5_qtop0p004978\N385x385x65\conti1\conti_strict_force_500\run\movie\
	  *EXTRA File 		  72.0 m	condensation00198.h5
	  *EXTRA File 		     817	condensation00198.xmf
	  *EXTRA File 		  72.0 m	condensation00199.h5
	  *EXTRA File 		     817	condensation00199.xmf
	  *EXTRA File 		  72.0 m	condensation00200.h5
	  *EXTRA File 		     817	condensation00200.xmf
	  *EXTRA File 		  72.0 m	condensation00201.h5
	  *EXTRA File 		     817	condensation00201.xmf
	  *EXTRA File 		  72.0 m	condensation00202.h5
	  *EXTRA File 		     817	condensation00202.xmf
	  *EXTRA File 		  72.0 m	condensation00203.h5
	  *EXTRA File 		     817	condensation00203.xmf
	  *EXTRA File 		  72.0 m	condensation00204.h5
	  *EXTRA File 		     817	condensation00204.xmf
	  *EXTRA File 		  72.0 m	condensation00205.h5
	  *EXTRA File 		     817	condensation00205.xmf
	  *EXTRA File 		  72.0 m	condensation00206.h5
	  *EXTRA File 		     817	condensation00206.xmf
	  *EXTRA File 		  72.0 m	condensation00207.h5
	  *EXTRA File 		     817	condensation00207.xmf
	  *EXTRA File 		  72.0 m	condensation00208.h5
	  *EXTRA File 		     817	condensation00208.xmf
	  *EXTRA File 		  72.0 m	condensation00209.h5
	  *EXTRA File 		     817	condensation00209.xmf
	  *EXTRA File 		  72.0 m	condensation00210.h5
	  *EXTRA File 		     817	condensation00210.xmf
	  *EXTRA File 		  72.0 m	condensation00211.h5
	  *EXTRA File 		     817	condensation00211.xmf
	  *EXTRA File 		  72.0 m	condensation00212.h5
	  *EXTRA File 		     817	condensation00212.xmf
	  *EXTRA File 		  72.0 m	condensation00213.h5
	  *EXTRA File 		     817	condensation00213.xmf
	  *EXTRA File 		  72.0 m	condensation00214.h5
	  *EXTRA File 		     817	condensation00214.xmf
	  *EXTRA File 		  72.0 m	condensation00215.h5
	  *EXTRA File 		     817	condensation00215.xmf
	  *EXTRA File 		  72.0 m	condensation00216.h5
	  *EXTRA File 		     817	condensation00216.xmf
	  *EXTRA File 		  72.0 m	condensation00217.h5
	  *EXTRA File 		     817	condensation00217.xmf
	  *EXTRA File 		  72.0 m	condensation00218.h5
	  *EXTRA File 		     817	condensation00218.xmf
	  *EXTRA File 		  72.0 m	condensation00219.h5
	  *EXTRA File 		     817	condensation00219.xmf
	  *EXTRA File 		  72.0 m	condensation00220.h5
	  *EXTRA File 		     817	condensation00220.xmf
	  *EXTRA File 		  72.0 m	condensation00221.h5
	  *EXTRA File 		     817	condensation00221.xmf
	  *EXTRA File 		  72.0 m	condensation00222.h5
	  *EXTRA File 		     817	condensation00222.xmf
	  *EXTRA File 		  72.0 m	condensation00223.h5
	  *EXTRA File 		     817	condensation00223.xmf
	  *EXTRA File 		  72.0 m	condensation00224.h5
	  *EXTRA File 		     817	condensation00224.xmf
	  *EXTRA File 		  72.0 m	condensation00225.h5
	  *EXTRA File 		     817	condensation00225.xmf
	  *EXTRA File 		  72.0 m	condensation00226.h5
	  *EXTRA File 		     817	condensation00226.xmf
	  *EXTRA File 		  72.0 m	condensation00227.h5
	  *EXTRA File 		     817	condensation00227.xmf
	  *EXTRA File 		  72.0 m	condensation00228.h5
	  *EXTRA File 		     817	condensation00228.xmf
	  *EXTRA File 		  72.0 m	condensation00229.h5
	  *EXTRA File 		     817	condensation00229.xmf
	  *EXTRA File 		  72.0 m	condensation00230.h5
	  *EXTRA File 		     817	condensation00230.xmf
	  *EXTRA File 		  72.0 m	condensation00231.h5
	  *EXTRA File 		     817	condensation00231.xmf
	  *EXTRA File 		  72.0 m	condensation00232.h5
	  *EXTRA File 		     817	condensation00232.xmf
	  *EXTRA File 		  72.0 m	condensation00233.h5
	  *EXTRA File 		     817	condensation00233.xmf
	  *EXTRA File 		  72.0 m	condensation00234.h5
	  *EXTRA File 		     817	condensation00234.xmf
	  *EXTRA File 		  72.0 m	condensation00235.h5
	  *EXTRA File 		     817	condensation00235.xmf
	  *EXTRA File 		  72.0 m	condensation00236.h5
	  *EXTRA File 		     817	condensation00236.xmf
	  *EXTRA File 		  72.0 m	condensation00237.h5
	  *EXTRA File 		     817	condensation00237.xmf
	  *EXTRA File 		  72.0 m	condensation00238.h5
	  *EXTRA File 		     817	condensation00238.xmf
	  *EXTRA File 		  72.0 m	condensation00239.h5
	  *EXTRA File 		     817	condensation00239.xmf
	  *EXTRA File 		  72.0 m	condensation00240.h5
	  *EXTRA File 		     817	condensation00240.xmf
	  *EXTRA File 		  72.0 m	condensation00241.h5
	  *EXTRA File 		     817	condensation00241.xmf
	  *EXTRA File 		  72.0 m	condensation00242.h5
	  *EXTRA File 		     817	condensation00242.xmf
	  *EXTRA File 		  72.0 m	condensation00243.h5
	  *EXTRA File 		     817	condensation00243.xmf
	  *EXTRA File 		  72.0 m	condensation00244.h5
	  *EXTRA File 		     817	condensation00244.xmf
	  *EXTRA File 		  72.0 m	condensation00245.h5
	  *EXTRA File 		     817	condensation00245.xmf
	  *EXTRA File 		  72.0 m	condensation00246.h5
	  *EXTRA File 		     817	condensation00246.xmf
	  *EXTRA File 		  72.0 m	condensation00247.h5
	  *EXTRA File 		     817	condensation00247.xmf
	  *EXTRA File 		    8704	cordin_info.h5
	  *EXTRA File 		 216.0 m	field00198.h5
	  *EXTRA File 		    1186	field00198.xmf
	  *EXTRA File 		 216.0 m	field00199.h5
	  *EXTRA File 		    1186	field00199.xmf
	  *EXTRA File 		 216.0 m	field00200.h5
	  *EXTRA File 		    1186	field00200.xmf
	  *EXTRA File 		 216.0 m	field00201.h5
	  *EXTRA File 		    1186	field00201.xmf
	  *EXTRA File 		 216.0 m	field00202.h5
	  *EXTRA File 		    1186	field00202.xmf
	  *EXTRA File 		 216.0 m	field00203.h5
	  *EXTRA File 		    1186	field00203.xmf
	  *EXTRA File 		 216.0 m	field00204.h5
	  *EXTRA File 		    1186	field00204.xmf
	  *EXTRA File 		 216.0 m	field00205.h5
	  *EXTRA File 		    1186	field00205.xmf
	  *EXTRA File 		 216.0 m	field00206.h5
	  *EXTRA File 		    1186	field00206.xmf
	  *EXTRA File 		 216.0 m	field00207.h5
	  *EXTRA File 		    1186	field00207.xmf
	  *EXTRA File 		 216.0 m	field00208.h5
	  *EXTRA File 		    1186	field00208.xmf
	  *EXTRA File 		 216.0 m	field00209.h5
	  *EXTRA File 		    1186	field00209.xmf
	  *EXTRA File 		 216.0 m	field00210.h5
	  *EXTRA File 		    1186	field00210.xmf
	  *EXTRA File 		 216.0 m	field00211.h5
	  *EXTRA File 		    1186	field00211.xmf
	  *EXTRA File 		 216.0 m	field00212.h5
	  *EXTRA File 		    1186	field00212.xmf
	  *EXTRA File 		 216.0 m	field00213.h5
	  *EXTRA File 		    1186	field00213.xmf
	  *EXTRA File 		 216.0 m	field00214.h5
	  *EXTRA File 		    1186	field00214.xmf
	  *EXTRA File 		 216.0 m	field00215.h5
	  *EXTRA File 		    1186	field00215.xmf
	  *EXTRA File 		 216.0 m	field00216.h5
	  *EXTRA File 		    1186	field00216.xmf
	  *EXTRA File 		 216.0 m	field00217.h5
	  *EXTRA File 		    1186	field00217.xmf
	  *EXTRA File 		 216.0 m	field00218.h5
	  *EXTRA File 		    1186	field00218.xmf
	  *EXTRA File 		 216.0 m	field00219.h5
	  *EXTRA File 		    1186	field00219.xmf
	  *EXTRA File 		 216.0 m	field00220.h5
	  *EXTRA File 		    1186	field00220.xmf
	  *EXTRA File 		 216.0 m	field00221.h5
	  *EXTRA File 		    1186	field00221.xmf
	  *EXTRA File 		 216.0 m	field00222.h5
	  *EXTRA File 		    1186	field00222.xmf
	  *EXTRA File 		 216.0 m	field00223.h5
	  *EXTRA File 		    1186	field00223.xmf
	  *EXTRA File 		 216.0 m	field00224.h5
	  *EXTRA File 		    1186	field00224.xmf
	  *EXTRA File 		 216.0 m	field00225.h5
	  *EXTRA File 		    1186	field00225.xmf
	  *EXTRA File 		 216.0 m	field00226.h5
	  *EXTRA File 		    1186	field00226.xmf
	  *EXTRA File 		 216.0 m	field00227.h5
	  *EXTRA File 		    1186	field00227.xmf
	  *EXTRA File 		 216.0 m	field00228.h5
	  *EXTRA File 		    1186	field00228.xmf
	  *EXTRA File 		 216.0 m	field00229.h5
	  *EXTRA File 		    1186	field00229.xmf
	  *EXTRA File 		 216.0 m	field00230.h5
	  *EXTRA File 		    1186	field00230.xmf
	  *EXTRA File 		 216.0 m	field00231.h5
	  *EXTRA File 		    1186	field00231.xmf
	  *EXTRA File 		 216.0 m	field00232.h5
	  *EXTRA File 		    1186	field00232.xmf
	  *EXTRA File 		 216.0 m	field00233.h5
	  *EXTRA File 		    1186	field00233.xmf
	    Older     		 216.0 m	field00234.h5
	    New File  		     817	G:\moist convection\Ek1e-1\AR16\Beta1p02\qbot0p5_qtop0p004978\N385x385x65\run\movie\condensation00026.xmf
	    New File  		  72.0 m	G:\moist convection\Ek1e-1\AR16\Beta1p02\qbot0p5_qtop0p004978\N385x385x65\run\movie\condensation00027.h5
	    New File  		     817	G:\moist convection\Ek1e-1\AR16\Beta1p02\qbot0p5_qtop0p004978\N385x385x65\run\movie\condensation00027.xmf
	    New File  		  72.0 m	G:\moist convection\Ek1e-1\AR16\Beta1p02\qbot0p5_qtop0p004978\N385x385x65\run\movie\condensation00028.h5
	    New File  		     817	G:\moist convection\Ek1e-1\AR16\Beta1p02\qbot0p5_qtop0p004978\N385x385x65\run\movie\condensation00028.xmf
	    New File  		  72.0 m	G:\moist convection\Ek1e-1\AR16\Beta1p02\qbot0p5_qtop0p004978\N385x385x65\run\movie\condensation00029.h5
	    New File  		     817	G:\moist convection\Ek1e-1\AR16\Beta1p02\qbot0p5_qtop0p004978\N385x385x65\run\movie\condensation00029.xmf
	    New File  		  72.0 m	G:\moist convection\Ek1e-1\AR16\Beta1p02\qbot0p5_qtop0p004978\N385x385x65\run\movie\condensation00030.h5
	    New File  		     817	G:\moist convection\Ek1e-1\AR16\Beta1p02\qbot0p5_qtop0p004978\N385x385x65\run\movie\condensation00030.xmf
	    New File  		  72.0 m	G:\moist convection\Ek1e-1\AR16\Beta1p02\qbot0p5_qtop0p004978\N385x385x65\run\movie\condensation00031.h5
	    New File  		     817	G:\moist convection\Ek1e-1\AR16\Beta1p02\qbot0p5_qtop0p004978\N385x385x65\run\movie\condensation00031.xmf
	    New File  		  72.0 m	G:\moist convection\Ek1e-1\AR16\Beta1p02\qbot0p5_qtop0p004978\N385x385x65\run\movie\condensation00032.h5
	    New File  		     817	G:\moist convection\Ek1e-1\AR16\Beta1p02\qbot0p5_qtop0p004978\N385x385x65\run\movie\condensation00032.xmf
	    New File  		  72.0 m	G:\moist convection\Ek1e-1\AR16\Beta1p02\qbot0p5_qtop0p004978\N385x385x65\run\movie\condensation00033.h5
	    New File  		     817	G:\moist convection\Ek1e-1\AR16\Beta1p02\qbot0p5_qtop0p004978\N385x385x65\run\movie\condensation00033.xmf
	    New File  		  72.0 m	G:\moist convection\Ek1e-1\AR16\Beta1p02\qbot0p5_qtop0p004978\N385x385x65\run\movie\condensation00034.h5
	    New File  		     817	G:\moist convection\Ek1e-1\AR16\Beta1p02\qbot0p5_qtop0p004978\N385x385x65\run\movie\condensation00034.xmf
	    New File  		  72.0 m	G:\moist convection\Ek1e-1\AR16\Beta1p02\qbot0p5_qtop0p004978\N385x385x65\run\movie\condensation00035.h5
	    New File  		     817	G:\moist convection\Ek1e-1\AR16\Beta1p02\qbot0p5_qtop0p004978\N385x385x65\run\movie\condensation00035.xmf
	    New File  		  72.0 m	G:\moist convection\Ek1e-1\AR16\Beta1p02\qbot0p5_qtop0p004978\N385x385x65\run\movie\condensation00036.h5
	    New File  		     817	G:\moist convection\Ek1e-1\AR16\Beta1p02\qbot0p5_qtop0p004978\N385x385x65\run\movie\condensation00036.xmf
	    New File  		  72.0 m	G:\moist convection\Ek1e-1\AR16\Beta1p02\qbot0p5_qtop0p004978\N385x385x65\run\movie\condensation00037.h5
	    New File  		     817	G:\moist convection\Ek1e-1\AR16\Beta1p02\qbot0p5_qtop0p004978\N385x385x65\run\movie\condensation00037.xmf
	    New File  		  72.0 m	G:\moist convection\Ek1e-1\AR16\Beta1p02\qbot0p5_qtop0p004978\N385x385x65\run\movie\condensation00038.h5
	    New File  		     817	G:\moist convection\Ek1e-1\AR16\Beta1p02\qbot0p5_qtop0p004978\N385x385x65\run\movie\condensation00038.xmf
	    New File  		  72.0 m	G:\moist convection\Ek1e-1\AR16\Beta1p02\qbot0p5_qtop0p004978\N385x385x65\run\movie\condensation00039.h5
	    New File  		     817	G:\moist convection\Ek1e-1\AR16\Beta1p02\qbot0p5_qtop0p004978\N385x385x65\run\movie\condensation00039.xmf
	    New File  		  72.0 m	G:\moist convection\Ek1e-1\AR16\Beta1p02\qbot0p5_qtop0p004978\N385x385x65\run\movie\condensation00040.h5
	    New File  		     817	G:\moist convection\Ek1e-1\AR16\Beta1p02\qbot0p5_qtop0p004978\N385x385x65\run\movie\condensation00040.xmf
	    New File  		  72.0 m	G:\moist convection\Ek1e-1\AR16\Beta1p02\qbot0p5_qtop0p004978\N385x385x65\run\movie\condensation00041.h5
	    New File  		     817	G:\moist convection\Ek1e-1\AR16\Beta1p02\qbot0p5_qtop0p004978\N385x385x65\run\movie\condensation00041.xmf
	    New File  		  72.0 m	G:\moist convection\Ek1e-1\AR16\Beta1p02\qbot0p5_qtop0p004978\N385x385x65\run\movie\condensation00042.h5
	    New File  		     817	G:\moist convection\Ek1e-1\AR16\Beta1p02\qbot0p5_qtop0p004978\N385x385x65\run\movie\condensation00042.xmf
	    New File  		  72.0 m	G:\moist convection\Ek1e-1\AR16\Beta1p02\qbot0p5_qtop0p004978\N385x385x65\run\movie\condensation00043.h5
	    New File  		     817	G:\moist convection\Ek1e-1\AR16\Beta1p02\qbot0p5_qtop0p004978\N385x385x65\run\movie\condensation00043.xmf
	    New File  		  72.0 m	G:\moist convection\Ek1e-1\AR16\Beta1p02\qbot0p5_qtop0p004978\N385x385x65\run\movie\condensation00044.h5
	    New File  		     817	G:\moist convection\Ek1e-1\AR16\Beta1p02\qbot0p5_qtop0p004978\N385x385x65\run\movie\condensation00044.xmf
	    New File  		  72.0 m	G:\moist convection\Ek1e-1\AR16\Beta1p02\qbot0p5_qtop0p004978\N385x385x65\run\movie\condensation00045.h5
	    New File  		     817	G:\moist convection\Ek1e-1\AR16\Beta1p02\qbot0p5_qtop0p004978\N385x385x65\run\movie\condensation00045.xmf
	    New File  		  72.0 m	G:\moist convection\Ek1e-1\AR16\Beta1p02\qbot0p5_qtop0p004978\N385x385x65\run\movie\condensation00046.h5
	    New File  		    1186	field00234.xmf
	    New File  		 216.0 m	field00235.h5
	    New File  		    1186	field00235.xmf
	    New File  		 216.0 m	field00236.h5
	    New File  		    1186	field00236.xmf
	    New File  		 216.0 m	field00237.h5
	    New File  		    1186	field00237.xmf
	    New File  		 216.0 m	field00238.h5
	    New File  		    1186	field00238.xmf
	    New File  		 216.0 m	field00239.h5
	    New File  		    1186	field00239.xmf
	    New File  		 216.0 m	field00240.h5
	    New File  		    1186	field00240.xmf
	    New File  		 216.0 m	field00241.h5
	    New File  		    1186	field00241.xmf
	    New File  		 216.0 m	field00242.h5
	    New File  		    1186	field00242.xmf
	    New File  		 216.0 m	field00243.h5
	    New File  		    1186	field00243.xmf
	    New File  		 216.0 m	field00244.h5
	    New File  		    1186	field00244.xmf
	    New File  		 216.0 m	field00245.h5
	    New File  		    1186	field00245.xmf
	    New File  		 216.0 m	field00246.h5
	    New File  		    1186	field00246.xmf
	    New File  		 216.0 m	field00247.h5
	    New File  		    1186	field00247.xmf
	    New File  		 144.0 m	horizontal_velocity00198.h5
-------------------------------------------------------------------------------
   ROBOCOPY     ::     Robust File Copy for Windows                              
-------------------------------------------------------------------------------

  Started : 2026811 15:12:07
   Source : G:\moist convection\Ek1e-1\
     Dest : H:\rotating_case\Pr0p7\Ra8e6\Ek1e-1\

    Files : *.*
	    
  Options : *.* /S /E /DCOPY:DAT /COPY:DAT /MOVE /J /NP /XJ /R:2 /W:2 

------------------------------------------------------------------------------

	                   0	G:\moist convection\Ek1e-1\
	                   0	G:\moist convection\Ek1e-1\AR16\
	                   0	G:\moist convection\Ek1e-1\AR16\Beta1p02\
	                   0	G:\moist convection\Ek1e-1\AR16\Beta1p02\qbot0p5_qtop0p004978\
	                   0	G:\moist convection\Ek1e-1\AR16\Beta1p02\qbot0p5_qtop0p004978\N385x385x65\
	  *EXTRA File 		    2051	case_info.json
	  *EXTRA File 		     316	submit_after_check.sh
	                   0	G:\moist convection\Ek1e-1\AR16\Beta1p02\qbot0p5_qtop0p004978\N385x385x65\conti1\
	                   0	G:\moist convection\Ek1e-1\AR16\Beta1p02\qbot0p5_qtop0p004978\N385x385x65\conti1\conti_strict_force_500\
	                   0	G:\moist convection\Ek1e-1\AR16\Beta1p02\qbot0p5_qtop0p004978\N385x385x65\conti1\conti_strict_force_500\run\
	*EXTRA Dir        -1	H:\rotating_case\Pr0p7\Ra8e6\Ek1e-1\AR16\Beta1p02\qbot0p5_qtop0p004978\N385x385x65\conti1\conti_strict_force_500\run\contstr\
	*EXTRA Dir        -1	H:\rotating_case\Pr0p7\Ra8e6\Ek1e-1\AR16\Beta1p02\qbot0p5_qtop0p004978\N385x385x65\conti1\conti_strict_force_500\run\data\
	*EXTRA Dir        -1	H:\rotating_case\Pr0p7\Ra8e6\Ek1e-1\AR16\Beta1p02\qbot0p5_qtop0p004978\N385x385x65\conti1\conti_strict_force_500\run\diagnostics\
	*EXTRA Dir        -1	H:\rotating_case\Pr0p7\Ra8e6\Ek1e-1\AR16\Beta1p02\qbot0p5_qtop0p004978\N385x385x65\conti1\conti_strict_force_500\run\fact\
	*EXTRA Dir        -1	H:\rotating_case\Pr0p7\Ra8e6\Ek1e-1\AR16\Beta1p02\qbot0p5_qtop0p004978\N385x385x65\conti1\conti_strict_force_500\run\flowmov\
	  *EXTRA File 		      29	74644387.err
	  *EXTRA File 		   1.2 m	74644387.out
	  *EXTRA File 		    1309	bou.in
	  *EXTRA File 		    5390	check_drizzle_before_submit.py
	  *EXTRA File 		     468	CONTINUATION_INFO.txt
	  *EXTRA File 		  72.3 m	continua_dsal.h5
	  *EXTRA File 		     160	continua_grid.dat
	  *EXTRA File 		  72.3 m	continua_q1.h5
	  *EXTRA File 		  72.3 m	continua_q2.h5
	  *EXTRA File 		  72.3 m	continua_q3.h5
	  *EXTRA File 		  72.3 m	continua_qvap.h5
	  *EXTRA File 		   29212	drizzle_init.dat
	  *EXTRA File 		    1515	drizzle_init_last_generation.json
	  *EXTRA File 		    1661	drizzle_init_meta.json
	  *EXTRA File 		   17440	field_gridc.h5
	  *EXTRA File 		   17440	field_gridd.h5
	  *EXTRA File 		    2913	field_ms.xmf
	  *EXTRA File 		  644814	fort.97
	  *EXTRA File 		   13158	generate_drizzle_initial_condition.py
	  *EXTRA File 		    1186	prepare_drizzle_initial_condition.sh
	  *EXTRA File 		     173	runsim.sh
	  *EXTRA File 		   2.7 m	simexec
	  *EXTRA File 		   17750	stability_solver.py
	  *EXTRA File 		    1598	subjob.sh
	                 300	G:\moist convection\Ek1e-1\AR16\Beta1p02\qbot0p5_qtop0p004978\N385x385x65\conti1\conti_strict_force_500\run\movie\
	  *EXTRA File 		  72.0 m	condensation00198.h5
	  *EXTRA File 		     817	condensation00198.xmf
	  *EXTRA File 		  72.0 m	condensation00199.h5
	  *EXTRA File 		     817	condensation00199.xmf
	  *EXTRA File 		  72.0 m	condensation00200.h5
	  *EXTRA File 		     817	condensation00200.xmf
	  *EXTRA File 		  72.0 m	condensation00201.h5
	  *EXTRA File 		     817	condensation00201.xmf
	  *EXTRA File 		  72.0 m	condensation00202.h5
	  *EXTRA File 		     817	condensation00202.xmf
	  *EXTRA File 		  72.0 m	condensation00203.h5
	  *EXTRA File 		     817	condensation00203.xmf
	  *EXTRA File 		  72.0 m	condensation00204.h5
	  *EXTRA File 		     817	condensation00204.xmf
	  *EXTRA File 		  72.0 m	condensation00205.h5
	  *EXTRA File 		     817	condensation00205.xmf
	  *EXTRA File 		  72.0 m	condensation00206.h5
	  *EXTRA File 		     817	condensation00206.xmf
	  *EXTRA File 		  72.0 m	condensation00207.h5
	  *EXTRA File 		     817	condensation00207.xmf
	  *EXTRA File 		  72.0 m	condensation00208.h5
	  *EXTRA File 		     817	condensation00208.xmf
	  *EXTRA File 		  72.0 m	condensation00209.h5
	  *EXTRA File 		     817	condensation00209.xmf
	  *EXTRA File 		  72.0 m	condensation00210.h5
	  *EXTRA File 		     817	condensation00210.xmf
	  *EXTRA File 		  72.0 m	condensation00211.h5
	  *EXTRA File 		     817	condensation00211.xmf
	  *EXTRA File 		  72.0 m	condensation00212.h5
	  *EXTRA File 		     817	condensation00212.xmf
	  *EXTRA File 		  72.0 m	condensation00213.h5
	  *EXTRA File 		     817	condensation00213.xmf
	  *EXTRA File 		  72.0 m	condensation00214.h5
	  *EXTRA File 		     817	condensation00214.xmf
	  *EXTRA File 		  72.0 m	condensation00215.h5
	  *EXTRA File 		     817	condensation00215.xmf
	  *EXTRA File 		  72.0 m	condensation00216.h5
	  *EXTRA File 		     817	condensation00216.xmf
	  *EXTRA File 		  72.0 m	condensation00217.h5
	  *EXTRA File 		     817	condensation00217.xmf
	  *EXTRA File 		  72.0 m	condensation00218.h5
	  *EXTRA File 		     817	condensation00218.xmf
	  *EXTRA File 		  72.0 m	condensation00219.h5
	  *EXTRA File 		     817	condensation00219.xmf
	  *EXTRA File 		  72.0 m	condensation00220.h5
	  *EXTRA File 		     817	condensation00220.xmf
	  *EXTRA File 		  72.0 m	condensation00221.h5
	  *EXTRA File 		     817	condensation00221.xmf
	  *EXTRA File 		  72.0 m	condensation00222.h5
	  *EXTRA File 		     817	condensation00222.xmf
	  *EXTRA File 		  72.0 m	condensation00223.h5
	  *EXTRA File 		     817	condensation00223.xmf
	  *EXTRA File 		  72.0 m	condensation00224.h5
	  *EXTRA File 		     817	condensation00224.xmf
	  *EXTRA File 		  72.0 m	condensation00225.h5
	  *EXTRA File 		     817	condensation00225.xmf
	  *EXTRA File 		  72.0 m	condensation00226.h5
	  *EXTRA File 		     817	condensation00226.xmf
	  *EXTRA File 		  72.0 m	condensation00227.h5
	  *EXTRA File 		     817	condensation00227.xmf
	  *EXTRA File 		  72.0 m	condensation00228.h5
	  *EXTRA File 		     817	condensation00228.xmf
	  *EXTRA File 		  72.0 m	condensation00229.h5
	  *EXTRA File 		     817	condensation00229.xmf
	  *EXTRA File 		  72.0 m	condensation00230.h5
	  *EXTRA File 		     817	condensation00230.xmf
	  *EXTRA File 		  72.0 m	condensation00231.h5
	  *EXTRA File 		     817	condensation00231.xmf
	  *EXTRA File 		  72.0 m	condensation00232.h5
	  *EXTRA File 		     817	condensation00232.xmf
	  *EXTRA File 		  72.0 m	condensation00233.h5
	  *EXTRA File 		     817	condensation00233.xmf
	  *EXTRA File 		  72.0 m	condensation00234.h5
	  *EXTRA File 		     817	condensation00234.xmf
	  *EXTRA File 		  72.0 m	condensation00235.h5
	  *EXTRA File 		     817	condensation00235.xmf
	  *EXTRA File 		  72.0 m	condensation00236.h5
	  *EXTRA File 		     817	condensation00236.xmf
	  *EXTRA File 		  72.0 m	condensation00237.h5
	  *EXTRA File 		     817	condensation00237.xmf
	  *EXTRA File 		  72.0 m	condensation00238.h5
	  *EXTRA File 		     817	condensation00238.xmf
	  *EXTRA File 		  72.0 m	condensation00239.h5
	  *EXTRA File 		     817	condensation00239.xmf
	  *EXTRA File 		  72.0 m	condensation00240.h5
	  *EXTRA File 		     817	condensation00240.xmf
	  *EXTRA File 		  72.0 m	condensation00241.h5
	  *EXTRA File 		     817	condensation00241.xmf
	  *EXTRA File 		  72.0 m	condensation00242.h5
	  *EXTRA File 		     817	condensation00242.xmf
	  *EXTRA File 		  72.0 m	condensation00243.h5
	  *EXTRA File 		     817	condensation00243.xmf
	  *EXTRA File 		  72.0 m	condensation00244.h5
	  *EXTRA File 		     817	condensation00244.xmf
	  *EXTRA File 		  72.0 m	condensation00245.h5
	  *EXTRA File 		     817	condensation00245.xmf
	  *EXTRA File 		  72.0 m	condensation00246.h5
	  *EXTRA File 		     817	condensation00246.xmf
	  *EXTRA File 		  72.0 m	condensation00247.h5
	  *EXTRA File 		     817	condensation00247.xmf
	  *EXTRA File 		    8704	cordin_info.h5
	  *EXTRA File 		 216.0 m	field00198.h5
	  *EXTRA File 		    1186	field00198.xmf
	  *EXTRA File 		 216.0 m	field00199.h5
	  *EXTRA File 		    1186	field00199.xmf
	  *EXTRA File 		 216.0 m	field00200.h5
	  *EXTRA File 		    1186	field00200.xmf
	  *EXTRA File 		 216.0 m	field00201.h5
	  *EXTRA File 		    1186	field00201.xmf
	  *EXTRA File 		 216.0 m	field00202.h5
	  *EXTRA File 		    1186	field00202.xmf
	  *EXTRA File 		 216.0 m	field00203.h5
	  *EXTRA File 		    1186	field00203.xmf
	  *EXTRA File 		 216.0 m	field00204.h5
	  *EXTRA File 		    1186	field00204.xmf
	  *EXTRA File 		 216.0 m	field00205.h5
	  *EXTRA File 		    1186	field00205.xmf
	  *EXTRA File 		 216.0 m	field00206.h5
	  *EXTRA File 		    1186	field00206.xmf
	  *EXTRA File 		 216.0 m	field00207.h5
	  *EXTRA File 		    1186	field00207.xmf
	  *EXTRA File 		 216.0 m	field00208.h5
	  *EXTRA File 		    1186	field00208.xmf
	  *EXTRA File 		 216.0 m	field00209.h5
	  *EXTRA File 		    1186	field00209.xmf
	  *EXTRA File 		 216.0 m	field00210.h5
	  *EXTRA File 		    1186	field00210.xmf
	  *EXTRA File 		 216.0 m	field00211.h5
	  *EXTRA File 		    1186	field00211.xmf
	  *EXTRA File 		 216.0 m	field00212.h5
	  *EXTRA File 		    1186	field00212.xmf
	  *EXTRA File 		 216.0 m	field00213.h5
	  *EXTRA File 		    1186	field00213.xmf
	  *EXTRA File 		 216.0 m	field00214.h5
	  *EXTRA File 		    1186	field00214.xmf
	  *EXTRA File 		 216.0 m	field00215.h5
	  *EXTRA File 		    1186	field00215.xmf
	  *EXTRA File 		 216.0 m	field00216.h5
	  *EXTRA File 		    1186	field00216.xmf
	  *EXTRA File 		 216.0 m	field00217.h5
	  *EXTRA File 		    1186	field00217.xmf
	  *EXTRA File 		 216.0 m	field00218.h5
	  *EXTRA File 		    1186	field00218.xmf
	  *EXTRA File 		 216.0 m	field00219.h5
	  *EXTRA File 		    1186	field00219.xmf
	  *EXTRA File 		 216.0 m	field00220.h5
	  *EXTRA File 		    1186	field00220.xmf
	  *EXTRA File 		 216.0 m	field00221.h5
	  *EXTRA File 		    1186	field00221.xmf
	  *EXTRA File 		 216.0 m	field00222.h5
	  *EXTRA File 		    1186	field00222.xmf
	  *EXTRA File 		 216.0 m	field00223.h5
	  *EXTRA File 		    1186	field00223.xmf
	  *EXTRA File 		 216.0 m	field00224.h5
	  *EXTRA File 		    1186	field00224.xmf
	  *EXTRA File 		 216.0 m	field00225.h5
	  *EXTRA File 		    1186	field00225.xmf
	  *EXTRA File 		 216.0 m	field00226.h5
	  *EXTRA File 		    1186	field00226.xmf
	  *EXTRA File 		 216.0 m	field00227.h5
	  *EXTRA File 		    1186	field00227.xmf
	  *EXTRA File 		 216.0 m	field00228.h5
	  *EXTRA File 		    1186	field00228.xmf
	  *EXTRA File 		 216.0 m	field00229.h5
	  *EXTRA File 		    1186	field00229.xmf
	  *EXTRA File 		 216.0 m	field00230.h5
	  *EXTRA File 		    1186	field00230.xmf
	  *EXTRA File 		 216.0 m	field00231.h5
	  *EXTRA File 		    1186	field00231.xmf
	  *EXTRA File 		 216.0 m	field00232.h5
	  *EXTRA File 		    1186	field00232.xmf
	  *EXTRA File 		 216.0 m	field00233.h5
	  *EXTRA File 		    1186	field00233.xmf
	  *EXTRA File 		 216.0 m	field00234.h5
	  *EXTRA File 		    1186	field00234.xmf
	  *EXTRA File 		 216.0 m	field00235.h5
	  *EXTRA File 		    1186	field00235.xmf
	  *EXTRA File 		 216.0 m	field00236.h5
	  *EXTRA File 		    1186	field00236.xmf
	  *EXTRA File 		 216.0 m	field00237.h5
	  *EXTRA File 		    1186	field00237.xmf
	  *EXTRA File 		 216.0 m	field00238.h5
	  *EXTRA File 		    1186	field00238.xmf
	  *EXTRA File 		 216.0 m	field00239.h5
	  *EXTRA File 		    1186	field00239.xmf
	  *EXTRA File 		 216.0 m	field00240.h5
	  *EXTRA File 		    1186	field00240.xmf
	  *EXTRA File 		 216.0 m	field00241.h5
	  *EXTRA File 		    1186	field00241.xmf
	  *EXTRA File 		 216.0 m	field00242.h5
	  *EXTRA File 		    1186	field00242.xmf
	  *EXTRA File 		 216.0 m	field00243.h5
	  *EXTRA File 		    1186	field00243.xmf
	  *EXTRA File 		 216.0 m	field00244.h5
	  *EXTRA File 		    1186	field00244.xmf
	  *EXTRA File 		 216.0 m	field00245.h5
	  *EXTRA File 		    1186	field00245.xmf
	  *EXTRA File 		 216.0 m	field00246.h5
	  *EXTRA File 		    1186	field00246.xmf
	  *EXTRA File 		 216.0 m	field00247.h5
	  *EXTRA File 		    1186	field00247.xmf
	    Older     		 144.0 m	horizontal_velocity00198.h5
	    New File  		    1022	horizontal_velocity00198.xmf
	    New File  		 144.0 m	horizontal_velocity00199.h5
	    New File  		    1022	horizontal_velocity00199.xmf
	    New File  		 144.0 m	horizontal_velocity00200.h5
	    New File  		    1022	horizontal_velocity00200.xmf
	    New File  		 144.0 m	horizontal_velocity00201.h5
	    New File  		    1022	horizontal_velocity00201.xmf
	    New File  		 144.0 m	horizontal_velocity00202.h5
	    New File  		    1022	horizontal_velocity00202.xmf
	    New File  		 144.0 m	horizontal_velocity00203.h5
	    New File  		    1022	horizontal_velocity00203.xmf
	    New File  		 144.0 m	horizontal_velocity00204.h5
	    New File  		    1022	horizontal_velocity00204.xmf
	    New File  		 144.0 m	horizontal_velocity00205.h5
	    New File  		    1022	horizontal_velocity00205.xmf
	    New File  		 144.0 m	horizontal_velocity00206.h5
	    New File  		    1022	horizontal_velocity00206.xmf
	    New File  		 144.0 m	horizontal_velocity00207.h5
	    New File  		    1022	horizontal_velocity00207.xmf
	    New File  		 144.0 m	horizontal_velocity00208.h5
	    New File  		    1022	horizontal_velocity00208.xmf
	    New File  		 144.0 m	horizontal_velocity00209.h5
	    New File  		    1022	horizontal_velocity00209.xmf
	    New File  		 144.0 m	horizontal_velocity00210.h5
	    New File  		    1022	horizontal_velocity00210.xmf
	    New File  		 144.0 m	horizontal_velocity00211.h5
	    New File  		    1022	horizontal_velocity00211.xmf
	    New File  		 144.0 m	horizontal_velocity00212.h5
	    New File  		    1022	horizontal_velocity00212.xmf
	    New File  		 144.0 m	horizontal_velocity00213.h5
	    New File  		    1022	horizontal_velocity00213.xmf
	    New File  		 144.0 m	horizontal_velocity00214.h5
	    New File  		    1022	horizontal_velocity00214.xmf
	    New File  		 144.0 m	horizontal_velocity00215.h5
	    New File  		    1022	horizontal_velocity00215.xmf
	    New File  		 144.0 m	horizontal_velocity00216.h5
	    New File  		    1022	horizontal_velocity00216.xmf
	    New File  		 144.0 m	horizontal_velocity00217.h5
	    New File  		    1022	horizontal_velocity00217.xmf
	    New File  		 144.0 m	horizontal_velocity00218.h5
	    New File  		    1022	horizontal_velocity00218.xmf
	    New File  		 144.0 m	horizontal_velocity00219.h5
	    New File  		    1022	horizontal_velocity00219.xmf
	    New File  		 144.0 m	horizontal_velocity00220.h5
	    New File  		    1022	horizontal_velocity00220.xmf
	    New File  		 144.0 m	horizontal_velocity00221.h5
	    New File  		    1022	horizontal_velocity00221.xmf
	    New File  		 144.0 m	horizontal_velocity00222.h5
	    New File  		    1022	horizontal_velocity00222.xmf
	    New File  		 144.0 m	horizontal_velocity00223.h5
	    New File  		    1022	horizontal_velocity00223.xmf
	    New File  		 144.0 m	horizontal_velocity00224.h5
	    New File  		    1022	horizontal_velocity00224.xmf
	    New File  		 144.0 m	horizontal_velocity00225.h5
	    New File  		    1022	horizontal_velocity00225.xmf
	    New File  		 144.0 m	horizontal_velocity00226.h5
	    New File  		    1022	horizontal_velocity00226.xmf
	    New File  		 144.0 m	horizontal_velocity00227.h5
	    New File  		    1022	horizontal_velocity00227.xmf
	    New File  		 144.0 m	horizontal_velocity00228.h5
	    New File  		    1022	horizontal_velocity00228.xmf
	    New File  		 144.0 m	horizontal_velocity00229.h5
	    New File  		    1022	horizontal_velocity00229.xmf
	    New File  		 144.0 m	horizontal_velocity00230.h5
	    New File  		    1022	horizontal_velocity00230.xmf
	    New File  		 144.0 m	horizontal_velocity00231.h5
	    New File  		    1022	horizontal_velocity00231.xmf
	    New File  		 144.0 m	horizontal_velocity00232.h5
	    New File  		    1022	horizontal_velocity00232.xmf
	    New File  		 144.0 m	horizontal_velocity00233.h5
	    New File  		    1022	horizontal_velocity00233.xmf
	    New File  		 144.0 m	horizontal_velocity00234.h5
	    New File  		    1022	horizontal_velocity00234.xmf
	    New File  		 144.0 m	horizontal_velocity00235.h5
	    New File  		    1022	horizontal_velocity00235.xmf
	    New File  		 144.0 m	horizontal_velocity00236.h5
	    New File  		    1022	horizontal_velocity00236.xmf
	    New File  		 144.0 m	horizontal_velocity00237.h5
	    New File  		    1022	horizontal_velocity00237.xmf
	    New File  		 144.0 m	horizontal_velocity00238.h5
	    New File  		    1022	horizontal_velocity00238.xmf
	    New File  		 144.0 m	horizontal_velocity00239.h5
	    New File  		    1022	horizontal_velocity00239.xmf
	    New File  		 144.0 m	horizontal_velocity00240.h5
	    New File  		    1022	horizontal_velocity00240.xmf
	    New File  		 144.0 m	horizontal_velocity00241.h5
	    New File  		    1022	horizontal_velocity00241.xmf
	    New File  		 144.0 m	horizontal_velocity00242.h5
	    New File  		    1022	horizontal_velocity00242.xmf
	    New File  		 144.0 m	horizontal_velocity00243.h5
	    New File  		    1022	horizontal_velocity00243.xmf
	    New File  		 144.0 m	horizontal_velocity00244.h5
	    New File  		    1022	horizontal_velocity00244.xmf
	    New File  		 144.0 m	horizontal_velocity00245.h5
	    New File  		    1022	horizontal_velocity00245.xmf
	    New File  		 144.0 m	horizontal_velocity00246.h5
	    New File  		    1022	horizontal_velocity00246.xmf
	    New File  		 144.0 m	horizontal_velocity00247.h5
	    New File  		    1022	horizontal_velocity00247.xmf
	    New File  		  72.0 m	mprime00198.h5
	    New File  		     815	mprime00198.xmf
	    New File  		  72.0 m	mprime00199.h5
	    New File  		     815	mprime00199.xmf
	    New File  		  72.0 m	mprime00200.h5
	    New File  		     815	mprime00200.xmf
	    New File  		  72.0 m	mprime00201.h5
	    New File  		     815	mprime00201.xmf
	    New File  		  72.0 m	mprime00202.h5
	    New File  		     815	mprime00202.xmf
	    New File  		  72.0 m	mprime00203.h5
	    New File  		     815	mprime00203.xmf
	    New File  		  72.0 m	mprime00204.h5
	    New File  		     815	mprime00204.xmf
	    New File  		  72.0 m	mprime00205.h5
	    New File  		     815	mprime00205.xmf
	    New File  		  72.0 m	mprime00206.h5
	    New File  		     815	mprime00206.xmf
	    New File  		  72.0 m	mprime00207.h5
	    New File  		     815	mprime00207.xmf
	    New File  		  72.0 m	mprime00208.h5
	    New File  		     815	mprime00208.xmf
	    New File  		  72.0 m	mprime00209.h5
	    New File  		     815	mprime00209.xmf
	    New File  		  72.0 m	mprime00210.h5
	    New File  		     815	mprime00210.xmf
	    New File  		  72.0 m	mprime00211.h5
	    New File  		     815	mprime00211.xmf
	    New File  		  72.0 m	mprime00212.h5
	    New File  		     815	mprime00212.xmf
	    New File  		  72.0 m	mprime00213.h5
	    New File  		     815	mprime00213.xmf
	    New File  		  72.0 m	mprime00214.h5
	    New File  		     815	mprime00214.xmf
	    New File  		  72.0 m	mprime00215.h5
	    New File  		     815	mprime00215.xmf
	    New File  		  72.0 m	mprime00216.h5
	    New File  		     815	mprime00216.xmf
	    New File  		  72.0 m	mprime00217.h5
	    New File  		     815	mprime00217.xmf
	    New File  		  72.0 m	mprime00218.h5
	    New File  		     815	mprime00218.xmf
	    New File  		  72.0 m	mprime00219.h5
	    New File  		     815	mprime00219.xmf
	    New File  		  72.0 m	mprime00220.h5
	    New File  		     815	mprime00220.xmf
	    New File  		  72.0 m	mprime00221.h5
	    New File  		     815	mprime00221.xmf
	    New File  		  72.0 m	mprime00222.h5
	    New File  		     815	mprime00222.xmf
	    New File  		  72.0 m	mprime00223.h5
	    New File  		     815	mprime00223.xmf
	    New File  		  72.0 m	mprime00224.h5
	    New File  		     815	mprime00224.xmf
	    New File  		  72.0 m	mprime00225.h5
	    New File  		     815	mprime00225.xmf
	    New File  		  72.0 m	mprime00226.h5
	    New File  		     815	mprime00226.xmf
	    New File  		  72.0 m	mprime00227.h5
	    New File  		     815	mprime00227.xmf
	    New File  		  72.0 m	mprime00228.h5
	    New File  		     815	mprime00228.xmf
	    New File  		  72.0 m	mprime00229.h5
	    New File  		     815	mprime00229.xmf
	    New File  		  72.0 m	mprime00230.h5
	    New File  		     815	mprime00230.xmf
	    New File  		  72.0 m	mprime00231.h5
	    New File  		     815	mprime00231.xmf
	    New File  		  72.0 m	mprime00232.h5
	    New File  		     815	mprime00232.xmf
	    New File  		  72.0 m	mprime00233.h5
	    New File  		     815	mprime00233.xmf
	    New File  		  72.0 m	mprime00234.h5
	    New File  		     815	mprime00234.xmf
	    New File  		  72.0 m	mprime00235.h5
	    New File  		     815	mprime00235.xmf
	    New File  		  72.0 m	mprime00236.h5
	    New File  		     815	mprime00236.xmf
	    New File  		  72.0 m	mprime00237.h5
	    New File  		     815	mprime00237.xmf
	    New File  		  72.0 m	mprime00238.h5
	    New File  		     815	mprime00238.xmf
	    New File  		  72.0 m	mprime00239.h5
	    New File  		     815	mprime00239.xmf
	    New File  		  72.0 m	mprime00240.h5
	    New File  		     815	mprime00240.xmf
	    New File  		  72.0 m	mprime00241.h5
	    New File  		     815	mprime00241.xmf
	    New File  		  72.0 m	mprime00242.h5
	    New File  		     815	mprime00242.xmf
	    New File  		  72.0 m	mprime00243.h5
	    New File  		     815	mprime00243.xmf
	    New File  		  72.0 m	mprime00244.h5
	    New File  		     815	mprime00244.xmf
	    New File  		  72.0 m	mprime00245.h5
	    New File  		     815	mprime00245.xmf
	    New File  		  72.0 m	mprime00246.h5
	    New File  		     815	mprime00246.xmf
	    New File  		  72.0 m	mprime00247.h5
	    New File  		     815	mprime00247.xmf
	    New File  		  72.0 m	pressure00198.h5
	    New File  		     816	pressure00198.xmf
	    New File  		  72.0 m	pressure00199.h5
	    New File  		     816	pressure00199.xmf
	    New File  		  72.0 m	pressure00200.h5
	    New File  		     816	pressure00200.xmf
	    New File  		  72.0 m	pressure00201.h5
	    New File  		     816	pressure00201.xmf
	    New File  		  72.0 m	pressure00202.h5
	    New File  		     816	pressure00202.xmf
	    New File  		  72.0 m	pressure00203.h5
	    New File  		     816	pressure00203.xmf
	    New File  		  72.0 m	pressure00204.h5
	    New File  		     816	pressure00204.xmf
	    New File  		  72.0 m	pressure00205.h5
	    New File  		     816	pressure00205.xmf
	    New File  		  72.0 m	pressure00206.h5
	    New File  		     816	pressure00206.xmf
	    New File  		  72.0 m	pressure00207.h5
	    New File  		     816	pressure00207.xmf
	    New File  		  72.0 m	pressure00208.h5
	    New File  		     816	pressure00208.xmf
	    New File  		  72.0 m	pressure00209.h5
	    New File  		     816	pressure00209.xmf
	    New File  		  72.0 m	pressure00210.h5
	    New File  		     816	pressure00210.xmf
	    New File  		  72.0 m	pressure00211.h5
	    New File  		     816	pressure00211.xmf
	    New File  		  72.0 m	pressure00212.h5
	    New File  		     816	pressure00212.xmf
	    New File  		  72.0 m	pressure00213.h5
	    New File  		     816	pressure00213.xmf
	    New File  		  72.0 m	pressure00214.h5
	    New File  		     816	pressure00214.xmf
	    New File  		  72.0 m	pressure00215.h5
	    New File  		     816	pressure00215.xmf
	    New File  		  72.0 m	pressure00216.h5
	    New File  		     816	pressure00216.xmf
	    New File  		  72.0 m	pressure00217.h5
	    New File  		     816	pressure00217.xmf
	    New File  		  72.0 m	pressure00218.h5
	    New File  		     816	pressure00218.xmf
	    New File  		  72.0 m	pressure00219.h5
	    New File  		     816	pressure00219.xmf
	    New File  		  72.0 m	pressure00220.h5
	    New File  		     816	pressure00220.xmf
	    New File  		  72.0 m	pressure00221.h5
	    New File  		     816	pressure00221.xmf
	    New File  		  72.0 m	pressure00222.h5
	    New File  		     816	pressure00222.xmf
	    New File  		  72.0 m	pressure00223.h5
	    New File  		     816	pressure00223.xmf
	    New File  		  72.0 m	pressure00224.h5
	    New File  		     816	pressure00224.xmf
	    New File  		  72.0 m	pressure00225.h5
	    New File  		     816	pressure00225.xmf
	    New File  		  72.0 m	pressure00226.h5
	    New File  		     816	pressure00226.xmf
	    New File  		  72.0 m	pressure00227.h5
	    New File  		     816	pressure00227.xmf
	    New File  		  72.0 m	pressure00228.h5
	    New File  		     816	pressure00228.xmf
	    New File  		  72.0 m	pressure00229.h5
	    New File  		     816	pressure00229.xmf
	    New File  		  72.0 m	pressure00230.h5
	    New File  		     816	pressure00230.xmf
	    New File  		  72.0 m	pressure00231.h5
	    New File  		     816	pressure00231.xmf
	    New File  		  72.0 m	pressure00232.h5
	    New File  		     816	pressure00232.xmf
	    New File  		  72.0 m	pressure00233.h5
	    New File  		     816	pressure00233.xmf
	    New File  		  72.0 m	pressure00234.h5
	    New File  		     816	pressure00234.xmf
	    New File  		  72.0 m	pressure00235.h5
	    New File  		     816	pressure00235.xmf
	    New File  		  72.0 m	pressure00236.h5
	    New File  		     816	pressure00236.xmf
	    New File  		  72.0 m	pressure00237.h5
	    New File  		     816	pressure00237.xmf
	    New File  		  72.0 m	pressure00238.h5
	    New File  		     816	pressure00238.xmf
	    New File  		  72.0 m	pressure00239.h5
	    New File  		     816	pressure00239.xmf
	    New File  		  72.0 m	pressure00240.h5
	    New File  		     816	pressure00240.xmf
	    New File  		  72.0 m	pressure00241.h5
	    New File  		     816	pressure00241.xmf
	    New File  		  72.0 m	pressure00242.h5
	    New File  		     816	pressure00242.xmf
	    New File  		  72.0 m	pressure00243.h5
	    New File  		     816	pressure00243.xmf
	    New File  		  72.0 m	pressure00244.h5
	    New File  		     816	pressure00244.xmf
	    New File  		  72.0 m	pressure00245.h5
	    New File  		     816	pressure00245.xmf
	    New File  		  72.0 m	pressure00246.h5
	    New File  		     816	pressure00246.xmf
	    New File  		  72.0 m	pressure00247.h5
	    New File  		     816	pressure00247.xmf
	  New Dir          0	G:\moist convection\Ek1e-1\AR16\Beta1p02\qbot0p5_qtop0p004978\N385x385x65\conti1\conti_strict_force_500\run\postprocess\
	  New Dir          2	G:\moist convection\Ek1e-1\AR16\Beta1p02\qbot0p5_qtop0p004978\N385x385x65\conti1\conti_strict_force_500\run\postprocess\self_aggregation\
	    New File  		   24948	aggregation_analysis.py
	    New File  		    2117	README_self_aggregation.md
	  New Dir         21	G:\moist convection\Ek1e-1\AR16\Beta1p02\qbot0p5_qtop0p004978\N385x385x65\conti1\conti_strict_force_500\run\run\
	    New File  		    1308	bou.in
	    New File  		    5390	check_drizzle_before_submit.py
	    New File  		  72.3 m	continua_dsal.h5
	    New File  		     160	continua_grid.dat
	    New File  		  72.3 m	continua_q1.h5
	    New File  		  72.3 m	continua_q2.h5
	    New File  		  72.3 m	continua_q3.h5
	    New File  		  72.3 m	continua_qvap.h5
	    New File  		   29212	drizzle_init.dat
	    New File  		    1515	drizzle_init_last_generation.json
	    New File  		    1661	drizzle_init_meta.json
	    New File  		   17440	field_gridc.h5
	    New File  		   17440	field_gridd.h5
	    New File  		    2913	field_ms.xmf
	    New File  		  644814	fort.97
	    New File  		   13158	generate_drizzle_initial_condition.py
	    New File  		    1186	prepare_drizzle_initial_condition.sh
	    New File  		     173	runsim.sh
	    New File  		   2.9 m	simexec
	    New File  		   17750	stability_solver.py
	    New File  		    1876	subjob.sh
	  New Dir          0	G:\moist convection\Ek1e-1\AR16\Beta1p02\qbot0p5_qtop0p004978\N385x385x65\conti1\conti_strict_force_500\run\run\contstr\
	  New Dir          6	G:\moist convection\Ek1e-1\AR16\Beta1p02\qbot0p5_qtop0p004978\N385x385x65\conti1\conti_strict_force_500\run\run\data\
	    New File  		   2.2 m	avgvar.out
	    New File  		   3.0 m	kh_energy.out
	    New File  		       0	layer.out
	    New File  		       0	nusse_walls.out
	    New File  		  71.0 m	nu_profiles.out
	    New File  		  895575	vmax.out
	  New Dir          0	G:\moist convection\Ek1e-1\AR16\Beta1p02\qbot0p5_qtop0p004978\N385x385x65\conti1\conti_strict_force_500\run\run\diagnostics\
	  New Dir          3	G:\moist convection\Ek1e-1\AR16\Beta1p02\qbot0p5_qtop0p004978\N385x385x65\conti1\conti_strict_force_500\run\run\diagnostics\scale\
	    New File  		  644814	convective_scale.dat
	    New File  		  895575	moist_integral_scale.dat
	    New File  		  895575	peak_scale.dat
	  New Dir          2	G:\moist convection\Ek1e-1\AR16\Beta1p02\qbot0p5_qtop0p004978\N385x385x65\conti1\conti_strict_force_500\run\run\diagnostics\thermo\
	    New File  		  573168	condensation.dat
	    New File  		   1.0 m	mprime_square.dat
	  New Dir          7	G:\moist convection\Ek1e-1\AR16\Beta1p02\qbot0p5_qtop0p004978\N385x385x65\conti1\conti_strict_force_500\run\run\diagnostics\vortex\
	    New File  		  859752	maximum_radius.dat
	    New File  		  644814	structure_ratio.dat
	    New File  		   1.1 m	tracker_core.restart
	    New File  		   1.1 m	tracker_positive.restart
	    New File  		  45.9 m	vortex_core_history.dat
	    New File  		 141.0 m	vortex_kinematics.dat
	    New File  		  14.9 m	vortex_positive_history.dat
	  New Dir          8	G:\moist convection\Ek1e-1\AR16\Beta1p02\qbot0p5_qtop0p004978\N385x385x65\conti1\conti_strict_force_500\run\run\fact\
	    New File  		    2730	udx3.out
	    New File  		    2730	udx3r.out
	    New File  		   16170	xcorbase.out
	    New File  		   16170	xcorrefi.out
	    New File  		   16170	ycorbase.out
	    New File  		   16170	ycorrefi.out
	    New File  		    5070	zcorbase.out
	    New File  		    5070	zcorrefi.out
	  New Dir        376	G:\moist convection\Ek1e-1\AR16\Beta1p02\qbot0p5_qtop0p004978\N385x385x65\conti1\conti_strict_force_500\run\run\flowmov\
	    New File  		  395264	cordin_xcut_info.h5
	    New File  		   2.2 m	cordin_zcut_info.h5
	    New File  		  397312	frame_00001_xcut.h5
	    New File  		    1303	frame_00001_xcut.xmf
	    New File  		   5.6 m	frame_00001_zcut.h5
	    New File  		    1497	frame_00001_zcut.xmf
	    New File  		  397312	frame_00002_xcut.h5
	    New File  		    1303	frame_00002_xcut.xmf
	    New File  		  397312	frame_00003_xcut.h5
	    New File  		    1303	frame_00003_xcut.xmf
	    New File  		   5.6 m	frame_00003_zcut.h5
	    New File  		    1497	frame_00003_zcut.xmf
	    New File  		  397312	frame_00004_xcut.h5
	    New File  		    1303	frame_00004_xcut.xmf
	    New File  		  397312	frame_00005_xcut.h5
	    New File  		    1303	frame_00005_xcut.xmf
	    New File  		   5.6 m	frame_00005_zcut.h5
	    New File  		    1497	frame_00005_zcut.xmf
	    New File  		  397312	frame_00006_xcut.h5
	    New File  		    1303	frame_00006_xcut.xmf
	    New File  		   5.6 m	frame_00006_zcut.h5
	    New File  		    1497	frame_00006_zcut.xmf
	    New File  		  397312	frame_00007_xcut.h5
	    New File  		    1303	frame_00007_xcut.xmf
	    New File  		  397312	frame_00008_xcut.h5
	    New File  		    1303	frame_00008_xcut.xmf
	    New File  		   5.6 m	frame_00008_zcut.h5
	    New File  		    1497	frame_00008_zcut.xmf
	    New File  		  397312	frame_00009_xcut.h5
	    New File  		    1303	frame_00009_xcut.xmf
	    New File  		  397312	frame_00010_xcut.h5
	    New File  		    1303	frame_00010_xcut.xmf
	    New File  		   5.6 m	frame_00010_zcut.h5
	    New File  		    1497	frame_00010_zcut.xmf
	    New File  		  397312	frame_00011_xcut.h5
	    New File  		    1303	frame_00011_xcut.xmf
	    New File  		  397312	frame_00012_xcut.h5
	    New File  		    1303	frame_00012_xcut.xmf
	    New File  		   5.6 m	frame_00012_zcut.h5
	    New File  		    1497	frame_00012_zcut.xmf
	    New File  		  397312	frame_00013_xcut.h5
	    New File  		    1303	frame_00013_xcut.xmf
	    New File  		  397312	frame_00014_xcut.h5
	    New File  		    1303	frame_00014_xcut.xmf
	    New File  		   5.6 m	frame_00014_zcut.h5
	    New File  		    1497	frame_00014_zcut.xmf
	    New File  		  397312	frame_00015_xcut.h5
	    New File  		    1303	frame_00015_xcut.xmf
	    New File  		   5.6 m	frame_00015_zcut.h5
	    New File  		    1497	frame_00015_zcut.xmf
	    New File  		  397312	frame_00016_xcut.h5
	    New File  		    1303	frame_00016_xcut.xmf
	    New File  		  397312	frame_00017_xcut.h5
	    New File  		    1303	frame_00017_xcut.xmf
	    New File  		   5.6 m	frame_00017_zcut.h5
	    New File  		    1497	frame_00017_zcut.xmf
	    New File  		  397312	frame_00018_xcut.h5
	    New File  		    1303	frame_00018_xcut.xmf
	    New File  		  397312	frame_00019_xcut.h5
	    New File  		    1303	frame_00019_xcut.xmf
	    New File  		   5.6 m	frame_00019_zcut.h5
	    New File  		    1497	frame_00019_zcut.xmf
	    New File  		  397312	frame_00020_xcut.h5
	    New File  		    1303	frame_00020_xcut.xmf
	    New File  		  397312	frame_00021_xcut.h5
	    New File  		    1303	frame_00021_xcut.xmf
	    New File  		   5.6 m	frame_00021_zcut.h5
	    New File  		    1497	frame_00021_zcut.xmf
	    New File  		  397312	frame_00022_xcut.h5
	    New File  		    1303	frame_00022_xcut.xmf
	    New File  		   5.6 m	frame_00022_zcut.h5
	    New File  		    1497	frame_00022_zcut.xmf
	    New File  		  397312	frame_00023_xcut.h5
	    New File  		    1303	frame_00023_xcut.xmf
	    New File  		  397312	frame_00024_xcut.h5
	    New File  		    1303	frame_00024_xcut.xmf
	    New File  		   5.6 m	frame_00024_zcut.h5
	    New File  		    1497	frame_00024_zcut.xmf
	    New File  		  397312	frame_00025_xcut.h5
	    New File  		    1303	frame_00025_xcut.xmf
	    New File  		  397312	frame_00026_xcut.h5
	    New File  		    1303	frame_00026_xcut.xmf
	    New File  		   5.6 m	frame_00026_zcut.h5
	    New File  		    1497	frame_00026_zcut.xmf
	    New File  		  397312	frame_00027_xcut.h5
	    New File  		    1303	frame_00027_xcut.xmf
	    New File  		  397312	frame_00028_xcut.h5
	    New File  		    1303	frame_00028_xcut.xmf
	    New File  		   5.6 m	frame_00028_zcut.h5
	    New File  		    1497	frame_00028_zcut.xmf
	    New File  		  397312	frame_00029_xcut.h5
	    New File  		    1303	frame_00029_xcut.xmf
	    New File  		   5.6 m	frame_00029_zcut.h5
	    New File  		    1497	frame_00029_zcut.xmf
	    New File  		  397312	frame_00030_xcut.h5
	    New File  		    1303	frame_00030_xcut.xmf
	    New File  		  397312	frame_00031_xcut.h5
	    New File  		    1303	frame_00031_xcut.xmf
	    New File  		   5.6 m	frame_00031_zcut.h5
	    New File  		    1497	frame_00031_zcut.xmf
	    New File  		  397312	frame_00032_xcut.h5
	    New File  		    1303	frame_00032_xcut.xmf
	    New File  		  397312	frame_00033_xcut.h5
	    New File  		    1303	frame_00033_xcut.xmf
	    New File  		   5.6 m	frame_00033_zcut.h5
	    New File  		    1497	frame_00033_zcut.xmf
	    New File  		  397312	frame_00034_xcut.h5
	    New File  		    1303	frame_00034_xcut.xmf
	    New File  		  397312	frame_00035_xcut.h5
	    New File  		    1303	frame_00035_xcut.xmf
	    New File  		   5.6 m	frame_00035_zcut.h5
	    New File  		    1497	frame_00035_zcut.xmf
	    New File  		  397312	frame_00036_xcut.h5
	    New File  		    1303	frame_00036_xcut.xmf
	    New File  		   5.6 m	frame_00036_zcut.h5
	    New File  		    1497	frame_00036_zcut.xmf
	    New File  		  397312	frame_00037_xcut.h5
	    New File  		    1303	frame_00037_xcut.xmf
	    New File  		  397312	frame_00038_xcut.h5
	    New File  		    1303	frame_00038_xcut.xmf
	    New File  		   5.6 m	frame_00038_zcut.h5
	    New File  		    1497	frame_00038_zcut.xmf
	    New File  		  397312	frame_00039_xcut.h5
	    New File  		    1303	frame_00039_xcut.xmf
	    New File  		  397312	frame_00040_xcut.h5
	    New File  		    1303	frame_00040_xcut.xmf
	    New File  		   5.6 m	frame_00040_zcut.h5
	    New File  		    1497	frame_00040_zcut.xmf
	    New File  		  397312	frame_00041_xcut.h5
	    New File  		    1303	frame_00041_xcut.xmf
	    New File  		  397312	frame_00042_xcut.h5
	    New File  		    1303	frame_00042_xcut.xmf
	    New File  		   5.6 m	frame_00042_zcut.h5
	    New File  		    1497	frame_00042_zcut.xmf
	    New File  		  397312	frame_00043_xcut.h5
	    New File  		    1303	frame_00043_xcut.xmf
	    New File  		   5.6 m	frame_00043_zcut.h5
	    New File  		    1497	frame_00043_zcut.xmf
	    New File  		  397312	frame_00044_xcut.h5
	    New File  		    1303	frame_00044_xcut.xmf
	    New File  		  397312	frame_00045_xcut.h5
	    New File  		    1303	frame_00045_xcut.xmf
	    New File  		   5.6 m	frame_00045_zcut.h5
	    New File  		    1497	frame_00045_zcut.xmf
	    New File  		  397312	frame_00046_xcut.h5
	    New File  		    1303	frame_00046_xcut.xmf
	    New File  		  397312	frame_00047_xcut.h5
	    New File  		    1303	frame_00047_xcut.xmf
	    New File  		   5.6 m	frame_00047_zcut.h5
	    New File  		    1497	frame_00047_zcut.xmf
	    New File  		  397312	frame_00048_xcut.h5
	    New File  		    1303	frame_00048_xcut.xmf
	    New File  		  397312	frame_00049_xcut.h5
	    New File  		    1303	frame_00049_xcut.xmf
	    New File  		   5.6 m	frame_00049_zcut.h5
	    New File  		    1497	frame_00049_zcut.xmf
	    New File  		  397312	frame_00050_xcut.h5
	    New File  		    1303	frame_00050_xcut.xmf
	    New File  		   5.6 m	frame_00050_zcut.h5
	    New File  		    1497	frame_00050_zcut.xmf
	    New File  		  397312	frame_00051_xcut.h5
	    New File  		    1303	frame_00051_xcut.xmf
	    New File  		  397312	frame_00052_xcut.h5
	    New File  		    1303	frame_00052_xcut.xmf
	    New File  		   5.6 m	frame_00052_zcut.h5
	    New File  		    1497	frame_00052_zcut.xmf
	    New File  		  397312	frame_00053_xcut.h5
	    New File  		    1303	frame_00053_xcut.xmf
	    New File  		  397312	frame_00054_xcut.h5
	    New File  		    1303	frame_00054_xcut.xmf
	    New File  		   5.6 m	frame_00054_zcut.h5
	    New File  		    1497	frame_00054_zcut.xmf
	    New File  		  397312	frame_00055_xcut.h5
	    New File  		    1303	frame_00055_xcut.xmf
	    New File  		   5.6 m	frame_00055_zcut.h5
	    New File  		    1497	frame_00055_zcut.xmf
	    New File  		  397312	frame_00056_xcut.h5
	    New File  		    1303	frame_00056_xcut.xmf
	    New File  		  397312	frame_00057_xcut.h5
	    New File  		    1303	frame_00057_xcut.xmf
	    New File  		   5.6 m	frame_00057_zcut.h5
	    New File  		    1497	frame_00057_zcut.xmf
	    New File  		  397312	frame_00058_xcut.h5
	    New File  		    1303	frame_00058_xcut.xmf
	    New File  		  397312	frame_00059_xcut.h5
	    New File  		    1303	frame_00059_xcut.xmf
	    New File  		   5.6 m	frame_00059_zcut.h5
	    New File  		    1497	frame_00059_zcut.xmf
	    New File  		  397312	frame_00060_xcut.h5
	    New File  		    1303	frame_00060_xcut.xmf
	    New File  		  397312	frame_00061_xcut.h5
	    New File  		    1303	frame_00061_xcut.xmf
	    New File  		   5.6 m	frame_00061_zcut.h5
	    New File  		    1497	frame_00061_zcut.xmf
	    New File  		  397312	frame_00062_xcut.h5
	    New File  		    1303	frame_00062_xcut.xmf
	    New File  		   5.6 m	frame_00062_zcut.h5
	    New File  		    1497	frame_00062_zcut.xmf
	    New File  		  397312	frame_00063_xcut.h5
	    New File  		    1303	frame_00063_xcut.xmf
	    New File  		  397312	frame_00064_xcut.h5
	    New File  		    1303	frame_00064_xcut.xmf
	    New File  		   5.6 m	frame_00064_zcut.h5
	    New File  		    1497	frame_00064_zcut.xmf
	    New File  		  397312	frame_00065_xcut.h5
	    New File  		    1303	frame_00065_xcut.xmf
	    New File  		  397312	frame_00066_xcut.h5
	    New File  		    1303	frame_00066_xcut.xmf
	    New File  		   5.6 m	frame_00066_zcut.h5
	    New File  		    1497	frame_00066_zcut.xmf
	    New File  		  397312	frame_00067_xcut.h5
	    New File  		    1303	frame_00067_xcut.xmf
	    New File  		  397312	frame_00068_xcut.h5
	    New File  		    1303	frame_00068_xcut.xmf
	    New File  		   5.6 m	frame_00068_zcut.h5
	    New File  		    1497	frame_00068_zcut.xmf
	    New File  		  397312	frame_00069_xcut.h5
	    New File  		    1303	frame_00069_xcut.xmf
	    New File  		   5.6 m	frame_00069_zcut.h5
	    New File  		    1497	frame_00069_zcut.xmf
	    New File  		  397312	frame_00070_xcut.h5
	    New File  		    1303	frame_00070_xcut.xmf
	    New File  		  397312	frame_00071_xcut.h5
	    New File  		    1303	frame_00071_xcut.xmf
	    New File  		   5.6 m	frame_00071_zcut.h5
	    New File  		    1497	frame_00071_zcut.xmf
	    New File  		  397312	frame_00072_xcut.h5
	    New File  		    1303	frame_00072_xcut.xmf
	    New File  		  397312	frame_00073_xcut.h5
	    New File  		    1303	frame_00073_xcut.xmf
	    New File  		   5.6 m	frame_00073_zcut.h5
	    New File  		    1497	frame_00073_zcut.xmf
	    New File  		  397312	frame_00074_xcut.h5
	    New File  		    1303	frame_00074_xcut.xmf
	    New File  		  397312	frame_00075_xcut.h5
	    New File  		    1303	frame_00075_xcut.xmf
	    New File  		   5.6 m	frame_00075_zcut.h5
	    New File  		    1497	frame_00075_zcut.xmf
	    New File  		  397312	frame_00076_xcut.h5
	    New File  		    1303	frame_00076_xcut.xmf
	    New File  		   5.6 m	frame_00076_zcut.h5
	    New File  		    1497	frame_00076_zcut.xmf
	    New File  		  397312	frame_00077_xcut.h5
	    New File  		    1303	frame_00077_xcut.xmf
	    New File  		  397312	frame_00078_xcut.h5
	    New File  		    1303	frame_00078_xcut.xmf
	    New File  		   5.6 m	frame_00078_zcut.h5
	    New File  		    1497	frame_00078_zcut.xmf
	    New File  		  397312	frame_00079_xcut.h5
	    New File  		    1303	frame_00079_xcut.xmf
	    New File  		  397312	frame_00080_xcut.h5
	    New File  		    1303	frame_00080_xcut.xmf
	    New File  		   5.6 m	frame_00080_zcut.h5
	    New File  		    1497	frame_00080_zcut.xmf
	    New File  		  397312	frame_00081_xcut.h5
	    New File  		    1303	frame_00081_xcut.xmf
	    New File  		  397312	frame_00082_xcut.h5
	    New File  		    1303	frame_00082_xcut.xmf
	    New File  		   5.6 m	frame_00082_zcut.h5
	    New File  		    1497	frame_00082_zcut.xmf
	    New File  		  397312	frame_00083_xcut.h5
	    New File  		    1303	frame_00083_xcut.xmf
	    New File  		   5.6 m	frame_00083_zcut.h5
	    New File  		    1497	frame_00083_zcut.xmf
	    New File  		  397312	frame_00084_xcut.h5
	    New File  		    1303	frame_00084_xcut.xmf
	    New File  		  397312	frame_00085_xcut.h5
	    New File  		    1303	frame_00085_xcut.xmf
	    New File  		   5.6 m	frame_00085_zcut.h5
	    New File  		    1497	frame_00085_zcut.xmf
	    New File  		  397312	frame_00086_xcut.h5
	    New File  		    1303	frame_00086_xcut.xmf
	    New File  		  397312	frame_00087_xcut.h5
	    New File  		    1303	frame_00087_xcut.xmf
	    New File  		   5.6 m	frame_00087_zcut.h5
	    New File  		    1497	frame_00087_zcut.xmf
	    New File  		  397312	frame_00088_xcut.h5
	    New File  		    1303	frame_00088_xcut.xmf
	    New File  		  397312	frame_00089_xcut.h5
	    New File  		    1303	frame_00089_xcut.xmf
	    New File  		   5.6 m	frame_00089_zcut.h5
	    New File  		    1497	frame_00089_zcut.xmf
	    New File  		  397312	frame_00090_xcut.h5
	    New File  		    1303	frame_00090_xcut.xmf
	    New File  		   5.6 m	frame_00090_zcut.h5
	    New File  		    1497	frame_00090_zcut.xmf
	    New File  		  397312	frame_00091_xcut.h5
	    New File  		    1303	frame_00091_xcut.xmf
	    New File  		  397312	frame_00092_xcut.h5
	    New File  		    1303	frame_00092_xcut.xmf
	    New File  		   5.6 m	frame_00092_zcut.h5
	    New File  		    1497	frame_00092_zcut.xmf
	    New File  		  397312	frame_00093_xcut.h5
	    New File  		    1303	frame_00093_xcut.xmf
	    New File  		  397312	frame_00094_xcut.h5
	    New File  		    1303	frame_00094_xcut.xmf
	    New File  		   5.6 m	frame_00094_zcut.h5
	    New File  		    1497	frame_00094_zcut.xmf
	    New File  		  397312	frame_00095_xcut.h5
	    New File  		    1303	frame_00095_xcut.xmf
	    New File  		  397312	frame_00096_xcut.h5
	    New File  		    1303	frame_00096_xcut.xmf
	    New File  		   5.6 m	frame_00096_zcut.h5
	    New File  		    1497	frame_00096_zcut.xmf
	    New File  		  397312	frame_00097_xcut.h5
	    New File  		    1303	frame_00097_xcut.xmf
	    New File  		   5.6 m	frame_00097_zcut.h5
	    New File  		    1497	frame_00097_zcut.xmf
	    New File  		  397312	frame_00098_xcut.h5
	    New File  		    1303	frame_00098_xcut.xmf
	    New File  		  397312	frame_00099_xcut.h5
	    New File  		    1303	frame_00099_xcut.xmf
	    New File  		   5.6 m	frame_00099_zcut.h5
	    New File  		    1497	frame_00099_zcut.xmf
	    New File  		  397312	frame_00100_xcut.h5
	    New File  		    1303	frame_00100_xcut.xmf
	    New File  		  397312	frame_00101_xcut.h5
	    New File  		    1303	frame_00101_xcut.xmf
	    New File  		   5.6 m	frame_00101_zcut.h5
	    New File  		    1497	frame_00101_zcut.xmf
	    New File  		  397312	frame_00102_xcut.h5
	    New File  		    1303	frame_00102_xcut.xmf
	    New File  		  397312	frame_00103_xcut.h5
	    New File  		    1303	frame_00103_xcut.xmf
	    New File  		   5.6 m	frame_00103_zcut.h5
	    New File  		    1497	frame_00103_zcut.xmf
	    New File  		  397312	frame_00104_xcut.h5
	    New File  		    1303	frame_00104_xcut.xmf
	    New File  		   5.6 m	frame_00104_zcut.h5
	    New File  		    1497	frame_00104_zcut.xmf
	    New File  		  397312	frame_00105_xcut.h5
	    New File  		    1303	frame_00105_xcut.xmf
	    New File  		  397312	frame_00106_xcut.h5
	    New File  		    1303	frame_00106_xcut.xmf
	    New File  		   5.6 m	frame_00106_zcut.h5
	    New File  		    1497	frame_00106_zcut.xmf
	    New File  		  397312	frame_00107_xcut.h5
	    New File  		    1303	frame_00107_xcut.xmf
	    New File  		  397312	frame_00108_xcut.h5
	    New File  		    1303	frame_00108_xcut.xmf
	    New File  		   5.6 m	frame_00108_zcut.h5
	    New File  		    1497	frame_00108_zcut.xmf
	    New File  		  397312	frame_00109_xcut.h5
	    New File  		    1303	frame_00109_xcut.xmf
	    New File  		  397312	frame_00110_xcut.h5
	    New File  		    1303	frame_00110_xcut.xmf
	    New File  		   5.6 m	frame_00110_zcut.h5
	    New File  		    1497	frame_00110_zcut.xmf
	    New File  		  397312	frame_00111_xcut.h5
	    New File  		    1303	frame_00111_xcut.xmf
	    New File  		   5.6 m	frame_00111_zcut.h5
	    New File  		    1497	frame_00111_zcut.xmf
	    New File  		  397312	frame_00112_xcut.h5
	    New File  		    1303	frame_00112_xcut.xmf
	    New File  		  397312	frame_00113_xcut.h5
	    New File  		    1303	frame_00113_xcut.xmf
	    New File  		   5.6 m	frame_00113_zcut.h5
	    New File  		    1497	frame_00113_zcut.xmf
	    New File  		  397312	frame_00114_xcut.h5
	    New File  		    1303	frame_00114_xcut.xmf
	    New File  		  397312	frame_00115_xcut.h5
	    New File  		    1303	frame_00115_xcut.xmf
	    New File  		   5.6 m	frame_00115_zcut.h5
	    New File  		    1497	frame_00115_zcut.xmf
	    New File  		  397312	frame_00116_xcut.h5
	    New File  		    1303	frame_00116_xcut.xmf
	    New File  		  397312	frame_00117_xcut.h5
	    New File  		    1303	frame_00117_xcut.xmf
	    New File  		   5.6 m	frame_00117_zcut.h5
	    New File  		    1497	frame_00117_zcut.xmf
	    New File  		  397312	frame_00118_xcut.h5
	    New File  		    1303	frame_00118_xcut.xmf
	    New File  		   5.6 m	frame_00118_zcut.h5
	    New File  		    1497	frame_00118_zcut.xmf
	    New File  		  397312	frame_00119_xcut.h5
	    New File  		    1303	frame_00119_xcut.xmf
	  New Dir        953	G:\moist convection\Ek1e-1\AR16\Beta1p02\qbot0p5_qtop0p004978\N385x385x65\conti1\conti_strict_force_500\run\run\movie\
	    New File  		  72.0 m	condensation00001.h5
	    New File  		     817	condensation00001.xmf
	    New File  		  72.0 m	condensation00002.h5
	    New File  		     817	condensation00002.xmf
	    New File  		  72.0 m	condensation00003.h5
	    New File  		     817	condensation00003.xmf
	    New File  		  72.0 m	condensation00004.h5
	    New File  		     817	condensation00004.xmf
	    New File  		  72.0 m	condensation00005.h5
	    New File  		     817	condensation00005.xmf
	    New File  		  72.0 m	condensation00006.h5
	    New File  		     817	condensation00006.xmf
	    New File  		  72.0 m	condensation00007.h5
	    New File  		     817	condensation00007.xmf
	    New File  		  72.0 m	condensation00008.h5
	    New File  		     817	condensation00008.xmf
	    New File  		  72.0 m	condensation00009.h5
	    New File  		     817	condensation00009.xmf
	    New File  		  72.0 m	condensation00010.h5
	    New File  		     817	condensation00010.xmf
	    New File  		  72.0 m	condensation00011.h5
	    New File  		     817	condensation00011.xmf
	    New File  		  72.0 m	condensation00012.h5
	    New File  		     817	condensation00012.xmf
	    New File  		  72.0 m	condensation00013.h5
	    New File  		     817	condensation00013.xmf
	    New File  		  72.0 m	condensation00014.h5
	    New File  		     817	condensation00014.xmf
	    New File  		  72.0 m	condensation00015.h5
	    New File  		     817	condensation00015.xmf
	    New File  		  72.0 m	condensation00016.h5
	    New File  		     817	condensation00016.xmf
	    New File  		  72.0 m	condensation00017.h5
	    New File  		     817	condensation00017.xmf
	    New File  		  72.0 m	condensation00018.h5
	    New File  		     817	condensation00018.xmf
	    New File  		  72.0 m	condensation00019.h5
	    New File  		     817	condensation00019.xmf
	    New File  		  72.0 m	condensation00020.h5
	    New File  		     817	condensation00020.xmf
	    New File  		  72.0 m	condensation00021.h5
	    New File  		     817	condensation00021.xmf
	    New File  		  72.0 m	condensation00022.h5
	    New File  		     817	condensation00022.xmf
	    New File  		  72.0 m	condensation00023.h5
	    New File  		     817	condensation00023.xmf
	    New File  		  72.0 m	condensation00024.h5
	    New File  		     817	condensation00024.xmf
	    New File  		  72.0 m	condensation00025.h5
	    New File  		     817	condensation00025.xmf
	    New File  		  72.0 m	condensation00026.h5
	    New File  		     817	condensation00026.xmf
	    New File  		  72.0 m	condensation00027.h5
	    New File  		     817	condensation00027.xmf
	    New File  		  72.0 m	condensation00028.h5
	    New File  		     817	condensation00028.xmf
	    New File  		  72.0 m	condensation00029.h5
	    New File  		     817	condensation00029.xmf
	    New File  		  72.0 m	condensation00030.h5
	    New File  		     817	condensation00030.xmf
	    New File  		  72.0 m	condensation00031.h5
	    New File  		     817	condensation00031.xmf
	    New File  		  72.0 m	condensation00032.h5
	    New File  		     817	condensation00032.xmf
	    New File  		  72.0 m	condensation00033.h5
	    New File  		     817	condensation00033.xmf
	    New File  		  72.0 m	condensation00034.h5
	    New File  		     817	condensation00034.xmf
	    New File  		  72.0 m	condensation00035.h5
	    New File  		     817	condensation00035.xmf
	    New File  		  72.0 m	condensation00036.h5
	    New File  		     817	condensation00036.xmf
	    New File  		  72.0 m	condensation00037.h5
	    New File  		     817	condensation00037.xmf
	    New File  		  72.0 m	condensation00038.h5
	    New File  		     817	condensation00038.xmf
	    New File  		  72.0 m	condensation00039.h5
	    New File  		     817	condensation00039.xmf
	    New File  		  72.0 m	condensation00040.h5
	    New File  		     817	condensation00040.xmf
	    New File  		  72.0 m	condensation00041.h5
	    New File  		     817	condensation00041.xmf
	    New File  		  72.0 m	condensation00042.h5
	    New File  		     817	condensation00042.xmf
	    New File  		  72.0 m	condensation00043.h5
	    New File  		     817	condensation00043.xmf
	    New File  		  72.0 m	condensation00044.h5
	    New File  		     817	condensation00044.xmf
	    New File  		  72.0 m	condensation00045.h5
	    New File  		     817	condensation00045.xmf
	    New File  		  72.0 m	condensation00046.h5
	    New File  		     817	condensation00046.xmf
	    New File  		  72.0 m	condensation00047.h5
	    New File  		     817	condensation00047.xmf
	    New File  		  72.0 m	condensation00048.h5
	    New File  		     817	condensation00048.xmf
	    New File  		  72.0 m	condensation00049.h5
	    New File  		     817	condensation00049.xmf
	    New File  		  72.0 m	condensation00050.h5
	    New File  		     817	condensation00050.xmf
	    New File  		  72.0 m	condensation00051.h5
	    New File  		     817	condensation00051.xmf
	    New File  		  72.0 m	condensation00052.h5
	    New File  		     817	condensation00052.xmf
	    New File  		  72.0 m	condensation00053.h5
	    New File  		     817	condensation00053.xmf
	    New File  		  72.0 m	condensation00054.h5
	    New File  		     817	condensation00054.xmf
	    New File  		  72.0 m	condensation00055.h5
	    New File  		     817	condensation00055.xmf
	    New File  		  72.0 m	condensation00056.h5
	    New File  		     817	condensation00056.xmf
	    New File  		  72.0 m	condensation00057.h5
	    New File  		     817	condensation00057.xmf
	    New File  		  72.0 m	condensation00058.h5
	    New File  		     817	condensation00058.xmf
	    New File  		  72.0 m	condensation00059.h5
	    New File  		     817	condensation00059.xmf
	    New File  		  72.0 m	condensation00060.h5
	    New File  		     817	condensation00060.xmf
	    New File  		  72.0 m	condensation00061.h5
	    New File  		     817	condensation00061.xmf
	    New File  		  72.0 m	condensation00062.h5
	    New File  		     817	condensation00062.xmf
	    New File  		  72.0 m	condensation00063.h5
	    New File  		     817	condensation00063.xmf
	    New File  		  72.0 m	condensation00064.h5
	    New File  		     817	condensation00064.xmf
	    New File  		  72.0 m	condensation00065.h5
	    New File  		     817	condensation00065.xmf
	    New File  		  72.0 m	condensation00066.h5
	    New File  		     817	condensation00066.xmf
	    New File  		  72.0 m	condensation00067.h5
	    New File  		     817	condensation00067.xmf
	    New File  		  72.0 m	condensation00068.h5
	    New File  		     817	condensation00068.xmf
	    New File  		  72.0 m	condensation00069.h5
	    New File  		     817	condensation00069.xmf
	    New File  		  72.0 m	condensation00070.h5
	    New File  		     817	condensation00070.xmf
	    New File  		  72.0 m	condensation00071.h5
	    New File  		     817	condensation00071.xmf
	    New File  		  72.0 m	condensation00072.h5
	    New File  		     817	condensation00072.xmf
	    New File  		  72.0 m	condensation00073.h5
	    New File  		     817	condensation00073.xmf
	    New File  		  72.0 m	condensation00074.h5
	    New File  		     817	condensation00074.xmf
	    New File  		  72.0 m	condensation00075.h5
	    New File  		     817	condensation00075.xmf
	    New File  		  72.0 m	condensation00076.h5
	    New File  		     817	condensation00076.xmf
	    New File  		  72.0 m	condensation00077.h5
	    New File  		     817	condensation00077.xmf
	    New File  		  72.0 m	condensation00078.h5
	    New File  		     817	condensation00078.xmf
	    New File  		  72.0 m	condensation00079.h5
	    New File  		     817	condensation00079.xmf
	    New File  		  72.0 m	condensation00080.h5
	    New File  		     817	condensation00080.xmf
	    New File  		  72.0 m	condensation00081.h5
	    New File  		     817	condensation00081.xmf
	    New File  		  72.0 m	condensation00082.h5
	    New File  		     817	condensation00082.xmf
	    New File  		  72.0 m	condensation00083.h5
	    New File  		     817	condensation00083.xmf
	    New File  		  72.0 m	condensation00084.h5
	    New File  		     817	condensation00084.xmf
	    New File  		  72.0 m	condensation00085.h5
	    New File  		     817	condensation00085.xmf
	    New File  		  72.0 m	condensation00086.h5
	    New File  		     817	condensation00086.xmf
	    New File  		  72.0 m	condensation00087.h5
	    New File  		     817	condensation00087.xmf
	    New File  		  72.0 m	condensation00088.h5
	    New File  		     817	condensation00088.xmf
	    New File  		  72.0 m	condensation00089.h5
	    New File  		     817	condensation00089.xmf
	    New File  		  72.0 m	condensation00090.h5
	    New File  		     817	condensation00090.xmf
	    New File  		  72.0 m	condensation00091.h5
	    New File  		     817	condensation00091.xmf
	    New File  		  72.0 m	condensation00092.h5
	    New File  		     817	condensation00092.xmf
	    New File  		  72.0 m	condensation00093.h5
	    New File  		     817	condensation00093.xmf
	    New File  		  72.0 m	condensation00094.h5
	    New File  		     817	condensation00094.xmf
	    New File  		  72.0 m	condensation00095.h5
	    New File  		     817	condensation00095.xmf
	    New File  		  72.0 m	condensation00096.h5
	    New File  		     817	condensation00096.xmf
	    New File  		  72.0 m	condensation00097.h5
	    New File  		     817	condensation00097.xmf
	    New File  		  72.0 m	condensation00098.h5
	    New File  		     817	condensation00098.xmf
	    New File  		  72.0 m	condensation00099.h5
	    New File  		     817	condensation00099.xmf
	    New File  		  72.0 m	condensation00100.h5
	    New File  		     817	condensation00100.xmf
	    New File  		  72.0 m	condensation00101.h5
	    New File  		     817	condensation00101.xmf
	    New File  		  72.0 m	condensation00102.h5
	    New File  		     817	condensation00102.xmf
	    New File  		  72.0 m	condensation00103.h5
	    New File  		     817	condensation00103.xmf
	    New File  		  72.0 m	condensation00104.h5
	    New File  		     817	condensation00104.xmf
	    New File  		  72.0 m	condensation00105.h5
	    New File  		     817	condensation00105.xmf
	    New File  		  72.0 m	condensation00106.h5
	    New File  		     817	condensation00106.xmf
	    New File  		  72.0 m	condensation00107.h5
	    New File  		     817	condensation00107.xmf
	    New File  		  72.0 m	condensation00108.h5
	    New File  		     817	condensation00108.xmf
	    New File  		  72.0 m	condensation00109.h5
	    New File  		     817	condensation00109.xmf
	    New File  		  72.0 m	condensation00110.h5
	    New File  		     817	condensation00110.xmf
	    New File  		  72.0 m	condensation00111.h5
	    New File  		     817	condensation00111.xmf
	    New File  		  72.0 m	condensation00112.h5
	    New File  		     817	condensation00112.xmf
	    New File  		  72.0 m	condensation00113.h5
	    New File  		     817	condensation00113.xmf
	    New File  		  72.0 m	condensation00114.h5
	    New File  		     817	condensation00114.xmf
	    New File  		  72.0 m	condensation00115.h5
	    New File  		     817	condensation00115.xmf
	    New File  		  72.0 m	condensation00116.h5
	    New File  		     817	condensation00116.xmf
	    New File  		  72.0 m	condensation00117.h5
	    New File  		     817	condensation00117.xmf
	    New File  		  72.0 m	condensation00118.h5
	    New File  		     817	condensation00118.xmf
	    New File  		  72.0 m	condensation00119.h5
	    New File  		     817	condensation00119.xmf
	    New File  		    8704	cordin_info.h5
	    New File  		 216.0 m	field00001.h5
-------------------------------------------------------------------------------
   ROBOCOPY     ::     Robust File Copy for Windows                              
-------------------------------------------------------------------------------

  Started : 2026811 21:51:46
   Source : G:\moist convection\Ek1e-1\
     Dest : H:\rotating_case\Pr0p7\Ra8e6\Ek1e-1\

    Files : *.*
	    
  Options : *.* /S /E /DCOPY:DAT /COPY:DAT /MOVE /J /NP /XJ /R:2 /W:2 

------------------------------------------------------------------------------

	                   0	G:\moist convection\Ek1e-1\
	                   0	G:\moist convection\Ek1e-1\AR16\
	                   0	G:\moist convection\Ek1e-1\AR16\Beta1p02\
	                   0	G:\moist convection\Ek1e-1\AR16\Beta1p02\qbot0p5_qtop0p004978\
	                   0	G:\moist convection\Ek1e-1\AR16\Beta1p02\qbot0p5_qtop0p004978\N385x385x65\
	  *EXTRA File 		    2051	case_info.json
	  *EXTRA File 		     316	submit_after_check.sh
	                   0	G:\moist convection\Ek1e-1\AR16\Beta1p02\qbot0p5_qtop0p004978\N385x385x65\conti1\
	                   0	G:\moist convection\Ek1e-1\AR16\Beta1p02\qbot0p5_qtop0p004978\N385x385x65\conti1\conti_strict_force_500\
	                   0	G:\moist convection\Ek1e-1\AR16\Beta1p02\qbot0p5_qtop0p004978\N385x385x65\conti1\conti_strict_force_500\run\
	*EXTRA Dir        -1	H:\rotating_case\Pr0p7\Ra8e6\Ek1e-1\AR16\Beta1p02\qbot0p5_qtop0p004978\N385x385x65\conti1\conti_strict_force_500\run\contstr\
	*EXTRA Dir        -1	H:\rotating_case\Pr0p7\Ra8e6\Ek1e-1\AR16\Beta1p02\qbot0p5_qtop0p004978\N385x385x65\conti1\conti_strict_force_500\run\data\
	*EXTRA Dir        -1	H:\rotating_case\Pr0p7\Ra8e6\Ek1e-1\AR16\Beta1p02\qbot0p5_qtop0p004978\N385x385x65\conti1\conti_strict_force_500\run\diagnostics\
	*EXTRA Dir        -1	H:\rotating_case\Pr0p7\Ra8e6\Ek1e-1\AR16\Beta1p02\qbot0p5_qtop0p004978\N385x385x65\conti1\conti_strict_force_500\run\fact\
	*EXTRA Dir        -1	H:\rotating_case\Pr0p7\Ra8e6\Ek1e-1\AR16\Beta1p02\qbot0p5_qtop0p004978\N385x385x65\conti1\conti_strict_force_500\run\flowmov\
	*EXTRA Dir        -1	H:\rotating_case\Pr0p7\Ra8e6\Ek1e-1\AR16\Beta1p02\qbot0p5_qtop0p004978\N385x385x65\conti1\conti_strict_force_500\run\movie\
	*EXTRA Dir        -1	H:\rotating_case\Pr0p7\Ra8e6\Ek1e-1\AR16\Beta1p02\qbot0p5_qtop0p004978\N385x385x65\conti1\conti_strict_force_500\run\postprocess\
	  *EXTRA File 		      29	74644387.err
	  *EXTRA File 		   1.2 m	74644387.out
	  *EXTRA File 		    1309	bou.in
	  *EXTRA File 		    5390	check_drizzle_before_submit.py
	  *EXTRA File 		     468	CONTINUATION_INFO.txt
	  *EXTRA File 		  72.3 m	continua_dsal.h5
	  *EXTRA File 		     160	continua_grid.dat
	  *EXTRA File 		  72.3 m	continua_q1.h5
	  *EXTRA File 		  72.3 m	continua_q2.h5
	  *EXTRA File 		  72.3 m	continua_q3.h5
	  *EXTRA File 		  72.3 m	continua_qvap.h5
	  *EXTRA File 		   29212	drizzle_init.dat
	  *EXTRA File 		    1515	drizzle_init_last_generation.json
	  *EXTRA File 		    1661	drizzle_init_meta.json
	  *EXTRA File 		   17440	field_gridc.h5
	  *EXTRA File 		   17440	field_gridd.h5
	  *EXTRA File 		    2913	field_ms.xmf
	  *EXTRA File 		  644814	fort.97
	  *EXTRA File 		   13158	generate_drizzle_initial_condition.py
	  *EXTRA File 		    1186	prepare_drizzle_initial_condition.sh
	  *EXTRA File 		     173	runsim.sh
	  *EXTRA File 		   2.7 m	simexec
	  *EXTRA File 		   17750	stability_solver.py
	  *EXTRA File 		    1598	subjob.sh
	                   0	G:\moist convection\Ek1e-1\AR16\Beta1p02\qbot0p5_qtop0p004978\N385x385x65\conti1\run\
	*EXTRA Dir        -1	H:\rotating_case\Pr0p7\Ra8e6\Ek1e-1\AR16\Beta1p02\qbot0p5_qtop0p004978\N385x385x65\conti1\run\contstr\
	*EXTRA Dir        -1	H:\rotating_case\Pr0p7\Ra8e6\Ek1e-1\AR16\Beta1p02\qbot0p5_qtop0p004978\N385x385x65\conti1\run\run\
	  *EXTRA File 		     477	74479938.err
	  *EXTRA File 		   1.9 m	74479938.out
	  *EXTRA File 		    1307	bou.in
	  *EXTRA File 		    5390	check_drizzle_before_submit.py
	  *EXTRA File 		  72.3 m	continua_dsal.h5
	  *EXTRA File 		     160	continua_grid.dat
	  *EXTRA File 		  72.3 m	continua_q1.h5
	  *EXTRA File 		  72.3 m	continua_q2.h5
	  *EXTRA File 		  72.3 m	continua_q3.h5
	  *EXTRA File 		  72.3 m	continua_qvap.h5
	  *EXTRA File 		   29212	drizzle_init.dat
	  *EXTRA File 		    1515	drizzle_init_last_generation.json
	  *EXTRA File 		    1661	drizzle_init_meta.json
	  *EXTRA File 		   17440	field_gridc.h5
	  *EXTRA File 		   17440	field_gridd.h5
	  *EXTRA File 		    2913	field_ms.xmf
	  *EXTRA File 		  644814	fort.97
	  *EXTRA File 		   13158	generate_drizzle_initial_condition.py
	  *EXTRA File 		    1186	prepare_drizzle_initial_condition.sh
	  *EXTRA File 		     173	runsim.sh
	  *EXTRA File 		   2.9 m	simexec
	  *EXTRA File 		   17750	stability_solver.py
	  *EXTRA File 		    1876	subjob.sh
	                   6	G:\moist convection\Ek1e-1\AR16\Beta1p02\qbot0p5_qtop0p004978\N385x385x65\conti1\run\data\
	    New File  		   1.5 m	avgvar.out
	    New File  		   1.9 m	kh_energy.out
	    New File  		       0	layer.out
	    New File  		  422604	nusse_walls.out
	    New File  		  46.5 m	nu_profiles.out
	    New File  		  586950	vmax.out
	                   0	G:\moist convection\Ek1e-1\AR16\Beta1p02\qbot0p5_qtop0p004978\N385x385x65\conti1\run\diagnostics\
	  New Dir          3	G:\moist convection\Ek1e-1\AR16\Beta1p02\qbot0p5_qtop0p004978\N385x385x65\conti1\run\diagnostics\scale\
	    New File  		  422604	convective_scale.dat
	    New File  		  586950	moist_integral_scale.dat
	    New File  		  586950	peak_scale.dat
	  New Dir          2	G:\moist convection\Ek1e-1\AR16\Beta1p02\qbot0p5_qtop0p004978\N385x385x65\conti1\run\diagnostics\thermo\
	    New File  		  375648	condensation.dat
	    New File  		  751296	mprime_square.dat
	  New Dir          7	G:\moist convection\Ek1e-1\AR16\Beta1p02\qbot0p5_qtop0p004978\N385x385x65\conti1\run\diagnostics\vortex\
	    New File  		  563472	maximum_radius.dat
	    New File  		  422604	structure_ratio.dat
	    New File  		   1.1 m	tracker_core.restart
	    New File  		   1.1 m	tracker_positive.restart
	    New File  		   4.6 m	vortex_core_history.dat
	    New File  		  21.4 m	vortex_kinematics.dat
	    New File  		   4.6 m	vortex_positive_history.dat
	                   8	G:\moist convection\Ek1e-1\AR16\Beta1p02\qbot0p5_qtop0p004978\N385x385x65\conti1\run\fact\
	    New File  		    2730	udx3.out
	    New File  		    2730	udx3r.out
	    New File  		   16170	xcorbase.out
	    New File  		   16170	xcorrefi.out
	    New File  		   16170	ycorbase.out
	    New File  		   16170	ycorrefi.out
	    New File  		    5070	zcorbase.out
	    New File  		    5070	zcorrefi.out
	                 248	G:\moist convection\Ek1e-1\AR16\Beta1p02\qbot0p5_qtop0p004978\N385x385x65\conti1\run\flowmov\
	    New File  		  395264	cordin_xcut_info.h5
	    New File  		   2.2 m	cordin_zcut_info.h5
	    New File  		  397312	frame_00120_xcut.h5
	    New File  		    1303	frame_00120_xcut.xmf
	    New File  		   5.6 m	frame_00120_zcut.h5
	    New File  		    1497	frame_00120_zcut.xmf
	    New File  		  397312	frame_00121_xcut.h5
	    New File  		    1303	frame_00121_xcut.xmf
	    New File  		  397312	frame_00122_xcut.h5
	    New File  		    1303	frame_00122_xcut.xmf
	    New File  		   5.6 m	frame_00122_zcut.h5
	    New File  		    1497	frame_00122_zcut.xmf
	    New File  		  397312	frame_00123_xcut.h5
	    New File  		    1303	frame_00123_xcut.xmf
	    New File  		  397312	frame_00124_xcut.h5
	    New File  		    1303	frame_00124_xcut.xmf
	    New File  		   5.6 m	frame_00124_zcut.h5
	    New File  		    1497	frame_00124_zcut.xmf
	    New File  		  397312	frame_00125_xcut.h5
	    New File  		    1303	frame_00125_xcut.xmf
	    New File  		   5.6 m	frame_00125_zcut.h5
	    New File  		    1497	frame_00125_zcut.xmf
	    New File  		  397312	frame_00126_xcut.h5
	    New File  		    1303	frame_00126_xcut.xmf
	    New File  		  397312	frame_00127_xcut.h5
	    New File  		    1303	frame_00127_xcut.xmf
	    New File  		   5.6 m	frame_00127_zcut.h5
	    New File  		    1497	frame_00127_zcut.xmf
	    New File  		  397312	frame_00128_xcut.h5
	    New File  		    1303	frame_00128_xcut.xmf
	    New File  		  397312	frame_00129_xcut.h5
	    New File  		    1303	frame_00129_xcut.xmf
	    New File  		   5.6 m	frame_00129_zcut.h5
	    New File  		    1497	frame_00129_zcut.xmf
	    New File  		  397312	frame_00130_xcut.h5
	    New File  		    1303	frame_00130_xcut.xmf
	    New File  		  397312	frame_00131_xcut.h5
	    New File  		    1303	frame_00131_xcut.xmf
	    New File  		   5.6 m	frame_00131_zcut.h5
	    New File  		    1497	frame_00131_zcut.xmf
	    New File  		  397312	frame_00132_xcut.h5
	    New File  		    1303	frame_00132_xcut.xmf
	    New File  		   5.6 m	frame_00132_zcut.h5
	    New File  		    1497	frame_00132_zcut.xmf
	    New File  		  397312	frame_00133_xcut.h5
	    New File  		    1303	frame_00133_xcut.xmf
	    New File  		  397312	frame_00134_xcut.h5
	    New File  		    1303	frame_00134_xcut.xmf
	    New File  		   5.6 m	frame_00134_zcut.h5
	    New File  		    1497	frame_00134_zcut.xmf
	    New File  		  397312	frame_00135_xcut.h5
	    New File  		    1303	frame_00135_xcut.xmf
	    New File  		  397312	frame_00136_xcut.h5
	    New File  		    1303	frame_00136_xcut.xmf
	    New File  		   5.6 m	frame_00136_zcut.h5
	    New File  		    1497	frame_00136_zcut.xmf
	    New File  		  397312	frame_00137_xcut.h5
	    New File  		    1303	frame_00137_xcut.xmf
	    New File  		  397312	frame_00138_xcut.h5
	    New File  		    1303	frame_00138_xcut.xmf
	    New File  		   5.6 m	frame_00138_zcut.h5
	    New File  		    1497	frame_00138_zcut.xmf
	    New File  		  397312	frame_00139_xcut.h5
	    New File  		    1303	frame_00139_xcut.xmf
	    New File  		   5.6 m	frame_00139_zcut.h5
	    New File  		    1497	frame_00139_zcut.xmf
	    New File  		  397312	frame_00140_xcut.h5
	    New File  		    1303	frame_00140_xcut.xmf
	    New File  		  397312	frame_00141_xcut.h5
	    New File  		    1303	frame_00141_xcut.xmf
	    New File  		   5.6 m	frame_00141_zcut.h5
	    New File  		    1497	frame_00141_zcut.xmf
	    New File  		  397312	frame_00142_xcut.h5
	    New File  		    1303	frame_00142_xcut.xmf
	    New File  		  397312	frame_00143_xcut.h5
	    New File  		    1303	frame_00143_xcut.xmf
	    New File  		   5.6 m	frame_00143_zcut.h5
	    New File  		    1497	frame_00143_zcut.xmf
	    New File  		  397312	frame_00144_xcut.h5
	    New File  		    1303	frame_00144_xcut.xmf
	    New File  		  397312	frame_00145_xcut.h5
	    New File  		    1303	frame_00145_xcut.xmf
	    New File  		   5.6 m	frame_00145_zcut.h5
	    New File  		    1497	frame_00145_zcut.xmf
	    New File  		  397312	frame_00146_xcut.h5
	    New File  		    1303	frame_00146_xcut.xmf
	    New File  		  397312	frame_00147_xcut.h5
	    New File  		    1303	frame_00147_xcut.xmf
	    New File  		   5.6 m	frame_00147_zcut.h5
	    New File  		    1497	frame_00147_zcut.xmf
	    New File  		  397312	frame_00148_xcut.h5
	    New File  		    1303	frame_00148_xcut.xmf
	    New File  		   5.6 m	frame_00148_zcut.h5
	    New File  		    1497	frame_00148_zcut.xmf
	    New File  		  397312	frame_00149_xcut.h5
	    New File  		    1303	frame_00149_xcut.xmf
	    New File  		  397312	frame_00150_xcut.h5
	    New File  		    1303	frame_00150_xcut.xmf
	    New File  		   5.6 m	frame_00150_zcut.h5
	    New File  		    1497	frame_00150_zcut.xmf
	    New File  		  397312	frame_00151_xcut.h5
	    New File  		    1303	frame_00151_xcut.xmf
	    New File  		  397312	frame_00152_xcut.h5
	    New File  		    1303	frame_00152_xcut.xmf
	    New File  		   5.6 m	frame_00152_zcut.h5
	    New File  		    1497	frame_00152_zcut.xmf
	    New File  		  397312	frame_00153_xcut.h5
	    New File  		    1303	frame_00153_xcut.xmf
	    New File  		  397312	frame_00154_xcut.h5
	    New File  		    1303	frame_00154_xcut.xmf
	    New File  		   5.6 m	frame_00154_zcut.h5
	    New File  		    1497	frame_00154_zcut.xmf
	    New File  		  397312	frame_00155_xcut.h5
	    New File  		    1303	frame_00155_xcut.xmf
	    New File  		   5.6 m	frame_00155_zcut.h5
	    New File  		    1497	frame_00155_zcut.xmf
	    New File  		  397312	frame_00156_xcut.h5
	    New File  		    1303	frame_00156_xcut.xmf
	    New File  		  397312	frame_00157_xcut.h5
	    New File  		    1303	frame_00157_xcut.xmf
	    New File  		   5.6 m	frame_00157_zcut.h5
	    New File  		    1497	frame_00157_zcut.xmf
	    New File  		  397312	frame_00158_xcut.h5
	    New File  		    1303	frame_00158_xcut.xmf
	    New File  		  397312	frame_00159_xcut.h5
	    New File  		    1303	frame_00159_xcut.xmf
	    New File  		   5.6 m	frame_00159_zcut.h5
	    New File  		    1497	frame_00159_zcut.xmf
	    New File  		  397312	frame_00160_xcut.h5
	    New File  		    1303	frame_00160_xcut.xmf
	    New File  		  397312	frame_00161_xcut.h5
	    New File  		    1303	frame_00161_xcut.xmf
	    New File  		   5.6 m	frame_00161_zcut.h5
	    New File  		    1497	frame_00161_zcut.xmf
	    New File  		  397312	frame_00162_xcut.h5
	    New File  		    1303	frame_00162_xcut.xmf
	    New File  		   5.6 m	frame_00162_zcut.h5
	    New File  		    1497	frame_00162_zcut.xmf
	    New File  		  397312	frame_00163_xcut.h5
	    New File  		    1303	frame_00163_xcut.xmf
	    New File  		  397312	frame_00164_xcut.h5
	    New File  		    1303	frame_00164_xcut.xmf
	    New File  		   5.6 m	frame_00164_zcut.h5
	    New File  		    1497	frame_00164_zcut.xmf
	    New File  		  397312	frame_00165_xcut.h5
	    New File  		    1303	frame_00165_xcut.xmf
	    New File  		  397312	frame_00166_xcut.h5
	    New File  		    1303	frame_00166_xcut.xmf
	    New File  		   5.6 m	frame_00166_zcut.h5
	    New File  		    1497	frame_00166_zcut.xmf
	    New File  		  397312	frame_00167_xcut.h5
	    New File  		    1303	frame_00167_xcut.xmf
	    New File  		  397312	frame_00168_xcut.h5
	    New File  		    1303	frame_00168_xcut.xmf
	    New File  		   5.6 m	frame_00168_zcut.h5
	    New File  		    1497	frame_00168_zcut.xmf
	    New File  		  397312	frame_00169_xcut.h5
	    New File  		    1303	frame_00169_xcut.xmf
	    New File  		   5.6 m	frame_00169_zcut.h5
	    New File  		    1497	frame_00169_zcut.xmf
	    New File  		  397312	frame_00170_xcut.h5
	    New File  		    1303	frame_00170_xcut.xmf
	    New File  		  397312	frame_00171_xcut.h5
	    New File  		    1303	frame_00171_xcut.xmf
	    New File  		   5.6 m	frame_00171_zcut.h5
	    New File  		    1497	frame_00171_zcut.xmf
	    New File  		  397312	frame_00172_xcut.h5
	    New File  		    1303	frame_00172_xcut.xmf
	    New File  		  397312	frame_00173_xcut.h5
	    New File  		    1303	frame_00173_xcut.xmf
	    New File  		   5.6 m	frame_00173_zcut.h5
	    New File  		    1497	frame_00173_zcut.xmf
	    New File  		  397312	frame_00174_xcut.h5
	    New File  		    1303	frame_00174_xcut.xmf
	    New File  		  397312	frame_00175_xcut.h5
	    New File  		    1303	frame_00175_xcut.xmf
	    New File  		   5.6 m	frame_00175_zcut.h5
	    New File  		    1497	frame_00175_zcut.xmf
	    New File  		  397312	frame_00176_xcut.h5
	    New File  		    1303	frame_00176_xcut.xmf
	    New File  		   5.6 m	frame_00176_zcut.h5
	    New File  		    1497	frame_00176_zcut.xmf
	    New File  		  397312	frame_00177_xcut.h5
	    New File  		    1303	frame_00177_xcut.xmf
	    New File  		  397312	frame_00178_xcut.h5
	    New File  		    1303	frame_00178_xcut.xmf
	    New File  		   5.6 m	frame_00178_zcut.h5
	    New File  		    1497	frame_00178_zcut.xmf
	    New File  		  397312	frame_00179_xcut.h5
	    New File  		    1303	frame_00179_xcut.xmf
	    New File  		  397312	frame_00180_xcut.h5
	    New File  		    1303	frame_00180_xcut.xmf
	    New File  		   5.6 m	frame_00180_zcut.h5
	    New File  		    1497	frame_00180_zcut.xmf
	    New File  		  397312	frame_00181_xcut.h5
	    New File  		    1303	frame_00181_xcut.xmf
	    New File  		  397312	frame_00182_xcut.h5
	    New File  		    1303	frame_00182_xcut.xmf
	    New File  		   5.6 m	frame_00182_zcut.h5
	    New File  		    1497	frame_00182_zcut.xmf
	    New File  		  397312	frame_00183_xcut.h5
	    New File  		    1303	frame_00183_xcut.xmf
	    New File  		   5.6 m	frame_00183_zcut.h5
	    New File  		    1497	frame_00183_zcut.xmf
	    New File  		  397312	frame_00184_xcut.h5
	    New File  		    1303	frame_00184_xcut.xmf
	    New File  		  397312	frame_00185_xcut.h5
	    New File  		    1303	frame_00185_xcut.xmf
	    New File  		   5.6 m	frame_00185_zcut.h5
	    New File  		    1497	frame_00185_zcut.xmf
	    New File  		  397312	frame_00186_xcut.h5
	    New File  		    1303	frame_00186_xcut.xmf
	    New File  		  397312	frame_00187_xcut.h5
	    New File  		    1303	frame_00187_xcut.xmf
	    New File  		   5.6 m	frame_00187_zcut.h5
	    New File  		    1497	frame_00187_zcut.xmf
	    New File  		  397312	frame_00188_xcut.h5
	    New File  		    1303	frame_00188_xcut.xmf
	    New File  		  397312	frame_00189_xcut.h5
	    New File  		    1303	frame_00189_xcut.xmf
	    New File  		   5.6 m	frame_00189_zcut.h5
	    New File  		    1497	frame_00189_zcut.xmf
	    New File  		  397312	frame_00190_xcut.h5
	    New File  		    1303	frame_00190_xcut.xmf
	    New File  		   5.6 m	frame_00190_zcut.h5
	    New File  		    1497	frame_00190_zcut.xmf
	    New File  		  397312	frame_00191_xcut.h5
	    New File  		    1303	frame_00191_xcut.xmf
	    New File  		  397312	frame_00192_xcut.h5
	    New File  		    1303	frame_00192_xcut.xmf
	    New File  		   5.6 m	frame_00192_zcut.h5
	    New File  		    1497	frame_00192_zcut.xmf
	    New File  		  397312	frame_00193_xcut.h5
	    New File  		    1303	frame_00193_xcut.xmf
	    New File  		  397312	frame_00194_xcut.h5
	    New File  		    1303	frame_00194_xcut.xmf
	    New File  		   5.6 m	frame_00194_zcut.h5
	    New File  		    1497	frame_00194_zcut.xmf
	    New File  		  397312	frame_00195_xcut.h5
	    New File  		    1303	frame_00195_xcut.xmf
	    New File  		  397312	frame_00196_xcut.h5
	    New File  		    1303	frame_00196_xcut.xmf
	    New File  		   5.6 m	frame_00196_zcut.h5
	    New File  		    1497	frame_00196_zcut.xmf
	    New File  		  397312	frame_00197_xcut.h5
	    New File  		    1303	frame_00197_xcut.xmf
	    New File  		   5.6 m	frame_00197_zcut.h5
	    New File  		    1497	frame_00197_zcut.xmf
	                 625	G:\moist convection\Ek1e-1\AR16\Beta1p02\qbot0p5_qtop0p004978\N385x385x65\conti1\run\movie\
	    New File  		  72.0 m	condensation00120.h5
	    New File  		     817	condensation00120.xmf
	    New File  		  72.0 m	condensation00121.h5
	    New File  		     817	condensation00121.xmf
	    New File  		  72.0 m	condensation00122.h5
	    New File  		     817	condensation00122.xmf
	    New File  		  72.0 m	condensation00123.h5
	    New File  		     817	condensation00123.xmf
	    New File  		  72.0 m	condensation00124.h5
	    New File  		     817	condensation00124.xmf
	    New File  		  72.0 m	condensation00125.h5
	    New File  		     817	condensation00125.xmf
	    New File  		  72.0 m	condensation00126.h5
	    New File  		     817	condensation00126.xmf
	    New File  		  72.0 m	condensation00127.h5
	    New File  		     817	condensation00127.xmf
	    New File  		  72.0 m	condensation00128.h5
	    New File  		     817	condensation00128.xmf
	    New File  		  72.0 m	condensation00129.h5
	    New File  		     817	condensation00129.xmf
	    New File  		  72.0 m	condensation00130.h5
	    New File  		     817	condensation00130.xmf
	    New File  		  72.0 m	condensation00131.h5
	    New File  		     817	condensation00131.xmf
	    New File  		  72.0 m	condensation00132.h5
	    New File  		     817	condensation00132.xmf
	    New File  		  72.0 m	condensation00133.h5
	    New File  		     817	condensation00133.xmf
	    New File  		  72.0 m	condensation00134.h5
	    New File  		     817	condensation00134.xmf
	    New File  		  72.0 m	condensation00135.h5
	    New File  		     817	condensation00135.xmf
	    New File  		  72.0 m	condensation00136.h5
	    New File  		     817	condensation00136.xmf
	    New File  		  72.0 m	condensation00137.h5
	    New File  		     817	condensation00137.xmf
	    New File  		  72.0 m	condensation00138.h5
	    New File  		     817	condensation00138.xmf
	    New File  		  72.0 m	condensation00139.h5
	    New File  		     817	condensation00139.xmf
	    New File  		  72.0 m	condensation00140.h5
	    New File  		     817	condensation00140.xmf
	    New File  		  72.0 m	condensation00141.h5
	    New File  		     817	condensation00141.xmf
	    New File  		  72.0 m	condensation00142.h5
	    New File  		     817	condensation00142.xmf
	    New File  		  72.0 m	condensation00143.h5
	    New File  		     817	condensation00143.xmf
	    New File  		  72.0 m	condensation00144.h5
	    New File  		     817	condensation00144.xmf
	    New File  		  72.0 m	condensation00145.h5
	    New File  		     817	condensation00145.xmf
	    New File  		  72.0 m	condensation00146.h5
	    New File  		     817	condensation00146.xmf
	    New File  		  72.0 m	condensation00147.h5
	    New File  		     817	condensation00147.xmf
	    New File  		  72.0 m	condensation00148.h5
	    New File  		     817	condensation00148.xmf
	    New File  		  72.0 m	condensation00149.h5
	    New File  		     817	condensation00149.xmf
	    New File  		  72.0 m	condensation00150.h5
	    New File  		     817	condensation00150.xmf
	    New File  		  72.0 m	condensation00151.h5
	    New File  		     817	condensation00151.xmf
	    New File  		  72.0 m	condensation00152.h5
	    New File  		     817	condensation00152.xmf
	    New File  		  72.0 m	condensation00153.h5
	    New File  		     817	condensation00153.xmf
	    New File  		  72.0 m	condensation00154.h5
	    New File  		     817	condensation00154.xmf
	    New File  		  72.0 m	condensation00155.h5
	    New File  		     817	condensation00155.xmf
	    New File  		  72.0 m	condensation00156.h5
	    New File  		     817	condensation00156.xmf
	    New File  		  72.0 m	condensation00157.h5
	    New File  		     817	condensation00157.xmf
	    New File  		  72.0 m	condensation00158.h5
	    New File  		     817	condensation00158.xmf
	    New File  		  72.0 m	condensation00159.h5
	    New File  		     817	condensation00159.xmf
	    New File  		  72.0 m	condensation00160.h5
	    New File  		     817	condensation00160.xmf
	    New File  		  72.0 m	condensation00161.h5
	    New File  		     817	condensation00161.xmf
	    New File  		  72.0 m	condensation00162.h5
	    New File  		     817	condensation00162.xmf
	    New File  		  72.0 m	condensation00163.h5
	    New File  		     817	condensation00163.xmf
	    New File  		  72.0 m	condensation00164.h5
	    New File  		     817	condensation00164.xmf
	    New File  		  72.0 m	condensation00165.h5
	    New File  		     817	condensation00165.xmf
	    New File  		  72.0 m	condensation00166.h5
	    New File  		     817	condensation00166.xmf
	    New File  		  72.0 m	condensation00167.h5
	    New File  		     817	condensation00167.xmf
	    New File  		  72.0 m	condensation00168.h5
	    New File  		     817	condensation00168.xmf
	    New File  		  72.0 m	condensation00169.h5
	    New File  		     817	condensation00169.xmf
	    New File  		  72.0 m	condensation00170.h5
	    New File  		     817	condensation00170.xmf
	    New File  		  72.0 m	condensation00171.h5
	    New File  		     817	condensation00171.xmf
	    New File  		  72.0 m	condensation00172.h5
	    New File  		     817	condensation00172.xmf
	    New File  		  72.0 m	condensation00173.h5
	    New File  		     817	condensation00173.xmf
	    New File  		  72.0 m	condensation00174.h5
	    New File  		     817	condensation00174.xmf
	    New File  		  72.0 m	condensation00175.h5
	    New File  		     817	condensation00175.xmf
	    New File  		  72.0 m	condensation00176.h5
	    New File  		     817	condensation00176.xmf
	    New File  		  72.0 m	condensation00177.h5
	    New File  		     817	condensation00177.xmf
	    New File  		  72.0 m	condensation00178.h5
	    New File  		     817	condensation00178.xmf
	    New File  		  72.0 m	condensation00179.h5
	    New File  		     817	condensation00179.xmf
	    New File  		  72.0 m	condensation00180.h5
	    New File  		     817	condensation00180.xmf
	    New File  		  72.0 m	condensation00181.h5
	    New File  		     817	condensation00181.xmf
	    New File  		  72.0 m	condensation00182.h5
	    New File  		     817	condensation00182.xmf
	    New File  		  72.0 m	condensation00183.h5
	    New File  		     817	condensation00183.xmf
	    New File  		  72.0 m	condensation00184.h5
	    New File  		     817	condensation00184.xmf
	    New File  		  72.0 m	condensation00185.h5
	    New File  		     817	condensation00185.xmf
	    New File  		  72.0 m	condensation00186.h5
	    New File  		     817	condensation00186.xmf
	    New File  		  72.0 m	condensation00187.h5
	    New File  		     817	condensation00187.xmf
	    New File  		  72.0 m	condensation00188.h5
	    New File  		     817	condensation00188.xmf
	    New File  		  72.0 m	condensation00189.h5
	    New File  		     817	condensation00189.xmf
	    New File  		  72.0 m	condensation00190.h5
	    New File  		     817	condensation00190.xmf
	    New File  		  72.0 m	condensation00191.h5
	    New File  		     817	condensation00191.xmf
	    New File  		  72.0 m	condensation00192.h5
	    New File  		     817	condensation00192.xmf
	    New File  		  72.0 m	condensation00193.h5
	    New File  		     817	condensation00193.xmf
	    New File  		  72.0 m	condensation00194.h5
	    New File  		     817	condensation00194.xmf
	    New File  		  72.0 m	condensation00195.h5
	    New File  		     817	condensation00195.xmf
	    New File  		  72.0 m	condensation00196.h5
	    New File  		     817	condensation00196.xmf
	    New File  		  72.0 m	condensation00197.h5
	    New File  		     817	condensation00197.xmf
	    New File  		    8704	cordin_info.h5
	    New File  		 216.0 m	field00120.h5
	    New File  		    1186	field00120.xmf
	    New File  		 216.0 m	field00121.h5
	    New File  		    1186	field00121.xmf
	    New File  		 216.0 m	field00122.h5
	    New File  		    1186	field00122.xmf
	    New File  		 216.0 m	field00123.h5
	    New File  		    1186	field00123.xmf
	    New File  		 216.0 m	field00124.h5
	    New File  		    1186	field00124.xmf
	    New File  		 216.0 m	field00125.h5
	    New File  		    1186	field00125.xmf
	    New File  		 216.0 m	field00126.h5
	    New File  		    1186	field00126.xmf
	    New File  		 216.0 m	field00127.h5
	    New File  		    1186	field00127.xmf
	    New File  		 216.0 m	field00128.h5
	    New File  		    1186	field00128.xmf
	    New File  		 216.0 m	field00129.h5
	    New File  		    1186	field00129.xmf
	    New File  		 216.0 m	field00130.h5
	    New File  		    1186	field00130.xmf
	    New File  		 216.0 m	field00131.h5
	    New File  		    1186	field00131.xmf
	    New File  		 216.0 m	field00132.h5
	    New File  		    1186	field00132.xmf
	    New File  		 216.0 m	field00133.h5
	    New File  		    1186	field00133.xmf
	    New File  		 216.0 m	field00134.h5
	    New File  		    1186	field00134.xmf
	    New File  		 216.0 m	field00135.h5
	    New File  		    1186	field00135.xmf
	    New File  		 216.0 m	field00136.h5
	    New File  		    1186	field00136.xmf
	    New File  		 216.0 m	field00137.h5
	    New File  		    1186	field00137.xmf
	    New File  		 216.0 m	field00138.h5
	    New File  		    1186	field00138.xmf
	    New File  		 216.0 m	field00139.h5
	    New File  		    1186	field00139.xmf
	    New File  		 216.0 m	field00140.h5
	    New File  		    1186	field00140.xmf
	    New File  		 216.0 m	field00141.h5
	    New File  		    1186	field00141.xmf
	    New File  		 216.0 m	field00142.h5
	    New File  		    1186	field00142.xmf
	    New File  		 216.0 m	field00143.h5
	    New File  		    1186	field00143.xmf
	    New File  		 216.0 m	field00144.h5
	    New File  		    1186	field00144.xmf
	    New File  		 216.0 m	field00145.h5
	    New File  		    1186	field00145.xmf
	    New File  		 216.0 m	field00146.h5
	    New File  		    1186	field00146.xmf
	    New File  		 216.0 m	field00147.h5
	    New File  		    1186	field00147.xmf
	    New File  		 216.0 m	field00148.h5
	    New File  		    1186	field00148.xmf
	    New File  		 216.0 m	field00149.h5
	    New File  		    1186	field00149.xmf
	    New File  		 216.0 m	field00150.h5
	    New File  		    1186	field00150.xmf
	    New File  		 216.0 m	field00151.h5
	    New File  		    1186	field00151.xmf
	    New File  		 216.0 m	field00152.h5
	    New File  		    1186	field00152.xmf
	    New File  		 216.0 m	field00153.h5
	    New File  		    1186	field00153.xmf
	    New File  		 216.0 m	field00154.h5
	    New File  		    1186	field00154.xmf
	    New File  		 216.0 m	field00155.h5
	    New File  		    1186	field00155.xmf
	    New File  		 216.0 m	field00156.h5
	    New File  		    1186	field00156.xmf
	    New File  		 216.0 m	field00157.h5
	    New File  		    1186	field00157.xmf
	    New File  		 216.0 m	field00158.h5
	    New File  		    1186	field00158.xmf
	    New File  		 216.0 m	field00159.h5
	    New File  		    1186	field00159.xmf
	    New File  		 216.0 m	field00160.h5
	    New File  		    1186	field00160.xmf
	    New File  		 216.0 m	field00161.h5
	    New File  		    1186	field00161.xmf
	    New File  		 216.0 m	field00162.h5
	    New File  		    1186	field00162.xmf
	    New File  		 216.0 m	field00163.h5
	    New File  		    1186	field00163.xmf
	    New File  		 216.0 m	field00164.h5
	    New File  		    1186	field00164.xmf
	    New File  		 216.0 m	field00165.h5
	    New File  		    1186	field00165.xmf
	    New File  		 216.0 m	field00166.h5
	    New File  		    1186	field00166.xmf
	    New File  		 216.0 m	field00167.h5
	    New File  		    1186	field00167.xmf
	    New File  		 216.0 m	field00168.h5
	    New File  		    1186	field00168.xmf
	    New File  		 216.0 m	field00169.h5
	    New File  		    1186	field00169.xmf
	    New File  		 216.0 m	field00170.h5
	    New File  		    1186	field00170.xmf
	    New File  		 216.0 m	field00171.h5
	    New File  		    1186	field00171.xmf
	    New File  		 216.0 m	field00172.h5
	    New File  		    1186	field00172.xmf
	    New File  		 216.0 m	field00173.h5
	    New File  		    1186	field00173.xmf
	    New File  		 216.0 m	field00174.h5
	    New File  		    1186	field00174.xmf
	    New File  		 216.0 m	field00175.h5
	    New File  		    1186	field00175.xmf
	    New File  		 216.0 m	field00176.h5
	    New File  		    1186	field00176.xmf
	    New File  		 216.0 m	field00177.h5
	    New File  		    1186	field00177.xmf
	    New File  		 216.0 m	field00178.h5
	    New File  		    1186	field00178.xmf
	    New File  		 216.0 m	field00179.h5
	    New File  		    1186	field00179.xmf
	    New File  		 216.0 m	field00180.h5
	    New File  		    1186	field00180.xmf
	    New File  		 216.0 m	field00181.h5
	    New File  		    1186	field00181.xmf
	    New File  		 216.0 m	field00182.h5
	    New File  		    1186	field00182.xmf
	    New File  		 216.0 m	field00183.h5
	    New File  		    1186	field00183.xmf
	    New File  		 216.0 m	field00184.h5
	    New File  		    1186	field00184.xmf
	    New File  		 216.0 m	field00185.h5
	    New File  		    1186	field00185.xmf
	    New File  		 216.0 m	field00186.h5
	    New File  		    1186	field00186.xmf
	    New File  		 216.0 m	field00187.h5
	    New File  		    1186	field00187.xmf
	    New File  		 216.0 m	field00188.h5
	    New File  		    1186	field00188.xmf
	    New File  		 216.0 m	field00189.h5
	    New File  		    1186	field00189.xmf
	    New File  		 216.0 m	field00190.h5
	    New File  		    1186	field00190.xmf
	    New File  		 216.0 m	field00191.h5
	    New File  		    1186	field00191.xmf
	    New File  		 216.0 m	field00192.h5
	    New File  		    1186	field00192.xmf
	    New File  		 216.0 m	field00193.h5
	    New File  		    1186	field00193.xmf
	    New File  		 216.0 m	field00194.h5
	    New File  		    1186	field00194.xmf
	    New File  		 216.0 m	field00195.h5
	    New File  		    1186	field00195.xmf
	    New File  		 216.0 m	field00196.h5
	    New File  		    1186	field00196.xmf
	    New File  		 216.0 m	field00197.h5
	    New File  		    1186	field00197.xmf
	    New File  		 144.0 m	horizontal_velocity00120.h5
	    New File  		    1022	horizontal_velocity00120.xmf
	    New File  		 144.0 m	horizontal_velocity00121.h5
	    New File  		    1022	horizontal_velocity00121.xmf
	    New File  		 144.0 m	horizontal_velocity00122.h5
	    New File  		    1022	horizontal_velocity00122.xmf
	    New File  		 144.0 m	horizontal_velocity00123.h5
	    New File  		    1022	horizontal_velocity00123.xmf
	    New File  		 144.0 m	horizontal_velocity00124.h5
	    New File  		    1022	horizontal_velocity00124.xmf
	    New File  		 144.0 m	horizontal_velocity00125.h5
	    New File  		    1022	horizontal_velocity00125.xmf
	    New File  		 144.0 m	horizontal_velocity00126.h5
	    New File  		    1022	horizontal_velocity00126.xmf
	    New File  		 144.0 m	horizontal_velocity00127.h5
	    New File  		    1022	horizontal_velocity00127.xmf
	    New File  		 144.0 m	horizontal_velocity00128.h5
	    New File  		    1022	horizontal_velocity00128.xmf
	    New File  		 144.0 m	horizontal_velocity00129.h5
	    New File  		    1022	horizontal_velocity00129.xmf
	    New File  		 144.0 m	horizontal_velocity00130.h5
	    New File  		    1022	horizontal_velocity00130.xmf
	    New File  		 144.0 m	horizontal_velocity00131.h5
	    New File  		    1022	horizontal_velocity00131.xmf
	    New File  		 144.0 m	horizontal_velocity00132.h5
	    New File  		    1022	horizontal_velocity00132.xmf
	    New File  		 144.0 m	horizontal_velocity00133.h5
	    New File  		    1022	horizontal_velocity00133.xmf
	    New File  		 144.0 m	horizontal_velocity00134.h5
	    New File  		    1022	horizontal_velocity00134.xmf
	    New File  		 144.0 m	horizontal_velocity00135.h5
	    New File  		    1022	horizontal_velocity00135.xmf
	    New File  		 144.0 m	horizontal_velocity00136.h5
	    New File  		    1022	horizontal_velocity00136.xmf
	    New File  		 144.0 m	horizontal_velocity00137.h5
	    New File  		    1022	horizontal_velocity00137.xmf
	    New File  		 144.0 m	horizontal_velocity00138.h5
	    New File  		    1022	horizontal_velocity00138.xmf
	    New File  		 144.0 m	horizontal_velocity00139.h5
	    New File  		    1022	horizontal_velocity00139.xmf
	    New File  		 144.0 m	horizontal_velocity00140.h5
	    New File  		    1022	horizontal_velocity00140.xmf
	    New File  		 144.0 m	horizontal_velocity00141.h5
	    New File  		    1022	horizontal_velocity00141.xmf
	    New File  		 144.0 m	horizontal_velocity00142.h5
	    New File  		    1022	horizontal_velocity00142.xmf
	    New File  		 144.0 m	horizontal_velocity00143.h5
	    New File  		    1022	horizontal_velocity00143.xmf
	    New File  		 144.0 m	horizontal_velocity00144.h5
	    New File  		    1022	horizontal_velocity00144.xmf
	    New File  		 144.0 m	horizontal_velocity00145.h5
	    New File  		    1022	horizontal_velocity00145.xmf
	    New File  		 144.0 m	horizontal_velocity00146.h5
	    New File  		    1022	horizontal_velocity00146.xmf
	    New File  		 144.0 m	horizontal_velocity00147.h5
	    New File  		    1022	horizontal_velocity00147.xmf
	    New File  		 144.0 m	horizontal_velocity00148.h5
	    New File  		    1022	horizontal_velocity00148.xmf
	    New File  		 144.0 m	horizontal_velocity00149.h5
	    New File  		    1022	horizontal_velocity00149.xmf
	    New File  		 144.0 m	horizontal_velocity00150.h5
	    New File  		    1022	horizontal_velocity00150.xmf
	    New File  		 144.0 m	horizontal_velocity00151.h5
	    New File  		    1022	horizontal_velocity00151.xmf
	    New File  		 144.0 m	horizontal_velocity00152.h5
	    New File  		    1022	horizontal_velocity00152.xmf
	    New File  		 144.0 m	horizontal_velocity00153.h5
	    New File  		    1022	horizontal_velocity00153.xmf
	    New File  		 144.0 m	horizontal_velocity00154.h5
	    New File  		    1022	horizontal_velocity00154.xmf
	    New File  		 144.0 m	horizontal_velocity00155.h5
	    New File  		    1022	horizontal_velocity00155.xmf
	    New File  		 144.0 m	horizontal_velocity00156.h5
	    New File  		    1022	horizontal_velocity00156.xmf
	    New File  		 144.0 m	horizontal_velocity00157.h5
	    New File  		    1022	horizontal_velocity00157.xmf
	    New File  		 144.0 m	horizontal_velocity00158.h5
	    New File  		    1022	horizontal_velocity00158.xmf
	    New File  		 144.0 m	horizontal_velocity00159.h5
	    New File  		    1022	horizontal_velocity00159.xmf
	    New File  		 144.0 m	horizontal_velocity00160.h5
	    New File  		    1022	horizontal_velocity00160.xmf
	    New File  		 144.0 m	horizontal_velocity00161.h5
	    New File  		    1022	horizontal_velocity00161.xmf
	    New File  		 144.0 m	horizontal_velocity00162.h5
	    New File  		    1022	horizontal_velocity00162.xmf
	    New File  		 144.0 m	horizontal_velocity00163.h5
	    New File  		    1022	horizontal_velocity00163.xmf
	    New File  		 144.0 m	horizontal_velocity00164.h5
	    New File  		    1022	horizontal_velocity00164.xmf
	    New File  		 144.0 m	horizontal_velocity00165.h5
	    New File  		    1022	horizontal_velocity00165.xmf
	    New File  		 144.0 m	horizontal_velocity00166.h5
	    New File  		    1022	horizontal_velocity00166.xmf
	    New File  		 144.0 m	horizontal_velocity00167.h5
	    New File  		    1022	horizontal_velocity00167.xmf
	    New File  		 144.0 m	horizontal_velocity00168.h5
	    New File  		    1022	horizontal_velocity00168.xmf
	    New File  		 144.0 m	horizontal_velocity00169.h5
	    New File  		    1022	horizontal_velocity00169.xmf
	    New File  		 144.0 m	horizontal_velocity00170.h5
	    New File  		    1022	horizontal_velocity00170.xmf
	    New File  		 144.0 m	horizontal_velocity00171.h5
	    New File  		    1022	horizontal_velocity00171.xmf
	    New File  		 144.0 m	horizontal_velocity00172.h5
	    New File  		    1022	horizontal_velocity00172.xmf
	    New File  		 144.0 m	horizontal_velocity00173.h5
	    New File  		    1022	horizontal_velocity00173.xmf
	    New File  		 144.0 m	horizontal_velocity00174.h5
	    New File  		    1022	horizontal_velocity00174.xmf
	    New File  		 144.0 m	horizontal_velocity00175.h5
	    New File  		    1022	horizontal_velocity00175.xmf
	    New File  		 144.0 m	horizontal_velocity00176.h5
	    New File  		    1022	horizontal_velocity00176.xmf
	    New File  		 144.0 m	horizontal_velocity00177.h5
	    New File  		    1022	horizontal_velocity00177.xmf
	    New File  		 144.0 m	horizontal_velocity00178.h5
	    New File  		    1022	horizontal_velocity00178.xmf
	    New File  		 144.0 m	horizontal_velocity00179.h5
	    New File  		    1022	horizontal_velocity00179.xmf
	    New File  		 144.0 m	horizontal_velocity00180.h5
	    New File  		    1022	horizontal_velocity00180.xmf
	    New File  		 144.0 m	horizontal_velocity00181.h5
	    New File  		    1022	horizontal_velocity00181.xmf
	    New File  		 144.0 m	horizontal_velocity00182.h5
	    New File  		    1022	horizontal_velocity00182.xmf
	    New File  		 144.0 m	horizontal_velocity00183.h5
	    New File  		    1022	horizontal_velocity00183.xmf
	    New File  		 144.0 m	horizontal_velocity00184.h5
	    New File  		    1022	horizontal_velocity00184.xmf
	    New File  		 144.0 m	horizontal_velocity00185.h5
	    New File  		    1022	horizontal_velocity00185.xmf
	    New File  		 144.0 m	horizontal_velocity00186.h5
	    New File  		    1022	horizontal_velocity00186.xmf
	    New File  		 144.0 m	horizontal_velocity00187.h5
	    New File  		    1022	horizontal_velocity00187.xmf
	    New File  		 144.0 m	horizontal_velocity00188.h5
	    New File  		    1022	horizontal_velocity00188.xmf
	    New File  		 144.0 m	horizontal_velocity00189.h5
	    New File  		    1022	horizontal_velocity00189.xmf
	    New File  		 144.0 m	horizontal_velocity00190.h5
	    New File  		    1022	horizontal_velocity00190.xmf
	    New File  		 144.0 m	horizontal_velocity00191.h5
	    New File  		    1022	horizontal_velocity00191.xmf
	    New File  		 144.0 m	horizontal_velocity00192.h5
	    New File  		    1022	horizontal_velocity00192.xmf
	    New File  		 144.0 m	horizontal_velocity00193.h5
	    New File  		    1022	horizontal_velocity00193.xmf
	    New File  		 144.0 m	horizontal_velocity00194.h5
	    New File  		    1022	horizontal_velocity00194.xmf
	    New File  		 144.0 m	horizontal_velocity00195.h5
	    New File  		    1022	horizontal_velocity00195.xmf
	    New File  		 144.0 m	horizontal_velocity00196.h5
	    New File  		    1022	horizontal_velocity00196.xmf
	    New File  		 144.0 m	horizontal_velocity00197.h5
	    New File  		    1022	horizontal_velocity00197.xmf
	    New File  		  72.0 m	mprime00120.h5
	    New File  		     815	mprime00120.xmf
	    New File  		  72.0 m	mprime00121.h5
	    New File  		     815	mprime00121.xmf
	    New File  		  72.0 m	mprime00122.h5
	    New File  		     815	mprime00122.xmf
	    New File  		  72.0 m	mprime00123.h5
	    New File  		     815	mprime00123.xmf
	    New File  		  72.0 m	mprime00124.h5
	    New File  		     815	mprime00124.xmf
	    New File  		  72.0 m	mprime00125.h5
	    New File  		     815	mprime00125.xmf
	    New File  		  72.0 m	mprime00126.h5
	    New File  		     815	mprime00126.xmf
	    New File  		  72.0 m	mprime00127.h5
	    New File  		     815	mprime00127.xmf
	    New File  		  72.0 m	mprime00128.h5
	    New File  		     815	mprime00128.xmf
	    New File  		  72.0 m	mprime00129.h5
	    New File  		     815	mprime00129.xmf
	    New File  		  72.0 m	mprime00130.h5
	    New File  		     815	mprime00130.xmf
	    New File  		  72.0 m	mprime00131.h5
	    New File  		     815	mprime00131.xmf
	    New File  		  72.0 m	mprime00132.h5
	    New File  		     815	mprime00132.xmf
	    New File  		  72.0 m	mprime00133.h5
	    New File  		     815	mprime00133.xmf
	    New File  		  72.0 m	mprime00134.h5
	    New File  		     815	mprime00134.xmf
	    New File  		  72.0 m	mprime00135.h5
	    New File  		     815	mprime00135.xmf
	    New File  		  72.0 m	mprime00136.h5
	    New File  		     815	mprime00136.xmf
	    New File  		  72.0 m	mprime00137.h5
	    New File  		     815	mprime00137.xmf
	    New File  		  72.0 m	mprime00138.h5
	    New File  		     815	mprime00138.xmf
	    New File  		  72.0 m	mprime00139.h5
	    New File  		     815	mprime00139.xmf
	    New File  		  72.0 m	mprime00140.h5
	    New File  		     815	mprime00140.xmf
	    New File  		  72.0 m	mprime00141.h5
	    New File  		     815	mprime00141.xmf
	    New File  		  72.0 m	mprime00142.h5
	    New File  		     815	mprime00142.xmf
	    New File  		  72.0 m	mprime00143.h5
	    New File  		     815	mprime00143.xmf
	    New File  		  72.0 m	mprime00144.h5
	    New File  		     815	mprime00144.xmf
	    New File  		  72.0 m	mprime00145.h5
	    New File  		     815	mprime00145.xmf
	    New File  		  72.0 m	mprime00146.h5
	    New File  		     815	mprime00146.xmf
	    New File  		  72.0 m	mprime00147.h5
	    New File  		     815	mprime00147.xmf
	    New File  		  72.0 m	mprime00148.h5
	    New File  		     815	mprime00148.xmf
	    New File  		  72.0 m	mprime00149.h5
	    New File  		     815	mprime00149.xmf
	    New File  		  72.0 m	mprime00150.h5
	    New File  		     815	mprime00150.xmf
	    New File  		  72.0 m	mprime00151.h5
	    New File  		     815	mprime00151.xmf
	    New File  		  72.0 m	mprime00152.h5
	    New File  		     815	mprime00152.xmf
	    New File  		  72.0 m	mprime00153.h5
	    New File  		     815	mprime00153.xmf
	    New File  		  72.0 m	mprime00154.h5
	    New File  		     815	mprime00154.xmf
	    New File  		  72.0 m	mprime00155.h5
	    New File  		     815	mprime00155.xmf
	    New File  		  72.0 m	mprime00156.h5
	    New File  		     815	mprime00156.xmf
	    New File  		  72.0 m	mprime00157.h5
	    New File  		     815	mprime00157.xmf
	    New File  		  72.0 m	mprime00158.h5
	    New File  		     815	mprime00158.xmf
	    New File  		  72.0 m	mprime00159.h5
	    New File  		     815	mprime00159.xmf
	    New File  		  72.0 m	mprime00160.h5
	    New File  		     815	mprime00160.xmf
	    New File  		  72.0 m	mprime00161.h5
	    New File  		     815	mprime00161.xmf
	    New File  		  72.0 m	mprime00162.h5
	    New File  		     815	mprime00162.xmf
	    New File  		  72.0 m	mprime00163.h5
	    New File  		     815	mprime00163.xmf
	    New File  		  72.0 m	mprime00164.h5
	    New File  		     815	mprime00164.xmf
	    New File  		  72.0 m	mprime00165.h5
	    New File  		     815	mprime00165.xmf
	    New File  		  72.0 m	mprime00166.h5
	    New File  		     815	mprime00166.xmf
	    New File  		  72.0 m	mprime00167.h5
	    New File  		     815	mprime00167.xmf
	    New File  		  72.0 m	mprime00168.h5
	    New File  		     815	mprime00168.xmf
	    New File  		  72.0 m	mprime00169.h5
	    New File  		     815	mprime00169.xmf
	    New File  		  72.0 m	mprime00170.h5
	    New File  		     815	mprime00170.xmf
	    New File  		  72.0 m	mprime00171.h5
	    New File  		     815	mprime00171.xmf
	    New File  		  72.0 m	mprime00172.h5
	    New File  		     815	mprime00172.xmf
	    New File  		  72.0 m	mprime00173.h5
	    New File  		     815	mprime00173.xmf
	    New File  		  72.0 m	mprime00174.h5
	    New File  		     815	mprime00174.xmf
	    New File  		  72.0 m	mprime00175.h5
	    New File  		     815	mprime00175.xmf
	    New File  		  72.0 m	mprime00176.h5
	    New File  		     815	mprime00176.xmf
	    New File  		  72.0 m	mprime00177.h5
	    New File  		     815	mprime00177.xmf
	    New File  		  72.0 m	mprime00178.h5
	    New File  		     815	mprime00178.xmf
	    New File  		  72.0 m	mprime00179.h5
	    New File  		     815	mprime00179.xmf
	    New File  		  72.0 m	mprime00180.h5
	    New File  		     815	mprime00180.xmf
	    New File  		  72.0 m	mprime00181.h5
	    New File  		     815	mprime00181.xmf
	    New File  		  72.0 m	mprime00182.h5
	    New File  		     815	mprime00182.xmf
	    New File  		  72.0 m	mprime00183.h5
	    New File  		     815	mprime00183.xmf
	    New File  		  72.0 m	mprime00184.h5
	    New File  		     815	mprime00184.xmf
	    New File  		  72.0 m	mprime00185.h5
	    New File  		     815	mprime00185.xmf
	    New File  		  72.0 m	mprime00186.h5
	    New File  		     815	mprime00186.xmf
	    New File  		  72.0 m	mprime00187.h5
	    New File  		     815	mprime00187.xmf
	    New File  		  72.0 m	mprime00188.h5
	    New File  		     815	mprime00188.xmf
	    New File  		  72.0 m	mprime00189.h5
	    New File  		     815	mprime00189.xmf
	    New File  		  72.0 m	mprime00190.h5
	    New File  		     815	mprime00190.xmf
	    New File  		  72.0 m	mprime00191.h5
	    New File  		     815	mprime00191.xmf
	    New File  		  72.0 m	mprime00192.h5
	    New File  		     815	mprime00192.xmf
	    New File  		  72.0 m	mprime00193.h5
	    New File  		     815	mprime00193.xmf
	    New File  		  72.0 m	mprime00194.h5
	    New File  		     815	mprime00194.xmf
	    New File  		  72.0 m	mprime00195.h5
	    New File  		     815	mprime00195.xmf
	    New File  		  72.0 m	mprime00196.h5
	    New File  		     815	mprime00196.xmf
	    New File  		  72.0 m	mprime00197.h5
	    New File  		     815	mprime00197.xmf
	                   0	G:\moist convection\Ek1e-1\AR16\Beta1p02\qbot0p5_qtop0p004978\N385x385x65\conti1\run\postprocess\
	  New Dir          2	G:\moist convection\Ek1e-1\AR16\Beta1p02\qbot0p5_qtop0p004978\N385x385x65\conti1\run\postprocess\self_aggregation\
	    New File  		   24948	aggregation_analysis.py
	    New File  		    2117	README_self_aggregation.md
	                   1	G:\moist convection\Ek1e-1\AR16\Beta1p02\qbot0p5_qtop0p004978\N385x385x65\conti1\run\__pycache__\
	    New File  		   31902	stability_solver.cpython-311.pyc
	                   0	G:\moist convection\Ek1e-1\AR16\Beta1p02\qbot0p5_qtop0p004978\N385x385x65\run\
	*EXTRA Dir        -1	H:\rotating_case\Pr0p7\Ra8e6\Ek1e-1\AR16\Beta1p02\qbot0p5_qtop0p004978\N385x385x65\run\contstr\
	*EXTRA Dir        -1	H:\rotating_case\Pr0p7\Ra8e6\Ek1e-1\AR16\Beta1p02\qbot0p5_qtop0p004978\N385x385x65\run\data\
	*EXTRA Dir        -1	H:\rotating_case\Pr0p7\Ra8e6\Ek1e-1\AR16\Beta1p02\qbot0p5_qtop0p004978\N385x385x65\run\fact\
	*EXTRA Dir        -1	H:\rotating_case\Pr0p7\Ra8e6\Ek1e-1\AR16\Beta1p02\qbot0p5_qtop0p004978\N385x385x65\run\flowmov\
	  *EXTRA File 		    1308	bou.in
	  *EXTRA File 		    5390	check_drizzle_before_submit.py
	  *EXTRA File 		  72.3 m	continua_dsal.h5
	  *EXTRA File 		     160	continua_grid.dat
	  *EXTRA File 		  72.3 m	continua_q1.h5
	  *EXTRA File 		  72.3 m	continua_q2.h5
	  *EXTRA File 		  72.3 m	continua_q3.h5
	  *EXTRA File 		  72.3 m	continua_qvap.h5
	  *EXTRA File 		   29212	drizzle_init.dat
	  *EXTRA File 		    1515	drizzle_init_last_generation.json
	  *EXTRA File 		    1661	drizzle_init_meta.json
	  *EXTRA File 		   17440	field_gridc.h5
	  *EXTRA File 		   17440	field_gridd.h5
	  *EXTRA File 		    2913	field_ms.xmf
	  *EXTRA File 		  644814	fort.97
	  *EXTRA File 		   13158	generate_drizzle_initial_condition.py
	  *EXTRA File 		    1186	prepare_drizzle_initial_condition.sh
	  *EXTRA File 		     173	runsim.sh
	  *EXTRA File 		   2.9 m	simexec
	  *EXTRA File 		   17750	stability_solver.py
	  *EXTRA File 		    1876	subjob.sh
	                   0	G:\moist convection\Ek1e-1\AR16\Beta1p02\qbot0p5_qtop0p004978\N385x385x65\run\diagnostics\
	                   3	G:\moist convection\Ek1e-1\AR16\Beta1p02\qbot0p5_qtop0p004978\N385x385x65\run\diagnostics\scale\
	    New File  		  644814	convective_scale.dat
	    New File  		  895575	moist_integral_scale.dat
	    New File  		  895575	peak_scale.dat
	                   2	G:\moist convection\Ek1e-1\AR16\Beta1p02\qbot0p5_qtop0p004978\N385x385x65\run\diagnostics\thermo\
	    New File  		  573168	condensation.dat
	    New File  		   1.0 m	mprime_square.dat
	                   7	G:\moist convection\Ek1e-1\AR16\Beta1p02\qbot0p5_qtop0p004978\N385x385x65\run\diagnostics\vortex\
	    New File  		  859752	maximum_radius.dat
	    New File  		  644814	structure_ratio.dat
	    New File  		   1.1 m	tracker_core.restart
	    New File  		   1.1 m	tracker_positive.restart
	    New File  		  45.9 m	vortex_core_history.dat
	    New File  		 141.0 m	vortex_kinematics.dat
	    New File  		  14.9 m	vortex_positive_history.dat
	                 856	G:\moist convection\Ek1e-1\AR16\Beta1p02\qbot0p5_qtop0p004978\N385x385x65\run\movie\
	  *EXTRA File 		  72.0 m	condensation00001.h5
	  *EXTRA File 		     817	condensation00001.xmf
	  *EXTRA File 		  72.0 m	condensation00002.h5
	  *EXTRA File 		     817	condensation00002.xmf
	  *EXTRA File 		  72.0 m	condensation00003.h5
	  *EXTRA File 		     817	condensation00003.xmf
	  *EXTRA File 		  72.0 m	condensation00004.h5
	  *EXTRA File 		     817	condensation00004.xmf
	  *EXTRA File 		  72.0 m	condensation00005.h5
	  *EXTRA File 		     817	condensation00005.xmf
	  *EXTRA File 		  72.0 m	condensation00006.h5
	  *EXTRA File 		     817	condensation00006.xmf
	  *EXTRA File 		  72.0 m	condensation00007.h5
	  *EXTRA File 		     817	condensation00007.xmf
	  *EXTRA File 		  72.0 m	condensation00008.h5
	  *EXTRA File 		     817	condensation00008.xmf
	  *EXTRA File 		  72.0 m	condensation00009.h5
	  *EXTRA File 		     817	condensation00009.xmf
	  *EXTRA File 		  72.0 m	condensation00010.h5
	  *EXTRA File 		     817	condensation00010.xmf
	  *EXTRA File 		  72.0 m	condensation00011.h5
	  *EXTRA File 		     817	condensation00011.xmf
	  *EXTRA File 		  72.0 m	condensation00012.h5
	  *EXTRA File 		     817	condensation00012.xmf
	  *EXTRA File 		  72.0 m	condensation00013.h5
	  *EXTRA File 		     817	condensation00013.xmf
	  *EXTRA File 		  72.0 m	condensation00014.h5
	  *EXTRA File 		     817	condensation00014.xmf
	  *EXTRA File 		  72.0 m	condensation00015.h5
	  *EXTRA File 		     817	condensation00015.xmf
	  *EXTRA File 		  72.0 m	condensation00016.h5
	  *EXTRA File 		     817	condensation00016.xmf
	  *EXTRA File 		  72.0 m	condensation00017.h5
	  *EXTRA File 		     817	condensation00017.xmf
	  *EXTRA File 		  72.0 m	condensation00018.h5
	  *EXTRA File 		     817	condensation00018.xmf
	  *EXTRA File 		  72.0 m	condensation00019.h5
	  *EXTRA File 		     817	condensation00019.xmf
	  *EXTRA File 		  72.0 m	condensation00020.h5
	  *EXTRA File 		     817	condensation00020.xmf
	  *EXTRA File 		  72.0 m	condensation00021.h5
	  *EXTRA File 		     817	condensation00021.xmf
	  *EXTRA File 		  72.0 m	condensation00022.h5
	  *EXTRA File 		     817	condensation00022.xmf
	  *EXTRA File 		  72.0 m	condensation00023.h5
	  *EXTRA File 		     817	condensation00023.xmf
	  *EXTRA File 		  72.0 m	condensation00024.h5
	  *EXTRA File 		     817	condensation00024.xmf
	  *EXTRA File 		  72.0 m	condensation00025.h5
	  *EXTRA File 		     817	condensation00025.xmf
	  *EXTRA File 		  72.0 m	condensation00026.h5
	  *EXTRA File 		     817	condensation00026.xmf
	  *EXTRA File 		  72.0 m	condensation00027.h5
	  *EXTRA File 		     817	condensation00027.xmf
	  *EXTRA File 		  72.0 m	condensation00028.h5
	  *EXTRA File 		     817	condensation00028.xmf
	  *EXTRA File 		  72.0 m	condensation00029.h5
	  *EXTRA File 		     817	condensation00029.xmf
	  *EXTRA File 		  72.0 m	condensation00030.h5
	  *EXTRA File 		     817	condensation00030.xmf
	  *EXTRA File 		  72.0 m	condensation00031.h5
	  *EXTRA File 		     817	condensation00031.xmf
	  *EXTRA File 		  72.0 m	condensation00032.h5
	  *EXTRA File 		     817	condensation00032.xmf
	  *EXTRA File 		  72.0 m	condensation00033.h5
	  *EXTRA File 		     817	condensation00033.xmf
	  *EXTRA File 		  72.0 m	condensation00034.h5
	  *EXTRA File 		     817	condensation00034.xmf
	  *EXTRA File 		  72.0 m	condensation00035.h5
	  *EXTRA File 		     817	condensation00035.xmf
	  *EXTRA File 		  72.0 m	condensation00036.h5
	  *EXTRA File 		     817	condensation00036.xmf
	  *EXTRA File 		  72.0 m	condensation00037.h5
	  *EXTRA File 		     817	condensation00037.xmf
	  *EXTRA File 		  72.0 m	condensation00038.h5
	  *EXTRA File 		     817	condensation00038.xmf
	  *EXTRA File 		  72.0 m	condensation00039.h5
	  *EXTRA File 		     817	condensation00039.xmf
	  *EXTRA File 		  72.0 m	condensation00040.h5
	  *EXTRA File 		     817	condensation00040.xmf
	  *EXTRA File 		  72.0 m	condensation00041.h5
	  *EXTRA File 		     817	condensation00041.xmf
	  *EXTRA File 		  72.0 m	condensation00042.h5
	  *EXTRA File 		     817	condensation00042.xmf
	  *EXTRA File 		  72.0 m	condensation00043.h5
	  *EXTRA File 		     817	condensation00043.xmf
	  *EXTRA File 		  72.0 m	condensation00044.h5
	  *EXTRA File 		     817	condensation00044.xmf
	  *EXTRA File 		  72.0 m	condensation00045.h5
	  *EXTRA File 		     817	condensation00045.xmf
	  *EXTRA File 		     817	condensation00046.xmf
	  *EXTRA File 		     817	condensation00047.xmf
	  *EXTRA File 		     817	condensation00048.xmf
	  *EXTRA File 		     817	condensation00049.xmf
	  *EXTRA File 		     817	condensation00050.xmf
	  *EXTRA File 		     817	condensation00051.xmf
	  *EXTRA File 		     817	condensation00052.xmf
	    Older     		  72.0 m	condensation00046.h5
	    Older     		  72.0 m	condensation00047.h5
	    Older     		  72.0 m	condensation00048.h5
	    Older     		  72.0 m	condensation00049.h5
	    Older     		  72.0 m	condensation00050.h5
	    Older     		  72.0 m	condensation00051.h5
	    Older     		  72.0 m	condensation00052.h5
	    Older     		  72.0 m	condensation00053.h5
	    New File  		     817	condensation00053.xmf
	    New File  		  72.0 m	condensation00054.h5
	    New File  		     817	condensation00054.xmf
	    New File  		  72.0 m	condensation00055.h5
	    New File  		     817	condensation00055.xmf
	    New File  		  72.0 m	condensation00056.h5
	    New File  		     817	condensation00056.xmf
	    New File  		  72.0 m	condensation00057.h5
	    New File  		     817	condensation00057.xmf
	    New File  		  72.0 m	condensation00058.h5
	    New File  		     817	condensation00058.xmf
	    New File  		  72.0 m	condensation00059.h5
	    New File  		     817	condensation00059.xmf
	    New File  		  72.0 m	condensation00060.h5
	    New File  		     817	condensation00060.xmf
	    New File  		  72.0 m	condensation00061.h5
	    New File  		     817	condensation00061.xmf
	    New File  		  72.0 m	condensation00062.h5
	    New File  		     817	condensation00062.xmf
	    New File  		  72.0 m	condensation00063.h5
	    New File  		     817	condensation00063.xmf
	    New File  		  72.0 m	condensation00064.h5
	    New File  		     817	condensation00064.xmf
	    New File  		  72.0 m	condensation00065.h5
	    New File  		     817	condensation00065.xmf
	    New File  		  72.0 m	condensation00066.h5
	    New File  		     817	condensation00066.xmf
	    New File  		  72.0 m	condensation00067.h5
	    New File  		     817	condensation00067.xmf
	    New File  		  72.0 m	condensation00068.h5
	    New File  		     817	condensation00068.xmf
	    New File  		  72.0 m	condensation00069.h5
	    New File  		     817	condensation00069.xmf
	    New File  		  72.0 m	condensation00070.h5
	    New File  		     817	condensation00070.xmf
	    New File  		  72.0 m	condensation00071.h5
	    New File  		     817	condensation00071.xmf
	    New File  		  72.0 m	condensation00072.h5
	    New File  		     817	condensation00072.xmf
	    New File  		  72.0 m	condensation00073.h5
	    New File  		     817	condensation00073.xmf
	    New File  		  72.0 m	condensation00074.h5
	    New File  		     817	condensation00074.xmf
	    New File  		  72.0 m	condensation00075.h5
	    New File  		     817	condensation00075.xmf
	    New File  		  72.0 m	condensation00076.h5
	    New File  		     817	condensation00076.xmf
	    New File  		  72.0 m	condensation00077.h5
	    New File  		     817	condensation00077.xmf
	    New File  		  72.0 m	condensation00078.h5
	    New File  		     817	condensation00078.xmf
	    New File  		  72.0 m	condensation00079.h5
	    New File  		     817	condensation00079.xmf
	    New File  		  72.0 m	condensation00080.h5
	    New File  		     817	condensation00080.xmf
	    New File  		  72.0 m	condensation00081.h5
	    New File  		     817	condensation00081.xmf
	    New File  		  72.0 m	condensation00082.h5
	    New File  		     817	condensation00082.xmf
	    New File  		  72.0 m	condensation00083.h5
	    New File  		     817	condensation00083.xmf
	    New File  		  72.0 m	condensation00084.h5
	    New File  		     817	condensation00084.xmf
	    New File  		  72.0 m	condensation00085.h5
	    New File  		     817	condensation00085.xmf
	    New File  		  72.0 m	condensation00086.h5
	    New File  		     817	condensation00086.xmf
	    New File  		  72.0 m	condensation00087.h5
	    New File  		     817	condensation00087.xmf
	    New File  		  72.0 m	condensation00088.h5
	    New File  		     817	condensation00088.xmf
	    New File  		  72.0 m	condensation00089.h5
	    New File  		     817	condensation00089.xmf
	    New File  		  72.0 m	condensation00090.h5
	    New File  		     817	condensation00090.xmf
	    New File  		  72.0 m	condensation00091.h5
	    New File  		     817	condensation00091.xmf
	    New File  		  72.0 m	condensation00092.h5
	    New File  		     817	condensation00092.xmf
	    New File  		  72.0 m	condensation00093.h5
	    New File  		     817	condensation00093.xmf
	    New File  		  72.0 m	condensation00094.h5
	    New File  		     817	condensation00094.xmf
	    New File  		  72.0 m	condensation00095.h5
	    New File  		     817	condensation00095.xmf
	    New File  		  72.0 m	condensation00096.h5
	    New File  		     817	condensation00096.xmf
	    New File  		  72.0 m	condensation00097.h5
	    New File  		     817	condensation00097.xmf
	    New File  		  72.0 m	condensation00098.h5
	    New File  		     817	condensation00098.xmf
	    New File  		  72.0 m	condensation00099.h5
	    New File  		     817	condensation00099.xmf
	    New File  		  72.0 m	condensation00100.h5
	    New File  		     817	condensation00100.xmf
	    New File  		  72.0 m	condensation00101.h5
	    New File  		     817	condensation00101.xmf
	    New File  		  72.0 m	condensation00102.h5
	    New File  		     817	condensation00102.xmf
	    New File  		  72.0 m	condensation00103.h5
	    New File  		     817	condensation00103.xmf
	    New File  		  72.0 m	condensation00104.h5
	    New File  		     817	condensation00104.xmf
	    New File  		  72.0 m	condensation00105.h5
	    New File  		     817	condensation00105.xmf
	    New File  		  72.0 m	condensation00106.h5
	    New File  		     817	condensation00106.xmf
	    New File  		  72.0 m	condensation00107.h5
	    New File  		     817	condensation00107.xmf
	    New File  		  72.0 m	condensation00108.h5
	    New File  		     817	condensation00108.xmf
	    New File  		  72.0 m	condensation00109.h5
	    New File  		     817	condensation00109.xmf
	    New File  		  72.0 m	condensation00110.h5
	    New File  		     817	condensation00110.xmf
	    New File  		  72.0 m	condensation00111.h5
	    New File  		     817	condensation00111.xmf
	    New File  		  72.0 m	condensation00112.h5
	    New File  		     817	condensation00112.xmf
	    New File  		  72.0 m	condensation00113.h5
	    New File  		     817	condensation00113.xmf
	    New File  		  72.0 m	condensation00114.h5
	    New File  		     817	condensation00114.xmf
	    New File  		  72.0 m	condensation00115.h5
	    New File  		     817	condensation00115.xmf
	    New File  		  72.0 m	condensation00116.h5
	    New File  		     817	condensation00116.xmf
	    New File  		  72.0 m	condensation00117.h5
	    New File  		     817	condensation00117.xmf
	    New File  		  72.0 m	condensation00118.h5
	    New File  		     817	condensation00118.xmf
	    New File  		  72.0 m	condensation00119.h5
	    New File  		     817	condensation00119.xmf
	    New File  		    8704	cordin_info.h5
	    New File  		 216.0 m	field00001.h5
	    New File  		    1186	field00001.xmf
	    New File  		 216.0 m	field00002.h5
	    New File  		    1186	field00002.xmf
	    New File  		 216.0 m	field00003.h5
	    New File  		    1186	field00003.xmf
	    New File  		 216.0 m	field00004.h5
	    New File  		    1186	field00004.xmf
	    New File  		 216.0 m	field00005.h5
	    New File  		    1186	field00005.xmf
	    New File  		 216.0 m	field00006.h5
	    New File  		    1186	field00006.xmf
	    New File  		 216.0 m	field00007.h5
	    New File  		    1186	field00007.xmf
	    New File  		 216.0 m	field00008.h5
	    New File  		    1186	field00008.xmf
	    New File  		 216.0 m	field00009.h5
	    New File  		    1186	field00009.xmf
	    New File  		 216.0 m	field00010.h5
	    New File  		    1186	field00010.xmf
	    New File  		 216.0 m	field00011.h5
	    New File  		    1186	field00011.xmf
	    New File  		 216.0 m	field00012.h5
	    New File  		    1186	field00012.xmf
	    New File  		 216.0 m	field00013.h5
	    New File  		    1186	field00013.xmf
	    New File  		 216.0 m	field00014.h5
	    New File  		    1186	field00014.xmf
	    New File  		 216.0 m	field00015.h5
	    New File  		    1186	field00015.xmf
	    New File  		 216.0 m	field00016.h5
	    New File  		    1186	field00016.xmf
	    New File  		 216.0 m	field00017.h5
	    New File  		    1186	field00017.xmf
	    New File  		 216.0 m	field00018.h5
	    New File  		    1186	field00018.xmf
	    New File  		 216.0 m	field00019.h5
	    New File  		    1186	field00019.xmf
	    New File  		 216.0 m	field00020.h5
	    New File  		    1186	field00020.xmf
	    New File  		 216.0 m	field00021.h5
	    New File  		    1186	field00021.xmf
	    New File  		 216.0 m	field00022.h5
	    New File  		    1186	field00022.xmf
	    New File  		 216.0 m	field00023.h5
	    New File  		    1186	field00023.xmf
	    New File  		 216.0 m	field00024.h5
	    New File  		    1186	field00024.xmf
	    New File  		 216.0 m	field00025.h5
	    New File  		    1186	field00025.xmf
	    New File  		 216.0 m	field00026.h5
	    New File  		    1186	field00026.xmf
	    New File  		 216.0 m	field00027.h5
	    New File  		    1186	field00027.xmf
	    New File  		 216.0 m	field00028.h5
	    New File  		    1186	field00028.xmf
	    New File  		 216.0 m	field00029.h5
	    New File  		    1186	field00029.xmf
	    New File  		 216.0 m	field00030.h5
	    New File  		    1186	field00030.xmf
	    New File  		 216.0 m	field00031.h5
	    New File  		    1186	field00031.xmf
	    New File  		 216.0 m	field00032.h5
	    New File  		    1186	field00032.xmf
	    New File  		 216.0 m	field00033.h5
	    New File  		    1186	field00033.xmf
	    New File  		 216.0 m	field00034.h5
	    New File  		    1186	field00034.xmf
	    New File  		 216.0 m	field00035.h5
	    New File  		    1186	field00035.xmf
	    New File  		 216.0 m	field00036.h5
	    New File  		    1186	field00036.xmf
	    New File  		 216.0 m	field00037.h5
	    New File  		    1186	field00037.xmf
	    New File  		 216.0 m	field00038.h5
	    New File  		    1186	field00038.xmf
	    New File  		 216.0 m	field00039.h5
	    New File  		    1186	field00039.xmf
	    New File  		 216.0 m	field00040.h5
	    New File  		    1186	field00040.xmf
	    New File  		 216.0 m	field00041.h5
	    New File  		    1186	field00041.xmf
	    New File  		 216.0 m	field00042.h5
	    New File  		    1186	field00042.xmf
	    New File  		 216.0 m	field00043.h5
	    New File  		    1186	field00043.xmf
	    New File  		 216.0 m	field00044.h5
	    New File  		    1186	field00044.xmf
	    New File  		 216.0 m	field00045.h5
	    New File  		    1186	field00045.xmf
	    New File  		 216.0 m	field00046.h5
	    New File  		    1186	field00046.xmf
	    New File  		 216.0 m	field00047.h5
	    New File  		    1186	field00047.xmf
	    New File  		 216.0 m	field00048.h5
	    New File  		    1186	field00048.xmf
	    New File  		 216.0 m	field00049.h5
	    New File  		    1186	field00049.xmf
	    New File  		 216.0 m	field00050.h5
	    New File  		    1186	field00050.xmf
	    New File  		 216.0 m	field00051.h5
	    New File  		    1186	field00051.xmf
	    New File  		 216.0 m	field00052.h5
	    New File  		    1186	field00052.xmf
	    New File  		 216.0 m	field00053.h5
	    New File  		    1186	field00053.xmf
	    New File  		 216.0 m	field00054.h5
	    New File  		    1186	field00054.xmf
	    New File  		 216.0 m	field00055.h5
	    New File  		    1186	field00055.xmf
	    New File  		 216.0 m	field00056.h5
	    New File  		    1186	field00056.xmf
	    New File  		 216.0 m	field00057.h5
	    New File  		    1186	field00057.xmf
	    New File  		 216.0 m	field00058.h5
	    New File  		    1186	field00058.xmf
	    New File  		 216.0 m	field00059.h5
	    New File  		    1186	field00059.xmf
	    New File  		 216.0 m	field00060.h5
	    New File  		    1186	field00060.xmf
	    New File  		 216.0 m	field00061.h5
	    New File  		    1186	field00061.xmf
	    New File  		 216.0 m	field00062.h5
	    New File  		    1186	field00062.xmf
	    New File  		 216.0 m	field00063.h5
	    New File  		    1186	field00063.xmf
	    New File  		 216.0 m	field00064.h5
	    New File  		    1186	field00064.xmf
	    New File  		 216.0 m	field00065.h5
	    New File  		    1186	field00065.xmf
	    New File  		 216.0 m	field00066.h5
	    New File  		    1186	field00066.xmf
	    New File  		 216.0 m	field00067.h5
	    New File  		    1186	field00067.xmf
	    New File  		 216.0 m	field00068.h5
	    New File  		    1186	field00068.xmf
	    New File  		 216.0 m	field00069.h5
	    New File  		    1186	field00069.xmf
	    New File  		 216.0 m	field00070.h5
	    New File  		    1186	field00070.xmf
	    New File  		 216.0 m	field00071.h5
	    New File  		    1186	field00071.xmf
	    New File  		 216.0 m	field00072.h5
	    New File  		    1186	field00072.xmf
	    New File  		 216.0 m	field00073.h5
	    New File  		    1186	field00073.xmf
	    New File  		 216.0 m	field00074.h5
	    New File  		    1186	field00074.xmf
	    New File  		 216.0 m	field00075.h5
	    New File  		    1186	field00075.xmf
	    New File  		 216.0 m	field00076.h5
	    New File  		    1186	field00076.xmf
	    New File  		 216.0 m	field00077.h5
	    New File  		    1186	field00077.xmf
	    New File  		 216.0 m	field00078.h5
	    New File  		    1186	field00078.xmf
	    New File  		 216.0 m	field00079.h5
	    New File  		    1186	field00079.xmf
	    New File  		 216.0 m	field00080.h5
	    New File  		    1186	field00080.xmf
	    New File  		 216.0 m	field00081.h5
	    New File  		    1186	field00081.xmf
	    New File  		 216.0 m	field00082.h5
	    New File  		    1186	field00082.xmf
	    New File  		 216.0 m	field00083.h5
	    New File  		    1186	field00083.xmf
	    New File  		 216.0 m	field00084.h5
	    New File  		    1186	field00084.xmf
	    New File  		 216.0 m	field00085.h5
	    New File  		    1186	field00085.xmf
	    New File  		 216.0 m	field00086.h5
	    New File  		    1186	field00086.xmf
	    New File  		 216.0 m	field00087.h5
	    New File  		    1186	field00087.xmf
	    New File  		 216.0 m	field00088.h5
	    New File  		    1186	field00088.xmf
	    New File  		 216.0 m	field00089.h5
	    New File  		    1186	field00089.xmf
	    New File  		 216.0 m	field00090.h5
	    New File  		    1186	field00090.xmf
	    New File  		 216.0 m	field00091.h5
	    New File  		    1186	field00091.xmf
	    New File  		 216.0 m	field00092.h5
	    New File  		    1186	field00092.xmf
	    New File  		 216.0 m	field00093.h5
	    New File  		    1186	field00093.xmf
	    New File  		 216.0 m	field00094.h5
	    New File  		    1186	field00094.xmf
	    New File  		 216.0 m	field00095.h5
	    New File  		    1186	field00095.xmf
	    New File  		 216.0 m	field00096.h5
	    New File  		    1186	field00096.xmf
	    New File  		 216.0 m	field00097.h5
	    New File  		    1186	field00097.xmf
	    New File  		 216.0 m	field00098.h5
	    New File  		    1186	field00098.xmf
	    New File  		 216.0 m	field00099.h5
	    New File  		    1186	field00099.xmf
	    New File  		 216.0 m	field00100.h5
	    New File  		    1186	field00100.xmf
	    New File  		 216.0 m	field00101.h5
	    New File  		    1186	field00101.xmf
	    New File  		 216.0 m	field00102.h5
	    New File  		    1186	field00102.xmf
	    New File  		 216.0 m	field00103.h5
	    New File  		    1186	field00103.xmf
	    New File  		 216.0 m	field00104.h5
	    New File  		    1186	field00104.xmf
	    New File  		 216.0 m	field00105.h5
	    New File  		    1186	field00105.xmf
	    New File  		 216.0 m	field00106.h5
	    New File  		    1186	field00106.xmf
	    New File  		 216.0 m	field00107.h5
	    New File  		    1186	field00107.xmf
	    New File  		 216.0 m	field00108.h5
	    New File  		    1186	field00108.xmf
	    New File  		 216.0 m	field00109.h5
	    New File  		    1186	field00109.xmf
	    New File  		 216.0 m	field00110.h5
	    New File  		    1186	field00110.xmf
	    New File  		 216.0 m	field00111.h5
	    New File  		    1186	field00111.xmf
	    New File  		 216.0 m	field00112.h5
	    New File  		    1186	field00112.xmf
	    New File  		 216.0 m	field00113.h5
	    New File  		    1186	field00113.xmf
	    New File  		 216.0 m	field00114.h5
	    New File  		    1186	field00114.xmf
	    New File  		 216.0 m	field00115.h5
	    New File  		    1186	field00115.xmf
	    New File  		 216.0 m	field00116.h5
	    New File  		    1186	field00116.xmf
	    New File  		 216.0 m	field00117.h5
	    New File  		    1186	field00117.xmf
	    New File  		 216.0 m	field00118.h5
	    New File  		    1186	field00118.xmf
	    New File  		 216.0 m	field00119.h5
	    New File  		    1186	field00119.xmf
	    New File  		 144.0 m	horizontal_velocity00001.h5
	    New File  		    1022	horizontal_velocity00001.xmf
	    New File  		 144.0 m	horizontal_velocity00002.h5
	    New File  		    1022	horizontal_velocity00002.xmf
	    New File  		 144.0 m	horizontal_velocity00003.h5
	    New File  		    1022	horizontal_velocity00003.xmf
	    New File  		 144.0 m	horizontal_velocity00004.h5
	    New File  		    1022	horizontal_velocity00004.xmf
	    New File  		 144.0 m	horizontal_velocity00005.h5
	    New File  		    1022	horizontal_velocity00005.xmf
	    New File  		 144.0 m	horizontal_velocity00006.h5
	    New File  		    1022	horizontal_velocity00006.xmf
	    New File  		 144.0 m	horizontal_velocity00007.h5
	    New File  		    1022	horizontal_velocity00007.xmf
	    New File  		 144.0 m	horizontal_velocity00008.h5
	    New File  		    1022	horizontal_velocity00008.xmf
	    New File  		 144.0 m	horizontal_velocity00009.h5
	    New File  		    1022	horizontal_velocity00009.xmf
	    New File  		 144.0 m	horizontal_velocity00010.h5
	    New File  		    1022	horizontal_velocity00010.xmf
	    New File  		 144.0 m	horizontal_velocity00011.h5
	    New File  		    1022	horizontal_velocity00011.xmf
	    New File  		 144.0 m	horizontal_velocity00012.h5
	    New File  		    1022	horizontal_velocity00012.xmf
	    New File  		 144.0 m	horizontal_velocity00013.h5
	    New File  		    1022	horizontal_velocity00013.xmf
	    New File  		 144.0 m	horizontal_velocity00014.h5
	    New File  		    1022	horizontal_velocity00014.xmf
	    New File  		 144.0 m	horizontal_velocity00015.h5
	    New File  		    1022	horizontal_velocity00015.xmf
	    New File  		 144.0 m	horizontal_velocity00016.h5
	    New File  		    1022	horizontal_velocity00016.xmf
	    New File  		 144.0 m	horizontal_velocity00017.h5
	    New File  		    1022	horizontal_velocity00017.xmf
	    New File  		 144.0 m	horizontal_velocity00018.h5
	    New File  		    1022	horizontal_velocity00018.xmf
	    New File  		 144.0 m	horizontal_velocity00019.h5
	    New File  		    1022	horizontal_velocity00019.xmf
	    New File  		 144.0 m	horizontal_velocity00020.h5
	    New File  		    1022	horizontal_velocity00020.xmf
	    New File  		 144.0 m	horizontal_velocity00021.h5
	    New File  		    1022	horizontal_velocity00021.xmf
	    New File  		 144.0 m	horizontal_velocity00022.h5
	    New File  		    1022	horizontal_velocity00022.xmf
	    New File  		 144.0 m	horizontal_velocity00023.h5
	    New File  		    1022	horizontal_velocity00023.xmf
	    New File  		 144.0 m	horizontal_velocity00024.h5
	    New File  		    1022	horizontal_velocity00024.xmf
	    New File  		 144.0 m	horizontal_velocity00025.h5
	    New File  		    1022	horizontal_velocity00025.xmf
	    New File  		 144.0 m	horizontal_velocity00026.h5
	    New File  		    1022	horizontal_velocity00026.xmf
	    New File  		 144.0 m	horizontal_velocity00027.h5
	    New File  		    1022	horizontal_velocity00027.xmf
	    New File  		 144.0 m	horizontal_velocity00028.h5
	    New File  		    1022	horizontal_velocity00028.xmf
	    New File  		 144.0 m	horizontal_velocity00029.h5
	    New File  		    1022	horizontal_velocity00029.xmf
	    New File  		 144.0 m	horizontal_velocity00030.h5
	    New File  		    1022	horizontal_velocity00030.xmf
	    New File  		 144.0 m	horizontal_velocity00031.h5
	    New File  		    1022	horizontal_velocity00031.xmf
	    New File  		 144.0 m	horizontal_velocity00032.h5
	    New File  		    1022	horizontal_velocity00032.xmf
	    New File  		 144.0 m	horizontal_velocity00033.h5
	    New File  		    1022	horizontal_velocity00033.xmf
	    New File  		 144.0 m	horizontal_velocity00034.h5
	    New File  		    1022	horizontal_velocity00034.xmf
	    New File  		 144.0 m	horizontal_velocity00035.h5
	    New File  		    1022	horizontal_velocity00035.xmf
	    New File  		 144.0 m	horizontal_velocity00036.h5
	    New File  		    1022	horizontal_velocity00036.xmf
	    New File  		 144.0 m	horizontal_velocity00037.h5
	    New File  		    1022	horizontal_velocity00037.xmf
	    New File  		 144.0 m	horizontal_velocity00038.h5
	    New File  		    1022	horizontal_velocity00038.xmf
	    New File  		 144.0 m	horizontal_velocity00039.h5
	    New File  		    1022	horizontal_velocity00039.xmf
	    New File  		 144.0 m	horizontal_velocity00040.h5
	    New File  		    1022	horizontal_velocity00040.xmf
	    New File  		 144.0 m	horizontal_velocity00041.h5
	    New File  		    1022	horizontal_velocity00041.xmf
	    New File  		 144.0 m	horizontal_velocity00042.h5
	    New File  		    1022	horizontal_velocity00042.xmf
	    New File  		 144.0 m	horizontal_velocity00043.h5
	    New File  		    1022	horizontal_velocity00043.xmf
	    New File  		 144.0 m	horizontal_velocity00044.h5
	    New File  		    1022	horizontal_velocity00044.xmf
	    New File  		 144.0 m	horizontal_velocity00045.h5
	    New File  		    1022	horizontal_velocity00045.xmf
	    New File  		 144.0 m	horizontal_velocity00046.h5
	    New File  		    1022	horizontal_velocity00046.xmf
	    New File  		 144.0 m	horizontal_velocity00047.h5
	    New File  		    1022	horizontal_velocity00047.xmf
	    New File  		 144.0 m	horizontal_velocity00048.h5
	    New File  		    1022	horizontal_velocity00048.xmf
	    New File  		 144.0 m	horizontal_velocity00049.h5
	    New File  		    1022	horizontal_velocity00049.xmf
	    New File  		 144.0 m	horizontal_velocity00050.h5
	    New File  		    1022	horizontal_velocity00050.xmf
	    New File  		 144.0 m	horizontal_velocity00051.h5
	    New File  		    1022	horizontal_velocity00051.xmf
	    New File  		 144.0 m	horizontal_velocity00052.h5
	    New File  		    1022	horizontal_velocity00052.xmf
	    New File  		 144.0 m	horizontal_velocity00053.h5
	    New File  		    1022	horizontal_velocity00053.xmf
	    New File  		 144.0 m	horizontal_velocity00054.h5
	    New File  		    1022	horizontal_velocity00054.xmf
	    New File  		 144.0 m	horizontal_velocity00055.h5
	    New File  		    1022	horizontal_velocity00055.xmf
	    New File  		 144.0 m	horizontal_velocity00056.h5
	    New File  		    1022	horizontal_velocity00056.xmf
	    New File  		 144.0 m	horizontal_velocity00057.h5
	    New File  		    1022	horizontal_velocity00057.xmf
	    New File  		 144.0 m	horizontal_velocity00058.h5
	    New File  		    1022	horizontal_velocity00058.xmf
	    New File  		 144.0 m	horizontal_velocity00059.h5
	    New File  		    1022	horizontal_velocity00059.xmf
	    New File  		 144.0 m	horizontal_velocity00060.h5
	    New File  		    1022	horizontal_velocity00060.xmf
	    New File  		 144.0 m	horizontal_velocity00061.h5
	    New File  		    1022	horizontal_velocity00061.xmf
	    New File  		 144.0 m	horizontal_velocity00062.h5
	    New File  		    1022	horizontal_velocity00062.xmf
	    New File  		 144.0 m	horizontal_velocity00063.h5
	    New File  		    1022	horizontal_velocity00063.xmf
	    New File  		 144.0 m	horizontal_velocity00064.h5
	    New File  		    1022	horizontal_velocity00064.xmf
	    New File  		 144.0 m	horizontal_velocity00065.h5
	    New File  		    1022	horizontal_velocity00065.xmf
	    New File  		 144.0 m	horizontal_velocity00066.h5
	    New File  		    1022	horizontal_velocity00066.xmf
	    New File  		 144.0 m	horizontal_velocity00067.h5
	    New File  		    1022	horizontal_velocity00067.xmf
	    New File  		 144.0 m	horizontal_velocity00068.h5
	    New File  		    1022	horizontal_velocity00068.xmf
	    New File  		 144.0 m	horizontal_velocity00069.h5
	    New File  		    1022	horizontal_velocity00069.xmf
	    New File  		 144.0 m	horizontal_velocity00070.h5
	    New File  		    1022	horizontal_velocity00070.xmf
	    New File  		 144.0 m	horizontal_velocity00071.h5
	    New File  		    1022	horizontal_velocity00071.xmf
	    New File  		 144.0 m	horizontal_velocity00072.h5
	    New File  		    1022	horizontal_velocity00072.xmf
	    New File  		 144.0 m	horizontal_velocity00073.h5
	    New File  		    1022	horizontal_velocity00073.xmf
	    New File  		 144.0 m	horizontal_velocity00074.h5
	    New File  		    1022	horizontal_velocity00074.xmf
	    New File  		 144.0 m	horizontal_velocity00075.h5
	    New File  		    1022	horizontal_velocity00075.xmf
	    New File  		 144.0 m	horizontal_velocity00076.h5
	    New File  		    1022	horizontal_velocity00076.xmf
	    New File  		 144.0 m	horizontal_velocity00077.h5
	    New File  		    1022	horizontal_velocity00077.xmf
	    New File  		 144.0 m	horizontal_velocity00078.h5
	    New File  		    1022	horizontal_velocity00078.xmf
	    New File  		 144.0 m	horizontal_velocity00079.h5
	    New File  		    1022	horizontal_velocity00079.xmf
	    New File  		 144.0 m	horizontal_velocity00080.h5
	    New File  		    1022	horizontal_velocity00080.xmf
	    New File  		 144.0 m	horizontal_velocity00081.h5
	    New File  		    1022	horizontal_velocity00081.xmf
	    New File  		 144.0 m	horizontal_velocity00082.h5
	    New File  		    1022	horizontal_velocity00082.xmf
	    New File  		 144.0 m	horizontal_velocity00083.h5
	    New File  		    1022	horizontal_velocity00083.xmf
	    New File  		 144.0 m	horizontal_velocity00084.h5
	    New File  		    1022	horizontal_velocity00084.xmf
	    New File  		 144.0 m	horizontal_velocity00085.h5
	    New File  		    1022	horizontal_velocity00085.xmf
	    New File  		 144.0 m	horizontal_velocity00086.h5
	    New File  		    1022	horizontal_velocity00086.xmf
	    New File  		 144.0 m	horizontal_velocity00087.h5
	    New File  		    1022	horizontal_velocity00087.xmf
	    New File  		 144.0 m	horizontal_velocity00088.h5
	    New File  		    1022	horizontal_velocity00088.xmf
	    New File  		 144.0 m	horizontal_velocity00089.h5
	    New File  		    1022	horizontal_velocity00089.xmf
	    New File  		 144.0 m	horizontal_velocity00090.h5
	    New File  		    1022	horizontal_velocity00090.xmf
	    New File  		 144.0 m	horizontal_velocity00091.h5
	    New File  		    1022	horizontal_velocity00091.xmf
	    New File  		 144.0 m	horizontal_velocity00092.h5
	    New File  		    1022	horizontal_velocity00092.xmf
	    New File  		 144.0 m	horizontal_velocity00093.h5
	    New File  		    1022	horizontal_velocity00093.xmf
	    New File  		 144.0 m	horizontal_velocity00094.h5
	    New File  		    1022	horizontal_velocity00094.xmf
	    New File  		 144.0 m	horizontal_velocity00095.h5
	    New File  		    1022	horizontal_velocity00095.xmf
	    New File  		 144.0 m	horizontal_velocity00096.h5
	    New File  		    1022	horizontal_velocity00096.xmf
	    New File  		 144.0 m	horizontal_velocity00097.h5
	    New File  		    1022	horizontal_velocity00097.xmf
	    New File  		 144.0 m	horizontal_velocity00098.h5
	    New File  		    1022	horizontal_velocity00098.xmf
	    New File  		 144.0 m	horizontal_velocity00099.h5
	    New File  		    1022	horizontal_velocity00099.xmf
	    New File  		 144.0 m	horizontal_velocity00100.h5
	    New File  		    1022	horizontal_velocity00100.xmf
	    New File  		 144.0 m	horizontal_velocity00101.h5
	    New File  		    1022	horizontal_velocity00101.xmf
	    New File  		 144.0 m	horizontal_velocity00102.h5
	    New File  		    1022	horizontal_velocity00102.xmf
	    New File  		 144.0 m	horizontal_velocity00103.h5
	    New File  		    1022	horizontal_velocity00103.xmf
	    New File  		 144.0 m	horizontal_velocity00104.h5
	    New File  		    1022	horizontal_velocity00104.xmf
	    New File  		 144.0 m	horizontal_velocity00105.h5
	    New File  		    1022	horizontal_velocity00105.xmf
	    New File  		 144.0 m	horizontal_velocity00106.h5
	    New File  		    1022	horizontal_velocity00106.xmf
	    New File  		 144.0 m	horizontal_velocity00107.h5
	    New File  		    1022	horizontal_velocity00107.xmf
	    New File  		 144.0 m	horizontal_velocity00108.h5
	    New File  		    1022	horizontal_velocity00108.xmf
	    New File  		 144.0 m	horizontal_velocity00109.h5
	    New File  		    1022	horizontal_velocity00109.xmf
	    New File  		 144.0 m	horizontal_velocity00110.h5
	    New File  		    1022	horizontal_velocity00110.xmf
	    New File  		 144.0 m	horizontal_velocity00111.h5
	    New File  		    1022	horizontal_velocity00111.xmf
	    New File  		 144.0 m	horizontal_velocity00112.h5
	    New File  		    1022	horizontal_velocity00112.xmf
	    New File  		 144.0 m	horizontal_velocity00113.h5
	    New File  		    1022	horizontal_velocity00113.xmf
	    New File  		 144.0 m	horizontal_velocity00114.h5
	    New File  		    1022	horizontal_velocity00114.xmf
	    New File  		 144.0 m	horizontal_velocity00115.h5
	    New File  		    1022	horizontal_velocity00115.xmf
	    New File  		 144.0 m	horizontal_velocity00116.h5
	    New File  		    1022	horizontal_velocity00116.xmf
	    New File  		 144.0 m	horizontal_velocity00117.h5
	    New File  		    1022	horizontal_velocity00117.xmf
	    New File  		 144.0 m	horizontal_velocity00118.h5
	    New File  		    1022	horizontal_velocity00118.xmf
	    New File  		 144.0 m	horizontal_velocity00119.h5
	    New File  		    1022	horizontal_velocity00119.xmf
	    New File  		  72.0 m	mprime00001.h5
	    New File  		     815	mprime00001.xmf
	    New File  		  72.0 m	mprime00002.h5
	    New File  		     815	mprime00002.xmf
	    New File  		  72.0 m	mprime00003.h5
	    New File  		     815	mprime00003.xmf
	    New File  		  72.0 m	mprime00004.h5
	    New File  		     815	mprime00004.xmf
	    New File  		  72.0 m	mprime00005.h5
	    New File  		     815	mprime00005.xmf
	    New File  		  72.0 m	mprime00006.h5
	    New File  		     815	mprime00006.xmf
	    New File  		  72.0 m	mprime00007.h5
	    New File  		     815	mprime00007.xmf
	    New File  		  72.0 m	mprime00008.h5
	    New File  		     815	mprime00008.xmf
	    New File  		  72.0 m	mprime00009.h5
	    New File  		     815	mprime00009.xmf
	    New File  		  72.0 m	mprime00010.h5
	    New File  		     815	mprime00010.xmf
	    New File  		  72.0 m	mprime00011.h5
	    New File  		     815	mprime00011.xmf
	    New File  		  72.0 m	mprime00012.h5
	    New File  		     815	mprime00012.xmf
	    New File  		  72.0 m	mprime00013.h5
	    New File  		     815	mprime00013.xmf
	    New File  		  72.0 m	mprime00014.h5
	    New File  		     815	mprime00014.xmf
	    New File  		  72.0 m	mprime00015.h5
	    New File  		     815	mprime00015.xmf
	    New File  		  72.0 m	mprime00016.h5
	    New File  		     815	mprime00016.xmf
	    New File  		  72.0 m	mprime00017.h5
	    New File  		     815	mprime00017.xmf
	    New File  		  72.0 m	mprime00018.h5
	    New File  		     815	mprime00018.xmf
	    New File  		  72.0 m	mprime00019.h5
	    New File  		     815	mprime00019.xmf
	    New File  		  72.0 m	mprime00020.h5
	    New File  		     815	mprime00020.xmf
	    New File  		  72.0 m	mprime00021.h5
	    New File  		     815	mprime00021.xmf
	    New File  		  72.0 m	mprime00022.h5
	    New File  		     815	mprime00022.xmf
	    New File  		  72.0 m	mprime00023.h5
	    New File  		     815	mprime00023.xmf
	    New File  		  72.0 m	mprime00024.h5
	    New File  		     815	mprime00024.xmf
	    New File  		  72.0 m	mprime00025.h5
	    New File  		     815	mprime00025.xmf
	    New File  		  72.0 m	mprime00026.h5
	    New File  		     815	mprime00026.xmf
	    New File  		  72.0 m	mprime00027.h5
	    New File  		     815	mprime00027.xmf
	    New File  		  72.0 m	mprime00028.h5
	    New File  		     815	mprime00028.xmf
	    New File  		  72.0 m	mprime00029.h5
	    New File  		     815	mprime00029.xmf
	    New File  		  72.0 m	mprime00030.h5
	    New File  		     815	mprime00030.xmf
	    New File  		  72.0 m	mprime00031.h5
	    New File  		     815	mprime00031.xmf
	    New File  		  72.0 m	mprime00032.h5
	    New File  		     815	mprime00032.xmf
	    New File  		  72.0 m	mprime00033.h5
	    New File  		     815	mprime00033.xmf
	    New File  		  72.0 m	mprime00034.h5
	    New File  		     815	mprime00034.xmf
	    New File  		  72.0 m	mprime00035.h5
	    New File  		     815	mprime00035.xmf
	    New File  		  72.0 m	mprime00036.h5
	    New File  		     815	mprime00036.xmf
	    New File  		  72.0 m	mprime00037.h5
	    New File  		     815	mprime00037.xmf
	    New File  		  72.0 m	mprime00038.h5
	    New File  		     815	mprime00038.xmf
	    New File  		  72.0 m	mprime00039.h5
	    New File  		     815	mprime00039.xmf
	    New File  		  72.0 m	mprime00040.h5
	    New File  		     815	mprime00040.xmf
	    New File  		  72.0 m	mprime00041.h5
	    New File  		     815	mprime00041.xmf
	    New File  		  72.0 m	mprime00042.h5
	    New File  		     815	mprime00042.xmf
	    New File  		  72.0 m	mprime00043.h5
	    New File  		     815	mprime00043.xmf
	    New File  		  72.0 m	mprime00044.h5
	    New File  		     815	mprime00044.xmf
	    New File  		  72.0 m	mprime00045.h5
	    New File  		     815	mprime00045.xmf
	    New File  		  72.0 m	mprime00046.h5
	    New File  		     815	mprime00046.xmf
	    New File  		  72.0 m	mprime00047.h5
	    New File  		     815	mprime00047.xmf
	    New File  		  72.0 m	mprime00048.h5
	    New File  		     815	mprime00048.xmf
	    New File  		  72.0 m	mprime00049.h5
	    New File  		     815	mprime00049.xmf
	    New File  		  72.0 m	mprime00050.h5
	    New File  		     815	mprime00050.xmf
	    New File  		  72.0 m	mprime00051.h5
	    New File  		     815	mprime00051.xmf
	    New File  		  72.0 m	mprime00052.h5
	    New File  		     815	mprime00052.xmf
	    New File  		  72.0 m	mprime00053.h5
	    New File  		     815	mprime00053.xmf
	    New File  		  72.0 m	mprime00054.h5
	    New File  		     815	mprime00054.xmf
	    New File  		  72.0 m	mprime00055.h5
	    New File  		     815	mprime00055.xmf
	    New File  		  72.0 m	mprime00056.h5
	    New File  		     815	mprime00056.xmf
	    New File  		  72.0 m	mprime00057.h5
	    New File  		     815	mprime00057.xmf
	    New File  		  72.0 m	mprime00058.h5
	    New File  		     815	mprime00058.xmf
	    New File  		  72.0 m	mprime00059.h5
	    New File  		     815	mprime00059.xmf
	    New File  		  72.0 m	mprime00060.h5
	    New File  		     815	mprime00060.xmf
	    New File  		  72.0 m	mprime00061.h5
	    New File  		     815	mprime00061.xmf
	    New File  		  72.0 m	mprime00062.h5
	    New File  		     815	mprime00062.xmf
	    New File  		  72.0 m	mprime00063.h5
	    New File  		     815	mprime00063.xmf
	    New File  		  72.0 m	mprime00064.h5
	    New File  		     815	mprime00064.xmf
	    New File  		  72.0 m	mprime00065.h5
	    New File  		     815	mprime00065.xmf
	    New File  		  72.0 m	mprime00066.h5
	    New File  		     815	mprime00066.xmf
	    New File  		  72.0 m	mprime00067.h5
	    New File  		     815	mprime00067.xmf
	    New File  		  72.0 m	mprime00068.h5
	    New File  		     815	mprime00068.xmf
	    New File  		  72.0 m	mprime00069.h5
	    New File  		     815	mprime00069.xmf
	    New File  		  72.0 m	mprime00070.h5
	    New File  		     815	mprime00070.xmf
	    New File  		  72.0 m	mprime00071.h5
	    New File  		     815	mprime00071.xmf
	    New File  		  72.0 m	mprime00072.h5
	    New File  		     815	mprime00072.xmf
	    New File  		  72.0 m	mprime00073.h5
	    New File  		     815	mprime00073.xmf
	    New File  		  72.0 m	mprime00074.h5
	    New File  		     815	mprime00074.xmf
	    New File  		  72.0 m	mprime00075.h5
	    New File  		     815	mprime00075.xmf
	    New File  		  72.0 m	mprime00076.h5
	    New File  		     815	mprime00076.xmf
	    New File  		  72.0 m	mprime00077.h5
	    New File  		     815	mprime00077.xmf
	    New File  		  72.0 m	mprime00078.h5
	    New File  		     815	mprime00078.xmf
	    New File  		  72.0 m	mprime00079.h5
	    New File  		     815	mprime00079.xmf
	    New File  		  72.0 m	mprime00080.h5
	    New File  		     815	mprime00080.xmf
	    New File  		  72.0 m	mprime00081.h5
	    New File  		     815	mprime00081.xmf
	    New File  		  72.0 m	mprime00082.h5
	    New File  		     815	mprime00082.xmf
	    New File  		  72.0 m	mprime00083.h5
	    New File  		     815	mprime00083.xmf
	    New File  		  72.0 m	mprime00084.h5
	    New File  		     815	mprime00084.xmf
	    New File  		  72.0 m	mprime00085.h5
	    New File  		     815	mprime00085.xmf
	    New File  		  72.0 m	mprime00086.h5
	    New File  		     815	mprime00086.xmf
	    New File  		  72.0 m	mprime00087.h5
	    New File  		     815	mprime00087.xmf
	    New File  		  72.0 m	mprime00088.h5
	    New File  		     815	mprime00088.xmf
	    New File  		  72.0 m	mprime00089.h5
	    New File  		     815	mprime00089.xmf
	    New File  		  72.0 m	mprime00090.h5
	    New File  		     815	mprime00090.xmf
	    New File  		  72.0 m	mprime00091.h5
	    New File  		     815	mprime00091.xmf
	    New File  		  72.0 m	mprime00092.h5
	    New File  		     815	mprime00092.xmf
	    New File  		  72.0 m	mprime00093.h5
	    New File  		     815	mprime00093.xmf
	    New File  		  72.0 m	mprime00094.h5
	    New File  		     815	mprime00094.xmf
	    New File  		  72.0 m	mprime00095.h5
	    New File  		     815	mprime00095.xmf
	    New File  		  72.0 m	mprime00096.h5
	    New File  		     815	mprime00096.xmf
	    New File  		  72.0 m	mprime00097.h5
	    New File  		     815	mprime00097.xmf
	    New File  		  72.0 m	mprime00098.h5
	    New File  		     815	mprime00098.xmf
	    New File  		  72.0 m	mprime00099.h5
	    New File  		     815	mprime00099.xmf
	    New File  		  72.0 m	mprime00100.h5
	    New File  		     815	mprime00100.xmf
	    New File  		  72.0 m	mprime00101.h5
	    New File  		     815	mprime00101.xmf
	    New File  		  72.0 m	mprime00102.h5
	    New File  		     815	mprime00102.xmf
	    New File  		  72.0 m	mprime00103.h5
	    New File  		     815	mprime00103.xmf
	    New File  		  72.0 m	mprime00104.h5
	    New File  		     815	mprime00104.xmf
	    New File  		  72.0 m	mprime00105.h5
	    New File  		     815	mprime00105.xmf
	    New File  		  72.0 m	mprime00106.h5
	    New File  		     815	mprime00106.xmf
	    New File  		  72.0 m	mprime00107.h5
	    New File  		     815	mprime00107.xmf
	    New File  		  72.0 m	mprime00108.h5
	    New File  		     815	mprime00108.xmf
	    New File  		  72.0 m	mprime00109.h5
	    New File  		     815	mprime00109.xmf
	    New File  		  72.0 m	mprime00110.h5
	    New File  		     815	mprime00110.xmf
	    New File  		  72.0 m	mprime00111.h5
	    New File  		     815	mprime00111.xmf
	    New File  		  72.0 m	mprime00112.h5
	    New File  		     815	mprime00112.xmf
	    New File  		  72.0 m	mprime00113.h5
	    New File  		     815	mprime00113.xmf
	    New File  		  72.0 m	mprime00114.h5
	    New File  		     815	mprime00114.xmf
	    New File  		  72.0 m	mprime00115.h5
	    New File  		     815	mprime00115.xmf
	    New File  		  72.0 m	mprime00116.h5
	    New File  		     815	mprime00116.xmf
	    New File  		  72.0 m	mprime00117.h5
	    New File  		     815	mprime00117.xmf
	    New File  		  72.0 m	mprime00118.h5
	    New File  		     815	mprime00118.xmf
	    New File  		  72.0 m	mprime00119.h5
	    New File  		     815	mprime00119.xmf
	                   0	G:\moist convection\Ek1e-1\AR16\Beta1p02\qbot0p5_qtop0p004978\N385x385x65\run\postprocess\
	  New Dir          2	G:\moist convection\Ek1e-1\AR16\Beta1p02\qbot0p5_qtop0p004978\N385x385x65\run\postprocess\self_aggregation\
	    New File  		   24948	aggregation_analysis.py
	    New File  		    2117	README_self_aggregation.md
	                   1	G:\moist convection\Ek1e-1\AR16\Beta1p02\qbot0p5_qtop0p004978\N385x385x65\run\__pycache__\
	    New File  		   31902	stability_solver.cpython-311.pyc

------------------------------------------------------------------------------

               Total    Copied   Skipped  Mismatch    FAILED    Extras
    Dirs :        29         5        24         0         0        13
   Files :      1773      1773         0         0         0       167
   Bytes :  94.368 g  94.368 g         0         0         0   4.238 g
   Times :   1:50:55   1:50:54                       0:00:00   0:00:00


   Speed :           15,227,414 Bytes/sec.
   Speed :              871.320 MegaBytes/min.
   Ended : 2026811 23:42:41

