     0.1000       2.86313877E-01       9.26668799E-03       7.51375680E-12       5.28574246E-10       2.87737885E-01       7.37355278E-11       1.33267184E-01       1.28775308E-01       9.99995547E-01
     0.2000       2.86316184E-01       1.62885389E-02       2.32151938E-11       1.50098754E-09       2.87737885E-01       1.11440774E-10       1.41357400E-01       1.37043289E-01       9.99995638E-01
     0.3000       2.86318497E-01       2.16970301E-02       4.11915977E-11       2.48686437E-09       2.87737885E-01       1.29485701E-10       1.49910469E-01       1.46102428E-01       9.99995681E-01
     0.4000       2.86320814E-01       2.59225129E-02       5.87979591E-11       3.35888369E-09       2.87737885E-01       1.36482395E-10       1.58905515E-01       1.55928373E-01       9.99995697E-01
     0.5000       2.86323136E-01       2.92569244E-02       7.48971671E-11       4.09302177E-09       2.87737885E-01       1.37160460E-10       1.68306534E-01       1.66463321E-01       9.99995699E-01
     0.6000       2.86325461E-01       3.19075623E-02       8.90830966E-11       4.69942624E-09       2.87737885E-01       1.34246460E-10       1.78073377E-01       1.77637247E-01       9.99995692E-01
     0.7000       2.86327790E-01       3.40267107E-02       1.01308991E-10       5.19771189E-09       2.87737885E-01       1.29361499E-10       1.88161780E-01       1.89373100E-01       9.99995680E-01
     0.8000       2.86330121E-01       3.57290089E-02       1.11699182E-10       5.60812329E-09       2.87737885E-01       1.23485442E-10       1.98523542E-01       2.01589615E-01       9.99995666E-01
     0.9000       2.86332456E-01       3.71022746E-02       1.20450643E-10       5.94859315E-09       2.87737885E-01       1.17212897E-10       2.09107552E-01       2.14203565E-01       9.99995652E-01
     1.0000       2.86334792E-01       3.82146207E-02       1.27781258E-10       6.23403300E-09       2.87737885E-01       1.10901487E-10       2.19861358E-01       2.27131841E-01       9.99995637E-01
     1.1000       2.86337132E-01       3.91193485E-02       1.33903300E-10       6.47645056E-09       2.87737885E-01       1.04760938E-10       2.30732886E-01       2.40293375E-01       9.99995622E-01
     1.2000       2.86339474E-01       3.98584347E-02       1.39010796E-10       6.68533857E-09       2.87737885E-01       9.89080523E-11       2.41672061E-01       2.53610850E-01       9.99995608E-01
     1.3000       2.86341818E-01       4.04650872E-02       1.43274537E-10       6.86811450E-09       2.87737885E-01       9.34012733E-11       2.52632147E-01       2.67012106E-01       9.99995595E-01
     1.4000       2.86344164E-01       4.09656583E-02       1.46841202E-10       7.03052770E-09       2.87737885E-01       8.82626967E-11       2.63570746E-01       2.80431183E-01       9.99995583E-01
     1.5000       2.86346513E-01       4.13811027E-02       1.49834620E-10       7.17700747E-09       2.87737885E-01       8.34921976E-11       2.74450445E-01       2.93809006E-01       9.99995572E-01
     1.6000       2.86348863E-01       4.17281013E-02       1.52358013E-10       7.31094882E-09       2.87737886E-01       7.90765248E-11       2.85239130E-01       3.07093713E-01       9.99995562E-01
     1.7000       2.86351216E-01       4.20199381E-02       1.54496580E-10       7.43494191E-09       2.87737886E-01       7.49951469E-11       2.95910023E-01       3.20240684E-01       9.99995552E-01
     1.8000       2.86353570E-01       4.22671891E-02       1.56320087E-10       7.55095372E-09       2.87737886E-01       7.12239858E-11       3.06441506E-01       3.33212308E-01       9.99995543E-01
     1.9000       2.86355927E-01       4.24782671E-02       1.57885278E-10       7.66047069E-09       2.87737886E-01       6.77377680E-11       3.16816779E-01       3.45977581E-01       9.99995535E-01
     2.0000       2.86358285E-01       4.26598547E-02       1.59238030E-10       7.76461000E-09       2.87737886E-01       6.45114724E-11       3.27023419E-01       3.58511564E-01       9.99995527E-01
     2.1000       2.86360645E-01       4.28172505E-02       1.60415233E-10       7.86420618E-09       2.87737886E-01       6.15211853E-11       3.37052888E-01       3.70794776E-01       9.99995520E-01
     2.2000       2.86363006E-01       4.29546461E-02       1.61446392E-10       7.95987820E-09       2.87737886E-01       5.87445710E-11       3.46900008E-01       3.82812554E-01       9.99995513E-01
     2.3000       2.86365369E-01       4.30753477E-02       1.62354988E-10       8.05208141E-09       2.87737886E-01       5.61610939E-11       3.56562456E-01       3.94554413E-01       9.99995507E-01
     2.4000       2.86367734E-01       4.31819556E-02       1.63159613E-10       8.14114767E-09       2.87737886E-01       5.37520832E-11       3.66040283E-01       4.06013443E-01       9.99995502E-01
     2.5000       2.86370101E-01       4.32765078E-02       1.63874911E-10       8.22731626E-09       2.87737886E-01       5.15007010E-11       3.75335470E-01       4.17185744E-01       9.99995496E-01
     2.6000       2.86372469E-01       4.33605955E-02       1.64512359E-10       8.31075769E-09       2.87737886E-01       4.93918522E-11       3.84451536E-01       4.28069912E-01       9.99995491E-01
     2.7000       2.86374838E-01       4.34354571E-02       1.65080907E-10       8.39159201E-09       2.87737886E-01       4.74120640E-11       3.93393192E-01       4.38666588E-01       9.99995487E-01
     2.8000       2.86377209E-01       4.35020526E-02       1.65587501E-10       8.46990277E-09       2.87737886E-01       4.55493509E-11       4.02166042E-01       4.48978059E-01       9.99995482E-01
     2.9000       2.86379582E-01       4.35611245E-02       1.66037512E-10       8.54574777E-09       2.87737886E-01       4.37930757E-11       4.10776339E-01       4.59007922E-01       9.99995478E-01
     3.0000       2.86381956E-01       4.36132458E-02       1.66435081E-10       8.61916718E-09       2.87737886E-01       4.21338141E-11       4.19230767E-01       4.68760784E-01       9.99995474E-01
     3.1000       2.86384331E-01       4.36588595E-02       1.66783401E-10       8.69018972E-09       2.87737886E-01       4.05632266E-11       4.27536282E-01       4.78242029E-01       9.99995470E-01
     3.2000       2.86386703E-01       4.36984067E-02       1.67085691E-10       8.75876802E-09       2.87737886E-01       3.90951489E-11       4.35698749E-01       4.87465903E-01       9.99995467E-01
     3.3000       2.86388381E-01       4.37402119E-02       1.67405537E-10       8.81895317E-09       2.87737886E-01       3.84804073E-11       4.43548945E-01       4.96836925E-01       9.99995465E-01
     3.4000       2.86388805E-01       4.38042789E-02       1.67896299E-10       8.86606637E-09       2.87737886E-01       3.82692275E-11       4.50710878E-01       5.06612822E-01       9.99995465E-01
     3.5000       2.86389090E-01       4.38829846E-02       1.68500180E-10       8.91349755E-09       2.87737886E-01       3.76372650E-11       4.57589615E-01       5.16469840E-01       9.99995463E-01
     3.6000       2.86389341E-01       4.39716351E-02       1.69181661E-10       8.96325964E-09       2.87737886E-01       3.70771030E-11       4.64324824E-01       5.26380848E-01       9.99995462E-01
     3.7000       2.86389564E-01       4.40705184E-02       1.69943427E-10       9.01551855E-09       2.87737886E-01       3.66212967E-11       4.70924556E-01       5.36304622E-01       9.99995461E-01
     3.8000       2.86389762E-01       4.41800316E-02       1.70789080E-10       9.07046306E-09       2.87737886E-01       3.62375889E-11       4.77394726E-01       5.46169704E-01       9.99995460E-01
     3.9000       2.86389937E-01       4.43009383E-02       1.71725149E-10       9.12833308E-09       2.87737886E-01       3.59724429E-11       4.83745499E-01       5.55914209E-01       9.99995459E-01
     4.0000       2.86390081E-01       4.44414394E-02       1.72816135E-10       9.19068224E-09       2.87737886E-01       3.64711797E-11       4.89917650E-01       5.65491372E-01       9.99995460E-01
     4.1000       2.86390180E-01       4.46131908E-02       1.74154469E-10       9.26027578E-09       2.87737886E-01       3.69678581E-11       4.95822593E-01       5.74879590E-01       9.99995461E-01
     4.2000       2.86390260E-01       4.48060873E-02       1.75663728E-10       9.33592426E-09       2.87737886E-01       3.71835336E-11       5.01570059E-01       5.83981037E-01       9.99995462E-01
     4.3000       2.86390327E-01       4.50176332E-02       1.77326389E-10       9.41758215E-09       2.87737886E-01       3.74604299E-11       5.07177704E-01       5.92731019E-01       9.99995462E-01
     4.4000       2.86390383E-01       4.52485157E-02       1.79149965E-10       9.50571465E-09       2.87737886E-01       3.78374993E-11       5.12644538E-01       6.01070963E-01       9.99995463E-01
     4.5000       2.86390431E-01       4.54995581E-02       1.81143357E-10       9.60076783E-09       2.87737886E-01       3.83156885E-11       5.17969177E-01       6.08940609E-01       9.99995464E-01
     4.6000       2.86390470E-01       4.57718205E-02       1.83317711E-10       9.70331019E-09       2.87737886E-01       3.89110466E-11       5.23143010E-01       6.16305250E-01       9.99995465E-01
     4.7000       2.86390501E-01       4.60664601E-02       1.85685390E-10       9.81399031E-09       2.87737886E-01       3.95851732E-11       5.28155284E-01       6.23116164E-01       9.99995466E-01
     4.8000       2.86390525E-01       4.63845388E-02       1.88258476E-10       9.93344966E-09       2.87737886E-01       4.03950613E-11       5.33001112E-01       6.29349032E-01       9.99995468E-01
     4.9000       2.86390543E-01       4.67274357E-02       1.91052159E-10       1.00624390E-08       2.87737886E-01       4.13200029E-11       5.37667438E-01       6.34974432E-01       9.99995470E-01
     5.0000       2.86390555E-01       4.70964328E-02       1.94081473E-10       1.02017988E-08       2.87737886E-01       4.23704483E-11       5.42141233E-01       6.39987675E-01       9.99995472E-01
     5.1000       2.86390561E-01       4.74931546E-02       1.97364977E-10       1.03524129E-08       2.87737886E-01       4.35470297E-11       5.46408854E-01       6.44377637E-01       9.99995475E-01
     5.2000       2.86390563E-01       4.79188547E-02       2.00918956E-10       1.05152018E-08       2.87737886E-01       4.48890867E-11       5.50457284E-01       6.48154466E-01       9.99995478E-01
     5.3000       2.86390561E-01       4.83753103E-02       2.04764932E-10       1.06912351E-08       2.87737886E-01       4.63563885E-11       5.54273404E-01       6.51315769E-01       9.99995481E-01
     5.4000       2.86390553E-01       4.88641562E-02       2.08924254E-10       1.08816398E-08       2.87737886E-01       4.79908018E-11       5.57844366E-01       6.53884471E-01       9.99995484E-01
     5.5000       2.86390544E-01       4.93872246E-02       2.13421071E-10       1.10877133E-08       2.87737886E-01       4.98006387E-11       5.61160945E-01       6.55880977E-01       9.99995488E-01
     5.6000       2.86390529E-01       4.99467329E-02       2.18284161E-10       1.13108445E-08       2.87737886E-01       5.17940969E-11       5.64209988E-01       6.57335518E-01       9.99995492E-01
     5.7000       2.86390511E-01       5.05447774E-02       2.23542771E-10       1.15526078E-08       2.87737886E-01       5.40429477E-11       5.66992279E-01       6.58270190E-01       9.99995497E-01
     5.8000       2.86390488E-01       5.11840041E-02       2.29232700E-10       1.18147467E-08       2.87737886E-01       5.64992310E-11       5.69500493E-01       6.58701183E-01       9.99995503E-01
     5.9000       2.86390463E-01       5.18671156E-02       2.35392297E-10       1.20992503E-08       2.87737886E-01       5.92253083E-11       5.71736921E-01       6.58649744E-01       9.99995509E-01
     6.0000       2.86390434E-01       5.25967990E-02       2.42062036E-10       1.24081666E-08       2.87737886E-01       6.22042461E-11       5.73706089E-01       6.58134515E-01       9.99995515E-01
     6.1000       2.86390401E-01       5.33758534E-02       2.49285901E-10       1.27437639E-08       2.87737886E-01       6.54382843E-11       5.75418614E-01       6.57185469E-01       9.99995522E-01
     6.2000       2.86390364E-01       5.42070226E-02       2.57110114E-10       1.31084165E-08       2.87737886E-01       6.90351059E-11       5.76888129E-01       6.55839222E-01       9.99995530E-01
     6.3000       2.86390324E-01       5.50928665E-02       2.65582095E-10       1.35046373E-08       2.87737886E-01       7.29494252E-11       5.78127924E-01       6.54124307E-01       9.99995539E-01
     6.4000       2.86390281E-01       5.60361558E-02       2.74754441E-10       1.39351292E-08       2.87737886E-01       7.71779059E-11       5.79158939E-01       6.52092885E-01       9.99995549E-01
     6.5000       2.86390236E-01       5.70392678E-02       2.84679332E-10       1.44026748E-08       2.87737886E-01       8.17319328E-11       5.79997397E-01       6.49784515E-01       9.99995559E-01
     6.6000       2.86390187E-01       5.81045255E-02       2.95411890E-10       1.49101965E-08       2.87737886E-01       8.66644376E-11       5.80672955E-01       6.47254195E-01       9.99995570E-01
     6.7000       2.86390136E-01       5.92346613E-02       3.07015196E-10       1.54610620E-08       2.87737886E-01       9.20255603E-11       5.81205941E-01       6.44545437E-01       9.99995582E-01
     6.8000       2.86390084E-01       6.04320006E-02       3.19552336E-10       1.60585762E-08       2.87737886E-01       9.78020302E-11       5.81615062E-01       6.41701642E-01       9.99995595E-01
     6.9000       2.86390029E-01       6.16989231E-02       3.33091248E-10       1.67063635E-08       2.87737886E-01       1.04011990E-10       5.81928882E-01       6.38768211E-01       9.99995609E-01
     7.0000       2.86389972E-01       6.30379297E-02       3.47705801E-10       1.74083888E-08       2.87737886E-01       1.10697469E-10       5.82166502E-01       6.35777886E-01       9.99995624E-01
     7.1000       2.86389914E-01       6.44515039E-02       3.63474681E-10       1.81688077E-08       2.87737886E-01       1.17888417E-10       5.82349208E-01       6.32763065E-01       9.99995640E-01
     7.2000       2.86389855E-01       6.59422213E-02       3.80482948E-10       1.89922202E-08       2.87737886E-01       1.25661547E-10       5.82495413E-01       6.29751257E-01       9.99995658E-01
     7.3000       2.86389794E-01       6.75125970E-02       3.98820691E-10       1.98834431E-08       2.87737886E-01       1.33969381E-10       5.82619138E-01       6.26766642E-01       9.99995677E-01
     7.4000       2.86389732E-01       6.91652956E-02       4.18585835E-10       2.08476877E-08       2.87737886E-01       1.42991736E-10       5.82735049E-01       6.23828310E-01       9.99995698E-01
     7.5000       2.86389669E-01       7.09029191E-02       4.39882095E-10       2.18905513E-08       2.87737886E-01       1.52659302E-10       5.82855961E-01       6.20950774E-01       9.99995720E-01
     7.6000       2.86389605E-01       7.27284642E-02       4.62825081E-10       2.30181610E-08       2.87737886E-01       1.63026134E-10       5.82987690E-01       6.18143363E-01       9.99995744E-01
     7.7000       2.86389539E-01       7.46446295E-02       4.87534312E-10       2.42369914E-08       2.87737886E-01       1.74178958E-10       5.83140728E-01       6.15415493E-01       9.99995769E-01
     7.8000       2.86389474E-01       7.66542924E-02       5.14139547E-10       2.55539917E-08       2.87737886E-01       1.86180150E-10       5.83317544E-01       6.12773072E-01       9.99995797E-01
     7.9000       2.86389407E-01       7.87605622E-02       5.42782289E-10       2.69767160E-08       2.87737886E-01       1.99054084E-10       5.83523967E-01       6.10218377E-01       9.99995826E-01
     8.0000       2.86389340E-01       8.09663303E-02       5.73610331E-10       2.85131523E-08       2.87737886E-01       2.12950808E-10       5.83760772E-01       6.07756036E-01       9.99995859E-01
     8.1000       2.86389272E-01       8.32748821E-02       6.06786773E-10       3.01720552E-08       2.87737886E-01       2.27854032E-10       5.84029248E-01       6.05387688E-01       9.99995893E-01
     8.2000       2.86389203E-01       8.56894880E-02       6.42485230E-10       3.19627958E-08       2.87737886E-01       2.43816062E-10       5.84331043E-01       6.03112624E-01       9.99995930E-01
     8.3000       2.86389134E-01       8.82133874E-02       6.80890150E-10       3.38953041E-08       2.87737886E-01       2.61030329E-10       5.84663738E-01       6.00928168E-01       9.99995970E-01
     8.4000       2.86389064E-01       9.08502476E-02       7.22204655E-10       3.59805103E-08       2.87737886E-01       2.79544354E-10       5.85025657E-01       5.98833962E-01       9.99996013E-01
     8.5000       2.86388994E-01       9.36035105E-02       7.66641503E-10       3.82298563E-08       2.87737886E-01       2.99357870E-10       5.85415226E-01       5.96826951E-01       9.99996059E-01
     8.6000       2.86388924E-01       9.64770088E-02       8.14433658E-10       4.06559480E-08       2.87737886E-01       3.20629174E-10       5.85830739E-01       5.94905575E-01       9.99996109E-01
     8.7000       2.86388852E-01       9.94745151E-02       8.65828176E-10       4.32720450E-08       2.87737886E-01       3.43509924E-10       5.86268785E-01       5.93066856E-01       9.99996162E-01
     8.8000       2.86388781E-01       1.02600220E-01       9.21095458E-10       4.60928238E-08       2.87737886E-01       3.68124833E-10       5.86727357E-01       5.91307919E-01       9.99996219E-01
     8.9000       2.86388709E-01       1.05858115E-01       9.80519789E-10       4.91336090E-08       2.87737886E-01       3.94578279E-10       5.87203066E-01       5.89626173E-01       9.99996281E-01
     9.0000       2.86388637E-01       1.09252572E-01       1.04441089E-09       5.24111404E-08       2.87737886E-01       4.22924067E-10       5.87693098E-01       5.88017650E-01       9.99996348E-01
     9.1000       2.86388564E-01       1.12787978E-01       1.11309870E-09       5.59432283E-08       2.87737886E-01       4.53420799E-10       5.88194741E-01       5.86479468E-01       9.99996419E-01
     9.2000       2.86388491E-01       1.16469175E-01       1.18694352E-09       5.97493456E-08       2.87737886E-01       4.86175831E-10       5.88704406E-01       5.85008393E-01       9.99996496E-01
     9.3000       2.86388418E-01       1.20300850E-01       1.26632576E-09       6.38501736E-08       2.87737885E-01       5.21319445E-10       5.89221347E-01       5.83603102E-01       9.99996578E-01
     9.4000       2.86388345E-01       1.24288032E-01       1.35165754E-09       6.82679272E-08       2.87737885E-01       5.59113028E-10       5.89742005E-01       5.82259483E-01       9.99996667E-01
     9.5000       2.86388271E-01       1.28435994E-01       1.44338290E-09       7.30266970E-08       2.87737885E-01       5.99730695E-10       5.90264256E-01       5.80974471E-01       9.99996762E-01
     9.6000       2.86388197E-01       1.32750272E-01       1.54198054E-09       7.81524001E-08       2.87737885E-01       6.43266841E-10       5.90785757E-01       5.79744985E-01       9.99996864E-01
     9.7000       2.86388122E-01       1.37236164E-01       1.64795440E-09       8.36723476E-08       2.87737885E-01       6.90120634E-10       5.91304831E-01       5.78568814E-01       9.99996974E-01
     9.8000       2.86388048E-01       1.41899704E-01       1.76185853E-09       8.96166037E-08       2.87737885E-01       7.40479939E-10       5.91819969E-01       5.77444428E-01       9.99997093E-01
     9.9000       2.86387973E-01       1.46747175E-01       1.88428916E-09       9.60174592E-08       2.87737885E-01       7.94504681E-10       5.92328062E-01       5.76367308E-01       9.99997220E-01
    10.0000       2.86387897E-01       1.51784761E-01       2.01587869E-09       1.02909211E-07       2.87737885E-01       8.52451851E-10       5.92828299E-01       5.75336224E-01       9.99997356E-01
    10.1000       2.86387822E-01       1.57018915E-01       2.15730723E-09       1.10328851E-07       2.87737885E-01       9.14961704E-10       5.93319594E-01       5.74349656E-01       9.99997503E-01
    10.2000       2.86387747E-01       1.62456548E-01       2.30931139E-09       1.18316307E-07       2.87737885E-01       9.81944536E-10       5.93800379E-01       5.73404661E-01       9.99997661E-01
    10.3000       2.86387671E-01       1.68105040E-01       2.47268915E-09       1.26914818E-07       2.87737885E-01       1.05390348E-09       5.94268986E-01       5.72497993E-01       9.99997831E-01
    10.4000       2.86387594E-01       1.73971670E-01       2.64828741E-09       1.36170553E-07       2.87737885E-01       1.13134598E-09       5.94725286E-01       5.71629089E-01       9.99998013E-01
    10.5000       2.86387518E-01       1.80063957E-01       2.83701500E-09       1.46132821E-07       2.87737885E-01       1.21437884E-09       5.95168022E-01       5.70796579E-01       9.99998209E-01
    10.6000       2.86387441E-01       1.86390015E-01       3.03985829E-09       1.56855192E-07       2.87737885E-01       1.30375089E-09       5.95595883E-01       5.69997486E-01       9.99998420E-01
    10.7000       2.86387364E-01       1.92958044E-01       3.25787060E-09       1.68394931E-07       2.87737885E-01       1.39969788E-09       5.96008531E-01       5.69230385E-01       9.99998646E-01
    10.8000       2.86387287E-01       1.99776948E-01       3.49219754E-09       1.80814443E-07       2.87737885E-01       1.50278539E-09       5.96405986E-01       5.68494458E-01       9.99998889E-01
    10.9000       2.86387209E-01       2.06855594E-01       3.74405821E-09       1.94179869E-07       2.87737885E-01       1.61347458E-09       5.96786553E-01       5.67786793E-01       9.99999151E-01
    11.0000       2.86387131E-01       2.14203186E-01       4.01476291E-09       2.08562671E-07       2.87737885E-01       1.73259413E-09       5.97151143E-01       5.67107500E-01       9.99999432E-01
    11.1000       2.86387053E-01       2.21829451E-01       4.30572672E-09       2.24039814E-07       2.87737885E-01       1.86058413E-09       5.97498732E-01       5.66454111E-01       9.99999734E-01
    11.2000       2.86386974E-01       2.29744509E-01       4.61847219E-09       2.40694134E-07       2.87737885E-01       1.99801280E-09       5.97829140E-01       5.65825748E-01       1.00000006E+00
    11.3000       2.86386895E-01       2.37958623E-01       4.95462680E-09       2.58614396E-07       2.87737885E-01       2.14565739E-09       5.98142541E-01       5.65221193E-01       1.00000041E+00
    11.4000       2.86386815E-01       2.46482577E-01       5.31594531E-09       2.77896093E-07       2.87737885E-01       2.30452884E-09       5.98438855E-01       5.64639261E-01       1.00000078E+00
    11.5000       2.86386735E-01       2.55327656E-01       5.70431855E-09       2.98642232E-07       2.87737885E-01       2.47512405E-09       5.98718085E-01       5.64078958E-01       1.00000119E+00
    11.6000       2.86386655E-01       2.64505616E-01       6.12178181E-09       3.20964020E-07       2.87737885E-01       2.65847056E-09       5.98980252E-01       5.63539521E-01       1.00000162E+00
    11.7000       2.86386574E-01       2.74028508E-01       6.57051703E-09       3.44980100E-07       2.87737885E-01       2.85560242E-09       5.99224976E-01       5.63019042E-01       1.00000208E+00
    11.8000       2.86386493E-01       2.83908777E-01       7.05286695E-09       3.70818487E-07       2.87737885E-01       3.06721321E-09       5.99453042E-01       5.62517042E-01       1.00000258E+00
    11.9000       2.86386411E-01       2.94159433E-01       7.57135503E-09       3.98616782E-07       2.87737885E-01       3.29494402E-09       5.99664565E-01       5.62032885E-01       1.00000312E+00
    12.0000       2.86386328E-01       3.04793712E-01       8.12868062E-09       4.28522374E-07       2.87737885E-01       3.53924675E-09       5.99859753E-01       5.61565502E-01       1.00000370E+00
    12.1000       2.86386245E-01       3.15826030E-01       8.72778211E-09       4.60695672E-07       2.87737885E-01       3.80226357E-09       6.00038698E-01       5.61114209E-01       1.00000432E+00
    12.2000       2.86386161E-01       3.27270640E-01       9.37178126E-09       4.95307338E-07       2.87737885E-01       4.08465635E-09       6.00202207E-01       5.60678137E-01       1.00000499E+00
    12.3000       2.86386077E-01       3.39142385E-01       1.00640363E-08       5.32540626E-07       2.87737885E-01       4.38808009E-09       6.00350197E-01       5.60256673E-01       1.00000571E+00
    12.4000       2.86385993E-01       3.51457036E-01       1.08081792E-08       5.72594110E-07       2.87737885E-01       4.71430024E-09       6.00483214E-01       5.59848860E-01       1.00000648E+00
    12.5000       2.86385906E-01       3.64230511E-01       1.16080882E-08       6.15679855E-07       2.87737885E-01       5.06463344E-09       6.00601615E-01       5.59454272E-01       1.00000731E+00
    12.6000       2.86385819E-01       3.77479633E-01       1.24679514E-08       6.62027229E-07       2.87737884E-01       5.44172025E-09       6.00706010E-01       5.59072362E-01       1.00000820E+00
    12.7000       2.86385732E-01       3.91221624E-01       1.33922565E-08       7.11881323E-07       2.87737884E-01       5.84655932E-09       6.00796557E-01       5.58702231E-01       1.00000916E+00
    12.8000       2.86385644E-01       4.05474571E-01       1.43858424E-08       7.65507473E-07       2.87737884E-01       6.28138380E-09       6.00874037E-01       5.58343706E-01       1.00001018E+00
    12.9000       2.86385554E-01       4.20256854E-01       1.54538846E-08       8.23188763E-07       2.87737884E-01       6.74911538E-09       6.00938706E-01       5.57996031E-01       1.00001129E+00
    13.0000       2.86385464E-01       4.35587730E-01       1.66019587E-08       8.85230739E-07       2.87737884E-01       7.25144524E-09       6.00991067E-01       5.57658803E-01       1.00001248E+00
    13.1000       2.86385371E-01       4.51487244E-01       1.78360640E-08       9.51962068E-07       2.87737884E-01       7.79143224E-09       6.01031544E-01       5.57331649E-01       1.00001376E+00
    13.2000       2.86385279E-01       4.67976038E-01       1.91626376E-08       1.02373541E-06       2.87737884E-01       8.37119703E-09       6.01060362E-01       5.57013780E-01       1.00001513E+00
    13.3000       2.86385185E-01       4.85075290E-01       2.05885782E-08       1.10092915E-06       2.87737884E-01       8.99504699E-09       6.01078190E-01       5.56705187E-01       1.00001660E+00
    13.4000       2.86385089E-01       5.02807613E-01       2.21213559E-08       1.18395265E-06       2.87737884E-01       9.66452016E-09       6.01085279E-01       5.56405245E-01       1.00001819E+00
    13.5000       2.86384992E-01       5.21195687E-01       2.37689326E-08       1.27324292E-06       2.87737884E-01       1.03845182E-08       6.01082129E-01       5.56113905E-01       1.00001989E+00
    13.6000       2.86384893E-01       5.40263567E-01       2.55399132E-08       1.36927145E-06       2.87737884E-01       1.11580684E-08       6.01068887E-01       5.55830608E-01       1.00002172E+00
    13.7000       2.86384792E-01       5.60035952E-01       2.74435234E-08       1.47254406E-06       2.87737884E-01       1.19890987E-08       6.01045821E-01       5.55555003E-01       1.00002369E+00
    13.8000       2.86384689E-01       5.80538202E-01       2.94896529E-08       1.58360368E-06       2.87737884E-01       1.28826206E-08       6.01013377E-01       5.55287062E-01       1.00002580E+00
    13.9000       2.86384585E-01       6.01796955E-01       3.16889628E-08       1.70303485E-06       2.87737884E-01       1.38415995E-08       6.00971871E-01       5.55026440E-01       1.00002807E+00
    14.0000       2.86384478E-01       6.23839521E-01       3.40528779E-08       1.83146436E-06       2.87737884E-01       1.48726123E-08       6.00921609E-01       5.54772909E-01       1.00003051E+00
    14.1000       2.86384369E-01       6.46694163E-01       3.65936673E-08       1.96956510E-06       2.87737883E-01       1.59801175E-08       6.00862874E-01       5.54526387E-01       1.00003313E+00
    14.2000       2.86384257E-01       6.70389902E-01       3.93244793E-08       2.11805781E-06       2.87737883E-01       1.71697464E-08       6.00795833E-01       5.54286530E-01       1.00003594E+00
    14.3000       2.86384143E-01       6.94957267E-01       4.22594903E-08       2.27772026E-06       2.87737883E-01       1.84473821E-08       6.00720882E-01       5.54053379E-01       1.00003897E+00
    14.4000       2.86384026E-01       7.20427197E-01       4.54138427E-08       2.44938268E-06       2.87737883E-01       1.98195102E-08       6.00638341E-01       5.53826804E-01       1.00004221E+00
    14.5000       2.86383904E-01       7.46831998E-01       4.88038279E-08       2.63393747E-06       2.87737883E-01       2.12937964E-08       6.00548337E-01       5.53606550E-01       1.00004570E+00
    14.6000       2.86383779E-01       7.74204740E-01       5.24468856E-08       2.83234035E-06       2.87737883E-01       2.28766931E-08       6.00451233E-01       5.53392584E-01       1.00004945E+00
    14.7000       2.86383650E-01       8.02579666E-01       5.63617355E-08       3.04561621E-06       2.87737883E-01       2.45768597E-08       6.00347331E-01       5.53184785E-01       1.00005347E+00
    14.8000       2.86383517E-01       8.31991928E-01       6.05684247E-08       3.27486220E-06       2.87737883E-01       2.64015335E-08       6.00236898E-01       5.52982994E-01       1.00005779E+00
    14.9000       2.86383378E-01       8.62477879E-01       6.50884580E-08       3.52125513E-06       2.87737882E-01       2.83605466E-08       6.00120289E-01       5.52787142E-01       1.00006242E+00
    15.0000       2.86383235E-01       8.94074691E-01       6.99448358E-08       3.78605231E-06       2.87737882E-01       3.04627133E-08       5.99997827E-01       5.52597098E-01       1.00006740E+00
    15.1000       2.86383085E-01       9.26820530E-01       7.51621758E-08       4.07059869E-06       2.87737882E-01       3.27187851E-08       5.99869894E-01       5.52412917E-01       1.00007274E+00
    15.2000       2.86382928E-01       9.60755101E-01       8.07669068E-08       4.37633636E-06       2.87737882E-01       3.51393352E-08       5.99736736E-01       5.52234415E-01       1.00007846E+00
    15.3000       2.86382764E-01       9.95918578E-01       8.67872087E-08       4.70480359E-06       2.87737882E-01       3.77373733E-08       5.99598986E-01       5.52061652E-01       1.00008461E+00
    15.4000       2.86382593E-01       1.03235251E+00       9.32532744E-08       5.05764388E-06       2.87737882E-01       4.05220775E-08       5.99456779E-01       5.51894350E-01       1.00009120E+00
    15.5000       2.86382412E-01       1.07009905E+00       1.00197298E-07       5.43661027E-06       2.87737881E-01       4.35090104E-08       5.99310685E-01       5.51732726E-01       1.00009827E+00
    15.6000       2.86382222E-01       1.10920198E+00       1.07653791E-07       5.84357818E-06       2.87737881E-01       4.67108623E-08       5.99161068E-01       5.51576559E-01       1.00010584E+00
    15.7000       2.86382022E-01       1.14970571E+00       1.15659531E-07       6.28054445E-06       2.87737881E-01       5.01418523E-08       5.99008403E-01       5.51425903E-01       1.00011396E+00
    15.8000       2.86381810E-01       1.19165592E+00       1.24253834E-07       6.74964221E-06       2.87737881E-01       5.38196527E-08       5.98853184E-01       5.51280768E-01       1.00012267E+00
    15.9000       2.86381586E-01       1.23509909E+00       1.33478604E-07       7.25314158E-06       2.87737880E-01       5.77575813E-08       5.98695997E-01       5.51141260E-01       1.00013198E+00
    16.0000       2.86381347E-01       1.28008257E+00       1.43378497E-07       7.79345672E-06       2.87737880E-01       6.19765125E-08       5.98537293E-01       5.51007232E-01       1.00014197E+00
    16.1000       2.86381094E-01       1.32665566E+00       1.54001333E-07       8.37317078E-06       2.87737880E-01       6.64933898E-08       5.98377506E-01       5.50878735E-01       1.00015266E+00
    16.2000       2.86380824E-01       1.37486771E+00       1.65397856E-07       8.99502080E-06       2.87737880E-01       7.13289688E-08       5.98217250E-01       5.50755866E-01       1.00016410E+00
    16.3000       2.86380537E-01       1.42477055E+00       1.77622473E-07       9.66193550E-06       2.87737879E-01       7.65030640E-08       5.98056921E-01       5.50638525E-01       1.00017634E+00
    16.4000       2.86380232E-01       1.47641586E+00       1.90732832E-07       1.03770143E-05       2.87737879E-01       8.20394837E-08       5.97897130E-01       5.50526810E-01       1.00018944E+00
    16.5000       2.86379905E-01       1.52985751E+00       2.04790601E-07       1.11435666E-05       2.87737878E-01       8.79633341E-08       5.97738346E-01       5.50420691E-01       1.00020346E+00
    16.6000       2.86379556E-01       1.58515069E+00       2.19861488E-07       1.19651130E-05       2.87737878E-01       9.42986589E-08       5.97581072E-01       5.50320219E-01       1.00021845E+00
    16.7000       2.86379184E-01       1.64235146E+00       2.36015353E-07       1.28453907E-05       2.87737878E-01       1.01068567E-07       5.97425796E-01       5.50225467E-01       1.00023447E+00
    16.8000       2.86378786E-01       1.70151755E+00       2.53326674E-07       1.37883747E-05       2.87737877E-01       1.08309038E-07       5.97273025E-01       5.50136378E-01       1.00025161E+00
    16.9000       2.86378361E-01       1.76270933E+00       2.71875116E-07       1.47983120E-05       2.87737877E-01       1.16046473E-07       5.97123154E-01       5.50053039E-01       1.00026992E+00
    17.0000       2.86377905E-01       1.82598790E+00       2.91745285E-07       1.58797028E-05       2.87737876E-01       1.24318320E-07       5.96976663E-01       5.49975523E-01       1.00028949E+00
    17.1000       2.86377420E-01       1.89141643E+00       3.13027411E-07       1.70373374E-05       2.87737876E-01       1.33152435E-07       5.96833925E-01       5.49903868E-01       1.00031040E+00
    17.2000       2.86376900E-01       1.95906016E+00       3.35817710E-07       1.82763130E-05       2.87737875E-01       1.42594813E-07       5.96695405E-01       5.49838218E-01       1.00033274E+00
    17.3000       2.86376345E-01       2.02898704E+00       3.60218987E-07       1.96020630E-05       2.87737874E-01       1.52680483E-07       5.96561410E-01       5.49778516E-01       1.00035661E+00
    17.4000       2.86375753E-01       2.10126701E+00       3.86340765E-07       2.10203672E-05       2.87737874E-01       1.63449823E-07       5.96432249E-01       5.49724914E-01       1.00038209E+00
    17.5000       2.86375120E-01       2.17597214E+00       4.14299791E-07       2.25373688E-05       2.87737873E-01       1.74956458E-07       5.96308214E-01       5.49677409E-01       1.00040932E+00
    17.6000       2.86374444E-01       2.25317752E+00       4.44220781E-07       2.41596206E-05       2.87737872E-01       1.87244749E-07       5.96189635E-01       5.49636069E-01       1.00043840E+00
    17.7000       2.86373722E-01       2.33296102E+00       4.76236873E-07       2.58941042E-05       2.87737871E-01       2.00374755E-07       5.96076870E-01       5.49601064E-01       1.00046947E+00
    17.8000       2.86372955E-01       2.41540259E+00       5.10489845E-07       2.77482305E-05       2.87737870E-01       2.14385122E-07       5.95970041E-01       5.49572388E-01       1.00050263E+00
    17.9000       2.86372136E-01       2.50058591E+00       5.47131366E-07       2.97299180E-05       2.87737869E-01       2.29353185E-07       5.95869492E-01       5.49550103E-01       1.00053805E+00
    18.0000       2.86371263E-01       2.58859789E+00       5.86323414E-07       3.18476003E-05       2.87737868E-01       2.45340342E-07       5.95775431E-01       5.49534351E-01       1.00057588E+00
    18.1000       2.86370334E-01       2.67952883E+00       6.28239042E-07       3.41102691E-05       2.87737867E-01       2.62410173E-07       5.95688082E-01       5.49525144E-01       1.00061627E+00
    18.2000       2.86369347E-01       2.77347274E+00       6.73063215E-07       3.65275110E-05       2.87737866E-01       2.80645868E-07       5.95607694E-01       5.49522576E-01       1.00065943E+00
    18.3000       2.86368297E-01       2.87052684E+00       7.20993379E-07       3.91095385E-05       2.87737865E-01       3.00116998E-07       5.95534450E-01       5.49526755E-01       1.00070550E+00
    18.4000       2.86367181E-01       2.97079332E+00       7.72241134E-07       4.18672720E-05       2.87737864E-01       3.20916855E-07       5.95468564E-01       5.49537751E-01       1.00075472E+00
    18.5000       2.86365997E-01       3.07437802E+00       8.27032518E-07       4.48123487E-05       2.87737862E-01       3.43128310E-07       5.95410188E-01       5.49555576E-01       1.00080728E+00
    18.6000       2.86364738E-01       3.18139064E+00       8.85609061E-07       4.79571776E-05       2.87737861E-01       3.66871367E-07       5.95359491E-01       5.49580358E-01       1.00086347E+00
    18.7000       2.86363406E-01       3.29194582E+00       9.48229385E-07       5.13150187E-05       2.87737859E-01       3.92210890E-07       5.95316679E-01       5.49612144E-01       1.00092343E+00
    18.8000       2.86361993E-01       3.40616235E+00       1.01516992E-06       5.49000130E-05       2.87737857E-01       4.19297100E-07       5.95281949E-01       5.49651043E-01       1.00098753E+00
    18.9000       2.86360495E-01       3.52416577E+00       1.08672763E-06       5.87273147E-05       2.87737855E-01       4.48244040E-07       5.95255428E-01       5.49697134E-01       1.00105603E+00
    19.0000       2.86358910E-01       3.64608533E+00       1.16321960E-06       6.28130601E-05       2.87737853E-01       4.79172095E-07       5.95237203E-01       5.49750420E-01       1.00112922E+00
    19.1000       2.86357231E-01       3.77205676E+00       1.24498607E-06       6.71745405E-05       2.87737851E-01       5.12238128E-07       5.95227522E-01       5.49811081E-01       1.00120747E+00
    19.2000       2.86355456E-01       3.90222105E+00       1.33239130E-06       7.18302053E-05       2.87737849E-01       5.47582234E-07       5.95226505E-01       5.49879303E-01       1.00129111E+00
    19.3000       2.86353578E-01       4.03672588E+00       1.42582614E-06       7.67998128E-05       2.87737846E-01       5.85367486E-07       5.95234263E-01       5.49955175E-01       1.00138052E+00
    19.4000       2.86351594E-01       4.17572345E+00       1.52570830E-06       8.21044268E-05       2.87737843E-01       6.25770641E-07       5.95250991E-01       5.50038809E-01       1.00147613E+00
    19.5000       2.86349499E-01       4.31937516E+00       1.63248765E-06       8.77666802E-05       2.87737840E-01       6.68979312E-07       5.95276718E-01       5.50130247E-01       1.00157838E+00
    19.6000       2.86347285E-01       4.46784805E+00       1.74664580E-06       9.38107468E-05       2.87737837E-01       7.15206895E-07       5.95311615E-01       5.50229643E-01       1.00168778E+00
    19.7000       2.86344951E-01       4.62131485E+00       1.86869821E-06       1.00262451E-04       2.87737834E-01       7.64643197E-07       5.95355896E-01       5.50337281E-01       1.00180477E+00
    19.8000       2.86342489E-01       4.77995652E+00       1.99919863E-06       1.07149434E-04       2.87737830E-01       8.17525938E-07       5.95409526E-01       5.50453185E-01       1.00192991E+00
    19.9000       2.86339892E-01       4.94396172E+00       2.13874128E-06       1.14501326E-04       2.87737827E-01       8.74149762E-07       5.95472768E-01       5.50577439E-01       1.00206390E+00
    20.0000       2.86337152E-01       5.11352970E+00       2.28796627E-06       1.22349963E-04       2.87737822E-01       9.34763010E-07       5.95545748E-01       5.50710170E-01       1.00220734E+00
    20.1000       2.86334268E-01       5.28886545E+00       2.44755855E-06       1.30729315E-04       2.87737818E-01       9.99625290E-07       5.95628622E-01       5.50851519E-01       1.00236083E+00
    20.2000       2.86331229E-01       5.47018170E+00       2.61825269E-06       1.39675739E-04       2.87737813E-01       1.06909310E-06       5.95721607E-01       5.51001617E-01       1.00252522E+00
    20.3000       2.86328027E-01       5.65770458E+00       2.80084185E-06       1.49228404E-04       2.87737808E-01       1.14349555E-06       5.95824905E-01       5.51160623E-01       1.00270129E+00
    20.4000       2.86324659E-01       5.85166702E+00       2.99617560E-06       1.59429138E-04       2.87737803E-01       1.22316688E-06       5.95938677E-01       5.51328656E-01       1.00288983E+00
    20.5000       2.86321113E-01       6.05231269E+00       3.20516778E-06       1.70322889E-04       2.87737797E-01       1.30854711E-06       5.96063161E-01       5.51505973E-01       1.00309187E+00
    20.6000       2.86317382E-01       6.25989544E+00       3.42880045E-06       1.81957797E-04       2.87737790E-01       1.40002685E-06       5.96198549E-01       5.51692680E-01       1.00330835E+00
    20.7000       2.86313457E-01       6.47467905E+00       3.66812852E-06       1.94385471E-04       2.87737784E-01       1.49809237E-06       5.96345065E-01       5.51888859E-01       1.00354042E+00
    20.8000       2.86309331E-01       6.69693996E+00       3.92428792E-06       2.07661423E-04       2.87737776E-01       1.60320415E-06       5.96502911E-01       5.52094648E-01       1.00378916E+00
    20.9000       2.86304992E-01       6.92696542E+00       4.19849937E-06       2.21845135E-04       2.87737768E-01       1.71590114E-06       5.96672360E-01       5.52310165E-01       1.00405584E+00
    21.0000       2.86300429E-01       7.16505586E+00       4.49207722E-06       2.37000502E-04       2.87737760E-01       1.83680635E-06       5.96853683E-01       5.52535620E-01       1.00434196E+00
    21.1000       2.86295634E-01       7.41152677E+00       4.80643879E-06       2.53196289E-04       2.87737751E-01       1.96644610E-06       5.97047083E-01       5.52771059E-01       1.00464874E+00
    21.2000       2.86290593E-01       7.66670222E+00       5.14310325E-06       2.70505996E-04       2.87737741E-01       2.10558984E-06       5.97252828E-01       5.53016718E-01       1.00497801E+00
    21.3000       2.86285298E-01       7.93092438E+00       5.50371163E-06       2.89008950E-04       2.87737731E-01       2.25483432E-06       5.97471250E-01       5.53272706E-01       1.00533119E+00
    21.4000       2.86279732E-01       8.20455014E+00       5.89003126E-06       3.08790367E-04       2.87737719E-01       2.41512216E-06       5.97702612E-01       5.53539155E-01       1.00571050E+00
    21.5000       2.86273884E-01       8.48794962E+00       6.30396277E-06       3.29941688E-04       2.87737707E-01       2.58718149E-06       5.97947199E-01       5.53816186E-01       1.00611767E+00
    21.6000       2.86267742E-01       8.78151030E+00       6.74755577E-06       3.52561448E-04       2.87737694E-01       2.77191856E-06       5.98205328E-01       5.54103943E-01       1.00655483E+00
    21.7000       2.86261290E-01       9.08563471E+00       7.22301633E-06       3.76755492E-04       2.87737680E-01       2.97031945E-06       5.98477305E-01       5.54402518E-01       1.00702433E+00
    21.8000       2.86254512E-01       9.40074155E+00       7.73271990E-06       4.02637604E-04       2.87737665E-01       3.18345828E-06       5.98763427E-01       5.54712002E-01       1.00752871E+00
    21.9000       2.86247394E-01       9.72726798E+00       8.27922746E-06       4.30330356E-04       2.87737648E-01       3.41248938E-06       5.99063999E-01       5.55032431E-01       1.00807070E+00
    22.0000       2.86239915E-01       1.00656726E+01       8.86530438E-06       4.59965865E-04       2.87737631E-01       3.65865979E-06       5.99379302E-01       5.55363916E-01       1.00865324E+00
    22.1000       2.86232061E-01       1.04164327E+01       9.49393107E-06       4.91686378E-04       2.87737612E-01       3.92321304E-06       5.99709645E-01       5.55706450E-01       1.00927929E+00
    22.2000       2.86223811E-01       1.07800460E+01       1.01683218E-05       5.25645146E-04       2.87737591E-01       4.20766668E-06       6.00055397E-01       5.56060259E-01       1.00995242E+00
    22.3000       2.86215144E-01       1.11570286E+01       1.08919377E-05       5.62007021E-04       2.87737569E-01       4.51355439E-06       6.00416788E-01       5.56425128E-01       1.01067629E+00
    22.4000       2.86206042E-01       1.15479223E+01       1.16685197E-05       6.00950175E-04       2.87737546E-01       4.84251615E-06       6.00794149E-01       5.56801281E-01       1.01145475E+00
    22.5000       2.86196478E-01       1.19532895E+01       1.25020989E-05       6.42666476E-04       2.87737520E-01       5.19640552E-06       6.01187779E-01       5.57188591E-01       1.01229220E+00
    22.6000       2.86186428E-01       1.23737156E+01       1.33970234E-05       6.87362853E-04       2.87737492E-01       5.57725918E-06       6.01597883E-01       5.57587012E-01       1.01319346E+00
    22.7000       2.86175868E-01       1.28098145E+01       1.43579930E-05       7.35263214E-04       2.87737463E-01       5.98717876E-06       6.02024800E-01       5.57996474E-01       1.01416351E+00
    22.8000       2.86164778E-01       1.32622219E+01       1.53900713E-05       7.86608608E-04       2.87737430E-01       6.42815634E-06       6.02468775E-01       5.58416895E-01       1.01520705E+00
    22.9000       2.86153118E-01       1.37315993E+01       1.64987218E-05       8.41659568E-04       2.87737395E-01       6.90306003E-06       6.02930101E-01       5.58848162E-01       1.01633088E+00
    23.0000       2.86140862E-01       1.42186405E+01       1.76898520E-05       9.00697859E-04       2.87737358E-01       7.41447170E-06       6.03408948E-01       5.59290188E-01       1.01754109E+00
    23.1000       2.86127981E-01       1.47240652E+01       1.89698333E-05       9.64028086E-04       2.87737317E-01       7.96510757E-06       6.03905545E-01       5.59742834E-01       1.01884413E+00
    23.2000       2.86114432E-01       1.52486245E+01       2.03455482E-05       1.03197999E-03       2.87737273E-01       8.55844902E-06       6.04420043E-01       5.60205949E-01       1.02024823E+00
    23.3000       2.86100187E-01       1.57931007E+01       2.18244275E-05       1.10491044E-03       2.87737225E-01       9.19745852E-06       6.04952602E-01       5.60679259E-01       1.02176040E+00
    23.4000       2.86085205E-01       1.63583038E+01       2.34144840E-05       1.18320538E-03       2.87737173E-01       9.88604226E-06       6.05503267E-01       5.61162862E-01       1.02338988E+00
    23.5000       2.86069444E-01       1.69450784E+01       2.51243723E-05       1.26728342E-03       2.87737117E-01       1.06280578E-05       6.06072156E-01       5.61656744E-01       1.02514581E+00
    23.6000       2.86052862E-01       1.75543072E+01       2.69634487E-05       1.35759899E-03       2.87737057E-01       1.14276176E-05       6.06659252E-01       5.62161244E-01       1.02703791E+00
    23.7000       2.86035411E-01       1.81869029E+01       2.89418006E-05       1.45464436E-03       2.87736990E-01       1.22896026E-05       6.07264490E-01       5.62676766E-01       1.02907773E+00
    23.8000       2.86017036E-01       1.88438192E+01       3.10703333E-05       1.55895514E-03       2.87736919E-01       1.32191209E-05       6.07887849E-01       5.63204065E-01       1.03127737E+00
    23.9000       2.85997691E-01       1.95260454E+01       3.33608143E-05       1.67111314E-03       2.87736840E-01       1.42207739E-05       6.08529185E-01       5.63744446E-01       1.03364770E+00
    24.0000       2.85977321E-01       2.02346045E+01       3.58259316E-05       1.79175064E-03       2.87736755E-01       1.53012051E-05       6.09188324E-01       5.64299791E-01       1.03620446E+00
    24.1000       2.85955853E-01       2.09705673E+01       3.84794107E-05       1.92155807E-03       2.87736663E-01       1.64663138E-05       6.09865047E-01       5.64872842E-01       1.03896160E+00
    24.2000       2.85933237E-01       2.17350333E+01       4.13360215E-05       2.06128562E-03       2.87736561E-01       1.77225085E-05       6.10558985E-01       5.65467351E-01       1.04193429E+00
    24.3000       2.85909397E-01       2.25291511E+01       4.44117316E-05       2.21175423E-03       2.87736451E-01       1.90776962E-05       6.11269745E-01       5.66088348E-01       1.04514124E+00
    24.4000       2.85884255E-01       2.33541006E+01       4.77237262E-05       2.37385943E-03       2.87736330E-01       2.05396295E-05       6.11997015E-01       5.66742756E-01       1.04860079E+00
    24.5000       2.85857754E-01       2.42111156E+01       5.12905852E-05       2.54858309E-03       2.87736197E-01       2.21156221E-05       6.12740197E-01       5.67439496E-01       1.05233026E+00
    24.6000       2.85829787E-01       2.51014627E+01       5.51323000E-05       2.73699984E-03       2.87736051E-01       2.38159715E-05       6.13498775E-01       5.68189777E-01       1.05635400E+00
    24.7000       2.85800287E-01       2.60264439E+01       5.92703808E-05       2.94028869E-03       2.87735891E-01       2.56487640E-05       6.14272165E-01       5.69007874E-01       1.06069115E+00
    24.8000       2.85769140E-01       2.69874194E+01       6.37280705E-05       3.15974877E-03       2.87735715E-01       2.76260165E-05       6.15059519E-01       5.69910981E-01       1.06537016E+00
    24.9000       2.85736261E-01       2.79857777E+01       6.85303283E-05       3.39680955E-03       2.87735520E-01       2.97578198E-05       6.15860154E-01       5.70920041E-01       1.07041489E+00
    25.0000       2.85701527E-01       2.90229309E+01       7.37039206E-05       3.65304607E-03       2.87735304E-01       3.20567861E-05       6.16673275E-01       5.72058830E-01       1.07585520E+00
    25.1000       2.85664845E-01       3.01003500E+01       7.92777187E-05       3.93020472E-03       2.87735064E-01       3.45339637E-05       6.17497954E-01       5.73354518E-01       1.08171721E+00
    25.2000       2.85626072E-01       3.12195264E+01       8.52826474E-05       4.23021641E-03       2.87734796E-01       3.72045463E-05       6.18333157E-01       5.74836102E-01       1.08803689E+00
    25.3000       2.85585086E-01       3.23819847E+01       9.17518818E-05       4.55522707E-03       2.87734497E-01       4.00820979E-05       6.19177844E-01       5.76533129E-01       1.09484633E+00
    25.4000       2.85541751E-01       3.35892733E+01       9.87209370E-05       4.90762241E-03       2.87734161E-01       4.31817991E-05       6.20030957E-01       5.78473735E-01       1.10218145E+00
    25.5000       2.85495939E-01       3.48429424E+01       1.06227680E-04       5.29005484E-03       2.87733780E-01       4.65181476E-05       6.20891341E-01       5.80681007E-01       1.11007655E+00
    25.6000       2.85447485E-01       3.61445623E+01       1.14312571E-04       5.70548667E-03       2.87733348E-01       5.01076912E-05       6.21757854E-01       5.83170046E-01       1.11857079E+00
    25.7000       2.85396218E-01       3.74956947E+01       1.23018623E-04       6.15722355E-03       2.87732854E-01       5.39693791E-05       6.22629254E-01       5.85943878E-01       1.12770901E+00
    25.8000       2.85341983E-01       3.88978918E+01       1.32391524E-04       6.64895852E-03       2.87732286E-01       5.81193827E-05       6.23504427E-01       5.88990650E-01       1.13752949E+00
    25.9000       2.85284603E-01       4.03526802E+01       1.42479645E-04       7.18482367E-03       2.87731627E-01       6.25762125E-05       6.24382152E-01       5.92281995E-01       1.14807603E+00
    26.0000       2.85223879E-01       4.18615273E+01       1.53333903E-04       7.76943521E-03       2.87730858E-01       6.73586471E-05       6.25261395E-01       5.95772418E-01       1.15939307E+00
    26.1000       2.85159659E-01       4.34258574E+01       1.65007945E-04       8.40795762E-03       2.87729954E-01       7.24833408E-05       6.26141044E-01       5.99401679E-01       1.17152004E+00
    26.2000       2.85091692E-01       4.50469971E+01       1.77557795E-04       9.10615118E-03       2.87728883E-01       7.79729084E-05       6.27020115E-01       6.03099586E-01       1.18451048E+00
    26.3000       2.85019869E-01       4.67261611E+01       1.91041736E-04       9.87042818E-03       2.87727606E-01       8.38377024E-05       6.27897697E-01       6.06791518E-01       1.19838896E+00
    26.4000       2.84943927E-01       4.84644072E+01       2.05519892E-04       1.07078941E-02       2.87726073E-01       9.01006388E-05       6.28773066E-01       6.10405055E-01       1.21320980E+00
    26.5000       2.84863697E-01       5.02626465E+01       2.21054193E-04       1.16264040E-02       2.87724223E-01       9.67741835E-05       6.29645513E-01       6.13875478E-01       1.22900265E+00
    26.6000       2.84779004E-01       5.21215698E+01       2.37707578E-04       1.26345747E-02       2.87721980E-01       1.03872822E-04       6.30514633E-01       6.17150181E-01       1.24580200E+00
    26.7000       2.84689698E-01       5.40416179E+01       2.55543440E-04       1.37417996E-02       2.87719249E-01       1.11405149E-04       6.31380115E-01       6.20190467E-01       1.26362851E+00
    26.8000       2.84595586E-01       5.60229796E+01       2.74625247E-04       1.49582497E-02       2.87715917E-01       1.19382267E-04       6.32241993E-01       6.22973492E-01       1.28250885E+00
    26.9000       2.84496561E-01       5.80655096E+01       2.95015298E-04       1.62948229E-02       2.87711849E-01       1.27806277E-04       6.33100349E-01       6.25488851E-01       1.30244854E+00
    27.0000       2.84392525E-01       6.01687540E+01       3.16774409E-04       1.77631004E-02       2.87706883E-01       1.36679534E-04       6.33955561E-01       6.27738873E-01       1.32345384E+00
    27.1000       2.84283395E-01       6.23318842E+01       3.39960581E-04       1.93752518E-02       2.87700834E-01       1.45997665E-04       6.34808289E-01       6.29734963E-01       1.34551514E+00
    27.2000       2.84169115E-01       6.45537103E+01       3.64628383E-04       2.11439433E-02       2.87693488E-01       1.55757804E-04       6.35659198E-01       6.31495625E-01       1.36862648E+00
    27.3000       2.84049728E-01       6.68326527E+01       3.90827804E-04       2.30822110E-02       2.87684606E-01       1.65940168E-04       6.36509283E-01       6.33043902E-01       1.39274191E+00
    27.4000       2.83925217E-01       6.91667625E+01       4.18603591E-04       2.52033330E-02       2.87673926E-01       1.76535373E-04       6.37359672E-01       6.34405803E-01       1.41784000E+00
    27.5000       2.83795678E-01       7.15537133E+01       4.47994215E-04       2.75206848E-02       2.87661160E-01       1.87517186E-04       6.38211572E-01       6.35608768E-01       1.44385933E+00
    27.6000       2.83661206E-01       7.39908434E+01       4.79031430E-04       3.00476150E-02       2.87646006E-01       1.98864192E-04       6.39066316E-01       6.36680579E-01       1.47074968E+00
    27.7000       2.83521927E-01       7.64751462E+01       5.11739199E-04       3.27972665E-02       2.87628139E-01       2.10549357E-04       6.39925130E-01       6.37647741E-01       1.49844743E+00
    27.8000       2.83378011E-01       7.90033239E+01       5.46133454E-04       3.57824159E-02       2.87607223E-01       2.22538327E-04       6.40789335E-01       6.38536240E-01       1.52687155E+00
    27.9000       2.83229667E-01       8.15717848E+01       5.82221156E-04       3.90152141E-02       2.87582910E-01       2.34795489E-04       6.41660243E-01       6.39371049E-01       1.55593794E+00
    28.0000       2.83077145E-01       8.41766879E+01       6.20000043E-04       4.25069321E-02       2.87554839E-01       2.47280308E-04       6.42538924E-01       6.40174788E-01       1.58555079E+00
    28.1000       2.82920693E-01       8.68139641E+01       6.59458132E-04       4.62676952E-02       2.87522646E-01       2.59956086E-04       6.43426468E-01       6.40968433E-01       1.61562341E+00
    28.2000       2.82760711E-01       8.94793497E+01       7.00573478E-04       5.03061780E-02       2.87485960E-01       2.72763918E-04       6.44323756E-01       6.41770992E-01       1.64601652E+00
    28.3000       2.82597420E-01       9.21684134E+01       7.43313938E-04       5.46293201E-02       2.87444414E-01       2.85674039E-04       6.45231549E-01       6.42599687E-01       1.67665967E+00
    28.4000       2.82431202E-01       9.48766051E+01       7.87637392E-04       5.92420629E-02       2.87397642E-01       2.98631080E-04       6.46150275E-01       6.43469807E-01       1.70742175E+00
    28.5000       2.82262529E-01       9.75992686E+01       8.33491508E-04       6.41470821E-02       2.87345291E-01       3.11577723E-04       6.47080251E-01       6.44394754E-01       1.73816687E+00
    28.6000       2.82091704E-01       1.00331688E+02       8.80814162E-04       6.93446180E-02       2.87287021E-01       3.24477260E-04       6.48021633E-01       6.45386252E-01       1.76880771E+00
    28.7000       2.81919232E-01       1.03069134E+02       9.29534054E-04       7.48323507E-02       2.87222514E-01       3.37264760E-04       6.48974298E-01       6.46454205E-01       1.79918989E+00
    28.8000       2.81745434E-01       1.05806868E+02       9.79570674E-04       8.06052864E-02       2.87151472E-01       3.49904120E-04       6.49938024E-01       6.47606835E-01       1.82922717E+00
    28.9000       2.81570735E-01       1.08540246E+02       1.03083619E-03       8.66558030E-02       2.87073626E-01       3.62342198E-04       6.50912513E-01       6.48851064E-01       1.85879282E+00
    29.0000       2.81395547E-01       1.11264639E+02       1.08323425E-03       9.29735299E-02       2.86988732E-01       3.74534645E-04       6.51897253E-01       6.50192083E-01       1.88778105E+00
    29.1000       2.81220365E-01       1.13975530E+02       1.13666188E-03       9.95453626E-02       2.86896577E-01       3.86421333E-04       6.52891672E-01       6.51634159E-01       1.91604883E+00
    29.2000       2.81045503E-01       1.16668490E+02       1.19100945E-03       1.06355414E-01       2.86796979E-01       3.97965518E-04       6.53895310E-01       6.53180180E-01       1.94350849E+00
    29.3000       2.80871395E-01       1.19339192E+02       1.24616124E-03       1.13385032E-01       2.86689789E-01       4.09121246E-04       6.54907670E-01       6.54832009E-01       1.97005055E+00
    29.4000       2.80698394E-01       1.21983448E+02       1.30199664E-03       1.20612874E-01       2.86574895E-01       4.19846081E-04       6.55928239E-01       6.56590104E-01       1.99557373E+00
    29.5000       2.80526877E-01       1.24597219E+02       1.35839087E-03       1.28015143E-01       2.86452224E-01       4.30096410E-04       6.56956641E-01       6.58454013E-01       2.01997394E+00
    29.6000       2.80357208E-01       1.27176644E+02       1.41521615E-03       1.35565794E-01       2.86321743E-01       4.39829135E-04       6.57992702E-01       6.60422658E-01       2.04314827E+00
    29.7000       2.80189656E-01       1.29717985E+02       1.47234113E-03       1.43236808E-01       2.86183457E-01       4.49016491E-04       6.59036357E-01       6.62494115E-01       2.06503008E+00
    29.8000       2.80024451E-01       1.32217753E+02       1.52963424E-03       1.50998704E-01       2.86037415E-01       4.57630242E-04       6.60087761E-01       6.64665547E-01       2.08555172E+00
    29.9000       2.79861957E-01       1.34672633E+02       1.58696283E-03       1.58820876E-01       2.85883704E-01       4.65623155E-04       6.61147209E-01       6.66933429E-01       2.10460080E+00
    30.0000       2.79702322E-01       1.37079497E+02       1.64419400E-03       1.66672039E-01       2.85722452E-01       4.72982050E-04       6.62215266E-01       6.69293503E-01       2.12214557E+00
    30.1000       2.79545804E-01       1.39435495E+02       1.70119750E-03       1.74520765E-01       2.85553826E-01       4.79677964E-04       6.63292812E-01       6.71740892E-01       2.13811686E+00
    30.2000       2.79392539E-01       1.41737975E+02       1.75784468E-03       1.82335885E-01       2.85378030E-01       4.85696914E-04       6.64380996E-01       6.74269753E-01       2.15248092E+00
    30.3000       2.79242659E-01       1.43984528E+02       1.81401013E-03       1.90086984E-01       2.85195305E-01       4.91020226E-04       6.65481314E-01       6.76873562E-01       2.16519307E+00
    30.4000       2.79096266E-01       1.46173007E+02       1.86957294E-03       1.97744929E-01       2.85005926E-01       4.95647795E-04       6.66595506E-01       6.79544263E-01       2.17625263E+00
    30.5000       2.78953461E-01       1.48301531E+02       1.92441760E-03       2.05282278E-01       2.84810197E-01       4.99564342E-04       6.67725502E-01       6.82272692E-01       2.18562300E+00
    30.6000       2.78814187E-01       1.50368464E+02       1.97843407E-03       2.12673750E-01       2.84608451E-01       5.02782339E-04       6.68873747E-01       6.85047540E-01       2.19333323E+00
    30.7000       2.78678483E-01       1.52372455E+02       2.03151945E-03       2.19896706E-01       2.84401046E-01       5.05306360E-04       6.70042719E-01       6.87855154E-01       2.19939372E+00
    30.8000       2.78546361E-01       1.54312414E+02       2.08357809E-03       2.26931463E-01       2.84188358E-01       5.07146203E-04       6.71235330E-01       6.90678991E-01       2.20382740E+00
    30.9000       2.78417770E-01       1.56187486E+02       2.13452144E-03       2.33761515E-01       2.83970774E-01       5.08311007E-04       6.72454612E-01       6.93497744E-01       2.20665576E+00
    31.0000       2.78292694E-01       1.57997078E+02       2.18426920E-03       2.40373708E-01       2.83748689E-01       5.08819226E-04       6.73703787E-01       6.96284928E-01       2.20792243E+00
    31.1000       2.78170997E-01       1.59740795E+02       2.23274814E-03       2.46758137E-01       2.83522496E-01       5.08697520E-04       6.74986267E-01       6.99008425E-01       2.20769076E+00
    31.2000       2.78052568E-01       1.61418460E+02       2.27989294E-03       2.52908108E-01       2.83292584E-01       5.07977563E-04       6.76305525E-01       7.01631437E-01       2.20603605E+00
    31.3000       2.77937386E-01       1.63030073E+02       2.32564541E-03       2.58819948E-01       2.83059328E-01       5.06678937E-04       6.77665282E-01       7.04113354E-01       2.20300508E+00
    31.4000       2.77825391E-01       1.64575831E+02       2.36995537E-03       2.64492905E-01       2.82823091E-01       5.04829671E-04       6.79069285E-01       7.06410844E-01       2.19866474E+00
    31.5000       2.77716464E-01       1.66056065E+02       2.41277896E-03       2.69928745E-01       2.82584214E-01       5.02471325E-04       6.80521293E-01       7.08478625E-01       2.19311401E+00
    31.6000       2.77610593E-01       1.67471251E+02       2.45407923E-03       2.75131463E-01       2.82343019E-01       4.99634520E-04       6.82024961E-01       7.10270970E-01       2.18642590E+00
    31.7000       2.77507748E-01       1.68821964E+02       2.49382485E-03       2.80106783E-01       2.82099804E-01       4.96343604E-04       6.83584155E-01       7.11744985E-01       2.17865861E+00
    31.8000       2.77407820E-01       1.70108888E+02       2.53199045E-03       2.84861703E-01       2.81854843E-01       4.92647544E-04       6.85202495E-01       7.12865416E-01       2.16992860E+00
    31.9000       2.77310861E-01       1.71332769E+02       2.56855529E-03       2.89403859E-01       2.81608385E-01       4.88569345E-04       6.86883597E-01       7.13608219E-01       2.16029114E+00
    32.0000       2.77216796E-01       1.72494368E+02       2.60350188E-03       2.93740988E-01       2.81360657E-01       4.84153585E-04       6.88630992E-01       7.13961684E-01       2.14985235E+00
    32.1000       2.77125635E-01       1.73594549E+02       2.63681841E-03       2.97880839E-01       2.81111868E-01       4.79426258E-04       6.90448093E-01       7.13925362E-01       2.13867377E+00
    32.2000       2.77037378E-01       1.74634224E+02       2.66849732E-03       3.01831063E-01       2.80862207E-01       4.74418369E-04       6.92338019E-01       7.13508278E-01       2.12682890E+00
    32.3000       2.76951978E-01       1.75614380E+02       2.69853591E-03       3.05599102E-01       2.80611850E-01       4.69175690E-04       6.94303875E-01       7.12728262E-01       2.11442626E+00
    32.4000       2.76869473E-01       1.76536073E+02       2.72693620E-03       3.09192057E-01       2.80360954E-01       4.63721014E-04       6.96348344E-01       7.11611163E-01       2.10152017E+00
    32.5000       2.76789802E-01       1.77400387E+02       2.75370352E-03       3.12616545E-01       2.80109663E-01       4.58091114E-04       6.98474055E-01       7.10186359E-01       2.08819777E+00
    32.6000       2.76712968E-01       1.78208501E+02       2.77884862E-03       3.15878844E-01       2.79858108E-01       4.52314164E-04       7.00683245E-01       7.08482861E-01       2.07452576E+00
    32.7000       2.76638963E-01       1.78961618E+02       2.80238531E-03       3.18984778E-01       2.79606410E-01       4.46416745E-04       7.02977988E-01       7.06529082E-01       2.06056725E+00
    32.8000       2.76567781E-01       1.79660982E+02       2.82433097E-03       3.21939758E-01       2.79354680E-01       4.40421990E-04       7.05360021E-01       7.04359994E-01       2.04637701E+00
    32.9000       2.76499388E-01       1.80307871E+02       2.84470622E-03       3.24748853E-01       2.79103019E-01       4.34362680E-04       7.07830857E-01       7.02027035E-01       2.03203266E+00
    33.0000       2.76433787E-01       1.80903639E+02       2.86353608E-03       3.27416971E-01       2.78851523E-01       4.28256220E-04       7.10391473E-01       6.99600033E-01       2.01757522E+00
    33.1000       2.76370886E-01       1.81449640E+02       2.88084753E-03       3.29949102E-01       2.78600276E-01       4.22132344E-04       7.13042897E-01       6.97157105E-01       2.00307507E+00
    33.2000       2.76310756E-01       1.81947293E+02       2.89667154E-03       3.32350435E-01       2.78349358E-01       4.15990902E-04       7.15785494E-01       6.94766301E-01       1.98853190E+00
    33.3000       2.76253355E-01       1.82398043E+02       2.91104155E-03       3.34626231E-01       2.78098839E-01       4.09856048E-04       7.18619376E-01       6.92470203E-01       1.97400300E+00
    33.4000       2.76198586E-01       1.82803296E+02       2.92399144E-03       3.36781385E-01       2.77848778E-01       4.03751290E-04       7.21544298E-01       6.90282087E-01       1.95954431E+00
    33.5000       2.76146356E-01       1.83164471E+02       2.93555705E-03       3.38820418E-01       2.77599229E-01       3.97691991E-04       7.24559659E-01       6.88197887E-01       1.94519236E+00
    33.6000       2.76096870E-01       1.83482972E+02       2.94577509E-03       3.40747518E-01       2.77350241E-01       3.91669965E-04       7.27664435E-01       6.86213261E-01       1.93092763E+00
    33.7000       2.76049918E-01       1.83760190E+02       2.95468314E-03       3.42566718E-01       2.77101860E-01       3.85711957E-04       7.30857060E-01       6.84334569E-01       1.91681346E+00
    33.8000       2.76005487E-01       1.83997491E+02       2.96231922E-03       3.44281793E-01       2.76854128E-01       3.79831194E-04       7.34135429E-01       6.82580837E-01       1.90288146E+00
    33.9000       2.75963573E-01       1.84196256E+02       2.96872281E-03       3.45896317E-01       2.76607087E-01       3.74024999E-04       7.37497437E-01       6.80983585E-01       1.88912540E+00
    34.0000       2.75924117E-01       1.84357824E+02       2.97393315E-03       3.47413542E-01       2.76360778E-01       3.68305728E-04       7.40940616E-01       6.79584146E-01       1.87557423E+00
    34.1000       2.75886965E-01       1.84483533E+02       2.97799024E-03       3.48836563E-01       2.76115249E-01       3.62693636E-04       7.44462720E-01       6.78422608E-01       1.86227542E+00
    34.2000       2.75852258E-01       1.84574725E+02       2.98093504E-03       3.50168328E-01       2.75870547E-01       3.57172406E-04       7.48061603E-01       6.77524036E-01       1.84919025E+00
    34.3000       2.75819767E-01       1.84632733E+02       2.98280903E-03       3.51411711E-01       2.75626718E-01       3.51771154E-04       7.51735842E-01       6.76893432E-01       1.83638759E+00
    34.4000       2.75789548E-01       1.84658875E+02       2.98365375E-03       3.52569521E-01       2.75383806E-01       3.46470911E-04       7.55484336E-01       6.76517998E-01       1.82382247E+00
    34.5000       2.75761420E-01       1.84654458E+02       2.98351103E-03       3.53644383E-01       2.75141854E-01       3.41300037E-04       7.59305997E-01       6.76372909E-01       1.81156212E+00
    34.6000       2.75735365E-01       1.84620754E+02       2.98242200E-03       3.54638660E-01       2.74900899E-01       3.36243646E-04       7.63199351E-01       6.76434617E-01       1.79957141E+00
    34.7000       2.75711270E-01       1.84559019E+02       2.98042777E-03       3.55554545E-01       2.74660977E-01       3.31317119E-04       7.67161941E-01       6.76689585E-01       1.78788705E+00
    34.8000       2.75689099E-01       1.84470459E+02       2.97756814E-03       3.56394007E-01       2.74422118E-01       3.26510856E-04       7.71190047E-01       6.77127549E-01       1.77648667E+00
    34.9000       2.75668831E-01       1.84356277E+02       2.97388324E-03       3.57158938E-01       2.74184352E-01       3.21818553E-04       7.75278730E-01       6.77729674E-01       1.76535551E+00
    35.0000       2.75650273E-01       1.84217645E+02       2.96941232E-03       3.57851202E-01       2.73947707E-01       3.17258370E-04       7.79422412E-01       6.78466498E-01       1.75453640E+00
    35.1000       2.75633531E-01       1.84055720E+02       2.96419446E-03       3.58472724E-01       2.73712211E-01       3.12807518E-04       7.83615461E-01       6.79310799E-01       1.74397541E+00
    35.2000       2.75618386E-01       1.83871635E+02       2.95826809E-03       3.59025517E-01       2.73477887E-01       3.08484066E-04       7.87853926E-01       6.80250848E-01       1.73371527E+00
    35.3000       2.75604951E-01       1.83666500E+02       2.95167103E-03       3.59511680E-01       2.73244760E-01       3.04256346E-04       7.92137173E-01       6.81286846E-01       1.72368120E+00
    35.4000       2.75592929E-01       1.83441379E+02       2.94443971E-03       3.59933265E-01       2.73012850E-01       3.00167082E-04       7.96468719E-01       6.82420605E-01       1.71397448E+00
    35.5000       2.75582467E-01       1.83197304E+02       2.93660956E-03       3.60292263E-01       2.72782175E-01       2.96176134E-04       8.00856144E-01       6.83652311E-01       1.70450008E+00
    35.6000       2.75573429E-01       1.82935266E+02       2.92821475E-03       3.60590684E-01       2.72552756E-01       2.92291048E-04       8.05309585E-01       6.84977359E-01       1.69527574E+00
    35.7000       2.75565716E-01       1.82656211E+02       2.91928800E-03       3.60830495E-01       2.72324607E-01       2.88519618E-04       8.09839188E-01       6.86383225E-01       1.68631984E+00
    35.8000       2.75559344E-01       1.82361054E+02       2.90986098E-03       3.61013622E-01       2.72097743E-01       2.84844273E-04       8.14452325E-01       6.87856505E-01       1.67759085E+00
    35.9000       2.75554247E-01       1.82050661E+02       2.89996377E-03       3.61141914E-01       2.71872172E-01       2.81267555E-04       8.19150677E-01       6.89391312E-01       1.66909497E+00
    36.0000       2.75550356E-01       1.81725866E+02       2.88962542E-03       3.61217202E-01       2.71647899E-01       2.77785992E-04       8.23929144E-01       6.90987149E-01       1.66082420E+00
    36.1000       2.75547661E-01       1.81387506E+02       2.87887489E-03       3.61241410E-01       2.71424925E-01       2.74398625E-04       8.28777386E-01       6.92640186E-01       1.65277631E+00
    36.2000       2.75546141E-01       1.81036364E+02       2.86773944E-03       3.61216422E-01       2.71203250E-01       2.71096188E-04       8.33683711E-01       6.94338606E-01       1.64492952E+00
    36.3000       2.75545725E-01       1.80673205E+02       2.85624562E-03       3.61144010E-01       2.70982868E-01       2.67881194E-04       8.38639400E-01       6.96069442E-01       1.63729008E+00
    36.4000       2.75546381E-01       1.80298749E+02       2.84441840E-03       3.61025725E-01       2.70763773E-01       2.64754110E-04       8.43639964E-01       6.97830623E-01       1.62985916E+00
    36.5000       2.75548147E-01       1.79913720E+02       2.83228283E-03       3.60863104E-01       2.70545963E-01       2.61703806E-04       8.48681343E-01       6.99634469E-01       1.62261024E+00
    36.6000       2.75550938E-01       1.79518813E+02       2.81986287E-03       3.60657661E-01       2.70329433E-01       2.58733637E-04       8.53753544E-01       7.01499110E-01       1.61555120E+00
    36.7000       2.75554815E-01       1.79114727E+02       2.80718249E-03       3.60410967E-01       2.70114183E-01       2.55827471E-04       8.58836770E-01       7.03435957E-01       1.60864371E+00
    36.8000       2.75559594E-01       1.78702138E+02       2.79426473E-03       3.60124632E-01       2.69900213E-01       2.53005171E-04       8.63904520E-01       7.05446162E-01       1.60193459E+00
    36.9000       2.75565297E-01       1.78281713E+02       2.78113231E-03       3.59800304E-01       2.69687522E-01       2.50254107E-04       8.68931246E-01       7.07524526E-01       1.59539380E+00
    37.0000       2.75571909E-01       1.77854099E+02       2.76780704E-03       3.59439466E-01       2.69476109E-01       2.47576554E-04       8.73897950E-01       7.09663244E-01       1.58902679E+00
    37.1000       2.75579465E-01       1.77419885E+02       2.75430887E-03       3.59043187E-01       2.69265969E-01       2.44956292E-04       8.78791379E-01       7.11854918E-01       1.58279539E+00
    37.2000       2.75587895E-01       1.76979629E+02       2.74065655E-03       3.58612172E-01       2.69057096E-01       2.42395938E-04       8.83601653E-01       7.14095866E-01       1.57670603E+00
    37.3000       2.75597138E-01       1.76533854E+02       2.72686763E-03       3.58146876E-01       2.68849481E-01       2.39903389E-04       8.88322431E-01       7.16385768E-01       1.57077741E+00
    37.4000       2.75607199E-01       1.76083096E+02       2.71295996E-03       3.57647705E-01       2.68643118E-01       2.37469303E-04       8.92953555E-01       7.18721619E-01       1.56498740E+00
    37.5000       2.75618042E-01       1.75627872E+02       2.69895057E-03       3.57115058E-01       2.68438002E-01       2.35099867E-04       8.97501173E-01       7.21093100E-01       1.55935072E+00
    37.6000       2.75629655E-01       1.75168675E+02       2.68485565E-03       3.56549392E-01       2.68234130E-01       2.32784308E-04       9.01973948E-01       7.23487655E-01       1.55384172E+00
    37.7000       2.75642021E-01       1.74706004E+02       2.67069143E-03       3.55951395E-01       2.68031497E-01       2.30528657E-04       9.06378245E-01       7.25900573E-01       1.54847459E+00
    37.8000       2.75655074E-01       1.74240336E+02       2.65647329E-03       3.55321876E-01       2.67830100E-01       2.28338335E-04       9.10715750E-01       7.28337466E-01       1.54326210E+00
    37.9000       2.75668853E-01       1.73772146E+02       2.64221638E-03       3.54661824E-01       2.67629934E-01       2.26196333E-04       9.14984542E-01       7.30809859E-01       1.53816413E+00
    38.0000       2.75683262E-01       1.73301860E+02       2.62793430E-03       3.53972230E-01       2.67430992E-01       2.24111555E-04       9.19181493E-01       7.33330670E-01       1.53320190E+00
    38.1000       2.75698351E-01       1.72829898E+02       2.61364019E-03       3.53254188E-01       2.67233268E-01       2.22068451E-04       9.23304769E-01       7.35910481E-01       1.52833855E+00
    38.2000       2.75714011E-01       1.72356633E+02       2.59934578E-03       3.52508887E-01       2.67036753E-01       2.20082886E-04       9.27356507E-01       7.38555062E-01       1.52361165E+00
    38.3000       2.75730292E-01       1.71882441E+02       2.58506268E-03       3.51737643E-01       2.66841437E-01       2.18137974E-04       9.31343495E-01       7.41264946E-01       1.51898137E+00
    38.4000       2.75747125E-01       1.71407647E+02       2.57080086E-03       3.50941728E-01       2.66647313E-01       2.16235918E-04       9.35275988E-01       7.44035825E-01       1.51445298E+00
    38.5000       2.75764458E-01       1.70932546E+02       2.55656935E-03       3.50122415E-01       2.66454371E-01       2.14382721E-04       9.39165454E-01       7.46859769E-01       1.51004052E+00
    38.6000       2.75782378E-01       1.70457435E+02       2.54237701E-03       3.49281017E-01       2.66262603E-01       2.12559712E-04       9.43023763E-01       7.49728067E-01       1.50569972E+00
    38.7000       2.75800747E-01       1.69982563E+02       2.52823128E-03       3.48418781E-01       2.66072000E-01       2.10781361E-04       9.46862399E-01       7.52634131E-01       1.50146486E+00
    38.8000       2.75819611E-01       1.69508162E+02       2.51413900E-03       3.47536880E-01       2.65882551E-01       2.09034438E-04       9.50690791E-01       7.55575673E-01       1.49730490E+00
    38.9000       2.75838977E-01       1.69034441E+02       2.50010618E-03       3.46636465E-01       2.65694246E-01       2.07314423E-04       9.54516904E-01       7.58555910E-01       1.49320910E+00
    39.0000       2.75858766E-01       1.68561605E+02       2.48613878E-03       3.45718769E-01       2.65507077E-01       2.05634904E-04       9.58351063E-01       7.61582295E-01       1.48920936E+00
    39.1000       2.75878993E-01       1.68089845E+02       2.47224215E-03       3.44785134E-01       2.65321035E-01       2.03985012E-04       9.62205549E-01       7.64663778E-01       1.48527988E+00
    39.2000       2.75899650E-01       1.67619342E+02       2.45842132E-03       3.43836930E-01       2.65136114E-01       2.02364095E-04       9.66088918E-01       7.67809368E-01       1.48141906E+00
    39.3000       2.75920707E-01       1.67150250E+02       2.44468052E-03       3.42875409E-01       2.64952304E-01       2.00773496E-04       9.70003137E-01       7.71027658E-01       1.47763020E+00
    39.4000       2.75942134E-01       1.66682701E+02       2.43102325E-03       3.41901673E-01       2.64769593E-01       1.99213068E-04       9.73942902E-01       7.74325446E-01       1.47391304E+00
    39.5000       2.75963969E-01       1.66216804E+02       2.41745228E-03       3.40916649E-01       2.64587971E-01       1.97675416E-04       9.77894411E-01       7.77706652E-01       1.47025018E+00
    39.6000       2.75986161E-01       1.65752658E+02       2.40397006E-03       3.39921175E-01       2.64407427E-01       1.96166957E-04       9.81836575E-01       7.81172499E-01       1.46665678E+00
    39.7000       2.76008701E-01       1.65290365E+02       2.39057916E-03       3.38916037E-01       2.64227949E-01       1.94684857E-04       9.85747721E-01       7.84722280E-01       1.46312607E+00
    39.8000       2.76031657E-01       1.64830020E+02       2.37728185E-03       3.37901958E-01       2.64049528E-01       1.93220901E-04       9.89612635E-01       7.88354297E-01       1.45963860E+00
    39.9000       2.76054922E-01       1.64371698E+02       2.36407982E-03       3.36879588E-01       2.63872151E-01       1.91787504E-04       9.93425114E-01       7.92065902E-01       1.45622386E+00
    40.0000       2.76078563E-01       1.63915483E+02       2.35097499E-03       3.35849557E-01       2.63695809E-01       1.90370006E-04       9.97184903E-01       7.95851191E-01       1.45284721E+00
    40.1000       2.76102482E-01       1.63461473E+02       2.33796964E-03       3.34812580E-01       2.63520492E-01       1.88985325E-04       1.00089291E+00       7.99701909E-01       1.44954853E+00
    40.2000       2.76126695E-01       1.63009783E+02       2.32506656E-03       3.33769567E-01       2.63346192E-01       1.87625783E-04       1.00454889E+00       8.03611519E-01       1.44630952E+00
    40.3000       2.76151270E-01       1.62560527E+02       2.31226844E-03       3.32721509E-01       2.63172902E-01       1.86278522E-04       1.00815278E+00       8.07576809E-01       1.44309974E+00
    40.4000       2.76176080E-01       1.62113803E+02       2.29957745E-03       3.31669206E-01       2.63000613E-01       1.84956816E-04       1.01170596E+00       8.11596482E-01       1.43995058E+00
    40.5000       2.76201169E-01       1.61669690E+02       2.28699525E-03       3.30613067E-01       2.62829319E-01       1.83654192E-04       1.01520918E+00       8.15670084E-01       1.43684687E+00
    40.6000       2.76226492E-01       1.61228259E+02       2.27452324E-03       3.29553252E-01       2.62659010E-01       1.82378888E-04       1.01866037E+00       8.19799018E-01       1.43380804E+00
    40.7000       2.76252095E-01       1.60789588E+02       2.26216303E-03       3.28489954E-01       2.62489679E-01       1.81121956E-04       1.02205494E+00       8.23987640E-01       1.43081283E+00
    40.8000       2.76277963E-01       1.60353780E+02       2.24991680E-03       3.27423536E-01       2.62321321E-01       1.79884081E-04       1.02538770E+00       8.28242131E-01       1.42786277E+00
    40.9000       2.76304054E-01       1.59920928E+02       2.23778653E-03       3.26354397E-01       2.62153929E-01       1.78669923E-04       1.02865367E+00       8.32568058E-01       1.42496893E+00
    41.0000       2.76330372E-01       1.59491144E+02       2.22577469E-03       3.25282932E-01       2.61987499E-01       1.77475485E-04       1.03184792E+00       8.36967750E-01       1.42212188E+00
    41.1000       2.76356908E-01       1.59064512E+02       2.21388292E-03       3.24209502E-01       2.61822023E-01       1.76305055E-04       1.03496613E+00       8.41438364E-01       1.41933174E+00
    41.2000       2.76383654E-01       1.58641146E+02       2.20211365E-03       3.23134568E-01       2.61657496E-01       1.75148995E-04       1.03800595E+00       8.45972629E-01       1.41657572E+00
    41.3000       2.76410509E-01       1.58221142E+02       2.19046886E-03       3.22058628E-01       2.61493911E-01       1.74026063E-04       1.04096896E+00       8.50560672E-01       1.41389824E+00
    41.4000       2.76437575E-01       1.57804580E+02       2.17894998E-03       3.20982165E-01       2.61331259E-01       1.72918385E-04       1.04386029E+00       8.55190430E-01       1.41125707E+00
    41.5000       2.76464728E-01       1.57391527E+02       2.16755812E-03       3.19905731E-01       2.61169530E-01       1.71835471E-04       1.04668682E+00       8.59847674E-01       1.40867482E+00
    41.6000       2.76492091E-01       1.56982046E+02       2.15629425E-03       3.18829906E-01       2.61008715E-01       1.70763577E-04       1.04945481E+00       8.64516682E-01       1.40611905E+00
    41.7000       2.76519585E-01       1.56576153E+02       2.14515803E-03       3.17755159E-01       2.60848801E-01       1.69712955E-04       1.05216955E+00       8.69180132E-01       1.40361405E+00
    41.8000       2.76547226E-01       1.56173868E+02       2.13414924E-03       3.16681914E-01       2.60689779E-01       1.68674058E-04       1.05483502E+00       8.73818603E-01       1.40113723E+00
    41.9000       2.76575009E-01       1.55775201E+02       2.12326742E-03       3.15610587E-01       2.60531637E-01       1.67648900E-04       1.05745318E+00       8.78412185E-01       1.39869328E+00
    42.0000       2.76602893E-01       1.55380163E+02       2.11251207E-03       3.14541661E-01       2.60374366E-01       1.66639959E-04       1.06002352E+00       8.82944017E-01       1.39628790E+00
    42.1000       2.76630890E-01       1.54988760E+02       2.10188264E-03       3.13475645E-01       2.60217956E-01       1.65644877E-04       1.06254509E+00       8.87403317E-01       1.39391552E+00
    42.2000       2.76659016E-01       1.54600978E+02       2.09137796E-03       3.12412994E-01       2.60062397E-01       1.64659857E-04       1.06501895E+00       8.91785478E-01       1.39156731E+00
    42.3000       2.76687239E-01       1.54216796E+02       2.08099676E-03       3.11354158E-01       2.59907681E-01       1.63689630E-04       1.06744811E+00       8.96090222E-01       1.38925446E+00
    42.4000       2.76715593E-01       1.53836198E+02       2.07073788E-03       3.10299648E-01       2.59753797E-01       1.62724249E-04       1.06983595E+00       9.00319666E-01       1.38695339E+00
    42.5000       2.76744055E-01       1.53459163E+02       2.06060004E-03       3.09250086E-01       2.59600740E-01       1.61766775E-04       1.07218460E+00       9.04477182E-01       1.38467125E+00
    42.6000       2.76772609E-01       1.53085677E+02       2.05058216E-03       3.08206183E-01       2.59448500E-01       1.60820289E-04       1.07449555E+00       9.08566264E-01       1.38241529E+00
    42.7000       2.76801261E-01       1.52715722E+02       2.04068303E-03       3.07168688E-01       2.59297069E-01       1.59878952E-04       1.07677189E+00       9.12589755E-01       1.38017171E+00
    42.8000       2.76830050E-01       1.52349259E+02       2.03090095E-03       3.06138270E-01       2.59146437E-01       1.58941862E-04       1.07901881E+00       9.16550440E-01       1.37793854E+00
    42.9000       2.76858945E-01       1.51986232E+02       2.02123380E-03       3.05115406E-01       2.58996593E-01       1.58010903E-04       1.08124113E+00       9.20451930E-01       1.37572040E+00
    43.0000       2.76888002E-01       1.51626575E+02       2.01167908E-03       3.04100363E-01       2.58847524E-01       1.57076704E-04       1.08343988E+00       9.24298605E-01       1.37349514E+00
    43.1000       2.76917185E-01       1.51270206E+02       2.00223408E-03       3.03093217E-01       2.58699219E-01       1.56145952E-04       1.08561186E+00       9.28094466E-01       1.37127834E+00
    43.2000       2.76946497E-01       1.50917065E+02       1.99289654E-03       3.02093967E-01       2.58551671E-01       1.55220558E-04       1.08775232E+00       9.31842138E-01       1.36907434E+00
    43.3000       2.76975987E-01       1.50567092E+02       1.98366431E-03       3.01102499E-01       2.58404870E-01       1.54289232E-04       1.08985858E+00       9.35541955E-01       1.36685645E+00
    43.4000       2.77005581E-01       1.50220230E+02       1.97453527E-03       3.00118636E-01       2.58258808E-01       1.53367803E-04       1.09193192E+00       9.39191490E-01       1.36466209E+00
    43.5000       2.77035326E-01       1.49876426E+02       1.96550751E-03       2.99142226E-01       2.58113480E-01       1.52444790E-04       1.09397614E+00       9.42786293E-01       1.36246387E+00
    43.6000       2.77065201E-01       1.49535634E+02       1.95657926E-03       2.98173144E-01       2.57968880E-01       1.51526514E-04       1.09599412E+00       9.46320951E-01       1.36027675E+00
    43.7000       2.77095285E-01       1.49197813E+02       1.94774891E-03       2.97211237E-01       2.57825003E-01       1.50603365E-04       1.09798687E+00       9.49788771E-01       1.35807816E+00
    43.8000       2.77125458E-01       1.48862899E+02       1.93901423E-03       2.96256240E-01       2.57681841E-01       1.49688971E-04       1.09995619E+00       9.53181406E-01       1.35590043E+00
    43.9000       2.77155806E-01       1.48530841E+02       1.93037344E-03       2.95307882E-01       2.57539390E-01       1.48774649E-04       1.10190821E+00       9.56489977E-01       1.35372293E+00
    44.0000       2.77186244E-01       1.48201582E+02       1.92182453E-03       2.94365891E-01       2.57397643E-01       1.47866100E-04       1.10385415E+00       9.59707567E-01       1.35155910E+00
    44.1000       2.77216875E-01       1.47875061E+02       1.91336545E-03       2.93429990E-01       2.57256596E-01       1.46958857E-04       1.10580769E+00       9.62830225E-01       1.34939851E+00
    44.2000       2.77247611E-01       1.47551226E+02       1.90499437E-03       2.92499981E-01       2.57116241E-01       1.46053987E-04       1.10778244E+00       9.65856008E-01       1.34724366E+00
    44.3000       2.77278528E-01       1.47230002E+02       1.89670894E-03       2.91575764E-01       2.56976572E-01       1.45149858E-04       1.10979099E+00       9.68784270E-01       1.34509071E+00
    44.4000       2.77309558E-01       1.46911318E+02       1.88850683E-03       2.90657341E-01       2.56837582E-01       1.44251820E-04       1.11184460E+00       9.71616730E-01       1.34295249E+00
    44.5000       2.77340738E-01       1.46595079E+02       1.88038525E-03       2.89744693E-01       2.56699265E-01       1.43353523E-04       1.11395369E+00       9.74359440E-01       1.34081397E+00
    44.6000       2.77372052E-01       1.46281190E+02       1.87234132E-03       2.88837849E-01       2.56561616E-01       1.42455985E-04       1.11612717E+00       9.77023684E-01       1.33867743E+00
    44.7000       2.77403518E-01       1.45969564E+02       1.86437243E-03       2.87936959E-01       2.56424630E-01       1.41558900E-04       1.11837220E+00       9.79624326E-01       1.33654206E+00
    44.8000       2.77435142E-01       1.45660105E+02       1.85647578E-03       2.87042233E-01       2.56288305E-01       1.40660870E-04       1.12069369E+00       9.82176189E-01       1.33440457E+00
    44.9000       2.77466864E-01       1.45352715E+02       1.84864853E-03       2.86153865E-01       2.56152634E-01       1.39762791E-04       1.12309384E+00       9.84690384E-01       1.33226710E+00
    45.0000       2.77498691E-01       1.45047289E+02       1.84088764E-03       2.85271923E-01       2.56017615E-01       1.38867760E-04       1.12557178E+00       9.87171976E-01       1.33013702E+00
    45.1000       2.77530725E-01       1.44743724E+02       1.83319023E-03       2.84396358E-01       2.55883242E-01       1.37963554E-04       1.12812324E+00       9.89620505E-01       1.32798546E+00
    45.2000       2.77562876E-01       1.44441898E+02       1.82555293E-03       2.83527084E-01       2.55749513E-01       1.37061060E-04       1.13074128E+00       9.92033572E-01       1.32583802E+00
    45.3000       2.77595161E-01       1.44141724E+02       1.81797319E-03       2.82664123E-01       2.55616427E-01       1.36156124E-04       1.13341798E+00       9.94410539E-01       1.32368468E+00
    45.4000       2.77627599E-01       1.43843103E+02       1.81044834E-03       2.81807481E-01       2.55483981E-01       1.35248511E-04       1.13614610E+00       9.96754197E-01       1.32152490E+00
    45.5000       2.77660187E-01       1.43545913E+02       1.80297506E-03       2.80956947E-01       2.55352174E-01       1.34333482E-04       1.13892000E+00       9.99070255E-01       1.31934767E+00
    45.6000       2.77692890E-01       1.43250024E+02       1.79554982E-03       2.80112090E-01       2.55221003E-01       1.33421745E-04       1.14173573E+00       1.00136601E+00       1.31717836E+00
    45.7000       2.77725776E-01       1.42955318E+02       1.78816952E-03       2.79272420E-01       2.55090465E-01       1.32501954E-04       1.14459034E+00       1.00364955E+00       1.31499006E+00
    45.8000       2.77758751E-01       1.42661669E+02       1.78083078E-03       2.78437434E-01       2.54960559E-01       1.31584306E-04       1.14748165E+00       1.00592903E+00       1.31280695E+00
    45.9000       2.77791872E-01       1.42368980E+02       1.77353108E-03       2.77606692E-01       2.54831284E-01       1.30663599E-04       1.15040771E+00       1.00821173E+00       1.31061682E+00
    46.0000       2.77825108E-01       1.42077144E+02       1.76626755E-03       2.76779718E-01       2.54702641E-01       1.29744585E-04       1.15336671E+00       1.01050281E+00       1.30843085E+00
    46.1000       2.77858509E-01       1.41786079E+02       1.75903806E-03       2.75956171E-01       2.54574633E-01       1.28820890E-04       1.15635727E+00       1.01280484E+00       1.30623374E+00
    46.2000       2.77891979E-01       1.41495713E+02       1.75184072E-03       2.75135834E-01       2.54447265E-01       1.27899809E-04       1.15937865E+00       1.01511722E+00       1.30404267E+00
    46.3000       2.77925565E-01       1.41206002E+02       1.74467431E-03       2.74318598E-01       2.54320542E-01       1.26980678E-04       1.16243073E+00       1.01743665E+00       1.30185603E+00
    46.4000       2.77959244E-01       1.40916897E+02       1.73753753E-03       2.73504413E-01       2.54194466E-01       1.26061621E-04       1.16551382E+00       1.01975806E+00       1.29966943E+00
    46.5000       2.77993029E-01       1.40628365E+02       1.73042948E-03       2.72693276E-01       2.54069041E-01       1.25144085E-04       1.16862819E+00       1.02207689E+00       1.29748635E+00
    46.6000       2.78026918E-01       1.40340356E+02       1.72334887E-03       2.71885130E-01       2.53944267E-01       1.24225109E-04       1.17177354E+00       1.02439129E+00       1.29529993E+00
    46.7000       2.78060866E-01       1.40052835E+02       1.71629470E-03       2.71079887E-01       2.53820145E-01       1.23311414E-04       1.17494890E+00       1.02670296E+00       1.29312614E+00
    46.8000       2.78094889E-01       1.39765774E+02       1.70926627E-03       2.70277404E-01       2.53696675E-01       1.22399368E-04       1.17815296E+00       1.02901565E+00       1.29095642E+00
    46.9000       2.78129011E-01       1.39479139E+02       1.70226264E-03       2.69477477E-01       2.53573856E-01       1.21488442E-04       1.18138432E+00       1.03133283E+00       1.28878949E+00
    47.0000       2.78163192E-01       1.39192910E+02       1.69528328E-03       2.68679873E-01       2.53451690E-01       1.20582054E-04       1.18464181E+00       1.03365584E+00       1.28663343E+00
    47.1000       2.78197437E-01       1.38907091E+02       1.68832823E-03       2.67884331E-01       2.53330176E-01       1.19679229E-04       1.18792442E+00       1.03598317E+00       1.28448591E+00
    47.2000       2.78231760E-01       1.38621674E+02       1.68139724E-03       2.67090472E-01       2.53209315E-01       1.18779711E-04       1.19123116E+00       1.03831136E+00       1.28234632E+00
    47.3000       2.78266118E-01       1.38336665E+02       1.67449037E-03       2.66297879E-01       2.53089110E-01       1.17886948E-04       1.19456075E+00       1.04063674E+00       1.28022259E+00
    47.4000       2.78300493E-01       1.38052095E+02       1.66760834E-03       2.65506217E-01       2.52969565E-01       1.17003729E-04       1.19791146E+00       1.04295720E+00       1.27812118E+00
    47.5000       2.78334949E-01       1.37767998E+02       1.66075185E-03       2.64715169E-01       2.52850682E-01       1.16123612E-04       1.20128121E+00       1.04527313E+00       1.27602701E+00
    47.6000       2.78369358E-01       1.37484403E+02       1.65392158E-03       2.63924336E-01       2.52732462E-01       1.15259046E-04       1.20466787E+00       1.04758730E+00       1.27396972E+00
    47.7000       2.78403807E-01       1.37201345E+02       1.64711829E-03       2.63133308E-01       2.52614906E-01       1.14402708E-04       1.20806915E+00       1.04990348E+00       1.27193189E+00
    47.8000       2.78438226E-01       1.36918881E+02       1.64034326E-03       2.62341809E-01       2.52498016E-01       1.13559971E-04       1.21148227E+00       1.05222367E+00       1.26992613E+00
    47.9000       2.78472636E-01       1.36637090E+02       1.63359826E-03       2.61549717E-01       2.52381796E-01       1.12729986E-04       1.21490354E+00       1.05454623E+00       1.26795039E+00
    48.0000       2.78507014E-01       1.36356033E+02       1.62688468E-03       2.60756954E-01       2.52266247E-01       1.11913198E-04       1.21832742E+00       1.05686608E+00       1.26600576E+00
    48.1000       2.78541364E-01       1.36075769E+02       1.62020379E-03       2.59963491E-01       2.52151368E-01       1.11109478E-04       1.22174616E+00       1.05917617E+00       1.26409203E+00
    48.2000       2.78575695E-01       1.35796367E+02       1.61355716E-03       2.59169367E-01       2.52037160E-01       1.10316309E-04       1.22514997E+00       1.06146938E+00       1.26220333E+00
    48.3000       2.78609966E-01       1.35517876E+02       1.60694578E-03       2.58374639E-01       2.51923620E-01       1.09537915E-04       1.22852757E+00       1.06373985E+00       1.26034972E+00
    48.4000       2.78644170E-01       1.35240356E+02       1.60037096E-03       2.57579461E-01       2.51810745E-01       1.08773237E-04       1.23186704E+00       1.06598333E+00       1.25852871E+00
    48.5000       2.78678332E-01       1.34963866E+02       1.59383394E-03       2.56784077E-01       2.51698530E-01       1.08018562E-04       1.23515682E+00       1.06819663E+00       1.25673151E+00
    48.6000       2.78712421E-01       1.34688465E+02       1.58733597E-03       2.55988787E-01       2.51586971E-01       1.07279795E-04       1.23838655E+00       1.07037699E+00       1.25497210E+00
    48.7000       2.78746466E-01       1.34414215E+02       1.58087836E-03       2.55193935E-01       2.51476062E-01       1.06551259E-04       1.24154744E+00       1.07252147E+00       1.25323709E+00
    48.8000       2.78780432E-01       1.34141173E+02       1.57446225E-03       2.54399886E-01       2.51365798E-01       1.05836403E-04       1.24463253E+00       1.07462689E+00       1.25153469E+00
    48.9000       2.78814322E-01       1.33869393E+02       1.56808875E-03       2.53607022E-01       2.51256171E-01       1.05138017E-04       1.24763666E+00       1.07668959E+00       1.24987151E+00
    49.0000       2.78848128E-01       1.33598932E+02       1.56175904E-03       2.52815735E-01       2.51147176E-01       1.04454291E-04       1.25055641E+00       1.07870617E+00       1.24824327E+00
    49.1000       2.78881864E-01       1.33329854E+02       1.55547438E-03       2.52026412E-01       2.51038807E-01       1.03782853E-04       1.25339021E+00       1.08067479E+00       1.24664434E+00
    49.2000       2.78915518E-01       1.33062207E+02       1.54923571E-03       2.51239375E-01       2.50931059E-01       1.03127963E-04       1.25613858E+00       1.08259638E+00       1.24508477E+00
    49.3000       2.78949094E-01       1.32796064E+02       1.54304454E-03       2.50454945E-01       2.50823930E-01       1.02488611E-04       1.25880395E+00       1.08447434E+00       1.24356213E+00
    49.4000       2.78982577E-01       1.32531483E+02       1.53690198E-03       2.49673379E-01       2.50717416E-01       1.01863996E-04       1.26139091E+00       1.08631314E+00       1.24207446E+00
    49.5000       2.79015975E-01       1.32268532E+02       1.53080940E-03       2.48894957E-01       2.50611516E-01       1.01254149E-04       1.26390590E+00       1.08811692E+00       1.24062178E+00
    49.6000       2.79049252E-01       1.32007283E+02       1.52476823E-03       2.48119975E-01       2.50506227E-01       1.00660500E-04       1.26635688E+00       1.08988900E+00       1.23920744E+00
    49.7000       2.79082404E-01       1.31747822E+02       1.51878024E-03       2.47348812E-01       2.50401549E-01       1.00086707E-04       1.26875299E+00       1.09163159E+00       1.23784008E+00
    49.8000       2.79115459E-01       1.31490234E+02       1.51284715E-03       2.46581902E-01       2.50297480E-01       9.95221214E-05       1.27110416E+00       1.09334504E+00       1.23649448E+00
    49.9000       2.79148377E-01       1.31234594E+02       1.50697039E-03       2.45819722E-01       2.50194019E-01       9.89734591E-05       1.27342089E+00       1.09502757E+00       1.23518649E+00
    50.0000       2.79181151E-01       1.30980981E+02       1.50115153E-03       2.45062788E-01       2.50091162E-01       9.84392620E-05       1.27571406E+00       1.09667626E+00       1.23391266E+00
    50.1000       2.79213795E-01       1.30729446E+02       1.49539146E-03       2.44311581E-01       2.49988906E-01       9.79149379E-05       1.27799499E+00       1.09828909E+00       1.23266220E+00
    50.2000       2.79246298E-01       1.30480036E+02       1.48969099E-03       2.43566581E-01       2.49887246E-01       9.74017624E-05       1.28027503E+00       1.09986681E+00       1.23143817E+00
    50.3000       2.79278652E-01       1.30232784E+02       1.48405057E-03       2.42828268E-01       2.49786174E-01       9.68980322E-05       1.28256529E+00       1.10141268E+00       1.23023659E+00
    50.4000       2.79310886E-01       1.29987701E+02       1.47847021E-03       2.42097086E-01       2.49685681E-01       9.63981776E-05       1.28487605E+00       1.10293101E+00       1.22904445E+00
    50.5000       2.79342958E-01       1.29744775E+02       1.47294932E-03       2.41373348E-01       2.49585757E-01       9.59088152E-05       1.28721587E+00       1.10442624E+00       1.22787756E+00
    50.6000       2.79374898E-01       1.29503983E+02       1.46748713E-03       2.40657246E-01       2.49486393E-01       9.54239889E-05       1.28959120E+00       1.10590266E+00       1.22672178E+00
    50.7000       2.79406739E-01       1.29265303E+02       1.46208287E-03       2.39948916E-01       2.49387579E-01       9.49406012E-05       1.29200625E+00       1.10736389E+00       1.22556966E+00
    50.8000       2.79438457E-01       1.29028709E+02       1.45673567E-03       2.39248483E-01       2.49289306E-01       9.44599127E-05       1.29446316E+00       1.10881172E+00       1.22442412E+00
    50.9000       2.79470045E-01       1.28794166E+02       1.45144450E-03       2.38556090E-01       2.49191566E-01       9.39845256E-05       1.29696251E+00       1.11024587E+00       1.22329132E+00
    51.0000       2.79501528E-01       1.28561655E+02       1.44620867E-03       2.37871898E-01       2.49094351E-01       9.35099293E-05       1.29950334E+00       1.11166424E+00       1.22216061E+00
    51.1000       2.79532875E-01       1.28331125E+02       1.44102679E-03       2.37196010E-01       2.48997651E-01       9.30403125E-05       1.30208381E+00       1.11306382E+00       1.22104187E+00
    51.2000       2.79564134E-01       1.28102530E+02       1.43589759E-03       2.36528483E-01       2.48901459E-01       9.25680210E-05       1.30470100E+00       1.11444127E+00       1.21991698E+00
    51.3000       2.79595312E-01       1.27875796E+02       1.43081919E-03       2.35869226E-01       2.48805763E-01       9.20951106E-05       1.30735096E+00       1.11579388E+00       1.21879106E+00
    51.4000       2.79626380E-01       1.27650839E+02       1.42578947E-03       2.35217943E-01       2.48710552E-01       9.16237428E-05       1.31002893E+00       1.11712047E+00       1.21766939E+00
    51.5000       2.79657386E-01       1.27427567E+02       1.42080617E-03       2.34574185E-01       2.48615817E-01       9.11479427E-05       1.31272937E+00       1.11842148E+00       1.21653775E+00
    51.6000       2.79688307E-01       1.27205885E+02       1.41586700E-03       2.33937393E-01       2.48521551E-01       9.06729703E-05       1.31544637E+00       1.11969789E+00       1.21540850E+00
    51.7000       2.79719191E-01       1.26985729E+02       1.41097034E-03       2.33306983E-01       2.48427752E-01       9.01971051E-05       1.31817365E+00       1.12095013E+00       1.21427717E+00
    51.8000       2.79749987E-01       1.26767054E+02       1.40611503E-03       2.32682486E-01       2.48334418E-01       8.97228898E-05       1.32090480E+00       1.12217778E+00       1.21314956E+00
    51.9000       2.79780736E-01       1.26549843E+02       1.40130048E-03       2.32063627E-01       2.48241551E-01       8.92509377E-05       1.32363323E+00       1.12338068E+00       1.21202717E+00
    52.0000       2.79811400E-01       1.26334074E+02       1.39652609E-03       2.31450157E-01       2.48149150E-01       8.87837627E-05       1.32635245E+00       1.12455981E+00       1.21091599E+00
    52.1000       2.79842000E-01       1.26119742E+02       1.39179156E-03       2.30841832E-01       2.48057216E-01       8.83182998E-05       1.32905641E+00       1.12571807E+00       1.20980886E+00
    52.2000       2.79872505E-01       1.25906840E+02       1.38709658E-03       2.30238323E-01       2.47965748E-01       8.78594441E-05       1.33174007E+00       1.12686065E+00       1.20871743E+00
    52.3000       2.79902954E-01       1.25695373E+02       1.38244109E-03       2.29639202E-01       2.47874748E-01       8.74042334E-05       1.33440010E+00       1.12799525E+00       1.20763462E+00
    52.4000       2.79933270E-01       1.25485359E+02       1.37782534E-03       2.29043970E-01       2.47784218E-01       8.69611965E-05       1.33703507E+00       1.12913131E+00       1.20658051E+00
    52.5000       2.79963497E-01       1.25276842E+02       1.37325013E-03       2.28452176E-01       2.47694162E-01       8.65292482E-05       1.33964556E+00       1.13027834E+00       1.20555251E+00
    52.6000       2.79993590E-01       1.25069901E+02       1.36871701E-03       2.27863552E-01       2.47604583E-01       8.61070640E-05       1.34223379E+00       1.13144432E+00       1.20454746E+00
    52.7000       2.80023565E-01       1.24864628E+02       1.36422783E-03       2.27278020E-01       2.47515488E-01       8.56976068E-05       1.34480297E+00       1.13263504E+00       1.20357223E+00
    52.8000       2.80053404E-01       1.24661150E+02       1.35978520E-03       2.26695710E-01       2.47426882E-01       8.53044798E-05       1.34735653E+00       1.13385426E+00       1.20263525E+00
    52.9000       2.80083043E-01       1.24459580E+02       1.35539136E-03       2.26116819E-01       2.47338771E-01       8.49319349E-05       1.34989789E+00       1.13510418E+00       1.20174663E+00
    53.0000       2.80112554E-01       1.24260032E+02       1.35104862E-03       2.25541525E-01       2.47251156E-01       8.45686522E-05       1.35242985E+00       1.13638555E+00       1.20087986E+00
    53.1000       2.80141862E-01       1.24062616E+02       1.34675910E-03       2.24969976E-01       2.47164038E-01       8.42266814E-05       1.35495485E+00       1.13769746E+00       1.20006358E+00
    53.2000       2.80170973E-01       1.23867443E+02       1.34252505E-03       2.24402368E-01       2.47077417E-01       8.39014900E-05       1.35747484E+00       1.13903786E+00       1.19928712E+00
    53.3000       2.80199893E-01       1.23674642E+02       1.33834899E-03       2.23838944E-01       2.46991292E-01       8.35927477E-05       1.35999132E+00       1.14040412E+00       1.19854970E+00
    53.4000       2.80228589E-01       1.23484335E+02       1.33423334E-03       2.23279971E-01       2.46905664E-01       8.33023077E-05       1.36250536E+00       1.14179397E+00       1.19785571E+00
    53.5000       2.80257045E-01       1.23296657E+02       1.33018074E-03       2.22725771E-01       2.46820532E-01       8.30322891E-05       1.36501761E+00       1.14320529E+00       1.19721005E+00
    53.6000       2.80285280E-01       1.23111742E+02       1.32619383E-03       2.22176781E-01       2.46735896E-01       8.27752205E-05       1.36752843E+00       1.14463537E+00       1.19659495E+00
    53.7000       2.80313258E-01       1.22929733E+02       1.32227544E-03       2.21633569E-01       2.46651757E-01       8.25373792E-05       1.37003836E+00       1.14608065E+00       1.19602520E+00
    53.8000       2.80340956E-01       1.22750737E+02       1.31842756E-03       2.21096739E-01       2.46568113E-01       8.23175393E-05       1.37254842E+00       1.14753779E+00       1.19549793E+00
    53.9000       2.80368421E-01       1.22574861E+02       1.31465219E-03       2.20566986E-01       2.46484961E-01       8.21086723E-05       1.37506042E+00       1.14900492E+00       1.19499659E+00
    54.0000       2.80395568E-01       1.22402175E+02       1.31095058E-03       2.20044987E-01       2.46402293E-01       8.19168420E-05       1.37757686E+00       1.15048255E+00       1.19453568E+00
    54.1000       2.80422471E-01       1.22232717E+02       1.30732325E-03       2.19531355E-01       2.46320098E-01       8.17332992E-05       1.38010065E+00       1.15197363E+00       1.19409472E+00
    54.2000       2.80449084E-01       1.22066505E+02       1.30377027E-03       2.19026609E-01       2.46238363E-01       8.15597351E-05       1.38263448E+00       1.15348254E+00       1.19367790E+00
    54.3000       2.80475434E-01       1.21903518E+02       1.30029092E-03       2.18531148E-01       2.46157073E-01       8.13954707E-05       1.38518030E+00       1.15501369E+00       1.19328357E+00
    54.4000       2.80501561E-01       1.21743736E+02       1.29688450E-03       2.18045407E-01       2.46076215E-01       8.12325856E-05       1.38773882E+00       1.15656984E+00       1.19289274E+00
    54.5000       2.80527440E-01       1.21587105E+02       1.29354961E-03       2.17569840E-01       2.45995771E-01       8.10723124E-05       1.39030939E+00       1.15815083E+00       1.19250856E+00
    54.6000       2.80553089E-01       1.21433540E+02       1.29028416E-03       2.17104597E-01       2.45915725E-01       8.09157737E-05       1.39289013E+00       1.15975352E+00       1.19213386E+00
    54.7000       2.80578549E-01       1.21282924E+02       1.28708541E-03       2.16649450E-01       2.45836062E-01       8.07577531E-05       1.39547857E+00       1.16137291E+00       1.19175611E+00
    54.8000       2.80603794E-01       1.21135136E+02       1.28395061E-03       2.16204142E-01       2.45756767E-01       8.06008424E-05       1.39807191E+00       1.16300365E+00       1.19138126E+00
    54.9000       2.80628859E-01       1.20990083E+02       1.28087752E-03       2.15768509E-01       2.45677829E-01       8.04447120E-05       1.40066766E+00       1.16464118E+00       1.19100852E+00
    55.0000       2.80653744E-01       1.20847646E+02       1.27786343E-03       2.15342218E-01       2.45599237E-01       8.02872362E-05       1.40326395E+00       1.16628197E+00       1.19063289E+00
    55.1000       2.80678456E-01       1.20707713E+02       1.27490581E-03       2.14924715E-01       2.45520981E-01       8.01317527E-05       1.40585968E+00       1.16792282E+00       1.19026232E+00
    55.2000       2.80703019E-01       1.20570204E+02       1.27200274E-03       2.14515377E-01       2.45443054E-01       7.99768821E-05       1.40845468E+00       1.16955997E+00       1.18989329E+00
    55.3000       2.80727401E-01       1.20435048E+02       1.26915257E-03       2.14113601E-01       2.45365455E-01       7.98263525E-05       1.41104985E+00       1.17118855E+00       1.18953433E+00
    55.4000       2.80751624E-01       1.20302185E+02       1.26635387E-03       2.13718777E-01       2.45288181E-01       7.96795075E-05       1.41364717E+00       1.17280201E+00       1.18918380E+00
    55.5000       2.80775683E-01       1.20171556E+02       1.26360524E-03       2.13330202E-01       2.45211233E-01       7.95388688E-05       1.41624949E+00       1.17439281E+00       1.18884780E+00
    55.6000       2.80799574E-01       1.20043115E+02       1.26090558E-03       2.12947216E-01       2.45134610E-01       7.94050396E-05       1.41886020E+00       1.17595388E+00       1.18852786E+00
    55.7000       2.80823268E-01       1.19916856E+02       1.25825458E-03       2.12569409E-01       2.45058314E-01       7.92817669E-05       1.42148322E+00       1.17747987E+00       1.18823275E+00
    55.8000       2.80846787E-01       1.19792795E+02       1.25565244E-03       2.12196707E-01       2.44982345E-01       7.91679413E-05       1.42412236E+00       1.17896735E+00       1.18795968E+00
    55.9000       2.80870102E-01       1.19670969E+02       1.25309981E-03       2.11829333E-01       2.44906707E-01       7.90636210E-05       1.42678106E+00       1.18041413E+00       1.18770876E+00
    56.0000       2.80893214E-01       1.19551407E+02       1.25059716E-03       2.11467724E-01       2.44831399E-01       7.89709883E-05       1.42946201E+00       1.18181891E+00       1.18748525E+00
    56.1000       2.80916127E-01       1.19434133E+02       1.24814482E-03       2.11112512E-01       2.44756417E-01       7.88838821E-05       1.43216674E+00       1.18318226E+00       1.18727474E+00
    56.2000       2.80938836E-01       1.19319158E+02       1.24574287E-03       2.10764485E-01       2.44681753E-01       7.88037140E-05       1.43489550E+00       1.18450763E+00       1.18708074E+00
    56.3000       2.80961352E-01       1.19206453E+02       1.24339061E-03       2.10424547E-01       2.44607397E-01       7.87234598E-05       1.43764755E+00       1.18580082E+00       1.18688688E+00
    56.4000       2.80983699E-01       1.19095955E+02       1.24108656E-03       2.10093683E-01       2.44533335E-01       7.86411951E-05       1.44042110E+00       1.18706903E+00       1.18668868E+00
    56.5000       2.81005865E-01       1.18987557E+02       1.23882839E-03       2.09772876E-01       2.44459552E-01       7.85552886E-05       1.44321347E+00       1.18831979E+00       1.18648240E+00
    56.6000       2.81027914E-01       1.18881096E+02       1.23661256E-03       2.09462944E-01       2.44386028E-01       7.84586897E-05       1.44602095E+00       1.18956114E+00       1.18625157E+00
    56.7000       2.81049862E-01       1.18776357E+02       1.23443451E-03       2.09164481E-01       2.44312743E-01       7.83459626E-05       1.44883891E+00       1.19080174E+00       1.18598322E+00
    56.8000       2.81071728E-01       1.18673088E+02       1.23228890E-03       2.08877827E-01       2.44239678E-01       7.82178460E-05       1.45166150E+00       1.19205002E+00       1.18567919E+00
    56.9000       2.81093570E-01       1.18570995E+02       1.23016957E-03       2.08602883E-01       2.44166809E-01       7.80610013E-05       1.45448174E+00       1.19331191E+00       1.18530808E+00
    57.0000       2.81115398E-01       1.18469782E+02       1.22807031E-03       2.08339284E-01       2.44094119E-01       7.78811815E-05       1.45729162E+00       1.19458863E+00       1.18488322E+00
    57.1000       2.81137251E-01       1.18369140E+02       1.22598467E-03       2.08086486E-01       2.44021594E-01       7.76732616E-05       1.46008240E+00       1.19587587E+00       1.18439226E+00
    57.2000       2.81159137E-01       1.18268752E+02       1.22390605E-03       2.07843559E-01       2.43949224E-01       7.74400513E-05       1.46284474E+00       1.19716512E+00       1.18384163E+00
    57.3000       2.81181077E-01       1.18168302E+02       1.22182792E-03       2.07609216E-01       2.43877005E-01       7.71803259E-05       1.46556917E+00       1.19844850E+00       1.18322824E+00
    57.4000       2.81203107E-01       1.18067500E+02       1.21974428E-03       2.07381969E-01       2.43804941E-01       7.68979218E-05       1.46824663E+00       1.19972502E+00       1.18256088E+00
    57.5000       2.81225203E-01       1.17966108E+02       1.21765023E-03       2.07160293E-01       2.43733036E-01       7.65933006E-05       1.47086882E+00       1.20100126E+00       1.18184038E+00
    57.6000       2.81247367E-01       1.17863910E+02       1.21554135E-03       2.06942662E-01       2.43661300E-01       7.62702200E-05       1.47342910E+00       1.20228419E+00       1.18107550E+00
    57.7000       2.81269602E-01       1.17760733E+02       1.21341416E-03       2.06727559E-01       2.43589743E-01       7.59334969E-05       1.47592258E+00       1.20357579E+00       1.18027775E+00
    57.8000       2.81291900E-01       1.17656433E+02       1.21126567E-03       2.06513486E-01       2.43518375E-01       7.55828409E-05       1.47834649E+00       1.20487555E+00       1.17944663E+00
    57.9000       2.81314256E-01       1.17550878E+02       1.20909329E-03       2.06298980E-01       2.43447206E-01       7.52214407E-05       1.48069997E+00       1.20618294E+00       1.17858979E+00
    58.0000       2.81336686E-01       1.17443981E+02       1.20689527E-03       2.06082676E-01       2.43376247E-01       7.48508504E-05       1.48298384E+00       1.20749423E+00       1.17771096E+00
    58.1000       2.81359146E-01       1.17335687E+02       1.20467056E-03       2.05863353E-01       2.43305510E-01       7.44753554E-05       1.48520009E+00       1.20879870E+00       1.17682016E+00
    58.2000       2.81381671E-01       1.17225966E+02       1.20241862E-03       2.05639950E-01       2.43235008E-01       7.40923880E-05       1.48735152E+00       1.21007999E+00       1.17591127E+00
    58.3000       2.81404206E-01       1.17114815E+02       1.20013948E-03       2.05411575E-01       2.43164753E-01       7.37099171E-05       1.48944139E+00       1.21132254E+00       1.17500318E+00
    58.4000       2.81426786E-01       1.17002240E+02       1.19783337E-03       2.05177428E-01       2.43094755E-01       7.33161399E-05       1.49147320E+00       1.21251750E+00       1.17406807E+00
    58.5000       2.81449377E-01       1.16888253E+02       1.19550057E-03       2.04936774E-01       2.43025023E-01       7.29218337E-05       1.49345061E+00       1.21366152E+00       1.17313153E+00
    58.6000       2.81471982E-01       1.16772870E+02       1.19314153E-03       2.04688960E-01       2.42955564E-01       7.25221525E-05       1.49537734E+00       1.21475277E+00       1.17218207E+00
    58.7000       2.81494595E-01       1.16656107E+02       1.19075664E-03       2.04433425E-01       2.42886385E-01       7.21169970E-05       1.49725726E+00       1.21578940E+00       1.17121942E+00
    58.8000       2.81517194E-01       1.16537985E+02       1.18834643E-03       2.04169680E-01       2.42817490E-01       7.17116189E-05       1.49909415E+00       1.21676995E+00       1.17025614E+00
    58.9000       2.81539788E-01       1.16418505E+02       1.18591097E-03       2.03897255E-01       2.42748879E-01       7.13033079E-05       1.50089183E+00       1.21769514E+00       1.16928600E+00
    59.0000       2.81562387E-01       1.16297683E+02       1.18345072E-03       2.03615762E-01       2.42680552E-01       7.08897713E-05       1.50265389E+00       1.21857045E+00       1.16830359E+00
    59.1000       2.81584988E-01       1.16175523E+02       1.18096582E-03       2.03324841E-01       2.42612507E-01       7.04737609E-05       1.50438383E+00       1.21940532E+00       1.16731548E+00
    59.2000       2.81607582E-01       1.16052027E+02       1.17845638E-03       2.03024119E-01       2.42544744E-01       7.00568513E-05       1.50608520E+00       1.22021004E+00       1.16632548E+00
    59.3000       2.81630171E-01       1.15927174E+02       1.17592209E-03       2.02713156E-01       2.42477261E-01       6.96396883E-05       1.50776153E+00       1.22099654E+00       1.16533517E+00
    59.4000       2.81652764E-01       1.15800960E+02       1.17336295E-03       2.02391533E-01       2.42410059E-01       6.92202604E-05       1.50941644E+00       1.22178026E+00       1.16433966E+00
    59.5000       2.81675346E-01       1.15673383E+02       1.17077902E-03       2.02058979E-01       2.42343141E-01       6.88006356E-05       1.51105340E+00       1.22257845E+00       1.16334345E+00
    59.6000       2.81697912E-01       1.15544484E+02       1.16817119E-03       2.01715616E-01       2.42276512E-01       6.83842038E-05       1.51267548E+00       1.22340463E+00       1.16235428E+00
    59.7000       2.81720469E-01       1.15414317E+02       1.16554065E-03       2.01361976E-01       2.42210175E-01       6.79669147E-05       1.51428520E+00       1.22426542E+00       1.16136282E+00
    59.8000       2.81742996E-01       1.15282920E+02       1.16288826E-03       2.00998701E-01       2.42144129E-01       6.75505074E-05       1.51588428E+00       1.22516161E+00       1.16037347E+00
    59.9000       2.81765504E-01       1.15150310E+02       1.16021447E-03       2.00626390E-01       2.42078372E-01       6.71342236E-05       1.51747372E+00       1.22608911E+00       1.15938457E+00
    60.0000       2.81788015E-01       1.15016511E+02       1.15751981E-03       2.00245648E-01       2.42012900E-01       6.67139901E-05       1.51905382E+00       1.22703801E+00       1.15838670E+00
    60.1000       2.81810494E-01       1.14881550E+02       1.15480492E-03       1.99857123E-01       2.41947707E-01       6.62972993E-05       1.52062396E+00       1.22799332E+00       1.15739764E+00
    60.2000       2.81832966E-01       1.14745463E+02       1.15207061E-03       1.99461596E-01       2.41882794E-01       6.58812160E-05       1.52218276E+00       1.22893888E+00       1.15641003E+00
    60.3000       2.81855420E-01       1.14608295E+02       1.14931785E-03       1.99059647E-01       2.41818158E-01       6.54666095E-05       1.52372795E+00       1.22986058E+00       1.15542647E+00
    60.4000       2.81877841E-01       1.14470077E+02       1.14654736E-03       1.98651356E-01       2.41753800E-01       6.50569437E-05       1.52525652E+00       1.23074692E+00       1.15445457E+00
    60.5000       2.81900253E-01       1.14330903E+02       1.14376110E-03       1.98237129E-01       2.41689727E-01       6.46507118E-05       1.52676514E+00       1.23158850E+00       1.15349013E+00
    60.6000       2.81922597E-01       1.14190877E+02       1.14096119E-03       1.97817518E-01       2.41625944E-01       6.42538104E-05       1.52825043E+00       1.23237771E+00       1.15254743E+00
    60.7000       2.81944906E-01       1.14050062E+02       1.13814895E-03       1.97392575E-01       2.41562450E-01       6.38641486E-05       1.52970952E+00       1.23311024E+00       1.15162199E+00
    60.8000       2.81967151E-01       1.13908533E+02       1.13532596E-03       1.96962240E-01       2.41499248E-01       6.34866844E-05       1.53114014E+00       1.23378703E+00       1.15072507E+00
    60.9000       2.81989358E-01       1.13766373E+02       1.13249392E-03       1.96526809E-01       2.41436342E-01       6.31158021E-05       1.53254090E+00       1.23441448E+00       1.14984386E+00
    61.0000       2.82011489E-01       1.13623653E+02       1.12965427E-03       1.96086652E-01       2.41373734E-01       6.27537576E-05       1.53391130E+00       1.23500140E+00       1.14898344E+00
    61.1000       2.82033543E-01       1.13480452E+02       1.12680863E-03       1.95642338E-01       2.41311428E-01       6.23996993E-05       1.53525163E+00       1.23555414E+00       1.14814153E+00
    61.2000       2.82055502E-01       1.13336816E+02       1.12395796E-03       1.95194392E-01       2.41249427E-01       6.20554562E-05       1.53656292E+00       1.23607506E+00       1.14732272E+00
    61.3000       2.82077366E-01       1.13192758E+02       1.12110253E-03       1.94743159E-01       2.41187728E-01       6.17165184E-05       1.53784667E+00       1.23656530E+00       1.14651663E+00
    61.4000       2.82099154E-01       1.13048283E+02       1.11824250E-03       1.94288974E-01       2.41126331E-01       6.13815327E-05       1.53910486E+00       1.23702828E+00       1.14571994E+00
    61.5000       2.82120848E-01       1.12903388E+02       1.11537781E-03       1.93832125E-01       2.41065231E-01       6.10524097E-05       1.54033931E+00       1.23747058E+00       1.14493723E+00
    61.6000       2.82142459E-01       1.12758062E+02       1.11250829E-03       1.93372721E-01       2.41004423E-01       6.07227300E-05       1.54155167E+00       1.23790055E+00       1.14415344E+00
    61.7000       2.82164000E-01       1.12612296E+02       1.10963380E-03       1.92910799E-01       2.40943903E-01       6.03920029E-05       1.54274326E+00       1.23832671E+00       1.14336747E+00
    61.8000       2.82185447E-01       1.12466085E+02       1.10675428E-03       1.92446339E-01       2.40883665E-01       6.00663183E-05       1.54391470E+00       1.23875686E+00       1.14259372E+00
    61.9000       2.82206818E-01       1.12319424E+02       1.10386964E-03       1.91979171E-01       2.40823704E-01       5.97396070E-05       1.54506620E+00       1.23919751E+00       1.14181787E+00
    62.0000       2.82228115E-01       1.12172326E+02       1.10098018E-03       1.91509110E-01       2.40764020E-01       5.94165175E-05       1.54619760E+00       1.23965315E+00       1.14105065E+00
    62.1000       2.82249327E-01       1.12024827E+02       1.09808665E-03       1.91036157E-01       2.40704615E-01       5.90966789E-05       1.54730851E+00       1.24012535E+00       1.14029084E+00
    62.2000       2.82270449E-01       1.11876992E+02       1.09519037E-03       1.90560496E-01       2.40645491E-01       5.87829483E-05       1.54839870E+00       1.24061257E+00       1.13954516E+00
    62.3000       2.82291476E-01       1.11728900E+02       1.09229287E-03       1.90082437E-01       2.40586650E-01       5.84744013E-05       1.54946824E+00       1.24111077E+00       1.13881151E+00
    62.4000       2.82312408E-01       1.11580621E+02       1.08939556E-03       1.89602314E-01       2.40528092E-01       5.81718964E-05       1.55051762E+00       1.24161395E+00       1.13809213E+00
    62.5000       2.82333233E-01       1.11432212E+02       1.08649956E-03       1.89120154E-01       2.40469814E-01       5.78755244E-05       1.55154788E+00       1.24211501E+00       1.13738734E+00
    62.6000       2.82353964E-01       1.11283767E+02       1.08360672E-03       1.88636134E-01       2.40411817E-01       5.75855834E-05       1.55256063E+00       1.24260667E+00       1.13669773E+00
    62.7000       2.82374581E-01       1.11135391E+02       1.08071908E-03       1.88150657E-01       2.40354099E-01       5.73035987E-05       1.55355786E+00       1.24308246E+00       1.13602697E+00
    62.8000       2.82395119E-01       1.10987155E+02       1.07783801E-03       1.87663942E-01       2.40296660E-01       5.70246249E-05       1.55454217E+00       1.24353742E+00       1.13536353E+00
    62.9000       2.82415520E-01       1.10839107E+02       1.07496442E-03       1.87175927E-01       2.40239498E-01       5.67583701E-05       1.55551644E+00       1.24396811E+00       1.13473029E+00
    63.0000       2.82435814E-01       1.10691320E+02       1.07209973E-03       1.86686560E-01       2.40182617E-01       5.64993226E-05       1.55648368E+00       1.24437188E+00       1.13411398E+00
    63.1000       2.82455984E-01       1.10543897E+02       1.06924590E-03       1.86196021E-01       2.40126019E-01       5.62486855E-05       1.55744684E+00       1.24474604E+00       1.13351733E+00
    63.2000       2.82476002E-01       1.10396977E+02       1.06640560E-03       1.85704801E-01       2.40069707E-01       5.60100658E-05       1.55840877E+00       1.24508736E+00       1.13294893E+00
    63.3000       2.82495886E-01       1.10250692E+02       1.06358133E-03       1.85213518E-01       2.40013681E-01       5.57803804E-05       1.55937201E+00       1.24539260E+00       1.13240164E+00
    63.4000       2.82515631E-01       1.10105169E+02       1.06077547E-03       1.84722732E-01       2.39957942E-01       5.55590513E-05       1.56033893E+00       1.24565958E+00       1.13187410E+00
    63.5000       2.82535186E-01       1.09960522E+02       1.05799019E-03       1.84232884E-01       2.39902491E-01       5.53531767E-05       1.56131153E+00       1.24588786E+00       1.13138303E+00
    63.6000       2.82554604E-01       1.09816867E+02       1.05522762E-03       1.83744380E-01       2.39847326E-01       5.51544036E-05       1.56229148E+00       1.24607871E+00       1.13090869E+00
    63.7000       2.82573867E-01       1.09674314E+02       1.05248982E-03       1.83257611E-01       2.39792445E-01       5.49672419E-05       1.56328010E+00       1.24623452E+00       1.13046181E+00
    63.8000       2.82592940E-01       1.09532972E+02       1.04977880E-03       1.82772944E-01       2.39737845E-01       5.47912131E-05       1.56427826E+00       1.24635802E+00       1.13004135E+00
    63.9000       2.82611849E-01       1.09392946E+02       1.04709645E-03       1.82290736E-01       2.39683520E-01       5.46264002E-05       1.56528645E+00       1.24645151E+00       1.12964754E+00
    64.0000       2.82630573E-01       1.09254329E+02       1.04444448E-03       1.81811344E-01       2.39629467E-01       5.44729913E-05       1.56630482E+00       1.24651619E+00       1.12928089E+00
    64.1000       2.82649135E-01       1.09117215E+02       1.04182458E-03       1.81335157E-01       2.39575679E-01       5.43296649E-05       1.56733346E+00       1.24655206E+00       1.12893831E+00
    64.2000       2.82667505E-01       1.08981691E+02       1.03923829E-03       1.80862586E-01       2.39522150E-01       5.41969212E-05       1.56837246E+00       1.24655829E+00       1.12862096E+00
    64.3000       2.82685715E-01       1.08847827E+02       1.03668682E-03       1.80394073E-01       2.39468876E-01       5.40731921E-05       1.56942208E+00       1.24653396E+00       1.12832503E+00
    64.4000       2.82703752E-01       1.08715696E+02       1.03417148E-03       1.79930115E-01       2.39415850E-01       5.39581308E-05       1.57048280E+00       1.24647843E+00       1.12804969E+00
    64.5000       2.82721598E-01       1.08585353E+02       1.03169314E-03       1.79471175E-01       2.39363065E-01       5.38528400E-05       1.57155520E+00       1.24639160E+00       1.12779770E+00
    64.6000       2.82739299E-01       1.08456834E+02       1.02925242E-03       1.79017639E-01       2.39310509E-01       5.37533996E-05       1.57263974E+00       1.24627449E+00       1.12755999E+00
    64.7000       2.82756838E-01       1.08330164E+02       1.02684964E-03       1.78569778E-01       2.39258174E-01       5.36605406E-05       1.57373695E+00       1.24612967E+00       1.12733837E+00
    64.8000       2.82774220E-01       1.08205363E+02       1.02448505E-03       1.78127784E-01       2.39206052E-01       5.35736921E-05       1.57484734E+00       1.24596181E+00       1.12713130E+00
    64.9000       2.82791444E-01       1.08082457E+02       1.02215904E-03       1.77691831E-01       2.39154137E-01       5.34957983E-05       1.57597154E+00       1.24577772E+00       1.12694545E+00
    65.0000       2.82808509E-01       1.07961491E+02       1.01987231E-03       1.77262134E-01       2.39102428E-01       5.34220701E-05       1.57711059E+00       1.24558540E+00       1.12676937E+00
    65.1000       2.82825421E-01       1.07842495E+02       1.01762532E-03       1.76838868E-01       2.39050922E-01       5.33571876E-05       1.57826571E+00       1.24539289E+00       1.12661407E+00
    65.2000       2.82842184E-01       1.07725500E+02       1.01541855E-03       1.76422248E-01       2.38999618E-01       5.32977245E-05       1.57943823E+00       1.24520629E+00       1.12647142E+00
    65.3000       2.82858786E-01       1.07610536E+02       1.01325240E-03       1.76012542E-01       2.38948514E-01       5.32436714E-05       1.58062933E+00       1.24502830E+00       1.12634139E+00
    65.4000       2.82875233E-01       1.07497616E+02       1.01112703E-03       1.75610049E-01       2.38897607E-01       5.31949894E-05       1.58183982E+00       1.24485771E+00       1.12622393E+00
    65.5000       2.82891515E-01       1.07386738E+02       1.00904225E-03       1.75215051E-01       2.38846891E-01       5.31491435E-05       1.58307004E+00       1.24469030E+00       1.12611312E+00
    65.6000       2.82907641E-01       1.07277876E+02       1.00699748E-03       1.74827794E-01       2.38796357E-01       5.31074159E-05       1.58431987E+00       1.24452081E+00       1.12601220E+00
    65.7000       2.82923649E-01       1.07170981E+02       1.00499167E-03       1.74448432E-01       2.38745994E-01       5.30635693E-05       1.58558886E+00       1.24434516E+00       1.12590674E+00
    65.8000       2.82939527E-01       1.07065970E+02       1.00302316E-03       1.74076971E-01       2.38695787E-01       5.30161026E-05       1.58687635E+00       1.24416072E+00       1.12579336E+00
    65.9000       2.82955303E-01       1.06962745E+02       1.00109003E-03       1.73713305E-01       2.38645724E-01       5.29660454E-05       1.58818172E+00       1.24396498E+00       1.12567450E+00
    66.0000       2.82970981E-01       1.06861182E+02       9.99189819E-04       1.73357196E-01       2.38595793E-01       5.29121343E-05       1.58950434E+00       1.24375547E+00       1.12554713E+00
    66.1000       2.82986572E-01       1.06761156E+02       9.97320136E-04       1.73008390E-01       2.38545987E-01       5.28520623E-05       1.59084374E+00       1.24353154E+00       1.12540539E+00
    66.2000       2.83002097E-01       1.06662553E+02       9.95478776E-04       1.72666783E-01       2.38496303E-01       5.27839001E-05       1.59219933E+00       1.24329640E+00       1.12524433E+00
    66.3000       2.83017551E-01       1.06565250E+02       9.93663348E-04       1.72332230E-01       2.38446738E-01       5.27099517E-05       1.59357054E+00       1.24305652E+00       1.12506946E+00
    66.4000       2.83032930E-01       1.06469114E+02       9.91871330E-04       1.72004349E-01       2.38397288E-01       5.26295844E-05       1.59495640E+00       1.24281969E+00       1.12487953E+00
    66.5000       2.83048247E-01       1.06374005E+02       9.90100034E-04       1.71682549E-01       2.38347951E-01       5.25427841E-05       1.59635565E+00       1.24259403E+00       1.12467437E+00
    66.6000       2.83063508E-01       1.06279814E+02       9.88347408E-04       1.71366268E-01       2.38298728E-01       5.24503692E-05       1.59776658E+00       1.24238697E+00       1.12445574E+00
    66.7000       2.83078712E-01       1.06186450E+02       9.86611681E-04       1.71055071E-01       2.38249621E-01       5.23526766E-05       1.59918720E+00       1.24220444E+00       1.12422441E+00
    66.8000       2.83093863E-01       1.06093853E+02       9.84891745E-04       1.70748613E-01       2.38200634E-01       5.22480885E-05       1.60061540E+00       1.24205012E+00       1.12397642E+00
    66.9000       2.83108957E-01       1.06001960E+02       9.83186359E-04       1.70446447E-01       2.38151771E-01       5.21403650E-05       1.60204901E+00       1.24192498E+00       1.12372061E+00
    67.0000       2.83123975E-01       1.05910707E+02       9.81494308E-04       1.70147993E-01       2.38103034E-01       5.20282477E-05       1.60348603E+00       1.24182741E+00       1.12345412E+00
    67.1000       2.83138946E-01       1.05820030E+02       9.79814385E-04       1.69852613E-01       2.38054427E-01       5.19124104E-05       1.60492466E+00       1.24175404E+00       1.12317871E+00
    67.2000       2.83153838E-01       1.05729870E+02       9.78145478E-04       1.69559702E-01       2.38005948E-01       5.17943014E-05       1.60636338E+00       1.24170129E+00       1.12289785E+00
    67.3000       2.83168673E-01       1.05640187E+02       9.76486798E-04       1.69268787E-01       2.37957601E-01       5.16717309E-05       1.60780087E+00       1.24166561E+00       1.12260639E+00
    67.4000       2.83183460E-01       1.05550940E+02       9.74837587E-04       1.68979463E-01       2.37909385E-01       5.15478141E-05       1.60923593E+00       1.24164317E+00       1.12231180E+00
    67.5000       2.83198162E-01       1.05462117E+02       9.73197591E-04       1.68691421E-01       2.37861304E-01       5.14245332E-05       1.61066744E+00       1.24162934E+00       1.12201871E+00
    67.6000       2.83212797E-01       1.05373725E+02       9.71566920E-04       1.68404477E-01       2.37813360E-01       5.13020790E-05       1.61209438E+00       1.24161920E+00       1.12172750E+00
    67.7000       2.83227362E-01       1.05285794E+02       9.69946108E-04       1.68118592E-01       2.37765558E-01       5.11784987E-05       1.61351563E+00       1.24160842E+00       1.12143352E+00
    67.8000       2.83241852E-01       1.05198360E+02       9.68335802E-04       1.67833841E-01       2.37717900E-01       5.10547056E-05       1.61493018E+00       1.24159384E+00       1.12113894E+00
    67.9000       2.83256244E-01       1.05111468E+02       9.66736805E-04       1.67550379E-01       2.37670390E-01       5.09352518E-05       1.61633705E+00       1.24157347E+00       1.12085453E+00
    68.0000       2.83270548E-01       1.05025154E+02       9.65149767E-04       1.67268402E-01       2.37623029E-01       5.08177374E-05       1.61773538E+00       1.24154672E+00       1.12057461E+00
    68.1000       2.83284766E-01       1.04939453E+02       9.63575278E-04       1.66988080E-01       2.37575819E-01       5.06995710E-05       1.61912454E+00       1.24151412E+00       1.12029313E+00
    68.2000       2.83298873E-01       1.04854390E+02       9.62013769E-04       1.66709488E-01       2.37528761E-01       5.05861380E-05       1.62050418E+00       1.24147638E+00       1.12002291E+00
    68.3000       2.83312896E-01       1.04769987E+02       9.60465636E-04       1.66432606E-01       2.37481855E-01       5.04747350E-05       1.62187421E+00       1.24143375E+00       1.11975756E+00
    68.4000       2.83326809E-01       1.04686283E+02       9.58931563E-04       1.66157427E-01       2.37435103E-01       5.03667803E-05       1.62323493E+00       1.24138625E+00       1.11950025E+00
    68.5000       2.83340623E-01       1.04603345E+02       9.57412732E-04       1.65884024E-01       2.37388507E-01       5.02618301E-05       1.62458690E+00       1.24133475E+00       1.11924985E+00
    68.6000       2.83354327E-01       1.04521231E+02       9.55910184E-04       1.65612493E-01       2.37342068E-01       5.01627862E-05       1.62593086E+00       1.24128235E+00       1.11901327E+00
    68.7000       2.83367919E-01       1.04440009E+02       9.54425109E-04       1.65342942E-01       2.37295787E-01       5.00661866E-05       1.62726774E+00       1.24123467E+00       1.11878246E+00
    68.8000       2.83381392E-01       1.04359736E+02       9.52958524E-04       1.65075494E-01       2.37249664E-01       4.99767715E-05       1.62859857E+00       1.24119856E+00       1.11856864E+00
    68.9000       2.83394745E-01       1.04280476E+02       9.51511539E-04       1.64810315E-01       2.37203697E-01       4.98914548E-05       1.62992425E+00       1.24118063E+00       1.11836453E+00
    69.0000       2.83407962E-01       1.04202275E+02       9.50084983E-04       1.64547588E-01       2.37157885E-01       4.98123021E-05       1.63124578E+00       1.24118630E+00       1.11817504E+00
    69.1000       2.83421052E-01       1.04125188E+02       9.48679785E-04       1.64287502E-01       2.37112227E-01       4.97371780E-05       1.63256391E+00       1.24122055E+00       1.11799514E+00
    69.2000       2.83433997E-01       1.04049249E+02       9.47296551E-04       1.64030223E-01       2.37066720E-01       4.96681118E-05       1.63387926E+00       1.24128887E+00       1.11782964E+00
    69.3000       2.83446823E-01       1.03974503E+02       9.45936004E-04       1.63775919E-01       2.37021360E-01       4.96036389E-05       1.63519222E+00       1.24139692E+00       1.11767513E+00
    69.4000       2.83459521E-01       1.03900971E+02       9.44598526E-04       1.63524717E-01       2.36976145E-01       4.95429098E-05       1.63650281E+00       1.24154850E+00       1.11752963E+00
    69.5000       2.83472086E-01       1.03828689E+02       9.43284715E-04       1.63276735E-01       2.36931070E-01       4.94859378E-05       1.63781074E+00       1.24174287E+00       1.11739322E+00
    69.6000       2.83484505E-01       1.03757690E+02       9.41995088E-04       1.63032060E-01       2.36886131E-01       4.94366842E-05       1.63911548E+00       1.24197469E+00       1.11727526E+00
    69.7000       2.83496820E-01       1.03688007E+02       9.40730243E-04       1.62790780E-01       2.36841327E-01       4.93885159E-05       1.64041616E+00       1.24223708E+00       1.11715992E+00
    69.8000       2.83508988E-01       1.03619683E+02       9.39490883E-04       1.62553006E-01       2.36796656E-01       4.93490439E-05       1.64171164E+00       1.24252570E+00       1.11706511E+00
    69.9000       2.83521025E-01       1.03552759E+02       9.38277713E-04       1.62318845E-01       2.36752116E-01       4.93124401E-05       1.64300059E+00       1.24284013E+00       1.11697703E+00
    70.0000       2.83532938E-01       1.03487275E+02       9.37091414E-04       1.62088375E-01       2.36707705E-01       4.92815698E-05       1.64428163E+00       1.24318150E+00       1.11690252E+00
    70.1000       2.83544713E-01       1.03423259E+02       9.35932420E-04       1.61861639E-01       2.36663420E-01       4.92558711E-05       1.64555336E+00       1.24354998E+00       1.11684028E+00
    70.2000       2.83556360E-01       1.03360738E+02       9.34801181E-04       1.61638671E-01       2.36619261E-01       4.92365653E-05       1.64681449E+00       1.24394439E+00       1.11679319E+00
    70.3000       2.83567860E-01       1.03299732E+02       9.33698028E-04       1.61419510E-01       2.36575224E-01       4.92225724E-05       1.64806404E+00       1.24436283E+00       1.11675871E+00
    70.4000       2.83579235E-01       1.03240253E+02       9.32623108E-04       1.61204194E-01       2.36531307E-01       4.92133260E-05       1.64930107E+00       1.24480322E+00       1.11673548E+00
    70.5000       2.83590467E-01       1.03182305E+02       9.31576447E-04       1.60992795E-01       2.36487509E-01       4.92085950E-05       1.65052498E+00       1.24526340E+00       1.11672297E+00
    70.6000       2.83601566E-01       1.03125890E+02       9.30558059E-04       1.60785443E-01       2.36443826E-01       4.92090391E-05       1.65173529E+00       1.24574185E+00       1.11672269E+00
    70.7000       2.83612534E-01       1.03071006E+02       9.29567822E-04       1.60582331E-01       2.36400255E-01       4.92110359E-05       1.65293158E+00       1.24623790E+00       1.11672608E+00
    70.8000       2.83623361E-01       1.03017624E+02       9.28605199E-04       1.60383653E-01       2.36356787E-01       4.92173565E-05       1.65411349E+00       1.24675096E+00       1.11673993E+00
    70.9000       2.83634058E-01       1.02965702E+02       9.27669377E-04       1.60189520E-01       2.36313414E-01       4.92238751E-05       1.65528067E+00       1.24727950E+00       1.11675484E+00
    71.0000       2.83644653E-01       1.02915180E+02       9.26759249E-04       1.59999935E-01       2.36270125E-01       4.92286335E-05       1.65643281E+00       1.24782118E+00       1.11676620E+00
    71.1000       2.83655143E-01       1.02865999E+02       9.25873707E-04       1.59814863E-01       2.36226911E-01       4.92329160E-05       1.65756962E+00       1.24837389E+00       1.11677678E+00
    71.2000       2.83665527E-01       1.02818101E+02       9.25011658E-04       1.59634283E-01       2.36183769E-01       4.92382285E-05       1.65869083E+00       1.24893643E+00       1.11678984E+00
    71.3000       2.83675811E-01       1.02771424E+02       9.24171982E-04       1.59458133E-01       2.36140696E-01       4.92414167E-05       1.65979631E+00       1.24950831E+00       1.11679802E+00
    71.4000       2.83686010E-01       1.02725900E+02       9.23353421E-04       1.59286170E-01       2.36097688E-01       4.92451797E-05       1.66088596E+00       1.25008945E+00       1.11680762E+00
    71.5000       2.83696111E-01       1.02681495E+02       9.22555329E-04       1.59118216E-01       2.36054748E-01       4.92500731E-05       1.66195971E+00       1.25067949E+00       1.11681939E+00
    71.6000       2.83706116E-01       1.02638199E+02       9.21777488E-04       1.58954380E-01       2.36011874E-01       4.92551141E-05       1.66301770E+00       1.25127753E+00       1.11683124E+00
    71.7000       2.83716034E-01       1.02595983E+02       9.21019375E-04       1.58794638E-01       2.35969063E-01       4.92604193E-05       1.66406012E+00       1.25188205E+00       1.11684385E+00
    71.8000       2.83725854E-01       1.02554832E+02       9.20280680E-04       1.58638910E-01       2.35926310E-01       4.92682467E-05       1.66508745E+00       1.25249067E+00       1.11686252E+00
    71.9000       2.83735602E-01       1.02514762E+02       9.19561682E-04       1.58487408E-01       2.35883611E-01       4.92766091E-05       1.66610042E+00       1.25310022E+00       1.11688254E+00
    72.0000       2.83745270E-01       1.02475755E+02       9.18862032E-04       1.58340187E-01       2.35840960E-01       4.92843128E-05       1.66710026E+00       1.25370668E+00       1.11690127E+00
    72.1000       2.83754874E-01       1.02437763E+02       9.18180841E-04       1.58196929E-01       2.35798355E-01       4.92931341E-05       1.66808862E+00       1.25430560E+00       1.11692284E+00
    72.2000       2.83764406E-01       1.02400754E+02       9.17517511E-04       1.58057178E-01       2.35755794E-01       4.93043320E-05       1.66906770E+00       1.25489288E+00       1.11695009E+00
    72.3000       2.83773854E-01       1.02364749E+02       9.16872402E-04       1.57920656E-01       2.35713279E-01       4.93192893E-05       1.67004025E+00       1.25546482E+00       1.11698593E+00
    72.4000       2.83783221E-01       1.02329811E+02       9.16246640E-04       1.57787379E-01       2.35670816E-01       4.93385297E-05       1.67100936E+00       1.25601808E+00       1.11703142E+00
    72.5000       2.83792492E-01       1.02296012E+02       9.15641487E-04       1.57657517E-01       2.35628408E-01       4.93630519E-05       1.67197850E+00       1.25654994E+00       1.11708906E+00
    72.6000       2.83801654E-01       1.02263417E+02       9.15058069E-04       1.57531187E-01       2.35586055E-01       4.93930888E-05       1.67295133E+00       1.25705868E+00       1.11715962E+00
    72.7000       2.83810713E-01       1.02232082E+02       9.14497376E-04       1.57408404E-01       2.35543758E-01       4.94294585E-05       1.67393165E+00       1.25754401E+00       1.11724510E+00
    72.8000       2.83819669E-01       1.02202066E+02       9.13960443E-04       1.57289169E-01       2.35501518E-01       4.94726130E-05       1.67492322E+00       1.25800678E+00       1.11734652E+00
    72.9000       2.83828494E-01       1.02173449E+02       9.13448690E-04       1.57173581E-01       2.35459337E-01       4.95245541E-05       1.67592950E+00       1.25844848E+00       1.11746863E+00
    73.0000       2.83837195E-01       1.02146312E+02       9.12963548E-04       1.57061808E-01       2.35417212E-01       4.95840955E-05       1.67695377E+00       1.25887067E+00       1.11760869E+00
    73.1000       2.83845785E-01       1.02120734E+02       9.12506374E-04       1.56954028E-01       2.35375145E-01       4.96501979E-05       1.67799886E+00       1.25927359E+00       1.11776428E+00
    73.2000       2.83854229E-01       1.02096785E+02       9.12078425E-04       1.56850405E-01       2.35333134E-01       4.97251554E-05       1.67906714E+00       1.25965492E+00       1.11794085E+00
    73.3000       2.83862550E-01       1.02074531E+02       9.11680873E-04       1.56751094E-01       2.35291176E-01       4.98094326E-05       1.68016048E+00       1.26000930E+00       1.11813951E+00
    73.4000       2.83870731E-01       1.02054045E+02       9.11314961E-04       1.56656269E-01       2.35249270E-01       4.99002649E-05       1.68128015E+00       1.26032930E+00       1.11835373E+00
    73.5000       2.83878768E-01       1.02035386E+02       9.10981748E-04       1.56566136E-01       2.35207414E-01       5.00006349E-05       1.68242700E+00       1.26060683E+00       1.11859057E+00
    73.6000       2.83886662E-01       1.02018625E+02       9.10682491E-04       1.56480957E-01       2.35165605E-01       5.01086713E-05       1.68360134E+00       1.26083443E+00       1.11884558E+00
    73.7000       2.83894431E-01       1.02003824E+02       9.10418266E-04       1.56401026E-01       2.35123839E-01       5.02238200E-05       1.68480287E+00       1.26100682E+00       1.11911742E+00
    73.8000       2.83902052E-01       1.01991038E+02       9.10190029E-04       1.56326657E-01       2.35082112E-01       5.03465145E-05       1.68603071E+00       1.26112171E+00       1.11940716E+00
    73.9000       2.83909539E-01       1.01980303E+02       9.09998436E-04       1.56258152E-01       2.35040420E-01       5.04755904E-05       1.68728343E+00       1.26117952E+00       1.11971209E+00
    74.0000       2.83916888E-01       1.01971644E+02       9.09843907E-04       1.56195790E-01       2.34998757E-01       5.06100712E-05       1.68855895E+00       1.26118225E+00       1.12002998E+00
    74.1000       2.83924096E-01       1.01965070E+02       9.09726601E-04       1.56139811E-01       2.34957114E-01       5.07506365E-05       1.68985450E+00       1.26113283E+00       1.12036250E+00
    74.2000       2.83931185E-01       1.01960577E+02       9.09646432E-04       1.56090431E-01       2.34915485E-01       5.08949408E-05       1.69116684E+00       1.26103516E+00       1.12070413E+00
    74.3000       2.83938155E-01       1.01958146E+02       9.09603063E-04       1.56047853E-01       2.34873863E-01       5.10410004E-05       1.69249232E+00       1.26089436E+00       1.12105018E+00
    74.4000       2.83945011E-01       1.01957747E+02       9.09595937E-04       1.56012270E-01       2.34832239E-01       5.11899888E-05       1.69382699E+00       1.26071655E+00       1.12140342E+00
    74.5000       2.83951753E-01       1.01959333E+02       9.09624231E-04       1.55983875E-01       2.34790609E-01       5.13392383E-05       1.69516690E+00       1.26050848E+00       1.12175756E+00
    74.6000       2.83958384E-01       1.01962845E+02       9.09686912E-04       1.55962858E-01       2.34748964E-01       5.14891482E-05       1.69650822E+00       1.26027813E+00       1.12211352E+00
    74.7000       2.83964927E-01       1.01968214E+02       9.09782701E-04       1.55949421E-01       2.34707302E-01       5.16367474E-05       1.69784738E+00       1.26003525E+00       1.12246419E+00
    74.8000       2.83971377E-01       1.01975348E+02       9.09910019E-04       1.55943791E-01       2.34665616E-01       5.17808383E-05       1.69918123E+00       1.25979038E+00       1.12280655E+00
    74.9000       2.83977739E-01       1.01984150E+02       9.10067100E-04       1.55946174E-01       2.34623902E-01       5.19206751E-05       1.70050698E+00       1.25955348E+00       1.12313881E+00
    75.0000       2.83984009E-01       1.01994500E+02       9.10251835E-04       1.55956632E-01       2.34582151E-01       5.20546702E-05       1.70182223E+00       1.25933265E+00       1.12345746E+00
    75.1000       2.83990205E-01       1.02006255E+02       9.10461655E-04       1.55974993E-01       2.34540353E-01       5.21809054E-05       1.70312504E+00       1.25913386E+00       1.12375827E+00
    75.2000       2.83996362E-01       1.02019261E+02       9.10693833E-04       1.56000856E-01       2.34498497E-01       5.22981995E-05       1.70441391E+00       1.25896139E+00       1.12403863E+00
    75.3000       2.84002471E-01       1.02033363E+02       9.10945623E-04       1.56033690E-01       2.34456575E-01       5.24065629E-05       1.70568759E+00       1.25881861E+00       1.12429823E+00
    75.4000       2.84008544E-01       1.02048447E+02       9.11214982E-04       1.56073048E-01       2.34414588E-01       5.25081806E-05       1.70694531E+00       1.25870828E+00       1.12454166E+00
    75.5000       2.84014575E-01       1.02064408E+02       9.11500050E-04       1.56118519E-01       2.34372539E-01       5.26032728E-05       1.70818681E+00       1.25863235E+00       1.12476921E+00
    75.6000       2.84020572E-01       1.02081164E+02       9.11799351E-04       1.56169554E-01       2.34330432E-01       5.26925782E-05       1.70941216E+00       1.25859187E+00       1.12498271E+00
    75.7000       2.84026512E-01       1.02098638E+02       9.12111548E-04       1.56225559E-01       2.34288273E-01       5.27789893E-05       1.71062205E+00       1.25858661E+00       1.12518890E+00
    75.8000       2.84032407E-01       1.02116791E+02       9.12435921E-04       1.56286137E-01       2.34246068E-01       5.28625647E-05       1.71181744E+00       1.25861502E+00       1.12538787E+00
    75.9000       2.84038254E-01       1.02135591E+02       9.12771908E-04       1.56351007E-01       2.34203825E-01       5.29441894E-05       1.71299980E+00       1.25867480E+00       1.12558169E+00
    76.0000       2.84044032E-01       1.02155018E+02       9.13119181E-04       1.56420046E-01       2.34161545E-01       5.30232875E-05       1.71417070E+00       1.25876341E+00       1.12576918E+00
    76.1000       2.84049771E-01       1.02175051E+02       9.13477346E-04       1.56493237E-01       2.34119228E-01       5.30988897E-05       1.71533180E+00       1.25887845E+00       1.12594844E+00
    76.2000       2.84055464E-01       1.02195640E+02       9.13845519E-04       1.56570402E-01       2.34076868E-01       5.31715062E-05       1.71648465E+00       1.25901778E+00       1.12612120E+00
    76.3000       2.84061112E-01       1.02216718E+02       9.14222518E-04       1.56651129E-01       2.34034462E-01       5.32403705E-05       1.71763079E+00       1.25917953E+00       1.12628562E+00
    76.4000       2.84066729E-01       1.02238248E+02       9.14607686E-04       1.56734986E-01       2.33992006E-01       5.33056112E-05       1.71877135E+00       1.25936225E+00       1.12644153E+00
    76.5000       2.84072326E-01       1.02260213E+02       9.15000722E-04       1.56821685E-01       2.33949505E-01       5.33667598E-05       1.71990736E+00       1.25956507E+00       1.12658763E+00
    76.6000       2.84077883E-01       1.02282616E+02       9.15401685E-04       1.56910998E-01       2.33906961E-01       5.34250014E-05       1.72103975E+00       1.25978758E+00       1.12672665E+00
    76.7000       2.84083399E-01       1.02305474E+02       9.15810885E-04       1.57002710E-01       2.33864379E-01       5.34833960E-05       1.72216920E+00       1.26002956E+00       1.12686566E+00
    76.8000       2.84088861E-01       1.02328789E+02       9.16228340E-04       1.57096583E-01       2.33821763E-01       5.35420843E-05       1.72329651E+00       1.26029082E+00       1.12700506E+00
    76.9000       2.84094283E-01       1.02352576E+02       9.16654365E-04       1.57192354E-01       2.33779116E-01       5.35992778E-05       1.72442223E+00       1.26057112E+00       1.12714080E+00
    77.0000       2.84099664E-01       1.02376841E+02       9.17089034E-04       1.57289725E-01       2.33736442E-01       5.36578986E-05       1.72554708E+00       1.26087033E+00       1.12727990E+00
    77.1000       2.84104977E-01       1.02401600E+02       9.17532663E-04       1.57388444E-01       2.33693743E-01       5.37184948E-05       1.72667175E+00       1.26118840E+00       1.12742357E+00
    77.2000       2.84110255E-01       1.02426874E+02       9.17985640E-04       1.57488409E-01       2.33651023E-01       5.37785639E-05       1.72779692E+00       1.26152547E+00       1.12756578E+00
    77.3000       2.84115450E-01       1.02452719E+02       9.18448960E-04       1.57589759E-01       2.33608286E-01       5.38418716E-05       1.72892317E+00       1.26188155E+00       1.12771551E+00
    77.4000       2.84120584E-01       1.02479163E+02       9.18923148E-04       1.57692671E-01       2.33565533E-01       5.39071586E-05       1.73005102E+00       1.26225653E+00       1.12786992E+00
    77.5000       2.84125643E-01       1.02506225E+02       9.19408535E-04       1.57797256E-01       2.33522765E-01       5.39749989E-05       1.73118059E+00       1.26265017E+00       1.12803037E+00
    77.6000       2.84130650E-01       1.02533921E+02       9.19905436E-04       1.57903669E-01       2.33479985E-01       5.40409334E-05       1.73231188E+00       1.26306189E+00       1.12818617E+00
    77.7000       2.84135559E-01       1.02562280E+02       9.20414356E-04       1.58012176E-01       2.33437190E-01       5.41115037E-05       1.73344445E+00       1.26349074E+00       1.12835295E+00
    77.8000       2.84140410E-01       1.02591308E+02       9.20935450E-04       1.58123004E-01       2.33394380E-01       5.41788622E-05       1.73457772E+00       1.26393533E+00       1.12851225E+00
    77.9000       2.84145193E-01       1.02621003E+02       9.21468649E-04       1.58236267E-01       2.33351552E-01       5.42488467E-05       1.73571090E+00       1.26439415E+00       1.12867794E+00
    78.0000       2.84149893E-01       1.02651363E+02       9.22013947E-04       1.58352054E-01       2.33308705E-01       5.43204270E-05       1.73684310E+00       1.26486566E+00       1.12884747E+00
    78.1000       2.84154514E-01       1.02682393E+02       9.22571468E-04       1.58470457E-01       2.33265837E-01       5.43932992E-05       1.73797366E+00       1.26534842E+00       1.12902015E+00
    78.2000       2.84159093E-01       1.02714098E+02       9.23141270E-04       1.58591509E-01       2.33222947E-01       5.44645128E-05       1.73910209E+00       1.26584104E+00       1.12918899E+00
    78.3000       2.84163584E-01       1.02746478E+02       9.23723381E-04       1.58715204E-01       2.33180035E-01       5.45380965E-05       1.74022823E+00       1.26634203E+00       1.12936346E+00
    78.4000       2.84168022E-01       1.02779556E+02       9.24318256E-04       1.58841604E-01       2.33137100E-01       5.46132910E-05       1.74135230E+00       1.26684953E+00       1.12954168E+00
    78.5000       2.84172377E-01       1.02813358E+02       9.24926329E-04       1.58970781E-01       2.33094143E-01       5.46880263E-05       1.74247495E+00       1.26736159E+00       1.12971875E+00
    78.6000       2.84176665E-01       1.02847892E+02       9.25547783E-04       1.59102763E-01       2.33051164E-01       5.47663693E-05       1.74359719E+00       1.26787614E+00       1.12990432E+00
    78.7000       2.84180866E-01       1.02883176E+02       9.26182942E-04       1.59237565E-01       2.33008163E-01       5.48471881E-05       1.74472043E+00       1.26839139E+00       1.13009572E+00
    78.8000       2.84185009E-01       1.02919215E+02       9.26831928E-04       1.59375168E-01       2.32965137E-01       5.49281705E-05       1.74584633E+00       1.26890604E+00       1.13028751E+00
    78.9000       2.84189064E-01       1.02956020E+02       9.27494930E-04       1.59515553E-01       2.32922087E-01       5.50129527E-05       1.74697680E+00       1.26941941E+00       1.13048831E+00
    79.0000       2.84193059E-01       1.02993601E+02       9.28172156E-04       1.59658684E-01       2.32879011E-01       5.50999302E-05       1.74811384E+00       1.26993185E+00       1.13069438E+00
    79.1000       2.84196973E-01       1.03031965E+02       9.28863756E-04       1.59804521E-01       2.32835908E-01       5.51892900E-05       1.74925954E+00       1.27044454E+00       1.13090613E+00
    79.2000       2.84200823E-01       1.03071134E+02       9.29570137E-04       1.59953051E-01       2.32792779E-01       5.52815022E-05       1.75041584E+00       1.27095963E+00       1.13112463E+00
    79.3000       2.84204586E-01       1.03111138E+02       9.30291842E-04       1.60104305E-01       2.32749623E-01       5.53789930E-05       1.75158465E+00       1.27147992E+00       1.13135556E+00
    79.4000       2.84208268E-01       1.03152011E+02       9.31029517E-04       1.60258352E-01       2.32706442E-01       5.54805692E-05       1.75276760E+00       1.27200869E+00       1.13159608E+00
    79.5000       2.84211879E-01       1.03193791E+02       9.31783869E-04       1.60415305E-01       2.32663236E-01       5.55849206E-05       1.75396603E+00       1.27254933E+00       1.13184311E+00
    79.6000       2.84215402E-01       1.03236511E+02       9.32555514E-04       1.60575289E-01       2.32620004E-01       5.56962607E-05       1.75518086E+00       1.27310519E+00       1.13210667E+00
    79.7000       2.84218853E-01       1.03280212E+02       9.33345193E-04       1.60738449E-01       2.32576745E-01       5.58102018E-05       1.75641249E+00       1.27367953E+00       1.13237639E+00
    79.8000       2.84222224E-01       1.03324921E+02       9.34153434E-04       1.60904921E-01       2.32533457E-01       5.59279933E-05       1.75766065E+00       1.27427543E+00       1.13265527E+00
    79.9000       2.84225501E-01       1.03370676E+02       9.34980965E-04       1.61074857E-01       2.32490139E-01       5.60518785E-05       1.75892455E+00       1.27489579E+00       1.13294862E+00
    80.0000       2.84228724E-01       1.03417506E+02       9.35828298E-04       1.61248396E-01       2.32446788E-01       5.61781961E-05       1.76020291E+00       1.27554357E+00       1.13324780E+00
    80.1000       2.84231850E-01       1.03465441E+02       9.36696038E-04       1.61425674E-01       2.32403402E-01       5.63087705E-05       1.76149410E+00       1.27622186E+00       1.13355717E+00
    80.2000       2.84234907E-01       1.03514515E+02       9.37584789E-04       1.61606820E-01       2.32359977E-01       5.64444542E-05       1.76279617E+00       1.27693392E+00       1.13387874E+00
    80.3000       2.84237883E-01       1.03564754E+02       9.38495090E-04       1.61791958E-01       2.32316512E-01       5.65840881E-05       1.76410717E+00       1.27768346E+00       1.13420978E+00
    80.4000       2.84240776E-01       1.03616205E+02       9.39427820E-04       1.61981230E-01       2.32273006E-01       5.67285049E-05       1.76542529E+00       1.27847476E+00       1.13455220E+00
    80.5000       2.84243594E-01       1.03668902E+02       9.40383605E-04       1.62174775E-01       2.32229456E-01       5.68789082E-05       1.76674889E+00       1.27931311E+00       1.13490880E+00
    80.6000       2.84246327E-01       1.03722892E+02       9.41363349E-04       1.62372753E-01       2.32185863E-01       5.70334613E-05       1.76807666E+00       1.28020461E+00       1.13527522E+00
    80.7000       2.84248974E-01       1.03778223E+02       9.42367968E-04       1.62575346E-01       2.32142225E-01       5.71924696E-05       1.76940770E+00       1.28115602E+00       1.13565213E+00
    80.8000       2.84251538E-01       1.03834942E+02       9.43398331E-04       1.62782732E-01       2.32098544E-01       5.73582144E-05       1.77074140E+00       1.28217382E+00       1.13604497E+00
    80.9000       2.84254016E-01       1.03893108E+02       9.44455568E-04       1.62995121E-01       2.32054817E-01       5.75283799E-05       1.77207734E+00       1.28326293E+00       1.13644824E+00
    81.0000       2.84256405E-01       1.03952772E+02       9.45540642E-04       1.63212719E-01       2.32011045E-01       5.77034058E-05       1.77341525E+00       1.28442545E+00       1.13686299E+00
    81.1000       2.84258693E-01       1.04013980E+02       9.46654452E-04       1.63435737E-01       2.31967228E-01       5.78866615E-05       1.77475484E+00       1.28565987E+00       1.13729719E+00
    81.2000       2.84260896E-01       1.04076795E+02       9.47798186E-04       1.63664417E-01       2.31923363E-01       5.80737729E-05       1.77609552E+00       1.28696121E+00       1.13774051E+00
    81.3000       2.84263004E-01       1.04141274E+02       9.48972931E-04       1.63899005E-01       2.31879452E-01       5.82651539E-05       1.77743659E+00       1.28832220E+00       1.13819393E+00
    81.4000       2.84264992E-01       1.04207472E+02       9.50179750E-04       1.64139745E-01       2.31835493E-01       5.84663726E-05       1.77877706E+00       1.28973534E+00       1.13867063E+00
    81.5000       2.84266910E-01       1.04275441E+02       9.51419660E-04       1.64386890E-01       2.31791485E-01       5.86712320E-05       1.78011568E+00       1.29119452E+00       1.13915594E+00
    81.6000       2.84268724E-01       1.04345235E+02       9.52693699E-04       1.64640704E-01       2.31747429E-01       5.88797139E-05       1.78145112E+00       1.29269611E+00       1.13964979E+00
    81.7000       2.84270415E-01       1.04416907E+02       9.54002910E-04       1.64901465E-01       2.31703322E-01       5.90962385E-05       1.78278181E+00       1.29423893E+00       1.14016265E+00
    81.8000       2.84272015E-01       1.04490511E+02       9.55348346E-04       1.65169459E-01       2.31659164E-01       5.93166571E-05       1.78410610E+00       1.29582349E+00       1.14068472E+00
    81.9000       2.84273497E-01       1.04566086E+02       9.56730814E-04       1.65444947E-01       2.31614952E-01       5.95444882E-05       1.78542207E+00       1.29745043E+00       1.14122434E+00
    82.0000       2.84274886E-01       1.04643674E+02       9.58151125E-04       1.65728183E-01       2.31570686E-01       5.97744271E-05       1.78672760E+00       1.29911851E+00       1.14176897E+00
    82.1000       2.84276154E-01       1.04723308E+02       9.59609978E-04       1.66019404E-01       2.31526363E-01       6.00095314E-05       1.78802036E+00       1.30082356E+00       1.14232584E+00
    82.2000       2.84277336E-01       1.04805015E+02       9.61107975E-04       1.66318836E-01       2.31481979E-01       6.02462962E-05       1.78929782E+00       1.30255866E+00       1.14288665E+00
    82.3000       2.84278395E-01       1.04888810E+02       9.62645460E-04       1.66626677E-01       2.31437533E-01       6.04898129E-05       1.79055719E+00       1.30431551E+00       1.14346348E+00
    82.4000       2.84279390E-01       1.04974700E+02       9.64222672E-04       1.66943085E-01       2.31393021E-01       6.07315692E-05       1.79179564E+00       1.30608610E+00       1.14403618E+00
    82.5000       2.84280275E-01       1.05062682E+02       9.65839632E-04       1.67268174E-01       2.31348438E-01       6.09746166E-05       1.79301020E+00       1.30786399E+00       1.14461201E+00
    82.6000       2.84281075E-01       1.05152751E+02       9.67496334E-04       1.67602019E-01       2.31303780E-01       6.12188568E-05       1.79419804E+00       1.30964431E+00       1.14519076E+00
    82.7000       2.84281797E-01       1.05244882E+02       9.69192446E-04       1.67944635E-01       2.31259043E-01       6.14640213E-05       1.79535636E+00       1.31142325E+00       1.14577182E+00
    82.8000       2.84282431E-01       1.05339050E+02       9.70927604E-04       1.68296004E-01       2.31214222E-01       6.17113068E-05       1.79648269E+00       1.31319727E+00       1.14635802E+00
    82.9000       2.84282997E-01       1.05435217E+02       9.72701192E-04       1.68656067E-01       2.31169312E-01       6.19554087E-05       1.79757477E+00       1.31496269E+00       1.14693678E+00
    83.0000       2.84283511E-01       1.05533346E+02       9.74512621E-04       1.69024757E-01       2.31124310E-01       6.21999032E-05       1.79863056E+00       1.31671582E+00       1.14751652E+00
    83.1000       2.84283936E-01       1.05633390E+02       9.76361139E-04       1.69401980E-01       2.31079211E-01       6.24440489E-05       1.79964825E+00       1.31845309E+00       1.14809549E+00
    83.2000       2.84284344E-01       1.05735284E+02       9.78245648E-04       1.69787604E-01       2.31034012E-01       6.26816924E-05       1.80062635E+00       1.32017132E+00       1.14865913E+00
    83.3000       2.84284674E-01       1.05838967E+02       9.80165114E-04       1.70181465E-01       2.30988708E-01       6.29202595E-05       1.80156339E+00       1.32186749E+00       1.14922500E+00
    83.4000       2.84284971E-01       1.05944360E+02       9.82118147E-04       1.70583340E-01       2.30943296E-01       6.31558012E-05       1.80245806E+00       1.32353840E+00       1.14978376E+00
    83.5000       2.84285225E-01       1.06051378E+02       9.84103292E-04       1.70992931E-01       2.30897772E-01       6.33888559E-05       1.80330904E+00       1.32518059E+00       1.15033673E+00
    83.6000       2.84285454E-01       1.06159926E+02       9.86118863E-04       1.71409875E-01       2.30852131E-01       6.36184055E-05       1.80411499E+00       1.32679077E+00       1.15088150E+00
    83.7000       2.84285639E-01       1.06269910E+02       9.88163209E-04       1.71833755E-01       2.30806369E-01       6.38455140E-05       1.80487467E+00       1.32836587E+00       1.15142063E+00
    83.8000       2.84285805E-01       1.06381236E+02       9.90234644E-04       1.72264112E-01       2.30760482E-01       6.40690787E-05       1.80558677E+00       1.32990331E+00       1.15195149E+00
    83.9000       2.84285968E-01       1.06493815E+02       9.92331597E-04       1.72700473E-01       2.30714470E-01       6.42901178E-05       1.80625014E+00       1.33140079E+00       1.15247645E+00
    84.0000       2.84286103E-01       1.06607559E+02       9.94452527E-04       1.73142370E-01       2.30668328E-01       6.45074039E-05       1.80686367E+00       1.33285622E+00       1.15299258E+00
    84.1000       2.84286234E-01       1.06722390E+02       9.96596003E-04       1.73589334E-01       2.30622058E-01       6.47221723E-05       1.80742639E+00       1.33426735E+00       1.15350277E+00
    84.2000       2.84286362E-01       1.06838228E+02       9.98760613E-04       1.74040905E-01       2.30575656E-01       6.49350804E-05       1.80793751E+00       1.33563193E+00       1.15400856E+00
    84.3000       2.84286469E-01       1.06954998E+02       1.00094501E-03       1.74496642E-01       2.30529124E-01       6.51484742E-05       1.80839644E+00       1.33694724E+00       1.15451550E+00
    84.4000       2.84286579E-01       1.07072644E+02       1.00314821E-03       1.74956137E-01       2.30482459E-01       6.53562932E-05       1.80880291E+00       1.33821025E+00       1.15500926E+00
    84.5000       2.84286688E-01       1.07191098E+02       1.00536901E-03       1.75418990E-01       2.30435663E-01       6.55658535E-05       1.80915684E+00       1.33941760E+00       1.15550715E+00
    84.6000       2.84286791E-01       1.07310315E+02       1.00760657E-03       1.75884843E-01       2.30388735E-01       6.57718179E-05       1.80945855E+00       1.34056583E+00       1.15599653E+00
    84.7000       2.84286896E-01       1.07430234E+02       1.00985982E-03       1.76353353E-01       2.30341674E-01       6.59795944E-05       1.80970874E+00       1.34165148E+00       1.15649018E+00
    84.8000       2.84286995E-01       1.07550815E+02       1.01212806E-03       1.76824227E-01       2.30294480E-01       6.61847919E-05       1.80990846E+00       1.34267169E+00       1.15697771E+00
    84.9000       2.84287094E-01       1.07672027E+02       1.01441072E-03       1.77297217E-01       2.30247155E-01       6.63895590E-05       1.81005924E+00       1.34362407E+00       1.15746420E+00
    85.0000       2.84287198E-01       1.07793827E+02       1.01670706E-03       1.77772088E-01       2.30199699E-01       6.65934988E-05       1.81016279E+00       1.34450665E+00       1.15794871E+00
    85.1000       2.84287286E-01       1.07916191E+02       1.01901663E-03       1.78248645E-01       2.30152111E-01       6.68014309E-05       1.81022125E+00       1.34531755E+00       1.15844266E+00
    85.2000       2.84287378E-01       1.08039091E+02       1.02133895E-03       1.78726720E-01       2.30104393E-01       6.70051629E-05       1.81023690E+00       1.34605499E+00       1.15892664E+00
    85.3000       2.84287456E-01       1.08162502E+02       1.02367359E-03       1.79206177E-01       2.30056546E-01       6.72096779E-05       1.81021234E+00       1.34671770E+00       1.15941246E+00
    85.4000       2.84287535E-01       1.08286408E+02       1.02602028E-03       1.79686908E-01       2.30008570E-01       6.74150587E-05       1.81015039E+00       1.34730506E+00       1.15990031E+00
    85.5000       2.84287595E-01       1.08410796E+02       1.02837881E-03       1.80168837E-01       2.29960467E-01       6.76204005E-05       1.81005389E+00       1.34781764E+00       1.16038807E+00
    85.6000       2.84287637E-01       1.08535658E+02       1.03074905E-03       1.80651918E-01       2.29912238E-01       6.78270247E-05       1.80992610E+00       1.34825691E+00       1.16087884E+00
    85.7000       2.84287658E-01       1.08660981E+02       1.03313077E-03       1.81136109E-01       2.29863884E-01       6.80354695E-05       1.80977049E+00       1.34862504E+00       1.16137390E+00
    85.8000       2.84287658E-01       1.08786769E+02       1.03552410E-03       1.81621418E-01       2.29815408E-01       6.82440304E-05       1.80959074E+00       1.34892446E+00       1.16186922E+00
    85.9000       2.84287661E-01       1.08913021E+02       1.03792904E-03       1.82107852E-01       2.29766810E-01       6.84512645E-05       1.80939098E+00       1.34915755E+00       1.16236138E+00
    86.0000       2.84287616E-01       1.09039733E+02       1.04034554E-03       1.82595433E-01       2.29718093E-01       6.86616715E-05       1.80917561E+00       1.34932676E+00       1.16286101E+00
    86.1000       2.84287552E-01       1.09166913E+02       1.04277379E-03       1.83084195E-01       2.29669258E-01       6.88720297E-05       1.80894924E+00       1.34943429E+00       1.16336050E+00
    86.2000       2.84287469E-01       1.09294573E+02       1.04521407E-03       1.83574194E-01       2.29620307E-01       6.90842057E-05       1.80871668E+00       1.34948250E+00       1.16386427E+00
    86.3000       2.84287345E-01       1.09422723E+02       1.04766658E-03       1.84065486E-01       2.29571241E-01       6.92985374E-05       1.80848268E+00       1.34947389E+00       1.16437311E+00
    86.4000       2.84287179E-01       1.09551374E+02       1.05013157E-03       1.84558136E-01       2.29522063E-01       6.95135067E-05       1.80825175E+00       1.34941126E+00       1.16488342E+00
    86.5000       2.84286979E-01       1.09680548E+02       1.05260948E-03       1.85052226E-01       2.29472773E-01       6.97295456E-05       1.80802800E+00       1.34929721E+00       1.16539624E+00
    86.6000       2.84286742E-01       1.09810251E+02       1.05510048E-03       1.85547821E-01       2.29423373E-01       6.99476515E-05       1.80781493E+00       1.34913447E+00       1.16591392E+00
    86.7000       2.84286460E-01       1.09940501E+02       1.05760495E-03       1.86045004E-01       2.29373865E-01       7.01692160E-05       1.80761547E+00       1.34892571E+00       1.16643976E+00
    86.8000       2.84286122E-01       1.10071311E+02       1.06012319E-03       1.86543853E-01       2.29324250E-01       7.03914044E-05       1.80743177E+00       1.34867371E+00       1.16696705E+00
    86.9000       2.84285761E-01       1.10202684E+02       1.06265526E-03       1.87044428E-01       2.29274528E-01       7.06134237E-05       1.80726549E+00       1.34838135E+00       1.16749392E+00
    87.0000       2.84285339E-01       1.10334635E+02       1.06520152E-03       1.87546807E-01       2.29224700E-01       7.08378940E-05       1.80711733E+00       1.34805170E+00       1.16802657E+00
    87.1000       2.84284860E-01       1.10467156E+02       1.06776184E-03       1.88051047E-01       2.29174767E-01       7.10647263E-05       1.80698762E+00       1.34768806E+00       1.16856481E+00
    87.2000       2.84284357E-01       1.10600263E+02       1.07033659E-03       1.88557236E-01       2.29124730E-01       7.12877214E-05       1.80687619E+00       1.34729401E+00       1.16909395E+00
    87.3000       2.84283775E-01       1.10733947E+02       1.07292560E-03       1.89065423E-01       2.29074589E-01       7.15149693E-05       1.80678259E+00       1.34687368E+00       1.16963315E+00
    87.4000       2.84283147E-01       1.10868202E+02       1.07552883E-03       1.89575664E-01       2.29024343E-01       7.17433022E-05       1.80670606E+00       1.34643168E+00       1.17017493E+00
    87.5000       2.84282464E-01       1.11003029E+02       1.07814635E-03       1.90088031E-01       2.28973994E-01       7.19690786E-05       1.80664577E+00       1.34597290E+00       1.17071066E+00
    87.6000       2.84281735E-01       1.11138412E+02       1.08077783E-03       1.90602571E-01       2.28923540E-01       7.21979988E-05       1.80660064E+00       1.34550261E+00       1.17125383E+00
    87.7000       2.84280969E-01       1.11274351E+02       1.08342336E-03       1.91119364E-01       2.28872982E-01       7.24203397E-05       1.80656962E+00       1.34502608E+00       1.17178144E+00
    87.8000       2.84280141E-01       1.11410835E+02       1.08608273E-03       1.91638468E-01       2.28822319E-01       7.26471065E-05       1.80655175E+00       1.34454856E+00       1.17231954E+00
    87.9000       2.84279251E-01       1.11547844E+02       1.08875563E-03       1.92159935E-01       2.28771551E-01       7.28740920E-05       1.80654609E+00       1.34407494E+00       1.17285818E+00
    88.0000       2.84278332E-01       1.11685364E+02       1.09144179E-03       1.92683829E-01       2.28720678E-01       7.30998278E-05       1.80655201E+00       1.34360920E+00       1.17339387E+00
    88.1000       2.84277348E-01       1.11823385E+02       1.09414108E-03       1.93210216E-01       2.28669699E-01       7.33244028E-05       1.80656874E+00       1.34315432E+00       1.17392683E+00
    88.2000       2.84276321E-01       1.11961884E+02       1.09685306E-03       1.93739139E-01       2.28618614E-01       7.35489067E-05       1.80659583E+00       1.34271228E+00       1.17445963E+00
    88.3000       2.84275252E-01       1.12100852E+02       1.09957758E-03       1.94270648E-01       2.28567422E-01       7.37725111E-05       1.80663266E+00       1.34228450E+00       1.17499033E+00
    88.4000       2.84274145E-01       1.12240270E+02       1.10231435E-03       1.94804762E-01       2.28516122E-01       7.39945485E-05       1.80667866E+00       1.34187204E+00       1.17551735E+00
    88.5000       2.84272988E-01       1.12380120E+02       1.10506300E-03       1.95341493E-01       2.28464715E-01       7.42175662E-05       1.80673340E+00       1.34147627E+00       1.17604671E+00
    88.6000       2.84271803E-01       1.12520385E+02       1.10782324E-03       1.95880834E-01       2.28413199E-01       7.44393246E-05       1.80679636E+00       1.34109892E+00       1.17657311E+00
    88.7000       2.84270582E-01       1.12661061E+02       1.11059503E-03       1.96422785E-01       2.28361575E-01       7.46586966E-05       1.80686722E+00       1.34074209E+00       1.17709389E+00
    88.8000       2.84269324E-01       1.12802146E+02       1.11337836E-03       1.96967340E-01       2.28309843E-01       7.48799186E-05       1.80694555E+00       1.34040790E+00       1.17761905E+00
    88.9000       2.84268003E-01       1.12943633E+02       1.11617312E-03       1.97514473E-01       2.28258001E-01       7.51058273E-05       1.80703102E+00       1.34009824E+00       1.17815531E+00
    89.0000       2.84266664E-01       1.13085524E+02       1.11897938E-03       1.98064171E-01       2.28206051E-01       7.53281999E-05       1.80712330E+00       1.33981436E+00       1.17868319E+00
    89.1000       2.84265286E-01       1.13227815E+02       1.12179708E-03       1.98616385E-01       2.28153993E-01       7.55519705E-05       1.80722206E+00       1.33955689E+00       1.17921438E+00
    89.2000       2.84263854E-01       1.13370513E+02       1.12462641E-03       1.99171081E-01       2.28101827E-01       7.57788378E-05       1.80732697E+00       1.33932590E+00       1.17975290E+00
    89.3000       2.84262401E-01       1.13513629E+02       1.12746760E-03       1.99728230E-01       2.28049553E-01       7.60038239E-05       1.80743798E+00       1.33912111E+00       1.18028695E+00
    89.4000       2.84260893E-01       1.13657176E+02       1.13032094E-03       2.00287796E-01       2.27997173E-01       7.62334193E-05       1.80755500E+00       1.33894242E+00       1.18083190E+00
    89.5000       2.84259338E-01       1.13801162E+02       1.13318665E-03       2.00849734E-01       2.27944686E-01       7.64650896E-05       1.80767816E+00       1.33879018E+00       1.18138176E+00
    89.6000       2.84257755E-01       1.13945614E+02       1.13606525E-03       2.01414033E-01       2.27892093E-01       7.66985615E-05       1.80780781E+00       1.33866526E+00       1.18193586E+00
    89.7000       2.84256120E-01       1.14090550E+02       1.13895720E-03       2.01980677E-01       2.27839396E-01       7.69373032E-05       1.80794453E+00       1.33856841E+00       1.18250242E+00
    89.8000       2.84254447E-01       1.14236000E+02       1.14186307E-03       2.02549671E-01       2.27786594E-01       7.71762016E-05       1.80808921E+00       1.33849979E+00       1.18306932E+00
    89.9000       2.84252745E-01       1.14381982E+02       1.14478331E-03       2.03121023E-01       2.27733688E-01       7.74160963E-05       1.80824274E+00       1.33845870E+00       1.18363856E+00
    90.0000       2.84250980E-01       1.14528542E+02       1.14771885E-03       2.03694794E-01       2.27680679E-01       7.76588228E-05       1.80840634E+00       1.33844369E+00       1.18421447E+00
    90.1000       2.84249145E-01       1.14675693E+02       1.15067003E-03       2.04271025E-01       2.27627568E-01       7.79128774E-05       1.80858122E+00       1.33845353E+00       1.18481716E+00
    90.2000       2.84247278E-01       1.14823475E+02       1.15363767E-03       2.04849791E-01       2.27574355E-01       7.81655150E-05       1.80876863E+00       1.33848743E+00       1.18541648E+00
    90.3000       2.84245356E-01       1.14971918E+02       1.15662242E-03       2.05431175E-01       2.27521041E-01       7.84228110E-05       1.80897016E+00       1.33854503E+00       1.18602680E+00
    90.4000       2.84243395E-01       1.15121046E+02       1.15962484E-03       2.06015263E-01       2.27467626E-01       7.86802241E-05       1.80918737E+00       1.33862606E+00       1.18663737E+00
    90.5000       2.84241344E-01       1.15270892E+02       1.16264562E-03       2.06602160E-01       2.27414110E-01       7.89454504E-05       1.80942217E+00       1.33873010E+00       1.18726641E+00
    90.6000       2.84239239E-01       1.15421489E+02       1.16568550E-03       2.07191987E-01       2.27360493E-01       7.92137174E-05       1.80967679E+00       1.33885700E+00       1.18790264E+00
    90.7000       2.84237059E-01       1.15572855E+02       1.16874493E-03       2.07784837E-01       2.27306775E-01       7.94861370E-05       1.80995371E+00       1.33900722E+00       1.18854870E+00
    90.8000       2.84234822E-01       1.15725028E+02       1.17182468E-03       2.08380846E-01       2.27252955E-01       7.97618607E-05       1.81025583E+00       1.33918161E+00       1.18920260E+00
    90.9000       2.84232515E-01       1.15878019E+02       1.17492508E-03       2.08980123E-01       2.27199033E-01       8.00417762E-05       1.81058640E+00       1.33938094E+00       1.18986644E+00
    91.0000       2.84230129E-01       1.16031854E+02       1.17804673E-03       2.09582779E-01       2.27145008E-01       8.03237711E-05       1.81094891E+00       1.33960565E+00       1.19053523E+00
    91.1000       2.84227686E-01       1.16186552E+02       1.18119006E-03       2.10188924E-01       2.27090879E-01       8.06087542E-05       1.81134702E+00       1.33985586E+00       1.19121111E+00
    91.2000       2.84225169E-01       1.16342133E+02       1.18435554E-03       2.10798661E-01       2.27036645E-01       8.08998385E-05       1.81178442E+00       1.34013143E+00       1.19190143E+00
    91.3000       2.84222574E-01       1.16498624E+02       1.18754382E-03       2.11412111E-01       2.26982306E-01       8.11942360E-05       1.81226477E+00       1.34043201E+00       1.19259960E+00
    91.4000       2.84219909E-01       1.16656030E+02       1.19075507E-03       2.12029338E-01       2.26927860E-01       8.14907439E-05       1.81279135E+00       1.34075732E+00       1.19330279E+00
    91.5000       2.84217156E-01       1.16814368E+02       1.19398971E-03       2.12650418E-01       2.26873305E-01       8.17933909E-05       1.81336718E+00       1.34110711E+00       1.19402052E+00
    91.6000       2.84214344E-01       1.16973651E+02       1.19724806E-03       2.13275435E-01       2.26818641E-01       8.20982606E-05       1.81399470E+00       1.34148140E+00       1.19474352E+00
    91.7000       2.84211458E-01       1.17133887E+02       1.20053039E-03       2.13904452E-01       2.26763866E-01       8.24037125E-05       1.81467564E+00       1.34188066E+00       1.19546790E+00
    91.8000       2.84208492E-01       1.17295090E+02       1.20383709E-03       2.14537530E-01       2.26708979E-01       8.27124097E-05       1.81541102E+00       1.34230560E+00       1.19619998E+00
    91.9000       2.84205451E-01       1.17457267E+02       1.20716833E-03       2.15174710E-01       2.26653978E-01       8.30263172E-05       1.81620091E+00       1.34275709E+00       1.19694441E+00
    92.0000       2.84202343E-01       1.17620417E+02       1.21052422E-03       2.15816028E-01       2.26598861E-01       8.33421837E-05       1.81704452E+00       1.34323569E+00       1.19769351E+00
    92.1000       2.84199165E-01       1.17784561E+02       1.21390524E-03       2.16461538E-01       2.26543628E-01       8.36610920E-05       1.81794029E+00       1.34374115E+00       1.19844982E+00
    92.2000       2.84195896E-01       1.17949690E+02       1.21731132E-03       2.17111260E-01       2.26488275E-01       8.39840624E-05       1.81888587E+00       1.34427257E+00       1.19921577E+00
    92.3000       2.84192580E-01       1.18115818E+02       1.22074282E-03       2.17765237E-01       2.26432803E-01       8.43085681E-05       1.81987845E+00       1.34482833E+00       1.19998539E+00
    92.4000       2.84189181E-01       1.18282954E+02       1.22420000E-03       2.18423502E-01       2.26377209E-01       8.46349143E-05       1.82091452E+00       1.34540630E+00       1.20075940E+00
    92.5000       2.84185715E-01       1.18451099E+02       1.22768301E-03       2.19086082E-01       2.26321492E-01       8.49654023E-05       1.82199022E+00       1.34600392E+00       1.20154324E+00
    92.6000       2.84182168E-01       1.18620258E+02       1.23119200E-03       2.19753017E-01       2.26265651E-01       8.52965255E-05       1.82310185E+00       1.34661854E+00       1.20232861E+00
    92.7000       2.84178549E-01       1.18790437E+02       1.23472718E-03       2.20424335E-01       2.26209684E-01       8.56368296E-05       1.82424534E+00       1.34724724E+00       1.20313572E+00
    92.8000       2.84174865E-01       1.18961659E+02       1.23828918E-03       2.21100114E-01       2.26153591E-01       8.59762863E-05       1.82541668E+00       1.34788716E+00       1.20394084E+00
    92.9000       2.84171116E-01       1.19133925E+02       1.24187805E-03       2.21780391E-01       2.26097370E-01       8.63168037E-05       1.82661216E+00       1.34853536E+00       1.20474847E+00
    93.0000       2.84167271E-01       1.19307237E+02       1.24549397E-03       2.22465220E-01       2.26041021E-01       8.66680044E-05       1.82782801E+00       1.34918895E+00       1.20558140E+00
    93.1000       2.84163368E-01       1.19481612E+02       1.24913737E-03       2.23154675E-01       2.25984543E-01       8.70161810E-05       1.82906067E+00       1.34984567E+00       1.20640718E+00
    93.2000       2.84159411E-01       1.19657050E+02       1.25280833E-03       2.23848820E-01       2.25927934E-01       8.73647830E-05       1.83030676E+00       1.35050474E+00       1.20723399E+00
    93.3000       2.84155381E-01       1.19833544E+02       1.25650686E-03       2.24547703E-01       2.25871193E-01       8.77208262E-05       1.83156298E+00       1.35116654E+00       1.20807844E+00
    93.4000       2.84151264E-01       1.20011110E+02       1.26023332E-03       2.25251413E-01       2.25814320E-01       8.80780461E-05       1.83282619E+00       1.35183256E+00       1.20892570E+00
    93.5000       2.84147085E-01       1.20189739E+02       1.26398767E-03       2.25960029E-01       2.25757311E-01       8.84402455E-05       1.83409323E+00       1.35250461E+00       1.20978478E+00
    93.6000       2.84142847E-01       1.20369429E+02       1.26776994E-03       2.26673636E-01       2.25700167E-01       8.87994217E-05       1.83536099E+00       1.35318463E+00       1.21063675E+00
    93.7000       2.84138540E-01       1.20550165E+02       1.27157996E-03       2.27392324E-01       2.25642883E-01       8.91590859E-05       1.83662649E+00       1.35387458E+00       1.21148993E+00
    93.8000       2.84134175E-01       1.20731929E+02       1.27541738E-03       2.28116167E-01       2.25585459E-01       8.95255072E-05       1.83788693E+00       1.35457638E+00       1.21235917E+00
    93.9000       2.84129752E-01       1.20914702E+02       1.27928195E-03       2.28845254E-01       2.25527891E-01       8.98867669E-05       1.83913949E+00       1.35529160E+00       1.21321630E+00
    94.0000       2.84125271E-01       1.21098446E+02       1.28317293E-03       2.29579635E-01       2.25470175E-01       9.02526512E-05       1.84038193E+00       1.35602092E+00       1.21408451E+00
    94.1000       2.84120742E-01       1.21283129E+02       1.28708977E-03       2.30319364E-01       2.25412307E-01       9.06148664E-05       1.84161218E+00       1.35676307E+00       1.21494420E+00
    94.2000       2.84116193E-01       1.21468709E+02       1.29103163E-03       2.31064455E-01       2.25354285E-01       9.09691256E-05       1.84282883E+00       1.35751501E+00       1.21578523E+00
    94.3000       2.84111576E-01       1.21655137E+02       1.29499757E-03       2.31814922E-01       2.25296104E-01       9.13286001E-05       1.84403106E+00       1.35827252E+00       1.21663875E+00
    94.4000       2.84106944E-01       1.21842364E+02       1.29898666E-03       2.32570746E-01       2.25237763E-01       9.16794043E-05       1.84521859E+00       1.35903133E+00       1.21747189E+00
    94.5000       2.84102275E-01       1.22030332E+02       1.30299768E-03       2.33331888E-01       2.25179259E-01       9.20299296E-05       1.84639202E+00       1.35978761E+00       1.21830451E+00
    94.6000       2.84097597E-01       1.22218977E+02       1.30702936E-03       2.34098266E-01       2.25120590E-01       9.23778869E-05       1.84755248E+00       1.36053795E+00       1.21913114E+00
    94.7000       2.84092882E-01       1.22408246E+02       1.31108063E-03       2.34869842E-01       2.25061758E-01       9.27217592E-05       1.84870201E+00       1.36127884E+00       1.21994802E+00
    94.8000       2.84088163E-01       1.22598090E+02       1.31515053E-03       2.35646619E-01       2.25002762E-01       9.30557049E-05       1.84984325E+00       1.36200544E+00       1.22074133E+00
    94.9000       2.84083429E-01       1.22788443E+02       1.31923765E-03       2.36428460E-01       2.24943602E-01       9.33927588E-05       1.85097955E+00       1.36271114E+00       1.22154210E+00
    95.0000       2.84078671E-01       1.22979246E+02       1.32334081E-03       2.37215143E-01       2.24884279E-01       9.37254782E-05       1.85211481E+00       1.36338866E+00       1.22233261E+00
    95.1000       2.84073899E-01       1.23170461E+02       1.32745921E-03       2.38006592E-01       2.24824794E-01       9.40547505E-05       1.85325317E+00       1.36403151E+00       1.22311473E+00
    95.2000       2.84069160E-01       1.23362061E+02       1.33159233E-03       2.38802899E-01       2.24765149E-01       9.43788906E-05       1.85439874E+00       1.36463486E+00       1.22388460E+00
    95.3000       2.84064378E-01       1.23553992E+02       1.33573903E-03       2.39603940E-01       2.24705344E-01       9.46987234E-05       1.85555615E+00       1.36519597E+00       1.22464430E+00
    95.4000       2.84059610E-01       1.23746221E+02       1.33989864E-03       2.40409457E-01       2.24645380E-01       9.50165057E-05       1.85672945E+00       1.36571325E+00       1.22539907E+00
    95.5000       2.84054825E-01       1.23938729E+02       1.34407074E-03       2.41219305E-01       2.24585260E-01       9.53323195E-05       1.85792238E+00       1.36618562E+00       1.22614914E+00
    95.6000       2.84050036E-01       1.24131489E+02       1.34825482E-03       2.42033397E-01       2.24524984E-01       9.56470426E-05       1.85913816E+00       1.36661117E+00       1.22689658E+00
    95.7000       2.84045214E-01       1.24324482E+02       1.35245046E-03       2.42851604E-01       2.24464556E-01       9.59640151E-05       1.86037965E+00       1.36698601E+00       1.22764922E+00
    95.8000       2.84040427E-01       1.24517690E+02       1.35665733E-03       2.43673732E-01       2.24403978E-01       9.62747745E-05       1.86164907E+00       1.36730491E+00       1.22838709E+00
    95.9000       2.84035596E-01       1.24711109E+02       1.36087532E-03       2.44499649E-01       2.24343253E-01       9.65877219E-05       1.86294790E+00       1.36756179E+00       1.22913008E+00
    96.0000       2.84030792E-01       1.24904752E+02       1.36510474E-03       2.45329317E-01       2.24282385E-01       9.69016963E-05       1.86427711E+00       1.36775035E+00       1.22987529E+00
    96.1000       2.84025945E-01       1.25098640E+02       1.36934611E-03       2.46162720E-01       2.24221378E-01       9.72159698E-05       1.86563712E+00       1.36786414E+00       1.23062104E+00
    96.2000       2.84021098E-01       1.25292777E+02       1.37359951E-03       2.46999814E-01       2.24160236E-01       9.75292459E-05       1.86702781E+00       1.36789553E+00       1.23136438E+00
    96.3000       2.84016219E-01       1.25487170E+02       1.37786512E-03       2.47840523E-01       2.24098960E-01       9.78442850E-05       1.86844884E+00       1.36783599E+00       1.23211189E+00
    96.4000       2.84011333E-01       1.25681821E+02       1.38214301E-03       2.48684795E-01       2.24037551E-01       9.81624951E-05       1.86989941E+00       1.36767796E+00       1.23286694E+00
    96.5000       2.84006426E-01       1.25876755E+02       1.38643378E-03       2.49532636E-01       2.23976011E-01       9.84783767E-05       1.87137829E+00       1.36741863E+00       1.23361650E+00
    96.6000       2.84001487E-01       1.26071990E+02       1.39073783E-03       2.50384033E-01       2.23914343E-01       9.88015612E-05       1.87288435E+00       1.36706340E+00       1.23438331E+00
    96.7000       2.83996514E-01       1.26267538E+02       1.39505549E-03       2.51238951E-01       2.23852546E-01       9.91225662E-05       1.87441613E+00       1.36662788E+00       1.23514489E+00
    96.8000       2.83991540E-01       1.26463429E+02       1.39938740E-03       2.52097339E-01       2.23790624E-01       9.94428233E-05       1.87597169E+00       1.36613855E+00       1.23590462E+00
    96.9000       2.83986510E-01       1.26659663E+02       1.40373364E-03       2.52959137E-01       2.23728578E-01       9.97681502E-05       1.87754942E+00       1.36563035E+00       1.23667630E+00
    97.0000       2.83981471E-01       1.26856281E+02       1.40809515E-03       2.53824351E-01       2.23666407E-01       1.00095342E-04       1.87914696E+00       1.36514060E+00       1.23745236E+00
    97.1000       2.83976400E-01       1.27053288E+02       1.41247207E-03       2.54692973E-01       2.23604112E-01       1.00427176E-04       1.88076241E+00       1.36470085E+00       1.23823940E+00
    97.2000       2.83971296E-01       1.27250708E+02       1.41686498E-03       2.55565062E-01       2.23541692E-01       1.00758427E-04       1.88239356E+00       1.36432952E+00       1.23902505E+00
    97.3000       2.83966180E-01       1.27448570E+02       1.42127456E-03       2.56440736E-01       2.23479148E-01       1.01093061E-04       1.88403851E+00       1.36403025E+00       1.23981873E+00
    97.4000       2.83961028E-01       1.27646892E+02       1.42570130E-03       2.57320104E-01       2.23416479E-01       1.01432939E-04       1.88569559E+00       1.36379655E+00       1.24062485E+00
    97.5000       2.83955862E-01       1.27845688E+02       1.43014550E-03       2.58203296E-01       2.23353682E-01       1.01771922E-04       1.88736366E+00       1.36361822E+00       1.24142890E+00
    97.6000       2.83950667E-01       1.28044974E+02       1.43460759E-03       2.59090438E-01       2.23290758E-01       1.02114566E-04       1.88904204E+00       1.36348455E+00       1.24224164E+00
    97.7000       2.83945443E-01       1.28244751E+02       1.43908767E-03       2.59981612E-01       2.23227704E-01       1.02459241E-04       1.89073045E+00       1.36338488E+00       1.24305924E+00
    97.8000       2.83940224E-01       1.28445026E+02       1.44358591E-03       2.60876892E-01       2.23164519E-01       1.02801597E-04       1.89242887E+00       1.36330929E+00       1.24387140E+00
    97.9000       2.83934986E-01       1.28645797E+02       1.44810235E-03       2.61776306E-01       2.23101202E-01       1.03146471E-04       1.89413721E+00       1.36325059E+00       1.24468956E+00
    98.0000       2.83929736E-01       1.28847053E+02       1.45263678E-03       2.62679840E-01       2.23037750E-01       1.03493788E-04       1.89585523E+00       1.36320590E+00       1.24551356E+00
    98.1000       2.83924490E-01       1.29048787E+02       1.45718908E-03       2.63587452E-01       2.22974161E-01       1.03832193E-04       1.89758186E+00       1.36317642E+00       1.24631653E+00
    98.2000       2.83919218E-01       1.29250980E+02       1.46175889E-03       2.64499066E-01       2.22910434E-01       1.04181547E-04       1.89931531E+00       1.36316683E+00       1.24714543E+00
    98.3000       2.83913954E-01       1.29453608E+02       1.46634571E-03       2.65414548E-01       2.22846568E-01       1.04520050E-04       1.90105339E+00       1.36318426E+00       1.24794872E+00
    98.4000       2.83908692E-01       1.29656642E+02       1.47094892E-03       2.66333730E-01       2.22782560E-01       1.04860304E-04       1.90279354E+00       1.36323699E+00       1.24875619E+00
    98.5000       2.83903463E-01       1.29860047E+02       1.47556778E-03       2.67256422E-01       2.22718409E-01       1.05195990E-04       1.90453363E+00       1.36333337E+00       1.24955291E+00
    98.6000       2.83898205E-01       1.30063772E+02       1.48020117E-03       2.68182374E-01       2.22654115E-01       1.05531731E-04       1.90627166E+00       1.36348069E+00       1.25034980E+00
    98.7000       2.83892980E-01       1.30267783E+02       1.48484834E-03       2.69111353E-01       2.22589675E-01       1.05857991E-04       1.90800585E+00       1.36368472E+00       1.25112431E+00
    98.8000       2.83887758E-01       1.30472019E+02       1.48950792E-03       2.70043070E-01       2.22525091E-01       1.06187400E-04       1.90973492E+00       1.36394989E+00       1.25190629E+00
    98.9000       2.83882591E-01       1.30676432E+02       1.49417886E-03       2.70977276E-01       2.22460360E-01       1.06504354E-04       1.91145802E+00       1.36427812E+00       1.25265881E+00
    99.0000       2.83877406E-01       1.30880974E+02       1.49886007E-03       2.71913702E-01       2.22395484E-01       1.06821659E-04       1.91317459E+00       1.36466773E+00       1.25341217E+00
    99.1000       2.83872261E-01       1.31085583E+02       1.50355014E-03       2.72852075E-01       2.22330462E-01       1.07134384E-04       1.91488455E+00       1.36511308E+00       1.25415473E+00
    99.2000       2.83867148E-01       1.31290207E+02       1.50824787E-03       2.73792122E-01       2.22265295E-01       1.07441388E-04       1.91658847E+00       1.36560491E+00       1.25488376E+00
    99.3000       2.83862043E-01       1.31494782E+02       1.51295179E-03       2.74733579E-01       2.22199983E-01       1.07744378E-04       1.91828687E+00       1.36613109E+00       1.25560328E+00
    99.4000       2.83856996E-01       1.31699250E+02       1.51766058E-03       2.75676202E-01       2.22134528E-01       1.08042846E-04       1.91998057E+00       1.36667723E+00       1.25631208E+00
    99.5000       2.83851983E-01       1.31903571E+02       1.52237330E-03       2.76619796E-01       2.22068930E-01       1.08334833E-04       1.92167016E+00       1.36722757E+00       1.25700554E+00
    99.6000       2.83847008E-01       1.32107676E+02       1.52708833E-03       2.77564117E-01       2.22003191E-01       1.08620812E-04       1.92335630E+00       1.36776567E+00       1.25768475E+00
    99.7000       2.83842071E-01       1.32311519E+02       1.53180458E-03       2.78508959E-01       2.21937314E-01       1.08901596E-04       1.92503936E+00       1.36827646E+00       1.25835165E+00
    99.8000       2.83837149E-01       1.32515047E+02       1.53652081E-03       2.79454105E-01       2.21871299E-01       1.09180387E-04       1.92671980E+00       1.36874788E+00       1.25901381E+00
    99.9000       2.83832276E-01       1.32718225E+02       1.54123613E-03       2.80399350E-01       2.21805150E-01       1.09453819E-04       1.92839782E+00       1.36917201E+00       1.25966328E+00
   100.0000       2.83827435E-01       1.32921006E+02       1.54594947E-03       2.81344505E-01       2.21738868E-01       1.09720473E-04       1.93007400E+00       1.36954508E+00       1.26029664E+00
