     0.1000       8.60636539E-03       8.64631999E-03       1.29648592E-02
     0.2000       1.15841025E-02       1.16389573E-02       1.43646945E-02
     0.3000       1.49151625E-02       1.50036799E-02       1.57442970E-02
     0.4000       1.80557095E-02       1.82068338E-02       1.70917097E-02
     0.5000       2.08055985E-02       2.10365979E-02       1.83947392E-02
     0.6000       2.31964614E-02       2.35076756E-02       1.96449772E-02
     0.7000       2.53124356E-02       2.56916850E-02       2.08385239E-02
     0.8000       2.72222283E-02       2.76484697E-02       2.19753480E-02
     0.9000       2.89720002E-02       2.94171011E-02       2.30581192E-02
     1.0000       3.05920420E-02       3.10221623E-02       2.40910327E-02
     1.1000       3.21029095E-02       3.24805482E-02       2.50788946E-02
     1.2000       3.35192242E-02       3.38062668E-02       2.60265295E-02
     1.3000       3.48518560E-02       3.50133210E-02       2.69384575E-02
     1.4000       3.61091994E-02       3.61169017E-02       2.78187566E-02
     1.5000       3.72979559E-02       3.71331539E-02       2.86710315E-02
     1.6000       3.84236367E-02       3.80780248E-02       2.94984353E-02
     1.7000       3.94908968E-02       3.89658846E-02       3.03037109E-02
     1.8000       4.05037589E-02       3.98085135E-02       3.10892355E-02
     1.9000       4.14657658E-02       4.06147223E-02       3.18570602E-02
     2.0000       4.23800845E-02       4.13905429E-02       3.26089427E-02
     2.1000       4.32495764E-02       4.21397561E-02       3.33463748E-02
     2.2000       4.40768468E-02       4.28645177E-02       3.40706049E-02
     2.3000       4.48642805E-02       4.35659271E-02       3.47826578E-02
     2.4000       4.56140679E-02       4.42444677E-02       3.54833535E-02
     2.5000       4.63282259E-02       4.49003137E-02       3.61733252E-02
     2.6000       4.70086151E-02       4.55335237E-02       3.68530374E-02
     2.7000       4.76569547E-02       4.61441532E-02       3.75228039E-02
     2.8000       4.82748355E-02       4.67323113E-02       3.81828070E-02
     2.9000       4.88637321E-02       4.72981837E-02       3.88331154E-02
     3.0000       4.94250135E-02       4.78420365E-02       3.94737030E-02
     3.1000       4.99599533E-02       4.83642095E-02       4.01044661E-02
     3.2000       5.04697386E-02       4.88646434E-02       4.07252406E-02
     3.3000       5.09556320E-02       4.68112909E-02       4.13358173E-02
     3.4000       5.14193589E-02       4.65047905E-02       4.19359579E-02
     3.5000       5.18621533E-02       4.69327468E-02       4.25254068E-02
     3.6000       5.22848259E-02       4.73940293E-02       4.31039017E-02
     3.7000       5.26881469E-02       4.78928973E-02       4.36711829E-02
     3.8000       5.30728209E-02       4.83314360E-02       4.42270015E-02
     3.9000       5.34395192E-02       4.87605258E-02       4.47711260E-02
     4.0000       5.37889022E-02       4.90747979E-02       4.53033472E-02
     4.1000       5.41215558E-02       4.94852099E-02       4.58234825E-02
     4.2000       5.44380591E-02       4.99179846E-02       4.63313788E-02
     4.3000       5.47389760E-02       5.02729950E-02       4.68269129E-02
     4.4000       5.50248835E-02       5.06813593E-02       4.73099927E-02
     4.5000       5.52963115E-02       5.10209913E-02       4.77805575E-02
     4.6000       5.55537723E-02       5.13565267E-02       4.82385782E-02
     4.7000       5.57977923E-02       5.16633579E-02       4.86840562E-02
     4.8000       5.60288688E-02       5.19839475E-02       4.91170224E-02
     4.9000       5.62474888E-02       5.22971089E-02       4.95375363E-02
     5.0000       5.64541148E-02       5.25679535E-02       4.99456846E-02
     5.1000       5.66492040E-02       5.28778934E-02       5.03415795E-02
     5.2000       5.68332035E-02       5.31304447E-02       5.07253579E-02
     5.3000       5.70065186E-02       5.33904027E-02       5.10971795E-02
     5.4000       5.71695600E-02       5.36534388E-02       5.14572256E-02
     5.5000       5.73227389E-02       5.38719562E-02       5.18056979E-02
     5.6000       5.74664313E-02       5.40957695E-02       5.21428172E-02
     5.7000       5.76009878E-02       5.43051636E-02       5.24688221E-02
     5.8000       5.77267724E-02       5.45228850E-02       5.27839680E-02
     5.9000       5.78441255E-02       5.47153755E-02       5.30885260E-02
     6.0000       5.79533927E-02       5.49271691E-02       5.33827822E-02
     6.1000       5.80548754E-02       5.50791350E-02       5.36670361E-02
     6.2000       5.81488705E-02       5.52453407E-02       5.39416003E-02
     6.3000       5.82356603E-02       5.53871199E-02       5.42067993E-02
     6.4000       5.83155060E-02       5.55706325E-02       5.44629690E-02
     6.5000       5.83886671E-02       5.56787479E-02       5.47104559E-02
     6.6000       5.84553645E-02       5.58415680E-02       5.49496160E-02
     6.7000       5.85158088E-02       5.59607786E-02       5.51808149E-02
     6.8000       5.85702053E-02       5.60969762E-02       5.54044262E-02
     6.9000       5.86187715E-02       5.62393361E-02       5.56208315E-02
     7.0000       5.86617176E-02       5.63477282E-02       5.58304194E-02
     7.1000       5.86992496E-02       5.64891366E-02       5.60335851E-02
     7.2000       5.87315764E-02       5.65640445E-02       5.62307296E-02
     7.3000       5.87588851E-02       5.66927831E-02       5.64222592E-02
     7.4000       5.87813709E-02       5.68040251E-02       5.66085846E-02
     7.5000       5.87992114E-02       5.68728933E-02       5.67901203E-02
     7.6000       5.88125791E-02       5.69849558E-02       5.69672840E-02
     7.7000       5.88216569E-02       5.70595799E-02       5.71404959E-02
     7.8000       5.88266177E-02       5.70926527E-02       5.73101778E-02
     7.9000       5.88276239E-02       5.71866017E-02       5.74767522E-02
     8.0000       5.88248346E-02       5.72486391E-02       5.76406417E-02
     8.1000       5.88184072E-02       5.73083292E-02       5.78022676E-02
     8.2000       5.88084989E-02       5.73521839E-02       5.79620494E-02
     8.3000       5.87952555E-02       5.73956046E-02       5.81204036E-02
     8.4000       5.87788230E-02       5.74612632E-02       5.82777422E-02
     8.5000       5.87593408E-02       5.74920278E-02       5.84344722E-02
     8.6000       5.87369545E-02       5.75440216E-02       5.85909934E-02
     8.7000       5.87118036E-02       5.75580645E-02       5.87476980E-02
     8.8000       5.86840203E-02       5.75935351E-02       5.89049682E-02
     8.9000       5.86537310E-02       5.76209037E-02       5.90631752E-02
     9.0000       5.86210659E-02       5.76564905E-02       5.92226772E-02
     9.1000       5.85861471E-02       5.76729858E-02       5.93838180E-02
     9.2000       5.85490964E-02       5.76762965E-02       5.95469249E-02
     9.3000       5.85100303E-02       5.76919893E-02       5.97123069E-02
     9.4000       5.84690585E-02       5.77031464E-02       5.98802524E-02
     9.5000       5.84262939E-02       5.77030556E-02       6.00510274E-02
     9.6000       5.83818406E-02       5.77008464E-02       6.02248733E-02
     9.7000       5.83358052E-02       5.76983720E-02       6.04020043E-02
     9.8000       5.82882912E-02       5.77114445E-02       6.05826060E-02
     9.9000       5.82393896E-02       5.76963060E-02       6.07668324E-02
    10.0000       5.81891848E-02       5.76821955E-02       6.09548038E-02
    10.1000       5.81377688E-02       5.76699742E-02       6.11466053E-02
    10.2000       5.80852259E-02       5.76583344E-02       6.13422838E-02
    10.3000       5.80316319E-02       5.76416390E-02       6.15418470E-02
    10.4000       5.79770543E-02       5.76161573E-02       6.17452607E-02
    10.5000       5.79215728E-02       5.75945661E-02       6.19524483E-02
    10.6000       5.78652563E-02       5.75623189E-02       6.21632889E-02
    10.7000       5.78081651E-02       5.75489137E-02       6.23776167E-02
    10.8000       5.77503610E-02       5.75227504E-02       6.25952205E-02
    10.9000       5.76919027E-02       5.74940490E-02       6.28158435E-02
    11.0000       5.76328473E-02       5.74746069E-02       6.30391839E-02
    11.1000       5.75732443E-02       5.74296209E-02       6.32648957E-02
    11.2000       5.75131464E-02       5.74000096E-02       6.34925904E-02
    11.3000       5.74525998E-02       5.73726924E-02       6.37218389E-02
    11.4000       5.73916502E-02       5.73381200E-02       6.39521741E-02
    11.5000       5.73303399E-02       5.72946506E-02       6.41830943E-02
    11.6000       5.72687079E-02       5.72529634E-02       6.44140670E-02
    11.7000       5.72067984E-02       5.72200569E-02       6.46445331E-02
    11.8000       5.71446475E-02       5.71751893E-02       6.48739119E-02
    11.9000       5.70822891E-02       5.71355021E-02       6.51016059E-02
    12.0000       5.70197600E-02       5.70896874E-02       6.53270070E-02
    12.1000       5.69570947E-02       5.70443720E-02       6.55495017E-02
    12.2000       5.68943263E-02       5.70030763E-02       6.57684772E-02
    12.3000       5.68314873E-02       5.69538133E-02       6.59833276E-02
    12.4000       5.67686104E-02       5.69057121E-02       6.61934596E-02
    12.5000       5.67057268E-02       5.68617693E-02       6.63982984E-02
    12.6000       5.66428636E-02       5.68118123E-02       6.65972927E-02
    12.7000       5.65800527E-02       5.67630951E-02       6.67899204E-02
    12.8000       5.65173257E-02       5.67139057E-02       6.69756929E-02
    12.9000       5.64547136E-02       5.66622157E-02       6.71541590E-02
    13.0000       5.63922434E-02       5.66094572E-02       6.73249089E-02
    13.1000       5.63299374E-02       5.65562495E-02       6.74875765E-02
    13.2000       5.62678234E-02       5.65058033E-02       6.76418419E-02
    13.3000       5.62059284E-02       5.64520280E-02       6.77874325E-02
    13.4000       5.61442759E-02       5.63984197E-02       6.79241244E-02
    13.5000       5.60828872E-02       5.63488280E-02       6.80517423E-02
    13.6000       5.60217899E-02       5.62915374E-02       6.81701589E-02
    13.7000       5.59610086E-02       5.62397559E-02       6.82792944E-02
    13.8000       5.59005621E-02       5.61842580E-02       6.83791144E-02
    13.9000       5.58404719E-02       5.61306004E-02       6.84696284E-02
    14.0000       5.57807582E-02       5.60725875E-02       6.85508872E-02
    14.1000       5.57214402E-02       5.60197380E-02       6.86229806E-02
    14.2000       5.56625312E-02       5.59675958E-02       6.86860340E-02
    14.3000       5.56040482E-02       5.59091788E-02       6.87402056E-02
    14.4000       5.55460072E-02       5.58606699E-02       6.87856833E-02
    14.5000       5.54884195E-02       5.58052039E-02       6.88226811E-02
    14.6000       5.54312953E-02       5.57503076E-02       6.88514361E-02
    14.7000       5.53746481E-02       5.56997759E-02       6.88722051E-02
    14.8000       5.53184943E-02       5.56432354E-02       6.88852618E-02
    14.9000       5.52628371E-02       5.55930503E-02       6.88908929E-02
    15.0000       5.52076877E-02       5.55348255E-02       6.88893961E-02
    15.1000       5.51530544E-02       5.54829488E-02       6.88810766E-02
    15.2000       5.50989446E-02       5.54258785E-02       6.88662452E-02
    15.3000       5.50453649E-02       5.53814954E-02       6.88452153E-02
    15.4000       5.49923227E-02       5.53271539E-02       6.88183009E-02
    15.5000       5.49398261E-02       5.52764752E-02       6.87858151E-02
    15.6000       5.48878772E-02       5.52250166E-02       6.87480673E-02
    15.7000       5.48364794E-02       5.51751683E-02       6.87053627E-02
    15.8000       5.47856349E-02       5.51209058E-02       6.86580000E-02
    15.9000       5.47353501E-02       5.50772492E-02       6.86062710E-02
    16.0000       5.46856283E-02       5.50268462E-02       6.85504588E-02
    16.1000       5.46364706E-02       5.49776588E-02       6.84908377E-02
    16.2000       5.45878764E-02       5.49270461E-02       6.84276719E-02
    16.3000       5.45398456E-02       5.48802478E-02       6.83612154E-02
    16.4000       5.44923814E-02       5.48300992E-02       6.82917111E-02
    16.5000       5.44454853E-02       5.47912343E-02       6.82193912E-02
    16.6000       5.43991563E-02       5.47379794E-02       6.81444765E-02
    16.7000       5.43533944E-02       5.46923399E-02       6.80671767E-02
    16.8000       5.43081996E-02       5.46468421E-02       6.79876900E-02
    16.9000       5.42635693E-02       5.46040321E-02       6.79062037E-02
    17.0000       5.42194996E-02       5.45577070E-02       6.78228942E-02
    17.1000       5.41759886E-02       5.45163057E-02       6.77379270E-02
    17.2000       5.41330343E-02       5.44697976E-02       6.76514573E-02
    17.3000       5.40906329E-02       5.44269758E-02       6.75636305E-02
    17.4000       5.40487799E-02       5.43855711E-02       6.74745820E-02
    17.5000       5.40074731E-02       5.43404908E-02       6.73844381E-02
    17.6000       5.39667090E-02       5.43031498E-02       6.72933163E-02
    17.7000       5.39264817E-02       5.42602492E-02       6.72013255E-02
    17.8000       5.38867862E-02       5.42185060E-02       6.71085669E-02
    17.9000       5.38476174E-02       5.41769809E-02       6.70151340E-02
    18.0000       5.38089722E-02       5.41411740E-02       6.69211132E-02
    18.1000       5.37708442E-02       5.40996385E-02       6.68265843E-02
    18.2000       5.37332283E-02       5.40609128E-02       6.67316211E-02
    18.3000       5.36961191E-02       5.40258564E-02       6.66362912E-02
    18.4000       5.36595122E-02       5.39866216E-02       6.65406571E-02
    18.5000       5.36234015E-02       5.39482733E-02       6.64447763E-02
    18.6000       5.35877817E-02       5.39117800E-02       6.63487015E-02
    18.7000       5.35526479E-02       5.38784968E-02       6.62524813E-02
    18.8000       5.35179929E-02       5.38390333E-02       6.61561603E-02
    18.9000       5.34838111E-02       5.38073953E-02       6.60597794E-02
    19.0000       5.34500962E-02       5.37716505E-02       6.59633764E-02
    19.1000       5.34168437E-02       5.37350318E-02       6.58669859E-02
    19.2000       5.33840486E-02       5.37028093E-02       6.57706398E-02
    19.3000       5.33517036E-02       5.36712092E-02       6.56743675E-02
    19.4000       5.33198033E-02       5.36372609E-02       6.55781961E-02
    19.5000       5.32883419E-02       5.36055260E-02       6.54821506E-02
    19.6000       5.32573136E-02       5.35721022E-02       6.53862541E-02
    19.7000       5.32267144E-02       5.35415258E-02       6.52905280E-02
    19.8000       5.31965393E-02       5.35106416E-02       6.51949923E-02
    19.9000       5.31667823E-02       5.34792202E-02       6.50996652E-02
    20.0000       5.31374375E-02       5.34488487E-02       6.50045643E-02
    20.1000       5.31084994E-02       5.34191960E-02       6.49097054E-02
    20.2000       5.30799628E-02       5.33915050E-02       6.48151037E-02
    20.3000       5.30518226E-02       5.33607642E-02       6.47207733E-02
    20.4000       5.30240727E-02       5.33328113E-02       6.46267275E-02
    20.5000       5.29967077E-02       5.33029768E-02       6.45329789E-02
    20.6000       5.29697213E-02       5.32761608E-02       6.44395391E-02
    20.7000       5.29431071E-02       5.32497367E-02       6.43464195E-02
    20.8000       5.29168607E-02       5.32219590E-02       6.42536305E-02
    20.9000       5.28909757E-02       5.31948289E-02       6.41611822E-02
    21.0000       5.28654455E-02       5.31700871E-02       6.40690843E-02
    21.1000       5.28402652E-02       5.31425671E-02       6.39773457E-02
    21.2000       5.28154296E-02       5.31178325E-02       6.38859752E-02
    21.3000       5.27909319E-02       5.30917427E-02       6.37949810E-02
    21.4000       5.27667675E-02       5.30673983E-02       6.37043709E-02
    21.5000       5.27429308E-02       5.30419610E-02       6.36141524E-02
    21.6000       5.27194162E-02       5.30192207E-02       6.35243327E-02
    21.7000       5.26962172E-02       5.29951342E-02       6.34349185E-02
    21.8000       5.26733289E-02       5.29713147E-02       6.33459165E-02
    21.9000       5.26507448E-02       5.29475456E-02       6.32573326E-02
    22.0000       5.26284606E-02       5.29241819E-02       6.31691730E-02
    22.1000       5.26064713E-02       5.29014753E-02       6.30814433E-02
    22.2000       5.25847707E-02       5.28792910E-02       6.29941488E-02
    22.3000       5.25633548E-02       5.28576371E-02       6.29072947E-02
    22.4000       5.25422173E-02       5.28352181E-02       6.28208859E-02
    22.5000       5.25213539E-02       5.28132833E-02       6.27349271E-02
    22.6000       5.25007598E-02       5.27924074E-02       6.26494227E-02
    22.7000       5.24804294E-02       5.27709372E-02       6.25643769E-02
    22.8000       5.24603575E-02       5.27503585E-02       6.24797939E-02
    22.9000       5.24405398E-02       5.27294308E-02       6.23956774E-02
    23.0000       5.24209711E-02       5.27105199E-02       6.23120311E-02
    23.1000       5.24016471E-02       5.26906992E-02       6.22288584E-02
    23.2000       5.23825636E-02       5.26694602E-02       6.21461626E-02
    23.3000       5.23637163E-02       5.26510564E-02       6.20639467E-02
    23.4000       5.23451008E-02       5.26310912E-02       6.19822137E-02
    23.5000       5.23267124E-02       5.26125872E-02       6.19009662E-02
    23.6000       5.23085473E-02       5.25934616E-02       6.18202067E-02
    23.7000       5.22906002E-02       5.25743137E-02       6.17399375E-02
    23.8000       5.22728677E-02       5.25568239E-02       6.16601606E-02
    23.9000       5.22553448E-02       5.25369348E-02       6.15808778E-02
    24.0000       5.22380282E-02       5.25201849E-02       6.15020908E-02
    24.1000       5.22209136E-02       5.25025957E-02       6.14238010E-02
    24.2000       5.22039971E-02       5.24849196E-02       6.13460095E-02
    24.3000       5.21872752E-02       5.24668475E-02       6.12687172E-02
    24.4000       5.21707436E-02       5.24491117E-02       6.11919249E-02
    24.5000       5.21543987E-02       5.24331259E-02       6.11156328E-02
    24.6000       5.21382370E-02       5.24154355E-02       6.10398411E-02
    24.7000       5.21222546E-02       5.23981773E-02       6.09645497E-02
    24.8000       5.21064482E-02       5.23823100E-02       6.08897582E-02
    24.9000       5.20908141E-02       5.23663827E-02       6.08154659E-02
    25.0000       5.20753490E-02       5.23501114E-02       6.07416719E-02
    25.1000       5.20600497E-02       5.23336531E-02       6.06683750E-02
    25.2000       5.20449138E-02       5.23171771E-02       6.05955736E-02
    25.3000       5.20299382E-02       5.23016684E-02       6.05232662E-02
    25.4000       5.20151193E-02       5.22863363E-02       6.04514506E-02
    25.5000       5.20004547E-02       5.22702740E-02       6.03801247E-02
    25.6000       5.19859417E-02       5.22559911E-02       6.03092860E-02
    25.7000       5.19715774E-02       5.22405574E-02       6.02389317E-02
    25.8000       5.19573592E-02       5.22255417E-02       6.01690590E-02
    25.9000       5.19432842E-02       5.22106568E-02       6.00996645E-02
    26.0000       5.19293496E-02       5.21959395E-02       6.00307450E-02
    26.1000       5.19155537E-02       5.21813735E-02       5.99622969E-02
    26.2000       5.19018945E-02       5.21664143E-02       5.98943164E-02
    26.3000       5.18883694E-02       5.21527523E-02       5.98267996E-02
    26.4000       5.18749764E-02       5.21385016E-02       5.97597423E-02
    26.5000       5.18617129E-02       5.21245029E-02       5.96931403E-02
    26.6000       5.18485773E-02       5.21103526E-02       5.96269891E-02
    26.7000       5.18355674E-02       5.20960792E-02       5.95612844E-02
    26.8000       5.18226817E-02       5.20823655E-02       5.94960213E-02
    26.9000       5.18099180E-02       5.20688097E-02       5.94311951E-02
    27.0000       5.17972747E-02       5.20556063E-02       5.93668009E-02
    27.1000       5.17847499E-02       5.20420134E-02       5.93028338E-02
    27.2000       5.17723419E-02       5.20286714E-02       5.92392888E-02
    27.3000       5.17600490E-02       5.20158332E-02       5.91761608E-02
    27.4000       5.17478697E-02       5.20028759E-02       5.91134445E-02
    27.5000       5.17358022E-02       5.19895686E-02       5.90511348E-02
    27.6000       5.17238450E-02       5.19767810E-02       5.89892263E-02
    27.7000       5.17119970E-02       5.19642338E-02       5.89277136E-02
    27.8000       5.17002562E-02       5.19513157E-02       5.88665913E-02
    27.9000       5.16886215E-02       5.19391234E-02       5.88058541E-02
    28.0000       5.16770913E-02       5.19267901E-02       5.87454964E-02
    28.1000       5.16656641E-02       5.19144037E-02       5.86855128E-02
    28.2000       5.16543389E-02       5.19023997E-02       5.86258977E-02
    28.3000       5.16431143E-02       5.18900638E-02       5.85666456E-02
    28.4000       5.16319889E-02       5.18783641E-02       5.85077510E-02
    28.5000       5.16209615E-02       5.18667106E-02       5.84492082E-02
    28.6000       5.16100307E-02       5.18541705E-02       5.83910116E-02
    28.7000       5.15991953E-02       5.18430355E-02       5.83331554E-02
    28.8000       5.15884542E-02       5.18312508E-02       5.82756341E-02
    28.9000       5.15778062E-02       5.18195706E-02       5.82184418E-02
    29.0000       5.15672501E-02       5.18085584E-02       5.81615730E-02
    29.1000       5.15567851E-02       5.17973914E-02       5.81050217E-02
    29.2000       5.15464102E-02       5.17860670E-02       5.80487823E-02
    29.3000       5.15361241E-02       5.17745590E-02       5.79928486E-02
    29.4000       5.15259258E-02       5.17637201E-02       5.79372149E-02
    29.5000       5.15158143E-02       5.17530247E-02       5.78818750E-02
    29.6000       5.15057884E-02       5.17420135E-02       5.78268231E-02
    29.7000       5.14958471E-02       5.17310855E-02       5.77720529E-02
    29.8000       5.14859896E-02       5.17205762E-02       5.77175583E-02
    29.9000       5.14762149E-02       5.17101876E-02       5.76633329E-02
    30.0000       5.14665223E-02       5.16995424E-02       5.76093705E-02
    30.1000       5.14569105E-02       5.16890971E-02       5.75556646E-02
    30.2000       5.14473783E-02       5.16789014E-02       5.75022086E-02
    30.3000       5.14379254E-02       5.16685925E-02       5.74489959E-02
    30.4000       5.14285506E-02       5.16582216E-02       5.73960198E-02
    30.5000       5.14192531E-02       5.16482275E-02       5.73432733E-02
    30.6000       5.14100319E-02       5.16383564E-02       5.72907496E-02
    30.7000       5.14008862E-02       5.16281775E-02       5.72384414E-02
    30.8000       5.13918152E-02       5.16183205E-02       5.71863416E-02
    30.9000       5.13828179E-02       5.16085952E-02       5.71344429E-02
    31.0000       5.13738935E-02       5.15987870E-02       5.70827377E-02
    31.1000       5.13650413E-02       5.15891830E-02       5.70312183E-02
    31.2000       5.13562606E-02       5.15796218E-02       5.69798770E-02
    31.3000       5.13475502E-02       5.15701542E-02       5.69287059E-02
    31.4000       5.13389096E-02       5.15609900E-02       5.68776969E-02
    31.5000       5.13303378E-02       5.15513308E-02       5.68268418E-02
    31.6000       5.13218344E-02       5.15420115E-02       5.67761322E-02
    31.7000       5.13133986E-02       5.15330572E-02       5.67255597E-02
    31.8000       5.13050297E-02       5.15240130E-02       5.66751155E-02
    31.9000       5.12967269E-02       5.15149311E-02       5.66247908E-02
    32.0000       5.12884897E-02       5.15058759E-02       5.65745765E-02
    32.1000       5.12803172E-02       5.14965234E-02       5.65244635E-02
    32.2000       5.12722089E-02       5.14882608E-02       5.64744424E-02
    32.3000       5.12641639E-02       5.14791022E-02       5.64245038E-02
    32.4000       5.12561815E-02       5.14704998E-02       5.63746379E-02
    32.5000       5.12482610E-02       5.14618306E-02       5.63248350E-02
    32.6000       5.12404019E-02       5.14531994E-02       5.62750850E-02
    32.7000       5.12326036E-02       5.14449730E-02       5.62253777E-02
    32.8000       5.12248654E-02       5.14362494E-02       5.61757030E-02
    32.9000       5.12171865E-02       5.14278102E-02       5.61260504E-02
    33.0000       5.12095663E-02       5.14195968E-02       5.60764090E-02
    33.1000       5.12020042E-02       5.14115637E-02       5.60267681E-02
    33.2000       5.11944996E-02       5.14029782E-02       5.59771166E-02
    33.3000       5.11870519E-02       5.13950434E-02       5.59274434E-02
    33.4000       5.11796603E-02       5.13869173E-02       5.58777372E-02
    33.5000       5.11723243E-02       5.13787521E-02       5.58279864E-02
    33.6000       5.11650433E-02       5.13707388E-02       5.57781792E-02
    33.7000       5.11578168E-02       5.13626672E-02       5.57283039E-02
    33.8000       5.11506441E-02       5.13549664E-02       5.56783484E-02
    33.9000       5.11435247E-02       5.13471864E-02       5.56283004E-02
    34.0000       5.11364582E-02       5.13393385E-02       5.55781477E-02
    34.1000       5.11294440E-02       5.13317802E-02       5.55278777E-02
    34.2000       5.11224815E-02       5.13239793E-02       5.54774774E-02
    34.3000       5.11155703E-02       5.13164908E-02       5.54269340E-02
    34.4000       5.11087098E-02       5.13088173E-02       5.53762345E-02
    34.5000       5.11018996E-02       5.13015645E-02       5.53253656E-02
    34.6000       5.10951392E-02       5.12941222E-02       5.52743139E-02
    34.7000       5.10884278E-02       5.12866356E-02       5.52230654E-02
    34.8000       5.10817651E-02       5.12793958E-02       5.51716066E-02
    34.9000       5.10751506E-02       5.12720196E-02       5.51199234E-02
    35.0000       5.10685836E-02       5.12649148E-02       5.50680015E-02
    35.1000       5.10620638E-02       5.12576078E-02       5.50158268E-02
    35.2000       5.10555906E-02       5.12506046E-02       5.49633846E-02
    35.3000       5.10491637E-02       5.12433276E-02       5.49106602E-02
    35.4000       5.10427825E-02       5.12365445E-02       5.48576386E-02
    35.5000       5.10364466E-02       5.12295863E-02       5.48043049E-02
    35.6000       5.10301556E-02       5.12225465E-02       5.47506436E-02
    35.7000       5.10239091E-02       5.12155852E-02       5.46966392E-02
    35.8000       5.10177066E-02       5.12087666E-02       5.46422763E-02
    35.9000       5.10115478E-02       5.12019995E-02       5.45875390E-02
    36.0000       5.10054321E-02       5.11952964E-02       5.45324112E-02
    36.1000       5.09993593E-02       5.11886689E-02       5.44768769E-02
    36.2000       5.09933288E-02       5.11820752E-02       5.44209197E-02
    36.3000       5.09873404E-02       5.11753434E-02       5.43645228E-02
    36.4000       5.09813934E-02       5.11687191E-02       5.43076698E-02
    36.5000       5.09754876E-02       5.11622917E-02       5.42503433E-02
    36.6000       5.09696225E-02       5.11559915E-02       5.41925266E-02
    36.7000       5.09637977E-02       5.11493621E-02       5.41342025E-02
    36.8000       5.09580130E-02       5.11430026E-02       5.40753534E-02
    36.9000       5.09522678E-02       5.11365826E-02       5.40159618E-02
    37.0000       5.09465618E-02       5.11303149E-02       5.39560099E-02
    37.1000       5.09408946E-02       5.11240545E-02       5.38954798E-02
    37.2000       5.09352659E-02       5.11178007E-02       5.38343533E-02
    37.3000       5.09296753E-02       5.11117863E-02       5.37726121E-02
    37.4000       5.09241224E-02       5.11054496E-02       5.37102376E-02
    37.5000       5.09186070E-02       5.10994277E-02       5.36472112E-02
    37.6000       5.09131286E-02       5.10934052E-02       5.35835141E-02
    37.7000       5.09076871E-02       5.10873441E-02       5.35191272E-02
    37.8000       5.09022819E-02       5.10813864E-02       5.34540316E-02
    37.9000       5.08969128E-02       5.10755235E-02       5.33882078E-02
    38.0000       5.08915795E-02       5.10696050E-02       5.33216367E-02
    38.1000       5.08862817E-02       5.10638122E-02       5.32542985E-02
    38.2000       5.08810190E-02       5.10579267E-02       5.31861736E-02
    38.3000       5.08757911E-02       5.10521587E-02       5.31172423E-02
    38.4000       5.08705978E-02       5.10464228E-02       5.30474845E-02
    38.5000       5.08654387E-02       5.10406054E-02       5.29768804E-02
    38.6000       5.08603136E-02       5.10349795E-02       5.29054097E-02
    38.7000       5.08552223E-02       5.10293601E-02       5.28330524E-02
    38.8000       5.08501644E-02       5.10237888E-02       5.27597882E-02
    38.9000       5.08451396E-02       5.10183905E-02       5.26855967E-02
    39.0000       5.08401478E-02       5.10127273E-02       5.26104579E-02
    39.1000       5.08351886E-02       5.10071365E-02       5.25343511E-02
    39.2000       5.08302617E-02       5.10017427E-02       5.24572562E-02
    39.3000       5.08253671E-02       5.09963679E-02       5.23791526E-02
    39.4000       5.08205045E-02       5.09909437E-02       5.23000198E-02
    39.5000       5.08156738E-02       5.09856185E-02       5.22198376E-02
    39.6000       5.08108748E-02       5.09802833E-02       5.21385859E-02
    39.7000       5.08061072E-02       5.09749215E-02       5.20562442E-02
    39.8000       5.08013708E-02       5.09696981E-02       5.19727925E-02
    39.9000       5.07966657E-02       5.09644432E-02       5.18882106E-02
    40.0000       5.07919917E-02       5.09592187E-02       5.18024787E-02
    40.1000       5.07873486E-02       5.09542368E-02       5.17155769E-02
    40.2000       5.07827363E-02       5.09489712E-02       5.16274856E-02
    40.3000       5.07781546E-02       5.09438728E-02       5.15381855E-02
    40.4000       5.07736036E-02       5.09388492E-02       5.14476572E-02
    40.5000       5.07690830E-02       5.09337631E-02       5.13558820E-02
    40.6000       5.07645927E-02       5.09287714E-02       5.12628413E-02
    40.7000       5.07601328E-02       5.09237434E-02       5.11685166E-02
    40.8000       5.07557033E-02       5.09188654E-02       5.10728902E-02
    40.9000       5.07513041E-02       5.09139186E-02       5.09759443E-02
    41.0000       5.07469351E-02       5.09089838E-02       5.08776617E-02
    41.1000       5.07425964E-02       5.09040521E-02       5.07780255E-02
    41.2000       5.07382879E-02       5.08994012E-02       5.06770198E-02
    41.3000       5.07340098E-02       5.08945557E-02       5.05746287E-02
    41.4000       5.07297618E-02       5.08898140E-02       5.04708372E-02
    41.5000       5.07255442E-02       5.08851111E-02       5.03656307E-02
    41.6000       5.07213569E-02       5.08803994E-02       5.02589953E-02
    41.7000       5.07172000E-02       5.08757305E-02       5.01509181E-02
    41.8000       5.07130735E-02       5.08709632E-02       5.00413860E-02
    41.9000       5.07089777E-02       5.08664187E-02       4.99303869E-02
    42.0000       5.07049124E-02       5.08618297E-02       4.98179097E-02
    42.1000       5.07008780E-02       5.08572418E-02       4.97039440E-02
    42.2000       5.06968745E-02       5.08527035E-02       4.95884808E-02
    42.3000       5.06929020E-02       5.08482153E-02       4.94715114E-02
    42.4000       5.06889607E-02       5.08437514E-02       4.93530282E-02
    42.5000       5.06850506E-02       5.08392749E-02       4.92330245E-02
    42.6000       5.06811720E-02       5.08348366E-02       4.91114952E-02
    42.7000       5.06773251E-02       5.08304976E-02       4.89884355E-02
    42.8000       5.06735100E-02       5.08261541E-02       4.88638419E-02
    42.9000       5.06697269E-02       5.08218445E-02       4.87377121E-02
    43.0000       5.06659760E-02       5.08175556E-02       4.86100448E-02
    43.1000       5.06622575E-02       5.08133312E-02       4.84808401E-02
    43.2000       5.06585716E-02       5.08090794E-02       4.83500994E-02
    43.3000       5.06549185E-02       5.08048966E-02       4.82178250E-02
    43.4000       5.06512984E-02       5.08006709E-02       4.80840205E-02
    43.5000       5.06477115E-02       5.07966179E-02       4.79486911E-02
    43.6000       5.06441581E-02       5.07924397E-02       4.78118431E-02
    43.7000       5.06406384E-02       5.07883928E-02       4.76734838E-02
    43.8000       5.06371527E-02       5.07844123E-02       4.75336221E-02
    43.9000       5.06337013E-02       5.07803887E-02       4.73922690E-02
    44.0000       5.06302843E-02       5.07764394E-02       4.72494360E-02
    44.1000       5.06269022E-02       5.07724622E-02       4.71051365E-02
    44.2000       5.06235551E-02       5.07685752E-02       4.69593849E-02
    44.3000       5.06202433E-02       5.07647376E-02       4.68121971E-02
    44.4000       5.06169672E-02       5.07608603E-02       4.66635907E-02
    44.5000       5.06137270E-02       5.07570789E-02       4.65135845E-02
    44.6000       5.06105232E-02       5.07533365E-02       4.63621982E-02
    44.7000       5.06073558E-02       5.07496074E-02       4.62094534E-02
    44.8000       5.06042254E-02       5.07459203E-02       4.60553739E-02
    44.9000       5.06011322E-02       5.07422430E-02       4.58999846E-02
    45.0000       5.05980766E-02       5.07386312E-02       4.57433118E-02
    45.1000       5.05950589E-02       5.07350915E-02       4.55853830E-02
    45.2000       5.05920795E-02       5.07315908E-02       4.54262275E-02
    45.3000       5.05891388E-02       5.07280018E-02       4.52658758E-02
    45.4000       5.05862372E-02       5.07245583E-02       4.51043602E-02
    45.5000       5.05833751E-02       5.07211250E-02       4.49417136E-02
    45.6000       5.05805528E-02       5.07177000E-02       4.47779710E-02
    45.7000       5.05777707E-02       5.07143830E-02       4.46131683E-02
    45.8000       5.05750293E-02       5.07110485E-02       4.44473433E-02
    45.9000       5.05723291E-02       5.07077652E-02       4.42805348E-02
    46.0000       5.05696705E-02       5.07045664E-02       4.41127838E-02
    46.1000       5.05670540E-02       5.07013815E-02       4.39441314E-02
    46.2000       5.05644799E-02       5.06982153E-02       4.37746202E-02
    46.3000       5.05619490E-02       5.06950260E-02       4.36042936E-02
    46.4000       5.05594615E-02       5.06919889E-02       4.34331959E-02
    46.5000       5.05570182E-02       5.06889546E-02       4.32613735E-02
    46.6000       5.05546194E-02       5.06859653E-02       4.30888732E-02
    46.7000       5.05522657E-02       5.06830316E-02       4.29157428E-02
    46.8000       5.05499577E-02       5.06801074E-02       4.27420306E-02
    46.9000       5.05476960E-02       5.06772227E-02       4.25677869E-02
    47.0000       5.05454811E-02       5.06744648E-02       4.23930622E-02
    47.1000       5.05433137E-02       5.06716076E-02       4.22179069E-02
    47.2000       5.05411942E-02       5.06689289E-02       4.20423735E-02
    47.3000       5.05391233E-02       5.06662160E-02       4.18665138E-02
    47.4000       5.05371017E-02       5.06636126E-02       4.16903805E-02
    47.5000       5.05351300E-02       5.06610598E-02       4.15140272E-02
    47.6000       5.05332088E-02       5.06585322E-02       4.13375080E-02
    47.7000       5.05313387E-02       5.06560331E-02       4.11608775E-02
    47.8000       5.05295206E-02       5.06535716E-02       4.09841901E-02
    47.9000       5.05277549E-02       5.06512203E-02       4.08075006E-02
    48.0000       5.05260425E-02       5.06488767E-02       4.06308640E-02
    48.1000       5.05243839E-02       5.06466137E-02       4.04543350E-02
    48.2000       5.05227800E-02       5.06443705E-02       4.02779686E-02
    48.3000       5.05212313E-02       5.06422482E-02       4.01018196E-02
    48.4000       5.05197387E-02       5.06401114E-02       3.99259427E-02
    48.5000       5.05183029E-02       5.06380926E-02       3.97503923E-02
    48.6000       5.05169247E-02       5.06360625E-02       3.95752234E-02
    48.7000       5.05156048E-02       5.06341305E-02       3.94004903E-02
    48.8000       5.05143441E-02       5.06322349E-02       3.92262474E-02
    48.9000       5.05131433E-02       5.06304060E-02       3.90525475E-02
    49.0000       5.05120032E-02       5.06286657E-02       3.88794434E-02
    49.1000       5.05109247E-02       5.06269816E-02       3.87069878E-02
    49.2000       5.05099085E-02       5.06253155E-02       3.85352317E-02
    49.3000       5.05089556E-02       5.06237334E-02       3.83642266E-02
    49.4000       5.05080667E-02       5.06222468E-02       3.81940232E-02
    49.5000       5.05072427E-02       5.06208248E-02       3.80246722E-02
    49.6000       5.05064844E-02       5.06194430E-02       3.78562220E-02
    49.7000       5.05057927E-02       5.06181317E-02       3.76887209E-02
    49.8000       5.05051685E-02       5.06168901E-02       3.75222163E-02
    49.9000       5.05046126E-02       5.06157382E-02       3.73567546E-02
    50.0000       5.05041260E-02       5.06147107E-02       3.71923818E-02
    50.1000       5.05037094E-02       5.06137132E-02       3.70291421E-02
    50.2000       5.05033637E-02       5.06127550E-02       3.68670791E-02
    50.3000       5.05030899E-02       5.06119298E-02       3.67062345E-02
    50.4000       5.05028887E-02       5.06111558E-02       3.65466499E-02
    50.5000       5.05027610E-02       5.06104642E-02       3.63883654E-02
    50.6000       5.05027076E-02       5.06098413E-02       3.62314195E-02
    50.7000       5.05027295E-02       5.06093394E-02       3.60758497E-02
    50.8000       5.05028275E-02       5.06088787E-02       3.59216924E-02
    50.9000       5.05030024E-02       5.06085155E-02       3.57689824E-02
    51.0000       5.05032551E-02       5.06082443E-02       3.56177536E-02
    51.1000       5.05035866E-02       5.06080562E-02       3.54680381E-02
    51.2000       5.05039975E-02       5.06079352E-02       3.53198672E-02
    51.3000       5.05044889E-02       5.06079158E-02       3.51732702E-02
    51.4000       5.05050615E-02       5.06080163E-02       3.50282751E-02
    51.5000       5.05057163E-02       5.06082008E-02       3.48849096E-02
    51.6000       5.05064541E-02       5.06084267E-02       3.47431994E-02
    51.7000       5.05072757E-02       5.06087700E-02       3.46031693E-02
    51.8000       5.05081821E-02       5.06092034E-02       3.44648417E-02
    51.9000       5.05091740E-02       5.06097372E-02       3.43282380E-02
    52.0000       5.05102523E-02       5.06103779E-02       3.41933779E-02
    52.1000       5.05114179E-02       5.06110797E-02       3.40602809E-02
    52.2000       5.05126716E-02       5.06119561E-02       3.39289645E-02
    52.3000       5.05140144E-02       5.06128261E-02       3.37994450E-02
    52.4000       5.05154469E-02       5.06138913E-02       3.36717375E-02
    52.5000       5.05169701E-02       5.06149687E-02       3.35458552E-02
    52.6000       5.05185847E-02       5.06162311E-02       3.34218102E-02
    52.7000       5.05202917E-02       5.06175173E-02       3.32996137E-02
    52.8000       5.05220918E-02       5.06189389E-02       3.31792746E-02
    52.9000       5.05239859E-02       5.06204953E-02       3.30608004E-02
    53.0000       5.05259746E-02       5.06220874E-02       3.29441981E-02
    53.1000       5.05280588E-02       5.06238408E-02       3.28294730E-02
    53.2000       5.05302392E-02       5.06256613E-02       3.27166288E-02
    53.3000       5.05325165E-02       5.06276174E-02       3.26056681E-02
    53.4000       5.05348914E-02       5.06296908E-02       3.24965923E-02
    53.5000       5.05373646E-02       5.06319004E-02       3.23894013E-02
    53.6000       5.05399367E-02       5.06341295E-02       3.22840940E-02
    53.7000       5.05426084E-02       5.06365090E-02       3.21806690E-02
    53.8000       5.05453802E-02       5.06390367E-02       3.20791228E-02
    53.9000       5.05482527E-02       5.06415833E-02       3.19794513E-02
    54.0000       5.05512266E-02       5.06443623E-02       3.18816484E-02
    54.1000       5.05543024E-02       5.06471873E-02       3.17857080E-02
    54.2000       5.05574805E-02       5.06501085E-02       3.16916230E-02
    54.3000       5.05607615E-02       5.06531877E-02       3.15993849E-02
    54.4000       5.05641460E-02       5.06563503E-02       3.15089845E-02
    54.5000       5.05676344E-02       5.06596543E-02       3.14204110E-02
    54.6000       5.05712271E-02       5.06630607E-02       3.13336529E-02
    54.7000       5.05749247E-02       5.06665184E-02       3.12486981E-02
    54.8000       5.05787276E-02       5.06701843E-02       3.11655340E-02
    54.9000       5.05826363E-02       5.06738831E-02       3.10841465E-02
    55.0000       5.05866512E-02       5.06777578E-02       3.10045213E-02
    55.1000       5.05907726E-02       5.06817413E-02       3.09266433E-02
    55.2000       5.05950011E-02       5.06858136E-02       3.08504962E-02
    55.3000       5.05993369E-02       5.06900002E-02       3.07760638E-02
    55.4000       5.06037805E-02       5.06943115E-02       3.07033289E-02
    55.5000       5.06083321E-02       5.06987539E-02       3.06322734E-02
    55.6000       5.06129921E-02       5.07032693E-02       3.05628787E-02
    55.7000       5.06177607E-02       5.07079602E-02       3.04951257E-02
    55.8000       5.06226382E-02       5.07126857E-02       3.04289951E-02
    55.9000       5.06276249E-02       5.07175732E-02       3.03644669E-02
    56.0000       5.06327209E-02       5.07226109E-02       3.03015205E-02
    56.1000       5.06379264E-02       5.07277281E-02       3.02401355E-02
    56.2000       5.06432416E-02       5.07329554E-02       3.01802911E-02
    56.3000       5.06486666E-02       5.07383087E-02       3.01219663E-02
    56.4000       5.06542017E-02       5.07437770E-02       3.00651399E-02
    56.5000       5.06598467E-02       5.07493631E-02       3.00097902E-02
    56.6000       5.06656020E-02       5.07550366E-02       2.99558954E-02
    56.7000       5.06714673E-02       5.07608621E-02       2.99034337E-02
    56.8000       5.06774429E-02       5.07667801E-02       2.98523834E-02
    56.9000       5.06835287E-02       5.07728109E-02       2.98027222E-02
    57.0000       5.06897246E-02       5.07789628E-02       2.97544283E-02
    57.1000       5.06960306E-02       5.07852495E-02       2.97074791E-02
    57.2000       5.07024466E-02       5.07916269E-02       2.96618522E-02
    57.3000       5.07089725E-02       5.07981035E-02       2.96175252E-02
    57.4000       5.07156082E-02       5.08047483E-02       2.95744756E-02
    57.5000       5.07223534E-02       5.08114343E-02       2.95326811E-02
    57.6000       5.07292081E-02       5.08182391E-02       2.94921197E-02
    57.7000       5.07361720E-02       5.08252271E-02       2.94527687E-02
    57.8000       5.07432450E-02       5.08322502E-02       2.94146063E-02
    57.9000       5.07504266E-02       5.08394256E-02       2.93776105E-02
    58.0000       5.07577168E-02       5.08467127E-02       2.93417591E-02
    58.1000       5.07651150E-02       5.08540862E-02       2.93070310E-02
    58.2000       5.07726210E-02       5.08615915E-02       2.92734039E-02
    58.3000       5.07802342E-02       5.08692353E-02       2.92408564E-02
    58.4000       5.07879543E-02       5.08769114E-02       2.92093668E-02
    58.5000       5.07957807E-02       5.08847438E-02       2.91789141E-02
    58.6000       5.08037129E-02       5.08926935E-02       2.91494772E-02
    58.7000       5.08117501E-02       5.09007544E-02       2.91210356E-02
    58.8000       5.08198917E-02       5.09089044E-02       2.90935687E-02
    58.9000       5.08281371E-02       5.09171636E-02       2.90670567E-02
    59.0000       5.08364853E-02       5.09255856E-02       2.90414801E-02
    59.1000       5.08449357E-02       5.09340803E-02       2.90168199E-02
    59.2000       5.08534874E-02       5.09426362E-02       2.89930575E-02
    59.3000       5.08621395E-02       5.09513194E-02       2.89701747E-02
    59.4000       5.08708908E-02       5.09601656E-02       2.89481526E-02
    59.5000       5.08797405E-02       5.09690537E-02       2.89269739E-02
    59.6000       5.08886874E-02       5.09780903E-02       2.89066209E-02
    59.7000       5.08977302E-02       5.09871694E-02       2.88870763E-02
    59.8000       5.09068678E-02       5.09964111E-02       2.88683235E-02
    59.9000       5.09160988E-02       5.10057296E-02       2.88503464E-02
    60.0000       5.09254217E-02       5.10151783E-02       2.88331285E-02
    60.1000       5.09348352E-02       5.10246765E-02       2.88166541E-02
    60.2000       5.09443377E-02       5.10343111E-02       2.88009083E-02
    60.3000       5.09539277E-02       5.10440135E-02       2.87858762E-02
    60.4000       5.09636034E-02       5.10538429E-02       2.87715431E-02
    60.5000       5.09733630E-02       5.10637714E-02       2.87578954E-02
    60.6000       5.09832048E-02       5.10737390E-02       2.87449192E-02
    60.7000       5.09931267E-02       5.10838709E-02       2.87326008E-02
    60.8000       5.10031267E-02       5.10940820E-02       2.87209274E-02
    60.9000       5.10132024E-02       5.11043276E-02       2.87098860E-02
    61.0000       5.10233517E-02       5.11147457E-02       2.86994643E-02
    61.1000       5.10335722E-02       5.11251999E-02       2.86896509E-02
    61.2000       5.10438614E-02       5.11357216E-02       2.86804347E-02
    61.3000       5.10542167E-02       5.11463929E-02       2.86718053E-02
    61.4000       5.10646355E-02       5.11570939E-02       2.86637526E-02
    61.5000       5.10751150E-02       5.11679141E-02       2.86562673E-02
    61.6000       5.10856523E-02       5.11788525E-02       2.86493401E-02
    61.7000       5.10962443E-02       5.11897772E-02       2.86429620E-02
    61.8000       5.11068877E-02       5.12008264E-02       2.86371247E-02
    61.9000       5.11175792E-02       5.12119825E-02       2.86318205E-02
    62.0000       5.11283154E-02       5.12232102E-02       2.86270419E-02
    62.1000       5.11390927E-02       5.12345020E-02       2.86227827E-02
    62.2000       5.11499076E-02       5.12458196E-02       2.86190366E-02
    62.3000       5.11607562E-02       5.12572583E-02       2.86157977E-02
    62.4000       5.11716347E-02       5.12687481E-02       2.86130608E-02
    62.5000       5.11825391E-02       5.12802825E-02       2.86108213E-02
    62.6000       5.11934651E-02       5.12918658E-02       2.86090754E-02
    62.7000       5.12044084E-02       5.13035814E-02       2.86078192E-02
    62.8000       5.12153647E-02       5.13153491E-02       2.86070502E-02
    62.9000       5.12263295E-02       5.13271119E-02       2.86067661E-02
    63.0000       5.12372982E-02       5.13390030E-02       2.86069659E-02
    63.1000       5.12482661E-02       5.13509020E-02       2.86076495E-02
    63.2000       5.12592284E-02       5.13628706E-02       2.86088178E-02
    63.3000       5.12701803E-02       5.13749007E-02       2.86104723E-02
    63.4000       5.12811167E-02       5.13869364E-02       2.86126157E-02
    63.5000       5.12920328E-02       5.13990145E-02       2.86152523E-02
    63.6000       5.13029236E-02       5.14111576E-02       2.86183879E-02
    63.7000       5.13137839E-02       5.14233657E-02       2.86220296E-02
    63.8000       5.13246088E-02       5.14355203E-02       2.86261863E-02
    63.9000       5.13353933E-02       5.14477553E-02       2.86308683E-02
    64.0000       5.13461325E-02       5.14600663E-02       2.86360883E-02
    64.1000       5.13568215E-02       5.14723619E-02       2.86418610E-02
    64.2000       5.13674557E-02       5.14846818E-02       2.86482034E-02
    64.3000       5.13780304E-02       5.14970147E-02       2.86551352E-02
    64.4000       5.13885413E-02       5.15093419E-02       2.86626791E-02
    64.5000       5.13989843E-02       5.15217604E-02       2.86708605E-02
    64.6000       5.14093553E-02       5.15341211E-02       2.86797082E-02
    64.7000       5.14196506E-02       5.15465166E-02       2.86892542E-02
    64.8000       5.14298667E-02       5.15589098E-02       2.86995340E-02
    64.9000       5.14400001E-02       5.15713784E-02       2.87105870E-02
    65.0000       5.14500477E-02       5.15837835E-02       2.87224559E-02
    65.1000       5.14600064E-02       5.15962171E-02       2.87351869E-02
    65.2000       5.14698732E-02       5.16086414E-02       2.87488294E-02
    65.3000       5.14796451E-02       5.16210422E-02       2.87634352E-02
    65.4000       5.14893191E-02       5.16334318E-02       2.87790580E-02
    65.5000       5.14988918E-02       5.16458509E-02       2.87957527E-02
    65.6000       5.15083597E-02       5.16582811E-02       2.88135739E-02
    65.7000       5.15177186E-02       5.16706723E-02       2.88325746E-02
    65.8000       5.15269640E-02       5.16830966E-02       2.88528047E-02
    65.9000       5.15360906E-02       5.16954619E-02       2.88743093E-02
    66.0000       5.15450921E-02       5.17078610E-02       2.88971267E-02
    66.1000       5.15539620E-02       5.17202474E-02       2.89212869E-02
    66.2000       5.15626925E-02       5.17325886E-02       2.89468098E-02
    66.3000       5.15712753E-02       5.17449815E-02       2.89737034E-02
    66.4000       5.15797014E-02       5.17573762E-02       2.90019630E-02
    66.5000       5.15879612E-02       5.17697143E-02       2.90315701E-02
    66.6000       5.15960448E-02       5.17820616E-02       2.90624925E-02
    66.7000       5.16039424E-02       5.17944284E-02       2.90946844E-02
    66.8000       5.16116439E-02       5.18067788E-02       2.91280869E-02
    66.9000       5.16191398E-02       5.18191149E-02       2.91626294E-02
    67.0000       5.16264209E-02       5.18315556E-02       2.91982308E-02
    67.1000       5.16334786E-02       5.18439026E-02       2.92348021E-02
    67.2000       5.16403049E-02       5.18563048E-02       2.92722482E-02
    67.3000       5.16468930E-02       5.18686946E-02       2.93104699E-02
    67.4000       5.16532370E-02       5.18811141E-02       2.93493672E-02
    67.5000       5.16593318E-02       5.18934761E-02       2.93888406E-02
    67.6000       5.16651737E-02       5.19059073E-02       2.94287940E-02
    67.7000       5.16707599E-02       5.19183193E-02       2.94691361E-02
    67.8000       5.16760886E-02       5.19307309E-02       2.95097819E-02
    67.9000       5.16811588E-02       5.19431808E-02       2.95506542E-02
    68.0000       5.16859705E-02       5.19556229E-02       2.95916846E-02
    68.1000       5.16905245E-02       5.19680269E-02       2.96328135E-02
    68.2000       5.16948222E-02       5.19804426E-02       2.96739904E-02
    68.3000       5.16988654E-02       5.19929740E-02       2.97151740E-02
    68.4000       5.17026565E-02       5.20053776E-02       2.97563313E-02
    68.5000       5.17061980E-02       5.20177619E-02       2.97974372E-02
    68.6000       5.17094926E-02       5.20302076E-02       2.98384732E-02
    68.7000       5.17125432E-02       5.20425945E-02       2.98794268E-02
    68.8000       5.17153529E-02       5.20549787E-02       2.99202900E-02
    68.9000       5.17179246E-02       5.20673906E-02       2.99610589E-02
    69.0000       5.17202615E-02       5.20797999E-02       3.00017320E-02
    69.1000       5.17223668E-02       5.20921480E-02       3.00423098E-02
    69.2000       5.17242437E-02       5.21044672E-02       3.00827935E-02
    69.3000       5.17258956E-02       5.21168507E-02       3.01231846E-02
    69.4000       5.17273259E-02       5.21291936E-02       3.01634842E-02
    69.5000       5.17285384E-02       5.21415261E-02       3.02036931E-02
    69.6000       5.17295370E-02       5.21538781E-02       3.02438113E-02
    69.7000       5.17303260E-02       5.21661639E-02       3.02838379E-02
    69.8000       5.17309098E-02       5.21784419E-02       3.03237716E-02
    69.9000       5.17312932E-02       5.21906998E-02       3.03636102E-02
    70.0000       5.17314813E-02       5.22030181E-02       3.04033516E-02
    70.1000       5.17314792E-02       5.22153041E-02       3.04429936E-02
    70.2000       5.17312926E-02       5.22275382E-02       3.04825343E-02
    70.3000       5.17309268E-02       5.22397758E-02       3.05219724E-02
    70.4000       5.17303876E-02       5.22519944E-02       3.05613072E-02
    70.5000       5.17296804E-02       5.22642426E-02       3.06005390E-02
    70.6000       5.17288108E-02       5.22763758E-02       3.06396690E-02
    70.7000       5.17277840E-02       5.22885553E-02       3.06786993E-02
    70.8000       5.17266052E-02       5.23007282E-02       3.07176332E-02
    70.9000       5.17252794E-02       5.23128853E-02       3.07564748E-02
    71.0000       5.17238112E-02       5.23249574E-02       3.07952288E-02
    71.1000       5.17222047E-02       5.23370862E-02       3.08339005E-02
    71.2000       5.17204638E-02       5.23491084E-02       3.08724960E-02
    71.3000       5.17185923E-02       5.23611514E-02       3.09110213E-02
    71.4000       5.17165932E-02       5.23731352E-02       3.09494828E-02
    71.5000       5.17144694E-02       5.23851105E-02       3.09878870E-02
    71.6000       5.17122233E-02       5.23970336E-02       3.10262400E-02
    71.7000       5.17098572E-02       5.24088978E-02       3.10645478E-02
    71.8000       5.17073728E-02       5.24207132E-02       3.11028165E-02
    71.9000       5.17047715E-02       5.24325788E-02       3.11410516E-02
    72.0000       5.17020547E-02       5.24443375E-02       3.11792585E-02
    72.1000       5.16992232E-02       5.24559845E-02       3.12174425E-02
    72.2000       5.16962777E-02       5.24676848E-02       3.12556086E-02
    72.3000       5.16932186E-02       5.24792551E-02       3.12937618E-02
    72.4000       5.16900461E-02       5.24908808E-02       3.13319073E-02
    72.5000       5.16867601E-02       5.25023077E-02       3.13700500E-02
    72.6000       5.16833604E-02       5.25138580E-02       3.14081951E-02
    72.7000       5.16798466E-02       5.25251229E-02       3.14463478E-02
    72.8000       5.16762180E-02       5.25365539E-02       3.14845137E-02
    72.9000       5.16724741E-02       5.25478026E-02       3.15226980E-02
    73.0000       5.16686142E-02       5.25589250E-02       3.15609060E-02
    73.1000       5.16646375E-02       5.25700636E-02       3.15991431E-02
    73.2000       5.16605433E-02       5.25810289E-02       3.16374140E-02
    73.3000       5.16563311E-02       5.25920283E-02       3.16757235E-02
    73.4000       5.16520001E-02       5.26028946E-02       3.17140754E-02
    73.5000       5.16475502E-02       5.26137735E-02       3.17524734E-02
    73.6000       5.16429811E-02       5.26244326E-02       3.17909200E-02
    73.7000       5.16382930E-02       5.26350706E-02       3.18294171E-02
    73.8000       5.16334863E-02       5.26455896E-02       3.18679656E-02
    73.9000       5.16285616E-02       5.26560132E-02       3.19065654E-02
    74.0000       5.16235199E-02       5.26663480E-02       3.19452154E-02
    74.1000       5.16183624E-02       5.26766161E-02       3.19839136E-02
    74.2000       5.16130908E-02       5.26867231E-02       3.20226568E-02
    74.3000       5.16077069E-02       5.26967832E-02       3.20614410E-02
    74.4000       5.16022128E-02       5.27067023E-02       3.21002613E-02
    74.5000       5.15966110E-02       5.27165886E-02       3.21391118E-02
    74.6000       5.15909040E-02       5.27262336E-02       3.21779859E-02
    74.7000       5.15850947E-02       5.27358764E-02       3.22168762E-02
    74.8000       5.15791861E-02       5.27454313E-02       3.22557747E-02
    74.9000       5.15731816E-02       5.27547316E-02       3.22946728E-02
    75.0000       5.15670845E-02       5.27639322E-02       3.23335616E-02
    75.1000       5.15608984E-02       5.27730586E-02       3.23724316E-02
    75.2000       5.15546268E-02       5.27820368E-02       3.24112733E-02
    75.3000       5.15482736E-02       5.27908227E-02       3.24500768E-02
    75.4000       5.15418426E-02       5.27994611E-02       3.24888323E-02
    75.5000       5.15353377E-02       5.28078805E-02       3.25275298E-02
    75.6000       5.15287630E-02       5.28163482E-02       3.25661596E-02
    75.7000       5.15221223E-02       5.28244401E-02       3.26047122E-02
    75.8000       5.15154198E-02       5.28325680E-02       3.26431781E-02
    75.9000       5.15086593E-02       5.28403573E-02       3.26815487E-02
    76.0000       5.15018450E-02       5.28480896E-02       3.27198153E-02
    76.1000       5.14949808E-02       5.28555779E-02       3.27579700E-02
    76.2000       5.14880705E-02       5.28629425E-02       3.27960052E-02
    76.3000       5.14811180E-02       5.28699670E-02       3.28339142E-02
    76.4000       5.14741270E-02       5.28769220E-02       3.28716906E-02
    76.5000       5.14671012E-02       5.28835549E-02       3.29093288E-02
    76.6000       5.14600439E-02       5.28902354E-02       3.29468236E-02
    76.7000       5.14529586E-02       5.28964693E-02       3.29841706E-02
    76.8000       5.14458486E-02       5.29026196E-02       3.30213660E-02
    76.9000       5.14387170E-02       5.29084677E-02       3.30584062E-02
    77.0000       5.14315667E-02       5.29140618E-02       3.30952883E-02
    77.1000       5.14244007E-02       5.29195586E-02       3.31320096E-02
    77.2000       5.14172218E-02       5.29246715E-02       3.31685678E-02
    77.3000       5.14100324E-02       5.29297127E-02       3.32049606E-02
    77.4000       5.14028352E-02       5.29343932E-02       3.32411861E-02
    77.5000       5.13956328E-02       5.29388312E-02       3.32772423E-02
    77.6000       5.13884275E-02       5.29431487E-02       3.33131273E-02
    77.7000       5.13812215E-02       5.29470723E-02       3.33488392E-02
    77.8000       5.13740173E-02       5.29507771E-02       3.33843761E-02
    77.9000       5.13668170E-02       5.29542517E-02       3.34197359E-02
    78.0000       5.13596229E-02       5.29573347E-02       3.34549166E-02
    78.1000       5.13524371E-02       5.29603120E-02       3.34899160E-02
    78.2000       5.13452618E-02       5.29630047E-02       3.35247320E-02
    78.3000       5.13380991E-02       5.29653420E-02       3.35593622E-02
    78.4000       5.13309508E-02       5.29673618E-02       3.35938045E-02
    78.5000       5.13238191E-02       5.29691472E-02       3.36280566E-02
    78.6000       5.13167059E-02       5.29705494E-02       3.36621160E-02
    78.7000       5.13096130E-02       5.29717712E-02       3.36959808E-02
    78.8000       5.13025423E-02       5.29725996E-02       3.37296486E-02
    78.9000       5.12954956E-02       5.29732581E-02       3.37631174E-02
    79.0000       5.12884747E-02       5.29735930E-02       3.37963853E-02
    79.1000       5.12814813E-02       5.29737026E-02       3.38294503E-02
    79.2000       5.12745169E-02       5.29732395E-02       3.38623106E-02
    79.3000       5.12675832E-02       5.29726613E-02       3.38949646E-02
    79.4000       5.12606819E-02       5.29718148E-02       3.39274105E-02
    79.5000       5.12538144E-02       5.29706287E-02       3.39596466E-02
    79.6000       5.12469824E-02       5.29690927E-02       3.39916713E-02
    79.7000       5.12401874E-02       5.29672551E-02       3.40234828E-02
    79.8000       5.12334309E-02       5.29650464E-02       3.40550793E-02
    79.9000       5.12267146E-02       5.29626037E-02       3.40864591E-02
    80.0000       5.12200398E-02       5.29598498E-02       3.41176200E-02
    80.1000       5.12134079E-02       5.29566877E-02       3.41485601E-02
    80.2000       5.12068206E-02       5.29531837E-02       3.41792772E-02
    80.3000       5.12002790E-02       5.29493988E-02       3.42097692E-02
    80.4000       5.11937846E-02       5.29454443E-02       3.42400338E-02
    80.5000       5.11873387E-02       5.29410228E-02       3.42700690E-02
    80.6000       5.11809424E-02       5.29363731E-02       3.42998726E-02
    80.7000       5.11745968E-02       5.29313086E-02       3.43294424E-02
    80.8000       5.11683031E-02       5.29259276E-02       3.43587766E-02
    80.9000       5.11620621E-02       5.29202587E-02       3.43878731E-02
    81.0000       5.11558747E-02       5.29141720E-02       3.44167303E-02
    81.1000       5.11497416E-02       5.29079178E-02       3.44453466E-02
    81.2000       5.11436634E-02       5.29013319E-02       3.44737207E-02
    81.3000       5.11376405E-02       5.28944106E-02       3.45018514E-02
    81.4000       5.11316734E-02       5.28871696E-02       3.45297379E-02
    81.5000       5.11257623E-02       5.28795625E-02       3.45573797E-02
    81.6000       5.11199071E-02       5.28717030E-02       3.45847762E-02
    81.7000       5.11141081E-02       5.28635709E-02       3.46119275E-02
    81.8000       5.11083651E-02       5.28550919E-02       3.46388336E-02
    81.9000       5.11026776E-02       5.28462632E-02       3.46654951E-02
    82.0000       5.10970453E-02       5.28372052E-02       3.46919127E-02
    82.1000       5.10914678E-02       5.28279068E-02       3.47180872E-02
    82.2000       5.10859442E-02       5.28182389E-02       3.47440201E-02
    82.3000       5.10804740E-02       5.28082701E-02       3.47697129E-02
    82.4000       5.10750562E-02       5.27980971E-02       3.47951673E-02
    82.5000       5.10696898E-02       5.27875117E-02       3.48203854E-02
    82.6000       5.10643738E-02       5.27767901E-02       3.48453693E-02
    82.7000       5.10591070E-02       5.27657293E-02       3.48701215E-02
    82.8000       5.10538883E-02       5.27543897E-02       3.48946445E-02
    82.9000       5.10487163E-02       5.27428153E-02       3.49189413E-02
    83.0000       5.10435899E-02       5.27309582E-02       3.49430148E-02
    83.1000       5.10385077E-02       5.27188703E-02       3.49668682E-02
    83.2000       5.10334683E-02       5.27065545E-02       3.49905048E-02
    83.3000       5.10284706E-02       5.26938927E-02       3.50139280E-02
    83.4000       5.10235133E-02       5.26811428E-02       3.50371416E-02
    83.5000       5.10185952E-02       5.26680298E-02       3.50601491E-02
    83.6000       5.10137152E-02       5.26547775E-02       3.50829546E-02
    83.7000       5.10088724E-02       5.26412687E-02       3.51055620E-02
    83.8000       5.10040658E-02       5.26275629E-02       3.51279754E-02
    83.9000       5.09992946E-02       5.26136872E-02       3.51501990E-02
    84.0000       5.09945582E-02       5.25995175E-02       3.51722369E-02
    84.1000       5.09898562E-02       5.25851779E-02       3.51940937E-02
    84.2000       5.09851881E-02       5.25707275E-02       3.52157736E-02
    84.3000       5.09805540E-02       5.25559884E-02       3.52372810E-02
    84.4000       5.09759539E-02       5.25410464E-02       3.52586203E-02
    84.5000       5.09713879E-02       5.25259853E-02       3.52797961E-02
    84.6000       5.09668567E-02       5.25108114E-02       3.53008127E-02
    84.7000       5.09623608E-02       5.24954519E-02       3.53216745E-02
    84.8000       5.09579013E-02       5.24799781E-02       3.53423860E-02
    84.9000       5.09534790E-02       5.24642528E-02       3.53629515E-02
    85.0000       5.09490954E-02       5.24484756E-02       3.53833752E-02
    85.1000       5.09447520E-02       5.24326340E-02       3.54036612E-02
    85.2000       5.09404506E-02       5.24167067E-02       3.54238138E-02
    85.3000       5.09361928E-02       5.24007253E-02       3.54438367E-02
    85.4000       5.09319809E-02       5.23846063E-02       3.54637339E-02
    85.5000       5.09278172E-02       5.23684811E-02       3.54835091E-02
    85.6000       5.09237041E-02       5.23522555E-02       3.55031657E-02
    85.7000       5.09196442E-02       5.23360106E-02       3.55227073E-02
    85.8000       5.09156404E-02       5.23198101E-02       3.55421370E-02
    85.9000       5.09116956E-02       5.23036010E-02       3.55614578E-02
    86.0000       5.09078132E-02       5.22873354E-02       3.55806727E-02
    86.1000       5.09039964E-02       5.22711058E-02       3.55997842E-02
    86.2000       5.09002486E-02       5.22548913E-02       3.56187948E-02
    86.3000       5.08965736E-02       5.22388044E-02       3.56377066E-02
    86.4000       5.08929750E-02       5.22227415E-02       3.56565216E-02
    86.5000       5.08894567E-02       5.22067546E-02       3.56752415E-02
    86.6000       5.08860226E-02       5.21908178E-02       3.56938677E-02
    86.7000       5.08826768E-02       5.21750781E-02       3.57124014E-02
    86.8000       5.08794234E-02       5.21593885E-02       3.57308435E-02
    86.9000       5.08762666E-02       5.21438410E-02       3.57491946E-02
    87.0000       5.08732107E-02       5.21284608E-02       3.57674552E-02
    87.1000       5.08702597E-02       5.21132252E-02       3.57856253E-02
    87.2000       5.08674180E-02       5.20981518E-02       3.58037049E-02
    87.3000       5.08646899E-02       5.20832380E-02       3.58216938E-02
    87.4000       5.08620798E-02       5.20685086E-02       3.58395914E-02
    87.5000       5.08595918E-02       5.20539984E-02       3.58573972E-02
    87.6000       5.08572303E-02       5.20397118E-02       3.58751104E-02
    87.7000       5.08549997E-02       5.20256565E-02       3.58927304E-02
    87.8000       5.08529040E-02       5.20117507E-02       3.59102562E-02
    87.9000       5.08509475E-02       5.19981524E-02       3.59276870E-02
    88.0000       5.08491342E-02       5.19847709E-02       3.59450218E-02
    88.1000       5.08474681E-02       5.19716505E-02       3.59622600E-02
    88.2000       5.08459532E-02       5.19588443E-02       3.59794006E-02
    88.3000       5.08445933E-02       5.19463580E-02       3.59964430E-02
    88.4000       5.08433919E-02       5.19339930E-02       3.60133867E-02
    88.5000       5.08423528E-02       5.19220403E-02       3.60302313E-02
    88.6000       5.08414791E-02       5.19103968E-02       3.60469767E-02
    88.7000       5.08407742E-02       5.18990627E-02       3.60636231E-02
    88.8000       5.08402410E-02       5.18880472E-02       3.60801706E-02
    88.9000       5.08398824E-02       5.18773541E-02       3.60966202E-02
    89.0000       5.08397010E-02       5.18670048E-02       3.61129728E-02
    89.1000       5.08396992E-02       5.18569839E-02       3.61292298E-02
    89.2000       5.08398793E-02       5.18473330E-02       3.61453929E-02
    89.3000       5.08402433E-02       5.18380154E-02       3.61614645E-02
    89.4000       5.08407930E-02       5.18290050E-02       3.61774471E-02
    89.5000       5.08415298E-02       5.18204794E-02       3.61933439E-02
    89.6000       5.08424554E-02       5.18122324E-02       3.62091586E-02
    89.7000       5.08435707E-02       5.18044185E-02       3.62248952E-02
    89.8000       5.08448768E-02       5.17967903E-02       3.62405584E-02
    89.9000       5.08463745E-02       5.17897124E-02       3.62561532E-02
    90.0000       5.08480643E-02       5.17829179E-02       3.62716854E-02
    90.1000       5.08499468E-02       5.17764992E-02       3.62871611E-02
    90.2000       5.08520222E-02       5.17704348E-02       3.63025869E-02
    90.3000       5.08542905E-02       5.17647437E-02       3.63179699E-02
    90.4000       5.08567519E-02       5.17594285E-02       3.63333176E-02
    90.5000       5.08594060E-02       5.17544682E-02       3.63486381E-02
    90.6000       5.08622528E-02       5.17498344E-02       3.63639396E-02
    90.7000       5.08652919E-02       5.17455678E-02       3.63792310E-02
    90.8000       5.08685230E-02       5.17416614E-02       3.63945214E-02
    90.9000       5.08719457E-02       5.17381704E-02       3.64098200E-02
    91.0000       5.08755594E-02       5.17349518E-02       3.64251365E-02
    91.1000       5.08793638E-02       5.17321011E-02       3.64404807E-02
    91.2000       5.08833585E-02       5.17296702E-02       3.64558625E-02
    91.3000       5.08875431E-02       5.17274955E-02       3.64712921E-02
    91.4000       5.08919171E-02       5.17257388E-02       3.64867795E-02
    91.5000       5.08964804E-02       5.17243041E-02       3.65023350E-02
    91.6000       5.09012328E-02       5.17232522E-02       3.65179689E-02
    91.7000       5.09061742E-02       5.17225128E-02       3.65336915E-02
    91.8000       5.09113047E-02       5.17221406E-02       3.65495129E-02
    91.9000       5.09166243E-02       5.17221480E-02       3.65654435E-02
    92.0000       5.09221335E-02       5.17224561E-02       3.65814935E-02
    92.1000       5.09278325E-02       5.17231448E-02       3.65976729E-02
    92.2000       5.09337220E-02       5.17241789E-02       3.66139920E-02
    92.3000       5.09398027E-02       5.17255549E-02       3.66304606E-02
    92.4000       5.09460755E-02       5.17273128E-02       3.66470886E-02
    92.5000       5.09525415E-02       5.17293669E-02       3.66638859E-02
    92.6000       5.09592018E-02       5.17318242E-02       3.66808620E-02
    92.7000       5.09660580E-02       5.17345976E-02       3.66980266E-02
    92.8000       5.09731114E-02       5.17377291E-02       3.67153891E-02
    92.9000       5.09803640E-02       5.17412514E-02       3.67329591E-02
    93.0000       5.09878175E-02       5.17450683E-02       3.67507458E-02
    93.1000       5.09954741E-02       5.17492660E-02       3.67687586E-02
    93.2000       5.10033359E-02       5.17538273E-02       3.67870068E-02
    93.3000       5.10114053E-02       5.17587131E-02       3.68054998E-02
    93.4000       5.10196848E-02       5.17639795E-02       3.68242468E-02
    93.5000       5.10281772E-02       5.17696000E-02       3.68432572E-02
    93.6000       5.10368852E-02       5.17755677E-02       3.68625406E-02
    93.7000       5.10458118E-02       5.17819523E-02       3.68821063E-02
    93.8000       5.10549602E-02       5.17886055E-02       3.69019641E-02
    93.9000       5.10643336E-02       5.17957024E-02       3.69221237E-02
    94.0000       5.10739353E-02       5.18031761E-02       3.69425951E-02
    94.1000       5.10837689E-02       5.18109728E-02       3.69633885E-02
    94.2000       5.10938379E-02       5.18192114E-02       3.69845140E-02
    94.3000       5.11041458E-02       5.18278215E-02       3.70059821E-02
    94.4000       5.11146965E-02       5.18368087E-02       3.70278035E-02
    94.5000       5.11254937E-02       5.18462093E-02       3.70499889E-02
    94.6000       5.11365412E-02       5.18560109E-02       3.70725494E-02
    94.7000       5.11478428E-02       5.18661949E-02       3.70954961E-02
    94.8000       5.11594026E-02       5.18767725E-02       3.71188406E-02
    94.9000       5.11712245E-02       5.18877847E-02       3.71425944E-02
    95.0000       5.11833125E-02       5.18992283E-02       3.71667694E-02
    95.1000       5.11956709E-02       5.19111030E-02       3.71913775E-02
    95.2000       5.12083035E-02       5.19234076E-02       3.72164309E-02
    95.3000       5.12212147E-02       5.19361296E-02       3.72419418E-02
    95.4000       5.12344084E-02       5.19493232E-02       3.72679227E-02
    95.5000       5.12478889E-02       5.19630060E-02       3.72943859E-02
    95.6000       5.12616603E-02       5.19771126E-02       3.73213442E-02
    95.7000       5.12757266E-02       5.19916881E-02       3.73488101E-02
    95.8000       5.12900923E-02       5.20067559E-02       3.73767967E-02
    95.9000       5.13047614E-02       5.20222902E-02       3.74053167E-02
    96.0000       5.13197384E-02       5.20382675E-02       3.74343833E-02
    96.1000       5.13350274E-02       5.20548101E-02       3.74640095E-02
    96.2000       5.13506328E-02       5.20718162E-02       3.74942087E-02
    96.3000       5.13665589E-02       5.20893225E-02       3.75249945E-02
    96.4000       5.13828102E-02       5.21073647E-02       3.75563805E-02
    96.5000       5.13993911E-02       5.21258906E-02       3.75883807E-02
    96.6000       5.14163061E-02       5.21449952E-02       3.76210092E-02
    96.7000       5.14335597E-02       5.21646175E-02       3.76542804E-02
    96.8000       5.14511565E-02       5.21848107E-02       3.76882089E-02
    96.9000       5.14691013E-02       5.22055397E-02       3.77228096E-02
    97.0000       5.14873989E-02       5.22268412E-02       3.77580979E-02
    97.1000       5.15060540E-02       5.22487271E-02       3.77940891E-02
    97.2000       5.15250718E-02       5.22712056E-02       3.78307993E-02
    97.3000       5.15444572E-02       5.22942416E-02       3.78682446E-02
    97.4000       5.15642156E-02       5.23179263E-02       3.79064418E-02
    97.5000       5.15843525E-02       5.23421414E-02       3.79454082E-02
    97.6000       5.16048734E-02       5.23670581E-02       3.79851615E-02
    97.7000       5.16257842E-02       5.23925399E-02       3.80257202E-02
    97.8000       5.16470909E-02       5.24186925E-02       3.80671030E-02
    97.9000       5.16688000E-02       5.24454696E-02       3.81093295E-02
    98.0000       5.16909179E-02       5.24729210E-02       3.81524198E-02
    98.1000       5.17134516E-02       5.25010177E-02       3.81963947E-02
    98.2000       5.17364083E-02       5.25298439E-02       3.82412756E-02
    98.3000       5.17597956E-02       5.25593517E-02       3.82870847E-02
    98.4000       5.17836216E-02       5.25895524E-02       3.83338447E-02
    98.5000       5.18078946E-02       5.26205137E-02       3.83815790E-02
    98.6000       5.18326233E-02       5.26522433E-02       3.84303118E-02
    98.7000       5.18578171E-02       5.26847676E-02       3.84800678E-02
    98.8000       5.18834855E-02       5.27180868E-02       3.85308722E-02
    98.9000       5.19096387E-02       5.27522594E-02       3.85827509E-02
    99.0000       5.19362874E-02       5.27872926E-02       3.86357300E-02
    99.1000       5.19634426E-02       5.28232404E-02       3.86898362E-02
    99.2000       5.19911160E-02       5.28601424E-02       3.87450968E-02
    99.3000       5.20193199E-02       5.28979599E-02       3.88015393E-02
    99.4000       5.20480670E-02       5.29367950E-02       3.88591915E-02
    99.5000       5.20773709E-02       5.29766182E-02       3.89180817E-02
    99.6000       5.21072458E-02       5.30175639E-02       3.89782384E-02
    99.7000       5.21377065E-02       5.30595507E-02       3.90396903E-02
    99.8000       5.21687687E-02       5.31026880E-02       3.91024665E-02
    99.9000       5.22004488E-02       5.31469912E-02       3.91665961E-02
   100.0000       5.22327641E-02       5.31924729E-02       3.92321082E-02
   100.1000       5.22657331E-02       5.32392375E-02       3.92990323E-02
   100.2000       5.22993750E-02       5.32872699E-02       3.93673979E-02
   100.3000       5.23337102E-02       5.33366220E-02       3.94372343E-02
   100.4000       5.23687602E-02       5.33873262E-02       3.95085713E-02
   100.5000       5.24045477E-02       5.34394248E-02       3.95814384E-02
   100.6000       5.24410966E-02       5.34929353E-02       3.96558656E-02
   100.7000       5.24784325E-02       5.35479281E-02       3.97318831E-02
   100.8000       5.25165821E-02       5.36043914E-02       3.98095211E-02
   100.9000       5.25555739E-02       5.36623975E-02       3.98888107E-02
   101.0000       5.25954381E-02       5.37219812E-02       3.99697831E-02
   101.1000       5.26362065E-02       5.37831433E-02       4.00524704E-02
   101.2000       5.26779129E-02       5.38460233E-02       4.01369054E-02
   101.3000       5.27205929E-02       5.39105885E-02       4.02231216E-02
   101.4000       5.27642844E-02       5.39769055E-02       4.03111536E-02
   101.5000       5.28090273E-02       5.40450918E-02       4.04010369E-02
   101.6000       5.28548637E-02       5.41151695E-02       4.04928079E-02
   101.7000       5.29018380E-02       5.41872748E-02       4.05865043E-02
   101.8000       5.29499972E-02       5.42613697E-02       4.06821647E-02
   101.9000       5.29993907E-02       5.43376181E-02       4.07798286E-02
   102.0000       5.30500707E-02       5.44160843E-02       4.08795370E-02
   102.1000       5.31020921E-02       5.44968044E-02       4.09813320E-02
   102.2000       5.31555127E-02       5.45798789E-02       4.10852570E-02
   102.3000       5.32103936E-02       5.46654568E-02       4.11913568E-02
   102.4000       5.32667990E-02       5.47535836E-02       4.12996777E-02
   102.5000       5.33247965E-02       5.48443922E-02       4.14102672E-02
   102.6000       5.33844572E-02       5.49379037E-02       4.15231746E-02
   102.7000       5.34458561E-02       5.50343740E-02       4.16384504E-02
   102.8000       5.35090719E-02       5.51337921E-02       4.17561466E-02
   102.9000       5.35741876E-02       5.52362917E-02       4.18763170E-02
   103.0000       5.36412902E-02       5.53421213E-02       4.19990164E-02
   103.1000       5.37104716E-02       5.54513023E-02       4.21243012E-02
   103.2000       5.37818282E-02       5.55639590E-02       4.22522292E-02
   103.3000       5.38554615E-02       5.56802869E-02       4.23828595E-02
   103.4000       5.39314781E-02       5.58004010E-02       4.25162526E-02
   103.5000       5.40099903E-02       5.59245041E-02       4.26524701E-02
   103.6000       5.40911159E-02       5.60526946E-02       4.27915749E-02
   103.7000       5.41749789E-02       5.61852753E-02       4.29336305E-02
   103.8000       5.42617093E-02       5.63222856E-02       4.30787018E-02
   103.9000       5.43514437E-02       5.64640211E-02       4.32268540E-02
   104.0000       5.44443256E-02       5.66106250E-02       4.33781532E-02
   104.1000       5.45405056E-02       5.67623487E-02       4.35326658E-02
   104.2000       5.46401417E-02       5.69193396E-02       4.36904584E-02
   104.3000       5.47433996E-02       5.70818641E-02       4.38515974E-02
   104.4000       5.48504535E-02       5.72501642E-02       4.40161490E-02
   104.5000       5.49614858E-02       5.74244285E-02       4.41841788E-02
   104.6000       5.50766879E-02       5.76048787E-02       4.43557516E-02
   104.7000       5.51962606E-02       5.77918313E-02       4.45309314E-02
   104.8000       5.53204143E-02       5.79855044E-02       4.47097809E-02
   104.9000       5.54493694E-02       5.81861972E-02       4.48923612E-02
   105.0000       5.55833568E-02       5.83941887E-02       4.50787317E-02
   105.1000       5.57226184E-02       5.86098226E-02       4.52689494E-02
   105.2000       5.58674068E-02       5.88334673E-02       4.54630687E-02
   105.3000       5.60179861E-02       5.90654345E-02       4.56611406E-02
   105.4000       5.61746320E-02       5.93060504E-02       4.58632122E-02
   105.5000       5.63376324E-02       5.95556991E-02       4.60693264E-02
   105.6000       5.65072873E-02       5.98147382E-02       4.62795212E-02
   105.7000       5.66839096E-02       6.00835091E-02       4.64938291E-02
   105.8000       5.68678248E-02       6.03624504E-02       4.67122770E-02
   105.9000       5.70593716E-02       6.06519934E-02       4.69348849E-02
   106.0000       5.72589019E-02       6.09525363E-02       4.71616660E-02
   106.1000       5.74667809E-02       6.12646024E-02       4.73926250E-02
   106.2000       5.76833868E-02       6.15885525E-02       4.76277579E-02
   106.3000       5.79091114E-02       6.19249538E-02       4.78670507E-02
   106.4000       5.81443594E-02       6.22741737E-02       4.81104787E-02
   106.5000       5.83895485E-02       6.26366630E-02       4.83580061E-02
   106.6000       5.86451093E-02       6.30129623E-02       4.86095850E-02
   106.7000       5.89114848E-02       6.34035632E-02       4.88651544E-02
   106.8000       5.91891297E-02       6.38089778E-02       4.91246398E-02
   106.9000       5.94785101E-02       6.42297212E-02       4.93879520E-02
   107.0000       5.97801026E-02       6.46662897E-02       4.96549865E-02
   107.1000       6.00943933E-02       6.51192194E-02       4.99256232E-02
   107.2000       6.04218768E-02       6.55890400E-02       5.01997251E-02
   107.3000       6.07630552E-02       6.60762549E-02       5.04771384E-02
   107.4000       6.11184362E-02       6.65813676E-02       5.07576916E-02
   107.5000       6.14885320E-02       6.71048303E-02       5.10411954E-02
   107.6000       6.18738573E-02       6.76470928E-02       5.13274429E-02
   107.7000       6.22749277E-02       6.82085874E-02       5.16162095E-02
   107.8000       6.26922572E-02       6.87897266E-02       5.19072538E-02
   107.9000       6.31263564E-02       6.93908872E-02       5.22003180E-02
   108.0000       6.35777293E-02       7.00124184E-02       5.24951285E-02
   108.1000       6.40468713E-02       7.06546399E-02       5.27913979E-02
   108.2000       6.45342658E-02       7.13178382E-02       5.30888255E-02
   108.3000       6.50403812E-02       7.20022635E-02       5.33870993E-02
   108.4000       6.55656676E-02       7.27081261E-02       5.36858980E-02
   108.5000       6.61105532E-02       7.34355931E-02       5.39848925E-02
   108.6000       6.66754408E-02       7.41847850E-02       5.42837484E-02
   108.7000       6.72607038E-02       7.49557725E-02       5.45821279E-02
   108.8000       6.78666821E-02       7.57485736E-02       5.48796924E-02
   108.9000       6.84936785E-02       7.65631504E-02       5.51761051E-02
   109.0000       6.91419540E-02       7.73994067E-02       5.54710330E-02
   109.1000       6.98117243E-02       7.82571854E-02       5.57641496E-02
   109.2000       7.05031549E-02       7.91362667E-02       5.60551372E-02
   109.3000       7.12163576E-02       8.00363664E-02       5.63436896E-02
   109.4000       7.19513864E-02       8.09571345E-02       5.66295138E-02
   109.5000       7.27082333E-02       8.18981544E-02       5.69123322E-02
   109.6000       7.34868251E-02       8.28589424E-02       5.71918849E-02
   109.7000       7.42870198E-02       8.38389483E-02       5.74679309E-02
   109.8000       7.51086036E-02       8.48375552E-02       5.77402495E-02
   109.9000       7.59512880E-02       8.58540813E-02       5.80086422E-02
   110.0000       7.68147080E-02       8.68877811E-02       5.82729327E-02
   110.1000       7.76984196E-02       8.79378478E-02       5.85329683E-02
   110.2000       7.86018990E-02       8.90034154E-02       5.87886199E-02
   110.3000       7.95245417E-02       9.00835622E-02       5.90397825E-02
   110.4000       8.04656623E-02       9.11773141E-02       5.92863744E-02
   110.5000       8.14244948E-02       9.22836482E-02       5.95283376E-02
   110.6000       8.24001942E-02       9.34014973E-02       5.97656365E-02
   110.7000       8.33918375E-02       9.45297538E-02       5.99982577E-02
   110.8000       8.43984267E-02       9.56672751E-02       6.02262083E-02
   110.9000       8.54188917E-02       9.68128878E-02       6.04495154E-02
   111.0000       8.64520936E-02       9.79653928E-02       6.06682240E-02
   111.1000       8.74968296E-02       9.91235703E-02       6.08823964E-02
   111.2000       8.85518371E-02       1.00286185E-01       6.10921099E-02
   111.3000       8.96157999E-02       1.01451990E-01       6.12974559E-02
   111.4000       9.06873533E-02       1.02619734E-01       6.14985377E-02
   111.5000       9.17650906E-02       1.03788162E-01       6.16954695E-02
   111.6000       9.28475701E-02       1.04956025E-01       6.18883740E-02
   111.7000       9.39333214E-02       1.06122077E-01       6.20773819E-02
   111.8000       9.50208529E-02       1.07285088E-01       6.22626293E-02
   111.9000       9.61086588E-02       1.08443838E-01       6.24442573E-02
   112.0000       9.71952267E-02       1.09597129E-01       6.26224099E-02
   112.1000       9.82790447E-02       1.10743783E-01       6.27972331E-02
   112.2000       9.93586089E-02       1.11882644E-01       6.29688739E-02
   112.3000       1.00432430E-01       1.13012586E-01       6.31374789E-02
   112.4000       1.01499042E-01       1.14132509E-01       6.33031936E-02
   112.5000       1.02557005E-01       1.15241345E-01       6.34661616E-02
   112.6000       1.03604916E-01       1.16338058E-01       6.36265240E-02
   112.7000       1.04641413E-01       1.17421647E-01       6.37844185E-02
   112.8000       1.05665181E-01       1.18491146E-01       6.39399790E-02
   112.9000       1.06674957E-01       1.19545628E-01       6.40933355E-02
   113.0000       1.07669535E-01       1.20584201E-01       6.42446133E-02
   113.1000       1.08647771E-01       1.21606015E-01       6.43939332E-02
   113.2000       1.09608585E-01       1.22610260E-01       6.45414109E-02
   113.3000       1.10550970E-01       1.23596169E-01       6.46871574E-02
   113.4000       1.11473987E-01       1.24563016E-01       6.48312784E-02
   113.5000       1.12376777E-01       1.25510122E-01       6.49738747E-02
   113.6000       1.13258556E-01       1.26436851E-01       6.51150424E-02
   113.7000       1.14118619E-01       1.27342617E-01       6.52548723E-02
   113.8000       1.14956343E-01       1.28226879E-01       6.53934507E-02
   113.9000       1.15771188E-01       1.29089148E-01       6.55308593E-02
   114.0000       1.16562695E-01       1.29928986E-01       6.56671752E-02
   114.1000       1.17330488E-01       1.30746007E-01       6.58024714E-02
   114.2000       1.18074277E-01       1.31539878E-01       6.59368166E-02
   114.3000       1.18793851E-01       1.32310325E-01       6.60702760E-02
   114.4000       1.19489083E-01       1.33057127E-01       6.62029106E-02
   114.5000       1.20159927E-01       1.33780123E-01       6.63347783E-02
   114.6000       1.20806414E-01       1.34479211E-01       6.64659336E-02
   114.7000       1.21428655E-01       1.35154349E-01       6.65964280E-02
   114.8000       1.22026837E-01       1.35805557E-01       6.67263098E-02
   114.9000       1.22601218E-01       1.36432915E-01       6.68556250E-02
   115.0000       1.23152128E-01       1.37036566E-01       6.69844167E-02
   115.1000       1.23679968E-01       1.37616716E-01       6.71127259E-02
   115.2000       1.24185198E-01       1.38173632E-01       6.72405913E-02
   115.3000       1.24668347E-01       1.38707640E-01       6.73680495E-02
   115.4000       1.25129996E-01       1.39219132E-01       6.74951353E-02
   115.5000       1.25570785E-01       1.39708554E-01       6.76218817E-02
   115.6000       1.25991404E-01       1.40176412E-01       6.77483199E-02
   115.7000       1.26392592E-01       1.40623270E-01       6.78744799E-02
   115.8000       1.26775128E-01       1.41049742E-01       6.80003899E-02
   115.9000       1.27139833E-01       1.41456496E-01       6.81260771E-02
   116.0000       1.27487564E-01       1.41844249E-01       6.82515672E-02
   116.1000       1.27819209E-01       1.42213761E-01       6.83768851E-02
   116.2000       1.28135682E-01       1.42565838E-01       6.85020542E-02
   116.3000       1.28437922E-01       1.42901321E-01       6.86270972E-02
   116.4000       1.28726887E-01       1.43221090E-01       6.87520358E-02
   116.5000       1.29003552E-01       1.43526055E-01       6.88768907E-02
   116.6000       1.29268903E-01       1.43817152E-01       6.90016819E-02
   116.7000       1.29523934E-01       1.44095344E-01       6.91264285E-02
   116.8000       1.29769643E-01       1.44361610E-01       6.92511489E-02
   116.9000       1.30007034E-01       1.44616948E-01       6.93758607E-02
   117.0000       1.30237104E-01       1.44862366E-01       6.95005809E-02
   117.1000       1.30460849E-01       1.45098880E-01       6.96253257E-02
   117.2000       1.30679256E-01       1.45327510E-01       6.97501107E-02
   117.3000       1.30893304E-01       1.45549276E-01       6.98749510E-02
   117.4000       1.31103958E-01       1.45765195E-01       6.99998607E-02
   117.5000       1.31312170E-01       1.45976279E-01       7.01248538E-02
   117.6000       1.31518873E-01       1.46183528E-01       7.02499432E-02
   117.7000       1.31724984E-01       1.46387929E-01       7.03751416E-02
   117.8000       1.31931400E-01       1.46590455E-01       7.05004608E-02
   117.9000       1.32138995E-01       1.46792060E-01       7.06259121E-02
   118.0000       1.32348622E-01       1.46993677E-01       7.07515064E-02
   118.1000       1.32561109E-01       1.47196216E-01       7.08772537E-02
   118.2000       1.32777261E-01       1.47400562E-01       7.10031637E-02
   118.3000       1.32997854E-01       1.47607574E-01       7.11292454E-02
   118.4000       1.33223641E-01       1.47818083E-01       7.12555071E-02
   118.5000       1.33455346E-01       1.48032889E-01       7.13819568E-02
   118.6000       1.33693667E-01       1.48252762E-01       7.15086017E-02
   118.7000       1.33939275E-01       1.48478441E-01       7.16354485E-02
   118.8000       1.34192809E-01       1.48710630E-01       7.17625033E-02
   118.9000       1.34454885E-01       1.48950002E-01       7.18897717E-02
   119.0000       1.34726087E-01       1.49197194E-01       7.20172587E-02
   119.1000       1.35006972E-01       1.49452811E-01       7.21449686E-02
   119.2000       1.35298069E-01       1.49717421E-01       7.22729054E-02
   119.3000       1.35599877E-01       1.49991558E-01       7.24010724E-02
   119.4000       1.35912869E-01       1.50275722E-01       7.25294723E-02
   119.5000       1.36237487E-01       1.50570376E-01       7.26581075E-02
   119.6000       1.36574147E-01       1.50875950E-01       7.27869796E-02
   119.7000       1.36923236E-01       1.51192838E-01       7.29160898E-02
   119.8000       1.37285114E-01       1.51521401E-01       7.30454389E-02
   119.9000       1.37660112E-01       1.51861963E-01       7.31750270E-02
   120.0000       1.38048533E-01       1.52214818E-01       7.33048540E-02
   120.1000       1.38450654E-01       1.52580224E-01       7.34349190E-02
   120.2000       1.38866724E-01       1.52958406E-01       7.35652209E-02
   120.3000       1.39296965E-01       1.53349556E-01       7.36957580E-02
   120.4000       1.39741570E-01       1.53753836E-01       7.38265283E-02
   120.5000       1.40200708E-01       1.54171373E-01       7.39575294E-02
   120.6000       1.40674519E-01       1.54602265E-01       7.40887584E-02
   120.7000       1.41163116E-01       1.55046579E-01       7.42202120E-02
   120.8000       1.41666587E-01       1.55504352E-01       7.43518866E-02
   120.9000       1.42184990E-01       1.55975589E-01       7.44837784E-02
   121.0000       1.42718361E-01       1.56460271E-01       7.46158831E-02
   121.1000       1.43266705E-01       1.56958345E-01       7.47481960E-02
   121.2000       1.43830003E-01       1.57469735E-01       7.48807124E-02
   121.3000       1.44408209E-01       1.57994334E-01       7.50134271E-02
   121.4000       1.45001252E-01       1.58532011E-01       7.51463347E-02
   121.5000       1.45609032E-01       1.59082608E-01       7.52794296E-02
   121.6000       1.46231427E-01       1.59645944E-01       7.54127059E-02
   121.7000       1.46868286E-01       1.60221812E-01       7.55461576E-02
   121.8000       1.47519433E-01       1.60809980E-01       7.56797784E-02
   121.9000       1.48184668E-01       1.61410197E-01       7.58135620E-02
   122.0000       1.48863766E-01       1.62022187E-01       7.59475017E-02
   122.1000       1.49556474E-01       1.62645655E-01       7.60815910E-02
   122.2000       1.50262520E-01       1.63280286E-01       7.62158229E-02
   122.3000       1.50981604E-01       1.63925744E-01       7.63501906E-02
   122.4000       1.51713404E-01       1.64581678E-01       7.64846871E-02
   122.5000       1.52457575E-01       1.65247717E-01       7.66193053E-02
   122.6000       1.53213752E-01       1.65923476E-01       7.67540382E-02
   122.7000       1.53981545E-01       1.66608556E-01       7.68888785E-02
   122.8000       1.54760546E-01       1.67302543E-01       7.70238192E-02
   122.9000       1.55550328E-01       1.68005012E-01       7.71588530E-02
   123.0000       1.56350442E-01       1.68715526E-01       7.72939728E-02
   123.1000       1.57160425E-01       1.69433640E-01       7.74291715E-02
   123.2000       1.57979796E-01       1.70158900E-01       7.75644420E-02
   123.3000       1.58808058E-01       1.70890846E-01       7.76997772E-02
   123.4000       1.59644702E-01       1.71629012E-01       7.78351701E-02
   123.5000       1.60489205E-01       1.72372928E-01       7.79706138E-02
   123.6000       1.61341033E-01       1.73122123E-01       7.81061014E-02
   123.7000       1.62199643E-01       1.73876124E-01       7.82416262E-02
   123.8000       1.63064485E-01       1.74634459E-01       7.83771816E-02
   123.9000       1.63935001E-01       1.75396659E-01       7.85127610E-02
   124.0000       1.64810629E-01       1.76162258E-01       7.86483580E-02
   124.1000       1.65690804E-01       1.76930796E-01       7.87839663E-02
   124.2000       1.66574959E-01       1.77701817E-01       7.89195797E-02
   124.3000       1.67462529E-01       1.78474875E-01       7.90551922E-02
   124.4000       1.68352950E-01       1.79249534E-01       7.91907979E-02
   124.5000       1.69245663E-01       1.80025365E-01       7.93263911E-02
   124.6000       1.70140113E-01       1.80801954E-01       7.94619662E-02
   124.7000       1.71035754E-01       1.81578897E-01       7.95975178E-02
   124.8000       1.71932047E-01       1.82355806E-01       7.97330406E-02
   124.9000       1.72828464E-01       1.83132304E-01       7.98685295E-02
   125.0000       1.73724489E-01       1.83908033E-01       8.00039795E-02
   125.1000       1.74619620E-01       1.84682648E-01       8.01393860E-02
   125.2000       1.75513366E-01       1.85455821E-01       8.02747442E-02
   125.3000       1.76405255E-01       1.86227241E-01       8.04100497E-02
   125.4000       1.77294829E-01       1.86996614E-01       8.05452982E-02
   125.5000       1.78181649E-01       1.87763662E-01       8.06804856E-02
   125.6000       1.79065291E-01       1.88528126E-01       8.08156079E-02
   125.7000       1.79945353E-01       1.89289763E-01       8.09506613E-02
   125.8000       1.80821450E-01       1.90048345E-01       8.10856422E-02
   125.9000       1.81693216E-01       1.90803664E-01       8.12205470E-02
   126.0000       1.82560307E-01       1.91555524E-01       8.13553723E-02
   126.1000       1.83422395E-01       1.92303746E-01       8.14901150E-02
   126.2000       1.84279174E-01       1.93048168E-01       8.16247720E-02
   126.3000       1.85130356E-01       1.93788637E-01       8.17593404E-02
   126.4000       1.85975672E-01       1.94525017E-01       8.18938172E-02
   126.5000       1.86814873E-01       1.95257182E-01       8.20282000E-02
   126.6000       1.87647725E-01       1.95985018E-01       8.21624861E-02
   126.7000       1.88474012E-01       1.96708421E-01       8.22966731E-02
   126.8000       1.89293537E-01       1.97427297E-01       8.24307587E-02
   126.9000       1.90106115E-01       1.98141557E-01       8.25647407E-02
   127.0000       1.90911579E-01       1.98851123E-01       8.26986171E-02
   127.1000       1.91709773E-01       1.99555920E-01       8.28323858E-02
   127.2000       1.92500556E-01       2.00255879E-01       8.29660450E-02
   127.3000       1.93283799E-01       2.00950935E-01       8.30995928E-02
   127.4000       1.94059382E-01       2.01641024E-01       8.32330278E-02
   127.5000       1.94827198E-01       2.02326088E-01       8.33663481E-02
   127.6000       1.95587148E-01       2.03006066E-01       8.34995524E-02
   127.7000       1.96339142E-01       2.03680899E-01       8.36326392E-02
   127.8000       1.97083096E-01       2.04350529E-01       8.37656072E-02
   127.9000       1.97818936E-01       2.05014895E-01       8.38984551E-02
   128.0000       1.98546591E-01       2.05673936E-01       8.40311818E-02
   128.1000       1.99265998E-01       2.06327588E-01       8.41637862E-02
   128.2000       1.99977098E-01       2.06975785E-01       8.42962673E-02
   128.3000       2.00679838E-01       2.07618460E-01       8.44286241E-02
   128.4000       2.01374166E-01       2.08255542E-01       8.45608557E-02
   128.5000       2.02060039E-01       2.08886959E-01       8.46929614E-02
   128.6000       2.02737415E-01       2.09512634E-01       8.48249404E-02
   128.7000       2.03406255E-01       2.10132491E-01       8.49567920E-02
   128.8000       2.04066525E-01       2.10746450E-01       8.50885158E-02
   128.9000       2.04718197E-01       2.11354430E-01       8.52201110E-02
   129.0000       2.05361244E-01       2.11956348E-01       8.53515773E-02
   129.1000       2.05995643E-01       2.12552122E-01       8.54829142E-02
   129.2000       2.06621379E-01       2.13141669E-01       8.56141215E-02
   129.3000       2.07238438E-01       2.13724906E-01       8.57451987E-02
   129.4000       2.07846814E-01       2.14301751E-01       8.58761458E-02
   129.5000       2.08446504E-01       2.14872125E-01       8.60069625E-02
   129.6000       2.09037514E-01       2.15435950E-01       8.61376487E-02
   129.7000       2.09619853E-01       2.15993154E-01       8.62682044E-02
   129.8000       2.10193539E-01       2.16543664E-01       8.63986297E-02
   129.9000       2.10758597E-01       2.17087416E-01       8.65289244E-02
   130.0000       2.11315059E-01       2.17624349E-01       8.66590889E-02
   130.1000       2.11862964E-01       2.18154409E-01       8.67891232E-02
   130.2000       2.12402361E-01       2.18677546E-01       8.69190276E-02
   130.3000       2.12933305E-01       2.19193720E-01       8.70488023E-02
   130.4000       2.13455861E-01       2.19702896E-01       8.71784478E-02
   130.5000       2.13970102E-01       2.20205048E-01       8.73079644E-02
   130.6000       2.14476110E-01       2.20700157E-01       8.74373525E-02
   130.7000       2.14973975E-01       2.21188215E-01       8.75666126E-02
   130.8000       2.15463797E-01       2.21669219E-01       8.76957454E-02
   130.9000       2.15945683E-01       2.22143178E-01       8.78247514E-02
   131.0000       2.16419749E-01       2.22610108E-01       8.79536313E-02
   131.1000       2.16886118E-01       2.23070035E-01       8.80823858E-02
   131.2000       2.17344922E-01       2.23522994E-01       8.82110157E-02
   131.3000       2.17796299E-01       2.23969027E-01       8.83395219E-02
   131.4000       2.18240393E-01       2.24408188E-01       8.84679054E-02
   131.5000       2.18677358E-01       2.24840537E-01       8.85961670E-02
   131.6000       2.19107351E-01       2.25266142E-01       8.87243078E-02
   131.7000       2.19530534E-01       2.25685081E-01       8.88523291E-02
   131.8000       2.19947075E-01       2.26097440E-01       8.89802319E-02
   131.9000       2.20357147E-01       2.26503310E-01       8.91080176E-02
   132.0000       2.20760925E-01       2.26902792E-01       8.92356876E-02
   132.1000       2.21158589E-01       2.27295992E-01       8.93632433E-02
   132.2000       2.21550320E-01       2.27683024E-01       8.94906862E-02
   132.3000       2.21936303E-01       2.28064007E-01       8.96180179E-02
   132.4000       2.22316725E-01       2.28439068E-01       8.97452402E-02
   132.5000       2.22691772E-01       2.28808337E-01       8.98723550E-02
   132.6000       2.23061635E-01       2.29171954E-01       8.99993640E-02
   132.7000       2.23426503E-01       2.29530059E-01       9.01262693E-02
   132.8000       2.23786566E-01       2.29882802E-01       9.02530729E-02
   132.9000       2.24142016E-01       2.30230336E-01       9.03797772E-02
   133.0000       2.24493044E-01       2.30572818E-01       9.05063843E-02
   133.1000       2.24839843E-01       2.30910412E-01       9.06328968E-02
   133.2000       2.25182603E-01       2.31243286E-01       9.07593170E-02
   133.3000       2.25521517E-01       2.31571612E-01       9.08856475E-02
   133.4000       2.25856779E-01       2.31895569E-01       9.10118911E-02
   133.5000       2.26188581E-01       2.32215338E-01       9.11380505E-02
   133.6000       2.26517117E-01       2.32531108E-01       9.12641287E-02
   133.7000       2.26842581E-01       2.32843071E-01       9.13901285E-02
   133.8000       2.27165171E-01       2.33151424E-01       9.15160530E-02
   133.9000       2.27485082E-01       2.33456370E-01       9.16419054E-02
   134.0000       2.27802514E-01       2.33758117E-01       9.17676887E-02
   134.1000       2.28117666E-01       2.34056877E-01       9.18934064E-02
   134.2000       2.28430742E-01       2.34352869E-01       9.20190618E-02
   134.3000       2.28741945E-01       2.34646315E-01       9.21446581E-02
   134.4000       2.29051483E-01       2.34937444E-01       9.22701990E-02
   134.5000       2.29359564E-01       2.35226489E-01       9.23956878E-02
   134.6000       2.29666401E-01       2.35513687E-01       9.25211281E-02
   134.7000       2.29972209E-01       2.35799282E-01       9.26465234E-02
   134.8000       2.30277205E-01       2.36083520E-01       9.27718773E-02
   134.9000       2.30581609E-01       2.36366653E-01       9.28971934E-02
   135.0000       2.30885642E-01       2.36648934E-01       9.30224752E-02
   135.1000       2.31189531E-01       2.36930623E-01       9.31477262E-02
   135.2000       2.31493500E-01       2.37211980E-01       9.32729500E-02
   135.3000       2.31797780E-01       2.37493268E-01       9.33981501E-02
   135.4000       2.32102600E-01       2.37774752E-01       9.35233299E-02
   135.5000       2.32408190E-01       2.38056699E-01       9.36484928E-02
   135.6000       2.32714782E-01       2.38339373E-01       9.37736421E-02
   135.7000       2.33022606E-01       2.38623042E-01       9.38987810E-02
   135.8000       2.33331891E-01       2.38907968E-01       9.40239125E-02
   135.9000       2.33642866E-01       2.39194416E-01       9.41490398E-02
   136.0000       2.33955756E-01       2.39482643E-01       9.42741656E-02
   136.1000       2.34270784E-01       2.39772905E-01       9.43992927E-02
   136.2000       2.34588168E-01       2.40065453E-01       9.45244237E-02
   136.3000       2.34908121E-01       2.40360532E-01       9.46495609E-02
   136.4000       2.35230850E-01       2.40658378E-01       9.47747065E-02
   136.5000       2.35556555E-01       2.40959223E-01       9.48998626E-02
   136.6000       2.35885429E-01       2.41263287E-01       9.50250310E-02
   136.7000       2.36217656E-01       2.41570781E-01       9.51502132E-02
   136.8000       2.36553408E-01       2.41881908E-01       9.52754105E-02
   136.9000       2.36892851E-01       2.42196856E-01       9.54006241E-02
   137.0000       2.37236135E-01       2.42515802E-01       9.55258548E-02
   137.1000       2.37583400E-01       2.42838910E-01       9.56511030E-02
   137.2000       2.37934773E-01       2.43166330E-01       9.57763690E-02
   137.3000       2.38290364E-01       2.43498198E-01       9.59016528E-02
   137.4000       2.38650273E-01       2.43834633E-01       9.60269540E-02
   137.5000       2.39014582E-01       2.44175739E-01       9.61522719E-02
   137.6000       2.39383357E-01       2.44521605E-01       9.62776055E-02
   137.7000       2.39756648E-01       2.44872301E-01       9.64029536E-02
   137.8000       2.40134489E-01       2.45227880E-01       9.65283144E-02
   137.9000       2.40516896E-01       2.45588380E-01       9.66536859E-02
   138.0000       2.40903870E-01       2.45953819E-01       9.67790658E-02
   138.1000       2.41295390E-01       2.46324197E-01       9.69044515E-02
   138.2000       2.41691423E-01       2.46699498E-01       9.70298398E-02
   138.3000       2.42091914E-01       2.47079688E-01       9.71552275E-02
   138.4000       2.42496794E-01       2.47464714E-01       9.72806109E-02
   138.5000       2.42905976E-01       2.47854508E-01       9.74059859E-02
   138.6000       2.43319356E-01       2.48248983E-01       9.75313482E-02
   138.7000       2.43736814E-01       2.48648036E-01       9.76566931E-02
   138.8000       2.44158214E-01       2.49051549E-01       9.77820157E-02
   138.9000       2.44583407E-01       2.49459388E-01       9.79073107E-02
   139.0000       2.45012227E-01       2.49871403E-01       9.80325726E-02
   139.1000       2.45444496E-01       2.50287431E-01       9.81577956E-02
   139.2000       2.45880023E-01       2.50707296E-01       9.82829736E-02
   139.3000       2.46318606E-01       2.51130808E-01       9.84081004E-02
   139.4000       2.46760032E-01       2.51557767E-01       9.85331693E-02
   139.5000       2.47204078E-01       2.51987961E-01       9.86581738E-02
   139.6000       2.47650512E-01       2.52421169E-01       9.87831069E-02
   139.7000       2.48099097E-01       2.52857160E-01       9.89079615E-02
   139.8000       2.48549586E-01       2.53295696E-01       9.90327304E-02
   139.9000       2.49001732E-01       2.53736534E-01       9.91574063E-02
   140.0000       2.49455279E-01       2.54179424E-01       9.92819818E-02
   140.1000       2.49909973E-01       2.54624110E-01       9.94064493E-02
   140.2000       2.50365555E-01       2.55070335E-01       9.95308014E-02
   140.3000       2.50821771E-01       2.55517840E-01       9.96550303E-02
   140.4000       2.51278363E-01       2.55966363E-01       9.97791285E-02
   140.5000       2.51735079E-01       2.56415643E-01       9.99030883E-02
   140.6000       2.52191669E-01       2.56865422E-01       1.00026902E-01
   140.7000       2.52647889E-01       2.57315442E-01       1.00150563E-01
   140.8000       2.53103501E-01       2.57765449E-01       1.00274062E-01
   140.9000       2.53558273E-01       2.58215194E-01       1.00397394E-01
   141.0000       2.54011981E-01       2.58664432E-01       1.00520550E-01
   141.1000       2.54464413E-01       2.59112925E-01       1.00643523E-01
   141.2000       2.54915363E-01       2.59560444E-01       1.00766307E-01
   141.3000       2.55364638E-01       2.60006767E-01       1.00888894E-01
   141.4000       2.55812056E-01       2.60451679E-01       1.01011279E-01
   141.5000       2.56257447E-01       2.60894979E-01       1.01133454E-01
   141.6000       2.56700655E-01       2.61336472E-01       1.01255414E-01
   141.7000       2.57141535E-01       2.61775978E-01       1.01377152E-01
   141.8000       2.57579958E-01       2.62213325E-01       1.01498664E-01
   141.9000       2.58015808E-01       2.62648357E-01       1.01619942E-01
   142.0000       2.58448983E-01       2.63080929E-01       1.01740983E-01
   142.1000       2.58879396E-01       2.63510908E-01       1.01861782E-01
   142.2000       2.59306974E-01       2.63938177E-01       1.01982333E-01
   142.3000       2.59731659E-01       2.64362629E-01       1.02102632E-01
   142.4000       2.60153407E-01       2.64784174E-01       1.02222676E-01
   142.5000       2.60572190E-01       2.65202735E-01       1.02342460E-01
   142.6000       2.60987990E-01       2.65618248E-01       1.02461982E-01
   142.7000       2.61400806E-01       2.66030664E-01       1.02581237E-01
   142.8000       2.61810650E-01       2.66439946E-01       1.02700224E-01
   142.9000       2.62217545E-01       2.66846073E-01       1.02818940E-01
   143.0000       2.62621528E-01       2.67249034E-01       1.02937381E-01
   143.1000       2.63022647E-01       2.67648835E-01       1.03055548E-01
   143.2000       2.63420960E-01       2.68045490E-01       1.03173437E-01
   143.3000       2.63816538E-01       2.68439028E-01       1.03291047E-01
   143.4000       2.64209458E-01       2.68829489E-01       1.03408378E-01
   143.5000       2.64599808E-01       2.69216923E-01       1.03525429E-01
   143.6000       2.64987683E-01       2.69601391E-01       1.03642199E-01
   143.7000       2.65373187E-01       2.69982963E-01       1.03758688E-01
   143.8000       2.65756427E-01       2.70361720E-01       1.03874896E-01
   143.9000       2.66137518E-01       2.70737748E-01       1.03990823E-01
   144.0000       2.66516577E-01       2.71111142E-01       1.04106471E-01
   144.1000       2.66893726E-01       2.71482004E-01       1.04221839E-01
   144.2000       2.67269090E-01       2.71850440E-01       1.04336930E-01
   144.3000       2.67642793E-01       2.72216564E-01       1.04451744E-01
   144.4000       2.68014962E-01       2.72580491E-01       1.04566284E-01
   144.5000       2.68385724E-01       2.72942339E-01       1.04680550E-01
   144.6000       2.68755201E-01       2.73302231E-01       1.04794545E-01
   144.7000       2.69123518E-01       2.73660288E-01       1.04908272E-01
   144.8000       2.69490792E-01       2.74016634E-01       1.05021732E-01
   144.9000       2.69857140E-01       2.74371392E-01       1.05134929E-01
   145.0000       2.70222673E-01       2.74724681E-01       1.05247865E-01
   145.1000       2.70587497E-01       2.75076623E-01       1.05360544E-01
   145.2000       2.70951709E-01       2.75427333E-01       1.05472968E-01
   145.3000       2.71315404E-01       2.75776924E-01       1.05585141E-01
   145.4000       2.71678667E-01       2.76125504E-01       1.05697067E-01
   145.5000       2.72041574E-01       2.76473176E-01       1.05808749E-01
   145.6000       2.72404194E-01       2.76820039E-01       1.05920191E-01
   145.7000       2.72766589E-01       2.77166185E-01       1.06031398E-01
   145.8000       2.73128808E-01       2.77511697E-01       1.06142372E-01
   145.9000       2.73490893E-01       2.77856655E-01       1.06253119E-01
   146.0000       2.73852875E-01       2.78201129E-01       1.06363642E-01
   146.1000       2.74214778E-01       2.78545181E-01       1.06473946E-01
   146.2000       2.74576612E-01       2.78888868E-01       1.06584035E-01
   146.3000       2.74938382E-01       2.79232236E-01       1.06693914E-01
   146.4000       2.75300078E-01       2.79575323E-01       1.06803587E-01
   146.5000       2.75661685E-01       2.79918161E-01       1.06913059E-01
   146.6000       2.76023178E-01       2.80260773E-01       1.07022333E-01
   146.7000       2.76384521E-01       2.80603173E-01       1.07131415E-01
   146.8000       2.76745672E-01       2.80945369E-01       1.07240309E-01
   146.9000       2.77106580E-01       2.81287361E-01       1.07349020E-01
   147.0000       2.77467188E-01       2.81629143E-01       1.07457551E-01
   147.1000       2.77827430E-01       2.81970701E-01       1.07565907E-01
   147.2000       2.78187237E-01       2.82312017E-01       1.07674093E-01
   147.3000       2.78546533E-01       2.82653064E-01       1.07782112E-01
   147.4000       2.78905238E-01       2.82993814E-01       1.07889970E-01
   147.5000       2.79263268E-01       2.83334234E-01       1.07997669E-01
   147.6000       2.79620537E-01       2.83674285E-01       1.08105213E-01
   147.7000       2.79976958E-01       2.84013927E-01       1.08212607E-01
   147.8000       2.80332441E-01       2.84353118E-01       1.08319855E-01
   147.9000       2.80686897E-01       2.84691813E-01       1.08426959E-01
   148.0000       2.81040238E-01       2.85029967E-01       1.08533923E-01
   148.1000       2.81392377E-01       2.85367536E-01       1.08640751E-01
   148.2000       2.81743231E-01       2.85704474E-01       1.08747446E-01
   148.3000       2.82092717E-01       2.86040738E-01       1.08854010E-01
   148.4000       2.82440760E-01       2.86376286E-01       1.08960447E-01
   148.5000       2.82787288E-01       2.86711077E-01       1.09066760E-01
   148.6000       2.83132234E-01       2.87045077E-01       1.09172950E-01
   148.7000       2.83475537E-01       2.87378250E-01       1.09279022E-01
   148.8000       2.83817144E-01       2.87710567E-01       1.09384976E-01
   148.9000       2.84157006E-01       2.88042002E-01       1.09490815E-01
   149.0000       2.84495086E-01       2.88372534E-01       1.09596542E-01
   149.1000       2.84831350E-01       2.88702147E-01       1.09702158E-01
   149.2000       2.85165774E-01       2.89030827E-01       1.09807665E-01
   149.3000       2.85498342E-01       2.89358569E-01       1.09913065E-01
   149.4000       2.85829046E-01       2.89685369E-01       1.10018359E-01
   149.5000       2.86157886E-01       2.90011230E-01       1.10123550E-01
   149.6000       2.86484870E-01       2.90336160E-01       1.10228638E-01
   149.7000       2.86810012E-01       2.90660170E-01       1.10333625E-01
   149.8000       2.87133335E-01       2.90983276E-01       1.10438513E-01
   149.9000       2.87454871E-01       2.91305499E-01       1.10543301E-01
   150.0000       2.87774654E-01       2.91626863E-01       1.10647993E-01
   150.1000       2.88092727E-01       2.91947394E-01       1.10752589E-01
   150.2000       2.88409140E-01       2.92267123E-01       1.10857089E-01
   150.3000       2.88723945E-01       2.92586082E-01       1.10961496E-01
   150.4000       2.89037201E-01       2.92904307E-01       1.11065809E-01
   150.5000       2.89348970E-01       2.93221833E-01       1.11170031E-01
   150.6000       2.89659318E-01       2.93538698E-01       1.11274163E-01
   150.7000       2.89968311E-01       2.93854939E-01       1.11378204E-01
   150.8000       2.90276020E-01       2.94170594E-01       1.11482157E-01
   150.9000       2.90582517E-01       2.94485701E-01       1.11586021E-01
   151.0000       2.90887874E-01       2.94800295E-01       1.11689800E-01
   151.1000       2.91192163E-01       2.95114412E-01       1.11793492E-01
   151.2000       2.91495455E-01       2.95428084E-01       1.11897100E-01
   151.3000       2.91797822E-01       2.95741343E-01       1.12000625E-01
   151.4000       2.92099332E-01       2.96054218E-01       1.12104067E-01
   151.5000       2.92400053E-01       2.96366733E-01       1.12207428E-01
   151.6000       2.92700049E-01       2.96678912E-01       1.12310708E-01
   151.7000       2.92999382E-01       2.96990774E-01       1.12413910E-01
   151.8000       2.93298110E-01       2.97302335E-01       1.12517033E-01
   151.9000       2.93596290E-01       2.97613607E-01       1.12620079E-01
   152.0000       2.93893972E-01       2.97924600E-01       1.12723049E-01
   152.1000       2.94191206E-01       2.98235318E-01       1.12825944E-01
   152.2000       2.94488033E-01       2.98545764E-01       1.12928766E-01
   152.3000       2.94784495E-01       2.98855936E-01       1.13031514E-01
   152.4000       2.95080629E-01       2.99165829E-01       1.13134191E-01
   152.5000       2.95376465E-01       2.99475436E-01       1.13236796E-01
   152.6000       2.95672033E-01       2.99784746E-01       1.13339331E-01
   152.7000       2.95967358E-01       3.00093746E-01       1.13441796E-01
   152.8000       2.96262461E-01       3.00402420E-01       1.13544193E-01
   152.9000       2.96557360E-01       3.00710751E-01       1.13646521E-01
   153.0000       2.96852070E-01       3.01018720E-01       1.13748781E-01
   153.1000       2.97146604E-01       3.01326305E-01       1.13850973E-01
   153.2000       2.97440971E-01       3.01633486E-01       1.13953098E-01
   153.3000       2.97735177E-01       3.01940241E-01       1.14055155E-01
   153.4000       2.98029229E-01       3.02246545E-01       1.14157145E-01
   153.5000       2.98323130E-01       3.02552378E-01       1.14259067E-01
   153.6000       2.98616880E-01       3.02857716E-01       1.14360920E-01
   153.7000       2.98910481E-01       3.03162537E-01       1.14462705E-01
   153.8000       2.99203931E-01       3.03466820E-01       1.14564420E-01
   153.9000       2.99497229E-01       3.03770545E-01       1.14666065E-01
   154.0000       2.99790371E-01       3.04073693E-01       1.14767637E-01
   154.1000       3.00083354E-01       3.04376245E-01       1.14869137E-01
   154.2000       3.00376174E-01       3.04678186E-01       1.14970562E-01
   154.3000       3.00668827E-01       3.04979501E-01       1.15071910E-01
   154.4000       3.00961307E-01       3.05280178E-01       1.15173179E-01
   154.5000       3.01253611E-01       3.05580205E-01       1.15274368E-01
   154.6000       3.01545732E-01       3.05879573E-01       1.15375474E-01
   154.7000       3.01837665E-01       3.06178274E-01       1.15476495E-01
   154.8000       3.02129404E-01       3.06476304E-01       1.15577426E-01
   154.9000       3.02420945E-01       3.06773658E-01       1.15678266E-01
   155.0000       3.02712280E-01       3.07070335E-01       1.15779012E-01
   155.1000       3.03003405E-01       3.07366334E-01       1.15879659E-01
   155.2000       3.03294313E-01       3.07661657E-01       1.15980205E-01
   155.3000       3.03584999E-01       3.07956308E-01       1.16080645E-01
   155.4000       3.03875456E-01       3.08250291E-01       1.16180976E-01
   155.5000       3.04165680E-01       3.08543615E-01       1.16281193E-01
   155.6000       3.04455663E-01       3.08836286E-01       1.16381293E-01
   155.7000       3.04745401E-01       3.09128315E-01       1.16481271E-01
   155.8000       3.05034889E-01       3.09419714E-01       1.16581124E-01
   155.9000       3.05324123E-01       3.09710497E-01       1.16680845E-01
   156.0000       3.05613099E-01       3.10000679E-01       1.16780431E-01
   156.1000       3.05901814E-01       3.10290277E-01       1.16879878E-01
   156.2000       3.06190267E-01       3.10579311E-01       1.16979180E-01
   156.3000       3.06478458E-01       3.10867803E-01       1.17078334E-01
   156.4000       3.06766389E-01       3.11155776E-01       1.17177333E-01
   156.5000       3.07054062E-01       3.11443256E-01       1.17276175E-01
   156.6000       3.07341485E-01       3.11730273E-01       1.17374854E-01
   156.7000       3.07628665E-01       3.12016858E-01       1.17473366E-01
   156.8000       3.07915613E-01       3.12303045E-01       1.17571707E-01
   156.9000       3.08202345E-01       3.12588872E-01       1.17669873E-01
   157.0000       3.08488878E-01       3.12874380E-01       1.17767859E-01
   157.1000       3.08775234E-01       3.13159613E-01       1.17865661E-01
   157.2000       3.09061438E-01       3.13444620E-01       1.17963277E-01
   157.3000       3.09347521E-01       3.13729450E-01       1.18060702E-01
   157.4000       3.09633517E-01       3.14014160E-01       1.18157933E-01
   157.5000       3.09919464E-01       3.14298808E-01       1.18254968E-01
   157.6000       3.10205406E-01       3.14583456E-01       1.18351804E-01
   157.7000       3.10491391E-01       3.14868171E-01       1.18448438E-01
   157.8000       3.10777471E-01       3.15153020E-01       1.18544868E-01
   157.9000       3.11063702E-01       3.15438078E-01       1.18641093E-01
   158.0000       3.11350146E-01       3.15723419E-01       1.18737110E-01
   158.1000       3.11636868E-01       3.16009120E-01       1.18832920E-01
   158.2000       3.11923935E-01       3.16295263E-01       1.18928521E-01
   158.3000       3.12211420E-01       3.16581930E-01       1.19023912E-01
   158.4000       3.12499397E-01       3.16869203E-01       1.19119094E-01
   158.5000       3.12787941E-01       3.17157167E-01       1.19214068E-01
   158.6000       3.13077132E-01       3.17445905E-01       1.19308832E-01
   158.7000       3.13367047E-01       3.17735502E-01       1.19403390E-01
   158.8000       3.13657766E-01       3.18026038E-01       1.19497741E-01
   158.9000       3.13949365E-01       3.18317595E-01       1.19591888E-01
   159.0000       3.14241922E-01       3.18610248E-01       1.19685833E-01
   159.1000       3.14535510E-01       3.18904072E-01       1.19779578E-01
   159.2000       3.14830199E-01       3.19199135E-01       1.19873125E-01
   159.3000       3.15126055E-01       3.19495499E-01       1.19966477E-01
   159.4000       3.15423140E-01       3.19793223E-01       1.20059638E-01
   159.5000       3.15721507E-01       3.20092355E-01       1.20152611E-01
   159.6000       3.16021204E-01       3.20392937E-01       1.20245399E-01
   159.7000       3.16322272E-01       3.20695002E-01       1.20338007E-01
   159.8000       3.16624740E-01       3.20998575E-01       1.20430437E-01
   159.9000       3.16928630E-01       3.21303667E-01       1.20522695E-01
   160.0000       3.17233954E-01       3.21610283E-01       1.20614785E-01
   160.1000       3.17540711E-01       3.21918412E-01       1.20706710E-01
   160.2000       3.17848891E-01       3.22228036E-01       1.20798475E-01
   160.3000       3.18158471E-01       3.22539122E-01       1.20890085E-01
   160.4000       3.18469415E-01       3.22851624E-01       1.20981544E-01
   160.5000       3.18781678E-01       3.23165487E-01       1.21072856E-01
   160.6000       3.19095198E-01       3.23480641E-01       1.21164026E-01
   160.7000       3.19409904E-01       3.23797003E-01       1.21255058E-01
   160.8000       3.19725710E-01       3.24114480E-01       1.21345957E-01
   160.9000       3.20042521E-01       3.24432965E-01       1.21436727E-01
   161.0000       3.20360226E-01       3.24752342E-01       1.21527371E-01
   161.1000       3.20678706E-01       3.25072482E-01       1.21617893E-01
   161.2000       3.20997831E-01       3.25393246E-01       1.21708299E-01
   161.3000       3.21317459E-01       3.25714487E-01       1.21798590E-01
   161.4000       3.21637440E-01       3.26036048E-01       1.21888770E-01
   161.5000       3.21957617E-01       3.26357764E-01       1.21978843E-01
   161.6000       3.22277822E-01       3.26679466E-01       1.22068811E-01
   161.7000       3.22597886E-01       3.27000977E-01       1.22158678E-01
   161.8000       3.22917630E-01       3.27322116E-01       1.22248445E-01
   161.9000       3.23236874E-01       3.27642700E-01       1.22338116E-01
   162.0000       3.23555435E-01       3.27962544E-01       1.22427691E-01
   162.1000       3.23873128E-01       3.28281462E-01       1.22517174E-01
   162.2000       3.24189768E-01       3.28599269E-01       1.22606565E-01
   162.3000       3.24505172E-01       3.28915783E-01       1.22695866E-01
   162.4000       3.24819160E-01       3.29230824E-01       1.22785078E-01
   162.5000       3.25131555E-01       3.29544219E-01       1.22874201E-01
   162.6000       3.25442186E-01       3.29855799E-01       1.22963237E-01
   162.7000       3.25750887E-01       3.30165404E-01       1.23052187E-01
   162.8000       3.26057502E-01       3.30472881E-01       1.23141049E-01
   162.9000       3.26361881E-01       3.30778087E-01       1.23229825E-01
   163.0000       3.26663886E-01       3.31080890E-01       1.23318513E-01
   163.1000       3.26963389E-01       3.31381168E-01       1.23407115E-01
   163.2000       3.27260272E-01       3.31678813E-01       1.23495628E-01
   163.3000       3.27554431E-01       3.31973728E-01       1.23584053E-01
   163.4000       3.27845774E-01       3.32265831E-01       1.23672390E-01
   163.5000       3.28134223E-01       3.32555052E-01       1.23760636E-01
   163.6000       3.28419712E-01       3.32841337E-01       1.23848791E-01
   163.7000       3.28702191E-01       3.33124646E-01       1.23936854E-01
   163.8000       3.28981622E-01       3.33404952E-01       1.24024824E-01
   163.9000       3.29257983E-01       3.33682244E-01       1.24112700E-01
   164.0000       3.29531266E-01       3.33956524E-01       1.24200480E-01
   164.1000       3.29801475E-01       3.34227810E-01       1.24288164E-01
   164.2000       3.30068629E-01       3.34496133E-01       1.24375749E-01
   164.3000       3.30332761E-01       3.34761536E-01       1.24463235E-01
   164.4000       3.30593915E-01       3.35024076E-01       1.24550621E-01
   164.5000       3.30852148E-01       3.35283821E-01       1.24637905E-01
   164.6000       3.31107528E-01       3.35540853E-01       1.24725087E-01
   164.7000       3.31360136E-01       3.35795261E-01       1.24812165E-01
   164.8000       3.31610060E-01       3.36047147E-01       1.24899139E-01
   164.9000       3.31857400E-01       3.36296620E-01       1.24986007E-01
   165.0000       3.32102264E-01       3.36543798E-01       1.25072768E-01
   165.1000       3.32344767E-01       3.36788807E-01       1.25159423E-01
   165.2000       3.32585032E-01       3.37031779E-01       1.25245971E-01
   165.3000       3.32823186E-01       3.37272849E-01       1.25332411E-01
   165.4000       3.33059365E-01       3.37512161E-01       1.25418743E-01
   165.5000       3.33293706E-01       3.37749858E-01       1.25504968E-01
   165.6000       3.33526351E-01       3.37986090E-01       1.25591084E-01
   165.7000       3.33757445E-01       3.38221006E-01       1.25677093E-01
   165.8000       3.33987135E-01       3.38454757E-01       1.25762995E-01
   165.9000       3.34215571E-01       3.38687496E-01       1.25848790E-01
   166.0000       3.34442900E-01       3.38919373E-01       1.25934480E-01
   166.1000       3.34669273E-01       3.39150538E-01       1.26020064E-01
   166.2000       3.34894838E-01       3.39381141E-01       1.26105545E-01
   166.3000       3.35119744E-01       3.39611329E-01       1.26190923E-01
   166.4000       3.35344138E-01       3.39841244E-01       1.26276201E-01
   166.5000       3.35568164E-01       3.40071029E-01       1.26361378E-01
   166.6000       3.35791965E-01       3.40300821E-01       1.26446458E-01
   166.7000       3.36015682E-01       3.40530752E-01       1.26531442E-01
   166.8000       3.36239451E-01       3.40760953E-01       1.26616332E-01
   166.9000       3.36463407E-01       3.40991547E-01       1.26701131E-01
   167.0000       3.36687680E-01       3.41222657E-01       1.26785839E-01
   167.1000       3.36912398E-01       3.41454395E-01       1.26870461E-01
   167.2000       3.37137682E-01       3.41686873E-01       1.26954998E-01
   167.3000       3.37363652E-01       3.41920195E-01       1.27039452E-01
   167.4000       3.37590422E-01       3.42154460E-01       1.27123827E-01
   167.5000       3.37818103E-01       3.42389763E-01       1.27208126E-01
   167.6000       3.38046799E-01       3.42626190E-01       1.27292350E-01
   167.7000       3.38276611E-01       3.42863824E-01       1.27376502E-01
   167.8000       3.38507635E-01       3.43102742E-01       1.27460587E-01
   167.9000       3.38739960E-01       3.43343013E-01       1.27544605E-01
   168.0000       3.38973670E-01       3.43584701E-01       1.27628560E-01
   168.1000       3.39208846E-01       3.43827864E-01       1.27712455E-01
   168.2000       3.39445558E-01       3.44072552E-01       1.27796293E-01
   168.3000       3.39683874E-01       3.44318811E-01       1.27880075E-01
   168.4000       3.39923854E-01       3.44566678E-01       1.27963805E-01
   168.5000       3.40165550E-01       3.44816184E-01       1.28047486E-01
   168.6000       3.40409008E-01       3.45067353E-01       1.28131119E-01
   168.7000       3.40654267E-01       3.45320200E-01       1.28214706E-01
   168.8000       3.40901358E-01       3.45574735E-01       1.28298251E-01
   168.9000       3.41150302E-01       3.45830960E-01       1.28381755E-01
   169.0000       3.41401116E-01       3.46088867E-01       1.28465220E-01
   169.1000       3.41653803E-01       3.46348444E-01       1.28548648E-01
   169.2000       3.41908361E-01       3.46609666E-01       1.28632039E-01
   169.3000       3.42164779E-01       3.46872506E-01       1.28715397E-01
   169.4000       3.42423034E-01       3.47136923E-01       1.28798721E-01
   169.5000       3.42683095E-01       3.47402871E-01       1.28882013E-01
   169.6000       3.42944923E-01       3.47670295E-01       1.28965274E-01
   169.7000       3.43208467E-01       3.47939132E-01       1.29048503E-01
   169.8000       3.43473667E-01       3.48209310E-01       1.29131703E-01
   169.9000       3.43740455E-01       3.48480752E-01       1.29214872E-01
   170.0000       3.44008752E-01       3.48753370E-01       1.29298011E-01
   170.1000       3.44278470E-01       3.49027069E-01       1.29381120E-01
   170.2000       3.44549513E-01       3.49301749E-01       1.29464198E-01
   170.3000       3.44821775E-01       3.49577301E-01       1.29547244E-01
   170.4000       3.45095143E-01       3.49853612E-01       1.29630258E-01
   170.5000       3.45369497E-01       3.50130560E-01       1.29713238E-01
   170.6000       3.45644707E-01       3.50408021E-01       1.29796184E-01
   170.7000       3.45920641E-01       3.50685864E-01       1.29879094E-01
   170.8000       3.46197158E-01       3.50963958E-01       1.29961967E-01
   170.9000       3.46474113E-01       3.51242164E-01       1.30044800E-01
   171.0000       3.46751358E-01       3.51520344E-01       1.30127592E-01
   171.1000       3.47028741E-01       3.51798358E-01       1.30210341E-01
   171.2000       3.47306109E-01       3.52076065E-01       1.30293044E-01
   171.3000       3.47583305E-01       3.52353325E-01       1.30375700E-01
   171.4000       3.47860177E-01       3.52629999E-01       1.30458307E-01
   171.5000       3.48136569E-01       3.52905950E-01       1.30540861E-01
   171.6000       3.48412330E-01       3.53181044E-01       1.30623360E-01
   171.7000       3.48687312E-01       3.53455152E-01       1.30705802E-01
   171.8000       3.48961370E-01       3.53728150E-01       1.30788184E-01
   171.9000       3.49234365E-01       3.53999918E-01       1.30870503E-01
   172.0000       3.49506164E-01       3.54270345E-01       1.30952758E-01
   172.1000       3.49776641E-01       3.54539327E-01       1.31034945E-01
   172.2000       3.50045678E-01       3.54806768E-01       1.31117062E-01
   172.3000       3.50313166E-01       3.55072578E-01       1.31199105E-01
   172.4000       3.50579005E-01       3.55336682E-01       1.31281074E-01
   172.5000       3.50843105E-01       3.55599010E-01       1.31362965E-01
   172.6000       3.51105388E-01       3.55859505E-01       1.31444776E-01
   172.7000       3.51365785E-01       3.56118119E-01       1.31526505E-01
   172.8000       3.51624241E-01       3.56374816E-01       1.31608150E-01
   172.9000       3.51880710E-01       3.56629569E-01       1.31689708E-01
   173.0000       3.52135159E-01       3.56882366E-01       1.31771178E-01
   173.1000       3.52387567E-01       3.57133200E-01       1.31852558E-01
   173.2000       3.52637925E-01       3.57382080E-01       1.31933846E-01
   173.3000       3.52886234E-01       3.57629022E-01       1.32015041E-01
   173.4000       3.53132508E-01       3.57874054E-01       1.32096141E-01
   173.5000       3.53376770E-01       3.58117212E-01       1.32177146E-01
   173.6000       3.53619056E-01       3.58358542E-01       1.32258055E-01
   173.7000       3.53859408E-01       3.58598097E-01       1.32338865E-01
   173.8000       3.54097879E-01       3.58835941E-01       1.32419578E-01
   173.9000       3.54334533E-01       3.59072141E-01       1.32500192E-01
   174.0000       3.54569436E-01       3.59306774E-01       1.32580707E-01
   174.1000       3.54802666E-01       3.59539919E-01       1.32661122E-01
   174.2000       3.55034304E-01       3.59771662E-01       1.32741439E-01
   174.3000       3.55264437E-01       3.60002093E-01       1.32821657E-01
   174.4000       3.55493156E-01       3.60231304E-01       1.32901776E-01
   174.5000       3.55720557E-01       3.60459390E-01       1.32981797E-01
   174.6000       3.55946736E-01       3.60686446E-01       1.33061721E-01
   174.7000       3.56171792E-01       3.60912569E-01       1.33141548E-01
   174.8000       3.56395825E-01       3.61137855E-01       1.33221280E-01
   174.9000       3.56618934E-01       3.61362401E-01       1.33300918E-01
   175.0000       3.56841219E-01       3.61586299E-01       1.33380462E-01
   175.1000       3.57062777E-01       3.61809642E-01       1.33459916E-01
   175.2000       3.57283704E-01       3.62032520E-01       1.33539279E-01
   175.3000       3.57504093E-01       3.62255018E-01       1.33618554E-01
   175.4000       3.57724035E-01       3.62477218E-01       1.33697743E-01
   175.5000       3.57943615E-01       3.62699198E-01       1.33776847E-01
   175.6000       3.58162918E-01       3.62921034E-01       1.33855870E-01
   175.7000       3.58382020E-01       3.63142794E-01       1.33934812E-01
   175.8000       3.58600996E-01       3.63364543E-01       1.34013676E-01
   175.9000       3.58819916E-01       3.63586341E-01       1.34092465E-01
   176.0000       3.59038845E-01       3.63808244E-01       1.34171182E-01
   176.1000       3.59257841E-01       3.64030300E-01       1.34249827E-01
   176.2000       3.59476962E-01       3.64252555E-01       1.34328405E-01
   176.3000       3.59696255E-01       3.64475050E-01       1.34406918E-01
   176.4000       3.59915768E-01       3.64697821E-01       1.34485368E-01
   176.5000       3.60135542E-01       3.64920899E-01       1.34563758E-01
   176.6000       3.60355613E-01       3.65144310E-01       1.34642090E-01
   176.7000       3.60576013E-01       3.65368079E-01       1.34720369E-01
   176.8000       3.60796771E-01       3.65592223E-01       1.34798595E-01
   176.9000       3.61017911E-01       3.65816758E-01       1.34876772E-01
   177.0000       3.61239454E-01       3.66041697E-01       1.34954903E-01
   177.1000       3.61461418E-01       3.66267048E-01       1.35032989E-01
   177.2000       3.61683818E-01       3.66492818E-01       1.35111034E-01
   177.3000       3.61906663E-01       3.66719009E-01       1.35189040E-01
   177.4000       3.62129964E-01       3.66945624E-01       1.35267010E-01
   177.5000       3.62353725E-01       3.67172660E-01       1.35344945E-01
   177.6000       3.62577952E-01       3.67400114E-01       1.35422848E-01
   177.7000       3.62802644E-01       3.67627982E-01       1.35500721E-01
   177.8000       3.63027801E-01       3.67856256E-01       1.35578566E-01
   177.9000       3.63253421E-01       3.68084929E-01       1.35656385E-01
   178.0000       3.63479499E-01       3.68313989E-01       1.35734179E-01
   178.1000       3.63706028E-01       3.68543426E-01       1.35811951E-01
   178.2000       3.63933000E-01       3.68773227E-01       1.35889701E-01
   178.3000       3.64160406E-01       3.69003377E-01       1.35967431E-01
   178.4000       3.64388234E-01       3.69233862E-01       1.36045142E-01
   178.5000       3.64616470E-01       3.69464665E-01       1.36122835E-01
   178.6000       3.64845100E-01       3.69695768E-01       1.36200510E-01
   178.7000       3.65074108E-01       3.69927152E-01       1.36278169E-01
   178.8000       3.65303474E-01       3.70158797E-01       1.36355811E-01
   178.9000       3.65533180E-01       3.70390680E-01       1.36433437E-01
   179.0000       3.65763204E-01       3.70622779E-01       1.36511047E-01
   179.1000       3.65993523E-01       3.70855070E-01       1.36588641E-01
   179.2000       3.66224111E-01       3.71087526E-01       1.36666219E-01
   179.3000       3.66454944E-01       3.71320123E-01       1.36743780E-01
   179.4000       3.66685992E-01       3.71552830E-01       1.36821323E-01
   179.5000       3.66917226E-01       3.71785619E-01       1.36898848E-01
   179.6000       3.67148616E-01       3.72018460E-01       1.36976354E-01
   179.7000       3.67380129E-01       3.72251321E-01       1.37053840E-01
   179.8000       3.67611732E-01       3.72484170E-01       1.37131305E-01
   179.9000       3.67843389E-01       3.72716973E-01       1.37208747E-01
   180.0000       3.68075067E-01       3.72949697E-01       1.37286166E-01
   180.1000       3.68306727E-01       3.73182308E-01       1.37363559E-01
   180.2000       3.68538334E-01       3.73414769E-01       1.37440925E-01
   180.3000       3.68769849E-01       3.73647047E-01       1.37518263E-01
   180.4000       3.69001236E-01       3.73879106E-01       1.37595570E-01
   180.5000       3.69232457E-01       3.74110911E-01       1.37672846E-01
   180.6000       3.69463475E-01       3.74342429E-01       1.37750088E-01
   180.7000       3.69694253E-01       3.74573625E-01       1.37827295E-01
   180.8000       3.69924755E-01       3.74804466E-01       1.37904465E-01
   180.9000       3.70154947E-01       3.75034922E-01       1.37981597E-01
   181.0000       3.70384796E-01       3.75264962E-01       1.38058688E-01
   181.1000       3.70614269E-01       3.75494557E-01       1.38135737E-01
   181.2000       3.70843338E-01       3.75723682E-01       1.38212742E-01
   181.3000       3.71071973E-01       3.75952310E-01       1.38289703E-01
   181.4000       3.71300149E-01       3.76180419E-01       1.38366618E-01
   181.5000       3.71527843E-01       3.76407990E-01       1.38443485E-01
   181.6000       3.71755033E-01       3.76635005E-01       1.38520303E-01
   181.7000       3.71981703E-01       3.76861448E-01       1.38597071E-01
   181.8000       3.72207835E-01       3.77087306E-01       1.38673789E-01
   181.9000       3.72433418E-01       3.77312571E-01       1.38750456E-01
   182.0000       3.72658442E-01       3.77537235E-01       1.38827071E-01
   182.1000       3.72882900E-01       3.77761294E-01       1.38903633E-01
   182.2000       3.73106787E-01       3.77984745E-01       1.38980143E-01
   182.3000       3.73330103E-01       3.78207590E-01       1.39056600E-01
   182.4000       3.73552847E-01       3.78429831E-01       1.39133005E-01
   182.5000       3.73775023E-01       3.78651475E-01       1.39209357E-01
   182.6000       3.73996638E-01       3.78872528E-01       1.39285658E-01
   182.7000       3.74217699E-01       3.79092999E-01       1.39361907E-01
   182.8000       3.74438214E-01       3.79312901E-01       1.39438106E-01
   182.9000       3.74658196E-01       3.79532245E-01       1.39514255E-01
   183.0000       3.74877657E-01       3.79751046E-01       1.39590355E-01
   183.1000       3.75096610E-01       3.79969316E-01       1.39666409E-01
   183.2000       3.75315068E-01       3.80187072E-01       1.39742416E-01
   183.3000       3.75533048E-01       3.80404330E-01       1.39818379E-01
   183.4000       3.75750562E-01       3.80621104E-01       1.39894299E-01
   183.5000       3.75967627E-01       3.80837410E-01       1.39970178E-01
   183.6000       3.76184255E-01       3.81053262E-01       1.40046018E-01
   183.7000       3.76400461E-01       3.81268676E-01       1.40121821E-01
   183.8000       3.76616256E-01       3.81483664E-01       1.40197589E-01
   183.9000       3.76831653E-01       3.81698238E-01       1.40273324E-01
   184.0000       3.77046662E-01       3.81912410E-01       1.40349027E-01
   184.1000       3.77261291E-01       3.82126190E-01       1.40424703E-01
   184.2000       3.77475548E-01       3.82339584E-01       1.40500351E-01
   184.3000       3.77689438E-01       3.82552601E-01       1.40575976E-01
   184.4000       3.77902965E-01       3.82765244E-01       1.40651579E-01
   184.5000       3.78116131E-01       3.82977517E-01       1.40727161E-01
   184.6000       3.78328938E-01       3.83189423E-01       1.40802727E-01
   184.7000       3.78541383E-01       3.83400961E-01       1.40878276E-01
   184.8000       3.78753465E-01       3.83612131E-01       1.40953813E-01
   184.9000       3.78965179E-01       3.83822930E-01       1.41029337E-01
   185.0000       3.79176520E-01       3.84033356E-01       1.41104853E-01
   185.1000       3.79387484E-01       3.84243405E-01       1.41180360E-01
   185.2000       3.79598062E-01       3.84453072E-01       1.41255861E-01
   185.3000       3.79808248E-01       3.84662352E-01       1.41331358E-01
   185.4000       3.80018034E-01       3.84871240E-01       1.41406852E-01
   185.5000       3.80227412E-01       3.85079732E-01       1.41482344E-01
   185.6000       3.80436376E-01       3.85287823E-01       1.41557836E-01
   185.7000       3.80644920E-01       3.85495509E-01       1.41633328E-01
   185.8000       3.80853036E-01       3.85702787E-01       1.41708821E-01
   185.9000       3.81060721E-01       3.85909656E-01       1.41784316E-01
   186.0000       3.81267972E-01       3.86116116E-01       1.41859814E-01
   186.1000       3.81474786E-01       3.86322167E-01       1.41935315E-01
   186.2000       3.81681165E-01       3.86527814E-01       1.42010819E-01
   186.3000       3.81887110E-01       3.86733062E-01       1.42086326E-01
   186.4000       3.82092627E-01       3.86937917E-01       1.42161837E-01
   186.5000       3.82297720E-01       3.87142390E-01       1.42237352E-01
   186.6000       3.82502400E-01       3.87346491E-01       1.42312869E-01
   186.7000       3.82706678E-01       3.87550235E-01       1.42388389E-01
   186.8000       3.82910567E-01       3.87753638E-01       1.42463910E-01
   186.9000       3.83114083E-01       3.87956718E-01       1.42539434E-01
   187.0000       3.83317245E-01       3.88159496E-01       1.42614958E-01
   187.1000       3.83520074E-01       3.88361992E-01       1.42690481E-01
   187.2000       3.83722590E-01       3.88564232E-01       1.42766005E-01
   187.3000       3.83924818E-01       3.88766239E-01       1.42841526E-01
   187.4000       3.84126784E-01       3.88968041E-01       1.42917044E-01
   187.5000       3.84328514E-01       3.89169664E-01       1.42992559E-01
   187.6000       3.84530035E-01       3.89371136E-01       1.43068069E-01
   187.7000       3.84731376E-01       3.89572484E-01       1.43143574E-01
   187.8000       3.84932564E-01       3.89773737E-01       1.43219072E-01
   187.9000       3.85133627E-01       3.89974922E-01       1.43294562E-01
   188.0000       3.85334593E-01       3.90176064E-01       1.43370044E-01
   188.1000       3.85535488E-01       3.90377189E-01       1.43445516E-01
   188.2000       3.85736338E-01       3.90578319E-01       1.43520979E-01
   188.3000       3.85937167E-01       3.90779478E-01       1.43596430E-01
   188.4000       3.86137996E-01       3.90980683E-01       1.43671870E-01
   188.5000       3.86338845E-01       3.91181951E-01       1.43747298E-01
   188.6000       3.86539731E-01       3.91383296E-01       1.43822714E-01
   188.7000       3.86740668E-01       3.91584728E-01       1.43898117E-01
   188.8000       3.86941669E-01       3.91786256E-01       1.43973507E-01
   188.9000       3.87142741E-01       3.91987882E-01       1.44048883E-01
   189.0000       3.87343890E-01       3.92189608E-01       1.44124247E-01
   189.1000       3.87545117E-01       3.92391430E-01       1.44199597E-01
   189.2000       3.87746422E-01       3.92593342E-01       1.44274935E-01
   189.3000       3.87947799E-01       3.92795333E-01       1.44350261E-01
   189.4000       3.88149242E-01       3.92997390E-01       1.44425575E-01
   189.5000       3.88350738E-01       3.93199496E-01       1.44500877E-01
   189.6000       3.88552275E-01       3.93401630E-01       1.44576169E-01
   189.7000       3.88753836E-01       3.93603771E-01       1.44651451E-01
   189.8000       3.88955402E-01       3.93805892E-01       1.44726725E-01
   189.9000       3.89156953E-01       3.94007965E-01       1.44801991E-01
   190.0000       3.89358467E-01       3.94209963E-01       1.44877250E-01
   190.1000       3.89559919E-01       3.94411852E-01       1.44952503E-01
   190.2000       3.89761284E-01       3.94613602E-01       1.45027753E-01
   190.3000       3.89962539E-01       3.94815179E-01       1.45102999E-01
   190.4000       3.90163655E-01       3.95016551E-01       1.45178243E-01
   190.5000       3.90364610E-01       3.95217684E-01       1.45253487E-01
   190.6000       3.90565377E-01       3.95418547E-01       1.45328732E-01
   190.7000       3.90765934E-01       3.95619109E-01       1.45403979E-01
   190.8000       3.90966259E-01       3.95819340E-01       1.45479229E-01
   190.9000       3.91166330E-01       3.96019212E-01       1.45554484E-01
   191.0000       3.91366130E-01       3.96218700E-01       1.45629745E-01
   191.1000       3.91565643E-01       3.96417781E-01       1.45705012E-01
   191.2000       3.91764856E-01       3.96616435E-01       1.45780287E-01
   191.3000       3.91963758E-01       3.96814645E-01       1.45855571E-01
   191.4000       3.92162343E-01       3.97012397E-01       1.45930865E-01
   191.5000       3.92360605E-01       3.97209681E-01       1.46006170E-01
   191.6000       3.92558543E-01       3.97406490E-01       1.46081485E-01
   191.7000       3.92756160E-01       3.97602821E-01       1.46156812E-01
   191.8000       3.92953460E-01       3.97798673E-01       1.46232150E-01
   191.9000       3.93150450E-01       3.97994051E-01       1.46307501E-01
   192.0000       3.93347141E-01       3.98188961E-01       1.46382864E-01
   192.1000       3.93543546E-01       3.98383413E-01       1.46458239E-01
   192.2000       3.93739680E-01       3.98577420E-01       1.46533625E-01
   192.3000       3.93935560E-01       3.98770997E-01       1.46609024E-01
   192.4000       3.94131204E-01       3.98964163E-01       1.46684433E-01
   192.5000       3.94326632E-01       3.99156938E-01       1.46759852E-01
   192.6000       3.94521865E-01       3.99349342E-01       1.46835281E-01
   192.7000       3.94716922E-01       3.99541400E-01       1.46910718E-01
   192.8000       3.94911826E-01       3.99733134E-01       1.46986162E-01
   192.9000       3.95106596E-01       3.99924570E-01       1.47061613E-01
   193.0000       3.95301252E-01       4.00115732E-01       1.47137069E-01
   193.1000       3.95495812E-01       4.00306644E-01       1.47212529E-01
   193.2000       3.95690294E-01       4.00497330E-01       1.47287990E-01
   193.3000       3.95884711E-01       4.00687814E-01       1.47363453E-01
   193.4000       3.96079076E-01       4.00878116E-01       1.47438914E-01
   193.5000       3.96273400E-01       4.01068258E-01       1.47514373E-01
   193.6000       3.96467690E-01       4.01258258E-01       1.47589828E-01
   193.7000       3.96661951E-01       4.01448132E-01       1.47665276E-01
   193.8000       3.96856183E-01       4.01637894E-01       1.47740718E-01
   193.9000       3.97050386E-01       4.01827558E-01       1.47816150E-01
   194.0000       3.97244554E-01       4.02017132E-01       1.47891572E-01
   194.1000       3.97438682E-01       4.02206625E-01       1.47966981E-01
   194.2000       3.97632757E-01       4.02396041E-01       1.48042377E-01
   194.3000       3.97826767E-01       4.02585384E-01       1.48117758E-01
   194.4000       3.98020696E-01       4.02774653E-01       1.48193123E-01
   194.5000       3.98214526E-01       4.02963848E-01       1.48268470E-01
   194.6000       3.98408238E-01       4.03152966E-01       1.48343799E-01
   194.7000       3.98601808E-01       4.03342001E-01       1.48419109E-01
   194.8000       3.98795215E-01       4.03530946E-01       1.48494398E-01
   194.9000       3.98988435E-01       4.03719796E-01       1.48569667E-01
   195.0000       3.99181442E-01       4.03908540E-01       1.48644915E-01
   195.1000       3.99374213E-01       4.04097170E-01       1.48720141E-01
   195.2000       3.99566723E-01       4.04285675E-01       1.48795346E-01
   195.3000       3.99758948E-01       4.04474048E-01       1.48870530E-01
   195.4000       3.99950866E-01       4.04662277E-01       1.48945692E-01
   195.5000       4.00142456E-01       4.04850355E-01       1.49020834E-01
   195.6000       4.00333698E-01       4.05038272E-01       1.49095955E-01
   195.7000       4.00524576E-01       4.05226021E-01       1.49171057E-01
   195.8000       4.00715075E-01       4.05413597E-01       1.49246140E-01
   195.9000       4.00905183E-01       4.05600993E-01       1.49321205E-01
   196.0000       4.01094891E-01       4.05788207E-01       1.49396255E-01
   196.1000       4.01284193E-01       4.05975236E-01       1.49471289E-01
   196.2000       4.01473087E-01       4.06162080E-01       1.49546310E-01
   196.3000       4.01661572E-01       4.06348740E-01       1.49621318E-01
   196.4000       4.01849654E-01       4.06535219E-01       1.49696317E-01
   196.5000       4.02037337E-01       4.06721519E-01       1.49771307E-01
   196.6000       4.02224634E-01       4.06907648E-01       1.49846291E-01
   196.7000       4.02411555E-01       4.07093611E-01       1.49921269E-01
   196.8000       4.02598117E-01       4.07279416E-01       1.49996246E-01
   196.9000       4.02784337E-01       4.07465072E-01       1.50071221E-01
   197.0000       4.02970235E-01       4.07650587E-01       1.50146198E-01
   197.1000       4.03155833E-01       4.07835972E-01       1.50221179E-01
   197.2000       4.03341153E-01       4.08021234E-01       1.50296166E-01
   197.3000       4.03526221E-01       4.08206384E-01       1.50371160E-01
   197.4000       4.03711059E-01       4.08391430E-01       1.50446164E-01
   197.5000       4.03895693E-01       4.08576380E-01       1.50521180E-01
   197.6000       4.04080147E-01       4.08761240E-01       1.50596210E-01
   197.7000       4.04264443E-01       4.08946015E-01       1.50671256E-01
   197.8000       4.04448606E-01       4.09130708E-01       1.50746319E-01
   197.9000       4.04632654E-01       4.09315320E-01       1.50821402E-01
   198.0000       4.04816607E-01       4.09499851E-01       1.50896505E-01
   198.1000       4.05000481E-01       4.09684297E-01       1.50971632E-01
   198.2000       4.05184290E-01       4.09868652E-01       1.51046783E-01
   198.3000       4.05368044E-01       4.10052907E-01       1.51121959E-01
   198.4000       4.05551752E-01       4.10237050E-01       1.51197162E-01
   198.5000       4.05735416E-01       4.10421067E-01       1.51272393E-01
   198.6000       4.05919038E-01       4.10604941E-01       1.51347653E-01
   198.7000       4.06102616E-01       4.10788651E-01       1.51422943E-01
   198.8000       4.06286142E-01       4.10972176E-01       1.51498264E-01
   198.9000       4.06469608E-01       4.11155489E-01       1.51573615E-01
   199.0000       4.06653000E-01       4.11338564E-01       1.51648998E-01
   199.1000       4.06836302E-01       4.11521372E-01       1.51724413E-01
   199.2000       4.07019495E-01       4.11703881E-01       1.51799861E-01
   199.3000       4.07202557E-01       4.11886059E-01       1.51875340E-01
   199.4000       4.07385464E-01       4.12067873E-01       1.51950852E-01
   199.5000       4.07568190E-01       4.12249290E-01       1.52026396E-01
   199.6000       4.07750707E-01       4.12430274E-01       1.52101971E-01
   199.7000       4.07932987E-01       4.12610794E-01       1.52177578E-01
   199.8000       4.08114999E-01       4.12790815E-01       1.52253215E-01
   199.9000       4.08296715E-01       4.12970308E-01       1.52328883E-01
   200.0000       4.08478105E-01       4.13149242E-01       1.52404580E-01
   200.1000       4.08659140E-01       4.13327589E-01       1.52480305E-01
   200.2000       4.08839794E-01       4.13505325E-01       1.52556058E-01
   200.3000       4.09020040E-01       4.13682429E-01       1.52631837E-01
   200.4000       4.09199857E-01       4.13858881E-01       1.52707641E-01
   200.5000       4.09379222E-01       4.14034667E-01       1.52783470E-01
   200.6000       4.09558119E-01       4.14209777E-01       1.52859322E-01
   200.7000       4.09736534E-01       4.14384205E-01       1.52935196E-01
   200.8000       4.09914455E-01       4.14557948E-01       1.53011090E-01
   200.9000       4.10091875E-01       4.14731010E-01       1.53087003E-01
   201.0000       4.10268793E-01       4.14903398E-01       1.53162933E-01
   201.1000       4.10445210E-01       4.15075126E-01       1.53238880E-01
   201.2000       4.10621131E-01       4.15246210E-01       1.53314842E-01
   201.3000       4.10796566E-01       4.15416672E-01       1.53390817E-01
   201.4000       4.10971531E-01       4.15586539E-01       1.53466804E-01
   201.5000       4.11146043E-01       4.15755842E-01       1.53542801E-01
   201.6000       4.11320124E-01       4.15924616E-01       1.53618808E-01
   201.7000       4.11493801E-01       4.16092899E-01       1.53694823E-01
   201.8000       4.11667103E-01       4.16260733E-01       1.53770844E-01
   201.9000       4.11840063E-01       4.16428164E-01       1.53846871E-01
   202.0000       4.12012716E-01       4.16595238E-01       1.53922903E-01
   202.1000       4.12185099E-01       4.16762005E-01       1.53998937E-01
   202.2000       4.12357252E-01       4.16928517E-01       1.54074974E-01
   202.3000       4.12529216E-01       4.17094826E-01       1.54151013E-01
   202.4000       4.12701032E-01       4.17260984E-01       1.54227052E-01
   202.5000       4.12872744E-01       4.17427045E-01       1.54303091E-01
   202.6000       4.13044392E-01       4.17593059E-01       1.54379129E-01
   202.7000       4.13216019E-01       4.17759079E-01       1.54455166E-01
   202.8000       4.13387666E-01       4.17925155E-01       1.54531202E-01
   202.9000       4.13559371E-01       4.18091333E-01       1.54607236E-01
   203.0000       4.13731172E-01       4.18257659E-01       1.54683269E-01
   203.1000       4.13903104E-01       4.18424175E-01       1.54759300E-01
   203.2000       4.14075200E-01       4.18590920E-01       1.54835330E-01
   203.3000       4.14247488E-01       4.18757930E-01       1.54911359E-01
   203.4000       4.14419995E-01       4.18925236E-01       1.54987388E-01
   203.5000       4.14592744E-01       4.19092867E-01       1.55063417E-01
   203.6000       4.14765753E-01       4.19260844E-01       1.55139447E-01
   203.7000       4.14939038E-01       4.19429188E-01       1.55215479E-01
   203.8000       4.15112610E-01       4.19597912E-01       1.55291515E-01
   203.9000       4.15286475E-01       4.19767027E-01       1.55367554E-01
   204.0000       4.15460638E-01       4.19936537E-01       1.55443599E-01
   204.1000       4.15635096E-01       4.20106444E-01       1.55519651E-01
   204.2000       4.15809847E-01       4.20276745E-01       1.55595712E-01
   204.3000       4.15984880E-01       4.20447431E-01       1.55671784E-01
   204.4000       4.16160185E-01       4.20618491E-01       1.55747867E-01
   204.5000       4.16335745E-01       4.20789909E-01       1.55823964E-01
   204.6000       4.16511543E-01       4.20961667E-01       1.55900077E-01
   204.7000       4.16687557E-01       4.21133742E-01       1.55976208E-01
   204.8000       4.16863763E-01       4.21306109E-01       1.56052358E-01
   204.9000       4.17040134E-01       4.21478740E-01       1.56128530E-01
   205.0000       4.17216643E-01       4.21651603E-01       1.56204726E-01
   205.1000       4.17393258E-01       4.21824668E-01       1.56280948E-01
   205.2000       4.17569947E-01       4.21997898E-01       1.56357198E-01
   205.3000       4.17746678E-01       4.22171259E-01       1.56433478E-01
   205.4000       4.17923417E-01       4.22344713E-01       1.56509789E-01
   205.5000       4.18100128E-01       4.22518221E-01       1.56586135E-01
   205.6000       4.18276777E-01       4.22691746E-01       1.56662516E-01
   205.7000       4.18453327E-01       4.22865249E-01       1.56738934E-01
   205.8000       4.18629743E-01       4.23038689E-01       1.56815392E-01
   205.9000       4.18805989E-01       4.23212027E-01       1.56891890E-01
   206.0000       4.18982030E-01       4.23385226E-01       1.56968431E-01
   206.1000       4.19157832E-01       4.23558245E-01       1.57045015E-01
   206.2000       4.19333359E-01       4.23731046E-01       1.57121644E-01
   206.3000       4.19508579E-01       4.23903593E-01       1.57198319E-01
   206.4000       4.19683458E-01       4.24075848E-01       1.57275041E-01
   206.5000       4.19857964E-01       4.24247775E-01       1.57351810E-01
   206.6000       4.20032065E-01       4.24419340E-01       1.57428628E-01
   206.7000       4.20205732E-01       4.24590508E-01       1.57505494E-01
   206.8000       4.20378934E-01       4.24761246E-01       1.57582409E-01
   206.9000       4.20551642E-01       4.24931522E-01       1.57659374E-01
   207.0000       4.20723829E-01       4.25101304E-01       1.57736388E-01
   207.1000       4.20895468E-01       4.25270564E-01       1.57813451E-01
   207.2000       4.21066532E-01       4.25439271E-01       1.57890562E-01
   207.3000       4.21236997E-01       4.25607397E-01       1.57967722E-01
   207.4000       4.21406839E-01       4.25774917E-01       1.58044930E-01
   207.5000       4.21576033E-01       4.25941805E-01       1.58122185E-01
   207.6000       4.21744559E-01       4.26108035E-01       1.58199487E-01
   207.7000       4.21912395E-01       4.26273586E-01       1.58276833E-01
   207.8000       4.22079522E-01       4.26438434E-01       1.58354224E-01
   207.9000       4.22245922E-01       4.26602561E-01       1.58431658E-01
   208.0000       4.22411577E-01       4.26765947E-01       1.58509134E-01
   208.1000       4.22576473E-01       4.26928576E-01       1.58586650E-01
   208.2000       4.22740596E-01       4.27090431E-01       1.58664206E-01
   208.3000       4.22903936E-01       4.27251500E-01       1.58741800E-01
   208.4000       4.23066482E-01       4.27411771E-01       1.58819430E-01
   208.5000       4.23228228E-01       4.27571236E-01       1.58897095E-01
   208.6000       4.23389170E-01       4.27729888E-01       1.58974793E-01
   208.7000       4.23549307E-01       4.27887724E-01       1.59052523E-01
   208.8000       4.23708640E-01       4.28044743E-01       1.59130284E-01
   208.9000       4.23867174E-01       4.28200947E-01       1.59208074E-01
   209.0000       4.24024919E-01       4.28356343E-01       1.59285891E-01
   209.1000       4.24181886E-01       4.28510938E-01       1.59363735E-01
   209.2000       4.24338091E-01       4.28664746E-01       1.59441603E-01
   209.3000       4.24493556E-01       4.28817783E-01       1.59519495E-01
   209.4000       4.24648304E-01       4.28970070E-01       1.59597409E-01
   209.5000       4.24802364E-01       4.29121631E-01       1.59675344E-01
   209.6000       4.24955770E-01       4.29272494E-01       1.59753299E-01
   209.7000       4.25108560E-01       4.29422693E-01       1.59831273E-01
   209.8000       4.25260777E-01       4.29572263E-01       1.59909264E-01
   209.9000       4.25412466E-01       4.29721247E-01       1.59987273E-01
   210.0000       4.25563679E-01       4.29869687E-01       1.60065298E-01
   210.1000       4.25714471E-01       4.30017634E-01       1.60143338E-01
   210.2000       4.25864902E-01       4.30165140E-01       1.60221392E-01
   210.3000       4.26015034E-01       4.30312260E-01       1.60299461E-01
   210.4000       4.26164934E-01       4.30459053E-01       1.60377543E-01
   210.5000       4.26314672E-01       4.30605581E-01       1.60455638E-01
   210.6000       4.26464318E-01       4.30751909E-01       1.60533745E-01
   210.7000       4.26613948E-01       4.30898103E-01       1.60611864E-01
   210.8000       4.26763637E-01       4.31044230E-01       1.60689995E-01
   210.9000       4.26913462E-01       4.31190362E-01       1.60768138E-01
   211.0000       4.27063500E-01       4.31336566E-01       1.60846291E-01
   211.1000       4.27213828E-01       4.31482915E-01       1.60924456E-01
   211.2000       4.27364523E-01       4.31629476E-01       1.61002631E-01
   211.3000       4.27515660E-01       4.31776319E-01       1.61080816E-01
   211.4000       4.27667312E-01       4.31923511E-01       1.61159012E-01
   211.5000       4.27819549E-01       4.32071117E-01       1.61237219E-01
   211.6000       4.27972438E-01       4.32219198E-01       1.61315435E-01
   211.7000       4.28126041E-01       4.32367815E-01       1.61393661E-01
   211.8000       4.28280416E-01       4.32517020E-01       1.61471898E-01
   211.9000       4.28435616E-01       4.32666866E-01       1.61550144E-01
   212.0000       4.28591688E-01       4.32817397E-01       1.61628401E-01
   212.1000       4.28748672E-01       4.32968653E-01       1.61706667E-01
   212.2000       4.28906602E-01       4.33120669E-01       1.61784942E-01
   212.3000       4.29065503E-01       4.33273474E-01       1.61863228E-01
   212.4000       4.29225395E-01       4.33427088E-01       1.61941524E-01
   212.5000       4.29386289E-01       4.33581527E-01       1.62019829E-01
   212.6000       4.29548186E-01       4.33736798E-01       1.62098144E-01
   212.7000       4.29711081E-01       4.33892903E-01       1.62176470E-01
   212.8000       4.29874961E-01       4.34049835E-01       1.62254805E-01
   212.9000       4.30039802E-01       4.34207580E-01       1.62333150E-01
   213.0000       4.30205574E-01       4.34366119E-01       1.62411506E-01
   213.1000       4.30372240E-01       4.34525424E-01       1.62489873E-01
   213.2000       4.30539752E-01       4.34685461E-01       1.62568250E-01
   213.3000       4.30708056E-01       4.34846189E-01       1.62646639E-01
   213.4000       4.30877092E-01       4.35007560E-01       1.62725040E-01
   213.5000       4.31046793E-01       4.35169524E-01       1.62803452E-01
   213.6000       4.31217084E-01       4.35332021E-01       1.62881877E-01
   213.7000       4.31387887E-01       4.35494989E-01       1.62960315E-01
   213.8000       4.31559118E-01       4.35658361E-01       1.63038767E-01
   213.9000       4.31730689E-01       4.35822066E-01       1.63117233E-01
   214.0000       4.31902508E-01       4.35986030E-01       1.63195714E-01
   214.1000       4.32074480E-01       4.36150176E-01       1.63274211E-01
   214.2000       4.32246510E-01       4.36314426E-01       1.63352725E-01
   214.3000       4.32418500E-01       4.36478700E-01       1.63431257E-01
   214.4000       4.32590352E-01       4.36642917E-01       1.63509807E-01
   214.5000       4.32761969E-01       4.36806998E-01       1.63588377E-01
   214.6000       4.32933253E-01       4.36970862E-01       1.63666968E-01
   214.7000       4.33104109E-01       4.37134431E-01       1.63745581E-01
   214.8000       4.33274447E-01       4.37297627E-01       1.63824216E-01
   214.9000       4.33444176E-01       4.37460378E-01       1.63902876E-01
   215.0000       4.33613211E-01       4.37622610E-01       1.63981562E-01
   215.1000       4.33781471E-01       4.37784256E-01       1.64060273E-01
   215.2000       4.33948881E-01       4.37945251E-01       1.64139013E-01
   215.3000       4.34115369E-01       4.38105536E-01       1.64217781E-01
   215.4000       4.34280870E-01       4.38265055E-01       1.64296580E-01
   215.5000       4.34445328E-01       4.38423757E-01       1.64375409E-01
   215.6000       4.34608688E-01       4.38581596E-01       1.64454271E-01
   215.7000       4.34770905E-01       4.38738532E-01       1.64533165E-01
   215.8000       4.34931942E-01       4.38894530E-01       1.64612094E-01
   215.9000       4.35091765E-01       4.39049560E-01       1.64691058E-01
   216.0000       4.35250351E-01       4.39203597E-01       1.64770058E-01
   216.1000       4.35407681E-01       4.39356624E-01       1.64849095E-01
   216.2000       4.35563745E-01       4.39508627E-01       1.64928168E-01
   216.3000       4.35718538E-01       4.39659597E-01       1.65007280E-01
   216.4000       4.35872062E-01       4.39809532E-01       1.65086429E-01
   216.5000       4.36024325E-01       4.39958433E-01       1.65165618E-01
   216.6000       4.36175342E-01       4.40106307E-01       1.65244845E-01
   216.7000       4.36325134E-01       4.40253165E-01       1.65324111E-01
   216.8000       4.36473725E-01       4.40399021E-01       1.65403416E-01
   216.9000       4.36621145E-01       4.40543895E-01       1.65482761E-01
   217.0000       4.36767430E-01       4.40687809E-01       1.65562144E-01
   217.1000       4.36912618E-01       4.40830789E-01       1.65641566E-01
   217.2000       4.37056752E-01       4.40972864E-01       1.65721027E-01
   217.3000       4.37199879E-01       4.41114064E-01       1.65800526E-01
   217.4000       4.37342046E-01       4.41254424E-01       1.65880062E-01
   217.5000       4.37483307E-01       4.41393979E-01       1.65959636E-01
   217.6000       4.37623714E-01       4.41532767E-01       1.66039246E-01
   217.7000       4.37763322E-01       4.41670826E-01       1.66118892E-01
   217.8000       4.37902190E-01       4.41808197E-01       1.66198574E-01
   217.9000       4.38040374E-01       4.41944921E-01       1.66278291E-01
   218.0000       4.38177935E-01       4.42081040E-01       1.66358042E-01
   218.1000       4.38314930E-01       4.42216597E-01       1.66437826E-01
   218.2000       4.38451420E-01       4.42351635E-01       1.66517643E-01
   218.3000       4.38587464E-01       4.42486198E-01       1.66597493E-01
   218.4000       4.38723123E-01       4.42620329E-01       1.66677375E-01
   218.5000       4.38858454E-01       4.42754072E-01       1.66757287E-01
   218.6000       4.38993518E-01       4.42887472E-01       1.66837231E-01
   218.7000       4.39128372E-01       4.43020572E-01       1.66917206E-01
   218.8000       4.39263073E-01       4.43153415E-01       1.66997210E-01
   218.9000       4.39397679E-01       4.43286046E-01       1.67077245E-01
   219.0000       4.39532244E-01       4.43418507E-01       1.67157310E-01
   219.1000       4.39666824E-01       4.43550843E-01       1.67237405E-01
   219.2000       4.39801471E-01       4.43683095E-01       1.67317530E-01
   219.3000       4.39936239E-01       4.43815306E-01       1.67397686E-01
   219.4000       4.40071177E-01       4.43947518E-01       1.67477872E-01
   219.5000       4.40206337E-01       4.44079773E-01       1.67558090E-01
   219.6000       4.40341766E-01       4.44212111E-01       1.67638339E-01
   219.7000       4.40477511E-01       4.44344573E-01       1.67718620E-01
   219.8000       4.40613617E-01       4.44477199E-01       1.67798935E-01
   219.9000       4.40750127E-01       4.44610026E-01       1.67879284E-01
   220.0000       4.40887083E-01       4.44743094E-01       1.67959668E-01
   220.1000       4.41024525E-01       4.44876438E-01       1.68040088E-01
   220.2000       4.41162489E-01       4.45010093E-01       1.68120545E-01
   220.3000       4.41301010E-01       4.45144094E-01       1.68201040E-01
   220.4000       4.41440121E-01       4.45278473E-01       1.68281574E-01
   220.5000       4.41579851E-01       4.45413260E-01       1.68362150E-01
   220.6000       4.41720227E-01       4.45548482E-01       1.68442767E-01
   220.7000       4.41861273E-01       4.45684166E-01       1.68523428E-01
   220.8000       4.42003007E-01       4.45820336E-01       1.68604133E-01
   220.9000       4.42145448E-01       4.45957010E-01       1.68684884E-01
   221.0000       4.42288607E-01       4.46094209E-01       1.68765682E-01
   221.1000       4.42432493E-01       4.46231945E-01       1.68846529E-01
   221.2000       4.42577112E-01       4.46370229E-01       1.68927425E-01
   221.3000       4.42722464E-01       4.46509071E-01       1.69008371E-01
   221.4000       4.42868544E-01       4.46648472E-01       1.69089369E-01
   221.5000       4.43015345E-01       4.46788433E-01       1.69170419E-01
   221.6000       4.43162853E-01       4.46928951E-01       1.69251522E-01
   221.7000       4.43311051E-01       4.47070017E-01       1.69332679E-01
   221.8000       4.43459916E-01       4.47211619E-01       1.69413890E-01
   221.9000       4.43609422E-01       4.47353741E-01       1.69495156E-01
   222.0000       4.43759536E-01       4.47496362E-01       1.69576476E-01
   222.1000       4.43910222E-01       4.47639458E-01       1.69657852E-01
   222.2000       4.44061441E-01       4.47783002E-01       1.69739282E-01
   222.3000       4.44213147E-01       4.47926960E-01       1.69820767E-01
   222.4000       4.44365293E-01       4.48071297E-01       1.69902306E-01
   222.5000       4.44517825E-01       4.48215974E-01       1.69983899E-01
   222.6000       4.44670689E-01       4.48360947E-01       1.70065544E-01
   222.7000       4.44823825E-01       4.48506173E-01       1.70147242E-01
   222.8000       4.44977172E-01       4.48651603E-01       1.70228990E-01
   222.9000       4.45130666E-01       4.48797187E-01       1.70310788E-01
   223.0000       4.45284243E-01       4.48942872E-01       1.70392634E-01
   223.1000       4.45437836E-01       4.49088605E-01       1.70474527E-01
   223.2000       4.45591375E-01       4.49234331E-01       1.70556466E-01
   223.3000       4.45744794E-01       4.49379995E-01       1.70638447E-01
   223.4000       4.45898024E-01       4.49525540E-01       1.70720471E-01
   223.5000       4.46050998E-01       4.49670912E-01       1.70802534E-01
   223.6000       4.46203648E-01       4.49816056E-01       1.70884635E-01
   223.7000       4.46355910E-01       4.49960916E-01       1.70966771E-01
   223.8000       4.46507721E-01       4.50105441E-01       1.71048940E-01
   223.9000       4.46659019E-01       4.50249580E-01       1.71131141E-01
   224.0000       4.46809748E-01       4.50393285E-01       1.71213370E-01
   224.1000       4.46959853E-01       4.50536509E-01       1.71295627E-01
   224.2000       4.47109283E-01       4.50679209E-01       1.71377907E-01
   224.3000       4.47257990E-01       4.50821346E-01       1.71460210E-01
   224.4000       4.47405933E-01       4.50962882E-01       1.71542532E-01
   224.5000       4.47553074E-01       4.51103785E-01       1.71624872E-01
   224.6000       4.47699379E-01       4.51244027E-01       1.71707228E-01
   224.7000       4.47844821E-01       4.51383582E-01       1.71789597E-01
   224.8000       4.47989375E-01       4.51522429E-01       1.71871978E-01
   224.9000       4.48133025E-01       4.51660552E-01       1.71954368E-01
   225.0000       4.48275757E-01       4.51797938E-01       1.72036766E-01
   225.1000       4.48417565E-01       4.51934580E-01       1.72119170E-01
   225.2000       4.48558445E-01       4.52070474E-01       1.72201578E-01
   225.3000       4.48698400E-01       4.52205619E-01       1.72283989E-01
   225.4000       4.48837439E-01       4.52340021E-01       1.72366402E-01
   225.5000       4.48975574E-01       4.52473686E-01       1.72448815E-01
   225.6000       4.49112821E-01       4.52606626E-01       1.72531228E-01
   225.7000       4.49249202E-01       4.52738858E-01       1.72613639E-01
   225.8000       4.49384743E-01       4.52870398E-01       1.72696047E-01
   225.9000       4.49519472E-01       4.53001268E-01       1.72778452E-01
   226.0000       4.49653423E-01       4.53131493E-01       1.72860854E-01
   226.1000       4.49786631E-01       4.53261099E-01       1.72943252E-01
   226.2000       4.49919135E-01       4.53390113E-01       1.73025646E-01
   226.3000       4.50050975E-01       4.53518568E-01       1.73108036E-01
   226.4000       4.50182195E-01       4.53646494E-01       1.73190422E-01
   226.5000       4.50312841E-01       4.53773924E-01       1.73272804E-01
   226.6000       4.50442957E-01       4.53900895E-01       1.73355183E-01
   226.7000       4.50572592E-01       4.54027439E-01       1.73437559E-01
   226.8000       4.50701795E-01       4.54153594E-01       1.73519933E-01
   226.9000       4.50830613E-01       4.54279394E-01       1.73602306E-01
   227.0000       4.50959095E-01       4.54404877E-01       1.73684678E-01
   227.1000       4.51087291E-01       4.54530077E-01       1.73767051E-01
   227.2000       4.51215249E-01       4.54655029E-01       1.73849425E-01
   227.3000       4.51343016E-01       4.54779770E-01       1.73931803E-01
   227.4000       4.51470640E-01       4.54904333E-01       1.74014184E-01
   227.5000       4.51598167E-01       4.55028751E-01       1.74096572E-01
   227.6000       4.51725641E-01       4.55153057E-01       1.74178967E-01
   227.7000       4.51853107E-01       4.55277284E-01       1.74261370E-01
   227.8000       4.51980606E-01       4.55401461E-01       1.74343784E-01
   227.9000       4.52108179E-01       4.55525618E-01       1.74426210E-01
   228.0000       4.52235865E-01       4.55649783E-01       1.74508650E-01
   228.1000       4.52363701E-01       4.55773984E-01       1.74591105E-01
   228.2000       4.52491723E-01       4.55898247E-01       1.74673578E-01
   228.3000       4.52619964E-01       4.56022597E-01       1.74756070E-01
   228.4000       4.52748455E-01       4.56147056E-01       1.74838583E-01
   228.5000       4.52877228E-01       4.56271649E-01       1.74921119E-01
   228.6000       4.53006308E-01       4.56396396E-01       1.75003679E-01
   228.7000       4.53135721E-01       4.56521316E-01       1.75086267E-01
   228.8000       4.53265492E-01       4.56646430E-01       1.75168883E-01
   228.9000       4.53395640E-01       4.56771753E-01       1.75251529E-01
   229.0000       4.53526186E-01       4.56897303E-01       1.75334207E-01
   229.1000       4.53657146E-01       4.57023093E-01       1.75416918E-01
   229.2000       4.53788534E-01       4.57149138E-01       1.75499666E-01
   229.3000       4.53920361E-01       4.57275448E-01       1.75582450E-01
   229.4000       4.54052639E-01       4.57402035E-01       1.75665273E-01
   229.5000       4.54185372E-01       4.57528906E-01       1.75748136E-01
   229.6000       4.54318566E-01       4.57656069E-01       1.75831040E-01
   229.7000       4.54452221E-01       4.57783527E-01       1.75913988E-01
   229.8000       4.54586335E-01       4.57911285E-01       1.75996979E-01
   229.9000       4.54720904E-01       4.58039343E-01       1.76080017E-01
   230.0000       4.54855920E-01       4.58167698E-01       1.76163101E-01
   230.1000       4.54991372E-01       4.58296349E-01       1.76246232E-01
   230.2000       4.55127246E-01       4.58425287E-01       1.76329412E-01
   230.3000       4.55263523E-01       4.58554505E-01       1.76412642E-01
   230.4000       4.55400183E-01       4.58683991E-01       1.76495921E-01
   230.5000       4.55537201E-01       4.58813731E-01       1.76579252E-01
   230.6000       4.55674549E-01       4.58943708E-01       1.76662635E-01
   230.7000       4.55812196E-01       4.59073902E-01       1.76746069E-01
   230.8000       4.55950107E-01       4.59204290E-01       1.76829556E-01
   230.9000       4.56088243E-01       4.59334847E-01       1.76913095E-01
   231.0000       4.56226563E-01       4.59465556E-01       1.76996688E-01
   231.1000       4.56365022E-01       4.59596407E-01       1.77080334E-01
   231.2000       4.56503573E-01       4.59727365E-01       1.77164033E-01
   231.3000       4.56642165E-01       4.59858402E-01       1.77247785E-01
   231.4000       4.56780744E-01       4.59989478E-01       1.77331590E-01
   231.5000       4.56919255E-01       4.60120554E-01       1.77415449E-01
   231.6000       4.57057638E-01       4.60251591E-01       1.77499361E-01
   231.7000       4.57195835E-01       4.60382539E-01       1.77583325E-01
   231.8000       4.57333783E-01       4.60513354E-01       1.77667341E-01
   231.9000       4.57471420E-01       4.60643983E-01       1.77751410E-01
   232.0000       4.57608682E-01       4.60774386E-01       1.77835530E-01
   232.1000       4.57745507E-01       4.60904501E-01       1.77919701E-01
   232.2000       4.57881831E-01       4.61034301E-01       1.78003923E-01
   232.3000       4.58017591E-01       4.61163731E-01       1.78088196E-01
   232.4000       4.58152728E-01       4.61292721E-01       1.78172518E-01
   232.5000       4.58287181E-01       4.61421238E-01       1.78256889E-01
   232.6000       4.58420893E-01       4.61549238E-01       1.78341309E-01
   232.7000       4.58553811E-01       4.61676654E-01       1.78425777E-01
   232.8000       4.58685883E-01       4.61803461E-01       1.78510292E-01
   232.9000       4.58817063E-01       4.61929605E-01       1.78594854E-01
   233.0000       4.58947308E-01       4.62055027E-01       1.78679463E-01
   233.1000       4.59076579E-01       4.62179720E-01       1.78764117E-01
   233.2000       4.59204845E-01       4.62303640E-01       1.78848816E-01
   233.3000       4.59332076E-01       4.62426733E-01       1.78933560E-01
   233.4000       4.59458252E-01       4.62549000E-01       1.79018348E-01
   233.5000       4.59583357E-01       4.62670406E-01       1.79103179E-01
   233.6000       4.59707381E-01       4.62790933E-01       1.79188052E-01
   233.7000       4.59830320E-01       4.62910552E-01       1.79272968E-01
   233.8000       4.59952180E-01       4.63029287E-01       1.79357925E-01
   233.9000       4.60072968E-01       4.63147113E-01       1.79442923E-01
   234.0000       4.60192701E-01       4.63264050E-01       1.79527961E-01
   234.1000       4.60311401E-01       4.63380126E-01       1.79613039E-01
   234.2000       4.60429097E-01       4.63495309E-01       1.79698156E-01
   234.3000       4.60545823E-01       4.63609695E-01       1.79783311E-01
   234.4000       4.60661618E-01       4.63723231E-01       1.79868504E-01
   234.5000       4.60776526E-01       4.63836007E-01       1.79953734E-01
   234.6000       4.60890597E-01       4.63948067E-01       1.80039000E-01
   234.7000       4.61003882E-01       4.64059390E-01       1.80124302E-01
   234.8000       4.61116439E-01       4.64170054E-01       1.80209639E-01
   234.9000       4.61228327E-01       4.64280139E-01       1.80295010E-01
   235.0000       4.61339608E-01       4.64389640E-01       1.80380415E-01
   235.1000       4.61450344E-01       4.64498657E-01       1.80465853E-01
   235.2000       4.61560601E-01       4.64607184E-01       1.80551323E-01
   235.3000       4.61670442E-01       4.64715316E-01       1.80636824E-01
   235.4000       4.61779933E-01       4.64823097E-01       1.80722356E-01
   235.5000       4.61889137E-01       4.64930545E-01       1.80807918E-01
   235.6000       4.61998115E-01       4.65037790E-01       1.80893510E-01
   235.7000       4.62106927E-01       4.65144802E-01       1.80979130E-01
   235.8000       4.62215629E-01       4.65251667E-01       1.81064777E-01
   235.9000       4.62324276E-01       4.65358391E-01       1.81150452E-01
   236.0000       4.62432915E-01       4.65465141E-01       1.81236153E-01
   236.1000       4.62541593E-01       4.65571824E-01       1.81321880E-01
   236.2000       4.62650347E-01       4.65678477E-01       1.81407632E-01
   236.3000       4.62759214E-01       4.65785228E-01       1.81493408E-01
   236.4000       4.62868222E-01       4.65892016E-01       1.81579209E-01
   236.5000       4.62977394E-01       4.65998860E-01       1.81665033E-01
   236.6000       4.63086747E-01       4.66105866E-01       1.81750879E-01
   236.7000       4.63196293E-01       4.66212955E-01       1.81836749E-01
   236.8000       4.63306035E-01       4.66320172E-01       1.81922641E-01
   236.9000       4.63415972E-01       4.66427492E-01       1.82008554E-01
   237.0000       4.63526097E-01       4.66534960E-01       1.82094490E-01
   237.1000       4.63636397E-01       4.66642476E-01       1.82180447E-01
   237.2000       4.63746851E-01       4.66750196E-01       1.82266427E-01
   237.3000       4.63857434E-01       4.66857889E-01       1.82352428E-01
   237.4000       4.63968118E-01       4.66965742E-01       1.82438450E-01
   237.5000       4.64078866E-01       4.67073568E-01       1.82524496E-01
   237.6000       4.64189638E-01       4.67181473E-01       1.82610564E-01
   237.7000       4.64300392E-01       4.67289275E-01       1.82696655E-01
   237.8000       4.64411081E-01       4.67396986E-01       1.82782769E-01
   237.9000       4.64521653E-01       4.67504629E-01       1.82868908E-01
   238.0000       4.64632057E-01       4.67612223E-01       1.82955072E-01
   238.1000       4.64742237E-01       4.67719573E-01       1.83041261E-01
   238.2000       4.64852138E-01       4.67826663E-01       1.83127478E-01
   238.3000       4.64961703E-01       4.67933519E-01       1.83213722E-01
   238.4000       4.65070873E-01       4.68040040E-01       1.83299995E-01
   238.5000       4.65179592E-01       4.68146199E-01       1.83386297E-01
   238.6000       4.65287803E-01       4.68251959E-01       1.83472631E-01
   238.7000       4.65395450E-01       4.68357104E-01       1.83558997E-01
   238.8000       4.65502480E-01       4.68461918E-01       1.83645397E-01
   238.9000       4.65608839E-01       4.68566109E-01       1.83731832E-01
   239.0000       4.65714479E-01       4.68669736E-01       1.83818303E-01
   239.1000       4.65819353E-01       4.68772689E-01       1.83904812E-01
   239.2000       4.65923415E-01       4.68875026E-01       1.83991360E-01
   239.3000       4.66026626E-01       4.68976625E-01       1.84077948E-01
   239.4000       4.66128948E-01       4.69077485E-01       1.84164578E-01
   239.5000       4.66230347E-01       4.69177601E-01       1.84251252E-01
   239.6000       4.66330793E-01       4.69276854E-01       1.84337970E-01
   239.7000       4.66430261E-01       4.69375285E-01       1.84424733E-01
   239.8000       4.66528729E-01       4.69472778E-01       1.84511543E-01
   239.9000       4.66626179E-01       4.69569398E-01       1.84598402E-01
   240.0000       4.66722597E-01       4.69665133E-01       1.84685309E-01
   240.1000       4.66817974E-01       4.69759995E-01       1.84772267E-01
   240.2000       4.66912305E-01       4.69853724E-01       1.84859276E-01
   240.3000       4.67005587E-01       4.69946652E-01       1.84946336E-01
   240.4000       4.67097823E-01       4.70038521E-01       1.85033449E-01
   240.5000       4.67189018E-01       4.70129391E-01       1.85120616E-01
   240.6000       4.67279183E-01       4.70219232E-01       1.85207836E-01
   240.7000       4.67368329E-01       4.70308069E-01       1.85295110E-01
   240.8000       4.67456474E-01       4.70396053E-01       1.85382439E-01
   240.9000       4.67543635E-01       4.70482834E-01       1.85469822E-01
   241.0000       4.67629836E-01       4.70568798E-01       1.85557260E-01
   241.1000       4.67715100E-01       4.70653616E-01       1.85644752E-01
   241.2000       4.67799455E-01       4.70737343E-01       1.85732300E-01
   241.3000       4.67882931E-01       4.70820225E-01       1.85819901E-01
   241.4000       4.67965560E-01       4.70902217E-01       1.85907556E-01
   241.5000       4.68047374E-01       4.70983033E-01       1.85995265E-01
   241.6000       4.68128410E-01       4.71062889E-01       1.86083026E-01
   241.7000       4.68208706E-01       4.71141841E-01       1.86170839E-01
   241.8000       4.68288299E-01       4.71219841E-01       1.86258704E-01
   241.9000       4.68367232E-01       4.71296947E-01       1.86346619E-01
   242.0000       4.68445544E-01       4.71373265E-01       1.86434584E-01
   242.1000       4.68523280E-01       4.71448478E-01       1.86522597E-01
   242.2000       4.68600482E-01       4.71522862E-01       1.86610658E-01
   242.3000       4.68677196E-01       4.71596465E-01       1.86698765E-01
   242.4000       4.68753468E-01       4.71669200E-01       1.86786917E-01
   242.5000       4.68829342E-01       4.71741175E-01       1.86875112E-01
   242.6000       4.68904867E-01       4.71812377E-01       1.86963350E-01
   242.7000       4.68980090E-01       4.71882773E-01       1.87051628E-01
   242.8000       4.69055058E-01       4.71952510E-01       1.87139946E-01
   242.9000       4.69129818E-01       4.72021290E-01       1.87228302E-01
   243.0000       4.69204420E-01       4.72089675E-01       1.87316694E-01
   243.1000       4.69278909E-01       4.72157277E-01       1.87405121E-01
   243.2000       4.69353334E-01       4.72224318E-01       1.87493581E-01
   243.3000       4.69427742E-01       4.72290848E-01       1.87582073E-01
   243.4000       4.69502178E-01       4.72356609E-01       1.87670594E-01
   243.5000       4.69576689E-01       4.72422029E-01       1.87759143E-01
   243.6000       4.69651318E-01       4.72486968E-01       1.87847719E-01
   243.7000       4.69726109E-01       4.72551313E-01       1.87936319E-01
   243.8000       4.69801105E-01       4.72615219E-01       1.88024942E-01
   243.9000       4.69876346E-01       4.72678773E-01       1.88113586E-01
   244.0000       4.69951872E-01       4.72741818E-01       1.88202249E-01
   244.1000       4.70027718E-01       4.72804735E-01       1.88290930E-01
   244.2000       4.70103921E-01       4.72867089E-01       1.88379627E-01
   244.3000       4.70180513E-01       4.72929134E-01       1.88468337E-01
   244.4000       4.70257524E-01       4.72991079E-01       1.88557059E-01
   244.5000       4.70334983E-01       4.73052574E-01       1.88645792E-01
   244.6000       4.70412914E-01       4.73113934E-01       1.88734533E-01
   244.7000       4.70491339E-01       4.73174929E-01       1.88823281E-01
   244.8000       4.70570278E-01       4.73235892E-01       1.88912034E-01
   244.9000       4.70649747E-01       4.73296440E-01       1.89000789E-01
   245.0000       4.70729757E-01       4.73356856E-01       1.89089547E-01
   245.1000       4.70810318E-01       4.73417171E-01       1.89178303E-01
   245.2000       4.70891436E-01       4.73477040E-01       1.89267058E-01
   245.3000       4.70973113E-01       4.73536926E-01       1.89355809E-01
   245.4000       4.71055348E-01       4.73596507E-01       1.89444554E-01
   245.5000       4.71138135E-01       4.73655892E-01       1.89533292E-01
   245.6000       4.71221468E-01       4.73714976E-01       1.89622022E-01
   245.7000       4.71305333E-01       4.73774096E-01       1.89710741E-01
   245.8000       4.71389716E-01       4.73832745E-01       1.89799448E-01
   245.9000       4.71474601E-01       4.73891311E-01       1.89888142E-01
   246.0000       4.71559965E-01       4.73949331E-01       1.89976822E-01
   246.1000       4.71645785E-01       4.74007268E-01       1.90065485E-01
   246.2000       4.71732035E-01       4.74064914E-01       1.90154131E-01
   246.3000       4.71818686E-01       4.74122059E-01       1.90242758E-01
   246.4000       4.71905708E-01       4.74178867E-01       1.90331365E-01
   246.5000       4.71993068E-01       4.74235369E-01       1.90419951E-01
   246.6000       4.72080732E-01       4.74291352E-01       1.90508514E-01
   246.7000       4.72168665E-01       4.74346937E-01       1.90597054E-01
   246.8000       4.72256829E-01       4.74401788E-01       1.90685569E-01
   246.9000       4.72345188E-01       4.74456417E-01       1.90774059E-01
   247.0000       4.72433705E-01       4.74510326E-01       1.90862522E-01
   247.1000       4.72522341E-01       4.74563653E-01       1.90950957E-01
   247.2000       4.72611059E-01       4.74616241E-01       1.91039363E-01
   247.3000       4.72699821E-01       4.74668413E-01       1.91127740E-01
   247.4000       4.72788591E-01       4.74719568E-01       1.91216087E-01
   247.5000       4.72877332E-01       4.74770000E-01       1.91304403E-01
   247.6000       4.72966011E-01       4.74819697E-01       1.91392687E-01
   247.7000       4.73054592E-01       4.74868301E-01       1.91480938E-01
   247.8000       4.73143046E-01       4.74916300E-01       1.91569155E-01
   247.9000       4.73231340E-01       4.74963294E-01       1.91657338E-01
   248.0000       4.73319445E-01       4.75009460E-01       1.91745486E-01
   248.1000       4.73407335E-01       4.75054608E-01       1.91833599E-01
   248.2000       4.73494983E-01       4.75098685E-01       1.91921675E-01
   248.3000       4.73582366E-01       4.75141746E-01       1.92009714E-01
   248.4000       4.73669460E-01       4.75183827E-01       1.92097715E-01
   248.5000       4.73756245E-01       4.75224763E-01       1.92185678E-01
   248.6000       4.73842701E-01       4.75264727E-01       1.92273602E-01
   248.7000       4.73928811E-01       4.75303495E-01       1.92361486E-01
   248.8000       4.74014557E-01       4.75341048E-01       1.92449330E-01
   248.9000       4.74099922E-01       4.75377681E-01       1.92537134E-01
   249.0000       4.74184894E-01       4.75413013E-01       1.92624896E-01
   249.1000       4.74269456E-01       4.75446956E-01       1.92712617E-01
   249.2000       4.74353596E-01       4.75479713E-01       1.92800297E-01
   249.3000       4.74437300E-01       4.75511699E-01       1.92887934E-01
   249.4000       4.74520555E-01       4.75542213E-01       1.92975529E-01
   249.5000       4.74603347E-01       4.75571264E-01       1.93063082E-01
   249.6000       4.74685663E-01       4.75599230E-01       1.93150592E-01
   249.7000       4.74767489E-01       4.75625839E-01       1.93238061E-01
   249.8000       4.74848810E-01       4.75651379E-01       1.93325488E-01
   249.9000       4.74929611E-01       4.75675414E-01       1.93412873E-01
   250.0000       4.75009877E-01       4.75698277E-01       1.93500218E-01
   250.1000       4.75089591E-01       4.75719608E-01       1.93587523E-01
   250.2000       4.75168735E-01       4.75739929E-01       1.93674789E-01
   250.3000       4.75247293E-01       4.75758593E-01       1.93762016E-01
   250.4000       4.75325244E-01       4.75776054E-01       1.93849207E-01
   250.5000       4.75402569E-01       4.75792087E-01       1.93936363E-01
   250.6000       4.75479249E-01       4.75806582E-01       1.94023486E-01
   250.7000       4.75555263E-01       4.75819668E-01       1.94110577E-01
   250.8000       4.75630590E-01       4.75831541E-01       1.94197638E-01
   250.9000       4.75705209E-01       4.75841850E-01       1.94284672E-01
   251.0000       4.75779100E-01       4.75850256E-01       1.94371682E-01
   251.1000       4.75852243E-01       4.75857706E-01       1.94458670E-01
   251.2000       4.75924617E-01       4.75863526E-01       1.94545639E-01
   251.3000       4.75996202E-01       4.75868242E-01       1.94632592E-01
   251.4000       4.76066977E-01       4.75871450E-01       1.94719534E-01
   251.5000       4.76136925E-01       4.75873212E-01       1.94806466E-01
   251.6000       4.76206026E-01       4.75873562E-01       1.94893393E-01
   251.7000       4.76274262E-01       4.75872646E-01       1.94980318E-01
   251.8000       4.76341617E-01       4.75870195E-01       1.95067246E-01
   251.9000       4.76408077E-01       4.75866549E-01       1.95154181E-01
   252.0000       4.76473629E-01       4.75861316E-01       1.95241126E-01
   252.1000       4.76538263E-01       4.75854701E-01       1.95328086E-01
   252.2000       4.76601971E-01       4.75846818E-01       1.95415065E-01
   252.3000       4.76664745E-01       4.75837419E-01       1.95502067E-01
   252.4000       4.76726583E-01       4.75826761E-01       1.95589097E-01
   252.5000       4.76787484E-01       4.75814875E-01       1.95676158E-01
   252.6000       4.76847449E-01       4.75801477E-01       1.95763254E-01
   252.7000       4.76906484E-01       4.75786724E-01       1.95850390E-01
   252.8000       4.76964596E-01       4.75770338E-01       1.95937569E-01
   252.9000       4.77021795E-01       4.75753104E-01       1.96024795E-01
   253.0000       4.77078097E-01       4.75734153E-01       1.96112072E-01
   253.1000       4.77133517E-01       4.75713967E-01       1.96199402E-01
   253.2000       4.77188078E-01       4.75692271E-01       1.96286789E-01
   253.3000       4.77241800E-01       4.75669527E-01       1.96374236E-01
   253.4000       4.77294712E-01       4.75645129E-01       1.96461744E-01
   253.5000       4.77346841E-01       4.75619783E-01       1.96549317E-01
   253.6000       4.77398221E-01       4.75592986E-01       1.96636957E-01
   253.7000       4.77448885E-01       4.75564762E-01       1.96724664E-01
   253.8000       4.77498870E-01       4.75535605E-01       1.96812440E-01
   253.9000       4.77548216E-01       4.75504934E-01       1.96900287E-01
   254.0000       4.77596961E-01       4.75473610E-01       1.96988205E-01
   254.1000       4.77645146E-01       4.75441250E-01       1.97076193E-01
   254.2000       4.77692813E-01       4.75407997E-01       1.97164252E-01
   254.3000       4.77740003E-01       4.75374407E-01       1.97252382E-01
   254.4000       4.77786754E-01       4.75340269E-01       1.97340582E-01
   254.5000       4.77833106E-01       4.75306176E-01       1.97428850E-01
   254.6000       4.77879094E-01       4.75271372E-01       1.97517185E-01
   254.7000       4.77924751E-01       4.75236566E-01       1.97605586E-01
   254.8000       4.77970106E-01       4.75201934E-01       1.97694049E-01
   254.9000       4.78015186E-01       4.75166907E-01       1.97782574E-01
   255.0000       4.78060014E-01       4.75132005E-01       1.97871156E-01
   255.1000       4.78104609E-01       4.75097632E-01       1.97959793E-01
   255.2000       4.78148988E-01       4.75063205E-01       1.98048481E-01
   255.3000       4.78193161E-01       4.75028535E-01       1.98137217E-01
   255.4000       4.78237137E-01       4.74994586E-01       1.98225997E-01
   255.5000       4.78280917E-01       4.74960932E-01       1.98314817E-01
   255.6000       4.78324501E-01       4.74927074E-01       1.98403673E-01
   255.7000       4.78367884E-01       4.74894024E-01       1.98492560E-01
   255.8000       4.78411055E-01       4.74861580E-01       1.98581473E-01
   255.9000       4.78453999E-01       4.74829486E-01       1.98670408E-01
   256.0000       4.78496701E-01       4.74797497E-01       1.98759359E-01
   256.1000       4.78539136E-01       4.74766178E-01       1.98848322E-01
   256.2000       4.78581280E-01       4.74735216E-01       1.98937291E-01
   256.3000       4.78623104E-01       4.74705159E-01       1.99026261E-01
   256.4000       4.78664577E-01       4.74674705E-01       1.99115226E-01
   256.5000       4.78705663E-01       4.74645411E-01       1.99204181E-01
   256.6000       4.78746325E-01       4.74616470E-01       1.99293119E-01
   256.7000       4.78786524E-01       4.74587571E-01       1.99382035E-01
   256.8000       4.78826220E-01       4.74558985E-01       1.99470924E-01
   256.9000       4.78865368E-01       4.74531304E-01       1.99559778E-01
   257.0000       4.78903926E-01       4.74503486E-01       1.99648593E-01
   257.1000       4.78941847E-01       4.74476453E-01       1.99737362E-01
   257.2000       4.78979086E-01       4.74449884E-01       1.99826079E-01
   257.3000       4.79015595E-01       4.74423658E-01       1.99914737E-01
   257.4000       4.79051329E-01       4.74398286E-01       2.00003331E-01
   257.5000       4.79086240E-01       4.74372864E-01       2.00091854E-01
   257.6000       4.79120279E-01       4.74348262E-01       2.00180300E-01
   257.7000       4.79153400E-01       4.74323985E-01       2.00268662E-01
   257.8000       4.79185556E-01       4.74300347E-01       2.00356935E-01
   257.9000       4.79216700E-01       4.74277378E-01       2.00445111E-01
   258.0000       4.79246786E-01       4.74254478E-01       2.00533185E-01
   258.1000       4.79275768E-01       4.74232119E-01       2.00621150E-01
   258.2000       4.79303604E-01       4.74210492E-01       2.00709000E-01
   258.3000       4.79330249E-01       4.74189282E-01       2.00796729E-01
   258.4000       4.79355662E-01       4.74168806E-01       2.00884329E-01
   258.5000       4.79379802E-01       4.74149011E-01       2.00971795E-01
   258.6000       4.79402629E-01       4.74129543E-01       2.01059121E-01
   258.7000       4.79424106E-01       4.74109994E-01       2.01146301E-01
   258.8000       4.79444195E-01       4.74091669E-01       2.01233328E-01
   258.9000       4.79462864E-01       4.74074227E-01       2.01320197E-01
   259.0000       4.79480078E-01       4.74056987E-01       2.01406901E-01
   259.1000       4.79495808E-01       4.74040294E-01       2.01493435E-01
   259.2000       4.79510024E-01       4.74024874E-01       2.01579794E-01
   259.3000       4.79522701E-01       4.74010078E-01       2.01665971E-01
   259.4000       4.79533815E-01       4.73995951E-01       2.01751962E-01
   259.5000       4.79543344E-01       4.73982236E-01       2.01837762E-01
   259.6000       4.79551271E-01       4.73969010E-01       2.01923365E-01
   259.7000       4.79557582E-01       4.73956833E-01       2.02008767E-01
   259.8000       4.79562264E-01       4.73944923E-01       2.02093964E-01
   259.9000       4.79565310E-01       4.73934047E-01       2.02178950E-01
   260.0000       4.79566719E-01       4.73922671E-01       2.02263722E-01
   260.1000       4.79566490E-01       4.73912759E-01       2.02348276E-01
   260.2000       4.79564630E-01       4.73902872E-01       2.02432609E-01
   260.3000       4.79561150E-01       4.73893265E-01       2.02516717E-01
   260.4000       4.79556066E-01       4.73883917E-01       2.02600597E-01
   260.5000       4.79549398E-01       4.73875662E-01       2.02684246E-01
   260.6000       4.79541174E-01       4.73866783E-01       2.02767661E-01
   260.7000       4.79531426E-01       4.73859450E-01       2.02850841E-01
   260.8000       4.79520193E-01       4.73851231E-01       2.02933782E-01
   260.9000       4.79507518E-01       4.73844132E-01       2.03016484E-01
   261.0000       4.79493453E-01       4.73836944E-01       2.03098943E-01
   261.1000       4.79478054E-01       4.73830500E-01       2.03181160E-01
   261.2000       4.79461383E-01       4.73823659E-01       2.03263133E-01
   261.3000       4.79443509E-01       4.73817591E-01       2.03344860E-01
   261.4000       4.79424507E-01       4.73811659E-01       2.03426340E-01
   261.5000       4.79404457E-01       4.73807115E-01       2.03507574E-01
   261.6000       4.79383444E-01       4.73802026E-01       2.03588561E-01
   261.7000       4.79361560E-01       4.73798582E-01       2.03669300E-01
   261.8000       4.79338901E-01       4.73794363E-01       2.03749791E-01
   261.9000       4.79315568E-01       4.73791604E-01       2.03830035E-01
   262.0000       4.79291666E-01       4.73789024E-01       2.03910030E-01
   262.1000       4.79267307E-01       4.73787462E-01       2.03989779E-01
   262.2000       4.79242603E-01       4.73785968E-01       2.04069280E-01
   262.3000       4.79217670E-01       4.73785769E-01       2.04148535E-01
   262.4000       4.79192629E-01       4.73786001E-01       2.04227544E-01
   262.5000       4.79167600E-01       4.73787022E-01       2.04306309E-01
   262.6000       4.79142703E-01       4.73788969E-01       2.04384829E-01
   262.7000       4.79118062E-01       4.73791902E-01       2.04463106E-01
   262.8000       4.79093799E-01       4.73795399E-01       2.04541142E-01
   262.9000       4.79070034E-01       4.73799951E-01       2.04618937E-01
   263.0000       4.79046890E-01       4.73805423E-01       2.04696494E-01
   263.1000       4.79024483E-01       4.73812387E-01       2.04773815E-01
   263.2000       4.79002929E-01       4.73820217E-01       2.04850900E-01
   263.3000       4.78982341E-01       4.73828387E-01       2.04927754E-01
   263.4000       4.78962828E-01       4.73837287E-01       2.05004377E-01
   263.5000       4.78944495E-01       4.73847960E-01       2.05080774E-01
   263.6000       4.78927441E-01       4.73859246E-01       2.05156948E-01
   263.7000       4.78911759E-01       4.73871324E-01       2.05232902E-01
   263.8000       4.78897537E-01       4.73884938E-01       2.05308641E-01
   263.9000       4.78884853E-01       4.73900080E-01       2.05384169E-01
   264.0000       4.78873781E-01       4.73916270E-01       2.05459491E-01
   264.1000       4.78864382E-01       4.73933087E-01       2.05534613E-01
   264.2000       4.78856711E-01       4.73952248E-01       2.05609541E-01
   264.3000       4.78850814E-01       4.73971917E-01       2.05684281E-01
   264.4000       4.78846724E-01       4.73994601E-01       2.05758842E-01
   264.5000       4.78844466E-01       4.74017952E-01       2.05833230E-01
   264.6000       4.78844053E-01       4.74042599E-01       2.05907456E-01
   264.7000       4.78845486E-01       4.74068833E-01       2.05981527E-01
   264.8000       4.78848756E-01       4.74097249E-01       2.06055454E-01
   264.9000       4.78853844E-01       4.74127045E-01       2.06129248E-01
   265.0000       4.78860718E-01       4.74158731E-01       2.06202919E-01
   265.1000       4.78869336E-01       4.74191096E-01       2.06276481E-01
   265.2000       4.78879646E-01       4.74225065E-01       2.06349946E-01
   265.3000       4.78891584E-01       4.74260935E-01       2.06423327E-01
   265.4000       4.78905080E-01       4.74297806E-01       2.06496639E-01
   265.5000       4.78920050E-01       4.74335117E-01       2.06569896E-01
   265.6000       4.78936404E-01       4.74374295E-01       2.06643114E-01
   265.7000       4.78954044E-01       4.74414281E-01       2.06716308E-01
   265.8000       4.78972865E-01       4.74454702E-01       2.06789497E-01
   265.9000       4.78992755E-01       4.74496244E-01       2.06862695E-01
   266.0000       4.79013596E-01       4.74539074E-01       2.06935922E-01
   266.1000       4.79035266E-01       4.74580966E-01       2.07009195E-01
   266.2000       4.79057639E-01       4.74623824E-01       2.07082532E-01
   266.3000       4.79080589E-01       4.74665837E-01       2.07155952E-01
   266.4000       4.79103985E-01       4.74708449E-01       2.07229473E-01
   266.5000       4.79127700E-01       4.74750375E-01       2.07303114E-01
   266.6000       4.79151603E-01       4.74790838E-01       2.07376895E-01
   266.7000       4.79175570E-01       4.74831903E-01       2.07450833E-01
   266.8000       4.79199476E-01       4.74871659E-01       2.07524948E-01
   266.9000       4.79223202E-01       4.74910124E-01       2.07599258E-01
   267.0000       4.79246633E-01       4.74948132E-01       2.07673781E-01
   267.1000       4.79269659E-01       4.74984633E-01       2.07748534E-01
   267.2000       4.79292176E-01       4.75021139E-01       2.07823535E-01
   267.3000       4.79314087E-01       4.75054445E-01       2.07898801E-01
   267.4000       4.79335302E-01       4.75086040E-01       2.07974347E-01
   267.5000       4.79355739E-01       4.75117015E-01       2.08050189E-01
   267.6000       4.79375326E-01       4.75146140E-01       2.08126341E-01
   267.7000       4.79393999E-01       4.75173306E-01       2.08202816E-01
   267.8000       4.79411704E-01       4.75199623E-01       2.08279628E-01
   267.9000       4.79428396E-01       4.75223270E-01       2.08356787E-01
   268.0000       4.79444042E-01       4.75246297E-01       2.08434305E-01
   268.1000       4.79458617E-01       4.75266384E-01       2.08512190E-01
   268.2000       4.79472106E-01       4.75285453E-01       2.08590451E-01
   268.3000       4.79484503E-01       4.75302480E-01       2.08669095E-01
   268.4000       4.79495813E-01       4.75317673E-01       2.08748128E-01
   268.5000       4.79506047E-01       4.75332202E-01       2.08827554E-01
   268.6000       4.79515227E-01       4.75344423E-01       2.08907377E-01
   268.7000       4.79523383E-01       4.75355510E-01       2.08987599E-01
   268.8000       4.79530554E-01       4.75366324E-01       2.09068220E-01
   268.9000       4.79536785E-01       4.75374283E-01       2.09149241E-01
   269.0000       4.79542129E-01       4.75381514E-01       2.09230660E-01
   269.1000       4.79546645E-01       4.75387671E-01       2.09312474E-01
   269.2000       4.79550402E-01       4.75392735E-01       2.09394679E-01
   269.3000       4.79553469E-01       4.75396395E-01       2.09477270E-01
   269.4000       4.79555926E-01       4.75399992E-01       2.09560242E-01
   269.5000       4.79557853E-01       4.75401863E-01       2.09643587E-01
   269.6000       4.79559337E-01       4.75403963E-01       2.09727297E-01
   269.7000       4.79560468E-01       4.75405758E-01       2.09811363E-01
   269.8000       4.79561336E-01       4.75406071E-01       2.09895775E-01
   269.9000       4.79562037E-01       4.75406111E-01       2.09980522E-01
   270.0000       4.79562666E-01       4.75406054E-01       2.10065593E-01
   270.1000       4.79563322E-01       4.75406327E-01       2.10150977E-01
   270.2000       4.79564101E-01       4.75406688E-01       2.10236659E-01
   270.3000       4.79565103E-01       4.75406414E-01       2.10322627E-01
   270.4000       4.79566426E-01       4.75406904E-01       2.10408867E-01
   270.5000       4.79568166E-01       4.75407989E-01       2.10495365E-01
   270.6000       4.79570420E-01       4.75408947E-01       2.10582105E-01
   270.7000       4.79573282E-01       4.75410879E-01       2.10669074E-01
   270.8000       4.79576844E-01       4.75412773E-01       2.10756254E-01
   270.9000       4.79581197E-01       4.75416493E-01       2.10843632E-01
   271.0000       4.79586428E-01       4.75421264E-01       2.10931190E-01
   271.1000       4.79592620E-01       4.75426036E-01       2.11018913E-01
   271.2000       4.79599856E-01       4.75433119E-01       2.11106785E-01
   271.3000       4.79608211E-01       4.75440172E-01       2.11194790E-01
   271.4000       4.79617761E-01       4.75449687E-01       2.11282911E-01
   271.5000       4.79628574E-01       4.75459181E-01       2.11371133E-01
   271.6000       4.79640716E-01       4.75470482E-01       2.11459438E-01
   271.7000       4.79654248E-01       4.75483874E-01       2.11547811E-01
   271.8000       4.79669228E-01       4.75499156E-01       2.11636236E-01
   271.9000       4.79685707E-01       4.75514879E-01       2.11724696E-01
   272.0000       4.79703733E-01       4.75532551E-01       2.11813176E-01
   272.1000       4.79723348E-01       4.75552780E-01       2.11901659E-01
   272.2000       4.79744592E-01       4.75573838E-01       2.11990129E-01
   272.3000       4.79767497E-01       4.75596476E-01       2.12078572E-01
   272.4000       4.79792088E-01       4.75622431E-01       2.12166971E-01
   272.5000       4.79818389E-01       4.75648679E-01       2.12255312E-01
   272.6000       4.79846417E-01       4.75677381E-01       2.12343578E-01
   272.7000       4.79876183E-01       4.75708111E-01       2.12431755E-01
   272.8000       4.79907693E-01       4.75739359E-01       2.12519829E-01
   272.9000       4.79940948E-01       4.75773385E-01       2.12607784E-01
   273.0000       4.79975943E-01       4.75810178E-01       2.12695606E-01
   273.1000       4.80012667E-01       4.75847374E-01       2.12783282E-01
   273.2000       4.80051105E-01       4.75887019E-01       2.12870797E-01
   273.3000       4.80091234E-01       4.75928039E-01       2.12958138E-01
   273.4000       4.80133027E-01       4.75970228E-01       2.13045292E-01
   273.5000       4.80176452E-01       4.76015255E-01       2.13132245E-01
   273.6000       4.80221470E-01       4.76061314E-01       2.13218986E-01
   273.7000       4.80268037E-01       4.76109317E-01       2.13305503E-01
   273.8000       4.80316105E-01       4.76158335E-01       2.13391784E-01
   273.9000       4.80365617E-01       4.76209325E-01       2.13477818E-01
   274.0000       4.80416513E-01       4.76260728E-01       2.13563595E-01
   274.1000       4.80468729E-01       4.76312965E-01       2.13649105E-01
   274.2000       4.80522194E-01       4.76368990E-01       2.13734338E-01
   274.3000       4.80576832E-01       4.76423228E-01       2.13819286E-01
   274.4000       4.80632564E-01       4.76479715E-01       2.13903940E-01
   274.5000       4.80689304E-01       4.76536207E-01       2.13988295E-01
   274.6000       4.80746964E-01       4.76594703E-01       2.14072343E-01
   274.7000       4.80805452E-01       4.76652293E-01       2.14156080E-01
   274.8000       4.80864671E-01       4.76711972E-01       2.14239499E-01
   274.9000       4.80924521E-01       4.76770947E-01       2.14322598E-01
   275.0000       4.80984900E-01       4.76831069E-01       2.14405373E-01
   275.1000       4.81045703E-01       4.76890196E-01       2.14487823E-01
   275.2000       4.81106825E-01       4.76950681E-01       2.14569947E-01
   275.3000       4.81168156E-01       4.77010638E-01       2.14651744E-01
   275.4000       4.81229587E-01       4.77070984E-01       2.14733216E-01
   275.5000       4.81291007E-01       4.77129450E-01       2.14814366E-01
   275.6000       4.81352304E-01       4.77188108E-01       2.14895195E-01
   275.7000       4.81413368E-01       4.77248323E-01       2.14975708E-01
   275.8000       4.81474089E-01       4.77304781E-01       2.15055910E-01
   275.9000       4.81534360E-01       4.77363144E-01       2.15135808E-01
   276.0000       4.81594072E-01       4.77419140E-01       2.15215409E-01
   276.1000       4.81653121E-01       4.77473657E-01       2.15294721E-01
   276.2000       4.81711406E-01       4.77528251E-01       2.15373753E-01
   276.3000       4.81768826E-01       4.77580870E-01       2.15452516E-01
   276.4000       4.81825287E-01       4.77632370E-01       2.15531020E-01
   276.5000       4.81880697E-01       4.77683313E-01       2.15609277E-01
   276.6000       4.81934968E-01       4.77732485E-01       2.15687301E-01
   276.7000       4.81988019E-01       4.77779917E-01       2.15765104E-01
   276.8000       4.82039772E-01       4.77826133E-01       2.15842702E-01
   276.9000       4.82090156E-01       4.77870270E-01       2.15920109E-01
   277.0000       4.82139104E-01       4.77913155E-01       2.15997342E-01
   277.1000       4.82186558E-01       4.77951937E-01       2.16074416E-01
   277.2000       4.82232464E-01       4.77991912E-01       2.16151349E-01
   277.3000       4.82276775E-01       4.78028806E-01       2.16228157E-01
   277.4000       4.82319452E-01       4.78063057E-01       2.16304859E-01
   277.5000       4.82360462E-01       4.78097222E-01       2.16381473E-01
   277.6000       4.82399779E-01       4.78127394E-01       2.16458018E-01
   277.7000       4.82437386E-01       4.78156551E-01       2.16534511E-01
   277.8000       4.82473270E-01       4.78183047E-01       2.16610973E-01
   277.9000       4.82507429E-01       4.78208155E-01       2.16687422E-01
   278.0000       4.82539865E-01       4.78229601E-01       2.16763878E-01
   278.1000       4.82570589E-01       4.78250443E-01       2.16840359E-01
   278.2000       4.82599621E-01       4.78271017E-01       2.16916885E-01
   278.3000       4.82626986E-01       4.78286924E-01       2.16993475E-01
   278.4000       4.82652715E-01       4.78301494E-01       2.17070147E-01
   278.5000       4.82676849E-01       4.78314564E-01       2.17146920E-01
   278.6000       4.82699432E-01       4.78325882E-01       2.17223812E-01
   278.7000       4.82720517E-01       4.78335359E-01       2.17300841E-01
   278.8000       4.82740162E-01       4.78342717E-01       2.17378025E-01
   278.9000       4.82758432E-01       4.78348380E-01       2.17455380E-01
   279.0000       4.82775396E-01       4.78352931E-01       2.17532924E-01
   279.1000       4.82791129E-01       4.78356527E-01       2.17610672E-01
   279.2000       4.82805712E-01       4.78357511E-01       2.17688639E-01
   279.3000       4.82819230E-01       4.78358469E-01       2.17766841E-01
   279.4000       4.82831771E-01       4.78357834E-01       2.17845291E-01
   279.5000       4.82843429E-01       4.78356046E-01       2.17924003E-01
   279.6000       4.82854299E-01       4.78353197E-01       2.18002988E-01
   279.7000       4.82864480E-01       4.78349233E-01       2.18082260E-01
   279.8000       4.82874076E-01       4.78344293E-01       2.18161828E-01
   279.9000       4.82883189E-01       4.78340083E-01       2.18241702E-01
   280.0000       4.82891927E-01       4.78334198E-01       2.18321892E-01
   280.1000       4.82900397E-01       4.78328719E-01       2.18402405E-01
   280.2000       4.82908707E-01       4.78321660E-01       2.18483248E-01
   280.3000       4.82916966E-01       4.78316127E-01       2.18564428E-01
   280.4000       4.82925284E-01       4.78310666E-01       2.18645949E-01
   280.5000       4.82933768E-01       4.78303550E-01       2.18727815E-01
   280.6000       4.82942525E-01       4.78298665E-01       2.18810029E-01
   280.7000       4.82951662E-01       4.78291953E-01       2.18892592E-01
   280.8000       4.82961285E-01       4.78288099E-01       2.18975505E-01
   280.9000       4.82971496E-01       4.78283608E-01       2.19058767E-01
   281.0000       4.82982394E-01       4.78279294E-01       2.19142376E-01
   281.1000       4.82994076E-01       4.78277442E-01       2.19226330E-01
   281.2000       4.83006637E-01       4.78274840E-01       2.19310623E-01
   281.3000       4.83020165E-01       4.78274802E-01       2.19395251E-01
   281.4000       4.83034746E-01       4.78276036E-01       2.19480207E-01
   281.5000       4.83050461E-01       4.78277703E-01       2.19565483E-01
   281.6000       4.83067386E-01       4.78280446E-01       2.19651071E-01
   281.7000       4.83085590E-01       4.78285361E-01       2.19736961E-01
   281.8000       4.83105138E-01       4.78291602E-01       2.19823142E-01
   281.9000       4.83126090E-01       4.78299726E-01       2.19909601E-01
   282.0000       4.83148498E-01       4.78308800E-01       2.19996326E-01
   282.1000       4.83172407E-01       4.78320585E-01       2.20083303E-01
   282.2000       4.83197857E-01       4.78332242E-01       2.20170516E-01
   282.3000       4.83224880E-01       4.78348769E-01       2.20257951E-01
   282.4000       4.83253501E-01       4.78364751E-01       2.20345590E-01
   282.5000       4.83283739E-01       4.78383301E-01       2.20433416E-01
   282.6000       4.83315604E-01       4.78403515E-01       2.20521410E-01
   282.7000       4.83349099E-01       4.78425808E-01       2.20609555E-01
   282.8000       4.83384222E-01       4.78449910E-01       2.20697831E-01
   282.9000       4.83420960E-01       4.78476378E-01       2.20786218E-01
   283.0000       4.83459295E-01       4.78503218E-01       2.20874696E-01
   283.1000       4.83499202E-01       4.78534244E-01       2.20963244E-01
   283.2000       4.83540647E-01       4.78564486E-01       2.21051842E-01
   283.3000       4.83583592E-01       4.78598576E-01       2.21140469E-01
   283.4000       4.83627990E-01       4.78632621E-01       2.21229104E-01
   283.5000       4.83673790E-01       4.78669593E-01       2.21317725E-01
   283.6000       4.83720932E-01       4.78707766E-01       2.21406313E-01
   283.7000       4.83769353E-01       4.78747228E-01       2.21494846E-01
   283.8000       4.83818984E-01       4.78787743E-01       2.21583303E-01
   283.9000       4.83869750E-01       4.78830156E-01       2.21671665E-01
   284.0000       4.83921575E-01       4.78874228E-01       2.21759912E-01
   284.1000       4.83974374E-01       4.78918287E-01       2.21848025E-01
   284.2000       4.84028063E-01       4.78964554E-01       2.21935986E-01
   284.3000       4.84082552E-01       4.79011577E-01       2.22023775E-01
   284.4000       4.84137753E-01       4.79058033E-01       2.22111376E-01
   284.5000       4.84193571E-01       4.79106147E-01       2.22198772E-01
   284.6000       4.84249914E-01       4.79154437E-01       2.22285948E-01
   284.7000       4.84306687E-01       4.79203892E-01       2.22372889E-01
   284.8000       4.84363797E-01       4.79253130E-01       2.22459581E-01
   284.9000       4.84421149E-01       4.79302316E-01       2.22546011E-01
   285.0000       4.84478650E-01       4.79352558E-01       2.22632168E-01
   285.1000       4.84536210E-01       4.79402367E-01       2.22718039E-01
   285.2000       4.84593740E-01       4.79451090E-01       2.22803616E-01
   285.3000       4.84651152E-01       4.79501041E-01       2.22888890E-01
   285.4000       4.84708366E-01       4.79550264E-01       2.22973853E-01
   285.5000       4.84765300E-01       4.79599227E-01       2.23058498E-01
   285.6000       4.84821880E-01       4.79647890E-01       2.23142820E-01
   285.7000       4.84878033E-01       4.79695238E-01       2.23226814E-01
   285.8000       4.84933694E-01       4.79744348E-01       2.23310478E-01
   285.9000       4.84988800E-01       4.79789637E-01       2.23393808E-01
   286.0000       4.85043294E-01       4.79835085E-01       2.23476803E-01
   286.1000       4.85097126E-01       4.79880378E-01       2.23559462E-01
   286.2000       4.85150250E-01       4.79924853E-01       2.23641787E-01
   286.3000       4.85202625E-01       4.79967710E-01       2.23723779E-01
   286.4000       4.85254217E-01       4.80009467E-01       2.23805439E-01
   286.5000       4.85304999E-01       4.80051567E-01       2.23886771E-01
   286.6000       4.85354946E-01       4.80091665E-01       2.23967778E-01
   286.7000       4.85404043E-01       4.80131352E-01       2.24048465E-01
   286.8000       4.85452275E-01       4.80168829E-01       2.24128837E-01
   286.9000       4.85499637E-01       4.80205871E-01       2.24208900E-01
   287.0000       4.85546127E-01       4.80241123E-01       2.24288659E-01
   287.1000       4.85591748E-01       4.80276417E-01       2.24368122E-01
   287.2000       4.85636509E-01       4.80310687E-01       2.24447296E-01
   287.3000       4.85680422E-01       4.80342083E-01       2.24526188E-01
   287.4000       4.85723502E-01       4.80373052E-01       2.24604806E-01
   287.5000       4.85765769E-01       4.80403763E-01       2.24683158E-01
   287.6000       4.85807246E-01       4.80433868E-01       2.24761253E-01
   287.7000       4.85847959E-01       4.80461309E-01       2.24839099E-01
   287.8000       4.85887936E-01       4.80489654E-01       2.24916705E-01
   287.9000       4.85927206E-01       4.80515871E-01       2.24994080E-01
   288.0000       4.85965804E-01       4.80540414E-01       2.25071234E-01
   288.1000       4.86003762E-01       4.80565642E-01       2.25148175E-01
   288.2000       4.86041115E-01       4.80590997E-01       2.25224914E-01
   288.3000       4.86077899E-01       4.80613527E-01       2.25301458E-01
   288.4000       4.86114148E-01       4.80635966E-01       2.25377819E-01
   288.5000       4.86149899E-01       4.80659331E-01       2.25454005E-01
   288.6000       4.86185187E-01       4.80679532E-01       2.25530026E-01
   288.7000       4.86220046E-01       4.80700883E-01       2.25605892E-01
   288.8000       4.86254510E-01       4.80720635E-01       2.25681612E-01
   288.9000       4.86288613E-01       4.80740628E-01       2.25757196E-01
   289.0000       4.86322386E-01       4.80759502E-01       2.25832655E-01
   289.1000       4.86355858E-01       4.80778852E-01       2.25907997E-01
   289.2000       4.86389059E-01       4.80797607E-01       2.25983233E-01
   289.3000       4.86422015E-01       4.80815142E-01       2.26058374E-01
   289.4000       4.86454752E-01       4.80832678E-01       2.26133428E-01
   289.5000       4.86487292E-01       4.80850971E-01       2.26208406E-01
   289.6000       4.86519658E-01       4.80868134E-01       2.26283319E-01
   289.7000       4.86551869E-01       4.80885178E-01       2.26358177E-01
   289.8000       4.86583942E-01       4.80903348E-01       2.26432990E-01
   289.9000       4.86615894E-01       4.80918924E-01       2.26507768E-01
   290.0000       4.86647737E-01       4.80935493E-01       2.26582522E-01
   290.1000       4.86679486E-01       4.80952332E-01       2.26657263E-01
   290.2000       4.86711150E-01       4.80968604E-01       2.26732001E-01
   290.3000       4.86742739E-01       4.80986771E-01       2.26806747E-01
   290.4000       4.86774259E-01       4.81001570E-01       2.26881511E-01
   290.5000       4.86805717E-01       4.81018192E-01       2.26956303E-01
   290.6000       4.86837117E-01       4.81033642E-01       2.27031135E-01
   290.7000       4.86868464E-01       4.81049978E-01       2.27106017E-01
   290.8000       4.86899760E-01       4.81066227E-01       2.27180958E-01
   290.9000       4.86931007E-01       4.81082038E-01       2.27255968E-01
   291.0000       4.86962204E-01       4.81097113E-01       2.27331059E-01
   291.1000       4.86993354E-01       4.81114502E-01       2.27406238E-01
   291.2000       4.87024453E-01       4.81130346E-01       2.27481515E-01
   291.3000       4.87055502E-01       4.81145261E-01       2.27556899E-01
   291.4000       4.87086497E-01       4.81161179E-01       2.27632398E-01
   291.5000       4.87117438E-01       4.81176008E-01       2.27708021E-01
   291.6000       4.87148322E-01       4.81191673E-01       2.27783774E-01
   291.7000       4.87179146E-01       4.81206481E-01       2.27859665E-01
   291.8000       4.87209906E-01       4.81221960E-01       2.27935700E-01
   291.9000       4.87240600E-01       4.81237645E-01       2.28011884E-01
   292.0000       4.87271222E-01       4.81252812E-01       2.28088223E-01
   292.1000       4.87301770E-01       4.81268903E-01       2.28164721E-01
   292.2000       4.87332238E-01       4.81284299E-01       2.28241380E-01
   292.3000       4.87362622E-01       4.81297962E-01       2.28318204E-01
   292.4000       4.87392916E-01       4.81312606E-01       2.28395195E-01
   292.5000       4.87423115E-01       4.81326942E-01       2.28472353E-01
   292.6000       4.87453214E-01       4.81340971E-01       2.28549679E-01
   292.7000       4.87483207E-01       4.81355927E-01       2.28627171E-01
   292.8000       4.87513087E-01       4.81369687E-01       2.28704829E-01
   292.9000       4.87542848E-01       4.81384196E-01       2.28782649E-01
   293.0000       4.87572483E-01       4.81397623E-01       2.28860628E-01
   293.1000       4.87601984E-01       4.81411614E-01       2.28938761E-01
   293.2000       4.87631343E-01       4.81426698E-01       2.29017044E-01
   293.3000       4.87660552E-01       4.81438951E-01       2.29095469E-01
   293.4000       4.87689604E-01       4.81452916E-01       2.29174031E-01
   293.5000       4.87718490E-01       4.81466688E-01       2.29252720E-01
   293.6000       4.87747199E-01       4.81479762E-01       2.29331529E-01
   293.7000       4.87775724E-01       4.81492472E-01       2.29410448E-01
   293.8000       4.87804055E-01       4.81506323E-01       2.29489467E-01
   293.9000       4.87832185E-01       4.81519893E-01       2.29568574E-01
   294.0000       4.87860103E-01       4.81530585E-01       2.29647759E-01
   294.1000       4.87887800E-01       4.81544810E-01       2.29727008E-01
   294.2000       4.87915269E-01       4.81556283E-01       2.29806311E-01
   294.3000       4.87942502E-01       4.81569994E-01       2.29885652E-01
   294.4000       4.87969490E-01       4.81582127E-01       2.29965018E-01
   294.5000       4.87996225E-01       4.81592759E-01       2.30044396E-01
   294.6000       4.88022703E-01       4.81606295E-01       2.30123771E-01
   294.7000       4.88048917E-01       4.81616599E-01       2.30203127E-01
   294.8000       4.88074861E-01       4.81628346E-01       2.30282450E-01
   294.9000       4.88100533E-01       4.81638644E-01       2.30361724E-01
   295.0000       4.88125927E-01       4.81650612E-01       2.30440934E-01
   295.1000       4.88151042E-01       4.81659776E-01       2.30520063E-01
   295.2000       4.88175877E-01       4.81671752E-01       2.30599098E-01
   295.3000       4.88200429E-01       4.81681096E-01       2.30678020E-01
   295.4000       4.88224701E-01       4.81691266E-01       2.30756815E-01
   295.5000       4.88248693E-01       4.81701744E-01       2.30835467E-01
   295.6000       4.88272407E-01       4.81711420E-01       2.30913959E-01
   295.7000       4.88295847E-01       4.81720922E-01       2.30992276E-01
   295.8000       4.88319017E-01       4.81729909E-01       2.31070403E-01
   295.9000       4.88341923E-01       4.81739556E-01       2.31148324E-01
   296.0000       4.88364570E-01       4.81748790E-01       2.31226024E-01
   296.1000       4.88386966E-01       4.81758500E-01       2.31303487E-01
   296.2000       4.88409115E-01       4.81766152E-01       2.31380699E-01
   296.3000       4.88431027E-01       4.81774980E-01       2.31457645E-01
   296.4000       4.88452708E-01       4.81782549E-01       2.31534311E-01
   296.5000       4.88474166E-01       4.81791286E-01       2.31610682E-01
   296.6000       4.88495406E-01       4.81799241E-01       2.31686745E-01
   296.7000       4.88516438E-01       4.81807277E-01       2.31762486E-01
   296.8000       4.88537269E-01       4.81813307E-01       2.31837892E-01
   296.9000       4.88557905E-01       4.81822776E-01       2.31912950E-01
   297.0000       4.88578354E-01       4.81830460E-01       2.31987647E-01
   297.1000       4.88598620E-01       4.81837546E-01       2.32061971E-01
   297.2000       4.88618707E-01       4.81844646E-01       2.32135910E-01
   297.3000       4.88638619E-01       4.81851662E-01       2.32209453E-01
   297.4000       4.88658359E-01       4.81859523E-01       2.32282589E-01
   297.5000       4.88677928E-01       4.81866821E-01       2.32355306E-01
   297.6000       4.88697324E-01       4.81873304E-01       2.32427594E-01
   297.7000       4.88716547E-01       4.81879121E-01       2.32499444E-01
   297.8000       4.88735592E-01       4.81886927E-01       2.32570847E-01
   297.9000       4.88754454E-01       4.81892033E-01       2.32641792E-01
   298.0000       4.88773126E-01       4.81898685E-01       2.32712271E-01
   298.1000       4.88791599E-01       4.81905892E-01       2.32782277E-01
   298.2000       4.88809862E-01       4.81910414E-01       2.32851802E-01
   298.3000       4.88827904E-01       4.81915719E-01       2.32920838E-01
   298.4000       4.88845710E-01       4.81921686E-01       2.32989380E-01
   298.5000       4.88863265E-01       4.81926769E-01       2.33057420E-01
   298.6000       4.88880552E-01       4.81932208E-01       2.33124954E-01
   298.7000       4.88897551E-01       4.81935096E-01       2.33191977E-01
   298.8000       4.88914243E-01       4.81939990E-01       2.33258485E-01
   298.9000       4.88930607E-01       4.81942696E-01       2.33324473E-01
   299.0000       4.88946618E-01       4.81946531E-01       2.33389939E-01
   299.1000       4.88962252E-01       4.81951078E-01       2.33454880E-01
   299.2000       4.88977484E-01       4.81951823E-01       2.33519295E-01
   299.3000       4.88992286E-01       4.81953036E-01       2.33583181E-01
   299.4000       4.89006633E-01       4.81954253E-01       2.33646539E-01
   299.5000       4.89020496E-01       4.81954436E-01       2.33709368E-01
   299.6000       4.89033845E-01       4.81953995E-01       2.33771670E-01
   299.7000       4.89046651E-01       4.81952987E-01       2.33833444E-01
   299.8000       4.89058883E-01       4.81951016E-01       2.33894694E-01
   299.9000       4.89070512E-01       4.81947690E-01       2.33955422E-01
   300.0000       4.89081507E-01       4.81943743E-01       2.34015630E-01
   300.1000       4.89091837E-01       4.81938928E-01       2.34075322E-01
   300.2000       4.89101470E-01       4.81933468E-01       2.34134503E-01
   300.3000       4.89110378E-01       4.81926378E-01       2.34193177E-01
   300.4000       4.89118528E-01       4.81918847E-01       2.34251349E-01
   300.5000       4.89125888E-01       4.81911319E-01       2.34309025E-01
   300.6000       4.89132427E-01       4.81899870E-01       2.34366211E-01
   300.7000       4.89138116E-01       4.81886652E-01       2.34422913E-01
   300.8000       4.89142923E-01       4.81875416E-01       2.34479137E-01
   300.9000       4.89146817E-01       4.81862287E-01       2.34534891E-01
   301.0000       4.89149767E-01       4.81847491E-01       2.34590182E-01
   301.1000       4.89151744E-01       4.81830210E-01       2.34645018E-01
   301.2000       4.89152716E-01       4.81811517E-01       2.34699405E-01
   301.3000       4.89152654E-01       4.81791021E-01       2.34753352E-01
   301.4000       4.89151527E-01       4.81772095E-01       2.34806865E-01
   301.5000       4.89149304E-01       4.81748831E-01       2.34859954E-01
   301.6000       4.89145957E-01       4.81724879E-01       2.34912624E-01
   301.7000       4.89141454E-01       4.81699559E-01       2.34964884E-01
   301.8000       4.89135764E-01       4.81671975E-01       2.35016740E-01
   301.9000       4.89128859E-01       4.81643696E-01       2.35068200E-01
   302.0000       4.89120707E-01       4.81612849E-01       2.35119270E-01
   302.1000       4.89111278E-01       4.81581280E-01       2.35169957E-01
   302.2000       4.89100540E-01       4.81547265E-01       2.35220265E-01
   302.3000       4.89088463E-01       4.81511736E-01       2.35270200E-01
   302.4000       4.89075018E-01       4.81473624E-01       2.35319768E-01
   302.5000       4.89060174E-01       4.81434638E-01       2.35368972E-01
   302.6000       4.89043901E-01       4.81393630E-01       2.35417815E-01
   302.7000       4.89026169E-01       4.81349914E-01       2.35466301E-01
   302.8000       4.89006949E-01       4.81306483E-01       2.35514432E-01
   302.9000       4.88986211E-01       4.81257776E-01       2.35562210E-01
   303.0000       4.88963926E-01       4.81207669E-01       2.35609633E-01
   303.1000       4.88940066E-01       4.81159371E-01       2.35656704E-01
   303.2000       4.88914604E-01       4.81105707E-01       2.35703420E-01
   303.3000       4.88887513E-01       4.81049266E-01       2.35749779E-01
   303.4000       4.88858768E-01       4.80991290E-01       2.35795778E-01
   303.5000       4.88828342E-01       4.80932587E-01       2.35841415E-01
   303.6000       4.88796212E-01       4.80869564E-01       2.35886683E-01
   303.7000       4.88762356E-01       4.80805852E-01       2.35931577E-01
   303.8000       4.88726752E-01       4.80740203E-01       2.35976089E-01
   303.9000       4.88689380E-01       4.80671088E-01       2.36020213E-01
   304.0000       4.88650221E-01       4.80601237E-01       2.36063940E-01
   304.1000       4.88609259E-01       4.80528215E-01       2.36107258E-01
   304.2000       4.88566477E-01       4.80452524E-01       2.36150158E-01
   304.3000       4.88521862E-01       4.80374405E-01       2.36192628E-01
   304.4000       4.88475401E-01       4.80294505E-01       2.36234654E-01
   304.5000       4.88427085E-01       4.80212713E-01       2.36276221E-01
   304.6000       4.88376903E-01       4.80127963E-01       2.36317317E-01
   304.7000       4.88324850E-01       4.80040025E-01       2.36357922E-01
   304.8000       4.88270918E-01       4.79951857E-01       2.36398022E-01
   304.9000       4.88215102E-01       4.79859814E-01       2.36437597E-01
   305.0000       4.88157400E-01       4.79766125E-01       2.36476629E-01
   305.1000       4.88097809E-01       4.79667504E-01       2.36515097E-01
   305.2000       4.88036327E-01       4.79569842E-01       2.36552980E-01
   305.3000       4.87972955E-01       4.79469482E-01       2.36590257E-01
   305.4000       4.87907692E-01       4.79366183E-01       2.36626903E-01
   305.5000       4.87840537E-01       4.79258818E-01       2.36662896E-01
   305.6000       4.87771493E-01       4.79150413E-01       2.36698211E-01
   305.7000       4.87700560E-01       4.79039715E-01       2.36732821E-01
   305.8000       4.87627736E-01       4.78926548E-01       2.36766702E-01
   305.9000       4.87553021E-01       4.78810401E-01       2.36799825E-01
   306.0000       4.87476414E-01       4.78693423E-01       2.36832164E-01
   306.1000       4.87397912E-01       4.78572187E-01       2.36863689E-01
   306.2000       4.87317513E-01       4.78449017E-01       2.36894371E-01
   306.3000       4.87235209E-01       4.78322927E-01       2.36924180E-01
   306.4000       4.87150994E-01       4.78194438E-01       2.36953086E-01
   306.5000       4.87064857E-01       4.78067006E-01       2.36981059E-01
   306.6000       4.86976787E-01       4.77930662E-01       2.37008066E-01
   306.7000       4.86886766E-01       4.77798270E-01       2.37034075E-01
   306.8000       4.86794778E-01       4.77659433E-01       2.37059054E-01
   306.9000       4.86700802E-01       4.77518519E-01       2.37082971E-01
   307.0000       4.86604810E-01       4.77377171E-01       2.37105792E-01
   307.1000       4.86506776E-01       4.77231077E-01       2.37127484E-01
   307.2000       4.86406666E-01       4.77082178E-01       2.37148012E-01
   307.3000       4.86304445E-01       4.76930563E-01       2.37167344E-01
   307.4000       4.86200073E-01       4.76777153E-01       2.37185445E-01
   307.5000       4.86093506E-01       4.76622642E-01       2.37202280E-01
   307.6000       4.85984694E-01       4.76460909E-01       2.37217816E-01
   307.7000       4.85873587E-01       4.76298446E-01       2.37232017E-01
   307.8000       4.85760130E-01       4.76132474E-01       2.37244850E-01
   307.9000       4.85644262E-01       4.75965099E-01       2.37256279E-01
   308.0000       4.85525920E-01       4.75792556E-01       2.37266271E-01
   308.1000       4.85405038E-01       4.75616718E-01       2.37274792E-01
   308.2000       4.85281543E-01       4.75436772E-01       2.37281806E-01
   308.3000       4.85155363E-01       4.75257549E-01       2.37287280E-01
   308.4000       4.85026418E-01       4.75072803E-01       2.37291179E-01
   308.5000       4.84894631E-01       4.74885356E-01       2.37293471E-01
   308.6000       4.84759916E-01       4.74688722E-01       2.37294122E-01
   308.7000       4.84622189E-01       4.74491715E-01       2.37293097E-01
   308.8000       4.84481361E-01       4.74294511E-01       2.37290365E-01
   308.9000       4.84337342E-01       4.74089263E-01       2.37285892E-01
   309.0000       4.84190041E-01       4.73879394E-01       2.37279645E-01
   309.1000       4.84039364E-01       4.73667066E-01       2.37271593E-01
   309.2000       4.83885216E-01       4.73451385E-01       2.37261702E-01
   309.3000       4.83727502E-01       4.73227518E-01       2.37249942E-01
   309.4000       4.83566124E-01       4.73001103E-01       2.37236281E-01
   309.5000       4.83400985E-01       4.72768565E-01       2.37220687E-01
   309.6000       4.83231986E-01       4.72533344E-01       2.37203130E-01
   309.7000       4.83059028E-01       4.72292812E-01       2.37183578E-01
   309.8000       4.82882011E-01       4.72043640E-01       2.37162001E-01
   309.9000       4.82700839E-01       4.71792914E-01       2.37138368E-01
   310.0000       4.82515414E-01       4.71536052E-01       2.37112650E-01
   310.1000       4.82325635E-01       4.71273190E-01       2.37084815E-01
   310.2000       4.82131406E-01       4.71004866E-01       2.37054834E-01
   310.3000       4.81932630E-01       4.70728915E-01       2.37022676E-01
   310.4000       4.81729209E-01       4.70449703E-01       2.36988312E-01
   310.5000       4.81521047E-01       4.70164754E-01       2.36951712E-01
   310.6000       4.81308047E-01       4.69871550E-01       2.36912845E-01
   310.7000       4.81090117E-01       4.69571444E-01       2.36871681E-01
   310.8000       4.80867160E-01       4.69266273E-01       2.36828191E-01
   310.9000       4.80639082E-01       4.68955225E-01       2.36782343E-01
   311.0000       4.80405790E-01       4.68637111E-01       2.36734107E-01
   311.1000       4.80167190E-01       4.68314103E-01       2.36683452E-01
   311.2000       4.79923187E-01       4.67980253E-01       2.36630346E-01
   311.3000       4.79673687E-01       4.67639089E-01       2.36574759E-01
   311.4000       4.79418597E-01       4.67293935E-01       2.36516657E-01
   311.5000       4.79157824E-01       4.66943546E-01       2.36456009E-01
   311.6000       4.78891275E-01       4.66580169E-01       2.36392782E-01
   311.7000       4.78618851E-01       4.66213304E-01       2.36326941E-01
   311.8000       4.78340458E-01       4.65835072E-01       2.36258453E-01
   311.9000       4.78056001E-01       4.65453547E-01       2.36187283E-01
   312.0000       4.77765384E-01       4.65060928E-01       2.36113395E-01
   312.1000       4.77468508E-01       4.64663078E-01       2.36036753E-01
   312.2000       4.77165274E-01       4.64255785E-01       2.35957321E-01
   312.3000       4.76855581E-01       4.63839669E-01       2.35875060E-01
   312.4000       4.76539329E-01       4.63414360E-01       2.35789931E-01
   312.5000       4.76216415E-01       4.62982805E-01       2.35701896E-01
   312.6000       4.75886735E-01       4.62541308E-01       2.35610914E-01
   312.7000       4.75550185E-01       4.62095016E-01       2.35516943E-01
   312.8000       4.75206658E-01       4.61632951E-01       2.35419942E-01
   312.9000       4.74856048E-01       4.61167303E-01       2.35319866E-01
   313.0000       4.74498243E-01       4.60690599E-01       2.35216672E-01
   313.1000       4.74133133E-01       4.60202149E-01       2.35110314E-01
   313.2000       4.73760606E-01       4.59709052E-01       2.35000746E-01
   313.3000       4.73380547E-01       4.59203339E-01       2.34887919E-01
   313.4000       4.72992840E-01       4.58688030E-01       2.34771786E-01
   313.5000       4.72597370E-01       4.58165229E-01       2.34652297E-01
   313.6000       4.72194017E-01       4.57630276E-01       2.34529400E-01
   313.7000       4.71782663E-01       4.57086686E-01       2.34403044E-01
   313.8000       4.71363185E-01       4.56533908E-01       2.34273175E-01
   313.9000       4.70935462E-01       4.55967735E-01       2.34139739E-01
   314.0000       4.70499369E-01       4.55393559E-01       2.34002681E-01
   314.1000       4.70054783E-01       4.54807817E-01       2.33861942E-01
   314.2000       4.69601578E-01       4.54211723E-01       2.33717467E-01
   314.3000       4.69139626E-01       4.53606197E-01       2.33569194E-01
   314.4000       4.68668800E-01       4.52983772E-01       2.33417065E-01
   314.5000       4.68188971E-01       4.52355992E-01       2.33261016E-01
   314.6000       4.67700008E-01       4.51715501E-01       2.33100986E-01
   314.7000       4.67201778E-01       4.51061973E-01       2.32936911E-01
   314.8000       4.66694150E-01       4.50398526E-01       2.32768724E-01
   314.9000       4.66176989E-01       4.49724312E-01       2.32596360E-01
   315.0000       4.65650162E-01       4.49033661E-01       2.32419751E-01
   315.1000       4.65113531E-01       4.48335208E-01       2.32238828E-01
   315.2000       4.64566960E-01       4.47623306E-01       2.32053521E-01
   315.3000       4.64010310E-01       4.46899290E-01       2.31863759E-01
   315.4000       4.63443442E-01       4.46162253E-01       2.31669468E-01
   315.5000       4.62866215E-01       4.45412752E-01       2.31470575E-01
   315.6000       4.62278486E-01       4.44649625E-01       2.31267005E-01
   315.7000       4.61680113E-01       4.43873925E-01       2.31058682E-01
   315.8000       4.61070951E-01       4.43086329E-01       2.30845528E-01
   315.9000       4.60450853E-01       4.42282915E-01       2.30627464E-01
   316.0000       4.59819669E-01       4.41466600E-01       2.30404410E-01
   316.1000       4.59177251E-01       4.40636052E-01       2.30176286E-01
   316.2000       4.58523448E-01       4.39795207E-01       2.29943009E-01
   316.3000       4.57858106E-01       4.38938542E-01       2.29704496E-01
   316.4000       4.57181072E-01       4.38062794E-01       2.29460661E-01
   316.5000       4.56492186E-01       4.37180314E-01       2.29211420E-01
   316.6000       4.55791292E-01       4.36280156E-01       2.28956684E-01
   316.7000       4.55078230E-01       4.35365535E-01       2.28696367E-01
   316.8000       4.54352841E-01       4.34440204E-01       2.28430379E-01
   316.9000       4.53614959E-01       4.33493873E-01       2.28158629E-01
   317.0000       4.52864422E-01       4.32535245E-01       2.27881027E-01
   317.1000       4.52101062E-01       4.31558710E-01       2.27597479E-01
   317.2000       4.51324714E-01       4.30565953E-01       2.27307894E-01
   317.3000       4.50535208E-01       4.29562559E-01       2.27012176E-01
   317.4000       4.49732377E-01       4.28541900E-01       2.26710231E-01
   317.5000       4.48916049E-01       4.27500506E-01       2.26401961E-01
   317.6000       4.48086053E-01       4.26447844E-01       2.26087271E-01
   317.7000       4.47242220E-01       4.25377713E-01       2.25766063E-01
   317.8000       4.46384378E-01       4.24293914E-01       2.25438238E-01
   317.9000       4.45512356E-01       4.23188953E-01       2.25103698E-01
   318.0000       4.44625985E-01       4.22070503E-01       2.24762342E-01
   318.1000       4.43725094E-01       4.20931795E-01       2.24414071E-01
   318.2000       4.42809513E-01       4.19779845E-01       2.24058785E-01
   318.3000       4.41879074E-01       4.18603094E-01       2.23696381E-01
   318.4000       4.40933610E-01       4.17418863E-01       2.23326758E-01
   318.5000       4.39972955E-01       4.16211182E-01       2.22949815E-01
   318.6000       4.38996944E-01       4.14987904E-01       2.22565450E-01
   318.7000       4.38005411E-01       4.13743757E-01       2.22173560E-01
   318.8000       4.36998196E-01       4.12486671E-01       2.21774043E-01
   318.9000       4.35975136E-01       4.11210086E-01       2.21366796E-01
   319.0000       4.34936074E-01       4.09913141E-01       2.20951716E-01
   319.1000       4.33880858E-01       4.08598427E-01       2.20528702E-01
   319.2000       4.32809338E-01       4.07266682E-01       2.20097651E-01
   319.3000       4.31721365E-01       4.05915427E-01       2.19658462E-01
   319.4000       4.30616797E-01       4.04546546E-01       2.19211032E-01
   319.5000       4.29495493E-01       4.03158438E-01       2.18755261E-01
   319.6000       4.28357312E-01       4.01753170E-01       2.18291047E-01
   319.7000       4.27202121E-01       4.00325854E-01       2.17818289E-01
   319.8000       4.26029791E-01       3.98880496E-01       2.17336888E-01
   319.9000       4.24840203E-01       3.97421510E-01       2.16846746E-01
   320.0000       4.23633234E-01       3.95936507E-01       2.16347762E-01
   320.1000       4.22408769E-01       3.94436199E-01       2.15839840E-01
   320.2000       4.21166699E-01       3.92917763E-01       2.15322883E-01
   320.3000       4.19906915E-01       3.91376010E-01       2.14796795E-01
   320.4000       4.18629319E-01       3.89821734E-01       2.14261480E-01
   320.5000       4.17333820E-01       3.88238968E-01       2.13716844E-01
   320.6000       4.16020328E-01       3.86648177E-01       2.13162796E-01
   320.7000       4.14688759E-01       3.85029339E-01       2.12599243E-01
   320.8000       4.13339034E-01       3.83394462E-01       2.12026094E-01
   320.9000       4.11971080E-01       3.81737521E-01       2.11443259E-01
   321.0000       4.10584833E-01       3.80066903E-01       2.10850650E-01
   321.1000       4.09180229E-01       3.78383135E-01       2.10248181E-01
   321.2000       4.07757212E-01       3.76668247E-01       2.09635763E-01
   321.3000       4.06315735E-01       3.74939574E-01       2.09013313E-01
   321.4000       4.04855755E-01       3.73193920E-01       2.08380749E-01
   321.5000       4.03377238E-01       3.71423373E-01       2.07737988E-01
   321.6000       4.01880156E-01       3.69642964E-01       2.07084953E-01
   321.7000       4.00364488E-01       3.67835585E-01       2.06421565E-01
   321.8000       3.98830220E-01       3.66012355E-01       2.05747747E-01
   321.9000       3.97277346E-01       3.64178772E-01       2.05063425E-01
   322.0000       3.95705863E-01       3.62318562E-01       2.04368526E-01
   322.1000       3.94115782E-01       3.60443962E-01       2.03662980E-01
   322.2000       3.92507117E-01       3.58548093E-01       2.02946717E-01
   322.3000       3.90879892E-01       3.56632739E-01       2.02219672E-01
   322.4000       3.89234140E-01       3.54709754E-01       2.01481779E-01
   322.5000       3.87569901E-01       3.52761658E-01       2.00732977E-01
   322.6000       3.85887225E-01       3.50801682E-01       1.99973203E-01
   322.7000       3.84186173E-01       3.48820922E-01       1.99202402E-01
   322.8000       3.82466812E-01       3.46823862E-01       1.98420519E-01
   322.9000       3.80729220E-01       3.44814210E-01       1.97627500E-01
   323.0000       3.78973485E-01       3.42786365E-01       1.96823297E-01
   323.1000       3.77199701E-01       3.40739809E-01       1.96007862E-01
   323.2000       3.75407975E-01       3.38679373E-01       1.95181150E-01
   323.3000       3.73598423E-01       3.36605956E-01       1.94343121E-01
   323.4000       3.71771177E-01       3.34518323E-01       1.93493739E-01
   323.5000       3.69926372E-01       3.32414814E-01       1.92632968E-01
   323.6000       3.68064157E-01       3.30293062E-01       1.91760778E-01
   323.7000       3.66184693E-01       3.28160923E-01       1.90877142E-01
   323.8000       3.64288155E-01       3.26011300E-01       1.89982040E-01
   323.9000       3.62374725E-01       3.23855745E-01       1.89075452E-01
   324.0000       3.60444595E-01       3.21681997E-01       1.88157363E-01
   324.1000       3.58497972E-01       3.19496116E-01       1.87227763E-01
   324.2000       3.56535077E-01       3.17295172E-01       1.86286649E-01
   324.3000       3.54556139E-01       3.15090897E-01       1.85334022E-01
   324.4000       3.52561399E-01       3.12861407E-01       1.84369883E-01
   324.5000       3.50551109E-01       3.10633332E-01       1.83394245E-01
   324.6000       3.48525537E-01       3.08386271E-01       1.82407125E-01
   324.7000       3.46484959E-01       3.06132214E-01       1.81408544E-01
   324.8000       3.44429665E-01       3.03874554E-01       1.80398531E-01
   324.9000       3.42359953E-01       3.01599609E-01       1.79377121E-01
   325.0000       3.40276132E-01       2.99317092E-01       1.78344351E-01
   325.1000       3.38178521E-01       2.97027284E-01       1.77300267E-01
   325.2000       3.36067455E-01       2.94732173E-01       1.76244923E-01
   325.3000       3.33943277E-01       2.92421359E-01       1.75178380E-01
   325.4000       3.31806339E-01       2.90113575E-01       1.74100704E-01
   325.5000       3.29656998E-01       2.87794167E-01       1.73011972E-01
   325.6000       3.27495625E-01       2.85470869E-01       1.71912263E-01
   325.7000       3.25322595E-01       2.83144878E-01       1.70801666E-01
   325.8000       3.23138296E-01       2.80810538E-01       1.69680278E-01
   325.9000       3.20943124E-01       2.78472276E-01       1.68548203E-01
   326.0000       3.18737480E-01       2.76133937E-01       1.67405552E-01
   326.1000       3.16521778E-01       2.73787525E-01       1.66252449E-01
   326.2000       3.14296436E-01       2.71441873E-01       1.65089024E-01
   326.3000       3.12061882E-01       2.69090315E-01       1.63915417E-01
   326.4000       3.09818547E-01       2.66740865E-01       1.62731776E-01
   326.5000       3.07566872E-01       2.64390519E-01       1.61538255E-01
   326.6000       3.05307294E-01       2.62036768E-01       1.60335013E-01
   326.7000       3.03040265E-01       2.59691751E-01       1.59122224E-01
   326.8000       3.00766242E-01       2.57338971E-01       1.57900071E-01
   326.9000       2.98485687E-01       2.54984528E-01       1.56668745E-01
   327.0000       2.96199071E-01       2.52637583E-01       1.55428450E-01
   327.1000       2.93906871E-01       2.50289320E-01       1.54179400E-01
   327.2000       2.91609567E-01       2.47944570E-01       1.52921817E-01
   327.3000       2.89307639E-01       2.45611684E-01       1.51655928E-01
   327.4000       2.87001576E-01       2.43272292E-01       1.50381977E-01
   327.5000       2.84691871E-01       2.40938248E-01       1.49100211E-01
   327.6000       2.82379017E-01       2.38614554E-01       1.47810889E-01
   327.7000       2.80063513E-01       2.36293225E-01       1.46514280E-01
   327.8000       2.77745860E-01       2.33973862E-01       1.45210654E-01
   327.9000       2.75426561E-01       2.31666456E-01       1.43900300E-01
   328.0000       2.73106122E-01       2.29360258E-01       1.42583514E-01
   328.1000       2.70785052E-01       2.27066256E-01       1.41260600E-01
   328.2000       2.68463859E-01       2.24780802E-01       1.39931871E-01
   328.3000       2.66143053E-01       2.22505312E-01       1.38597648E-01
   328.4000       2.63823143E-01       2.20233893E-01       1.37258259E-01
   328.5000       2.61504636E-01       2.17970864E-01       1.35914038E-01
   328.6000       2.59188045E-01       2.15724920E-01       1.34565333E-01
   328.7000       2.56873881E-01       2.13480929E-01       1.33212501E-01
   328.8000       2.54562646E-01       2.11251680E-01       1.31855892E-01
   328.9000       2.52254846E-01       2.09034542E-01       1.30495876E-01
   329.0000       2.49950986E-01       2.06830199E-01       1.29132829E-01
   329.1000       2.47651568E-01       2.04635800E-01       1.27767138E-01
   329.2000       2.45357091E-01       2.02454523E-01       1.26399191E-01
   329.3000       2.43068051E-01       2.00283152E-01       1.25029384E-01
   329.4000       2.40784938E-01       1.98126090E-01       1.23658116E-01
   329.5000       2.38508237E-01       1.95989462E-01       1.22285794E-01
   329.6000       2.36238426E-01       1.93857283E-01       1.20912822E-01
   329.7000       2.33975982E-01       1.91743271E-01       1.19539623E-01
   329.8000       2.31721373E-01       1.89644625E-01       1.18166617E-01
   329.9000       2.29475061E-01       1.87560621E-01       1.16794234E-01
   330.0000       2.27237499E-01       1.85491456E-01       1.15422898E-01
   330.1000       2.25009132E-01       1.83438014E-01       1.14053046E-01
   330.2000       2.22790401E-01       1.81403233E-01       1.12685116E-01
   330.3000       2.20581736E-01       1.79381899E-01       1.11319545E-01
   330.4000       2.18383559E-01       1.77380250E-01       1.09956773E-01
   330.5000       2.16196282E-01       1.75393387E-01       1.08597244E-01
   330.6000       2.14020308E-01       1.73427709E-01       1.07241408E-01
   330.7000       2.11856032E-01       1.71474398E-01       1.05889706E-01
   330.8000       2.09703833E-01       1.69536618E-01       1.04542578E-01
   330.9000       2.07564085E-01       1.67621585E-01       1.03200471E-01
   331.0000       2.05437148E-01       1.65724459E-01       1.01863829E-01
   331.1000       2.03323373E-01       1.63844945E-01       1.00533090E-01
   331.2000       2.01223099E-01       1.61980645E-01       9.92087028E-02
   331.3000       1.99136654E-01       1.60136833E-01       9.78910939E-02
   331.4000       1.97064357E-01       1.58314992E-01       9.65807094E-02
   331.5000       1.95006513E-01       1.56508120E-01       9.52779735E-02
   331.6000       1.92963416E-01       1.54721205E-01       9.39833082E-02
   331.7000       1.90935349E-01       1.52955974E-01       9.26971334E-02
   331.8000       1.88922580E-01       1.51206384E-01       9.14198521E-02
   331.9000       1.86925368E-01       1.49478132E-01       9.01518703E-02
   332.0000       1.84943958E-01       1.47770610E-01       8.88935716E-02
   332.1000       1.82978588E-01       1.46078841E-01       8.76453534E-02
   332.2000       1.81029487E-01       1.44409659E-01       8.64075978E-02
   332.3000       1.79096869E-01       1.42761449E-01       8.51806755E-02
   332.4000       1.77180940E-01       1.41129807E-01       8.39649459E-02
   332.5000       1.75281892E-01       1.39519441E-01       8.27607651E-02
   332.6000       1.73399909E-01       1.37926548E-01       8.15684737E-02
   332.7000       1.71535162E-01       1.36353242E-01       8.03883885E-02
   332.8000       1.69687813E-01       1.34803227E-01       7.92208257E-02
   332.9000       1.67858021E-01       1.33269562E-01       7.80661021E-02
   333.0000       1.66045924E-01       1.31756359E-01       7.69245001E-02
   333.1000       1.64251657E-01       1.30263635E-01       7.57963054E-02
   333.2000       1.62475345E-01       1.28788568E-01       7.46817889E-02
   333.3000       1.60717102E-01       1.27335619E-01       7.35812028E-02
   333.4000       1.58977032E-01       1.25902179E-01       7.24947878E-02
   333.5000       1.57255230E-01       1.24483203E-01       7.14227694E-02
   333.6000       1.55551779E-01       1.23090110E-01       7.03653598E-02
   333.7000       1.53866760E-01       1.21712505E-01       6.93227628E-02
   333.8000       1.52200244E-01       1.20356211E-01       6.82951693E-02
   333.9000       1.50552290E-01       1.19017524E-01       6.72827584E-02
   334.0000       1.48922950E-01       1.17696993E-01       6.62856840E-02
   334.1000       1.47312266E-01       1.16395150E-01       6.53040886E-02
   334.2000       1.45720273E-01       1.15114109E-01       6.43381049E-02
   334.3000       1.44146997E-01       1.13851964E-01       6.33878473E-02
   334.4000       1.42592456E-01       1.12606271E-01       6.24534073E-02
   334.5000       1.41056658E-01       1.11379111E-01       6.15348765E-02
   334.6000       1.39539606E-01       1.10171998E-01       6.06323287E-02
   334.7000       1.38041293E-01       1.08983219E-01       5.97458259E-02
   334.8000       1.36561705E-01       1.07812017E-01       5.88754112E-02
   334.9000       1.35100820E-01       1.06658118E-01       5.80211128E-02
   335.0000       1.33658606E-01       1.05524397E-01       5.71829496E-02
   335.1000       1.32235024E-01       1.04406437E-01       5.63609249E-02
   335.2000       1.30830030E-01       1.03305693E-01       5.55550338E-02
   335.3000       1.29443570E-01       1.02225305E-01       5.47652598E-02
   335.4000       1.28075581E-01       1.01161717E-01       5.39915638E-02
   335.5000       1.26725994E-01       1.00114036E-01       5.32338933E-02
   335.6000       1.25394731E-01       9.90838109E-02       5.24921892E-02
   335.7000       1.24081711E-01       9.80709282E-02       5.17663760E-02
   335.8000       1.22786845E-01       9.70737132E-02       5.10563728E-02
   335.9000       1.21510038E-01       9.60944552E-02       5.03620849E-02
   336.0000       1.20251189E-01       9.51310554E-02       4.96834033E-02
   336.1000       1.19010194E-01       9.41831638E-02       4.90202133E-02
   336.2000       1.17786941E-01       9.32542176E-02       4.83723878E-02
   336.3000       1.16581317E-01       9.23380648E-02       4.77397925E-02
   336.4000       1.15393199E-01       9.14402576E-02       4.71222804E-02
   336.5000       1.14222460E-01       9.05539727E-02       4.65196891E-02
   336.6000       1.13068973E-01       8.96856210E-02       4.59318601E-02
   336.7000       1.11932604E-01       8.88317614E-02       4.53586198E-02
   336.8000       1.10813219E-01       8.79935197E-02       4.47997951E-02
   336.9000       1.09710680E-01       8.71697596E-02       4.42552040E-02
   337.0000       1.08624842E-01       8.63615058E-02       4.37246507E-02
   337.1000       1.07555563E-01       8.55662015E-02       4.32079400E-02
   337.2000       1.06502696E-01       8.47858274E-02       4.27048719E-02
   337.3000       1.05466090E-01       8.40193540E-02       4.22152384E-02
   337.4000       1.04445596E-01       8.32660150E-02       4.17388280E-02
   337.5000       1.03441060E-01       8.25267738E-02       4.12754245E-02
   337.6000       1.02452329E-01       8.18013430E-02       4.08248072E-02
   337.7000       1.01479246E-01       8.10895675E-02       4.03867564E-02
   337.8000       1.00521657E-01       8.03906925E-02       3.99610520E-02
   337.9000       9.95793992E-02       7.97034620E-02       3.95474622E-02
   338.0000       9.86523157E-02       7.90302937E-02       3.91457631E-02
   338.1000       9.77402444E-02       7.83704521E-02       3.87557198E-02
   338.2000       9.68430241E-02       7.77217191E-02       3.83771007E-02
   338.3000       9.59604930E-02       7.70852856E-02       3.80096778E-02
   338.4000       9.50924888E-02       7.64621280E-02       3.76532203E-02
   338.5000       9.42388471E-02       7.58503625E-02       3.73074933E-02
   338.6000       9.33994038E-02       7.52494113E-02       3.69722641E-02
   338.7000       9.25739928E-02       7.46608133E-02       3.66472999E-02
   338.8000       9.17624491E-02       7.40834789E-02       3.63323717E-02
   338.9000       9.09646057E-02       7.35177788E-02       3.60272463E-02
   339.0000       9.01802969E-02       7.29630848E-02       3.57316982E-02
   339.1000       8.94093582E-02       7.24186001E-02       3.54455050E-02
   339.2000       8.86516229E-02       7.18852292E-02       3.51684416E-02
   339.3000       8.79069259E-02       7.13628991E-02       3.49002880E-02
   339.4000       8.71751016E-02       7.08505621E-02       3.46408254E-02
   339.5000       8.64559819E-02       7.03484125E-02       3.43898331E-02
   339.6000       8.57494010E-02       6.98570371E-02       3.41470961E-02
   339.7000       8.50551936E-02       6.93757068E-02       3.39124028E-02
   339.8000       8.43731939E-02       6.89032834E-02       3.36855437E-02
   339.9000       8.37032369E-02       6.84409222E-02       3.34663131E-02
   340.0000       8.30451564E-02       6.79878082E-02       3.32545055E-02
   340.1000       8.23987871E-02       6.75444453E-02       3.30499189E-02
   340.2000       8.17639646E-02       6.71102728E-02       3.28523548E-02
   340.3000       8.11405242E-02       6.66853740E-02       3.26616154E-02
   340.4000       8.05283045E-02       6.62687759E-02       3.24775132E-02
   340.5000       7.99271425E-02       6.58614144E-02       3.22998584E-02
   340.6000       7.93368768E-02       6.54618892E-02       3.21284649E-02
   340.7000       7.87573492E-02       6.50714009E-02       3.19631553E-02
   340.8000       7.81884005E-02       6.46889526E-02       3.18037537E-02
   340.9000       7.76298720E-02       6.43149401E-02       3.16500836E-02
   341.0000       7.70816076E-02       6.39489397E-02       3.15019756E-02
   341.1000       7.65434520E-02       6.35909908E-02       3.13592632E-02
   341.2000       7.60152514E-02       6.32400865E-02       3.12217827E-02
   341.3000       7.54968531E-02       6.28975322E-02       3.10893737E-02
   341.4000       7.49881070E-02       6.25622975E-02       3.09618814E-02
   341.5000       7.44888641E-02       6.22338990E-02       3.08391577E-02
   341.6000       7.39989766E-02       6.19131159E-02       3.07210564E-02
   341.7000       7.35182980E-02       6.15992666E-02       3.06074334E-02
   341.8000       7.30466838E-02       6.12925960E-02       3.04981498E-02
   341.9000       7.25839904E-02       6.09927920E-02       3.03930692E-02
   342.0000       7.21300764E-02       6.06999377E-02       3.02920609E-02
   342.1000       7.16848010E-02       6.04136539E-02       3.01949945E-02
   342.2000       7.12480261E-02       6.01336876E-02       3.01017454E-02
   342.3000       7.08196146E-02       5.98595737E-02       3.00121903E-02
   342.4000       7.03994314E-02       5.95932636E-02       2.99262110E-02
   342.5000       6.99873432E-02       5.93317591E-02       2.98436927E-02
   342.6000       6.95832176E-02       5.90769232E-02       2.97645215E-02
   342.7000       6.91869261E-02       5.88279842E-02       2.96885893E-02
   342.8000       6.87983404E-02       5.85848649E-02       2.96157897E-02
   342.9000       6.84173337E-02       5.83477398E-02       2.95460205E-02
   343.0000       6.80437809E-02       5.81159374E-02       2.94791819E-02
   343.1000       6.76775597E-02       5.78899458E-02       2.94151777E-02
   343.2000       6.73185483E-02       5.76689643E-02       2.93539130E-02
   343.3000       6.69666278E-02       5.74539831E-02       2.92952969E-02
   343.4000       6.66216799E-02       5.72439826E-02       2.92392405E-02
   343.5000       6.62835889E-02       5.70391211E-02       2.91856585E-02
   343.6000       6.59522397E-02       5.68391528E-02       2.91344665E-02
   343.7000       6.56275194E-02       5.66445895E-02       2.90855851E-02
   343.8000       6.53093170E-02       5.64546175E-02       2.90389366E-02
   343.9000       6.49975231E-02       5.62697028E-02       2.89944456E-02
   344.0000       6.46920300E-02       5.60893502E-02       2.89520391E-02
   344.1000       6.43927309E-02       5.59138873E-02       2.89116470E-02
   344.2000       6.40995204E-02       5.57427010E-02       2.88732004E-02
   344.3000       6.38122945E-02       5.55763210E-02       2.88366325E-02
   344.4000       6.35309515E-02       5.54141018E-02       2.88018802E-02
   344.5000       6.32553910E-02       5.52564962E-02       2.87688824E-02
   344.6000       6.29855130E-02       5.51028826E-02       2.87375797E-02
   344.7000       6.27212203E-02       5.49534604E-02       2.87079168E-02
   344.8000       6.24624166E-02       5.48082857E-02       2.86798400E-02
   344.9000       6.22090063E-02       5.46671172E-02       2.86532957E-02
   345.0000       6.19608953E-02       5.45298058E-02       2.86282321E-02
   345.1000       6.17179908E-02       5.43965322E-02       2.86046004E-02
   345.2000       6.14802021E-02       5.42669567E-02       2.85823530E-02
   345.3000       6.12474392E-02       5.41412420E-02       2.85614443E-02
   345.4000       6.10196129E-02       5.40191098E-02       2.85418286E-02
   345.5000       6.07966368E-02       5.39005717E-02       2.85234651E-02
   345.6000       6.05784247E-02       5.37857026E-02       2.85063116E-02
   345.7000       6.03648917E-02       5.36743458E-02       2.84903276E-02
   345.8000       6.01559545E-02       5.35662702E-02       2.84754744E-02
   345.9000       5.99515307E-02       5.34616231E-02       2.84617149E-02
   346.0000       5.97515386E-02       5.33604250E-02       2.84490123E-02
   346.1000       5.95558987E-02       5.32622841E-02       2.84373334E-02
   346.2000       5.93645325E-02       5.31675181E-02       2.84266451E-02
   346.3000       5.91773617E-02       5.30757429E-02       2.84169142E-02
   346.4000       5.89943095E-02       5.29870513E-02       2.84081100E-02
   346.5000       5.88153011E-02       5.29015174E-02       2.84002049E-02
   346.6000       5.86402620E-02       5.28186876E-02       2.83931699E-02
   346.7000       5.84691188E-02       5.27389075E-02       2.83869779E-02
   346.8000       5.83017996E-02       5.26620679E-02       2.83816034E-02
   346.9000       5.81382331E-02       5.25880716E-02       2.83770217E-02
   347.0000       5.79783489E-02       5.25166762E-02       2.83732085E-02
   347.1000       5.78220772E-02       5.24480262E-02       2.83701413E-02
   347.2000       5.76693493E-02       5.23822415E-02       2.83677985E-02
   347.3000       5.75200978E-02       5.23187723E-02       2.83661601E-02
   347.4000       5.73742566E-02       5.22580201E-02       2.83652078E-02
   347.5000       5.72317605E-02       5.21996926E-02       2.83649239E-02
   347.6000       5.70925441E-02       5.21440322E-02       2.83652898E-02
   347.7000       5.69565443E-02       5.20905613E-02       2.83662902E-02
   347.8000       5.68236990E-02       5.20395767E-02       2.83679104E-02
   347.9000       5.66939468E-02       5.19909262E-02       2.83701359E-02
   348.0000       5.65672269E-02       5.19445715E-02       2.83729527E-02
   348.1000       5.64434797E-02       5.19005166E-02       2.83763487E-02
   348.2000       5.63226460E-02       5.18585870E-02       2.83803128E-02
   348.3000       5.62046676E-02       5.18188088E-02       2.83848347E-02
   348.4000       5.60894869E-02       5.17812434E-02       2.83899044E-02
   348.5000       5.59770473E-02       5.17458335E-02       2.83955132E-02
   348.6000       5.58672926E-02       5.17122548E-02       2.84016530E-02
   348.7000       5.57601685E-02       5.16808621E-02       2.84083185E-02
   348.8000       5.56556208E-02       5.16512877E-02       2.84155057E-02
   348.9000       5.55535962E-02       5.16237699E-02       2.84232109E-02
   349.0000       5.54540418E-02       5.15981508E-02       2.84314312E-02
   349.1000       5.53569055E-02       5.15744108E-02       2.84401662E-02
   349.2000       5.52621359E-02       5.15525435E-02       2.84494170E-02
   349.3000       5.51696820E-02       5.15322624E-02       2.84591858E-02
   349.4000       5.50794944E-02       5.15140067E-02       2.84694788E-02
   349.5000       5.49915241E-02       5.14973346E-02       2.84803036E-02
   349.6000       5.49057227E-02       5.14824138E-02       2.84916699E-02
   349.7000       5.48220428E-02       5.14690463E-02       2.85035903E-02
   349.8000       5.47404372E-02       5.14575170E-02       2.85160790E-02
   349.9000       5.46608600E-02       5.14474764E-02       2.85291540E-02
   350.0000       5.45832657E-02       5.14390914E-02       2.85428359E-02
   350.1000       5.45076104E-02       5.14321292E-02       2.85571506E-02
   350.2000       5.44338507E-02       5.14268219E-02       2.85721266E-02
   350.3000       5.43619437E-02       5.14229808E-02       2.85877967E-02
   350.4000       5.42918479E-02       5.14207133E-02       2.86041987E-02
   350.5000       5.42235219E-02       5.14197457E-02       2.86213736E-02
   350.6000       5.41569255E-02       5.14201459E-02       2.86393683E-02
   350.7000       5.40920189E-02       5.14222111E-02       2.86582337E-02
   350.8000       5.40287624E-02       5.14256517E-02       2.86780255E-02
   350.9000       5.39671171E-02       5.14303851E-02       2.86988056E-02
   351.0000       5.39070449E-02       5.14363987E-02       2.87206409E-02
   351.1000       5.38485067E-02       5.14438954E-02       2.87436014E-02
   351.2000       5.37914635E-02       5.14525813E-02       2.87677613E-02
   351.3000       5.37358753E-02       5.14626892E-02       2.87931976E-02
   351.4000       5.36817019E-02       5.14741633E-02       2.88199893E-02
   351.5000       5.36289024E-02       5.14868461E-02       2.88482167E-02
   351.6000       5.35774341E-02       5.15006618E-02       2.88779584E-02
   351.7000       5.35272532E-02       5.15160999E-02       2.89092909E-02
   351.8000       5.34783150E-02       5.15327369E-02       2.89422875E-02
   351.9000       5.34305724E-02       5.15504244E-02       2.89770141E-02
   352.0000       5.33839770E-02       5.15695724E-02       2.90135280E-02
   352.1000       5.33384784E-02       5.15901346E-02       2.90518769E-02
   352.2000       5.32940249E-02       5.16117680E-02       2.90920944E-02
   352.3000       5.32505638E-02       5.16345476E-02       2.91342009E-02
   352.4000       5.32080411E-02       5.16588362E-02       2.91782012E-02
   352.5000       5.31664035E-02       5.16843687E-02       2.92240841E-02
   352.6000       5.31255979E-02       5.17110862E-02       2.92718221E-02
   352.7000       5.30855721E-02       5.17392020E-02       2.93213704E-02
   352.8000       5.30462751E-02       5.17684181E-02       2.93726677E-02
   352.9000       5.30076575E-02       5.17992321E-02       2.94256370E-02
   353.0000       5.29696724E-02       5.18309504E-02       2.94801864E-02
   353.1000       5.29322755E-02       5.18643704E-02       2.95362110E-02
   353.2000       5.28954256E-02       5.18989401E-02       2.95935947E-02
   353.3000       5.28590846E-02       5.19345408E-02       2.96522118E-02
   353.4000       5.28232177E-02       5.19715812E-02       2.97119287E-02
   353.5000       5.27877941E-02       5.20100099E-02       2.97726068E-02
   353.6000       5.27527866E-02       5.20495927E-02       2.98341037E-02
   353.7000       5.27181716E-02       5.20904539E-02       2.98962753E-02
   353.8000       5.26839290E-02       5.21326612E-02       2.99589777E-02
   353.9000       5.26500419E-02       5.21760052E-02       3.00220673E-02
   354.0000       5.26164966E-02       5.22210002E-02       3.00854039E-02
   354.1000       5.25832828E-02       5.22668095E-02       3.01488508E-02
   354.2000       5.25503930E-02       5.23139750E-02       3.02122757E-02
   354.3000       5.25178221E-02       5.23622664E-02       3.02755512E-02
   354.4000       5.24855679E-02       5.24122310E-02       3.03385558E-02
   354.5000       5.24536303E-02       5.24629325E-02       3.04011739E-02
   354.6000       5.24220114E-02       5.25150643E-02       3.04632963E-02
   354.7000       5.23907150E-02       5.25679742E-02       3.05248200E-02
   354.8000       5.23597462E-02       5.26220481E-02       3.05856485E-02
   354.9000       5.23291120E-02       5.26777644E-02       3.06456921E-02
   355.0000       5.22988207E-02       5.27343108E-02       3.07048677E-02
   355.1000       5.22688815E-02       5.27921892E-02       3.07630988E-02
   355.2000       5.22393045E-02       5.28507832E-02       3.08203163E-02
   355.3000       5.22101002E-02       5.29108052E-02       3.08764580E-02
   355.4000       5.21812801E-02       5.29718068E-02       3.09314690E-02
   355.5000       5.21528557E-02       5.30333080E-02       3.09853021E-02
   355.6000       5.21248391E-02       5.30965733E-02       3.10379176E-02
   355.7000       5.20972424E-02       5.31604779E-02       3.10892844E-02
   355.8000       5.20700776E-02       5.32258747E-02       3.11393799E-02
   355.9000       5.20433563E-02       5.32916502E-02       3.11881905E-02
   356.0000       5.20170900E-02       5.33591459E-02       3.12357119E-02
   356.1000       5.19912887E-02       5.34272026E-02       3.12819484E-02
   356.2000       5.19659622E-02       5.34965898E-02       3.13269142E-02
   356.3000       5.19411187E-02       5.35663792E-02       3.13706332E-02
   356.4000       5.19167656E-02       5.36380759E-02       3.14131388E-02
   356.5000       5.18929088E-02       5.37101925E-02       3.14544739E-02
   356.6000       5.18695527E-02       5.37835239E-02       3.14946903E-02
   356.7000       5.18467002E-02       5.38577036E-02       3.15338486E-02
   356.8000       5.18243523E-02       5.39330672E-02       3.15720169E-02
   356.9000       5.18025083E-02       5.40089742E-02       3.16092699E-02
   357.0000       5.17811658E-02       5.40865556E-02       3.16456880E-02
   357.1000       5.17603208E-02       5.41648972E-02       3.16813556E-02
   357.2000       5.17399675E-02       5.42443943E-02       3.17163605E-02
   357.3000       5.17200991E-02       5.43248265E-02       3.17507922E-02
   357.4000       5.17007078E-02       5.44056922E-02       3.17847406E-02
   357.5000       5.16817852E-02       5.44883277E-02       3.18182946E-02
   357.6000       5.16633217E-02       5.45716166E-02       3.18515406E-02
   357.7000       5.16453080E-02       5.46557466E-02       3.18845617E-02
   357.8000       5.16277344E-02       5.47408139E-02       3.19174363E-02
   357.9000       5.16105915E-02       5.48278862E-02       3.19502378E-02
   358.0000       5.15938703E-02       5.49150541E-02       3.19830337E-02
   358.1000       5.15775627E-02       5.50023070E-02       3.20158853E-02
   358.2000       5.15616612E-02       5.50920163E-02       3.20488470E-02
   358.3000       5.15461590E-02       5.51820192E-02       3.20819670E-02
   358.4000       5.15310508E-02       5.52727087E-02       3.21152868E-02
   358.5000       5.15163319E-02       5.53652287E-02       3.21488414E-02
   358.6000       5.15019991E-02       5.54568128E-02       3.21826594E-02
   358.7000       5.14880501E-02       5.55514033E-02       3.22167636E-02
   358.8000       5.14744840E-02       5.56452926E-02       3.22511710E-02
   358.9000       5.14613010E-02       5.57405143E-02       3.22858932E-02
   359.0000       5.14485021E-02       5.58370624E-02       3.23209369E-02
   359.1000       5.14360897E-02       5.59349850E-02       3.23563042E-02
   359.2000       5.14240671E-02       5.60320072E-02       3.23919926E-02
   359.3000       5.14124381E-02       5.61301685E-02       3.24279959E-02
   359.4000       5.14012076E-02       5.62301228E-02       3.24643036E-02
   359.5000       5.13903810E-02       5.63303573E-02       3.25009021E-02
   359.6000       5.13799644E-02       5.64310720E-02       3.25377740E-02
   359.7000       5.13699644E-02       5.65324997E-02       3.25748993E-02
   359.8000       5.13603882E-02       5.66348199E-02       3.26122547E-02
   359.9000       5.13512432E-02       5.67373213E-02       3.26498144E-02
   360.0000       5.13425374E-02       5.68404839E-02       3.26875502E-02
   360.1000       5.13342789E-02       5.69447590E-02       3.27254317E-02
   360.2000       5.13264757E-02       5.70503969E-02       3.27634264E-02
   360.3000       5.13191363E-02       5.71556587E-02       3.28015006E-02
   360.4000       5.13122693E-02       5.72607670E-02       3.28396187E-02
   360.5000       5.13058831E-02       5.73673572E-02       3.28777444E-02
   360.6000       5.12999863E-02       5.74750658E-02       3.29158399E-02
   360.7000       5.12945875E-02       5.75820205E-02       3.29538671E-02
   360.8000       5.12896950E-02       5.76899154E-02       3.29917874E-02
   360.9000       5.12853175E-02       5.77996238E-02       3.30295618E-02
   361.0000       5.12814629E-02       5.79080723E-02       3.30671515E-02
   361.1000       5.12781392E-02       5.80175751E-02       3.31045179E-02
   361.2000       5.12753545E-02       5.81271305E-02       3.31416221E-02
   361.3000       5.12731163E-02       5.82373048E-02       3.31784263E-02
   361.4000       5.12714324E-02       5.83478829E-02       3.32148934E-02
   361.5000       5.12703097E-02       5.84604291E-02       3.32509872E-02
   361.6000       5.12697555E-02       5.85703736E-02       3.32866726E-02
   361.7000       5.12697762E-02       5.86829051E-02       3.33219154E-02
   361.8000       5.12703782E-02       5.87956458E-02       3.33566829E-02
   361.9000       5.12715674E-02       5.89088502E-02       3.33909442E-02
   362.0000       5.12733491E-02       5.90218696E-02       3.34246696E-02
   362.1000       5.12757287E-02       5.91343223E-02       3.34578312E-02
   362.2000       5.12787109E-02       5.92478003E-02       3.34904028E-02
   362.3000       5.12822998E-02       5.93625781E-02       3.35223598E-02
   362.4000       5.12864992E-02       5.94771940E-02       3.35536799E-02
   362.5000       5.12913124E-02       5.95903954E-02       3.35843426E-02
   362.6000       5.12967422E-02       5.97071335E-02       3.36143293E-02
   362.7000       5.13027905E-02       5.98212876E-02       3.36436237E-02
   362.8000       5.13094590E-02       5.99376923E-02       3.36722113E-02
   362.9000       5.13167483E-02       6.00529159E-02       3.37000799E-02
   363.0000       5.13246584E-02       6.01687401E-02       3.37272191E-02
   363.1000       5.13331884E-02       6.02857291E-02       3.37536203E-02
   363.2000       5.13423368E-02       6.04008281E-02       3.37792770E-02
   363.3000       5.13521014E-02       6.05170422E-02       3.38041842E-02
   363.4000       5.13624792E-02       6.06344557E-02       3.38283389E-02
   363.5000       5.13734664E-02       6.07505036E-02       3.38517397E-02
   363.6000       5.13850585E-02       6.08682548E-02       3.38743866E-02
   363.7000       5.13972502E-02       6.09846858E-02       3.38962809E-02
   363.8000       5.14100352E-02       6.11017048E-02       3.39174253E-02
   363.9000       5.14234068E-02       6.12181337E-02       3.39378232E-02
   364.0000       5.14373576E-02       6.13366008E-02       3.39574794E-02
   364.1000       5.14518795E-02       6.14534108E-02       3.39763992E-02
   364.2000       5.14669639E-02       6.15717139E-02       3.39945885E-02
   364.3000       5.14826014E-02       6.16898148E-02       3.40120535E-02
   364.4000       5.14987821E-02       6.18066284E-02       3.40288015E-02
   364.5000       5.15154958E-02       6.19238404E-02       3.40448398E-02
   364.6000       5.15327316E-02       6.20413078E-02       3.40601765E-02
   364.7000       5.15504782E-02       6.21595286E-02       3.40748198E-02
   364.8000       5.15687239E-02       6.22762256E-02       3.40887783E-02
   364.9000       5.15874568E-02       6.23926236E-02       3.41020611E-02
   365.0000       5.16066645E-02       6.25094679E-02       3.41146775E-02
   365.1000       5.16263347E-02       6.26273936E-02       3.41266380E-02
   365.2000       5.16464543E-02       6.27442083E-02       3.41379529E-02
   365.3000       5.16670100E-02       6.28612237E-02       3.41486334E-02
   365.4000       5.16879882E-02       6.29764758E-02       3.41586914E-02
   365.5000       5.17093754E-02       6.30938330E-02       3.41681394E-02
   365.6000       5.17311574E-02       6.32093365E-02       3.41769904E-02
   365.7000       5.17533200E-02       6.33260540E-02       3.41852584E-02
   365.8000       5.17758487E-02       6.34415700E-02       3.41929585E-02
   365.9000       5.17987287E-02       6.35570560E-02       3.42001062E-02
   366.0000       5.18219455E-02       6.36709200E-02       3.42067178E-02
   366.1000       5.18454846E-02       6.37864435E-02       3.42128101E-02
   366.2000       5.18693310E-02       6.38995249E-02       3.42184010E-02
   366.3000       5.18934700E-02       6.40142215E-02       3.42235088E-02
   366.4000       5.19178869E-02       6.41281093E-02       3.42281529E-02
   366.5000       5.19425668E-02       6.42419633E-02       3.42323530E-02
   366.6000       5.19674950E-02       6.43564246E-02       3.42361296E-02
   366.7000       5.19926567E-02       6.44698616E-02       3.42395035E-02
   366.8000       5.20180376E-02       6.45822897E-02       3.42424960E-02
   366.9000       5.20436233E-02       6.46948836E-02       3.42451289E-02
   367.0000       5.20693996E-02       6.48058017E-02       3.42474243E-02
   367.1000       5.20953531E-02       6.49180729E-02       3.42494045E-02
   367.2000       5.21214700E-02       6.50297450E-02       3.42510921E-02
   367.3000       5.21477370E-02       6.51413421E-02       3.42525100E-02
   367.4000       5.21741412E-02       6.52523431E-02       3.42536812E-02
   367.5000       5.22006700E-02       6.53622739E-02       3.42546285E-02
   367.6000       5.22273109E-02       6.54720634E-02       3.42553748E-02
   367.7000       5.22540516E-02       6.55813652E-02       3.42559426E-02
   367.8000       5.22808806E-02       6.56918905E-02       3.42563539E-02
   367.9000       5.23077868E-02       6.58006853E-02       3.42566306E-02
   368.0000       5.23347596E-02       6.59090729E-02       3.42567940E-02
   368.1000       5.23617889E-02       6.60174088E-02       3.42568650E-02
   368.2000       5.23888651E-02       6.61263821E-02       3.42568637E-02
   368.3000       5.24159787E-02       6.62333970E-02       3.42568096E-02
   368.4000       5.24431213E-02       6.63408221E-02       3.42567218E-02
   368.5000       5.24702849E-02       6.64486496E-02       3.42566183E-02
   368.6000       5.24974623E-02       6.65552501E-02       3.42565164E-02
   368.7000       5.25246468E-02       6.66619440E-02       3.42564328E-02
   368.8000       5.25518323E-02       6.67692923E-02       3.42563833E-02
   368.9000       5.25790134E-02       6.68744963E-02       3.42563831E-02
   369.0000       5.26061857E-02       6.69791399E-02       3.42564468E-02
   369.1000       5.26333447E-02       6.70848255E-02       3.42565879E-02
   369.2000       5.26604870E-02       6.71906189E-02       3.42568200E-02
   369.3000       5.26876099E-02       6.72952273E-02       3.42571555E-02
   369.4000       5.27147110E-02       6.74003100E-02       3.42576069E-02
   369.5000       5.27417886E-02       6.75035554E-02       3.42581858E-02
   369.6000       5.27688416E-02       6.76084129E-02       3.42589033E-02
   369.7000       5.27958689E-02       6.77121375E-02       3.42597699E-02
   369.8000       5.28228708E-02       6.78168511E-02       3.42607960E-02
   369.9000       5.28498473E-02       6.79197984E-02       3.42619913E-02
   370.0000       5.28767991E-02       6.80234720E-02       3.42633653E-02
   370.1000       5.29037274E-02       6.81271128E-02       3.42649266E-02
   370.2000       5.29306336E-02       6.82306102E-02       3.42666839E-02
   370.3000       5.29575194E-02       6.83346603E-02       3.42686451E-02
   370.4000       5.29843872E-02       6.84369655E-02       3.42708182E-02
   370.5000       5.30112397E-02       6.85389762E-02       3.42732102E-02
   370.6000       5.30380799E-02       6.86436682E-02       3.42758277E-02
   370.7000       5.30649113E-02       6.87462337E-02       3.42786767E-02
   370.8000       5.30917377E-02       6.88483697E-02       3.42817629E-02
   370.9000       5.31185631E-02       6.89507501E-02       3.42850910E-02
   371.0000       5.31453923E-02       6.90529997E-02       3.42886652E-02
   371.1000       5.31722299E-02       6.91556751E-02       3.42924894E-02
   371.2000       5.31990812E-02       6.92570178E-02       3.42965665E-02
   371.3000       5.32259516E-02       6.93599128E-02       3.43008987E-02
   371.4000       5.32528467E-02       6.94619717E-02       3.43054878E-02
   371.5000       5.32797729E-02       6.95636688E-02       3.43103345E-02
   371.6000       5.33067365E-02       6.96660029E-02       3.43154395E-02
   371.7000       5.33337445E-02       6.97675427E-02       3.43208024E-02
   371.8000       5.33608034E-02       6.98701122E-02       3.43264225E-02
   371.9000       5.33879204E-02       6.99726620E-02       3.43322984E-02
   372.0000       5.34151027E-02       7.00745264E-02       3.43384279E-02
   372.1000       5.34423576E-02       7.01751837E-02       3.43448086E-02
   372.2000       5.34696927E-02       7.02784527E-02       3.43514374E-02
   372.3000       5.34971155E-02       7.03800845E-02       3.43583109E-02
   372.4000       5.35246335E-02       7.04814042E-02       3.43654251E-02
   372.5000       5.35522546E-02       7.05837359E-02       3.43727754E-02
   372.6000       5.35799864E-02       7.06857949E-02       3.43803571E-02
   372.7000       5.36078365E-02       7.07862713E-02       3.43881650E-02
   372.8000       5.36358126E-02       7.08882753E-02       3.43961933E-02
   372.9000       5.36639223E-02       7.09892143E-02       3.44044363E-02
   373.0000       5.36921728E-02       7.10904580E-02       3.44128872E-02
   373.1000       5.37205713E-02       7.11938374E-02       3.44215393E-02
   373.2000       5.37491251E-02       7.12938578E-02       3.44303849E-02
   373.3000       5.37778411E-02       7.13947954E-02       3.44394161E-02
   373.4000       5.38067261E-02       7.14964548E-02       3.44486244E-02
   373.5000       5.38357869E-02       7.15974042E-02       3.44580005E-02
   373.6000       5.38650301E-02       7.16988142E-02       3.44675347E-02
   373.7000       5.38944623E-02       7.18007717E-02       3.44772165E-02
   373.8000       5.39240900E-02       7.19019326E-02       3.44870349E-02
   373.9000       5.39539195E-02       7.20030210E-02       3.44969781E-02
   374.0000       5.39839570E-02       7.21052759E-02       3.45070338E-02
   374.1000       5.40142088E-02       7.22069490E-02       3.45171891E-02
   374.2000       5.40446811E-02       7.23090566E-02       3.45274304E-02
   374.3000       5.40753801E-02       7.24104190E-02       3.45377438E-02
   374.4000       5.41063118E-02       7.25113163E-02       3.45481147E-02
   374.5000       5.41374822E-02       7.26135562E-02       3.45585283E-02
   374.6000       5.41688971E-02       7.27157653E-02       3.45689693E-02
   374.7000       5.42005624E-02       7.28176486E-02       3.45794220E-02
   374.8000       5.42324841E-02       7.29190209E-02       3.45898707E-02
   374.9000       5.42646682E-02       7.30207852E-02       3.46002994E-02
   375.0000       5.42971203E-02       7.31219393E-02       3.46106923E-02
   375.1000       5.43298464E-02       7.32239061E-02       3.46210332E-02
   375.2000       5.43628522E-02       7.33243302E-02       3.46313064E-02
   375.3000       5.43961436E-02       7.34261027E-02       3.46414965E-02
   375.4000       5.44297259E-02       7.35270840E-02       3.46515884E-02
   375.5000       5.44636048E-02       7.36295922E-02       3.46615676E-02
   375.6000       5.44977854E-02       7.37304518E-02       3.46714202E-02
   375.7000       5.45322725E-02       7.38314107E-02       3.46811330E-02
   375.8000       5.45670711E-02       7.39326817E-02       3.46906936E-02
   375.9000       5.46021856E-02       7.40337744E-02       3.47000904E-02
   376.0000       5.46376197E-02       7.41347223E-02       3.47093131E-02
   376.1000       5.46733774E-02       7.42365321E-02       3.47183526E-02
   376.2000       5.47094614E-02       7.43373574E-02       3.47272010E-02
   376.3000       5.47458745E-02       7.44381282E-02       3.47358516E-02
   376.4000       5.47826188E-02       7.45381313E-02       3.47442992E-02
   376.5000       5.48196955E-02       7.46402915E-02       3.47525400E-02
   376.6000       5.48571054E-02       7.47416930E-02       3.47605716E-02
   376.7000       5.48948485E-02       7.48423677E-02       3.47683930E-02
   376.8000       5.49329238E-02       7.49435799E-02       3.47760046E-02
   376.9000       5.49713302E-02       7.50439321E-02       3.47834082E-02
   377.0000       5.50100656E-02       7.51446912E-02       3.47906069E-02
   377.1000       5.50491272E-02       7.52464288E-02       3.47976051E-02
   377.2000       5.50885117E-02       7.53472267E-02       3.48044084E-02
   377.3000       5.51282150E-02       7.54482830E-02       3.48110236E-02
   377.4000       5.51682321E-02       7.55484692E-02       3.48174585E-02
   377.5000       5.52085576E-02       7.56491831E-02       3.48237220E-02
   377.6000       5.52491851E-02       7.57495868E-02       3.48298238E-02
   377.7000       5.52901080E-02       7.58503818E-02       3.48357747E-02
   377.8000       5.53313191E-02       7.59496731E-02       3.48415860E-02
   377.9000       5.53728104E-02       7.60504126E-02       3.48472698E-02
   378.0000       5.54145736E-02       7.61496314E-02       3.48528388E-02
   378.1000       5.54565997E-02       7.62499258E-02       3.48583061E-02
   378.2000       5.54988794E-02       7.63484316E-02       3.48636852E-02
   378.3000       5.55414028E-02       7.64475552E-02       3.48689895E-02
   378.4000       5.55841598E-02       7.65478974E-02       3.48742326E-02
   378.5000       5.56271396E-02       7.66465811E-02       3.48794282E-02
   378.6000       5.56703313E-02       7.67445424E-02       3.48845896E-02
   378.7000       5.57137237E-02       7.68426407E-02       3.48897298E-02
   378.8000       5.57573049E-02       7.69420250E-02       3.48948612E-02
   378.9000       5.58010632E-02       7.70395555E-02       3.48999958E-02
   379.0000       5.58449864E-02       7.71369107E-02       3.49051449E-02
   379.1000       5.58890625E-02       7.72348648E-02       3.49103189E-02
   379.2000       5.59332793E-02       7.73305589E-02       3.49155276E-02
   379.3000       5.59776245E-02       7.74287886E-02       3.49207796E-02
   379.4000       5.60220858E-02       7.75244706E-02       3.49260830E-02
   379.5000       5.60666512E-02       7.76214993E-02       3.49314445E-02
   379.6000       5.61113086E-02       7.77173900E-02       3.49368702E-02
   379.7000       5.61560465E-02       7.78121853E-02       3.49423652E-02
   379.8000       5.62008531E-02       7.79082942E-02       3.49479334E-02
   379.9000       5.62457170E-02       7.80024475E-02       3.49535782E-02
   380.0000       5.62906270E-02       7.80970448E-02       3.49593017E-02
   380.1000       5.63355725E-02       7.81911917E-02       3.49651057E-02
   380.2000       5.63805428E-02       7.82864856E-02       3.49709909E-02
   380.3000       5.64255279E-02       7.83803451E-02       3.49769574E-02
   380.4000       5.64705182E-02       7.84730864E-02       3.49830049E-02
   380.5000       5.65155041E-02       7.85676940E-02       3.49891322E-02
   380.6000       5.65604762E-02       7.86601244E-02       3.49953380E-02
   380.7000       5.66054260E-02       7.87528239E-02       3.50016205E-02
   380.8000       5.66503448E-02       7.88453291E-02       3.50079774E-02
   380.9000       5.66952248E-02       7.89374585E-02       3.50144061E-02
   381.0000       5.67400582E-02       7.90293859E-02       3.50209040E-02
   381.1000       5.67848373E-02       7.91218842E-02       3.50274681E-02
   381.2000       5.68295549E-02       7.92135246E-02       3.50340952E-02
   381.3000       5.68742040E-02       7.93035468E-02       3.50407819E-02
   381.4000       5.69187780E-02       7.93960674E-02       3.50475250E-02
   381.5000       5.69632707E-02       7.94854174E-02       3.50543208E-02
   381.6000       5.70076757E-02       7.95763292E-02       3.50611655E-02
   381.7000       5.70519876E-02       7.96657471E-02       3.50680553E-02
   381.8000       5.70962006E-02       7.97561511E-02       3.50749861E-02
   381.9000       5.71403097E-02       7.98451126E-02       3.50819537E-02
   382.0000       5.71843102E-02       7.99338955E-02       3.50889538E-02
   382.1000       5.72281975E-02       8.00218525E-02       3.50959817E-02
   382.2000       5.72719675E-02       8.01094497E-02       3.51030324E-02
   382.3000       5.73156157E-02       8.01969313E-02       3.51101009E-02
   382.4000       5.73591387E-02       8.02846130E-02       3.51171814E-02
   382.5000       5.74025331E-02       8.03718213E-02       3.51242682E-02
   382.6000       5.74457955E-02       8.04575894E-02       3.51313550E-02
   382.7000       5.74889231E-02       8.05432256E-02       3.51384352E-02
   382.8000       5.75319135E-02       8.06281058E-02       3.51455019E-02
   382.9000       5.75747648E-02       8.07125289E-02       3.51525477E-02
   383.0000       5.76174752E-02       8.07963800E-02       3.51595647E-02
   383.1000       5.76600435E-02       8.08804417E-02       3.51665450E-02
   383.2000       5.77024684E-02       8.09644930E-02       3.51734801E-02
   383.3000       5.77447490E-02       8.10466880E-02       3.51803616E-02
   383.4000       5.77868848E-02       8.11290008E-02       3.51871805E-02
   383.5000       5.78288754E-02       8.12109570E-02       3.51939283E-02
   383.6000       5.78707206E-02       8.12921636E-02       3.52005963E-02
   383.7000       5.79124201E-02       8.13739092E-02       3.52071757E-02
   383.8000       5.79539742E-02       8.14537774E-02       3.52136582E-02
   383.9000       5.79953825E-02       8.15326684E-02       3.52200355E-02
   384.0000       5.80366449E-02       8.16125243E-02       3.52262997E-02
   384.1000       5.80777615E-02       8.16912664E-02       3.52324434E-02
   384.2000       5.81187317E-02       8.17694898E-02       3.52384595E-02
   384.3000       5.81595547E-02       8.18467499E-02       3.52443412E-02
   384.4000       5.82002297E-02       8.19237868E-02       3.52500822E-02
   384.5000       5.82407557E-02       8.20000898E-02       3.52556766E-02
   384.6000       5.82811310E-02       8.20759456E-02       3.52611188E-02
   384.7000       5.83213541E-02       8.21514437E-02       3.52664036E-02
   384.8000       5.83614229E-02       8.22262680E-02       3.52715260E-02
   384.9000       5.84013350E-02       8.23002379E-02       3.52764812E-02
   385.0000       5.84410878E-02       8.23735837E-02       3.52812644E-02
   385.1000       5.84806783E-02       8.24471755E-02       3.52858713E-02
   385.2000       5.85201033E-02       8.25205460E-02       3.52902974E-02
   385.3000       5.85593593E-02       8.25921920E-02       3.52945388E-02
   385.4000       5.85984423E-02       8.26630096E-02       3.52985916E-02
   385.5000       5.86373485E-02       8.27349571E-02       3.53024521E-02
   385.6000       5.86760735E-02       8.28056732E-02       3.53061172E-02
   385.7000       5.87146125E-02       8.28743013E-02       3.53095837E-02
   385.8000       5.87529608E-02       8.29445283E-02       3.53128493E-02
   385.9000       5.87911132E-02       8.30134177E-02       3.53159120E-02
   386.0000       5.88290644E-02       8.30810615E-02       3.53187707E-02
   386.1000       5.88668086E-02       8.31473442E-02       3.53214250E-02
   386.2000       5.89043399E-02       8.32150744E-02       3.53238754E-02
   386.3000       5.89416520E-02       8.32817252E-02       3.53261230E-02
   386.4000       5.89787380E-02       8.33469767E-02       3.53281704E-02
   386.5000       5.90155906E-02       8.34114642E-02       3.53300209E-02
   386.6000       5.90522024E-02       8.34756346E-02       3.53316795E-02
   386.7000       5.90885656E-02       8.35386590E-02       3.53331521E-02
   386.8000       5.91246718E-02       8.35998349E-02       3.53344457E-02
   386.9000       5.91605126E-02       8.36627329E-02       3.53355688E-02
   387.0000       5.91960794E-02       8.37216981E-02       3.53365309E-02
   387.1000       5.92313630E-02       8.37803246E-02       3.53373426E-02
   387.2000       5.92663542E-02       8.38389093E-02       3.53380156E-02
   387.3000       5.93010437E-02       8.38952617E-02       3.53385625E-02
   387.4000       5.93354223E-02       8.39502022E-02       3.53389967E-02
   387.5000       5.93694805E-02       8.40040608E-02       3.53393325E-02
   387.6000       5.94032088E-02       8.40563235E-02       3.53395847E-02
   387.7000       5.94365980E-02       8.41070393E-02       3.53397685E-02
   387.8000       5.94696386E-02       8.41580658E-02       3.53398995E-02
   387.9000       5.95023215E-02       8.42042524E-02       3.53399936E-02
   388.0000       5.95346374E-02       8.42511939E-02       3.53400668E-02
   388.1000       5.95665776E-02       8.42962042E-02       3.53401352E-02
   388.2000       5.95981331E-02       8.43401298E-02       3.53402146E-02
   388.3000       5.96292957E-02       8.43822681E-02       3.53403209E-02
   388.4000       5.96600568E-02       8.44224348E-02       3.53404700E-02
   388.5000       5.96904083E-02       8.44612099E-02       3.53406775E-02
   388.6000       5.97203421E-02       8.44994121E-02       3.53409585E-02
   388.7000       5.97498505E-02       8.45342469E-02       3.53413283E-02
   388.8000       5.97789258E-02       8.45692855E-02       3.53418016E-02
   388.9000       5.98075607E-02       8.46018620E-02       3.53423930E-02
   389.0000       5.98357481E-02       8.46333448E-02       3.53431170E-02
   389.1000       5.98634809E-02       8.46622268E-02       3.53439875E-02
   389.2000       5.98907521E-02       8.46904572E-02       3.53450182E-02
   389.3000       5.99175552E-02       8.47170982E-02       3.53462226E-02
   389.4000       5.99438835E-02       8.47412777E-02       3.53476138E-02
   389.5000       5.99697305E-02       8.47643750E-02       3.53492044E-02
   389.6000       5.99950899E-02       8.47863543E-02       3.53510070E-02
   389.7000       6.00199554E-02       8.48057908E-02       3.53530333E-02
   389.8000       6.00443210E-02       8.48237180E-02       3.53552949E-02
   389.9000       6.00681806E-02       8.48402056E-02       3.53578027E-02
   390.0000       6.00915285E-02       8.48554637E-02       3.53605670E-02
   390.1000       6.01143585E-02       8.48680266E-02       3.53635975E-02
   390.2000       6.01366649E-02       8.48799247E-02       3.53669031E-02
   390.3000       6.01584418E-02       8.48896289E-02       3.53704919E-02
   390.4000       6.01796838E-02       8.48981892E-02       3.53743710E-02
   390.5000       6.02003852E-02       8.49046001E-02       3.53785467E-02
   390.6000       6.02205405E-02       8.49104174E-02       3.53830240E-02
   390.7000       6.02401442E-02       8.49147553E-02       3.53878067E-02
   390.8000       6.02591915E-02       8.49167700E-02       3.53928976E-02
   390.9000       6.02776775E-02       8.49175430E-02       3.53982983E-02
   391.0000       6.02955974E-02       8.49175947E-02       3.54040087E-02
   391.1000       6.03129471E-02       8.49149331E-02       3.54100278E-02
   391.2000       6.03297224E-02       8.49114630E-02       3.54163532E-02
   391.3000       6.03459199E-02       8.49071104E-02       3.54229809E-02
   391.4000       6.03615365E-02       8.49008608E-02       3.54299059E-02
   391.5000       6.03765695E-02       8.48929476E-02       3.54371218E-02
   391.6000       6.03910166E-02       8.48834153E-02       3.54446211E-02
   391.7000       6.04048766E-02       8.48725687E-02       3.54523951E-02
   391.8000       6.04181480E-02       8.48609498E-02       3.54604340E-02
   391.9000       6.04308303E-02       8.48467228E-02       3.54687270E-02
   392.0000       6.04429235E-02       8.48321222E-02       3.54772623E-02
   392.1000       6.04544280E-02       8.48144745E-02       3.54860272E-02
   392.2000       6.04653444E-02       8.47966207E-02       3.54950081E-02
   392.3000       6.04756742E-02       8.47777827E-02       3.55041905E-02
   392.4000       6.04854192E-02       8.47564522E-02       3.55135596E-02
   392.5000       6.04945815E-02       8.47340409E-02       3.55230998E-02
   392.6000       6.05031641E-02       8.47097129E-02       3.55327947E-02
   392.7000       6.05111694E-02       8.46842290E-02       3.55426279E-02
   392.8000       6.05186008E-02       8.46580657E-02       3.55525820E-02
   392.9000       6.05254622E-02       8.46293286E-02       3.55626396E-02
   393.0000       6.05317577E-02       8.45999997E-02       3.55727832E-02
   393.1000       6.05374918E-02       8.45687456E-02       3.55829949E-02
   393.2000       6.05426696E-02       8.45354698E-02       3.55932568E-02
   393.3000       6.05472963E-02       8.45024774E-02       3.56035511E-02
   393.4000       6.05513773E-02       8.44661404E-02       3.56138600E-02
   393.5000       6.05549187E-02       8.44296981E-02       3.56241659E-02
   393.6000       6.05579267E-02       8.43904973E-02       3.56344516E-02
   393.7000       6.05604081E-02       8.43505824E-02       3.56447002E-02
   393.8000       6.05623698E-02       8.43081929E-02       3.56548952E-02
   393.9000       6.05638188E-02       8.42653183E-02       3.56650205E-02
   394.0000       6.05647622E-02       8.42208503E-02       3.56750610E-02
   394.1000       6.05652074E-02       8.41748953E-02       3.56850016E-02
   394.2000       6.05651618E-02       8.41276453E-02       3.56948284E-02
   394.3000       6.05646326E-02       8.40790478E-02       3.57045280E-02
   394.4000       6.05636270E-02       8.40280057E-02       3.57140877E-02
   394.5000       6.05621523E-02       8.39763688E-02       3.57234959E-02
   394.6000       6.05602151E-02       8.39236376E-02       3.57327417E-02
   394.7000       6.05578226E-02       8.38685907E-02       3.57418149E-02
   394.8000       6.05549812E-02       8.38130097E-02       3.57507064E-02
   394.9000       6.05516973E-02       8.37562127E-02       3.57594077E-02
   395.0000       6.05479772E-02       8.36969454E-02       3.57679113E-02
   395.1000       6.05438265E-02       8.36363750E-02       3.57762105E-02
   395.2000       6.05392508E-02       8.35759622E-02       3.57842996E-02
   395.3000       6.05342552E-02       8.35120681E-02       3.57921736E-02
   395.4000       6.05288444E-02       8.34477159E-02       3.57998283E-02
   395.5000       6.05230228E-02       8.33818651E-02       3.58072605E-02
   395.6000       6.05167944E-02       8.33153098E-02       3.58144674E-02
   395.7000       6.05101631E-02       8.32463188E-02       3.58214474E-02
   395.8000       6.05031316E-02       8.31759225E-02       3.58281995E-02
   395.9000       6.04957027E-02       8.31050466E-02       3.58347230E-02
   396.0000       6.04878785E-02       8.30317417E-02       3.58410184E-02
   396.1000       6.04796605E-02       8.29583730E-02       3.58470862E-02
   396.2000       6.04710499E-02       8.28822220E-02       3.58529276E-02
   396.3000       6.04620471E-02       8.28054361E-02       3.58585438E-02
   396.4000       6.04526522E-02       8.27273269E-02       3.58639366E-02
   396.5000       6.04428646E-02       8.26480741E-02       3.58691076E-02
   396.6000       6.04326834E-02       8.25674538E-02       3.58740585E-02
   396.7000       6.04221069E-02       8.24850826E-02       3.58787910E-02
   396.8000       6.04111333E-02       8.24019659E-02       3.58833063E-02
   396.9000       6.03997604E-02       8.23175983E-02       3.58876055E-02
   397.0000       6.03879859E-02       8.22316583E-02       3.58916892E-02
   397.1000       6.03758069E-02       8.21449441E-02       3.58955574E-02
   397.2000       6.03632206E-02       8.20567472E-02       3.58992096E-02
   397.3000       6.03502238E-02       8.19677639E-02       3.59026446E-02
   397.4000       6.03368134E-02       8.18772699E-02       3.59058607E-02
   397.5000       6.03229862E-02       8.17851186E-02       3.59088551E-02
   397.6000       6.03087388E-02       8.16919899E-02       3.59116245E-02
   397.7000       6.02940682E-02       8.15975363E-02       3.59141651E-02
   397.8000       6.02789714E-02       8.15029184E-02       3.59164720E-02
   397.9000       6.02634457E-02       8.14060361E-02       3.59185400E-02
   398.0000       6.02474887E-02       8.13089197E-02       3.59203634E-02
   398.1000       6.02310980E-02       8.12091408E-02       3.59219355E-02
   398.2000       6.02142717E-02       8.11092239E-02       3.59232496E-02
   398.3000       6.01970084E-02       8.10078010E-02       3.59242987E-02
   398.4000       6.01793067E-02       8.09047263E-02       3.59250752E-02
   398.5000       6.01611662E-02       8.08002077E-02       3.59255716E-02
   398.6000       6.01425865E-02       8.06947231E-02       3.59257805E-02
   398.7000       6.01235682E-02       8.05876644E-02       3.59256943E-02
   398.8000       6.01041118E-02       8.04799447E-02       3.59253057E-02
   398.9000       6.00842186E-02       8.03698005E-02       3.59246078E-02
   399.0000       6.00638905E-02       8.02592273E-02       3.59235938E-02
   399.1000       6.00431297E-02       8.01464572E-02       3.59222574E-02
   399.2000       6.00219390E-02       8.00330670E-02       3.59205931E-02
   399.3000       6.00003214E-02       7.99170856E-02       3.59185959E-02
   399.4000       5.99782804E-02       7.98007686E-02       3.59162614E-02
   399.5000       5.99558204E-02       7.96831041E-02       3.59135864E-02
   399.6000       5.99329457E-02       7.95635522E-02       3.59105684E-02
   399.7000       5.99096609E-02       7.94433792E-02       3.59072062E-02
   399.8000       5.98859709E-02       7.93207499E-02       3.59034996E-02
   399.9000       5.98618805E-02       7.91976898E-02       3.58994494E-02
   400.0000       5.98373946E-02       7.90730718E-02       3.58950578E-02
   400.1000       5.98125184E-02       7.89470668E-02       3.58903283E-02
   400.2000       5.97872566E-02       7.88201143E-02       3.58852655E-02
   400.3000       5.97616139E-02       7.86921480E-02       3.58798756E-02
   400.4000       5.97355947E-02       7.85630185E-02       3.58741658E-02
   400.5000       5.97092033E-02       7.84320491E-02       3.58681446E-02
   400.6000       5.96824439E-02       7.83005877E-02       3.58618217E-02
   400.7000       5.96553200E-02       7.81675808E-02       3.58552078E-02
   400.8000       5.96278354E-02       7.80339594E-02       3.58483147E-02
   400.9000       5.95999935E-02       7.78986323E-02       3.58411549E-02
   401.0000       5.95717972E-02       7.77622932E-02       3.58337418E-02
   401.1000       5.95432493E-02       7.76251075E-02       3.58260894E-02
   401.2000       5.95143522E-02       7.74868713E-02       3.58182118E-02
   401.3000       5.94851084E-02       7.73468758E-02       3.58101236E-02
   401.4000       5.94555199E-02       7.72071951E-02       3.58018396E-02
   401.5000       5.94255889E-02       7.70655939E-02       3.57933744E-02
   401.6000       5.93953173E-02       7.69233603E-02       3.57847423E-02
   401.7000       5.93647070E-02       7.67799780E-02       3.57759574E-02
   401.8000       5.93337600E-02       7.66358439E-02       3.57670332E-02
   401.9000       5.93024784E-02       7.64905492E-02       3.57579824E-02
   402.0000       5.92708644E-02       7.63445638E-02       3.57488172E-02
   402.1000       5.92389204E-02       7.61977954E-02       3.57395487E-02
   402.2000       5.92066490E-02       7.60504847E-02       3.57301870E-02
   402.3000       5.91740529E-02       7.59019042E-02       3.57207412E-02
   402.4000       5.91411356E-02       7.57530040E-02       3.57112193E-02
   402.5000       5.91079004E-02       7.56029420E-02       3.57016281E-02
   402.6000       5.90743513E-02       7.54526050E-02       3.56919733E-02
   402.7000       5.90404926E-02       7.53010649E-02       3.56822595E-02
   402.8000       5.90063290E-02       7.51495292E-02       3.56724902E-02
   402.9000       5.89718655E-02       7.49972530E-02       3.56626678E-02
   403.0000       5.89371074E-02       7.48442744E-02       3.56527938E-02
   403.1000       5.89020605E-02       7.46909283E-02       3.56428689E-02
   403.2000       5.88667311E-02       7.45367970E-02       3.56328928E-02
   403.3000       5.88311257E-02       7.43829495E-02       3.56228649E-02
   403.4000       5.87952509E-02       7.42280149E-02       3.56127840E-02
   403.5000       5.87591139E-02       7.40724251E-02       3.56026485E-02
   403.6000       5.87227218E-02       7.39171703E-02       3.55924567E-02
   403.7000       5.86860820E-02       7.37617412E-02       3.55822067E-02
   403.8000       5.86492020E-02       7.36054535E-02       3.55718968E-02
   403.9000       5.86120894E-02       7.34495521E-02       3.55615254E-02
   404.0000       5.85747517E-02       7.32929350E-02       3.55510910E-02
   404.1000       5.85371964E-02       7.31365834E-02       3.55405928E-02
   404.2000       5.84994311E-02       7.29794041E-02       3.55300303E-02
   404.3000       5.84614635E-02       7.28223813E-02       3.55194038E-02
   404.4000       5.84233010E-02       7.26655614E-02       3.55087140E-02
   404.5000       5.83849510E-02       7.25081372E-02       3.54979627E-02
   404.6000       5.83464206E-02       7.23507565E-02       3.54871523E-02
   404.7000       5.83077170E-02       7.21932445E-02       3.54762862E-02
   404.8000       5.82688470E-02       7.20357847E-02       3.54653685E-02
   404.9000       5.82298171E-02       7.18778685E-02       3.54544044E-02
   405.0000       5.81906336E-02       7.17207014E-02       3.54433997E-02
   405.1000       5.81513024E-02       7.15631870E-02       3.54323616E-02
   405.2000       5.81118294E-02       7.14055225E-02       3.54212977E-02
   405.3000       5.80722201E-02       7.12482166E-02       3.54102167E-02
   405.4000       5.80324796E-02       7.10909214E-02       3.53991280E-02
   405.5000       5.79926127E-02       7.09332327E-02       3.53880418E-02
   405.6000       5.79526241E-02       7.07765148E-02       3.53769687E-02
   405.7000       5.79125180E-02       7.06196531E-02       3.53659200E-02
   405.8000       5.78722986E-02       7.04622535E-02       3.53549073E-02
   405.9000       5.78319695E-02       7.03056756E-02       3.53439423E-02
   406.0000       5.77915343E-02       7.01490671E-02       3.53330372E-02
   406.1000       5.77509964E-02       6.99929533E-02       3.53222038E-02
   406.2000       5.77103592E-02       6.98367074E-02       3.53114538E-02
   406.3000       5.76696259E-02       6.96806492E-02       3.53007987E-02
   406.4000       5.76287996E-02       6.95252403E-02       3.52902498E-02
   406.5000       5.75878835E-02       6.93697065E-02       3.52798176E-02
   406.6000       5.75468808E-02       6.92146592E-02       3.52695124E-02
   406.7000       5.75057948E-02       6.90596368E-02       3.52593437E-02
   406.8000       5.74646287E-02       6.89046641E-02       3.52493203E-02
   406.9000       5.74233861E-02       6.87501166E-02       3.52394505E-02
   407.0000       5.73820705E-02       6.85960560E-02       3.52297415E-02
   407.1000       5.73406857E-02       6.84419734E-02       3.52202001E-02
   407.2000       5.72992356E-02       6.82887929E-02       3.52108324E-02
   407.3000       5.72577242E-02       6.81355095E-02       3.52016437E-02
   407.4000       5.72161556E-02       6.79828518E-02       3.51926389E-02
   407.5000       5.71745339E-02       6.78305201E-02       3.51838222E-02
   407.6000       5.71328634E-02       6.76780800E-02       3.51751975E-02
   407.7000       5.70911486E-02       6.75262652E-02       3.51667684E-02
   407.8000       5.70493938E-02       6.73750217E-02       3.51585381E-02
   407.9000       5.70076033E-02       6.72238632E-02       3.51505095E-02
   408.0000       5.69657817E-02       6.70735277E-02       3.51426854E-02
   408.1000       5.69239333E-02       6.69230230E-02       3.51350686E-02
   408.2000       5.68820628E-02       6.67731362E-02       3.51276618E-02
   408.3000       5.68401746E-02       6.66238591E-02       3.51204678E-02
   408.4000       5.67982732E-02       6.64747983E-02       3.51134893E-02
   408.5000       5.67563630E-02       6.63261044E-02       3.51067293E-02
   408.6000       5.67144483E-02       6.61779216E-02       3.51001910E-02
   408.7000       5.66725334E-02       6.60300011E-02       3.50938778E-02
   408.8000       5.66306227E-02       6.58826588E-02       3.50877931E-02
   408.9000       5.65887202E-02       6.57357181E-02       3.50819410E-02
   409.0000       5.65468300E-02       6.55895335E-02       3.50763255E-02
   409.1000       5.65049559E-02       6.54435658E-02       3.50709510E-02
   409.2000       5.64631018E-02       6.52984280E-02       3.50658221E-02
   409.3000       5.64212712E-02       6.51536848E-02       3.50609435E-02
   409.4000       5.63794679E-02       6.50093380E-02       3.50563202E-02
   409.5000       5.63376954E-02       6.48656122E-02       3.50519571E-02
   409.6000       5.62959573E-02       6.47225304E-02       3.50478591E-02
   409.7000       5.62542570E-02       6.45800514E-02       3.50440312E-02
   409.8000       5.62125981E-02       6.44383686E-02       3.50404780E-02
   409.9000       5.61709841E-02       6.42973849E-02       3.50372041E-02
   410.0000       5.61294185E-02       6.41567489E-02       3.50342136E-02
   410.1000       5.60879049E-02       6.40170436E-02       3.50315102E-02
   410.2000       5.60464473E-02       6.38777588E-02       3.50290972E-02
   410.3000       5.60050496E-02       6.37394659E-02       3.50269775E-02
   410.4000       5.59637160E-02       6.36017077E-02       3.50251531E-02
   410.5000       5.59224506E-02       6.34648464E-02       3.50236257E-02
   410.6000       5.58812580E-02       6.33284930E-02       3.50223961E-02
   410.7000       5.58401427E-02       6.31930248E-02       3.50214646E-02
   410.8000       5.57991093E-02       6.30584030E-02       3.50208310E-02
   410.9000       5.57581629E-02       6.29246497E-02       3.50204945E-02
   411.0000       5.57173083E-02       6.27914410E-02       3.50204538E-02
   411.1000       5.56765507E-02       6.26594210E-02       3.50207071E-02
   411.2000       5.56358953E-02       6.25277933E-02       3.50212525E-02
   411.3000       5.55953471E-02       6.23975271E-02       3.50220874E-02
   411.4000       5.55549115E-02       6.22679448E-02       3.50232092E-02
   411.5000       5.55145937E-02       6.21394304E-02       3.50246151E-02
   411.6000       5.54743991E-02       6.20115272E-02       3.50263020E-02
   411.7000       5.54343331E-02       6.18846063E-02       3.50282671E-02
   411.8000       5.53944008E-02       6.17589402E-02       3.50305072E-02
   411.9000       5.53546073E-02       6.16340825E-02       3.50330193E-02
   412.0000       5.53149581E-02       6.15100791E-02       3.50358004E-02
   412.1000       5.52754581E-02       6.13873167E-02       3.50388476E-02
   412.2000       5.52361121E-02       6.12652804E-02       3.50421580E-02
   412.3000       5.51969253E-02       6.11443949E-02       3.50457292E-02
   412.4000       5.51579022E-02       6.10246169E-02       3.50495587E-02
   412.5000       5.51190476E-02       6.09058540E-02       3.50536443E-02
   412.6000       5.50803658E-02       6.07879984E-02       3.50579840E-02
   412.7000       5.50418611E-02       6.06714349E-02       3.50625759E-02
   412.8000       5.50035377E-02       6.05556135E-02       3.50674184E-02
   412.9000       5.49653995E-02       6.04412283E-02       3.50725101E-02
   413.0000       5.49274502E-02       6.03275481E-02       3.50778498E-02
   413.1000       5.48896934E-02       6.02153114E-02       3.50834363E-02
   413.2000       5.48521324E-02       6.01038301E-02       3.50892689E-02
   413.3000       5.48147707E-02       5.99935102E-02       3.50953466E-02
   413.4000       5.47776112E-02       5.98842424E-02       3.51016689E-02
   413.5000       5.47406571E-02       5.97760388E-02       3.51082355E-02
   413.6000       5.47039112E-02       5.96690752E-02       3.51150460E-02
   413.7000       5.46673761E-02       5.95629036E-02       3.51221000E-02
   413.8000       5.46310543E-02       5.94580432E-02       3.51293975E-02
   413.9000       5.45949481E-02       5.93539963E-02       3.51369381E-02
   414.0000       5.45590599E-02       5.92510745E-02       3.51447217E-02
   414.1000       5.45233917E-02       5.91493486E-02       3.51527478E-02
   414.2000       5.44879454E-02       5.90487486E-02       3.51610162E-02
   414.3000       5.44527228E-02       5.89491679E-02       3.51695262E-02
   414.4000       5.44177254E-02       5.88506397E-02       3.51782770E-02
   414.5000       5.43829548E-02       5.87532997E-02       3.51872678E-02
   414.6000       5.43484123E-02       5.86569210E-02       3.51964973E-02
   414.7000       5.43140994E-02       5.85616571E-02       3.52059643E-02
   414.8000       5.42800172E-02       5.84674054E-02       3.52156669E-02
   414.9000       5.42461666E-02       5.83743627E-02       3.52256033E-02
   415.0000       5.42125490E-02       5.82822212E-02       3.52357711E-02
   415.1000       5.41791652E-02       5.81911601E-02       3.52461677E-02
   415.2000       5.41460163E-02       5.81013854E-02       3.52567904E-02
   415.3000       5.41131030E-02       5.80124434E-02       3.52676357E-02
   415.4000       5.40804264E-02       5.79248009E-02       3.52787001E-02
   415.5000       5.40479871E-02       5.78381416E-02       3.52899797E-02
   415.6000       5.40157861E-02       5.77524528E-02       3.53014704E-02
   415.7000       5.39838241E-02       5.76677802E-02       3.53131677E-02
   415.8000       5.39521022E-02       5.75844194E-02       3.53250670E-02
   415.9000       5.39206210E-02       5.75020267E-02       3.53371635E-02
   416.0000       5.38893815E-02       5.74206137E-02       3.53494522E-02
   416.1000       5.38583849E-02       5.73403516E-02       3.53619280E-02
   416.2000       5.38276320E-02       5.72610901E-02       3.53745857E-02
   416.3000       5.37971240E-02       5.71828109E-02       3.53874200E-02
   416.4000       5.37668620E-02       5.71056437E-02       3.54004255E-02
   416.5000       5.37368477E-02       5.70295913E-02       3.54135971E-02
   416.6000       5.37070823E-02       5.69542990E-02       3.54269293E-02
   416.7000       5.36775676E-02       5.68802119E-02       3.54404171E-02
   416.8000       5.36483052E-02       5.68070200E-02       3.54540552E-02
   416.9000       5.36192970E-02       5.67349196E-02       3.54678386E-02
   417.0000       5.35905453E-02       5.66638465E-02       3.54817623E-02
   417.1000       5.35620520E-02       5.65937829E-02       3.54958214E-02
   417.2000       5.35338198E-02       5.65247487E-02       3.55100112E-02
   417.3000       5.35058512E-02       5.64566427E-02       3.55243272E-02
   417.4000       5.34781489E-02       5.63894807E-02       3.55387649E-02
   417.5000       5.34507158E-02       5.63234753E-02       3.55533199E-02
   417.6000       5.34235551E-02       5.62583164E-02       3.55679881E-02
   417.7000       5.33966699E-02       5.61942043E-02       3.55827652E-02
   417.8000       5.33700638E-02       5.61310957E-02       3.55976475E-02
   417.9000       5.33437402E-02       5.60689422E-02       3.56126309E-02
   418.0000       5.33177029E-02       5.60078591E-02       3.56277117E-02
   418.1000       5.32919557E-02       5.59477119E-02       3.56428862E-02
   418.2000       5.32665026E-02       5.58886083E-02       3.56581509E-02
   418.3000       5.32413476E-02       5.58303962E-02       3.56735022E-02
   418.4000       5.32164948E-02       5.57732781E-02       3.56889365E-02
   418.5000       5.31919483E-02       5.57171452E-02       3.57044505E-02
   418.6000       5.31677125E-02       5.56619152E-02       3.57200407E-02
   418.7000       5.31437916E-02       5.56078602E-02       3.57357038E-02
   418.8000       5.31201898E-02       5.55548053E-02       3.57514364E-02
   418.9000       5.30969114E-02       5.55025293E-02       3.57672350E-02
   419.0000       5.30739608E-02       5.54513848E-02       3.57830963E-02
   419.1000       5.30513423E-02       5.54013821E-02       3.57990170E-02
   419.2000       5.30290599E-02       5.53521200E-02       3.58149935E-02
   419.3000       5.30071178E-02       5.53039271E-02       3.58310226E-02
   419.4000       5.29855200E-02       5.52568725E-02       3.58471006E-02
   419.5000       5.29642705E-02       5.52106227E-02       3.58632242E-02
   419.6000       5.29433732E-02       5.51655073E-02       3.58793898E-02
   419.7000       5.29228320E-02       5.51212488E-02       3.58955937E-02
   419.8000       5.29026505E-02       5.50780452E-02       3.59118325E-02
   419.9000       5.28828324E-02       5.50358065E-02       3.59281023E-02
   420.0000       5.28633813E-02       5.49944633E-02       3.59443995E-02
   420.1000       5.28443006E-02       5.49541492E-02       3.59607203E-02
   420.2000       5.28255936E-02       5.49147742E-02       3.59770609E-02
   420.3000       5.28072636E-02       5.48763644E-02       3.59934174E-02
   420.4000       5.27893134E-02       5.48388919E-02       3.60097859E-02
   420.5000       5.27717463E-02       5.48024320E-02       3.60261623E-02
   420.6000       5.27545648E-02       5.47669347E-02       3.60425427E-02
   420.7000       5.27377716E-02       5.47323788E-02       3.60589229E-02
   420.8000       5.27213690E-02       5.46988687E-02       3.60752985E-02
   420.9000       5.27053594E-02       5.46662762E-02       3.60916656E-02
   421.0000       5.26897446E-02       5.46347353E-02       3.61080200E-02
   421.1000       5.26745267E-02       5.46040718E-02       3.61243576E-02
   421.2000       5.26597073E-02       5.45743395E-02       3.61406742E-02
   421.3000       5.26452879E-02       5.45456412E-02       3.61569659E-02
   421.4000       5.26312698E-02       5.45178654E-02       3.61732285E-02
   421.5000       5.26176542E-02       5.44910548E-02       3.61894583E-02
   421.6000       5.26044421E-02       5.44651718E-02       3.62056514E-02
   421.7000       5.25916342E-02       5.44402765E-02       3.62218042E-02
   421.8000       5.25792312E-02       5.44162537E-02       3.62379132E-02
   421.9000       5.25672337E-02       5.43930942E-02       3.62539750E-02
   422.0000       5.25556422E-02       5.43708870E-02       3.62699867E-02
   422.1000       5.25444570E-02       5.43496255E-02       3.62859453E-02
   422.2000       5.25336782E-02       5.43291901E-02       3.63018482E-02
   422.3000       5.25233061E-02       5.43095914E-02       3.63176930E-02
   422.4000       5.25133407E-02       5.42908397E-02       3.63334778E-02
   422.5000       5.25037821E-02       5.42730561E-02       3.63492008E-02
   422.6000       5.24946302E-02       5.42559876E-02       3.63648607E-02
   422.7000       5.24858849E-02       5.42398725E-02       3.63804564E-02
   422.8000       5.24775460E-02       5.42244814E-02       3.63959871E-02
   422.9000       5.24696133E-02       5.42100100E-02       3.64114524E-02
   423.0000       5.24620865E-02       5.41963597E-02       3.64268521E-02
   423.1000       5.24549653E-02       5.41835933E-02       3.64421864E-02
   423.2000       5.24482492E-02       5.41715412E-02       3.64574558E-02
   423.3000       5.24419379E-02       5.41602762E-02       3.64726611E-02
   423.4000       5.24360309E-02       5.41499688E-02       3.64878033E-02
   423.5000       5.24305276E-02       5.41404216E-02       3.65028837E-02
   423.6000       5.24254275E-02       5.41318240E-02       3.65179040E-02
   423.7000       5.24207298E-02       5.41239176E-02       3.65328659E-02
   423.8000       5.24164339E-02       5.41168704E-02       3.65477716E-02
   423.9000       5.24125392E-02       5.41106176E-02       3.65626235E-02
   424.0000       5.24090450E-02       5.41052009E-02       3.65774242E-02
   424.1000       5.24059504E-02       5.41005768E-02       3.65921764E-02
   424.2000       5.24032546E-02       5.40967861E-02       3.66068831E-02
   424.3000       5.24009569E-02       5.40937168E-02       3.66215475E-02
   424.4000       5.23990564E-02       5.40915236E-02       3.66361729E-02
   424.5000       5.23975522E-02       5.40900865E-02       3.66507629E-02
   424.6000       5.23964439E-02       5.40894780E-02       3.66653211E-02
   424.7000       5.23957304E-02       5.40895843E-02       3.66798512E-02
   424.8000       5.23954111E-02       5.40906129E-02       3.66943573E-02
   424.9000       5.23954852E-02       5.40923317E-02       3.67088434E-02
   425.0000       5.23959520E-02       5.40948815E-02       3.67233135E-02
   425.1000       5.23968107E-02       5.40982876E-02       3.67377719E-02
   425.2000       5.23980607E-02       5.41023097E-02       3.67522227E-02
   425.3000       5.23997012E-02       5.41072826E-02       3.67666703E-02
   425.4000       5.24017317E-02       5.41129930E-02       3.67811192E-02
   425.5000       5.24041516E-02       5.41195197E-02       3.67955739E-02
   425.6000       5.24069602E-02       5.41269042E-02       3.68100387E-02
   425.7000       5.24101572E-02       5.41350538E-02       3.68245183E-02
   425.8000       5.24137418E-02       5.41439535E-02       3.68390175E-02
   425.9000       5.24177138E-02       5.41538153E-02       3.68535410E-02
   426.0000       5.24220728E-02       5.41643482E-02       3.68680935E-02
   426.1000       5.24268183E-02       5.41756645E-02       3.68826800E-02
   426.2000       5.24319502E-02       5.41879112E-02       3.68973055E-02
   426.3000       5.24374681E-02       5.42008698E-02       3.69119751E-02
   426.4000       5.24433720E-02       5.42147195E-02       3.69266941E-02
   426.5000       5.24496618E-02       5.42293617E-02       3.69414681E-02
   426.6000       5.24563376E-02       5.42448587E-02       3.69563027E-02
   426.7000       5.24633995E-02       5.42611485E-02       3.69712036E-02
   426.8000       5.24708477E-02       5.42782636E-02       3.69861767E-02
   426.9000       5.24786825E-02       5.42962017E-02       3.70012282E-02
   427.0000       5.24869044E-02       5.43150390E-02       3.70163645E-02
   427.1000       5.24955139E-02       5.43347015E-02       3.70315922E-02
   427.2000       5.25045116E-02       5.43551776E-02       3.70469179E-02
   427.3000       5.25138981E-02       5.43765600E-02       3.70623486E-02
   427.4000       5.25236742E-02       5.43988773E-02       3.70778918E-02
   427.5000       5.25338407E-02       5.44218759E-02       3.70935549E-02
   427.6000       5.25443987E-02       5.44458750E-02       3.71093458E-02
   427.7000       5.25553494E-02       5.44706191E-02       3.71252726E-02
   427.8000       5.25666941E-02       5.44962652E-02       3.71413438E-02
   427.9000       5.25784347E-02       5.45226251E-02       3.71575684E-02
   428.0000       5.25905729E-02       5.45499275E-02       3.71739556E-02
   428.1000       5.26031108E-02       5.45779843E-02       3.71905152E-02
   428.2000       5.26160508E-02       5.46069056E-02       3.72072573E-02
   428.3000       5.26293956E-02       5.46366255E-02       3.72241926E-02
   428.4000       5.26431484E-02       5.46671127E-02       3.72413325E-02
   428.5000       5.26573124E-02       5.46985159E-02       3.72586884E-02
   428.6000       5.26718914E-02       5.47305934E-02       3.72762728E-02
   428.7000       5.26868894E-02       5.47636502E-02       3.72940983E-02
   428.8000       5.27023108E-02       5.47972816E-02       3.73121782E-02
   428.9000       5.27181603E-02       5.48319159E-02       3.73305262E-02
   429.0000       5.27344431E-02       5.48673724E-02       3.73491566E-02
   429.1000       5.27511647E-02       5.49036831E-02       3.73680843E-02
   429.2000       5.27683310E-02       5.49408500E-02       3.73873242E-02
   429.3000       5.27859482E-02       5.49787727E-02       3.74068920E-02
   429.4000       5.28040228E-02       5.50176549E-02       3.74268034E-02
   429.5000       5.28225619E-02       5.50573584E-02       3.74470747E-02
   429.6000       5.28415729E-02       5.50979415E-02       3.74677223E-02
   429.7000       5.28610637E-02       5.51394358E-02       3.74887631E-02
   429.8000       5.28810424E-02       5.51817501E-02       3.75102139E-02
   429.9000       5.29015176E-02       5.52250751E-02       3.75320918E-02
   430.0000       5.29224984E-02       5.52693027E-02       3.75544142E-02
   430.1000       5.29439940E-02       5.53145004E-02       3.75771984E-02
   430.2000       5.29660144E-02       5.53605905E-02       3.76004618E-02
   430.3000       5.29885696E-02       5.54077195E-02       3.76242217E-02
   430.4000       5.30116702E-02       5.54558471E-02       3.76484954E-02
   430.5000       5.30353272E-02       5.55049733E-02       3.76733002E-02
   430.6000       5.30595520E-02       5.55551309E-02       3.76986532E-02
   430.7000       5.30843564E-02       5.56064159E-02       3.77245712E-02
   430.8000       5.31097523E-02       5.56588050E-02       3.77510709E-02
   430.9000       5.31357526E-02       5.57122424E-02       3.77781686E-02
   431.0000       5.31623700E-02       5.57668534E-02       3.78058807E-02
   431.1000       5.31896181E-02       5.58226395E-02       3.78342231E-02
   431.2000       5.32175107E-02       5.58796429E-02       3.78632113E-02
   431.3000       5.32460619E-02       5.59376919E-02       3.78928607E-02
   431.4000       5.32752866E-02       5.59971268E-02       3.79231862E-02
   431.5000       5.33052000E-02       5.60578357E-02       3.79542024E-02
   431.6000       5.33358177E-02       5.61195901E-02       3.79859234E-02
   431.7000       5.33671557E-02       5.61827643E-02       3.80183629E-02
   431.8000       5.33992309E-02       5.62474138E-02       3.80515343E-02
   431.9000       5.34320602E-02       5.63132317E-02       3.80854504E-02
   432.0000       5.34656612E-02       5.63805842E-02       3.81201236E-02
   432.1000       5.35000520E-02       5.64494633E-02       3.81555655E-02
   432.2000       5.35352510E-02       5.65196545E-02       3.81917871E-02
   432.3000       5.35712772E-02       5.65915933E-02       3.82287987E-02
   432.4000       5.36081499E-02       5.66651310E-02       3.82666097E-02
   432.5000       5.36458888E-02       5.67402297E-02       3.83052288E-02
   432.6000       5.36845140E-02       5.68171509E-02       3.83446636E-02
   432.7000       5.37240462E-02       5.68957453E-02       3.83849211E-02
   432.8000       5.37645065E-02       5.69760668E-02       3.84260070E-02
   432.9000       5.38059165E-02       5.70582370E-02       3.84679265E-02
   433.0000       5.38482983E-02       5.71422947E-02       3.85106834E-02
   433.1000       5.38916744E-02       5.72283306E-02       3.85542804E-02
   433.2000       5.39360680E-02       5.73163184E-02       3.85987193E-02
   433.3000       5.39815025E-02       5.74064313E-02       3.86440005E-02
   433.4000       5.40280019E-02       5.74986320E-02       3.86901234E-02
   433.5000       5.40755907E-02       5.75930502E-02       3.87370860E-02
   433.6000       5.41242936E-02       5.76896680E-02       3.87848852E-02
   433.7000       5.41741363E-02       5.77886756E-02       3.88335168E-02
   433.8000       5.42251447E-02       5.78899900E-02       3.88829753E-02
   433.9000       5.42773452E-02       5.79937439E-02       3.89332540E-02
   434.0000       5.43307648E-02       5.81000526E-02       3.89843450E-02
   434.1000       5.43854309E-02       5.82087474E-02       3.90362392E-02
   434.2000       5.44413719E-02       5.83201014E-02       3.90889266E-02
   434.3000       5.44986166E-02       5.84341163E-02       3.91423958E-02
   434.4000       5.45571946E-02       5.85507919E-02       3.91966341E-02
   434.5000       5.46171359E-02       5.86702171E-02       3.92516281E-02
   434.6000       5.46784714E-02       5.87925836E-02       3.93073627E-02
   434.7000       5.47412326E-02       5.89178218E-02       3.93638220E-02
   434.8000       5.48054519E-02       5.90459123E-02       3.94209891E-02
   434.9000       5.48711622E-02       5.91772330E-02       3.94788458E-02
   435.0000       5.49383975E-02       5.93116556E-02       3.95373730E-02
   435.1000       5.50071922E-02       5.94492870E-02       3.95965501E-02
   435.2000       5.50775815E-02       5.95901919E-02       3.96563556E-02
   435.3000       5.51496015E-02       5.97344447E-02       3.97167664E-02
   435.4000       5.52232887E-02       5.98823392E-02       3.97777584E-02
   435.5000       5.52986806E-02       6.00337274E-02       3.98393060E-02
   435.6000       5.53758150E-02       6.01888904E-02       3.99013823E-02
   435.7000       5.54547306E-02       6.03477054E-02       3.99639587E-02
   435.8000       5.55354668E-02       6.05103956E-02       4.00270055E-02
   435.9000       5.56180635E-02       6.06770514E-02       4.00904913E-02
   436.0000       5.57025613E-02       6.08477770E-02       4.01543831E-02
   436.1000       5.57890014E-02       6.10226728E-02       4.02186467E-02
   436.2000       5.58774255E-02       6.12019677E-02       4.02832459E-02
   436.3000       5.59678756E-02       6.13854188E-02       4.03481429E-02
   436.4000       5.60603941E-02       6.15735243E-02       4.04132985E-02
   436.5000       5.61550236E-02       6.17661979E-02       4.04786717E-02
   436.6000       5.62518070E-02       6.19638581E-02       4.05442198E-02
   436.7000       5.63507867E-02       6.21665716E-02       4.06098982E-02
   436.8000       5.64520052E-02       6.23743191E-02       4.06756608E-02
   436.9000       5.65555042E-02       6.25872137E-02       4.07414596E-02
   437.0000       5.66613256E-02       6.28058280E-02       4.08072449E-02
   437.1000       5.67695102E-02       6.30296485E-02       4.08729653E-02
   437.2000       5.68800986E-02       6.32591671E-02       4.09385682E-02
   437.3000       5.69931306E-02       6.34941649E-02       4.10040000E-02
   437.4000       5.71086454E-02       6.37354510E-02       4.10692060E-02
   437.5000       5.72266808E-02       6.39820883E-02       4.11341309E-02
   437.6000       5.73472736E-02       6.42351887E-02       4.11987190E-02
   437.7000       5.74704597E-02       6.44945326E-02       4.12629146E-02
   437.8000       5.75962733E-02       6.47597151E-02       4.13266623E-02
   437.9000       5.77247476E-02       6.50314383E-02       4.13899078E-02
   438.0000       5.78559139E-02       6.53089860E-02       4.14525979E-02
   438.1000       5.79898024E-02       6.55934567E-02       4.15146816E-02
   438.2000       5.81264413E-02       6.58839626E-02       4.15761101E-02
   438.3000       5.82658576E-02       6.61809102E-02       4.16368376E-02
   438.4000       5.84080762E-02       6.64842182E-02       4.16968221E-02
   438.5000       5.85531204E-02       6.67939980E-02       4.17560250E-02
   438.6000       5.87010112E-02       6.71107663E-02       4.18144125E-02
   438.7000       5.88517679E-02       6.74331425E-02       4.18719554E-02
   438.8000       5.90054076E-02       6.77628166E-02       4.19286301E-02
   438.9000       5.91619452E-02       6.80982671E-02       4.19844183E-02
   439.0000       5.93213936E-02       6.84405331E-02       4.20393082E-02
   439.1000       5.94837638E-02       6.87893663E-02       4.20932942E-02
   439.2000       5.96490646E-02       6.91442425E-02       4.21463775E-02
   439.3000       5.98173025E-02       6.95055236E-02       4.21985659E-02
   439.4000       5.99884820E-02       6.98725123E-02       4.22498742E-02
   439.5000       6.01626059E-02       7.02458277E-02       4.23003242E-02
   439.6000       6.03396751E-02       7.06260789E-02       4.23499452E-02
   439.7000       6.05196881E-02       7.10113347E-02       4.23987731E-02
   439.8000       6.07026424E-02       7.14027326E-02       4.24468511E-02
   439.9000       6.08885337E-02       7.18005252E-02       4.24942291E-02
   440.0000       6.10773560E-02       7.22026817E-02       4.25409636E-02
   440.1000       6.12691028E-02       7.26106471E-02       4.25871177E-02
   440.2000       6.14637662E-02       7.30242212E-02       4.26327608E-02
   440.3000       6.16613377E-02       7.34436228E-02       4.26779676E-02
   440.4000       6.18618083E-02       7.38675798E-02       4.27228186E-02
   440.5000       6.20651689E-02       7.42966472E-02       4.27673999E-02
   440.6000       6.22714108E-02       7.47295769E-02       4.28118020E-02
   440.7000       6.24805258E-02       7.51684109E-02       4.28561205E-02
   440.8000       6.26925067E-02       7.56109486E-02       4.29004552E-02
   440.9000       6.29073476E-02       7.60582094E-02       4.29449096E-02
   441.0000       6.31250444E-02       7.65089842E-02       4.29895906E-02
   441.1000       6.33455948E-02       7.69646384E-02       4.30346087E-02
   441.2000       6.35689991E-02       7.74240227E-02       4.30800772E-02
   441.3000       6.37952609E-02       7.78872719E-02       4.31261124E-02
   441.4000       6.40243876E-02       7.83538952E-02       4.31728330E-02
   441.5000       6.42563905E-02       7.88241541E-02       4.32203601E-02
   441.6000       6.44912855E-02       7.92969769E-02       4.32688172E-02
   441.7000       6.47290936E-02       7.97735334E-02       4.33183297E-02
   441.8000       6.49698413E-02       8.02539378E-02       4.33690247E-02
   441.9000       6.52135613E-02       8.07357662E-02       4.34210308E-02
   442.0000       6.54602923E-02       8.12221370E-02       4.34744785E-02
   442.1000       6.57100806E-02       8.17107890E-02       4.35294989E-02
   442.2000       6.59629798E-02       8.22022386E-02       4.35862249E-02
   442.3000       6.62190516E-02       8.26968426E-02       4.36447901E-02
   442.4000       6.64783666E-02       8.31934305E-02       4.37053294E-02
   442.5000       6.67410049E-02       8.36932633E-02       4.37679791E-02
   442.6000       6.70070555E-02       8.41957036E-02       4.38328768E-02
   442.7000       6.72766176E-02       8.47007965E-02       4.39001611E-02
   442.8000       6.75498011E-02       8.52083390E-02       4.39699717E-02
   442.9000       6.78267262E-02       8.57191564E-02       4.40424500E-02
   443.0000       6.81075243E-02       8.62328037E-02       4.41177379E-02
   443.1000       6.83923382E-02       8.67494568E-02       4.41959791E-02
   443.2000       6.86813219E-02       8.72699837E-02       4.42773182E-02
   443.3000       6.89746409E-02       8.77934349E-02       4.43619009E-02
   443.4000       6.92724719E-02       8.83209302E-02       4.44498743E-02
   443.5000       6.95750038E-02       8.88530949E-02       4.45413860E-02
   443.6000       6.98824369E-02       8.93892150E-02       4.46365849E-02
   443.7000       7.01949838E-02       8.99298023E-02       4.47356208E-02
   443.8000       7.05128681E-02       9.04753511E-02       4.48386437E-02
   443.9000       7.08363258E-02       9.10253916E-02       4.49458043E-02
   444.0000       7.11656046E-02       9.15812637E-02       4.50572538E-02
   444.1000       7.15009641E-02       9.21431270E-02       4.51731432E-02
   444.2000       7.18426760E-02       9.27116312E-02       4.52936237E-02
   444.3000       7.21910232E-02       9.32856268E-02       4.54188463E-02
   444.4000       7.25463002E-02       9.38677545E-02       4.55489611E-02
   444.5000       7.29088120E-02       9.44579264E-02       4.56841167E-02
   444.6000       7.32788740E-02       9.50551132E-02       4.58244599E-02
   444.7000       7.36568113E-02       9.56619664E-02       4.59701352E-02
   444.8000       7.40429582E-02       9.62781248E-02       4.61212842E-02
   444.9000       7.44376575E-02       9.69041108E-02       4.62780451E-02
   445.0000       7.48412605E-02       9.75406018E-02       4.64405509E-02
   445.1000       7.52541249E-02       9.81888389E-02       4.66089292E-02
   445.2000       7.56766150E-02       9.88488909E-02       4.67833011E-02
   445.3000       7.61091002E-02       9.95212280E-02       4.69637804E-02
   445.4000       7.65519556E-02       1.00205667E-01       4.71504731E-02
   445.5000       7.70055606E-02       1.00903881E-01       4.73434767E-02
   445.6000       7.74702982E-02       1.01615810E-01       4.75428795E-02
   445.7000       7.79465541E-02       1.02341984E-01       4.77487595E-02
   445.8000       7.84347151E-02       1.03082999E-01       4.79611836E-02
   445.9000       7.89351686E-02       1.03840115E-01       4.81802067E-02
   446.0000       7.94483008E-02       1.04612173E-01       4.84058708E-02
   446.1000       7.99744964E-02       1.05400253E-01       4.86382042E-02
   446.2000       8.05141371E-02       1.06205172E-01       4.88772206E-02
   446.3000       8.10676011E-02       1.07026376E-01       4.91229182E-02
   446.4000       8.16352615E-02       1.07864124E-01       4.93752791E-02
   446.5000       8.22174851E-02       1.08719521E-01       4.96342690E-02
   446.6000       8.28146301E-02       1.09592486E-01       4.98998358E-02
   446.7000       8.34270442E-02       1.10483666E-01       5.01719088E-02
   446.8000       8.40550619E-02       1.11393504E-01       5.04503976E-02
   446.9000       8.46990025E-02       1.12322313E-01       5.07351907E-02
   447.0000       8.53591681E-02       1.13270026E-01       5.10261548E-02
   447.1000       8.60358417E-02       1.14236920E-01       5.13231336E-02
   447.2000       8.67292847E-02       1.15223589E-01       5.16259472E-02
   447.3000       8.74397336E-02       1.16230148E-01       5.19343913E-02
   447.4000       8.81673974E-02       1.17256473E-01       5.22482361E-02
   447.5000       8.89124556E-02       1.18302384E-01       5.25672273E-02
   447.6000       8.96750562E-02       1.19367643E-01       5.28910853E-02
   447.7000       9.04553133E-02       1.20451959E-01       5.32195070E-02
   447.8000       9.12533051E-02       1.21554979E-01       5.35521657E-02
   447.9000       9.20690716E-02       1.22676296E-01       5.38887129E-02
   448.0000       9.29026129E-02       1.23815446E-01       5.42287795E-02
   448.1000       9.37538866E-02       1.24971903E-01       5.45719775E-02
   448.2000       9.46228061E-02       1.26145087E-01       5.49179020E-02
   448.3000       9.55092388E-02       1.27334357E-01       5.52661334E-02
   448.4000       9.64130043E-02       1.28539017E-01       5.56162402E-02
   448.5000       9.73338727E-02       1.29758313E-01       5.59677811E-02
   448.6000       9.82715637E-02       1.30991435E-01       5.63203082E-02
   448.7000       9.92257451E-02       1.32237521E-01       5.66733702E-02
   448.8000       1.00196032E-01       1.33495657E-01       5.70265150E-02
   448.9000       1.01181987E-01       1.34764879E-01       5.73792932E-02
   449.0000       1.02183119E-01       1.36044177E-01       5.77312614E-02
   449.1000       1.03198884E-01       1.37332499E-01       5.80819850E-02
   449.2000       1.04228685E-01       1.38628752E-01       5.84310417E-02
   449.3000       1.05271874E-01       1.39931809E-01       5.87780241E-02
   449.4000       1.06327752E-01       1.41240513E-01       5.91225428E-02
   449.5000       1.07395573E-01       1.42553679E-01       5.94642289E-02
   449.6000       1.08474544E-01       1.43870103E-01       5.98027365E-02
   449.7000       1.09563827E-01       1.45188567E-01       6.01377446E-02
   449.8000       1.10662546E-01       1.46507841E-01       6.04689588E-02
   449.9000       1.11769786E-01       1.47826693E-01       6.07961133E-02
   450.0000       1.12884601E-01       1.49143893E-01       6.11189715E-02
   450.1000       1.14006014E-01       1.50458221E-01       6.14373268E-02
   450.2000       1.15133023E-01       1.51768470E-01       6.17510035E-02
   450.3000       1.16264611E-01       1.53073455E-01       6.20598562E-02
   450.4000       1.17399740E-01       1.54372015E-01       6.23637703E-02
   450.5000       1.18537369E-01       1.55663026E-01       6.26626606E-02
   450.6000       1.19676450E-01       1.56945398E-01       6.29564711E-02
   450.7000       1.20815938E-01       1.58218086E-01       6.32451735E-02
   450.8000       1.21954794E-01       1.59480092E-01       6.35287660E-02
   450.9000       1.23091993E-01       1.60730471E-01       6.38072718E-02
   451.0000       1.24226530E-01       1.61968334E-01       6.40807368E-02
   451.1000       1.25357419E-01       1.63192853E-01       6.43492286E-02
   451.2000       1.26483708E-01       1.64403261E-01       6.46128339E-02
   451.3000       1.27604474E-01       1.65598858E-01       6.48716566E-02
   451.4000       1.28718835E-01       1.66779010E-01       6.51258158E-02
   451.5000       1.29825948E-01       1.67943153E-01       6.53754438E-02
   451.6000       1.30925016E-01       1.69090791E-01       6.56206841E-02
   451.7000       1.32015293E-01       1.70221499E-01       6.58616894E-02
   451.8000       1.33096082E-01       1.71334919E-01       6.60986194E-02
   451.9000       1.34166739E-01       1.72430765E-01       6.63316398E-02
   452.0000       1.35226677E-01       1.73508815E-01       6.65609200E-02
   452.1000       1.36275364E-01       1.74568914E-01       6.67866315E-02
   452.2000       1.37312326E-01       1.75610969E-01       6.70089472E-02
   452.3000       1.38337146E-01       1.76634950E-01       6.72280394E-02
   452.4000       1.39349463E-01       1.77640882E-01       6.74440791E-02
   452.5000       1.40348974E-01       1.78628847E-01       6.76572347E-02
   452.6000       1.41335430E-01       1.79598976E-01       6.78676716E-02
   452.7000       1.42308635E-01       1.80551449E-01       6.80755511E-02
   452.8000       1.43268446E-01       1.81486489E-01       6.82810299E-02
   452.9000       1.44214768E-01       1.82404360E-01       6.84842594E-02
   453.0000       1.45147553E-01       1.83305360E-01       6.86853860E-02
   453.1000       1.46066797E-01       1.84189820E-01       6.88845501E-02
   453.2000       1.46972539E-01       1.85058100E-01       6.90818860E-02
   453.3000       1.47864854E-01       1.85910582E-01       6.92775223E-02
   453.4000       1.48743851E-01       1.86747669E-01       6.94715813E-02
   453.5000       1.49609673E-01       1.87569781E-01       6.96641791E-02
   453.6000       1.50462491E-01       1.88377350E-01       6.98554260E-02
   453.7000       1.51302498E-01       1.89170818E-01       7.00454263E-02
   453.8000       1.52129913E-01       1.89950633E-01       7.02342783E-02
   453.9000       1.52944971E-01       1.90717248E-01       7.04220748E-02
   454.0000       1.53747924E-01       1.91471112E-01       7.06089033E-02
   454.1000       1.54539034E-01       1.92212677E-01       7.07948458E-02
   454.2000       1.55318575E-01       1.92942386E-01       7.09799795E-02
   454.3000       1.56086829E-01       1.93660679E-01       7.11643765E-02
   454.4000       1.56844080E-01       1.94367984E-01       7.13481047E-02
   454.5000       1.57590616E-01       1.95064721E-01       7.15312273E-02
   454.6000       1.58326726E-01       1.95751296E-01       7.17138036E-02
   454.7000       1.59052696E-01       1.96428103E-01       7.18958890E-02
   454.8000       1.59768809E-01       1.97095523E-01       7.20775352E-02
   454.9000       1.60475344E-01       1.97753921E-01       7.22587905E-02
   455.0000       1.61172573E-01       1.98403645E-01       7.24396998E-02
   455.1000       1.61860760E-01       1.99045028E-01       7.26203053E-02
   455.2000       1.62540164E-01       1.99678388E-01       7.28006459E-02
   455.3000       1.63211032E-01       2.00304024E-01       7.29807583E-02
   455.4000       1.63873602E-01       2.00922221E-01       7.31606765E-02
   455.5000       1.64528104E-01       2.01533245E-01       7.33404322E-02
   455.6000       1.65174757E-01       2.02137350E-01       7.35200551E-02
   455.7000       1.65813767E-01       2.02734769E-01       7.36995727E-02
   455.8000       1.66445334E-01       2.03325726E-01       7.38790109E-02
   455.9000       1.67069645E-01       2.03910425E-01       7.40583937E-02
   456.0000       1.67686878E-01       2.04489060E-01       7.42377436E-02
   456.1000       1.68297202E-01       2.05061811E-01       7.44170816E-02
   456.2000       1.68900774E-01       2.05628844E-01       7.45964274E-02
   456.3000       1.69497745E-01       2.06190315E-01       7.47757996E-02
   456.4000       1.70088256E-01       2.06746370E-01       7.49552155E-02
   456.5000       1.70672442E-01       2.07297143E-01       7.51346913E-02
   456.6000       1.71250428E-01       2.07842761E-01       7.53142423E-02
   456.7000       1.71822335E-01       2.08383341E-01       7.54938831E-02
   456.8000       1.72388277E-01       2.08918995E-01       7.56736272E-02
   456.9000       1.72948361E-01       2.09449826E-01       7.58534877E-02
   457.0000       1.73502691E-01       2.09975932E-01       7.60334767E-02
   457.1000       1.74051366E-01       2.10497407E-01       7.62136060E-02
   457.2000       1.74594483E-01       2.11014340E-01       7.63938865E-02
   457.3000       1.75132133E-01       2.11526816E-01       7.65743288E-02
   457.4000       1.75664406E-01       2.12034917E-01       7.67549431E-02
   457.5000       1.76191390E-01       2.12538722E-01       7.69357391E-02
   457.6000       1.76713172E-01       2.13038310E-01       7.71167259E-02
   457.7000       1.77229836E-01       2.13533756E-01       7.72979125E-02
   457.8000       1.77741466E-01       2.14025136E-01       7.74793075E-02
   457.9000       1.78248146E-01       2.14512523E-01       7.76609192E-02
   458.0000       1.78749959E-01       2.14995991E-01       7.78427554E-02
   458.1000       1.79246987E-01       2.15475613E-01       7.80248240E-02
   458.2000       1.79739316E-01       2.15951463E-01       7.82071322E-02
   458.3000       1.80227027E-01       2.16423613E-01       7.83896873E-02
   458.4000       1.80710206E-01       2.16892137E-01       7.85724963E-02
   458.5000       1.81188936E-01       2.17357108E-01       7.87555658E-02
   458.6000       1.81663303E-01       2.17818600E-01       7.89389022E-02
   458.7000       1.82133392E-01       2.18276687E-01       7.91225119E-02
   458.8000       1.82599290E-01       2.18731441E-01       7.93064007E-02
   458.9000       1.83061082E-01       2.19182938E-01       7.94905746E-02
   459.0000       1.83518855E-01       2.19631249E-01       7.96750390E-02
   459.1000       1.83972695E-01       2.20076448E-01       7.98597992E-02
   459.2000       1.84422691E-01       2.20518608E-01       8.00448604E-02
   459.3000       1.84868927E-01       2.20957800E-01       8.02302273E-02
   459.4000       1.85311490E-01       2.21394095E-01       8.04159046E-02
   459.5000       1.85750466E-01       2.21827564E-01       8.06018966E-02
   459.6000       1.86185939E-01       2.22258274E-01       8.07882074E-02
   459.7000       1.86617994E-01       2.22686293E-01       8.09748408E-02
   459.8000       1.87046713E-01       2.23111687E-01       8.11618002E-02
   459.9000       1.87472178E-01       2.23534519E-01       8.13490890E-02
   460.0000       1.87894470E-01       2.23954852E-01       8.15367102E-02
   460.1000       1.88313666E-01       2.24372744E-01       8.17246663E-02
   460.2000       1.88729843E-01       2.24788254E-01       8.19129597E-02
   460.3000       1.89143075E-01       2.25201436E-01       8.21015925E-02
   460.4000       1.89553437E-01       2.25612344E-01       8.22905665E-02
   460.5000       1.89960996E-01       2.26021027E-01       8.24798829E-02
   460.6000       1.90365823E-01       2.26427533E-01       8.26695428E-02
   460.7000       1.90767981E-01       2.26831908E-01       8.28595470E-02
   460.8000       1.91167534E-01       2.27234192E-01       8.30498958E-02
   460.9000       1.91564543E-01       2.27634427E-01       8.32405891E-02
   461.0000       1.91959065E-01       2.28032649E-01       8.34316267E-02
   461.1000       1.92351156E-01       2.28428893E-01       8.36230079E-02
   461.2000       1.92740868E-01       2.28823191E-01       8.38147314E-02
   461.3000       1.93128250E-01       2.29215571E-01       8.40067958E-02
   461.4000       1.93513350E-01       2.29606062E-01       8.41991993E-02
   461.5000       1.93896213E-01       2.29994689E-01       8.43919396E-02
   461.6000       1.94276881E-01       2.30381473E-01       8.45850140E-02
   461.7000       1.94655394E-01       2.30766436E-01       8.47784196E-02
   461.8000       1.95031788E-01       2.31149596E-01       8.49721529E-02
   461.9000       1.95406098E-01       2.31530970E-01       8.51662102E-02
   462.0000       1.95778358E-01       2.31910573E-01       8.53605871E-02
   462.1000       1.96148597E-01       2.32288419E-01       8.55552793E-02
   462.2000       1.96516844E-01       2.32664519E-01       8.57502816E-02
   462.3000       1.96883126E-01       2.33038886E-01       8.59455888E-02
   462.4000       1.97247468E-01       2.33411528E-01       8.61411951E-02
   462.5000       1.97609891E-01       2.33782453E-01       8.63370945E-02
   462.6000       1.97970417E-01       2.34151671E-01       8.65332805E-02
   462.7000       1.98329067E-01       2.34519188E-01       8.67297464E-02
   462.8000       1.98685857E-01       2.34885009E-01       8.69264850E-02
   462.9000       1.99040806E-01       2.35249141E-01       8.71234888E-02
   463.0000       1.99393929E-01       2.35611589E-01       8.73207501E-02
   463.1000       1.99745239E-01       2.35972357E-01       8.75182607E-02
   463.2000       2.00094752E-01       2.36331450E-01       8.77160124E-02
   463.3000       2.00442479E-01       2.36688873E-01       8.79139964E-02
   463.4000       2.00788431E-01       2.37044628E-01       8.81122038E-02
   463.5000       2.01132620E-01       2.37398721E-01       8.83106254E-02
   463.6000       2.01475056E-01       2.37751155E-01       8.85092520E-02
   463.7000       2.01815747E-01       2.38101933E-01       8.87080737E-02
   463.8000       2.02154702E-01       2.38451059E-01       8.89070809E-02
   463.9000       2.02491930E-01       2.38798538E-01       8.91062636E-02
   464.0000       2.02827437E-01       2.39144373E-01       8.93056117E-02
   464.1000       2.03161232E-01       2.39488569E-01       8.95051149E-02
   464.2000       2.03493319E-01       2.39831128E-01       8.97047628E-02
   464.3000       2.03823705E-01       2.40172056E-01       8.99045451E-02
   464.4000       2.04152397E-01       2.40511356E-01       9.01044512E-02
   464.5000       2.04479398E-01       2.40849033E-01       9.03044705E-02
   464.6000       2.04804714E-01       2.41185092E-01       9.05045924E-02
   464.7000       2.05128349E-01       2.41519537E-01       9.07048065E-02
   464.8000       2.05450308E-01       2.41852372E-01       9.09051019E-02
   464.9000       2.05770593E-01       2.42183603E-01       9.11054683E-02
   465.0000       2.06089209E-01       2.42513234E-01       9.13058952E-02
   465.1000       2.06406159E-01       2.42841269E-01       9.15063721E-02
   465.2000       2.06721445E-01       2.43167715E-01       9.17068887E-02
   465.3000       2.07035071E-01       2.43492574E-01       9.19074348E-02
   465.4000       2.07347037E-01       2.43815853E-01       9.21080003E-02
   465.5000       2.07657347E-01       2.44137556E-01       9.23085753E-02
   465.6000       2.07966001E-01       2.44457687E-01       9.25091501E-02
   465.7000       2.08273001E-01       2.44776251E-01       9.27097149E-02
   465.8000       2.08578349E-01       2.45093252E-01       9.29102604E-02
   465.9000       2.08882043E-01       2.45408694E-01       9.31107774E-02
   466.0000       2.09184085E-01       2.45722580E-01       9.33112569E-02
   466.1000       2.09484476E-01       2.46034915E-01       9.35116901E-02
   466.2000       2.09783213E-01       2.46345701E-01       9.37120685E-02
   466.3000       2.10080297E-01       2.46654940E-01       9.39123837E-02
   466.4000       2.10375726E-01       2.46962636E-01       9.41126276E-02
   466.5000       2.10669499E-01       2.47268790E-01       9.43127925E-02
   466.6000       2.10961613E-01       2.47573404E-01       9.45128708E-02
   466.7000       2.11252068E-01       2.47876477E-01       9.47128551E-02
   466.8000       2.11540859E-01       2.48178010E-01       9.49127385E-02
   466.9000       2.11827983E-01       2.48478003E-01       9.51125141E-02
   467.0000       2.12113437E-01       2.48776454E-01       9.53121754E-02
   467.1000       2.12397217E-01       2.49073361E-01       9.55117161E-02
   467.2000       2.12679317E-01       2.49368721E-01       9.57111302E-02
   467.3000       2.12959734E-01       2.49662531E-01       9.59104120E-02
   467.4000       2.13238460E-01       2.49954787E-01       9.61095560E-02
   467.5000       2.13515491E-01       2.50245484E-01       9.63085569E-02
   467.6000       2.13790819E-01       2.50534615E-01       9.65074096E-02
   467.7000       2.14064438E-01       2.50822174E-01       9.67061095E-02
   467.8000       2.14336339E-01       2.51108154E-01       9.69046519E-02
   467.9000       2.14606516E-01       2.51392546E-01       9.71030325E-02
   468.0000       2.14874959E-01       2.51675341E-01       9.73012472E-02
   468.1000       2.15141660E-01       2.51956531E-01       9.74992920E-02
   468.2000       2.15406610E-01       2.52236105E-01       9.76971634E-02
   468.3000       2.15669799E-01       2.52514052E-01       9.78948577E-02
   468.4000       2.15931218E-01       2.52790361E-01       9.80923716E-02
   468.5000       2.16190857E-01       2.53065023E-01       9.82897019E-02
   468.6000       2.16448706E-01       2.53338024E-01       9.84868457E-02
   468.7000       2.16704755E-01       2.53609355E-01       9.86838001E-02
   468.8000       2.16958994E-01       2.53879003E-01       9.88805624E-02
   468.9000       2.17211413E-01       2.54146959E-01       9.90771300E-02
   469.0000       2.17462004E-01       2.54413212E-01       9.92735005E-02
   469.1000       2.17710757E-01       2.54677752E-01       9.94696716E-02
   469.2000       2.17957664E-01       2.54940571E-01       9.96656411E-02
   469.3000       2.18202717E-01       2.55201661E-01       9.98614069E-02
   469.4000       2.18445909E-01       2.55461016E-01       1.00056967E-01
   469.5000       2.18687235E-01       2.55718631E-01       1.00252319E-01
   469.6000       2.18926688E-01       2.55974503E-01       1.00447462E-01
   469.7000       2.19164267E-01       2.56228631E-01       1.00642394E-01
   469.8000       2.19399968E-01       2.56481016E-01       1.00837113E-01
   469.9000       2.19633790E-01       2.56731662E-01       1.01031617E-01
   470.0000       2.19865736E-01       2.56980573E-01       1.01225905E-01
   470.1000       2.20095807E-01       2.57227760E-01       1.01419975E-01
   470.2000       2.20324010E-01       2.57473233E-01       1.01613826E-01
   470.3000       2.20550350E-01       2.57717007E-01       1.01807456E-01
   470.4000       2.20774837E-01       2.57959100E-01       1.02000865E-01
   470.5000       2.20997483E-01       2.58199535E-01       1.02194049E-01
   470.6000       2.21218303E-01       2.58438334E-01       1.02387009E-01
   470.7000       2.21437312E-01       2.58675527E-01       1.02579742E-01
   470.8000       2.21654531E-01       2.58911147E-01       1.02772248E-01
   470.9000       2.21869982E-01       2.59145227E-01       1.02964524E-01
   471.0000       2.22083690E-01       2.59377809E-01       1.03156570E-01
   471.1000       2.22295683E-01       2.59608934E-01       1.03348383E-01
   471.2000       2.22505992E-01       2.59838650E-01       1.03539964E-01
   471.3000       2.22714649E-01       2.60067008E-01       1.03731309E-01
   471.4000       2.22921693E-01       2.60294059E-01       1.03922418E-01
   471.5000       2.23127161E-01       2.60519862E-01       1.04113290E-01
   471.6000       2.23331095E-01       2.60744477E-01       1.04303922E-01
   471.7000       2.23533541E-01       2.60967967E-01       1.04494313E-01
   471.8000       2.23734545E-01       2.61190398E-01       1.04684462E-01
   471.9000       2.23934157E-01       2.61411838E-01       1.04874367E-01
   472.0000       2.24132427E-01       2.61632357E-01       1.05064026E-01
   472.1000       2.24329411E-01       2.61852030E-01       1.05253438E-01
   472.2000       2.24525162E-01       2.62070929E-01       1.05442600E-01
   472.3000       2.24719740E-01       2.62289130E-01       1.05631511E-01
   472.4000       2.24913202E-01       2.62506711E-01       1.05820170E-01
   472.5000       2.25105608E-01       2.62723749E-01       1.06008574E-01
   472.6000       2.25297020E-01       2.62940320E-01       1.06196720E-01
   472.7000       2.25487499E-01       2.63156503E-01       1.06384608E-01
   472.8000       2.25677108E-01       2.63372376E-01       1.06572235E-01
   472.9000       2.25865909E-01       2.63588013E-01       1.06759599E-01
   473.0000       2.26053965E-01       2.63803491E-01       1.06946697E-01
   473.1000       2.26241339E-01       2.64018883E-01       1.07133528E-01
   473.2000       2.26428093E-01       2.64234261E-01       1.07320088E-01
   473.3000       2.26614288E-01       2.64449694E-01       1.07506376E-01
   473.4000       2.26799983E-01       2.64665249E-01       1.07692388E-01
   473.5000       2.26985238E-01       2.64880991E-01       1.07878123E-01
   473.6000       2.27170111E-01       2.65096979E-01       1.08063577E-01
   473.7000       2.27354656E-01       2.65313273E-01       1.08248749E-01
   473.8000       2.27538929E-01       2.65529924E-01       1.08433634E-01
   473.9000       2.27722979E-01       2.65746983E-01       1.08618231E-01
   474.0000       2.27906857E-01       2.65964495E-01       1.08802535E-01
   474.1000       2.28090608E-01       2.66182502E-01       1.08986545E-01
   474.2000       2.28274278E-01       2.66401039E-01       1.09170258E-01
   474.3000       2.28457906E-01       2.66620138E-01       1.09353669E-01
   474.4000       2.28641530E-01       2.66839827E-01       1.09536776E-01
   474.5000       2.28825185E-01       2.67060126E-01       1.09719576E-01
   474.6000       2.29008903E-01       2.67281055E-01       1.09902065E-01
   474.7000       2.29192712E-01       2.67502623E-01       1.10084241E-01
   474.8000       2.29376636E-01       2.67724839E-01       1.10266099E-01
   474.9000       2.29560696E-01       2.67947705E-01       1.10447636E-01
   475.0000       2.29744910E-01       2.68171218E-01       1.10628849E-01
   475.1000       2.29929292E-01       2.68395369E-01       1.10809734E-01
   475.2000       2.30113853E-01       2.68620148E-01       1.10990289E-01
   475.3000       2.30298598E-01       2.68845535E-01       1.11170508E-01
   475.4000       2.30483533E-01       2.69071511E-01       1.11350389E-01
   475.5000       2.30668656E-01       2.69298049E-01       1.11529927E-01
   475.6000       2.30853964E-01       2.69525119E-01       1.11709120E-01
   475.7000       2.31039450E-01       2.69752686E-01       1.11887964E-01
   475.8000       2.31225104E-01       2.69980713E-01       1.12066455E-01
   475.9000       2.31410912E-01       2.70209158E-01       1.12244589E-01
   476.0000       2.31596859E-01       2.70437977E-01       1.12422363E-01
   476.1000       2.31782924E-01       2.70667122E-01       1.12599773E-01
   476.2000       2.31969085E-01       2.70896541E-01       1.12776815E-01
   476.3000       2.32155317E-01       2.71126183E-01       1.12953487E-01
   476.4000       2.32341593E-01       2.71355990E-01       1.13129784E-01
   476.5000       2.32527883E-01       2.71585905E-01       1.13305703E-01
   476.6000       2.32714154E-01       2.71815870E-01       1.13481240E-01
   476.7000       2.32900371E-01       2.72045823E-01       1.13656393E-01
   476.8000       2.33086499E-01       2.72275701E-01       1.13831157E-01
   476.9000       2.33272498E-01       2.72505443E-01       1.14005530E-01
   477.0000       2.33458330E-01       2.72734983E-01       1.14179509E-01
   477.1000       2.33643953E-01       2.72964259E-01       1.14353089E-01
   477.2000       2.33829324E-01       2.73193205E-01       1.14526270E-01
   477.3000       2.34014401E-01       2.73421758E-01       1.14699046E-01
   477.4000       2.34199138E-01       2.73649853E-01       1.14871417E-01
   477.5000       2.34383490E-01       2.73877429E-01       1.15043379E-01
   477.6000       2.34567412E-01       2.74104422E-01       1.15214930E-01
   477.7000       2.34750859E-01       2.74330771E-01       1.15386068E-01
   477.8000       2.34933784E-01       2.74556418E-01       1.15556790E-01
   477.9000       2.35116142E-01       2.74781304E-01       1.15727094E-01
   478.0000       2.35297887E-01       2.75005373E-01       1.15896980E-01
   478.1000       2.35478974E-01       2.75228571E-01       1.16066444E-01
   478.2000       2.35659359E-01       2.75450847E-01       1.16235486E-01
   478.3000       2.35839000E-01       2.75672150E-01       1.16404105E-01
   478.4000       2.36017854E-01       2.75892435E-01       1.16572299E-01
   478.5000       2.36195881E-01       2.76111657E-01       1.16740068E-01
   478.6000       2.36373040E-01       2.76329776E-01       1.16907411E-01
   478.7000       2.36549296E-01       2.76546755E-01       1.17074328E-01
   478.8000       2.36724613E-01       2.76762558E-01       1.17240819E-01
   478.9000       2.36898957E-01       2.76977154E-01       1.17406884E-01
   479.0000       2.37072298E-01       2.77190517E-01       1.17572522E-01
   479.1000       2.37244606E-01       2.77402623E-01       1.17737736E-01
   479.2000       2.37415856E-01       2.77613451E-01       1.17902525E-01
   479.3000       2.37586024E-01       2.77822984E-01       1.18066891E-01
   479.4000       2.37755091E-01       2.78031212E-01       1.18230835E-01
   479.5000       2.37923038E-01       2.78238124E-01       1.18394359E-01
   479.6000       2.38089853E-01       2.78443715E-01       1.18557464E-01
   479.7000       2.38255523E-01       2.78647986E-01       1.18720152E-01
   479.8000       2.38420042E-01       2.78850939E-01       1.18882426E-01
   479.9000       2.38583404E-01       2.79052581E-01       1.19044289E-01
   480.0000       2.38745611E-01       2.79252921E-01       1.19205742E-01
   480.1000       2.38906663E-01       2.79451976E-01       1.19366790E-01
   480.2000       2.39066568E-01       2.79649761E-01       1.19527435E-01
   480.3000       2.39225335E-01       2.79846300E-01       1.19687680E-01
   480.4000       2.39382977E-01       2.80041616E-01       1.19847530E-01
   480.5000       2.39539512E-01       2.80235738E-01       1.20006989E-01
   480.6000       2.39694958E-01       2.80428697E-01       1.20166059E-01
   480.7000       2.39849341E-01       2.80620527E-01       1.20324746E-01
   480.8000       2.40002685E-01       2.80811265E-01       1.20483054E-01
   480.9000       2.40155022E-01       2.81000951E-01       1.20640987E-01
   481.0000       2.40306383E-01       2.81189627E-01       1.20798550E-01
   481.1000       2.40456805E-01       2.81377336E-01       1.20955749E-01
   481.2000       2.40606324E-01       2.81564124E-01       1.21112587E-01
   481.3000       2.40754983E-01       2.81750040E-01       1.21269071E-01
   481.4000       2.40902823E-01       2.81935132E-01       1.21425205E-01
   481.5000       2.41049890E-01       2.82119450E-01       1.21580994E-01
   481.6000       2.41196231E-01       2.82303047E-01       1.21736444E-01
   481.7000       2.41341892E-01       2.82485973E-01       1.21891561E-01
   481.8000       2.41486926E-01       2.82668281E-01       1.22046350E-01
   481.9000       2.41631381E-01       2.82850024E-01       1.22200816E-01
   482.0000       2.41775310E-01       2.83031254E-01       1.22354964E-01
   482.1000       2.41918764E-01       2.83212023E-01       1.22508801E-01
   482.2000       2.42061796E-01       2.83392382E-01       1.22662332E-01
   482.3000       2.42204458E-01       2.83572383E-01       1.22815562E-01
   482.4000       2.42346802E-01       2.83752075E-01       1.22968497E-01
   482.5000       2.42488880E-01       2.83931506E-01       1.23121142E-01
   482.6000       2.42630743E-01       2.84110723E-01       1.23273501E-01
   482.7000       2.42772439E-01       2.84289773E-01       1.23425581E-01
   482.8000       2.42914019E-01       2.84468697E-01       1.23577387E-01
   482.9000       2.43055527E-01       2.84647538E-01       1.23728922E-01
   483.0000       2.43197011E-01       2.84826335E-01       1.23880193E-01
   483.1000       2.43338512E-01       2.85005126E-01       1.24031203E-01
   483.2000       2.43480071E-01       2.85183945E-01       1.24181957E-01
   483.3000       2.43621728E-01       2.85362824E-01       1.24332459E-01
   483.4000       2.43763519E-01       2.85541793E-01       1.24482713E-01
   483.5000       2.43905477E-01       2.85720879E-01       1.24632723E-01
   483.6000       2.44047633E-01       2.85900107E-01       1.24782493E-01
   483.7000       2.44190015E-01       2.86079499E-01       1.24932027E-01
   483.8000       2.44332648E-01       2.86259074E-01       1.25081326E-01
   483.9000       2.44475554E-01       2.86438849E-01       1.25230395E-01
   484.0000       2.44618752E-01       2.86618836E-01       1.25379236E-01
   484.1000       2.44762258E-01       2.86799049E-01       1.25527851E-01
   484.2000       2.44906085E-01       2.86979495E-01       1.25676243E-01
   484.3000       2.45050242E-01       2.87160180E-01       1.25824414E-01
   484.4000       2.45194736E-01       2.87341109E-01       1.25972366E-01
   484.5000       2.45339572E-01       2.87522283E-01       1.26120100E-01
   484.6000       2.45484750E-01       2.87703701E-01       1.26267617E-01
   484.7000       2.45630267E-01       2.87885360E-01       1.26414919E-01
   484.8000       2.45776121E-01       2.88067257E-01       1.26562007E-01
   484.9000       2.45922303E-01       2.88249383E-01       1.26708880E-01
   485.0000       2.46068805E-01       2.88431730E-01       1.26855541E-01
   485.1000       2.46215613E-01       2.88614289E-01       1.27001988E-01
   485.2000       2.46362715E-01       2.88797047E-01       1.27148223E-01
   485.3000       2.46510095E-01       2.88979992E-01       1.27294244E-01
   485.4000       2.46657734E-01       2.89163109E-01       1.27440052E-01
   485.5000       2.46805613E-01       2.89346383E-01       1.27585646E-01
   485.6000       2.46953713E-01       2.89529798E-01       1.27731027E-01
   485.7000       2.47102010E-01       2.89713337E-01       1.27876192E-01
   485.8000       2.47250481E-01       2.89896980E-01       1.28021142E-01
   485.9000       2.47399103E-01       2.90080711E-01       1.28165875E-01
   486.0000       2.47547851E-01       2.90264510E-01       1.28310391E-01
   486.1000       2.47696700E-01       2.90448358E-01       1.28454689E-01
   486.2000       2.47845623E-01       2.90632234E-01       1.28598768E-01
   486.3000       2.47994595E-01       2.90816120E-01       1.28742626E-01
   486.4000       2.48143590E-01       2.90999996E-01       1.28886263E-01
   486.5000       2.48292581E-01       2.91183841E-01       1.29029678E-01
   486.6000       2.48441544E-01       2.91367637E-01       1.29172869E-01
   486.7000       2.48590453E-01       2.91551363E-01       1.29315835E-01
   486.8000       2.48739282E-01       2.91735001E-01       1.29458576E-01
   486.9000       2.48888008E-01       2.91918532E-01       1.29601091E-01
   487.0000       2.49036606E-01       2.92101937E-01       1.29743379E-01
   487.1000       2.49185054E-01       2.92285199E-01       1.29885438E-01
   487.2000       2.49333330E-01       2.92468301E-01       1.30027269E-01
   487.3000       2.49481412E-01       2.92651226E-01       1.30168871E-01
   487.4000       2.49629279E-01       2.92833958E-01       1.30310242E-01
   487.5000       2.49776913E-01       2.93016482E-01       1.30451384E-01
   487.6000       2.49924294E-01       2.93198782E-01       1.30592295E-01
   487.7000       2.50071406E-01       2.93380846E-01       1.30732976E-01
   487.8000       2.50218231E-01       2.93562660E-01       1.30873425E-01
   487.9000       2.50364755E-01       2.93744211E-01       1.31013645E-01
   488.0000       2.50510962E-01       2.93925489E-01       1.31153633E-01
   488.1000       2.50656839E-01       2.94106483E-01       1.31293392E-01
   488.2000       2.50802374E-01       2.94287182E-01       1.31432921E-01
   488.3000       2.50947554E-01       2.94467578E-01       1.31572222E-01
   488.4000       2.51092370E-01       2.94647663E-01       1.31711293E-01
   488.5000       2.51236810E-01       2.94827428E-01       1.31850138E-01
   488.6000       2.51380866E-01       2.95006867E-01       1.31988755E-01
   488.7000       2.51524528E-01       2.95185975E-01       1.32127148E-01
   488.8000       2.51667789E-01       2.95364745E-01       1.32265315E-01
   488.9000       2.51810642E-01       2.95543174E-01       1.32403260E-01
   489.0000       2.51953079E-01       2.95721258E-01       1.32540983E-01
   489.1000       2.52095094E-01       2.95898992E-01       1.32678485E-01
   489.2000       2.52236681E-01       2.96076375E-01       1.32815768E-01
   489.3000       2.52377835E-01       2.96253404E-01       1.32952834E-01
   489.4000       2.52518549E-01       2.96430078E-01       1.33089684E-01
   489.5000       2.52658818E-01       2.96606395E-01       1.33226321E-01
   489.6000       2.52798638E-01       2.96782354E-01       1.33362745E-01
   489.7000       2.52938003E-01       2.96957955E-01       1.33498958E-01
   489.8000       2.53076907E-01       2.97133196E-01       1.33634963E-01
   489.9000       2.53215348E-01       2.97308079E-01       1.33770761E-01
   490.0000       2.53353318E-01       2.97482602E-01       1.33906354E-01
   490.1000       2.53490813E-01       2.97656765E-01       1.34041744E-01
   490.2000       2.53627828E-01       2.97830568E-01       1.34176933E-01
   490.3000       2.53764358E-01       2.98004011E-01       1.34311923E-01
   490.4000       2.53900397E-01       2.98177093E-01       1.34446716E-01
   490.5000       2.54035939E-01       2.98349814E-01       1.34581313E-01
   490.6000       2.54170980E-01       2.98522171E-01       1.34715717E-01
   490.7000       2.54305513E-01       2.98694165E-01       1.34849929E-01
   490.8000       2.54439533E-01       2.98865793E-01       1.34983952E-01
   490.9000       2.54573034E-01       2.99037053E-01       1.35117788E-01
   491.0000       2.54706010E-01       2.99207942E-01       1.35251437E-01
   491.1000       2.54838455E-01       2.99378457E-01       1.35384903E-01
   491.2000       2.54970364E-01       2.99548594E-01       1.35518186E-01
   491.3000       2.55101731E-01       2.99718348E-01       1.35651289E-01
   491.4000       2.55232550E-01       2.99887716E-01       1.35784213E-01
   491.5000       2.55362816E-01       3.00056692E-01       1.35916961E-01
   491.6000       2.55492525E-01       3.00225269E-01       1.36049534E-01
   491.7000       2.55621672E-01       3.00393442E-01       1.36181933E-01
   491.8000       2.55750253E-01       3.00561203E-01       1.36314160E-01
   491.9000       2.55878264E-01       3.00728546E-01       1.36446218E-01
   492.0000       2.56005702E-01       3.00895463E-01       1.36578107E-01
   492.1000       2.56132565E-01       3.01061945E-01       1.36709829E-01
   492.2000       2.56258851E-01       3.01227985E-01       1.36841386E-01
   492.3000       2.56384560E-01       3.01393575E-01       1.36972780E-01
   492.4000       2.56509691E-01       3.01558706E-01       1.37104011E-01
   492.5000       2.56634246E-01       3.01723370E-01       1.37235081E-01
   492.6000       2.56758226E-01       3.01887560E-01       1.37365992E-01
   492.7000       2.56881635E-01       3.02051267E-01       1.37496746E-01
   492.8000       2.57004477E-01       3.02214484E-01       1.37627342E-01
   492.9000       2.57126757E-01       3.02377204E-01       1.37757784E-01
   493.0000       2.57248482E-01       3.02539422E-01       1.37888073E-01
   493.1000       2.57369659E-01       3.02701131E-01       1.38018209E-01
   493.2000       2.57490298E-01       3.02862328E-01       1.38148194E-01
   493.3000       2.57610410E-01       3.03023008E-01       1.38278029E-01
   493.4000       2.57730005E-01       3.03183169E-01       1.38407716E-01
   493.5000       2.57849098E-01       3.03342810E-01       1.38537255E-01
   493.6000       2.57967702E-01       3.03501932E-01       1.38666648E-01
   493.7000       2.58085832E-01       3.03660534E-01       1.38795896E-01
   493.8000       2.58203507E-01       3.03818621E-01       1.38925001E-01
   493.9000       2.58320744E-01       3.03976197E-01       1.39053962E-01
   494.0000       2.58437561E-01       3.04133268E-01       1.39182782E-01
   494.1000       2.58553981E-01       3.04289841E-01       1.39311461E-01
   494.2000       2.58670024E-01       3.04445926E-01       1.39440000E-01
   494.3000       2.58785712E-01       3.04601533E-01       1.39568401E-01
   494.4000       2.58901070E-01       3.04756677E-01       1.39696663E-01
   494.5000       2.59016121E-01       3.04911370E-01       1.39824788E-01
   494.6000       2.59130890E-01       3.05065630E-01       1.39952777E-01
   494.7000       2.59245403E-01       3.05219473E-01       1.40080631E-01
   494.8000       2.59359687E-01       3.05372919E-01       1.40208350E-01
   494.9000       2.59473767E-01       3.05525989E-01       1.40335935E-01
   495.0000       2.59587670E-01       3.05678705E-01       1.40463387E-01
   495.1000       2.59701425E-01       3.05831090E-01       1.40590706E-01
   495.2000       2.59815057E-01       3.05983169E-01       1.40717893E-01
   495.3000       2.59928594E-01       3.06134967E-01       1.40844950E-01
   495.4000       2.60042062E-01       3.06286510E-01       1.40971876E-01
   495.5000       2.60155489E-01       3.06437827E-01       1.41098671E-01
   495.6000       2.60268901E-01       3.06588945E-01       1.41225338E-01
   495.7000       2.60382323E-01       3.06739892E-01       1.41351875E-01
   495.8000       2.60495781E-01       3.06890697E-01       1.41478285E-01
   495.9000       2.60609299E-01       3.07041389E-01       1.41604567E-01
   496.0000       2.60722900E-01       3.07191996E-01       1.41730721E-01
   496.1000       2.60836608E-01       3.07342548E-01       1.41856750E-01
   496.2000       2.60950443E-01       3.07493072E-01       1.41982652E-01
   496.3000       2.61064428E-01       3.07643596E-01       1.42108430E-01
   496.4000       2.61178580E-01       3.07794147E-01       1.42234082E-01
   496.5000       2.61292920E-01       3.07944751E-01       1.42359611E-01
   496.6000       2.61407463E-01       3.08095435E-01       1.42485016E-01
   496.7000       2.61522226E-01       3.08246221E-01       1.42610298E-01
   496.8000       2.61637223E-01       3.08397133E-01       1.42735459E-01
   496.9000       2.61752468E-01       3.08548192E-01       1.42860498E-01
   497.0000       2.61867973E-01       3.08699419E-01       1.42985416E-01
   497.1000       2.61983748E-01       3.08850833E-01       1.43110215E-01
   497.2000       2.62099803E-01       3.09002451E-01       1.43234894E-01
   497.3000       2.62216145E-01       3.09154288E-01       1.43359456E-01
   497.4000       2.62332782E-01       3.09306357E-01       1.43483900E-01
   497.5000       2.62449719E-01       3.09458672E-01       1.43608227E-01
   497.6000       2.62566960E-01       3.09611243E-01       1.43732440E-01
   497.7000       2.62684508E-01       3.09764077E-01       1.43856537E-01
   497.8000       2.62802364E-01       3.09917182E-01       1.43980521E-01
   497.9000       2.62920530E-01       3.10070563E-01       1.44104393E-01
   498.0000       2.63039005E-01       3.10224223E-01       1.44228153E-01
   498.1000       2.63157786E-01       3.10378164E-01       1.44351802E-01
   498.2000       2.63276873E-01       3.10532384E-01       1.44475342E-01
   498.3000       2.63396260E-01       3.10686883E-01       1.44598774E-01
   498.4000       2.63515943E-01       3.10841658E-01       1.44722099E-01
   498.5000       2.63635917E-01       3.10996702E-01       1.44845317E-01
   498.6000       2.63756174E-01       3.11152009E-01       1.44968431E-01
   498.7000       2.63876707E-01       3.11307572E-01       1.45091441E-01
   498.8000       2.63997508E-01       3.11463381E-01       1.45214348E-01
   498.9000       2.64118567E-01       3.11619425E-01       1.45337154E-01
   499.0000       2.64239873E-01       3.11775692E-01       1.45459859E-01
   499.1000       2.64361417E-01       3.11932170E-01       1.45582465E-01
   499.2000       2.64483184E-01       3.12088843E-01       1.45704973E-01
   499.3000       2.64605163E-01       3.12245697E-01       1.45827383E-01
   499.4000       2.64727340E-01       3.12402714E-01       1.45949697E-01
   499.5000       2.64849698E-01       3.12559878E-01       1.46071916E-01
   499.6000       2.64972223E-01       3.12717169E-01       1.46194041E-01
   499.7000       2.65094898E-01       3.12874569E-01       1.46316072E-01
   499.8000       2.65217705E-01       3.13032056E-01       1.46438011E-01
   499.9000       2.65340624E-01       3.13189611E-01       1.46559858E-01
   500.0000       2.65463636E-01       3.13347212E-01       1.46681615E-01
   500.1000       2.65586721E-01       3.13504835E-01       1.46803281E-01
   500.2000       2.65709855E-01       3.13662459E-01       1.46924858E-01
   500.3000       2.65833017E-01       3.13820058E-01       1.47046346E-01
   500.4000       2.65956182E-01       3.13977609E-01       1.47167745E-01
   500.5000       2.66079325E-01       3.14135086E-01       1.47289057E-01
   500.6000       2.66202421E-01       3.14292464E-01       1.47410282E-01
   500.7000       2.66325442E-01       3.14449718E-01       1.47531420E-01
   500.8000       2.66448360E-01       3.14606820E-01       1.47652472E-01
   500.9000       2.66571148E-01       3.14763745E-01       1.47773437E-01
   501.0000       2.66693775E-01       3.14920465E-01       1.47894317E-01
   501.1000       2.66816211E-01       3.15076953E-01       1.48015111E-01
   501.2000       2.66938427E-01       3.15233183E-01       1.48135820E-01
   501.3000       2.67060389E-01       3.15389127E-01       1.48256443E-01
   501.4000       2.67182068E-01       3.15544757E-01       1.48376982E-01
   501.5000       2.67303431E-01       3.15700048E-01       1.48497436E-01
   501.6000       2.67424447E-01       3.15854972E-01       1.48617805E-01
   501.7000       2.67545083E-01       3.16009504E-01       1.48738089E-01
   501.8000       2.67665309E-01       3.16163617E-01       1.48858288E-01
   501.9000       2.67785093E-01       3.16317287E-01       1.48978403E-01
   502.0000       2.67904404E-01       3.16470490E-01       1.49098434E-01
   502.1000       2.68023213E-01       3.16623202E-01       1.49218380E-01
   502.2000       2.68141492E-01       3.16775403E-01       1.49338241E-01
   502.3000       2.68259212E-01       3.16927070E-01       1.49458018E-01
   502.4000       2.68376349E-01       3.17078184E-01       1.49577711E-01
   502.5000       2.68492876E-01       3.17228728E-01       1.49697320E-01
   502.6000       2.68608772E-01       3.17378686E-01       1.49816844E-01
   502.7000       2.68724016E-01       3.17528043E-01       1.49936285E-01
   502.8000       2.68838589E-01       3.17676786E-01       1.50055642E-01
   502.9000       2.68952475E-01       3.17824907E-01       1.50174916E-01
   503.0000       2.69065660E-01       3.17972395E-01       1.50294107E-01
   503.1000       2.69178134E-01       3.18119247E-01       1.50413214E-01
   503.2000       2.69289887E-01       3.18265457E-01       1.50532239E-01
   503.3000       2.69400915E-01       3.18411026E-01       1.50651182E-01
   503.4000       2.69511214E-01       3.18555954E-01       1.50770044E-01
   503.5000       2.69620786E-01       3.18700245E-01       1.50888824E-01
   503.6000       2.69729635E-01       3.18843906E-01       1.51007523E-01
   503.7000       2.69837766E-01       3.18986947E-01       1.51126143E-01
   503.8000       2.69945189E-01       3.19129378E-01       1.51244683E-01
   503.9000       2.70051919E-01       3.19271213E-01       1.51363144E-01
   504.0000       2.70157970E-01       3.19412469E-01       1.51481527E-01
   504.1000       2.70263361E-01       3.19553165E-01       1.51599833E-01
   504.2000       2.70368115E-01       3.19693321E-01       1.51718062E-01
   504.3000       2.70472255E-01       3.19832961E-01       1.51836216E-01
   504.4000       2.70575810E-01       3.19972109E-01       1.51954295E-01
   504.5000       2.70678807E-01       3.20110792E-01       1.52072300E-01
   504.6000       2.70781280E-01       3.20249039E-01       1.52190233E-01
   504.7000       2.70883262E-01       3.20386879E-01       1.52308094E-01
   504.8000       2.70984789E-01       3.20524342E-01       1.52425883E-01
   504.9000       2.71085897E-01       3.20661462E-01       1.52543603E-01
   505.0000       2.71186625E-01       3.20798270E-01       1.52661254E-01
   505.1000       2.71287012E-01       3.20934800E-01       1.52778837E-01
   505.2000       2.71387100E-01       3.21071084E-01       1.52896354E-01
   505.3000       2.71486928E-01       3.21207157E-01       1.53013804E-01
   505.4000       2.71586537E-01       3.21343053E-01       1.53131190E-01
   505.5000       2.71685970E-01       3.21478803E-01       1.53248512E-01
   505.6000       2.71785265E-01       3.21614440E-01       1.53365772E-01
   505.7000       2.71884465E-01       3.21749996E-01       1.53482970E-01
   505.8000       2.71983607E-01       3.21885501E-01       1.53600107E-01
   505.9000       2.72082730E-01       3.22020985E-01       1.53717185E-01
   506.0000       2.72181872E-01       3.22156475E-01       1.53834203E-01
   506.1000       2.72281068E-01       3.22291998E-01       1.53951164E-01
   506.2000       2.72380351E-01       3.22427578E-01       1.54068068E-01
   506.3000       2.72479755E-01       3.22563239E-01       1.54184915E-01
   506.4000       2.72579309E-01       3.22699000E-01       1.54301707E-01
   506.5000       2.72679041E-01       3.22834882E-01       1.54418444E-01
   506.6000       2.72778978E-01       3.22970901E-01       1.54535127E-01
   506.7000       2.72879142E-01       3.23107072E-01       1.54651757E-01
   506.8000       2.72979556E-01       3.23243409E-01       1.54768334E-01
   506.9000       2.73080237E-01       3.23379922E-01       1.54884858E-01
   507.0000       2.73181203E-01       3.23516620E-01       1.55001331E-01
   507.1000       2.73282468E-01       3.23653511E-01       1.55117752E-01
   507.2000       2.73384044E-01       3.23790599E-01       1.55234123E-01
   507.3000       2.73485939E-01       3.23927888E-01       1.55350442E-01
   507.4000       2.73588163E-01       3.24065380E-01       1.55466712E-01
   507.5000       2.73690719E-01       3.24203075E-01       1.55582931E-01
   507.6000       2.73793611E-01       3.24340973E-01       1.55699100E-01
   507.7000       2.73896841E-01       3.24479070E-01       1.55815220E-01
   507.8000       2.74000408E-01       3.24617364E-01       1.55931290E-01
   507.9000       2.74104310E-01       3.24755850E-01       1.56047310E-01
   508.0000       2.74208543E-01       3.24894522E-01       1.56163281E-01
   508.1000       2.74313102E-01       3.25033376E-01       1.56279202E-01
   508.2000       2.74417981E-01       3.25172404E-01       1.56395073E-01
   508.3000       2.74523173E-01       3.25311601E-01       1.56510895E-01
   508.4000       2.74628670E-01       3.25450958E-01       1.56626666E-01
   508.5000       2.74734461E-01       3.25590469E-01       1.56742388E-01
   508.6000       2.74840537E-01       3.25730127E-01       1.56858059E-01
   508.7000       2.74946889E-01       3.25869924E-01       1.56973680E-01
   508.8000       2.75053504E-01       3.26009853E-01       1.57089250E-01
   508.9000       2.75160371E-01       3.26149908E-01       1.57204769E-01
   509.0000       2.75267479E-01       3.26290081E-01       1.57320236E-01
   509.1000       2.75374815E-01       3.26430367E-01       1.57435652E-01
   509.2000       2.75482367E-01       3.26570759E-01       1.57551016E-01
   509.3000       2.75590123E-01       3.26711252E-01       1.57666327E-01
   509.4000       2.75698069E-01       3.26851838E-01       1.57781585E-01
   509.5000       2.75806194E-01       3.26992514E-01       1.57896791E-01
   509.6000       2.75914483E-01       3.27133272E-01       1.58011943E-01
   509.7000       2.76022924E-01       3.27274109E-01       1.58127041E-01
   509.8000       2.76131504E-01       3.27415017E-01       1.58242085E-01
   509.9000       2.76240208E-01       3.27555992E-01       1.58357075E-01
   510.0000       2.76349022E-01       3.27697027E-01       1.58472010E-01
   510.1000       2.76457932E-01       3.27838115E-01       1.58586889E-01
   510.2000       2.76566924E-01       3.27979250E-01       1.58701714E-01
   510.3000       2.76675981E-01       3.28120425E-01       1.58816482E-01
   510.4000       2.76785089E-01       3.28261630E-01       1.58931195E-01
   510.5000       2.76894230E-01       3.28402857E-01       1.59045852E-01
   510.6000       2.77003389E-01       3.28544096E-01       1.59160452E-01
   510.7000       2.77112546E-01       3.28685336E-01       1.59274996E-01
   510.8000       2.77221685E-01       3.28826564E-01       1.59389483E-01
   510.9000       2.77330785E-01       3.28967768E-01       1.59503914E-01
   511.0000       2.77439827E-01       3.29108933E-01       1.59618288E-01
   511.1000       2.77548791E-01       3.29250043E-01       1.59732606E-01
   511.2000       2.77657655E-01       3.29391082E-01       1.59846868E-01
   511.3000       2.77766397E-01       3.29532032E-01       1.59961073E-01
   511.4000       2.77874994E-01       3.29672873E-01       1.60075222E-01
   511.5000       2.77983424E-01       3.29813585E-01       1.60189316E-01
   511.6000       2.78091662E-01       3.29954147E-01       1.60303354E-01
   511.7000       2.78199684E-01       3.30094536E-01       1.60417337E-01
   511.8000       2.78307466E-01       3.30234730E-01       1.60531266E-01
   511.9000       2.78414983E-01       3.30374703E-01       1.60645141E-01
   512.0000       2.78522210E-01       3.30514433E-01       1.60758962E-01
   512.1000       2.78629121E-01       3.30653894E-01       1.60872731E-01
   512.2000       2.78735694E-01       3.30793061E-01       1.60986448E-01
   512.3000       2.78841903E-01       3.30931908E-01       1.61100114E-01
   512.4000       2.78947725E-01       3.31070412E-01       1.61213730E-01
   512.5000       2.79053136E-01       3.31208547E-01       1.61327296E-01
   512.6000       2.79158116E-01       3.31346290E-01       1.61440814E-01
   512.7000       2.79262642E-01       3.31483618E-01       1.61554285E-01
   512.8000       2.79366697E-01       3.31620508E-01       1.61667710E-01
   512.9000       2.79470260E-01       3.31756940E-01       1.61781089E-01
   513.0000       2.79573316E-01       3.31892895E-01       1.61894425E-01
   513.1000       2.79675851E-01       3.32028355E-01       1.62007718E-01
   513.2000       2.79777850E-01       3.32163303E-01       1.62120970E-01
   513.3000       2.79879305E-01       3.32297727E-01       1.62234182E-01
   513.4000       2.79980205E-01       3.32431615E-01       1.62347354E-01
   513.5000       2.80080546E-01       3.32564957E-01       1.62460490E-01
   513.6000       2.80180322E-01       3.32697746E-01       1.62573589E-01
   513.7000       2.80279534E-01       3.32829979E-01       1.62686653E-01
   513.8000       2.80378181E-01       3.32961652E-01       1.62799684E-01
   513.9000       2.80476269E-01       3.33092767E-01       1.62912682E-01
   514.0000       2.80573802E-01       3.33223328E-01       1.63025649E-01
   514.1000       2.80670789E-01       3.33353340E-01       1.63138586E-01
   514.2000       2.80767242E-01       3.33482811E-01       1.63251494E-01
   514.3000       2.80863175E-01       3.33611754E-01       1.63364375E-01
   514.4000       2.80958603E-01       3.33740181E-01       1.63477229E-01
   514.5000       2.81053543E-01       3.33868109E-01       1.63590058E-01
   514.6000       2.81148018E-01       3.33995555E-01       1.63702861E-01
   514.7000       2.81242047E-01       3.34122540E-01       1.63815641E-01
   514.8000       2.81335656E-01       3.34249087E-01       1.63928398E-01
   514.9000       2.81428869E-01       3.34375218E-01       1.64041132E-01
   515.0000       2.81521714E-01       3.34500961E-01       1.64153845E-01
   515.1000       2.81614219E-01       3.34626340E-01       1.64266536E-01
   515.2000       2.81706413E-01       3.34751386E-01       1.64379205E-01
   515.3000       2.81798325E-01       3.34876126E-01       1.64491854E-01
   515.4000       2.81889987E-01       3.35000590E-01       1.64604483E-01
   515.5000       2.81981430E-01       3.35124809E-01       1.64717090E-01
   515.6000       2.82072684E-01       3.35248813E-01       1.64829677E-01
   515.7000       2.82163782E-01       3.35372632E-01       1.64942243E-01
   515.8000       2.82254753E-01       3.35496298E-01       1.65054788E-01
   515.9000       2.82345630E-01       3.35619840E-01       1.65167311E-01
   516.0000       2.82436442E-01       3.35743288E-01       1.65279812E-01
   516.1000       2.82527219E-01       3.35866671E-01       1.65392291E-01
   516.2000       2.82617989E-01       3.35990018E-01       1.65504746E-01
   516.3000       2.82708781E-01       3.36113355E-01       1.65617177E-01
   516.4000       2.82799622E-01       3.36236709E-01       1.65729583E-01
   516.5000       2.82890535E-01       3.36360105E-01       1.65841963E-01
   516.6000       2.82981547E-01       3.36483566E-01       1.65954317E-01
   516.7000       2.83072680E-01       3.36607116E-01       1.66066642E-01
   516.8000       2.83163955E-01       3.36730775E-01       1.66178938E-01
   516.9000       2.83255393E-01       3.36854563E-01       1.66291204E-01
   517.0000       2.83347013E-01       3.36978498E-01       1.66403439E-01
   517.1000       2.83438831E-01       3.37102597E-01       1.66515641E-01
   517.2000       2.83530864E-01       3.37226875E-01       1.66627809E-01
   517.3000       2.83623126E-01       3.37351347E-01       1.66739941E-01
   517.4000       2.83715629E-01       3.37476024E-01       1.66852037E-01
   517.5000       2.83808386E-01       3.37600918E-01       1.66964095E-01
   517.6000       2.83901406E-01       3.37726039E-01       1.67076115E-01
   517.7000       2.83994699E-01       3.37851395E-01       1.67188093E-01
   517.8000       2.84088272E-01       3.37976994E-01       1.67300031E-01
   517.9000       2.84182131E-01       3.38102841E-01       1.67411925E-01
   518.0000       2.84276282E-01       3.38228943E-01       1.67523776E-01
   518.1000       2.84370729E-01       3.38355303E-01       1.67635582E-01
   518.2000       2.84465474E-01       3.38481925E-01       1.67747342E-01
   518.3000       2.84560521E-01       3.38608810E-01       1.67859055E-01
   518.4000       2.84655869E-01       3.38735960E-01       1.67970720E-01
   518.5000       2.84751519E-01       3.38863375E-01       1.68082337E-01
   518.6000       2.84847470E-01       3.38991055E-01       1.68193904E-01
   518.7000       2.84943720E-01       3.39118999E-01       1.68305420E-01
   518.8000       2.85040267E-01       3.39247204E-01       1.68416887E-01
   518.9000       2.85137106E-01       3.39375668E-01       1.68528301E-01
   519.0000       2.85234233E-01       3.39504387E-01       1.68639665E-01
   519.1000       2.85331643E-01       3.39633356E-01       1.68750976E-01
   519.2000       2.85429329E-01       3.39762570E-01       1.68862234E-01
   519.3000       2.85527283E-01       3.39892022E-01       1.68973441E-01
   519.4000       2.85625498E-01       3.40021706E-01       1.69084594E-01
   519.5000       2.85723964E-01       3.40151612E-01       1.69195695E-01
   519.6000       2.85822670E-01       3.40281733E-01       1.69306743E-01
   519.7000       2.85921606E-01       3.40412058E-01       1.69417739E-01
   519.8000       2.86020758E-01       3.40542574E-01       1.69528682E-01
   519.9000       2.86120113E-01       3.40673271E-01       1.69639573E-01
   520.0000       2.86219656E-01       3.40804135E-01       1.69750412E-01
   520.1000       2.86319372E-01       3.40935151E-01       1.69861199E-01
   520.2000       2.86419243E-01       3.41066302E-01       1.69971936E-01
   520.3000       2.86519251E-01       3.41197573E-01       1.70082622E-01
   520.4000       2.86619378E-01       3.41328944E-01       1.70193258E-01
   520.5000       2.86719602E-01       3.41460398E-01       1.70303845E-01
   520.6000       2.86819903E-01       3.41591912E-01       1.70414383E-01
   520.7000       2.86920258E-01       3.41723466E-01       1.70524872E-01
   520.8000       2.87020644E-01       3.41855036E-01       1.70635315E-01
   520.9000       2.87121037E-01       3.41986600E-01       1.70745711E-01
   521.0000       2.87221412E-01       3.42118133E-01       1.70856060E-01
   521.1000       2.87321743E-01       3.42249609E-01       1.70966365E-01
   521.2000       2.87422004E-01       3.42381003E-01       1.71076626E-01
   521.3000       2.87522169E-01       3.42512287E-01       1.71186843E-01
   521.4000       2.87622210E-01       3.42643436E-01       1.71297018E-01
   521.5000       2.87722101E-01       3.42774420E-01       1.71407151E-01
   521.6000       2.87821815E-01       3.42905214E-01       1.71517243E-01
   521.7000       2.87921325E-01       3.43035790E-01       1.71627296E-01
   521.8000       2.88020604E-01       3.43166120E-01       1.71737310E-01
   521.9000       2.88119626E-01       3.43296177E-01       1.71847286E-01
   522.0000       2.88218365E-01       3.43425936E-01       1.71957225E-01
   522.1000       2.88316798E-01       3.43555370E-01       1.72067129E-01
   522.2000       2.88414901E-01       3.43684456E-01       1.72176997E-01
   522.3000       2.88512651E-01       3.43813173E-01       1.72286832E-01
   522.4000       2.88610027E-01       3.43941498E-01       1.72396633E-01
   522.5000       2.88707009E-01       3.44069411E-01       1.72506403E-01
   522.6000       2.88803581E-01       3.44196894E-01       1.72616142E-01
   522.7000       2.88899724E-01       3.44323928E-01       1.72725852E-01
   522.8000       2.88995425E-01       3.44450498E-01       1.72835532E-01
   522.9000       2.89090671E-01       3.44576593E-01       1.72945185E-01
   523.0000       2.89185452E-01       3.44702198E-01       1.73054812E-01
   523.1000       2.89279759E-01       3.44827307E-01       1.73164413E-01
   523.2000       2.89373586E-01       3.44951912E-01       1.73273989E-01
   523.3000       2.89466928E-01       3.45076004E-01       1.73383542E-01
   523.4000       2.89559785E-01       3.45199581E-01       1.73493073E-01
   523.5000       2.89652154E-01       3.45322651E-01       1.73602583E-01
   523.6000       2.89744040E-01       3.45445200E-01       1.73712073E-01
   523.7000       2.89835447E-01       3.45567243E-01       1.73821544E-01
   523.8000       2.89926380E-01       3.45688780E-01       1.73930997E-01
   523.9000       2.90016848E-01       3.45809823E-01       1.74040433E-01
   524.0000       2.90106860E-01       3.45930377E-01       1.74149853E-01
   524.1000       2.90196430E-01       3.46050455E-01       1.74259259E-01
   524.2000       2.90285570E-01       3.46170068E-01       1.74368651E-01
   524.3000       2.90374295E-01       3.46289236E-01       1.74478031E-01
   524.4000       2.90462622E-01       3.46407970E-01       1.74587399E-01
   524.5000       2.90550568E-01       3.46526295E-01       1.74696757E-01
   524.6000       2.90638151E-01       3.46644224E-01       1.74806105E-01
   524.7000       2.90725391E-01       3.46761774E-01       1.74915445E-01
   524.8000       2.90812307E-01       3.46878972E-01       1.75024777E-01
   524.9000       2.90898921E-01       3.46995843E-01       1.75134102E-01
   525.0000       2.90985253E-01       3.47112400E-01       1.75243422E-01
   525.1000       2.91071325E-01       3.47228674E-01       1.75352736E-01
   525.2000       2.91157158E-01       3.47344683E-01       1.75462046E-01
   525.3000       2.91242772E-01       3.47460455E-01       1.75571353E-01
   525.4000       2.91328190E-01       3.47576008E-01       1.75680656E-01
   525.5000       2.91413431E-01       3.47691364E-01       1.75789958E-01
   525.6000       2.91498517E-01       3.47806561E-01       1.75899257E-01
   525.7000       2.91583467E-01       3.47921607E-01       1.76008556E-01
   525.8000       2.91668300E-01       3.48036531E-01       1.76117854E-01
   525.9000       2.91753034E-01       3.48151357E-01       1.76227151E-01
   526.0000       2.91837689E-01       3.48266098E-01       1.76336448E-01
   526.1000       2.91922279E-01       3.48380782E-01       1.76445746E-01
   526.2000       2.92006822E-01       3.48495429E-01       1.76555043E-01
   526.3000       2.92091333E-01       3.48610059E-01       1.76664341E-01
   526.4000       2.92175826E-01       3.48724694E-01       1.76773639E-01
   526.5000       2.92260315E-01       3.48839340E-01       1.76882937E-01
   526.6000       2.92344812E-01       3.48954031E-01       1.76992234E-01
   526.7000       2.92429329E-01       3.49068770E-01       1.77101532E-01
   526.8000       2.92513877E-01       3.49183583E-01       1.77210828E-01
   526.9000       2.92598466E-01       3.49298481E-01       1.77320123E-01
   527.0000       2.92683105E-01       3.49413471E-01       1.77429417E-01
   527.1000       2.92767803E-01       3.49528581E-01       1.77538707E-01
   527.2000       2.92852568E-01       3.49643800E-01       1.77647995E-01
   527.3000       2.92937406E-01       3.49759165E-01       1.77757278E-01
   527.4000       2.93022323E-01       3.49874664E-01       1.77866555E-01
   527.5000       2.93107326E-01       3.49990327E-01       1.77975827E-01
   527.6000       2.93192420E-01       3.50106146E-01       1.78085091E-01
   527.7000       2.93277608E-01       3.50222138E-01       1.78194347E-01
   527.8000       2.93362895E-01       3.50338307E-01       1.78303593E-01
   527.9000       2.93448284E-01       3.50454664E-01       1.78412827E-01
   528.0000       2.93533777E-01       3.50571197E-01       1.78522049E-01
   528.1000       2.93619377E-01       3.50687948E-01       1.78631257E-01
   528.2000       2.93705084E-01       3.50804866E-01       1.78740448E-01
   528.3000       2.93790900E-01       3.50921998E-01       1.78849623E-01
   528.4000       2.93876824E-01       3.51039324E-01       1.78958777E-01
   528.5000       2.93962856E-01       3.51156848E-01       1.79067911E-01
   528.6000       2.94048994E-01       3.51274585E-01       1.79177022E-01
   528.7000       2.94135236E-01       3.51392517E-01       1.79286109E-01
   528.8000       2.94221579E-01       3.51510624E-01       1.79395169E-01
   528.9000       2.94308017E-01       3.51628949E-01       1.79504200E-01
   529.0000       2.94394547E-01       3.51747447E-01       1.79613201E-01
   529.1000       2.94481162E-01       3.51866134E-01       1.79722169E-01
   529.2000       2.94567853E-01       3.51984986E-01       1.79831103E-01
   529.3000       2.94654614E-01       3.52104001E-01       1.79940000E-01
   529.4000       2.94741433E-01       3.52223167E-01       1.80048859E-01
   529.5000       2.94828300E-01       3.52342475E-01       1.80157678E-01
   529.6000       2.94915201E-01       3.52461903E-01       1.80266454E-01
   529.7000       2.95002124E-01       3.52581438E-01       1.80375186E-01
   529.8000       2.95089052E-01       3.52701080E-01       1.80483872E-01
   529.9000       2.95175969E-01       3.52820786E-01       1.80592511E-01
   530.0000       2.95262857E-01       3.52940570E-01       1.80701099E-01
   530.1000       2.95349695E-01       3.53060374E-01       1.80809636E-01
   530.2000       2.95436464E-01       3.53180196E-01       1.80918120E-01
   530.3000       2.95523140E-01       3.53300014E-01       1.81026550E-01
   530.4000       2.95609701E-01       3.53419794E-01       1.81134923E-01
   530.5000       2.95696120E-01       3.53539535E-01       1.81243239E-01
   530.6000       2.95782373E-01       3.53659180E-01       1.81351496E-01
   530.7000       2.95868432E-01       3.53778728E-01       1.81459694E-01
   530.8000       2.95954269E-01       3.53898149E-01       1.81567830E-01
   530.9000       2.96039854E-01       3.54017410E-01       1.81675904E-01
   531.0000       2.96125159E-01       3.54136472E-01       1.81783915E-01
   531.1000       2.96210154E-01       3.54255343E-01       1.81891862E-01
   531.2000       2.96294807E-01       3.54373953E-01       1.81999746E-01
   531.3000       2.96379089E-01       3.54492328E-01       1.82107564E-01
   531.4000       2.96462967E-01       3.54610376E-01       1.82215318E-01
   531.5000       2.96546412E-01       3.54728118E-01       1.82323006E-01
   531.6000       2.96629392E-01       3.54845517E-01       1.82430629E-01
   531.7000       2.96711879E-01       3.54962534E-01       1.82538187E-01
   531.8000       2.96793841E-01       3.55079171E-01       1.82645680E-01
   531.9000       2.96875251E-01       3.55195397E-01       1.82753109E-01
   532.0000       2.96956081E-01       3.55311163E-01       1.82860473E-01
   532.1000       2.97036304E-01       3.55426488E-01       1.82967774E-01
   532.2000       2.97115895E-01       3.55541363E-01       1.83075012E-01
   532.3000       2.97194830E-01       3.55655721E-01       1.83182189E-01
   532.4000       2.97273085E-01       3.55769591E-01       1.83289306E-01
   532.5000       2.97350641E-01       3.55882924E-01       1.83396362E-01
   532.6000       2.97427479E-01       3.55995745E-01       1.83503361E-01
   532.7000       2.97503581E-01       3.56108005E-01       1.83610304E-01
   532.8000       2.97578931E-01       3.56219708E-01       1.83717191E-01
   532.9000       2.97653517E-01       3.56330897E-01       1.83824026E-01
   533.0000       2.97727328E-01       3.56441522E-01       1.83930808E-01
   533.1000       2.97800353E-01       3.56551582E-01       1.84037541E-01
   533.2000       2.97872586E-01       3.56661061E-01       1.84144227E-01
   533.3000       2.97944022E-01       3.56770006E-01       1.84250867E-01
   533.4000       2.98014657E-01       3.56878344E-01       1.84357464E-01
   533.5000       2.98084491E-01       3.56986187E-01       1.84464019E-01
   533.6000       2.98153524E-01       3.57093442E-01       1.84570535E-01
   533.7000       2.98221759E-01       3.57200222E-01       1.84677015E-01
   533.8000       2.98289201E-01       3.57306417E-01       1.84783460E-01
   533.9000       2.98355855E-01       3.57412146E-01       1.84889874E-01
   534.0000       2.98421729E-01       3.57517274E-01       1.84996257E-01
   534.1000       2.98486833E-01       3.57621999E-01       1.85102613E-01
   534.2000       2.98551178E-01       3.57726185E-01       1.85208945E-01
   534.3000       2.98614775E-01       3.57829928E-01       1.85315253E-01
   534.4000       2.98677638E-01       3.57933169E-01       1.85421541E-01
   534.5000       2.98739780E-01       3.58035977E-01       1.85527812E-01
   534.6000       2.98801217E-01       3.58138364E-01       1.85634066E-01
   534.7000       2.98861966E-01       3.58240317E-01       1.85740306E-01
   534.8000       2.98922042E-01       3.58341902E-01       1.85846535E-01
   534.9000       2.98981464E-01       3.58443035E-01       1.85952754E-01
   535.0000       2.99040249E-01       3.58543796E-01       1.86058965E-01
   535.1000       2.99098416E-01       3.58644198E-01       1.86165170E-01
   535.2000       2.99155983E-01       3.58744261E-01       1.86271371E-01
   535.3000       2.99212969E-01       3.58843979E-01       1.86377569E-01
   535.4000       2.99269393E-01       3.58943388E-01       1.86483766E-01
   535.5000       2.99325275E-01       3.59042507E-01       1.86589963E-01
   535.6000       2.99380634E-01       3.59141261E-01       1.86696161E-01
   535.7000       2.99435489E-01       3.59239735E-01       1.86802361E-01
   535.8000       2.99489859E-01       3.59337983E-01       1.86908565E-01
   535.9000       2.99543764E-01       3.59435990E-01       1.87014772E-01
   536.0000       2.99597223E-01       3.59533657E-01       1.87120985E-01
   536.1000       2.99650255E-01       3.59631145E-01       1.87227202E-01
   536.2000       2.99702879E-01       3.59728411E-01       1.87333424E-01
   536.3000       2.99755113E-01       3.59825474E-01       1.87439652E-01
   536.4000       2.99806977E-01       3.59922278E-01       1.87545886E-01
   536.5000       2.99858488E-01       3.60018858E-01       1.87652125E-01
   536.6000       2.99909666E-01       3.60115324E-01       1.87758368E-01
   536.7000       2.99960528E-01       3.60211630E-01       1.87864616E-01
   536.8000       3.00011094E-01       3.60307710E-01       1.87970868E-01
   536.9000       3.00061381E-01       3.60403619E-01       1.88077123E-01
   537.0000       3.00111409E-01       3.60499380E-01       1.88183380E-01
   537.1000       3.00161195E-01       3.60595051E-01       1.88289637E-01
   537.2000       3.00210758E-01       3.60690564E-01       1.88395895E-01
   537.3000       3.00260116E-01       3.60785953E-01       1.88502150E-01
   537.4000       3.00309289E-01       3.60881263E-01       1.88608402E-01
   537.5000       3.00358294E-01       3.60976403E-01       1.88714649E-01
   537.6000       3.00407151E-01       3.61071552E-01       1.88820890E-01
   537.7000       3.00455878E-01       3.61166495E-01       1.88927121E-01
   537.8000       3.00504494E-01       3.61261427E-01       1.89033342E-01
   537.9000       3.00553018E-01       3.61356276E-01       1.89139551E-01
   538.0000       3.00601470E-01       3.61451183E-01       1.89245744E-01
   538.1000       3.00649869E-01       3.61545880E-01       1.89351920E-01
   538.2000       3.00698233E-01       3.61640618E-01       1.89458077E-01
   538.3000       3.00746582E-01       3.61735364E-01       1.89564212E-01
   538.4000       3.00794936E-01       3.61830069E-01       1.89670322E-01
   538.5000       3.00843313E-01       3.61924693E-01       1.89776405E-01
   538.6000       3.00891732E-01       3.62019391E-01       1.89882459E-01
   538.7000       3.00940212E-01       3.62114069E-01       1.89988481E-01
   538.8000       3.00988773E-01       3.62208806E-01       1.90094467E-01
   538.9000       3.01037432E-01       3.62303598E-01       1.90200417E-01
   539.0000       3.01086209E-01       3.62398321E-01       1.90306326E-01
   539.1000       3.01135121E-01       3.62493168E-01       1.90412193E-01
   539.2000       3.01184186E-01       3.62588010E-01       1.90518014E-01
   539.3000       3.01233422E-01       3.62682899E-01       1.90623788E-01
   539.4000       3.01282846E-01       3.62777831E-01       1.90729510E-01
   539.5000       3.01332475E-01       3.62872903E-01       1.90835180E-01
   539.6000       3.01382326E-01       3.62967999E-01       1.90940793E-01
   539.7000       3.01432413E-01       3.63063084E-01       1.91046348E-01
   539.8000       3.01482754E-01       3.63158359E-01       1.91151843E-01
   539.9000       3.01533363E-01       3.63253689E-01       1.91257274E-01
   540.0000       3.01584254E-01       3.63348989E-01       1.91362639E-01
   540.1000       3.01635442E-01       3.63444511E-01       1.91467937E-01
   540.2000       3.01686941E-01       3.63540031E-01       1.91573164E-01
   540.3000       3.01738762E-01       3.63635666E-01       1.91678318E-01
   540.4000       3.01790919E-01       3.63731431E-01       1.91783398E-01
   540.5000       3.01843423E-01       3.63827283E-01       1.91888402E-01
   540.6000       3.01896286E-01       3.63923178E-01       1.91993326E-01
   540.7000       3.01949519E-01       3.64019173E-01       1.92098170E-01
   540.8000       3.02003132E-01       3.64115336E-01       1.92202932E-01
   540.9000       3.02057134E-01       3.64211487E-01       1.92307610E-01
   541.0000       3.02111535E-01       3.64307801E-01       1.92412202E-01
   541.1000       3.02166343E-01       3.64404233E-01       1.92516706E-01
   541.2000       3.02221567E-01       3.64500786E-01       1.92621122E-01
   541.3000       3.02277213E-01       3.64597320E-01       1.92725448E-01
   541.4000       3.02333289E-01       3.64694047E-01       1.92829683E-01
   541.5000       3.02389799E-01       3.64790834E-01       1.92933825E-01
   541.6000       3.02446751E-01       3.64887786E-01       1.93037874E-01
   541.7000       3.02504149E-01       3.64984705E-01       1.93141829E-01
   541.8000       3.02561996E-01       3.65081850E-01       1.93245688E-01
   541.9000       3.02620297E-01       3.65179103E-01       1.93349452E-01
   542.0000       3.02679053E-01       3.65276417E-01       1.93453119E-01
   542.1000       3.02738267E-01       3.65373815E-01       1.93556689E-01
   542.2000       3.02797941E-01       3.65471446E-01       1.93660162E-01
   542.3000       3.02858073E-01       3.65569060E-01       1.93763538E-01
   542.4000       3.02918665E-01       3.65666889E-01       1.93866816E-01
   542.5000       3.02979713E-01       3.65764730E-01       1.93969998E-01
   542.6000       3.03041217E-01       3.65862755E-01       1.94073082E-01
   542.7000       3.03103171E-01       3.65960878E-01       1.94176069E-01
   542.8000       3.03165572E-01       3.66059051E-01       1.94278960E-01
   542.9000       3.03228413E-01       3.66157389E-01       1.94381756E-01
   543.0000       3.03291689E-01       3.66255807E-01       1.94484457E-01
   543.1000       3.03355391E-01       3.66354384E-01       1.94587064E-01
   543.2000       3.03419510E-01       3.66452961E-01       1.94689578E-01
   543.3000       3.03484036E-01       3.66551734E-01       1.94792001E-01
   543.4000       3.03548956E-01       3.66650358E-01       1.94894333E-01
   543.5000       3.03614260E-01       3.66749328E-01       1.94996578E-01
   543.6000       3.03679932E-01       3.66848126E-01       1.95098735E-01
   543.7000       3.03745957E-01       3.66947140E-01       1.95200807E-01
   543.8000       3.03812319E-01       3.67046053E-01       1.95302796E-01
   543.9000       3.03879001E-01       3.67145088E-01       1.95404704E-01
   544.0000       3.03945984E-01       3.67244092E-01       1.95506533E-01
   544.1000       3.04013247E-01       3.67343140E-01       1.95608286E-01
   544.2000       3.04080771E-01       3.67442029E-01       1.95709965E-01
   544.3000       3.04148534E-01       3.67541013E-01       1.95811572E-01
   544.4000       3.04216512E-01       3.67639801E-01       1.95913111E-01
   544.5000       3.04284683E-01       3.67738610E-01       1.96014585E-01
   544.6000       3.04353022E-01       3.67837319E-01       1.96115995E-01
   544.7000       3.04421505E-01       3.67935791E-01       1.96217345E-01
   544.8000       3.04490106E-01       3.68034111E-01       1.96318639E-01
   544.9000       3.04558800E-01       3.68132274E-01       1.96419879E-01
   545.0000       3.04627561E-01       3.68230367E-01       1.96521068E-01
   545.1000       3.04696362E-01       3.68328008E-01       1.96622210E-01
   545.2000       3.04765179E-01       3.68425593E-01       1.96723308E-01
   545.3000       3.04833984E-01       3.68522719E-01       1.96824365E-01
   545.4000       3.04902753E-01       3.68619578E-01       1.96925385E-01
   545.5000       3.04971460E-01       3.68716173E-01       1.97026370E-01
   545.6000       3.05040081E-01       3.68812435E-01       1.97127324E-01
   545.7000       3.05108591E-01       3.68908249E-01       1.97228250E-01
   545.8000       3.05176967E-01       3.69003698E-01       1.97329152E-01
   545.9000       3.05245188E-01       3.69098634E-01       1.97430031E-01
   546.0000       3.05313230E-01       3.69193195E-01       1.97530892E-01
   546.1000       3.05381075E-01       3.69287222E-01       1.97631737E-01
   546.2000       3.05448702E-01       3.69380782E-01       1.97732570E-01
   546.3000       3.05516095E-01       3.69473902E-01       1.97833391E-01
   546.4000       3.05583237E-01       3.69566364E-01       1.97934205E-01
   546.5000       3.05650112E-01       3.69658450E-01       1.98035014E-01
   546.6000       3.05716707E-01       3.69749818E-01       1.98135819E-01
   546.7000       3.05783010E-01       3.69840760E-01       1.98236623E-01
   546.8000       3.05849010E-01       3.69931154E-01       1.98337429E-01
   546.9000       3.05914697E-01       3.70020749E-01       1.98438237E-01
   547.0000       3.05980065E-01       3.70110006E-01       1.98539050E-01
   547.1000       3.06045107E-01       3.70198410E-01       1.98639869E-01
   547.2000       3.06109818E-01       3.70286335E-01       1.98740696E-01
   547.3000       3.06174195E-01       3.70373769E-01       1.98841531E-01
   547.4000       3.06238236E-01       3.70460615E-01       1.98942375E-01
   547.5000       3.06301940E-01       3.70546738E-01       1.99043230E-01
   547.6000       3.06365308E-01       3.70632284E-01       1.99144096E-01
   547.7000       3.06428341E-01       3.70717295E-01       1.99244973E-01
   547.8000       3.06491043E-01       3.70801806E-01       1.99345861E-01
   547.9000       3.06553418E-01       3.70885656E-01       1.99446762E-01
   548.0000       3.06615468E-01       3.70968993E-01       1.99547674E-01
   548.1000       3.06677202E-01       3.71051622E-01       1.99648598E-01
   548.2000       3.06738623E-01       3.71133854E-01       1.99749533E-01
   548.3000       3.06799740E-01       3.71215571E-01       1.99850480E-01
   548.4000       3.06860559E-01       3.71296802E-01       1.99951436E-01
   548.5000       3.06921089E-01       3.71377509E-01       2.00052402E-01
   548.6000       3.06981336E-01       3.71457585E-01       2.00153377E-01
   548.7000       3.07041310E-01       3.71537300E-01       2.00254360E-01
   548.8000       3.07101020E-01       3.71616534E-01       2.00355349E-01
   548.9000       3.07160472E-01       3.71695348E-01       2.00456345E-01
   549.0000       3.07219677E-01       3.71773592E-01       2.00557345E-01
   549.1000       3.07278642E-01       3.71851479E-01       2.00658348E-01
   549.2000       3.07337377E-01       3.71928737E-01       2.00759353E-01
   549.3000       3.07395888E-01       3.72005666E-01       2.00860359E-01
   549.4000       3.07454185E-01       3.72082119E-01       2.00961365E-01
   549.5000       3.07512275E-01       3.72158108E-01       2.01062367E-01
   549.6000       3.07570164E-01       3.72233618E-01       2.01163367E-01
   549.7000       3.07627861E-01       3.72308747E-01       2.01264361E-01
   549.8000       3.07685370E-01       3.72383389E-01       2.01365348E-01
   549.9000       3.07742700E-01       3.72457683E-01       2.01466326E-01
   550.0000       3.07799854E-01       3.72531516E-01       2.01567295E-01
   550.1000       3.07856838E-01       3.72604878E-01       2.01668252E-01
   550.2000       3.07913656E-01       3.72677970E-01       2.01769195E-01
   550.3000       3.07970313E-01       3.72750554E-01       2.01870124E-01
   550.4000       3.08026812E-01       3.72822729E-01       2.01971036E-01
   550.5000       3.08083156E-01       3.72894480E-01       2.02071930E-01
   550.6000       3.08139347E-01       3.72965843E-01       2.02172804E-01
   550.7000       3.08195387E-01       3.73036758E-01       2.02273656E-01
   550.8000       3.08251277E-01       3.73107372E-01       2.02374485E-01
   550.9000       3.08307019E-01       3.73177442E-01       2.02475288E-01
   551.0000       3.08362611E-01       3.73247137E-01       2.02576065E-01
   551.1000       3.08418055E-01       3.73316341E-01       2.02676814E-01
   551.2000       3.08473348E-01       3.73385084E-01       2.02777533E-01
   551.3000       3.08528489E-01       3.73453378E-01       2.02878220E-01
   551.4000       3.08583477E-01       3.73521323E-01       2.02978873E-01
   551.5000       3.08638309E-01       3.73588647E-01       2.03079491E-01
   551.6000       3.08692981E-01       3.73655565E-01       2.03180071E-01
   551.7000       3.08747491E-01       3.73721910E-01       2.03280613E-01
   551.8000       3.08801833E-01       3.73787870E-01       2.03381115E-01
   551.9000       3.08856003E-01       3.73853086E-01       2.03481574E-01
   552.0000       3.08909995E-01       3.73918030E-01       2.03581989E-01
   552.1000       3.08963805E-01       3.73982176E-01       2.03682357E-01
   552.2000       3.09017425E-01       3.74045716E-01       2.03782679E-01
   552.3000       3.09070850E-01       3.74108865E-01       2.03882950E-01
   552.4000       3.09124071E-01       3.74171101E-01       2.03983171E-01
   552.5000       3.09177081E-01       3.74232982E-01       2.04083338E-01
   552.6000       3.09229873E-01       3.74294132E-01       2.04183450E-01
   552.7000       3.09282437E-01       3.74354434E-01       2.04283506E-01
   552.8000       3.09334766E-01       3.74414232E-01       2.04383503E-01
   552.9000       3.09386850E-01       3.74473173E-01       2.04483440E-01
   553.0000       3.09438681E-01       3.74531645E-01       2.04583316E-01
   553.1000       3.09490249E-01       3.74589116E-01       2.04683128E-01
   553.2000       3.09541545E-01       3.74645873E-01       2.04782875E-01
   553.3000       3.09592560E-01       3.74701882E-01       2.04882556E-01
   553.4000       3.09643284E-01       3.74756981E-01       2.04982169E-01
   553.5000       3.09693709E-01       3.74811330E-01       2.05081712E-01
   553.6000       3.09743825E-01       3.74864701E-01       2.05181184E-01
   553.7000       3.09793623E-01       3.74917437E-01       2.05280585E-01
   553.8000       3.09843097E-01       3.74969188E-01       2.05379912E-01
   553.9000       3.09892237E-01       3.75020006E-01       2.05479165E-01
   554.0000       3.09941037E-01       3.75069865E-01       2.05578343E-01
   554.1000       3.09989490E-01       3.75118896E-01       2.05677445E-01
   554.2000       3.10037591E-01       3.75166996E-01       2.05776470E-01
   554.3000       3.10085336E-01       3.75214147E-01       2.05875417E-01
   554.4000       3.10132721E-01       3.75260243E-01       2.05974286E-01
   554.5000       3.10179742E-01       3.75305454E-01       2.06073077E-01
   554.6000       3.10226400E-01       3.75349675E-01       2.06171789E-01
   554.7000       3.10272693E-01       3.75392731E-01       2.06270421E-01
   554.8000       3.10318623E-01       3.75435019E-01       2.06368975E-01
   554.9000       3.10364193E-01       3.75476229E-01       2.06467449E-01
   555.0000       3.10409408E-01       3.75516448E-01       2.06565845E-01
   555.1000       3.10454272E-01       3.75555592E-01       2.06664162E-01
   555.2000       3.10498794E-01       3.75593820E-01       2.06762401E-01
   555.3000       3.10542982E-01       3.75631009E-01       2.06860562E-01
   555.4000       3.10586847E-01       3.75667454E-01       2.06958646E-01
   555.5000       3.10630400E-01       3.75702527E-01       2.07056654E-01
   555.6000       3.10673657E-01       3.75736837E-01       2.07154586E-01
   555.7000       3.10716631E-01       3.75770113E-01       2.07252443E-01
   555.8000       3.10759341E-01       3.75802457E-01       2.07350227E-01
   555.9000       3.10801804E-01       3.75833763E-01       2.07447937E-01
   556.0000       3.10844040E-01       3.75864106E-01       2.07545576E-01
   556.1000       3.10886069E-01       3.75893763E-01       2.07643145E-01
   556.2000       3.10927914E-01       3.75922368E-01       2.07740644E-01
   556.3000       3.10969599E-01       3.75949996E-01       2.07838075E-01
   556.4000       3.11011145E-01       3.75976772E-01       2.07935439E-01
   556.5000       3.11052580E-01       3.76002791E-01       2.08032737E-01
   556.6000       3.11093926E-01       3.76027961E-01       2.08129971E-01
   556.7000       3.11135211E-01       3.76052204E-01       2.08227141E-01
   556.8000       3.11176460E-01       3.76075820E-01       2.08324250E-01
   556.9000       3.11217699E-01       3.76098486E-01       2.08421298E-01
   557.0000       3.11258954E-01       3.76120445E-01       2.08518286E-01
   557.1000       3.11300249E-01       3.76141610E-01       2.08615216E-01
   557.2000       3.11341612E-01       3.76162102E-01       2.08712089E-01
   557.3000       3.11383065E-01       3.76181922E-01       2.08808906E-01
   557.4000       3.11424634E-01       3.76201029E-01       2.08905667E-01
   557.5000       3.11466339E-01       3.76219413E-01       2.09002375E-01
   557.6000       3.11508204E-01       3.76237135E-01       2.09099030E-01
   557.7000       3.11550249E-01       3.76254220E-01       2.09195633E-01
   557.8000       3.11592493E-01       3.76270720E-01       2.09292184E-01
   557.9000       3.11634953E-01       3.76286441E-01       2.09388685E-01
   558.0000       3.11677644E-01       3.76301583E-01       2.09485137E-01
   558.1000       3.11720582E-01       3.76316354E-01       2.09581540E-01
   558.2000       3.11763778E-01       3.76330200E-01       2.09677895E-01
   558.3000       3.11807243E-01       3.76343568E-01       2.09774202E-01
   558.4000       3.11850984E-01       3.76356504E-01       2.09870463E-01
   558.5000       3.11895007E-01       3.76368695E-01       2.09966677E-01
   558.6000       3.11939316E-01       3.76380384E-01       2.10062846E-01
   558.7000       3.11983914E-01       3.76391240E-01       2.10158970E-01
   558.8000       3.12028799E-01       3.76401783E-01       2.10255049E-01
   558.9000       3.12073969E-01       3.76411609E-01       2.10351085E-01
   559.0000       3.12119419E-01       3.76420812E-01       2.10447076E-01
   559.1000       3.12165143E-01       3.76429379E-01       2.10543025E-01
   559.2000       3.12211130E-01       3.76437282E-01       2.10638932E-01
   559.3000       3.12257372E-01       3.76444476E-01       2.10734797E-01
   559.4000       3.12303854E-01       3.76450904E-01       2.10830620E-01
   559.5000       3.12350564E-01       3.76456743E-01       2.10926403E-01
   559.6000       3.12397484E-01       3.76461872E-01       2.11022146E-01
   559.7000       3.12444598E-01       3.76466172E-01       2.11117849E-01
   559.8000       3.12491885E-01       3.76469635E-01       2.11213513E-01
   559.9000       3.12539327E-01       3.76472588E-01       2.11309139E-01
   560.0000       3.12586902E-01       3.76474326E-01       2.11404728E-01
   560.1000       3.12634587E-01       3.76475413E-01       2.11500280E-01
   560.2000       3.12682360E-01       3.76475547E-01       2.11595796E-01
   560.3000       3.12730195E-01       3.76474850E-01       2.11691277E-01
   560.4000       3.12778070E-01       3.76473163E-01       2.11786725E-01
   560.5000       3.12825958E-01       3.76470538E-01       2.11882138E-01
   560.6000       3.12873835E-01       3.76466873E-01       2.11977520E-01
   560.7000       3.12921675E-01       3.76462306E-01       2.12072871E-01
   560.8000       3.12969453E-01       3.76456761E-01       2.12168191E-01
   560.9000       3.13017141E-01       3.76449920E-01       2.12263482E-01
   561.0000       3.13064716E-01       3.76442480E-01       2.12358745E-01
   561.1000       3.13112151E-01       3.76433896E-01       2.12453981E-01
   561.2000       3.13159420E-01       3.76424087E-01       2.12549191E-01
   561.3000       3.13206498E-01       3.76413450E-01       2.12644376E-01
   561.4000       3.13253361E-01       3.76401567E-01       2.12739538E-01
   561.5000       3.13299983E-01       3.76388760E-01       2.12834678E-01
   561.6000       3.13346340E-01       3.76375005E-01       2.12929796E-01
   561.7000       3.13392408E-01       3.76359870E-01       2.13024895E-01
   561.8000       3.13438163E-01       3.76344020E-01       2.13119974E-01
   561.9000       3.13483583E-01       3.76326633E-01       2.13215037E-01
   562.0000       3.13528645E-01       3.76308244E-01       2.13310083E-01
   562.1000       3.13573328E-01       3.76288654E-01       2.13405114E-01
   562.2000       3.13617610E-01       3.76268017E-01       2.13500132E-01
   562.3000       3.13661473E-01       3.76246391E-01       2.13595137E-01
   562.4000       3.13704895E-01       3.76223355E-01       2.13690131E-01
   562.5000       3.13747860E-01       3.76199415E-01       2.13785114E-01
   562.6000       3.13790348E-01       3.76174234E-01       2.13880089E-01
   562.7000       3.13832344E-01       3.76147973E-01       2.13975057E-01
   562.8000       3.13873830E-01       3.76120545E-01       2.14070019E-01
   562.9000       3.13914793E-01       3.76092053E-01       2.14164975E-01
   563.0000       3.13955218E-01       3.76062505E-01       2.14259928E-01
   563.1000       3.13995091E-01       3.76031545E-01       2.14354879E-01
   563.2000       3.14034401E-01       3.75999714E-01       2.14449828E-01
   563.3000       3.14073137E-01       3.75966942E-01       2.14544778E-01
   563.4000       3.14111290E-01       3.75932600E-01       2.14639730E-01
   563.5000       3.14148850E-01       3.75897754E-01       2.14734685E-01
   563.6000       3.14185811E-01       3.75861323E-01       2.14829644E-01
   563.7000       3.14222167E-01       3.75823869E-01       2.14924609E-01
   563.8000       3.14257914E-01       3.75785373E-01       2.15019582E-01
   563.9000       3.14293048E-01       3.75745574E-01       2.15114563E-01
   564.0000       3.14327569E-01       3.75704593E-01       2.15209555E-01
   564.1000       3.14361478E-01       3.75662512E-01       2.15304559E-01
   564.2000       3.14394777E-01       3.75619453E-01       2.15399576E-01
   564.3000       3.14427470E-01       3.75575582E-01       2.15494609E-01
   564.4000       3.14459562E-01       3.75530426E-01       2.15589657E-01
   564.5000       3.14491060E-01       3.75484438E-01       2.15684724E-01
   564.6000       3.14521972E-01       3.75437296E-01       2.15779811E-01
   564.7000       3.14552307E-01       3.75389513E-01       2.15874919E-01
   564.8000       3.14582076E-01       3.75340574E-01       2.15970050E-01
   564.9000       3.14611292E-01       3.75290913E-01       2.16065206E-01
   565.0000       3.14639966E-01       3.75240746E-01       2.16160388E-01
   565.1000       3.14668112E-01       3.75189573E-01       2.16255598E-01
   565.2000       3.14695744E-01       3.75137601E-01       2.16350838E-01
   565.3000       3.14722877E-01       3.75084991E-01       2.16446108E-01
   565.4000       3.14749526E-01       3.75031666E-01       2.16541410E-01
   565.5000       3.14775706E-01       3.74977690E-01       2.16636747E-01
   565.6000       3.14801432E-01       3.74922815E-01       2.16732118E-01
   565.7000       3.14826720E-01       3.74867564E-01       2.16827527E-01
   565.8000       3.14851585E-01       3.74811590E-01       2.16922973E-01
   565.9000       3.14876042E-01       3.74755194E-01       2.17018458E-01
   566.0000       3.14900106E-01       3.74698392E-01       2.17113983E-01
   566.1000       3.14923789E-01       3.74640804E-01       2.17209549E-01
   566.2000       3.14947103E-01       3.74582714E-01       2.17305157E-01
   566.3000       3.14970061E-01       3.74524147E-01       2.17400809E-01
   566.4000       3.14992672E-01       3.74465152E-01       2.17496504E-01
   566.5000       3.15014944E-01       3.74405902E-01       2.17592243E-01
   566.6000       3.15036885E-01       3.74346051E-01       2.17688027E-01
   566.7000       3.15058500E-01       3.74286076E-01       2.17783856E-01
   566.8000       3.15079791E-01       3.74225536E-01       2.17879730E-01
   566.9000       3.15100759E-01       3.74165036E-01       2.17975651E-01
   567.0000       3.15121402E-01       3.74103876E-01       2.18071617E-01
   567.1000       3.15141717E-01       3.74042813E-01       2.18167630E-01
   567.2000       3.15161696E-01       3.73980960E-01       2.18263688E-01
   567.3000       3.15181332E-01       3.73919139E-01       2.18359792E-01
   567.4000       3.15200612E-01       3.73857152E-01       2.18455941E-01
   567.5000       3.15219521E-01       3.73794961E-01       2.18552136E-01
   567.6000       3.15238044E-01       3.73732401E-01       2.18648375E-01
   567.7000       3.15256160E-01       3.73669537E-01       2.18744659E-01
   567.8000       3.15273846E-01       3.73606815E-01       2.18840987E-01
   567.9000       3.15291078E-01       3.73543649E-01       2.18937358E-01
   568.0000       3.15307827E-01       3.73480523E-01       2.19033772E-01
   568.1000       3.15324064E-01       3.73417046E-01       2.19130229E-01
   568.2000       3.15339757E-01       3.73353318E-01       2.19226728E-01
   568.3000       3.15354870E-01       3.73289053E-01       2.19323268E-01
   568.4000       3.15369370E-01       3.73224733E-01       2.19419849E-01
   568.5000       3.15383217E-01       3.73160170E-01       2.19516470E-01
   568.6000       3.15396374E-01       3.73094851E-01       2.19613132E-01
   568.7000       3.15408800E-01       3.73029548E-01       2.19709832E-01
   568.8000       3.15420456E-01       3.72963591E-01       2.19806572E-01
   568.9000       3.15431301E-01       3.72897282E-01       2.19903351E-01
   569.0000       3.15441293E-01       3.72830422E-01       2.20000169E-01
   569.1000       3.15450391E-01       3.72763221E-01       2.20097024E-01
   569.2000       3.15458556E-01       3.72695252E-01       2.20193918E-01
   569.3000       3.15465747E-01       3.72626578E-01       2.20290850E-01
   569.4000       3.15471925E-01       3.72557461E-01       2.20387821E-01
   569.5000       3.15477054E-01       3.72487784E-01       2.20484829E-01
   569.6000       3.15481097E-01       3.72417150E-01       2.20581876E-01
   569.7000       3.15484020E-01       3.72345989E-01       2.20678962E-01
   569.8000       3.15485791E-01       3.72273874E-01       2.20776086E-01
   569.9000       3.15486380E-01       3.72200901E-01       2.20873250E-01
   570.0000       3.15485761E-01       3.72127282E-01       2.20970453E-01
   570.1000       3.15483908E-01       3.72052510E-01       2.21067697E-01
   570.2000       3.15480800E-01       3.71976717E-01       2.21164980E-01
   570.3000       3.15476420E-01       3.71900637E-01       2.21262305E-01
   570.4000       3.15470750E-01       3.71823169E-01       2.21359671E-01
   570.5000       3.15463781E-01       3.71744465E-01       2.21457080E-01
   570.6000       3.15455503E-01       3.71664680E-01       2.21554530E-01
   570.7000       3.15445912E-01       3.71584466E-01       2.21652024E-01
   570.8000       3.15435006E-01       3.71502655E-01       2.21749560E-01
   570.9000       3.15422788E-01       3.71420044E-01       2.21847141E-01
   571.0000       3.15409262E-01       3.71336307E-01       2.21944765E-01
   571.1000       3.15394439E-01       3.71252178E-01       2.22042434E-01
   571.2000       3.15378330E-01       3.71166255E-01       2.22140147E-01
   571.3000       3.15360949E-01       3.71079630E-01       2.22237905E-01
   571.4000       3.15342315E-01       3.70991818E-01       2.22335708E-01
   571.5000       3.15322448E-01       3.70903604E-01       2.22433555E-01
   571.6000       3.15301371E-01       3.70813565E-01       2.22531446E-01
   571.7000       3.15279109E-01       3.70723671E-01       2.22629381E-01
   571.8000       3.15255688E-01       3.70632601E-01       2.22727360E-01
   571.9000       3.15231138E-01       3.70540552E-01       2.22825382E-01
   572.0000       3.15205489E-01       3.70448340E-01       2.22923446E-01
   572.1000       3.15178772E-01       3.70354648E-01       2.23021551E-01
   572.2000       3.15151020E-01       3.70260341E-01       2.23119697E-01
   572.3000       3.15122266E-01       3.70165772E-01       2.23217882E-01
   572.4000       3.15092544E-01       3.70069917E-01       2.23316104E-01
   572.5000       3.15061889E-01       3.69973620E-01       2.23414363E-01
   572.6000       3.15030336E-01       3.69877075E-01       2.23512657E-01
   572.7000       3.14997919E-01       3.69779784E-01       2.23610984E-01
   572.8000       3.14964673E-01       3.69681823E-01       2.23709343E-01
   572.9000       3.14930632E-01       3.69583614E-01       2.23807730E-01
   573.0000       3.14895830E-01       3.69485084E-01       2.23906145E-01
   573.1000       3.14860301E-01       3.69385698E-01       2.24004586E-01
   573.2000       3.14824076E-01       3.69286534E-01       2.24103049E-01
   573.3000       3.14787189E-01       3.69186345E-01       2.24201532E-01
   573.4000       3.14749668E-01       3.69086132E-01       2.24300034E-01
   573.5000       3.14711546E-01       3.68985630E-01       2.24398552E-01
   573.6000       3.14672848E-01       3.68885265E-01       2.24497082E-01
   573.7000       3.14633605E-01       3.68784699E-01       2.24595624E-01
   573.8000       3.14593840E-01       3.68683193E-01       2.24694173E-01
   573.9000       3.14553581E-01       3.68582678E-01       2.24792727E-01
   574.0000       3.14512849E-01       3.68481137E-01       2.24891285E-01
   574.1000       3.14471669E-01       3.68380466E-01       2.24989843E-01
   574.2000       3.14430060E-01       3.68279481E-01       2.25088398E-01
   574.3000       3.14388043E-01       3.68177818E-01       2.25186948E-01
   574.4000       3.14345635E-01       3.68077358E-01       2.25285491E-01
   574.5000       3.14302854E-01       3.67976399E-01       2.25384024E-01
   574.6000       3.14259715E-01       3.67875493E-01       2.25482545E-01
   574.7000       3.14216233E-01       3.67774624E-01       2.25581051E-01
   574.8000       3.14172422E-01       3.67674146E-01       2.25679541E-01
   574.9000       3.14128294E-01       3.67574304E-01       2.25778011E-01
   575.0000       3.14083859E-01       3.67473905E-01       2.25876461E-01
   575.1000       3.14039128E-01       3.67374257E-01       2.25974887E-01
   575.2000       3.13994110E-01       3.67274437E-01       2.26073289E-01
   575.3000       3.13948813E-01       3.67174586E-01       2.26171664E-01
   575.4000       3.13903245E-01       3.67075472E-01       2.26270010E-01
   575.5000       3.13857410E-01       3.66976135E-01       2.26368327E-01
   575.6000       3.13811315E-01       3.66877882E-01       2.26466612E-01
   575.7000       3.13764964E-01       3.66779265E-01       2.26564864E-01
   575.8000       3.13718360E-01       3.66680657E-01       2.26663083E-01
   575.9000       3.13671507E-01       3.66582085E-01       2.26761266E-01
   576.0000       3.13624405E-01       3.66483753E-01       2.26859412E-01
   576.1000       3.13577056E-01       3.66386129E-01       2.26957521E-01
   576.2000       3.13529459E-01       3.66288446E-01       2.27055592E-01
   576.3000       3.13481613E-01       3.66191389E-01       2.27153623E-01
   576.4000       3.13433516E-01       3.66093997E-01       2.27251615E-01
   576.5000       3.13385166E-01       3.65997316E-01       2.27349566E-01
   576.6000       3.13336557E-01       3.65900470E-01       2.27447475E-01
   576.7000       3.13287685E-01       3.65803487E-01       2.27545342E-01
   576.8000       3.13238544E-01       3.65707601E-01       2.27643167E-01
   576.9000       3.13189124E-01       3.65611033E-01       2.27740949E-01
   577.0000       3.13139418E-01       3.65514231E-01       2.27838688E-01
   577.1000       3.13089416E-01       3.65418067E-01       2.27936382E-01
   577.2000       3.13039105E-01       3.65322321E-01       2.28034032E-01
   577.3000       3.12988472E-01       3.65225874E-01       2.28131637E-01
   577.4000       3.12937503E-01       3.65130728E-01       2.28229197E-01
   577.5000       3.12886182E-01       3.65034899E-01       2.28326712E-01
   577.6000       3.12834491E-01       3.64938539E-01       2.28424180E-01
   577.7000       3.12782412E-01       3.64842758E-01       2.28521602E-01
   577.8000       3.12729923E-01       3.64746953E-01       2.28618977E-01
   577.9000       3.12677002E-01       3.64650761E-01       2.28716304E-01
   578.0000       3.12623626E-01       3.64555607E-01       2.28813584E-01
   578.1000       3.12569768E-01       3.64459424E-01       2.28910816E-01
   578.2000       3.12515403E-01       3.64363809E-01       2.29007999E-01
   578.3000       3.12460500E-01       3.64267285E-01       2.29105133E-01
   578.4000       3.12405030E-01       3.64170893E-01       2.29202217E-01
   578.5000       3.12348960E-01       3.64074314E-01       2.29299250E-01
   578.6000       3.12292259E-01       3.63976904E-01       2.29396232E-01
   578.7000       3.12234891E-01       3.63881240E-01       2.29493163E-01
   578.8000       3.12176820E-01       3.63783750E-01       2.29590041E-01
   578.9000       3.12118008E-01       3.63686155E-01       2.29686866E-01
   579.0000       3.12058418E-01       3.63588236E-01       2.29783637E-01
   579.1000       3.11998008E-01       3.63490002E-01       2.29880353E-01
   579.2000       3.11936739E-01       3.63391579E-01       2.29977013E-01
   579.3000       3.11874567E-01       3.63292556E-01       2.30073617E-01
   579.4000       3.11811450E-01       3.63192887E-01       2.30170163E-01
   579.5000       3.11747343E-01       3.63093470E-01       2.30266651E-01
   579.6000       3.11682202E-01       3.62993260E-01       2.30363080E-01
   579.7000       3.11615979E-01       3.62892590E-01       2.30459448E-01
   579.8000       3.11548628E-01       3.62791170E-01       2.30555754E-01
   579.9000       3.11480101E-01       3.62688750E-01       2.30651997E-01
   580.0000       3.11410350E-01       3.62585090E-01       2.30748177E-01
   580.1000       3.11339324E-01       3.62481794E-01       2.30844291E-01
   580.2000       3.11266973E-01       3.62377730E-01       2.30940338E-01
   580.3000       3.11193247E-01       3.62272388E-01       2.31036317E-01
   580.4000       3.11118094E-01       3.62166192E-01       2.31132227E-01
   580.5000       3.11041460E-01       3.62060320E-01       2.31228066E-01
   580.6000       3.10963291E-01       3.61952024E-01       2.31323833E-01
   580.7000       3.10883533E-01       3.61842895E-01       2.31419526E-01
   580.8000       3.10802130E-01       3.61733079E-01       2.31515142E-01
   580.9000       3.10719027E-01       3.61622923E-01       2.31610681E-01
   581.0000       3.10634165E-01       3.61510205E-01       2.31706141E-01
   581.1000       3.10547488E-01       3.61397945E-01       2.31801519E-01
   581.2000       3.10458936E-01       3.61283090E-01       2.31896814E-01
   581.3000       3.10368448E-01       3.61167286E-01       2.31992023E-01
   581.4000       3.10275965E-01       3.61050508E-01       2.32087144E-01
   581.5000       3.10181424E-01       3.60931654E-01       2.32182174E-01
   581.6000       3.10084763E-01       3.60812237E-01       2.32277111E-01
   581.7000       3.09985918E-01       3.60689835E-01       2.32371953E-01
   581.8000       3.09884824E-01       3.60565700E-01       2.32466696E-01
   581.9000       3.09781415E-01       3.60441036E-01       2.32561338E-01
   582.0000       3.09675626E-01       3.60314340E-01       2.32655875E-01
   582.1000       3.09567389E-01       3.60186213E-01       2.32750304E-01
   582.2000       3.09456636E-01       3.60055391E-01       2.32844621E-01
   582.3000       3.09343299E-01       3.59922141E-01       2.32938824E-01
   582.4000       3.09227307E-01       3.59787339E-01       2.33032907E-01
   582.5000       3.09108590E-01       3.59649785E-01       2.33126866E-01
   582.6000       3.08987078E-01       3.59511581E-01       2.33220698E-01
   582.7000       3.08862701E-01       3.59369980E-01       2.33314398E-01
   582.8000       3.08735387E-01       3.59225684E-01       2.33407961E-01
   582.9000       3.08605065E-01       3.59079508E-01       2.33501382E-01
   583.0000       3.08471662E-01       3.58930686E-01       2.33594654E-01
   583.1000       3.08335106E-01       3.58779032E-01       2.33687774E-01
   583.2000       3.08195325E-01       3.58625672E-01       2.33780734E-01
   583.3000       3.08052248E-01       3.58468361E-01       2.33873528E-01
   583.4000       3.07905802E-01       3.58308395E-01       2.33966149E-01
   583.5000       3.07755916E-01       3.58146476E-01       2.34058591E-01
   583.6000       3.07602519E-01       3.57980909E-01       2.34150846E-01
   583.7000       3.07445542E-01       3.57813017E-01       2.34242906E-01
   583.8000       3.07284913E-01       3.57640721E-01       2.34334762E-01
   583.9000       3.07120565E-01       3.57466053E-01       2.34426405E-01
   584.0000       3.06952429E-01       3.57288244E-01       2.34517828E-01
   584.1000       3.06780438E-01       3.57107074E-01       2.34609019E-01
   584.2000       3.06604526E-01       3.56922666E-01       2.34699968E-01
   584.3000       3.06424630E-01       3.56734158E-01       2.34790666E-01
   584.4000       3.06240684E-01       3.56541849E-01       2.34881100E-01
   584.5000       3.06052625E-01       3.56346021E-01       2.34971258E-01
   584.6000       3.05860392E-01       3.56148101E-01       2.35061128E-01
   584.7000       3.05663924E-01       3.55944393E-01       2.35150698E-01
   584.8000       3.05463163E-01       3.55737728E-01       2.35239952E-01
   584.9000       3.05258051E-01       3.55527285E-01       2.35328878E-01
   585.0000       3.05048530E-01       3.55312095E-01       2.35417460E-01
   585.1000       3.04834541E-01       3.55094557E-01       2.35505681E-01
   585.2000       3.04616028E-01       3.54870483E-01       2.35593526E-01
   585.3000       3.04392937E-01       3.54646171E-01       2.35680978E-01
   585.4000       3.04165213E-01       3.54414610E-01       2.35768017E-01
   585.5000       3.03932800E-01       3.54180155E-01       2.35854626E-01
   585.6000       3.03695645E-01       3.53940810E-01       2.35940785E-01
   585.7000       3.03453692E-01       3.53696390E-01       2.36026473E-01
   585.8000       3.03206886E-01       3.53449599E-01       2.36111669E-01
   585.9000       3.02955171E-01       3.53196477E-01       2.36196350E-01
   586.0000       3.02698491E-01       3.52938670E-01       2.36280494E-01
   586.1000       3.02436789E-01       3.52677613E-01       2.36364075E-01
   586.2000       3.02170010E-01       3.52413232E-01       2.36447069E-01
   586.3000       3.01898095E-01       3.52141712E-01       2.36529451E-01
   586.4000       3.01620984E-01       3.51866597E-01       2.36611192E-01
   586.5000       3.01338615E-01       3.51587420E-01       2.36692264E-01
   586.6000       3.01050925E-01       3.51302135E-01       2.36772638E-01
   586.7000       3.00757847E-01       3.51011778E-01       2.36852283E-01
   586.8000       3.00459318E-01       3.50719044E-01       2.36931167E-01
   586.9000       3.00155267E-01       3.50417908E-01       2.37009258E-01
   587.0000       2.99845624E-01       3.50114019E-01       2.37086521E-01
   587.1000       2.99530318E-01       3.49804186E-01       2.37162920E-01
   587.2000       2.99209272E-01       3.49488644E-01       2.37238420E-01
   587.3000       2.98882407E-01       3.49168258E-01       2.37312981E-01
   587.4000       2.98549642E-01       3.48842880E-01       2.37386564E-01
   587.5000       2.98210894E-01       3.48511335E-01       2.37459126E-01
   587.6000       2.97866079E-01       3.48173208E-01       2.37530625E-01
   587.7000       2.97515107E-01       3.47832125E-01       2.37601017E-01
   587.8000       2.97157886E-01       3.47481638E-01       2.37670253E-01
   587.9000       2.96794324E-01       3.47129105E-01       2.37738288E-01
   588.0000       2.96424325E-01       3.46768410E-01       2.37805069E-01
   588.1000       2.96047793E-01       3.46402491E-01       2.37870546E-01
   588.2000       2.95664625E-01       3.46030537E-01       2.37934663E-01
   588.3000       2.95274720E-01       3.45650378E-01       2.37997365E-01
   588.4000       2.94877972E-01       3.45264964E-01       2.38058594E-01
   588.5000       2.94474274E-01       3.44874194E-01       2.38118287E-01
   588.6000       2.94063517E-01       3.44475154E-01       2.38176382E-01
   588.7000       2.93645591E-01       3.44070636E-01       2.38232811E-01
   588.8000       2.93220383E-01       3.43657969E-01       2.38287507E-01
   588.9000       2.92787782E-01       3.43238140E-01       2.38340398E-01
   589.0000       2.92347673E-01       3.42812836E-01       2.38391408E-01
   589.1000       2.91899939E-01       3.42379158E-01       2.38440461E-01
   589.2000       2.91444464E-01       3.41938849E-01       2.38487474E-01
   589.3000       2.90981133E-01       3.41488446E-01       2.38532365E-01
   589.4000       2.90509825E-01       3.41032447E-01       2.38575043E-01
   589.5000       2.90030422E-01       3.40570835E-01       2.38615417E-01
   589.6000       2.89542804E-01       3.40099305E-01       2.38653392E-01
   589.7000       2.89046852E-01       3.39618841E-01       2.38688868E-01
   589.8000       2.88542450E-01       3.39128942E-01       2.38721739E-01
   589.9000       2.88029477E-01       3.38633313E-01       2.38751896E-01
   590.0000       2.87507817E-01       3.38126291E-01       2.38779226E-01
   590.1000       2.86977352E-01       3.37614456E-01       2.38803610E-01
   590.2000       2.86437970E-01       3.37090704E-01       2.38824925E-01
   590.3000       2.85889556E-01       3.36558161E-01       2.38843041E-01
   590.4000       2.85331994E-01       3.36015372E-01       2.38857823E-01
   590.5000       2.84765172E-01       3.35466561E-01       2.38869131E-01
   590.6000       2.84188978E-01       3.34905721E-01       2.38876816E-01
   590.7000       2.83603303E-01       3.34336529E-01       2.38880725E-01
   590.8000       2.83008038E-01       3.33754909E-01       2.38880698E-01
   590.9000       2.82403079E-01       3.33161364E-01       2.38876568E-01
   591.0000       2.81788324E-01       3.32560744E-01       2.38868162E-01
   591.1000       2.81163669E-01       3.31952058E-01       2.38855297E-01
   591.2000       2.80529016E-01       3.31330166E-01       2.38837785E-01
   591.3000       2.79884267E-01       3.30695803E-01       2.38815427E-01
   591.4000       2.79229327E-01       3.30052698E-01       2.38788017E-01
   591.5000       2.78564102E-01       3.29398480E-01       2.38755339E-01
   591.6000       2.77888500E-01       3.28730808E-01       2.38717168E-01
   591.7000       2.77202438E-01       3.28054369E-01       2.38673273E-01
   591.8000       2.76505830E-01       3.27364252E-01       2.38623411E-01
   591.9000       2.75798594E-01       3.26665782E-01       2.38567327E-01
   592.0000       2.75080651E-01       3.25948440E-01       2.38504758E-01
   592.1000       2.74351927E-01       3.25222142E-01       2.38435427E-01
   592.2000       2.73612351E-01       3.24486268E-01       2.38359051E-01
   592.3000       2.72861855E-01       3.23734832E-01       2.38275333E-01
   592.4000       2.72100373E-01       3.22974413E-01       2.38183960E-01
   592.5000       2.71327841E-01       3.22195262E-01       2.38084610E-01
   592.6000       2.70544203E-01       3.21412965E-01       2.37976949E-01
   592.7000       2.69749401E-01       3.20610080E-01       2.37860624E-01
   592.8000       2.68943385E-01       3.19790829E-01       2.37735275E-01
   592.9000       2.68126112E-01       3.18964262E-01       2.37600524E-01
   593.0000       2.67297539E-01       3.18127567E-01       2.37455984E-01
   593.1000       2.66457628E-01       3.17270854E-01       2.37301248E-01
   593.2000       2.65606345E-01       3.16402992E-01       2.37135893E-01
   593.3000       2.64743663E-01       3.15522763E-01       2.36959484E-01
   593.4000       2.63869558E-01       3.14627644E-01       2.36771567E-01
   593.5000       2.62984009E-01       3.13718779E-01       2.36571673E-01
   593.6000       2.62086997E-01       3.12792766E-01       2.36359311E-01
   593.7000       2.61178511E-01       3.11861523E-01       2.36133976E-01
   593.8000       2.60258546E-01       3.10908095E-01       2.35895151E-01
   593.9000       2.59327101E-01       3.09946439E-01       2.35642291E-01
   594.0000       2.58384173E-01       3.08965489E-01       2.35374834E-01
   594.1000       2.57429772E-01       3.07975846E-01       2.35092200E-01
   594.2000       2.56463904E-01       3.06967757E-01       2.34793786E-01
   594.3000       2.55486593E-01       3.05940681E-01       2.34478974E-01
   594.4000       2.54497861E-01       3.04903630E-01       2.34147128E-01
   594.5000       2.53497733E-01       3.03861361E-01       2.33797585E-01
   594.6000       2.52486243E-01       3.02792844E-01       2.33429664E-01
   594.7000       2.51463427E-01       3.01714916E-01       2.33042662E-01
   594.8000       2.50429325E-01       3.00621608E-01       2.32635853E-01
   594.9000       2.49383989E-01       2.99513875E-01       2.32208498E-01
   595.0000       2.48327472E-01       2.98394998E-01       2.31759830E-01
   595.1000       2.47259833E-01       2.97256747E-01       2.31289062E-01
   595.2000       2.46181137E-01       2.96107738E-01       2.30795381E-01
   595.3000       2.45091457E-01       2.94935341E-01       2.30277962E-01
   595.4000       2.43990869E-01       2.93752117E-01       2.29735953E-01
   595.5000       2.42879464E-01       2.92559704E-01       2.29168501E-01
   595.6000       2.41757332E-01       2.91347627E-01       2.28574719E-01
   595.7000       2.40624564E-01       2.90123098E-01       2.27953696E-01
   595.8000       2.39481263E-01       2.88881497E-01       2.27304510E-01
   595.9000       2.38327543E-01       2.87629398E-01       2.26626241E-01
   596.0000       2.37163521E-01       2.86357844E-01       2.25917938E-01
   596.1000       2.35989318E-01       2.85076810E-01       2.25178642E-01
   596.2000       2.34805061E-01       2.83776567E-01       2.24407379E-01
   596.3000       2.33610875E-01       2.82462756E-01       2.23603154E-01
   596.4000       2.32406900E-01       2.81143046E-01       2.22764970E-01
   596.5000       2.31193284E-01       2.79799642E-01       2.21891851E-01
   596.6000       2.29970178E-01       2.78443425E-01       2.20982803E-01
   596.7000       2.28737738E-01       2.77074511E-01       2.20036838E-01
   596.8000       2.27496131E-01       2.75690250E-01       2.19052973E-01
   596.9000       2.26245523E-01       2.74289124E-01       2.18030235E-01
   597.0000       2.24986086E-01       2.72881429E-01       2.16967649E-01
   597.1000       2.23717998E-01       2.71454227E-01       2.15864261E-01
   597.2000       2.22441448E-01       2.70016780E-01       2.14719143E-01
   597.3000       2.21156629E-01       2.68571729E-01       2.13531398E-01
   597.4000       2.19863740E-01       2.67110584E-01       2.12300161E-01
   597.5000       2.18562980E-01       2.65626657E-01       2.11024594E-01
   597.6000       2.17254551E-01       2.64137561E-01       2.09703911E-01
   597.7000       2.15938661E-01       2.62635367E-01       2.08337361E-01
   597.8000       2.14615528E-01       2.61114659E-01       2.06924266E-01
   597.9000       2.13285369E-01       2.59598556E-01       2.05464007E-01
   598.0000       2.11948398E-01       2.58053807E-01       2.03955991E-01
   598.1000       2.10604850E-01       2.56505457E-01       2.02399744E-01
   598.2000       2.09254954E-01       2.54945337E-01       2.00794865E-01
   598.3000       2.07898942E-01       2.53374667E-01       1.99141015E-01
   598.4000       2.06537048E-01       2.51791448E-01       1.97437944E-01
   598.5000       2.05169512E-01       2.50199065E-01       1.95685524E-01
   598.6000       2.03796575E-01       2.48597034E-01       1.93883704E-01
   598.7000       2.02418485E-01       2.46978300E-01       1.92032575E-01
   598.8000       2.01035496E-01       2.45353923E-01       1.90132336E-01
   598.9000       1.99647862E-01       2.43722546E-01       1.88183307E-01
   599.0000       1.98255843E-01       2.42079116E-01       1.86185949E-01
   599.1000       1.96859708E-01       2.40419752E-01       1.84140860E-01
   599.2000       1.95459723E-01       2.38756726E-01       1.82048758E-01
   599.3000       1.94056167E-01       2.37087404E-01       1.79910546E-01
   599.4000       1.92649315E-01       2.35407681E-01       1.77727254E-01
   599.5000       1.91239449E-01       2.33721492E-01       1.75500051E-01
   599.6000       1.89826854E-01       2.32034105E-01       1.73230282E-01
   599.7000       1.88411822E-01       2.30329977E-01       1.70919446E-01
   599.8000       1.86994636E-01       2.28609038E-01       1.68569152E-01
   599.9000       1.85575592E-01       2.26900164E-01       1.66181194E-01
   600.0000       1.84154982E-01       2.25171052E-01       1.63757491E-01
