     0.1000       5.55555556E-02       7.84313725E-02       7.01754386E-02
     0.2000       8.88888889E-02       9.30232558E-02       1.53846154E-01
     0.3000       1.05263158E-01       1.48148148E-01       1.53846154E-01
     0.4000       1.05263158E-01       1.48148148E-01       1.53846154E-01
     0.5000       1.33333333E-01       1.48148148E-01       1.90476190E-01
     0.6000       1.33333333E-01       2.50000000E-01       1.90476190E-01
     0.7000       1.33333333E-01       2.50000000E-01       1.90476190E-01
     0.8000       1.60000000E-01       2.50000000E-01       1.90476190E-01
     0.9000       1.81818182E-01       2.50000000E-01       3.07692308E-01
     1.0000       2.50000000E-01       2.50000000E-01       3.07692308E-01
     1.1000       2.50000000E-01       2.50000000E-01       3.07692308E-01
     1.2000       2.50000000E-01       2.50000000E-01       3.07692308E-01
     1.3000       2.50000000E-01       2.50000000E-01       3.07692308E-01
     1.4000       2.50000000E-01       2.50000000E-01       3.07692308E-01
     1.5000       2.50000000E-01       4.44444444E-01       3.07692308E-01
     1.6000       2.50000000E-01       4.44444444E-01       3.07692308E-01
     1.7000       2.50000000E-01       4.44444444E-01       3.07692308E-01
     1.8000       2.50000000E-01       4.44444444E-01       3.07692308E-01
     1.9000       2.50000000E-01       4.44444444E-01       3.07692308E-01
     2.0000       2.50000000E-01       4.44444444E-01       3.07692308E-01
     2.1000       2.50000000E-01       4.44444444E-01       4.44444444E-01
     2.2000       2.50000000E-01       4.44444444E-01       4.44444444E-01
     2.3000       2.50000000E-01       4.44444444E-01       4.44444444E-01
     2.4000       2.50000000E-01       4.44444444E-01       4.44444444E-01
     2.5000       2.50000000E-01       4.44444444E-01       4.44444444E-01
     2.6000       2.50000000E-01       4.44444444E-01       4.44444444E-01
     2.7000       2.50000000E-01       4.44444444E-01       4.44444444E-01
     2.8000       2.50000000E-01       4.44444444E-01       4.44444444E-01
     2.9000       3.07692308E-01       4.44444444E-01       4.44444444E-01
     3.0000       3.07692308E-01       4.44444444E-01       4.44444444E-01
     3.1000       3.07692308E-01       4.44444444E-01       4.44444444E-01
     3.2000       3.07692308E-01       4.44444444E-01       4.44444444E-01
     3.3000       3.07692308E-01       4.44444444E-01       4.44444444E-01
     3.4000       3.07692308E-01       4.44444444E-01       4.44444444E-01
     3.5000       3.07692308E-01       4.44444444E-01       4.44444444E-01
     3.6000       3.07692308E-01       4.44444444E-01       4.44444444E-01
     3.7000       3.07692308E-01       4.44444444E-01       4.44444444E-01
     3.8000       3.07692308E-01       4.44444444E-01       4.44444444E-01
     3.9000       3.07692308E-01       4.44444444E-01       4.44444444E-01
     4.0000       3.07692308E-01       4.44444444E-01       4.44444444E-01
     4.1000       3.07692308E-01       4.44444444E-01       4.44444444E-01
     4.2000       3.07692308E-01       4.44444444E-01       4.44444444E-01
     4.3000       3.07692308E-01       4.44444444E-01       4.44444444E-01
     4.4000       4.44444444E-01       4.44444444E-01       4.44444444E-01
     4.5000       4.44444444E-01       4.44444444E-01       4.44444444E-01
     4.6000       4.44444444E-01       4.44444444E-01       4.44444444E-01
     4.7000       4.44444444E-01       4.44444444E-01       4.44444444E-01
     4.8000       4.44444444E-01       4.44444444E-01       4.44444444E-01
     4.9000       4.44444444E-01       4.44444444E-01       4.44444444E-01
     5.0000       4.44444444E-01       4.44444444E-01       4.44444444E-01
     5.1000       4.44444444E-01       4.44444444E-01       4.44444444E-01
     5.2000       4.44444444E-01       4.44444444E-01       4.44444444E-01
     5.3000       3.33333333E-01       4.44444444E-01       4.44444444E-01
     5.4000       3.33333333E-01       4.44444444E-01       4.44444444E-01
     5.5000       3.33333333E-01       4.44444444E-01       4.44444444E-01
     5.6000       3.33333333E-01       4.44444444E-01       4.44444444E-01
     5.7000       3.33333333E-01       4.44444444E-01       4.44444444E-01
     5.8000       3.33333333E-01       4.44444444E-01       4.44444444E-01
     5.9000       3.33333333E-01       4.44444444E-01       4.44444444E-01
     6.0000       3.33333333E-01       4.44444444E-01       4.44444444E-01
     6.1000       3.33333333E-01       4.44444444E-01       4.44444444E-01
     6.2000       3.33333333E-01       4.44444444E-01       4.44444444E-01
     6.3000       3.33333333E-01       4.44444444E-01       4.44444444E-01
     6.4000       3.33333333E-01       4.44444444E-01       4.44444444E-01
     6.5000       3.33333333E-01       4.44444444E-01       4.44444444E-01
     6.6000       3.33333333E-01       4.44444444E-01       4.44444444E-01
     6.7000       3.33333333E-01       4.44444444E-01       4.44444444E-01
     6.8000       3.33333333E-01       4.44444444E-01       4.44444444E-01
     6.9000       3.33333333E-01       4.44444444E-01       4.44444444E-01
     7.0000       3.33333333E-01       4.44444444E-01       4.44444444E-01
     7.1000       3.33333333E-01       4.44444444E-01       4.44444444E-01
     7.2000       3.33333333E-01       4.44444444E-01       4.44444444E-01
     7.3000       3.33333333E-01       4.44444444E-01       4.44444444E-01
     7.4000       3.33333333E-01       4.44444444E-01       4.44444444E-01
     7.5000       3.33333333E-01       4.44444444E-01       4.44444444E-01
     7.6000       3.33333333E-01       4.44444444E-01       4.44444444E-01
     7.7000       3.33333333E-01       4.44444444E-01       4.44444444E-01
     7.8000       3.33333333E-01       4.44444444E-01       4.44444444E-01
     7.9000       3.33333333E-01       4.44444444E-01       4.44444444E-01
     8.0000       3.33333333E-01       4.44444444E-01       4.44444444E-01
     8.1000       3.33333333E-01       4.44444444E-01       4.44444444E-01
     8.2000       3.33333333E-01       4.44444444E-01       4.44444444E-01
     8.3000       3.33333333E-01       4.44444444E-01       4.44444444E-01
     8.4000       3.33333333E-01       4.44444444E-01       4.44444444E-01
     8.5000       3.33333333E-01       4.44444444E-01       4.44444444E-01
     8.6000       3.33333333E-01       4.44444444E-01       4.44444444E-01
     8.7000       3.33333333E-01       4.44444444E-01       4.44444444E-01
     8.8000       3.33333333E-01       4.44444444E-01       4.44444444E-01
     8.9000       3.33333333E-01       4.44444444E-01       4.44444444E-01
     9.0000       3.33333333E-01       4.44444444E-01       4.44444444E-01
     9.1000       3.33333333E-01       4.44444444E-01       4.44444444E-01
     9.2000       3.33333333E-01       4.44444444E-01       4.44444444E-01
     9.3000       3.33333333E-01       4.44444444E-01       4.44444444E-01
     9.4000       3.33333333E-01       4.44444444E-01       4.44444444E-01
     9.5000       3.33333333E-01       4.44444444E-01       4.44444444E-01
     9.6000       3.33333333E-01       4.44444444E-01       4.44444444E-01
     9.7000       3.33333333E-01       4.44444444E-01       4.44444444E-01
     9.8000       3.33333333E-01       4.44444444E-01       4.44444444E-01
     9.9000       3.33333333E-01       4.44444444E-01       4.44444444E-01
    10.0000       3.33333333E-01       4.44444444E-01       4.44444444E-01
    10.1000       3.33333333E-01       4.44444444E-01       4.44444444E-01
    10.2000       3.33333333E-01       4.44444444E-01       4.44444444E-01
    10.3000       3.33333333E-01       4.44444444E-01       4.44444444E-01
    10.4000       3.33333333E-01       4.44444444E-01       4.44444444E-01
    10.5000       3.33333333E-01       4.44444444E-01       4.44444444E-01
    10.6000       3.33333333E-01       4.44444444E-01       4.44444444E-01
    10.7000       3.33333333E-01       4.44444444E-01       4.44444444E-01
    10.8000       3.33333333E-01       4.44444444E-01       4.44444444E-01
    10.9000       3.33333333E-01       4.44444444E-01       4.44444444E-01
    11.0000       3.33333333E-01       4.44444444E-01       4.44444444E-01
    11.1000       3.33333333E-01       4.44444444E-01       4.44444444E-01
    11.2000       3.33333333E-01       4.44444444E-01       4.44444444E-01
    11.3000       3.33333333E-01       4.44444444E-01       4.44444444E-01
    11.4000       3.33333333E-01       4.44444444E-01       4.44444444E-01
    11.5000       3.33333333E-01       4.44444444E-01       4.44444444E-01
    11.6000       3.33333333E-01       4.44444444E-01       4.44444444E-01
    11.7000       3.33333333E-01       4.44444444E-01       4.44444444E-01
    11.8000       3.33333333E-01       4.44444444E-01       4.44444444E-01
    11.9000       3.33333333E-01       4.44444444E-01       4.44444444E-01
    12.0000       3.33333333E-01       4.44444444E-01       4.44444444E-01
    12.1000       3.33333333E-01       4.44444444E-01       4.44444444E-01
    12.2000       3.33333333E-01       3.63636364E-01       4.44444444E-01
    12.3000       3.33333333E-01       3.63636364E-01       4.44444444E-01
    12.4000       3.33333333E-01       3.63636364E-01       4.44444444E-01
    12.5000       3.33333333E-01       3.63636364E-01       4.44444444E-01
    12.6000       3.33333333E-01       3.63636364E-01       4.44444444E-01
    12.7000       3.33333333E-01       3.63636364E-01       3.63636364E-01
    12.8000       3.33333333E-01       3.63636364E-01       3.63636364E-01
    12.9000       3.33333333E-01       3.63636364E-01       3.63636364E-01
    13.0000       3.33333333E-01       3.63636364E-01       3.63636364E-01
    13.1000       3.33333333E-01       3.63636364E-01       3.63636364E-01
    13.2000       3.33333333E-01       3.63636364E-01       3.63636364E-01
    13.3000       3.33333333E-01       3.63636364E-01       3.63636364E-01
    13.4000       3.33333333E-01       3.63636364E-01       3.63636364E-01
    13.5000       3.33333333E-01       3.63636364E-01       3.63636364E-01
    13.6000       3.33333333E-01       3.63636364E-01       3.63636364E-01
    13.7000       3.33333333E-01       3.63636364E-01       3.63636364E-01
    13.8000       3.33333333E-01       3.63636364E-01       3.63636364E-01
    13.9000       3.33333333E-01       3.63636364E-01       3.63636364E-01
    14.0000       3.33333333E-01       3.63636364E-01       3.63636364E-01
    14.1000       3.33333333E-01       3.63636364E-01       3.63636364E-01
    14.2000       3.33333333E-01       3.63636364E-01       3.63636364E-01
    14.3000       3.33333333E-01       3.63636364E-01       3.63636364E-01
    14.4000       3.33333333E-01       3.63636364E-01       3.63636364E-01
    14.5000       3.33333333E-01       3.63636364E-01       3.63636364E-01
    14.6000       3.33333333E-01       3.63636364E-01       3.63636364E-01
    14.7000       3.33333333E-01       3.63636364E-01       3.63636364E-01
    14.8000       3.33333333E-01       3.63636364E-01       3.63636364E-01
    14.9000       3.33333333E-01       3.63636364E-01       3.63636364E-01
    15.0000       3.33333333E-01       3.63636364E-01       3.63636364E-01
    15.1000       3.33333333E-01       3.63636364E-01       3.63636364E-01
    15.2000       3.33333333E-01       3.63636364E-01       3.63636364E-01
    15.3000       3.33333333E-01       3.63636364E-01       3.63636364E-01
    15.4000       3.33333333E-01       3.63636364E-01       3.63636364E-01
    15.5000       3.33333333E-01       3.63636364E-01       3.63636364E-01
    15.6000       3.33333333E-01       3.63636364E-01       3.63636364E-01
    15.7000       3.33333333E-01       3.63636364E-01       3.63636364E-01
    15.8000       3.33333333E-01       3.63636364E-01       3.63636364E-01
    15.9000       3.33333333E-01       3.63636364E-01       3.63636364E-01
    16.0000       3.33333333E-01       3.63636364E-01       3.63636364E-01
    16.1000       3.33333333E-01       3.63636364E-01       3.63636364E-01
    16.2000       3.33333333E-01       3.63636364E-01       3.63636364E-01
    16.3000       3.33333333E-01       3.63636364E-01       3.63636364E-01
    16.4000       3.33333333E-01       3.63636364E-01       3.63636364E-01
    16.5000       3.33333333E-01       3.63636364E-01       3.63636364E-01
    16.6000       3.33333333E-01       3.63636364E-01       3.63636364E-01
    16.7000       3.33333333E-01       3.63636364E-01       3.63636364E-01
    16.8000       3.33333333E-01       3.63636364E-01       3.63636364E-01
    16.9000       3.33333333E-01       3.63636364E-01       3.63636364E-01
    17.0000       3.33333333E-01       3.63636364E-01       3.63636364E-01
    17.1000       3.33333333E-01       3.63636364E-01       3.63636364E-01
    17.2000       3.33333333E-01       3.63636364E-01       3.63636364E-01
    17.3000       3.33333333E-01       3.63636364E-01       3.63636364E-01
    17.4000       3.33333333E-01       3.63636364E-01       3.63636364E-01
    17.5000       3.07692308E-01       3.63636364E-01       3.63636364E-01
    17.6000       3.07692308E-01       3.63636364E-01       3.63636364E-01
    17.7000       3.07692308E-01       3.63636364E-01       3.63636364E-01
    17.8000       3.07692308E-01       3.63636364E-01       3.63636364E-01
    17.9000       3.07692308E-01       3.63636364E-01       3.63636364E-01
    18.0000       3.07692308E-01       3.63636364E-01       3.63636364E-01
    18.1000       3.07692308E-01       3.63636364E-01       3.63636364E-01
    18.2000       3.07692308E-01       3.63636364E-01       3.63636364E-01
    18.3000       3.07692308E-01       3.33333333E-01       3.63636364E-01
    18.4000       3.07692308E-01       3.33333333E-01       3.63636364E-01
    18.5000       3.07692308E-01       3.33333333E-01       3.63636364E-01
    18.6000       3.07692308E-01       3.33333333E-01       3.63636364E-01
    18.7000       3.07692308E-01       3.33333333E-01       3.63636364E-01
    18.8000       3.07692308E-01       3.33333333E-01       3.63636364E-01
    18.9000       3.07692308E-01       3.33333333E-01       3.63636364E-01
    19.0000       3.07692308E-01       3.33333333E-01       3.63636364E-01
    19.1000       3.07692308E-01       3.33333333E-01       3.63636364E-01
    19.2000       3.07692308E-01       3.33333333E-01       3.63636364E-01
    19.3000       3.07692308E-01       3.33333333E-01       3.63636364E-01
    19.4000       3.07692308E-01       3.33333333E-01       3.33333333E-01
    19.5000       3.07692308E-01       3.33333333E-01       3.33333333E-01
    19.6000       3.07692308E-01       3.33333333E-01       3.33333333E-01
    19.7000       3.07692308E-01       3.33333333E-01       3.33333333E-01
    19.8000       3.07692308E-01       3.33333333E-01       3.33333333E-01
    19.9000       3.07692308E-01       3.33333333E-01       3.33333333E-01
    20.0000       3.07692308E-01       3.33333333E-01       3.33333333E-01
    20.1000       3.07692308E-01       3.33333333E-01       3.33333333E-01
    20.2000       3.07692308E-01       3.33333333E-01       3.33333333E-01
    20.3000       3.07692308E-01       3.33333333E-01       3.33333333E-01
    20.4000       3.07692308E-01       3.33333333E-01       3.33333333E-01
    20.5000       3.07692308E-01       3.33333333E-01       3.33333333E-01
    20.6000       3.07692308E-01       3.33333333E-01       3.33333333E-01
    20.7000       3.07692308E-01       3.33333333E-01       3.33333333E-01
    20.8000       3.07692308E-01       3.33333333E-01       3.33333333E-01
    20.9000       3.07692308E-01       3.33333333E-01       3.33333333E-01
    21.0000       3.07692308E-01       3.33333333E-01       3.33333333E-01
    21.1000       3.07692308E-01       3.33333333E-01       3.33333333E-01
    21.2000       3.07692308E-01       3.33333333E-01       3.33333333E-01
    21.3000       3.07692308E-01       3.33333333E-01       3.33333333E-01
    21.4000       3.07692308E-01       3.33333333E-01       3.33333333E-01
    21.5000       3.07692308E-01       3.33333333E-01       3.33333333E-01
    21.6000       3.07692308E-01       3.33333333E-01       3.33333333E-01
    21.7000       3.07692308E-01       3.33333333E-01       3.33333333E-01
    21.8000       3.07692308E-01       3.33333333E-01       3.33333333E-01
    21.9000       3.07692308E-01       3.33333333E-01       3.33333333E-01
    22.0000       3.07692308E-01       3.33333333E-01       3.33333333E-01
    22.1000       3.07692308E-01       3.33333333E-01       3.33333333E-01
    22.2000       3.07692308E-01       3.33333333E-01       3.33333333E-01
    22.3000       3.07692308E-01       3.33333333E-01       3.33333333E-01
    22.4000       3.07692308E-01       3.33333333E-01       3.33333333E-01
    22.5000       3.07692308E-01       3.33333333E-01       3.33333333E-01
    22.6000       3.07692308E-01       3.33333333E-01       3.33333333E-01
    22.7000       3.07692308E-01       3.33333333E-01       3.33333333E-01
    22.8000       3.07692308E-01       3.33333333E-01       3.33333333E-01
    22.9000       3.07692308E-01       3.33333333E-01       3.33333333E-01
    23.0000       3.07692308E-01       3.33333333E-01       3.33333333E-01
    23.1000       3.07692308E-01       3.33333333E-01       3.33333333E-01
    23.2000       3.07692308E-01       3.33333333E-01       3.33333333E-01
    23.3000       3.07692308E-01       3.33333333E-01       3.33333333E-01
    23.4000       3.07692308E-01       3.33333333E-01       3.33333333E-01
    23.5000       3.07692308E-01       3.33333333E-01       3.33333333E-01
    23.6000       3.07692308E-01       3.33333333E-01       3.33333333E-01
    23.7000       3.07692308E-01       3.33333333E-01       3.33333333E-01
    23.8000       3.07692308E-01       3.33333333E-01       3.33333333E-01
    23.9000       3.07692308E-01       3.33333333E-01       3.33333333E-01
    24.0000       3.07692308E-01       3.33333333E-01       3.33333333E-01
    24.1000       3.07692308E-01       3.33333333E-01       3.33333333E-01
    24.2000       3.07692308E-01       3.33333333E-01       3.33333333E-01
    24.3000       3.07692308E-01       3.33333333E-01       3.33333333E-01
    24.4000       3.07692308E-01       3.33333333E-01       3.33333333E-01
    24.5000       3.07692308E-01       3.33333333E-01       3.33333333E-01
    24.6000       3.07692308E-01       3.33333333E-01       3.33333333E-01
    24.7000       3.07692308E-01       3.33333333E-01       3.33333333E-01
    24.8000       3.07692308E-01       3.33333333E-01       3.33333333E-01
    24.9000       3.07692308E-01       3.33333333E-01       3.33333333E-01
    25.0000       3.07692308E-01       3.33333333E-01       3.33333333E-01
    25.1000       3.07692308E-01       3.33333333E-01       3.33333333E-01
    25.2000       3.07692308E-01       3.33333333E-01       3.33333333E-01
    25.3000       3.07692308E-01       3.33333333E-01       3.33333333E-01
    25.4000       3.07692308E-01       3.33333333E-01       3.33333333E-01
    25.5000       3.07692308E-01       3.33333333E-01       3.33333333E-01
    25.6000       3.07692308E-01       3.33333333E-01       3.33333333E-01
    25.7000       3.07692308E-01       3.33333333E-01       3.33333333E-01
    25.8000       3.07692308E-01       3.33333333E-01       3.33333333E-01
    25.9000       3.07692308E-01       3.33333333E-01       3.33333333E-01
    26.0000       3.07692308E-01       3.33333333E-01       3.33333333E-01
    26.1000       3.07692308E-01       3.33333333E-01       3.33333333E-01
    26.2000       3.07692308E-01       3.33333333E-01       3.33333333E-01
    26.3000       3.07692308E-01       3.33333333E-01       3.33333333E-01
    26.4000       3.07692308E-01       3.33333333E-01       3.33333333E-01
    26.5000       3.07692308E-01       3.33333333E-01       3.33333333E-01
    26.6000       3.07692308E-01       3.33333333E-01       3.33333333E-01
    26.7000       3.07692308E-01       3.33333333E-01       3.33333333E-01
    26.8000       3.07692308E-01       3.33333333E-01       3.33333333E-01
    26.9000       3.07692308E-01       3.33333333E-01       3.33333333E-01
    27.0000       3.07692308E-01       3.33333333E-01       3.33333333E-01
    27.1000       3.07692308E-01       3.33333333E-01       3.33333333E-01
    27.2000       3.07692308E-01       3.33333333E-01       3.33333333E-01
    27.3000       3.07692308E-01       3.33333333E-01       3.33333333E-01
    27.4000       3.07692308E-01       3.33333333E-01       3.33333333E-01
    27.5000       3.07692308E-01       3.33333333E-01       3.33333333E-01
    27.6000       3.07692308E-01       3.33333333E-01       3.33333333E-01
    27.7000       3.07692308E-01       3.33333333E-01       3.33333333E-01
    27.8000       3.07692308E-01       3.33333333E-01       3.33333333E-01
    27.9000       3.07692308E-01       3.33333333E-01       3.33333333E-01
    28.0000       3.07692308E-01       3.33333333E-01       3.33333333E-01
    28.1000       3.07692308E-01       3.33333333E-01       3.33333333E-01
    28.2000       3.07692308E-01       3.33333333E-01       3.33333333E-01
    28.3000       3.07692308E-01       3.33333333E-01       3.33333333E-01
    28.4000       3.07692308E-01       3.33333333E-01       3.33333333E-01
    28.5000       3.07692308E-01       3.33333333E-01       3.33333333E-01
    28.6000       3.07692308E-01       3.33333333E-01       3.33333333E-01
    28.7000       3.07692308E-01       3.33333333E-01       3.33333333E-01
    28.8000       3.07692308E-01       3.33333333E-01       3.33333333E-01
    28.9000       3.07692308E-01       3.33333333E-01       3.33333333E-01
    29.0000       3.07692308E-01       3.33333333E-01       3.33333333E-01
    29.1000       3.07692308E-01       3.33333333E-01       3.33333333E-01
    29.2000       3.07692308E-01       3.33333333E-01       3.33333333E-01
    29.3000       3.07692308E-01       3.33333333E-01       3.33333333E-01
    29.4000       3.07692308E-01       3.33333333E-01       3.33333333E-01
    29.5000       3.07692308E-01       3.33333333E-01       3.33333333E-01
    29.6000       3.07692308E-01       3.33333333E-01       3.33333333E-01
    29.7000       3.07692308E-01       3.33333333E-01       3.33333333E-01
    29.8000       3.07692308E-01       3.33333333E-01       3.33333333E-01
    29.9000       3.07692308E-01       3.33333333E-01       3.33333333E-01
    30.0000       3.07692308E-01       3.33333333E-01       3.33333333E-01
    30.1000       3.07692308E-01       3.33333333E-01       3.33333333E-01
    30.2000       3.07692308E-01       3.33333333E-01       3.33333333E-01
    30.3000       3.07692308E-01       3.33333333E-01       3.33333333E-01
    30.4000       3.07692308E-01       3.33333333E-01       3.33333333E-01
    30.5000       3.07692308E-01       3.33333333E-01       3.33333333E-01
    30.6000       3.07692308E-01       3.33333333E-01       3.33333333E-01
    30.7000       3.07692308E-01       3.33333333E-01       3.33333333E-01
    30.8000       3.07692308E-01       3.33333333E-01       3.33333333E-01
    30.9000       3.07692308E-01       3.33333333E-01       3.33333333E-01
    31.0000       3.07692308E-01       3.33333333E-01       3.33333333E-01
    31.1000       3.07692308E-01       3.33333333E-01       3.33333333E-01
    31.2000       3.07692308E-01       3.33333333E-01       3.33333333E-01
    31.3000       3.07692308E-01       3.33333333E-01       3.33333333E-01
    31.4000       3.07692308E-01       3.33333333E-01       3.33333333E-01
    31.5000       3.07692308E-01       3.33333333E-01       3.33333333E-01
    31.6000       3.07692308E-01       3.33333333E-01       3.33333333E-01
    31.7000       3.07692308E-01       3.33333333E-01       3.33333333E-01
    31.8000       3.07692308E-01       3.33333333E-01       3.33333333E-01
    31.9000       3.07692308E-01       3.33333333E-01       3.33333333E-01
    32.0000       3.07692308E-01       3.33333333E-01       3.33333333E-01
    32.1000       3.07692308E-01       3.33333333E-01       3.33333333E-01
    32.2000       3.07692308E-01       3.33333333E-01       3.33333333E-01
    32.3000       3.07692308E-01       3.33333333E-01       3.33333333E-01
    32.4000       3.07692308E-01       3.33333333E-01       3.33333333E-01
    32.5000       3.07692308E-01       3.33333333E-01       3.33333333E-01
    32.6000       3.07692308E-01       3.33333333E-01       3.33333333E-01
    32.7000       3.07692308E-01       3.33333333E-01       3.33333333E-01
    32.8000       3.07692308E-01       3.33333333E-01       3.33333333E-01
    32.9000       3.07692308E-01       3.33333333E-01       3.33333333E-01
    33.0000       3.07692308E-01       3.33333333E-01       3.33333333E-01
    33.1000       3.07692308E-01       3.33333333E-01       3.33333333E-01
    33.2000       3.07692308E-01       3.33333333E-01       3.33333333E-01
    33.3000       3.07692308E-01       3.33333333E-01       3.33333333E-01
    33.4000       3.07692308E-01       3.33333333E-01       3.33333333E-01
    33.5000       3.07692308E-01       3.33333333E-01       3.33333333E-01
    33.6000       3.07692308E-01       3.33333333E-01       3.33333333E-01
    33.7000       3.07692308E-01       3.33333333E-01       3.33333333E-01
    33.8000       3.07692308E-01       3.33333333E-01       3.33333333E-01
    33.9000       3.07692308E-01       3.33333333E-01       3.33333333E-01
    34.0000       3.07692308E-01       3.33333333E-01       3.33333333E-01
    34.1000       3.07692308E-01       3.33333333E-01       3.33333333E-01
    34.2000       3.07692308E-01       3.33333333E-01       3.33333333E-01
    34.3000       3.07692308E-01       3.33333333E-01       3.33333333E-01
    34.4000       3.07692308E-01       3.33333333E-01       3.33333333E-01
    34.5000       3.07692308E-01       3.33333333E-01       3.33333333E-01
    34.6000       3.07692308E-01       3.33333333E-01       3.33333333E-01
    34.7000       3.07692308E-01       3.33333333E-01       3.33333333E-01
    34.8000       3.07692308E-01       3.33333333E-01       3.33333333E-01
    34.9000       3.07692308E-01       3.33333333E-01       3.33333333E-01
    35.0000       3.07692308E-01       3.33333333E-01       3.33333333E-01
    35.1000       3.07692308E-01       3.33333333E-01       3.33333333E-01
    35.2000       3.07692308E-01       3.33333333E-01       3.33333333E-01
    35.3000       3.07692308E-01       3.33333333E-01       3.33333333E-01
    35.4000       3.07692308E-01       3.33333333E-01       3.33333333E-01
    35.5000       3.07692308E-01       3.33333333E-01       3.33333333E-01
    35.6000       3.07692308E-01       3.33333333E-01       3.33333333E-01
    35.7000       3.07692308E-01       3.33333333E-01       3.33333333E-01
    35.8000       3.07692308E-01       3.33333333E-01       3.33333333E-01
    35.9000       3.07692308E-01       3.33333333E-01       3.33333333E-01
    36.0000       3.07692308E-01       3.33333333E-01       3.33333333E-01
    36.1000       3.07692308E-01       3.33333333E-01       3.33333333E-01
    36.2000       3.07692308E-01       3.33333333E-01       3.33333333E-01
    36.3000       3.07692308E-01       3.33333333E-01       3.33333333E-01
    36.4000       3.07692308E-01       3.33333333E-01       3.33333333E-01
    36.5000       3.07692308E-01       3.33333333E-01       3.33333333E-01
    36.6000       3.07692308E-01       3.33333333E-01       3.33333333E-01
    36.7000       3.07692308E-01       3.33333333E-01       3.33333333E-01
    36.8000       3.07692308E-01       3.33333333E-01       3.33333333E-01
    36.9000       3.07692308E-01       3.33333333E-01       3.33333333E-01
    37.0000       3.07692308E-01       3.33333333E-01       3.33333333E-01
    37.1000       3.07692308E-01       3.33333333E-01       3.33333333E-01
    37.2000       3.07692308E-01       3.33333333E-01       3.33333333E-01
    37.3000       3.07692308E-01       3.33333333E-01       3.33333333E-01
    37.4000       3.07692308E-01       3.33333333E-01       3.33333333E-01
    37.5000       3.07692308E-01       3.33333333E-01       3.33333333E-01
    37.6000       3.07692308E-01       3.33333333E-01       3.33333333E-01
    37.7000       3.07692308E-01       3.33333333E-01       3.33333333E-01
    37.8000       3.07692308E-01       3.33333333E-01       3.33333333E-01
    37.9000       3.07692308E-01       3.33333333E-01       3.33333333E-01
    38.0000       3.07692308E-01       3.33333333E-01       3.33333333E-01
    38.1000       3.07692308E-01       3.33333333E-01       3.33333333E-01
    38.2000       3.07692308E-01       3.33333333E-01       3.33333333E-01
    38.3000       3.07692308E-01       3.33333333E-01       3.33333333E-01
    38.4000       3.07692308E-01       3.33333333E-01       3.33333333E-01
    38.5000       3.07692308E-01       3.33333333E-01       3.33333333E-01
    38.6000       3.07692308E-01       3.33333333E-01       3.33333333E-01
    38.7000       3.07692308E-01       3.33333333E-01       3.33333333E-01
    38.8000       3.07692308E-01       3.33333333E-01       3.33333333E-01
    38.9000       3.07692308E-01       3.33333333E-01       3.33333333E-01
    39.0000       3.07692308E-01       3.33333333E-01       3.33333333E-01
    39.1000       3.07692308E-01       3.33333333E-01       3.33333333E-01
    39.2000       3.07692308E-01       3.33333333E-01       3.33333333E-01
    39.3000       3.07692308E-01       3.33333333E-01       3.33333333E-01
    39.4000       3.07692308E-01       3.33333333E-01       3.33333333E-01
    39.5000       3.07692308E-01       3.33333333E-01       3.33333333E-01
    39.6000       3.07692308E-01       3.33333333E-01       3.33333333E-01
    39.7000       3.07692308E-01       3.33333333E-01       3.33333333E-01
    39.8000       3.07692308E-01       3.33333333E-01       3.33333333E-01
    39.9000       3.07692308E-01       3.33333333E-01       3.33333333E-01
    40.0000       3.07692308E-01       3.33333333E-01       3.33333333E-01
    40.1000       3.07692308E-01       3.33333333E-01       3.33333333E-01
    40.2000       3.07692308E-01       3.33333333E-01       3.33333333E-01
    40.3000       3.07692308E-01       3.33333333E-01       3.33333333E-01
    40.4000       3.07692308E-01       3.33333333E-01       3.33333333E-01
    40.5000       3.07692308E-01       3.33333333E-01       3.33333333E-01
    40.6000       3.07692308E-01       3.33333333E-01       3.33333333E-01
    40.7000       3.07692308E-01       3.33333333E-01       3.33333333E-01
    40.8000       3.07692308E-01       3.33333333E-01       3.33333333E-01
    40.9000       3.07692308E-01       3.33333333E-01       3.33333333E-01
    41.0000       3.07692308E-01       3.33333333E-01       3.33333333E-01
    41.1000       3.07692308E-01       3.33333333E-01       3.33333333E-01
    41.2000       3.07692308E-01       3.33333333E-01       3.33333333E-01
    41.3000       3.07692308E-01       3.33333333E-01       3.33333333E-01
    41.4000       3.07692308E-01       3.33333333E-01       3.33333333E-01
    41.5000       3.07692308E-01       3.33333333E-01       3.33333333E-01
    41.6000       3.07692308E-01       3.33333333E-01       3.33333333E-01
    41.7000       3.07692308E-01       3.33333333E-01       3.33333333E-01
    41.8000       3.07692308E-01       3.33333333E-01       3.33333333E-01
    41.9000       3.07692308E-01       3.33333333E-01       3.33333333E-01
    42.0000       3.07692308E-01       3.33333333E-01       3.33333333E-01
    42.1000       3.07692308E-01       3.33333333E-01       3.33333333E-01
    42.2000       3.07692308E-01       3.33333333E-01       3.33333333E-01
    42.3000       3.07692308E-01       3.33333333E-01       3.33333333E-01
    42.4000       3.07692308E-01       3.33333333E-01       3.33333333E-01
    42.5000       3.07692308E-01       3.33333333E-01       3.33333333E-01
    42.6000       3.07692308E-01       3.33333333E-01       3.33333333E-01
    42.7000       3.07692308E-01       3.33333333E-01       3.33333333E-01
    42.8000       3.07692308E-01       3.33333333E-01       3.33333333E-01
    42.9000       3.07692308E-01       3.33333333E-01       3.33333333E-01
    43.0000       3.07692308E-01       3.33333333E-01       3.33333333E-01
    43.1000       3.07692308E-01       3.33333333E-01       3.33333333E-01
    43.2000       3.07692308E-01       3.33333333E-01       3.33333333E-01
    43.3000       3.07692308E-01       3.33333333E-01       3.33333333E-01
    43.4000       3.07692308E-01       3.33333333E-01       3.33333333E-01
    43.5000       3.07692308E-01       3.33333333E-01       3.33333333E-01
    43.6000       3.07692308E-01       3.33333333E-01       3.33333333E-01
    43.7000       3.07692308E-01       3.33333333E-01       3.33333333E-01
    43.8000       3.07692308E-01       3.33333333E-01       3.33333333E-01
    43.9000       3.07692308E-01       3.33333333E-01       3.33333333E-01
    44.0000       3.07692308E-01       3.33333333E-01       3.33333333E-01
    44.1000       3.07692308E-01       3.33333333E-01       3.33333333E-01
    44.2000       3.07692308E-01       3.33333333E-01       3.33333333E-01
    44.3000       3.07692308E-01       3.33333333E-01       3.33333333E-01
    44.4000       3.07692308E-01       3.33333333E-01       3.33333333E-01
    44.5000       3.07692308E-01       3.33333333E-01       3.33333333E-01
    44.6000       3.07692308E-01       3.33333333E-01       3.33333333E-01
    44.7000       3.07692308E-01       3.33333333E-01       3.33333333E-01
    44.8000       3.07692308E-01       3.33333333E-01       3.33333333E-01
    44.9000       3.07692308E-01       3.33333333E-01       3.33333333E-01
    45.0000       3.07692308E-01       3.33333333E-01       3.33333333E-01
    45.1000       3.07692308E-01       3.33333333E-01       3.33333333E-01
    45.2000       3.07692308E-01       3.33333333E-01       3.33333333E-01
    45.3000       3.07692308E-01       3.33333333E-01       3.33333333E-01
    45.4000       3.07692308E-01       3.33333333E-01       3.33333333E-01
    45.5000       3.07692308E-01       3.33333333E-01       3.33333333E-01
    45.6000       3.07692308E-01       3.33333333E-01       3.33333333E-01
    45.7000       3.07692308E-01       3.33333333E-01       3.33333333E-01
    45.8000       3.07692308E-01       3.33333333E-01       3.33333333E-01
    45.9000       3.07692308E-01       3.33333333E-01       3.33333333E-01
    46.0000       3.07692308E-01       3.33333333E-01       3.33333333E-01
    46.1000       3.07692308E-01       3.33333333E-01       3.33333333E-01
    46.2000       3.07692308E-01       3.33333333E-01       3.33333333E-01
    46.3000       3.07692308E-01       3.33333333E-01       3.33333333E-01
    46.4000       3.07692308E-01       3.33333333E-01       3.33333333E-01
    46.5000       3.07692308E-01       3.33333333E-01       3.33333333E-01
    46.6000       3.07692308E-01       3.33333333E-01       3.33333333E-01
    46.7000       3.07692308E-01       3.33333333E-01       3.33333333E-01
    46.8000       3.07692308E-01       3.33333333E-01       3.33333333E-01
    46.9000       3.07692308E-01       3.33333333E-01       3.33333333E-01
    47.0000       3.07692308E-01       3.33333333E-01       3.33333333E-01
    47.1000       3.07692308E-01       3.33333333E-01       3.33333333E-01
    47.2000       3.07692308E-01       3.33333333E-01       3.33333333E-01
    47.3000       3.07692308E-01       3.33333333E-01       3.33333333E-01
    47.4000       3.07692308E-01       3.33333333E-01       3.33333333E-01
    47.5000       3.07692308E-01       3.07692308E-01       3.33333333E-01
    47.6000       3.07692308E-01       3.07692308E-01       3.33333333E-01
    47.7000       3.07692308E-01       3.07692308E-01       3.33333333E-01
    47.8000       3.07692308E-01       3.07692308E-01       3.33333333E-01
    47.9000       3.07692308E-01       3.07692308E-01       3.33333333E-01
    48.0000       3.07692308E-01       3.07692308E-01       3.33333333E-01
    48.1000       3.07692308E-01       3.07692308E-01       3.33333333E-01
    48.2000       3.07692308E-01       3.07692308E-01       3.33333333E-01
    48.3000       3.07692308E-01       3.07692308E-01       3.33333333E-01
    48.4000       3.07692308E-01       3.07692308E-01       3.33333333E-01
    48.5000       3.07692308E-01       3.07692308E-01       3.33333333E-01
    48.6000       3.07692308E-01       3.07692308E-01       3.33333333E-01
    48.7000       3.07692308E-01       3.07692308E-01       3.33333333E-01
    48.8000       3.07692308E-01       3.07692308E-01       3.33333333E-01
    48.9000       3.07692308E-01       3.07692308E-01       3.33333333E-01
    49.0000       3.07692308E-01       3.07692308E-01       3.33333333E-01
    49.1000       3.07692308E-01       3.07692308E-01       3.33333333E-01
    49.2000       3.07692308E-01       3.07692308E-01       3.33333333E-01
    49.3000       3.07692308E-01       3.07692308E-01       3.33333333E-01
    49.4000       3.07692308E-01       3.07692308E-01       3.33333333E-01
    49.5000       3.07692308E-01       3.07692308E-01       3.33333333E-01
    49.6000       3.07692308E-01       3.07692308E-01       3.33333333E-01
    49.7000       3.07692308E-01       3.07692308E-01       3.33333333E-01
    49.8000       3.07692308E-01       3.07692308E-01       3.33333333E-01
    49.9000       3.07692308E-01       3.07692308E-01       3.33333333E-01
    50.0000       3.07692308E-01       3.07692308E-01       3.07692308E-01
    50.1000       3.07692308E-01       3.07692308E-01       3.07692308E-01
    50.2000       3.07692308E-01       3.07692308E-01       3.07692308E-01
    50.3000       3.07692308E-01       3.07692308E-01       3.07692308E-01
    50.4000       3.07692308E-01       3.07692308E-01       3.07692308E-01
    50.5000       3.07692308E-01       3.07692308E-01       3.07692308E-01
    50.6000       3.07692308E-01       3.07692308E-01       3.07692308E-01
    50.7000       3.07692308E-01       3.07692308E-01       3.07692308E-01
    50.8000       3.07692308E-01       3.07692308E-01       3.07692308E-01
    50.9000       3.07692308E-01       3.07692308E-01       3.07692308E-01
    51.0000       3.07692308E-01       3.07692308E-01       3.07692308E-01
    51.1000       3.07692308E-01       3.07692308E-01       3.07692308E-01
    51.2000       3.07692308E-01       3.07692308E-01       3.07692308E-01
    51.3000       3.07692308E-01       3.07692308E-01       3.07692308E-01
    51.4000       3.07692308E-01       3.07692308E-01       3.07692308E-01
    51.5000       3.07692308E-01       3.07692308E-01       3.07692308E-01
    51.6000       3.07692308E-01       3.07692308E-01       3.07692308E-01
    51.7000       3.07692308E-01       3.07692308E-01       3.07692308E-01
    51.8000       3.07692308E-01       3.07692308E-01       3.07692308E-01
    51.9000       3.07692308E-01       3.07692308E-01       3.07692308E-01
    52.0000       3.07692308E-01       3.07692308E-01       3.07692308E-01
    52.1000       3.07692308E-01       3.07692308E-01       3.07692308E-01
    52.2000       3.07692308E-01       3.07692308E-01       3.07692308E-01
    52.3000       3.07692308E-01       3.07692308E-01       3.07692308E-01
    52.4000       3.07692308E-01       3.07692308E-01       3.07692308E-01
    52.5000       3.07692308E-01       3.07692308E-01       3.07692308E-01
    52.6000       3.07692308E-01       3.07692308E-01       3.07692308E-01
    52.7000       3.07692308E-01       3.07692308E-01       3.07692308E-01
    52.8000       3.07692308E-01       3.07692308E-01       3.07692308E-01
    52.9000       3.07692308E-01       3.07692308E-01       3.07692308E-01
    53.0000       3.07692308E-01       3.07692308E-01       3.07692308E-01
    53.1000       3.07692308E-01       3.07692308E-01       3.07692308E-01
    53.2000       3.07692308E-01       3.07692308E-01       3.07692308E-01
    53.3000       3.07692308E-01       3.07692308E-01       3.07692308E-01
    53.4000       3.07692308E-01       3.07692308E-01       3.07692308E-01
    53.5000       3.07692308E-01       3.07692308E-01       3.07692308E-01
    53.6000       3.07692308E-01       3.07692308E-01       3.07692308E-01
    53.7000       3.07692308E-01       3.07692308E-01       3.07692308E-01
    53.8000       3.07692308E-01       3.07692308E-01       3.07692308E-01
    53.9000       3.07692308E-01       3.07692308E-01       3.07692308E-01
    54.0000       3.07692308E-01       3.07692308E-01       3.07692308E-01
    54.1000       3.07692308E-01       3.07692308E-01       3.07692308E-01
    54.2000       3.07692308E-01       3.07692308E-01       3.07692308E-01
    54.3000       3.07692308E-01       3.07692308E-01       3.07692308E-01
    54.4000       3.07692308E-01       3.07692308E-01       3.07692308E-01
    54.5000       3.07692308E-01       3.07692308E-01       3.07692308E-01
    54.6000       3.07692308E-01       3.07692308E-01       3.07692308E-01
    54.7000       3.07692308E-01       3.07692308E-01       3.07692308E-01
    54.8000       3.07692308E-01       3.07692308E-01       3.07692308E-01
    54.9000       3.07692308E-01       3.07692308E-01       3.07692308E-01
    55.0000       3.07692308E-01       3.07692308E-01       3.07692308E-01
    55.1000       3.07692308E-01       3.07692308E-01       3.07692308E-01
    55.2000       3.07692308E-01       3.07692308E-01       3.07692308E-01
    55.3000       3.07692308E-01       3.07692308E-01       3.07692308E-01
    55.4000       3.07692308E-01       3.07692308E-01       3.07692308E-01
    55.5000       3.07692308E-01       3.07692308E-01       3.07692308E-01
    55.6000       3.07692308E-01       3.07692308E-01       3.07692308E-01
    55.7000       3.07692308E-01       3.07692308E-01       3.07692308E-01
    55.8000       3.07692308E-01       3.07692308E-01       3.07692308E-01
    55.9000       3.07692308E-01       3.07692308E-01       3.07692308E-01
    56.0000       3.07692308E-01       3.07692308E-01       3.07692308E-01
    56.1000       3.07692308E-01       3.07692308E-01       3.07692308E-01
    56.2000       3.07692308E-01       3.07692308E-01       3.07692308E-01
    56.3000       3.07692308E-01       3.07692308E-01       3.07692308E-01
    56.4000       3.07692308E-01       3.07692308E-01       3.07692308E-01
    56.5000       3.07692308E-01       3.07692308E-01       3.07692308E-01
    56.6000       3.07692308E-01       3.07692308E-01       3.07692308E-01
    56.7000       3.07692308E-01       3.07692308E-01       3.07692308E-01
    56.8000       3.07692308E-01       3.07692308E-01       3.07692308E-01
    56.9000       3.07692308E-01       3.07692308E-01       3.07692308E-01
    57.0000       3.07692308E-01       3.07692308E-01       3.07692308E-01
    57.1000       3.07692308E-01       3.07692308E-01       3.07692308E-01
    57.2000       3.07692308E-01       3.07692308E-01       3.07692308E-01
    57.3000       3.07692308E-01       3.07692308E-01       3.07692308E-01
    57.4000       3.07692308E-01       3.07692308E-01       3.07692308E-01
    57.5000       3.07692308E-01       3.07692308E-01       3.07692308E-01
    57.6000       3.07692308E-01       3.07692308E-01       3.07692308E-01
    57.7000       3.07692308E-01       3.07692308E-01       3.07692308E-01
    57.8000       3.07692308E-01       3.07692308E-01       3.07692308E-01
    57.9000       3.07692308E-01       3.07692308E-01       3.07692308E-01
    58.0000       3.07692308E-01       3.07692308E-01       3.07692308E-01
    58.1000       3.07692308E-01       3.07692308E-01       3.07692308E-01
    58.2000       3.07692308E-01       3.07692308E-01       3.07692308E-01
    58.3000       3.07692308E-01       3.07692308E-01       3.07692308E-01
    58.4000       3.07692308E-01       3.07692308E-01       3.07692308E-01
    58.5000       3.07692308E-01       3.07692308E-01       3.07692308E-01
    58.6000       3.07692308E-01       3.07692308E-01       3.07692308E-01
    58.7000       3.07692308E-01       3.07692308E-01       3.07692308E-01
    58.8000       3.07692308E-01       3.07692308E-01       3.07692308E-01
    58.9000       3.07692308E-01       3.07692308E-01       3.07692308E-01
    59.0000       3.07692308E-01       3.07692308E-01       3.07692308E-01
    59.1000       3.07692308E-01       3.07692308E-01       3.07692308E-01
    59.2000       3.07692308E-01       3.07692308E-01       3.07692308E-01
    59.3000       3.07692308E-01       3.07692308E-01       3.07692308E-01
    59.4000       3.07692308E-01       3.07692308E-01       3.07692308E-01
    59.5000       3.07692308E-01       3.07692308E-01       3.07692308E-01
    59.6000       3.07692308E-01       3.07692308E-01       3.07692308E-01
    59.7000       3.07692308E-01       3.07692308E-01       3.07692308E-01
    59.8000       3.07692308E-01       3.07692308E-01       3.07692308E-01
    59.9000       3.07692308E-01       3.07692308E-01       3.07692308E-01
    60.0000       3.07692308E-01       3.07692308E-01       3.07692308E-01
    60.1000       3.07692308E-01       3.07692308E-01       3.07692308E-01
    60.2000       3.07692308E-01       3.07692308E-01       3.07692308E-01
    60.3000       3.07692308E-01       3.07692308E-01       3.07692308E-01
    60.4000       3.07692308E-01       3.07692308E-01       3.07692308E-01
    60.5000       3.07692308E-01       3.07692308E-01       3.07692308E-01
    60.6000       3.07692308E-01       3.07692308E-01       3.07692308E-01
    60.7000       3.07692308E-01       3.07692308E-01       3.07692308E-01
    60.8000       3.07692308E-01       3.07692308E-01       3.07692308E-01
    60.9000       3.07692308E-01       3.07692308E-01       3.07692308E-01
    61.0000       3.07692308E-01       3.07692308E-01       3.07692308E-01
    61.1000       3.07692308E-01       3.07692308E-01       3.07692308E-01
    61.2000       3.07692308E-01       3.07692308E-01       3.07692308E-01
    61.3000       3.07692308E-01       3.07692308E-01       3.07692308E-01
    61.4000       3.07692308E-01       3.07692308E-01       3.07692308E-01
    61.5000       3.07692308E-01       3.07692308E-01       3.07692308E-01
    61.6000       3.07692308E-01       3.07692308E-01       3.07692308E-01
    61.7000       3.07692308E-01       3.07692308E-01       3.07692308E-01
    61.8000       3.07692308E-01       3.07692308E-01       3.07692308E-01
    61.9000       3.07692308E-01       3.07692308E-01       3.07692308E-01
    62.0000       3.07692308E-01       3.07692308E-01       3.07692308E-01
    62.1000       3.07692308E-01       3.07692308E-01       3.07692308E-01
    62.2000       3.07692308E-01       3.07692308E-01       3.07692308E-01
    62.3000       3.07692308E-01       3.07692308E-01       3.07692308E-01
    62.4000       3.07692308E-01       3.07692308E-01       3.07692308E-01
    62.5000       3.07692308E-01       3.07692308E-01       3.07692308E-01
    62.6000       3.07692308E-01       3.07692308E-01       3.07692308E-01
    62.7000       3.07692308E-01       3.07692308E-01       3.07692308E-01
    62.8000       3.07692308E-01       3.07692308E-01       3.07692308E-01
    62.9000       3.07692308E-01       3.07692308E-01       3.07692308E-01
    63.0000       3.07692308E-01       3.07692308E-01       3.07692308E-01
    63.1000       3.07692308E-01       3.07692308E-01       3.07692308E-01
    63.2000       3.07692308E-01       3.07692308E-01       3.07692308E-01
    63.3000       3.07692308E-01       3.07692308E-01       3.07692308E-01
    63.4000       3.07692308E-01       3.07692308E-01       3.07692308E-01
    63.5000       3.07692308E-01       3.07692308E-01       3.07692308E-01
    63.6000       3.07692308E-01       3.07692308E-01       3.07692308E-01
    63.7000       3.07692308E-01       3.07692308E-01       3.07692308E-01
    63.8000       3.07692308E-01       3.07692308E-01       3.07692308E-01
    63.9000       3.07692308E-01       3.07692308E-01       3.07692308E-01
    64.0000       3.07692308E-01       3.07692308E-01       3.07692308E-01
    64.1000       3.07692308E-01       3.07692308E-01       3.07692308E-01
    64.2000       3.07692308E-01       3.07692308E-01       3.07692308E-01
    64.3000       3.07692308E-01       3.07692308E-01       3.07692308E-01
    64.4000       3.07692308E-01       3.07692308E-01       3.07692308E-01
    64.5000       3.07692308E-01       3.07692308E-01       3.07692308E-01
    64.6000       3.07692308E-01       3.07692308E-01       3.07692308E-01
    64.7000       3.07692308E-01       3.07692308E-01       3.07692308E-01
    64.8000       3.07692308E-01       3.07692308E-01       3.07692308E-01
    64.9000       3.07692308E-01       3.07692308E-01       3.07692308E-01
    65.0000       3.07692308E-01       3.07692308E-01       3.07692308E-01
    65.1000       3.07692308E-01       3.07692308E-01       3.07692308E-01
    65.2000       3.07692308E-01       3.07692308E-01       3.07692308E-01
    65.3000       3.07692308E-01       3.07692308E-01       3.07692308E-01
    65.4000       3.07692308E-01       3.07692308E-01       3.07692308E-01
    65.5000       3.07692308E-01       3.07692308E-01       3.07692308E-01
    65.6000       3.07692308E-01       3.07692308E-01       3.07692308E-01
    65.7000       3.07692308E-01       3.07692308E-01       3.07692308E-01
    65.8000       3.07692308E-01       3.07692308E-01       3.07692308E-01
    65.9000       3.07692308E-01       3.07692308E-01       3.07692308E-01
    66.0000       3.07692308E-01       3.07692308E-01       3.07692308E-01
    66.1000       3.07692308E-01       3.07692308E-01       3.07692308E-01
    66.2000       3.07692308E-01       3.07692308E-01       3.07692308E-01
    66.3000       3.07692308E-01       3.07692308E-01       3.07692308E-01
    66.4000       3.07692308E-01       3.07692308E-01       3.07692308E-01
    66.5000       3.07692308E-01       3.07692308E-01       3.07692308E-01
    66.6000       3.07692308E-01       3.07692308E-01       3.07692308E-01
    66.7000       3.07692308E-01       3.07692308E-01       3.07692308E-01
    66.8000       3.07692308E-01       3.07692308E-01       3.07692308E-01
    66.9000       3.07692308E-01       3.07692308E-01       3.07692308E-01
    67.0000       3.07692308E-01       3.07692308E-01       3.07692308E-01
    67.1000       3.07692308E-01       3.07692308E-01       3.07692308E-01
    67.2000       3.07692308E-01       3.07692308E-01       3.07692308E-01
    67.3000       3.07692308E-01       3.07692308E-01       3.07692308E-01
    67.4000       3.07692308E-01       3.07692308E-01       3.07692308E-01
    67.5000       3.07692308E-01       3.07692308E-01       3.07692308E-01
    67.6000       3.07692308E-01       3.07692308E-01       3.07692308E-01
    67.7000       3.07692308E-01       3.07692308E-01       3.07692308E-01
    67.8000       3.07692308E-01       3.07692308E-01       3.07692308E-01
    67.9000       3.07692308E-01       3.07692308E-01       3.07692308E-01
    68.0000       3.07692308E-01       3.07692308E-01       3.07692308E-01
    68.1000       3.07692308E-01       3.07692308E-01       3.07692308E-01
    68.2000       3.07692308E-01       3.07692308E-01       3.07692308E-01
    68.3000       3.07692308E-01       3.07692308E-01       3.07692308E-01
    68.4000       3.07692308E-01       3.07692308E-01       3.07692308E-01
    68.5000       3.07692308E-01       3.07692308E-01       3.07692308E-01
    68.6000       3.07692308E-01       3.07692308E-01       3.07692308E-01
    68.7000       3.07692308E-01       3.07692308E-01       3.07692308E-01
    68.8000       3.07692308E-01       3.07692308E-01       3.07692308E-01
    68.9000       3.07692308E-01       3.07692308E-01       3.07692308E-01
    69.0000       3.07692308E-01       3.07692308E-01       3.07692308E-01
    69.1000       3.07692308E-01       3.07692308E-01       3.07692308E-01
    69.2000       3.07692308E-01       3.07692308E-01       3.07692308E-01
    69.3000       3.07692308E-01       3.07692308E-01       3.07692308E-01
    69.4000       3.07692308E-01       3.07692308E-01       3.07692308E-01
    69.5000       3.07692308E-01       3.07692308E-01       3.07692308E-01
    69.6000       3.07692308E-01       3.07692308E-01       3.07692308E-01
    69.7000       3.07692308E-01       3.07692308E-01       3.07692308E-01
    69.8000       3.07692308E-01       3.07692308E-01       3.07692308E-01
    69.9000       3.07692308E-01       3.07692308E-01       3.07692308E-01
    70.0000       3.07692308E-01       3.07692308E-01       3.07692308E-01
    70.1000       3.07692308E-01       3.07692308E-01       3.07692308E-01
    70.2000       3.07692308E-01       3.07692308E-01       3.07692308E-01
    70.3000       3.07692308E-01       3.07692308E-01       3.07692308E-01
    70.4000       3.07692308E-01       3.07692308E-01       3.07692308E-01
    70.5000       3.07692308E-01       3.07692308E-01       3.07692308E-01
    70.6000       3.07692308E-01       3.07692308E-01       3.07692308E-01
    70.7000       3.07692308E-01       3.07692308E-01       3.07692308E-01
    70.8000       3.07692308E-01       3.07692308E-01       3.07692308E-01
    70.9000       3.07692308E-01       3.07692308E-01       3.07692308E-01
    71.0000       3.07692308E-01       3.07692308E-01       3.07692308E-01
    71.1000       3.07692308E-01       3.07692308E-01       3.07692308E-01
    71.2000       3.07692308E-01       3.07692308E-01       3.07692308E-01
    71.3000       3.07692308E-01       3.07692308E-01       3.07692308E-01
    71.4000       3.07692308E-01       3.07692308E-01       3.07692308E-01
    71.5000       3.07692308E-01       3.07692308E-01       3.07692308E-01
    71.6000       3.07692308E-01       3.07692308E-01       3.07692308E-01
    71.7000       3.07692308E-01       3.07692308E-01       3.07692308E-01
    71.8000       3.07692308E-01       3.07692308E-01       3.07692308E-01
    71.9000       3.07692308E-01       3.07692308E-01       3.07692308E-01
    72.0000       3.07692308E-01       3.07692308E-01       3.07692308E-01
    72.1000       3.07692308E-01       3.07692308E-01       3.07692308E-01
    72.2000       3.07692308E-01       3.07692308E-01       3.07692308E-01
    72.3000       3.07692308E-01       3.33333333E-01       3.07692308E-01
    72.4000       3.07692308E-01       3.33333333E-01       3.07692308E-01
    72.5000       3.07692308E-01       3.33333333E-01       3.07692308E-01
    72.6000       3.07692308E-01       3.33333333E-01       3.07692308E-01
    72.7000       3.07692308E-01       3.33333333E-01       3.07692308E-01
    72.8000       3.07692308E-01       3.33333333E-01       3.07692308E-01
    72.9000       3.07692308E-01       3.33333333E-01       3.07692308E-01
    73.0000       3.07692308E-01       3.33333333E-01       3.33333333E-01
    73.1000       3.07692308E-01       3.33333333E-01       3.33333333E-01
    73.2000       3.07692308E-01       3.33333333E-01       3.33333333E-01
    73.3000       3.07692308E-01       3.33333333E-01       3.33333333E-01
    73.4000       3.07692308E-01       3.33333333E-01       3.33333333E-01
    73.5000       3.07692308E-01       3.33333333E-01       3.33333333E-01
    73.6000       3.07692308E-01       3.33333333E-01       3.33333333E-01
    73.7000       3.07692308E-01       3.33333333E-01       3.33333333E-01
    73.8000       3.07692308E-01       3.33333333E-01       3.33333333E-01
    73.9000       3.07692308E-01       3.33333333E-01       3.33333333E-01
    74.0000       3.07692308E-01       3.33333333E-01       3.33333333E-01
    74.1000       3.07692308E-01       3.33333333E-01       3.33333333E-01
    74.2000       3.07692308E-01       3.33333333E-01       3.33333333E-01
    74.3000       3.07692308E-01       3.33333333E-01       3.33333333E-01
    74.4000       3.07692308E-01       3.33333333E-01       3.33333333E-01
    74.5000       3.07692308E-01       3.33333333E-01       3.33333333E-01
    74.6000       3.07692308E-01       3.33333333E-01       3.33333333E-01
    74.7000       3.07692308E-01       3.33333333E-01       3.33333333E-01
    74.8000       3.07692308E-01       3.33333333E-01       3.33333333E-01
    74.9000       3.07692308E-01       3.33333333E-01       3.33333333E-01
    75.0000       3.07692308E-01       3.33333333E-01       3.33333333E-01
    75.1000       3.07692308E-01       3.33333333E-01       3.33333333E-01
    75.2000       3.07692308E-01       3.33333333E-01       3.33333333E-01
    75.3000       3.07692308E-01       3.33333333E-01       3.33333333E-01
    75.4000       3.07692308E-01       3.33333333E-01       3.33333333E-01
    75.5000       3.07692308E-01       3.33333333E-01       3.33333333E-01
    75.6000       3.07692308E-01       3.33333333E-01       3.33333333E-01
    75.7000       3.07692308E-01       3.33333333E-01       3.33333333E-01
    75.8000       3.07692308E-01       3.33333333E-01       3.33333333E-01
    75.9000       3.07692308E-01       3.33333333E-01       3.33333333E-01
    76.0000       3.07692308E-01       3.33333333E-01       3.33333333E-01
    76.1000       3.07692308E-01       3.33333333E-01       3.33333333E-01
    76.2000       3.07692308E-01       3.33333333E-01       3.33333333E-01
    76.3000       3.07692308E-01       3.33333333E-01       3.33333333E-01
    76.4000       3.07692308E-01       3.33333333E-01       3.33333333E-01
    76.5000       3.07692308E-01       3.33333333E-01       3.33333333E-01
    76.6000       3.07692308E-01       3.33333333E-01       3.33333333E-01
    76.7000       3.07692308E-01       3.33333333E-01       3.33333333E-01
    76.8000       3.07692308E-01       3.33333333E-01       3.33333333E-01
    76.9000       3.07692308E-01       3.33333333E-01       3.33333333E-01
    77.0000       3.07692308E-01       3.33333333E-01       3.33333333E-01
    77.1000       3.07692308E-01       3.33333333E-01       3.33333333E-01
    77.2000       3.07692308E-01       3.33333333E-01       3.33333333E-01
    77.3000       3.07692308E-01       3.33333333E-01       3.33333333E-01
    77.4000       3.07692308E-01       3.33333333E-01       3.33333333E-01
    77.5000       3.07692308E-01       3.33333333E-01       3.33333333E-01
    77.6000       3.07692308E-01       3.33333333E-01       3.33333333E-01
    77.7000       3.07692308E-01       3.33333333E-01       3.33333333E-01
    77.8000       3.07692308E-01       3.33333333E-01       3.33333333E-01
    77.9000       3.07692308E-01       3.33333333E-01       3.33333333E-01
    78.0000       3.07692308E-01       3.33333333E-01       3.33333333E-01
    78.1000       3.07692308E-01       3.33333333E-01       3.33333333E-01
    78.2000       3.07692308E-01       3.33333333E-01       3.33333333E-01
    78.3000       3.07692308E-01       3.33333333E-01       3.33333333E-01
    78.4000       3.07692308E-01       3.33333333E-01       3.33333333E-01
    78.5000       3.07692308E-01       3.33333333E-01       3.33333333E-01
    78.6000       3.07692308E-01       3.33333333E-01       3.33333333E-01
    78.7000       3.07692308E-01       3.33333333E-01       3.33333333E-01
    78.8000       3.07692308E-01       3.33333333E-01       3.33333333E-01
    78.9000       3.07692308E-01       3.33333333E-01       3.33333333E-01
    79.0000       3.07692308E-01       3.33333333E-01       3.33333333E-01
    79.1000       3.07692308E-01       3.33333333E-01       3.33333333E-01
    79.2000       3.07692308E-01       3.33333333E-01       3.33333333E-01
    79.3000       3.07692308E-01       3.33333333E-01       3.33333333E-01
    79.4000       3.07692308E-01       3.33333333E-01       3.33333333E-01
    79.5000       3.07692308E-01       3.33333333E-01       3.33333333E-01
    79.6000       3.07692308E-01       3.33333333E-01       3.33333333E-01
    79.7000       3.07692308E-01       3.33333333E-01       3.33333333E-01
    79.8000       3.07692308E-01       3.33333333E-01       3.33333333E-01
    79.9000       3.07692308E-01       3.33333333E-01       3.33333333E-01
    80.0000       3.07692308E-01       3.33333333E-01       3.33333333E-01
    80.1000       3.07692308E-01       3.33333333E-01       3.33333333E-01
    80.2000       3.07692308E-01       3.33333333E-01       3.33333333E-01
    80.3000       3.07692308E-01       3.33333333E-01       3.33333333E-01
    80.4000       3.07692308E-01       3.33333333E-01       3.33333333E-01
    80.5000       3.07692308E-01       3.33333333E-01       3.33333333E-01
    80.6000       3.07692308E-01       3.33333333E-01       3.33333333E-01
    80.7000       3.07692308E-01       3.33333333E-01       3.33333333E-01
    80.8000       3.07692308E-01       3.33333333E-01       3.33333333E-01
    80.9000       3.07692308E-01       3.33333333E-01       3.33333333E-01
    81.0000       3.07692308E-01       3.33333333E-01       3.33333333E-01
    81.1000       3.07692308E-01       3.33333333E-01       3.33333333E-01
    81.2000       3.07692308E-01       3.33333333E-01       3.33333333E-01
    81.3000       3.07692308E-01       3.33333333E-01       3.33333333E-01
    81.4000       3.07692308E-01       3.33333333E-01       3.33333333E-01
    81.5000       3.07692308E-01       3.33333333E-01       3.33333333E-01
    81.6000       3.33333333E-01       3.33333333E-01       3.33333333E-01
    81.7000       3.33333333E-01       3.33333333E-01       3.33333333E-01
    81.8000       3.33333333E-01       3.33333333E-01       3.33333333E-01
    81.9000       3.33333333E-01       3.33333333E-01       3.33333333E-01
    82.0000       3.33333333E-01       3.33333333E-01       3.33333333E-01
    82.1000       3.33333333E-01       3.33333333E-01       3.33333333E-01
    82.2000       3.33333333E-01       3.33333333E-01       3.33333333E-01
    82.3000       3.33333333E-01       3.33333333E-01       3.33333333E-01
    82.4000       3.33333333E-01       3.33333333E-01       3.33333333E-01
    82.5000       3.33333333E-01       3.33333333E-01       3.33333333E-01
    82.6000       3.33333333E-01       3.33333333E-01       3.33333333E-01
    82.7000       3.33333333E-01       3.33333333E-01       3.33333333E-01
    82.8000       3.33333333E-01       3.33333333E-01       3.33333333E-01
    82.9000       3.33333333E-01       3.33333333E-01       3.33333333E-01
    83.0000       3.33333333E-01       3.33333333E-01       3.33333333E-01
    83.1000       3.33333333E-01       3.33333333E-01       3.33333333E-01
    83.2000       3.33333333E-01       3.33333333E-01       3.33333333E-01
    83.3000       3.33333333E-01       3.33333333E-01       3.33333333E-01
    83.4000       3.33333333E-01       3.33333333E-01       3.33333333E-01
    83.5000       3.33333333E-01       3.33333333E-01       3.33333333E-01
    83.6000       3.33333333E-01       3.33333333E-01       3.33333333E-01
    83.7000       3.33333333E-01       3.33333333E-01       3.33333333E-01
    83.8000       3.33333333E-01       3.33333333E-01       3.33333333E-01
    83.9000       3.33333333E-01       3.33333333E-01       3.33333333E-01
    84.0000       3.33333333E-01       3.33333333E-01       3.33333333E-01
    84.1000       3.33333333E-01       3.33333333E-01       3.33333333E-01
    84.2000       3.33333333E-01       3.33333333E-01       3.33333333E-01
    84.3000       3.33333333E-01       3.33333333E-01       3.33333333E-01
    84.4000       3.33333333E-01       3.33333333E-01       3.33333333E-01
    84.5000       3.33333333E-01       3.33333333E-01       3.33333333E-01
    84.6000       3.33333333E-01       3.33333333E-01       3.33333333E-01
    84.7000       3.33333333E-01       3.33333333E-01       3.33333333E-01
    84.8000       3.33333333E-01       3.33333333E-01       3.33333333E-01
    84.9000       3.33333333E-01       3.33333333E-01       3.33333333E-01
    85.0000       3.33333333E-01       3.33333333E-01       3.33333333E-01
    85.1000       3.33333333E-01       3.33333333E-01       3.33333333E-01
    85.2000       3.33333333E-01       3.33333333E-01       3.33333333E-01
    85.3000       3.33333333E-01       3.33333333E-01       3.33333333E-01
    85.4000       3.33333333E-01       3.33333333E-01       3.33333333E-01
    85.5000       3.33333333E-01       3.33333333E-01       3.33333333E-01
    85.6000       3.33333333E-01       3.33333333E-01       3.33333333E-01
    85.7000       3.33333333E-01       3.33333333E-01       3.33333333E-01
    85.8000       3.33333333E-01       3.33333333E-01       3.33333333E-01
    85.9000       3.33333333E-01       3.33333333E-01       3.33333333E-01
    86.0000       3.33333333E-01       3.33333333E-01       3.33333333E-01
    86.1000       3.33333333E-01       3.33333333E-01       3.33333333E-01
    86.2000       3.33333333E-01       3.33333333E-01       3.33333333E-01
    86.3000       3.33333333E-01       3.33333333E-01       3.33333333E-01
    86.4000       3.33333333E-01       3.33333333E-01       3.33333333E-01
    86.5000       3.33333333E-01       3.33333333E-01       3.33333333E-01
    86.6000       3.33333333E-01       3.33333333E-01       3.33333333E-01
    86.7000       3.33333333E-01       3.33333333E-01       3.33333333E-01
    86.8000       3.33333333E-01       3.33333333E-01       3.33333333E-01
    86.9000       3.33333333E-01       3.33333333E-01       3.33333333E-01
    87.0000       3.33333333E-01       3.33333333E-01       3.33333333E-01
    87.1000       3.33333333E-01       3.33333333E-01       3.33333333E-01
    87.2000       3.33333333E-01       3.33333333E-01       3.33333333E-01
    87.3000       3.33333333E-01       3.33333333E-01       3.33333333E-01
    87.4000       3.33333333E-01       3.33333333E-01       3.33333333E-01
    87.5000       3.33333333E-01       3.33333333E-01       3.33333333E-01
    87.6000       3.33333333E-01       3.33333333E-01       3.33333333E-01
    87.7000       3.33333333E-01       3.33333333E-01       3.33333333E-01
    87.8000       3.33333333E-01       3.33333333E-01       3.33333333E-01
    87.9000       3.33333333E-01       3.33333333E-01       3.33333333E-01
    88.0000       3.33333333E-01       3.33333333E-01       3.33333333E-01
    88.1000       3.33333333E-01       3.33333333E-01       3.33333333E-01
    88.2000       3.33333333E-01       3.33333333E-01       3.33333333E-01
    88.3000       3.33333333E-01       3.33333333E-01       3.33333333E-01
    88.4000       3.33333333E-01       3.33333333E-01       3.33333333E-01
    88.5000       3.33333333E-01       3.33333333E-01       3.33333333E-01
    88.6000       3.33333333E-01       3.33333333E-01       3.33333333E-01
    88.7000       3.33333333E-01       3.33333333E-01       3.33333333E-01
    88.8000       3.33333333E-01       3.33333333E-01       3.33333333E-01
    88.9000       3.33333333E-01       3.33333333E-01       3.33333333E-01
    89.0000       3.33333333E-01       3.33333333E-01       3.33333333E-01
    89.1000       3.33333333E-01       3.33333333E-01       3.33333333E-01
    89.2000       3.33333333E-01       3.33333333E-01       3.33333333E-01
    89.3000       3.33333333E-01       3.33333333E-01       3.33333333E-01
    89.4000       3.33333333E-01       3.33333333E-01       3.33333333E-01
    89.5000       3.33333333E-01       3.33333333E-01       3.33333333E-01
    89.6000       3.33333333E-01       3.33333333E-01       3.33333333E-01
    89.7000       3.33333333E-01       3.33333333E-01       3.33333333E-01
    89.8000       3.33333333E-01       3.33333333E-01       3.33333333E-01
    89.9000       3.33333333E-01       3.33333333E-01       3.33333333E-01
    90.0000       3.33333333E-01       3.33333333E-01       3.33333333E-01
    90.1000       3.33333333E-01       3.33333333E-01       3.33333333E-01
    90.2000       3.33333333E-01       3.33333333E-01       3.33333333E-01
    90.3000       3.33333333E-01       3.33333333E-01       3.33333333E-01
    90.4000       3.33333333E-01       3.33333333E-01       3.33333333E-01
    90.5000       3.33333333E-01       3.33333333E-01       3.33333333E-01
    90.6000       3.33333333E-01       3.33333333E-01       3.33333333E-01
    90.7000       3.33333333E-01       3.33333333E-01       3.33333333E-01
    90.8000       3.33333333E-01       3.33333333E-01       3.33333333E-01
    90.9000       3.33333333E-01       3.33333333E-01       3.33333333E-01
    91.0000       3.33333333E-01       3.33333333E-01       3.33333333E-01
    91.1000       3.33333333E-01       3.33333333E-01       3.33333333E-01
    91.2000       3.33333333E-01       3.33333333E-01       3.33333333E-01
    91.3000       3.33333333E-01       3.33333333E-01       3.33333333E-01
    91.4000       3.33333333E-01       3.33333333E-01       3.33333333E-01
    91.5000       3.33333333E-01       3.33333333E-01       3.33333333E-01
    91.6000       3.33333333E-01       3.33333333E-01       3.33333333E-01
    91.7000       3.33333333E-01       3.33333333E-01       3.33333333E-01
    91.8000       3.33333333E-01       3.33333333E-01       3.33333333E-01
    91.9000       3.33333333E-01       3.33333333E-01       3.33333333E-01
    92.0000       3.33333333E-01       3.33333333E-01       3.33333333E-01
    92.1000       3.33333333E-01       3.33333333E-01       3.33333333E-01
    92.2000       3.33333333E-01       3.33333333E-01       3.33333333E-01
    92.3000       3.33333333E-01       3.33333333E-01       3.33333333E-01
    92.4000       3.33333333E-01       3.33333333E-01       3.33333333E-01
    92.5000       3.33333333E-01       3.33333333E-01       3.33333333E-01
    92.6000       3.33333333E-01       3.33333333E-01       3.33333333E-01
    92.7000       3.33333333E-01       3.33333333E-01       3.33333333E-01
    92.8000       3.33333333E-01       3.33333333E-01       3.33333333E-01
    92.9000       3.33333333E-01       3.33333333E-01       3.33333333E-01
    93.0000       3.33333333E-01       3.33333333E-01       3.33333333E-01
    93.1000       3.33333333E-01       3.33333333E-01       3.33333333E-01
    93.2000       3.33333333E-01       3.33333333E-01       3.33333333E-01
    93.3000       3.33333333E-01       3.33333333E-01       3.33333333E-01
    93.4000       3.33333333E-01       3.33333333E-01       3.33333333E-01
    93.5000       3.33333333E-01       3.33333333E-01       3.33333333E-01
    93.6000       3.33333333E-01       3.33333333E-01       3.33333333E-01
    93.7000       3.33333333E-01       3.33333333E-01       3.33333333E-01
    93.8000       3.33333333E-01       3.33333333E-01       3.33333333E-01
    93.9000       3.33333333E-01       3.33333333E-01       3.33333333E-01
    94.0000       3.33333333E-01       3.33333333E-01       3.33333333E-01
    94.1000       3.33333333E-01       3.33333333E-01       3.33333333E-01
    94.2000       3.33333333E-01       3.33333333E-01       3.33333333E-01
    94.3000       3.33333333E-01       3.33333333E-01       3.33333333E-01
    94.4000       3.33333333E-01       3.33333333E-01       3.33333333E-01
    94.5000       3.33333333E-01       3.33333333E-01       3.33333333E-01
    94.6000       3.33333333E-01       3.33333333E-01       3.33333333E-01
    94.7000       3.33333333E-01       3.33333333E-01       3.33333333E-01
    94.8000       3.33333333E-01       3.33333333E-01       3.33333333E-01
    94.9000       3.33333333E-01       3.33333333E-01       3.33333333E-01
    95.0000       3.33333333E-01       3.33333333E-01       3.33333333E-01
    95.1000       3.33333333E-01       3.33333333E-01       3.33333333E-01
    95.2000       3.33333333E-01       3.33333333E-01       3.33333333E-01
    95.3000       3.33333333E-01       3.33333333E-01       3.33333333E-01
    95.4000       3.33333333E-01       3.33333333E-01       3.33333333E-01
    95.5000       3.33333333E-01       3.33333333E-01       3.33333333E-01
    95.6000       3.33333333E-01       3.33333333E-01       3.33333333E-01
    95.7000       3.33333333E-01       3.33333333E-01       3.33333333E-01
    95.8000       3.33333333E-01       3.33333333E-01       3.33333333E-01
    95.9000       3.33333333E-01       3.33333333E-01       3.33333333E-01
    96.0000       3.33333333E-01       3.33333333E-01       3.33333333E-01
    96.1000       3.07692308E-01       3.33333333E-01       3.33333333E-01
    96.2000       3.07692308E-01       3.33333333E-01       3.33333333E-01
    96.3000       3.07692308E-01       3.33333333E-01       3.33333333E-01
    96.4000       3.07692308E-01       3.33333333E-01       3.33333333E-01
    96.5000       3.07692308E-01       3.33333333E-01       3.33333333E-01
    96.6000       3.07692308E-01       3.33333333E-01       3.33333333E-01
    96.7000       3.07692308E-01       3.33333333E-01       3.33333333E-01
    96.8000       3.07692308E-01       3.33333333E-01       3.33333333E-01
    96.9000       3.07692308E-01       3.33333333E-01       3.33333333E-01
    97.0000       3.07692308E-01       3.33333333E-01       3.33333333E-01
    97.1000       3.07692308E-01       3.33333333E-01       3.33333333E-01
    97.2000       3.07692308E-01       3.33333333E-01       3.33333333E-01
    97.3000       3.07692308E-01       3.33333333E-01       3.33333333E-01
    97.4000       3.07692308E-01       3.33333333E-01       3.33333333E-01
    97.5000       3.07692308E-01       3.33333333E-01       3.33333333E-01
    97.6000       3.07692308E-01       3.33333333E-01       3.33333333E-01
    97.7000       3.07692308E-01       3.33333333E-01       3.33333333E-01
    97.8000       3.07692308E-01       3.33333333E-01       3.33333333E-01
    97.9000       3.07692308E-01       3.33333333E-01       3.33333333E-01
    98.0000       3.07692308E-01       3.33333333E-01       3.33333333E-01
    98.1000       3.07692308E-01       3.33333333E-01       3.33333333E-01
    98.2000       3.07692308E-01       3.33333333E-01       3.33333333E-01
    98.3000       3.07692308E-01       3.33333333E-01       3.33333333E-01
    98.4000       3.07692308E-01       3.33333333E-01       3.33333333E-01
    98.5000       3.07692308E-01       3.33333333E-01       3.33333333E-01
    98.6000       3.07692308E-01       3.33333333E-01       3.33333333E-01
    98.7000       3.07692308E-01       3.33333333E-01       3.33333333E-01
    98.8000       3.07692308E-01       3.33333333E-01       3.33333333E-01
    98.9000       3.07692308E-01       3.33333333E-01       3.33333333E-01
    99.0000       3.07692308E-01       3.33333333E-01       3.33333333E-01
    99.1000       3.07692308E-01       3.33333333E-01       3.33333333E-01
    99.2000       3.07692308E-01       3.33333333E-01       3.33333333E-01
    99.3000       3.07692308E-01       3.33333333E-01       3.33333333E-01
    99.4000       3.07692308E-01       3.33333333E-01       3.33333333E-01
    99.5000       3.07692308E-01       3.33333333E-01       3.33333333E-01
    99.6000       3.07692308E-01       3.33333333E-01       3.33333333E-01
    99.7000       3.07692308E-01       3.33333333E-01       3.33333333E-01
    99.8000       3.07692308E-01       3.33333333E-01       3.33333333E-01
    99.9000       3.07692308E-01       3.33333333E-01       3.33333333E-01
   100.0000       3.07692308E-01       3.33333333E-01       3.33333333E-01
   100.1000       3.07692308E-01       3.33333333E-01       3.33333333E-01
   100.2000       3.07692308E-01       3.33333333E-01       3.33333333E-01
   100.3000       3.07692308E-01       3.33333333E-01       3.33333333E-01
   100.4000       3.07692308E-01       3.33333333E-01       3.33333333E-01
   100.5000       3.07692308E-01       3.33333333E-01       3.33333333E-01
   100.6000       3.07692308E-01       3.33333333E-01       3.33333333E-01
   100.7000       3.07692308E-01       3.33333333E-01       3.33333333E-01
   100.8000       3.07692308E-01       3.33333333E-01       3.33333333E-01
   100.9000       3.07692308E-01       3.33333333E-01       3.33333333E-01
   101.0000       3.07692308E-01       3.33333333E-01       3.33333333E-01
   101.1000       3.07692308E-01       3.33333333E-01       3.33333333E-01
   101.2000       3.07692308E-01       3.33333333E-01       3.33333333E-01
   101.3000       3.07692308E-01       3.33333333E-01       3.33333333E-01
   101.4000       3.07692308E-01       3.33333333E-01       3.33333333E-01
   101.5000       3.07692308E-01       3.33333333E-01       3.33333333E-01
   101.6000       3.07692308E-01       3.33333333E-01       3.33333333E-01
   101.7000       2.50000000E-01       3.33333333E-01       3.33333333E-01
   101.8000       2.50000000E-01       3.33333333E-01       3.33333333E-01
   101.9000       2.50000000E-01       3.33333333E-01       3.33333333E-01
   102.0000       2.50000000E-01       3.33333333E-01       3.33333333E-01
   102.1000       2.50000000E-01       3.33333333E-01       3.33333333E-01
   102.2000       2.50000000E-01       3.33333333E-01       3.33333333E-01
   102.3000       2.50000000E-01       3.33333333E-01       3.33333333E-01
   102.4000       2.50000000E-01       3.33333333E-01       3.33333333E-01
   102.5000       2.50000000E-01       3.33333333E-01       3.33333333E-01
   102.6000       2.50000000E-01       3.33333333E-01       3.33333333E-01
   102.7000       2.50000000E-01       3.33333333E-01       3.33333333E-01
   102.8000       2.50000000E-01       3.33333333E-01       3.33333333E-01
   102.9000       2.50000000E-01       3.33333333E-01       3.33333333E-01
   103.0000       2.50000000E-01       3.33333333E-01       3.33333333E-01
   103.1000       2.50000000E-01       3.33333333E-01       3.33333333E-01
   103.2000       2.50000000E-01       3.33333333E-01       3.33333333E-01
   103.3000       2.50000000E-01       3.33333333E-01       3.33333333E-01
   103.4000       2.50000000E-01       3.33333333E-01       3.33333333E-01
   103.5000       2.50000000E-01       3.33333333E-01       3.33333333E-01
   103.6000       2.50000000E-01       3.33333333E-01       3.33333333E-01
   103.7000       2.50000000E-01       3.33333333E-01       3.33333333E-01
   103.8000       2.50000000E-01       3.33333333E-01       3.33333333E-01
   103.9000       2.50000000E-01       3.33333333E-01       3.33333333E-01
   104.0000       2.50000000E-01       3.33333333E-01       3.33333333E-01
   104.1000       2.50000000E-01       3.33333333E-01       3.33333333E-01
   104.2000       3.07692308E-01       3.33333333E-01       3.33333333E-01
   104.3000       3.07692308E-01       3.33333333E-01       3.33333333E-01
   104.4000       3.07692308E-01       3.33333333E-01       3.33333333E-01
   104.5000       3.07692308E-01       3.33333333E-01       3.33333333E-01
   104.6000       3.07692308E-01       3.33333333E-01       3.33333333E-01
   104.7000       3.07692308E-01       3.33333333E-01       3.33333333E-01
   104.8000       3.07692308E-01       3.33333333E-01       3.33333333E-01
   104.9000       3.07692308E-01       3.33333333E-01       3.33333333E-01
   105.0000       3.07692308E-01       3.33333333E-01       3.33333333E-01
   105.1000       3.33333333E-01       3.33333333E-01       3.33333333E-01
   105.2000       3.33333333E-01       3.33333333E-01       3.33333333E-01
   105.3000       3.33333333E-01       3.33333333E-01       3.33333333E-01
   105.4000       3.33333333E-01       3.07692308E-01       3.33333333E-01
   105.5000       3.33333333E-01       3.07692308E-01       3.07692308E-01
   105.6000       3.33333333E-01       3.07692308E-01       3.07692308E-01
   105.7000       3.33333333E-01       3.07692308E-01       3.07692308E-01
   105.8000       3.33333333E-01       3.07692308E-01       3.07692308E-01
   105.9000       3.33333333E-01       3.07692308E-01       3.07692308E-01
   106.0000       3.33333333E-01       3.07692308E-01       3.07692308E-01
   106.1000       3.33333333E-01       3.07692308E-01       3.07692308E-01
   106.2000       3.33333333E-01       3.07692308E-01       3.07692308E-01
   106.3000       3.33333333E-01       3.07692308E-01       3.07692308E-01
   106.4000       3.33333333E-01       3.07692308E-01       3.07692308E-01
   106.5000       3.33333333E-01       3.07692308E-01       3.07692308E-01
   106.6000       3.33333333E-01       3.07692308E-01       3.07692308E-01
   106.7000       3.33333333E-01       3.07692308E-01       3.07692308E-01
   106.8000       3.33333333E-01       3.07692308E-01       3.07692308E-01
   106.9000       3.33333333E-01       3.07692308E-01       3.07692308E-01
   107.0000       3.33333333E-01       3.07692308E-01       3.07692308E-01
   107.1000       3.33333333E-01       3.07692308E-01       3.07692308E-01
   107.2000       3.33333333E-01       3.07692308E-01       3.07692308E-01
   107.3000       3.33333333E-01       3.07692308E-01       3.07692308E-01
   107.4000       3.33333333E-01       3.07692308E-01       3.07692308E-01
   107.5000       3.33333333E-01       3.07692308E-01       3.07692308E-01
   107.6000       3.33333333E-01       3.07692308E-01       3.07692308E-01
   107.7000       3.33333333E-01       3.07692308E-01       3.07692308E-01
   107.8000       3.33333333E-01       3.07692308E-01       3.07692308E-01
   107.9000       3.33333333E-01       3.07692308E-01       3.07692308E-01
   108.0000       3.33333333E-01       3.07692308E-01       3.07692308E-01
   108.1000       3.33333333E-01       3.07692308E-01       3.07692308E-01
   108.2000       3.33333333E-01       3.07692308E-01       4.00000000E+00
   108.3000       3.33333333E-01       3.07692308E-01       4.00000000E+00
   108.4000       3.33333333E-01       3.07692308E-01       4.00000000E+00
   108.5000       3.33333333E-01       3.07692308E-01       4.00000000E+00
   108.6000       3.33333333E-01       3.07692308E-01       4.00000000E+00
   108.7000       3.33333333E-01       3.07692308E-01       4.00000000E+00
   108.8000       3.33333333E-01       3.07692308E-01       4.00000000E+00
   108.9000       3.33333333E-01       3.07692308E-01       4.00000000E+00
   109.0000       3.33333333E-01       3.07692308E-01       4.00000000E+00
   109.1000       3.33333333E-01       3.07692308E-01       4.00000000E+00
   109.2000       3.33333333E-01       3.07692308E-01       4.00000000E+00
   109.3000       3.33333333E-01       4.00000000E+00       4.00000000E+00
   109.4000       3.33333333E-01       4.00000000E+00       4.00000000E+00
   109.5000       3.33333333E-01       4.00000000E+00       4.00000000E+00
   109.6000       3.33333333E-01       4.00000000E+00       4.00000000E+00
   109.7000       3.33333333E-01       4.00000000E+00       4.00000000E+00
   109.8000       3.33333333E-01       4.00000000E+00       4.00000000E+00
   109.9000       3.33333333E-01       4.00000000E+00       4.00000000E+00
   110.0000       3.33333333E-01       4.00000000E+00       4.00000000E+00
   110.1000       3.33333333E-01       4.00000000E+00       4.00000000E+00
   110.2000       3.07692308E-01       4.00000000E+00       4.00000000E+00
   110.3000       3.07692308E-01       4.00000000E+00       4.00000000E+00
   110.4000       3.07692308E-01       4.00000000E+00       4.00000000E+00
   110.5000       3.07692308E-01       4.00000000E+00       4.00000000E+00
   110.6000       3.07692308E-01       4.00000000E+00       4.00000000E+00
   110.7000       3.07692308E-01       4.00000000E+00       4.00000000E+00
   110.8000       3.07692308E-01       4.00000000E+00       4.00000000E+00
   110.9000       3.07692308E-01       4.00000000E+00       4.00000000E+00
   111.0000       3.07692308E-01       4.00000000E+00       4.00000000E+00
   111.1000       3.07692308E-01       4.00000000E+00       4.00000000E+00
   111.2000       3.07692308E-01       4.00000000E+00       4.00000000E+00
   111.3000       3.07692308E-01       4.00000000E+00       4.00000000E+00
   111.4000       3.07692308E-01       4.00000000E+00       4.00000000E+00
   111.5000       3.07692308E-01       4.00000000E+00       4.00000000E+00
   111.6000       3.07692308E-01       4.00000000E+00       4.00000000E+00
   111.7000       3.07692308E-01       4.00000000E+00       4.00000000E+00
   111.8000       3.07692308E-01       4.00000000E+00       4.00000000E+00
   111.9000       3.07692308E-01       4.00000000E+00       4.00000000E+00
   112.0000       3.07692308E-01       4.00000000E+00       4.00000000E+00
   112.1000       3.07692308E-01       4.00000000E+00       4.00000000E+00
   112.2000       3.07692308E-01       4.00000000E+00       4.00000000E+00
   112.3000       3.07692308E-01       4.00000000E+00       4.00000000E+00
   112.4000       3.07692308E-01       4.00000000E+00       4.00000000E+00
   112.5000       3.07692308E-01       4.00000000E+00       4.00000000E+00
   112.6000       3.07692308E-01       4.00000000E+00       4.00000000E+00
   112.7000       3.07692308E-01       4.00000000E+00       4.00000000E+00
   112.8000       3.07692308E-01       4.00000000E+00       4.00000000E+00
   112.9000       3.07692308E-01       4.00000000E+00       4.00000000E+00
   113.0000       3.07692308E-01       4.00000000E+00       4.00000000E+00
   113.1000       3.07692308E-01       4.00000000E+00       4.00000000E+00
   113.2000       3.07692308E-01       4.00000000E+00       4.00000000E+00
   113.3000       3.07692308E-01       4.00000000E+00       4.00000000E+00
   113.4000       3.07692308E-01       4.00000000E+00       4.00000000E+00
   113.5000       3.07692308E-01       4.00000000E+00       4.00000000E+00
   113.6000       3.07692308E-01       4.00000000E+00       4.00000000E+00
   113.7000       3.07692308E-01       4.00000000E+00       4.00000000E+00
   113.8000       3.07692308E-01       4.00000000E+00       4.00000000E+00
   113.9000       3.07692308E-01       4.00000000E+00       4.00000000E+00
   114.0000       3.07692308E-01       4.00000000E+00       4.00000000E+00
   114.1000       3.07692308E-01       4.00000000E+00       4.00000000E+00
   114.2000       3.07692308E-01       4.00000000E+00       4.00000000E+00
   114.3000       3.07692308E-01       4.00000000E+00       4.00000000E+00
   114.4000       3.07692308E-01       4.00000000E+00       4.00000000E+00
   114.5000       3.07692308E-01       4.00000000E+00       4.00000000E+00
   114.6000       3.07692308E-01       4.00000000E+00       4.00000000E+00
   114.7000       4.00000000E-01       4.00000000E+00       4.00000000E+00
   114.8000       4.00000000E-01       4.00000000E+00       4.00000000E+00
   114.9000       4.00000000E-01       4.00000000E+00       4.00000000E+00
   115.0000       4.00000000E-01       4.00000000E+00       4.00000000E+00
   115.1000       4.00000000E-01       4.00000000E+00       4.00000000E+00
   115.2000       4.00000000E-01       4.00000000E+00       4.00000000E+00
   115.3000       4.00000000E-01       4.00000000E+00       4.00000000E+00
   115.4000       4.00000000E-01       4.00000000E+00       4.00000000E+00
   115.5000       4.00000000E-01       4.00000000E+00       4.00000000E+00
   115.6000       4.00000000E-01       4.00000000E+00       4.00000000E+00
   115.7000       4.00000000E-01       4.00000000E+00       4.00000000E+00
   115.8000       4.00000000E-01       4.00000000E+00       4.00000000E+00
   115.9000       4.00000000E-01       4.00000000E+00       4.00000000E+00
   116.0000       4.00000000E-01       4.00000000E+00       4.00000000E+00
   116.1000       4.00000000E-01       4.00000000E+00       4.00000000E+00
   116.2000       4.00000000E-01       4.00000000E+00       4.00000000E+00
   116.3000       4.00000000E-01       4.00000000E+00       4.00000000E+00
   116.4000       4.00000000E-01       4.00000000E+00       4.00000000E+00
   116.5000       4.00000000E-01       4.00000000E+00       4.00000000E+00
   116.6000       4.00000000E-01       4.00000000E+00       4.00000000E+00
   116.7000       4.00000000E-01       4.00000000E+00       4.00000000E+00
   116.8000       4.00000000E-01       4.00000000E+00       4.00000000E+00
   116.9000       4.00000000E-01       4.00000000E+00       4.00000000E+00
   117.0000       4.00000000E-01       4.00000000E+00       4.00000000E+00
   117.1000       4.00000000E-01       4.00000000E+00       4.00000000E+00
   117.2000       4.00000000E-01       4.00000000E+00       4.00000000E+00
   117.3000       4.00000000E-01       4.00000000E+00       4.00000000E+00
   117.4000       4.00000000E-01       4.00000000E+00       4.00000000E+00
   117.5000       4.00000000E-01       4.00000000E+00       4.00000000E+00
   117.6000       4.00000000E-01       4.00000000E+00       4.00000000E+00
   117.7000       4.00000000E-01       4.00000000E+00       4.00000000E+00
   117.8000       4.00000000E-01       4.00000000E+00       4.00000000E+00
   117.9000       4.00000000E-01       4.00000000E+00       4.00000000E+00
   118.0000       4.00000000E-01       4.00000000E+00       4.00000000E+00
   118.1000       4.00000000E-01       4.00000000E+00       4.00000000E+00
   118.2000       4.00000000E-01       4.00000000E+00       4.00000000E+00
   118.3000       4.00000000E-01       4.00000000E+00       4.00000000E+00
   118.4000       4.00000000E-01       4.00000000E+00       4.00000000E+00
   118.5000       4.00000000E-01       4.00000000E+00       4.00000000E+00
   118.6000       4.00000000E-01       4.00000000E+00       4.00000000E+00
   118.7000       4.00000000E-01       4.00000000E+00       4.00000000E+00
   118.8000       4.00000000E-01       4.00000000E+00       4.00000000E+00
   118.9000       4.00000000E-01       4.00000000E+00       4.00000000E+00
   119.0000       4.00000000E-01       4.00000000E+00       4.00000000E+00
   119.1000       4.00000000E-01       4.00000000E+00       4.00000000E+00
   119.2000       4.00000000E-01       4.00000000E+00       4.00000000E+00
   119.3000       4.00000000E-01       4.00000000E+00       4.00000000E+00
   119.4000       4.00000000E-01       4.00000000E+00       4.00000000E+00
   119.5000       4.00000000E-01       4.00000000E+00       4.00000000E+00
   119.6000       4.00000000E-01       4.00000000E+00       4.00000000E+00
   119.7000       4.00000000E-01       4.00000000E+00       4.00000000E+00
   119.8000       4.00000000E-01       4.00000000E+00       4.00000000E+00
   119.9000       4.00000000E-01       4.00000000E+00       4.00000000E+00
   120.0000       4.00000000E-01       4.00000000E+00       4.00000000E+00
   120.1000       4.00000000E-01       4.00000000E+00       4.00000000E+00
   120.2000       4.00000000E-01       4.00000000E+00       4.00000000E+00
   120.3000       4.00000000E-01       4.00000000E+00       4.00000000E+00
   120.4000       4.00000000E-01       4.00000000E+00       4.00000000E+00
   120.5000       4.00000000E-01       4.00000000E+00       4.00000000E+00
   120.6000       4.00000000E-01       4.00000000E+00       4.00000000E+00
   120.7000       4.00000000E-01       4.00000000E+00       4.00000000E+00
   120.8000       4.00000000E-01       4.00000000E+00       4.00000000E+00
   120.9000       4.00000000E-01       4.00000000E+00       4.00000000E+00
   121.0000       4.00000000E-01       4.00000000E+00       4.00000000E+00
   121.1000       4.00000000E-01       4.00000000E+00       4.00000000E+00
   121.2000       4.00000000E-01       4.00000000E+00       4.00000000E+00
   121.3000       4.00000000E-01       4.00000000E+00       4.00000000E+00
   121.4000       4.00000000E-01       4.00000000E+00       4.00000000E+00
   121.5000       4.00000000E-01       4.00000000E+00       4.00000000E+00
   121.6000       4.00000000E-01       4.00000000E+00       4.00000000E+00
   121.7000       4.44444444E-01       4.00000000E+00       4.00000000E+00
   121.8000       4.44444444E-01       4.00000000E+00       4.00000000E+00
   121.9000       4.44444444E-01       4.00000000E+00       4.00000000E+00
   122.0000       4.44444444E-01       4.00000000E+00       4.00000000E+00
   122.1000       4.44444444E-01       4.00000000E+00       4.00000000E+00
   122.2000       4.44444444E-01       4.00000000E+00       4.00000000E+00
   122.3000       4.44444444E-01       4.00000000E+00       4.00000000E+00
   122.4000       4.44444444E-01       4.00000000E+00       4.00000000E+00
   122.5000       4.44444444E-01       4.00000000E+00       4.00000000E+00
   122.6000       4.44444444E-01       4.00000000E+00       4.00000000E+00
   122.7000       4.44444444E-01       4.00000000E+00       4.00000000E+00
   122.8000       4.44444444E-01       4.00000000E+00       4.00000000E+00
   122.9000       4.44444444E-01       4.00000000E+00       4.00000000E+00
   123.0000       4.44444444E-01       4.00000000E+00       4.00000000E+00
   123.1000       4.44444444E-01       4.00000000E+00       4.00000000E+00
   123.2000       4.44444444E-01       4.00000000E+00       4.00000000E+00
   123.3000       4.44444444E-01       4.00000000E+00       4.00000000E+00
   123.4000       4.44444444E-01       4.00000000E+00       4.00000000E+00
   123.5000       4.44444444E-01       4.00000000E+00       4.00000000E+00
   123.6000       4.44444444E-01       4.00000000E+00       4.00000000E+00
   123.7000       4.44444444E-01       4.00000000E+00       4.00000000E+00
   123.8000       4.44444444E-01       4.00000000E+00       4.00000000E+00
   123.9000       4.44444444E-01       4.00000000E+00       4.00000000E+00
   124.0000       4.44444444E-01       4.00000000E+00       4.00000000E+00
   124.1000       4.44444444E-01       4.00000000E+00       4.00000000E+00
   124.2000       4.44444444E-01       4.00000000E+00       4.00000000E+00
   124.3000       4.44444444E-01       4.00000000E+00       4.00000000E+00
   124.4000       4.44444444E-01       4.00000000E+00       4.00000000E+00
   124.5000       4.44444444E-01       4.00000000E+00       4.00000000E+00
   124.6000       4.44444444E-01       4.00000000E+00       4.00000000E+00
   124.7000       4.44444444E-01       4.00000000E+00       4.00000000E+00
   124.8000       4.44444444E-01       4.00000000E+00       4.00000000E+00
   124.9000       4.44444444E-01       4.00000000E+00       4.00000000E+00
   125.0000       4.44444444E-01       4.00000000E+00       4.00000000E+00
   125.1000       4.44444444E-01       4.00000000E+00       4.00000000E+00
   125.2000       4.44444444E-01       4.00000000E+00       4.00000000E+00
   125.3000       4.44444444E-01       4.00000000E+00       4.00000000E+00
   125.4000       4.44444444E-01       4.00000000E+00       4.00000000E+00
   125.5000       4.44444444E-01       4.00000000E+00       4.00000000E+00
   125.6000       4.44444444E-01       4.00000000E+00       4.00000000E+00
   125.7000       4.44444444E-01       4.00000000E+00       4.00000000E+00
   125.8000       4.44444444E-01       4.00000000E+00       4.00000000E+00
   125.9000       4.44444444E-01       4.00000000E+00       4.00000000E+00
   126.0000       4.44444444E-01       4.00000000E+00       4.00000000E+00
   126.1000       4.44444444E-01       4.00000000E+00       4.00000000E+00
   126.2000       4.44444444E-01       4.00000000E+00       4.00000000E+00
   126.3000       4.44444444E-01       4.00000000E+00       4.00000000E+00
   126.4000       4.44444444E-01       4.00000000E+00       4.00000000E+00
   126.5000       4.44444444E-01       4.00000000E+00       4.00000000E+00
   126.6000       4.44444444E-01       4.00000000E+00       4.00000000E+00
   126.7000       4.44444444E-01       4.00000000E+00       4.00000000E+00
   126.8000       4.44444444E-01       4.00000000E+00       4.00000000E+00
   126.9000       4.44444444E-01       4.00000000E+00       4.00000000E+00
   127.0000       4.44444444E-01       4.00000000E+00       4.00000000E+00
   127.1000       4.00000000E-01       4.00000000E+00       4.00000000E+00
   127.2000       4.00000000E-01       4.00000000E+00       4.00000000E+00
   127.3000       4.00000000E-01       4.00000000E+00       4.00000000E+00
   127.4000       4.00000000E-01       4.00000000E+00       4.00000000E+00
   127.5000       4.00000000E-01       4.00000000E+00       4.00000000E+00
   127.6000       4.00000000E-01       4.00000000E+00       4.00000000E+00
   127.7000       4.00000000E-01       4.00000000E+00       4.00000000E+00
   127.8000       4.00000000E-01       4.00000000E+00       4.00000000E+00
   127.9000       4.00000000E-01       4.00000000E+00       4.00000000E+00
   128.0000       4.00000000E-01       4.00000000E+00       4.00000000E+00
   128.1000       4.00000000E-01       4.00000000E+00       4.00000000E+00
   128.2000       4.00000000E-01       4.00000000E+00       4.00000000E+00
   128.3000       4.00000000E-01       4.00000000E+00       4.00000000E+00
   128.4000       4.00000000E-01       4.00000000E+00       4.00000000E+00
   128.5000       4.00000000E-01       4.00000000E+00       4.00000000E+00
   128.6000       4.00000000E-01       4.00000000E+00       4.00000000E+00
   128.7000       4.00000000E-01       4.00000000E+00       4.00000000E+00
   128.8000       4.00000000E-01       4.00000000E+00       4.00000000E+00
   128.9000       4.00000000E-01       4.00000000E+00       4.00000000E+00
   129.0000       4.00000000E-01       4.00000000E+00       4.00000000E+00
   129.1000       4.00000000E-01       4.00000000E+00       4.00000000E+00
   129.2000       4.00000000E-01       4.00000000E+00       4.00000000E+00
   129.3000       4.00000000E-01       4.00000000E+00       4.00000000E+00
   129.4000       4.00000000E-01       4.00000000E+00       4.00000000E+00
   129.5000       4.00000000E-01       4.00000000E+00       4.00000000E+00
   129.6000       4.00000000E-01       4.00000000E+00       4.00000000E+00
   129.7000       4.00000000E-01       4.00000000E+00       4.00000000E+00
   129.8000       5.71428571E-01       4.00000000E+00       4.00000000E+00
   129.9000       5.71428571E-01       4.00000000E+00       4.00000000E+00
   130.0000       5.71428571E-01       4.00000000E+00       4.00000000E+00
   130.1000       5.71428571E-01       4.00000000E+00       4.00000000E+00
   130.2000       5.71428571E-01       4.00000000E+00       4.00000000E+00
   130.3000       5.71428571E-01       4.00000000E+00       4.00000000E+00
   130.4000       5.71428571E-01       4.00000000E+00       4.00000000E+00
   130.5000       5.71428571E-01       4.00000000E+00       4.00000000E+00
   130.6000       5.71428571E-01       4.00000000E+00       4.00000000E+00
   130.7000       4.44444444E-01       4.00000000E+00       4.00000000E+00
   130.8000       4.44444444E-01       4.00000000E+00       4.00000000E+00
   130.9000       4.44444444E-01       4.00000000E+00       4.00000000E+00
   131.0000       4.44444444E-01       4.00000000E+00       4.00000000E+00
   131.1000       4.44444444E-01       4.00000000E+00       4.00000000E+00
   131.2000       4.44444444E-01       4.00000000E+00       4.00000000E+00
   131.3000       4.44444444E-01       4.00000000E+00       4.00000000E+00
   131.4000       4.44444444E-01       4.00000000E+00       4.00000000E+00
   131.5000       4.44444444E-01       4.00000000E+00       4.00000000E+00
   131.6000       4.44444444E-01       4.00000000E+00       4.00000000E+00
   131.7000       4.44444444E-01       4.00000000E+00       4.00000000E+00
   131.8000       4.44444444E-01       4.00000000E+00       4.00000000E+00
   131.9000       4.44444444E-01       4.00000000E+00       4.00000000E+00
   132.0000       4.44444444E-01       4.00000000E+00       4.00000000E+00
   132.1000       4.44444444E-01       4.00000000E+00       4.00000000E+00
   132.2000       4.44444444E-01       4.00000000E+00       4.00000000E+00
   132.3000       4.44444444E-01       4.00000000E+00       4.00000000E+00
   132.4000       4.44444444E-01       4.00000000E+00       4.00000000E+00
   132.5000       4.44444444E-01       4.00000000E+00       4.00000000E+00
   132.6000       4.44444444E-01       4.00000000E+00       4.00000000E+00
   132.7000       4.44444444E-01       4.00000000E+00       4.00000000E+00
   132.8000       4.44444444E-01       4.00000000E+00       4.00000000E+00
   132.9000       4.44444444E-01       4.00000000E+00       4.00000000E+00
   133.0000       4.44444444E-01       4.00000000E+00       4.00000000E+00
   133.1000       4.44444444E-01       4.00000000E+00       4.00000000E+00
   133.2000       4.44444444E-01       4.00000000E+00       4.00000000E+00
   133.3000       4.44444444E-01       4.00000000E+00       4.00000000E+00
   133.4000       4.44444444E-01       4.00000000E+00       4.00000000E+00
   133.5000       4.44444444E-01       4.00000000E+00       4.00000000E+00
   133.6000       4.44444444E-01       4.00000000E+00       4.00000000E+00
   133.7000       4.44444444E-01       4.00000000E+00       4.00000000E+00
   133.8000       4.44444444E-01       4.00000000E+00       4.00000000E+00
   133.9000       4.44444444E-01       4.00000000E+00       4.00000000E+00
   134.0000       4.44444444E-01       4.00000000E+00       4.00000000E+00
   134.1000       4.44444444E-01       4.00000000E+00       4.00000000E+00
   134.2000       4.44444444E-01       4.00000000E+00       4.00000000E+00
   134.3000       4.44444444E-01       4.00000000E+00       4.00000000E+00
   134.4000       4.44444444E-01       4.00000000E+00       4.00000000E+00
   134.5000       4.44444444E-01       4.00000000E+00       4.00000000E+00
   134.6000       4.44444444E-01       4.00000000E+00       4.00000000E+00
   134.7000       4.44444444E-01       4.00000000E+00       4.00000000E+00
   134.8000       4.44444444E-01       4.00000000E+00       4.00000000E+00
   134.9000       4.44444444E-01       4.00000000E+00       4.00000000E+00
   135.0000       4.44444444E-01       4.00000000E+00       4.00000000E+00
   135.1000       4.44444444E-01       4.00000000E+00       4.00000000E+00
   135.2000       4.44444444E-01       4.00000000E+00       4.00000000E+00
   135.3000       4.44444444E-01       4.00000000E+00       4.00000000E+00
   135.4000       4.44444444E-01       4.00000000E+00       4.00000000E+00
   135.5000       4.44444444E-01       4.00000000E+00       4.00000000E+00
   135.6000       4.44444444E-01       4.00000000E+00       4.00000000E+00
   135.7000       4.44444444E-01       4.00000000E+00       4.00000000E+00
   135.8000       4.44444444E-01       4.00000000E+00       4.00000000E+00
   135.9000       4.44444444E-01       4.00000000E+00       4.00000000E+00
   136.0000       5.71428571E-01       4.00000000E+00       4.00000000E+00
   136.1000       5.71428571E-01       4.00000000E+00       4.00000000E+00
   136.2000       5.71428571E-01       4.00000000E+00       4.00000000E+00
   136.3000       5.71428571E-01       4.00000000E+00       4.00000000E+00
   136.4000       5.71428571E-01       4.00000000E+00       4.00000000E+00
   136.5000       5.71428571E-01       4.00000000E+00       4.00000000E+00
   136.6000       5.71428571E-01       4.00000000E+00       4.00000000E+00
   136.7000       5.71428571E-01       4.00000000E+00       4.00000000E+00
   136.8000       5.71428571E-01       4.00000000E+00       4.00000000E+00
   136.9000       5.71428571E-01       4.00000000E+00       4.00000000E+00
   137.0000       5.71428571E-01       4.00000000E+00       4.00000000E+00
   137.1000       5.71428571E-01       4.00000000E+00       4.00000000E+00
   137.2000       5.71428571E-01       4.00000000E+00       4.00000000E+00
   137.3000       5.71428571E-01       4.00000000E+00       4.00000000E+00
   137.4000       5.00000000E-01       4.00000000E+00       4.00000000E+00
   137.5000       5.00000000E-01       4.00000000E+00       4.00000000E+00
   137.6000       5.00000000E-01       4.00000000E+00       4.00000000E+00
   137.7000       5.00000000E-01       4.00000000E+00       4.00000000E+00
   137.8000       5.00000000E-01       4.00000000E+00       4.00000000E+00
   137.9000       5.00000000E-01       4.00000000E+00       4.00000000E+00
   138.0000       5.00000000E-01       4.00000000E+00       4.00000000E+00
   138.1000       5.00000000E-01       4.00000000E+00       4.00000000E+00
   138.2000       5.00000000E-01       4.00000000E+00       4.00000000E+00
   138.3000       5.00000000E-01       4.00000000E+00       4.00000000E+00
   138.4000       5.00000000E-01       4.00000000E+00       4.00000000E+00
   138.5000       5.00000000E-01       4.00000000E+00       4.00000000E+00
   138.6000       5.00000000E-01       4.00000000E+00       4.00000000E+00
   138.7000       5.00000000E-01       4.00000000E+00       4.00000000E+00
   138.8000       5.00000000E-01       4.00000000E+00       4.00000000E+00
   138.9000       5.00000000E-01       4.00000000E+00       4.00000000E+00
   139.0000       5.00000000E-01       4.00000000E+00       4.00000000E+00
   139.1000       5.00000000E-01       4.00000000E+00       4.00000000E+00
   139.2000       5.00000000E-01       4.00000000E+00       4.00000000E+00
   139.3000       5.00000000E-01       4.00000000E+00       4.00000000E+00
   139.4000       5.00000000E-01       4.00000000E+00       4.00000000E+00
   139.5000       5.00000000E-01       4.00000000E+00       4.00000000E+00
   139.6000       5.00000000E-01       4.00000000E+00       4.00000000E+00
   139.7000       5.00000000E-01       4.00000000E+00       4.00000000E+00
   139.8000       5.00000000E-01       4.00000000E+00       4.00000000E+00
   139.9000       5.00000000E-01       4.00000000E+00       4.00000000E+00
   140.0000       5.00000000E-01       4.00000000E+00       4.00000000E+00
   140.1000       5.00000000E-01       4.00000000E+00       4.00000000E+00
   140.2000       5.00000000E-01       4.00000000E+00       4.00000000E+00
   140.3000       5.00000000E-01       4.00000000E+00       4.00000000E+00
   140.4000       5.00000000E-01       4.00000000E+00       4.00000000E+00
   140.5000       4.44444444E-01       4.00000000E+00       4.00000000E+00
   140.6000       4.44444444E-01       4.00000000E+00       4.00000000E+00
   140.7000       4.44444444E-01       4.00000000E+00       4.00000000E+00
   140.8000       4.44444444E-01       4.00000000E+00       4.00000000E+00
   140.9000       4.44444444E-01       4.00000000E+00       4.00000000E+00
   141.0000       4.44444444E-01       4.00000000E+00       4.00000000E+00
   141.1000       4.44444444E-01       4.00000000E+00       4.00000000E+00
   141.2000       4.44444444E-01       4.00000000E+00       4.00000000E+00
   141.3000       4.44444444E-01       4.00000000E+00       4.00000000E+00
   141.4000       4.44444444E-01       4.00000000E+00       4.00000000E+00
   141.5000       4.44444444E-01       4.00000000E+00       4.00000000E+00
   141.6000       4.44444444E-01       4.00000000E+00       4.00000000E+00
   141.7000       4.44444444E-01       4.00000000E+00       4.00000000E+00
   141.8000       4.44444444E-01       4.00000000E+00       4.00000000E+00
   141.9000       4.44444444E-01       4.00000000E+00       4.00000000E+00
   142.0000       4.44444444E-01       4.00000000E+00       4.00000000E+00
   142.1000       4.44444444E-01       4.00000000E+00       4.00000000E+00
   142.2000       4.44444444E-01       4.00000000E+00       4.00000000E+00
   142.3000       4.44444444E-01       4.00000000E+00       4.00000000E+00
   142.4000       4.44444444E-01       4.00000000E+00       4.00000000E+00
   142.5000       4.44444444E-01       4.00000000E+00       4.00000000E+00
   142.6000       4.44444444E-01       4.00000000E+00       4.00000000E+00
   142.7000       4.44444444E-01       4.00000000E+00       4.00000000E+00
   142.8000       4.44444444E-01       4.00000000E+00       4.00000000E+00
   142.9000       4.44444444E-01       4.00000000E+00       4.00000000E+00
   143.0000       4.44444444E-01       4.00000000E+00       4.00000000E+00
   143.1000       4.44444444E-01       4.00000000E+00       4.00000000E+00
   143.2000       4.44444444E-01       4.00000000E+00       4.00000000E+00
   143.3000       4.44444444E-01       4.00000000E+00       4.00000000E+00
   143.4000       5.71428571E-01       4.00000000E+00       4.00000000E+00
   143.5000       5.71428571E-01       4.00000000E+00       4.00000000E+00
   143.6000       5.71428571E-01       4.00000000E+00       4.00000000E+00
   143.7000       5.71428571E-01       4.00000000E+00       4.00000000E+00
   143.8000       5.71428571E-01       4.00000000E+00       4.00000000E+00
   143.9000       5.71428571E-01       4.00000000E+00       4.00000000E+00
   144.0000       5.71428571E-01       4.00000000E+00       4.00000000E+00
   144.1000       5.71428571E-01       4.00000000E+00       4.00000000E+00
   144.2000       5.71428571E-01       4.00000000E+00       4.00000000E+00
   144.3000       5.71428571E-01       4.00000000E+00       4.00000000E+00
   144.4000       5.71428571E-01       4.00000000E+00       4.00000000E+00
   144.5000       5.71428571E-01       4.00000000E+00       4.00000000E+00
   144.6000       5.71428571E-01       4.00000000E+00       4.00000000E+00
   144.7000       5.71428571E-01       4.00000000E+00       4.00000000E+00
   144.8000       5.71428571E-01       4.00000000E+00       4.00000000E+00
   144.9000       5.71428571E-01       4.00000000E+00       4.00000000E+00
   145.0000       5.71428571E-01       4.00000000E+00       4.00000000E+00
   145.1000       5.71428571E-01       4.00000000E+00       4.00000000E+00
   145.2000       5.71428571E-01       4.00000000E+00       4.00000000E+00
   145.3000       5.71428571E-01       4.00000000E+00       4.00000000E+00
   145.4000       5.71428571E-01       4.00000000E+00       4.00000000E+00
   145.5000       5.71428571E-01       4.00000000E+00       4.00000000E+00
   145.6000       5.71428571E-01       4.00000000E+00       4.00000000E+00
   145.7000       5.71428571E-01       4.00000000E+00       4.00000000E+00
   145.8000       5.71428571E-01       4.00000000E+00       4.00000000E+00
   145.9000       5.71428571E-01       4.00000000E+00       4.00000000E+00
   146.0000       5.71428571E-01       4.00000000E+00       4.00000000E+00
   146.1000       5.71428571E-01       4.00000000E+00       4.00000000E+00
   146.2000       5.71428571E-01       4.00000000E+00       4.00000000E+00
   146.3000       5.71428571E-01       4.00000000E+00       4.00000000E+00
   146.4000       5.71428571E-01       4.00000000E+00       4.00000000E+00
   146.5000       5.71428571E-01       4.00000000E+00       4.00000000E+00
   146.6000       5.71428571E-01       4.00000000E+00       4.00000000E+00
   146.7000       5.71428571E-01       4.00000000E+00       4.00000000E+00
   146.8000       5.71428571E-01       4.00000000E+00       4.00000000E+00
   146.9000       5.71428571E-01       4.00000000E+00       4.00000000E+00
   147.0000       5.71428571E-01       4.00000000E+00       4.00000000E+00
   147.1000       5.71428571E-01       4.00000000E+00       4.00000000E+00
   147.2000       5.71428571E-01       4.00000000E+00       4.00000000E+00
   147.3000       5.71428571E-01       4.00000000E+00       4.00000000E+00
   147.4000       5.71428571E-01       4.00000000E+00       4.00000000E+00
   147.5000       5.71428571E-01       4.00000000E+00       4.00000000E+00
   147.6000       5.71428571E-01       4.00000000E+00       4.00000000E+00
   147.7000       5.71428571E-01       4.00000000E+00       4.00000000E+00
   147.8000       5.71428571E-01       4.00000000E+00       4.00000000E+00
   147.9000       5.71428571E-01       4.00000000E+00       4.00000000E+00
   148.0000       5.71428571E-01       4.00000000E+00       4.00000000E+00
   148.1000       5.71428571E-01       4.00000000E+00       4.00000000E+00
   148.2000       5.71428571E-01       4.00000000E+00       4.00000000E+00
   148.3000       5.71428571E-01       4.00000000E+00       4.00000000E+00
   148.4000       5.71428571E-01       4.00000000E+00       4.00000000E+00
   148.5000       5.71428571E-01       4.00000000E+00       4.00000000E+00
   148.6000       5.71428571E-01       4.00000000E+00       4.00000000E+00
   148.7000       5.71428571E-01       4.00000000E+00       4.00000000E+00
   148.8000       5.71428571E-01       4.00000000E+00       4.00000000E+00
   148.9000       5.71428571E-01       4.00000000E+00       4.00000000E+00
   149.0000       5.71428571E-01       4.00000000E+00       4.00000000E+00
   149.1000       5.71428571E-01       4.00000000E+00       4.00000000E+00
   149.2000       5.71428571E-01       4.00000000E+00       4.00000000E+00
   149.3000       5.71428571E-01       4.00000000E+00       4.00000000E+00
   149.4000       5.71428571E-01       4.00000000E+00       4.00000000E+00
   149.5000       5.71428571E-01       4.00000000E+00       4.00000000E+00
   149.6000       5.71428571E-01       4.00000000E+00       4.00000000E+00
   149.7000       5.71428571E-01       4.00000000E+00       4.00000000E+00
   149.8000       5.71428571E-01       4.00000000E+00       4.00000000E+00
   149.9000       5.71428571E-01       4.00000000E+00       4.00000000E+00
   150.0000       5.71428571E-01       4.00000000E+00       4.00000000E+00
   150.1000       5.71428571E-01       4.00000000E+00       4.00000000E+00
   150.2000       5.71428571E-01       4.00000000E+00       4.00000000E+00
   150.3000       5.71428571E-01       4.00000000E+00       4.00000000E+00
   150.4000       5.71428571E-01       4.00000000E+00       4.00000000E+00
   150.5000       5.71428571E-01       4.00000000E+00       4.00000000E+00
   150.6000       5.71428571E-01       4.00000000E+00       4.00000000E+00
   150.7000       5.71428571E-01       4.00000000E+00       4.00000000E+00
   150.8000       5.71428571E-01       4.00000000E+00       4.00000000E+00
   150.9000       5.71428571E-01       4.00000000E+00       4.00000000E+00
   151.0000       5.71428571E-01       4.00000000E+00       4.00000000E+00
   151.1000       5.71428571E-01       4.00000000E+00       4.00000000E+00
   151.2000       5.71428571E-01       4.00000000E+00       4.00000000E+00
   151.3000       5.71428571E-01       4.00000000E+00       4.00000000E+00
   151.4000       5.71428571E-01       4.00000000E+00       4.00000000E+00
   151.5000       5.71428571E-01       4.00000000E+00       4.00000000E+00
   151.6000       5.71428571E-01       4.00000000E+00       4.00000000E+00
   151.7000       5.71428571E-01       4.00000000E+00       4.00000000E+00
   151.8000       5.71428571E-01       4.00000000E+00       4.00000000E+00
   151.9000       5.71428571E-01       4.00000000E+00       4.00000000E+00
   152.0000       5.71428571E-01       4.00000000E+00       4.00000000E+00
   152.1000       5.71428571E-01       4.00000000E+00       4.00000000E+00
   152.2000       5.71428571E-01       4.00000000E+00       4.00000000E+00
   152.3000       5.71428571E-01       4.00000000E+00       4.00000000E+00
   152.4000       8.00000000E-01       4.00000000E+00       4.00000000E+00
   152.5000       8.00000000E-01       4.00000000E+00       4.00000000E+00
   152.6000       8.00000000E-01       4.00000000E+00       4.00000000E+00
   152.7000       8.00000000E-01       4.00000000E+00       4.00000000E+00
   152.8000       8.00000000E-01       4.00000000E+00       4.00000000E+00
   152.9000       8.00000000E-01       4.00000000E+00       4.00000000E+00
   153.0000       8.00000000E-01       4.00000000E+00       4.00000000E+00
   153.1000       8.00000000E-01       4.00000000E+00       4.00000000E+00
   153.2000       8.00000000E-01       4.00000000E+00       4.00000000E+00
   153.3000       8.00000000E-01       4.00000000E+00       4.00000000E+00
   153.4000       5.71428571E-01       4.00000000E+00       4.00000000E+00
   153.5000       5.71428571E-01       4.00000000E+00       4.00000000E+00
   153.6000       5.71428571E-01       4.00000000E+00       4.00000000E+00
   153.7000       6.66666667E-01       4.00000000E+00       4.00000000E+00
   153.8000       6.66666667E-01       4.00000000E+00       4.00000000E+00
   153.9000       6.66666667E-01       4.00000000E+00       4.00000000E+00
   154.0000       6.66666667E-01       4.00000000E+00       4.00000000E+00
   154.1000       6.66666667E-01       4.00000000E+00       4.00000000E+00
   154.2000       6.66666667E-01       4.00000000E+00       4.00000000E+00
   154.3000       6.66666667E-01       4.00000000E+00       4.00000000E+00
   154.4000       6.66666667E-01       4.00000000E+00       4.00000000E+00
   154.5000       6.66666667E-01       4.00000000E+00       4.00000000E+00
   154.6000       6.66666667E-01       4.00000000E+00       4.00000000E+00
   154.7000       6.66666667E-01       4.00000000E+00       4.00000000E+00
   154.8000       6.66666667E-01       4.00000000E+00       4.00000000E+00
   154.9000       6.66666667E-01       4.00000000E+00       4.00000000E+00
   155.0000       6.66666667E-01       4.00000000E+00       4.00000000E+00
   155.1000       6.66666667E-01       4.00000000E+00       4.00000000E+00
   155.2000       6.66666667E-01       4.00000000E+00       4.00000000E+00
   155.3000       6.66666667E-01       4.00000000E+00       4.00000000E+00
   155.4000       6.66666667E-01       4.00000000E+00       4.00000000E+00
   155.5000       6.66666667E-01       4.00000000E+00       4.00000000E+00
   155.6000       6.66666667E-01       4.00000000E+00       4.00000000E+00
   155.7000       6.66666667E-01       4.00000000E+00       4.00000000E+00
   155.8000       6.66666667E-01       4.00000000E+00       4.00000000E+00
   155.9000       6.66666667E-01       4.00000000E+00       4.00000000E+00
   156.0000       6.66666667E-01       4.00000000E+00       4.00000000E+00
   156.1000       6.66666667E-01       4.00000000E+00       4.00000000E+00
   156.2000       6.66666667E-01       4.00000000E+00       4.00000000E+00
   156.3000       6.66666667E-01       4.00000000E+00       4.00000000E+00
   156.4000       6.66666667E-01       4.00000000E+00       4.00000000E+00
   156.5000       6.66666667E-01       4.00000000E+00       4.00000000E+00
   156.6000       6.66666667E-01       4.00000000E+00       4.00000000E+00
   156.7000       8.00000000E-01       4.00000000E+00       4.00000000E+00
   156.8000       8.00000000E-01       4.00000000E+00       4.00000000E+00
   156.9000       8.00000000E-01       4.00000000E+00       4.00000000E+00
   157.0000       8.00000000E-01       4.00000000E+00       4.00000000E+00
   157.1000       8.00000000E-01       4.00000000E+00       4.00000000E+00
   157.2000       8.00000000E-01       4.00000000E+00       4.00000000E+00
   157.3000       8.00000000E-01       4.00000000E+00       4.00000000E+00
   157.4000       8.00000000E-01       4.00000000E+00       4.00000000E+00
   157.5000       8.00000000E-01       4.00000000E+00       4.00000000E+00
   157.6000       8.00000000E-01       4.00000000E+00       4.00000000E+00
   157.7000       8.00000000E-01       4.00000000E+00       4.00000000E+00
   157.8000       8.00000000E-01       4.00000000E+00       4.00000000E+00
   157.9000       5.71428571E-01       4.00000000E+00       4.00000000E+00
   158.0000       5.71428571E-01       4.00000000E+00       4.00000000E+00
   158.1000       5.71428571E-01       4.00000000E+00       4.00000000E+00
   158.2000       5.71428571E-01       4.00000000E+00       4.00000000E+00
   158.3000       5.71428571E-01       4.00000000E+00       4.00000000E+00
   158.4000       5.71428571E-01       4.00000000E+00       4.00000000E+00
   158.5000       5.71428571E-01       4.00000000E+00       4.00000000E+00
   158.6000       5.71428571E-01       4.00000000E+00       4.00000000E+00
   158.7000       5.71428571E-01       4.00000000E+00       4.00000000E+00
   158.8000       5.71428571E-01       4.00000000E+00       4.00000000E+00
   158.9000       5.71428571E-01       4.00000000E+00       4.00000000E+00
   159.0000       5.71428571E-01       4.00000000E+00       4.00000000E+00
   159.1000       5.71428571E-01       4.00000000E+00       4.00000000E+00
   159.2000       5.71428571E-01       4.00000000E+00       4.00000000E+00
   159.3000       5.71428571E-01       4.00000000E+00       4.00000000E+00
   159.4000       5.71428571E-01       4.00000000E+00       4.00000000E+00
   159.5000       5.71428571E-01       4.00000000E+00       4.00000000E+00
   159.6000       5.71428571E-01       4.00000000E+00       4.00000000E+00
   159.7000       5.71428571E-01       4.00000000E+00       4.00000000E+00
   159.8000       5.71428571E-01       4.00000000E+00       4.00000000E+00
   159.9000       5.71428571E-01       4.00000000E+00       4.00000000E+00
   160.0000       5.71428571E-01       4.00000000E+00       4.00000000E+00
   160.1000       5.71428571E-01       4.00000000E+00       4.00000000E+00
   160.2000       5.71428571E-01       4.00000000E+00       4.00000000E+00
   160.3000       5.71428571E-01       4.00000000E+00       4.00000000E+00
   160.4000       5.71428571E-01       4.00000000E+00       4.00000000E+00
   160.5000       5.71428571E-01       4.00000000E+00       4.00000000E+00
   160.6000       5.71428571E-01       4.00000000E+00       4.00000000E+00
   160.7000       5.71428571E-01       4.00000000E+00       4.00000000E+00
   160.8000       5.71428571E-01       4.00000000E+00       4.00000000E+00
   160.9000       5.71428571E-01       4.00000000E+00       4.00000000E+00
   161.0000       5.71428571E-01       4.00000000E+00       4.00000000E+00
   161.1000       5.71428571E-01       4.00000000E+00       4.00000000E+00
   161.2000       5.71428571E-01       4.00000000E+00       4.00000000E+00
   161.3000       5.71428571E-01       4.00000000E+00       4.00000000E+00
   161.4000       5.71428571E-01       4.00000000E+00       4.00000000E+00
   161.5000       5.71428571E-01       4.00000000E+00       4.00000000E+00
   161.6000       5.71428571E-01       4.00000000E+00       4.00000000E+00
   161.7000       5.71428571E-01       4.00000000E+00       4.00000000E+00
   161.8000       8.00000000E-01       4.00000000E+00       4.00000000E+00
   161.9000       8.00000000E-01       4.00000000E+00       4.00000000E+00
   162.0000       8.00000000E-01       4.00000000E+00       4.00000000E+00
   162.1000       8.00000000E-01       4.00000000E+00       4.00000000E+00
   162.2000       8.00000000E-01       4.00000000E+00       4.00000000E+00
   162.3000       8.00000000E-01       4.00000000E+00       4.00000000E+00
   162.4000       8.00000000E-01       4.00000000E+00       4.00000000E+00
   162.5000       8.00000000E-01       4.00000000E+00       4.00000000E+00
   162.6000       8.00000000E-01       4.00000000E+00       4.00000000E+00
   162.7000       8.00000000E-01       4.00000000E+00       4.00000000E+00
   162.8000       8.00000000E-01       4.00000000E+00       4.00000000E+00
   162.9000       8.00000000E-01       4.00000000E+00       4.00000000E+00
   163.0000       8.00000000E-01       4.00000000E+00       4.00000000E+00
   163.1000       8.00000000E-01       4.00000000E+00       4.00000000E+00
   163.2000       8.00000000E-01       4.00000000E+00       4.00000000E+00
   163.3000       8.00000000E-01       4.00000000E+00       4.00000000E+00
   163.4000       8.00000000E-01       4.00000000E+00       4.00000000E+00
   163.5000       8.00000000E-01       4.00000000E+00       4.00000000E+00
   163.6000       8.00000000E-01       4.00000000E+00       4.00000000E+00
   163.7000       8.00000000E-01       4.00000000E+00       4.00000000E+00
   163.8000       8.00000000E-01       4.00000000E+00       4.00000000E+00
   163.9000       8.00000000E-01       4.00000000E+00       4.00000000E+00
   164.0000       8.00000000E-01       4.00000000E+00       4.00000000E+00
   164.1000       8.00000000E-01       4.00000000E+00       4.00000000E+00
   164.2000       8.00000000E-01       4.00000000E+00       4.00000000E+00
   164.3000       8.00000000E-01       4.00000000E+00       4.00000000E+00
   164.4000       8.00000000E-01       4.00000000E+00       4.00000000E+00
   164.5000       8.00000000E-01       4.00000000E+00       4.00000000E+00
   164.6000       8.00000000E-01       4.00000000E+00       4.00000000E+00
   164.7000       8.00000000E-01       4.00000000E+00       4.00000000E+00
   164.8000       8.00000000E-01       4.00000000E+00       4.00000000E+00
   164.9000       8.00000000E-01       4.00000000E+00       4.00000000E+00
   165.0000       8.00000000E-01       4.00000000E+00       4.00000000E+00
   165.1000       8.00000000E-01       4.00000000E+00       4.00000000E+00
   165.2000       5.71428571E-01       4.00000000E+00       4.00000000E+00
   165.3000       5.71428571E-01       4.00000000E+00       4.00000000E+00
   165.4000       5.71428571E-01       4.00000000E+00       4.00000000E+00
   165.5000       5.71428571E-01       4.00000000E+00       4.00000000E+00
   165.6000       5.71428571E-01       4.00000000E+00       4.00000000E+00
   165.7000       5.71428571E-01       4.00000000E+00       4.00000000E+00
   165.8000       5.71428571E-01       4.00000000E+00       4.00000000E+00
   165.9000       1.00000000E+00       4.00000000E+00       4.00000000E+00
   166.0000       1.00000000E+00       4.00000000E+00       4.00000000E+00
   166.1000       1.00000000E+00       4.00000000E+00       4.00000000E+00
   166.2000       1.00000000E+00       4.00000000E+00       4.00000000E+00
   166.3000       1.00000000E+00       4.00000000E+00       4.00000000E+00
   166.4000       1.00000000E+00       4.00000000E+00       4.00000000E+00
   166.5000       1.00000000E+00       4.00000000E+00       4.00000000E+00
   166.6000       1.00000000E+00       4.00000000E+00       4.00000000E+00
   166.7000       1.00000000E+00       4.00000000E+00       4.00000000E+00
   166.8000       1.00000000E+00       4.00000000E+00       4.00000000E+00
   166.9000       1.00000000E+00       4.00000000E+00       4.00000000E+00
   167.0000       1.00000000E+00       4.00000000E+00       4.00000000E+00
   167.1000       1.00000000E+00       4.00000000E+00       4.00000000E+00
   167.2000       6.66666667E-01       4.00000000E+00       4.00000000E+00
   167.3000       6.66666667E-01       4.00000000E+00       4.00000000E+00
   167.4000       6.66666667E-01       4.00000000E+00       4.00000000E+00
   167.5000       6.66666667E-01       4.00000000E+00       4.00000000E+00
   167.6000       8.00000000E-01       4.00000000E+00       4.00000000E+00
   167.7000       8.00000000E-01       4.00000000E+00       4.00000000E+00
   167.8000       8.00000000E-01       4.00000000E+00       4.00000000E+00
   167.9000       8.00000000E-01       4.00000000E+00       4.00000000E+00
   168.0000       8.00000000E-01       4.00000000E+00       4.00000000E+00
   168.1000       8.00000000E-01       4.00000000E+00       4.00000000E+00
   168.2000       8.00000000E-01       4.00000000E+00       4.00000000E+00
   168.3000       8.00000000E-01       4.00000000E+00       4.00000000E+00
   168.4000       8.00000000E-01       4.00000000E+00       4.00000000E+00
   168.5000       8.00000000E-01       4.00000000E+00       4.00000000E+00
   168.6000       8.00000000E-01       4.00000000E+00       4.00000000E+00
   168.7000       8.00000000E-01       4.00000000E+00       4.00000000E+00
   168.8000       8.00000000E-01       4.00000000E+00       4.00000000E+00
   168.9000       8.00000000E-01       4.00000000E+00       4.00000000E+00
   169.0000       8.00000000E-01       4.00000000E+00       4.00000000E+00
   169.1000       8.00000000E-01       4.00000000E+00       4.00000000E+00
   169.2000       8.00000000E-01       4.00000000E+00       4.00000000E+00
   169.3000       8.00000000E-01       4.00000000E+00       4.00000000E+00
   169.4000       8.00000000E-01       4.00000000E+00       4.00000000E+00
   169.5000       8.00000000E-01       4.00000000E+00       4.00000000E+00
   169.6000       8.00000000E-01       4.00000000E+00       4.00000000E+00
   169.7000       8.00000000E-01       4.00000000E+00       4.00000000E+00
   169.8000       8.00000000E-01       4.00000000E+00       4.00000000E+00
   169.9000       8.00000000E-01       4.00000000E+00       4.00000000E+00
   170.0000       8.00000000E-01       4.00000000E+00       4.00000000E+00
   170.1000       8.00000000E-01       4.00000000E+00       4.00000000E+00
   170.2000       6.66666667E-01       4.00000000E+00       4.00000000E+00
   170.3000       1.00000000E+00       4.00000000E+00       4.00000000E+00
   170.4000       1.00000000E+00       4.00000000E+00       4.00000000E+00
   170.5000       1.00000000E+00       4.00000000E+00       4.00000000E+00
   170.6000       1.00000000E+00       4.00000000E+00       4.00000000E+00
   170.7000       1.00000000E+00       4.00000000E+00       4.00000000E+00
   170.8000       1.00000000E+00       4.00000000E+00       4.00000000E+00
   170.9000       1.00000000E+00       4.00000000E+00       4.00000000E+00
   171.0000       1.00000000E+00       4.00000000E+00       4.00000000E+00
   171.1000       1.00000000E+00       4.00000000E+00       4.00000000E+00
   171.2000       1.00000000E+00       4.00000000E+00       4.00000000E+00
   171.3000       1.00000000E+00       4.00000000E+00       4.00000000E+00
   171.4000       1.00000000E+00       4.00000000E+00       4.00000000E+00
   171.5000       1.00000000E+00       4.00000000E+00       4.00000000E+00
   171.6000       1.00000000E+00       4.00000000E+00       4.00000000E+00
   171.7000       1.00000000E+00       4.00000000E+00       4.00000000E+00
   171.8000       1.00000000E+00       4.00000000E+00       4.00000000E+00
   171.9000       1.00000000E+00       4.00000000E+00       4.00000000E+00
   172.0000       1.00000000E+00       4.00000000E+00       4.00000000E+00
   172.1000       1.00000000E+00       4.00000000E+00       4.00000000E+00
   172.2000       1.00000000E+00       4.00000000E+00       4.00000000E+00
   172.3000       8.00000000E-01       4.00000000E+00       4.00000000E+00
   172.4000       8.00000000E-01       4.00000000E+00       4.00000000E+00
   172.5000       8.00000000E-01       4.00000000E+00       4.00000000E+00
   172.6000       8.00000000E-01       4.00000000E+00       4.00000000E+00
   172.7000       8.00000000E-01       4.00000000E+00       4.00000000E+00
   172.8000       8.00000000E-01       4.00000000E+00       4.00000000E+00
   172.9000       8.00000000E-01       4.00000000E+00       4.00000000E+00
   173.0000       8.00000000E-01       4.00000000E+00       4.00000000E+00
   173.1000       8.00000000E-01       4.00000000E+00       4.00000000E+00
   173.2000       8.00000000E-01       4.00000000E+00       4.00000000E+00
   173.3000       8.00000000E-01       4.00000000E+00       4.00000000E+00
   173.4000       8.00000000E-01       4.00000000E+00       4.00000000E+00
   173.5000       8.00000000E-01       4.00000000E+00       4.00000000E+00
   173.6000       8.00000000E-01       4.00000000E+00       4.00000000E+00
   173.7000       8.00000000E-01       4.00000000E+00       4.00000000E+00
   173.8000       8.00000000E-01       4.00000000E+00       4.00000000E+00
   173.9000       8.00000000E-01       4.00000000E+00       4.00000000E+00
   174.0000       8.00000000E-01       4.00000000E+00       4.00000000E+00
   174.1000       8.00000000E-01       4.00000000E+00       4.00000000E+00
   174.2000       8.00000000E-01       4.00000000E+00       4.00000000E+00
   174.3000       8.00000000E-01       4.00000000E+00       4.00000000E+00
   174.4000       8.00000000E-01       4.00000000E+00       4.00000000E+00
   174.5000       8.00000000E-01       4.00000000E+00       4.00000000E+00
   174.6000       8.00000000E-01       4.00000000E+00       4.00000000E+00
   174.7000       8.00000000E-01       4.00000000E+00       4.00000000E+00
   174.8000       8.00000000E-01       4.00000000E+00       4.00000000E+00
   174.9000       8.00000000E-01       4.00000000E+00       4.00000000E+00
   175.0000       8.00000000E-01       4.00000000E+00       4.00000000E+00
   175.1000       8.00000000E-01       4.00000000E+00       4.00000000E+00
   175.2000       8.00000000E-01       4.00000000E+00       4.00000000E+00
   175.3000       8.00000000E-01       4.00000000E+00       4.00000000E+00
   175.4000       8.00000000E-01       4.00000000E+00       4.00000000E+00
   175.5000       8.00000000E-01       4.00000000E+00       4.00000000E+00
   175.6000       8.00000000E-01       4.00000000E+00       4.00000000E+00
   175.7000       1.00000000E+00       4.00000000E+00       4.00000000E+00
   175.8000       1.00000000E+00       4.00000000E+00       4.00000000E+00
   175.9000       1.00000000E+00       4.00000000E+00       4.00000000E+00
   176.0000       1.00000000E+00       4.00000000E+00       4.00000000E+00
   176.1000       1.00000000E+00       4.00000000E+00       4.00000000E+00
   176.2000       1.00000000E+00       4.00000000E+00       4.00000000E+00
   176.3000       1.00000000E+00       4.00000000E+00       4.00000000E+00
   176.4000       1.00000000E+00       4.00000000E+00       4.00000000E+00
   176.5000       1.00000000E+00       4.00000000E+00       4.00000000E+00
   176.6000       1.00000000E+00       4.00000000E+00       4.00000000E+00
   176.7000       1.00000000E+00       4.00000000E+00       4.00000000E+00
   176.8000       1.00000000E+00       4.00000000E+00       4.00000000E+00
   176.9000       1.00000000E+00       4.00000000E+00       4.00000000E+00
   177.0000       1.00000000E+00       4.00000000E+00       4.00000000E+00
   177.1000       1.00000000E+00       4.00000000E+00       4.00000000E+00
   177.2000       1.00000000E+00       4.00000000E+00       4.00000000E+00
   177.3000       1.00000000E+00       4.00000000E+00       4.00000000E+00
   177.4000       1.00000000E+00       4.00000000E+00       4.00000000E+00
   177.5000       1.00000000E+00       4.00000000E+00       4.00000000E+00
   177.6000       1.00000000E+00       4.00000000E+00       4.00000000E+00
   177.7000       1.00000000E+00       4.00000000E+00       4.00000000E+00
   177.8000       1.00000000E+00       4.00000000E+00       4.00000000E+00
   177.9000       8.00000000E-01       4.00000000E+00       4.00000000E+00
   178.0000       8.00000000E-01       4.00000000E+00       4.00000000E+00
   178.1000       8.00000000E-01       4.00000000E+00       4.00000000E+00
   178.2000       8.00000000E-01       4.00000000E+00       4.00000000E+00
   178.3000       8.00000000E-01       4.00000000E+00       4.00000000E+00
   178.4000       8.00000000E-01       4.00000000E+00       4.00000000E+00
   178.5000       8.00000000E-01       4.00000000E+00       4.00000000E+00
   178.6000       8.00000000E-01       4.00000000E+00       4.00000000E+00
   178.7000       8.00000000E-01       4.00000000E+00       4.00000000E+00
   178.8000       8.00000000E-01       4.00000000E+00       4.00000000E+00
   178.9000       8.00000000E-01       4.00000000E+00       4.00000000E+00
   179.0000       8.00000000E-01       4.00000000E+00       4.00000000E+00
   179.1000       8.00000000E-01       4.00000000E+00       4.00000000E+00
   179.2000       8.00000000E-01       4.00000000E+00       4.00000000E+00
   179.3000       8.00000000E-01       4.00000000E+00       4.00000000E+00
   179.4000       8.00000000E-01       4.00000000E+00       4.00000000E+00
   179.5000       8.00000000E-01       4.00000000E+00       4.00000000E+00
   179.6000       8.00000000E-01       4.00000000E+00       4.00000000E+00
   179.7000       8.00000000E-01       4.00000000E+00       4.00000000E+00
   179.8000       8.00000000E-01       4.00000000E+00       4.00000000E+00
   179.9000       8.00000000E-01       4.00000000E+00       4.00000000E+00
   180.0000       8.00000000E-01       4.00000000E+00       4.00000000E+00
   180.1000       8.00000000E-01       4.00000000E+00       4.00000000E+00
   180.2000       8.00000000E-01       4.00000000E+00       4.00000000E+00
   180.3000       8.00000000E-01       4.00000000E+00       4.00000000E+00
   180.4000       8.00000000E-01       4.00000000E+00       4.00000000E+00
   180.5000       8.00000000E-01       4.00000000E+00       4.00000000E+00
   180.6000       8.00000000E-01       4.00000000E+00       4.00000000E+00
   180.7000       8.00000000E-01       4.00000000E+00       4.00000000E+00
   180.8000       6.66666667E-01       4.00000000E+00       4.00000000E+00
   180.9000       1.00000000E+00       4.00000000E+00       4.00000000E+00
   181.0000       1.00000000E+00       4.00000000E+00       4.00000000E+00
   181.1000       1.00000000E+00       4.00000000E+00       4.00000000E+00
   181.2000       1.00000000E+00       4.00000000E+00       4.00000000E+00
   181.3000       1.00000000E+00       4.00000000E+00       4.00000000E+00
   181.4000       1.00000000E+00       4.00000000E+00       4.00000000E+00
   181.5000       1.00000000E+00       4.00000000E+00       4.00000000E+00
   181.6000       1.00000000E+00       4.00000000E+00       4.00000000E+00
   181.7000       1.00000000E+00       4.00000000E+00       4.00000000E+00
   181.8000       1.00000000E+00       4.00000000E+00       4.00000000E+00
   181.9000       1.00000000E+00       4.00000000E+00       4.00000000E+00
   182.0000       1.00000000E+00       4.00000000E+00       4.00000000E+00
   182.1000       1.00000000E+00       4.00000000E+00       4.00000000E+00
   182.2000       1.00000000E+00       4.00000000E+00       4.00000000E+00
   182.3000       1.00000000E+00       4.00000000E+00       4.00000000E+00
   182.4000       1.00000000E+00       4.00000000E+00       4.00000000E+00
   182.5000       1.00000000E+00       4.00000000E+00       4.00000000E+00
   182.6000       1.00000000E+00       4.00000000E+00       4.00000000E+00
   182.7000       1.00000000E+00       4.00000000E+00       4.00000000E+00
   182.8000       1.00000000E+00       4.00000000E+00       4.00000000E+00
   182.9000       1.00000000E+00       4.00000000E+00       4.00000000E+00
   183.0000       1.00000000E+00       4.00000000E+00       4.00000000E+00
   183.1000       1.00000000E+00       4.00000000E+00       4.00000000E+00
   183.2000       1.00000000E+00       4.00000000E+00       4.00000000E+00
   183.3000       1.00000000E+00       4.00000000E+00       4.00000000E+00
   183.4000       8.00000000E-01       4.00000000E+00       4.00000000E+00
   183.5000       8.00000000E-01       4.00000000E+00       4.00000000E+00
   183.6000       8.00000000E-01       4.00000000E+00       4.00000000E+00
   183.7000       8.00000000E-01       4.00000000E+00       4.00000000E+00
   183.8000       8.00000000E-01       4.00000000E+00       4.00000000E+00
   183.9000       8.00000000E-01       4.00000000E+00       4.00000000E+00
   184.0000       8.00000000E-01       4.00000000E+00       4.00000000E+00
   184.1000       8.00000000E-01       4.00000000E+00       4.00000000E+00
   184.2000       8.00000000E-01       4.00000000E+00       4.00000000E+00
   184.3000       8.00000000E-01       4.00000000E+00       4.00000000E+00
   184.4000       8.00000000E-01       4.00000000E+00       4.00000000E+00
   184.5000       8.00000000E-01       4.00000000E+00       4.00000000E+00
   184.6000       8.00000000E-01       4.00000000E+00       4.00000000E+00
   184.7000       8.00000000E-01       4.00000000E+00       4.00000000E+00
   184.8000       8.00000000E-01       4.00000000E+00       4.00000000E+00
   184.9000       8.00000000E-01       4.00000000E+00       4.00000000E+00
   185.0000       8.00000000E-01       4.00000000E+00       4.00000000E+00
   185.1000       8.00000000E-01       4.00000000E+00       4.00000000E+00
   185.2000       8.00000000E-01       4.00000000E+00       4.00000000E+00
   185.3000       8.00000000E-01       4.00000000E+00       4.00000000E+00
   185.4000       8.00000000E-01       4.00000000E+00       4.00000000E+00
   185.5000       8.00000000E-01       4.00000000E+00       4.00000000E+00
   185.6000       8.00000000E-01       4.00000000E+00       4.00000000E+00
   185.7000       8.00000000E-01       4.00000000E+00       4.00000000E+00
   185.8000       8.00000000E-01       4.00000000E+00       4.00000000E+00
   185.9000       8.00000000E-01       4.00000000E+00       4.00000000E+00
   186.0000       8.00000000E-01       4.00000000E+00       4.00000000E+00
   186.1000       8.00000000E-01       4.00000000E+00       4.00000000E+00
   186.2000       1.00000000E+00       4.00000000E+00       4.00000000E+00
   186.3000       1.00000000E+00       4.00000000E+00       4.00000000E+00
   186.4000       1.00000000E+00       4.00000000E+00       4.00000000E+00
   186.5000       1.00000000E+00       4.00000000E+00       4.00000000E+00
   186.6000       1.00000000E+00       4.00000000E+00       4.00000000E+00
   186.7000       1.00000000E+00       4.00000000E+00       4.00000000E+00
   186.8000       1.00000000E+00       4.00000000E+00       4.00000000E+00
   186.9000       1.00000000E+00       4.00000000E+00       4.00000000E+00
   187.0000       1.00000000E+00       4.00000000E+00       4.00000000E+00
   187.1000       1.00000000E+00       4.00000000E+00       4.00000000E+00
   187.2000       1.00000000E+00       4.00000000E+00       4.00000000E+00
   187.3000       1.00000000E+00       4.00000000E+00       4.00000000E+00
   187.4000       1.00000000E+00       4.00000000E+00       4.00000000E+00
   187.5000       1.00000000E+00       4.00000000E+00       4.00000000E+00
   187.6000       1.00000000E+00       4.00000000E+00       4.00000000E+00
   187.7000       1.00000000E+00       4.00000000E+00       4.00000000E+00
   187.8000       1.00000000E+00       4.00000000E+00       4.00000000E+00
   187.9000       1.00000000E+00       4.00000000E+00       4.00000000E+00
   188.0000       1.00000000E+00       4.00000000E+00       4.00000000E+00
   188.1000       1.00000000E+00       4.00000000E+00       4.00000000E+00
   188.2000       1.00000000E+00       4.00000000E+00       4.00000000E+00
   188.3000       1.00000000E+00       4.00000000E+00       4.00000000E+00
   188.4000       8.00000000E-01       4.00000000E+00       4.00000000E+00
   188.5000       8.00000000E-01       4.00000000E+00       4.00000000E+00
   188.6000       8.00000000E-01       4.00000000E+00       4.00000000E+00
   188.7000       8.00000000E-01       4.00000000E+00       4.00000000E+00
   188.8000       8.00000000E-01       4.00000000E+00       4.00000000E+00
   188.9000       8.00000000E-01       4.00000000E+00       4.00000000E+00
   189.0000       8.00000000E-01       4.00000000E+00       4.00000000E+00
   189.1000       8.00000000E-01       4.00000000E+00       4.00000000E+00
   189.2000       8.00000000E-01       4.00000000E+00       4.00000000E+00
   189.3000       8.00000000E-01       4.00000000E+00       4.00000000E+00
   189.4000       8.00000000E-01       4.00000000E+00       4.00000000E+00
   189.5000       8.00000000E-01       4.00000000E+00       4.00000000E+00
   189.6000       8.00000000E-01       4.00000000E+00       4.00000000E+00
   189.7000       8.00000000E-01       4.00000000E+00       4.00000000E+00
   189.8000       8.00000000E-01       4.00000000E+00       4.00000000E+00
   189.9000       8.00000000E-01       4.00000000E+00       4.00000000E+00
   190.0000       8.00000000E-01       4.00000000E+00       4.00000000E+00
   190.1000       8.00000000E-01       4.00000000E+00       4.00000000E+00
   190.2000       8.00000000E-01       4.00000000E+00       4.00000000E+00
   190.3000       8.00000000E-01       4.00000000E+00       4.00000000E+00
   190.4000       8.00000000E-01       4.00000000E+00       4.00000000E+00
   190.5000       8.00000000E-01       4.00000000E+00       4.00000000E+00
   190.6000       8.00000000E-01       4.00000000E+00       4.00000000E+00
   190.7000       8.00000000E-01       4.00000000E+00       4.00000000E+00
   190.8000       8.00000000E-01       4.00000000E+00       4.00000000E+00
   190.9000       1.00000000E+00       4.00000000E+00       4.00000000E+00
   191.0000       1.00000000E+00       4.00000000E+00       4.00000000E+00
   191.1000       1.00000000E+00       4.00000000E+00       4.00000000E+00
   191.2000       1.00000000E+00       4.00000000E+00       4.00000000E+00
   191.3000       1.00000000E+00       4.00000000E+00       4.00000000E+00
   191.4000       1.00000000E+00       4.00000000E+00       4.00000000E+00
   191.5000       1.00000000E+00       4.00000000E+00       4.00000000E+00
   191.6000       1.00000000E+00       4.00000000E+00       4.00000000E+00
   191.7000       1.00000000E+00       4.00000000E+00       4.00000000E+00
   191.8000       1.00000000E+00       4.00000000E+00       4.00000000E+00
   191.9000       1.00000000E+00       4.00000000E+00       4.00000000E+00
   192.0000       1.00000000E+00       4.00000000E+00       4.00000000E+00
   192.1000       1.00000000E+00       4.00000000E+00       4.00000000E+00
   192.2000       1.00000000E+00       4.00000000E+00       4.00000000E+00
   192.3000       1.00000000E+00       4.00000000E+00       4.00000000E+00
   192.4000       1.00000000E+00       4.00000000E+00       4.00000000E+00
   192.5000       1.00000000E+00       4.00000000E+00       4.00000000E+00
   192.6000       1.00000000E+00       4.00000000E+00       4.00000000E+00
   192.7000       1.00000000E+00       4.00000000E+00       4.00000000E+00
   192.8000       1.00000000E+00       4.00000000E+00       4.00000000E+00
   192.9000       1.00000000E+00       4.00000000E+00       4.00000000E+00
   193.0000       1.00000000E+00       4.00000000E+00       4.00000000E+00
   193.1000       1.00000000E+00       4.00000000E+00       4.00000000E+00
   193.2000       1.00000000E+00       4.00000000E+00       4.00000000E+00
   193.3000       1.00000000E+00       4.00000000E+00       4.00000000E+00
   193.4000       1.00000000E+00       4.00000000E+00       4.00000000E+00
   193.5000       1.00000000E+00       4.00000000E+00       4.00000000E+00
   193.6000       1.00000000E+00       4.00000000E+00       4.00000000E+00
   193.7000       1.00000000E+00       4.00000000E+00       4.00000000E+00
   193.8000       1.00000000E+00       4.00000000E+00       4.00000000E+00
   193.9000       1.00000000E+00       4.00000000E+00       4.00000000E+00
   194.0000       8.00000000E-01       4.00000000E+00       4.00000000E+00
   194.1000       8.00000000E-01       4.00000000E+00       4.00000000E+00
   194.2000       8.00000000E-01       4.00000000E+00       4.00000000E+00
   194.3000       8.00000000E-01       4.00000000E+00       4.00000000E+00
   194.4000       8.00000000E-01       4.00000000E+00       4.00000000E+00
   194.5000       8.00000000E-01       4.00000000E+00       4.00000000E+00
   194.6000       8.00000000E-01       4.00000000E+00       4.00000000E+00
   194.7000       8.00000000E-01       4.00000000E+00       4.00000000E+00
   194.8000       8.00000000E-01       4.00000000E+00       4.00000000E+00
   194.9000       8.00000000E-01       4.00000000E+00       4.00000000E+00
   195.0000       8.00000000E-01       4.00000000E+00       4.00000000E+00
   195.1000       8.00000000E-01       4.00000000E+00       4.00000000E+00
   195.2000       8.00000000E-01       4.00000000E+00       4.00000000E+00
   195.3000       8.00000000E-01       4.00000000E+00       4.00000000E+00
   195.4000       8.00000000E-01       4.00000000E+00       4.00000000E+00
   195.5000       8.00000000E-01       4.00000000E+00       4.00000000E+00
   195.6000       8.00000000E-01       4.00000000E+00       4.00000000E+00
   195.7000       8.00000000E-01       4.00000000E+00       4.00000000E+00
   195.8000       8.00000000E-01       4.00000000E+00       4.00000000E+00
   195.9000       8.00000000E-01       4.00000000E+00       4.00000000E+00
   196.0000       8.00000000E-01       4.00000000E+00       4.00000000E+00
   196.1000       1.00000000E+00       4.00000000E+00       4.00000000E+00
   196.2000       1.00000000E+00       4.00000000E+00       4.00000000E+00
   196.3000       1.00000000E+00       4.00000000E+00       4.00000000E+00
   196.4000       1.00000000E+00       4.00000000E+00       4.00000000E+00
   196.5000       1.00000000E+00       4.00000000E+00       4.00000000E+00
   196.6000       1.00000000E+00       4.00000000E+00       4.00000000E+00
   196.7000       1.00000000E+00       4.00000000E+00       4.00000000E+00
   196.8000       1.00000000E+00       4.00000000E+00       4.00000000E+00
   196.9000       1.00000000E+00       4.00000000E+00       4.00000000E+00
   197.0000       1.00000000E+00       4.00000000E+00       4.00000000E+00
   197.1000       1.00000000E+00       4.00000000E+00       4.00000000E+00
   197.2000       1.00000000E+00       4.00000000E+00       4.00000000E+00
   197.3000       1.00000000E+00       4.00000000E+00       4.00000000E+00
   197.4000       1.00000000E+00       4.00000000E+00       4.00000000E+00
   197.5000       1.00000000E+00       4.00000000E+00       4.00000000E+00
   197.6000       1.00000000E+00       4.00000000E+00       4.00000000E+00
   197.7000       1.00000000E+00       4.00000000E+00       4.00000000E+00
   197.8000       1.00000000E+00       4.00000000E+00       4.00000000E+00
   197.9000       1.00000000E+00       4.00000000E+00       4.00000000E+00
   198.0000       1.00000000E+00       4.00000000E+00       4.00000000E+00
   198.1000       1.00000000E+00       4.00000000E+00       4.00000000E+00
   198.2000       1.00000000E+00       4.00000000E+00       4.00000000E+00
   198.3000       8.00000000E-01       4.00000000E+00       4.00000000E+00
   198.4000       8.00000000E-01       4.00000000E+00       4.00000000E+00
   198.5000       8.00000000E-01       4.00000000E+00       4.00000000E+00
   198.6000       8.00000000E-01       4.00000000E+00       4.00000000E+00
   198.7000       8.00000000E-01       4.00000000E+00       4.00000000E+00
   198.8000       8.00000000E-01       4.00000000E+00       4.00000000E+00
   198.9000       8.00000000E-01       4.00000000E+00       4.00000000E+00
   199.0000       8.00000000E-01       4.00000000E+00       4.00000000E+00
   199.1000       8.00000000E-01       4.00000000E+00       4.00000000E+00
   199.2000       8.00000000E-01       4.00000000E+00       4.00000000E+00
   199.3000       8.00000000E-01       4.00000000E+00       4.00000000E+00
   199.4000       8.00000000E-01       4.00000000E+00       4.00000000E+00
   199.5000       8.00000000E-01       4.00000000E+00       4.00000000E+00
   199.6000       8.00000000E-01       4.00000000E+00       4.00000000E+00
   199.7000       8.00000000E-01       4.00000000E+00       4.00000000E+00
   199.8000       8.00000000E-01       4.00000000E+00       4.00000000E+00
   199.9000       8.00000000E-01       4.00000000E+00       4.00000000E+00
   200.0000       8.00000000E-01       4.00000000E+00       4.00000000E+00
   200.1000       1.00000000E+00       4.00000000E+00       4.00000000E+00
   200.2000       1.00000000E+00       4.00000000E+00       4.00000000E+00
   200.3000       1.00000000E+00       4.00000000E+00       4.00000000E+00
   200.4000       1.00000000E+00       4.00000000E+00       4.00000000E+00
   200.5000       1.00000000E+00       4.00000000E+00       4.00000000E+00
   200.6000       1.00000000E+00       4.00000000E+00       4.00000000E+00
   200.7000       1.00000000E+00       4.00000000E+00       4.00000000E+00
   200.8000       1.00000000E+00       4.00000000E+00       4.00000000E+00
   200.9000       1.00000000E+00       4.00000000E+00       4.00000000E+00
   201.0000       1.00000000E+00       4.00000000E+00       4.00000000E+00
   201.1000       1.00000000E+00       4.00000000E+00       4.00000000E+00
   201.2000       1.00000000E+00       4.00000000E+00       4.00000000E+00
   201.3000       1.00000000E+00       4.00000000E+00       4.00000000E+00
   201.4000       1.00000000E+00       4.00000000E+00       4.00000000E+00
   201.5000       1.00000000E+00       4.00000000E+00       4.00000000E+00
   201.6000       1.00000000E+00       4.00000000E+00       4.00000000E+00
   201.7000       1.00000000E+00       4.00000000E+00       4.00000000E+00
   201.8000       1.00000000E+00       4.00000000E+00       4.00000000E+00
   201.9000       1.00000000E+00       4.00000000E+00       4.00000000E+00
   202.0000       1.00000000E+00       4.00000000E+00       4.00000000E+00
   202.1000       1.00000000E+00       4.00000000E+00       4.00000000E+00
   202.2000       1.00000000E+00       4.00000000E+00       4.00000000E+00
   202.3000       1.00000000E+00       4.00000000E+00       4.00000000E+00
   202.4000       1.00000000E+00       4.00000000E+00       4.00000000E+00
   202.5000       1.00000000E+00       4.00000000E+00       4.00000000E+00
   202.6000       1.00000000E+00       4.00000000E+00       4.00000000E+00
   202.7000       1.00000000E+00       4.00000000E+00       4.00000000E+00
   202.8000       1.00000000E+00       4.00000000E+00       4.00000000E+00
   202.9000       1.00000000E+00       4.00000000E+00       4.00000000E+00
   203.0000       1.00000000E+00       4.00000000E+00       4.00000000E+00
   203.1000       1.00000000E+00       4.00000000E+00       4.00000000E+00
   203.2000       1.00000000E+00       4.00000000E+00       4.00000000E+00
   203.3000       1.00000000E+00       4.00000000E+00       4.00000000E+00
   203.4000       1.00000000E+00       4.00000000E+00       4.00000000E+00
   203.5000       1.00000000E+00       4.00000000E+00       4.00000000E+00
   203.6000       1.00000000E+00       4.00000000E+00       4.00000000E+00
   203.7000       1.00000000E+00       4.00000000E+00       4.00000000E+00
   203.8000       1.00000000E+00       4.00000000E+00       4.00000000E+00
   203.9000       1.00000000E+00       4.00000000E+00       4.00000000E+00
   204.0000       1.00000000E+00       4.00000000E+00       4.00000000E+00
   204.1000       1.00000000E+00       4.00000000E+00       4.00000000E+00
   204.2000       1.00000000E+00       4.00000000E+00       4.00000000E+00
   204.3000       1.00000000E+00       4.00000000E+00       4.00000000E+00
   204.4000       1.00000000E+00       4.00000000E+00       4.00000000E+00
   204.5000       1.00000000E+00       4.00000000E+00       4.00000000E+00
   204.6000       1.00000000E+00       4.00000000E+00       4.00000000E+00
   204.7000       1.00000000E+00       4.00000000E+00       4.00000000E+00
   204.8000       1.00000000E+00       4.00000000E+00       4.00000000E+00
   204.9000       1.00000000E+00       4.00000000E+00       4.00000000E+00
   205.0000       1.00000000E+00       4.00000000E+00       4.00000000E+00
   205.1000       1.00000000E+00       4.00000000E+00       4.00000000E+00
   205.2000       1.00000000E+00       4.00000000E+00       4.00000000E+00
   205.3000       1.00000000E+00       4.00000000E+00       4.00000000E+00
   205.4000       1.00000000E+00       4.00000000E+00       4.00000000E+00
   205.5000       1.00000000E+00       4.00000000E+00       4.00000000E+00
   205.6000       1.00000000E+00       4.00000000E+00       4.00000000E+00
   205.7000       1.00000000E+00       4.00000000E+00       4.00000000E+00
   205.8000       1.00000000E+00       4.00000000E+00       4.00000000E+00
   205.9000       1.00000000E+00       4.00000000E+00       4.00000000E+00
   206.0000       1.00000000E+00       4.00000000E+00       4.00000000E+00
   206.1000       1.00000000E+00       4.00000000E+00       4.00000000E+00
   206.2000       1.00000000E+00       4.00000000E+00       4.00000000E+00
   206.3000       1.00000000E+00       4.00000000E+00       4.00000000E+00
   206.4000       1.00000000E+00       4.00000000E+00       4.00000000E+00
   206.5000       1.00000000E+00       4.00000000E+00       4.00000000E+00
   206.6000       1.00000000E+00       4.00000000E+00       4.00000000E+00
   206.7000       1.00000000E+00       4.00000000E+00       4.00000000E+00
   206.8000       1.00000000E+00       4.00000000E+00       4.00000000E+00
   206.9000       1.00000000E+00       4.00000000E+00       4.00000000E+00
   207.0000       1.00000000E+00       4.00000000E+00       4.00000000E+00
   207.1000       1.00000000E+00       4.00000000E+00       4.00000000E+00
   207.2000       1.00000000E+00       4.00000000E+00       4.00000000E+00
   207.3000       1.00000000E+00       4.00000000E+00       4.00000000E+00
   207.4000       1.00000000E+00       4.00000000E+00       4.00000000E+00
   207.5000       1.00000000E+00       4.00000000E+00       4.00000000E+00
   207.6000       1.00000000E+00       4.00000000E+00       4.00000000E+00
   207.7000       1.00000000E+00       4.00000000E+00       4.00000000E+00
   207.8000       1.00000000E+00       4.00000000E+00       4.00000000E+00
   207.9000       8.00000000E-01       4.00000000E+00       4.00000000E+00
   208.0000       8.00000000E-01       4.00000000E+00       4.00000000E+00
   208.1000       8.00000000E-01       4.00000000E+00       4.00000000E+00
   208.2000       8.00000000E-01       4.00000000E+00       4.00000000E+00
   208.3000       8.00000000E-01       4.00000000E+00       4.00000000E+00
   208.4000       8.00000000E-01       4.00000000E+00       4.00000000E+00
   208.5000       8.00000000E-01       4.00000000E+00       4.00000000E+00
   208.6000       8.00000000E-01       4.00000000E+00       4.00000000E+00
   208.7000       8.00000000E-01       4.00000000E+00       4.00000000E+00
   208.8000       8.00000000E-01       4.00000000E+00       4.00000000E+00
   208.9000       1.00000000E+00       4.00000000E+00       4.00000000E+00
   209.0000       1.00000000E+00       4.00000000E+00       4.00000000E+00
   209.1000       1.00000000E+00       4.00000000E+00       4.00000000E+00
   209.2000       1.00000000E+00       4.00000000E+00       4.00000000E+00
   209.3000       1.00000000E+00       4.00000000E+00       4.00000000E+00
   209.4000       1.00000000E+00       4.00000000E+00       4.00000000E+00
   209.5000       1.00000000E+00       4.00000000E+00       4.00000000E+00
   209.6000       1.00000000E+00       4.00000000E+00       4.00000000E+00
   209.7000       1.00000000E+00       4.00000000E+00       4.00000000E+00
   209.8000       1.00000000E+00       4.00000000E+00       4.00000000E+00
   209.9000       1.00000000E+00       4.00000000E+00       4.00000000E+00
   210.0000       1.00000000E+00       4.00000000E+00       4.00000000E+00
   210.1000       1.00000000E+00       4.00000000E+00       4.00000000E+00
   210.2000       1.00000000E+00       4.00000000E+00       4.00000000E+00
   210.3000       1.00000000E+00       4.00000000E+00       4.00000000E+00
   210.4000       1.00000000E+00       4.00000000E+00       4.00000000E+00
   210.5000       1.00000000E+00       4.00000000E+00       4.00000000E+00
   210.6000       1.00000000E+00       4.00000000E+00       4.00000000E+00
   210.7000       1.00000000E+00       4.00000000E+00       4.00000000E+00
   210.8000       1.00000000E+00       4.00000000E+00       4.00000000E+00
   210.9000       1.00000000E+00       4.00000000E+00       4.00000000E+00
   211.0000       1.00000000E+00       4.00000000E+00       4.00000000E+00
   211.1000       1.00000000E+00       4.00000000E+00       4.00000000E+00
   211.2000       1.00000000E+00       4.00000000E+00       4.00000000E+00
   211.3000       1.00000000E+00       4.00000000E+00       4.00000000E+00
   211.4000       1.00000000E+00       4.00000000E+00       4.00000000E+00
   211.5000       1.00000000E+00       4.00000000E+00       4.00000000E+00
   211.6000       1.00000000E+00       4.00000000E+00       4.00000000E+00
   211.7000       1.00000000E+00       4.00000000E+00       4.00000000E+00
   211.8000       1.00000000E+00       4.00000000E+00       4.00000000E+00
   211.9000       1.00000000E+00       4.00000000E+00       4.00000000E+00
   212.0000       1.00000000E+00       4.00000000E+00       4.00000000E+00
   212.1000       1.00000000E+00       4.00000000E+00       4.00000000E+00
   212.2000       1.00000000E+00       4.00000000E+00       4.00000000E+00
   212.3000       8.00000000E-01       4.00000000E+00       4.00000000E+00
   212.4000       8.00000000E-01       4.00000000E+00       4.00000000E+00
   212.5000       8.00000000E-01       4.00000000E+00       4.00000000E+00
   212.6000       8.00000000E-01       4.00000000E+00       4.00000000E+00
   212.7000       8.00000000E-01       4.00000000E+00       4.00000000E+00
   212.8000       8.00000000E-01       4.00000000E+00       4.00000000E+00
   212.9000       8.00000000E-01       4.00000000E+00       4.00000000E+00
   213.0000       8.00000000E-01       4.00000000E+00       4.00000000E+00
   213.1000       8.00000000E-01       4.00000000E+00       4.00000000E+00
   213.2000       8.00000000E-01       4.00000000E+00       4.00000000E+00
   213.3000       8.00000000E-01       4.00000000E+00       4.00000000E+00
   213.4000       8.00000000E-01       4.00000000E+00       4.00000000E+00
   213.5000       8.00000000E-01       4.00000000E+00       4.00000000E+00
   213.6000       8.00000000E-01       4.00000000E+00       4.00000000E+00
   213.7000       8.00000000E-01       4.00000000E+00       4.00000000E+00
   213.8000       1.00000000E+00       4.00000000E+00       4.00000000E+00
   213.9000       1.00000000E+00       4.00000000E+00       4.00000000E+00
   214.0000       1.00000000E+00       4.00000000E+00       4.00000000E+00
   214.1000       1.00000000E+00       4.00000000E+00       4.00000000E+00
   214.2000       1.00000000E+00       4.00000000E+00       4.00000000E+00
   214.3000       1.00000000E+00       4.00000000E+00       4.00000000E+00
   214.4000       1.00000000E+00       4.00000000E+00       4.00000000E+00
   214.5000       1.00000000E+00       4.00000000E+00       4.00000000E+00
   214.6000       1.00000000E+00       4.00000000E+00       4.00000000E+00
   214.7000       1.00000000E+00       4.00000000E+00       4.00000000E+00
   214.8000       1.00000000E+00       4.00000000E+00       4.00000000E+00
   214.9000       1.00000000E+00       4.00000000E+00       4.00000000E+00
   215.0000       1.00000000E+00       4.00000000E+00       4.00000000E+00
   215.1000       1.00000000E+00       4.00000000E+00       4.00000000E+00
   215.2000       1.00000000E+00       4.00000000E+00       4.00000000E+00
   215.3000       1.00000000E+00       4.00000000E+00       4.00000000E+00
   215.4000       1.00000000E+00       4.00000000E+00       4.00000000E+00
   215.5000       1.00000000E+00       4.00000000E+00       4.00000000E+00
   215.6000       1.00000000E+00       4.00000000E+00       4.00000000E+00
   215.7000       1.00000000E+00       4.00000000E+00       4.00000000E+00
   215.8000       1.00000000E+00       4.00000000E+00       4.00000000E+00
   215.9000       1.00000000E+00       4.00000000E+00       4.00000000E+00
   216.0000       1.00000000E+00       4.00000000E+00       4.00000000E+00
   216.1000       1.00000000E+00       4.00000000E+00       4.00000000E+00
   216.2000       1.00000000E+00       4.00000000E+00       4.00000000E+00
   216.3000       1.00000000E+00       4.00000000E+00       4.00000000E+00
   216.4000       1.00000000E+00       4.00000000E+00       4.00000000E+00
   216.5000       1.00000000E+00       4.00000000E+00       4.00000000E+00
   216.6000       1.00000000E+00       4.00000000E+00       4.00000000E+00
   216.7000       1.00000000E+00       4.00000000E+00       4.00000000E+00
   216.8000       1.00000000E+00       4.00000000E+00       4.00000000E+00
   216.9000       1.00000000E+00       4.00000000E+00       4.00000000E+00
   217.0000       1.00000000E+00       4.00000000E+00       4.00000000E+00
   217.1000       1.00000000E+00       4.00000000E+00       4.00000000E+00
   217.2000       1.00000000E+00       4.00000000E+00       4.00000000E+00
   217.3000       1.00000000E+00       4.00000000E+00       4.00000000E+00
   217.4000       1.00000000E+00       4.00000000E+00       4.00000000E+00
   217.5000       1.00000000E+00       4.00000000E+00       4.00000000E+00
   217.6000       1.00000000E+00       4.00000000E+00       4.00000000E+00
   217.7000       1.00000000E+00       4.00000000E+00       4.00000000E+00
   217.8000       1.00000000E+00       4.00000000E+00       4.00000000E+00
   217.9000       1.00000000E+00       4.00000000E+00       4.00000000E+00
   218.0000       1.00000000E+00       4.00000000E+00       4.00000000E+00
   218.1000       1.00000000E+00       4.00000000E+00       4.00000000E+00
   218.2000       1.00000000E+00       4.00000000E+00       4.00000000E+00
   218.3000       1.00000000E+00       4.00000000E+00       4.00000000E+00
   218.4000       1.00000000E+00       4.00000000E+00       4.00000000E+00
   218.5000       1.00000000E+00       4.00000000E+00       4.00000000E+00
   218.6000       8.00000000E-01       4.00000000E+00       4.00000000E+00
   218.7000       8.00000000E-01       4.00000000E+00       4.00000000E+00
   218.8000       8.00000000E-01       4.00000000E+00       4.00000000E+00
   218.9000       8.00000000E-01       4.00000000E+00       4.00000000E+00
   219.0000       8.00000000E-01       4.00000000E+00       4.00000000E+00
   219.1000       8.00000000E-01       4.00000000E+00       4.00000000E+00
   219.2000       8.00000000E-01       4.00000000E+00       4.00000000E+00
   219.3000       8.00000000E-01       4.00000000E+00       4.00000000E+00
   219.4000       1.00000000E+00       4.00000000E+00       4.00000000E+00
   219.5000       1.00000000E+00       4.00000000E+00       4.00000000E+00
   219.6000       1.00000000E+00       4.00000000E+00       4.00000000E+00
   219.7000       1.00000000E+00       4.00000000E+00       4.00000000E+00
   219.8000       1.00000000E+00       4.00000000E+00       4.00000000E+00
   219.9000       1.00000000E+00       4.00000000E+00       4.00000000E+00
   220.0000       1.00000000E+00       4.00000000E+00       4.00000000E+00
   220.1000       1.00000000E+00       4.00000000E+00       4.00000000E+00
   220.2000       1.00000000E+00       4.00000000E+00       4.00000000E+00
   220.3000       1.00000000E+00       4.00000000E+00       4.00000000E+00
   220.4000       1.00000000E+00       4.00000000E+00       4.00000000E+00
   220.5000       1.00000000E+00       4.00000000E+00       4.00000000E+00
   220.6000       1.00000000E+00       4.00000000E+00       4.00000000E+00
   220.7000       1.00000000E+00       4.00000000E+00       4.00000000E+00
   220.8000       1.00000000E+00       4.00000000E+00       4.00000000E+00
   220.9000       1.00000000E+00       4.00000000E+00       4.00000000E+00
   221.0000       1.00000000E+00       4.00000000E+00       4.00000000E+00
   221.1000       1.00000000E+00       4.00000000E+00       4.00000000E+00
   221.2000       1.00000000E+00       4.00000000E+00       4.00000000E+00
   221.3000       1.00000000E+00       4.00000000E+00       4.00000000E+00
   221.4000       1.00000000E+00       4.00000000E+00       4.00000000E+00
   221.5000       1.00000000E+00       4.00000000E+00       4.00000000E+00
   221.6000       1.00000000E+00       4.00000000E+00       4.00000000E+00
   221.7000       1.00000000E+00       4.00000000E+00       4.00000000E+00
   221.8000       1.00000000E+00       4.00000000E+00       4.00000000E+00
   221.9000       1.00000000E+00       4.00000000E+00       4.00000000E+00
   222.0000       1.00000000E+00       4.00000000E+00       4.00000000E+00
   222.1000       1.00000000E+00       4.00000000E+00       4.00000000E+00
   222.2000       1.00000000E+00       4.00000000E+00       4.00000000E+00
   222.3000       1.00000000E+00       4.00000000E+00       4.00000000E+00
   222.4000       1.00000000E+00       4.00000000E+00       4.00000000E+00
   222.5000       1.00000000E+00       4.00000000E+00       4.00000000E+00
   222.6000       8.00000000E-01       4.00000000E+00       4.00000000E+00
   222.7000       8.00000000E-01       4.00000000E+00       4.00000000E+00
   222.8000       8.00000000E-01       4.00000000E+00       4.00000000E+00
   222.9000       8.00000000E-01       4.00000000E+00       4.00000000E+00
   223.0000       8.00000000E-01       4.00000000E+00       4.00000000E+00
   223.1000       8.00000000E-01       4.00000000E+00       4.00000000E+00
   223.2000       8.00000000E-01       4.00000000E+00       4.00000000E+00
   223.3000       8.00000000E-01       4.00000000E+00       4.00000000E+00
   223.4000       8.00000000E-01       4.00000000E+00       4.00000000E+00
   223.5000       8.00000000E-01       4.00000000E+00       4.00000000E+00
   223.6000       8.00000000E-01       4.00000000E+00       4.00000000E+00
   223.7000       8.00000000E-01       4.00000000E+00       4.00000000E+00
   223.8000       8.00000000E-01       4.00000000E+00       4.00000000E+00
   223.9000       1.00000000E+00       4.00000000E+00       4.00000000E+00
   224.0000       1.00000000E+00       4.00000000E+00       4.00000000E+00
   224.1000       1.00000000E+00       4.00000000E+00       4.00000000E+00
   224.2000       1.00000000E+00       4.00000000E+00       4.00000000E+00
   224.3000       1.00000000E+00       4.00000000E+00       4.00000000E+00
   224.4000       1.00000000E+00       4.00000000E+00       4.00000000E+00
   224.5000       1.00000000E+00       4.00000000E+00       4.00000000E+00
   224.6000       1.00000000E+00       4.00000000E+00       4.00000000E+00
   224.7000       1.00000000E+00       4.00000000E+00       4.00000000E+00
   224.8000       1.00000000E+00       4.00000000E+00       4.00000000E+00
   224.9000       1.00000000E+00       4.00000000E+00       4.00000000E+00
   225.0000       1.00000000E+00       4.00000000E+00       4.00000000E+00
   225.1000       1.00000000E+00       4.00000000E+00       4.00000000E+00
   225.2000       1.00000000E+00       4.00000000E+00       4.00000000E+00
   225.3000       1.00000000E+00       4.00000000E+00       4.00000000E+00
   225.4000       1.00000000E+00       4.00000000E+00       4.00000000E+00
   225.5000       1.00000000E+00       4.00000000E+00       4.00000000E+00
   225.6000       1.00000000E+00       4.00000000E+00       4.00000000E+00
   225.7000       1.00000000E+00       4.00000000E+00       4.00000000E+00
   225.8000       1.00000000E+00       4.00000000E+00       4.00000000E+00
   225.9000       1.00000000E+00       4.00000000E+00       4.00000000E+00
   226.0000       1.00000000E+00       4.00000000E+00       4.00000000E+00
   226.1000       1.00000000E+00       4.00000000E+00       4.00000000E+00
   226.2000       1.00000000E+00       4.00000000E+00       4.00000000E+00
   226.3000       1.00000000E+00       4.00000000E+00       4.00000000E+00
   226.4000       1.00000000E+00       4.00000000E+00       4.00000000E+00
   226.5000       1.00000000E+00       4.00000000E+00       4.00000000E+00
   226.6000       1.00000000E+00       4.00000000E+00       4.00000000E+00
   226.7000       1.00000000E+00       4.00000000E+00       4.00000000E+00
   226.8000       1.00000000E+00       4.00000000E+00       4.00000000E+00
   226.9000       1.00000000E+00       4.00000000E+00       4.00000000E+00
   227.0000       1.00000000E+00       4.00000000E+00       4.00000000E+00
   227.1000       1.00000000E+00       4.00000000E+00       4.00000000E+00
   227.2000       1.00000000E+00       4.00000000E+00       4.00000000E+00
   227.3000       1.00000000E+00       4.00000000E+00       4.00000000E+00
   227.4000       1.00000000E+00       4.00000000E+00       4.00000000E+00
   227.5000       1.00000000E+00       4.00000000E+00       4.00000000E+00
   227.6000       1.00000000E+00       4.00000000E+00       4.00000000E+00
   227.7000       1.00000000E+00       4.00000000E+00       4.00000000E+00
   227.8000       1.00000000E+00       4.00000000E+00       4.00000000E+00
   227.9000       1.00000000E+00       4.00000000E+00       4.00000000E+00
   228.0000       1.00000000E+00       4.00000000E+00       4.00000000E+00
   228.1000       1.00000000E+00       4.00000000E+00       4.00000000E+00
   228.2000       1.00000000E+00       4.00000000E+00       4.00000000E+00
   228.3000       1.00000000E+00       4.00000000E+00       4.00000000E+00
   228.4000       1.00000000E+00       4.00000000E+00       4.00000000E+00
   228.5000       1.00000000E+00       4.00000000E+00       4.00000000E+00
   228.6000       1.00000000E+00       4.00000000E+00       4.00000000E+00
   228.7000       8.00000000E-01       4.00000000E+00       4.00000000E+00
   228.8000       8.00000000E-01       4.00000000E+00       4.00000000E+00
   228.9000       8.00000000E-01       4.00000000E+00       4.00000000E+00
   229.0000       8.00000000E-01       4.00000000E+00       4.00000000E+00
   229.1000       8.00000000E-01       4.00000000E+00       4.00000000E+00
   229.2000       8.00000000E-01       4.00000000E+00       4.00000000E+00
   229.3000       8.00000000E-01       4.00000000E+00       4.00000000E+00
   229.4000       8.00000000E-01       4.00000000E+00       4.00000000E+00
   229.5000       8.00000000E-01       4.00000000E+00       4.00000000E+00
   229.6000       8.00000000E-01       4.00000000E+00       4.00000000E+00
   229.7000       8.00000000E-01       4.00000000E+00       4.00000000E+00
   229.8000       8.00000000E-01       4.00000000E+00       4.00000000E+00
   229.9000       8.00000000E-01       4.00000000E+00       4.00000000E+00
   230.0000       1.00000000E+00       4.00000000E+00       4.00000000E+00
   230.1000       1.00000000E+00       4.00000000E+00       4.00000000E+00
   230.2000       1.00000000E+00       4.00000000E+00       4.00000000E+00
   230.3000       1.00000000E+00       4.00000000E+00       4.00000000E+00
   230.4000       1.00000000E+00       4.00000000E+00       4.00000000E+00
   230.5000       1.00000000E+00       4.00000000E+00       4.00000000E+00
   230.6000       1.00000000E+00       4.00000000E+00       4.00000000E+00
   230.7000       1.00000000E+00       4.00000000E+00       4.00000000E+00
   230.8000       1.00000000E+00       4.00000000E+00       4.00000000E+00
   230.9000       1.00000000E+00       4.00000000E+00       4.00000000E+00
   231.0000       1.00000000E+00       4.00000000E+00       4.00000000E+00
   231.1000       1.00000000E+00       4.00000000E+00       4.00000000E+00
   231.2000       1.00000000E+00       4.00000000E+00       4.00000000E+00
   231.3000       1.00000000E+00       4.00000000E+00       4.00000000E+00
   231.4000       1.00000000E+00       4.00000000E+00       4.00000000E+00
   231.5000       1.00000000E+00       4.00000000E+00       4.00000000E+00
   231.6000       1.00000000E+00       4.00000000E+00       4.00000000E+00
   231.7000       1.00000000E+00       4.00000000E+00       4.00000000E+00
   231.8000       1.00000000E+00       4.00000000E+00       4.00000000E+00
   231.9000       1.00000000E+00       4.00000000E+00       4.00000000E+00
   232.0000       1.00000000E+00       4.00000000E+00       4.00000000E+00
   232.1000       1.00000000E+00       4.00000000E+00       4.00000000E+00
   232.2000       1.00000000E+00       4.00000000E+00       4.00000000E+00
   232.3000       1.00000000E+00       4.00000000E+00       4.00000000E+00
   232.4000       1.00000000E+00       4.00000000E+00       4.00000000E+00
   232.5000       1.00000000E+00       4.00000000E+00       4.00000000E+00
   232.6000       1.00000000E+00       4.00000000E+00       4.00000000E+00
   232.7000       1.00000000E+00       4.00000000E+00       4.00000000E+00
   232.8000       1.00000000E+00       4.00000000E+00       4.00000000E+00
   232.9000       1.00000000E+00       4.00000000E+00       4.00000000E+00
   233.0000       1.00000000E+00       4.00000000E+00       4.00000000E+00
   233.1000       1.00000000E+00       4.00000000E+00       4.00000000E+00
   233.2000       1.00000000E+00       4.00000000E+00       4.00000000E+00
   233.3000       1.00000000E+00       4.00000000E+00       4.00000000E+00
   233.4000       1.00000000E+00       4.00000000E+00       4.00000000E+00
   233.5000       1.00000000E+00       4.00000000E+00       4.00000000E+00
   233.6000       1.00000000E+00       4.00000000E+00       4.00000000E+00
   233.7000       1.00000000E+00       4.00000000E+00       4.00000000E+00
   233.8000       1.00000000E+00       4.00000000E+00       4.00000000E+00
   233.9000       1.00000000E+00       4.00000000E+00       4.00000000E+00
   234.0000       1.00000000E+00       4.00000000E+00       4.00000000E+00
   234.1000       1.00000000E+00       4.00000000E+00       4.00000000E+00
   234.2000       1.00000000E+00       4.00000000E+00       4.00000000E+00
   234.3000       1.00000000E+00       4.00000000E+00       4.00000000E+00
   234.4000       1.00000000E+00       4.00000000E+00       4.00000000E+00
   234.5000       1.00000000E+00       4.00000000E+00       4.00000000E+00
   234.6000       1.00000000E+00       4.00000000E+00       4.00000000E+00
   234.7000       1.00000000E+00       4.00000000E+00       4.00000000E+00
   234.8000       1.00000000E+00       4.00000000E+00       4.00000000E+00
   234.9000       1.00000000E+00       4.00000000E+00       4.00000000E+00
   235.0000       1.00000000E+00       4.00000000E+00       4.00000000E+00
   235.1000       1.00000000E+00       4.00000000E+00       4.00000000E+00
   235.2000       1.00000000E+00       4.00000000E+00       4.00000000E+00
   235.3000       1.00000000E+00       4.00000000E+00       4.00000000E+00
   235.4000       1.00000000E+00       4.00000000E+00       4.00000000E+00
   235.5000       1.00000000E+00       4.00000000E+00       4.00000000E+00
   235.6000       1.00000000E+00       4.00000000E+00       4.00000000E+00
   235.7000       1.00000000E+00       4.00000000E+00       4.00000000E+00
   235.8000       1.00000000E+00       4.00000000E+00       4.00000000E+00
   235.9000       1.00000000E+00       4.00000000E+00       4.00000000E+00
   236.0000       1.00000000E+00       4.00000000E+00       4.00000000E+00
   236.1000       1.00000000E+00       4.00000000E+00       4.00000000E+00
   236.2000       1.00000000E+00       4.00000000E+00       4.00000000E+00
   236.3000       1.00000000E+00       4.00000000E+00       4.00000000E+00
   236.4000       1.00000000E+00       4.00000000E+00       4.00000000E+00
   236.5000       1.00000000E+00       4.00000000E+00       4.00000000E+00
   236.6000       1.00000000E+00       4.00000000E+00       4.00000000E+00
   236.7000       1.00000000E+00       4.00000000E+00       4.00000000E+00
   236.8000       1.00000000E+00       4.00000000E+00       4.00000000E+00
   236.9000       1.00000000E+00       4.00000000E+00       4.00000000E+00
   237.0000       1.00000000E+00       4.00000000E+00       4.00000000E+00
   237.1000       1.00000000E+00       4.00000000E+00       4.00000000E+00
   237.2000       1.00000000E+00       4.00000000E+00       4.00000000E+00
   237.3000       1.00000000E+00       4.00000000E+00       4.00000000E+00
   237.4000       1.00000000E+00       4.00000000E+00       4.00000000E+00
   237.5000       1.00000000E+00       4.00000000E+00       4.00000000E+00
   237.6000       1.00000000E+00       4.00000000E+00       4.00000000E+00
   237.7000       1.00000000E+00       4.00000000E+00       4.00000000E+00
   237.8000       1.00000000E+00       4.00000000E+00       4.00000000E+00
   237.9000       1.00000000E+00       4.00000000E+00       4.00000000E+00
   238.0000       1.00000000E+00       4.00000000E+00       4.00000000E+00
   238.1000       1.00000000E+00       4.00000000E+00       4.00000000E+00
   238.2000       1.00000000E+00       4.00000000E+00       4.00000000E+00
   238.3000       1.00000000E+00       4.00000000E+00       4.00000000E+00
   238.4000       1.00000000E+00       4.00000000E+00       4.00000000E+00
   238.5000       1.00000000E+00       4.00000000E+00       4.00000000E+00
   238.6000       1.00000000E+00       4.00000000E+00       4.00000000E+00
   238.7000       1.00000000E+00       4.00000000E+00       4.00000000E+00
   238.8000       1.00000000E+00       4.00000000E+00       4.00000000E+00
   238.9000       1.00000000E+00       4.00000000E+00       4.00000000E+00
   239.0000       1.00000000E+00       4.00000000E+00       4.00000000E+00
   239.1000       1.00000000E+00       4.00000000E+00       4.00000000E+00
   239.2000       1.00000000E+00       4.00000000E+00       4.00000000E+00
   239.3000       8.00000000E-01       4.00000000E+00       4.00000000E+00
   239.4000       8.00000000E-01       4.00000000E+00       4.00000000E+00
   239.5000       8.00000000E-01       4.00000000E+00       4.00000000E+00
   239.6000       8.00000000E-01       4.00000000E+00       4.00000000E+00
   239.7000       8.00000000E-01       4.00000000E+00       4.00000000E+00
   239.8000       8.00000000E-01       4.00000000E+00       4.00000000E+00
   239.9000       8.00000000E-01       4.00000000E+00       4.00000000E+00
   240.0000       8.00000000E-01       4.00000000E+00       4.00000000E+00
   240.1000       8.00000000E-01       4.00000000E+00       4.00000000E+00
   240.2000       8.00000000E-01       4.00000000E+00       4.00000000E+00
   240.3000       8.00000000E-01       4.00000000E+00       4.00000000E+00
   240.4000       8.00000000E-01       4.00000000E+00       4.00000000E+00
   240.5000       8.00000000E-01       4.00000000E+00       4.00000000E+00
   240.6000       8.00000000E-01       4.00000000E+00       4.00000000E+00
   240.7000       8.00000000E-01       4.00000000E+00       4.00000000E+00
   240.8000       8.00000000E-01       4.00000000E+00       4.00000000E+00
   240.9000       8.00000000E-01       4.00000000E+00       4.00000000E+00
   241.0000       8.00000000E-01       4.00000000E+00       4.00000000E+00
   241.1000       8.00000000E-01       4.00000000E+00       4.00000000E+00
   241.2000       8.00000000E-01       4.00000000E+00       4.00000000E+00
   241.3000       8.00000000E-01       4.00000000E+00       4.00000000E+00
   241.4000       8.00000000E-01       4.00000000E+00       4.00000000E+00
   241.5000       8.00000000E-01       4.00000000E+00       4.00000000E+00
   241.6000       8.00000000E-01       4.00000000E+00       4.00000000E+00
   241.7000       8.00000000E-01       4.00000000E+00       4.00000000E+00
   241.8000       8.00000000E-01       4.00000000E+00       4.00000000E+00
   241.9000       8.00000000E-01       4.00000000E+00       4.00000000E+00
   242.0000       8.00000000E-01       4.00000000E+00       4.00000000E+00
   242.1000       8.00000000E-01       4.00000000E+00       4.00000000E+00
   242.2000       8.00000000E-01       4.00000000E+00       4.00000000E+00
   242.3000       8.00000000E-01       4.00000000E+00       4.00000000E+00
   242.4000       8.00000000E-01       4.00000000E+00       4.00000000E+00
   242.5000       8.00000000E-01       4.00000000E+00       4.00000000E+00
   242.6000       6.66666667E-01       4.00000000E+00       4.00000000E+00
   242.7000       6.66666667E-01       4.00000000E+00       4.00000000E+00
   242.8000       6.66666667E-01       4.00000000E+00       4.00000000E+00
   242.9000       6.66666667E-01       4.00000000E+00       4.00000000E+00
   243.0000       6.66666667E-01       4.00000000E+00       4.00000000E+00
   243.1000       6.66666667E-01       4.00000000E+00       4.00000000E+00
   243.2000       6.66666667E-01       4.00000000E+00       4.00000000E+00
   243.3000       6.66666667E-01       4.00000000E+00       4.00000000E+00
   243.4000       6.66666667E-01       4.00000000E+00       4.00000000E+00
   243.5000       6.66666667E-01       4.00000000E+00       4.00000000E+00
   243.6000       6.66666667E-01       4.00000000E+00       4.00000000E+00
   243.7000       6.66666667E-01       4.00000000E+00       4.00000000E+00
   243.8000       6.66666667E-01       4.00000000E+00       4.00000000E+00
   243.9000       6.66666667E-01       4.00000000E+00       4.00000000E+00
   244.0000       6.66666667E-01       4.00000000E+00       4.00000000E+00
   244.1000       6.66666667E-01       4.00000000E+00       4.00000000E+00
   244.2000       6.66666667E-01       4.00000000E+00       4.00000000E+00
   244.3000       6.66666667E-01       4.00000000E+00       4.00000000E+00
   244.4000       6.66666667E-01       4.00000000E+00       4.00000000E+00
   244.5000       6.66666667E-01       4.00000000E+00       4.00000000E+00
   244.6000       6.66666667E-01       4.00000000E+00       4.00000000E+00
   244.7000       6.66666667E-01       4.00000000E+00       4.00000000E+00
   244.8000       6.66666667E-01       4.00000000E+00       4.00000000E+00
   244.9000       6.66666667E-01       4.00000000E+00       4.00000000E+00
   245.0000       6.66666667E-01       4.00000000E+00       4.00000000E+00
   245.1000       6.66666667E-01       4.00000000E+00       4.00000000E+00
   245.2000       6.66666667E-01       4.00000000E+00       4.00000000E+00
   245.3000       6.66666667E-01       4.00000000E+00       4.00000000E+00
   245.4000       6.66666667E-01       4.00000000E+00       4.00000000E+00
   245.5000       6.66666667E-01       4.00000000E+00       4.00000000E+00
   245.6000       6.66666667E-01       4.00000000E+00       4.00000000E+00
   245.7000       6.66666667E-01       4.00000000E+00       4.00000000E+00
   245.8000       6.66666667E-01       4.00000000E+00       4.00000000E+00
   245.9000       6.66666667E-01       4.00000000E+00       4.00000000E+00
   246.0000       6.66666667E-01       4.00000000E+00       4.00000000E+00
   246.1000       6.66666667E-01       4.00000000E+00       4.00000000E+00
   246.2000       6.66666667E-01       4.00000000E+00       4.00000000E+00
   246.3000       6.66666667E-01       4.00000000E+00       4.00000000E+00
   246.4000       6.66666667E-01       4.00000000E+00       4.00000000E+00
   246.5000       6.66666667E-01       4.00000000E+00       4.00000000E+00
   246.6000       6.66666667E-01       4.00000000E+00       4.00000000E+00
   246.7000       6.66666667E-01       4.00000000E+00       4.00000000E+00
   246.8000       6.66666667E-01       4.00000000E+00       4.00000000E+00
   246.9000       6.66666667E-01       4.00000000E+00       4.00000000E+00
   247.0000       6.66666667E-01       4.00000000E+00       4.00000000E+00
   247.1000       6.66666667E-01       4.00000000E+00       4.00000000E+00
   247.2000       6.66666667E-01       4.00000000E+00       4.00000000E+00
   247.3000       6.66666667E-01       4.00000000E+00       4.00000000E+00
   247.4000       6.66666667E-01       4.00000000E+00       4.00000000E+00
   247.5000       6.66666667E-01       4.00000000E+00       4.00000000E+00
   247.6000       6.66666667E-01       4.00000000E+00       4.00000000E+00
   247.7000       6.66666667E-01       4.00000000E+00       4.00000000E+00
   247.8000       6.66666667E-01       4.00000000E+00       4.00000000E+00
   247.9000       6.66666667E-01       4.00000000E+00       4.00000000E+00
   248.0000       6.66666667E-01       4.00000000E+00       4.00000000E+00
   248.1000       6.66666667E-01       4.00000000E+00       4.00000000E+00
   248.2000       6.66666667E-01       4.00000000E+00       4.00000000E+00
   248.3000       6.66666667E-01       4.00000000E+00       4.00000000E+00
   248.4000       6.66666667E-01       4.00000000E+00       4.00000000E+00
   248.5000       6.66666667E-01       4.00000000E+00       4.00000000E+00
   248.6000       6.66666667E-01       4.00000000E+00       4.00000000E+00
   248.7000       6.66666667E-01       4.00000000E+00       4.00000000E+00
   248.8000       6.66666667E-01       4.00000000E+00       4.00000000E+00
   248.9000       6.66666667E-01       4.00000000E+00       4.00000000E+00
   249.0000       6.66666667E-01       4.00000000E+00       4.00000000E+00
   249.1000       6.66666667E-01       4.00000000E+00       4.00000000E+00
   249.2000       6.66666667E-01       4.00000000E+00       4.00000000E+00
   249.3000       6.66666667E-01       4.00000000E+00       4.00000000E+00
   249.4000       6.66666667E-01       4.00000000E+00       4.00000000E+00
   249.5000       6.66666667E-01       4.00000000E+00       4.00000000E+00
   249.6000       6.66666667E-01       4.00000000E+00       4.00000000E+00
   249.7000       6.66666667E-01       4.00000000E+00       4.00000000E+00
   249.8000       6.66666667E-01       4.00000000E+00       4.00000000E+00
   249.9000       6.66666667E-01       4.00000000E+00       4.00000000E+00
   250.0000       6.66666667E-01       4.00000000E+00       4.00000000E+00
   250.1000       6.66666667E-01       4.00000000E+00       4.00000000E+00
   250.2000       6.66666667E-01       4.00000000E+00       4.00000000E+00
   250.3000       6.66666667E-01       4.00000000E+00       4.00000000E+00
   250.4000       6.66666667E-01       4.00000000E+00       4.00000000E+00
   250.5000       6.66666667E-01       4.00000000E+00       4.00000000E+00
   250.6000       6.66666667E-01       4.00000000E+00       4.00000000E+00
   250.7000       6.66666667E-01       4.00000000E+00       4.00000000E+00
   250.8000       6.66666667E-01       4.00000000E+00       4.00000000E+00
   250.9000       6.66666667E-01       4.00000000E+00       4.00000000E+00
   251.0000       6.66666667E-01       4.00000000E+00       4.00000000E+00
   251.1000       6.66666667E-01       4.00000000E+00       4.00000000E+00
   251.2000       6.66666667E-01       4.00000000E+00       4.00000000E+00
   251.3000       6.66666667E-01       4.00000000E+00       4.00000000E+00
   251.4000       6.66666667E-01       4.00000000E+00       4.00000000E+00
   251.5000       6.66666667E-01       4.00000000E+00       4.00000000E+00
   251.6000       6.66666667E-01       4.00000000E+00       4.00000000E+00
   251.7000       6.66666667E-01       4.00000000E+00       4.00000000E+00
   251.8000       6.66666667E-01       4.00000000E+00       4.00000000E+00
   251.9000       6.66666667E-01       4.00000000E+00       4.00000000E+00
   252.0000       6.66666667E-01       4.00000000E+00       4.00000000E+00
   252.1000       6.66666667E-01       4.00000000E+00       4.00000000E+00
   252.2000       6.66666667E-01       4.00000000E+00       4.00000000E+00
   252.3000       6.66666667E-01       4.00000000E+00       4.00000000E+00
   252.4000       6.66666667E-01       4.00000000E+00       4.00000000E+00
   252.5000       6.66666667E-01       4.00000000E+00       4.00000000E+00
   252.6000       6.66666667E-01       4.00000000E+00       4.00000000E+00
   252.7000       6.66666667E-01       4.00000000E+00       4.00000000E+00
   252.8000       6.66666667E-01       4.00000000E+00       4.00000000E+00
   252.9000       6.66666667E-01       4.00000000E+00       4.00000000E+00
   253.0000       6.66666667E-01       4.00000000E+00       4.00000000E+00
   253.1000       6.66666667E-01       4.00000000E+00       4.00000000E+00
   253.2000       8.00000000E-01       4.00000000E+00       4.00000000E+00
   253.3000       8.00000000E-01       4.00000000E+00       4.00000000E+00
   253.4000       8.00000000E-01       4.00000000E+00       4.00000000E+00
   253.5000       8.00000000E-01       4.00000000E+00       4.00000000E+00
   253.6000       8.00000000E-01       4.00000000E+00       4.00000000E+00
   253.7000       8.00000000E-01       4.00000000E+00       4.00000000E+00
   253.8000       8.00000000E-01       4.00000000E+00       4.00000000E+00
   253.9000       8.00000000E-01       4.00000000E+00       4.00000000E+00
   254.0000       8.00000000E-01       4.00000000E+00       4.00000000E+00
   254.1000       8.00000000E-01       4.00000000E+00       4.00000000E+00
   254.2000       8.00000000E-01       4.00000000E+00       4.00000000E+00
   254.3000       8.00000000E-01       4.00000000E+00       4.00000000E+00
   254.4000       8.00000000E-01       4.00000000E+00       4.00000000E+00
   254.5000       8.00000000E-01       4.00000000E+00       4.00000000E+00
   254.6000       8.00000000E-01       4.00000000E+00       4.00000000E+00
   254.7000       8.00000000E-01       4.00000000E+00       4.00000000E+00
   254.8000       8.00000000E-01       4.00000000E+00       4.00000000E+00
   254.9000       8.00000000E-01       4.00000000E+00       4.00000000E+00
   255.0000       8.00000000E-01       4.00000000E+00       4.00000000E+00
   255.1000       8.00000000E-01       4.00000000E+00       4.00000000E+00
   255.2000       8.00000000E-01       4.00000000E+00       4.00000000E+00
   255.3000       8.00000000E-01       4.00000000E+00       4.00000000E+00
   255.4000       8.00000000E-01       4.00000000E+00       4.00000000E+00
   255.5000       8.00000000E-01       4.00000000E+00       4.00000000E+00
   255.6000       8.00000000E-01       4.00000000E+00       4.00000000E+00
   255.7000       8.00000000E-01       4.00000000E+00       4.00000000E+00
   255.8000       8.00000000E-01       4.00000000E+00       4.00000000E+00
   255.9000       8.00000000E-01       4.00000000E+00       4.00000000E+00
   256.0000       8.00000000E-01       4.00000000E+00       4.00000000E+00
   256.1000       8.00000000E-01       4.00000000E+00       4.00000000E+00
   256.2000       8.00000000E-01       4.00000000E+00       4.00000000E+00
   256.3000       8.00000000E-01       4.00000000E+00       4.00000000E+00
   256.4000       8.00000000E-01       4.00000000E+00       4.00000000E+00
   256.5000       8.00000000E-01       4.00000000E+00       4.00000000E+00
   256.6000       8.00000000E-01       4.00000000E+00       4.00000000E+00
   256.7000       1.00000000E+00       4.00000000E+00       4.00000000E+00
   256.8000       1.00000000E+00       4.00000000E+00       4.00000000E+00
   256.9000       1.00000000E+00       4.00000000E+00       4.00000000E+00
   257.0000       1.00000000E+00       4.00000000E+00       4.00000000E+00
   257.1000       1.00000000E+00       4.00000000E+00       4.00000000E+00
   257.2000       1.00000000E+00       4.00000000E+00       4.00000000E+00
   257.3000       1.00000000E+00       4.00000000E+00       4.00000000E+00
   257.4000       1.00000000E+00       4.00000000E+00       4.00000000E+00
   257.5000       6.66666667E-01       4.00000000E+00       4.00000000E+00
   257.6000       6.66666667E-01       4.00000000E+00       4.00000000E+00
   257.7000       6.66666667E-01       4.00000000E+00       4.00000000E+00
   257.8000       6.66666667E-01       4.00000000E+00       4.00000000E+00
   257.9000       6.66666667E-01       4.00000000E+00       4.00000000E+00
   258.0000       6.66666667E-01       4.00000000E+00       4.00000000E+00
   258.1000       6.66666667E-01       4.00000000E+00       4.00000000E+00
   258.2000       6.66666667E-01       4.00000000E+00       4.00000000E+00
   258.3000       6.66666667E-01       4.00000000E+00       4.00000000E+00
   258.4000       6.66666667E-01       4.00000000E+00       4.00000000E+00
   258.5000       6.66666667E-01       4.00000000E+00       4.00000000E+00
   258.6000       6.66666667E-01       4.00000000E+00       4.00000000E+00
   258.7000       6.66666667E-01       4.00000000E+00       4.00000000E+00
   258.8000       6.66666667E-01       4.00000000E+00       4.00000000E+00
   258.9000       6.66666667E-01       4.00000000E+00       4.00000000E+00
   259.0000       6.66666667E-01       4.00000000E+00       4.00000000E+00
   259.1000       6.66666667E-01       4.00000000E+00       4.00000000E+00
   259.2000       6.66666667E-01       4.00000000E+00       4.00000000E+00
   259.3000       6.66666667E-01       4.00000000E+00       4.00000000E+00
   259.4000       6.66666667E-01       4.00000000E+00       4.00000000E+00
   259.5000       6.66666667E-01       4.00000000E+00       4.00000000E+00
   259.6000       6.66666667E-01       4.00000000E+00       4.00000000E+00
   259.7000       6.66666667E-01       4.00000000E+00       4.00000000E+00
   259.8000       6.66666667E-01       4.00000000E+00       4.00000000E+00
   259.9000       6.66666667E-01       4.00000000E+00       4.00000000E+00
   260.0000       6.66666667E-01       4.00000000E+00       4.00000000E+00
   260.1000       6.66666667E-01       4.00000000E+00       4.00000000E+00
   260.2000       6.66666667E-01       4.00000000E+00       4.00000000E+00
   260.3000       6.66666667E-01       4.00000000E+00       4.00000000E+00
   260.4000       6.66666667E-01       4.00000000E+00       4.00000000E+00
   260.5000       6.66666667E-01       4.00000000E+00       4.00000000E+00
   260.6000       6.66666667E-01       4.00000000E+00       4.00000000E+00
   260.7000       6.66666667E-01       4.00000000E+00       4.00000000E+00
   260.8000       6.66666667E-01       4.00000000E+00       4.00000000E+00
   260.9000       6.66666667E-01       4.00000000E+00       4.00000000E+00
   261.0000       6.66666667E-01       4.00000000E+00       4.00000000E+00
   261.1000       6.66666667E-01       4.00000000E+00       4.00000000E+00
   261.2000       6.66666667E-01       4.00000000E+00       4.00000000E+00
   261.3000       6.66666667E-01       4.00000000E+00       4.00000000E+00
   261.4000       6.66666667E-01       4.00000000E+00       4.00000000E+00
   261.5000       6.66666667E-01       4.00000000E+00       4.00000000E+00
   261.6000       6.66666667E-01       4.00000000E+00       4.00000000E+00
   261.7000       6.66666667E-01       4.00000000E+00       4.00000000E+00
   261.8000       6.66666667E-01       4.00000000E+00       4.00000000E+00
   261.9000       6.66666667E-01       4.00000000E+00       4.00000000E+00
   262.0000       6.66666667E-01       4.00000000E+00       4.00000000E+00
   262.1000       6.66666667E-01       4.00000000E+00       4.00000000E+00
   262.2000       6.66666667E-01       4.00000000E+00       4.00000000E+00
   262.3000       6.66666667E-01       4.00000000E+00       4.00000000E+00
   262.4000       6.66666667E-01       4.00000000E+00       4.00000000E+00
   262.5000       6.66666667E-01       4.00000000E+00       4.00000000E+00
   262.6000       6.66666667E-01       4.00000000E+00       4.00000000E+00
   262.7000       6.66666667E-01       4.00000000E+00       4.00000000E+00
   262.8000       6.66666667E-01       4.00000000E+00       4.00000000E+00
   262.9000       6.66666667E-01       4.00000000E+00       4.00000000E+00
   263.0000       6.66666667E-01       4.00000000E+00       4.00000000E+00
   263.1000       6.66666667E-01       4.00000000E+00       4.00000000E+00
   263.2000       6.66666667E-01       4.00000000E+00       4.00000000E+00
   263.3000       6.66666667E-01       4.00000000E+00       4.00000000E+00
   263.4000       6.66666667E-01       4.00000000E+00       4.00000000E+00
   263.5000       6.66666667E-01       4.00000000E+00       4.00000000E+00
   263.6000       6.66666667E-01       4.00000000E+00       4.00000000E+00
   263.7000       6.66666667E-01       4.00000000E+00       4.00000000E+00
   263.8000       6.66666667E-01       4.00000000E+00       4.00000000E+00
   263.9000       6.66666667E-01       4.00000000E+00       4.00000000E+00
   264.0000       6.66666667E-01       4.00000000E+00       4.00000000E+00
   264.1000       6.66666667E-01       4.00000000E+00       4.00000000E+00
   264.2000       6.66666667E-01       4.00000000E+00       4.00000000E+00
   264.3000       6.66666667E-01       4.00000000E+00       4.00000000E+00
   264.4000       6.66666667E-01       4.00000000E+00       4.00000000E+00
   264.5000       6.66666667E-01       4.00000000E+00       4.00000000E+00
   264.6000       6.66666667E-01       4.00000000E+00       4.00000000E+00
   264.7000       6.66666667E-01       4.00000000E+00       4.00000000E+00
   264.8000       6.66666667E-01       4.00000000E+00       4.00000000E+00
   264.9000       6.66666667E-01       4.00000000E+00       4.00000000E+00
   265.0000       6.66666667E-01       4.00000000E+00       4.00000000E+00
   265.1000       6.66666667E-01       4.00000000E+00       4.00000000E+00
   265.2000       6.66666667E-01       4.00000000E+00       4.00000000E+00
   265.3000       6.66666667E-01       4.00000000E+00       4.00000000E+00
   265.4000       6.66666667E-01       4.00000000E+00       4.00000000E+00
   265.5000       8.00000000E-01       4.00000000E+00       4.00000000E+00
   265.6000       8.00000000E-01       4.00000000E+00       4.00000000E+00
   265.7000       8.00000000E-01       4.00000000E+00       4.00000000E+00
   265.8000       8.00000000E-01       4.00000000E+00       4.00000000E+00
   265.9000       8.00000000E-01       4.00000000E+00       4.00000000E+00
   266.0000       8.00000000E-01       4.00000000E+00       4.00000000E+00
   266.1000       8.00000000E-01       4.00000000E+00       4.00000000E+00
   266.2000       8.00000000E-01       4.00000000E+00       4.00000000E+00
   266.3000       8.00000000E-01       4.00000000E+00       4.00000000E+00
   266.4000       8.00000000E-01       4.00000000E+00       4.00000000E+00
   266.5000       8.00000000E-01       4.00000000E+00       4.00000000E+00
   266.6000       8.00000000E-01       4.00000000E+00       4.00000000E+00
   266.7000       8.00000000E-01       4.00000000E+00       4.00000000E+00
   266.8000       8.00000000E-01       4.00000000E+00       4.00000000E+00
   266.9000       8.00000000E-01       4.00000000E+00       4.00000000E+00
   267.0000       8.00000000E-01       4.00000000E+00       4.00000000E+00
   267.1000       8.00000000E-01       4.00000000E+00       4.00000000E+00
   267.2000       8.00000000E-01       4.00000000E+00       4.00000000E+00
   267.3000       8.00000000E-01       4.00000000E+00       4.00000000E+00
   267.4000       8.00000000E-01       4.00000000E+00       4.00000000E+00
   267.5000       8.00000000E-01       4.00000000E+00       4.00000000E+00
   267.6000       8.00000000E-01       4.00000000E+00       4.00000000E+00
   267.7000       8.00000000E-01       4.00000000E+00       4.00000000E+00
   267.8000       8.00000000E-01       4.00000000E+00       4.00000000E+00
   267.9000       8.00000000E-01       4.00000000E+00       4.00000000E+00
   268.0000       8.00000000E-01       4.00000000E+00       4.00000000E+00
   268.1000       8.00000000E-01       4.00000000E+00       4.00000000E+00
   268.2000       8.00000000E-01       4.00000000E+00       4.00000000E+00
   268.3000       8.00000000E-01       4.00000000E+00       4.00000000E+00
   268.4000       8.00000000E-01       4.00000000E+00       4.00000000E+00
   268.5000       8.00000000E-01       4.00000000E+00       4.00000000E+00
   268.6000       8.00000000E-01       4.00000000E+00       4.00000000E+00
   268.7000       8.00000000E-01       4.00000000E+00       4.00000000E+00
   268.8000       8.00000000E-01       4.00000000E+00       4.00000000E+00
   268.9000       8.00000000E-01       4.00000000E+00       4.00000000E+00
   269.0000       8.00000000E-01       4.00000000E+00       4.00000000E+00
   269.1000       8.00000000E-01       4.00000000E+00       4.00000000E+00
   269.2000       8.00000000E-01       4.00000000E+00       4.00000000E+00
   269.3000       8.00000000E-01       4.00000000E+00       4.00000000E+00
   269.4000       8.00000000E-01       4.00000000E+00       4.00000000E+00
   269.5000       8.00000000E-01       4.00000000E+00       4.00000000E+00
   269.6000       8.00000000E-01       4.00000000E+00       4.00000000E+00
   269.7000       8.00000000E-01       4.00000000E+00       4.00000000E+00
   269.8000       8.00000000E-01       4.00000000E+00       4.00000000E+00
   269.9000       8.00000000E-01       4.00000000E+00       4.00000000E+00
   270.0000       8.00000000E-01       4.00000000E+00       4.00000000E+00
   270.1000       8.00000000E-01       4.00000000E+00       4.00000000E+00
   270.2000       8.00000000E-01       4.00000000E+00       4.00000000E+00
   270.3000       8.00000000E-01       4.00000000E+00       4.00000000E+00
   270.4000       8.00000000E-01       4.00000000E+00       4.00000000E+00
   270.5000       8.00000000E-01       4.00000000E+00       4.00000000E+00
   270.6000       8.00000000E-01       4.00000000E+00       4.00000000E+00
   270.7000       8.00000000E-01       4.00000000E+00       4.00000000E+00
   270.8000       8.00000000E-01       4.00000000E+00       4.00000000E+00
   270.9000       8.00000000E-01       4.00000000E+00       4.00000000E+00
   271.0000       8.00000000E-01       4.00000000E+00       4.00000000E+00
   271.1000       8.00000000E-01       4.00000000E+00       4.00000000E+00
   271.2000       8.00000000E-01       4.00000000E+00       4.00000000E+00
   271.3000       8.00000000E-01       4.00000000E+00       4.00000000E+00
   271.4000       8.00000000E-01       4.00000000E+00       4.00000000E+00
   271.5000       8.00000000E-01       4.00000000E+00       4.00000000E+00
   271.6000       8.00000000E-01       4.00000000E+00       4.00000000E+00
   271.7000       8.00000000E-01       4.00000000E+00       4.00000000E+00
   271.8000       8.00000000E-01       4.00000000E+00       4.00000000E+00
   271.9000       8.00000000E-01       4.00000000E+00       4.00000000E+00
   272.0000       8.00000000E-01       4.00000000E+00       4.00000000E+00
   272.1000       8.00000000E-01       4.00000000E+00       4.00000000E+00
   272.2000       8.00000000E-01       4.00000000E+00       4.00000000E+00
   272.3000       8.00000000E-01       4.00000000E+00       4.00000000E+00
   272.4000       8.00000000E-01       4.00000000E+00       4.00000000E+00
   272.5000       8.00000000E-01       4.00000000E+00       4.00000000E+00
   272.6000       8.00000000E-01       4.00000000E+00       4.00000000E+00
   272.7000       8.00000000E-01       4.00000000E+00       4.00000000E+00
   272.8000       8.00000000E-01       4.00000000E+00       4.00000000E+00
   272.9000       8.00000000E-01       4.00000000E+00       4.00000000E+00
   273.0000       8.00000000E-01       4.00000000E+00       4.00000000E+00
   273.1000       8.00000000E-01       4.00000000E+00       4.00000000E+00
   273.2000       8.00000000E-01       4.00000000E+00       4.00000000E+00
   273.3000       8.00000000E-01       4.00000000E+00       4.00000000E+00
   273.4000       8.00000000E-01       4.00000000E+00       4.00000000E+00
   273.5000       8.00000000E-01       4.00000000E+00       4.00000000E+00
   273.6000       8.00000000E-01       4.00000000E+00       4.00000000E+00
   273.7000       8.00000000E-01       4.00000000E+00       4.00000000E+00
   273.8000       8.00000000E-01       4.00000000E+00       4.00000000E+00
   273.9000       8.00000000E-01       4.00000000E+00       4.00000000E+00
   274.0000       8.00000000E-01       4.00000000E+00       4.00000000E+00
   274.1000       8.00000000E-01       4.00000000E+00       4.00000000E+00
   274.2000       8.00000000E-01       4.00000000E+00       4.00000000E+00
   274.3000       8.00000000E-01       4.00000000E+00       4.00000000E+00
   274.4000       8.00000000E-01       4.00000000E+00       4.00000000E+00
   274.5000       8.00000000E-01       4.00000000E+00       4.00000000E+00
   274.6000       6.66666667E-01       4.00000000E+00       4.00000000E+00
   274.7000       6.66666667E-01       4.00000000E+00       4.00000000E+00
   274.8000       6.66666667E-01       4.00000000E+00       4.00000000E+00
   274.9000       6.66666667E-01       4.00000000E+00       4.00000000E+00
   275.0000       6.66666667E-01       4.00000000E+00       4.00000000E+00
   275.1000       6.66666667E-01       4.00000000E+00       4.00000000E+00
   275.2000       6.66666667E-01       4.00000000E+00       4.00000000E+00
   275.3000       6.66666667E-01       4.00000000E+00       4.00000000E+00
   275.4000       6.66666667E-01       4.00000000E+00       4.00000000E+00
   275.5000       6.66666667E-01       4.00000000E+00       4.00000000E+00
   275.6000       6.66666667E-01       4.00000000E+00       4.00000000E+00
   275.7000       6.66666667E-01       4.00000000E+00       4.00000000E+00
   275.8000       6.66666667E-01       4.00000000E+00       4.00000000E+00
   275.9000       6.66666667E-01       4.00000000E+00       4.00000000E+00
   276.0000       6.66666667E-01       4.00000000E+00       4.00000000E+00
   276.1000       6.66666667E-01       4.00000000E+00       4.00000000E+00
   276.2000       6.66666667E-01       4.00000000E+00       4.00000000E+00
   276.3000       8.00000000E-01       4.00000000E+00       4.00000000E+00
   276.4000       8.00000000E-01       4.00000000E+00       4.00000000E+00
   276.5000       8.00000000E-01       4.00000000E+00       4.00000000E+00
   276.6000       8.00000000E-01       4.00000000E+00       4.00000000E+00
   276.7000       8.00000000E-01       4.00000000E+00       4.00000000E+00
   276.8000       8.00000000E-01       4.00000000E+00       4.00000000E+00
   276.9000       8.00000000E-01       4.00000000E+00       4.00000000E+00
   277.0000       8.00000000E-01       4.00000000E+00       4.00000000E+00
   277.1000       8.00000000E-01       4.00000000E+00       4.00000000E+00
   277.2000       8.00000000E-01       4.00000000E+00       4.00000000E+00
   277.3000       8.00000000E-01       4.00000000E+00       4.00000000E+00
   277.4000       8.00000000E-01       4.00000000E+00       4.00000000E+00
   277.5000       8.00000000E-01       4.00000000E+00       4.00000000E+00
   277.6000       8.00000000E-01       4.00000000E+00       4.00000000E+00
   277.7000       8.00000000E-01       4.00000000E+00       4.00000000E+00
   277.8000       8.00000000E-01       4.00000000E+00       4.00000000E+00
   277.9000       8.00000000E-01       4.00000000E+00       4.00000000E+00
   278.0000       8.00000000E-01       4.00000000E+00       4.00000000E+00
   278.1000       8.00000000E-01       4.00000000E+00       4.00000000E+00
   278.2000       8.00000000E-01       4.00000000E+00       4.00000000E+00
   278.3000       8.00000000E-01       4.00000000E+00       4.00000000E+00
   278.4000       8.00000000E-01       4.00000000E+00       4.00000000E+00
   278.5000       8.00000000E-01       4.00000000E+00       4.00000000E+00
   278.6000       8.00000000E-01       4.00000000E+00       4.00000000E+00
   278.7000       8.00000000E-01       4.00000000E+00       4.00000000E+00
   278.8000       8.00000000E-01       4.00000000E+00       4.00000000E+00
   278.9000       8.00000000E-01       4.00000000E+00       4.00000000E+00
   279.0000       8.00000000E-01       4.00000000E+00       4.00000000E+00
   279.1000       8.00000000E-01       4.00000000E+00       4.00000000E+00
   279.2000       8.00000000E-01       4.00000000E+00       4.00000000E+00
   279.3000       8.00000000E-01       4.00000000E+00       4.00000000E+00
   279.4000       8.00000000E-01       4.00000000E+00       4.00000000E+00
   279.5000       8.00000000E-01       4.00000000E+00       4.00000000E+00
   279.6000       8.00000000E-01       4.00000000E+00       4.00000000E+00
   279.7000       8.00000000E-01       4.00000000E+00       4.00000000E+00
   279.8000       8.00000000E-01       4.00000000E+00       4.00000000E+00
   279.9000       8.00000000E-01       4.00000000E+00       4.00000000E+00
   280.0000       8.00000000E-01       4.00000000E+00       4.00000000E+00
   280.1000       8.00000000E-01       4.00000000E+00       4.00000000E+00
   280.2000       8.00000000E-01       4.00000000E+00       4.00000000E+00
   280.3000       8.00000000E-01       4.00000000E+00       4.00000000E+00
   280.4000       8.00000000E-01       4.00000000E+00       4.00000000E+00
   280.5000       8.00000000E-01       4.00000000E+00       4.00000000E+00
   280.6000       8.00000000E-01       4.00000000E+00       4.00000000E+00
   280.7000       8.00000000E-01       4.00000000E+00       4.00000000E+00
   280.8000       8.00000000E-01       4.00000000E+00       4.00000000E+00
   280.9000       8.00000000E-01       4.00000000E+00       4.00000000E+00
   281.0000       8.00000000E-01       4.00000000E+00       4.00000000E+00
   281.1000       8.00000000E-01       4.00000000E+00       4.00000000E+00
   281.2000       8.00000000E-01       4.00000000E+00       4.00000000E+00
   281.3000       8.00000000E-01       4.00000000E+00       4.00000000E+00
   281.4000       8.00000000E-01       4.00000000E+00       4.00000000E+00
   281.5000       8.00000000E-01       4.00000000E+00       4.00000000E+00
   281.6000       8.00000000E-01       4.00000000E+00       4.00000000E+00
   281.7000       8.00000000E-01       4.00000000E+00       4.00000000E+00
   281.8000       8.00000000E-01       4.00000000E+00       4.00000000E+00
   281.9000       8.00000000E-01       4.00000000E+00       4.00000000E+00
   282.0000       1.00000000E+00       4.00000000E+00       4.00000000E+00
   282.1000       1.00000000E+00       4.00000000E+00       4.00000000E+00
   282.2000       1.00000000E+00       4.00000000E+00       4.00000000E+00
   282.3000       1.00000000E+00       4.00000000E+00       4.00000000E+00
   282.4000       1.00000000E+00       4.00000000E+00       4.00000000E+00
   282.5000       1.00000000E+00       4.00000000E+00       4.00000000E+00
   282.6000       1.00000000E+00       4.00000000E+00       4.00000000E+00
   282.7000       1.00000000E+00       4.00000000E+00       4.00000000E+00
   282.8000       1.00000000E+00       4.00000000E+00       4.00000000E+00
   282.9000       1.00000000E+00       4.00000000E+00       4.00000000E+00
   283.0000       1.00000000E+00       4.00000000E+00       4.00000000E+00
   283.1000       1.00000000E+00       4.00000000E+00       4.00000000E+00
   283.2000       1.00000000E+00       4.00000000E+00       4.00000000E+00
   283.3000       1.00000000E+00       4.00000000E+00       4.00000000E+00
   283.4000       1.00000000E+00       4.00000000E+00       4.00000000E+00
   283.5000       1.00000000E+00       4.00000000E+00       4.00000000E+00
   283.6000       1.00000000E+00       4.00000000E+00       4.00000000E+00
   283.7000       1.00000000E+00       4.00000000E+00       4.00000000E+00
   283.8000       1.00000000E+00       4.00000000E+00       4.00000000E+00
   283.9000       8.00000000E-01       4.00000000E+00       4.00000000E+00
   284.0000       8.00000000E-01       4.00000000E+00       4.00000000E+00
   284.1000       8.00000000E-01       4.00000000E+00       4.00000000E+00
   284.2000       8.00000000E-01       4.00000000E+00       4.00000000E+00
   284.3000       8.00000000E-01       4.00000000E+00       4.00000000E+00
   284.4000       8.00000000E-01       4.00000000E+00       4.00000000E+00
   284.5000       8.00000000E-01       4.00000000E+00       4.00000000E+00
   284.6000       8.00000000E-01       4.00000000E+00       4.00000000E+00
   284.7000       8.00000000E-01       4.00000000E+00       4.00000000E+00
   284.8000       8.00000000E-01       4.00000000E+00       4.00000000E+00
   284.9000       8.00000000E-01       4.00000000E+00       4.00000000E+00
   285.0000       8.00000000E-01       4.00000000E+00       4.00000000E+00
   285.1000       8.00000000E-01       4.00000000E+00       4.00000000E+00
   285.2000       8.00000000E-01       4.00000000E+00       4.00000000E+00
   285.3000       8.00000000E-01       4.00000000E+00       4.00000000E+00
   285.4000       8.00000000E-01       4.00000000E+00       4.00000000E+00
   285.5000       8.00000000E-01       4.00000000E+00       4.00000000E+00
   285.6000       8.00000000E-01       4.00000000E+00       4.00000000E+00
   285.7000       8.00000000E-01       4.00000000E+00       4.00000000E+00
   285.8000       8.00000000E-01       4.00000000E+00       4.00000000E+00
   285.9000       8.00000000E-01       4.00000000E+00       4.00000000E+00
   286.0000       8.00000000E-01       4.00000000E+00       4.00000000E+00
   286.1000       1.00000000E+00       4.00000000E+00       4.00000000E+00
   286.2000       1.00000000E+00       4.00000000E+00       4.00000000E+00
   286.3000       1.00000000E+00       4.00000000E+00       4.00000000E+00
   286.4000       1.00000000E+00       4.00000000E+00       4.00000000E+00
   286.5000       1.00000000E+00       4.00000000E+00       4.00000000E+00
   286.6000       1.00000000E+00       4.00000000E+00       4.00000000E+00
   286.7000       1.00000000E+00       4.00000000E+00       4.00000000E+00
   286.8000       1.00000000E+00       4.00000000E+00       4.00000000E+00
   286.9000       1.00000000E+00       4.00000000E+00       4.00000000E+00
   287.0000       1.00000000E+00       4.00000000E+00       4.00000000E+00
   287.1000       1.00000000E+00       4.00000000E+00       4.00000000E+00
   287.2000       1.00000000E+00       4.00000000E+00       4.00000000E+00
   287.3000       1.00000000E+00       4.00000000E+00       4.00000000E+00
   287.4000       1.00000000E+00       4.00000000E+00       4.00000000E+00
   287.5000       1.00000000E+00       4.00000000E+00       4.00000000E+00
   287.6000       1.00000000E+00       4.00000000E+00       4.00000000E+00
   287.7000       1.00000000E+00       4.00000000E+00       4.00000000E+00
   287.8000       1.00000000E+00       4.00000000E+00       4.00000000E+00
   287.9000       1.00000000E+00       4.00000000E+00       4.00000000E+00
   288.0000       1.00000000E+00       4.00000000E+00       4.00000000E+00
   288.1000       1.00000000E+00       4.00000000E+00       4.00000000E+00
   288.2000       1.00000000E+00       4.00000000E+00       4.00000000E+00
   288.3000       1.00000000E+00       4.00000000E+00       4.00000000E+00
   288.4000       1.00000000E+00       4.00000000E+00       4.00000000E+00
   288.5000       1.00000000E+00       4.00000000E+00       4.00000000E+00
   288.6000       1.00000000E+00       4.00000000E+00       4.00000000E+00
   288.7000       1.00000000E+00       4.00000000E+00       4.00000000E+00
   288.8000       1.00000000E+00       4.00000000E+00       4.00000000E+00
   288.9000       1.00000000E+00       4.00000000E+00       4.00000000E+00
   289.0000       1.00000000E+00       4.00000000E+00       4.00000000E+00
   289.1000       1.00000000E+00       4.00000000E+00       4.00000000E+00
   289.2000       1.00000000E+00       4.00000000E+00       4.00000000E+00
   289.3000       1.00000000E+00       4.00000000E+00       4.00000000E+00
   289.4000       1.00000000E+00       4.00000000E+00       4.00000000E+00
   289.5000       1.00000000E+00       4.00000000E+00       4.00000000E+00
   289.6000       1.00000000E+00       4.00000000E+00       4.00000000E+00
   289.7000       1.00000000E+00       4.00000000E+00       4.00000000E+00
   289.8000       1.00000000E+00       4.00000000E+00       4.00000000E+00
   289.9000       1.00000000E+00       4.00000000E+00       4.00000000E+00
   290.0000       3.07692308E-01       4.00000000E+00       4.00000000E+00
   290.1000       3.07692308E-01       4.00000000E+00       4.00000000E+00
   290.2000       3.07692308E-01       4.00000000E+00       4.00000000E+00
   290.3000       3.07692308E-01       4.00000000E+00       4.00000000E+00
   290.4000       3.07692308E-01       4.00000000E+00       4.00000000E+00
   290.5000       3.07692308E-01       4.00000000E+00       4.00000000E+00
   290.6000       3.07692308E-01       4.00000000E+00       4.00000000E+00
   290.7000       3.07692308E-01       4.00000000E+00       4.00000000E+00
   290.8000       3.07692308E-01       4.00000000E+00       4.00000000E+00
   290.9000       3.07692308E-01       4.00000000E+00       4.00000000E+00
   291.0000       3.07692308E-01       4.00000000E+00       4.00000000E+00
   291.1000       3.07692308E-01       4.00000000E+00       4.00000000E+00
   291.2000       3.07692308E-01       4.00000000E+00       4.00000000E+00
   291.3000       3.07692308E-01       4.00000000E+00       4.00000000E+00
   291.4000       3.07692308E-01       4.00000000E+00       4.00000000E+00
   291.5000       3.07692308E-01       4.00000000E+00       4.00000000E+00
   291.6000       3.07692308E-01       4.00000000E+00       4.00000000E+00
   291.7000       3.07692308E-01       4.00000000E+00       4.00000000E+00
   291.8000       3.07692308E-01       4.00000000E+00       4.00000000E+00
   291.9000       3.07692308E-01       4.00000000E+00       4.00000000E+00
   292.0000       3.07692308E-01       4.00000000E+00       4.00000000E+00
   292.1000       3.07692308E-01       4.00000000E+00       4.00000000E+00
   292.2000       3.07692308E-01       4.00000000E+00       4.00000000E+00
   292.3000       3.07692308E-01       4.00000000E+00       4.00000000E+00
   292.4000       3.07692308E-01       4.00000000E+00       4.00000000E+00
   292.5000       3.07692308E-01       4.00000000E+00       4.00000000E+00
   292.6000       3.07692308E-01       4.00000000E+00       4.00000000E+00
   292.7000       3.07692308E-01       4.00000000E+00       4.00000000E+00
   292.8000       3.07692308E-01       4.00000000E+00       4.00000000E+00
   292.9000       3.07692308E-01       4.00000000E+00       4.00000000E+00
   293.0000       3.07692308E-01       4.00000000E+00       4.00000000E+00
   293.1000       3.07692308E-01       4.00000000E+00       4.00000000E+00
   293.2000       3.07692308E-01       4.00000000E+00       4.00000000E+00
   293.3000       3.07692308E-01       4.00000000E+00       4.00000000E+00
   293.4000       3.07692308E-01       4.00000000E+00       4.00000000E+00
   293.5000       3.07692308E-01       4.00000000E+00       4.00000000E+00
   293.6000       3.07692308E-01       4.00000000E+00       4.00000000E+00
   293.7000       3.07692308E-01       4.00000000E+00       4.00000000E+00
   293.8000       3.07692308E-01       4.00000000E+00       4.00000000E+00
   293.9000       3.07692308E-01       4.00000000E+00       4.00000000E+00
   294.0000       3.07692308E-01       4.00000000E+00       4.00000000E+00
   294.1000       3.07692308E-01       4.00000000E+00       4.00000000E+00
   294.2000       3.07692308E-01       4.00000000E+00       4.00000000E+00
   294.3000       3.07692308E-01       4.00000000E+00       4.00000000E+00
   294.4000       3.07692308E-01       4.00000000E+00       4.00000000E+00
   294.5000       3.07692308E-01       4.00000000E+00       4.00000000E+00
   294.6000       3.07692308E-01       4.00000000E+00       4.00000000E+00
   294.7000       3.07692308E-01       4.00000000E+00       4.00000000E+00
   294.8000       3.07692308E-01       4.00000000E+00       4.00000000E+00
   294.9000       3.07692308E-01       4.00000000E+00       4.00000000E+00
   295.0000       3.07692308E-01       4.00000000E+00       4.00000000E+00
   295.1000       3.07692308E-01       4.00000000E+00       4.00000000E+00
   295.2000       3.07692308E-01       4.00000000E+00       4.00000000E+00
   295.3000       3.07692308E-01       4.00000000E+00       4.00000000E+00
   295.4000       3.07692308E-01       4.00000000E+00       4.00000000E+00
   295.5000       3.07692308E-01       4.00000000E+00       4.00000000E+00
   295.6000       3.07692308E-01       4.00000000E+00       4.00000000E+00
   295.7000       3.07692308E-01       4.00000000E+00       4.00000000E+00
   295.8000       3.07692308E-01       4.00000000E+00       4.00000000E+00
   295.9000       3.07692308E-01       4.00000000E+00       4.00000000E+00
   296.0000       3.07692308E-01       4.00000000E+00       4.00000000E+00
   296.1000       3.07692308E-01       4.00000000E+00       4.00000000E+00
   296.2000       3.07692308E-01       4.00000000E+00       4.00000000E+00
   296.3000       3.07692308E-01       4.00000000E+00       4.00000000E+00
   296.4000       3.07692308E-01       4.00000000E+00       4.00000000E+00
   296.5000       3.07692308E-01       4.00000000E+00       4.00000000E+00
   296.6000       3.07692308E-01       4.00000000E+00       4.00000000E+00
   296.7000       3.07692308E-01       4.00000000E+00       4.00000000E+00
   296.8000       3.07692308E-01       4.00000000E+00       4.00000000E+00
   296.9000       3.07692308E-01       4.00000000E+00       4.00000000E+00
   297.0000       3.07692308E-01       4.00000000E+00       4.00000000E+00
   297.1000       3.07692308E-01       4.00000000E+00       4.00000000E+00
   297.2000       3.07692308E-01       4.00000000E+00       4.00000000E+00
   297.3000       3.07692308E-01       4.00000000E+00       4.00000000E+00
   297.4000       3.07692308E-01       4.00000000E+00       4.00000000E+00
   297.5000       3.07692308E-01       4.00000000E+00       4.00000000E+00
   297.6000       3.07692308E-01       4.00000000E+00       4.00000000E+00
   297.7000       3.07692308E-01       4.00000000E+00       4.00000000E+00
   297.8000       3.07692308E-01       4.00000000E+00       4.00000000E+00
   297.9000       3.07692308E-01       4.00000000E+00       4.00000000E+00
   298.0000       3.07692308E-01       4.00000000E+00       4.00000000E+00
   298.1000       3.07692308E-01       4.00000000E+00       4.00000000E+00
   298.2000       3.07692308E-01       4.00000000E+00       4.00000000E+00
   298.3000       3.07692308E-01       4.00000000E+00       4.00000000E+00
   298.4000       3.07692308E-01       4.00000000E+00       4.00000000E+00
   298.5000       3.07692308E-01       4.00000000E+00       4.00000000E+00
   298.6000       3.07692308E-01       4.00000000E+00       4.00000000E+00
   298.7000       3.07692308E-01       4.00000000E+00       4.00000000E+00
   298.8000       3.07692308E-01       4.00000000E+00       4.00000000E+00
   298.9000       3.07692308E-01       4.00000000E+00       4.00000000E+00
   299.0000       3.07692308E-01       4.00000000E+00       4.00000000E+00
   299.1000       3.07692308E-01       4.00000000E+00       4.00000000E+00
   299.2000       3.07692308E-01       4.00000000E+00       4.00000000E+00
   299.3000       3.07692308E-01       4.00000000E+00       4.00000000E+00
   299.4000       3.07692308E-01       4.00000000E+00       4.00000000E+00
   299.5000       3.07692308E-01       4.00000000E+00       4.00000000E+00
   299.6000       3.07692308E-01       4.00000000E+00       4.00000000E+00
   299.7000       3.07692308E-01       4.00000000E+00       4.00000000E+00
   299.8000       3.07692308E-01       4.00000000E+00       4.00000000E+00
   299.9000       3.07692308E-01       4.00000000E+00       4.00000000E+00
   300.0000       3.07692308E-01       4.00000000E+00       4.00000000E+00
   300.1000       3.07692308E-01       4.00000000E+00       4.00000000E+00
   300.2000       3.07692308E-01       4.00000000E+00       4.00000000E+00
   300.3000       3.07692308E-01       4.00000000E+00       4.00000000E+00
   300.4000       3.07692308E-01       4.00000000E+00       4.00000000E+00
   300.5000       3.07692308E-01       4.00000000E+00       4.00000000E+00
   300.6000       3.07692308E-01       4.00000000E+00       4.00000000E+00
   300.7000       3.07692308E-01       4.00000000E+00       4.00000000E+00
   300.8000       3.07692308E-01       4.00000000E+00       4.00000000E+00
   300.9000       3.07692308E-01       4.00000000E+00       4.00000000E+00
   301.0000       3.07692308E-01       4.00000000E+00       4.00000000E+00
   301.1000       3.07692308E-01       4.00000000E+00       4.00000000E+00
   301.2000       3.07692308E-01       4.00000000E+00       4.00000000E+00
   301.3000       3.07692308E-01       4.00000000E+00       4.00000000E+00
   301.4000       3.07692308E-01       4.00000000E+00       4.00000000E+00
   301.5000       3.07692308E-01       4.00000000E+00       4.00000000E+00
   301.6000       3.07692308E-01       4.00000000E+00       4.00000000E+00
   301.7000       3.07692308E-01       4.00000000E+00       4.00000000E+00
   301.8000       3.07692308E-01       4.00000000E+00       4.00000000E+00
   301.9000       3.07692308E-01       4.00000000E+00       4.00000000E+00
   302.0000       3.07692308E-01       4.00000000E+00       4.00000000E+00
   302.1000       3.07692308E-01       4.00000000E+00       4.00000000E+00
   302.2000       3.07692308E-01       4.00000000E+00       4.00000000E+00
   302.3000       3.07692308E-01       4.00000000E+00       4.00000000E+00
   302.4000       3.07692308E-01       4.00000000E+00       4.00000000E+00
   302.5000       3.07692308E-01       4.00000000E+00       4.00000000E+00
   302.6000       3.07692308E-01       4.00000000E+00       4.00000000E+00
   302.7000       3.07692308E-01       4.00000000E+00       4.00000000E+00
   302.8000       3.07692308E-01       4.00000000E+00       4.00000000E+00
   302.9000       3.07692308E-01       4.00000000E+00       4.00000000E+00
   303.0000       3.07692308E-01       4.00000000E+00       4.00000000E+00
   303.1000       3.07692308E-01       4.00000000E+00       4.00000000E+00
   303.2000       3.07692308E-01       4.00000000E+00       4.00000000E+00
   303.3000       3.07692308E-01       4.00000000E+00       4.00000000E+00
   303.4000       3.07692308E-01       4.00000000E+00       4.00000000E+00
   303.5000       3.07692308E-01       4.00000000E+00       4.00000000E+00
   303.6000       3.07692308E-01       4.00000000E+00       4.00000000E+00
   303.7000       3.07692308E-01       4.00000000E+00       4.00000000E+00
   303.8000       3.07692308E-01       4.00000000E+00       4.00000000E+00
   303.9000       3.07692308E-01       4.00000000E+00       4.00000000E+00
   304.0000       3.07692308E-01       4.00000000E+00       4.00000000E+00
   304.1000       3.07692308E-01       4.00000000E+00       4.00000000E+00
   304.2000       3.07692308E-01       4.00000000E+00       4.00000000E+00
   304.3000       3.07692308E-01       4.00000000E+00       4.00000000E+00
   304.4000       3.07692308E-01       4.00000000E+00       4.00000000E+00
   304.5000       3.07692308E-01       4.00000000E+00       4.00000000E+00
   304.6000       3.07692308E-01       4.00000000E+00       4.00000000E+00
   304.7000       3.07692308E-01       4.00000000E+00       4.00000000E+00
   304.8000       3.07692308E-01       4.00000000E+00       4.00000000E+00
   304.9000       3.07692308E-01       4.00000000E+00       4.00000000E+00
   305.0000       3.07692308E-01       4.00000000E+00       4.00000000E+00
   305.1000       3.07692308E-01       4.00000000E+00       4.00000000E+00
   305.2000       3.07692308E-01       4.00000000E+00       4.00000000E+00
   305.3000       3.07692308E-01       4.00000000E+00       4.00000000E+00
   305.4000       3.07692308E-01       4.00000000E+00       4.00000000E+00
   305.5000       3.07692308E-01       4.00000000E+00       4.00000000E+00
   305.6000       3.07692308E-01       4.00000000E+00       4.00000000E+00
   305.7000       3.07692308E-01       4.00000000E+00       4.00000000E+00
   305.8000       3.07692308E-01       4.00000000E+00       4.00000000E+00
   305.9000       3.07692308E-01       4.00000000E+00       4.00000000E+00
   306.0000       3.07692308E-01       4.00000000E+00       4.00000000E+00
   306.1000       3.07692308E-01       4.00000000E+00       4.00000000E+00
   306.2000       3.07692308E-01       4.00000000E+00       4.00000000E+00
   306.3000       3.07692308E-01       4.00000000E+00       4.00000000E+00
   306.4000       3.07692308E-01       4.00000000E+00       4.00000000E+00
   306.5000       3.07692308E-01       4.00000000E+00       4.00000000E+00
   306.6000       3.07692308E-01       4.00000000E+00       4.00000000E+00
   306.7000       3.07692308E-01       4.00000000E+00       4.00000000E+00
   306.8000       3.07692308E-01       4.00000000E+00       4.00000000E+00
   306.9000       3.07692308E-01       4.00000000E+00       4.00000000E+00
   307.0000       3.07692308E-01       4.00000000E+00       4.00000000E+00
   307.1000       3.07692308E-01       4.00000000E+00       4.00000000E+00
   307.2000       3.07692308E-01       4.00000000E+00       4.00000000E+00
   307.3000       3.07692308E-01       4.00000000E+00       4.00000000E+00
   307.4000       3.07692308E-01       4.00000000E+00       4.00000000E+00
   307.5000       3.07692308E-01       4.00000000E+00       4.00000000E+00
   307.6000       3.07692308E-01       4.00000000E+00       4.00000000E+00
   307.7000       3.07692308E-01       4.00000000E+00       4.00000000E+00
   307.8000       3.07692308E-01       4.00000000E+00       4.00000000E+00
   307.9000       3.07692308E-01       4.00000000E+00       4.00000000E+00
   308.0000       3.07692308E-01       4.00000000E+00       4.00000000E+00
   308.1000       3.07692308E-01       4.00000000E+00       4.00000000E+00
   308.2000       3.07692308E-01       4.00000000E+00       4.00000000E+00
   308.3000       3.07692308E-01       4.00000000E+00       4.00000000E+00
   308.4000       3.07692308E-01       4.00000000E+00       4.00000000E+00
   308.5000       3.07692308E-01       4.00000000E+00       4.00000000E+00
   308.6000       3.07692308E-01       4.00000000E+00       4.00000000E+00
   308.7000       3.07692308E-01       4.00000000E+00       4.00000000E+00
   308.8000       3.07692308E-01       4.00000000E+00       4.00000000E+00
   308.9000       3.07692308E-01       4.00000000E+00       4.00000000E+00
   309.0000       3.07692308E-01       4.00000000E+00       4.00000000E+00
   309.1000       3.07692308E-01       4.00000000E+00       4.00000000E+00
   309.2000       3.07692308E-01       4.00000000E+00       4.00000000E+00
   309.3000       3.07692308E-01       4.00000000E+00       4.00000000E+00
   309.4000       3.07692308E-01       4.00000000E+00       4.00000000E+00
   309.5000       3.07692308E-01       4.00000000E+00       4.00000000E+00
   309.6000       3.07692308E-01       4.00000000E+00       4.00000000E+00
   309.7000       3.07692308E-01       4.00000000E+00       4.00000000E+00
   309.8000       3.07692308E-01       4.00000000E+00       4.00000000E+00
   309.9000       3.07692308E-01       4.00000000E+00       4.00000000E+00
   310.0000       3.07692308E-01       4.00000000E+00       4.00000000E+00
   310.1000       3.07692308E-01       4.00000000E+00       4.00000000E+00
   310.2000       3.07692308E-01       4.00000000E+00       4.00000000E+00
   310.3000       3.07692308E-01       4.00000000E+00       4.00000000E+00
   310.4000       3.07692308E-01       4.00000000E+00       4.00000000E+00
   310.5000       3.07692308E-01       4.00000000E+00       4.00000000E+00
   310.6000       3.07692308E-01       4.00000000E+00       4.00000000E+00
   310.7000       3.07692308E-01       4.00000000E+00       4.00000000E+00
   310.8000       3.07692308E-01       4.00000000E+00       4.00000000E+00
   310.9000       3.07692308E-01       4.00000000E+00       4.00000000E+00
   311.0000       3.07692308E-01       4.00000000E+00       4.00000000E+00
   311.1000       3.07692308E-01       4.00000000E+00       4.00000000E+00
   311.2000       3.07692308E-01       4.00000000E+00       4.00000000E+00
   311.3000       3.07692308E-01       4.00000000E+00       4.00000000E+00
   311.4000       3.07692308E-01       4.00000000E+00       4.00000000E+00
   311.5000       3.07692308E-01       4.00000000E+00       4.00000000E+00
   311.6000       3.07692308E-01       4.00000000E+00       4.00000000E+00
   311.7000       3.07692308E-01       4.00000000E+00       4.00000000E+00
   311.8000       3.07692308E-01       4.00000000E+00       4.00000000E+00
   311.9000       3.07692308E-01       4.00000000E+00       4.00000000E+00
   312.0000       3.07692308E-01       4.00000000E+00       4.00000000E+00
   312.1000       3.07692308E-01       4.00000000E+00       4.00000000E+00
   312.2000       3.07692308E-01       4.00000000E+00       4.00000000E+00
   312.3000       3.07692308E-01       4.00000000E+00       4.00000000E+00
   312.4000       3.07692308E-01       4.00000000E+00       4.00000000E+00
   312.5000       3.07692308E-01       4.00000000E+00       4.00000000E+00
   312.6000       3.07692308E-01       4.00000000E+00       4.00000000E+00
   312.7000       3.07692308E-01       4.00000000E+00       4.00000000E+00
   312.8000       3.07692308E-01       4.00000000E+00       4.00000000E+00
   312.9000       3.07692308E-01       4.00000000E+00       4.00000000E+00
   313.0000       3.07692308E-01       4.00000000E+00       4.00000000E+00
   313.1000       3.07692308E-01       4.00000000E+00       4.00000000E+00
   313.2000       3.07692308E-01       4.00000000E+00       4.00000000E+00
   313.3000       3.07692308E-01       4.00000000E+00       4.00000000E+00
   313.4000       3.07692308E-01       4.00000000E+00       4.00000000E+00
   313.5000       3.07692308E-01       4.00000000E+00       4.00000000E+00
   313.6000       3.07692308E-01       4.00000000E+00       4.00000000E+00
   313.7000       3.07692308E-01       4.00000000E+00       4.00000000E+00
   313.8000       3.07692308E-01       4.00000000E+00       4.00000000E+00
   313.9000       3.07692308E-01       4.00000000E+00       4.00000000E+00
   314.0000       3.07692308E-01       4.00000000E+00       4.00000000E+00
   314.1000       3.07692308E-01       4.00000000E+00       4.00000000E+00
   314.2000       3.07692308E-01       4.00000000E+00       4.00000000E+00
   314.3000       3.07692308E-01       4.00000000E+00       4.00000000E+00
   314.4000       3.07692308E-01       4.00000000E+00       4.00000000E+00
   314.5000       3.07692308E-01       4.00000000E+00       4.00000000E+00
   314.6000       3.07692308E-01       4.00000000E+00       4.00000000E+00
   314.7000       3.07692308E-01       4.00000000E+00       4.00000000E+00
   314.8000       3.07692308E-01       4.00000000E+00       4.00000000E+00
   314.9000       3.07692308E-01       4.00000000E+00       4.00000000E+00
   315.0000       3.07692308E-01       4.00000000E+00       4.00000000E+00
   315.1000       3.07692308E-01       4.00000000E+00       4.00000000E+00
   315.2000       3.07692308E-01       4.00000000E+00       4.00000000E+00
   315.3000       3.07692308E-01       4.00000000E+00       4.00000000E+00
   315.4000       3.07692308E-01       4.00000000E+00       4.00000000E+00
   315.5000       3.07692308E-01       4.00000000E+00       4.00000000E+00
   315.6000       3.07692308E-01       4.00000000E+00       4.00000000E+00
   315.7000       3.07692308E-01       4.00000000E+00       4.00000000E+00
   315.8000       3.07692308E-01       4.00000000E+00       4.00000000E+00
   315.9000       3.07692308E-01       4.00000000E+00       4.00000000E+00
   316.0000       3.07692308E-01       4.00000000E+00       4.00000000E+00
   316.1000       3.07692308E-01       4.00000000E+00       4.00000000E+00
   316.2000       3.07692308E-01       4.00000000E+00       4.00000000E+00
   316.3000       3.07692308E-01       4.00000000E+00       4.00000000E+00
   316.4000       3.07692308E-01       4.00000000E+00       4.00000000E+00
   316.5000       3.07692308E-01       4.00000000E+00       4.00000000E+00
   316.6000       3.07692308E-01       4.00000000E+00       4.00000000E+00
   316.7000       3.07692308E-01       4.00000000E+00       4.00000000E+00
   316.8000       3.07692308E-01       4.00000000E+00       4.00000000E+00
   316.9000       3.07692308E-01       4.00000000E+00       4.00000000E+00
   317.0000       3.07692308E-01       4.00000000E+00       4.00000000E+00
   317.1000       3.07692308E-01       4.00000000E+00       4.00000000E+00
   317.2000       3.07692308E-01       4.00000000E+00       4.00000000E+00
   317.3000       3.07692308E-01       4.00000000E+00       4.00000000E+00
   317.4000       3.07692308E-01       4.00000000E+00       4.00000000E+00
   317.5000       3.07692308E-01       4.00000000E+00       4.00000000E+00
   317.6000       3.07692308E-01       4.00000000E+00       4.00000000E+00
   317.7000       3.07692308E-01       4.00000000E+00       4.00000000E+00
   317.8000       3.07692308E-01       4.00000000E+00       4.00000000E+00
   317.9000       3.07692308E-01       4.00000000E+00       4.00000000E+00
   318.0000       3.07692308E-01       4.00000000E+00       4.00000000E+00
   318.1000       3.07692308E-01       4.00000000E+00       4.00000000E+00
   318.2000       3.07692308E-01       4.00000000E+00       4.00000000E+00
   318.3000       3.07692308E-01       4.00000000E+00       4.00000000E+00
   318.4000       3.07692308E-01       4.00000000E+00       4.00000000E+00
   318.5000       3.07692308E-01       4.00000000E+00       4.00000000E+00
   318.6000       3.07692308E-01       4.00000000E+00       4.00000000E+00
   318.7000       3.07692308E-01       4.00000000E+00       4.00000000E+00
   318.8000       3.07692308E-01       4.00000000E+00       4.00000000E+00
   318.9000       3.07692308E-01       4.00000000E+00       4.00000000E+00
   319.0000       3.07692308E-01       4.00000000E+00       4.00000000E+00
   319.1000       3.07692308E-01       4.00000000E+00       4.00000000E+00
   319.2000       3.07692308E-01       4.00000000E+00       4.00000000E+00
   319.3000       3.07692308E-01       4.00000000E+00       4.00000000E+00
   319.4000       3.07692308E-01       4.00000000E+00       4.00000000E+00
   319.5000       3.07692308E-01       4.00000000E+00       4.00000000E+00
   319.6000       3.07692308E-01       4.00000000E+00       4.00000000E+00
   319.7000       3.07692308E-01       4.00000000E+00       4.00000000E+00
   319.8000       3.07692308E-01       4.00000000E+00       4.00000000E+00
   319.9000       3.07692308E-01       4.00000000E+00       4.00000000E+00
   320.0000       3.07692308E-01       4.00000000E+00       4.00000000E+00
   320.1000       3.07692308E-01       4.00000000E+00       4.00000000E+00
   320.2000       3.07692308E-01       4.00000000E+00       4.00000000E+00
   320.3000       3.07692308E-01       4.00000000E+00       4.00000000E+00
   320.4000       3.07692308E-01       4.00000000E+00       4.00000000E+00
   320.5000       3.07692308E-01       4.00000000E+00       4.00000000E+00
   320.6000       3.07692308E-01       4.00000000E+00       4.00000000E+00
   320.7000       3.07692308E-01       4.00000000E+00       4.00000000E+00
   320.8000       3.07692308E-01       4.00000000E+00       4.00000000E+00
   320.9000       3.07692308E-01       4.00000000E+00       4.00000000E+00
   321.0000       3.07692308E-01       4.00000000E+00       4.00000000E+00
   321.1000       3.07692308E-01       4.00000000E+00       4.00000000E+00
   321.2000       3.07692308E-01       4.00000000E+00       4.00000000E+00
   321.3000       3.07692308E-01       4.00000000E+00       4.00000000E+00
   321.4000       3.07692308E-01       4.00000000E+00       4.00000000E+00
   321.5000       3.07692308E-01       4.00000000E+00       4.00000000E+00
   321.6000       3.07692308E-01       4.00000000E+00       4.00000000E+00
   321.7000       3.07692308E-01       4.00000000E+00       4.00000000E+00
   321.8000       3.07692308E-01       4.00000000E+00       4.00000000E+00
   321.9000       3.07692308E-01       4.00000000E+00       4.00000000E+00
   322.0000       3.07692308E-01       4.00000000E+00       4.00000000E+00
   322.1000       3.07692308E-01       4.00000000E+00       4.00000000E+00
   322.2000       3.07692308E-01       4.00000000E+00       4.00000000E+00
   322.3000       3.07692308E-01       4.00000000E+00       4.00000000E+00
   322.4000       3.07692308E-01       4.00000000E+00       4.00000000E+00
   322.5000       3.07692308E-01       4.00000000E+00       4.00000000E+00
   322.6000       3.07692308E-01       4.00000000E+00       4.00000000E+00
   322.7000       3.07692308E-01       4.00000000E+00       4.00000000E+00
   322.8000       3.07692308E-01       4.00000000E+00       4.00000000E+00
   322.9000       3.07692308E-01       4.00000000E+00       4.00000000E+00
   323.0000       3.07692308E-01       4.00000000E+00       4.00000000E+00
   323.1000       3.07692308E-01       4.00000000E+00       4.00000000E+00
   323.2000       3.07692308E-01       4.00000000E+00       4.00000000E+00
   323.3000       3.07692308E-01       4.00000000E+00       4.00000000E+00
   323.4000       3.07692308E-01       4.00000000E+00       4.00000000E+00
   323.5000       3.07692308E-01       4.00000000E+00       4.00000000E+00
   323.6000       3.07692308E-01       4.00000000E+00       4.00000000E+00
   323.7000       3.07692308E-01       4.00000000E+00       4.00000000E+00
   323.8000       3.07692308E-01       4.00000000E+00       4.00000000E+00
   323.9000       3.07692308E-01       4.00000000E+00       4.00000000E+00
   324.0000       3.07692308E-01       4.00000000E+00       4.00000000E+00
   324.1000       3.07692308E-01       4.00000000E+00       4.00000000E+00
   324.2000       3.07692308E-01       4.00000000E+00       4.00000000E+00
   324.3000       3.07692308E-01       4.00000000E+00       4.00000000E+00
   324.4000       3.07692308E-01       4.00000000E+00       4.00000000E+00
   324.5000       3.07692308E-01       4.00000000E+00       4.00000000E+00
   324.6000       3.07692308E-01       4.00000000E+00       4.00000000E+00
   324.7000       3.07692308E-01       4.00000000E+00       4.00000000E+00
   324.8000       3.07692308E-01       4.00000000E+00       4.00000000E+00
   324.9000       3.07692308E-01       4.00000000E+00       4.00000000E+00
   325.0000       3.07692308E-01       4.00000000E+00       4.00000000E+00
   325.1000       3.07692308E-01       4.00000000E+00       4.00000000E+00
   325.2000       3.07692308E-01       4.00000000E+00       4.00000000E+00
   325.3000       3.07692308E-01       4.00000000E+00       4.00000000E+00
   325.4000       3.07692308E-01       4.00000000E+00       4.00000000E+00
   325.5000       3.07692308E-01       4.00000000E+00       4.00000000E+00
   325.6000       3.07692308E-01       4.00000000E+00       4.00000000E+00
   325.7000       3.07692308E-01       4.00000000E+00       4.00000000E+00
   325.8000       3.07692308E-01       4.00000000E+00       4.00000000E+00
   325.9000       3.07692308E-01       4.00000000E+00       4.00000000E+00
   326.0000       3.07692308E-01       4.00000000E+00       4.00000000E+00
   326.1000       3.07692308E-01       4.00000000E+00       4.00000000E+00
   326.2000       3.07692308E-01       4.00000000E+00       4.00000000E+00
   326.3000       3.07692308E-01       4.00000000E+00       4.00000000E+00
   326.4000       3.07692308E-01       4.00000000E+00       4.00000000E+00
   326.5000       3.07692308E-01       4.00000000E+00       4.00000000E+00
   326.6000       3.07692308E-01       4.00000000E+00       4.00000000E+00
   326.7000       3.07692308E-01       4.00000000E+00       4.00000000E+00
   326.8000       3.07692308E-01       4.00000000E+00       4.00000000E+00
   326.9000       3.07692308E-01       4.00000000E+00       4.00000000E+00
   327.0000       3.07692308E-01       4.00000000E+00       4.00000000E+00
   327.1000       3.07692308E-01       4.00000000E+00       4.00000000E+00
   327.2000       3.07692308E-01       4.00000000E+00       4.00000000E+00
   327.3000       3.07692308E-01       4.00000000E+00       4.00000000E+00
   327.4000       3.07692308E-01       4.00000000E+00       4.00000000E+00
   327.5000       3.07692308E-01       4.00000000E+00       4.00000000E+00
   327.6000       3.07692308E-01       4.00000000E+00       4.00000000E+00
   327.7000       3.07692308E-01       4.00000000E+00       4.00000000E+00
   327.8000       3.07692308E-01       4.00000000E+00       4.00000000E+00
   327.9000       3.07692308E-01       4.00000000E+00       4.00000000E+00
   328.0000       3.07692308E-01       4.00000000E+00       4.00000000E+00
   328.1000       3.07692308E-01       4.00000000E+00       4.00000000E+00
   328.2000       3.07692308E-01       4.00000000E+00       4.00000000E+00
   328.3000       3.07692308E-01       4.00000000E+00       4.00000000E+00
   328.4000       3.07692308E-01       4.00000000E+00       4.00000000E+00
   328.5000       3.07692308E-01       4.00000000E+00       4.00000000E+00
   328.6000       3.07692308E-01       4.00000000E+00       4.00000000E+00
   328.7000       3.07692308E-01       4.00000000E+00       4.00000000E+00
   328.8000       3.07692308E-01       4.00000000E+00       4.00000000E+00
   328.9000       3.07692308E-01       4.00000000E+00       4.00000000E+00
   329.0000       3.07692308E-01       4.00000000E+00       4.00000000E+00
   329.1000       3.07692308E-01       4.00000000E+00       4.00000000E+00
   329.2000       3.07692308E-01       4.00000000E+00       4.00000000E+00
   329.3000       3.07692308E-01       4.00000000E+00       4.00000000E+00
   329.4000       3.07692308E-01       4.00000000E+00       4.00000000E+00
   329.5000       3.07692308E-01       4.00000000E+00       4.00000000E+00
   329.6000       3.07692308E-01       4.00000000E+00       4.00000000E+00
   329.7000       3.07692308E-01       4.00000000E+00       4.00000000E+00
   329.8000       3.07692308E-01       4.00000000E+00       4.00000000E+00
   329.9000       3.07692308E-01       4.00000000E+00       4.00000000E+00
   330.0000       3.07692308E-01       4.00000000E+00       4.00000000E+00
   330.1000       3.07692308E-01       4.00000000E+00       4.00000000E+00
   330.2000       3.07692308E-01       4.00000000E+00       4.00000000E+00
   330.3000       3.07692308E-01       4.00000000E+00       4.00000000E+00
   330.4000       3.07692308E-01       4.00000000E+00       4.00000000E+00
   330.5000       3.07692308E-01       4.00000000E+00       4.00000000E+00
   330.6000       3.07692308E-01       4.00000000E+00       4.00000000E+00
   330.7000       3.07692308E-01       4.00000000E+00       4.00000000E+00
   330.8000       3.07692308E-01       4.00000000E+00       4.00000000E+00
   330.9000       3.07692308E-01       4.00000000E+00       4.00000000E+00
   331.0000       3.07692308E-01       4.00000000E+00       4.00000000E+00
   331.1000       3.07692308E-01       4.00000000E+00       4.00000000E+00
   331.2000       3.07692308E-01       4.00000000E+00       4.00000000E+00
   331.3000       3.07692308E-01       4.00000000E+00       4.00000000E+00
   331.4000       3.07692308E-01       4.00000000E+00       4.00000000E+00
   331.5000       3.07692308E-01       4.00000000E+00       4.00000000E+00
   331.6000       3.07692308E-01       4.00000000E+00       4.00000000E+00
   331.7000       3.07692308E-01       4.00000000E+00       4.00000000E+00
   331.8000       3.07692308E-01       4.00000000E+00       4.00000000E+00
   331.9000       3.07692308E-01       4.00000000E+00       4.00000000E+00
   332.0000       3.07692308E-01       4.00000000E+00       4.00000000E+00
   332.1000       3.07692308E-01       4.00000000E+00       4.00000000E+00
   332.2000       3.07692308E-01       4.00000000E+00       4.00000000E+00
   332.3000       3.07692308E-01       4.00000000E+00       4.00000000E+00
   332.4000       3.07692308E-01       4.00000000E+00       4.00000000E+00
   332.5000       3.07692308E-01       4.00000000E+00       4.00000000E+00
   332.6000       3.07692308E-01       4.00000000E+00       4.00000000E+00
   332.7000       3.07692308E-01       4.00000000E+00       4.00000000E+00
   332.8000       3.07692308E-01       4.00000000E+00       4.00000000E+00
   332.9000       3.07692308E-01       4.00000000E+00       4.00000000E+00
   333.0000       3.07692308E-01       4.00000000E+00       4.00000000E+00
   333.1000       3.07692308E-01       4.00000000E+00       4.00000000E+00
   333.2000       3.07692308E-01       4.00000000E+00       4.00000000E+00
   333.3000       3.07692308E-01       4.00000000E+00       4.00000000E+00
   333.4000       3.07692308E-01       4.00000000E+00       4.00000000E+00
   333.5000       3.07692308E-01       4.00000000E+00       4.00000000E+00
   333.6000       3.07692308E-01       4.00000000E+00       4.00000000E+00
   333.7000       3.07692308E-01       4.00000000E+00       4.00000000E+00
   333.8000       3.07692308E-01       4.00000000E+00       4.00000000E+00
   333.9000       3.07692308E-01       4.00000000E+00       4.00000000E+00
   334.0000       3.07692308E-01       4.00000000E+00       4.00000000E+00
   334.1000       3.07692308E-01       4.00000000E+00       4.00000000E+00
   334.2000       3.07692308E-01       4.00000000E+00       4.00000000E+00
   334.3000       3.07692308E-01       4.00000000E+00       4.00000000E+00
   334.4000       3.07692308E-01       4.00000000E+00       4.00000000E+00
   334.5000       3.07692308E-01       4.00000000E+00       4.00000000E+00
   334.6000       3.07692308E-01       4.00000000E+00       4.00000000E+00
   334.7000       3.07692308E-01       4.00000000E+00       4.00000000E+00
   334.8000       3.07692308E-01       4.00000000E+00       4.00000000E+00
   334.9000       3.07692308E-01       4.00000000E+00       4.00000000E+00
   335.0000       3.07692308E-01       4.00000000E+00       4.00000000E+00
   335.1000       3.07692308E-01       4.00000000E+00       4.00000000E+00
   335.2000       3.07692308E-01       4.00000000E+00       4.00000000E+00
   335.3000       3.07692308E-01       4.00000000E+00       4.00000000E+00
   335.4000       3.07692308E-01       4.00000000E+00       4.00000000E+00
   335.5000       3.07692308E-01       4.00000000E+00       4.00000000E+00
   335.6000       3.07692308E-01       4.00000000E+00       4.00000000E+00
   335.7000       3.07692308E-01       4.00000000E+00       4.00000000E+00
   335.8000       3.07692308E-01       4.00000000E+00       4.00000000E+00
   335.9000       3.07692308E-01       4.00000000E+00       4.00000000E+00
   336.0000       3.07692308E-01       4.00000000E+00       4.00000000E+00
   336.1000       3.07692308E-01       4.00000000E+00       4.00000000E+00
   336.2000       3.07692308E-01       4.00000000E+00       4.00000000E+00
   336.3000       3.07692308E-01       4.00000000E+00       4.00000000E+00
   336.4000       3.07692308E-01       4.00000000E+00       4.00000000E+00
   336.5000       3.07692308E-01       4.00000000E+00       4.00000000E+00
   336.6000       3.07692308E-01       4.00000000E+00       4.00000000E+00
   336.7000       3.07692308E-01       4.00000000E+00       4.00000000E+00
   336.8000       3.07692308E-01       4.00000000E+00       4.00000000E+00
   336.9000       3.07692308E-01       4.00000000E+00       4.00000000E+00
   337.0000       3.07692308E-01       4.00000000E+00       4.00000000E+00
   337.1000       3.07692308E-01       4.00000000E+00       4.00000000E+00
   337.2000       3.07692308E-01       4.00000000E+00       4.00000000E+00
   337.3000       3.07692308E-01       4.00000000E+00       4.00000000E+00
   337.4000       3.07692308E-01       4.00000000E+00       4.00000000E+00
   337.5000       3.07692308E-01       4.00000000E+00       4.00000000E+00
   337.6000       3.07692308E-01       4.00000000E+00       4.00000000E+00
   337.7000       3.07692308E-01       4.00000000E+00       4.00000000E+00
   337.8000       3.07692308E-01       4.00000000E+00       4.00000000E+00
   337.9000       3.07692308E-01       4.00000000E+00       4.00000000E+00
   338.0000       3.07692308E-01       4.00000000E+00       4.00000000E+00
   338.1000       3.07692308E-01       4.00000000E+00       4.00000000E+00
   338.2000       3.07692308E-01       4.00000000E+00       4.00000000E+00
   338.3000       3.07692308E-01       4.00000000E+00       4.00000000E+00
   338.4000       3.07692308E-01       4.00000000E+00       4.00000000E+00
   338.5000       3.07692308E-01       4.00000000E+00       4.00000000E+00
   338.6000       3.07692308E-01       4.00000000E+00       4.00000000E+00
   338.7000       3.07692308E-01       4.00000000E+00       4.00000000E+00
   338.8000       3.07692308E-01       4.00000000E+00       4.00000000E+00
   338.9000       3.07692308E-01       4.00000000E+00       4.00000000E+00
   339.0000       3.07692308E-01       4.00000000E+00       4.00000000E+00
   339.1000       3.07692308E-01       4.00000000E+00       3.07692308E-01
   339.2000       3.07692308E-01       4.00000000E+00       3.07692308E-01
   339.3000       3.07692308E-01       4.00000000E+00       3.07692308E-01
   339.4000       3.07692308E-01       4.00000000E+00       3.07692308E-01
   339.5000       3.07692308E-01       4.00000000E+00       3.07692308E-01
   339.6000       3.07692308E-01       4.00000000E+00       3.07692308E-01
   339.7000       3.07692308E-01       4.00000000E+00       3.07692308E-01
   339.8000       3.07692308E-01       4.00000000E+00       3.07692308E-01
   339.9000       3.07692308E-01       4.00000000E+00       3.07692308E-01
   340.0000       3.07692308E-01       4.00000000E+00       3.07692308E-01
   340.1000       3.07692308E-01       4.00000000E+00       3.07692308E-01
   340.2000       3.07692308E-01       4.00000000E+00       3.07692308E-01
   340.3000       3.07692308E-01       4.00000000E+00       3.07692308E-01
   340.4000       3.07692308E-01       4.00000000E+00       3.07692308E-01
   340.5000       3.07692308E-01       4.00000000E+00       3.07692308E-01
   340.6000       3.07692308E-01       4.00000000E+00       3.07692308E-01
   340.7000       3.07692308E-01       4.00000000E+00       3.07692308E-01
   340.8000       3.07692308E-01       4.00000000E+00       3.07692308E-01
   340.9000       3.07692308E-01       4.00000000E+00       3.07692308E-01
   341.0000       3.07692308E-01       4.00000000E+00       3.07692308E-01
   341.1000       3.07692308E-01       4.00000000E+00       3.07692308E-01
   341.2000       3.07692308E-01       4.00000000E+00       3.07692308E-01
   341.3000       3.07692308E-01       4.00000000E+00       3.07692308E-01
   341.4000       3.07692308E-01       4.00000000E+00       3.07692308E-01
   341.5000       3.07692308E-01       4.00000000E+00       3.07692308E-01
   341.6000       3.07692308E-01       4.00000000E+00       3.07692308E-01
   341.7000       3.07692308E-01       4.00000000E+00       3.07692308E-01
   341.8000       3.07692308E-01       4.00000000E+00       3.07692308E-01
   341.9000       3.07692308E-01       4.00000000E+00       3.07692308E-01
   342.0000       3.07692308E-01       4.00000000E+00       3.07692308E-01
   342.1000       3.07692308E-01       4.00000000E+00       3.07692308E-01
   342.2000       3.07692308E-01       4.00000000E+00       3.07692308E-01
   342.3000       3.07692308E-01       3.07692308E-01       3.07692308E-01
   342.4000       3.07692308E-01       3.07692308E-01       3.07692308E-01
   342.5000       3.07692308E-01       3.07692308E-01       3.07692308E-01
   342.6000       3.07692308E-01       3.07692308E-01       3.07692308E-01
   342.7000       3.07692308E-01       3.07692308E-01       3.07692308E-01
   342.8000       3.07692308E-01       3.07692308E-01       3.07692308E-01
   342.9000       3.07692308E-01       3.07692308E-01       3.07692308E-01
   343.0000       3.07692308E-01       3.07692308E-01       3.07692308E-01
   343.1000       3.07692308E-01       3.07692308E-01       3.07692308E-01
   343.2000       3.07692308E-01       3.07692308E-01       3.07692308E-01
   343.3000       3.07692308E-01       3.07692308E-01       3.07692308E-01
   343.4000       3.07692308E-01       3.07692308E-01       3.07692308E-01
   343.5000       3.07692308E-01       3.07692308E-01       3.07692308E-01
   343.6000       3.07692308E-01       3.07692308E-01       3.07692308E-01
   343.7000       3.07692308E-01       3.07692308E-01       3.07692308E-01
   343.8000       3.07692308E-01       3.07692308E-01       3.07692308E-01
   343.9000       3.07692308E-01       3.07692308E-01       3.07692308E-01
   344.0000       3.07692308E-01       3.07692308E-01       3.07692308E-01
   344.1000       3.07692308E-01       3.07692308E-01       3.07692308E-01
   344.2000       3.07692308E-01       3.07692308E-01       3.07692308E-01
   344.3000       3.07692308E-01       3.07692308E-01       3.07692308E-01
   344.4000       3.07692308E-01       3.07692308E-01       3.07692308E-01
   344.5000       3.07692308E-01       3.07692308E-01       3.07692308E-01
   344.6000       3.07692308E-01       3.07692308E-01       3.07692308E-01
   344.7000       3.07692308E-01       3.07692308E-01       3.07692308E-01
   344.8000       3.07692308E-01       3.07692308E-01       3.07692308E-01
   344.9000       3.07692308E-01       3.07692308E-01       3.07692308E-01
   345.0000       3.07692308E-01       3.07692308E-01       3.07692308E-01
   345.1000       3.07692308E-01       3.07692308E-01       3.07692308E-01
   345.2000       3.07692308E-01       3.07692308E-01       3.07692308E-01
   345.3000       3.07692308E-01       3.07692308E-01       3.07692308E-01
   345.4000       3.07692308E-01       3.07692308E-01       3.07692308E-01
   345.5000       3.07692308E-01       3.07692308E-01       3.07692308E-01
   345.6000       3.07692308E-01       3.07692308E-01       3.07692308E-01
   345.7000       3.07692308E-01       3.07692308E-01       3.07692308E-01
   345.8000       3.07692308E-01       3.07692308E-01       3.07692308E-01
   345.9000       3.07692308E-01       3.07692308E-01       3.07692308E-01
   346.0000       3.07692308E-01       3.07692308E-01       3.07692308E-01
   346.1000       3.07692308E-01       3.07692308E-01       3.07692308E-01
   346.2000       3.07692308E-01       3.07692308E-01       3.07692308E-01
   346.3000       3.07692308E-01       3.07692308E-01       3.07692308E-01
   346.4000       3.07692308E-01       3.07692308E-01       3.07692308E-01
   346.5000       3.07692308E-01       3.07692308E-01       3.07692308E-01
   346.6000       3.07692308E-01       3.07692308E-01       3.07692308E-01
   346.7000       3.07692308E-01       3.07692308E-01       3.07692308E-01
   346.8000       3.07692308E-01       3.07692308E-01       3.07692308E-01
   346.9000       3.07692308E-01       3.07692308E-01       3.07692308E-01
   347.0000       3.07692308E-01       3.07692308E-01       3.07692308E-01
   347.1000       3.07692308E-01       3.07692308E-01       3.07692308E-01
   347.2000       3.07692308E-01       3.07692308E-01       3.07692308E-01
   347.3000       3.07692308E-01       3.07692308E-01       3.07692308E-01
   347.4000       3.07692308E-01       3.07692308E-01       3.07692308E-01
   347.5000       3.07692308E-01       3.07692308E-01       3.07692308E-01
   347.6000       3.07692308E-01       3.07692308E-01       3.07692308E-01
   347.7000       3.07692308E-01       3.07692308E-01       3.07692308E-01
   347.8000       3.07692308E-01       3.07692308E-01       3.07692308E-01
   347.9000       3.07692308E-01       3.07692308E-01       3.07692308E-01
   348.0000       3.07692308E-01       3.07692308E-01       3.07692308E-01
   348.1000       3.07692308E-01       3.07692308E-01       3.07692308E-01
   348.2000       3.07692308E-01       3.07692308E-01       3.07692308E-01
   348.3000       3.07692308E-01       3.07692308E-01       3.07692308E-01
   348.4000       3.07692308E-01       3.07692308E-01       3.07692308E-01
   348.5000       3.07692308E-01       3.07692308E-01       3.07692308E-01
   348.6000       3.07692308E-01       3.07692308E-01       3.07692308E-01
   348.7000       3.07692308E-01       3.07692308E-01       3.07692308E-01
   348.8000       3.07692308E-01       3.07692308E-01       3.07692308E-01
   348.9000       3.07692308E-01       3.07692308E-01       3.07692308E-01
   349.0000       3.07692308E-01       3.07692308E-01       3.07692308E-01
   349.1000       3.07692308E-01       3.07692308E-01       3.07692308E-01
   349.2000       3.07692308E-01       3.07692308E-01       3.07692308E-01
   349.3000       3.07692308E-01       3.07692308E-01       3.07692308E-01
   349.4000       3.07692308E-01       3.07692308E-01       3.07692308E-01
   349.5000       3.07692308E-01       3.07692308E-01       3.07692308E-01
   349.6000       3.07692308E-01       3.07692308E-01       3.07692308E-01
   349.7000       3.07692308E-01       3.07692308E-01       3.07692308E-01
   349.8000       3.07692308E-01       3.07692308E-01       3.07692308E-01
   349.9000       3.07692308E-01       3.07692308E-01       3.07692308E-01
   350.0000       3.07692308E-01       3.07692308E-01       3.07692308E-01
   350.1000       3.07692308E-01       3.07692308E-01       3.07692308E-01
   350.2000       3.07692308E-01       3.07692308E-01       3.07692308E-01
   350.3000       3.07692308E-01       3.07692308E-01       3.07692308E-01
   350.4000       3.07692308E-01       3.07692308E-01       3.07692308E-01
   350.5000       3.07692308E-01       3.07692308E-01       3.07692308E-01
   350.6000       3.07692308E-01       3.07692308E-01       3.07692308E-01
   350.7000       3.07692308E-01       3.07692308E-01       3.07692308E-01
   350.8000       3.07692308E-01       3.07692308E-01       3.07692308E-01
   350.9000       3.07692308E-01       3.07692308E-01       3.07692308E-01
   351.0000       3.07692308E-01       3.07692308E-01       3.07692308E-01
   351.1000       3.07692308E-01       3.07692308E-01       3.07692308E-01
   351.2000       3.07692308E-01       3.07692308E-01       3.07692308E-01
   351.3000       3.07692308E-01       3.07692308E-01       3.07692308E-01
   351.4000       3.07692308E-01       3.07692308E-01       3.07692308E-01
   351.5000       3.07692308E-01       3.07692308E-01       3.07692308E-01
   351.6000       3.07692308E-01       3.07692308E-01       3.07692308E-01
   351.7000       3.07692308E-01       3.07692308E-01       3.07692308E-01
   351.8000       3.07692308E-01       3.07692308E-01       3.07692308E-01
   351.9000       3.07692308E-01       3.07692308E-01       3.07692308E-01
   352.0000       3.07692308E-01       3.07692308E-01       3.07692308E-01
   352.1000       3.07692308E-01       3.07692308E-01       3.07692308E-01
   352.2000       3.07692308E-01       3.07692308E-01       3.07692308E-01
   352.3000       3.07692308E-01       3.07692308E-01       3.07692308E-01
   352.4000       3.07692308E-01       3.07692308E-01       3.07692308E-01
   352.5000       3.07692308E-01       3.07692308E-01       3.07692308E-01
   352.6000       3.07692308E-01       3.07692308E-01       3.07692308E-01
   352.7000       3.07692308E-01       3.07692308E-01       3.07692308E-01
   352.8000       3.07692308E-01       3.07692308E-01       3.07692308E-01
   352.9000       3.07692308E-01       3.07692308E-01       3.07692308E-01
   353.0000       3.07692308E-01       3.07692308E-01       3.07692308E-01
   353.1000       3.07692308E-01       3.07692308E-01       3.07692308E-01
   353.2000       3.07692308E-01       3.07692308E-01       3.07692308E-01
   353.3000       3.07692308E-01       3.07692308E-01       3.07692308E-01
   353.4000       3.07692308E-01       3.07692308E-01       3.07692308E-01
   353.5000       3.07692308E-01       3.07692308E-01       3.07692308E-01
   353.6000       3.07692308E-01       3.07692308E-01       3.07692308E-01
   353.7000       3.07692308E-01       3.07692308E-01       3.07692308E-01
   353.8000       3.07692308E-01       3.07692308E-01       3.07692308E-01
   353.9000       3.07692308E-01       3.07692308E-01       3.07692308E-01
   354.0000       3.07692308E-01       3.07692308E-01       3.07692308E-01
   354.1000       3.07692308E-01       3.07692308E-01       3.07692308E-01
   354.2000       3.07692308E-01       3.07692308E-01       3.07692308E-01
   354.3000       3.07692308E-01       3.07692308E-01       3.07692308E-01
   354.4000       3.07692308E-01       3.07692308E-01       3.07692308E-01
   354.5000       3.07692308E-01       3.07692308E-01       3.07692308E-01
   354.6000       3.07692308E-01       3.07692308E-01       3.07692308E-01
   354.7000       3.07692308E-01       3.07692308E-01       3.07692308E-01
   354.8000       3.07692308E-01       3.07692308E-01       3.07692308E-01
   354.9000       3.07692308E-01       3.07692308E-01       3.07692308E-01
   355.0000       3.07692308E-01       3.07692308E-01       3.07692308E-01
   355.1000       3.07692308E-01       3.07692308E-01       3.07692308E-01
   355.2000       3.07692308E-01       3.07692308E-01       3.07692308E-01
   355.3000       3.07692308E-01       3.07692308E-01       3.07692308E-01
   355.4000       3.07692308E-01       3.07692308E-01       3.07692308E-01
   355.5000       3.07692308E-01       3.07692308E-01       3.07692308E-01
   355.6000       3.07692308E-01       3.07692308E-01       3.07692308E-01
   355.7000       3.07692308E-01       3.07692308E-01       3.07692308E-01
   355.8000       3.07692308E-01       3.07692308E-01       3.07692308E-01
   355.9000       3.07692308E-01       3.07692308E-01       3.07692308E-01
   356.0000       3.07692308E-01       3.07692308E-01       3.07692308E-01
   356.1000       3.07692308E-01       3.07692308E-01       3.07692308E-01
   356.2000       3.07692308E-01       3.07692308E-01       3.07692308E-01
   356.3000       3.07692308E-01       3.07692308E-01       3.07692308E-01
   356.4000       3.07692308E-01       3.07692308E-01       3.07692308E-01
   356.5000       3.07692308E-01       3.07692308E-01       3.07692308E-01
   356.6000       3.07692308E-01       3.07692308E-01       3.07692308E-01
   356.7000       3.07692308E-01       3.07692308E-01       3.07692308E-01
   356.8000       3.07692308E-01       3.07692308E-01       3.07692308E-01
   356.9000       3.07692308E-01       3.07692308E-01       3.07692308E-01
   357.0000       3.07692308E-01       3.07692308E-01       3.07692308E-01
   357.1000       3.07692308E-01       3.07692308E-01       3.07692308E-01
   357.2000       3.07692308E-01       3.07692308E-01       3.07692308E-01
   357.3000       3.07692308E-01       3.07692308E-01       3.07692308E-01
   357.4000       3.07692308E-01       3.07692308E-01       3.07692308E-01
   357.5000       3.07692308E-01       3.07692308E-01       3.07692308E-01
   357.6000       3.07692308E-01       3.07692308E-01       3.07692308E-01
   357.7000       3.07692308E-01       3.07692308E-01       3.07692308E-01
   357.8000       3.07692308E-01       3.07692308E-01       3.07692308E-01
   357.9000       3.07692308E-01       3.07692308E-01       3.07692308E-01
   358.0000       3.07692308E-01       3.07692308E-01       3.07692308E-01
   358.1000       3.07692308E-01       3.07692308E-01       3.07692308E-01
   358.2000       3.07692308E-01       3.07692308E-01       3.07692308E-01
   358.3000       3.07692308E-01       3.07692308E-01       3.07692308E-01
   358.4000       3.07692308E-01       3.07692308E-01       3.07692308E-01
   358.5000       3.07692308E-01       3.07692308E-01       3.07692308E-01
   358.6000       3.07692308E-01       3.07692308E-01       3.07692308E-01
   358.7000       3.07692308E-01       3.07692308E-01       3.07692308E-01
   358.8000       3.07692308E-01       3.07692308E-01       3.07692308E-01
   358.9000       3.07692308E-01       3.07692308E-01       3.07692308E-01
   359.0000       3.07692308E-01       3.07692308E-01       3.07692308E-01
   359.1000       3.07692308E-01       3.07692308E-01       3.07692308E-01
   359.2000       3.07692308E-01       3.07692308E-01       3.07692308E-01
   359.3000       3.07692308E-01       3.07692308E-01       3.07692308E-01
   359.4000       3.07692308E-01       3.07692308E-01       3.07692308E-01
   359.5000       3.07692308E-01       3.07692308E-01       3.07692308E-01
   359.6000       3.07692308E-01       3.07692308E-01       3.07692308E-01
   359.7000       3.07692308E-01       3.07692308E-01       3.07692308E-01
   359.8000       3.07692308E-01       3.07692308E-01       3.07692308E-01
   359.9000       3.07692308E-01       3.07692308E-01       3.07692308E-01
   360.0000       3.07692308E-01       3.07692308E-01       3.07692308E-01
   360.1000       3.07692308E-01       3.07692308E-01       3.07692308E-01
   360.2000       3.07692308E-01       3.07692308E-01       3.07692308E-01
   360.3000       3.07692308E-01       3.07692308E-01       3.07692308E-01
   360.4000       3.07692308E-01       3.07692308E-01       3.07692308E-01
   360.5000       3.07692308E-01       3.07692308E-01       3.07692308E-01
   360.6000       3.07692308E-01       3.07692308E-01       3.07692308E-01
   360.7000       3.07692308E-01       3.07692308E-01       3.07692308E-01
   360.8000       3.07692308E-01       3.07692308E-01       3.07692308E-01
   360.9000       3.07692308E-01       3.07692308E-01       3.07692308E-01
   361.0000       3.07692308E-01       3.07692308E-01       3.07692308E-01
   361.1000       3.07692308E-01       3.07692308E-01       3.07692308E-01
   361.2000       3.07692308E-01       3.07692308E-01       3.07692308E-01
   361.3000       3.07692308E-01       3.07692308E-01       3.07692308E-01
   361.4000       3.07692308E-01       3.07692308E-01       3.07692308E-01
   361.5000       3.07692308E-01       3.07692308E-01       3.07692308E-01
   361.6000       3.07692308E-01       3.07692308E-01       3.07692308E-01
   361.7000       3.07692308E-01       3.07692308E-01       3.07692308E-01
   361.8000       3.07692308E-01       3.07692308E-01       3.07692308E-01
   361.9000       3.07692308E-01       3.07692308E-01       3.07692308E-01
   362.0000       3.07692308E-01       3.07692308E-01       3.07692308E-01
   362.1000       3.07692308E-01       3.07692308E-01       3.07692308E-01
   362.2000       3.07692308E-01       3.07692308E-01       3.07692308E-01
   362.3000       3.07692308E-01       3.07692308E-01       3.07692308E-01
   362.4000       3.07692308E-01       3.07692308E-01       3.07692308E-01
   362.5000       3.07692308E-01       3.07692308E-01       3.07692308E-01
   362.6000       3.07692308E-01       3.07692308E-01       3.07692308E-01
   362.7000       3.07692308E-01       3.07692308E-01       3.07692308E-01
   362.8000       3.07692308E-01       3.07692308E-01       3.07692308E-01
   362.9000       3.07692308E-01       3.07692308E-01       3.07692308E-01
   363.0000       3.07692308E-01       3.07692308E-01       3.07692308E-01
   363.1000       3.07692308E-01       3.07692308E-01       3.07692308E-01
   363.2000       3.07692308E-01       3.07692308E-01       3.07692308E-01
   363.3000       3.07692308E-01       3.07692308E-01       3.07692308E-01
   363.4000       3.07692308E-01       3.07692308E-01       3.07692308E-01
   363.5000       3.07692308E-01       3.07692308E-01       3.07692308E-01
   363.6000       3.07692308E-01       3.07692308E-01       3.07692308E-01
   363.7000       3.07692308E-01       3.07692308E-01       3.07692308E-01
   363.8000       3.07692308E-01       3.07692308E-01       3.07692308E-01
   363.9000       3.07692308E-01       3.07692308E-01       3.07692308E-01
   364.0000       3.07692308E-01       3.07692308E-01       3.07692308E-01
   364.1000       3.07692308E-01       3.07692308E-01       3.07692308E-01
   364.2000       3.07692308E-01       3.07692308E-01       3.07692308E-01
   364.3000       3.07692308E-01       3.07692308E-01       3.07692308E-01
   364.4000       3.07692308E-01       3.07692308E-01       3.07692308E-01
   364.5000       3.07692308E-01       3.07692308E-01       3.07692308E-01
   364.6000       3.07692308E-01       3.07692308E-01       3.07692308E-01
   364.7000       3.07692308E-01       3.07692308E-01       3.07692308E-01
   364.8000       3.07692308E-01       3.07692308E-01       3.07692308E-01
   364.9000       3.07692308E-01       3.07692308E-01       3.07692308E-01
   365.0000       3.07692308E-01       3.07692308E-01       3.07692308E-01
   365.1000       3.07692308E-01       3.07692308E-01       3.07692308E-01
   365.2000       3.07692308E-01       3.07692308E-01       3.07692308E-01
   365.3000       3.07692308E-01       3.07692308E-01       3.07692308E-01
   365.4000       3.07692308E-01       3.07692308E-01       3.07692308E-01
   365.5000       3.07692308E-01       3.07692308E-01       3.07692308E-01
   365.6000       3.07692308E-01       3.07692308E-01       3.07692308E-01
   365.7000       3.07692308E-01       3.07692308E-01       3.07692308E-01
   365.8000       3.07692308E-01       3.07692308E-01       3.07692308E-01
   365.9000       3.07692308E-01       3.07692308E-01       3.07692308E-01
   366.0000       3.07692308E-01       3.07692308E-01       3.07692308E-01
   366.1000       3.07692308E-01       3.07692308E-01       3.07692308E-01
   366.2000       3.07692308E-01       3.07692308E-01       3.07692308E-01
   366.3000       3.07692308E-01       3.07692308E-01       3.07692308E-01
   366.4000       3.07692308E-01       3.07692308E-01       3.07692308E-01
   366.5000       3.07692308E-01       3.07692308E-01       3.07692308E-01
   366.6000       3.07692308E-01       3.07692308E-01       3.07692308E-01
   366.7000       3.07692308E-01       3.07692308E-01       3.07692308E-01
   366.8000       3.07692308E-01       3.07692308E-01       3.07692308E-01
   366.9000       3.07692308E-01       3.07692308E-01       3.07692308E-01
   367.0000       3.07692308E-01       3.07692308E-01       3.07692308E-01
   367.1000       3.07692308E-01       3.07692308E-01       3.07692308E-01
   367.2000       3.07692308E-01       3.07692308E-01       3.07692308E-01
   367.3000       3.07692308E-01       3.07692308E-01       3.07692308E-01
   367.4000       3.07692308E-01       3.07692308E-01       3.07692308E-01
   367.5000       3.07692308E-01       3.07692308E-01       3.07692308E-01
   367.6000       3.07692308E-01       3.07692308E-01       3.07692308E-01
   367.7000       3.07692308E-01       3.07692308E-01       3.07692308E-01
   367.8000       3.07692308E-01       3.07692308E-01       3.07692308E-01
   367.9000       3.07692308E-01       3.07692308E-01       3.07692308E-01
   368.0000       3.07692308E-01       3.07692308E-01       3.07692308E-01
   368.1000       3.07692308E-01       3.07692308E-01       3.07692308E-01
   368.2000       3.07692308E-01       3.07692308E-01       3.07692308E-01
   368.3000       3.07692308E-01       3.07692308E-01       3.07692308E-01
   368.4000       3.07692308E-01       3.07692308E-01       3.07692308E-01
   368.5000       3.07692308E-01       3.07692308E-01       3.07692308E-01
   368.6000       3.07692308E-01       3.07692308E-01       3.07692308E-01
   368.7000       3.07692308E-01       3.07692308E-01       3.07692308E-01
   368.8000       3.07692308E-01       3.07692308E-01       3.07692308E-01
   368.9000       3.07692308E-01       3.07692308E-01       3.07692308E-01
   369.0000       3.07692308E-01       3.07692308E-01       3.07692308E-01
   369.1000       3.07692308E-01       3.07692308E-01       3.07692308E-01
   369.2000       3.07692308E-01       3.07692308E-01       3.07692308E-01
   369.3000       3.07692308E-01       3.07692308E-01       3.07692308E-01
   369.4000       3.07692308E-01       3.07692308E-01       3.07692308E-01
   369.5000       3.07692308E-01       3.07692308E-01       3.07692308E-01
   369.6000       3.07692308E-01       3.07692308E-01       3.07692308E-01
   369.7000       3.07692308E-01       3.07692308E-01       3.07692308E-01
   369.8000       3.07692308E-01       3.07692308E-01       3.07692308E-01
   369.9000       3.07692308E-01       3.07692308E-01       3.07692308E-01
   370.0000       3.07692308E-01       3.07692308E-01       3.07692308E-01
   370.1000       3.07692308E-01       3.07692308E-01       3.07692308E-01
   370.2000       3.07692308E-01       3.07692308E-01       3.07692308E-01
   370.3000       3.07692308E-01       3.07692308E-01       3.07692308E-01
   370.4000       3.07692308E-01       3.07692308E-01       3.07692308E-01
   370.5000       3.07692308E-01       3.07692308E-01       3.07692308E-01
   370.6000       3.07692308E-01       3.07692308E-01       3.07692308E-01
   370.7000       3.07692308E-01       3.07692308E-01       3.07692308E-01
   370.8000       3.07692308E-01       3.07692308E-01       3.07692308E-01
   370.9000       3.07692308E-01       3.07692308E-01       3.07692308E-01
   371.0000       3.07692308E-01       3.07692308E-01       3.07692308E-01
   371.1000       3.07692308E-01       3.07692308E-01       3.07692308E-01
   371.2000       3.07692308E-01       3.07692308E-01       3.07692308E-01
   371.3000       3.07692308E-01       3.07692308E-01       3.07692308E-01
   371.4000       3.07692308E-01       3.07692308E-01       3.07692308E-01
   371.5000       3.07692308E-01       3.07692308E-01       3.07692308E-01
   371.6000       3.07692308E-01       3.07692308E-01       3.07692308E-01
   371.7000       3.07692308E-01       3.07692308E-01       3.07692308E-01
   371.8000       3.07692308E-01       3.07692308E-01       3.07692308E-01
   371.9000       3.07692308E-01       3.07692308E-01       3.07692308E-01
   372.0000       3.07692308E-01       3.07692308E-01       3.07692308E-01
   372.1000       3.07692308E-01       3.07692308E-01       3.07692308E-01
   372.2000       3.07692308E-01       3.07692308E-01       3.07692308E-01
   372.3000       3.07692308E-01       3.07692308E-01       3.07692308E-01
   372.4000       3.07692308E-01       3.07692308E-01       3.07692308E-01
   372.5000       3.07692308E-01       3.07692308E-01       3.07692308E-01
   372.6000       3.07692308E-01       3.07692308E-01       3.07692308E-01
   372.7000       3.07692308E-01       3.07692308E-01       3.07692308E-01
   372.8000       3.07692308E-01       3.07692308E-01       3.07692308E-01
   372.9000       3.07692308E-01       3.07692308E-01       3.07692308E-01
   373.0000       3.07692308E-01       3.07692308E-01       3.07692308E-01
   373.1000       3.07692308E-01       3.07692308E-01       3.07692308E-01
   373.2000       3.07692308E-01       3.07692308E-01       3.07692308E-01
   373.3000       3.07692308E-01       3.07692308E-01       3.07692308E-01
   373.4000       3.07692308E-01       3.07692308E-01       3.07692308E-01
   373.5000       3.07692308E-01       3.07692308E-01       3.07692308E-01
   373.6000       3.07692308E-01       3.07692308E-01       3.07692308E-01
   373.7000       3.07692308E-01       3.07692308E-01       3.07692308E-01
   373.8000       3.07692308E-01       3.07692308E-01       3.07692308E-01
   373.9000       3.07692308E-01       3.07692308E-01       3.07692308E-01
   374.0000       3.07692308E-01       3.07692308E-01       3.07692308E-01
   374.1000       3.07692308E-01       3.07692308E-01       3.07692308E-01
   374.2000       3.07692308E-01       3.07692308E-01       3.07692308E-01
   374.3000       3.07692308E-01       3.07692308E-01       3.07692308E-01
   374.4000       3.07692308E-01       3.07692308E-01       3.07692308E-01
   374.5000       3.07692308E-01       3.07692308E-01       3.07692308E-01
   374.6000       3.07692308E-01       3.07692308E-01       3.07692308E-01
   374.7000       3.07692308E-01       3.07692308E-01       3.07692308E-01
   374.8000       3.07692308E-01       3.07692308E-01       3.07692308E-01
   374.9000       3.07692308E-01       3.07692308E-01       3.07692308E-01
   375.0000       3.07692308E-01       3.07692308E-01       3.07692308E-01
   375.1000       3.07692308E-01       3.07692308E-01       3.07692308E-01
   375.2000       3.07692308E-01       3.07692308E-01       3.07692308E-01
   375.3000       3.07692308E-01       3.07692308E-01       3.07692308E-01
   375.4000       3.07692308E-01       3.07692308E-01       3.07692308E-01
   375.5000       3.07692308E-01       3.07692308E-01       3.07692308E-01
   375.6000       3.07692308E-01       3.07692308E-01       3.07692308E-01
   375.7000       3.07692308E-01       3.07692308E-01       3.07692308E-01
   375.8000       3.07692308E-01       3.07692308E-01       3.07692308E-01
   375.9000       3.07692308E-01       3.07692308E-01       3.07692308E-01
   376.0000       3.07692308E-01       3.07692308E-01       3.07692308E-01
   376.1000       3.07692308E-01       3.07692308E-01       4.00000000E+00
   376.2000       3.07692308E-01       3.07692308E-01       4.00000000E+00
   376.3000       3.07692308E-01       3.07692308E-01       4.00000000E+00
   376.4000       3.07692308E-01       3.07692308E-01       4.00000000E+00
   376.5000       3.07692308E-01       3.07692308E-01       4.00000000E+00
   376.6000       3.07692308E-01       3.07692308E-01       4.00000000E+00
   376.7000       3.07692308E-01       3.07692308E-01       4.00000000E+00
   376.8000       3.07692308E-01       3.07692308E-01       4.00000000E+00
   376.9000       3.07692308E-01       3.07692308E-01       4.00000000E+00
   377.0000       3.07692308E-01       3.07692308E-01       4.00000000E+00
   377.1000       3.07692308E-01       3.07692308E-01       4.00000000E+00
   377.2000       3.07692308E-01       3.07692308E-01       4.00000000E+00
   377.3000       3.07692308E-01       3.07692308E-01       4.00000000E+00
   377.4000       3.07692308E-01       3.07692308E-01       4.00000000E+00
   377.5000       3.07692308E-01       3.07692308E-01       4.00000000E+00
   377.6000       3.07692308E-01       3.07692308E-01       4.00000000E+00
   377.7000       3.07692308E-01       3.07692308E-01       4.00000000E+00
   377.8000       3.07692308E-01       3.07692308E-01       4.00000000E+00
   377.9000       3.07692308E-01       3.07692308E-01       4.00000000E+00
   378.0000       3.07692308E-01       3.07692308E-01       4.00000000E+00
   378.1000       3.07692308E-01       3.07692308E-01       4.00000000E+00
   378.2000       3.07692308E-01       3.07692308E-01       4.00000000E+00
   378.3000       3.07692308E-01       3.07692308E-01       4.00000000E+00
   378.4000       3.07692308E-01       3.07692308E-01       4.00000000E+00
   378.5000       3.07692308E-01       3.07692308E-01       4.00000000E+00
   378.6000       3.07692308E-01       3.07692308E-01       4.00000000E+00
   378.7000       3.07692308E-01       3.07692308E-01       4.00000000E+00
   378.8000       3.07692308E-01       3.07692308E-01       4.00000000E+00
   378.9000       3.07692308E-01       3.07692308E-01       4.00000000E+00
   379.0000       3.07692308E-01       3.07692308E-01       4.00000000E+00
   379.1000       3.07692308E-01       3.07692308E-01       4.00000000E+00
   379.2000       3.07692308E-01       3.07692308E-01       4.00000000E+00
   379.3000       3.07692308E-01       3.07692308E-01       4.00000000E+00
   379.4000       3.07692308E-01       3.07692308E-01       4.00000000E+00
   379.5000       3.07692308E-01       3.07692308E-01       4.00000000E+00
   379.6000       3.07692308E-01       3.07692308E-01       4.00000000E+00
   379.7000       3.07692308E-01       3.07692308E-01       4.00000000E+00
   379.8000       3.07692308E-01       3.07692308E-01       4.00000000E+00
   379.9000       3.07692308E-01       3.07692308E-01       4.00000000E+00
   380.0000       3.07692308E-01       3.07692308E-01       4.00000000E+00
   380.1000       3.07692308E-01       3.07692308E-01       4.00000000E+00
   380.2000       3.07692308E-01       3.07692308E-01       4.00000000E+00
   380.3000       3.07692308E-01       3.07692308E-01       4.00000000E+00
   380.4000       3.07692308E-01       3.07692308E-01       4.00000000E+00
   380.5000       3.07692308E-01       3.07692308E-01       4.00000000E+00
   380.6000       3.07692308E-01       3.07692308E-01       4.00000000E+00
   380.7000       3.07692308E-01       3.07692308E-01       4.00000000E+00
   380.8000       3.07692308E-01       3.07692308E-01       4.00000000E+00
   380.9000       3.07692308E-01       3.07692308E-01       4.00000000E+00
   381.0000       3.07692308E-01       3.07692308E-01       4.00000000E+00
   381.1000       3.07692308E-01       3.07692308E-01       4.00000000E+00
   381.2000       3.07692308E-01       3.07692308E-01       4.00000000E+00
   381.3000       3.07692308E-01       3.07692308E-01       4.00000000E+00
   381.4000       3.07692308E-01       3.07692308E-01       4.00000000E+00
   381.5000       3.07692308E-01       3.07692308E-01       4.00000000E+00
   381.6000       3.07692308E-01       3.07692308E-01       4.00000000E+00
   381.7000       3.07692308E-01       3.07692308E-01       4.00000000E+00
   381.8000       3.07692308E-01       3.07692308E-01       4.00000000E+00
   381.9000       3.07692308E-01       3.07692308E-01       4.00000000E+00
   382.0000       3.07692308E-01       3.07692308E-01       4.00000000E+00
   382.1000       3.07692308E-01       3.07692308E-01       4.00000000E+00
   382.2000       3.07692308E-01       3.07692308E-01       4.00000000E+00
   382.3000       3.07692308E-01       3.07692308E-01       4.00000000E+00
   382.4000       3.07692308E-01       3.07692308E-01       4.00000000E+00
   382.5000       3.07692308E-01       3.07692308E-01       4.00000000E+00
   382.6000       3.07692308E-01       3.07692308E-01       4.00000000E+00
   382.7000       3.07692308E-01       3.07692308E-01       4.00000000E+00
   382.8000       3.07692308E-01       3.07692308E-01       4.00000000E+00
   382.9000       3.07692308E-01       3.07692308E-01       4.00000000E+00
   383.0000       3.07692308E-01       3.07692308E-01       4.00000000E+00
   383.1000       3.07692308E-01       3.07692308E-01       4.00000000E+00
   383.2000       3.07692308E-01       3.07692308E-01       4.00000000E+00
   383.3000       3.07692308E-01       3.07692308E-01       4.00000000E+00
   383.4000       3.07692308E-01       3.07692308E-01       4.00000000E+00
   383.5000       3.07692308E-01       3.07692308E-01       4.00000000E+00
   383.6000       3.07692308E-01       3.07692308E-01       4.00000000E+00
   383.7000       3.07692308E-01       3.07692308E-01       4.00000000E+00
   383.8000       3.07692308E-01       3.07692308E-01       4.00000000E+00
   383.9000       3.07692308E-01       3.07692308E-01       4.00000000E+00
   384.0000       3.07692308E-01       3.07692308E-01       4.00000000E+00
   384.1000       3.07692308E-01       3.07692308E-01       4.00000000E+00
   384.2000       3.07692308E-01       3.07692308E-01       4.00000000E+00
   384.3000       3.07692308E-01       3.07692308E-01       4.00000000E+00
   384.4000       3.07692308E-01       3.07692308E-01       4.00000000E+00
   384.5000       3.07692308E-01       3.07692308E-01       4.00000000E+00
   384.6000       3.07692308E-01       3.07692308E-01       4.00000000E+00
   384.7000       3.07692308E-01       3.07692308E-01       4.00000000E+00
   384.8000       3.07692308E-01       3.07692308E-01       4.00000000E+00
   384.9000       3.07692308E-01       3.07692308E-01       4.00000000E+00
   385.0000       3.07692308E-01       3.07692308E-01       4.00000000E+00
   385.1000       3.07692308E-01       3.07692308E-01       4.00000000E+00
   385.2000       3.07692308E-01       3.07692308E-01       4.00000000E+00
   385.3000       3.07692308E-01       3.07692308E-01       4.00000000E+00
   385.4000       3.07692308E-01       3.07692308E-01       4.00000000E+00
   385.5000       3.07692308E-01       3.07692308E-01       4.00000000E+00
   385.6000       3.07692308E-01       3.07692308E-01       4.00000000E+00
   385.7000       3.07692308E-01       3.07692308E-01       4.00000000E+00
   385.8000       3.07692308E-01       3.07692308E-01       4.00000000E+00
   385.9000       3.07692308E-01       3.07692308E-01       4.00000000E+00
   386.0000       3.07692308E-01       3.07692308E-01       4.00000000E+00
   386.1000       3.07692308E-01       3.07692308E-01       4.00000000E+00
   386.2000       3.07692308E-01       3.07692308E-01       4.00000000E+00
   386.3000       3.07692308E-01       3.07692308E-01       4.00000000E+00
   386.4000       3.07692308E-01       3.07692308E-01       4.00000000E+00
   386.5000       3.07692308E-01       3.07692308E-01       4.00000000E+00
   386.6000       3.07692308E-01       3.07692308E-01       4.00000000E+00
   386.7000       3.07692308E-01       3.07692308E-01       4.00000000E+00
   386.8000       3.07692308E-01       3.07692308E-01       4.00000000E+00
   386.9000       3.07692308E-01       3.07692308E-01       4.00000000E+00
   387.0000       3.07692308E-01       3.07692308E-01       4.00000000E+00
   387.1000       3.07692308E-01       3.07692308E-01       4.00000000E+00
   387.2000       3.07692308E-01       3.07692308E-01       4.00000000E+00
   387.3000       3.07692308E-01       3.07692308E-01       4.00000000E+00
   387.4000       3.07692308E-01       3.07692308E-01       4.00000000E+00
   387.5000       3.07692308E-01       3.07692308E-01       4.00000000E+00
   387.6000       3.07692308E-01       3.07692308E-01       4.00000000E+00
   387.7000       3.07692308E-01       3.07692308E-01       4.00000000E+00
   387.8000       3.07692308E-01       3.07692308E-01       4.00000000E+00
   387.9000       3.07692308E-01       3.07692308E-01       4.00000000E+00
   388.0000       3.07692308E-01       3.07692308E-01       4.00000000E+00
   388.1000       3.07692308E-01       3.07692308E-01       4.00000000E+00
   388.2000       3.07692308E-01       3.07692308E-01       4.00000000E+00
   388.3000       3.07692308E-01       3.07692308E-01       4.00000000E+00
   388.4000       3.07692308E-01       3.07692308E-01       4.00000000E+00
   388.5000       3.07692308E-01       3.07692308E-01       4.00000000E+00
   388.6000       3.07692308E-01       3.07692308E-01       4.00000000E+00
   388.7000       3.07692308E-01       3.07692308E-01       4.00000000E+00
   388.8000       3.07692308E-01       3.07692308E-01       4.00000000E+00
   388.9000       3.07692308E-01       3.07692308E-01       4.00000000E+00
   389.0000       3.07692308E-01       3.07692308E-01       4.00000000E+00
   389.1000       3.07692308E-01       3.07692308E-01       4.00000000E+00
   389.2000       3.07692308E-01       3.07692308E-01       4.00000000E+00
   389.3000       3.07692308E-01       3.07692308E-01       4.00000000E+00
   389.4000       3.07692308E-01       3.07692308E-01       4.00000000E+00
   389.5000       3.07692308E-01       3.07692308E-01       4.00000000E+00
   389.6000       3.07692308E-01       3.07692308E-01       4.00000000E+00
   389.7000       3.07692308E-01       3.07692308E-01       4.00000000E+00
   389.8000       3.07692308E-01       3.07692308E-01       4.00000000E+00
   389.9000       3.07692308E-01       3.07692308E-01       4.00000000E+00
   390.0000       3.07692308E-01       3.07692308E-01       4.00000000E+00
   390.1000       3.07692308E-01       3.07692308E-01       4.00000000E+00
   390.2000       3.07692308E-01       3.07692308E-01       4.00000000E+00
   390.3000       3.07692308E-01       3.07692308E-01       4.00000000E+00
   390.4000       3.07692308E-01       3.07692308E-01       4.00000000E+00
   390.5000       3.07692308E-01       3.07692308E-01       4.00000000E+00
   390.6000       3.07692308E-01       3.07692308E-01       4.00000000E+00
   390.7000       3.07692308E-01       3.07692308E-01       4.00000000E+00
   390.8000       3.07692308E-01       3.07692308E-01       4.00000000E+00
   390.9000       3.07692308E-01       3.07692308E-01       4.00000000E+00
   391.0000       3.07692308E-01       3.07692308E-01       4.00000000E+00
   391.1000       3.07692308E-01       3.07692308E-01       4.00000000E+00
   391.2000       3.07692308E-01       3.07692308E-01       4.00000000E+00
   391.3000       3.07692308E-01       3.07692308E-01       4.00000000E+00
   391.4000       3.07692308E-01       3.07692308E-01       4.00000000E+00
   391.5000       3.07692308E-01       3.07692308E-01       4.00000000E+00
   391.6000       3.07692308E-01       3.07692308E-01       4.00000000E+00
   391.7000       3.07692308E-01       3.07692308E-01       4.00000000E+00
   391.8000       3.07692308E-01       3.07692308E-01       4.00000000E+00
   391.9000       3.07692308E-01       3.07692308E-01       4.00000000E+00
   392.0000       3.07692308E-01       3.07692308E-01       4.00000000E+00
   392.1000       3.07692308E-01       3.07692308E-01       4.00000000E+00
   392.2000       3.07692308E-01       3.07692308E-01       4.00000000E+00
   392.3000       3.07692308E-01       3.07692308E-01       4.00000000E+00
   392.4000       3.07692308E-01       3.07692308E-01       4.00000000E+00
   392.5000       3.07692308E-01       3.07692308E-01       4.00000000E+00
   392.6000       3.07692308E-01       3.07692308E-01       4.00000000E+00
   392.7000       3.07692308E-01       3.07692308E-01       4.00000000E+00
   392.8000       3.07692308E-01       3.07692308E-01       4.00000000E+00
   392.9000       3.07692308E-01       3.07692308E-01       4.00000000E+00
   393.0000       3.07692308E-01       3.07692308E-01       4.00000000E+00
   393.1000       3.07692308E-01       3.07692308E-01       4.00000000E+00
   393.2000       3.07692308E-01       3.07692308E-01       4.00000000E+00
   393.3000       3.07692308E-01       3.07692308E-01       4.00000000E+00
   393.4000       3.07692308E-01       3.07692308E-01       4.00000000E+00
   393.5000       3.07692308E-01       3.07692308E-01       4.00000000E+00
   393.6000       3.07692308E-01       3.07692308E-01       4.00000000E+00
   393.7000       3.07692308E-01       3.07692308E-01       4.00000000E+00
   393.8000       3.07692308E-01       3.07692308E-01       4.00000000E+00
   393.9000       3.07692308E-01       3.07692308E-01       4.00000000E+00
   394.0000       3.07692308E-01       3.07692308E-01       4.00000000E+00
   394.1000       3.07692308E-01       3.07692308E-01       4.00000000E+00
   394.2000       3.07692308E-01       3.07692308E-01       4.00000000E+00
   394.3000       3.07692308E-01       3.07692308E-01       4.00000000E+00
   394.4000       3.07692308E-01       3.07692308E-01       4.00000000E+00
   394.5000       3.07692308E-01       3.07692308E-01       4.00000000E+00
   394.6000       3.07692308E-01       3.07692308E-01       4.00000000E+00
   394.7000       3.07692308E-01       3.07692308E-01       4.00000000E+00
   394.8000       3.07692308E-01       3.07692308E-01       4.00000000E+00
   394.9000       3.07692308E-01       3.07692308E-01       4.00000000E+00
   395.0000       3.07692308E-01       3.07692308E-01       4.00000000E+00
   395.1000       3.07692308E-01       3.07692308E-01       4.00000000E+00
   395.2000       3.07692308E-01       3.07692308E-01       4.00000000E+00
   395.3000       3.07692308E-01       3.07692308E-01       4.00000000E+00
   395.4000       3.07692308E-01       3.07692308E-01       4.00000000E+00
   395.5000       3.07692308E-01       3.07692308E-01       4.00000000E+00
   395.6000       3.07692308E-01       3.07692308E-01       4.00000000E+00
   395.7000       3.07692308E-01       3.07692308E-01       4.00000000E+00
   395.8000       3.07692308E-01       3.07692308E-01       4.00000000E+00
   395.9000       3.07692308E-01       3.07692308E-01       4.00000000E+00
   396.0000       3.07692308E-01       3.07692308E-01       4.00000000E+00
   396.1000       3.07692308E-01       3.07692308E-01       4.00000000E+00
   396.2000       3.07692308E-01       3.07692308E-01       4.00000000E+00
   396.3000       3.07692308E-01       3.07692308E-01       4.00000000E+00
   396.4000       3.07692308E-01       3.07692308E-01       4.00000000E+00
   396.5000       3.07692308E-01       3.07692308E-01       4.00000000E+00
   396.6000       3.07692308E-01       3.07692308E-01       4.00000000E+00
   396.7000       3.07692308E-01       3.07692308E-01       4.00000000E+00
   396.8000       3.07692308E-01       3.07692308E-01       4.00000000E+00
   396.9000       3.07692308E-01       3.07692308E-01       4.00000000E+00
   397.0000       3.07692308E-01       3.07692308E-01       4.00000000E+00
   397.1000       3.07692308E-01       3.07692308E-01       4.00000000E+00
   397.2000       3.07692308E-01       3.07692308E-01       4.00000000E+00
   397.3000       3.07692308E-01       3.07692308E-01       4.00000000E+00
   397.4000       3.07692308E-01       3.07692308E-01       4.00000000E+00
   397.5000       3.07692308E-01       3.07692308E-01       4.00000000E+00
   397.6000       3.07692308E-01       3.07692308E-01       4.00000000E+00
   397.7000       3.07692308E-01       3.07692308E-01       4.00000000E+00
   397.8000       3.07692308E-01       3.07692308E-01       4.00000000E+00
   397.9000       3.07692308E-01       3.07692308E-01       4.00000000E+00
   398.0000       3.07692308E-01       3.07692308E-01       4.00000000E+00
   398.1000       3.07692308E-01       3.07692308E-01       4.00000000E+00
   398.2000       3.07692308E-01       3.07692308E-01       4.00000000E+00
   398.3000       3.07692308E-01       3.07692308E-01       4.00000000E+00
   398.4000       3.07692308E-01       3.07692308E-01       4.00000000E+00
   398.5000       3.07692308E-01       3.07692308E-01       4.00000000E+00
   398.6000       3.07692308E-01       3.07692308E-01       4.00000000E+00
   398.7000       3.07692308E-01       3.07692308E-01       4.00000000E+00
   398.8000       3.07692308E-01       3.07692308E-01       4.00000000E+00
   398.9000       3.07692308E-01       3.07692308E-01       4.00000000E+00
   399.0000       3.07692308E-01       3.07692308E-01       4.00000000E+00
   399.1000       3.07692308E-01       3.07692308E-01       4.00000000E+00
   399.2000       3.07692308E-01       3.07692308E-01       4.00000000E+00
   399.3000       3.07692308E-01       3.07692308E-01       4.00000000E+00
   399.4000       3.07692308E-01       3.07692308E-01       4.00000000E+00
   399.5000       3.07692308E-01       3.07692308E-01       4.00000000E+00
   399.6000       3.07692308E-01       3.07692308E-01       4.00000000E+00
   399.7000       3.07692308E-01       3.07692308E-01       4.00000000E+00
   399.8000       3.07692308E-01       3.07692308E-01       4.00000000E+00
   399.9000       3.07692308E-01       3.07692308E-01       4.00000000E+00
   400.0000       3.07692308E-01       3.07692308E-01       4.00000000E+00
   400.1000       3.07692308E-01       3.07692308E-01       4.00000000E+00
   400.2000       3.07692308E-01       3.07692308E-01       4.00000000E+00
   400.3000       3.07692308E-01       3.07692308E-01       4.00000000E+00
   400.4000       3.07692308E-01       3.07692308E-01       4.00000000E+00
   400.5000       3.07692308E-01       3.07692308E-01       4.00000000E+00
   400.6000       3.07692308E-01       3.07692308E-01       4.00000000E+00
   400.7000       3.07692308E-01       3.07692308E-01       4.00000000E+00
   400.8000       3.07692308E-01       3.07692308E-01       4.00000000E+00
   400.9000       3.07692308E-01       3.07692308E-01       4.00000000E+00
   401.0000       3.07692308E-01       3.07692308E-01       4.00000000E+00
   401.1000       3.07692308E-01       3.07692308E-01       4.00000000E+00
   401.2000       3.07692308E-01       3.07692308E-01       4.00000000E+00
   401.3000       3.07692308E-01       3.07692308E-01       4.00000000E+00
   401.4000       3.07692308E-01       3.07692308E-01       4.00000000E+00
   401.5000       3.07692308E-01       3.07692308E-01       4.00000000E+00
   401.6000       3.07692308E-01       3.07692308E-01       4.00000000E+00
   401.7000       3.07692308E-01       3.07692308E-01       4.00000000E+00
   401.8000       3.07692308E-01       3.07692308E-01       4.00000000E+00
   401.9000       3.07692308E-01       3.07692308E-01       4.00000000E+00
   402.0000       3.07692308E-01       3.07692308E-01       4.00000000E+00
   402.1000       3.07692308E-01       3.07692308E-01       4.00000000E+00
   402.2000       3.07692308E-01       3.07692308E-01       4.00000000E+00
   402.3000       3.07692308E-01       3.07692308E-01       4.00000000E+00
   402.4000       3.07692308E-01       3.07692308E-01       4.00000000E+00
   402.5000       3.07692308E-01       3.07692308E-01       4.00000000E+00
   402.6000       3.07692308E-01       3.07692308E-01       4.00000000E+00
   402.7000       3.07692308E-01       3.07692308E-01       4.00000000E+00
   402.8000       3.07692308E-01       3.07692308E-01       4.00000000E+00
   402.9000       3.07692308E-01       3.07692308E-01       4.00000000E+00
   403.0000       3.07692308E-01       3.07692308E-01       4.00000000E+00
   403.1000       3.07692308E-01       3.07692308E-01       4.00000000E+00
   403.2000       3.07692308E-01       3.07692308E-01       4.00000000E+00
   403.3000       3.07692308E-01       3.07692308E-01       4.00000000E+00
   403.4000       3.07692308E-01       3.07692308E-01       4.00000000E+00
   403.5000       3.07692308E-01       3.07692308E-01       4.00000000E+00
   403.6000       3.07692308E-01       3.07692308E-01       4.00000000E+00
   403.7000       3.07692308E-01       3.07692308E-01       4.00000000E+00
   403.8000       3.07692308E-01       3.07692308E-01       4.00000000E+00
   403.9000       3.07692308E-01       3.07692308E-01       4.00000000E+00
   404.0000       3.07692308E-01       3.07692308E-01       4.00000000E+00
   404.1000       3.07692308E-01       3.07692308E-01       4.00000000E+00
   404.2000       3.07692308E-01       3.07692308E-01       4.00000000E+00
   404.3000       3.07692308E-01       3.07692308E-01       4.00000000E+00
   404.4000       3.07692308E-01       3.07692308E-01       4.00000000E+00
   404.5000       3.07692308E-01       3.07692308E-01       4.00000000E+00
   404.6000       3.07692308E-01       3.07692308E-01       4.00000000E+00
   404.7000       3.07692308E-01       3.07692308E-01       4.00000000E+00
   404.8000       3.07692308E-01       3.07692308E-01       4.00000000E+00
   404.9000       3.07692308E-01       3.07692308E-01       4.00000000E+00
   405.0000       3.07692308E-01       3.07692308E-01       4.00000000E+00
   405.1000       3.07692308E-01       3.07692308E-01       4.00000000E+00
   405.2000       3.07692308E-01       3.07692308E-01       4.00000000E+00
   405.3000       3.07692308E-01       3.07692308E-01       4.00000000E+00
   405.4000       3.07692308E-01       3.07692308E-01       4.00000000E+00
   405.5000       3.07692308E-01       3.07692308E-01       4.00000000E+00
   405.6000       3.07692308E-01       3.07692308E-01       4.00000000E+00
   405.7000       3.07692308E-01       3.07692308E-01       4.00000000E+00
   405.8000       3.07692308E-01       3.07692308E-01       4.00000000E+00
   405.9000       3.07692308E-01       3.07692308E-01       4.00000000E+00
   406.0000       3.07692308E-01       3.07692308E-01       4.00000000E+00
   406.1000       3.07692308E-01       3.07692308E-01       4.00000000E+00
   406.2000       3.07692308E-01       3.07692308E-01       4.00000000E+00
   406.3000       3.07692308E-01       3.07692308E-01       4.00000000E+00
   406.4000       3.07692308E-01       3.07692308E-01       4.00000000E+00
   406.5000       3.07692308E-01       3.07692308E-01       4.00000000E+00
   406.6000       3.07692308E-01       3.07692308E-01       4.00000000E+00
   406.7000       3.07692308E-01       3.07692308E-01       4.00000000E+00
   406.8000       3.07692308E-01       3.07692308E-01       4.00000000E+00
   406.9000       3.07692308E-01       3.07692308E-01       4.00000000E+00
   407.0000       3.07692308E-01       3.07692308E-01       4.00000000E+00
   407.1000       3.07692308E-01       3.07692308E-01       4.00000000E+00
   407.2000       3.07692308E-01       3.07692308E-01       4.00000000E+00
   407.3000       3.07692308E-01       3.07692308E-01       3.07692308E-01
   407.4000       3.07692308E-01       3.07692308E-01       3.07692308E-01
   407.5000       3.07692308E-01       3.07692308E-01       3.07692308E-01
   407.6000       3.07692308E-01       3.07692308E-01       3.07692308E-01
   407.7000       3.07692308E-01       3.07692308E-01       3.07692308E-01
   407.8000       3.07692308E-01       3.07692308E-01       3.07692308E-01
   407.9000       3.07692308E-01       3.07692308E-01       3.07692308E-01
   408.0000       3.07692308E-01       3.07692308E-01       3.07692308E-01
   408.1000       3.07692308E-01       3.07692308E-01       3.07692308E-01
   408.2000       3.07692308E-01       3.07692308E-01       3.07692308E-01
   408.3000       3.07692308E-01       3.07692308E-01       3.07692308E-01
   408.4000       3.07692308E-01       3.07692308E-01       3.07692308E-01
   408.5000       3.07692308E-01       3.07692308E-01       3.07692308E-01
   408.6000       3.07692308E-01       3.07692308E-01       3.07692308E-01
   408.7000       3.07692308E-01       3.07692308E-01       3.07692308E-01
   408.8000       3.07692308E-01       3.07692308E-01       3.07692308E-01
   408.9000       3.07692308E-01       3.07692308E-01       3.07692308E-01
   409.0000       3.07692308E-01       3.07692308E-01       3.07692308E-01
   409.1000       3.07692308E-01       3.07692308E-01       3.07692308E-01
   409.2000       3.07692308E-01       3.07692308E-01       3.07692308E-01
   409.3000       3.07692308E-01       3.07692308E-01       3.07692308E-01
   409.4000       3.07692308E-01       3.07692308E-01       3.07692308E-01
   409.5000       3.07692308E-01       3.07692308E-01       3.07692308E-01
   409.6000       3.07692308E-01       3.07692308E-01       3.07692308E-01
   409.7000       3.07692308E-01       3.07692308E-01       3.07692308E-01
   409.8000       3.07692308E-01       3.07692308E-01       3.07692308E-01
   409.9000       3.07692308E-01       3.07692308E-01       3.07692308E-01
   410.0000       3.07692308E-01       3.07692308E-01       3.07692308E-01
   410.1000       3.07692308E-01       3.07692308E-01       3.07692308E-01
   410.2000       3.07692308E-01       3.07692308E-01       3.07692308E-01
   410.3000       3.07692308E-01       3.07692308E-01       3.07692308E-01
   410.4000       3.07692308E-01       3.07692308E-01       3.07692308E-01
   410.5000       3.07692308E-01       3.07692308E-01       3.07692308E-01
   410.6000       3.07692308E-01       3.07692308E-01       3.07692308E-01
   410.7000       3.07692308E-01       3.07692308E-01       3.07692308E-01
   410.8000       3.07692308E-01       3.07692308E-01       3.07692308E-01
   410.9000       3.07692308E-01       3.07692308E-01       3.07692308E-01
   411.0000       3.07692308E-01       3.07692308E-01       3.07692308E-01
   411.1000       3.07692308E-01       3.07692308E-01       3.07692308E-01
   411.2000       3.07692308E-01       3.07692308E-01       3.07692308E-01
   411.3000       3.07692308E-01       3.07692308E-01       3.07692308E-01
   411.4000       3.07692308E-01       3.07692308E-01       3.07692308E-01
   411.5000       3.07692308E-01       3.07692308E-01       3.07692308E-01
   411.6000       3.07692308E-01       3.07692308E-01       3.07692308E-01
   411.7000       3.07692308E-01       3.07692308E-01       3.07692308E-01
   411.8000       3.07692308E-01       3.07692308E-01       3.07692308E-01
   411.9000       3.07692308E-01       3.07692308E-01       3.07692308E-01
   412.0000       3.07692308E-01       3.07692308E-01       3.07692308E-01
   412.1000       3.07692308E-01       3.07692308E-01       3.07692308E-01
   412.2000       3.07692308E-01       3.07692308E-01       3.07692308E-01
   412.3000       3.07692308E-01       3.07692308E-01       3.07692308E-01
   412.4000       3.07692308E-01       3.07692308E-01       3.07692308E-01
   412.5000       3.07692308E-01       3.07692308E-01       3.07692308E-01
   412.6000       3.07692308E-01       3.07692308E-01       3.07692308E-01
   412.7000       3.07692308E-01       3.07692308E-01       3.07692308E-01
   412.8000       3.07692308E-01       3.07692308E-01       3.07692308E-01
   412.9000       3.07692308E-01       3.07692308E-01       3.07692308E-01
   413.0000       3.07692308E-01       3.07692308E-01       3.07692308E-01
   413.1000       3.07692308E-01       3.07692308E-01       3.07692308E-01
   413.2000       3.07692308E-01       3.07692308E-01       3.07692308E-01
   413.3000       3.07692308E-01       3.07692308E-01       3.07692308E-01
   413.4000       3.07692308E-01       3.07692308E-01       3.07692308E-01
   413.5000       3.07692308E-01       3.07692308E-01       3.07692308E-01
   413.6000       3.07692308E-01       3.07692308E-01       3.07692308E-01
   413.7000       3.07692308E-01       3.07692308E-01       3.07692308E-01
   413.8000       3.07692308E-01       3.07692308E-01       3.07692308E-01
   413.9000       3.07692308E-01       3.07692308E-01       3.07692308E-01
   414.0000       3.07692308E-01       3.07692308E-01       3.07692308E-01
   414.1000       3.07692308E-01       3.07692308E-01       3.07692308E-01
   414.2000       3.07692308E-01       3.07692308E-01       3.07692308E-01
   414.3000       3.07692308E-01       3.07692308E-01       3.07692308E-01
   414.4000       3.07692308E-01       3.07692308E-01       3.07692308E-01
   414.5000       3.07692308E-01       3.07692308E-01       3.07692308E-01
   414.6000       3.07692308E-01       3.07692308E-01       3.07692308E-01
   414.7000       3.07692308E-01       3.07692308E-01       3.07692308E-01
   414.8000       3.07692308E-01       3.07692308E-01       3.07692308E-01
   414.9000       3.07692308E-01       3.07692308E-01       3.07692308E-01
   415.0000       3.07692308E-01       3.07692308E-01       3.07692308E-01
   415.1000       3.07692308E-01       3.07692308E-01       3.07692308E-01
   415.2000       3.07692308E-01       3.07692308E-01       3.07692308E-01
   415.3000       3.07692308E-01       3.07692308E-01       3.07692308E-01
   415.4000       3.07692308E-01       3.07692308E-01       3.07692308E-01
   415.5000       3.07692308E-01       3.07692308E-01       3.07692308E-01
   415.6000       3.07692308E-01       3.07692308E-01       3.07692308E-01
   415.7000       3.07692308E-01       3.07692308E-01       3.07692308E-01
   415.8000       3.07692308E-01       3.07692308E-01       3.07692308E-01
   415.9000       3.07692308E-01       3.07692308E-01       3.07692308E-01
   416.0000       3.07692308E-01       3.07692308E-01       3.07692308E-01
   416.1000       3.07692308E-01       3.07692308E-01       3.07692308E-01
   416.2000       3.07692308E-01       3.07692308E-01       3.07692308E-01
   416.3000       3.07692308E-01       3.07692308E-01       3.07692308E-01
   416.4000       3.07692308E-01       3.07692308E-01       3.07692308E-01
   416.5000       3.07692308E-01       3.07692308E-01       3.07692308E-01
   416.6000       3.07692308E-01       3.07692308E-01       3.07692308E-01
   416.7000       3.07692308E-01       3.07692308E-01       3.07692308E-01
   416.8000       3.07692308E-01       3.07692308E-01       3.07692308E-01
   416.9000       3.07692308E-01       3.07692308E-01       3.07692308E-01
   417.0000       3.07692308E-01       3.07692308E-01       3.07692308E-01
   417.1000       3.07692308E-01       3.07692308E-01       3.07692308E-01
   417.2000       3.07692308E-01       3.07692308E-01       3.07692308E-01
   417.3000       3.07692308E-01       3.07692308E-01       3.07692308E-01
   417.4000       3.07692308E-01       3.07692308E-01       3.07692308E-01
   417.5000       3.07692308E-01       3.07692308E-01       3.07692308E-01
   417.6000       3.07692308E-01       3.07692308E-01       3.07692308E-01
   417.7000       3.07692308E-01       3.07692308E-01       3.07692308E-01
   417.8000       3.07692308E-01       3.07692308E-01       3.07692308E-01
   417.9000       3.07692308E-01       3.07692308E-01       3.07692308E-01
   418.0000       3.07692308E-01       3.07692308E-01       3.07692308E-01
   418.1000       3.07692308E-01       3.07692308E-01       3.07692308E-01
   418.2000       3.07692308E-01       3.07692308E-01       3.07692308E-01
   418.3000       3.07692308E-01       3.07692308E-01       3.07692308E-01
   418.4000       3.07692308E-01       3.07692308E-01       3.07692308E-01
   418.5000       3.07692308E-01       3.07692308E-01       3.07692308E-01
   418.6000       3.07692308E-01       3.07692308E-01       3.07692308E-01
   418.7000       3.07692308E-01       3.07692308E-01       3.07692308E-01
   418.8000       3.07692308E-01       3.07692308E-01       3.07692308E-01
   418.9000       3.07692308E-01       3.07692308E-01       3.07692308E-01
   419.0000       3.07692308E-01       3.07692308E-01       3.07692308E-01
   419.1000       3.07692308E-01       3.07692308E-01       3.07692308E-01
   419.2000       3.07692308E-01       3.07692308E-01       3.07692308E-01
   419.3000       3.07692308E-01       3.07692308E-01       3.07692308E-01
   419.4000       3.07692308E-01       3.07692308E-01       3.07692308E-01
   419.5000       3.07692308E-01       3.07692308E-01       3.07692308E-01
   419.6000       3.07692308E-01       3.07692308E-01       3.07692308E-01
   419.7000       3.07692308E-01       3.07692308E-01       3.07692308E-01
   419.8000       3.07692308E-01       3.07692308E-01       3.07692308E-01
   419.9000       3.07692308E-01       3.07692308E-01       3.07692308E-01
   420.0000       3.07692308E-01       3.07692308E-01       3.07692308E-01
   420.1000       3.07692308E-01       3.07692308E-01       3.07692308E-01
   420.2000       3.07692308E-01       3.07692308E-01       3.07692308E-01
   420.3000       3.07692308E-01       3.07692308E-01       3.07692308E-01
   420.4000       3.07692308E-01       3.07692308E-01       3.07692308E-01
   420.5000       3.07692308E-01       3.07692308E-01       3.07692308E-01
   420.6000       3.07692308E-01       3.07692308E-01       3.07692308E-01
   420.7000       3.07692308E-01       3.07692308E-01       3.07692308E-01
   420.8000       3.07692308E-01       3.07692308E-01       3.07692308E-01
   420.9000       3.07692308E-01       3.07692308E-01       3.07692308E-01
   421.0000       3.07692308E-01       3.07692308E-01       3.07692308E-01
   421.1000       3.07692308E-01       3.07692308E-01       3.07692308E-01
   421.2000       3.07692308E-01       3.07692308E-01       3.07692308E-01
   421.3000       3.07692308E-01       3.07692308E-01       3.07692308E-01
   421.4000       3.07692308E-01       3.07692308E-01       3.07692308E-01
   421.5000       3.07692308E-01       3.07692308E-01       3.07692308E-01
   421.6000       3.07692308E-01       3.07692308E-01       3.07692308E-01
   421.7000       3.07692308E-01       3.07692308E-01       3.07692308E-01
   421.8000       3.07692308E-01       3.07692308E-01       3.07692308E-01
   421.9000       3.07692308E-01       3.07692308E-01       3.07692308E-01
   422.0000       3.07692308E-01       3.33333333E-01       3.07692308E-01
   422.1000       3.07692308E-01       3.33333333E-01       3.07692308E-01
   422.2000       3.07692308E-01       3.33333333E-01       3.07692308E-01
   422.3000       3.07692308E-01       3.33333333E-01       3.07692308E-01
   422.4000       3.07692308E-01       3.33333333E-01       3.07692308E-01
   422.5000       3.07692308E-01       3.33333333E-01       3.07692308E-01
   422.6000       3.07692308E-01       3.33333333E-01       3.07692308E-01
   422.7000       3.07692308E-01       3.33333333E-01       3.07692308E-01
   422.8000       3.07692308E-01       3.33333333E-01       3.07692308E-01
   422.9000       3.07692308E-01       3.33333333E-01       3.07692308E-01
   423.0000       3.07692308E-01       3.33333333E-01       3.07692308E-01
   423.1000       3.07692308E-01       3.33333333E-01       3.07692308E-01
   423.2000       3.07692308E-01       3.33333333E-01       3.07692308E-01
   423.3000       3.07692308E-01       3.33333333E-01       3.07692308E-01
   423.4000       3.07692308E-01       3.33333333E-01       3.07692308E-01
   423.5000       3.07692308E-01       3.33333333E-01       3.07692308E-01
   423.6000       3.07692308E-01       3.33333333E-01       3.07692308E-01
   423.7000       3.07692308E-01       3.33333333E-01       3.07692308E-01
   423.8000       3.07692308E-01       3.33333333E-01       3.07692308E-01
   423.9000       3.07692308E-01       3.33333333E-01       3.33333333E-01
   424.0000       3.07692308E-01       3.33333333E-01       3.33333333E-01
   424.1000       3.07692308E-01       3.33333333E-01       3.33333333E-01
   424.2000       3.07692308E-01       3.33333333E-01       3.33333333E-01
   424.3000       3.07692308E-01       3.33333333E-01       3.33333333E-01
   424.4000       3.07692308E-01       3.33333333E-01       3.33333333E-01
   424.5000       3.07692308E-01       3.33333333E-01       3.33333333E-01
   424.6000       3.07692308E-01       3.33333333E-01       3.33333333E-01
   424.7000       3.07692308E-01       3.33333333E-01       3.33333333E-01
   424.8000       3.07692308E-01       3.33333333E-01       3.33333333E-01
   424.9000       3.07692308E-01       3.33333333E-01       3.33333333E-01
   425.0000       3.07692308E-01       3.33333333E-01       3.33333333E-01
   425.1000       3.07692308E-01       3.33333333E-01       3.33333333E-01
   425.2000       3.07692308E-01       3.33333333E-01       3.33333333E-01
   425.3000       3.07692308E-01       3.33333333E-01       3.33333333E-01
   425.4000       3.07692308E-01       3.33333333E-01       3.33333333E-01
   425.5000       3.07692308E-01       3.33333333E-01       3.33333333E-01
   425.6000       3.07692308E-01       3.33333333E-01       3.33333333E-01
   425.7000       3.07692308E-01       3.33333333E-01       3.33333333E-01
   425.8000       3.07692308E-01       3.33333333E-01       3.33333333E-01
   425.9000       3.07692308E-01       3.33333333E-01       3.33333333E-01
   426.0000       3.07692308E-01       3.33333333E-01       3.33333333E-01
   426.1000       3.07692308E-01       3.33333333E-01       3.33333333E-01
   426.2000       3.07692308E-01       3.33333333E-01       3.33333333E-01
   426.3000       3.07692308E-01       3.33333333E-01       3.33333333E-01
   426.4000       3.07692308E-01       3.33333333E-01       3.33333333E-01
   426.5000       3.07692308E-01       3.33333333E-01       3.33333333E-01
   426.6000       3.07692308E-01       3.33333333E-01       3.33333333E-01
   426.7000       3.07692308E-01       3.33333333E-01       3.33333333E-01
   426.8000       3.07692308E-01       3.33333333E-01       3.33333333E-01
   426.9000       3.07692308E-01       3.33333333E-01       3.33333333E-01
   427.0000       3.07692308E-01       3.33333333E-01       3.33333333E-01
   427.1000       3.07692308E-01       3.33333333E-01       3.33333333E-01
   427.2000       3.07692308E-01       3.33333333E-01       3.33333333E-01
   427.3000       3.07692308E-01       3.33333333E-01       3.33333333E-01
   427.4000       3.07692308E-01       3.33333333E-01       3.33333333E-01
   427.5000       3.07692308E-01       3.33333333E-01       3.33333333E-01
   427.6000       3.07692308E-01       3.33333333E-01       3.33333333E-01
   427.7000       3.07692308E-01       3.33333333E-01       3.33333333E-01
   427.8000       3.07692308E-01       3.33333333E-01       3.33333333E-01
   427.9000       3.07692308E-01       3.33333333E-01       3.33333333E-01
   428.0000       3.07692308E-01       3.33333333E-01       3.33333333E-01
   428.1000       3.07692308E-01       3.33333333E-01       3.33333333E-01
   428.2000       3.07692308E-01       3.33333333E-01       3.33333333E-01
   428.3000       3.07692308E-01       3.33333333E-01       3.33333333E-01
   428.4000       3.07692308E-01       3.33333333E-01       3.33333333E-01
   428.5000       3.07692308E-01       3.33333333E-01       3.33333333E-01
   428.6000       3.07692308E-01       3.33333333E-01       3.33333333E-01
   428.7000       3.07692308E-01       3.33333333E-01       3.33333333E-01
   428.8000       3.07692308E-01       3.33333333E-01       3.33333333E-01
   428.9000       3.07692308E-01       3.33333333E-01       3.33333333E-01
   429.0000       3.07692308E-01       3.33333333E-01       3.33333333E-01
   429.1000       3.07692308E-01       3.33333333E-01       3.33333333E-01
   429.2000       3.07692308E-01       3.33333333E-01       3.33333333E-01
   429.3000       3.07692308E-01       3.33333333E-01       3.33333333E-01
   429.4000       3.07692308E-01       3.33333333E-01       3.33333333E-01
   429.5000       3.07692308E-01       3.33333333E-01       3.33333333E-01
   429.6000       3.07692308E-01       3.33333333E-01       3.33333333E-01
   429.7000       3.07692308E-01       3.33333333E-01       3.33333333E-01
   429.8000       3.07692308E-01       3.33333333E-01       3.33333333E-01
   429.9000       3.07692308E-01       3.33333333E-01       3.33333333E-01
   430.0000       3.07692308E-01       3.33333333E-01       3.33333333E-01
   430.1000       3.07692308E-01       3.33333333E-01       3.33333333E-01
   430.2000       3.07692308E-01       3.33333333E-01       3.33333333E-01
   430.3000       3.07692308E-01       3.33333333E-01       3.33333333E-01
   430.4000       3.07692308E-01       3.33333333E-01       3.33333333E-01
   430.5000       3.07692308E-01       3.33333333E-01       3.33333333E-01
   430.6000       3.07692308E-01       3.33333333E-01       3.33333333E-01
   430.7000       3.07692308E-01       3.33333333E-01       3.33333333E-01
   430.8000       3.07692308E-01       3.33333333E-01       3.33333333E-01
   430.9000       3.07692308E-01       3.33333333E-01       3.33333333E-01
   431.0000       3.07692308E-01       3.33333333E-01       3.33333333E-01
   431.1000       3.07692308E-01       3.33333333E-01       3.33333333E-01
   431.2000       3.07692308E-01       3.33333333E-01       3.33333333E-01
   431.3000       3.07692308E-01       3.33333333E-01       3.33333333E-01
   431.4000       3.07692308E-01       3.33333333E-01       3.33333333E-01
   431.5000       3.07692308E-01       3.33333333E-01       3.33333333E-01
   431.6000       3.07692308E-01       3.33333333E-01       3.33333333E-01
   431.7000       3.07692308E-01       3.33333333E-01       3.33333333E-01
   431.8000       3.07692308E-01       3.33333333E-01       3.33333333E-01
   431.9000       3.07692308E-01       3.33333333E-01       3.33333333E-01
   432.0000       3.07692308E-01       3.33333333E-01       3.33333333E-01
   432.1000       3.07692308E-01       3.33333333E-01       3.33333333E-01
   432.2000       3.07692308E-01       3.33333333E-01       3.33333333E-01
   432.3000       3.07692308E-01       3.33333333E-01       3.33333333E-01
   432.4000       3.07692308E-01       3.33333333E-01       3.33333333E-01
   432.5000       3.07692308E-01       3.33333333E-01       3.33333333E-01
   432.6000       3.07692308E-01       3.33333333E-01       3.33333333E-01
   432.7000       3.07692308E-01       3.33333333E-01       3.33333333E-01
   432.8000       3.07692308E-01       3.33333333E-01       3.33333333E-01
   432.9000       3.07692308E-01       3.33333333E-01       3.33333333E-01
   433.0000       3.07692308E-01       3.33333333E-01       3.33333333E-01
   433.1000       3.07692308E-01       3.33333333E-01       3.33333333E-01
   433.2000       3.07692308E-01       3.33333333E-01       3.33333333E-01
   433.3000       3.07692308E-01       3.33333333E-01       3.33333333E-01
   433.4000       3.07692308E-01       3.33333333E-01       3.33333333E-01
   433.5000       3.07692308E-01       3.33333333E-01       3.33333333E-01
   433.6000       3.07692308E-01       3.33333333E-01       3.33333333E-01
   433.7000       3.07692308E-01       3.33333333E-01       3.33333333E-01
   433.8000       3.07692308E-01       3.33333333E-01       3.33333333E-01
   433.9000       3.07692308E-01       3.33333333E-01       3.33333333E-01
   434.0000       3.07692308E-01       3.33333333E-01       3.33333333E-01
   434.1000       3.07692308E-01       3.33333333E-01       3.33333333E-01
   434.2000       3.07692308E-01       3.33333333E-01       3.33333333E-01
   434.3000       3.07692308E-01       3.33333333E-01       3.33333333E-01
   434.4000       3.07692308E-01       3.33333333E-01       3.33333333E-01
   434.5000       3.07692308E-01       3.33333333E-01       3.33333333E-01
   434.6000       3.07692308E-01       3.33333333E-01       3.33333333E-01
   434.7000       3.07692308E-01       3.33333333E-01       3.33333333E-01
   434.8000       3.07692308E-01       3.33333333E-01       3.33333333E-01
   434.9000       3.07692308E-01       3.33333333E-01       3.33333333E-01
   435.0000       3.07692308E-01       3.33333333E-01       3.33333333E-01
   435.1000       3.07692308E-01       3.33333333E-01       3.33333333E-01
   435.2000       3.07692308E-01       3.33333333E-01       3.33333333E-01
   435.3000       3.07692308E-01       3.33333333E-01       3.33333333E-01
   435.4000       3.07692308E-01       3.33333333E-01       3.33333333E-01
   435.5000       3.07692308E-01       3.33333333E-01       3.33333333E-01
   435.6000       3.07692308E-01       3.33333333E-01       3.33333333E-01
   435.7000       3.07692308E-01       3.33333333E-01       3.33333333E-01
   435.8000       3.07692308E-01       3.33333333E-01       3.33333333E-01
   435.9000       3.07692308E-01       3.33333333E-01       3.33333333E-01
   436.0000       3.07692308E-01       3.33333333E-01       3.33333333E-01
   436.1000       3.07692308E-01       3.33333333E-01       3.33333333E-01
   436.2000       3.07692308E-01       3.33333333E-01       3.33333333E-01
   436.3000       3.07692308E-01       3.33333333E-01       3.33333333E-01
   436.4000       3.07692308E-01       3.33333333E-01       3.33333333E-01
   436.5000       3.07692308E-01       3.33333333E-01       3.33333333E-01
   436.6000       3.07692308E-01       3.33333333E-01       3.33333333E-01
   436.7000       3.07692308E-01       3.33333333E-01       3.33333333E-01
   436.8000       3.07692308E-01       3.33333333E-01       3.33333333E-01
   436.9000       3.07692308E-01       3.33333333E-01       3.33333333E-01
   437.0000       3.07692308E-01       3.33333333E-01       3.33333333E-01
   437.1000       3.07692308E-01       3.33333333E-01       3.33333333E-01
   437.2000       3.07692308E-01       3.33333333E-01       3.33333333E-01
   437.3000       3.07692308E-01       3.33333333E-01       3.33333333E-01
   437.4000       3.07692308E-01       3.33333333E-01       3.33333333E-01
   437.5000       3.07692308E-01       3.33333333E-01       3.33333333E-01
   437.6000       3.07692308E-01       3.33333333E-01       3.33333333E-01
   437.7000       3.07692308E-01       3.33333333E-01       3.33333333E-01
   437.8000       3.07692308E-01       3.33333333E-01       3.33333333E-01
   437.9000       3.07692308E-01       3.33333333E-01       3.33333333E-01
   438.0000       3.07692308E-01       3.33333333E-01       3.33333333E-01
   438.1000       3.07692308E-01       3.33333333E-01       3.33333333E-01
   438.2000       3.07692308E-01       3.33333333E-01       3.33333333E-01
   438.3000       3.07692308E-01       3.33333333E-01       3.33333333E-01
   438.4000       3.07692308E-01       3.33333333E-01       3.33333333E-01
   438.5000       3.07692308E-01       3.33333333E-01       3.33333333E-01
   438.6000       3.07692308E-01       3.33333333E-01       3.33333333E-01
   438.7000       3.07692308E-01       3.33333333E-01       3.33333333E-01
   438.8000       3.07692308E-01       3.33333333E-01       3.33333333E-01
   438.9000       3.07692308E-01       3.33333333E-01       3.33333333E-01
   439.0000       3.07692308E-01       3.33333333E-01       3.33333333E-01
   439.1000       3.07692308E-01       3.33333333E-01       3.33333333E-01
   439.2000       3.07692308E-01       3.33333333E-01       3.33333333E-01
   439.3000       3.07692308E-01       3.33333333E-01       3.33333333E-01
   439.4000       3.07692308E-01       3.33333333E-01       3.33333333E-01
   439.5000       3.07692308E-01       3.33333333E-01       3.33333333E-01
   439.6000       3.07692308E-01       3.33333333E-01       3.33333333E-01
   439.7000       3.07692308E-01       3.33333333E-01       3.33333333E-01
   439.8000       3.07692308E-01       3.33333333E-01       3.33333333E-01
   439.9000       3.07692308E-01       3.33333333E-01       3.33333333E-01
   440.0000       3.07692308E-01       3.33333333E-01       3.33333333E-01
   440.1000       3.07692308E-01       3.33333333E-01       3.33333333E-01
   440.2000       3.07692308E-01       3.33333333E-01       3.33333333E-01
   440.3000       3.07692308E-01       3.33333333E-01       3.33333333E-01
   440.4000       3.07692308E-01       3.33333333E-01       3.33333333E-01
   440.5000       3.07692308E-01       3.33333333E-01       3.33333333E-01
   440.6000       3.07692308E-01       3.33333333E-01       3.33333333E-01
   440.7000       3.07692308E-01       3.33333333E-01       3.33333333E-01
   440.8000       3.07692308E-01       3.33333333E-01       3.33333333E-01
   440.9000       3.07692308E-01       3.33333333E-01       3.33333333E-01
   441.0000       3.07692308E-01       3.33333333E-01       3.33333333E-01
   441.1000       3.07692308E-01       3.33333333E-01       3.33333333E-01
   441.2000       3.07692308E-01       3.63636364E-01       3.33333333E-01
   441.3000       3.07692308E-01       3.63636364E-01       3.33333333E-01
   441.4000       3.07692308E-01       3.63636364E-01       3.33333333E-01
   441.5000       3.07692308E-01       3.63636364E-01       2.00000000E+00
   441.6000       3.07692308E-01       3.63636364E-01       2.00000000E+00
   441.7000       3.07692308E-01       3.63636364E-01       2.00000000E+00
   441.8000       3.07692308E-01       3.63636364E-01       2.00000000E+00
   441.9000       3.07692308E-01       3.63636364E-01       2.00000000E+00
   442.0000       3.07692308E-01       3.63636364E-01       2.00000000E+00
   442.1000       3.07692308E-01       3.63636364E-01       2.00000000E+00
   442.2000       3.07692308E-01       3.63636364E-01       2.00000000E+00
   442.3000       3.07692308E-01       3.63636364E-01       2.00000000E+00
   442.4000       3.07692308E-01       3.63636364E-01       2.00000000E+00
   442.5000       3.07692308E-01       3.63636364E-01       2.00000000E+00
   442.6000       3.07692308E-01       3.63636364E-01       2.00000000E+00
   442.7000       3.07692308E-01       3.63636364E-01       2.00000000E+00
   442.8000       3.07692308E-01       3.63636364E-01       2.00000000E+00
   442.9000       3.07692308E-01       3.63636364E-01       2.00000000E+00
   443.0000       3.07692308E-01       3.63636364E-01       2.00000000E+00
   443.1000       2.50000000E-01       3.63636364E-01       2.00000000E+00
   443.2000       2.50000000E-01       3.63636364E-01       2.00000000E+00
   443.3000       2.50000000E-01       3.63636364E-01       2.00000000E+00
   443.4000       2.50000000E-01       3.63636364E-01       2.00000000E+00
   443.5000       2.50000000E-01       3.63636364E-01       2.00000000E+00
   443.6000       2.50000000E-01       3.63636364E-01       2.00000000E+00
   443.7000       2.50000000E-01       3.63636364E-01       2.00000000E+00
   443.8000       2.50000000E-01       3.63636364E-01       2.00000000E+00
   443.9000       2.50000000E-01       3.63636364E-01       2.00000000E+00
   444.0000       2.50000000E-01       3.63636364E-01       2.00000000E+00
   444.1000       2.50000000E-01       3.63636364E-01       2.00000000E+00
   444.2000       2.50000000E-01       3.63636364E-01       2.00000000E+00
   444.3000       2.50000000E-01       3.63636364E-01       2.00000000E+00
   444.4000       2.50000000E-01       1.33333333E+00       2.00000000E+00
   444.5000       2.50000000E-01       1.33333333E+00       2.00000000E+00
   444.6000       2.50000000E-01       1.33333333E+00       2.00000000E+00
   444.7000       2.50000000E-01       1.33333333E+00       2.00000000E+00
   444.8000       2.50000000E-01       1.33333333E+00       2.00000000E+00
   444.9000       2.50000000E-01       1.33333333E+00       2.00000000E+00
   445.0000       2.50000000E-01       1.33333333E+00       2.00000000E+00
   445.1000       2.50000000E-01       1.33333333E+00       2.00000000E+00
   445.2000       2.50000000E-01       1.33333333E+00       2.00000000E+00
   445.3000       2.50000000E-01       1.33333333E+00       2.00000000E+00
   445.4000       2.50000000E-01       1.33333333E+00       2.00000000E+00
   445.5000       2.50000000E-01       1.33333333E+00       2.00000000E+00
   445.6000       2.50000000E-01       1.33333333E+00       2.00000000E+00
   445.7000       2.50000000E-01       1.33333333E+00       2.00000000E+00
   445.8000       2.50000000E-01       1.33333333E+00       2.00000000E+00
   445.9000       2.50000000E-01       1.33333333E+00       2.00000000E+00
   446.0000       2.50000000E-01       1.33333333E+00       2.00000000E+00
   446.1000       2.50000000E-01       1.33333333E+00       2.00000000E+00
   446.2000       2.50000000E-01       1.33333333E+00       2.00000000E+00
   446.3000       2.50000000E-01       1.33333333E+00       2.00000000E+00
   446.4000       2.50000000E-01       1.33333333E+00       2.00000000E+00
   446.5000       2.50000000E-01       1.33333333E+00       2.00000000E+00
   446.6000       2.50000000E-01       1.33333333E+00       2.00000000E+00
   446.7000       3.63636364E-01       1.33333333E+00       2.00000000E+00
   446.8000       3.63636364E-01       1.33333333E+00       2.00000000E+00
   446.9000       3.63636364E-01       1.33333333E+00       2.00000000E+00
   447.0000       3.63636364E-01       1.33333333E+00       2.00000000E+00
   447.1000       3.63636364E-01       1.33333333E+00       2.00000000E+00
   447.2000       3.63636364E-01       1.33333333E+00       2.00000000E+00
   447.3000       3.63636364E-01       1.33333333E+00       2.00000000E+00
   447.4000       3.63636364E-01       1.33333333E+00       2.00000000E+00
   447.5000       3.63636364E-01       1.33333333E+00       2.00000000E+00
   447.6000       3.63636364E-01       1.33333333E+00       2.00000000E+00
   447.7000       3.63636364E-01       1.33333333E+00       2.00000000E+00
   447.8000       3.63636364E-01       1.33333333E+00       2.00000000E+00
   447.9000       3.63636364E-01       1.33333333E+00       2.00000000E+00
   448.0000       3.63636364E-01       1.33333333E+00       2.00000000E+00
   448.1000       3.63636364E-01       1.33333333E+00       2.00000000E+00
   448.2000       3.63636364E-01       1.33333333E+00       2.00000000E+00
   448.3000       3.63636364E-01       1.33333333E+00       2.00000000E+00
   448.4000       3.63636364E-01       1.33333333E+00       2.00000000E+00
   448.5000       3.63636364E-01       1.33333333E+00       2.00000000E+00
   448.6000       3.63636364E-01       1.33333333E+00       2.00000000E+00
   448.7000       3.63636364E-01       1.33333333E+00       2.00000000E+00
   448.8000       3.63636364E-01       2.00000000E+00       2.00000000E+00
   448.9000       3.63636364E-01       2.00000000E+00       2.00000000E+00
   449.0000       3.63636364E-01       2.00000000E+00       2.00000000E+00
   449.1000       3.63636364E-01       2.00000000E+00       2.00000000E+00
   449.2000       3.63636364E-01       2.00000000E+00       2.00000000E+00
   449.3000       3.63636364E-01       2.00000000E+00       2.00000000E+00
   449.4000       3.63636364E-01       2.00000000E+00       2.00000000E+00
   449.5000       3.63636364E-01       2.00000000E+00       2.00000000E+00
   449.6000       3.63636364E-01       2.00000000E+00       2.00000000E+00
   449.7000       3.63636364E-01       2.00000000E+00       2.00000000E+00
   449.8000       3.63636364E-01       2.00000000E+00       2.00000000E+00
   449.9000       3.63636364E-01       2.00000000E+00       2.00000000E+00
   450.0000       3.63636364E-01       2.00000000E+00       2.00000000E+00
   450.1000       3.63636364E-01       2.00000000E+00       2.00000000E+00
   450.2000       3.63636364E-01       2.00000000E+00       2.00000000E+00
   450.3000       3.63636364E-01       2.00000000E+00       2.00000000E+00
   450.4000       3.63636364E-01       2.00000000E+00       2.00000000E+00
   450.5000       3.63636364E-01       2.00000000E+00       2.00000000E+00
   450.6000       3.63636364E-01       2.00000000E+00       2.00000000E+00
   450.7000       3.63636364E-01       2.00000000E+00       2.00000000E+00
   450.8000       3.63636364E-01       2.00000000E+00       2.00000000E+00
   450.9000       3.63636364E-01       2.00000000E+00       2.00000000E+00
   451.0000       3.63636364E-01       2.00000000E+00       2.00000000E+00
   451.1000       3.63636364E-01       2.00000000E+00       2.00000000E+00
   451.2000       3.63636364E-01       2.00000000E+00       2.00000000E+00
   451.3000       3.63636364E-01       2.00000000E+00       2.00000000E+00
   451.4000       3.63636364E-01       2.00000000E+00       2.00000000E+00
   451.5000       3.63636364E-01       2.00000000E+00       2.00000000E+00
   451.6000       3.63636364E-01       2.00000000E+00       2.00000000E+00
   451.7000       3.63636364E-01       2.00000000E+00       2.00000000E+00
   451.8000       3.63636364E-01       2.00000000E+00       2.00000000E+00
   451.9000       3.63636364E-01       2.00000000E+00       2.00000000E+00
   452.0000       3.63636364E-01       2.00000000E+00       2.00000000E+00
   452.1000       3.63636364E-01       2.00000000E+00       2.00000000E+00
   452.2000       3.63636364E-01       2.00000000E+00       2.00000000E+00
   452.3000       3.63636364E-01       2.00000000E+00       2.00000000E+00
   452.4000       3.63636364E-01       2.00000000E+00       2.00000000E+00
   452.5000       3.63636364E-01       2.00000000E+00       2.00000000E+00
   452.6000       3.63636364E-01       2.00000000E+00       2.00000000E+00
   452.7000       3.63636364E-01       2.00000000E+00       2.00000000E+00
   452.8000       3.63636364E-01       2.00000000E+00       2.00000000E+00
   452.9000       3.63636364E-01       2.00000000E+00       2.00000000E+00
   453.0000       3.63636364E-01       2.00000000E+00       2.00000000E+00
   453.1000       3.63636364E-01       2.00000000E+00       2.00000000E+00
   453.2000       3.63636364E-01       2.00000000E+00       2.00000000E+00
   453.3000       3.63636364E-01       2.00000000E+00       2.00000000E+00
   453.4000       3.63636364E-01       2.00000000E+00       2.00000000E+00
   453.5000       3.63636364E-01       2.00000000E+00       2.00000000E+00
   453.6000       3.63636364E-01       2.00000000E+00       2.00000000E+00
   453.7000       3.63636364E-01       2.00000000E+00       2.00000000E+00
   453.8000       3.63636364E-01       2.00000000E+00       2.00000000E+00
   453.9000       3.63636364E-01       2.00000000E+00       2.00000000E+00
   454.0000       3.63636364E-01       2.00000000E+00       2.00000000E+00
   454.1000       3.63636364E-01       2.00000000E+00       2.00000000E+00
   454.2000       3.63636364E-01       2.00000000E+00       2.00000000E+00
   454.3000       3.63636364E-01       2.00000000E+00       2.00000000E+00
   454.4000       3.63636364E-01       2.00000000E+00       2.00000000E+00
   454.5000       3.63636364E-01       2.00000000E+00       2.00000000E+00
   454.6000       3.07692308E-01       2.00000000E+00       2.00000000E+00
   454.7000       3.07692308E-01       2.00000000E+00       2.00000000E+00
   454.8000       3.07692308E-01       2.00000000E+00       2.00000000E+00
   454.9000       3.07692308E-01       2.00000000E+00       2.00000000E+00
   455.0000       3.07692308E-01       2.00000000E+00       2.00000000E+00
   455.1000       3.07692308E-01       2.00000000E+00       2.00000000E+00
   455.2000       5.00000000E-01       2.00000000E+00       2.00000000E+00
   455.3000       5.00000000E-01       2.00000000E+00       2.00000000E+00
   455.4000       5.00000000E-01       2.00000000E+00       2.00000000E+00
   455.5000       5.00000000E-01       2.00000000E+00       2.00000000E+00
   455.6000       5.00000000E-01       2.00000000E+00       2.00000000E+00
   455.7000       4.44444444E-01       2.00000000E+00       2.00000000E+00
   455.8000       4.44444444E-01       2.00000000E+00       2.00000000E+00
   455.9000       4.44444444E-01       2.00000000E+00       2.00000000E+00
   456.0000       4.44444444E-01       2.00000000E+00       2.00000000E+00
   456.1000       4.44444444E-01       2.00000000E+00       2.00000000E+00
   456.2000       4.44444444E-01       2.00000000E+00       2.00000000E+00
   456.3000       4.44444444E-01       2.00000000E+00       2.00000000E+00
   456.4000       4.44444444E-01       2.00000000E+00       2.00000000E+00
   456.5000       4.44444444E-01       2.00000000E+00       2.00000000E+00
   456.6000       4.44444444E-01       2.00000000E+00       2.00000000E+00
   456.7000       4.44444444E-01       2.00000000E+00       2.00000000E+00
   456.8000       4.44444444E-01       2.00000000E+00       2.00000000E+00
   456.9000       4.44444444E-01       2.00000000E+00       2.00000000E+00
   457.0000       4.44444444E-01       2.00000000E+00       2.00000000E+00
   457.1000       4.44444444E-01       2.00000000E+00       2.00000000E+00
   457.2000       4.44444444E-01       2.00000000E+00       2.00000000E+00
   457.3000       4.44444444E-01       2.00000000E+00       2.00000000E+00
   457.4000       4.44444444E-01       2.00000000E+00       2.00000000E+00
   457.5000       4.44444444E-01       2.00000000E+00       2.00000000E+00
   457.6000       4.44444444E-01       2.00000000E+00       2.00000000E+00
   457.7000       4.44444444E-01       2.00000000E+00       2.00000000E+00
   457.8000       4.44444444E-01       2.00000000E+00       2.00000000E+00
   457.9000       4.44444444E-01       2.00000000E+00       2.00000000E+00
   458.0000       4.44444444E-01       2.00000000E+00       2.00000000E+00
   458.1000       4.44444444E-01       2.00000000E+00       2.00000000E+00
   458.2000       4.44444444E-01       2.00000000E+00       2.00000000E+00
   458.3000       4.44444444E-01       2.00000000E+00       2.00000000E+00
   458.4000       4.44444444E-01       2.00000000E+00       2.00000000E+00
   458.5000       4.44444444E-01       2.00000000E+00       2.00000000E+00
   458.6000       4.00000000E-01       2.00000000E+00       4.00000000E+00
   458.7000       4.00000000E-01       2.00000000E+00       4.00000000E+00
   458.8000       4.00000000E-01       2.00000000E+00       4.00000000E+00
   458.9000       4.00000000E-01       2.00000000E+00       4.00000000E+00
   459.0000       4.00000000E-01       2.00000000E+00       4.00000000E+00
   459.1000       4.00000000E-01       2.00000000E+00       4.00000000E+00
   459.2000       4.00000000E-01       2.00000000E+00       4.00000000E+00
   459.3000       4.00000000E-01       2.00000000E+00       4.00000000E+00
   459.4000       4.00000000E-01       2.00000000E+00       4.00000000E+00
   459.5000       4.00000000E-01       2.00000000E+00       4.00000000E+00
   459.6000       4.00000000E-01       2.00000000E+00       4.00000000E+00
   459.7000       4.00000000E-01       2.00000000E+00       4.00000000E+00
   459.8000       4.00000000E-01       2.00000000E+00       4.00000000E+00
   459.9000       4.00000000E-01       2.00000000E+00       4.00000000E+00
   460.0000       4.00000000E-01       2.00000000E+00       4.00000000E+00
   460.1000       4.00000000E-01       2.00000000E+00       4.00000000E+00
   460.2000       4.00000000E-01       2.00000000E+00       4.00000000E+00
   460.3000       4.00000000E-01       2.00000000E+00       4.00000000E+00
   460.4000       4.00000000E-01       2.00000000E+00       4.00000000E+00
   460.5000       4.00000000E-01       2.00000000E+00       4.00000000E+00
   460.6000       4.00000000E-01       2.00000000E+00       4.00000000E+00
   460.7000       4.00000000E-01       2.00000000E+00       4.00000000E+00
   460.8000       4.00000000E-01       2.00000000E+00       4.00000000E+00
   460.9000       4.00000000E-01       2.00000000E+00       4.00000000E+00
   461.0000       4.00000000E-01       2.00000000E+00       4.00000000E+00
   461.1000       4.00000000E-01       2.00000000E+00       4.00000000E+00
   461.2000       4.00000000E-01       2.00000000E+00       4.00000000E+00
   461.3000       4.00000000E-01       2.00000000E+00       4.00000000E+00
   461.4000       4.00000000E-01       2.00000000E+00       4.00000000E+00
   461.5000       3.63636364E-01       2.00000000E+00       4.00000000E+00
   461.6000       3.63636364E-01       2.00000000E+00       4.00000000E+00
   461.7000       3.63636364E-01       2.00000000E+00       4.00000000E+00
   461.8000       3.63636364E-01       2.00000000E+00       4.00000000E+00
   461.9000       5.00000000E-01       2.00000000E+00       4.00000000E+00
   462.0000       5.00000000E-01       2.00000000E+00       4.00000000E+00
   462.1000       5.00000000E-01       2.00000000E+00       4.00000000E+00
   462.2000       5.00000000E-01       2.00000000E+00       4.00000000E+00
   462.3000       5.00000000E-01       2.00000000E+00       4.00000000E+00
   462.4000       5.00000000E-01       2.00000000E+00       4.00000000E+00
   462.5000       5.00000000E-01       2.00000000E+00       4.00000000E+00
   462.6000       5.00000000E-01       2.00000000E+00       4.00000000E+00
   462.7000       5.00000000E-01       2.00000000E+00       4.00000000E+00
   462.8000       5.00000000E-01       2.00000000E+00       4.00000000E+00
   462.9000       5.00000000E-01       2.00000000E+00       4.00000000E+00
   463.0000       5.00000000E-01       2.00000000E+00       4.00000000E+00
   463.1000       5.00000000E-01       2.00000000E+00       4.00000000E+00
   463.2000       5.00000000E-01       2.00000000E+00       4.00000000E+00
   463.3000       5.00000000E-01       2.00000000E+00       4.00000000E+00
   463.4000       5.00000000E-01       2.00000000E+00       4.00000000E+00
   463.5000       5.00000000E-01       2.00000000E+00       4.00000000E+00
   463.6000       5.00000000E-01       2.00000000E+00       4.00000000E+00
   463.7000       5.00000000E-01       2.00000000E+00       4.00000000E+00
   463.8000       5.00000000E-01       2.00000000E+00       4.00000000E+00
   463.9000       5.00000000E-01       2.00000000E+00       4.00000000E+00
   464.0000       5.00000000E-01       2.00000000E+00       4.00000000E+00
   464.1000       5.00000000E-01       2.00000000E+00       4.00000000E+00
   464.2000       5.00000000E-01       2.00000000E+00       4.00000000E+00
   464.3000       5.00000000E-01       2.00000000E+00       4.00000000E+00
   464.4000       5.00000000E-01       2.00000000E+00       4.00000000E+00
   464.5000       5.00000000E-01       2.00000000E+00       4.00000000E+00
   464.6000       5.00000000E-01       2.00000000E+00       4.00000000E+00
   464.7000       5.00000000E-01       2.00000000E+00       4.00000000E+00
   464.8000       5.00000000E-01       2.00000000E+00       4.00000000E+00
   464.9000       5.00000000E-01       2.00000000E+00       4.00000000E+00
   465.0000       5.00000000E-01       2.00000000E+00       4.00000000E+00
   465.1000       4.44444444E-01       2.00000000E+00       4.00000000E+00
   465.2000       4.44444444E-01       2.00000000E+00       4.00000000E+00
   465.3000       4.44444444E-01       2.00000000E+00       4.00000000E+00
   465.4000       4.44444444E-01       2.00000000E+00       4.00000000E+00
   465.5000       4.44444444E-01       2.00000000E+00       4.00000000E+00
   465.6000       4.44444444E-01       2.00000000E+00       4.00000000E+00
   465.7000       4.44444444E-01       2.00000000E+00       4.00000000E+00
   465.8000       4.44444444E-01       2.00000000E+00       4.00000000E+00
   465.9000       4.44444444E-01       2.00000000E+00       4.00000000E+00
   466.0000       4.44444444E-01       2.00000000E+00       4.00000000E+00
   466.1000       4.44444444E-01       2.00000000E+00       4.00000000E+00
   466.2000       4.44444444E-01       2.00000000E+00       4.00000000E+00
   466.3000       4.44444444E-01       2.00000000E+00       4.00000000E+00
   466.4000       4.44444444E-01       2.00000000E+00       4.00000000E+00
   466.5000       4.44444444E-01       2.00000000E+00       4.00000000E+00
   466.6000       4.44444444E-01       2.00000000E+00       4.00000000E+00
   466.7000       4.44444444E-01       2.00000000E+00       4.00000000E+00
   466.8000       4.44444444E-01       2.00000000E+00       4.00000000E+00
   466.9000       4.44444444E-01       2.00000000E+00       4.00000000E+00
   467.0000       4.44444444E-01       2.00000000E+00       4.00000000E+00
   467.1000       4.44444444E-01       2.00000000E+00       4.00000000E+00
   467.2000       4.44444444E-01       2.00000000E+00       4.00000000E+00
   467.3000       4.44444444E-01       2.00000000E+00       4.00000000E+00
   467.4000       4.44444444E-01       2.00000000E+00       4.00000000E+00
   467.5000       4.44444444E-01       2.00000000E+00       4.00000000E+00
   467.6000       4.44444444E-01       2.00000000E+00       4.00000000E+00
   467.7000       4.44444444E-01       2.00000000E+00       4.00000000E+00
   467.8000       4.44444444E-01       2.00000000E+00       4.00000000E+00
   467.9000       4.44444444E-01       2.00000000E+00       4.00000000E+00
   468.0000       4.44444444E-01       2.00000000E+00       4.00000000E+00
   468.1000       4.44444444E-01       2.00000000E+00       4.00000000E+00
   468.2000       4.44444444E-01       2.00000000E+00       4.00000000E+00
   468.3000       4.44444444E-01       2.00000000E+00       4.00000000E+00
   468.4000       4.44444444E-01       2.00000000E+00       4.00000000E+00
   468.5000       4.44444444E-01       2.00000000E+00       4.00000000E+00
   468.6000       4.44444444E-01       2.00000000E+00       4.00000000E+00
   468.7000       4.44444444E-01       2.00000000E+00       4.00000000E+00
   468.8000       4.44444444E-01       2.00000000E+00       4.00000000E+00
   468.9000       4.44444444E-01       2.00000000E+00       4.00000000E+00
   469.0000       4.44444444E-01       2.00000000E+00       4.00000000E+00
   469.1000       4.44444444E-01       2.00000000E+00       4.00000000E+00
   469.2000       4.44444444E-01       2.00000000E+00       4.00000000E+00
   469.3000       4.44444444E-01       2.00000000E+00       4.00000000E+00
   469.4000       4.44444444E-01       2.00000000E+00       4.00000000E+00
   469.5000       5.00000000E-01       2.00000000E+00       4.00000000E+00
   469.6000       5.00000000E-01       2.00000000E+00       4.00000000E+00
   469.7000       5.00000000E-01       2.00000000E+00       4.00000000E+00
   469.8000       5.00000000E-01       2.00000000E+00       4.00000000E+00
   469.9000       5.00000000E-01       2.00000000E+00       4.00000000E+00
   470.0000       5.00000000E-01       2.00000000E+00       4.00000000E+00
   470.1000       5.00000000E-01       2.00000000E+00       4.00000000E+00
   470.2000       5.00000000E-01       2.00000000E+00       4.00000000E+00
   470.3000       5.00000000E-01       2.00000000E+00       4.00000000E+00
   470.4000       5.00000000E-01       2.00000000E+00       4.00000000E+00
   470.5000       5.00000000E-01       2.00000000E+00       4.00000000E+00
   470.6000       5.00000000E-01       2.00000000E+00       4.00000000E+00
   470.7000       5.00000000E-01       2.00000000E+00       4.00000000E+00
   470.8000       5.00000000E-01       2.00000000E+00       4.00000000E+00
   470.9000       5.00000000E-01       2.00000000E+00       4.00000000E+00
   471.0000       5.00000000E-01       2.00000000E+00       4.00000000E+00
   471.1000       5.00000000E-01       2.00000000E+00       4.00000000E+00
   471.2000       5.00000000E-01       2.00000000E+00       4.00000000E+00
   471.3000       5.00000000E-01       2.00000000E+00       4.00000000E+00
   471.4000       5.00000000E-01       2.00000000E+00       4.00000000E+00
   471.5000       5.00000000E-01       2.00000000E+00       4.00000000E+00
   471.6000       5.00000000E-01       2.00000000E+00       4.00000000E+00
   471.7000       5.00000000E-01       2.00000000E+00       4.00000000E+00
   471.8000       5.00000000E-01       2.00000000E+00       4.00000000E+00
   471.9000       5.00000000E-01       2.00000000E+00       4.00000000E+00
   472.0000       5.00000000E-01       2.00000000E+00       4.00000000E+00
   472.1000       5.00000000E-01       2.00000000E+00       4.00000000E+00
   472.2000       5.00000000E-01       2.00000000E+00       4.00000000E+00
   472.3000       5.00000000E-01       2.00000000E+00       4.00000000E+00
   472.4000       5.00000000E-01       2.00000000E+00       4.00000000E+00
   472.5000       5.00000000E-01       2.00000000E+00       4.00000000E+00
   472.6000       5.00000000E-01       2.00000000E+00       4.00000000E+00
   472.7000       5.00000000E-01       2.00000000E+00       4.00000000E+00
   472.8000       5.00000000E-01       2.00000000E+00       4.00000000E+00
   472.9000       5.00000000E-01       2.00000000E+00       4.00000000E+00
   473.0000       5.00000000E-01       2.00000000E+00       4.00000000E+00
   473.1000       5.00000000E-01       2.00000000E+00       4.00000000E+00
   473.2000       5.00000000E-01       2.00000000E+00       4.00000000E+00
   473.3000       5.00000000E-01       2.00000000E+00       4.00000000E+00
   473.4000       5.00000000E-01       2.00000000E+00       4.00000000E+00
   473.5000       5.00000000E-01       2.00000000E+00       4.00000000E+00
   473.6000       5.00000000E-01       2.00000000E+00       4.00000000E+00
   473.7000       5.00000000E-01       2.00000000E+00       4.00000000E+00
   473.8000       4.44444444E-01       2.00000000E+00       4.00000000E+00
   473.9000       4.44444444E-01       2.00000000E+00       4.00000000E+00
   474.0000       4.44444444E-01       2.00000000E+00       4.00000000E+00
   474.1000       4.44444444E-01       2.00000000E+00       4.00000000E+00
   474.2000       4.44444444E-01       2.00000000E+00       4.00000000E+00
   474.3000       4.44444444E-01       2.00000000E+00       4.00000000E+00
   474.4000       4.44444444E-01       2.00000000E+00       4.00000000E+00
   474.5000       4.44444444E-01       2.00000000E+00       4.00000000E+00
   474.6000       4.44444444E-01       2.00000000E+00       4.00000000E+00
   474.7000       4.44444444E-01       2.00000000E+00       4.00000000E+00
   474.8000       4.44444444E-01       2.00000000E+00       4.00000000E+00
   474.9000       4.44444444E-01       2.00000000E+00       4.00000000E+00
   475.0000       4.44444444E-01       2.00000000E+00       4.00000000E+00
   475.1000       4.44444444E-01       2.00000000E+00       4.00000000E+00
   475.2000       4.44444444E-01       2.00000000E+00       4.00000000E+00
   475.3000       4.44444444E-01       2.00000000E+00       4.00000000E+00
   475.4000       4.44444444E-01       2.00000000E+00       4.00000000E+00
   475.5000       4.44444444E-01       2.00000000E+00       4.00000000E+00
   475.6000       4.44444444E-01       2.00000000E+00       4.00000000E+00
   475.7000       4.44444444E-01       2.00000000E+00       4.00000000E+00
   475.8000       4.44444444E-01       2.00000000E+00       4.00000000E+00
   475.9000       4.44444444E-01       2.00000000E+00       4.00000000E+00
   476.0000       4.44444444E-01       2.00000000E+00       4.00000000E+00
   476.1000       4.44444444E-01       2.00000000E+00       4.00000000E+00
   476.2000       4.44444444E-01       2.00000000E+00       4.00000000E+00
   476.3000       4.44444444E-01       2.00000000E+00       4.00000000E+00
   476.4000       6.66666667E-01       2.00000000E+00       4.00000000E+00
   476.5000       6.66666667E-01       2.00000000E+00       4.00000000E+00
   476.6000       6.66666667E-01       2.00000000E+00       4.00000000E+00
   476.7000       6.66666667E-01       2.00000000E+00       4.00000000E+00
   476.8000       6.66666667E-01       2.00000000E+00       4.00000000E+00
   476.9000       6.66666667E-01       2.00000000E+00       4.00000000E+00
   477.0000       6.66666667E-01       2.00000000E+00       4.00000000E+00
   477.1000       6.66666667E-01       2.00000000E+00       4.00000000E+00
   477.2000       6.66666667E-01       2.00000000E+00       4.00000000E+00
   477.3000       6.66666667E-01       2.00000000E+00       4.00000000E+00
   477.4000       6.66666667E-01       2.00000000E+00       4.00000000E+00
   477.5000       6.66666667E-01       2.00000000E+00       4.00000000E+00
   477.6000       6.66666667E-01       2.00000000E+00       4.00000000E+00
   477.7000       6.66666667E-01       2.00000000E+00       4.00000000E+00
   477.8000       5.00000000E-01       2.00000000E+00       4.00000000E+00
   477.9000       5.00000000E-01       2.00000000E+00       4.00000000E+00
   478.0000       5.00000000E-01       2.00000000E+00       4.00000000E+00
   478.1000       5.00000000E-01       2.00000000E+00       4.00000000E+00
   478.2000       5.00000000E-01       2.00000000E+00       4.00000000E+00
   478.3000       5.00000000E-01       2.00000000E+00       4.00000000E+00
   478.4000       5.00000000E-01       2.00000000E+00       4.00000000E+00
   478.5000       5.00000000E-01       2.00000000E+00       4.00000000E+00
   478.6000       5.00000000E-01       2.00000000E+00       4.00000000E+00
   478.7000       5.00000000E-01       2.00000000E+00       4.00000000E+00
   478.8000       5.00000000E-01       2.00000000E+00       4.00000000E+00
   478.9000       5.00000000E-01       2.00000000E+00       4.00000000E+00
   479.0000       5.00000000E-01       2.00000000E+00       4.00000000E+00
   479.1000       5.00000000E-01       2.00000000E+00       4.00000000E+00
   479.2000       5.00000000E-01       2.00000000E+00       4.00000000E+00
   479.3000       5.00000000E-01       2.00000000E+00       4.00000000E+00
   479.4000       5.00000000E-01       2.00000000E+00       4.00000000E+00
   479.5000       5.00000000E-01       2.00000000E+00       4.00000000E+00
   479.6000       5.00000000E-01       2.00000000E+00       4.00000000E+00
   479.7000       5.00000000E-01       2.00000000E+00       4.00000000E+00
   479.8000       5.00000000E-01       2.00000000E+00       4.00000000E+00
   479.9000       5.00000000E-01       2.00000000E+00       4.00000000E+00
   480.0000       5.00000000E-01       2.00000000E+00       4.00000000E+00
   480.1000       5.00000000E-01       2.00000000E+00       4.00000000E+00
   480.2000       5.00000000E-01       2.00000000E+00       4.00000000E+00
   480.3000       5.00000000E-01       2.00000000E+00       4.00000000E+00
   480.4000       5.00000000E-01       2.00000000E+00       4.00000000E+00
   480.5000       5.00000000E-01       2.00000000E+00       4.00000000E+00
   480.6000       5.00000000E-01       2.00000000E+00       4.00000000E+00
   480.7000       5.00000000E-01       2.00000000E+00       4.00000000E+00
   480.8000       5.00000000E-01       2.00000000E+00       4.00000000E+00
   480.9000       5.00000000E-01       2.00000000E+00       4.00000000E+00
   481.0000       5.00000000E-01       2.00000000E+00       4.00000000E+00
   481.1000       5.00000000E-01       2.00000000E+00       4.00000000E+00
   481.2000       5.00000000E-01       2.00000000E+00       4.00000000E+00
   481.3000       5.00000000E-01       2.00000000E+00       4.00000000E+00
   481.4000       5.00000000E-01       2.00000000E+00       4.00000000E+00
   481.5000       5.00000000E-01       2.00000000E+00       4.00000000E+00
   481.6000       5.00000000E-01       2.00000000E+00       4.00000000E+00
   481.7000       5.00000000E-01       2.00000000E+00       4.00000000E+00
   481.8000       6.66666667E-01       2.00000000E+00       4.00000000E+00
   481.9000       6.66666667E-01       2.00000000E+00       4.00000000E+00
   482.0000       6.66666667E-01       2.00000000E+00       4.00000000E+00
   482.1000       6.66666667E-01       2.00000000E+00       4.00000000E+00
   482.2000       6.66666667E-01       2.00000000E+00       4.00000000E+00
   482.3000       6.66666667E-01       2.00000000E+00       4.00000000E+00
   482.4000       6.66666667E-01       2.00000000E+00       4.00000000E+00
   482.5000       6.66666667E-01       2.00000000E+00       4.00000000E+00
   482.6000       6.66666667E-01       2.00000000E+00       4.00000000E+00
   482.7000       6.66666667E-01       2.00000000E+00       4.00000000E+00
   482.8000       6.66666667E-01       2.00000000E+00       4.00000000E+00
   482.9000       6.66666667E-01       2.00000000E+00       4.00000000E+00
   483.0000       6.66666667E-01       2.00000000E+00       4.00000000E+00
   483.1000       6.66666667E-01       2.00000000E+00       4.00000000E+00
   483.2000       6.66666667E-01       2.00000000E+00       4.00000000E+00
   483.3000       6.66666667E-01       2.00000000E+00       4.00000000E+00
   483.4000       6.66666667E-01       2.00000000E+00       4.00000000E+00
   483.5000       6.66666667E-01       2.00000000E+00       4.00000000E+00
   483.6000       6.66666667E-01       2.00000000E+00       4.00000000E+00
   483.7000       6.66666667E-01       2.00000000E+00       4.00000000E+00
   483.8000       6.66666667E-01       2.00000000E+00       4.00000000E+00
   483.9000       6.66666667E-01       2.00000000E+00       4.00000000E+00
   484.0000       6.66666667E-01       2.00000000E+00       4.00000000E+00
   484.1000       6.66666667E-01       2.00000000E+00       4.00000000E+00
   484.2000       6.66666667E-01       2.00000000E+00       4.00000000E+00
   484.3000       6.66666667E-01       2.00000000E+00       4.00000000E+00
   484.4000       6.66666667E-01       2.00000000E+00       4.00000000E+00
   484.5000       6.66666667E-01       2.00000000E+00       4.00000000E+00
   484.6000       6.66666667E-01       2.00000000E+00       4.00000000E+00
   484.7000       6.66666667E-01       2.00000000E+00       4.00000000E+00
   484.8000       6.66666667E-01       2.00000000E+00       4.00000000E+00
   484.9000       6.66666667E-01       2.00000000E+00       4.00000000E+00
   485.0000       6.66666667E-01       2.00000000E+00       4.00000000E+00
   485.1000       6.66666667E-01       2.00000000E+00       4.00000000E+00
   485.2000       6.66666667E-01       2.00000000E+00       4.00000000E+00
   485.3000       6.66666667E-01       2.00000000E+00       4.00000000E+00
   485.4000       6.66666667E-01       2.00000000E+00       4.00000000E+00
   485.5000       6.66666667E-01       2.00000000E+00       4.00000000E+00
   485.6000       6.66666667E-01       2.00000000E+00       4.00000000E+00
   485.7000       5.00000000E-01       2.00000000E+00       4.00000000E+00
   485.8000       5.00000000E-01       2.00000000E+00       4.00000000E+00
   485.9000       5.00000000E-01       2.00000000E+00       4.00000000E+00
   486.0000       5.00000000E-01       2.00000000E+00       4.00000000E+00
   486.1000       5.00000000E-01       2.00000000E+00       4.00000000E+00
   486.2000       5.00000000E-01       2.00000000E+00       4.00000000E+00
   486.3000       5.00000000E-01       2.00000000E+00       4.00000000E+00
   486.4000       5.00000000E-01       2.00000000E+00       4.00000000E+00
   486.5000       5.00000000E-01       2.00000000E+00       4.00000000E+00
   486.6000       5.00000000E-01       2.00000000E+00       4.00000000E+00
   486.7000       5.00000000E-01       2.00000000E+00       4.00000000E+00
   486.8000       5.00000000E-01       2.00000000E+00       4.00000000E+00
   486.9000       5.00000000E-01       2.00000000E+00       4.00000000E+00
   487.0000       5.00000000E-01       2.00000000E+00       4.00000000E+00
   487.1000       5.00000000E-01       2.00000000E+00       4.00000000E+00
   487.2000       5.00000000E-01       2.00000000E+00       4.00000000E+00
   487.3000       5.00000000E-01       2.00000000E+00       4.00000000E+00
   487.4000       5.00000000E-01       2.00000000E+00       4.00000000E+00
   487.5000       5.00000000E-01       2.00000000E+00       4.00000000E+00
   487.6000       5.00000000E-01       2.00000000E+00       4.00000000E+00
   487.7000       5.00000000E-01       2.00000000E+00       4.00000000E+00
   487.8000       5.00000000E-01       2.00000000E+00       4.00000000E+00
   487.9000       5.00000000E-01       2.00000000E+00       4.00000000E+00
   488.0000       5.00000000E-01       2.00000000E+00       4.00000000E+00
   488.1000       5.00000000E-01       2.00000000E+00       4.00000000E+00
   488.2000       5.00000000E-01       2.00000000E+00       4.00000000E+00
   488.3000       5.00000000E-01       2.00000000E+00       4.00000000E+00
   488.4000       5.00000000E-01       2.00000000E+00       4.00000000E+00
   488.5000       6.66666667E-01       2.00000000E+00       4.00000000E+00
   488.6000       6.66666667E-01       2.00000000E+00       4.00000000E+00
   488.7000       6.66666667E-01       2.00000000E+00       4.00000000E+00
   488.8000       6.66666667E-01       2.00000000E+00       4.00000000E+00
   488.9000       6.66666667E-01       2.00000000E+00       4.00000000E+00
   489.0000       6.66666667E-01       2.00000000E+00       4.00000000E+00
   489.1000       6.66666667E-01       2.00000000E+00       4.00000000E+00
   489.2000       6.66666667E-01       2.00000000E+00       4.00000000E+00
   489.3000       6.66666667E-01       2.00000000E+00       4.00000000E+00
   489.4000       6.66666667E-01       2.00000000E+00       4.00000000E+00
   489.5000       6.66666667E-01       2.00000000E+00       4.00000000E+00
   489.6000       6.66666667E-01       2.00000000E+00       4.00000000E+00
   489.7000       6.66666667E-01       2.00000000E+00       4.00000000E+00
   489.8000       6.66666667E-01       2.00000000E+00       4.00000000E+00
   489.9000       6.66666667E-01       2.00000000E+00       4.00000000E+00
   490.0000       6.66666667E-01       2.00000000E+00       4.00000000E+00
   490.1000       6.66666667E-01       2.00000000E+00       4.00000000E+00
   490.2000       6.66666667E-01       2.00000000E+00       4.00000000E+00
   490.3000       6.66666667E-01       2.00000000E+00       4.00000000E+00
   490.4000       6.66666667E-01       2.00000000E+00       4.00000000E+00
   490.5000       6.66666667E-01       2.00000000E+00       4.00000000E+00
   490.6000       6.66666667E-01       2.00000000E+00       4.00000000E+00
   490.7000       6.66666667E-01       2.00000000E+00       4.00000000E+00
   490.8000       6.66666667E-01       2.00000000E+00       4.00000000E+00
   490.9000       6.66666667E-01       2.00000000E+00       4.00000000E+00
   491.0000       6.66666667E-01       2.00000000E+00       4.00000000E+00
   491.1000       6.66666667E-01       2.00000000E+00       4.00000000E+00
   491.2000       6.66666667E-01       2.00000000E+00       4.00000000E+00
   491.3000       6.66666667E-01       2.00000000E+00       4.00000000E+00
   491.4000       6.66666667E-01       2.00000000E+00       4.00000000E+00
   491.5000       6.66666667E-01       2.00000000E+00       4.00000000E+00
   491.6000       6.66666667E-01       2.00000000E+00       4.00000000E+00
   491.7000       6.66666667E-01       2.00000000E+00       4.00000000E+00
   491.8000       6.66666667E-01       2.00000000E+00       4.00000000E+00
   491.9000       6.66666667E-01       2.00000000E+00       4.00000000E+00
   492.0000       8.00000000E-01       2.00000000E+00       4.00000000E+00
   492.1000       8.00000000E-01       2.00000000E+00       4.00000000E+00
   492.2000       8.00000000E-01       2.00000000E+00       4.00000000E+00
   492.3000       8.00000000E-01       2.00000000E+00       4.00000000E+00
   492.4000       8.00000000E-01       2.00000000E+00       4.00000000E+00
   492.5000       8.00000000E-01       2.00000000E+00       4.00000000E+00
   492.6000       8.00000000E-01       2.00000000E+00       4.00000000E+00
   492.7000       8.00000000E-01       2.00000000E+00       4.00000000E+00
   492.8000       8.00000000E-01       2.00000000E+00       4.00000000E+00
   492.9000       8.00000000E-01       2.00000000E+00       4.00000000E+00
   493.0000       8.00000000E-01       2.00000000E+00       4.00000000E+00
   493.1000       8.00000000E-01       2.00000000E+00       4.00000000E+00
   493.2000       8.00000000E-01       2.00000000E+00       4.00000000E+00
   493.3000       8.00000000E-01       2.00000000E+00       4.00000000E+00
   493.4000       8.00000000E-01       2.00000000E+00       4.00000000E+00
   493.5000       6.66666667E-01       2.00000000E+00       4.00000000E+00
   493.6000       6.66666667E-01       2.00000000E+00       4.00000000E+00
   493.7000       6.66666667E-01       2.00000000E+00       4.00000000E+00
   493.8000       6.66666667E-01       2.00000000E+00       4.00000000E+00
   493.9000       6.66666667E-01       2.00000000E+00       4.00000000E+00
   494.0000       6.66666667E-01       2.00000000E+00       4.00000000E+00
   494.1000       6.66666667E-01       2.00000000E+00       4.00000000E+00
   494.2000       6.66666667E-01       2.00000000E+00       4.00000000E+00
   494.3000       6.66666667E-01       2.00000000E+00       4.00000000E+00
   494.4000       6.66666667E-01       2.00000000E+00       4.00000000E+00
   494.5000       6.66666667E-01       2.00000000E+00       4.00000000E+00
   494.6000       6.66666667E-01       2.00000000E+00       4.00000000E+00
   494.7000       6.66666667E-01       2.00000000E+00       4.00000000E+00
   494.8000       6.66666667E-01       2.00000000E+00       4.00000000E+00
   494.9000       6.66666667E-01       2.00000000E+00       4.00000000E+00
   495.0000       6.66666667E-01       2.00000000E+00       4.00000000E+00
   495.1000       6.66666667E-01       2.00000000E+00       4.00000000E+00
   495.2000       6.66666667E-01       2.00000000E+00       4.00000000E+00
   495.3000       6.66666667E-01       2.00000000E+00       4.00000000E+00
   495.4000       6.66666667E-01       2.00000000E+00       4.00000000E+00
   495.5000       6.66666667E-01       2.00000000E+00       4.00000000E+00
   495.6000       6.66666667E-01       2.00000000E+00       4.00000000E+00
   495.7000       6.66666667E-01       2.00000000E+00       4.00000000E+00
   495.8000       6.66666667E-01       2.00000000E+00       4.00000000E+00
   495.9000       6.66666667E-01       2.00000000E+00       4.00000000E+00
   496.0000       6.66666667E-01       2.00000000E+00       4.00000000E+00
   496.1000       6.66666667E-01       2.00000000E+00       4.00000000E+00
   496.2000       6.66666667E-01       2.00000000E+00       4.00000000E+00
   496.3000       6.66666667E-01       2.00000000E+00       4.00000000E+00
   496.4000       6.66666667E-01       2.00000000E+00       4.00000000E+00
   496.5000       6.66666667E-01       2.00000000E+00       4.00000000E+00
   496.6000       6.66666667E-01       2.00000000E+00       4.00000000E+00
   496.7000       6.66666667E-01       2.00000000E+00       4.00000000E+00
   496.8000       6.66666667E-01       2.00000000E+00       4.00000000E+00
   496.9000       6.66666667E-01       2.00000000E+00       4.00000000E+00
   497.0000       6.66666667E-01       2.00000000E+00       4.00000000E+00
   497.1000       6.66666667E-01       2.00000000E+00       4.00000000E+00
   497.2000       6.66666667E-01       2.00000000E+00       4.00000000E+00
   497.3000       6.66666667E-01       2.00000000E+00       4.00000000E+00
   497.4000       6.66666667E-01       2.00000000E+00       4.00000000E+00
   497.5000       6.66666667E-01       2.00000000E+00       4.00000000E+00
   497.6000       6.66666667E-01       2.00000000E+00       4.00000000E+00
   497.7000       6.66666667E-01       2.00000000E+00       4.00000000E+00
   497.8000       6.66666667E-01       2.00000000E+00       4.00000000E+00
   497.9000       6.66666667E-01       2.00000000E+00       4.00000000E+00
   498.0000       6.66666667E-01       2.00000000E+00       4.00000000E+00
   498.1000       8.00000000E-01       2.00000000E+00       4.00000000E+00
   498.2000       8.00000000E-01       2.00000000E+00       4.00000000E+00
   498.3000       8.00000000E-01       2.00000000E+00       4.00000000E+00
   498.4000       8.00000000E-01       2.00000000E+00       4.00000000E+00
   498.5000       8.00000000E-01       2.00000000E+00       4.00000000E+00
   498.6000       8.00000000E-01       2.00000000E+00       4.00000000E+00
   498.7000       6.66666667E-01       2.00000000E+00       4.00000000E+00
   498.8000       6.66666667E-01       2.00000000E+00       4.00000000E+00
   498.9000       6.66666667E-01       2.00000000E+00       4.00000000E+00
   499.0000       6.66666667E-01       2.00000000E+00       4.00000000E+00
   499.1000       6.66666667E-01       2.00000000E+00       4.00000000E+00
   499.2000       6.66666667E-01       2.00000000E+00       4.00000000E+00
   499.3000       6.66666667E-01       2.00000000E+00       4.00000000E+00
   499.4000       6.66666667E-01       2.00000000E+00       4.00000000E+00
   499.5000       6.66666667E-01       2.00000000E+00       4.00000000E+00
   499.6000       6.66666667E-01       2.00000000E+00       4.00000000E+00
   499.7000       6.66666667E-01       2.00000000E+00       4.00000000E+00
   499.8000       6.66666667E-01       2.00000000E+00       4.00000000E+00
   499.9000       6.66666667E-01       2.00000000E+00       4.00000000E+00
   500.0000       6.66666667E-01       2.00000000E+00       4.00000000E+00
   500.1000       6.66666667E-01       2.00000000E+00       4.00000000E+00
   500.2000       6.66666667E-01       2.00000000E+00       4.00000000E+00
   500.3000       6.66666667E-01       2.00000000E+00       4.00000000E+00
   500.4000       6.66666667E-01       2.00000000E+00       4.00000000E+00
   500.5000       6.66666667E-01       2.00000000E+00       4.00000000E+00
   500.6000       6.66666667E-01       2.00000000E+00       4.00000000E+00
   500.7000       6.66666667E-01       2.00000000E+00       4.00000000E+00
   500.8000       6.66666667E-01       2.00000000E+00       4.00000000E+00
   500.9000       6.66666667E-01       2.00000000E+00       4.00000000E+00
   501.0000       6.66666667E-01       2.00000000E+00       4.00000000E+00
   501.1000       6.66666667E-01       2.00000000E+00       4.00000000E+00
   501.2000       6.66666667E-01       2.00000000E+00       4.00000000E+00
   501.3000       6.66666667E-01       2.00000000E+00       4.00000000E+00
   501.4000       6.66666667E-01       2.00000000E+00       4.00000000E+00
   501.5000       6.66666667E-01       2.00000000E+00       4.00000000E+00
   501.6000       6.66666667E-01       2.00000000E+00       4.00000000E+00
   501.7000       6.66666667E-01       2.00000000E+00       4.00000000E+00
   501.8000       6.66666667E-01       2.00000000E+00       4.00000000E+00
   501.9000       6.66666667E-01       2.00000000E+00       4.00000000E+00
   502.0000       6.66666667E-01       2.00000000E+00       4.00000000E+00
   502.1000       6.66666667E-01       2.00000000E+00       4.00000000E+00
   502.2000       6.66666667E-01       2.00000000E+00       4.00000000E+00
   502.3000       6.66666667E-01       2.00000000E+00       4.00000000E+00
   502.4000       6.66666667E-01       2.00000000E+00       4.00000000E+00
   502.5000       6.66666667E-01       2.00000000E+00       4.00000000E+00
   502.6000       6.66666667E-01       2.00000000E+00       4.00000000E+00
   502.7000       6.66666667E-01       2.00000000E+00       4.00000000E+00
   502.8000       6.66666667E-01       2.00000000E+00       4.00000000E+00
   502.9000       6.66666667E-01       2.00000000E+00       4.00000000E+00
   503.0000       6.66666667E-01       2.00000000E+00       4.00000000E+00
   503.1000       8.00000000E-01       2.00000000E+00       4.00000000E+00
   503.2000       8.00000000E-01       2.00000000E+00       4.00000000E+00
   503.3000       8.00000000E-01       2.00000000E+00       4.00000000E+00
   503.4000       8.00000000E-01       2.00000000E+00       4.00000000E+00
   503.5000       8.00000000E-01       2.00000000E+00       4.00000000E+00
   503.6000       8.00000000E-01       2.00000000E+00       4.00000000E+00
   503.7000       8.00000000E-01       2.00000000E+00       4.00000000E+00
   503.8000       8.00000000E-01       2.00000000E+00       4.00000000E+00
   503.9000       8.00000000E-01       2.00000000E+00       4.00000000E+00
   504.0000       8.00000000E-01       2.00000000E+00       4.00000000E+00
   504.1000       8.00000000E-01       2.00000000E+00       4.00000000E+00
   504.2000       8.00000000E-01       2.00000000E+00       4.00000000E+00
   504.3000       8.00000000E-01       2.00000000E+00       4.00000000E+00
   504.4000       8.00000000E-01       2.00000000E+00       4.00000000E+00
   504.5000       8.00000000E-01       2.00000000E+00       4.00000000E+00
   504.6000       8.00000000E-01       2.00000000E+00       4.00000000E+00
   504.7000       8.00000000E-01       2.00000000E+00       4.00000000E+00
   504.8000       8.00000000E-01       2.00000000E+00       4.00000000E+00
   504.9000       8.00000000E-01       2.00000000E+00       4.00000000E+00
   505.0000       8.00000000E-01       2.00000000E+00       4.00000000E+00
   505.1000       1.00000000E+00       2.00000000E+00       4.00000000E+00
   505.2000       1.00000000E+00       2.00000000E+00       4.00000000E+00
   505.3000       1.00000000E+00       2.00000000E+00       4.00000000E+00
   505.4000       1.00000000E+00       2.00000000E+00       4.00000000E+00
   505.5000       1.00000000E+00       2.00000000E+00       4.00000000E+00
   505.6000       1.00000000E+00       2.00000000E+00       4.00000000E+00
   505.7000       1.00000000E+00       2.00000000E+00       4.00000000E+00
   505.8000       1.00000000E+00       2.00000000E+00       4.00000000E+00
   505.9000       1.00000000E+00       2.00000000E+00       4.00000000E+00
   506.0000       1.00000000E+00       2.00000000E+00       4.00000000E+00
   506.1000       1.00000000E+00       2.00000000E+00       4.00000000E+00
   506.2000       1.00000000E+00       2.00000000E+00       4.00000000E+00
   506.3000       1.00000000E+00       2.00000000E+00       4.00000000E+00
   506.4000       1.00000000E+00       2.00000000E+00       4.00000000E+00
   506.5000       1.00000000E+00       2.00000000E+00       4.00000000E+00
   506.6000       1.00000000E+00       2.00000000E+00       4.00000000E+00
   506.7000       1.00000000E+00       2.00000000E+00       4.00000000E+00
   506.8000       1.00000000E+00       2.00000000E+00       4.00000000E+00
   506.9000       1.00000000E+00       2.00000000E+00       4.00000000E+00
   507.0000       6.66666667E-01       2.00000000E+00       4.00000000E+00
   507.1000       6.66666667E-01       2.00000000E+00       4.00000000E+00
   507.2000       6.66666667E-01       2.00000000E+00       4.00000000E+00
   507.3000       6.66666667E-01       2.00000000E+00       4.00000000E+00
   507.4000       6.66666667E-01       2.00000000E+00       4.00000000E+00
   507.5000       6.66666667E-01       2.00000000E+00       4.00000000E+00
   507.6000       6.66666667E-01       2.00000000E+00       4.00000000E+00
   507.7000       6.66666667E-01       2.00000000E+00       4.00000000E+00
   507.8000       6.66666667E-01       2.00000000E+00       4.00000000E+00
   507.9000       6.66666667E-01       2.00000000E+00       4.00000000E+00
   508.0000       6.66666667E-01       2.00000000E+00       4.00000000E+00
   508.1000       6.66666667E-01       2.00000000E+00       4.00000000E+00
   508.2000       6.66666667E-01       2.00000000E+00       4.00000000E+00
   508.3000       6.66666667E-01       2.00000000E+00       4.00000000E+00
   508.4000       6.66666667E-01       2.00000000E+00       4.00000000E+00
   508.5000       6.66666667E-01       2.00000000E+00       4.00000000E+00
   508.6000       6.66666667E-01       2.00000000E+00       4.00000000E+00
   508.7000       6.66666667E-01       2.00000000E+00       4.00000000E+00
   508.8000       6.66666667E-01       2.00000000E+00       4.00000000E+00
   508.9000       6.66666667E-01       2.00000000E+00       4.00000000E+00
   509.0000       6.66666667E-01       2.00000000E+00       4.00000000E+00
   509.1000       6.66666667E-01       2.00000000E+00       4.00000000E+00
   509.2000       6.66666667E-01       2.00000000E+00       4.00000000E+00
   509.3000       6.66666667E-01       2.00000000E+00       4.00000000E+00
   509.4000       6.66666667E-01       2.00000000E+00       4.00000000E+00
   509.5000       6.66666667E-01       2.00000000E+00       4.00000000E+00
   509.6000       6.66666667E-01       2.00000000E+00       4.00000000E+00
   509.7000       6.66666667E-01       2.00000000E+00       4.00000000E+00
   509.8000       6.66666667E-01       2.00000000E+00       4.00000000E+00
   509.9000       6.66666667E-01       2.00000000E+00       4.00000000E+00
   510.0000       6.66666667E-01       2.00000000E+00       4.00000000E+00
   510.1000       6.66666667E-01       2.00000000E+00       4.00000000E+00
   510.2000       6.66666667E-01       2.00000000E+00       4.00000000E+00
   510.3000       6.66666667E-01       2.00000000E+00       4.00000000E+00
   510.4000       6.66666667E-01       2.00000000E+00       4.00000000E+00
   510.5000       6.66666667E-01       2.00000000E+00       4.00000000E+00
   510.6000       6.66666667E-01       2.00000000E+00       4.00000000E+00
   510.7000       6.66666667E-01       2.00000000E+00       4.00000000E+00
   510.8000       6.66666667E-01       2.00000000E+00       4.00000000E+00
   510.9000       6.66666667E-01       2.00000000E+00       4.00000000E+00
   511.0000       6.66666667E-01       2.00000000E+00       4.00000000E+00
   511.1000       6.66666667E-01       2.00000000E+00       4.00000000E+00
   511.2000       6.66666667E-01       2.00000000E+00       4.00000000E+00
   511.3000       6.66666667E-01       2.00000000E+00       4.00000000E+00
   511.4000       6.66666667E-01       2.00000000E+00       4.00000000E+00
   511.5000       6.66666667E-01       2.00000000E+00       4.00000000E+00
   511.6000       6.66666667E-01       2.00000000E+00       4.00000000E+00
   511.7000       6.66666667E-01       2.00000000E+00       4.00000000E+00
   511.8000       6.66666667E-01       2.00000000E+00       4.00000000E+00
   511.9000       6.66666667E-01       2.00000000E+00       4.00000000E+00
   512.0000       6.66666667E-01       2.00000000E+00       4.00000000E+00
   512.1000       6.66666667E-01       2.00000000E+00       4.00000000E+00
   512.2000       6.66666667E-01       2.00000000E+00       4.00000000E+00
   512.3000       6.66666667E-01       2.00000000E+00       4.00000000E+00
   512.4000       6.66666667E-01       2.00000000E+00       4.00000000E+00
   512.5000       6.66666667E-01       2.00000000E+00       4.00000000E+00
   512.6000       6.66666667E-01       2.00000000E+00       4.00000000E+00
   512.7000       6.66666667E-01       2.00000000E+00       4.00000000E+00
   512.8000       6.66666667E-01       2.00000000E+00       4.00000000E+00
   512.9000       6.66666667E-01       2.00000000E+00       4.00000000E+00
   513.0000       6.66666667E-01       2.00000000E+00       4.00000000E+00
   513.1000       6.66666667E-01       2.00000000E+00       4.00000000E+00
   513.2000       6.66666667E-01       2.00000000E+00       4.00000000E+00
   513.3000       6.66666667E-01       2.00000000E+00       4.00000000E+00
   513.4000       6.66666667E-01       2.00000000E+00       4.00000000E+00
   513.5000       6.66666667E-01       2.00000000E+00       4.00000000E+00
   513.6000       8.00000000E-01       2.00000000E+00       4.00000000E+00
   513.7000       8.00000000E-01       2.00000000E+00       4.00000000E+00
   513.8000       8.00000000E-01       2.00000000E+00       4.00000000E+00
   513.9000       8.00000000E-01       2.00000000E+00       4.00000000E+00
   514.0000       8.00000000E-01       2.00000000E+00       4.00000000E+00
   514.1000       8.00000000E-01       2.00000000E+00       4.00000000E+00
   514.2000       8.00000000E-01       2.00000000E+00       4.00000000E+00
   514.3000       8.00000000E-01       2.00000000E+00       4.00000000E+00
   514.4000       8.00000000E-01       2.00000000E+00       4.00000000E+00
   514.5000       1.00000000E+00       2.00000000E+00       4.00000000E+00
   514.6000       1.00000000E+00       2.00000000E+00       4.00000000E+00
   514.7000       1.00000000E+00       2.00000000E+00       4.00000000E+00
   514.8000       1.00000000E+00       2.00000000E+00       4.00000000E+00
   514.9000       1.00000000E+00       2.00000000E+00       4.00000000E+00
   515.0000       1.00000000E+00       2.00000000E+00       4.00000000E+00
   515.1000       1.00000000E+00       2.00000000E+00       4.00000000E+00
   515.2000       1.00000000E+00       2.00000000E+00       4.00000000E+00
   515.3000       1.00000000E+00       2.00000000E+00       4.00000000E+00
   515.4000       1.00000000E+00       2.00000000E+00       4.00000000E+00
   515.5000       1.00000000E+00       2.00000000E+00       4.00000000E+00
   515.6000       1.00000000E+00       2.00000000E+00       4.00000000E+00
   515.7000       1.00000000E+00       2.00000000E+00       4.00000000E+00
   515.8000       1.00000000E+00       2.00000000E+00       4.00000000E+00
   515.9000       1.00000000E+00       2.00000000E+00       4.00000000E+00
   516.0000       1.00000000E+00       2.00000000E+00       4.00000000E+00
   516.1000       1.00000000E+00       2.00000000E+00       4.00000000E+00
   516.2000       1.00000000E+00       2.00000000E+00       4.00000000E+00
   516.3000       1.00000000E+00       2.00000000E+00       4.00000000E+00
   516.4000       1.00000000E+00       2.00000000E+00       4.00000000E+00
   516.5000       1.00000000E+00       2.00000000E+00       4.00000000E+00
   516.6000       1.00000000E+00       2.00000000E+00       4.00000000E+00
   516.7000       1.00000000E+00       2.00000000E+00       4.00000000E+00
   516.8000       1.00000000E+00       2.00000000E+00       4.00000000E+00
   516.9000       1.00000000E+00       2.00000000E+00       4.00000000E+00
   517.0000       1.00000000E+00       2.00000000E+00       4.00000000E+00
   517.1000       1.00000000E+00       2.00000000E+00       4.00000000E+00
   517.2000       1.00000000E+00       2.00000000E+00       4.00000000E+00
   517.3000       1.00000000E+00       2.00000000E+00       4.00000000E+00
   517.4000       1.00000000E+00       2.00000000E+00       4.00000000E+00
   517.5000       1.00000000E+00       2.00000000E+00       4.00000000E+00
   517.6000       1.00000000E+00       2.00000000E+00       4.00000000E+00
   517.7000       1.00000000E+00       2.00000000E+00       4.00000000E+00
   517.8000       1.00000000E+00       2.00000000E+00       4.00000000E+00
   517.9000       8.00000000E-01       2.00000000E+00       4.00000000E+00
   518.0000       8.00000000E-01       2.00000000E+00       4.00000000E+00
   518.1000       8.00000000E-01       2.00000000E+00       4.00000000E+00
   518.2000       8.00000000E-01       2.00000000E+00       4.00000000E+00
   518.3000       8.00000000E-01       2.00000000E+00       4.00000000E+00
   518.4000       8.00000000E-01       2.00000000E+00       4.00000000E+00
   518.5000       8.00000000E-01       2.00000000E+00       4.00000000E+00
   518.6000       8.00000000E-01       2.00000000E+00       4.00000000E+00
   518.7000       8.00000000E-01       2.00000000E+00       4.00000000E+00
   518.8000       8.00000000E-01       2.00000000E+00       4.00000000E+00
   518.9000       8.00000000E-01       2.00000000E+00       4.00000000E+00
   519.0000       8.00000000E-01       2.00000000E+00       4.00000000E+00
   519.1000       8.00000000E-01       2.00000000E+00       4.00000000E+00
   519.2000       8.00000000E-01       2.00000000E+00       4.00000000E+00
   519.3000       8.00000000E-01       2.00000000E+00       4.00000000E+00
   519.4000       8.00000000E-01       2.00000000E+00       4.00000000E+00
   519.5000       8.00000000E-01       2.00000000E+00       4.00000000E+00
   519.6000       8.00000000E-01       2.00000000E+00       4.00000000E+00
   519.7000       8.00000000E-01       2.00000000E+00       4.00000000E+00
   519.8000       8.00000000E-01       2.00000000E+00       4.00000000E+00
   519.9000       8.00000000E-01       2.00000000E+00       4.00000000E+00
   520.0000       8.00000000E-01       2.00000000E+00       4.00000000E+00
   520.1000       8.00000000E-01       2.00000000E+00       4.00000000E+00
   520.2000       8.00000000E-01       2.00000000E+00       4.00000000E+00
   520.3000       8.00000000E-01       2.00000000E+00       4.00000000E+00
   520.4000       8.00000000E-01       2.00000000E+00       4.00000000E+00
   520.5000       8.00000000E-01       2.00000000E+00       4.00000000E+00
   520.6000       8.00000000E-01       2.00000000E+00       4.00000000E+00
   520.7000       8.00000000E-01       2.00000000E+00       4.00000000E+00
   520.8000       8.00000000E-01       2.00000000E+00       4.00000000E+00
   520.9000       6.66666667E-01       2.00000000E+00       4.00000000E+00
   521.0000       6.66666667E-01       2.00000000E+00       4.00000000E+00
   521.1000       6.66666667E-01       2.00000000E+00       4.00000000E+00
   521.2000       6.66666667E-01       2.00000000E+00       4.00000000E+00
   521.3000       6.66666667E-01       2.00000000E+00       4.00000000E+00
   521.4000       6.66666667E-01       2.00000000E+00       4.00000000E+00
   521.5000       6.66666667E-01       2.00000000E+00       4.00000000E+00
   521.6000       6.66666667E-01       2.00000000E+00       4.00000000E+00
   521.7000       6.66666667E-01       2.00000000E+00       4.00000000E+00
   521.8000       6.66666667E-01       2.00000000E+00       4.00000000E+00
   521.9000       6.66666667E-01       2.00000000E+00       4.00000000E+00
   522.0000       6.66666667E-01       2.00000000E+00       4.00000000E+00
   522.1000       6.66666667E-01       2.00000000E+00       4.00000000E+00
   522.2000       6.66666667E-01       2.00000000E+00       4.00000000E+00
   522.3000       6.66666667E-01       2.00000000E+00       4.00000000E+00
   522.4000       6.66666667E-01       2.00000000E+00       4.00000000E+00
   522.5000       6.66666667E-01       2.00000000E+00       4.00000000E+00
   522.6000       6.66666667E-01       2.00000000E+00       4.00000000E+00
   522.7000       6.66666667E-01       2.00000000E+00       4.00000000E+00
   522.8000       6.66666667E-01       2.00000000E+00       4.00000000E+00
   522.9000       1.00000000E+00       2.00000000E+00       4.00000000E+00
   523.0000       1.00000000E+00       2.00000000E+00       4.00000000E+00
   523.1000       1.00000000E+00       2.00000000E+00       4.00000000E+00
   523.2000       1.00000000E+00       2.00000000E+00       4.00000000E+00
   523.3000       1.00000000E+00       2.00000000E+00       4.00000000E+00
   523.4000       1.00000000E+00       2.00000000E+00       4.00000000E+00
   523.5000       1.00000000E+00       2.00000000E+00       4.00000000E+00
   523.6000       1.00000000E+00       2.00000000E+00       4.00000000E+00
   523.7000       1.00000000E+00       2.00000000E+00       4.00000000E+00
   523.8000       1.00000000E+00       2.00000000E+00       4.00000000E+00
   523.9000       1.00000000E+00       2.00000000E+00       4.00000000E+00
   524.0000       1.00000000E+00       2.00000000E+00       4.00000000E+00
   524.1000       1.00000000E+00       2.00000000E+00       4.00000000E+00
   524.2000       1.00000000E+00       2.00000000E+00       4.00000000E+00
   524.3000       1.00000000E+00       2.00000000E+00       4.00000000E+00
   524.4000       1.00000000E+00       2.00000000E+00       4.00000000E+00
   524.5000       1.00000000E+00       2.00000000E+00       4.00000000E+00
   524.6000       1.00000000E+00       2.00000000E+00       4.00000000E+00
   524.7000       1.00000000E+00       2.00000000E+00       4.00000000E+00
   524.8000       1.00000000E+00       2.00000000E+00       4.00000000E+00
   524.9000       1.00000000E+00       2.00000000E+00       4.00000000E+00
   525.0000       1.00000000E+00       2.00000000E+00       4.00000000E+00
   525.1000       1.00000000E+00       2.00000000E+00       4.00000000E+00
   525.2000       1.00000000E+00       2.00000000E+00       4.00000000E+00
   525.3000       1.00000000E+00       2.00000000E+00       4.00000000E+00
   525.4000       1.00000000E+00       2.00000000E+00       4.00000000E+00
   525.5000       1.00000000E+00       2.00000000E+00       4.00000000E+00
   525.6000       1.00000000E+00       2.00000000E+00       4.00000000E+00
   525.7000       1.00000000E+00       2.00000000E+00       4.00000000E+00
   525.8000       1.00000000E+00       2.00000000E+00       4.00000000E+00
   525.9000       1.00000000E+00       2.00000000E+00       4.00000000E+00
   526.0000       1.00000000E+00       2.00000000E+00       4.00000000E+00
   526.1000       1.00000000E+00       2.00000000E+00       4.00000000E+00
   526.2000       1.00000000E+00       2.00000000E+00       4.00000000E+00
   526.3000       1.00000000E+00       2.00000000E+00       4.00000000E+00
   526.4000       8.00000000E-01       2.00000000E+00       4.00000000E+00
   526.5000       8.00000000E-01       2.00000000E+00       4.00000000E+00
   526.6000       8.00000000E-01       2.00000000E+00       4.00000000E+00
   526.7000       8.00000000E-01       2.00000000E+00       4.00000000E+00
   526.8000       8.00000000E-01       2.00000000E+00       4.00000000E+00
   526.9000       8.00000000E-01       2.00000000E+00       4.00000000E+00
   527.0000       8.00000000E-01       2.00000000E+00       4.00000000E+00
   527.1000       8.00000000E-01       2.00000000E+00       4.00000000E+00
   527.2000       8.00000000E-01       2.00000000E+00       4.00000000E+00
   527.3000       8.00000000E-01       2.00000000E+00       4.00000000E+00
   527.4000       8.00000000E-01       2.00000000E+00       4.00000000E+00
   527.5000       8.00000000E-01       2.00000000E+00       4.00000000E+00
   527.6000       8.00000000E-01       2.00000000E+00       4.00000000E+00
   527.7000       8.00000000E-01       2.00000000E+00       4.00000000E+00
   527.8000       8.00000000E-01       2.00000000E+00       4.00000000E+00
   527.9000       8.00000000E-01       2.00000000E+00       4.00000000E+00
   528.0000       8.00000000E-01       2.00000000E+00       4.00000000E+00
   528.1000       8.00000000E-01       2.00000000E+00       4.00000000E+00
   528.2000       8.00000000E-01       2.00000000E+00       4.00000000E+00
   528.3000       8.00000000E-01       2.00000000E+00       4.00000000E+00
   528.4000       8.00000000E-01       2.00000000E+00       4.00000000E+00
   528.5000       1.00000000E+00       2.00000000E+00       4.00000000E+00
   528.6000       1.00000000E+00       2.00000000E+00       4.00000000E+00
   528.7000       1.00000000E+00       2.00000000E+00       4.00000000E+00
   528.8000       1.00000000E+00       2.00000000E+00       4.00000000E+00
   528.9000       1.00000000E+00       2.00000000E+00       4.00000000E+00
   529.0000       1.00000000E+00       2.00000000E+00       4.00000000E+00
   529.1000       1.00000000E+00       2.00000000E+00       4.00000000E+00
   529.2000       1.00000000E+00       2.00000000E+00       4.00000000E+00
   529.3000       1.00000000E+00       2.00000000E+00       4.00000000E+00
   529.4000       1.00000000E+00       2.00000000E+00       4.00000000E+00
   529.5000       1.00000000E+00       2.00000000E+00       4.00000000E+00
   529.6000       1.00000000E+00       2.00000000E+00       4.00000000E+00
   529.7000       1.00000000E+00       2.00000000E+00       4.00000000E+00
   529.8000       1.00000000E+00       2.00000000E+00       4.00000000E+00
   529.9000       1.00000000E+00       2.00000000E+00       4.00000000E+00
   530.0000       1.00000000E+00       2.00000000E+00       4.00000000E+00
   530.1000       1.00000000E+00       2.00000000E+00       4.00000000E+00
   530.2000       1.00000000E+00       2.00000000E+00       4.00000000E+00
   530.3000       1.00000000E+00       2.00000000E+00       4.00000000E+00
   530.4000       1.00000000E+00       2.00000000E+00       4.00000000E+00
   530.5000       1.00000000E+00       2.00000000E+00       4.00000000E+00
   530.6000       1.00000000E+00       2.00000000E+00       4.00000000E+00
   530.7000       4.44444444E-01       2.00000000E+00       4.00000000E+00
   530.8000       4.44444444E-01       2.00000000E+00       4.00000000E+00
   530.9000       4.44444444E-01       2.00000000E+00       4.00000000E+00
   531.0000       4.44444444E-01       2.00000000E+00       4.00000000E+00
   531.1000       4.44444444E-01       2.00000000E+00       4.00000000E+00
   531.2000       4.44444444E-01       2.00000000E+00       4.00000000E+00
   531.3000       4.44444444E-01       2.00000000E+00       4.00000000E+00
   531.4000       4.44444444E-01       2.00000000E+00       4.00000000E+00
   531.5000       4.44444444E-01       2.00000000E+00       4.00000000E+00
   531.6000       4.44444444E-01       2.00000000E+00       4.00000000E+00
   531.7000       4.44444444E-01       2.00000000E+00       4.00000000E+00
   531.8000       4.44444444E-01       2.00000000E+00       4.00000000E+00
   531.9000       4.44444444E-01       2.00000000E+00       4.00000000E+00
   532.0000       4.44444444E-01       2.00000000E+00       4.00000000E+00
   532.1000       4.44444444E-01       2.00000000E+00       4.00000000E+00
   532.2000       4.44444444E-01       2.00000000E+00       4.00000000E+00
   532.3000       4.44444444E-01       2.00000000E+00       4.00000000E+00
   532.4000       4.44444444E-01       2.00000000E+00       4.00000000E+00
   532.5000       4.44444444E-01       2.00000000E+00       4.00000000E+00
   532.6000       4.44444444E-01       2.00000000E+00       4.00000000E+00
   532.7000       4.44444444E-01       2.00000000E+00       4.00000000E+00
   532.8000       4.44444444E-01       2.00000000E+00       4.00000000E+00
   532.9000       4.44444444E-01       2.00000000E+00       4.00000000E+00
   533.0000       4.44444444E-01       2.00000000E+00       4.00000000E+00
   533.1000       4.44444444E-01       2.00000000E+00       4.00000000E+00
   533.2000       4.44444444E-01       2.00000000E+00       4.00000000E+00
   533.3000       4.44444444E-01       2.00000000E+00       4.00000000E+00
   533.4000       4.44444444E-01       2.00000000E+00       4.00000000E+00
   533.5000       4.44444444E-01       2.00000000E+00       4.00000000E+00
   533.6000       4.44444444E-01       2.00000000E+00       4.00000000E+00
   533.7000       4.44444444E-01       2.00000000E+00       4.00000000E+00
   533.8000       4.44444444E-01       2.00000000E+00       4.00000000E+00
   533.9000       4.44444444E-01       2.00000000E+00       4.00000000E+00
   534.0000       4.44444444E-01       2.00000000E+00       4.00000000E+00
   534.1000       4.44444444E-01       2.00000000E+00       4.00000000E+00
   534.2000       4.44444444E-01       2.00000000E+00       4.00000000E+00
   534.3000       4.44444444E-01       2.00000000E+00       4.00000000E+00
   534.4000       4.44444444E-01       2.00000000E+00       4.00000000E+00
   534.5000       4.44444444E-01       2.00000000E+00       4.00000000E+00
   534.6000       4.44444444E-01       2.00000000E+00       4.00000000E+00
   534.7000       4.44444444E-01       2.00000000E+00       4.00000000E+00
   534.8000       4.44444444E-01       2.00000000E+00       4.00000000E+00
   534.9000       4.44444444E-01       2.00000000E+00       4.00000000E+00
   535.0000       4.44444444E-01       2.00000000E+00       4.00000000E+00
   535.1000       4.44444444E-01       2.00000000E+00       4.00000000E+00
   535.2000       4.44444444E-01       2.00000000E+00       4.00000000E+00
   535.3000       4.44444444E-01       2.00000000E+00       4.00000000E+00
   535.4000       4.44444444E-01       2.00000000E+00       4.00000000E+00
   535.5000       4.44444444E-01       2.00000000E+00       4.00000000E+00
   535.6000       4.44444444E-01       2.00000000E+00       4.00000000E+00
   535.7000       4.44444444E-01       2.00000000E+00       4.00000000E+00
   535.8000       4.44444444E-01       2.00000000E+00       4.00000000E+00
   535.9000       4.44444444E-01       2.00000000E+00       4.00000000E+00
   536.0000       4.44444444E-01       2.00000000E+00       4.00000000E+00
   536.1000       4.44444444E-01       2.00000000E+00       4.00000000E+00
   536.2000       4.44444444E-01       2.00000000E+00       4.00000000E+00
   536.3000       4.44444444E-01       2.00000000E+00       4.00000000E+00
   536.4000       4.44444444E-01       2.00000000E+00       4.00000000E+00
   536.5000       4.44444444E-01       2.00000000E+00       4.00000000E+00
   536.6000       4.44444444E-01       2.00000000E+00       4.00000000E+00
   536.7000       4.44444444E-01       2.00000000E+00       4.00000000E+00
   536.8000       4.44444444E-01       2.00000000E+00       4.00000000E+00
   536.9000       4.44444444E-01       2.00000000E+00       4.00000000E+00
   537.0000       4.44444444E-01       2.00000000E+00       4.00000000E+00
   537.1000       4.44444444E-01       2.00000000E+00       4.00000000E+00
   537.2000       4.44444444E-01       2.00000000E+00       4.00000000E+00
   537.3000       4.44444444E-01       2.00000000E+00       4.00000000E+00
   537.4000       4.44444444E-01       2.00000000E+00       4.00000000E+00
   537.5000       4.44444444E-01       2.00000000E+00       4.00000000E+00
   537.6000       4.44444444E-01       2.00000000E+00       4.00000000E+00
   537.7000       4.44444444E-01       2.00000000E+00       4.00000000E+00
   537.8000       4.44444444E-01       2.00000000E+00       4.00000000E+00
   537.9000       4.44444444E-01       2.00000000E+00       4.00000000E+00
   538.0000       4.44444444E-01       2.00000000E+00       4.00000000E+00
   538.1000       4.44444444E-01       2.00000000E+00       4.00000000E+00
   538.2000       4.44444444E-01       2.00000000E+00       4.00000000E+00
   538.3000       4.44444444E-01       2.00000000E+00       4.00000000E+00
   538.4000       4.44444444E-01       2.00000000E+00       4.00000000E+00
   538.5000       6.66666667E-01       2.00000000E+00       4.00000000E+00
   538.6000       6.66666667E-01       2.00000000E+00       4.00000000E+00
   538.7000       6.66666667E-01       2.00000000E+00       4.00000000E+00
   538.8000       6.66666667E-01       2.00000000E+00       4.00000000E+00
   538.9000       6.66666667E-01       2.00000000E+00       4.00000000E+00
   539.0000       6.66666667E-01       2.00000000E+00       4.00000000E+00
   539.1000       6.66666667E-01       2.00000000E+00       4.00000000E+00
   539.2000       6.66666667E-01       2.00000000E+00       4.00000000E+00
   539.3000       6.66666667E-01       2.00000000E+00       4.00000000E+00
   539.4000       6.66666667E-01       2.00000000E+00       4.00000000E+00
   539.5000       6.66666667E-01       2.00000000E+00       4.00000000E+00
   539.6000       6.66666667E-01       2.00000000E+00       4.00000000E+00
   539.7000       6.66666667E-01       2.00000000E+00       4.00000000E+00
   539.8000       6.66666667E-01       2.00000000E+00       4.00000000E+00
   539.9000       6.66666667E-01       2.00000000E+00       4.00000000E+00
   540.0000       6.66666667E-01       2.00000000E+00       4.00000000E+00
   540.1000       6.66666667E-01       2.00000000E+00       4.00000000E+00
   540.2000       6.66666667E-01       2.00000000E+00       4.00000000E+00
   540.3000       6.66666667E-01       2.00000000E+00       4.00000000E+00
   540.4000       1.00000000E+00       2.00000000E+00       4.00000000E+00
   540.5000       1.00000000E+00       2.00000000E+00       4.00000000E+00
   540.6000       1.00000000E+00       2.00000000E+00       4.00000000E+00
   540.7000       1.00000000E+00       2.00000000E+00       4.00000000E+00
   540.8000       1.00000000E+00       2.00000000E+00       4.00000000E+00
   540.9000       1.00000000E+00       2.00000000E+00       4.00000000E+00
   541.0000       1.00000000E+00       2.00000000E+00       4.00000000E+00
   541.1000       1.00000000E+00       2.00000000E+00       4.00000000E+00
   541.2000       1.00000000E+00       2.00000000E+00       4.00000000E+00
   541.3000       1.00000000E+00       2.00000000E+00       4.00000000E+00
   541.4000       1.00000000E+00       2.00000000E+00       4.00000000E+00
   541.5000       1.00000000E+00       2.00000000E+00       4.00000000E+00
   541.6000       1.00000000E+00       2.00000000E+00       4.00000000E+00
   541.7000       1.00000000E+00       2.00000000E+00       4.00000000E+00
   541.8000       1.00000000E+00       2.00000000E+00       4.00000000E+00
   541.9000       1.00000000E+00       2.00000000E+00       4.00000000E+00
   542.0000       1.00000000E+00       2.00000000E+00       4.00000000E+00
   542.1000       1.00000000E+00       2.00000000E+00       4.00000000E+00
   542.2000       1.00000000E+00       2.00000000E+00       4.00000000E+00
   542.3000       1.00000000E+00       2.00000000E+00       4.00000000E+00
   542.4000       1.00000000E+00       2.00000000E+00       4.00000000E+00
   542.5000       1.00000000E+00       2.00000000E+00       4.00000000E+00
   542.6000       1.00000000E+00       2.00000000E+00       4.00000000E+00
   542.7000       1.00000000E+00       2.00000000E+00       4.00000000E+00
   542.8000       1.00000000E+00       2.00000000E+00       4.00000000E+00
   542.9000       1.00000000E+00       2.00000000E+00       4.00000000E+00
   543.0000       1.00000000E+00       2.00000000E+00       4.00000000E+00
   543.1000       1.00000000E+00       2.00000000E+00       4.00000000E+00
   543.2000       1.00000000E+00       2.00000000E+00       4.00000000E+00
   543.3000       1.00000000E+00       2.00000000E+00       4.00000000E+00
   543.4000       1.00000000E+00       2.00000000E+00       4.00000000E+00
   543.5000       1.00000000E+00       2.00000000E+00       4.00000000E+00
   543.6000       1.00000000E+00       2.00000000E+00       4.00000000E+00
   543.7000       1.00000000E+00       2.00000000E+00       4.00000000E+00
   543.8000       1.00000000E+00       2.00000000E+00       4.00000000E+00
   543.9000       1.00000000E+00       2.00000000E+00       4.00000000E+00
   544.0000       1.00000000E+00       2.00000000E+00       4.00000000E+00
   544.1000       1.00000000E+00       2.00000000E+00       4.00000000E+00
   544.2000       1.00000000E+00       2.00000000E+00       4.00000000E+00
   544.3000       1.00000000E+00       2.00000000E+00       4.00000000E+00
   544.4000       1.00000000E+00       2.00000000E+00       4.00000000E+00
   544.5000       1.00000000E+00       2.00000000E+00       4.00000000E+00
   544.6000       1.00000000E+00       2.00000000E+00       4.00000000E+00
   544.7000       1.00000000E+00       2.00000000E+00       4.00000000E+00
   544.8000       1.00000000E+00       2.00000000E+00       4.00000000E+00
   544.9000       1.00000000E+00       2.00000000E+00       4.00000000E+00
   545.0000       1.00000000E+00       2.00000000E+00       4.00000000E+00
   545.1000       1.00000000E+00       2.00000000E+00       4.00000000E+00
   545.2000       1.00000000E+00       2.00000000E+00       4.00000000E+00
   545.3000       1.00000000E+00       2.00000000E+00       4.00000000E+00
   545.4000       1.00000000E+00       2.00000000E+00       4.00000000E+00
   545.5000       1.00000000E+00       2.00000000E+00       4.00000000E+00
   545.6000       1.00000000E+00       2.00000000E+00       4.00000000E+00
   545.7000       1.00000000E+00       2.00000000E+00       4.00000000E+00
   545.8000       1.00000000E+00       2.00000000E+00       4.00000000E+00
   545.9000       1.00000000E+00       2.00000000E+00       4.00000000E+00
   546.0000       1.00000000E+00       2.00000000E+00       4.00000000E+00
   546.1000       1.00000000E+00       2.00000000E+00       4.00000000E+00
   546.2000       1.00000000E+00       2.00000000E+00       4.00000000E+00
   546.3000       1.00000000E+00       2.00000000E+00       4.00000000E+00
   546.4000       4.44444444E-01       2.00000000E+00       4.00000000E+00
   546.5000       4.44444444E-01       2.00000000E+00       4.00000000E+00
   546.6000       4.44444444E-01       2.00000000E+00       4.00000000E+00
   546.7000       4.44444444E-01       2.00000000E+00       4.00000000E+00
   546.8000       4.44444444E-01       2.00000000E+00       4.00000000E+00
   546.9000       4.44444444E-01       2.00000000E+00       4.00000000E+00
   547.0000       4.44444444E-01       2.00000000E+00       4.00000000E+00
   547.1000       4.44444444E-01       2.00000000E+00       4.00000000E+00
   547.2000       4.44444444E-01       2.00000000E+00       4.00000000E+00
   547.3000       4.44444444E-01       2.00000000E+00       4.00000000E+00
   547.4000       4.44444444E-01       2.00000000E+00       4.00000000E+00
   547.5000       4.44444444E-01       2.00000000E+00       4.00000000E+00
   547.6000       4.44444444E-01       2.00000000E+00       4.00000000E+00
   547.7000       4.44444444E-01       2.00000000E+00       4.00000000E+00
   547.8000       4.44444444E-01       2.00000000E+00       4.00000000E+00
   547.9000       4.44444444E-01       2.00000000E+00       4.00000000E+00
   548.0000       4.44444444E-01       2.00000000E+00       4.00000000E+00
   548.1000       4.44444444E-01       2.00000000E+00       4.00000000E+00
   548.2000       4.44444444E-01       2.00000000E+00       4.00000000E+00
   548.3000       4.44444444E-01       2.00000000E+00       4.00000000E+00
   548.4000       4.44444444E-01       2.00000000E+00       4.00000000E+00
   548.5000       4.44444444E-01       2.00000000E+00       4.00000000E+00
   548.6000       4.44444444E-01       2.00000000E+00       4.00000000E+00
   548.7000       4.44444444E-01       2.00000000E+00       4.00000000E+00
   548.8000       4.44444444E-01       2.00000000E+00       4.00000000E+00
   548.9000       4.44444444E-01       2.00000000E+00       4.00000000E+00
   549.0000       4.44444444E-01       2.00000000E+00       4.00000000E+00
   549.1000       5.00000000E-01       2.00000000E+00       4.00000000E+00
   549.2000       5.00000000E-01       2.00000000E+00       4.00000000E+00
   549.3000       5.00000000E-01       2.00000000E+00       4.00000000E+00
   549.4000       5.00000000E-01       2.00000000E+00       4.00000000E+00
   549.5000       5.00000000E-01       2.00000000E+00       4.00000000E+00
   549.6000       5.00000000E-01       2.00000000E+00       4.00000000E+00
   549.7000       5.00000000E-01       2.00000000E+00       4.00000000E+00
   549.8000       5.00000000E-01       2.00000000E+00       4.00000000E+00
   549.9000       5.00000000E-01       2.00000000E+00       4.00000000E+00
   550.0000       5.00000000E-01       2.00000000E+00       4.00000000E+00
   550.1000       5.00000000E-01       2.00000000E+00       4.00000000E+00
   550.2000       5.00000000E-01       2.00000000E+00       4.00000000E+00
   550.3000       5.00000000E-01       2.00000000E+00       4.00000000E+00
   550.4000       5.00000000E-01       2.00000000E+00       4.00000000E+00
   550.5000       5.00000000E-01       2.00000000E+00       4.00000000E+00
   550.6000       5.00000000E-01       2.00000000E+00       4.00000000E+00
   550.7000       5.00000000E-01       2.00000000E+00       4.00000000E+00
   550.8000       5.00000000E-01       2.00000000E+00       4.00000000E+00
   550.9000       5.00000000E-01       2.00000000E+00       4.00000000E+00
   551.0000       5.00000000E-01       2.00000000E+00       4.00000000E+00
   551.1000       5.00000000E-01       2.00000000E+00       4.00000000E+00
   551.2000       5.00000000E-01       2.00000000E+00       4.00000000E+00
   551.3000       5.00000000E-01       2.00000000E+00       4.00000000E+00
   551.4000       5.00000000E-01       2.00000000E+00       4.00000000E+00
   551.5000       5.00000000E-01       2.00000000E+00       4.00000000E+00
   551.6000       5.00000000E-01       2.00000000E+00       4.00000000E+00
   551.7000       5.00000000E-01       2.00000000E+00       4.00000000E+00
   551.8000       5.00000000E-01       2.00000000E+00       4.00000000E+00
   551.9000       5.00000000E-01       2.00000000E+00       4.00000000E+00
   552.0000       5.00000000E-01       2.00000000E+00       4.00000000E+00
   552.1000       5.00000000E-01       2.00000000E+00       4.00000000E+00
   552.2000       5.00000000E-01       2.00000000E+00       4.00000000E+00
   552.3000       5.00000000E-01       2.00000000E+00       4.00000000E+00
   552.4000       5.00000000E-01       2.00000000E+00       4.00000000E+00
   552.5000       5.00000000E-01       2.00000000E+00       4.00000000E+00
   552.6000       5.00000000E-01       2.00000000E+00       4.00000000E+00
   552.7000       5.00000000E-01       2.00000000E+00       4.00000000E+00
   552.8000       5.00000000E-01       2.00000000E+00       4.00000000E+00
   552.9000       5.00000000E-01       2.00000000E+00       4.00000000E+00
   553.0000       5.00000000E-01       2.00000000E+00       4.00000000E+00
   553.1000       5.00000000E-01       2.00000000E+00       4.00000000E+00
   553.2000       5.00000000E-01       2.00000000E+00       4.00000000E+00
   553.3000       5.00000000E-01       2.00000000E+00       4.00000000E+00
   553.4000       5.00000000E-01       2.00000000E+00       4.00000000E+00
   553.5000       5.00000000E-01       2.00000000E+00       4.00000000E+00
   553.6000       5.00000000E-01       2.00000000E+00       4.00000000E+00
   553.7000       5.00000000E-01       2.00000000E+00       4.00000000E+00
   553.8000       5.00000000E-01       2.00000000E+00       4.00000000E+00
   553.9000       5.00000000E-01       2.00000000E+00       4.00000000E+00
   554.0000       5.00000000E-01       2.00000000E+00       4.00000000E+00
   554.1000       5.00000000E-01       2.00000000E+00       4.00000000E+00
   554.2000       5.00000000E-01       2.00000000E+00       4.00000000E+00
   554.3000       5.00000000E-01       2.00000000E+00       4.00000000E+00
   554.4000       5.00000000E-01       2.00000000E+00       4.00000000E+00
   554.5000       5.00000000E-01       2.00000000E+00       4.00000000E+00
   554.6000       5.00000000E-01       2.00000000E+00       4.00000000E+00
   554.7000       5.00000000E-01       2.00000000E+00       4.00000000E+00
   554.8000       6.66666667E-01       2.00000000E+00       4.00000000E+00
   554.9000       6.66666667E-01       2.00000000E+00       4.00000000E+00
   555.0000       6.66666667E-01       2.00000000E+00       4.00000000E+00
   555.1000       6.66666667E-01       2.00000000E+00       4.00000000E+00
   555.2000       6.66666667E-01       2.00000000E+00       4.00000000E+00
   555.3000       6.66666667E-01       2.00000000E+00       4.00000000E+00
   555.4000       6.66666667E-01       2.00000000E+00       4.00000000E+00
   555.5000       6.66666667E-01       2.00000000E+00       4.00000000E+00
   555.6000       6.66666667E-01       2.00000000E+00       4.00000000E+00
   555.7000       6.66666667E-01       2.00000000E+00       4.00000000E+00
   555.8000       6.66666667E-01       2.00000000E+00       4.00000000E+00
   555.9000       6.66666667E-01       2.00000000E+00       4.00000000E+00
   556.0000       6.66666667E-01       2.00000000E+00       4.00000000E+00
   556.1000       6.66666667E-01       2.00000000E+00       4.00000000E+00
   556.2000       6.66666667E-01       2.00000000E+00       4.00000000E+00
   556.3000       6.66666667E-01       2.00000000E+00       4.00000000E+00
   556.4000       6.66666667E-01       2.00000000E+00       4.00000000E+00
   556.5000       6.66666667E-01       2.00000000E+00       4.00000000E+00
   556.6000       6.66666667E-01       2.00000000E+00       4.00000000E+00
   556.7000       6.66666667E-01       2.00000000E+00       4.00000000E+00
   556.8000       6.66666667E-01       2.00000000E+00       4.00000000E+00
   556.9000       6.66666667E-01       2.00000000E+00       4.00000000E+00
   557.0000       6.66666667E-01       2.00000000E+00       4.00000000E+00
   557.1000       6.66666667E-01       2.00000000E+00       4.00000000E+00
   557.2000       6.66666667E-01       2.00000000E+00       4.00000000E+00
   557.3000       6.66666667E-01       2.00000000E+00       4.00000000E+00
   557.4000       6.66666667E-01       2.00000000E+00       4.00000000E+00
   557.5000       6.66666667E-01       2.00000000E+00       4.00000000E+00
   557.6000       6.66666667E-01       2.00000000E+00       4.00000000E+00
   557.7000       6.66666667E-01       2.00000000E+00       4.00000000E+00
   557.8000       6.66666667E-01       2.00000000E+00       4.00000000E+00
   557.9000       6.66666667E-01       2.00000000E+00       4.00000000E+00
   558.0000       6.66666667E-01       2.00000000E+00       4.00000000E+00
   558.1000       6.66666667E-01       2.00000000E+00       4.00000000E+00
   558.2000       6.66666667E-01       2.00000000E+00       4.00000000E+00
   558.3000       6.66666667E-01       2.00000000E+00       4.00000000E+00
   558.4000       6.66666667E-01       2.00000000E+00       4.00000000E+00
   558.5000       6.66666667E-01       2.00000000E+00       4.00000000E+00
   558.6000       6.66666667E-01       2.00000000E+00       4.00000000E+00
   558.7000       6.66666667E-01       2.00000000E+00       4.00000000E+00
   558.8000       6.66666667E-01       2.00000000E+00       4.00000000E+00
   558.9000       6.66666667E-01       2.00000000E+00       4.00000000E+00
   559.0000       6.66666667E-01       2.00000000E+00       4.00000000E+00
   559.1000       6.66666667E-01       2.00000000E+00       4.00000000E+00
   559.2000       6.66666667E-01       2.00000000E+00       4.00000000E+00
   559.3000       6.66666667E-01       2.00000000E+00       4.00000000E+00
   559.4000       6.66666667E-01       2.00000000E+00       4.00000000E+00
   559.5000       6.66666667E-01       2.00000000E+00       4.00000000E+00
   559.6000       6.66666667E-01       2.00000000E+00       4.00000000E+00
   559.7000       6.66666667E-01       2.00000000E+00       4.00000000E+00
   559.8000       6.66666667E-01       2.00000000E+00       4.00000000E+00
   559.9000       6.66666667E-01       2.00000000E+00       4.00000000E+00
   560.0000       6.66666667E-01       2.00000000E+00       4.00000000E+00
   560.1000       6.66666667E-01       2.00000000E+00       4.00000000E+00
   560.2000       6.66666667E-01       2.00000000E+00       4.00000000E+00
   560.3000       6.66666667E-01       2.00000000E+00       4.00000000E+00
   560.4000       6.66666667E-01       2.00000000E+00       4.00000000E+00
   560.5000       6.66666667E-01       2.00000000E+00       4.00000000E+00
   560.6000       6.66666667E-01       2.00000000E+00       4.00000000E+00
   560.7000       6.66666667E-01       2.00000000E+00       4.00000000E+00
   560.8000       6.66666667E-01       2.00000000E+00       4.00000000E+00
   560.9000       6.66666667E-01       2.00000000E+00       4.00000000E+00
   561.0000       6.66666667E-01       2.00000000E+00       4.00000000E+00
   561.1000       6.66666667E-01       2.00000000E+00       4.00000000E+00
   561.2000       6.66666667E-01       2.00000000E+00       4.00000000E+00
   561.3000       6.66666667E-01       2.00000000E+00       4.00000000E+00
   561.4000       6.66666667E-01       2.00000000E+00       4.00000000E+00
   561.5000       6.66666667E-01       2.00000000E+00       4.00000000E+00
   561.6000       6.66666667E-01       2.00000000E+00       4.00000000E+00
   561.7000       6.66666667E-01       2.00000000E+00       4.00000000E+00
   561.8000       6.66666667E-01       2.00000000E+00       4.00000000E+00
   561.9000       6.66666667E-01       2.00000000E+00       4.00000000E+00
   562.0000       6.66666667E-01       2.00000000E+00       4.00000000E+00
   562.1000       6.66666667E-01       2.00000000E+00       4.00000000E+00
   562.2000       6.66666667E-01       2.00000000E+00       4.00000000E+00
   562.3000       6.66666667E-01       2.00000000E+00       4.00000000E+00
   562.4000       6.66666667E-01       2.00000000E+00       4.00000000E+00
   562.5000       6.66666667E-01       2.00000000E+00       4.00000000E+00
   562.6000       6.66666667E-01       2.00000000E+00       4.00000000E+00
   562.7000       6.66666667E-01       2.00000000E+00       4.00000000E+00
   562.8000       6.66666667E-01       2.00000000E+00       4.00000000E+00
   562.9000       6.66666667E-01       2.00000000E+00       4.00000000E+00
   563.0000       6.66666667E-01       2.00000000E+00       4.00000000E+00
   563.1000       6.66666667E-01       2.00000000E+00       4.00000000E+00
   563.2000       6.66666667E-01       2.00000000E+00       4.00000000E+00
   563.3000       6.66666667E-01       2.00000000E+00       4.00000000E+00
   563.4000       6.66666667E-01       2.00000000E+00       4.00000000E+00
   563.5000       6.66666667E-01       2.00000000E+00       4.00000000E+00
   563.6000       6.66666667E-01       2.00000000E+00       4.00000000E+00
   563.7000       6.66666667E-01       2.00000000E+00       4.00000000E+00
   563.8000       6.66666667E-01       2.00000000E+00       4.00000000E+00
   563.9000       6.66666667E-01       2.00000000E+00       4.00000000E+00
   564.0000       6.66666667E-01       2.00000000E+00       4.00000000E+00
   564.1000       6.66666667E-01       2.00000000E+00       4.00000000E+00
   564.2000       6.66666667E-01       2.00000000E+00       4.00000000E+00
   564.3000       6.66666667E-01       2.00000000E+00       4.00000000E+00
   564.4000       6.66666667E-01       2.00000000E+00       4.00000000E+00
   564.5000       6.66666667E-01       2.00000000E+00       4.00000000E+00
   564.6000       6.66666667E-01       2.00000000E+00       4.00000000E+00
   564.7000       6.66666667E-01       2.00000000E+00       4.00000000E+00
   564.8000       6.66666667E-01       2.00000000E+00       4.00000000E+00
   564.9000       6.66666667E-01       2.00000000E+00       4.00000000E+00
   565.0000       6.66666667E-01       2.00000000E+00       4.00000000E+00
   565.1000       6.66666667E-01       2.00000000E+00       4.00000000E+00
   565.2000       6.66666667E-01       2.00000000E+00       4.00000000E+00
   565.3000       6.66666667E-01       2.00000000E+00       4.00000000E+00
   565.4000       6.66666667E-01       2.00000000E+00       4.00000000E+00
   565.5000       6.66666667E-01       2.00000000E+00       4.00000000E+00
   565.6000       6.66666667E-01       2.00000000E+00       4.00000000E+00
   565.7000       6.66666667E-01       2.00000000E+00       4.00000000E+00
   565.8000       6.66666667E-01       2.00000000E+00       4.00000000E+00
   565.9000       6.66666667E-01       2.00000000E+00       4.00000000E+00
   566.0000       6.66666667E-01       2.00000000E+00       4.00000000E+00
   566.1000       6.66666667E-01       2.00000000E+00       4.00000000E+00
   566.2000       6.66666667E-01       2.00000000E+00       4.00000000E+00
   566.3000       6.66666667E-01       2.00000000E+00       4.00000000E+00
   566.4000       6.66666667E-01       2.00000000E+00       4.00000000E+00
   566.5000       6.66666667E-01       2.00000000E+00       4.00000000E+00
   566.6000       6.66666667E-01       2.00000000E+00       4.00000000E+00
   566.7000       6.66666667E-01       2.00000000E+00       4.00000000E+00
   566.8000       6.66666667E-01       2.00000000E+00       4.00000000E+00
   566.9000       6.66666667E-01       2.00000000E+00       4.00000000E+00
   567.0000       6.66666667E-01       2.00000000E+00       4.00000000E+00
   567.1000       6.66666667E-01       2.00000000E+00       4.00000000E+00
   567.2000       6.66666667E-01       2.00000000E+00       4.00000000E+00
   567.3000       6.66666667E-01       2.00000000E+00       4.00000000E+00
   567.4000       6.66666667E-01       2.00000000E+00       4.00000000E+00
   567.5000       6.66666667E-01       2.00000000E+00       4.00000000E+00
   567.6000       6.66666667E-01       2.00000000E+00       4.00000000E+00
   567.7000       6.66666667E-01       2.00000000E+00       4.00000000E+00
   567.8000       6.66666667E-01       2.00000000E+00       4.00000000E+00
   567.9000       6.66666667E-01       2.00000000E+00       4.00000000E+00
   568.0000       6.66666667E-01       2.00000000E+00       4.00000000E+00
   568.1000       6.66666667E-01       2.00000000E+00       4.00000000E+00
   568.2000       5.71428571E-01       2.00000000E+00       4.00000000E+00
   568.3000       5.71428571E-01       2.00000000E+00       4.00000000E+00
   568.4000       5.71428571E-01       2.00000000E+00       4.00000000E+00
   568.5000       5.71428571E-01       2.00000000E+00       4.00000000E+00
   568.6000       5.71428571E-01       2.00000000E+00       4.00000000E+00
   568.7000       5.71428571E-01       2.00000000E+00       4.00000000E+00
   568.8000       5.71428571E-01       2.00000000E+00       4.00000000E+00
   568.9000       5.71428571E-01       2.00000000E+00       4.00000000E+00
   569.0000       5.71428571E-01       2.00000000E+00       4.00000000E+00
   569.1000       5.71428571E-01       2.00000000E+00       4.00000000E+00
   569.2000       5.71428571E-01       2.00000000E+00       4.00000000E+00
   569.3000       5.71428571E-01       2.00000000E+00       4.00000000E+00
   569.4000       5.71428571E-01       2.00000000E+00       4.00000000E+00
   569.5000       5.71428571E-01       2.00000000E+00       4.00000000E+00
   569.6000       5.71428571E-01       2.00000000E+00       4.00000000E+00
   569.7000       5.71428571E-01       2.00000000E+00       4.00000000E+00
   569.8000       5.71428571E-01       2.00000000E+00       4.00000000E+00
   569.9000       5.71428571E-01       2.00000000E+00       4.00000000E+00
   570.0000       5.71428571E-01       2.00000000E+00       4.00000000E+00
   570.1000       5.71428571E-01       2.00000000E+00       4.00000000E+00
   570.2000       5.71428571E-01       2.00000000E+00       4.00000000E+00
   570.3000       5.71428571E-01       2.00000000E+00       4.00000000E+00
   570.4000       5.71428571E-01       2.00000000E+00       4.00000000E+00
   570.5000       5.71428571E-01       2.00000000E+00       4.00000000E+00
   570.6000       5.71428571E-01       2.00000000E+00       4.00000000E+00
   570.7000       5.71428571E-01       2.00000000E+00       4.00000000E+00
   570.8000       5.71428571E-01       2.00000000E+00       4.00000000E+00
   570.9000       5.71428571E-01       2.00000000E+00       4.00000000E+00
   571.0000       5.71428571E-01       2.00000000E+00       4.00000000E+00
   571.1000       5.71428571E-01       2.00000000E+00       4.00000000E+00
   571.2000       5.71428571E-01       2.00000000E+00       4.00000000E+00
   571.3000       5.71428571E-01       2.00000000E+00       4.00000000E+00
   571.4000       5.71428571E-01       2.00000000E+00       4.00000000E+00
   571.5000       5.71428571E-01       2.00000000E+00       4.00000000E+00
   571.6000       5.71428571E-01       2.00000000E+00       4.00000000E+00
   571.7000       5.71428571E-01       2.00000000E+00       4.00000000E+00
   571.8000       5.71428571E-01       2.00000000E+00       4.00000000E+00
   571.9000       5.71428571E-01       2.00000000E+00       4.00000000E+00
   572.0000       5.71428571E-01       2.00000000E+00       4.00000000E+00
   572.1000       5.71428571E-01       2.00000000E+00       4.00000000E+00
   572.2000       5.71428571E-01       2.00000000E+00       4.00000000E+00
   572.3000       5.71428571E-01       2.00000000E+00       4.00000000E+00
   572.4000       5.71428571E-01       2.00000000E+00       4.00000000E+00
   572.5000       6.66666667E-01       2.00000000E+00       4.00000000E+00
   572.6000       6.66666667E-01       2.00000000E+00       4.00000000E+00
   572.7000       6.66666667E-01       2.00000000E+00       4.00000000E+00
   572.8000       6.66666667E-01       2.00000000E+00       4.00000000E+00
   572.9000       6.66666667E-01       2.00000000E+00       4.00000000E+00
   573.0000       6.66666667E-01       2.00000000E+00       4.00000000E+00
   573.1000       6.66666667E-01       2.00000000E+00       4.00000000E+00
   573.2000       6.66666667E-01       2.00000000E+00       4.00000000E+00
   573.3000       6.66666667E-01       2.00000000E+00       4.00000000E+00
   573.4000       6.66666667E-01       2.00000000E+00       4.00000000E+00
   573.5000       6.66666667E-01       2.00000000E+00       4.00000000E+00
   573.6000       6.66666667E-01       2.00000000E+00       4.00000000E+00
   573.7000       6.66666667E-01       2.00000000E+00       4.00000000E+00
   573.8000       6.66666667E-01       2.00000000E+00       4.00000000E+00
   573.9000       6.66666667E-01       2.00000000E+00       4.00000000E+00
   574.0000       6.66666667E-01       2.00000000E+00       4.00000000E+00
   574.1000       6.66666667E-01       2.00000000E+00       4.00000000E+00
   574.2000       6.66666667E-01       2.00000000E+00       4.00000000E+00
   574.3000       6.66666667E-01       2.00000000E+00       4.00000000E+00
   574.4000       2.85714286E-01       2.00000000E+00       4.00000000E+00
   574.5000       2.85714286E-01       2.00000000E+00       4.00000000E+00
   574.6000       2.85714286E-01       2.00000000E+00       4.00000000E+00
   574.7000       2.85714286E-01       2.00000000E+00       4.00000000E+00
   574.8000       2.85714286E-01       2.00000000E+00       4.00000000E+00
   574.9000       2.85714286E-01       2.00000000E+00       4.00000000E+00
   575.0000       2.85714286E-01       2.00000000E+00       4.00000000E+00
   575.1000       2.85714286E-01       2.00000000E+00       4.00000000E+00
   575.2000       2.85714286E-01       2.00000000E+00       4.00000000E+00
   575.3000       2.85714286E-01       2.00000000E+00       4.00000000E+00
   575.4000       2.85714286E-01       2.00000000E+00       4.00000000E+00
   575.5000       2.85714286E-01       2.00000000E+00       4.00000000E+00
   575.6000       2.85714286E-01       2.00000000E+00       4.00000000E+00
   575.7000       2.85714286E-01       2.00000000E+00       4.00000000E+00
   575.8000       2.85714286E-01       2.00000000E+00       4.00000000E+00
   575.9000       2.85714286E-01       2.00000000E+00       4.00000000E+00
   576.0000       2.85714286E-01       2.00000000E+00       4.00000000E+00
   576.1000       2.85714286E-01       2.00000000E+00       4.00000000E+00
   576.2000       2.85714286E-01       2.00000000E+00       4.00000000E+00
   576.3000       2.85714286E-01       2.00000000E+00       4.00000000E+00
   576.4000       2.85714286E-01       2.00000000E+00       4.00000000E+00
   576.5000       2.85714286E-01       2.00000000E+00       4.00000000E+00
   576.6000       2.85714286E-01       2.00000000E+00       4.00000000E+00
   576.7000       2.85714286E-01       2.00000000E+00       4.00000000E+00
   576.8000       2.85714286E-01       2.00000000E+00       4.00000000E+00
   576.9000       2.85714286E-01       2.00000000E+00       4.00000000E+00
   577.0000       2.85714286E-01       2.00000000E+00       4.00000000E+00
   577.1000       2.85714286E-01       2.00000000E+00       4.00000000E+00
   577.2000       2.85714286E-01       2.00000000E+00       4.00000000E+00
   577.3000       2.85714286E-01       2.00000000E+00       4.00000000E+00
   577.4000       2.85714286E-01       2.00000000E+00       4.00000000E+00
   577.5000       2.85714286E-01       2.00000000E+00       4.00000000E+00
   577.6000       2.85714286E-01       2.00000000E+00       4.00000000E+00
   577.7000       2.85714286E-01       2.00000000E+00       4.00000000E+00
   577.8000       2.85714286E-01       2.00000000E+00       4.00000000E+00
   577.9000       2.85714286E-01       2.00000000E+00       4.00000000E+00
   578.0000       2.85714286E-01       2.00000000E+00       4.00000000E+00
   578.1000       2.85714286E-01       2.00000000E+00       4.00000000E+00
   578.2000       2.85714286E-01       2.00000000E+00       4.00000000E+00
   578.3000       2.85714286E-01       2.00000000E+00       4.00000000E+00
   578.4000       2.85714286E-01       2.00000000E+00       4.00000000E+00
   578.5000       2.85714286E-01       2.00000000E+00       4.00000000E+00
   578.6000       2.85714286E-01       2.00000000E+00       4.00000000E+00
   578.7000       2.85714286E-01       2.00000000E+00       4.00000000E+00
   578.8000       2.85714286E-01       2.00000000E+00       4.00000000E+00
   578.9000       2.85714286E-01       2.00000000E+00       4.00000000E+00
   579.0000       2.85714286E-01       2.00000000E+00       4.00000000E+00
   579.1000       2.85714286E-01       2.00000000E+00       4.00000000E+00
   579.2000       2.85714286E-01       2.00000000E+00       4.00000000E+00
   579.3000       2.85714286E-01       2.00000000E+00       4.00000000E+00
   579.4000       2.85714286E-01       2.00000000E+00       4.00000000E+00
   579.5000       2.85714286E-01       2.00000000E+00       4.00000000E+00
   579.6000       2.85714286E-01       2.00000000E+00       4.00000000E+00
   579.7000       2.85714286E-01       2.00000000E+00       4.00000000E+00
   579.8000       2.85714286E-01       2.00000000E+00       4.00000000E+00
   579.9000       2.85714286E-01       2.00000000E+00       4.00000000E+00
   580.0000       2.85714286E-01       2.00000000E+00       4.00000000E+00
   580.1000       2.85714286E-01       2.00000000E+00       4.00000000E+00
   580.2000       2.85714286E-01       2.00000000E+00       4.00000000E+00
   580.3000       2.85714286E-01       2.00000000E+00       4.00000000E+00
   580.4000       2.85714286E-01       2.00000000E+00       4.00000000E+00
   580.5000       2.85714286E-01       2.00000000E+00       4.00000000E+00
   580.6000       2.85714286E-01       2.00000000E+00       4.00000000E+00
   580.7000       2.85714286E-01       2.00000000E+00       4.00000000E+00
   580.8000       2.85714286E-01       2.00000000E+00       4.00000000E+00
   580.9000       2.85714286E-01       2.00000000E+00       4.00000000E+00
   581.0000       2.85714286E-01       2.00000000E+00       4.00000000E+00
   581.1000       2.85714286E-01       2.00000000E+00       4.00000000E+00
   581.2000       2.85714286E-01       2.00000000E+00       4.00000000E+00
   581.3000       2.85714286E-01       2.00000000E+00       4.00000000E+00
   581.4000       2.85714286E-01       2.00000000E+00       4.00000000E+00
   581.5000       2.85714286E-01       2.00000000E+00       4.00000000E+00
   581.6000       2.85714286E-01       2.00000000E+00       4.00000000E+00
   581.7000       2.85714286E-01       2.00000000E+00       4.00000000E+00
   581.8000       2.85714286E-01       2.00000000E+00       4.00000000E+00
   581.9000       2.85714286E-01       2.00000000E+00       4.00000000E+00
   582.0000       2.85714286E-01       2.00000000E+00       4.00000000E+00
   582.1000       2.85714286E-01       2.00000000E+00       4.00000000E+00
   582.2000       2.85714286E-01       2.00000000E+00       4.00000000E+00
   582.3000       2.85714286E-01       2.00000000E+00       4.00000000E+00
   582.4000       2.85714286E-01       2.00000000E+00       4.00000000E+00
   582.5000       2.85714286E-01       2.00000000E+00       4.00000000E+00
   582.6000       2.85714286E-01       2.00000000E+00       4.00000000E+00
   582.7000       2.85714286E-01       2.00000000E+00       4.00000000E+00
   582.8000       2.85714286E-01       2.00000000E+00       4.00000000E+00
   582.9000       2.85714286E-01       2.00000000E+00       4.00000000E+00
   583.0000       2.85714286E-01       2.00000000E+00       4.00000000E+00
   583.1000       2.85714286E-01       2.00000000E+00       4.00000000E+00
   583.2000       2.85714286E-01       2.00000000E+00       4.00000000E+00
   583.3000       2.85714286E-01       2.00000000E+00       4.00000000E+00
   583.4000       2.85714286E-01       2.00000000E+00       4.00000000E+00
   583.5000       2.85714286E-01       2.00000000E+00       4.00000000E+00
   583.6000       2.85714286E-01       2.00000000E+00       4.00000000E+00
   583.7000       2.85714286E-01       2.00000000E+00       4.00000000E+00
   583.8000       2.85714286E-01       2.00000000E+00       4.00000000E+00
   583.9000       2.85714286E-01       2.00000000E+00       4.00000000E+00
   584.0000       2.85714286E-01       2.00000000E+00       4.00000000E+00
   584.1000       2.85714286E-01       2.00000000E+00       4.00000000E+00
   584.2000       2.85714286E-01       2.00000000E+00       4.00000000E+00
   584.3000       2.85714286E-01       2.00000000E+00       4.00000000E+00
   584.4000       2.85714286E-01       2.00000000E+00       4.00000000E+00
   584.5000       2.85714286E-01       2.00000000E+00       4.00000000E+00
   584.6000       2.85714286E-01       2.00000000E+00       4.00000000E+00
   584.7000       2.85714286E-01       2.00000000E+00       4.00000000E+00
   584.8000       2.85714286E-01       2.00000000E+00       4.00000000E+00
   584.9000       2.85714286E-01       2.00000000E+00       4.00000000E+00
   585.0000       2.85714286E-01       2.00000000E+00       4.00000000E+00
   585.1000       2.85714286E-01       2.00000000E+00       4.00000000E+00
   585.2000       2.85714286E-01       2.00000000E+00       4.00000000E+00
   585.3000       2.85714286E-01       2.00000000E+00       4.00000000E+00
   585.4000       2.85714286E-01       2.00000000E+00       4.00000000E+00
   585.5000       2.85714286E-01       2.00000000E+00       4.00000000E+00
   585.6000       2.85714286E-01       2.00000000E+00       4.00000000E+00
   585.7000       2.85714286E-01       2.00000000E+00       4.00000000E+00
   585.8000       2.85714286E-01       2.00000000E+00       4.00000000E+00
   585.9000       2.85714286E-01       2.00000000E+00       4.00000000E+00
   586.0000       2.85714286E-01       2.00000000E+00       4.00000000E+00
   586.1000       2.85714286E-01       2.00000000E+00       4.00000000E+00
   586.2000       2.85714286E-01       2.00000000E+00       4.00000000E+00
   586.3000       2.85714286E-01       2.00000000E+00       4.00000000E+00
   586.4000       2.85714286E-01       2.00000000E+00       4.00000000E+00
   586.5000       2.85714286E-01       2.00000000E+00       4.00000000E+00
   586.6000       2.85714286E-01       2.00000000E+00       4.00000000E+00
   586.7000       2.85714286E-01       2.00000000E+00       4.00000000E+00
   586.8000       2.85714286E-01       2.00000000E+00       4.00000000E+00
   586.9000       2.85714286E-01       2.00000000E+00       4.00000000E+00
   587.0000       2.85714286E-01       2.00000000E+00       4.00000000E+00
   587.1000       2.85714286E-01       2.00000000E+00       4.00000000E+00
   587.2000       2.85714286E-01       2.00000000E+00       4.00000000E+00
   587.3000       2.85714286E-01       2.00000000E+00       4.00000000E+00
   587.4000       2.85714286E-01       2.00000000E+00       4.00000000E+00
   587.5000       2.85714286E-01       2.00000000E+00       4.00000000E+00
   587.6000       2.85714286E-01       2.00000000E+00       4.00000000E+00
   587.7000       2.85714286E-01       2.00000000E+00       4.00000000E+00
   587.8000       2.85714286E-01       2.00000000E+00       4.00000000E+00
   587.9000       2.85714286E-01       2.00000000E+00       4.00000000E+00
   588.0000       2.85714286E-01       2.00000000E+00       4.00000000E+00
   588.1000       2.85714286E-01       2.00000000E+00       4.00000000E+00
   588.2000       2.85714286E-01       2.00000000E+00       4.00000000E+00
   588.3000       2.85714286E-01       2.00000000E+00       4.00000000E+00
   588.4000       2.85714286E-01       2.00000000E+00       4.00000000E+00
   588.5000       2.85714286E-01       2.00000000E+00       4.00000000E+00
   588.6000       2.85714286E-01       2.00000000E+00       4.00000000E+00
   588.7000       2.85714286E-01       2.00000000E+00       4.00000000E+00
   588.8000       2.85714286E-01       2.00000000E+00       4.00000000E+00
   588.9000       2.85714286E-01       2.00000000E+00       4.00000000E+00
   589.0000       2.85714286E-01       2.00000000E+00       4.00000000E+00
   589.1000       2.85714286E-01       2.00000000E+00       4.00000000E+00
   589.2000       2.85714286E-01       2.00000000E+00       4.00000000E+00
   589.3000       2.85714286E-01       2.00000000E+00       4.00000000E+00
   589.4000       2.85714286E-01       2.00000000E+00       4.00000000E+00
   589.5000       2.85714286E-01       2.00000000E+00       4.00000000E+00
   589.6000       2.85714286E-01       2.00000000E+00       4.00000000E+00
   589.7000       2.85714286E-01       2.00000000E+00       4.00000000E+00
   589.8000       2.85714286E-01       2.00000000E+00       4.00000000E+00
   589.9000       2.85714286E-01       2.00000000E+00       4.00000000E+00
   590.0000       2.85714286E-01       2.00000000E+00       4.00000000E+00
   590.1000       2.85714286E-01       2.00000000E+00       4.00000000E+00
   590.2000       2.85714286E-01       2.00000000E+00       4.00000000E+00
   590.3000       2.85714286E-01       2.00000000E+00       4.00000000E+00
   590.4000       2.85714286E-01       2.00000000E+00       4.00000000E+00
   590.5000       2.85714286E-01       2.00000000E+00       4.00000000E+00
   590.6000       2.85714286E-01       2.00000000E+00       4.00000000E+00
   590.7000       2.85714286E-01       2.00000000E+00       4.00000000E+00
   590.8000       2.85714286E-01       2.00000000E+00       4.00000000E+00
   590.9000       2.85714286E-01       2.00000000E+00       4.00000000E+00
   591.0000       2.85714286E-01       2.00000000E+00       4.00000000E+00
   591.1000       2.85714286E-01       2.00000000E+00       4.00000000E+00
   591.2000       2.85714286E-01       2.00000000E+00       4.00000000E+00
   591.3000       2.85714286E-01       2.00000000E+00       4.00000000E+00
   591.4000       2.85714286E-01       2.00000000E+00       4.00000000E+00
   591.5000       2.85714286E-01       2.00000000E+00       4.00000000E+00
   591.6000       2.85714286E-01       2.00000000E+00       4.00000000E+00
   591.7000       2.85714286E-01       2.00000000E+00       4.00000000E+00
   591.8000       2.85714286E-01       2.00000000E+00       4.00000000E+00
   591.9000       2.85714286E-01       2.00000000E+00       4.00000000E+00
   592.0000       2.85714286E-01       2.00000000E+00       4.00000000E+00
   592.1000       2.85714286E-01       2.00000000E+00       4.00000000E+00
   592.2000       2.85714286E-01       2.00000000E+00       4.00000000E+00
   592.3000       2.85714286E-01       2.00000000E+00       4.00000000E+00
   592.4000       2.85714286E-01       2.00000000E+00       4.00000000E+00
   592.5000       2.85714286E-01       2.00000000E+00       4.00000000E+00
   592.6000       2.85714286E-01       2.00000000E+00       4.00000000E+00
   592.7000       2.85714286E-01       2.00000000E+00       4.00000000E+00
   592.8000       2.85714286E-01       2.00000000E+00       4.00000000E+00
   592.9000       2.85714286E-01       2.00000000E+00       4.00000000E+00
   593.0000       2.85714286E-01       2.00000000E+00       4.00000000E+00
   593.1000       2.85714286E-01       2.00000000E+00       4.00000000E+00
   593.2000       2.85714286E-01       2.00000000E+00       4.00000000E+00
   593.3000       2.85714286E-01       2.00000000E+00       4.00000000E+00
   593.4000       2.85714286E-01       2.00000000E+00       4.00000000E+00
   593.5000       2.85714286E-01       2.00000000E+00       4.00000000E+00
   593.6000       2.85714286E-01       2.00000000E+00       4.00000000E+00
   593.7000       2.85714286E-01       2.00000000E+00       4.00000000E+00
   593.8000       2.85714286E-01       2.00000000E+00       4.00000000E+00
   593.9000       2.85714286E-01       2.00000000E+00       4.00000000E+00
   594.0000       2.85714286E-01       2.00000000E+00       4.00000000E+00
   594.1000       2.85714286E-01       2.00000000E+00       4.00000000E+00
   594.2000       2.85714286E-01       2.00000000E+00       4.00000000E+00
   594.3000       2.85714286E-01       2.00000000E+00       4.00000000E+00
   594.4000       2.85714286E-01       2.00000000E+00       4.00000000E+00
   594.5000       2.85714286E-01       2.00000000E+00       4.00000000E+00
   594.6000       2.85714286E-01       2.00000000E+00       4.00000000E+00
   594.7000       2.85714286E-01       2.00000000E+00       4.00000000E+00
   594.8000       3.07692308E-01       2.00000000E+00       4.00000000E+00
   594.9000       3.07692308E-01       2.00000000E+00       4.00000000E+00
   595.0000       3.07692308E-01       2.00000000E+00       4.00000000E+00
   595.1000       3.07692308E-01       2.00000000E+00       4.00000000E+00
   595.2000       3.07692308E-01       2.00000000E+00       4.00000000E+00
   595.3000       3.07692308E-01       2.00000000E+00       4.00000000E+00
   595.4000       3.07692308E-01       2.00000000E+00       4.00000000E+00
   595.5000       3.07692308E-01       2.00000000E+00       4.00000000E+00
   595.6000       3.07692308E-01       2.00000000E+00       4.00000000E+00
   595.7000       3.07692308E-01       2.00000000E+00       4.00000000E+00
   595.8000       3.07692308E-01       2.00000000E+00       4.00000000E+00
   595.9000       3.07692308E-01       2.00000000E+00       4.00000000E+00
   596.0000       3.07692308E-01       2.00000000E+00       4.00000000E+00
   596.1000       3.07692308E-01       2.00000000E+00       4.00000000E+00
   596.2000       3.07692308E-01       2.00000000E+00       4.00000000E+00
   596.3000       3.07692308E-01       2.00000000E+00       4.00000000E+00
   596.4000       3.07692308E-01       2.00000000E+00       4.00000000E+00
   596.5000       3.07692308E-01       2.00000000E+00       4.00000000E+00
   596.6000       3.07692308E-01       2.00000000E+00       4.00000000E+00
   596.7000       3.07692308E-01       2.00000000E+00       4.00000000E+00
   596.8000       3.07692308E-01       2.00000000E+00       4.00000000E+00
   596.9000       3.07692308E-01       2.00000000E+00       4.00000000E+00
   597.0000       3.07692308E-01       2.00000000E+00       4.00000000E+00
   597.1000       3.07692308E-01       2.00000000E+00       4.00000000E+00
   597.2000       3.07692308E-01       2.00000000E+00       4.00000000E+00
   597.3000       3.07692308E-01       2.00000000E+00       4.00000000E+00
   597.4000       3.07692308E-01       2.00000000E+00       4.00000000E+00
   597.5000       3.07692308E-01       2.00000000E+00       4.00000000E+00
   597.6000       3.07692308E-01       2.00000000E+00       4.00000000E+00
   597.7000       3.07692308E-01       2.00000000E+00       4.00000000E+00
   597.8000       3.07692308E-01       2.00000000E+00       4.00000000E+00
   597.9000       3.07692308E-01       2.00000000E+00       4.00000000E+00
   598.0000       3.07692308E-01       2.00000000E+00       4.00000000E+00
   598.1000       3.07692308E-01       2.00000000E+00       4.00000000E+00
   598.2000       3.07692308E-01       2.00000000E+00       4.00000000E+00
   598.3000       3.07692308E-01       2.00000000E+00       4.00000000E+00
   598.4000       3.07692308E-01       2.00000000E+00       4.00000000E+00
   598.5000       3.07692308E-01       2.00000000E+00       4.00000000E+00
   598.6000       3.07692308E-01       2.00000000E+00       4.00000000E+00
   598.7000       3.07692308E-01       2.00000000E+00       4.00000000E+00
   598.8000       3.07692308E-01       2.00000000E+00       4.00000000E+00
   598.9000       3.07692308E-01       2.00000000E+00       4.00000000E+00
   599.0000       3.07692308E-01       2.00000000E+00       4.00000000E+00
   599.1000       3.07692308E-01       2.00000000E+00       4.00000000E+00
   599.2000       3.07692308E-01       2.00000000E+00       4.00000000E+00
   599.3000       3.07692308E-01       2.00000000E+00       4.00000000E+00
   599.4000       3.07692308E-01       2.00000000E+00       4.00000000E+00
   599.5000       3.07692308E-01       2.00000000E+00       4.00000000E+00
   599.6000       3.07692308E-01       2.00000000E+00       4.00000000E+00
   599.7000       3.07692308E-01       2.00000000E+00       4.00000000E+00
   599.8000       3.07692308E-01       2.00000000E+00       4.00000000E+00
   599.9000       3.07692308E-01       2.00000000E+00       4.00000000E+00
   600.0000       3.07692308E-01       2.00000000E+00       4.00000000E+00
